=== SHADOW_ROWS ===
id|ticker|alert_date|signal_type|status|skip_reason|orb_high|orb_low|atr_14|entry_price|stop_price|hard_stop|risk_dollars|entry_shares|remaining_shares|partial_taken|total_pnl|hold_days|created_at|closed_at|quarantined|was_replayed|exits_json
3|BE|2026-04-29|magna53|no_entry||290.5|276.55000000000001136868377216160297393798828125|||||||0|f|||2026-04-29 14:00:08.383148+00||f|f|[]
4|CNC|2026-04-29|9m_day2|gate_blocked|setup:stop_too_wide: stop distance 16.2% > 15%|52.75|50.39999999999999857891452847979962825775146484375|||||||0|f|||2026-04-29 14:00:08.717476+00||f|f|[]
1|KALV|2026-04-29|magna53|no_entry||26.760000000000001563194018672220408916473388671875|26.690000000000001278976924368180334568023681640625|||||||0|f|||2026-04-29 14:00:08.368315+00||f|f|[]
5|NXPI|2026-04-29|magna53|gate_blocked|setup:stop_too_wide: ORB range $6.93 (2.5%) > 1.5x ATR $6.11|285|278.06999999999999317878973670303821563720703125|||||||0|f|||2026-04-29 14:00:08.384289+00||f|f|[]
2|RSI|2026-04-29|magna53|no_entry||29|26.6099999999999994315658113919198513031005859375|||||||0|f|||2026-04-29 14:00:08.373172+00||f|f|[]
6|STX|2026-04-29|magna53|gate_blocked|setup:stop_too_wide: ORB range $31.70 (4.8%) > 1.5x ATR $17.44|693.700000000000045474735088646411895751953125|662|||||||0|f|||2026-04-29 14:00:08.718899+00||f|f|[]
11|BAND|2026-04-30|magna53|gate_blocked|setup:stop_too_wide: ORB range $4.50 (14.6%) > 1.5x ATR $1.30|35.371499999999997498889570124447345733642578125|30.875|||||||0|f|||2026-04-30 14:00:01.495705+00||f|f|[]
12|FCEL|2026-04-30|9m_day2|no_entry||13.368700000000000471800376544706523418426513671875|12.5|||||||0|f|||2026-04-30 14:00:01.634257+00||f|f|[]
14|NXPI|2026-04-30|9m_day2|no_entry||289.55500000000000682121026329696178436279296875|282.08999999999997498889570124447345733642578125|||||||0|f|||2026-04-30 14:00:02.006471+00||f|f|[]
9|QCOM|2026-04-30|9m_day2|closed||172.05000000000001136868377216160297393798828125|164.69999999999998863131622783839702606201171875||172.05000000000001136868377216160297393798828125|172.05000000000001136868377216160297393798828125|151|968.299999999999954525264911353588104248046875|46|0|t|418.59999999999973852027324028313159942626953125|109|2026-04-30 14:00:01.478191+00|2026-08-17 20:50:00.054396+00|t|f|[{"pnl": 721.2799999999999, "time": "2026-05-08T16:00:00", "price": 219.09, "reason": "partial_profit", "shares": 15.333333333333334}, {"pnl": -302.6800000000001, "time": "2026-08-17T16:00:00", "price": 162.18, "reason": "sma_trail_stop", "shares": 30.666666666666664}]
13|RDAC|2026-04-30|9m_day2|gate_blocked|setup:stop_too_wide: stop distance 45.1% > 15%|11.660000000000000142108547152020037174224853515625|10.5|||||||0|f|||2026-04-30 14:00:02.005918+00||f|f|[]
7|SBUX|2026-04-30|9m_day2|no_entry||105.655000000000001136868377216160297393798828125|104.159999999999996589394868351519107818603515625|||||||0|f|||2026-04-30 14:00:01.478153+00||f|f|[]
10|TEVA|2026-04-30|9m_day2|no_entry||36.0150000000000005684341886080801486968994140625|35.4500000000000028421709430404007434844970703125|||||||0|f|||2026-04-30 14:00:01.480645+00||f|f|[]
8|TTMI|2026-04-30|magna53|no_entry||180|166.54009999999999536157702095806598663330078125|||||||0|f|||2026-04-30 14:00:01.478403+00||f|f|[]
16|CCC|2026-05-01|9m_day2|no_entry||5.55999999999999960920149533194489777088165283203125|5.20000000000000017763568394002504646778106689453125|||||||0|f|||2026-05-01 14:00:00.246887+00||f|f|[]
21|EGO|2026-05-01|9m_day2|no_entry||30.46000000000000085265128291212022304534912109375|29|||||||0|f|||2026-05-01 14:00:00.371292+00||f|f|[]
15|GOOGL|2026-05-01|9m_day2|closed||382.970000000000027284841053187847137451171875|379.05000000000001136868377216160297393798828125||382.970000000000027284841053187847137451171875|365.81999999999999317878973670303821563720703125|365.81999999999999317878973670303821563720703125|874.6499999999999772626324556767940521240234375|51|0|t|-279.99000000000143018041853792965412139892578125|108|2026-05-01 14:00:00.246887+00|2026-08-17 20:50:00.294132+00|t|f|[{"pnl": 303.10999999999973, "time": "2026-05-08T16:00:00", "price": 400.8, "reason": "partial_profit", "shares": 17.0}, {"pnl": -583.1000000000012, "time": "2026-08-17T16:00:00", "price": 365.82, "reason": "stop_hit", "shares": 34.0}]
18|LAC|2026-05-01|9m_day2|no_entry||5.75|5.589999999999999857891452847979962825775146484375|||||||0|f|||2026-05-01 14:00:00.249001+00||f|f|[]
20|MICC|2026-05-01|9m_day2|closed||14.9900000000000002131628207280300557613372802734375|14.5800000000000000710542735760100185871124267578125||14.9900000000000002131628207280300557613372802734375|14.9900000000000002131628207280300557613372802734375|14.1199999999999992184029906638897955417633056640625|979.6200000000000045474735088646411895751953125|1126|0|t|-225.200000000001210764821735210716724395751953125|7|2026-05-01 14:00:00.347003+00|2026-05-08 20:50:00.804117+00|t|f|[{"pnl": -75.06666666666706, "time": "2026-05-08T16:00:00", "price": 14.79, "reason": "partial_profit", "shares": 375.3333333333333}, {"pnl": -150.13333333333415, "time": "2026-05-08T16:00:00", "price": 14.79, "reason": "sma_trail_stop", "shares": 750.6666666666667}]
22|SKLZ|2026-05-01|9m_day2|gate_blocked|setup:stop_too_wide: stop distance 29.3% > 15%|7.95000000000000017763568394002504646778106689453125|7.53000000000000024868995751603506505489349365234375|||||||0|f|||2026-05-01 14:00:00.407156+00||f|f|[]
19|TEAM|2026-05-01|magna53|closed||86.5799999999999982946974341757595539093017578125|82.7900000000000062527760746888816356658935546875|2.854285714285714536941895858035422861576080322265625|86.5799999999999982946974341757595539093017578125|86.5799999999999982946974341757595539093017578125|82.7900000000000062527760746888816356658935546875|980.3700000000000045474735088646411895751953125|226|0|t|257.64000000000004320099833421409130096435546875|11|2026-05-01 14:00:00.290785+00|2026-08-18 05:06:06.101754+00|f|t|[{"pnl": 495.69333333333316, "time": "2026-05-04T16:00:00", "price": 93.16, "reason": "partial_profit", "shares": 75.33333333333333}, {"pnl": -238.05333333333311, "time": "2026-05-12T16:00:00", "price": 85.0, "reason": "sma_trail_stop", "shares": 150.66666666666669}]
17|TWLO|2026-05-01|magna53|no_entry||179.474999999999994315658113919198513031005859375|173.330000000000012505552149377763271331787109375|||||||0|f|||2026-05-01 14:00:00.247677+00||f|f|[]
23|ARDX|2026-05-04|9m_day2|no_entry||7.339999999999999857891452847979962825775146484375|7.04999999999999982236431605997495353221893310546875|||||||0|f|||2026-05-04 14:00:06.170115+00||f|f|[]
24|SOUN|2026-05-04|9m_day2|gate_blocked|setup:stop_too_wide: stop distance 18.3% > 15%|9.8599999999999994315658113919198513031005859375|9.4900000000000002131628207280300557613372802734375|||||||0|f|||2026-05-04 14:00:06.170083+00||f|f|[]
25|TEAM|2026-05-04|9m_day2|closed||91.7099999999999937472239253111183643341064453125|87.4599999999999937472239253111183643341064453125||91.7099999999999937472239253111183643341064453125|91.7099999999999937472239253111183643341064453125|82.0499999999999971578290569595992565155029296875|985.3200000000000500222085975110530853271484375|102|0|t|14.960000000000405862010666169226169586181640625|4|2026-05-04 14:00:06.170114+00|2026-08-18 05:06:06.354551+00|f|t|[{"pnl": 22.440000000000367, "time": "2026-05-07T16:00:00", "price": 92.37, "reason": "partial_profit", "shares": 34.0}, {"pnl": -7.479999999999961, "time": "2026-05-08T16:00:00", "price": 91.6, "reason": "sma_trail_stop", "shares": 68.0}]
27|CLNN|2026-05-05|9m_day2|no_entry||7.4199999999999999289457264239899814128875732421875|7.07000000000000028421709430404007434844970703125|||||||0|f|||2026-05-05 14:00:05.360803+00||f|f|[]
26|CRCL|2026-05-05|9m_day2|no_entry||121.400000000000005684341886080801486968994140625|118.18999999999999772626324556767940521240234375|||||||0|f|||2026-05-05 14:00:05.359647+00||f|f|[]
28|EVER|2026-05-05|magna53|gate_blocked|setup:stop_too_wide: ORB range $2.77 (15.3%) > 1.5x ATR $0.70|20.9200000000000017053025658242404460906982421875|18.14999999999999857891452847979962825775146484375|||||||0|f|||2026-05-05 14:00:05.361718+00||f|f|[]
29|FTRE|2026-05-05|magna53|gate_blocked|setup:stop_too_wide: ORB range $1.43 (10.2%) > 1.5x ATR $0.54|15.3900000000000005684341886080801486968994140625|13.96000000000000085265128291212022304534912109375|||||||0|f|||2026-05-05 14:00:05.362575+00||f|f|[]
30|STRL|2026-05-05|magna53|gate_blocked|setup:stop_too_wide: ORB range $66.80 (9.5%) > 1.5x ATR $20.33|770.8999999999999772626324556767940521240234375|704.1027000000000271029421128332614898681640625|||||||0|f|||2026-05-05 14:00:05.364026+00||f|f|[]
35|AMD|2026-05-06|magna53|closed||427|405.6299999999999954525264911353588104248046875|19.735114285714285387030031415633857250213623046875|427|405.6299999999999954525264911353588104248046875|405.6299999999999954525264911353588104248046875|981.049999999999954525264911353588104248046875|45|0|f|-961.6500000000002046363078989088535308837890625|1|2026-05-06 14:00:00.670375+00|2026-08-18 05:06:06.600513+00|f|t|[{"pnl": -961.6500000000002, "time": "2026-05-07T16:00:00", "price": 405.63, "reason": "stop_hit", "shares": 45.0}]
31|COMP|2026-05-06|magna53|no_entry||9.589999999999999857891452847979962825775146484375|9.25|||||||0|f|||2026-05-06 14:00:00.635554+00||f|f|[]
38|DOCN|2026-05-06|9m_day2|gate_blocked|setup:faded_from_orb: last $150.91 < threshold $151.71 (ratio=0.25, ORB H=$154.96 L=$150.63, faded 2.6%)|154.960000000000007958078640513122081756591796875|150.6299999999999954525264911353588104248046875|||||||0|f|||2026-05-06 14:00:01.832588+00||f|f|[]
36|FLEX|2026-05-06|magna53|gate_blocked|setup:stop_too_wide: ORB range $8.21 (6.9%) > 1.5x ATR $5.14|127.2099999999999937472239253111183643341064453125|119|||||||0|f|||2026-05-06 14:00:01.429583+00||f|f|[]
32|GEO|2026-05-06|magna53|no_entry||21.769999999999999573674358543939888477325439453125|20.03280000000000171667124959640204906463623046875|||||||0|f|||2026-05-06 14:00:00.638998+00||f|f|[]
34|POET|2026-05-06|9m_day2|gate_blocked|setup:faded_from_orb: last $9.28 < threshold $9.38 (ratio=0.25, ORB H=$9.94 L=$9.19, faded 6.6%)|9.9399999999999995026200849679298698902130126953125|9.1899999999999995026200849679298698902130126953125|||||||0|f|||2026-05-06 14:00:01.425029+00||f|f|[]
37|QCOM|2026-05-06|9m_day2|no_entry||197.5|193.8899999999999863575794734060764312744140625|||||||0|f|||2026-05-06 14:00:01.543536+00||f|f|[]
33|SMCI|2026-05-06|magna53|no_entry||33.60510000000000019326762412674725055694580078125|31.260000000000001563194018672220408916473388671875|||||||0|f|||2026-05-06 14:00:00.641584+00||f|f|[]
47|ARM|2026-05-07|9m_day2|gate_blocked|setup:faded_from_orb: last $220.53 < threshold $221.45 (ratio=0.25, ORB H=$231.81 L=$218.00, faded 4.9%)|231.81000000000000227373675443232059478759765625|218|||||||0|f|||2026-05-07 14:00:01.287462+00||f|f|[]
40|ARRY|2026-05-07|magna53|no_entry||9.25|8.8499999999999996447286321199499070644378662109375|||||||0|f|||2026-05-07 14:00:00.676281+00||f|f|[]
56|BRBR|2026-05-07|9m_day2|gate_blocked|setup:faded_from_orb: last $10.95 < threshold $10.96 (ratio=0.25, ORB H=$11.18 L=$10.88, faded 2.1%)|11.17999999999999971578290569595992565155029296875|10.8800000000000007815970093361102044582366943359375|||||||0|f|||2026-05-07 14:00:02.518795+00||f|f|[]
48|DOC|2026-05-07|9m_day2|no_entry||19.53999999999999914734871708787977695465087890625|19.1400000000000005684341886080801486968994140625|||||||0|f|||2026-05-07 14:00:01.287421+00||f|f|[]
52|FLEX|2026-05-07|9m_day2|closed||132.900000000000005684341886080801486968994140625|130.159999999999996589394868351519107818603515625||132.900000000000005684341886080801486968994140625|132.900000000000005684341886080801486968994140625|119|986.8999999999999772626324556767940521240234375|71|0|t|-205.900000000000403588273911736905574798583984375|102|2026-05-07 14:00:01.857242+00|2026-08-17 20:50:01.26177+00|t|f|[{"pnl": -68.63333333333347, "time": "2026-08-17T16:00:00", "price": 130.0, "reason": "partial_profit", "shares": 23.666666666666668}, {"pnl": -137.26666666666694, "time": "2026-08-17T16:00:00", "price": 130.0, "reason": "sma_trail_stop", "shares": 47.33333333333333}]
39|FLNC|2026-05-07|magna53|no_entry||20.285000000000000142108547152020037174224853515625|18.3599999999999994315658113919198513031005859375|||||||0|f|||2026-05-07 14:00:00.675939+00||f|f|[]
57|FLYW|2026-05-07|9m_day2|no_entry||17.85000000000000142108547152020037174224853515625|17.559999999999998721023075631819665431976318359375|||||||0|f|||2026-05-07 14:00:02.521142+00||f|f|[]
42|FTNT|2026-05-07|magna53|gate_blocked|setup:stop_too_wide: ORB range $6.25 (6.0%) > 1.5x ATR $4.23|110.7600000000000051159076974727213382720947265625|104.5100000000000051159076974727213382720947265625|||||||0|f|||2026-05-07 14:00:00.9126+00||f|f|[]
59|GDYN|2026-05-07|9m_day2|gate_blocked|setup:stop_too_wide: stop distance 17.5% > 15%|7.03000000000000024868995751603506505489349365234375|6.910000000000000142108547152020037174224853515625|||||||0|f|||2026-05-07 14:00:02.702238+00||f|f|[]
50|HUT|2026-05-07|9m_day2|no_entry||105.1050000000000039790393202565610408782958984375|99.099999999999994315658113919198513031005859375|||||||0|f|||2026-05-07 14:00:01.463554+00||f|f|[]
60|IMSR|2026-05-07|9m_day2|no_entry||8.480000000000000426325641456060111522674560546875|8.1500000000000003552713678800500929355621337890625|||||||0|f|||2026-05-07 14:00:02.702273+00||f|f|[]
44|JMIA|2026-05-07|magna53|gate_blocked|setup:stop_too_wide: ORB range $0.81 (9.3%) > 1.5x ATR $0.66|9.46000000000000085265128291212022304534912109375|8.653600000000000846966941026039421558380126953125|||||||0|f|||2026-05-07 14:00:00.949009+00||f|f|[]
41|MTSI|2026-05-07|magna53|no_entry||355|340|||||||0|f|||2026-05-07 14:00:00.706971+00||f|f|[]
55|NVAX|2026-05-07|9m_day2|no_entry||10.199999999999999289457264239899814128875732421875|9.6699999999999999289457264239899814128875732421875|||||||0|f|||2026-05-07 14:00:02.141779+00||f|f|[]
51|OSCR|2026-05-07|9m_day2|closed||20|19.230000000000000426325641456060111522674560546875||20|23.25099999999999766941982670687139034271240234375|18.1099999999999994315658113919198513031005859375|997.9199999999999590727384202182292938232421875|528|0|t|1105.28000000000020008883439004421234130859375|14|2026-05-07 14:00:01.857035+00|2026-08-18 05:06:06.843662+00|f|t|[{"pnl": 352.0, "time": "2026-05-11T16:00:00", "price": 22.0, "reason": "partial_profit", "shares": 176.0}, {"pnl": 753.2800000000002, "time": "2026-05-21T16:00:00", "price": 22.14, "reason": "sma_trail_stop", "shares": 352.0}]
53|OSS|2026-05-07|9m_day2|no_entry||16.949999999999999289457264239899814128875732421875|15.449999999999999289457264239899814128875732421875|||||||0|f|||2026-05-07 14:00:02.002739+00||f|f|[]
43|PCT|2026-05-07|magna53|no_entry||9.730000000000000426325641456060111522674560546875|9.12010000000000076170181273482739925384521484375|||||||0|f|||2026-05-07 14:00:00.912109+00||f|f|[]
49|SEZL|2026-05-07|magna53|gate_blocked|setup:stop_too_wide: ORB range $13.73 (14.5%) > 1.5x ATR $8.40|108.6099999999999994315658113919198513031005859375|94.8799999999999954525264911353588104248046875|||||||0|f|||2026-05-07 14:00:01.303462+00||f|f|[]
45|SITM|2026-05-07|magna53|no_entry||845|805|||||||0|f|||2026-05-07 14:00:01.153733+00||f|f|[]
46|SMCI|2026-05-07|9m_day2|no_entry||34.7000000000000028421709430404007434844970703125|33.32000000000000028421709430404007434844970703125|||||||0|f|||2026-05-07 14:00:01.155209+00||f|f|[]
54|WOLF|2026-05-07|9m_day2|gate_blocked|setup:stop_too_wide: stop distance 31.6% > 15%|46.7999999999999971578290569595992565155029296875|43.0114999999999980673237587325274944305419921875|||||||0|f|||2026-05-07 14:00:02.141599+00||f|f|[]
58|XNDU|2026-05-07|9m_day2|gate_blocked|setup:stop_too_wide: stop distance 20.3% > 15%|15.6199999999999992184029906638897955417633056640625|14.7599999999999997868371792719699442386627197265625|||||||0|f|||2026-05-07 14:00:02.566514+00||f|f|[]
61|AKAM|2026-05-08|magna53|no_entry||145.44999999999998863131622783839702606201171875|139.099999999999994315658113919198513031005859375|||||||0|f|||2026-05-08 14:00:00.206515+00||f|f|[]
68|APP|2026-05-08|9m_day2|no_entry||495|469.50619999999997844497556798160076141357421875|||||||0|f|||2026-05-08 14:00:00.267725+00||f|f|[]
62|BILL|2026-05-08|magna53|no_entry||43.2999999999999971578290569595992565155029296875|40.48100000000000164845914696343243122100830078125|||||||0|f|||2026-05-08 14:00:00.206931+00||f|f|[]
65|COLD|2026-05-08|9m_day2|no_entry||15.19800000000000039790393202565610408782958984375|14.92999999999999971578290569595992565155029296875|||||||0|f|||2026-05-08 14:00:00.239795+00||f|f|[]
67|INOD|2026-05-08|magna53|gate_blocked|setup:stop_too_wide: ORB range $8.91 (12.2%) > 1.5x ATR $4.12|81.7099999999999937472239253111183643341064453125|72.7999999999999971578290569595992565155029296875|||||||0|f|||2026-05-08 14:00:00.218554+00||f|f|[]
64|LASR|2026-05-08|magna53|gate_blocked|setup:stop_too_wide: ORB range $10.30 (13.9%) > 1.5x ATR $7.16|84.5150000000000005684341886080801486968994140625|74.21670000000000300133251585066318511962890625|||||||0|f|||2026-05-08 14:00:00.218078+00||f|f|[]
66|LFST|2026-05-08|9m_day2|no_entry||8.03999999999999914734871708787977695465087890625|7.75|||||||0|f|||2026-05-08 14:00:00.254216+00||f|f|[]
63|VTRS|2026-05-08|9m_day2|no_entry||17.530000000000001136868377216160297393798828125|17.1336000000000012732925824820995330810546875|||||||0|f|||2026-05-08 14:00:00.209452+00||f|f|[]
70|AKAM|2026-05-11|9m_day2|closed||149.729999999999989768184605054557323455810546875|147.009999999999990905052982270717620849609375||149.729999999999989768184605054557323455810546875|132.849999999999994315658113919198513031005859375|132.849999999999994315658113919198513031005859375|945.279999999999972715158946812152862548828125|56|0|f|-945.2799999999997453414835035800933837890625|98|2026-05-11 14:00:00.519244+00|2026-08-17 20:50:02.219842+00|t|f|[{"pnl": -945.2799999999997, "time": "2026-08-17T16:00:00", "price": 132.85, "reason": "stop_hit", "shares": 56.0}]
73|BW|2026-05-11|magna53|closed||16.999900000000000233058017329312860965728759765625|15.5600000000000004973799150320701301097869873046875|1.395371428571428484843863770947791635990142822265625|16.999900000000000233058017329312860965728759765625|15.5600000000000004973799150320701301097869873046875|15.5600000000000004973799150320701301097869873046875|961.5700000000000500222085975110530853271484375|667|0|f|-960.4132999999998219209373928606510162353515625|98|2026-05-11 14:00:00.627833+00|2026-08-17 20:50:01.979855+00|t|f|[{"pnl": -960.4132999999998, "time": "2026-08-17T16:00:00", "price": 15.56, "reason": "stop_hit", "shares": 667.0}]
69|BZH|2026-05-11|magna53|no_entry||25.3900000000000005684341886080801486968994140625|24.480000000000000426325641456060111522674560546875|||||||0|f|||2026-05-11 14:00:00.420005+00||f|f|[]
76|DBX|2026-05-11|9m_day2|no_entry||28.6099999999999994315658113919198513031005859375|28.14999999999999857891452847979962825775146484375|||||||0|f|||2026-05-11 14:00:00.680395+00||f|f|[]
78|FROG|2026-05-11|9m_day2|closed||69.5|67.68999999999999772626324556767940521240234375||69.5|62.50999999999999801048033987171947956085205078125|62.50999999999999801048033987171947956085205078125|957.6200000000000045474735088646411895751953125|137|0|f|-957.6300000000002228262019343674182891845703125|3|2026-05-11 14:00:00.776553+00|2026-08-18 05:06:07.087761+00|f|t|[{"pnl": -957.6300000000002, "time": "2026-05-14T16:00:00", "price": 62.51, "reason": "stop_hit", "shares": 137.0}]
72|MNDY|2026-05-11|magna53|closed||86.65579999999999927240423858165740966796875|80.56000000000000227373675443232059478759765625|4.49964285714285683326352227595634758472442626953125|86.65579999999999927240423858165740966796875|80.56000000000000227373675443232059478759765625|80.56000000000000227373675443232059478759765625|961.5700000000000500222085975110530853271484375|157|0|f|-957.040599999999585634213872253894805908203125|1|2026-05-11 14:00:00.58526+00|2026-05-12 20:50:01.798336+00|f|f|[{"pnl": -957.0405999999996, "time": "2026-05-12T16:00:00", "price": 80.56, "reason": "stop_hit", "shares": 157.0}]
74|MRAM|2026-05-11|magna53|gate_blocked|setup:stop_too_wide: ORB range $3.80 (11.2%) > 1.5x ATR $3.75|37.86999999999999744204615126363933086395263671875|34.07000000000000028421709430404007434844970703125|||||||0|f|||2026-05-11 14:00:00.586055+00||f|f|[]
77|RELY|2026-05-11|9m_day2|no_entry||24.91499999999999914734871708787977695465087890625|24.019999999999999573674358543939888477325439453125|||||||0|f|||2026-05-11 14:00:00.68062+00||f|f|[]
71|RKLB|2026-05-11|9m_day2|gate_blocked|setup:stop_too_wide: stop distance 22.0% > 15%|110.1099999999999994315658113919198513031005859375|104|||||||0|f|||2026-05-11 14:00:00.560374+00||f|f|[]
75|WSC|2026-05-11|9m_day2|no_entry||28.440000000000001278976924368180334568023681640625|27.66499999999999914734871708787977695465087890625|||||||0|f|||2026-05-11 14:00:00.651416+00||f|f|[]
80|AMBQ|2026-05-12|magna53|closed||54.969999999999998863131622783839702606201171875|53.1400000000000005684341886080801486968994140625|2.54447142857142782901291866437532007694244384765625|54.969999999999998863131622783839702606201171875|78.1470000000000055706550483591854572296142578125|53.1400000000000005684341886080801486968994140625|939.299999999999954525264911353588104248046875|341|0|t|6872.286666666666860692203044891357421875|20|2026-05-12 14:00:00.57537+00|2026-08-18 05:06:07.335941+00|f|t|[{"pnl": 1773.1999999999994, "time": "2026-05-15T16:00:00", "price": 70.57, "reason": "partial_profit", "shares": 113.66666666666667}, {"pnl": 5099.086666666668, "time": "2026-06-01T16:00:00", "price": 77.4, "reason": "sma_trail_stop", "shares": 227.33333333333331}]
91|BW|2026-05-12|9m_day2|gate_blocked|setup:faded_from_orb: last $17.95 < threshold $18.72 (ratio=0.25, ORB H=$19.70 L=$18.40, faded 8.9%)|19.699999999999999289457264239899814128875732421875|18.39999999999999857891452847979962825775146484375|||||||0|f|||2026-05-12 14:00:00.968649+00||f|f|[]
88|CRCL|2026-05-12|9m_day2|no_entry||140|129.594999999999998863131622783839702606201171875|||||||0|f|||2026-05-12 14:00:00.904633+00||f|f|[]
90|GSIT|2026-05-12|9m_day2|no_entry||12.1199999999999992184029906638897955417633056640625|10.6699999999999999289457264239899814128875732421875|||||||0|f|||2026-05-12 14:00:00.920758+00||f|f|[]
79|HLIT|2026-05-12|magna53|no_entry||15.3900000000000005684341886080801486968994140625|13.9000000000000003552713678800500929355621337890625|||||||0|f|||2026-05-12 14:00:00.246785+00||f|f|[]
81|PACS|2026-05-12|magna53|closed||39.77000000000000312638803734444081783294677734375|38.43999999999999772626324556767940521240234375|1.5228928571428583804703293935745023190975189208984375|39.77000000000000312638803734444081783294677734375|38.43999999999999772626324556767940521240234375|38.43999999999999772626324556767940521240234375|939.299999999999954525264911353588104248046875|472|0|f|-627.76000000000249201548285782337188720703125|3|2026-05-12 14:00:00.575409+00|2026-08-18 05:06:08.067818+00|f|t|[{"pnl": -627.7600000000025, "time": "2026-05-15T16:00:00", "price": 38.44, "reason": "stop_hit", "shares": 472.0}]
82|SE|2026-05-12|magna53|closed||94.9899999999999948840923025272786617279052734375|90.25|3.43914285714285572481685449020005762577056884765625|94.9899999999999948840923025272786617279052734375|90.25|90.25|939.299999999999954525264911353588104248046875|197|0|f|-933.7799999999989495336194522678852081298828125|2|2026-05-12 14:00:00.602609+00|2026-08-18 05:06:07.578773+00|f|t|[{"pnl": -933.779999999999, "time": "2026-05-14T16:00:00", "price": 90.25, "reason": "stop_hit", "shares": 197.0}]
83|SIBN|2026-05-12|magna53|closed||13.1300000000000007815970093361102044582366943359375|12.071999999999999175770426518283784389495849609375|0.7540714285714285036732462685904465615749359130859375|13.1300000000000007815970093361102044582366943359375|14.596000000000000085265128291212022304534912109375|12.071999999999999175770426518283784389495849609375|939.299999999999954525264911353588104248046875|887|0|t|1091.00999999999976353137753903865814208984375|15|2026-05-12 14:00:00.643607+00|2026-08-18 05:06:07.824948+00|f|t|[{"pnl": 304.5366666666665, "time": "2026-05-15T16:00:00", "price": 14.16, "reason": "partial_profit", "shares": 295.6666666666667}, {"pnl": 786.4733333333332, "time": "2026-05-27T16:00:00", "price": 14.46, "reason": "sma_trail_stop", "shares": 591.3333333333333}]
86|TE|2026-05-12|magna53|closed||6.5099999999999997868371792719699442386627197265625|6.05999999999999960920149533194489777088165283203125|0.453778571428571420032227479168795980513095855712890625|6.5099999999999997868371792719699442386627197265625|6.05999999999999960920149533194489777088165283203125|6.05999999999999960920149533194489777088165283203125|939.299999999999954525264911353588104248046875|2087|0|f|-939.150000000000318323145620524883270263671875|1|2026-05-12 14:00:00.771108+00|2026-05-13 20:50:02.771775+00|f|f|[{"pnl": -939.1500000000003, "time": "2026-05-13T16:00:00", "price": 6.06, "reason": "stop_hit", "shares": 2087.0}]
84|VG|2026-05-12|magna53|no_entry||12.730000000000000426325641456060111522674560546875|12.375|||||||0|f|||2026-05-12 14:00:00.721636+00||f|f|[]
89|VPG|2026-05-12|magna53|closed||85.9500000000000028421709430404007434844970703125|81.5499999999999971578290569595992565155029296875|3.714978571428570131018886968377046287059783935546875|85.9500000000000028421709430404007434844970703125|81.5499999999999971578290569595992565155029296875|81.5499999999999971578290569595992565155029296875|939.299999999999954525264911353588104248046875|213|0|f|-937.20000000000118234311230480670928955078125|97|2026-05-12 14:00:00.824892+00|2026-08-17 20:50:02.694192+00|t|f|[{"pnl": -937.2000000000012, "time": "2026-08-17T16:00:00", "price": 81.55, "reason": "stop_hit", "shares": 213.0}]
85|VSTS|2026-05-12|magna53|no_entry||12.230000000000000426325641456060111522674560546875|11.5299999999999993605115378159098327159881591796875|||||||0|f|||2026-05-12 14:00:00.747555+00||f|f|[]
87|ZBRA|2026-05-12|magna53|no_entry||256.42000000000001591615728102624416351318359375|242.5|||||||0|f|||2026-05-12 14:00:00.824676+00||f|f|[]
94|AIP|2026-05-13|magna53|no_entry||35.67999999999999971578290569595992565155029296875|31.379999999999999005240169935859739780426025390625|||||||0|f|||2026-05-13 14:00:00.231209+00||f|f|[]
93|EOSE|2026-05-13|magna53|no_entry||9.9900000000000002131628207280300557613372802734375|9.2799999999999993605115378159098327159881591796875|||||||0|f|||2026-05-13 14:00:00.231658+00||f|f|[]
92|WEN|2026-05-13|9m_day2|no_entry||8.4399999999999995026200849679298698902130126953125|8.0099999999999997868371792719699442386627197265625|||||||0|f|||2026-05-13 14:00:00.231261+00||f|f|[]
102|BABA|2026-05-14|9m_day2|no_entry||141.69999999999998863131622783839702606201171875|139.330000000000012505552149377763271331787109375|||||||0|f|||2026-05-14 14:00:00.391089+00||f|f|[]
106|BCRX|2026-05-14|9m_day2|no_entry||9.82000000000000028421709430404007434844970703125|9.6199999999999992184029906638897955417633056640625|||||||0|f|||2026-05-14 14:00:00.477264+00||f|f|[]
95|CRMD|2026-05-14|magna53|no_entry||8.9399999999999995026200849679298698902130126953125|8.1500000000000003552713678800500929355621337890625|||||||0|f|||2026-05-14 14:00:00.148825+00||f|f|[]
100|CSCO|2026-05-14|magna53|gate_blocked|setup:stop_too_wide: ORB range $4.30 (3.7%) > 1.5x ATR $3.81|119.330299999999994042809703387320041656494140625|115.030000000000001136868377216160297393798828125|||||||0|f|||2026-05-14 14:00:00.162166+00||f|f|[]
101|F|2026-05-14|9m_day2|gate_blocked|setup:stop_too_wide: stop distance 15.4% > 15%|14.1500000000000003552713678800500929355621337890625|13.6300000000000007815970093361102044582366943359375|||||||0|f|||2026-05-14 14:00:00.34919+00||f|f|[]
96|FPS|2026-05-14|magna53|no_entry||50.99969999999999714646037318743765354156494140625|44.50999999999999801048033987171947956085205078125|||||||0|f|||2026-05-14 14:00:00.151969+00||f|f|[]
97|GO|2026-05-14|magna53|no_entry||9.4399999999999995026200849679298698902130126953125|8.25|||||||0|f|||2026-05-14 14:00:00.152246+00||f|f|[]
98|KLAR|2026-05-14|magna53|no_entry||16.480000000000000426325641456060111522674560546875|15.17999999999999971578290569595992565155029296875|||||||0|f|||2026-05-14 14:00:00.152807+00||f|f|[]
107|MBLY|2026-05-14|9m_day2|closed||10.5150000000000005684341886080801486968994140625|10.21000000000000085265128291212022304534912109375||10.5150000000000005684341886080801486968994140625|9.32000000000000028421709430404007434844970703125|9.32000000000000028421709430404007434844970703125|941.6599999999999681676854379475116729736328125|788|0|f|-941.6600000000001955413608811795711517333984375|95|2026-05-14 14:00:00.565206+00|2026-08-17 20:50:03.67002+00|t|f|[{"pnl": -941.6600000000002, "time": "2026-08-17T16:00:00", "price": 9.32, "reason": "stop_hit", "shares": 788.0}]
110|ONON|2026-05-14|9m_day2|closed||35.99000000000000198951966012828052043914794921875|35.31000000000000227373675443232059478759765625||35.99000000000000198951966012828052043914794921875|33.56000000000000227373675443232059478759765625|33.56000000000000227373675443232059478759765625|940.4099999999999681676854379475116729736328125|387|0|f|-940.40999999999985448084771633148193359375|95|2026-05-14 14:00:00.653379+00|2026-08-17 20:50:03.907831+00|t|f|[{"pnl": -940.4099999999999, "time": "2026-08-17T16:00:00", "price": 33.56, "reason": "stop_hit", "shares": 387.0}]
109|OUST|2026-05-14|9m_day2|no_entry||35.5|32.77250000000000085265128291212022304534912109375|||||||0|f|||2026-05-14 14:00:00.653191+00||f|f|[]
105|SLS|2026-05-14|9m_day2|gate_blocked|setup:faded_from_orb: last $6.36 < threshold $6.42 (ratio=0.25, ORB H=$6.55 L=$6.38, faded 2.9%)|6.54999999999999982236431605997495353221893310546875|6.37999999999999989341858963598497211933135986328125|||||||0|f|||2026-05-14 14:00:00.453698+00||f|f|[]
99|STAA|2026-05-14|magna53|no_entry||35.86999999999999744204615126363933086395263671875|33.75|||||||0|f|||2026-05-14 14:00:00.299703+00||f|f|[]
104|STUB|2026-05-14|magna53|gate_blocked|setup:stop_too_wide: ORB range $0.68 (8.2%) > 1.5x ATR $0.64|9|8.320100000000000051159076974727213382720947265625|||||||0|f|||2026-05-14 14:00:00.453717+00||f|f|[]
108|VELO|2026-05-14|9m_day2|no_entry||21.1700000000000017053025658242404460906982421875|20.050000000000000710542735760100185871124267578125|||||||0|f|||2026-05-14 14:00:00.565183+00||f|f|[]
103|VSNT|2026-05-14|magna53|gate_blocked|setup:stop_too_wide: ORB range $2.67 (6.3%) > 1.5x ATR $1.96|45|42.3250000000000028421709430404007434844970703125|||||||0|f|||2026-05-14 14:00:00.391864+00||f|f|[]
114|FRMI|2026-05-15|9m_day2|gate_blocked|setup:stop_too_wide: stop distance 17.6% > 15%|7.0999999999999996447286321199499070644378662109375|6.62000000000000010658141036401502788066864013671875|||||||0|f|||2026-05-15 14:00:00.263796+00||f|f|[]
111|GEMI|2026-05-15|magna53|no_entry||6.95990000000000019753088054130785167217254638671875|6.41500000000000003552713678800500929355621337890625|||||||0|f|||2026-05-15 14:00:00.263436+00||f|f|[]
113|KLAR|2026-05-15|9m_day2|no_entry||16.647600000000000619593265582807362079620361328125|15.7400000000000002131628207280300557613372802734375|||||||0|f|||2026-05-15 14:00:00.263482+00||f|f|[]
115|KNX|2026-05-15|9m_day2|closed||67.1350000000000051159076974727213382720947265625|65.6700000000000017053025658242404460906982421875||67.1350000000000051159076974727213382720947265625|79.657999999999987039700499735772609710693359375|60.0499999999999971578290569595992565155029296875|821.8600000000000136424205265939235687255859375|116|0|t|1019.446666666666033052024431526660919189453125|31|2026-05-15 14:00:00.27988+00|2026-08-18 05:06:08.557587+00|f|t|[{"pnl": 82.55333333333297, "time": "2026-05-18T16:00:00", "price": 69.27, "reason": "partial_profit", "shares": 38.666666666666664}, {"pnl": 936.8933333333331, "time": "2026-06-15T16:00:00", "price": 79.25, "reason": "sma_trail_stop", "shares": 77.33333333333334}]
112|PURR|2026-05-15|9m_day2|closed||6.79999999999999982236431605997495353221893310546875|6.54000000000000003552713678800500929355621337890625||6.79999999999999982236431605997495353221893310546875|9.3239999999999998436805981327779591083526611328125|6.29999999999999982236431605997495353221893310546875|826.5|1653|0|t|1978.089999999999463398125953972339630126953125|21|2026-05-15 14:00:00.264283+00|2026-08-18 05:06:08.313746+00|f|t|[{"pnl": 71.62999999999994, "time": "2026-05-18T16:00:00", "price": 6.93, "reason": "partial_profit", "shares": 551.0}, {"pnl": 1906.4599999999996, "time": "2026-06-05T16:00:00", "price": 8.53, "reason": "sma_trail_stop", "shares": 1102.0}]
116|SEDG|2026-05-18|9m_day2|no_entry||60.2000000000000028421709430404007434844970703125|57.13000000000000255795384873636066913604736328125|||||||0|f|||2026-05-18 14:00:00.137115+00||f|f|[]
117|AGYS|2026-05-19|magna53|no_entry||94.7699999999999960209606797434389591217041015625|89.7099999999999937472239253111183643341064453125|||||||0|f|||2026-05-19 14:00:00.329083+00||f|f|[]
118|STUB|2026-05-19|9m_day2|no_entry||10.1899999999999995026200849679298698902130126953125|9.7799999999999993605115378159098327159881591796875|||||||0|f|||2026-05-19 14:00:00.329118+00||f|f|[]
119|TE|2026-05-19|9m_day2|no_entry||6.71999999999999975131004248396493494510650634765625|6.4199999999999999289457264239899814128875732421875|||||||0|f|||2026-05-19 14:00:00.329407+00||f|f|[]
120|PURR|2026-05-20|9m_day2|closed||8.050000000000000710542735760100185871124267578125|7.8499999999999996447286321199499070644378662109375||8.050000000000000710542735760100185871124267578125|7.20000000000000017763568394002504646778106689453125|7.20000000000000017763568394002504646778106689453125|782|920|0|f|-782.00000000000045474735088646411895751953125|89|2026-05-20 14:00:00.203246+00|2026-08-17 20:50:04.636643+00|t|f|[{"pnl": -782.0000000000005, "time": "2026-08-17T16:00:00", "price": 7.2, "reason": "stop_hit", "shares": 920.0}]
121|IMVT|2026-05-21|9m_day2|no_entry||35.75999999999999801048033987171947956085205078125|35|||||||0|f|||2026-05-21 14:00:00.428498+00||f|f|[]
123|INFQ|2026-05-21|magna53|closed||14.8499999999999996447286321199499070644378662109375|13.3900000000000005684341886080801486968994140625|1.2557428571428574937129951649694703519344329833984375|14.8499999999999996447286321199499070644378662109375|13.3900000000000005684341886080801486968994140625|13.3900000000000005684341886080801486968994140625|814.0900000000000318323145620524883270263671875|557|0|f|-813.2199999999994588506524451076984405517578125|88|2026-05-21 14:00:00.51549+00|2026-08-17 20:50:04.875609+00|t|f|[{"pnl": -813.2199999999995, "time": "2026-08-17T16:00:00", "price": 13.39, "reason": "stop_hit", "shares": 557.0}]
124|RLAY|2026-05-21|magna53|closed||15.4199999999999999289457264239899814128875732421875|14.4700000000000006394884621840901672840118408203125|0.92665714285714273490413006584276445209980010986328125|15.4199999999999999289457264239899814128875732421875|14.4700000000000006394884621840901672840118408203125|14.4700000000000006394884621840901672840118408203125|814.0900000000000318323145620524883270263671875|856|0|f|-813.19999999999936335370875895023345947265625|1|2026-05-21 14:00:00.493796+00|2026-05-22 20:50:05.24167+00|f|f|[{"pnl": -813.1999999999994, "time": "2026-05-22T16:00:00", "price": 14.47, "reason": "stop_hit", "shares": 856.0}]
122|ROIV|2026-05-21|9m_day2|closed||32.35000000000000142108547152020037174224853515625|31.850200000000000954969436861574649810791015625||32.35000000000000142108547152020037174224853515625|29.35000000000000142108547152020037174224853515625|29.35000000000000142108547152020037174224853515625|813|271|0|f|-813|5|2026-05-21 14:00:00.43175+00|2026-08-18 05:06:08.799427+00|f|t|[{"pnl": -813.0, "time": "2026-05-26T16:00:00", "price": 29.35, "reason": "stop_hit", "shares": 271.0}]
126|IBM|2026-05-22|9m_day2|no_entry||264.3799999999999954525264911353588104248046875|260.029999999999972715158946812152862548828125|||||||0|f|||2026-05-22 14:00:00.164969+00||f|f|[]
127|PPTA|2026-05-22|magna53|no_entry||29.14999999999999857891452847979962825775146484375|27.500099999999999766941982670687139034271240234375|||||||0|f|||2026-05-22 14:00:00.164704+00||f|f|[]
125|QUBT|2026-05-22|9m_day2|gate_blocked|setup:stop_too_wide: stop distance 16.6% > 15%|12.3699999999999992184029906638897955417633056640625|11.6099999999999994315658113919198513031005859375|||||||0|f|||2026-05-22 14:00:00.164584+00||f|f|[]
128|ASPI|2026-05-27|9m_day2|closed||6.92999999999999971578290569595992565155029296875|6.660000000000000142108547152020037174224853515625||6.92999999999999971578290569595992565155029296875|6.37999999999999989341858963598497211933135986328125|6.37999999999999989341858963598497211933135986328125|823.8999999999999772626324556767940521240234375|1498|0|f|-823.8999999999997498889570124447345733642578125|82|2026-05-27 14:00:05.954177+00|2026-08-17 20:50:05.362539+00|t|f|[{"pnl": -823.8999999999997, "time": "2026-08-17T16:00:00", "price": 6.38, "reason": "stop_hit", "shares": 1498.0}]
131|CRSR|2026-05-27|magna53|closed||8.910000000000000142108547152020037174224853515625|8.4000000000000003552713678800500929355621337890625|0.485785714285714320670450661054928787052631378173828125|8.910000000000000142108547152020037174224853515625|8.910000000000000142108547152020037174224853515625|8.4000000000000003552713678800500929355621337890625|824.2100000000000363797880709171295166015625|1616|0|t|1147.359999999999445208231918513774871826171875|12|2026-05-27 14:00:05.984258+00|2026-08-18 05:06:09.047433+00|f|t|[{"pnl": 1384.3733333333334, "time": "2026-06-01T16:00:00", "price": 11.48, "reason": "partial_profit", "shares": 538.6666666666666}, {"pnl": -237.01333333333406, "time": "2026-06-08T16:00:00", "price": 8.69, "reason": "sma_trail_stop", "shares": 1077.3333333333335}]
130|DY|2026-05-27|magna53|no_entry||566.4650000000000318323145620524883270263671875|534.9950000000000045474735088646411895751953125|||||||0|f|||2026-05-27 14:00:05.954973+00||f|f|[]
129|TE|2026-05-27|9m_day2|no_entry||10.949999999999999289457264239899814128875732421875|10.21000000000000085265128291212022304534912109375|||||||0|f|||2026-05-27 14:00:05.956353+00||f|f|[]
135|AVAV|2026-05-28|magna53|closed||204.8600000000000136424205265939235687255859375|195.55000000000001136868377216160297393798828125|8.4436642857142860663088868022896349430084228515625|204.8600000000000136424205265939235687255859375|195.55000000000001136868377216160297393798828125|195.55000000000001136868377216160297393798828125|928.75|96|0|f|-893.760000000000218278728425502777099609375|81|2026-05-28 14:00:00.882955+00|2026-08-17 20:50:06.087026+00|t|f|[{"pnl": -893.7600000000002, "time": "2026-08-17T16:00:00", "price": 195.55, "reason": "stop_hit", "shares": 96.0}]
134|CRSR|2026-05-28|9m_day2|gate_blocked|setup:stop_too_wide: stop distance 30.3% > 15%|12.050000000000000710542735760100185871124267578125|10.5800000000000000710542735760100185871124267578125|||||||0|f|||2026-05-28 14:00:00.538125+00||f|f|[]
132|NIO|2026-05-28|9m_day2|no_entry||5.69500000000000028421709430404007434844970703125|5.5800000000000000710542735760100185871124267578125|||||||0|f|||2026-05-28 14:00:00.537316+00||f|f|[]
133|QTTB|2026-05-28|9m_day2|no_entry||12.199999999999999289457264239899814128875732421875|11.1000999999999994116706147906370460987091064453125|||||||0|f|||2026-05-28 14:00:00.537592+00||f|f|[]
136|RCAT|2026-05-28|magna53|closed||12.8100000000000004973799150320701301097869873046875|11.9550000000000000710542735760100185871124267578125|0.82248571428571415342645423152134753763675689697265625|12.8100000000000004973799150320701301097869873046875|11.9550000000000000710542735760100185871124267578125|11.9550000000000000710542735760100185871124267578125|929.51999999999998181010596454143524169921875|1087|0|f|-929.385000000000445652403868734836578369140625|81|2026-05-28 14:00:00.882966+00|2026-08-17 20:50:05.848645+00|t|f|[{"pnl": -929.3850000000004, "time": "2026-08-17T16:00:00", "price": 11.955, "reason": "stop_hit", "shares": 1087.0}]
138|BTDR|2026-05-29|9m_day2|no_entry||18.21000000000000085265128291212022304534912109375|17.699999999999999289457264239899814128875732421875|||||||0|f|||2026-05-29 14:00:00.624952+00||f|f|[]
140|DELL|2026-05-29|magna53|closed||428.68000000000000682121026329696178436279296875|407.67000000000001591615728102624416351318359375|18.407778571428568881174214766360819339752197265625|428.68000000000000682121026329696178436279296875|407.67000000000001591615728102624416351318359375|407.67000000000001591615728102624416351318359375|953.55999999999994543031789362430572509765625|45|0|t|-71.100000000000136424205265939235687255859375|5|2026-05-29 14:00:00.801675+00|2026-08-18 05:06:09.302962+00|f|t|[{"pnl": 559.1999999999996, "time": "2026-06-01T16:00:00", "price": 465.96, "reason": "partial_profit", "shares": 15.0}, {"pnl": -630.2999999999997, "time": "2026-06-03T16:00:00", "price": 407.67, "reason": "stop_hit", "shares": 30.0}]
139|DLTR|2026-05-29|9m_day2|closed||112.719999999999998863131622783839702606201171875|110.040199999999998681232682429254055023193359375||112.719999999999998863131622783839702606201171875|112.719999999999998863131622783839702606201171875|106.400000000000005684341886080801486968994140625|948|150|0|t|-32.99999999999982946974341757595539093017578125|5|2026-05-29 14:00:00.626187+00|2026-08-18 05:06:09.549391+00|f|t|[{"pnl": -10.999999999999943, "time": "2026-06-03T16:00:00", "price": 112.5, "reason": "partial_profit", "shares": 50.0}, {"pnl": -21.999999999999886, "time": "2026-06-03T16:00:00", "price": 112.5, "reason": "sma_trail_stop", "shares": 100.0}]
137|INFQ|2026-05-29|9m_day2|no_entry||17.589999999999999857891452847979962825775146484375|16.61070000000000135287336888723075389862060546875|||||||0|f|||2026-05-29 14:00:00.624671+00||f|f|[]
141|CRM|2026-06-01|9m_day2|closed||201.19999999999998863131622783839702606201171875|198.210000000000007958078640513122081756591796875||201.19999999999998863131622783839702606201171875|201.19999999999998863131622783839702606201171875|180.020000000000010231815394945442676544189453125|953.1000000000000227373675443232059478759765625|45|0|t|-460.3499999999995679900166578590869903564453125|77|2026-06-01 14:00:01.869561+00|2026-08-17 20:50:06.799199+00|t|f|[{"pnl": -153.44999999999985, "time": "2026-08-17T16:00:00", "price": 190.97, "reason": "partial_profit", "shares": 15.0}, {"pnl": -306.8999999999997, "time": "2026-08-17T16:00:00", "price": 190.97, "reason": "sma_trail_stop", "shares": 30.0}]
142|FPS|2026-06-01|9m_day2|closed||54.43999999999999772626324556767940521240234375|52.6700000000000017053025658242404460906982421875||54.43999999999999772626324556767940521240234375|47.64999999999999857891452847979962825775146484375|47.64999999999999857891452847979962825775146484375|957.3899999999999863575794734060764312744140625|141|0|f|-957.38999999999987267074175179004669189453125|77|2026-06-01 14:00:01.869597+00|2026-08-17 20:50:07.277183+00|t|f|[{"pnl": -957.3899999999999, "time": "2026-08-17T16:00:00", "price": 47.65, "reason": "stop_hit", "shares": 141.0}]
144|IBM|2026-06-01|9m_day2|no_entry||323.55000000000001136868377216160297393798828125|310.19999999999998863131622783839702606201171875|||||||0|f|||2026-06-01 14:00:01.881352+00||f|f|[]
145|OKTA|2026-06-01|9m_day2|gate_blocked|setup:stop_too_wide: stop distance 20.1% > 15%|133.3600000000000136424205265939235687255859375|128.289999999999992041921359486877918243408203125|||||||0|f|||2026-06-01 14:00:01.884451+00||f|f|[]
143|PURR|2026-06-01|9m_day2|no_entry||11.730000000000000426325641456060111522674560546875|10.6400000000000005684341886080801486968994140625|||||||0|f|||2026-06-01 14:00:01.869584+00||f|f|[]
146|ZS|2026-06-01|9m_day2|closed||147.499899999999996680344338528811931610107421875|143.75||147.499899999999996680344338528811931610107421875|130.3700000000000045474735088646411895751953125|130.3700000000000045474735088646411895751953125|959.549999999999954525264911353588104248046875|56|0|f|-959.274399999999559440766461193561553955078125|4|2026-06-01 14:00:02.123928+00|2026-08-18 05:06:09.793349+00|f|t|[{"pnl": -959.2743999999996, "time": "2026-06-05T16:00:00", "price": 130.37, "reason": "stop_hit", "shares": 56.0}]
147|GRRR|2026-06-02|magna53|no_entry||23.489999999999998436805981327779591083526611328125|21.89999999999999857891452847979962825775146484375|||||||0|f|||2026-06-02 14:00:01.316719+00||f|f|[]
148|HPE|2026-06-02|magna53|no_entry||64.25|61.6552999999999968849806464277207851409912109375|||||||0|f|||2026-06-02 14:00:01.316651+00||f|f|[]
150|MRVL|2026-06-02|magna53|closed||265.43999999999999772626324556767940521240234375|252.43000000000000682121026329696178436279296875|15.649457142857141178637903067283332347869873046875|265.43999999999999772626324556767940521240234375|252.43000000000000682121026329696178436279296875|252.43000000000000682121026329696178436279296875|950.8799999999999954525264911353588104248046875|73|0|f|-949.729999999999336068867705762386322021484375|76|2026-06-02 14:00:02.027197+00|2026-08-17 20:50:07.524231+00|t|f|[{"pnl": -949.7299999999993, "time": "2026-08-17T16:00:00", "price": 252.43, "reason": "stop_hit", "shares": 73.0}]
151|LEGN|2026-06-03|9m_day2|no_entry||37.5|34.500100000000003319655661471188068389892578125|||||||0|f|||2026-06-03 14:00:01.536275+00||f|f|[]
152|MRVL|2026-06-03|9m_day2|no_entry||324.19999999999998863131622783839702606201171875|308.1100000000000136424205265939235687255859375|||||||0|f|||2026-06-03 14:00:01.536282+00||f|f|[]
153|NVTS|2026-06-03|magna53|closed||31.719999999999998863131622783839702606201171875|30.21000000000000085265128291212022304534912109375|3.158828571428572207224760859389789402484893798828125|31.719999999999998863131622783839702606201171875|30.21000000000000085265128291212022304534912109375|30.21000000000000085265128291212022304534912109375|938.76999999999998181010596454143524169921875|615|0|f|-928.6499999999987267074175179004669189453125|1|2026-06-03 14:00:01.649633+00|2026-06-04 20:50:07.909718+00|f|f|[{"pnl": -928.6499999999987, "time": "2026-06-04T16:00:00", "price": 30.21, "reason": "stop_hit", "shares": 615.0}]
155|AGX|2026-06-05|magna53|gate_blocked|setup:stop_too_wide: ORB range $71.04 (10.8%) > 1.5x ATR $56.05|731.299999999999954525264911353588104248046875|660.259999999999990905052982270717620849609375|||||||0|f|||2026-06-05 14:00:01.871281+00||f|f|[]
154|TTAN|2026-06-05|magna53|no_entry||84.090000000000003410605131648480892181396484375|77.8900000000000005684341886080801486968994140625|||||||0|f|||2026-06-05 14:00:01.850136+00||f|f|[]
156|NRIX|2026-06-08|magna53|gate_blocked|setup:stop_too_wide: ORB range $1.49 (9.2%) > 1.5x ATR $1.38|17.5885999999999995679900166578590869903564453125|16.10000000000000142108547152020037174224853515625|||||||0|f|||2026-06-08 14:00:00.865118+00||f|f|[]
158|GLXY|2026-06-09|9m_day2|gate_blocked|setup:stop_too_wide: stop distance 17.7% > 15%|31.85000000000000142108547152020037174224853515625|30.620000000000000994759830064140260219573974609375|||||||0|f|||2026-06-09 14:00:00.874219+00||f|f|[]
157|TNGX|2026-06-09|9m_day2|no_entry||32.78999999999999914734871708787977695465087890625|31.21000000000000085265128291212022304534912109375|||||||0|f|||2026-06-09 14:00:00.864868+00||f|f|[]
161|GLXY|2026-06-10|9m_day2|closed||32.2999999999999971578290569595992565155029296875|31.25||32.2999999999999971578290569595992565155029296875|29.769999999999999573674358543939888477325439453125|29.769999999999999573674358543939888477325439453125|693.19000000000005456968210637569427490234375|274|0|f|-693.219999999999345163814723491668701171875|1|2026-06-10 14:00:02.047704+00|2026-06-11 20:50:08.927477+00|f|f|[{"pnl": -693.2199999999993, "time": "2026-06-11T16:00:00", "price": 29.77, "reason": "stop_hit", "shares": 274.0}]
160|PAYO|2026-06-10|9m_day2|gate_blocked|setup:stop_too_wide: stop distance 21.2% > 15%|6.55999999999999960920149533194489777088165283203125|6.4000000000000003552713678800500929355621337890625|||||||0|f|||2026-06-10 14:00:02.047352+00||f|f|[]
159|VELO|2026-06-10|9m_day2|no_entry||20.7830000000000012505552149377763271331787109375|19.3001000000000004774847184307873249053955078125|||||||0|f|||2026-06-10 14:00:02.047333+00||f|f|[]
162|ELVN|2026-06-11|magna53|no_entry||45.517099999999999226929503493010997772216796875|42.66120000000000089812601800076663494110107421875|||||||0|f|||2026-06-11 14:00:00.88715+00||f|f|[]
163|FRMI|2026-06-11|9m_day2|no_entry||6.86000000000000031974423109204508364200592041015625|6.480000000000000426325641456060111522674560546875|||||||0|f|||2026-06-11 14:00:00.903436+00||f|f|[]
165|NAVN|2026-06-11|magna53|gate_blocked|setup:stop_too_wide: ORB range $2.29 (10.4%) > 1.5x ATR $2.07|24.32000000000000028421709430404007434844970703125|22.030000000000001136868377216160297393798828125|||||||0|f|||2026-06-11 14:00:00.914181+00||f|f|[]
164|VELO|2026-06-11|9m_day2|gate_blocked|setup:stop_too_wide: stop distance 26.4% > 15%|25.92999999999999971578290569595992565155029296875|23.07000000000000028421709430404007434844970703125|||||||0|f|||2026-06-11 14:00:00.912831+00||f|f|[]
166|CPNG|2026-06-12|9m_day2|no_entry||17.10000000000000142108547152020037174224853515625|16.760000000000001563194018672220408916473388671875|||||||0|f|||2026-06-12 14:00:01.211992+00||f|f|[]
169|LYG|2026-06-12|9m_day2|no_entry||5.45999999999999996447286321199499070644378662109375|5.44000000000000039079850466805510222911834716796875|||||||0|f|||2026-06-12 14:00:01.318288+00||f|f|[]
170|MNTS|2026-06-12|9m_day2|no_entry||14.410000000000000142108547152020037174224853515625|13.28999999999999914734871708787977695465087890625|||||||0|f|||2026-06-12 14:00:01.318545+00||f|f|[]
167|SHAZ|2026-06-12|magna53|no_entry||74.7699999999999960209606797434389591217041015625|62.1099999999999994315658113919198513031005859375|||||||0|f|||2026-06-12 14:00:01.211269+00||f|f|[]
168|SMCI|2026-06-12|9m_day2|no_entry||31.0799999999999982946974341757595539093017578125|29.5|||||||0|f|||2026-06-12 14:00:01.211863+00||f|f|[]
171|VELO|2026-06-12|9m_day2|no_entry||29.42999999999999971578290569595992565155029296875|26.5|||||||0|f|||2026-06-12 14:00:01.380593+00||f|f|[]
172|ROKU|2026-06-15|9m_day2|no_entry||145.8799999999999954525264911353588104248046875|140.8600000000000136424205265939235687255859375|||||||0|f|||2026-06-15 14:00:00.364652+00||f|f|[]
174|NTLA|2026-06-16|9m_day2|no_entry||14.9199999999999999289457264239899814128875732421875|14.4199999999999999289457264239899814128875732421875|||||||0|f|||2026-06-16 14:00:00.912833+00||f|f|[]
173|RXT|2026-06-16|magna53|no_entry||7.160000000000000142108547152020037174224853515625|6.30499999999999971578290569595992565155029296875|||||||0|f|||2026-06-16 14:00:00.912791+00||f|f|[]
175|LION|2026-06-17|9m_day2|no_entry||15.8499999999999996447286321199499070644378662109375|15.199999999999999289457264239899814128875732421875|||||||0|f|||2026-06-17 14:00:01.585446+00||f|f|[]
176|QURE|2026-06-17|magna53|closed||45|42.5|2.080328571428571304835486444062553346157073974609375|45|45|42.5|856.30999999999994543031789362430572509765625|342|0|t|-208.619999999999805595507496036589145660400390625|5|2026-06-17 14:00:02.486457+00|2026-08-18 05:06:10.039658+00|f|t|[{"pnl": -69.53999999999994, "time": "2026-06-22T16:00:00", "price": 44.39, "reason": "partial_profit", "shares": 114.0}, {"pnl": -139.07999999999987, "time": "2026-06-22T16:00:00", "price": 44.39, "reason": "sma_trail_stop", "shares": 228.0}]
180|PDYN|2026-06-18|9m_day2|no_entry||7.3499999999999996447286321199499070644378662109375|7.04999999999999982236431605997495353221893310546875|||||||0|f|||2026-06-18 14:00:02.500205+00||f|f|[]
178|QURE|2026-06-18|9m_day2|no_entry||50.0799999999999982946974341757595539093017578125|47.74499999999999744204615126363933086395263671875|||||||0|f|||2026-06-18 14:00:02.496646+00||f|f|[]
179|SWBI|2026-06-18|magna53|no_entry||17.5625|15.6300000000000007815970093361102044582366943359375|||||||0|f|||2026-06-18 14:00:02.496971+00||f|f|[]
177|UUUU|2026-06-18|magna53|no_entry||18.059999999999998721023075631819665431976318359375|16.8599999999999994315658113919198513031005859375|||||||0|f|||2026-06-18 14:00:02.496693+00||f|f|[]
181|DFTX|2026-06-22|magna53|no_entry||39.159999999999996589394868351519107818603515625|36.5|||||||0|f|||2026-06-22 14:00:00.407002+00||f|f|[]
182|MLTX|2026-06-22|magna53|closed||21.10000000000000142108547152020037174224853515625|19.745000000000000994759830064140260219573974609375|0.94034999999999968611774647797574289143085479736328125|21.10000000000000142108547152020037174224853515625|19.745000000000000994759830064140260219573974609375|19.745000000000000994759830064140260219573974609375|856.6000000000000227373675443232059478759765625|632|0|f|-856.3600000000002410160959698259830474853515625|56|2026-06-22 14:00:01.204505+00|2026-08-17 20:50:08.238208+00|t|f|[{"pnl": -856.3600000000002, "time": "2026-08-17T16:00:00", "price": 19.745, "reason": "stop_hit", "shares": 632.0}]
183|SYRE|2026-06-22|magna53|closed||98.18000000000000682121026329696178436279296875|95|4.92284999999999950404117043945007026195526123046875|98.18000000000000682121026329696178436279296875|95|95|856.6000000000000227373675443232059478759765625|187|0|f|-594.66000000000121872290037572383880615234375|2|2026-06-22 14:00:01.796747+00|2026-08-18 05:06:10.285071+00|f|t|[{"pnl": -594.6600000000012, "time": "2026-06-24T16:00:00", "price": 95.0, "reason": "stop_hit", "shares": 187.0}]
186|ABSI|2026-06-24|magna53|no_entry||10.83990000000000009094947017729282379150390625|9.300000000000000710542735760100185871124267578125|||||||0|f|||2026-06-24 14:00:00.180974+00||f|f|[]
185|BLZE|2026-06-24|9m_day2|no_entry||12.6199999999999992184029906638897955417633056640625|11.800000000000000710542735760100185871124267578125|||||||0|f|||2026-06-24 14:00:00.180704+00||f|f|[]
184|BTQ|2026-06-24|9m_day2|no_entry||5.79000000000000003552713678800500929355621337890625|5.36000000000000031974423109204508364200592041015625|||||||0|f|||2026-06-24 14:00:00.180661+00||f|f|[]
187|FCEL|2026-06-24|magna53|no_entry||25.199000000000001620037437533028423786163330078125|21.6099999999999994315658113919198513031005859375|||||||0|f|||2026-06-24 14:00:00.180964+00||f|f|[]
189|MU|2026-06-25|magna53|closed||1253|1220.25|102.990685714285717722304980270564556121826171875|1253|1220.25|1220.25|739.5900000000000318323145620524883270263671875|14|0|f|-458.5|1|2026-06-25 14:00:00.596533+00|2026-06-26 20:50:08.76685+00|f|f|[{"pnl": -458.5, "time": "2026-06-26T16:00:00", "price": 1220.25, "reason": "stop_hit", "shares": 14.0}]
188|SNX|2026-06-25|magna53|no_entry||295.18999999999999772626324556767940521240234375|278.5|||||||0|f|||2026-06-25 14:00:00.212375+00||f|f|[]
190|ACAD|2026-06-26|magna53|closed||26.489999999999998436805981327779591083526611328125|25.78999999999999914734871708787977695465087890625|0.69821428571428534315401748244767077267169952392578125|26.489999999999998436805981327779591083526611328125|25.78999999999999914734871708787977695465087890625|25.78999999999999914734871708787977695465087890625|725.76999999999998181010596454143524169921875|680|0|f|-475.99999999999954525264911353588104248046875|3|2026-06-26 14:00:00.946249+00|2026-06-29 20:50:08.638136+00|f|f|[{"pnl": -475.99999999999955, "time": "2026-06-29T16:00:00", "price": 25.79, "reason": "stop_hit", "shares": 680.0}]
195|ABBV|2026-06-29|9m_day2|no_entry||253.43000000000000682121026329696178436279296875|249.19999999999998863131622783839702606201171875|||||||0|f|||2026-06-29 14:00:01.662061+00||f|f|[]
194|ATAI|2026-06-29|9m_day2|no_entry||5.36000000000000031974423109204508364200592041015625|5.04999999999999982236431605997495353221893310546875|||||||0|f|||2026-06-29 14:00:01.6618+00||f|f|[]
198|FLO|2026-06-29|9m_day2|no_entry||7.95000000000000017763568394002504646778106689453125|7.79000000000000003552713678800500929355621337890625|||||||0|f|||2026-06-29 14:00:03.235829+00||f|f|[]
199|FROG|2026-06-29|9m_day2|closed||88.8799999999999954525264911353588104248046875|87.5919999999999987494447850622236728668212890625||88.8799999999999954525264911353588104248046875|93.253999999999990677679306827485561370849609375|78.8599999999999994315658113919198513031005859375|370.740000000000009094947017729282379150390625|37|0|t|129.6233333333335622228332795202732086181640625|15|2026-06-29 14:00:03.236026+00|2026-08-18 05:06:11.011798+00|f|t|[{"pnl": 73.13666666666676, "time": "2026-07-02T16:00:00", "price": 94.81, "reason": "partial_profit", "shares": 12.333333333333334}, {"pnl": 56.486666666666814, "time": "2026-07-14T16:00:00", "price": 91.17, "reason": "sma_trail_stop", "shares": 24.666666666666664}]
200|IBRX|2026-06-29|9m_day2|closed||8.92999999999999971578290569595992565155029296875|8.3335000000000007958078640513122081756591796875||8.92999999999999971578290569595992565155029296875|7.6699999999999999289457264239899814128875732421875|7.6699999999999999289457264239899814128875732421875|374.220000000000027284841053187847137451171875|297|0|f|-374.2199999999999135980033315718173980712890625|49|2026-06-29 14:00:03.236119+00|2026-08-17 20:50:09.19835+00|t|f|[{"pnl": -374.2199999999999, "time": "2026-08-17T16:00:00", "price": 7.67, "reason": "stop_hit", "shares": 297.0}]
193|MSFT|2026-06-29|9m_day2|closed||379.76999999999998181010596454143524169921875|375.220000000000027284841053187847137451171875||379.76999999999998181010596454143524169921875|385.20900000000000318323145620524883270263671875|355.43000000000000682121026329696178436279296875|365.1000000000000227373675443232059478759765625|15|0|t|105.2000000000003865352482534945011138916015625|15|2026-06-29 14:00:01.661766+00|2026-08-18 05:06:10.770322+00|f|t|[{"pnl": 53.600000000000136, "time": "2026-07-02T16:00:00", "price": 390.49, "reason": "partial_profit", "shares": 5.0}, {"pnl": 51.60000000000025, "time": "2026-07-14T16:00:00", "price": 384.93, "reason": "sma_trail_stop", "shares": 10.0}]
196|SDOT|2026-06-29|9m_day2|no_entry||20.6700000000000017053025658242404460906982421875|19|||||||0|f|||2026-06-29 14:00:01.683153+00||f|f|[]
197|SNOW|2026-06-29|9m_day2|closed||252.05500000000000682121026329696178436279296875|248.1299999999999954525264911353588104248046875||252.05500000000000682121026329696178436279296875|269.81900000000001682565198279917240142822265625|222.44999999999998863131622783839702606201171875|355.259999999999990905052982270717620849609375|12|0|t|158.339999999999918145476840436458587646484375|23|2026-06-29 14:00:03.235773+00|2026-08-18 05:06:10.527839+00|f|t|[{"pnl": 32.37999999999988, "time": "2026-07-02T16:00:00", "price": 260.15, "reason": "partial_profit", "shares": 4.0}, {"pnl": 125.96000000000004, "time": "2026-07-22T16:00:00", "price": 267.8, "reason": "sma_trail_stop", "shares": 8.0}]
192|STUB|2026-06-29|9m_day2|closed||12.5299999999999993605115378159098327159881591796875|12.3900000000000005684341886080801486968994140625||12.5299999999999993605115378159098327159881591796875|11.5099999999999997868371792719699442386627197265625|11.5099999999999997868371792719699442386627197265625|374.33999999999997498889570124447345733642578125|367|0|f|-374.33999999999986130205797962844371795654296875|49|2026-06-29 14:00:01.661939+00|2026-08-17 20:50:08.715941+00|t|f|[{"pnl": -374.33999999999986, "time": "2026-08-17T16:00:00", "price": 11.51, "reason": "stop_hit", "shares": 367.0}]
191|UBER|2026-06-29|9m_day2|closed||76.7600000000000051159076974727213382720947265625|75.969999999999998863131622783839702606201171875||76.7600000000000051159076974727213382720947265625|72.4500000000000028421709430404007434844970703125|72.4500000000000028421709430404007434844970703125|370.66000000000002501110429875552654266357421875|86|0|f|-370.6600000000001955413608811795711517333984375|1|2026-06-29 14:00:01.661787+00|2026-06-30 20:50:08.659359+00|f|f|[{"pnl": -370.6600000000002, "time": "2026-06-30T16:00:00", "price": 72.45, "reason": "stop_hit", "shares": 86.0}]
201|AVAV|2026-06-30|magna53|no_entry||178.5|162.30000000000001136868377216160297393798828125|||||||0|f|||2026-06-30 14:00:00.192821+00||f|f|[]
202|DLO|2026-07-02|9m_day2|closed||15.0894999999999992468247000942938029766082763671875|14.6899999999999995026200849679298698902130126953125||15.0894999999999992468247000942938029766082763671875|15.0894999999999992468247000942938029766082763671875|13.5600000000000004973799150320701301097869873046875|825.9299999999999499777914024889469146728515625|540|0|t|-395.72999999999950659912428818643093109130859375|46|2026-07-02 14:00:01.746653+00|2026-08-17 20:50:09.682994+00|t|f|[{"pnl": 28.890000000000136, "time": "2026-07-06T16:00:00", "price": 15.25, "reason": "partial_profit", "shares": 180.0}, {"pnl": -424.61999999999966, "time": "2026-08-17T16:00:00", "price": 13.91, "reason": "sma_trail_stop", "shares": 360.0}]
203|NKE|2026-07-02|9m_day2|closed||44.78999999999999914734871708787977695465087890625|43.909999999999996589394868351519107818603515625||44.78999999999999914734871708787977695465087890625|40.1099999999999994315658113919198513031005859375|40.1099999999999994315658113919198513031005859375|823.6799999999999499777914024889469146728515625|176|0|f|-823.6799999999999499777914024889469146728515625|46|2026-07-02 14:00:01.746643+00|2026-08-17 20:50:09.926586+00|t|f|[{"pnl": -823.68, "time": "2026-08-17T16:00:00", "price": 40.11, "reason": "stop_hit", "shares": 176.0}]
204|WULF|2026-07-06|magna53|closed||24.89999999999999857891452847979962825775146484375|23.690000000000001278976924368180334568023681640625|2.223210714285714484361733411788009107112884521484375|24.89999999999999857891452847979962825775146484375|23.690000000000001278976924368180334568023681640625|23.690000000000001278976924368180334568023681640625|846.799999999999954525264911353588104248046875|699|0|f|-845.7899999999981446308083832263946533203125|1|2026-07-06 14:00:00.886941+00|2026-07-07 20:50:10.633738+00|f|f|[{"pnl": -845.7899999999981, "time": "2026-07-07T16:00:00", "price": 23.69, "reason": "stop_hit", "shares": 699.0}]
205|DOCN|2026-07-07|magna53|no_entry||146.56999999999999317878973670303821563720703125|141.490000000000009094947017729282379150390625|||||||0|f|||2026-07-07 14:00:00.127754+00||f|f|[]
206|PENG|2026-07-09|9m_day2|no_entry||87.780000000000001136868377216160297393798828125|82.409999999999996589394868351519107818603515625|||||||0|f|||2026-07-09 14:00:00.432868+00||f|f|[]
208|CRCL|2026-07-10|magna53|closed||72.06000000000000227373675443232059478759765625|69.2900000000000062527760746888816356658935546875|5.6673571428571420938169467262923717498779296875|72.06000000000000227373675443232059478759765625|69.2900000000000062527760746888816356658935546875|69.2900000000000062527760746888816356658935546875|430.3600000000000136424205265939235687255859375|155|0|f|-429.34999999999939745976007543504238128662109375|3|2026-07-10 14:00:00.749173+00|2026-07-13 20:50:10.365414+00|f|f|[{"pnl": -429.3499999999994, "time": "2026-07-13T16:00:00", "price": 69.29, "reason": "stop_hit", "shares": 155.0}]
207|WDFC|2026-07-10|magna53|no_entry||298.8990000000000009094947017729282379150390625|287.06000000000000227373675443232059478759765625|||||||0|f|||2026-07-10 14:00:00.491561+00||f|f|[]
210|CLSK|2026-07-14|magna53|no_entry||15.0999999999999996447286321199499070644378662109375|13.3800000000000007815970093361102044582366943359375|||||||0|f|||2026-07-14 14:00:00.260418+00||f|f|[]
209|QTTB|2026-07-14|9m_day2|no_entry||23.2576999999999998181010596454143524169921875|21.14999999999999857891452847979962825775146484375|||||||0|f|||2026-07-14 14:00:00.260344+00||f|f|[]
211|TSEM|2026-07-14|magna53|closed||274|266.33999999999997498889570124447345733642578125|21.63180000000000546833689440973103046417236328125|274|266.33999999999997498889570124447345733642578125|266.33999999999997498889570124447345733642578125|400.70999999999997953636921010911464691162109375|52|0|f|-398.320000000001300577423535287380218505859375|1|2026-07-14 14:00:00.324545+00|2026-07-15 20:50:11.934831+00|f|f|[{"pnl": -398.3200000000013, "time": "2026-07-15T16:00:00", "price": 266.34, "reason": "stop_hit", "shares": 52.0}]
213|AEHR|2026-07-15|magna53|closed||106.3700000000000045474735088646411895751953125|95|9.428764285714283488459841464646160602569580078125|106.3700000000000045474735088646411895751953125|95|95|415.54000000000002046363078989088535308837890625|36|0|f|-409.32000000000016370904631912708282470703125|1|2026-07-15 14:00:00.209678+00|2026-07-16 20:50:10.511795+00|f|f|[{"pnl": -409.32000000000016, "time": "2026-07-16T16:00:00", "price": 95.0, "reason": "stop_hit", "shares": 36.0}]
212|MANE|2026-07-15|magna53|closed||122.3900000000000005684341886080801486968994140625|118|8.9457000000000022055246517993509769439697265625|122.3900000000000005684341886080801486968994140625|118|118|415.54000000000002046363078989088535308837890625|94|0|f|-412.660000000000081854523159563541412353515625|1|2026-07-15 14:00:00.197925+00|2026-07-16 20:50:10.274602+00|f|f|[{"pnl": -412.6600000000001, "time": "2026-07-16T16:00:00", "price": 118.0, "reason": "stop_hit", "shares": 94.0}]
214|OI|2026-07-16|9m_day2|closed||9.78999999999999914734871708787977695465087890625|9.46000000000000085265128291212022304534912109375||9.78999999999999914734871708787977695465087890625|8.4199999999999999289457264239899814128875732421875|8.4199999999999999289457264239899814128875732421875|432.92000000000001591615728102624416351318359375|316|0|f|-432.9199999999997316990629769861698150634765625|32|2026-07-16 14:00:00.226661+00|2026-08-17 20:50:10.168315+00|t|f|[{"pnl": -432.91999999999973, "time": "2026-08-17T16:00:00", "price": 8.42, "reason": "stop_hit", "shares": 316.0}]
216|HUT|2026-07-20|magna53|closed||104.5100000000000051159076974727213382720947265625|100.81000000000000227373675443232059478759765625|10.8689785714285722661998079274781048297882080078125|104.5100000000000051159076974727213382720947265625|100.81000000000000227373675443232059478759765625|100.81000000000000227373675443232059478759765625|364.55000000000001136868377216160297393798828125|98|0|f|-362.6000000000002501110429875552654266357421875|28|2026-07-20 14:00:00.244155+00|2026-08-17 20:50:10.4097+00|t|f|[{"pnl": -362.60000000000025, "time": "2026-08-17T16:00:00", "price": 100.81, "reason": "stop_hit", "shares": 98.0}]
215|WU|2026-07-20|9m_day2|no_entry||8.660000000000000142108547152020037174224853515625|8.4900000000000002131628207280300557613372802734375|||||||0|f|||2026-07-20 14:00:00.176658+00||f|f|[]
218|ADVB|2026-07-21|9m_day2|no_entry||8.9000000000000003552713678800500929355621337890625|7.82000000000000028421709430404007434844970703125|||||||0|f|||2026-07-21 14:00:00.175552+00||f|f|[]
217|ZYBT|2026-07-21|9m_day2|no_entry||4.339999999999999857891452847979962825775146484375|2.95000000000000017763568394002504646778106689453125|||||||0|f|||2026-07-21 14:00:00.175519+00||f|f|[]
219|ARWR|2026-07-22|magna53|closed||89.2099999999999937472239253111183643341064453125|84.340000000000003410605131648480892181396484375|4.04524999999999845812226340058259665966033935546875|89.2099999999999937472239253111183643341064453125|89.2099999999999937472239253111183643341064453125|84.340000000000003410605131648480892181396484375|403.18000000000000682121026329696178436279296875|82|0|t|-41.81999999999925421434454619884490966796875|26|2026-07-22 14:00:00.180791+00|2026-08-17 20:50:10.885562+00|t|f|[{"pnl": -13.93999999999975, "time": "2026-08-17T16:00:00", "price": 88.7, "reason": "partial_profit", "shares": 27.333333333333332}, {"pnl": -27.879999999999505, "time": "2026-08-17T16:00:00", "price": 88.7, "reason": "sma_trail_stop", "shares": 54.66666666666667}]
220|SMCI|2026-07-22|magna53|closed||29.809999999999998721023075631819665431976318359375|28.5|1.5697142857142856176011491697863675653934478759765625|29.809999999999998721023075631819665431976318359375|28.5|28.5|403.18000000000000682121026329696178436279296875|307|0|f|-402.16999999999961801222525537014007568359375|5|2026-07-22 14:00:00.189114+00|2026-08-18 05:06:11.260608+00|f|t|[{"pnl": -402.1699999999996, "time": "2026-07-27T16:00:00", "price": 28.5, "reason": "stop_hit", "shares": 307.0}]
222|BLFS|2026-07-23|9m_day2|no_entry||32.22999999999999687361196265555918216705322265625|31.14999999999999857891452847979962825775146484375|||||||0|f|||2026-07-23 14:00:00.330342+00||f|f|[]
223|NVCR|2026-07-23|magna53|gate_blocked|setup:stop_too_wide: ORB range $1.55 (8.6%) > 1.5x ATR $1.32|19.550000000000000710542735760100185871124267578125|18|||||||0|f|||2026-07-23 14:00:00.333765+00||f|f|[]
221|PN|2026-07-23|9m_day2|no_entry||8.71000000000000085265128291212022304534912109375|8|||||||0|f|||2026-07-23 14:00:00.330269+00||f|f|[]
224|THC|2026-07-24|magna53|no_entry||246.55500000000000682121026329696178436279296875|233.580000000000012505552149377763271331787109375|||||||0|f|||2026-07-24 14:00:00.195979+00||f|f|[]
225|WKC|2026-07-24|magna53|gate_blocked|setup:stop_too_wide: ORB range $2.38 (6.2%) > 1.5x ATR $1.38|40.89999999999999857891452847979962825775146484375|38.52000000000000312638803734444081783294677734375|||||||0|f|||2026-07-24 14:00:00.200012+00||f|f|[]
226|CLF|2026-07-27|9m_day2|no_entry||12.28999999999999914734871708787977695465087890625|11.7520000000000006679101716144941747188568115234375|||||||0|f|||2026-07-27 14:00:00.241458+00||f|f|[]
227|QBTS|2026-07-27|magna53|closed||18.605199999999999960209606797434389591217041015625|17.75|1.2432357142857146659054023984936065971851348876953125|18.605199999999999960209606797434389591217041015625|17.75|17.75|449.23000000000001818989403545856475830078125|525|0|f|-448.97999999999996134647517465054988861083984375|1|2026-07-27 14:00:00.253661+00|2026-07-28 20:50:11.211611+00|f|f|[{"pnl": -448.97999999999996, "time": "2026-07-28T16:00:00", "price": 17.75, "reason": "stop_hit", "shares": 525.0}]
229|CORZ|2026-07-28|magna53|no_entry||20.969999999999998863131622783839702606201171875|19.75|||||||0|f|||2026-07-28 14:00:00.18449+00||f|f|[]
228|JBS|2026-07-28|9m_day2|closed||14.2349999999999994315658113919198513031005859375|13.824999999999999289457264239899814128875732421875||14.2349999999999994315658113919198513031005859375|14.2349999999999994315658113919198513031005859375|12.6500000000000003552713678800500929355621337890625|448.55000000000001136868377216160297393798828125|283|0|t|-224.9850000000000136424205265939235687255859375|20|2026-07-28 14:00:00.184517+00|2026-08-17 20:50:11.123895+00|t|f|[{"pnl": -74.99499999999999, "time": "2026-08-17T16:00:00", "price": 13.44, "reason": "partial_profit", "shares": 94.33333333333333}, {"pnl": -149.99, "time": "2026-08-17T16:00:00", "price": 13.44, "reason": "sma_trail_stop", "shares": 188.66666666666669}]
230|TER|2026-07-29|magna53|closed||369.30000000000001136868377216160297393798828125|357.8899999999999863575794734060764312744140625|28.203142857142854182939117890782654285430908203125|369.30000000000001136868377216160297393798828125|357.8899999999999863575794734060764312744140625|357.8899999999999863575794734060764312744140625|449.23000000000001818989403545856475830078125|39|0|f|-444.99000000000097543306765146553516387939453125|1|2026-07-29 14:00:00.165169+00|2026-07-30 20:50:11.469528+00|f|f|[{"pnl": -444.990000000001, "time": "2026-07-30T16:00:00", "price": 357.89, "reason": "stop_hit", "shares": 39.0}]
232|ARM|2026-07-30|magna53|no_entry||268.48000000000001818989403545856475830078125|250|||||||0|f|||2026-07-30 14:00:00.291361+00||f|f|[]
236|CORT|2026-07-30|magna53|gate_blocked|setup:stop_too_wide: ORB range $8.10 (7.7%) > 1.5x ATR $6.89|112.849999999999994315658113919198513031005859375|104.75|||||||0|f|||2026-07-30 14:00:00.348373+00||f|f|[]
235|EME|2026-07-30|magna53|closed||793.990000000000009094947017729282379150390625|771.6599999999999681676854379475116729736328125|28.041221428571436291576901567168533802032470703125|793.990000000000009094947017729282379150390625|826.1670000000000300133251585066318511962890625|771.6599999999999681676854379475116729736328125|224.6100000000000136424205265939235687255859375|10|0|t|281.699999999999590727384202182292938232421875|19|2026-07-30 14:00:00.348065+00|2026-08-18 20:50:00.05925+00|f|t|[{"pnl": 78.09999999999984, "time": "2026-08-03T16:00:00", "price": 817.42, "reason": "partial_profit", "shares": 3.3333333333333335}, {"pnl": 203.59999999999974, "time": "2026-08-18T16:00:00", "price": 824.53, "reason": "sma_trail_stop", "shares": 6.666666666666666}]
231|FTNT|2026-07-30|magna53|no_entry||169.259999999999990905052982270717620849609375|159.349999999999994315658113919198513031005859375|||||||0|f|||2026-07-30 14:00:00.291142+00||f|f|[]
237|GEHC|2026-07-30|9m_day2|no_entry||71.81999999999999317878973670303821563720703125|70.349999999999994315658113919198513031005859375|||||||0|f|||2026-07-30 14:00:00.348335+00||f|f|[]
233|PWR|2026-07-30|magna53|no_entry||679.799999999999954525264911353588104248046875|647|||||||0|f|||2026-07-30 14:00:00.293903+00||f|f|[]
234|SIMO|2026-07-30|magna53|no_entry||285|255.8899999999999863575794734060764312744140625|||||||0|f|||2026-07-30 14:00:00.323166+00||f|f|[]
239|BHC|2026-07-31|9m_day2|gate_blocked|setup:stop_too_wide: stop distance 20.3% > 15%|6.23500000000000031974423109204508364200592041015625|5.980000000000000426325641456060111522674560546875|||||||0|f|||2026-07-31 14:00:00.389866+00||f|f|[]
242|COHU|2026-07-31|magna53|no_entry||57.88000000000000255795384873636066913604736328125|50.170299999999997453414835035800933837890625|||||||0|f|||2026-07-31 14:00:00.388774+00||f|f|[]
240|FET|2026-07-31|magna53|no_entry||64.5970999999999975216269376687705516815185546875|60|||||||0|f|||2026-07-31 14:00:00.388701+00||f|f|[]
238|FLNC|2026-07-31|magna53|no_entry||15.125|14.5099999999999997868371792719699442386627197265625|||||||0|f|||2026-07-31 14:00:00.38875+00||f|f|[]
241|NWL|2026-07-31|magna53|no_entry||7.12990000000000012647660696529783308506011962890625|6.46999999999999975131004248396493494510650634765625|||||||0|f|||2026-07-31 14:00:00.389287+00||f|f|[]
244|AMZN|2026-08-03|9m_day2|closed||284.93999999999999772626324556767940521240234375|278||284.93999999999999772626324556767940521240234375|262.009999999999990905052982270717620849609375|262.009999999999990905052982270717620849609375|435.67000000000001591615728102624416351318359375|19|0|f|-435.67000000000012960299500264227390289306640625|14|2026-08-03 14:00:00.204534+00|2026-08-17 20:50:11.840625+00|t|f|[{"pnl": -435.67000000000013, "time": "2026-08-17T16:00:00", "price": 262.01, "reason": "stop_hit", "shares": 19.0}]
243|FTK|2026-08-03|magna53|closed||26.469999999999998863131622783839702606201171875|24.53999999999999914734871708787977695465087890625|1.7979642857142847933715756880701519548892974853515625|26.469999999999998863131622783839702606201171875|34.86399999999999721467247582040727138519287109375|24.53999999999999914734871708787977695465087890625|449.23000000000001818989403545856475830078125|232|0|t|1108.960000000000263753463514149188995361328125|14|2026-08-03 14:00:00.190729+00|2026-08-18 05:06:11.786535+00|f|t|[{"pnl": 770.24, "time": "2026-08-06T16:00:00", "price": 36.43, "reason": "partial_profit", "shares": 77.33333333333333}, {"pnl": 338.72000000000025, "time": "2026-08-17T16:00:00", "price": 28.66, "reason": "sma_trail_stop", "shares": 154.66666666666669}]
246|AEIS|2026-08-04|magna53|no_entry||342.42000000000001591615728102624416351318359375|323.55000000000001136868377216160297393798828125|||||||0|f|||2026-08-04 14:00:00.114198+00||f|f|[]
247|BLZE|2026-08-04|magna53|no_entry||23.989999999999998436805981327779591083526611328125|20.10000000000000142108547152020037174224853515625|||||||0|f|||2026-08-04 14:00:00.132022+00||f|f|[]
248|BTDR|2026-08-04|magna53|closed||12.8900000000000005684341886080801486968994140625|12.3300000000000000710542735760100185871124267578125|1.2580928571428573459201061268686316907405853271484375|12.8900000000000005684341886080801486968994140625|12.3300000000000000710542735760100185871124267578125|12.3300000000000000710542735760100185871124267578125|673.8400000000000318323145620524883270263671875|1203|0|f|-673.6800000000006320988177321851253509521484375|1|2026-08-04 14:00:00.135716+00|2026-08-05 20:50:12.400773+00|f|f|[{"pnl": -673.6800000000006, "time": "2026-08-05T16:00:00", "price": 12.33, "reason": "stop_hit", "shares": 1203.0}]
249|CAT|2026-08-04|magna53|no_entry||934.9994000000000369254848919808864593505859375|913.9099999999999681676854379475116729736328125|||||||0|f|||2026-08-04 14:00:00.152879+00||f|f|[]
245|LIFE|2026-08-04|magna53|no_entry||28.78999999999999914734871708787977695465087890625|26.800000000000000710542735760100185871124267578125|||||||0|f|||2026-08-04 14:00:00.101879+00||f|f|[]
250|PLTR|2026-08-04|magna53|closed||149.849999999999994315658113919198513031005859375|143.280000000000001136868377216160297393798828125|5.91997857142857153434079009457491338253021240234375|149.849999999999994315658113919198513031005859375|174.58899999999999863575794734060764312744140625|143.280000000000001136868377216160297393798828125|673.8400000000000318323145620524883270263671875|102|0|t|2309.2799999999997453414835035800933837890625|21|2026-08-04 14:00:00.173065+00|2026-08-25 20:50:00.054812+00|f|t|[{"pnl": 753.4399999999998, "time": "2026-08-07T16:00:00", "price": 172.01, "reason": "partial_profit", "shares": 34.0}, {"pnl": 1555.8399999999997, "time": "2026-08-25T16:00:00", "price": 172.73, "reason": "sma_trail_stop", "shares": 68.0}]
251|VOYG|2026-08-04|magna53|closed||35.0750000000000028421709430404007434844970703125|33.1914000000000015688783605583012104034423828125|2.248900000000000343192141372128389775753021240234375|35.0750000000000028421709430404007434844970703125|33.1914000000000015688783605583012104034423828125|33.1914000000000015688783605583012104034423828125|673.8400000000000318323145620524883270263671875|357|0|f|-672.4452000000004545654519461095333099365234375|1|2026-08-04 14:00:00.180476+00|2026-08-05 20:50:12.914941+00|f|f|[{"pnl": -672.4452000000005, "time": "2026-08-05T16:00:00", "price": 33.1914, "reason": "stop_hit", "shares": 357.0}]
252|ZBRA|2026-08-04|magna53|no_entry||360.57999999999998408384271897375583648681640625|329.47250000000002501110429875552654266357421875|||||||0|f|||2026-08-04 14:00:00.202665+00||f|f|[]
261|APPS|2026-08-05|magna53|gate_blocked|setup:stop_too_wide: ORB range $1.60 (13.4%) > 1.5x ATR $1.09|13.5|11.9000000000000003552713678800500929355621337890625|||||||0|f|||2026-08-05 14:00:00.326977+00||f|f|[]
258|GENI|2026-08-05|9m_day2|no_entry||8.589999999999999857891452847979962825775146484375|8.0999999999999996447286321199499070644378662109375|||||||0|f|||2026-08-05 14:00:00.183895+00||f|f|[]
255|KMT|2026-08-05|magna53|no_entry||41.11999999999999744204615126363933086395263671875|36.59949999999999903366187936626374721527099609375|||||||0|f|||2026-08-05 14:00:00.153591+00||f|f|[]
256|KODK|2026-08-05|magna53|no_entry||10.0250000000000003552713678800500929355621337890625|9.4900000000000002131628207280300557613372802734375|||||||0|f|||2026-08-05 14:00:00.158025+00||f|f|[]
253|KTOS|2026-08-05|magna53|no_entry||62.340000000000003410605131648480892181396484375|56.49000000000000198951966012828052043914794921875|||||||0|f|||2026-08-05 14:00:00.147424+00||f|f|[]
260|NB|2026-08-05|9m_day2|no_entry||5.32000000000000028421709430404007434844970703125|5.12999999999999989341858963598497211933135986328125|||||||0|f|||2026-08-05 14:00:00.247519+00||f|f|[]
259|PLTR|2026-08-05|9m_day2|gate_blocked|setup:faded_from_orb: last $161.67 < threshold $162.00 (ratio=0.25, ORB H=$165.92 L=$160.70, faded 2.6%)|165.919999999999987494447850622236728668212890625|160.69999999999998863131622783839702606201171875|||||||0|f|||2026-08-05 14:00:00.216064+00||f|f|[]
254|TATT|2026-08-05|magna53|no_entry||52.99000000000000198951966012828052043914794921875|49.280000000000001136868377216160297393798828125|||||||0|f|||2026-08-05 14:00:00.149482+00||f|f|[]
257|W|2026-08-05|9m_day2|no_entry||115.530000000000001136868377216160297393798828125|111.6200000000000045474735088646411895751953125|||||||0|f|||2026-08-05 14:00:00.170913+00||f|f|[]
265|AEVA|2026-08-06|magna53|gate_blocked|setup:stop_too_wide: ORB range $3.24 (14.2%) > 1.5x ATR $2.33|26.089999999999999857891452847979962825775146484375|22.85000000000000142108547152020037174224853515625|||||||0|f|||2026-08-06 14:00:00.171939+00||f|f|[]
263|INSM|2026-08-06|magna53|gate_blocked|setup:stop_too_wide: ORB range $6.18 (4.9%) > 1.5x ATR $4.94|132.330000000000012505552149377763271331787109375|126.150000000000005684341886080801486968994140625|||||||0|f|||2026-08-06 14:00:00.125657+00||f|f|[]
267|LFST|2026-08-06|magna53|no_entry||10.9900000000000002131628207280300557613372802734375|10.0800000000000000710542735760100185871124267578125|||||||0|f|||2026-08-06 14:00:00.228061+00||f|f|[]
262|RDW|2026-08-06|magna53|no_entry||12.75|11.4199999999999999289457264239899814128875732421875|||||||0|f|||2026-08-06 14:00:00.124574+00||f|f|[]
264|SITM|2026-08-06|magna53|no_entry||685.5|622.69000000000005456968210637569427490234375|||||||0|f|||2026-08-06 14:00:00.135441+00||f|f|[]
266|U|2026-08-06|magna53|gate_blocked|setup:stop_too_wide: ORB range $4.07 (11.7%) > 1.5x ATR $2.75|38.86999999999999744204615126363933086395263671875|34.7999999999999971578290569595992565155029296875|||||||0|f|||2026-08-06 14:00:00.18875+00||f|f|[]
269|ACMR|2026-08-07|magna53|no_entry||93.4200000000000017053025658242404460906982421875|83|||||||0|f|||2026-08-07 14:00:00.126539+00||f|f|[]
275|CAI|2026-08-07|9m_day2|closed||20.980000000000000426325641456060111522674560546875|20.12010000000000076170181273482739925384521484375||20.980000000000000426325641456060111522674560546875|20.980000000000000426325641456060111522674560546875|17.949999999999999289457264239899814128875732421875|898.3600000000000136424205265939235687255859375|296|0|t|236.799999999999528199623455293476581573486328125|11|2026-08-07 14:00:00.255544+00|2026-08-18 20:50:00.537805+00|f|t|[{"pnl": 238.77333333333317, "time": "2026-08-10T16:00:00", "price": 23.4, "reason": "partial_profit", "shares": 98.66666666666667}, {"pnl": -1.9733333333336416, "time": "2026-08-18T16:00:00", "price": 20.97, "reason": "sma_trail_stop", "shares": 197.33333333333331}]
271|FIGS|2026-08-07|magna53|no_entry||16.379999999999999005240169935859739780426025390625|14.8300000000000000710542735760100185871124267578125|||||||0|f|||2026-08-07 14:00:00.169924+00||f|f|[]
272|FROG|2026-08-07|magna53|no_entry||96.2549999999999954525264911353588104248046875|88.93000000000000682121026329696178436279296875|||||||0|f|||2026-08-07 14:00:00.174787+00||f|f|[]
278|IOVA|2026-08-07|9m_day2|no_entry||6.9199999999999999289457264239899814128875732421875|6.3300000000000000710542735760100185871124267578125|||||||0|f|||2026-08-07 14:00:00.37717+00||f|f|[]
273|NET|2026-08-07|magna53|closed||322.490000000000009094947017729282379150390625|311|14.2010214285714244653036075760610401630401611328125|322.490000000000009094947017729282379150390625|311|311|898.4600000000000363797880709171295166015625|55|0|f|-631.950000000000500222085975110530853271484375|3|2026-08-07 14:00:00.179912+00|2026-08-10 20:50:12.327143+00|f|f|[{"pnl": -631.9500000000005, "time": "2026-08-10T16:00:00", "price": 311.0, "reason": "stop_hit", "shares": 55.0}]
268|QNST|2026-08-07|magna53|no_entry||20.5|19.21000000000000085265128291212022304534912109375|||||||0|f|||2026-08-07 14:00:00.123654+00||f|f|[]
277|SPCX|2026-08-07|9m_day2|closed||119.1299999999999954525264911353588104248046875|114.530000000000001136868377216160297393798828125||119.1299999999999954525264911353588104248046875|139.9660000000000081854523159563541412353515625|105.1099999999999994315658113919198513031005859375|897.279999999999972715158946812152862548828125|64|0|t|1179.52000000000043655745685100555419921875|14|2026-08-07 14:00:00.375091+00|2026-08-21 20:50:00.310564+00|f|t|[{"pnl": 418.3466666666669, "time": "2026-08-10T16:00:00", "price": 138.74, "reason": "partial_profit", "shares": 21.333333333333332}, {"pnl": 761.1733333333335, "time": "2026-08-21T16:00:00", "price": 136.97, "reason": "sma_trail_stop", "shares": 42.66666666666667}]
270|TEAM|2026-08-07|magna53|no_entry||151.3700000000000045474735088646411895751953125|143.210000000000007958078640513122081756591796875|||||||0|f|||2026-08-07 14:00:00.15662+00||f|f|[]
274|TWLO|2026-08-07|magna53|no_entry||240|227.020000000000010231815394945442676544189453125|||||||0|f|||2026-08-07 14:00:00.225188+00||f|f|[]
276|U|2026-08-07|9m_day2|gate_blocked|setup:stop_too_wide: stop distance 19.9% > 15%|43.46000000000000085265128291212022304534912109375|41.77000000000000312638803734444081783294677734375|||||||0|f|||2026-08-07 14:00:00.324171+00||f|f|[]
282|ABCL|2026-08-10|magna53|closed||9.03999999999999914734871708787977695465087890625|8.4000000000000003552713678800500929355621337890625|0.433928571428571441259691710001789033412933349609375|9.03999999999999914734871708787977695465087890625|11.0295000000000005258016244624741375446319580078125|8.4000000000000003552713678800500929355621337890625|898.4600000000000363797880709171295166015625|1403|0|t|2371.07000000000107320374809205532073974609375|14|2026-08-10 14:00:00.188354+00|2026-08-24 20:50:00.30483+00|f|t|[{"pnl": 902.5966666666674, "time": "2026-08-13T16:00:00", "price": 10.97, "reason": "partial_profit", "shares": 467.6666666666667}, {"pnl": 1468.4733333333336, "time": "2026-08-24T16:00:00", "price": 10.61, "reason": "sma_trail_stop", "shares": 935.3333333333333}]
284|ABNB|2026-08-10|9m_day2|closed||181.6399999999999863575794734060764312744140625|177.43000000000000682121026329696178436279296875||181.6399999999999863575794734060764312744140625|181.6399999999999863575794734060764312744140625|163.44999999999998863131622783839702606201171875|891.30999999999994543031789362430572509765625|49|0|t|-115.1499999999997356781022972427308559417724609375|7|2026-08-10 14:00:00.279488+00|2026-08-17 20:50:12.799662+00|t|f|[{"pnl": -38.38333333333324, "time": "2026-08-17T16:00:00", "price": 179.29, "reason": "partial_profit", "shares": 16.333333333333332}, {"pnl": -76.7666666666665, "time": "2026-08-17T16:00:00", "price": 179.29, "reason": "sma_trail_stop", "shares": 32.66666666666667}]
279|BTG|2026-08-10|9m_day2|no_entry||5.12999999999999989341858963598497211933135986328125|4.96999999999999975131004248396493494510650634765625|||||||0|f|||2026-08-10 14:00:00.112067+00||f|f|[]
280|CART|2026-08-10|9m_day2|no_entry||50.9500000000000028421709430404007434844970703125|49.231099999999997862687450833618640899658203125|||||||0|f|||2026-08-10 14:00:00.125974+00||f|f|[]
281|CRSR|2026-08-10|9m_day2|no_entry||14.9779999999999997584154698415659368038177490234375|13.9199999999999999289457264239899814128875732421875|||||||0|f|||2026-08-10 14:00:00.148177+00||f|f|[]
285|DKNG|2026-08-10|9m_day2|closed||24.21430000000000148929757415316998958587646484375|23.550000000000000710542735760100185871124267578125||24.21430000000000148929757415316998958587646484375|24.21430000000000148929757415316998958587646484375|21.8900000000000005684341886080801486968994140625|897.5700000000000500222085975110530853271484375|387|0|t|110.56589999999943074726616032421588897705078125|8|2026-08-10 14:00:00.285339+00|2026-08-18 20:50:01.022819+00|f|t|[{"pnl": 155.53530000000003, "time": "2026-08-13T16:00:00", "price": 25.42, "reason": "partial_profit", "shares": 129.0}, {"pnl": -44.969400000000604, "time": "2026-08-18T16:00:00", "price": 24.04, "reason": "sma_trail_stop", "shares": 258.0}]
283|TH|2026-08-10|magna53|closed||16.219999999999998863131622783839702606201171875|15.050000000000000710542735760100185871124267578125|0.8544714285714285484374386214767582714557647705078125|16.219999999999998863131622783839702606201171875|17.37700000000000244426701101474463939666748046875|15.050000000000000710542735760100185871124267578125|898.4600000000000363797880709171295166015625|767|0|t|299.1300000000013596945791505277156829833984375|16|2026-08-10 14:00:00.197101+00|2026-08-26 20:50:00.054608+00|f|t|[{"pnl": 12.783333333333514, "time": "2026-08-13T16:00:00", "price": 16.27, "reason": "partial_profit", "shares": 255.66666666666666}, {"pnl": 286.34666666666783, "time": "2026-08-26T16:00:00", "price": 16.78, "reason": "sma_trail_stop", "shares": 511.33333333333337}]
287|BW|2026-08-11|magna53|no_entry||12.0800000000000000710542735760100185871124267578125|10.519999999999999573674358543939888477325439453125|||||||0|f|||2026-08-11 14:00:00.128059+00||f|f|[]
286|FRMI|2026-08-11|magna53|no_entry||7.38989999999999991331378623726777732372283935546875|6.95999999999999996447286321199499070644378662109375|||||||0|f|||2026-08-11 14:00:00.127558+00||f|f|[]
289|RIOT|2026-08-11|magna53|no_entry||23.660000000000000142108547152020037174224853515625|21.370000000000000994759830064140260219573974609375|||||||0|f|||2026-08-11 14:00:00.153508+00||f|f|[]
288|SE|2026-08-11|magna53|no_entry||130.009999999999990905052982270717620849609375|124.5199999999999960209606797434389591217041015625|||||||0|f|||2026-08-11 14:00:00.134475+00||f|f|[]
291|ATRO|2026-08-12|magna53|gate_blocked|setup:stop_too_wide: ORB range $8.96 (11.3%) > 1.5x ATR $5.29|88.4599999999999937472239253111183643341064453125|79.5|||||||0|f|||2026-08-12 14:00:00.103609+00||f|f|[]
294|EROC|2026-08-12|magna53|closed||13.5999999999999996447286321199499070644378662109375|12.73349999999999937472239253111183643341064453125|1.09927857142857110517297769547440111637115478515625|13.5999999999999996447286321199499070644378662109375|12.73349999999999937472239253111183643341064453125|12.73349999999999937472239253111183643341064453125|898.4600000000000363797880709171295166015625|1036|0|t|713.8039999999992915036273188889026641845703125|8|2026-08-12 14:00:00.240549+00|2026-08-20 20:50:01.039837+00|f|f|[{"pnl": 1312.2666666666662, "time": "2026-08-17T16:00:00", "price": 17.4, "reason": "partial_profit", "shares": 345.3333333333333}, {"pnl": -598.4626666666669, "time": "2026-08-20T16:00:00", "price": 12.7335, "reason": "stop_hit", "shares": 690.6666666666667}]
290|GLBE|2026-08-12|magna53|no_entry||43.99000000000000198951966012828052043914794921875|41.00999999999999801048033987171947956085205078125|||||||0|f|||2026-08-12 14:00:00.097259+00||f|f|[]
293|NIQ|2026-08-12|9m_day2|gate_blocked|setup:stop_too_wide: stop distance 17.5% > 15%|16.5|15.75|||||||0|f|||2026-08-12 14:00:00.21595+00||f|f|[]
295|QMCO|2026-08-12|9m_day2|gate_blocked|setup:stop_too_wide: stop distance 35.1% > 15%|21.566900000000000403588273911736905574798583984375|20.010000000000001563194018672220408916473388671875|||||||0|f|||2026-08-12 14:00:00.345814+00||f|f|[]
292|SE|2026-08-12|9m_day2|no_entry||131.900000000000005684341886080801486968994140625|129.419999999999987494447850622236728668212890625|||||||0|f|||2026-08-12 14:00:00.106841+00||f|f|[]
297|CGEM|2026-08-13|magna53|no_entry||21|19.219999999999998863131622783839702606201171875|||||||0|f|||2026-08-13 14:00:00.140485+00||f|f|[]
299|CRMD|2026-08-13|magna53|closed||8.75|8.3300000000000000710542735760100185871124267578125|0.280535714285714277149708095748792402446269989013671875|8.75|8.3300000000000000710542735760100185871124267578125|8.3300000000000000710542735760100185871124267578125|898.4600000000000363797880709171295166015625|2053|0|f|-862.2599999999998772182152606546878814697265625|1|2026-08-13 14:00:00.196721+00|2026-08-14 20:50:14.303505+00|f|f|[{"pnl": -862.2599999999999, "time": "2026-08-14T16:00:00", "price": 8.33, "reason": "stop_hit", "shares": 2053.0}]
296|HLIT|2026-08-13|magna53|no_entry||15.0600000000000004973799150320701301097869873046875|13.67999999999999971578290569595992565155029296875|||||||0|f|||2026-08-13 14:00:00.097269+00||f|f|[]
300|SMCI|2026-08-13|9m_day2|closed||39.67999999999999971578290569595992565155029296875|38.2000000000000028421709430404007434844970703125||39.67999999999999971578290569595992565155029296875|39.67999999999999971578290569595992565155029296875|33.93999999999999772626324556767940521240234375|895.4199999999999590727384202182292938232421875|156|0|t|-354.1200000000004592948243953287601470947265625|5|2026-08-13 14:00:00.339162+00|2026-08-18 20:50:02.01686+00|f|f|[{"pnl": -118.04000000000016, "time": "2026-08-18T16:00:00", "price": 37.41, "reason": "partial_profit", "shares": 52.0}, {"pnl": -236.08000000000033, "time": "2026-08-18T16:00:00", "price": 37.41, "reason": "sma_trail_stop", "shares": 104.0}]
298|WEN|2026-08-13|9m_day2|no_entry||8.67999999999999971578290569595992565155029296875|8.5050000000000007815970093361102044582366943359375|||||||0|f|||2026-08-13 14:00:00.146142+00||f|f|[]
302|AVAH|2026-08-14|9m_day2|no_entry||12.519999999999999573674358543939888477325439453125|11.5800000000000000710542735760100185871124267578125|||||||0|f|||2026-08-14 14:00:00.150271+00||f|f|[]
301|ETON|2026-08-14|magna53|no_entry||59.78999999999999914734871708787977695465087890625|53.00999999999999801048033987171947956085205078125|||||||0|f|||2026-08-14 14:00:00.129814+00||f|f|[]
304|HTFL|2026-08-14|magna53|gate_blocked|setup:stop_too_wide: ORB range $3.84 (10.7%) > 1.5x ATR $2.19|39.88000000000000255795384873636066913604736328125|36.03659999999999996589394868351519107818603515625|||||||0|f|||2026-08-14 14:00:00.273627+00||f|f|[]
303|VERA|2026-08-14|magna53|closed||31.480000000000000426325641456060111522674560546875|29.730000000000000426325641456060111522674560546875|1.681857142857142495273592430748976767063140869140625|31.480000000000000426325641456060111522674560546875|31.480000000000000426325641456060111522674560546875|29.730000000000000426325641456060111522674560546875|898.4600000000000363797880709171295166015625|513|0|t|-49.58999999999985419663062202744185924530029296875|6|2026-08-14 14:00:00.214088+00|2026-08-20 20:50:01.283168+00|f|f|[{"pnl": 25.649999999999757, "time": "2026-08-17T16:00:00", "price": 31.63, "reason": "partial_profit", "shares": 171.0}, {"pnl": -75.23999999999961, "time": "2026-08-20T16:00:00", "price": 31.26, "reason": "sma_trail_stop", "shares": 342.0}]
306|ARGX|2026-08-17|magna53|gate_blocked|setup:stop_too_wide: ORB range $40.77 (4.4%) > 1.5x ATR $36.51|966.279999999999972715158946812152862548828125|925.509999999999990905052982270717620849609375|||||||0|f|||2026-08-17 14:00:00.109371+00||f|f|[]
305|HTFL|2026-08-17|9m_day2|no_entry||43.280000000000001136868377216160297393798828125|41.22999999999999687361196265555918216705322265625|||||||0|f|||2026-08-17 14:00:00.101317+00||f|f|[]
307|UMAC|2026-08-17|9m_day2|no_entry||33.19290000000000162572177941910922527313232421875|30.60000000000000142108547152020037174224853515625|||||||0|f|||2026-08-17 14:00:00.120319+00||f|f|[]
308|AMLX|2026-08-18|magna53|closed||30.690000000000001278976924368180334568023681640625|28.5799999999999982946974341757595539093017578125|1.465149999999999952393636704073287546634674072265625|30.690000000000001278976924368180334568023681640625|36.90899999999999891997504164464771747589111328125|26.469999999999995310417943983338773250579833984375|898.4600000000000363797880709171295166015625|212|0|t|1004.1733333333331756875850260257720947265625|14|2026-08-18 14:00:00.137212+00|2026-09-01 20:50:00.056473+00|f|f|[{"pnl": 563.213333333333, "time": "2026-08-21T16:00:00", "price": 38.66, "reason": "partial_profit", "shares": 70.66666666666667}, {"pnl": 440.9600000000001, "time": "2026-09-01T16:00:00", "price": 33.81, "reason": "sma_trail_stop", "shares": 141.33333333333331}]
309|AMLX|2026-08-19|9m_day2|gate_blocked|setup:stop_too_wide: stop distance 23.8% > 15%|36.75|35.3207000000000022055246517993509769439697265625|||||||0|f|||2026-08-19 14:00:00.110695+00||f|f|[]
310|MRNA|2026-08-19|magna53|gate_blocked|setup:stop_too_wide: ORB range $7.79 (6.8%) > 1.5x ATR $5.64|122.25|114.4599999999999937472239253111183643341064453125|||||||0|f|||2026-08-19 14:00:00.146386+00||f|f|[]
311|MRVL|2026-08-19|magna53|no_entry||245.489000000000004320099833421409130096435546875|235.840000000000003410605131648480892181396484375|||||||0|f|||2026-08-19 14:00:00.193708+00||f|f|[]
312|BULL|2026-08-20|magna53|no_entry||9.949999999999999289457264239899814128875732421875|9.3800000000000007815970093361102044582366943359375|||||||0|f|||2026-08-20 14:00:00.123115+00||f|f|[]
320|MRK|2026-08-20|9m_day2|closed||151.349999999999994315658113919198513031005859375|148.515999999999991132426657713949680328369140625||151.349999999999994315658113919198513031005859375|151.349999999999994315658113919198513031005859375|144.900000000000005684341886080801486968994140625|761.1000000000000227373675443232059478759765625|118|0|t|58.21333333333296877754037268459796905517578125|7|2026-08-20 14:00:00.391903+00|2026-08-27 20:50:00.303588+00|f|f|[{"pnl": 200.5999999999998, "time": "2026-08-25T16:00:00", "price": 156.45, "reason": "partial_profit", "shares": 39.333333333333336}, {"pnl": -142.38666666666683, "time": "2026-08-27T16:00:00", "price": 149.54, "reason": "sma_trail_stop", "shares": 78.66666666666666}]
318|MRNA|2026-08-20|9m_day2|no_entry||155|140.55000000000001136868377216160297393798828125|||||||0|f|||2026-08-20 14:00:00.242793+00||f|f|[]
315|MSTR|2026-08-20|9m_day2|no_entry||113.7399999999999948840923025272786617279052734375|109.18999999999999772626324556767940521240234375|||||||0|f|||2026-08-20 14:00:00.179263+00||f|f|[]
317|NVAX|2026-08-20|9m_day2|no_entry||8.660000000000000142108547152020037174224853515625|8.300000000000000710542735760100185871124267578125|||||||0|f|||2026-08-20 14:00:00.228411+00||f|f|[]
319|PURR|2026-08-20|9m_day2|gate_blocked|setup:stop_too_wide: stop distance 28.1% > 15%|9.5800000000000000710542735760100185871124267578125|8.8800000000000007815970093361102044582366943359375|||||||0|f|||2026-08-20 14:00:00.310836+00||f|f|[]
313|RARE|2026-08-20|magna53|no_entry||28.5|26.800000000000000710542735760100185871124267578125|||||||0|f|||2026-08-20 14:00:00.129757+00||f|f|[]
316|TEM|2026-08-20|9m_day2|gate_blocked|setup:stop_too_wide: stop distance 16.3% > 15%|65.4479999999999932924765744246542453765869140625|61.7000000000000028421709430404007434844970703125|||||||0|f|||2026-08-20 14:00:00.223772+00||f|f|[]
323|ASST|2026-08-21|9m_day2|open||17.699999999999999289457264239899814128875732421875|17.17999999999999971578290569595992565155029296875||17.699999999999999289457264239899814128875732421875|17.699999999999999289457264239899814128875732421875|15.1400000000000005684341886080801486968994140625|673.279999999999972715158946812152862548828125|263|175.33333333333331438552704639732837677001953125|t|177.963333333333451946600689552724361419677734375|11|2026-08-21 14:00:00.24213+00||f|f|[{"pnl": 177.96333333333345, "time": "2026-08-24T16:00:00", "price": 19.73, "reason": "partial_profit", "shares": 87.66666666666667}]
322|MRVI|2026-08-21|9m_day2|closed||8.486200000000000187583282240666449069976806640625|8.199999999999999289457264239899814128875732421875||8.486200000000000187583282240666449069976806640625|8.486200000000000187583282240666449069976806640625|7.37999999999999989341858963598497211933135986328125|673.6799999999999499777914024889469146728515625|609|0|t|57.1241999999995613279679673723876476287841796875|6|2026-08-21 14:00:00.239839+00|2026-08-27 20:50:00.793182+00|f|f|[{"pnl": 104.30139999999996, "time": "2026-08-25T16:00:00", "price": 9.0, "reason": "partial_profit", "shares": 203.0}, {"pnl": -47.1772000000004, "time": "2026-08-27T16:00:00", "price": 8.37, "reason": "sma_trail_stop", "shares": 406.0}]
321|PSNL|2026-08-21|9m_day2|closed||17.030000000000001136868377216160297393798828125|16.620000000000000994759830064140260219573974609375||17.030000000000001136868377216160297393798828125|17.030000000000001136868377216160297393798828125|15.910000000000000142108547152020037174224853515625|673.1200000000000045474735088646411895751953125|601|0|t|-86.143333333333970358580700121819972991943359375|6|2026-08-21 14:00:00.231597+00|2026-08-27 20:50:01.037346+00|f|f|[{"pnl": 6.009999999999517, "time": "2026-08-24T16:00:00", "price": 17.06, "reason": "partial_profit", "shares": 200.33333333333334}, {"pnl": -92.15333333333349, "time": "2026-08-27T16:00:00", "price": 16.8, "reason": "sma_trail_stop", "shares": 400.66666666666663}]
324|HOOD|2026-08-24|9m_day2|no_entry||108.599999999999994315658113919198513031005859375|105.7600000000000051159076974727213382720947265625|||||||0|f|||2026-08-24 14:00:00.107099+00||f|f|[]
326|BZ|2026-08-26|9m_day2|gate_blocked|setup:stop_too_wide: stop distance 18.5% > 15%|18.6700000000000017053025658242404460906982421875|16.620000000000000994759830064140260219573974609375|||||||0|f|||2026-08-26 14:00:00.152449+00||f|f|[]
325|VNET|2026-08-26|9m_day2|no_entry||6.980000000000000426325641456060111522674560546875|6.769999999999999573674358543939888477325439453125|||||||0|f|||2026-08-26 14:00:00.114486+00||f|f|[]
329|BBWI|2026-08-27|9m_day2|no_entry||18.684999999999998721023075631819665431976318359375|18|||||||0|f|||2026-08-27 14:00:00.103871+00||f|f|[]
328|BHVN|2026-08-27|9m_day2|no_entry||17.050000000000000710542735760100185871124267578125|16.050000000000000710542735760100185871124267578125|||||||0|f|||2026-08-27 14:00:00.097826+00||f|f|[]
327|BZ|2026-08-27|9m_day2|no_entry||18.714999999999999857891452847979962825775146484375|18.059999999999998721023075631819665431976318359375|||||||0|f|||2026-08-27 14:00:00.078892+00||f|f|[]
331|CRWD|2026-08-27|magna53|closed||216.8700000000000045474735088646411895751953125|206.099999999999994315658113919198513031005859375|9.2228571428571459733802839764393866062164306640625|216.8700000000000045474735088646411895751953125|216.8700000000000045474735088646411895751953125|195.32999999999998408384271897375583648681640625|673.8500000000000227373675443232059478759765625|31|0|t|108.8099999999997322674971655942499637603759765625|5|2026-08-27 14:00:00.127286+00|2026-09-01 20:50:00.784728+00|f|f|[{"pnl": 146.00999999999996, "time": "2026-08-31T16:00:00", "price": 231.0, "reason": "partial_profit", "shares": 10.333333333333334}, {"pnl": -37.20000000000023, "time": "2026-09-01T16:00:00", "price": 215.07, "reason": "sma_trail_stop", "shares": 20.666666666666664}]
330|DG|2026-08-27|magna53|open||128.219999999999998863131622783839702606201171875|124.5|3.49508571428571546135799508192576467990875244140625|128.219999999999998863131622783839702606201171875|128.219999999999998863131622783839702606201171875|120.780000000000001136868377216160297393798828125|673.8500000000000227373675443232059478759765625|90|60|t|86.100000000000136424205265939235687255859375|5|2026-08-27 14:00:00.110751+00||f|f|[{"pnl": 86.10000000000014, "time": "2026-09-01T16:00:00", "price": 131.09, "reason": "partial_profit", "shares": 30.0}]
332|OKTA|2026-08-27|magna53|gate_blocked|setup:stop_too_wide: ORB range $11.38 (7.3%) > 1.5x ATR $10.27|167.8799999999999954525264911353588104248046875|156.5|||||||0|f|||2026-08-27 14:00:00.145748+00||f|f|[]
336|CRM|2026-08-28|9m_day2|open||257.3799999999999954525264911353588104248046875|249||257.3799999999999954525264911353588104248046875|257.3799999999999954525264911353588104248046875|230.05000000000001136868377216160297393798828125|874.55999999999994543031789362430572509765625|32|21.33333333333333570180911920033395290374755859375|t|1.706666666666933451779186725616455078125|4|2026-08-28 14:00:00.188214+00||f|f|[{"pnl": 1.7066666666669335, "time": "2026-08-31T16:00:00", "price": 257.54, "reason": "partial_profit", "shares": 10.666666666666666}]
334|CRWD|2026-08-28|9m_day2|no_entry||228.68999999999999772626324556767940521240234375|218.30000000000001136868377216160297393798828125|||||||0|f|||2026-08-28 14:00:00.129083+00||f|f|[]
335|OKTA|2026-08-28|9m_day2|no_entry||172.909999999999996589394868351519107818603515625|168.3899999999999863575794734060764312744140625|||||||0|f|||2026-08-28 14:00:00.147469+00||f|f|[]
333|S|2026-08-28|9m_day2|no_entry||22.25|21.010000000000001563194018672220408916473388671875|||||||0|f|||2026-08-28 14:00:00.103761+00||f|f|[]
337|SOLS|2026-08-28|magna53|closed||66.900000000000005684341886080801486968994140625|64.719999999999998863131622783839702606201171875|1.8459642857142861682717693838640116155147552490234375|66.900000000000005684341886080801486968994140625|62.539999999999992041921359486877918243408203125|62.539999999999992041921359486877918243408203125|898.4600000000000363797880709171295166015625|206|0|f|-898.160000000002810338628478348255157470703125|3|2026-08-28 14:00:00.191379+00|2026-08-31 20:50:01.298334+00|f|f|[{"pnl": -898.1600000000028, "time": "2026-08-31T16:00:00", "price": 62.53999999999999, "reason": "stop_hit", "shares": 206.0}]
338|ASST|2026-09-01|9m_day2|no_entry||24.059999999999998721023075631819665431976318359375|23.260000000000001563194018672220408916473388671875|||||||0|f|||2026-09-01 14:00:00.108448+00||f|f|[]
339|SLB|2026-09-01|9m_day2|no_entry||60.17999999999999971578290569595992565155029296875|58.97999999999999687361196265555918216705322265625|||||||0|f|||2026-09-01 14:00:00.114468+00||f|f|[]
(337 rows)
=== LIVE_ROWS ===
id|ticker|alert_date|status|account_mode|entry_attempt|signal_type|skip_reason|orb_high|orb_low|atr_14|entry_price|stop_price|hard_stop|risk_dollars|risk_dollars_actual|entry_shares|total_pnl|partial_taken|hold_days|filled_at|closed_at|exits_json
1|EEIQ|2026-03-30|skipped|paper|1|magna53|adv_too_low ($70,931)||||||||||0|f|0|||[]
2|TH|2026-04-01|skipped|paper|1|magna53|no ORB bar fetched — first 1-min bar missing from Alpaca IEX feed||||||||||0|f|0|||[]
5|AEHR|2026-04-16|cancelled|paper|1|magna53|expired|87|84.65|4.154285714285714|87|84.65|84.65|1000||229|0|f|0|||[]
6|KURA|2026-04-17|closed|paper|1|magna53||9.56|9.495|0.20714285714285716|9.57|9.57|9.495|1000||2092|20.919999999999554|f|3|2026-04-17 15:35:44.545492+00|2026-04-21 16:32:41.872291+00|[{"pnl": 20.919999999999554, "time": "2026-04-21T16:32:41.872079", "price": 9.58, "reason": "stop_hit", "shares": 2092.0, "source": "websocket", "attempt": 1}]
7|CADL|2026-04-20|cancelled|paper|1|magna53|canceled|6.52|6.425|0.1899999999999999|6.52|6.425|6.425|1004.08||3079|0|f|0|||[]
8|CMPS|2026-04-20|skipped|paper|1|magna53|stop too wide — ORB range $0.80 (9.3%) exceeds 1.5× ATR; risk per share too large||||||||||0|f|0|||[]
9|GHRS|2026-04-20|skipped|paper|1|magna53|zero ORB range — open=high=low=$20.91; illiquid or locked opening minute, no breakout level to buy above||||||||||0|f|0|||[]
10|NKTR|2026-04-20|skipped|paper|1|magna53|stop too wide — ORB range $3.33 (3.5%) exceeds 1.5× ATR; risk per share too large||||||||||0|f|0|||[]
11|USGG|2026-04-20|skipped|paper|1|magna53|zero ORB range — open=high=low=$16.01; illiquid or locked opening minute, no breakout level to buy above||||||||||0|f|0|||[]
15|HCSG|2026-04-22|skipped|paper|1|magna53|infra:subscribe_timeout: event-loop hang — retro-fit||||||||||0|f|0|||[]
13|INBX|2026-04-22|skipped|paper|1|magna53|infra:subscribe_timeout: event-loop hang — retro-fit||||||||||0|f|0|||[]
12|KYTX|2026-04-22|skipped|paper|1|magna53|infra:subscribe_timeout: event-loop hang — retro-fit||||||||||0|f|0|||[]
14|NMAX|2026-04-22|skipped|paper|1|magna53|infra:subscribe_timeout: event-loop hang — retro-fit||||||||||0|f|0|||[]
17|BSX|2026-04-23|closed|paper|1|magna53||66.735|65.57||66.744726|65.57|65.57|995.95||201|-252.2|f|0|2026-04-23 13:37:23.787949+00|2026-04-23 15:49:04+00|[{"at": "2026-04-23T15:49:04Z", "qty": 201, "price": 65.49, "reason": "manual_exit_bracket_bug"}]
16|FRMI|2026-04-23|skipped|paper|1|magna53|infra:no_bar||||||||||0|f|0|||[]
20|GSHD|2026-04-23|cancelled|paper|1|magna53|canceled|53.57|53.355|1.202857142857143|53.57|53.355|53.355|997.99||372|0|f|0|||[]
19|SIRI|2026-04-23|cancelled|paper|1|magna53|canceled|28.73|28.55||28.73|26.4|26.4|999.57||429|0|f|0|||[]
18|TLRY|2026-04-23|skipped|paper|1|magna53|setup:stop_too_wide: stop distance 24.8% > 15%||||||||||0|f|0|||[]
21|URI|2026-04-23|skipped|paper|1|magna53|setup:zero_range: open=high=low=$953.99||||||||||0|f|0|||[]
22|WST|2026-04-23|skipped|paper|1|magna53|setup:stop_too_wide: ORB range $6.33 (2.1%) > 1.5x ATR $5.41||||||||||0|f|0|||[]
29|CHE|2026-04-24|cancelled|paper|1|magna53|cancelled|444.595|438.84|4.9178571428571445|444.595|438.84|438.84|992.88||44|0|f|0|||[]
24|CX|2026-04-24|skipped|paper|1|magna53|infra:no_bar||||||||||0|f|0|||[]
26|INTC|2026-04-24|closed|paper|1|magna53||84|82.022|1.9118571428571427|84.036076|82.022|82.022|997.68||237|-477.34|f|0|2026-04-24 13:35:36.352928+00|2026-04-24 15:47:44.184025+00|[{"pnl": -477.34, "time": "2026-04-24 15:47:44.184025+00", "price": 82.022, "reason": "stop_hit", "shares": 237, "source": "manual_cleanup_2026-04-24_oto_id_bug", "attempt": 1}]
25|PENN|2026-04-24|skipped|paper|1|magna53|infra:no_bar||||||||||0|f|0|||[]
23|TXN|2026-04-24|skipped|paper|1|magna53|infra:no_bar||||||||||0|f|0|||[]
28|WKC|2026-04-24|skipped|paper|1|magna53|setup:stop_too_wide: ORB range $2.70 (10.0%) > 1.5x ATR $0.43||||||||||0|f|0|||[]
30|OGN|2026-04-27|skipped|paper|1|magna53|setup:faded_from_orb: last $13.19 < midpoint $13.21 (ORB H=$13.24 L=$13.18, faded 0.4%)||||||||||0|f|0|||[]
31|ORKA|2026-04-27|skipped|paper|1|magna53|setup:faded_from_orb: last $87.96 < midpoint $89.35 (ORB H=$91.00 L=$87.69, faded 3.3%)||||||||||0|f|0|||[]
33|CRML|2026-04-28|skipped|paper|1|magna53|setup:faded_from_orb: last $12.41 < threshold $12.49 (ratio=0.25, ORB H=$12.92 L=$12.35, faded 3.9%)||||||||||0|f|0|||[]
37|CVLT|2026-04-28|skipped|paper|1|magna53|window:out_of_orb: detected 09:55 ET||||||||||0|f|0|||[]
36|KFRC|2026-04-28|skipped|paper|1|magna53|window:out_of_orb: detected 09:51 ET||||||||||0|f|0|||[]
35|LAC|2026-04-28|skipped|paper|1|magna53|setup:faded_from_orb: last $4.80 < threshold $4.88 (ratio=0.25, ORB H=$5.07 L=$4.81, faded 5.3%)||||||||||0|f|0|||[]
34|OMCL|2026-04-28|closed|paper|2|magna53||45.95|45|0.6635714285714295|46|45|45|992.88||432|-1506.6302400000022|f|0|2026-04-28 13:53:49.655179+00|2026-04-28 14:13:09.36006+00|[{"pnl": -1078.9502400000015, "time": "2026-04-28T13:36:08.363775", "price": 43.5, "reason": "stop_hit", "shares": 432.0, "source": "websocket", "attempt": 1}, {"pnl": -427.68000000000086, "time": "2026-04-28T14:13:09.359857", "price": 45.01, "reason": "stop_hit", "shares": 432.0, "source": "websocket", "attempt": 2}]
40|BE|2026-04-29|skipped|paper|1|magna53|block:circuit_breaker: 3 consecutive losses||||||||||0|f|0|||[]
41|KALV|2026-04-29|skipped|paper|1|magna53|block:circuit_breaker: 3 consecutive losses||||||||||0|f|0|||[]
43|NXPI|2026-04-29|skipped|paper|1|magna53|block:circuit_breaker: 3 consecutive losses||||||||||0|f|0|||[]
42|RSI|2026-04-29|skipped|paper|1|magna53|block:circuit_breaker: 3 consecutive losses||||||||||0|f|0|||[]
39|STX|2026-04-29|skipped|paper|1|magna53|block:circuit_breaker: 3 consecutive losses||||||||||0|f|0|||[]
45|BAND|2026-04-30|skipped|paper|1|magna53|setup:stop_too_wide: ORB range $2.22 (7.2%) > 1.5x ATR $1.30||||||||||0|f|0|||[]
54|FTAI|2026-04-30|skipped|paper|1|magna53|window:out_of_orb: detected 09:50 ET||||||||||0|f|0|||[]
53|GKOS|2026-04-30|skipped|paper|1|magna53|window:out_of_orb: detected 09:50 ET||||||||||0|f|0|||[]
52|PI|2026-04-30|skipped|paper|1|magna53|window:out_of_orb: detected 09:45 ET||||||||||0|f|0|||[]
46|TTMI|2026-04-30|skipped|paper|1|magna53|setup:stop_too_wide: ORB range $10.00 (5.9%) > 1.5x ATR $7.37||||||||||0|f|0|||[]
55|VIAV|2026-04-30|skipped|paper|1|magna53|window:out_of_orb: detected 09:56 ET||||||||||0|f|0|||[]
64|AXTI|2026-05-01|skipped|paper|1|magna53|window:out_of_orb: detected 09:50 ET||||||||||0|f|0|||[]
57|TEAM|2026-05-01|closed|paper|2|magna53||85.13|82.79|2.8542857142857145|85.19|85.19|82.79|977.81||229|-269.019909999998|t|4|2026-05-01 15:31:45.135497+00|2026-05-06 20:05:00.033702+00|[{"pnl": -595.8099099999986, "time": "2026-05-01T14:21:05.211477", "price": 82.55821, "reason": "stop_hit", "shares": 229.0, "source": "websocket", "attempt": 1}, {"pnl": 328.32000000000056, "time": "2026-05-06T13:32:20.299374", "price": 89.51, "reason": "partial_profit", "shares": 76, "order_id": "9c2d2250-4d77-4910-b888-71730efcc267"}, {"pnl": -1.53, "time": "2026-05-06T13:51:08", "price": 85.18, "reason": "stop_hit", "shares": 153, "source": "backfill_5_07", "attempt": 2, "order_id": "3069e3fe-8283-4b42-b704-890bbfdf9720"}]
58|TWLO|2026-05-01|cancelled|paper|1|magna53|ORB window unfilled|179.475|177.28|3.9292857142857094|179.475|177.28|177.28|977.81||108|0|f|0|||[]
74|CYRX|2026-05-05|skipped|paper|1|magna53|window:out_of_orb: detected 09:51 ET||||||||||0|f|0|||[]
68|EVER|2026-05-05|skipped|paper|1|magna53|setup:stop_too_wide: ORB range $1.00 (5.5%) > 1.5x ATR $0.70||||||||||0|f|0|||[]
72|FTRE|2026-05-05|closed|paper|1|magna53||14.3119|13.96|0.3599999999999997|14.31|14.31|13.96|990.48||1384|138.23999999999953|t|6|2026-05-05 13:48:57.657426+00|2026-05-12 13:41:55.999822+00|[{"pnl": 193.61999999999998, "time": "2026-05-11T13:32:45.193550", "price": 14.73, "reason": "partial_profit", "shares": 461, "order_id": "fc255617-7209-471c-8110-b8da223d0980"}, {"pnl": -55.38000000000046, "time": "2026-05-12T13:41:55.999544", "price": 14.25, "reason": "stop_hit", "shares": 923.0, "source": "websocket", "attempt": 1}]
73|IART|2026-05-05|skipped|paper|1|magna53|window:out_of_orb: detected 09:51 ET||||||||||0|f|0|||[]
69|STRL|2026-05-05|skipped|paper|1|magna53|setup:stop_too_wide: ORB range $35.02 (5.0%) > 1.5x ATR $20.33||||||||||0|f|0|||[]
81|AMD|2026-05-06|closed|paper|2|magna53||413.26|405.63|19.735114285714285|413.309375|405.63|405.63|995.26||48|-831.4799040000025|f|0|2026-05-06 14:53:45.203749+00|2026-05-07 16:07:41.86522+00|[{"pnl": -460.9499040000019, "time": "2026-05-06T14:19:50.400826", "price": 405.571043, "reason": "stop_hit", "shares": 48.0, "source": "websocket", "attempt": 1}, {"pnl": -370.53000000000065, "time": "2026-05-07T16:07:41.865061", "price": 405.59, "reason": "stop_hit", "shares": 48.0, "source": "websocket", "attempt": 2}]
84|BLMN|2026-05-06|skipped|paper|1|magna53|window:out_of_orb: detected 09:52 ET||||||||||0|f|0|||[]
80|COMP|2026-05-06|cancelled|paper|1|magna53|ORB window unfilled|9.59|9.28|0.3889285714285717|9.59|9.28|9.28|995.26||2075|0|f|0|||[]
87|CRI|2026-05-06|skipped|paper|1|magna53|window:out_of_orb: detected 09:56 ET||||||||||0|f|0|||[]
79|FLEX|2026-05-06|cancelled|paper|1|magna53|ORB window unfilled|122|119|3.427592857142856|122|119|119|995.26||163|0|f|0|||[]
78|GEO|2026-05-06|cancelled|paper|1|magna53|ORB window unfilled|21.7|21.16|0.5780714285714286|21.7|21.16|21.16|995.26||917|0|f|0|||[]
85|GLW|2026-05-06|skipped|paper|1|magna53|window:out_of_orb: detected 09:52 ET||||||||||0|f|0|||[]
83|HUT|2026-05-06|skipped|paper|1|magna53|window:out_of_orb: detected 09:52 ET||||||||||0|f|0|||[]
86|LIVN|2026-05-06|skipped|paper|1|magna53|window:out_of_orb: detected 09:52 ET||||||||||0|f|0|||[]
82|SMCI|2026-05-06|closed|paper|2|magna53||32.5|31.26|1.620014285714285|32.567614|32.567614|31.26|995.26||612|-639.339263999999|t|5|2026-05-06 13:38:36.254991+00|2026-05-12 13:56:55.847281+00|[{"pnl": -720.7695360000012, "time": "2026-05-06T13:35:41.604111", "price": 31.228448, "reason": "stop_hit", "shares": 612.0, "source": "websocket", "attempt": 1}, {"pnl": 82.13692800000084, "time": "2026-05-12T13:34:43.472983", "price": 32.970246, "reason": "partial_profit", "shares": 204, "order_id": "4baad913-cee0-44b7-90a2-d70eb7812df4"}, {"pnl": -0.7066559999987589, "time": "2026-05-12T13:56:55.847113", "price": 32.565882, "reason": "stop_hit", "shares": 408.0, "source": "websocket", "attempt": 2}]
94|ARRY|2026-05-07|skipped|paper|1|magna53|block:max_positions: 5/5||||||||||0|f|0|||[]
91|FLNC|2026-05-07|skipped|paper|1|magna53|block:max_positions: 5/5||||||||||0|f|0|||[]
101|FTNT|2026-05-07|skipped|paper|1|magna53|block:max_positions: 5/5||||||||||0|f|0|||[]
92|JMIA|2026-05-07|skipped|paper|1|magna53|block:max_positions: 5/5||||||||||0|f|0|||[]
93|MTSI|2026-05-07|skipped|paper|1|magna53|block:max_positions: 5/5||||||||||0|f|0|||[]
97|PCT|2026-05-07|skipped|paper|1|magna53|block:max_positions: 5/5||||||||||0|f|0|||[]
96|SEZL|2026-05-07|skipped|paper|1|magna53|block:max_positions: 5/5||||||||||0|f|0|||[]
98|SITM|2026-05-07|skipped|paper|1|magna53|block:max_positions: 5/5||||||||||0|f|0|||[]
111|AKAM|2026-05-08|skipped|paper|1|magna53|block:circuit_breaker: cooldown until 2026-05-08T16:07:41.865220+00:00||||||||||0|f|0|||[]
113|BILL|2026-05-08|skipped|paper|1|magna53|block:circuit_breaker: cooldown until 2026-05-08T16:07:41.865220+00:00||||||||||0|f|0|||[]
118|CALY|2026-05-08|skipped|paper|1|magna53|window:out_of_orb: detected 09:55 ET||||||||||0|f|0|||[]
117|FROG|2026-05-08|skipped|paper|1|magna53|window:out_of_orb: detected 09:50 ET||||||||||0|f|0|||[]
110|INOD|2026-05-08|skipped|paper|1|magna53|block:circuit_breaker: cooldown until 2026-05-08T16:07:41.865220+00:00||||||||||0|f|0|||[]
112|LASR|2026-05-08|skipped|paper|1|magna53|block:circuit_breaker: cooldown until 2026-05-08T16:07:41.865220+00:00||||||||||0|f|0|||[]
115|PGNY|2026-05-08|skipped|paper|1|magna53|window:out_of_orb: detected 09:50 ET||||||||||0|f|0|||[]
114|WEST|2026-05-08|skipped|paper|1|magna53|window:out_of_orb: detected 09:50 ET||||||||||0|f|0|||[]
116|WLDN|2026-05-08|skipped|paper|1|magna53|window:out_of_orb: detected 09:50 ET||||||||||0|f|0|||[]
119|BW|2026-05-11|closed|paper|1|magna53||16.9999|16.49|1.3953714285714285|17.05|17.05|16.49|988.61||1163|2492.4803570000004|t|15|2026-05-11 13:53:45.29259+00|2026-05-27 13:37:08.289257+00|[{"pnl": 728.6401170000004, "time": "2026-05-15T13:33:38.030906", "price": 18.932791, "reason": "partial_profit", "shares": 387, "order_id": "9bfeff93-eb57-4109-8fed-256c9451c891"}, {"pnl": 1763.84024, "time": "2026-05-27T13:37:08.289141", "price": 19.32299, "reason": "sma_trail_stop", "shares": 776, "order_id": "db11453b-4196-4150-898d-4945e16e6257"}]
121|BZH|2026-05-11|cancelled|paper|1|magna53|ORB window unfilled|25.39|25.25|0.9974928571428574|25.39|25.25|25.25|988.61||778|0|f|0|||[]
122|MNDY|2026-05-11|closed|paper|2|magna53||86.6558|82.7|4.499642857142857|86.823333|82.7|82.7|988.58||228|-1014.2698560000015|f|0||2026-05-11 14:00:00.777037+00|[{"pnl": -1014.2698560000015, "time": "2026-05-11T13:48:27.994970", "price": 82.374781, "reason": "stop_hit", "shares": 228.0, "source": "websocket", "attempt": 1}]
120|MRAM|2026-05-11|closed|paper|2|magna53||36.425|34.07|2.4980928571428573|36.5|34.07|34.07|988.61||419|-2199.709776|f|0|2026-05-11 13:50:17.02788+00|2026-05-11 13:59:15.309283+00|[{"pnl": -1101.9297760000013, "time": "2026-05-11T13:42:02.739966", "price": 33.890096, "reason": "stop_hit", "shares": 419.0, "source": "websocket", "attempt": 1}, {"pnl": -1097.7799999999988, "time": "2026-05-11T13:59:15.309119", "price": 33.88, "reason": "stop_hit", "shares": 419.0, "source": "websocket", "attempt": 2}]
124|AMBQ|2026-05-12|skipped|paper|1|magna53|setup:account_fetch_failed: 'ALPACA_LIVE_API_KEY'||||||||||0|f|0|||[]
125|HLIT|2026-05-12|skipped|paper|1|magna53|setup:account_fetch_failed: 'ALPACA_LIVE_API_KEY'||||||||||0|f|0|||[]
123|PACS|2026-05-12|skipped|paper|1|magna53|setup:account_fetch_failed: 'ALPACA_LIVE_API_KEY'||||||||||0|f|0|||[]
128|SE|2026-05-12|skipped|paper|1|magna53|setup:account_fetch_failed: 'ALPACA_LIVE_API_KEY'||||||||||0|f|0|||[]
126|SIBN|2026-05-12|skipped|paper|1|magna53|setup:account_fetch_failed: 'ALPACA_LIVE_API_KEY'||||||||||0|f|0|||[]
127|TE|2026-05-12|skipped|paper|1|magna53|setup:account_fetch_failed: 'ALPACA_LIVE_API_KEY'||||||||||0|f|0|||[]
131|VG|2026-05-12|skipped|paper|1|magna53|setup:account_fetch_failed: 'ALPACA_LIVE_API_KEY'||||||||||0|f|0|||[]
129|VPG|2026-05-12|skipped|paper|1|magna53|setup:account_fetch_failed: 'ALPACA_LIVE_API_KEY'||||||||||0|f|0|||[]
130|VSTS|2026-05-12|skipped|paper|1|magna53|setup:account_fetch_failed: 'ALPACA_LIVE_API_KEY'||||||||||0|f|0|||[]
132|ZBRA|2026-05-12|skipped|paper|1|magna53|setup:account_fetch_failed: 'ALPACA_LIVE_API_KEY'||||||||||0|f|0|||[]
134|AIP|2026-05-13|skipped|paper|1|magna53|setup:stop_too_wide: ORB range $3.18 (9.8%) > 1.5x ATR $3.02||||||||||0|f|0|||[]
133|EOSE|2026-05-13|cancelled|paper|1|magna53|ORB window unfilled|9.99|9.28|0.7474928571428573|9.99|9.28|9.28|968.98||1364|0|f|0|||[]
145|ARX|2026-05-14|skipped|paper|1|magna53|window:out_of_orb: detected 09:50 ET||||||||||0|f|0|||[]
146|CPA|2026-05-14|skipped|paper|1|magna53|window:out_of_orb: detected 09:55 ET||||||||||0|f|0|||[]
137|CRMD|2026-05-14|closed|paper|1|magna53||8.65|8.45|0.3068214285714287|8.361409|8.45|8.45|957.96||2214|-778.0195260000007|f|0|2026-05-14 13:34:40.567147+00|2026-05-14 15:08:04.792249+00|[{"pnl": -778.0195260000007, "note": "Emergency close after WS entry-fill UPDATE failed (AmbiguousParameterError $2 numeric vs double precision). Stop leg auto-canceled by OTO bracket teardown.", "time": "2026-05-14T15:08:04.792249+00:00", "price": 8.01, "reason": "manual_emergency_close", "shares": 2214, "source": "manual_reconcile", "attempt": 1, "order_id": "9c1b57d2-7690-459b-8295-613a0b58f3a6"}]
138|CSCO|2026-05-14|closed|paper|1|magna53||117.55|115.03|2.5375000000000014|117.55|115.03|115.03|957.96||162|-406.499958|f|0|2026-05-14 13:39:09.767616+00|2026-05-14 13:58:53.190149+00|[{"pnl": -406.499958, "time": "2026-05-14T13:58:53.189985", "price": 115.040741, "reason": "stop_hit", "shares": 162, "source": "websocket", "attempt": 1, "order_id": "6c094f99-db84-4827-9554-d5dd1c80670c"}]
143|FPS|2026-05-14|skipped|paper|1|magna53|block:max_positions: 5/5 (mode=paper)||||||||||0|f|0|||[]
139|GO|2026-05-14|skipped|paper|1|magna53|setup:stop_too_wide: ORB range $0.71 (8.1%) > 1.5x ATR $0.60||||||||||0|f|0|||[]
136|KLAR|2026-05-14|closed|paper|1|magna53||15.92|15.18|0.6557142857142858|15.92|15.18|15.18|957.96||1203|-914.2799999999997|f|0|2026-05-14 13:35:29.134169+00|2026-05-14 13:43:04.161373+00|[{"pnl": -914.2799999999997, "time": "2026-05-14T13:43:04.161118", "price": 15.16, "reason": "stop_hit", "shares": 1203, "source": "websocket", "attempt": 1, "order_id": "49fd80cc-05c6-42c9-8b3e-3b2b190392d8"}]
140|STAA|2026-05-14|skipped|paper|1|magna53|block:max_positions: 5/5 (mode=paper)||||||||||0|f|0|||[]
141|STUB|2026-05-14|skipped|paper|1|magna53|block:max_positions: 5/5 (mode=paper)||||||||||0|f|0|||[]
147|VIK|2026-05-14|skipped|paper|1|magna53|window:out_of_orb: detected 09:55 ET||||||||||0|f|0|||[]
142|VSNT|2026-05-14|skipped|paper|1|magna53|block:max_positions: 5/5 (mode=paper)||||||||||0|f|0|||[]
148|GEMI|2026-05-15|cancelled|paper|1|magna53|ORB window unfilled|6.9599|6.56|0.3469499999999999|6.9599|6.56|6.56|826.16||2065|0|f|0|||[]
151|GLOB|2026-05-15|skipped|paper|1|magna53|window:out_of_orb: detected 09:50 ET||||||||||0|f|0|||[]
158|AGYS|2026-05-19|cancelled|paper|1|magna53|ORB window unfilled|94.5229|90.23|3.5314285714285725|94.5229|90.23|90.23|797.87||185|0|f|0|||[]
162|IBRX|2026-05-20|skipped|paper|1|magna53|window:out_of_orb: detected 09:50 ET||||||||||0|f|0|||[]
165|INFQ|2026-05-21|cancelled|paper|1|magna53|ORB window unfilled|13.7|13.39|1.2557428571428575|13.7|13.39|13.39|812.67||1351|0|f|0|||[]
164|RLAY|2026-05-21|closed|paper|1|magna53|block:r3_reentry_disabled|15.22|14.8|0.9266571428571427|15.298413|14.8|14.8|812.67||1216|-642.5502080000006|f|0|2026-05-21 13:35:34.386398+00|2026-05-21 13:40:57.233588+00|[{"pnl": -642.5502080000006, "time": "2026-05-21T13:40:57.233343", "price": 14.77, "reason": "stop_hit", "shares": 1216.0, "source": "websocket", "attempt": 1}]
166|PPTA|2026-05-22|cancelled|paper|1|magna53|ORB window unfilled|29.15|27.5001|2.0867857142857145|29.15|27.5001|27.5001|844.71||511|0|f|0|||[]
168|PONY|2026-05-26|skipped|paper|1|magna53|setup:stop_too_wide: ORB range $0.74 (7.6%) > 1.5x ATR $0.73||||||||||0|f|0|||[]
170|POWI|2026-05-26|skipped|paper|1|magna53|window:out_of_orb: detected 09:52 ET||||||||||0|f|0|||[]
169|RDW|2026-05-26|cancelled|paper|1|magna53|expired|19.68|19.2|1.727478571428571|19.68|19.2|19.2|837.03||929|0|f|0|||[]
176|ANF|2026-05-27|skipped|paper|1|magna53|window:out_of_orb: detected 09:55 ET||||||||||0|f|0|||[]
175|BBWI|2026-05-27|skipped|paper|1|magna53|window:out_of_orb: detected 09:51 ET||||||||||0|f|0|||[]
172|CRSR|2026-05-27|closed|paper|1|magna53||8.7964|8.4|0.4857857142857143|8.772422|8.77|8.4|822||2073|1390.7991939999974|t|9|2026-05-27 13:39:53.344864+00|2026-06-08 19:22:50.746763+00|[{"pnl": 1394.146397999999, "time": "2026-06-01T16:19:09.426173", "price": 10.79, "reason": "partial_profit", "shares": 691, "order_id": "2af6d59f-77f6-4c56-b724-b726d7b4e10d"}, {"pnl": -3.3472040000014296, "time": "2026-06-08T19:22:50.746644+00:00", "price": 8.77, "reason": "stop_hit", "shares": 1382.0, "source": "websocket", "attempt": 1}]
171|DY|2026-05-27|closed|paper|1|magna53|block:r3_reentry_disabled|543.99|535.5|18.99621428571429|546.46|535.5|535.5|823.47||33|-438.24000000000285|f|0|2026-05-27 13:41:58.990087+00|2026-05-27 15:33:49.537591+00|[{"pnl": -438.24000000000285, "time": "2026-05-27T15:33:49.537484", "price": 533.18, "reason": "stop_hit", "shares": 33.0, "source": "websocket", "attempt": 1}]
174|QFIN|2026-05-27|skipped|paper|1|magna53|window:out_of_orb: detected 09:51 ET||||||||||0|f|0|||[]
178|AVAV|2026-05-28|cancelled|paper|1|magna53|cancelled|204.86|197.31|8.443664285714286|204.86|197.31|197.31|895.08||93|0|f|0|||[]
177|RCAT|2026-05-28|closed|paper|1|magna53||12.51|11.955|0.8224857142857142|12.57|12.57|11.955|894.95||1529|1165.5900000000004|t|7|2026-05-28 13:33:52.067047+00|2026-06-05 16:42:53.983457+00|[{"pnl": 1175.7900000000002, "time": "2026-06-01T17:15:10.820403", "price": 14.88, "reason": "partial_profit", "shares": 509, "order_id": "b533862e-b546-4d65-915c-2fed921e5bda"}, {"pnl": -10.199999999999783, "time": "2026-06-05T16:42:53.983338", "price": 12.56, "reason": "stop_hit", "shares": 1020.0, "source": "websocket", "attempt": 1}]
180|DELL|2026-05-29|closed|paper|1|magna53|block:r3_reentry_disabled|421.85|416.98|18.40777857142857|421.112609|416.98|416.98|951.43||46|-271.92003000000125|f|0|2026-05-29 13:39:35.863577+00|2026-05-29 13:46:14.41856+00|[{"pnl": -271.92003000000125, "time": "2026-05-29T13:46:14.418213", "price": 415.201304, "reason": "stop_hit", "shares": 46.0, "source": "websocket", "attempt": 1}]
185|ALOY|2026-06-01|skipped|paper|1|magna53|window:out_of_orb: detected 09:56 ET||||||||||0|f|0|||[]
190|GRRR|2026-06-02|cancelled|paper|1|magna53|ORB window unfilled|23.49|22.4|1.4102142857142856|23.49|22.4|22.4|957.15||860|0|f|0|||[]
189|HPE|2026-06-02|cancelled|paper|1|magna53|ORB window unfilled|63.95|61.7206|2.2963785714285723|63.95|61.7206|61.7206|957.15||315|0|f|0|||[]
188|MRVL|2026-06-02|cancelled|paper|1|magna53|cancelled|259.8|252.43|15.649457142857141|259.8|252.43|252.43|957.15||77|0|f|0|||[]
191|NVTS|2026-06-03|closed|paper|1|magna53|block:r3_reentry_disabled|31.63|30.55|3.158828571428572|31.79|30.55|30.55|962.51||632|-830.1402160000002|f|0|2026-06-03 13:42:30.615345+00|2026-06-03 13:49:07.660866+00|[{"pnl": -830.1402160000002, "time": "2026-06-03T13:49:07.660729", "price": 30.476487, "reason": "stop_hit", "shares": 632.0, "source": "websocket", "attempt": 1}]
194|PGY|2026-06-04|skipped|paper|1|magna53|window:out_of_orb: detected 09:56 ET||||||||||0|f|0|||[]
193|RUM|2026-06-04|closed|paper|1|magna53|block:r3_reentry_disabled|9.89|9.4|0.75785|9.935633|9.4|9.4|917.25||1871|-983.4593429999984|f|0|2026-06-04 13:44:14.381004+00|2026-06-04 13:49:09.037289+00|[{"pnl": -983.4593429999984, "time": "2026-06-04T13:49:09.037176", "price": 9.41, "reason": "stop_hit", "shares": 1871.0, "source": "websocket", "attempt": 1}]
196|AGX|2026-06-05|skipped|paper|1|magna53|block:max_positions: 5/5 (mode=paper)||||||||||0|f|0|||[]
195|TTAN|2026-06-05|cancelled|paper|1|magna53|ORB window unfilled|84.0775|82.76|4.1942785714285735|84.0775|82.76|82.76|937.75||227|0|f|0|||[]
201|NRIX|2026-06-08|closed|paper|1|magna53|block:r3_reentry_disabled|16.88|16.1|0.919278571428572|16.956238|16.1|16.1|315.12||404|-378.2401519999998|f|0|2026-06-08 13:45:45.421028+00|2026-06-08 13:55:03.263012+00|[{"pnl": -378.2401519999998, "time": "2026-06-08T13:55:03.262866+00:00", "price": 16.02, "reason": "stop_hit", "shares": 404.0, "source": "websocket", "attempt": 1}]
209|ELVN|2026-06-11|cancelled|paper|1|magna53|ORB window unfilled|45.5171|43.02|2.014464285714285|45.5171|43.02|43.02|290||116|0|f|0|||[]
211|IDCC|2026-06-11|skipped|paper|1|magna53|window:out_of_orb: detected 09:51 ET||||||||||0|f|0|||[]
208|NAVN|2026-06-11|closed|paper|1|magna53|block:r3_reentry_disabled|24.32|23.03|1.377071428571428|24.399071|23.03|23.03|291.54||226|-319.46998400000007|f|0|2026-06-11 13:44:17.84133+00|2026-06-11 14:01:39.954252+00|[{"pnl": -319.46998400000007, "time": "2026-06-11T14:01:39.954099+00:00", "price": 22.985487, "reason": "stop_hit", "shares": 226.0, "source": "websocket", "attempt": 1}]
217|AKTS|2026-06-12|skipped|paper|1|magna53|window:out_of_orb: detected 09:55 ET||||||||||0|f|0|||[]
213|SHAZ|2026-06-12|cancelled|paper|1|magna53|ORB window unfilled|74.77|67.29|9.401314285714284|74.77|67.29|67.29|351.56||47|0|f|0|||[]
220|RXT|2026-06-16|cancelled|paper|1|magna53|ORB window unfilled|7.16|6.61|0.7967357142857144|7.16|6.61|6.61|429.55||781|0|f|0|||[]
223|JBL|2026-06-17|closed|paper|1|magna53|block:r3_reentry_disabled|412.36|407.4|17.13496428571428|413.835454|407.4|407.4|109.12||22|-164.11997800000086|f|0|2026-06-17 13:40:23.54728+00|2026-06-17 14:02:10.034212+00|[{"pnl": -164.11997800000086, "time": "2026-06-17T14:02:10.034058+00:00", "price": 406.375455, "reason": "stop_hit", "shares": 22.0, "source": "websocket", "attempt": 1}]
221|QURE|2026-06-17|closed|paper|1|magna53||44.62|42.5|2.0803285714285713|44.69|44.69|42.5|424||200|215.6200000000007|t|14|2026-06-17 13:36:14.457573+00|2026-07-02 13:31:21.294445+00|[{"pnl": 229.01999999999992, "time": "2026-06-24T19:45:02.994658+00:00", "price": 48.16, "reason": "partial_profit", "shares": 66, "order_id": "866365fb-f5af-4bd8-b39d-c08a35ebb954"}, {"pnl": -13.399999999999238, "time": "2026-07-02T13:31:21.294321+00:00", "price": 44.59, "reason": "stop_hit", "shares": 134.0, "source": "websocket", "attempt": 1}]
225|SWBI|2026-06-18|cancelled|paper|1|magna53|ORB window unfilled|16.09|15.63|0.48854999999999976|16.09|15.63|15.63|264.96||576|0|f|0|||[]
226|UUUU|2026-06-18|cancelled|paper|1|magna53|ORB window unfilled|18.06|17.31|1.3303944285714289|18.06|17.31|17.31|384||512|0|f|0|||[]
227|DFTX|2026-06-22|cancelled|paper|1|magna53|ORB window unfilled|39.16|37.22|1.5749928571428575|39.16|37.22|37.22|426.8||220|0|f|0|||[]
229|MLTX|2026-06-22|cancelled|paper|1|magna53|ORB window unfilled|20.025|19.75|0.9403499999999997|20.025|19.75|19.75|123.93||459|0|f|0|||[]
228|SYRE|2026-06-22|closed|paper|1|magna53||98.18|95|4.9228499999999995|98.49|95|95|295.74||93|-1483.349999999999|f|1|2026-06-22 13:52:47.532342+00|2026-06-24 13:32:58.217781+00|[{"pnl": -1483.349999999999, "time": "2026-06-24T13:32:58.217661+00:00", "price": 82.54, "reason": "stop_hit", "shares": 93.0, "source": "websocket", "attempt": 1}]
232|ABSI|2026-06-24|cancelled|live|1|magna53||9.66|9.3|0.8568642857142856|9.66|9.3|9.3|38.78||103|0|f|0||2026-07-06 14:35:45.253046+00|[]
233|FCEL|2026-06-24|cancelled|live|1|magna53||25.199|23.68|3.1869928571428567|25.199|23.68|23.68|38.78||25|0|f|0||2026-07-06 14:35:45.290349+00|[]
235|MU|2026-06-25|skipped|paper|1|magna53|setup:price_exceeds_cap: $1235.00/share > $1000 (20% of $5000)||||||||||0|f|0|||[]
234|SNX|2026-06-25|cancelled|live|1|magna53||295.19|282.16|10.528300000000002|295.19|282.16|282.16|40.92||3|0|f|0||2026-07-06 14:35:45.292227+00|[]
236|ACAD|2026-06-26|cancelled|live|1|magna53||26.49|25.88|0.6982142857142853|26.49|25.88|25.88|40.27||37|0|f|0||2026-07-06 14:35:45.293815+00|[]
242|AVAV|2026-06-30|cancelled|live|1|magna53|ORB window unfilled|178.5|170.02|9.701564285714289|178.5|170.02|170.02|43.38||5|0|f|0|||[]
245|WULF|2026-07-06|closed|live|1|magna53|block:r3_reentry_disabled|24.61|23.8|2.2232107142857145|24.62|23.8|23.8|47.13||40|-32.80000000000001|f|0|2026-07-06 13:33:00.613734+00|2026-07-06 13:57:29.842241+00|[{"pnl": -32.80000000000001, "time": "2026-07-06T13:57:29.841951+00:00", "price": 23.8, "reason": "stop_hit", "shares": 40.0, "source": "websocket", "attempt": 1}]
246|DOCN|2026-07-07|cancelled|live|1|magna53|ORB window unfilled|146.57|143.63|13.828707142857143|146.57|143.63|143.63|48.26||6|0|f|0|||[]
248|PENG|2026-07-08|skipped|paper|1|magna53|window:out_of_orb: detected 09:55 ET||||||||||0|f|0|||[]
250|CRCL|2026-07-10|closed|live|1|magna53|block:r3_reentry_disabled|70.66|69.29|5.667357142857142|70.65|69.29|69.29|23.79||14|-19.180000000000064|f|0|2026-07-10 13:31:05.873424+00|2026-07-10 13:40:34.350753+00|[{"pnl": -19.180000000000064, "time": "2026-07-10T13:40:34.350606+00:00", "price": 69.28, "reason": "stop_hit", "shares": 14.0, "source": "websocket", "attempt": 1}]
251|WDFC|2026-07-10|closed|live|1|magna53|block:r3_reentry_disabled|295|287.06|6.746692857142857|296.235|287.06|287.06|23.79||2|-19.029999999999973|f|0|2026-07-10 13:31:19.680275+00|2026-07-10 13:40:35.912242+00|[{"pnl": -19.029999999999973, "time": "2026-07-10T13:40:35.912087+00:00", "price": 286.72, "reason": "stop_hit", "shares": 2.0, "source": "websocket", "attempt": 1}]
257|CLSK|2026-07-14|cancelled|live|1|magna53|ORB window unfilled|15.1|14.61|1.3791071428571426|15.1|14.61|14.61|21.98||44|0|f|0|||[]
258|TSEM|2026-07-14|closed|live|1|magna53|block:r3_reentry_disabled|273.25|266.34|21.631800000000005|274|266.34|266.34|21.98||3|-23.010000000000048|f|0|2026-07-14 13:32:52.439996+00|2026-07-14 13:44:34.431088+00|[{"pnl": -23.010000000000048, "time": "2026-07-14T13:44:34.430954+00:00", "price": 266.33, "reason": "stop_hit", "shares": 3.0, "source": "websocket", "attempt": 1}]
260|AEHR|2026-07-15|cancelled|live|1|magna53|rejected|102.46|95|9.428764285714283|102.46|95|95|22.69||3|0|f|0|||[]
261|MANE|2026-07-15|closed|live|1|magna53||118.75|118.02|8.945700000000002|119.34|118.02|118.02|22.69||8|-2.3999999999999773|f|0|2026-07-15 13:33:02.531345+00|2026-07-16 13:30:06.279318+00|[{"pnl": -2.3999999999999773, "time": "2026-07-16T13:30:06.279232+00:00", "price": 119.04, "reason": "stop_hit", "shares": 8.0, "source": "websocket", "attempt": 1}]
266|HUT|2026-07-20|closed|live|1|magna53|block:r3_reentry_disabled|103.48|101.4482|10.868978571428572|103.48|101.4482|101.4482|19.9||9|-19.530000000000015|f|0|2026-07-20 13:31:06.601111+00|2026-07-20 13:31:57.29657+00|[{"pnl": -19.530000000000015, "time": "2026-07-20T13:31:57.296402+00:00", "price": 101.31, "reason": "stop_hit", "shares": 9.0, "source": "websocket", "attempt": 1}]
268|IREN|2026-07-20|skipped|live|1|magna53|window:out_of_orb: detected 09:51 ET||||||||||0|f|0|||[]
269|HAS|2026-07-21|skipped|live|1|magna53|window:out_of_orb: detected 09:50 ET||||||||||0|f|0|||[]
270|ARWR|2026-07-22|cancelled|live|1|magna53|cancelled|87.92|84.34|4.0452499999999985|87.92|84.34|84.34|21.92||6|0|f|0|||[]
271|SMCI|2026-07-22|closed|live|1|magna53||29.48|28.5|1.5697142857142856|29.47|28.5|28.5|21.92||22|-14.959999999999994|f|2|2026-07-22 13:33:30.889226+00|2026-07-27 14:37:45.699612+00|[{"pnl": -14.959999999999994, "time": "2026-07-27T14:37:45.699526+00:00", "price": 28.79, "reason": "stop_hit", "shares": 22.0, "source": "websocket", "attempt": 1}]
273|NVCR|2026-07-23|closed|live|1|magna53||19.05|18|0.8827214285714285|19.15|18|18|22.55||21|-24.133199999999935|f|0|2026-07-23 13:32:30.201565+00|2026-07-24 19:36:57.558497+00|[{"pnl": -24.133199999999935, "time": "2026-07-24T19:36:57.558381+00:00", "price": 18.0008, "reason": "stop_hit", "shares": 21.0, "source": "websocket", "attempt": 1}]
275|THC|2026-07-24|closed|live|1|magna53|block:r3_reentry_disabled|240.47|233.58|7.560714285714288|241.67|233.58|233.58|20.16||2|-16.279999999999973|f|0|2026-07-24 13:31:22.148201+00|2026-07-24 16:43:37.73624+00|[{"pnl": -16.279999999999973, "time": "2026-07-24T16:43:37.736066+00:00", "price": 233.53, "reason": "stop_hit", "shares": 2.0, "source": "websocket", "attempt": 1}]
276|WKC|2026-07-24|closed|live|1|magna53|block:r3_reentry_disabled|39.995|39|0.922857142857144|40.16|39|39|20.16||20|-23.799999999999955|f|0|2026-07-24 13:33:18.540694+00|2026-07-24 16:02:39.726184+00|[{"pnl": -23.799999999999955, "time": "2026-07-24T16:02:39.726060+00:00", "price": 38.97, "reason": "stop_hit", "shares": 20.0, "source": "websocket", "attempt": 1}]
280|NNE|2026-07-27|skipped|live|1|magna53|window:out_of_orb: detected 09:56 ET||||||||||0|f|0|||[]
279|QBTS|2026-07-27|closed|live|1|magna53||18.17|17.75|1.2432357142857147|18.17|17.75|17.75|24.2||53|-22.26000000000009|f|0|2026-07-27 13:31:31.944506+00|2026-07-28 13:36:25.188082+00|[{"pnl": -22.26000000000009, "time": "2026-07-28T13:36:25.187984+00:00", "price": 17.75, "reason": "stop_hit", "shares": 53.0, "source": "websocket", "attempt": 1}]
281|CORZ|2026-07-28|skipped|live|1|magna53|block:circuit_breaker: cooldown until 2026-07-28T14:37:45.699612+00:00||||||||||0|f|0|||[]
282|TER|2026-07-29|skipped|live|1|magna53|block:circuit_breaker: cooldown until 2026-07-29T13:36:25.188082+00:00||||||||||0|f|0|||[]
283|TEVA|2026-07-29|skipped|live|1|magna53|window:out_of_orb: detected 09:51 ET||||||||||0|f|0|||[]
284|ARM|2026-07-30|cancelled|live|1|magna53|ORB window unfilled|268.48|257.33|21.523528571428567|268.48|257.33|257.33|11.96||1|0|f|0|||[]
286|CORT|2026-07-30|skipped|live|1|magna53|setup:stop_too_wide: ORB range $7.25 (6.9%) > 1.5x ATR $6.89||||||||||0|f|0|||[]
287|EME|2026-07-30|skipped|live|1|magna53|setup:size_too_small: $12 risk / $16.65 per-share < 1 share||||||||||0|f|0|||[]
291|FTNT|2026-07-30|closed|live|1|magna53|block:r3_reentry_disabled|166.65|160.185|6.498778571428572|166.65|160.185|160.185|11.96||1|-6.6299999999999955|f|0|2026-07-30 13:32:08.510614+00|2026-07-30 13:37:50.539792+00|[{"pnl": -6.6299999999999955, "time": "2026-07-30T13:37:50.539687+00:00", "price": 160.02, "reason": "stop_hit", "shares": 1.0, "source": "websocket", "attempt": 1}]
294|LRCX|2026-07-30|skipped|live|1|magna53|window:out_of_orb: detected 09:51 ET||||||||||0|f|0|||[]
290|PWR|2026-07-30|skipped|live|1|magna53|setup:size_too_small: $12 risk / $21.95 per-share < 1 share||||||||||0|f|0|||[]
285|SIMO|2026-07-30|skipped|live|1|magna53|setup:size_too_small: $12 risk / $29.11 per-share < 1 share||||||||||0|f|0|||[]
300|BLZE|2026-07-31|skipped|live|1|magna53|window:out_of_orb: detected 09:56 ET||||||||||0|f|0|||[]
296|COHU|2026-07-31|skipped|live|1|magna53|block:circuit_breaker: cooldown until 2026-07-31T13:37:50.539792+00:00||||||||||0|f|0|||[]
298|FET|2026-07-31|skipped|live|1|magna53|block:circuit_breaker: cooldown until 2026-07-31T13:37:50.539792+00:00||||||||||0|f|0|||[]
295|FLNC|2026-07-31|skipped|live|1|magna53|block:circuit_breaker: cooldown until 2026-07-31T13:37:50.539792+00:00||||||||||0|f|0|||[]
299|MPWR|2026-07-31|skipped|live|1|magna53|block:circuit_breaker: cooldown until 2026-07-31T13:37:50.539792+00:00||||||||||0|f|0|||[]
297|NWL|2026-07-31|skipped|live|1|magna53|block:circuit_breaker: cooldown until 2026-07-31T13:37:50.539792+00:00||||||||||0|f|0|||[]
308|AEIS|2026-08-04|skipped|live|1|magna53|block:max_positions: 5/5 (mode=live)||||||||||0|f|0|||[]
311|AMRC|2026-08-04|skipped|live|1|magna53|window:out_of_orb: detected 09:45 ET||||||||||0|f|0|||[]
303|BLZE|2026-08-04|closed|live|1|magna53|block:r3_reentry_disabled|21.7499|20.1|1.3435285714285714|21.8121|20.1|20.1|35.82||21|-36.79410000000004|f|0|2026-08-04 13:31:01.724141+00|2026-08-04 19:50:00.523877+00|[{"pnl": -36.79410000000004, "time": "2026-08-04T19:50:00.523729+00:00", "price": 20.06, "reason": "stop_hit", "shares": 21.0, "source": "websocket", "attempt": 1}]
304|BTDR|2026-08-04|closed|live|1|magna53|block:r3_reentry_disabled|12.85|12.48|1.2580928571428573|12.85|12.48|12.48|35.87||74|-28.119999999999926|f|0|2026-08-04 13:34:50.844069+00|2026-08-04 13:46:20.105029+00|[{"pnl": -28.119999999999926, "time": "2026-08-04T13:46:20.104809+00:00", "price": 12.47, "reason": "stop_hit", "shares": 74.0, "source": "websocket", "attempt": 1}]
305|CAT|2026-08-04|cancelled|live|1|magna53|ORB window unfilled|934.9994|920|40.803671428571434|934.9994|920|920|35.87||1|0|f|0|||[]
306|LIFE|2026-08-04|cancelled|live|1|magna53|ORB window unfilled|28.79|27.33|1.4492285714285706|28.79|27.33|27.33|35.86||24|0|f|0|||[]
307|PLTR|2026-08-04|closed|live|1|magna53||148.63|143.28|5.9199785714285715|149.0545|170.47|143.28|35.86||6|118.60200000000003|t|14|2026-08-04 13:31:11.297642+00|2026-08-19 14:03:18.965774+00|[{"pnl": 33.27000000000004, "time": "2026-08-05T13:45:00.592881+00:00", "price": 165.6895, "reason": "partial_profit", "shares": 2, "order_id": "7e38d875-6438-4787-a1d6-fa5d75874e8b"}, {"pnl": 85.332, "time": "2026-08-19T14:03:18.965657+00:00", "price": 170.3875, "reason": "stop_hit", "shares": 4, "source": "websocket", "attempt": 1}]
312|TSAT|2026-08-04|skipped|live|1|magna53|window:out_of_orb: detected 09:56 ET||||||||||0|f|0|||[]
310|VOYG|2026-08-04|skipped|live|1|magna53|setup:zero_range: open=high=low=$33.99||||||||||0|f|0|||[]
309|ZBRA|2026-08-04|skipped|live|1|magna53|block:max_positions: 5/5 (mode=live)||||||||||0|f|0|||[]
314|APPS|2026-08-05|skipped|live|1|magna53|block:circuit_breaker: cooldown until 2026-08-05T19:50:00.523877+00:00||||||||||0|f|0|||[]
318|ECG|2026-08-05|skipped|live|1|magna53|window:out_of_orb: detected 09:51 ET||||||||||0|f|0|||[]
319|HGTY|2026-08-05|skipped|live|1|magna53|window:out_of_orb: detected 09:55 ET||||||||||0|f|0|||[]
315|KMT|2026-08-05|skipped|live|1|magna53|block:circuit_breaker: cooldown until 2026-08-05T19:50:00.523877+00:00||||||||||0|f|0|||[]
316|KODK|2026-08-05|skipped|live|1|magna53|block:circuit_breaker: cooldown until 2026-08-05T19:50:00.523877+00:00||||||||||0|f|0|||[]
313|KTOS|2026-08-05|skipped|live|1|magna53|block:circuit_breaker: cooldown until 2026-08-05T19:50:00.523877+00:00||||||||||0|f|0|||[]
317|TATT|2026-08-05|skipped|live|1|magna53|block:circuit_breaker: cooldown until 2026-08-05T19:50:00.523877+00:00||||||||||0|f|0|||[]
321|AEVA|2026-08-06|skipped|live|1|magna53|setup:stop_too_wide: ORB range $3.08 (13.4%) > 1.5x ATR $2.33||||||||||0|f|0|||[]
326|CAI|2026-08-06|skipped|live|1|magna53|window:out_of_orb: detected 09:53 ET||||||||||0|f|0|||[]
327|DCTH|2026-08-06|skipped|live|1|magna53|window:out_of_orb: detected 09:56 ET||||||||||0|f|0|||[]
325|INSM|2026-08-06|cancelled|live|1|magna53|broker:entry_rejected: last $128.96 at/below trigger $129.41 at event|129.41|126.15|3.2910964999999996|129.41|126.15|126.15|47.7||7|0|f|0|||[]
322|LFST|2026-08-06|skipped|live|1|magna53|setup:gap_below_floor: rt -2.0% < 10% floor (alert said 18.8%, last $10.16 vs prev close $10.37)||||||||||0|f|0|||[]
323|RDW|2026-08-06|cancelled|live|1|magna53|ORB window unfilled|12.75|12.23|0.7642785714285714|12.75|12.23|12.23|47.69||74|0|f|0|||[]
320|SITM|2026-08-06|skipped|live|1|magna53|setup:size_too_small: $48 risk / $48.88 per-share < 1 share||||||||||0|f|0|||[]
324|U|2026-08-06|skipped|live|1|magna53|setup:gap_below_floor: rt 1.0% < 10% floor (alert said 18.4%, last $35.83 vs prev close $35.47)||||||||||0|f|0|||[]
331|ACMR|2026-08-07|skipped|live|1|magna53|setup:gap_below_floor: rt 6.6% < 10% floor (alert said 15.1%, last $84.19 vs prev close $78.98)||||||||||0|f|0|||[]
332|FIGS|2026-08-07|closed|live|1|magna53|block:r3_reentry_disabled|15.5|15.19|0.5274500000000002|15.495082|15.19|15.19|47.94||61|-6.838002000000003|t|0|2026-08-07 13:32:31.83824+00|2026-08-07 13:51:02.672915+00|[{"pnl": 6.900359999999992, "time": "2026-08-07T13:35:04.544908+00:00", "price": 15.8401, "reason": "partial_profit", "shares": 20, "order_id": "676b9bad-2fc6-4567-bcb8-7f0c001181b6"}, {"pnl": -13.738361999999995, "time": "2026-08-07T13:51:02.672791+00:00", "price": 15.16, "reason": "stop_hit", "shares": 41.0, "source": "websocket", "attempt": 1}]
330|FROG|2026-08-07|cancelled|live|1|magna53|ORB window unfilled|96.255|90.12|5.367092857142857|96.255|90.12|90.12|47.94||7|0|f|0|||[]
336|MTW|2026-08-07|skipped|live|1|magna53|window:out_of_orb: detected 09:52 ET||||||||||0|f|0|||[]
328|NET|2026-08-07|closed|live|1|magna53|block:r3_reentry_disabled|318|311|14.201021428571424|316.13|311|311|47.94||3|-15.389999999999986|f|0|2026-08-07 13:33:20.132317+00|2026-08-07 14:32:01.073202+00|[{"pnl": -15.389999999999986, "time": "2026-08-07T14:32:01.073090+00:00", "price": 311.0, "reason": "stop_hit", "shares": 3.0, "source": "websocket", "attempt": 1}]
335|ONTO|2026-08-07|skipped|live|1|magna53|window:out_of_orb: detected 09:52 ET||||||||||0|f|0|||[]
329|QNST|2026-08-07|cancelled|live|1|magna53|broker:entry_cancelled: last $19.59 at/below trigger $19.80 at event|19.8|19.21|0.6534071428571432|19.8|19.21|19.21|47.94||48|0|f|0|||[]
333|TEAM|2026-08-07|closed|live|1|magna53|block:r3_reentry_disabled|146.8|143.21|7.2457071428571425|147.13|143.21|143.21|47.95||6|-23.940000000000055|f|0|2026-08-07 13:31:22.079081+00|2026-08-07 13:43:54.13041+00|[{"pnl": -23.940000000000055, "time": "2026-08-07T13:43:54.130227+00:00", "price": 143.14, "reason": "stop_hit", "shares": 6.0, "source": "websocket", "attempt": 1}]
334|TWLO|2026-08-07|skipped|live|1|magna53|block:max_positions: 5/5 (mode=live)||||||||||0|f|0|||[]
337|ABCL|2026-08-10|closed|live|1|magna53||8.96|8.4|0.43392857142857144|8.96|10.66|8.4|47.98||85|127.76979999999998|t|11|2026-08-10 13:34:33.529823+00|2026-08-24 13:32:11.190839+00|[{"pnl": 31.359999999999978, "time": "2026-08-11T14:34:55.402903+00:00", "price": 10.08, "reason": "partial_profit", "shares": 28, "order_id": "7ca81e06-52df-4cce-b469-7d657694ec2a"}, {"pnl": 96.40979999999999, "time": "2026-08-24T13:32:11.190745+00:00", "price": 10.6514, "reason": "stop_hit", "shares": 57, "source": "websocket", "attempt": 1}]
339|ACHR|2026-08-10|skipped|live|1|magna53|window:out_of_orb: detected 09:45 ET||||||||||0|f|0|||[]
340|NESR|2026-08-10|skipped|live|1|magna53|window:out_of_orb: detected 09:45 ET||||||||||0|f|0|||[]
338|TH|2026-08-10|skipped|live|1|magna53|setup:gap_below_floor: rt -5.0% < 10% floor (alert said 12.2%, last $15.68 vs prev close $16.51)||||||||||0|f|0|||[]
345|BW|2026-08-11|closed|live|1|magna53|block:r3_reentry_disabled|12.08|11.5|0.9116857142857143|12.07|11.5|11.5|48.59||80|-49.60000000000008|f|0|2026-08-11 13:31:49.609+00|2026-08-11 13:31:56.783978+00|[{"pnl": -49.60000000000008, "time": "2026-08-11T13:31:56.783838+00:00", "price": 11.45, "reason": "stop_hit", "shares": 80.0, "source": "websocket", "attempt": 1}]
342|FRMI|2026-08-11|closed|live|1|magna53|block:r3_reentry_disabled|7.24|7.05|0.6226857142857142|7.29|7.05|7.05|48.51||134|-31.490000000000045|f|0|2026-08-11 13:31:05.801705+00|2026-08-11 13:31:40.487398+00|[{"pnl": -31.490000000000045, "time": "2026-08-11T13:31:40.487196+00:00", "price": 7.055, "reason": "stop_hit", "shares": 134.0, "source": "websocket", "attempt": 1}]
341|RIOT|2026-08-11|cancelled|live|1|magna53|ORB window unfilled|23.66|22.86|2.289392857142857|23.66|22.86|22.86|48.51||41|0|f|0|||[]
346|SE|2026-08-11|skipped|live|1|magna53|setup:gap_below_floor: rt 9.2% < 10% floor (alert said 10.6%, last $125.36 vs prev close $114.80)||||||||||0|f|0|||[]
349|ATRO|2026-08-12|skipped|live|1|magna53|setup:stop_too_wide: ORB range $5.75 (7.2%) > 1.5x ATR $5.29||||||||||0|f|0|||[]
355|BE|2026-08-12|skipped|live|1|magna53|window:out_of_orb: detected 09:50 ET||||||||||0|f|0|||[]
356|CRWV|2026-08-12|skipped|live|1|magna53|window:out_of_orb: detected 09:50 ET||||||||||0|f|0|||[]
351|EROC|2026-08-12|cancelled|live|1|magna53|setup:chase_cap_exceeded: limit $13.50 risk $0.75/sh vs planned $0.41/sh (cap 1.50x, ORB high $13.16)|13.16|12.75|1.099278571428571|13.16|12.75|12.75|47.65||72|0|f|0|||[]
350|GLBE|2026-08-12|skipped|live|1|magna53|setup:gap_below_floor: rt 4.8% < 10% floor (alert said 10.7%, last $42.81 vs prev close $40.86)||||||||||0|f|0|||[]
357|MRX|2026-08-12|skipped|live|1|magna53|window:out_of_orb: detected 09:55 ET||||||||||0|f|0|||[]
360|CGEM|2026-08-13|skipped|live|1|magna53|infra:no_bar: 3 retries exhausted||||||||||0|f|0|||[]
359|CRMD|2026-08-13|skipped|live|1|magna53|infra:no_bar: 3 retries exhausted||||||||||0|f|0|||[]
358|HLIT|2026-08-13|skipped|live|1|magna53|infra:no_bar: 3 retries exhausted||||||||||0|f|0|||[]
365|KURA|2026-08-13|skipped|live|1|magna53|window:out_of_orb: detected 09:51 ET||||||||||0|f|0|||[]
364|OMER|2026-08-13|skipped|live|1|magna53|window:out_of_orb: detected 09:45 ET||||||||||0|f|0|||[]
367|ETON|2026-08-14|closed|live|1|magna53|block:r3_reentry_disabled|55.4427|53.01|2.6960642857142862|55.2012|55.2012|53.01|48.92||17|19.323599999999942|t|0|2026-08-14 13:31:02.570624+00|2026-08-14 13:45:11.151019+00|[{"pnl": -2.570400000000049, "time": "2026-08-14T13:45:11.150854+00:00", "price": 55.05, "reason": "stop_hit", "shares": 17.0, "source": "websocket", "attempt": 1}, {"pnl": 21.89399999999999, "time": "2026-08-14T19:58:02.361900+00:00", "price": 59.58, "reason": "partial_profit", "shares": 5, "order_id": "ee925e6b-43eb-4db1-b040-7eae9568fb49"}]
366|HTFL|2026-08-14|skipped|live|1|magna53|setup:stop_too_wide: ORB range $2.55 (7.0%) > 1.5x ATR $2.19||||||||||0|f|0|||[]
370|NMAX|2026-08-14|skipped|live|1|magna53|window:out_of_orb: detected 09:50 ET||||||||||0|f|0|||[]
368|VERA|2026-08-14|skipped|live|1|magna53|setup:gap_below_floor: rt 5.6% < 10% floor (alert said 14.2%, last $30.50 vs prev close $28.89)||||||||||0|f|0|||[]
371|ARGX|2026-08-17|skipped|live|1|magna53|setup:gap_below_floor: rt 9.5% < 10% floor (alert said 10.5%, last $931.98 vs prev close $851.29)||||||||||0|f|0|||[]
372|AMLX|2026-08-18|closed|live|1|magna53||30.07|28.58|1.46515|30.211219|34.46|27.089999999999996|48.72||16|62.92049600000003|t|10|2026-08-18 13:32:03.313327+00|2026-08-31 13:32:51.994395+00|[{"pnl": 16.293904999999995, "time": "2026-08-18T17:33:44.327277+00:00", "price": 33.47, "reason": "partial_profit", "shares": 5, "order_id": "c6a6354b-0b5f-4066-87f3-e48195318659"}, {"pnl": 46.62659100000003, "time": "2026-08-31T13:32:51.994277+00:00", "price": 34.45, "reason": "stop_hit", "shares": 11, "source": "websocket", "attempt": 1}]
374|MRNA|2026-08-19|filled|live|1|magna53||120.15|115|3.761600000000001|120.75|136.42|109.85|50.02||4|17.710000000000008|t|13|2026-08-19 13:33:11.246896+00||[{"pnl": 17.710000000000008, "time": "2026-08-19T13:55:04.089795+00:00", "price": 138.46, "reason": "partial_profit", "shares": 1, "order_id": "ecb9e3b9-a41d-4310-90a6-94f6c385b079"}]
373|MRVL|2026-08-19|closed|live|1|magna53|block:r3_reentry_disabled|241.53|235.84|16.816799571428565|241.5|230.15|230.15|50.02||4|-43.27999999999997|f|0|2026-08-19 13:32:06.145346+00|2026-08-19 14:03:04.536415+00|[{"pnl": -43.27999999999997, "time": "2026-08-19T14:03:04.536270+00:00", "price": 230.68, "reason": "stop_hit", "shares": 4.0, "source": "websocket", "attempt": 1}]
376|TWST|2026-08-19|skipped|live|1|magna53|window:out_of_orb: detected 09:55 ET||||||||||0|f|0|||[]
377|BULL|2026-08-20|skipped|live|1|magna53|setup:stop_too_wide: ORB range $0.54 (5.7%) > 1.5x ATR $0.52||||||||||0|f|0|||[]
378|RARE|2026-08-20|skipped|live|1|magna53|infra:no_bar: 3 retries exhausted||||||||||0|f|0|||[]
380|UUUU|2026-08-21|skipped|live|1|magna53|window:out_of_orb: detected 09:55 ET||||||||||0|f|0|||[]
386|CHRN|2026-08-27|skipped|live|1|magna53|window:out_of_orb: detected 09:50 ET||||||||||0|f|0|||[]
383|CRWD|2026-08-27|closed|live|1|magna53||210.92|206.1|9.222857142857146|213.3058|213.3058|201.28|37.45|28.92|3|14.402600000000007|t|0|2026-08-27 13:31:11.80965+00|2026-08-28 14:00:07.28177+00|[{"pnl": 14.414199999999994, "time": "2026-08-27T19:46:15.325070+00:00", "price": 227.72, "reason": "partial_profit", "shares": 1, "order_id": "1cc82203-f94f-4ac0-874d-caac4b908b39"}, {"pnl": -0.011599999999987176, "time": "2026-08-28T14:00:07.281671+00:00", "price": 213.3, "reason": "stop_hit", "shares": 2, "source": "websocket", "attempt": 1}]
381|DG|2026-08-27|skipped|live|1|magna53|setup:gap_below_floor: rt 3.6% < 9% floor (alert said 10.9%, last $127.26 vs prev close $122.78)||||||||||0|f|0|||[]
382|OKTA|2026-08-27|filled|live|1|magna53||167.88|159.2|6.847142857142862|167.879|150.51999999999998|150.51999999999998|37.46|34.72|2|0|f|5|2026-08-27 13:49:50.777226+00||[]
387|VEEV|2026-08-27|skipped|live|1|magna53|window:out_of_orb: detected 09:50 ET||||||||||0|f|0|||[]
388|SOLS|2026-08-28|closed|live|1|magna53||66.75|64.72|1.8459642857142862|66.77|62.69|62.69|50.14|48.72|12|-49.19999999999993|f|0|2026-08-28 13:34:41.796552+00|2026-08-31 16:03:29.957844+00|[{"pnl": -49.19999999999993, "time": "2026-08-31T16:03:29.957760+00:00", "price": 62.67, "reason": "stop_hit", "shares": 12, "source": "websocket", "attempt": 1}]
(259 rows)
=== FWD_CLOSES ===
ticker|alert_date|trade_date|close|high_price|low_price
ABCL|2026-08-10|2026-08-10|9.34|10.01|8.4
ABCL|2026-08-10|2026-08-11|9.76|10.29|9.02
ABCL|2026-08-10|2026-08-12|10.355|10.38|9
ABCL|2026-08-10|2026-08-13|10.97|11.065|10.22
ABCL|2026-08-10|2026-08-14|11.38|11.5|10.47
ABCL|2026-08-10|2026-08-17|11.2|11.645|10.6044
ABCL|2026-08-10|2026-08-18|11.12|11.515|10.7
ABCL|2026-08-10|2026-08-19|12.01|12.15|11.47
ACAD|2026-06-26|2026-06-26|25.32|27.31|25.07
ACAD|2026-06-26|2026-06-29|25.2|25.725|24.95
ACAD|2026-06-26|2026-06-30|25.3|26|25.02
ACAD|2026-06-26|2026-07-01|25.2|25.55|24.935
ACAD|2026-06-26|2026-07-02|25.97|26.2268|25.13
ACAD|2026-06-26|2026-07-06|25.77|26|25.24
ACAD|2026-06-26|2026-07-07|26.2|26.35|25.63
ACAD|2026-06-26|2026-07-08|26|26.29|25.59
AEHR|2026-07-15|2026-07-15|87.79|110.2|86.28
AEHR|2026-07-15|2026-07-16|84.2|87.7336|79.69
AEHR|2026-07-15|2026-07-17|81.05|88.3|76.75
AEHR|2026-07-15|2026-07-20|77.36|88.8899|75.2
AEHR|2026-07-15|2026-07-21|98.91|99.17|83.17
AEHR|2026-07-15|2026-07-22|93.54|101.22|93.33
AEHR|2026-07-15|2026-07-23|88.51|97.15|87.41
AEHR|2026-07-15|2026-07-24|76.32|87.455|75.51
AMBQ|2026-05-12|2026-05-12|66.37|66.59|53.14
AMBQ|2026-05-12|2026-05-13|71.29|72.4765|62.81
AMBQ|2026-05-12|2026-05-14|73.3|73.32|67.28
AMBQ|2026-05-12|2026-05-15|70.57|73.72|66.5
AMBQ|2026-05-12|2026-05-18|71.34|73|67.3001
AMBQ|2026-05-12|2026-05-19|71.14|73.4999|65.41
AMBQ|2026-05-12|2026-05-20|76.61|77.56|70.53
AMBQ|2026-05-12|2026-05-21|76.56|79.47|73.38
AMD|2026-05-06|2026-05-06|421.39|430.6|402.04
AMD|2026-05-06|2026-05-07|408.46|421.71|401.08
AMD|2026-05-06|2026-05-08|455.19|456.29|418.29
AMD|2026-05-06|2026-05-11|458.79|469.215|450.88
AMD|2026-05-06|2026-05-12|448.29|458.8|426.11
AMD|2026-05-06|2026-05-13|445.5|459.5|432.65
AMD|2026-05-06|2026-05-14|449.7|453.31|435.68
AMD|2026-05-06|2026-05-15|424.1|439|423.3616
AMLX|2026-08-18|2026-08-18|35.11|35.39|28
AMLX|2026-08-18|2026-08-19|38.6|39.07|35.3207
AMLX|2026-08-18|2026-08-20|39.66|40.4388|37.372
AMLX|2026-08-18|2026-08-21|38.66|41.14|38.35
AMLX|2026-08-18|2026-08-24|38.15|39.38|37.45
AMLX|2026-08-18|2026-08-25|37.46|38.88|36.84
AMLX|2026-08-18|2026-08-26|37.08|37.69|35.79
AMLX|2026-08-18|2026-08-27|37.18|38.23|36.53
BLZE|2026-08-04|2026-08-04|19.79|23.99|19.65
BLZE|2026-08-04|2026-08-05|18.62|19.79|17.47
BLZE|2026-08-04|2026-08-06|18.11|18.98|17.6
BLZE|2026-08-04|2026-08-07|18.82|19|18.01
BLZE|2026-08-04|2026-08-10|19.27|20.49|18.95
BLZE|2026-08-04|2026-08-11|18.71|19.65|18.56
BLZE|2026-08-04|2026-08-12|19.34|20.095|18.865
BLZE|2026-08-04|2026-08-13|20.43|20.91|18.76
BSX|2026-04-23|2026-04-23|65.69|66.88|64.93
BSX|2026-04-23|2026-04-24|62.07|65.97|61.96
BSX|2026-04-23|2026-04-27|59.95|61.73|59.925
BSX|2026-04-23|2026-04-28|58.45|60.5175|58.02
BSX|2026-04-23|2026-04-29|57.15|57.825|56.17
BSX|2026-04-23|2026-04-30|57.61|57.895|56.05
BSX|2026-04-23|2026-05-01|56.5|58.1699|56.5
BSX|2026-04-23|2026-05-04|56.85|57.685|56.53
BTDR|2026-08-04|2026-08-04|11.38|12.93|11.25
BTDR|2026-08-04|2026-08-05|11.06|12.25|11.04
BTDR|2026-08-04|2026-08-06|10.52|11|10.38
BTDR|2026-08-04|2026-08-07|10.88|11.04|10.19
BTDR|2026-08-04|2026-08-10|8.695|11.36|8.68
BTDR|2026-08-04|2026-08-11|8.69|9.35|8.44
BTDR|2026-08-04|2026-08-12|9.02|9.56|8.91
BTDR|2026-08-04|2026-08-13|8.76|9.35|8.65
BW|2026-05-11|2026-05-11|18.91|18.99|15.56
BW|2026-05-11|2026-05-12|19.75|19.82|17.65
BW|2026-05-11|2026-05-13|19.35|20.75|18.5753
BW|2026-05-11|2026-05-14|21.22|21.36|19.1
BW|2026-05-11|2026-05-15|21.85|22.03|18.725
BW|2026-05-11|2026-05-18|20.15|21.97|19.3304
BW|2026-05-11|2026-05-19|19.59|20.6299|18.37
BW|2026-05-11|2026-05-20|19.17|20.23|18.74
BW|2026-08-11|2026-08-11|9.19|12.08|9
BW|2026-08-11|2026-08-12|9.77|10.2|9.27
BW|2026-08-11|2026-08-13|9.35|10.2121|9.27
BW|2026-08-11|2026-08-14|10.29|10.6|9.6
BW|2026-08-11|2026-08-17|9.92|10.469|9.78
BW|2026-08-11|2026-08-18|9.14|9.76|9.015
BW|2026-08-11|2026-08-19|9.11|9.2|8.57
BW|2026-08-11|2026-08-20|8.43|9.05|8.3
CAI|2026-08-07|2026-08-07|22.74|22.77|20.1201
CAI|2026-08-07|2026-08-10|23.4|23.44|22.68
CAI|2026-08-07|2026-08-11|23.14|23.66|22.99
CAI|2026-08-07|2026-08-12|22.26|22.965|21.99
CAI|2026-08-07|2026-08-13|22.18|23.12|22.14
CAI|2026-08-07|2026-08-14|21.8|22.43|21.445
CAI|2026-08-07|2026-08-17|21.63|22.19|21.52
CAI|2026-08-07|2026-08-18|20.97|21.64|20.78
CRCL|2026-07-10|2026-07-10|66.14|72.855|65.07
CRCL|2026-07-10|2026-07-13|63|66.1|62.36
CRCL|2026-07-10|2026-07-14|63.22|63.49|59.29
CRCL|2026-07-10|2026-07-15|65.69|66.845|63.25
CRCL|2026-07-10|2026-07-16|60.64|64.9|60.3603
CRCL|2026-07-10|2026-07-17|60.46|62.4|58.68
CRCL|2026-07-10|2026-07-20|65.45|66.98|60.87
CRCL|2026-07-10|2026-07-21|71.08|72.675|68.645
CRMD|2026-05-14|2026-05-14|7.93|8.94|7.86
CRMD|2026-05-14|2026-05-15|7.55|8.21|7.505
CRMD|2026-05-14|2026-05-18|7.91|7.985|7.52
CRMD|2026-05-14|2026-05-19|7.82|8.03|7.765
CRMD|2026-05-14|2026-05-20|7.93|8.04|7.64
CRMD|2026-05-14|2026-05-21|8.06|8.075|7.77
CRMD|2026-05-14|2026-05-22|7.98|8.14|7.965
CRMD|2026-05-14|2026-05-26|8.27|8.295|8.02
CRMD|2026-08-13|2026-08-13|8.14|8.98|7.76
CRMD|2026-08-13|2026-08-14|7.54|8.198|7.46
CRMD|2026-08-13|2026-08-17|7.67|8.11|7.4801
CRMD|2026-08-13|2026-08-18|8.17|8.27|7.71
CRMD|2026-08-13|2026-08-19|8.52|8.53|8.11
CRMD|2026-08-13|2026-08-20|8.23|8.5449|8.19
CRMD|2026-08-13|2026-08-21|8.2|8.41|8.155
CRMD|2026-08-13|2026-08-24|8.28|8.495|8.18
CRSR|2026-05-27|2026-05-27|9.82|9.9|8.4
CRSR|2026-05-27|2026-05-28|11.95|13.1|10.58
CRSR|2026-05-27|2026-05-29|12.14|12.785|11.2401
CRSR|2026-05-27|2026-06-01|11.48|11.53|10
CRSR|2026-05-27|2026-06-02|11.53|11.765|10.81
CRSR|2026-05-27|2026-06-03|10.475|11.29|10.345
CRSR|2026-05-27|2026-06-04|9.92|10.28|9.71
CRSR|2026-05-27|2026-06-05|9.01|9.69|9
CRWD|2026-08-27|2026-08-27|227.96|229.08|206.1
CRWD|2026-08-27|2026-08-28|218.4|228.69|210.53
CRWD|2026-08-27|2026-08-31|231|233.88|221
CRWD|2026-08-27|2026-09-01|215.07|231.2986|212.65
CSCO|2026-05-14|2026-05-14|115.53|119.36|113.97
CSCO|2026-05-14|2026-05-15|118.21|118.83|114
CSCO|2026-05-14|2026-05-18|118.88|119.39|116.03
CSCO|2026-05-14|2026-05-19|115.38|118.5|114.79
CSCO|2026-05-14|2026-05-20|114.35|116.9195|113.85
CSCO|2026-05-14|2026-05-21|118.2|118.6|113.57
CSCO|2026-05-14|2026-05-22|120.41|120.79|117.68
CSCO|2026-05-14|2026-05-26|118.33|120.77|117.095
DELL|2026-05-29|2026-05-29|420.91|429.151|402.27
DELL|2026-05-29|2026-06-01|465.96|469.47|426.15
DELL|2026-05-29|2026-06-02|435.31|469.19|433.43
DELL|2026-05-29|2026-06-03|421.08|436|407
DELL|2026-05-29|2026-06-04|422.05|430.5|399
DELL|2026-05-29|2026-06-05|394.39|412.9|386.275
DELL|2026-05-29|2026-06-08|400.77|406.4999|385.61
DELL|2026-05-29|2026-06-09|381.78|407.7399|357.07
DKNG|2026-08-10|2026-08-10|24.27|25.19|23.55
DKNG|2026-08-10|2026-08-11|25.34|25.52|24.13
DKNG|2026-08-10|2026-08-12|25.51|25.83|24.85
DKNG|2026-08-10|2026-08-13|25.42|25.86|25.035
DKNG|2026-08-10|2026-08-14|26.14|26.44|25.69
DKNG|2026-08-10|2026-08-17|25.3|26.6329|25.25
DKNG|2026-08-10|2026-08-18|24.04|25.43|24.03
DKNG|2026-08-10|2026-08-19|25.31|25.39|23.9505
DLTR|2026-05-29|2026-05-29|116.44|116.88|110.0402
DLTR|2026-05-29|2026-06-01|111.35|116.85|111.18
DLTR|2026-05-29|2026-06-02|109.39|114.525|108.61
DLTR|2026-05-29|2026-06-03|112.5|112.57|108.6
DLTR|2026-05-29|2026-06-04|109.27|115.225|109.06
DLTR|2026-05-29|2026-06-05|108.8|110.765|107.93
DLTR|2026-05-29|2026-06-08|107.69|110.25|107.5394
DLTR|2026-05-29|2026-06-09|112.15|113|107.6
DY|2026-05-27|2026-05-27|529.13|566.465|520.97
DY|2026-05-27|2026-05-28|535.2|551.86|523.77
DY|2026-05-27|2026-05-29|510|544.83|500.685
DY|2026-05-27|2026-06-01|493.89|517.57|490.08
DY|2026-05-27|2026-06-02|485.97|511.82|483.495
DY|2026-05-27|2026-06-03|484.11|490.86|467.29
DY|2026-05-27|2026-06-04|488.57|493|474
DY|2026-05-27|2026-06-05|466.28|485.37|461.23
EME|2026-07-30|2026-07-30|802.37|808.7204|771.66
EME|2026-07-30|2026-07-31|797.43|839.99|797.42
EME|2026-07-30|2026-08-03|817.42|821.86|775.05
EME|2026-07-30|2026-08-04|819.88|831.495|808.87
EME|2026-07-30|2026-08-05|822.16|835|815.795
EME|2026-07-30|2026-08-06|808.43|836.1524|805.2
EME|2026-07-30|2026-08-07|816.9|831.54|801.6
EME|2026-07-30|2026-08-10|809.33|827.625|808.48
EROC|2026-08-12|2026-08-12|13.82|14.28|12.7335
EROC|2026-08-12|2026-08-13|15.66|16.91|14.38
EROC|2026-08-12|2026-08-14|16.72|16.97|15.55
EROC|2026-08-12|2026-08-17|17.4|17.75|16.5601
EROC|2026-08-12|2026-08-18|15.22|17.299|15.114215
EROC|2026-08-12|2026-08-19|14.36|16.2699|14
EROC|2026-08-12|2026-08-20|13.01|14.43|12.68
EROC|2026-08-12|2026-08-21|14.13|14.46|13.307623
ETON|2026-08-14|2026-08-14|58.86|59.79|53.01
ETON|2026-08-14|2026-08-17|61.73|62.87|56.65
ETON|2026-08-14|2026-08-18|63.43|63.5591|60
ETON|2026-08-14|2026-08-19|61.48|63.83|60.06
ETON|2026-08-14|2026-08-20|59.91|62.58|59.59
ETON|2026-08-14|2026-08-21|63.47|64|59.76
ETON|2026-08-14|2026-08-24|64.43|66.37|62.9
ETON|2026-08-14|2026-08-25|63.05|65.5|62
FIGS|2026-08-07|2026-08-07|14.26|16.38|14.11
FIGS|2026-08-07|2026-08-10|14.39|14.9487|13.86
FIGS|2026-08-07|2026-08-11|14.27|14.59|13.5597
FIGS|2026-08-07|2026-08-12|14.42|14.62|13.935
FIGS|2026-08-07|2026-08-13|14.84|14.87|13.92
FIGS|2026-08-07|2026-08-14|14.69|14.795|14.36
FIGS|2026-08-07|2026-08-17|14.32|14.72|14.26
FIGS|2026-08-07|2026-08-18|14.16|14.56|14.14
FRMI|2026-08-11|2026-08-11|7.12|7.3899|6.78
FRMI|2026-08-11|2026-08-12|7.6|7.675|7.17
FRMI|2026-08-11|2026-08-13|6.6|7.37|6.52
FRMI|2026-08-11|2026-08-14|6.4|6.72|6.32
FRMI|2026-08-11|2026-08-17|6.14|6.41|6.065
FRMI|2026-08-11|2026-08-18|5.74|6.05|5.73
FRMI|2026-08-11|2026-08-19|5.76|5.819|5.44
FRMI|2026-08-11|2026-08-20|5.97|5.98|5.67
FROG|2026-05-11|2026-05-11|69.01|71.6499|66.82
FROG|2026-05-11|2026-05-12|67.55|68.78|65.175
FROG|2026-05-11|2026-05-13|64.18|67.9|63.6227
FROG|2026-05-11|2026-05-14|65.08|65.61|62.01
FROG|2026-05-11|2026-05-15|66.16|67.47|63.9104
FROG|2026-05-11|2026-05-18|67.91|68.375|65.5
FROG|2026-05-11|2026-05-19|70.63|70.825|67.3647
FROG|2026-05-11|2026-05-20|73.43|73.715|68.75
FROG|2026-06-29|2026-06-29|90.09|90.33|85.68
FROG|2026-06-29|2026-06-30|90.88|93.12|88.51
FROG|2026-06-29|2026-07-01|90.39|92.9375|88.9
FROG|2026-06-29|2026-07-02|94.81|96|90.75
FROG|2026-06-29|2026-07-06|98.1|98.93|92
FROG|2026-06-29|2026-07-07|96.2|99.22|92.4159
FROG|2026-06-29|2026-07-08|92.73|96.26|91.31
FROG|2026-06-29|2026-07-09|95.5|96.74|91.34
FTK|2026-08-03|2026-08-03|26.76|26.88|24.54
FTK|2026-08-03|2026-08-04|28.21|28.68|26.27
FTK|2026-08-03|2026-08-05|36.07|37.3948|32.72
FTK|2026-08-03|2026-08-06|36.43|37.53|34.27
FTK|2026-08-03|2026-08-07|35.42|37|34.84
FTK|2026-08-03|2026-08-10|37.62|38.4|35.49
FTK|2026-08-03|2026-08-11|38.82|38.89|36.629
FTK|2026-08-03|2026-08-12|37.17|39.67|36.91
FTNT|2026-07-30|2026-07-30|154.25|169.26|152.23
FTNT|2026-07-30|2026-07-31|161.95|162.57|153.61
FTNT|2026-07-30|2026-08-03|163.21|164.5|159.32
FTNT|2026-07-30|2026-08-04|168.29|169.105|162.77
FTNT|2026-07-30|2026-08-05|164.13|172.09|163.94
FTNT|2026-07-30|2026-08-06|160.11|162.73|158.27
FTNT|2026-07-30|2026-08-07|159.64|165.5|158.555
FTNT|2026-07-30|2026-08-10|164.21|167.1899|159.64
FTRE|2026-05-05|2026-05-05|14.53|15.61|13.96
FTRE|2026-05-05|2026-05-06|15.64|15.795|14.53
FTRE|2026-05-05|2026-05-07|15.57|16.2|15.2653
FTRE|2026-05-05|2026-05-08|15.43|15.61|14.71
FTRE|2026-05-05|2026-05-11|14.99|15.46|14.835
FTRE|2026-05-05|2026-05-12|14.61|14.97|14.16
FTRE|2026-05-05|2026-05-13|14.47|14.8|14.23
FTRE|2026-05-05|2026-05-14|14.24|14.77|14.18
GLXY|2026-06-10|2026-06-10|30.15|33.78|30.09
GLXY|2026-06-10|2026-06-11|33.27|33.45|29.635
GLXY|2026-06-10|2026-06-12|33.36|35.6|32.74
GLXY|2026-06-10|2026-06-15|33.63|35.44|33.23
GLXY|2026-06-10|2026-06-16|33.18|34.2|32.62
GLXY|2026-06-10|2026-06-17|33.04|35.41|32.4
GLXY|2026-06-10|2026-06-18|34.2|35.3|33.4375
GLXY|2026-06-10|2026-06-22|33.12|36.1|32.95
HUT|2026-07-20|2026-07-20|100.93|107|99.1
HUT|2026-07-20|2026-07-21|108.98|110.47|103.8009
HUT|2026-07-20|2026-07-22|109.86|114.6|105.0701
HUT|2026-07-20|2026-07-23|117.67|120.38|110.23
HUT|2026-07-20|2026-07-24|109.99|117.98|109
HUT|2026-07-20|2026-07-27|104.59|112.6|100.88
HUT|2026-07-20|2026-07-28|101.14|103.04|91.6
HUT|2026-07-20|2026-07-29|88.18|100.34|86.89
INTC|2026-04-24|2026-04-24|82.54|85.22|79.62
INTC|2026-04-24|2026-04-27|84.99|87.1|82.61
INTC|2026-04-24|2026-04-28|84.52|84.59|80.8
INTC|2026-04-24|2026-04-29|94.75|94.95|85.87
INTC|2026-04-24|2026-04-30|94.48|95.69|91.5
INTC|2026-04-24|2026-05-01|99.62|100.45|92.61
INTC|2026-04-24|2026-05-04|95.78|99.82|95.6
INTC|2026-04-24|2026-05-05|108.15|110.48|100.08
JBL|2026-06-17|2026-06-17|374.98|428.9322|374.11
JBL|2026-06-17|2026-06-18|371.88|390.05|366.2101
JBL|2026-06-17|2026-06-22|377.24|379|362
JBL|2026-06-17|2026-06-23|372.99|373.74|359
JBL|2026-06-17|2026-06-24|371.8|386.87|365
JBL|2026-06-17|2026-06-25|374.64|383.94|370.01
JBL|2026-06-17|2026-06-26|358.6|369.97|356
JBL|2026-06-17|2026-06-29|373.58|373.61|350.25
KLAR|2026-05-14|2026-05-14|16.47|16.485|14.96
KLAR|2026-05-14|2026-05-15|15.17|16.6476|14.86
KLAR|2026-05-14|2026-05-18|15.55|15.87|15.01
KLAR|2026-05-14|2026-05-19|15.13|16.285|15.1
KLAR|2026-05-14|2026-05-20|16.09|16.48|14.83
KLAR|2026-05-14|2026-05-21|15.93|16.135|15.7
KLAR|2026-05-14|2026-05-22|16.57|16.71|15.91
KLAR|2026-05-14|2026-05-26|16.98|17.39|16.61
KNX|2026-05-15|2026-05-15|69.06|69.35|65.67
KNX|2026-05-15|2026-05-18|69.27|69.99|68.61
KNX|2026-05-15|2026-05-19|68.37|69.18|67.29
KNX|2026-05-15|2026-05-20|71|71.63|69
KNX|2026-05-15|2026-05-21|70.25|71.09|69.01
KNX|2026-05-15|2026-05-22|70.12|71.19|69.28
KNX|2026-05-15|2026-05-26|72.93|73.36|70.55
KNX|2026-05-15|2026-05-27|74.18|74.5794|72.47
KURA|2026-04-17|2026-04-17|9.68|10.015|9.49
KURA|2026-04-17|2026-04-20|9.78|9.86|9.5
KURA|2026-04-17|2026-04-21|9.47|10.035|9.47
KURA|2026-04-17|2026-04-22|9.53|9.62|9.37
KURA|2026-04-17|2026-04-23|9.27|9.6461|9.22
KURA|2026-04-17|2026-04-24|9.26|9.375|9.08
KURA|2026-04-17|2026-04-27|9.07|9.57|9.07
KURA|2026-04-17|2026-04-28|8.83|9.2|8.75
MANE|2026-07-15|2026-07-15|123.7|129.8|118
MANE|2026-07-15|2026-07-16|105.83|125.165|104.46
MANE|2026-07-15|2026-07-17|111.32|117.82|105.01
MANE|2026-07-15|2026-07-20|106.04|115.5|104.45
MANE|2026-07-15|2026-07-21|109.49|112.895|106.83
MANE|2026-07-15|2026-07-22|109.85|113.63|108.19
MANE|2026-07-15|2026-07-23|115.86|116.61|108.2154
MANE|2026-07-15|2026-07-24|109.51|117.93|109.27
MNDY|2026-05-11|2026-05-11|76.91|88.48|73.17
MNDY|2026-05-11|2026-05-12|71.99|77.73|71.94
MNDY|2026-05-11|2026-05-13|67.7|71.32|67.1202
MNDY|2026-05-11|2026-05-14|69.73|71.09|65.915
MNDY|2026-05-11|2026-05-15|71.97|72.95|68.55
MNDY|2026-05-11|2026-05-18|78.04|78.47|71.45
MNDY|2026-05-11|2026-05-19|78.005|82.87|76.71
MNDY|2026-05-11|2026-05-20|79.15|79.15|73.55
MRAM|2026-05-11|2026-05-11|39.86|44.67|33.66
MRAM|2026-05-11|2026-05-12|44.01|44.5|34.03
MRAM|2026-05-11|2026-05-13|41.46|51.5|41.3
MRAM|2026-05-11|2026-05-14|40.63|42.47|37.68
MRAM|2026-05-11|2026-05-15|37.57|40|36.2301
MRAM|2026-05-11|2026-05-18|33.35|38.66|31.31
MRAM|2026-05-11|2026-05-19|31.72|34|29.5
MRAM|2026-05-11|2026-05-20|28.94|32.65|28.2001
MRK|2026-08-20|2026-08-20|148.99|152.515|148.516
MRK|2026-08-20|2026-08-21|152.55|154.49|148.59
MRK|2026-08-20|2026-08-24|150.66|151.52|149.14
MRK|2026-08-20|2026-08-25|156.45|156.9199|150.66
MRK|2026-08-20|2026-08-26|153.1|155.19|152.6109
MRK|2026-08-20|2026-08-27|149.54|152.08|149.02
MRK|2026-08-20|2026-08-28|148.35|149.0078|145.75
MRK|2026-08-20|2026-08-31|147.76|148.689|145.95
MRVI|2026-08-21|2026-08-21|8.64|8.87|8.2
MRVI|2026-08-21|2026-08-24|8.43|8.615|8.13
MRVI|2026-08-21|2026-08-25|9|9.06|8.34
MRVI|2026-08-21|2026-08-26|8.9|9.42|8.68
MRVI|2026-08-21|2026-08-27|8.37|8.98|8.325
MRVI|2026-08-21|2026-08-28|7.68|8.175|7.645
MRVI|2026-08-21|2026-08-31|7.64|7.725|7.52
MRVI|2026-08-21|2026-09-01|7.3|7.59|7.28
MRVL|2026-08-19|2026-08-19|237.27|245.489|228.1001
MRVL|2026-08-19|2026-08-20|251.01|251.73|234.527
MRVL|2026-08-19|2026-08-21|237.04|252.52|233.28
MRVL|2026-08-19|2026-08-24|229.29|231.7|220.4201
MRVL|2026-08-19|2026-08-25|240.38|246.7|235.93
MRVL|2026-08-19|2026-08-26|245.11|245.17|236.79
MRVL|2026-08-19|2026-08-27|241.45|254.6|240.38
MRVL|2026-08-19|2026-08-28|216.62|228.88|215.55
MSFT|2026-06-29|2026-06-29|368.57|380.5|359.9
MSFT|2026-06-29|2026-06-30|373.02|374.15|367.45
MSFT|2026-06-29|2026-07-01|384.28|388.83|374.89
MSFT|2026-06-29|2026-07-02|390.49|392.2|383.7
MSFT|2026-06-29|2026-07-06|386.74|389.15|381.22
MSFT|2026-06-29|2026-07-07|388.84|395.57|388.22
MSFT|2026-06-29|2026-07-08|383.34|385.31|381.33
MSFT|2026-06-29|2026-07-09|384.36|384.65|373.35
MU|2026-06-25|2026-06-25|1213.56|1255|1136.31
MU|2026-06-25|2026-06-26|1132.33|1198.7121|1121.36
MU|2026-06-25|2026-06-29|1145.28|1148.79|1023.65
MU|2026-06-25|2026-06-30|1154.29|1168.68|1124.66
MU|2026-06-25|2026-07-01|1032.28|1097|1032.2
MU|2026-06-25|2026-07-02|975.56|1064.64|950.28
MU|2026-06-25|2026-07-06|984.75|1019|980.85
MU|2026-06-25|2026-07-07|938.38|942.02|891.66
NAVN|2026-06-11|2026-06-11|22.63|24.5|22.03
NAVN|2026-06-11|2026-06-12|19.93|21|18.6
NAVN|2026-06-11|2026-06-15|20.1|20.89|19.375
NAVN|2026-06-11|2026-06-16|19.03|19.84|18.87
NAVN|2026-06-11|2026-06-17|20.99|21.41|18.35
NAVN|2026-06-11|2026-06-18|21.91|22.1|20.8
NAVN|2026-06-11|2026-06-22|21.66|22.18|21.04
NAVN|2026-06-11|2026-06-23|21.28|21.81|20.97
NET|2026-08-07|2026-08-07|300.27|324.73|295.89
NET|2026-08-07|2026-08-10|310.59|312.66|290.49
NET|2026-08-07|2026-08-11|306.97|313.77|295.5
NET|2026-08-07|2026-08-12|311.45|320.3|308.55
NET|2026-08-07|2026-08-13|330.83|332.22|313.02
NET|2026-08-07|2026-08-14|315.78|331.9495|315.19
NET|2026-08-07|2026-08-17|307.01|315.35|303.99
NET|2026-08-07|2026-08-18|301.36|309.9606|297.6326
NRIX|2026-06-08|2026-06-08|15.64|18.2|15.36
NRIX|2026-06-08|2026-06-09|15.64|16.99|14.67
NRIX|2026-06-08|2026-06-10|15.3|16.115|15.17
NRIX|2026-06-08|2026-06-11|16.98|17.17|15.15
NRIX|2026-06-08|2026-06-12|16.95|18.91|16.88
NRIX|2026-06-08|2026-06-15|17.04|17.87|16.8001
NRIX|2026-06-08|2026-06-16|17.07|17.4|16.5
NRIX|2026-06-08|2026-06-17|17.12|18|17.01
NVCR|2026-07-23|2026-07-23|19.99|20.55|18
NVCR|2026-07-23|2026-07-24|17.65|21.4506|17.6
NVCR|2026-07-23|2026-07-27|17.03|18.15|16.855
NVCR|2026-07-23|2026-07-28|16.31|17.05|16.155
NVCR|2026-07-23|2026-07-29|15.2|16.39|15.12
NVCR|2026-07-23|2026-07-30|15.23|15.49|15.045
NVCR|2026-07-23|2026-07-31|14.84|15.725|14.83
NVCR|2026-07-23|2026-08-03|15.32|15.69|15
NVTS|2026-06-03|2026-06-03|30.84|34.17|29.7
NVTS|2026-06-03|2026-06-04|30.67|31.55|28.2
NVTS|2026-06-03|2026-06-05|25.08|29.4|24.38
NVTS|2026-06-03|2026-06-08|24.48|26.4292|23.96
NVTS|2026-06-03|2026-06-09|22.85|25|20.7
NVTS|2026-06-03|2026-06-10|20.5|22.97|20.4101
NVTS|2026-06-03|2026-06-11|22.21|22.35|20.27
NVTS|2026-06-03|2026-06-12|23.39|24.585|21.85
OMCL|2026-04-28|2026-04-28|45.51|46.89|43.07
OMCL|2026-04-28|2026-04-29|43.1|46.3999|41.64
OMCL|2026-04-28|2026-04-30|41.42|43.91|41.115
OMCL|2026-04-28|2026-05-01|42.8|43.07|41.23
OMCL|2026-04-28|2026-05-04|43.44|44.09|42.19
OMCL|2026-04-28|2026-05-05|43.56|44.455|42.815
OMCL|2026-04-28|2026-05-06|43.76|44.15|43.04
OMCL|2026-04-28|2026-05-07|43.33|44.97|43.09
OSCR|2026-05-07|2026-05-07|20.87|20.89|19.23
OSCR|2026-05-07|2026-05-08|21.31|21.32|19.84
OSCR|2026-05-07|2026-05-11|22|22|20.741
OSCR|2026-05-07|2026-05-12|23.73|23.765|21.574904
OSCR|2026-05-07|2026-05-13|23.62|24.28|22.805
OSCR|2026-05-07|2026-05-14|23.15|24.12|22.675
OSCR|2026-05-07|2026-05-15|23.32|23.67|22.41
OSCR|2026-05-07|2026-05-18|25.3|25.58|23.14
PACS|2026-05-12|2026-05-12|41.01|41.7399|37.6146
PACS|2026-05-12|2026-05-13|41.3|42|38.94
PACS|2026-05-12|2026-05-14|39.65|42.53|39.1
PACS|2026-05-12|2026-05-15|37.48|39.525|37.47
PACS|2026-05-12|2026-05-18|36.81|38.44|36.66
PACS|2026-05-12|2026-05-19|36.72|36.875|35.05
PACS|2026-05-12|2026-05-20|37|37.4|35.68
PACS|2026-05-12|2026-05-21|37.77|37.8|35.72
PLTR|2026-08-04|2026-08-04|162.66|164.52|143.28
PLTR|2026-08-04|2026-08-05|158.43|166.08|158.25
PLTR|2026-08-04|2026-08-06|155.92|158|152.7
PLTR|2026-08-04|2026-08-07|172.01|172.41|159.96
PLTR|2026-08-04|2026-08-10|175.23|179.6|170.87
PLTR|2026-08-04|2026-08-11|174.94|177.94|172.72
PLTR|2026-08-04|2026-08-12|171.04|175.09|168.34
PLTR|2026-08-04|2026-08-13|179.01|179.91|172.3301
PSNL|2026-08-21|2026-08-21|18.38|18.89|16.62
PSNL|2026-08-21|2026-08-24|17.06|17.43|16.79
PSNL|2026-08-21|2026-08-25|17.25|17.48|16.8
PSNL|2026-08-21|2026-08-26|17.08|17.5|16.84
PSNL|2026-08-21|2026-08-27|16.8|17.64|16.55
PSNL|2026-08-21|2026-08-28|17.07|17.2377|16.6
PSNL|2026-08-21|2026-08-31|16.78|17.2438|16.6
PSNL|2026-08-21|2026-09-01|17.06|17.3756|16.81
PURR|2026-05-15|2026-05-15|6.99|7.2199|6.54
PURR|2026-05-15|2026-05-18|6.93|7.13|6.715
PURR|2026-05-15|2026-05-19|7.79|7.94|7.2
PURR|2026-05-15|2026-05-20|8.12|8.6097|7.77
PURR|2026-05-15|2026-05-21|8.48|8.785|8.155
PURR|2026-05-15|2026-05-22|7.67|8.76|7.375
PURR|2026-05-15|2026-05-26|8.45|9.13|8.35
PURR|2026-05-15|2026-05-27|8.36|8.645|8.25
QBTS|2026-07-27|2026-07-27|19.51|19.54|17.75
QBTS|2026-07-27|2026-07-28|17.635|18.89|17.26
QBTS|2026-07-27|2026-07-29|16.18|17.4|16.07
QBTS|2026-07-27|2026-07-30|17.98|18.13|16.71
QBTS|2026-07-27|2026-07-31|18.08|18.92|17.84
QBTS|2026-07-27|2026-08-03|19.98|20.135|18
QBTS|2026-07-27|2026-08-04|21.83|21.9|20.34
QBTS|2026-07-27|2026-08-05|21.39|22|21.15
QURE|2026-06-17|2026-06-17|48.16|49.7|42.5
QURE|2026-06-17|2026-06-18|46.29|50.08|45.76
QURE|2026-06-17|2026-06-22|44.39|48.06|43.84
QURE|2026-06-17|2026-06-23|49.04|49.58|44.47
QURE|2026-06-17|2026-06-24|48.85|50.05|47.02
QURE|2026-06-17|2026-06-25|49.1|50.47|48.355
QURE|2026-06-17|2026-06-26|47.51|49.7|46.17
QURE|2026-06-17|2026-06-29|47.39|49.69|47.07
RCAT|2026-05-28|2026-05-28|14.15|15.06|11.955
RCAT|2026-05-28|2026-05-29|14.5|14.7|12.35
RCAT|2026-05-28|2026-06-01|14.84|15.79|14.185
RCAT|2026-05-28|2026-06-02|14.95|15.66|14.82
RCAT|2026-05-28|2026-06-03|13.79|14.71|13.5
RCAT|2026-05-28|2026-06-04|14.74|15.225|13.29
RCAT|2026-05-28|2026-06-05|12.68|14.48|12.2625
RCAT|2026-05-28|2026-06-08|12.46|13.33|12.26
RLAY|2026-05-21|2026-05-21|13.66|15.45|13.525
RLAY|2026-05-21|2026-05-22|13.53|13.95|13.4
RLAY|2026-05-21|2026-05-26|14.17|14.3|13.264
RLAY|2026-05-21|2026-05-27|14.43|14.87|14.11
RLAY|2026-05-21|2026-05-28|13.9|14.6|13.88
RLAY|2026-05-21|2026-05-29|14.05|14.38|13.6
RLAY|2026-05-21|2026-06-01|14.26|14.29|13.3
RLAY|2026-05-21|2026-06-02|15.7|17.47|15.69
ROIV|2026-05-21|2026-05-21|30.88|32.71|30.78
ROIV|2026-05-21|2026-05-22|29.96|30.865|29.88
ROIV|2026-05-21|2026-05-26|29.665|30.35|29.31
ROIV|2026-05-21|2026-05-27|29.58|29.615|29.03
ROIV|2026-05-21|2026-05-28|29.88|30.01|29.162
ROIV|2026-05-21|2026-05-29|29.99|30.42|29.65
ROIV|2026-05-21|2026-06-01|29.09|29.59|29.065
ROIV|2026-05-21|2026-06-02|28.25|28.87|27.925
RUM|2026-06-04|2026-06-04|8.18|10.54|8.165
RUM|2026-06-04|2026-06-05|7.58|8.1399|7.35
RUM|2026-06-04|2026-06-08|7.87|8.3181|7.61
RUM|2026-06-04|2026-06-09|7.49|8.06|7.14
RUM|2026-06-04|2026-06-10|7|7.5733|6.96
RUM|2026-06-04|2026-06-11|7.54|7.55|6.765
RUM|2026-06-04|2026-06-12|7.16|7.57|7.15
RUM|2026-06-04|2026-06-15|7.75|7.92|7.38
SE|2026-05-12|2026-05-12|96.02|98.0965|90.25
SE|2026-05-12|2026-05-13|93.52|99.973|92.8935
SE|2026-05-12|2026-05-14|88.33|93.1|87.4
SE|2026-05-12|2026-05-15|88.23|90.27|87.72
SE|2026-05-12|2026-05-18|88.29|89.974|86.35
SE|2026-05-12|2026-05-19|87.28|88.875|86.002
SE|2026-05-12|2026-05-20|86.55|87.67|84.69
SE|2026-05-12|2026-05-21|88.96|88.98|84.63
SIBN|2026-05-12|2026-05-12|13.9|13.955|12.072
SIBN|2026-05-12|2026-05-13|14.16|14.94|13.562
SIBN|2026-05-12|2026-05-14|14.6|14.93|14.1061
SIBN|2026-05-12|2026-05-15|14.16|14.59|13.88
SIBN|2026-05-12|2026-05-18|14.76|14.87|14.2
SIBN|2026-05-12|2026-05-19|14.84|15.05|14.52
SIBN|2026-05-12|2026-05-20|14.82|14.95|14.31
SIBN|2026-05-12|2026-05-21|14.81|14.91|14.4
SMCI|2026-05-06|2026-05-06|34.66|34.71|31.12
SMCI|2026-05-06|2026-05-07|33.62|35.58|32.92
SMCI|2026-05-06|2026-05-08|35.37|35.64|32.3
SMCI|2026-05-06|2026-05-11|33.52|36.37|33.44
SMCI|2026-05-06|2026-05-12|32.79|33.48|31.24
SMCI|2026-05-06|2026-05-13|32|33.01|31.775
SMCI|2026-05-06|2026-05-14|33.03|33.81|31.52
SMCI|2026-05-06|2026-05-15|31.04|31.96|30.64
SMCI|2026-07-22|2026-07-22|30.56|32.2844|28.5
SMCI|2026-07-22|2026-07-23|31.2|32.585|30.18
SMCI|2026-07-22|2026-07-24|30.1|31.33|29.275
SMCI|2026-07-22|2026-07-27|29.81|30.94|28.5
SMCI|2026-07-22|2026-07-28|28.45|28.87|27.13
SMCI|2026-07-22|2026-07-29|25.7|28.07|25.68
SMCI|2026-07-22|2026-07-30|27.73|28.1699|26.6501
SMCI|2026-07-22|2026-07-31|28.4|29.3|27.21
SMCI|2026-08-13|2026-08-13|39.16|42.31|38.2
SMCI|2026-08-13|2026-08-14|39.84|40.6|38.73
SMCI|2026-08-13|2026-08-17|38.28|39.51|37.68
SMCI|2026-08-13|2026-08-18|37.41|38.16|36.22
SMCI|2026-08-13|2026-08-19|36.58|37.685|35.72
SMCI|2026-08-13|2026-08-20|36.5|38.74|35.582
SMCI|2026-08-13|2026-08-21|37.24|37.67|36.42
SMCI|2026-08-13|2026-08-24|35.17|36.7|34.09
SNOW|2026-06-29|2026-06-29|251.65|254.85|247.09
SNOW|2026-06-29|2026-06-30|254.5|255|246.01
SNOW|2026-06-29|2026-07-01|261.19|263.08|254.61
SNOW|2026-06-29|2026-07-02|260.15|264.96|254.16
SNOW|2026-06-29|2026-07-06|262.09|266|253.05
SNOW|2026-06-29|2026-07-07|262.74|270.954|262.37
SNOW|2026-06-29|2026-07-08|261.31|263.97|254.885
SNOW|2026-06-29|2026-07-09|267.49|267.914|253
SOLS|2026-08-28|2026-08-28|63.53|67.5|63.13
SOLS|2026-08-28|2026-08-31|63.39|64.93|62.43
SOLS|2026-08-28|2026-09-01|61.73|64|60.66
SPCX|2026-08-07|2026-08-07|133.11|133.48|114.53
SPCX|2026-08-07|2026-08-10|138.74|139.26|130.17
SPCX|2026-08-07|2026-08-11|133.29|139.98|130.5
SPCX|2026-08-07|2026-08-12|146.15|149.6|134.01
SPCX|2026-08-07|2026-08-13|141.29|145.05|139.76
SPCX|2026-08-07|2026-08-14|140|144.02|135.5
SPCX|2026-08-07|2026-08-17|146.23|149.8|139.58
SPCX|2026-08-07|2026-08-18|143.34|146.46|139.4101
SYRE|2026-06-22|2026-06-22|100.32|101.705|95
SYRE|2026-06-22|2026-06-23|97.05|102.06|95.31
SYRE|2026-06-22|2026-06-24|86.24|88.15|81.65
SYRE|2026-06-22|2026-06-25|88.67|89.67|84.96
SYRE|2026-06-22|2026-06-26|87.89|91|85.97
SYRE|2026-06-22|2026-06-29|90.16|90.9|84.81
SYRE|2026-06-22|2026-06-30|88.78|91.955|88.6
SYRE|2026-06-22|2026-07-01|88.89|89.015|86.41
TE|2026-05-12|2026-05-12|5.85|6.51|5.5
TE|2026-05-12|2026-05-13|5.61|5.95|5.26
TE|2026-05-12|2026-05-14|5.73|5.75|5.27
TE|2026-05-12|2026-05-15|5.67|5.905|5.35
TE|2026-05-12|2026-05-18|7|7.18|6.33
TE|2026-05-12|2026-05-19|6.88|6.975|6.08
TE|2026-05-12|2026-05-20|8.7|9.42|7.22
TE|2026-05-12|2026-05-21|8.72|9.43|8.06
TEAM|2026-05-01|2026-05-01|88.88|90.23|82.05
TEAM|2026-05-01|2026-05-04|93.16|96.3179|87.46
TEAM|2026-05-01|2026-05-05|92.35|93.9|88.93
TEAM|2026-05-01|2026-05-06|88.8|91.48|84.485
TEAM|2026-05-01|2026-05-07|92.37|95|90.42
TEAM|2026-05-01|2026-05-08|91.6|92.13|84.42
TEAM|2026-05-01|2026-05-11|87.31|92.43|84.9
TEAM|2026-05-01|2026-05-12|85|88.2|83.38
TEAM|2026-05-04|2026-05-04|93.16|96.3179|87.46
TEAM|2026-05-04|2026-05-05|92.35|93.9|88.93
TEAM|2026-05-04|2026-05-06|88.8|91.48|84.485
TEAM|2026-05-04|2026-05-07|92.37|95|90.42
TEAM|2026-05-04|2026-05-08|91.6|92.13|84.42
TEAM|2026-05-04|2026-05-11|87.31|92.43|84.9
TEAM|2026-05-04|2026-05-12|85|88.2|83.38
TEAM|2026-05-04|2026-05-13|80.62|84.89|80.2
TEAM|2026-08-07|2026-08-07|149.07|153.2|141.51
TEAM|2026-08-07|2026-08-10|151.87|153.99|145
TEAM|2026-08-07|2026-08-11|154.08|156.215|148.87
TEAM|2026-08-07|2026-08-12|155.24|156.45|150.7501
TEAM|2026-08-07|2026-08-13|165.98|167.11|154.9
TEAM|2026-08-07|2026-08-14|162.22|167.75|161.84
TEAM|2026-08-07|2026-08-17|158.34|161.6|156.5501
TEAM|2026-08-07|2026-08-18|163|167.87|158.58
TER|2026-07-29|2026-07-29|319.41|372.23|319.19
TER|2026-07-29|2026-07-30|365.49|369|344.5
TER|2026-07-29|2026-07-31|367.69|392|362.2344
TER|2026-07-29|2026-08-03|365.8|370.4|349.3101
TER|2026-07-29|2026-08-04|403.56|409.72|382.87
TER|2026-07-29|2026-08-05|389.39|409.4|386.08
TER|2026-07-29|2026-08-06|384.89|396.59|370
TER|2026-07-29|2026-08-07|379.31|397.6|372.8
TH|2026-08-10|2026-08-10|16.07|17.54|15.0201
TH|2026-08-10|2026-08-11|16.62|17.29|16.05
TH|2026-08-10|2026-08-12|16.14|17.22|16.11
TH|2026-08-10|2026-08-13|16.27|16.73|16
TH|2026-08-10|2026-08-14|17.44|17.5|16.19
TH|2026-08-10|2026-08-17|18.07|18.16|17.5
TH|2026-08-10|2026-08-18|17.47|17.99|17.14
TH|2026-08-10|2026-08-19|17.04|17.83|17.025
THC|2026-07-24|2026-07-24|233.2|246.815|229.3675
THC|2026-07-24|2026-07-27|243.36|248.82|234.23
THC|2026-07-24|2026-07-28|262.63|262.68|246.1
THC|2026-07-24|2026-07-29|257.62|261.175|254.98
THC|2026-07-24|2026-07-30|252.73|255.995|247.54
THC|2026-07-24|2026-07-31|254.78|255.94|249.65
THC|2026-07-24|2026-08-03|249.99|260.83|248.65
THC|2026-07-24|2026-08-04|253.33|254.89|244.4388
TSEM|2026-07-14|2026-07-14|255.49|274|252.01
TSEM|2026-07-14|2026-07-15|251|270.85|238.45
TSEM|2026-07-14|2026-07-16|237.92|247.84|234.381
TSEM|2026-07-14|2026-07-17|234.1|239.85|211.46
TSEM|2026-07-14|2026-07-20|227.21|242.255|227.2
TSEM|2026-07-14|2026-07-21|250.91|253.015|238.8
TSEM|2026-07-14|2026-07-22|249.53|253.8399|242.7
TSEM|2026-07-14|2026-07-23|260.42|262.87|245.79
UBER|2026-06-29|2026-06-29|75.5|77.76|74.2
UBER|2026-06-29|2026-06-30|72.16|75.03|71.82
UBER|2026-06-29|2026-07-01|72.66|73.8|71.66
UBER|2026-06-29|2026-07-02|74.43|74.51|72.33
UBER|2026-06-29|2026-07-06|72.42|74.56|71.86
UBER|2026-06-29|2026-07-07|74.33|74.85|73.32
UBER|2026-06-29|2026-07-08|73.6|74.7699|72.58
UBER|2026-06-29|2026-07-09|74.35|74.36|72.31
VERA|2026-08-14|2026-08-14|31.63|32.31|29.73
VERA|2026-08-14|2026-08-17|31.63|32.72|31.1
VERA|2026-08-14|2026-08-18|32.28|32.3499|31.31
VERA|2026-08-14|2026-08-19|32.275|33.48|31.7
VERA|2026-08-14|2026-08-20|31.26|32.295|30.72
VERA|2026-08-14|2026-08-21|32.275|32.97|31.0331
VERA|2026-08-14|2026-08-24|33.72|35.0917|32.02
VERA|2026-08-14|2026-08-25|35.28|35.57|34
VOYG|2026-08-04|2026-08-04|33.49|35.98|32.9
VOYG|2026-08-04|2026-08-05|34.73|35.39|31.76
VOYG|2026-08-04|2026-08-06|38.31|38.77|34.22
VOYG|2026-08-04|2026-08-07|41.85|42.01|38.43
VOYG|2026-08-04|2026-08-10|43|43.58|41.5
VOYG|2026-08-04|2026-08-11|42.9|44.29|40.8652
VOYG|2026-08-04|2026-08-12|43|44.25|42.2875
VOYG|2026-08-04|2026-08-13|44.28|45.33|42.4483
WDFC|2026-07-10|2026-07-10|264.91|298.899|261.4898
WDFC|2026-07-10|2026-07-13|251.43|267.39|248.37
WDFC|2026-07-10|2026-07-14|249.12|252|246
WDFC|2026-07-10|2026-07-15|249.4|251.5|246.52
WDFC|2026-07-10|2026-07-16|256.36|258.5|248.49
WDFC|2026-07-10|2026-07-17|246.79|259.77|246.61
WDFC|2026-07-10|2026-07-20|239.59|247.315|238.08
WDFC|2026-07-10|2026-07-21|237.72|239.8|234.01
WKC|2026-07-24|2026-07-24|38.14|41.2|37.81
WKC|2026-07-24|2026-07-27|39.79|39.9|37.32
WKC|2026-07-24|2026-07-28|40.05|40.85|39.35
WKC|2026-07-24|2026-07-29|40.25|40.31|39.21
WKC|2026-07-24|2026-07-30|39.73|40.21|39.51
WKC|2026-07-24|2026-07-31|39.86|40|39.06
WKC|2026-07-24|2026-08-03|39.06|39.93|38.93
WKC|2026-07-24|2026-08-04|39.1|39.39|38.41
WULF|2026-07-06|2026-07-06|22.21|25.15|22.01
WULF|2026-07-06|2026-07-07|20.24|21.89|19.09
WULF|2026-07-06|2026-07-08|22.83|22.9|20.85
WULF|2026-07-06|2026-07-09|23.2|24.575|23.015
WULF|2026-07-06|2026-07-10|21.97|23.6499|21.82
WULF|2026-07-06|2026-07-13|20.89|21.89|20.14
WULF|2026-07-06|2026-07-14|19.41|20.96|18.62
WULF|2026-07-06|2026-07-15|19.37|20.18|18.65
ZS|2026-06-01|2026-06-01|155.71|157.7|143.75
ZS|2026-06-01|2026-06-02|144.15|151.04|140
ZS|2026-06-01|2026-06-03|134.37|142.47|133.53
ZS|2026-06-01|2026-06-04|135.26|137.5|132.5
ZS|2026-06-01|2026-06-05|130.78|137.2099|128.98
ZS|2026-06-01|2026-06-08|129.25|132.07|127.7365
ZS|2026-06-01|2026-06-09|125.84|130.1449|120.851
ZS|2026-06-01|2026-06-10|124.73|128.83|122.2148
(695 rows)
