ticker|scan_date|stage|held_from_stage|base_age|pivot_high_date|pivot_high_price|base_high|base_low|runup_pct|flag_depth_pct|range_contraction_ratio|vol_contraction_ratio|last_body_pct|prev_body_pct|fresh_tight_fires|breakout_close|breakout_volume_ratio|failed_at|low_after_breakout|undercut_after_breakout|srcs|reason
AAOI|2026-08-13|INVALIDATED||3|2026-08-07|149.35|148.9|127.5|0.9648730430206549||||||f||||||rs_1m_80+momentum_25pct+ninem_universe_watch|close_130.08_below_base_low_close_132.81
AAOI|2026-08-21|INVALIDATED||3|2026-08-17|160.99|151.4122|118.6|1.1180107880542032||||||f||||||rs_1m_80+ninem_universe_watch|close_124.82_below_sma50_128.90
AAOI|2026-08-24|INVALIDATED||4|2026-08-17|160.99|151.4122|118.6|1.1180107880542032||||||f||||||ninem_universe_watch|close_107.63_below_base_low_close_122.19
AAOI|2026-08-25|INVALIDATED||5|2026-08-17|160.99|151.4122|102.1|1.1180107880542032||||||f||||||ninem_universe_watch|close_113.15_below_sma20_123.00
AAOI|2026-08-26|INVALIDATED||6|2026-08-17|160.99|151.4122|102.1|1.1180107880542032||||||f||||||ninem_universe_watch|close_113.76_below_sma20_124.86
AAOI|2026-08-27|INVALIDATED||7|2026-08-17|160.99|151.4122|102.1|1.1180107880542032||||||f||||||ninem_universe_watch|close_113.28_below_sma20_126.02
AAOI|2026-08-28|INVALIDATED||8|2026-08-17|160.99|151.4122|102.1|1.1180107880542032||||||f||||||ninem_universe_watch|close_106.23_below_base_low_close_107.63
AAOI|2026-08-31|INVALIDATED||9|2026-08-17|160.99|151.4122|102.1|1.1180107880542032||||||f||||||ninem_universe_watch|close_107.69_below_sma20_126.49
AAOI|2026-09-01|INVALIDATED||10|2026-08-17|160.99|151.4122|102.1|1.1180107880542032||||||f||||||ninem_universe_watch|close_103.39_below_base_low_close_106.23
AAOI|2026-09-02|INVALIDATED||11|2026-08-17|160.99|151.4122|101.23|1.1180107880542032||||||f||||||ninem_universe_watch|close_103.13_below_base_low_close_103.39
ABCL|2026-07-17|INVALIDATED||12|2026-06-29|8.42|8.44|6.05|1.1370558375634516||||||f||||||flag_stage_carryforward|close_6.46_below_sma20_6.90
ABCL|2026-08-25|WATCH||3|2026-08-19|12.15|12.08|10.44|1.439759036144578||1|1|1.297457600939112|0.3113898242253879|f||||||rs_top200+rs_1m_80|runup_144% base_3d close_vs_pivot_+2.9%
ABCL|2026-08-31|WATCH||3|2026-08-25|12.5|12.5799|11.26|1.51004016064257||1|1|0.40671539096663795|1.0221399957187856|f||||||rs_top200+rs_1m_80|runup_151% base_3d close_vs_pivot_-8.2%
ABCL|2026-09-01|INVALIDATED||4|2026-08-25|12.5|12.5799|10.83|1.51004016064257||||||f||||||rs_top200+rs_1m_80|close_11.28_below_base_low_close_11.35
ABCL|2026-09-02|WATCH||5|2026-08-25|12.5|12.5799|10.83|1.51004016064257||1|1|0.03472423172637437|0.04629897563516309|f||||||rs_top200+rs_1m_80|runup_151% base_5d close_vs_pivot_-9.1%
ABCL|2026-09-03|WATCH||6|2026-08-25|12.5|12.5799|10.8|1.51004016064257||1.5574912891986084|0.9462489207998024|0.012042699973333765|0.03612809992000343|f||||||rs_top200+rs_1m_80|runup_151% base_6d close_vs_pivot_-7.4%
ABCL|2026-09-04|WATCH||7|2026-08-25|12.5|12.5799|10.8|1.51004016064257||1.5574912891986084|0.9072384478657102|0.09036672291534151|0.012909531845048458|f||||||rs_top200|runup_151% base_7d close_vs_pivot_-8.6%
ABCL|2026-09-08|WATCH||8|2026-08-25|12.5|12.5799|10.8|1.51004016064257|0.1359999999999999|1.1616248919619745|0.7494792820374474|0.19868113569921617|0.09271786332630104|f||||||rs_top200|runup_151% base_8d close_vs_pivot_-8.5%
ABCL|2026-09-14|INVALIDATED||12|2026-08-25|12.5|12.5799|10.32|1.51004016064257|0.1744|||||f||||||rs_top200+rs_1m_80|close_11.17_below_sma20_11.42
ABCL|2026-09-23|INVALIDATED||3|2026-09-17|13.18|12.97|12.37|1.6465863453815257|0.06145675265553874|||||f||||||rs_top200+rs_1m_80|close_12.31_below_base_low_close_12.63
ABCL|2026-09-24|WATCH||4|2026-09-17|13.18|12.97|12.1|1.6465863453815257|0.08194233687405161|1|1|0.9785973438072105|0.35726569694548704|f||||||rs_top200+rs_1m_80|runup_165% base_4d close_vs_pivot_-4.0%
ABCL|2026-09-25|WATCH||5|2026-09-17|13.18|12.97|11.78|1.6465863453815257|0.1062215477996965|1|1|0.05961949983498309|0.9390071224009632|f||||||rs_top200+rs_1m_80|runup_165% base_5d close_vs_pivot_-3.6%
ABCL|2026-09-28|WATCH||6|2026-09-17|13.18|12.97|11.78|1.6465863453815257|0.1062215477996965|1|0.910594753685823|1.9359419964869005|0.052322756661809314|f||||||rs_top200+rs_1m_80|runup_165% base_6d close_vs_pivot_+5.6%
ABCL|2026-10-05|WATCH||3|2026-09-29|15|15.015|13.66|1.6690391459074734|0.08933333333333338|1|1|0.07466135741458221|0.4417463647029547|f||||||rs_top200+rs_1m_80|runup_167% base_3d close_vs_pivot_-8.1%
ABCL|2026-10-06|INVALIDATED||4|2026-09-29|15|15.015|13.21|1.6690391459074734|0.11933333333333329|||||f||||||rs_top200+rs_1m_80|close_13.15_below_base_low_close_13.74
ABCL|2026-10-07|INVALIDATED||5|2026-09-29|15|15.015|12.933|1.6690391459074734|0.13780000000000003|||||f||||||rs_top200+rs_1m_80|close_12.83_below_base_low_close_13.15
ABSI|2026-07-17|INVALIDATED||12|2026-06-29|12.055|12|8.1|1.6848552338530065||||||f||||||flag_stage_carryforward|close_8.29_below_sma20_10.14
ABTC|2026-09-25|INVALIDATED||3|2026-09-21|11.0489|10.46|9.53|1.245711382113821|0.1374706984405688|||||f||||||rs_1m_80|close_9.10_below_base_low_close_9.60
ABTC|2026-09-28|INVALIDATED||4|2026-09-21|11.0489|10.46|8.87|1.245711382113821|0.19720515164405517|||||f||||||rs_1m_80|close_8.84_below_base_low_close_9.10
ABTC|2026-09-29|INVALIDATED||5|2026-09-21|11.0489|10.46|8.74|1.245711382113821|0.20897102879019624|||||f||||||rs_1m_80|close_8.72_below_base_low_close_8.84
ABTC|2026-09-30|INVALIDATED||6|2026-09-21|11.0489|10.46|8.59|1.245711382113821|0.2225470408818977|||||f||||||rs_1m_80|close_8.48_below_base_low_close_8.72
ABVX|2026-07-17|TIGHTENING|WATCH|9|2026-07-02|146.68|147.98|133|1.1011316430310845||0.9186382961714755|1.0508453392308215|0.07222053233292043|0.4071743805666301|f||||||rs_top200+rs_1m_80+flag_stage_carryforward|runup_110% base_9d close_vs_pivot_-6.8%
ABVX|2026-07-20|INVALIDATED||10|2026-07-02|146.68|147.98|133|1.1011316430310845||||||f||||||rs_1m_80+flag_stage_carryforward|close_131.50_below_base_low_close_134.91
ABVX|2026-07-21|WATCH||11|2026-07-02|146.68|147.98|130.855|1.1011316430310845||1.0192155718020879|1.186142416622493|0.42232608431634544|1.0055382959912977|f||||||flag_stage_carryforward|runup_110% base_11d close_vs_pivot_-8.6%
ABVX|2026-07-22|INVALIDATED||12|2026-07-02|146.68|147.98|130.855|1.1011316430310845||||||f||||||flag_stage_carryforward|close_129.73_below_base_low_close_131.50
AEHR|2026-08-20|INVALIDATED||3|2026-08-14|147.4|146.595|107.41|1.3278584965255846||||||f||||||rs_1m_80|close_105.97_below_base_low_close_107.96
AEHR|2026-08-21|INVALIDATED||4|2026-08-14|147.4|146.595|102.74|1.3278584965255846||||||f||||||rs_1m_80|close_101.73_below_base_low_close_105.97
AEHR|2026-09-09|INVALIDATED||16|2026-08-14|147.4|146.595|74.23|1.3278584965255846|0.49640434192673|||||f||||||momentum_25pct|close_95.56_below_sma20_100.53
AEVA|2026-07-31|INVALIDATED||20|2026-07-01|31.3|28.56|13.51|1.497008376545672||||||f||||||momentum_25pct|close_17.54_below_sma20_18.03
AEVA|2026-08-04|INVALIDATED||22|2026-07-01|31.3|28.56|13.51|1.497008376545672||||||f||||||momentum_25pct|close_20.43_below_sma50_21.91
AEVA|2026-08-05|INVALIDATED||23|2026-07-01|31.3|28.56|13.51|1.497008376545672||||||f||||||momentum_25pct|close_19.61_below_sma50_21.80
AEVA|2026-08-13|INVALIDATED||4|2026-08-06|28.42|28.3|22.9119|1.1036269430051817||||||f||||||rs_1m_80+momentum_25pct+ninem_universe_watch|close_22.42_below_base_low_close_23.69
AEVA|2026-08-18|INVALIDATED||7|2026-08-06|28.42|28.3|22.0574|1.1036269430051817||||||f||||||rs_1m_80+ninem_universe_watch|close_21.03_below_base_low_close_22.42
AEVA|2026-08-19|INVALIDATED||8|2026-08-06|28.42|28.3|20.71|1.1036269430051817||||||f||||||rs_1m_80+ninem_universe_watch|close_19.78_below_base_low_close_21.03
AEVA|2026-08-20|INVALIDATED||9|2026-08-06|28.42|28.3|19.31|1.1036269430051817||||||f||||||rs_1m_80+ninem_universe_watch|close_18.87_below_base_low_close_19.78
AGEN|2026-07-20|INVALIDATED||4|2026-07-13|8.7|6.28|4.655|2.052631578947368||||||f||||||ninem_universe_watch|close_4.97_below_base_low_close_5.00
ALAB|2026-08-05|INVALIDATED||24|2026-06-30|499.4762|468.065|244.61|1.633118245558543||||||f||||||momentum_25pct|close_318.43_below_sma20_325.56
ALAB|2026-08-06|INVALIDATED||23|2026-07-02|465.93|453.7999|244.61|1.456270757551795||||||f||||||momentum_25pct|close_331.50_below_sma50_357.64
ALAB|2026-08-07|INVALIDATED||24|2026-07-02|465.93|453.7999|244.61|1.456270757551795||||||f||||||momentum_25pct|close_334.17_below_sma50_357.82
ALAB|2026-08-10|INVALIDATED||24|2026-07-06|453.7999|436.47|244.61|1.3923237914492064||||||f||||||momentum_25pct|close_317.23_below_sma50_357.18
ALAB|2026-08-17|INVALIDATED||24|2026-07-13|403.51|392.1999|244.61|0.9212932101704598||||||f||||||rs_1m_80|close_320.17_below_sma50_354.28
ALIT|2026-07-21|INVALIDATED||3|2026-07-15|23.68|22.31|20.155|1.3336946880851483||||||f||||||rs_top200+rs_1m_80|close_18.78_below_base_low_close_20.35
ALIT|2026-07-23|INVALIDATED||5|2026-07-15|23.68|22.31|18.07|1.3336946880851483||||||f||||||rs_top200+rs_1m_80|close_18.28_below_base_low_close_18.78
ALOY|2026-07-30|INVALIDATED||24|2026-06-24|19.03|16.6|6.825|1.3787500000000001||||||f||||||momentum_25pct|close_8.81_below_sma20_9.96
ALOY|2026-08-04|INVALIDATED||21|2026-07-02|15.99|14.005|6.825|0.9476248477466502||||||f||||||momentum_25pct|close_10.91_below_sma50_12.05
ALOY|2026-08-05|INVALIDATED||22|2026-07-02|15.99|14.005|6.825|0.9476248477466502||||||f||||||momentum_25pct|close_9.70_below_sma50_12.05
ALOY|2026-08-06|INVALIDATED||23|2026-07-02|15.99|14.005|6.825|0.9476248477466502||||||f||||||momentum_25pct|close_10.69_below_sma50_12.05
ALOY|2026-08-20|INVALIDATED||3|2026-08-14|15.35|14.66|12.4|1.249084249084249||||||f||||||rs_1m_80|close_11.07_below_base_low_close_12.51
ALOY|2026-08-24|INVALIDATED||5|2026-08-14|15.35|14.66|10.93|1.249084249084249||||||f||||||rs_1m_80|close_11.09_below_sma20_11.32
ALOY|2026-08-26|INVALIDATED||7|2026-08-14|15.35|14.66|10.93|1.249084249084249||||||f||||||rs_1m_80|close_11.55_below_sma20_11.76
AMAT|2026-08-04|INVALIDATED||23|2026-06-30|739.67|693.78|436.33|0.9179826267340854||||||f||||||momentum_25pct|close_546.62_below_sma50_547.80
AMBQ|2026-07-17|INVALIDATED||18|2026-06-18|91.61|91.09|72.6801|1.858132308345085||||||f||||||flag_stage_carryforward|close_72.43_below_base_low_close_74.46
AMLX|2026-08-26|INVALIDATED||3|2026-08-20|40.4388|41.14|36.84|1.4478692493946732||||||f||||||rs_top200+rs_1m_80+momentum_25pct+ninem_universe_watch|close_37.08_below_base_low_close_37.46
AMLX|2026-08-27|WATCH||4|2026-08-20|40.4388|41.14|35.79|1.4478692493946732||1|1|0.15736710713772228|0.01829850082996928|f||||||rs_top200+rs_1m_80+momentum_25pct+ninem_universe_watch|runup_145% base_4d close_vs_pivot_-8.1%
AMLX|2026-08-28|INVALIDATED||5|2026-08-20|40.4388|41.14|35.79|1.4478692493946732||||||f||||||rs_top200+rs_1m_80+momentum_25pct+ninem_universe_watch|close_34.74_below_base_low_close_37.08
AMLX|2026-08-31|INVALIDATED||6|2026-08-20|40.4388|41.14|34.475|1.4478692493946732||||||f||||||rs_top200+rs_1m_80+ninem_universe_watch|close_33.75_below_base_low_close_34.74
AMLX|2026-09-01|WATCH||7|2026-08-20|40.4388|41.14|32.98|1.4478692493946732||1.062792592800742|0.7151786357309359|0.10812167549982152|0.3446378406556818|f||||||rs_top200+rs_1m_80+ninem_universe_watch|runup_145% base_7d close_vs_pivot_-16.4%
AMLX|2026-09-02|TIGHTENING||8|2026-08-20|40.4388|41.14|32.98|1.4478692493946732||1|0.6939122643252678|0.16362630233179476|0.10685799335953909|t||||||rs_top200+rs_1m_80|range_1.00 vol_0.69 fresh
AMLX|2026-09-03|TIGHTENING||9|2026-08-20|40.4388|41.14|32.98|1.4478692493946732||0.94212204910653|0.6401038658643069|0.17535235898550897|0.16211821868471615|t||||||rs_top200+rs_1m_80+flag_stage_carryforward|range_0.94 vol_0.64 fresh
AMLX|2026-09-04|TIGHTENING||10|2026-08-20|40.4388|41.14|32.98|1.4478692493946732||0.94212204910653|0.5991047823628914|0.24007545228500346|0.1767222079320171|t||||||rs_top200+rs_1m_80+flag_stage_carryforward|range_0.94 vol_0.60 fresh
AMLX|2026-09-07|TIGHTENING||10|2026-08-20|40.4388|41.14|32.98|1.4478692493946732|0.18444662057232175|0.94212204910653|0.5991047823628914|0.24007545228500346|0.1767222079320171|t||||||flag_stage_carryforward|range_0.94 vol_0.60 fresh
AMLX|2026-09-08|TIGHTENING||11|2026-08-20|40.4388|41.14|32.98|1.4478692493946732|0.18444662057232175|0.9079784266319545|0.5675505437407944|0.18416827448493625|0.3400029682798813|f||||||flag_stage_carryforward|range_0.91 vol_0.57
AMLX|2026-09-09|INVALIDATED||12|2026-08-20|40.4388|41.14|32.98|1.4478692493946732|0.18444662057232175|||||f||||||flag_stage_carryforward|close_32.40_below_base_low_close_33.75
AMLX|2026-09-10|INVALIDATED||13|2026-08-20|40.4388|41.14|32.3|1.4478692493946732|0.2012621541687687|||||f||||||flag_stage_carryforward|close_32.09_below_base_low_close_32.40
AMLX|2026-09-11|INVALIDATED||14|2026-08-20|40.4388|41.14|31.44|1.4478692493946732|0.22252885842309855|||||f||||||flag_stage_carryforward|close_31.62_below_base_low_close_32.09
AMPG|2026-07-17|INVALIDATED||19|2026-06-17|10.11|10.1|5.68|4.464864864864865||||||f||||||rs_top200+ninem_universe_watch|close_6.64_below_sma20_6.90
AMPG|2026-07-20|INVALIDATED||20|2026-06-17|10.11|10.1|5.68|4.464864864864865||||||f||||||ninem_universe_watch|close_6.22_below_sma20_6.76
AMPG|2026-07-21|INVALIDATED||21|2026-06-17|10.11|10.1|5.4501|4.464864864864865||||||f||||||ninem_universe_watch|close_6.09_below_sma20_6.64
AMPG|2026-07-23|INVALIDATED||23|2026-06-17|10.11|10.1|5.4501|4.464864864864865||||||f||||||rs_top200+rs_1m_80|close_6.34_below_sma20_6.54
AMPG|2026-08-07|INVALIDATED||16|2026-07-15|7.648|7.21|4.34|1.7120567375886524||||||f||||||momentum_25pct|close_5.80_below_sma50_6.39
AMPG|2026-08-11|INVALIDATED||18|2026-07-15|7.648|7.21|4.34|1.7120567375886524||||||f||||||momentum_25pct|close_6.21_below_sma50_6.44
AMPG|2026-08-12|INVALIDATED||19|2026-07-15|7.648|7.21|4.34|1.7120567375886524||||||f||||||momentum_25pct|close_6.41_below_sma50_6.47
AMPG|2026-08-13|INVALIDATED||20|2026-07-15|7.648|7.21|4.34|1.7120567375886524||||||f||||||momentum_25pct|close_5.99_below_sma50_6.49
AMPL|2026-08-19|WATCH||3|2026-08-13|13.325|13.58|12.46|1.1150793650793651||1|1|0.3999999999999999|0.07692307692307807|f||||||rs_top200+rs_1m_80|runup_112% base_3d close_vs_pivot_-3.7%
AMPL|2026-08-20|WATCH||4|2026-08-13|13.325|13.58|12.41|1.1150793650793651||1|1|0.2303894679100391|0.3993417443773998|f||||||rs_top200+rs_1m_80|runup_112% base_4d close_vs_pivot_-3.0%
AMPL|2026-08-21|WATCH||5|2026-08-13|13.325|13.58|12.41|1.1150793650793651||1|1|0.5704845814977964|0.2312775330396482|f||||||rs_top200+rs_1m_80|runup_112% base_5d close_vs_pivot_-0.3%
AMPL|2026-08-24|WATCH||6|2026-08-13|13.325|13.58|12.41|1.1150793650793651||1|0.9158570554958949|0.0620155038759677|0.5736434108527122|f||||||rs_top200+rs_1m_80|runup_112% base_6d close_vs_pivot_-1.3%
AMPL|2026-08-25|WATCH||7|2026-08-13|13.325|13.58|12.41|1.1150793650793651||0.9678815894060152|0.9086625753249454|0.10876803551609371|0.06215316315205197|f||||||rs_top200+rs_1m_80|runup_112% base_7d close_vs_pivot_-1.6%
AMPL|2026-08-26|WATCH||8|2026-08-13|13.325|13.58|12.41|1.1150793650793651||0.9678815894060152|0.7785507153576455|0.27530364372469923|0.11336032388664019|f||||||rs_top200+rs_1m_80|runup_112% base_8d close_vs_pivot_-2.7%
AMPL|2026-08-27|WATCH||9|2026-08-13|13.325|13.58|12.41|1.1150793650793651||1|0.7314701751624948|1.667198298777246|0.2530568846358347|f||||||rs_top200+rs_1m_80|runup_112% base_9d close_vs_pivot_+7.2%
AMPL|2026-09-03|WATCH||3|2026-08-28|14.76|14.3005|13.185|0.9640718562874253||1|1|0.016948126626720163|0.8982507112160301|f||||||rs_top200|runup_96% base_3d close_vs_pivot_-8.2%
AMPL|2026-09-24|WATCH||17|2026-08-28|14.76|14.3005|11.95|0.9640718562874253|0.19037940379403795|1.3284313725490182|0.9155838721237595|0.29881085476166397|0.8750889318020126|f||||||rs_top200|runup_96% base_17d close_vs_pivot_-7.2%
AMPL|2026-09-25|INVALIDATED||18|2026-08-28|14.76|14.378|11.95|0.9640718562874253|0.19037940379403795|||||f||||||rs_top200+rs_1m_80|close_13.30_below_sma20_13.34
AMPL|2026-09-28|WATCH||19|2026-08-28|14.76|14.378|11.95|0.9640718562874253|0.19037940379403795|1.0887509130752342|0.8709272907890695|0.3805938937683001|0.6294437473860306|f||||||rs_top200+rs_1m_80|runup_96% base_19d close_vs_pivot_-9.9%
AMPL|2026-09-29|WATCH||20|2026-08-28|14.76|14.378|11.95|0.9640718562874253|0.19037940379403795|1.1686200796107882|0.8043510234543305|0.6730065837600598|0.3803950256035137|f||||||rs_top200+rs_1m_80|runup_96% base_20d close_vs_pivot_-7.6%
AMPL|2026-09-30|WATCH||21|2026-08-28|14.76|14.378|11.95|0.9640718562874253|0.19037940379403795|1.0887509130752342|0.7921912490519984|0.1700576981475872|0.6518878428990801|f||||||rs_top200+rs_1m_80|runup_96% base_21d close_vs_pivot_-6.2%
AMPL|2026-10-01|WATCH||22|2026-08-28|14.76|14.47|11.95|0.9640718562874253|0.19037940379403795|1.0887509130752342|0.9857524799462676|0.23255813953488363|0.1641586867305075|f||||||rs_top200+rs_1m_80|runup_96% base_22d close_vs_pivot_-3.1%
AMPL|2026-10-02|WATCH||23|2026-08-28|14.76|14.48|11.95|0.9640718562874253|0.19037940379403795|0.8778794734677081|0.9608839383151333|0.11692243449211828|0.24846017329575104|f||||||rs_top200+rs_1m_80|runup_96% base_23d close_vs_pivot_-1.6%
AMPL|2026-10-05|WATCH||24|2026-08-28|14.76|14.68|11.95|0.9640718562874253|0.19037940379403795|0.8778794734677081|1.029876149706834|0.6249335742374321|0.11903496652141578|f||||||rs_top200+rs_1m_80|runup_96% base_24d close_vs_pivot_+0.8%
APPN|2026-08-19|WATCH||3|2026-08-13|37.1337|37.66|34.3|0.907226502311248||1|1|0.47126362915836667|0.4969689180215482|f||||||rs_top200+rs_1m_80|runup_91% base_3d close_vs_pivot_+1.1%
APPN|2026-08-20|WATCH||3|2026-08-14|37.66|38.17|34.3|0.9342578325629172||1|1|0.012979748501921188|0.4759241117370928|f||||||rs_top200+rs_1m_80|runup_93% base_3d close_vs_pivot_-1.0%
APPN|2026-08-21|WATCH||4|2026-08-14|37.66|38.17|34.3|0.9342578325629172||1|1|0.43319378305036504|0.012995813491511443|f||||||rs_top200+rs_1m_80|runup_93% base_4d close_vs_pivot_+1.7%
APPN|2026-09-04|INVALIDATED||3|2026-08-31|44.06|42.545|39.49|1.00820419325433||||||f||||||rs_top200+rs_1m_80|close_38.37_below_base_low_close_39.89
APPN|2026-09-29|INVALIDATED||19|2026-08-31|44.06|42.545|33.28|1.00820419325433|0.2446663640490241|||||f||||||rs_top200+rs_1m_80|close_35.33_below_sma20_37.20
APPN|2026-09-30|INVALIDATED||20|2026-08-31|44.06|42.545|33.28|1.00820419325433|0.2446663640490241|||||f||||||rs_top200+rs_1m_80|close_35.27_below_sma20_36.94
APPN|2026-10-02|WATCH||22|2026-08-31|44.06|42.545|33.28|1.00820419325433|0.2446663640490241|0.9058118307044879|0.8232357014675741|0.8672837256759731|0.6632169666933923|f||||||rs_top200+rs_1m_80|runup_101% base_22d close_vs_pivot_-16.7%
APPS|2026-08-13|WATCH||3|2026-08-07|15.335|15.06|12.06|0.9547482472912685||1|1|0.07092637729455263|0.5674110183564225|f||||||rs_top200+rs_1m_80+momentum_25pct+ninem_universe_watch|runup_95% base_3d close_vs_pivot_-17.7%
APPS|2026-08-14|TIGHTENING||4|2026-08-07|15.335|15.06|12.06|0.9547482472912685||1|1|0.1795382187801441|0.07025408560962136|t||||||rs_top200+rs_1m_80+momentum_25pct+ninem_universe_watch|range_1.00 vol_1.00 fresh
APPS|2026-08-17|INVALIDATED||5|2026-08-07|15.335|15.06|12.06|0.9547482472912685||||||f||||||rs_top200+rs_1m_80+momentum_25pct+ninem_universe_watch+flag_stage_carryforward|close_12.24_below_base_low_close_12.41
APPS|2026-08-18|INVALIDATED||6|2026-08-07|15.335|15.06|12.06|0.9547482472912685||||||f||||||rs_top200+rs_1m_80+ninem_universe_watch+flag_stage_carryforward|close_12.12_below_base_low_close_12.24
APPS|2026-08-19|INVALIDATED||7|2026-08-07|15.335|15.06|11.75|0.9547482472912685||||||f||||||rs_top200+rs_1m_80+ninem_universe_watch+flag_stage_carryforward|close_11.23_below_base_low_close_12.12
APPS|2026-08-20|INVALIDATED||8|2026-08-07|15.335|15.06|11.13|0.9547482472912685||||||f||||||rs_top200+rs_1m_80|close_10.71_below_base_low_close_11.23
APPS|2026-08-21|INVALIDATED||9|2026-08-07|15.335|15.06|10.68|0.9547482472912685||||||f||||||rs_top200+rs_1m_80|close_10.87_below_sma20_11.19
APPS|2026-08-24|INVALIDATED||10|2026-08-07|15.335|15.06|10.625|0.9547482472912685||||||f||||||rs_top200+rs_1m_80|close_10.74_below_sma20_11.30
APPS|2026-08-25|INVALIDATED||11|2026-08-07|15.335|15.06|10.54|0.9547482472912685||||||f||||||rs_top200+rs_1m_80|close_10.83_below_sma20_11.42
ARCT|2026-09-09|INVALIDATED||3|2026-09-02|17.7497|16.99|14.765|2.227218181818182|0.16815495473162922|||||f||||||rs_top200+rs_1m_80|close_14.74_below_base_low_close_15.56
ARCT|2026-09-10|INVALIDATED||4|2026-09-02|17.7497|16.99|14.46|2.227218181818182|0.1853383437466548|||||f||||||rs_top200+rs_1m_80|close_13.98_below_base_low_close_14.74
ARCT|2026-09-21|INVALIDATED||11|2026-09-02|17.7497|17.96|13.12|2.227218181818182|0.2608325774520134|||||f||||||rs_top200|close_14.69_below_sma20_15.48
ARM|2026-07-30|INVALIDATED||24|2026-06-24|374.56|379.97|222.56|0.9316177608168739||||||f||||||ninem_universe_watch|close_241.54_below_sma20_281.96
ARM|2026-07-31|INVALIDATED||24|2026-06-25|379.97|361.9499|222.56|0.9595173018410605||||||f||||||ninem_universe_watch|close_239.69_below_sma20_278.18
ASPN|2026-08-13|INVALIDATED||4|2026-08-06|8.1|7.13|5.6668|0.9926199261992616||||||f||||||ninem_universe_watch|close_6.07_below_base_low_close_6.14
ASPN|2026-08-14|INVALIDATED||5|2026-08-06|8.1|7.13|5.6668|0.9926199261992616||||||f||||||ninem_universe_watch|close_5.85_below_base_low_close_6.07
ASPN|2026-08-17|INVALIDATED||6|2026-08-06|8.1|7.13|5.6668|0.9926199261992616||||||f||||||ninem_universe_watch|close_5.82_below_base_low_close_5.85
ASPN|2026-08-18|INVALIDATED||7|2026-08-06|8.1|7.13|5.6668|0.9926199261992616||||||f||||||ninem_universe_watch|close_5.58_below_base_low_close_5.82
ASPN|2026-08-19|INVALIDATED||8|2026-08-06|8.1|7.13|5.46|0.9926199261992616||||||f||||||ninem_universe_watch|close_5.45_below_base_low_close_5.58
ASPN|2026-08-20|INVALIDATED||9|2026-08-06|8.1|7.13|5.44|0.9926199261992616||||||f||||||ninem_universe_watch|close_5.11_below_base_low_close_5.45
ASST|2026-10-07|INVALIDATED||11|2026-09-21|31.95|32.08|28.31|1.9151459854014594|0.11392801251956186|||||f||||||rs_top200|close_28.18_below_base_low_close_28.99
ASST|2026-10-08|INVALIDATED||12|2026-09-21|31.95|32.08|27.7|1.9151459854014594|0.13302034428794995|||||f||||||rs_top200|close_28.23_below_sma20_29.12
ATAI|2026-07-22|WATCH||3|2026-07-16|7.22|7.22|7.08|0.9672488488052096||1|1|0.06459054209919125|0.06459054209919315|f||||||rs_top200+rs_1m_80+momentum_25pct+ninem_universe_watch|runup_97% base_3d close_vs_pivot_-0.6%
ATAI|2026-07-30|COILED||9|2026-07-16|7.22|7.22|7.08|0.9672488488052096||0.43536436541143786|0.6278916127661162|0.01703453142871012|0.051103594286130365|f||||||rs_top200+ninem_universe_watch|range_0.44 vol_0.63 bodies_0.02/0.05
ATAI|2026-07-31|COILED||10|2026-07-16|7.22|7.22|7.08|0.9672488488052096||0.43536436541143786|0.6875826209741895|0.037043897017968785|0.018521948508982748|f||||||rs_top200+flag_stage_carryforward|range_0.44 vol_0.69 bodies_0.04/0.02
ATEX|2026-07-17|WATCH||9|2026-07-02|111.9|109.85|92.656|1.243833968317626||1.21585697371568|0.8077159099277156|1.054987680327537|1.1803805017607536|f||||||rs_top200+rs_1m_80|runup_124% base_9d close_vs_pivot_-10.3%
AXTI|2026-08-21|INVALIDATED||3|2026-08-17|97.79|94.86|69.3|1.6624013068336514||||||f||||||rs_1m_80+ninem_universe_watch|close_70.74_below_base_low_close_73.12
AXTI|2026-08-24|INVALIDATED||4|2026-08-17|97.79|94.86|68.3|1.6624013068336514||||||f||||||ninem_universe_watch|close_65.40_below_base_low_close_70.74
AXTI|2026-08-25|INVALIDATED||5|2026-08-17|97.79|94.86|61.86|1.6624013068336514||||||f||||||ninem_universe_watch|close_67.45_below_sma20_71.21
AXTI|2026-08-26|INVALIDATED||6|2026-08-17|97.79|94.86|61.86|1.6624013068336514||||||f||||||ninem_universe_watch|close_65.18_below_base_low_close_65.40
AXTI|2026-08-27|INVALIDATED||7|2026-08-17|97.79|94.86|61.86|1.6624013068336514||||||f||||||ninem_universe_watch|close_66.92_below_sma20_73.62
AXTI|2026-08-28|INVALIDATED||8|2026-08-17|97.79|94.86|61.86|1.6624013068336514||||||f||||||ninem_universe_watch|close_58.63_below_base_low_close_65.18
AXTI|2026-08-31|INVALIDATED||9|2026-08-17|97.79|94.86|58.5|1.6624013068336514||||||f||||||ninem_universe_watch|close_60.61_below_sma20_73.13
BB|2026-07-17|INVALIDATED||10|2026-07-01|13.59|13.0295|9.0501|1.5354477611940296||||||f||||||flag_stage_carryforward|close_8.99_below_base_low_close_9.16
BFLY|2026-08-14|INVALIDATED||3|2026-08-10|10.05|9.7899|8.83|0.9016083254493852||||||f||||||rs_top200+rs_1m_80|close_8.84_below_base_low_close_8.86
BFLY|2026-08-17|WATCH||4|2026-08-10|10.05|9.7899|8.36|0.9016083254493852||1|1|0.38487267129124647|0.24375269181778966|f||||||rs_top200+rs_1m_80|runup_90% base_4d close_vs_pivot_-10.2%
BFLY|2026-08-18|WATCH||5|2026-08-10|10.05|9.7899|8.36|0.9016083254493852||1|1|0.0629909922881037|0.3779459537286155|f||||||rs_top200+rs_1m_80|runup_90% base_5d close_vs_pivot_-10.4%
BFLY|2026-08-19|WATCH||6|2026-08-10|10.05|9.7899|8.36|0.9016083254493852||1.2026300904977363|0.9740842585339597|0.12659881238256937|0.07033267354587298|f||||||rs_top200+rs_1m_80|runup_90% base_6d close_vs_pivot_-8.8%
BFLY|2026-08-20|WATCH||7|2026-08-10|10.05|9.7899|8.36|0.9016083254493852||1.2026300904977363|0.9711268935905639|0.24104942589344347|0.13559030206506162|f||||||rs_1m_80|runup_90% base_7d close_vs_pivot_-8.8%
BFLY|2026-08-21|WATCH||8|2026-08-10|10.05|9.7899|8.36|0.9016083254493852||0.9710804462712838|0.8620261200495739|0.40363502168096693|0.25832641387581906|f||||||rs_1m_80|runup_90% base_8d close_vs_pivot_-5.0%
BIYA|2026-07-24|INVALIDATED||3|2026-07-20|9.89|4.1|2.55|2.5950563431479465||||||f||||||ninem_universe_watch|close_1.93_below_base_low_close_2.68
BIYA|2026-07-27|INVALIDATED||4|2026-07-20|9.89|4.1|1.9104|2.5950563431479465||||||f||||||ninem_universe_watch|close_4.17_below_sma50_6.36
BIYA|2026-07-29|INVALIDATED||6|2026-07-20|9.89|6.82|1.9104|2.5950563431479465||||||f||||||rs_1m_80+momentum_25pct+ninem_universe_watch|close_5.83_below_sma50_6.27
BIYA|2026-07-30|INVALIDATED||7|2026-07-20|9.89|6.82|1.9104|2.5950563431479465||||||f||||||ninem_universe_watch|close_3.61_below_sma20_4.10
BIYA|2026-07-31|INVALIDATED||8|2026-07-20|9.89|6.82|1.9104|2.5950563431479465||||||f||||||ninem_universe_watch|close_3.40_below_sma20_3.95
BLSH|2026-09-25|INVALIDATED||3|2026-09-21|40.75|41.47|38.8505|0.9829683698296836|0.046613496932515375|||||f||||||rs_1m_80|close_37.58_below_base_low_close_39.69
BLZE|2026-08-19|INVALIDATED||10|2026-08-04|23.99|20.91|17.47|2.393210749646393||||||f||||||rs_top200+rs_1m_80|close_16.88_below_base_low_close_18.11
BLZE|2026-08-20|INVALIDATED||11|2026-08-04|23.99|20.91|15.97|2.393210749646393||||||f||||||rs_top200+rs_1m_80|close_16.24_below_base_low_close_16.88
BLZE|2026-08-21|INVALIDATED||12|2026-08-04|23.99|20.91|15.905|2.393210749646393||||||f||||||rs_top200+rs_1m_80|close_15.80_below_base_low_close_16.24
BLZE|2026-09-22|INVALIDATED||24|2026-08-17|19.83|19.77|12.15|1.5229007633587783|0.38729198184568825|||||f||||||rs_1m_80|close_14.30_below_sma50_14.98
BLZE|2026-09-23|INVALIDATED||24|2026-08-18|19.77|17.31|12.15|1.0550935550935554|0.38543247344461307|||||f||||||rs_top200+rs_1m_80|close_14.06_below_sma50_14.93
BRUN|2026-08-05|INVALIDATED||24|2026-06-30|38.94|36.37|15.58|1.3743902439024391||||||f||||||momentum_25pct|close_20.00_below_sma20_22.90
BRUN|2026-08-12|INVALIDATED||24|2026-07-08|31.68|32.04|15.58|0.9317073170731709||||||f||||||momentum_25pct|close_22.17_below_sma50_27.77
BRUN|2026-08-13|INVALIDATED||24|2026-07-09|32.04|30.62|15.58|0.953658536585366||||||f||||||momentum_25pct|close_22.55_below_sma50_27.49
BWIN|2026-08-20|WATCH||3|2026-08-14|32.565|31.8|30.03|0.9337885985748218||1|1|0.39076729476438044|0.5629698314402078|f||||||rs_top200+rs_1m_80|runup_93% base_3d close_vs_pivot_-3.4%
BWIN|2026-08-21|WATCH||4|2026-08-14|32.565|31.8|30.03|0.9337885985748218||1|1|0.20054330865763706|0.42257340038573876|f||||||rs_top200+rs_1m_80|runup_93% base_4d close_vs_pivot_-2.0%
BWIN|2026-08-31|TIGHTENING||10|2026-08-14|32.565|32.59|29.86|0.9337885985748218||0.6678658336073671|1.0002177925514948|0.35930397686766996|0.4151957066026379|f||||||rs_1m_80|range_0.67 vol_1.00
BWIN|2026-09-01|INVALIDATED||11|2026-08-14|32.565|32.59|29.86|0.9337885985748218||||||f||||||flag_stage_carryforward|close_30.26_below_sma20_30.45
BWIN|2026-09-02|TIGHTENING||12|2026-08-14|32.565|32.59|29.86|0.9337885985748218||0.7269687092568445|0.994465967041705|0.4822167718794|0.4905308541531811|f||||||flag_stage_carryforward|range_0.73 vol_0.99
BWIN|2026-09-03|TIGHTENING|WATCH|13|2026-08-14|32.565|32.59|29.71|0.9337885985748218||0.8481685575364645|1.1388137859018554|0.1459387969170431|0.5290281388242823|f||||||flag_stage_carryforward|runup_93% base_13d close_vs_pivot_-4.1%
CAI|2026-09-28|WATCH||3|2026-09-22|32.36|32.89|30.91|1.124753775443204|0.04480840543881337|1|1|0.012797074954295882|0.42870201096892|f||||||rs_top200+rs_1m_80|runup_112% base_3d close_vs_pivot_-1.9%
CAI|2026-09-29|INVALIDATED||4|2026-09-22|32.36|32.89|30.88|1.124753775443204|0.04573547589616811|||||f||||||rs_top200+rs_1m_80|close_31.55_below_base_low_close_31.65
CAI|2026-09-30|INVALIDATED||5|2026-09-22|32.36|32.89|30.82|1.124753775443204|0.04758961681087759|||||f||||||rs_top200+rs_1m_80|close_30.63_below_base_low_close_31.55
CAI|2026-10-01|INVALIDATED||6|2026-09-22|32.36|32.89|30.6|1.124753775443204|0.05438813349814575|||||f||||||rs_top200+rs_1m_80|close_28.35_below_base_low_close_30.63
CAI|2026-10-02|INVALIDATED||7|2026-09-22|32.36|32.89|28.29|1.124753775443204|0.12577255871446236|||||f||||||rs_top200+rs_1m_80|close_28.30_below_base_low_close_28.35
CAI|2026-10-05|WATCH||8|2026-09-22|32.36|32.89|28.07|1.124753775443204|0.13257107540173052|1.014783198320223|0.8790743940123066|1.3045028979045916|0.2621489077128833|f||||||rs_top200+rs_1m_80|runup_112% base_8d close_vs_pivot_-6.1%
CAPR|2026-09-08|INVALIDATED||3|2026-09-01|11|10.65|9.14|2.7162162162162162|0.16909090909090907|||||f||||||rs_1m_80+ninem_universe_watch|close_9.06_below_base_low_close_9.28
CAPR|2026-09-09|INVALIDATED||4|2026-09-01|11|10.65|8.81|2.7162162162162162|0.1990909090909091|||||f||||||rs_1m_80|close_8.64_below_base_low_close_9.06
CAPR|2026-09-10|INVALIDATED||5|2026-09-01|11|10.65|8.6|2.7162162162162162|0.21818181818181825|||||f||||||rs_1m_80|close_8.30_below_base_low_close_8.64
CAPR|2026-09-11|INVALIDATED||6|2026-09-01|11|10.65|8.1815|2.7162162162162162|0.25622727272727275|||||f||||||rs_1m_80|close_8.37_below_sma20_8.46
CAPR|2026-09-14|INVALIDATED||7|2026-09-01|11|10.65|8.1815|2.7162162162162162|0.25622727272727275|||||f||||||rs_1m_80|close_8.81_below_sma50_11.37
CAPR|2026-09-15|INVALIDATED||8|2026-09-01|11|10.65|8.1815|2.7162162162162162|0.25622727272727275|||||f||||||rs_1m_80|close_8.56_below_sma20_8.63
CBRL|2026-07-24|WATCH||15|2026-07-01|55.15|55.745|47.0669|0.9534847475878094||1.057718461339756|0.9688909678000934|0.8363683199465072|0.2110103559498058|f||||||rs_top200|runup_95% base_15d close_vs_pivot_-2.6%
CBRL|2026-07-27|WATCH||16|2026-07-01|55.15|55.745|47.0669|0.9534847475878094||1.0796145786582774|0.9774700767641655|0.05960125694793542|0.8120671259156373|f||||||rs_top200|runup_95% base_16d close_vs_pivot_-4.9%
CBRL|2026-07-28|WATCH||17|2026-07-01|55.15|55.745|47.0669|0.9534847475878094||1.1226628258666225|1.0408201415478207|0.3978947368421072|0.05894736842105136|f||||||rs_top200+rs_1m_80|runup_95% base_17d close_vs_pivot_-2.4%
CBRL|2026-07-29|WATCH||18|2026-07-01|55.15|55.745|47.0669|0.9534847475878094||1.0796145786582774|0.9432053598244964|0.8805931986704145|0.3866018920992093|f||||||rs_top200+rs_1m_80|runup_95% base_18d close_vs_pivot_+2.5%
CDNA|2026-07-22|INVALIDATED||3|2026-07-16|40.38|40.47|37.25|1.017991004497751||||||f||||||rs_top200+rs_1m_80+momentum_25pct|close_37.78_below_base_low_close_38.37
CDNA|2026-07-23|INVALIDATED||4|2026-07-16|40.38|40.47|37.22|1.017991004497751||||||f||||||rs_top200+rs_1m_80+momentum_25pct|close_37.61_below_base_low_close_37.78
CDNA|2026-07-24|INVALIDATED||5|2026-07-16|40.38|40.47|37.22|1.017991004497751||||||f||||||rs_top200+rs_1m_80+momentum_25pct|close_37.14_below_base_low_close_37.61
CDNA|2026-07-27|INVALIDATED||6|2026-07-16|40.38|40.47|37.05|1.017991004497751||||||f||||||rs_top200+rs_1m_80+momentum_25pct|close_36.36_below_base_low_close_37.14
CDNA|2026-07-28|INVALIDATED||7|2026-07-16|40.38|40.47|36.25|1.017991004497751||||||f||||||rs_top200+rs_1m_80|close_35.75_below_base_low_close_36.36
CDNA|2026-07-29|INVALIDATED||8|2026-07-16|40.38|40.47|35.11|1.017991004497751||||||f||||||rs_top200+rs_1m_80|close_35.41_below_base_low_close_35.75
CDNA|2026-07-30|TIGHTENING||9|2026-07-16|40.38|40.47|35.11|1.017991004497751||0.8162202447362067|0.5999112040596521|1.2587563315012393|0.1551891367604295|f||||||rs_top200+rs_1m_80|range_0.82 vol_0.60
CDNA|2026-07-31|TIGHTENING|WATCH|10|2026-07-16|40.38|40.47|35.01|1.017991004497751||0.8687115949163977|0.7679418352490898|0.4464600786794395|1.0685765817573485|f||||||rs_top200+rs_1m_80+flag_stage_carryforward|runup_102% base_10d close_vs_pivot_+8.2%
CDNA|2026-08-07|WATCH||3|2026-08-03|49.76|48|44.58|1.3015726179463458||1|1|0.7390987312235651|0.48592679014146023|f||||||rs_top200+rs_1m_80+momentum_25pct|runup_130% base_3d close_vs_pivot_-6.2%
CDNA|2026-08-10|WATCH||4|2026-08-03|49.76|48|44.57|1.3015726179463458||1|1|0.1986931436383445|0.7339481428273492|f||||||rs_top200+rs_1m_80+momentum_25pct|runup_130% base_4d close_vs_pivot_-5.4%
CDNA|2026-08-11|WATCH||5|2026-08-03|49.76|48.2936|44.57|1.3015726179463458||1|1|0.06457192274430533|0.19775151340444008|f||||||rs_top200+rs_1m_80+momentum_25pct|runup_130% base_5d close_vs_pivot_-5.1%
CDNA|2026-08-12|WATCH||6|2026-08-03|49.76|48.2936|44.57|1.3015726179463458||0.99966283716284|0.8279792423099919|0.06518278825196501|0.06518278825196501|f||||||rs_top200+rs_1m_80|runup_130% base_6d close_vs_pivot_-4.9%
CDNA|2026-08-13|WATCH||7|2026-08-03|49.76|48.2936|44.57|1.3015726179463458||0.9513760754913113|0.7918217475223547|0.06109108681043378|0.06516382593112859|f||||||rs_top200+rs_1m_80|runup_130% base_7d close_vs_pivot_-4.8%
CDNA|2026-08-14|WATCH||8|2026-08-03|49.76|48.2936|44.57|1.3015726179463458||0.9513760754913113|0.7829349008889299|0.6857080842726938|0.059974468012188524|f||||||rs_top200+rs_1m_80|runup_130% base_8d close_vs_pivot_-8.9%
CDNA|2026-08-17|WATCH||9|2026-08-03|49.76|48.2936|44.57|1.3015726179463458||0.9513760754913113|0.738041335359556|0.42091883989410045|0.6842424743302189|f||||||rs_top200+rs_1m_80|runup_130% base_9d close_vs_pivot_-6.8%
CDNA|2026-08-18|TIGHTENING||10|2026-08-03|49.76|48.2936|44.57|1.3015726179463458||0.9513760754913113|0.6532893485675941|0.19686534129419272|0.41538587013074657|f||||||rs_top200+rs_1m_80|range_0.95 vol_0.65
CDNA|2026-08-19|TIGHTENING||11|2026-08-03|49.76|48.2936|44.57|1.3015726179463458||0.9950239920863067|0.6887920802204796|0.13802222273771275|0.2029738569672226|f||||||rs_top200+rs_1m_80+flag_stage_carryforward|range_1.00 vol_0.69
CDNA|2026-08-20|TIGHTENING|WATCH|12|2026-08-03|49.76|48.4299|44.57|1.3015726179463458||1.1854878425261686|0.859404020200117|0.5060431492149557|0.15813848412967513|f||||||rs_top200+rs_1m_80+flag_stage_carryforward|runup_130% base_12d close_vs_pivot_-5.6%
CDNA|2026-08-21|TIGHTENING|WATCH|13|2026-08-03|49.76|48.4299|44.57|1.3015726179463458||1.257493430554444|0.8822491069899424|0.8487865122284373|0.5700492131509519|f||||||rs_top200+flag_stage_carryforward|runup_130% base_13d close_vs_pivot_-2.3%
CDNA|2026-08-24|TIGHTENING|WATCH|14|2026-08-03|49.76|48.72|44.57|1.3015726179463458||1.2942938835245634|0.9611190828342787|0.420254779460046|0.8510159284065949|f||||||flag_stage_carryforward|runup_130% base_14d close_vs_pivot_-4.5%
CDNA|2026-08-25|TIGHTENING|WATCH|15|2026-08-03|49.76|48.72|44.57|1.3015726179463458||1.2942938835245634|0.9675217171570357|1.296049095920806|0.3883293171298289|f||||||rs_top200+rs_1m_80+flag_stage_carryforward|runup_130% base_15d close_vs_pivot_+2.1%
CDNA|2026-09-02|WATCH||3|2026-08-27|53.6712|52.38|46.6879|0.9645387994143484||1|1|0.019691573694309693|0.3780782149307142|f||||||rs_top200|runup_96% base_3d close_vs_pivot_-7.6%
CDNA|2026-09-03|WATCH||4|2026-08-27|53.6712|52.38|46.6879|0.9645387994143484||1|1|0.04334048169849638|0.01970021895386377|f||||||rs_top200+rs_1m_80|runup_96% base_4d close_vs_pivot_-7.1%
CDNA|2026-09-04|WATCH||5|2026-08-27|53.6712|52.38|46.6879|0.9645387994143484||1|1|0.4811722496060104|0.04303166459891114|f||||||rs_top200+rs_1m_80|runup_96% base_5d close_vs_pivot_-5.2%
CDNA|2026-09-08|WATCH||6|2026-08-27|53.6712|52.38|46.6879|0.9645387994143484|0.13011261160547927|0.8667567795875588|1.0239516163106568|0.07495026796129547|0.48520436627576224|f||||||rs_top200+rs_1m_80|runup_96% base_6d close_vs_pivot_-6.3%
CDNA|2026-09-09|WATCH||7|2026-08-27|53.6712|52.38|46.6879|0.9645387994143484|0.13011261160547927|0.8131341624813362|0.9134094843706726|0.062123714940897065|0.07615165057271106|f||||||rs_top200+rs_1m_80|runup_96% base_7d close_vs_pivot_-6.8%
CDNA|2026-09-10|WATCH||8|2026-08-27|53.6712|52.38|46.6879|0.9645387994143484|0.13011261160547927|0.7595077439853181|0.9076052572002546|0.32762572848793337|0.06118311797063821|f||||||rs_top200+rs_1m_80|runup_96% base_8d close_vs_pivot_-6.8%
CDNA|2026-09-11|WATCH||9|2026-08-27|53.6712|52.38|46.6879|0.9645387994143484|0.13011261160547927|0.7595077439853181|1.0517514990747887|0.04930011444669321|0.3409924582563042|f||||||rs_top200+rs_1m_80|runup_96% base_9d close_vs_pivot_-6.4%
CDNA|2026-09-14|TIGHTENING||10|2026-08-27|53.6712|52.38|46.6879|0.9645387994143484|0.13011261160547927|0.6049974331947584|1.0566138170423016|0.7544357497061926|0.04815547338550075|f||||||rs_top200+rs_1m_80|range_0.60 vol_1.06
CDNA|2026-09-15|TIGHTENING||11|2026-08-27|53.6712|52.67|46.6879|0.9645387994143484|0.13011261160547927|0.6049974331947584|0.9621745500746054|0.1866332988950451|0.7974331861879221|f||||||rs_top200+rs_1m_80+flag_stage_carryforward|range_0.60 vol_0.96
CDNA|2026-09-16|TIGHTENING||12|2026-08-27|53.6712|53.74|46.6879|0.9645387994143484|0.13011261160547927|0.6838422035927493|0.9647545141067738|0.40035898449977847|0.18740207785095964|f||||||rs_top200+rs_1m_80+flag_stage_carryforward|range_0.68 vol_0.96
CDNA|2026-09-17|TIGHTENING||13|2026-08-27|53.6712|54.488|46.6879|0.9645387994143484|0.13011261160547927|0.6838422035927493|0.8964067778347085|0.12281355836620422|0.4123026602293972|f||||||rs_top200+rs_1m_80+flag_stage_carryforward|range_0.68 vol_0.90
CHPT|2026-09-15|INVALIDATED||5|2026-09-04|10.28|10.4299|8.56|1.025615763546798|0.16731517509727611|||||f||||||ninem_universe_watch|close_8.82_below_base_low_close_8.84
CHPT|2026-09-16|TIGHTENING||6|2026-09-04|10.28|10.4299|8.56|1.025615763546798|0.16731517509727611|0.9916729112815628|0.6283888896954524|0.06219844859298314|0.07463813831157932|f||||||ninem_universe_watch|range_0.99 vol_0.63
CHPT|2026-09-17|TIGHTENING||7|2026-09-04|10.28|10.4299|8.56|1.025615763546798|0.16731517509727611|0.7951191109085829|0.5213845076091824|0.911465844754126|0.057687711693299996|f||||||ninem_universe_watch+flag_stage_carryforward|range_0.80 vol_0.52
CHPT|2026-09-18|TIGHTENING||8|2026-09-04|10.28|10.4299|8.56|1.025615763546798|0.16731517509727611|0.7951191109085829|0.5088898103212514|0.3564098076341712|0.8798867125968584|f||||||flag_stage_carryforward|range_0.80 vol_0.51
CHPT|2026-09-29|TIGHTENING||6|2026-09-18|10.72|10.5808|8.65|1.1123152709359605|0.19309701492537312|0.6998014943067451|0.8598811748648327|0.9450310308696706|0.05641976303699406|f||||||rs_top200+rs_1m_80|range_0.70 vol_0.86
CHPT|2026-09-30|TIGHTENING||7|2026-09-18|10.72|10.5808|8.65|1.1123152709359605|0.19309701492537312|0.6998014943067451|0.7663084577298114|0.6866582305798339|0.9201220289769774|f||||||rs_top200+rs_1m_80+flag_stage_carryforward|range_0.70 vol_0.77
CHPT|2026-10-01|TIGHTENING||8|2026-09-18|10.72|10.5808|8.65|1.1123152709359605|0.19309701492537312|0.6998014943067451|0.7684911512762356|0.08932866075723153|0.6871435442864017|f||||||rs_top200+rs_1m_80+flag_stage_carryforward|range_0.70 vol_0.77
CHPT|2026-10-02|INVALIDATED||9|2026-09-18|10.72|10.5808|8.65|1.1123152709359605|0.19309701492537312|||||f||||||rs_top200+flag_stage_carryforward|close_9.29_below_sma20_9.36
CHPT|2026-10-05|INVALIDATED||10|2026-09-18|10.72|11.26|8.65|1.1123152709359605|0.19309701492537312|||||f||||||flag_stage_carryforward|close_8.93_below_sma20_9.31
CHPT|2026-10-06|INVALIDATED||11|2026-09-18|10.72|11.26|8.65|1.1123152709359605|0.19309701492537312|||||f||||||flag_stage_carryforward|close_8.67_below_base_low_close_8.74
CHYM|2026-08-12|WATCH||3|2026-08-06|33.41|32.48|28.74|1.1039042821158689||1|1|0.02785792458461688|0.573873246443141|f||||||rs_top200+rs_1m_80+momentum_25pct+ninem_universe_watch|runup_110% base_3d close_vs_pivot_-5.4%
CHYM|2026-08-13|WATCH||4|2026-08-06|33.41|32.48|28.74|1.1039042821158689||1|1|0.10191082802547761|0.028308563340408884|f||||||rs_top200+rs_1m_80+momentum_25pct+ninem_universe_watch|runup_110% base_4d close_vs_pivot_-3.7%
CHYM|2026-08-14|WATCH||5|2026-08-06|33.41|32.54|28.74|1.1039042821158689||1|1|0.12185265775566946|0.10444513521914821|f||||||rs_top200+rs_1m_80+momentum_25pct+ninem_universe_watch|runup_110% base_5d close_vs_pivot_-4.2%
CHYM|2026-08-17|COILED||6|2026-08-06|33.41|32.55|28.74|1.1039042821158689||0.6934488425764038|0.7529218441391042|0.25143573143990816|0.12279419442413762|t||||||rs_top200+rs_1m_80+momentum_25pct+ninem_universe_watch|fresh_2bar 2.7%/atr 5.4% bodies_0.25/0.12
CHYM|2026-08-18|COILED|TIGHTENING|7|2026-08-06|33.41|32.55|28.74|1.1039042821158689||0.5120746903639405|0.7120556503306795|0.3790598843985082|0.2362257250599393|f||||||rs_top200+rs_1m_80+ninem_universe_watch+flag_stage_carryforward|range_0.51 vol_0.71
CHYM|2026-08-19|TRIGGERED||8|2026-08-06|33.41|32.645|28.74|1.1039042821158689||0.5120746903639405|0.6363903462445537|0.5702517406382407|0.3677324308788661|f|33.07|2.077564638799072||||rs_top200+rs_1m_80+ninem_universe_watch+flag_stage_carryforward|close_33.07>base_high_close_32.18 vol_2.08x
CHYM|2026-08-20|TRIGGERED|TIGHTENING|9|2026-08-06|33.41|33.38|28.74|1.1039042821158689||0.5120746903639405|0.7837519967824781|0.6828217797637143|0.5620148494978262|f||||||rs_top200+rs_1m_80+ninem_universe_watch+flag_stage_carryforward|range_0.51 vol_0.78
CHYM|2026-08-21|TRIGGERED|TIGHTENING|10|2026-08-06|33.41|33.745|28.74|1.1039042821158689||0.8508095167291256|0.6794675975592688|0.4122419240976554|0.6870698734960917|f||||||rs_top200+rs_1m_80+flag_stage_carryforward|range_0.85 vol_0.68
CHYM|2026-08-24|TRIGGERED|TIGHTENING|11|2026-08-06|33.41|33.745|28.74|1.1039042821158689||0.8508095167291256|0.6919458008662324|0.02613081083905887|0.4076406490893421|f||||||rs_top200+rs_1m_80|range_0.85 vol_0.69
CHYM|2026-08-25|TRIGGERED|WATCH|12|2026-08-06|33.41|33.745|28.74|1.1039042821158689||0.8508095167291256|0.7324662380871341|0.03733575126770133|0.026668393762642184|f||||||rs_top200+rs_1m_80|runup_110% base_12d close_vs_pivot_-0.9%
CHYM|2026-08-26|TRIGGERED|COILED|13|2026-08-06|33.41|33.745|28.74|1.1039042821158689||0.660571497915114|0.6818000597617874|0.10063874797182164|0.05031937398591082|t||||||rs_top200+rs_1m_80|range_0.66 vol_0.68 bodies_0.10/0.05
CHYM|2026-08-27|TRIGGERED|COILED|14|2026-08-06|33.41|33.745|28.74|1.1039042821158689||0.603913781742614|0.5039188506636219|0.038523769165573006|0.10786655366361099|f||||||rs_top200|range_0.60 vol_0.50 bodies_0.04/0.11
CHYM|2026-08-28|TRIGGERED|COILED|15|2026-08-06|33.41|33.975|28.74|1.1039042821158689||0.603913781742614|0.464360888522883|0.20218825459545042|0.040437650919087784|f||||||rs_top200+rs_1m_80|range_0.60 vol_0.46 bodies_0.20/0.04
CPHI|2026-07-27|INVALIDATED||3|2026-07-21|19.19|2.89|1.51|34.38631753641896||||||f||||||ninem_universe_watch|close_1.23_below_base_low_close_1.52
CPHI|2026-07-28|INVALIDATED||4|2026-07-21|19.19|2.89|1.17|34.38631753641896||||||f||||||ninem_universe_watch|close_1.30_below_sma20_1.33
CPHI|2026-07-29|INVALIDATED||5|2026-07-21|19.19|2.89|1.08|34.38631753641896||||||f||||||ninem_universe_watch|close_1.20_below_base_low_close_1.23
CPHI|2026-07-30|INVALIDATED||6|2026-07-21|19.19|2.89|1.08|34.38631753641896||||||f||||||ninem_universe_watch|close_1.30_below_sma20_1.39
CPHI|2026-07-31|INVALIDATED||7|2026-07-21|19.19|2.89|1.08|34.38631753641896||||||f||||||ninem_universe_watch|close_1.11_below_base_low_close_1.20
CPHI|2026-08-04|INVALIDATED||9|2026-07-21|19.19|2.89|1.08|34.38631753641896||||||f||||||ninem_universe_watch|close_1.18_below_sma20_1.46
CRWV|2026-08-19|INVALIDATED||3|2026-08-13|117.49|110.3|93.15|0.9403798513625103||||||f||||||rs_1m_80+ninem_universe_watch|close_90.87_below_base_low_close_93.17
CRWV|2026-08-20|INVALIDATED||4|2026-08-13|117.49|110.3|88.8505|0.9403798513625103||||||f||||||rs_1m_80+ninem_universe_watch|close_89.76_below_base_low_close_90.87
CRWV|2026-08-21|INVALIDATED||5|2026-08-13|117.49|110.3|88.78|0.9403798513625103||||||f||||||rs_1m_80+ninem_universe_watch|close_87.85_below_base_low_close_89.76
CRWV|2026-08-24|INVALIDATED||6|2026-08-13|117.49|110.3|87.41|0.9403798513625103||||||f||||||ninem_universe_watch|close_86.25_below_base_low_close_87.85
CRWV|2026-08-25|INVALIDATED||7|2026-08-13|117.49|110.3|83.23|0.9403798513625103||||||f||||||ninem_universe_watch|close_88.04_below_sma20_89.49
CRWV|2026-08-26|INVALIDATED||8|2026-08-13|117.49|110.3|83.23|0.9403798513625103||||||f||||||ninem_universe_watch|close_88.01_below_sma20_90.85
CRWV|2026-09-10|INVALIDATED||18|2026-08-13|117.49|110.3|79.03|0.9403798513625103|0.3273470082560217|||||f||||||ninem_universe_watch|close_89.12_below_sma20_90.90
CRWV|2026-09-11|INVALIDATED||19|2026-08-13|117.49|110.3|79.03|0.9403798513625103|0.3273470082560217|||||f||||||ninem_universe_watch|close_88.99_below_sma20_90.04
CRWV|2026-09-14|INVALIDATED||20|2026-08-13|117.49|110.3|79.03|0.9403798513625103|0.3273470082560217|||||f||||||ninem_universe_watch|close_82.98_below_sma20_88.92
CRWV|2026-09-15|INVALIDATED||21|2026-08-13|117.49|110.3|79.03|0.9403798513625103|0.3273470082560217|||||f||||||ninem_universe_watch|close_80.92_below_base_low_close_80.93
CRWV|2026-09-16|INVALIDATED||22|2026-08-13|117.49|110.3|79.03|0.9403798513625103|0.3273470082560217|||||f||||||ninem_universe_watch|close_83.35_below_sma20_87.18
CRWV|2026-09-17|INVALIDATED||23|2026-08-13|117.49|110.3|79.03|0.9403798513625103|0.3273470082560217|||||f||||||ninem_universe_watch|close_79.88_below_base_low_close_80.92
CRWV|2026-09-18|INVALIDATED||24|2026-08-13|117.49|110.3|78.27|0.9403798513625103|0.33381564388458596|||||f||||||ninem_universe_watch|close_81.36_below_sma20_86.21
DAVE|2026-07-22|INVALIDATED||3|2026-07-16|455.975|458.25|411.63|1.0283134271924559||||||f||||||rs_top200+rs_1m_80|close_423.66_below_base_low_close_438.28
DELL|2026-07-22|WATCH||4|2026-07-15|461.2043|413.83|368.145|1.0293232718792624||1|1|0.8148986294424216|0.28637187815438236|f||||||rs_top200|runup_103% base_4d close_vs_pivot_-4.2%
DELL|2026-07-23|WATCH||5|2026-07-15|461.2043|451.36|368.145|1.0293232718792624||1|1|0.041395057571345026|0.8482897618725054|f||||||rs_top200+rs_1m_80|runup_103% base_5d close_vs_pivot_-4.7%
DELL|2026-08-04|WATCH||13|2026-07-15|461.2043|454.77|358.8801|1.0293232718792624||1.5249347126508215|1.0199092920967463|0.5072537324014014|0.8836760407704224|f||||||momentum_25pct|runup_103% base_13d close_vs_pivot_+1.3%
DFDV|2026-10-01|INVALIDATED||7|2026-09-21|6.67|6.575|5.355|1.7336065573770494|0.19715142428785604|||||f||||||rs_top200+rs_1m_80|close_5.37_below_sma20_5.57
DFDV|2026-10-02|INVALIDATED||8|2026-09-21|6.67|6.575|5.21|1.7336065573770494|0.21889055472263863|||||f||||||rs_top200+rs_1m_80|close_5.25_below_base_low_close_5.37
DFDV|2026-10-05|INVALIDATED||9|2026-09-21|6.67|6.575|5.14|1.7336065573770494|0.2293853073463269|||||f||||||rs_top200+rs_1m_80|close_5.47_below_sma20_5.51
DFNS|2026-08-17|INVALIDATED||11|2026-07-30|91|70.78|22.72|23.594594594594593||||||f||||||rs_1m_80|close_30.99_below_sma20_33.40
DFNS|2026-08-18|INVALIDATED||12|2026-07-30|91|70.78|22.72|23.594594594594593||||||f||||||rs_1m_80|close_27.20_below_base_low_close_27.68
DFNS|2026-08-25|INVALIDATED||17|2026-07-30|91|70.78|10.6501|23.594594594594593||||||f||||||ninem_universe_watch|close_13.04_below_sma20_36.68
DFNS|2026-08-26|INVALIDATED||18|2026-07-30|91|70.78|10.6501|23.594594594594593||||||f||||||ninem_universe_watch|close_11.88_below_sma20_34.77
DFNS|2026-08-27|INVALIDATED||19|2026-07-30|91|70.78|10.6501|23.594594594594593||||||f||||||ninem_universe_watch|close_12.71_below_sma20_31.15
DFNS|2026-08-28|INVALIDATED||20|2026-07-30|91|70.78|10.6501|23.594594594594593||||||f||||||ninem_universe_watch|close_12.19_below_sma20_30.38
DFNS|2026-08-31|INVALIDATED||21|2026-07-30|91|70.78|10.6501|23.594594594594593||||||f||||||ninem_universe_watch|close_11.82_below_sma20_27.90
DFNS|2026-09-01|INVALIDATED||22|2026-07-30|91|70.78|10.6501|23.594594594594593||||||f||||||ninem_universe_watch|close_10.08_below_base_low_close_11.01
DFNS|2026-09-02|INVALIDATED||23|2026-07-30|91|70.78|9.6014|23.594594594594593||||||f||||||ninem_universe_watch|close_9.26_below_base_low_close_10.08
DFNS|2026-09-03|INVALIDATED||24|2026-07-30|91|70.78|8.5101|23.594594594594593||||||f||||||ninem_universe_watch|close_10.18_below_sma20_22.41
DFNS|2026-09-04|INVALIDATED||23|2026-08-03|70.78|63.8999|8.5101|18.12972972972973||||||f||||||ninem_universe_watch|close_10.24_below_sma20_21.02
DFNS|2026-09-07|INVALIDATED||23|2026-08-03|70.78|63.8999|8.5101|18.12972972972973|0.8797668833003673|||||f||||||ninem_universe_watch|close_10.24_below_sma20_21.02
DFNS|2026-09-08|INVALIDATED||24|2026-08-03|70.78|63.8999|8.5101|18.12972972972973|0.8797668833003673|||||f||||||ninem_universe_watch|close_10.16_below_sma20_19.68
DFTX|2026-07-22|INVALIDATED||14|2026-06-30|49.2|48.5|41.57|1.5452664252457322||||||f||||||rs_top200|close_43.67_below_sma20_44.90
DFTX|2026-08-13|WATCH||3|2026-08-07|49.7|47.55|40.6201|1.1741032370953635||1|1|0.03317582714446224|1.565899041218595|f||||||ninem_universe_watch|runup_117% base_3d close_vs_pivot_-11.7%
DFTX|2026-08-14|INVALIDATED||4|2026-08-07|49.7|47.55|40.6201|1.1741032370953635||||||f||||||ninem_universe_watch|close_42.63_below_sma20_43.43
DFTX|2026-08-17|WATCH||5|2026-08-07|49.7|47.55|40.6201|1.1741032370953635||1|1|1.0368011152146432|0.12536484072856732|f||||||ninem_universe_watch|runup_117% base_5d close_vs_pivot_-8.9%
DFTX|2026-08-18|WATCH||6|2026-08-07|49.7|47.55|40.6201|1.1741032370953635||1.244117217126563|0.9979718235214681|0.2818494693752324|1.0267373527240637|f||||||rs_top200+ninem_universe_watch|runup_117% base_6d close_vs_pivot_-7.1%
DFTX|2026-08-19|WATCH||7|2026-08-07|49.7|47.55|40.6201|1.1741032370953635||0.9072468538070443|0.9218011701932798|0.39441892446829846|0.28077279368929603|f||||||rs_top200+ninem_universe_watch|runup_117% base_7d close_vs_pivot_-7.8%
DFTX|2026-08-20|TIGHTENING||8|2026-08-07|49.7|47.55|40.6201|1.1741032370953635||0.9072468538070443|0.5886362664792878|0.09819927680828136|0.39956947115093905|f||||||ninem_universe_watch|range_0.91 vol_0.59
DFTX|2026-08-21|TIGHTENING||9|2026-08-07|49.7|47.55|40.6201|1.1741032370953635||0.8104095891922324|0.5317040730845637|0.33382401245757387|0.09878465674764872|f||||||ninem_universe_watch+flag_stage_carryforward|range_0.81 vol_0.53
DFTX|2026-08-24|INVALIDATED||10|2026-08-07|49.7|47.55|40.6201|1.1741032370953635||||||f||||||ninem_universe_watch+flag_stage_carryforward|close_43.27_below_sma20_43.96
DFTX|2026-08-25|TIGHTENING||11|2026-08-07|49.7|47.55|40.6201|1.1741032370953635||0.8104095891922324|0.4809309794331467|0.27323674011840376|0.387085381834403|f||||||ninem_universe_watch+flag_stage_carryforward|range_0.81 vol_0.48
DFTX|2026-08-26|INVALIDATED||12|2026-08-07|49.7|47.55|40.6201|1.1741032370953635||||||f||||||ninem_universe_watch+flag_stage_carryforward|close_43.77_below_sma20_44.18
DFTX|2026-08-27|INVALIDATED||13|2026-08-07|49.7|47.55|40.6201|1.1741032370953635||||||f||||||flag_stage_carryforward|close_43.82_below_sma20_44.15
DFTX|2026-08-28|INVALIDATED||14|2026-08-07|49.7|47.55|40.6201|1.1741032370953635||||||f||||||flag_stage_carryforward|close_40.98_below_sma20_44.02
DFTX|2026-09-15|INVALIDATED||22|2026-08-12|47.55|47.29|37.1701|1.0259906263314869|0.21829442691903256|||||f||||||magna53_failed_r3|close_36.82_below_base_low_close_37.73
DFTX|2026-09-16|INVALIDATED||23|2026-08-12|47.55|47.29|36.775|1.0259906263314869|0.22660357518401686|||||f||||||magna53_failed_r3|close_37.85_below_sma20_40.69
DFTX|2026-09-17|INVALIDATED||24|2026-08-12|47.55|47.29|36.7|1.0259906263314869|0.2281808622502628|||||f||||||magna53_failed_r3|close_38.68_below_sma20_40.33
DOCS|2026-08-14|INVALIDATED||4|2026-08-07|40|26.94|24.365|1.056555269922879||||||f||||||rs_1m_80+ninem_universe_watch|close_24.80_below_base_low_close_24.99
DOCS|2026-08-17|INVALIDATED||5|2026-08-07|40|26.94|24.365|1.056555269922879||||||f||||||rs_1m_80+ninem_universe_watch|close_24.52_below_base_low_close_24.80
EFOR|2026-08-13|WATCH||3|2026-08-07|33.0599|33.73|30.76|0.9562071005917161||1|1|0.312126606354703|0.25360286766319406|f||||||rs_top200+rs_1m_80|runup_96% base_3d close_vs_pivot_+1.2%
EFOR|2026-08-14|INVALIDATED||3|2026-08-10|33.73|33.78|31.24|0.9958579881656804||||||f||||||rs_top200+rs_1m_80|close_31.67_below_base_low_close_32.72
EFOR|2026-08-17|INVALIDATED||4|2026-08-10|33.73|33.78|31.24|0.9958579881656804||||||f||||||rs_top200+rs_1m_80|close_30.86_below_base_low_close_31.67
EFOR|2026-08-18|INVALIDATED||5|2026-08-10|33.73|33.78|30.495|0.9958579881656804||||||f||||||rs_top200+rs_1m_80|close_30.79_below_base_low_close_30.86
EFOR|2026-08-19|WATCH||6|2026-08-10|33.73|33.78|30.495|0.9958579881656804||0.9899616402831051|1.0265715514256946|0.6457244578620961|0.3415402091171418|f||||||rs_top200+rs_1m_80|runup_100% base_6d close_vs_pivot_-5.3%
EFOR|2026-08-20|WATCH||7|2026-08-10|33.73|33.78|30.495|0.9958579881656804||0.9899616402831051|0.8551215936861041|0.07229652698607045|0.6729138281011044|f||||||rs_top200+rs_1m_80|runup_100% base_7d close_vs_pivot_-4.6%
EFOR|2026-08-21|WATCH||8|2026-08-10|33.73|33.78|30.495|0.9958579881656804||0.9804324231468974|0.836584757300093|0.31043254945755183|0.07337496623542221|f||||||rs_top200+rs_1m_80|runup_100% base_8d close_vs_pivot_-3.1%
EFOR|2026-09-08|INVALIDATED||19|2026-08-10|33.73|33.78|30.17|0.9958579881656804|0.10554402608953439|||||f||||||rs_top200|close_30.92_below_sma20_31.86
EFOR|2026-09-18|WATCH||3|2026-09-14|34.37|34.42|31.6524|0.9451046972269379|0.07906895548443404|1|1|0.052341883892410374|0.2907882438467133|f||||||rs_top200+rs_1m_80|runup_95% base_3d close_vs_pivot_-4.7%
EFOR|2026-09-21|WATCH||4|2026-09-14|34.37|34.42|31.54|0.9451046972269379|0.0823392493453593|1|1|0.25038105883548306|0.051214307489078285|f||||||rs_top200|runup_95% base_4d close_vs_pivot_-4.3%
EFOR|2026-09-22|INVALIDATED||5|2026-09-14|34.37|34.42|31.54|0.9451046972269379|0.0823392493453593|||||f||||||rs_top200+rs_1m_80|close_32.28_below_base_low_close_32.43
EFOR|2026-09-23|WATCH||6|2026-09-14|34.37|34.42|31.54|0.9451046972269379|0.0823392493453593|1.015455005567367|0.866472929138404|0.34678501393332756|0.7918257818144279|f||||||rs_top200+rs_1m_80|runup_95% base_6d close_vs_pivot_-3.5%
EFOR|2026-09-24|WATCH||7|2026-09-14|34.37|34.42|31.54|0.9451046972269379|0.0823392493453593|1.0569038804332966|0.8638955676062744|0.6101321404784047|0.3453578153651348|f||||||rs_top200+rs_1m_80|runup_95% base_7d close_vs_pivot_-5.6%
EFOR|2026-09-25|WATCH||8|2026-09-14|34.37|34.42|31.54|0.9451046972269379|0.0823392493453593|1.0582054239493712|0.8234520198754062|0.3635586866651856|0.6215680772017728|f||||||rs_top200+rs_1m_80|runup_95% base_8d close_vs_pivot_-3.6%
EFOR|2026-09-28|TIGHTENING||9|2026-09-14|34.37|34.42|31.54|0.9451046972269379|0.0823392493453593|1.0582054239493712|0.573656949668215|0.027943987828841943|0.38500605453069503|f||||||rs_top200|range_1.06 vol_0.57
EFOR|2026-09-29|TIGHTENING||10|2026-09-14|34.37|34.42|31.54|0.9451046972269379|0.0823392493453593|1.0582054239493712|0.5534492018230828|0.27227375724216546|0.028493765292785855|f||||||rs_top200+rs_1m_80+flag_stage_carryforward|range_1.06 vol_0.55
EFOR|2026-09-30|TIGHTENING||11|2026-09-14|34.37|34.42|31.54|0.9451046972269379|0.0823392493453593|0.8399714052287616|0.5368229072535297|0.09476491532077841|0.27165942391956716|f||||||rs_top200+rs_1m_80+flag_stage_carryforward|range_0.84 vol_0.54
EFOR|2026-10-01|TIGHTENING||12|2026-09-14|34.37|34.42|31.54|0.9451046972269379|0.0823392493453593|0.7295634671779159|0.5330934848172078|0.8947743773406973|0.08183911987872151|f||||||rs_top200+rs_1m_80+flag_stage_carryforward|range_0.73 vol_0.53
ERAS|2026-07-21|WATCH||3|2026-07-15|21.6|20.885|18.13|1.1513944223107573||1|1|0.3477856414213747|0.3995835029096649|f||||||rs_top200+ninem_universe_watch|runup_115% base_3d close_vs_pivot_-10.3%
ERAS|2026-07-22|WATCH||4|2026-07-15|21.6|20.885|18.13|1.1513944223107573||1|1|0.41772124267986716|0.3444368141395386|f||||||rs_top200+rs_1m_80+ninem_universe_watch|runup_115% base_4d close_vs_pivot_-9.7%
ERAS|2026-07-23|WATCH||5|2026-07-15|21.6|20.885|18.13|1.1513944223107573||1|1|0.22958530387439918|0.422140720027123|f||||||rs_top200+rs_1m_80+ninem_universe_watch|runup_115% base_5d close_vs_pivot_-10.5%
ERAS|2026-07-24|WATCH||6|2026-07-15|21.6|20.885|18.13|1.1513944223107573||0.9824695728263445|0.7829199107666147|0.20850344049293276|0.23084309483145937|f||||||rs_top200+ninem_universe_watch|runup_115% base_6d close_vs_pivot_-11.5%
ERAS|2026-07-27|INVALIDATED||7|2026-07-15|21.6|20.885|18.13|1.1513944223107573||||||f||||||ninem_universe_watch|close_18.87_below_sma20_18.93
ERAS|2026-07-28|INVALIDATED||8|2026-07-15|21.6|20.885|18.13|1.1513944223107573||||||f||||||ninem_universe_watch|close_18.16_below_base_low_close_18.82
ESTC|2026-09-03|WATCH||3|2026-08-28|108|102.415|89.34|0.9266791544019266||1|1|0.7206780506045113|0.4222859279571236|f||||||rs_top200+rs_1m_80+ninem_universe_watch|runup_93% base_3d close_vs_pivot_-11.0%
ESTC|2026-09-04|WATCH||4|2026-08-28|108|102.415|89.34|0.9266791544019266||1|1|0.5797786344981966|0.7190647929362013|f||||||rs_top200+rs_1m_80+ninem_universe_watch|runup_93% base_4d close_vs_pivot_-15.0%
ESTC|2026-09-07|WATCH||4|2026-08-28|108|102.415|89.34|0.9266791544019266|0.1727777777777777|1|1|0.5797786344981966|0.7190647929362013|f||||||ninem_universe_watch|runup_93% base_4d close_vs_pivot_-15.0%
ESTC|2026-09-08|INVALIDATED||5|2026-08-28|108|102.415|89.34|0.9266791544019266|0.1727777777777777|||||f||||||rs_top200+rs_1m_80+ninem_universe_watch|close_88.42_below_base_low_close_89.58
ESTC|2026-09-09|INVALIDATED||6|2026-08-28|108|102.415|88.101|0.9266791544019266|0.18425000000000002|||||f||||||rs_top200+ninem_universe_watch|close_86.58_below_base_low_close_88.42
ESTC|2026-09-10|INVALIDATED||7|2026-08-28|108|102.415|86.01|0.9266791544019266|0.20361111111111108|||||f||||||ninem_universe_watch|close_83.48_below_base_low_close_86.58
ESTC|2026-09-11|INVALIDATED||8|2026-08-28|108|102.415|83.405|0.9266791544019266|0.22773148148148148|||||f||||||ninem_universe_watch|close_83.39_below_base_low_close_83.48
ESTC|2026-09-14|INVALIDATED||9|2026-08-28|108|102.415|82.1548|0.9266791544019266|0.2393074074074074|||||f||||||rs_top200+rs_1m_80|close_85.11_below_sma20_87.43
ESTC|2026-09-15|INVALIDATED||10|2026-08-28|108|102.415|82.1548|0.9266791544019266|0.2393074074074074|||||f||||||rs_top200+rs_1m_80|close_85.16_below_sma20_87.52
ESTC|2026-09-16|INVALIDATED||11|2026-08-28|108|102.415|82.1548|0.9266791544019266|0.2393074074074074|||||f||||||rs_top200+rs_1m_80|close_85.03_below_sma20_87.52
ESTC|2026-09-29|TIGHTENING||20|2026-08-28|108|102.415|82.1548|0.9266791544019266|0.2393074074074074|0.6776980084656687|0.48944724970651815|0.3681607220286186|0.640768279561259|f||||||rs_top200|range_0.68 vol_0.49
ESTC|2026-09-30|TIGHTENING||21|2026-08-28|108|102.415|82.1548|0.9266791544019266|0.2393074074074074|0.5102550065028909|0.4988288884729627|0.8021248122577762|0.37527982287774636|f||||||rs_top200+rs_1m_80+flag_stage_carryforward|range_0.51 vol_0.50
ESTC|2026-10-01|TIGHTENING||22|2026-08-28|108|102.415|82.1548|0.9266791544019266|0.2393074074074074|0.7184730425499805|0.519999426108812|0.35080685576826726|0.7858073569209179|f||||||rs_top200+rs_1m_80+flag_stage_carryforward|range_0.72 vol_0.52
ETON|2026-08-21|WATCH||3|2026-08-17|62.87|63.83|59.59|0.9720828105395232||1|1|0.8854566221722158|0.257760957397843|f||||||rs_top200+rs_1m_80+momentum_25pct+magna53_failed_r3|runup_97% base_3d close_vs_pivot_+1.0%
ETON|2026-08-24|WATCH||4|2026-08-17|62.87|64|59.59|0.9720828105395232||1|1|0.12162120077169003|0.8513484054018171|f||||||rs_top200+rs_1m_80+momentum_25pct|runup_97% base_4d close_vs_pivot_+2.5%
ETON|2026-08-28|INVALIDATED||3|2026-08-24|66.37|65.5|61.03|0.9044476327116213||||||f||||||rs_top200+rs_1m_80|close_59.78_below_base_low_close_62.62
ETON|2026-08-31|WATCH||4|2026-08-24|66.37|65.5|58.3265|0.9044476327116213||1|1|0.3164475213763527|0.4972746764485537|f||||||rs_top200+rs_1m_80|runup_90% base_4d close_vs_pivot_-8.9%
ETON|2026-09-01|WATCH||5|2026-08-24|66.37|65.5|58.24|0.9044476327116213||1|1|0.004533106246297323|0.3173174372407627|f||||||rs_top200+rs_1m_80|runup_90% base_5d close_vs_pivot_-8.9%
ETON|2026-09-02|WATCH||6|2026-08-24|66.37|65.5|58.24|0.9044476327116213||0.9554409041864194|0.9813306516349877|0.18127235932209948|0.004475860724003144|f||||||rs_top200+rs_1m_80|runup_90% base_6d close_vs_pivot_-6.6%
ETON|2026-09-03|WATCH||7|2026-08-24|66.37|65.5|58.24|0.9044476327116213||0.9554409041864194|1.039212908188664|0.6234637692751703|0.24514837529751884|f||||||rs_top200+rs_1m_80|runup_90% base_7d close_vs_pivot_-9.7%
FBRX|2026-07-31|WATCH||3|2026-07-27|76.6|77.2|76.5|3.9387491940683423||1|1|0.0036431768502152495|0.07468512542937637|f||||||rs_top200+rs_1m_80+momentum_25pct|runup_394% base_3d close_vs_pivot_+0.0%
FBRX|2026-08-06|TIGHTENING||7|2026-07-27|76.6|77.2|76.5|3.9387491940683423||1.06736328805288|0.4584624719024147|0.019891308208716228|0.0024864135260908534|f||||||rs_top200+momentum_25pct|range_1.07 vol_0.46
FBRX|2026-08-07|TIGHTENING||8|2026-07-27|76.6|77.2|76.5|3.9387491940683423||1|0.4112092045186658|0.008140165904330122|0.021707109078222656|f||||||rs_top200+flag_stage_carryforward|range_1.00 vol_0.41
FCEL|2026-07-17|INVALIDATED||11|2026-06-30|37.88|37.4|16.88|2.2320819112627985||||||f||||||ninem_universe_watch|close_18.50_below_sma20_24.00
FCEL|2026-07-20|INVALIDATED||12|2026-06-30|37.88|37.4|16.51|2.2320819112627985||||||f||||||ninem_universe_watch|close_19.84_below_sma20_23.79
FCEL|2026-07-21|INVALIDATED||13|2026-06-30|37.88|37.4|16.51|2.2320819112627985||||||f||||||momentum_25pct+ninem_universe_watch|close_21.64_below_sma20_23.65
FCEL|2026-07-22|INVALIDATED||14|2026-06-30|37.88|37.4|16.51|2.2320819112627985||||||f||||||momentum_25pct+ninem_universe_watch|close_22.47_below_sma20_23.68
FCEL|2026-07-23|INVALIDATED||15|2026-06-30|37.88|37.4|16.51|2.2320819112627985||||||f||||||momentum_25pct+ninem_universe_watch|close_23.30_below_sma20_23.77
FCEL|2026-07-24|INVALIDATED||16|2026-06-30|37.88|37.4|16.51|2.2320819112627985||||||f||||||ninem_universe_watch|close_21.26_below_sma20_23.85
FCEL|2026-07-27|INVALIDATED||17|2026-06-30|37.88|37.4|16.51|2.2320819112627985||||||f||||||ninem_universe_watch|close_21.49_below_sma20_23.73
FCEL|2026-07-28|INVALIDATED||18|2026-06-30|37.88|37.4|16.51|2.2320819112627985||||||f||||||ninem_universe_watch|close_19.66_below_sma20_23.22
FCEL|2026-08-06|INVALIDATED||24|2026-07-01|37.4|32|16.51|2.191126279863481||||||f||||||rs_1m_80|close_20.32_below_sma20_20.79
FIVN|2026-09-01|TIGHTENING||15|2026-08-10|34.58|35.17|30.66|0.9052341597796143||0.8307733722969611|0.6747083427401955|0.13224616679333046|0.5698607550912635|f||||||rs_top200|range_0.83 vol_0.67
FIVN|2026-09-02|TIGHTENING||16|2026-08-10|34.58|35.17|30.66|0.9052341597796143||0.8304610238510776|0.668797137285863|0.28571561092583797|0.14285780546291899|f||||||rs_top200+rs_1m_80+flag_stage_carryforward|range_0.83 vol_0.67
FIVN|2026-09-03|TIGHTENING||17|2026-08-10|34.58|35.17|30.66|0.9052341597796143||0.762895339394517|0.6530015349327448|0.24623985092506176|0.2928257686676415|f||||||rs_top200+flag_stage_carryforward|range_0.76 vol_0.65
FIVN|2026-09-04|TIGHTENING||18|2026-08-10|34.58|35.18|30.66|0.9052341597796143||0.762895339394517|0.6322163101855501|0.14421336896906567|0.2403556149484474|f||||||flag_stage_carryforward|range_0.76 vol_0.63
FIVN|2026-09-07|TIGHTENING||18|2026-08-10|34.58|35.18|30.66|0.9052341597796143|0.11336032388663964|0.762895339394517|0.6322163101855501|0.14421336896906567|0.2403556149484474|f||||||flag_stage_carryforward|range_0.76 vol_0.63
FIVN|2026-09-08|INVALIDATED||19|2026-08-10|34.58|35.18|30.66|0.9052341597796143|0.11336032388663964|||||f||||||flag_stage_carryforward|close_31.23_below_sma20_32.96
FIVN|2026-09-09|INVALIDATED||20|2026-08-10|34.58|35.18|30.66|0.9052341597796143|0.11336032388663964|||||f||||||flag_stage_carryforward|close_30.37_below_base_low_close_31.20
FIVN|2026-09-10|INVALIDATED||21|2026-08-10|34.58|35.18|30.31|0.9052341597796143|0.12348178137651822|||||f||||||flag_stage_carryforward|close_30.25_below_base_low_close_30.37
FIVN|2026-09-11|INVALIDATED||22|2026-08-10|34.58|35.18|30.1|0.9052341597796143|0.12955465587044523|||||f||||||flag_stage_carryforward|close_30.66_below_sma20_32.64
FSLY|2026-08-18|INVALIDATED||3|2026-08-12|30.69|30.48|27.8727|0.9498094027954258||||||f||||||rs_top200+rs_1m_80+ninem_universe_watch|close_26.59_below_base_low_close_29.04
FSLY|2026-08-19|INVALIDATED||4|2026-08-12|30.69|30.48|26.27|0.9498094027954258||||||f||||||ninem_universe_watch|close_23.66_below_base_low_close_26.59
FSLY|2026-08-20|INVALIDATED||5|2026-08-12|30.69|30.48|23.5207|0.9498094027954258||||||f||||||ninem_universe_watch|close_22.71_below_base_low_close_23.66
FSLY|2026-08-24|INVALIDATED||7|2026-08-12|30.69|30.48|22.3|0.9498094027954258||||||f||||||ninem_universe_watch|close_22.94_below_sma20_25.01
FSLY|2026-08-27|INVALIDATED||10|2026-08-12|30.69|30.48|22.3|0.9498094027954258||||||f||||||rs_1m_80|close_24.64_below_sma20_25.41
FWDI|2026-09-28|INVALIDATED||3|2026-09-22|8.76|8.62|7.91|1.3236074270557028|0.09703196347031962|||||f||||||rs_top200+rs_1m_80+momentum_25pct|close_8.05_below_base_low_close_8.06
FWDI|2026-09-29|INVALIDATED||4|2026-09-22|8.76|8.62|7.91|1.3236074270557028|0.09703196347031962|||||f||||||rs_top200+rs_1m_80+momentum_25pct|close_8.01_below_base_low_close_8.05
FWDI|2026-09-30|INVALIDATED||5|2026-09-22|8.76|8.62|7.8201|1.3236074270557028|0.1072945205479452|||||f||||||rs_top200+rs_1m_80+momentum_25pct|close_7.80_below_base_low_close_8.01
FWDI|2026-10-01|WATCH||6|2026-09-22|8.76|8.62|7.765|1.3236074270557028|0.11358447488584478|1|0.9430342458003023|0.07739167928888076|0.8822651438932428|f||||||rs_top200+rs_1m_80|runup_132% base_6d close_vs_pivot_-10.6%
FWDI|2026-10-02|WATCH||7|2026-09-22|8.76|8.62|7.65|1.3236074270557028|0.12671232876712324|1|0.9609836197471452|0.5173969282274805|0.07608778356286454|f||||||rs_top200+rs_1m_80|runup_132% base_7d close_vs_pivot_-6.8%
FWDI|2026-10-05|WATCH||8|2026-09-22|8.76|8.64|7.65|1.3236074270557028|0.12671232876712324|1.2996276160176117|1.0334531147291481|0.3360038400438876|0.5440062172139108|f||||||rs_top200+rs_1m_80|runup_132% base_8d close_vs_pivot_-7.4%
FWDI|2026-10-06|WATCH||9|2026-09-22|8.76|8.64|7.65|1.3236074270557028|0.12671232876712324|1.2996276160176117|1.0809179378205547|0.0321473266053593|0.33754692935625125|f||||||rs_top200+rs_1m_80|runup_132% base_9d close_vs_pivot_-7.1%
FWDI|2026-10-07|INVALIDATED||10|2026-09-22|8.76|8.64|7.65|1.3236074270557028|0.12671232876712324|||||f||||||rs_top200+rs_1m_80|close_7.39_below_base_low_close_7.80
FWDI|2026-10-08|INVALIDATED||11|2026-09-22|8.76|8.64|7.17|1.3236074270557028|0.18150684931506844|||||f||||||rs_top200+rs_1m_80|close_7.18_below_base_low_close_7.39
GH|2026-07-17|TIGHTENING||10|2026-07-01|172.605|174.08|152.642|0.9710517300445358||0.7273957171083214|0.6183616762219772|0.3659585308047026|0.9661771402455309|f||||||rs_top200+flag_stage_carryforward|range_0.73 vol_0.62
GH|2026-07-20|INVALIDATED||11|2026-07-01|172.605|174.08|149.78|0.9710517300445358||||||f||||||flag_stage_carryforward|close_148.07_below_base_low_close_155.00
GH|2026-07-21|INVALIDATED||12|2026-07-01|172.605|174.08|147.69|0.9710517300445358||||||f||||||flag_stage_carryforward|close_152.29_below_sma20_155.36
GH|2026-07-22|INVALIDATED||13|2026-07-01|172.605|174.08|144.85|0.9710517300445358||||||f||||||flag_stage_carryforward|close_150.75_below_sma20_156.36
GMM|2026-07-17|INVALIDATED||4|2026-07-10|5.7899|3.75|2.6801|2.2166111111111113||||||f||||||ninem_universe_watch|close_2.56_below_base_low_close_3.07
GRML|2026-10-02|INVALIDATED||7|2026-09-22|18.2099|17.99|8.89|5.4574113475177315|0.5118040186931285|||||f||||||rs_1m_80|close_7.88_below_base_low_close_9.11
GRML|2026-10-05|INVALIDATED||8|2026-09-22|18.2099|17.99|7.7|5.4574113475177315|0.5771530870570405|||||f||||||rs_1m_80|close_7.34_below_base_low_close_7.88
GRML|2026-10-06|INVALIDATED||9|2026-09-22|18.2099|17.99|7|5.4574113475177315|0.6155937155064004|||||f||||||rs_1m_80|close_6.38_below_base_low_close_7.34
GRML|2026-10-07|INVALIDATED||10|2026-09-22|18.2099|17.99|6.0501|5.4574113475177315|0.6677576483121819|||||f||||||rs_1m_80|close_5.83_below_base_low_close_6.38
GRML|2026-10-08|INVALIDATED||11|2026-09-22|18.2099|17.99|5.7|5.4574113475177315|0.6869834540552118|||||f||||||rs_1m_80|close_5.88_below_sma20_7.90
GRML|2026-10-09|INVALIDATED||12|2026-09-22|18.2099|17.99|5.57|5.4574113475177315|0.6941224279100928|||||f||||||rs_1m_80|close_5.17_below_base_low_close_5.83
GSHD|2026-08-10|WATCH||7|2026-07-29|70.88|68.9|61.55|1.093325457767277||0.8860931713791527|0.7588185700084952|0.15163674138550606|0.25043037592455|f||||||rs_top200|runup_109% base_7d close_vs_pivot_-8.9%
GSHD|2026-08-11|WATCH||8|2026-07-29|70.88|68.9|61.55|1.093325457767277||0.766856861311548|0.7027973207130848|0.19211342958844366|0.15276489581731617|f||||||rs_top200+rs_1m_80|runup_109% base_8d close_vs_pivot_-7.9%
GSHD|2026-08-12|TIGHTENING||9|2026-07-29|70.88|68.9|61.55|1.093325457767277||0.7655652634743959|0.5618354175264934|0.38958879950271214|0.2099731841475663|f||||||rs_top200+rs_1m_80|range_0.77 vol_0.56
GSHD|2026-08-13|COILED||10|2026-07-29|70.88|68.9|61.55|1.093325457767277||0.7126676111621701|0.4704451399784488|0.2928360673337875|0.3990863218531208|f||||||rs_top200+rs_1m_80+flag_stage_carryforward|range_0.71 vol_0.47 bodies_0.29/0.40
GSHD|2026-08-14|COILED|TIGHTENING|11|2026-07-29|70.88|68.9|61.55|1.093325457767277||0.7655652634743959|0.5159056564686536|0.23886479792344834|0.30327777713876264|f||||||rs_top200+flag_stage_carryforward|range_0.77 vol_0.52
HELP|2026-08-04|TIGHTENING||9|2026-07-21|8.45|8.225|7.34|1.247340425531915||0.747261009667025|0.8828118202038471|1.6566215095382892|0.24771910423002513|f||||||rs_top200+rs_1m_80|range_0.75 vol_0.88
HELP|2026-08-12|WATCH||3|2026-08-06|11.475|11.62|9.835|1.9775033083370093||1|1|0.9011551009611151|0.012344590424124594|f||||||rs_top200+rs_1m_80+momentum_25pct|runup_198% base_3d close_vs_pivot_+0.1%
HELP|2026-08-13|WATCH||4|2026-08-06|11.475|11.62|9.835|1.9775033083370093||1|1|0.20912046393111322|0.8979878745277224|f||||||rs_top200+rs_1m_80+momentum_25pct|runup_198% base_4d close_vs_pivot_-0.2%
HELP|2026-08-19|WATCH||3|2026-08-13|11.95|12.05|11.11|1.8183297563736702||1|1|0.11709601873536464|0.1288056206088986|f||||||rs_top200+rs_1m_80|runup_182% base_3d close_vs_pivot_-1.4%
HELP|2026-08-20|WATCH||4|2026-08-13|11.95|12.05|11.11|1.8183297563736702||1|1|0.4357194158486958|0.11172292714069265|f||||||rs_top200+rs_1m_80|runup_182% base_4d close_vs_pivot_+4.4%
HELP|2026-08-31|INVALIDATED||3|2026-08-25|14.35|14.28|12.13|1.4870017331022534||||||f||||||rs_top200+rs_1m_80|close_11.76_below_base_low_close_12.18
HELP|2026-09-01|INVALIDATED||4|2026-08-25|14.35|14.28|11.255|1.4870017331022534||||||f||||||rs_top200+rs_1m_80|close_11.60_below_base_low_close_11.76
HELP|2026-09-02|INVALIDATED||5|2026-08-25|14.35|14.28|11.255|1.4870017331022534||||||f||||||rs_top200|close_11.95_below_sma20_11.96
HELP|2026-09-03|INVALIDATED||6|2026-08-25|14.35|14.28|11.255|1.4870017331022534||||||f||||||rs_top200|close_11.77_below_sma20_11.99
HELP|2026-09-04|WATCH||7|2026-08-25|14.35|14.28|11.255|1.4870017331022534||1|1.081502331989215|0.5068029913737542|0.2595820199719238|f||||||rs_top200|runup_149% base_7d close_vs_pivot_-14.8%
HELP|2026-09-08|WATCH||8|2026-08-25|14.35|14.28|11.255|1.4870017331022534|0.21567944250871074|1|1.015553544174212|0.2304846242494102|0.49736155759082934|f||||||rs_top200+rs_1m_80|runup_149% base_8d close_vs_pivot_-13.7%
HELP|2026-09-09|WATCH||9|2026-08-25|14.35|14.28|11.255|1.4870017331022534|0.21567944250871074|1|1.0395987999455782|1.4971625724968576|0.207635685236792|f||||||rs_top200+rs_1m_80|runup_149% base_9d close_vs_pivot_-4.7%
HELP|2026-09-16|WATCH||14|2026-08-25|14.35|14.28|11.255|1.4870017331022534|0.21567944250871074|1.2238769630321|1.1441197287013427|0.19358407079646006|0.5722117386777733|f||||||rs_top200|runup_149% base_14d close_vs_pivot_-6.1%
HELP|2026-09-17|WATCH||15|2026-08-25|14.35|14.28|11.255|1.4870017331022534|0.21567944250871074|1.2156695927916807|1.021286650205324|0.38289573820395606|0.1886732623033992|f||||||rs_top200+rs_1m_80|runup_149% base_15d close_vs_pivot_-2.3%
HELP|2026-09-18|INVALIDATED||16|2026-08-25|14.35|14.28|11.255|1.4870017331022534|0.21567944250871074|||||f||||||rs_top200+rs_1m_80|close_12.37_below_sma20_12.82
HELP|2026-09-21|WATCH||17|2026-08-25|14.35|15.15|11.255|1.4870017331022534|0.21567944250871074|1.2156695927916807|1.9213029118168172|0.9282174155643806|2.5548954606623564|f||||||rs_top200+rs_1m_80|runup_149% base_17d close_vs_pivot_-4.8%
HELP|2026-09-22|WATCH||18|2026-08-25|14.35|15.15|11.255|1.4870017331022534|0.21567944250871074|1.3064043847135696|2.1095527624431827|0.2725785934944565|0.9176812647646733|f||||||rs_top200+rs_1m_80|runup_149% base_18d close_vs_pivot_-4.5%
HELP|2026-09-23|WATCH||19|2026-08-25|14.35|15.15|11.255|1.4870017331022534|0.21567944250871074|1.3064043847135696|2.2949195359093597|0.517744876748664|0.26779907418034243|f||||||rs_top200+rs_1m_80|runup_149% base_19d close_vs_pivot_-9.3%
HELP|2026-09-24|INVALIDATED||20|2026-08-25|14.35|15.15|11.255|1.4870017331022534|0.21567944250871074|||||f||||||rs_top200+rs_1m_80|close_12.59_below_sma20_12.81
HELP|2026-09-25|INVALIDATED||21|2026-08-25|14.35|15.15|11.255|1.4870017331022534|0.21567944250871074|||||f||||||rs_top200+rs_1m_80|close_12.61_below_sma20_12.78
HELP|2026-09-28|INVALIDATED||22|2026-08-25|14.35|15.15|11.255|1.4870017331022534|0.21567944250871074|||||f||||||rs_top200+rs_1m_80|close_12.59_below_sma20_12.80
HELP|2026-09-29|INVALIDATED||23|2026-08-25|14.35|15.15|11.255|1.4870017331022534|0.21567944250871074|||||f||||||rs_top200+rs_1m_80|close_12.70_below_sma20_12.84
HTFL|2026-08-27|INVALIDATED||3|2026-08-21|50.48|51.19|48.49|1.1147884373690822||||||f||||||rs_top200+rs_1m_80+ninem_universe_watch|close_48.10_below_base_low_close_48.94
HTFL|2026-08-28|INVALIDATED||4|2026-08-21|50.48|51.19|48.03|1.1147884373690822||||||f||||||rs_top200+rs_1m_80+ninem_universe_watch|close_47.78_below_base_low_close_48.10
HTFL|2026-08-31|WATCH||5|2026-08-21|50.48|51.19|47.47|1.1147884373690822||1|1|0.8517879914506893|0.22630529662158494|f||||||rs_top200+rs_1m_80|runup_111% base_5d close_vs_pivot_-0.2%
HTFL|2026-09-04|INVALIDATED||3|2026-08-31|50.99|51.778|48.1|1.136154168412233||||||f||||||rs_top200+rs_1m_80|close_48.91_below_base_low_close_49.71
HTFL|2026-09-08|INVALIDATED||4|2026-08-31|50.99|51.778|48.1|1.136154168412233|0.0566777799568543|||||f||||||rs_top200+rs_1m_80|close_47.75_below_base_low_close_48.91
HTFL|2026-09-09|INVALIDATED||5|2026-08-31|50.99|51.778|47.14|1.136154168412233|0.07550500098058444|||||f||||||rs_top200+rs_1m_80|close_46.67_below_base_low_close_47.75
HTFL|2026-09-11|WATCH||7|2026-08-31|50.99|51.778|45.41|1.136154168412233|0.10943322220043161|1.2422990311438369|0.9711032737524032|1.5663022446968906|0.20773239319587392|f||||||rs_top200|runup_114% base_7d close_vs_pivot_-2.2%
HTFL|2026-09-16|INVALIDATED||10|2026-08-31|50.99|51.778|45.41|1.136154168412233|0.10943322220043161|||||f||||||rs_top200|close_48.30_below_sma20_48.62
HTFL|2026-09-24|INVALIDATED||16|2026-08-31|50.99|52.2212|45.41|1.136154168412233|0.10943322220043161|||||f||||||rs_top200|close_48.66_below_sma20_48.91
HTFL|2026-09-25|WATCH||17|2026-08-31|50.99|52.2212|45.41|1.136154168412233|0.10943322220043161|1.1085269927168955|1.3904702097835029|0.09386497411729286|0.13297537999949566|f||||||rs_top200|runup_114% base_17d close_vs_pivot_-3.6%
HTFL|2026-09-28|WATCH||18|2026-08-31|50.99|52.2212|45.41|1.136154168412233|0.10943322220043161|0.8052257047650475|0.740872684780747|0.5179774598870974|0.09712077372883149|f||||||rs_top200+rs_1m_80|runup_114% base_18d close_vs_pivot_-2.1%
HTFL|2026-09-29|TIGHTENING||19|2026-08-31|50.99|52.2212|45.41|1.136154168412233|0.10943322220043161|0.7806357292622196|0.6767857386635378|0.06965989580284562|0.5244980389861269|f||||||rs_top200+rs_1m_80|range_0.78 vol_0.68
HTFL|2026-09-30|TIGHTENING||20|2026-08-31|50.99|52.2212|45.41|1.136154168412233|0.10943322220043161|0.8052257047650475|0.6300091121436091|0.10933886035264703|0.07149079330750124|f||||||rs_top200+rs_1m_80+flag_stage_carryforward|range_0.81 vol_0.63
HTFL|2026-10-01|INVALIDATED||21|2026-08-31|50.99|52.2212|45.41|1.136154168412233|0.10943322220043161|||||f||||||rs_top200+rs_1m_80+flag_stage_carryforward|close_48.91_below_sma20_48.95
HTFL|2026-10-02|TIGHTENING||22|2026-08-31|50.99|52.2212|45.41|1.136154168412233|0.10943322220043161|0.7806357292622196|0.5814606480554699|0.14358514150187504|0.40383321047402576|f||||||flag_stage_carryforward|range_0.78 vol_0.58
HTFL|2026-10-05|TIGHTENING||23|2026-08-31|50.99|52.2212|45.41|1.136154168412233|0.10943322220043161|0.9752641659732405|0.660938547350165|1.248968867434543|0.13687330054077188|f||||||rs_top200+rs_1m_80+flag_stage_carryforward|range_0.98 vol_0.66
HTFL|2026-10-06|TIGHTENING|WATCH|11|2026-09-18|52.2212|53.07|46.78|1.172262895174709|0.1041952310555867|1.2365186634557446|1.1147865748383978|1.2982028547015738|1.1452423975010861|f||||||rs_top200+flag_stage_carryforward|runup_117% base_11d close_vs_pivot_-2.9%
HTFL|2026-10-07|INVALIDATED||12|2026-09-18|52.2212|54.3195|46.78|1.172262895174709|0.1041952310555867|||||f||||||rs_top200+flag_stage_carryforward|close_49.36_below_sma20_49.38
HTFL|2026-10-08|INVALIDATED||13|2026-09-18|52.2212|54.3195|46.78|1.172262895174709|0.1041952310555867|||||f||||||flag_stage_carryforward|close_47.63_below_sma20_49.49
HTFL|2026-10-09|WATCH||14|2026-09-18|52.2212|54.3195|46.5|1.172262895174709|0.10955703813776785|1.754529936375498|1.5454345847458915|0.7933231334644752|0.34377335783460444|f||||||flag_stage_carryforward|runup_117% base_14d close_vs_pivot_-4.8%
IMMX|2026-08-31|WATCH||3|2026-08-25|15.1|14.61|13.76|0.9284802043422733||1|1|0.3969413179826446|0.14434229744823554|f||||||rs_top200+rs_1m_80|runup_93% base_3d close_vs_pivot_-7.1%
IMMX|2026-09-01|WATCH||4|2026-08-25|15.1|14.61|13.52|0.9284802043422733||1|1|0.1827835320741583|0.40212377056314735|f||||||rs_top200+rs_1m_80|runup_93% base_4d close_vs_pivot_-7.2%
IMMX|2026-09-02|WATCH||5|2026-08-25|15.1|14.61|13.52|0.9284802043422733||1|1|0.048384727706303664|0.18144272889864305|f||||||rs_top200+rs_1m_80|runup_93% base_5d close_vs_pivot_-7.5%
IMMX|2026-09-03|INVALIDATED||6|2026-08-25|15.1|14.61|13.4201|0.9284802043422733||||||f||||||rs_top200+rs_1m_80|close_13.83_below_base_low_close_13.94
IMMX|2026-09-04|WATCH||7|2026-08-25|15.1|14.61|13.4201|0.9284802043422733||0.9829717569493944|0.9502351490682641|0.2883005488454552|0.38857900061778733|f||||||rs_top200+rs_1m_80|runup_93% base_7d close_vs_pivot_-7.9%
IMMX|2026-09-08|INVALIDATED||8|2026-08-25|15.1|14.61|13.4201|0.9284802043422733|0.11125165562913908|||||f||||||rs_top200+rs_1m_80|close_13.25_below_base_low_close_13.83
INTA|2026-08-19|WATCH||3|2026-08-13|41.12|41.38|38.41|0.9816867469879518||1|1|0.0700436605484112|0.2988529516732101|f||||||rs_top200+rs_1m_80|runup_98% base_3d close_vs_pivot_-2.5%
INTA|2026-08-20|WATCH||4|2026-08-13|41.12|41.38|38.41|0.9816867469879518||1|1|0.1528681546288684|0.07165694748228471|f||||||rs_top200+rs_1m_80|runup_98% base_4d close_vs_pivot_-2.3%
INTA|2026-08-21|WATCH||5|2026-08-13|41.12|41.38|38.41|0.9816867469879518||1|1|0.6513580297970463|0.1543959774333739|f||||||rs_top200+rs_1m_80|runup_98% base_5d close_vs_pivot_+0.6%
INTA|2026-08-24|WATCH||6|2026-08-13|41.12|41.42|38.41|0.9816867469879518||1|1.1424140012739268|0.014721655555322446|0.6624744999894857|f||||||rs_top200+rs_1m_80|runup_98% base_6d close_vs_pivot_-0.5%
IOVA|2026-08-26|WATCH||3|2026-08-20|9.36|9.3|7.79|1.4893617021276597||1|1|0.3928297773604857|0.4230474525420609|f||||||rs_top200+rs_1m_80+ninem_universe_watch|runup_149% base_3d close_vs_pivot_-13.7%
IOVA|2026-08-27|WATCH||4|2026-08-20|9.36|9.3|7.79|1.4893617021276597||1|1|0.2932039512722952|0.4235168185044267|f||||||rs_top200+rs_1m_80+ninem_universe_watch|runup_149% base_4d close_vs_pivot_-11.8%
IOVA|2026-08-28|INVALIDATED||5|2026-08-20|9.36|9.3|7.79|1.4893617021276597||||||f||||||rs_top200+rs_1m_80+ninem_universe_watch|close_8.01_below_base_low_close_8.06
IOVA|2026-08-31|WATCH||6|2026-08-20|9.36|9.3|7.79|1.4893617021276597||0.8115765000447107|0.7248805707479556|0.36249812996996383|0.3061095319746358|f||||||rs_top200+rs_1m_80+ninem_universe_watch|runup_149% base_6d close_vs_pivot_-12.7%
IOVA|2026-09-01|TIGHTENING||7|2026-08-20|9.36|9.3|7.66|1.4893617021276597||0.8115765000447107|0.6754180383126711|0.42033788699377544|0.36375394066769|f||||||rs_top200+rs_1m_80+ninem_universe_watch|range_0.81 vol_0.68
IOVA|2026-09-02|COILED||8|2026-08-20|9.36|9.3|7.66|1.4893617021276597||0.7232468847902369|0.6044462957618785|0.4997869571726317|0.41917615762866023|f||||||rs_top200+rs_1m_80+ninem_universe_watch+flag_stage_carryforward|range_0.72 vol_0.60 bodies_0.50/0.42
IOVA|2026-09-03|COILED|TIGHTENING|9|2026-08-20|9.36|9.3|7.66|1.4893617021276597||0.7232468847902369|0.6362106733285121|0.08450636212183223|0.5239394451553687|f||||||rs_top200+rs_1m_80+ninem_universe_watch+flag_stage_carryforward|range_0.72 vol_0.64
IOVA|2026-09-04|COILED|TIGHTENING|10|2026-08-20|9.36|9.3|7.66|1.4893617021276597||0.7232468847902369|0.7117785374218487|0.08748250349929827|0.08748250349929827|f||||||rs_top200+rs_1m_80+flag_stage_carryforward|range_0.72 vol_0.71
IOVA|2026-09-07|COILED|TIGHTENING|10|2026-08-20|9.36|9.3|7.66|1.4893617021276597|0.18162393162393153|0.7232468847902369|0.7117785374218487|0.08748250349929827|0.08748250349929827|f||||||flag_stage_carryforward|range_0.72 vol_0.71
IOVA|2026-09-08|COILED|TIGHTENING|11|2026-08-20|9.36|9.3|7.66|1.4893617021276597|0.18162393162393153|0.5891896818886131|0.7168445407133177|0.017385689094205226|0.08692844547102614|f||||||rs_top200+rs_1m_80+flag_stage_carryforward|range_0.59 vol_0.72
IOVA|2026-09-09|COILED||12|2026-08-20|9.36|9.3|7.66|1.4893617021276597|0.18162393162393153|0.5891896818886131|0.6812637028500003|0.4235237173281697|0.01882327632569606|f||||||rs_top200+rs_1m_80+flag_stage_carryforward|range_0.59 vol_0.68 bodies_0.42/0.02
IOVA|2026-09-10|COILED|TIGHTENING|13|2026-08-20|9.36|9.3|7.66|1.4893617021276597|0.18162393162393153|0.7251236702709789|0.7517598697825849|0.39205924450805824|0.49007405563507284|f||||||flag_stage_carryforward|range_0.73 vol_0.75
IOVA|2026-09-11|COILED|TIGHTENING|14|2026-08-20|9.36|9.3|7.66|1.4893617021276597|0.18162393162393153|0.7304251077835977|0.7260280642014844|0.831551437396055|0.42765502494654234|f||||||rs_top200+rs_1m_80+flag_stage_carryforward|range_0.73 vol_0.73
IOVA|2026-09-14|TRIGGERED||15|2026-08-20|9.36|9.3|7.66|1.4893617021276597|0.18162393162393153|0.7414669083909653|0.7181177256436043|1.5825339921842174|0.7912669960921087|f|9.26|2.0130660281888155||||rs_top200+rs_1m_80+flag_stage_carryforward|close_9.26>base_high_close_8.79 vol_2.01x
IOVA|2026-09-15|TRIGGERED|WATCH|16|2026-08-20|9.36|9.41|7.66|1.4893617021276597|0.18162393162393153|0.7535024940359988|0.8965585552634643|0.34183582113847266|1.5952338319795527|f||||9.36|f|rs_top200+rs_1m_80+flag_stage_carryforward|runup_149% base_16d close_vs_pivot_+0.0%
IOVA|2026-09-16|TRIGGERED|TIGHTENING|17|2026-08-20|9.36|9.41|7.66|1.4893617021276597|0.18162393162393153|0.7414669083909653|0.9175254862196468|0.951718110159752|0.33989932505705117|f||||9.36|f|rs_top200+rs_1m_80+flag_stage_carryforward|range_0.74 vol_0.92
IOVA|2026-09-23|WATCH||3|2026-09-17|10.98|10.8|9.83|1.772727272727273|0.1047358834244081|1|1|0.8923222048006925|0.8298596504646437|f||||||rs_top200+rs_1m_80+momentum_25pct|runup_177% base_3d close_vs_pivot_-7.2%
IOVA|2026-09-24|WATCH||4|2026-09-17|10.98|10.845|9.83|1.772727272727273|0.1047358834244081|1|1|0.6759203379601688|0.8449004224502104|f||||||rs_top200+rs_1m_80+momentum_25pct|runup_177% base_4d close_vs_pivot_-1.6%
IOVA|2026-09-25|WATCH||5|2026-09-17|10.98|10.845|9.83|1.772727272727273|0.1047358834244081|1|1|0.16548463356973916|0.6619385342789597|f||||||rs_top200+rs_1m_80|runup_177% base_5d close_vs_pivot_+0.2%
IOVA|2026-09-28|WATCH||6|2026-09-17|10.98|11.13|9.83|1.772727272727273|0.1047358834244081|1|0.8730523468622365|0.18085731062830188|0.16441573693482014|f||||||rs_top200+rs_1m_80|runup_177% base_6d close_vs_pivot_+0.1%
IOVA|2026-10-05|INVALIDATED||3|2026-09-29|15.3|15.11|13.95|2.5664335664335667|0.08823529411764719|||||f||||||rs_top200+rs_1m_80+momentum_25pct|close_14.15_below_base_low_close_14.21
IOVA|2026-10-06|INVALIDATED||4|2026-09-29|15.3|15.11|13.71|2.5664335664335667|0.10392156862745094|||||f||||||rs_top200+rs_1m_80+momentum_25pct|close_12.96_below_base_low_close_14.15
IOVA|2026-10-07|INVALIDATED||5|2026-09-29|15.3|15.11|12.92|2.5664335664335667|0.15555555555555556|||||f||||||rs_top200+rs_1m_80|close_12.91_below_base_low_close_12.96
IOVA|2026-10-08|WATCH||6|2026-09-29|15.3|15.11|12.31|2.5664335664335667|0.19542483660130716|1|0.8313405118001984|0.6525091112980103|0.3924866834875231|f||||||rs_top200+rs_1m_80|runup_257% base_6d close_vs_pivot_-13.0%
IOVA|2026-10-09|WATCH||7|2026-09-29|15.3|15.11|12.31|2.5664335664335667|0.19542483660130716|0.9863913634574798|0.8184525152935967|1.1523386464593672|0.608178730075778|f||||||rs_top200+rs_1m_80+momentum_25pct|runup_257% base_7d close_vs_pivot_-4.4%
IRD|2026-09-22|INVALIDATED||8|2026-09-09|7.07|6.576|5.11|1.5070921985815606|0.27722772277227725|||||f||||||rs_top200+rs_1m_80|close_5.16_below_base_low_close_5.18
JLHL|2026-07-17|INVALIDATED||17|2026-06-22|41.8659|29.5|3.06|3.4069368421052637||||||f||||||ninem_universe_watch|close_9.35_below_sma20_12.91
JLHL|2026-07-20|INVALIDATED||18|2026-06-22|41.8659|29.5|3.06|3.4069368421052637||||||f||||||ninem_universe_watch|close_8.61_below_sma20_11.36
JLHL|2026-07-21|INVALIDATED||19|2026-06-22|41.8659|29.5|3.06|3.4069368421052637||||||f||||||ninem_universe_watch|close_7.76_below_sma20_10.42
JLHL|2026-07-22|INVALIDATED||20|2026-06-22|41.8659|29.5|3.06|3.4069368421052637||||||f||||||ninem_universe_watch|close_6.98_below_sma20_9.80
JLHL|2026-07-23|INVALIDATED||21|2026-06-22|41.8659|29.5|3.06|3.4069368421052637||||||f||||||ninem_universe_watch|close_6.21_below_sma20_9.44
JLHL|2026-07-24|INVALIDATED||22|2026-06-22|41.8659|29.5|3.06|3.4069368421052637||||||f||||||ninem_universe_watch|close_6.08_below_sma20_9.04
JLHL|2026-07-27|INVALIDATED||23|2026-06-22|41.8659|29.5|3.06|3.4069368421052637||||||f||||||ninem_universe_watch|close_6.24_below_sma20_8.65
JLHL|2026-07-28|INVALIDATED||24|2026-06-22|41.8659|29.5|3.06|3.4069368421052637||||||f||||||ninem_universe_watch|close_5.92_below_sma20_8.14
JLHL|2026-07-29|INVALIDATED||24|2026-06-23|29.5|22.1999|3.06|2.1052631578947367||||||f||||||ninem_universe_watch|close_5.75_below_sma20_7.61
KOD|2026-10-07|INVALIDATED||3|2026-10-01|104|98.95|87.58|2.4887504570598558|0.1578846153846154|||||f||||||rs_top200+rs_1m_80+momentum_25pct|close_91.08_below_base_low_close_92.34
KOD|2026-10-08|COILED||4|2026-10-01|104|98.95|87.58|2.4887504570598558|0.1578846153846154|1|1|0.41905982695294214|0.06507752606798597|t||||||rs_top200+rs_1m_80+momentum_25pct|fresh_2bar 5.7%/atr 10.8% bodies_0.42/0.07
KOD|2026-10-09|COILED|WATCH|5|2026-10-01|104|98.95|87.58|2.4887504570598558|0.1578846153846154|1|1|0.4658126767592753|0.4040211992299832|f||||||rs_top200+rs_1m_80+flag_stage_carryforward|runup_249% base_5d close_vs_pivot_-4.0%
LCID|2026-07-24|INVALIDATED||3|2026-07-20|7.72|7.787013|6.22|2.2573839662447255||||||f||||||momentum_25pct+ninem_universe_watch|close_6.30_below_base_low_close_6.45
LCID|2026-08-05|INVALIDATED||5|2026-07-28|8.5|8.23|7.2701|2.5864978902953584||||||f||||||rs_1m_80|close_6.70_below_base_low_close_7.38
LHSW|2026-07-17|INVALIDATED||8|2026-07-06|7.74|4.87|2.1|4.267456104532462||||||f||||||ninem_universe_watch|close_2.28_below_sma20_2.61
LIFE|2026-08-19|INVALIDATED||3|2026-08-13|35.3|35.69|32.6|1.3362011912640632||||||f||||||rs_top200+rs_1m_80|close_32.85_below_base_low_close_34.01
LIFE|2026-08-20|WATCH||4|2026-08-13|35.3|35.69|32.2325|1.3362011912640632||1|1|0.21813237141049618|0.5023654614302295|f||||||rs_top200+rs_1m_80|runup_134% base_4d close_vs_pivot_-5.0%
LIFE|2026-08-21|WATCH||5|2026-08-13|35.3|35.69|31.845|1.3362011912640632||1|1|0.08781749401682944|0.22292133096580075|f||||||rs_top200+rs_1m_80|runup_134% base_5d close_vs_pivot_-3.2%
LIFE|2026-08-24|WATCH||6|2026-08-13|35.3|35.69|31.845|1.3362011912640632||1|0.9435581631601503|1.2825889424757122|0.09086461172852382|f||||||rs_top200+rs_1m_80|runup_134% base_6d close_vs_pivot_+4.0%
LIFE|2026-09-01|INVALIDATED||3|2026-08-26|40.9699|40.93|35.77|1.3318099032441664||||||f||||||rs_top200+rs_1m_80|close_35.00_below_base_low_close_36.33
LIFE|2026-09-02|WATCH||4|2026-08-26|40.9699|40.93|34.83|1.3318099032441664||1|1|0.4505941575216194|0.023715481974822962|f||||||rs_top200+rs_1m_80|runup_133% base_4d close_vs_pivot_-10.2%
LIFE|2026-09-03|WATCH||5|2026-08-26|40.9699|40.93|34.83|1.3318099032441664||1|1|0.09029750504067748|0.4475615467233504|f||||||rs_top200+rs_1m_80|runup_133% base_5d close_vs_pivot_-8.0%
LIFE|2026-09-04|WATCH||6|2026-08-26|40.9699|40.93|34.83|1.3318099032441664||1|0.952149336687308|0.7951670367119338|0.08750642030801321|f||||||rs_top200+rs_1m_80|runup_133% base_6d close_vs_pivot_-2.7%
LIFE|2026-09-08|WATCH||7|2026-08-26|40.9699|40.93|34.83|1.3318099032441664|0.14986368040927622|1.037195121951219|0.9441101577082951|0.8627765370593081|0.7978774170150233|f||||||rs_top200+rs_1m_80|runup_133% base_7d close_vs_pivot_+2.6%
LIFE|2026-09-14|WATCH||3|2026-09-08|42.55|42.21|37.76|1.421741605008537|0.11257344300822558|1|1|0.1074632975880472|0.620899052730933|f||||||rs_top200+rs_1m_80|runup_142% base_3d close_vs_pivot_-7.5%
LIFE|2026-09-15|WATCH||4|2026-09-08|42.55|42.21|37.76|1.421741605008537|0.11257344300822558|1|1|0.9060914684189946|0.10410412615877924|f||||||rs_top200+rs_1m_80|runup_142% base_4d close_vs_pivot_-5.3%
LIFE|2026-09-16|INVALIDATED||5|2026-09-08|42.55|42.21|37|1.421741605008537|0.13043478260869557|||||f||||||rs_top200|close_38.55_below_base_low_close_38.85
LIFE|2026-09-21|INVALIDATED||8|2026-09-08|42.55|42.21|35.34|1.421741605008537|0.16944770857814317|||||f||||||rs_top200|close_36.49_below_sma20_38.30
LIFE|2026-09-22|INVALIDATED||9|2026-09-08|42.55|42.21|35.2|1.421741605008537|0.17273795534665093|||||f||||||rs_top200|close_36.19_below_sma20_38.28
LQDA|2026-07-20|INVALIDATED||7|2026-07-08|82.96|82.25|69.71|1.094949494949495||||||f||||||rs_top200|close_77.08_below_sma20_77.51
LQDA|2026-07-22|WATCH||9|2026-07-08|82.96|82.25|69.71|1.094949494949495||0.862044016997779|0.8923172120522218|1.3628525876361512|0.3968533813429124|f||||||rs_top200+rs_1m_80|runup_109% base_9d close_vs_pivot_+4.9%
MAN|2026-07-23|INVALIDATED||3|2026-07-17|55.7|54.09|51.07|1.1194824961948249||||||f||||||rs_top200+rs_1m_80+momentum_25pct|close_49.95_below_base_low_close_51.66
MAN|2026-07-24|WATCH||4|2026-07-17|55.7|54.09|49.45|1.1194824961948249||1|1|0.5583280667727238|0.6529082310894155|f||||||rs_top200+rs_1m_80+momentum_25pct|runup_112% base_4d close_vs_pivot_-7.8%
MAN|2026-07-27|WATCH||5|2026-07-17|55.7|54.09|48.88|1.1194824961948249||1|1|0.6331688738855719|0.5544014541677481|f||||||rs_top200+rs_1m_80+momentum_25pct|runup_112% base_5d close_vs_pivot_-3.6%
MAN|2026-07-28|WATCH||6|2026-07-17|55.7|54.09|48.88|1.1194824961948249||0.81158728958645|0.9816272098136967|0.14880319714297863|0.6219973640576517|f||||||rs_top200+rs_1m_80+momentum_25pct|runup_112% base_6d close_vs_pivot_-0.5%
MAN|2026-07-29|WATCH||7|2026-07-17|55.7|56.46|48.88|1.1194824961948249||0.8856534056948849|1.0141437056108702|0.032453848099131585|0.1475174913596898|f||||||rs_top200+rs_1m_80|runup_112% base_7d close_vs_pivot_+0.3%
MBX|2026-07-17|WATCH||5|2026-07-09|66.55|65.435|52.51|1.376785714285714||1|1|1.4892982370702255|0.1811020746079676|f||||||rs_top200+rs_1m_80|runup_138% base_5d close_vs_pivot_-5.5%
MBX|2026-07-20|WATCH||6|2026-07-09|66.55|65.435|52.51|1.376785714285714||1.1237591535594453|1.0098869834182507|0.6243213897937029|1.4595339513906294|f||||||rs_top200+rs_1m_80|runup_138% base_6d close_vs_pivot_-9.6%
MBX|2026-07-21|WATCH||7|2026-07-09|66.55|65.435|52.51|1.376785714285714||1.1237591535594453|1.012987739485442|0.0509602055394961|0.6348792273462175|f||||||rs_top200+rs_1m_80|runup_138% base_7d close_vs_pivot_-9.4%
MBX|2026-07-22|WATCH||8|2026-07-09|66.55|65.435|52.51|1.376785714285714||0.7516457003269932|0.884140668570483|0.3994305989334359|0.050991140289375146|f||||||rs_top200|runup_138% base_8d close_vs_pivot_-12.4%
MBX|2026-07-23|TIGHTENING||9|2026-07-09|66.55|65.435|52.51|1.376785714285714||0.7107064588612035|0.7958954650857589|1.111581192370774|0.3813453725651567|f||||||rs_top200+rs_1m_80|range_0.71 vol_0.80
MBX|2026-07-24|TIGHTENING|WATCH|10|2026-07-09|66.55|65.435|52.51|1.376785714285714||0.7516457003269932|0.7326628428687927|0.43018610947322944|1.0619008468077915|f||||||rs_top200+rs_1m_80+flag_stage_carryforward|runup_138% base_10d close_vs_pivot_-6.8%
MBX|2026-07-27|TIGHTENING||11|2026-07-09|66.55|66.66|52.51|1.376785714285714||0.7516457003269932|0.6481141711231083|0.18655341154589933|0.4405835889701002|f||||||rs_top200+rs_1m_80+flag_stage_carryforward|range_0.75 vol_0.65
MBX|2026-07-28|INVALIDATED||12|2026-07-09|66.55|66.66|52.51|1.376785714285714||||||f||||||flag_stage_carryforward|close_60.06_below_sma20_60.07
MBX|2026-07-29|TIGHTENING||13|2026-07-09|66.55|66.66|52.51|1.376785714285714||0.764507469779139|0.5597281595360054|0.42624626755193284|0.3754095567429857|f||||||rs_top200+flag_stage_carryforward|range_0.76 vol_0.56
MBX|2026-07-30|TIGHTENING||14|2026-07-09|66.55|66.66|52.51|1.376785714285714||0.9929723274333859|0.528216497349532|0.32596744637274777|0.43864755129172484|f||||||flag_stage_carryforward|range_0.99 vol_0.53
MBX|2026-07-31|TIGHTENING||15|2026-07-09|66.55|66.66|52.51|1.376785714285714||0.764507469779139|0.5304179533308347|0.21379384165269055|0.3236878724087466|f||||||rs_top200+rs_1m_80+flag_stage_carryforward|range_0.76 vol_0.53
MBX|2026-08-11|INVALIDATED||3|2026-08-05|72.64|70|64.5|1.5622574955908286||||||f||||||rs_top200|close_66.01_below_base_low_close_66.15
MBX|2026-08-12|WATCH||4|2026-08-05|72.64|70|64.5|1.5622574955908286||1|1|0.02972675881961796|0.331567694526517|f||||||rs_top200+rs_1m_80|runup_156% base_4d close_vs_pivot_-7.8%
MBX|2026-08-14|WATCH||6|2026-08-05|72.64|70|64.5|1.5622574955908286||0.8606007952161828|0.9070402582239045|0.3804064707175266|0.02665268266173751|f||||||rs_top200|runup_156% base_6d close_vs_pivot_-5.6%
MBX|2026-08-17|WATCH||7|2026-08-05|72.64|70|64.5|1.5622574955908286||0.8606007952161828|0.8865125903829256|0.00737873834115449|0.3861539731870687|f||||||rs_top200|runup_156% base_7d close_vs_pivot_-6.0%
MBX|2026-08-18|WATCH||8|2026-08-05|72.64|70|64.5|1.5622574955908286||0.8472136952080535|0.9525509736425225|0.03096985416516638|0.0077424635412925115|f||||||rs_top200|runup_156% base_8d close_vs_pivot_-8.4%
MEI|2026-07-23|INVALIDATED||16|2026-06-29|20.38|20.31|13.76|1.5285359801488831||||||f||||||rs_top200+rs_1m_80|close_16.03_below_sma20_16.53
MRNA|2026-07-17|INVALIDATED||8|2026-07-06|85.6|82.9|62.8|0.9498861047835989||||||f||||||flag_stage_carryforward|close_61.82_below_base_low_close_63.15
MRNA|2026-07-20|INVALIDATED||9|2026-07-06|85.6|82.9|61.06|0.9498861047835989||||||f||||||flag_stage_carryforward|close_59.49_below_base_low_close_61.82
MRNA|2026-09-16|INVALIDATED||18|2026-08-19|176.66|161.37|128.61|2.3547220761069574|0.27199139590173205|||||f||||||rs_top200|close_145.62_below_sma20_145.67
MRNA|2026-10-05|WATCH||3|2026-09-29|208.9032|201|183.28|2.8894656488549617|0.12265585208843133|1|1|0.8077560224763499|0.017113475052465025|f||||||rs_top200+rs_1m_80|runup_289% base_3d close_vs_pivot_-2.7%
MRNA|2026-10-06|INVALIDATED||4|2026-09-29|208.9032|205.77|183.28|2.8894656488549617|0.12265585208843133|||||f||||||rs_top200+rs_1m_80|close_187.46_below_base_low_close_188.94
MRNA|2026-10-07|WATCH||5|2026-09-29|208.9032|212.22|183.28|2.8894656488549617|0.12265585208843133|1|1|0.8082588227462165|0.9212954091762495|f||||||rs_top200+rs_1m_80|runup_289% base_5d close_vs_pivot_-5.9%
MRNA|2026-10-08|WATCH||6|2026-09-29|208.9032|212.22|182.5|2.8894656488549617|0.12638963883750942|0.8112729246932625|0.9337568713649734|0.036909527112593946|0.8167823801554006|f||||||rs_top200+rs_1m_80|runup_289% base_6d close_vs_pivot_-5.7%
MRNA|2026-10-09|WATCH||7|2026-09-29|208.9032|212.22|182.5|2.8894656488549617|0.12638963883750942|0.7906542926006007|1.1977645247349926|1.6165032547671307|0.03606045722172908|f||||||rs_top200+rs_1m_80|runup_289% base_7d close_vs_pivot_+7.7%
MSTR|2026-09-25|INVALIDATED||3|2026-09-21|169.52|171.19|158.29|0.900235399618877|0.06624587069372356|||||f||||||rs_1m_80+momentum_25pct|close_158.61_below_base_low_close_161.61
MSTR|2026-09-28|INVALIDATED||4|2026-09-21|169.52|171.19|156.7806|0.900235399618877|0.07514983482774906|||||f||||||rs_1m_80|close_157.14_below_base_low_close_158.61
MSTR|2026-09-29|INVALIDATED||5|2026-09-21|169.52|171.19|155.06|0.900235399618877|0.08529966965549796|||||f||||||rs_1m_80|close_154.67_below_base_low_close_157.14
MSTR|2026-09-30|INVALIDATED||6|2026-09-21|169.52|171.19|152.34|0.900235399618877|0.1013449740443606|||||f||||||rs_1m_80|close_153.09_below_base_low_close_154.67
MSTR|2026-10-08|INVALIDATED||12|2026-09-21|169.52|171.19|152.02|0.900235399618877|0.10323265691363848|||||f||||||rs_top200+rs_1m_80|close_151.47_below_base_low_close_153.09
NBIS|2026-07-21|INVALIDATED||20|2026-06-18|298.8|299.86|164.31|1.2516955538809347||||||f||||||momentum_25pct|close_216.92_below_sma20_221.38
NBIS|2026-07-22|INVALIDATED||21|2026-06-18|298.8|299.86|164.31|1.2516955538809347||||||f||||||momentum_25pct|close_218.16_below_sma20_218.53
NBIS|2026-07-23|INVALIDATED||22|2026-06-18|298.8|299.86|164.31|1.2516955538809347||||||f||||||momentum_25pct|close_220.97_below_sma50_226.74
NEO|2026-07-17|TIGHTENING||9|2026-07-02|15.555|15.57|13.8|0.9027522935779815||0.6667133405677871|0.9977151690292387|0.061051392189784004|0.4960425615419825|f||||||rs_top200|range_0.67 vol_1.00
NEO|2026-07-20|TIGHTENING||10|2026-07-02|15.555|15.57|13.8|0.9027522935779815||0.6667133405677871|1.8195405641323237|0.5318802509606402|0.060786314395503194|f||||||flag_stage_carryforward|range_0.67 vol_1.82
NEO|2026-07-21|TIGHTENING||11|2026-07-02|15.555|15.57|13.8|0.9027522935779815||0.7012987012987012|1.8664190865765242|0.37960954446854644|0.5314533622559645|f||||||flag_stage_carryforward|range_0.70 vol_1.87
NEO|2026-07-22|INVALIDATED||12|2026-07-02|15.555|15.57|13.8|0.9027522935779815||||||f||||||flag_stage_carryforward|close_14.01_below_base_low_close_14.11
NEO|2026-07-23|INVALIDATED||13|2026-07-02|15.555|15.57|13.7001|0.9027522935779815||||||f||||||flag_stage_carryforward|close_14.24_below_sma20_14.44
NEO|2026-07-24|INVALIDATED||14|2026-07-02|15.555|15.57|13.66|0.9027522935779815||||||f||||||flag_stage_carryforward|close_13.89_below_base_low_close_14.01
NG|2026-08-31|INVALIDATED||3|2026-08-25|9.805|9.87|8.64|0.9320197044334975||||||f||||||rs_1m_80|close_8.60_below_base_low_close_8.75
NG|2026-09-01|INVALIDATED||4|2026-08-25|9.805|9.87|8.5|0.9320197044334975||||||f||||||rs_1m_80|close_8.03_below_base_low_close_8.60
NG|2026-09-03|INVALIDATED||6|2026-08-25|9.805|9.87|7.99|0.9320197044334975||||||f||||||rs_1m_80|close_8.32_below_sma20_8.35
NG|2026-09-08|INVALIDATED||8|2026-08-25|9.805|9.87|7.97|0.9320197044334975|0.18714941356450787|||||f||||||rs_1m_80|close_7.90_below_base_low_close_8.03
NIQ|2026-08-28|WATCH||3|2026-08-24|19.26|19.37|18.55|1.3487804878048784||1|1|0.16903409090909255|0.27840909090909194|f||||||rs_top200+rs_1m_80|runup_135% base_3d close_vs_pivot_-0.3%
NIQ|2026-08-31|WATCH||3|2026-08-25|19.37|19.69|18.55|1.36219512195122||1|1|0.02981895633652757|0.2534611288604923|f||||||rs_top200+rs_1m_80|runup_136% base_3d close_vs_pivot_-1.6%
NIQ|2026-09-01|INVALIDATED||4|2026-08-25|19.37|19.69|18.55|1.36219512195122||||||f||||||rs_top200+rs_1m_80|close_18.72_below_base_low_close_18.74
NUAI|2026-07-24|INVALIDATED||22|2026-06-22|7.3|6.98|3.73|1.0738636363636362||||||f||||||ninem_universe_watch|close_4.78_below_sma20_4.93
NUAI|2026-07-27|INVALIDATED||23|2026-06-22|7.3|6.98|3.73|1.0738636363636362||||||f||||||ninem_universe_watch|close_4.78_below_sma20_4.87
NUAI|2026-07-28|INVALIDATED||24|2026-06-22|7.3|6.98|3.73|1.0738636363636362||||||f||||||ninem_universe_watch|close_4.39_below_sma20_4.78
NUAI|2026-09-25|WATCH||3|2026-09-21|7.94|7.46|6.46|0.9702233250620347|0.18639798488664994|1|1|0.13713390145949603|0.4388284846703892|f||||||rs_top200+rs_1m_80+momentum_25pct|runup_97% base_3d close_vs_pivot_-11.1%
NUAI|2026-09-28|WATCH||4|2026-09-21|7.94|7.46|6.46|0.9702233250620347|0.18639798488664994|1|1|0.029790403234387326|0.14895201617193266|f||||||rs_top200+rs_1m_80+momentum_25pct|runup_97% base_4d close_vs_pivot_-12.3%
NUAI|2026-09-29|INVALIDATED||5|2026-09-21|7.94|7.46|6.46|0.9702233250620347|0.18639798488664994|||||f||||||rs_top200+rs_1m_80|close_6.76_below_base_low_close_6.94
NUAI|2026-09-30|INVALIDATED||6|2026-09-21|7.94|7.46|6.46|0.9702233250620347|0.18639798488664994|||||f||||||rs_top200+rs_1m_80|close_6.72_below_base_low_close_6.76
NUAI|2026-10-01|INVALIDATED||7|2026-09-21|7.94|7.46|6.46|0.9702233250620347|0.18639798488664994|||||f||||||rs_top200+rs_1m_80|close_6.37_below_base_low_close_6.72
NUAI|2026-10-02|INVALIDATED||8|2026-09-21|7.94|7.46|6.245|0.9702233250620347|0.21347607052896733|||||f||||||rs_top200+rs_1m_80|close_6.29_below_base_low_close_6.37
NUAI|2026-10-05|INVALIDATED||9|2026-09-21|7.94|7.46|6.17|0.9702233250620347|0.22292191435768272|||||f||||||rs_1m_80|close_6.05_below_base_low_close_6.29
NUAI|2026-10-06|INVALIDATED||10|2026-09-21|7.94|7.46|5.81|0.9702233250620347|0.26826196473551644|||||f||||||rs_1m_80|close_5.86_below_base_low_close_6.05
NUWE|2026-08-13|INVALIDATED||9|2026-07-30|6.3999|2.43|1.3449|2.497213114754098||||||f||||||ninem_universe_watch|close_1.30_below_base_low_close_1.41
NVVE|2026-07-23|INVALIDATED||5|2026-07-15|35.7899|12.35|5.59|8.441003455643779||||||f||||||ninem_universe_watch|close_3.23_below_base_low_close_5.79
NVVE|2026-07-24|INVALIDATED||5|2026-07-15|35.7899|12.35|5.59|8.441003455643779||||||f||||||ninem_universe_watch|close_3.23_below_base_low_close_5.79
NVVE|2026-07-27|INVALIDATED||5|2026-07-15|35.7899|12.35|5.59|8.441003455643779||||||f||||||ninem_universe_watch|close_3.23_below_base_low_close_5.79
NVVE|2026-07-28|INVALIDATED||5|2026-07-15|35.7899|12.35|5.59|8.441003455643779||||||f||||||ninem_universe_watch|close_3.23_below_base_low_close_5.79
NVVE|2026-07-29|INVALIDATED||5|2026-07-15|35.7899|12.35|5.59|8.441003455643779||||||f||||||ninem_universe_watch|close_3.23_below_base_low_close_5.79
NVVE|2026-07-30|INVALIDATED||5|2026-07-15|35.7899|12.35|5.59|8.441003455643779||||||f||||||ninem_universe_watch|close_3.23_below_base_low_close_5.79
NVVE|2026-07-31|INVALIDATED||5|2026-07-15|35.7899|12.35|5.59|8.441003455643779||||||f||||||ninem_universe_watch|close_3.23_below_base_low_close_5.79
NVVE|2026-08-04|INVALIDATED||5|2026-07-15|35.7899|12.35|5.59|8.441003455643779||||||f||||||ninem_universe_watch|close_3.23_below_base_low_close_5.79
NVVE|2026-08-05|INVALIDATED||5|2026-07-15|35.7899|12.35|5.59|8.441003455643779||||||f||||||ninem_universe_watch|close_3.23_below_base_low_close_5.79
NVVE|2026-08-06|INVALIDATED||5|2026-07-15|35.7899|12.35|5.59|8.441003455643779||||||f||||||ninem_universe_watch|close_3.23_below_base_low_close_5.79
NWL|2026-08-06|INVALIDATED||3|2026-07-31|7.1299|6.64|5.755|1.0517697841726616||||||f||||||rs_top200+rs_1m_80+ninem_universe_watch|close_6.02_below_base_low_close_6.13
NWL|2026-08-07|INVALIDATED||4|2026-07-31|7.1299|6.64|5.755|1.0517697841726616||||||f||||||rs_top200+rs_1m_80+ninem_universe_watch|close_6.01_below_base_low_close_6.02
NWL|2026-08-10|INVALIDATED||5|2026-07-31|7.1299|6.64|5.755|1.0517697841726616||||||f||||||rs_top200+rs_1m_80+ninem_universe_watch|close_5.90_below_base_low_close_6.01
NWL|2026-08-11|TIGHTENING||6|2026-07-31|7.1299|6.64|5.755|1.0517697841726616||0.6666737288135598|0.708808109283451|0.5997643782799621|0.021420156367141025|f||||||rs_top200+rs_1m_80+ninem_universe_watch|range_0.67 vol_0.71
NWL|2026-08-12|TIGHTENING||7|2026-07-31|7.1299|6.64|5.755|1.0517697841726616||0.6666737288135598|0.7109986154981718|0.11198387432209723|0.6271096962037473|f||||||rs_top200+rs_1m_80+ninem_universe_watch+flag_stage_carryforward|range_0.67 vol_0.71
NWL|2026-08-13|COILED||8|2026-07-31|7.1299|6.64|5.755|1.0517697841726616||0.6661960132890369|0.6102136080843129|0.08824595408058755|0.11030744260073395|t||||||rs_top200+rs_1m_80+ninem_universe_watch+flag_stage_carryforward|range_0.67 vol_0.61 bodies_0.09/0.11
NWL|2026-08-14|COILED||9|2026-07-31|7.1299|6.64|5.755|1.0517697841726616||0.6375000000000027|0.5875168328448833|0.2694077839606154|0.08980259465353846|t||||||rs_top200+rs_1m_80+ninem_universe_watch+flag_stage_carryforward|range_0.64 vol_0.59 bodies_0.27/0.09
NWL|2026-08-17|COILED|TIGHTENING|10|2026-07-31|7.1299|6.64|5.755|1.0517697841726616||0.6375000000000027|0.5613201826965838|0.22131238242779605|0.26557485891335647|t||||||rs_top200+rs_1m_80+flag_stage_carryforward|range_0.64 vol_0.56 fresh
NWL|2026-08-18|COILED|TIGHTENING|11|2026-07-31|7.1299|6.64|5.755|1.0517697841726616||0.6001448675496704|0.5362039482461928|0.2252650887383558|0.2252650887383538|t||||||rs_1m_80+flag_stage_carryforward|range_0.60 vol_0.54 fresh
NWL|2026-08-19|COILED||12|2026-07-31|7.1299|6.64|5.755|1.0517697841726616||0.4696714743589759|0.4407454246821175|0.4045008748133992|0.22472270822966778|f||||||rs_top200+rs_1m_80+flag_stage_carryforward|range_0.47 vol_0.44 bodies_0.40/0.22
NWL|2026-08-20|INVALIDATED||13|2026-07-31|7.1299|6.64|5.755|1.0517697841726616||||||f||||||rs_1m_80+flag_stage_carryforward|close_5.79_below_base_low_close_5.90
NWL|2026-08-21|TIGHTENING||14|2026-07-31|7.1299|6.64|5.755|1.0517697841726616||0.6001448675496704|0.42824974149140715|1.0012771392081745|0.8582375478927211|f||||||flag_stage_carryforward|range_0.60 vol_0.43
NWL|2026-08-24|TIGHTENING||15|2026-07-31|7.1299|6.64|5.755|1.0517697841726616||0.726176948051949|0.3995262551306169|0.15321477428180588|1.072503419972641|f||||||flag_stage_carryforward|range_0.73 vol_0.40
NWL|2026-08-25|INVALIDATED||16|2026-07-31|7.1299|6.64|5.755|1.0517697841726616||||||f||||||flag_stage_carryforward|close_5.93_below_sma20_5.96
NWL|2026-08-26|INVALIDATED||17|2026-07-31|7.1299|6.64|5.755|1.0517697841726616||||||f||||||flag_stage_carryforward|close_5.96_below_sma20_6.00
NWL|2026-08-27|INVALIDATED||18|2026-07-31|7.1299|6.64|5.755|1.0517697841726616||||||f||||||flag_stage_carryforward|close_5.88_below_sma20_6.04
ODD|2026-07-17|INVALIDATED||9|2026-07-02|17.94|18.01|15.99|0.9394384925568373||||||f||||||rs_1m_80|close_16.32_below_base_low_close_16.34
ODD|2026-07-20|INVALIDATED||10|2026-07-02|17.94|18.01|15.9|0.9394384925568373||||||f||||||rs_top200+rs_1m_80|close_16.29_below_base_low_close_16.32
ODD|2026-07-21|INVALIDATED||11|2026-07-02|17.94|18.01|15.83|0.9394384925568373||||||f||||||rs_1m_80|close_16.22_below_base_low_close_16.29
OKTA|2026-07-20|WATCH||3|2026-07-14|155.55|157|142.58|0.935423665546846||1|1|0.10940631035855856|0.6529829260347522|f||||||rs_top200+rs_1m_80|runup_94% base_3d close_vs_pivot_-4.6%
OKTA|2026-07-21|INVALIDATED||4|2026-07-14|155.55|157|142.58|0.935423665546846||||||f||||||rs_top200|close_141.71_below_base_low_close_147.74
OKTA|2026-08-13|WATCH||21|2026-07-14|155.55|157|129.02|0.935423665546846||0.7791087804871288|0.8336531509151711|1.034939894393886|0.5269070890911125|f||||||rs_top200|runup_94% base_21d close_vs_pivot_-0.4%
OMER|2026-08-19|WATCH||3|2026-08-13|18.14|17.6099|16.54|1.4546684709066309||1|1|1.2575029584111561|0.16467300645860625|f||||||rs_top200+rs_1m_80+momentum_25pct+ninem_universe_watch|runup_145% base_3d close_vs_pivot_+1.4%
OMER|2026-08-27|WATCH||3|2026-08-21|19.58|19.6497|18.2|1.6495263870094723||1|1|0.8815736151376301|0.6459054209919277|f||||||rs_top200+rs_1m_80+ninem_universe_watch|runup_165% base_3d close_vs_pivot_-1.7%
OMER|2026-08-28|WATCH||4|2026-08-21|19.58|19.6497|18|1.6495263870094723||1|1|0.3536769463014881|0.8712529652792766|f||||||rs_top200+rs_1m_80|runup_165% base_4d close_vs_pivot_-5.0%
OMER|2026-08-31|WATCH||5|2026-08-21|19.58|19.6497|18|1.6495263870094723||1|1|0.21034159474987377|0.3449602153897931|f||||||rs_top200+rs_1m_80|runup_165% base_5d close_vs_pivot_-4.0%
OMER|2026-09-01|WATCH||6|2026-08-21|19.58|19.6497|18|1.6495263870094723||0.9858062250703663|0.986146256057314|0.07547350640326801|0.20964862889796704|f||||||rs_top200+rs_1m_80|runup_165% base_6d close_vs_pivot_-4.2%
OMER|2026-09-02|WATCH||7|2026-08-21|19.58|19.6497|18|1.6495263870094723||0.9858062250703663|1.0894663659494046|0.11583650504716145|0.09477532231131425|f||||||rs_top200+rs_1m_80|runup_165% base_7d close_vs_pivot_-3.7%
OMER|2026-09-03|WATCH||8|2026-08-21|19.58|19.6497|18|1.6495263870094723||0.9858062250703663|1.0815076057140822|0.1322345273796323|0.12121498343132797|f||||||rs_top200+rs_1m_80|runup_165% base_8d close_vs_pivot_-2.4%
OMER|2026-09-04|COILED||9|2026-08-21|19.58|19.6497|18|1.6495263870094723||0.8883152279286708|0.9976475417130239|0.056384769668216726|0.13532344720371933|t||||||rs_top200+rs_1m_80|fresh_2bar 2.5%/atr 4.7% bodies_0.06/0.14
OMER|2026-09-07|COILED||9|2026-08-21|19.58|19.6497|18|1.6495263870094723|0.08069458631256377|0.8883152279286708|0.9976475417130239|0.056384769668216726|0.13532344720371933|t||||||flag_stage_carryforward|fresh_2bar 2.5%/atr 4.7% bodies_0.06/0.14
OMER|2026-09-08|COILED|TIGHTENING|10|2026-08-21|19.58|19.6497|18|1.6495263870094723|0.08069458631256377|0.6001814432989674|0.9543857273694577|0.4592063851554527|0.05466742680422111|f||||||rs_top200+rs_1m_80+flag_stage_carryforward|range_0.60 vol_0.95
OMER|2026-09-09|COILED|TIGHTENING|11|2026-08-21|19.58|19.6497|18|1.6495263870094723|0.08069458631256377|0.6001814432989674|0.9081970717110186|0.45607688153145715|0.5040849743242455|f||||||rs_top200+rs_1m_80+flag_stage_carryforward|range_0.60 vol_0.91
OMER|2026-09-10|COILED|TIGHTENING|12|2026-08-21|19.58|19.6497|18|1.6495263870094723|0.08069458631256377|0.636867765826791|0.8292841955536482|0.6134918600709417|0.43986208835274854|f||||||rs_top200+flag_stage_carryforward|range_0.64 vol_0.83
OMER|2026-09-11|INVALIDATED||13|2026-08-21|19.58|19.6497|18|1.6495263870094723|0.08069458631256377|||||f||||||flag_stage_carryforward|close_18.28_below_sma20_18.63
OMER|2026-09-14|INVALIDATED||14|2026-08-21|19.58|19.6497|18|1.6495263870094723|0.08069458631256377|||||f||||||flag_stage_carryforward|close_17.46_below_base_low_close_18.22
OMER|2026-09-15|INVALIDATED||15|2026-08-21|19.58|19.6497|17.42|1.6495263870094723|0.11031664964249221|||||f||||||flag_stage_carryforward|close_17.17_below_base_low_close_17.46
OMER|2026-09-28|INVALIDATED||3|2026-09-22|21.2399|20.97|19.66|1.0075519848771264|0.07438358937659773|||||f||||||rs_top200+rs_1m_80|close_19.43_below_base_low_close_20.08
OMER|2026-09-29|INVALIDATED||4|2026-09-22|21.2399|20.97|19.38|1.0075519848771264|0.08756632564183442|||||f||||||rs_top200|close_19.25_below_base_low_close_19.43
OMER|2026-10-02|INVALIDATED||7|2026-09-22|21.2399|20.97|18.47|1.0075519848771264|0.1304102185038536|||||f||||||rs_top200|close_18.61_below_sma20_18.90
OMER|2026-10-05|WATCH||8|2026-09-22|21.2399|20.97|18.215|1.0075519848771264|0.14241592474540832|0.947782312925174|1.0791141598386758|0.08923662844895393|0.01115457855611726|f||||||rs_top200+rs_1m_80|runup_101% base_8d close_vs_pivot_-11.0%
OMER|2026-10-06|INVALIDATED||9|2026-09-22|21.2399|20.97|18.215|1.0075519848771264|0.14241592474540832|||||f||||||rs_top200+rs_1m_80|close_18.51_below_sma20_18.86
OMER|2026-10-07|INVALIDATED||10|2026-09-22|21.2399|20.97|18.215|1.0075519848771264|0.14241592474540832|||||f||||||rs_top200+rs_1m_80|close_18.75_below_sma20_18.83
OMER|2026-10-08|WATCH||11|2026-09-22|21.2399|20.97|18.02|1.0075519848771264|0.1515967589301268|1.173831391011295|0.9843202574006286|0.5867811716805401|0.766408060970499|f||||||rs_top200+rs_1m_80|runup_101% base_11d close_vs_pivot_-10.0%
OMER|2026-10-09|WATCH||12|2026-09-22|21.2399|20.97|18.02|1.0075519848771264|0.1515967589301268|1.173831391011295|0.9169560901511091|0.7483518441527576|0.5820514343410369|f||||||rs_top200+rs_1m_80|runup_101% base_12d close_vs_pivot_-6.6%
ONFO|2026-08-17|INVALIDATED||13|2026-07-28|9.965|6.08|2.055|1.1925192519251926||||||f||||||ninem_universe_watch|close_2.35_below_sma20_3.82
ONFO|2026-08-18|INVALIDATED||14|2026-07-28|9.965|6.08|2.055|1.1925192519251926||||||f||||||ninem_universe_watch|close_2.16_below_sma20_3.61
ONFO|2026-08-19|INVALIDATED||15|2026-07-28|9.965|6.08|2.055|1.1925192519251926||||||f||||||ninem_universe_watch|close_2.37_below_sma20_3.46
ONFO|2026-08-20|INVALIDATED||16|2026-07-28|9.965|6.08|2.055|1.1925192519251926||||||f||||||ninem_universe_watch|close_1.57_below_base_low_close_2.15
ONFO|2026-08-21|INVALIDATED||17|2026-07-28|9.965|6.08|1.49|1.1925192519251926||||||f||||||ninem_universe_watch|close_1.44_below_base_low_close_1.57
ONFO|2026-08-24|INVALIDATED||18|2026-07-28|9.965|6.08|1.41|1.1925192519251926||||||f||||||ninem_universe_watch|close_1.33_below_base_low_close_1.44
ONFO|2026-08-25|INVALIDATED||19|2026-07-28|9.965|6.08|1.2901|1.1925192519251926||||||f||||||ninem_universe_watch|close_1.42_below_sma20_2.73
ONFO|2026-08-26|INVALIDATED||20|2026-07-28|9.965|6.08|1.26|1.1925192519251926||||||f||||||ninem_universe_watch|close_1.48_below_sma20_2.58
ONFO|2026-08-27|INVALIDATED||21|2026-07-28|9.965|6.08|1.26|1.1925192519251926||||||f||||||ninem_universe_watch|close_1.42_below_sma20_2.44
ONFO|2026-08-28|INVALIDATED||22|2026-07-28|9.965|6.08|1.26|1.1925192519251926||||||f||||||ninem_universe_watch|close_1.35_below_sma20_2.31
OSS|2026-08-04|INVALIDATED||22|2026-07-01|19.17|18.35|10.78|1.0178947368421056||||||f||||||momentum_25pct|close_14.27_below_sma50_15.53
OUST|2026-08-10|INVALIDATED||24|2026-07-06|55.33|49.5|30.822|1.3444915254237286||||||f||||||rs_1m_80+momentum_25pct|close_42.13_below_sma50_42.63
PANW|2026-07-17|WATCH||8|2026-07-06|368.17|363.01|314.95|0.9299156051790114||0.7583443635636445|0.7783297553413029|0.6001253686557811|0.15773843165866805|f||||||rs_top200+rs_1m_80|runup_93% base_8d close_vs_pivot_-2.6%
PANW|2026-07-20|WATCH||9|2026-07-06|368.17|368.8|314.95|0.9299156051790114||0.7583443635636445|0.8622249878269972|0.32413672426295587|0.6247387688764563|f||||||rs_top200|runup_93% base_9d close_vs_pivot_-5.3%
PAY|2026-08-10|WATCH||3|2026-08-04|45.31|43.68|38.15|1.2531079065141721||1|1|0.26453760087070655|0.5043850256601471|f||||||rs_top200+rs_1m_80|runup_125% base_3d close_vs_pivot_-13.9%
PAY|2026-08-11|WATCH||4|2026-08-04|45.31|43.68|38.15|1.2531079065141721||1|1|0.7488105339164987|0.2552763183806242|f||||||rs_top200+rs_1m_80|runup_125% base_4d close_vs_pivot_-10.4%
PAY|2026-08-12|WATCH||5|2026-08-04|45.31|43.68|38.15|1.2531079065141721||1|1|0.08410044957697474|0.7400839562773786|f||||||rs_top200+rs_1m_80|runup_125% base_5d close_vs_pivot_-10.9%
PAY|2026-08-13|TIGHTENING||6|2026-08-04|45.31|43.68|38.15|1.2531079065141721||0.8522151884956493|0.6244901485399791|0.4513851305447246|0.08060448759727233|f||||||rs_top200+rs_1m_80|range_0.85 vol_0.62
PAY|2026-08-14|TIGHTENING||7|2026-08-04|45.31|43.68|38.15|1.2531079065141721||0.9621032323104792|0.6389577661814624|0.1023297706539917|0.46213444811479737|f||||||rs_top200+rs_1m_80+flag_stage_carryforward|range_0.96 vol_0.64
PAY|2026-08-17|TIGHTENING||8|2026-08-04|45.31|43.68|38.15|1.2531079065141721||0.6840122095485693|0.6164395880235899|0.2601346147733985|0.10610754023651787|t||||||rs_top200+rs_1m_80+flag_stage_carryforward|range_0.68 vol_0.62 fresh
PAY|2026-08-18|INVALIDATED||9|2026-08-04|45.31|43.68|38.15|1.2531079065141721||||||f||||||rs_top200+rs_1m_80+flag_stage_carryforward|close_38.32_below_base_low_close_38.57
PAY|2026-08-19|TIGHTENING||10|2026-08-04|45.31|43.68|38.15|1.2531079065141721||0.6840122095485693|0.8087774571585205|0.4728900898795927|0.842668806777921|f||||||flag_stage_carryforward|range_0.68 vol_0.81
PAY|2026-08-20|TIGHTENING||11|2026-08-04|45.31|43.68|38.1|1.2531079065141721||0.6840122095485693|0.9524951914472689|0.38211692777989953|0.48401477518787345|f||||||rs_top200+flag_stage_carryforward|range_0.68 vol_0.95
PAY|2026-08-21|TIGHTENING||12|2026-08-04|45.31|43.68|38.1|1.2531079065141721||0.6816904177909553|0.9748329881469419|0.6123658224596858|0.37382797301317955|f||||||rs_top200+rs_1m_80+flag_stage_carryforward|range_0.68 vol_0.97
PAY|2026-08-24|TIGHTENING||13|2026-08-04|45.31|43.68|37.7|1.2531079065141721||0.6816904177909553|1.1349463546250003|0.07628674279448051|0.820082485040646|f||||||rs_top200+rs_1m_80+flag_stage_carryforward|range_0.68 vol_1.13
PAY|2026-08-25|TIGHTENING||14|2026-08-04|45.31|43.68|37.7|1.2531079065141721||0.6816904177909553|1.2134027486883479|0.11130966803973874|0.08480736612551684|f||||||flag_stage_carryforward|range_0.68 vol_1.21
PAY|2026-08-26|TIGHTENING||15|2026-08-04|45.31|43.68|37.7|1.2531079065141721||0.6816904177909553|1.0505790668819466|0.2613413403871658|0.11676953506660676|f||||||flag_stage_carryforward|range_0.68 vol_1.05
PAY|2026-08-27|INVALIDATED||16|2026-08-04|45.31|43.68|37.7|1.2531079065141721||||||f||||||flag_stage_carryforward|close_35.61_below_base_low_close_38.32
PAY|2026-08-28|INVALIDATED||17|2026-08-04|45.31|43.68|35.36|1.2531079065141721||||||f||||||flag_stage_carryforward|close_35.99_below_sma20_39.45
PAY|2026-08-31|INVALIDATED||18|2026-08-04|45.31|43.68|35.19|1.2531079065141721||||||f||||||flag_stage_carryforward|close_35.60_below_base_low_close_35.61
PAY|2026-09-17|INVALIDATED||23|2026-08-13|42.77|42.5|34.65|1.1268025857782198|0.18985270049099845|||||f||||||rs_top200+rs_1m_80|close_36.13_below_sma20_36.91
PBF|2026-08-13|WATCH||9|2026-07-30|74.74|74.05|58.8805|1.053860950810662||0.7954639551168895|0.8276582197085677|0.923647774050191|0.2954846346514049|f||||||rs_top200+rs_1m_80|runup_105% base_9d close_vs_pivot_-0.5%
PBF|2026-08-14|WATCH||10|2026-07-30|74.74|74.5085|58.8805|1.053860950810662||1.152691102001449|0.7813386563252132|0.5060522758683559|0.9504427198031684|f||||||rs_top200+rs_1m_80|runup_105% base_10d close_vs_pivot_-3.9%
PBF|2026-08-17|WATCH||11|2026-07-30|74.74|74.5085|58.8805|1.053860950810662||0.7954639551168895|0.7818400834175201|0.45920635163925344|0.5107061293931937|f||||||rs_top200+rs_1m_80|runup_105% base_11d close_vs_pivot_+0.4%
PBF|2026-08-18|WATCH||12|2026-07-30|74.74|75.68|58.8805|1.053860950810662||0.7954639551168895|0.7265654994377804|0.06488189949484745|0.4628242163965799|f||||||rs_top200+rs_1m_80|runup_105% base_12d close_vs_pivot_+0.6%
PBF|2026-08-19|COILED||13|2026-07-30|74.74|75.68|58.8805|1.053860950810662||0.7492851486574039|0.6551735861283013|0.23807415017802616|0.07439817193063185|f||||||rs_top200+rs_1m_80|range_0.75 vol_0.66 bodies_0.24/0.07
PBF|2026-08-20|COILED|TIGHTENING|14|2026-07-30|74.74|75.68|58.8805|1.053860950810662||0.7492851486574039|0.6417724599079652|1.1956502947634107|0.23235309371920734|f||||||flag_stage_carryforward|range_0.75 vol_0.64
PBF|2026-08-21|COILED|TIGHTENING|15|2026-07-30|74.74|75.68|58.8805|1.053860950810662||0.7492851486574039|0.6315811585574594|0.7895956670937775|1.2189383110760175|f||||||flag_stage_carryforward|range_0.75 vol_0.63
PBF|2026-08-24|COILED|TIGHTENING|16|2026-07-30|74.74|75.68|58.8805|1.053860950810662||0.8477372077249014|0.6388758960088824|0.7039091229049581|0.7767273080330602|f||||||flag_stage_carryforward|range_0.85 vol_0.64
PBF|2026-08-25|INVALIDATED||17|2026-07-30|74.74|75.68|58.8805|1.053860950810662||||||f||||||flag_stage_carryforward|close_66.51_below_sma20_69.11
PBF|2026-08-26|TIGHTENING||18|2026-07-30|74.74|75.68|58.8805|1.053860950810662||1.0146143242808074|0.6177449767581837|1.0769608145788523|0.5957158518820109|f||||||rs_top200+rs_1m_80+flag_stage_carryforward|range_1.01 vol_0.62
PBF|2026-08-27|INVALIDATED||19|2026-07-30|74.74|75.68|58.8805|1.053860950810662||||||f||||||rs_top200+rs_1m_80+flag_stage_carryforward|close_68.59_below_sma20_69.20
PBF|2026-08-28|TIGHTENING||20|2026-07-30|74.74|75.68|58.8805|1.053860950810662||1.0146143242808074|0.5943318622814671|0.5963933580092405|0.3439779118808489|f||||||rs_top200+rs_1m_80+flag_stage_carryforward|range_1.01 vol_0.59
PBF|2026-08-31|TIGHTENING||21|2026-07-30|74.74|75.68|58.8805|1.053860950810662||0.9918190506310562|0.5348627243803732|0.23431602605485008|0.5762261457063118|f||||||rs_top200+rs_1m_80+flag_stage_carryforward|range_0.99 vol_0.53
PBF|2026-09-01|TIGHTENING||22|2026-07-30|74.74|75.68|58.8805|1.053860950810662||0.9918190506310562|0.5806656167011053|0.002352411389705036|0.23053631619097653|f||||||rs_top200+rs_1m_80+flag_stage_carryforward|range_0.99 vol_0.58
PBF|2026-09-02|TIGHTENING|WATCH|23|2026-07-30|74.74|76.16|58.8805|1.053860950810662||0.8707993249674665|0.7519567678906457|0.09968323654449893|0.002431298452306116|f||||||rs_top200+rs_1m_80+flag_stage_carryforward|runup_105% base_23d close_vs_pivot_+1.0%
PENG|2026-07-17|INVALIDATED||5|2026-07-09|89.86|83|64.64|1.2623363544813695||||||f||||||ninem_universe_watch|close_60.41_below_base_low_close_65.97
PENG|2026-07-20|INVALIDATED||6|2026-07-09|89.86|83|59.53|1.2623363544813695||||||f||||||ninem_universe_watch|close_53.23_below_base_low_close_60.41
PENG|2026-07-21|INVALIDATED||7|2026-07-09|89.86|83|52.01|1.2623363544813695||||||f||||||ninem_universe_watch|close_58.10_below_sma20_68.46
PENG|2026-07-22|INVALIDATED||8|2026-07-09|89.86|83|52.01|1.2623363544813695||||||f||||||ninem_universe_watch|close_59.20_below_sma20_68.07
PENG|2026-07-23|INVALIDATED||9|2026-07-09|89.86|83|52.01|1.2623363544813695||||||f||||||ninem_universe_watch|close_58.41_below_sma20_67.75
PENG|2026-07-24|INVALIDATED||10|2026-07-09|89.86|83|52.01|1.2623363544813695||||||f||||||ninem_universe_watch|close_53.85_below_sma20_67.11
PENG|2026-07-27|INVALIDATED||11|2026-07-09|89.86|83|52.01|1.2623363544813695||||||f||||||ninem_universe_watch|close_52.49_below_base_low_close_53.23
PENG|2026-07-28|INVALIDATED||12|2026-07-09|89.86|83|50.17|1.2623363544813695||||||f||||||ninem_universe_watch|close_48.13_below_base_low_close_52.49
PENG|2026-07-29|INVALIDATED||13|2026-07-09|89.86|83|46.01|1.2623363544813695||||||f||||||ninem_universe_watch|close_43.70_below_base_low_close_48.13
PENG|2026-08-04|INVALIDATED||17|2026-07-09|89.86|83|43.61|1.2623363544813695||||||f||||||momentum_25pct|close_57.84_below_sma20_61.70
PENG|2026-08-05|INVALIDATED||18|2026-07-09|89.86|83|43.61|1.2623363544813695||||||f||||||momentum_25pct|close_55.72_below_sma20_60.57
PENG|2026-08-06|INVALIDATED||19|2026-07-09|89.86|83|43.61|1.2623363544813695||||||f||||||momentum_25pct|close_56.26_below_sma20_59.31
PENG|2026-08-07|INVALIDATED||20|2026-07-09|89.86|83|43.61|1.2623363544813695||||||f||||||momentum_25pct|close_58.43_below_sma50_62.90
PENG|2026-08-10|INVALIDATED||21|2026-07-09|89.86|83|43.61|1.2623363544813695||||||f||||||momentum_25pct|close_55.18_below_sma20_57.21
PENG|2026-08-11|INVALIDATED||22|2026-07-09|89.86|83|43.61|1.2623363544813695||||||f||||||momentum_25pct|close_57.33_below_sma50_62.95
PENG|2026-08-18|INVALIDATED||23|2026-07-15|83|70.8899|43.61|0.9506462984723856||||||f||||||rs_1m_80|close_58.36_below_sma50_62.39
PENG|2026-08-19|INVALIDATED||24|2026-07-15|83|70.8899|43.61|0.9506462984723856||||||f||||||rs_1m_80|close_52.95_below_sma20_55.59
PGEN|2026-08-11|INVALIDATED||3|2026-08-05|7.23|7.32|6.67|1.0308988764044944||||||f||||||rs_top200+rs_1m_80+momentum_25pct+ninem_universe_watch|close_6.86_below_base_low_close_6.91
PGEN|2026-08-12|INVALIDATED||4|2026-08-05|7.23|7.32|6.67|1.0308988764044944||||||f||||||rs_top200+rs_1m_80+ninem_universe_watch|close_6.85_below_base_low_close_6.86
PGEN|2026-08-13|INVALIDATED||5|2026-08-05|7.23|7.32|6.65|1.0308988764044944||||||f||||||rs_top200+rs_1m_80+ninem_universe_watch|close_6.49_below_base_low_close_6.85
PGEN|2026-08-14|INVALIDATED||6|2026-08-05|7.23|7.32|6.455|1.0308988764044944||||||f||||||ninem_universe_watch|close_6.10_below_base_low_close_6.49
PGEN|2026-08-17|WATCH||7|2026-08-05|7.23|7.32|6.08|1.0308988764044944||1.0351966873705973|1.0311437818823042|0.8470847084708466|0.48404840484048545|f||||||rs_top200+rs_1m_80+ninem_universe_watch|runup_103% base_7d close_vs_pivot_-9.4%
PGEN|2026-08-18|WATCH||8|2026-08-05|7.23|7.32|6.08|1.0308988764044944||1.36374435732953|1.0884174456370164|0.7055589492974954|0.823152107513744|f||||||rs_top200+rs_1m_80+ninem_universe_watch|runup_103% base_8d close_vs_pivot_-6.6%
PGEN|2026-08-19|WATCH||9|2026-08-05|7.23|7.32|6.08|1.0308988764044944||1.36374435732953|1.0692189379012935|0.4138145612943381|0.7187305538270069|f||||||rs_top200+rs_1m_80+ninem_universe_watch|runup_103% base_9d close_vs_pivot_-1.0%
PGEN|2026-08-20|WATCH||10|2026-08-05|7.23|7.32|6.08|1.0308988764044944||1.36374435732953|1.2076744698653183|0.8081421844144022|0.4040710922072011|f||||||rs_top200+rs_1m_80|runup_103% base_10d close_vs_pivot_+2.9%
PLAG|2026-08-18|INVALIDATED||4|2026-08-11|6.81|1.4|0.77|12.830219333874897||||||f||||||ninem_universe_watch|close_0.81_below_base_low_close_0.84
PLAG|2026-08-19|INVALIDATED||5|2026-08-11|6.81|1.4|0.7466|12.830219333874897||||||f||||||ninem_universe_watch|close_0.76_below_base_low_close_0.81
PLAG|2026-08-25|INVALIDATED||9|2026-08-11|6.81|1.4|0.6583|12.830219333874897||||||f||||||ninem_universe_watch|close_0.72_below_sma20_0.99
PLSE|2026-09-15|WATCH||3|2026-09-09|58.9|57.94|50.315|1.3616680032076984|0.14575551782682516|1|1|0.1910842422440497|0.4649310862243744|f||||||rs_top200+rs_1m_80|runup_136% base_3d close_vs_pivot_-6.3%
PLSE|2026-09-16|INVALIDATED||4|2026-09-09|58.9|57.94|50.315|1.3616680032076984|0.14575551782682516|||||f||||||rs_top200+rs_1m_80|close_49.61_below_base_low_close_53.11
PLSE|2026-09-17|INVALIDATED||5|2026-09-09|58.9|57.94|48.61|1.3616680032076984|0.17470288624787778|||||f||||||rs_top200+rs_1m_80|close_50.61_below_sma20_51.13
PLSE|2026-09-18|WATCH||6|2026-09-09|58.9|57.94|48.61|1.3616680032076984|0.17470288624787778|0.7568450617882247|0.904489813441813|0.6864809578244385|0.242163528066903|f||||||rs_top200+rs_1m_80|runup_136% base_6d close_vs_pivot_-8.5%
PLSE|2026-09-21|TIGHTENING||7|2026-09-09|58.9|57.94|48.61|1.3616680032076984|0.17470288624787778|0.6505554815474761|0.9549817105009688|0.13891833135630224|0.6861723639720415|f||||||rs_top200+rs_1m_80|range_0.65 vol_0.95
PLSE|2026-09-22|TIGHTENING||8|2026-09-09|58.9|57.94|48.61|1.3616680032076984|0.17470288624787778|0.6335180839759361|0.9205420861988648|0.03467240172690955|0.1476373234823227|f||||||rs_top200+flag_stage_carryforward|range_0.63 vol_0.92
PLSE|2026-09-23|TIGHTENING||9|2026-09-09|58.9|57.94|48.61|1.3616680032076984|0.17470288624787778|0.6335180839759361|0.8926881312149241|0.37927139485550093|0.03321303175288304|f||||||rs_top200+flag_stage_carryforward|range_0.63 vol_0.89
PLSE|2026-09-24|INVALIDATED||10|2026-09-09|58.9|57.94|48.61|1.3616680032076984|0.17470288624787778|||||f||||||flag_stage_carryforward|close_51.83_below_sma20_52.09
PLSE|2026-09-25|INVALIDATED||11|2026-09-09|58.9|57.94|48.61|1.3616680032076984|0.17470288624787778|||||f||||||flag_stage_carryforward|close_51.63_below_sma20_52.24
PLSE|2026-09-28|INVALIDATED||12|2026-09-09|58.9|57.94|48.61|1.3616680032076984|0.17470288624787778|||||f||||||rs_top200+flag_stage_carryforward|close_52.32_below_sma20_52.48
PLSE|2026-09-29|INVALIDATED||13|2026-09-09|58.9|57.94|48.61|1.3616680032076984|0.17470288624787778|||||f||||||rs_top200+rs_1m_80|close_50.89_below_sma20_52.51
PLSM|2026-07-17|INVALIDATED||15|2026-06-24|12.97|7.45|3.4|2.9184290030211484||||||f||||||ninem_universe_watch|close_3.82_below_sma20_4.50
PSNL|2026-07-17|WATCH||3|2026-07-13|16.1499|16.12|14.52|1.5716401273885348||1|1|0.47690098814785514|0.06306128768897278|f||||||rs_top200+rs_1m_80+ninem_universe_watch|runup_157% base_3d close_vs_pivot_-4.7%
PSNL|2026-07-20|INVALIDATED||4|2026-07-13|16.1499|16.39|14.52|1.5716401273885348||||||f||||||ninem_universe_watch|close_13.34_below_base_low_close_15.03
PSNL|2026-07-21|INVALIDATED||5|2026-07-13|16.1499|16.39|13.11|1.5716401273885348||||||f||||||ninem_universe_watch|close_13.44_below_sma20_13.82
PSNL|2026-07-22|INVALIDATED||6|2026-07-13|16.1499|16.39|12.94|1.5716401273885348||||||f||||||ninem_universe_watch|close_12.47_below_base_low_close_13.34
PSNL|2026-07-23|INVALIDATED||7|2026-07-13|16.1499|16.39|12.435|1.5716401273885348||||||f||||||ninem_universe_watch|close_12.22_below_base_low_close_12.47
PSNL|2026-07-24|INVALIDATED||8|2026-07-13|16.1499|16.39|12.075|1.5716401273885348||||||f||||||ninem_universe_watch|close_11.78_below_base_low_close_12.22
PSNL|2026-07-27|INVALIDATED||9|2026-07-13|16.1499|16.39|11.735|1.5716401273885348||||||f||||||ninem_universe_watch|close_11.98_below_sma20_13.89
PURR|2026-09-02|INVALIDATED||3|2026-08-27|14.14|13.86|11.02|1.4379310344827587||||||f||||||rs_top200+rs_1m_80+ninem_universe_watch|close_11.32_below_base_low_close_11.36
PURR|2026-09-03|WATCH||4|2026-08-27|14.14|13.86|10.93|1.4379310344827587||1|1|0.8019065737927925|0.06443892110834934|f||||||rs_top200+rs_1m_80+ninem_universe_watch|runup_144% base_4d close_vs_pivot_-9.7%
PURR|2026-09-04|WATCH||5|2026-08-27|14.14|13.86|10.93|1.4379310344827587||1|1|0.1414950156285436|0.7730459390437497|f||||||rs_top200+rs_1m_80+ninem_universe_watch|runup_144% base_5d close_vs_pivot_-13.9%
PURR|2026-09-07|WATCH||5|2026-08-27|14.14|13.86|10.93|1.4379310344827587|0.22701555869872703|1|1|0.1414950156285436|0.7730459390437497|f||||||ninem_universe_watch|runup_144% base_5d close_vs_pivot_-13.9%
PURR|2026-09-08|WATCH||6|2026-08-27|14.14|13.86|10.93|1.4379310344827587|0.22701555869872703|0.984195402298851|0.937588003207121|0.13459338377380575|0.13795821836815145|f||||||rs_top200+rs_1m_80+ninem_universe_watch|runup_144% base_6d close_vs_pivot_-15.6%
PURR|2026-09-09|WATCH||7|2026-08-27|14.14|13.86|10.93|1.4379310344827587|0.22701555869872703|0.9478203434610316|0.789723785501556|0.44674150720331535|0.14647262531256158|f||||||rs_top200+rs_1m_80+ninem_universe_watch|runup_144% base_7d close_vs_pivot_-14.9%
PURR|2026-09-10|INVALIDATED||8|2026-08-27|14.14|13.86|10.93|1.4379310344827587|0.22701555869872703|||||f||||||rs_top200+rs_1m_80+ninem_universe_watch|close_11.01_below_base_low_close_11.32
PURR|2026-09-11|WATCH||9|2026-08-27|14.14|13.86|10.93|1.4379310344827587|0.22701555869872703|0.8503633060853766|0.7827556793719456|0.3001322882734029|0.41359693384017665|f||||||rs_top200+rs_1m_80+ninem_universe_watch|runup_144% base_9d close_vs_pivot_-17.9%
PURR|2026-09-14|TIGHTENING||10|2026-08-27|14.14|13.86|10.93|1.4379310344827587|0.22701555869872703|0.8503633060853766|0.6941002251450108|0.31427989704984083|0.299662227419616|f||||||rs_top200+rs_1m_80+ninem_universe_watch|range_0.85 vol_0.69
PURR|2026-09-15|INVALIDATED||11|2026-08-27|14.14|13.86|10.93|1.4379310344827587|0.22701555869872703|||||f||||||ninem_universe_watch+flag_stage_carryforward|close_11.20_below_sma20_11.26
PURR|2026-09-16|INVALIDATED||12|2026-08-27|14.14|13.86|10.545|1.4379310344827587|0.2542432814710043|||||f||||||rs_top200+ninem_universe_watch+flag_stage_carryforward|close_11.44_below_sma20_11.48
PURR|2026-09-28|INVALIDATED||20|2026-08-27|14.14|14.76|10.545|1.4379310344827587|0.2542432814710043|||||f||||||rs_top200|close_12.08_below_sma20_12.42
PURR|2026-09-29|INVALIDATED||21|2026-08-27|14.14|14.76|10.545|1.4379310344827587|0.2542432814710043|||||f||||||rs_top200|close_11.92_below_sma20_12.40
PURR|2026-09-30|INVALIDATED||22|2026-08-27|14.14|14.76|10.545|1.4379310344827587|0.2542432814710043|||||f||||||rs_top200+rs_1m_80|close_12.27_below_sma20_12.45
PURR|2026-10-01|INVALIDATED||23|2026-08-27|14.14|14.76|10.545|1.4379310344827587|0.2542432814710043|||||f||||||rs_top200+rs_1m_80|close_12.03_below_sma20_12.48
PURR|2026-10-02|INVALIDATED||24|2026-08-27|14.14|14.76|10.545|1.4379310344827587|0.2542432814710043|||||f||||||rs_top200|close_11.89_below_sma20_12.44
PURR|2026-10-05|TIGHTENING||10|2026-09-18|14.47|14.76|11.705|1.4948275862068967|0.191085003455425|0.6611449209418726|0.5897246644895551|0.4082379986844155|0.5981161376073989|f||||||rs_top200+rs_1m_80|range_0.66 vol_0.59
PURR|2026-10-06|INVALIDATED||11|2026-09-18|14.47|14.76|11.705|1.4948275862068967|0.191085003455425|||||f||||||rs_top200+rs_1m_80+flag_stage_carryforward|close_12.50_below_sma20_12.50
PURR|2026-10-07|INVALIDATED||12|2026-09-18|14.47|14.76|11.705|1.4948275862068967|0.191085003455425|||||f||||||flag_stage_carryforward|close_11.73_below_base_low_close_11.89
PURR|2026-10-08|INVALIDATED||13|2026-09-18|14.47|14.76|11.6|1.4948275862068967|0.19834139599170708|||||f||||||flag_stage_carryforward|close_11.30_below_base_low_close_11.73
PURR|2026-10-09|INVALIDATED||14|2026-09-18|14.47|14.76|10.92|1.4948275862068967|0.2453351762266759|||||f||||||flag_stage_carryforward|close_11.11_below_base_low_close_11.30
QMCO|2026-08-20|INVALIDATED||3|2026-08-14|27.7999|26.28|21.29|2.0684216335540837||||||f||||||rs_top200+rs_1m_80+momentum_25pct+ninem_universe_watch|close_20.49_below_base_low_close_21.79
QMCO|2026-09-10|INVALIDATED||17|2026-08-14|27.7999|26.28|19.73|2.0684216335540837|0.290285216853298|||||f||||||rs_top200+rs_1m_80|close_23.03_below_sma20_23.44
QMCO|2026-09-14|INVALIDATED||19|2026-08-14|27.7999|26.28|19.73|2.0684216335540837|0.290285216853298|||||f||||||rs_top200+rs_1m_80|close_22.82_below_sma20_23.22
QMCO|2026-09-22|TIGHTENING||23|2026-08-18|26.28|26.5|19.73|1.9006622516556293|0.24923896499238962|0.6135755289286179|0.8953268103224493|0.23001063799200827|0.04887726057330199|f||||||rs_top200+rs_1m_80|range_0.61 vol_0.90
QMCO|2026-09-23|TIGHTENING||24|2026-08-18|26.28|26.5|19.73|1.9006622516556293|0.24923896499238962|0.6135755289286179|0.9327035239996975|0.276384062100741|0.20859174498169342|f||||||rs_top200+rs_1m_80+flag_stage_carryforward|range_0.61 vol_0.93
QMCO|2026-10-05|WATCH||3|2026-09-29|34.68|35.17|29.85|2.2230483271375463|0.13927335640138405|1|1|0.12897501230353584|1.4933948793041165|f||||||rs_top200+rs_1m_80+momentum_25pct|runup_222% base_3d close_vs_pivot_-1.9%
QMCO|2026-10-06|WATCH||4|2026-09-29|34.68|35.65|29.85|2.2230483271375463|0.13927335640138405|1|1|0.18377833945530156|0.1269741254418422|f||||||rs_top200+rs_1m_80+momentum_25pct|runup_222% base_4d close_vs_pivot_-3.5%
QMCO|2026-10-07|INVALIDATED||5|2026-09-29|34.68|35.65|29.85|2.2230483271375463|0.13927335640138405|||||f||||||rs_top200+rs_1m_80|close_31.07_below_base_low_close_31.72
QMCO|2026-10-08|INVALIDATED||6|2026-09-29|34.68|35.65|29.85|2.2230483271375463|0.13927335640138405|||||f||||||rs_top200+rs_1m_80|close_29.18_below_base_low_close_31.07
QMCO|2026-10-09|WATCH||7|2026-09-29|34.68|35.65|28.55|2.2230483271375463|0.17675893886966554|1.5599726120567696|1.0128413882279124|0.16122088768349918|0.2923070300055962|f||||||rs_top200+rs_1m_80|runup_222% base_7d close_vs_pivot_-12.3%
REPL|2026-08-10|WATCH||3|2026-08-04|13.86|13.9|11.42|1.9088314304902618||1|1|0.5036657224389713|0.4596560962064399|f||||||rs_top200+rs_1m_80+momentum_25pct+ninem_universe_watch|runup_191% base_3d close_vs_pivot_-1.4%
REPL|2026-08-11|WATCH||4|2026-08-04|13.86|14.12|11.42|1.9088314304902618||1|1|0.05109453531779432|0.5012130607364562|f||||||rs_top200+rs_1m_80+momentum_25pct+ninem_universe_watch|runup_191% base_4d close_vs_pivot_-1.5%
REPL|2026-08-12|WATCH||5|2026-08-04|13.86|14.14|11.42|1.9088314304902618||1|1|0.7490042998394996|0.04854657498959736|f||||||rs_top200+rs_1m_80+momentum_25pct+ninem_universe_watch|runup_191% base_5d close_vs_pivot_+10.0%
REPL|2026-08-18|WATCH||3|2026-08-12|15.68|15.705|14.05|2.290799194089993||1|1|0.5196930326285409|0.010605980257725096|f||||||rs_top200+rs_1m_80+momentum_25pct+ninem_universe_watch|runup_229% base_3d close_vs_pivot_-0.6%
REPL|2026-08-19|TIGHTENING||4|2026-08-12|15.68|15.705|14.05|2.290799194089993||1|1|0.19015280135823398|0.5176381814751936|t||||||rs_top200+rs_1m_80+ninem_universe_watch|range_1.00 vol_1.00 fresh
REPL|2026-08-20|INVALIDATED||5|2026-08-12|15.68|15.705|14.05|2.290799194089993||||||f||||||rs_top200+rs_1m_80+ninem_universe_watch+flag_stage_carryforward|close_14.05_below_base_low_close_14.63
REPL|2026-08-21|WATCH||6|2026-08-12|15.68|15.705|13.92|2.290799194089993||1.023427700119429|1.0701834902782736|0.6556169429097596|0.3683241252302025|f||||||rs_top200+rs_1m_80+ninem_universe_watch+flag_stage_carryforward|runup_229% base_6d close_vs_pivot_-5.8%
REPL|2026-08-24|WATCH||7|2026-08-12|15.68|15.705|13.81|2.290799194089993||1.0309256579719217|1.1089998756396153|0.06372688477951641|0.7089615931721184|f||||||rs_top200+rs_1m_80+ninem_universe_watch+flag_stage_carryforward|runup_229% base_7d close_vs_pivot_-6.2%
REPL|2026-08-25|WATCH||8|2026-08-12|15.68|15.705|13.81|2.290799194089993||1.0309256579719217|0.9988107037463432|0.9087378640776698|0.06213592233009714|f||||||rs_top200+rs_1m_80|runup_229% base_8d close_vs_pivot_+0.8%
REPL|2026-08-26|WATCH||9|2026-08-12|15.68|15.89|13.81|2.290799194089993||1.0309256579719217|1.05813741235395|0.23543543543543635|0.9837837837837835|f||||||rs_top200+rs_1m_80|runup_229% base_9d close_vs_pivot_+1.3%
REPL|2026-08-27|WATCH||10|2026-08-12|15.68|15.99|13.81|2.290799194089993||1.0309256579719217|0.9890215933394071|0.14674091057975774|0.2567965935145769|f||||||rs_top200+rs_1m_80|runup_229% base_10d close_vs_pivot_-0.5%
REPL|2026-08-28|WATCH||11|2026-08-12|15.68|16.15|13.81|2.290799194089993||1.0289255272260023|0.8156881025540847|0.10032906764168266|0.163802559414991|f||||||rs_top200+rs_1m_80|runup_229% base_11d close_vs_pivot_-1.1%
REPL|2026-08-31|WATCH||12|2026-08-12|15.68|16.15|13.81|2.290799194089993||0.9684896337919009|0.7767855189003766|0.06289779108947827|0.10273305877948413|f||||||rs_top200+rs_1m_80|runup_229% base_12d close_vs_pivot_-2.4%
REPL|2026-09-01|TIGHTENING||13|2026-08-12|15.68|16.15|13.81|2.290799194089993||0.6594986712633761|0.7511672796619532|0.5002077274615702|0.06979642708765951|f||||||rs_top200+rs_1m_80|range_0.66 vol_0.75
REPL|2026-09-02|COILED||14|2026-08-12|15.68|16.15|13.81|2.290799194089993||0.6594986712633761|0.6607665536748494|0.38056013179571685|0.49588138385502456|f||||||rs_top200+flag_stage_carryforward|range_0.66 vol_0.66 bodies_0.38/0.50
RIOT|2026-07-22|INVALIDATED||20|2026-06-22|30.32|29.55|17.44|0.9804049640757675||||||f||||||momentum_25pct|close_23.38_below_sma50_24.70
RIOT|2026-07-23|INVALIDATED||21|2026-06-22|30.32|29.55|17.44|0.9804049640757675||||||f||||||rs_1m_80+momentum_25pct+ninem_universe_watch|close_23.86_below_sma50_24.67
RIOT|2026-07-24|INVALIDATED||22|2026-06-22|30.32|29.55|17.44|0.9804049640757675||||||f||||||ninem_universe_watch|close_22.53_below_sma50_24.63
RIOT|2026-07-27|INVALIDATED||23|2026-06-22|30.32|29.55|17.44|0.9804049640757675||||||f||||||ninem_universe_watch|close_21.97_below_sma20_21.97
RIOT|2026-07-28|INVALIDATED||24|2026-06-22|30.32|29.55|17.44|0.9804049640757675||||||f||||||ninem_universe_watch|close_21.24_below_sma20_21.65
RNG|2026-08-13|WATCH||3|2026-08-07|64.68|64.95|61.34|0.9353680430879714||1|1|1.3123467726982436|0.19613094624940758|f||||||rs_top200+rs_1m_80|runup_94% base_3d close_vs_pivot_+4.8%
RNG|2026-08-19|WATCH||3|2026-08-13|68.45|67.99|62.88|1.0481747456612807||1|1|0.5301889791758239|0.3894598056908812|f||||||rs_top200|runup_105% base_3d close_vs_pivot_-3.7%
RNG|2026-08-20|WATCH||4|2026-08-13|68.45|67.99|62.88|1.0481747456612807||1|1|0.17705485782105645|0.5515939801348355|f||||||rs_top200+rs_1m_80|runup_105% base_4d close_vs_pivot_-4.2%
RNG|2026-08-21|WATCH||5|2026-08-13|68.45|67.99|62.88|1.0481747456612807||1|1|0.5876398942727895|0.17461299715534184|f||||||rs_top200+rs_1m_80|runup_105% base_5d close_vs_pivot_-2.1%
RNG|2026-08-24|WATCH||6|2026-08-13|68.45|67.99|62.88|1.0481747456612807||1|1.0624559969213363|0.1927047487955957|0.6362892648911165|f||||||rs_top200+rs_1m_80|runup_105% base_6d close_vs_pivot_-2.0%
RNG|2026-08-25|WATCH||7|2026-08-13|68.45|67.99|62.88|1.0481747456612807||1|1.0393790238247669|0.6442931533847912|0.18558444092061926|f||||||rs_top200+rs_1m_80|runup_105% base_7d close_vs_pivot_-4.1%
RNG|2026-08-26|WATCH||8|2026-08-13|68.45|67.99|62.88|1.0481747456612807||1.2031874683648962|1.041176536656966|0.8162218652629146|0.6231735402837192|f||||||rs_top200+rs_1m_80|runup_105% base_8d close_vs_pivot_-3.5%
RNG|2026-08-27|WATCH||9|2026-08-13|68.45|67.99|62.88|1.0481747456612807||1.3471429911532284|0.9909348485466496|0.22560952489288513|0.7995866985174244|f||||||rs_top200+rs_1m_80|runup_105% base_9d close_vs_pivot_+0.1%
RNG|2026-08-28|WATCH||10|2026-08-13|68.45|69.78|62.88|1.0481747456612807||1.450060283003648|0.9864136522895198|0.10066438494061185|0.2281726058653805|f||||||rs_top200+rs_1m_80|runup_105% base_10d close_vs_pivot_+1.4%
RNG|2026-09-10|INVALIDATED||3|2026-09-03|77.95|76.43|68.98|1.1016446481531408|0.11507376523412438|||||f||||||rs_top200+rs_1m_80|close_69.04_below_base_low_close_69.64
RNG|2026-09-11|INVALIDATED||4|2026-09-03|77.95|76.43|68.63|1.1016446481531408|0.11956382296343815|||||f||||||rs_top200+rs_1m_80|close_68.92_below_base_low_close_69.04
RNG|2026-09-16|WATCH||7|2026-09-03|77.95|76.43|67.97|1.1016446481531408|0.1280307889672868|1|1.1393255750706381|0.870622966951864|0.373124128693656|f||||||rs_top200+rs_1m_80|runup_110% base_7d close_vs_pivot_-5.7%
RNG|2026-09-17|WATCH||8|2026-09-03|77.95|76.43|67.97|1.1016446481531408|0.1280307889672868|1.112733641997477|1.2215384848131956|0.5375379932221476|0.8787297733511757|f||||||rs_top200+rs_1m_80|runup_110% base_8d close_vs_pivot_-4.1%
RNG|2026-09-18|WATCH||9|2026-09-03|77.95|76.43|67.97|1.1016446481531408|0.1280307889672868|1.2558145338426485|1.2324076637853176|0.9924532662512549|0.5195601738682126|f||||||rs_top200+rs_1m_80|runup_110% base_9d close_vs_pivot_-7.8%
RNG|2026-09-21|WATCH||10|2026-09-03|77.95|76.43|67.97|1.1016446481531408|0.1280307889672868|1.3403528347963358|1.5438420886161681|1.3137546995814695|0.9051571256295656|f||||||rs_top200+rs_1m_80|runup_110% base_10d close_vs_pivot_-0.8%
RNG|2026-09-22|WATCH||11|2026-09-03|77.95|77.7099|67.97|1.1016446481531408|0.1280307889672868|1.3403528347963358|1.4482173434711219|0.6447066763266822|1.286634444565744|f||||||rs_top200+rs_1m_80|runup_110% base_11d close_vs_pivot_+2.3%
RPD|2026-07-21|INVALIDATED||3|2026-07-15|13.75|12.65|11.89|1.2106109324758845||||||f||||||rs_top200+rs_1m_80|close_10.61_below_base_low_close_11.95
RPD|2026-07-22|INVALIDATED||4|2026-07-15|13.75|12.65|10.16|1.2106109324758845||||||f||||||rs_top200+rs_1m_80|close_9.91_below_base_low_close_10.61
RPD|2026-07-23|INVALIDATED||5|2026-07-15|13.75|12.65|9.591|1.2106109324758845||||||f||||||rs_top200|close_9.56_below_base_low_close_9.91
RPD|2026-07-24|INVALIDATED||6|2026-07-15|13.75|12.65|9.54|1.2106109324758845||||||f||||||rs_top200|close_9.49_below_base_low_close_9.56
RPD|2026-08-19|INVALIDATED||5|2026-08-11|14.795|13.9|11.6901|1.3558917197452227||||||f||||||rs_top200+rs_1m_80|close_12.21_below_base_low_close_12.27
RPD|2026-08-20|INVALIDATED||6|2026-08-11|14.795|13.9|11.6901|1.3558917197452227||||||f||||||rs_top200+rs_1m_80|close_11.85_below_base_low_close_12.21
RPD|2026-08-26|INVALIDATED||10|2026-08-11|14.795|13.9|11.345|1.3558917197452227||||||f||||||rs_top200+rs_1m_80|close_11.79_below_base_low_close_11.85
RUBI|2026-07-17|INVALIDATED||22|2026-06-12|31|16.115|3.04|1.7555555555555555||||||f||||||ninem_universe_watch|close_2.62_below_base_low_close_3.49
RUM|2026-08-31|INVALIDATED||3|2026-08-25|10.595|10.24|8.95|0.9369287020109691||||||f||||||rs_top200+rs_1m_80+ninem_universe_watch|close_8.96_below_base_low_close_8.98
RUM|2026-09-01|INVALIDATED||4|2026-08-25|10.595|10.24|8.42|0.9369287020109691||||||f||||||rs_top200+rs_1m_80+ninem_universe_watch|close_8.53_below_base_low_close_8.96
RUM|2026-09-02|WATCH||5|2026-08-25|10.595|10.24|8.42|0.9369287020109691||1|1|0.40173358928182823|0.22164611822445646|f||||||rs_top200+rs_1m_80+ninem_universe_watch|runup_94% base_5d close_vs_pivot_-16.9%
RUM|2026-09-03|TIGHTENING||6|2026-08-25|10.595|10.24|8.42|0.9369287020109691||0.7381015781236416|0.9125312350689859|0.2531472359058548|0.396825396825398|f||||||rs_top200+rs_1m_80+ninem_universe_watch|range_0.74 vol_0.91
RUM|2026-09-04|TIGHTENING||7|2026-08-25|10.595|10.24|8.42|0.9369287020109691||0.6894123831129304|0.8144408319931681|0.566618099401004|0.2620608709729623|f||||||rs_top200+rs_1m_80+ninem_universe_watch+flag_stage_carryforward|range_0.69 vol_0.81
RUM|2026-09-07|TIGHTENING||7|2026-08-25|10.595|10.24|8.42|0.9369287020109691|0.20528551203397838|0.6894123831129304|0.8144408319931681|0.566618099401004|0.2620608709729623|f||||||ninem_universe_watch+flag_stage_carryforward|range_0.69 vol_0.81
RUM|2026-09-08|INVALIDATED||8|2026-08-25|10.595|10.24|8.42|0.9369287020109691|0.20528551203397838|||||f||||||flag_stage_carryforward|close_8.39_below_base_low_close_8.53
RUM|2026-09-09|INVALIDATED||9|2026-08-25|10.595|10.24|8.2|0.9369287020109691|0.226050023596036|||||f||||||flag_stage_carryforward|close_7.52_below_base_low_close_8.39
RUM|2026-09-10|INVALIDATED||10|2026-08-25|10.595|10.24|7.51|0.9369287020109691|0.29117508258612557|||||f||||||flag_stage_carryforward|close_7.37_below_base_low_close_7.52
RUM|2026-09-11|INVALIDATED||11|2026-08-25|10.595|10.24|7.22|0.9369287020109691|0.318546484190656|||||f||||||flag_stage_carryforward|close_7.17_below_base_low_close_7.37
RXT|2026-07-17|INVALIDATED||19|2026-06-17|8.6|7.91|3.87|5.142857142857143||||||f||||||ninem_universe_watch|close_4.15_below_base_low_close_4.21
RXT|2026-07-20|INVALIDATED||20|2026-06-17|8.6|7.91|3.87|5.142857142857143||||||f||||||ninem_universe_watch|close_4.30_below_sma20_5.72
RXT|2026-07-21|INVALIDATED||21|2026-06-17|8.6|7.91|3.87|5.142857142857143||||||f||||||ninem_universe_watch|close_4.39_below_sma20_5.59
RXT|2026-07-22|INVALIDATED||22|2026-06-17|8.6|7.91|3.87|5.142857142857143||||||f||||||ninem_universe_watch|close_4.14_below_base_low_close_4.15
RXT|2026-08-04|INVALIDATED||18|2026-07-08|7.74|6.42|3.56|1.1032608695652173||||||f||||||rs_1m_80+momentum_25pct|close_5.15_below_sma50_5.27
SDGR|2026-09-29|WATCH||3|2026-09-23|31.14|30.24|27.69|1.1162079510703364|0.11078998073217727|1|1|0.4713573588297775|0.47135735882977914|f||||||rs_top200+rs_1m_80+momentum_25pct|runup_112% base_3d close_vs_pivot_-2.6%
SDGR|2026-09-30|WATCH||4|2026-09-23|31.14|30.6|27.69|1.1162079510703364|0.11078998073217727|1|1|0.21636658681709292|0.4457151688432104|f||||||rs_top200+rs_1m_80|runup_112% base_4d close_vs_pivot_-0.3%
SDGR|2026-10-01|WATCH||5|2026-09-23|31.14|32.45|27.69|1.1162079510703364|0.11078998073217727|1|1|0.1281275370876074|0.20665731788323857|f||||||rs_top200+rs_1m_80|runup_112% base_5d close_vs_pivot_-2.2%
SDGR|2026-10-02|WATCH||6|2026-09-23|31.14|32.45|27.69|1.1162079510703364|0.11078998073217727|1|1.276199966517416|0.18147561986585262|0.1308312608335212|f||||||rs_top200+rs_1m_80|runup_112% base_6d close_vs_pivot_-2.7%
SDGR|2026-10-05|WATCH||7|2026-09-23|31.14|32.45|27.69|1.1162079510703364|0.11078998073217727|0.92516436286475|1.4249841357385729|0.9534238355958912|0.18060451511287767|f||||||rs_top200+rs_1m_80|runup_112% base_7d close_vs_pivot_+4.7%
SECZ|2026-10-02|INVALIDATED||3|2026-09-28|17.01|16.76|13.4|2.309338521400779|0.2122281011169901|||||f||||||rs_top200+rs_1m_80|close_12.99_below_base_low_close_13.74
SECZ|2026-10-05|INVALIDATED||4|2026-09-28|17.01|16.76|12.51|2.309338521400779|0.26455026455026465|||||f||||||rs_top200+rs_1m_80|close_11.70_below_base_low_close_12.99
SECZ|2026-10-07|INVALIDATED||6|2026-09-28|17.01|16.76|11.65|2.309338521400779|0.31510875955320405|||||f||||||rs_top200+rs_1m_80|close_11.40_below_base_low_close_11.70
SHAZ|2026-07-23|INVALIDATED||23|2026-06-17|97.48|96.96|58.23|1.5693199789140753||||||f||||||rs_top200|close_70.17_below_sma20_73.57
SHAZ|2026-08-04|INVALIDATED||23|2026-06-30|90.53|84.585|39.13|1.2311768330252617||||||f||||||momentum_25pct|close_55.52_below_sma20_62.89
SHAZ|2026-08-05|INVALIDATED||24|2026-06-30|90.53|84.585|39.13|1.2311768330252617||||||f||||||momentum_25pct|close_57.02_below_sma20_61.94
SHAZ|2026-08-21|INVALIDATED||3|2026-08-17|80|75.7|57.58|1.0444671607462306||||||f||||||rs_1m_80|close_59.07_below_base_low_close_60.85
SHAZ|2026-08-24|INVALIDATED||4|2026-08-17|80|75.7|57.14|1.0444671607462306||||||f||||||rs_1m_80|close_58.38_below_base_low_close_59.07
SHAZ|2026-08-25|INVALIDATED||5|2026-08-17|80|75.7|55.84|1.0444671607462306||||||f||||||rs_1m_80|close_60.97_below_sma50_68.11
SHAZ|2026-08-27|INVALIDATED||7|2026-08-17|80|75.7|55.84|1.0444671607462306||||||f||||||rs_1m_80|close_59.21_below_sma20_60.53
SHAZ|2026-09-18|INVALIDATED||22|2026-08-17|80|75.7|48.81|1.0444671607462306|0.38987499999999997|||||f||||||rs_1m_80|close_57.56_below_sma50_59.60
SHAZ|2026-09-23|INVALIDATED||24|2026-08-18|75.7|69.995|48.81|0.9345770508561206|0.35521796565389696|||||f||||||rs_1m_80|close_57.73_below_sma50_58.93
SKYQ|2026-08-05|INVALIDATED||7|2026-07-24|7|5.36|3.34|5.363636363636363||||||f||||||ninem_universe_watch|close_4.00_below_sma20_4.09
SKYQ|2026-08-06|INVALIDATED||8|2026-07-24|7|5.36|3.34|5.363636363636363||||||f||||||ninem_universe_watch|close_3.86_below_sma20_4.12
SLN|2026-08-14|WATCH||3|2026-08-10|17.5758|16.5234|13.36|1.6956748466257672||1|1|0.21300483720344524|0.07344994386325694|f||||||ninem_universe_watch|runup_170% base_3d close_vs_pivot_-21.9%
SLN|2026-08-17|WATCH||4|2026-08-10|17.5758|16.5234|13.36|1.6956748466257672||1|1|0.4589737565362778|0.22183731565920042|f||||||ninem_universe_watch|runup_170% base_4d close_vs_pivot_-18.4%
SLN|2026-08-18|WATCH||5|2026-08-10|17.5758|16.5234|13.36|1.6956748466257672||1|1|0.054697572655679004|0.468836337048675|f||||||ninem_universe_watch|runup_170% base_5d close_vs_pivot_-19.8%
SLN|2026-08-19|WATCH||6|2026-08-10|17.5758|16.5234|13.36|1.6956748466257672||0.9513937282229951|0.8660568829072347|0.7521228832839049|0.053723063091707685|f||||||ninem_universe_watch|runup_170% base_6d close_vs_pivot_-22.6%
SLN|2026-08-20|INVALIDATED||7|2026-08-10|17.5758|16.5234|13.36|1.6956748466257672||||||f||||||ninem_universe_watch|close_13.17_below_base_low_close_13.58
SLS|2026-07-20|INVALIDATED||13|2026-06-29|15.67|15.8765|11.4|2.247668393782383||||||f||||||flag_stage_carryforward|close_12.47_below_sma20_12.59
SMJF|2026-08-26|WATCH||3|2026-08-20|11.48|11.48|10.84|1.2960000000000003||1|1|0.37894736842105226|0.04210526315789386|f||||||rs_top200+rs_1m_80|runup_130% base_3d close_vs_pivot_-1.3%
STAK|2026-07-30|INVALIDATED||3|2026-07-24|12|5.36|1.6301|12.777267508610793||||||f||||||ninem_universe_watch|close_2.05_below_base_low_close_2.19
STAK|2026-07-31|INVALIDATED||4|2026-07-24|12|5.36|1.6301|12.777267508610793||||||f||||||ninem_universe_watch|close_1.93_below_base_low_close_2.05
STAK|2026-08-04|INVALIDATED||6|2026-07-24|12|5.36|1.6301|12.777267508610793||||||f||||||ninem_universe_watch|close_1.70_below_base_low_close_1.93
STAK|2026-08-05|INVALIDATED||7|2026-07-24|12|5.36|1.6301|12.777267508610793||||||f||||||ninem_universe_watch|close_1.89_below_sma20_2.61
STAK|2026-08-06|INVALIDATED||8|2026-07-24|12|5.36|1.6301|12.777267508610793||||||f||||||ninem_universe_watch|close_1.85_below_sma20_2.53
STAK|2026-08-07|INVALIDATED||9|2026-07-24|12|5.36|1.6301|12.777267508610793||||||f||||||ninem_universe_watch|close_1.70_below_sma20_2.44
STKH|2026-08-25|INVALIDATED||10|2026-08-10|7.1|6.29|2.86|5.572248449504767||||||f||||||ninem_universe_watch|close_3.18_below_sma20_3.21
STTK|2026-07-24|WATCH||3|2026-07-20|7.798|7.57|6.72|1.3417417417417417||1|1|0.12746537380358963|0.30273026278352433|f||||||rs_1m_80|runup_134% base_3d close_vs_pivot_-4.7%
SXTC|2026-08-18|INVALIDATED||19|2026-07-21|228|191.2|3.1|1.021276595744681||||||f||||||ninem_universe_watch|close_5.13_below_sma20_13.74
SXTC|2026-08-19|INVALIDATED||20|2026-07-21|228|191.2|3.1|1.021276595744681||||||f||||||ninem_universe_watch|close_4.54_below_sma20_5.88
SXTC|2026-08-20|INVALIDATED||21|2026-07-21|228|191.2|3.1|1.021276595744681||||||f||||||ninem_universe_watch|close_3.63_below_sma20_4.73
SXTC|2026-08-21|INVALIDATED||22|2026-07-21|228|191.2|3.1|1.021276595744681||||||f||||||ninem_universe_watch|close_4.10_below_sma20_4.68
SXTC|2026-08-24|INVALIDATED||23|2026-07-21|228|191.2|3.1|1.021276595744681||||||f||||||ninem_universe_watch|close_3.80_below_sma20_4.59
SXTC|2026-08-25|INVALIDATED||24|2026-07-21|228|191.2|3.1|1.021276595744681||||||f||||||ninem_universe_watch|close_3.58_below_sma20_4.54
TDIC|2026-07-17|INVALIDATED||20|2026-06-16|10.5|8.2532|3|1.0781791192478969||||||f||||||ninem_universe_watch|close_3.02_below_base_low_close_3.27
TE|2026-08-04|INVALIDATED||21|2026-07-02|10.01|9.3|3.495|0.9940239043824703||||||f||||||momentum_25pct|close_5.43_below_sma20_5.69
TE|2026-08-05|INVALIDATED||22|2026-07-02|10.01|9.3|3.495|0.9940239043824703||||||f||||||momentum_25pct|close_5.47_below_sma20_5.59
TE|2026-08-06|INVALIDATED||23|2026-07-02|10.01|9.3|3.495|0.9940239043824703||||||f||||||momentum_25pct|close_5.55_below_sma50_7.74
TE|2026-08-07|INVALIDATED||24|2026-07-02|10.01|9.3|3.495|0.9940239043824703||||||f||||||momentum_25pct|close_5.85_below_sma50_7.64
TEAM|2026-08-19|WATCH||3|2026-08-13|167.11|167.87|156.5501|1.245800295659186||1|1|1.2197470895693927|0.4272014370758091|f||||||rs_top200+rs_1m_80+momentum_25pct+ninem_universe_watch|runup_125% base_3d close_vs_pivot_+4.3%
TEAM|2026-08-25|INVALIDATED||3|2026-08-19|176.15|177.88|168.01|1.367289342830265||||||f||||||rs_top200+rs_1m_80|close_166.49_below_base_low_close_171.33
TEAM|2026-08-26|WATCH||4|2026-08-19|176.15|177.88|165.1|1.367289342830265||1|1|0.6101389432629882|0.3901504798985183|f||||||rs_top200+rs_1m_80|runup_137% base_4d close_vs_pivot_-4.4%
TEAM|2026-08-27|WATCH||5|2026-08-19|176.15|177.88|160.962|1.367289342830265||1|1|1.8894507291697964|0.7378180043509021|f||||||rs_top200+rs_1m_80|runup_137% base_5d close_vs_pivot_+5.4%
TEAM|2026-09-03|WATCH||3|2026-08-28|194.96|197.3|184.73|1.4370000000000003||1|1|0.4329724722819341|0.11967912317375348|f||||||rs_top200+rs_1m_80|runup_144% base_3d close_vs_pivot_-0.1%
TEAM|2026-09-04|WATCH||4|2026-08-28|194.96|198.5999|184.73|1.4370000000000003||1|1|0.01357479563219714|0.4249955247926477|f||||||rs_top200+rs_1m_80|runup_144% base_4d close_vs_pivot_-2.8%
TEAM|2026-09-08|INVALIDATED||5|2026-08-28|194.96|198.5999|184.73|1.4370000000000003|0.05247230201066899|||||f||||||rs_top200+rs_1m_80|close_176.42_below_base_low_close_186.44
TEAM|2026-09-09|WATCH||6|2026-08-28|194.96|198.5999|175.53|1.4370000000000003|0.09966146901928608|1|0.9339580277912046|0.15363277499199796|0.8503147338098788|f||||||rs_top200|runup_144% base_6d close_vs_pivot_-8.8%
TEAM|2026-09-10|WATCH||7|2026-08-28|194.96|198.5999|174.21|1.4370000000000003|0.1064320886335659|0.9364403089072134|0.9177188314034345|0.5346702331278788|0.15067028095971555|f||||||rs_top200+rs_1m_80|runup_144% base_7d close_vs_pivot_-7.9%
TEAM|2026-09-11|WATCH||8|2026-08-28|194.96|198.5999|174.21|1.4370000000000003|0.1064320886335659|1.1036660354015921|0.894799913554605|0.11556482497532805|0.5417763813063653|f||||||rs_top200+rs_1m_80|runup_144% base_8d close_vs_pivot_-7.8%
TEAM|2026-09-14|WATCH||9|2026-08-28|194.96|198.5999|174.21|1.4370000000000003|0.1064320886335659|0.9209301149523202|0.808860323048421|0.6465084127334808|0.10874910029004257|f||||||rs_top200+rs_1m_80|runup_144% base_9d close_vs_pivot_-1.1%
TEAM|2026-09-15|WATCH||10|2026-08-28|194.96|198.5999|174.21|1.4370000000000003|0.1064320886335659|1.1036660354015921|0.8783419091344518|0.2651881730008637|0.6465084127334808|f||||||rs_top200+rs_1m_80|runup_144% base_10d close_vs_pivot_-2.6%
TEAM|2026-09-16|WATCH||11|2026-08-28|194.96|198.5999|174.21|1.4370000000000003|0.1064320886335659|0.878498435504701|0.7860219665887449|0.4873000838116821|0.27097146919904985|f||||||rs_top200+rs_1m_80|runup_144% base_11d close_vs_pivot_-2.4%
TEAM|2026-09-17|WATCH||12|2026-08-28|194.96|198.5999|174.21|1.4370000000000003|0.1064320886335659|0.7909950027284649|0.734986134092645|0.42143964969973213|0.5152126663848393|f||||||rs_top200+rs_1m_80|runup_144% base_12d close_vs_pivot_-1.2%
TEAM|2026-09-18|WATCH||13|2026-08-28|194.96|198.5999|174.21|1.4370000000000003|0.1064320886335659|0.7909950027284649|0.7025132953787457|0.16222089385774102|0.43743703102329096|f||||||rs_top200|runup_144% base_13d close_vs_pivot_-1.5%
TEAM|2026-09-21|WATCH||14|2026-08-28|194.96|198.5999|174.21|1.4370000000000003|0.1064320886335659|0.7909950027284649|1.0935008680283467|0.13890026461648108|0.1664507303255367|f||||||rs_top200|runup_144% base_14d close_vs_pivot_+0.4%
TEAM|2026-09-22|TIGHTENING||15|2026-08-28|194.96|198.5999|174.21|1.4370000000000003|0.1064320886335659|0.7070176547013473|1.0570334491987579|1.2447319111058366|0.132698291844761|f||||||rs_top200|range_0.71 vol_1.06
TEAM|2026-09-23|TIGHTENING||15|2026-08-31|197.3|200|174.21|1.46625|0.11702990369994937|0.7070176547013473|1.1772017467812503|0.5543556038289073|1.2434656330944844|f||||||rs_top200+rs_1m_80+flag_stage_carryforward|range_0.71 vol_1.18
TEAM|2026-09-24|TIGHTENING|WATCH|16|2026-08-31|197.3|200|174.21|1.46625|0.11702990369994937|0.9092588808543358|1.165638046896583|0.3789121106880007|0.5809985697216042|f||||||rs_top200+flag_stage_carryforward|runup_147% base_16d close_vs_pivot_-2.4%
TEAM|2026-09-25|INVALIDATED||17|2026-08-31|197.3|200|174.21|1.46625|0.11702990369994937|||||f||||||rs_top200+flag_stage_carryforward|close_187.74_below_sma20_188.65
TEAM|2026-09-28|INVALIDATED||18|2026-08-31|197.3|200|174.21|1.46625|0.11702990369994937|||||f||||||flag_stage_carryforward|close_178.54_below_sma20_188.05
TEAM|2026-09-29|INVALIDATED||19|2026-08-31|197.3|200|173.5|1.46625|0.1206284845413077|||||f||||||rs_top200+flag_stage_carryforward|close_175.96_below_base_low_close_176.42
TEAM|2026-09-30|INVALIDATED||20|2026-08-31|197.3|200|168.05|1.46625|0.14825139381652308|||||f||||||rs_top200|close_179.29_below_sma20_186.75
TEAM|2026-10-01|WATCH||21|2026-08-31|197.3|200|168.05|1.46625|0.14825139381652308|0.9929258425563438|0.8233557804427293|0.6649126405225458|0.310972874687037|f||||||rs_top200+rs_1m_80|runup_147% base_21d close_vs_pivot_-3.7%
TEAM|2026-10-02|WATCH||22|2026-08-31|197.3|200|168.05|1.46625|0.14825139381652308|1.3304306627137241|0.8729947802404203|0.3538687228643472|0.7100315703501792|f||||||rs_top200+rs_1m_80|runup_147% base_22d close_vs_pivot_-4.8%
TEAM|2026-10-05|WATCH||23|2026-08-31|197.3|200|168.05|1.46625|0.14825139381652308|1.3304306627137241|0.863440274461897|1.002372763493951|0.34263933245194955|f||||||rs_top200|runup_147% base_23d close_vs_pivot_-0.3%
TEM|2026-09-23|INVALIDATED||3|2026-09-17|81.28|81.83|75.81|0.9936227618346822|0.06729822834645671|||||f||||||rs_top200+rs_1m_80+momentum_25pct|close_76.59_below_base_low_close_77.19
TEM|2026-09-24|WATCH||4|2026-09-17|81.28|81.83|75.81|0.9936227618346822|0.06729822834645671|1|1|1.4257527959214449|0.026120661910012208|f||||||rs_top200+rs_1m_80+momentum_25pct|runup_99% base_4d close_vs_pivot_+1.2%
TEM|2026-09-25|WATCH||5|2026-09-17|81.28|82.46|74.81|0.9936227618346822|0.0796013779527559|1|1|0.2777740057244707|1.3835891539887952|f||||||rs_top200+rs_1m_80+momentum_25pct|runup_99% base_5d close_vs_pivot_+4.6%
TEM|2026-10-05|WATCH||3|2026-09-29|89.09|86.25|75.8002|0.9886160714285717|0.14917274666068026|1|1|1.2459743550547575|0.1323961105080028|f||||||rs_top200+rs_1m_80|runup_99% base_3d close_vs_pivot_-6.2%
TEM|2026-10-06|INVALIDATED||4|2026-09-29|89.09|86.25|75.8002|0.9886160714285717|0.14917274666068026|||||f||||||rs_top200|close_71.98_below_base_low_close_76.50
TEM|2026-10-07|INVALIDATED||5|2026-09-29|89.09|87.99|71.34|0.9886160714285717|0.19923672690537653|||||f||||||rs_top200|close_70.35_below_base_low_close_71.98
TJGC|2026-09-08|WATCH||3|2026-09-01|10.6099|10.8|8.8|2.336446540880503|0.17058596216740962|1|1|0.05589836660617031|0.41669691470054465|f||||||rs_top200+rs_1m_80+momentum_25pct|runup_234% base_3d close_vs_pivot_-0.9%
TJGC|2026-09-09|COILED||4|2026-09-01|10.6099|10.8|8.8|2.336446540880503|0.17058596216740962|1|1|0.17974322396576292|0.054921540656205144|t||||||rs_top200+rs_1m_80+momentum_25pct|fresh_2bar 3.4%/atr 9.5% bodies_0.18/0.05
TJGC|2026-09-10|COILED||5|2026-09-01|10.6099|10.8|8.8|2.336446540880503|0.17058596216740962|1|1|0.05965909090909141|0.17897727272727249|t||||||rs_top200+rs_1m_80+momentum_25pct+flag_stage_carryforward|fresh_2bar 3.8%/atr 9.4% bodies_0.06/0.18
TJGC|2026-09-11|COILED|WATCH|6|2026-09-01|10.6099|10.83|8.8|2.336446540880503|0.17058596216740962|0.8037332083723832|0.9432132690425122|0.5073825503355698|0.056375838926174975|f||||||rs_top200+rs_1m_80+flag_stage_carryforward|runup_234% base_6d close_vs_pivot_+5.5%
TRAX|2026-07-17|WATCH||4|2026-07-10|38.4889|36.92|33.255|1.6147350543478258||1|1|0.1935913888640185|0.20891157071656663|f||||||rs_top200+rs_1m_80+momentum_25pct|runup_161% base_4d close_vs_pivot_-5.1%
TRAX|2026-07-27|WATCH||3|2026-07-21|42.9|39.43|34.72|1.9144021739130435||1|1|0.2760634180653774|0.39555355424292876|f||||||rs_top200+rs_1m_80|runup_191% base_3d close_vs_pivot_-2.0%
TRAX|2026-08-10|WATCH||3|2026-08-04|49.5809|47.9775|44.67|2.233185523312683||1|1|0.5296729859929402|0.14380262063156776|f||||||rs_top200+rs_1m_80|runup_223% base_3d close_vs_pivot_-3.3%
TRAX|2026-08-11|WATCH||4|2026-08-04|49.5809|48.49|44.67|2.233185523312683||1|1|0.53289487405883|0.5377614939132493|f||||||rs_top200+rs_1m_80|runup_223% base_4d close_vs_pivot_-5.7%
TRAX|2026-08-12|WATCH||5|2026-08-04|49.5809|49.9114|44.67|2.233185523312683||1|1|0.10007008392637269|0.5345206921920921|f||||||rs_top200+rs_1m_80|runup_223% base_5d close_vs_pivot_-7.0%
TRAX|2026-08-13|INVALIDATED||6|2026-08-04|49.5809|49.9114|44.67|2.233185523312683||||||f||||||rs_top200+rs_1m_80|close_44.03_below_base_low_close_45.31
TRAX|2026-08-14|WATCH||7|2026-08-04|49.5809|49.9114|43|2.233185523312683||1.052092105584452|0.931274170571159|0.1633809391587084|0.5971855017525214|f||||||rs_top200+rs_1m_80|runup_223% base_7d close_vs_pivot_-11.2%
TWST|2026-08-04|WATCH||21|2026-07-02|105.47|104.4|80.59|1.1972916666666666||0.940689315240139|1.0670859601272593|0.8903732900491942|2.4290281837151446|f||||||rs_top200|runup_120% base_21d close_vs_pivot_-5.7%
TWST|2026-08-05|WATCH||22|2026-07-02|105.47|106.58|80.59|1.1972916666666666||0.995983072574459|1.0472343609683419|1.1946973430691075|0.8110528584964874|f||||||rs_top200+rs_1m_80+momentum_25pct|runup_120% base_22d close_vs_pivot_+9.0%
TWST|2026-08-31|INVALIDATED||3|2026-08-25|154.96|155.44|140.99|0.9228192083385036||||||f||||||rs_top200+rs_1m_80|close_139.00_below_base_low_close_141.38
TWST|2026-09-01|INVALIDATED||4|2026-08-25|154.96|155.44|135|0.9228192083385036||||||f||||||rs_top200+rs_1m_80|close_132.06_below_base_low_close_139.00
TWST|2026-09-02|INVALIDATED||5|2026-08-25|154.96|155.44|131|0.9228192083385036||||||f||||||rs_top200|close_131.00_below_base_low_close_132.06
TWST|2026-09-03|INVALIDATED||6|2026-08-25|154.96|155.44|126.42|0.9228192083385036||||||f||||||rs_top200|close_128.71_below_base_low_close_131.00
TWST|2026-09-04|INVALIDATED||7|2026-08-25|154.96|155.44|126.42|0.9228192083385036||||||f||||||rs_top200+rs_1m_80|close_124.72_below_base_low_close_128.71
TWST|2026-09-08|INVALIDATED||8|2026-08-25|154.96|155.44|123.75|0.9228192083385036|0.2014068146618483|||||f||||||rs_top200+rs_1m_80|close_128.06_below_sma20_133.87
TXG|2026-07-20|INVALIDATED||3|2026-07-14|45.82|46.32|42.17|1.2007684918347743||||||f||||||rs_top200+rs_1m_80|close_43.22_below_base_low_close_43.74
TXG|2026-07-21|WATCH||4|2026-07-14|45.82|46.32|41.93|1.2007684918347743||1|1|1.5168955523541328|0.030405478777700903|f||||||rs_top200+rs_1m_80+momentum_25pct|runup_120% base_4d close_vs_pivot_+3.0%
TXG|2026-07-22|WATCH||4|2026-07-15|46.32|47.25|41.93|1.2183908045977012||1|1|0.15745759769583575|1.5369230731615486|f||||||rs_top200+rs_1m_80|runup_122% base_4d close_vs_pivot_+1.6%
TXG|2026-07-29|WATCH||3|2026-07-23|49.5|48.77|45.01|1.0868465430016863||1|1|0.3581310362829538|0.4129470112242219|f||||||rs_top200+rs_1m_80|runup_109% base_3d close_vs_pivot_-6.4%
TXG|2026-07-30|WATCH||4|2026-07-23|49.5|48.77|45.01|1.0868465430016863||1|1|0.5244755244755246|0.34265734265734166|f||||||rs_top200+rs_1m_80|runup_109% base_4d close_vs_pivot_-0.1%
TXG|2026-07-31|WATCH||5|2026-07-23|49.5|49.84|45.01|1.0868465430016863||1|1|0.8678323353293392|0.5029940119760479|f||||||rs_top200+rs_1m_80|runup_109% base_5d close_vs_pivot_-4.5%
TXG|2026-08-07|WATCH||10|2026-07-23|49.5|50.34|44.7901|1.0868465430016863||0.9287864095169442|1.142135280153996|1.9978157098177072|0.37688854648401415|f||||||rs_top200+rs_1m_80|runup_109% base_10d close_vs_pivot_+5.1%
TXG|2026-08-14|INVALIDATED||3|2026-08-10|59.87|60.69|55.73|1.1088411412469177||||||f||||||rs_top200+rs_1m_80|close_56.09_below_base_low_close_57.75
TXG|2026-08-17|WATCH||4|2026-08-10|59.87|60.69|55.73|1.1088411412469177||1|1|0.6004597806320269|0.2828832744310869|f||||||rs_top200+rs_1m_80+momentum_25pct|runup_111% base_4d close_vs_pivot_-3.1%
TXG|2026-08-18|INVALIDATED||5|2026-08-10|59.87|60.69|55.62|1.1088411412469177||||||f||||||rs_top200+rs_1m_80|close_55.63_below_base_low_close_56.09
TXG|2026-08-19|WATCH||6|2026-08-10|59.87|60.69|55.25|1.1088411412469177||1|0.8445353861793135|0.9250476911108031|0.34067616581231136|f||||||rs_top200+rs_1m_80+momentum_25pct|runup_111% base_6d close_vs_pivot_+3.9%
UBXG|2026-07-17|INVALIDATED||20|2026-06-16|12.88|11.95|2.12|3.6836363636363636||||||f||||||ninem_universe_watch|close_5.03_below_sma20_5.96
UBXG|2026-07-20|INVALIDATED||20|2026-06-16|12.88|11.95|2.12|3.6836363636363636||||||f||||||ninem_universe_watch|close_5.03_below_sma20_5.96
UBXG|2026-07-21|INVALIDATED||20|2026-06-16|12.88|11.95|2.12|3.6836363636363636||||||f||||||ninem_universe_watch|close_5.03_below_sma20_5.96
UBXG|2026-07-22|INVALIDATED||20|2026-06-16|12.88|11.95|2.12|3.6836363636363636||||||f||||||ninem_universe_watch|close_5.03_below_sma20_5.96
UBXG|2026-07-23|INVALIDATED||20|2026-06-16|12.88|11.95|2.12|3.6836363636363636||||||f||||||ninem_universe_watch|close_5.03_below_sma20_5.96
UBXG|2026-07-24|INVALIDATED||20|2026-06-16|12.88|11.95|2.12|3.6836363636363636||||||f||||||ninem_universe_watch|close_5.03_below_sma20_5.96
UBXG|2026-07-27|INVALIDATED||20|2026-06-16|12.88|11.95|2.12|3.6836363636363636||||||f||||||ninem_universe_watch|close_5.03_below_sma20_5.96
UBXG|2026-07-28|INVALIDATED||20|2026-06-16|12.88|11.95|2.12|3.6836363636363636||||||f||||||ninem_universe_watch|close_5.03_below_sma20_5.96
UMAC|2026-07-31|INVALIDATED||19|2026-07-02|25.939|22.59|15.78|1.0037852452684435||||||f||||||rs_1m_80|close_21.16_below_sma50_21.82
UMAC|2026-08-20|INVALIDATED||3|2026-08-14|34.9264|33.3899|27.33|1.2133333333333334||||||f||||||rs_1m_80+ninem_universe_watch|close_25.98_below_base_low_close_28.30
UMAC|2026-08-24|INVALIDATED||5|2026-08-14|34.9264|33.3899|25.07|1.2133333333333334||||||f||||||ninem_universe_watch|close_24.57_below_base_low_close_25.98
UMAC|2026-08-25|INVALIDATED||6|2026-08-14|34.9264|33.3899|24.35|1.2133333333333334||||||f||||||ninem_universe_watch|close_24.35_below_base_low_close_24.57
UMAC|2026-08-26|INVALIDATED||7|2026-08-14|34.9264|33.3899|24.17|1.2133333333333334||||||f||||||ninem_universe_watch|close_23.89_below_base_low_close_24.35
UMAC|2026-08-27|INVALIDATED||8|2026-08-14|34.9264|33.3899|23.25|1.2133333333333334||||||f||||||rs_top200+rs_1m_80+ninem_universe_watch|close_26.30_below_sma20_26.50
UMAC|2026-08-28|INVALIDATED||9|2026-08-14|34.9264|33.3899|23.25|1.2133333333333334||||||f||||||ninem_universe_watch|close_23.98_below_sma20_26.64
USDE|2026-10-07|INVALIDATED||4|2026-09-30|18.11|16.6|13.53|8.684491978609625|0.25289895085588077|||||f||||||rs_top200+rs_1m_80|close_13.82_below_base_low_close_14.15
USDE|2026-10-08|INVALIDATED||5|2026-09-30|18.11|16.6|12.8|8.684491978609625|0.293208172280508|||||f||||||rs_top200+rs_1m_80|close_12.79_below_base_low_close_13.82
USDE|2026-10-09|INVALIDATED||6|2026-09-30|18.11|16.6|12.07|8.684491978609625|0.3335173937051352|||||f||||||rs_top200+rs_1m_80|close_12.30_below_base_low_close_12.79
VCYT|2026-07-17|TIGHTENING||14|2026-06-25|60.281|60.91|54.25|0.934563543003851||0.9954823053227327|0.5072653458357758|0.7381220422904706|0.05705291148139035|f||||||flag_stage_carryforward|range_1.00 vol_0.51
VCYT|2026-07-20|INVALIDATED||15|2026-06-25|60.281|60.91|54.25|0.934563543003851||||||f||||||flag_stage_carryforward|close_57.26_below_sma20_57.72
VCYT|2026-07-21|WATCH||16|2026-06-25|60.281|60.91|54.25|0.934563543003851||0.9954823053227327|0.7471842346768545|1.02503013409673|0.5273466927828843|f||||||flag_stage_carryforward|runup_93% base_16d close_vs_pivot_-1.2%
VCYT|2026-07-22|INVALIDATED||17|2026-06-25|60.281|60.91|54.25|0.934563543003851||||||f||||||flag_stage_carryforward|close_58.01_below_sma20_58.25
VCYT|2026-07-23|INVALIDATED||18|2026-06-25|60.281|60.91|54.25|0.934563543003851||||||f||||||rs_top200|close_57.88_below_sma20_58.30
VELO|2026-08-18|INVALIDATED||3|2026-08-12|17.61|16.47|14.65|1.0951814396192745||||||f||||||rs_1m_80|close_14.63_below_base_low_close_15.38
VELO|2026-08-19|INVALIDATED||4|2026-08-12|17.61|16.47|14.43|1.0951814396192745||||||f||||||rs_1m_80|close_13.89_below_base_low_close_14.63
VELO|2026-08-20|INVALIDATED||5|2026-08-12|17.61|16.47|13.5119|1.0951814396192745||||||f||||||rs_1m_80|close_13.17_below_base_low_close_13.89
VELO|2026-08-21|INVALIDATED||6|2026-08-12|17.61|16.47|13.005|1.0951814396192745||||||f||||||rs_1m_80|close_13.29_below_sma50_15.20
VELO|2026-08-24|INVALIDATED||7|2026-08-12|17.61|16.47|12.7127|1.0951814396192745||||||f||||||rs_1m_80|close_12.47_below_base_low_close_13.17
VICR|2026-10-07|INVALIDATED||3|2026-10-01|331|313.56|293.0666|0.9181722773688703|0.11460241691842898|||||f||||||rs_1m_80|close_282.78_below_base_low_close_299.29
VICR|2026-10-08|INVALIDATED||4|2026-10-01|331|313.56|276.65|0.9181722773688703|0.16419939577039278|||||f||||||rs_1m_80|close_262.32_below_base_low_close_282.78
VICR|2026-10-09|WATCH||5|2026-10-01|331|313.56|250.4|0.9181722773688703|0.24350453172205433|1|1|0.0906052876019624|0.6094397766068744|f||||||rs_1m_80|runup_92% base_5d close_vs_pivot_-19.6%
VIVK|2026-07-28|INVALIDATED||4|2026-07-21|9.63|3.92|1.45|5.37748344370861||||||f||||||ninem_universe_watch|close_1.94_below_sma20_4.45
VIVK|2026-07-29|INVALIDATED||5|2026-07-21|9.63|3.92|1.45|5.37748344370861||||||f||||||ninem_universe_watch|close_2.40_below_sma20_4.24
VIVK|2026-07-30|INVALIDATED||6|2026-07-21|9.63|3.92|1.45|5.37748344370861||||||f||||||ninem_universe_watch|close_2.03_below_sma20_4.00
VIVK|2026-07-31|INVALIDATED||7|2026-07-21|9.63|3.92|1.45|5.37748344370861||||||f||||||ninem_universe_watch|close_1.94_below_sma20_3.76
VIVK|2026-08-04|INVALIDATED||9|2026-07-21|9.63|3.92|1.45|5.37748344370861||||||f||||||ninem_universe_watch|close_1.65_below_sma20_3.30
VOYG|2026-08-19|INVALIDATED||3|2026-08-13|45.33|45.4|41.53|1.0318242940385476||||||f||||||rs_1m_80|close_38.85_below_base_low_close_42.24
VOYG|2026-08-20|INVALIDATED||4|2026-08-13|45.33|45.4|38.35|1.0318242940385476||||||f||||||rs_1m_80|close_37.92_below_base_low_close_38.85
VOYG|2026-08-21|WATCH||5|2026-08-13|45.33|45.4|35.86|1.0318242940385476||1|1|0.12857789921246185|0.09643342440934483|f||||||rs_1m_80|runup_103% base_5d close_vs_pivot_-15.3%
VOYG|2026-08-24|INVALIDATED||6|2026-08-13|45.33|45.4|35.86|1.0318242940385476||||||f||||||rs_1m_80|close_35.50_below_base_low_close_37.92
VRAX|2026-07-17|INVALIDATED||5|2026-07-09|13.19|4.96|3.32|4.132295719844358||||||f||||||ninem_universe_watch|close_3.79_below_sma50_4.43
VSH|2026-08-04|INVALIDATED||24|2026-06-29|56.44|55|29.6808|0.9887244538407329||||||f||||||momentum_25pct|close_38.85_below_sma50_49.00
WDAY|2026-08-19|WATCH||3|2026-08-13|227.49|208|189.31|1.0402690582959644||1|1|0.66792670519999|0.38562847521757093|f||||||rs_top200+rs_1m_80|runup_104% base_3d close_vs_pivot_-12.8%
WDAY|2026-08-20|WATCH||4|2026-08-13|227.49|208|189.31|1.0402690582959644||1|1|0.026961980598206335|0.6807900101047231|f||||||rs_top200+rs_1m_80|runup_104% base_4d close_vs_pivot_-13.3%
WDAY|2026-08-21|COILED||5|2026-08-13|227.49|208|189.31|1.0402690582959644||1|1|0.20025686182337687|0.027385553753623566|t||||||rs_top200+rs_1m_80|fresh_2bar 3.4%/atr 5.8% bodies_0.20/0.03
WDAY|2026-08-24|COILED||6|2026-08-13|227.49|208|189.31|1.0402690582959644||0.6896009521829156|0.8090257561083177|0.048734208059623835|0.20734190338095176|t||||||rs_top200+rs_1m_80+flag_stage_carryforward|fresh_2bar 3.4%/atr 5.7% bodies_0.05/0.21
WDAY|2026-08-25|COILED|TIGHTENING|7|2026-08-13|227.49|208|189.31|1.0402690582959644||0.5780209340920741|0.732438089278321|0.155634256969593|0.04863570530299577|t||||||rs_top200+rs_1m_80+flag_stage_carryforward|range_0.58 vol_0.73 fresh
WDAY|2026-08-26|COILED|TIGHTENING|8|2026-08-13|227.49|208|189.31|1.0402690582959644||0.5780209340920741|0.7206381240820395|0.23014253101774998|0.15760733641682703|t||||||rs_top200+rs_1m_80+flag_stage_carryforward|range_0.58 vol_0.72 fresh
WDAY|2026-08-27|COILED|TIGHTENING|9|2026-08-13|227.49|208|188.052|1.0402690582959644||0.5780209340920741|0.6536589310407442|0.16629031745094314|0.233533396638754|f||||||rs_top200+rs_1m_80+flag_stage_carryforward|range_0.58 vol_0.65
WDAY|2026-08-28|TRIGGERED||10|2026-08-13|227.49|208|188.052|1.0402690582959644||0.6811478254544836|0.8276309870175881|1.2055996349344196|0.1571401233568379|f|204.72|2.149578387524449||||rs_top200+rs_1m_80+flag_stage_carryforward|close_204.72>base_high_close_200.01 vol_2.15x
WDAY|2026-08-31|TRIGGERED|TIGHTENING|11|2026-08-13|227.49|208|188.052|1.0402690582959644||0.6811478254544836|1.042566641453909|0.30639166382522887|1.1883256795873496|f||||||rs_top200+rs_1m_80+flag_stage_carryforward|range_0.68 vol_1.04
WDAY|2026-09-01|TRIGGERED|WATCH|12|2026-08-13|227.49|208|188.052|1.0402690582959644||0.8390768855738847|1.1227994900881137|0.169618496333228|0.3039697805575701|f||||||rs_top200+rs_1m_80+flag_stage_carryforward|runup_104% base_12d close_vs_pivot_-12.8%
WDAY|2026-09-02|TRIGGERED|WATCH|13|2026-08-13|227.49|208|188.052|1.0402690582959644||0.9691467923262735|1.1291698532048546|0.3037321393631128|0.23152412132584188|f||||||rs_top200+rs_1m_80|runup_104% base_13d close_vs_pivot_-11.7%
WDC|2026-07-23|INVALIDATED||22|2026-06-18|799.87|779.8|430.5215|1.138575477247206||||||f||||||rs_top200|close_558.30_below_sma20_561.89
WETO|2026-09-01|INVALIDATED||9|2026-08-18|53.5899|36.29|5.3|18.84811111111111||||||f||||||ninem_universe_watch|close_5.94_below_sma20_13.74
WETO|2026-09-02|INVALIDATED||10|2026-08-18|53.5899|36.29|5.3|18.84811111111111||||||f||||||ninem_universe_watch|close_3.93_below_base_low_close_5.48
WETO|2026-09-03|INVALIDATED||11|2026-08-18|53.5899|36.29|3.48|18.84811111111111||||||f||||||ninem_universe_watch|close_3.22_below_base_low_close_3.93
WETO|2026-09-04|INVALIDATED||12|2026-08-18|53.5899|36.29|3.05|18.84811111111111||||||f||||||ninem_universe_watch|close_2.55_below_base_low_close_3.22
WETO|2026-09-07|INVALIDATED||12|2026-08-18|53.5899|36.29|3.05|18.84811111111111|0.9430862905136975|||||f||||||ninem_universe_watch|close_2.55_below_base_low_close_3.22
WETO|2026-09-08|INVALIDATED||13|2026-08-18|53.5899|36.29|2.4301|18.84811111111111|0.9546537687138807|||||f||||||ninem_universe_watch|close_2.54_below_base_low_close_2.55
WETO|2026-09-09|INVALIDATED||14|2026-08-18|53.5899|36.29|2.25|18.84811111111111|0.9580144766084654|||||f||||||ninem_universe_watch|close_2.41_below_base_low_close_2.54
WETO|2026-09-10|INVALIDATED||15|2026-08-18|53.5899|36.29|2.25|18.84811111111111|0.9580144766084654|||||f||||||ninem_universe_watch|close_2.58_below_sma20_13.14
WETO|2026-09-11|INVALIDATED||16|2026-08-18|53.5899|36.29|2.25|18.84811111111111|0.9580144766084654|||||f||||||ninem_universe_watch|close_2.44_below_sma20_13.08
WETO|2026-09-14|INVALIDATED||17|2026-08-18|53.5899|36.29|2.25|18.84811111111111|0.9580144766084654|||||f||||||ninem_universe_watch|close_2.33_below_base_low_close_2.41
WETO|2026-09-15|INVALIDATED||18|2026-08-18|53.5899|36.29|2.25|18.84811111111111|0.9580144766084654|||||f||||||ninem_universe_watch|close_2.01_below_base_low_close_2.33
WFF|2026-08-21|INVALIDATED||3|2026-08-17|10.71|2.8|1.9524|6.7050359712230225||||||f||||||ninem_universe_watch|close_2.07_below_base_low_close_2.20
WFF|2026-08-24|INVALIDATED||4|2026-08-17|10.71|2.8|1.9524|6.7050359712230225||||||f||||||ninem_universe_watch|close_1.98_below_base_low_close_2.07
WFF|2026-08-25|INVALIDATED||5|2026-08-17|10.71|2.8|1.92|6.7050359712230225||||||f||||||ninem_universe_watch|close_1.98_below_sma20_2.13
WFF|2026-08-26|INVALIDATED||6|2026-08-17|10.71|2.8|1.91|6.7050359712230225||||||f||||||ninem_universe_watch|close_1.90_below_base_low_close_1.98
WFF|2026-08-27|INVALIDATED||7|2026-08-17|10.71|2.8|1.81|6.7050359712230225||||||f||||||ninem_universe_watch|close_1.89_below_base_low_close_1.90
WFF|2026-08-28|INVALIDATED||8|2026-08-17|10.71|2.8|1.81|6.7050359712230225||||||f||||||ninem_universe_watch|close_1.72_below_base_low_close_1.89
WFF|2026-08-31|INVALIDATED||9|2026-08-17|10.71|2.8|1.665|6.7050359712230225||||||f||||||ninem_universe_watch|close_2.02_below_sma20_2.06
WNC|2026-07-23|WATCH||17|2026-06-26|14.32|14.125|11.5|1.1598793363499245||0.8925771410133758|3.082489945411764|0.8002444096226433|0.5242980614769053|f||||||rs_top200|runup_116% base_17d close_vs_pivot_-7.1%
WNC|2026-07-24|WATCH||18|2026-06-26|14.32|14.125|11.5|1.1598793363499245||1.0228643699330338|1.587626536123467|0.09699225051712743|0.8036500757133384|f||||||rs_top200|runup_116% base_18d close_vs_pivot_-6.8%
WNC|2026-07-27|WATCH||19|2026-06-26|14.32|14.125|11.5|1.1598793363499245||0.8925771410133758|1.4062064821470124|0.19700670425876057|0.09850335212938154|f||||||rs_top200|runup_116% base_19d close_vs_pivot_-7.7%
WNC|2026-07-28|WATCH||20|2026-06-26|14.32|14.125|11.5|1.1598793363499245||1.0228643699330338|1.3223731314472766|0.014043675831836714|0.1966114616457165|f||||||rs_top200+rs_1m_80|runup_116% base_20d close_vs_pivot_-7.1%
WYFI|2026-07-30|INVALIDATED||24|2026-06-24|44.9325|41.49|20.37|2.2325539568345323||||||f||||||momentum_25pct|close_26.25_below_sma20_29.44
XHLD|2026-09-03|WATCH||3|2026-08-28|10.4799|10.0891|8.8|12.709968602825747||1|1|0.026207903554914362|0.04367983925819216|f||||||rs_top200+rs_1m_80|runup_1271% base_3d close_vs_pivot_-11.9%
XHLD|2026-09-04|WATCH||4|2026-08-28|10.4799|10.0891|8.8|12.709968602825747||1|1|0.028954135270961835|0.028954135270961835|f||||||rs_top200+rs_1m_80|runup_1271% base_4d close_vs_pivot_-11.8%
XHLD|2026-09-08|COILED||5|2026-08-28|10.4799|10.0891|8.8|12.709968602825747|0.16029733108140343|1|1|0.13318015176683312|0.03073388117696065|t||||||rs_top200+rs_1m_80|fresh_2bar 3.5%/atr 10.4% bodies_0.13/0.03
XHLD|2026-09-09|TRIGGERED||6|2026-08-28|10.4799|10.0891|8.8|12.709968602825747|0.16029733108140343|0.9989177489177486|0.6758321146924112|0.905357155142167|0.12520896826434305|f|10.51|1.7186575211060626||||rs_top200+rs_1m_80+momentum_25pct+flag_stage_carryforward|close_10.51>base_high_close_9.42 vol_1.72x
XNCR|2026-07-27|WATCH||3|2026-07-21|21.26|20.64|18.7978|0.9196388261851018||1|1|0.2673780580228575|0.06366144238639453|f||||||rs_top200+rs_1m_80+momentum_25pct|runup_92% base_3d close_vs_pivot_-6.6%
XNCR|2026-07-28|WATCH||4|2026-07-21|21.26|20.64|18.7978|0.9196388261851018||1|1|0.09221166122854232|0.26812313803376364|f||||||rs_top200+rs_1m_80+momentum_25pct|runup_92% base_4d close_vs_pivot_-6.1%
XNCR|2026-07-29|WATCH||5|2026-07-21|21.26|20.64|18.7978|0.9196388261851018||1|1|0.2878111958555176|0.09353863865304285|f||||||rs_top200+rs_1m_80+momentum_25pct|runup_92% base_5d close_vs_pivot_-8.1%
XNCR|2026-07-30|WATCH||6|2026-07-21|21.26|20.64|18.7978|0.9196388261851018||0.9387659074819146|0.9779123674786371|1.2285927029039443|0.27076423204494576|f||||||rs_top200+rs_1m_80|runup_92% base_6d close_vs_pivot_+1.1%
XNCR|2026-08-05|WATCH||3|2026-07-30|21.76|21.57|19.09|0.9428571428571431||1|1|0.10719706694411893|0.1450313258655715|f||||||rs_top200+rs_1m_80|runup_94% base_3d close_vs_pivot_-8.8%
XNCR|2026-08-06|WATCH||4|2026-07-30|21.76|21.57|19.09|0.9428571428571431||1|1|1.2463040091565192|0.10809779671255627|f||||||rs_top200+rs_1m_80|runup_94% base_4d close_vs_pivot_-8.1%
XNCR|2026-08-07|WATCH||5|2026-07-30|21.76|21.96|19.07|0.9428571428571431||1|1|0.40582700763996343|1.348171076227676|f||||||rs_top200+rs_1m_80|runup_94% base_5d close_vs_pivot_-4.4%
XNCR|2026-08-10|WATCH||6|2026-07-30|21.76|21.96|19.07|0.9428571428571431||0.913112842905795|0.9556250525511428|0.484051264720409|0.42945901681961146|f||||||rs_top200+rs_1m_80|runup_94% base_6d close_vs_pivot_-0.8%
XNCR|2026-08-11|WATCH||7|2026-07-30|21.76|21.96|19.07|0.9428571428571431||0.913112842905795|1.075090300834327|0.2687685464009708|0.5106602381618418|f||||||rs_top200|runup_94% base_7d close_vs_pivot_+1.6%
XNCR|2026-08-18|WATCH||3|2026-08-12|23.34|23.47|22.5|0.961344537815126||1|1|1.869600501299476|0.06831232600901846|f||||||rs_top200+rs_1m_80+momentum_25pct|runup_96% base_3d close_vs_pivot_+8.9%
XNCR|2026-08-31|WATCH||3|2026-08-25|30.61|29.23|25.805|1.1286509040333796||1|1|0.8091154554301201|1.8612853559696825|f||||||rs_top200+rs_1m_80|runup_113% base_3d close_vs_pivot_-10.9%
XNCR|2026-09-01|WATCH||4|2026-08-25|30.61|29.23|25.805|1.1286509040333796||1|1|0.4621076325694187|0.8118974377782164|f||||||rs_top200+rs_1m_80|runup_113% base_4d close_vs_pivot_-8.8%
XNCR|2026-09-02|WATCH||5|2026-08-25|30.61|29.23|25.805|1.1286509040333796||1|1|0.7620483188879124|0.4220575304609967|f||||||rs_top200+rs_1m_80|runup_113% base_5d close_vs_pivot_-12.1%
XNCR|2026-09-03|WATCH||6|2026-08-25|30.61|29.23|25.805|1.1286509040333796||1.3038547053051925|0.8776249897413076|0.3252032520325196|0.7549361207897798|f||||||rs_top200+rs_1m_80|runup_113% base_6d close_vs_pivot_-13.0%
XNCR|2026-09-04|WATCH||7|2026-08-25|30.61|29.23|25.805|1.1286509040333796||1.3038547053051925|0.8489814992605412|0.3147343024259423|0.3147343024259423|f||||||rs_top200+rs_1m_80|runup_113% base_7d close_vs_pivot_-13.1%
XNCR|2026-10-01|INVALIDATED||24|2026-08-26|29.23|28.9799|23.305|1.032684283727399|0.20270270270270274|||||f||||||rs_top200|close_24.77_below_sma20_24.80
XNCR|2026-10-02|WATCH||23|2026-08-28|28.97|28.9799|23.305|1.0146036161335186|0.19554711770797373|1.0789572352941141|1.0577218266058075|0.4550085314099636|0.17500328131152398|f||||||rs_top200|runup_101% base_23d close_vs_pivot_-14.3%
XNCR|2026-10-05|WATCH||24|2026-08-28|28.97|28.9799|23.305|1.0146036161335186|0.19554711770797373|1.0789572352941141|1.0469471634118876|0.6995758821214646|0.4547243233789512|f||||||rs_top200+rs_1m_80|runup_101% base_24d close_vs_pivot_-11.5%
XNCR|2026-10-06|INVALIDATED||22|2026-09-02|28.9799|27.23|23.305|1.0152920723226702|0.19582193175269758|||||f||||||rs_top200|close_24.36_below_sma20_24.61
XNCR|2026-10-07|INVALIDATED||23|2026-09-02|28.9799|27.23|23.305|1.0152920723226702|0.19582193175269758|||||f||||||rs_top200|close_24.26_below_sma20_24.58
ZBIO|2026-07-27|WATCH||3|2026-07-21|34.05|32.35|30.09|1.0304114490161003||1|1|0.9415559264501864|0.4485947084134396|f||||||rs_top200+rs_1m_80|runup_103% base_3d close_vs_pivot_-3.6%
ZBIO|2026-07-28|WATCH||4|2026-07-21|34.05|33.42|30.09|1.0304114490161003||1|1|0.17753751838781515|0.9688476003449303|f||||||rs_top200+rs_1m_80|runup_103% base_4d close_vs_pivot_-5.2%
ZBIO|2026-07-29|WATCH||5|2026-07-21|34.05|33.42|30.09|1.0304114490161003||1|1|0.6573253585331413|0.17168945931835852|f||||||rs_top200|runup_103% base_5d close_vs_pivot_-8.7%
ZBIO|2026-07-30|WATCH||6|2026-07-21|34.05|33.42|30.09|1.0304114490161003||1.0764386593815576|0.8494374687475901|0.4457037343605755|0.6636033378257441|f||||||rs_top200+rs_1m_80|runup_103% base_6d close_vs_pivot_-5.2%
ZBIO|2026-07-31|WATCH||7|2026-07-21|34.05|33.42|30.09|1.0304114490161003||1.5975864617179603|0.930853785524684|0.5989069093323369|0.4312129747192848|f||||||rs_top200+rs_1m_80|runup_103% base_7d close_vs_pivot_-7.7%
ZBIO|2026-08-04|WATCH||9|2026-07-21|34.05|33.42|30.09|1.0304114490161003||1.5975864617179603|0.731835287008067|0.16052926010604748|0.45969742666731706|f||||||rs_top200|runup_103% base_9d close_vs_pivot_-7.7%
ZBIO|2026-08-05|TIGHTENING||10|2026-07-21|34.05|33.42|30.09|1.0304114490161003||1.5975864617179603|0.6360633530907572|0.03516351032300209|0.16577083437986728|f||||||rs_top200|range_1.60 vol_0.64
ZBIO|2026-08-06|TIGHTENING||11|2026-07-21|34.05|33.42|30.09|1.0304114490161003||1.3863205819317241|0.5840139952595762|0.34228814438336275|0.036303288040659826|f||||||rs_top200+rs_1m_80+flag_stage_carryforward|range_1.39 vol_0.58
ZBIO|2026-08-07|TIGHTENING||12|2026-07-21|34.05|33.42|30.09|1.0304114490161003||1.2182299829805847|0.5612901285792649|0.2277763143623047|0.3579342082836203|f||||||rs_top200+flag_stage_carryforward|range_1.22 vol_0.56
ZBIO|2026-08-10|TIGHTENING||13|2026-07-21|34.05|33.42|30.09|1.0304114490161003||1.0286322873084546|0.515614928600217|0.1485896717441901|0.24963064853023684|f||||||flag_stage_carryforward|range_1.03 vol_0.52
ZBIO|2026-08-11|TIGHTENING||14|2026-07-21|34.05|33.42|30.09|1.0304114490161003||0.9502566590381875|0.5109225202137313|0.5801049440202819|0.1435903326782899|f||||||flag_stage_carryforward|range_0.95 vol_0.51
ZBIO|2026-08-12|INVALIDATED||15|2026-07-21|34.05|33.42|30.09|1.0304114490161003||||||f||||||flag_stage_carryforward|close_31.29_below_sma20_31.42
ZBIO|2026-08-13|INVALIDATED||16|2026-07-21|34.05|33.42|30.09|1.0304114490161003||||||f||||||flag_stage_carryforward|close_29.20_below_base_low_close_30.39
ZBIO|2026-08-14|INVALIDATED||17|2026-07-21|34.05|33.42|27.81|1.0304114490161003||||||f||||||flag_stage_carryforward|close_29.51_below_sma20_31.46
ZCMD|2026-07-28|INVALIDATED||3|2026-07-22|11.96|5.05|1.17|13.89692968798655||||||f||||||ninem_universe_watch|close_1.17_below_base_low_close_1.23
ZCMD|2026-07-29|INVALIDATED||4|2026-07-22|11.96|5.05|1|13.89692968798655||||||f||||||ninem_universe_watch|close_1.06_below_base_low_close_1.17
ZCMD|2026-07-30|INVALIDATED||5|2026-07-22|11.96|5.05|1|13.89692968798655||||||f||||||ninem_universe_watch|close_1.28_below_sma20_1.77
ZCMD|2026-07-31|INVALIDATED||6|2026-07-22|11.96|5.05|1|13.89692968798655||||||f||||||ninem_universe_watch|close_1.13_below_sma20_1.77
ZCMD|2026-08-04|INVALIDATED||8|2026-07-22|11.96|5.05|1|13.89692968798655||||||f||||||ninem_universe_watch|close_1.06_below_sma20_1.66
ZCMD|2026-08-05|INVALIDATED||9|2026-07-22|11.96|5.05|1|13.89692968798655||||||f||||||ninem_universe_watch|close_1.18_below_sma20_1.59
(1027 rows)
