ticker	trade_date	open_price	high_price	low_price	close	volume
AAOI	2026-05-01	162.675	191.87	158.0201	183.51	13147185
AAOI	2026-05-04	187.795	189.5	172.6	172.98	10142798
AAOI	2026-05-05	175.27	188.9246	174.2	180.57	7831006
AAOI	2026-05-06	186.96	187.93	169.24	178.54	9007606
AAOI	2026-05-07	172.6	172.6	152.1946	157.55	13594304
AAOI	2026-05-08	173.845	177.88	143.58	148.94	20658853
AAOI	2026-05-11	152.26	190.96	150.54	184.9	16448321
AAOI	2026-05-12	178	208	173.5	188.28	16229429
AAOI	2026-05-13	205	233.67	191.7389	223.1	18122572
AAOI	2026-05-14	216.38	218.94	199.08	203.57	11955888
AAOI	2026-05-15	191.25	200.61	186.05	190.36	8393260
AAOI	2026-05-18	194.42	194.73	165.595	173.26	13121255
AAOI	2026-05-19	167.345	175.9899	160.1	171.33	8932340
AAOI	2026-05-20	177	179.32	162.52	165.26	9688694
AAOI	2026-05-21	167.01	182.18	163.66	176.81	9740137
AAOI	2026-05-22	176.24	182.46	166.66	181.49	10234345
AAOI	2026-05-26	186.725	194.96	176.61	177.62	11240427
AAOI	2026-05-27	172.505	189.92	167.3	179.83	10177639
AAOI	2026-05-28	181	183.24	166.69	169.02	9871579
AAOI	2026-05-29	168.55	169	153.1	158.41	11847832
AAOI	2026-06-01	149.25	191.98	149.05	185.67	15935657
AAOI	2026-06-02	195.16	205.77	188.2	202.37	12622355
AAOI	2026-06-03	200.5	205	180.55	184.07	9725414
AAOI	2026-06-04	173.465	209.64	171.092	202.89	14386269
AAOI	2026-06-05	191.42	208.5	174.23	177	19638312
AAOI	2026-06-08	184.75	203.1999	177.05	196.64	14819438
AAOI	2026-06-09	202.805	207.6	160.87	162.88	26677448
AAOI	2026-06-10	171.79	184.91	167.42	175.13	16823159
AAOI	2026-06-11	167.555	175.2	162.1	172.78	14259780
AAOI	2026-06-12	173.14	179.9	163.66	169.05	12652110
AAOI	2026-06-15	177.27	194.97	176.6	191.55	14553481
AAOI	2026-06-16	194.21	196.5	169.87	170.81	12998925
AAOI	2026-06-17	174.715	177.59	165.7902	167.34	9905997
AAOI	2026-06-18	174.65	174.76	158.04	161.85	16552466
AAOI	2026-06-22	162.915	177.16	155.74	171.23	14410973
AAOI	2026-06-23	158	160.9945	145.26	147.44	13454703
AAOI	2026-06-24	149.51	150.34	137.7	146.97	10288518
AAOI	2026-06-25	151.19	152.4	134.31	138.54	13185603
AAOI	2026-06-26	131.68	140.83	127.01	135.69	20125959
AAOI	2026-06-29	135.426	150.4	130.29	150.1	10133661
AAOI	2026-06-30	146.5	152.23	144.18	148.16	7446217
AAOI	2026-07-01	143.56	147.54	136.6601	139	6437969
AAOI	2026-07-02	135.85	139.2703	113.4109	120.95	15940684
AAOI	2026-07-06	120.205	129.809	116.5003	123.36	8072364
AAOI	2026-07-07	118.15	126.19	111.5	114.41	9163801
AAOI	2026-07-08	113.02	118.1	110.5	114.44	6233939
AAOI	2026-07-09	119.5	127.51	118.18	122.21	8945925
AAOI	2026-07-10	118.71	124.78	113.1005	119.92	6707298
AAOI	2026-07-13	115.915	117.5914	109.21	111.88	6562884
AAOI	2026-07-14	119.42	128.35	117.7	125.45	9778407
AAOI	2026-07-15	123.785	124.43	106.1	109.09	10274957
AAOI	2026-07-16	105	107.11	97.89	100.24	9872090
AAOI	2026-07-17	96.11	106.18	91.5012	102.41	9618145
AAOI	2026-07-20	104.86	107.32	102.06	103.02	5137728
AAOI	2026-07-21	107.74	120.2	107.4	119.26	10169163
AAOI	2026-07-22	114.985	117.49	110.01	110.52	7928692
AAOI	2026-07-23	108.585	119.7199	108.17	112.02	6247397
AAOI	2026-07-24	108.975	109.71	99.48	100.15	7042273
AAOI	2026-07-27	100.56	102.9477	92.22	97.82	6628070
AAOI	2026-07-28	92.95	93.35	81.54	88.14	10729282
AAOI	2026-07-29	88.19	88.28	76.01	76.52	12021411
AAOI	2026-07-30	83.35	90.68	82.8	90.11	10605954
AAOI	2026-07-31	100.1	103.2032	91.03	94.32	9654912
AAOI	2026-08-03	89.8	110.95	88.13	110.21	11880883
AAOI	2026-08-04	128.575	136.27	123.5	131.63	20694973
AAOI	2026-08-05	128.45	140.34	128	128.56	12321292
AAOI	2026-08-06	121.38	134.29	118.88	124.22	14287306
AAOI	2026-08-07	142.48	149.35	130.5	135.63	23993055
AAOI	2026-08-10	141.72	148.9	128.8	132.81	18180813
AAOI	2026-08-11	133.97	137.23	127.5	134.33	8977375
AAOI	2026-08-12	141.7	142.8	129.09	138.08	13038202
AAOI	2026-08-13	135.84	144.52	129.67	130.08	10624212
AAOI	2026-08-14	130.39	153.39	130.34	150.28	18655011
AAOI	2026-08-17	152.64	160.99	147.3492	154.89	12738760
AAOI	2026-08-18	146.2	151.4122	131.22	131.41	14379468
AAOI	2026-08-19	135.85	138.56	121.5	122.19	12180119
AAOI	2026-08-20	121.915	130.49	118.6	129.1	9447617
AAOI	2026-08-21	129.368	133.72	121.89	124.82	8323616
AAOI	2026-08-24	109.125	112.46	102.1	107.63	14950930
AARD	2026-05-01	5.33	5.48	5.15	5.46	82385
AARD	2026-05-04	5.38	5.57	5.235	5.27	94609
AARD	2026-05-05	5.33	5.615	5.24	5.47	105395
AARD	2026-05-06	5.49	5.93	5.35	5.89	137310
AARD	2026-05-07	5.76	5.76	5.37	5.6	126182
AARD	2026-05-08	5.64	5.65	5.3003	5.44	73144
AARD	2026-05-11	5.45	5.73	5.31	5.72	152603
AARD	2026-05-12	5.67	6.17	5.555	6.11	181776
AARD	2026-05-13	6.1	6.65	5.96	6.59	172545
AARD	2026-05-14	6.58	6.79	6.08	6.73	154290
AARD	2026-05-15	4.39	5.4	4.1	4.57	744702
AARD	2026-05-18	4.49	5.11	4.24	4.36	279700
AARD	2026-05-19	4.32	4.675	4.32	4.37	134925
AARD	2026-05-20	4.41	4.47	4.18	4.29	164649
AARD	2026-05-21	4.3	4.6699	4.05	4.51	165490
AARD	2026-05-22	4.5	4.8	4.3501	4.54	136833
AARD	2026-05-26	4.58	4.665	4.025	4.2	216308
AARD	2026-05-27	4.16	4.4804	3.93	3.99	199335
AARD	2026-05-28	3.93	4.2494	3.93	4.2	140570
AARD	2026-05-29	4.17	4.1899	3.9	4.11	149047
AARD	2026-06-01	3.99	4.12	3.86	3.99	170341
AARD	2026-06-02	4	4.08	3.81	3.97	148617
AARD	2026-06-03	3.93	3.97	3.7	3.81	149390
AARD	2026-06-04	3.82	4.09	3.81	3.94	91148
AARD	2026-06-05	3.91	3.98	3.66	3.68	131156
AARD	2026-06-08	3.73	3.985	3.58	3.59	107299
AARD	2026-06-09	3.58	3.73	3.46	3.58	110936
AARD	2026-06-10	3.56	3.69	3.48	3.48	104747
AARD	2026-06-11	3.51	3.66	3.4	3.64	91620
AARD	2026-06-12	3.64	3.95	3.6015	3.9	130071
AARD	2026-06-15	3.9	4.1	3.81	3.84	198192
AARD	2026-06-16	3.85	3.9985	3.72	3.72	107629
AARD	2026-06-17	3.85	3.95	3.645	3.82	87230
AARD	2026-06-18	3.9	3.98	3.71	3.93	152643
AARD	2026-06-22	3.96	4.095	3.905	4.08	102998
AARD	2026-06-23	4.06	4.445	4.025	4.23	112169
AARD	2026-06-24	4.26	5.15	4.24	4.96	308316
AARD	2026-06-25	5.05	5.3	4.82	5.06	234385
AARD	2026-06-26	5.15	5.53	4.63	4.79	1664840
AARD	2026-06-29	4.78	5.2	4.7	5.18	167944
AARD	2026-06-30	5.15	5.78	5	5.76	228306
AARD	2026-07-01	5.69	5.99	5.29	5.62	242036
AARD	2026-07-02	5.58	5.74	5.19	5.7	210643
AARD	2026-07-06	5.59	6.05	5.46	5.99	187866
AARD	2026-07-07	5.88	5.89	5.22	5.44	261395
AARD	2026-07-08	5.3	5.515	5.02	5.28	255191
AARD	2026-07-09	5.33	5.33	4.66	5	402760
AARD	2026-07-10	5.03	7.9244	5.03	7.6	3837910
AARD	2026-07-13	7.35	7.9176	5.885	5.96	651790
AARD	2026-07-14	5.96	6.57	5.73	6.26	335838
AARD	2026-07-15	6.24	6.72	6.0225	6.67	186470
AARD	2026-07-16	6.7	6.7	5.93	6.33	146771
AARD	2026-07-17	6.21	6.21	5.76	5.86	218429
AARD	2026-07-20	5.87	6.3577	5.48	5.53	195959
AARD	2026-07-21	5.61	6.1	5.35	6.08	159954
AARD	2026-07-22	6.08	6.51	5.81	6.48	183747
AARD	2026-07-23	6.28	6.9	6.22	6.39	185734
AARD	2026-07-24	6.35	6.44	6.08	6.32	121859
AARD	2026-07-27	6.4	6.8	6.3635	6.69	70370
AARD	2026-07-28	6.62	6.7	6.4	6.42	53213
AARD	2026-07-29	6.51	6.66	5.3	5.32	174269
AARD	2026-07-30	5.46	6.44	5.415	6.4	152376
AARD	2026-07-31	6.31	6.655	5.6153	6.6	89270
AARD	2026-08-03	6.65	7.26	6.64	7.08	95989
AARD	2026-08-04	7.2	7.55	7.09	7.23	131978
AARD	2026-08-05	7.2	7.88	7.2	7.52	195298
AARD	2026-08-06	7.56	7.56	7.15	7.3	63088
AARD	2026-08-07	7.46	8.12	7.305	7.9	74131
AARD	2026-08-10	7.76	7.76	7.26	7.56	91429
AARD	2026-08-11	7.68	7.68	6.485	7.19	176695
AARD	2026-08-12	7.15	7.525	6.395	6.57	158597
AARD	2026-08-13	6.53	6.98	6.34	6.41	130859
AARD	2026-08-14	6.46	6.815221	6.175	6.54	69087
AARD	2026-08-17	6.54	7.51	6.54	6.74	154459
AARD	2026-08-18	6.78	6.86	6.045	6.145	79107
AARD	2026-08-19	6.27	7.14	6.27	6.75	182616
AARD	2026-08-20	6.76	7.12	5.76	5.89	250191
AARD	2026-08-21	5.91	6.9	5.8	6.82	173693
AARD	2026-08-24	6.75	6.97	6.2826	6.88	83297
ABCL	2026-05-01	4.15	4.47	4.03	4.43	6701176
ABCL	2026-05-04	4.445	4.695	4.43	4.59	7676998
ABCL	2026-05-05	5.05	5.16	4.57	4.66	13257542
ABCL	2026-05-06	4.61	5.05	4.59	5.04	7541346
ABCL	2026-05-07	5.05	5.24	4.7317	4.82	11499922
ABCL	2026-05-08	4.9	5.25	4.88	5.24	10656445
ABCL	2026-05-11	5.4774	5.63	5.24	5.25	12052437
ABCL	2026-05-12	4.76	4.98	4.45	4.95	16872691
ABCL	2026-05-13	4.92	5.07	4.675	4.77	5899132
ABCL	2026-05-14	4.77	4.82	4.36	4.4	7207946
ABCL	2026-05-15	4.26	4.284	4	4.09	8822377
ABCL	2026-05-18	4.2	4.255	3.94	4.16	11077469
ABCL	2026-05-19	4.12	4.12	3.94	4.05	4531424
ABCL	2026-05-20	4.1	4.61	4.05	4.57	8429853
ABCL	2026-05-21	4.52	5.43	4.45	5.14	13889586
ABCL	2026-05-22	5.14	5.43	5.04	5.2	6440672
ABCL	2026-05-26	5.3	5.425	5.1	5.29	8695573
ABCL	2026-05-27	5.33	5.5401	5.16	5.44	6425709
ABCL	2026-05-28	5.39	5.925	5.37	5.73	7636298
ABCL	2026-05-29	5.67	6.24	5.53	6.17	9254192
ABCL	2026-06-01	6.11	6.79	6.08	6.46	9623548
ABCL	2026-06-02	6.305	6.44	6.08	6.13	8013538
ABCL	2026-06-03	6.005	6.01	5.61	5.72	6907996
ABCL	2026-06-04	5.555	6.695	5.51	6.37	10460443
ABCL	2026-06-05	6.2	6.33	5.5	5.62	8416180
ABCL	2026-06-08	5.86	5.94	5.35	5.42	4753279
ABCL	2026-06-09	5.59	5.65	5.02	5.3	5271915
ABCL	2026-06-10	5.21	5.47	5.08	5.09	3707111
ABCL	2026-06-11	5.22	5.32	5.031	5.27	4035893
ABCL	2026-06-12	5.3	5.41	5.13	5.24	2946271
ABCL	2026-06-15	5.49	5.55	5.17	5.26	3681529
ABCL	2026-06-16	5.23	5.2899	5.01	5.09	3635814
ABCL	2026-06-17	5.205	5.76	5.17	5.44	5407112
ABCL	2026-06-18	5.61	5.7399	5.3301	5.53	6780118
ABCL	2026-06-22	5.575	5.87	5.575	5.74	5487323
ABCL	2026-06-23	5.48	5.92	5.47	5.63	5507206
ABCL	2026-06-24	5.655	6.325	5.585	6.03	13112757
ABCL	2026-06-25	6.11	6.86	6.09	6.66	11845284
ABCL	2026-06-26	6.49	7.4	6.47	7.38	15412568
ABCL	2026-06-29	7.56	8.42	7.39	8.12	14297331
ABCL	2026-06-30	7.905	8.27	7.67	7.85	7745351
ABCL	2026-07-01	7.69	7.86	7.265	7.6	7967236
ABCL	2026-07-02	7.66	8.32	7.56	8.11	8431758
ABCL	2026-07-06	8.05	8.15	7.45	7.87	6158881
ABCL	2026-07-07	8.33	8.44	7.46	7.69	8030010
ABCL	2026-07-08	7.392	7.7	7.04	7.1	9372361
ABCL	2026-07-09	7.01	7.51	6.82	7.29	5393032
ABCL	2026-07-10	7.29	7.29	6.6036	6.8	5369214
ABCL	2026-07-13	6.71	6.765	6.4	6.52	4008375
ABCL	2026-07-14	6.69	6.875	6.45	6.74	4111078
ABCL	2026-07-15	6.86	6.93	6.62	6.74	3723848
ABCL	2026-07-16	6.65	6.66	6.05	6.16	7403042
ABCL	2026-07-17	6.04	6.5479	5.95	6.465	4212037
ABCL	2026-07-20	6.34	6.47	5.785	5.8	6324157
ABCL	2026-07-21	5.815	6.05	5.54	5.97	5112657
ABCL	2026-07-22	5.92	6.06	5.71	5.73	2528061
ABCL	2026-07-23	5.69	5.87	5.6	5.67	2869659
ABCL	2026-07-24	5.67	5.74	5.29	5.31	4184379
ABCL	2026-07-27	5.405	5.5	5.24	5.25	4147738
ABCL	2026-07-28	5.2	5.385	4.98	5.29	5824693
ABCL	2026-07-29	5.34	5.58	5.225	5.39	5983108
ABCL	2026-07-30	5.53	5.72	5.35	5.69	4312210
ABCL	2026-07-31	5.7	5.87	5.51	5.71	4987975
ABCL	2026-08-03	5.705	6.045	5.565	5.83	3388631
ABCL	2026-08-04	5.97	6.14	5.87	6.09	3941260
ABCL	2026-08-05	6.05	6.21	5.84	5.92	4434165
ABCL	2026-08-06	5.79	6.565	5.62	6.53	8113682
ABCL	2026-08-07	6.65	6.99	6.35	6.93	6035473
ABCL	2026-08-10	8.76	10.01	8.4	9.34	45427318
ABCL	2026-08-11	9.42	10.29	9.02	9.76	17119432
ABCL	2026-08-12	9.22	10.38	9	10.355	14542776
ABCL	2026-08-13	10.32	11.065	10.22	10.97	19112904
ABCL	2026-08-14	10.84	11.5	10.47	11.38	12305426
ABCL	2026-08-17	11.3	11.645	10.6044	11.2	7734588
ABCL	2026-08-18	10.795	11.515	10.7	11.12	8165725
ABCL	2026-08-19	11.5	12.15	11.47	12.01	10693087
ABCL	2026-08-20	11.815	12.08	11.4	11.57	6172811
ABCL	2026-08-21	11.57	11.7999	11.14	11.32	4536161
ABCL	2026-08-24	10.97	11.01	10.44	10.61	6440546
ABTC	2026-05-01	17.7	18.3	17.475	18.15	875113
ABTC	2026-05-04	18.225	18.3	17.1	17.55	1050314
ABTC	2026-05-05	18	18.75	17.55	18.45	885182
ABTC	2026-05-06	18.45	18.9	18	18.75	1041203
ABTC	2026-05-07	18.3	18.3	16.8	17.4	1003305
ABTC	2026-05-08	17.4	18.15	16.95	17.85	609517
ABTC	2026-05-11	17.775	18.45	16.8	17.85	1059844
ABTC	2026-05-12	17.55	17.55	16.5	17.1	947802
ABTC	2026-05-13	17.025	17.475	16.65	16.8	668065
ABTC	2026-05-14	16.8	18.45	16.35	17.55	1158741
ABTC	2026-05-15	17.1	17.1	16.5	16.65	809871
ABTC	2026-05-18	16.2	16.35	15	15.45	1164069
ABTC	2026-05-19	15.15	15.75	15	15.3	818433
ABTC	2026-05-20	15.6	16.65	15.45	16.65	644824
ABTC	2026-05-21	16.65	17.1	15.75	16.95	596621
ABTC	2026-05-22	16.95	17.4	16.35	16.65	531209
ABTC	2026-05-26	16.8	16.95	15.9	16.2	625162
ABTC	2026-05-27	15.975	16.5	15.75	16.05	432480
ABTC	2026-05-28	15.75	16.2	15.45	15.75	535203
ABTC	2026-05-29	15.75	16.95	15.15	16.95	843262
ABTC	2026-06-01	16.5	16.65	15.6	16.2	806482
ABTC	2026-06-02	15.9	15.9	14.73	14.9355	1184975
ABTC	2026-06-03	14.9415	14.9415	13.995	14.004	541270
ABTC	2026-06-04	13.7535	14.0055	13.575	13.704	688365
ABTC	2026-06-05	13.587	13.605	12.561	12.9465	1094505
ABTC	2026-06-08	13.4115	14.25	13.2	13.512	741053
ABTC	2026-06-09	13.296	13.6499	12.5475	12.792	768383
ABTC	2026-06-10	12.6	13.197	12.303	12.303	620913
ABTC	2026-06-11	12.3	12.6585	12.015	12.5025	681721
ABTC	2026-06-12	12.5475	13.5285	12.381	12.861	707439
ABTC	2026-06-15	13.785	13.875	12.75	12.804	1089627
ABTC	2026-06-16	12.852	13.1475	12.45	12.522	590928
ABTC	2026-06-17	12.6	13.4895	12.4515	12.642	737699
ABTC	2026-06-18	12.753	12.9	12.225	12.756	2485879
ABTC	2026-06-22	12.7965	13.182	12.057	12.1755	984902
ABTC	2026-06-23	12	12.3675	11.55	11.5935	710781
ABTC	2026-06-24	11.703	11.7285	10.998	11.1105	743791
ABTC	2026-06-25	11.1	11.214	10.2	10.587	985256
ABTC	2026-06-26	10.4175	11.1743	10.2105	10.77	383923
ABTC	2026-06-29	10.92	11.0985	10.425	10.7205	639361
ABTC	2026-06-30	10.2	10.4925	9.975	10.2165	673805
ABTC	2026-07-01	9.75	10.14	9.183	9.3615	2609510
ABTC	2026-07-02	9.75	10.05	8.34	8.4255	5502480
ABTC	2026-07-06	8.0068	9.3295	7.41	8.49	2173292
ABTC	2026-07-07	8.41	8.41	6.425	6.52	2712838
ABTC	2026-07-08	6.2	6.27	5.76	5.86	4213287
ABTC	2026-07-09	5.92	6.12	5.55	5.98	1706725
ABTC	2026-07-10	6.19	6.65	5.95	6.13	1864298
ABTC	2026-07-13	5.98	6.12	5.25	5.285	2053333
ABTC	2026-07-14	5.29	5.58	5.05	5.4	1607754
ABTC	2026-07-15	5.43	5.94	5.29	5.65	1805362
ABTC	2026-07-16	5.45	5.6194	5.25	5.46	1085991
ABTC	2026-07-17	5.2	5.635	5.04	5.44	1125448
ABTC	2026-07-20	5.52	5.9	5.2649	5.77	1535128
ABTC	2026-07-21	6.07	6.65	5.9305	6.47	1790221
ABTC	2026-07-22	6.2	6.65	6.065	6.1	995783
ABTC	2026-07-23	6.01	6.53	5.99	6.1	1002653
ABTC	2026-07-24	6.08	6.13	5.487	5.72	1385616
ABTC	2026-07-27	5.85	6.2083	5.6	5.87	1184095
ABTC	2026-07-28	5.79	5.82	5.45	5.48	948506
ABTC	2026-07-29	5.46	5.655	5.131	5.19	1729089
ABTC	2026-07-30	5.36	5.98	5.29	5.9	1853757
ABTC	2026-07-31	5.87	5.94	5.41	5.52	1404518
ABTC	2026-08-03	5.31	5.95	4.92	5.85	1842784
ABTC	2026-08-04	5.97	6.29	5.665	6.14	1171998
ABTC	2026-08-05	6.2	6.61	6.08	6.54	1538227
ABTC	2026-08-06	6.38	6.415	6.09	6.19	1021748
ABTC	2026-08-07	6.48	6.78	6.36	6.47	1142473
ABTC	2026-08-10	7.35	7.5	6.86	7.07	1748669
ABTC	2026-08-11	7.34	7.34	6.8001	6.92	918075
ABTC	2026-08-12	7.02	7.2	6.89	6.93	872955
ABTC	2026-08-13	7.01	7.69	7.01	7.32	1560377
ABTC	2026-08-14	7.2	7.56	7.015	7.26	1210350
ABTC	2026-08-17	7.29	7.3	6.94	7.12	1144364
ABTC	2026-08-18	7	7.1	6.87	6.94	799432
ABTC	2026-08-19	6.98	8.295	6.96	7.9	2265207
ABTC	2026-08-20	8.46	8.77	8.01	8.47	2222727
ABTC	2026-08-21	8.66	8.96	7.66	7.93	3639416
ABTC	2026-08-24	8	8.8	7.925	8.64	2684785
ABX	2026-05-01	9.47	9.73	9.335	9.44	685971
ABX	2026-05-04	9.41	9.63	9.19	9.19	659963
ABX	2026-05-05	9.24	9.49	9.18	9.26	511073
ABX	2026-05-06	9.25	9.49	9.21	9.44	540748
ABX	2026-05-07	9.48	9.58	9.31	9.38	618187
ABX	2026-05-08	9.5	9.5	8.18	9.08	998402
ABX	2026-05-11	9.18	9.66	9	9.23	682588
ABX	2026-05-12	9.27	9.41	9.14	9.34	485549
ABX	2026-05-13	9.38	9.5	9.09	9.25	535705
ABX	2026-05-14	9.41	9.48	9.05	9.17	548097
ABX	2026-05-15	8.99	9.27	8.86	9.09	595849
ABX	2026-05-18	9.11	9.47	9.07	9.38	863344
ABX	2026-05-19	9.38	9.4	8.82	8.84	407535
ABX	2026-05-20	9.03	9.03	8.7601	8.86	374676
ABX	2026-05-21	8.76	8.99	8.5859	8.97	379291
ABX	2026-05-22	8.97	9.09	8.9	9.04	441429
ABX	2026-05-26	9.07	9.65	8.8521	9.56	632309
ABX	2026-05-27	9.56	9.7	9.3	9.32	439755
ABX	2026-05-28	9.21	9.34	9.1299	9.23	343870
ABX	2026-05-29	9.24	9.29	8.93	8.98	552738
ABX	2026-06-01	8.88	9.185	8.88	9.05	608867
ABX	2026-06-02	9.01	9.08	8.7	8.83	444986
ABX	2026-06-03	8.67	8.67	8.22	8.3	614029
ABX	2026-06-04	8.42	8.87	8.35	8.87	329234
ABX	2026-06-05	8.98	8.98	8.675	8.76	621393
ABX	2026-06-08	8.77	8.99	8.67	8.71	316774
ABX	2026-06-09	8.8	9.08	8.75	8.94	307933
ABX	2026-06-10	9.1	9.355	9.03	9.11	409840
ABX	2026-06-11	9.23	9.44	9.042	9.4	381885
ABX	2026-06-12	9.5	9.89	9.43	9.59	497623
ABX	2026-06-15	9.77	9.85	9.57	9.65	605612
ABX	2026-06-16	9.7	9.88	9.65	9.74	360905
ABX	2026-06-17	9.71	9.9	9.57	9.66	638881
ABX	2026-06-18	9.69	9.72	9.14	9.25	865195
ABX	2026-06-22	9.37	9.68	9.31	9.56	542022
ABX	2026-06-23	9.49	9.73	9.445	9.63	429506
ABX	2026-06-24	9.49	9.57	9.23	9.3	493192
ABX	2026-06-25	9.3	9.41	9.12	9.24	509976
ABX	2026-06-26	9.34	9.91	9.27	9.91	2012594
ABX	2026-06-29	9.76	10.82	9.64	10.75	1038765
ABX	2026-06-30	10.79	11.08	10.71	10.71	744525
ABX	2026-07-01	10.48	11.84	10.34	11.68	1044340
ABX	2026-07-02	11.82	11.9	11.5214	11.86	578725
ABX	2026-07-06	11.8	12.44	11.76	12	797043
ABX	2026-07-07	12	12.13	11.55	11.8	1077311
ABX	2026-07-08	11.85	11.9	11.57	11.63	606068
ABX	2026-07-09	11.72	12.09	11.6	11.99	860599
ABX	2026-07-10	12	12	11.07	11.11	572772
ABX	2026-07-13	11.05	11.24	10.91	11	554232
ABX	2026-07-14	11.27	11.58	11.0295	11.14	774684
ABX	2026-07-15	11.03	11.41	10.7	10.88	858136
ABX	2026-07-16	11.01	11.01	10.465	10.51	954138
ABX	2026-07-17	10.27	10.59	10.11	10.36	800518
ABX	2026-07-20	10.3	10.66	10.235	10.26	534856
ABX	2026-07-21	10.57	10.57	10.27	10.38	448065
ABX	2026-07-22	10.25	10.58	10.11	10.3	520210
ABX	2026-07-23	10.57	10.57	9.985	10.05	670579
ABX	2026-07-24	10.17	10.63	10.03	10.38	599020
ABX	2026-07-27	10.37	10.5693	10.31	10.46	358218
ABX	2026-07-28	10.49	10.675	10.438	10.59	388293
ABX	2026-07-29	10.4	10.575	10.26	10.3	462949
ABX	2026-07-30	10.29	10.525	10.03	10.47	543664
ABX	2026-07-31	10.4	10.56	10.235	10.31	395646
ABX	2026-08-03	10.28	10.7	10.28	10.63	334480
ABX	2026-08-04	10.93	11.08	10.69	10.86	567239
ABX	2026-08-05	10.95	11	10.51	10.56	457480
ABX	2026-08-06	10.425	10.545	10.21	10.4	555828
ABX	2026-08-07	9.89	10.5	9.5	9.52	808503
ABX	2026-08-10	9.51	9.67	9.25	9.52	612724
ABX	2026-08-11	9.75	9.75	8.885	8.92	776918
ABX	2026-08-12	8.98	9.29	8.5	8.53	973659
ABX	2026-08-13	8.68	8.78	8.43	8.52	807280
ABX	2026-08-14	9.04	9.63	9.01	9.27	1071540
ABX	2026-08-17	9.12	9.21	8.955	9.12	499552
ABX	2026-08-18	9.03	9.27	9.01	9.01	360952
ABX	2026-08-19	9.08	9.38	9.08	9.15	493318
ABX	2026-08-20	9.13	9.23	8.92	9.16	518987
ABX	2026-08-21	9.13	9.69	9.11	9.66	545210
ABX	2026-08-24	9.76	9.86	9.47	9.61	460947
ACET	2026-05-01	7.55	8.3	7.45	8.2	119136
ACET	2026-05-04	8.2	8.53	8.06	8.45	50364
ACET	2026-05-05	8.61	8.88	8.33	8.51	106454
ACET	2026-05-06	8.51	8.765	8.37	8.55	112913
ACET	2026-05-07	8.55	8.66	8.24	8.32	60126
ACET	2026-05-08	8.46	8.9	8.347	8.55	96772
ACET	2026-05-11	8.45	8.7055	8.0813	8.17	198723
ACET	2026-05-12	8.17	8.17	7.81	7.95	63526
ACET	2026-05-13	7.87	8.16	7.6	8.07	44385
ACET	2026-05-14	8.15	8.605	7.75	8.41	155193
ACET	2026-05-15	8.25	8.25	7.57	7.68	138825
ACET	2026-05-18	7.6	7.76	7.32	7.5	100876
ACET	2026-05-19	7.5	7.5	7.09	7.25	171363
ACET	2026-05-20	7.25	7.91	7.23	7.76	154094
ACET	2026-05-21	7.71	8.03	7.47	7.89	105783
ACET	2026-05-22	7.9	8.35	7.9	8.3	91879
ACET	2026-05-26	8.44	8.62	8.0312	8.33	90235
ACET	2026-05-27	8.36	8.675	8.175	8.5	100442
ACET	2026-05-28	8.38	8.74	8.29	8.64	114333
ACET	2026-05-29	8.64	9.4734	8.52	9.31	203576
ACET	2026-06-01	9.32	9.32	8.74	8.78	66450
ACET	2026-06-02	8.66	8.67	8.11	8.11	170762
ACET	2026-06-03	8.06	8.29	7.6425	7.83	113709
ACET	2026-06-04	7.89	8.335	7.86	8.15	63316
ACET	2026-06-05	8.05	8.06	7.26	7.26	86334
ACET	2026-06-08	7.46	7.46	7.1268	7.22	53612
ACET	2026-06-09	7.35	7.55	7.02	7.31	54628
ACET	2026-06-10	7.27	7.42	7.24	7.31	34818
ACET	2026-06-11	7.39	7.735	7.31	7.55	42073
ACET	2026-06-12	7.63	8.3299	7.4416	8.05	121661
ACET	2026-06-15	8.12	8.3694	8.11	8.11	32008
ACET	2026-06-16	8.12	8.13	7.7201	7.76	77746
ACET	2026-06-17	7.86	8.33	7.79	8.1	244185
ACET	2026-06-18	8.02	8.15	8.02	8.1	36374
ACET	2026-06-22	8.08	8.4	8.08	8.23	64233
ACET	2026-06-23	8.07	8.44	8.07	8.15	32079
ACET	2026-06-24	8.21	8.43	8.12	8.25	84536
ACET	2026-06-25	8.25	8.3	7.88	7.9	88589
ACET	2026-06-26	7.86	8.37	7.86	8.37	95645
ACET	2026-06-29	8.38	8.615	8.34	8.56	74208
ACET	2026-06-30	8.58	8.81	8.47	8.64	171690
ACET	2026-07-01	8.58	9.02	8.4	8.62	90106
ACET	2026-07-02	8.73	9.3899	8.7	9	101107
ACET	2026-07-06	9.1	9.42	9.055	9.07	64302
ACET	2026-07-07	9.13	9.13	8.49	8.6	66249
ACET	2026-07-08	8.53	9.31	8.53	9.25	136074
ACET	2026-07-09	9.25	9.315	8.875	8.94	98265
ACET	2026-07-10	8.95	8.98	8.675	8.83	60798
ACET	2026-07-13	8.79	9.15	8.55	8.55	116335
ACET	2026-07-14	8.64	9.08	8.51	8.83	115517
ACET	2026-07-15	8.79	8.875	8.435	8.68	53935
ACET	2026-07-16	8.6	8.67	7.9445	8.22	113742
ACET	2026-07-17	8.16	8.27	7.95	8.12	104891
ACET	2026-07-20	7.96	8.13	7.7633	7.89	74912
ACET	2026-07-21	7.96	8.3099	7.91	8.12	43175
ACET	2026-07-22	8.07	8.625	8	8.57	95171
ACET	2026-07-23	8.35	8.56	8.14	8.42	177678
ACET	2026-07-24	8.39	8.39	7.75	7.79	71154
ACET	2026-07-27	7.84	8.26	7.74	8.06	107808
ACET	2026-07-28	8.1	8.46	7.78	8.2	54729
ACET	2026-07-29	8.28	8.43	8.09	8.3	92133
ACET	2026-07-30	8.38	9.11	8.33	9.06	60657
ACET	2026-07-31	8.97	9.21	8.545	9.11	123291
ACET	2026-08-03	9.08	9.835	9	9.24	135427
ACET	2026-08-04	9.35	9.47	9.19	9.21	95399
ACET	2026-08-05	9.31	9.5	9.005	9.16	43215
ACET	2026-08-06	8.71	8.88	7.42	7.93	179582
ACET	2026-08-07	8.12	8.2995	7.98	7.98	80387
ACET	2026-08-10	7.96	8.23	7.85	8.11	85700
ACET	2026-08-11	8.15	8.29	7.925	8.23	65757
ACET	2026-08-12	8.3	8.35	8.18	8.26	39612
ACET	2026-08-13	8.35	8.5	8.25	8.26	51252
ACET	2026-08-14	8.3	8.38	8.15	8.38	57663
ACET	2026-08-17	8.46	8.99	8.46	8.74	93225
ACET	2026-08-18	8.75	9.22	8.7	9.11	101411
ACET	2026-08-19	8.99	9.6	8.99	9.49	84632
ACET	2026-08-20	9.6155	9.6466	9.08	9.38	65527
ACET	2026-08-21	9.42	9.63	9.1	9.19	80491
ACET	2026-08-24	9.21	9.21	8.74	8.9	64328
ACHR	2026-05-01	5.76	5.915	5.61	5.87	31219125
ACHR	2026-05-04	5.86	5.89	5.7	5.77	29261614
ACHR	2026-05-05	5.77	5.86	5.565	5.84	52332387
ACHR	2026-05-06	5.98	6.46	5.93	6.41	54542609
ACHR	2026-05-07	6.33	6.5	6.15	6.28	59555469
ACHR	2026-05-08	6.3	6.535	6.075	6.48	45363403
ACHR	2026-05-11	6.37	6.75	6.24	6.54	65306268
ACHR	2026-05-12	6.39	6.68	6.05	6.39	54133020
ACHR	2026-05-13	6.29	6.75	6.23	6.52	44603835
ACHR	2026-05-14	6.51	6.5598	6.11	6.41	46633003
ACHR	2026-05-15	6.16	6.22	6	6.05	45732754
ACHR	2026-05-18	6.05	6.2	5.82	5.92	57899296
ACHR	2026-05-19	5.83	6.08	5.69	5.91	49489997
ACHR	2026-05-20	5.86	6.04	5.74	5.78	46835984
ACHR	2026-05-21	5.71	6.14	5.59	6.12	63871731
ACHR	2026-05-22	6.19	6.43	6.145	6.36	79174923
ACHR	2026-05-26	6.55	6.77	6.385	6.51	74959959
ACHR	2026-05-27	6.51	6.62	6.31	6.55	57978448
ACHR	2026-05-28	6.45	7.09	6.405	6.81	58144259
ACHR	2026-05-29	6.71	6.83	6.39	6.81	56697627
ACHR	2026-06-01	6.65	6.93	6.52	6.84	62839753
ACHR	2026-06-02	6.8	6.899	6.62	6.74	48411627
ACHR	2026-06-03	6.6	6.6353	6.27	6.53	51417977
ACHR	2026-06-04	6.55	6.62	6.35	6.38	57096309
ACHR	2026-06-05	6.25	6.31	5.38	5.54	54002832
ACHR	2026-06-08	5.665	5.9	5.58	5.73	39167930
ACHR	2026-06-09	5.77	5.875	5.2	5.32	56715627
ACHR	2026-06-10	5.27	5.36	5.04	5.05	36311321
ACHR	2026-06-11	5.03	5.32	4.93	5.3	42217985
ACHR	2026-06-12	5.3	5.355	5	5.08	29786808
ACHR	2026-06-15	5.33	5.62	5.32	5.55	57206724
ACHR	2026-06-16	5.5	5.58	5.23	5.44	59269291
ACHR	2026-06-17	5.38	5.72	5.3237	5.36	47382831
ACHR	2026-06-18	5.45	5.59	5.24	5.57	40868704
ACHR	2026-06-22	5.49	5.635	5.3939	5.43	34086651
ACHR	2026-06-23	5.23	5.51	5.23	5.25	38414597
ACHR	2026-06-24	5.21	5.22	5	5.05	40693839
ACHR	2026-06-25	5.1	5.13	4.745	4.79	39443371
ACHR	2026-06-26	4.71	5.08	4.71	4.87	53434087
ACHR	2026-06-29	4.9	5.03	4.6101	4.68	34662538
ACHR	2026-06-30	4.68	4.86	4.645	4.73	33200688
ACHR	2026-07-01	4.79	5.075	4.76	4.92	41737349
ACHR	2026-07-02	5.02	5.19	4.8401	4.98	28948656
ACHR	2026-07-06	5	5.46	4.9701	5.37	36883529
ACHR	2026-07-07	5.3	5.35	4.83	4.93	29414240
ACHR	2026-07-08	4.85	4.97	4.81	4.84	19132055
ACHR	2026-07-09	4.84	4.94	4.765	4.85	17760054
ACHR	2026-07-10	4.89	4.93	4.6901	4.73	23373377
ACHR	2026-07-13	4.67	4.74	4.51	4.55	25684028
ACHR	2026-07-14	4.61	4.875	4.55	4.85	28305703
ACHR	2026-07-15	4.9	5.06	4.7115	4.78	23008563
ACHR	2026-07-16	4.74	4.75	4.45	4.49	25311469
ACHR	2026-07-17	4.34	4.59	4.3	4.44	25325056
ACHR	2026-07-20	4.63	5.43	4.6	5.31	98458069
ACHR	2026-07-21	5.32	5.6	5.22	5.28	52059163
ACHR	2026-07-22	5.31	5.415	5.08	5.18	36910429
ACHR	2026-07-23	5.1	5.3299	5.0401	5.11	30334672
ACHR	2026-07-24	5.16	5.17	4.74	4.77	35088970
ACHR	2026-07-27	4.8	4.9899	4.77	4.95	29983468
ACHR	2026-07-28	4.81	4.91	4.66	4.82	22986243
ACHR	2026-07-29	4.8	4.8265	4.47	4.48	25650702
ACHR	2026-07-30	4.58	4.77	4.52	4.74	31444187
ACHR	2026-07-31	4.78	4.85	4.57	4.64	29709796
ACHR	2026-08-03	4.67	4.92	4.6	4.84	30514959
ACHR	2026-08-04	4.94	5.36	4.91	5.31	29220963
ACHR	2026-08-05	5.3	5.35	5.125	5.2	23556029
ACHR	2026-08-06	5.17	5.3551	5.08	5.23	25988281
ACHR	2026-08-07	5.36	5.6	5.3001	5.59	33963659
ACHR	2026-08-10	6.41	6.87	5.935	6.26	127276954
ACHR	2026-08-11	6.23	7.08	6.13	6.79	89692499
ACHR	2026-08-12	6.853	6.915	6.1611	6.29	52085565
ACHR	2026-08-13	6.21	7.065	6.19	6.97	61300864
ACHR	2026-08-14	6.92	7.29	6.49	6.62	43596764
ACHR	2026-08-17	6.48	6.54	6.32	6.39	29754683
ACHR	2026-08-18	6.17	6.42	6.13	6.32	31730091
ACHR	2026-08-19	6.295	6.465	6.17	6.45	26463183
ACHR	2026-08-20	6.31	6.35	5.99	6.09	33266303
ACHR	2026-08-21	6.145	6.525	6.1	6.3	32750138
ACHR	2026-08-24	6.21	6.32	6	6.07	32191487
ACLS	2026-05-01	138.86	140.655	136.98	139.99	320417
ACLS	2026-05-04	141.24	143.55	138.33	141.87	445925
ACLS	2026-05-05	142.8	145.42	138.745	139.7	1004172
ACLS	2026-05-06	159.23	171.61	156.43	171	1883488
ACLS	2026-05-07	168.53	169	157.085	158.66	1416091
ACLS	2026-05-08	157.25	164.685	149.1873	163.03	1033410
ACLS	2026-05-11	164.93	168.14	160.45	165.08	639015
ACLS	2026-05-12	159.2	163.055	153.02	161.64	750584
ACLS	2026-05-13	165.48	167.6486	158.3626	162.15	572501
ACLS	2026-05-14	163.39	165.4636	160	161.64	393323
ACLS	2026-05-15	155.31	157.22	152.59	155.18	556294
ACLS	2026-05-18	154.67	155.61	143.09	146.24	608756
ACLS	2026-05-19	141.64	144.4	137.84	143.23	640296
ACLS	2026-05-20	146.09	151.355	144.66	149.56	386073
ACLS	2026-05-21	148.85	155.07	147.91	152.51	349766
ACLS	2026-05-22	153.23	158.98	151.815	156.94	476801
ACLS	2026-05-26	160.75	164.96	157.24	164.27	478230
ACLS	2026-05-27	166.01	167.01	157.715	157.91	539542
ACLS	2026-05-28	157.8	158.23	151.88	155.55	318527
ACLS	2026-05-29	155.85	157.805	149.28	150.41	517748
ACLS	2026-06-01	147.75	151.22	145.25	150.42	408739
ACLS	2026-06-02	153.78	159.03	152.84	158.78	271232
ACLS	2026-06-03	160.08	162	156.55	159.19	449807
ACLS	2026-06-04	153.12	167.51	151.23	161.87	719650
ACLS	2026-06-05	155.28	159.26	147.05	147.16	441588
ACLS	2026-06-08	153.16	160.35	151.725	154.76	510309
ACLS	2026-06-09	160.4	182.1906	157.84	164.57	1238175
ACLS	2026-06-10	161.55	172	154.06	157.43	821722
ACLS	2026-06-11	164.94	174.02	160.0601	173.57	694167
ACLS	2026-06-12	174.2	183.62	172.495	180.12	640314
ACLS	2026-06-15	185.31	193.78	185.31	191.6	1003066
ACLS	2026-06-16	189.82	193.5	176	176.845	633635
ACLS	2026-06-17	183.3	187.3699	174.05	175.445	426544
ACLS	2026-06-18	184.12	188.72	183.23	187.53	686872
ACLS	2026-06-22	189.84	190.25	179.59	183.92	503127
ACLS	2026-06-23	171.01	174.88	167.4501	171.06	562427
ACLS	2026-06-24	172.22	172.22	164.49	168.91	539003
ACLS	2026-06-25	178.17	180.93	169.07	180.7	605827
ACLS	2026-06-26	171.94	176.66	168.7	173.23	1774784
ACLS	2026-06-29	172.12	176.46	163.75	176.13	658526
ACLS	2026-06-30	178.69	191.2049	178.66	189.45	801249
ACLS	2026-07-01	181	185.005	173.1	178.33	580348
ACLS	2026-07-02	176.62	176.62	141.67	144.5	1036461
ACLS	2026-07-06	148.43	152.2133	138.8701	139.97	670229
ACLS	2026-07-07	130.87	133.03	122.6	131.54	834242
ACLS	2026-07-08	129.82	135.98	129.095	135.43	554333
ACLS	2026-07-09	141.745	145.995	140.61	142.93	425076
ACLS	2026-07-10	139.32	144.61	138.585	143.35	328040
ACLS	2026-07-13	139.84	141.22	135.97	136.56	294111
ACLS	2026-07-14	143.21	145.71	140.25	142.24	470593
ACLS	2026-07-15	144.67	149.99	140.33	145.01	450060
ACLS	2026-07-16	140.11	146.0925	137.5	139.34	373091
ACLS	2026-07-17	130.84	141.305	127.96	136.42	689752
ACLS	2026-07-20	137.22	139.51	130.27	131.7	387818
ACLS	2026-07-21	139.05	143.66	133.89	143.21	368038
ACLS	2026-07-22	139.14	145.01	139.14	141.95	273431
ACLS	2026-07-23	139.5	143.865	138.1346	141.51	270594
ACLS	2026-07-24	140.57	140.57	131.4801	134.1	363309
ACLS	2026-07-27	134.3	136.636	122.9201	128.11	407492
ACLS	2026-07-28	122.01	122.01	112.335	120.03	599974
ACLS	2026-07-29	119.28	121.56	111.8	112.05	399083
ACLS	2026-07-30	118.9	127.255	117.36	125.21	339081
ACLS	2026-07-31	130.87	136.8	126.015	130.38	481311
ACLS	2026-08-03	126.03	133.35	124.72	131.12	411196
ACLS	2026-08-04	136.64	140.52	135.235	139.7	396777
ACLS	2026-08-05	136.3	140.66	133.8675	136.67	615282
ACLS	2026-08-06	136.7	144.08	130.83	136.66	907616
ACLS	2026-08-07	136.66	141.33	136.66	140.27	463266
ACLS	2026-08-10	142.97	142.98	131.905	132.65	355036
ACLS	2026-08-11	136.78	137.78	132.27	135.36	283035
ACLS	2026-08-12	141.91	143	139.75	142.14	273710
ACLS	2026-08-13	141.29	145.69	141.0491	143.03	186805
ACLS	2026-08-14	140.08	142.34	137.53	140.15	219886
ACLS	2026-08-17	140.75	145.7	138.77	144.11	281995
ACLS	2026-08-18	136.19	138.99	132.87	135.39	304670
ACLS	2026-08-19	137.08	137.31	125.5	126.43	424967
ACLS	2026-08-20	124.6	127.03	123.005	124.97	211756
ACLS	2026-08-21	126.64	127.43	121.95	127.07	378827
ACLS	2026-08-24	124.5	124.63	121.2386	123.49	224189
ACOG	2026-05-01	6.04	6.5	5.8001	5.95	18515
ACOG	2026-05-04	5.95	6.3	5.915	6.05	25371
ACOG	2026-05-05	6.09	6.44	6.01	6.38	36383
ACOG	2026-05-06	6.37	6.48	6.125	6.38	32208
ACOG	2026-05-07	6.25	6.39	6.04	6.09	5445
ACOG	2026-05-08	6.1667	6.21	6	6.1	11740
ACOG	2026-05-11	6.07	6.15	5.95	5.95	7488
ACOG	2026-05-12	5.96	6.15	5.46	5.49	59934
ACOG	2026-05-13	5.53	5.9499	5.33	5.9499	45898
ACOG	2026-05-14	5.85	5.95	5.475	5.68	36473
ACOG	2026-05-15	5.88	6.25	5.71	6.02	96029
ACOG	2026-05-18	6.08	6.08	5.51	5.75	61357
ACOG	2026-05-19	5.76	5.915	5.65	5.8	15645
ACOG	2026-05-20	5.94	6.11	5.73	5.89	46142
ACOG	2026-05-21	5.83	5.99	5.7	5.82	23654
ACOG	2026-05-22	5.925	6.045	5.83	5.85	29327
ACOG	2026-05-26	5.99	6.07	5.8401	5.88	16535
ACOG	2026-05-27	5.89	6.01	5.645	5.73	32210
ACOG	2026-05-28	5.66	5.98	5.66	5.94	19289
ACOG	2026-05-29	5.97	6.1902	5.82	6.19	109326
ACOG	2026-06-01	6.25	6.38	6.15	6.34	21265
ACOG	2026-06-02	6.34	6.34	6.15	6.18	15023
ACOG	2026-06-03	6.29	6.29	6.04	6.08	5447
ACOG	2026-06-04	6.06	6.17	5.91	5.91	19052
ACOG	2026-06-05	5.9	6.03	5.55	5.82	45519
ACOG	2026-06-08	5.83	6.04	5.8	6.02	10163
ACOG	2026-06-09	6.1	6.1	5.9001	6	92194
ACOG	2026-06-10	6.05	6.15	5.89	5.99	36221
ACOG	2026-06-11	6.02	6.06	5.8101	6.04	14609
ACOG	2026-06-12	6	6.31	5.905	5.99	46799
ACOG	2026-06-15	6.08	6.185	5.85	5.99	24991
ACOG	2026-06-16	6.05	6.0898	5.85	6.01	24963
ACOG	2026-06-17	6.09	6.7	5.95	6.68	45426
ACOG	2026-06-18	6.72	7.03	6.1174	6.91	25591
ACOG	2026-06-22	7	7.0299	6.73	6.76	14241
ACOG	2026-06-23	6.72	6.75	6.4501	6.575	61093
ACOG	2026-06-24	6.51	6.81	6.35	6.58	40993
ACOG	2026-06-25	6.59	6.6527	6.37	6.5	51630
ACOG	2026-06-26	6.42	6.74	6.25	6.5	189331
ACOG	2026-06-29	6.56	6.9	6.56	6.81	18582
ACOG	2026-06-30	6.87	7.45	6.595	7.22	43686
ACOG	2026-07-01	7.19	7.99	6.9	7.79	33171
ACOG	2026-07-02	7.84	8.1	7.35	7.89	51970
ACOG	2026-07-06	8.17	8.21	7.65	7.9	45945
ACOG	2026-07-07	7.8	8.15	7.5	8.1	43815
ACOG	2026-07-08	8.1	8.5	8.08	8.5	107368
ACOG	2026-07-09	8.5	8.6009	8.19	8.52	28601
ACOG	2026-07-10	8.73	8.8	8.4	8.41	56692
ACOG	2026-07-13	8.4	8.505	8.38	8.38	156855
ACOG	2026-07-14	8.47	8.5999	7.45	8.05	131156
ACOG	2026-07-15	8.31	8.4949	8.01	8.3	50869
ACOG	2026-07-16	8.3	8.5	8.3	8.35	38989
ACOG	2026-07-17	8.35	8.57	8.33	8.5	40971
ACOG	2026-07-20	8.5	8.62	8.3	8.34	132956
ACOG	2026-07-21	8.43	8.44	7.83	7.89	111594
ACOG	2026-07-22	7.97	8.65	7.68	7.9	233939
ACOG	2026-07-23	8	8.48	7.5	8.23	359153
ACOG	2026-07-24	8.23	8.48	7.6	7.9	29283
ACOG	2026-07-27	8.14	8.635	8.01	8.58	108162
ACOG	2026-07-28	8.71	9.27	8.33	8.41	111349
ACOG	2026-07-29	8.56	9.0919	8.0425	8.8	27135
ACOG	2026-07-30	8.82	9.08	8.01	8.73	164340
ACOG	2026-07-31	8.56	8.72	7.539	8.28	154517
ACOG	2026-08-03	8.21	8.8764	7.6	8.43	70708
ACOG	2026-08-04	8.38	9.14	8.1	8.94	47626
ACOG	2026-08-05	9.02	9.215	8.32	8.52	92430
ACOG	2026-08-06	8.55	8.7	8.35	8.67	15075
ACOG	2026-08-07	8.8	9.21	8.6	9.13	30653
ACOG	2026-08-10	9.21	9.22	8.76	8.89	39195
ACOG	2026-08-11	8.95	9.095	8.67	8.885	56530
ACOG	2026-08-12	8.95	9.25	8.95	8.95	75870
ACOG	2026-08-13	8.95	9.16	8.49	8.63	196946
ACOG	2026-08-14	9.34	9.5	8.2	8.84	247583
ACOG	2026-08-17	8.89	9	8.2	8.84	367183
ACOG	2026-08-18	8.86	9.0999	8.46	8.575	135675
ACOG	2026-08-19	8.71	9.26	8.5301	8.89	140145
ACOG	2026-08-20	9.19	9.9501	8.9	9.5	360068
ACOG	2026-08-21	9.62	10.1	9.3601	9.75	294247
ACOG	2026-08-24	9.72	10.14	9.34	9.75	168406
ACVA	2026-05-01	5.3	5.38	5.165	5.28	3760992
ACVA	2026-05-04	5.32	5.395	5.26	5.3	2634756
ACVA	2026-05-05	5.33	5.515	5.23	5.4	3960359
ACVA	2026-05-06	5.42	5.49	5	5.22	9008199
ACVA	2026-05-07	6.174	6.7	5.94	6.5	13335652
ACVA	2026-05-08	6.31	6.7	6.29	6.41	5658680
ACVA	2026-05-11	6.31	6.46	5.975	6.09	4635008
ACVA	2026-05-12	6.11	6.19	5.74	5.84	3917730
ACVA	2026-05-13	5.74	5.815	5.55	5.65	3580851
ACVA	2026-05-14	5.935	5.99	5.71	5.72	3392091
ACVA	2026-05-15	5.73	6.08	5.73	5.92	2892042
ACVA	2026-05-18	5.91	6.2	5.87	6.02	3307338
ACVA	2026-05-19	6.11	6.24	5.91	5.92	2558136
ACVA	2026-05-20	5.85	6.04	5.6	5.96	2568257
ACVA	2026-05-21	5.72	5.955	5.655	5.9	2519731
ACVA	2026-05-22	5.88	6.13	5.84	5.95	1771747
ACVA	2026-05-26	6.01	6.185	5.9122	5.97	2673607
ACVA	2026-05-27	5.94	6.18	5.9	6	1961490
ACVA	2026-05-28	6.03	6.515	6.01	6.31	3739293
ACVA	2026-05-29	6.17	6.75	6.16	6.57	4675843
ACVA	2026-06-01	6.75	6.8	6.175	6.54	3690147
ACVA	2026-06-02	6.39	6.445	6.25	6.32	3537598
ACVA	2026-06-03	6.19	6.2	5.715	5.81	3799671
ACVA	2026-06-04	5.87	6.06	5.77	5.87	2773178
ACVA	2026-06-05	5.85	5.94	5.54	5.66	1899065
ACVA	2026-06-08	5.61	5.705	5.555	5.65	2003433
ACVA	2026-06-09	5.65	5.915	5.585	5.72	1829452
ACVA	2026-06-10	5.63	5.975	5.6	5.94	3317712
ACVA	2026-06-11	5.92	6.46	5.91	6.45	3150054
ACVA	2026-06-12	6.45	6.49	5.995	6.01	2956414
ACVA	2026-06-15	6.05	6.31	6	6.31	1892798
ACVA	2026-06-16	6.29	6.37	6.195	6.27	1610825
ACVA	2026-06-17	6.26	6.455	6	6.14	2355046
ACVA	2026-06-18	6.11	6.595	6.07	6.48	4360950
ACVA	2026-06-22	6.38	6.52	6.305	6.37	2032325
ACVA	2026-06-23	6.43	6.495	6.35	6.4	2668102
ACVA	2026-06-24	6.48	6.77	6.48	6.6	2265621
ACVA	2026-06-25	6.53	6.72	6.45	6.57	2346865
ACVA	2026-06-26	6.52	7.0299	6.52	6.93	8701926
ACVA	2026-06-29	6.91	7.235	6.855	7.2	3536919
ACVA	2026-06-30	7.09	7.335	7.048	7.19	2681005
ACVA	2026-07-01	7.33	7.43	7.2	7.29	2300830
ACVA	2026-07-02	7.29	7.38	7.08	7.3	2308348
ACVA	2026-07-06	7.23	7.59	7.23	7.43	3121982
ACVA	2026-07-07	7.48	7.59	7.29	7.29	2254100
ACVA	2026-07-08	7.16	7.25	6.94	6.99	5683370
ACVA	2026-07-09	6.86	7.005	6.8	6.92	2593883
ACVA	2026-07-10	7.02	7.11	6.645	6.67	2975492
ACVA	2026-07-13	6.69	6.835	6.615	6.81	2374125
ACVA	2026-07-14	6.69	7.28	6.67	7.23	3246808
ACVA	2026-07-15	7.34	7.56	7.155	7.46	2777643
ACVA	2026-07-16	7.47	7.735	7.395	7.63	3184519
ACVA	2026-07-17	7.5	7.55	7.28	7.45	3022261
ACVA	2026-07-20	7.34	7.57	7.22	7.41	3256281
ACVA	2026-07-21	7.4	7.95	7.325	7.93	2917984
ACVA	2026-07-22	7.99	8.07	7.51	7.68	3922619
ACVA	2026-07-23	7.68	7.755	7.515	7.57	2441983
ACVA	2026-07-24	7.62	7.82	7.58	7.73	3295377
ACVA	2026-07-27	7.85	8.125	7.845	8.04	1938382
ACVA	2026-07-28	8.11	8.245	8.085	8.19	2094767
ACVA	2026-07-29	8.13	8.375	8.02	8.07	1440081
ACVA	2026-07-30	7.92	8.08	7.6	8.03	2622686
ACVA	2026-07-31	7.98	8.025	7.35	7.49	4950775
ACVA	2026-08-03	7.73	8.065	7.73	7.79	2733124
ACVA	2026-08-04	7.67	8.02	7.67	8	2137756
ACVA	2026-08-05	7.98	8.0799	7.57	7.68	2631859
ACVA	2026-08-06	7.55	7.6	7.42	7.45	1843391
ACVA	2026-08-07	7.49	7.77	7.335	7.46	3676075
ACVA	2026-08-10	7.28	7.57	7.03	7.26	7191080
ACVA	2026-08-11	8.22	8.27	6.67	7.26	25599790
ACVA	2026-08-12	7.36	8.035	7.14	7.76	8749822
ACVA	2026-08-13	7.72	8.355	7.6801	7.96	5775164
ACVA	2026-08-14	7.92	8.29	7.7762	8.27	4047083
ACVA	2026-08-17	8.215	8.24	7.61	7.62	5317235
ACVA	2026-08-18	7.57	7.855	7.51	7.63	4210797
ACVA	2026-08-19	7.64	7.685	7.37	7.47	3943605
ACVA	2026-08-20	7.44	7.67	7.275	7.67	2943342
ACVA	2026-08-21	7.7	7.77	7.39	7.43	3205794
ACVA	2026-08-24	7.46	7.6	7.265	7.47	2501730
ADMA	2026-05-01	10.28	10.565	10.27	10.52	4126789
ADMA	2026-05-04	10.46	10.655	10.125	10.31	7873368
ADMA	2026-05-05	10.43	10.56	10.05	10.25	6492080
ADMA	2026-05-06	10.16	10.34	9.85	10.08	12019139
ADMA	2026-05-07	7.525	8.61	7.5	8.47	29714659
ADMA	2026-05-08	8.65	8.92	8.015	8.17	10186547
ADMA	2026-05-11	8.2	8.305	7.81	7.88	8582948
ADMA	2026-05-12	7.91	8.61	7.89	8.41	8284428
ADMA	2026-05-13	8.35	8.72	8.3	8.5	4258701
ADMA	2026-05-14	8.65	8.79	8.46	8.5	3315509
ADMA	2026-05-15	8.48	8.535	8.2	8.27	3717261
ADMA	2026-05-18	8.32	8.425	8.26	8.38	3351422
ADMA	2026-05-19	8.41	8.63	8.385	8.63	3074082
ADMA	2026-05-20	8.6	8.78	8.49	8.56	4540285
ADMA	2026-05-21	8.45	8.605	8.425	8.46	3336742
ADMA	2026-05-22	8.42	8.535	8.18	8.24	2964239
ADMA	2026-05-26	8.22	8.285	8.08	8.15	3355813
ADMA	2026-05-27	8.15	8.275	7.875	7.92	3545056
ADMA	2026-05-28	7.92	8.07	7.88	7.93	2759620
ADMA	2026-05-29	8	8.175	7.96	7.98	2952671
ADMA	2026-06-01	7.98	8.06	7.7	7.9	3547636
ADMA	2026-06-02	7.76	7.7999	7.45	7.6	3261529
ADMA	2026-06-03	7.53	7.79	7.46	7.76	2918924
ADMA	2026-06-04	7.83	8.14	7.83	7.98	2200066
ADMA	2026-06-05	8.07	8.16	7.895	7.97	2419778
ADMA	2026-06-08	7.88	8.11	7.88	8.06	2605795
ADMA	2026-06-09	8.09	8.295	8.02	8.12	3114836
ADMA	2026-06-10	8.29	8.895	8.29	8.48	4160080
ADMA	2026-06-11	8.43	8.495	8.11	8.32	4394281
ADMA	2026-06-12	8.29	8.38	8.17	8.21	3023746
ADMA	2026-06-15	8.26	8.565	8.22	8.5	4512497
ADMA	2026-06-16	8.45	8.8	8.43	8.58	3401733
ADMA	2026-06-17	8.51	8.68	8.39	8.42	3223256
ADMA	2026-06-18	8.52	8.62	8.29	8.31	8921866
ADMA	2026-06-22	8.36	8.7	8.275	8.57	3636489
ADMA	2026-06-23	8.7	8.79	8.475	8.69	2993542
ADMA	2026-06-24	8.73	8.855	8.65	8.7	3189056
ADMA	2026-06-25	8.73	9.04	8.6	8.72	3581172
ADMA	2026-06-26	8.7	8.885	8.63	8.75	5929183
ADMA	2026-06-29	8.76	8.85	8.23	8.37	4298096
ADMA	2026-06-30	8.49	8.53	8.29	8.37	2780865
ADMA	2026-07-01	8.56	8.7551	8.52	8.61	3038497
ADMA	2026-07-02	8.7	9.01	8.66	8.95	4366108
ADMA	2026-07-06	8.915	9.17	8.84	9.16	2620120
ADMA	2026-07-07	9.28	9.31	9.045	9.21	2330745
ADMA	2026-07-08	9.01	9.295	8.995	9.16	2279256
ADMA	2026-07-09	9.16	9.295	9.08	9.27	2004489
ADMA	2026-07-10	9.27	9.33	9.055	9.08	2223260
ADMA	2026-07-13	9.16	9.215	8.88	8.97	2873258
ADMA	2026-07-14	8.93	9.005	8.83	8.87	2677686
ADMA	2026-07-15	8.71	8.845	8.61	8.68	2139640
ADMA	2026-07-16	8.68	8.895	8.67	8.81	2726898
ADMA	2026-07-17	8.67	8.94	8.65	8.71	5587488
ADMA	2026-07-20	8.75	8.825	8.54	8.75	2486791
ADMA	2026-07-21	8.685	8.755	8.58	8.59	2578692
ADMA	2026-07-22	8.59	8.68	8.3227	8.38	1981151
ADMA	2026-07-23	8.36	8.4	8.19	8.37	2617039
ADMA	2026-07-24	8.4	8.47	8.165	8.27	2340807
ADMA	2026-07-27	8.38	8.62	8.35	8.48	2388073
ADMA	2026-07-28	8.57	8.795	8.495	8.79	2171913
ADMA	2026-07-29	8.71	8.875	8.6	8.71	2185018
ADMA	2026-07-30	8.51	8.74	8.48	8.67	1303399
ADMA	2026-07-31	8.58	8.66	8.35	8.46	1619164
ADMA	2026-08-03	8.635	8.87	8.57	8.74	2572730
ADMA	2026-08-04	8.69	9.02	8.66	8.91	2813597
ADMA	2026-08-05	9	9.32	8.94	9.26	3751642
ADMA	2026-08-06	9.7	10.35	9.66	10.06	5613100
ADMA	2026-08-07	9.97	10.185	9.75	9.9	3297198
ADMA	2026-08-10	9.79	10.055	9.705	9.75	1898320
ADMA	2026-08-11	9.875	10.01	9.73	9.905	2531845
ADMA	2026-08-12	9.83	9.96	9.755	9.78	1918212
ADMA	2026-08-13	9.85	9.865	9.24	9.41	3104842
ADMA	2026-08-14	9.47	9.49	9.33	9.47	1308515
ADMA	2026-08-17	9.51	9.6	9.315	9.34	1438592
ADMA	2026-08-18	9.35	9.5789	9.335	9.54	1368485
ADMA	2026-08-19	9.76	10.12	9.7	10.05	2688832
ADMA	2026-08-20	9.98	10.08	9.695	9.76	2192355
ADMA	2026-08-21	9.77	9.95	9.68	9.84	1475943
ADMA	2026-08-24	9.8	9.9119	9.535	9.55	1898447
AEHL	2026-05-01	8.12	8.2928	8.08	8.1264	3074
AEHL	2026-05-04	8.2144	8.4	7.9616	8.12	6557
AEHL	2026-05-05	8.12	8.12	7.7568	8.0704	5924
AEHL	2026-05-06	8.208	8.24	7.8384	7.872	3425
AEHL	2026-05-07	8	8.16	7.92	8.1584	6031
AEHL	2026-05-08	15.8352	45.44	8.888	19.2	20143315
AEHL	2026-05-11	18.72	27.04	16.96	22.88	3186858
AEHL	2026-05-12	19.6	40.48	19.52	33.76	3110808
AEHL	2026-05-13	48.4	67.84	42.4	57.92	5064905
AEHL	2026-05-14	82.4	94.24	37.6	72.48	2471094
AEHL	2026-05-15	60.32	81.6	53.6	57.76	289606
AEHL	2026-05-18	57.76	70.2384	56.6464	61.44	184335
AEHL	2026-05-19	62.08	67.2	53.7608	59.84	113538
AEHL	2026-05-20	58.16	61.6	43.68	46.56	58270
AEHL	2026-05-21	44.96	44.96	28.64	31.52	93122
AEHL	2026-05-22	26.88	30.88	24.16	24.16	50254
AEHL	2026-05-26	27.68	29.28	24.64	24.8	178444
AEHL	2026-05-27	24.16	25.1184	20.2416	20.8	37773
AEHL	2026-05-28	21.6	27.36	19.68	20.16	85693
AEHL	2026-05-29	20.32	21.9184	17.28	19.52	41797
AEHL	2026-06-01	18.24	19.68	16.32	18.24	28534
AEHL	2026-06-02	17.92	18.08	16.8	17.76	10720
AEHL	2026-06-03	17.44	20.3376	17.36	18.72	35540
AEHL	2026-06-04	18.4	18.56	16.32	17.12	21434
AEHL	2026-06-05	17.28	17.28	14.5616	16.32	77606
AEHL	2026-06-08	15.4096	21.28	14.88	17.6	71481
AEHL	2026-06-09	17.28	17.8864	15.2032	16.32	17892
AEHL	2026-06-10	16.96	21.28	16	19.2	83712
AEHL	2026-06-11	18.88	18.88	17.6	17.76	12718
AEHL	2026-06-12	17.28	17.5536	16.0016	16.64	8493
AEHL	2026-06-15	16.32	17.92	16.32	16.64	9162
AEHL	2026-06-16	16.8	17.12	14.968	16.64	12348
AEHL	2026-06-17	16.48	17.6	16.16	16.32	5406
AEHL	2026-06-18	16	16.6352	15.3136	16	18107
AEHL	2026-06-22	15.688	16.7984	15.424	16	8169
AEHL	2026-06-23	15.2016	17.28	15.2	16.32	8642
AEHL	2026-06-24	16.32	18.16	15.68	17.28	18617
AEHL	2026-06-25	16.96	17.12	16.08	16.32	6448
AEHL	2026-06-26	15.8304	17.28	15.8304	17.12	4834
AEHL	2026-06-29	16.96	16.96	15.92	16.32	5372
AEHL	2026-06-30	16.96	16.96	15.84	16.32	5942
AEHL	2026-07-01	15.8496	16.48	15.6848	16.32	4823
AEHL	2026-07-02	16.8	16.8	15.4128	16	3931
AEHL	2026-07-06	15.9344	16.8	15.2016	16.64	11413
AEHL	2026-07-07	16.32	16.32	14.8976	16.32	7867
AEHL	2026-07-08	15.84	16.32	15.2176	15.7664	5598
AEHL	2026-07-09	15.52	18	15.36	17.12	488868
AEHL	2026-07-10	16.16	16.2784	13.28	14.152	58657
AEHL	2026-07-13	13.6	13.8176	12.8	13.432	12011
AEHL	2026-07-14	13.5408	13.5408	12.1072	13.0656	12738
AEHL	2026-07-15	12.9424	14.384	12.64	14.384	8294
AEHL	2026-07-16	13.9808	14.24	13.184	13.8864	5500
AEHL	2026-07-17	13.4704	14.1824	12.8	13.2896	8965
AEHL	2026-07-20	12.9552	14.0432	9.6	10.72	14222
AEHL	2026-07-21	10.952	12.32	9.832	10.3296	1606797
AEHL	2026-07-22	11.2752	15.84	8.64	8.9088	4053033
AEHL	2026-07-23	11.6576	16	10.5968	11.4656	6040623
AEHL	2026-07-24	10.4	10.88	6.8736	8.592	457531
AEHL	2026-07-27	9.1168	11.5456	9.1168	10.3856	305644
AEHL	2026-07-28	9.8944	9.8944	8.8096	9.28	45577
AEHL	2026-07-29	8.928	9.1168	7.92	8.1792	39153
AEHL	2026-07-30	8.512	8.5264	7.696	8.08	30750
AEHL	2026-07-31	8.2976	8.2976	7.44	7.6064	23541
AEHL	2026-08-03	7.3584	7.3776	6.8	7.2	34271
AEHL	2026-08-04	6.832	7.12	6.5952	7.08	25164
AEHL	2026-08-05	6.56	6.56	5.28	5.28	94816
AEHL	2026-08-06	5.36	5.76	4.9024	4.9024	50105
AEHL	2026-08-07	4.9792	5.04	4.3968	4.8608	54745
AEHL	2026-08-10	5.11	8.92	5.05	5.71	602841
AEHL	2026-08-11	5.76	6	5.0701	5.395	175494
AEHL	2026-08-12	5.13	5.44	4.8176	5.08	63442
AEHL	2026-08-13	4.98	4.999	4.705	4.73	23113
AEHL	2026-08-14	4.47	7.87	4.22	4.94	1965444
AEHL	2026-08-17	4.84	5.325	4.69	5.11	104841
AEHL	2026-08-18	5.33	5.91	5.15	5.69	183890
AEHL	2026-08-19	4.93	5.9	4.8956	5.67	597222
AEHL	2026-08-20	5.89	7	5.53	6.35	574966
AEHL	2026-08-21	6.67	7.1799	6	6.28	216235
AEHL	2026-08-24	5.89	6.3899	5.832	6.095	82868
AEIS	2026-05-01	383.53	391.32	378.02	389.05	435189
AEIS	2026-05-04	394.99	396.9999	379.48	387.03	989146
AEIS	2026-05-05	351.06	364.36	334.94	345.63	2192305
AEIS	2026-05-06	352.34	361.7899	345.1	360.81	894870
AEIS	2026-05-07	363.51	364.5	345.38	351.94	1069302
AEIS	2026-05-08	358.19	362.63	350.23	357.24	563443
AEIS	2026-05-11	357	357.51	350	354.97	576791
AEIS	2026-05-12	350.72	350.72	325.57	339.42	644497
AEIS	2026-05-13	332.18	342.88	331.2774	339.19	1177179
AEIS	2026-05-14	343.44	351.2	337.03	344.6	1984739
AEIS	2026-05-15	328.984	331.78	322.545	323.46	1187291
AEIS	2026-05-18	327.69	328	304.6	309.06	990158
AEIS	2026-05-19	304.335	310.27	292.46	302.84	1608273
AEIS	2026-05-20	308.71	320.7092	305.13	313.05	882638
AEIS	2026-05-21	311.47	328.815	310.255	323.79	711600
AEIS	2026-05-22	330	330	318.865	324.86	605009
AEIS	2026-05-26	333.94	342.87	324.01	339.65	1106351
AEIS	2026-05-27	339.12	339.89	320.21	328.34	993170
AEIS	2026-05-28	328	329.139	315.83	317.08	1237682
AEIS	2026-05-29	323.11	324	296.16	302.18	2258759
AEIS	2026-06-01	297.95	301.52	288.45	294.65	1018612
AEIS	2026-06-02	300.03	313.27	298.59	312.28	1011025
AEIS	2026-06-03	315.77	328.091	312.16	322.5	838254
AEIS	2026-06-04	318.25	326.74	308.245	320.92	566408
AEIS	2026-06-05	311.15	313.065	294.21	294.81	716480
AEIS	2026-06-08	307.23	315.09	300	306.11	822125
AEIS	2026-06-09	314.91	323.775	292.51	311.64	772993
AEIS	2026-06-10	311	325.16	304.46	308.17	655401
AEIS	2026-06-11	320.38	340.85	319.315	340.4	790609
AEIS	2026-06-12	339.53	357	337.64	354.37	845959
AEIS	2026-06-15	372.35	380.06	365.43	370.66	1711234
AEIS	2026-06-16	371.48	372	349.54	350.45	1005025
AEIS	2026-06-17	353.43	364.5	349.19	353.32	521309
AEIS	2026-06-18	363.29	374.51	362.6	372.59	791939
AEIS	2026-06-22	379.79	389.79	370.4	388.23	630837
AEIS	2026-06-23	365.93	372.865	358.331	364.96	777303
AEIS	2026-06-24	364.89	372.24	353.36	359.61	903632
AEIS	2026-06-25	378.89	378.9	361.37	375.15	619328
AEIS	2026-06-26	371.26	371.26	342.8175	348.11	5666781
AEIS	2026-06-29	348.3	356.81	338.38	348.15	1407388
AEIS	2026-06-30	360.05	376.64	358.65	372.87	819182
AEIS	2026-07-01	357.14	365.685	352.75	356.35	723561
AEIS	2026-07-02	356.35	356.35	304.56	311.27	1045706
AEIS	2026-07-06	315.38	323.685	308.215	310.84	660455
AEIS	2026-07-07	296.23	299.01	280.515	287.73	740492
AEIS	2026-07-08	280.91	294.98	279.38	293.64	936723
AEIS	2026-07-09	313.115	317.5	308.0101	309.27	753101
AEIS	2026-07-10	302.13	309.57	300.62	308.05	371717
AEIS	2026-07-13	300	307.1	295.71	298.52	452691
AEIS	2026-07-14	312.24	314.93	302.25	305.2	306033
AEIS	2026-07-15	311.84	311.84	291.43	301.88	420818
AEIS	2026-07-16	291.29	299.69	284.59	285.89	684676
AEIS	2026-07-17	272.08	287.64	264.81	284.05	771501
AEIS	2026-07-20	288.3	293.3699	278.02	280.67	493016
AEIS	2026-07-21	289.9	304.09	289.9	303.71	648429
AEIS	2026-07-22	304.76	319.26	303.01	317.31	653164
AEIS	2026-07-23	313.21	326.035	312.11	315.14	431765
AEIS	2026-07-24	311.75	315.875	302	303.99	757419
AEIS	2026-07-27	305.15	312.215	282.31	291.95	511317
AEIS	2026-07-28	280.57	280.6	262.64	273.42	817910
AEIS	2026-07-29	269.51	276.435	248.79	252.485	1158202
AEIS	2026-07-30	267.93	279.41	267.83	274.26	1200159
AEIS	2026-07-31	290.07	304.53	283.42	289.52	991401
AEIS	2026-08-03	282	299.37	276.77	296.38	1115811
AEIS	2026-08-04	337.27	344.465	323.5	341.39	1729090
AEIS	2026-08-05	345	350.69	328.59	329.23	836681
AEIS	2026-08-06	325.04	334.79	317.66	323.91	470164
AEIS	2026-08-07	329.42	334.98	319.96	325.02	449641
AEIS	2026-08-10	331.84	331.84	314.22	314.49	533478
AEIS	2026-08-11	319.19	328.26	316.05	327.59	544782
AEIS	2026-08-12	340	346.83	336.9912	337.32	356260
AEIS	2026-08-13	336.27	341.51	328.33	329.54	378322
AEIS	2026-08-14	328.63	337.62	325.47	330.26	345502
AEIS	2026-08-17	332.6	349.58	330.74	348.63	465449
AEIS	2026-08-18	332.68	334	309.025	314.43	632858
AEIS	2026-08-19	314.93	316	292.01	294.31	494630
AEIS	2026-08-20	290	301.53	287	292.62	417571
AEIS	2026-08-21	296.96	297.6899	282.79	285.83	396676
AEIS	2026-08-24	280.12	281.2058	269.48	274.67	866588
AERO	2026-05-01	14.82	15.46	14.82	14.92	285949
AERO	2026-05-04	14.77	15.18	14.65	14.8	244883
AERO	2026-05-05	15.19	15.78	15.0002	15.77	267836
AERO	2026-05-06	16.38	16.58	15.8	16.05	549902
AERO	2026-05-07	16.15	16.79	16.025	16.34	182191
AERO	2026-05-08	16.58	16.58	15.5818	16.31	211314
AERO	2026-05-11	16.1	16.13	15.41	15.69	83702
AERO	2026-05-12	15.41	15.69	15.1336	15.46	66864
AERO	2026-05-13	15.5	15.6699	15.09	15.23	80750
AERO	2026-05-14	15.1	15.7407	14.84	14.95	257011
AERO	2026-05-15	14.85	15.15	14.62	14.99	331680
AERO	2026-05-18	15	15.1	14.4315	14.67	199630
AERO	2026-05-19	14.42	14.87	14.12	14.45	306120
AERO	2026-05-20	14.49	15.35	14.49	15.15	449847
AERO	2026-05-21	15.14	16.1	15.085	15.98	240997
AERO	2026-05-22	16.02	16.28	15.73	16.01	211256
AERO	2026-05-26	16.05	16.83	16.05	16.45	129320
AERO	2026-05-27	16.76	17.34	16.65	16.99	161480
AERO	2026-05-28	16.85	17.63	16.78	17.58	235292
AERO	2026-05-29	17.46	17.57	16.52	16.96	255918
AERO	2026-06-01	16.71	17.16	16.2366	16.89	172804
AERO	2026-06-02	16.94	17.29	16.5	16.56	135976
AERO	2026-06-03	16.4	16.4	15.88	16.03	82695
AERO	2026-06-04	16.25	16.62	16.1	16.14	166407
AERO	2026-06-05	16.17	16.34	16.0342	16.09	63838
AERO	2026-06-08	16.03	16.32	15.85	15.85	39878
AERO	2026-06-09	16.03	16.96	16.03	16.68	162093
AERO	2026-06-10	16.46	16.65	16.03	16.08	91171
AERO	2026-06-11	16.175	17.39	16.13	17.17	164580
AERO	2026-06-12	17.32	17.48	16.91	17.34	187573
AERO	2026-06-15	17.83	18.55	17.57	17.59	308866
AERO	2026-06-16	17.79	18.055	16.9401	17.24	282593
AERO	2026-06-17	17.44	17.93	17.26	17.61	213046
AERO	2026-06-18	17.76	18.115	17.4	17.64	218319
AERO	2026-06-22	17.7	17.9	17.33	17.39	88445
AERO	2026-06-23	17.2	17.59	17.09	17.59	78076
AERO	2026-06-24	17.55	18.12	17.2	17.7	179548
AERO	2026-06-25	17.99	18.5	17.455	18.31	342348
AERO	2026-06-26	18.09	18.795	17.66	18.34	319104
AERO	2026-06-29	18.2	18.355	17.86	18	432124
AERO	2026-06-30	18.11	18.16	17.4297	18	513034
AERO	2026-07-01	17.97	17.98	17.115	17.61	1788107
AERO	2026-07-02	17.89	18.01	17.26	17.49	81099
AERO	2026-07-06	17.55	17.675	17.23	17.32	106921
AERO	2026-07-07	17.19	17.52	16.945	17.09	107847
AERO	2026-07-08	16.81	16.81	16.09	16.58	181712
AERO	2026-07-09	16.63	16.97	16.26	16.62	134509
AERO	2026-07-10	16.8	16.87	16.32	16.73	97036
AERO	2026-07-13	16.59	16.9	15.17	15.3	270327
AERO	2026-07-14	14.82	16.045	14.82	15.65	244286
AERO	2026-07-15	15.8	16.01	15.5	15.5	82725
AERO	2026-07-16	15.7	15.99	15.1	15.93	138697
AERO	2026-07-17	15.79	15.92	15.272	15.43	178521
AERO	2026-07-20	15.67	15.74	15.43	15.5	189859
AERO	2026-07-21	15.75	15.85	15.1201	15.22	348580
AERO	2026-07-22	15.06	15.41	15.06	15.2	147286
AERO	2026-07-23	14.79	15.76	14.56	14.85	408535
AERO	2026-07-24	14.97	15.505	14.76	14.97	118724
AERO	2026-07-27	15.21	15.46	14.815	15.26	292072
AERO	2026-07-28	15.42	16.3093	15.14	15.56	156682
AERO	2026-07-29	15.39	15.55	14.7563	15.08	240822
AERO	2026-07-30	15.1	15.53	15.1	15.5	96824
AERO	2026-07-31	15.65	15.69	15.1	15.4	253170
AERO	2026-08-03	15.59	16.23	15.5	16.03	204153
AERO	2026-08-04	16.1	16.615	15.73	16.13	372746
AERO	2026-08-05	16.13	16.195	15.805	16.15	173333
AERO	2026-08-06	16.1	16.34	15.51	15.75	98458
AERO	2026-08-07	15.9	16.235	15.176	15.9	160630
AERO	2026-08-10	15.75	15.99	15.365	15.76	348113
AERO	2026-08-11	15.92	16	15.67	15.74	204298
AERO	2026-08-12	15.67	15.97	15.39	15.57	229837
AERO	2026-08-13	15.64	16	15.64	15.85	162936
AERO	2026-08-14	15.84	16.16	15.4525	15.75	252563
AERO	2026-08-17	15.88	15.93	15.3	15.71	696415
AERO	2026-08-18	15.47	15.635	14.75	14.8	251835
AERO	2026-08-19	14.92	14.99	14.28	14.33	293665
AERO	2026-08-20	14.12	14.4819	13.15	13.28	483251
AERO	2026-08-21	13.5	13.9247	13.32	13.72	380206
AERO	2026-08-24	14	14.47	13.82	14.41	251616
AGPU	2026-05-01	5.86	6.1599	5.3	5.52	314834
AGPU	2026-05-04	5.38	5.5899	5.1	5.2	326863
AGPU	2026-05-05	5.17	5.5	4.9	5.43	364895
AGPU	2026-05-06	5.76	5.9999	5.57	5.93	364275
AGPU	2026-05-07	5.86	6.4	5.7682	5.97	409250
AGPU	2026-05-08	5.92	5.97	5.55	5.67	235390
AGPU	2026-05-11	5.55	6.77	5.31	6.66	509627
AGPU	2026-05-12	6.6	6.84	6.4002	6.66	280532
AGPU	2026-05-13	6.66	6.8	6.23	6.48	345789
AGPU	2026-05-14	6.4	6.4329	5.57	5.6	378549
AGPU	2026-05-15	5.57	6.31	5.34	5.85	301312
AGPU	2026-05-18	5.32	5.4675	4.52	4.68	439463
AGPU	2026-05-19	4.55	4.78	4.18	4.76	327560
AGPU	2026-05-20	4.93	5.17	4.74	5.13	224556
AGPU	2026-05-21	5.12	5.86	5.12	5.7	357645
AGPU	2026-05-22	5.68	5.83	5.18	5.34	228836
AGPU	2026-05-26	5.47	7.2	5.4	6.92	1234844
AGPU	2026-05-27	6.45	7.075	6.11	6.53	709051
AGPU	2026-05-28	6.24	6.88	6.01	6.64	260574
AGPU	2026-05-29	6.68	7.08	6.22	6.97	269271
AGPU	2026-06-01	6.8	8.0051	6.71	7.26	515290
AGPU	2026-06-02	7.26	9	7.15	8.76	669093
AGPU	2026-06-03	8.6	8.7898	8.01	8.13	324058
AGPU	2026-06-04	8.2	8.73	7.91	8.17	248330
AGPU	2026-06-05	8.1	8.32	7.321	7.73	400403
AGPU	2026-06-08	7.76	7.84	7.12	7.32	189606
AGPU	2026-06-09	7.32	8.19	6.54	6.77	329053
AGPU	2026-06-10	6.28	7.065	6.27	6.62	250946
AGPU	2026-06-11	6.58	7.25	6.4737	7.16	124790
AGPU	2026-06-12	7.08	7.3	6.8	7.11	110333
AGPU	2026-06-15	7.12	7.5	6.83	7.31	159089
AGPU	2026-06-16	7.35	8	7.05	7.4	456344
AGPU	2026-06-17	7.25	7.33	5.9	6.23	583469
AGPU	2026-06-18	6.52	7.67	6.52	7.12	520860
AGPU	2026-06-22	6.9	7.27	6.7	7.14	162304
AGPU	2026-06-23	6.77	7.14	6.56	6.59	148938
AGPU	2026-06-24	6.6	6.705	6.25	6.47	65535
AGPU	2026-06-25	6.53	6.7499	6.3	6.47	121655
AGPU	2026-06-26	6.47	7.21	6.47	7.16	158717
AGPU	2026-06-29	7.3	7.82	7	7.54	214874
AGPU	2026-06-30	7.53	7.7858	7.26	7.58	123676
AGPU	2026-07-01	7.25	7.64	6.75	7.22	245690
AGPU	2026-07-02	7.29	7.7	7.012	7.08	75991
AGPU	2026-07-06	7.3	8.85	7.3	8.41	425231
AGPU	2026-07-07	8.23	8.26	7.155	7.39	313454
AGPU	2026-07-08	7.19	7.24	6.77	6.78	341394
AGPU	2026-07-09	6.9	7.185	6.62	6.97	279278
AGPU	2026-07-10	6.78	7.6	6.62	7.36	107917
AGPU	2026-07-13	7.44	7.52	6.9	7.01	205705
AGPU	2026-07-14	7.1	7.4	7	7.01	197262
AGPU	2026-07-15	7.1	7.14	6.7	6.94	78999
AGPU	2026-07-16	6.9	6.9899	6.67	6.76	99822
AGPU	2026-07-17	6.78	7.0474	6.65	6.87	160601
AGPU	2026-07-20	6.99	9	6.83	8.71	808170
AGPU	2026-07-21	8.6	10	8.6	9.54	892615
AGPU	2026-07-22	9.47	9.475	6.6136	7.11	3036550
AGPU	2026-07-23	7.12	7.77	6.846	7.36	739056
AGPU	2026-07-24	7.4	7.49	6.8	6.85	287598
AGPU	2026-07-27	7.87	8.24	6.63	7.21	3398273
AGPU	2026-07-28	7.21	7.7399	7.12	7.33	389018
AGPU	2026-07-29	7.09	7.45	6.9	7.02	278160
AGPU	2026-07-30	7.11	8.62	7.11	8.5	499151
AGPU	2026-07-31	8.45	8.5	7.8	8.38	201519
AGPU	2026-08-03	8.47	9.29	8.23	8.44	316230
AGPU	2026-08-04	8.47	9.22	8.46	9.01	293612
AGPU	2026-08-05	9.12	9.42	8.77	9.19	266647
AGPU	2026-08-06	9.19	9.655	8.31	8.38	330972
AGPU	2026-08-07	8.62	8.78	8.3	8.4	138576
AGPU	2026-08-10	8.5	8.685	8.2501	8.41	194565
AGPU	2026-08-11	8.52	8.52	7.7301	8.01	143436
AGPU	2026-08-12	8.18	8.51	8	8.04	109462
AGPU	2026-08-13	8.08	8.44	8.01	8.35	105947
AGPU	2026-08-14	8.63	8.65	8.05	8.27	229367
AGPU	2026-08-17	7.84	10.8822	7.39	10.62	2615951
AGPU	2026-08-18	10.64	10.88	9.29	10.33	1067530
AGPU	2026-08-19	10.28	10.92	9.7135	10.9	450602
AGPU	2026-08-20	10.62	10.8905	10	10.69	320440
AGPU	2026-08-21	10.7	11.73	10	10.21	527776
AGPU	2026-08-24	10.12	10.7391	10	10.27	250075
AIAI	2026-05-14	12	16.85	11.12	15.09	1109857
AIAI	2026-05-15	14.1	16.63	12.61	14.96	659899
AIAI	2026-05-18	14.95	14.95	13.5	14	236164
AIAI	2026-05-19	14	14.2326	12.255	13.17	285642
AIAI	2026-05-20	13.63	14.5	12.96	13.37	90455
AIAI	2026-05-21	19.3	19.57	12.6019	14.57	1166764
AIAI	2026-05-22	15.53	15.7	14.5	15.68	258382
AIAI	2026-05-26	15.87	15.87	13.65	13.92	205833
AIAI	2026-05-27	14.3	14.34	13.06	13.88	122200
AIAI	2026-05-28	13.52	14	11.9	12.71	202161
AIAI	2026-05-29	12.68	13.375	12.5	12.83	129929
AIAI	2026-06-01	12.53	13.33	12.53	12.92	75894
AIAI	2026-06-02	13	13.297	12.91	13	64966
AIAI	2026-06-03	13.1	13.1	12.61	12.99	36441
AIAI	2026-06-04	13.03	13.2999	12.6	12.63	37324
AIAI	2026-06-05	12.49	12.81	11.61	11.72	108124
AIAI	2026-06-08	12.45	13.16	12	12.95	515972
AIAI	2026-06-09	12.94	14.99	12.4669	14.755	554121
AIAI	2026-06-10	15	15.225	14.21	14.7	329967
AIAI	2026-06-11	15.39	16.7	15	15.2	676871
AIAI	2026-06-12	14.0637	16.52	14.01	14.79	608983
AIAI	2026-06-15	15.2	15.7	14.165	14.84	356579
AIAI	2026-06-16	14.54	15.54	14.26	14.86	404286
AIAI	2026-06-17	14.85	15.67	14.8001	15.34	332232
AIAI	2026-06-18	15.15	16.92	15.15	16.63	3817227
AIAI	2026-06-22	16.9	17.1799	16.15	16.87	183011
AIAI	2026-06-23	17.01	18.88	16.68	18.21	444325
AIAI	2026-06-24	18.4	18.62	17.19	17.21	321305
AIAI	2026-06-25	17.47	17.47	15.01	16	182115
AIAI	2026-06-26	16	16	14.3201	14.43	169919
AIAI	2026-06-29	14.4	15.54	14.4	14.94	133024
AIAI	2026-06-30	14.8	14.82	13.75	13.91	239039
AIAI	2026-07-01	13.77	14.96	13.4	14.53	118886
AIAI	2026-07-02	14.59	14.82	13.5601	14.15	165367
AIAI	2026-07-06	14.42	15.09	12.84	13.3	213927
AIAI	2026-07-07	13.6	13.6	11.8	12.69	371837
AIAI	2026-07-08	12.67	13.085	12.24	12.7	137187
AIAI	2026-07-09	12.94	12.96	11.25	11.28	210693
AIAI	2026-07-10	11.61	11.79	9.855	10.56	295362
AIAI	2026-07-13	10.47	11.23	9.93	10.09	147002
AIAI	2026-07-14	10.26	10.37	9.43	9.45	142882
AIAI	2026-07-15	9.45	9.845	8.22	8.34	165973
AIAI	2026-07-16	8.23	8.3599	6.8	6.93	217060
AIAI	2026-07-17	6.98	7.375	6.55	6.99	177378
AIAI	2026-07-20	7.13	7.25	6.05	6.14	153755
AIAI	2026-07-21	6.09	7	6.09	6.78	135238
AIAI	2026-07-22	6.84	7	6.35	6.95	121967
AIAI	2026-07-23	6.95	7.5467	6.765	7.24	152931
AIAI	2026-07-24	7.19	7.5589	6.23	6.24	117168
AIAI	2026-07-27	6.36	6.43	5.21	5.56	232574
AIAI	2026-07-28	5.44	5.7	5.22	5.51	89497
AIAI	2026-07-29	5.66	6.0923	4.58	4.63	197712
AIAI	2026-07-30	4.66	5.18	4.66	5.02	141168
AIAI	2026-07-31	5.13	5.49	4.9	4.99	137760
AIAI	2026-08-03	5.06	5.27	4.87	4.98	104716
AIAI	2026-08-04	5.2	5.5017	4.61	4.63	279377
AIAI	2026-08-05	4.52	4.52	3.82	4.18	274619
AIAI	2026-08-06	4.23	4.55	3.98	4.02	135101
AIAI	2026-08-07	4.08	4.17	3.915	4	201196
AIAI	2026-08-10	4.09	4.3611	4	4.18	159236
AIAI	2026-08-11	4.18	5.45	4.08	5.4	305660
AIAI	2026-08-12	5.41	6.2292	5.1996	5.53	321142
AIAI	2026-08-13	5.59	5.895	5.24	5.8	164194
AIAI	2026-08-14	5.44	6.1375	5.44	5.88	136526
AIAI	2026-08-17	6.21	6.23	4.83	5.01	247990
AIAI	2026-08-18	5.01	6.05	4.86	5.9	399636
AIAI	2026-08-19	5.78	6	5.22	5.225	150827
AIAI	2026-08-20	5.25	5.46	4.375	4.53	497657
AIAI	2026-08-21	4.79	8.3	4.79	6.62	12964280
AIAI	2026-08-24	6.36	6.54	5.3	5.31	902448
AIP	2026-05-01	29.09	29.472	28.08	28.95	808687
AIP	2026-05-04	29	29.15	27.1	28.85	675425
AIP	2026-05-05	29.31	30.76	29.21	30.13	706246
AIP	2026-05-06	30.5	32.11	30.12	31.41	916853
AIP	2026-05-07	31.25	31.65	29.28	29.75	853209
AIP	2026-05-08	30.23	32.07	29.29	31.86	1127694
AIP	2026-05-11	32.11	33.46	31.272	33.13	991178
AIP	2026-05-12	32.15	32.87	31	32.43	1236901
AIP	2026-05-13	35.43	36.17	30.46	35.55	2956232
AIP	2026-05-14	35.95	38.47	34.745	37.34	1648761
AIP	2026-05-15	34.93	34.93	32.14	33.71	1727431
AIP	2026-05-18	33.61	33.66	31.6	33.29	1437248
AIP	2026-05-19	32.65	34.72	31.76	34.39	1180990
AIP	2026-05-20	34.83	35.5	33.697	34.95	1344563
AIP	2026-05-21	34.9	36.09	34.53	35.9	972013
AIP	2026-05-22	36.4	36.94	35.48	36.28	1172608
AIP	2026-05-26	37.29	38.03	35.51	37.91	1165413
AIP	2026-05-27	38.12	38.42	36.72	36.94	911856
AIP	2026-05-28	36.94	37.885	36.0484	36.92	937669
AIP	2026-05-29	37.33	37.95	34.88	35.95	1470232
AIP	2026-06-01	35.55	36.575	34.87	36.01	1203403
AIP	2026-06-02	36.01	38	35.79	37.94	1212434
AIP	2026-06-03	37.83	38.9899	36.2601	37.44	1092211
AIP	2026-06-04	35.45	37.44	34.34	37.19	821454
AIP	2026-06-05	35.84	35.9378	33.24	34.28	860038
AIP	2026-06-08	34.85	35.5	33.97	35.26	819279
AIP	2026-06-09	35.79	36.305	31.9232	33.76	738570
AIP	2026-06-10	32.92	35.09	32.42	33.51	811268
AIP	2026-06-11	34.01	37.51	33.805	37.31	1049957
AIP	2026-06-12	37.06	41.56	36.3	41	1360317
AIP	2026-06-15	42.48	43.819	41.1347	43.63	1317579
AIP	2026-06-16	43.15	44.94	41.29	41.56	1281708
AIP	2026-06-17	42.56	43.2327	41.34	42.14	680294
AIP	2026-06-18	43.86	44.85	42.075	44.11	1050428
AIP	2026-06-22	44.805	45.3	43.1209	44.5	1161607
AIP	2026-06-23	41.255	42.99	40.855	41.22	674557
AIP	2026-06-24	41.93	42.2275	39.89	41.03	871055
AIP	2026-06-25	42.995	44.07	40.69	43.59	750041
AIP	2026-06-26	41.995	44.01	40.96	43.29	2552389
AIP	2026-06-29	43.86	47.58	43	47.36	1392329
AIP	2026-06-30	47.08	50.26	47.0001	48.59	1549888
AIP	2026-07-01	47.36	47.88	43.61	43.81	1324509
AIP	2026-07-02	43.51	43.51	34.2059	35.06	1756699
AIP	2026-07-06	35.32	37.71	34.6	34.82	1088716
AIP	2026-07-07	33.1	33.2912	31.16	31.32	1357597
AIP	2026-07-08	30.98	34.53	30.75	34.46	1084649
AIP	2026-07-09	35.89	36.84	35.2701	36.11	554929
AIP	2026-07-10	35.46	35.7654	34.11	34.77	396212
AIP	2026-07-13	33.81	34.08	32.525	32.79	451635
AIP	2026-07-14	35.01	35.33	33.195	33.41	498018
AIP	2026-07-15	33.91	33.91	31.4101	32.68	530383
AIP	2026-07-16	31.615	32.43	30.18	31.03	853652
AIP	2026-07-17	29.46	31.95	28.75	31.04	834967
AIP	2026-07-20	31.36	32.87	30.49	30.68	634823
AIP	2026-07-21	32.47	34.3	32.3	34.22	560392
AIP	2026-07-22	32.67	34.4899	32.67	33.53	522292
AIP	2026-07-23	32.93	34.2999	32.6415	33.33	386221
AIP	2026-07-24	33.29	33.29	30.17	30.26	475484
AIP	2026-07-27	31.45	31.45	28.65	30.27	546005
AIP	2026-07-28	29.19	29.25	26.7491	28.96	688270
AIP	2026-07-29	28.64	29.22	26.63	26.96	693784
AIP	2026-07-30	28.74	30.27	28.74	29.3	493944
AIP	2026-07-31	30.85	31.72	29.02	29.88	572551
AIP	2026-08-03	28.66	30.615	28.09	30.11	813934
AIP	2026-08-04	32	32.5	31.13	32.09	954972
AIP	2026-08-05	32.02	32.78	30.9	30.93	521496
AIP	2026-08-06	29.865	31.9	29.29	31.62	1030795
AIP	2026-08-07	31.67	33.57	29.501	29.78	1178465
AIP	2026-08-10	30.12	30.8	27.08	27.13	785693
AIP	2026-08-11	27.84	28.1801	27.2	27.45	624892
AIP	2026-08-12	28.53	29.1	28.11	28.18	582305
AIP	2026-08-13	27.93	28.74	27.5	27.59	451365
AIP	2026-08-14	27.7	28.5699	27.51	28.32	426055
AIP	2026-08-17	28.17	29	27.75	27.83	662670
AIP	2026-08-18	26.505	26.82	25.01	25.81	699603
AIP	2026-08-19	26.055	26.2	24.21	24.83	594554
AIP	2026-08-20	24.73	24.92	23.44	23.96	564958
AIP	2026-08-21	24.35	24.55	23.045	23.89	551256
AIP	2026-08-24	23.37	23.3932	22.46	22.61	862170
AIRG	2026-05-01	7.03	7.2	6.99	7.19	62485
AIRG	2026-05-04	7.2	7.28	7.05	7.14	55102
AIRG	2026-05-05	7.14	7.27	6.96	7.13	66101
AIRG	2026-05-06	7.05	7.25	6.98	7.05	89664
AIRG	2026-05-07	6.87	7.3899	6.5	7.25	185842
AIRG	2026-05-08	7.3	7.3	6.94	7.13	190111
AIRG	2026-05-11	7.17	7.183	6.775	7.05	205454
AIRG	2026-05-12	7.05	7.165	6.64	6.93	157642
AIRG	2026-05-13	6.93	6.93	6.47	6.65	178397
AIRG	2026-05-14	6.72	7	6.52	6.99	100692
AIRG	2026-05-15	7	7	6.7	6.84	73031
AIRG	2026-05-18	6.8	6.88	6.42	6.71	78915
AIRG	2026-05-19	6.64	6.915	6.64	6.72	53973
AIRG	2026-05-20	6.72	7.1	6.72	6.965	149374
AIRG	2026-05-21	6.97	7.03	6.86	6.86	33648
AIRG	2026-05-22	6.84	7.225	6.81	7.095	185978
AIRG	2026-05-26	7.13	7.25	6.7769	7	125401
AIRG	2026-05-27	7.03	7.13	6.9	7	64981
AIRG	2026-05-28	7.05	7.25	6.73	7.25	257593
AIRG	2026-05-29	7.19	7.215	6.87	6.97	94381
AIRG	2026-06-01	7.04	7.2	6.92	7.1	81414
AIRG	2026-06-02	7.12	7.658	7.12	7.39	191858
AIRG	2026-06-03	7.41	7.46	6.85	6.94	163237
AIRG	2026-06-04	6.9	7.2999	6.88	7.22	79216
AIRG	2026-06-05	7.18	7.18	6.62	6.79	126869
AIRG	2026-06-08	6.92	7.01	6.8	6.97	75994
AIRG	2026-06-09	7.01	7.2391	6.6566	6.84	93731
AIRG	2026-06-10	6.79	7	6.71	6.71	52904
AIRG	2026-06-11	6.8	6.85	6.66	6.74	47265
AIRG	2026-06-12	6.78	7.15	6.74	6.9	72691
AIRG	2026-06-15	6.97	7.27	6.8801	6.9	109065
AIRG	2026-06-16	6.96	7.2	6.83	6.83	107720
AIRG	2026-06-17	6.83	6.965	6.725	6.76	58075
AIRG	2026-06-18	6.76	7.09	6.51	6.78	92002
AIRG	2026-06-22	6.78	6.82	6.6	6.7	67120
AIRG	2026-06-23	6.53	6.621	6.37	6.38	55696
AIRG	2026-06-24	6.4	6.4001	6.12	6.21	85230
AIRG	2026-06-25	6.22	6.3	6.1119	6.16	59907
AIRG	2026-06-26	6.14	6.38	6.04	6.23	60375
AIRG	2026-06-29	6.23	6.395	6.15	6.23	60892
AIRG	2026-06-30	6.24	6.4	6.2107	6.3	50571
AIRG	2026-07-01	6.3	6.665	6.1	6.48	43446
AIRG	2026-07-02	6.5	6.62	5.89	6.19	126837
AIRG	2026-07-06	6.22	6.405	6.07	6.22	37058
AIRG	2026-07-07	6.19	6.2822	5.91	5.94	72258
AIRG	2026-07-08	5.89	6.01	5.785	5.8	48470
AIRG	2026-07-09	5.82	6.15	5.82	5.88	94430
AIRG	2026-07-10	5.86	6.24	5.82	6.01	95750
AIRG	2026-07-13	6.01	6.17	5.855	5.93	64447
AIRG	2026-07-14	5.93	6.22	5.92	6.185	65611
AIRG	2026-07-15	6.22	6.22	5.98	6.12	85306
AIRG	2026-07-16	6.12	6.305	6	6.09	86888
AIRG	2026-07-17	6.01	6.3	5.96	5.99	135342
AIRG	2026-07-20	5.99	6.34	5.86	5.935	121866
AIRG	2026-07-21	5.98	6.07	5.91	5.94	53460
AIRG	2026-07-22	5.93	6.06	5.875	5.93	79995
AIRG	2026-07-23	5.93	6.105	5.91	6.07	99569
AIRG	2026-07-24	6.06	6.07	5.85	5.86	54001
AIRG	2026-07-27	5.85	5.9715	5.52	5.74	130992
AIRG	2026-07-28	5.75	5.88	5.67	5.67	49301
AIRG	2026-07-29	5.68	5.73	5.49	5.61	93886
AIRG	2026-07-30	5.62	5.8299	5.62	5.74	91114
AIRG	2026-07-31	5.84	5.97	5.74	5.79	25853
AIRG	2026-08-03	5.74	5.96	5.69	5.69	57143
AIRG	2026-08-04	5.74	5.873	5.72	5.75	65720
AIRG	2026-08-05	5.84	5.985	5.63	5.72	69584
AIRG	2026-08-06	5.8	5.84	5.43	5.7	99975
AIRG	2026-08-07	5.7	5.8	5.52	5.53	79495
AIRG	2026-08-10	5.46	5.5901	5.4	5.47	99146
AIRG	2026-08-11	5.44	5.535	5.3	5.34	68005
AIRG	2026-08-12	5.34	5.44	5.29	5.29	72253
AIRG	2026-08-13	5.3	5.43	5.17	5.17	56795
AIRG	2026-08-14	5.21	5.55	5.18	5.51	67217
AIRG	2026-08-17	5.5	5.595	5.39	5.41	71782
AIRG	2026-08-18	5.35	5.4671	5.2	5.41	54980
AIRG	2026-08-19	5.43	5.55	5.3	5.44	46971
AIRG	2026-08-20	5.4	5.579	5.25	5.33	72862
AIRG	2026-08-21	5.34	5.5854	5.315	5.38	79505
AIRG	2026-08-24	5.44	5.475	5.22	5.22	57708
AIRJ	2026-05-01	3.11	3.195	3.025	3.14	323484
AIRJ	2026-05-04	3.14	3.2599	3.085	3.1	282791
AIRJ	2026-05-05	3.14	3.14	3.02	3.08	286983
AIRJ	2026-05-06	3.15	3.555	3.05	3.5	759807
AIRJ	2026-05-07	3.57	3.57	3.425	3.48	439649
AIRJ	2026-05-08	3.57	3.83	3.485	3.55	714108
AIRJ	2026-05-11	3.83	3.875	3.5604	3.82	1415263
AIRJ	2026-05-12	3.8	3.805	3.52	3.75	764910
AIRJ	2026-05-13	3.75	3.87	3.61	3.83	679095
AIRJ	2026-05-14	3.82	4.032	3.6608	3.92	1075047
AIRJ	2026-05-15	3.69	4.09	3.55	3.73	1055015
AIRJ	2026-05-18	3.73	3.73	3.38	3.52	827370
AIRJ	2026-05-19	3.5	3.77	3.44	3.54	645223
AIRJ	2026-05-20	3.64	3.8	3.46	3.77	499457
AIRJ	2026-05-21	3.76	4.155	3.7035	3.94	907633
AIRJ	2026-05-22	4.205	4.715	4.19	4.37	2544397
AIRJ	2026-05-26	4.65	4.67	4.17	4.24	1580812
AIRJ	2026-05-27	4.26	4.89	4.15	4.87	3020465
AIRJ	2026-05-28	4.945	4.99	4.625	4.79	1596038
AIRJ	2026-05-29	4.32	4.538	4.06	4.49	1960720
AIRJ	2026-06-01	4.875	5.47	4.83	5.2	3905379
AIRJ	2026-06-02	5.545	5.7198	5.25	5.48	3462218
AIRJ	2026-06-03	5.7	5.7	5.26	5.33	2495961
AIRJ	2026-06-04	5.18	6	4.9	5.79	3630116
AIRJ	2026-06-05	5.65	5.75	4.6	4.87	3792824
AIRJ	2026-06-08	5.08	5.09	4.62	4.64	1716297
AIRJ	2026-06-09	4.61	4.77	4.05	4.44	2791016
AIRJ	2026-06-10	4.34	4.54	4.12	4.125	1779625
AIRJ	2026-06-11	4.2	4.405	4.07	4.28	1191893
AIRJ	2026-06-12	4.3	4.36	4.115	4.19	965736
AIRJ	2026-06-15	4.26	4.5	4.12	4.14	1271774
AIRJ	2026-06-16	4.17	4.6099	4.12	4.21	1562762
AIRJ	2026-06-17	4.24	4.7	4.21	4.38	1325297
AIRJ	2026-06-18	4.56	4.885	4.47	4.85	1633453
AIRJ	2026-06-22	4.985	5.17	4.7214	4.88	1786865
AIRJ	2026-06-23	4.585	5.33	4.585	5.03	1762109
AIRJ	2026-06-24	5.03	5.27	4.71	4.96	1780014
AIRJ	2026-06-25	5.05	5.2	4.62	4.725	1216749
AIRJ	2026-06-26	4.6	4.64	4.39	4.56	1857901
AIRJ	2026-06-29	4.61	4.78	4.505	4.6	695835
AIRJ	2026-06-30	4.7	5.63	4.68	5.54	2934843
AIRJ	2026-07-01	5.46	5.52	5.12	5.18	1810290
AIRJ	2026-07-02	5.31	5.45	4.6605	4.835	1501254
AIRJ	2026-07-06	4.93	5.25	4.91	4.95	800196
AIRJ	2026-07-07	4.86	4.95	4.45	4.525	1019677
AIRJ	2026-07-08	4.4	4.525	4.24	4.51	1028762
AIRJ	2026-07-09	4.6	4.61	4.45	4.55	625177
AIRJ	2026-07-10	4.54	4.56	4.25	4.3	536060
AIRJ	2026-07-13	4.24	4.3004	3.925	3.96	1232884
AIRJ	2026-07-14	4.04	4.1883	3.95	4.01	838636
AIRJ	2026-07-15	4.01	4.19	3.82	3.99	850841
AIRJ	2026-07-16	3.93	3.95	3.6701	3.85	1055952
AIRJ	2026-07-17	3.73	3.905	3.62	3.74	953315
AIRJ	2026-07-20	3.81	3.83	3.51	3.56	969196
AIRJ	2026-07-21	3.61	3.84	3.5911	3.77	531788
AIRJ	2026-07-22	4.398	4.7699	4.31	4.6	6116275
AIRJ	2026-07-23	4.64	4.72	4.21	4.48	2478240
AIRJ	2026-07-24	4.49	4.6409	4.15	4.17	1835934
AIRJ	2026-07-27	4.3	4.4799	4.15	4.33	1209147
AIRJ	2026-07-28	4.22	4.44	4.07	4.33	1688020
AIRJ	2026-07-29	4.3	4.32	3.89	4.02	1488298
AIRJ	2026-07-30	4.11	4.42	4.1	4.39	1026173
AIRJ	2026-07-31	4.47	4.49	4.11	4.23	784473
AIRJ	2026-08-03	4.29	5.16	4.26	5.08	2347582
AIRJ	2026-08-04	5.17	5.94	5.02	5.84	3885846
AIRJ	2026-08-05	5.96	6.25	5.725	5.95	2829837
AIRJ	2026-08-06	5.725	6.1796	5.51	5.59	2133917
AIRJ	2026-08-07	5.79	6.3	5.68	5.92	2539457
AIRJ	2026-08-10	6.252	6.4533	5.75	5.93	2170791
AIRJ	2026-08-11	5.95	6.415	5.9277	6.4	1751013
AIRJ	2026-08-12	6.48	6.65	6.22	6.32	1389702
AIRJ	2026-08-13	6.31	6.5	6.2202	6.32	1606745
AIRJ	2026-08-14	5.51	6.24	5.49	6.04	2790980
AIRJ	2026-08-17	6.22	6.45	5.7701	5.81	1760360
AIRJ	2026-08-18	5.63	5.77	5.2617	5.32	1662621
AIRJ	2026-08-19	5.33	5.38	4.98	5.26	1682664
AIRJ	2026-08-20	5.2	5.24	4.98	5.04	1629808
AIRJ	2026-08-21	5.1	5.15	4.94	5.02	1386275
AIRJ	2026-08-24	4.95	5.09	4.81	5.01	996814
ALGT	2026-05-01	73.83	80.82	73.83	75.02	1040457
ALGT	2026-05-04	74.98	75.59	70.28	71.97	508119
ALGT	2026-05-05	72.56	76.33	72.56	75.75	465222
ALGT	2026-05-06	80.36	82.62	79	80.08	482976
ALGT	2026-05-07	81.5	85	80.6	82.18	751843
ALGT	2026-05-08	82.18	83.88	82.18	83.03	459915
ALGT	2026-05-11	82.36	82.36	79.31	79.38	590328
ALGT	2026-05-12	78.75	78.92	74.34	77.49	1055289
ALGT	2026-05-13	76.2	77.3325	75.2	75.21	753036
ALGT	2026-05-14	76.66	80.999	76.66	80.38	1041639
ALGT	2026-05-15	78.18	78.26	74.57	74.9	722194
ALGT	2026-05-18	75.13	78.42	73.5	74.66	644404
ALGT	2026-05-19	74.02	74.02	69.71	69.87	1077757
ALGT	2026-05-20	70.2	78.14	69.64	77.09	759979
ALGT	2026-05-21	75.39	81.58	73.67	81.39	715113
ALGT	2026-05-22	81.78	83.435	80.04	80.31	399883
ALGT	2026-05-26	82.75	88.22	82.75	87.2	648532
ALGT	2026-05-27	89.11	92.71	89.11	91	597824
ALGT	2026-05-28	88.43	92.64	88.375	90.73	433544
ALGT	2026-05-29	90.73	93.68	89.87	91.61	528431
ALGT	2026-06-01	88.79	89.99	85.0201	89.16	616688
ALGT	2026-06-02	90.7	90.7	87.02	87.67	475638
ALGT	2026-06-03	86.15	86.24	82.62	82.98	553596
ALGT	2026-06-04	84.76	86.1	83.79	84.47	461763
ALGT	2026-06-05	83.85	85.31	82.68	84.12	600654
ALGT	2026-06-08	84.11	85.415	82.04	82.31	450170
ALGT	2026-06-09	85.18	88.96	81.89	86.69	650938
ALGT	2026-06-10	85.39	85.99	80.01	80.15	382257
ALGT	2026-06-11	80	86.41	80	86.04	844064
ALGT	2026-06-12	88.36	93.065	86.96	91.59	636441
ALGT	2026-06-15	98.15	101.54	94.71	95.24	721391
ALGT	2026-06-16	96.79	99.76	95.13	95.92	386770
ALGT	2026-06-17	98	101.335	95.78	95.89	556547
ALGT	2026-06-18	98.66	102.56	98.32	100.76	726770
ALGT	2026-06-22	100.05	104.065	98.5951	102.18	487086
ALGT	2026-06-23	98.86	104.85	98.86	103.54	400209
ALGT	2026-06-24	105	107.88	104.74	107.32	694258
ALGT	2026-06-25	108.05	114.015	107.88	110.05	897276
ALGT	2026-06-26	111.09	117.14	110.44	116.1	2003209
ALGT	2026-06-29	115.93	117.055	111.85	114.2	878379
ALGT	2026-06-30	115.7	120.42	115.1	117.6	803096
ALGT	2026-07-01	119.88	123.12	118.3	119.16	690370
ALGT	2026-07-02	120.01	123.63	115.42	118.67	615005
ALGT	2026-07-06	120.47	122.56	114.63	115.62	506916
ALGT	2026-07-07	119.8	119.8	110.0064	111.14	543751
ALGT	2026-07-08	110	110.6998	103.7	108.26	635705
ALGT	2026-07-09	110.78	115.16	109.7	114.65	368805
ALGT	2026-07-10	113.23	113.67	109.33	111.02	365686
ALGT	2026-07-13	110.23	111.13	106.06	106.89	521004
ALGT	2026-07-14	108.17	108.46	104.02	104.29	453514
ALGT	2026-07-15	104.5	108.57	104.44	107.75	443609
ALGT	2026-07-16	104.78	109.67	103.965	105.41	454487
ALGT	2026-07-17	102.02	104.6977	100	100.9	394411
ALGT	2026-07-20	102.09	102.8599	99.775	102.17	340130
ALGT	2026-07-21	101.79	103.7799	100.83	101.35	373121
ALGT	2026-07-22	99.3	100.6	97.28	98.28	359348
ALGT	2026-07-23	94.46	95.25	90.71	94.48	577182
ALGT	2026-07-24	95.87	101.13	94.93	98.08	355125
ALGT	2026-07-27	100.95	103.35	98.55	99.14	492404
ALGT	2026-07-28	100.38	102.995	97.17	101.58	517152
ALGT	2026-07-29	97.28	100.135	95.36	95.69	520743
ALGT	2026-07-30	98.04	99.17	96.555	99.01	392532
ALGT	2026-07-31	99.05	100.1	97.02	98.08	366903
ALGT	2026-08-03	102.07	105.912	101.61	103.48	494712
ALGT	2026-08-04	106.64	108.23	104.58	105.09	444479
ALGT	2026-08-05	96.3	108.61	95.71	103.99	757538
ALGT	2026-08-06	101.98	103.8	97.1	97.165	471491
ALGT	2026-08-07	96.23	98.025	94.26	95.61	538275
ALGT	2026-08-10	93.22	93.8999	89.29	89.54	542465
ALGT	2026-08-11	89.54	91.12	88.2	88.34	580492
ALGT	2026-08-12	89	89.88	84.38	84.44	615310
ALGT	2026-08-13	86.1	88.27	84.53	86.45	558682
ALGT	2026-08-14	85.21	87.42	84.14	85.75	348259
ALGT	2026-08-17	84.69	86.92	84.15	84.3	529626
ALGT	2026-08-18	82.81	83.61	81.57	81.7	453175
ALGT	2026-08-19	81.65	82.525	77.69	78.07	631640
ALGT	2026-08-20	76.59	76.97	73.99	76.41	753664
ALGT	2026-08-21	78.46	82	77.95	81.85	798842
ALGT	2026-08-24	84.34	85.02	80.22	81.63	843816
ALMR	2026-05-01	25.12	26.87	25.04	25.81	380938
ALMR	2026-05-04	25.66	26.572	23.58	23.76	181377
ALMR	2026-05-05	23.67	24.415	23.13	23.9	122445
ALMR	2026-05-06	24.1	24.825	23.6325	23.84	289567
ALMR	2026-05-07	23.85	24.12	22.75	23.66	270068
ALMR	2026-05-08	23.12	25.21	23.12	23.96	304575
ALMR	2026-05-11	23.9	25	23.59	23.88	139050
ALMR	2026-05-12	23.92	24.97	22.76	22.97	158605
ALMR	2026-05-13	22.99	24.88	22.75	23.01	222125
ALMR	2026-05-14	23.01	23.48	22.34	22.51	206773
ALMR	2026-05-15	22.06	22.798	21.51	21.54	252979
ALMR	2026-05-18	21.35	21.7	20.4001	20.86	272537
ALMR	2026-05-19	20.51	21.27	20.46	20.51	140233
ALMR	2026-05-20	20.34	20.9699	20.02	20.16	196959
ALMR	2026-05-21	20.21	22.25	20.21	22	337041
ALMR	2026-05-22	21.95	22.4999	19.87	20.06	260173
ALMR	2026-05-26	20.04	20.505	18.845	19.09	387460
ALMR	2026-05-27	19.14	19.8	18.9	19.12	210957
ALMR	2026-05-28	19.27	20.2	19.215	19.76	171791
ALMR	2026-05-29	20.02	21.13	19.06	20.44	391862
ALMR	2026-06-01	20.17	21.23	20.17	20.51	136288
ALMR	2026-06-02	20.52	21.21	20.5	20.8	57195
ALMR	2026-06-03	20.93	21.5075	20.6	20.94	145324
ALMR	2026-06-04	20.95	22.1	20.95	21.49	133318
ALMR	2026-06-05	21.49	21.7	20.39	20.54	280023
ALMR	2026-06-08	20.63	21.35	19.18	19.21	198055
ALMR	2026-06-09	19.36	20.385	19.27	20.13	138073
ALMR	2026-06-10	20.3	21.8799	19.895	21.51	187767
ALMR	2026-06-11	21.51	22.42	21.32	22.19	131330
ALMR	2026-06-12	22.06	22.76	21.34	22	246803
ALMR	2026-06-15	22	22.25	20.59	20.69	172391
ALMR	2026-06-16	20.48	20.83	19.86	20.06	218468
ALMR	2026-06-17	20.04	20.83	19.81	20.2	253176
ALMR	2026-06-18	20.45	22.24	20.2	21.96	996563
ALMR	2026-06-22	21.96	23.23	21.58	22.78	257473
ALMR	2026-06-23	22.23	23.225	21.83	22.94	255901
ALMR	2026-06-24	22.86	24.58	22.66	23.83	256591
ALMR	2026-06-25	23.87	27.42	23.365	26.87	513788
ALMR	2026-06-26	26.82	28.23	25.5	26.67	2143521
ALMR	2026-06-29	26.69	28.3	26.63	27.77	457112
ALMR	2026-06-30	27.97	28.68	26.77	27.09	378263
ALMR	2026-07-01	27.34	28	25.745	26.13	838819
ALMR	2026-07-02	26.14	26.66	25.455	25.94	252333
ALMR	2026-07-06	25.84	26.125	24.8	25.66	270972
ALMR	2026-07-07	25.82	26.02	24.82	25.23	171949
ALMR	2026-07-08	24.9	25.52	24.26	25.3	165636
ALMR	2026-07-09	25.48	27.24	25.06	26.48	191052
ALMR	2026-07-10	26.48	28.49	26.01	28.42	246937
ALMR	2026-07-13	28.3	29.43	27.33	27.4	402362
ALMR	2026-07-14	27.24	28.285	26.57	27.05	220233
ALMR	2026-07-15	27.25	27.75	26.0208	26.13	231134
ALMR	2026-07-16	26.01	27.335	24.38	24.95	421095
ALMR	2026-07-17	24.46	26.34	24.15	25.95	245634
ALMR	2026-07-20	25.97	27.0593	23.83	23.92	205937
ALMR	2026-07-21	23.79	25.3199	23.5	25.15	189976
ALMR	2026-07-22	25.1	25.4	23.99	25.12	199449
ALMR	2026-07-23	25	25.955	25	25.89	135376
ALMR	2026-07-24	26.11	26.76	25.4275	25.88	246328
ALMR	2026-07-27	26.25	26.93	24.31	24.4	179204
ALMR	2026-07-28	24.73	25.23	23.785	24.71	190585
ALMR	2026-07-29	24.86	25.18	23.32	24.37	295045
ALMR	2026-07-30	24.55	25.32	24.02	25.07	142903
ALMR	2026-07-31	25.22	26.3636	24.7	25.36	154363
ALMR	2026-08-03	25.67	27.225	24.85	27.07	183692
ALMR	2026-08-04	27.46	28.065	26.22	27.11	272613
ALMR	2026-08-05	27.08	28.95	26.88	28.35	201179
ALMR	2026-08-06	28.42	29.3	27.49	28.1	246414
ALMR	2026-08-07	28.4	28.9899	27.94	28.46	135243
ALMR	2026-08-10	28.59	29.18	27.72	27.99	270182
ALMR	2026-08-11	29	38.54	28.03	36.57	1554161
ALMR	2026-08-12	36.72	38.28	32.91	33.12	557993
ALMR	2026-08-13	33.23	35.5026	32.5975	32.92	373070
ALMR	2026-08-14	33.81	33.81	32.61	33.16	161135
ALMR	2026-08-17	33.08	33.35	32.01	32.13	193769
ALMR	2026-08-18	32.13	35.34	32	32.96	355449
ALMR	2026-08-19	33.8	36.5	33.51	35.54	555832
ALMR	2026-08-20	35.05	35.79	34	34.64	263020
ALMR	2026-08-21	34.93	36.1	34.14	34.24	212394
ALMR	2026-08-24	34.07	34.5	32.061	32.7	303716
ALNT	2026-05-01	76.47	77.39	75.1503	76.28	129759
ALNT	2026-05-04	76.4	77.175	74.2804	75.65	107051
ALNT	2026-05-05	77.21	80.39	76.4801	78	278667
ALNT	2026-05-06	79.03	79.3417	76.67	77.52	179845
ALNT	2026-05-07	65.62	71.05	61.07	65.8	644005
ALNT	2026-05-08	64.65	67.91	61.6	66.69	305665
ALNT	2026-05-11	65.11	66.69	63.79	65.48	342912
ALNT	2026-05-12	64.88	65.65	61.505	62.97	275308
ALNT	2026-05-13	62.85	63.46	61.1801	62.51	300105
ALNT	2026-05-14	62.57	64.85	61.69	63.53	342615
ALNT	2026-05-15	61.67	63.7299	59.7001	61.33	325177
ALNT	2026-05-18	61.64	62.92	59.9401	60.93	156274
ALNT	2026-05-19	60.76	61.02	58.65	61	201528
ALNT	2026-05-20	61.5	63.875	61	63.35	195464
ALNT	2026-05-21	62.48	64.36	61.85	62.84	180085
ALNT	2026-05-22	63.5	64.285	62.561487	63.37	124439
ALNT	2026-05-26	67.84	71.98	67.84	71.32	258796
ALNT	2026-05-27	71.33	75.99	71.16	75.47	235427
ALNT	2026-05-28	74.88	76.615	72.2444	74.59	178421
ALNT	2026-05-29	74.37	79.43	73.5017	79.16	462548
ALNT	2026-06-01	77.6	83.5	76.21	83.08	444251
ALNT	2026-06-02	83.58	86.94	82.99	85.42	295858
ALNT	2026-06-03	84.81	87.46	83.72	86.79	321163
ALNT	2026-06-04	85.08	91.11	82.99	89.8	384878
ALNT	2026-06-05	88.16	89.63	83.18	84.86	295725
ALNT	2026-06-08	86.78	89.18	84.8201	87.18	183690
ALNT	2026-06-09	87.69	90.225	82.67	86.92	224984
ALNT	2026-06-10	87.35	89.68	84	85.76	246249
ALNT	2026-06-11	87	92.13	85.99	91.23	213621
ALNT	2026-06-12	93.37	95.6499	90.47	91.37	173274
ALNT	2026-06-15	94.89	96.76	92.552	95.09	281460
ALNT	2026-06-16	95.32	97.965	94.8	95.73	436104
ALNT	2026-06-17	96.3	100.01	93.53	93.69	300570
ALNT	2026-06-18	96.95	99.3753	94.52	95.85	302857
ALNT	2026-06-22	96.66	101.225	96	98.78	207554
ALNT	2026-06-23	94.22	97.39	89.54	96.03	270954
ALNT	2026-06-24	96.11	101	94.9	97.97	312874
ALNT	2026-06-25	100.19	104.65	100.14	102.26	301176
ALNT	2026-06-26	100.5	101.65	95.55	97.63	843166
ALNT	2026-06-29	98.08	101.215	93.18	99.79	330685
ALNT	2026-06-30	100.59	103.7139	99.21	102.93	297686
ALNT	2026-07-01	100.99	102.4199	98.28	98.63	229022
ALNT	2026-07-02	98.51	99.275	85.47	86.89	309536
ALNT	2026-07-06	86.89	92.745	86.89	88.17	252812
ALNT	2026-07-07	86.23	86.23	79.74	82.53	374056
ALNT	2026-07-08	81.35	87.11	80.58	86.65	263103
ALNT	2026-07-09	89.42	90.7608	87.83	89.75	306281
ALNT	2026-07-10	90.15	91.88	88.08	90.49	242460
ALNT	2026-07-13	89.61	91.65	87.07	87.27	242466
ALNT	2026-07-14	89.41	90.855	86.25	88.78	299656
ALNT	2026-07-15	89.12	89.9999	85.01	88.79	383025
ALNT	2026-07-16	87.37	90.12	82.67	87.18	401081
ALNT	2026-07-17	84.56	89.2425	83.16	87.67	202488
ALNT	2026-07-20	88.63	90.43	86.14	86.61	164053
ALNT	2026-07-21	88.42	90.74	86.865	89.97	140011
ALNT	2026-07-22	88.4	90.9299	87.341	88.36	224003
ALNT	2026-07-23	88.74	90.645	86.46	88.62	154995
ALNT	2026-07-24	89.34	89.34	85.82	86.78	195757
ALNT	2026-07-27	86.97	88.9199	83.1425	86.78	431753
ALNT	2026-07-28	86.53	86.66	79.44	83.26	380905
ALNT	2026-07-29	83.13	84.09	78.38	78.97	329420
ALNT	2026-07-30	82.82	86.48	82.23	86.21	226693
ALNT	2026-07-31	88.28	89.87	86.44	87.46	165925
ALNT	2026-08-03	86.17	91.175	85.01	90.13	159351
ALNT	2026-08-04	93.42	95.985	90.6101	94.56	193200
ALNT	2026-08-05	94.56	97.85	92.91	93.25	208650
ALNT	2026-08-06	103.25	113.48	100.475	111.21	692718
ALNT	2026-08-07	111.71	117.48	110.005	112.81	396787
ALNT	2026-08-10	114.99	116.5	112.5	113.03	333348
ALNT	2026-08-11	115.51	118.67	112.75	113.97	287693
ALNT	2026-08-12	116.33	117.85	112.735	114.28	235047
ALNT	2026-08-13	114.28	115.76	108.48	109.68	316702
ALNT	2026-08-14	108.22	112.21	106.02	111.41	144468
ALNT	2026-08-17	112.4	114.575	111.68	113.02	153767
ALNT	2026-08-18	109.6	110.465	107.34	108.74	249404
ALNT	2026-08-19	109.35	109.35	101.15	101.81	235501
ALNT	2026-08-20	100.2	100.85	97.2	99.43	294598
ALNT	2026-08-21	100.96	101.68	93.43	95.84	381623
ALNT	2026-08-24	94.28	95.25	92.75	93.08	140226
ALOY	2026-05-01	8.785	10.09	8.73	9.85	2394721
ALOY	2026-05-04	9.85	10.28	9.31	9.45	1945737
ALOY	2026-05-05	9.65	9.785	9.3301	9.43	1382827
ALOY	2026-05-06	9.58	10.52	9.5	10.44	2355691
ALOY	2026-05-07	10.44	10.46	9.3	9.55	2008861
ALOY	2026-05-08	9.8	9.95	9.3	9.89	1242662
ALOY	2026-05-11	9.85	9.85	9.2	9.36	1611598
ALOY	2026-05-12	9.29	9.67	8.89	9.1	1156314
ALOY	2026-05-13	8.99	9.21	8.8	8.89	1159265
ALOY	2026-05-14	8.9	9	8.41	8.89	1257308
ALOY	2026-05-15	8.7394	8.86	8.4201	8.64	907682
ALOY	2026-05-18	8.52	8.84	8.21	8.78	1154413
ALOY	2026-05-19	8.88	9.1	8.51	8.92	1438789
ALOY	2026-05-20	9.01	9.11	8.67	8.94	1141040
ALOY	2026-05-21	9.05	9.8	8.88	9.66	2054231
ALOY	2026-05-22	9.65	10.36	9.51	9.79	1231748
ALOY	2026-05-26	10.08	10.7293	9.71	10.55	2424845
ALOY	2026-05-27	10.41	10.41	9.065	9.46	2163263
ALOY	2026-05-28	9.5	10.1399	9.294	9.73	2044819
ALOY	2026-05-29	9.94	9.95	9.08	9.16	1935649
ALOY	2026-06-01	9.39	11.47	9.34	10.99	4219150
ALOY	2026-06-02	10.77	12.173	10.72	11.64	2637543
ALOY	2026-06-03	11.37	13.83	10.38	13.8	4736768
ALOY	2026-06-04	14.1	14.13	12.81	13.74	4007558
ALOY	2026-06-05	13.6	13.72	12.02	12.48	2356676
ALOY	2026-06-08	12.95	14.67	12.165	14.17	3345973
ALOY	2026-06-09	14.12	14.12	11.9501	12.53	2862345
ALOY	2026-06-10	12.31	14.165	12.25	13.91	2896078
ALOY	2026-06-11	13.89	14.4	13.38	14.06	1737144
ALOY	2026-06-12	14.395	16.71	14.21	15.22	4021399
ALOY	2026-06-15	16.48	17.7843	15.17	15.4	2746243
ALOY	2026-06-16	15.63	16.56	14.48	14.59	2656618
ALOY	2026-06-17	14.92	16.75	14.42	16.61	2625982
ALOY	2026-06-18	17	17.95	16.141	17.78	6901666
ALOY	2026-06-22	18.2	19.76	18.1	19.7	2551047
ALOY	2026-06-23	18.09	20.59	17.95	19.17	2587694
ALOY	2026-06-24	19.03	19.03	16.3	16.67	2499768
ALOY	2026-06-25	16.59	16.6	13.3	14.25	4247086
ALOY	2026-06-26	13.87	15.3993	13.64	14.68	10527327
ALOY	2026-06-29	14.78	14.78	13.3	14.23	2073204
ALOY	2026-06-30	14.45	14.85	13.62	14.45	2423695
ALOY	2026-07-01	14.785	16	14	14.99	2868971
ALOY	2026-07-02	15.23	15.99	13.06	13.28	3229961
ALOY	2026-07-06	13.28	14.005	12.56	12.74	2888454
ALOY	2026-07-07	12.56	12.66	11.46	12.18	2550319
ALOY	2026-07-08	11.95	13.25	11.95	12.9	1583862
ALOY	2026-07-09	12.92	13.435	12.75	12.98	1095637
ALOY	2026-07-10	13	13.49	12.26	12.28	1195582
ALOY	2026-07-13	12	12.095	10.615	11.07	2307145
ALOY	2026-07-14	11.23	11.23	10.48	10.77	1137782
ALOY	2026-07-15	10.71	11	10.48	10.84	1056609
ALOY	2026-07-16	10.68	10.8	9.35	9.79	2355525
ALOY	2026-07-17	9.46	9.8	8.88	8.885	1873438
ALOY	2026-07-20	8.99	9.02	7.99	8.4	2821413
ALOY	2026-07-21	8.57	9.25	8.56	9	1973063
ALOY	2026-07-22	8.89	9.08	8.16	8.19	1716478
ALOY	2026-07-23	8	8.17	7.33	7.47	3145803
ALOY	2026-07-24	7.53	7.5698	6.825	7.025	3126925
ALOY	2026-07-27	7.19	7.82	7.18	7.75	2382645
ALOY	2026-07-28	7.73	7.95	7.08	7.33	2199049
ALOY	2026-07-29	7.74	8.5	7.38	7.49	7133493
ALOY	2026-07-30	7.97	8.86	7.56	8.815	4348734
ALOY	2026-07-31	9.26	9.5	8.7	8.78	4292579
ALOY	2026-08-03	8.96	10.46	8.71	9.88	3969669
ALOY	2026-08-04	10.22	11.09	9.99	10.91	3885306
ALOY	2026-08-05	11.35	11.35	9.66	9.7	3930575
ALOY	2026-08-06	9.62	10.8876	9.32	10.69	2822402
ALOY	2026-08-07	11	12.4791	11	12.27	3827888
ALOY	2026-08-10	13.055	13.455	12.43	12.985	4634230
ALOY	2026-08-11	12.58	13.13	12.432	12.75	2062994
ALOY	2026-08-12	13.13	13.45	12.4801	12.54	1956141
ALOY	2026-08-13	12.54	13.385	12.0601	12.95	2633016
ALOY	2026-08-14	13.235	15.35	13.12	14.72	5097196
ALOY	2026-08-17	14.66	14.66	12.65	13.855	3254638
ALOY	2026-08-18	13.19	14.03	13.0804	13.5	1857188
ALOY	2026-08-19	13.45	13.6499	12.4	12.51	2030546
ALOY	2026-08-20	12.06	12.19	10.93	11.07	3039845
ALOY	2026-08-21	11.31	12.5	11.12	12.5	2889508
ALOY	2026-08-24	11.9	12.17	11.02	11.09	2663747
AMBP	2026-05-01	3.88	3.965	3.85	3.94	695019
AMBP	2026-05-04	3.9	3.96	3.875	3.94	968192
AMBP	2026-05-05	3.96	4.01	3.9	3.93	906576
AMBP	2026-05-06	4	4.085	3.955	3.97	817780
AMBP	2026-05-07	3.99	4.01	3.945	3.96	642603
AMBP	2026-05-08	3.97	4.045	3.96	4	517940
AMBP	2026-05-11	4	4.015	3.92	3.97	963000
AMBP	2026-05-12	3.98	4.05	3.95	4	1269687
AMBP	2026-05-13	3.97	4.057	3.965	4.01	1325795
AMBP	2026-05-14	4.03	4.0499	3.975	4.01	800623
AMBP	2026-05-15	3.99	4	3.9	3.95	1692619
AMBP	2026-05-18	3.94	4.045	3.9315	4.01	1319990
AMBP	2026-05-19	4.01	4.01	3.93	3.97	933076
AMBP	2026-05-20	3.95	4.085	3.92	4.05	2774339
AMBP	2026-05-21	4.02	4.115	3.95	4.07	3746814
AMBP	2026-05-22	4.06	4.08	4.035	4.04	579078
AMBP	2026-05-26	4.07	4.09	4.02	4.08	2016432
AMBP	2026-05-27	4.12	4.28	4.12	4.18	1133272
AMBP	2026-05-28	4.16	4.2457	4.14	4.2	1100640
AMBP	2026-05-29	4.22	4.22	4	4.03	1155909
AMBP	2026-06-01	4.03	4.03	3.93	4.02	1173235
AMBP	2026-06-02	4.03	4.09	4.005	4.06	1008196
AMBP	2026-06-03	4.03	4.05	3.95	3.98	1128213
AMBP	2026-06-04	4.05	4.07	3.95	3.98	934875
AMBP	2026-06-05	3.98	4.02	3.91	3.94	996533
AMBP	2026-06-08	3.94	3.96	3.88	3.93	1216076
AMBP	2026-06-09	3.96	4.085	3.96	4.07	1463127
AMBP	2026-06-10	4.09	4.11	4.05	4.05	1005632
AMBP	2026-06-11	3.97	4.08	3.915	4.06	4110596
AMBP	2026-06-12	4.08	4.23	4.08	4.2	3302431
AMBP	2026-06-15	4.28	4.35	4.19	4.24	2313954
AMBP	2026-06-16	4.255	4.37	4.25	4.36	1602448
AMBP	2026-06-17	4.34	4.485	4.27	4.35	1714252
AMBP	2026-06-18	4.41	4.4798	4.34	4.34	1796939
AMBP	2026-06-22	4.35	4.52	4.3308	4.5	1333969
AMBP	2026-06-23	4.5	4.6	4.43	4.58	2403553
AMBP	2026-06-24	4.59	4.665	4.45	4.48	3352189
AMBP	2026-06-25	4.53	4.55	4.44	4.5	1802076
AMBP	2026-06-26	4.52	4.645	4.51	4.61	3862627
AMBP	2026-06-29	4.56	4.635	4.495	4.59	3352311
AMBP	2026-06-30	4.56	4.805	4.54	4.74	3903318
AMBP	2026-07-01	4.71	4.72	4.635	4.69	1940673
AMBP	2026-07-02	4.71	4.845	4.7	4.83	2684521
AMBP	2026-07-06	4.8	4.83	4.6301	4.72	2100374
AMBP	2026-07-07	4.73	4.8354	4.7	4.75	1349968
AMBP	2026-07-08	4.72	4.73	4.485	4.53	3015191
AMBP	2026-07-09	4.53	4.66	4.45	4.63	1496285
AMBP	2026-07-10	4.63	4.655	4.55	4.63	1146327
AMBP	2026-07-13	4.67	4.7	4.39	4.46	2041951
AMBP	2026-07-14	4.5	4.5	4.38	4.42	1536534
AMBP	2026-07-15	4.44	4.545	4.43	4.52	1758798
AMBP	2026-07-16	4.54	4.75	4.53	4.75	2584428
AMBP	2026-07-17	4.71	4.83	4.615	4.69	2214294
AMBP	2026-07-20	4.67	4.69	4.455	4.5	3975187
AMBP	2026-07-21	4.63	4.72	4.49	4.69	2109496
AMBP	2026-07-22	4.69	4.7985	4.61	4.71	2991446
AMBP	2026-07-23	5.16	5.4299	4.67	4.72	4453693
AMBP	2026-07-24	4.77	4.885	4.64	4.78	2618982
AMBP	2026-07-27	4.81	4.93	4.8	4.84	11161029
AMBP	2026-07-28	4.9	5.245	4.81	5.21	8460412
AMBP	2026-07-29	5.15	5.17	4.91	4.96	3032099
AMBP	2026-07-30	4.98	5	4.81	4.85	2448646
AMBP	2026-07-31	4.83	4.84	4.7	4.73	1648632
AMBP	2026-08-03	4.83	4.8895	4.79	4.8	1456280
AMBP	2026-08-04	4.84	4.975	4.73	4.95	3208245
AMBP	2026-08-05	4.95	5.125	4.925	5.09	2395799
AMBP	2026-08-06	5.11	5.115	4.99	5.02	2489850
AMBP	2026-08-07	5	5.04	4.93	5.04	1313951
AMBP	2026-08-10	5.03	5.03	4.9	4.97	1370102
AMBP	2026-08-11	4.92	5.07	4.89	5.05	1574977
AMBP	2026-08-12	5.05	5.12	5	5.06	1636330
AMBP	2026-08-13	5.36	5.47	5.16	5.28	4272771
AMBP	2026-08-14	5.2	5.305	5.17	5.23	1865496
AMBP	2026-08-17	5.16	5.27	5.12	5.22	1718716
AMBP	2026-08-18	5.22	5.23	5.08	5.08	2077936
AMBP	2026-08-19	5.14	5.285	5.14	5.23	982258
AMBP	2026-08-20	5.06	5.28	5.06	5.25	1449467
AMBP	2026-08-21	5.29	5.38	5.285	5.36	1646011
AMBP	2026-08-24	5.38	5.41	5.28	5.32	1956224
AMCX	2026-05-01	8.51	8.71	8.48	8.57	299639
AMCX	2026-05-04	8.53	8.6199	8.27	8.29	407264
AMCX	2026-05-05	8.31	8.395	7.99	8.12	844575
AMCX	2026-05-06	8.24	8.5	8.24	8.47	255257
AMCX	2026-05-07	8.52	8.635	8.47	8.56	242000
AMCX	2026-05-08	8.2	8.8	7.66	8.8	618195
AMCX	2026-05-11	8.74	9.1979	8.0801	8.19	644535
AMCX	2026-05-12	8.14	8.33	8.005	8.08	580367
AMCX	2026-05-13	8.22	8.51	8.06	8.39	503126
AMCX	2026-05-14	8.41	8.6	8.24	8.31	508375
AMCX	2026-05-15	8.25	8.35	8.22	8.3	311276
AMCX	2026-05-18	8.3	8.42	8.24	8.35	372001
AMCX	2026-05-19	8.36	8.71	8.31	8.46	411540
AMCX	2026-05-20	8.42	8.715	8.25	8.65	423190
AMCX	2026-05-21	8.55	9.05	8.44	9	456470
AMCX	2026-05-22	9.06	9.39	9.06	9.24	412161
AMCX	2026-05-26	9.24	9.585	9.2	9.54	407120
AMCX	2026-05-27	9.59	9.93	9.55	9.89	605020
AMCX	2026-05-28	9.87	10.095	9.74	9.83	377112
AMCX	2026-05-29	9.75	9.86	9.645	9.72	312253
AMCX	2026-06-01	9.65	10.35	9.65	10.33	590767
AMCX	2026-06-02	10.09	10.65	10.0867	10.54	640719
AMCX	2026-06-03	10.47	10.47	9.365	9.44	1001876
AMCX	2026-06-04	9.42	9.97	9.42	9.75	454731
AMCX	2026-06-05	10.11	10.11	9.6501	9.8	436775
AMCX	2026-06-08	9.8	9.9799	9.6	9.68	482653
AMCX	2026-06-09	9.74	10.04	9.74	9.92	432618
AMCX	2026-06-10	9.91	10.275	9.86	10.2	488252
AMCX	2026-06-11	10.22	10.46	10.06	10.08	484967
AMCX	2026-06-12	10.08	10.24	9.75	10.08	343253
AMCX	2026-06-15	10.08	10.095	9.54	9.67	511005
AMCX	2026-06-16	9.67	9.775	9.3	9.57	399156
AMCX	2026-06-17	9.42	9.47	9.06	9.3	578848
AMCX	2026-06-18	9.34	9.47	9.08	9.36	1124864
AMCX	2026-06-22	9.24	9.41	9.19	9.35	431397
AMCX	2026-06-23	9.28	9.85	9.27	9.82	347485
AMCX	2026-06-24	9.8	10.05	9.71	9.75	337364
AMCX	2026-06-25	9.68	9.77	9.39	9.45	365983
AMCX	2026-06-26	9.46	10.13	9.3601	10.08	1060926
AMCX	2026-06-29	10.23	10.41	10.04	10.045	461823
AMCX	2026-06-30	10.04	10.295	9.805	9.98	416773
AMCX	2026-07-01	10.04	10.525	10.04	10.51	550866
AMCX	2026-07-02	10.51	10.62	10.17	10.26	292219
AMCX	2026-07-06	10.27	10.49	10.14	10.14	381465
AMCX	2026-07-07	10.14	10.2538	9.89	9.99	425040
AMCX	2026-07-08	9.97	10.2397	9.959	10.07	276482
AMCX	2026-07-09	10.07	10.215	9.835	9.9	316198
AMCX	2026-07-10	10.05	10.105	9.51	9.92	446118
AMCX	2026-07-13	9.95	10.31	9.885	9.97	365983
AMCX	2026-07-14	9.98	10.07	9.765	9.82	315634
AMCX	2026-07-15	9.84	10.6328	9.84	10.585	592134
AMCX	2026-07-16	10.505	11.13	10.505	10.9	1035549
AMCX	2026-07-17	10.74	11.075	10.2701	10.49	503251
AMCX	2026-07-20	10.54	10.76	10.44	10.52	347491
AMCX	2026-07-21	10.43	10.65	10.36	10.43	383252
AMCX	2026-07-22	10.4	10.465	10.01	10.16	548597
AMCX	2026-07-23	10.05	10.11	9.54	9.79	687100
AMCX	2026-07-24	9.71	10.14	9.7	9.79	578896
AMCX	2026-07-27	9.96	10.35	9.96	10.13	458060
AMCX	2026-07-28	10.28	10.375	10.11	10.26	423303
AMCX	2026-07-29	10.27	10.58	10.23	10.25	695163
AMCX	2026-07-30	8.97	9.95	8.97	9.71	1115304
AMCX	2026-07-31	9.95	11.66	9.93	11.2	3207562
AMCX	2026-08-03	11.33	11.5	10.54	10.9	1413321
AMCX	2026-08-04	11	11.6	10.97	11.4	1127259
AMCX	2026-08-05	11.48	12.44	11.34	12.03	1439362
AMCX	2026-08-06	11.97	12.515	11.82	11.87	920022
AMCX	2026-08-07	11.84	12.15	11.72	11.86	608491
AMCX	2026-08-10	11.87	11.9551	11.57	11.85	574585
AMCX	2026-08-11	11.85	11.925	11.565	11.79	412213
AMCX	2026-08-12	11.95	11.95	11.64	11.75	481400
AMCX	2026-08-13	11.795	12.225	11.68	12.02	604040
AMCX	2026-08-14	12.02	12.36	11.98	12.36	513484
AMCX	2026-08-17	12.2	12.2104	11.8229	12.09	326783
AMCX	2026-08-18	12.14	12.3	11.92	11.94	320699
AMCX	2026-08-19	11.94	12.15	11.8401	12.12	455124
AMCX	2026-08-20	12.12	12.48	12.07	12.19	731390
AMCX	2026-08-21	12.26	12.48	12.17	12.39	648178
AMCX	2026-08-24	12.45	12.7348	12.38	12.42	414732
AMIX	2026-05-01	7.1379	7.77	6.825	7.77	18685
AMIX	2026-05-04	7.56	8.1858	7.4802	7.8288	5300
AMIX	2026-05-05	7.5117	8.148	7.5117	7.9569	3684
AMIX	2026-05-06	8.1228	8.1858	7.875	8.0829	4033
AMIX	2026-05-07	8.0304	8.1858	7.875	8.0304	7408
AMIX	2026-05-08	7.8708	7.9044	7.35	7.35	6057
AMIX	2026-05-11	7.1169	7.3479	7.0329	7.0434	6164
AMIX	2026-05-12	7.35	7.35	6.7746	6.9279	5863
AMIX	2026-05-13	6.93	7.14	6.7221	6.9195	3724
AMIX	2026-05-14	6.888	7.0245	6.741	6.7641	2675
AMIX	2026-05-15	6.6885	6.93	6.6192	6.825	5539
AMIX	2026-05-18	6.699	6.993	6.5793	6.6171	3450
AMIX	2026-05-19	5.67	5.9556	4.2042	5.9556	1424034
AMIX	2026-05-20	5.964	8.379	5.6721	7.0665	215174
AMIX	2026-05-21	6.8565	8.61	6.51	8.379	50616
AMIX	2026-05-22	8.5638	8.8828	7.77	8.379	50801
AMIX	2026-05-26	8.232	8.7885	7.7702	8.778	16581
AMIX	2026-05-27	8.19	8.82	8.148	8.7654	16633
AMIX	2026-05-28	8.3034	8.715	8.0031	8.715	4024
AMIX	2026-05-29	8.7612	8.7612	7.77	8.4	8196
AMIX	2026-06-01	8.085	8.715	7.9802	8.715	13156
AMIX	2026-06-02	8.61	8.6667	8.211	8.6268	6138
AMIX	2026-06-03	8.3685	8.4	7.98	8.232	3593
AMIX	2026-06-04	8.232	8.526	7.9233	8.526	9061
AMIX	2026-06-05	8.2845	8.61	7.98	8.61	4889
AMIX	2026-06-08	8.421	8.5008	7.9611	8.4462	6175
AMIX	2026-06-09	8.568	8.568	7.8981	8.4987	4093
AMIX	2026-06-10	8.421	8.421	7.7973	7.9485	5141
AMIX	2026-06-11	7.98	8.2152	7.581	8.169	4698
AMIX	2026-06-12	8.3181	8.4	7.6797	8.0976	3853
AMIX	2026-06-15	8.4462	8.526	8.0031	8.358	16975
AMIX	2026-06-16	8.19	8.316	7.8561	8.316	3264
AMIX	2026-06-17	8.148	8.3118	7.854	8.169	5036
AMIX	2026-06-18	8.2089	8.2089	7.6482	7.6482	15470
AMIX	2026-06-22	7.77	8.0829	7.56	7.9758	28529
AMIX	2026-06-23	7.9758	7.98	7.1421	7.539	21936
AMIX	2026-06-24	7.5	7.76	6.44	7.21	90265
AMIX	2026-06-25	6.92	7.335	6.3	6.38	52959
AMIX	2026-06-26	6.22	6.29	5.72	5.72	27150
AMIX	2026-06-29	5.76	5.9899	5.72	5.84	15214
AMIX	2026-06-30	5.77	6.23	5.73	6.23	6939
AMIX	2026-07-01	6.3084	6.98	6.15	6.9	32952
AMIX	2026-07-02	6.8899	6.8899	6.43	6.43	9094
AMIX	2026-07-06	6.37	6.8574	6.37	6.76	7103
AMIX	2026-07-07	6.74	6.74	6.55	6.57	5386
AMIX	2026-07-08	6.47	6.59	6.322	6.458	3455
AMIX	2026-07-09	6.36	6.54	6.3001	6.46	8145
AMIX	2026-07-10	6.28	6.59	6.28	6.57	11570
AMIX	2026-07-13	5.99	6.66	5.54	5.75	2807935
AMIX	2026-07-14	5.38	5.55	4.75	5.19	91038
AMIX	2026-07-15	5.23	5.49	5.1	5.13	50040
AMIX	2026-07-16	5.08	5.19	4.87	4.92	29432
AMIX	2026-07-17	4.74	4.83	4.45	4.45	24794
AMIX	2026-07-20	4.43	4.48	4.19	4.23	24017
AMIX	2026-07-21	4.3	4.6399	4.16	4.29	44171
AMIX	2026-07-22	4.29	4.3	3.98	3.98	17436
AMIX	2026-07-23	3.61	3.88	3.35	3.5	1366612
AMIX	2026-07-24	3.45	3.73	2.9001	2.92	7982529
AMIX	2026-07-27	2.95	3.2	2.65	2.79	287552
AMIX	2026-07-28	2.57	3.12	2.44	2.75	6916314
AMIX	2026-07-29	4.315	7.25	3.93	4.57	68710416
AMIX	2026-07-30	4.34	4.3702	3.37	3.59	1254106
AMIX	2026-07-31	3.25	3.88	3.0198	3.44	482002
AMIX	2026-08-03	3.07	3.79	3.07	3.65	223122
AMIX	2026-08-04	5.38	24.68	5.24	19.5	116900725
AMIX	2026-08-05	13.62	18.69	11.62	12.1	14070120
AMIX	2026-08-06	13.35	14.25	10.5	12.17	3170699
AMIX	2026-08-07	11.545	11.79	9.21	10.04	803584
AMIX	2026-08-10	9.13	9.8	8.6459	9.29	509561
AMIX	2026-08-11	8.88	9.48	8.77	9.12	192738
AMIX	2026-08-12	8.75	9.2499	7.47	7.535	319932
AMIX	2026-08-13	7.51	8.14	6.7	6.86	295904
AMIX	2026-08-14	6.76	7	6.27	6.85	207782
AMIX	2026-08-17	6.83	6.83	6.25	6.4	123192
AMIX	2026-08-18	6.18	6.27	5.75	6.17	102473
AMIX	2026-08-19	6.01	6.19	5.79	5.91	82114
AMIX	2026-08-20	5.79	5.97	5.14	5.27	175376
AMIX	2026-08-21	5.19	5.87	5.19	5.27	108792
AMIX	2026-08-24	5.24	5.59	4.9701	5.37	9151378
AMRC	2026-05-01	29.56	31.51	29.5	31.36	607401
AMRC	2026-05-04	31.31	32.32	31	31.48	557646
AMRC	2026-05-05	29.72	33	29.51	30.77	882825
AMRC	2026-05-06	30.97	32.74	29.865	31.55	637438
AMRC	2026-05-07	31.57	31.785	29.61	29.69	428876
AMRC	2026-05-08	30.22	30.74	29.36	29.96	406164
AMRC	2026-05-11	30	30.93	29.93	30.58	320199
AMRC	2026-05-12	30.01	30.06	28.344	29.23	378162
AMRC	2026-05-13	29.5	30.21	28.22	28.98	495721
AMRC	2026-05-14	29.33	33.609	28.44	33.28	1473173
AMRC	2026-05-15	32.16	34.35	31.73	33.03	1046215
AMRC	2026-05-18	33.03	33.49	30.48	31.02	618828
AMRC	2026-05-19	30.72	31.075	27.71	28.93	925063
AMRC	2026-05-20	29.51	30.1	28.5	29.51	582507
AMRC	2026-05-21	29.07	30.65	29.07	30.22	405331
AMRC	2026-05-22	29.81	32.49	29.65	31.77	647993
AMRC	2026-05-26	33.47	36.39	33.47	35.51	1314051
AMRC	2026-05-27	35.75	37.14	34.7	35.94	714522
AMRC	2026-05-28	35.6	36.92	35.27	36.56	452841
AMRC	2026-05-29	36.59	36.9158	34.6625	35.98	526037
AMRC	2026-06-01	35.32	35.329527	34.02	34.6	354030
AMRC	2026-06-02	34.7	36.82	34.03	36.07	467831
AMRC	2026-06-03	35.35	36.284	32.96	33.33	598903
AMRC	2026-06-04	32.49	33.2364	32.24	32.73	397398
AMRC	2026-06-05	31.75	31.93	26.32	28.46	1628128
AMRC	2026-06-08	29.37	29.5	27.535	27.76	721144
AMRC	2026-06-09	27.92	28.52	25.93	26.93	700863
AMRC	2026-06-10	26.53	26.92	25.27	25.79	892084
AMRC	2026-06-11	26.27	27.96	25.92	27.88	433919
AMRC	2026-06-12	28.07	28.98	27.77	28.06	444905
AMRC	2026-06-15	28.98	29.39	28.05	28.14	523650
AMRC	2026-06-16	28.01	28.585	27.05	27.15	623114
AMRC	2026-06-17	27.71	29.18	26.791	27.29	638374
AMRC	2026-06-18	27.75	28.69	27.5	28.64	854638
AMRC	2026-06-22	28.16	29.2	28.13	28.94	541933
AMRC	2026-06-23	27.5	28.825	27	27.77	680386
AMRC	2026-06-24	27.45	28.43	27.07	27.68	350673
AMRC	2026-06-25	28.1	28.61	26.96	27.76	570038
AMRC	2026-06-26	26.81	27.54	26.35	26.82	906379
AMRC	2026-06-29	26.98	27.33	25.8	26.57	548744
AMRC	2026-06-30	26.97	27.78	26.75	27.6	408000
AMRC	2026-07-01	27.1	27.91	25.95	26.53	498531
AMRC	2026-07-02	26.93	27.56	24.34	25.4	566930
AMRC	2026-07-06	25.72	27.11	25.6	27.05	482797
AMRC	2026-07-07	26.44	26.44	24.85	25.49	465675
AMRC	2026-07-08	24.72	25.37	24.63	25.24	499519
AMRC	2026-07-09	26.1	26.4	25.3	25.65	416126
AMRC	2026-07-10	26.03	26.03	24.88	24.94	278534
AMRC	2026-07-13	24.36	24.46	23.64	23.75	484804
AMRC	2026-07-14	24.8	25.47	24.49	25	536457
AMRC	2026-07-15	25	25.76	24.36	24.68	314043
AMRC	2026-07-16	24	24.18	22.83	23.59	599095
AMRC	2026-07-17	22.55	23.83	22.46	23.11	683168
AMRC	2026-07-20	23.28	23.6443	22.45	22.55	474801
AMRC	2026-07-21	22.89	23.528	22.58	23.12	402748
AMRC	2026-07-22	22.97	23.82	22.93	23.39	428836
AMRC	2026-07-23	23.14	23.893	23.07	23.57	324968
AMRC	2026-07-24	23.96	23.96	21.55	21.75	370198
AMRC	2026-07-27	22.44	22.44	20.795	21.09	724423
AMRC	2026-07-28	20.19	20.7	18.5807	19.66	638856
AMRC	2026-07-29	19.79	20.09	18.375	18.51	699999
AMRC	2026-07-30	19.71	20.9	19.08	20.66	595135
AMRC	2026-07-31	21.44	21.705	20.47	21.07	602950
AMRC	2026-08-03	20.67	23.23	20.645	22.73	891208
AMRC	2026-08-04	31.93	31.93	27.33	27.94	2996186
AMRC	2026-08-05	27.66	27.69	25.36	25.66	788627
AMRC	2026-08-06	25.54	27.04	25.35	25.55	837376
AMRC	2026-08-07	26.38	26.84	25.4	25.65	496901
AMRC	2026-08-10	25.6	25.8311	24.5811	25.28	568696
AMRC	2026-08-11	25.87	26.4299	25.29	25.89	427306
AMRC	2026-08-12	28.17	28.44	27.04	27.61	466973
AMRC	2026-08-13	27.19	28.09	27.13	27.79	423444
AMRC	2026-08-14	27.47	28.82	27.4572	27.9	400660
AMRC	2026-08-17	28.2	28.62	27.775	28.5	447519
AMRC	2026-08-18	26.65	26.97	25.43	25.49	984700
AMRC	2026-08-19	25.74	26.73	25.275	25.35	641232
AMRC	2026-08-20	24.41	24.47	22.065	22.19	1936229
AMRC	2026-08-21	22.51	22.63	21.3	21.38	791443
AMRC	2026-08-24	21.19	21.29	20.37	20.97	1007353
AMWL	2026-05-01	6.4489	6.4489	6.06	6.12	19412
AMWL	2026-05-04	6.11	6.52	6.11	6.42	42172
AMWL	2026-05-05	6.45	6.54	6.13	6.36	101870
AMWL	2026-05-06	7.41	7.72	7.01	7.15	191254
AMWL	2026-05-07	7.24	7.75	7.02	7.75	94078
AMWL	2026-05-08	7.75	8	7.48	7.97	119473
AMWL	2026-05-11	7.97	8.18	7.635	8.15	70387
AMWL	2026-05-12	8.05	8.055	7.57	7.89	85235
AMWL	2026-05-13	7.89	7.89	7.485	7.73	35320
AMWL	2026-05-14	7.64	7.84	7.32	7.78	35479
AMWL	2026-05-15	7.56	7.74	7.36	7.57	79030
AMWL	2026-05-18	7.54	7.78	7.39	7.76	62324
AMWL	2026-05-19	7.68	7.9	7.6	7.83	27807
AMWL	2026-05-20	7.82	7.94	7.753	7.89	28308
AMWL	2026-05-21	7.88	7.98	7.6101	7.91	19670
AMWL	2026-05-22	7.86	8.12	7.76	7.96	59658
AMWL	2026-05-26	8.05	8.51	7.91	8.48	83283
AMWL	2026-05-27	8.45	9.2	8.42	8.84	241412
AMWL	2026-05-28	8.71	9.48	8.6	9.46	135758
AMWL	2026-05-29	9.39	9.83	9.35	9.83	143205
AMWL	2026-06-01	9.85	9.96	8.96	9.05	293589
AMWL	2026-06-02	9	9	8.41	8.5	153598
AMWL	2026-06-03	8.39	8.49	8.05	8.46	165283
AMWL	2026-06-04	8.43	8.98	8.43	8.78	93557
AMWL	2026-06-05	8.74	8.94	8.61	8.62	117689
AMWL	2026-06-08	8.68	9.06	8.5204	8.75	124174
AMWL	2026-06-09	8.84	8.84	8.19	8.5	123215
AMWL	2026-06-10	8.49	8.78	8.2	8.42	137691
AMWL	2026-06-11	8.49	9.23	8.33	9.16	55992
AMWL	2026-06-12	9.09	9.305	8.7837	9.11	40680
AMWL	2026-06-15	9.16	9.17	8.67	8.69	30256
AMWL	2026-06-16	8.72	8.775	8.3601	8.62	55677
AMWL	2026-06-17	8.54	8.655	8.42	8.5	38658
AMWL	2026-06-18	8.53	8.8891	8.39	8.43	82882
AMWL	2026-06-22	8.43	8.47	8.13	8.22	55643
AMWL	2026-06-23	8.1	8.458	8.06	8.33	68754
AMWL	2026-06-24	8.83	9	8.355	8.49	79843
AMWL	2026-06-25	8.58	8.6	8.25	8.4	71187
AMWL	2026-06-26	8.34	9.19	8.34	9.19	153836
AMWL	2026-06-29	9.18	9.595	8.9826	9.3	122284
AMWL	2026-06-30	9.35	9.5	9.1001	9.12	57531
AMWL	2026-07-01	9.22	9.665	9.01	9.37	95598
AMWL	2026-07-02	9.48	9.67	9.21	9.25	79830
AMWL	2026-07-06	9.19	9.54	9.13	9.29	61307
AMWL	2026-07-07	9.23	9.25	8.9537	8.99	41892
AMWL	2026-07-08	8.99	8.99	8.65	8.67	55696
AMWL	2026-07-09	8.68	9.2	8.67	9.12	38763
AMWL	2026-07-10	9.09	10.16	8.835	9.91	348327
AMWL	2026-07-13	9.92	11.2586	9.9	11.01	441768
AMWL	2026-07-14	10.92	11.4499	10.61	10.88	207002
AMWL	2026-07-15	10.73	11.39	10.6112	11.03	101831
AMWL	2026-07-16	11.04	11.45	10.87	10.95	103416
AMWL	2026-07-17	11.07	13.25	11.01	13.23	448570
AMWL	2026-07-20	13.23	13.45	12.52	12.58	257863
AMWL	2026-07-21	12.58	12.875	11.95	12.47	173530
AMWL	2026-07-22	12.41	12.83	11.6	11.66	172651
AMWL	2026-07-23	11.5	11.63	10.5551	10.77	142521
AMWL	2026-07-24	10.97	11.13	10.7	10.81	81331
AMWL	2026-07-27	10.98	11.4	10.92	11.05	67092
AMWL	2026-07-28	11.03	11.25	10.6011	11.09	73500
AMWL	2026-07-29	11.05	11.4815	10.65	10.77	74393
AMWL	2026-07-30	10.75	10.98	10.5	10.84	54961
AMWL	2026-07-31	10.85	10.98	10.6102	10.75	65426
AMWL	2026-08-03	10.86	11.08	10.73	10.76	79397
AMWL	2026-08-04	10.69	10.905	9.9301	10.42	144427
AMWL	2026-08-05	11.18	14.19	11.01	13.02	463416
AMWL	2026-08-06	13.13	13.6945	12.6	12.93	208208
AMWL	2026-08-07	13.05	14.085	12.99	13.52	173214
AMWL	2026-08-10	13.4	14.13	13.35	13.58	151140
AMWL	2026-08-11	13.53	13.53	12.95	12.99	76729
AMWL	2026-08-12	12.89	13.2242	12.38	12.65	84417
AMWL	2026-08-13	12.72	13.26	12.72	12.94	93000
AMWL	2026-08-14	12.9	13.225	12.42	12.45	57243
AMWL	2026-08-17	12.39	12.7189	12	12.34	87874
AMWL	2026-08-18	12.33	12.44	11.9918	12.2	93942
AMWL	2026-08-19	12.4	12.6654	11.9	12.4	171571
AMWL	2026-08-20	12.38	12.51	11.64	11.79	73859
AMWL	2026-08-21	11.87	11.9	11.38	11.9	56373
AMWL	2026-08-24	11.83	12.14	11.43	11.92	91023
ANIK	2026-05-01	13.61	15.14	13.51	14.85	236241
ANIK	2026-05-04	14.85	15.21	14.27	14.55	157792
ANIK	2026-05-05	14.57	15.18	14.57	14.95	96293
ANIK	2026-05-06	14.86	15.33	14.6325	15.12	109780
ANIK	2026-05-07	15.28	15.28	14.98	15.14	83658
ANIK	2026-05-08	15.1	15.3599	14.76	14.77	110678
ANIK	2026-05-11	14.8	14.8	14.225	14.54	73969
ANIK	2026-05-12	14.45	14.75	14.38	14.68	50102
ANIK	2026-05-13	14.54	14.8	14.43	14.8	45959
ANIK	2026-05-14	14.84	15.71	14.7415	15.34	123840
ANIK	2026-05-15	15.16	15.39	14.57	14.91	71159
ANIK	2026-05-18	14.91	15.37	14.82	14.95	72842
ANIK	2026-05-19	14.84	15.33	14.6358	14.82	99853
ANIK	2026-05-20	14.8	15.215	14.8	15.14	59191
ANIK	2026-05-21	14.95	15.19	14.8	15.02	56456
ANIK	2026-05-22	15.07	15.07	14.775	14.88	50841
ANIK	2026-05-26	14.94	15.03	14.57	14.89	56074
ANIK	2026-05-27	14.91	15.14	14.66	14.81	37515
ANIK	2026-05-28	14.73	14.93	14.73	14.9	113675
ANIK	2026-05-29	14.85	15.79	14.5	14.53	99685
ANIK	2026-06-01	14.4	14.66	13.8	14.63	80777
ANIK	2026-06-02	14.55	14.58	14.305	14.38	57570
ANIK	2026-06-03	14.43	14.505	14.2	14.41	49344
ANIK	2026-06-04	14.59	15.07	14.535	14.79	59708
ANIK	2026-06-05	14.75	14.89	14.37	14.48	42677
ANIK	2026-06-08	14.4	14.84	14.4	14.6	53845
ANIK	2026-06-09	14.78	14.94	14.38	14.57	56271
ANIK	2026-06-10	14.6	15.015	14.25	14.945	117483
ANIK	2026-06-11	14.72	15.14	14.64	14.72	45244
ANIK	2026-06-12	14.72	14.9	14.64	14.72	53435
ANIK	2026-06-15	14.72	14.9299	14.445	14.61	52498
ANIK	2026-06-16	14.69	14.69	14.28	14.3	59832
ANIK	2026-06-17	14.3	14.47	14.1	14.23	89122
ANIK	2026-06-18	14.38	14.5	14.07	14.42	131908
ANIK	2026-06-22	14.39	14.51	13.77	14.2	92776
ANIK	2026-06-23	14.13	14.6996	14.13	14.59	54838
ANIK	2026-06-24	14.65	14.92	14.315	14.73	69536
ANIK	2026-06-25	14.74	14.9	14.59	14.62	43057
ANIK	2026-06-26	14.58	15.16	14.58	15.1	166377
ANIK	2026-06-29	15.07	15.295	14.965	15.01	76127
ANIK	2026-06-30	14.87	14.87	14.38	14.63	74758
ANIK	2026-07-01	14.89	15.27	14.7	15.18	95774
ANIK	2026-07-02	15.18	15.51	15.15	15.36	43225
ANIK	2026-07-06	15.3	16.28	15.17	16.03	52749
ANIK	2026-07-07	16.19	16.49	15.74	15.87	89364
ANIK	2026-07-08	15.73	16.37	15.62	16.34	156929
ANIK	2026-07-09	16.29	16.29	15.7601	16.09	53506
ANIK	2026-07-10	16.12	16.12	14.93	15.6	46920
ANIK	2026-07-13	15.68	16.2699	15.6	15.77	95080
ANIK	2026-07-14	15.75	15.82	15.43	15.52	60031
ANIK	2026-07-15	15.46	15.94	15.46	15.93	58842
ANIK	2026-07-16	15.96	16.2	15.61	15.82	57079
ANIK	2026-07-17	15.65	15.81	15.25	15.25	47713
ANIK	2026-07-20	15.25	15.7601	14.93	15.06	52309
ANIK	2026-07-21	15	15.325	14.98	15.16	42435
ANIK	2026-07-22	15.22	15.49	14.7885	15.01	57198
ANIK	2026-07-23	14.93	15.355	14.61	14.67	45390
ANIK	2026-07-24	14.79	15.11	14.58	14.95	45205
ANIK	2026-07-27	14.885	15.39	14.885	15.02	50567
ANIK	2026-07-28	15.16	15.41	15.025	15.15	52172
ANIK	2026-07-29	17.23	17.75	15.8	16.17	124833
ANIK	2026-07-30	16.51	18.58	16.5006	18.07	114412
ANIK	2026-07-31	18.33	19.29	17.87	19.28	170261
ANIK	2026-08-03	19.59	21.115	19.59	20.735	182484
ANIK	2026-08-04	20.57	20.75	18.98	19.61	238693
ANIK	2026-08-05	19.64	19.68	19	19.19	95156
ANIK	2026-08-06	19.4	20.3899	19.4	20.16	193055
ANIK	2026-08-07	20.6	21.55	20.09	21.42	183508
ANIK	2026-08-10	21.93	22.88	20.61	20.68	125988
ANIK	2026-08-11	20.59	21.64	20.54	21.23	114214
ANIK	2026-08-12	21.23	22.23	20.4196	22.03	140977
ANIK	2026-08-13	22.05	22.4213	21.035	21.17	102055
ANIK	2026-08-14	21.17	21.98	21.035	21.5	124915
ANIK	2026-08-17	21.21	21.99	20.74	21.47	121199
ANIK	2026-08-18	21.48	21.98	21.0936	21.57	86925
ANIK	2026-08-19	21.88	22.05	21.25	21.26	80206
ANIK	2026-08-20	21.15	21.65	21.1	21.34	89336
ANIK	2026-08-21	21.38	22.32	21.0101	21.78	340387
ANIK	2026-08-24	22.35	22.525	21.13	21.34	124711
ANTX	2026-05-01	4.55	4.87	4.43	4.68	106488
ANTX	2026-05-04	4.66	4.88	4.57	4.85	324640
ANTX	2026-05-05	4.82	5.17	4.69	4.69	317542
ANTX	2026-05-06	4.73	4.82	4.598	4.65	182402
ANTX	2026-05-07	4.65	4.78	4.54	4.6	149320
ANTX	2026-05-08	4.59	4.83	4.46	4.46	240870
ANTX	2026-05-11	4.48	4.8	4.4601	4.72	213678
ANTX	2026-05-12	4.58	4.9	4.22	4.27	189025
ANTX	2026-05-13	4.27	4.63	3.94	4.31	252111
ANTX	2026-05-14	4.64	5	4.58	4.64	295939
ANTX	2026-05-15	4.7	4.95	4.5	4.75	408028
ANTX	2026-05-18	4.75	4.91	4.27	4.48	119208
ANTX	2026-05-19	4.51	4.68	4.31	4.55	81327
ANTX	2026-05-20	4.49	4.67	4.44	4.59	68142
ANTX	2026-05-21	4.6	4.92	4.45	4.89	101829
ANTX	2026-05-22	4.89	5.235	4.67	4.85	731434
ANTX	2026-05-26	4.88	5.07	4.68	4.73	535634
ANTX	2026-05-27	4.74	4.92	4.61	4.63	117682
ANTX	2026-05-28	4.61	4.74	4.4	4.46	191780
ANTX	2026-05-29	4.43	4.65	4.2825	4.33	112292
ANTX	2026-06-01	4.31	4.46	4.2	4.21	236159
ANTX	2026-06-02	4.29	4.46	4.01	4.07	176448
ANTX	2026-06-03	4.1	4.33	4.03	4.2	214455
ANTX	2026-06-04	4.27	4.45	4.16	4.17	169775
ANTX	2026-06-05	4.19	4.19	3.75	3.82	178156
ANTX	2026-06-08	3.84	4.02	3.81	3.85	131222
ANTX	2026-06-09	3.81	4	3.7001	3.91	167024
ANTX	2026-06-10	3.91	4.3149	3.77	4.2	188510
ANTX	2026-06-11	4.21	4.655	4.15	4.45	230556
ANTX	2026-06-12	4.47	4.86	4.44	4.74	192636
ANTX	2026-06-15	4.74	5.04	4.56	4.91	218116
ANTX	2026-06-16	4.93	5.07	4.76	4.76	365935
ANTX	2026-06-17	4.74	5.08	4.085	4.9	335685
ANTX	2026-06-18	4.87	5.06	4.8	5	480861
ANTX	2026-06-22	5	5.5	5	5.4	630241
ANTX	2026-06-23	5.24	5.51	4.95	4.98	500157
ANTX	2026-06-24	4.95	5.24	4.95	5.2	166087
ANTX	2026-06-25	5.19	5.4	5.025	5.14	230752
ANTX	2026-06-26	5.16	5.37	4.94	5.2	3646247
ANTX	2026-06-29	5.23	5.26	4.69	5.03	322451
ANTX	2026-06-30	5.01	5.125	4.8	4.84	152426
ANTX	2026-07-01	4.82	5.01	4.59	4.7	113231
ANTX	2026-07-02	4.71	4.78	4.41	4.42	143766
ANTX	2026-07-06	4.39	4.5	4.3	4.41	130086
ANTX	2026-07-07	4.42	4.56	4.1801	4.3	187880
ANTX	2026-07-08	4.17	4.46	4.09	4.41	538274
ANTX	2026-07-09	4.44	4.69	4.44	4.63	99070
ANTX	2026-07-10	4.62	4.68	4.28	4.5	591722
ANTX	2026-07-13	4.5	4.66	4.37	4.55	333803
ANTX	2026-07-14	4.53	4.9	4.48	4.76	352432
ANTX	2026-07-15	4.79	4.825	4.41	4.67	109004
ANTX	2026-07-16	4.67	4.825	4.58	4.67	86010
ANTX	2026-07-17	4.58	4.85	4.58	4.68	66081
ANTX	2026-07-20	4.85	5.24	4.7	4.8	255215
ANTX	2026-07-21	4.81	5.1	4.72	5	238041
ANTX	2026-07-22	4.98	5.12	4.75	4.89	142138
ANTX	2026-07-23	4.83	4.935	4.5501	4.92	98964
ANTX	2026-07-24	4.91	5.16	4.77	4.92	128469
ANTX	2026-07-27	4.96	4.99	4.862	4.93	63203
ANTX	2026-07-28	4.92	5.1	4.63	4.7	93811
ANTX	2026-07-29	4.67	5.05	4.64	5.02	180990
ANTX	2026-07-30	5.03	5.6	5.03	5.33	358499
ANTX	2026-07-31	5.37	5.66	5.26	5.35	250510
ANTX	2026-08-03	5.39	5.65	5.35	5.58	305712
ANTX	2026-08-04	5.65	6.145	5.52	5.94	368116
ANTX	2026-08-05	5.94	5.99	5.71	5.84	145949
ANTX	2026-08-06	5.82	6.26	5.81	6.08	207135
ANTX	2026-08-07	6.12	6.17	5.775	5.93	124473
ANTX	2026-08-10	5.91	6.08	5.69	5.91	91245
ANTX	2026-08-11	5.92	6.09	5.8001	5.87	68684
ANTX	2026-08-12	6.09	7.19	5.66	6.28	429186
ANTX	2026-08-13	6.28	6.365	5.9	5.98	298154
ANTX	2026-08-14	6.04	6.205	5.94	5.99	197852
ANTX	2026-08-17	5.96	6.21	5.725	5.73	273765
ANTX	2026-08-18	5.59	5.995	5.58	5.97	215552
ANTX	2026-08-19	5.97	6.045	5.7747	5.96	266091
ANTX	2026-08-20	5.98	6.13	5.72	5.79	195334
ANTX	2026-08-21	5.84	5.89	5.5	5.81	225449
ANTX	2026-08-24	5.82	5.82	5.59	5.63	171420
APMD	2026-07-31	22	29.15	16.12	25	3433827
APMD	2026-08-03	24.29	27.91	22.35	25	700226
APMD	2026-08-04	25.01	27.8299	24.15	25.71	298176
APMD	2026-08-05	26	28.892611	24.42	26.51	486065
APMD	2026-08-06	26.78	28.45	25.13	27.88	300817
APMD	2026-08-07	27.99	28.575	25.91	27	159468
APMD	2026-08-10	28.1	29.76	26.21	27.94	352412
APMD	2026-08-11	27.94	28.2499	24.61	24.87	174464
APMD	2026-08-12	24.79	27	22.635	26.645	273793
APMD	2026-08-13	26.67	28.93	25.7475	28.79	772496
APMD	2026-08-14	30.61	33.095	28.06	31.75	650927
APMD	2026-08-17	31.7	34.77	31.0332	32.55	519135
APMD	2026-08-18	32.85	35.29	30.5	31.81	343829
APMD	2026-08-19	32.13	33.12	31.07	32.03	132216
APMD	2026-08-20	31.87	31.97	28.39	28.55	433272
APMD	2026-08-21	28.6	29.56	27.64	28.03	245279
APMD	2026-08-24	27.82	27.83	25.33	25.63	244273
APUS	2026-05-05	19	59.7	19	30	525241
APUS	2026-05-06	21.4	23.4	19.5	19.5	80630
APUS	2026-05-07	19.2	19.399	13.75	14.5	56950
APUS	2026-05-08	15.1	15.9	14	15.135	17538
APUS	2026-05-11	14.5	15.7	13.4	14.6	16325
APUS	2026-05-12	14.4	14.45	13.1	13.4	2112
APUS	2026-05-13	13.287	13.909	13	13	5052
APUS	2026-05-14	13.3	13.7	12.4	13.7	10992
APUS	2026-05-15	13.4	15.2	13.4	15.1	6982
APUS	2026-05-18	15.1	15.1	14.4	14.9	3629
APUS	2026-05-19	14.9	14.909	13.7	14.2	2039
APUS	2026-05-20	12.851	14.193	12.851	13.9	2499
APUS	2026-05-21	14.95	15	13.8	14	2132
APUS	2026-05-22	13.7	15.5	13.7	15	4151
APUS	2026-05-26	15	15.3	13.803	14.2	3415
APUS	2026-05-27	15.1	16	14.1	14.2	5954
APUS	2026-05-28	15	15	12.9	13.6	4369
APUS	2026-05-29	13.5	14.9	13.5	14.1	1343
APUS	2026-06-01	15	15.3	13.65	15.2	3091
APUS	2026-06-02	14.3	15.103	13.2	13.2	2549
APUS	2026-06-03	14.7	15	13.4	13.5	6851
APUS	2026-06-04	13.5	15	13.5	14.1	5783
APUS	2026-06-05	14.4	14.4	12.5	12.7	2034
APUS	2026-06-08	11.7	12.8	11.7	12.8	1906
APUS	2026-06-09	11	13.6	11	13.1	2871
APUS	2026-06-10	13.3	13.3	12.618	12.9	814
APUS	2026-06-11	15.5	15.5	12.4	12.5	2176
APUS	2026-06-12	15.5	15.5	12.101	12.8	2475
APUS	2026-06-15	12.2	13.6	12.2	13.4	4506
APUS	2026-06-16	14	14.1	11.7	11.7	7966
APUS	2026-06-17	12	13.1	11.902	13.1	3373
APUS	2026-06-18	12	13.2	10.75	10.9	6170
APUS	2026-06-22	15.5	15.5	8.9	9.45	21712
APUS	2026-06-23	8.72	9.4	8.5	8.9	3797
APUS	2026-06-24	9.9	9.958	8.8	8.9	10495
APUS	2026-06-25	9	10	7.903	8.58	31051
APUS	2026-06-26	10	10.7	8.501	9	19209
APUS	2026-06-29	9	10.922	8.414	9.25	25629
APUS	2026-06-30	10.1	10.1	7.8	9	38477
APUS	2026-07-01	8.937	9.7	8.509	8.8505	39047
APUS	2026-07-02	9.32	9.502	8.611	9	18892
APUS	2026-07-06	9	9.3	8.5505	8.6	10180
APUS	2026-07-07	8.6	9.301	7.3	7.425	32294
APUS	2026-07-08	7.79	7.8	7.3	7.35	7127
APUS	2026-07-09	7.4	7.497	7.301	7.35	2492
APUS	2026-07-10	7.3	7.5	6.794	7.2	8720
APUS	2026-07-13	7.2	7.437	7.1	7.37	6343
APUS	2026-07-14	7.21	9.626	7.201	7.324	68835
APUS	2026-07-15	7.92	7.92	6.8	7.079	7950
APUS	2026-07-16	6.867	7.159	6.403	6.55	5331
APUS	2026-07-17	6.584	7.01	6.2	6.6	2828
APUS	2026-07-20	6.562	6.562	6.2	6.467	4544
APUS	2026-07-21	6.4	6.899	6.149	6.37	3950
APUS	2026-07-22	6.2	6.849	6.2	6.6	2329
APUS	2026-07-23	6.8	8.4	6.32	6.533	29935
APUS	2026-07-24	6.57	6.8701	5.44	5.65	27513
APUS	2026-07-27	5.6758	6.2981	5.65	6.29	10727
APUS	2026-07-28	6.66	8.24	5.9	8	84689
APUS	2026-07-29	8.1	8.2751	5.08	5.75	249810
APUS	2026-07-30	5.39	7.0899	4.7	4.92	124334
APUS	2026-07-31	4.77	6.1465	4.15	5.15	54401
APUS	2026-08-03	5.18	5.3	4.83	4.85	23553
APUS	2026-08-04	4.9	5.43	4.6591	4.92	18573
APUS	2026-08-05	4.77	5.155	4.65	4.65	16866
APUS	2026-08-06	4.69	4.89	4.5465	4.83	6771
APUS	2026-08-07	4.75	4.8151	4.23	4.23	8329
APUS	2026-08-10	4.39	4.6099	4.23	4.24	7637
APUS	2026-08-11	4.47	4.63	4.2846	4.63	6132
APUS	2026-08-12	4.46	4.73	4.36	4.66	311277
APUS	2026-08-13	4.37	4.9899	4.37	4.7	52423
APUS	2026-08-14	4.72	4.93	4.55	4.55	21285
APUS	2026-08-17	3.45	4.3	3.39	4.28	1613855
APUS	2026-08-18	3.99	4.3	3.85	4	36695
APUS	2026-08-19	3.88	4.55	3.69	4.39	22773
APUS	2026-08-20	4.23	4.5	4.0911	4.39	17173
APUS	2026-08-21	4.3	5.43	4.175	4.84	555435
APUS	2026-08-24	4.34	4.75	4.34	4.75	15869
ARCT	2026-05-01	8.56	8.76	8.4	8.63	311412
ARCT	2026-05-04	8.63	8.875	8.55	8.57	255470
ARCT	2026-05-05	8.68	8.83	8.22	8.41	443128
ARCT	2026-05-06	8.47	9.17	8.47	9.13	412486
ARCT	2026-05-07	9.11	9.19	8.66	8.9	476026
ARCT	2026-05-08	8.22	9.58	7.86	9.22	932232
ARCT	2026-05-11	9.19	9.57	8.6101	8.635	498283
ARCT	2026-05-12	8.58	8.96	8.18	8.25	688133
ARCT	2026-05-13	8.34	8.47	8.15	8.26	384607
ARCT	2026-05-14	8.39	8.53	7.8	7.83	521808
ARCT	2026-05-15	7.71	7.78	7.4	7.47	548263
ARCT	2026-05-18	7.43	7.5	6.945	7.03	645273
ARCT	2026-05-19	6.97	6.97	6.665	6.69	544564
ARCT	2026-05-20	6.7	6.95	6.7	6.82	427971
ARCT	2026-05-21	6.82	7.15	6.71	7.02	340895
ARCT	2026-05-22	7.11	7.27	7.0101	7.03	266300
ARCT	2026-05-26	7.13	7.42	7.09	7.21	334544
ARCT	2026-05-27	7.25	7.95	7.25	7.66	454240
ARCT	2026-05-28	7.63	8.015	7.61	7.92	298254
ARCT	2026-05-29	7.89	8.05	7.7901	7.92	410887
ARCT	2026-06-01	7.9	7.91	7.5501	7.77	393868
ARCT	2026-06-02	7.825	7.86	7.49	7.65	466358
ARCT	2026-06-03	7.58	7.64	7.39	7.6	468827
ARCT	2026-06-04	7.58	8.19	7.58	8.04	703015
ARCT	2026-06-05	7.96	8.02	7.23	7.3	412096
ARCT	2026-06-08	7.38	7.41	7.08	7.12	331837
ARCT	2026-06-09	7.28	7.4301	6.92	7.16	242009
ARCT	2026-06-10	7.14	7.3	6.8	6.89	316153
ARCT	2026-06-11	6.89	7.035	6.71	6.97	315321
ARCT	2026-06-12	6.97	7.11	6.82	6.97	286230
ARCT	2026-06-15	7.14	7.39	7.14	7.33	261911
ARCT	2026-06-16	7.27	7.38	6.995	7.14	200400
ARCT	2026-06-17	7.17	7.57	7.16	7.36	378895
ARCT	2026-06-18	7.56	7.79	7.35	7.53	465908
ARCT	2026-06-22	7.59	7.87	7.19	7.23	346645
ARCT	2026-06-23	7.15	7.415	7.05	7.08	339241
ARCT	2026-06-24	7.08	7.38	6.975	7.01	523335
ARCT	2026-06-25	7.01	7.2	6.8	6.82	335945
ARCT	2026-06-26	7.04	7.17	6.82	6.88	1055637
ARCT	2026-06-29	6.88	7.01	6.68	6.82	394305
ARCT	2026-06-30	6.86	6.9872	6.69	6.72	398027
ARCT	2026-07-01	6.74	7.08	6.74	6.89	418436
ARCT	2026-07-02	7.32	8.28	7.26	7.28	1904810
ARCT	2026-07-06	7.24	7.66	7.13	7.35	549459
ARCT	2026-07-07	7.34	7.67	7.3	7.6	406985
ARCT	2026-07-08	7.46	7.6	7.06	7.3	526831
ARCT	2026-07-09	7.27	7.55	6.79	7.16	890041
ARCT	2026-07-10	7.22	7.22	6.7677	6.97	405207
ARCT	2026-07-13	6.86	6.91	6.565	6.71	476197
ARCT	2026-07-14	6.75	6.8	6.35	6.37	636110
ARCT	2026-07-15	6.4	6.56	6.2899	6.39	377733
ARCT	2026-07-16	6.37	6.445825	5.965	6.18	705012
ARCT	2026-07-17	6.09	6.18	6	6.05	429584
ARCT	2026-07-20	6.02	6.14	5.77	5.97	729513
ARCT	2026-07-21	6	6.1	5.92	5.99	446565
ARCT	2026-07-22	5.97	6	5.87	5.93	484670
ARCT	2026-07-23	5.87	5.91	5.74	5.79	352148
ARCT	2026-07-24	5.785	5.8	5.5	5.53	431625
ARCT	2026-07-27	5.675	5.87	5.65	5.76	403208
ARCT	2026-07-28	5.78	5.7824	5.57	5.75	347890
ARCT	2026-07-29	5.85	5.9	5.615	5.79	344440
ARCT	2026-07-30	5.8	5.94	5.67	5.92	317640
ARCT	2026-07-31	5.94	5.96	5.64	5.76	266630
ARCT	2026-08-03	5.825	6	5.76	6	254611
ARCT	2026-08-04	6.02	6.31	5.915	6.22	612011
ARCT	2026-08-05	6.18	6.27	6.11	6.26	448601
ARCT	2026-08-06	6.26	6.355	5.975	6.08	334887
ARCT	2026-08-07	6.47	7.56	6.45	7.41	1460778
ARCT	2026-08-10	7.35	7.6	6.87	7.05	839037
ARCT	2026-08-11	7.12	7.7	7.06	7.52	817486
ARCT	2026-08-12	7.57	7.86	7.5	7.6	422093
ARCT	2026-08-13	7.6	8.22	7.57	7.86	562550
ARCT	2026-08-14	7.86	8.48	7.71	8.23	930350
ARCT	2026-08-17	8.2	8.22	7.96	8.14	458504
ARCT	2026-08-18	8.03	8.49	8.03	8.21	402941
ARCT	2026-08-19	9.405	11.1	9.33	10.28	5608085
ARCT	2026-08-20	10.08	11.4736	10.061	10.99	2291420
ARCT	2026-08-21	11.13	13.5	11.11	13.45	2848089
ARCT	2026-08-24	13.325	14.53	12.42	14.34	2405484
ARGX	2026-05-01	781.75	794.3199	775.02	783.5	188271
ARGX	2026-05-04	788.53	811.615	785.075	811.09	211867
ARGX	2026-05-05	815.86	815.93	790.54	794.7	248119
ARGX	2026-05-06	799.44	815.62	798.125	807.55	433242
ARGX	2026-05-07	840.67	840.67	777.1383	787.31	580465
ARGX	2026-05-08	787.08	792	778.13	782.17	353917
ARGX	2026-05-11	812.03	827.805	795.985	813.28	497992
ARGX	2026-05-12	808.67	824.52	806.665	812.81	346238
ARGX	2026-05-13	797.52	810.7	789.985	802.7	381572
ARGX	2026-05-14	804.57	827.945	797.75	822.13	197215
ARGX	2026-05-15	819.815	820.325	797.77	799.32	326376
ARGX	2026-05-18	798.97	799.11	775.87	776.26	306674
ARGX	2026-05-19	775.62	799.69	775.62	797.77	290926
ARGX	2026-05-20	798.35	807.115	796.7	804.25	489106
ARGX	2026-05-21	799.945	827.655	797.83	816.22	245665
ARGX	2026-05-22	819.62	827.37	804.2	806.46	171134
ARGX	2026-05-26	808.71	811.38	799.3778	808.43	167906
ARGX	2026-05-27	817.32	832.59	811.84	820.63	204425
ARGX	2026-05-28	821.02	843.9	820.85	838.49	230094
ARGX	2026-05-29	838.49	841.85	829.6	835.99	192189
ARGX	2026-06-01	832.86	840.29	825.55	836.09	252099
ARGX	2026-06-02	823.68	823.68	799.68	802.17	289241
ARGX	2026-06-03	799.17	814.81	793.205	813.14	314187
ARGX	2026-06-04	826.72	850.25	822	842.27	228927
ARGX	2026-06-05	846.75	896.6	845.875	891.32	795682
ARGX	2026-06-08	887.03	899.29	871.21	882.41	484365
ARGX	2026-06-09	889.83	898.73	870.225	884	265600
ARGX	2026-06-10	881.11	888.5	861.26	862.18	346289
ARGX	2026-06-11	878.94	901.7	874.4	898.94	315453
ARGX	2026-06-12	900	911.875	891.34	893.52	313038
ARGX	2026-06-15	892.19	892.89	876.65	884.2	422397
ARGX	2026-06-16	881.79	885.07	869.85	878.49	314760
ARGX	2026-06-17	890.29	905.745	883.76	892.26	258066
ARGX	2026-06-18	901.115	902.89	863.96	877.72	351837
ARGX	2026-06-22	902.45	916.56	897.47	903.75	432887
ARGX	2026-06-23	919.29	933.99	842.22	853.4	719292
ARGX	2026-06-24	869.85	878.03	837.74	852.5	661741
ARGX	2026-06-25	862.82	895.7416	862.82	888.65	531719
ARGX	2026-06-26	893.75	907.36	880.73	887.18	400595
ARGX	2026-06-29	896.44	913.82	890	912.46	270130
ARGX	2026-06-30	919.82	931.88	909.7025	927.77	348691
ARGX	2026-07-01	929.965	930.47	898.15	909.5	369379
ARGX	2026-07-02	928.59	953.58	921.15	939.68	378143
ARGX	2026-07-06	938.19	940.255	914.19	916.8	261356
ARGX	2026-07-07	929.895	935.46	915.7775	919.94	382687
ARGX	2026-07-08	914.15	920.3	906.2275	915.3	243628
ARGX	2026-07-09	910.15	925.31	905.4469	909.49	283665
ARGX	2026-07-10	904.79	904.79	868.545	877.62	322501
ARGX	2026-07-13	870.91	878.16	855.78	876.25	374451
ARGX	2026-07-14	871.04	879.89	858.13	859.43	265928
ARGX	2026-07-15	860.67	866.72	854.17	862.93	176460
ARGX	2026-07-16	862.305	866.22	852.63	857.97	204821
ARGX	2026-07-17	847.66	862.55	843.585	860.55	277013
ARGX	2026-07-20	863.35	871.8	846.17	846.19	244801
ARGX	2026-07-21	861.55	877.58	859.42	874.74	256568
ARGX	2026-07-22	870.29	874.63	850.02	851.72	213322
ARGX	2026-07-23	871.005	927.08	845.3	924.6	607664
ARGX	2026-07-24	935	935.88	910.1923	918.22	312072
ARGX	2026-07-27	915.835	919.16	888.285	888.82	256616
ARGX	2026-07-28	888.6	895.5806	870	872.23	293943
ARGX	2026-07-29	874.33	886.2	873.87	882.56	226320
ARGX	2026-07-30	861	875.25	855.87	872.58	256507
ARGX	2026-07-31	872.36	873.08	846.155	853.82	294613
ARGX	2026-08-03	838.99	841.89	826.445	830.79	250392
ARGX	2026-08-04	840.76	850.355	832.71	844.5	264378
ARGX	2026-08-05	868.63	878.72	855.14	867.94	358791
ARGX	2026-08-06	875.66	884.75	863.88	875.3	227042
ARGX	2026-08-07	890.47	894.03	862.6	865.04	249975
ARGX	2026-08-10	867.55	887.41	860	866.11	361133
ARGX	2026-08-11	873.91	876.38	855.79	864.74	451297
ARGX	2026-08-12	858.54	881.4399	857.52	876	172617
ARGX	2026-08-13	878.94	878.94	856.29	856.94	171351
ARGX	2026-08-14	845.36	852.08	837.42	851.29	278694
ARGX	2026-08-17	927.33	1002.1566	925.62	987.84	680449
ARGX	2026-08-18	988.49	1009.745	980.45	992.99	333895
ARGX	2026-08-19	1020.51	1035.09	1011.95	1032.86	380428
ARGX	2026-08-20	1019.16	1039.3	1018.98	1038.12	258229
ARGX	2026-08-21	1034.98	1058.69	1029.46	1039.78	377171
ARGX	2026-08-24	1023.76	1031.18	1001.505	1011.11	318417
ARQQ	2026-05-01	14.57	14.64	13.97	14.52	238308
ARQQ	2026-05-04	14.6	15.19	14.37	14.42	242585
ARQQ	2026-05-05	14.62	14.87	13.9525	14.65	245136
ARQQ	2026-05-06	14.99	15.75	14.75	15.68	528553
ARQQ	2026-05-07	15.43	16.24	15.0501	15.43	624141
ARQQ	2026-05-08	15.43	15.48	14.51	14.96	623126
ARQQ	2026-05-11	14.66	15.5	14.2	15	478158
ARQQ	2026-05-12	15.06	15.6	13.9	14.4	501838
ARQQ	2026-05-13	14.1	14.24	13.5	13.83	404165
ARQQ	2026-05-14	13.74	14.26	12.9053	13.87	460176
ARQQ	2026-05-15	13.53	13.53	12.91	13.34	331546
ARQQ	2026-05-18	13.28	13.32	12.42	12.74	371943
ARQQ	2026-05-19	12.5	12.55	11.914257	12.17	375996
ARQQ	2026-05-20	12.17	13.21	12.16	13.09	321101
ARQQ	2026-05-21	13.955	17.4	13.81	16.45	2068267
ARQQ	2026-05-22	16.76	19	16.49	17.49	2180044
ARQQ	2026-05-26	18.04	18.04	15.9	16.59	1081499
ARQQ	2026-05-27	16.47	16.47	15.38	16.1	656320
ARQQ	2026-05-28	16	17.799	15.875	16.91	1048039
ARQQ	2026-05-29	16.81	17.0199	15.92	16.51	474268
ARQQ	2026-06-01	16.23	17.33	15.88	16.96	499201
ARQQ	2026-06-02	17.24	17.54	15.88	16.27	627975
ARQQ	2026-06-03	15.81	15.96	14.55	14.64	727071
ARQQ	2026-06-04	14.31	14.83	14.01	14.22	520859
ARQQ	2026-06-05	13.9	14.0125	11.8	12.14	788371
ARQQ	2026-06-08	12.66	13.25	12.3	12.82	489844
ARQQ	2026-06-09	13.2	14.16	12.07	12.49	848224
ARQQ	2026-06-10	12.16	13.9075	12.16	13.09	576710
ARQQ	2026-06-11	13.05	13.84	12.77	13.69	491630
ARQQ	2026-06-12	13.49	14.0699	13.1672	13.6	393193
ARQQ	2026-06-15	14.37	18.63	14.37	17.92	3023085
ARQQ	2026-06-16	17.38	20.53	17	19.94	2283267
ARQQ	2026-06-17	19.89	24.09	19.5	22.6	2767047
ARQQ	2026-06-18	23.305	25.6999	21.01	24.38	5658692
ARQQ	2026-06-22	23.62	24.39	20.29	21.42	1450305
ARQQ	2026-06-23	21.05	29.89	21.05	29.04	3222908
ARQQ	2026-06-24	28.21	29.29	24.51	28.64	1651946
ARQQ	2026-06-25	26.74	29.15	25.04	27.32	894659
ARQQ	2026-06-26	26.5	28.14	24.1097	24.26	694856
ARQQ	2026-06-29	24.8	28.5855	24	27.31	1003625
ARQQ	2026-06-30	26.78	30.33	25.9134	29.72	1224664
ARQQ	2026-07-01	29.26	30.98	28.29	28.85	785604
ARQQ	2026-07-02	28.7	28.745	23.2	23.515	1123437
ARQQ	2026-07-06	24.46	24.82	21.77	22.13	710135
ARQQ	2026-07-07	21.73	21.73	18.95	19.84	1089159
ARQQ	2026-07-08	19.23	21.4795	19.19	20.05	611247
ARQQ	2026-07-09	20.05	21.33	19.5301	20.47	482476
ARQQ	2026-07-10	20.7	21	18.6035	19.08	554983
ARQQ	2026-07-13	18.6	18.795	17.402	18.02	541890
ARQQ	2026-07-14	18.23	18.93	17.94	18.73	273889
ARQQ	2026-07-15	19.02	19.5299	17.72	18.25	447999
ARQQ	2026-07-16	17.7	18.13	16.2402	16.53	484693
ARQQ	2026-07-17	16.29	18.1437	16.06	17.42	349809
ARQQ	2026-07-20	17.35	17.865	16.85	17.21	266576
ARQQ	2026-07-21	17.72	18.0843	16.61	17.2	313286
ARQQ	2026-07-22	17.45	19.147	17.19	18.08	429282
ARQQ	2026-07-23	17.29	19.37	17.1904	18.35	325025
ARQQ	2026-07-24	18.48	18.78	16.63	16.65	284124
ARQQ	2026-07-27	17.17	18.9899	17.17	18.18	318216
ARQQ	2026-07-28	17.59	18.06	16.6605	17.55	323945
ARQQ	2026-07-29	17.42	18	15.42	15.49	381802
ARQQ	2026-07-30	16.15	17.8	16.0402	17.71	303741
ARQQ	2026-07-31	17.98	18.3899	16.82	17.13	185756
ARQQ	2026-08-03	17.46	18.59	17.1347	18.45	260904
ARQQ	2026-08-04	19.64	22	18.9	21.98	633730
ARQQ	2026-08-05	21.69	21.83	20.0101	20.97	340331
ARQQ	2026-08-06	20.69	22.27	20.22	21.47	198610
ARQQ	2026-08-07	21.98	23.19	21.51	22.9	256241
ARQQ	2026-08-10	23	23.417	22.04	22.61	206116
ARQQ	2026-08-11	23.085	24.5	22.58	24.39	206645
ARQQ	2026-08-12	24.41	24.5	23.15	23.72	278136
ARQQ	2026-08-13	23.92	24.37	23.02	23.75	223312
ARQQ	2026-08-14	23.47	24.9	23.302	24.36	181105
ARQQ	2026-08-17	24.12	24.63	23.3	24.35	225404
ARQQ	2026-08-18	22.82	23.86	21.8001	21.98	335914
ARQQ	2026-08-19	21.5	21.8835	20.75	21.53	327523
ARQQ	2026-08-20	21.15	21.5687	20.35	20.94	152732
ARQQ	2026-08-21	21.34	22.49	20.35	21.14	719531
ARQQ	2026-08-24	20.75	20.75	19.2505	20.13	246260
ARVN	2026-05-01	9.75	11.4	9.73	10.51	2151044
ARVN	2026-05-04	10.02	10.94	9.84	10.78	1446158
ARVN	2026-05-05	10.85	11	10.28	10.61	720875
ARVN	2026-05-06	10.54	10.7483	10.24	10.26	1132895
ARVN	2026-05-07	10.28	10.36	9.85	10.19	780575
ARVN	2026-05-08	10.12	10.3	9.965	10.11	583361
ARVN	2026-05-11	10.11	10.3825	9.56	9.66	1173121
ARVN	2026-05-12	9.83	9.93	9.02	9.57	1673398
ARVN	2026-05-13	9.8	10.06	9.57	9.87	787116
ARVN	2026-05-14	9.75	9.9	9.365	9.42	1035216
ARVN	2026-05-15	9.3	9.36	8.87	9.08	968096
ARVN	2026-05-18	9.06	9.23	8.74	8.78	954742
ARVN	2026-05-19	8.74	8.78	8.37	8.55	1460821
ARVN	2026-05-20	8.57	9.12	8.4529	9.1	839321
ARVN	2026-05-21	9.09	9.28	8.99	9.1	781809
ARVN	2026-05-22	9.12	9.34	8.96	9.09	778412
ARVN	2026-05-26	9.09	9.179	8.895	8.92	635801
ARVN	2026-05-27	8.92	9.095	8.814	8.85	583007
ARVN	2026-05-28	8.83	9.005	8.76	8.84	509482
ARVN	2026-05-29	8.8	9.01	8.64	8.98	795609
ARVN	2026-06-01	9.01	9.07	8.515	8.58	789945
ARVN	2026-06-02	8.44	8.6	7.98	8	836914
ARVN	2026-06-03	7.88	7.975	7.56	7.7	1268451
ARVN	2026-06-04	7.83	7.951	7.71	7.74	574599
ARVN	2026-06-05	7.71	7.8066	7.4	7.42	649127
ARVN	2026-06-08	7.49	7.55	7.13	7.15	691801
ARVN	2026-06-09	7.22	7.37	7.01	7.21	981343
ARVN	2026-06-10	7.15	7.35	6.97	6.98	680243
ARVN	2026-06-11	6.99	7.25	6.97	7.09	817284
ARVN	2026-06-12	7.08	7.78	7.08	7.58	858342
ARVN	2026-06-15	7.66	7.826	7.38	7.49	575599
ARVN	2026-06-16	7.55	7.55	7.28	7.42	519306
ARVN	2026-06-17	7.45	7.86	7.45	7.67	567754
ARVN	2026-06-18	7.85	8.02	7.52	7.67	957393
ARVN	2026-06-22	7.7	7.76	7.48	7.74	711052
ARVN	2026-06-23	7.63	8.19	7.63	8.14	851856
ARVN	2026-06-24	7.995	8.48	7.97	8.05	674613
ARVN	2026-06-25	8	8.17	7.95	8.03	499377
ARVN	2026-06-26	8.13	8.26	7.825	8	3028565
ARVN	2026-06-29	8.1	8.6197	7.995	8.29	954180
ARVN	2026-06-30	8.25	8.475	8.25	8.31	519322
ARVN	2026-07-01	8.3	8.44	8.01	8.2	761709
ARVN	2026-07-02	8.295	8.67	8.155	8.39	643655
ARVN	2026-07-06	8.37	8.56	8.1	8.45	616593
ARVN	2026-07-07	8.705	8.9	8.405	8.59	844416
ARVN	2026-07-08	8.45	8.7	8.4	8.56	570047
ARVN	2026-07-09	8.5	8.62	8.34	8.54	456282
ARVN	2026-07-10	8.54	8.54	8.13	8.27	423161
ARVN	2026-07-13	8.24	8.24	7.945	8.1	678236
ARVN	2026-07-14	8.07	8.39	7.95	8.27	622029
ARVN	2026-07-15	8.275	8.32	8.135	8.28	466924
ARVN	2026-07-16	8.3	8.3	7.98	8.03	631883
ARVN	2026-07-17	7.95	8.175	7.9	8.01	519864
ARVN	2026-07-20	8.02	8.21	7.97	8.02	555530
ARVN	2026-07-21	8.02	8.29	7.96	8.26	625538
ARVN	2026-07-22	8.21	8.4	8.15	8.26	593797
ARVN	2026-07-23	8.1	8.31	8.04	8.12	704976
ARVN	2026-07-24	8.11	8.16	7.95	8.03	385661
ARVN	2026-07-27	8.13	8.37	8.12	8.22	475549
ARVN	2026-07-28	8.255	8.32	8.015	8.2	551911
ARVN	2026-07-29	8.18	8.34	8.09	8.22	740473
ARVN	2026-07-30	8.11	8.305	8.1	8.3	548110
ARVN	2026-07-31	8.24	8.24	7.895	8.03	687894
ARVN	2026-08-03	8.1	8.17	7.92	8.06	716326
ARVN	2026-08-04	8.33	9.65	8.33	9	3031855
ARVN	2026-08-05	8.82	8.91	8.21	8.4	1570228
ARVN	2026-08-06	8.4	8.7163	8.37	8.68	2575653
ARVN	2026-08-07	8.81	8.98	8.64	8.75	1218154
ARVN	2026-08-10	8.7	9.02	8.5901	8.99	671620
ARVN	2026-08-11	8.99	9.115	8.86	8.99	572099
ARVN	2026-08-12	8.99	8.99	8.71	8.87	524410
ARVN	2026-08-13	8.91	9.09	8.855	9.01	939143
ARVN	2026-08-14	8.91	8.975	8.72	8.97	461093
ARVN	2026-08-17	8.91	9.26	8.894	9.2	583527
ARVN	2026-08-18	9.19	9.331736	9.1	9.26	554727
ARVN	2026-08-19	9.44	9.69	9.44	9.68	494147
ARVN	2026-08-20	9.55	9.63	8.97	9.025	601492
ARVN	2026-08-21	9.02	9.39	9	9.365	951751
ARVN	2026-08-24	9.28	9.39	9.06	9.34	500357
ASAN	2026-05-01	6.65	7.075	6.57	6.99	12025088
ASAN	2026-05-04	7.01	7.5	6.98	7.22	11654682
ASAN	2026-05-05	7.2	7.445	7.1	7.35	8372100
ASAN	2026-05-06	7.22	7.29	6.79	6.83	7901635
ASAN	2026-05-07	7.04	7.26	6.93	7.05	5018404
ASAN	2026-05-08	6.86	6.86	6.515	6.63	7501724
ASAN	2026-05-11	6.84	6.98	6.07	6.34	7926200
ASAN	2026-05-12	6.41	6.46	5.985	6.01	5486429
ASAN	2026-05-13	5.87	5.96	5.68	5.71	4507176
ASAN	2026-05-14	5.74	5.965	5.64	5.81	3680413
ASAN	2026-05-15	5.76	6.29	5.76	6.2	5663498
ASAN	2026-05-18	6.15	6.6799	6.15	6.56	6721432
ASAN	2026-05-19	6.8	7.065	6.525	6.63	7058666
ASAN	2026-05-20	6.5	6.66	6.23	6.64	4323806
ASAN	2026-05-21	6.47	6.4882	6.235	6.36	4326030
ASAN	2026-05-22	6.37	6.63	6.37	6.62	4305869
ASAN	2026-05-26	6.5	6.6	6.31	6.58	5136869
ASAN	2026-05-27	6.52	6.79	6.4	6.41	5543960
ASAN	2026-05-28	6.5	6.91	6.45	6.66	10475696
ASAN	2026-05-29	7.4	7.95	7	7.7	18971853
ASAN	2026-06-01	8.42	9.3399	8.42	9.07	16970771
ASAN	2026-06-02	8.55	8.69	8.19	8.68	8086355
ASAN	2026-06-03	8.58	8.58	7.84	7.97	6351402
ASAN	2026-06-04	8.12	8.445	7.94	8.07	4719260
ASAN	2026-06-05	8.21	8.34	7.5401	7.84	5609370
ASAN	2026-06-08	7.8	7.89	7.63	7.82	3926935
ASAN	2026-06-09	7.58	7.795	7.165	7.54	6011709
ASAN	2026-06-10	7.36	7.87	7.245	7.58	4025236
ASAN	2026-06-11	7.41	7.665	7.27	7.46	6320691
ASAN	2026-06-12	7.44	7.59	7.081	7.39	5592328
ASAN	2026-06-15	7.46	7.59	7.34	7.43	4261249
ASAN	2026-06-16	7.34	7.7	7.295	7.37	3815786
ASAN	2026-06-17	7.32	7.495	7.01	7.1	4618954
ASAN	2026-06-18	6.99	7.19	6.815	6.92	6749113
ASAN	2026-06-22	6.75	6.96	6.45	6.75	6996396
ASAN	2026-06-23	6.81	7	6.67	6.67	5390182
ASAN	2026-06-24	6.67	6.88	6.61	6.65	3404091
ASAN	2026-06-25	6.43	6.51	6.21	6.39	5375166
ASAN	2026-06-26	6.44	6.995	6.44	6.97	11319283
ASAN	2026-06-29	7.1	7.34	6.99	7	6025009
ASAN	2026-06-30	6.86	7.03	6.715	7	5214596
ASAN	2026-07-01	7.2	7.585	7.2	7.31	6010907
ASAN	2026-07-02	7.24	7.48	7.21	7.34	3729132
ASAN	2026-07-06	7.2	7.38	7.04	7.21	4605252
ASAN	2026-07-07	7.6	7.85	7.31	7.49	7581791
ASAN	2026-07-08	7.32	7.37	7.06	7.08	6120167
ASAN	2026-07-09	6.73	7.395	6.62	7.37	4390203
ASAN	2026-07-10	7.58	7.71	7.27	7.33	4584133
ASAN	2026-07-13	7.5	7.86	7.345	7.69	5999983
ASAN	2026-07-14	7.08	7.59	6.952	7.46	5534061
ASAN	2026-07-15	7.57	7.83	7.415	7.54	3947424
ASAN	2026-07-16	7.74	7.8453	7.46	7.64	3092913
ASAN	2026-07-17	7.53	7.975	7.51	7.69	5728866
ASAN	2026-07-20	7.44	7.765	7.305	7.6	3565252
ASAN	2026-07-21	7.37	8.13	7.322	7.39	6874077
ASAN	2026-07-22	7.3	7.305	6.69	6.88	5778417
ASAN	2026-07-23	6.93	7.0299	6.45	6.57	4464489
ASAN	2026-07-24	6.75	6.905	6.5117	6.86	4712399
ASAN	2026-07-27	7.1	7.93	7.0501	7.75	9154493
ASAN	2026-07-28	7.855	8.53	7.83	8.19	9318191
ASAN	2026-07-29	8.15	8.63	8.12	8.51	5782956
ASAN	2026-07-30	8.14	8.27	7.645	7.95	7690312
ASAN	2026-07-31	7.87	8.435	7.825	8.32	5703306
ASAN	2026-08-03	8.57	8.895	8.47	8.53	4962808
ASAN	2026-08-04	8.35	8.79	8.295	8.76	3453191
ASAN	2026-08-05	8.91	8.91	8.58	8.88	4013047
ASAN	2026-08-06	8.6	8.72	8.305	8.68	3722279
ASAN	2026-08-07	9	9.42	8.91	9.26	6052787
ASAN	2026-08-10	8.92	9.295	8.8	9.23	4337812
ASAN	2026-08-11	9.09	9.585	8.99	9.25	4044873
ASAN	2026-08-12	9.02	9.17	8.825	8.99	3108424
ASAN	2026-08-13	9.06	9.88	8.75	9.87	7140895
ASAN	2026-08-14	9.84	9.88	9.12	9.14	6035307
ASAN	2026-08-17	8.96	9.21	8.715	8.83	3766242
ASAN	2026-08-18	9.02	9.2897	8.869	9.16	3576779
ASAN	2026-08-19	9.3	9.77	9.3	9.57	3010101
ASAN	2026-08-20	9.46	9.645	9.3	9.5	3576934
ASAN	2026-08-21	9.44	9.65	9.25	9.58	3573055
ASAN	2026-08-24	9.51	9.89	9.51	9.76	3826476
ASBP	2026-05-01	6.3	6.48	6.099	6.366	172492
ASBP	2026-05-04	6.165	6.303	5.862	6.282	160642
ASBP	2026-05-05	5.961	6.111	5.88	6	100626
ASBP	2026-05-06	5.7	5.817	5.451	5.58	136077
ASBP	2026-05-07	6.5985	7.05	3.654	4.65	5387920
ASBP	2026-05-08	3.642	5.79	3.309	5.55	1042830
ASBP	2026-05-11	5.5	6.39	4.97	5.52	249693
ASBP	2026-05-12	5.02	5.3699	5	5.17	169705
ASBP	2026-05-13	5.01	5.4	5.01	5.3	113171
ASBP	2026-05-14	5.16	6	4.82	5.87	203275
ASBP	2026-05-15	5.63	5.93	5.2	5.61	114635
ASBP	2026-05-18	5.66	7.05	5.4	6.68	5207983
ASBP	2026-05-19	6.17	6.49	5.82	5.83	193133
ASBP	2026-05-20	5.94	6.18	5	6.03	136981
ASBP	2026-05-21	5.91	6.21	5.29	5.59	136369
ASBP	2026-05-22	5.61	5.63	5.3	5.41	69803
ASBP	2026-05-26	5.43	5.44	4.8601	5.07	72598
ASBP	2026-05-27	5.25	5.7799	3.85	4.67	843779
ASBP	2026-05-28	4.75	5.565	4.75	5.53	180805
ASBP	2026-05-29	5.58	5.77	5.11	5.49	160233
ASBP	2026-06-01	5.4	5.97	5.19	5.96	176611
ASBP	2026-06-02	5.84	6.02	5.55	6.02	28489
ASBP	2026-06-03	5.88	5.96	5.33	5.84	35922
ASBP	2026-06-04	5.56	6.25	5.56	6.05	66562
ASBP	2026-06-05	5.95	6	5.28	5.34	86793
ASBP	2026-06-08	5.35	6.69	5.35	6.65	160686
ASBP	2026-06-09	6.45	6.91	5.72	5.97	103004
ASBP	2026-06-10	5.82	5.92	5.6	5.61	32377
ASBP	2026-06-11	5.49	6.4	5.25	6	148286
ASBP	2026-06-12	5.915	6.33	4.45	4.96	11255079
ASBP	2026-06-15	5.04	5.93	4.98	5.65	468870
ASBP	2026-06-16	5.31	6.73	5.31	6.19	448068
ASBP	2026-06-17	6.33	6.99	6.14	6.36	266285
ASBP	2026-06-18	6.54	6.58	5.66	6.58	175262
ASBP	2026-06-22	6.34	6.5503	6.05	6.29	63925
ASBP	2026-06-23	5.87	6.5	5.63	6.17	118259
ASBP	2026-06-24	6.24	6.6	6.18	6.54	76861
ASBP	2026-06-25	6.48	6.5866	6.19	6.455	69176
ASBP	2026-06-26	6.3	6.54	5.99	6	45852
ASBP	2026-06-29	6.02	6.2802	5.9	6.14	33223
ASBP	2026-06-30	6.41	6.41	4.583	5.34	286104
ASBP	2026-07-01	5.4	5.8794	5.13	5.86	132841
ASBP	2026-07-02	5.68	6.25	5.68	6.21	40295
ASBP	2026-07-06	6.01	6.55	5.8	5.88	62990
ASBP	2026-07-07	5.91	5.99	5.29	5.61	80102
ASBP	2026-07-08	5.54	5.95	5.4601	5.78	22452
ASBP	2026-07-09	5.77	6.45	5.6	6.07	62965
ASBP	2026-07-10	5.97	6.31	5.9601	6.01	22925
ASBP	2026-07-13	6.0347	6.2	5.81	5.97	36414
ASBP	2026-07-14	5.88	6.15	5.88	6.03	22288
ASBP	2026-07-15	6.03	6.35	5.96	6.04	87836
ASBP	2026-07-16	5.965	6.45	5.965	6.28	63260
ASBP	2026-07-17	6.06	6.3	6.04	6.24	25455
ASBP	2026-07-20	6.39	6.65	6.21	6.58	54863
ASBP	2026-07-21	6.49	7.54	6.35	7.54	117184
ASBP	2026-07-22	7.47	8.17	6.96	7.76	131368
ASBP	2026-07-23	7.37	7.81	6.8601	7.21	51040
ASBP	2026-07-24	7.25	7.4	7.0057	7.26	28202
ASBP	2026-07-27	7.15	7.5	6.71	6.97	29647
ASBP	2026-07-28	6.92	7.37	6.92	7.245	11291
ASBP	2026-07-29	7.07	7.2399	4.87	5.61	118743
ASBP	2026-07-30	5.94	6.72	5.94	6.72	13719
ASBP	2026-07-31	6.51	6.7	6.36	6.52	9418
ASBP	2026-08-03	6.72	7.44	6.71	7.23	27391
ASBP	2026-08-04	7.18	7.41	6.82	7.04	29590
ASBP	2026-08-05	7.23	7.43	6.8931	7.26	10203
ASBP	2026-08-06	7.42	7.89	7.06	7.06	39183
ASBP	2026-08-07	7.64	8.05	7.59	7.73	38871
ASBP	2026-08-10	7.92	8	7.33	7.79	83209
ASBP	2026-08-11	7.47	8	7.47	7.61	18467
ASBP	2026-08-12	7.74	7.81	7.09	7.13	26751
ASBP	2026-08-13	7.26	7.35	7.06	7.11	10162
ASBP	2026-08-14	7.15	7.9	7.14	7.85	33051
ASBP	2026-08-17	7.6	8	7.53	7.74	21248
ASBP	2026-08-18	7.7	7.99	7.5046	7.64	12064
ASBP	2026-08-19	7.96	8.18	7.6176	7.9	44247
ASBP	2026-08-20	7.99	8.1532	7.77	7.82	15714
ASBP	2026-08-21	8.01	8.2	7.9023	7.97	27601
ASBP	2026-08-24	7.79	8.21	7.79	7.81	43731
ATNI	2026-05-01	27.9	28.49	27.61	28.2	48314
ATNI	2026-05-04	27.96	28.445	26.78	27.35	83369
ATNI	2026-05-05	27.52	28.08	26.9824	27.66	55543
ATNI	2026-05-06	27.76	27.8	27.18	27.4	63462
ATNI	2026-05-07	26.9	27.3277	23.41	25.71	97593
ATNI	2026-05-08	25.98	26.86	25.6	26.55	71252
ATNI	2026-05-11	27	27.48	26.285	26.79	71550
ATNI	2026-05-12	27.15	27.15	26.26	26.43	62267
ATNI	2026-05-13	26.38	27.18	25.93	26.91	100559
ATNI	2026-05-14	27.03	27.71	26.45	26.855	61180
ATNI	2026-05-15	26.41	27.025	26.04	26.39	59996
ATNI	2026-05-18	26.07	27.01	26.07	26.72	72161
ATNI	2026-05-19	26.55	27.1	26.33	26.98	56866
ATNI	2026-05-20	26.81	27.11	26.535	27.035	56172
ATNI	2026-05-21	26.86	27.495	26.34	27.25	59037
ATNI	2026-05-22	27.35	27.74	26.63	27.39	66649
ATNI	2026-05-26	27.85	28.71	27.13	27.48	84312
ATNI	2026-05-27	27.82	28.931	27.72	28.41	98014
ATNI	2026-05-28	28.41	28.83	27.71	28.445	46451
ATNI	2026-05-29	28.19	28.33	27.68	28.16	54995
ATNI	2026-06-01	28.18	28.5599	27.8266	28.28	67962
ATNI	2026-06-02	28.16	28.81	28.16	28.37	53249
ATNI	2026-06-03	27.68	28.405	25.82	25.9	76106
ATNI	2026-06-04	26.2	26.77	25.56	25.89	56184
ATNI	2026-06-05	25.89	26.45	25	25.75	82307
ATNI	2026-06-08	26.05	26.37	25.61	25.77	48132
ATNI	2026-06-09	25.92	26.525	25.92	26.31	52698
ATNI	2026-06-10	26.41	27.24	26.215	27.02	45950
ATNI	2026-06-11	27.05	27.82	26.78	27.15	64288
ATNI	2026-06-12	27.24	28.46	27.11	28.37	87684
ATNI	2026-06-15	28.55	28.915	27.62	27.63	89895
ATNI	2026-06-16	27.55	28.13	26.4	26.66	77820
ATNI	2026-06-17	26.52	27.9199	25.32	25.66	67289
ATNI	2026-06-18	26.11	26.11	24.95	25.76	120769
ATNI	2026-06-22	25.7	26.4	25.57	26.1	153642
ATNI	2026-06-23	25.91	27.11	25.85	26.7	69721
ATNI	2026-06-24	26.93	27.29	26.3909	26.73	77446
ATNI	2026-06-25	26.63	27.18	26.57	26.71	58252
ATNI	2026-06-26	26.78	27.7	26.68	27.03	201389
ATNI	2026-06-29	27.09	27.93	26.58	27.69	80501
ATNI	2026-06-30	27.39	27.39	26.37	26.49	67913
ATNI	2026-07-01	26.63	27.0472	26.33	26.44	75007
ATNI	2026-07-02	26.63	26.74	24.22	24.81	66329
ATNI	2026-07-06	24.92	25.35	24.63	24.73	84985
ATNI	2026-07-07	24.92	25.405	24	24.25	60770
ATNI	2026-07-08	24.37	25.3	24.24	24.71	68145
ATNI	2026-07-09	24.62	24.66	23.33	23.61	62068
ATNI	2026-07-10	23.61	24.13	23.555	23.91	61971
ATNI	2026-07-13	23.97	24.42	23.1	23.31	114151
ATNI	2026-07-14	23.252	24.4195	23.252	23.8	93226
ATNI	2026-07-15	23.95	24.5	23.45	23.63	59052
ATNI	2026-07-16	23.7	24.6391	23.53	24.1	58432
ATNI	2026-07-17	24.09	24.59	22.985	23.17	52285
ATNI	2026-07-20	23.31	23.66	22.78	22.87	51995
ATNI	2026-07-21	22.89	23.555	22.75	23.35	63891
ATNI	2026-07-22	23.41	23.97	23.365	23.86	66085
ATNI	2026-07-23	23.62	23.945	23.13	23.32	73856
ATNI	2026-07-24	23.4	23.94	23.15	23.45	57036
ATNI	2026-07-27	23.51	24.1	23.44	23.69	49797
ATNI	2026-07-28	24.04	24.63	23.7403	24.04	50341
ATNI	2026-07-29	23.95	24.035	23.39	23.73	70058
ATNI	2026-07-30	23.69	23.99	23.235	23.5	37682
ATNI	2026-07-31	23.46	24.16	23.2	23.81	76358
ATNI	2026-08-03	23.94	24.67	23.9061	24.64	71265
ATNI	2026-08-04	24.64	25.13	24.4	25.13	63591
ATNI	2026-08-05	25.13	25.13	23.5	24.01	82739
ATNI	2026-08-06	27.87	30.73	27.02	30.63	231816
ATNI	2026-08-07	30.9	32.275	30.3401	31.97	151530
ATNI	2026-08-10	31.97	33.41	31.655	32.11	188192
ATNI	2026-08-11	32.11	32.44	31.125	31.29	89898
ATNI	2026-08-12	31.39	31.7	30.73	31.04	76083
ATNI	2026-08-13	31.09	32.36	30.84	31.87	76007
ATNI	2026-08-14	31.8	32.07	31.06	31.71	79650
ATNI	2026-08-17	31.46	32.305	31.16	31.57	93494
ATNI	2026-08-18	31.24	31.9297	30.92	31.42	84744
ATNI	2026-08-19	31.51	32.14	31.35	31.88	78972
ATNI	2026-08-20	31.44	31.57	30.6	31.14	100344
ATNI	2026-08-21	31.24	31.78	30.445	30.95	79145
ATNI	2026-08-24	31	31.665	30.85	30.94	96873
ATRO	2026-05-01	59.5083	60.4666	57.9417	59.3417	475553
ATRO	2026-05-04	59.34	60.3375	58.6083	60.0833	611667
ATRO	2026-05-05	61.0833	61.9125	60.2583	61.4833	453987
ATRO	2026-05-06	63	65.5083	62.6242	65.1583	618251
ATRO	2026-05-07	65.575	66.4666	64.5667	64.9583	504773
ATRO	2026-05-08	65.9167	66.0667	62.4917	62.5667	654247
ATRO	2026-05-11	62.4	63.8417	60.8479	63.1583	729249
ATRO	2026-05-12	62.725	65.6583	61.05	65.2167	1225013
ATRO	2026-05-13	60.8333	68.0083	58.8951	66.7417	2056699
ATRO	2026-05-14	66.7417	69.6167	63.7833	68.925	862823
ATRO	2026-05-15	66.8417	68.7333	65.425	65.4917	582775
ATRO	2026-05-18	65.825	67.225	64.8792	66.9583	753856
ATRO	2026-05-19	66.1917	67.0208	63.9751	66.15	559805
ATRO	2026-05-20	67.7917	71.8916	67.2892	70.825	891835
ATRO	2026-05-21	70.1	70.3125	65.975	66.575	844480
ATRO	2026-05-22	67.525	68.6667	65.725	67.3833	549580
ATRO	2026-05-26	68.8333	70.7166	68.5167	70.3667	451075
ATRO	2026-05-27	71.55	72.4667	69.4656	70.8417	751565
ATRO	2026-05-28	71.55	75.5417	70.3042	73.475	629309
ATRO	2026-05-29	73.2667	74.1083	71.55	72.5	557140
ATRO	2026-06-01	71.8833	72.8093	70.0083	70.9167	524100
ATRO	2026-06-02	70.9167	73.0333	70.431	71.3417	385881
ATRO	2026-06-03	70.8542	72.1083	68.95	69.5917	504360
ATRO	2026-06-04	70.275	73.8583	69.6292	72.775	609001
ATRO	2026-06-05	71.775	73.5833	69.9	70.6	637036
ATRO	2026-06-08	72.2042	72.4083	70.2167	70.2667	307026
ATRO	2026-06-09	71.1083	73.3083	66.825	70.4917	1669676
ATRO	2026-06-10	70.325	71.8208	68.125	68.6167	587868
ATRO	2026-06-11	70.6417	79.125	70.3918	79	1553150
ATRO	2026-06-12	80.1667	83.2417	78.8313	80	1056300
ATRO	2026-06-15	81.61	82.63	74.83	75.69	951398
ATRO	2026-06-16	75.69	77.2	75	75.5	511511
ATRO	2026-06-17	75.02	81.56	73.51	80.06	994392
ATRO	2026-06-18	82.54	83.78	79.14	80.56	1693541
ATRO	2026-06-22	81.24	82.54	79.59	81.85	566480
ATRO	2026-06-23	79.03	83.75	78.22	82.7	577065
ATRO	2026-06-24	83.92	88.275	83.445	84.86	780054
ATRO	2026-06-25	85.69	88.72	85.12	87.15	599612
ATRO	2026-06-26	86.34	86.9	82.574	84.32	1243856
ATRO	2026-06-29	84.26	85.89	83.24	85.66	546016
ATRO	2026-06-30	86.01	86.19	75.83	81.26	1731969
ATRO	2026-07-01	80.45	81.61	75.6801	76.06	1109914
ATRO	2026-07-02	75.775	76.16	70.2	70.83	1103998
ATRO	2026-07-06	71.885	73.19	70.849283	71.79	858028
ATRO	2026-07-07	70.595	72.4124	69.92	70.19	924727
ATRO	2026-07-08	69.89	71.99	69.45	71.17	750860
ATRO	2026-07-09	71.67	72.52	70.41	71.86	494633
ATRO	2026-07-10	71.18	73.68	69.96	72.5	873975
ATRO	2026-07-13	71.89	73.4	70.91	72.03	354673
ATRO	2026-07-14	73.57	74.21	72.32	72.45	400468
ATRO	2026-07-15	72.45	73.35	69.74	71.46	461821
ATRO	2026-07-16	70.34	70.478	65.77	66.04	670044
ATRO	2026-07-17	64.96	68.365	64.22	67.26	474526
ATRO	2026-07-20	67.49	69.56	67.19	67.25	340318
ATRO	2026-07-21	68	70	67.54	69	456154
ATRO	2026-07-22	69	71.11	68.37	70.89	391306
ATRO	2026-07-23	71.07	73.09	70.46	71	569248
ATRO	2026-07-24	72.05	72.39	69.71	69.85	407260
ATRO	2026-07-27	69.85	71.62	68.05	70.24	400603
ATRO	2026-07-28	69.63	69.63	66.9	68.33	515185
ATRO	2026-07-29	68.33	68.43	64.55	65.14	639401
ATRO	2026-07-30	67.01	68.8299	65.99	68.41	611858
ATRO	2026-07-31	69.39	70.005	67.34	69.49	295377
ATRO	2026-08-03	69.71	71.825	68.98	71.12	448502
ATRO	2026-08-04	72.86	76.18	71.86	75.58	473759
ATRO	2026-08-05	76.5	77.69	76.11	77.14	427957
ATRO	2026-08-06	76.29	80.8	75.76	76.04	513539
ATRO	2026-08-07	76.6	78.4299	73.645	77.75	580946
ATRO	2026-08-10	79.265	79.265	75.12	75.46	461546
ATRO	2026-08-11	75.52	77	74.09	74.91	730432
ATRO	2026-08-12	84.22	92.5	79.5	87.89	2154927
ATRO	2026-08-13	86.57	94.46	85.02	92.61	1515767
ATRO	2026-08-14	92.61	94.08	90.53	93.45	589257
ATRO	2026-08-17	93.77	94.31	91.8	93.05	488086
ATRO	2026-08-18	91.48	91.48	84.79	86.12	941771
ATRO	2026-08-19	86.06	86.215	81.02	81.67	488749
ATRO	2026-08-20	81.05	81.4	75.91	76.06	637163
ATRO	2026-08-21	76.66	78.56	74.2307	78	528003
ATRO	2026-08-24	76.63	78.13	74.52	74.75	675889
AVEX	2026-05-01	29.8	30.2616	27.88	27.89	1047445
AVEX	2026-05-04	27.65	27.66	25.8	26.87	1307467
AVEX	2026-05-05	26.44	26.44	24.452	25.21	1761707
AVEX	2026-05-06	24.37	26.63	24.2	26.12	1352358
AVEX	2026-05-07	26.07	26.1651	23.23	23.83	954616
AVEX	2026-05-08	24.02	25.86	22.27	25.07	1336498
AVEX	2026-05-11	24.32	25.26	23.25	24.41	1215468
AVEX	2026-05-12	25.77	28.56	25.6	28.15	3503565
AVEX	2026-05-13	28.12	28.295	25.28	25.89	1714652
AVEX	2026-05-14	26.1	26.16	23.32	24.15	2276433
AVEX	2026-05-15	23.36	25.14	23.102	24.87	1011896
AVEX	2026-05-18	25.17	28.74	24.8	28.58	1933342
AVEX	2026-05-19	27.5	28.025	25.88	26.33	1405596
AVEX	2026-05-20	26.48	26.79	24.94	26.27	1954587
AVEX	2026-05-21	27	27	24.55	26.72	2337523
AVEX	2026-05-22	26.39	27.8299	25.72	26.82	1085383
AVEX	2026-05-26	27.43	29.9	26.08	28.89	1605417
AVEX	2026-05-27	28.39	31.4599	27.8	30.87	1425028
AVEX	2026-05-28	32.37	41.16	31.1068	40.48	3775180
AVEX	2026-05-29	39.68	40.99	36.615	38.47	2421745
AVEX	2026-06-01	37.41	40.12	35.882	38.61	1115164
AVEX	2026-06-02	34.1	35.09	30.9	32.44	2143977
AVEX	2026-06-03	31.67	31.67	26.4	27.66	3215370
AVEX	2026-06-04	26.49	26.5	24.31	24.61	8589276
AVEX	2026-06-05	24.82	25	22.5	22.87	4130448
AVEX	2026-06-08	23.54	23.7	22.7	23.01	2106043
AVEX	2026-06-09	23.4	24.41	21.335	22.2	3782605
AVEX	2026-06-10	21.7	22.55	20.21	20.35	1849201
AVEX	2026-06-11	20.4	21.61	19.72	21.46	2219644
AVEX	2026-06-12	21.25	21.98	20.25	20.56	1999141
AVEX	2026-06-15	21.35	22.88	21.12	21.69	1613831
AVEX	2026-06-16	21.17	21.24	19.32	19.85	2044782
AVEX	2026-06-17	19.89	20.79	19.5	19.82	1270352
AVEX	2026-06-18	20	20.14	17.7	18.3	4730988
AVEX	2026-06-22	18.33	18.47	17.38	17.48	1734009
AVEX	2026-06-23	17.31	18.59	17.24	17.94	1266162
AVEX	2026-06-24	18	18	15.17	15.34	2855255
AVEX	2026-06-25	15.42	16.36	15.0675	15.43	1718170
AVEX	2026-06-26	16.26	17.32	16.0648	17.2	5763109
AVEX	2026-06-29	17.66	18.57	17.49	17.94	2806381
AVEX	2026-06-30	19.11	22.2899	18.6	20.89	4913996
AVEX	2026-07-01	19.79	21.4	19.44	19.63	3190657
AVEX	2026-07-02	19.84	22.45	19.3	20.69	2803113
AVEX	2026-07-06	21	21.5	19.5188	19.6	1576583
AVEX	2026-07-07	19.69	20.23	17.24	17.42	2316971
AVEX	2026-07-08	17.5	17.76	16.85	17.35	1743573
AVEX	2026-07-09	17.12	17.13	16.1	16.54	1843263
AVEX	2026-07-10	16.7	16.75	15.975	16.46	1162819
AVEX	2026-07-13	16.25	16.5914	15.71	15.91	1712032
AVEX	2026-07-14	16.31	17.0592	16.15	16.61	1191605
AVEX	2026-07-15	17.79	18.19	17.18	17.79	2456737
AVEX	2026-07-16	17	17.7999	15.65	15.82	3605354
AVEX	2026-07-17	15.57	16.18	14.36	14.5	8363389
AVEX	2026-07-20	14.5	14.52	13.07	13.32	3741492
AVEX	2026-07-21	13.39	14.95	13.25	14.75	1711136
AVEX	2026-07-22	14.75	15.47	14.685	14.83	1012284
AVEX	2026-07-23	14.75	16.1785	14.655	15.13	2038682
AVEX	2026-07-24	15.22	15.5	14.2	14.29	1018480
AVEX	2026-07-27	14.41	15.23	14.3884	15.11	755973
AVEX	2026-07-28	14.8	15.3	13.875	15.21	932081
AVEX	2026-07-29	15.63	15.76	14.26	14.36	1112210
AVEX	2026-07-30	14.7	16.24	14.54	15.91	1525753
AVEX	2026-07-31	16.11	16.83	15.46	16.63	1131238
AVEX	2026-08-03	16.43	17.89	16.2501	17.85	1209989
AVEX	2026-08-04	18.02	19.41	18.01	19.38	1440236
AVEX	2026-08-05	19.33	20.05	19.31	19.7	1131597
AVEX	2026-08-06	19.39	21.6	19.28	21.49	1441393
AVEX	2026-08-07	20.95	22.48	20.4027	22.17	1651515
AVEX	2026-08-10	22	22.7225	21.48	21.76	961671
AVEX	2026-08-11	21.75	22.331	21.24	22.15	961051
AVEX	2026-08-12	22.53	22.75	21.54	22.75	2659691
AVEX	2026-08-13	21.59	22.23	20.5	20.89	2192856
AVEX	2026-08-14	22.22	23.62	20.76	21.54	2292853
AVEX	2026-08-17	21.49	22.11	19.7	20.22	1469877
AVEX	2026-08-18	19.5	21.15	19.3	19.91	1045608
AVEX	2026-08-19	19.98	19.99	18.66	18.9	763905
AVEX	2026-08-20	18.84	18.88	17.6	18.08	1005463
AVEX	2026-08-21	18.63	18.9	18.07	18.31	1069743
AVEX	2026-08-24	18	18.38	17.7	18	959310
AVNT	2026-05-01	37.33	37.41	36.635	36.76	452681
AVNT	2026-05-04	36.51	36.71	35.32	35.61	602140
AVNT	2026-05-05	35.94	37.325	35.73	37.15	777304
AVNT	2026-05-06	38.12	38.49	37.6944	37.84	737901
AVNT	2026-05-07	38.79	39.505	36.43	36.52	749763
AVNT	2026-05-08	36.27	37.45	35.38	36.89	974431
AVNT	2026-05-11	37.08	37.235	35.95	35.99	769842
AVNT	2026-05-12	35.86	36.05	34.75	35.26	596113
AVNT	2026-05-13	35.28	35.285	34.29	34.33	1294388
AVNT	2026-05-14	34.67	35.16	34.18	34.76	1184898
AVNT	2026-05-15	34.37	34.54	33.58	33.77	646835
AVNT	2026-05-18	34.02	34.36	33.455	33.55	847941
AVNT	2026-05-19	33.19	33.19	32.23	32.64	758716
AVNT	2026-05-20	32.78	33.85	32.2717	33.82	666739
AVNT	2026-05-21	33.64	34.26	32.815	34.12	730675
AVNT	2026-05-22	34.32	34.46	33.79	34.31	608468
AVNT	2026-05-26	34.62	35.66	34.495	35.29	1231501
AVNT	2026-05-27	35.75	36.3999	35.71	36.23	627709
AVNT	2026-05-28	36.07	36.67	35.29	36.18	591455
AVNT	2026-05-29	36.29	36.35	35.38	35.42	619173
AVNT	2026-06-01	34.84	35.06	33.58	34.61	824501
AVNT	2026-06-02	34.63	35.28	34.43	35.21	462708
AVNT	2026-06-03	34.88	35.45	34.48	34.5	637389
AVNT	2026-06-04	34.97	34.98	33.82	34.14	578327
AVNT	2026-06-05	34	34.28	33.82	33.94	475807
AVNT	2026-06-08	33.96	34.56	33.535	34.49	866372
AVNT	2026-06-09	35.35	35.98	34.84	35.45	837870
AVNT	2026-06-10	35.47	35.67	34.72	34.97	993053
AVNT	2026-06-11	35.57	36.58	35.305	36.52	915199
AVNT	2026-06-12	37.09	38.03	37.09	37.76	1042958
AVNT	2026-06-15	38.21	38.8	37.34	37.54	1121007
AVNT	2026-06-16	37.64	38.29	37.56	37.67	975976
AVNT	2026-06-17	37.62	38.32	36.79	36.86	929021
AVNT	2026-06-18	36.89	37.71	36.58	37.66	1437786
AVNT	2026-06-22	37.41	37.88	36.81	37.28	919314
AVNT	2026-06-23	36.73	36.975	35.72	35.77	786795
AVNT	2026-06-24	35.56	36.87	35.39	36.82	993412
AVNT	2026-06-25	36.98	37.57	36.52	37	1055244
AVNT	2026-06-26	36.65	37.97	36.41	37.91	3039100
AVNT	2026-06-29	37.38	37.38	36.14	36.84	1088023
AVNT	2026-06-30	37.09	37.225	36.705	36.96	798311
AVNT	2026-07-01	36.89	37.635	36.61	36.82	839898
AVNT	2026-07-02	36.91	37.52	36.51	37.31	713836
AVNT	2026-07-06	37.44	39.04	37.06	38.89	1518958
AVNT	2026-07-07	38.89	39.3217	37.94	38.1	1423163
AVNT	2026-07-08	37.57	37.57	34.95	35.73	1310851
AVNT	2026-07-09	35.95	36.29	35.47	35.98	678011
AVNT	2026-07-10	36.29	36.6473	36.01	36.03	849048
AVNT	2026-07-13	36.04	36.49	35.325	35.57	538653
AVNT	2026-07-14	36.15	36.41	35.27	35.81	548987
AVNT	2026-07-15	35.98	36.5	35.72	35.86	523575
AVNT	2026-07-16	36	38.105	35.985	38.07	1117151
AVNT	2026-07-17	37.56	38.28	36.73	36.97	866487
AVNT	2026-07-20	36.76	36.76	35.95	36.11	545802
AVNT	2026-07-21	36.27	36.94	35.78	36.9	503391
AVNT	2026-07-22	37.18	37.945	37.18	37.36	559407
AVNT	2026-07-23	36.33	36.84	36.075	36.64	746525
AVNT	2026-07-24	36.83	37.71	36.71	37.6	537241
AVNT	2026-07-27	37.91	38.19	36.23	36.44	609489
AVNT	2026-07-28	36.9	38.06	36.9	37.14	631389
AVNT	2026-07-29	36.79	36.9	35.57	35.92	880623
AVNT	2026-07-30	36.79	36.79	35.94	36.68	662755
AVNT	2026-07-31	36.6	36.695	35.87	36.32	630803
AVNT	2026-08-03	36.91	37.53	36.505	37.39	615692
AVNT	2026-08-04	37.56	38.205	37.31	38.17	656762
AVNT	2026-08-05	38.03	38.31	37.57	37.92	1031568
AVNT	2026-08-06	40	43.96	39.6639	42.65	1919933
AVNT	2026-08-07	43.7	46.53	42.99	45.69	1627297
AVNT	2026-08-10	45.16	46.16	44.73	45.65	1200932
AVNT	2026-08-11	46	46.64	45.35	45.47	1076480
AVNT	2026-08-12	45.74	45.79	44.5	45.33	1129176
AVNT	2026-08-13	45.53	46.17	45.26	46.12	982105
AVNT	2026-08-14	45.9	46.37	44.6298	46.34	639303
AVNT	2026-08-17	46.06	46.09	45.19	45.39	732014
AVNT	2026-08-18	45.2	45.2	43.43	43.46	859393
AVNT	2026-08-19	44.18	44.83	43.98	44.26	732283
AVNT	2026-08-20	43.12	44.2	43.12	43.73	643870
AVNT	2026-08-21	44.08	44.95	44.08	44.66	800295
AVNT	2026-08-24	44.7	44.81	44.1	44.42	786712
AVY	2026-05-01	164.82	165.11	162.9	163.03	640965
AVY	2026-05-04	161.93	163.78	159.63	160.46	744267
AVY	2026-05-05	160.73	163.7899	159.19	161.97	633598
AVY	2026-05-06	165.6	169.126	165.3301	166.68	649348
AVY	2026-05-07	167	169.07	164.48	165.53	806004
AVY	2026-05-08	166.08	166.09	163.07	163.51	518005
AVY	2026-05-11	163.78	163.78	161.38	162.02	678170
AVY	2026-05-12	162.59	163.25	160.02	160.11	745935
AVY	2026-05-13	160.29	162	158.28	158.74	683321
AVY	2026-05-14	159.72	160.675	158.44	159.11	551397
AVY	2026-05-15	158.47	159.105	156.02	156.21	646736
AVY	2026-05-18	156.51	159.27	156.11	156.84	542176
AVY	2026-05-19	156.43	157.625	154.08	154.26	571563
AVY	2026-05-20	153.99	158.46	152.68	158.32	808159
AVY	2026-05-21	156.62	160	155	158.9	585325
AVY	2026-05-22	159.26	160.55	158.4	159.66	462820
AVY	2026-05-26	160.01	160.64	158.58	159.8	564530
AVY	2026-05-27	161.17	163.5	159.38	160.52	673470
AVY	2026-05-28	158.91	161.68	157.89	161.18	550264
AVY	2026-05-29	160.64	161.485	158.97	159.07	1030617
AVY	2026-06-01	157.11	157.55	155.15	155.48	498361
AVY	2026-06-02	155.43	157.8	154.94	157.04	1002768
AVY	2026-06-03	155.5	157.78	155.3	155.89	736907
AVY	2026-06-04	157.92	158.58	152.55	153.25	442897
AVY	2026-06-05	153.55	156.226	152.73	155.18	537139
AVY	2026-06-08	153.75	154.175	152.42	153.01	458866
AVY	2026-06-09	154.26	159.39	153.7129	159.35	908681
AVY	2026-06-10	160.37	160.39	156	156.07	1018917
AVY	2026-06-11	155.52	160.19	154.41	158.75	950245
AVY	2026-06-12	160.33	161.295	158.51	159.25	849767
AVY	2026-06-15	161.07	162.0275	159.8	159.82	615277
AVY	2026-06-16	160.54	162.97	160.54	161.92	549257
AVY	2026-06-17	160.58	163.775	158.18	159.55	772349
AVY	2026-06-18	160.6	162.825	157.9229	158.68	1479738
AVY	2026-06-22	157.74	159.65	156.61	157.48	637196
AVY	2026-06-23	157.84	159.08	157.01	157.86	581621
AVY	2026-06-24	159.24	164.39	158.2401	163.15	889198
AVY	2026-06-25	163.37	168	162.5	164.61	687483
AVY	2026-06-26	165.87	165.97	162.86	165.76	961363
AVY	2026-06-29	163.91	164.97	161.63	163.32	716366
AVY	2026-06-30	163.1	163.14	161.39	162.35	481235
AVY	2026-07-01	162.81	164.895	161.04	163.12	604004
AVY	2026-07-02	164.34	167.03	163.495	166.97	540995
AVY	2026-07-06	166.04	166.23	163.25	166.04	596188
AVY	2026-07-07	167.84	168.88	164.29	164.35	499211
AVY	2026-07-08	161.91	162.45	156.08	157.95	1065870
AVY	2026-07-09	158.03	161.47	157.25	159.07	773234
AVY	2026-07-10	159.99	162.38	159.7	160.71	465639
AVY	2026-07-13	161.31	162.6125	158.9	159.24	620420
AVY	2026-07-14	159.76	160.3399	156.82	157.16	456341
AVY	2026-07-15	157.57	158.995	156.46	156.79	536820
AVY	2026-07-16	157.37	163.17	156.87	163.06	746807
AVY	2026-07-17	163.37	165.665	159.73	160.41	694599
AVY	2026-07-20	162.52	162.52	157.28	158.36	612025
AVY	2026-07-21	158.1	158.545	155.18	155.75	849743
AVY	2026-07-22	156.65	158.2	155.8	157.68	643052
AVY	2026-07-23	155.92	157.505	154.72	155.2	877518
AVY	2026-07-24	155.69	161.42	155.2	160.9	678367
AVY	2026-07-27	161.84	164.51	161.05	163.03	788774
AVY	2026-07-28	165.89	171.15	165.89	169.13	938107
AVY	2026-07-29	166.6	167.88	165.39	167.14	1042975
AVY	2026-07-30	185.59	187.91	173.65	174.82	2059807
AVY	2026-07-31	172.27	174.17	167.87	169.73	1311419
AVY	2026-08-03	172.45	174.375	169.54	172.27	874325
AVY	2026-08-04	171.61	174.16	169.41	173.3	885511
AVY	2026-08-05	173.71	175.69	171.1	175.58	822358
AVY	2026-08-06	176.93	176.93	172.57	173.99	776300
AVY	2026-08-07	173.51	178	173.3944	177.18	648917
AVY	2026-08-10	175.47	178.38	172.05	178.35	714126
AVY	2026-08-11	177.18	180.3599	175.225	179.73	667855
AVY	2026-08-12	178.38	181.94	177.15	181.03	746094
AVY	2026-08-13	182.16	182.76	177.33	180.01	1030272
AVY	2026-08-14	176.65	179.58	176.28	178.93	681995
AVY	2026-08-17	175.55	177.91	174.2	176.62	685745
AVY	2026-08-18	177.65	179.77	176.29	177.71	637343
AVY	2026-08-19	177.39	184.48	176.4047	183.16	587686
AVY	2026-08-20	180.84	184.1099	179.1	182.68	554751
AVY	2026-08-21	183.85	185.42	181.6	183.71	477956
AVY	2026-08-24	184.55	185.77	182.02	183.69	575183
AWI	2026-05-01	170.99	171.25	167.85	168.46	376896
AWI	2026-05-04	167.31	168.1	162.42	163.63	458954
AWI	2026-05-05	164.31	165.6	164.09	164.38	253519
AWI	2026-05-06	166.75	167.6	164.88	166.23	451046
AWI	2026-05-07	167.46	168.55	163.76	165.08	353530
AWI	2026-05-08	165.63	165.67	161.0901	161.76	313550
AWI	2026-05-11	160.9	161.63	159.18	159.43	354807
AWI	2026-05-12	160.07	161.44	157.85	159.1	321715
AWI	2026-05-13	158.53	159.095	156.49	158.04	392306
AWI	2026-05-14	159.16	160.345	157.78	160.33	328615
AWI	2026-05-15	159.42	159.56	155.09	155.17	241844
AWI	2026-05-18	155.94	160.2	155.915	157.89	476083
AWI	2026-05-19	156.29	156.29	151.975	152.83	415417
AWI	2026-05-20	153.21	157.48	152.64	157.35	387711
AWI	2026-05-21	155.72	158.02	153.89	157.15	370885
AWI	2026-05-22	157.09	157.85	155.17	157.42	269908
AWI	2026-05-26	158.26	161.2534	157.905	159.7	509955
AWI	2026-05-27	161.18	162.975	159.22	159.76	465372
AWI	2026-05-28	158.44	161.3525	157.64	160.34	277181
AWI	2026-05-29	159.84	161.505	157.63	157.9	532361
AWI	2026-06-01	156.45	157.685	152.715	155.17	387599
AWI	2026-06-02	155.4	156.5	152.68	152.84	698647
AWI	2026-06-03	152.64	154.5401	151.22	153.21	587464
AWI	2026-06-04	154.65	155.87	151.19	152.75	358009
AWI	2026-06-05	150.28	156.32	150.28	155.15	449096
AWI	2026-06-08	154.22	155.8	151.89	152.08	325445
AWI	2026-06-09	153.25	156.69	153.25	156.45	547805
AWI	2026-06-10	156.42	156.9299	151.63	152.19	388039
AWI	2026-06-11	153.72	155.355	151.77	155.09	287032
AWI	2026-06-12	156.95	156.95	154.15	154.21	357943
AWI	2026-06-15	155.59	160.73	155.535	156.66	418708
AWI	2026-06-16	158.07	159.81	156.955	158	305732
AWI	2026-06-17	157.27	160.04	153.14	153.89	517923
AWI	2026-06-18	155.26	160.47	155.26	157.88	524704
AWI	2026-06-22	156.84	158	154.99	156.84	255433
AWI	2026-06-23	156.75	157.71	154.9	154.97	348185
AWI	2026-06-24	155.26	159.06	154.105	157.7	512491
AWI	2026-06-25	158.74	163.54	158.74	161.46	357483
AWI	2026-06-26	161.6	162.48	160.11	162.16	567475
AWI	2026-06-29	161.81	161.82	157.235	159.47	445219
AWI	2026-06-30	160.33	160.7698	158.64	160.42	580059
AWI	2026-07-01	160.32	162.4299	158.13	158.15	562441
AWI	2026-07-02	159.04	159.28	156.215	158.56	380205
AWI	2026-07-06	158.98	160.08	157.23	159.6	402786
AWI	2026-07-07	158.67	160.1	154.16	155.36	350937
AWI	2026-07-08	153.37	153.37	151.63	151.93	380174
AWI	2026-07-09	152.49	154.49	151.78	154.09	362666
AWI	2026-07-10	154.89	156.74	154.28	155.5	566617
AWI	2026-07-13	155.46	157.47	154.53	155.69	553980
AWI	2026-07-14	156.33	157.05	155.135	155.53	294038
AWI	2026-07-15	155.25	158.175	155.12	155.9	454202
AWI	2026-07-16	155.74	161.26	155.5	160.67	615833
AWI	2026-07-17	160.31	162.26	155.505	155.97	481676
AWI	2026-07-20	156.54	156.61	152	152.22	504685
AWI	2026-07-21	152.38	153.29	151.04	151.43	507136
AWI	2026-07-22	155.41	157.91	153.72	157.28	600763
AWI	2026-07-23	156.6	158.77	155.61	158.05	592094
AWI	2026-07-24	158.06	162.14	158.06	160.71	434661
AWI	2026-07-27	162.22	167.02	162.035	165.22	971741
AWI	2026-07-28	170.265	188.59	170.12	178.65	1908884
AWI	2026-07-29	175.31	178.905	171.185	174.48	748522
AWI	2026-07-30	173.73	174.85	170.35	174.37	453386
AWI	2026-07-31	173.32	174.9	172.48	174.66	473113
AWI	2026-08-03	177.11	180.3	176.92	179.46	627704
AWI	2026-08-04	179	183.77	179	183.22	499118
AWI	2026-08-05	183.94	186.27	183.89	186.08	456816
AWI	2026-08-06	185.41	186.68	183.6203	183.97	358087
AWI	2026-08-07	183.92	188.32	183.92	185.52	316893
AWI	2026-08-10	185.08	185.08	181.89	183.35	258512
AWI	2026-08-11	184.19	187.18	184.19	186.7	316930
AWI	2026-08-12	186.3	186.64	181.15	183.46	385657
AWI	2026-08-13	184.95	185.46	181.59	181.68	330248
AWI	2026-08-14	181.09	182.265	180.4047	182.2	192446
AWI	2026-08-17	181.45	182.115	178.48	179.17	248659
AWI	2026-08-18	179.72	179.72	176.49	177.15	258968
AWI	2026-08-19	178.86	180.92	178.3001	178.6	241249
AWI	2026-08-20	176.2	179.66	175.95	178.11	428390
AWI	2026-08-21	178.66	179.865	176.97	178.54	332982
AWI	2026-08-24	179.12	180.98	177.45	178.25	371514
AXGN	2026-05-01	43.14	43.66	41.932	43.28	781615
AXGN	2026-05-04	43.17	43.28	42.11	42.63	914419
AXGN	2026-05-05	42.77	43.8	41.75	43.74	732970
AXGN	2026-05-06	43.77	44.13	42.5	43.48	532656
AXGN	2026-05-07	43.67	44.45	43.16	43.41	593896
AXGN	2026-05-08	43.48	43.48	41.6873	42.06	552114
AXGN	2026-05-11	41.8	42.2	40.06	40.79	1108025
AXGN	2026-05-12	40.86	41.61	40.8201	40.93	643710
AXGN	2026-05-13	40.93	41.14	40.09	40.29	613350
AXGN	2026-05-14	40.4	41.128	39.515	40.95	675065
AXGN	2026-05-15	40.74	41.595	40.39	40.99	1003243
AXGN	2026-05-18	41.66	42.24	40.62	41.95	864347
AXGN	2026-05-19	41.77	43.6	41.26	42.69	1291565
AXGN	2026-05-20	43.01	44.22	42.53	42.69	888173
AXGN	2026-05-21	42.34	42.84	40.78	41.31	503765
AXGN	2026-05-22	41.7	41.72	40.745	40.9	492183
AXGN	2026-05-26	41.06	41.69	40.7	41.45	688624
AXGN	2026-05-27	41.4	41.7	38.595	39.87	931705
AXGN	2026-05-28	39.43	40.65	39.0401	40.42	775467
AXGN	2026-05-29	40.33	40.6775	38.7	39.48	840712
AXGN	2026-06-01	38.66	40.285	38.16	38.72	885583
AXGN	2026-06-02	38.46	39.845	38.075	39.46	540084
AXGN	2026-06-03	39.87	40.765	39.25	40.63	574655
AXGN	2026-06-04	41.29	43.3	41.195	42.39	1024667
AXGN	2026-06-05	42.34	43.9	42.07	42.8	800109
AXGN	2026-06-08	43.44	43.98	41.4	41.46	1072133
AXGN	2026-06-09	41.62	43.02	41.08	42.87	1110308
AXGN	2026-06-10	42.69	43.64	40.325	41.34	1231905
AXGN	2026-06-11	41.51	42.6	40.4804	42.36	1661560
AXGN	2026-06-12	42.49	43.54	41.53	43	1335670
AXGN	2026-06-15	43.5	44.76	43.2	43.74	2882225
AXGN	2026-06-16	44	44.6464	43.13	43.4	1974988
AXGN	2026-06-17	42.462	45.68	42.25	44.57	1776272
AXGN	2026-06-18	45.5	45.83	43.85	44.84	1252376
AXGN	2026-06-22	44.83	45.63	43.95	44.95	856721
AXGN	2026-06-23	44.06	45.98	44.01	44.69	1094311
AXGN	2026-06-24	44.85	46	41.35	42.52	2107979
AXGN	2026-06-25	42.54	44.57	42.24	44.49	1606223
AXGN	2026-06-26	44.41	45.19	43.515	44.93	3207977
AXGN	2026-06-29	44.51	45.85	43.755	44.72	1089282
AXGN	2026-06-30	44.61	46.26	43.33	46.19	1201546
AXGN	2026-07-01	46.36	46.95	43.85	44.02	1357441
AXGN	2026-07-02	44.3	46.47	42.18	45.89	2399995
AXGN	2026-07-06	46.445	46.95	43.9	45.97	1627121
AXGN	2026-07-07	45.79	46.77	44.2	44.57	1220455
AXGN	2026-07-08	43.982	44.08	42.22	42.75	1052144
AXGN	2026-07-09	43.25	43.89	42.8	43.62	1540235
AXGN	2026-07-10	43.42	43.6451	39.55	40.58	1948801
AXGN	2026-07-13	40.06	41.52	39.09	39.49	1282333
AXGN	2026-07-14	39.49	39.99	38.23	38.77	1104882
AXGN	2026-07-15	38.89	39.1794	38.27	38.72	1063174
AXGN	2026-07-16	38.67	40.575	38.41	39.775	1301261
AXGN	2026-07-17	38.85	39.9	38.44	39.85	1200534
AXGN	2026-07-20	39.77	40.7	39.12	39.48	1063951
AXGN	2026-07-21	40.07	40.87	39.56	40.26	1242703
AXGN	2026-07-22	39.66	40.1	38.69	39.37	982848
AXGN	2026-07-23	38.67	39.81	38.38	39.73	851400
AXGN	2026-07-24	40.01	40.645	39.35	39.49	750546
AXGN	2026-07-27	39.77	41.27	39.605	41.14	970234
AXGN	2026-07-28	41.605	42.035	39.785	41.15	1365287
AXGN	2026-07-29	38.31	46.15	38.31	41.37	2509780
AXGN	2026-07-30	40.81	44.76	40.81	41.35	1394641
AXGN	2026-07-31	40.99	42.78	39.92	42.21	1223540
AXGN	2026-08-03	42.78	46.12	42.525	45.73	1401973
AXGN	2026-08-04	45.89	46.75	45.01	45.96	1125157
AXGN	2026-08-05	45.59	45.59	44.2501	45.22	968879
AXGN	2026-08-06	45.07	45.615	44.11	44.35	530945
AXGN	2026-08-07	44.75	46.54	44.415	46.43	708914
AXGN	2026-08-10	46.03	48.72	45.95	48.22	978266
AXGN	2026-08-11	48.21	49.12	47.31	48.48	576926
AXGN	2026-08-12	48.5	49.9	48.26	49.67	716468
AXGN	2026-08-13	49.2	49.929	47.59	48.05	759664
AXGN	2026-08-14	48.16	48.805	47.29	48.73	632309
AXGN	2026-08-17	48.51	49.205	47.9	49.15	635399
AXGN	2026-08-18	49.4	50.66	48.795	50.19	974862
AXGN	2026-08-19	50.5	50.62	48.87	48.93	982844
AXGN	2026-08-20	48.45	49.18	45.255	46.44	1033639
AXGN	2026-08-21	46.5	51.06	46.24	50.4	1779643
AXGN	2026-08-24	50.88	50.88	48.74	49.23	704122
AXIL	2026-05-01	6.4961	7	6.36	6.45	155551
AXIL	2026-05-04	6.3766	6.99	6.3501	6.67	28806
AXIL	2026-05-05	6.8	7.15	6.74	6.74	54748
AXIL	2026-05-06	6.73	7.035	6.65	6.78	37598
AXIL	2026-05-07	6.9	7.24	6.9	7.05	91831
AXIL	2026-05-08	6.9146	7.21	6.9146	7.15	15757
AXIL	2026-05-11	7.15	7.15	7	7.04	10156
AXIL	2026-05-12	7.115	7.25	6.67	7.25	20235
AXIL	2026-05-13	7.08	7.22	6.86	7.18	6525
AXIL	2026-05-14	6.93	7.17	6.76	7.02	102164
AXIL	2026-05-15	6.72	7.145	6.54	6.75	39612
AXIL	2026-05-18	6.88	7.14	6.52	7.14	29306
AXIL	2026-05-19	7.03	7.11	6.8	7.07	15688
AXIL	2026-05-20	6.86	6.99	6.845	6.965	15493
AXIL	2026-05-21	6.95	7.09	6.5	7.04	23610
AXIL	2026-05-22	6.8	7.04	6.7509	7.03	12726
AXIL	2026-05-26	6.99	7.14	6.9183	7.02	18220
AXIL	2026-05-27	6.842	7	6.837	6.97	3039
AXIL	2026-05-28	6.801	7	6.69	6.79	61782
AXIL	2026-05-29	6.875	7.01	6.68	6.71	15845
AXIL	2026-06-01	6.65	6.84	6.5001	6.84	13462
AXIL	2026-06-02	6.6	7	6.5532	6.79	25332
AXIL	2026-06-03	6.77	7	6.57	7	52223
AXIL	2026-06-04	6.8937	7	6.8937	7	4469
AXIL	2026-06-05	6.5935	6.99	6.5935	6.85	6644
AXIL	2026-06-08	6.81	6.82	6.51	6.71	11398
AXIL	2026-06-09	6.67	6.67	6.25	6.32	26641
AXIL	2026-06-10	6.26	6.557	6.26	6.3	44232
AXIL	2026-06-11	6.3	6.48	6.26	6.48	31384
AXIL	2026-06-12	6.34	6.5	6.2693	6.35	4313
AXIL	2026-06-15	6.5	6.649	6.3	6.3	5048
AXIL	2026-06-16	6.355	6.4	6.25	6.25	12572
AXIL	2026-06-17	6.3	6.46	6.267	6.35	4745
AXIL	2026-06-18	6.18	6.18	6.05	6.18	5565
AXIL	2026-06-22	6.17	6.2	5.52	5.52	8752
AXIL	2026-06-23	6.025	6.045	5.8	5.925	13882
AXIL	2026-06-24	5.885	6.05	5.6038	5.92	22837
AXIL	2026-06-25	5.92	5.92	5.7798	5.81	12252
AXIL	2026-06-26	5.77	6.28	5.77	6.22	12393
AXIL	2026-06-29	6	6.6	5.93	6.42	26201
AXIL	2026-06-30	6.1825	6.82	6.12	6.7	17938
AXIL	2026-07-01	6.7	6.7	6.34	6.485	8789
AXIL	2026-07-02	6.0376	6.3798	6.0376	6.3798	4245
AXIL	2026-07-06	5.9	6.1	5.89	5.89	7186
AXIL	2026-07-07	6	6.6	5.8421	6.6	16154
AXIL	2026-07-08	6.3382	6.3382	6.14	6.14	7710
AXIL	2026-07-09	5.86	6.26	5.86	6.26	6864
AXIL	2026-07-10	6.09	6.26	6.0445	6.0445	5638
AXIL	2026-07-13	5.96	6.28	5.87	6.05	16615
AXIL	2026-07-14	6.23	6.48	5.9	6.1401	34092
AXIL	2026-07-15	6.265	6.54	6.1	6.1	11572
AXIL	2026-07-16	6.1	6.34	5.9	5.9	24091
AXIL	2026-07-17	6.26	6.28	5	5.82	32459
AXIL	2026-07-20	5.98	5.98	5.5	5.64	9556
AXIL	2026-07-21	5.66	5.85	5.43	5.55	8081
AXIL	2026-07-22	5.55	5.55	5.55	5.55	898
AXIL	2026-07-23	5.07	6.1	5.07	5.7	26045
AXIL	2026-07-24	5.815	6	5.41	6	7220
AXIL	2026-07-27	5.99	6.13	5.66	6	17750
AXIL	2026-07-28	5.8	6.185	5.74	5.97	29510
AXIL	2026-07-29	6.08	6.08	5.8004	5.97	7225
AXIL	2026-07-30	5.8	5.96	5.75	5.96	4327
AXIL	2026-07-31	5.64	6	5.64	5.99	5685
AXIL	2026-08-03	5.71	5.9	5.7	5.79	10915
AXIL	2026-08-04	5.7	6	5.7	5.75	25351
AXIL	2026-08-05	5.66	5.82	5.66	5.82	1346
AXIL	2026-08-06	5.69	5.8	5.65	5.7112	4108
AXIL	2026-08-07	5.5	5.87	5.46	5.87	7154
AXIL	2026-08-10	5.8	5.8	5.41	5.8	7255
AXIL	2026-08-11	5.6	5.71	5.4	5.705	6158
AXIL	2026-08-12	5.705	5.8999	5.5	5.5	8071
AXIL	2026-08-13	5.63	5.8	5.585	5.8	30354
AXIL	2026-08-14	5.8	6.379	5.78	6.085	31154
AXIL	2026-08-17	5.9	6.69	5.9	6.3	17046
AXIL	2026-08-18	6.65	7.25	6.24	6.65	130380
AXIL	2026-08-19	6.71	6.71	5.79	5.9	77861
AXIL	2026-08-20	6	6.35	5.87	5.97	43343
AXIL	2026-08-21	5.99	6.265	5.91	6.12	28759
AXIL	2026-08-24	6.2	6.73	6.15	6.38	168935
AXTI	2026-05-01	78.8	96.32	78.05	96	19874037
AXTI	2026-05-04	96.88	107	91.92	106	11633093
AXTI	2026-05-05	106.78	110.24	102.8	107.55	7880211
AXTI	2026-05-06	110.2	110.8	92.85	104.83	15010636
AXTI	2026-05-07	99.51	109.98	98.69	108.42	11614484
AXTI	2026-05-08	115.36	129.4299	107.81	116.36	13114166
AXTI	2026-05-11	118.38	132.48	111.04	125.81	12078480
AXTI	2026-05-12	123.2	128.7097	113.72	122.9	7091650
AXTI	2026-05-13	129.9	134	116.4001	121.935	7438376
AXTI	2026-05-14	119.675	121.6	110.11	114.98	7246757
AXTI	2026-05-15	110.09	128.5	108.17	123.78	9735649
AXTI	2026-05-18	124.636	125.5	105.17	105.88	11679952
AXTI	2026-05-19	104	115.0999	102.25	112.88	9569170
AXTI	2026-05-20	114.89	116.7699	101.88	104.61	7385922
AXTI	2026-05-21	104.48	121.7299	103.01	121.02	8926136
AXTI	2026-05-22	119.6	141.37	116.01	140.83	10082452
AXTI	2026-05-26	142.79	143.16	131.6	132.6	7410409
AXTI	2026-05-27	133.48	133.54	115.14	122.77	8815037
AXTI	2026-05-28	129.33	129.35	114.51	115.7	6449378
AXTI	2026-05-29	115.445	116	100	103.16	11143634
AXTI	2026-06-01	95	115.82	93.231	109.55	11323372
AXTI	2026-06-02	115.88	123.2	107.5001	110.85	10318288
AXTI	2026-06-03	109.77	115.12	103.8072	106.7	6086830
AXTI	2026-06-04	103.29	112.99	101.5001	105.99	5509876
AXTI	2026-06-05	101.55	104.55	87.27	89.04	9663581
AXTI	2026-06-08	93.005	96.56	89.08	90.775	5747086
AXTI	2026-06-09	95.71	96.67	76	78.36	10635946
AXTI	2026-06-10	81.6	90.35	79.56	85.29	9302142
AXTI	2026-06-11	90.5	90.76	81.8	88.34	8977445
AXTI	2026-06-12	90.6	103.5	87.22	97.18	10440608
AXTI	2026-06-15	107.325	116.7499	105.01	110.74	11769278
AXTI	2026-06-16	108.6	110.8	92.9	93.04	11383373
AXTI	2026-06-17	96.395	98.48	91.3	92.11	6312127
AXTI	2026-06-18	96.5	98.02	81	84.57	12268168
AXTI	2026-06-22	93.52	95.8	84.41	92.44	11911599
AXTI	2026-06-23	83.95	88.4199	76.4	77.91	12945388
AXTI	2026-06-24	77.74	77.98	67.01	70.14	13727925
AXTI	2026-06-25	73.575	73.575	64	69.06	9216227
AXTI	2026-06-26	66.8	70.67	65.17	70.15	16570750
AXTI	2026-06-29	67.155	72.22	64.37	71.46	6442873
AXTI	2026-06-30	70.97	73.16	69	72.08	4996321
AXTI	2026-07-01	67.957	68.6	63.4301	65.03	6260926
AXTI	2026-07-02	63.52	67	53.36	56.62	10052204
AXTI	2026-07-06	61.4	68.38	60.27	63.52	11981982
AXTI	2026-07-07	59.315	66.2999	57.665	58.15	8150217
AXTI	2026-07-08	58.77	64.4	56.8	60.12	7366092
AXTI	2026-07-09	64.82	66.95	61.59	62.55	7810502
AXTI	2026-07-10	61.2	61.9	54.17	57.21	7589298
AXTI	2026-07-13	55	55.42	47.93	50.46	12223852
AXTI	2026-07-14	54.82	58.58	52.76	57.57	10164614
AXTI	2026-07-15	55.77	58.4999	50.8	53.42	6599399
AXTI	2026-07-16	50.91	51.38	45.02	45.57	9150280
AXTI	2026-07-17	43.32	48.2799	41.93	45.86	8195704
AXTI	2026-07-20	46.02	50.94	45.89	48.83	6668280
AXTI	2026-07-21	52.34	56.705	51.2	56.51	9284660
AXTI	2026-07-22	54.055	56.83	52.48	52.98	4818079
AXTI	2026-07-23	51.403	57.616	51.32	52.93	4839862
AXTI	2026-07-24	51	51.84	46.2	47.23	5717262
AXTI	2026-07-27	48.51	50.05	44.1513	47.88	5567780
AXTI	2026-07-28	44.25	44.25	39.86	42.76	8290228
AXTI	2026-07-29	44	44.57	36.73	36.97	7818903
AXTI	2026-07-30	41.235	48.67	41.075	46.94	17182271
AXTI	2026-07-31	66.705	68.9199	55.61	60.43	29482768
AXTI	2026-08-03	56.89	71.21	53.66	68.67	17470082
AXTI	2026-08-04	64.8	68.75	60.03	65.27	23495932
AXTI	2026-08-05	63.515	76.96	62.6	68.61	13542524
AXTI	2026-08-06	69.08	77.3997	67.195	75.17	11266896
AXTI	2026-08-07	79.14	89.489	78.5	88.58	19043421
AXTI	2026-08-10	89.575	90.39	73.23	73.81	18487315
AXTI	2026-08-11	74.76	75.6	71.61	73.78	7441113
AXTI	2026-08-12	83.05	83.88	73.1	78.47	11198392
AXTI	2026-08-13	75.192	80.87	75.15	77.45	7407488
AXTI	2026-08-14	78.49	85.42	76.75	81.64	9585829
AXTI	2026-08-17	85.895	97.79	84.59	95.97	15231954
AXTI	2026-08-18	88.7	94.86	80.37	82.31	15990615
AXTI	2026-08-19	84.5	85.45	73.01	73.43	15105091
AXTI	2026-08-20	73.04	74.6899	69.3	73.12	7655767
AXTI	2026-08-21	75.42	75.88	68.3	70.74	8347889
AXTI	2026-08-24	66.63	67.2	61.86	65.4	9086559
BAND	2026-05-01	37.66	46.1599	37.65	44.86	4111089
BAND	2026-05-04	43.51	47	43.03	45.02	3150598
BAND	2026-05-05	45.08	48.9	44.79	47.33	1707497
BAND	2026-05-06	47.33	48.9999	45.78	46.45	1166570
BAND	2026-05-07	47	49.25	45.4	48.58	998267
BAND	2026-05-08	48.29	50	46.81	49.89	869095
BAND	2026-05-11	50	53.21	49.5	49.95	1323295
BAND	2026-05-12	49.74	49.81	48.02	49.44	833660
BAND	2026-05-13	49.61	52.45	48.45	51.01	855769
BAND	2026-05-14	51.125	53.2	48.84	52.1	1019544
BAND	2026-05-15	51.13	56.37	51.13	53.97	1644701
BAND	2026-05-18	54.175	56.67	52.69	55.95	853395
BAND	2026-05-19	56.37	57.4299	53.58	53.88	939290
BAND	2026-05-20	53.88	58.1	53.61	57.96	1134756
BAND	2026-05-21	58.19	59.6499	56.66	58.54	1068202
BAND	2026-05-22	58.57	62.03	58.57	61.39	981352
BAND	2026-05-26	62.12	62.238	59.52	61.18	815716
BAND	2026-05-27	60.99	61.365	55.6701	56.14	1010225
BAND	2026-05-28	56.63	57.81	56.065	57.66	802703
BAND	2026-05-29	58.45	65.12	57.48	64.97	1545439
BAND	2026-06-01	63.35	71.76	62.7601	70.89	1730438
BAND	2026-06-02	67.32	72.7999	67.29	67.87	972282
BAND	2026-06-03	67.75	67.75	64.14	65.6	689127
BAND	2026-06-04	64.585	73.73	63.84	73.19	1603627
BAND	2026-06-05	71.56	75.4999	70.15	72.2	1804352
BAND	2026-06-08	72.61	75.98	68.75	68.84	1083713
BAND	2026-06-09	69.87	70.25	61.2	63.36	942427
BAND	2026-06-10	62.62	66.6189	59.01	59.31	937267
BAND	2026-06-11	58.995	64.39	58	64.295	1001650
BAND	2026-06-12	65.18	66.97	63.2301	65.34	720855
BAND	2026-06-15	59.56	62.1	52.54	52.83	3271976
BAND	2026-06-16	52.6	53.0325	49.26	51.78	5625406
BAND	2026-06-17	51.69	52.11	48.43	50.84	2090764
BAND	2026-06-18	51.615	52.5	48.5	51.39	1996969
BAND	2026-06-22	50.73	51.4781	48.15	50.82	1509229
BAND	2026-06-23	49.77	53.44	49.21	52.73	1437216
BAND	2026-06-24	52.365	54.3	51.23	52.28	1083291
BAND	2026-06-25	52.28	52.67	50.18	52.32	717315
BAND	2026-06-26	52.22	57.2	52.1439	56.9	3032038
BAND	2026-06-29	57.74	61.59	56.545	60.89	1252784
BAND	2026-06-30	59.98	64.61	59.655	63.3	1236832
BAND	2026-07-01	63.63	65.19	62.07	63.79	829816
BAND	2026-07-02	64.52	65.425	61.255	61.6	930843
BAND	2026-07-06	61.66	64.94	60.235	60.67	657467
BAND	2026-07-07	60.7	69.01	60.655	67.56	1858623
BAND	2026-07-08	66.32	71.59	62.645	70.49	2389474
BAND	2026-07-09	70.51	79.08	69.71	78.44	1912754
BAND	2026-07-10	78.87	78.9899	73.385	75.48	958599
BAND	2026-07-13	74.83	76.8	72.8076	73.81	684465
BAND	2026-07-14	75.12	77.5	74.5	75.77	667667
BAND	2026-07-15	75.97	77.57	70.59	70.97	792936
BAND	2026-07-16	71.215	71.215	66.65	68.88	664298
BAND	2026-07-17	66.5	73.4899	66.5	71.81	1550926
BAND	2026-07-20	72.78	75.07	68.69	68.8	1177379
BAND	2026-07-21	69.16	70.41	67.22	70.36	1019270
BAND	2026-07-22	69.34	69.99	63.55	64.37	1057829
BAND	2026-07-23	64.38	65.395	58.53	58.74	819392
BAND	2026-07-24	59.265	61.68	56.77	59.8	1219701
BAND	2026-07-27	59.44	61.89	56.07	57.18	984298
BAND	2026-07-28	57.47	58.215	50.46	52.25	1562711
BAND	2026-07-29	38.31	40	35.2	36.95	4481728
BAND	2026-07-30	37.316	39.84	36.6	38.83	2308041
BAND	2026-07-31	38.7	39.97	37.8	39.14	1027403
BAND	2026-08-03	39.035	43.82	39.01	43.47	1182784
BAND	2026-08-04	44.08	46.47	42.28	46.2	964068
BAND	2026-08-05	45.8	46.47	44.3	45.67	917803
BAND	2026-08-06	44.54	46.54	43.745	44.69	1251887
BAND	2026-08-07	46	53.64	45.88	49.96	1337440
BAND	2026-08-10	49.18	53.55	49.18	52.71	935037
BAND	2026-08-11	52.72	53.45	51.52	51.62	594211
BAND	2026-08-12	53.01	53.59	51.06	51.97	828514
BAND	2026-08-13	52.48	54.495	52.1983	54.06	633209
BAND	2026-08-14	53.71	54.94	52.03	53.97	530275
BAND	2026-08-17	54.06	54.4	52.31	52.79	568429
BAND	2026-08-18	51.65	53.68	50.1814	52.94	1014098
BAND	2026-08-19	54.1	55.62	51.63	52.3	993293
BAND	2026-08-20	52	52.5	47.33	48.15	614126
BAND	2026-08-21	48.85	49.19	45.62	47.52	740639
BAND	2026-08-24	46.83	47.265	45.39	46.35	565131
BANL	2026-05-01	6.4246	6.5455	6.045	6.5	20819
BANL	2026-05-04	6.4987	6.5897	6.1412	6.513	25555
BANL	2026-05-05	6.4051	6.6937	5.6017	6.6495	27440
BANL	2026-05-06	6.4545	6.8887	6.1997	6.76	24323
BANL	2026-05-07	6.5	6.669	6.331	6.4649	21440
BANL	2026-05-08	6.5533	6.63	6.4337	6.5702	4116
BANL	2026-05-11	6.5221	6.7873	6.0476	6.2777	16709
BANL	2026-05-12	5.98	6.4395	5.98	5.98	2112
BANL	2026-05-13	6.1087	6.2101	5.928	6.0853	5257
BANL	2026-05-14	5.9865	6.2387	5.8487	6.084	5726
BANL	2026-05-15	6.3349	6.3596	5.59	5.6368	9310
BANL	2026-05-18	5.525	5.98	5.3963	5.5354	12311
BANL	2026-05-19	5.5354	5.8383	5.3879	5.7005	14343
BANL	2026-05-20	5.59	5.7493	5.2065	5.3508	7348
BANL	2026-05-21	5.3638	5.4893	4.94	5.2923	10633
BANL	2026-05-22	5.3183	5.486	5.2299	5.3755	8760
BANL	2026-05-26	5.3014	5.4912	5.0947	5.1584	8093
BANL	2026-05-27	5.2182	5.2871	5.0076	5.044	9997
BANL	2026-05-28	5.0362	5.3326	4.8269	4.9985	6558
BANL	2026-05-29	4.9647	4.9647	4.55	4.8126	9388
BANL	2026-06-01	5.057	5.1961	4.94	5.1272	21446
BANL	2026-06-02	5.3144	5.4535	5.0128	5.3443	37476
BANL	2026-06-03	5.5978	5.72	4.94	5.083	16841
BANL	2026-06-04	4.94	5.0674	4.5513	5.0596	4306
BANL	2026-06-05	4.8412	5.0583	4.8412	4.94	3061
BANL	2026-06-08	5.0427	5.1142	4.8932	5.0375	10636
BANL	2026-06-09	4.9387	5.0687	4.9387	4.992	7025
BANL	2026-06-10	5.005	5.7785	5.005	5.239	121657
BANL	2026-06-11	5.2637	5.3677	4.7203	5.122	33838
BANL	2026-06-12	4.9374	5.0687	4.81	4.81	9004
BANL	2026-06-15	4.8087	5.2741	4.745	5.2468	9017
BANL	2026-06-16	5.265	5.98	4.9842	5.2468	45545
BANL	2026-06-17	5.2247	5.785	4.81	5.3352	55014
BANL	2026-06-18	5.434	5.5237	4.81	5.3183	9632
BANL	2026-06-22	5.1987	5.4561	4.9595	4.9621	8582
BANL	2026-06-23	4.9478	5.33	4.81	5.1142	4891
BANL	2026-06-24	5.1142	5.1987	4.836	5.1168	4784
BANL	2026-06-25	4.875	5.1792	4.8178	4.8646	5511
BANL	2026-06-26	4.888	4.9985	4.7177	4.7866	3872
BANL	2026-06-29	4.7437	5.07	4.472	4.745	14504
BANL	2026-06-30	4.8152	4.9179	4.4824	4.485	3124
BANL	2026-07-01	4.8126	4.9387	4.5513	4.7606	1970
BANL	2026-07-02	4.7762	4.94	4.42	4.9218	2463
BANL	2026-07-06	4.8503	5.2312	4.8503	5.2312	3015
BANL	2026-07-07	5.2494	5.46	5.0713	5.0726	10486
BANL	2026-07-08	5.317	5.5575	5.174	5.46	28349
BANL	2026-07-09	5.3326	5.5705	5.0908	5.2052	8759
BANL	2026-07-10	5.2429	5.395	5.0973	5.3924	4585
BANL	2026-07-13	5.4379	5.6953	5.1025	5.525	56601
BANL	2026-07-14	5.6381	5.6381	5.3092	5.4561	3696
BANL	2026-07-15	5.447	5.4639	5.2793	5.4054	6728
BANL	2026-07-16	3.6192	4.81	3.4606	4.485	46617
BANL	2026-07-17	4.68	4.68	3.9104	4.6475	74780
BANL	2026-07-20	3.82	4.44	3.7	4.16	112275
BANL	2026-07-21	4.2	5.25	4.2	5.16	148808
BANL	2026-07-22	5.14	5.18	4.46	4.56	39296
BANL	2026-07-23	4.58	5.34	4.3001	4.76	125918
BANL	2026-07-24	4.8	5.1	4.41	5.02	19505
BANL	2026-07-27	4.87	5.1301	4.33	5.025	18457
BANL	2026-07-28	4.95	5	4.565	4.82	14484
BANL	2026-07-29	5.0267	5.0267	4.65	4.8	47734
BANL	2026-07-30	4.77	4.9472	4.48	4.56	8007
BANL	2026-07-31	4.6	4.75	4.2	4.5366	16574
BANL	2026-08-03	4.34	4.5742	4.3	4.53	17663
BANL	2026-08-04	4.53	4.5819	4.08	4.548	33267
BANL	2026-08-05	4.18	4.18	3.6201	3.94	127708
BANL	2026-08-06	3.94	4.205	3.8	3.96	54149
BANL	2026-08-07	3.9	3.9	3.6227	3.75	7706
BANL	2026-08-10	3.78	4.075	3.72	3.85	23853
BANL	2026-08-11	4	4.398	3.925	4.135	16917
BANL	2026-08-12	4.05	7.5	4.05	6.09	2857659
BANL	2026-08-13	5.51	7.01	5.41	7.01	119300
BANL	2026-08-14	7.12	12.1	7.12	10.93	512402
BANL	2026-08-17	9.35	11.9	8.8792	10.35	78160
BANL	2026-08-18	11.52	13.66	10.2	13.55	144813
BANL	2026-08-19	13.48	13.797	11.5	12.1	44310
BANL	2026-08-20	12.2	13.49	12.06	12.3	36182
BANL	2026-08-21	12.24	13.45	11.63	12.65	180649
BANL	2026-08-24	12.78	14.35	12.78	13.69	52185
BAX	2026-05-01	17.84	17.85	17.045	17.21	10871288
BAX	2026-05-04	17.2	17.43	16.5233	16.62	7423246
BAX	2026-05-05	16.74	16.96	16.475	16.75	7604819
BAX	2026-05-06	16.99	17.305	16.86	16.98	5871007
BAX	2026-05-07	17.16	17.565	17.16	17.49	6616400
BAX	2026-05-08	17.71	18	17.285	17.99	7865166
BAX	2026-05-11	17.96	18.09	17.28	17.53	7238747
BAX	2026-05-12	17.65	18.045	17.495	17.89	7160622
BAX	2026-05-13	17.71	17.95	17.09	17.31	7899184
BAX	2026-05-14	17.57	17.975	17.39	17.78	5337715
BAX	2026-05-15	17.66	17.83	17.23	17.3	5356435
BAX	2026-05-18	17.4	17.945	17.385	17.79	5995778
BAX	2026-05-19	17.7	18.35	17.56	18.33	5659302
BAX	2026-05-20	18.44	18.83	18.01	18.77	6716560
BAX	2026-05-21	18.49	19.115	18.4	19.03	8610779
BAX	2026-05-22	19.26	19.67	19.06	19.18	7148235
BAX	2026-05-26	19.18	19.52	18.94	19.38	5221683
BAX	2026-05-27	19.6	19.97	19.27	19.33	8452591
BAX	2026-05-28	18.76	19.31	18.585	19.25	4968691
BAX	2026-05-29	19.06	19.18	18.77	18.78	7957262
BAX	2026-06-01	18.57	18.675	18.105	18.4	8075980
BAX	2026-06-02	18.33	19.075	18.22	18.68	5979678
BAX	2026-06-03	18.53	18.855	18.42	18.54	4557063
BAX	2026-06-04	18.99	19.495	18.9	19.35	5645640
BAX	2026-06-05	19.44	19.745	19.32	19.38	6708390
BAX	2026-06-08	19.33	19.495	19.05	19.24	5005311
BAX	2026-06-09	19.46	20.16	19.36	20.03	6459921
BAX	2026-06-10	19.97	20.98	19.77	20.31	11657131
BAX	2026-06-11	20.2	20.66	20.035	20.49	7347388
BAX	2026-06-12	20.67	20.89	20.25	20.86	7518226
BAX	2026-06-15	21.03	21.3	20.775	20.81	5974872
BAX	2026-06-16	20.91	21.03	20.36	20.46	6774598
BAX	2026-06-17	20.42	20.62	19.38	19.39	7121395
BAX	2026-06-18	19.7	20.095	19.54	19.89	10439716
BAX	2026-06-22	19.9	20.04	19.625	19.66	4800668
BAX	2026-06-23	19.5	20.17	19.42	20.1	5072395
BAX	2026-06-24	20.32	21.125	20.31	21.04	6065070
BAX	2026-06-25	21.23	21.7277	21.135	21.55	6649665
BAX	2026-06-26	21.47	22.175	21.43	22.04	10257378
BAX	2026-06-29	21.95	22.09	21.805	22.02	5721041
BAX	2026-06-30	22.14	22.18	21.31	21.32	6890178
BAX	2026-07-01	21.4	21.945	21.375	21.69	6497467
BAX	2026-07-02	22.12	22.755	22.02	22.65	6542766
BAX	2026-07-06	22.78	22.83	22.155	22.58	4826239
BAX	2026-07-07	23	23.525	22.83	22.86	5989865
BAX	2026-07-08	22.49	22.645	21.854	21.98	6784127
BAX	2026-07-09	22.25	22.545	21.73	22.46	4065142
BAX	2026-07-10	22.64	22.715	22.35	22.62	3101932
BAX	2026-07-13	22.6	22.92	22.37	22.57	8509299
BAX	2026-07-14	21.93	21.93	21.16	21.8	5045981
BAX	2026-07-15	21.93	22.45	21.815	22.15	5021798
BAX	2026-07-16	22.5	23.375	22.18	23.35	6941202
BAX	2026-07-17	23.16	23.71	22.59	22.61	6545644
BAX	2026-07-20	22.46	22.52	21.94	22.07	4979732
BAX	2026-07-21	21.86	22.24	21.84	22.21	3961822
BAX	2026-07-22	22.53	22.5599	21.7	21.74	4511207
BAX	2026-07-23	21.56	21.78	21.4	21.67	4516608
BAX	2026-07-24	21.95	22.645	21.895	22.4	3642865
BAX	2026-07-27	22.68	23.395	22.6	23.34	5445124
BAX	2026-07-28	23.85	24.75	23.575	24.37	7095005
BAX	2026-07-29	24.4	24.925	24.28	24.77	9423639
BAX	2026-07-30	29.07	30	26.045	26.75	22666411
BAX	2026-07-31	26.92	27.145	26.025	26.16	8913467
BAX	2026-08-03	26.98	28.3	26.9	28.1	9876891
BAX	2026-08-04	27.74	28.375	27.48	28.35	9843891
BAX	2026-08-05	28.2	28.21	27.09	27.33	9272810
BAX	2026-08-06	27.41	27.95	26.815	27.01	6926085
BAX	2026-08-07	26.93	27.88	26.56	27.55	8131258
BAX	2026-08-10	27.12	27.97	26.78	27.78	8284988
BAX	2026-08-11	27.55	28.015	27.38	27.61	7575401
BAX	2026-08-12	27.2	27.4	26.64	26.95	6738384
BAX	2026-08-13	27.02	27.45	26.895	27.05	6711291
BAX	2026-08-14	27.01	27.16	26.595	26.73	4956213
BAX	2026-08-17	26.47	26.47	25.865	25.91	5849923
BAX	2026-08-18	26.08	26.335	25.75	25.94	6671573
BAX	2026-08-19	26.04	26.75	25.87	26.64	5053074
BAX	2026-08-20	25.9	26.78	25.9	26.41	3527227
BAX	2026-08-21	26.51	26.67	26.09	26.34	4359848
BAX	2026-08-24	26.37	26.61	26.065	26.49	4426550
BCAR	2026-05-01	10.24	10.25	10.215	10.22	317074
BCAR	2026-05-04	10.24	10.25	10.23	10.24	336234
BCAR	2026-05-05	10.24	10.55	10.24	10.45	2554255
BCAR	2026-05-06	10.65	10.75	10.64	10.71	2461795
BCAR	2026-05-07	10.72	10.78	10.53	10.71	1248667
BCAR	2026-05-08	10.68	10.78	10.655	10.67	276709
BCAR	2026-05-11	10.64	10.7	10.5497	10.55	711864
BCAR	2026-05-12	10.51	10.575	10.36	10.38	825877
BCAR	2026-05-13	10.36	10.41	10.36	10.38	305100
BCAR	2026-05-14	10.37	10.62	10.365	10.47	839185
BCAR	2026-05-15	10.5	10.89	10.4617	10.83	2236700
BCAR	2026-05-18	10.8	10.8	10.51	10.7	665410
BCAR	2026-05-19	10.61	10.75	10.55	10.67	462501
BCAR	2026-05-20	10.61	10.8401	10.56	10.72	485917
BCAR	2026-05-21	10.71	10.779	10.65	10.7	183447
BCAR	2026-05-22	10.65	10.81	10.64	10.66	337327
BCAR	2026-05-26	10.6	10.72	10.57	10.65	443036
BCAR	2026-05-27	10.69	10.73	10.6	10.65	354087
BCAR	2026-05-28	10.64	10.8	10.63	10.71	492514
BCAR	2026-05-29	10.85	11.09	10.83	10.97	1673160
BCAR	2026-06-01	10.97	11.1	10.73	10.99	1244993
BCAR	2026-06-02	11	11.005	10.81	10.99	444326
BCAR	2026-06-03	11	11.17	10.95	10.99	1080797
BCAR	2026-06-04	10.95	11.07	10.8	10.91	531708
BCAR	2026-06-05	10.92	10.93	10.51	10.64	1299644
BCAR	2026-06-08	10.6365	10.9301	10.5701	10.74	485564
BCAR	2026-06-09	10.75	10.76	10.5	10.6	648572
BCAR	2026-06-10	10.58	10.65	10.48	10.57	318319
BCAR	2026-06-11	10.6	10.65	10.5301	10.6	341269
BCAR	2026-06-12	10.56	10.72	10.5	10.6	248434
BCAR	2026-06-15	10.76	10.88	10.67	10.77	824513
BCAR	2026-06-16	10.78	10.86	10.64	10.66	256509
BCAR	2026-06-17	10.7367	10.74	10.61	10.65	156598
BCAR	2026-06-18	10.61	10.66	10.55	10.55	283523
BCAR	2026-06-22	10.62	10.63	10.55	10.58	231265
BCAR	2026-06-23	10.6	10.6	10.5348	10.58	165662
BCAR	2026-06-24	10.55	10.57	10.42	10.53	200329
BCAR	2026-06-25	10.5	10.53	10.35	10.4	812161
BCAR	2026-06-26	10.4	10.44	10.39	10.39	370386
BCAR	2026-06-29	10.42	10.4354	10.37	10.41	180833
BCAR	2026-06-30	10.41	10.49	10.4	10.43	428650
BCAR	2026-07-01	10.44	10.56	10.41	10.46	753563
BCAR	2026-07-02	10.48	10.61	10.47	10.51	882553
BCAR	2026-07-06	10.51	10.5201	10.45	10.47	235225
BCAR	2026-07-07	10.47	10.505	10.43	10.44	414893
BCAR	2026-07-08	10.42	10.44	10.395	10.41	336699
BCAR	2026-07-09	10.41	10.44	10.4	10.43	1276464
BCAR	2026-07-10	10.43	10.44	10.39	10.4	274702
BCAR	2026-07-13	10.39	10.42	10.39	10.39	364045
BCAR	2026-07-14	10.41	10.41	10.39	10.4	353307
BCAR	2026-07-15	10.38	10.39	10.35	10.39	2506112
BCAR	2026-07-16	10.38	10.396	10.355	10.37	1040713
BCAR	2026-07-17	10.35	10.37	10.35	10.36	518606
BCAR	2026-07-20	10.36	10.37	10.36	10.36	726832
BCAR	2026-07-21	10.37	10.37	10.36	10.36	704654
BCAR	2026-07-22	10.35	10.37	10.35	10.36	741922
BCAR	2026-07-23	10.36	10.37	10.35	10.36	1868305
BCAR	2026-07-24	10.35	10.37	10.1	10.35	1414748
BCAR	2026-07-27	10.1	10.175	7.51	7.79	333481
BCAR	2026-07-28	7.77	7.8568	5.63	5.66	284094
BCAR	2026-07-29	5.52	6.51	4.15	4.16	115954
BCAR	2026-07-30	4.5	5.32	4	4.87	202898
BCAR	2026-07-31	4.92	5.125	4.68	5.08	75092
BCAR	2026-08-03	5.07	5.07	4.175	4.57	127876
BCAR	2026-08-04	4.94	5.0604	4.285	4.5	242045
BCAR	2026-08-05	4.61	4.82	4.15	4.4	57488
BCAR	2026-08-06	4.54	4.87	4.4	4.75	42803
BCAR	2026-08-07	4.84	4.87	4.3	4.62	21205
BCAR	2026-08-10	4.87	6.74	4.55	5.04	525804
BCAR	2026-08-11	4.98	5.21	4.7	4.86	46099
BCAR	2026-08-12	5.05	5.5	4.82	5.5	200901
BCAR	2026-08-13	5.14	6.45	5.14	6.06	241360
BCAR	2026-08-14	6.09	6.24	5.64	5.83	80303
BCAR	2026-08-17	5.99	5.99	5.55	5.82	68155
BCAR	2026-08-18	5.52	5.75	5.14	5.33	53520
BCAR	2026-08-19	5.32	5.6	5.25	5.49	28751
BCAR	2026-08-20	5.6	5.7438	4.9	5.16	91722
BCAR	2026-08-21	5.33	5.71	5.29	5.67	91975
BCAR	2026-08-24	5.59	5.905	5.49	5.54	64490
BDC	2026-05-01	112.7	115.5	111.26	114.15	744189
BDC	2026-05-04	114.19	115.94	106.5	111.98	1061805
BDC	2026-05-05	113.06	113.9999	110.5	112.01	939966
BDC	2026-05-06	114.52	116.06	113.41	114.65	620319
BDC	2026-05-07	115.32	115.665	111.16	112.26	473866
BDC	2026-05-08	113.16	114.58	112.09	112.3	497033
BDC	2026-05-11	111.94	113.0164	109.4001	110.91	419677
BDC	2026-05-12	110.54	111.93	107.51	109.97	539147
BDC	2026-05-13	110.77	111.69	108.39	108.89	580946
BDC	2026-05-14	110.37	110.85	107.59	110.02	472186
BDC	2026-05-15	109.025	109.025	105.88	106.06	487371
BDC	2026-05-18	106.35	107.53	104.23	104.25	632193
BDC	2026-05-19	102.96	103.2	101	101.96	451109
BDC	2026-05-20	102.4	105.66	101.585	105.51	522560
BDC	2026-05-21	104.03	106.14	102.65	104.79	517469
BDC	2026-05-22	105.77	106.27	103.99	106.03	414937
BDC	2026-05-26	107.69	109.46	107.495	109.1	467446
BDC	2026-05-27	109.89	110.87	106.55	107.45	508476
BDC	2026-05-28	106.27	106.605	104.6	105.43	480068
BDC	2026-05-29	105.67	107.36	102.97	105.08	537801
BDC	2026-06-01	103.64	104.23	102.105	103.25	438913
BDC	2026-06-02	104.04	112.63	104.04	109.43	828816
BDC	2026-06-03	109.65	110.825	108.27	110.6	673648
BDC	2026-06-04	109.19	110.825	107.35	110.72	533843
BDC	2026-06-05	109.45	110.5499	105.41	106.22	675135
BDC	2026-06-08	107.44	109.99	106.32	108.15	689644
BDC	2026-06-09	110.07	113.39	105.85	110.15	561329
BDC	2026-06-10	109.24	111.88	105	105.83	432070
BDC	2026-06-11	106.84	112.21	106.71	112.12	545954
BDC	2026-06-12	113.13	117.5	112	115.04	435519
BDC	2026-06-15	118.49	119.65	114.37	114.77	506479
BDC	2026-06-16	116.6	118.7	115.81	118.42	628676
BDC	2026-06-17	119.38	122.855	118.3	120	640957
BDC	2026-06-18	122.93	128.475	122.75	123.26	935174
BDC	2026-06-22	123.48	124.98	121.2	121.65	425955
BDC	2026-06-23	119.31	119.9	117.21	118.44	480526
BDC	2026-06-24	118.5	121.355	117.08	118.49	632645
BDC	2026-06-25	120.5	125.225	120.09	121.32	551071
BDC	2026-06-26	121.18	122.39	117.19	119.52	1648275
BDC	2026-06-29	118.33	122.13	115.66	118.66	588558
BDC	2026-06-30	119.06	121.22	118.42	119.91	452752
BDC	2026-07-01	119.08	120.29	116.13	116.86	550416
BDC	2026-07-02	118.42	121.87	113.04	115.41	627228
BDC	2026-07-06	115.1	117.48	113.22	113.24	493376
BDC	2026-07-07	111.94	112.25	106.7	107.41	539602
BDC	2026-07-08	106.73	108.43	104.13	105.84	367480
BDC	2026-07-09	107.7	110.43	107.34	107.99	611084
BDC	2026-07-10	107.07	109.125	106.5	106.96	373981
BDC	2026-07-13	105.53	106.55	100.53	102.26	692769
BDC	2026-07-14	103.91	105.39	102.3	104.76	573026
BDC	2026-07-15	104.89	105.69	99.55	101.53	586639
BDC	2026-07-16	100	102.27	99.61	101.2	661615
BDC	2026-07-17	98.16	102.18	98	101.39	492990
BDC	2026-07-20	101.99	102.32	98.96	99.52	475217
BDC	2026-07-21	101.32	102.6	99.6	102.05	495740
BDC	2026-07-22	100.73	105.66	100.73	105.54	596575
BDC	2026-07-23	103.87	105.22	101.4175	103.03	544902
BDC	2026-07-24	103.35	104.37	102.134	102.76	422956
BDC	2026-07-27	103.6	106.01	102.89	105.82	635734
BDC	2026-07-28	104.92	106.07	102.75	104.93	449876
BDC	2026-07-29	103.15	105.13	99.94	102.03	602733
BDC	2026-07-30	111.76	118.71	109.88	117.11	948852
BDC	2026-07-31	120.21	125.6612	118.0775	124.05	743270
BDC	2026-08-03	124.32	126.555	122.13	122.73	473403
BDC	2026-08-04	124.89	129.06	124.29	127.43	584468
BDC	2026-08-05	126.75	129.48	125.71	128.18	412008
BDC	2026-08-06	126.83	132.075	126.83	129.19	357278
BDC	2026-08-07	130	133.72	128.62	132.82	503447
BDC	2026-08-10	133.1	135.5751	131.83	135.15	529934
BDC	2026-08-11	137.64	140.25	133.385	134.64	426201
BDC	2026-08-12	137.31	138.6599	135.32	138.03	326795
BDC	2026-08-13	138.04	139	136.36	137.16	366192
BDC	2026-08-14	137.21	137.845	135.21	135.9	230060
BDC	2026-08-17	136.01	139.266	135.0501	137.59	337882
BDC	2026-08-18	135.575	137.44	129.15	129.4	314362
BDC	2026-08-19	131.39	131.39	126.59	128.43	343138
BDC	2026-08-20	126.81	127.5399	123.81	123.89	306903
BDC	2026-08-21	125.28	125.28	121.685	122.46	364574
BDC	2026-08-24	121.74	121.74	116.0801	116.76	366307
BELFB	2026-05-01	277.98	291.77	274.055	283.6	229615
BELFB	2026-05-04	284.63	293.1	282.07	286.69	227559
BELFB	2026-05-05	292.35	303.9799	287.8025	297.17	132436
BELFB	2026-05-06	305.29	307	285	286.89	293639
BELFB	2026-05-07	290.88	291.625	279.5701	290.46	197845
BELFB	2026-05-08	294.52	301.865	291.32	297.98	154880
BELFB	2026-05-11	300.38	308.27	295.9	302.73	139013
BELFB	2026-05-12	297.81	302.83	290.52	298.22	301146
BELFB	2026-05-13	282.8	286.45	263.5	266.92	421733
BELFB	2026-05-14	268.62	271.96	260.265	268.73	1074487
BELFB	2026-05-15	260.03	264.77	254.095	256.72	590482
BELFB	2026-05-18	261.88	267.1958	252.52	258.28	593126
BELFB	2026-05-19	253.51	263.397	247.02	249.71	338537
BELFB	2026-05-20	254.77	259.115	249.9	254.75	211916
BELFB	2026-05-21	250.81	260.46	250.73	260.4	308492
BELFB	2026-05-22	260.81	270.86	254.8596	270.01	360617
BELFB	2026-05-26	277.29	282.2822	267.6	276.25	193825
BELFB	2026-05-27	279.88	282.2	269.7	280.13	271609
BELFB	2026-05-28	280.17	287.38	273.585	276.96	258742
BELFB	2026-05-29	277.05	278.9	263.08	274.52	342369
BELFB	2026-06-01	270.55	277.26	269	269.86	366176
BELFB	2026-06-02	270.27	278.8	266.26	269.22	250309
BELFB	2026-06-03	269.44	283.225	266.67	280.09	288326
BELFB	2026-06-04	275.89	280.36	269	276.54	187312
BELFB	2026-06-05	271.67	277.735	259.17	262.56	192354
BELFB	2026-06-08	269.43	280.01	265.32	279.13	352099
BELFB	2026-06-09	283.79	291.8	260.425	276.04	314860
BELFB	2026-06-10	279.69	290.29	273.54	276.95	331106
BELFB	2026-06-11	282	297.67	276.38	296.55	262320
BELFB	2026-06-12	297	304.39	292.6	293.87	196924
BELFB	2026-06-15	300.07	304.29	292.35	302.15	198083
BELFB	2026-06-16	302.86	305.1523	291.94	293.22	214736
BELFB	2026-06-17	295	306.155	289.89	299.84	230849
BELFB	2026-06-18	307.43	311.67	293.05	296.39	245241
BELFB	2026-06-22	301.12	305.1	296.39	304.33	237302
BELFB	2026-06-23	293.98	302.08	282.145	288.64	366836
BELFB	2026-06-24	290.61	301.13	284.33	294.15	323824
BELFB	2026-06-25	302.13	310.85	298.31	310.32	214724
BELFB	2026-06-26	308.04	314.65	295.36	310.64	926699
BELFB	2026-06-29	309.59	316.925	298.57	315.65	427703
BELFB	2026-06-30	312.24	335.285	310.11	333.04	522969
BELFB	2026-07-01	327.54	328.8	312.52	318.06	321822
BELFB	2026-07-02	317.98	317.98	265.33	266.94	494635
BELFB	2026-07-06	267.26	288.13	267.26	277.45	459419
BELFB	2026-07-07	270.06	277.26	248.28	251.53	431279
BELFB	2026-07-08	251.48	259.885	249.54	258.67	205526
BELFB	2026-07-09	267.32	274.94	265.1895	267.69	170006
BELFB	2026-07-10	266.46	274.02	265.44	272.58	226060
BELFB	2026-07-13	272.17	279.865	260.58	263.26	181829
BELFB	2026-07-14	272.81	280.94	269.21	279.39	340288
BELFB	2026-07-15	276.78	282	263.66	275	241447
BELFB	2026-07-16	269.69	271.89	260.945	266.8	412711
BELFB	2026-07-17	265.31	277.73	257.75	270.56	259223
BELFB	2026-07-20	274.44	278.1601	265.17	266.11	214846
BELFB	2026-07-21	275.37	284.19	269.5375	281.51	155593
BELFB	2026-07-22	275.12	286.675	275.12	282.06	256209
BELFB	2026-07-23	281.85	291.4299	280.45	285.92	141275
BELFB	2026-07-24	285.93	287.75	272.8	272.8	273515
BELFB	2026-07-27	274.19	279.4	249.66	270.26	276272
BELFB	2026-07-28	262.06	264.705	248.01	250.97	414794
BELFB	2026-07-29	250.14	253.32	235.76	242.43	417648
BELFB	2026-07-30	252.66	263.44	240	253.41	494312
BELFB	2026-07-31	269.19	283.6543	266.82	271.97	421512
BELFB	2026-08-03	267.69	275.4	259.66	274.83	304259
BELFB	2026-08-04	286	303.98	281.545	300.64	442999
BELFB	2026-08-05	300.06	306.32	293.72	294.01	276748
BELFB	2026-08-06	291.64	303.98	285.11	289.4	182769
BELFB	2026-08-07	291.06	297.6824	288.45	291.59	160858
BELFB	2026-08-10	293.42	300.718	283.72	284.21	162781
BELFB	2026-08-11	286.55	293.9399	286.55	290.1	102037
BELFB	2026-08-12	300	301.195	291.2	294.45	162380
BELFB	2026-08-13	296.04	296.65	284.87	286.01	174997
BELFB	2026-08-14	289.86	294.48	285.73	290.08	139496
BELFB	2026-08-17	294.43	302.0241	292.41	297.91	141813
BELFB	2026-08-18	288.01	292.46	271.76	275.97	164834
BELFB	2026-08-19	280.86	280.86	261	263.87	203462
BELFB	2026-08-20	261.95	266.5983	257.28	262.43	107805
BELFB	2026-08-21	265.97	265.97	254.5	255.46	144257
BELFB	2026-08-24	251.44	251.44	244.655	247.98	156079
BGDE	2026-05-01	4.53	5.31	4.53	4.66	145605
BGDE	2026-05-04	4.45	4.8	4.35	4.47	125860
BGDE	2026-05-05	4.6	4.9	4.45	4.7	104020
BGDE	2026-05-06	4.8	6.6105	4.7565	6.25	435837
BGDE	2026-05-07	6.3	7.16	6.25	6.79	148195
BGDE	2026-05-08	7.1	7.1	5.9	6.21	170914
BGDE	2026-05-11	6.21	6.42	5.7101	6.06	143082
BGDE	2026-05-12	5.9	6.24	5.665	6.22	152754
BGDE	2026-05-13	6.2	6.39	5.59	6	165975
BGDE	2026-05-14	6.1	6.9	5.86	6.3	131754
BGDE	2026-05-15	6.5	6.64	5.83	6.05	94620
BGDE	2026-05-18	6.27	6.3499	5.55	5.77	97448
BGDE	2026-05-19	5.8	5.8867	5.28	5.49	69942
BGDE	2026-05-20	5.48	5.76	5.21	5.31	54844
BGDE	2026-05-21	5.18	5.5	5.01	5.4	78470
BGDE	2026-05-22	5.34	6.22	5.34	5.9	80254
BGDE	2026-05-26	6.18	7.69	6.18	7.09	240742
BGDE	2026-05-27	7.14	7.375	6.59	6.66	84782
BGDE	2026-05-28	6.835	7.22	6.45	7.06	128141
BGDE	2026-05-29	7.57	7.57	6.9	7.23	65065
BGDE	2026-06-01	7.4	7.75	7	7.36	129572
BGDE	2026-06-02	7.14	7.4359	6.91	7.24	98266
BGDE	2026-06-03	7.04	8.01	6.81	7.93	101589
BGDE	2026-06-04	8.05	8.4	6.31	7.64	257970
BGDE	2026-06-05	7.69	7.81	6.72	7.11	191820
BGDE	2026-06-08	7.11	7.74	7	7.21	42826
BGDE	2026-06-09	7.22	7.69	6.55	6.87	64151
BGDE	2026-06-10	6.89	7.08	6.16	6.38	100525
BGDE	2026-06-11	7	7.49	6.7042	7.19	160648
BGDE	2026-06-12	7.3	7.7	6.92	7.4	121982
BGDE	2026-06-15	7.68	8.8688	7.5801	8.58	130100
BGDE	2026-06-16	8.65	9	8.1	8.34	78094
BGDE	2026-06-17	8.8	10.4899	8.75	9.7	317439
BGDE	2026-06-18	11.21	11.353	10.02	10.67	534073
BGDE	2026-06-22	10.75	11.675	10.51	11.5	247151
BGDE	2026-06-23	10.78	11.69	10.62	10.88	118391
BGDE	2026-06-24	10.98	11.14	9.22	9.69	155312
BGDE	2026-06-25	9.87	9.87	8.3003	8.97	188468
BGDE	2026-06-26	8.4	8.79	7.815	8.77	121987
BGDE	2026-06-29	8.8	9.4799	8.75	9.01	96911
BGDE	2026-06-30	9.11	9.225	8.37	8.92	68658
BGDE	2026-07-01	9.23	9.23	8	8.04	77904
BGDE	2026-07-02	8.33	8.9214	7.15	7.45	162751
BGDE	2026-07-06	9.16	9.34	8.11	8.15	203593
BGDE	2026-07-07	8.06	8.12	7.25	7.38	123094
BGDE	2026-07-08	7.2	7.35	7.0006	7.16	99516
BGDE	2026-07-09	7.6	8.4088	7.36	7.77	82991
BGDE	2026-07-10	7.88	8.23	7.25	7.43	47661
BGDE	2026-07-13	7.63	7.97	6.76	6.89	75290
BGDE	2026-07-14	6.85	6.93	5.91	6.7	83144
BGDE	2026-07-15	6.4	6.7	5.97	6.36	121667
BGDE	2026-07-16	6.08	6.16	5.2	5.26	186048
BGDE	2026-07-17	5	6.18	5	5.71	92787
BGDE	2026-07-20	5.64	6.14	5.5	5.7	86270
BGDE	2026-07-21	6	6.3465	5.745	5.96	65813
BGDE	2026-07-22	5.77	6.6499	5.74	6.06	141471
BGDE	2026-07-23	5.8	6.16	5.53	5.58	50149
BGDE	2026-07-24	5.52	5.78	5.2	5.39	77309
BGDE	2026-07-27	5.65	6	5.18	5.27	37040
BGDE	2026-07-28	5.14	5.3	4.9	5.02	48572
BGDE	2026-07-29	4.97	5.08	4.58	4.72	72242
BGDE	2026-07-30	4.8	6.16	4.8	5.64	91543
BGDE	2026-07-31	5.59	6.14	5.36	5.47	20016
BGDE	2026-08-03	5.7	6.2409	5.56	5.99	40869
BGDE	2026-08-04	5.99	6.5	5.95	6.13	36552
BGDE	2026-08-05	6.27	6.45	5.81	6.075	26509
BGDE	2026-08-06	6.12	6.3	5.65	5.65	33798
BGDE	2026-08-07	6.04	6.09	5.8	5.8	19375
BGDE	2026-08-10	5.93	6.04	5.63	5.63	31846
BGDE	2026-08-11	6.19	6.47	5.55	6	205365
BGDE	2026-08-12	5.7	6.68	5.64	6.4	134391
BGDE	2026-08-13	6.2	6.49	5.83	6.06	75965
BGDE	2026-08-14	5.93	7.2	5.845	6.83	151747
BGDE	2026-08-17	7.3	7.33	6.91	7	84646
BGDE	2026-08-18	7.3699	7.3699	6.57	6.57	59159
BGDE	2026-08-19	6.8	7.29	6.75	7.01	56860
BGDE	2026-08-20	7.08	7.235	6.9007	7.22	52313
BGDE	2026-08-21	7.42	7.97	7.23	7.44	85766
BGDE	2026-08-24	7.43	7.43	7.03	7.21	30241
BIYA	2026-05-01	16.2	18.6	14.4	14.4	161465
BIYA	2026-05-04	12.1	13.7	11.499	11.9	154410
BIYA	2026-05-05	17.1	18.7	12.6	13	3410329
BIYA	2026-05-06	14.75	15	11.101	11.8	221121
BIYA	2026-05-07	11.6	12.499	11.6	11.6	84009
BIYA	2026-05-08	11.4	11.454	10.1	10.4	65670
BIYA	2026-05-11	9.995	10	8.66	9.009	54806
BIYA	2026-05-12	9.096	9.099	7.8505	8.142	44667
BIYA	2026-05-13	8.412	8.412	7.764	8.099	32787
BIYA	2026-05-14	7.796	7.999	7.06	7.727	1308562
BIYA	2026-05-15	11.75	14	8.47	9.05	3215271
BIYA	2026-05-18	8.5	10	8.4	9.4	148749
BIYA	2026-05-19	8.78	9.31	7.8	7.9	113328
BIYA	2026-05-20	7.682	7.799	7.315	7.5	47042
BIYA	2026-05-21	7.519	7.95	6.101	6.175	151646
BIYA	2026-05-22	11.25	14.6	10.2	13	10154221
BIYA	2026-05-26	16.5	20	16.1	16.5	1646276
BIYA	2026-05-27	16.7	17.4	11.418	11.8	382093
BIYA	2026-05-28	11.7	12.7	9.9	10	185411
BIYA	2026-05-29	10.7	11	8.965	8.965	224833
BIYA	2026-06-01	9.1	9.789	8.78	9.201	63962
BIYA	2026-06-02	9.2	9.476	9	9.009	31090
BIYA	2026-06-03	9	9.3	8.8	9.2	31104
BIYA	2026-06-04	8.6	9.06	8.5	8.8	49753
BIYA	2026-06-05	8.541	8.6679	8.004	8.2	29093
BIYA	2026-06-08	8.2	9.343	7.599	8.082	121219
BIYA	2026-06-09	9.1	10	8.116	8.874	303737
BIYA	2026-06-10	9.2	16.755	8.661	12.1	3182063
BIYA	2026-06-11	11.8	12.3	8	10.1	236590
BIYA	2026-06-12	10.4	10.6	5.5	6.678	482008
BIYA	2026-06-15	7.312	7.4	5.999	6.09	186163
BIYA	2026-06-16	5.68	5.9872	4.75	5.2	246901
BIYA	2026-06-17	5.035	6.1	4.925	4.925	232675
BIYA	2026-06-18	4.8	4.879	3.9	4.127	233680
BIYA	2026-06-22	4.281	4.375	3.9	4.097	92103
BIYA	2026-06-23	3.9	4.2	3.77	4.097	95893
BIYA	2026-06-24	3.805	3.85	3.5	3.848	122383
BIYA	2026-06-25	3.717	4.4	3.531	3.996	95462
BIYA	2026-06-26	3.8	4.04	3.242	3.36	98371
BIYA	2026-06-29	3.4	3.588	2.751	2.82	152786
BIYA	2026-06-30	5.152	6.399	3.179	5.59	40588848
BIYA	2026-07-01	4.235	6.9	4.2	5.383	3736147
BIYA	2026-07-02	5.5	6.9	5.04	6.275	1349211
BIYA	2026-07-06	6.231	6.395	4.2	4.5	500012
BIYA	2026-07-07	4.28	4.398	3.942	4.13	97966
BIYA	2026-07-08	3.004	6.354	2.988	5.13	7817612
BIYA	2026-07-09	4.813	5.365	4.651	5.035	285393
BIYA	2026-07-10	4.796	4.842	4.2	4.55	157044
BIYA	2026-07-13	4.41	4.5	3.67	4.1	146506
BIYA	2026-07-14	3.91	4.197	3.24	3.5	102597
BIYA	2026-07-15	3.5	3.6799	3.1	3.32	84802
BIYA	2026-07-16	3.3	3.43	3.02	3.04	1959957
BIYA	2026-07-17	4.2	4.79	3.92	4.14	22837103
BIYA	2026-07-20	7.78	9.89	2.91	3.51	75181568
BIYA	2026-07-21	2.98	3.2869	2.76	3.09	1800767
BIYA	2026-07-22	3.04	4.1	2.95	2.99	2496554
BIYA	2026-07-23	3.01	3.2999	2.55	2.68	1332693
BIYA	2026-07-24	2.43	2.44	1.9104	1.93	2054890
BIYA	2026-07-27	2.935	4.9	2.72	4.17	84856791
BIYA	2026-07-28	5.5	6.82	4.03	6.44	30098916
BIYA	2026-07-29	5.36	6.1	4.9	5.83	2884478
BIYA	2026-07-30	5.49	5.59	3.61	3.61	2298769
BIYA	2026-07-31	3.82	4.4785	3.275	3.4	1197208
BIYA	2026-08-03	3.3	3.33	2.97	3.1	550397
BIYA	2026-08-04	2.86	3.04	2.76	2.84	537693
BIYA	2026-08-05	2.93	3.65	2.805	2.86	1529729
BIYA	2026-08-06	2.83	2.95	2.71	2.83	407094
BIYA	2026-08-07	2.66	2.79	2.62	2.78	342264
BIYA	2026-08-10	2.7	2.9	2.66	2.7	390392
BIYA	2026-08-11	2.71	2.75	2.62	2.7	484344
BIYA	2026-08-12	2.65	2.7	2.58	2.69	183249
BIYA	2026-08-13	2.6	2.68	2.6	2.67	108754
BIYA	2026-08-14	2.62	2.68	2.51	2.65	124647
BIYA	2026-08-17	2.6	2.6386	2.5	2.63	128343
BIYA	2026-08-18	2.55	2.575	2.5	2.5	107667
BIYA	2026-08-19	2.5	2.55	2.39	2.41	141525
BIYA	2026-08-20	2.4	2.44	2.3	2.41	66728
BIYA	2026-08-21	2.38	2.45	2.31	2.37	51983
BIYA	2026-08-24	2.34	2.5	2.32	2.4	67732
BLSH	2026-05-01	38	39.42	37.7801	39.32	880621
BLSH	2026-05-04	39.24	41.71	39.24	40.7	904498
BLSH	2026-05-05	41.77	48.93	41.53	45.34	3669425
BLSH	2026-05-06	44.73	45.1322	43.1106	44.31	980814
BLSH	2026-05-07	44.26	44.26	41.15	41.2	810542
BLSH	2026-05-08	41.5	43.66	40.083	43.66	1524394
BLSH	2026-05-11	42.92	45	41.55	44.03	1674906
BLSH	2026-05-12	42.5	43.46	41.2	42.8	697490
BLSH	2026-05-13	42.44	42.5	40.41	41.81	898452
BLSH	2026-05-14	37.3	42.1	36.49	39.46	3214900
BLSH	2026-05-15	38.96	38.96	35.5	35.66	2191214
BLSH	2026-05-18	35.89	36.345	34.43	35.56	1178972
BLSH	2026-05-19	35.24	37.4899	34.95	36.23	1656873
BLSH	2026-05-20	36.4	37.8	35.7	36.97	1206761
BLSH	2026-05-21	36.37	36.44	35.425	35.96	1465447
BLSH	2026-05-22	36.54	36.84	35.15	35.18	1453857
BLSH	2026-05-26	36	36.27	34.26	34.68	1423595
BLSH	2026-05-27	34.26	35.115	33.852476	34.32	1262163
BLSH	2026-05-28	33.85	36.07	33.22	35.82	1241555
BLSH	2026-05-29	35.66	36.58	34.53	34.91	1165600
BLSH	2026-06-01	33.82	34.085	31.93	32.12	2282748
BLSH	2026-06-02	31.45	31.46	30.24	30.54	1938899
BLSH	2026-06-03	30.03	30.03	28.1	28.1	1589359
BLSH	2026-06-04	28.33	30.2	28.06	29.66	2270800
BLSH	2026-06-05	29.07	29.17	26.9	26.96	3018964
BLSH	2026-06-08	27.5	28.46	26.81	27.21	1775934
BLSH	2026-06-09	27.09	27.66	26.06	26.9	1537183
BLSH	2026-06-10	26.5	27.75	26.02	26.1	1110702
BLSH	2026-06-11	26.07	27.74	26.01	27.5	1345873
BLSH	2026-06-12	27.29	27.68	26.56	27.21	968006
BLSH	2026-06-15	28.67	29.6982	28.47	28.6	1965972
BLSH	2026-06-16	28.37	28.51	25.67	25.96	2385047
BLSH	2026-06-17	26.01	26.505	23.75	23.86	2862909
BLSH	2026-06-18	24.05	24.9299	23.495	24.1	3172077
BLSH	2026-06-22	23.97	25.25	23.78	25.09	1808896
BLSH	2026-06-23	24.4	26	24.4	24.93	1252707
BLSH	2026-06-24	24.85	25.02	23.2	23.47	1448979
BLSH	2026-06-25	23.68	24.05	21.81	21.88	1906539
BLSH	2026-06-26	21.76	23.46	21.76	23.29	2230447
BLSH	2026-06-29	23.96	23.99	22.61	23.69	1895321
BLSH	2026-06-30	22.99	23.46	22.36	23.43	1532331
BLSH	2026-07-01	23.87	25.4599	23.58	25.23	2028152
BLSH	2026-07-02	26	27.215	25.46	25.57	1827206
BLSH	2026-07-06	25.41	27.02	24.8	26.57	1282984
BLSH	2026-07-07	26.77	27.1	25.67	25.77	904568
BLSH	2026-07-08	24.96	25.77	24.8	25.5	1061455
BLSH	2026-07-09	24.98	25.25	24.3701	24.8	878189
BLSH	2026-07-10	25.45	25.5	24.21	24.23	805908
BLSH	2026-07-13	24	24.8328	22.56	22.87	1145259
BLSH	2026-07-14	23.4	25.335	23.265	24.85	1452403
BLSH	2026-07-15	25.43	25.81	24.51	25.13	1009768
BLSH	2026-07-16	24.89	24.9	23.31	23.35	1152798
BLSH	2026-07-17	22.6	23.44	22.32	22.41	1228318
BLSH	2026-07-20	22.36	23.3	21.84	22.69	1213339
BLSH	2026-07-21	23.24	24.83	23.24	24.77	1343138
BLSH	2026-07-22	24.37	25.14	23.44	23.66	998756
BLSH	2026-07-23	23.23	24.7	23.07	24.24	1343822
BLSH	2026-07-24	24.38	24.8895	23.52	23.96	2197012
BLSH	2026-07-27	24.32	24.35	22.29	22.8	2463643
BLSH	2026-07-28	22.23	23.035	21.87	22.69	1681900
BLSH	2026-07-29	22.82	23.0794	21.73	21.84	1389564
BLSH	2026-07-30	21.9	22.71	21.73	22.59	1130019
BLSH	2026-07-31	22.07	22.21	20.55	21.79	3252969
BLSH	2026-08-03	21.52	23.27	21.35	22.93	1507826
BLSH	2026-08-04	23.06	23.85	22.64	23.8	892747
BLSH	2026-08-05	23.85	24.06	22.925	23.84	785675
BLSH	2026-08-06	23.47	23.75	23	23.04	638178
BLSH	2026-08-07	23.37	24	23.01	23.62	977674
BLSH	2026-08-10	24	24.66	23.43	24.54	927674
BLSH	2026-08-11	24.88	24.89	24.16	24.52	797572
BLSH	2026-08-12	24.79	25.01	24.01	24.63	1317280
BLSH	2026-08-13	25	28.24	25	27.48	3450430
BLSH	2026-08-14	27.41	27.42	24.255	24.39	3096989
BLSH	2026-08-17	24.34	25.59	24.28	24.96	2428365
BLSH	2026-08-18	24.49	25.27	23.96	24.62	1212163
BLSH	2026-08-19	24.9	28.33	24.9	26.92	2116038
BLSH	2026-08-20	29.2	29.3711	27.51	28.44	1778085
BLSH	2026-08-21	29.75	30.68	29.15	30.41	2388022
BLSH	2026-08-24	30.18	31.45	29.9	30.61	1650654
BLZE	2026-05-01	4.29	4.46	4.29	4.45	358475
BLZE	2026-05-04	4.43	4.75	4.43	4.64	2124267
BLZE	2026-05-05	7.43	8.42	7.12	7.59	36983336
BLZE	2026-05-06	7.76	8.16	6.94	7.4	5276980
BLZE	2026-05-07	7.38	7.66	7.26	7.5	2278319
BLZE	2026-05-08	7.61	7.85	7.2	7.48	2452082
BLZE	2026-05-11	7.13	7.45	6.995	7.15	1954305
BLZE	2026-05-12	7.165	7.24	6.695	7.03	1450545
BLZE	2026-05-13	7	7.49	6.725	7.37	1494087
BLZE	2026-05-14	7.26	7.57	7.05	7.27	1364523
BLZE	2026-05-15	7.125	7.125	6.87	7.03	1112737
BLZE	2026-05-18	6.99	7.75	6.91	7.41	1481737
BLZE	2026-05-19	7.35	7.59	7.1417	7.51	1166649
BLZE	2026-05-20	7.44	7.76	7.202	7.43	1885580
BLZE	2026-05-21	7.38	7.55	7.28	7.37	891669
BLZE	2026-05-22	7.39	7.73	7.29	7.67	1223621
BLZE	2026-05-26	7.67	7.945	7.47	7.77	1735311
BLZE	2026-05-27	7.72	7.78	7.37	7.64	1165573
BLZE	2026-05-28	7.64	7.77	7.61	7.65	1037049
BLZE	2026-05-29	7.74	8.44	7.64	8.28	2916629
BLZE	2026-06-01	8.24	9.25	8.11	9.11	2678458
BLZE	2026-06-02	8.81	9.455	8.66	8.9	1774255
BLZE	2026-06-03	8.76	8.8	7.775	7.95	1946194
BLZE	2026-06-04	7.9	8.415	7.8199	8.38	1358053
BLZE	2026-06-05	8.23	8.3197	7.67	7.76	1395391
BLZE	2026-06-08	7.91	7.96	7.525	7.6	893447
BLZE	2026-06-09	7.59	7.61	7.07	7.38	919497
BLZE	2026-06-10	7.23	7.63	7.16	7.4	675871
BLZE	2026-06-11	7.46	7.8	7.385	7.65	1567871
BLZE	2026-06-12	7.73	7.925	7.515	7.92	1186152
BLZE	2026-06-15	8.02	8.28	7.64	8.11	1859863
BLZE	2026-06-16	8.2	8.755	8.06	8.29	1231175
BLZE	2026-06-17	8.29	8.69	8.265	8.27	1418296
BLZE	2026-06-18	8.35	8.46	7.86	8.19	1174834
BLZE	2026-06-22	8.13	8.465	7.86	8.12	912302
BLZE	2026-06-23	10.31	11.845	9.62	11.66	35019080
BLZE	2026-06-24	11.88	12.62	10.52	11.97	12965554
BLZE	2026-06-25	12.035	14.625	11.92	13.42	12087736
BLZE	2026-06-26	12.925	14.655	12.8	14.56	8342402
BLZE	2026-06-29	14.62	15.65	14.37	14.97	5446920
BLZE	2026-06-30	14.8	16.05	14.53	15.86	4399310
BLZE	2026-07-01	15.59	16.59	15.55	16.36	2867773
BLZE	2026-07-02	16.065	16.3	15.41	15.62	3001377
BLZE	2026-07-06	15.375	16.31	15.179	15.3	2204634
BLZE	2026-07-07	15.09	16.6	14.5231	15.84	2965987
BLZE	2026-07-08	15.96	16.45	15.5501	16.42	1663235
BLZE	2026-07-09	16.3	17.94	16.24	17.83	3612937
BLZE	2026-07-10	17.72	18.249	17.35	17.6	2259135
BLZE	2026-07-13	17.7	17.7	15.91	16.19	2288964
BLZE	2026-07-14	16.4	17.249	16.2	16.55	1675355
BLZE	2026-07-15	16.57	16.98	14.89	14.98	2109827
BLZE	2026-07-16	14.93	15.33	13.691	13.73	2320907
BLZE	2026-07-17	13.145	13.69	12.6	13.22	3136620
BLZE	2026-07-20	13.17	13.65	13.11	13.16	1898162
BLZE	2026-07-21	13.33	14.0284	13.14	13.48	1639997
BLZE	2026-07-22	13.31	13.47	12.81	13.42	1613609
BLZE	2026-07-23	13.27	13.6312	12.34	12.76	1307440
BLZE	2026-07-24	12.76	12.99	11.525	11.61	2076818
BLZE	2026-07-27	11.78	12.55	11.69	12.31	1636407
BLZE	2026-07-28	12.03	12.12	10.98	12.07	2278052
BLZE	2026-07-29	12.22	12.38	11.275	11.38	1008762
BLZE	2026-07-30	11.76	12.78	11.73	12.63	1681637
BLZE	2026-07-31	13.47	14.71	13.4	13.72	2407484
BLZE	2026-08-03	13.76	15.69	13.4492	15.59	4260365
BLZE	2026-08-04	20.16	23.99	19.65	19.79	11791037
BLZE	2026-08-05	19.79	19.79	17.47	18.62	5561592
BLZE	2026-08-06	18.245	18.98	17.6	18.11	3010229
BLZE	2026-08-07	18.64	19	18.01	18.82	2164609
BLZE	2026-08-10	19.035	20.49	18.95	19.27	4772191
BLZE	2026-08-11	19.27	19.65	18.56	18.71	2658711
BLZE	2026-08-12	19	20.095	18.865	19.34	2129100
BLZE	2026-08-13	19.15	20.91	18.76	20.43	2416472
BLZE	2026-08-14	20.02	20.42	18.662	19.02	2203502
BLZE	2026-08-17	18.57	19.83	18.43	19.39	2235931
BLZE	2026-08-18	18.99	19.77	18.64	19.2	2082842
BLZE	2026-08-19	16.75	17.31	15.97	16.88	6674199
BLZE	2026-08-20	16.62	16.92	15.905	16.24	10111335
BLZE	2026-08-21	16.21	16.21	15.52	15.8	2625348
BLZE	2026-08-24	15.91	16.11	15.16	15.55	3459516
BNAI	2026-05-01	28.17	28.8599	26.715	26.85	281115
BNAI	2026-05-04	26.6	26.62	23.45	23.47	428597
BNAI	2026-05-05	23.26	23.28	21.2001	22.62	383449
BNAI	2026-05-06	21.87	25.045	21.49	23.62	463336
BNAI	2026-05-07	23.11	23.61	22.04	22.11	217495
BNAI	2026-05-08	22.1	23.5776	21.61	22.26	248921
BNAI	2026-05-11	24.22	25.26	21.83	23.56	698479
BNAI	2026-05-12	24.42	26.84	22.865	23.8	365841
BNAI	2026-05-13	23.61	24.87	22.63	24.87	224924
BNAI	2026-05-14	24.03	24.45	23.1092	23.16	150508
BNAI	2026-05-15	22.93	23.08	21	22.34	169519
BNAI	2026-05-18	22.675	22.675	20.0575	20.96	429635
BNAI	2026-05-19	20	20.83	19.33	19.9	215135
BNAI	2026-05-20	19.5	19.75	17.8	19.52	300170
BNAI	2026-05-21	18.87	19.99	18.7	19.21	166621
BNAI	2026-05-22	19.15	19.58	18.43	18.505	157780
BNAI	2026-05-26	18.07	20.1	16.3	19.54	338149
BNAI	2026-05-27	18.25	18.4299	15.5	15.54	343648
BNAI	2026-05-28	15	16.17	14.81	15.78	250041
BNAI	2026-05-29	15.63	16.76	14.58	14.84	223582
BNAI	2026-06-01	13.98	14.3999	13.22	13.95	273221
BNAI	2026-06-02	13.43	16.81	13.11	14.81	356819
BNAI	2026-06-03	14.28	15.48	13.63	13.75	194350
BNAI	2026-06-04	13.7	17.78	13.63	16.34	509148
BNAI	2026-06-05	16.31	30.8999	15.51	22.17	9261840
BNAI	2026-06-08	18.04	20.62	17.82	18.27	727629
BNAI	2026-06-09	21.76	23.09	18.5	19.18	2539009
BNAI	2026-06-10	19.36	21.4	18.6382	20.09	400249
BNAI	2026-06-11	20.09	22.45	19.6	21.22	459894
BNAI	2026-06-12	20.82	24.7	19.43	21.37	503738
BNAI	2026-06-15	20.95	21.13	17.8	19.18	377712
BNAI	2026-06-16	18.82	22.09	18.705	21.97	416461
BNAI	2026-06-17	22.5	23.79	19.9	20.35	384656
BNAI	2026-06-18	19.3	20.3	18.52	20.03	189211
BNAI	2026-06-22	19.15	20	18.62	19.53	191252
BNAI	2026-06-23	19	20.14	18.58	19.98	141421
BNAI	2026-06-24	19.72	20.72	18.81	18.81	235480
BNAI	2026-06-25	18.81	20	18.08	18.09	326127
BNAI	2026-06-26	17.77	18.9999	16.49	18.23	1095494
BNAI	2026-06-29	17.58	17.79	15.2	15.61	550264
BNAI	2026-06-30	16.22	17.53	15.08	17.11	417891
BNAI	2026-07-01	17	18.59	17	18.08	280686
BNAI	2026-07-02	17.53	18.77	16.98	17.19	282592
BNAI	2026-07-06	17.1	17.1	15.94	16.05	206414
BNAI	2026-07-07	15.68	15.925	14.3701	15.37	225823
BNAI	2026-07-08	14.61	15.41	14.61	15.165	120736
BNAI	2026-07-09	15.03	15.03	13.6	14.24	221173
BNAI	2026-07-10	13.84	14.6099	13.53	14.11	141736
BNAI	2026-07-13	13.98	14.2	12.54	12.6	224126
BNAI	2026-07-14	12.72	14.9899	12.655	13.72	272855
BNAI	2026-07-15	13.37	13.68	12.91	13.03	156624
BNAI	2026-07-16	13.03	13.64	11.89	12.08	196105
BNAI	2026-07-17	11.81	12.08	10.98	11.62	282608
BNAI	2026-07-20	11.27	11.57	10.535	10.87	200050
BNAI	2026-07-21	10.55	11.9367	10.55	11.11	197676
BNAI	2026-07-22	11.05	11.49	10.995	11.13	128564
BNAI	2026-07-23	11.11	11.11	10.45	10.68	113784
BNAI	2026-07-24	10.6	11.2	10.24	11.16	122102
BNAI	2026-07-27	11.92	13.08	11.61	12.13	294778
BNAI	2026-07-28	12.13	12.89	11.74	12.3	182629
BNAI	2026-07-29	11.98	12.36	10.97	11.62	119487
BNAI	2026-07-30	11.5	12.0845	11.5	11.95	107523
BNAI	2026-07-31	11.94	12.18	11.4	11.71	95373
BNAI	2026-08-03	11.53	12.41	11.53	12.15	101477
BNAI	2026-08-04	11.95	13.69	11.95	13.54	147233
BNAI	2026-08-05	13.54	14.35	13.11	13.16	112241
BNAI	2026-08-06	13.15	14.35	13.12	13.8	77977
BNAI	2026-08-07	13.9	14.61	13.9	14.07	80932
BNAI	2026-08-10	14.03	14.47	13.76	14.12	81318
BNAI	2026-08-11	14.04	15.38	13.97	15.25	102424
BNAI	2026-08-12	15.43	15.71	14.56	14.67	128820
BNAI	2026-08-13	14.97	16.4	14.82	16.15	116957
BNAI	2026-08-14	16.26	16.26	15.5	15.9	97613
BNAI	2026-08-17	15.89	16.8	14.8	16.05	146199
BNAI	2026-08-18	15.66	16.49	15.56	15.85	78540
BNAI	2026-08-19	15.79	16.33	15.5	16.01	70524
BNAI	2026-08-20	15.89	16.8799	14.01	15.24	181856
BNAI	2026-08-21	14.58	14.83	13.88	14.42	78581
BNAI	2026-08-24	13.86	14.32	13.52	13.52	73126
BNTX	2026-05-01	98.48	99.09	95.42	97.54	1071080
BNTX	2026-05-04	98.88	100.21	97.95	99.35	1044286
BNTX	2026-05-05	95.77	98.57	95.02	95.5	1490010
BNTX	2026-05-06	91.75	96.045	90.79	95.26	1030258
BNTX	2026-05-07	95.755	97.7303	92.11	93.02	1115294
BNTX	2026-05-08	93.38	95.9899	92.5	94.125	1023152
BNTX	2026-05-11	96.2	96.8	92.53	93.34	646186
BNTX	2026-05-12	93.34	94.47	92.12	93.66	378863
BNTX	2026-05-13	93.2	93.47	91.25	92.23	873952
BNTX	2026-05-14	92	92.86	90.88	91.99	638987
BNTX	2026-05-15	90.3	91.12	88.5467	89.55	1036738
BNTX	2026-05-18	89.02	89.29	87.805	88.85	982948
BNTX	2026-05-19	88.85	89.14	87.53	87.79	774522
BNTX	2026-05-20	87.93	91.12	87.93	90.36	846634
BNTX	2026-05-21	89.97	91.99	89.79	90.93	928680
BNTX	2026-05-22	92.54	93.48	91.67	92.14	663847
BNTX	2026-05-26	91.83	93.29	90.92	92.25	587490
BNTX	2026-05-27	94.19	95.839	92.72	93	1484991
BNTX	2026-05-28	92.69	94.38	91.07	93.44	914482
BNTX	2026-05-29	94.17	97.44	94.03	95.95	1496169
BNTX	2026-06-01	97	97.44	91.26	91.7	1296073
BNTX	2026-06-02	90.08	90.23	88.1	89.14	966890
BNTX	2026-06-03	88.49	88.81	87.95	88.45	659328
BNTX	2026-06-04	88.96	91.085	88.9137	89.59	860971
BNTX	2026-06-05	89.51	89.95	87.75	88.08	837012
BNTX	2026-06-08	87.75	87.84	85.37	85.5	1119249
BNTX	2026-06-09	86.64	87.05	84.955	86.5	1172179
BNTX	2026-06-10	85.7	87.3	85.087	86.15	1212567
BNTX	2026-06-11	86.29	90.01	86.14	89.54	2682168
BNTX	2026-06-12	89.1	90.68	88.58	90.54	1130639
BNTX	2026-06-15	91.11	92.21	90.58	90.8	824293
BNTX	2026-06-16	90.73	91.1	89.34	89.5	818933
BNTX	2026-06-17	89.99	93.15	89.92	92.22	901196
BNTX	2026-06-18	92.16	93.25	90.12	90.89	938459
BNTX	2026-06-22	89.885	91.9	89.71	90.19	887454
BNTX	2026-06-23	90.385	91.71	90.14	90.62	552876
BNTX	2026-06-24	90.3	91.1114	89.33	90.21	1440617
BNTX	2026-06-25	90.21	90.99	89.42	90	701956
BNTX	2026-06-26	88.85	91.35	88.825	91.22	873542
BNTX	2026-06-29	91.55	94.37	91.27	94.26	928718
BNTX	2026-06-30	94.35	95.08	92.96	93.05	559788
BNTX	2026-07-01	93.29	94	92.56	93.92	545159
BNTX	2026-07-02	94.49	98.81	94.49	97.545	1390451
BNTX	2026-07-06	95.225	95.89	93.83	93.93	776997
BNTX	2026-07-07	94.41	95.06	93.35	94.29	885197
BNTX	2026-07-08	93.03	93.8825	92.26	93.53	685584
BNTX	2026-07-09	93.47	94.625	92.36	92.98	814457
BNTX	2026-07-10	93.44	93.44	91.02	91.49	550248
BNTX	2026-07-13	91.26	91.98	89.66	90.07	671436
BNTX	2026-07-14	90.09	91.2	88.35	90.4	910640
BNTX	2026-07-15	90.09	92.23	89.69	91.99	761731
BNTX	2026-07-16	91.96	92.7566	90.835	91.56	669658
BNTX	2026-07-17	91.38	92.1	90.96	91.48	1131033
BNTX	2026-07-20	91.79	92.9	90.595	92.16	687494
BNTX	2026-07-21	92.29	93.9	91.81	92.33	676583
BNTX	2026-07-22	92.33	93.15	91.61	91.83	508116
BNTX	2026-07-23	90.79	92.4	90.49	92.06	519295
BNTX	2026-07-24	92	92.19	88.92	89.33	886008
BNTX	2026-07-27	89.48	92.105	88.5	91.09	686541
BNTX	2026-07-28	91.775	92.71	90.84	92.45	664415
BNTX	2026-07-29	92.3	94.375	91.93	92.95	739945
BNTX	2026-07-30	92.12	93.15	92.0001	92.85	1381266
BNTX	2026-07-31	93.04	93.04	90.45	90.58	710904
BNTX	2026-08-03	91.01	94.41	89.5	92.25	1119395
BNTX	2026-08-04	88.98	93.75	88.2	91.35	1999840
BNTX	2026-08-05	91.42	92.96	90.4	92.18	1700671
BNTX	2026-08-06	92.5	92.65	89.7	91.19	1349828
BNTX	2026-08-07	91.9	94.27	91.57	93.67	1427401
BNTX	2026-08-10	94.1	94.25	92.595	92.8	731095
BNTX	2026-08-11	92.84	93.23	92.035	92.8	705901
BNTX	2026-08-12	92.26	93.8	92	92.74	476343
BNTX	2026-08-13	92.89	93.2	91.69	92.12	987901
BNTX	2026-08-14	91.73	93.24	90.52	93.09	649514
BNTX	2026-08-17	93.22	93.76	91.23	91.6	443514
BNTX	2026-08-18	91.49	93.025	91.01	92.75	921567
BNTX	2026-08-19	109.29	116	107.18	113.12	8692014
BNTX	2026-08-20	109.06	112.39	106.38	110.89	3514024
BNTX	2026-08-21	110.92	120.33	110.89	116.57	2956964
BNTX	2026-08-24	114.03	114.195	110.517	112.82	1831636
BTDR	2026-05-01	11.49	12.1207	11.31	11.84	4678901
BTDR	2026-05-04	12.1	12.4299	11.95	12.16	4918251
BTDR	2026-05-05	12.29	12.515	12.12	12.48	5016439
BTDR	2026-05-06	12.97	15.11	12.95	15.1	14273510
BTDR	2026-05-07	14.72	14.9	13.34	13.84	6620541
BTDR	2026-05-08	13.935	13.95	12.9701	13.47	5889318
BTDR	2026-05-11	13.37	13.67	12.875	13.17	6676038
BTDR	2026-05-12	13.05	13.16	12.28	12.83	6625596
BTDR	2026-05-13	12.66	13.39	12.48	13.22	6701573
BTDR	2026-05-14	13.33	14.87	12.64	14.75	12364970
BTDR	2026-05-15	14.33	14.4	12.95	13.35	7981160
BTDR	2026-05-18	13.56	13.58	12.34	13.15	8002428
BTDR	2026-05-19	12.895	13.04	12.2	12.83	9879469
BTDR	2026-05-20	12.97	13.75	12.83	13.28	7031785
BTDR	2026-05-21	13.36	14.99	13.3	14.92	9273857
BTDR	2026-05-22	14.86	15.27	14.36	14.65	7825782
BTDR	2026-05-26	14.955	15.23	14.37	15.11	11825230
BTDR	2026-05-27	15.1	15.9297	14.32	15.54	18169984
BTDR	2026-05-28	15.07	18.46	14.7001	18.38	21452799
BTDR	2026-05-29	18.08	18.21	17.04	17.49	11307381
BTDR	2026-06-01	17	18.955	16.6	18.51	11219163
BTDR	2026-06-02	18.2	19.09	18.06	18.76	11441793
BTDR	2026-06-03	18.67	20.72	18.225	19.71	14074078
BTDR	2026-06-04	18.935	20.11	18.555	19.63	16770723
BTDR	2026-06-05	18.7	18.92	16.76	17.47	15636118
BTDR	2026-06-08	17.76	18.785	17.66	18.49	14928457
BTDR	2026-06-09	18.54	19.225	16.65	17.41	10298443
BTDR	2026-06-10	17.21	17.8	15.97	16.1	10639616
BTDR	2026-06-11	16.1	17.925	16	17.65	11395822
BTDR	2026-06-12	17.4	17.92	17.05	17.83	8326037
BTDR	2026-06-15	18.99	19.38	18.14	18.32	7277734
BTDR	2026-06-16	18.19	19.1599	18.05	18.25	5532083
BTDR	2026-06-17	18.24	19.045	17.74	17.92	11239974
BTDR	2026-06-18	18.215	18.42	17.49	17.93	8560054
BTDR	2026-06-22	18.06	19.32	17.3	17.43	11818783
BTDR	2026-06-23	16.47	18.415	16.19	17.23	8594982
BTDR	2026-06-24	18.17	18.65	16.085	17.52	10660308
BTDR	2026-06-25	17.81	17.9	15.475	16.39	8792409
BTDR	2026-06-26	16	17.54	15.91	17.15	13338543
BTDR	2026-06-29	17.9	17.9	15.12	15.86	13329814
BTDR	2026-06-30	15.71	15.92	15.185	15.87	7835815
BTDR	2026-07-01	15.44	15.985	14.56	15.44	10166609
BTDR	2026-07-02	15.51	15.8452	13.48	13.85	14484177
BTDR	2026-07-06	14.3	15.58	14.121	14.25	8835009
BTDR	2026-07-07	14.03	14.07	12.75	12.875	7386787
BTDR	2026-07-08	12.63	13.41	11.95	12.56	11307317
BTDR	2026-07-09	12.96	14.625	12.91	14.33	11842016
BTDR	2026-07-10	14.53	14.78	13.17	13.29	9158335
BTDR	2026-07-13	12.83	13.24	12.06	12.13	7729876
BTDR	2026-07-14	12.49	12.78	12.05	12.36	6229386
BTDR	2026-07-15	12.54	12.99	12.285	12.57	6090989
BTDR	2026-07-16	12.25	12.36	10.96	11.235	7450540
BTDR	2026-07-17	10.76	11.06	10.28	10.74	6650385
BTDR	2026-07-20	11	11.61	11	11.37	6541235
BTDR	2026-07-21	11.65	12.8199	11.65	12.48	8071670
BTDR	2026-07-22	12.07	12.835	12.03	12.26	4131822
BTDR	2026-07-23	11.975	12.97	11.92	12.17	6694538
BTDR	2026-07-24	11.98	12.31	11.33	11.56	5598711
BTDR	2026-07-27	11.56	11.71	10.7	11.35	7460970
BTDR	2026-07-28	10.9	10.91	10.02	10.28	13287864
BTDR	2026-07-29	10.2	10.37	8.78	8.9	20502643
BTDR	2026-07-30	9.64	11.42	9.64	11.1	15306816
BTDR	2026-07-31	11.52	11.7684	10.465	10.52	12151401
BTDR	2026-08-03	10.28	11.465	10.03	11.37	9398787
BTDR	2026-08-04	12.785	12.93	11.25	11.38	26682316
BTDR	2026-08-05	11.75	12.25	11.04	11.06	11575631
BTDR	2026-08-06	10.415	11	10.38	10.52	9176948
BTDR	2026-08-07	11.025	11.04	10.19	10.88	9184931
BTDR	2026-08-10	11.123	11.36	8.68	8.695	31504351
BTDR	2026-08-11	9.2	9.35	8.44	8.69	18479685
BTDR	2026-08-12	9.28	9.56	8.91	9.02	14554555
BTDR	2026-08-13	9.04	9.35	8.65	8.76	11236056
BTDR	2026-08-14	8.84	9.1907	8.66	9.13	15370806
BTDR	2026-08-17	9.575	9.7	9.09	9.39	14948716
BTDR	2026-08-18	9.03	9.21	8.645	9	20624207
BTDR	2026-08-19	8.99	10.0881	8.522	9.63	18791763
BTDR	2026-08-20	10.23	11.27	10.1326	10.43	21360090
BTDR	2026-08-21	11.095	11.79	10.5703	11.37	27956445
BTDR	2026-08-24	11.48	11.74	10.8101	10.91	12825748
BUUU	2026-05-01	16.5235	19	16.5235	18	3983
BUUU	2026-05-04	18	18.5	17.5201	18.01	4380
BUUU	2026-05-05	18.81	19	18	18.17	9900
BUUU	2026-05-06	19.91	24.8	17.8072	22.8	285998
BUUU	2026-05-07	19	20.01	18	18.38	43934
BUUU	2026-05-08	20.77	20.77	15.38	17.1	17174
BUUU	2026-05-11	16.1	20	16.04	17.6	15871
BUUU	2026-05-12	17.19	25.99	17.19	20.26	46776
BUUU	2026-05-13	19.64	23.35	18.1	20.43	21911
BUUU	2026-05-14	23.27	23.27	20.58	20.82	11674
BUUU	2026-05-15	20.82	21.93	20.82	21	9117
BUUU	2026-05-18	20.22	20.2647	20.03	20.12	8189
BUUU	2026-05-19	20.18	20.97	19.65	20.1	4923
BUUU	2026-05-20	20.1	20.1	18	18.74	28084
BUUU	2026-05-21	19	19.5	16.2	16.85	40609
BUUU	2026-05-22	18.05	18.05	15.2501	15.85	31414
BUUU	2026-05-26	15.71	19.78	15.71	16.15	13277
BUUU	2026-05-27	15.8	16.3	15.5	16.24	10869
BUUU	2026-05-28	16.33	17.0518	16.33	16.8376	9911
BUUU	2026-05-29	17.03	26	16	19.19	60399
BUUU	2026-06-01	21.5	21.5	19.01	19.37	19134
BUUU	2026-06-02	19.7	19.75	18.5	18.5	12289
BUUU	2026-06-03	17.9	20	17.8	18.06	16866
BUUU	2026-06-04	17.705	17.8	16.04	16.39	17336
BUUU	2026-06-08	16	16.5	15.55	15.55	10662
BUUU	2026-06-09	16.49	16.5	15.89	16.15	41467
BUUU	2026-06-10	16.25	16.515	16.17	16.31	13111
BUUU	2026-06-11	16.21	17.435	16.21	16.84	37770
BUUU	2026-06-12	18	19	17.81	17.81	15707
BUUU	2026-06-15	18.5	19	18.35	18.88	21165
BUUU	2026-06-16	18.32	18.68	17.2	17.925	19224
BUUU	2026-06-17	18.09	19.1	18.03	18.16	228268
BUUU	2026-06-18	18.3	18.6	18	18.6	23444
BUUU	2026-06-22	19	20.94	19	20.65	27448
BUUU	2026-06-23	19.72	20.88	19.5	20.88	31299
BUUU	2026-06-24	20.52	26.4999	20.21	23.03	70088
BUUU	2026-06-25	24.21	27	20.05	20.72	24436
BUUU	2026-06-26	21.4	22.02	20.88	21.01	30052
BUUU	2026-06-29	20.71	21.66	20.66	20.66	4087
BUUU	2026-06-30	21.19	24.94	21.19	23.02	57623
BUUU	2026-07-01	24.05	24.05	21.59	21.59	13807
BUUU	2026-07-02	21.19	27.45	21.19	21.8	53961
BUUU	2026-07-06	21.57	23.01	20.45	21.47	103071
BUUU	2026-07-07	22	22	20.3	21.11	28862
BUUU	2026-07-08	21.09	22.11	20.49	21.28	93182
BUUU	2026-07-09	20.77	22.76	18	18.28	55129
BUUU	2026-07-10	18.9	19.6	17.6006	18.7	10010
BUUU	2026-07-13	18.51	18.51	16.05	17.61	35959
BUUU	2026-07-14	18.76	19.1	18.61	19.1	16688
BUUU	2026-07-15	20.53	23.4	19.35	19.86	99574
BUUU	2026-07-16	19.14	23.4	19.14	21.69	46016
BUUU	2026-07-17	22.49	23.08	21.69	21.91	33101
BUUU	2026-07-20	22.52	23.31	21.51	21.9	36949
BUUU	2026-07-21	20.54	23.01	19	20.25	172412
BUUU	2026-07-22	19.52	20.93	19.52	20.36	13889
BUUU	2026-07-23	22.315	23.6	19.92	21.97	34741
BUUU	2026-07-24	20.99	22.8	19.92	20	178409
BUUU	2026-07-27	21.27	23	20.97	22.9855	43670
BUUU	2026-07-28	22.97	25.5	22.97	24.86	55722
BUUU	2026-07-29	24.49	26.01	22.99	22.99	118640
BUUU	2026-07-30	23.16	23.16	20.525	21.65	120240
BUUU	2026-07-31	22.18	22.69	22.18	22.57	23387
BUUU	2026-08-03	22.57	23.8799	21.3	21.9	112225
BUUU	2026-08-04	22.19	23.98	22	23.98	39518
BUUU	2026-08-05	22.49	26.97	22.49	25.96	42812
BUUU	2026-08-06	24.48	26.05	22.54	26.05	42066
BUUU	2026-08-07	26.98	27.9	25.6	26.49	18634
BUUU	2026-08-10	28.5	32.97	26.49	27.745	216875
BUUU	2026-08-11	27.99	29.25	27	28.83	91637
BUUU	2026-08-12	27.96	32	27.96	30.85	151499
BUUU	2026-08-13	30.095	30.095	27.6001	28.02	121124
BUUU	2026-08-14	28.15	31.245	28.07	29.44	117695
BUUU	2026-08-17	29.49	38.9	25	27.55	119849
BUUU	2026-08-18	27.25	31.04	27.25	28.96	42636
BUUU	2026-08-19	30.41	30.75	28.32	28.4	26296
BUUU	2026-08-20	28.59	32.92	28.435	31	17792
BUUU	2026-08-21	31.98	33.5	29.62	30.75	51484
BUUU	2026-08-24	30.49	32.55	28.01	28.97	34270
BVS	2026-05-01	9.85	10.215	9.81	10.11	404257
BVS	2026-05-04	10.04	10.37	9.995	10.17	341912
BVS	2026-05-05	10.18	10.73	10.12	10.68	507668
BVS	2026-05-06	10.405	11.1995	9.69	10.92	1088279
BVS	2026-05-07	10.92	11.2493	10.63	10.65	887135
BVS	2026-05-08	10.93	10.93	10.33	10.5	360540
BVS	2026-05-11	10.52	10.825	10.165	10.19	450624
BVS	2026-05-12	10.578	10.578	9.95	10.14	425448
BVS	2026-05-13	10.15	10.5	10.08	10.4	379733
BVS	2026-05-14	10.44	10.69	10.32	10.61	401315
BVS	2026-05-15	10.47	10.77	10.34	10.58	710390
BVS	2026-05-18	10.58	10.87	10.42	10.63	425475
BVS	2026-05-19	10.362	10.8	10.362	10.66	475794
BVS	2026-05-20	10.66	11	10.575	10.94	389217
BVS	2026-05-21	10.82	10.82	9.46	9.495	1505657
BVS	2026-05-22	9.69	9.76	9.185	9.28	734870
BVS	2026-05-26	9.33	9.575	8.9	9.02	781417
BVS	2026-05-27	9.05	9.1584	8.39	8.9	1057068
BVS	2026-05-28	8.79	8.9	8.46	8.87	506096
BVS	2026-05-29	8.86	8.9	8.51	8.51	711118
BVS	2026-06-01	8.52	8.52	7.91	7.93	865604
BVS	2026-06-02	7.93	8.145	7.81	8.11	1126074
BVS	2026-06-03	8.13	8.62	8.1	8.55	1362262
BVS	2026-06-04	8.502	9.11	8.502	8.7	836175
BVS	2026-06-05	8.85	9.21	8.805	9.04	697371
BVS	2026-06-08	9.03	9.19	8.94	8.95	484869
BVS	2026-06-09	8.98	9.3	8.98	9.2	488892
BVS	2026-06-10	9.18	9.385	9.035	9.05	400695
BVS	2026-06-11	9.08	9.13	8.66	8.68	592839
BVS	2026-06-12	8.75	8.75	8.485	8.51	461854
BVS	2026-06-15	8.54	8.68	8.45	8.6	631919
BVS	2026-06-16	8.72	8.815	8.58	8.72	370374
BVS	2026-06-17	8.7	8.81	8.39	8.54	366796
BVS	2026-06-18	8.61	8.86	8.61	8.71	1060181
BVS	2026-06-22	8.7	9.03	8.63	8.79	575061
BVS	2026-06-23	8.86	9.305	8.78	9.29	484315
BVS	2026-06-24	9.35	9.75	9.35	9.5	603971
BVS	2026-06-25	9.48	9.765	9.455	9.73	593223
BVS	2026-06-26	9.64	9.88	9.4171	9.78	1435042
BVS	2026-06-29	9.8	9.905	9.44	9.78	582718
BVS	2026-06-30	9.75	9.9	9.28	9.44	728326
BVS	2026-07-01	9.58	10	9.58	9.85	674878
BVS	2026-07-02	9.968	10.4886	9.88	10.48	699382
BVS	2026-07-06	10.55	11.965	10.49	11.78	1535378
BVS	2026-07-07	11.83	11.8953	11.405	11.49	1109572
BVS	2026-07-08	11.3	12.23	11.15	12.11	860456
BVS	2026-07-09	12.13	12.3	11.68	12.22	692557
BVS	2026-07-10	12.06	12.08	11.58	11.88	634018
BVS	2026-07-13	11.86	12.26	11.79	12.07	657382
BVS	2026-07-14	11.89	11.89	11.37	11.56	517846
BVS	2026-07-15	11.57	12.02	11.49	11.97	398476
BVS	2026-07-16	12.04	12.53	11.93	12.43	636884
BVS	2026-07-17	12.37	12.49	11.9502	12.06	609583
BVS	2026-07-20	12.01	12.01	11.38	11.58	824795
BVS	2026-07-21	11.402	11.92	11.35	11.88	447326
BVS	2026-07-22	11.79	11.9798	11.61	11.63	566068
BVS	2026-07-23	11.53	11.78	11.4	11.48	391228
BVS	2026-07-24	11.67	11.91	11.6	11.8	472857
BVS	2026-07-27	12.15	12.49	11.9	12.45	822783
BVS	2026-07-28	12.54	13.3	12.54	13.21	955853
BVS	2026-07-29	13.03	13.55	12.93	13.12	808114
BVS	2026-07-30	13.13	13.345	12.9474	13.18	601001
BVS	2026-07-31	13.15	13.25	12.425	13.17	773912
BVS	2026-08-03	13.36	14	13.36	13.47	1130767
BVS	2026-08-04	13.29	13.59	13	13.42	946989
BVS	2026-08-05	12.69	15.8927	12.68	15.26	2528429
BVS	2026-08-06	15.01	15.02	13.72	13.98	1521878
BVS	2026-08-07	13.99	14.29	13.72	14.125	939431
BVS	2026-08-10	13.89	13.99	13.44	13.96	917009
BVS	2026-08-11	13.81	13.98	13.75	13.85	538013
BVS	2026-08-12	13.78	14.015	13.485	13.915	536492
BVS	2026-08-13	14.02	14.03	13.73	13.89	632602
BVS	2026-08-14	13.76	14.39	13.71	14.26	505456
BVS	2026-08-17	14.53	14.53	13.64	13.88	715263
BVS	2026-08-18	13.98	14.57	13.8713	14.3	600954
BVS	2026-08-19	14.35	14.92	14.35	14.68	466307
BVS	2026-08-20	14.58	14.75	14.2	14.33	616120
BVS	2026-08-21	14.33	14.41	14.2	14.38	748055
BVS	2026-08-24	14.42	14.55	13.93	14.02	669490
BWMN	2026-05-01	31.7	33.06	31.65	32.76	133321
BWMN	2026-05-04	32.76	33.125	31.88	32.47	76804
BWMN	2026-05-05	32.57	34.03	32.57	34	140396
BWMN	2026-05-06	34.43	35.84	32.205	35.8	222537
BWMN	2026-05-07	36.12	37.52	34.19	34.75	132382
BWMN	2026-05-08	35.24	35.95	34.51	34.77	213922
BWMN	2026-05-11	34.52	35.35	34.05	34.07	151075
BWMN	2026-05-12	33.88	33.88	32.98	33.36	125893
BWMN	2026-05-13	33.06	33.47	31.96	32.75	137648
BWMN	2026-05-14	32.87	33.61	32.31	32.88	163623
BWMN	2026-05-15	32.28	32.28	31	31.16	114509
BWMN	2026-05-18	31.3	31.82	31.19	31.54	128854
BWMN	2026-05-19	31.03	31.25	30.41	30.65	109535
BWMN	2026-05-20	30.68	31.27	30.49	30.97	145104
BWMN	2026-05-21	30.55	31.32	30.33	31.08	96351
BWMN	2026-05-22	31.12	32	31.03	31.73	99782
BWMN	2026-05-26	32	32.76	31.935	32.61	130011
BWMN	2026-05-27	32.93	33.78	32.72	32.86	106076
BWMN	2026-05-28	32.81	33.11	31.9301	32.79	80944
BWMN	2026-05-29	32.71	32.82	31.36	31.53	137387
BWMN	2026-06-01	31.09	32.05	31	31.76	83183
BWMN	2026-06-02	32.01	32.55	31.65	32.52	107423
BWMN	2026-06-03	32.51	32.69	31.59	31.74	106122
BWMN	2026-06-04	32.08	32.93	31.96	32.72	104126
BWMN	2026-06-05	32.72	32.72	32.17	32.44	64893
BWMN	2026-06-08	32.82	33.25	32.23	32.35	91693
BWMN	2026-06-09	32.74	33.35	31.5	32.24	113505
BWMN	2026-06-10	32.44	32.44	30.59	30.63	100365
BWMN	2026-06-11	30.87	31.73	30.265	31.52	110142
BWMN	2026-06-12	31.81	32	31	31.07	70009
BWMN	2026-06-15	31.47	32.19	31.085	31.58	92360
BWMN	2026-06-16	31.58	32.05	31.06	31.34	105050
BWMN	2026-06-17	31.3	31.722	30.32	30.45	121349
BWMN	2026-06-18	31.17	31.23	29.8301	30.18	268390
BWMN	2026-06-22	30.15	30.79	29.43	29.65	103650
BWMN	2026-06-23	29.26	29.65	28.66	29.36	218525
BWMN	2026-06-24	29.75	29.86	28.775	29.05	195406
BWMN	2026-06-25	28.98	29.48	28.23	29.24	230653
BWMN	2026-06-26	29.14	29.99	28.9	29.92	437145
BWMN	2026-06-29	29.92	30	29.16	29.6	154930
BWMN	2026-06-30	29.48	30	28.96	29.2	127488
BWMN	2026-07-01	29.06	29.17	28.41	28.66	137106
BWMN	2026-07-02	28.87	29.92	28.525	28.685	174720
BWMN	2026-07-06	28.76	29.7127	28.69	29.44	74465
BWMN	2026-07-07	29.44	29.56	28.1	28.37	74270
BWMN	2026-07-08	28.11	28.48	27.63	28.11	89313
BWMN	2026-07-09	28.21	28.41	27.68	27.91	104524
BWMN	2026-07-10	27.97	29.49	27.65	27.92	101915
BWMN	2026-07-13	27.83	28.33	26.99	27.07	112766
BWMN	2026-07-14	27.39	28.15	27.125	27.19	97222
BWMN	2026-07-15	27.19	27.33	25.75	26.4	195380
BWMN	2026-07-16	26.19	26.6	25.99	26.39	200589
BWMN	2026-07-17	26.05	26.625	25.27	25.31	191100
BWMN	2026-07-20	25.42	26.38	25.07	25.96	231476
BWMN	2026-07-21	25.95	26.415	25.72	26.4	134712
BWMN	2026-07-22	26.19	27.68	26.07	26.77	197583
BWMN	2026-07-23	26.39	26.75	26.045	26.37	117778
BWMN	2026-07-24	26.49	26.665	25.61	25.955	150334
BWMN	2026-07-27	26.25	26.3	25.34	26.23	116330
BWMN	2026-07-28	26.22	26.83	25.15	26.445	189643
BWMN	2026-07-29	26.36	28.48	25.58	25.93	231371
BWMN	2026-07-30	26.29	26.505	25.8	25.85	104439
BWMN	2026-07-31	25.91	27.03	25.8	26.85	142909
BWMN	2026-08-03	27.11	27.75	26.62	27.41	250747
BWMN	2026-08-04	27.74	28.1217	27.52	27.74	114029
BWMN	2026-08-05	27.77	27.86	26.76	26.98	87803
BWMN	2026-08-06	26.97	27.565	26.825	26.95	111502
BWMN	2026-08-07	27.33	27.66	26.8775	27.23	132330
BWMN	2026-08-10	42.35	42.5	42.17	42.42	3060803
BWMN	2026-08-11	42.4	42.49	42.34	42.37	1283171
BWMN	2026-08-12	42.35	42.4	42.2	42.22	794198
BWMN	2026-08-13	42.22	42.44	42.19	42.2	848583
BWMN	2026-08-14	42.26	42.35	42.15	42.3	1258309
BWMN	2026-08-17	42.25	42.4	42.25	42.37	270495
BWMN	2026-08-18	42.31	42.53	42.31	42.53	362904
BWMN	2026-08-19	42.45	42.64	42.45	42.55	432550
BWMN	2026-08-20	42.54	42.64	42.46	42.55	422360
BWMN	2026-08-21	42.45	42.63	42.36	42.61	352100
BWMN	2026-08-24	42.54	42.59	42.47	42.53	280020
CAPR	2026-05-01	33.5	33.59	30.82	30.91	1738068
CAPR	2026-05-04	31.21	33.6425	31.06	33.5	915475
CAPR	2026-05-05	33.72	34.34	31.58	32.96	692528
CAPR	2026-05-06	33.14	34.5	32.885	34.38	710589
CAPR	2026-05-07	33.95	34.37	33.02	33.94	638679
CAPR	2026-05-08	29.5	31.275	28.45	30.38	3706726
CAPR	2026-05-11	30.3	32.55	30.02	31.9	1670754
CAPR	2026-05-12	31.58	32.1	30.925	31.52	1052958
CAPR	2026-05-13	30.672	31.9451	29.26	30.33	1694138
CAPR	2026-05-14	30.5	30.9258	29.32	29.81	863866
CAPR	2026-05-15	29.11	29.8327	28.53	28.79	986962
CAPR	2026-05-18	28.99	29.2	27.38	28.015	916589
CAPR	2026-05-19	27.64	28	26.6	26.92	1103132
CAPR	2026-05-20	27.52	29.12	27.085	29.01	1123640
CAPR	2026-05-21	28.76	29.92	28.175	29.58	893275
CAPR	2026-05-22	29.58	30	28.66	28.87	569720
CAPR	2026-05-26	29.43	29.45	28.8501	29.36	674018
CAPR	2026-05-27	29.42	29.87	28.87	29.14	553462
CAPR	2026-05-28	29.21	29.36	28.77	29.11	416887
CAPR	2026-05-29	30.25	30.52	29.54	29.96	840910
CAPR	2026-06-01	29.52	29.52	28.03	28.53	726328
CAPR	2026-06-02	28.05	28.26	27.09	27.34	895285
CAPR	2026-06-03	27.03	27.86	26.9213	27.64	664737
CAPR	2026-06-04	27.78	28.5	27.5101	27.95	584153
CAPR	2026-06-05	27.88	27.95	26.56	26.71	573776
CAPR	2026-06-08	27.15	27.38	26	26.16	639051
CAPR	2026-06-09	26.52	26.97	25.07	26.01	973555
CAPR	2026-06-10	25.98	26.42	25.01	25.33	1483837
CAPR	2026-06-11	25.36	25.6432	24.65	25.04	1220282
CAPR	2026-06-12	25.11	26.12	25	25.8	773423
CAPR	2026-06-15	26.04	26.9693	26	26.72	985485
CAPR	2026-06-16	26.8	27.07	25.6	26.05	654843
CAPR	2026-06-17	27.28	28.73	26.97	27.95	1459457
CAPR	2026-06-18	28.28	29.27	27.625	28.38	3092642
CAPR	2026-06-22	29.5	30.19	28.89	29.34	1675957
CAPR	2026-06-23	28.73	29.99	28.53	29.6	794682
CAPR	2026-06-24	29.88	30.009	29.19	29.51	802968
CAPR	2026-06-25	29.4	30.93	29.29	30.4	1026211
CAPR	2026-06-26	27.2	27.4	25.63	26.44	5485849
CAPR	2026-06-29	27.01	27.05	23.46	23.8	3236813
CAPR	2026-06-30	23.86	24.99	23.86	24.08	1856388
CAPR	2026-07-01	24.125	24.25	23.04	23.07	1807030
CAPR	2026-07-02	23.13	24.5663	22.53	23.21	1639108
CAPR	2026-07-06	23.57	23.85	21.645	22.43	2125149
CAPR	2026-07-07	22.55	22.705	21.82	22.22	1447504
CAPR	2026-07-08	22.26	23.03	21.41	22.25	1456079
CAPR	2026-07-09	22.43	22.52	21.745	22.5	1167762
CAPR	2026-07-10	22.58	22.58	21.19	21.51	1226771
CAPR	2026-07-13	21.3	21.5315	20.17	20.61	1273411
CAPR	2026-07-14	20.61	21.03	20.27	20.68	993066
CAPR	2026-07-15	20.63	20.84	19.6	20.35	1370990
CAPR	2026-07-16	20.39	20.49	19	19.12	1487774
CAPR	2026-07-17	18.77	19.79	18.64	19.44	1164927
CAPR	2026-07-20	19.68	20.17	18.93	19.5	1911368
CAPR	2026-07-21	19.5	20.16	18.975	19.79	2172292
CAPR	2026-07-22	19.72	19.9204	18.765	18.91	1542360
CAPR	2026-07-23	18.51	20.54	18.49	19.83	2006252
CAPR	2026-07-24	19.7731	20.1792	18.305	19.7	2458578
CAPR	2026-07-27	5.865	7.85	5.82	6.995	29963473
CAPR	2026-07-28	6.78	7.22	5.6652	6.57	16331108
CAPR	2026-07-30	3.07	4.21	2.96	4.19	28744218
CAPR	2026-07-31	4.04	4.66	3.8	3.85	7257641
CAPR	2026-08-03	3.775	4.2	3.658	4.2	5135255
CAPR	2026-08-04	4.132	4.42	4.09	4.17	4205551
CAPR	2026-08-05	4.16	4.31	3.845	3.93	3661929
CAPR	2026-08-06	3.88	4.21	3.8681	4.18	3190455
CAPR	2026-08-07	4.16	4.7	4.05	4.09	3584491
CAPR	2026-08-10	4.04	4.105	3.805	3.85	3073302
CAPR	2026-08-11	3.85	3.998	3.73	3.93	3341224
CAPR	2026-08-12	3.95	4.3	3.9	4.19	2785545
CAPR	2026-08-13	4.18	4.42	4.14	4.21	3317067
CAPR	2026-08-14	7.66	8.15	6.04	6.65	65754533
CAPR	2026-08-17	6.87	7.59	6.59	7.45	19100593
CAPR	2026-08-18	7.5	8.29	6.7641	7.08	8483320
CAPR	2026-08-19	7.19	7.99	7.14	7.98	8400387
CAPR	2026-08-20	7.66	7.82	6.83	6.835	8011967
CAPR	2026-08-21	6.81	7.08	6.01	6.29	8166321
CAPR	2026-08-24	8.03	8.03	6.34	6.8	20021309
CARS	2026-05-01	11.11	11.18	10.95	11.07	512889
CARS	2026-05-04	11.11	11.255	10.865	10.95	565555
CARS	2026-05-05	10.96	11.24	10.93	11.16	639416
CARS	2026-05-06	11.28	11.31	11.115	11.19	1028025
CARS	2026-05-07	12	12.54	11.4002	12.33	1839462
CARS	2026-05-08	11.65	11.94	11.35	11.68	1098506
CARS	2026-05-11	11.62	11.87	10.92	10.93	855983
CARS	2026-05-12	10.88	10.96	10.5	10.55	932945
CARS	2026-05-13	10.42	10.54	10.28	10.4	787138
CARS	2026-05-14	10.43	10.595	10.21	10.33	920144
CARS	2026-05-15	10.26	10.375	9.85	9.85	827676
CARS	2026-05-18	9.85	10.17	9.84	10.03	977471
CARS	2026-05-19	10.05	10.23	9.765	9.79	849635
CARS	2026-05-20	9.69	9.7999	9.4116	9.74	1016417
CARS	2026-05-21	9.59	9.69	9.405	9.57	795956
CARS	2026-05-22	9.57	9.78	9.48	9.65	811068
CARS	2026-05-26	9.57	9.82	9.56	9.74	990388
CARS	2026-05-27	9.86	10.25	9.86	10.06	1170990
CARS	2026-05-28	10.1	10.24	9.91	10.18	1045090
CARS	2026-05-29	10.31	10.47	10.23	10.28	830071
CARS	2026-06-01	10.13	10.28	9.67	9.91	801192
CARS	2026-06-02	9.92	9.965	9.43	9.58	670222
CARS	2026-06-03	9.45	9.47	9.02	9.18	917773
CARS	2026-06-04	9.37	9.53	9.245	9.34	630870
CARS	2026-06-05	9.32	9.51	9.065	9.21	681653
CARS	2026-06-08	9.1	9.385	9.01	9.3	651826
CARS	2026-06-09	9.28	9.68	9.28	9.64	831488
CARS	2026-06-10	9.52	9.84	9.412	9.59	673295
CARS	2026-06-11	9.54	9.65	9.42	9.56	577361
CARS	2026-06-12	9.53	9.62	9.415	9.48	772627
CARS	2026-06-15	9.62	9.75	9.515	9.74	659061
CARS	2026-06-16	9.57	10.19	9.57	10.13	1014411
CARS	2026-06-17	9.98	10.135	9.72	9.82	824872
CARS	2026-06-18	9.77	10.11	9.595	9.95	1114705
CARS	2026-06-22	9.87	10.11	9.74	9.89	860645
CARS	2026-06-23	9.93	10.09	9.81	9.84	687053
CARS	2026-06-24	9.94	10.36	9.91	10.32	591314
CARS	2026-06-25	10.22	10.34	10.06	10.16	971218
CARS	2026-06-26	10.09	10.755	10.09	10.75	1316724
CARS	2026-06-29	10.75	11.31	10.6	11.14	967185
CARS	2026-06-30	11.11	11.15	10.9	10.94	633181
CARS	2026-07-01	11.13	11.375	11.09	11.28	681961
CARS	2026-07-02	11.31	11.42	11.07	11.32	552098
CARS	2026-07-06	11.32	11.66	11.19	11.4	584328
CARS	2026-07-07	11.55	11.69	11.22	11.22	684499
CARS	2026-07-08	11.12	11.135	10.71	10.8	526564
CARS	2026-07-09	10.79	11.09	10.66	11.03	450094
CARS	2026-07-10	11.21	11.38	11.02	11.09	616345
CARS	2026-07-13	11.1	11.28	10.87	11.1	580678
CARS	2026-07-14	10.95	11.38	10.945	11.27	758040
CARS	2026-07-15	11.33	11.94	11.26	11.79	802821
CARS	2026-07-16	11.86	12.355	11.855	12.32	1213850
CARS	2026-07-17	12.13	12.43	11.94	11.99	841553
CARS	2026-07-20	11.86	12.145	11.6901	11.97	606088
CARS	2026-07-21	11.8	11.955	11.76	11.87	460220
CARS	2026-07-22	11.88	11.88	11.49	11.66	649706
CARS	2026-07-23	11.44	11.44	11.19	11.42	718970
CARS	2026-07-24	11.58	11.815	11.435	11.46	478524
CARS	2026-07-27	11.59	11.975	11.56	11.8	414776
CARS	2026-07-28	11.68	12.68	11.68	12.61	666185
CARS	2026-07-29	12.42	13.1	12.42	12.91	911917
CARS	2026-07-30	12.81	12.81	11.8	11.88	681957
CARS	2026-07-31	11.93	12.035	11.53	11.85	603692
CARS	2026-08-03	12.17	12.42	11.95	12.09	413556
CARS	2026-08-04	12.02	12.23	11.94	11.95	470685
CARS	2026-08-05	12.09	12.11	11.83	11.84	845849
CARS	2026-08-06	10.825	11.92	10.59	11.74	1524345
CARS	2026-08-07	11.88	13.34	11.88	12.32	1174342
CARS	2026-08-10	12.08	12.515	11.87	12.19	772142
CARS	2026-08-11	12.16	12.25	11.59	11.86	693078
CARS	2026-08-12	11.77	12.115	11.605	12.1	532986
CARS	2026-08-13	12.18	12.6	12.025	12.55	549224
CARS	2026-08-14	12.37	12.445	12.085	12.38	487969
CARS	2026-08-17	12.23	12.33	11.825	11.86	688048
CARS	2026-08-18	12.01	12.15	11.77	11.87	562354
CARS	2026-08-19	11.99	12.485	11.98	12.44	470277
CARS	2026-08-20	12.34	12.42	11.95	12.27	478002
CARS	2026-08-21	12.28	12.39	11.98	12.22	438742
CARS	2026-08-24	12.24	12.6	12.24	12.36	398554
CBRS	2026-05-14	350	386.34	300	311.07	32754034
CBRS	2026-05-15	298.49	306.7799	275	279.72	16935926
CBRS	2026-05-18	291.55	303.66	272.24	296.65	10038117
CBRS	2026-05-19	292.17	333.99	286.15	303.63	10304742
CBRS	2026-05-20	317.525	338.325	284.25	290.69	12745083
CBRS	2026-05-21	293.7	294	275.42	281.86	5367439
CBRS	2026-05-22	285	285	250.27	256.78	11727236
CBRS	2026-05-26	260	262.29	236.1	241.71	8127458
CBRS	2026-05-27	243.86	269.39	243.03	266.9	6366206
CBRS	2026-05-28	260.95	268.78	241.53	242.59	5630491
CBRS	2026-05-29	247.12	251.35	232.5601	236.99	4334801
CBRS	2026-06-01	231.875	232.37	212.6	213.28	5728444
CBRS	2026-06-02	220.05	241.69	217	236.52	5168553
CBRS	2026-06-03	230.06	230.06	213.25	214.94	3599819
CBRS	2026-06-04	212.25	219.78	205.4661	215.4	4123108
CBRS	2026-06-05	208.68	222.78	196.73	201.01	4186371
CBRS	2026-06-08	212.6	249.76	204.13	237.83	8596758
CBRS	2026-06-09	244.505	244.505	215.01	226.815	5674260
CBRS	2026-06-10	226.65	253.52	226.15	237.33	5320008
CBRS	2026-06-11	238.98	241	220.5	226.55	3866594
CBRS	2026-06-12	230.29	230.3733	208	214	4603358
CBRS	2026-06-15	224.3	224.8027	211	218.03	4867010
CBRS	2026-06-16	218.5	218.5	202.2801	212.25	4867605
CBRS	2026-06-17	213.925	230.99	209.84	213.67	4777496
CBRS	2026-06-18	220	245.24	215.2	234.71	7158759
CBRS	2026-06-22	237.83	241.68	224	224.43	4670792
CBRS	2026-06-23	213.75	237	210	226.72	6842855
CBRS	2026-06-24	208	209.99	181.56	182.26	20917133
CBRS	2026-06-25	189.51	189.91	161.26	168.52	18337104
CBRS	2026-06-26	162.66	184.03	160.8101	181.59	10610281
CBRS	2026-06-29	184	220.57	182.1	216.16	13224496
CBRS	2026-06-30	204.515	221.83	201.67	221	8500867
CBRS	2026-07-01	215.48	228.3	211.25	221.27	8623880
CBRS	2026-07-02	220	223.63	203.55	204.86	6160480
CBRS	2026-07-06	205.35	206.29	191.05	192.01	4920313
CBRS	2026-07-07	185	185	173.36	176.61	4793293
CBRS	2026-07-08	176	188.55	174.4096	181.72	3343078
CBRS	2026-07-09	188.91	204.62	186.28	198.53	4861242
CBRS	2026-07-10	194.2	216.46	191.22	215.08	5254346
CBRS	2026-07-13	207.2	213.87	203.12	204.62	3474307
CBRS	2026-07-14	206	208.44	187.15	203.81	4661440
CBRS	2026-07-15	204.9	205.11	182.495	184.01	4578209
CBRS	2026-07-16	178.51	186.3999	174.76	180.46	3744053
CBRS	2026-07-17	172.68	176.47	162.35	172.86	5257902
CBRS	2026-07-20	176.61	181.9384	164.72	176.88	4255104
CBRS	2026-07-21	180.79	210.635	179.57	208.57	6194033
CBRS	2026-07-22	204.51	244	203.2	209.8	10729291
CBRS	2026-07-23	205.53	236.3799	201.37	220	8185434
CBRS	2026-07-24	213.22	214.975	192.86	199.12	5925541
CBRS	2026-07-27	202.56	202.71	181.75	188.61	5261488
CBRS	2026-07-28	180.47	193.24	173.7	192.72	4698834
CBRS	2026-07-29	190.5	190.5665	168.71	169.39	6322194
CBRS	2026-07-30	178.97	204.87	175.575	203.07	6649490
CBRS	2026-07-31	208.07	214.5	195.55	198.71	3675490
CBRS	2026-08-03	190.49	222.5	184.85	219.97	4746787
CBRS	2026-08-04	221.19	230.99	214.05	227.15	5159898
CBRS	2026-08-05	219.18	227	212.59	214.3	3495609
CBRS	2026-08-06	206.505	219.5	205	211.3	2945176
CBRS	2026-08-07	217.72	228.99	204.11	226.73	4124632
CBRS	2026-08-10	227.545	234.25	224.1	230.01	3675829
CBRS	2026-08-11	231.29	236.745	220.5	234.76	3183016
CBRS	2026-08-12	248.82	265.63	240.8785	262.06	10261206
CBRS	2026-08-13	220	239.9885	219.095	231.01	16506832
CBRS	2026-08-14	225	229	215.77	218.98	14587773
CBRS	2026-08-17	224	261.08	223.44	251.98	14859699
CBRS	2026-08-18	239.649	241.71	214.51	220.01	13278234
CBRS	2026-08-19	217.675	217.99	201	215.69	10938548
CBRS	2026-08-20	212.95	213.8048	202.88	209.85	6660534
CBRS	2026-08-21	209.675	210.21	195.66	196.13	7709282
CBRS	2026-08-24	190.46	192.5	184.14	185.43	5711162
CBZ	2026-05-01	31.37	33.17	30.97	32.16	1464898
CBZ	2026-05-04	32.14	32.8174	31.28	32.25	1145111
CBZ	2026-05-05	32.15	32.95	30.52	31.3	1169657
CBZ	2026-05-06	30.73	31.56	29.1921	29.67	837258
CBZ	2026-05-07	29.53	32.48	29.53	31.67	869082
CBZ	2026-05-08	31.21	31.43	30.475	30.92	557446
CBZ	2026-05-11	30.71	31.22	30.185	30.28	512924
CBZ	2026-05-12	30.73	31.07	29.34	29.66	474010
CBZ	2026-05-13	29.1	29.1	27.91	28.55	628043
CBZ	2026-05-14	28.98	29.78	28.33	28.44	539038
CBZ	2026-05-15	29.16	30	28.245	28.92	655729
CBZ	2026-05-18	28.75	31.54	28.75	30.87	589336
CBZ	2026-05-19	31.49	31.905	30.525	30.91	641276
CBZ	2026-05-20	30.41	31.72	29.43	31.59	668712
CBZ	2026-05-21	31.27	32.155	30.7325	32.06	712201
CBZ	2026-05-22	32.26	32.985	31.6874	32.23	620335
CBZ	2026-05-26	31.61	32.45	31.27	31.45	492908
CBZ	2026-05-27	31.45	32.26	31.28	31.92	408095
CBZ	2026-05-28	31.97	32.68	31.82	32.32	665266
CBZ	2026-05-29	32.43	33.865	32.155	33.2	1044105
CBZ	2026-06-01	33.26	34.945	33.2567	34.68	687806
CBZ	2026-06-02	33.89	34.2	33.02	33.76	573603
CBZ	2026-06-03	33.06	33.35	31.585	32.25	594760
CBZ	2026-06-04	33.24	34.25	32.93	33.35	478927
CBZ	2026-06-05	33.91	34.215	33.53	33.93	366752
CBZ	2026-06-08	33.51	34.09	33.15	33.58	432468
CBZ	2026-06-09	33.13	34.34	32.9321	33.74	602039
CBZ	2026-06-10	33.21	34.67	33.21	34.2	371404
CBZ	2026-06-11	33.8	34.25	32.93	33.94	758128
CBZ	2026-06-12	33.9	35.67	33.2	35.26	660224
CBZ	2026-06-15	34.7	35.2099	33.6301	33.9	518362
CBZ	2026-06-16	34.26	34.69	33.39	34.08	397713
CBZ	2026-06-17	33.6	34.405	32.4	32.83	650247
CBZ	2026-06-18	32.61	33.13	30.8229	31.1	1149995
CBZ	2026-06-22	31.45	31.45	27.85	28.66	1137793
CBZ	2026-06-23	29.75	31.05	29.61	30.4	959951
CBZ	2026-06-24	31.13	31.495	30.22	31.22	1381989
CBZ	2026-06-25	31.1	31.82	29.375	30.4	912417
CBZ	2026-06-26	30.54	32.015	30.36	31.56	2448827
CBZ	2026-06-29	31.72	32.44	30.81	32.33	1052949
CBZ	2026-06-30	31.76	32.73	31.52	32.08	780901
CBZ	2026-07-01	32.84	34.85	32.84	34.27	589724
CBZ	2026-07-02	34.54	35.78	33.864	35.12	502796
CBZ	2026-07-06	34.87	35.56	33.9082	35.36	446369
CBZ	2026-07-07	35.9	37.72	35.68	37	812868
CBZ	2026-07-08	37.36	37.36	36	36.89	813010
CBZ	2026-07-09	36.05	37.05	35.41	36.83	543981
CBZ	2026-07-10	37.6	37.96	37.06	37.79	555416
CBZ	2026-07-13	38.67	40.57	38.635	40.47	873107
CBZ	2026-07-14	38.82	41.24	37.3	40.92	1126681
CBZ	2026-07-15	41.27	42.4	40.245	40.31	658865
CBZ	2026-07-16	41.09	43.3	40.715	42.98	831388
CBZ	2026-07-17	42.575	44.305	42.095	42.42	721817
CBZ	2026-07-20	41.87	42.33	41.17	41.83	463875
CBZ	2026-07-21	40.57	41.39	40.35	40.94	305467
CBZ	2026-07-22	41.55	41.64	39.7304	40.34	573478
CBZ	2026-07-23	40.61	40.64	39.56	40.25	412949
CBZ	2026-07-24	40.83	42.89	40.5621	42.63	719875
CBZ	2026-07-27	43.21	45.13	42.74	44.46	915144
CBZ	2026-07-28	45.61	46.82	45.61	46.7	1071922
CBZ	2026-07-29	54.55	55.12	54.35	54.9	16955698
CBZ	2026-07-30	55.25	55.555	54.99	55.25	4620927
CBZ	2026-07-31	54.98	55.25	54.93	55.08	1725925
CBZ	2026-08-03	55.05	55.33	54.97	55.07	2181406
CBZ	2026-08-04	55.06	55.17	54.98	55.08	1919983
CBZ	2026-08-05	55.01	55.01	54.45	54.8	1945928
CBZ	2026-08-06	54.65	54.77	54.42	54.49	1446019
CBZ	2026-08-07	54.45	54.62	54.33	54.5	1495277
CBZ	2026-08-10	54.5	54.645	54.415	54.43	935054
CBZ	2026-08-11	54.45	54.77	54.42	54.6	960968
CBZ	2026-08-12	54.53	54.83	54.51	54.58	1344995
CBZ	2026-08-13	54.7	54.82	54.45	54.6	1584548
CBZ	2026-08-14	54.75	54.75	54.42	54.46	1233789
CBZ	2026-08-17	54.5	54.68	54.44	54.67	616241
CBZ	2026-08-18	54.7	54.9301	54.61	54.73	736912
CBZ	2026-08-19	54.74	55	54.71	54.87	880810
CBZ	2026-08-20	54.75	55.15	54.72	55.01	788061
CBZ	2026-08-21	54.99	55.12	54.58	54.66	884936
CBZ	2026-08-24	54.83	54.99	54.58	54.6	479783
CDRE	2026-05-01	29.7	30.15	29.04	29.85	442575
CDRE	2026-05-04	29.407	30.3257	28.95	29.38	291931
CDRE	2026-05-05	29.72	30.22	29.27	29.85	325324
CDRE	2026-05-06	29.9	31.03	29.9	30.84	328828
CDRE	2026-05-07	31.17	31.62	29.77	29.91	447508
CDRE	2026-05-08	30	30.33	29.1501	29.85	267040
CDRE	2026-05-11	29.38	31.605	29.38	31.36	662990
CDRE	2026-05-12	27.215	28.815	25.73	28.38	1520130
CDRE	2026-05-13	27.92	31.31	27.475	31.28	937319
CDRE	2026-05-14	31.17	31.65	29.96	30.49	446019
CDRE	2026-05-15	29.93	30.445	29.72	29.78	359904
CDRE	2026-05-18	29.65	30.02	29.17	29.27	304759
CDRE	2026-05-19	29.09	29.59	28.64	29.59	271972
CDRE	2026-05-20	29.63	30.21	28.8	29.12	363635
CDRE	2026-05-21	28.81	29.91	28.38	29.84	229018
CDRE	2026-05-22	30.1	30.56	28.9174	30.31	190040
CDRE	2026-05-26	30.9	32.15	30.81	31.07	248879
CDRE	2026-05-27	31.27	31.62	30.58	30.7	253366
CDRE	2026-05-28	30.79	32.9403	30.76	31.95	329861
CDRE	2026-05-29	31.57	31.93	30.99	31.14	319216
CDRE	2026-06-01	30.7	31.24	30.01	30.62	250795
CDRE	2026-06-02	30.27	30.77	29.9249	30.2	246482
CDRE	2026-06-03	30.3	30.44	29.095	29.19	393380
CDRE	2026-06-04	29.67	30.48	29.64	30.24	293811
CDRE	2026-06-05	29.82	31.27	29.65	30.01	322505
CDRE	2026-06-08	30.21	30.88	29.9601	30.17	187135
CDRE	2026-06-09	30.23	31.33	29.355	30.19	349032
CDRE	2026-06-10	30	30.69	29.41	29.54	256086
CDRE	2026-06-11	29.68	31.07	29.0001	30.96	238013
CDRE	2026-06-12	30.91	31.495	30.34	30.45	303161
CDRE	2026-06-15	31	31.26	29.07	29.09	455549
CDRE	2026-06-16	28.74	29.09	26.87	28.75	746274
CDRE	2026-06-17	28.9	29.5	28.08	28.17	795118
CDRE	2026-06-18	28.55	28.575	27.5	28.25	1450515
CDRE	2026-06-22	27.95	28.09	27.18	27.56	412266
CDRE	2026-06-23	27.39	28.39	27.31	27.53	395150
CDRE	2026-06-24	27.5	28.75	27.45	28.75	420932
CDRE	2026-06-25	28.77	29.77	27.84	28.16	450595
CDRE	2026-06-26	27.95	28.785	27.93	28.02	1076033
CDRE	2026-06-29	27.92	28.41	27.36	27.36	330745
CDRE	2026-06-30	27.47	28.58	27.29	28.51	349136
CDRE	2026-07-01	28.86	29.28	28.375	28.61	267197
CDRE	2026-07-02	28.91	29.74	28.9	29.44	289625
CDRE	2026-07-06	29.7	30.91	29.6719	30.28	441715
CDRE	2026-07-07	30.46	30.48	28.89	29.33	250296
CDRE	2026-07-08	28.75	29.52	28.75	28.83	224355
CDRE	2026-07-09	28.86	29.56	28.51	29.56	303125
CDRE	2026-07-10	29.63	30.01	28.95	28.95	244236
CDRE	2026-07-13	28.84	29.12	28.25	28.33	212567
CDRE	2026-07-14	28.6	28.987218	28.34	28.38	172540
CDRE	2026-07-15	28.58	29.5	28.4	28.84	194541
CDRE	2026-07-16	28.64	30.26	28.64	30.18	350345
CDRE	2026-07-17	29.48	30.7699	29	29.06	281196
CDRE	2026-07-20	29.12	29.44	28.246	29.17	371041
CDRE	2026-07-21	28.89	30.17	28.2001	29.15	260572
CDRE	2026-07-22	28.8	30	28.8	29.9	263765
CDRE	2026-07-23	29.37	30.8	29.21	30.47	327051
CDRE	2026-07-24	30.93	31.7	30.57	30.86	386929
CDRE	2026-07-27	32.68	33.47	32.13	32.81	472034
CDRE	2026-07-28	32.93	34.23	32.51	33.4	428394
CDRE	2026-07-29	32.91	33.6599	30.03	30.54	436763
CDRE	2026-07-30	30.51	30.87	29.85	30.6	349130
CDRE	2026-07-31	30.49	31.08	30.165	30.83	377708
CDRE	2026-08-03	31.03	32	30.3	30.85	406481
CDRE	2026-08-04	31.34	31.65	30.86	30.92	410782
CDRE	2026-08-05	31.28	31.6015	30.43	31.03	423869
CDRE	2026-08-06	34.59	37.37	33.54	35.02	1633452
CDRE	2026-08-07	35.02	35.05	31.81	32.82	472233
CDRE	2026-08-10	32.72	33.31	32.26	32.76	352755
CDRE	2026-08-11	32.72	34.1	32.67	34.04	309800
CDRE	2026-08-12	34.11	34.24	33.27	33.72	257497
CDRE	2026-08-13	33.62	34	33.39	33.9	213867
CDRE	2026-08-14	33.96	34.3649	33.62	34.14	257997
CDRE	2026-08-17	34.15	34.43	33.02	33.3	448135
CDRE	2026-08-18	32.89	33.76	32.3349	33.45	295492
CDRE	2026-08-19	33.41	34.37	33.19	34.14	269013
CDRE	2026-08-20	33.43	33.91	32.88	33.85	228149
CDRE	2026-08-21	34.27	34.65	33.8	34.12	213075
CDRE	2026-08-24	34.24	34.24	32.94	33.08	380139
CENX	2026-05-01	58.71	59.4339	57.64	58.98	797113
CENX	2026-05-04	60.205	60.9	58.45	59.79	1184847
CENX	2026-05-05	60.63	63.42	60.63	62.28	1509873
CENX	2026-05-06	62.308	63.19	60.66	62.62	2016144
CENX	2026-05-07	63.6	63.74	59.84	60.58	1423299
CENX	2026-05-08	61.99	62.895	57.12	58.91	2514611
CENX	2026-05-11	58.975	61.38	57.84	60.18	1741131
CENX	2026-05-12	58.84	63.9	58.18	63.27	1775922
CENX	2026-05-13	64.625	65.3413	61.65	64.34	2749224
CENX	2026-05-14	64.47	65	60.7079	61.44	1486720
CENX	2026-05-15	58.88	59.83	55.86	56.82	1631834
CENX	2026-05-18	57.22	58.2	54.51	54.92	1806543
CENX	2026-05-19	54	59.1	53.7	58.44	1662754
CENX	2026-05-20	59.98	60.09	58.15	58.78	1362153
CENX	2026-05-21	58.8	61.56	58.08	60.46	1544292
CENX	2026-05-22	60.36	65.37	59.95	65.05	2036575
CENX	2026-05-26	66.24	67.82	65.72	66.88	1592495
CENX	2026-05-27	62.29	65.865	61.5	65.72	1629461
CENX	2026-05-28	65.15	68.7	64.53	67.53	2041462
CENX	2026-05-29	68.37	68.8	63.78	65.97	2871258
CENX	2026-06-01	66.71	66.71	63.41	63.91	1946372
CENX	2026-06-02	64.88	70.43	64.88	68.77	2758608
CENX	2026-06-03	67.61	69.285	66.45	67.035	1773649
CENX	2026-06-04	65.97	69.195	65.0127	66.43	1342029
CENX	2026-06-05	65.002	65.2	59.98	60.12	2194157
CENX	2026-06-08	62.76	64.75	61.5	63.3	2503716
CENX	2026-06-09	64.46	64.46	58.5101	60.91	1507363
CENX	2026-06-10	59.73	61.37	58.5001	59.04	1940717
CENX	2026-06-11	61	61.705	58.94	60.94	1277579
CENX	2026-06-12	60.92	61.95	59.63	61.19	1285507
CENX	2026-06-15	58.55	58.79	53.52	54.55	3658237
CENX	2026-06-16	54.5	54.52	52.06	53.55	3068246
CENX	2026-06-17	53.01	56.67	53	54.31	2565592
CENX	2026-06-18	54.68	54.698	51.175	51.71	3752452
CENX	2026-06-22	50.92	51.05	48.1	49.53	3073172
CENX	2026-06-23	47.44	47.98	46.68	47.33	3565597
CENX	2026-06-24	45.64	46.205	43.79	44.5	2294067
CENX	2026-06-25	44.85	46.06	43.29	45.96	2506765
CENX	2026-06-26	45	47.36	45	46.33	6377209
CENX	2026-06-29	46.116	47.33	45.1	46.55	2154342
CENX	2026-06-30	47.32	47.495	45.74	46.01	1751567
CENX	2026-07-01	44.482	45.22	42.62	43.03	3514883
CENX	2026-07-02	43.6	45.36	43.14	43.76	2386641
CENX	2026-07-06	45.14	47	44.78	46.68	2166347
CENX	2026-07-07	45.925	45.97	44.25	45.28	2228894
CENX	2026-07-08	43.96	45.72	43.255	44.73	1512338
CENX	2026-07-09	44.93	45.4099	43.82	45.11	1391372
CENX	2026-07-10	44.94	45.4375	44.05	44.67	1527783
CENX	2026-07-13	44.44	46	44	45.41	1814981
CENX	2026-07-14	46.23	47.35	45.38	46.08	1269187
CENX	2026-07-15	45.78	45.93	42.98	43.94	1749166
CENX	2026-07-16	43.07	43.2595	41.86	42.6	2064760
CENX	2026-07-17	41.43	42.6825	40.76	41.5	1495052
CENX	2026-07-20	41.68	42.96	40.4	42.84	2622421
CENX	2026-07-21	44.95	45.99	44	44.8	2482739
CENX	2026-07-22	44.8	46.19	44.54	45.33	2069773
CENX	2026-07-23	45.65	46.71	45.15	46.36	1252319
CENX	2026-07-24	46.91	47.33	45.51	46.21	1534268
CENX	2026-07-27	45.64	45.99	44.26	44.87	1206049
CENX	2026-07-28	44.81	44.83	43.56	43.96	1282885
CENX	2026-07-29	45.22	45.575	41.95	42.66	1691502
CENX	2026-07-30	44.25	45.03	43.825	44.88	1450489
CENX	2026-07-31	45.08	45.33	43.89	44.77	1927867
CENX	2026-08-03	43.52	45.23	43.15	45.2	1309807
CENX	2026-08-04	47	47.63	46.15	47.12	1400533
CENX	2026-08-05	47.86	48.96	46.38	46.9	2651284
CENX	2026-08-06	46.67	48.79	45.32	45.95	3981029
CENX	2026-08-07	47.85	52.74	47.56	51.23	3739238
CENX	2026-08-10	51.89	53.62	51.5	51.88	2241302
CENX	2026-08-11	54.18	55.55	52.12	52.29	2409810
CENX	2026-08-12	52.84	53.42	48.14	48.17	3150776
CENX	2026-08-13	47.6	49.425	46.28	46.39	2208393
CENX	2026-08-14	46.4	47.87	46.4	46.72	1098048
CENX	2026-08-17	47.3	47.83	45.89	47.12	1496066
CENX	2026-08-18	46.24	46.605	44.36	45.66	2248990
CENX	2026-08-19	46.8	47.69	40.555	43.58	5828150
CENX	2026-08-20	42.85	43.85	41.855	43.4	2183627
CENX	2026-08-21	44.91	45.4699	43.11	43.92	1772286
CENX	2026-08-24	45.215	46.44	43.33	43.66	1888227
CEPL	2026-07-08	9.75	11.96	9.69	11.88	364657
CEPL	2026-07-09	12.22	12.33	11	11.15	289527
CEPL	2026-07-10	11.4	11.49	10.21	10.235	281002
CEPL	2026-07-13	10.3	11.18	10.2	10.3	433020
CEPL	2026-07-14	10.3	11.965	10.002	11.69	514221
CEPL	2026-07-15	11.76	12.32	11.33	11.62	388062
CEPL	2026-07-16	11.15	11.3808	9.75	10.38	545677
CEPL	2026-07-17	10.1	10.375	9.5	10.115	228651
CEPL	2026-07-20	9.91	10.14	9.3	9.48	259771
CEPL	2026-07-21	9.64	10.85	9.45	10.48	186761
CEPL	2026-07-22	10.37	10.7739	10	10.4	83654
CEPL	2026-07-23	10.1	10.95	9.33	10.165	210625
CEPL	2026-07-24	10.17	10.3277	9.31	9.54	157764
CEPL	2026-07-27	9.53	9.5832	7	8.18	906077
CEPL	2026-07-28	8.29	8.32	6.8	7.43	908150
CEPL	2026-07-29	7.5	7.85	6.81	7.12	383895
CEPL	2026-07-30	7.25	8.14	7.13	7.88	296820
CEPL	2026-07-31	8.24	8.54	7.5101	7.73	183958
CEPL	2026-08-03	7.81	8.24	7.5101	8.08	271047
CEPL	2026-08-04	8.15	8.535	8	8.2	202761
CEPL	2026-08-05	8.04	8.46	7.69	7.76	178106
CEPL	2026-08-06	7.93	8.475	7.89	8.34	249205
CEPL	2026-08-07	8.34	8.85	8.07	8.59	211226
CEPL	2026-08-10	8.73	8.76	7.26	7.34	431008
CEPL	2026-08-11	7.46	8.15	7.34	7.6	484875
CEPL	2026-08-12	8.0116	8.89	7.6032	8.26	648759
CEPL	2026-08-13	7.6599	7.9	6.2401	6.75	1682639
CEPL	2026-08-14	6.66	7.035	6.47	6.675	478724
CEPL	2026-08-17	6.77	7.09	6.45	6.67	481671
CEPL	2026-08-18	6.52	7.08	6.51	6.66	429952
CEPL	2026-08-19	6.67	6.8292	6.15	6.26	520366
CEPL	2026-08-20	6.31	6.45	5.84	5.84	323490
CEPL	2026-08-21	6.04	6.75	6.035	6.6	615055
CEPL	2026-08-24	6.43	6.81	6.11	6.38	566636
CHRN	2026-05-05	14.8	15.33	12.27	13.22	469423
CHRN	2026-05-06	14.06	14.2	12.55	13.66	618781
CHRN	2026-05-07	13.95	16.4099	13.76	15	555630
CHRN	2026-05-08	15.72	16.09	15.09	15.57	369869
CHRN	2026-05-11	16.01	16.5999	14.32	14.425	530244
CHRN	2026-05-12	14.71	15.2899	13.69	14.28	262796
CHRN	2026-05-13	13.76	17	13.02	16.63	720787
CHRN	2026-05-14	16.65	20.34	16.26	17.92	617075
CHRN	2026-05-15	18	19.6856	17.03	17.2	333848
CHRN	2026-05-18	18.07	18.07	15.28	15.83	314700
CHRN	2026-05-19	15.39	15.83	15.0061	15.575	123053
CHRN	2026-05-20	15.9	16.335	15.26	15.77	138771
CHRN	2026-05-21	15.52	16.2925	13.5	15.9	415579
CHRN	2026-05-22	15.93	16.625	15.35	15.485	180591
CHRN	2026-05-26	15.5	15.92	15.03	15.16	161845
CHRN	2026-05-27	14.87	15.38	14.18	14.84	202841
CHRN	2026-05-28	15.435	20.7	15.435	18.29	1316664
CHRN	2026-05-29	18.91	18.91	17.5	18.36	177499
CHRN	2026-06-01	18.31	18.47	16.5	16.97	260397
CHRN	2026-06-02	18.04	19.6	17.511	19.14	377279
CHRN	2026-06-03	19.5	19.834	17.58	19.04	315523
CHRN	2026-06-04	18.67	23.36	18.5	23.36	608617
CHRN	2026-06-05	22.89	24	18.23	19.03	628265
CHRN	2026-06-08	19.94	20.9679	18.7501	18.89	237717
CHRN	2026-06-09	20.98	22.3	18.65	18.79	551785
CHRN	2026-06-10	18.55	21.77	17.05	17.24	395712
CHRN	2026-06-11	17.45	17.66	15.5337	17.41	402123
CHRN	2026-06-12	17.37	19.23	17.37	18.36	264059
CHRN	2026-06-15	19.2	20.4752	18.87	19.15	228455
CHRN	2026-06-16	18.92	19.74	17.5	19.13	297960
CHRN	2026-06-17	18.88	21.03	18.88	20.61	351980
CHRN	2026-06-18	21.5	24	21.32	23.33	548145
CHRN	2026-06-22	23.97	28.2	23.6	25.67	762867
CHRN	2026-06-23	24	27.11	23.485	25.82	376052
CHRN	2026-06-24	25.65	25.875	21.67	22.13	384043
CHRN	2026-06-25	22.81	23.405	19.79	22.51	478306
CHRN	2026-06-26	21.37	22.46	19.885	22.23	311895
CHRN	2026-06-29	22.01	23.52	21.13	22.86	150650
CHRN	2026-06-30	22.62	23.22	21.1238	22.22	213222
CHRN	2026-07-01	21.93	22.59	17.545	17.64	804387
CHRN	2026-07-02	17.85	18.12	15.74	16.49	668793
CHRN	2026-07-06	16.32	19.6999	16.32	18.25	414524
CHRN	2026-07-07	17.76	19.23	16.53	17.52	499207
CHRN	2026-07-08	16.82	18.39	16.82	18.02	231067
CHRN	2026-07-09	18.02	20.845	18.02	20.34	312177
CHRN	2026-07-10	20.46	21.04	19.3201	20.9	164260
CHRN	2026-07-13	19.53	20.95	19.53	19.72	99376
CHRN	2026-07-14	19.62	23.4	19.62	23.01	310494
CHRN	2026-07-15	23.68	30	23.2	29.63	865685
CHRN	2026-07-16	26.03	27.48	23.29	25.71	704345
CHRN	2026-07-17	24.79	26.86	22.25	26.43	365590
CHRN	2026-07-20	26.88	29.5	25.6474	28.89	306425
CHRN	2026-07-21	28.36	29.45	23.63	25.38	460887
CHRN	2026-07-22	24.34	26.7599	24.01	25.54	170176
CHRN	2026-07-23	26	26.55	22.365	22.57	307642
CHRN	2026-07-24	23.06	24.4442	21.16	21.5	176510
CHRN	2026-07-27	21.64	22.2	20	20.26	233374
CHRN	2026-07-28	19.89	20.36	17.11	20.23	301333
CHRN	2026-07-29	18.68	20.8793	18.31	18.52	133334
CHRN	2026-07-30	19.09	21.33	19.09	21.06	124531
CHRN	2026-07-31	21.5	22.4998	20.51	22.03	113768
CHRN	2026-08-03	21.91	23.9899	21.75	23.93	123884
CHRN	2026-08-04	23.89	24.93	22.23	24.45	246573
CHRN	2026-08-05	23.88	24.7399	23.16	23.37	100376
CHRN	2026-08-06	23.25	23.6	20.07	20.25	159614
CHRN	2026-08-07	20.78	22	20.73	20.93	121126
CHRN	2026-08-10	20.7	22.47	19.0605	19.39	361107
CHRN	2026-08-11	19.5	20.93	18.93	19.27	171506
CHRN	2026-08-12	20.3	21.3	19.8	20.79	135709
CHRN	2026-08-13	21.33	21.9915	20.17	20.62	120580
CHRN	2026-08-14	20.63	21.7	20.55	20.93	99746
CHRN	2026-08-17	20.68	22.68	20.5592	22.19	106710
CHRN	2026-08-18	21.57	24.027	20.8	23.53	161567
CHRN	2026-08-19	23.51	24.985	21.745	23.7	231418
CHRN	2026-08-20	24.61	24.83	23.3	24.1	204263
CHRN	2026-08-21	24.49	24.9	23.6	23.845	131480
CHRN	2026-08-24	23	25	22.27	22.57	122585
CLRO	2026-05-01	3.5956	3.65	3.2739	3.51	2666
CLRO	2026-05-04	3.7013	4	3.23	3.27	13514
CLRO	2026-05-05	3.3	3.54	3.3	3.54	1455
CLRO	2026-05-06	3.4699	3.4699	3.23	3.26	9753
CLRO	2026-05-07	3.1701	3.1701	3.1701	3.1701	1109
CLRO	2026-05-11	3.12	3.23	3.12	3.22	5018
CLRO	2026-05-12	3.3	3.3	3.3	3.3	3344
CLRO	2026-05-13	3.1	3.3	3.1	3.3	4635
CLRO	2026-05-14	3.09	3.325	3.09	3.325	1414
CLRO	2026-05-15	3.32	3.3299	3.11	3.11	3747
CLRO	2026-05-18	3.1597	3.23	3.1597	3.23	3087
CLRO	2026-05-19	3.45	3.5	3.07	3.14	5489
CLRO	2026-05-21	3.0413	3.15	3.0413	3.12	2338
CLRO	2026-05-22	3.1001	3.29	3.1	3.29	5551
CLRO	2026-05-26	3.22	3.22	3.22	3.22	1262
CLRO	2026-05-28	3.24	3.3997	3.11	3.28	2928
CLRO	2026-05-29	3.3159	3.35	3.08	3.25	5527
CLRO	2026-06-01	3.1002	3.3483	3.1	3.1	15892
CLRO	2026-06-02	3.19	3.25	3.12	3.2206	7856
CLRO	2026-06-03	3.24	3.24	3.23	3.23	2610
CLRO	2026-06-04	3.25	3.34	3.12	3.34	6278
CLRO	2026-06-05	3.33	3.33	3.1562	3.1562	5877
CLRO	2026-06-08	3.23	3.5	3.11	3.32	7989
CLRO	2026-06-09	3.1801	3.57	3.1801	3.57	9430
CLRO	2026-06-10	3.64	3.89	3.64	3.89	8238
CLRO	2026-06-11	3.39	3.91	3.39	3.8052	6400
CLRO	2026-06-12	3.56	3.88	3.4499	3.72	5693
CLRO	2026-06-15	3.56	3.6	3.48	3.48	2622
CLRO	2026-06-16	3.4999	4.1	3.47	3.66	26381
CLRO	2026-06-17	3.85	3.9499	3.49	3.65	7825
CLRO	2026-06-18	3.5	3.837	3.37	3.37	9324
CLRO	2026-06-22	3.59	3.59	3.08	3.38	19462
CLRO	2026-06-23	3.54	4.253	2.835	3.02	235233
CLRO	2026-06-24	3.083	3.2241	2.72	2.74	56751
CLRO	2026-06-25	2.875	3.2	2.76	3.15	16632
CLRO	2026-06-26	3.12	3.1737	3.12	3.1401	2413
CLRO	2026-06-29	3.11	3.35	3.11	3.35	6848
CLRO	2026-06-30	3.3202	3.34	3.0282	3.33	6571
CLRO	2026-07-01	2.99	3.22	2.99	3.22	6349
CLRO	2026-07-02	3.6	9.62	3.12	6.48	85301704
CLRO	2026-07-06	6.44	7.93	5.76	7	7286651
CLRO	2026-07-07	9.59	16.5	8.13	13.84	82068743
CLRO	2026-07-08	11.87	14.59	9.5	10.16	5961543
CLRO	2026-07-09	10.85	12.39	9.65	9.65	2389081
CLRO	2026-07-10	9.04	10.3907	8.11	8.39	657644
CLRO	2026-07-13	8.5	10	6.59	6.6	435000
CLRO	2026-07-14	6.2	9.45	5.5	6.62	1631954
CLRO	2026-07-15	6.58	9.8	6.58	7.69	2592061
CLRO	2026-07-16	7.59	7.96	6.88	7.21	187089
CLRO	2026-07-17	6.92	7.6986	6.26	7.3	216807
CLRO	2026-07-20	7.13	7.6	7.01	7.37	66632
CLRO	2026-07-21	7.03	7.3333	6.6	6.7	106892
CLRO	2026-07-22	6.65	6.81	5.79	6.24	103300
CLRO	2026-07-23	6.12	6.24	5.52	5.54	64233
CLRO	2026-07-24	5.54	5.5884	5.11	5.34	33140
CLRO	2026-07-27	5.23	5.35	4.67	5.07	55567
CLRO	2026-07-28	4.91	5.23	4.83	5.09	17283
CLRO	2026-07-29	4.94	5	4.37	4.5	23892
CLRO	2026-07-30	4.43	4.54	4.1105	4.31	18307
CLRO	2026-07-31	4.26	4.375	3.85	4.08	51299
CLRO	2026-08-03	3.88	4.64	3.88	4.19	18567
CLRO	2026-08-04	4.18	4.5	3.91	4.03	26191
CLRO	2026-08-05	3.9	4.14	3.59	3.68	20049
CLRO	2026-08-06	11.685	12.49	8.22	9.8	64312198
CLRO	2026-08-07	10.67	11.5	9.024	10.17	6747523
CLRO	2026-08-10	10.64	14.082	8.2	8.98	1921387
CLRO	2026-08-11	6.85	7.33	5.75	6.35	379392
CLRO	2026-08-12	6.13	6.6	5.42	5.79	185350
CLRO	2026-08-13	5.59	5.7688	5.26	5.67	60215
CLRO	2026-08-14	5.56	5.625	5.05	5.22	50251
CLRO	2026-08-17	5.12	5.2366	4.85	4.94	55210
CLRO	2026-08-18	4.92	5.43	4.8	5.245	110643
CLRO	2026-08-19	5.2	5.2	5	5	54259
CLRO	2026-08-20	4.91	5.7399	4.7214	5.58	81692
CLRO	2026-08-21	5.27	5.54	5.18	5.34	29194
CLRO	2026-08-24	5.3	5.8699	5.19	5.51	53363
CLW	2026-05-01	13.8	14	13.165	13.32	191890
CLW	2026-05-04	13.15	13.45	12.77	12.79	182059
CLW	2026-05-05	13.11	13.8	12.8685	13.59	186550
CLW	2026-05-06	13.96	14.56	13.79	14.23	278329
CLW	2026-05-07	14.22	14.3725	13.62	13.66	133590
CLW	2026-05-08	13.62	13.88	13.4	13.67	128012
CLW	2026-05-11	13.6	13.77	13.35	13.42	179047
CLW	2026-05-12	13.28	13.82	13.12	13.59	226549
CLW	2026-05-13	13.46	13.76	13.455	13.51	158403
CLW	2026-05-14	13.59	13.97	13.51	13.72	84199
CLW	2026-05-15	13.58	13.74	13.24	13.25	143778
CLW	2026-05-18	13.18	13.8	13.12	13.62	147622
CLW	2026-05-19	13.54	13.67	13.26	13.49	261732
CLW	2026-05-20	13.51	14.08	13.31	13.59	193004
CLW	2026-05-21	13.42	14.36	13.37	14.23	177721
CLW	2026-05-22	14.31	14.31	13.89	14.08	104445
CLW	2026-05-26	14.18	14.51	13.99	14.36	147454
CLW	2026-05-27	14.59	15.71	14.5	15.66	295252
CLW	2026-05-28	15.49	16.23	15.34	16.14	152622
CLW	2026-05-29	16.02	16.48	16.01	16.3	329863
CLW	2026-06-01	16.13	16.675	16.08	16.6	240851
CLW	2026-06-02	16.58	16.9	16.32	16.6	197731
CLW	2026-06-03	16.61	16.97	16.425	16.6	283934
CLW	2026-06-04	16.88	16.88	15.83	15.99	298067
CLW	2026-06-05	15.91	16.44	15.11	15.39	213165
CLW	2026-06-08	15.43	15.61	15.18	15.4	224442
CLW	2026-06-09	15.69	16.375	15.69	16.3	252890
CLW	2026-06-10	16.32	16.72	15.91	16.55	143589
CLW	2026-06-11	16.56	16.77	16.0601	16.5	228047
CLW	2026-06-12	16.75	17.93	16.73	17.68	308423
CLW	2026-06-15	17.9	18.2	17.35	17.38	133589
CLW	2026-06-16	17.51	17.97	17.06	17.37	115217
CLW	2026-06-17	17.39	17.635	16.535	16.7	262811
CLW	2026-06-18	16.73	17.18	16.73	16.79	324389
CLW	2026-06-22	16.62	16.67	15.57	15.66	267784
CLW	2026-06-23	15.63	15.96	15.525	15.62	185707
CLW	2026-06-24	15.85	16.86	15.52	16.82	224128
CLW	2026-06-25	16.83	16.95	16.39	16.67	132675
CLW	2026-06-26	16.76	16.91	16.4625	16.8	286695
CLW	2026-06-29	16.8	16.8	15.73	16.03	126259
CLW	2026-06-30	15.8	16.23	15.43	15.68	181135
CLW	2026-07-01	15.7	16.18	15.65	15.81	112001
CLW	2026-07-02	15.94	16.22	15.875	15.92	116591
CLW	2026-07-06	16	16.15	15.595	15.87	144343
CLW	2026-07-07	15.98	16.135	15.65	15.68	87478
CLW	2026-07-08	15.52	15.895	14.96	15.21	112722
CLW	2026-07-09	15.05	15.74	15.05	15.39	100256
CLW	2026-07-10	15.46	15.98	15.375	15.8	88062
CLW	2026-07-13	15.84	16.19	14.92	15.19	255750
CLW	2026-07-14	15.2	15.85	15	15.04	116606
CLW	2026-07-15	15.45	16.2	15.33	15.48	138656
CLW	2026-07-16	15.67	16.35	15.67	16.3	184177
CLW	2026-07-17	16.36	16.69	15.875	15.98	111232
CLW	2026-07-20	15.94	16.45	15.48	16.4	166308
CLW	2026-07-21	16.32	16.93	16.13	16.86	232967
CLW	2026-07-22	16.92	16.92	16.21	16.63	373272
CLW	2026-07-23	16.55	16.61	16.025	16.4	155209
CLW	2026-07-24	16.51	16.87	16.1	16.82	136804
CLW	2026-07-27	16.95	17.53	16.51	17.22	149629
CLW	2026-07-28	17.49	18.29	17.03	17.51	194914
CLW	2026-07-29	18.92	22.12	18.21	21.61	1109756
CLW	2026-07-30	21.39	21.5486	20.305	21.15	292463
CLW	2026-07-31	21.15	21.17	20.47	21.03	203172
CLW	2026-08-03	21.46	22.415	21.29	22.23	341885
CLW	2026-08-04	21.99	23.32	21.88	22.85	249205
CLW	2026-08-05	22.7	23.15	22.07	22.76	210456
CLW	2026-08-06	22.59	22.9	22.3335	22.86	167701
CLW	2026-08-07	22.85	23.59	22.795	23.31	159384
CLW	2026-08-10	22.96	23.46	22.67	22.83	163243
CLW	2026-08-11	22.77	23.18	22.505	22.67	134415
CLW	2026-08-12	22.96	22.98	22.03	22.1	127109
CLW	2026-08-13	22.24	22.32	21.63	21.95	110043
CLW	2026-08-14	21.92	21.92	21.35	21.42	86115
CLW	2026-08-17	21.15	21.35	20.4	20.63	191817
CLW	2026-08-18	20.51	20.84	20.28	20.67	143825
CLW	2026-08-19	20.9	21.75	20.9	21.13	269377
CLW	2026-08-20	20.82	22.095	20.735	21.71	165313
CLW	2026-08-21	21.78	22.04	21.37	21.75	130258
CLW	2026-08-24	21.98	21.98	21.15	21.26	103944
COHU	2026-05-01	48.9	49.34	44.33	45.59	3365811
COHU	2026-05-04	46.2	46.9	45.23	46.69	1710142
COHU	2026-05-05	47.49	49.4499	47.01	48.45	1525234
COHU	2026-05-06	49.19	50.68	47.72	49.62	1223787
COHU	2026-05-07	49.78	49.9551	47.29	47.48	1299383
COHU	2026-05-08	48.56	50	48	49.54	735744
COHU	2026-05-11	50.46	52.4283	49.88	51.28	1130227
COHU	2026-05-12	50.22	50.22	47.33	49.32	949788
COHU	2026-05-13	50.28	50.62	48.22	49.16	923502
COHU	2026-05-14	49.68	50.5	47.96	48.96	1557683
COHU	2026-05-15	46.58	47.43	46	47.14	903330
COHU	2026-05-18	47.65	47.94	43.585	44.2	1241216
COHU	2026-05-19	43.085	43.55	41.55	42.77	1880485
COHU	2026-05-20	43.85	45.115	43.49	44.98	1037742
COHU	2026-05-21	44.84	46.5	44.68	45.65	745528
COHU	2026-05-22	45.98	47.13	44.9901	46.53	713620
COHU	2026-05-26	47.85	50	46.82	49.93	2604350
COHU	2026-05-27	51.79	55.06	51.1	54.94	2334029
COHU	2026-05-28	55.105	55.2	53.05	54.05	1652681
COHU	2026-05-29	54.45	55.13	51.93	52.75	2065055
COHU	2026-06-01	51.59	54.53	51.0001	54.5	1607839
COHU	2026-06-02	55.545	58.47	55.33	57.59	4651158
COHU	2026-06-03	57.32	58.4599	55.65	56.12	1127327
COHU	2026-06-04	54	57.42	53.5	55.88	1225068
COHU	2026-06-05	53.92	54.535	49.38	49.81	1607375
COHU	2026-06-08	52.22	54.03	51.31	52.51	943457
COHU	2026-06-09	55.51	57.51	51.11	54.99	1853039
COHU	2026-06-10	54.23	57.2899	53.34	54.47	1777602
COHU	2026-06-11	56.57	58.7	54.915	58.57	1409910
COHU	2026-06-12	58.53	61.8	57.915	61.33	1168225
COHU	2026-06-15	63.88	65.23	62.42	64.05	1272501
COHU	2026-06-16	64.56	69.63	62.13	62.41	1956807
COHU	2026-06-17	64.16	67.4	63.26	65.45	1403565
COHU	2026-06-18	68.355	70.465	68	69.4	1635175
COHU	2026-06-22	70.41	70.92	68.75	70.07	897225
COHU	2026-06-23	64.605	65.945	63.07	64.37	1416821
COHU	2026-06-24	65.56	66.05	62.05	63.66	1257777
COHU	2026-06-25	66.89	68.59	63.74	67.36	1860642
COHU	2026-06-26	65.44	66	62	64.08	2619898
COHU	2026-06-29	62.91	68.2	61.39	68.12	1219144
COHU	2026-06-30	68.95	74.6	68.27	73.91	1418301
COHU	2026-07-01	70.26	72.55	68.58	69.11	1164909
COHU	2026-07-02	68.65	68.74	57.3773	59.27	2199289
COHU	2026-07-06	60.81	63.08	58.49	58.7	1163324
COHU	2026-07-07	54.52	55.56	50.86	50.97	2687753
COHU	2026-07-08	50.16	52.66	49.65	52.12	1276564
COHU	2026-07-09	56.49	58.83	55.08	55.14	1098697
COHU	2026-07-10	54.85	57.475	53.9	56.17	929496
COHU	2026-07-13	53.78	54.505	52.36	52.81	774707
COHU	2026-07-14	55.96	56.295	53.8673	55.78	945561
COHU	2026-07-15	57.92	58.68	52.07	55.02	734911
COHU	2026-07-16	52.33	53.9599	50.29	51.51	1015356
COHU	2026-07-17	48.33	51.78	46.05	51.19	1008631
COHU	2026-07-20	52.77	53.22	50.72	51.55	470717
COHU	2026-07-21	54.62	56.38	53.85	56.22	688848
COHU	2026-07-22	54.1	56.38	54.1	55.01	462586
COHU	2026-07-23	54.47	56.17	53.73	54.51	413921
COHU	2026-07-24	54	54.19	50.1801	50.7	402444
COHU	2026-07-27	50.55	51.01	46.1	47.81	1128397
COHU	2026-07-28	44.77	45.27	41.6	42.47	1310460
COHU	2026-07-29	41.51	42.93	39.2	39.34	1789091
COHU	2026-07-30	43.51	47.79	42.31	46.45	2363584
COHU	2026-07-31	57.7	57.88	46.915	47.99	2609871
COHU	2026-08-03	46.55	50	45.5423	48.84	1130009
COHU	2026-08-04	51.91	53.11	50.2959	52.84	981774
COHU	2026-08-05	51.54	53.12	50.5	51.73	1109659
COHU	2026-08-06	50.58	53.32	48.7644	51.79	636532
COHU	2026-08-07	53.46	54.19	52.202	52.88	414969
COHU	2026-08-10	53.99	53.99	49.41	49.47	550287
COHU	2026-08-11	51.13	52.94	49.95	52.82	559042
COHU	2026-08-12	55.13	59.45	54.49	56.14	2389577
COHU	2026-08-13	55.89	59.5	55.57	58.34	972343
COHU	2026-08-14	57.46	59.88	56.48	59.3	607395
COHU	2026-08-17	61.9	63.53	60.3122	62.62	853036
COHU	2026-08-18	58.78	60.74	56.8894	59.22	1465394
COHU	2026-08-19	59.59	60.075	54	55.19	968235
COHU	2026-08-20	54.64	55.6	53.1	54.11	651372
COHU	2026-08-21	55.31	55.475	52.42	54.37	789100
COHU	2026-08-24	52.57	52.62	50.5	51.3	645663
COLL	2026-05-01	33.79	34.35	33.385	34.32	344422
COLL	2026-05-04	34.11	35.27	33.509	34.58	448408
COLL	2026-05-05	34.76	35.5	34.325	35.32	390480
COLL	2026-05-06	35.092	36.76	35.092	36.51	900915
COLL	2026-05-07	37.5	39.58	35.81	39.33	913790
COLL	2026-05-08	39.65	40.5	37.61	37.8	697981
COLL	2026-05-11	37.8	37.83	35.76	35.81	479288
COLL	2026-05-12	35.75	36.42	34.72	35.69	492617
COLL	2026-05-13	36.11	36.47	34.55	34.87	638465
COLL	2026-05-14	34.87	35.38	34.42	34.83	259686
COLL	2026-05-15	34.87	35.0434	33.41	33.78	307676
COLL	2026-05-18	33.66	35.07	33.63	33.65	427681
COLL	2026-05-19	33.77	34.145	33.24	33.62	297531
COLL	2026-05-20	33.83	34.455	33.45	34.22	322885
COLL	2026-05-21	33.9	34.64	33.323013	34.42	206521
COLL	2026-05-22	34.55	35.005	33.98	34.07	163817
COLL	2026-05-26	34.03	34.295	33.57	33.78	283710
COLL	2026-05-27	33.91	35.13	33.56	33.68	377602
COLL	2026-05-28	33.48	34.295	33.059	33.37	304694
COLL	2026-05-29	33.23	33.62	33	33.61	489846
COLL	2026-06-01	33.13	33.6378	31.56	31.78	512040
COLL	2026-06-02	31.4	31.76	30.43	30.48	668658
COLL	2026-06-03	30.48	31.235	30.13	31.06	473482
COLL	2026-06-04	31.61	32.81	31.61	32.69	350122
COLL	2026-06-05	33.02	34.25	33.01	33.38	333286
COLL	2026-06-08	33.46	33.68	33.11	33.27	422374
COLL	2026-06-09	33.71	34.85	33.605	34.4	257978
COLL	2026-06-10	34.34	35.47	34.34	34.8	374980
COLL	2026-06-11	34.51	35.52	34.04	34.34	461374
COLL	2026-06-12	34.69	34.926	34.32	34.64	278459
COLL	2026-06-15	34.7	35.21	34.06	34.19	408095
COLL	2026-06-16	34.53	34.87	33.81	34.65	181438
COLL	2026-06-17	33.27	34.665	31.6914	33.68	412383
COLL	2026-06-18	33.99	34.27	33.01	33.54	631850
COLL	2026-06-22	33.54	33.86	32.9	33.45	477258
COLL	2026-06-23	33.92	34.87	33.79	34.62	317954
COLL	2026-06-24	34.89	36.09	34.89	35.58	352712
COLL	2026-06-25	35.37	36.18	34.54	34.84	229560
COLL	2026-06-26	34.94	37.11	34.94	36.59	1618481
COLL	2026-06-29	36.33	36.39	35.21	35.98	510631
COLL	2026-06-30	36.09	36.3	35.17	36.2	357579
COLL	2026-07-01	36.55	37.22	35.74	35.87	405876
COLL	2026-07-02	36.47	37.42	36	37.03	480470
COLL	2026-07-06	37.27	38.26	36.6	37.47	644938
COLL	2026-07-07	38.21	38.495	36.38	36.44	471253
COLL	2026-07-08	36.73	36.73	35.79	35.83	445359
COLL	2026-07-09	35.66	36.12	34.57	35.81	466329
COLL	2026-07-10	36.12	36.27	35.14	35.23	297616
COLL	2026-07-13	35.15	35.535	34.645	34.82	343215
COLL	2026-07-14	34.57	35.28	34.25	35.02	549376
COLL	2026-07-15	34.89	36.76	34.51	36.72	623858
COLL	2026-07-16	37	37.7	36.225	36.27	379954
COLL	2026-07-17	36	36.9327	35.5	36.08	316576
COLL	2026-07-20	36.15	36.92	35.31	35.54	383545
COLL	2026-07-21	35.26	36.295	35.15	35.85	301535
COLL	2026-07-22	35.89	36.51	34.59	34.72	231336
COLL	2026-07-23	34.32	35.69	34	35.59	253217
COLL	2026-07-24	35.72	35.85	35.155	35.2	254084
COLL	2026-07-27	35.44	36.03	35.26	35.52	309711
COLL	2026-07-28	36	36.56	35.52	35.9	224486
COLL	2026-07-29	35.96	36.635	35.96	36.29	348290
COLL	2026-07-30	35.72	36.4	35.175	35.98	260783
COLL	2026-07-31	35.71	36.28	34.4003	35.39	288492
COLL	2026-08-03	35.43	36.45	34.68	35.58	374251
COLL	2026-08-04	35.46	36	35	35.73	438600
COLL	2026-08-05	35.71	36.42	35.42	35.74	402417
COLL	2026-08-06	31.675	33.03	28.9	29.11	2130883
COLL	2026-08-07	29.01	29.81	28.01	29.47	1010189
COLL	2026-08-10	28.9	29.335	27.11	27.2	940910
COLL	2026-08-11	27.2	27.44	25.9	25.98	1158589
COLL	2026-08-12	26.5	26.5	25.47	25.7	1003625
COLL	2026-08-13	27.77	29.3	27.22	28.15	1421222
COLL	2026-08-14	27.59	28.52	27.135	28.23	695302
COLL	2026-08-17	28.37	29.01	27.87	28.07	864837
COLL	2026-08-18	28.4	28.76	28.1	28.5	800212
COLL	2026-08-19	28.89	29.65	28.51	28.74	769362
COLL	2026-08-20	28.35	28.5	27.25	27.54	601624
COLL	2026-08-21	27.68	27.68	26.96	27.11	704929
COLL	2026-08-24	27.08	27.985	26.87	27.35	758313
CON	2026-05-01	22.3	22.795	22.27	22.53	532831
CON	2026-05-04	22.83	22.83	22.27	22.67	629777
CON	2026-05-05	22.71	22.86	22.43	22.82	571686
CON	2026-05-06	23.04	23.215	22.66	22.82	505605
CON	2026-05-07	22.725	24.34	22.21	23.6	2085555
CON	2026-05-08	24.27	25	22.95	24.16	3129745
CON	2026-05-11	24.05	25	23.87	25	1129138
CON	2026-05-12	25	25.68	24.42	25.57	1633603
CON	2026-05-13	25.54	25.87	25.14	25.87	992248
CON	2026-05-14	26.24	26.655	26.03	26.2	874355
CON	2026-05-15	26.35	26.6	25.78	25.87	657472
CON	2026-05-18	25.61	26.33	25.475	26.08	530349
CON	2026-05-19	26.175	26.175	25.39	25.53	601984
CON	2026-05-20	25.59	26	25.29	25.42	783826
CON	2026-05-21	25.24	25.59	24.98	25.59	613683
CON	2026-05-22	25.66	25.76	25.055	25.32	887346
CON	2026-05-26	25.13	25.6	25.13	25.53	628267
CON	2026-05-27	25.71	26.24	25.48	25.8	516591
CON	2026-05-28	25.69	25.82	25.19	25.36	691973
CON	2026-05-29	25.21	25.42	24.75	24.87	1352115
CON	2026-06-01	25	25.45	24.51	25.25	985913
CON	2026-06-02	25.26	25.56	24.97	25.09	778640
CON	2026-06-03	25.235	25.255	24.6	24.75	662070
CON	2026-06-04	25.11	25.38	24.645	24.92	747378
CON	2026-06-05	25.57	25.85	25.32	25.32	583614
CON	2026-06-08	25.51	25.87	25.235	25.46	563047
CON	2026-06-09	25.67	26.39	25.65	26.11	1017771
CON	2026-06-10	26.4	26.74	26.29	26.61	989208
CON	2026-06-11	26.37	27.63	26.37	27.24	1429184
CON	2026-06-12	27.45	28.205	27.415	28.13	1303613
CON	2026-06-15	28.03	28.47	27.78	28.15	893176
CON	2026-06-16	28.32	28.615	28.27	28.46	910909
CON	2026-06-17	28.27	28.7	28.18	28.38	800049
CON	2026-06-18	28.94	28.94	28.4	28.56	1399573
CON	2026-06-22	28.69	28.915	28.48	28.49	660168
CON	2026-06-23	28.11	28.94	28.08	28.66	493464
CON	2026-06-24	28.78	29.385	28.75	29.14	784326
CON	2026-06-25	29.23	29.77	29.08	29.61	941718
CON	2026-06-26	29.64	30.24	29.51	30.18	2994692
CON	2026-06-29	29.85	30.37	29.55	29.77	1000467
CON	2026-06-30	29.41	30	29.41	29.75	1241015
CON	2026-07-01	29.83	30.9	29.39	30.77	2191254
CON	2026-07-02	30.9	31.93	30.85	31.91	1270446
CON	2026-07-06	32.09	32.35	31.73	31.84	1036412
CON	2026-07-07	31.84	32.32	31.63	31.63	1034892
CON	2026-07-08	31.54	31.7	31.27	31.46	903674
CON	2026-07-09	31.61	31.8299	31.33	31.4	653184
CON	2026-07-10	31.45	31.69	31.25	31.55	793921
CON	2026-07-13	31.6	31.9216	31.35	31.39	696358
CON	2026-07-14	31.34	31.38	30.4575	30.9	1029582
CON	2026-07-15	30.76	31.09	30.55	30.56	880842
CON	2026-07-16	31.12	32.18	30.92	31.64	1032690
CON	2026-07-17	31.39	32.03	31.27	31.61	765258
CON	2026-07-20	31.71	31.985	31.295	31.31	796277
CON	2026-07-21	31.47	31.79	31.16	31.78	988538
CON	2026-07-22	31.435	31.9399	31.15	31.27	763012
CON	2026-07-23	31.42	31.57	30	31.53	689345
CON	2026-07-24	32	32.505	31.53	31.61	1254233
CON	2026-07-27	31.33	32.2799	31.33	31.89	519368
CON	2026-07-28	32.22	32.82	32.1	32.69	646015
CON	2026-07-29	32.86	32.86	31.46	31.61	773304
CON	2026-07-30	31.59	31.79	31.0766	31.62	740707
CON	2026-07-31	31.22	31.9	30.96	31.65	556927
CON	2026-08-03	31.65	32.085	31.65	31.7	606199
CON	2026-08-04	31.49	31.59	31.005	31.12	741043
CON	2026-08-05	31.35	31.53	30.37	30.76	1449455
CON	2026-08-06	30.86	30.95	30.125	30.54	1388634
CON	2026-08-07	34.27	35.15	32.09	34.06	2037661
CON	2026-08-10	33.56	34.7526	33.325	34.1	982221
CON	2026-08-11	34.36	34.38	33	33.03	789852
CON	2026-08-12	32.74	34.55	32.74	34.54	1120458
CON	2026-08-13	35	35.135	34.55	35.12	1435304
CON	2026-08-14	34.91	35.52	34.9	35.43	811530
CON	2026-08-17	35.54	35.831535	35.051	35.53	739680
CON	2026-08-18	35.47	35.9	35.04	35.05	886819
CON	2026-08-19	35.34	35.675	34.56	34.77	964105
CON	2026-08-20	35.49	35.49	34.45	34.81	614890
CON	2026-08-21	34.96	35.16	34.655	35	833789
CON	2026-08-24	34.58	35.4754	34.58	34.99	566202
CORZ	2026-05-01	20.11	20.96	19.92	20.35	11645025
CORZ	2026-05-04	20.276	21.56	20.15	21.1	16022702
CORZ	2026-05-05	21.2	22.435	21.07	22.19	13965398
CORZ	2026-05-06	23.52	25.01	23.43	24.63	38448464
CORZ	2026-05-07	22.445	23	20.81	22.36	36719126
CORZ	2026-05-08	23.065	23.4	22.26	22.92	14758409
CORZ	2026-05-11	22.4	23.81	21.92	22.95	13755920
CORZ	2026-05-12	22.22	22.899	21.69	22.79	10001823
CORZ	2026-05-13	24.07	24.325	23.1	24	16164438
CORZ	2026-05-14	24.015	25.17	23.59	24.92	17210539
CORZ	2026-05-15	24	24.6	23.37	24.21	10124300
CORZ	2026-05-18	24.165	24.165	22.615	23.57	10372702
CORZ	2026-05-19	22.986	23.25	21.815	22.92	12322112
CORZ	2026-05-20	23.31	23.59	22.785	23.18	6490527
CORZ	2026-05-21	23.39	25.06	23.39	24.82	14130168
CORZ	2026-05-22	25.025	25.63	24.415	25.26	11424754
CORZ	2026-05-26	26.45	26.83	25.79	26.37	18587984
CORZ	2026-05-27	26.315	27.7	26.02	27.2	16125815
CORZ	2026-05-28	27.22	28.19	26.99	27.76	16841435
CORZ	2026-05-29	27.7	27.7999	26.43	26.85	14192114
CORZ	2026-06-01	26.785	29.09	26.4	28.55	17047713
CORZ	2026-06-02	29	30.46	28.9	29.05	19593409
CORZ	2026-06-03	28.72	29.7	28.5138	28.93	10174456
CORZ	2026-06-04	27.84	28.505	27.43	27.91	8814209
CORZ	2026-06-05	27.114	27.19	25.18	25.85	13380776
CORZ	2026-06-08	26.37	27.34	25.94	27.15	7859151
CORZ	2026-06-09	28.25	28.57	25.28	27.01	12183448
CORZ	2026-06-10	26.65	27.48	25.24	25.69	11851696
CORZ	2026-06-11	25.72	27.695	25.62	27.22	11928520
CORZ	2026-06-12	27.735	28.36	27.39	27.6	7232525
CORZ	2026-06-15	28.265	28.84	27.6	28.22	11246822
CORZ	2026-06-16	28.08	29.08	27.9	28.08	8335831
CORZ	2026-06-17	28.27	29.48	27.94	28.38	13332245
CORZ	2026-06-18	29.12	30.045	28.58	29.16	17429670
CORZ	2026-06-22	29.6	30.43	28.56	29.08	10572851
CORZ	2026-06-23	27.545	29.505	27.46	29.16	7853556
CORZ	2026-06-24	29.12	29.145	27.035	27.79	12664655
CORZ	2026-06-25	28.22	28.48	26.91	27.27	10278093
CORZ	2026-06-26	26.384	27.88	25.79	27.2	20545318
CORZ	2026-06-29	27.535	28.04	25.45	25.94	11254876
CORZ	2026-06-30	25.62	26.0694	24.67	25.59	12583333
CORZ	2026-07-01	24.82	24.94	22.64	23.71	17739861
CORZ	2026-07-02	23.95	23.95	21.055	21.43	18103284
CORZ	2026-07-06	22.265	23.165	22.12	22.8	9411252
CORZ	2026-07-07	21.99	22.28	20.71	21.54	11241754
CORZ	2026-07-08	21.41	23.69	21.27	23.5	16080380
CORZ	2026-07-09	24.28	24.65	23.57	23.74	8428172
CORZ	2026-07-10	23.6	24.19	22.915	23.49	6587786
CORZ	2026-07-13	22.945	23.1399	21.865	22.71	8178567
CORZ	2026-07-14	23.27	23.48	21.95	22.09	6607423
CORZ	2026-07-15	22.17	22.875	21.285	22.72	8545819
CORZ	2026-07-16	22.25	22.25	20.74	21.02	6672334
CORZ	2026-07-17	20.305	21.45	19.89	20.94	9350666
CORZ	2026-07-20	21.9	22.79	21.85	22.4	11978499
CORZ	2026-07-21	22.87	24.6597	22.79	24.01	12601312
CORZ	2026-07-22	23.63	24.61	23.5	23.62	5062188
CORZ	2026-07-23	23.34	24.585	23.16	23.96	7288889
CORZ	2026-07-24	23.62	23.685	22.52	22.75	8231625
CORZ	2026-07-27	22.351	22.7	20.39	20.74	9839112
CORZ	2026-07-28	20.95	21.26	19.575	20.745	27626849
CORZ	2026-07-29	20.905	21.03	17.915	18.12	35467265
CORZ	2026-07-30	19.795	22.55	19.69	21.81	22519210
CORZ	2026-07-31	22.96	23	20.67	20.72	11965979
CORZ	2026-08-03	20.375	22.98	19.86	22.83	23672044
CORZ	2026-08-04	22.83	23.6	22.4	22.81	14809381
CORZ	2026-08-05	22.38	22.97	21.73	21.77	11512088
CORZ	2026-08-06	21.255	21.7119	20.885	21.05	7465007
CORZ	2026-08-07	21.63	21.645	20.43	21.01	8419257
CORZ	2026-08-10	20.96	21.05	19.43	19.44	18693295
CORZ	2026-08-11	20.29	20.56	19.47	19.76	7916349
CORZ	2026-08-12	21.365	21.66	20.535	20.87	12357233
CORZ	2026-08-13	20.61	21.39	19.59	19.78	10821881
CORZ	2026-08-14	19.67	20.38	19.43	20.18	10179756
CORZ	2026-08-17	20.22	20.5	19.71	20.13	10963702
CORZ	2026-08-18	19.5	19.78	18.515	18.85	13766610
CORZ	2026-08-19	18.905	19.34	18.15	18.72	9730441
CORZ	2026-08-20	18.89	19.145	17.885	18.39	11450378
CORZ	2026-08-21	18.78	19.26	17.71	17.81	12895643
CORZ	2026-08-24	17.47	17.82	17.145	17.27	10401744
CPS	2026-05-01	30.1	30.7125	29.43	30.62	130455
CPS	2026-05-04	30.52	30.52	28.93	28.97	126655
CPS	2026-05-05	29.16	31	28.86	30.31	156011
CPS	2026-05-06	31.15	32.27	30.62	30.69	273312
CPS	2026-05-07	34	35.92	30.18	30.49	425575
CPS	2026-05-08	31.19	33.19	30.71	30.8	306677
CPS	2026-05-11	30.94	30.96	29.965	30.16	167821
CPS	2026-05-12	30.14	30.25	28.575	28.77	191525
CPS	2026-05-13	28.68	29.42	28.5	29.08	130355
CPS	2026-05-14	29.29	29.73	28.76	28.78	102103
CPS	2026-05-15	28.35	28.748	26.81	26.86	159692
CPS	2026-05-18	26.79	27.6483	26.42	26.62	147803
CPS	2026-05-19	26.35	26.57	25.27	26.01	137881
CPS	2026-05-20	25.99	27.13	25.6601	26.98	119103
CPS	2026-05-21	26.51	28.3	25.6101	28.01	122289
CPS	2026-05-22	28.2	28.62	27.7901	28.45	92210
CPS	2026-05-26	28.97	30.47	28.97	30.06	134075
CPS	2026-05-27	30.5	31.56	29.61	30.3	121971
CPS	2026-05-28	29.85	30.94	29	30.64	118042
CPS	2026-05-29	30.42	30.7	30.05	30.33	116195
CPS	2026-06-01	30.19	30.78	29.73	30.25	142196
CPS	2026-06-02	30.48	31.315	30.31	31.02	135193
CPS	2026-06-03	30.48	30.845	29.83	30.08	172933
CPS	2026-06-04	30.55	31.37	30.34	30.89	142585
CPS	2026-06-05	30.47	30.585	29.24	29.32	167982
CPS	2026-06-08	29.78	30.03	29.19	29.26	108444
CPS	2026-06-09	29.8	30.6252	28.16	29.43	136380
CPS	2026-06-10	29.16	29.78	28.41	28.53	97546
CPS	2026-06-11	28.57	29.35	28.26	28.37	159094
CPS	2026-06-12	28.81	29.93	28.4175	29.46	137572
CPS	2026-06-15	30.28	31.58	29.33	29.37	155687
CPS	2026-06-16	29.76	30.06	29.48	29.79	107240
CPS	2026-06-17	29.56	30.54	28.545	28.68	128368
CPS	2026-06-18	28.96	30.07	28.96	29.82	155179
CPS	2026-06-22	29.88	30.16	29.31	29.63	146659
CPS	2026-06-23	29.34	29.37	28.47	28.82	185949
CPS	2026-06-24	28.91	29.52	28.01	28.06	119402
CPS	2026-06-25	28.39	28.57	27.115	27.54	126226
CPS	2026-06-26	27.13	28.7	27.02	28.58	446564
CPS	2026-06-29	28.17	28.2	25.93	25.95	264685
CPS	2026-06-30	25.75	27.2699	25.75	27.05	163445
CPS	2026-07-01	27.34	27.63	26.38	26.41	136619
CPS	2026-07-02	26.68	27.26	26.05	26.39	122185
CPS	2026-07-06	26.58	28.13	26.58	27.99	230015
CPS	2026-07-07	27.72	28.3599	27.16	27.41	78900
CPS	2026-07-08	27.32	27.355	26.28	27.01	145010
CPS	2026-07-09	27	27.535	26.6701	27.33	102598
CPS	2026-07-10	27.53	28.51	27.53	27.75	104208
CPS	2026-07-13	27.34	27.8503	26.92	27.02	103306
CPS	2026-07-14	26.73	27.83	26.54	27.55	175700
CPS	2026-07-15	27.26	30.35	27.26	28.68	274045
CPS	2026-07-16	28.65	30.5	28.65	29.07	119641
CPS	2026-07-17	28.14	29.34	27.4901	27.62	109427
CPS	2026-07-20	27.27	28.17	27.03	27.85	151027
CPS	2026-07-21	28.13	29.15	27.5501	28.9	131039
CPS	2026-07-22	29.09	29.5	28.19	29	214317
CPS	2026-07-23	28.34	29.59	28.0601	29.24	150878
CPS	2026-07-24	29.68	29.695	28.21	28.41	135464
CPS	2026-07-27	29.16	29.32	28.11	28.63	112484
CPS	2026-07-28	28.96	29.81	28.1477	29.61	112894
CPS	2026-07-29	29.54	31.74	28.885	29.14	251409
CPS	2026-07-30	29.15	29.71	28.5	28.97	127919
CPS	2026-07-31	29.04	29.47	27.885	29.47	166999
CPS	2026-08-03	29.83	30.49	29.4801	30.32	182821
CPS	2026-08-04	30.42	30.98	29.87	30.76	185529
CPS	2026-08-05	30.91	31.8234	30.7	31.17	221584
CPS	2026-08-06	29.41	30.1	27.17	27.63	496914
CPS	2026-08-07	28.51	32.47	27.95	31.4	359997
CPS	2026-08-10	30.82	31.025	28.36	28.39	253329
CPS	2026-08-11	28.32	29.5666	27.27	27.42	191677
CPS	2026-08-12	27.63	28.7399	27.14	27.57	230966
CPS	2026-08-13	27.98	28.0901	27.07	27.23	201102
CPS	2026-08-14	27.9	28.8416	27.72	28.45	190379
CPS	2026-08-17	28.23	28.7943	27.53	27.63	180149
CPS	2026-08-18	27.7	28.29	26.9	27.88	190658
CPS	2026-08-19	28.13	28.815	28.13	28.47	102752
CPS	2026-08-20	27.98	28.32	27.29	27.49	164843
CPS	2026-08-21	27.68	28.48	27.68	28.03	144661
CPS	2026-08-24	28.07	28.07	26.46	26.51	187725
CRML	2026-05-01	12.52	12.84	11.9	12.44	13795921
CRML	2026-05-04	13.125	13.96	12.63	12.91	24565385
CRML	2026-05-05	13.38	14.08	12.98	13.31	19514366
CRML	2026-05-06	13.56	14.27	12.98	13.93	18232376
CRML	2026-05-07	13.97	13.98	12.535	12.85	14143065
CRML	2026-05-08	13.02	13.3828	12.34	12.53	10503666
CRML	2026-05-11	12	12.95	11.44	12.09	12407641
CRML	2026-05-12	11.85	12.54	11.335	11.83	9316084
CRML	2026-05-13	11.665	12.1	11.325	11.46	8515006
CRML	2026-05-14	11.25	11.99	10.67	11.6	9951366
CRML	2026-05-15	11.145	11.84	10.94	11.18	7678858
CRML	2026-05-18	11.11	11.23	10.13	10.51	7807145
CRML	2026-05-19	10.14	10.26	9.7112	9.8	7184818
CRML	2026-05-20	10.03	10.98	9.84	10.75	9416252
CRML	2026-05-21	11.36	11.545	10.9	11.14	11860160
CRML	2026-05-22	11.24	11.8299	10.845	10.98	10081239
CRML	2026-05-26	11.22	12	10.93	11.74	11736893
CRML	2026-05-27	11.47	11.7351	11.08	11.58	6598278
CRML	2026-05-28	11.38	12.105	11.16	11.61	10334982
CRML	2026-05-29	11.8	11.835	11.05	11.2	7740869
CRML	2026-06-01	11.02	12.405	10.66	12.17	13723575
CRML	2026-06-02	12.075	12.6	11.8	12.01	9774438
CRML	2026-06-03	11.72	12.04	10.895	11.01	9814834
CRML	2026-06-04	10.74	11.0397	10.53	10.97	4109292
CRML	2026-06-05	10.6	10.63	9.5	9.74	9160990
CRML	2026-06-08	10.01	10.21	9.69	10.11	4814135
CRML	2026-06-09	10.11	10.19	9	9.41	6301232
CRML	2026-06-10	9.26	9.7	9.1407	9.17	3472505
CRML	2026-06-11	9.12	9.91	9.07	9.74	3837268
CRML	2026-06-12	9.8	9.96	9.46	9.9	4050168
CRML	2026-06-15	10.33	10.645	10.21	10.48	4579133
CRML	2026-06-16	10.26	10.41	9.54	9.56	4317187
CRML	2026-06-17	9.7	10.53	9.66	10.07	5951862
CRML	2026-06-18	10.3	10.32	9.88	10.15	3977744
CRML	2026-06-22	10.355	10.6	9.96	10.45	5740152
CRML	2026-06-23	9.73	10.4399	9.66	9.71	5415766
CRML	2026-06-24	9.55	10	9.19	9.35	4472904
CRML	2026-06-25	9.45	9.5	8.78	9.26	4271209
CRML	2026-06-26	9.14	10.03	8.975	9.99	7267268
CRML	2026-06-29	9.855	10.27	9.745	10.27	4484564
CRML	2026-06-30	10.36	10.4	10.065	10.25	3775095
CRML	2026-07-01	10.18	10.235	9.85	9.85	3213523
CRML	2026-07-02	9.87	10.35	9.5	9.56	3762248
CRML	2026-07-06	9.7	10.025	9.26	9.26	4154781
CRML	2026-07-07	9.07	9.115	8.415	8.75	7648905
CRML	2026-07-08	8.44	8.75	7.97	8.45	5528742
CRML	2026-07-09	8.45	8.67	8.345	8.47	7554853
CRML	2026-07-10	8.51	8.55	7.93	7.95	4347901
CRML	2026-07-13	7.78	7.78	7.3	7.45	5289713
CRML	2026-07-14	7.89	8.025	7.63	7.93	4277384
CRML	2026-07-15	7.955	8	7.42	7.47	3949099
CRML	2026-07-16	7.3	7.37	6.59	6.71	7718994
CRML	2026-07-17	6.6	6.68	6.3	6.4	5688681
CRML	2026-07-20	6.51	6.51	6.02	6.21	5873893
CRML	2026-07-21	6.44	6.64	6.2506	6.35	6882270
CRML	2026-07-22	6.34	7.1	6.32	6.52	7619397
CRML	2026-07-23	6.31	6.48	6.02	6.11	5961344
CRML	2026-07-24	6.125	6.125	5.77	5.81	4698902
CRML	2026-07-27	5.98	6.21	5.81	6.04	4988469
CRML	2026-07-28	5.845	5.8799	5.43	5.66	6494908
CRML	2026-07-29	5.65	5.65	5.115	5.13	5077780
CRML	2026-07-30	5.43	5.635	5.302	5.56	6454292
CRML	2026-07-31	5.71	5.82	5.385	5.49	5098015
CRML	2026-08-03	5.47	6.455	5.3203	6.38	6960745
CRML	2026-08-04	6.75	6.92	6.42	6.78	9264418
CRML	2026-08-05	6.66	7.11	6.56	6.68	6178130
CRML	2026-08-06	6.365	6.85	6.24	6.55	4474219
CRML	2026-08-07	6.99	7.44	6.88	7.25	9231895
CRML	2026-08-10	7.375	7.38	6.875	6.94	6317059
CRML	2026-08-11	6.82	6.9	6.68	6.77	4513888
CRML	2026-08-12	6.9	6.94	6.56	6.61	3619147
CRML	2026-08-13	6.455	6.7089	6.41	6.58	4680441
CRML	2026-08-14	6.69	7.15	6.6	6.66	6321647
CRML	2026-08-17	6.522	6.67	6.3711	6.57	4949979
CRML	2026-08-18	6.22	6.5498	6.06	6.15	4776191
CRML	2026-08-19	6.28	6.3986	6.025	6.17	7218401
CRML	2026-08-20	6.065	6.22	5.685	5.8	6583403
CRML	2026-08-21	6	7.2	5.965	7.11	16322045
CRML	2026-08-24	6.95	7.0709	6.5	6.67	9301379
CSTL	2026-05-01	24.53	25.11	24.1503	24.81	175698
CSTL	2026-05-04	24.73	25.7	24.73	25.52	224060
CSTL	2026-05-05	25.43	25.5	24.43	24.6	395067
CSTL	2026-05-06	24.66	25.23	24.25	24.75	670072
CSTL	2026-05-07	22.66	22.88	18.3101	19.24	1895105
CSTL	2026-05-08	19.26	19.85	18.66	19.83	489120
CSTL	2026-05-11	19.905	19.98	18.89	19.04	485720
CSTL	2026-05-12	18.95	19.225	18.35	18.63	552393
CSTL	2026-05-13	18.51	18.82	17.81	18.15	657666
CSTL	2026-05-14	18.25	19	17.722	18.88	641939
CSTL	2026-05-15	18.69	19.61	18.635	19.13	554909
CSTL	2026-05-18	18.48	20.22	18.48	19.32	509592
CSTL	2026-05-19	19.42	19.705	18.82	19.2	332563
CSTL	2026-05-20	19.28	20.05	18.91	20.03	420212
CSTL	2026-05-21	19.78	20.65	19.73	20.54	327241
CSTL	2026-05-22	20.52	20.91	20.08	20.15	289270
CSTL	2026-05-26	20.12	20.12	19.55	19.69	387656
CSTL	2026-05-27	19.77	21.81	19.675	21.26	625941
CSTL	2026-05-28	21.12	22.18	21.1	22.11	297181
CSTL	2026-05-29	21.99	22.14	20.99	21.08	358495
CSTL	2026-06-01	20.98	21.21	20.4519	20.97	312020
CSTL	2026-06-02	20.54	20.54	19.51	19.71	445553
CSTL	2026-06-03	19.66	20.74	19.575	20.39	516569
CSTL	2026-06-04	20.61	21.84	20.61	21.6	291697
CSTL	2026-06-05	21.57	21.78	20.99	21.01	212464
CSTL	2026-06-08	21.16	21.16	20.105	20.12	247972
CSTL	2026-06-09	20.3	21.09	20.24	21.08	258296
CSTL	2026-06-10	20.88	21.52	20.88	21.08	245606
CSTL	2026-06-11	21.07	21.29	20.53	21.01	215205
CSTL	2026-06-12	21.06	21.195	20.51	20.7	152258
CSTL	2026-06-15	20.73	21.02	20.375	20.66	219920
CSTL	2026-06-16	20.67	21.12	20.37	20.46	369727
CSTL	2026-06-17	20.68	20.7099	19.855	20.25	310437
CSTL	2026-06-18	20.39	21.15	20.23	21.12	720100
CSTL	2026-06-22	21.29	21.47	20.64	21.2	428315
CSTL	2026-06-23	21.07	21.925	21.05	21.38	439261
CSTL	2026-06-24	21.42	22.46	21.4	22.12	456105
CSTL	2026-06-25	22.33	22.93	22.24	22.91	305328
CSTL	2026-06-26	22.67	24.3425	22.67	24.3	1043840
CSTL	2026-06-29	24.35	24.8	24.21	24.32	295568
CSTL	2026-06-30	24.14	24.14	23.36	23.85	336696
CSTL	2026-07-01	23.92	24.86	23.86	24.71	318181
CSTL	2026-07-02	24.71	24.98	24.02	24.11	175500
CSTL	2026-07-06	23.95	24.55	23.6	24.21	187687
CSTL	2026-07-07	24.36	24.405	23.48	23.83	234221
CSTL	2026-07-08	23.45	23.92	23.34	23.64	413152
CSTL	2026-07-09	23.7	24.8	23.545	24.56	262621
CSTL	2026-07-10	24.55	24.665	23.36	23.72	207334
CSTL	2026-07-13	23.67	23.875	22.46	22.98	269897
CSTL	2026-07-14	23.3	23.3	22.61	23.12	250210
CSTL	2026-07-15	23.07	24.03	22.93	24.02	187318
CSTL	2026-07-16	24.06	25.13	23.815	24.23	375696
CSTL	2026-07-17	23.79	24.335	23.585	24.16	242886
CSTL	2026-07-20	23.97	24.15	23.76	23.895	315668
CSTL	2026-07-21	23.57	24.69	23.25	24.51	297598
CSTL	2026-07-22	24.33	24.915	23.77	24.81	404420
CSTL	2026-07-23	24.53	25.5	24.53	25.48	366985
CSTL	2026-07-24	25.56	25.625	24.35	24.685	408969
CSTL	2026-07-27	25.1	25.115	23.85	24.44	291637
CSTL	2026-07-28	24.63	24.77	23.76	23.89	335354
CSTL	2026-07-29	23.93	25.3	23.73	24.46	340082
CSTL	2026-07-30	24.5	27.13	24.5	26.79	689594
CSTL	2026-07-31	28.75	30.81	27.5	28	1757824
CSTL	2026-08-03	27.83	30.725	27.83	30.39	777593
CSTL	2026-08-04	30.18	31.73	29.99	31.18	627364
CSTL	2026-08-05	31.18	31.42	30.1	30.4	520194
CSTL	2026-08-06	30.2	30.75	29.5	30.47	833433
CSTL	2026-08-07	30.88	32.365	30.6501	32.03	241774
CSTL	2026-08-10	31.86	33.06	31.24	32.35	381581
CSTL	2026-08-11	32.34	32.99	31.4642	32.24	313473
CSTL	2026-08-12	32.43	33	31.25	31.43	418200
CSTL	2026-08-13	31.62	31.97	30.51	30.55	362229
CSTL	2026-08-14	30.93	31.115	29.58	29.62	264210
CSTL	2026-08-17	29.5	30.5	29.21	29.95	225674
CSTL	2026-08-18	29.89	30.125	28.72	29.03	596609
CSTL	2026-08-19	29.03	32.39	29.03	32.32	451912
CSTL	2026-08-20	32.41	34.01	32.41	32.93	321984
CSTL	2026-08-21	32.85	34.7	32.14	34.2	573465
CSTL	2026-08-24	33.65	34.54	31.695	33.47	356865
CVI	2026-05-01	32.64	33.48	32.0101	33.28	947812
CVI	2026-05-04	33.65	34.64	32.8037	34.2	784961
CVI	2026-05-05	33.78	35.33	33.55	35.24	1028008
CVI	2026-05-06	33.13	33.77	32.3	32.79	1111595
CVI	2026-05-07	31.96	32.65	31.16	32.58	908243
CVI	2026-05-08	32.32	33.86	31.775	33.55	753572
CVI	2026-05-11	33.83	34.94	33.45	34.88	874522
CVI	2026-05-12	35.23	35.23	34.2801	34.39	715497
CVI	2026-05-13	34.41	34.475	33.2	33.84	785349
CVI	2026-05-14	34	34.23	32.92	33.11	700504
CVI	2026-05-15	33.51	34.5	33.485	33.89	1246490
CVI	2026-05-18	33.55	35.1499	32.34	34.54	999592
CVI	2026-05-19	34.69	34.69	33.22	34.34	714801
CVI	2026-05-20	34.22	34.5499	32.74	33.48	877993
CVI	2026-05-21	33.98	34	31.75	31.84	744843
CVI	2026-05-22	31.75	32.6699	31.41	32.45	559349
CVI	2026-05-26	31.9	32.79	31.18	31.67	492933
CVI	2026-05-27	31.11	32.195	30.59	32.02	509652
CVI	2026-05-28	32.92	33.91	32.53	33.62	579996
CVI	2026-05-29	33.47	34.075	33.05	33.22	851232
CVI	2026-06-01	34	35.1	33.54	34.92	600333
CVI	2026-06-02	34.54	35.95	34.49	35.66	562871
CVI	2026-06-03	36	36.43	35.2	35.51	600535
CVI	2026-06-04	33.77	34.49	33.43	33.75	810547
CVI	2026-06-05	33.38	34.33	32.91	33.15	726544
CVI	2026-06-08	33.76	34.25	33	33.32	468163
CVI	2026-06-09	32.88	33.12	31.19	31.38	1170685
CVI	2026-06-10	31.58	32.04	31.13	31.15	863228
CVI	2026-06-11	31.73	32.445	30.11	30.39	1156500
CVI	2026-06-12	30.04	31.15	29.95	30.67	962036
CVI	2026-06-15	29.12	29.2	28.29	28.88	877933
CVI	2026-06-16	28.5	28.8789	28.2	28.52	714619
CVI	2026-06-17	28.45	28.5	27.5	27.68	1083872
CVI	2026-06-18	27.42	27.62	26.5302	27.4	2119697
CVI	2026-06-22	27.71	27.95	26.96	27.9	917839
CVI	2026-06-23	26.4	27.67	26.05	27.2	1910428
CVI	2026-06-24	26.48	27.51	26.2	26.8	956498
CVI	2026-06-25	26.68	27.955	26.61	27.31	1495536
CVI	2026-06-26	26.95	27.15	26.32	27.1	1822130
CVI	2026-06-29	27.72	29.3	27.495	28.1	1329591
CVI	2026-06-30	28.56	28.91	27.26	27.54	844390
CVI	2026-07-01	27.21	28.765	27.21	28.65	876976
CVI	2026-07-02	28.7	29.48	28.31	28.48	689704
CVI	2026-07-06	28.39	29.59	28.3	28.88	686852
CVI	2026-07-07	28.96	28.99	27.89	28.65	826749
CVI	2026-07-08	29.56	31.46	29.42	30.76	1033757
CVI	2026-07-09	30.62	31.3	30.34	31.28	917205
CVI	2026-07-10	31.64	31.84	30.26	30.97	699770
CVI	2026-07-13	31.67	33.88	31.67	33.46	1029050
CVI	2026-07-14	33.89	33.89	32.99	33.58	1102002
CVI	2026-07-15	33.4	33.4	31.68	32.55	983636
CVI	2026-07-16	33.26	33.9	32.8224	33.46	598871
CVI	2026-07-17	34.03	35.17	33.67	35.13	742652
CVI	2026-07-20	34.85	35.83	34.64	34.66	700545
CVI	2026-07-21	35	35.79	34.04	35.4	1054989
CVI	2026-07-22	35.88	36.06	34.55	34.88	529968
CVI	2026-07-23	36.05	36.05	33.82	33.94	884658
CVI	2026-07-24	33.53	34.25	32.67	33.45	724202
CVI	2026-07-27	32.63	34.15	32.61	34.07	1283474
CVI	2026-07-28	34.17	34.73	32.73	33.74	826554
CVI	2026-07-29	34.66	35.44	34.28	34.62	992151
CVI	2026-07-30	36	39.91	35.831061	38.08	2388499
CVI	2026-07-31	38.38	38.8682	35.315	35.62	1431064
CVI	2026-08-03	34.82	35.27	32.73	32.89	1329579
CVI	2026-08-04	32.31	33.445	31.857	33.33	953889
CVI	2026-08-05	33.24	33.345	31.17	31.2	1048769
CVI	2026-08-06	31.72	31.79	30.46	31.37	978574
CVI	2026-08-07	30.78	31.68	29.8	31.15	802797
CVI	2026-08-10	31.86	32.8366	31.86	32.42	984212
CVI	2026-08-11	32.78	34.39	32.51	34.05	1020329
CVI	2026-08-12	33.55	35.16	33.55	35.04	687640
CVI	2026-08-13	34.74	35.63	34.125	35.6	484047
CVI	2026-08-14	35.82	35.82	35.06	35.26	592144
CVI	2026-08-17	35.31	36.8699	34.86	36.42	662142
CVI	2026-08-18	36.97	37.125	35.695	36.66	594144
CVI	2026-08-19	36.69	37.3	36.19	36.7	562570
CVI	2026-08-20	37.16	37.5	35.79	35.83	716669
CVI	2026-08-21	36.18	40.17	36.14	39.51	1771073
CVI	2026-08-24	39.09	40	37.68	38.03	870010
DBGI	2026-05-01	52.8	56.2	50.4	53.2	10080
DBGI	2026-05-04	52	53.2	47.2	52.4	8371
DBGI	2026-05-05	51.2	54.8	48.8	52.4	7452
DBGI	2026-05-06	51.6	58.4	50.44	56	13403
DBGI	2026-05-07	55.6	65.6	54	65.2	16271
DBGI	2026-05-08	66.4	70	60.8	68	14279
DBGI	2026-05-11	68.4	68.4	58	58.4	11277
DBGI	2026-05-12	59.2	59.2	44.6	46	38061
DBGI	2026-05-13	46.8	49.6	44.8	45.6	15569
DBGI	2026-05-14	46.8	46.8	40.8	41.6	20881
DBGI	2026-05-15	42.8	46.8	40	44.8	15710
DBGI	2026-05-18	46.4	50.8	40.2	41.2	24949
DBGI	2026-05-19	42	46	40.4	42.8	18426
DBGI	2026-05-20	43.6	43.6	39.208	40.8	14636
DBGI	2026-05-21	43.2	45.6	13.8	17.88	1231317
DBGI	2026-05-22	15.588	16.4	13.56	14.356	198616
DBGI	2026-05-26	13.776	13.996	10.316	11.6	116704
DBGI	2026-05-27	11.596	14.46	10.852	14.144	148875
DBGI	2026-05-28	13.88	19.796	12.548	19.72	156859
DBGI	2026-05-29	19.448	20	18.164	19.356	50028
DBGI	2026-06-01	18.8	36	16.5	33.556	1676410
DBGI	2026-06-02	39.172	47.2	26	28.004	1006244
DBGI	2026-06-03	25.2	51.6	23.6	37.256	1449188
DBGI	2026-06-04	32.8	38.272	29.6	30.24	135416
DBGI	2026-06-05	28.8	34.76	28	34.4	188323
DBGI	2026-06-08	34.616	39.596	30.82	39.584	103097
DBGI	2026-06-09	40.8	46	38	42.8	138336
DBGI	2026-06-10	43.6	51.6	40.8	50	142054
DBGI	2026-06-11	56.4	58.8	31.948	38.916	370311
DBGI	2026-06-12	37.2	42	35.24	37.796	89087
DBGI	2026-06-15	37.82	39.32	31.2	33.42	93842
DBGI	2026-06-16	32.4	34.132	29.512	29.524	44465
DBGI	2026-06-17	30	30.8	28	29.288	29473
DBGI	2026-06-18	29.004	31.6	26.196	29.82	59263
DBGI	2026-06-22	28.74	28.868	26.8	27.688	24356
DBGI	2026-06-23	27.2	33.6	27.2	30.92	40266
DBGI	2026-06-24	30.428	33.6	28.528	29.296	19988
DBGI	2026-06-25	30.28	30.8	27.4	27.78	22794
DBGI	2026-06-26	27.6	29.6	27.24	28.42	10722
DBGI	2026-06-29	27.64	30.796	27.6	29.292	9313
DBGI	2026-06-30	28.8	30.12	28.8	30.12	5366
DBGI	2026-07-01	29.6	32	28.848	31.56	13318
DBGI	2026-07-02	30.8	33.6	29.2	30.58	13316
DBGI	2026-07-06	30.4	32.696	29.2	30.292	15660
DBGI	2026-07-07	29.6	32.4	29.6	30.8	45464
DBGI	2026-07-08	30.4	31.42	28.004	29.376	26087
DBGI	2026-07-09	29.54	31.852	27.2	30.708	24390
DBGI	2026-07-10	30.2	31.2	29.24	31.08	6744
DBGI	2026-07-13	30.716	30.8	27.6	28.12	14255
DBGI	2026-07-14	28.4	29.6	27.6	29.196	4481
DBGI	2026-07-15	28.4	29.2	27.52	28.796	8220
DBGI	2026-07-16	28.068	28.22	26.884	28.076	8362
DBGI	2026-07-17	26.8	27.196	24.212	25.436	26879
DBGI	2026-07-20	21.008	25.2	17.308	17.96	58514
DBGI	2026-07-21	18	20.4	17.952	18.8	22299
DBGI	2026-07-22	18.4	20.2	17.6	19.796	14100
DBGI	2026-07-23	19.2	22.62	19.176	20.04	18634
DBGI	2026-07-24	17.47	19	12.308	12.9	112363
DBGI	2026-07-27	13.3	14.2314	8.371	12.56	181752
DBGI	2026-07-28	11.41	15.88	11.23	14.53	81020
DBGI	2026-07-29	14.02	15.9999	11.06	12.01	67266
DBGI	2026-07-30	12.38	15.64	11.83	14.19	78655
DBGI	2026-07-31	14.09	16.85	12.2101	15.45	87844
DBGI	2026-08-03	16.5	19.1533	15.7	18.2	75178
DBGI	2026-08-04	17.73	23.5995	16.43	21.63	87938
DBGI	2026-08-05	30.34	30.93	15.06	16.28	2430570
DBGI	2026-08-06	13.97	16.2	13.01	14.63	201429
DBGI	2026-08-07	14.08	16.75	14.08	15.35	119357
DBGI	2026-08-10	14.98	17.88	14.0005	17.05	116592
DBGI	2026-08-11	17.22	17.3181	15.42	15.8	165921
DBGI	2026-08-12	15.72	17.8	15.72	16.64	71948
DBGI	2026-08-13	16.3	16.8836	15.5	15.5	89138
DBGI	2026-08-14	15.45	15.98	14.5301	15.04	62645
DBGI	2026-08-17	14.6	15	13.555	13.77	72042
DBGI	2026-08-18	14	14	10.64	10.905	173369
DBGI	2026-08-19	11.15	13.75	11.12	11.85	149552
DBGI	2026-08-20	10.5	10.99	7.4601	9.5	329214
DBGI	2026-08-21	9.5	9.848	8.68	8.71	103563
DBGI	2026-08-24	8.51	8.9852	8.07	8.34	132893
DFNS	2026-05-01	58.4125	60.5875	57.3813	59.25	10114
DFNS	2026-05-04	61.25	61.25	52.5	52.6625	21229
DFNS	2026-05-05	53.0375	57.5	52.625	54.9	10193
DFNS	2026-05-06	55.375	55.375	51.25	52.5	15779
DFNS	2026-05-07	52.6375	59.6375	52.625	55.625	15777
DFNS	2026-05-08	55.525	60.3125	52.5	59.725	13785
DFNS	2026-05-11	61.625	61.625	54.2625	54.375	14981
DFNS	2026-05-12	54.65	57.5	53	53.2875	9345
DFNS	2026-05-13	55	55.725	52.575	54.625	9438
DFNS	2026-05-14	56.075	63.3375	53.825	57.5	17180
DFNS	2026-05-15	57.5	58	53.25	55.375	8161
DFNS	2026-05-18	55.5375	55.5375	49.5	49.5125	10562
DFNS	2026-05-19	49.5	50.675	45.375	45.4875	10200
DFNS	2026-05-20	46.25	48.7375	41.825	45.8375	15312
DFNS	2026-05-21	45	46.2499	42.2	44.7125	9371
DFNS	2026-05-22	44.2125	49.5625	40.275	46.125	25316
DFNS	2026-05-26	48	48.7375	41.4875	42.525	22090
DFNS	2026-05-27	42.55	55.35	42.5	49.7375	58806
DFNS	2026-05-28	55	63.7125	49.675	51.5	138339
DFNS	2026-05-29	51.75	62.25	46.125	55.6375	140353
DFNS	2026-06-01	60.2188	60.625	46.95	46.95	65250
DFNS	2026-06-02	47.5125	48.7625	40	41.6	73644
DFNS	2026-06-03	38.75	41.5125	38.05	39	32756
DFNS	2026-06-04	39.3125	45.9375	37.925	44.825	54585
DFNS	2026-06-05	42.3125	42.3125	37.5	38.4875	41655
DFNS	2026-06-08	38.75	38.75	36.25	36.8625	20916
DFNS	2026-06-09	35.5875	36.225	33.15	34.25	26980
DFNS	2026-06-10	33.8375	35.2875	33.15	34.3875	13637
DFNS	2026-06-11	34.25	34.75	31.4375	32.075	33612
DFNS	2026-06-12	42.3	43.35	27.5	29.125	2967761
DFNS	2026-06-15	26.3125	29.175	23.75	25.8375	163268
DFNS	2026-06-16	25.875	27.775	24.4126	26.8875	89843
DFNS	2026-06-17	26.2875	28.625	25.65	26.75	45034
DFNS	2026-06-18	26.7875	27.1125	23.9	25.4875	45811
DFNS	2026-06-22	24.7625	26.125	22.075	26	64406
DFNS	2026-06-23	23.825	24.75	23.025	23.6375	23999
DFNS	2026-06-24	23.5625	24.8375	20.4625	21.85	51673
DFNS	2026-06-25	21.7125	22.5	20.625	22.25	27649
DFNS	2026-06-26	21.25	22.25	20.875	21.3125	18477
DFNS	2026-06-29	23.3125	23.9875	21.3375	21.675	45008
DFNS	2026-06-30	22.375	22.4125	20.625	21.375	34324
DFNS	2026-07-01	21.5375	21.5375	19.7125	19.8	33133
DFNS	2026-07-02	20.3625	21.0375	19.5125	19.8625	30810
DFNS	2026-07-06	20.0125	20.6125	19.375	20.1	26378
DFNS	2026-07-07	20.1	20.1375	17.625	17.875	26868
DFNS	2026-07-08	18	18.15	17.1875	17.6125	24755
DFNS	2026-07-09	18.15	18.6875	17.3875	18.375	23706
DFNS	2026-07-10	22.55	23.45	10.3875	15	2310180
DFNS	2026-07-13	13.3188	13.6375	11.5125	11.725	243133
DFNS	2026-07-14	10	10	8.775	9.1125	166396
DFNS	2026-07-15	9.225	9.3125	7.75	8.6625	122153
DFNS	2026-07-16	8.5125	8.625	5.7875	6.1625	321386
DFNS	2026-07-17	8.175	8.175	5.2125	5.25	1247736
DFNS	2026-07-20	5.15	5.15	4.11	4.26	215874
DFNS	2026-07-21	4.19	8.75	4.19	6.57	21102745
DFNS	2026-07-22	6.58	6.58	4.25	4.7	1089465
DFNS	2026-07-23	4.32	4.62	3.8	3.9	583773
DFNS	2026-07-24	3.9699	5.05	3.7	4.35	1441833
DFNS	2026-07-27	6.96	15.99	6.11	13.1	73779265
DFNS	2026-07-28	20.47	36.69	20	24	27753713
DFNS	2026-07-29	39.23	61.38	30.69	50.22	19097441
DFNS	2026-07-30	84.06	91	59.75	84.98	9367755
DFNS	2026-07-31	37	41	22.72	27.68	4219272
DFNS	2026-08-03	41.91	70.78	40.1274	61.5	13829710
DFNS	2026-08-04	52.84	59.31	42.38	47.36	2844684
DFNS	2026-08-05	56.4	63.8999	44.3	45.91	3330003
DFNS	2026-08-06	45.91	47.441	40.45	46	1050572
DFNS	2026-08-07	42	42.7	37.2001	37.95	723813
DFNS	2026-08-10	38.4	40.35	35.2501	37.1	475002
DFNS	2026-08-11	33.03	36.67	32.33	36.58	523730
DFNS	2026-08-12	34.26	39.8563	33.51	36.83	419321
DFNS	2026-08-13	34.12	36.48	33.6728	34.54	251833
DFNS	2026-08-14	34.11	37.26	33.05	33.78	352374
DFNS	2026-08-17	28.625	31.261	27.68	30.99	293835
DFNS	2026-08-18	27.81	29	27	27.2	174962
DFNS	2026-08-19	26.2	27.675	24.5	26.01	211034
DFNS	2026-08-20	24.9	26.34	24.03	24.4	147078
DFNS	2026-08-21	20.1	24.02	20.1	20.61	243164
DFNS	2026-08-24	19.11	19.2	10.6501	11.01	1616273
DFTX	2026-05-01	22.06	22.29	21.625	21.7	1402215
DFTX	2026-05-04	21.6	22.04	21.29	21.75	1055973
DFTX	2026-05-05	21.75	22.59	21.6988	22.4	1036621
DFTX	2026-05-06	22.46	23.525	22.46	23.42	1484741
DFTX	2026-05-07	23.525	23.525	22.68	23.2	1751263
DFTX	2026-05-08	22.86	22.86	21.312	22.05	2199432
DFTX	2026-05-11	21.73	22.24	21.3011	21.4	1466611
DFTX	2026-05-12	21.41	21.45	20.93	21.16	990306
DFTX	2026-05-13	21.19	22.46	20.83	22.01	1453443
DFTX	2026-05-14	22.1	22.2267	21.28	21.35	1071792
DFTX	2026-05-15	21.05	21.415	20.8	20.99	1432000
DFTX	2026-05-18	21.02	21.785	20.2601	20.48	1330110
DFTX	2026-05-19	20.37	20.47	19.33	20.02	1676074
DFTX	2026-05-20	20.15	21.13	20.13	20.87	1480859
DFTX	2026-05-21	20.8	22.68	20.7	22.65	2111413
DFTX	2026-05-22	22.85	23.1	22.34	22.5	1224941
DFTX	2026-05-26	22.78	23.28	22.48	22.88	1338278
DFTX	2026-05-27	22.9	23.79	22.75	23.52	1774425
DFTX	2026-05-28	23.25	23.52	22.44	23.48	3157512
DFTX	2026-05-29	23.33	24.29	23.3	24.19	2305430
DFTX	2026-06-01	24.06	24.725	23.69	24.06	1735578
DFTX	2026-06-02	23.55	23.705	22.15	22.86	2272510
DFTX	2026-06-03	22.75	23.71	22.29	23.59	2290018
DFTX	2026-06-04	23.59	25.16	23.53	24.59	2562256
DFTX	2026-06-05	24.47	25.06	22.95	23.55	4180210
DFTX	2026-06-08	24.14	24.2	22.06	23.02	3644400
DFTX	2026-06-09	23.2	23.79	21.69	22.95	1967305
DFTX	2026-06-10	22.87	24.69	22.73	23.24	2535160
DFTX	2026-06-11	23.24	24.635	22.86	24.11	2368389
DFTX	2026-06-12	24.32	25.09	23.9	24.75	1726365
DFTX	2026-06-15	24.77	25.23	23.63	23.77	1386057
DFTX	2026-06-16	23.65	24.28	23.47	24.16	1200359
DFTX	2026-06-17	24.14	25.02	24.1	24.43	1582467
DFTX	2026-06-18	24.8	25.2499	23.8	24.48	2616900
DFTX	2026-06-22	38.58	39.16	35.13	36.67	20024647
DFTX	2026-06-23	36.42	39.13	35.25	36.18	5636703
DFTX	2026-06-24	39.25	44.535	39.25	42.13	12452370
DFTX	2026-06-25	41.99	47.01	41.37	44.79	8274410
DFTX	2026-06-26	44.7	45.75	42.839	44.95	12203242
DFTX	2026-06-29	44.26	47.2	44.25	46.55	4668826
DFTX	2026-06-30	46.5	49.2	46.05	47.04	4317475
DFTX	2026-07-01	46.95	47.2	43.3248	43.4	3111396
DFTX	2026-07-02	43.365	44.5	42.42	44.19	2361605
DFTX	2026-07-06	43.76	44.75	43.26	44.33	2073695
DFTX	2026-07-07	44.35	45.38	42.5	44.48	2585238
DFTX	2026-07-08	44.865	46.81	44.865	45.32	2615863
DFTX	2026-07-09	45.07	48.47	44.53	48.45	3013321
DFTX	2026-07-10	47.73	48.39	44.52	47.07	2554778
DFTX	2026-07-13	46.235	46.41	43.38	43.65	1806303
DFTX	2026-07-14	43.48	46.45	43	45.98	1385359
DFTX	2026-07-15	45	46.65	44.73	45.66	1339292
DFTX	2026-07-16	47.62	48.5	42.95	44.1	3457673
DFTX	2026-07-17	43.84	45.1799	43.36	44.29	1486364
DFTX	2026-07-20	43.84	45.31	42.75	42.8	1221521
DFTX	2026-07-21	42.49	45.17	41.57	45.08	1494273
DFTX	2026-07-22	44.02	44.994	43.53	43.67	1238220
DFTX	2026-07-23	43.2	44.17	42.67	42.93	773178
DFTX	2026-07-24	43.9	44.31	42.69	43.17	1117265
DFTX	2026-07-27	43.65	45.42	41.73	42.65	1555945
DFTX	2026-07-28	42.35	42.41	40.29	41.96	1948585
DFTX	2026-07-29	42	42.855	41.08	42.16	1761579
DFTX	2026-07-30	42.29	44.7	42.27	44.49	1804044
DFTX	2026-07-31	44.98	44.9999	42.84	43.52	1962814
DFTX	2026-08-03	42.87	43.52	41.51	41.79	1900191
DFTX	2026-08-04	42.65	43.0849	41.86	42.32	1861961
DFTX	2026-08-05	42.5	44.525	42.06	44.39	1561547
DFTX	2026-08-06	44.39	46.18	44.3003	46.14	1768712
DFTX	2026-08-07	46.3	49.7	44.24	46.14	2544448
DFTX	2026-08-10	45.85	45.955	43.51	45.15	2309614
DFTX	2026-08-11	45.47	45.595	40.6201	40.91	3353621
DFTX	2026-08-12	47.51	47.55	42.425	42.79	7630619
DFTX	2026-08-13	44	45.11	42.91	43.9	2663688
DFTX	2026-08-14	43	43.74	42.01	42.63	1703643
DFTX	2026-08-17	42.2	45.32	42.04	45.26	2273794
DFTX	2026-08-18	45.34	46.37	44.19	46.18	2008357
DFTX	2026-08-19	47	47.29	44.59	45.82	1746532
DFTX	2026-08-20	45.11	45.59	44.2	45.4	1658198
DFTX	2026-08-21	45.89	46.57	44.805	44.91	1354317
DFTX	2026-08-24	44.46	44.46	41.25	43.27	1726407
DUOT	2026-05-01	8.85	9.19	8.83	9.03	500223
DUOT	2026-05-04	9.02	9.35	8.88	9.08	527857
DUOT	2026-05-05	9.15	9.46	8.87	8.95	457008
DUOT	2026-05-06	9.07	9.07	8.61	8.81	404993
DUOT	2026-05-07	8.86	8.91	8.36	8.52	264905
DUOT	2026-05-08	8.5	8.57	8.04	8.34	537974
DUOT	2026-05-11	8.25	8.725	8.16	8.66	570691
DUOT	2026-05-12	8.56	8.6	8.26	8.49	541265
DUOT	2026-05-13	8.44	8.5	8.03	8.33	371109
DUOT	2026-05-14	8.33	8.8	8.13	8.59	543302
DUOT	2026-05-15	8.6	9.2999	8.41	8.97	1379779
DUOT	2026-05-18	8.805	8.805	7.87	8.49	1541950
DUOT	2026-05-19	8.5	8.94	8.13	8.28	822378
DUOT	2026-05-20	8.23	9.055	8.13	9.01	625099
DUOT	2026-05-21	8.99	10.86	8.87	10.84	1333092
DUOT	2026-05-22	11.01	12.4	10.9192	12.3	1255756
DUOT	2026-05-26	13.05	14.41	12.56	14.39	1882575
DUOT	2026-05-27	14.39	15.1522	13.4301	13.93	1757389
DUOT	2026-05-28	13.57	15.28	13.55	14.64	947026
DUOT	2026-05-29	14.76	14.832	13.27	13.5	830608
DUOT	2026-06-01	13.31	14.39	13.2201	14.24	1077619
DUOT	2026-06-02	14.21	14.66	13.71	13.81	533154
DUOT	2026-06-03	13.86	13.86	13	13.51	462123
DUOT	2026-06-04	13.01	14.35	12.84	13.91	580390
DUOT	2026-06-05	13.7	13.7	11.435	11.76	716735
DUOT	2026-06-08	12.31	12.445	11.75	12.23	484362
DUOT	2026-06-09	11.7	12.73	10.76	11.35	670142
DUOT	2026-06-10	11.08	11.715	10.9501	11.36	432539
DUOT	2026-06-11	11.39	12.12	11.02	12.1	479363
DUOT	2026-06-12	12.36	12.6199	11.6	11.68	322148
DUOT	2026-06-15	12.66	13.2	12.09	12.23	502258
DUOT	2026-06-16	12.38	12.625	11.27	11.32	514147
DUOT	2026-06-17	11.27	12.61	11.26	12.2	600122
DUOT	2026-06-18	12.16	13.4	12	13.15	1358009
DUOT	2026-06-22	13.15	13.22	11.92	12.26	575020
DUOT	2026-06-23	11.71	12.53	11.5	12.09	361941
DUOT	2026-06-24	11.96	12.2309	11.06	11.34	823110
DUOT	2026-06-25	11.43	11.605	10.78	10.92	559799
DUOT	2026-06-26	10.404	11.52	10.404	11.46	3790937
DUOT	2026-06-29	11.53	12.0366	11.3301	11.71	495366
DUOT	2026-06-30	11.71	12.4151	11.69	12	514159
DUOT	2026-07-01	11.82	11.89	11.3	11.5	354373
DUOT	2026-07-02	11.5	11.65	10.18	10.225	671059
DUOT	2026-07-06	10.28	10.6817	10.0901	10.235	491811
DUOT	2026-07-07	10.08	10.2091	9.325	9.49	1114845
DUOT	2026-07-08	9.54	9.7349	9.125	9.52	1311466
DUOT	2026-07-09	9.56	9.9823	9.3138	9.76	749183
DUOT	2026-07-10	9.84	10.13	9.3	9.31	589210
DUOT	2026-07-13	9.25	9.25	8.521	8.86	1321512
DUOT	2026-07-14	8.86	9.0799	8.4	8.46	763640
DUOT	2026-07-15	8.62	8.845	8.13	8.34	616051
DUOT	2026-07-16	8.69	8.85	8.32	8.47	748904
DUOT	2026-07-17	8.12	8.48	8.06	8.21	494156
DUOT	2026-07-20	8.25	8.5	8.05	8.18	660283
DUOT	2026-07-21	8.14	8.55	8.105	8.46	819275
DUOT	2026-07-22	8.32	8.74	8.15	8.2	593109
DUOT	2026-07-23	8.05	8.545	7.9395	8.38	694702
DUOT	2026-07-24	8.42	8.45	8.03	8.07	536250
DUOT	2026-07-27	8.2	8.5	7.7001	8.04	676664
DUOT	2026-07-28	8.05	8.05	7.46	7.73	1062292
DUOT	2026-07-29	8.08	8.24	7.46	7.48	1089501
DUOT	2026-07-30	7.6	8.15	7.56	8.14	975183
DUOT	2026-07-31	9.34	9.34	8.5	8.61	1654576
DUOT	2026-08-03	8.65	9.5	8.5569	9.07	958625
DUOT	2026-08-04	9.28	9.49	9.1068	9.16	418617
DUOT	2026-08-05	9.27	9.27	8.83	8.96	358228
DUOT	2026-08-06	8.762	9.07	8.55	8.69	430188
DUOT	2026-08-07	8.95	9.35	8.64	9.24	570440
DUOT	2026-08-10	9.2	9.38	8.86	8.9	365111
DUOT	2026-08-11	8.9	9.08	8.73	8.77	352730
DUOT	2026-08-12	8.87	9.44	8.87	9.32	561335
DUOT	2026-08-13	9.35	9.6	9.2741	9.36	712700
DUOT	2026-08-14	9.43	9.66	9.02	9.11	801618
DUOT	2026-08-17	10.35	10.94	9.235	10.28	5886096
DUOT	2026-08-18	11.525	12.83	10.97	11.59	5663255
DUOT	2026-08-19	11.52	11.85	10.44	10.75	1977731
DUOT	2026-08-20	10.69	11.26	10.18	10.41	1165978
DUOT	2026-08-21	10.56	11.0653	10.14	10.32	917777
DUOT	2026-08-24	10.17	10.46	9.852	10.27	794985
EAF	2026-05-01	8.3	8.55	6.34	8.54	656250
EAF	2026-05-04	8.59	10.19	8.59	9.23	572628
EAF	2026-05-05	9.18	9.61	8.98	8.99	326054
EAF	2026-05-06	8.99	9.505	8.93	9.45	449340
EAF	2026-05-07	9.38	9.66	8.94	8.95	206936
EAF	2026-05-08	9.08	9.33	8.89	9.29	133531
EAF	2026-05-11	9.32	10.52	9.32	10.03	273197
EAF	2026-05-12	10.05	10.05	9.14	9.18	174802
EAF	2026-05-13	9.19	9.7162	9.01	9.27	140957
EAF	2026-05-14	9.29	9.47	8.97	9.36	150910
EAF	2026-05-15	9.03	9.07	8.65	8.98	173284
EAF	2026-05-18	9.05	9.05	8.4	8.48	100131
EAF	2026-05-19	8.37	8.59	7.9	8.54	254425
EAF	2026-05-20	8.6	8.88	8.37	8.57	111266
EAF	2026-05-21	8.59	8.74	8.44	8.61	235681
EAF	2026-05-22	8.68	9.1	8.67	9.1	205370
EAF	2026-05-26	9.28	9.82	8.91	9.08	208974
EAF	2026-05-27	9.08	10.125	9	9.62	309092
EAF	2026-05-28	9.73	10.265	9.54	10	628926
EAF	2026-05-29	9.98	10.2	9.5	9.98	521973
EAF	2026-06-01	9.63	10.49	9.451	10.14	282496
EAF	2026-06-02	10.15	11.275	10.01	11.15	235641
EAF	2026-06-03	10.98	10.99	9.71	9.92	254725
EAF	2026-06-04	9.79	9.87	9.5	9.61	149302
EAF	2026-06-05	9.59	9.7861	8.45	8.72	256012
EAF	2026-06-08	8.93	8.945	8.58	8.85	175495
EAF	2026-06-09	8.97	9.27	7.99	8.13	216297
EAF	2026-06-10	8.1	8.32	7.54	7.82	238799
EAF	2026-06-11	7.88	8.47	7.8	8.39	163457
EAF	2026-06-12	8.54	8.61	8.28	8.55	153796
EAF	2026-06-15	8.45	8.92	8.19	8.22	225344
EAF	2026-06-16	8.27	8.4457	7.965	8.14	136385
EAF	2026-06-17	8.16	8.38	7.58	7.64	288286
EAF	2026-06-18	7.84	8.17	7.5	7.71	851341
EAF	2026-06-22	7.75	7.84	7.42	7.58	173766
EAF	2026-06-23	7.18	7.37	7.01	7.02	208265
EAF	2026-06-24	6.99	7.3507	6.7	7.05	262923
EAF	2026-06-25	7.11	7.425	6.9	7.32	247181
EAF	2026-06-26	7.14	7.4	6.8	7.2	2332855
EAF	2026-06-29	7.18	7.235	5.685	5.79	558544
EAF	2026-06-30	5.935	6.425	5.64	5.91	536527
EAF	2026-07-01	5.84	6.665	5.78	6.04	336373
EAF	2026-07-02	6.12	6.5	5.56	5.68	331556
EAF	2026-07-06	5.71	6.17	5.71	5.81	251060
EAF	2026-07-07	5.76	6.1843	5.37	5.38	244990
EAF	2026-07-08	5.31	5.945	5.1	5.78	344358
EAF	2026-07-09	5.75	5.94	5.5601	5.76	253433
EAF	2026-07-10	5.77	6.09	5.77	5.89	205116
EAF	2026-07-13	5.82	5.87	5.57	5.7	185353
EAF	2026-07-14	5.79	6.755	5.79	6.62	364200
EAF	2026-07-15	6.72	7	6.38	6.85	567599
EAF	2026-07-16	6.76	8.07	6.74	7.39	687173
EAF	2026-07-17	6.95	7	6.54	6.93	419316
EAF	2026-07-20	6.89	6.9	6.15	6.32	264103
EAF	2026-07-21	6.41	6.66	6.265	6.52	310511
EAF	2026-07-22	6.5	6.91	6.41	6.81	277346
EAF	2026-07-23	6.73	7.35	6.72	7.1	448273
EAF	2026-07-24	7.25	8.04	6.92	7.44	549095
EAF	2026-07-27	7.55	8.48	7.52	7.79	592834
EAF	2026-07-28	7.79	7.8	7.01	7.68	377829
EAF	2026-07-29	7.67	7.9	7.01	7.06	327557
EAF	2026-07-30	7.23	7.27	6.25	6.49	357763
EAF	2026-07-31	6.44	6.745	6.28	6.72	389056
EAF	2026-08-03	6.82	7.58	6.82	7.49	340666
EAF	2026-08-04	7.67	7.92	7.62	7.68	223469
EAF	2026-08-05	7.67	7.85	7.4	7.67	269829
EAF	2026-08-06	7.55	7.9	7.47	7.64	190091
EAF	2026-08-07	7.7	8.1438	7.61	8.13	211216
EAF	2026-08-10	8.19	8.29	7.83	7.85	213487
EAF	2026-08-11	7.81	8.1035	7.75	7.91	123048
EAF	2026-08-12	8	8.07	7.47	7.69	206843
EAF	2026-08-13	7.64	8	7.64	7.79	149749
EAF	2026-08-14	7.72	7.9	7.51	7.61	146711
EAF	2026-08-17	7.62	7.69	7.15	7.36	241903
EAF	2026-08-18	7.25	7.32	6.925	7.01	223899
EAF	2026-08-19	7.04	7.33	6.91	7.02	262160
EAF	2026-08-20	6.91	7.0772	6.59	6.68	230652
EAF	2026-08-21	6.72	7.08	6.72	6.83	204164
EAF	2026-08-24	6.8	6.8	6.32	6.46	246771
ECG	2026-05-01	147.05	149.88	144.67	149.14	458144
ECG	2026-05-04	149.55	152.53	148.395	150.93	679246
ECG	2026-05-05	156.98	169.85	156.98	168.32	2009411
ECG	2026-05-06	162.67	171.577	154.72	169.16	1321526
ECG	2026-05-07	168.62	168.62	153.83	158.42	926705
ECG	2026-05-08	162.05	163.3	158.5	163.24	542664
ECG	2026-05-11	164.37	166.1	161.19	163.85	491867
ECG	2026-05-12	159.95	160	153.86	159.44	1189608
ECG	2026-05-13	162.53	162.53	152.9	160.77	661247
ECG	2026-05-14	161.98	165.05	158.84	161.14	606733
ECG	2026-05-15	155.78	158.355	153	156.72	752903
ECG	2026-05-18	157.8	158.19	145.72	148.45	487481
ECG	2026-05-19	144.72	148.92	139.64	146.26	637747
ECG	2026-05-20	150.13	150.14	146.26	148.75	371586
ECG	2026-05-21	148.46	151.94	146.98	150.71	475398
ECG	2026-05-22	152.68	152.68	147.0646	148.65	326651
ECG	2026-05-26	152.26	152.685	148.06	151.38	532201
ECG	2026-05-27	151.86	155.35	149.7	151.48	342303
ECG	2026-05-28	151.21	153.46	149.365	151.51	492573
ECG	2026-05-29	152.01	152.5675	145.32	148.77	504400
ECG	2026-06-01	144.7	147.93	139.9371	145.13	940178
ECG	2026-06-02	146.69	152.391	143.625	150.76	731480
ECG	2026-06-03	151.56	155.39	149.9	152	380159
ECG	2026-06-04	148.39	156.48	147.49	154.76	396654
ECG	2026-06-05	151.71	154.19	147.88	150.29	404232
ECG	2026-06-08	153.3	153.43	147.645	152.73	477739
ECG	2026-06-09	156.1	159.5	140.52	146.58	519208
ECG	2026-06-10	145.24	148.35	135.08	136.72	977218
ECG	2026-06-11	140.12	144.59	138.2	143.69	658831
ECG	2026-06-12	145.69	151.19	144.99	148.83	455445
ECG	2026-06-15	154.52	156.905	152.06	155.95	662948
ECG	2026-06-16	157.03	160.95	152.2	152.37	457802
ECG	2026-06-17	155.06	158.895	152.47	154.25	668428
ECG	2026-06-18	159.36	161	153.1	157.71	768394
ECG	2026-06-22	159.29	164.9999	158.62	164.71	407851
ECG	2026-06-23	156.93	159.87	150.6	156.42	399981
ECG	2026-06-24	157.23	163.88	154.1045	158.99	562810
ECG	2026-06-25	163.55	167.56	160.84	163.56	456338
ECG	2026-06-26	160.02	161.03	154.39	155.33	1819739
ECG	2026-06-29	155.54	160.26	151.95	160.1	819795
ECG	2026-06-30	159.55	166.065	159.02	165.95	657346
ECG	2026-07-01	161	162.57	150.7926	151.02	581431
ECG	2026-07-02	150.81	152.06	138.02	138.26	720750
ECG	2026-07-06	140.39	148.23	140.39	143.86	803706
ECG	2026-07-07	139.81	139.91	132.005	133.43	772968
ECG	2026-07-08	131.84	138.65	130.32	134.3	830819
ECG	2026-07-09	139.68	142.1	138.1933	138.64	398742
ECG	2026-07-10	137.41	138.11	134.6725	136.68	368778
ECG	2026-07-13	133.19	137.25	132.57	133.32	504604
ECG	2026-07-14	137.74	138.32	134.105	138.28	711758
ECG	2026-07-15	139.79	140.82	133.2	138.46	650441
ECG	2026-07-16	133.89	137.76	133.19	134.46	431615
ECG	2026-07-17	130	136.33	127.2	133.23	969840
ECG	2026-07-20	134.87	138.87	130.81	131.49	501126
ECG	2026-07-21	136.37	136.38	132.2501	136.05	339901
ECG	2026-07-22	132.74	137.35	132.74	137.03	373026
ECG	2026-07-23	136.34	140.9	135.985	137.97	335385
ECG	2026-07-24	138.8	139.49	129.81	129.99	444925
ECG	2026-07-27	130.5	133.35	123.1	127.56	355605
ECG	2026-07-28	123.78	123.78	115.13	117.23	470332
ECG	2026-07-29	116.93	117.585	107.825	109.17	533064
ECG	2026-07-30	119.05	124.66	119.05	122.94	650501
ECG	2026-07-31	125.97	128.69	125.11	125.43	780266
ECG	2026-08-03	122.83	133.36	122.1	132.62	618484
ECG	2026-08-04	134.19	136.88	132.115	136.16	961795
ECG	2026-08-05	147.16	155.9898	137.285	140.75	1273283
ECG	2026-08-06	142.36	144.98	137.5	139.53	633166
ECG	2026-08-07	143.2	144.11	136.51	136.89	433235
ECG	2026-08-10	139	139.495	131.86	131.89	517188
ECG	2026-08-11	134.66	136.5699	133.35	134.48	522996
ECG	2026-08-12	139.02	142.8244	137.935	140	646492
ECG	2026-08-13	137.06	138.785	134.1101	137.5	400562
ECG	2026-08-14	136.26	141.6	135.31	141.04	322390
ECG	2026-08-17	143.04	145.99	142.7	143.4	391121
ECG	2026-08-18	139.07	140.705	128.9	129.19	1193947
ECG	2026-08-19	130.65	131.2075	123.99	129.56	533743
ECG	2026-08-20	129.11	129.91	124.33	125.32	411253
ECG	2026-08-21	128.01	128.01	123.43	125.96	525845
ECG	2026-08-24	124.98	124.98	120	120.5	675231
EIKN	2026-05-01	9.64	9.8	9.33	9.68	158827
EIKN	2026-05-04	9.75	10.38	9.7	10.27	216868
EIKN	2026-05-05	10.28	10.66	10.05	10.28	148516
EIKN	2026-05-06	10.42	10.76	9.94	9.97	230424
EIKN	2026-05-07	9.93	9.96	9.06	9.17	228383
EIKN	2026-05-08	9.19	10.615	8.95	9.96	550979
EIKN	2026-05-11	10.53	10.88	9.89	9.95	604540
EIKN	2026-05-12	10.56	12.06	9.91	11.53	393258
EIKN	2026-05-13	11.38	12.39	10.8	12.31	449322
EIKN	2026-05-14	12.5	13.5	12.18	13.18	441067
EIKN	2026-05-15	13	13.44	12.51	13.25	377621
EIKN	2026-05-18	13.03	13.4225	11.23	11.75	795687
EIKN	2026-05-19	11.56	11.57	10.5	10.64	428111
EIKN	2026-05-20	10.9	11.3952	10.5001	10.66	236574
EIKN	2026-05-21	10.54	11.4699	10.4	11.16	182486
EIKN	2026-05-22	11.08	11.5	10.8248	10.91	223685
EIKN	2026-05-26	11	11.37	9.82	9.9	402289
EIKN	2026-05-27	9.9	10.69	9.8	10.37	374835
EIKN	2026-05-28	10.37	10.46	9.87	10.3	696240
EIKN	2026-05-29	10.38	10.88	10.15	10.84	200589
EIKN	2026-06-01	10.84	11.37	10.54	10.79	212886
EIKN	2026-06-02	10.38	10.89	9.59	9.6	219613
EIKN	2026-06-03	9.61	9.785	9.05	9.43	353792
EIKN	2026-06-04	9.28	10.19	9.28	9.78	283207
EIKN	2026-06-05	9.78	9.83	8.73	8.96	229256
EIKN	2026-06-08	9	9.48	8.9001	8.98	188190
EIKN	2026-06-09	9.06	9.54	8.5	8.77	204985
EIKN	2026-06-10	8.63	9.1	8.32	8.36	136248
EIKN	2026-06-11	8.36	8.7199	8.01	8.52	248150
EIKN	2026-06-12	8.62	9.09	8.5031	8.75	228920
EIKN	2026-06-15	8.95	9.89	8.95	9.33	316010
EIKN	2026-06-16	9.51	9.5637	8.87	9.07	189997
EIKN	2026-06-17	9.14	9.86	9	9.73	265696
EIKN	2026-06-18	9.8	10.2	9.32	9.61	320096
EIKN	2026-06-22	9.82	10.06	9.43	9.62	245581
EIKN	2026-06-23	9.7	10.2499	9.34	9.51	207102
EIKN	2026-06-24	9.61	10.06	9.43	9.63	273386
EIKN	2026-06-25	9.84	10.75	9.78	9.85	352616
EIKN	2026-06-26	9.84	11.6826	9.84	11.45	3172712
EIKN	2026-06-29	11.45	13.1	11.43	12.74	459936
EIKN	2026-06-30	12.78	13.54	12.5325	13.05	350627
EIKN	2026-07-01	13.07	13.43	12.0001	12.25	644448
EIKN	2026-07-02	12.31	12.72	12.01	12.54	457306
EIKN	2026-07-06	12.54	12.9399	11.76	12.03	516685
EIKN	2026-07-07	12.16	12.21	11.575	11.6	443140
EIKN	2026-07-08	11.33	12.11	10.38	10.72	527941
EIKN	2026-07-09	10.66	11.9599	10.65	11.22	509385
EIKN	2026-07-10	11.31	11.31	10.18	10.58	281982
EIKN	2026-07-13	10.5	10.56	10	10.44	180750
EIKN	2026-07-14	10.41	10.57	10.03	10.19	261616
EIKN	2026-07-15	10.21	10.35	9.73	9.84	207919
EIKN	2026-07-16	9.96	10.045	9.435	9.95	364990
EIKN	2026-07-17	9.63	9.94	9.56	9.77	181174
EIKN	2026-07-20	9.77	10.3696	9.61	9.65	159647
EIKN	2026-07-21	9.69	10.095	9.51	9.91	229111
EIKN	2026-07-22	9.81	10.1	9.49	9.61	289007
EIKN	2026-07-23	9.37	9.805	9.15	9.62	242334
EIKN	2026-07-24	9.6	9.815	8.72	8.9	243809
EIKN	2026-07-27	9	10.0437	8.9	9.88	289970
EIKN	2026-07-28	9.92	10.2	9.06	9.49	216413
EIKN	2026-07-29	9.35	9.66	9	9.01	247113
EIKN	2026-07-30	9.02	9.705	8.92	9.62	268303
EIKN	2026-07-31	9.54	9.66	8.98	9.21	213775
EIKN	2026-08-03	9.38	9.55	9.08	9.15	255753
EIKN	2026-08-04	9.29	9.6	9.1	9.56	395939
EIKN	2026-08-05	9.54	10	9.29	9.55	266872
EIKN	2026-08-06	9.4	9.64	9.08	9.21	348585
EIKN	2026-08-07	9.45	9.87	9.24	9.29	662404
EIKN	2026-08-10	9.28	9.83	9.25	9.73	504713
EIKN	2026-08-11	9.77	10.675	9.66	10.23	502388
EIKN	2026-08-12	10.21	10.6	10.185	10.42	371292
EIKN	2026-08-13	10.44	10.71	10.175	10.33	369850
EIKN	2026-08-14	10.72	11.3	9.7	11.05	637716
EIKN	2026-08-17	11	11.0255	10.3143	10.47	415021
EIKN	2026-08-18	10.35	11.71	10.35	11.65	747832
EIKN	2026-08-19	12.77	14.509	11.74	12.01	1406590
EIKN	2026-08-20	11.9	12.04	10.4	10.75	557422
EIKN	2026-08-21	10.87	12.11	10.75	11.39	532767
EIKN	2026-08-24	11.59	11.92	10.94	11.16	398267
ELOX	2026-05-01	2.09	2.09	1.43	2.09	313
ELOX	2026-05-04	1.9943	2.0636	1.925	1.9789	1280
ELOX	2026-05-05	1.925	1.98	1.3211	1.43	1659
ELOX	2026-05-07	1.4311	1.4311	1.4311	1.4311	63
ELOX	2026-05-11	1.43	1.43	1.43	1.43	13988
ELOX	2026-05-12	0.0231	0.0231	0.0231	0.0231	24
ELOX	2026-05-15	1.925	2.079	1.925	1.925	473
ELOX	2026-05-18	1.925	2.09	0.2376	0.55	6696
ELOX	2026-05-20	0.55	6.6	0.55	6.039	7663
ELOX	2026-05-21	2.2	6.6	2.2	3.74	26274
ELOX	2026-05-22	3.85	6.479	3.85	3.96	3141
ELOX	2026-05-26	3.96	3.96	3.96	3.96	54
ELOX	2026-05-28	7.7	7.7	3.96	3.96	152
ELOX	2026-05-29	3.96	5.17	3.96	4.07	2138
ELOX	2026-06-09	10	11.6	8.25	11.01	281278
ELOX	2026-06-10	10	11.41	8.2	11	119188
ELOX	2026-06-11	11	13.25	10.3195	12.64	32923
ELOX	2026-06-12	13.9	15.86	11.4	13.52	50990
ELOX	2026-06-15	14.1	17.5	13.8	14.7	37668
ELOX	2026-06-16	15.06	15.75	12	12.7501	22375
ELOX	2026-06-17	12.77	14.25	12.0257	14	43112
ELOX	2026-06-18	14.86	15.94	12.25	13.98	38570
ELOX	2026-06-22	13.98	14.28	12.9	13.89	14346
ELOX	2026-06-23	12.6	12.99	11.26	12.21	41374
ELOX	2026-06-24	11.73	12.1	10	12	16016
ELOX	2026-06-25	12.25	12.25	10	11.75	29577
ELOX	2026-06-26	10.62	12.91	10.1086	12.045	28345
ELOX	2026-06-29	11.94	13.3	11	11.93	71375
ELOX	2026-06-30	11.79	14.64	11.45	13.88	51071
ELOX	2026-07-01	14.24	15	11.17	12.1	110484
ELOX	2026-07-02	12.41	13.413421	11.62	12.565	91471
ELOX	2026-07-06	13.17	13.31	11.49	11.56	28301
ELOX	2026-07-07	12	12.95	10.84	10.95	66214
ELOX	2026-07-08	11.16	13	10.8817	12.25	42736
ELOX	2026-07-09	12.25	13.99	10.51	11.9	133221
ELOX	2026-07-10	11.51	12.09	11	11.81	20431
ELOX	2026-07-13	11.61	12.15	11.25	11.35	40220
ELOX	2026-07-14	11.69	12.1	11.0996	11.26	10327
ELOX	2026-07-15	11.25	13.1913	11.1	12.59	38679
ELOX	2026-07-16	12.59	14.29	11.4101	12.02	48926
ELOX	2026-07-17	11.52	13.0262	11.1327	12	28383
ELOX	2026-07-20	13	13	11.61	11.65	59671
ELOX	2026-07-21	11.7	12.125	11.26	12	56456
ELOX	2026-07-22	12.01	12.73	11.42	12.47	265184
ELOX	2026-07-23	12.8859	14.202334	11.8498	12	36760
ELOX	2026-07-24	11.86	12.41	11.3	11.94	90889
ELOX	2026-07-27	11.79	12.11	10.975	12.11	238584
ELOX	2026-07-28	12.01	13.5	11.81	12.81	22348
ELOX	2026-07-29	13.36	14	12.01	12.24	53665
ELOX	2026-07-30	12.41	13.7499	12.41	13.3	18875
ELOX	2026-07-31	13.9	18.4212	13.79	17.43	52873
ELOX	2026-08-03	18.24	19.358	15.67	18.45	65766
ELOX	2026-08-04	18.44	19.1	17.5001	18.43	44608
ELOX	2026-08-05	18.03	19.3	16.5379	17.88	58563
ELOX	2026-08-06	17.4145	18.5883	16.5	17.71	20448
ELOX	2026-08-07	17.88	18.3799	17.39	17.57	32134
ELOX	2026-08-10	16.8	18.48	16.8	17	62608
ELOX	2026-08-11	18.39	19.96	17.98	19.18	51262
ELOX	2026-08-12	19.82	19.855	17.2538	18.265	44892
ELOX	2026-08-13	18.15	19.19	17.8035	19.07	33246
ELOX	2026-08-14	19.23	19.23	17.17	18.76	29638
ELOX	2026-08-17	18.87	18.9	17.735	18.47	27924
ELOX	2026-08-18	18.47	18.47	16.5	18.25	38241
ELOX	2026-08-19	17.56	19	16.9	18.155	62139
ELOX	2026-08-20	19	19.18	17.75	18.04	40144
ELOX	2026-08-21	19	23.3999	18.04	20.975	93242
ELOX	2026-08-24	21.6	23	18.5795	19.99	151547
EME	2026-05-01	899.9	905.72	882.1275	903.5	326165
EME	2026-05-04	906.06	921.2215	893.515	910.26	314318
EME	2026-05-05	935.78	944.85	922.83	933.27	400343
EME	2026-05-06	937.25	951.96	908.62	943.75	562359
EME	2026-05-07	945.22	947.96	914.235	924.06	357602
EME	2026-05-08	939.02	946.105	919.62	921.64	235811
EME	2026-05-11	914.48	936.3099	908.18	931.5	330422
EME	2026-05-12	927.11	938.67	905	924.9	394327
EME	2026-05-13	939.42	939.99	908.76	923.01	327370
EME	2026-05-14	926.39	934.105	916.86	930.03	384917
EME	2026-05-15	910.09	915.065	894.09	913.11	315992
EME	2026-05-18	909.18	911.18	869.8	877.19	487364
EME	2026-05-19	859.65	870.6899	838.945	854.36	314350
EME	2026-05-20	868.34	870.785	851.04	853.15	264186
EME	2026-05-21	847.42	857.23	837	849.2	256741
EME	2026-05-22	851.63	856	834.34369	848.91	251619
EME	2026-05-26	863.64	872.5199	854.9501	861.41	260894
EME	2026-05-27	865.15	879.37	853.49	855.26	273362
EME	2026-05-28	856.07	863.655	839	848.45	334034
EME	2026-05-29	850.11	854.2	820.11	826.82	678895
EME	2026-06-01	815.53	841.65	812	830.95	455187
EME	2026-06-02	833.3	854.78	824.895	827.28	505318
EME	2026-06-03	831.09	858.4	828.01	839.54	357222
EME	2026-06-04	828.65	847.8	823.27	845.43	239132
EME	2026-06-05	833.19	845.54	813.68	817.44	355258
EME	2026-06-08	823.39	825.1	802.67	823.79	356170
EME	2026-06-09	831.76	845.99	799.42	827.78	296855
EME	2026-06-10	818.63	822.9399	775.88	776.72	415997
EME	2026-06-11	792.25	815.02	785.14	811.53	281129
EME	2026-06-12	817.13	831.8	811.44	823.05	247020
EME	2026-06-15	842.32	853.02	838.22	842.3	402040
EME	2026-06-16	850.67	860	833.47	834.77	327731
EME	2026-06-17	843.2	851.005	824.05	827.5	390632
EME	2026-06-18	846.63	849.67	833.12	836.59	1130888
EME	2026-06-22	844.95	870.72	831.585	868.88	421792
EME	2026-06-23	852.79	860.91	835.58	838.61	481525
EME	2026-06-24	844.22	863.64	835	847.17	310567
EME	2026-06-25	863.22	876.52	855.01	862.66	282979
EME	2026-06-26	840.63	841.73	796.65	798.1	1357480
EME	2026-06-29	799.89	826.09	799.61	814.41	533991
EME	2026-06-30	815.84	832.66	805	829.88	370453
EME	2026-07-01	826.825	826.825	796.6201	804.33	342300
EME	2026-07-02	804.64	811.61	763.43	774.66	568771
EME	2026-07-06	785	804	784.805	787.29	465321
EME	2026-07-07	783.84	786.27	749	768.38	421235
EME	2026-07-08	758.1	781.27	750	768.98	281183
EME	2026-07-09	792.09	797.37	777.8	783.41	390225
EME	2026-07-10	777.61	790.94	765.09	781.78	277759
EME	2026-07-13	770.9	779.92	758.97	764.9	258705
EME	2026-07-14	780.6	784.3	766	774.74	355510
EME	2026-07-15	781.07	782.245	749.275	769.72	473512
EME	2026-07-16	749.22	759.95	745.433	750.04	475607
EME	2026-07-17	728.58	744.96	717.28	744.16	1526345
EME	2026-07-20	759.04	761.099	740.24	744.03	435395
EME	2026-07-21	761.15	765	749.26	760.27	298570
EME	2026-07-22	745.94	763.245	740.28	755.15	318725
EME	2026-07-23	755	772.935	755	769.07	353517
EME	2026-07-24	764.17	772.0361	742.98	744.85	295907
EME	2026-07-27	746.82	761.945	725.875	742.75	436915
EME	2026-07-28	733.05	733.33	698.36	705.82	523339
EME	2026-07-29	707.02	711.075	668.82	672.48	765122
EME	2026-07-30	771.66	808.7204	771.66	802.37	879517
EME	2026-07-31	838.9	839.99	797.42	797.43	609267
EME	2026-08-03	787.99	821.86	775.05	817.42	565626
EME	2026-08-04	824.94	831.495	808.87	819.88	448716
EME	2026-08-05	827.18	835	815.795	822.16	375356
EME	2026-08-06	826.1	836.1524	805.2	808.43	314636
EME	2026-08-07	820.56	831.54	801.6	816.9	346435
EME	2026-08-10	823.99	827.625	808.48	809.33	286397
EME	2026-08-11	815.53	830.865	812.48	816.86	287822
EME	2026-08-12	830.48	844.5762	827.88	833.4	324385
EME	2026-08-13	832.84	843.83	828.19	831.23	280410
EME	2026-08-14	832.54	854.0999	830.955	836.29	288567
EME	2026-08-17	842.035	864.83	840.29	862.54	311714
EME	2026-08-18	843.37	843.56	817.01	824.53	288224
EME	2026-08-19	830.5	830.5	793.84	805.78	408544
EME	2026-08-20	799.14	807.4175	784.89	787.39	285461
EME	2026-08-21	791.73	794.2665	775.53	776.62	325545
EME	2026-08-24	769.99	773.39	758.7615	764.9	299563
EROC	2026-06-10	20.1	20.7	17.89	18.75	18046716
EROC	2026-06-11	18.15	19.4	17.56	17.92	4665072
EROC	2026-06-12	18.05	18.33	15.81	16.95	7232070
EROC	2026-06-15	17.32	18.3	16.13	16.14	3911863
EROC	2026-06-16	16	16	14.77	15.3	5732318
EROC	2026-06-17	15.3	15.87	14.5	15.26	2262876
EROC	2026-06-18	15.15	16.5	14.99	16.34	1495355
EROC	2026-06-22	16.5	17.98	16.15	17.17	1891299
EROC	2026-06-23	16.94	17.15	15.955	17	940235
EROC	2026-06-24	16.75	17.23	15.09	15.24	1330693
EROC	2026-06-25	15.36	15.9133	14.56	14.74	1019122
EROC	2026-06-26	14.54	14.75	13.5	13.76	2185652
EROC	2026-06-29	13.8	14.2	13.02	13.87	2536799
EROC	2026-06-30	14.31	15.22	13.75	14.5	1790676
EROC	2026-07-01	14.3	15.74	13.96	15.36	2453491
EROC	2026-07-02	15.16	16.17	15.16	15.47	1493507
EROC	2026-07-06	16	16.05	14.2	14.26	1778939
EROC	2026-07-07	14.28	14.28	12.86	13.32	1132521
EROC	2026-07-08	13.06	13.52	12.76	13.09	1143880
EROC	2026-07-09	13.22	14.29	13.1	13.76	1392085
EROC	2026-07-10	13.8	13.85	13.11	13.35	969844
EROC	2026-07-13	13.43	13.6049	11.91	12.11	1487351
EROC	2026-07-14	12.23	12.66	12.02	12.4	945219
EROC	2026-07-15	12.27	12.5404	11.79	12.06	1052146
EROC	2026-07-16	11.86	12	10.075	10.15	1920665
EROC	2026-07-17	10.26	10.97	10.03	10.81	2285906
EROC	2026-07-20	11.22	12.24	11.165	11.78	1292664
EROC	2026-07-21	11.83	13.9	11.8	13.29	1664263
EROC	2026-07-22	13.2	13.59	12.18	12.32	1503926
EROC	2026-07-23	12.12	12.6599	11.62	11.93	1281718
EROC	2026-07-24	11.81	11.91	10.81	10.95	978007
EROC	2026-07-27	10.83	11.28	9.9602	10.71	881447
EROC	2026-07-28	10.44	10.4449	9.82	10.1	1081669
EROC	2026-07-29	9.75	10.09	8.88	8.99	1817957
EROC	2026-07-30	9.2	10.375	9.19	9.88	2769497
EROC	2026-07-31	10.78	11.245	9.52	10.26	2185300
EROC	2026-08-03	10.31	11.31	10.13	10.96	985845
EROC	2026-08-04	11.28	11.88	11.01	11.5	1981976
EROC	2026-08-05	11.5	11.65	10.5	10.73	1326349
EROC	2026-08-06	10.75	10.8402	10.09	10.41	1117908
EROC	2026-08-07	10.4	10.79	9.81	10.59	1319440
EROC	2026-08-10	10.73	11.11	10.51	10.51	1919921
EROC	2026-08-11	10.68	11.41	10.3	11.25	3017274
EROC	2026-08-12	13.12	14.28	12.7335	13.82	5970537
EROC	2026-08-13	14.91	16.91	14.38	15.66	11265453
EROC	2026-08-14	16.05	16.97	15.55	16.72	4808222
EROC	2026-08-17	17.15	17.75	16.5601	17.4	5007507
EROC	2026-08-18	17.12	17.299	15.114215	15.22	3500768
EROC	2026-08-19	15.87	16.2699	14	14.36	3531723
EROC	2026-08-20	14.14	14.43	12.68	13.01	3726343
EROC	2026-08-21	13.35	14.46	13.307623	14.13	2783037
EROC	2026-08-24	13.98	13.98	13.01	13.12	1477839
EWTX	2026-05-01	30.96	31.13	30.12	30.61	583822
EWTX	2026-05-04	30.805	31.69	30.51	31.45	664058
EWTX	2026-05-05	39.125	39.96	37	38.01	5022347
EWTX	2026-05-06	37.94	38.18	36.07	36.99	2821928
EWTX	2026-05-07	38	38.21	35.02	35.58	1164092
EWTX	2026-05-08	35.35	36.21	34.665	35.32	997034
EWTX	2026-05-11	35.94	36	34.11	34.56	1082271
EWTX	2026-05-12	34.55	34.67	33.535	34.01	1153984
EWTX	2026-05-13	34.04	34.41	33.31	33.76	1111886
EWTX	2026-05-14	33.3	34.115	32.53	34.01	827315
EWTX	2026-05-15	33.81	33.95	32.76	33.09	988913
EWTX	2026-05-18	33.92	33.92	31.22	31.72	940171
EWTX	2026-05-19	31.52	32.09	31.02	31.43	1045868
EWTX	2026-05-20	31.8	32.99	31.75	32.82	789459
EWTX	2026-05-21	32.76	33.02	32.23	32.69	629942
EWTX	2026-05-22	32.92	33.55	32.32	32.7	667111
EWTX	2026-05-26	32.65	33.76	31.745	33.56	1296119
EWTX	2026-05-27	33.69	34.3	33.05	33.54	568258
EWTX	2026-05-28	33.47	34.495	33.12	33.3	1529765
EWTX	2026-05-29	33.18	34.58	33.12	34.16	1145046
EWTX	2026-06-01	40.6	40.765	37.29	40.26	4398701
EWTX	2026-06-02	40	40.38	37.02	37.25	2535555
EWTX	2026-06-03	38.03	38.03	36.06	36.21	1444139
EWTX	2026-06-04	35.99	38	35.99	37.23	909404
EWTX	2026-06-05	37.28	37.565	34.13	35.59	2956039
EWTX	2026-06-08	35.5	36.355	34.57	34.84	1139894
EWTX	2026-06-09	36.01	36.01	33.14	34.06	1234850
EWTX	2026-06-10	34.04	34.7	32.5	32.92	1328340
EWTX	2026-06-11	33.11	35.48	33.06	33.93	1019663
EWTX	2026-06-12	33.96	35.27	33.96	34.83	882172
EWTX	2026-06-15	35.44	36.8999	34.72	35.21	926726
EWTX	2026-06-16	35.705	36.843	30.84	33.95	6413922
EWTX	2026-06-17	33.96	35.48	33.72	34.82	3098778
EWTX	2026-06-18	35.785	37.14	35.39	36.81	1989908
EWTX	2026-06-22	37.51	37.51	35.96	36.5	1156009
EWTX	2026-06-23	36.31	39.34	36.025	38.83	1034806
EWTX	2026-06-24	38.97	42.46	38.615	42.3	1339126
EWTX	2026-06-25	42.02	43.93	41.12	41.69	827773
EWTX	2026-06-26	41.08	42.81	40.31	41.46	2810739
EWTX	2026-06-29	41.5	42.07	39.5	40.92	1921807
EWTX	2026-06-30	40.97	42.02	40.48	40.63	968012
EWTX	2026-07-01	40.32	41.86	38.77	39.15	1278044
EWTX	2026-07-02	39.15	39.81	38.36	39.56	793035
EWTX	2026-07-06	39.39	40.6	39.27	40.1	511245
EWTX	2026-07-07	40.5	43.615	40.205	43.13	1281052
EWTX	2026-07-08	42.97	46.95	42.695	46.3	2450085
EWTX	2026-07-09	46.5	48.4	46.4801	48.35	1575914
EWTX	2026-07-10	48.09	48.135	43.81	45.41	1025183
EWTX	2026-07-13	43.675	44.545	41.18	41.27	1004433
EWTX	2026-07-14	41	41.07	38.45	39.73	1186074
EWTX	2026-07-15	39.37	40.85	38.47	40.83	1104085
EWTX	2026-07-16	40.55	40.68	37.41	38.19	690518
EWTX	2026-07-17	38.6	40.4	37.25	39.76	744602
EWTX	2026-07-20	40.01	40.68	38.75	38.81	605904
EWTX	2026-07-21	38.81	39.97	38.81	39.58	550262
EWTX	2026-07-22	39.06	39.78	38.33	38.33	593194
EWTX	2026-07-23	37.78	39.6	37.515	39.29	940515
EWTX	2026-07-24	39.29	41.04	38.69	40.84	1027994
EWTX	2026-07-27	41.6	42.38	40.795	41.6	940216
EWTX	2026-07-28	41.61	41.805	39.52	40.35	928892
EWTX	2026-07-29	40.34	40.78	38.92	39.75	686343
EWTX	2026-07-30	39.53	41.38	38.6445	41.12	806929
EWTX	2026-07-31	41.11	41.11	38.21	38.43	1142646
EWTX	2026-08-03	38.15	38.77	36.88	38.38	664921
EWTX	2026-08-04	41	45.44	41	44.705	4181724
EWTX	2026-08-05	44.85	45.93	44.37	44.99	1366705
EWTX	2026-08-06	44.13	45.5246	43.56	44.42	1408691
EWTX	2026-08-07	44	44.2	42.46	43.52	1407229
EWTX	2026-08-10	43.71	44.8756	42.495	44.58	1945949
EWTX	2026-08-11	44.74	45.75	43.73	44.31	1088172
EWTX	2026-08-12	44.49	44.75	43.22	43.56	995784
EWTX	2026-08-13	44.14	44.14	42.94	43.18	854110
EWTX	2026-08-14	42.75	44.24	41.975	44.17	779898
EWTX	2026-08-17	43.78	44.39	42.585	44.04	797362
EWTX	2026-08-18	43.17	45.29	42.62	44.11	1161612
EWTX	2026-08-19	45.55	46.59	44.66	46.44	1745124
EWTX	2026-08-20	45.905	45.905	43.08	43.29	850051
EWTX	2026-08-21	43.54	44.675	43	44.18	1249637
EWTX	2026-08-24	43.67	45.44	42.59	44.72	1013101
FCUV	2026-05-01	4.92	5	4.7204	4.88	13488
FCUV	2026-05-04	5.36	6.2	4.64	4.68	121222
FCUV	2026-05-05	4.88	5.16	4.56	4.64	51009
FCUV	2026-05-06	4.6	4.8	4.24	4.24	25005
FCUV	2026-05-07	4.24	4.88	4.2	4.36	50730
FCUV	2026-05-08	4.28	4.52	4	4	17155
FCUV	2026-05-11	3.92	3.96	3.3	3.3604	30365
FCUV	2026-05-12	3.4624	3.4624	3	3.1064	15407
FCUV	2026-05-13	3.024	3.496	3.024	3.204	16482
FCUV	2026-05-14	3.4	8.24	2.4444	2.8724	3493489
FCUV	2026-05-15	2.792	5	2.64	3.372	2114454
FCUV	2026-05-18	3.36	3.65	3.2008	3.424	143747
FCUV	2026-05-19	3.1984	3.24	2.12	2.9	120647
FCUV	2026-05-20	2.9632	3.2626	2.6	3.092	106678
FCUV	2026-05-21	3	3.32	2.87	3.2716	34500
FCUV	2026-05-22	3.1808	3.28	3.0287	3.28	28309
FCUV	2026-05-26	3.276	3.36	3.12	3.236	37792
FCUV	2026-05-27	3.1436	3.2092	2.848	2.9632	55793
FCUV	2026-05-28	2.9284	3.2	2.8208	3.168	22627
FCUV	2026-05-29	3.16	3.2276	3	3.2272	19488
FCUV	2026-06-01	3.2892	3.4	3.0804	3.318	64434
FCUV	2026-06-02	3.3196	3.52	3.2	3.22	50021
FCUV	2026-06-03	3.2644	3.44	3.2644	3.356	85315
FCUV	2026-06-04	3.1248	3.1996	2.842	3.036	47254
FCUV	2026-06-05	3.1364	3.1832	2.8652	2.8808	11529
FCUV	2026-06-08	2.92	4.92	2.5924	3.0004	1169269
FCUV	2026-06-09	3	3.6	2.814	3.3244	109633
FCUV	2026-06-10	3.2588	3.3192	3.1	3.3184	29447
FCUV	2026-06-11	3.32	3.6692	3.1284	3.48	160632
FCUV	2026-06-12	3.3792	3.3792	3.0116	3.32	27352
FCUV	2026-06-15	3.2204	3.2204	3.0596	3.0804	22116
FCUV	2026-06-16	2.9628	3.1	2.784	2.8768	32171
FCUV	2026-06-17	2.88	2.88	2.6892	2.72	12207
FCUV	2026-06-18	2.7032	2.7032	2.2688	2.328	76247
FCUV	2026-06-22	2.394	2.394	1.84	2.172	74198
FCUV	2026-06-23	2.18	7.4	2.18	4.11	76843239
FCUV	2026-06-24	3.72	4.56	3.3501	4.42	1011748
FCUV	2026-06-25	6.03	7.13	4.75	4.76	28221794
FCUV	2026-06-26	3.8	4.47	3.8	4.37	479251
FCUV	2026-06-29	3.93	4.19	3.51	3.79	134809
FCUV	2026-06-30	3.47	4.11	3.03	3.8	165973
FCUV	2026-07-01	3.54	4.5	3.2401	4.09	222893
FCUV	2026-07-02	3.92	3.9221	3.35	3.52	101795
FCUV	2026-07-06	3.46	3.48	2.7019	2.96	94797
FCUV	2026-07-07	2.84	2.9	2.72	2.9	34365
FCUV	2026-07-08	2.84	2.85	2.61	2.85	25395
FCUV	2026-07-09	2.81	2.83	2.63	2.79	30409
FCUV	2026-07-10	2.68	2.81	2.5626	2.75	19641
FCUV	2026-07-13	2.73	3.1	2.5785	2.95	64117
FCUV	2026-07-14	2.92	3.22	2.88	3.22	23893
FCUV	2026-07-15	3.27	3.28	2.97	2.98	20573
FCUV	2026-07-16	3.01	3.02	2.83	2.84	14069
FCUV	2026-07-17	2.86	2.955	2.67	2.71	19473
FCUV	2026-07-20	2.7	2.7	2.5	2.51	19752
FCUV	2026-07-21	2.51	2.51	2.25	2.25	18262
FCUV	2026-07-22	2.22	2.44	2.21	2.42	15828
FCUV	2026-07-23	2.39	2.5597	2.2	2.31	28604
FCUV	2026-07-24	2.31	2.39	2.255	2.29	10197
FCUV	2026-07-27	2.21	2.34	2.1	2.28	17976
FCUV	2026-07-28	2.21	2.29	2.11	2.11	10450
FCUV	2026-07-29	2.2	2.2	1.79	1.79	19744
FCUV	2026-07-30	1.9	1.97	1.88	1.88	18135
FCUV	2026-07-31	10.22	17.59	8.42	11.6	98428872
FCUV	2026-08-03	15.51	17.9	9.2798	11.5	12552952
FCUV	2026-08-04	11.85	14.3199	9.6	10.6	1756340
FCUV	2026-08-05	10.12	10.8784	9.7859	10.21	296611
FCUV	2026-08-06	9.93	10.86	8.03	8.21	288141
FCUV	2026-08-07	7.14	7.14	4.87	5.2	328076
FCUV	2026-08-10	5.31	6.89	5.18	6.44	324575
FCUV	2026-08-11	6.16	6.46	5.76	6	86366
FCUV	2026-08-12	5.83	5.95	5.315	5.43	32063
FCUV	2026-08-13	5.16	5.695	5.16	5.54	34556
FCUV	2026-08-14	5.37	5.9399	5.352	5.62	39435
FCUV	2026-08-17	6.04	6.49	5.22	6.49	97426
FCUV	2026-08-18	6.54	9.9	6.54	7.795	942873
FCUV	2026-08-19	8.02	8.8799	7.77	8.16	159462
FCUV	2026-08-20	8.13	8.99	7.2627	8.78	107912
FCUV	2026-08-21	8.3	9.13	8.3	8.71	53326
FCUV	2026-08-24	8.33	8.95	7.8	8.94	89337
FET	2026-05-01	63.305	63.305	52.62	58.74	443834
FET	2026-05-04	58.46	62	57.5	59.53	243666
FET	2026-05-05	60.01	61.64	56.94	59.26	197840
FET	2026-05-06	57.71	58.44	55.48	56.05	204623
FET	2026-05-07	55.19	56.07	53.5162	54.42	163559
FET	2026-05-08	55.1	55.74	53.52	53.71	119094
FET	2026-05-11	54.17	57	54.17	56.09	136514
FET	2026-05-12	56.4	56.5646	54.655	55.59	130159
FET	2026-05-13	55.68	56.23	54.4	55.9	151999
FET	2026-05-14	55.75	56.84	55.51	56.09	120206
FET	2026-05-15	55.56	56.51	54.36	56.37	176815
FET	2026-05-18	56.02	58.07	55.31	58.04	119512
FET	2026-05-19	58.12	58.4	56.87	57.46	102340
FET	2026-05-20	57.57	58.75	56.74	57	119710
FET	2026-05-21	57.84	58.66	56.06	58.5	169143
FET	2026-05-22	58.23	58.25	55.61	57.1	117871
FET	2026-05-26	57.11	59	56.0701	56.49	144704
FET	2026-05-27	55.825	56.335	53.19	53.64	137051
FET	2026-05-28	54.1	54.315	48.86	50.78	238361
FET	2026-05-29	50.55	51.5	49.5501	50.22	243189
FET	2026-06-01	50.46	51.4	48.97	50.68	232652
FET	2026-06-02	50.88	52.96	49.26	52.72	123762
FET	2026-06-03	52.74	53.35	51.51	52.17	109115
FET	2026-06-04	51.69	53.65	51.69	53.64	122739
FET	2026-06-05	53.41	53.41	49.945	50.41	94600
FET	2026-06-08	51.31	53.1165	51.31	52.53	95039
FET	2026-06-09	52.79	52.79	50.95	52.18	115056
FET	2026-06-10	52.84	53.45	51.86	51.87	89454
FET	2026-06-11	52.92	52.92	51.37	52.39	116271
FET	2026-06-12	51.93	53.74	51.26	52.96	103655
FET	2026-06-15	51.75	52.775	50.735	51.24	190768
FET	2026-06-16	50.95	50.95	49.79	50.34	221137
FET	2026-06-17	50.74	52.01	47.1901	50.75	212304
FET	2026-06-18	50.26	51.75	48.685	51.52	602726
FET	2026-06-22	51.62	52.225975	49.74	51.33	198000
FET	2026-06-23	50.4	51.5411	50.1	50.23	129575
FET	2026-06-24	49.4	49.84	47.41	48.56	257348
FET	2026-06-25	48.33	50.49	47.51	49.53	155712
FET	2026-06-26	49.38	50.71	49.02	50.62	447936
FET	2026-06-29	51	51	49.37	50	119313
FET	2026-06-30	50.14	50.65	49.14	50.23	117461
FET	2026-07-01	49.93	50.4	48.75	48.92	118959
FET	2026-07-02	48.73	49.38	46.7401	46.98	129394
FET	2026-07-06	46.86	47.91	46.505	46.55	263048
FET	2026-07-07	47.24	47.93	46.77	47.48	158757
FET	2026-07-08	47.99	49.82	47.88	49.21	144264
FET	2026-07-09	48.94	48.94	47.78	48.59	133368
FET	2026-07-10	48.5	49.69	48.265	49.67	100142
FET	2026-07-13	50.24	51.1	49.865	50.58	90754
FET	2026-07-14	51.4	52.48	51.14	52.24	157018
FET	2026-07-15	52.48	52.61	50.44	52.59	139629
FET	2026-07-16	52.23	53.51	51.645	52.15	113894
FET	2026-07-17	52.12	53.045	51.2	52.44	81167
FET	2026-07-20	52.04	54	52.04	52.84	150290
FET	2026-07-21	53.3	57.48	53	57.28	174946
FET	2026-07-22	57.46	58.94	57.405	57.81	186983
FET	2026-07-23	58.29	59.61	55.63	57.55	161419
FET	2026-07-24	58.01	58.865	57.17	57.86	83308
FET	2026-07-27	57.88	58.41	56.34	56.6	124232
FET	2026-07-28	56.13	57.2	52.31	52.45	161748
FET	2026-07-29	53.53	54.19	50.2701	51.11	204543
FET	2026-07-30	51.02	52.46	50.305	51.43	136914
FET	2026-07-31	61.42	64.5971	56.29	62.67	378631
FET	2026-08-03	62.75	71.73	62.64	70.35	494326
FET	2026-08-04	69.03	74.77	68.5	74.3	429773
FET	2026-08-05	74.3	75.89	71.68	75.52	325049
FET	2026-08-06	77.04	77.5099	74.61	75.23	235561
FET	2026-08-07	74.48	76.74	73.8	74.23	242939
FET	2026-08-10	75.3	79.42	75.3	78.42	180293
FET	2026-08-11	79.4	83.18	78.705	83.07	228994
FET	2026-08-12	83.67	84.75	81.63	82.86	178073
FET	2026-08-13	81.97	84.9999	81.585	82.42	218937
FET	2026-08-14	83.54	86.245	83.325	85.36	157702
FET	2026-08-17	85.5	87.0899	83.65	86.31	164352
FET	2026-08-18	86.49	87.42	82.4	82.51	132979
FET	2026-08-19	84.15	84.44	80.77	81.42	149563
FET	2026-08-20	82.62	83.855	77.48	78.6	177602
FET	2026-08-21	79.65	81.1	77.32	77.42	204658
FET	2026-08-24	77.33	78.105	75.16	76.05	159142
FLS	2026-05-01	73.33	74.3899	70.28	71.65	4467796
FLS	2026-05-04	71.34	72.04	69.9	70.41	3436408
FLS	2026-05-05	71.09	71.3	69.57	70.22	3560639
FLS	2026-05-06	72.8	76.95	72.3825	73.38	3955702
FLS	2026-05-07	74.13	74.5	71.24	71.54	2692222
FLS	2026-05-08	72.26	72.42	70.49	71.13	2051146
FLS	2026-05-11	70.94	71.96	70.17	70.77	1731341
FLS	2026-05-12	70	70.17	68.25	69.43	2909085
FLS	2026-05-13	69.54	69.655	66.21	66.46	3605359
FLS	2026-05-14	67.34	69.15	67.056	67.99	1969235
FLS	2026-05-15	66.69	67.3	64.72	65.07	2068586
FLS	2026-05-18	65.66	66.5	65.19	65.93	2063055
FLS	2026-05-19	65.7	65.89	63.27	64.39	2044366
FLS	2026-05-20	65	68.49	64.24	68.28	3681764
FLS	2026-05-21	67.31	69.24	66.16	68.73	2154084
FLS	2026-05-22	69.27	70.13	68.19	69.61	1924424
FLS	2026-05-26	70.92	73.48	70.7	73.35	2263505
FLS	2026-05-27	73.98	74.95	72.57	72.97	2863782
FLS	2026-05-28	73.25	75.555	72.47	75.21	3139442
FLS	2026-05-29	74.86	76.45	74.71	75.51	1998057
FLS	2026-06-01	74.66	75.94	73.75	75.08	2002831
FLS	2026-06-02	75.62	76.78	74.2307	76.3	1464666
FLS	2026-06-03	75.88	76.6	74.56	75.42	1420689
FLS	2026-06-04	75.35	75.68	73.78	75.42	1187205
FLS	2026-06-05	74.54	74.965	72.87	73.5	1479240
FLS	2026-06-08	73.48	75.21	73.48	74.86	1356329
FLS	2026-06-09	75.71	76.88	72.76	75.97	1724300
FLS	2026-06-10	75.38	76.7181	72.81	72.86	1480695
FLS	2026-06-11	73.82	78.49	73.42	78.1	1915435
FLS	2026-06-12	79.22	79.535	77.55	78.07	1409915
FLS	2026-06-15	80.42	81.25	79.66	79.99	2258058
FLS	2026-06-16	80	81.55	79.2	80.51	2265219
FLS	2026-06-17	80.76	81.395	78.79	78.93	1528346
FLS	2026-06-18	80.18	82.52	80.08	81.7	2616152
FLS	2026-06-22	82.12	82.54	80.84	81.58	1216244
FLS	2026-06-23	78.66	81.245	77.48	79.98	2064553
FLS	2026-06-24	77.6	77.63	71.96	72.93	4726851
FLS	2026-06-25	74.63	76.9531	74.02	74.99	2379937
FLS	2026-06-26	74	74.4	71.905	72.56	3097954
FLS	2026-06-29	72.72	73.915	71.81	73.26	1705919
FLS	2026-06-30	73.46	74.485	71.66	74.16	2113545
FLS	2026-07-01	72.86	74.37	72.18	72.38	1804463
FLS	2026-07-02	73.16	74.3	71.6	72.34	1122035
FLS	2026-07-06	72.66	74.79	72.66	74.71	896165
FLS	2026-07-07	73.49	74.02	70.42	71.37	1553536
FLS	2026-07-08	70.4	70.735	67.495	69.04	3648990
FLS	2026-07-09	70.83	71.305	69.45	69.69	1724261
FLS	2026-07-10	69.97	71.39	69.88	70.48	1004422
FLS	2026-07-13	69.42	70.5	68.06	68.36	1502703
FLS	2026-07-14	69.71	70.4	68.565	69.59	1418984
FLS	2026-07-15	69.65	70.2099	67.66	68.89	1536128
FLS	2026-07-16	67.71	69.515	67.71	69.32	1987389
FLS	2026-07-17	67.43	69.16	66.93	68.46	1233574
FLS	2026-07-20	68.91	69.09	66.325	66.74	2707542
FLS	2026-07-21	68.19	68.19	66.31	67.52	2179357
FLS	2026-07-22	67.17	69.26	66.81	68.59	2178880
FLS	2026-07-23	68.03	72.01	67.945	71.66	1920102
FLS	2026-07-24	71.99	73.38	71.595	72.4	1437264
FLS	2026-07-27	73.12	73.75	71.36	72.68	1364304
FLS	2026-07-28	72.36	73.84	71.52	73.43	2988022
FLS	2026-07-29	72.65	73.62	69.135	69.94	2723406
FLS	2026-07-30	73.4	79.23	73.4	75.32	3473466
FLS	2026-07-31	76.92	77.87	74.36	75.99	2585523
FLS	2026-08-03	74.98	77.02	74.98	76.54	2108314
FLS	2026-08-04	77.75	80.02	76.66	79.55	2175798
FLS	2026-08-05	79.35	80	78.62	78.67	1596759
FLS	2026-08-06	79.57	82.34	78.2632	78.64	1557666
FLS	2026-08-07	79.2	80.25	78.4777	79.95	1109399
FLS	2026-08-10	79.97	79.99	79.17	79.49	992831
FLS	2026-08-11	79.81	81.415	79.755	80.86	989095
FLS	2026-08-12	81.7	81.75	79.44	80.95	1291674
FLS	2026-08-13	80.76	81.4	79.4484	81.15	1288620
FLS	2026-08-14	81.38	82.1	79.89	80.87	1331950
FLS	2026-08-17	81.15	81.83	80.56	80.97	1266942
FLS	2026-08-18	79.35	80.73	78.68	78.79	1651330
FLS	2026-08-19	78.77	79.215	76.34	77.89	1371392
FLS	2026-08-20	76.99	78.645	76.94	78.1	1287925
FLS	2026-08-21	79.16	79.69	77.83	79.39	850686
FLS	2026-08-24	79.47	80.86	78.8633	80.46	1831347
FLXS	2026-05-01	55.975	57.3	55.19	56.39	47987
FLXS	2026-05-04	56.22	56.47	53.64	54.44	62101
FLXS	2026-05-05	54.89	56.945	54.89	56.22	52027
FLXS	2026-05-06	56.59	57	54.74	54.99	31278
FLXS	2026-05-07	54.91	55.965	53.435	55.16	39199
FLXS	2026-05-08	55.33	56.19	53.9801	55.84	34521
FLXS	2026-05-11	56.32	56.8	55.475	55.63	37257
FLXS	2026-05-12	55.21	55.915	54.1275	55.44	48173
FLXS	2026-05-13	55.1	55.275	53.615	54.11	33425
FLXS	2026-05-14	54.3	56.45	54.3	55.99	31942
FLXS	2026-05-15	55.2	56	53.5	53.5	54392
FLXS	2026-05-18	53	54.865	52	53.18	50501
FLXS	2026-05-19	53.11	54.06	52.6405	53.36	77363
FLXS	2026-05-20	53.4	55.54	53.19	55.24	42972
FLXS	2026-05-21	55.01	56.21	53.26	56.21	40038
FLXS	2026-05-22	56.25	57.09	55.6601	56.21	51756
FLXS	2026-05-26	56.37	58.17	55.67	56.46	46573
FLXS	2026-05-27	57.41	59.715203	56.66	57.02	54072
FLXS	2026-05-28	57.15	59.87	56.03	59.87	65938
FLXS	2026-05-29	60.01	60.9696	57.54	57.62	78856
FLXS	2026-06-01	58.73	59.9999	57.45	58.06	77581
FLXS	2026-06-02	58.47	59.88	58.09	59.19	58510
FLXS	2026-06-03	59.19	59.4899	57.385	57.75	33415
FLXS	2026-06-04	57.53	58.75	57.15	58.35	38042
FLXS	2026-06-05	58.27	59.0478	56.94	56.94	33473
FLXS	2026-06-08	55.772	57.9	55.51	56.48	59157
FLXS	2026-06-09	56.95	58.97	56.95	57.97	30928
FLXS	2026-06-10	58.42	58.9	57.87	58.15	30091
FLXS	2026-06-11	59.02	63.46	59.02	63.21	64164
FLXS	2026-06-12	63.25	63.83	60.885	63.08	52505
FLXS	2026-06-15	63.6	65	63.2	63.665	46250
FLXS	2026-06-16	63.95	65.03	61.83	62.44	50802
FLXS	2026-06-17	62.5	64.99	61.5001	63.29	42618
FLXS	2026-06-18	64.31	66.24	62.8985	64.85	122159
FLXS	2026-06-22	64.73	65.2478	63.78	64.84	40875
FLXS	2026-06-23	64.89	67.61	64.14	66.64	54720
FLXS	2026-06-24	66.42	69.09	65.675	67.84	50350
FLXS	2026-06-25	68.11	69.64	67.62	68.77	33358
FLXS	2026-06-26	68.82	74.9	67.99	72.91	122700
FLXS	2026-06-29	72.81	73.43	67.905	73.05	85036
FLXS	2026-06-30	72.13	75.76	71.08	74.48	58002
FLXS	2026-07-01	74.36	77	72.6602	76.2	57852
FLXS	2026-07-02	77.19	77.19	71.44	72.49	50622
FLXS	2026-07-06	72.49	73.73	70.73	72.59	54819
FLXS	2026-07-07	72.06	72.415	68.74	69.55	45769
FLXS	2026-07-08	68.89	70	68.4401	69.98	35611
FLXS	2026-07-09	69.78	72.79	68.0201	71.79	60585
FLXS	2026-07-10	72	72.58	70.69	71.3	29475
FLXS	2026-07-13	71.3	73.355	70.72	71.5	67443
FLXS	2026-07-14	71.89	73.13	70.5	71.63	40039
FLXS	2026-07-15	72.13	73.9499	71.93	72.24	30380
FLXS	2026-07-16	72.43	74.87	72.43	73.18	37838
FLXS	2026-07-17	72.62	73.95	72.13	72.98	25635
FLXS	2026-07-20	73.1	73.53	71.6	73.09	41808
FLXS	2026-07-21	73.01	77	71.4019	74.95	53862
FLXS	2026-07-22	74.15	75.33	73.72	74.96	37147
FLXS	2026-07-23	74.57	75.5	72.8108	75.19	31419
FLXS	2026-07-24	75.24	76.912	74.3872	75.2	42894
FLXS	2026-07-27	75.47	77.3826	74.7111	75.84	37589
FLXS	2026-07-28	76.61	77.99	75.825	77.88	51617
FLXS	2026-07-29	77.76	78.645	74.88	75.35	47749
FLXS	2026-07-30	74.81	75.04	72.105	73.97	126758
FLXS	2026-07-31	73.97	76.85	73.06	74.03	67913
FLXS	2026-08-03	74.77	77.77	74.77	77.72	49944
FLXS	2026-08-04	77.38	78.1151	76.22	77.44	43133
FLXS	2026-08-05	77.7	79.6983	77.195	77.35	39554
FLXS	2026-08-06	77.43	77.43	75.31	76.89	32505
FLXS	2026-08-07	76.37	77.15	75.29	76.19	26955
FLXS	2026-08-10	76.82	76.82	74.64	75.25	68674
FLXS	2026-08-11	75.86	75.86	74.325	75.25	49504
FLXS	2026-08-12	74.96	75.8366	72.69	73.81	50724
FLXS	2026-08-13	74.15	75.14	73.06	74.36	40417
FLXS	2026-08-14	73.59	75.46	72.35	73.79	32384
FLXS	2026-08-17	73.75	76.12	69.98	70.86	112069
FLXS	2026-08-18	81	88.49	76.1801	77.16	270539
FLXS	2026-08-19	76.78	79.64	72.86	78.17	177200
FLXS	2026-08-20	78.02	81.42	76.38	80.03	102459
FLXS	2026-08-21	80.03	81.99	79.33	81.39	70299
FLXS	2026-08-24	81.39	84.0254	80	80.6	70716
FMC	2026-05-01	15.21	15.5512	14.58	14.82	3571173
FMC	2026-05-04	14.83	15.01	14.52	14.56	2271287
FMC	2026-05-05	14.78	15.15	14.5	14.87	1960253
FMC	2026-05-06	14.87	15.15	14.65	14.79	2231454
FMC	2026-05-07	14.7	14.97	13.635	13.68	3404672
FMC	2026-05-08	13.69	13.81	13.36	13.4	3784064
FMC	2026-05-11	13.585	13.81	12.9701	13.11	3074542
FMC	2026-05-12	13.24	13.285	12.8	13.15	4277348
FMC	2026-05-13	13.05	13.09	12.66	12.73	2808115
FMC	2026-05-14	12.86	13.775	12.805	13.56	3483505
FMC	2026-05-15	13.52	14.22	13.52	14.17	4779582
FMC	2026-05-18	14.04	14.48	13.53	13.55	2740049
FMC	2026-05-19	13.5	13.6	12.6945	12.76	3453349
FMC	2026-05-20	12.58	12.93	12.22	12.69	2724771
FMC	2026-05-21	12.5	13.175	12.37	13.01	2256040
FMC	2026-05-22	13	13.2949	12.855	13.11	2173535
FMC	2026-05-26	13.09	13.38	12.82	12.98	1884295
FMC	2026-05-27	13.1	13.875	13.1	13.51	2532983
FMC	2026-05-28	13.33	13.68	13.28	13.57	1574947
FMC	2026-05-29	13.59	13.98	13.48	13.66	3878354
FMC	2026-06-01	13.65	13.65	13.03	13.34	2311633
FMC	2026-06-02	13.21	13.33	12.98	13.13	1641828
FMC	2026-06-03	13.03	13.0464	12.3	12.35	2917374
FMC	2026-06-04	12.43	12.74	12.135	12.19	2956494
FMC	2026-06-05	12.17	12.36	11.41	11.64	3663497
FMC	2026-06-08	11.53	11.69	10.97	11.1	4312304
FMC	2026-06-09	11.1	11.63	10.915	11.5	4495815
FMC	2026-06-10	11.3	11.55	10.78	10.8	3295528
FMC	2026-06-11	10.78	11.43	10.7153	11.27	3447428
FMC	2026-06-12	11.41	12.14	11.41	11.85	3329052
FMC	2026-06-15	12.13	12.39	11.48	11.51	3178184
FMC	2026-06-16	11.48	11.8	11.48	11.6	3042644
FMC	2026-06-17	11.89	12.67	11.89	11.98	4475090
FMC	2026-06-18	12	12.09	11.059	11.55	8190494
FMC	2026-06-22	11.23	11.5	10.91	11.03	3580322
FMC	2026-06-23	11.16	11.27	10.75	11.02	3358637
FMC	2026-06-24	10.9	11.45	10.894	11.32	3590651
FMC	2026-06-25	11.49	11.88	11.215	11.32	3586217
FMC	2026-06-26	11.23	11.82	11.23	11.75	22278801
FMC	2026-06-29	11.582	11.62	11.13	11.54	4005926
FMC	2026-06-30	11.54	11.9	11.26	11.5	3487846
FMC	2026-07-01	12.08	12.3	10.7511	10.95	8681275
FMC	2026-07-02	11	11.77	11	11.35	6048527
FMC	2026-07-06	11.11	11.55	10.84	11.38	4451104
FMC	2026-07-07	11.45	11.88	11.435	11.59	3963717
FMC	2026-07-08	11.6	11.675	10.9	10.94	4593451
FMC	2026-07-09	10.85	11.255	10.772	10.89	3459715
FMC	2026-07-10	10.98	11.145	10.682	10.91	3492263
FMC	2026-07-13	11.06	11.44	10.875	10.91	3311000
FMC	2026-07-14	11.07	11.18	10.66	10.72	3012242
FMC	2026-07-15	10.75	10.915	10.56	10.83	3867162
FMC	2026-07-16	10.9	11.62	10.87	11.44	4481226
FMC	2026-07-17	11.53	11.7	11.08	11.21	3725298
FMC	2026-07-20	11.06	11.325	11	11.19	2968952
FMC	2026-07-21	11.185	11.47	11.084	11.37	2963621
FMC	2026-07-22	11.7	12.1466	11.62	11.78	3274519
FMC	2026-07-23	11.78	12.01	11.4601	11.69	2526551
FMC	2026-07-24	11.75	11.7575	11.29	11.3	2116989
FMC	2026-07-27	11.26	11.36	11.05	11.12	2318044
FMC	2026-07-28	11.21	11.46	10.885	10.94	2746246
FMC	2026-07-29	10.93	11.01	9.945	10.01	7535312
FMC	2026-07-30	10.5	11.85	10.49	11.83	9902905
FMC	2026-07-31	11.57	11.7399	10.645	10.71	5330242
FMC	2026-08-03	10.71	10.9	10.22	10.36	5785298
FMC	2026-08-04	10.26	10.56	10.09	10.55	4470696
FMC	2026-08-05	10.53	11.07	10.5	10.78	3214790
FMC	2026-08-06	10.69	10.84	10.45	10.55	3110289
FMC	2026-08-07	10.63	10.82	10.53	10.59	1989956
FMC	2026-08-10	10.51	10.66	10.12	10.46	3289459
FMC	2026-08-11	10.49	10.68	10.35	10.41	1895917
FMC	2026-08-12	10.45	10.45	10.08	10.24	2937277
FMC	2026-08-13	10.2	10.2	9.95	10.16	3544458
FMC	2026-08-14	10.2	10.33	10.02	10.15	2350790
FMC	2026-08-17	10.12	10.36	9.975	10.18	3124313
FMC	2026-08-18	10.27	10.33	10	10.12	1742692
FMC	2026-08-19	10.29	11.1	10.29	10.81	3498950
FMC	2026-08-20	10.76	10.98	10.53	10.88	2087406
FMC	2026-08-21	11.01	11.35	10.85	11.02	2814895
FMC	2026-08-24	11.05	11.43	10.97	11.28	2270641
FORR	2026-05-01	6.29	6.435	6.1363	6.34	71034
FORR	2026-05-04	6.34	6.545	6.1316	6.22	52243
FORR	2026-05-05	6.22	6.26	6	6.21	44332
FORR	2026-05-06	6.21	6.24	6.02	6.09	51010
FORR	2026-05-07	5.78	6.605	5.78	6.53	100927
FORR	2026-05-08	6.58	6.87	6.465	6.87	41098
FORR	2026-05-11	6.85	6.85	6.535	6.59	53644
FORR	2026-05-12	6.62	6.76	6.215	6.37	44155
FORR	2026-05-13	6.3	6.385	6.11	6.29	47259
FORR	2026-05-14	6.26	6.55	6.1201	6.44	48222
FORR	2026-05-15	6.36	6.63	6.3101	6.6	66517
FORR	2026-05-18	6.515	6.775	6.44	6.65	75898
FORR	2026-05-19	6.57	6.84	6.47	6.75	194979
FORR	2026-05-20	6.73	6.8	6.505	6.76	81562
FORR	2026-05-21	6.73	7.1299	6.28	6.97	119531
FORR	2026-05-22	7.02	7.095	6.7	6.76	56380
FORR	2026-05-26	6.54	6.75	6.54	6.69	78401
FORR	2026-05-27	6.72	6.97	6.69	6.93	130101
FORR	2026-05-28	6.91	7.0649	6.77	6.97	71088
FORR	2026-05-29	6.96	7.08	6.695	7.05	71290
FORR	2026-06-01	6.95	7.22	6.84	7.22	53257
FORR	2026-06-02	7.2	7.24	6.94	7.04	44290
FORR	2026-06-03	7.04	7.04	6.71	6.91	53819
FORR	2026-06-04	6.99	7.445	6.675	7.08	69111
FORR	2026-06-05	7.05	7.13	6.98	7	44644
FORR	2026-06-08	6.92	7.12	6.83	6.83	58924
FORR	2026-06-09	6.73	7.03	6.62	6.84	83055
FORR	2026-06-10	6.87	7.065	6.635	6.73	82008
FORR	2026-06-11	6.73	6.88	6.58	6.79	45414
FORR	2026-06-12	6.79	7.08	6.69	6.99	58853
FORR	2026-06-15	6.98	7.05	6.56	6.72	109189
FORR	2026-06-16	6.74	6.88	6.64	6.88	60685
FORR	2026-06-17	6.88	7	6.56	6.67	147051
FORR	2026-06-18	6.6	6.79	6.475	6.7	179005
FORR	2026-06-22	6.73	7.1882	6.635	7.11	96604
FORR	2026-06-23	7.11	7.51	6.74	7.35	172164
FORR	2026-06-24	7.25	7.99	6.95	7.97	164736
FORR	2026-06-25	7.99	8.0916	7.21	7.24	199049
FORR	2026-06-26	7.24	7.95	7.24	7.81	1467199
FORR	2026-06-29	7.85	8.7275	7.66	8.42	290166
FORR	2026-06-30	8.33	8.475	8.26	8.41	137573
FORR	2026-07-01	8.5	9.3725	8.5	9.19	143855
FORR	2026-07-02	9.16	9.6	9.16	9.45	102745
FORR	2026-07-06	9.26	9.945	9.215	9.63	93447
FORR	2026-07-07	9.52	9.83	9.13	9.66	277839
FORR	2026-07-08	9.56	9.67	9.3	9.61	99472
FORR	2026-07-09	9.52	9.78	9.37	9.69	95828
FORR	2026-07-10	9.78	10	9.69	10	70629
FORR	2026-07-13	10.06	10.52	9.905	10.19	295176
FORR	2026-07-14	10.11	10.44	9.94	10.31	150772
FORR	2026-07-15	10.32	10.6	10.205	10.41	148162
FORR	2026-07-16	10.29	11.33	10.29	10.475	175405
FORR	2026-07-17	10.48	10.57	10.0536	10.32	73661
FORR	2026-07-20	10.32	10.395	9.93	9.97	109661
FORR	2026-07-21	9.97	9.98	8.89	9.12	156840
FORR	2026-07-22	9.15	9.3	8.91	8.99	125211
FORR	2026-07-23	8.98	9.22	8.72	8.85	135673
FORR	2026-07-24	8.88	9.11	8.735	8.87	89506
FORR	2026-07-27	9	9.65	8.965	9.51	98079
FORR	2026-07-28	9.51	10.36	9.51	10.31	109772
FORR	2026-07-29	10.28	10.45	10	10.255	93946
FORR	2026-07-30	10.26	10.325	9.7	9.74	108941
FORR	2026-07-31	10.495	11.75	9.94	11.5	233570
FORR	2026-08-03	11.75	12.33	11.35	11.36	192458
FORR	2026-08-04	11.27	11.9	10.9	11.73	121270
FORR	2026-08-05	11.74	11.92	11.26	11.63	140404
FORR	2026-08-06	11.74	12.03	11.52	11.99	170590
FORR	2026-08-07	11.96	12	11.6	11.74	129286
FORR	2026-08-10	11.61	11.95	11.46	11.62	124233
FORR	2026-08-11	11.58	11.93	11.21	11.83	131926
FORR	2026-08-12	11.83	11.95	11.33	11.53	102928
FORR	2026-08-13	11.53	11.855	11.495	11.79	127096
FORR	2026-08-14	11.79	11.79	11.38	11.38	63991
FORR	2026-08-17	11.26	11.39	11.15	11.15	72054
FORR	2026-08-18	11.16	11.44	11.0359	11.31	56227
FORR	2026-08-19	11.34	11.99	11.34	11.76	87046
FORR	2026-08-20	11.72	11.99	11.59	11.67	66125
FORR	2026-08-21	11.68	11.965	11.56	11.78	70816
FORR	2026-08-24	11.72	12.03	11.695	11.98	68262
FRD	2026-05-01	20.38	20.63	20.125	20.57	8862
FRD	2026-05-04	20.3	20.99	19.905	20.46	29059
FRD	2026-05-05	20.72	21.42	20.33	20.89	22276
FRD	2026-05-06	20.89	21.315	20.1	21.04	18157
FRD	2026-05-07	20.91	21.47	19.7001	21.03	29188
FRD	2026-05-08	20.92	21.75	20.9	21.65	16836
FRD	2026-05-11	21.62	21.775	21.32	21.43	14981
FRD	2026-05-12	21.43	21.89	20.12	21.51	106774
FRD	2026-05-13	21.52	22.515	20.49	21.79	57769
FRD	2026-05-14	21.64	21.97	20.835	20.9	12981
FRD	2026-05-15	20.7	20.7605	20.17	20.6	29963
FRD	2026-05-18	20.67	20.88	20.13	20.43	25933
FRD	2026-05-19	20.45	20.97	20.45	20.73	15060
FRD	2026-05-20	20.64	20.8515	20.195	20.8	15764
FRD	2026-05-21	20.63	20.87	20.295	20.53	15908
FRD	2026-05-22	20.6	21.3	20.565	20.68	14797
FRD	2026-05-26	20.88	22.98	20.88	22.9	46238
FRD	2026-05-27	22.91	23.95	22.91	23.73	39944
FRD	2026-05-28	23.7	24.18	23.3101	23.69	68749
FRD	2026-05-29	23.52	24.685	23.31	23.38	29244
FRD	2026-06-01	23.38	23.81	22.75	23.77	26066
FRD	2026-06-02	23.47	24.465	23.2	24.38	17719
FRD	2026-06-03	24.13	24.36	23.535	23.89	25956
FRD	2026-06-04	23.84	24.63	23.8	24.37	19746
FRD	2026-06-05	24.05	24.625	24.05	24.4	20587
FRD	2026-06-08	24.63	25	24.3	24.66	41090
FRD	2026-06-09	24.68	25.615	24.6048	25.24	26028
FRD	2026-06-10	25.24	26	25.12	25.55	61993
FRD	2026-06-11	26.1	26.495	25.14	26.38	36923
FRD	2026-06-12	31.2	36.2599	31.1625	34.72	324901
FRD	2026-06-15	34.72	35.48	33.75	34.87	137544
FRD	2026-06-16	34.69	36.15	33.42	34.86	128372
FRD	2026-06-17	34.77	37	34.15	36.07	89371
FRD	2026-06-18	36.43	37.865	33.79	37.42	162226
FRD	2026-06-22	37.01	37.31	36.03	37.15	58284
FRD	2026-06-23	37	37.97	34.895	35.28	109543
FRD	2026-06-24	35.28	35.99	33.699	33.74	52250
FRD	2026-06-25	33.87	34.6209	32.69	33.71	55216
FRD	2026-06-26	33.54	34.5	32.83	34.43	225087
FRD	2026-06-29	34.34	34.65	32.21	32.43	57657
FRD	2026-06-30	32.34	32.45	30.67	32.18	58733
FRD	2026-07-01	32.24	36.66	31.67	35.03	286938
FRD	2026-07-02	35.73	35.75	33.18	33.62	106442
FRD	2026-07-06	33.48	35	32.08	33.52	90369
FRD	2026-07-07	33.22	34.3	32.128	32.39	56750
FRD	2026-07-08	32.39	33.63	32.01	32.58	70852
FRD	2026-07-09	33.66	35.13	33.57	34.08	60905
FRD	2026-07-10	34.08	34.85	33.01	34.26	45088
FRD	2026-07-13	34.22	36.305	34.07	34.51	152594
FRD	2026-07-14	35.06	35.8257	34.5	35	266384
FRD	2026-07-15	35.29	36.5	33.24	35.47	118069
FRD	2026-07-16	35.53	36.31	34.27	35.02	49663
FRD	2026-07-17	34.28	35.4799	33.66	34.09	51814
FRD	2026-07-20	34.2	36.6	33.555	33.97	56598
FRD	2026-07-21	33.97	34.81	30.68	32.8	121924
FRD	2026-07-22	32.61	33.2	31.81	32.99	74638
FRD	2026-07-23	32.44	34.37	32.44	34.06	55430
FRD	2026-07-24	34.5	35.88	34.5	35.6	39726
FRD	2026-07-27	35.95	36.4699	33.6	35.86	86212
FRD	2026-07-28	35.93	38.27	35.93	37.19	96429
FRD	2026-07-29	38	39.07	34.08	34.34	98624
FRD	2026-07-30	34.4	34.81	32.92	33.58	37168
FRD	2026-07-31	33.6	34.8	33.11	33.25	34102
FRD	2026-08-03	33.25	36	33.25	34.06	48120
FRD	2026-08-04	34.39	36	33.6	35.37	60592
FRD	2026-08-05	35.58	37.02	34.77	36.9	44856
FRD	2026-08-06	37.19	38.48	36.97	37.72	123822
FRD	2026-08-07	40.41	45.88	40.26	43.91	288370
FRD	2026-08-10	44.72	45.34	42.05	43.475	220707
FRD	2026-08-11	43.77	45.53	42.25	42.87	68252
FRD	2026-08-12	43.51	45.69	43.35	44.95	102810
FRD	2026-08-13	45.12	46.6899	44.17	44.21	92305
FRD	2026-08-14	44.21	46.515	44.21	45.85	68256
FRD	2026-08-17	45.88	48.35	45.2594	48.08	96321
FRD	2026-08-18	47.3	48.7699	45.47	46.02	55365
FRD	2026-08-19	45.97	46.6045	44.51	44.53	65743
FRD	2026-08-20	44.05	45.73	42.23	42.54	106063
FRD	2026-08-21	42.5	44.2576	41.22	41.71	107318
FRD	2026-08-24	41.16	43.185	41.16	42.05	60175
FRMI	2026-05-01	5.1	5.385	5	5.17	11316721
FRMI	2026-05-04	5.2	5.3499	5.06	5.07	10878716
FRMI	2026-05-05	5.07	5.1185	4.72	4.94	12549033
FRMI	2026-05-06	5.01	5.76	5	5.56	17964813
FRMI	2026-05-07	5.53	5.615	5.05	5.12	19273522
FRMI	2026-05-08	5.17	5.43	5.05	5.23	7425374
FRMI	2026-05-11	5.075	5.545	4.975	5.37	11288821
FRMI	2026-05-12	5.25	5.55	5.13	5.47	10137188
FRMI	2026-05-13	5.495	6.22	5.43	6	20997304
FRMI	2026-05-14	6.385	7.74	5.85	7.37	56547445
FRMI	2026-05-15	6.66	7.21	6.4301	6.51	17331639
FRMI	2026-05-18	6.54	6.775	6.22	6.55	16081909
FRMI	2026-05-19	6.4	6.43	5.85	5.87	19245861
FRMI	2026-05-20	5.81	6.08	5.61	6.08	13655640
FRMI	2026-05-21	6.09	6.33	5.95	6.06	12110990
FRMI	2026-05-22	6.06	6.3893	5.93	5.98	10826864
FRMI	2026-05-26	6.085	6.575	5.87	6.43	15540224
FRMI	2026-05-27	6.37	6.665	6.07	6.58	13269549
FRMI	2026-05-28	6.55	7.05	6.55	6.78	17685234
FRMI	2026-05-29	6.74	7.015	6.42	6.98	12575486
FRMI	2026-06-01	6.865	6.88	6.56	6.6	14142564
FRMI	2026-06-02	6.58	6.81	6.3701	6.6	10485672
FRMI	2026-06-03	6.5	6.59	6.07	6.09	11510975
FRMI	2026-06-04	6	6.27	5.96	6.18	8314284
FRMI	2026-06-05	6	6.075	5.34	5.78	15054321
FRMI	2026-06-08	5.92	5.92	5.51	5.7	9468166
FRMI	2026-06-09	5.7	5.935	5.44	5.62	11949903
FRMI	2026-06-10	5.49	7.1786	5.49	6.89	55519816
FRMI	2026-06-11	6.73	7.02	6.48	6.95	21707588
FRMI	2026-06-12	6.95	7.4	6.53	7.14	21164345
FRMI	2026-06-15	7.4	7.66	7.255	7.48	20814827
FRMI	2026-06-16	7.4	7.995	7.1701	7.88	23780426
FRMI	2026-06-17	8.1	9.18	8.02	8.66	39178461
FRMI	2026-06-18	9.14	10.135	9.08	9.5	41380709
FRMI	2026-06-22	9.36	9.685	8.8026	8.97	18753338
FRMI	2026-06-23	8.3	8.895	8.18	8.69	14139222
FRMI	2026-06-24	8.6	9.08	7.915	7.99	14442880
FRMI	2026-06-25	8.57	8.915	7.95	8.8	19237530
FRMI	2026-06-26	8.52	9.62	8.48	9.49	28600716
FRMI	2026-06-29	9.5	10.04	9.21	9.45	21910188
FRMI	2026-06-30	9.36	9.53	8.9549	9.16	11578224
FRMI	2026-07-01	8.9	9.0363	8.38	8.52	10579605
FRMI	2026-07-02	8.52	9.145	7.72	8.06	13976605
FRMI	2026-07-06	8.01	8.765	7.975	8.21	10586420
FRMI	2026-07-07	8.09	8.125	7.31	7.38	11274561
FRMI	2026-07-08	7.345	7.69	7.22	7.36	6444183
FRMI	2026-07-09	7.36	7.59	7.27	7.32	6455462
FRMI	2026-07-10	6.145	6.61	5.88	6.59	72637727
FRMI	2026-07-13	6.53	6.7899	6.05	6.31	22259774
FRMI	2026-07-14	6.2	6.77	6.2	6.74	18752980
FRMI	2026-07-15	6.74	7	6.17	6.25	15450385
FRMI	2026-07-16	6.11	6.13	5.75	5.93	14606490
FRMI	2026-07-17	5.75	6.31	5.7	6.05	19296984
FRMI	2026-07-20	5.95	6.24	5.875	6.12	9234377
FRMI	2026-07-21	6.12	6.86	6.1	6.65	17210238
FRMI	2026-07-22	6.59	6.795	6.515	6.58	15111947
FRMI	2026-07-23	6.48	6.63	6.16	6.32	7706583
FRMI	2026-07-24	6.5	7.545	6.4114	7.4	38374111
FRMI	2026-07-27	7.205	7.39	6.78	7.23	15717615
FRMI	2026-07-28	6.88	6.9824	6.195	6.28	21885738
FRMI	2026-07-29	6.26	6.3276	5.82	5.86	12707251
FRMI	2026-07-30	6.05	6.765	6.05	6.73	18175808
FRMI	2026-07-31	6.63	6.645	5.68	5.69	25683971
FRMI	2026-08-03	5.56	6.06	5.4	6.03	23689832
FRMI	2026-08-04	6.03	6.35	5.88	6.31	13977869
FRMI	2026-08-05	6.3	6.355	6.11	6.19	12854829
FRMI	2026-08-06	5.9701	6.32	5.91	6.19	9709262
FRMI	2026-08-07	6.46	6.47	6.01	6.18	11811660
FRMI	2026-08-10	6.14	6.225	5.845	5.88	11488310
FRMI	2026-08-11	7.07	7.3899	6.78	7.12	49194917
FRMI	2026-08-12	7.45	7.675	7.17	7.6	34010489
FRMI	2026-08-13	7.1	7.37	6.52	6.6	34540335
FRMI	2026-08-14	6.7	6.72	6.32	6.4	16850570
FRMI	2026-08-17	6.41	6.41	6.065	6.14	21577746
FRMI	2026-08-18	5.95	6.05	5.73	5.74	18648084
FRMI	2026-08-19	5.77	5.819	5.44	5.76	21655739
FRMI	2026-08-20	5.78	5.98	5.67	5.97	16534218
FRMI	2026-08-21	6.01	6.12	5.9	5.92	9879901
FRMI	2026-08-24	5.84	5.88	5.53	5.62	15977990
FRVO	2026-05-13	36	38.41	36	36.54	35092212
FRVO	2026-05-14	35.875	40.95	35.5	40.63	11350251
FRVO	2026-05-15	37.4	42.65	37.35	41.06	7046359
FRVO	2026-05-18	41.27	42.35	37.895	38.6	5834946
FRVO	2026-05-19	38.73	39.89	36.33	36.34	9859599
FRVO	2026-05-20	37.96	39.3	36.2321	38.01	2987260
FRVO	2026-05-21	38.78	42.57	37.84	42.5	7989553
FRVO	2026-05-22	42.3	42.48	38.05	38.35	3399665
FRVO	2026-05-26	39.34	39.68	37.65	39.51	2381547
FRVO	2026-05-27	39.13	39.48	36.84	37.32	2176680
FRVO	2026-05-28	37.27	39	36	38.7	1552278
FRVO	2026-05-29	38.67	39	35.82	36.66	2797144
FRVO	2026-06-01	36.5	36.5599	34.27	35.57	3914827
FRVO	2026-06-02	36.07	38.37	35.07	37.63	2018020
FRVO	2026-06-03	37.37	40.39	36.8	39.97	3250811
FRVO	2026-06-04	39.33	41.35	38.62	38.86	2168373
FRVO	2026-06-05	38.11	38.8	36.7239	37.22	1938253
FRVO	2026-06-08	38.59	38.59	33.245	33.96	2823164
FRVO	2026-06-09	34.38	35.35	32.6055	33.565	1987416
FRVO	2026-06-10	32.63	35.55	32.63	33.07	1698783
FRVO	2026-06-11	32.94	35.55	32.392	34.64	1626120
FRVO	2026-06-12	34.46	36.7	34.44	35.19	1281169
FRVO	2026-06-15	35.84	36.395	34.64	35.32	957016
FRVO	2026-06-16	35.3	36.07	33.585	33.91	1442581
FRVO	2026-06-17	34.25	37.4299	34.02	36.49	2252403
FRVO	2026-06-18	37.18	37.325	34.85	35.09	2202272
FRVO	2026-06-22	38.14	41.42	35.81	36.36	3177990
FRVO	2026-06-23	34.6	35.6	32.8	32.96	2450396
FRVO	2026-06-24	33	33.5563	31.32	32.49	2213655
FRVO	2026-06-25	32.76	33.15	31.1014	31.76	2803685
FRVO	2026-06-26	31.25	33.87	30.01	32.48	2965702
FRVO	2026-06-29	32.75	33.1199	31.38	31.77	5026407
FRVO	2026-06-30	31.5	31.7	28.71	29.23	5686115
FRVO	2026-07-01	29.09	29.755	27.8	29.07	6950360
FRVO	2026-07-02	28.96	30.92	27.255	27.79	3721087
FRVO	2026-07-06	27.55	28.61	27.04	27.88	3390167
FRVO	2026-07-07	27.47	27.905	23.1	23.8	8101880
FRVO	2026-07-08	23.7	24.93	23.31	23.57	2867739
FRVO	2026-07-09	23.53	27.67	23.26	27.35	3651359
FRVO	2026-07-10	27.35	27.82	26.59	27.13	2965372
FRVO	2026-07-13	27.16	27.87	25.83	25.86	2583056
FRVO	2026-07-14	25.78	26.2784	24.85	25.02	1884857
FRVO	2026-07-15	25.04	25.615	23.97	24.57	1576628
FRVO	2026-07-16	24.3	24.5099	22.66	23.11	2476498
FRVO	2026-07-17	23.4	24.72	22.5	24.65	2600168
FRVO	2026-07-20	25.44	26.17	25.25	25.49	2271140
FRVO	2026-07-21	25.51	27.07	25.37	26.99	2877123
FRVO	2026-07-22	26.94	28.33	26.9	27.9	2988177
FRVO	2026-07-23	27.77	28.93	26.23	26.37	1845958
FRVO	2026-07-24	26.69	26.69	23.9	24.015	1683156
FRVO	2026-07-27	24.09	24.25	22.78	23.98	1277640
FRVO	2026-07-28	23.71	23.77	20.76	21.12	3004561
FRVO	2026-07-29	21.16	21.48	16.89	17.08	6847176
FRVO	2026-07-30	17.76	22.35	17.75	22.3	4824250
FRVO	2026-07-31	22.47	23.49	21.98	22.54	2888438
FRVO	2026-08-03	22.26	23.12	21.26	22.19	2114565
FRVO	2026-08-04	22.34	23.66	22	22.75	2230958
FRVO	2026-08-05	22.51	23.09	21.96	22.05	1463966
FRVO	2026-08-06	22	24.1	21.88	23	1572278
FRVO	2026-08-07	23.24	25.93	23.1	25.85	2455386
FRVO	2026-08-10	25.85	26.6999	23.8	23.92	1728483
FRVO	2026-08-11	23.97	24.7114	23.1	24.17	3348250
FRVO	2026-08-12	25.8	26.2	19.54	20.16	7924630
FRVO	2026-08-13	20.71	21.71	20.235	20.32	3896141
FRVO	2026-08-14	20.56	22.26	19.71	19.76	3452213
FRVO	2026-08-17	19.49	19.694	17.56	18.1	6554093
FRVO	2026-08-18	18.05	19	17.71	17.97	5002846
FRVO	2026-08-19	18	18.28	17.01	17.83	4450996
FRVO	2026-08-20	17.95	18.28	16.69	17	3847782
FRVO	2026-08-21	17	17.57	16.51	16.92	2357953
FRVO	2026-08-24	16.97	17.15	15.31	15.47	4297548
FTH	2026-06-16	13.49	14.85	13.43	14.53	147970
FTH	2026-06-17	14.12	17.34	14.0101	16.65	166882
FTH	2026-06-18	17.24	19.6499	16.42	17.82	65695
FTH	2026-06-22	19.76	24.04	17.5	23.19	101915
FTH	2026-06-23	23.3	28.98	22.83	24	140072
FTH	2026-06-24	24.05	27.77	24.05	24.54	102819
FTH	2026-06-25	26.77	27.034	22.8	24.67	83586
FTH	2026-06-26	26.01	26.99	22.41	22.87	145688
FTH	2026-06-29	25.01	25.09	21.13	23.22	66198
FTH	2026-06-30	23.58	26.12	22.45	25	123385
FTH	2026-07-01	24.18	24.375	22.5	23.66	114310
FTH	2026-07-02	23.99	24.55	21.24	22.92	185801
FTH	2026-07-06	22.87	24.49	22.7	24.49	72001
FTH	2026-07-07	24.38	26.525	23.0003	26.11	166633
FTH	2026-07-08	24.59	28.34	24.59	28.02	99492
FTH	2026-07-09	27.92	32.95	27.92	32.54	158648
FTH	2026-07-10	30.96	36.93	30	36.16	238098
FTH	2026-07-13	34.53	37.9	32.645	33.36	542569
FTH	2026-07-14	33.31	35.66	31.985	33.12	233673
FTH	2026-07-15	33.54	34.62	24.5901	31.47	568208
FTH	2026-07-16	31.19	31.29	24.4801	25.94	662904
FTH	2026-07-17	24.52	26.22	23.815	25.87	98653
FTH	2026-07-20	26.51	29	25.8	28.19	122795
FTH	2026-07-21	28.19	28.605	26.99	28.37	615867
FTH	2026-07-22	28.32	28.69	26.575	28.66	441800
FTH	2026-07-23	28.4	29.4	27.4201	27.76	100731
FTH	2026-07-24	27.16	28.29	27.03	28.29	129147
FTH	2026-07-27	28.45	31.61	27.925	29.24	359012
FTH	2026-07-28	30.12	30.47	27.895	29.13	299312
FTH	2026-07-29	30.89	30.89	28.365	28.93	260315
FTH	2026-07-30	29.64	30	28.365	28.82	187677
FTH	2026-07-31	29.51	30.1	26.26	27.24	225956
FTH	2026-08-03	27.26	28.38	24.41	27.34	287922
FTH	2026-08-04	27.5	27.5	23.116	25.5	651930
FTH	2026-08-05	26.54	26.54	23.99	24.59	372743
FTH	2026-08-06	24.4	25.695	23.895	24.48	205729
FTH	2026-08-07	24.6	25.4	24.06	24.39	202838
FTH	2026-08-10	24.24	30	24.205	28.57	261234
FTH	2026-08-11	28.33	31.25	27.24	30	217391
FTH	2026-08-12	30.45	31	29	29.38	282786
FTH	2026-08-13	29.23	30.35	28.535	28.55	192469
FTH	2026-08-14	29.95	33.195	28.73	32.34	364856
FTH	2026-08-17	32.69	35.98	32.56	32.77	416841
FTH	2026-08-18	32.39	35.3	32.39	33	335898
FTH	2026-08-19	34.1	35	32.5	33.11	260526
FTH	2026-08-20	33.42	33.42	30.75	32.1	297485
FTH	2026-08-21	33	34.44	31.29	32	433893
FTH	2026-08-24	32.8	35.05	30.3	34.71	448451
FTK	2026-05-01	16.86	17.08	16.52	16.88	148512
FTK	2026-05-04	17	17.4099	16.46	16.65	196960
FTK	2026-05-05	16.95	17.31	16.59	16.86	264930
FTK	2026-05-06	15.51	16.8	15.0233	16.33	667796
FTK	2026-05-07	16.08	17.17	15.75	16.2	400610
FTK	2026-05-08	16	16.37	15.705	15.97	288573
FTK	2026-05-11	15.97	17.74	15.7349	16.95	395597
FTK	2026-05-12	16.95	17.13	16.3	17	271258
FTK	2026-05-13	17	18.845	16.995	18.72	370128
FTK	2026-05-14	18.76	20.63	18.3301	20.5	376616
FTK	2026-05-15	20.2	20.605	19.51	19.61	309230
FTK	2026-05-18	19.49	20.62	19.3	19.88	286337
FTK	2026-05-19	19.49	20.36	18.955	19.9	203229
FTK	2026-05-20	20.02	20.73	19.86	20.33	187997
FTK	2026-05-21	20.24	20.99	19.93	20.53	188060
FTK	2026-05-22	20.9	22.24	19.83	19.92	427448
FTK	2026-05-26	20.33	20.75	19.58	19.78	253080
FTK	2026-05-27	19.73	21.46	19.67	21.08	255916
FTK	2026-05-28	20.81	20.86	20.23	20.48	184884
FTK	2026-05-29	20.38	20.56	19.92	19.95	194634
FTK	2026-06-01	20	20.37	19.27	20.35	341219
FTK	2026-06-02	20.37	23.59	20.37	23.33	972354
FTK	2026-06-03	23.24	23.8986	22.09	23.2	427266
FTK	2026-06-04	23.2	25.54	22.8874	24.82	545261
FTK	2026-06-05	24.52	24.9	22.83	23.52	467209
FTK	2026-06-08	23.92	24.36	23.51	23.55	334163
FTK	2026-06-09	23.78	24.545	23.28	24.21	310067
FTK	2026-06-10	24.19	24.95	23.63	23.64	255920
FTK	2026-06-11	23.99	24.68	22.98	24.18	353589
FTK	2026-06-12	24.63	25.23	24.41	24.64	226907
FTK	2026-06-15	24.54	25.1099	23.45	23.99	185201
FTK	2026-06-16	23.99	24.045	22.48	23.27	359168
FTK	2026-06-17	23.41	23.65	22.19	22.48	290930
FTK	2026-06-18	22.8	23.51	21.88	22.66	234144
FTK	2026-06-22	23.83	24.62	23.53	24.33	270846
FTK	2026-06-23	23.68	24.37	23.39	23.47	267867
FTK	2026-06-24	23.13	23.44	21.38	21.74	269685
FTK	2026-06-25	22.17	22.39	21.58	21.87	252576
FTK	2026-06-26	21.59	22.36	21.28	22.16	630659
FTK	2026-06-29	22.52	22.88	21.21	22.68	219838
FTK	2026-06-30	22.79	23.62	22.35	23.52	367015
FTK	2026-07-01	23.31	24.4	23.1	23.65	201801
FTK	2026-07-02	23.59	24.1	22.01	22.19	238123
FTK	2026-07-06	22.67	23.8999	22.67	23.23	188141
FTK	2026-07-07	23.35	23.674	21.47	22.4	252292
FTK	2026-07-08	22.06	23.18	21.99	23.09	142816
FTK	2026-07-09	23.88	25.51	23.765	24.92	324108
FTK	2026-07-10	24.94	25.65	24.915	25.56	292916
FTK	2026-07-13	25.8	26.39	24.71	24.96	454902
FTK	2026-07-14	25.63	26.93	25.435	26.77	315605
FTK	2026-07-15	26.86	27.43	25.51	26.1	564816
FTK	2026-07-16	25.62	26.21	25.411	25.82	299325
FTK	2026-07-17	25.35	26.53	24.945	26.17	274020
FTK	2026-07-20	25.79	26.5	24.98	25.62	333750
FTK	2026-07-21	26	27.41	25.76	27.28	275586
FTK	2026-07-22	27.24	28.02	27.0925	27.24	318077
FTK	2026-07-23	27.2	28.5	25.19	25.94	411201
FTK	2026-07-24	25.91	26.31	25.28	25.84	279226
FTK	2026-07-27	25.76	26.35	24.01	24.36	431911
FTK	2026-07-28	23.89	24.01	22.03	23.66	462939
FTK	2026-07-29	23.08	23.33	21.49	21.8	413669
FTK	2026-07-30	22.45	23.54	22.265	23.4	229987
FTK	2026-07-31	23.5	23.74	22	23.54	226289
FTK	2026-08-03	25.1	26.88	24.54	26.76	552921
FTK	2026-08-04	27	28.68	26.27	28.21	682627
FTK	2026-08-05	33.47	37.3948	32.72	36.07	1547840
FTK	2026-08-06	36.5	37.53	34.27	36.43	1058494
FTK	2026-08-07	36.33	37	34.84	35.42	529163
FTK	2026-08-10	36	38.4	35.49	37.62	413391
FTK	2026-08-11	37.92	38.89	36.629	38.82	482876
FTK	2026-08-12	39.4	39.67	36.91	37.17	358418
FTK	2026-08-13	37.01	38.2728	34.1	34.41	714716
FTK	2026-08-14	34.93	36.8899	33.65	35.83	704810
FTK	2026-08-17	35.6	35.99	27.3	28.66	2819791
FTK	2026-08-18	29.75	29.75	27	27.02	1235440
FTK	2026-08-19	27.3	27.3	24.96	25.17	1190923
FTK	2026-08-20	25	25.37	23.48	25	1310595
FTK	2026-08-21	24.62	25.6171	23.48	24.67	758036
FTK	2026-08-24	24.39	24.87	23.45	23.92	653929
FVR	2026-05-01	17.82	18	17.6	18	111020
FVR	2026-05-04	17.86	18.095	17.45	17.46	100319
FVR	2026-05-05	17.64	17.86	17.44	17.61	129494
FVR	2026-05-06	17.77	17.86	17.2	17.49	195485
FVR	2026-05-07	17.86	18.48	17.165	18.26	239856
FVR	2026-05-08	18.13	18.49	17.9325	18.17	120337
FVR	2026-05-11	18.27	18.68	18.11	18.19	54603
FVR	2026-05-12	18.05	18.33	17.83	18.19	211636
FVR	2026-05-13	18.01	18.155	17.7701	17.84	160280
FVR	2026-05-14	17.97	18	17.6	17.7	62805
FVR	2026-05-15	17.46	17.87	17.31	17.37	61515
FVR	2026-05-18	17.48	17.7899	17.2	17.5	49900
FVR	2026-05-19	17.34	17.77	17.2816	17.6	73514
FVR	2026-05-20	17.49	17.92	17.49	17.7	66708
FVR	2026-05-21	17.69	18.18	17.3599	17.73	104819
FVR	2026-05-22	17.73	17.96	17.63	17.79	96898
FVR	2026-05-26	17.78	18.18	17.72	17.89	110131
FVR	2026-05-27	17.88	18.01	17.58	17.62	41493
FVR	2026-05-28	17.66	17.94	17.6	17.74	69386
FVR	2026-05-29	17.85	17.87	17.435	17.74	100582
FVR	2026-06-01	17.69	18.13	17.69	17.93	231258
FVR	2026-06-02	17.91	18.38	17.712	18.25	198202
FVR	2026-06-03	18.11	18.445	17.81	17.9	118908
FVR	2026-06-04	17.93	18.38	17.88	18.33	253531
FVR	2026-06-05	18.33	18.95	18.315	18.82	189370
FVR	2026-06-08	18.92	19.16	18.67	18.99	143903
FVR	2026-06-09	19.41	19.8999	19.195	19.47	197168
FVR	2026-06-10	19.6	19.79	19.34	19.62	199604
FVR	2026-06-11	19.8	19.915	19.56	19.57	126533
FVR	2026-06-12	19.73	19.97	19.61	19.87	176350
FVR	2026-06-15	20	20	19.34	19.53	149942
FVR	2026-06-16	19.6	19.84	19.25	19.4	166818
FVR	2026-06-17	19.4	19.5	18.66	19.14	215076
FVR	2026-06-18	19.21	19.83	18.69	19.59	436896
FVR	2026-06-22	19.47	19.93	18.88	19.71	111263
FVR	2026-06-23	19.87	20	19.42845	19.99	121258
FVR	2026-06-24	20.22	20.44	19.82	19.82	485234
FVR	2026-06-25	19.69	19.83	19.31	19.7	163875
FVR	2026-06-26	19.71	20.1431	19.59	20.1	421682
FVR	2026-06-29	20.27	20.5	19.6315	20.31	116816
FVR	2026-06-30	20.03	20.37	19.8	20.23	166692
FVR	2026-07-01	20.24	20.62	19.87	20.49	169137
FVR	2026-07-02	20.74	21.17	20.545	20.86	230064
FVR	2026-07-06	20.78	21.29	20.44	20.73	236781
FVR	2026-07-07	20.92	21.41	20.3	20.7	213590
FVR	2026-07-08	20.61	20.88	20.43	20.64	321291
FVR	2026-07-09	20.61	21.195	20.61	20.97	153213
FVR	2026-07-10	20.98	20.98	20.57	20.83	126368
FVR	2026-07-13	20.93	21.37	20.9	21.18	191496
FVR	2026-07-14	21.22	21.5	21.22	21.47	88778
FVR	2026-07-15	22.11	22.29	20.92	20.92	286667
FVR	2026-07-16	20.97	21.91	20.855	21.83	210602
FVR	2026-07-17	21.67	22.065	21.435	21.92	155011
FVR	2026-07-20	22.2	22.2	21.44	21.54	137183
FVR	2026-07-21	21.61	21.69	21.01	21.68	139013
FVR	2026-07-22	21.75	21.75	20.91	21.2	244640
FVR	2026-07-23	21.15	21.53	20.74	21.22	139107
FVR	2026-07-24	21.37	21.53	21.07	21.17	157139
FVR	2026-07-27	21.33	21.635	20.91	21.24	131957
FVR	2026-07-28	21.26	22.07	21.015	21.16	100253
FVR	2026-07-29	20.91	21.6	20.85	20.88	112253
FVR	2026-07-30	20.74	21.22	20.18	20.28	94803
FVR	2026-07-31	20.48	20.68	20.14	20.34	137355
FVR	2026-08-03	20.35	21.0096	20.08	20.24	115556
FVR	2026-08-04	20.33	20.51	20.06	20.24	359841
FVR	2026-08-05	20.22	20.22	19.8908	20.18	143720
FVR	2026-08-06	20.18	20.18	19.25	19.54	203627
FVR	2026-08-07	19.54	19.87	18.98	19.83	217196
FVR	2026-08-10	19.65	19.77	19.23	19.38	247230
FVR	2026-08-11	19.48	19.61	19.2992	19.5	116853
FVR	2026-08-12	19.4	20.01	19.16	19.87	143250
FVR	2026-08-13	20.11	20.18	19.685	19.91	84374
FVR	2026-08-14	19.77	20.19	19.6	19.76	93196
FVR	2026-08-17	19.77	19.77	19.2904	19.55	117277
FVR	2026-08-18	19.57	19.86	19.46	19.74	117574
FVR	2026-08-19	20.05	20.05	19.595	19.65	1779196
FVR	2026-08-20	19.45	20.005	19.03	19.86	105804
FVR	2026-08-21	20.01	20.01	19.54	19.79	113483
FVR	2026-08-24	19.89	20.04	19.104	20	119929
GENI	2026-05-01	4.4	4.49	4.25	4.35	4064595
GENI	2026-05-04	4.35	4.53	4.32	4.5	5628562
GENI	2026-05-05	4.46	4.48	4.26	4.33	5908625
GENI	2026-05-06	4.35	4.52	4.24	4.4	5756256
GENI	2026-05-07	4.96	4.99	4.205	4.78	17169812
GENI	2026-05-08	4.77	4.78	4.3811	4.4	5782681
GENI	2026-05-11	4.4	4.45	4.245	4.41	5372811
GENI	2026-05-12	4.39	4.79	4.39	4.45	6844827
GENI	2026-05-13	4.4	4.455	4.21	4.21	6119320
GENI	2026-05-14	4.24	4.33	4.125	4.16	4117326
GENI	2026-05-15	4.1	4.36	4.0117	4.24	4178821
GENI	2026-05-18	4.24	5.23	4.215	5.18	11136521
GENI	2026-05-19	5.2	5.45	4.965	5.01	7818157
GENI	2026-05-20	4.95	5.129	4.875	5.02	4119576
GENI	2026-05-21	5	5.105	4.88	4.89	7001900
GENI	2026-05-22	4.93	5.45	4.9	5.35	8791816
GENI	2026-05-26	5.3	5.475	5.205	5.31	6918355
GENI	2026-05-27	5.31	5.57	5.31	5.51	4221302
GENI	2026-05-28	5.5	5.63	5.454	5.6	4992193
GENI	2026-05-29	5.55	5.965	5.55	5.86	8478920
GENI	2026-06-01	5.91	6.12	5.83	6.05	4896177
GENI	2026-06-02	5.9	6.13	5.83	6.09	6201813
GENI	2026-06-03	6.04	6.0759	5.7	5.89	6865425
GENI	2026-06-04	6	6.54	5.94	6.36	7274938
GENI	2026-06-05	6.37	6.435	5.82	5.93	5067327
GENI	2026-06-08	5.98	6.66	5.95	6.46	8032730
GENI	2026-06-09	6.4	7.105	6.38	6.76	10060780
GENI	2026-06-10	6.66	7.1	6.66	6.8	6361360
GENI	2026-06-11	6.77	7.22	6.75	7.03	9523679
GENI	2026-06-12	6.98	7.05	6.66	6.85	6353679
GENI	2026-06-15	6.9	7.05	6.77	6.87	4561266
GENI	2026-06-16	6.83	7.15	6.71	6.87	6060978
GENI	2026-06-17	6.81	7	6.065	6.2	14864115
GENI	2026-06-18	6.17	6.45	6.015	6.1	12158078
GENI	2026-06-22	6	6.3	5.92	5.94	6094746
GENI	2026-06-23	6.09	6.135	5.85	5.86	4264877
GENI	2026-06-24	5.82	5.96	5.605	5.66	6234029
GENI	2026-06-25	5.6	5.7	5.42	5.44	4292418
GENI	2026-06-26	5.43	6.25	5.43	6.2	17291253
GENI	2026-06-29	6.199	6.375	6.14	6.34	4369351
GENI	2026-06-30	6.26	6.33	6.01	6.06	5465154
GENI	2026-07-01	6.15	6.545	6.105	6.36	4543366
GENI	2026-07-02	6.36	6.48	6.23	6.43	2198994
GENI	2026-07-06	6.41	6.63	6.305	6.62	2462586
GENI	2026-07-07	6.615	6.895	6.455	6.47	3129447
GENI	2026-07-08	6.29	6.42	6.085	6.37	5025951
GENI	2026-07-09	6.22	6.335	6.14	6.17	2348994
GENI	2026-07-10	6.3	6.4586	6.18	6.19	2429386
GENI	2026-07-13	6.28	6.71	6.26	6.61	5316879
GENI	2026-07-14	6.5	6.665	6.39	6.42	3286491
GENI	2026-07-15	6.5	6.71	6.38	6.41	3069881
GENI	2026-07-16	6.5	6.6	6.16	6.28	2517207
GENI	2026-07-17	6.1	6.33	5.98	6.3	5712017
GENI	2026-07-20	6.37	6.9295	6.32	6.75	6792493
GENI	2026-07-21	6.65	6.85	6.52	6.65	6087720
GENI	2026-07-22	6.71	6.71	6.25	6.37	6287302
GENI	2026-07-23	6.3	6.45	6.165	6.43	5379595
GENI	2026-07-24	6.53	6.76	6.415	6.48	3651280
GENI	2026-07-27	6.8	7.435	6.77	7.27	11945495
GENI	2026-07-28	7.32	7.55	7.2	7.3	8178619
GENI	2026-07-29	7.24	7.47	7.19	7.31	8147726
GENI	2026-07-30	7.1	7.24	6.86	6.98	5289780
GENI	2026-07-31	6.87	7.02	6.73	6.93	5370480
GENI	2026-08-03	6.78	7.3	6.55	7.07	8712156
GENI	2026-08-04	7.35	8.155	7.28	8.08	16682205
GENI	2026-08-05	8.29	8.59	8.1	8.33	15945892
GENI	2026-08-06	7.76	8.58	7.5888	7.83	12234216
GENI	2026-08-07	7.69	7.95	7.44	7.59	9278979
GENI	2026-08-10	7.47	7.7	7.41	7.56	5327260
GENI	2026-08-11	7.6	7.85	7.505	7.78	5085368
GENI	2026-08-12	7.75	7.83	7.535	7.65	3883581
GENI	2026-08-13	7.58	7.94	7.55	7.91	5567354
GENI	2026-08-14	7.92	8.43	7.86	8.38	5989230
GENI	2026-08-17	8.26	8.3473	7.62	7.76	3950150
GENI	2026-08-18	7.75	7.8648	7.48	7.49	2709763
GENI	2026-08-19	7.47	7.89	7.385	7.77	4167680
GENI	2026-08-20	7.84	8.21	7.69	7.93	4200803
GENI	2026-08-21	8	8.19	7.7701	8.06	3007354
GENI	2026-08-24	8.02	8.23	7.94	7.99	4965343
GRDN	2026-05-01	37.18	37.97	36.71	37.37	219953
GRDN	2026-05-04	37.19	37.41	35.97	36.64	382669
GRDN	2026-05-05	36.78	37.27	36.13	37.24	301185
GRDN	2026-05-06	37.47	37.88	36.26	36.58	440673
GRDN	2026-05-07	35.34	36.64	32.25	36.27	1105291
GRDN	2026-05-08	36.48	37.35	35.82	36.09	539356
GRDN	2026-05-11	35.82	36.69	35.39	35.65	280730
GRDN	2026-05-12	35.74	35.99	34.88	34.91	288974
GRDN	2026-05-13	34.8	35.81	34.3	35.67	370045
GRDN	2026-05-14	35.65	36.805	35.52	36.27	355238
GRDN	2026-05-15	35.95	37	35.71	36.61	506988
GRDN	2026-05-18	36.65	36.94	35.72	35.82	271514
GRDN	2026-05-19	35.74	36.97	35.12	36.28	403667
GRDN	2026-05-20	36.46	37.68	36.08	37.63	399216
GRDN	2026-05-21	37.16	38.39	36.1066	38.37	581250
GRDN	2026-05-22	38.3	38.93	37.8401	38.48	280881
GRDN	2026-05-26	37.84	38.88	37.39	38.59	380302
GRDN	2026-05-27	38.7	39.33	37.33	39.12	272026
GRDN	2026-05-28	39.22	39.645	38.62	38.75	361364
GRDN	2026-05-29	38.51	39.159	38.16	38.74	591527
GRDN	2026-06-01	38.55	39.61	37.4318	39.26	407279
GRDN	2026-06-02	39.05	39.99	38.57	38.92	499599
GRDN	2026-06-03	38.89	39.69	38.0401	39.14	349077
GRDN	2026-06-04	39.37	41.01	38.85	40.8	494852
GRDN	2026-06-05	41	41.7904	40.31	40.48	445008
GRDN	2026-06-08	40.48	40.91	39.78	40.51	309498
GRDN	2026-06-09	41	42	40.69	41.83	308378
GRDN	2026-06-10	41.87	42.48	41.3	41.97	412612
GRDN	2026-06-11	42	43.11	40.335	43.08	306545
GRDN	2026-06-12	43.16	43.855	42.855	43.09	305702
GRDN	2026-06-15	43.3	43.96	42.71	42.88	276221
GRDN	2026-06-16	43.14	43.76	42.39	42.42	377253
GRDN	2026-06-17	43.31	43.705	42.495	43.4	281642
GRDN	2026-06-18	43.9	44	42.12	42.41	1002689
GRDN	2026-06-22	42.81	43.57	41.89	41.89	423434
GRDN	2026-06-23	40.9	41.105	39.04	39.19	477299
GRDN	2026-06-24	39.57	40.2466	38.32	38.33	463317
GRDN	2026-06-25	38.59	39.805	38.28	38.88	543212
GRDN	2026-06-26	39.18	42.31	38.15	42.31	998639
GRDN	2026-06-29	42.19	43.39	40.15	40.44	533140
GRDN	2026-06-30	40.74	43.2	40.29	41.87	783167
GRDN	2026-07-01	41.63	42.72	40.54	42.13	772894
GRDN	2026-07-02	42.11	43.4	41.875	42	565086
GRDN	2026-07-06	42.03	42.96	41.28	41.38	240915
GRDN	2026-07-07	41.15	41.44	39.36	39.97	389101
GRDN	2026-07-08	39.48	40.775	38.8201	40.39	561481
GRDN	2026-07-09	40.46	41.87	40.26	41.06	298276
GRDN	2026-07-10	41.01	41.15	40.01	40.96	278242
GRDN	2026-07-13	40.81	41.31	40.1452	40.29	259043
GRDN	2026-07-14	40.07	41.02	39.2301	39.67	298831
GRDN	2026-07-15	39.44	40.34	39.17	39.97	240485
GRDN	2026-07-16	40.07	41.02	39.61	40.37	253433
GRDN	2026-07-17	39.8	40.81	39.55	40.52	316456
GRDN	2026-07-20	40.73	41.08	39.41	39.78	232282
GRDN	2026-07-21	39.78	40.92	39.54	40.91	199536
GRDN	2026-07-22	40.92	40.995	39.455	39.77	162645
GRDN	2026-07-23	39.16	39.5424	37.03	39.44	768310
GRDN	2026-07-24	40.06	40.55	39.3	40.45	249890
GRDN	2026-07-27	40.84	42.19	40.35	41.46	315809
GRDN	2026-07-28	42.14	42.14	41.21	41.86	200134
GRDN	2026-07-29	41.76	43.2686	40.31	40.99	259761
GRDN	2026-07-30	41.23	41.92	40.2083	41.2	191515
GRDN	2026-07-31	40.79	41.725	39.23	39.53	429539
GRDN	2026-08-03	39.88	40.94	39.88	40.81	246980
GRDN	2026-08-04	41.35	41.64	40.48	40.53	199394
GRDN	2026-08-05	40.17	41.1099	40.17	40.5	164363
GRDN	2026-08-06	40.49	40.695	39.15	39.47	283183
GRDN	2026-08-07	43.15	47.02	42.065	43.83	1045061
GRDN	2026-08-10	43.45	44.13	40.99	41.47	451785
GRDN	2026-08-11	41.66	41.66	38.74	39.46	705197
GRDN	2026-08-12	40	40	38.44	38.58	364784
GRDN	2026-08-13	39.08	39.51	37.7135	38.46	310916
GRDN	2026-08-14	38.37	39.05	37.575	38.43	290686
GRDN	2026-08-17	38.34	38.775	37.53	38	459463
GRDN	2026-08-18	37.93	38.8603	37.7	38.28	368950
GRDN	2026-08-19	38.44	39.57	37.705	37.97	230677
GRDN	2026-08-20	37.51	37.995	37.24	37.48	214912
GRDN	2026-08-21	37.55	38.12	36.9	37.93	396481
GRDN	2026-08-24	38.09	38.36	37.335	37.7	349279
GRMN	2026-05-01	252.64	252.64	241.11	242.42	716367
GRMN	2026-05-04	242.83	245.1299	236.74	238.6	624921
GRMN	2026-05-05	239.63	239.63	234.61	234.64	940797
GRMN	2026-05-06	237.99	243.65	237.93	242.82	829265
GRMN	2026-05-07	242.975	247.08	239.67	241.9	814424
GRMN	2026-05-08	243.06	243.995	239.97	240.09	482851
GRMN	2026-05-11	240.86	244.37	240.86	242.38	1105174
GRMN	2026-05-12	244.53	245.485	235.08	236.97	490121
GRMN	2026-05-13	236.47	238	231.59	232.02	914004
GRMN	2026-05-14	233.4	235.01	230.29	234.43	614918
GRMN	2026-05-15	229.82	231.88	225.68	225.75	791725
GRMN	2026-05-18	225.87	228.33	225	226.89	703983
GRMN	2026-05-19	224.96	230.44	224.54	228.69	774704
GRMN	2026-05-20	228.57	237.48	226.96	237.47	948439
GRMN	2026-05-21	235.73	240.8825	235	239.78	770797
GRMN	2026-05-22	240.89	242.78	239.465	240.71	494576
GRMN	2026-05-26	242.08	242.1	237.67	238.53	636378
GRMN	2026-05-27	238.89	241.8599	237.62	237.97	964439
GRMN	2026-05-28	235.17	237.36	232.23	236.35	764064
GRMN	2026-05-29	235.93	240.39	233.565	233.92	1863008
GRMN	2026-06-01	232.97	238.19	229.875	236.8	771892
GRMN	2026-06-02	236.28	241.12	235.95	241.03	663266
GRMN	2026-06-03	240.47	242.19	236.37	237.94	526313
GRMN	2026-06-04	239.58	242.92	237.73	241.96	549261
GRMN	2026-06-05	239.46	241.095	235.4501	236.57	581440
GRMN	2026-06-08	236.69	238.76	235.105	235.23	428357
GRMN	2026-06-09	236.09	241.43	233.8	237.85	446441
GRMN	2026-06-10	237.36	237.97	231.57	231.72	641001
GRMN	2026-06-11	232.56	238.8	231.62	238.58	547575
GRMN	2026-06-12	240	240.445	236.5	238.1	466471
GRMN	2026-06-15	239.45	242.3575	238.09	238.17	877501
GRMN	2026-06-16	239.46	240.7	234.345	234.96	790310
GRMN	2026-06-17	233.4	239.12	230.86	231.89	1000122
GRMN	2026-06-18	233.69	236.71	232.21	234.2	2221664
GRMN	2026-06-22	233.4	237.3499	232.11	236.34	1045210
GRMN	2026-06-23	235.98	237.94	232.465	236.41	1309925
GRMN	2026-06-24	238.49	250.34	237	240.02	1139613
GRMN	2026-06-25	241.91	245.44	233.86	235.41	950969
GRMN	2026-06-26	233.83	235	228.505	232.51	1585780
GRMN	2026-06-29	234.66	236.935	232.6	233.76	994591
GRMN	2026-06-30	232.98	238.475	231.37	237.54	941260
GRMN	2026-07-01	237.43	241.18	234.86	237.64	640516
GRMN	2026-07-02	238.57	241.54	237.85	240.02	500327
GRMN	2026-07-06	240.48	245.28	239.35	245.22	650181
GRMN	2026-07-07	247.03	248.91	244.98	248.68	741073
GRMN	2026-07-08	243.71	245.26	238.9	243.53	681239
GRMN	2026-07-09	243.26	246.235	240.89	244.51	461643
GRMN	2026-07-10	246.22	247.15	242.24	243.11	423522
GRMN	2026-07-13	243.41	246.38	242.03	243.61	509603
GRMN	2026-07-14	244.38	245.26	240.56	241.39	702451
GRMN	2026-07-15	242.12	245.27	241.04	241.76	718535
GRMN	2026-07-16	241.28	251.1	240.88	250.99	940611
GRMN	2026-07-17	246.87	253.49	246.87	249.56	1899697
GRMN	2026-07-20	249.52	250.99	244.66	244.79	916136
GRMN	2026-07-21	244.85	246.52	235.76	236.65	907786
GRMN	2026-07-22	238.85	241.975	238.85	240.51	596917
GRMN	2026-07-23	238.71	242.925	238.355	240.1	684870
GRMN	2026-07-24	241.16	246.2	240.31	243.03	557288
GRMN	2026-07-27	244.98	246.71	240	242.47	1525049
GRMN	2026-07-28	246.31	255.5999	245.05	253.65	1177002
GRMN	2026-07-29	261.81	304	261.04	294.83	3604139
GRMN	2026-07-30	292.96	298.21	285.965	297.55	1281205
GRMN	2026-07-31	295.66	298.45	288.03	293.78	1153960
GRMN	2026-08-03	297.33	305	296.5	304.76	872020
GRMN	2026-08-04	304	309.92	301.67	307.36	1347164
GRMN	2026-08-05	308.84	309.21	301.92	302.55	1013562
GRMN	2026-08-06	305.41	308.99	301.69	301.87	722753
GRMN	2026-08-07	304.83	312.7	303.36	310.89	890461
GRMN	2026-08-10	311.07	314.28	308	313.16	648771
GRMN	2026-08-11	312.15	312.15	308.72	309.65	420636
GRMN	2026-08-12	307.04	311.81	304.4383	309.98	576319
GRMN	2026-08-13	312	314.08	309.15	311.93	532532
GRMN	2026-08-14	313.47	313.48	309.0928	310.2	489823
GRMN	2026-08-17	307.45	310.35	306.04	307.5	725311
GRMN	2026-08-18	306.99	308.44	296.16	297.44	1033811
GRMN	2026-08-19	301.8	307.1	295.61	295.67	1237363
GRMN	2026-08-20	292	298.2	290.935	293.09	884768
GRMN	2026-08-21	294.44	295.74	291.42	294.85	670238
GRMN	2026-08-24	295.32	298.415	290.55	291.25	1870110
HALO	2026-05-01	63.48	64.31	62.38	63.96	977511
HALO	2026-05-04	63.5	64.68	63.11	64.57	917634
HALO	2026-05-05	65.35	67.35	64.5647	65.87	1478663
HALO	2026-05-06	66.8	67.285	65.64	66.35	1029356
HALO	2026-05-07	65.92	66.61	64.45	65.19	1516820
HALO	2026-05-08	65.44	65.775	64	64.12	1706383
HALO	2026-05-11	63.95	66.82	63.5	66.41	2830400
HALO	2026-05-12	70.105	73.89	67.55	70.93	4870156
HALO	2026-05-13	71.63	71.99	67.34	70.03	2642705
HALO	2026-05-14	70.03	71.2	68.51	69.21	2008250
HALO	2026-05-15	69.21	69.66	66.305	67.12	2144471
HALO	2026-05-18	68.03	69.3199	66.9	67.44	1780673
HALO	2026-05-19	67.67	69.18	66.66	68.73	2003026
HALO	2026-05-20	68.98	69.74	67.83	68.98	1426104
HALO	2026-05-21	68	68.79	67.5	68.52	1750490
HALO	2026-05-22	68.52	68.845	67.83	68.32	1197479
HALO	2026-05-26	68.96	69.55	68.43	68.72	2404509
HALO	2026-05-27	69.01	70.01	68	68.65	2042892
HALO	2026-05-28	68.46	69.33	68.09	68.18	1198377
HALO	2026-05-29	68.24	68.62	66.4	66.54	1906914
HALO	2026-06-01	66.21	68.95	65.7	68.14	2383659
HALO	2026-06-02	67.38	67.44	65.595	66.28	1740936
HALO	2026-06-03	66	70.13	66	69.82	2144443
HALO	2026-06-04	70.61	72.09	70.17	71.6	2232343
HALO	2026-06-05	71.725	72.25	70.71	71.53	1144192
HALO	2026-06-08	71.59	71.92	70.62	70.73	1453713
HALO	2026-06-09	71.99	72.29	70.24	71.48	1317198
HALO	2026-06-10	71.68	72.19	70.25	70.5	1945358
HALO	2026-06-11	70.66	71.12	70.26	70.73	1344180
HALO	2026-06-12	71.01	71.805	69.32	69.5	1042023
HALO	2026-06-15	69.95	71.98	69.3	71.28	1799633
HALO	2026-06-16	71.61	72.25	67.94	69.64	1950031
HALO	2026-06-17	69.64	70.39	68.18	68.57	1566517
HALO	2026-06-18	69.245	69.245	67.02	68.55	3652897
HALO	2026-06-22	69.34	69.81	68.27	68.99	1054255
HALO	2026-06-23	69.38	70.21	68.93	69.62	2042302
HALO	2026-06-24	70.12	71.87	69.725	71.15	1937497
HALO	2026-06-25	71.38	73.53	71.38	72.635	1448475
HALO	2026-06-26	72.96	76.32	72.71	74.96	2830930
HALO	2026-06-29	75	77.24	74.47	77.18	2132521
HALO	2026-06-30	77.46	78.95	77.19	78.27	1833897
HALO	2026-07-01	78.47	78.5	75.71	77.01	1612535
HALO	2026-07-02	77.85	79.51	77.54	79.45	1556641
HALO	2026-07-06	79.17	81.01	78.2223	80.78	2491841
HALO	2026-07-07	81.5	82.26	80.61	81.57	2026982
HALO	2026-07-08	79.96	80.845	78.67	80.37	2463289
HALO	2026-07-09	80.44	81.94	78.33	78.62	1782572
HALO	2026-07-10	78.82	79.1934	75.33	76.2	1465500
HALO	2026-07-13	75.94	76.99	74.515	76.11	1822536
HALO	2026-07-14	75.24	75.805	74.001	75.05	1765593
HALO	2026-07-15	74.62	76.125	73.8901	75.82	1339842
HALO	2026-07-16	75.9	77.88	75.53	77.54	1921989
HALO	2026-07-17	77.42	79.56	77.17	77.81	1482526
HALO	2026-07-20	78.52	79.04	77.01	77.09	1552632
HALO	2026-07-21	76.96	78.64	76.96	78.6	1272392
HALO	2026-07-22	79.23	79.31	77.4	77.82	1399853
HALO	2026-07-23	77.43	81.19	76.8207	80.84	1721465
HALO	2026-07-24	81.35	82.99	80.93	81.93	1660941
HALO	2026-07-27	82.41	83.5	81.46	81.48	1435803
HALO	2026-07-28	82.7	84.44	82.36	83.445	2334098
HALO	2026-07-29	83.08	83.96	82.6	83.28	1633618
HALO	2026-07-30	81.74	83.54	81.21	83.3	1976817
HALO	2026-07-31	83.19	83.27	81.5	82.54	1558386
HALO	2026-08-03	82.42	83.62	82.11	82.27	1367287
HALO	2026-08-04	82.78	83.89	81.75	83.23	1475945
HALO	2026-08-05	83.89	84.4	82.975	83.59	1262405
HALO	2026-08-06	84.15	86	82.6	85.76	2665090
HALO	2026-08-07	90	103.3	90	103.12	7773752
HALO	2026-08-10	102.67	104.77	101.11	102.62	4968375
HALO	2026-08-11	103.615	104.78	101.8056	102.62	2845748
HALO	2026-08-12	102	102.58	100.47	101.79	3479389
HALO	2026-08-13	101.95	102.395	99.41	100.67	1982655
HALO	2026-08-14	100.35	100.8315	98.13	98.66	1656658
HALO	2026-08-17	98.86	104.09	98.58	103	2175303
HALO	2026-08-18	102.95	105.11	102.385	104.89	1952045
HALO	2026-08-19	106.39	107.96	105.5	107.62	2417244
HALO	2026-08-20	106.41	107.44	105.2	106.12	1562337
HALO	2026-08-21	106.2	108.49	105.91	108.17	1173997
HALO	2026-08-24	108	109.1	106.87	108.64	2090537
HBB	2026-05-01	20.97	21.2	20.48	20.48	15795
HBB	2026-05-04	20.32	21.54	18.86	20.12	21535
HBB	2026-05-05	20.988	21.28	20.6	20.66	11703
HBB	2026-05-06	20.68	21.205	20.28	20.28	14231
HBB	2026-05-07	19.67	21	17.57	20.61	27171
HBB	2026-05-08	20.6	21.414	20.49	20.92	20276
HBB	2026-05-11	20.93	20.93	18.81	19.12	12190
HBB	2026-05-12	19.28	19.28	18.22	18.67	15632
HBB	2026-05-13	18.36	18.67	17.5	17.78	19812
HBB	2026-05-14	17.85	19.16	17.85	18.86	18810
HBB	2026-05-15	18.55	18.955	18	18.2	19348
HBB	2026-05-18	17.815	18.44	17.58	17.86	16844
HBB	2026-05-19	17.6	18.24	17.45	17.45	19757
HBB	2026-05-20	17.32	19.54	17.32	19.15	50948
HBB	2026-05-21	18.88	19.77	18.76	19.5	17458
HBB	2026-05-22	20	20	19.3363	19.61	13015
HBB	2026-05-26	19.78	20.18	19.2956	19.96	12955
HBB	2026-05-27	20.44	20.44	19.71	19.98	12093
HBB	2026-05-28	20	20.41	19.885	20.23	15492
HBB	2026-05-29	20.23	20.95	19.46	20.3	17577
HBB	2026-06-01	20.01	20.2	19.53	19.84	10845
HBB	2026-06-02	19.77	20.07	19.52	19.52	13581
HBB	2026-06-03	19.76	19.79	18.375	18.96	31786
HBB	2026-06-04	19.32	19.76	18.91	19.55	11230
HBB	2026-06-05	19.01	20.065	18.96	19.45	22667
HBB	2026-06-08	19.47	19.8	18.71	19	18279
HBB	2026-06-09	19.36	20.51	19.36	19.79	33660
HBB	2026-06-10	19.99	20.32	19.45	19.6	25081
HBB	2026-06-11	20.05	20.24	19.465	20.23	20424
HBB	2026-06-12	20.32	20.375	19.99	20.31	21085
HBB	2026-06-15	20.32	20.79	20.12	20.22	25380
HBB	2026-06-16	20.45	20.89	19.92	20	25485
HBB	2026-06-17	19.76	20.72	19.76	19.95	23938
HBB	2026-06-18	20.01	20.585	20.01	20.43	33740
HBB	2026-06-22	20.59	20.8	20.3	20.39	13429
HBB	2026-06-23	20.35	20.8	20.35	20.66	25982
HBB	2026-06-24	20.7	21.105	19.955	20.18	54738
HBB	2026-06-25	20.105	20.105	19.14	19.82	37961
HBB	2026-06-26	19.93	21.13	19.93	21	124997
HBB	2026-06-29	20.95	22.43	20.53	21.74	51441
HBB	2026-06-30	21.69	23.13	21.1125	23.03	31103
HBB	2026-07-01	23.25	23.8299	22.77	22.92	32681
HBB	2026-07-02	23.17	23.665	22.45	22.73	16154
HBB	2026-07-06	22.89	22.91	21.52	21.82	26431
HBB	2026-07-07	22.82	22.82	21.01	21.34	28594
HBB	2026-07-08	21.01	21.33	19.91	20.62	31821
HBB	2026-07-09	20.61	20.9351	19.84	20.72	33486
HBB	2026-07-10	20.6	21.4	20.545	21.4	20024
HBB	2026-07-13	21.6	22.93	21.305	21.72	50226
HBB	2026-07-14	22.195	22.82	20.67	21.61	173621
HBB	2026-07-15	22.34	23.1	22.23	22.58	45424
HBB	2026-07-16	22.34	25.045	22.34	24.1	94490
HBB	2026-07-17	23.7	24.33	22.99	23.08	37113
HBB	2026-07-20	23.4	23.77	22	22.49	21975
HBB	2026-07-21	22.46	23.0157	22.23	22.51	38309
HBB	2026-07-22	22.5	22.775	21.9	22.6	35579
HBB	2026-07-23	22.06	22.26	21.36	21.82	24814
HBB	2026-07-24	21.545	22.47	21.37	22.31	26880
HBB	2026-07-27	22.35	23.05	21.665	22.13	27441
HBB	2026-07-28	22.55	23.87	22.23	23.84	70879
HBB	2026-07-29	23.99	24.14	22.88	23.14	20992
HBB	2026-07-30	23.25	23.695	22.8	23.16	26201
HBB	2026-07-31	23.59	23.59	22.74	22.99	20086
HBB	2026-08-03	23.62	24.64	23.23	23.65	22896
HBB	2026-08-04	23.92	24.43	23.17	23.71	19582
HBB	2026-08-05	23.45	24.99	23.45	23.87	22888
HBB	2026-08-06	24.829	27.94	24.829	27	73683
HBB	2026-08-07	28.46	33.16	28.46	31.42	227924
HBB	2026-08-10	32.3	33.62	30.66	33	237357
HBB	2026-08-11	33	33.9	32.82	33.12	51237
HBB	2026-08-12	33.09	34.26	32.75	32.99	115904
HBB	2026-08-13	33.58	34	33.13	33.25	75870
HBB	2026-08-14	33.04	33.8095	32.8671	33.34	91863
HBB	2026-08-17	33.67	34	33.2422	34	186162
HBB	2026-08-18	33.9	34	33.565	33.85	96835
HBB	2026-08-19	34	34	33.18	33.69	59052
HBB	2026-08-20	33.16	33.75	33.055	33.65	79450
HBB	2026-08-21	33.65	33.65	32.26	32.9	51152
HBB	2026-08-24	33.09	34.121	33	33.46	103949
HGTY	2026-05-01	10.21	10.42	10.14	10.34	113761
HGTY	2026-05-04	10.37	10.475	10.06	10.07	115182
HGTY	2026-05-05	10.16	10.4	10.0501	10.29	154123
HGTY	2026-05-06	10.21	10.55	9.95	10.07	131840
HGTY	2026-05-07	9.92	10.74	9.69	10.3	231181
HGTY	2026-05-08	10.23	10.295	9.71	10.06	191593
HGTY	2026-05-11	10.01	10.25	9.71	10.05	225726
HGTY	2026-05-12	10.08	10.08	9.8494	9.99	217905
HGTY	2026-05-13	10.02	10.29	9.88	10.28	160989
HGTY	2026-05-14	10.18	10.39	10.07	10.34	279505
HGTY	2026-05-15	10.37	10.58	10.325	10.44	224606
HGTY	2026-05-18	10.4	11	10.39	10.99	212082
HGTY	2026-05-19	11.01	11.11	10.8825	11.05	212123
HGTY	2026-05-20	11.17	11.24	11	11.05	200177
HGTY	2026-05-21	11.01	11.025	10.755	10.95	113091
HGTY	2026-05-22	10.82	10.87	10.55	10.7	160487
HGTY	2026-05-26	10.65	10.86	10.33	10.35	142442
HGTY	2026-05-27	10.4	10.5	10.0414	10.15	166960
HGTY	2026-05-28	10.12	10.3	10.0507	10.17	164312
HGTY	2026-05-29	10.27	10.54	10.01	10.22	209360
HGTY	2026-06-01	10.32	10.5	10.09	10.29	184915
HGTY	2026-06-02	10.24	10.39	10.07	10.39	120176
HGTY	2026-06-03	10.27	10.27	9.98	10.09	193680
HGTY	2026-06-04	10.11	10.36	10.05	10.16	267911
HGTY	2026-06-05	10.19	10.48	10.13	10.45	118642
HGTY	2026-06-08	10.35	10.57	10.23	10.23	138284
HGTY	2026-06-09	10.29	10.655	10.29	10.62	218711
HGTY	2026-06-10	10.63	11.11	10.5	10.82	152469
HGTY	2026-06-11	10.91	11.11	10.83	10.89	204149
HGTY	2026-06-12	11.01	11.07	10.61	10.84	154234
HGTY	2026-06-15	10.88	11.2002	10.61	10.69	120365
HGTY	2026-06-16	10.77	11.19	10.6401	11.09	211308
HGTY	2026-06-17	11.04	11.19	10.81	10.83	127241
HGTY	2026-06-18	10.88	11	10.71	10.87	218176
HGTY	2026-06-22	10.89	11.19	10.83	10.84	117757
HGTY	2026-06-23	10.98	11.26	10.81	11.23	164121
HGTY	2026-06-24	11.23	11.51	11.22	11.48	280050
HGTY	2026-06-25	11.43	11.62	11.11	11.11	105456
HGTY	2026-06-26	11.18	11.78	11.18	11.76	196964
HGTY	2026-06-29	11.8	11.8146	11.66	11.76	103786
HGTY	2026-06-30	11.73	12.03	11.7	11.92	91302
HGTY	2026-07-01	11.95	12.23	11.88	12.06	226501
HGTY	2026-07-02	12.22	12.41	11.53	12.39	130491
HGTY	2026-07-06	12.37	12.41	12.04	12.25	143076
HGTY	2026-07-07	12.41	12.5	12.08	12.15	135269
HGTY	2026-07-08	12.15	12.31	11.97	12.11	369788
HGTY	2026-07-09	12.22	12.28	12.01	12.28	189259
HGTY	2026-07-10	12.38	12.38	12.14	12.23	75487
HGTY	2026-07-13	12.33	12.575	12.18	12.47	134579
HGTY	2026-07-14	12.36	12.475	12.2243	12.25	100340
HGTY	2026-07-15	12.19	12.19	11.57	11.71	149867
HGTY	2026-07-16	11.76	12.035	11.67	11.95	104928
HGTY	2026-07-17	11.94	12.1	11.81	12.02	117471
HGTY	2026-07-20	11.92	12.02	11.85	11.9	151691
HGTY	2026-07-21	11.9	11.9	11.51	11.72	82916
HGTY	2026-07-22	11.64	11.64	11.25	11.46	84257
HGTY	2026-07-23	11.39	11.59	11.25	11.55	106114
HGTY	2026-07-24	11.62	11.8695	11.545	11.68	76527
HGTY	2026-07-27	11.75	11.97	11.75	11.82	90030
HGTY	2026-07-28	11.87	12.2	11.84	12.16	101471
HGTY	2026-07-29	12.16	12.16	11.79	11.84	100973
HGTY	2026-07-30	11.81	11.81	11.3303	11.52	85488
HGTY	2026-07-31	11.56	11.61	11.34	11.53	80589
HGTY	2026-08-03	11.59	11.715	11.4	11.55	75905
HGTY	2026-08-04	11.54	11.79	11.4	11.72	155247
HGTY	2026-08-05	12.66	13.9699	12.65	13.52	484516
HGTY	2026-08-06	13.62	13.86	13.0393	13.49	226022
HGTY	2026-08-07	13.49	13.94	13.39	13.61	241237
HGTY	2026-08-10	13.54	13.575	13.05	13.12	224820
HGTY	2026-08-11	13.22	13.3999	12.72	12.78	201558
HGTY	2026-08-12	12.86	13.0415	12.64	12.75	102916
HGTY	2026-08-13	12.8	13.09	12.725	12.95	217273
HGTY	2026-08-14	12.98	13.0399	12.76	12.97	88637
HGTY	2026-08-17	12.86	13.135	12.81	12.86	131004
HGTY	2026-08-18	12.9	12.985	12.71	12.81	165866
HGTY	2026-08-19	12.9	13.005	12.7	12.9	95751
HGTY	2026-08-20	12.8	12.98	12.73	12.81	164658
HGTY	2026-08-21	12.91	13.115	12.72	13.08	96623
HGTY	2026-08-24	13.14	13.46	13.01	13.4	144980
HII	2026-05-01	365.25	366.29	357.85	360.6	565795
HII	2026-05-04	358.55	368.09	357.69	363.37	487594
HII	2026-05-05	338.13	342.06	311.53	326.13	1715282
HII	2026-05-06	323.96	325.89	311.0001	319.54	937996
HII	2026-05-07	320.77	322.56	312.205	314.72	643085
HII	2026-05-08	317.41	319.89	313.43	316.28	580327
HII	2026-05-11	317.41	326.485	316.49	317.75	710131
HII	2026-05-12	321.02	336.53	318.99	333.56	915204
HII	2026-05-13	332.58	334.96	324.33	334.22	471335
HII	2026-05-14	332.505	339.76	332.505	336.95	389223
HII	2026-05-15	331.21	336.21	325	326.17	432088
HII	2026-05-18	330.17	331.64	325.0001	329.35	300741
HII	2026-05-19	328.985	331.79	323.84	324.6	390163
HII	2026-05-20	326.61	326.9199	320.8	321.92	327344
HII	2026-05-21	320	322.82	316.03	317.55	459173
HII	2026-05-22	319.68	322.1299	315.91	320.63	275285
HII	2026-05-26	320.35	321.98	315.94	320.95	357037
HII	2026-05-27	319.14	319.6625	314.15	317.56	422221
HII	2026-05-28	320.06	323.86	317.88	320.9	523119
HII	2026-05-29	317.15	318.19	304.25	308.17	876530
HII	2026-06-01	304.5	306.31	291.71	296.41	894425
HII	2026-06-02	298.33	298.45	291.64	293.66	510692
HII	2026-06-03	291.83	294.215	287.43	287.54	748640
HII	2026-06-04	290.36	294.58	289.46	294.53	497144
HII	2026-06-05	294.89	296.39	290.24	293.04	347394
HII	2026-06-08	294.18	296.9999	290.61	292.26	394198
HII	2026-06-09	293.43	298.8075	293.05	297.52	489626
HII	2026-06-10	299	299.03	288.73	289.13	297129
HII	2026-06-11	290.11	301.67	289.5902	300.95	497360
HII	2026-06-12	303.29	303.48	296.81	297.68	317469
HII	2026-06-15	300.16	302.055	297.77	299.66	404040
HII	2026-06-16	299.21	302.225	297.62	298.51	298387
HII	2026-06-17	295.48	302.74	294.41	296.89	463205
HII	2026-06-18	299.03	299.03	281.44	285.43	1211234
HII	2026-06-22	281.11	284.3834	274.81	278.19	600333
HII	2026-06-23	279.58	283.49	277.44	283.48	429141
HII	2026-06-24	283	285.9045	278.37	279.62	515374
HII	2026-06-25	280.55	283.33	276.88	279.09	682690
HII	2026-06-26	278.17	286.3	278.17	281.99	685510
HII	2026-06-29	282.89	282.89	277.05	277.39	455815
HII	2026-06-30	279.77	282.81	276.665	279.89	454343
HII	2026-07-01	283.2	285	278.33	278.97	370652
HII	2026-07-02	282.94	291.92	282.745	291.5	490961
HII	2026-07-06	291	296.19	289.23	294.1	433756
HII	2026-07-07	293.95	295.5	286.0702	289.46	336182
HII	2026-07-08	285.76	290	284.02	289.47	379577
HII	2026-07-09	287.08	289.674	282.535	286.21	319924
HII	2026-07-10	286.73	287.235	283.9	286.09	235764
HII	2026-07-13	287.29	288.285	284.4	284.86	300656
HII	2026-07-14	285.89	287.6525	279.805	280	248830
HII	2026-07-15	281.72	283.55	276.7	277.79	378361
HII	2026-07-16	276.86	277.985075	270.13	271.05	529322
HII	2026-07-17	273.78	277.1999	268.25	269.13	946785
HII	2026-07-20	270.81	273.52	269.22	270.04	342353
HII	2026-07-21	267.7	271.36	263.62	268.76	361790
HII	2026-07-22	273	277.93	271.975	277.28	331154
HII	2026-07-23	282.59	295.4	282.59	287.09	691276
HII	2026-07-24	289.41	292.685	286.8601	287.59	324545
HII	2026-07-27	287.59	290.57	284.455	288.25	371890
HII	2026-07-28	289.81	301.69	285.08	299.9	1021983
HII	2026-07-29	300.25	302.78	279.44	280.4	769705
HII	2026-07-30	307.01	320.65	296.66	319.9	1374266
HII	2026-07-31	323.01	329.545	311.5	326.45	906351
HII	2026-08-03	333	334.53	325.405	325.95	603574
HII	2026-08-04	327.69	330.415	316.465	323.06	561114
HII	2026-08-05	327.37	329.56	316.39	317.7	562181
HII	2026-08-06	322.47	325.28	319.72	321.76	423361
HII	2026-08-07	322.92	325.1925	320.5	324.48	287962
HII	2026-08-10	324.83	334.5	324	330.81	437491
HII	2026-08-11	328.8	334.168	326.26	327.85	395514
HII	2026-08-12	325.61	329.485	323.25	326.8	311110
HII	2026-08-13	327.02	328.665	322	325.76	367009
HII	2026-08-14	330.52	330.75	322.35	327.71	406029
HII	2026-08-17	325.74	327.25	317.505	318.34	422322
HII	2026-08-18	319.44	322.475	317.31	317.61	588529
HII	2026-08-19	316.89	317	310.56	311.76	381765
HII	2026-08-20	310.32	310.76	300.26	301.4	364769
HII	2026-08-21	303.42	305.25	296.89	298.2	478414
HII	2026-08-24	297.18	298.05	291.15	294.63	331098
HIPO	2026-05-01	26.6	27.97	26.41	27.73	148029
HIPO	2026-05-04	27.48	28.52	27.09	27.49	205088
HIPO	2026-05-05	27.49	28.47	27.49	28.31	122055
HIPO	2026-05-06	28.34	28.725	26.99	27.39	138818
HIPO	2026-05-07	27.5	28.185	27.08	27.46	85671
HIPO	2026-05-08	27.19	27.445	26.905	27.31	81615
HIPO	2026-05-11	27.27	27.605	26.92	27	81902
HIPO	2026-05-12	26.96	27.35	26.7	26.86	74599
HIPO	2026-05-13	27.11	27.25	26.22	26.38	88897
HIPO	2026-05-14	26.47	27.5	26.43	26.73	70713
HIPO	2026-05-15	26.35	26.5	25.87	26.05	180114
HIPO	2026-05-18	26.01	26.75	25.61	26.62	239753
HIPO	2026-05-19	26.5	26.69	25.75	25.81	149846
HIPO	2026-05-20	25.88	26.52	25.55	25.99	119518
HIPO	2026-05-21	25.64	26	25.35	25.95	105713
HIPO	2026-05-22	25.87	26.21	25.73	26.2	117897
HIPO	2026-05-26	26.19	26.76	25.93	26.6	197094
HIPO	2026-05-27	26.67	27.03	25.56	25.93	100617
HIPO	2026-05-28	25.73	26.1	25.7	25.79	75661
HIPO	2026-05-29	25.72	25.94	25.52	25.87	155959
HIPO	2026-06-01	25.76	26.29	25.28	25.9	142563
HIPO	2026-06-02	25.68	26.28	25.24	25.4	100982
HIPO	2026-06-03	25.29	25.29	24.08	24.09	142944
HIPO	2026-06-04	24.41	24.91	24.11	24.39	80891
HIPO	2026-06-05	24.25	25.18	24.25	24.82	68497
HIPO	2026-06-08	25.12	25.12	24.53	24.54	77093
HIPO	2026-06-09	24.74	25.39	24.5	24.75	93346
HIPO	2026-06-10	25.235	26.49	25.235	25.7	151451
HIPO	2026-06-11	25.64	25.88	25.2601	25.47	84875
HIPO	2026-06-12	25.54	25.975	25.3197	25.54	54656
HIPO	2026-06-15	25.81	26	25.15	25.24	77518
HIPO	2026-06-16	25.5	25.88	25.15	25.86	65840
HIPO	2026-06-17	25.68	26	24.77	25.03	120580
HIPO	2026-06-18	25.24	25.99	25.02	25.96	192570
HIPO	2026-06-22	26.21	26.51	25.695	25.78	97427
HIPO	2026-06-23	25.91	26.49	25.9001	26.33	182296
HIPO	2026-06-24	26.39	27.16	26.26	26.65	94796
HIPO	2026-06-25	26.43	26.58	25.74	25.87	138282
HIPO	2026-06-26	25.97	27.52	25.445	27.46	802851
HIPO	2026-06-29	27.42	27.455	26.57	27.08	214502
HIPO	2026-06-30	27.34	29.05	27.34	28.26	304465
HIPO	2026-07-01	28.5	29.64	28.1	29.34	215524
HIPO	2026-07-02	29.5	29.7	28.015	28.93	170528
HIPO	2026-07-06	28.65	28.9	27.94	28.08	131950
HIPO	2026-07-07	28.43	28.77	27.63	28.42	149421
HIPO	2026-07-08	28.75	28.86	27.9484	28.81	127290
HIPO	2026-07-09	28.53	29.08	28.24	28.91	99240
HIPO	2026-07-10	29.13	29.18	28.23	28.76	84310
HIPO	2026-07-13	29	29.85	28.615	29.68	189279
HIPO	2026-07-14	29.49	29.49	28.41	28.52	194785
HIPO	2026-07-15	28.34	28.78	28.05	28.58	147671
HIPO	2026-07-16	28.51	29.44	28.1598	29.2	102586
HIPO	2026-07-17	28.94	29.8	28.94	29.33	106135
HIPO	2026-07-20	29.28	29.74	29.01	29.43	91818
HIPO	2026-07-21	29.09	29.23	28.55	29.06	116394
HIPO	2026-07-22	29.08	29.08	27.65	27.98	140507
HIPO	2026-07-23	27.53	27.83	27.05	27.43	93919
HIPO	2026-07-24	27.97	28.2399	27.3	27.76	91428
HIPO	2026-07-27	28.21	29.2	28.21	29.15	99555
HIPO	2026-07-28	29.37	31	29.37	30.29	217193
HIPO	2026-07-29	29.84	30.37	29.37	29.83	180555
HIPO	2026-07-30	32	34.22	31.62	31.88	340319
HIPO	2026-07-31	31.6	32.03	30.65	31.45	189417
HIPO	2026-08-03	31.45	32.86	31.31	32.55	266094
HIPO	2026-08-04	31.78	33.6005	31.78	32.94	178317
HIPO	2026-08-05	32.94	33.21	32.24	32.33	162130
HIPO	2026-08-06	32.03	33.39	31.89	33.39	425875
HIPO	2026-08-07	33.29	33.4651	32.28	32.62	132386
HIPO	2026-08-10	32.64	32.76	31.91	32.43	161392
HIPO	2026-08-11	32.38	33.4	32.13	33.39	193156
HIPO	2026-08-12	33.1	33.38	32.68	32.91	138947
HIPO	2026-08-13	33.32	33.63	32.8359	32.93	139015
HIPO	2026-08-14	33.05	33.39	32.79	33.04	124379
HIPO	2026-08-17	33	33.4	32.49	32.64	161797
HIPO	2026-08-18	32.57	33.28	32.35	32.95	176634
HIPO	2026-08-19	32.69	33.42	32.4925	32.64	141630
HIPO	2026-08-20	32.57	32.98	32.02	32.69	146305
HIPO	2026-08-21	32.5	33.3641	32.29	33.12	250047
HIPO	2026-08-24	33.12	33.89	32.87	33.25	217361
HLMN	2026-05-01	8.22	8.22	7.85	7.86	1053267
HLMN	2026-05-04	7.77	7.87	7.49	7.5	1177918
HLMN	2026-05-05	7.57	7.795	7.52	7.75	1013529
HLMN	2026-05-06	7.94	8.095	7.79	7.94	1010050
HLMN	2026-05-07	7.99	8.07	7.86	7.88	975457
HLMN	2026-05-08	7.88	8.085	7.79	7.86	1032746
HLMN	2026-05-11	7.84	7.945	7.705	7.72	1229110
HLMN	2026-05-12	7.76	7.84	7.41	7.56	1087062
HLMN	2026-05-13	7.48	7.55	7.33	7.49	1231835
HLMN	2026-05-14	7.57	7.685	7.465	7.47	1068069
HLMN	2026-05-15	7.4	7.4	7.14	7.21	1232432
HLMN	2026-05-18	7.21	7.35	7.17	7.18	1013581
HLMN	2026-05-19	7.18	7.18	7	7.04	1031750
HLMN	2026-05-20	7.04	7.6499	6.96	7.2	1035785
HLMN	2026-05-21	7.11	7.31	7.01	7.25	1035288
HLMN	2026-05-22	7.28	7.4	7.2146	7.36	922663
HLMN	2026-05-26	7.36	7.525	7.35	7.45	1232382
HLMN	2026-05-27	7.53	7.725	7.475	7.51	1608336
HLMN	2026-05-28	7.46	7.535	7.24	7.52	1359514
HLMN	2026-05-29	7.53	7.65	7.42	7.46	1785063
HLMN	2026-06-01	7.39	7.46	7.12	7.4	1537639
HLMN	2026-06-02	7.35	7.44	7.105	7.3	1455751
HLMN	2026-06-03	7.3	7.308	7.125	7.2	1529890
HLMN	2026-06-04	7.29	7.3374	7.0704	7.27	3061589
HLMN	2026-06-05	7.27	7.405	7.22	7.3	3442465
HLMN	2026-06-08	7.32	7.66	7.25	7.38	2691533
HLMN	2026-06-09	7.43	7.61	7.32	7.44	3970544
HLMN	2026-06-10	7.5	7.6	7.41	7.44	2105556
HLMN	2026-06-11	7.47	7.725	7.25	7.71	1403945
HLMN	2026-06-12	7.78	7.82	7.6	7.72	1637761
HLMN	2026-06-15	7.89	8.06	7.83	7.98	1470855
HLMN	2026-06-16	8.04	8.12	7.815	7.83	982631
HLMN	2026-06-17	7.81	8.09	7.705	7.74	1755850
HLMN	2026-06-18	7.89	8.15	7.75	8.06	1890952
HLMN	2026-06-22	8.04	8.155	7.88	7.89	1196358
HLMN	2026-06-23	7.85	8.025	7.77	7.78	1543287
HLMN	2026-06-24	7.78	8.21	7.67	8.205	1433150
HLMN	2026-06-25	8.21	8.485	8.11	8.32	1542189
HLMN	2026-06-26	8.28	8.53	8.245	8.47	5066011
HLMN	2026-06-29	8.42	8.42	8.17	8.33	2577946
HLMN	2026-06-30	8.37	8.5	8.27	8.44	1104895
HLMN	2026-07-01	8.41	8.445	8.125	8.14	1021838
HLMN	2026-07-02	8.16	8.245	8.015	8.12	1128741
HLMN	2026-07-06	8.12	8.26	7.755	7.95	1326553
HLMN	2026-07-07	7.97	7.97	7.645	7.78	932555
HLMN	2026-07-08	7.68	7.71	7.545	7.66	1270128
HLMN	2026-07-09	7.7	7.795	7.64	7.69	825105
HLMN	2026-07-10	7.69	7.82	7.69	7.73	875950
HLMN	2026-07-13	7.76	8.26	7.76	7.86	1673844
HLMN	2026-07-14	7.98	7.99	7.77	7.94	944998
HLMN	2026-07-15	7.94	8.19	7.87	8.1	1018463
HLMN	2026-07-16	8.09	8.545	8.09	8.44	1243594
HLMN	2026-07-17	8.31	8.505	7.9	8.09	1190798
HLMN	2026-07-20	8.09	8.11	7.93	8.08	1134744
HLMN	2026-07-21	8.07	8.13	7.895	7.92	857884
HLMN	2026-07-22	7.9	8.07	7.9	8	782455
HLMN	2026-07-23	7.92	7.99	7.73	7.87	1161444
HLMN	2026-07-24	7.89	8.075	7.86	7.97	1156096
HLMN	2026-07-27	8.05	8.185	8.02	8.05	1121246
HLMN	2026-07-28	8.14	8.291	8.095	8.17	1162915
HLMN	2026-07-29	8.08	8.11	7.79	7.98	1426433
HLMN	2026-07-30	8.04	8.071	7.85	7.9	965955
HLMN	2026-07-31	7.89	8.02	7.79	7.87	1523107
HLMN	2026-08-03	8.04	8.36	7.92	8.31	1683760
HLMN	2026-08-04	9	9.575	8.75	9.51	4969430
HLMN	2026-08-05	9.51	9.58	9.075	9.22	2460930
HLMN	2026-08-06	9.22	9.26	8.995	9.07	1239297
HLMN	2026-08-07	9.11	9.23	9.07	9.22	1337998
HLMN	2026-08-10	9.22	9.22	9.025	9.08	1258600
HLMN	2026-08-11	9.12	9.23	8.985	9.01	1009700
HLMN	2026-08-12	9.02	9.14	8.77	8.91	1012451
HLMN	2026-08-13	8.93	9.24	8.7	8.8	1036648
HLMN	2026-08-14	8.8	8.83	8.635	8.7	849043
HLMN	2026-08-17	8.61	9.0995	8.61	8.82	2978226
HLMN	2026-08-18	8.77	8.855	8.405	8.42	1120809
HLMN	2026-08-19	8.53	8.67	8.495	8.53	1288963
HLMN	2026-08-20	8.37	8.45	8.215	8.31	962639
HLMN	2026-08-21	8.4	8.415	8.3	8.36	845023
HLMN	2026-08-24	8.4	8.4762	8.265	8.3	1080724
HMN	2026-05-01	45.64	46.37	45.22	45.97	265829
HMN	2026-05-04	45.59	46.5	45.24	45.56	208734
HMN	2026-05-05	45.5	46.16	45.295	45.97	219953
HMN	2026-05-06	46.08	46.39	45.28	45.65	217964
HMN	2026-05-07	45.45	45.84	44.02	45.15	233466
HMN	2026-05-08	45.12	45.12	43.9301	44.51	171046
HMN	2026-05-11	44.69	44.765	43.89	44.29	160425
HMN	2026-05-12	44.51	44.89	43.645	44.42	161310
HMN	2026-05-13	44.32	44.5	43.67	44.08	128901
HMN	2026-05-14	44.43	45.0199	44.43	44.89	140434
HMN	2026-05-15	45.16	45.59	44.62	44.99	190921
HMN	2026-05-18	45	45.91	45	45.72	134443
HMN	2026-05-19	46.03	46.38	45.555	46.17	217057
HMN	2026-05-20	46.01	46.84	45.835	46.77	345848
HMN	2026-05-21	46.58	47.73	45.955	47.65	264470
HMN	2026-05-22	47.5	47.93	46.61	46.84	285705
HMN	2026-05-26	46.47	47.53	46.47	47.38	262999
HMN	2026-05-27	47.33	47.83	46.37	46.77	281300
HMN	2026-05-28	46.69	47.255	46.32	46.35	298103
HMN	2026-05-29	46.13	46.51	45.305	45.73	236658
HMN	2026-06-01	45.43	45.825	45.15	45.41	284249
HMN	2026-06-02	45.24	46.4925	45.24	46.07	217329
HMN	2026-06-03	45.67	46.18	44.935	45.3	230841
HMN	2026-06-04	45.87	46.56	45.36	45.58	257725
HMN	2026-06-05	45.89	47.28	45.89	46.97	161791
HMN	2026-06-08	46.72	47.06	46.54	46.59	159674
HMN	2026-06-09	46.92	47.87	46.88	47.67	277900
HMN	2026-06-10	48.19	49.21	47.89	48.5	296000
HMN	2026-06-11	48.83	49.2	47.66	48.75	205114
HMN	2026-06-12	48.93	49.6	48.3801	48.86	293996
HMN	2026-06-15	48.1	48.81	48	48.3	416062
HMN	2026-06-16	48.69	49.11	48.44	48.71	377237
HMN	2026-06-17	48.48	48.96	48.1225	48.62	322983
HMN	2026-06-18	49.07	49.19	48.1449	48.68	503045
HMN	2026-06-22	48.47	50.51	48.47	49.03	237458
HMN	2026-06-23	49.32	50.83	49.03	50.75	244494
HMN	2026-06-24	51.26	51.5	50.57	50.57	448124
HMN	2026-06-25	50.55	51.49	50.5	50.67	270931
HMN	2026-06-26	50.96	51.82	50.56	51.6	727870
HMN	2026-06-29	51.65	52.39	51.03	52.06	346096
HMN	2026-06-30	51.96	52.61	51.56	51.65	221259
HMN	2026-07-01	51.87	52.93	51.77	52.62	213590
HMN	2026-07-02	53.15	54.25	52.77	53.85	237686
HMN	2026-07-06	53.87	54.64	53.39	54.12	271321
HMN	2026-07-07	53.69	55.56	53.69	53.85	233982
HMN	2026-07-08	54.07	54.335	53.43	53.43	230682
HMN	2026-07-09	53.34	53.74	52.79	52.79	252942
HMN	2026-07-10	52.94	52.94	52.24	52.53	333526
HMN	2026-07-13	52.88	53.39	52.29	52.54	304232
HMN	2026-07-14	52.23	52.75	51.66	52.3	295832
HMN	2026-07-15	51.87	51.87	50.715	50.97	205159
HMN	2026-07-16	50.92	52.15	50.78	52.11	308749
HMN	2026-07-17	52.3	53.44	51.365	52.61	326996
HMN	2026-07-20	52.53	52.879	51.57	51.58	201799
HMN	2026-07-21	51.36	51.75	50.76	51.73	297273
HMN	2026-07-22	51.74	51.93	50.68	51.36	248439
HMN	2026-07-23	51.06	51.58	50.35	51.31	301587
HMN	2026-07-24	51.58	52.55	51.355	52.1	245882
HMN	2026-07-27	52.61	52.62	51.66	51.76	177111
HMN	2026-07-28	52.11	53.23	52.11	52.5	197097
HMN	2026-07-29	52.33	53.1	51.71	52.22	264992
HMN	2026-07-30	52.41	52.41	51.31	52.01	183503
HMN	2026-07-31	51.73	52.265	51.45	52.11	193526
HMN	2026-08-03	51.85	52.805	51.59	51.81	209122
HMN	2026-08-04	52.22	52.22	50.855	51.97	225143
HMN	2026-08-05	52.16	52.45	51.735	52.1	193239
HMN	2026-08-06	54.92	55.33	53.545	54.12	386880
HMN	2026-08-07	54.44	54.44	51.77	52.22	244893
HMN	2026-08-10	51.71	52.87	51.5517	52.84	225108
HMN	2026-08-11	52.82	53.245	52.23	52.26	265509
HMN	2026-08-12	51.99	52.59	51.29	51.54	345665
HMN	2026-08-13	52.22	52.635	51.17	51.88	233908
HMN	2026-08-14	51.97	52.77	51.613	52.47	269899
HMN	2026-08-17	52.47	53.04	51.019	51.3	264663
HMN	2026-08-18	51.85	52.4375	51.315	51.61	438645
HMN	2026-08-19	51.2	52.3335	50.15	50.39	235640
HMN	2026-08-20	50.25	50.835	49.9405	50.41	183797
HMN	2026-08-21	50.48	50.95	50.22	50.6	202586
HMN	2026-08-24	50.72	51.41	50.3	51.2	164053
HPK	2026-05-01	6.81	6.81	6.35	6.7	433577
HPK	2026-05-04	6.7	6.98	6.695	6.92	561677
HPK	2026-05-05	6.79	6.865	6.64	6.79	515307
HPK	2026-05-06	6.37	6.4087	6.13	6.18	812988
HPK	2026-05-07	5.867	6.01	4.92	5.59	1890153
HPK	2026-05-08	5.58	5.98	5.48	5.82	879376
HPK	2026-05-11	5.91	6.075	5.845	5.97	548875
HPK	2026-05-12	6.1	6.89	5.99	6.89	1034947
HPK	2026-05-13	6.9	7.3	6.67	6.69	970908
HPK	2026-05-14	6.66	6.88	6.63	6.79	703932
HPK	2026-05-15	6.84	7.11	6.84	7.1	909181
HPK	2026-05-18	7.04	7.55	6.89	7.54	1041099
HPK	2026-05-19	7.61	8.185	7.5019	8.12	1262862
HPK	2026-05-20	8	8.44	7.56	7.62	1124210
HPK	2026-05-21	7.69	7.78	7.08	7.3	701534
HPK	2026-05-22	7.3	7.87	7.3	7.85	763665
HPK	2026-05-26	7.68	7.78	6.985	7.06	734794
HPK	2026-05-27	6.8	6.96	6.64	6.86	1037961
HPK	2026-05-28	6.95	7.22	6.93	7	1074040
HPK	2026-05-29	6.79	7.19	6.77	7.1	728081
HPK	2026-06-01	7.225	7.805	7.225	7.46	814685
HPK	2026-06-02	7.52	7.95	7.46	7.92	740524
HPK	2026-06-03	7.99	8.405	7.93	8.075	842268
HPK	2026-06-04	7.92	8.4264	7.91	8.3	854906
HPK	2026-06-05	8.3	8.3	7.465	7.56	586357
HPK	2026-06-08	7.62	7.91	7.62	7.84	457971
HPK	2026-06-09	7.7	7.71	7.23	7.36	742303
HPK	2026-06-10	7.47	8.31	7.47	8.18	655163
HPK	2026-06-11	8.25	8.56	7.975	8.03	688314
HPK	2026-06-12	7.97	8.37	7.84	7.85	722069
HPK	2026-06-15	7.462	7.77	7.25	7.63	1313733
HPK	2026-06-16	7.565	7.83	7.415	7.52	972733
HPK	2026-06-17	7.475	7.67	7.37	7.55	556908
HPK	2026-06-18	7.57	7.59	6.8	7.18	1036679
HPK	2026-06-22	7.19	7.52	7.19	7.51	534781
HPK	2026-06-23	7.46	7.6	6.99	7.18	436546
HPK	2026-06-24	7.07	7.07	6.39	6.78	1064499
HPK	2026-06-25	6.7	7.015	6.695	6.975	595110
HPK	2026-06-26	6.87	7.03	6.635	6.79	1075979
HPK	2026-06-29	6.85	6.93	6.62	6.7	437181
HPK	2026-06-30	6.78	7.085	6.71	6.99	635839
HPK	2026-07-01	6.99	7.19	6.63	6.66	531607
HPK	2026-07-02	6.64	6.845	6.48	6.7	452991
HPK	2026-07-06	6.68	6.78	6.46	6.47	277475
HPK	2026-07-07	6.5	6.8093	6.42	6.62	421121
HPK	2026-07-08	6.9	7.59	6.89	7.44	1101685
HPK	2026-07-09	7.4	7.4	6.87	7	467286
HPK	2026-07-10	7.02	7.055	6.91	7.01	287489
HPK	2026-07-13	7.15	7.48	7.15	7.35	626717
HPK	2026-07-14	7.47	7.565	7.32	7.49	420894
HPK	2026-07-15	7.44	7.52	7.07	7.29	373764
HPK	2026-07-16	7.31	7.39	7.21	7.26	371959
HPK	2026-07-17	7.54	7.57	7.22	7.365	302093
HPK	2026-07-20	7.31	7.53	7.12	7.37	319499
HPK	2026-07-21	7.44	7.755	7.435	7.72	403935
HPK	2026-07-22	7.81	8.23	7.8	7.965	465065
HPK	2026-07-23	8.2	8.35	7.96	8.03	559230
HPK	2026-07-24	7.91	8.1	7.58	7.65	349838
HPK	2026-07-27	7.38	7.47	6.76005	6.77	448884
HPK	2026-07-28	6.69	6.825	6.36	6.425	394519
HPK	2026-07-29	6.88	6.88	6.5001	6.63	397996
HPK	2026-07-30	6.52	6.68	6.385	6.63	420250
HPK	2026-07-31	6.73	7.28	6.73	7.15	662735
HPK	2026-08-03	6.97	7.165	6.675	7.03	373119
HPK	2026-08-04	6.83	7	6.75	6.84	360545
HPK	2026-08-05	6.87	6.87	6.39	6.72	504160
HPK	2026-08-06	6.99	7.02	6.755	6.86	510230
HPK	2026-08-07	6.775	7.345	6.775	7.2	360963
HPK	2026-08-10	7.36	8.01	7.36	7.92	769610
HPK	2026-08-11	8.22	9.1285	8.16	8.26	1444612
HPK	2026-08-12	8.11	8.12	7.055	7.21	727523
HPK	2026-08-13	7.04	7.525	6.95	7.49	428858
HPK	2026-08-14	7.54	7.65	7.33	7.43	385347
HPK	2026-08-17	7.5	7.915	7.35	7.88	385766
HPK	2026-08-18	8.05	8.07	7.775	7.85	405861
HPK	2026-08-19	7.87	8.28	7.87	8.16	466855
HPK	2026-08-20	8.49	8.63	8.22	8.31	382037
HPK	2026-08-21	8.39	8.5	8.16	8.32	346161
HPK	2026-08-24	8.23	8.23	7.886	8.13	320019
HQ	2026-05-01	10.59	10.8635	10.08	10.76	119841
HQ	2026-05-04	11.07	11.07	9.93	10.05	79315
HQ	2026-05-05	10	10.3919	9.34	9.685	119908
HQ	2026-05-06	10.22	10.95	10.05	10.4	315637
HQ	2026-05-07	10.81	10.94	9.6825	10	365998
HQ	2026-05-08	10.34	10.438	9.85	10.21	151715
HQ	2026-05-11	10.49	12.84	9.9201	12.57	399228
HQ	2026-05-12	12.33	12.426	11.55	11.76	132974
HQ	2026-05-13	11.76	12.43	11.25	12.31	108777
HQ	2026-05-14	12.44	12.44	11.67	12.2	89597
HQ	2026-05-15	12.26	12.26	10.8	11.91	101242
HQ	2026-05-18	11.61	12.1499	11.01	11.36	110011
HQ	2026-05-19	11.4	11.6	10.8006	11.23	59074
HQ	2026-05-20	11.74	11.74	10.26	10.84	111712
HQ	2026-05-21	11.54	12.3	11.075	11.99	280778
HQ	2026-05-22	12.17	14.1999	11.7	13.9	671901
HQ	2026-05-26	14.65	14.65	11.75	11.84	526510
HQ	2026-05-27	12.14	12.7438	11.35	11.94	210829
HQ	2026-05-28	12.05	13.285	11.5	13.08	278959
HQ	2026-05-29	13.23	13.9047	12.8151	13.2	317381
HQ	2026-06-01	13.69	13.69	12.5	12.71	238677
HQ	2026-06-02	12.68	13.96	12.17	13.87	531114
HQ	2026-06-03	13.65	13.8	12.41	12.59	488480
HQ	2026-06-04	12.35	12.8076	11.78	11.91	315737
HQ	2026-06-05	11.67	11.8999	9.8	10.51	300505
HQ	2026-06-08	10.75	11.9969	10.36	11.22	195660
HQ	2026-06-09	11.13	11.73	10.4	10.72	145915
HQ	2026-06-10	10.52	11.23	10.01	10.01	148849
HQ	2026-06-11	10.03	10.47	9.75	10.39	196067
HQ	2026-06-12	10.52	11.17	10.3	10.91	134921
HQ	2026-06-15	11.62	18.05	11.44	17.82	6225799
HQ	2026-06-16	17.46	19.71	17.17	18.7	1565013
HQ	2026-06-17	18.98	25	18.8	23.61	3041817
HQ	2026-06-18	24.1	39.25	23	32	8663745
HQ	2026-06-22	36.2	45	33	38.39	2333959
HQ	2026-06-23	37.74	41.53	31.61	33.39	1307568
HQ	2026-06-24	34	34.11	27.28	28.41	866778
HQ	2026-06-25	28.68	28.9	25.67	25.92	714535
HQ	2026-06-26	25.49	27	22.7194	23.33	594743
HQ	2026-06-29	23.21	24.98	21.3	23.5	821110
HQ	2026-06-30	23.5	28.55	22.45	27.76	776913
HQ	2026-07-01	28.1	31.885	25.97	27.03	863240
HQ	2026-07-02	26.83	27.9999	23.64	23.78	640929
HQ	2026-07-06	24.4	25.89	23.5	24.22	415033
HQ	2026-07-07	23.58	24.505	21.855	23.5	488211
HQ	2026-07-08	23	25.8799	22.9	23.76	407764
HQ	2026-07-09	24	25.5	23.68	24.06	454717
HQ	2026-07-10	24	25.14	22.75	22.99	484794
HQ	2026-07-13	22.11	23.035	20.96	21.38	448501
HQ	2026-07-14	21.38	22.3	19.8	21.19	368293
HQ	2026-07-15	20.33	24.93	20.33	21.91	427082
HQ	2026-07-16	20.93	22.13	18.98	20.93	335655
HQ	2026-07-17	19.47	23.68	19.0054	22.31	567661
HQ	2026-07-20	22.3	23.99	19.44	19.6	288684
HQ	2026-07-21	20.06	20.11	16.5	16.69	576118
HQ	2026-07-22	16.78	17.27	14.46	14.64	303800
HQ	2026-07-23	14.5	15.42	13.57	13.74	247975
HQ	2026-07-24	14	14	11.57	11.7	320764
HQ	2026-07-27	12.26	13.6999	12.07	12.42	265489
HQ	2026-07-28	12.01	12.99	11.33	11.69	230345
HQ	2026-07-29	11.92	13.9725	11.345	11.55	382268
HQ	2026-07-30	12.44	13.14	12.1	12.56	257553
HQ	2026-07-31	13.87	13.87	11.64	12.08	229955
HQ	2026-08-03	12.08	14.21	11.99	13.79	239132
HQ	2026-08-04	13.08	16.28	13.08	15.25	325180
HQ	2026-08-05	15.15	15.5122	14.1001	15.03	153775
HQ	2026-08-06	14.85	15.65	14.2	14.35	100549
HQ	2026-08-07	14.06	14.97	12.89	14.13	238730
HQ	2026-08-10	13.88	14.7499	12.29	12.56	286733
HQ	2026-08-11	12.51	13	12	12.49	268030
HQ	2026-08-12	12.99	15.01	12.7566	14.93	319075
HQ	2026-08-13	14.26	17.440724	13.6468	16.67	333741
HQ	2026-08-14	16.63	17.4	15.85	16.99	205864
HQ	2026-08-17	17	17.97	16.68	16.8	276902
HQ	2026-08-18	16.4	17.1	15.8999	16.77	164945
HQ	2026-08-19	16.69	17.06	15.4	16.82	208410
HQ	2026-08-20	16.53	17.69	15.76	17.4	177051
HQ	2026-08-21	17.7	21	17.2	19.93	1273539
HQ	2026-08-24	19.5	19.84	17.1	19.44	390405
HURN	2026-05-01	132.04	133.5	129.98	131.29	197358
HURN	2026-05-04	130.51	133.61	130.51	132.1	180273
HURN	2026-05-05	131.29	133.7	129	132.22	225774
HURN	2026-05-06	123.88	130.33	112.45	120.11	660335
HURN	2026-05-07	120.22	127.5	120.22	124.78	351046
HURN	2026-05-08	124.78	124.78	117.45	119.97	231827
HURN	2026-05-11	118.44	119.48	113.88	115.94	273188
HURN	2026-05-12	116.94	117.63	109.89	110.23	345953
HURN	2026-05-13	109.3	109.3	101.4901	103.47	359999
HURN	2026-05-14	104.59	106.225	102.27	102.92	421955
HURN	2026-05-15	104.25	109.33	103.23	105.48	299738
HURN	2026-05-18	105	110.31	105	108.13	198447
HURN	2026-05-19	109.58	113.59	106.31	108.04	239711
HURN	2026-05-20	109.05	109.08	103.57	107.21	161256
HURN	2026-05-21	106.28	106.3	101	105.31	225884
HURN	2026-05-22	105.51	107.58	103.11	105.46	143817
HURN	2026-05-26	104.46	104.64	100.1	103.9	351377
HURN	2026-05-27	104.04	106.04	102.55	104.74	222301
HURN	2026-05-28	104.74	107.1	104	106.95	151930
HURN	2026-05-29	106.95	108.1152	105.66	107.39	209102
HURN	2026-06-01	107.62	111.9999	102.46	110.59	351535
HURN	2026-06-02	108.46	108.46	103.68	106.61	459861
HURN	2026-06-03	105.57	105.74	102.28	104.805	198158
HURN	2026-06-04	106.395	108.98	106.395	107.18	133204
HURN	2026-06-05	108.41	112	107.28	110	215179
HURN	2026-06-08	109.99	110.76	108.71	109.65	159072
HURN	2026-06-09	107.505	112.4	107.505	110.54	272319
HURN	2026-06-10	110.57	113.88	108	109.44	222309
HURN	2026-06-11	109.2	110.65	105.975	106.43	223409
HURN	2026-06-12	106.28	110	105.08	109.425	175343
HURN	2026-06-15	108.34	109.39	105.72	107.11	217423
HURN	2026-06-16	107.17	109	106.27	107.66	280432
HURN	2026-06-17	107.66	108.83	105.065	106.2	216651
HURN	2026-06-18	106.04	106.04	89.8	90.56	583954
HURN	2026-06-22	89.27	90.68	84.875	90.48	621301
HURN	2026-06-23	93.92	97.12	91.25	95.54	449749
HURN	2026-06-24	97.2	99.55	96.3501	96.53	247968
HURN	2026-06-25	93.96	97.405	90.56	92.21	220568
HURN	2026-06-26	92.35	99.66	92.35	98.73	760691
HURN	2026-06-29	99.12	99.89	94.81	95.55	330706
HURN	2026-06-30	95.19	97.106	89.75	90.16	535220
HURN	2026-07-01	92.35	98.47	90.27	96.38	339012
HURN	2026-07-02	97.99	99	96.24	97.16	365545
HURN	2026-07-06	97.08	100.39	93.83	100.01	252787
HURN	2026-07-07	102.81	106.83	102.81	105.93	201634
HURN	2026-07-08	104.95	105.75	102.98	103.01	146430
HURN	2026-07-09	100.2	103.18	98.44	102.51	291462
HURN	2026-07-10	103.99	106.485	101.86	105.85	192502
HURN	2026-07-13	107.55	112.99	107.55	111.23	363601
HURN	2026-07-14	110.87	111.495	108.68	109.735	235752
HURN	2026-07-15	109.22	115	109.22	113.98	213760
HURN	2026-07-16	115	119.42	115	118.76	253407
HURN	2026-07-17	118.34	121.58	114.36	114.8	317558
HURN	2026-07-20	113.78	114.21	109.89	112.63	285663
HURN	2026-07-21	110.23	112.92	108.84	110.85	343123
HURN	2026-07-22	111.77	112.09	109.87	111.54	184686
HURN	2026-07-23	110.93	111.515	108.17	109.19	237203
HURN	2026-07-24	110.79	113.5	108.115	112.3	199233
HURN	2026-07-27	112.93	118.47	112.85	116.51	272892
HURN	2026-07-28	119.82	125.68	119.82	121.37	284779
HURN	2026-07-29	134.09	172.9	130.735	170.37	1445778
HURN	2026-07-30	166	171.66	161.03	163.76	935471
HURN	2026-07-31	161.4	163	150.32	151.77	868900
HURN	2026-08-03	155.57	157.105	148.73	149.96	474497
HURN	2026-08-04	146.93	153.44	146.93	152.78	402947
HURN	2026-08-05	153	153	148.39	149.68	231304
HURN	2026-08-06	149.51	151.6799	147	150.1	246828
HURN	2026-08-07	150.74	153.99	148.0534	152.05	181259
HURN	2026-08-10	150.47	154.3799	150.05	152.03	223436
HURN	2026-08-11	150.22	155.595	148.06	152.75	159935
HURN	2026-08-12	149.14	152.25	143.18	150.31	183428
HURN	2026-08-13	151.94	155.51	149.69	155.31	202110
HURN	2026-08-14	156.56	157	151.665	151.87	116115
HURN	2026-08-17	149.64	151.98	146.05	148.33	221861
HURN	2026-08-18	151.54	154.65	150.255	151.37	179677
HURN	2026-08-19	152.28	159.74	152.28	158.98	179179
HURN	2026-08-20	158.98	162.925	158.98	162.45	223229
HURN	2026-08-21	162.45	165.365	160.02	161.64	228557
HURN	2026-08-24	161.79	164.99	160.995	162.59	311071
HZO	2026-05-01	28.75	29.71	28.47	29.68	318755
HZO	2026-05-04	29.2	29.28	27.5	27.66	283859
HZO	2026-05-05	27.87	30	27.87	29.74	444327
HZO	2026-05-06	30.49	31.53	30.29	31.24	344559
HZO	2026-05-07	31.22	33.15	30.52	32.86	856815
HZO	2026-05-08	33.15	34.43	32.21	34.32	799578
HZO	2026-05-11	34.31	34.38	33.25	33.29	463229
HZO	2026-05-12	33.03	33.03	31.67	32.71	280494
HZO	2026-05-13	32.82	33.5	31.9	33.35	326219
HZO	2026-05-14	33.96	34.61	33.53	34.01	313474
HZO	2026-05-15	33.41	33.8816	32.65	33.02	308177
HZO	2026-05-18	32.68	32.85	32.01	32.73	372867
HZO	2026-05-19	32.37	32.44	31.195	31.59	371975
HZO	2026-05-20	31.62	33.635	31.12	33.59	440760
HZO	2026-05-21	32.92	34.68	32.13	34.2	334544
HZO	2026-05-22	34.1	36.25	34.1	34.92	431490
HZO	2026-05-26	35.1	35.52	34.27	34.65	715746
HZO	2026-05-27	34.95	35.82	34.59	34.91	438330
HZO	2026-05-28	34.74	35.645	34.33	35.16	323744
HZO	2026-05-29	34.64	35.09	34.2	34.44	262566
HZO	2026-06-01	34.59	35	33.06	34.75	346770
HZO	2026-06-02	34.75	34.905	34.19	34.75	198871
HZO	2026-06-03	34.53	34.82	34.265	34.67	326238
HZO	2026-06-04	35.15	35.46	34.405	34.88	231271
HZO	2026-06-05	34.76	34.894	32.75	33.04	353661
HZO	2026-06-08	33.57	33.955	33.06	33.06	209511
HZO	2026-06-09	33.41	34.32	32.81	33.67	278296
HZO	2026-06-10	33.54	33.95	32.59	32.6	212211
HZO	2026-06-11	33	33.775	32.72	33.62	219322
HZO	2026-06-12	33.94	35.075	33.53	34	252516
HZO	2026-06-15	34.65	35.43	34.065	34.29	236148
HZO	2026-06-16	34.42	35.1	33.86	34.07	223583
HZO	2026-06-17	34.23	35	32.61	33.1	204839
HZO	2026-06-18	33.53	34.95	33	34.95	679830
HZO	2026-06-22	35.2	35.6	34.54	34.83	263009
HZO	2026-06-23	34.35	34.96	34.155	34.79	263125
HZO	2026-06-24	35.29	37.395	34.84	37.08	359560
HZO	2026-06-25	37.25	38.14	36.31	37	300703
HZO	2026-06-26	36.56	37.77	36.46	37.74	534700
HZO	2026-06-29	37.79	37.79	36.32	36.92	250759
HZO	2026-06-30	36.67	36.955	36.13	36.62	243176
HZO	2026-07-01	35.94	36.86	35.43	35.75	193463
HZO	2026-07-02	35.48	35.83	34.17	34.48	314600
HZO	2026-07-06	34.86	35.37	34.37	35.33	228431
HZO	2026-07-07	35.14	35.75	34.72	35.59	241927
HZO	2026-07-08	35.55	35.64	34.63	35.2	169981
HZO	2026-07-09	35.38	35.9	34.63	34.79	172402
HZO	2026-07-10	35	35.02	33.975	34.36	194820
HZO	2026-07-13	34.35	35.02	33.37	34.24	305590
HZO	2026-07-14	34.75	34.885	33.93	34.17	121131
HZO	2026-07-15	34.38	35.32	34.205	34.78	214310
HZO	2026-07-16	34.52	36.13	34.52	35.27	276094
HZO	2026-07-17	34.58	35.55	33.57	34.52	316796
HZO	2026-07-20	34.7	34.88	33.66	33.97	252285
HZO	2026-07-21	33.75	34.1	32.73	33.23	409517
HZO	2026-07-22	33.17	33.65	32.75	32.92	247887
HZO	2026-07-23	31.74	33.685	30.615	33.57	324094
HZO	2026-07-24	33.23	36.63	32.4	36.33	764490
HZO	2026-07-27	36.24	36.86	35.72	36.25	417874
HZO	2026-07-28	36.51	36.69	35.1	35.48	331191
HZO	2026-07-29	35.2	36.11	33.81	33.96	327729
HZO	2026-07-30	34.62	35.17	33.85	35.03	182108
HZO	2026-07-31	34.44	35.02	34.04	34.47	188740
HZO	2026-08-03	34.76	35.38	34.45	35.12	221030
HZO	2026-08-04	35.02	36.38	35.02	35.98	276784
HZO	2026-08-05	36.39	37.16	35.9	36.02	382318
HZO	2026-08-06	35.65	35.955	32.09	35.13	395816
HZO	2026-08-07	35.25	35.845	35.03	35.68	206511
HZO	2026-08-10	51.885	52.13	51.87	52.12	7670613
HZO	2026-08-11	52.01	52.46	52	52.46	2137458
HZO	2026-08-12	52.38	52.38	52.13	52.13	742705
HZO	2026-08-13	52.2	52.25	52	52.04	735800
HZO	2026-08-14	52.1	52.14	52	52.02	1236842
HZO	2026-08-17	52.06	52.25	52.04	52.25	766137
HZO	2026-08-18	52.11	52.28	52.08	52.18	706229
HZO	2026-08-19	52.3	52.3	52.12	52.22	720465
HZO	2026-08-20	52.15	52.25	52.1	52.25	513191
HZO	2026-08-21	52.29	52.34	52.16	52.2	428453
HZO	2026-08-24	52.2	52.27	52.09	52.13	444209
ICUI	2026-05-01	119.43	120.635	116.6901	118.85	242649
ICUI	2026-05-04	117.47	119.69	115.61	118.67	164601
ICUI	2026-05-05	118.68	121.907307	116.65	117.01	203299
ICUI	2026-05-06	118.74	120.67	116.9001	119.59	230804
ICUI	2026-05-07	121.23	123.99	121.23	123.07	326731
ICUI	2026-05-08	123.07	130.365	123.07	126.43	499990
ICUI	2026-05-11	126.6	132.7	123.59	124.68	403145
ICUI	2026-05-12	124.75	125.97	122.25	123.23	301864
ICUI	2026-05-13	122.25	125.0099	121.3	122.04	312616
ICUI	2026-05-14	123.06	124.47	122.06	122.99	210089
ICUI	2026-05-15	121.75	123.7	118.43	118.72	316428
ICUI	2026-05-18	118.83	123.5	118.12	123.08	345004
ICUI	2026-05-19	123.33	124.815	119.685	123.66	234235
ICUI	2026-05-20	123.41	130.04	122.2	129.31	346171
ICUI	2026-05-21	127.37	131.83	125.9	131.31	276389
ICUI	2026-05-22	131.36	133.825	130.37	133.31	301209
ICUI	2026-05-26	133.82	136.62	132	134.97	420694
ICUI	2026-05-27	138.45	142.305	137.5	138.34	311928
ICUI	2026-05-28	136.66	141.46	134.3075	138.87	480336
ICUI	2026-05-29	138.76	138.935	133.35	135.39	283785
ICUI	2026-06-01	133.73	134.73	130.47	131.64	307276
ICUI	2026-06-02	130.76	133.105	130.02	130.48	292789
ICUI	2026-06-03	130.62	132.19	129.34	130.52	224567
ICUI	2026-06-04	132.965	138.91	132.325	134.93	266821
ICUI	2026-06-05	135.14	138.06	135.14	136.61	269849
ICUI	2026-06-08	136.4	138.77	135.895	137.48	296737
ICUI	2026-06-09	138.74	142.36	138.58	142	274599
ICUI	2026-06-10	140.4	144.38	139.6	139.83	240199
ICUI	2026-06-11	139.99	143.38	138.23	142.86	237402
ICUI	2026-06-12	143.11	144.045	141.125	142.2	265505
ICUI	2026-06-15	144.31	145.245	141.36	143.72	195887
ICUI	2026-06-16	144.1	145.25	141.235	142.41	235401
ICUI	2026-06-17	142.41	144.08	136.655	137.94	245347
ICUI	2026-06-18	139.86	142.38	137.735	140.37	506718
ICUI	2026-06-22	139.66	140.47	135.05	136.14	339822
ICUI	2026-06-23	135.79	137.38	135.25	135.52	232320
ICUI	2026-06-24	136.73	143.13	136.68	142.95	322683
ICUI	2026-06-25	143.87	149.61	141.975	148.83	416654
ICUI	2026-06-26	147.97	151.68	147.7	148.27	902539
ICUI	2026-06-29	148.27	148.53	145.94	147.93	344137
ICUI	2026-06-30	147.93	148.3182	143.855	146.6	171024
ICUI	2026-07-01	147.61	152.25	146.47	148.46	239724
ICUI	2026-07-02	149.48	155.056	149.235	154.97	404616
ICUI	2026-07-06	154.97	160.615	152.815	159.43	347976
ICUI	2026-07-07	160.23	162.175	154.565	155.37	236687
ICUI	2026-07-08	152.95	153.56	150.9001	151.89	211341
ICUI	2026-07-09	151.89	157.08	151.16	156.52	245369
ICUI	2026-07-10	156.2	158.28	154.145	154.42	200254
ICUI	2026-07-13	154.52	157.64	154.31	157.6	155802
ICUI	2026-07-14	157.6	157.75	151.42	153.49	343131
ICUI	2026-07-15	153.49	162.1	153.49	157.96	342563
ICUI	2026-07-16	158.44	162.815	158.44	162.17	297706
ICUI	2026-07-17	159.83	162.85	157.36	157.51	213541
ICUI	2026-07-20	157.06	158.75	156.7	157.34	289429
ICUI	2026-07-21	155.59	159.8	154.86	158.77	236751
ICUI	2026-07-22	158.8	160	157.08	157.44	153145
ICUI	2026-07-23	155.06	157.5525	152.71	153.46	346230
ICUI	2026-07-24	155.61	160.77	155.55	157.44	258374
ICUI	2026-07-27	159.43	161.95	156.635	161.46	363588
ICUI	2026-07-28	162.89	167.99	162.89	165.775	228189
ICUI	2026-07-29	164.69	170.475	164.69	166.53	303336
ICUI	2026-07-30	167.72	170.81	166.9	168.38	403911
ICUI	2026-07-31	169.32	169.815	165.7644	168.51	349475
ICUI	2026-08-03	171.73	176.27	170.625	172.94	579116
ICUI	2026-08-04	171.98	173.04	169.67	171.96	320758
ICUI	2026-08-05	171.96	172.02	166.22	166.4	325583
ICUI	2026-08-06	167.28	168.36	164.09	166.37	359517
ICUI	2026-08-07	182.35	192.85	180.88	184.56	931012
ICUI	2026-08-10	182.67	186.17	180.885	182.42	476065
ICUI	2026-08-11	182.42	185.3	181.62	182.08	250319
ICUI	2026-08-12	180.31	181.045	177.02	179.34	310695
ICUI	2026-08-13	180.22	183.37	178.72	183.11	186243
ICUI	2026-08-14	182.25	184.33	181.3	182.98	191759
ICUI	2026-08-17	182.7	185.2	181.93	182.51	281321
ICUI	2026-08-18	182.79	185.32	182.5	183.76	241917
ICUI	2026-08-19	185.82	189.295	185.25	187.26	235035
ICUI	2026-08-20	184.16	187.88	182.26	182.53	255353
ICUI	2026-08-21	183.05	183.9999	181.0701	182.84	182318
ICUI	2026-08-24	184.39	185	180.26	182.55	225697
IESC	2026-05-01	323	337.5	292.5	327.82	701120
IESC	2026-05-04	326.495	332.12	307.9325	313.21	425505
IESC	2026-05-05	324.1	338.35	318.6525	330.7	567758
IESC	2026-05-06	334.735	344.255	326.62	336.92	613698
IESC	2026-05-07	340.535	340.535	326.74	332.815	567133
IESC	2026-05-08	335.865	338.5	328	333.35	328889
IESC	2026-05-11	332.345	350.1	328.5001	342.555	412975
IESC	2026-05-12	338.39	343.175	322.395	342.74	286894
IESC	2026-05-13	347.38	348	333.9425	338.89	463664
IESC	2026-05-14	343.935	350	338.075	348.605	397570
IESC	2026-05-15	338.515	347.37	333.17	341.1	246887
IESC	2026-05-18	341.095	341.095	320.655	327.14	351323
IESC	2026-05-19	320.32	326.5	302.995	319.72	468988
IESC	2026-05-20	326.1	330.57	320.68	327.94	339247
IESC	2026-05-21	323.245	331.06	320.64	323.92	426711
IESC	2026-05-22	328.325	331.045	315.755	329.825	282490
IESC	2026-05-26	337.71	352.5	335	348.425	334434
IESC	2026-05-27	351.72	356.9075	341.395	347.1	471569
IESC	2026-05-28	345.285	351.045	332.5	349.48	475390
IESC	2026-05-29	347.455	351.51	325.7701	339.175	706654
IESC	2026-06-01	335.67	344.925	329.415	338.715	402560
IESC	2026-06-02	338.715	354.5	338.715	352.445	389077
IESC	2026-06-03	354.195	368.935	347.5	362.225	434546
IESC	2026-06-04	357.745	372.44	347.725	371.045	236585
IESC	2026-06-05	364	369.99	350.115	360.36	368462
IESC	2026-06-08	365.63	368.765	350.2	367.455	328978
IESC	2026-06-09	373.865	384	346.57	363.155	413092
IESC	2026-06-10	362.47	368.0875	335.35	339.1	410595
IESC	2026-06-11	346.515	367.225	344.295	365.665	252460
IESC	2026-06-12	370.33	383.33	369.95	374.915	428401
IESC	2026-06-15	383.9	389.5	361.9	363.205	357113
IESC	2026-06-16	370.745	370.975	347.04	347.905	340710
IESC	2026-06-17	347.22	350.4375	330.175	342.59	397408
IESC	2026-06-18	349.91	359.31	344.2875	356.195	508692
IESC	2026-06-22	358.495	382.5	358.495	377.37	348519
IESC	2026-06-23	368.775	370.465	353.635	355.27	410823
IESC	2026-06-24	369.48	390	358.6925	373.745	896463
IESC	2026-06-25	377.52	402	376.95	383.27	604163
IESC	2026-06-26	373.055	386.06	352.405	357.45	2801009
IESC	2026-06-29	359.32	375.425	354.5	361.485	595961
IESC	2026-06-30	361.485	376.255	359.83	367.33	2580054
IESC	2026-07-01	357.405	357.87	342.81	349.99	621156
IESC	2026-07-02	354.41	365.6925	324.46	327	476400
IESC	2026-07-06	334.14	346.3375	329.77	335.395	464707
IESC	2026-07-07	327	327	298.14	304.735	702449
IESC	2026-07-08	297.855	311.8	294.645	309.645	324760
IESC	2026-07-09	322	326.8325	317.08	321.385	337339
IESC	2026-07-10	317.03	320.49	307.485	312.77	368384
IESC	2026-07-13	307.3	312.185	297.725	301.455	345473
IESC	2026-07-14	311.745	316.45	304.57	308.075	340044
IESC	2026-07-15	313.71	319.355	303.585	312.955	517000
IESC	2026-07-16	303.49	321.035	302.3175	304.79	467270
IESC	2026-07-17	297.9	314.985	290.19	306.51	1081770
IESC	2026-07-20	312.495	321.695	306.5	310.52	377016
IESC	2026-07-21	321.31	330.85	313.475	323.96	305803
IESC	2026-07-22	315.505	338.6625	315.325	337.1	319696
IESC	2026-07-23	334.055	343.2	330.43	331.85	295011
IESC	2026-07-24	329.72	330.0325	311.68	313.035	245993
IESC	2026-07-27	312.645	324.28	294.525	301.615	292601
IESC	2026-07-28	293.495	293.5	267.235	271.745	384643
IESC	2026-07-29	268.13	270	246.55	248.11	389546
IESC	2026-07-30	267.22	287.285	265.295	285.77	643075
IESC	2026-07-31	338.99	387.48	333.36	372.27	971194
IESC	2026-08-03	379.81	379.81	341	362.495	456156
IESC	2026-08-04	374.23	385.375	364.68	380.18	317624
IESC	2026-08-05	385.885	398.7663	381.29	392.015	345597
IESC	2026-08-06	388.43	405.925	381.985	384.215	351013
IESC	2026-08-07	395.025	401.87	378.485	381.355	241193
IESC	2026-08-10	384.4725	392.0442	372.695	375.545	266431
IESC	2026-08-11	377.71	390.64	373.1951	390	292463
IESC	2026-08-12	401.5	408.255	382.4238	383.165	532636
IESC	2026-08-13	380.98	387.745	372.46	374.22	225018
IESC	2026-08-14	379.355	386.135	374.8325	378.09	257934
IESC	2026-08-17	383.475	400.4995	376.56	396.98	492237
IESC	2026-08-18	385.325	385.465	364.9625	369.395	255539
IESC	2026-08-19	372.68	372.68	340.055	348.69	250555
IESC	2026-08-20	345.48	351.82	339.055	341.635	253161
IESC	2026-08-21	346.48	348.99	328.3974	342.52	230922
IESC	2026-08-24	338.585	341.7984	323.65	324.12	191270
IMC	2026-07-29	5.18	5.38	4.51	5.13	4437870
IMC	2026-07-30	5.61	5.61	5.07	5.07	201269
IMC	2026-07-31	5.3	5.47	4.8	5.37	320981
IMC	2026-08-03	5.76	6.82	5.3	6.33	433909
IMC	2026-08-04	6.72	8.22	6.5	8.22	204601
IMC	2026-08-05	8.58	8.58	6.502	6.76	400106
IMC	2026-08-06	7.09	8	6.3	8	147082
IMC	2026-08-07	8.08	8.41	6.935	7.68	108837
IMC	2026-08-10	7.6	8	7.298	7.84	68482
IMC	2026-08-11	7.92	8	7.565	8	44071
IMC	2026-08-12	8	8.1	7.89	8	57647
IMC	2026-08-13	8	11.1	7.8	10.1	258982
IMC	2026-08-14	9.8	10.03	7.5634	8.1	243727
IMC	2026-08-17	8.26	9.45	8.26	8.5	63104
IMC	2026-08-18	7.92	10.3099	7.92	9.91	116812
IMC	2026-08-19	9.76	10.45	9.01	10.25	57469
IMC	2026-08-20	10.35	11	9.7787	11	57756
IMC	2026-08-21	11.02	11.2	9.7501	10.07	61377
IMC	2026-08-24	10.27	10.77	10.24	10.27	25991
IMMR	2026-05-01	6.14	6.435	6.14	6.35	633858
IMMR	2026-05-04	6.34	6.81	6.34	6.5	1885427
IMMR	2026-05-05	6.54	6.59	6.29	6.35	838174
IMMR	2026-05-06	6.41	6.57	6.28	6.54	437373
IMMR	2026-05-07	6.54	6.68	6.45	6.49	523505
IMMR	2026-05-08	6.48	6.71	6.35	6.68	538790
IMMR	2026-05-11	6.68	6.72	6.45	6.53	687617
IMMR	2026-05-12	6.53	6.53	6.235	6.35	347277
IMMR	2026-05-13	6.38	6.54	6.31	6.39	514375
IMMR	2026-05-14	6.39	6.465	6.23	6.23	331009
IMMR	2026-05-15	6.2	6.22	6.045	6.15	314920
IMMR	2026-05-18	6.18	6.23	6.06	6.14	380285
IMMR	2026-05-19	6.1	6.125	5.961	6.06	387878
IMMR	2026-05-20	6.07	6.17	5.97	6.15	365572
IMMR	2026-05-21	6.09	6.16	5.975	6.08	339795
IMMR	2026-05-22	6.14	6.38	6.13	6.27	529629
IMMR	2026-05-26	6.3	6.44	6.285	6.38	279800
IMMR	2026-05-27	6.32	6.565	6.32	6.44	376641
IMMR	2026-05-28	6.4	6.46	6.26	6.43	506373
IMMR	2026-05-29	6.43	6.55	6.43	6.48	503292
IMMR	2026-06-01	6.44	6.75	6.39	6.72	1029926
IMMR	2026-06-02	6.72	6.94	6.71	6.91	801141
IMMR	2026-06-03	6.9	6.9	6.37	6.48	555544
IMMR	2026-06-04	6.48	6.65	6.44	6.62	376482
IMMR	2026-06-05	6.55	6.55	6.28	6.37	484041
IMMR	2026-06-08	6.37	6.695	6.37	6.67	520567
IMMR	2026-06-09	6.69	6.77	6.31	6.38	492326
IMMR	2026-06-10	6.37	6.545	6.31	6.47	517084
IMMR	2026-06-11	6.47	6.655	6.345	6.64	391013
IMMR	2026-06-12	6.66	6.775	6.54	6.54	280180
IMMR	2026-06-15	6.54	6.65	6.4325	6.52	570614
IMMR	2026-06-16	6.51	6.76	6.51	6.54	485710
IMMR	2026-06-17	6.55	6.6	6.22	6.46	587128
IMMR	2026-06-18	6.58	6.73	6.47	6.68	690627
IMMR	2026-06-22	6.68	6.7	6.445	6.55	551765
IMMR	2026-06-23	6.53	6.6852	6.45	6.58	743427
IMMR	2026-06-24	6.62	6.71	6.45	6.5	783837
IMMR	2026-06-25	6.78	7	6.55	6.68	864902
IMMR	2026-06-26	6.63	7.08	6.63	7.02	1429669
IMMR	2026-06-29	7.02	7.11	6.83	6.84	752328
IMMR	2026-06-30	6.84	6.9	6.58	6.77	847698
IMMR	2026-07-01	6.77	6.97	6.73	6.93	663144
IMMR	2026-07-02	6.96	6.96	6.75	6.78	436905
IMMR	2026-07-06	6.73	6.97	6.69	6.78	418723
IMMR	2026-07-07	6.79	6.79	6.28	6.5	913731
IMMR	2026-07-08	6.47	6.71	6.3938	6.69	530464
IMMR	2026-07-09	6.72	6.73	6.495	6.51	639841
IMMR	2026-07-10	6.53	6.8253	6.485	6.75	369106
IMMR	2026-07-13	6.72	6.88	6.65	6.77	385487
IMMR	2026-07-14	6.77	6.865	6.74	6.77	654722
IMMR	2026-07-15	6.78	6.905	6.56	6.7	435708
IMMR	2026-07-16	6.65	6.66	6.52	6.575	441246
IMMR	2026-07-17	6.5	6.68	6.36	6.64	506272
IMMR	2026-07-20	6.58	6.7	6.375	6.43	446822
IMMR	2026-07-21	6.44	6.58	6.44	6.52	335580
IMMR	2026-07-22	6.49	6.6	6.44	6.56	428307
IMMR	2026-07-23	6.48	6.62	6.43	6.6	496262
IMMR	2026-07-24	6.63	6.64	6.425	6.52	338040
IMMR	2026-07-27	6.69	7.75	6.69	7.735	2927580
IMMR	2026-07-28	7.72	8.05	7.57	7.66	1489650
IMMR	2026-07-29	7.62	7.71	7.29	7.33	702474
IMMR	2026-07-30	7.36	7.565	7.213	7.405	670475
IMMR	2026-07-31	7.38	7.6	7.38	7.56	590930
IMMR	2026-08-03	7.57	7.648	7.275	7.48	625543
IMMR	2026-08-04	7.58	7.78	7.555	7.73	651614
IMMR	2026-08-05	7.74	7.795	7.63	7.67	580646
IMMR	2026-08-06	7.62	7.71	7.34	7.4	600235
IMMR	2026-08-07	7.43	7.66	7.43	7.6	667581
IMMR	2026-08-10	7.58	7.84	7.56	7.74	812150
IMMR	2026-08-11	7.75	7.75	7.47	7.48	366792
IMMR	2026-08-12	7.5	7.565	7.3	7.43	407690
IMMR	2026-08-13	7.45	7.57	7.45	7.47	388947
IMMR	2026-08-14	7.5	7.53	7.45	7.5	376627
IMMR	2026-08-17	7.43	7.56	7.37	7.51	396622
IMMR	2026-08-18	7.43	7.56	7.3	7.53	470863
IMMR	2026-08-19	7.58	7.6	7.45	7.59	408348
IMMR	2026-08-20	7.56	7.8	7.55	7.72	704185
IMMR	2026-08-21	7.78	7.78	7.5	7.51	470274
IMMR	2026-08-24	7.5	7.6399	7.41	7.54	414429
INFQ	2026-05-01	11.99	12.41	11.3497	12.41	7416766
INFQ	2026-05-04	12.43	12.83	12.02	12.28	8747176
INFQ	2026-05-05	12.41	12.59	11.48	12.1	6588405
INFQ	2026-05-06	12.4	13.74	12.3311	13.55	9244427
INFQ	2026-05-07	13.25	13.3	12.045	12.11	6949791
INFQ	2026-05-08	12.26	12.4481	11.57	12.12	5808554
INFQ	2026-05-11	11.87	13.18	11.6	12.84	7308639
INFQ	2026-05-12	12.99	13.63	12.49	13.1	10538224
INFQ	2026-05-13	13.31	13.75	13.015	13.29	8760966
INFQ	2026-05-14	13.33	14.3282	12.76	13.97	11774511
INFQ	2026-05-15	12.88	13.16	12.11	12.44	10982312
INFQ	2026-05-18	12.65	12.753	10.9492	11.37	11968386
INFQ	2026-05-19	11.07	11.34	10.32	10.63	7244121
INFQ	2026-05-20	10.65	11.29	10.45	11.18	6561347
INFQ	2026-05-21	13.5	16.09	13.39	14.7	76108427
INFQ	2026-05-22	15.9	18.2	15.71	16.35	65140929
INFQ	2026-05-26	16.48	16.65	14.93	15.88	33350257
INFQ	2026-05-27	15.995	16.41	14.66	15.46	25073263
INFQ	2026-05-28	15.82	18.25	15.5	17.77	37517600
INFQ	2026-05-29	17.5	17.59	15.61	16.22	29223351
INFQ	2026-06-01	16.01	18.57	15.73	17.69	28957342
INFQ	2026-06-02	18.305	20.75	18	19.87	31306251
INFQ	2026-06-03	18.75	19.06	17.25	17.41	24532145
INFQ	2026-06-04	17.01	18.07	16.64	16.95	15994831
INFQ	2026-06-05	16.16	16.4	14.3	14.56	19087598
INFQ	2026-06-08	15.17	15.44	14.35	14.81	14105873
INFQ	2026-06-09	14.97	15.48	13.15	13.71	15632087
INFQ	2026-06-10	13.72	14.73	13.56	13.58	10553433
INFQ	2026-06-11	13.51	14.2996	13.22	14.12	10645836
INFQ	2026-06-12	14.09	14.39	13.35	13.42	10849659
INFQ	2026-06-15	14.52	15.3	14.46	14.82	15422997
INFQ	2026-06-16	14.515	14.54	13.38	13.38	13888416
INFQ	2026-06-17	13.4	13.85	13.23	13.34	10314223
INFQ	2026-06-18	13.59	13.84	12.76	13.53	27706304
INFQ	2026-06-22	13.2	14.97	13.01	14.21	17676525
INFQ	2026-06-23	14.555	16.5862	14.42	15.96	42349383
INFQ	2026-06-24	15.584	15.59	13.66	14.1	22052273
INFQ	2026-06-25	14.17	14.17	12.75	12.79	15738946
INFQ	2026-06-26	12.68	14.09	12.6666	13.63	33627999
INFQ	2026-06-29	13.51	14.19	13.23	13.82	13025615
INFQ	2026-06-30	13.4	13.74	13.164	13.32	9483020
INFQ	2026-07-01	13.165	13.57	12.76	12.93	9706181
INFQ	2026-07-02	13.69	14.535	12.19	12.31	20236781
INFQ	2026-07-06	12.26	12.9	12.0809	12.33	8252797
INFQ	2026-07-07	12.175	12.23	11.3	11.66	14787607
INFQ	2026-07-08	11.45	11.92	11.195	11.51	7996302
INFQ	2026-07-09	11.7	11.91	11.42	11.75	6865491
INFQ	2026-07-10	11.94	12.06	11.17	11.17	6679382
INFQ	2026-07-13	11.08	11.16	10.05	10.13	10978657
INFQ	2026-07-14	10.46	10.49	10.05	10.45	7936280
INFQ	2026-07-15	10.52	10.8	9.57	9.87	13143439
INFQ	2026-07-16	9.52	9.6	8.83	9.06	13301551
INFQ	2026-07-17	8.75	9.44	8.75	9.09	9059034
INFQ	2026-07-20	9.1	9.31	8.775	9.05	8858001
INFQ	2026-07-21	9.255	9.89	9.255	9.89	7777278
INFQ	2026-07-22	10.17	10.76	10	10.24	12466911
INFQ	2026-07-23	9.9	10.32	9.62	9.69	8363154
INFQ	2026-07-24	9.69	9.73	8.94	8.97	9268917
INFQ	2026-07-27	9.29	10.1	9.23	9.76	12131917
INFQ	2026-07-28	9.31	9.6	8.91	9.56	9280129
INFQ	2026-07-29	9.36	9.56	8.79	8.83	7992170
INFQ	2026-07-30	9.09	9.99	9.05	9.98	8590621
INFQ	2026-07-31	10.17	10.26	9.5699	9.83	6484651
INFQ	2026-08-03	9.87	11.02	9.72	10.98	8032139
INFQ	2026-08-04	11.43	11.5157	11.1	11.46	9996660
INFQ	2026-08-05	11.12	11.34	10.84	10.85	5838918
INFQ	2026-08-06	10.5	11.3199	10.43	11.11	5791827
INFQ	2026-08-07	11.22	11.92	11.1499	11.91	7775097
INFQ	2026-08-10	12.2	12.25	11.59	11.69	7687194
INFQ	2026-08-11	11.91	11.99	11.31	11.82	6156195
INFQ	2026-08-12	12.19	12.36	11.83	12.36	17968144
INFQ	2026-08-13	11.95	13.2	11.55	12.18	19002007
INFQ	2026-08-14	12.27	13.175	12.2095	12.86	11556142
INFQ	2026-08-17	12.92	13.495	12.6501	13.41	9919326
INFQ	2026-08-18	12.72	13.18	12.51	12.91	7529430
INFQ	2026-08-19	12.78	12.88	11.99	12.5	8534923
INFQ	2026-08-20	12.45	12.55	11.805	12.55	7296608
INFQ	2026-08-21	12.67	14.135	12.66	14.12	15303507
INFQ	2026-08-24	13.62	13.79	12.7501	13.05	9257598
INSM	2026-05-01	135.65	137.6234	132.39	133.26	1562186
INSM	2026-05-04	133.88	141.28	133.46	140.01	1879402
INSM	2026-05-05	140.86	142.9	138.41	139.44	1236205
INSM	2026-05-06	138.46	142.58	136.73	137.09	2301722
INSM	2026-05-07	116.91	125.36	103.5001	105	13705334
INSM	2026-05-08	108.01	108.6315	98.98	101.35	8586583
INSM	2026-05-11	100	108.2	98.9	103.89	7867686
INSM	2026-05-12	103.65	117.63	103.46	116	8229429
INSM	2026-05-13	117.5	122.94	112	117.99	6721350
INSM	2026-05-14	117.535	119.12	114.88	115.62	2761235
INSM	2026-05-15	114.3	114.51	108.22	109.14	3686736
INSM	2026-05-18	107.36	107.74	104.48	107.15	3833335
INSM	2026-05-19	107.81	109.75	105.01	107.41	3645826
INSM	2026-05-20	108.67	109.96	106.705	107.91	2987921
INSM	2026-05-21	107.55	110.955	106.56	109.53	3689492
INSM	2026-05-22	108.47	110.8299	106.2	106.24	2432259
INSM	2026-05-26	107.82	109.74	105	108.87	2273542
INSM	2026-05-27	107.8	109.78	106.04	106.4	3088379
INSM	2026-05-28	106.9	109.95	106.1	108.37	2202575
INSM	2026-05-29	107.85	108.455	106.26	106.91	4534352
INSM	2026-06-01	106.09	106.79	102.805	106.03	3355327
INSM	2026-06-02	104.09	104.45	100.56	103.73	2401991
INSM	2026-06-03	102.27	105.2037	101.73	103.86	2916304
INSM	2026-06-04	103.385	105.29	102.89	104.92	1849031
INSM	2026-06-05	103.78	105	92.81	94.22	7955428
INSM	2026-06-08	94.45	96.77	92.0701	94.17	4950172
INSM	2026-06-09	95.75	99.55	95.43	99.04	4220746
INSM	2026-06-10	98.28	99.25	90.39	91.88	5394525
INSM	2026-06-11	92.3	98.18	91.37	96.72	5104293
INSM	2026-06-12	95.12	98.51	93.92	97.85	4528997
INSM	2026-06-15	98.85	100.17	97.035	97.46	3788476
INSM	2026-06-16	97.5	98.1	93.92	95.52	3422965
INSM	2026-06-17	95.18	99.15	94.22	98.45	3470227
INSM	2026-06-18	100.11	100.25	94	95.8	23342404
INSM	2026-06-22	95.82	99.88	95.27	98.605	4233389
INSM	2026-06-23	98.84	103.15	97.6	102.15	4199513
INSM	2026-06-24	103.4	107.2	102.305	103.46	3108048
INSM	2026-06-25	103	107.489	101.67	104.47	4410908
INSM	2026-06-26	105.11	108.14	102.59	103.38	6250096
INSM	2026-06-29	105.36	106.391091	103.08	104.74	2737394
INSM	2026-06-30	105.84	108.67	104.64	106.62	3346633
INSM	2026-07-01	107.68	109.19	106.0101	107	2348650
INSM	2026-07-02	107.5	111.92	107.06	111.6	2746919
INSM	2026-07-06	110.6	112.57	108.55	111.54	2204534
INSM	2026-07-07	113.21	114.69	111.4701	112.84	1659107
INSM	2026-07-08	111.925	116.985	111.01	116.53	2834258
INSM	2026-07-09	116.44	119.54	116.01	118.26	3166980
INSM	2026-07-10	118.09	118.94	112.795	115.61	2931244
INSM	2026-07-13	114.25	115.55	108.02	109.14	2824257
INSM	2026-07-14	109.14	110.665	107.33	110.11	1825102
INSM	2026-07-15	111	111.6	108.34	109.81	2116473
INSM	2026-07-16	109.93	110.295	105.07	107.46	2756451
INSM	2026-07-17	105.2	110.575551	105.2	108.32	2002555
INSM	2026-07-20	108.24	109.8	106.63	107.02	2015728
INSM	2026-07-21	107.87	109.42	106.41	108.62	2447075
INSM	2026-07-22	109.47	109.99	106.12	106.64	1770506
INSM	2026-07-23	105.8	107.88	105.09	107.41	1752753
INSM	2026-07-24	106.49	108.27	105.77	106.92	1899946
INSM	2026-07-27	106.93	107.3699	104.5	104.73	1899558
INSM	2026-07-28	104.73	105.76	103.18	104.13	1945325
INSM	2026-07-29	103.98	106.26	102.81	103.12	2195179
INSM	2026-07-30	101.63	102.098	99.03	101.49	3362237
INSM	2026-07-31	101.25	101.91	97.05	98.6	2899156
INSM	2026-08-03	98.2	99.9999	96.42	98.45	3546437
INSM	2026-08-04	98.975	99.48	97.86	98.75	4290683
INSM	2026-08-05	99.16	100.95	98.64	99.02	4897070
INSM	2026-08-06	128.22	137.7	126.15	132.55	11926574
INSM	2026-08-07	134.99	135.485	126.44	131.1	4903550
INSM	2026-08-10	129.98	135.5	129.5	134.75	3566806
INSM	2026-08-11	134.55	135.3	131.67	132.57	2728409
INSM	2026-08-12	132.31	135.26	130.8001	132.28	1562406
INSM	2026-08-13	132.5	133.16	126.13	126.33	2474629
INSM	2026-08-14	125.67	126.845	122.21	123.74	1956476
INSM	2026-08-17	124.71	128.46	124.6964	128.32	1898233
INSM	2026-08-18	128.07	128.93	126.39	128.46	1266559
INSM	2026-08-19	129.85	131.1	127.42	130.66	1484727
INSM	2026-08-20	128.36	130.27	124.6	125.08	1761107
INSM	2026-08-21	125.22	127.2	124.82	125.77	1094404
INSM	2026-08-24	125.03	126.11	122.83	123.98	1340640
INSP	2026-05-01	56.05	57.5214	55.215	56.7	1092512
INSP	2026-05-04	56.73	57.91	53.43	54.84	1565361
INSP	2026-05-05	47	48.38	44.41	48.25	4487596
INSP	2026-05-06	48.02	48.4	45.43	45.7	1904442
INSP	2026-05-07	45.81	48.3248	45.08	45.57	1982912
INSP	2026-05-08	45.31	45.715	43.99	44.26	946159
INSP	2026-05-11	43.57	45.085	43.03	43.35	917787
INSP	2026-05-12	43.86	44.685	42.84	44.06	963973
INSP	2026-05-13	43.2	44.13	41.5501	41.92	1102329
INSP	2026-05-14	42.35	43.14	41.52	42.66	2338994
INSP	2026-05-15	43.3	43.94	39.61	40.05	1676317
INSP	2026-05-18	40.42	42.94	40.37	41.83	1544745
INSP	2026-05-19	42.36	43.25	40.951	42.53	996874
INSP	2026-05-20	42.43	44.22	41.21	44.14	863676
INSP	2026-05-21	43.43	44.98	42.16	44.74	1052695
INSP	2026-05-22	42.89	44.26	42.6	43.84	1379964
INSP	2026-05-26	43.5	43.6	41.96	41.99	1436771
INSP	2026-05-27	42.06	43.37	40.99	42.22	1067145
INSP	2026-05-28	42.23	43.84	41.4	43.07	921744
INSP	2026-05-29	43.01	43.7	41.36	41.36	1115569
INSP	2026-06-01	41.24	42.78	40.47	40.84	1635674
INSP	2026-06-02	40.21	41.15	39.27	40.58	1012767
INSP	2026-06-03	40.6	40.6	38.91	40.44	1140502
INSP	2026-06-04	41	42.4	41	42.19	826029
INSP	2026-06-05	42.85	43.2	41.01	41.19	724781
INSP	2026-06-08	40.85	42.65	40.59	41.94	732671
INSP	2026-06-09	41.86	43.03	41.6881	42.21	604572
INSP	2026-06-10	41.89	43.32	41.5385	42.28	723648
INSP	2026-06-11	41.96	42.65	40.65	42.44	834323
INSP	2026-06-12	42.81	44.53	41.76	42.7	967081
INSP	2026-06-15	42.53	42.995	40.56	41.13	1040731
INSP	2026-06-16	41.29	42.22	40.96	41.39	646174
INSP	2026-06-17	41.1	43	40.65	41.12	559880
INSP	2026-06-18	41.91	42.73	39.73	42.61	1386470
INSP	2026-06-22	42.3	42.61	41.32	41.35	700091
INSP	2026-06-23	40.27	42.22	39.991	41.75	793034
INSP	2026-06-24	42	43.45	42	43.2	804074
INSP	2026-06-25	43.78	44.45	42.78	43.45	991409
INSP	2026-06-26	43.29	45.99	42.8112	45.72	5100922
INSP	2026-06-29	45.75	46.1	44.37	44.93	715382
INSP	2026-06-30	44.5	44.89	43.1	44.61	650065
INSP	2026-07-01	45.21	47.1	45.21	45.46	1347208
INSP	2026-07-02	46.23	47.71	45.72	46.95	1301834
INSP	2026-07-06	46.47	49.84	46.47	49.45	1165026
INSP	2026-07-07	49.97	50.6049	48.78	50.08	1058807
INSP	2026-07-08	48.65	49.515	46.55	49.3	1253659
INSP	2026-07-09	49.44	51.65	48.5	51.52	917061
INSP	2026-07-10	51.86	52.505	50.02	51.76	1290199
INSP	2026-07-13	51.49	52.13	50.85	51.36	831467
INSP	2026-07-14	50.37	50.37	48.5	49.15	580032
INSP	2026-07-15	49.21	51.43	48.765	50.5	679539
INSP	2026-07-16	51.58	53.01	51.02	51.54	882236
INSP	2026-07-17	51.04	51.46	49.68	50.6	664587
INSP	2026-07-20	50.53	53.4	50.53	53.27	783120
INSP	2026-07-21	52.29	53.5	51.84	52.49	638757
INSP	2026-07-22	52.01	52.52	50.115	50.4	753733
INSP	2026-07-23	50.3	50.87	48.8	50.81	709813
INSP	2026-07-24	51.57	52.06	49.19	49.19	655359
INSP	2026-07-27	50.17	51.27	49.7177	50.93	944837
INSP	2026-07-28	48.21	52.47	48.21	51.97	934907
INSP	2026-07-29	51.62	52.49	50.56	51.07	1054891
INSP	2026-07-30	50.27	50.66	48.75	50.02	676372
INSP	2026-07-31	49.92	50.39	49.02	50.21	672166
INSP	2026-08-03	51.21	52.8	51.21	52.22	959976
INSP	2026-08-04	64.16	66.205	59.5	64.14	2328465
INSP	2026-08-05	63.32	63.342	59.76	60.09	1445888
INSP	2026-08-06	59.6	60.44	58.68	58.89	681714
INSP	2026-08-07	58.65	60.505	58.285	60.16	538852
INSP	2026-08-10	59.53	61.3123	59.35	59.72	584769
INSP	2026-08-11	59.2	60.75	59.07	59.13	384965
INSP	2026-08-12	58.03	59.12	57.2	58.28	571428
INSP	2026-08-13	57.99	58.83	57.1	58.2	485897
INSP	2026-08-14	58.11	58.11	56.97	57.1	394908
INSP	2026-08-17	56.4	57.23	55.44	57.22	519675
INSP	2026-08-18	57.32	58.14	57	57.38	656380
INSP	2026-08-19	57.8	61.96	57.8	61.69	574861
INSP	2026-08-20	60.94	62.2	58.0009	61.27	474709
INSP	2026-08-21	61.17	63.2	60.345	62.36	407860
INSP	2026-08-24	62.08	62.7	60.79	61.47	529857
INTA	2026-05-01	23.29	24.24	22.78	23.5	530706
INTA	2026-05-04	23.5	24.37	23.2501	23.67	807111
INTA	2026-05-05	23.66	24.1	23.2	24.08	750669
INTA	2026-05-06	23.69	24.5	22.7101	23.07	1123383
INTA	2026-05-07	23.7	24.86	23.7	23.98	818861
INTA	2026-05-08	23.4	24.99	23.22	24.84	937964
INTA	2026-05-11	24.6	25.29	23.36	23.82	844151
INTA	2026-05-12	24.11	24.57	22.55	22.77	1649129
INTA	2026-05-13	22.73	23.4	20.85	21.49	1447618
INTA	2026-05-14	21.49	22.18	20.68	20.8	1849974
INTA	2026-05-15	21.19	21.81	20.94	20.99	1541299
INTA	2026-05-18	21.19	21.66	20.3	20.87	1263460
INTA	2026-05-19	21.37	21.86	20.3601	20.5	1505869
INTA	2026-05-20	20.1	20.99	19.535	20.96	1112929
INTA	2026-05-21	20.73	20.73	19.55	20.32	1314495
INTA	2026-05-22	20.4	21.12	19.83	20.4	935133
INTA	2026-05-26	20.03	20.62	19.67	19.83	787261
INTA	2026-05-27	19.58	20.205	19.012	19.14	741669
INTA	2026-05-28	19.37	20.63	19.01	20.6	1185432
INTA	2026-05-29	21.2502	23.15	20.88	23.09	1637642
INTA	2026-06-01	23.72	26.68	23.38	26.03	2141491
INTA	2026-06-02	24.895	25.34	24.19	25.08	1781737
INTA	2026-06-03	24.41	24.43	23.38	23.93	1097952
INTA	2026-06-04	24.7	25	24.05	24.39	1091864
INTA	2026-06-05	24.5	24.91	23.7	24.35	753262
INTA	2026-06-08	24.12	24.93	23.835	24.22	814443
INTA	2026-06-09	23.81	24.315	23.2621	23.79	1016101
INTA	2026-06-10	23.52	24.36	23.23	23.83	595293
INTA	2026-06-11	23.45	24.19	22.605	23.2	1049568
INTA	2026-06-12	23.2	24.18	22.3	23.9	943780
INTA	2026-06-15	23.85	23.925	22.9	23.09	1355133
INTA	2026-06-16	23.09	23.67	22	23.09	976693
INTA	2026-06-17	22.84	23.51	21.63	22.03	1248458
INTA	2026-06-18	21.99	22.42	21.3	22.04	1344215
INTA	2026-06-22	21.7	22.22	20.75	21.58	1232488
INTA	2026-06-23	22.04	22.53	21.65	21.93	626977
INTA	2026-06-24	21.89	23.22	21.88	22.67	621773
INTA	2026-06-25	22.36	22.94	21.91	22.02	480418
INTA	2026-06-26	22.32	25.14	22.32	25.01	2232232
INTA	2026-06-29	25.36	25.75	24.635	24.68	841295
INTA	2026-06-30	24.26	25.4	23.93	25.21	589325
INTA	2026-07-01	26.06	26.82	26.01	26.35	680690
INTA	2026-07-02	26.29	27.99	26.09	27.39	1003436
INTA	2026-07-06	26.86	28.03	26.51	27.6	645284
INTA	2026-07-07	28.54	29.24	28.16	28.18	668003
INTA	2026-07-08	27.61	28	27.09	27.17	763421
INTA	2026-07-09	26.5	27.77	26.3	27.71	548186
INTA	2026-07-10	28.3	28.57	27.3148	28.07	546557
INTA	2026-07-13	28.48	29.05	28.07	28.56	706136
INTA	2026-07-14	26.93	28.45	26.25976	27.74	582462
INTA	2026-07-15	28.17	29.05	28.07	28.28	724074
INTA	2026-07-16	28.91	30.115	28.31	29.55	885195
INTA	2026-07-17	28.91	30.04	28.75	29.12	696837
INTA	2026-07-20	28.84	29.55	28.09	29.16	347768
INTA	2026-07-21	28.061	29.01	27.475	28.1	734879
INTA	2026-07-22	27.9	27.92	25.71	26.07	871277
INTA	2026-07-23	26.07	26.51	25.56	26.27	634507
INTA	2026-07-24	27.08	27.95	26.5101	27.47	768810
INTA	2026-07-27	28.41	30.53	27.945	29.45	755461
INTA	2026-07-28	30.02	31.37	29.805	30.6	795828
INTA	2026-07-29	30.32	32.4	30.2	31.67	764563
INTA	2026-07-30	30.63	32.24	30.2	32.07	968788
INTA	2026-07-31	31.53	32.97	31.345	32.69	828835
INTA	2026-08-03	33.61	35.13	33.355	33.4	905781
INTA	2026-08-04	32.08	33.58	31.6931	32.78	1186530
INTA	2026-08-05	36.5	37.48	35.28	36.96	1895373
INTA	2026-08-06	35.92	36.63	34.835	36.36	1008631
INTA	2026-08-07	36.9	38.635	36.4279	37.73	842375
INTA	2026-08-10	37.04	39.4799	37.04	38.74	643805
INTA	2026-08-11	38.19	39.955	38.19	39.91	573811
INTA	2026-08-12	38.89	39.88	38.8605	39.53	483326
INTA	2026-08-13	39.61	41.12	38.96	41.02	707759
INTA	2026-08-14	41.38	41.38	39.45	40.11	412378
INTA	2026-08-17	39.7	40.02	38.41	38.49	480445
INTA	2026-08-18	39.1	40.76	39.1	39.74	578593
INTA	2026-08-19	39.94	40.76	39.145	40.09	750693
INTA	2026-08-20	39.85	40.39	39.44	40.17	663457
INTA	2026-08-21	40	41.42	39.27	41.35	823323
INTA	2026-08-24	40.89	41.75	40.35	40.92	644776
INVX	2026-05-01	27.57	27.8	27.01	27.69	277269
INVX	2026-05-04	27.79	27.79	27.3	27.42	242360
INVX	2026-05-05	29	29	26.48	26.68	526095
INVX	2026-05-06	26.15	27.35	25.76	27.13	482753
INVX	2026-05-07	26.63	27.75	26.17	26.63	389086
INVX	2026-05-08	26.81	27.345	26.49	26.6	272641
INVX	2026-05-11	26.36	27.39	26.36	27.06	223430
INVX	2026-05-12	27.17	27.485	26.95	27.41	282172
INVX	2026-05-13	27.41	28	26.95	27.42	400294
INVX	2026-05-14	27.36	27.75	27.22	27.61	234024
INVX	2026-05-15	27.755	28.09	27.14	28	394113
INVX	2026-05-18	27.94	30.46	27.8812	30.3	695300
INVX	2026-05-19	30.57	32.25	30.3	31.05	1040081
INVX	2026-05-20	31.05	31.895	30.84	30.96	768145
INVX	2026-05-21	30.87	31.182	30.51	30.82	411518
INVX	2026-05-22	30.74	31.6	29.96	30.05	425091
INVX	2026-05-26	30.15	31.22	29.8	29.95	479405
INVX	2026-05-27	29.45	29.45	27.56	27.65	495720
INVX	2026-05-28	27.61	28	26.82	26.96	345494
INVX	2026-05-29	26.9	27	26.26	26.71	552676
INVX	2026-06-01	27.08	27.23	26.69	26.98	614013
INVX	2026-06-02	27.16	28.19	27.16	28.04	311586
INVX	2026-06-03	27.92	28.19	27.28	27.35	428272
INVX	2026-06-04	28.26	28.77	27.24	28.33	279729
INVX	2026-06-05	28.01	28.01	26.49	26.79	281481
INVX	2026-06-08	27.92	29.37	27.58	28.85	312175
INVX	2026-06-09	29	29.31	28.2	28.43	419184
INVX	2026-06-10	28.73	29.67	28.441	28.73	345451
INVX	2026-06-11	29.39	29.4	28.365	28.75	222415
INVX	2026-06-12	28.54	29.64	28.4602	29.45	296359
INVX	2026-06-15	29	29	28.01	28.17	338264
INVX	2026-06-16	27.99	28.01	26.41	26.75	360735
INVX	2026-06-17	26.96	27.31	26.07	26.15	350561
INVX	2026-06-18	26.09	26.23	24.85	25.57	1411334
INVX	2026-06-22	25.86	26.13	25.31	25.66	445742
INVX	2026-06-23	25.59	25.97	25.32	25.65	347232
INVX	2026-06-24	25.61	25.9	24.8	25.6	358774
INVX	2026-06-25	25.37	26.3	25.37	25.56	299129
INVX	2026-06-26	25.25	25.68	24.7695	25.43	1762386
INVX	2026-06-29	25.55	25.79	24.52	24.56	470226
INVX	2026-06-30	24.69	24.93	24.24	24.8	543518
INVX	2026-07-01	24.31	24.83	23.97	24.28	368104
INVX	2026-07-02	23.91	24.645	22.21	24.09	425348
INVX	2026-07-06	24.06	24.65	23.57	23.61	321195
INVX	2026-07-07	23.91	24.19	23.68	24.05	255235
INVX	2026-07-08	24.41	25.41	24.41	25.13	495126
INVX	2026-07-09	25.15	25.25	24.795	25.06	285088
INVX	2026-07-10	25.11	25.5799	25.0001	25.47	208071
INVX	2026-07-13	25.76	26.21	25.49	25.5	329011
INVX	2026-07-14	26.1	26.1	25.53	25.72	199929
INVX	2026-07-15	26.05	26.2	25.35	25.88	214423
INVX	2026-07-16	25.89	26.28	25.67	25.71	331938
INVX	2026-07-17	25.73	25.88	25.475	25.78	298383
INVX	2026-07-20	25.71	26.055	25.375	25.54	303186
INVX	2026-07-21	25.56	26.55	25.14	26.39	322319
INVX	2026-07-22	26.75	27.65	26.74	27.19	351885
INVX	2026-07-23	27.46	27.84	26.56	26.67	412567
INVX	2026-07-24	26.95	27.58	26.73	26.84	293742
INVX	2026-07-27	26.76	27.31	26.33	26.54	331410
INVX	2026-07-28	26.64	26.64	25.6176	25.62	306285
INVX	2026-07-29	26.38	26.935	25.6	25.73	353031
INVX	2026-07-30	26.18	26.91	25.975	26.56	513657
INVX	2026-07-31	26.88	28.455	26.5901	28.08	429395
INVX	2026-08-03	27.45	28.64	27.08	28.3	401058
INVX	2026-08-04	28.78	33.71	28.78	31.63	1281532
INVX	2026-08-05	31.39	31.4587	29.57	30.44	602477
INVX	2026-08-06	30.95	31.34	30.58	30.7	434179
INVX	2026-08-07	28.45	28.75	27.82	28.1	3287400
INVX	2026-08-10	28.14	29.205	27.825	29.17	1732043
INVX	2026-08-11	29	30.14	28.76	30.14	1168609
INVX	2026-08-12	29.97	30.62	29.71	30.39	668244
INVX	2026-08-13	30	31.074	29.76	30.78	862192
INVX	2026-08-14	30.99	31.85	30.885	31.24	631219
INVX	2026-08-17	31.44	31.65	30.73	30.79	493584
INVX	2026-08-18	30.89	30.89	29.99	30.15	541318
INVX	2026-08-19	30.61	30.79	29.27	29.42	504130
INVX	2026-08-20	29.38	29.595	28.705	29.15	451772
INVX	2026-08-21	29.34	29.51	28.64	29.32	565053
INVX	2026-08-24	29.09	29.3	28.26	28.62	698206
IONQ	2026-05-01	44.855	46.3091	43.8	46.2	20471220
IONQ	2026-05-04	46.53	49.14	45.31	45.75	26167111
IONQ	2026-05-05	46.61	48.34	44.79	48	23047028
IONQ	2026-05-06	49.1	53.485	48.57	52.57	48805775
IONQ	2026-05-07	50.035	51.9	46.27	47.68	41952395
IONQ	2026-05-08	48.685	49.44	45.72	49.24	25652157
IONQ	2026-05-11	48.14	58.54	47.89	56.89	57908077
IONQ	2026-05-12	57.25	59.15	52.17	55.87	51376480
IONQ	2026-05-13	55.94	56.18	52.94	55.26	23808930
IONQ	2026-05-14	54.4	58.18	53.91	57.47	26187814
IONQ	2026-05-15	54.5	54.7	51.285	51.95	27007759
IONQ	2026-05-18	51.81	52.2	47.48	49.31	21501772
IONQ	2026-05-19	47.64	49.44	45.51	48.44	22088992
IONQ	2026-05-20	49.25	52.74	48.35	52.47	22283492
IONQ	2026-05-21	54.61	61.12	53.93	58.89	61954204
IONQ	2026-05-22	58	65.8	58	63.64	52337301
IONQ	2026-05-26	64.3	65	60.09	63.62	29916302
IONQ	2026-05-27	62.67	66.81	59.71	65.4	29442398
IONQ	2026-05-28	64.87	71.47	64.72	70.14	31527056
IONQ	2026-05-29	69.64	72.17	66.8	72.07	28222828
IONQ	2026-06-01	69.645	72.42	66.97	69.28	28071082
IONQ	2026-06-02	69.35	72.63	69.09	71.4	27510335
IONQ	2026-06-03	70.325	73.65	67.51	68.23	30241809
IONQ	2026-06-04	67.05	69.4641	64.18	65.66	40027723
IONQ	2026-06-05	63.51	63.79	55.84	56.78	31610748
IONQ	2026-06-08	59.54	64.9	57.96	62.8	28380562
IONQ	2026-06-09	62.4	63.9484	53.2646	56.69	35055728
IONQ	2026-06-10	57.74	60.75	56.5	56.63	23333632
IONQ	2026-06-11	56.54	59.465	54.75	57.99	24993378
IONQ	2026-06-12	57.7	60.23	56.16	57.85	17620620
IONQ	2026-06-15	61.4	63.56	60.59	61.18	25164259
IONQ	2026-06-16	59.95	60.89	55.91	56.06	21708095
IONQ	2026-06-17	56.9	57.7283	54.455	54.69	19370330
IONQ	2026-06-18	55.79	56.66	52.9206	56.55	20190459
IONQ	2026-06-22	56.58	61.99	55.53	58.32	27359530
IONQ	2026-06-23	56.61	61.47	56	57.85	26708814
IONQ	2026-06-24	57.35	57.35	52.36	53.6	24681778
IONQ	2026-06-25	54.625	55.076	50.16	50.56	21728883
IONQ	2026-06-26	49.65	52.478	48.49	49.31	67598024
IONQ	2026-06-29	50.62	54.2	49.65	53.88	22783436
IONQ	2026-06-30	52.695	54.8399	52.402	53.26	14754950
IONQ	2026-07-01	52.175	54.76	51.4	51.4	14336788
IONQ	2026-07-02	51.11	54.4	48.18	49.12	16913305
IONQ	2026-07-06	49.04	51.33	48.79	48.87	12433290
IONQ	2026-07-07	47.54	47.95	44.024	45.36	18625957
IONQ	2026-07-08	44.36	46.23	43.72	45.08	15097514
IONQ	2026-07-09	45.5	46	44.37	44.77	12974215
IONQ	2026-07-10	45.32	45.45	42.4	42.86	14423890
IONQ	2026-07-13	42.07	42.1811	38.62	38.88	23574673
IONQ	2026-07-14	40.04	40.442	38.72	39.29	17177834
IONQ	2026-07-15	40	40.07	36.86	37.51	20306702
IONQ	2026-07-16	37	37.2431	34.6708	35.1	24329105
IONQ	2026-07-17	34.99	35.91	33.29	34.78	23832923
IONQ	2026-07-20	35.05	36.3	34.21	34.24	16377036
IONQ	2026-07-21	35.46	36.065	34.7	35.51	20078855
IONQ	2026-07-22	34.89	35.99	34.655	34.68	14815248
IONQ	2026-07-23	34	35.5177	33.565	34.07	17505605
IONQ	2026-07-24	34.1	34.3	32.5601	32.84	14739388
IONQ	2026-07-27	34.47	37.17	34.3	35.92	28205128
IONQ	2026-07-28	34.18	34.65	32.12	33.88	19772991
IONQ	2026-07-29	33.72	34.32	31.8101	31.99	21771389
IONQ	2026-07-30	33.165	36.1799	33	35.77	23072424
IONQ	2026-07-31	36.49	37.645	35.584	36.44	18102388
IONQ	2026-08-03	35.83	40.16	35.4263	38.85	23117883
IONQ	2026-08-04	39.635	42.05	39.58	41.72	24979350
IONQ	2026-08-05	40.95	41.9	39.7	39.93	23589129
IONQ	2026-08-06	41.37	41.88	39.655	39.72	26045086
IONQ	2026-08-07	40.385	44.615	40	44.43	31138117
IONQ	2026-08-10	43.24	44.2	42.2	42.53	16799657
IONQ	2026-08-11	43.02	44.02	42.18	43.44	13642357
IONQ	2026-08-12	44.64	45.5399	42.84	45.2	20619163
IONQ	2026-08-13	44.9	47.945	44.73	44.98	20958661
IONQ	2026-08-14	44.7	47.27	44.36	46.26	18002754
IONQ	2026-08-17	46.01	47.21	44.85	46.84	13773877
IONQ	2026-08-18	44.36	46.46	43.6	44.12	16475149
IONQ	2026-08-19	43.38	44.19	42.16	43.36	14914856
IONQ	2026-08-20	43.44	43.59	40.33	41.53	17080270
IONQ	2026-08-21	42.2	45.46	42.01	44.86	19481841
IONQ	2026-08-24	43.33	43.55	40.96	41.06	16747655
IPCX	2026-05-01	10.3	10.3	10.3	10.3	108
IPCX	2026-05-04	10.3	10.3	10.3	10.3	586
IPCX	2026-05-05	10.3	10.3	10.29	10.29	13852
IPCX	2026-05-06	10.3	10.3	10.295	10.3	68509
IPCX	2026-05-07	10.295	10.3	10.295	10.3	9851
IPCX	2026-05-08	10.3	10.3	10.3	10.3	4837
IPCX	2026-05-11	10.3	10.3	10.3	10.3	16020
IPCX	2026-05-12	10.3	10.3086	10.295	10.3	323612
IPCX	2026-05-13	10.3	10.3	10.29	10.3	152721
IPCX	2026-05-14	10.3	10.3001	10.3	10.3	185844
IPCX	2026-05-15	10.3	10.3	10.3	10.3	9807
IPCX	2026-05-18	10.3	10.3057	10.3	10.3057	31670
IPCX	2026-05-19	10.31	10.31	10.305	10.31	42571
IPCX	2026-05-20	10.32	10.32	10.31	10.32	6060
IPCX	2026-05-21	10.32	10.32	10.31	10.32	23050
IPCX	2026-05-22	10.33	10.33	10.31	10.31	242348
IPCX	2026-05-26	10.32	10.32	10.31	10.31	104678
IPCX	2026-05-29	10.32	10.32	10.32	10.32	25394
IPCX	2026-06-01	10.32	10.32	10.32	10.32	10975
IPCX	2026-06-02	10.32	10.32	10.32	10.32	264
IPCX	2026-06-03	10.32	10.32	10.32	10.32	139
IPCX	2026-06-04	10.32	10.32	10.32	10.32	80048
IPCX	2026-06-05	10.32	10.32	10.32	10.32	5058
IPCX	2026-06-08	10.328	10.33	10.32	10.325	31643
IPCX	2026-06-09	10.3299	10.33	10.3299	10.33	7178
IPCX	2026-06-10	10.33	10.33	10.33	10.33	400695
IPCX	2026-06-11	10.33	10.33	10.325	10.325	7961
IPCX	2026-06-12	10.325	10.325	10.32	10.32	1669
IPCX	2026-06-15	10.32	10.33	10.32	10.33	115841
IPCX	2026-06-16	10.3301	10.34	10.33	10.34	126505
IPCX	2026-06-17	10.3364	10.3364	10.3364	10.3364	202
IPCX	2026-06-18	10.34	10.34	10.33	10.33	58592
IPCX	2026-06-22	10.34	10.34	10.32	10.32	98153
IPCX	2026-06-23	10.32	10.33	10.32	10.32	1563
IPCX	2026-06-24	10.325	10.325	10.32	10.32	10866
IPCX	2026-06-25	10.32	10.32	10.32	10.32	130137
IPCX	2026-06-26	10.325	10.33	10.32	10.32	38894
IPCX	2026-06-29	10.34	10.34	10.33	10.33	69057
IPCX	2026-06-30	10.33	10.33	10.33	10.33	1294
IPCX	2026-07-02	10.34	10.35	10.335	10.35	17605
IPCX	2026-07-06	10.35	10.365	10.35	10.36	32082
IPCX	2026-07-07	10.35	10.36	10.34	10.35	39457
IPCX	2026-07-08	10.35	10.35	10.34	10.34	20696
IPCX	2026-07-09	10.36	10.4	10.36	10.39	90695
IPCX	2026-07-13	10.4	10.4	10.39	10.39	40195
IPCX	2026-07-14	10.39	10.4	10.39	10.4	50212
IPCX	2026-07-15	10.39	10.4	10.34	10.36	70935
IPCX	2026-07-16	10.4	10.4	10.4	10.4	474097
IPCX	2026-07-21	10.4	10.41	10.39	10.41	319837
IPCX	2026-07-22	10.42	10.4299	10.4	10.4	24913
IPCX	2026-07-23	10.4	10.4	10.4	10.4	13948
IPCX	2026-07-24	10.41	10.42	10.41	10.42	92936
IPCX	2026-07-27	10.36	11.5	8.58	10.505	131150
IPCX	2026-07-28	10.46	10.46	8.75	8.93	75452
IPCX	2026-07-29	9.8539	10.92	8.725	9.35	138207
IPCX	2026-07-30	9.32	10.4916	9.32	9.94	17296
IPCX	2026-07-31	9.85	10.84	8.69	8.69	25175
IPCX	2026-08-03	8	8.01	3.77	4.45	249925
IPCX	2026-08-04	4.39	5.72	4.31	4.65	190191
IPCX	2026-08-05	4.54	5.17	4.22	4.62	83893
IPCX	2026-08-06	4.86	5.11	4.4	4.65	130473
IPCX	2026-08-07	4.7	4.85	4.05	4.44	172351
IPCX	2026-08-10	4.27	4.725	4.05	4.23	50376
IPCX	2026-08-11	4.3	5.5065	4.3	5.44	88027
IPCX	2026-08-12	5.12	5.195	4.05	4.1	115927
IPCX	2026-08-13	4.64	4.64	3.81	3.81	39631
IPCX	2026-08-14	3.95	4.5	3.75	3.95	153340
ISOU	2026-05-01	12.01	12.01	11.08	11.36	74416
ISOU	2026-05-04	11.5	11.8	11.41	11.67	121263
ISOU	2026-05-05	11.95	12.01	11.152	11.27	102569
ISOU	2026-05-06	11.15	12.295	11.15	12.29	150349
ISOU	2026-05-07	12.21	12.8877	12.02	12.28	120901
ISOU	2026-05-08	12.3	12.49	11.91	12.05	40528
ISOU	2026-05-11	12.17	13.48	12.1	13.22	154162
ISOU	2026-05-12	13.29	13.29	12.07	12.54	106032
ISOU	2026-05-13	12.45	12.68	11.96	12.2	114281
ISOU	2026-05-14	12.19	12.505	11.7017	11.92	73967
ISOU	2026-05-15	11.7	11.875	11.18	11.22	129083
ISOU	2026-05-18	11.3	11.3	10.7	10.78	80480
ISOU	2026-05-19	10.7	10.8799	10.18	10.21	101473
ISOU	2026-05-20	10.44	10.49	10.15	10.42	41815
ISOU	2026-05-21	10.28	10.765	10.23	10.63	123481
ISOU	2026-05-22	10.7	10.88	10.46	10.76	140515
ISOU	2026-05-26	10.94	11.5091	10.84	11.4	125940
ISOU	2026-05-27	11.35	11.52	11.05	11.22	93660
ISOU	2026-05-28	11.27	11.7692	10.905	11.7	107138
ISOU	2026-05-29	11.64	11.81	11.1	11.65	69553
ISOU	2026-06-01	11.44	12.38	11.23	12.23	92403
ISOU	2026-06-02	12.18	13.33	12.18	13	225517
ISOU	2026-06-03	13.01	13.11	11.58	11.74	138086
ISOU	2026-06-04	11.75	11.99	11.33	11.7	78966
ISOU	2026-06-05	11.47	11.47	10.1	10.1	249611
ISOU	2026-06-08	10.45	10.75	10.38	10.39	71968
ISOU	2026-06-09	10.55	10.76	9.3	9.51	206906
ISOU	2026-06-10	9.51	9.81	9.09	9.31	106931
ISOU	2026-06-11	9.5	9.96	9.37	9.93	182289
ISOU	2026-06-12	9.85	10.35	9.81	10.3	168796
ISOU	2026-06-15	10.62	11.5	10.61	11.28	179208
ISOU	2026-06-16	11.17	11.68	11.02	11.38	150221
ISOU	2026-06-17	11.48	12.055	11.13	11.13	200403
ISOU	2026-06-18	11.33	12.03	11.33	11.97	324977
ISOU	2026-06-22	11.97	11.97	10.65	10.66	138666
ISOU	2026-06-23	10.36	11.1	10.2	10.63	98148
ISOU	2026-06-24	10.39	10.51	10	10.18	96340
ISOU	2026-06-25	10.54	10.54	9.945	9.96	93913
ISOU	2026-06-26	9.96	10.1999	9.78	10.16	50292
ISOU	2026-06-29	10.16	10.16	9.65	10.08	78978
ISOU	2026-06-30	10.06	10.22	9.72	9.97	81928
ISOU	2026-07-01	9.84	10.35	9.75	9.75	42119
ISOU	2026-07-02	9.84	10.72	9.8	10.04	55808
ISOU	2026-07-06	10.36	10.84	10.18	10.32	74356
ISOU	2026-07-07	10.2	10.32	9.41	9.47	71047
ISOU	2026-07-08	9.3	9.94	9.23	9.76	51913
ISOU	2026-07-09	9.91	10.26	9.8	10.19	32902
ISOU	2026-07-10	10.19	10.6	10.19	10.5	37974
ISOU	2026-07-13	10.49	10.49	9.63	9.84	73930
ISOU	2026-07-14	10.01	10.4299	10.01	10.28	63303
ISOU	2026-07-15	10.43	10.43	9.88	10.01	51569
ISOU	2026-07-16	9.95	9.99	9.26	9.28	65172
ISOU	2026-07-17	9.22	9.5	8.86	9.21	50283
ISOU	2026-07-20	9.26	9.29	9.12	9.22	38201
ISOU	2026-07-21	9.5	9.96	9.4	9.95	50358
ISOU	2026-07-22	9.78	10.39	9.78	10.08	77393
ISOU	2026-07-23	9.88	10.29	9.86	9.97	89591
ISOU	2026-07-24	9.87	9.87	9.41	9.41	36394
ISOU	2026-07-27	9.77	9.89	9.44	9.65	39439
ISOU	2026-07-28	9.6	9.6	9.1	9.38	46496
ISOU	2026-07-29	9.5	9.75	9.2201	9.33	59475
ISOU	2026-07-30	9.55	9.9064	9.44	9.76	47462
ISOU	2026-07-31	9.815	9.9099	9.18	9.29	105211
ISOU	2026-08-03	9.49	9.76	9.3501	9.53	31660
ISOU	2026-08-04	9.56	9.86	9.38	9.46	149730
ISOU	2026-08-05	9.63	9.95	9.41	9.92	91403
ISOU	2026-08-06	9.7	10.59	9.64	10.18	133878
ISOU	2026-08-07	10.46	10.87	10.31	10.42	150605
ISOU	2026-08-10	10.61	10.79	10.36	10.79	90257
ISOU	2026-08-11	10.88	11.11	10.74	10.96	58200
ISOU	2026-08-12	11.06	11.1	10.48	10.55	39823
ISOU	2026-08-13	10.6	10.78	10.29	10.29	29874
ISOU	2026-08-14	10.35	10.6588	10.19	10.29	18707
ISOU	2026-08-17	10.39	11.08	10.3401	10.91	56153
ISOU	2026-08-18	10.72	10.72	9.95	10.27	142802
ISOU	2026-08-19	10.51	10.6	10.375	10.54	108285
ISOU	2026-08-20	10.61	10.625	10.05	10.24	56239
ISOU	2026-08-21	10.58	11.93	10.58	11.89	180882
ISOU	2026-08-24	11.94	12	11.44	11.76	221856
JAB	2026-08-05	9.89	9.91	9.89	9.91	1710526
JAB	2026-08-06	9.9	9.91	9.9	9.9	321422
JAB	2026-08-07	9.91	9.91	9.9	9.9	153487
JAB	2026-08-10	9.91	9.91	9.9	9.91	1105161
JAB	2026-08-11	9.92	9.92	9.91	9.91	52472
JAB	2026-08-12	9.92	9.92	9.91	9.91	118333
JAB	2026-08-13	9.92	9.92	9.91	9.91	6000
JAB	2026-08-14	9.911	9.92	9.91	9.91	87156
JAB	2026-08-17	9.9202	9.93	9.91	9.93	903073
JAB	2026-08-18	9.93	9.95	9.9106	9.94	1884350
JAB	2026-08-19	9.94	9.94	9.93	9.94	206275
JAB	2026-08-20	9.9392	9.94	9.93	9.935	3163
JAB	2026-08-21	9.92	9.94	9.92	9.94	6271
JAB	2026-08-24	9.94	9.96	9.94	9.9503	82539
JACK	2026-05-01	12.52	12.725	12.27	12.28	496203
JACK	2026-05-04	12.17	12.5	11.92	12.05	693199
JACK	2026-05-05	12.05	12.925	12.05	12.84	850030
JACK	2026-05-06	13.04	13.7	13.04	13.63	647389
JACK	2026-05-07	13.72	14.02	13.4201	13.87	493532
JACK	2026-05-08	14.04	14.27	13.63	13.79	615767
JACK	2026-05-11	13.74	13.96	12.975	13.4	862954
JACK	2026-05-12	13.38	13.75	13.11	13.57	717287
JACK	2026-05-13	13.62	13.628	12.565	12.79	1437082
JACK	2026-05-14	13.48	13.8	10.485	10.98	2715682
JACK	2026-05-15	10.61	11.14	10.45	10.87	936766
JACK	2026-05-18	10.94	10.95	10.495	10.78	1051433
JACK	2026-05-19	10.8	11.46	10.64	11.44	842189
JACK	2026-05-20	11.47	11.64	10.94	11.17	645128
JACK	2026-05-21	11.01	11.41	10.705	11.35	613518
JACK	2026-05-22	11.48	11.85	11.29	11.55	636965
JACK	2026-05-26	11.61	11.887	10.7	10.89	828805
JACK	2026-05-27	10.94	12.69	10.94	11.78	1748543
JACK	2026-05-28	11.28	11.82	11.05	11.56	897909
JACK	2026-05-29	12.03	12.6999	11.9	12.45	1218642
JACK	2026-06-01	12.385	13.79	12.385	13.48	1256332
JACK	2026-06-02	13.2	13.2	12.675	12.75	510770
JACK	2026-06-03	12.55	12.71	11.885	11.95	497388
JACK	2026-06-04	11.98	12.2499	11.56	11.65	552862
JACK	2026-06-05	11.64	12.0299	11.12	11.32	511998
JACK	2026-06-08	11.575	11.58	10.92	11.58	492227
JACK	2026-06-09	11.76	12.52	11.525	11.96	560370
JACK	2026-06-10	12.02	12.88	12.02	12.37	570716
JACK	2026-06-11	12.37	12.5499	11.82	12.44	565625
JACK	2026-06-12	12.59	13.635	12.4401	13.37	798663
JACK	2026-06-15	13.39	13.7293	12.63	12.92	747763
JACK	2026-06-16	12.84	13.03	12.4501	12.63	622275
JACK	2026-06-17	12.44	12.97	12.35	12.4	427222
JACK	2026-06-18	12.53	13.39	12.53	12.8	572233
JACK	2026-06-22	12.6	12.84	11.28	11.41	867126
JACK	2026-06-23	11.3	11.7301	11.3	11.58	407420
JACK	2026-06-24	12.69	13.9699	12.5	13.35	1617230
JACK	2026-06-25	13.37	13.8	12.65	12.82	471119
JACK	2026-06-26	12.6	13.94	12.6	13.81	1369609
JACK	2026-06-29	13.96	17.16	13.275	16.6	3536198
JACK	2026-06-30	17.16	17.3	15.31	15.81	3527205
JACK	2026-07-01	15.63	17.44	14.65	17.41	2766013
JACK	2026-07-02	17.23	17.9112	15.91	17.2	2144711
JACK	2026-07-06	17.15	17.5	15.2601	15.82	1530215
JACK	2026-07-07	15.54	16.69	15.51	15.68	958895
JACK	2026-07-08	15.22	15.335	13.78	14.42	1457130
JACK	2026-07-09	14.4	15.605	14.39	15.17	891845
JACK	2026-07-10	15.27	15.65	14.48	14.89	937260
JACK	2026-07-13	14.86	15.55	14.86	15.12	594412
JACK	2026-07-14	15.05	15.4195	14.7637	15.2	549478
JACK	2026-07-15	15.33	15.7073	14.97	15.27	546948
JACK	2026-07-16	15.48	16.25	15.32	16.24	546487
JACK	2026-07-17	16.24	16.46	14.82	14.98	807116
JACK	2026-07-20	15.13	15.45	14.41	14.7	794144
JACK	2026-07-21	14.7	15.115	14.1	14.81	532263
JACK	2026-07-22	14.83	15.22	14.09	14.24	585157
JACK	2026-07-23	13.88	13.93	13.13	13.77	686029
JACK	2026-07-24	13.77	14.86	13.77	14.55	700214
JACK	2026-07-27	15.33	16.4	15.301	15.67	973998
JACK	2026-07-28	15.775	16.4662	15.775	16.16	717190
JACK	2026-07-29	16.17	16.9899	16.03	16.47	958016
JACK	2026-07-30	16.74	16.75	15.88	16.34	729727
JACK	2026-07-31	16.38	16.48	16.08	16.37	603860
JACK	2026-08-03	16.415	18.06	16.415	17	1245243
JACK	2026-08-04	16.91	17.6	16.6	17.27	770873
JACK	2026-08-05	17.5	18.5	17.37	18.42	878359
JACK	2026-08-06	17.93	18.38	17.1501	17.38	694374
JACK	2026-08-07	17.28	17.685	16.96	17.58	607829
JACK	2026-08-10	17.41	17.98	17.375	17.84	626516
JACK	2026-08-11	17.75	18.625	17.655	17.86	863673
JACK	2026-08-12	17.87	19.14	17.8	18.77	1541891
JACK	2026-08-13	21.98	23.048	18.65	18.76	2541160
JACK	2026-08-14	18.59	18.7199	16.83	17.03	1651997
JACK	2026-08-17	17.03	17.285	16.63	17.1	692618
JACK	2026-08-18	17.025	17.4	16.38	16.73	786244
JACK	2026-08-19	16.83	17.86	16.83	17.15	687119
JACK	2026-08-20	16.48	16.86	16.25	16.6	745822
JACK	2026-08-21	16.62	17.305	16.62	17.24	567644
JACK	2026-08-24	17.29	18.39	17.25	17.83	605466
JLHL	2026-05-01	11.95	12.17	11.274	11.45	27500
JLHL	2026-05-04	10.5	21.08	9.56	19.79	401870
JLHL	2026-05-05	17.68	23.455	17.68	21.05	84662
JLHL	2026-05-06	24.39	27.5	21.18	22.22	54679
JLHL	2026-05-07	23.69	24.98	16.5	19.06	41055
JLHL	2026-05-08	19.28	21.3	18	19	15965
JLHL	2026-05-11	18.48	19.01	17.25	17.3	19037
JLHL	2026-05-12	16.3	20.02	14.02	16.4	51354
JLHL	2026-05-13	17	20.9	16.41	17	50091
JLHL	2026-05-14	18.01	21	17.64	19.78	55128
JLHL	2026-05-15	21.29	30.8528	20.1	23.26	83281
JLHL	2026-05-18	25.18	32.85	21.75	23	63512
JLHL	2026-05-19	22	25.9999	22	24.6	14870
JLHL	2026-05-20	25.78	27.48	22.89	24.69	27882
JLHL	2026-05-21	24.69	25	17.5	22	34567
JLHL	2026-05-22	19.8	21.5	13	19.5	32555
JLHL	2026-05-26	20.25	20.4	14.71	19.19	33662
JLHL	2026-05-27	18.1	24.2	16.5	22.44	48820
JLHL	2026-05-28	20.32	26.7	19.3142	23	41691
JLHL	2026-05-29	23	23	18.9	19.59	16486
JLHL	2026-06-01	19.2	20.2	16.8096	18.9	15556
JLHL	2026-06-02	17.94	26.9	15.2	22.38	51530
JLHL	2026-06-03	22.23	42.45	21.8706	34.44	136768
JLHL	2026-06-04	33.08	36.3	26.6	36.25	33733
JLHL	2026-06-05	35	51.17	35	44.8	50992
JLHL	2026-06-08	55.55	57.95	42.62	43.11	44701
JLHL	2026-06-09	44.46	51.69	18.43	28.6	97902
JLHL	2026-06-10	25.49	31.5	23	25.12	13632
JLHL	2026-06-11	26.12	28.73	25	25.1	12176
JLHL	2026-06-12	25	25.75	21.54	24	14020
JLHL	2026-06-15	23.9	23.9	20.39	21.21	14203
JLHL	2026-06-16	20.89	23.95	18.71	23.95	41095
JLHL	2026-06-17	26.82	38.74	26.82	33.4	32059
JLHL	2026-06-18	31.99	39.69	31.47	39.69	46985
JLHL	2026-06-22	41	41.8659	21.395	26.45	71873
JLHL	2026-06-23	26.64	29.5	16.51	19.5	73967
JLHL	2026-06-24	20.97	22.1999	9.83	13.25	125548
JLHL	2026-06-25	15.11	16.355	13.7339	14.12	66668
JLHL	2026-06-26	14.1	14.555	12.65	14.115	81092
JLHL	2026-06-29	14.01	18.2	13.76	16.11	209370
JLHL	2026-06-30	15.4	16.99	15	16.22	23441
JLHL	2026-07-01	15.99	16	10.51	11.09	122478
JLHL	2026-07-02	10.57	10.88	7.03	7.33	136253
JLHL	2026-07-06	9.16	9.4399	3.3	3.69	3419011
JLHL	2026-07-07	3.85	5.52	3.79	4.32	3749959
JLHL	2026-07-08	4.15	4.17	3.06	3.06	735778
JLHL	2026-07-09	3.73	14.8999	3.72	12.79	75569685
JLHL	2026-07-10	14.06	17.83	7.32	11.73	17120882
JLHL	2026-07-13	9.4	12.54	7.5	8.29	2757759
JLHL	2026-07-14	7.83	10.43	7.52	7.9	1929369
JLHL	2026-07-15	8.55	12.4	8.06	10.75	10522898
JLHL	2026-07-16	9.5	9.7775	8.13	8.44	756784
JLHL	2026-07-17	9.7	10.69	8.7001	9.35	3141940
JLHL	2026-07-20	9.08	9.3199	8.3618	8.61	519553
JLHL	2026-07-21	8.67	8.67	7.22	7.76	466234
JLHL	2026-07-22	7.62	7.62	6.623184	6.98	332103
JLHL	2026-07-23	6.85	7	6	6.21	208361
JLHL	2026-07-24	6.25	6.45	5.67	6.08	201443
JLHL	2026-07-27	6.16	7.41	5.93	6.24	329142
JLHL	2026-07-28	6.09	6.1767	5.7	5.92	107038
JLHL	2026-07-29	5.82	5.93	5.5	5.75	94504
JLHL	2026-07-30	5.83	7.39	5.5903	7	275142
JLHL	2026-07-31	7	7.2104	6.23	6.23	119760
JLHL	2026-08-03	6.12	6.5532	6.12	6.21	84016
JLHL	2026-08-04	6.26	6.35	5.17	5.42	120755
JLHL	2026-08-05	7.01	16.14	7	9.35	33042373
JLHL	2026-08-06	8.34	8.9299	7.8	8.6	728285
JLHL	2026-08-07	8.03	10.43	8	8.85	884519
JLHL	2026-08-10	8.63	8.78	8.33	8.33	131130
JLHL	2026-08-11	8.26	8.9	8.2	8.22	146581
JLHL	2026-08-12	8.03	8.29	7.625	7.7	165941
JLHL	2026-08-13	7.77	7.9608	7.53	7.61	143227
JLHL	2026-08-14	7.6	7.92	7.06	7.19	173551
JLHL	2026-08-17	8.86	9	7.24	7.5	815469
JLHL	2026-08-18	8	8.25	7.4023	7.64	248668
JLHL	2026-08-19	7.44	7.52	7.055	7.08	129743
JLHL	2026-08-20	6.97	7.2403	6.7401	6.99	145553
JLHL	2026-08-21	6.89	6.91	6.57	6.6	83315
JLHL	2026-08-24	7.02	7.0302	6.25	6.31	268422
KGEI	2026-05-01	5.72	5.865	5.62	5.83	219625
KGEI	2026-05-04	5.8	5.91	5.69	5.74	178611
KGEI	2026-05-05	5.79	5.84	5.65	5.7	131991
KGEI	2026-05-06	5.58	5.58	5.23	5.26	305436
KGEI	2026-05-07	5.18	5.31	5.042	5.25	200396
KGEI	2026-05-08	5.25	5.27	5.12	5.12	93891
KGEI	2026-05-11	5.2	5.41	5.2	5.37	114777
KGEI	2026-05-12	5.41	5.45	5.265	5.4	163669
KGEI	2026-05-13	5.4	5.48	5.21	5.25	141533
KGEI	2026-05-14	5.25	5.47	5.1321	5.45	96507
KGEI	2026-05-15	5.52	6.13	5.45	6.11	440331
KGEI	2026-05-18	6.06	6.51	5.97	6.5	358426
KGEI	2026-05-19	6.31	6.61	6.24	6.39	280154
KGEI	2026-05-20	6.22	6.42	6.17	6.24	309944
KGEI	2026-05-21	6.29	6.35	5.94	5.94	183637
KGEI	2026-05-22	5.93	5.93	5.79	5.87	175007
KGEI	2026-05-26	5.8	5.8	5.3	5.39	432500
KGEI	2026-05-27	5.3	5.315	4.985	5.04	383762
KGEI	2026-05-28	5.08	5.24	5.07	5.22	289800
KGEI	2026-05-29	5.19	5.19	5.03	5.12	181706
KGEI	2026-06-01	5.14	5.5	5.14	5.39	255529
KGEI	2026-06-02	5.34	5.49	5.33	5.47	115641
KGEI	2026-06-03	5.5	5.64	5.44	5.62	233853
KGEI	2026-06-04	5.54	5.73	5.486	5.66	132954
KGEI	2026-06-05	5.67	5.6765	5.33	5.36	122780
KGEI	2026-06-08	5.41	5.57	5.36	5.47	112247
KGEI	2026-06-09	5.44	5.465	5.16	5.26	138565
KGEI	2026-06-10	5.29	5.62	5.27	5.54	207801
KGEI	2026-06-11	5.8	5.865	5.325	5.35	267934
KGEI	2026-06-12	5.36	5.52	5.19	5.36	201102
KGEI	2026-06-15	5.14	5.18	4.86	4.97	383486
KGEI	2026-06-16	4.93	4.97	4.8166	4.97	248291
KGEI	2026-06-17	4.98	5.16	4.93	5.08	227785
KGEI	2026-06-18	5.06	5.07	4.75	4.9	238517
KGEI	2026-06-22	4.9	5.03	4.68	4.78	392429
KGEI	2026-06-23	4.84	4.99	4.81	4.96	181696
KGEI	2026-06-24	4.88	4.935	4.52	4.57	194617
KGEI	2026-06-25	4.57	4.63	4.47	4.56	214202
KGEI	2026-06-26	4.51	4.66	4.5	4.58	571052
KGEI	2026-06-29	4.56	4.93	4.55	4.81	261536
KGEI	2026-06-30	4.88	5.061579	4.775	4.98	297186
KGEI	2026-07-01	4.99	5.0771	4.625	4.64	208390
KGEI	2026-07-02	4.65	4.826	4.61	4.64	272564
KGEI	2026-07-06	4.675	4.76	4.63	4.69	129955
KGEI	2026-07-07	4.72	4.925	4.72	4.87	143121
KGEI	2026-07-08	4.97	5.24	4.97	5.15	159850
KGEI	2026-07-09	5.14	5.31	5.1	5.15	173036
KGEI	2026-07-10	5.12	5.125	4.83	4.88	131224
KGEI	2026-07-13	4.98	5.16	4.86	5.11	108903
KGEI	2026-07-14	5.18	5.32	5.18	5.31	85727
KGEI	2026-07-15	5.27	5.29	5.03	5.11	96455
KGEI	2026-07-16	5.1	5.25	5.07	5.07	73496
KGEI	2026-07-17	5.13	5.26	5.04	5.23	110029
KGEI	2026-07-20	5.22	5.3046	5.08	5.22	76924
KGEI	2026-07-21	5.23	5.27	5.1	5.24	127468
KGEI	2026-07-22	5.28	5.4999	5.21	5.29	134434
KGEI	2026-07-23	5.44	5.46	5.3444	5.4	211467
KGEI	2026-07-24	5.4	5.44	5.3	5.31	140102
KGEI	2026-07-27	5.14	5.2	5	5.04	153076
KGEI	2026-07-28	5.02	5.07	4.85	4.86	130177
KGEI	2026-07-29	5.05	5.185	4.96	5.15	109478
KGEI	2026-07-30	5.09	5.11	4.97	5.065	82750
KGEI	2026-07-31	5.05	5.2	5.04	5.19	102104
KGEI	2026-08-03	5.11	5.39	5.0651	5.34	192768
KGEI	2026-08-04	5.23	5.23	5.02	5.14	123387
KGEI	2026-08-05	5.16	5.265	4.84	4.84	162885
KGEI	2026-08-06	4.97	5.17	4.9153	5.1	83906
KGEI	2026-08-07	5.1	5.165	5.03	5.09	122884
KGEI	2026-08-10	5.12	5.3099	5.12	5.21	136273
KGEI	2026-08-11	5.19	5.395	5.14	5.33	95566
KGEI	2026-08-12	5.33	5.45	5.2445	5.42	91574
KGEI	2026-08-13	5.51	5.97	5.51	5.6	372854
KGEI	2026-08-14	5.7	5.79	5.53	5.77	132193
KGEI	2026-08-17	5.83	6.19	5.78	6.04	318464
KGEI	2026-08-18	6.12	6.12	5.92	6.09	129213
KGEI	2026-08-19	6.09	6.1373	6.04	6.04	109703
KGEI	2026-08-20	6.16	6.17	6.05	6.09	123362
KGEI	2026-08-21	6.08	6.12	5.949	6.09	112141
KGEI	2026-08-24	6.04	6.09	5.89	5.98	105249
KMT	2026-05-01	38.55	38.605	37.71	38.47	1210860
KMT	2026-05-04	38.18	38.22	36.67	36.76	1134993
KMT	2026-05-05	37.18	38.235	37.18	37.51	1168611
KMT	2026-05-06	39	43.81	37.7101	43.27	3413185
KMT	2026-05-07	42.94	43.1199	41.59	41.71	2439900
KMT	2026-05-08	42	42	36.07	36.1	3157373
KMT	2026-05-11	36.36	37.65	35.425	37.07	1876848
KMT	2026-05-12	36.85	37.3	35.8	35.82	1336082
KMT	2026-05-13	36.15	36.33	35.02	35.08	2061765
KMT	2026-05-14	35.85	36.23	34.74	35.18	1213515
KMT	2026-05-15	34.6	35.03	34.18	34.65	1391242
KMT	2026-05-18	34.86	35.33	34.14	34.92	1580649
KMT	2026-05-19	34.75	35.1	33.915	34.58	1086648
KMT	2026-05-20	34.97	35.83	34.7	35.76	1245561
KMT	2026-05-21	35.49	35.935	35	35.22	1307671
KMT	2026-05-22	35.49	36.145	35	36.08	763144
KMT	2026-05-26	36.85	37	36.21	36.94	1582048
KMT	2026-05-27	36.2	36.34	34.4	34.76	2336972
KMT	2026-05-28	34.32	34.51	33.22	33.66	1301380
KMT	2026-05-29	33.16	33.53	32.74	32.8	1532379
KMT	2026-06-01	32.575	32.6399	31.715	31.74	1786230
KMT	2026-06-02	32	33.8	31.93	33.56	2034351
KMT	2026-06-03	33.2	33.62	32.6	32.67	1375590
KMT	2026-06-04	32.89	33.21	32.59	32.9	1205694
KMT	2026-06-05	32.55	33.045	32.32	32.63	890347
KMT	2026-06-08	32.89	33.72	32.5311	33.25	1155145
KMT	2026-06-09	33.83	34.61	33.445	34.01	1457648
KMT	2026-06-10	33.86	34.385	33.095	33.3	1102820
KMT	2026-06-11	33.8	34.875	33.625	34.6	1089240
KMT	2026-06-12	35	35.4	34.605	34.98	794877
KMT	2026-06-15	35.74	36.09	35.295	35.55	960099
KMT	2026-06-16	35.86	36.83	35.86	36.5	1010970
KMT	2026-06-17	36.64	37.55	35.96	36.36	893630
KMT	2026-06-18	36.98	37.38	35.985	36.32	1695285
KMT	2026-06-22	36.14	36.6999	34.75	35.44	1760688
KMT	2026-06-23	34.61	35.615	34.61	35.1	664890
KMT	2026-06-24	35.13	35.47	34.2667	34.45	1004685
KMT	2026-06-25	34.86	36.58	34.51	36.53	1308106
KMT	2026-06-26	36.04	36.1	35.265	35.78	2637482
KMT	2026-06-29	35.44	35.87	34.39	34.82	1135252
KMT	2026-06-30	34.6	35.36	34.6	35.05	834889
KMT	2026-07-01	35.01	35.01	33.53	33.62	1039099
KMT	2026-07-02	33.98	34.575	32.975	33.49	769909
KMT	2026-07-06	33.5	34.25	33.5	34.22	695311
KMT	2026-07-07	33.87	34.135	32.78	33.35	682618
KMT	2026-07-08	32.88	33.23	32.65	33.11	1039226
KMT	2026-07-09	33.62	34.01	32.93	33.14	901862
KMT	2026-07-10	32.92	33.74	32.76	33.6	971886
KMT	2026-07-13	33.11	34.19	33.03	33.68	886546
KMT	2026-07-14	34.39	34.77	33.91	34.32	625865
KMT	2026-07-15	34.44	34.87	34.06	34.76	642863
KMT	2026-07-16	34.53	35.905	34.53	35.53	696195
KMT	2026-07-17	33.1	34.21	32.121	33.74	1301867
KMT	2026-07-20	34.14	34.4699	33.5	33.73	1117955
KMT	2026-07-21	34.4	34.55	33.37	34.39	768547
KMT	2026-07-22	34.53	35.24	34.455	34.73	505267
KMT	2026-07-23	34.6	35.35	34.44	34.86	792004
KMT	2026-07-24	35.49	35.65	35.02	35.23	983395
KMT	2026-07-27	35.76	36.12	34.87	35.32	697900
KMT	2026-07-28	35.32	36.3	35.01	35.61	767732
KMT	2026-07-29	35.21	35.34	32.99	33.55	1408702
KMT	2026-07-30	34.44	34.57	33.2	33.32	1032981
KMT	2026-07-31	33.88	34.21	33.12	33.97	851102
KMT	2026-08-03	34.07	35.34	34.06	34.9	1819417
KMT	2026-08-04	35.36	36.41	34.61	36.06	2064852
KMT	2026-08-05	40.5	41.12	33.875	34.16	3351232
KMT	2026-08-06	33.5	34.53	33.15	33.85	2064294
KMT	2026-08-07	34.36	34.51	32.921	33.13	1326625
KMT	2026-08-10	32.45	32.46	31.49	31.59	1923455
KMT	2026-08-11	31.45	31.95	30.11	30.24	1947396
KMT	2026-08-12	30.54	31.04	30.14	30.78	1657561
KMT	2026-08-13	31.03	31.05	30.35	30.38	1694633
KMT	2026-08-14	30.32	31.44	30.26	31.22	1681905
KMT	2026-08-17	31.1	31.84	30.52	31.81	2547185
KMT	2026-08-18	31.5	31.5	30.565	30.74	1621965
KMT	2026-08-19	31.2	31.2	30.49	30.58	1683641
KMT	2026-08-20	30.3	30.51	29.66	29.78	1532112
KMT	2026-08-21	30.17	30.45	29.9	29.96	1698505
KMT	2026-08-24	30.08	30.08	29.01	29.3	1811835
KNSA	2026-05-01	53.78	55.28	52.765	55.27	1017190
KNSA	2026-05-04	54.97	57.72	54.45	57.62	745995
KNSA	2026-05-05	57.415	58.2	56.09	56.74	618717
KNSA	2026-05-06	56.52	58.26	55.82	58.23	850092
KNSA	2026-05-07	57.62	57.62	55.76	56.93	539074
KNSA	2026-05-08	57.06	58.85	56.83	58.6	389535
KNSA	2026-05-11	58.98	59.745	57.36	58.37	391650
KNSA	2026-05-12	58.69	59.87	58.14	59.48	509033
KNSA	2026-05-13	59.39	59.8699	58.52	59.12	374521
KNSA	2026-05-14	59.38	59.72	57.99	58.54	403078
KNSA	2026-05-15	58	58.56	56.22	56.51	471424
KNSA	2026-05-18	56.95	57.005	53.31	53.64	535507
KNSA	2026-05-19	53.5	54.28	52.925	53.34	452607
KNSA	2026-05-20	53.59	54.51	52.31	54.28	443456
KNSA	2026-05-21	53.59	55.33	53.16	53.65	767587
KNSA	2026-05-22	53.48	55.08	53.02	53.24	377745
KNSA	2026-05-26	53.24	53.63	52.26	52.86	550588
KNSA	2026-05-27	52.71	53.37	51.5	51.84	611084
KNSA	2026-05-28	52	52.01	50.7201	50.84	482840
KNSA	2026-05-29	50.72	50.8	48.06	48.38	722067
KNSA	2026-06-01	47.84	48.94	46.6301	48.43	748321
KNSA	2026-06-02	47.79	47.89	46.1004	46.92	643675
KNSA	2026-06-03	47.41	48.435	47.24	47.85	495709
KNSA	2026-06-04	47.98	50.48	47.425	49.23	470215
KNSA	2026-06-05	48.98	49.9899	48.21	48.42	341530
KNSA	2026-06-08	48.8	49.4	47.95	49.04	443892
KNSA	2026-06-09	49.68	50.715	48.485	48.7	514794
KNSA	2026-06-10	48.64	50.085	48.51	49.27	462712
KNSA	2026-06-11	49.2	51.64	48.705	51.58	622353
KNSA	2026-06-12	51.66	52.48	51.36	51.89	360955
KNSA	2026-06-15	51.75	53.275	51.7	52.34	627222
KNSA	2026-06-16	52.2	52.44	51.0752	52.3	372071
KNSA	2026-06-17	52.68	54.24	52.68	54.21	644712
KNSA	2026-06-18	55	55.99	54.33	55.11	776737
KNSA	2026-06-22	55.69	57.81	55.69	57.13	608364
KNSA	2026-06-23	57	59.935	56.5	59.49	771351
KNSA	2026-06-24	59.41	61.1232	58.54	59.13	1048902
KNSA	2026-06-25	58.84	59.73	56.86	56.89	675084
KNSA	2026-06-26	57.42	59.77	56.56	59.2	6756045
KNSA	2026-06-29	60.35	63.77	59.12	62.41	1508267
KNSA	2026-06-30	62.41	64.81	61.6	63.95	1303974
KNSA	2026-07-01	63.64	64.0925	62.56	62.885	668599
KNSA	2026-07-02	62.86	64.57	62.036	64.53	606551
KNSA	2026-07-06	64.43	65.1636	62.725	62.77	629877
KNSA	2026-07-07	63.3	67.53	63.03	67.29	946846
KNSA	2026-07-08	67.22	67.5	63.2614	64.76	1052745
KNSA	2026-07-09	64.51	65.62	64.51	65.38	369414
KNSA	2026-07-10	65.16	65.71	62.602	63.44	443118
KNSA	2026-07-13	63.43	63.64	60.89	60.94	586017
KNSA	2026-07-14	60.94	62.76	60.13	61.98	544169
KNSA	2026-07-15	61.29	62.2	60.54	61.69	364058
KNSA	2026-07-16	61.495	61.71	60.26	61.11	473874
KNSA	2026-07-17	60.09	64.63	60.065	63.95	712324
KNSA	2026-07-20	63.6	65	62.13	62.58	520535
KNSA	2026-07-21	62.48	63.87	62.48	63.55	489211
KNSA	2026-07-22	63.23	63.82	61.6	62.44	328316
KNSA	2026-07-23	62.36	63.29	61.81	63.05	321636
KNSA	2026-07-24	63.35	63.39	62.31	62.84	619928
KNSA	2026-07-27	62.96	64.85	62.79	63.535	834306
KNSA	2026-07-28	70.06	81.967	67.35	79.44	2873599
KNSA	2026-07-29	81.43	82.94	77.57	80.92	1378841
KNSA	2026-07-30	79.4	80.51	77.74	78.2	946307
KNSA	2026-07-31	77.66	78.0365	73.65	74.34	1029668
KNSA	2026-08-03	73.89	75.4418	71.415	73.41	785274
KNSA	2026-08-04	75.14	76.91	73.04	75.99	661751
KNSA	2026-08-05	76.91	78.24	76.12	78.08	531093
KNSA	2026-08-06	77.88	78.7999	75.74	76.51	353086
KNSA	2026-08-07	77.66	77.82	75.52	76.06	219774
KNSA	2026-08-10	76.05	77.78	75	76.53	252109
KNSA	2026-08-11	76.67	78.25	75.725	77.8	350513
KNSA	2026-08-12	77.37	79.789	76.92	78.15	526452
KNSA	2026-08-13	78.65	79.69	77.195	77.83	451320
KNSA	2026-08-14	77.32	77.51	75.3	76.75	403394
KNSA	2026-08-17	76.89	79.215	76.75	79.18	320586
KNSA	2026-08-18	78.85	79.86	78.77	79.49	367321
KNSA	2026-08-19	80.5	81.5662	79.27	80.8	820208
KNSA	2026-08-20	79.43	80.12	77.6388	78.47	491118
KNSA	2026-08-21	78.28	79.93	78.01	79.03	270010
KNSA	2026-08-24	79.5	79.98	77.71	79.38	418629
KRNT	2026-05-01	15.92	16.0099	15.77	15.94	117236
KRNT	2026-05-04	15.84	16.12	15.695	16.11	152160
KRNT	2026-05-05	16.18	16.35	16.08	16.22	100475
KRNT	2026-05-06	16.33	16.625	15.86	16.46	106889
KRNT	2026-05-07	16.54	16.7	16.23	16.29	193346
KRNT	2026-05-08	16.45	16.45	16.02	16.21	107500
KRNT	2026-05-11	16.22	16.65	16.11	16.25	152350
KRNT	2026-05-12	16.23	16.7	15.81	16.08	438322
KRNT	2026-05-13	18.17	19.78	16.363	16.48	1597720
KRNT	2026-05-14	16.46	16.46	14.67	15.83	1280633
KRNT	2026-05-15	15.54	15.54	14.96	15.05	456865
KRNT	2026-05-18	15.03	15.475	14.38	14.59	429440
KRNT	2026-05-19	14.5	14.58	14.02	14.09	349138
KRNT	2026-05-20	14.2	15.96	14.06	14.37	379155
KRNT	2026-05-21	14.28	14.64	14.15	14.38	291286
KRNT	2026-05-22	14.47	14.75	14.32	14.59	402877
KRNT	2026-05-26	14.76	15.49	14.74	15.48	264980
KRNT	2026-05-27	15.65	16.72	15.58	16.63	296948
KRNT	2026-05-28	16.53	16.69	15.76	15.84	212360
KRNT	2026-05-29	16.13	16.35	15.65	16.13	224557
KRNT	2026-06-01	16	16.66	15.79	16.42	252997
KRNT	2026-06-02	16.37	16.725	16.03	16.7	230825
KRNT	2026-06-03	16.7	16.7	15.745	15.93	188672
KRNT	2026-06-04	15.93	16.165	15.85	15.96	134777
KRNT	2026-06-05	15.82	16.01	15.11	15.23	220792
KRNT	2026-06-08	15.46	15.895	15.23	15.65	111895
KRNT	2026-06-09	15.72	16.06	15.34	15.65	179335
KRNT	2026-06-10	15.55	15.845	15.23	15.32	109317
KRNT	2026-06-11	15.42	16.03	15.2	15.83	146453
KRNT	2026-06-12	15.88	16.11	15.73	15.77	127026
KRNT	2026-06-15	15.82	16.33	15.82	16.02	196537
KRNT	2026-06-16	16.07	16.432	15.71	15.97	97221
KRNT	2026-06-17	16	17	15.98	16.66	314867
KRNT	2026-06-18	16.9	16.995	16.55	16.76	325351
KRNT	2026-06-22	16.7	17.13	16.61	16.91	242788
KRNT	2026-06-23	16.48	16.775	16.06	16.14	401533
KRNT	2026-06-24	16.22	16.39	15.805	15.95	185531
KRNT	2026-06-25	15.95	16.34	15.66	15.8	146451
KRNT	2026-06-26	15.8	16.08	15.5	16.06	187727
KRNT	2026-06-29	16.12	16.4	15.8001	16.11	168455
KRNT	2026-06-30	16.22	16.285	15.93	16.25	161714
KRNT	2026-07-01	16.25	16.43	16.08	16.22	133188
KRNT	2026-07-02	16.32	16.52	15.51	15.61	130333
KRNT	2026-07-06	15.6	16.02	15.21	15.5	141922
KRNT	2026-07-07	15.5	15.525	15.01	15.49	127327
KRNT	2026-07-08	15.29	15.405	14.86	15.37	107696
KRNT	2026-07-09	15.48	15.94	15.44	15.93	131706
KRNT	2026-07-10	15.85	16.17	15.74	15.82	115208
KRNT	2026-07-13	15.72	16.04	15.54	15.65	105482
KRNT	2026-07-14	15.71	15.85	15.34	15.69	84883
KRNT	2026-07-15	15.75	15.91	15.48	15.82	104119
KRNT	2026-07-16	15.66	15.84	15.2	15.25	121099
KRNT	2026-07-17	15.11	15.35	14.88	15.025	179488
KRNT	2026-07-20	15.11	15.16	14.88	15.06	162640
KRNT	2026-07-21	15.15	15.4	15.0002	15.29	342633
KRNT	2026-07-22	15.28	15.63	15.1	15.25	514226
KRNT	2026-07-23	15.12	15.45	14.61	14.87	367942
KRNT	2026-07-24	15.02	15.5	14.82	15.23	686963
KRNT	2026-07-27	15.41	15.56	15.08	15.39	187392
KRNT	2026-07-28	15.32	15.44	15.06	15.28	204137
KRNT	2026-07-29	15.19	15.25	14.36	14.62	347294
KRNT	2026-07-30	14.87	15.04	14.69	15	209589
KRNT	2026-07-31	15.03	15.26	14.9	15.22	456426
KRNT	2026-08-03	15.35	15.93	15.35	15.85	236956
KRNT	2026-08-04	16	17.2	15.98	16.98	314390
KRNT	2026-08-05	17	17.2	16.7016	16.85	159763
KRNT	2026-08-06	16.73	17.0201	16.6	16.65	159514
KRNT	2026-08-07	16.8	17.21	16.8	17.08	115183
KRNT	2026-08-10	17.04	17.115	16.67	16.79	131959
KRNT	2026-08-11	16.78	17.64	16.59	17.58	444537
KRNT	2026-08-12	19	19.35	17.0984	17.64	548308
KRNT	2026-08-13	17.51	18.66	17.51	17.85	800869
KRNT	2026-08-14	17.72	18.25	17.72	18.04	302915
KRNT	2026-08-17	18.04	18.2	17.54	17.7	248817
KRNT	2026-08-18	17.62	17.71	17.08	17.12	182525
KRNT	2026-08-19	17.23	17.38	16.695	16.79	272732
KRNT	2026-08-20	16.63	16.883	16.08	16.44	256229
KRNT	2026-08-21	16.63	16.92	16.45	16.77	310624
KRNT	2026-08-24	16.67	16.74	16.445	16.475	259868
KRT	2026-05-01	28.69	29.14	28.515	28.97	36288
KRT	2026-05-04	28.76	29.12	28.57	28.93	58057
KRT	2026-05-05	28.5	29.53	28.355	29.37	85137
KRT	2026-05-06	29.73	30.16	29.6	29.68	50111
KRT	2026-05-07	29.76	30.79	29.1641	30.41	121901
KRT	2026-05-08	30.93	30.93	27.5001	28.07	151408
KRT	2026-05-11	28.09	28.25	26.765	27.01	126963
KRT	2026-05-12	27.12	27.755	26.915	27.2	72309
KRT	2026-05-13	27.02	27.35	26.79	27.23	97923
KRT	2026-05-14	27.23	27.6	26.2	26.24	94726
KRT	2026-05-15	26.08	27.055	26.05	26.77	122966
KRT	2026-05-18	26.83	28.24	26.83	27.46	315519
KRT	2026-05-19	27.36	27.39	26.86	27.02	175996
KRT	2026-05-20	26.99	27.765	26.98	27.66	162658
KRT	2026-05-21	27.06	27.33	25.91	26.72	169552
KRT	2026-05-22	26.66	26.66	26.31	26.55	71000
KRT	2026-05-26	26.69	26.985	26.36	26.46	46385
KRT	2026-05-27	26.61	27.4	26.61	27.32	64665
KRT	2026-05-28	27.11	27.51	27.055	27.35	74413
KRT	2026-05-29	27.16	27.48	26.825	27.12	63233
KRT	2026-06-01	26.93	27.56	26.535	27.49	94664
KRT	2026-06-02	27.83	27.9	26.95	27.42	52700
KRT	2026-06-03	27.36	27.715	26.595	26.62	86370
KRT	2026-06-04	28.49	29.055	27.8	28.12	94775
KRT	2026-06-05	28.12	28.79	27.785	28.45	80946
KRT	2026-06-08	28.6	29.11	27.9	29.03	73481
KRT	2026-06-09	29.08	29.81	29.03	29.22	58247
KRT	2026-06-10	29.22	29.5	29.02	29.22	75541
KRT	2026-06-11	29.37	30.24	29.23	29.83	97840
KRT	2026-06-12	29.97	30.35	29.67	30.06	91277
KRT	2026-06-15	30.41	30.66	29.74	29.93	74013
KRT	2026-06-16	30	30.35	29.771	29.84	103480
KRT	2026-06-17	29.84	30.25	29.07	29.25	128360
KRT	2026-06-18	29.84	30.3	29.66	30.25	277753
KRT	2026-06-22	30.2	30.255	29.635	29.7	84704
KRT	2026-06-23	29.87	30	29.55	29.8	92260
KRT	2026-06-24	29.95	30.81	29.91	30.66	248586
KRT	2026-06-25	30.8	31.1799	30.435	31.08	174243
KRT	2026-06-26	31.17	31.85	30.9001	31.72	298278
KRT	2026-06-29	31.5	33	31.205	32.79	236741
KRT	2026-06-30	32.73	33.77	32.6301	33.46	155403
KRT	2026-07-01	33.25	34.23	32.91	33.83	152014
KRT	2026-07-02	34.3	34.5	33.14	34.25	161151
KRT	2026-07-06	34.3	34.895	34	34.79	132237
KRT	2026-07-07	34.86	34.99	33.81	34.09	112336
KRT	2026-07-08	34.09	34.1	33.33	33.38	115350
KRT	2026-07-09	33.46	34.7899	33.27	34.04	80996
KRT	2026-07-10	33.95	34.9899	32.8801	34.18	53277
KRT	2026-07-13	34.17	34.96	34.1	34.73	83927
KRT	2026-07-14	34.99	35.74	34.625	35.45	150732
KRT	2026-07-15	35.51	36.35	35.51	35.99	156713
KRT	2026-07-16	36.11	37.76	36.02	37.62	149755
KRT	2026-07-17	37.26	38.44	37.075	38.09	189589
KRT	2026-07-20	38.37	39.1	38.02	38.535	136917
KRT	2026-07-21	38.47	39.015	37.93	38.46	152235
KRT	2026-07-22	38.38	38.925	37.9416	38.7	53600
KRT	2026-07-23	38.5	39.078	38	38.73	100426
KRT	2026-07-24	38.79	39.56	38.11	39.52	94273
KRT	2026-07-27	39.75	41.38	39.74	40.95	128645
KRT	2026-07-28	41.28	42.09	41.01	41.68	180608
KRT	2026-07-29	41.41	41.61	40.11	40.59	102608
KRT	2026-07-30	41	41.22	39.92	40.23	109666
KRT	2026-07-31	40.17	40.615	38.84	40.24	141934
KRT	2026-08-03	40.65	41.54	40.1101	40.78	113275
KRT	2026-08-04	41	41.94	40.98	41.09	75594
KRT	2026-08-05	41.49	43	41.25	42.34	102726
KRT	2026-08-06	42.5	42.73	42.11	42.37	113733
KRT	2026-08-07	44.81	50	44.81	47.09	380662
KRT	2026-08-10	47.09	49.205	46.625	48.11	272743
KRT	2026-08-11	47.88	50.56	47.805	50.06	222296
KRT	2026-08-12	50.26	50.8099	48.11	48.26	159089
KRT	2026-08-13	48.55	48.565	47.5501	47.83	173258
KRT	2026-08-14	47.79	48.085	45.79	47.91	285247
KRT	2026-08-17	48.13	48.4796	47.48	47.8	106899
KRT	2026-08-18	48	48.19	47.12	47.88	90063
KRT	2026-08-19	47.97	48.38	47.12	48.17	101944
KRT	2026-08-20	47.5	47.6828	46.12	47.57	214842
KRT	2026-08-21	47.34	48.09	46.39	48.05	200914
KRT	2026-08-24	48.05	49.3287	47.21	48.52	109218
LFST	2026-05-01	7.6	7.635	7.46	7.53	3562130
LFST	2026-05-04	7.48	7.55	7.23	7.27	3373037
LFST	2026-05-05	7.27	7.455	7.175	7.34	3308501
LFST	2026-05-06	7.35	7.51	7.31	7.36	3739121
LFST	2026-05-07	8	8.89	7.8	8.85	13753222
LFST	2026-05-08	8.01	8.04	7.665	7.7	24975405
LFST	2026-05-11	7.76	7.83	7.59	7.67	12910962
LFST	2026-05-12	7.66	7.945	7.615	7.93	8688081
LFST	2026-05-13	7.91	8.1	7.86	8.1	5881342
LFST	2026-05-14	8.15	8.16	7.79	7.89	5004406
LFST	2026-05-15	7.82	7.855	7.5706	7.65	4048748
LFST	2026-05-18	7.64	7.835	7.63	7.8	3528409
LFST	2026-05-19	7.87	7.9	7.695	7.73	3430417
LFST	2026-05-20	7.73	7.805	7.57	7.68	3301666
LFST	2026-05-21	7.665	7.665	7.43	7.46	2054944
LFST	2026-05-22	7.46	7.46	7.24	7.39	3077159
LFST	2026-05-26	7.42	7.605	7.41	7.57	2822644
LFST	2026-05-27	7.57	7.635	7.47	7.61	2926166
LFST	2026-05-28	7.6	7.815	7.5878	7.81	2201131
LFST	2026-05-29	7.81	7.89	7.6901	7.71	2350626
LFST	2026-06-01	7.72	7.95	7.67	7.94	2221588
LFST	2026-06-02	7.91	7.98	7.755	7.76	1906489
LFST	2026-06-03	7.74	7.8	7.445	7.5	1961688
LFST	2026-06-04	7.58	7.86	7.57	7.64	1652072
LFST	2026-06-05	7.56	7.635	7.36	7.41	1860045
LFST	2026-06-08	7.41	7.485	7.29	7.34	2108736
LFST	2026-06-09	7.42	7.66	7.41	7.66	1764598
LFST	2026-06-10	7.65	7.89	7.65	7.86	2129843
LFST	2026-06-11	7.88	8.61	7.83	8.61	6071567
LFST	2026-06-12	8.6	8.62	8.414	8.5	2733519
LFST	2026-06-15	8.51	8.6086	8.36	8.59	2211036
LFST	2026-06-16	8.565	8.73	8.555	8.62	2241225
LFST	2026-06-17	8.59	8.815	8.53	8.61	2688845
LFST	2026-06-18	8.63	9.11	8.61	8.98	6875276
LFST	2026-06-22	8.98	9.29	8.965	9.205	4814521
LFST	2026-06-23	9.13	9.535	9.12	9.44	2931817
LFST	2026-06-24	9.56	9.855	9.5	9.65	3400216
LFST	2026-06-25	9.61	9.995	9.5684	9.88	3343576
LFST	2026-06-26	9.86	10.3	9.8	10.28	14362659
LFST	2026-06-29	10.28	10.63	10.14	10.34	4776434
LFST	2026-06-30	10.33	10.89	10.32	10.71	3824610
LFST	2026-07-01	10.71	11.48	10.71	11.43	4946220
LFST	2026-07-02	11.58	11.62	11.2	11.27	5079649
LFST	2026-07-06	11.27	11.51	10.965	10.99	4406643
LFST	2026-07-07	10.99	11.106	10.79	10.9	2921872
LFST	2026-07-08	10.75	10.805	10.4	10.49	4488197
LFST	2026-07-09	10.48	10.8576	10.46	10.8	2573141
LFST	2026-07-10	10.75	10.875	10.585	10.705	2885972
LFST	2026-07-13	10.76	10.9291	10.73	10.88	2387824
LFST	2026-07-14	10.79	10.83	10.6	10.79	2906363
LFST	2026-07-15	10.76	11.1	10.575	10.97	2950719
LFST	2026-07-16	11.28	11.475	11.09	11.29	6770419
LFST	2026-07-17	11.14	11.68	11.135	11.58	4267161
LFST	2026-07-20	11.56	11.76	11.33	11.34	2221946
LFST	2026-07-21	11.37	11.64	11.305	11.45	2793327
LFST	2026-07-22	11.41	11.485	10.9509	11.01	2164758
LFST	2026-07-23	10.88	11.02	10.7355	10.81	1800404
LFST	2026-07-24	11.16	11.288	10.87	10.9	1842056
LFST	2026-07-27	10.86	11.095	10.845	10.88	1910588
LFST	2026-07-28	10.98	11.25	10.685	11.24	2114448
LFST	2026-07-29	11.22	11.33	10.84	10.86	2829719
LFST	2026-07-30	10.86	10.86	10.585	10.74	1903066
LFST	2026-07-31	10.7	10.845	10.47	10.48	2520047
LFST	2026-08-03	10.63	10.795	10.47	10.54	3422828
LFST	2026-08-04	10.54	10.598	10.205	10.26	3559823
LFST	2026-08-05	10.36	10.565	10.08	10.37	4358960
LFST	2026-08-06	10.99	10.99	10.08	10.66	9143004
LFST	2026-08-07	10.9	10.975	10.52	10.84	3792526
LFST	2026-08-10	10.85	12.425	10.85	11.9	10559643
LFST	2026-08-11	11.79	11.93	11.36	11.5	5814795
LFST	2026-08-12	11.56	12.25	11.43	12.23	5602765
LFST	2026-08-13	12.11	12.4	12.02	12.22	5042404
LFST	2026-08-14	12.28	12.755	12.22	12.42	5006438
LFST	2026-08-17	12.41	12.665	12.23	12.55	3451342
LFST	2026-08-18	12.64	12.7499	12.33	12.36	3515551
LFST	2026-08-19	12.7	12.85	12.43	12.83	2637485
LFST	2026-08-20	12.7	12.965	12.605	12.65	2312607
LFST	2026-08-21	12.65	12.72	12.41	12.47	2615437
LFST	2026-08-24	12.37	12.655	12.11	12.16	2722655
LIND	2026-05-01	18.53	19.065	18.375	18.55	654766
LIND	2026-05-04	18.34	18.4099	17.58	17.84	762917
LIND	2026-05-05	16.62	20.925	16.62	20.47	1237915
LIND	2026-05-06	20.745	22.07	20.745	21.7	1202795
LIND	2026-05-07	21.86	22.34	20.8	21.15	1043949
LIND	2026-05-08	21.15	21.35	20.64	21.1	763623
LIND	2026-05-11	20.73	20.9282	19.1	19.48	1298230
LIND	2026-05-12	19.51	19.65	18.885	19.02	692018
LIND	2026-05-13	18.91	19.275	18.55	18.88	595729
LIND	2026-05-14	19.2	19.82	19.14	19.36	666376
LIND	2026-05-15	19.02	19.265	18.56	18.67	550363
LIND	2026-05-18	18.86	19.505	18.81	19.16	492924
LIND	2026-05-19	18.9	19.03	18.4	18.46	418005
LIND	2026-05-20	18.59	19.27	18.1	19.19	662207
LIND	2026-05-21	18.87	20.1	18.56	19.88	568521
LIND	2026-05-22	20.09	20.6	19.85	20.57	473422
LIND	2026-05-26	21.04	21.645	20.87	21.37	621003
LIND	2026-05-27	22.08	22.69	21.62	22.57	818242
LIND	2026-05-28	22.34	23.36	22.17	22.98	794903
LIND	2026-05-29	22.92	23.78	22.6	22.95	1845092
LIND	2026-06-01	22.6	23.73	22.44	22.96	1430357
LIND	2026-06-02	22.73	22.79	21.811	22.7	1086438
LIND	2026-06-03	22.43	22.995	21.68	21.74	669700
LIND	2026-06-04	22.04	22.595	21.93	22.19	930243
LIND	2026-06-05	22.1	22.315	21.31	21.66	396312
LIND	2026-06-08	21.91	22.11	21.38	21.39	408062
LIND	2026-06-09	21.72	23.175	21.55	22.27	548372
LIND	2026-06-10	22.19	22.9937	21.79	21.9	504526
LIND	2026-06-11	22.12	23.14	21.89	23.13	473045
LIND	2026-06-12	23.28	23.6599	23.1	23.45	403118
LIND	2026-06-15	24.21	24.8199	23.64	23.97	562429
LIND	2026-06-16	24.15	24.34	23.81	23.9	512400
LIND	2026-06-17	24.04	24.9	23.84	23.96	686915
LIND	2026-06-18	24.65	26.56	24.65	25.75	1388553
LIND	2026-06-22	25.46	25.905	25.07	25.55	602186
LIND	2026-06-23	24.8	26.025	24.54	25.77	1163714
LIND	2026-06-24	26.26	27.76	26.25	26.98	1559602
LIND	2026-06-25	28.04	28.92	27.73	28.6	1509368
LIND	2026-06-26	28.25	30	28.25	29.57	4872937
LIND	2026-06-29	29.34	29.6	28.25	28.35	1264921
LIND	2026-06-30	28.37	28.63	27.75	28.24	993162
LIND	2026-07-01	28.27	28.35	26.73	26.75	975493
LIND	2026-07-02	26.76	26.995	25.88	26.22	723410
LIND	2026-07-06	26.16	26.38	25.37	25.48	693214
LIND	2026-07-07	25.5	25.78	25.03	25.67	678752
LIND	2026-07-08	25.22	25.69	24.79	25.6	644667
LIND	2026-07-09	25.95	26.8	25.77	26.14	533939
LIND	2026-07-10	26.5	26.7979	26.17	26.52	866807
LIND	2026-07-13	26.4	26.55	26.03	26.49	501579
LIND	2026-07-14	26.58	27.13	26.12	26.18	703409
LIND	2026-07-15	26.26	26.7	25.84	26.2	796550
LIND	2026-07-16	25.94	27.53	25.94	27.505	844671
LIND	2026-07-17	27.11	27.97	26.08	27.67	1095735
LIND	2026-07-20	27.91	28.21	27.13	27.6	802059
LIND	2026-07-21	27.65	28.66	27.22	28.45	804237
LIND	2026-07-22	28.2	28.2	27.25	27.8	627169
LIND	2026-07-23	26.7	27.375	26.33	27.04	803868
LIND	2026-07-24	27.48	27.92	26.81	26.85	545241
LIND	2026-07-27	27.33	28.13	27.095	28.09	509975
LIND	2026-07-28	28.32	29.77	28.015	29.74	1006610
LIND	2026-07-29	29.29	30.435	29.19	29.75	1097844
LIND	2026-07-30	29.66	30.03	29.28	29.79	796518
LIND	2026-07-31	29.68	29.86	29.21	29.58	597114
LIND	2026-08-03	31	34.5	30.77	33.12	1979066
LIND	2026-08-04	33.63	34.73	32.78	34.09	1468042
LIND	2026-08-05	34.24	34.95	33.81	34.11	907042
LIND	2026-08-06	34.56	34.72	33.81	34.07	531326
LIND	2026-08-07	34.15	34.15	33.16	33.95	487823
LIND	2026-08-10	33.61	33.76	32.73	33.04	538887
LIND	2026-08-11	33.26	33.835	32.56	32.84	422320
LIND	2026-08-12	33.37	34.35	32.86	34.22	643318
LIND	2026-08-13	34.79	34.93	33.925	34.48	937225
LIND	2026-08-14	34.4	35	33.08	33.58	964159
LIND	2026-08-17	33.39	33.55	32.275	32.77	744411
LIND	2026-08-18	32.37	32.77	32.015	32.35	612150
LIND	2026-08-19	32.84	32.86	31.745	31.82	557561
LIND	2026-08-20	31.26	31.84	30.88	31.32	644700
LIND	2026-08-21	31.49	31.765	30.35	31.09	635096
LIND	2026-08-24	31.15	32.05	31.15	31.9	683896
LNSR	2026-05-01	5.27	5.8	5.18	5.61	78599
LNSR	2026-05-04	5.53	5.78	5.25	5.56	48488
LNSR	2026-05-05	5.54	5.68	5.42	5.48	27830
LNSR	2026-05-06	5.48	5.55	5.26	5.385	52079
LNSR	2026-05-07	5.38	5.44	5.18	5.23	55769
LNSR	2026-05-08	5.23	5.96	5.22	5.64	153766
LNSR	2026-05-11	5.51	6.06	5.51	5.78	85841
LNSR	2026-05-12	5.72	5.9499	5.7	5.88	63387
LNSR	2026-05-13	5.81	5.9499	5.6375	5.77	67149
LNSR	2026-05-14	5.77	6.13	5.5933	5.83	60449
LNSR	2026-05-15	5.74	5.88	5.52	5.54	42139
LNSR	2026-05-18	5.53	5.745	5.52	5.63	54075
LNSR	2026-05-19	5.62	5.89	5.62	5.8	76532
LNSR	2026-05-20	5.79	5.92	5.78	5.88	51880
LNSR	2026-05-21	5.83	6.12	5.83	5.95	58770
LNSR	2026-05-22	5.95	6.09	5.95	6.09	44984
LNSR	2026-05-26	6.1	6.1	5.92	6.05	28083
LNSR	2026-05-27	6.06	6.11	5.86	5.86	27937
LNSR	2026-05-28	5.86	6	5.805	6	38609
LNSR	2026-05-29	6	6	5.75	5.8	39065
LNSR	2026-06-01	5.79	5.95	5.62	5.67	44596
LNSR	2026-06-02	5.67	5.765	5.61	5.74	45503
LNSR	2026-06-03	5.66	5.9	5.64	5.74	52368
LNSR	2026-06-04	5.74	5.75	5.5201	5.62	40655
LNSR	2026-06-05	5.56	5.73	5.5	5.6	47377
LNSR	2026-06-08	5.55	5.67	5.52	5.6	28640
LNSR	2026-06-09	5.58	5.69	5.5	5.69	22368
LNSR	2026-06-10	5.64	5.74	5.6201	5.68	40035
LNSR	2026-06-11	5.67	5.88	5.63	5.82	54746
LNSR	2026-06-12	5.76	5.89	5.76	5.82	27980
LNSR	2026-06-15	5.77	5.89	5.59	5.72	58530
LNSR	2026-06-16	5.71	6.24	5.6501	6.18	50541
LNSR	2026-06-17	6.16	6.47	6.1139	6.26	54173
LNSR	2026-06-18	6.3	6.42	5.67	5.74	104835
LNSR	2026-06-22	5.72	5.93	5.6	5.66	67283
LNSR	2026-06-23	5.59	5.78	5.58	5.72	27408
LNSR	2026-06-24	5.76	6.19	5.65	6.06	132318
LNSR	2026-06-25	6.09	6.15	5.8	6.14	84969
LNSR	2026-06-26	6.1	6.1	5.63	5.63	1160843
LNSR	2026-06-29	5.75	5.85	5.64	5.72	131013
LNSR	2026-06-30	5.71	5.78	5.62	5.71	71045
LNSR	2026-07-01	5.72	5.84	5.66	5.84	86697
LNSR	2026-07-02	5.82	6.42	5.77	6.4	130548
LNSR	2026-07-06	6.43	6.44	6.03	6.19	48291
LNSR	2026-07-07	6.24	6.31	6.09	6.13	37019
LNSR	2026-07-08	6.09	6.19	5.9001	6	34324
LNSR	2026-07-09	6.135	6.2	5.89	5.93	25968
LNSR	2026-07-10	6	6.09	5.95	6.01	13150
LNSR	2026-07-13	5.97	6.1679	5.805	5.82	19851
LNSR	2026-07-14	5.89	5.9104	5.68	5.76	32729
LNSR	2026-07-15	5.77	5.8055	5.6501	5.67	13766
LNSR	2026-07-16	5.69	5.74	5.67	5.67	18770
LNSR	2026-07-17	5.64	5.82	5.64	5.8	18509
LNSR	2026-07-20	5.74	5.82	5.71	5.75	12476
LNSR	2026-07-21	5.74	5.78	5.73014	5.76	3607
LNSR	2026-07-22	5.78	5.8	5.72	5.75	17918
LNSR	2026-07-23	5.69	5.83	5.45	5.76	45483
LNSR	2026-07-24	5.7	5.9	5.5407	5.6	74410
LNSR	2026-07-27	5.57	5.57	5.37	5.37	49278
LNSR	2026-07-28	5.31	5.42	5.31	5.35	28482
LNSR	2026-07-29	5.29	5.35	5.2	5.25	43557
LNSR	2026-07-30	5.2	5.29	5.15	5.17	28637
LNSR	2026-07-31	5.19	5.22	4.95	5.01	109908
LNSR	2026-08-03	5.08	5.48	5.08	5.38	46835
LNSR	2026-08-04	5.38	5.66	5.38	5.58	47560
LNSR	2026-08-05	5.55	5.83	5.55	5.83	14877
LNSR	2026-08-06	5.78	5.8299	5.5204	5.735	21714
LNSR	2026-08-07	5.79	6.08	5.635	6.04	45973
LNSR	2026-08-10	5.96	6.18	5.88	6.02	77697
LNSR	2026-08-11	5.95	6.11	5.9	6.03	44969
LNSR	2026-08-12	6.09	6.45	6.05	6.29	59250
LNSR	2026-08-13	7.5	8.65	7.4312	8.27	2313369
LNSR	2026-08-14	8.718	8.74	8.09	8.2	263459
LNSR	2026-08-17	8.2	8.3	7.99	8.09	89134
LNSR	2026-08-18	8.09	8.41	8.0822	8.19	220382
LNSR	2026-08-19	8.19	8.74	8.01	8.72	160952
LNSR	2026-08-20	8.71	8.72	8.25	8.44	137432
LNSR	2026-08-21	8.51	8.7	8.4201	8.68	167285
LNSR	2026-08-24	8.7	9.25	8.54	9.23	172024
LYTS	2026-05-01	24.36	24.6	23.725	23.89	830249
LYTS	2026-05-04	23.64	23.71	22.76	23.27	874180
LYTS	2026-05-05	23.52	24.43	23.32	23.91	347275
LYTS	2026-05-06	24.05	24.46	23.91	24.3	336277
LYTS	2026-05-07	24.41	24.565	24.11	24.42	306316
LYTS	2026-05-08	24.55	24.65	24.23	24.56	330813
LYTS	2026-05-11	24.62	24.99	24.14	24.33	365233
LYTS	2026-05-12	24.38	24.48	23.76	24.2	454945
LYTS	2026-05-13	24.16	24.16	23.19	23.79	523447
LYTS	2026-05-14	24.01	24.46	23.65	24.15	263732
LYTS	2026-05-15	23.86	24.33	23.29	23.32	683953
LYTS	2026-05-18	23.22	23.63	23	23.51	411222
LYTS	2026-05-19	23.22	23.66	22.7	22.71	704816
LYTS	2026-05-20	22.75	23.05	22.4	22.75	380291
LYTS	2026-05-21	22.56	23.0002	22	22.59	532154
LYTS	2026-05-22	22.85	23.35	22.66	23.26	259473
LYTS	2026-05-26	23.57	24.27	23.4195	24.14	328325
LYTS	2026-05-27	24.3	24.8	24.075	24.74	314141
LYTS	2026-05-28	24.47	24.74	23.96	24.33	617653
LYTS	2026-05-29	24.28	24.58	24.055	24.23	644619
LYTS	2026-06-01	24	24.241475	23.52	24.1	564237
LYTS	2026-06-02	24.11	24.645	23.89	24.09	567033
LYTS	2026-06-03	24.08	24.08	22.5	22.84	838941
LYTS	2026-06-04	23.09	23.365	22.78	23.14	682957
LYTS	2026-06-05	23.06	23.44	21.97	22.55	585380
LYTS	2026-06-08	22.88	23.55	22.645	23.45	399757
LYTS	2026-06-09	23.95	24.815	23.89	24.53	592164
LYTS	2026-06-10	24.44	24.95	24.31	24.63	696009
LYTS	2026-06-11	24.89	26.02	24.58	25.78	709032
LYTS	2026-06-12	25.9	26.56	25.475	25.58	1033723
LYTS	2026-06-15	25.97	26.48	25.065	25.2	302139
LYTS	2026-06-16	25.21	25.6	24.5162	24.95	233198
LYTS	2026-06-17	24.95	25.92	24.95	25.35	392546
LYTS	2026-06-18	25.81	26.685	25.54	26.6	910134
LYTS	2026-06-22	26.56	27	26.01	26.04	266763
LYTS	2026-06-23	26.04	26.1699	25.4004	25.56	316265
LYTS	2026-06-24	25.69	26.42	25.41	25.99	250476
LYTS	2026-06-25	26.51	27.36	26.43	26.8	373446
LYTS	2026-06-26	26.63	27.07	24.5	26.56	1495096
LYTS	2026-06-29	26.42	26.76	26.2303	26.55	322247
LYTS	2026-06-30	26.66	27.04	26.435	26.58	395610
LYTS	2026-07-01	26.57	26.8	26.15	26.39	343754
LYTS	2026-07-02	26.39	26.705	25.15	25.59	255654
LYTS	2026-07-06	25.59	26.17	25.475	25.67	199422
LYTS	2026-07-07	25.59	25.6	24.37	24.91	250825
LYTS	2026-07-08	24.57	24.9899	24.39	24.81	204512
LYTS	2026-07-09	24.99	25.16	24.2667	24.4	211781
LYTS	2026-07-10	24.4	24.57	24.15	24.16	208742
LYTS	2026-07-13	24.41	24.49	23.69	23.75	281919
LYTS	2026-07-14	23.95	24.19	23.5	23.93	167175
LYTS	2026-07-15	23.94	24.31	23.66	24.09	343974
LYTS	2026-07-16	23.92	24.385	23.9	24.3	211562
LYTS	2026-07-17	23.9	24.41	23.69	23.93	252063
LYTS	2026-07-20	23.9	24.71	23.39	23.39	279065
LYTS	2026-07-21	23.54	23.9	23.01	23.79	164516
LYTS	2026-07-22	23.76	24.11	23.64	23.82	200296
LYTS	2026-07-23	23.48	23.77	23.215	23.42	218558
LYTS	2026-07-24	23.68	23.68	22.84	23.23	277458
LYTS	2026-07-27	23.39	23.405	22.735	23.25	199277
LYTS	2026-07-28	23.34	24.05	22.85	23.97	245147
LYTS	2026-07-29	23.74	23.74	22.52	22.73	282157
LYTS	2026-07-30	23.04	23.31	22.22	23.2	172197
LYTS	2026-07-31	23.42	23.48	22.8612	23.39	219218
LYTS	2026-08-03	23.7	24.26	23.645	24.12	248091
LYTS	2026-08-04	24.45	24.9	24.45	24.73	274225
LYTS	2026-08-05	24.67	25.25	24.33	25	228302
LYTS	2026-08-06	25.04	25.438	24.72	24.86	216899
LYTS	2026-08-07	24.98	25.32	24.735	25.17	137982
LYTS	2026-08-10	25.13	25.2	24.71	24.77	173624
LYTS	2026-08-11	24.98	25.41	24.58	24.7	200987
LYTS	2026-08-12	25	25.39	24.2	24.23	454868
LYTS	2026-08-13	24.47	24.92	24.03	24.84	248463
LYTS	2026-08-14	24.74	25.37	24.65	24.86	149753
LYTS	2026-08-17	24.86	24.93	24.265	24.75	205207
LYTS	2026-08-18	24.49	24.655	23.835	24.13	252042
LYTS	2026-08-19	24.41	24.56	23.89	24.06	267888
LYTS	2026-08-20	22.74	23	20.0301	20.62	1307154
LYTS	2026-08-21	20.6	21.2	19.61	20.34	1071113
LYTS	2026-08-24	20.13	20.45	19.53	19.59	841764
MAKO	2026-05-01	7.31	7.72	7.31	7.49	150646
MAKO	2026-05-04	7.51	7.7699	7.44	7.55	119861
MAKO	2026-05-05	7.56	7.7	7.51	7.51	66339
MAKO	2026-05-06	7.76	8.02	7.73	7.94	169255
MAKO	2026-05-07	8.06	8.3	7.755	7.78	101305
MAKO	2026-05-08	7.85	8.18	7.84	8.12	137078
MAKO	2026-05-11	8.15	8.3657	8.1	8.3	117042
MAKO	2026-05-12	8.27	8.3299	8	8.22	71492
MAKO	2026-05-13	8.25	8.35	8.1	8.27	129313
MAKO	2026-05-14	8.14	8.14	7.865	7.93	95144
MAKO	2026-05-15	7.9	8.61	7.67	8.21	349804
MAKO	2026-05-18	8.61	8.99	8.38	8.52	287949
MAKO	2026-05-19	8.43	8.43	7.9	7.94	236954
MAKO	2026-05-20	7.91	8.35	7.84	8.17	189020
MAKO	2026-05-21	8.23	8.7	8.07	8.65	217635
MAKO	2026-05-22	8.55	8.55	7.85	8.11	184355
MAKO	2026-05-26	8.14	8.64	8.14	8.62	209044
MAKO	2026-05-27	8.5	8.61	8.305	8.35	134023
MAKO	2026-05-28	8.25	8.7299	8.1	8.58	144368
MAKO	2026-05-29	8.73	8.89	8.3428	8.7	137751
MAKO	2026-06-01	8.72	8.72	8.15	8.5	171209
MAKO	2026-06-02	8.43	8.64	8.3	8.55	82433
MAKO	2026-06-03	8.52	8.69	8.16	8.21	134857
MAKO	2026-06-04	8.17	8.5	8.16	8.22	45316
MAKO	2026-06-05	8.21	8.21	7.33	7.35	407203
MAKO	2026-06-08	7.54	7.61	7.2718	7.4	166947
MAKO	2026-06-09	7.56	7.648	6.88	7.21	259242
MAKO	2026-06-10	6.98	7.19	6.8	6.83	318481
MAKO	2026-06-11	6.84	7.39	6.79	7.34	319103
MAKO	2026-06-12	7.36	7.605	7.145	7.59	184508
MAKO	2026-06-15	7.92	8.24	7.9	7.94	126694
MAKO	2026-06-16	8.03	8.465	7.96	8.39	151278
MAKO	2026-06-17	8.35	8.6	8.11	8.13	148904
MAKO	2026-06-18	8.13	8.21	7.94	8.11	167505
MAKO	2026-06-22	7.83	8.17	7.81	8.12	118816
MAKO	2026-06-23	7.86	7.8899	7.64	7.71	124746
MAKO	2026-06-24	7.56	7.57	7.1	7.28	427884
MAKO	2026-06-25	7.47	7.58	7.215	7.31	132810
MAKO	2026-06-26	7.3	7.619	7.28	7.47	80321
MAKO	2026-06-29	7.3	7.41	7.1	7.36	102632
MAKO	2026-06-30	7.26	7.43	7.1829	7.31	95075
MAKO	2026-07-01	7.25	7.79	7.16	7.49	51307
MAKO	2026-07-02	7.65	7.86	7.57	7.65	95766
MAKO	2026-07-06	7.71	7.97	7.62	7.91	83123
MAKO	2026-07-07	7.84	7.94	7.57	7.73	123743
MAKO	2026-07-08	7.45	7.57	7.17	7.47	263350
MAKO	2026-07-09	7.57	7.815	7.57	7.76	62003
MAKO	2026-07-10	7.71	7.7643	7.59	7.71	53063
MAKO	2026-07-13	7.71	7.71	7.18	7.24	230180
MAKO	2026-07-14	7.48	7.67	7.35	7.37	105362
MAKO	2026-07-15	7.45	7.57	7.12	7.24	95446
MAKO	2026-07-16	7.24	7.29	6.94	6.94	243229
MAKO	2026-07-17	6.94	7.02	6.58	6.85	148478
MAKO	2026-07-20	6.83	6.9799	6.77	6.93	118233
MAKO	2026-07-21	7.01	7.12	6.955	7.07	91258
MAKO	2026-07-22	7.09	7.58	7.08	7.29	72892
MAKO	2026-07-23	7.18	7.248	6.95	7.14	74492
MAKO	2026-07-24	7.18	7.35	7.05	7.08	55929
MAKO	2026-07-27	7.26	7.286	7.03	7.2	73956
MAKO	2026-07-28	7.08	7.32	6.9	7.27	84839
MAKO	2026-07-29	7.35	7.6	6.98	7.13	151144
MAKO	2026-07-30	7.37	7.49	7.17	7.44	118483
MAKO	2026-07-31	7.29	7.29	7	7.1	94117
MAKO	2026-08-03	7.19	7.325	7	7.22	118601
MAKO	2026-08-04	7.35	7.58	7.31	7.48	129151
MAKO	2026-08-05	7.76	8.21	7.76	8.2	192835
MAKO	2026-08-06	8.2	8.68	7.88	8.66	256240
MAKO	2026-08-07	8.98	9.595	8.935	9.54	462463
MAKO	2026-08-10	9.5	9.71	9.2665	9.65	220062
MAKO	2026-08-11	9.58	9.92	9.52	9.89	199956
MAKO	2026-08-12	10.06	10.28	9.6	9.99	312541
MAKO	2026-08-13	10.06	10.06	9.51	9.75	193113
MAKO	2026-08-14	9.67	10.17	9.35	10.12	209425
MAKO	2026-08-17	10.13	10.13	9.57	9.84	177455
MAKO	2026-08-18	9.44	9.905	9.44	9.72	97490
MAKO	2026-08-19	10.14	10.6	9.93	10.4	338297
MAKO	2026-08-20	10.38	10.62	10.15	10.5	274450
MAKO	2026-08-21	10.62	10.69	10.3	10.54	175434
MAKO	2026-08-24	10.44	10.94	10.28	10.94	260614
MARA	2026-05-01	12.28	12.37	11.38	11.46	50903287
MARA	2026-05-04	11.43	11.85	11.26	11.83	42713338
MARA	2026-05-05	12.04	12.29	11.78	12.16	39064175
MARA	2026-05-06	12.545	13.12	12.25	13.03	52805985
MARA	2026-05-07	12.73	13.045	12.23	12.7	39838615
MARA	2026-05-08	12.57	13.35	12.2	12.94	48230876
MARA	2026-05-11	12.96	13.8	12.59	13.39	48570744
MARA	2026-05-12	12.905	12.94	11.73	12.72	49712392
MARA	2026-05-13	12.625	13.09	12.29	12.75	30619135
MARA	2026-05-14	12.73	13.7	12.45	13.29	51055370
MARA	2026-05-15	12.85	12.89	12.125	12.44	39744847
MARA	2026-05-18	12.08	12.26	11.6237	12.18	35320415
MARA	2026-05-19	11.875	12.585	11.53	12.44	35041312
MARA	2026-05-20	12.635	13.5	12.5301	13.15	51124871
MARA	2026-05-21	13.14	13.77	13.08	13.55	34597803
MARA	2026-05-22	13.57	14.11	13.41	13.81	39972058
MARA	2026-05-26	14.235	14.87	14.08	14.28	42556508
MARA	2026-05-27	14.21	14.48	13.835	14.33	33654948
MARA	2026-05-28	13.944	14.215	13.58	14.07	37475256
MARA	2026-05-29	13.87	14.6389	13.58	14.38	47497047
MARA	2026-06-01	14.05	15.315	13.66	14.85	51207163
MARA	2026-06-02	14.575	15.01	14.1	14.28	38750098
MARA	2026-06-03	14	14.375	13.695	13.96	31469097
MARA	2026-06-04	13.49	14.065	13.27	13.88	34204775
MARA	2026-06-05	13.39	13.4	11.84	12.32	40937204
MARA	2026-06-08	12.775	13.97	12.6025	13.78	32797500
MARA	2026-06-09	14	14.4	12.64	13.31	48247809
MARA	2026-06-10	13.22	13.6	12.62	12.62	33043268
MARA	2026-06-11	12.612	13.68	12.502	13.61	34571099
MARA	2026-06-12	13.73	14.715	13.62	14.08	41281498
MARA	2026-06-15	14.915	15.225	14.6	14.64	33953374
MARA	2026-06-16	14.55	15.26	14.39	14.42	37670007
MARA	2026-06-17	14.25	14.9	13.89	13.92	34220304
MARA	2026-06-18	14.34	14.39	13.71	14.22	31216686
MARA	2026-06-22	14.49	16.43	14.49	14.85	66726721
MARA	2026-06-23	14.03	15.48	13.985	14.7	41921362
MARA	2026-06-24	14.97	15.225	13.42	14	52566735
MARA	2026-06-25	14.435	14.75	12.954	13.88	46021172
MARA	2026-06-26	13.58	14.995	13.34	14.54	55284111
MARA	2026-06-29	14.775	14.89	13.28	14.03	50222141
MARA	2026-06-30	13.64	13.93	13.28	13.89	42035289
MARA	2026-07-01	13.74	14	13.18	13.37	40509703
MARA	2026-07-02	13.63	14.09	11.98	12.4	50466885
MARA	2026-07-06	12.628	13.525	12.54	12.95	30502052
MARA	2026-07-07	12.695	12.79	11.74	12.05	30328497
MARA	2026-07-08	11.73	12.12	11.59	12.02	31660968
MARA	2026-07-09	12.67	14.41	12.645	13.22	77930698
MARA	2026-07-10	13.64	13.68	12.33	12.6	45676219
MARA	2026-07-13	12.42	12.65	11.93	12.19	35606478
MARA	2026-07-14	12.675	12.72	11.67	12.16	54798572
MARA	2026-07-15	12.23	12.535	11.6	12.29	48930734
MARA	2026-07-16	12.06	12.25	11.25	11.42	44149777
MARA	2026-07-17	10.95	11.05	10.54	10.69	43270161
MARA	2026-07-20	11.08	12.03	11.07	11.67	61005661
MARA	2026-07-21	11.94	12.76	11.81	12.25	97867270
MARA	2026-07-22	11.92	12.85	11.9	12.41	42426231
MARA	2026-07-23	12.14	13.155	12.11	12.77	58425306
MARA	2026-07-24	12.54	12.73	12.12	12.12	56081117
MARA	2026-07-27	12.27	12.33	11.44	11.77	41885873
MARA	2026-07-28	11.29	11.53	10.67	11.38	61907393
MARA	2026-07-29	11.25	11.45	10.03	10.05	43403219
MARA	2026-07-30	10.658	12.03	10.57	11.82	45153069
MARA	2026-07-31	12.02	12.07	11.07	11.32	38579459
MARA	2026-08-03	11.18	11.89	10.96	11.75	26737933
MARA	2026-08-04	11.58	11.91	11.29	11.75	29432742
MARA	2026-08-05	11.66	12.02	11.23	11.24	27196647
MARA	2026-08-06	10.93	11.21	10.65	10.65	36005680
MARA	2026-08-07	10.915	10.94	9.685	10.09	56124465
MARA	2026-08-10	9.99	10.08	9.4	9.56	42087066
MARA	2026-08-11	10.1	10.149	9.6022	9.68	36875480
MARA	2026-08-12	10.13	10.28	9.55	9.64	39957444
MARA	2026-08-13	9.49	9.79	9.165	9.21	32671313
MARA	2026-08-14	9.01	9.255	9	9.2	34425378
MARA	2026-08-17	9.22	9.805	9.195	9.715	54598944
MARA	2026-08-18	9.36	9.545	8.91	8.96	45162627
MARA	2026-08-19	8.905	9.8899	8.68	9.65	66376836
MARA	2026-08-20	10.21	11.19	9.96	11.15	79661295
MARA	2026-08-21	11.7	12.47	11.02	11.26	101679660
MARA	2026-08-24	11.17	12.06	11.03	11.18	61109614
MASS	2026-05-01	6.86	7.03	6.7601	6.81	213781
MASS	2026-05-04	6.77	6.93	6.54	6.55	252238
MASS	2026-05-05	6.62	7.1199	6.54	7.09	451697
MASS	2026-05-06	7.59	8.2	6.51	8.06	630110
MASS	2026-05-07	8.08	8.22	7.93	8.08	543601
MASS	2026-05-08	8.07	8.2	7.78	8.17	416198
MASS	2026-05-11	8.12	8.355	7.855	7.93	214118
MASS	2026-05-12	7.76	7.86	7.62	7.65	210671
MASS	2026-05-13	7.38	7.91	7.38	7.54	178252
MASS	2026-05-14	7.53	7.775	7.26	7.3	151420
MASS	2026-05-15	7.39	7.39	6.87	6.9	258985
MASS	2026-05-18	6.95	7.1	6.63	6.64	181089
MASS	2026-05-19	6.55	6.8	6.51	6.78	235089
MASS	2026-05-20	6.81	7.15	6.795	6.98	201874
MASS	2026-05-21	6.92	7.17	6.86	7.12	187335
MASS	2026-05-22	7.21	7.47	7.21	7.28	182255
MASS	2026-05-26	7.35	7.94	7.35	7.92	272662
MASS	2026-05-27	8.01	8.31	7.99	8.16	292450
MASS	2026-05-28	8.21	9.03	8.13	8.93	642273
MASS	2026-05-29	9	9	8.36	8.41	336962
MASS	2026-06-01	8.25	8.675	7.955	8.63	384582
MASS	2026-06-02	8.71	8.95	8.55	8.85	301415
MASS	2026-06-03	8.83	8.87	8.61	8.66	283868
MASS	2026-06-04	8.625	9	8.61	8.82	357373
MASS	2026-06-05	8.59	8.65	7.85	7.93	242135
MASS	2026-06-08	8.14	8.37	8.05	8.1	139105
MASS	2026-06-09	8.17	8.365	7.595	7.99	215530
MASS	2026-06-10	7.92	8.23	7.85	8.01	160139
MASS	2026-06-11	8.32	8.39	7.975	8.22	179897
MASS	2026-06-12	8.25	8.43	8.18	8.27	172331
MASS	2026-06-15	8.62	8.802	8.46	8.62	159356
MASS	2026-06-16	8.63	8.85	8.59	8.64	172643
MASS	2026-06-17	8.62	8.85	8.49	8.58	208812
MASS	2026-06-18	8.76	8.92	8.21	8.85	1063667
MASS	2026-06-22	8.92	8.99	8.56	8.66	340683
MASS	2026-06-23	8.53	9.08	8.48	8.73	255358
MASS	2026-06-24	8.56	9.265	8.56	8.97	371380
MASS	2026-06-25	9.05	9.2	8.87	8.98	398836
MASS	2026-06-26	8.8	9.22	8.72	8.78	1226795
MASS	2026-06-29	8.74	8.97	8.4829	8.81	241718
MASS	2026-06-30	8.86	8.97	8.66	8.7	209211
MASS	2026-07-01	8.64	8.96	8.56	8.88	253930
MASS	2026-07-02	8.93	9.13	8.645	8.69	190180
MASS	2026-07-06	8.71	8.87	8.4	8.42	218914
MASS	2026-07-07	8.31	8.415	7.98	8.07	296069
MASS	2026-07-08	8.17	8.17	7.675	7.88	307791
MASS	2026-07-09	7.9	8.69	7.85	8.13	172663
MASS	2026-07-10	8.09	8.21	7.96	8.1	169358
MASS	2026-07-13	7.97	8.06	7.81	7.95	122127
MASS	2026-07-14	8.12	8.25	7.885	8.16	236146
MASS	2026-07-15	8.16	8.345	8.01	8.05	205387
MASS	2026-07-16	7.98	8.03	7.215	7.41	280114
MASS	2026-07-17	7.23	7.48	7.04	7.35	270366
MASS	2026-07-20	7.34	7.41	6.96	7.03	261809
MASS	2026-07-21	7.11	7.36	7.01	7.35	313669
MASS	2026-07-22	7.38	7.7	7.22	7.24	231125
MASS	2026-07-23	7.07	7.4	7.01	7.11	252735
MASS	2026-07-24	7.17	7.23	6.945	7.14	348844
MASS	2026-07-27	7.42	7.46	6.95	7.13	229305
MASS	2026-07-28	7.13	7.24	6.9	7.03	146008
MASS	2026-07-29	7.33	7.92	7.21	7.6	758005
MASS	2026-07-30	7.76	7.865	7.5	7.64	299203
MASS	2026-07-31	7.56	8.01	7.53	8.01	335294
MASS	2026-08-03	8.02	8.5462	7.95	8.42	331809
MASS	2026-08-04	8.54	8.84	8.26	8.45	443155
MASS	2026-08-05	8.46	8.61	8.26	8.41	248434
MASS	2026-08-06	8.35	8.49	8.25	8.3	242931
MASS	2026-08-07	8.37	8.88	8.2987	8.88	322690
MASS	2026-08-10	8.8	9.08	8.64	8.8	349970
MASS	2026-08-11	9.07	10.34	8.79	10.01	1620010
MASS	2026-08-12	10.15	10.52	9.3	10.02	858411
MASS	2026-08-13	10.05	10.39	9.905	10.11	518666
MASS	2026-08-14	10.26	10.4	9.97	10.01	645255
MASS	2026-08-17	10.22	10.49	10.02	10.19	464227
MASS	2026-08-18	9.95	10.12	9.73	10.08	355878
MASS	2026-08-19	10.25	10.48	9.97	10.24	654782
MASS	2026-08-20	10.05	10.7027	9.91	10.35	700060
MASS	2026-08-21	10.41	10.69	10.15	10.68	528105
MASS	2026-08-24	11	11.2487	10.8	10.92	723668
MBIN	2026-05-01	46.63	48.02	46.105	46.6	166804
MBIN	2026-05-04	46.2	46.8399	45.595	45.91	115851
MBIN	2026-05-05	46.18	46.87	45.89	46.36	142801
MBIN	2026-05-06	46.86	47.26	45.4045	46.67	123959
MBIN	2026-05-07	46.72	47.44	46.37	46.79	133213
MBIN	2026-05-08	46.77	47.485	45.91	46.33	149813
MBIN	2026-05-11	46.33	46.75	45.395	45.79	110922
MBIN	2026-05-12	45.82	45.98	44.58	45.69	116997
MBIN	2026-05-13	45.46	46.28	44.71	45.08	129946
MBIN	2026-05-14	45.36	46.05	44.94	45.06	166107
MBIN	2026-05-15	44.9	44.995	44.19	44.37	96634
MBIN	2026-05-18	44.31	45.28	44.31	45.14	106960
MBIN	2026-05-19	44.83	45.28	44.515	44.67	95276
MBIN	2026-05-20	44.93	46.39	44.55	46.03	140599
MBIN	2026-05-21	45.67	47	45.115	46.54	137471
MBIN	2026-05-22	46.84	46.99	45.95	45.99	78680
MBIN	2026-05-26	46.18	46.81	46.005	46.78	94884
MBIN	2026-05-27	47.08	47.58	46.49	46.71	84330
MBIN	2026-05-28	46.51	47.38	45.93	47.38	82546
MBIN	2026-05-29	47.32	48	46.47	47.14	107581
MBIN	2026-06-01	46.73	47.19	45.58	46.3	137602
MBIN	2026-06-02	46.05	47.04	45.99	46.91	85133
MBIN	2026-06-03	46.54	46.69	45.46	45.56	81050
MBIN	2026-06-04	46.14	47.84	45.87	47.7	146015
MBIN	2026-06-05	47.5	48.315	47.055	47.51	134580
MBIN	2026-06-08	47.54	48.67	47.46	48.17	85362
MBIN	2026-06-09	48.4	50	48.4	48.92	104647
MBIN	2026-06-10	49.33	49.99	48.42	49.6	122140
MBIN	2026-06-11	50.06	51	49.29	49.56	95966
MBIN	2026-06-12	49.84	50.39	49.63	50.11	138372
MBIN	2026-06-15	50.11	51	48.995	49.17	120144
MBIN	2026-06-16	49.61	50.55	49.5209	49.69	106234
MBIN	2026-06-17	49.61	50	48.08	48.78	145325
MBIN	2026-06-18	49.28	49.93	48.86	49.09	341320
MBIN	2026-06-22	49.09	50.185	48.815	49.5	166318
MBIN	2026-06-23	49.57	50.21	49.3689	49.86	141792
MBIN	2026-06-24	49.84	50.55	49.84	50.04	251933
MBIN	2026-06-25	50.02	50.84	49.815	50	375217
MBIN	2026-06-26	50.24	50.82	49.45	50.01	742298
MBIN	2026-06-29	49.48	50.445	48.765	50.36	223249
MBIN	2026-06-30	50.42	51.465	49.86	50	258945
MBIN	2026-07-01	49.28	50.39	48.3	49.76	215197
MBIN	2026-07-02	50.15	50.33	48.48	48.82	145048
MBIN	2026-07-06	48.76	49.54	47.61	47.9	146076
MBIN	2026-07-07	48.04	48.875	47.44	47.46	160742
MBIN	2026-07-08	47.13	47.46	46.34	46.66	137357
MBIN	2026-07-09	46.91	47.97	46.765	47.78	103929
MBIN	2026-07-10	47.61	48.26	47.4221	48.02	84489
MBIN	2026-07-13	48.09	48.64	47.63	47.67	108775
MBIN	2026-07-14	47.84	48.72	47.67	48.58	118023
MBIN	2026-07-15	48.61	49.745	48.075	49.51	120645
MBIN	2026-07-16	49.67	51.31	49.45	50.31	225561
MBIN	2026-07-17	49.95	50.565	49.54	49.71	175409
MBIN	2026-07-20	49.36	49.66	48.39	48.91	144161
MBIN	2026-07-21	49.01	49.695	48.385	48.97	210831
MBIN	2026-07-22	48.79	48.8525	47.22	48.13	163213
MBIN	2026-07-23	47.47	47.715	46.0985	46.67	208336
MBIN	2026-07-24	46.95	47.93	46.3701	47.69	143707
MBIN	2026-07-27	48.25	49.47	48.04	48.37	103582
MBIN	2026-07-28	48.67	49.405	47.98	48.77	117195
MBIN	2026-07-29	51.42	56.87	50.99	54.28	407614
MBIN	2026-07-30	54.07	55.585	53.47	55.51	279160
MBIN	2026-07-31	55.32	56.07	54.45	55.18	222061
MBIN	2026-08-03	55.94	56.72	55.46	55.72	184606
MBIN	2026-08-04	55.53	56	54.945	55.6	172980
MBIN	2026-08-05	55.92	56.0199	55.35	55.55	101756
MBIN	2026-08-06	55.96	55.96	53.735	54.06	128598
MBIN	2026-08-07	53.86	54.67	52.89	54.25	140975
MBIN	2026-08-10	53.7	54.79	53.21	54.01	140578
MBIN	2026-08-11	54.01	55	53.69	54.445	168890
MBIN	2026-08-12	54.59	55.09	53.59	54.85	119111
MBIN	2026-08-13	55.16	55.555	54.88	55.35	115533
MBIN	2026-08-14	55.27	55.6135	54.79	54.88	93677
MBIN	2026-08-17	54.47	54.995	54.085	54.54	109375
MBIN	2026-08-18	54.74	55.055	54.12	54.4	133473
MBIN	2026-08-19	54.72	55.99	53.44	53.5	155376
MBIN	2026-08-20	53.26	54.3	52.72	54.13	139814
MBIN	2026-08-21	54.79	54.81	53.945	54.69	212566
MBIN	2026-08-24	54.53	55.01	53.79	54.08	120002
MED	2026-05-01	10.92	11.14	10.885	10.91	101018
MED	2026-05-04	10.84	10.84	10.555	10.63	150208
MED	2026-05-05	10	13.43	9.921	13.02	834057
MED	2026-05-06	13.19	13.21	12.36	12.69	302478
MED	2026-05-07	12.66	12.9	12.5	12.69	193607
MED	2026-05-08	12.67	12.81	12.43	12.59	112185
MED	2026-05-11	12.51	12.76	12.13	12.4	182906
MED	2026-05-12	12.31	12.82	12.15	12.57	168560
MED	2026-05-13	12.77	12.79	12.47	12.48	250833
MED	2026-05-14	12.57	12.77	12.37	12.59	143900
MED	2026-05-15	12.59	12.7099	12.274	12.48	132156
MED	2026-05-18	12.65	12.8084	12.39	12.45	172911
MED	2026-05-19	12.38	12.66	12.245	12.59	146776
MED	2026-05-20	12.49	12.6921	12.235	12.6	148944
MED	2026-05-21	12.47	12.75	12.275	12.63	208221
MED	2026-05-22	12.65	13	12.52	12.59	127943
MED	2026-05-26	12.56	13.2899	12.48	13.09	364317
MED	2026-05-27	12.8	13.0499	12.6	12.72	139731
MED	2026-05-28	12.75	13.15	12.62	13.15	161092
MED	2026-05-29	13.15	13.18	12.46	12.53	456651
MED	2026-06-01	12.26	12.81	12.26	12.7	201925
MED	2026-06-02	12.47	12.67	12.35	12.36	117097
MED	2026-06-03	12.23	12.4623	12.14	12.24	186043
MED	2026-06-04	12.31	12.45	12.24	12.27	112613
MED	2026-06-05	12.35	12.4	12.025	12.1	103714
MED	2026-06-08	12.09	12.2999	11.93	12.07	147104
MED	2026-06-09	12.18	12.31	11.91	12.18	218812
MED	2026-06-10	12.23	12.392	12.1	12.14	107174
MED	2026-06-11	12.13	12.27	11.87	11.92	80324
MED	2026-06-12	12	12.04	11.84	11.89	111501
MED	2026-06-15	11.9	12.31	11.89	11.94	159670
MED	2026-06-16	11.84	11.96	11.25	11.27	171094
MED	2026-06-17	11.28	11.54	11.25	11.25	155035
MED	2026-06-18	11.27	11.41	11.01	11.04	504033
MED	2026-06-22	11	11.57	10.94	11.02	344976
MED	2026-06-23	11.09	11.23	10.59	10.62	316483
MED	2026-06-24	10.41	10.735	10.265	10.36	326475
MED	2026-06-25	10.39	10.56	9.7799	10.2	436616
MED	2026-06-26	10.21	10.59	10.04	10.51	1585304
MED	2026-06-29	10.61	11	10.345	10.7	211189
MED	2026-06-30	10.62	10.87	10.37	10.61	177713
MED	2026-07-01	10.65	11.065	10.65	11.03	203666
MED	2026-07-02	10.98	11.19	10.91	10.96	278753
MED	2026-07-06	10.95	11.1599	10.82	11.04	155853
MED	2026-07-07	11.14	11.14	10.83	10.89	152757
MED	2026-07-08	10.71	10.87	10.54	10.67	146281
MED	2026-07-09	10.71	10.74	10.55	10.68	119582
MED	2026-07-10	10.79	10.8999	10.67	10.72	120834
MED	2026-07-13	10.67	11.12	10.67	11.03	210431
MED	2026-07-14	11.07	11.16	10.58	10.61	150318
MED	2026-07-15	10.66	10.825	10.61	10.63	182332
MED	2026-07-16	10.58	10.78	10.44	10.5	128492
MED	2026-07-17	10.5	10.67	10.24	10.26	165115
MED	2026-07-20	10.29	10.42	10.11	10.38	158572
MED	2026-07-21	10.29	10.53	10.27	10.52	156689
MED	2026-07-22	10.51	10.69	9.76	9.76	261816
MED	2026-07-23	9.76	9.78	9.39	9.45	262668
MED	2026-07-24	9.44	9.7	9.39	9.68	207488
MED	2026-07-27	9.63	9.98	9.495	9.91	152244
MED	2026-07-28	9.86	10	9.65	9.75	98146
MED	2026-07-29	9.67	9.79	9.52	9.64	128217
MED	2026-07-30	9.6	9.97	9.6	9.91	120475
MED	2026-07-31	9.86	9.95	9.6339	9.83	103363
MED	2026-08-03	9.77	10.13	9.68	9.74	229281
MED	2026-08-04	12.03	13.45	11.95	13.08	907507
MED	2026-08-05	13.14	13.36	12.23	12.28	347345
MED	2026-08-06	12.42	12.47	11.66	12.12	338842
MED	2026-08-07	12.23	12.84	12.185	12.62	140437
MED	2026-08-10	12.55	12.7799	12	12.09	112055
MED	2026-08-11	11.99	12.05	11.59	11.65	77835
MED	2026-08-12	11.66	11.77	11.52	11.59	117545
MED	2026-08-13	11.56	11.8	11.46	11.48	89806
MED	2026-08-14	11.44	11.6559	11.4	11.44	74357
MED	2026-08-17	11.4	11.67	11.33	11.44	161121
MED	2026-08-18	11.31	11.6	11.26	11.29	73463
MED	2026-08-19	11.31	11.8	11.31	11.58	129370
MED	2026-08-20	11.52	11.77	11.43	11.62	126889
MED	2026-08-21	11.76	12.08	11.55	11.95	178508
MED	2026-08-24	11.99	12.26	11.97	12	123691
MEI	2026-05-01	8.06	8.65	8.06	8.63	477256
MEI	2026-05-04	8.62	9.16	8.37	8.88	668827
MEI	2026-05-05	8.99	9.42	8.97	8.99	743805
MEI	2026-05-06	9.16	9.34	8.92	9.28	424967
MEI	2026-05-07	9.4	9.405	8.98	9.25	377214
MEI	2026-05-08	9.19	9.71	9.18	9.63	408431
MEI	2026-05-11	9.72	9.8	9.24	9.56	337535
MEI	2026-05-12	9.4	9.53	8.97	9.36	486937
MEI	2026-05-13	9.57	15.55	9.475	13.87	12597223
MEI	2026-05-14	13.9	13.9	10.21	11.02	3343337
MEI	2026-05-15	10.57	10.88	10.14	10.53	1400234
MEI	2026-05-18	10.83	11.3	9.86	10.55	906015
MEI	2026-05-19	10.28	10.5	10.0301	10.17	695688
MEI	2026-05-20	10.18	10.908	9.93	10.85	619087
MEI	2026-05-21	10.77	11.19	10.51	10.78	722896
MEI	2026-05-22	10.79	11.57	10.62	11.24	617735
MEI	2026-05-26	11.51	11.74	11.32	11.67	588823
MEI	2026-05-27	11.87	11.99	11.34	11.45	437872
MEI	2026-05-28	11.47	11.91	11.07	11.79	510319
MEI	2026-05-29	11.85	12.15	11.435	11.54	617551
MEI	2026-06-01	11.3	11.71	11.01	11.63	380999
MEI	2026-06-02	11.86	12.545	11.84	12.5	500101
MEI	2026-06-03	12.43	13.53	12.3	13.2	1204358
MEI	2026-06-04	12.61	12.98	12.2	12.72	877042
MEI	2026-06-05	12.37	12.37	11.11	11.37	743623
MEI	2026-06-08	11.72	11.72	11.31	11.37	357955
MEI	2026-06-09	11.8	12.06	10.31	10.78	565586
MEI	2026-06-10	10.62	10.94	10.525	10.55	396484
MEI	2026-06-11	10.86	11.43	10.705	11.42	386358
MEI	2026-06-12	11.29	12.25	11.23	12.02	420526
MEI	2026-06-15	12.51	12.6399	11.99	12.05	397368
MEI	2026-06-16	12.05	12.135	11.53	11.55	326387
MEI	2026-06-17	11.72	11.98	11.49	11.57	371196
MEI	2026-06-18	11.92	14.14	11.89	14.02	1597193
MEI	2026-06-22	14.23	14.64	13.7216	13.94	1084899
MEI	2026-06-23	13.29	13.77	12.75	13.4	765970
MEI	2026-06-24	13.49	13.74	12.6	13.09	831572
MEI	2026-06-25	15.305	18.47	15.01	18	3539529
MEI	2026-06-26	17.25	19.35	16.1	19.16	3061426
MEI	2026-06-29	19.876	20.38	18.071	19.42	1342941
MEI	2026-06-30	19.51	20.31	18.68	18.97	1060316
MEI	2026-07-01	18.67	18.8	17.89	18.41	701798
MEI	2026-07-02	18.2	18.41	15.1	15.3	754233
MEI	2026-07-06	15.45	16.07	14.9168	15.32	624781
MEI	2026-07-07	14.71	15.71	13.76	15.7	1174824
MEI	2026-07-08	15.46	15.6	14.63	15.52	517022
MEI	2026-07-09	15.85	16.38	15.44	15.65	484224
MEI	2026-07-10	15.52	15.835	14.98	15.8	690826
MEI	2026-07-13	15.53	16.14	15.3639	15.82	716577
MEI	2026-07-14	16.3	17.57	15.71	17.42	1097822
MEI	2026-07-15	17.68	17.68	15.22	15.76	1052458
MEI	2026-07-16	15.36	15.765	14.81	15.34	629586
MEI	2026-07-17	14.68	15.35	14	14.99	497736
MEI	2026-07-20	15.13	15.51	14.865	15.12	438491
MEI	2026-07-21	15.67	16.56	15.45	16.53	484192
MEI	2026-07-22	16.24	16.9	16.1165	16.43	474484
MEI	2026-07-23	16.07	16.665	14.89	16.03	518988
MEI	2026-07-24	16.26	16.26	15.06	15.31	377597
MEI	2026-07-27	15.37	15.9099	14.6801	15.28	357318
MEI	2026-07-28	14.83	14.96	13.9	14.81	542342
MEI	2026-07-29	14.79	14.79	12.75	12.92	601312
MEI	2026-07-30	13.18	14.2199	13.18	13.71	555727
MEI	2026-07-31	14.37	14.8446	13.5	13.99	485247
MEI	2026-08-03	13.7	14.36	13.555	14.07	329837
MEI	2026-08-04	14.78	15.17	14.55	15.1	418208
MEI	2026-08-05	14.8	17.61	14.48	17.26	1162748
MEI	2026-08-06	16.79	17.12	16.32	16.49	461136
MEI	2026-08-07	16.74	16.96	15.92	16.67	470539
MEI	2026-08-10	16.92	17.4954	16.305	16.37	633942
MEI	2026-08-11	16.68	17.3	16.275	16.75	624432
MEI	2026-08-12	17.32	17.35	16.53	16.96	636766
MEI	2026-08-13	16.88	17.48	16.658	16.72	436050
MEI	2026-08-14	16.74	17.23	16.27	17.14	243919
MEI	2026-08-17	17.4	18.17	17.04	18.08	696906
MEI	2026-08-18	17.08	17.4248	15.62	16.01	733276
MEI	2026-08-19	16.32	16.32	14.2	14.21	694891
MEI	2026-08-20	14.02	14.665	13.79	14.47	522533
MEI	2026-08-21	14.5	14.54	13.7	14.28	462645
MEI	2026-08-24	14.02	14.1411	13.57	14.03	557893
MF	2026-07-20	4.755	4.755	4.2	4.22	88525
MF	2026-07-21	4.15	4.21	3.8	4.17	202733
MF	2026-07-22	3.83	5.9	3.83	5.7	682534
MF	2026-07-23	5.72	5.825	4.72	5.72	197689
MF	2026-07-24	5.47	5.93	5.07	5.23	125533
MF	2026-07-27	5.26	6.4	5.0685	6.19	288377
MF	2026-07-28	5.78	7	5.39	6.68	238352
MF	2026-07-29	6.3	6.96	6.18	6.83	186960
MF	2026-07-30	6.82	9.28	6.302	8.96	887978
MF	2026-07-31	8.67	9.85	8.33	9.15	143880
MF	2026-08-03	8.64	9.3108	8.15	9.2	98917
MF	2026-08-04	9.29	10.67	8.918	9.52	158273
MF	2026-08-05	9.9	10.275	9.21	9.36	122854
MF	2026-08-06	10.13	11.05	9.37	10.5	233606
MF	2026-08-07	10.375	10.9894	9.34	9.81	139025
MF	2026-08-10	10.58	10.58	9.46	10.19	230483
MF	2026-08-11	10.04	10.25	9.6	9.83	185999
MF	2026-08-12	9.65	11.75	9.65	10.5	79808
MF	2026-08-13	10.51	11.5	9.75	10	326673
MF	2026-08-14	13.04	19.63	11.25	13	3844971
MF	2026-08-17	11.73	12.3363	11.3	11.6	40064
MF	2026-08-18	11.994	13.34	11.04	12.51	159064
MF	2026-08-19	13.2	16.9	12.81	14.8	225277
MF	2026-08-20	14.55	18.11	14.21	18.11	102218
MF	2026-08-21	18.5	18.87	15.7001	16.38	177793
MF	2026-08-24	15.05	18.82	15.05	17.51	185378
MITK	2026-05-01	14.18	14.705	14.02	14.54	825316
MITK	2026-05-04	14.56	15.35	14.55	15.26	1027533
MITK	2026-05-05	15.36	15.5595	15.13	15.4	1356094
MITK	2026-05-06	15.51	15.56	14.942	15.23	1198208
MITK	2026-05-07	15.48	15.78	15.31	15.36	1410631
MITK	2026-05-08	14.76	15.68	13.76	15.61	2317208
MITK	2026-05-11	15.6	16.48	14.86	14.98	2452505
MITK	2026-05-12	14.86	14.9	14.33	14.67	1214997
MITK	2026-05-13	14.6	14.75	13.82	13.89	1179670
MITK	2026-05-14	13.91	14.044	13.36	13.57	1920116
MITK	2026-05-15	13.55	14.68	13.5197	14.26	1317287
MITK	2026-05-18	14.11	14.2	13.74	14.13	913546
MITK	2026-05-19	14.25	14.49	13.98	14.15	853752
MITK	2026-05-20	14.01	14.86	13.66	14.81	1042443
MITK	2026-05-21	14.58	15.7299	14.25	15.36	1497811
MITK	2026-05-22	15.5	16.23	15.5	16.03	1645449
MITK	2026-05-26	16	16.805	15.69	16.68	1398501
MITK	2026-05-27	16.76	17.27	16.45	17.19	1424691
MITK	2026-05-28	17.23	17.23	16.81	16.84	688001
MITK	2026-05-29	16.95	17.62	16.8684	17.18	758970
MITK	2026-06-01	17.26	17.97	17.08	17.87	903409
MITK	2026-06-02	17.55	17.79	17.301	17.57	954556
MITK	2026-06-03	17.222	17.28	16.145	16.18	1103436
MITK	2026-06-04	16.39	16.4	15.88	15.92	938678
MITK	2026-06-05	15.8	15.855	14.6101	14.89	1479859
MITK	2026-06-08	14.94	15.54	14.73	15.4	1019357
MITK	2026-06-09	15.4	15.96	14.5	15.49	1482382
MITK	2026-06-10	15.14	16.3	15.05	16.01	1419001
MITK	2026-06-11	15.9	16.43	15.63	16.34	690702
MITK	2026-06-12	16.47	16.8608	16.08	16.45	605036
MITK	2026-06-15	16.85	16.93	16.405	16.57	600922
MITK	2026-06-16	16.55	17.23	16.34	17.07	729269
MITK	2026-06-17	16.91	17.38	16.71	16.87	740854
MITK	2026-06-18	17.07	17.81	16.62	17.255	1769218
MITK	2026-06-22	17.1	17.9	17.02	17.31	1137765
MITK	2026-06-23	17.19	17.8199	17.1867	17.32	899485
MITK	2026-06-24	17.65	17.65	16.955	17.38	1315344
MITK	2026-06-25	17.32	17.82	17.2	17.65	590908
MITK	2026-06-26	17.65	19.67	17.6	19.29	4293427
MITK	2026-06-29	19.27	19.76	19	19.59	2248383
MITK	2026-06-30	19.4	20.165	19.2202	20.13	949384
MITK	2026-07-01	20.31	21.05	20.1201	20.14	1183917
MITK	2026-07-02	20.12	20.4425	19.18	19.21	968500
MITK	2026-07-06	19	19.9	18.73	19.87	892577
MITK	2026-07-07	20.12	20.5	19.27	19.43	649973
MITK	2026-07-08	18.892	19.19	18.08	18.47	879530
MITK	2026-07-09	18.25	19.6	18.21	19.44	625033
MITK	2026-07-10	19.59	19.75	19.06	19.33	430559
MITK	2026-07-13	19.33	19.56	18.94	19.38	577314
MITK	2026-07-14	19.04	19.85	19.04	19.46	451482
MITK	2026-07-15	19.64	19.95	19.28	19.33	441193
MITK	2026-07-16	19.33	19.765	18.92	19.25	674031
MITK	2026-07-17	18.74	19.48	18.59	18.97	825153
MITK	2026-07-20	18.97	19.22	18.62	18.7	560944
MITK	2026-07-21	18.69	18.925	18.125	18.44	553165
MITK	2026-07-22	18.28	18.3	17.07	17.16	789687
MITK	2026-07-23	16.845	17.16	15.83	15.91	1334883
MITK	2026-07-24	16.24	17.18	16.055	16.87	765035
MITK	2026-07-27	17.37	17.535	16.93	17.01	563240
MITK	2026-07-28	17.14	17.35	16.28	16.78	693465
MITK	2026-07-29	16.79	17.2	16.59	16.73	586104
MITK	2026-07-30	17.115	17.4391	16.8717	17.07	584681
MITK	2026-07-31	17.16	17.4245	16.59	16.7	487179
MITK	2026-08-03	17.118	17.34	16.85	16.99	535974
MITK	2026-08-04	16.98	18	16.85	17.72	561944
MITK	2026-08-05	17.8	17.8	17.07	17.13	392007
MITK	2026-08-06	16.64	17.075	16.47	16.81	502836
MITK	2026-08-07	20.498	20.674	17.23	18.49	2075906
MITK	2026-08-10	18.16	18.89	17.94	18.55	1479661
MITK	2026-08-11	18.5	18.94	18.1	18.52	769215
MITK	2026-08-12	18.5	18.68	18.045	18.57	747242
MITK	2026-08-13	18.85	19.08	18.43	18.91	492356
MITK	2026-08-14	19.04	19.48	18.97	19.43	602990
MITK	2026-08-17	19.3	19.37	18.31	18.53	800245
MITK	2026-08-18	18.31	18.82	18.11	18.18	639446
MITK	2026-08-19	18.37	19.13	18.37	18.88	740320
MITK	2026-08-20	18.63	19.26	18.51	18.52	750980
MITK	2026-08-21	18.77	18.8168	17.771	18.56	1156217
MITK	2026-08-24	18.43	18.62	17.78	17.855	685112
MKTX	2026-05-01	158.27	158.77	152.76	152.87	665623
MKTX	2026-05-04	152	156.74	151.8	154.89	369112
MKTX	2026-05-05	153.92	154.01	148.525	151.29	647123
MKTX	2026-05-06	150.47	152.12	148.47	148.84	556585
MKTX	2026-05-07	152.76	154.4065	146	152.66	1048666
MKTX	2026-05-08	150.96	151.885	145.95	147.53	571115
MKTX	2026-05-11	146.99	148.52	144.31	145.21	690193
MKTX	2026-05-12	145.41	145.47	141.19	141.37	604808
MKTX	2026-05-13	140.4	140.4	137.27	139.28	537399
MKTX	2026-05-14	139.77	142.05	138.04	140.51	418770
MKTX	2026-05-15	141.77	142.93	138.44	138.45	537411
MKTX	2026-05-18	138.88	142.74	138.535	141.11	783595
MKTX	2026-05-19	142.54	145.375	140.42	141.87	614810
MKTX	2026-05-20	139.88	140.315	137.59	137.78	525139
MKTX	2026-05-21	137.03	137.52	135.22	136.25	668731
MKTX	2026-05-22	135.08	137.26	135	137.13	814577
MKTX	2026-05-26	135.54	136.06	130.96	131.23	695855
MKTX	2026-05-27	130.14	133	130.14	130.94	524488
MKTX	2026-05-28	131	132.741	130.375	131.55	704515
MKTX	2026-05-29	131.24	131.29	129.55	130.04	695211
MKTX	2026-06-01	130.24	131.57	128.94	129.29	691318
MKTX	2026-06-02	129	129.665	122.515	123.18	835468
MKTX	2026-06-03	123.05	124.585	120.89	122.98	755902
MKTX	2026-06-04	125.04	126	119.86	120.62	900208
MKTX	2026-06-05	120.92	122.27	115.55	116.93	1091098
MKTX	2026-06-08	115.85	117.125	113.29	116.17	987902
MKTX	2026-06-09	115	118.74	114.715	116.51	929832
MKTX	2026-06-10	116.03	117.79	114.66	116.11	674153
MKTX	2026-06-11	114.85	116.78	113.62	116.33	807227
MKTX	2026-06-12	118.71	121.11	117.31	120.89	672220
MKTX	2026-06-15	120.72	123.89	120.03	121	681613
MKTX	2026-06-16	122.19	125.21	120.31	124.81	825959
MKTX	2026-06-17	123.07	124.765	119.105	119.9	1315564
MKTX	2026-06-18	121.38	122.97	119.44	120.33	1239524
MKTX	2026-06-22	119.84	120.4	116.76	117.12	1131319
MKTX	2026-06-23	119.32	120.37	116.66	118.17	620003
MKTX	2026-06-24	118.05	119.67	113.29	113.46	664512
MKTX	2026-06-25	112.83	114.08	108.75	109.09	693892
MKTX	2026-06-26	110.08	113.2841	110.08	112.54	1043812
MKTX	2026-06-29	114.28	114.81	108.8	109.93	709183
MKTX	2026-06-30	108.78	114.555	108.76	113.49	667877
MKTX	2026-07-01	115.33	117.37	113.78	114.49	586754
MKTX	2026-07-02	116.13	117.79	113.67	116.53	667224
MKTX	2026-07-06	115.99	116.97	113.46	116.44	753410
MKTX	2026-07-07	117.73	120.02	115.18	118.6	720859
MKTX	2026-07-08	116.56	119.87	115.78	117.14	475735
MKTX	2026-07-09	114.2	115.765	112.24	113.98	752383
MKTX	2026-07-10	115.12	116.32	113.33	113.86	517179
MKTX	2026-07-13	116.24	116.4	113.6	115.37	413016
MKTX	2026-07-14	113.92	115.38	112.424967	114.87	445272
MKTX	2026-07-15	114.88	117.36	114.27	115.63	405270
MKTX	2026-07-16	116.73	116.73	114.05	115.5	445873
MKTX	2026-07-17	116.45	118.04	112.94	113.8	355219
MKTX	2026-07-20	113.02	115.05	112.04	114.92	355283
MKTX	2026-07-21	113.05	115.1	111.9	112.27	461845
MKTX	2026-07-22	113.99	115.55	112.63	112.95	463185
MKTX	2026-07-23	113.76	114.885	112.9	114.31	490786
MKTX	2026-07-24	114.34	116.8	113.46	116.69	440230
MKTX	2026-07-27	117.48	118.35	116.25	117.97	454852
MKTX	2026-07-28	118.53	122.305	118.53	122.05	446428
MKTX	2026-07-29	121.88	126.16	121.54	125.73	645815
MKTX	2026-07-30	163.15	163.94	162.3	162.76	9488696
MKTX	2026-07-31	162.74	162.96	162	162.3	5188755
MKTX	2026-08-03	162.49	162.74	162.21	162.28	1603029
MKTX	2026-08-04	162.35	162.475	162.2	162.35	1090957
MKTX	2026-08-05	162.44	162.555	162.31	162.41	1420694
MKTX	2026-08-06	162.5	162.71	162.41	162.62	912365
MKTX	2026-08-07	162.65	162.755	162.435	162.53	805737
MKTX	2026-08-10	162.6	162.71	162.48	162.5	999603
MKTX	2026-08-11	162.55	162.67	162.5	162.53	980190
MKTX	2026-08-12	162.56	162.68	162.52	162.6	1154972
MKTX	2026-08-13	162.6	162.71	162.57	162.6	1066763
MKTX	2026-08-14	162.68	162.7	162.56	162.57	1104840
MKTX	2026-08-17	162.62	162.705	162.4	162.56	1200440
MKTX	2026-08-18	162.6	162.71	162.41	162.57	1382352
MKTX	2026-08-19	161.91	162.14	161.74	161.74	1242232
MKTX	2026-08-20	161.89	161.97	161.742	161.9	1419723
MKTX	2026-08-21	161.97	162.22	161.87	162.11	1213827
MKTX	2026-08-24	162.17	162.67	162.08	162.46	1093606
MPLT	2026-05-01	31.36	31.83	30.4	30.7	229697
MPLT	2026-05-04	30.55	30.55	26.39	28.61	385345
MPLT	2026-05-05	29	29.25	27.76	27.92	212355
MPLT	2026-05-06	28.22	29.66	27.675	29.04	267979
MPLT	2026-05-07	28.49	30.14	27.885	29.2	210459
MPLT	2026-05-08	29.22	29.95	27	27.4	292226
MPLT	2026-05-11	27.26	30.99	27.26	30.09	288236
MPLT	2026-05-12	29.45	30.53	28.585	30.3	179171
MPLT	2026-05-13	30.13	31.34	29.435	30.67	190201
MPLT	2026-05-14	31.23	31.23	28.2	29.29	275888
MPLT	2026-05-15	28.46	29.72	27.79	28.73	176870
MPLT	2026-05-18	28.2	28.21	25.21	26.5	535022
MPLT	2026-05-19	26.19	27.31	25.49	27.08	186520
MPLT	2026-05-20	27.22	28.13	25.52	27.81	196648
MPLT	2026-05-21	28.11	29.43	27.02	29.28	158904
MPLT	2026-05-22	29.54	29.97	28.3	28.75	164135
MPLT	2026-05-26	28.26	29.73	28.2477	29.46	211969
MPLT	2026-05-27	29.99	30.825	29.29	29.55	269200
MPLT	2026-05-28	29.26	30.365	28.595	29.78	485683
MPLT	2026-05-29	29.56	30.69	29.12	29.31	436845
MPLT	2026-06-01	28.99	30.03	28.4	29.76	270553
MPLT	2026-06-02	29.91	29.91	26.9644	27.34	467773
MPLT	2026-06-03	27.26	28.37	25.6601	28.34	193138
MPLT	2026-06-04	28.2	30.93	27.76	30.1	397280
MPLT	2026-06-05	30.1	30.1	27.15	28.01	478190
MPLT	2026-06-08	28.4	29.58	27.605	29.46	235071
MPLT	2026-06-09	29.83	30.5999	28.135	29.27	251905
MPLT	2026-06-10	29.32	30.51	27.66	27.8	184018
MPLT	2026-06-11	27.93	30.81	27.745	30.35	255453
MPLT	2026-06-12	30.85	31.28	27.44	27.75	324401
MPLT	2026-06-15	27.89	28.425	27.0701	27.96	204991
MPLT	2026-06-16	27.97	28.57	26.735	27.16	203074
MPLT	2026-06-17	27.21	29.56	27.21	29.21	410718
MPLT	2026-06-18	30.01	30.41	28.66	28.82	1466884
MPLT	2026-06-22	27.98	31.52	27.98	29.79	654792
MPLT	2026-06-23	28.33	30.185	28.33	28.64	360123
MPLT	2026-06-24	28.61	30.74	28.18	30.65	386237
MPLT	2026-06-25	30.88	32.47	30.86	31.96	463255
MPLT	2026-06-26	31.89	34.37	31.16	33.28	1708355
MPLT	2026-06-29	33.43	34.519	32.425	34.3	362022
MPLT	2026-06-30	34.35	37.025	33.715	35.84	418194
MPLT	2026-07-01	35.48	36.84	33.92	36.08	504701
MPLT	2026-07-02	36.42	37.61	34.97	37.09	367146
MPLT	2026-07-06	37.09	37.46	34.765	35.04	234384
MPLT	2026-07-07	35.05	37.265	34.31	37.06	588335
MPLT	2026-07-08	36.74	38.76	35.6	38.53	374003
MPLT	2026-07-09	39.275	39.91	39.13	39.8	206491
MPLT	2026-07-10	40.43	40.43	36.545	39.32	1183970
MPLT	2026-07-13	38.46	39.28	35.63	36.57	511492
MPLT	2026-07-14	36.84	38.16	35.28	37.91	269490
MPLT	2026-07-15	37.54	37.78	35.52	37.33	703072
MPLT	2026-07-16	36.77	38.005	35.935	37.22	985435
MPLT	2026-07-17	36.37	38.625	35.52	37.87	778796
MPLT	2026-07-20	38.11	38.925	35.97	35.99	599287
MPLT	2026-07-21	37.3	38.26	36.03	37.44	557560
MPLT	2026-07-22	37.7	37.7	35.28	35.31	265912
MPLT	2026-07-23	34.86	36.035	34.495	35.23	376378
MPLT	2026-07-24	35.46	36.97	34.38	36.56	547376
MPLT	2026-07-27	12.98	14.5	9.905	9.905	8049197
MPLT	2026-07-28	9.56	12.31	9.1	12.31	5526358
MPLT	2026-07-29	12.63	16.07	12.56	15.02	3084865
MPLT	2026-07-30	15.17	15.5	13.51	14.03	3152017
MPLT	2026-07-31	14.42	14.99	13	13.02	1143403
MPLT	2026-08-03	12.85	13.14	12.08	12.55	987739
MPLT	2026-08-04	12.57	13.03	12.37	12.94	847437
MPLT	2026-08-05	13.32	13.39	12.76	12.92	885520
MPLT	2026-08-06	12.76	13.74	12.71	13.28	475395
MPLT	2026-08-07	13.28	13.61	12.09	12.17	431253
MPLT	2026-08-10	11.06	12.52	10.84	12.18	551118
MPLT	2026-08-11	12.16	12.29	11.5872	11.98	358255
MPLT	2026-08-12	12.15	12.32	11.325	11.38	477002
MPLT	2026-08-13	11.92	12.32	11.51	11.58	500718
MPLT	2026-08-14	12.04	12.25	11.23	11.75	451403
MPLT	2026-08-17	11.76	11.7868	10.96	11.245	620447
MPLT	2026-08-18	11.2	11.93	11.08	11.82	543149
MPLT	2026-08-19	12.11	12.32	11.69	12.15	896181
MPLT	2026-08-20	12.07	12.2093	10.96	11.23	555301
MPLT	2026-08-21	11.35	11.61	11.065	11.21	435204
MPLT	2026-08-24	11.21	11.44	10.51	11.36	563247
MRAM	2026-05-01	18.3	22.69	18.19	21.49	4665220
MRAM	2026-05-04	21.42	21.5	18.71	18.75	4035877
MRAM	2026-05-05	18.81	19.6594	17.48	19.05	2830287
MRAM	2026-05-06	19.14	21.989	18.5	21.56	3340556
MRAM	2026-05-07	21.48	22.28	20.3	21.51	2806073
MRAM	2026-05-08	22.1749	27.63	21.65	26.99	4975480
MRAM	2026-05-11	36.102	44.67	33.66	39.86	27768759
MRAM	2026-05-12	36.465	44.5	34.03	44.01	13064363
MRAM	2026-05-13	50.21	51.5	41.3	41.46	15263722
MRAM	2026-05-14	41.39	42.47	37.68	40.63	6877101
MRAM	2026-05-15	38	40	36.2301	37.57	4376863
MRAM	2026-05-18	38.66	38.66	31.31	33.35	5616316
MRAM	2026-05-19	31	34	29.5	31.72	4558748
MRAM	2026-05-20	32.6	32.65	28.2001	28.94	4032901
MRAM	2026-05-21	30.63	32.8777	29.585	32.45	3501018
MRAM	2026-05-22	32.11	36.7399	30	33.68	6267940
MRAM	2026-05-26	34.4	34.69	29.61	32.7	7434161
MRAM	2026-05-27	31.89	34.3599	28.852	29.97	5666918
MRAM	2026-05-28	30.03	32.3	28.295	31.26	3856282
MRAM	2026-05-29	31.35	31.73	26.03	26.38	5652407
MRAM	2026-06-01	26.13	31.8	25.5415	30.11	4756728
MRAM	2026-06-02	29.095	33.2092	29.095	30.11	3770421
MRAM	2026-06-03	29.995	31.31	27.75	28.57	2901457
MRAM	2026-06-04	27.18	29.484	26.57	28.42	1522237
MRAM	2026-06-05	27	27.21	23.62	23.66	2567109
MRAM	2026-06-08	25.05	25.1	23.8	24.3	1418789
MRAM	2026-06-09	25.26	25.9679	21.25	23.28	2320281
MRAM	2026-06-10	22.38	24.8379	22.37	22.86	1173256
MRAM	2026-06-11	23.565	24.23	22.39	24.2	1193413
MRAM	2026-06-12	24.55	25.45	23.3	24.41	1441401
MRAM	2026-06-15	26.8168	28.94	26.01	27.85	3467465
MRAM	2026-06-16	28.425	28.7564	26.11	26.16	2340247
MRAM	2026-06-17	27.51	27.51	25.01	25.68	1692342
MRAM	2026-06-18	27.08	27.85	25.97	27.11	3812279
MRAM	2026-06-22	28.29	28.8499	24.47	25.53	2840801
MRAM	2026-06-23	23.34	24.78	22.4	22.55	2053148
MRAM	2026-06-24	22.71	22.78	20.7	21.4	1571046
MRAM	2026-06-25	22.8	22.99	20.3501	21.84	1542685
MRAM	2026-06-26	20.93	22.16	20.8	21.75	4056258
MRAM	2026-06-29	21.17	22.71	20.24	22.53	1462774
MRAM	2026-06-30	22.27	24.41	22.186	24.18	1452401
MRAM	2026-07-01	22.755	23.44	22.08	22.34	1247615
MRAM	2026-07-02	22.27	22.445	18.715	19.14	2209828
MRAM	2026-07-06	19.65	21.0799	19.5	19.62	930447
MRAM	2026-07-07	18.75	18.93	17.28	17.68	1632488
MRAM	2026-07-08	17.47	18.17	16.53	17.39	1258518
MRAM	2026-07-09	18.08	18.8	17.7518	18.14	1290551
MRAM	2026-07-10	17.87	18.76	17.62	18.42	897302
MRAM	2026-07-13	17.66	17.72	16.75	16.93	847706
MRAM	2026-07-14	17.93	18.0254	17.1	17.49	645797
MRAM	2026-07-15	17.75	17.888	15.94	16.4	961395
MRAM	2026-07-16	15.735	15.95	14.44	14.675	1956905
MRAM	2026-07-17	13.97	14.8838	13.475	14.55	1204601
MRAM	2026-07-20	15	15.11	14.32	14.43	902301
MRAM	2026-07-21	15.44	16.19	15.045	16.03	1024567
MRAM	2026-07-22	15.5	16.8199	15.3001	16.06	1567224
MRAM	2026-07-23	15.34	17.06	15.34	16.6	1201161
MRAM	2026-07-24	16.2	16.3359	14.85	15.09	1123980
MRAM	2026-07-27	15.47	15.78	14.475	14.95	753644
MRAM	2026-07-28	14.395	14.4	13.26	13.97	1025957
MRAM	2026-07-29	13.95	14.19	12.87	12.93	1029174
MRAM	2026-07-30	13.6	14.51	13.6	14.46	949925
MRAM	2026-07-31	15.16	15.6642	14.15	14.53	977118
MRAM	2026-08-03	14.25	15.61	14	15.45	920677
MRAM	2026-08-04	18.15	18.3	16.7001	17.42	2353418
MRAM	2026-08-05	16.96	17.44	15.99	16.14	2608421
MRAM	2026-08-06	15.582	16.61	15.05	15.65	1822408
MRAM	2026-08-07	16.41	16.8699	15.5501	16.64	1593634
MRAM	2026-08-10	16.9	17.1099	15.77	15.93	1004010
MRAM	2026-08-11	16.34	16.54	15.8091	16.44	558856
MRAM	2026-08-12	17.14	17.8917	17	17.06	1212935
MRAM	2026-08-13	16.835	17.5285	16.57	16.83	1025405
MRAM	2026-08-14	17.05	18.91	17.04	18.88	1540064
MRAM	2026-08-17	19.84	20.15	18.96	19.85	1927429
MRAM	2026-08-18	18.51	19.4913	17.4405	18.45	1960720
MRAM	2026-08-19	18.905	18.905	16.84	17.44	1531797
MRAM	2026-08-20	17.1	17.75	16.66	16.97	1100123
MRAM	2026-08-21	17.28	17.3799	16.4044	17.11	890612
MRAM	2026-08-24	16.5	16.5688	15.9	16.14	953958
MRDN	2026-05-01	10	11.4937	9.31	11	84683
MRDN	2026-05-04	11.47	16.0895	11.2152	12.85	409841
MRDN	2026-05-05	11.69	12.84	11	11.19	100122
MRDN	2026-05-06	11.37	13.5	11.35	13.31	41420
MRDN	2026-05-07	13.02	13.07	9.43	10.98	70857
MRDN	2026-05-08	11.22	13.9	11.1101	13.44	93099
MRDN	2026-05-11	13.01	13.85	11.21	11.37	96139
MRDN	2026-05-12	11.48	12.495	10.91	10.97	78181
MRDN	2026-05-13	11.08	11.53	10.66	10.85	42801
MRDN	2026-05-14	11.15	11.4399	10	10.5	61659
MRDN	2026-05-15	10.62	11.13	10.37	10.9	54682
MRDN	2026-05-18	11.01	11.645	10.47	10.99	50244
MRDN	2026-05-19	10.99	11.84	10.99	11.25	51805
MRDN	2026-05-20	11.4	11.4	10.25	10.7	28138
MRDN	2026-05-21	10.73	11.34	9.76	10.3	48533
MRDN	2026-05-22	10.28	10.45	9.72	10.37	31020
MRDN	2026-05-26	10.24	10.775	9.87	10.54	63394
MRDN	2026-05-27	10.3	10.7299	10.06	10.47	24658
MRDN	2026-05-28	10.38	11.5	10.365	11.07	46910
MRDN	2026-05-29	11.11	12.1	11.0564	11.63	67706
MRDN	2026-06-01	11.71	12.7	11.51	12.43	63762
MRDN	2026-06-02	12.32	12.52	11.7	12.38	36133
MRDN	2026-06-03	12.36	12.45	11.56	12.15	28299
MRDN	2026-06-04	11.97	12.54	11.66	12.22	32846
MRDN	2026-06-05	11.6702	12.48	11.6702	12.25	31177
MRDN	2026-06-08	12.25	12.94	11.5901	12.76	34728
MRDN	2026-06-09	12.76	13.14	12.0237	12.92	32676
MRDN	2026-06-10	12.85	13.79	12.815	12.95	65569
MRDN	2026-06-11	12.95	13.15	12.69	12.81	56459
MRDN	2026-06-12	12.84	14.394	11.77	14.325	75361
MRDN	2026-06-15	14.37	15	13.28	14.69	129290
MRDN	2026-06-16	14.47	14.68	13.525	13.6	48050
MRDN	2026-06-17	13.48	13.8	13	13.29	42153
MRDN	2026-06-18	13.41	14.375	13.41	14.32	81842
MRDN	2026-06-22	14.04	14.25	12.935	13.21	76449
MRDN	2026-06-23	13.41	14	13.21	13.21	32814
MRDN	2026-06-24	13.13	13.98	13.13	13.22	56918
MRDN	2026-06-25	13.09	13.36	12.2	12.23	92821
MRDN	2026-06-26	12.15	13.8	12.15	13.29	200710
MRDN	2026-06-29	13.47	14.6	13.25	14.35	79320
MRDN	2026-06-30	14	14.17	13.45	13.92	66246
MRDN	2026-07-01	14	14.13	13.33	13.74	59230
MRDN	2026-07-02	13.75	14.3	13.39	13.57	51739
MRDN	2026-07-06	13.5	13.64	13.29	13.63	19801
MRDN	2026-07-07	13.68	13.99	13.17	13.5	54805
MRDN	2026-07-08	13.31	14.22	13.29	14.11	96911
MRDN	2026-07-09	14.15	14.95	13.26	14.09	98431
MRDN	2026-07-10	14.06	14.3	13.81	14.08	73522
MRDN	2026-07-13	14.08	14.85	13.9	14.33	91859
MRDN	2026-07-14	14.27	15	13.455	14.03	57747
MRDN	2026-07-15	13.96	14.98	13.705	14.72	79557
MRDN	2026-07-16	14.5	14.565	13.76	13.92	72407
MRDN	2026-07-17	13.79	14.175	13.43	13.52	52092
MRDN	2026-07-20	13.43	14.01	13.33	13.5	60570
MRDN	2026-07-21	13.56	13.68	13.2	13.65	28747
MRDN	2026-07-22	13.5	13.73	13.1	13.33	66299
MRDN	2026-07-23	13.26	13.3	11.91	12.08	78899
MRDN	2026-07-24	12.12	13.5	12.12	13.26	64526
MRDN	2026-07-27	13.26	14.155	13	13.73	105944
MRDN	2026-07-28	13.69	14.99	13.11	14.1	129217
MRDN	2026-07-29	13.88	13.88	10.6	11.01	132863
MRDN	2026-07-30	11.37	12.3272	10.4	11.155	54524
MRDN	2026-07-31	11.3	11.465	10.255	11.27	66709
MRDN	2026-08-03	11.79	14.15	11.79	13.96	163442
MRDN	2026-08-04	13.83	15.39	13.36	14.335	129645
MRDN	2026-08-05	14.41	14.47	13.78	14.01	55156
MRDN	2026-08-06	14	14.565	13.53	13.74	41075
MRDN	2026-08-07	13.95	14.68	13.88	14.42	60545
MRDN	2026-08-10	14.25	14.55	12.91	13.24	101347
MRDN	2026-08-11	13.19	14.19	13.19	13.99	51295
MRDN	2026-08-12	13.85	14.23	13.6	14.05	75029
MRDN	2026-08-13	13.95	14.37	13.4	14.08	59668
MRDN	2026-08-14	14.16	14.5	13.53	14.29	64800
MRDN	2026-08-17	14.1	14.775	13.89	14.33	133698
MRDN	2026-08-18	14.26	14.48	13.93	14.095	68113
MRDN	2026-08-19	13.96	14.46	13.9	14.05	65544
MRDN	2026-08-20	13.95	14.26	13.68	13.99	61043
MRDN	2026-08-21	13.99	14.45	13.49	14.14	78664
MRDN	2026-08-24	14.14	14.55	13.49	14.16	55284
MRNA	2026-05-01	46.635	48.4	43.68	45.37	10207164
MRNA	2026-05-04	45.32	47.965	45.29	47.3	7580708
MRNA	2026-05-05	47.675	47.73	45.78	46.71	4822247
MRNA	2026-05-06	47.105	49.05	46.73	48.79	4372305
MRNA	2026-05-07	51.69	52	47.78	48.54	8453729
MRNA	2026-05-08	49	57.779	48.98	54.35	20752269
MRNA	2026-05-11	58.08	59.48	51.3901	52.88	24034727
MRNA	2026-05-12	52.24	54.62	51.25	53.27	10751960
MRNA	2026-05-13	52.852	53.055	49.99	50.42	7465795
MRNA	2026-05-14	49.5	50.8	48.71	50.03	7045177
MRNA	2026-05-15	48.43	49.88	47.91	49.04	7030609
MRNA	2026-05-18	49.98	50.5	47.64	48.11	4999862
MRNA	2026-05-19	47.61	47.64	45.625	45.72	5365265
MRNA	2026-05-20	46.04	48.77	45.95	48.12	4745622
MRNA	2026-05-21	47.63	47.93	46.484	47.26	4754523
MRNA	2026-05-22	47.54	48.35	46.77	46.88	4213156
MRNA	2026-05-26	47.21	48.6717	46.17	47.03	3985163
MRNA	2026-05-27	47.02	49.075	46.87	47.61	3591088
MRNA	2026-05-28	47.245	47.58	45.89	47.57	4720192
MRNA	2026-05-29	47.27	49.26	46.82	47.19	6306062
MRNA	2026-06-01	47.07	47.07	44.2	46.06	6166930
MRNA	2026-06-02	45.35	46.17	43.9	45.64	5672889
MRNA	2026-06-03	45.3	49.55	45.3	49.06	6886414
MRNA	2026-06-04	49.398	51.9	48.94	51.59	6696099
MRNA	2026-06-05	50.77	51.53	46.38	47.44	6070503
MRNA	2026-06-08	48.22	48.99	46.8	47.6	3925616
MRNA	2026-06-09	48.42	48.42	45.4	47.73	5075477
MRNA	2026-06-10	47.215	48.52	45.67	45.99	4201598
MRNA	2026-06-11	46.43	49.94	46.3	49.64	6188464
MRNA	2026-06-12	49.98	51.75	49.62	49.91	5077860
MRNA	2026-06-15	51.37	52.23	49.8401	52.13	6328201
MRNA	2026-06-16	52.24	57.79	51.66	55.4	13015150
MRNA	2026-06-17	56.21	62.3	54.51	61.8	12366043
MRNA	2026-06-18	63.96	67.74	60.73	63.96	24041253
MRNA	2026-06-22	64.07	65.51	57.5	59.345	8313431
MRNA	2026-06-23	59.05	63.98	58.34	61	6816700
MRNA	2026-06-24	61.17	62.75	59.85	60.42	5134675
MRNA	2026-06-25	60.33	61.8565	57.908	59.75	6168758
MRNA	2026-06-26	59.465	69.285	59.23	67.27	14401650
MRNA	2026-06-29	67.945	69.9	66.3	69.7	7917439
MRNA	2026-06-30	69.835	73.28	69.22	70.03	8681356
MRNA	2026-07-01	70.04	73.91	68.8655	72.5	6692470
MRNA	2026-07-02	73.71	81.4	73.68	79.76	13489246
MRNA	2026-07-06	78.55	85.6	77.5	81.8	14571593
MRNA	2026-07-07	82.1	82.9	77.41	79.77	6932312
MRNA	2026-07-08	77.34	78.3	73.3401	73.8	6545770
MRNA	2026-07-09	73.8	76.84	73.14	76.56	4343874
MRNA	2026-07-10	76.722	76.722	67.31	68.27	9142812
MRNA	2026-07-13	66.33	69.55	65.54	67.01	8514671
MRNA	2026-07-14	66.67	67.89	65.8	67.44	5474033
MRNA	2026-07-15	67.79	68.49	65.95	68.28	3418829
MRNA	2026-07-16	67.07	67.42	62.8	63.15	5579167
MRNA	2026-07-17	61.68	63.28	61.06	61.82	4543225
MRNA	2026-07-20	61.46	62.4251	59.3	59.49	4943704
MRNA	2026-07-21	59.51	60.83	58.61	59.66	4116413
MRNA	2026-07-22	59.52	59.86	57.74	58.07	3764801
MRNA	2026-07-23	57.2	58.43	56.275	57.02	4454400
MRNA	2026-07-24	57.255	57.46	53.85	54.07	4398086
MRNA	2026-07-27	54.75	57.07	54.39	55.63	5036752
MRNA	2026-07-28	54.831	55.85	53.345	55.805	5523004
MRNA	2026-07-29	55.04	56.25	54.1601	54.49	4338643
MRNA	2026-07-30	55.965	58.08	54.52	57.92	4424240
MRNA	2026-07-31	57.85	59.49	54.71	54.82	7754137
MRNA	2026-08-03	54.925	58	52.6601	55.14	5171594
MRNA	2026-08-04	56.84	58.34	55.875	56.99	3993591
MRNA	2026-08-05	58	59.4496	55.58	56.255	5145481
MRNA	2026-08-06	57.54	59	53.71	53.86	5577574
MRNA	2026-08-07	54.79	59.415	54.62	59.17	6799144
MRNA	2026-08-10	59.75	60.77	58.41	59.81	6226544
MRNA	2026-08-11	60.21	61.4	58.6	60.57	6548640
MRNA	2026-08-12	60.58	64.26	59.29	63.67	6042418
MRNA	2026-08-13	63.8	65.33	62.33	63.65	8155962
MRNA	2026-08-14	62.89	63.7822	60.82	63.32	4690081
MRNA	2026-08-17	64.775	65.525	62.91	64.46	3822085
MRNA	2026-08-18	63.04	64.46	62.1293	62.96	4297110
MRNA	2026-08-19	116.02	176.66	114.46	174.38	191705760
MRNA	2026-08-20	150.14	155	128.61	133.32	97678331
MRNA	2026-08-21	133.11	159.47	132.42	145.13	86956733
MRNA	2026-08-24	142.7	145.5	130	138.89	31521798
MRVI	2026-05-01	3.7	3.765	3.66	3.73	871845
MRVI	2026-05-04	3.7	3.8151	3.63	3.79	1263553
MRVI	2026-05-05	3.82	3.94	3.77	3.85	1125479
MRVI	2026-05-06	3.91	3.955	3.805	3.94	3551305
MRVI	2026-05-07	3.98	4.055	3.74	3.94	4482136
MRVI	2026-05-08	4.39	4.95	4.36	4.85	11205507
MRVI	2026-05-11	4.84	4.995	4.615	4.74	4703300
MRVI	2026-05-12	4.67	4.755	4.55	4.66	2033040
MRVI	2026-05-13	4.66	4.75	4.34	4.37	2130624
MRVI	2026-05-14	4.37	4.43	4.19	4.29	2039548
MRVI	2026-05-15	4.21	4.225	4.1	4.15	1537467
MRVI	2026-05-18	4.102	4.225	4	4.08	2286946
MRVI	2026-05-19	4.05	4.28	4	4.22	2193252
MRVI	2026-05-20	4.23	4.43	4.07	4.43	3435212
MRVI	2026-05-21	4.37	4.5	4.325	4.48	2633718
MRVI	2026-05-22	4.48	4.52	4.3413	4.4	2218087
MRVI	2026-05-26	4.4	4.465	4.32	4.38	5112596
MRVI	2026-05-27	4.4	4.53	4.3419	4.37	1570409
MRVI	2026-05-28	4.38	4.715	4.38	4.64	2101045
MRVI	2026-05-29	4.67	4.96	4.67	4.8	2782012
MRVI	2026-06-01	4.8	4.8488	4.72	4.75	2052427
MRVI	2026-06-02	4.74	4.88	4.695	4.83	2532483
MRVI	2026-06-03	4.92	4.99	4.735	4.84	4932956
MRVI	2026-06-04	4.86	5.21	4.86	4.99	4447250
MRVI	2026-06-05	4.99	5.13	4.92	5.02	2263973
MRVI	2026-06-08	5.098	5.19	4.99	5.04	2807795
MRVI	2026-06-09	5.06	5.17	4.885	5.1	3115259
MRVI	2026-06-10	5.16	5.3	5.01	5.08	2704757
MRVI	2026-06-11	5.08	5.285	4.98	5.21	2737157
MRVI	2026-06-12	5.2	5.2483	4.9126	4.98	1675469
MRVI	2026-06-15	5.02	5.065	4.8514	4.96	2916015
MRVI	2026-06-16	4.96	5.14	4.92	5.01	1455919
MRVI	2026-06-17	5.04	5.315	5.03	5.22	1919776
MRVI	2026-06-18	5.31	5.31	5.01	5.2	8406012
MRVI	2026-06-22	5.28	5.325	5.09	5.25	1467297
MRVI	2026-06-23	5.25	5.42	5.23	5.37	1138489
MRVI	2026-06-24	5.46	5.785	5.46	5.76	3246377
MRVI	2026-06-25	5.77	6.22	5.77	6.12	6472109
MRVI	2026-06-26	6.11	6.29	5.83	6.22	6471079
MRVI	2026-06-29	6.16	6.55	6.1	6.39	3060557
MRVI	2026-06-30	6.415	6.415	6.05	6.24	3633704
MRVI	2026-07-01	6.19	6.42	6.115	6.15	2234640
MRVI	2026-07-02	6.14	6.27	5.965	6.04	1720726
MRVI	2026-07-06	5.97	6.025	5.815	5.9	2369050
MRVI	2026-07-07	5.9	5.965	5.745	5.92	2625160
MRVI	2026-07-08	5.84	5.85	5.67	5.76	2248477
MRVI	2026-07-09	5.77	6	5.77	5.97	1582250
MRVI	2026-07-10	5.94	6.11	5.83	6.09	4388810
MRVI	2026-07-13	6.002	6.405	5.999	6.36	3145856
MRVI	2026-07-14	6.46	6.635	6.33	6.51	5339754
MRVI	2026-07-15	6.47	7.07	6.42	7.04	4804155
MRVI	2026-07-16	7.04	7.115	6.66	7.09	5236268
MRVI	2026-07-17	6.91	7.255	6.81	7.24	2844060
MRVI	2026-07-20	7.21	7.305	6.98	6.99	2302496
MRVI	2026-07-21	6.9	7.17	6.74	7.1	2833268
MRVI	2026-07-22	7	7.18	6.95	7.1	2409970
MRVI	2026-07-23	7.09	7.44	7	7.05	2157971
MRVI	2026-07-24	7.09	7.13	6.75	6.76	1909963
MRVI	2026-07-27	6.8	6.925	6.66	6.69	2194505
MRVI	2026-07-28	6.74	7.02	6.7364	6.86	2392188
MRVI	2026-07-29	6.83	6.94	6.45	6.59	1931179
MRVI	2026-07-30	6.6	6.765	6.54	6.75	1251311
MRVI	2026-07-31	6.76	6.77	6.45	6.57	1087352
MRVI	2026-08-03	6.6	6.65	6.28	6.42	2044896
MRVI	2026-08-04	6.43	6.49	6.31	6.43	1606713
MRVI	2026-08-05	6.43	6.52	6.33	6.41	1199226
MRVI	2026-08-06	6.42	6.45	6.155	6.25	1431232
MRVI	2026-08-07	5.6	6.255	5.41	6.23	3964634
MRVI	2026-08-10	6.12	6.35	5.96	6.07	2242425
MRVI	2026-08-11	6.09	6.18	5.725	5.81	2424077
MRVI	2026-08-12	5.78	5.915	5.665	5.78	1739025
MRVI	2026-08-13	5.82	5.905	5.68	5.78	1407284
MRVI	2026-08-14	5.72	5.82	5.55	5.7	2377629
MRVI	2026-08-17	5.66	5.745	5.5838	5.68	2149058
MRVI	2026-08-18	5.65	5.79	5.53	5.74	1715705
MRVI	2026-08-19	6.717	7.7	6.717	7.22	15074726
MRVI	2026-08-20	7.44	8.3781	7.38	8.29	12981883
MRVI	2026-08-21	8.28	8.87	8.2	8.64	9379818
MRVI	2026-08-24	8.59	8.615	8.13	8.43	6963851
MRVL	2026-05-01	162.35	166.39	159.26	164.95	12999888
MRVL	2026-05-04	165.48	166.82	162.26	163.66	14316627
MRVL	2026-05-05	168.275	172.981	164.58	168.75	21474651
MRVL	2026-05-06	172.6	175.8	165	172.15	23060229
MRVL	2026-05-07	171.2	171.5193	158.55	160.01	23249044
MRVL	2026-05-08	164.685	170.5899	162.9	170.13	20518573
MRVL	2026-05-11	163.665	174.1589	162.4894	170.84	22753711
MRVL	2026-05-12	165.455	168.73	157.9604	164.5	21212964
MRVL	2026-05-13	169.09	182.31	168.91	177.95	31566587
MRVL	2026-05-14	180.875	192.15	177.33	182.58	32452771
MRVL	2026-05-15	173.9	182.14	173.34	176.89	24659291
MRVL	2026-05-18	181.772	182.71	165.1	168.93	24358763
MRVL	2026-05-19	164.61	181.64	162.852	176.27	24866790
MRVL	2026-05-20	183.45	193.32	182.28	186.8	29392225
MRVL	2026-05-21	192.51	194.58	188.2	190.69	21129413
MRVL	2026-05-22	194.72	198.395	192.22	196.33	19697022
MRVL	2026-05-26	211.24	217.45	200.04	208.26	41472067
MRVL	2026-05-27	217.98	218.2599	196.25	198.7	48350846
MRVL	2026-05-28	198.75	207.4	194.7	204.83	52328800
MRVL	2026-05-29	204.44	208.76	199.2001	205	33937442
MRVL	2026-06-01	198.91	225.14	195.12	219.43	32631202
MRVL	2026-06-02	253.46	291.3	252.43	290.79	103202528
MRVL	2026-06-03	317.63	324.2	294.0101	301.65	111635557
MRVL	2026-06-04	282.95	321.5	277.56	316.43	85513682
MRVL	2026-06-05	299.5	300.7243	261.39	263.47	88455721
MRVL	2026-06-08	288.69	304.96	281.36	288.85	83826856
MRVL	2026-06-09	299.76	302.4	244	266.88	93864405
MRVL	2026-06-10	263.5	272.47	252.26	252.59	53126355
MRVL	2026-06-11	260.54	282.32	258.43	280.71	56475331
MRVL	2026-06-12	270.07	287.98	267.31	279.7	41906765
MRVL	2026-06-15	296.71	312.9799	288.09	308.88	54412586
MRVL	2026-06-16	299.13	317	278.13	278.67	58600668
MRVL	2026-06-17	292.89	307.37	283.3201	289.54	50152943
MRVL	2026-06-18	305.465	329.88	302.36	310.58	250252987
MRVL	2026-06-22	313.39	314.1717	298.18	307.86	48310734
MRVL	2026-06-23	278.82	290.95	276.25	279.04	46054262
MRVL	2026-06-24	281.95	281.95	263.66	276.7	34684414
MRVL	2026-06-25	291.175	292.51	263.72	281.26	38759738
MRVL	2026-06-26	268.37	274.2	262	266.77	41741370
MRVL	2026-06-29	272.41	278.28	250.52	277.75	31009019
MRVL	2026-06-30	278.75	300	275.5032	297.89	36538019
MRVL	2026-07-01	282.47	292.5	271.345	272.05	33407600
MRVL	2026-07-02	269.5	274.95	237.2	245.29	38428886
MRVL	2026-07-06	254.82	260.46	249.04	249.27	25121767
MRVL	2026-07-07	234.92	237.44	222.94	230.7	34898514
MRVL	2026-07-08	225.16	236.79	224.98	231.71	24581455
MRVL	2026-07-09	246.175	251.7	241.1	243.27	20968807
MRVL	2026-07-10	237.79	240.94	232.02	235.81	14943188
MRVL	2026-07-13	228.775	228.8	215.28	217.53	25170235
MRVL	2026-07-14	231.565	232	218.6301	222.44	19725052
MRVL	2026-07-15	222.155	223.3	201.22	206.26	26669280
MRVL	2026-07-16	200.12	201.94	186.15	188.3	34606694
MRVL	2026-07-17	182.225	194.05	177.95	188.68	29445364
MRVL	2026-07-20	193.005	202.08	191.99	194.94	25081772
MRVL	2026-07-21	205.555	210.6	202.84	207.96	21820728
MRVL	2026-07-22	201.15	214.92	200.58	210.99	16394622
MRVL	2026-07-23	207.86	214.56	205.02	209.32	16193065
MRVL	2026-07-24	202.91	206.065	191.29	194.23	19691204
MRVL	2026-07-27	198.72	199.79	181.76	189.17	21508824
MRVL	2026-07-28	180	181.48	167.32	174.47	28766227
MRVL	2026-07-29	174.03	177.8	162.9	163.4	24866254
MRVL	2026-07-30	178.375	184.3499	175.15	183.3	28596981
MRVL	2026-07-31	199.375	201.35	187.12	187.56	26624471
MRVL	2026-08-03	180.52	194.44	177.57	193.775	20527608
MRVL	2026-08-04	210.01	222.67	208	218.59	33394117
MRVL	2026-08-05	215.98	222.38	210.29	211.02	16521749
MRVL	2026-08-06	205.565	219.462494	201.74	210.54	16496965
MRVL	2026-08-07	219.045	221.87	205.52	218.72	19415550
MRVL	2026-08-10	227.77	230.1	208.51	208.56	20042953
MRVL	2026-08-11	212	212.6599	206.43	212.31	13909395
MRVL	2026-08-12	225.9	226.89	216.88	217.08	24218005
MRVL	2026-08-13	217.68	231.38	217.18	222.18	19117704
MRVL	2026-08-14	221.395	223.5179	217.1	222.02	14340552
MRVL	2026-08-17	227.75	240.18	226.89	234.33	20463789
MRVL	2026-08-18	220.52	225.01	211.1	216	25500440
MRVL	2026-08-19	240.13	245.489	228.1001	237.27	43222877
MRVL	2026-08-20	237.565	251.73	234.527	251.01	28830585
MRVL	2026-08-21	252.39	252.52	233.28	237.04	25246634
MRVL	2026-08-24	229.22	231.7	220.4201	229.29	18183390
MTW	2026-05-01	13.52	13.78	13.375	13.51	150765
MTW	2026-05-04	13.36	13.44	12.8211	12.85	179869
MTW	2026-05-05	13.04	13.95	13.04	13.67	398722
MTW	2026-05-06	12.7	13.7	12.05	13.28	464866
MTW	2026-05-07	13.54	14.34	13.3	13.62	289304
MTW	2026-05-08	13.48	13.55	12.78	13.14	267168
MTW	2026-05-11	13.18	13.32	12.95	13.02	207907
MTW	2026-05-12	12.92	13.01	12.67	12.84	202872
MTW	2026-05-13	12.74	12.91	12.53	12.67	195929
MTW	2026-05-14	12.86	12.92	12.67	12.73	124862
MTW	2026-05-15	12.52	12.57	12.02	12.2	241928
MTW	2026-05-18	12.29	12.325	11.8001	11.87	262518
MTW	2026-05-19	11.8	11.87	11.32	11.35	299799
MTW	2026-05-20	11.48	11.765	11.4	11.67	217717
MTW	2026-05-21	11.51	11.865	11.28	11.69	165978
MTW	2026-05-22	11.65	11.88	11.37	11.57	252499
MTW	2026-05-26	11.74	12	11.62	11.8	148639
MTW	2026-05-27	11.98	12.16	11.875	12.04	183840
MTW	2026-05-28	11.93	12.23	11.86	12.06	338925
MTW	2026-05-29	12.1	12.265	11.79	11.83	231229
MTW	2026-06-01	11.5	11.8	11.29	11.6	316651
MTW	2026-06-02	11.73	12.3	11.7296	12.28	234300
MTW	2026-06-03	12.12	12.42	12.12	12.22	273068
MTW	2026-06-04	12.42	12.64	12.26	12.45	215613
MTW	2026-06-05	12.39	12.47	11.75	11.85	263190
MTW	2026-06-08	11.98	12.09	11.85	11.94	238201
MTW	2026-06-09	12.12	12.57	11.9	12.04	191952
MTW	2026-06-10	12.06	12.0899	11.68	11.77	232944
MTW	2026-06-11	11.92	12.2676	11.83	12.21	479371
MTW	2026-06-12	12.46	12.62	12.34	12.46	167802
MTW	2026-06-15	12.74	12.95	12.51	12.58	161047
MTW	2026-06-16	12.71	13.1	12.71	12.83	231399
MTW	2026-06-17	12.96	13.17	12.58	12.71	286097
MTW	2026-06-18	12.97	13.39	12.97	13.17	607858
MTW	2026-06-22	13.18	13.41	13.1406	13.25	224682
MTW	2026-06-23	13.03	13.29	12.73	13.08	303736
MTW	2026-06-24	13.1	13.615	13.065	13.47	203938
MTW	2026-06-25	13.54	14.5299	13.17	14.46	342959
MTW	2026-06-26	14.33	14.43	14.04	14.34	872143
MTW	2026-06-29	14.25	14.25	13.935	14.15	212323
MTW	2026-06-30	14.13	14.31	13.87	13.89	250579
MTW	2026-07-01	13.75	13.81	12.95	13.09	239695
MTW	2026-07-02	13.21	13.31	12.45	12.52	210341
MTW	2026-07-06	12.59	12.91	12.59	12.88	169321
MTW	2026-07-07	12.78	12.78	12	12.27	233091
MTW	2026-07-08	12.07	12.49	12.05	12.39	271254
MTW	2026-07-09	12.48	12.6	12.27	12.38	212835
MTW	2026-07-10	12.34	12.87	12.2942	12.78	129907
MTW	2026-07-13	12.8	13	12.63	12.72	380412
MTW	2026-07-14	12.92	13.2	12.6401	12.69	143686
MTW	2026-07-15	12.79	13.03	12.6	12.95	177996
MTW	2026-07-16	12.93	13.51	12.91	13.36	195661
MTW	2026-07-17	12.96	13.28	12.79	13.03	189149
MTW	2026-07-20	13.15	13.22	12.78	12.79	188986
MTW	2026-07-21	12.9	13.3	12.86	13.2	335796
MTW	2026-07-22	13.12	13.85	13.12	13.74	206367
MTW	2026-07-23	13.58	14.23	13.58	14.02	179102
MTW	2026-07-24	14.22	14.41	13.84	14.37	215770
MTW	2026-07-27	14.49	14.75	14.19	14.56	197138
MTW	2026-07-28	14.52	14.83	14.44	14.67	190792
MTW	2026-07-29	14.45	14.475	13.6	13.66	269281
MTW	2026-07-30	13.86	13.94	13.59	13.83	187918
MTW	2026-07-31	13.98	14.18	13.33	13.85	265514
MTW	2026-08-03	14.06	14.4511	13.79	14.31	222213
MTW	2026-08-04	14.55	14.7596	14.38	14.45	206170
MTW	2026-08-05	14.59	14.59	14.19	14.25	209184
MTW	2026-08-06	14.43	14.72	14.2	14.21	268724
MTW	2026-08-07	17.14	19.8	17.14	18.81	1344709
MTW	2026-08-10	18.7	19.28	18.3501	18.89	700732
MTW	2026-08-11	19.1	19.64	18.86	19.46	432496
MTW	2026-08-12	19.68	20.265	19.32	20.16	460740
MTW	2026-08-13	20.52	20.92	20.175	20.87	581229
MTW	2026-08-14	20.65	21.34	20.425	20.68	579265
MTW	2026-08-17	20.98	20.98	19.99	20.19	366598
MTW	2026-08-18	20	20.01	19.155	19.3	374601
MTW	2026-08-19	19.3	19.33	18.94	19.18	262039
MTW	2026-08-20	19.35	19.35	18.57	19.09	284836
MTW	2026-08-21	19.32	19.93	19.2	19.68	514524
MTW	2026-08-24	19.85	20.19	19.66	19.68	331712
NAKA	2026-05-01	7.6	7.96	7.26	7.936	160405
NAKA	2026-05-04	8	8.316	7.64	7.64	115648
NAKA	2026-05-05	8.12	8.18	7.66	7.8	104734
NAKA	2026-05-06	8.156	8.4	7.664	7.78	134172
NAKA	2026-05-07	7.636	7.996	6.76	7.2	124282
NAKA	2026-05-08	7.308	7.388	6.84	7.084	140480
NAKA	2026-05-11	6.98	7.436	6.84	7.236	98324
NAKA	2026-05-12	7.128	7.32	6.74	7.024	122875
NAKA	2026-05-13	7.024	7.024	6.68	6.792	108584
NAKA	2026-05-14	6.8	7.524	6.4	7.36	229824
NAKA	2026-05-15	7.36	7.564	7	7.5	135607
NAKA	2026-05-18	7.4	7.48	6.668	6.8	90637
NAKA	2026-05-19	7	7.068	6.684	6.828	73328
NAKA	2026-05-20	5.984	6.56	5.8	6.316	264144
NAKA	2026-05-21	6.248	6.7	6.04	6.624	157180
NAKA	2026-05-22	5.96	7.3181	5.77	7.23	481275
NAKA	2026-05-26	7.15	7.59	5.48	5.49	840724
NAKA	2026-05-27	5.43	5.5	4.5	5.4	982273
NAKA	2026-05-28	5.42	5.95	5.01	5.6	1022832
NAKA	2026-05-29	5.75	6.93	5.64	6.26	1179274
NAKA	2026-06-01	6.18	6.28	5.21	5.23	810842
NAKA	2026-06-02	5.2	5.5	4.9	4.97	493081
NAKA	2026-06-03	4.95	5.3	4.8	4.96	284798
NAKA	2026-06-04	4.88	4.9245	4.61	4.63	198975
NAKA	2026-06-05	4.68	4.68	4.125	4.31	313922
NAKA	2026-06-08	4.38	4.74	4.27	4.68	362276
NAKA	2026-06-09	4.63	4.95	4.25	4.32	452361
NAKA	2026-06-10	4.32	4.5058	4.05	4.08	242134
NAKA	2026-06-11	4.3	4.96	4.09	4.47	658717
NAKA	2026-06-12	4.44	4.62	4.32	4.32	259706
NAKA	2026-06-15	4.63	4.95	4.445	4.52	216078
NAKA	2026-06-16	4.5	4.77	4.26	4.46	163114
NAKA	2026-06-17	4.42	4.55	4.215	4.24	148653
NAKA	2026-06-18	4.25	4.3303	4.0801	4.21	169224
NAKA	2026-06-22	4.21	4.49	4.06	4.09	209176
NAKA	2026-06-23	4.01	4.115	3.895	3.91	174545
NAKA	2026-06-24	3.89	4.075	3.8	4.04	266739
NAKA	2026-06-25	4.1	4.24	3.86	3.95	229822
NAKA	2026-06-26	3.88	4.09	3.84	3.84	340719
NAKA	2026-06-29	3.9	4.24	3.8	4.2	431648
NAKA	2026-06-30	4.11	4.172	3.775	3.95	221686
NAKA	2026-07-01	3.98	4.2	3.91	4.01	180209
NAKA	2026-07-02	4.08	4.46	3.83	3.86	397335
NAKA	2026-07-06	3.87	4.28	3.82	4.04	240018
NAKA	2026-07-07	4.06	4.28	3.95	3.99	199938
NAKA	2026-07-08	3.89	3.94	3.68	3.75	252583
NAKA	2026-07-09	3.75	3.88	3.7001	3.81	174390
NAKA	2026-07-10	3.86	4.0296	3.76	3.79	139486
NAKA	2026-07-13	3.78	3.87	3.33	3.37	220366
NAKA	2026-07-14	3.46	4.015	3.4	3.98	441767
NAKA	2026-07-15	3.99	4.46	3.99	4.38	442293
NAKA	2026-07-16	4.26	4.5	3.96	3.97	230158
NAKA	2026-07-17	3.85	4.24	3.85	4.06	210136
NAKA	2026-07-20	4.19	4.65	3.93	4.63	331357
NAKA	2026-07-21	4.67	5.25	4.66	4.8	467853
NAKA	2026-07-22	4.72	4.96	4.6	4.87	226100
NAKA	2026-07-23	4.73	4.99	4.545	4.97	237536
NAKA	2026-07-24	5.01	5.16	4.81	4.87	118610
NAKA	2026-07-27	5	5.2695	4.42	4.69	125398
NAKA	2026-07-28	4.55	4.58	4.3205	4.52	94007
NAKA	2026-07-29	4.465	4.59	4.185	4.28	170765
NAKA	2026-07-30	4.4	4.9799	4.4	4.95	114469
NAKA	2026-07-31	4.92	4.95	4.65	4.75	64490
NAKA	2026-08-03	4.72	5.02	4.6031	4.85	71901
NAKA	2026-08-04	4.85	5.2	4.8	5.07	95541
NAKA	2026-08-05	4.94	5.05	4.85	4.85	43879
NAKA	2026-08-06	4.84	5	4.71	4.95	105944
NAKA	2026-08-07	4.95	5.33	4.83	4.98	133854
NAKA	2026-08-10	4.94	5.08	4.845	5.04	93423
NAKA	2026-08-11	5.06	5.1199	4.9686	5	54642
NAKA	2026-08-12	5.03	5.072	4.9	4.94	47262
NAKA	2026-08-13	4.97	5.15	4.87	5.05	117216
NAKA	2026-08-14	4.97	5.1	4.79	4.93	71555
NAKA	2026-08-17	4.84	5.31	4.84	5.03	95208
NAKA	2026-08-18	4.92	5.19	4.8881	5.01	51779
NAKA	2026-08-19	5.09	6.1	5.032	6.06	607881
NAKA	2026-08-20	6.11	6.38	5.95	6.3	305965
NAKA	2026-08-21	6.64	7.47	6.6	7.06	449444
NAKA	2026-08-24	7.25	7.46	6.77	7.2	270899
NBBK	2026-05-01	19.64	20.03	19.5	19.93	358700
NBBK	2026-05-04	19.75	20.16	19.63	19.85	372661
NBBK	2026-05-05	19.88	20.2	19.85	20.15	222489
NBBK	2026-05-06	20.19	20.59	20.125	20.48	546511
NBBK	2026-05-07	20.49	20.71	20.27	20.32	302295
NBBK	2026-05-08	20.33	20.45	20.025	20.12	277769
NBBK	2026-05-11	20.17	20.24	20.01	20.11	295566
NBBK	2026-05-12	20.07	20.13	19.7	20.06	333172
NBBK	2026-05-13	19.86	19.98	19.61	19.72	261530
NBBK	2026-05-14	19.72	19.99	19.615	19.62	245449
NBBK	2026-05-15	19.56	19.58	19.115	19.17	217342
NBBK	2026-05-18	19.23	19.505	19.22	19.47	167645
NBBK	2026-05-19	19.47	19.58	19.315	19.52	168476
NBBK	2026-05-20	19.52	19.9499	19.5	19.85	172360
NBBK	2026-05-21	19.8	19.98	19.61	19.88	257128
NBBK	2026-05-22	19.93	20	19.7355	19.78	192180
NBBK	2026-05-26	19.84	20.245	19.8	20.24	219723
NBBK	2026-05-27	20.3	20.4	19.94	20.07	155288
NBBK	2026-05-28	19.98	20.03	19.72	19.97	150340
NBBK	2026-05-29	19.92	20.11	19.9	20.03	169107
NBBK	2026-06-01	19.89	19.89	19.47	19.69	126971
NBBK	2026-06-02	19.62	20.09	19.58	20.02	226019
NBBK	2026-06-03	19.96	19.96	19.35	19.36	185525
NBBK	2026-06-04	19.65	20.01	19.65	19.91	152332
NBBK	2026-06-05	19.9	20.19	19.86	19.93	186547
NBBK	2026-06-08	19.98	20.1615	19.86	20.04	127136
NBBK	2026-06-09	20.14	20.58	20.14	20.26	220482
NBBK	2026-06-10	20.39	20.63	20.285	20.51	145516
NBBK	2026-06-11	20.62	20.67	20.18	20.44	250881
NBBK	2026-06-12	20.56	20.74	20.4	20.62	177489
NBBK	2026-06-15	20.69	20.76	20.23	20.27	150766
NBBK	2026-06-16	20.46	20.63	20.19	20.4	162325
NBBK	2026-06-17	20.35	20.56	19.93	20.16	317572
NBBK	2026-06-18	20.36	20.38	20.13	20.13	355476
NBBK	2026-06-22	20.14	20.48	20.14	20.3	248721
NBBK	2026-06-23	20.34	20.76	20.25	20.72	325446
NBBK	2026-06-24	20.69	21.175	20.69	21.01	285024
NBBK	2026-06-25	20.95	21.185	20.88	21.13	185365
NBBK	2026-06-26	21.22	21.38	21	21.3	1009894
NBBK	2026-06-29	21.28	21.28	20.9	21.19	284971
NBBK	2026-06-30	21.18	21.25	20.56	21.13	260175
NBBK	2026-07-01	21.14	21.65	21.03	21.62	179899
NBBK	2026-07-02	21.68	21.94	21.07	21.14	180609
NBBK	2026-07-06	21.07	21.54	20.98	21.03	225394
NBBK	2026-07-07	21.12	21.205	20.85	20.85	186391
NBBK	2026-07-08	20.72	20.835	20.29	20.4	241519
NBBK	2026-07-09	20.51	21.01	20.3506	21.01	221019
NBBK	2026-07-10	21.01	21.15	20.735	21.02	127163
NBBK	2026-07-13	21	21.2	20.94	21.02	209153
NBBK	2026-07-14	21.01	21.1558	20.85	20.88	167785
NBBK	2026-07-15	20.91	21.26	20.91	21.15	163054
NBBK	2026-07-16	21.19	21.78	21.095	21.64	248531
NBBK	2026-07-17	21.42	21.6	21.17	21.28	270679
NBBK	2026-07-20	21.25	21.28	20.86	20.98	210799
NBBK	2026-07-21	20.87	21.105	20.69	21.04	290714
NBBK	2026-07-22	21.01	21.1	20.695	21.09	383326
NBBK	2026-07-23	22.09	22.74	21.815	22.29	933913
NBBK	2026-07-24	22.43	22.565	22.18	22.43	539258
NBBK	2026-07-27	22.5	22.615	22.18	22.43	406517
NBBK	2026-07-28	22.43	23.25	22.41	23.05	632724
NBBK	2026-07-29	23.05	23.275	22.62	22.66	347310
NBBK	2026-07-30	22.65	22.99	22.44	22.74	359941
NBBK	2026-07-31	22.7	23.01	22.5116	23.01	371731
NBBK	2026-08-03	23.25	23.4699	22.935	23.12	397730
NBBK	2026-08-04	23.13	23.42	22.96	23.32	455478
NBBK	2026-08-05	23.34	23.34	22.94	23.08	390433
NBBK	2026-08-06	23.2	23.34	22.7	22.75	352597
NBBK	2026-08-07	22.68	22.795	22.3954	22.58	214929
NBBK	2026-08-10	22.45	22.68	22.275	22.58	300333
NBBK	2026-08-11	22.63	22.78	22.57	22.75	301046
NBBK	2026-08-12	23.3	23.3	22.69	22.85	295245
NBBK	2026-08-13	22.97	23.2	22.75	22.89	278577
NBBK	2026-08-14	22.87	23.02	22.87	22.98	208897
NBBK	2026-08-17	22.89	23	22.78	22.91	408559
NBBK	2026-08-18	22.92	23	22.62	22.74	448593
NBBK	2026-08-19	22.65	22.71	21.875	21.9	444306
NBBK	2026-08-20	21.73	22.05	21.53	21.98	417478
NBBK	2026-08-21	22.08	22.335	21.75	21.98	388234
NBBK	2026-08-24	22.03	22.58	21.96	22.51	260577
NCDL	2026-05-01	14.69	15	14.5289	14.82	201940
NCDL	2026-05-04	14.72	14.935	14.605	14.79	120664
NCDL	2026-05-05	14.7	14.77	14.37	14.59	210947
NCDL	2026-05-06	14.68	14.81	14.4372	14.65	165223
NCDL	2026-05-07	14	14.37	13.925	14.01	147882
NCDL	2026-05-08	14	14.2399	13.54	13.66	186611
NCDL	2026-05-11	13.66	13.79	13.24	13.27	160380
NCDL	2026-05-12	13.32	13.52	13.14	13.39	376130
NCDL	2026-05-13	13.28	13.565	13.2	13.22	306614
NCDL	2026-05-14	13.6199	13.6199	13.12	13.17	156363
NCDL	2026-05-15	13.12	13.3	12.995	13.28	214454
NCDL	2026-05-18	13.19	13.33	12.85	12.91	209820
NCDL	2026-05-19	12.85	13.015	12.81	12.84	313363
NCDL	2026-05-20	12.87	13.015	12.7437	12.95	269357
NCDL	2026-05-21	12.89	13.015	12.86	12.98	142449
NCDL	2026-05-22	12.96	13.04	12.83	12.88	148037
NCDL	2026-05-26	12.92	13.12	12.86	12.9	231403
NCDL	2026-05-27	12.92	13.04	12.885	12.91	86723
NCDL	2026-05-28	12.82	13.12	12.82	12.98	133696
NCDL	2026-05-29	12.98	13.2	12.9662	13.06	398976
NCDL	2026-06-01	13.01	13.44	13.01	13.41	234907
NCDL	2026-06-02	13.45	13.47	13.2	13.26	225076
NCDL	2026-06-03	13.17	13.17	12.62	12.69	212543
NCDL	2026-06-04	12.88	13.04	12.77	12.96	138142
NCDL	2026-06-05	13	13.05	12.73	12.77	137868
NCDL	2026-06-08	12.69	12.83	12.57	12.6	160757
NCDL	2026-06-09	12.6	12.99	12.6	12.88	261178
NCDL	2026-06-10	12.92	13.17	12.775	12.85	112923
NCDL	2026-06-11	12.84	13.0566	12.69	12.78	137228
NCDL	2026-06-12	12.69	12.83	12.46	12.77	207039
NCDL	2026-06-15	12.83	12.925	12.32	12.36	261434
NCDL	2026-06-16	12.51	12.6299	12.455	12.57	175441
NCDL	2026-06-17	12.56	12.75	12.2	12.26	266742
NCDL	2026-06-18	12.31	12.375	12.1	12.23	480197
NCDL	2026-06-22	12.22	12.4387	11.97	12.08	462846
NCDL	2026-06-23	12.2	12.28	12.09	12.22	139526
NCDL	2026-06-24	12.23	12.69	12.045	12.22	649496
NCDL	2026-06-25	12.39	12.51	12.235	12.43	186233
NCDL	2026-06-26	12.36	12.78	12.36	12.74	174667
NCDL	2026-06-29	12.8	13.1	12.69	13	135426
NCDL	2026-06-30	12.61	12.8619	12.41	12.42	229611
NCDL	2026-07-01	12.43	12.75	12.41	12.68	149729
NCDL	2026-07-02	12.85	12.91	12.61	12.68	76755
NCDL	2026-07-06	12.7	12.86	12.57	12.61	99008
NCDL	2026-07-07	12.69	12.755	12.55	12.61	92832
NCDL	2026-07-08	12.65	12.75	12.54	12.68	134050
NCDL	2026-07-09	12.63	12.73	12.5101	12.64	129146
NCDL	2026-07-10	12.8	12.95	12.69	12.88	174463
NCDL	2026-07-13	12.69	12.9	12.69	12.75	113092
NCDL	2026-07-14	12.71	12.88	12.69	12.81	61298
NCDL	2026-07-15	12.84	13.005	12.76	12.79	94903
NCDL	2026-07-16	12.79	13.05	12.7	12.99	252563
NCDL	2026-07-17	12.99	13.1999	12.62	12.69	146702
NCDL	2026-07-20	12.69	12.815	12.51	12.61	152708
NCDL	2026-07-21	12.66	12.85	12.63	12.65	93677
NCDL	2026-07-22	12.72	12.81	12.44	12.5	166061
NCDL	2026-07-23	12.46	12.71	12.1	12.11	356613
NCDL	2026-07-24	12.15	12.32	12.03	12.13	224315
NCDL	2026-07-27	12.26	12.57	12.1501	12.45	258440
NCDL	2026-07-28	12.56	12.68	12.43	12.64	258877
NCDL	2026-07-29	12.71	12.71	12.17	12.34	238438
NCDL	2026-07-30	12.23	12.3	12.14	12.19	369122
NCDL	2026-07-31	12.17	12.37	11.99	12.12	258688
NCDL	2026-08-03	12.23	12.52	12.23	12.46	127039
NCDL	2026-08-04	12.48	12.8	12.435	12.73	189568
NCDL	2026-08-05	12.75	12.79	12.37	12.5	188150
NCDL	2026-08-06	12.35	12.68	12.26	12.53	144624
NCDL	2026-08-07	12.47	13.05	12.44	12.82	187958
NCDL	2026-08-10	12.71	12.7652	12.41	12.61	98869
NCDL	2026-08-11	12.53	12.6855	12.49	12.54	83675
NCDL	2026-08-12	12.54	12.82	12.19	12.38	269217
NCDL	2026-08-13	12.35	12.63	12.35	12.61	78127
NCDL	2026-08-14	12.52	12.74	12.405	12.44	75034
NCDL	2026-08-17	12.39	12.55	12.22	12.22	208334
NCDL	2026-08-18	12.25	12.42	12.1595	12.3	101287
NCDL	2026-08-19	12.43	12.54	12.34	12.35	146888
NCDL	2026-08-20	12.27	12.44	12.27	12.37	103260
NCDL	2026-08-21	12.4	12.535	12.21	12.31	149771
NCDL	2026-08-24	12.28	12.47	12.17	12.32	121665
NCTY	2026-05-01	5.4342	5.63	5.4342	5.59	9882
NCTY	2026-05-04	5.52	5.75	5.29	5.29	29631
NCTY	2026-05-05	5.31	5.725	5.31	5.7	42970
NCTY	2026-05-06	5.76	5.83	5.58	5.76	7962
NCTY	2026-05-07	5.88	5.91	5.64	5.66	30803
NCTY	2026-05-08	5.71	5.83	5.525	5.8	26106
NCTY	2026-05-11	5.71	6.6668	5.71	6.51	95135
NCTY	2026-05-12	6.39	6.545	6.02	6.545	37511
NCTY	2026-05-13	6.33	6.8	6.22	6.24	22160
NCTY	2026-05-14	6.38	6.47	6.06	6.08	25165
NCTY	2026-05-15	5.8386	5.96	5.6	5.66	22068
NCTY	2026-05-18	5.55	5.55	5.14	5.33	22408
NCTY	2026-05-19	5.33	5.74	5.2	5.33	40733
NCTY	2026-05-20	5.51	5.51	5.23	5.35	39867
NCTY	2026-05-21	5.35	5.5	5.3	5.39	12742
NCTY	2026-05-22	5.47	5.5	5.28	5.31	33412
NCTY	2026-05-26	5.44	5.4829	5.24	5.27	29682
NCTY	2026-05-27	5.29	5.435	5.22	5.25	15747
NCTY	2026-05-28	5.4879	5.59	5.22	5.39	31626
NCTY	2026-05-29	5.27	5.2728	5.14	5.26	26082
NCTY	2026-06-01	5.16	5.3304	4.8201	4.85	33541
NCTY	2026-06-02	4.85	4.9258	4.48	4.56	27679
NCTY	2026-06-03	4.57	4.91	4.35	4.41	27778
NCTY	2026-06-04	4.3	4.73	4.23	4.66	81661
NCTY	2026-06-05	4.54	4.9299	4.54	4.69	43893
NCTY	2026-06-08	4.54	4.8	4.54	4.73	21245
NCTY	2026-06-09	4.8	4.88	4.35	4.35	40399
NCTY	2026-06-10	4.28	4.615	4.2	4.36	30242
NCTY	2026-06-11	4.29	4.745	4.255	4.58	15766
NCTY	2026-06-12	4.57	4.88	4.55	4.72	32692
NCTY	2026-06-15	4.87	5.555	4.87	5.44	62069
NCTY	2026-06-16	5.3	5.31	5.05	5.12	40690
NCTY	2026-06-17	5.17	5.2	4.86	4.94	34821
NCTY	2026-06-18	4.94	5.2121	4.9	4.95	16697
NCTY	2026-06-22	5.1	5.11	5	5.06	14277
NCTY	2026-06-23	4.91	5.1	4.91	5.02	9581
NCTY	2026-06-24	5.0906	5.11	4.9	4.95	25438
NCTY	2026-06-25	5.16	5.16	4.78	4.87	25000
NCTY	2026-06-26	4.9	5.1	4.9	5.1	12510
NCTY	2026-06-29	5.09	5.09	4.95	5.05	10449
NCTY	2026-06-30	5.15	5.24	4.86	4.9	40729
NCTY	2026-07-01	5.07	5.1	4.92	5.05	14378
NCTY	2026-07-02	5.16	5.28	4.86	5.08	30673
NCTY	2026-07-06	5.03	5.05	4.89	4.92	53187
NCTY	2026-07-07	4.93	5.195	4.7	4.91	46390
NCTY	2026-07-08	4.77	4.95	4.65	4.65	54607
NCTY	2026-07-09	4.59	4.8	4.59	4.64	65858
NCTY	2026-07-10	4.64	4.64	4.34	4.34	87626
NCTY	2026-07-13	4.47	4.64	3.96	4.04	65299
NCTY	2026-07-14	4.11	4.11	3.83	3.95	87239
NCTY	2026-07-15	4.041	4.13	3.62	3.835	57860
NCTY	2026-07-16	4	4.11	3.69	3.81	95689
NCTY	2026-07-17	3.8	4.02	3.51	3.89	83646
NCTY	2026-07-20	4.08	4.39	3.91	4.29	121902
NCTY	2026-07-21	4.35	4.38	3.755	3.98	127725
NCTY	2026-07-22	4.11	4.11	3.92	3.955	129882
NCTY	2026-07-23	4.04	4.04	3.71	3.71	151936
NCTY	2026-07-24	3.6	3.62	3.14	3.21	106402
NCTY	2026-07-27	3.41	4.85	3.3	4.54	1168146
NCTY	2026-07-28	4.32	4.81	4.23	4.62	306159
NCTY	2026-07-29	4.6	4.63	4.15	4.36	172734
NCTY	2026-07-30	4.38	4.8526	4.38	4.55	215082
NCTY	2026-07-31	4.49	4.6199	4.34	4.46	96987
NCTY	2026-08-03	4.42	4.65	4.3	4.54	236195
NCTY	2026-08-04	4.56	4.79	4.46	4.75	259710
NCTY	2026-08-05	4.75	5	4.55	4.99	236972
NCTY	2026-08-06	4.9	5.4827	4.85	5.01	222313
NCTY	2026-08-07	5.01	5.17	4.02	4.71	285981
NCTY	2026-08-10	4.67	4.75	4.26	4.53	233263
NCTY	2026-08-11	4.5	4.6	3.945	4.17	189627
NCTY	2026-08-12	4.27	4.6	3.4	4	317336
NCTY	2026-08-13	4.101	4.3	3.91	4.25	235871
NCTY	2026-08-14	4.5	4.58	4.15	4.58	243295
NCTY	2026-08-17	4.54	4.675	4.35	4.63	292083
NCTY	2026-08-18	4.7	4.745	4.21	4.32	122624
NCTY	2026-08-19	4.34	4.565	4.15	4.32	311724
NCTY	2026-08-20	4.29	4.5	4.2	4.36	244995
NCTY	2026-08-21	4.58	5.8099	4.36	5.78	904248
NCTY	2026-08-24	5.73	7.75	5.34	5.57	1008448
NGL	2026-05-01	16.2	16.2	15.04	15.13	330469
NGL	2026-05-04	15.25	15.89	15.25	15.85	167922
NGL	2026-05-05	16.11	16.59	15.85	16.41	248359
NGL	2026-05-06	16.3	16.69	15.56	15.91	359741
NGL	2026-05-07	15.65	16.15	15.21	16.13	228904
NGL	2026-05-08	16.32	16.39	15.7	16.33	157465
NGL	2026-05-11	16.48	16.85	16.16	16.76	206862
NGL	2026-05-12	16.89	17.115	15.87	16.69	288363
NGL	2026-05-13	16.51	16.98	16.01	16.8	207753
NGL	2026-05-14	16.93	17.71	16.64	17.47	175768
NGL	2026-05-15	17.25	17.87	16.88	17.84	518540
NGL	2026-05-18	18.05	18.8	17.29	17.65	447973
NGL	2026-05-19	17.6	18.15	17.33	17.43	418688
NGL	2026-05-20	17.34	17.57	16.81	17.18	222039
NGL	2026-05-21	16.87	18.12	16.87	17.62	221984
NGL	2026-05-22	17.47	18.47	17.4	18.11	199645
NGL	2026-05-26	18.3	18.55	17.71	17.78	276388
NGL	2026-05-27	17.35	17.92	16.51	16.78	289737
NGL	2026-05-28	16.67	17.49	16.03	16.28	231362
NGL	2026-05-29	15.55	17.432	15.55	17.1	1757901
NGL	2026-06-01	17.04	17.44	17	17.07	297056
NGL	2026-06-02	16.88	17.4	16.38	16.53	461982
NGL	2026-06-03	16.41	16.88	16	16.28	298738
NGL	2026-06-04	16.22	16.3041	15.76	16	126827
NGL	2026-06-05	15.89	15.89	15.21	15.22	217177
NGL	2026-06-08	15.34	15.88	15.12	15.88	280538
NGL	2026-06-09	15.64	16.1	15.26	15.69	264194
NGL	2026-06-10	15.56	16.08	15.2601	15.85	171372
NGL	2026-06-11	15.8	16.12	15.22	15.66	165623
NGL	2026-06-12	15.75	16.73	15.7499	16.54	674148
NGL	2026-06-15	16.12	16.46	15.65	16	330862
NGL	2026-06-16	15.97	16.31	15.28	15.85	302094
NGL	2026-06-17	15.66	15.99	15.27	15.69	252018
NGL	2026-06-18	15.5	16	15.1	15.99	693343
NGL	2026-06-22	15.78	16.61	15.78	16.37	205602
NGL	2026-06-23	16.34	16.635	16.12	16.46	161636
NGL	2026-06-24	16.66	16.66	15.63	15.69	256367
NGL	2026-06-25	15.7	16.23	15.565	16.01	561536
NGL	2026-06-26	15.75	16.24	15.75	15.94	129336
NGL	2026-06-29	15.79	16.18	15.36	16	229429
NGL	2026-06-30	15.88	16.36	15.7	15.93	225137
NGL	2026-07-01	15.68	15.955	15.625	15.72	112765
NGL	2026-07-02	15.72	15.9252	15.15	15.19	75016
NGL	2026-07-06	15.01	15.427	14.36	15	139374
NGL	2026-07-07	15.07	15.68	14.89	15.42	77836
NGL	2026-07-08	15.54	15.87	15.15	15.69	176985
NGL	2026-07-09	15.44	15.905	15.36	15.8	68316
NGL	2026-07-10	15.28	15.52	14.26	14.55	394463
NGL	2026-07-13	14.64	15.71	14.64	15.49	249631
NGL	2026-07-14	15.97	15.97	14.56	15.36	93506
NGL	2026-07-15	15.72	15.7953	14.75	15.3	163166
NGL	2026-07-16	15.1	15.7099	15.035	15.32	63310
NGL	2026-07-17	15.21	15.59	15	15.16	124250
NGL	2026-07-20	15.4	15.5	15.0027	15.41	79449
NGL	2026-07-21	15.36	15.8	15.34	15.73	132920
NGL	2026-07-22	15.72	16.18	15.72	16.15	164307
NGL	2026-07-23	16.15	16.2	15.78	16.08	43214
NGL	2026-07-24	16.15	16.24	15.37	15.56	103983
NGL	2026-07-27	15.48	15.65	15	15.02	113157
NGL	2026-07-28	15	15.2749	15	15.01	103176
NGL	2026-07-29	15.01	15.58	15	15.52	181621
NGL	2026-07-30	15.63	16.265	15.01	16.1	356080
NGL	2026-07-31	16.16	16.41	15.81	16.39	531281
NGL	2026-08-03	15	16.195	15	16	237821
NGL	2026-08-04	15.74	16.05	15.6	15.85	146626
NGL	2026-08-05	17	18	16.15	17	549853
NGL	2026-08-06	17.25	17.43	16.88	17.35	224306
NGL	2026-08-07	17.12	17.39	16.6653	16.88	195360
NGL	2026-08-10	16.92	17.4999	16.92	17.15	299451
NGL	2026-08-11	17.35	17.74	17.08	17.09	247200
NGL	2026-08-12	17	17.5	16.91	16.99	203259
NGL	2026-08-13	17.02	17.45	16.94	17.1	250249
NGL	2026-08-14	17.19	18.07	17.15	17.97	593322
NGL	2026-08-17	18.05	18.64	18.01	18.36	373611
NGL	2026-08-18	18.5	18.59	17.23	17.4	182498
NGL	2026-08-19	17.21	17.65	16.6601	16.93	156363
NGL	2026-08-20	17.1	17.33	17	17.05	76074
NGL	2026-08-21	17.07	17.1	16.5901	16.81	108328
NGL	2026-08-24	16.11	16.58	15.5851	16.33	283675
NIPG	2026-05-01	20.1	22.497	19.8	21.6	497
NIPG	2026-05-04	21	21	20.04	20.25	1787
NIPG	2026-05-05	19.5	20.64	19.008	19.5	1185
NIPG	2026-05-06	19.89	19.893	19.5	19.5	649
NIPG	2026-05-07	19.647	20.25	18.9	18.933	795
NIPG	2026-05-08	19.2	19.575	18.3	18.312	975
NIPG	2026-05-11	18.666	20.1	18.666	19.8	1700
NIPG	2026-05-12	19.8	20.7	18.09	18.09	1660
NIPG	2026-05-13	18.228	18.9	16.8	16.998	2222
NIPG	2026-05-14	17.022	18	15.249	15.915	3583
NIPG	2026-05-15	15.216	16.2	15.033	15.468	966
NIPG	2026-05-18	15.168	16.5	14.703	15.981	1634
NIPG	2026-05-19	15	15.003	13.8	14.694	3139
NIPG	2026-05-20	14.658	14.7	13.809	14.097	1768
NIPG	2026-05-21	13.8	14.097	12.054	13.338	2467
NIPG	2026-05-22	13.35	14.997	13.35	13.845	1474
NIPG	2026-05-26	13.5	13.8	12.903	13.206	3171
NIPG	2026-05-27	13.47	13.6635	13.209	13.215	3721
NIPG	2026-05-28	12.9	13.215	12.303	12.6	1295
NIPG	2026-05-29	12.33	12.9	11.61	12.234	3134
NIPG	2026-06-01	12.003	12.003	11.247	11.415	5861
NIPG	2026-06-02	11.7	12.123	11.13	11.88	2398
NIPG	2026-06-03	12.27	12.747	11.4	12.534	6132
NIPG	2026-06-04	12.177	12.537	11.568	11.973	13480
NIPG	2026-06-05	11.967	12.375	11.01	11.64	8737
NIPG	2026-06-08	12	12.9	11.7	12.18	5796
NIPG	2026-06-09	12.897	12.9	11.97	12.54	2732
NIPG	2026-06-10	12.18	15.3	11.814	14.331	9629
NIPG	2026-06-11	13.8	16.5	12.912	14.412	5526
NIPG	2026-06-12	14.1	16.509	12.84	13.2	8917
NIPG	2026-06-15	13.455	13.458	11.703	11.706	3675
NIPG	2026-06-16	11.4	12.351	11.019	11.019	8335
NIPG	2026-06-17	11.6325	12.153	10.8	10.8	1049
NIPG	2026-06-18	10.2	10.8	7.8	8.43	12308
NIPG	2026-06-22	7.8	10.35	7.65	8.106	55364
NIPG	2026-06-23	7.86	8.697	7.86	8.19	3548
NIPG	2026-06-24	7.47	8.994	7.353	8.76	13371
NIPG	2026-06-25	8.4	8.43	7.803	8.37	3804
NIPG	2026-06-26	8.52	8.52	7.83	8.37	436
NIPG	2026-06-29	9	9.6	7.944	8.13	3382
NIPG	2026-06-30	8.4	8.64	7.59	7.653	14447
NIPG	2026-07-01	7.653	8.4	7.362	7.503	3174
NIPG	2026-07-02	7.71	8.232	7.047	7.41	3925
NIPG	2026-07-06	8.02	8.19	6.14	8.1801	24702
NIPG	2026-07-07	7.89	7.89	6.65	7.786	12995
NIPG	2026-07-08	7.29	9.19	6.2841	7.06	52641
NIPG	2026-07-09	6.77	7.1	6.2182	6.45	11893
NIPG	2026-07-10	6.9	6.9	6.1	6.64	3878
NIPG	2026-07-13	6.4	6.4	6.0814	6.3999	2889
NIPG	2026-07-14	6.45	6.46	6.12	6.12	3499
NIPG	2026-07-15	6.1	6.338	6.06	6.06	5051
NIPG	2026-07-16	6.01	6.15	5.39	5.5	11583
NIPG	2026-07-17	5.1	5.22	4.2	4.7801	22375
NIPG	2026-07-20	4.6499	4.72	4.37	4.72	2982
NIPG	2026-07-21	4.84	7.5	4.78	7.5	156855
NIPG	2026-07-22	7.47	9.5703	7	8.94	111957
NIPG	2026-07-23	8.34	10.7	8.34	10.53	22825
NIPG	2026-07-24	10.7	15.5	10.61	15.5	110214
NIPG	2026-07-27	15.5	29.05	15.5	19.88	224832
NIPG	2026-07-28	20.3	21.56	12.9475	15.18	51373
NIPG	2026-07-29	14.46	14.46	9.01	9.01	12273
NIPG	2026-07-30	9.31	9.5526	9.31	9.4	2266
NIPG	2026-07-31	9.3	13.6	9.25	10.11	16908
NIPG	2026-08-03	9.63	10.965	9.01	9.01	11584
NIPG	2026-08-04	9.12	10.49	9.01	9.34	18057
NIPG	2026-08-05	8.8	9.4	8.63	8.8	123039
NIPG	2026-08-06	8.99	9.41	8.469611	9.41	8383
NIPG	2026-08-07	9	9.59	8.81	9.01	27832
NIPG	2026-08-10	8.77	9.12	7.92	8.89	62315
NIPG	2026-08-11	8.88	9.61	8.7	8.7	56173
NIPG	2026-08-12	9.15	9.5	8.81	8.99	40496
NIPG	2026-08-13	8.8	9.66	8.8	9.3	29609
NIPG	2026-08-14	9.14	14.26	9.07	10.73	87089
NIPG	2026-08-17	10.25	12.65	10.25	11.59	118487
NIPG	2026-08-18	11.16	11.94	10.57	11.94	64280
NIPG	2026-08-19	11.99	16.39	11	14.71	155125
NIPG	2026-08-20	14.21	15.74	13.09	14.445	49157
NIPG	2026-08-21	14.385	16.05	13.2	15.295	46138
NIPG	2026-08-24	15.4	15.4	13.32	13.59	16142
NMAX	2026-05-01	6.32	6.6	6.2	6.38	1090675
NMAX	2026-05-04	6.38	6.58	5.9	5.92	1374332
NMAX	2026-05-05	6.01	6.12	5.86	6.04	1136561
NMAX	2026-05-06	6.08	6.15	5.9	5.99	1298336
NMAX	2026-05-07	6.05	6.24	6.01	6.15	1198674
NMAX	2026-05-08	6.11	6.38	5.92	6.34	1160995
NMAX	2026-05-11	6.25	6.4	6.1	6.38	836604
NMAX	2026-05-12	6.4	6.556	6.27	6.54	1062730
NMAX	2026-05-13	6.45	6.91	6.42	6.81	1401960
NMAX	2026-05-14	6.81	6.95	6.62	6.92	1522153
NMAX	2026-05-15	6.29	7.2	6.12	7.2	1621404
NMAX	2026-05-18	7.16	7.5	7.11	7.22	1246729
NMAX	2026-05-19	7.14	7.145	6.48	7.03	1000908
NMAX	2026-05-20	6.99	7.4062	6.8398	7.31	1067767
NMAX	2026-05-21	7.17	7.6	7.16	7.38	1543149
NMAX	2026-05-22	7.35	7.93	7.35	7.56	1236233
NMAX	2026-05-26	7.58	8.05	7.3	7.75	1821376
NMAX	2026-05-27	7.77	8.07	7.68	7.79	2058726
NMAX	2026-05-28	7.76	8.77	7.73	8.74	2101617
NMAX	2026-05-29	8.73	8.99	8.3501	8.51	2622569
NMAX	2026-06-01	8.61	8.99	8.27	8.7	1388191
NMAX	2026-06-02	8.6	9.28	8.44	9.06	1588194
NMAX	2026-06-03	8.87	8.87	8.12	8.56	1669482
NMAX	2026-06-04	8.69	10	8.64	9.57	2685752
NMAX	2026-06-05	9.46	9.6737	9	9.11	1329766
NMAX	2026-06-08	9.12	9.45	8.89	8.89	1122736
NMAX	2026-06-09	8.86	9.36	8.75	9.23	1197640
NMAX	2026-06-10	9.02	9.45	8.9	8.97	1265108
NMAX	2026-06-11	9	9.1543	8.51	8.76	1315900
NMAX	2026-06-12	8.62	8.7	8.16	8.19	1194791
NMAX	2026-06-15	8.26	8.315	7.67	7.82	1589430
NMAX	2026-06-16	7.75	7.75	7.31	7.5	1339379
NMAX	2026-06-17	7.43	7.77	7.43	7.5	1287943
NMAX	2026-06-18	7.5	7.79	7.4	7.78	1331426
NMAX	2026-06-22	7.69	7.75	6.935	7.05	1748715
NMAX	2026-06-23	6.96	7.41	6.94	7.35	1266066
NMAX	2026-06-24	7.28	7.3799	6.93	7.02	1167085
NMAX	2026-06-25	6.94	7.06	6.52	6.67	1370532
NMAX	2026-06-26	6.63	7.5	6.63	7.49	2956351
NMAX	2026-06-29	7.605	8.05	7.585	7.78	1625748
NMAX	2026-06-30	7.68	8.32	7.5	8.28	1487005
NMAX	2026-07-01	8.45	9.37	8.4	9.37	2437927
NMAX	2026-07-02	9.38	9.525	8.88	8.99	1530580
NMAX	2026-07-06	8.85	9.19	8.679	9.05	735349
NMAX	2026-07-07	9.17	9.29	8.67	8.74	665715
NMAX	2026-07-08	8.62	8.62	8.34	8.44	842431
NMAX	2026-07-09	8.36	8.56	8.1	8.46	580789
NMAX	2026-07-10	8.57	8.57	8.09	8.23	709875
NMAX	2026-07-13	8.38	8.565	8.25	8.4	583995
NMAX	2026-07-14	8.31	8.605	8.16	8.31	498987
NMAX	2026-07-15	8.41	8.78	8.37	8.49	512369
NMAX	2026-07-16	8.61	8.66	8.37	8.51	456077
NMAX	2026-07-17	8.25	8.61	8.17	8.36	411774
NMAX	2026-07-20	8.33	8.45	8.15	8.19	608728
NMAX	2026-07-21	8.16	8.2631	8.03	8.16	521172
NMAX	2026-07-22	8.16	8.26	7.94	8.01	590050
NMAX	2026-07-23	7.92	7.98	7.65	7.75	536844
NMAX	2026-07-24	7.81	7.835	7.5	7.5	559129
NMAX	2026-07-27	7.73	7.94	7.6409	7.73	521305
NMAX	2026-07-28	7.66	8.14	7.5	7.97	2359652
NMAX	2026-07-29	7.95	8.16	7.52	7.64	764025
NMAX	2026-07-30	7.6	7.77	7.51	7.67	571050
NMAX	2026-07-31	7.71	7.89	7.62	7.71	674541
NMAX	2026-08-03	7.84	8.085	7.74	7.89	753750
NMAX	2026-08-04	7.9	8.4	7.9	8.36	832188
NMAX	2026-08-05	8.375	8.41	8.1425	8.41	625662
NMAX	2026-08-06	8.35	8.6296	8.3151	8.56	515449
NMAX	2026-08-07	8.65	9.04	8.65	8.97	686592
NMAX	2026-08-10	8.92	9.09	8.615	8.77	509478
NMAX	2026-08-11	8.76	8.805	8.571	8.73	562758
NMAX	2026-08-12	8.72	8.87	8.61	8.86	448290
NMAX	2026-08-13	8.89	9.52	8.83	9.49	1722215
NMAX	2026-08-14	9.895	11.59	9.895	10.87	5938437
NMAX	2026-08-17	10.97	11.29	9.69	10.36	1919783
NMAX	2026-08-18	10.31	11.78	10.31	11.43	2362089
NMAX	2026-08-19	11.5	11.6	10.74	10.91	1555497
NMAX	2026-08-20	10.89	11.35	10.67	10.87	1298221
NMAX	2026-08-21	10.89	11.25	10.75	10.75	781941
NMAX	2026-08-24	10.68	11.1399	10.54	10.58	714060
NNE	2026-05-01	23.24	23.77	22.5	23.41	1480686
NNE	2026-05-04	23.19	24.35	22.91	23.32	2455482
NNE	2026-05-05	23.45	23.67	22.1	22.77	1747243
NNE	2026-05-06	24.86	29.27	24.51	29.07	7034736
NNE	2026-05-07	27.8	28.2282	25.88	26.7	3666146
NNE	2026-05-08	27.495	27.79	26	27.45	2268021
NNE	2026-05-11	26.62	29.73	25.65	28.35	2875678
NNE	2026-05-12	27.86	28.3299	25.5	27.09	2195365
NNE	2026-05-13	27.67	27.8999	26.35	27.05	1724835
NNE	2026-05-14	27	27.72	25.7106	27.54	2010785
NNE	2026-05-15	27	27.1	24.77	24.92	2794370
NNE	2026-05-18	24.91	25	23.33	24.15	2032528
NNE	2026-05-19	23.14	23.38	21.717	22.295	2216798
NNE	2026-05-20	23.4	24.9401	22.76	24.31	2513484
NNE	2026-05-21	23.95	25.4	23.7	25.08	1630695
NNE	2026-05-22	25.34	27.4786	25.21	26.73	2130187
NNE	2026-05-26	29.07	31.48	28.01	29.07	5127383
NNE	2026-05-27	29.01	29.0777	26.8	27.36	2478712
NNE	2026-05-28	26.81	29.225	26.48	28.65	2137153
NNE	2026-05-29	28	29.32	26.43	28.88	2872428
NNE	2026-06-01	28.41	31.05	27.57	29.7	3588764
NNE	2026-06-02	29.14	31.59	28.8	30.57	3299043
NNE	2026-06-03	29.91	29.91	25.7	26.37	6569105
NNE	2026-06-04	25.74	26.5	25.02	26.16	2355357
NNE	2026-06-05	25.42	25.5	22.76	23.56	3826651
NNE	2026-06-08	26.3	26.62	24.7	25.85	4299717
NNE	2026-06-09	26.17	26.68	22.55	23.94	3680019
NNE	2026-06-10	23.45	24.3284	21.9501	22.115	2949454
NNE	2026-06-11	22.1	23.79	21.5	23.55	3288475
NNE	2026-06-12	23.7	24.32	22.9	23.18	1903624
NNE	2026-06-15	24.8	25.76	24.7101	25.08	2496886
NNE	2026-06-16	24.7	25.77	23.91	24.01	1733989
NNE	2026-06-17	24.59	27.39	24.48	25.31	4725024
NNE	2026-06-18	26.5	28.6955	26.01	28.21	5375166
NNE	2026-06-22	27.37	27.57	25.625	25.64	3094761
NNE	2026-06-23	24.4	26.55	23.86	23.9	2797485
NNE	2026-06-24	23.9	24.055	22.46	23.15	2584166
NNE	2026-06-25	22.5	22.99	20.6	20.65	3779596
NNE	2026-06-26	20.05	20.52	19.62	19.87	4367401
NNE	2026-06-29	21.05	21.65	20.26	21.32	2705849
NNE	2026-06-30	21.22	21.59	20.7501	21.14	1837850
NNE	2026-07-01	21.2	21.78	20.51	20.75	2253388
NNE	2026-07-02	20.98	22.3899	19.6513	20.03	3084776
NNE	2026-07-06	20.12	20.7299	19.7301	20.19	2172019
NNE	2026-07-07	19.75	19.999	18.08005	18.875	2893575
NNE	2026-07-08	18.34	19.205	18.04	18.96	2241032
NNE	2026-07-09	19.01	19.49	18.6105	19.29	1781802
NNE	2026-07-10	19.55	19.6	18.57	18.86	1387770
NNE	2026-07-13	18.47	18.64	17.745	18.02	2007366
NNE	2026-07-14	18.1	18.48	17.9	18.14	1680053
NNE	2026-07-15	18.49	18.75	17.2601	17.87	2217517
NNE	2026-07-16	17.31	17.445	15.78	16.2	4099757
NNE	2026-07-17	15.77	16.74	15.4405	16.03	2069116
NNE	2026-07-20	16.18	16.75	15.8	16.41	1695491
NNE	2026-07-21	16.74	17.31	16.6	17.3	1777683
NNE	2026-07-22	17.36	18.35	17.12	17.32	1791036
NNE	2026-07-23	16.9	17.43	16.61	16.88	1418965
NNE	2026-07-24	16.64	16.865	15.505	15.59	2165325
NNE	2026-07-27	16.6	17.499	16.23	16.79	2354334
NNE	2026-07-28	15.95	16.3	15.2001	16.06	2071514
NNE	2026-07-29	15.82	16.06	14.71	14.88	2223811
NNE	2026-07-30	15.5	16.8	15.15	16.68	2127375
NNE	2026-07-31	17.13	17.2	15.73	15.91	2097930
NNE	2026-08-03	15.9	17.63	15.66	17.58	2586730
NNE	2026-08-04	18.48	18.65	17.706	18.17	2219426
NNE	2026-08-05	18.065	18.4997	17.63	17.88	1406913
NNE	2026-08-06	17.965	18.07	17.28	17.61	1716405
NNE	2026-08-07	18.3	19.17	17.73	18.85	1835983
NNE	2026-08-10	18.99	19.23	18.3	18.57	1494667
NNE	2026-08-11	18.7	19.449	18.34	19.38	1823012
NNE	2026-08-12	19.78	19.96	18.8537	19.01	2454136
NNE	2026-08-13	19.61	20.77	19.255	20.52	3252895
NNE	2026-08-14	20.25	21.13	19.5	19.66	1816611
NNE	2026-08-17	19.7	19.94	19.1192	19.59	1276861
NNE	2026-08-18	18.87	19.312	18.18	18.25	1871457
NNE	2026-08-19	18.32	19.29	18.02	19.15	1639471
NNE	2026-08-20	18.71	18.9616	17.79	18.23	1529204
NNE	2026-08-21	18.53	19.3804	18.45	18.85	1493352
NNE	2026-08-24	18.82	18.8732	17.81	18.27	1325598
NPKI	2026-05-01	15.9	16.5	14.05	15.57	1982344
NPKI	2026-05-04	15.69	16.2	14.63	14.93	1218519
NPKI	2026-05-05	15.15	15.8	15.125	15.78	737523
NPKI	2026-05-06	15.4	15.92	15.3	15.71	643758
NPKI	2026-05-07	15.75	16.14	15.37	15.43	1005263
NPKI	2026-05-08	15.63	15.63	14.82	14.95	621027
NPKI	2026-05-11	14.99	15.45	14.9054	15.29	590347
NPKI	2026-05-12	15.22	15.23	14.73	15.1	775142
NPKI	2026-05-13	15.14	15.715	15.03	15.6	659621
NPKI	2026-05-14	15.71	15.8699	15.365	15.71	653476
NPKI	2026-05-15	15.4	15.585	15.17	15.29	551370
NPKI	2026-05-18	15.33	15.381	14.98	15.11	553395
NPKI	2026-05-19	14.92	15.45	14.55	15.29	876564
NPKI	2026-05-20	15.4	15.595	15.23	15.52	1024147
NPKI	2026-05-21	15.33	15.53	15.15	15.27	793437
NPKI	2026-05-22	15.33	15.52	15.0801	15.52	740433
NPKI	2026-05-26	15.67	16.12	15.65	15.95	768638
NPKI	2026-05-27	15.98	15.98	15.085	15.2	797444
NPKI	2026-05-28	15.15	15.23	14.87	15.07	666197
NPKI	2026-05-29	15.05	15.28	14.47	14.52	931935
NPKI	2026-06-01	14.43	14.55	14.15	14.31	676467
NPKI	2026-06-02	14.34	14.74	14.3	14.59	1591235
NPKI	2026-06-03	14.46	14.6	14.28	14.46	857960
NPKI	2026-06-04	14.33	14.695	14.28	14.62	1007273
NPKI	2026-06-05	14.52	14.62	14.09	14.28	535400
NPKI	2026-06-08	14.49	15.04	14.36	14.88	1020203
NPKI	2026-06-09	15.15	15.52	14.44	14.8	1227796
NPKI	2026-06-10	14.81	15.01	14.48	14.6	661508
NPKI	2026-06-11	14.82	14.99	14.5	14.65	627842
NPKI	2026-06-12	14.83	15.25	14.72	14.98	744032
NPKI	2026-06-15	15.18	15.18	14.63	14.77	1118814
NPKI	2026-06-16	14.87	15.16	14.77	14.79	806810
NPKI	2026-06-17	14.89	15.65	14.61	15.11	1669156
NPKI	2026-06-18	15.27	15.93	15.08	15.9	1559450
NPKI	2026-06-22	15.9	16.19	15.14	15.32	1271513
NPKI	2026-06-23	14.97	15.57	14.885	15.43	1308491
NPKI	2026-06-24	15.29	15.49	14.38	14.76	1673014
NPKI	2026-06-25	15.02	15.55	14.82	15.52	1361566
NPKI	2026-06-26	15.46	15.68	15.26	15.61	4090735
NPKI	2026-06-29	15.605	16.03	15.29	15.87	1272197
NPKI	2026-06-30	15.95	16.18	15.74	15.91	1019291
NPKI	2026-07-01	15.84	15.86	14.26	14.3	1179154
NPKI	2026-07-02	14.42	14.57	14.025	14.31	1391554
NPKI	2026-07-06	14.4	14.62	14	14.14	881026
NPKI	2026-07-07	13.92	14.21	13.43	13.72	1181903
NPKI	2026-07-08	13.6	14.28	13.6	14.25	1219199
NPKI	2026-07-09	14.56	14.7	14.31	14.43	878479
NPKI	2026-07-10	14.36	14.5	14.24	14.35	530874
NPKI	2026-07-13	14.41	14.475	14.2	14.33	620471
NPKI	2026-07-14	14.51	14.85	14.49	14.51	839768
NPKI	2026-07-15	14.62	14.715	14.17	14.5	499754
NPKI	2026-07-16	14.44	14.68	14.15	14.28	764676
NPKI	2026-07-17	14.04	14.53	14	14.34	577838
NPKI	2026-07-20	14.43	14.505	14.26	14.44	410127
NPKI	2026-07-21	14.65	14.82	14.5	14.58	583693
NPKI	2026-07-22	14.51	14.95	14.51	14.82	763986
NPKI	2026-07-23	14.65	15.01	14.46	14.49	731232
NPKI	2026-07-24	14.61	14.61	14.18	14.35	752745
NPKI	2026-07-27	14.4	14.6	13.805	14.14	544809
NPKI	2026-07-28	14	14.15	12.885	12.94	1334654
NPKI	2026-07-29	12.9	12.98	11.93	12.05	1616015
NPKI	2026-07-30	12.76	12.93	11.8	12.46	1754305
NPKI	2026-07-31	12.77	13.04	12.46	12.49	1096820
NPKI	2026-08-03	12.4	13.28	12.4	13.21	1142811
NPKI	2026-08-04	13.43	13.83	13.23	13.61	1071227
NPKI	2026-08-05	13.66	13.925	13.49	13.58	802886
NPKI	2026-08-06	13.63	13.83	13.49	13.54	675859
NPKI	2026-08-07	13.56	13.68	13.235	13.48	531648
NPKI	2026-08-10	13.45	13.71	13.405	13.53	573775
NPKI	2026-08-11	13.68	14.0167	13.68	13.85	679527
NPKI	2026-08-12	13.91	14.28	13.91	14.01	473641
NPKI	2026-08-13	13.99	14.12	13.83	13.85	562882
NPKI	2026-08-14	13.85	14.315	13.715	14.22	726369
NPKI	2026-08-17	14.24	14.415	14.135	14.32	584810
NPKI	2026-08-18	14.14	14.14	13.8	14.01	630167
NPKI	2026-08-19	14.13	14.13	13.8	14.05	771744
NPKI	2026-08-20	13.94	14.2	13.7	13.8	724095
NPKI	2026-08-21	13.91	13.91	13.63	13.68	569738
NPKI	2026-08-24	13.61	13.64	13.155	13.16	932785
NTRA	2026-05-01	205.29	208.6621	200.07	207.28	945644
NTRA	2026-05-04	206.87	212	204.52	211.56	1291102
NTRA	2026-05-05	213	213.8395	205.005	206.77	1065426
NTRA	2026-05-06	208.54	218.09	206.42	215.09	1902799
NTRA	2026-05-07	215.5	221.56	209.89	219.82	2519680
NTRA	2026-05-08	210	217.645	192.52	194.24	3924436
NTRA	2026-05-11	194.12	202.42	190.57	199.14	1954673
NTRA	2026-05-12	199.46	206	198.01	204.21	1566641
NTRA	2026-05-13	204.08	204.08	194.03	195.32	1664290
NTRA	2026-05-14	195.51	200.515	195.08	196.91	1381794
NTRA	2026-05-15	197.61	198.645	184.81	186.36	2234334
NTRA	2026-05-18	190	197.525	188.5	192.54	2144244
NTRA	2026-05-19	193.45	198.1099	190.0501	196.04	1272853
NTRA	2026-05-20	199.75	205.36	197.155	204.92	1512400
NTRA	2026-05-21	204.75	210	198.97	203.69	1489871
NTRA	2026-05-22	204.37	210.67	202.255	203.19	1035897
NTRA	2026-05-26	205.47	209	197.63	200.91	1465221
NTRA	2026-05-27	200.52	204.64	196.44	203.11	1272700
NTRA	2026-05-28	202.65	214.16	200.17	213.94	1861227
NTRA	2026-05-29	214.97	225.7	211.3965	223.37	2689675
NTRA	2026-06-01	220.83	225.1	216.6	218.81	1331961
NTRA	2026-06-02	214.8	216.965	210.79	212.73	1174410
NTRA	2026-06-03	209.465	213.26	204.16	211.85	1459517
NTRA	2026-06-04	213.95	227.9	212.17	222.1	1265622
NTRA	2026-06-05	218.19	222.135	214.82	215.31	848875
NTRA	2026-06-08	215.86	220.09	212.03	213.47	1115090
NTRA	2026-06-09	216.6	222.98	211.25	222.82	1209163
NTRA	2026-06-10	221.66	224.7	215.51	216.5	1025602
NTRA	2026-06-11	216.68	221.6199	213.07	219.23	735968
NTRA	2026-06-12	223.71	223.71	208.794	212.07	806691
NTRA	2026-06-15	213.64	219.4399	209.57	216.97	1017035
NTRA	2026-06-16	216.78	223.9261	214.77	220.11	1378695
NTRA	2026-06-17	219.18	231.89	217.72	226.44	1777000
NTRA	2026-06-18	232.64	237.153	227.93	231.41	2630125
NTRA	2026-06-22	231.52	234.135	219.5	228.8	1577671
NTRA	2026-06-23	225.71	240.7199	224.35	234.76	2062734
NTRA	2026-06-24	243	264.65	239	259.97	2937502
NTRA	2026-06-25	258.93	271.47	258.5	260.74	2465979
NTRA	2026-06-26	262.42	270.43	257.07	261.91	3403529
NTRA	2026-06-29	265	274.86	263	272.31	1777238
NTRA	2026-06-30	271.45	275.24	265.3887	271.45	1370560
NTRA	2026-07-01	273	279.4198	266.33	276.27	1861567
NTRA	2026-07-02	278.47	279.63	271.64	279.32	1273865
NTRA	2026-07-06	277.5	288.04	276.4001	283.8	1318087
NTRA	2026-07-07	284.51	287.635	278.07	281.27	1756396
NTRA	2026-07-08	276.59	279.83	269.66	274.39	1360364
NTRA	2026-07-09	273.14	283.765	273	281.85	1636415
NTRA	2026-07-10	281.85	283.87	268.97	269.95	969630
NTRA	2026-07-13	266.88	273.335	261.63	272.89	1527702
NTRA	2026-07-14	276.73	278.76	271.23	272.66	926150
NTRA	2026-07-15	274.82	278.71	271.1427	277.37	867520
NTRA	2026-07-16	279.695	282	268.16	269.83	949886
NTRA	2026-07-17	265.4	272.31	262	271.39	1014401
NTRA	2026-07-20	268.81	271.64	262.01	262.63	832834
NTRA	2026-07-21	262.09	268.7099	255.655	267.18	990261
NTRA	2026-07-22	263.375	266	257.84	264.22	806487
NTRA	2026-07-23	264.22	272.9998	261.59	264.69	595003
NTRA	2026-07-24	264.69	266.87	260.27	261.99	699342
NTRA	2026-07-27	263.83	267.27	257	258.03	977570
NTRA	2026-07-28	256.46	257.44	248.58	252.22	1012543
NTRA	2026-07-29	251.34	258.03	248.0275	253.82	924441
NTRA	2026-07-30	252.39	271.25	252.39	269.66	1171489
NTRA	2026-07-31	275	275.12	262.285	267.76	1331389
NTRA	2026-08-03	265.1	272.5399	259.8	270.36	1150030
NTRA	2026-08-04	270.36	276.97	265.24	275.19	1915814
NTRA	2026-08-05	275.19	279.9699	271.52	274.62	1119263
NTRA	2026-08-06	267.71	272.365	263.55	265.38	1565183
NTRA	2026-08-07	320.9	323.0099	306.3796	322.1	3359727
NTRA	2026-08-10	321.53	326.03	310.95	318.35	2149632
NTRA	2026-08-11	317.78	319.98	311.73	312.72	953147
NTRA	2026-08-12	313.47	321.72	312	315.96	1217742
NTRA	2026-08-13	317.68	319.91	307.985	310.78	1520310
NTRA	2026-08-14	308.01	311.99	305	309.93	1272909
NTRA	2026-08-17	310.49	318.605	308.4005	314.18	1066505
NTRA	2026-08-18	311.63	318.57	310.38	311.69	1131301
NTRA	2026-08-19	321.01	325.83	313.465	325.07	1590974
NTRA	2026-08-20	321.05	333.56	320	324.84	1691709
NTRA	2026-08-21	325	332.98	320.4101	332.03	1214646
NTRA	2026-08-24	328.4	331.91	321.59	327.72	1219248
NUCL	2026-05-01	11.38	11.7099	10.88	11.19	294490
NUCL	2026-05-04	11.01	11.5	10.55	10.95	247826
NUCL	2026-05-05	10.89	11.32	9.89	10	417975
NUCL	2026-05-06	9.95	9.95	8.81	9.15	737014
NUCL	2026-05-07	9.1	10.1	8.83	9.81	421461
NUCL	2026-05-08	9.78	10.0376	8.9	9.68	362674
NUCL	2026-05-11	9.7	10.66	9.27	10.42	316961
NUCL	2026-05-12	10.34	10.6399	10.0501	10.34	238577
NUCL	2026-05-13	10.42	11.2	10.1819	10.69	386462
NUCL	2026-05-14	11.16	11.2	10.41	10.86	293846
NUCL	2026-05-15	10.53	10.8	10.271	10.58	191534
NUCL	2026-05-18	10.49	11.25	10.07	10.31	327873
NUCL	2026-05-19	10.26	10.9876	10.1	10.75	179559
NUCL	2026-05-20	10.7	10.97	10.01	10.04	254667
NUCL	2026-05-21	9.85	11.29	9.67	11.25	710137
NUCL	2026-05-22	12.09	12.29	11.5	11.95	828059
NUCL	2026-05-26	12.23	12.23	10.76	11.07	450839
NUCL	2026-05-27	10.75	11.0044	10.05	10.12	541221
NUCL	2026-05-28	10.02	10.83	9.76	10.61	447171
NUCL	2026-05-29	10.59	10.7999	9.98	10.08	259865
NUCL	2026-06-01	10.5	10.91	10.3	10.475	318906
NUCL	2026-06-02	10.41	10.69	10.05	10.13	449451
NUCL	2026-06-03	10.16	10.38	9.8	10	329573
NUCL	2026-06-04	9.89	10.155	9.75	10.14	195241
NUCL	2026-06-05	9.95	9.95	9.3	9.42	315155
NUCL	2026-06-08	9.58	10.01	9.29	9.9	173929
NUCL	2026-06-09	9.98	10.0576	9.26	9.4	167915
NUCL	2026-06-10	9.35	9.73	8.96	9.13	186290
NUCL	2026-06-11	9.01	9.48	8.7	9.4	166854
NUCL	2026-06-12	9.65	9.94	9.3913	9.73	221888
NUCL	2026-06-15	9.51	10.025	9.15	9.22	328162
NUCL	2026-06-16	9.14	9.56	9.05	9.43	172571
NUCL	2026-06-17	9.64	9.99	9.3923	9.67	319609
NUCL	2026-06-18	10.24	11.57	9.465	11.25	4397957
NUCL	2026-06-22	10.81	11.25	10.42	10.7	483001
NUCL	2026-06-23	10.79	12.16	10.79	11.57	616265
NUCL	2026-06-24	11.67	11.77	9.75	9.94	639284
NUCL	2026-06-25	10.22	10.4486	9.9201	10.01	202757
NUCL	2026-06-26	9.97	10.3666	9.65	9.89	181212
NUCL	2026-06-29	9.76	9.91	9.3	9.62	163130
NUCL	2026-06-30	9.55	9.78	9.52	9.61	133560
NUCL	2026-07-01	9.5	9.74	9.27	9.56	147068
NUCL	2026-07-02	9.51	9.73	8.7	8.86	328282
NUCL	2026-07-06	8.82	8.83	7.74	7.87	531463
NUCL	2026-07-07	7.79	7.9	7.1801	7.41	286045
NUCL	2026-07-08	7.3	7.33	6.96	7.26	264500
NUCL	2026-07-09	7.28	7.98	7.01	7.06	278655
NUCL	2026-07-10	7.04	7.195	6.613	6.8	383208
NUCL	2026-07-13	6.8	6.8	6.16	6.33	332644
NUCL	2026-07-14	6.4	6.51	5.89	6.26	311636
NUCL	2026-07-15	6.49	6.7492	5.83	5.95	352867
NUCL	2026-07-16	5.86	6.08	5.46	5.48	415176
NUCL	2026-07-17	5.24	5.815	5.14	5.61	337105
NUCL	2026-07-20	5.69	5.79	5.3501	5.41	339495
NUCL	2026-07-21	5.49	6.0288	5.49	5.88	552716
NUCL	2026-07-22	6	6.8	5.9	6.51	705935
NUCL	2026-07-23	6.53	6.8347	5.97	6.01	405743
NUCL	2026-07-24	6	6.1767	5.3	5.39	328151
NUCL	2026-07-27	5.3	5.695	5.3	5.505	205932
NUCL	2026-07-28	5.35	5.93	5.35	5.44	459513
NUCL	2026-07-29	5.68	5.89	5.51	5.62	394736
NUCL	2026-07-30	5.76	6.18	5.665	5.77	404926
NUCL	2026-07-31	5.8	6.58	5.39	5.7	2147478
NUCL	2026-08-03	5.61	6.38	5.5	6.17	499188
NUCL	2026-08-04	6.33	6.9529	6.26	6.7	507683
NUCL	2026-08-05	6.8	6.84	6.14	6.72	591310
NUCL	2026-08-06	6.59	7.1399	6.5001	7.01	339106
NUCL	2026-08-07	7.11	8.04	7.0001	7.77	590631
NUCL	2026-08-10	7.77	7.99	7.2961	7.8	297727
NUCL	2026-08-11	7.65	8.0044	7.55	7.84	199118
NUCL	2026-08-12	7.93	8.06	7.5104	7.77	241198
NUCL	2026-08-13	7.69	8.075	7.575	7.84	204769
NUCL	2026-08-14	7.8	8.11	7.6256	8	207035
NUCL	2026-08-17	8.05	8.07	7.55	7.62	228738
NUCL	2026-08-18	7.54	7.9884	7.34	7.8	190778
NUCL	2026-08-19	7.83	8.07	7.55	7.59	232531
NUCL	2026-08-20	7.64	7.77	7.2363	7.38	279098
NUCL	2026-08-21	7.38	7.83	7.06	7.29	267485
NUCL	2026-08-24	7.13	7.71	6.81	7.07	413811
OBX	2026-08-04	49.9699	49.9699	25	34	12637
OBX	2026-08-05	30	30.3	23	28.51	18353
OBX	2026-08-06	27.14	29.95	27.14	28.35	7436
OBX	2026-08-07	27.535	28.45	26.8	27.5	8856
OBX	2026-08-10	28.5	37.15	28.5	35	26709
OBX	2026-08-11	37.96	39	30	32.9	89939
OBX	2026-08-12	30	33.49	24	28	111477
OBX	2026-08-13	26.7	26.72	17.05	18.92	162989
OBX	2026-08-14	20.01	20.01	17.77	17.77	32601
OBX	2026-08-17	14.57	18.5127	14.57	17.535	18641
OBX	2026-08-18	19.26	20.2	16.31	19.95	112247
OBX	2026-08-19	19.81	22.33	19.3	20	46431
OBX	2026-08-20	20.2	21.03	19.7	20.19	74353
OBX	2026-08-21	20.47	21.33	18.44	19.9	1449276
OBX	2026-08-24	20.39	21.975	17.8	18.7	133093
OCUL	2026-05-01	9.37	9.52	9.16	9.43	2221784
OCUL	2026-05-04	9.37	9.84	9.345	9.77	2764404
OCUL	2026-05-05	9.34	9.85	9.08	9.71	4144203
OCUL	2026-05-06	9.8	9.975	9.55	9.71	3736545
OCUL	2026-05-07	9.69	9.845	9.54	9.68	2082147
OCUL	2026-05-08	9.62	9.72	9.3	9.65	2085766
OCUL	2026-05-11	9.67	9.73	9.18	9.28	3481903
OCUL	2026-05-12	9.3	9.3	8.96	9.16	3703193
OCUL	2026-05-13	8.99	9.34	8.94	9.24	2777079
OCUL	2026-05-14	9.33	9.595	9.07	9.5	2842060
OCUL	2026-05-15	9.29	9.36	9.04	9.16	2370513
OCUL	2026-05-18	9.17	9.245	8.36	8.38	2983887
OCUL	2026-05-19	8.31	8.315	7.93	7.99	2958740
OCUL	2026-05-20	7.99	8.36	7.99	8.03	4664196
OCUL	2026-05-21	8	8.305	7.86	8.22	2312534
OCUL	2026-05-22	8.23	8.36	8.1193	8.23	2029850
OCUL	2026-05-26	8.21	8.33	8.14	8.29	2041708
OCUL	2026-05-27	8.24	8.6499	8.22	8.54	2568309
OCUL	2026-05-28	8.5	9.165	8.48	9.15	3382505
OCUL	2026-05-29	9.16	9.27	8.955	9.01	2399732
OCUL	2026-06-01	8.9	9.035	8.6	8.93	2064320
OCUL	2026-06-02	8.815	8.9	8.14	8.31	3051549
OCUL	2026-06-03	8.17	8.365	8.11	8.35	2044145
OCUL	2026-06-04	8.5	8.945	8.43	8.8	1824230
OCUL	2026-06-05	8.825	8.88	8.165	8.25	1344552
OCUL	2026-06-08	8.31	8.4	8.12	8.16	1502296
OCUL	2026-06-09	8.28	8.51	8.071	8.47	2426608
OCUL	2026-06-10	8.44	8.8391	8.255	8.74	2664585
OCUL	2026-06-11	8.74	8.875	8.57	8.7	2761546
OCUL	2026-06-12	8.65	8.955	8.6188	8.94	2694742
OCUL	2026-06-15	8.94	9.255	8.76	8.99	2467161
OCUL	2026-06-16	8.99	9.105	8.67	8.94	2329524
OCUL	2026-06-17	9.19	9.745	8.62	9.64	7389052
OCUL	2026-06-18	10	10.3899	9.37	9.43	6114191
OCUL	2026-06-22	9.51	10.14	9.41	9.97	5161759
OCUL	2026-06-23	9.83	10.615	9.8	10.115	2755282
OCUL	2026-06-24	10.17	10.39	9.735	9.85	2763679
OCUL	2026-06-25	9.79	10.24	9.71	9.76	2238649
OCUL	2026-06-26	9.78	10.085	9.605	9.84	8123498
OCUL	2026-06-29	9.8	9.98	9.6501	9.9	2060992
OCUL	2026-06-30	9.98	10.19	9.795	9.82	2449369
OCUL	2026-07-01	9.91	10.05	9.435	9.47	2179732
OCUL	2026-07-02	9.56	9.74	9.41	9.64	1832276
OCUL	2026-07-06	9.54	9.83	9.425	9.66	2407616
OCUL	2026-07-07	9.8	10.505	9.64	10.33	2872197
OCUL	2026-07-08	10.22	10.43	9.915	10.27	3200237
OCUL	2026-07-09	10.16	10.9396	10.15	10.54	2428594
OCUL	2026-07-10	10.51	10.53	10.065	10.2	1875627
OCUL	2026-07-13	10.14	10.185	9.76	9.88	1436636
OCUL	2026-07-14	9.87	9.9798	9.63	9.7	1413952
OCUL	2026-07-15	9.68	10.045	9.4824	9.96	1322584
OCUL	2026-07-16	9.9	9.935	8.87	9.165	2718502
OCUL	2026-07-17	9.07	9.215	8.8101	8.97	1880616
OCUL	2026-07-20	8.95	9.15	8.63	8.71	2496858
OCUL	2026-07-21	8.7	9.135	8.67	8.93	1583038
OCUL	2026-07-22	8.84	8.89	8.58	8.585	1865663
OCUL	2026-07-23	8.5	8.68	8.32	8.62	1811774
OCUL	2026-07-24	8.66	8.705	8.43	8.505	1166039
OCUL	2026-07-27	8.64	8.86	8.475	8.64	1539828
OCUL	2026-07-28	8.61	8.665	8.305	8.45	2373306
OCUL	2026-07-29	8.51	8.61	8.295	8.36	1779437
OCUL	2026-07-30	8.37	8.53	8.27	8.47	2686425
OCUL	2026-07-31	8.44	8.564	8.15	8.17	2150807
OCUL	2026-08-03	8.285	8.495	8.175	8.4	3327350
OCUL	2026-08-04	8.4	8.715	8.355	8.59	2231553
OCUL	2026-08-05	8.68	8.79	8.45	8.5	1599753
OCUL	2026-08-06	8.45	8.79	8.4	8.74	1593425
OCUL	2026-08-07	8.8	9.2	8.8	9.19	2013899
OCUL	2026-08-10	9.2	9.305	9.04	9.24	1528550
OCUL	2026-08-11	9.29	9.77	9.16	9.76	2169712
OCUL	2026-08-12	9.77	10.43	9.74	10.23	4005999
OCUL	2026-08-13	10.27	10.43	10.075	10.1	2581548
OCUL	2026-08-14	10.04	10.07	9.68	10.04	1631529
OCUL	2026-08-17	10.8	11.195	10.5	10.65	11144486
OCUL	2026-08-18	10.5	11.215	10.3015	11.01	4570367
OCUL	2026-08-19	11.29	11.74	11.185	11.73	3014777
OCUL	2026-08-20	11.525	11.619	11.07	11.09	3294294
OCUL	2026-08-21	11.1	11.49	10.935	11.08	3051266
OCUL	2026-08-24	11.03	11.05	10.61	10.78	2358144
OEC	2026-05-01	7.6	7.85	7.53	7.8	444916
OEC	2026-05-04	7.7	7.87	7.58	7.84	465588
OEC	2026-05-05	7.86	8.37	7.765	8.31	558557
OEC	2026-05-06	8.32	8.4	8.02	8.2	764878
OEC	2026-05-07	7.7	7.965	6.69	7.16	739929
OEC	2026-05-08	7.19	7.76	6.98	7.61	480354
OEC	2026-05-11	7.77	7.93	7.44	7.44	448284
OEC	2026-05-12	7.39	7.58	7.165	7.52	566899
OEC	2026-05-13	7.5	7.715	7.235	7.25	602727
OEC	2026-05-14	7.35	7.35	7.1	7.2	385993
OEC	2026-05-15	7.09	7.2	6.9	6.92	413981
OEC	2026-05-18	6.98	6.98	6.67	6.71	410364
OEC	2026-05-19	6.6	6.735	6.27	6.52	471717
OEC	2026-05-20	6.45	6.64	6.28	6.45	422991
OEC	2026-05-21	6.42	6.83	6.2	6.76	433894
OEC	2026-05-22	6.91	7.19	6.86	7.02	409050
OEC	2026-05-26	7.07	7.3	7.01	7.23	300029
OEC	2026-05-27	7.34	7.5799	7.31	7.41	393075
OEC	2026-05-28	7.42	7.76	7.38	7.69	408569
OEC	2026-05-29	7.68	7.775	7.64	7.64	289601
OEC	2026-06-01	7.59	7.59	7.12	7.19	545218
OEC	2026-06-02	7.18	7.59	7.13	7.55	639615
OEC	2026-06-03	7.45	7.525	7.14	7.28	460909
OEC	2026-06-04	7.4	7.41	7.1	7.18	341040
OEC	2026-06-05	7.09	7.17	6.63	6.72	302564
OEC	2026-06-08	6.87	7	6.73	6.86	483704
OEC	2026-06-09	6.96	7.275	6.925	7.25	478058
OEC	2026-06-10	7.25	7.515	7.19	7.2	302740
OEC	2026-06-11	7.25	7.555	7.115	7.51	449225
OEC	2026-06-12	7.68	8.64	7.68	8.26	613009
OEC	2026-06-15	8.28	8.37	7.965	8.13	580965
OEC	2026-06-16	8.1	8.27	7.55	7.94	506592
OEC	2026-06-17	7.92	8.0972	7.58	7.74	491118
OEC	2026-06-18	7.83	7.93	7.37	7.44	1418557
OEC	2026-06-22	7.43	7.44	6.805	7.17	793999
OEC	2026-06-23	7.08	7.4	6.825	6.86	878170
OEC	2026-06-24	6.88	6.89	6.51	6.84	756357
OEC	2026-06-25	6.86	7.22	6.67	7.18	506635
OEC	2026-06-26	7.1	7.17	6.75	7.02	1146092
OEC	2026-06-29	7.08	7.12	6.68	6.82	464740
OEC	2026-06-30	6.81	6.81	6.6	6.63	365558
OEC	2026-07-01	6.55	6.7	6.31	6.35	503202
OEC	2026-07-02	6.43	6.57	5.65	5.74	2476911
OEC	2026-07-06	5.72	5.83	5.47	5.47	694125
OEC	2026-07-07	5.39	5.655	5.29	5.65	883616
OEC	2026-07-08	5.6	5.85	5.42	5.52	1187712
OEC	2026-07-09	5.51	5.51	5.21	5.34	1285026
OEC	2026-07-10	5.36	5.775	5.33	5.69	744150
OEC	2026-07-13	5.49	6.08	5.48	6	965143
OEC	2026-07-14	6.08	6.31	6.03	6.09	557610
OEC	2026-07-15	6.12	6.37	6.07	6.35	455852
OEC	2026-07-16	6.35	6.67	6.32	6.67	751469
OEC	2026-07-17	6.71	6.965	6.56	6.85	447858
OEC	2026-07-20	6.76	7.04	6.7	7.04	472583
OEC	2026-07-21	7.04	7.22	7	7.2	581548
OEC	2026-07-22	7.31	7.6197	7.31	7.55	435632
OEC	2026-07-23	7.51	7.61	6.795	6.86	545830
OEC	2026-07-24	6.98	7.225	6.87	6.99	429535
OEC	2026-07-27	7.09	7.09	6.58	6.73	458746
OEC	2026-07-28	6.86	7.1898	6.86	7.1	419034
OEC	2026-07-29	7.07	7.22	6.782	7.15	401919
OEC	2026-07-30	7.15	7.15	6.67	6.76	376800
OEC	2026-07-31	6.66	6.77	6.41	6.75	337806
OEC	2026-08-03	6.125	6.94	6.125	6.83	404626
OEC	2026-08-04	6.83	6.83	6.525	6.66	447772
OEC	2026-08-05	6.53	6.69	6.25	6.56	405795
OEC	2026-08-06	7.23	8.24	6.88	7.6	811188
OEC	2026-08-07	7.34	7.485	6.6175	7.24	560166
OEC	2026-08-10	7.23	7.26	6.83	6.88	346575
OEC	2026-08-11	6.95	7.155	6.62	6.67	495098
OEC	2026-08-12	6.75	6.75	6.39	6.44	378369
OEC	2026-08-13	6.36	6.52	6.34	6.37	437355
OEC	2026-08-14	6.35	6.505	6.32	6.44	322279
OEC	2026-08-17	6.41	6.56	6.12	6.23	348523
OEC	2026-08-18	6.3	6.3	6.03	6.07	375793
OEC	2026-08-19	6.23	6.39	6.05	6.07	379794
OEC	2026-08-20	6.1	6.175	5.92	6.09	390333
OEC	2026-08-21	6.12	6.15	6	6.12	701411
OEC	2026-08-24	6.16	6.25	5.98	6.02	413746
OESX	2026-05-01	9.08	9.64	8.96	9.14	25876
OESX	2026-05-04	9.14	9.7244	9.0601	9.15	27270
OESX	2026-05-05	9.37	9.5	9.25	9.38	13008
OESX	2026-05-06	9.38	9.38	8.815	9.07	69009
OESX	2026-05-07	9.1	9.52	9	9.25	50679
OESX	2026-05-08	9.45	10.3	9.405	9.88	62211
OESX	2026-05-11	9.88	9.99	9.55	9.61	36422
OESX	2026-05-12	9.58	9.69	9.35	9.47	18448
OESX	2026-05-13	9.52	9.5599	9.36	9.435	15654
OESX	2026-05-14	9.435	9.68	9.41	9.68	21999
OESX	2026-05-15	9.57	9.6	9.1801	9.28	19431
OESX	2026-05-18	9.36	9.36	8.9014	9.09	26127
OESX	2026-05-19	8.93	9.12	8.7429	8.78	43133
OESX	2026-05-20	8.8	8.98	8.75	8.87	31691
OESX	2026-05-21	8.8	9.24	8.8	9.07	30499
OESX	2026-05-22	9.12	10.13	9.105	9.88	85761
OESX	2026-05-26	9.67	10.238	9.455	9.87	70823
OESX	2026-05-27	10.48	11.88	10.22	10.68	99800
OESX	2026-05-28	10.74	11.13	9.67	9.75	137449
OESX	2026-05-29	9.76	10.1299	9.46	9.5	22374
OESX	2026-06-01	9.62	10.295	9.6	9.99	46592
OESX	2026-06-02	9.99	9.99	9.4	9.48	46659
OESX	2026-06-03	9.66	9.66	8.97	9.12	45415
OESX	2026-06-04	9.06	9.9999	8.8	9.16	110304
OESX	2026-06-05	9.37	9.63	9	9.52	47324
OESX	2026-06-08	9.42	9.4717	8.74	9.46	125134
OESX	2026-06-09	9.46	10.38	9.12	9.65	193445
OESX	2026-06-10	9.53	9.63	9.215	9.34	39866
OESX	2026-06-11	9.37	9.7345	9.125	9.455	28328
OESX	2026-06-12	9.1376	9.99	9.1376	9.35	33820
OESX	2026-06-15	9.72	9.72	8.585	8.72	119745
OESX	2026-06-16	8.71	9.5	8.58	9.34	128748
OESX	2026-06-17	9.43	9.9	9.17	9.69	65158
OESX	2026-06-18	9.53	9.82	9.08	9.82	45992
OESX	2026-06-22	9.75	9.84	9.445	9.64	59313
OESX	2026-06-23	9.56	9.81	9.13	9.53	44340
OESX	2026-06-24	9.58	9.615	9.3	9.57	13414
OESX	2026-06-25	9.79	9.83	9.52	9.78	21426
OESX	2026-06-26	9.89	11.34	9.78	11.32	74534
OESX	2026-06-29	11.32	11.9	10.86	11.845	25654
OESX	2026-06-30	11.8	12.5699	11.435	11.69	74198
OESX	2026-07-01	11.75	12.4699	11.74	12.18	23053
OESX	2026-07-02	12.37	12.66	11.52	11.69	24918
OESX	2026-07-06	11.95	12.17	11.63	12.17	25548
OESX	2026-07-07	12.1	12.1	10.41	10.52	76572
OESX	2026-07-08	10.36	10.91	9.92	10.72	28369
OESX	2026-07-09	10.92	11.05	10.37	10.6	39855
OESX	2026-07-10	10.67	11.095	10.0001	10.35	31452
OESX	2026-07-13	10.23	10.845	10	10.28	156356
OESX	2026-07-14	10.35	10.36	10.17	10.17	51451
OESX	2026-07-15	10.22	10.59	9.81	10.13	16992
OESX	2026-07-16	10.19	11.13	10.19	10.98	42535
OESX	2026-07-17	11.17	11.355	10.3024	10.41	27789
OESX	2026-07-20	10.53	11.58	10.35	10.51	35147
OESX	2026-07-21	10.66	10.83	10.445	10.7	14101
OESX	2026-07-22	10.5	10.63	10.11	10.295	12890
OESX	2026-07-23	10.33	10.6988	10.255	10.46	39975
OESX	2026-07-24	10.505	10.58	10.1	10.13	23014
OESX	2026-07-27	10	10.61	10	10.325	23276
OESX	2026-07-28	10.32	10.91	10.16	10.31	66069
OESX	2026-07-29	10.21	10.21	9.51	9.6	21499
OESX	2026-07-30	9.79	10.15	9.71	9.93	15723
OESX	2026-07-31	10	10.19	9.92	10.1	21450
OESX	2026-08-03	10.12	10.5	9.95	10.24	31038
OESX	2026-08-04	10.24	10.9863	9.87	10.4	36220
OESX	2026-08-05	13.67	17.4999	13.51	16.06	671310
OESX	2026-08-06	16.58	19.93	16.17	17.58	254461
OESX	2026-08-07	17.74	19.75	17.07	19.7	163762
OESX	2026-08-10	19.69	20	17.3305	19.15	110726
OESX	2026-08-11	19.38	20.74	18.77	19.75	145387
OESX	2026-08-12	19.75	20.8	19.53	20.59	68070
OESX	2026-08-13	20.59	20.75	19.01	19.3	54775
OESX	2026-08-14	19.34	19.71	18.77	19.35	52961
OESX	2026-08-17	19.4	20.1314	18.38	19.28	46960
OESX	2026-08-18	19.35	19.98	19.07	19.08	34451
OESX	2026-08-19	19.23	19.715	18.06	18.62	63173
OESX	2026-08-20	18.3	19.5	18.11	19.07	36476
OESX	2026-08-21	19.24	20.1	18.92	19.83	50392
OESX	2026-08-24	19.92	21.2	19.705	20.99	51393
OSPN	2026-05-01	11.25	11.82	10.87	11.54	1176007
OSPN	2026-05-04	11.3	12.1099	11.3	11.93	672569
OSPN	2026-05-05	11.99	12.07	11.705	11.95	552104
OSPN	2026-05-06	11.95	12.13	11.745	11.8	649354
OSPN	2026-05-07	11.84	12.4	11.82	12.15	576732
OSPN	2026-05-08	12.1	12.34	11.8221	12.23	753961
OSPN	2026-05-11	12.1	12.33	11.76	11.84	570413
OSPN	2026-05-12	11.92	12.01	11.73	11.95	529687
OSPN	2026-05-13	11.87	12.091	11.87	12.06	556426
OSPN	2026-05-14	11.97	12.22	11.84	12.18	357143
OSPN	2026-05-15	12.05	12.29	12.04	12.26	391333
OSPN	2026-05-18	12.2	12.47	12.18	12.34	411073
OSPN	2026-05-19	12.36	12.75	12.32	12.49	532765
OSPN	2026-05-20	12.37	12.895	12.245	12.88	476958
OSPN	2026-05-21	12.81	12.835	12.59	12.82	422691
OSPN	2026-05-22	12.88	13.26	12.82	13.12	627924
OSPN	2026-05-26	13.07	13.76	13	13.71	677053
OSPN	2026-05-27	13.6	13.7	13.455	13.56	522761
OSPN	2026-05-28	13.61	13.93	13.5714	13.91	444519
OSPN	2026-05-29	14	14.48	13.91	14.44	610032
OSPN	2026-06-01	14.82	15.705	14.8	15.54	1056393
OSPN	2026-06-02	15.02	15.37	14.9001	15.34	779854
OSPN	2026-06-03	15.09	15.2716	14.32	14.44	695595
OSPN	2026-06-04	14.42	14.775	14.22	14.72	606078
OSPN	2026-06-05	14.7	14.7	14.07	14.15	572092
OSPN	2026-06-08	14.125	14.3	13.98	14.17	392324
OSPN	2026-06-09	14.15	14.25	13.51	13.97	508368
OSPN	2026-06-10	13.75	14.37	13.67	14.13	479234
OSPN	2026-06-11	13.97	14.32	13.85	14.31	364642
OSPN	2026-06-12	14.27	14.51	14.02	14.33	333876
OSPN	2026-06-15	14.48	14.65	14.2	14.23	405834
OSPN	2026-06-16	14.23	14.535	14.09	14.26	251436
OSPN	2026-06-17	14.1	14.265	13.69	13.73	460695
OSPN	2026-06-18	13.86	13.86	13.31	13.5	834466
OSPN	2026-06-22	13.33	13.57	13	13.32	551761
OSPN	2026-06-23	13.39	13.66	13.39	13.56	341318
OSPN	2026-06-24	13.56	13.8265	13.48	13.52	311794
OSPN	2026-06-25	13.7	13.71	13.3	13.53	328833
OSPN	2026-06-26	13.46	14.26	13.46	14.16	964850
OSPN	2026-06-29	14.34	14.58	14.19	14.31	488507
OSPN	2026-06-30	14.17	14.38	13.99	14.35	446293
OSPN	2026-07-01	14.57	14.95	14.525	14.74	302483
OSPN	2026-07-02	14.64	14.855	14.39	14.44	294864
OSPN	2026-07-06	14.37	15.11	14.28	15.09	349119
OSPN	2026-07-07	15.13	15.435	14.7685	14.82	368920
OSPN	2026-07-08	14.56	14.79	14.515	14.74	266334
OSPN	2026-07-09	14.66	15.24	14.5	15.21	363676
OSPN	2026-07-10	15.4	15.455	14.965	15.17	353441
OSPN	2026-07-13	15.22	15.39	15.06	15.09	338383
OSPN	2026-07-14	14.84	15.61	14.71	15.49	277711
OSPN	2026-07-15	15.62	15.98	15.38	15.42	380808
OSPN	2026-07-16	15.42	15.73	15.225	15.54	398048
OSPN	2026-07-17	15.25	15.7	15.25	15.47	450301
OSPN	2026-07-20	15.39	15.55	15.25	15.51	305881
OSPN	2026-07-21	15.48	15.66	15.11	15.42	488397
OSPN	2026-07-22	15.31	15.49	15.09	15.15	370974
OSPN	2026-07-23	15.13	15.2	14.66	14.75	327945
OSPN	2026-07-24	14.91	15.155	14.755	15.15	252927
OSPN	2026-07-27	15.41	15.6	15.13	15.15	523111
OSPN	2026-07-28	15.28	15.74	15.14	15.44	364974
OSPN	2026-07-29	15.51	16.1182	15.5	15.74	379327
OSPN	2026-07-30	15.68	15.79	15.065	15.41	434607
OSPN	2026-07-31	15.41	15.56	15.03	15.48	318314
OSPN	2026-08-03	15.76	15.97	15.6395	15.87	380512
OSPN	2026-08-04	15.88	16.4	15.88	16.21	509596
OSPN	2026-08-05	17.57	18.48	16.055	16.3	1055082
OSPN	2026-08-06	16.095	16.36	15.53	16.24	478120
OSPN	2026-08-07	16.48	16.79	16.26	16.78	406369
OSPN	2026-08-10	16.52	16.9161	16.37	16.37	294883
OSPN	2026-08-11	16.43	16.56	16.04	16.3	353270
OSPN	2026-08-12	16.15	16.63	16.05	16.53	595865
OSPN	2026-08-13	16.65	16.97	16.295	16.92	475996
OSPN	2026-08-14	16.85	16.87	16.25	16.34	332021
OSPN	2026-08-17	16.21	16.21	15.625	15.93	404276
OSPN	2026-08-18	15.97	16.226	15.76	15.78	429754
OSPN	2026-08-19	15.78	15.9	15.46	15.77	306143
OSPN	2026-08-20	15.65	15.72	15.41	15.59	320316
OSPN	2026-08-21	15.68	15.821	15.39	15.73	467409
OSPN	2026-08-24	15.71	15.805	15.6	15.6	308265
PAL	2026-05-01	7.45	7.98	7.33	7.6	466544
PAL	2026-05-04	7.52	7.67	7.145	7.19	238549
PAL	2026-05-05	7.27	7.28	6.81	7.02	247547
PAL	2026-05-06	7.13	7.38	7.05	7.32	103988
PAL	2026-05-07	7.43	7.63	7.32	7.34	160702
PAL	2026-05-08	6.58	7.05	5.95	5.95	1079750
PAL	2026-05-11	5.96	6.34	5.72	6.17	304047
PAL	2026-05-12	6.1	6.23	5.72	5.81	487032
PAL	2026-05-13	5.68	5.76	5.41	5.44	404354
PAL	2026-05-14	5.42	5.7011	5.24	5.28	1044206
PAL	2026-05-15	5.25	5.345	4.91	4.92	502806
PAL	2026-05-18	5.05	5.15	4.96	5.02	552418
PAL	2026-05-19	4.93	5.186	4.92	4.92	485767
PAL	2026-05-20	4.93	5.19	4.85	5.1	295409
PAL	2026-05-21	5	5.2	4.95	5.1	240753
PAL	2026-05-22	5.11	5.14	4.97	5.07	212679
PAL	2026-05-26	5.15	5.415	5.09	5.28	244695
PAL	2026-05-27	5.33	5.49	5.22	5.25	189334
PAL	2026-05-28	5.25	5.49	5.14	5.46	221240
PAL	2026-05-29	5.5	5.55	5.335	5.47	125452
PAL	2026-06-01	5.54	5.675	5.41	5.63	145178
PAL	2026-06-02	5.56	6.055	5.56	5.98	194002
PAL	2026-06-03	5.99	6.1	5.79	6.02	333862
PAL	2026-06-04	6.02	6.55	5.925	6.48	576799
PAL	2026-06-05	6.38	6.48	6.19	6.39	183302
PAL	2026-06-08	6.62	7.37	6.62	7.16	358721
PAL	2026-06-09	7.3	8.27	7.3	8.01	930174
PAL	2026-06-10	7.78	8.15	7.5801	8.02	381145
PAL	2026-06-11	8.06	8.47	7.85	8.4	764147
PAL	2026-06-12	8.4	8.71	8.1474	8.35	373689
PAL	2026-06-15	8.47	8.68	7.92	8.1	389379
PAL	2026-06-16	8.19	8.225	7.745	7.86	312038
PAL	2026-06-17	7.86	8.07	7.37	7.39	187775
PAL	2026-06-18	7.5	7.635	7.43	7.52	258427
PAL	2026-06-22	7.52	7.74	7.365	7.47	308995
PAL	2026-06-23	7.31	7.38	7.01	7.34	571785
PAL	2026-06-24	7.31	7.395	7.0568	7.16	332125
PAL	2026-06-25	7.27	7.29	7.02	7.1	386988
PAL	2026-06-26	7.1	7.46	7.065	7.19	855295
PAL	2026-06-29	7.29	7.42	7.04	7.05	281444
PAL	2026-06-30	6.96	7	6.715	6.81	217751
PAL	2026-07-01	6.76	7.03	6.58	6.58	143151
PAL	2026-07-02	6.59	6.6399	6.32	6.38	147401
PAL	2026-07-06	6.33	6.77	6.33	6.63	187013
PAL	2026-07-07	6.59	6.65	6.22	6.36	175633
PAL	2026-07-08	6.38	6.73	6.335	6.43	198176
PAL	2026-07-09	6.51	6.79	6.51	6.665	170633
PAL	2026-07-10	6.61	6.99	6.61	6.97	217677
PAL	2026-07-13	6.9	7.22	6.85	7.13	295831
PAL	2026-07-14	7.22	7.29	6.935	7.05	354516
PAL	2026-07-15	7.11	7.45	6.955	7.35	364743
PAL	2026-07-16	7.24	7.665	7.24	7.66	365462
PAL	2026-07-17	7.58	7.69	7.05	7.11	253730
PAL	2026-07-20	7.12	7.13	6.76	7.04	136853
PAL	2026-07-21	7.09	7.38	6.91	7.19	117543
PAL	2026-07-22	7.2	7.35	6.963	7.23	153846
PAL	2026-07-23	7.05	7.18	6.81	6.95	263064
PAL	2026-07-24	6.95	6.985	6.605	6.84	109937
PAL	2026-07-27	7	7.14	6.74	7.01	178440
PAL	2026-07-28	7.06	7.19	6.96	7.02	114784
PAL	2026-07-29	7.01	7.17	6.7	6.77	222337
PAL	2026-07-30	6.85	6.87	6.56	6.73	172670
PAL	2026-07-31	6.73	6.85	6.54	6.84	113181
PAL	2026-08-03	6.88	6.97	6.57	6.81	155208
PAL	2026-08-04	6.86	7.14	6.763	7.13	104757
PAL	2026-08-05	7.02	7.1	6.99	7.04	88396
PAL	2026-08-06	7.11	7.11	7.015	7.08	74588
PAL	2026-08-07	7.18	7.44	7.06	7.34	121753
PAL	2026-08-10	7.31	7.64	7.065	7.24	310641
PAL	2026-08-11	5.715	5.9	5.06	5.1	5611575
PAL	2026-08-12	5.2	5.5	5.15	5.33	2684880
PAL	2026-08-13	5.41	5.6	5.34	5.48	1135924
PAL	2026-08-14	5.52	5.56	5.32	5.5	703088
PAL	2026-08-17	5.91	6.06	5.83	5.89	1104685
PAL	2026-08-18	5.94	6	5.61	5.62	638138
PAL	2026-08-19	5.62	5.65	5.4	5.41	461270
PAL	2026-08-20	5.4	5.5	5.19	5.21	606627
PAL	2026-08-21	5.26	5.405	5.22	5.33	441815
PAL	2026-08-24	5.38	5.46	5.2239	5.3	468163
PAY	2026-05-01	28.38	28.95	27.74	27.76	588157
PAY	2026-05-04	27.76	28.945	27.39	28.62	727706
PAY	2026-05-05	32.53	32.53	25.755	26.38	1711644
PAY	2026-05-06	26.38	28.07	26.2014	27.15	716285
PAY	2026-05-07	27.32	28.11	27.32	27.85	411673
PAY	2026-05-08	27.55	27.55	26.59	26.64	292496
PAY	2026-05-11	26.43	27.54	26	26.67	868746
PAY	2026-05-12	26.67	26.87	25.71	26.54	676866
PAY	2026-05-13	26.17	26.39	24.66	24.66	552445
PAY	2026-05-14	24.75	25.365	24.275	24.82	615301
PAY	2026-05-15	24.92	25.05	24.19	24.28	473290
PAY	2026-05-18	24.25	24.94	24.1	24.43	547367
PAY	2026-05-19	24.64	24.82	23.79	24.14	707873
PAY	2026-05-20	24.01	24.6	23.455	24.43	628049
PAY	2026-05-21	24.11	24.27	23.13	23.48	896559
PAY	2026-05-22	23.48	24.01	23.16	23.45	726913
PAY	2026-05-26	23.24	23.68	23.035	23.24	566046
PAY	2026-05-27	23.12	23.965	22.84	23.29	480161
PAY	2026-05-28	23.19	23.6	22.95	23.25	1207806
PAY	2026-05-29	23.57	23.57	22.98	23.49	822212
PAY	2026-06-01	23.73	24.38	23.52	24.26	1309884
PAY	2026-06-02	24	24	21.82	22.35	1147802
PAY	2026-06-03	22	22.265	20.735	21.11	1040783
PAY	2026-06-04	21.47	21.685	21.07	21.17	709553
PAY	2026-06-05	21.28	21.38	20.52	20.9	1097885
PAY	2026-06-08	20.77	21.09	20.44	20.53	709617
PAY	2026-06-09	20.35	21.33	20.33	21.11	1225461
PAY	2026-06-10	20.96	21.37	20.6764	21	791709
PAY	2026-06-11	20.82	21.04	20.3901	20.69	582389
PAY	2026-06-12	20.78	21.27	20.5	21.12	701099
PAY	2026-06-15	21.25	21.71	20.87	21.24	936518
PAY	2026-06-16	21.58	22.25	21.44	21.84	778445
PAY	2026-06-17	21.74	22.24	20.755	20.94	906590
PAY	2026-06-18	20.91	21.31	20.65	21.07	1108049
PAY	2026-06-22	20.89	21.39	20.11	20.21	692832
PAY	2026-06-23	20.21	20.6	20.14	20.56	848867
PAY	2026-06-24	20.67	21.83	20.67	21.73	779113
PAY	2026-06-25	21.65	21.975	21.08	21.27	775910
PAY	2026-06-26	21.25	23.5	21.24	23.43	11374159
PAY	2026-06-29	23.3	24.415	23.25	24.01	1331382
PAY	2026-06-30	23.99	24.64	23.7173	24.16	1176680
PAY	2026-07-01	24.73	25.84	24.55	25.41	1133682
PAY	2026-07-02	25.63	27.11	25.63	27.06	1101945
PAY	2026-07-06	26.84	28.275	26.7725	28.15	879920
PAY	2026-07-07	28.44	28.92	28.1	28.51	1257489
PAY	2026-07-08	28.1	28.35	27.46	28.02	1030007
PAY	2026-07-09	28.21	28.32	27.01	28.27	862741
PAY	2026-07-10	27.97	29.39	27.97	28.23	1369339
PAY	2026-07-13	28.56	29.29	28.45	28.94	812824
PAY	2026-07-14	28.3	29.04	28.27	28.28	910777
PAY	2026-07-15	28.67	29.5274	28.33	29	760418
PAY	2026-07-16	29.35	30.03	29.285	29.64	797240
PAY	2026-07-17	29.05	29.86	28.71	29.78	708445
PAY	2026-07-20	29.45	30.28	29.01	29.67	646052
PAY	2026-07-21	29.17	29.86	28.7502	29.62	482697
PAY	2026-07-22	29.77	29.9	28.77	29.05	1100553
PAY	2026-07-23	28.82	29.145	28.18	28.76	699682
PAY	2026-07-24	29.09	29.28	28.675	28.87	445776
PAY	2026-07-27	29.33	31.58	29.02	31.48	1102417
PAY	2026-07-28	31.78	34.31	31.715	34.14	1312686
PAY	2026-07-29	34.02	36.72	33.91	36.7	1361601
PAY	2026-07-30	34.94	36.26	34.143	34.87	1889730
PAY	2026-07-31	34.08	34.8	32.41	34.1	1570608
PAY	2026-08-03	34.3	35.85	33.945	34.52	1334739
PAY	2026-08-04	40.48	45.31	37.24	44.6	4597253
PAY	2026-08-05	43.13	43.68	39.52	40	2763252
PAY	2026-08-06	39.6	40.71	38.68	40.12	814781
PAY	2026-08-07	40	40.44	38.15	38.57	705269
PAY	2026-08-10	38.24	39.6799	38.15	38.99	421475
PAY	2026-08-11	38.41	40.82	38.25	40.61	955450
PAY	2026-08-12	40.61	40.9	39.45	40.36	637781
PAY	2026-08-13	40.79	42.77	40.44	42.19	896671
PAY	2026-08-14	42.17	42.5	40.8	41.86	577811
PAY	2026-08-17	41.42	41.88	40.56	40.66	521421
PAY	2026-08-18	40.69	40.69	38.32	38.32	1944180
PAY	2026-08-19	38.24	39.57	38.1	39.57	1451256
PAY	2026-08-20	39.47	39.965	38.41	38.42	1023108
PAY	2026-08-21	38.28	40.458	37.7	40	1484089
PAY	2026-08-24	40.1	40.6	39.77	39.94	965502
PBF	2026-05-01	43.23	43.9	41.51	43	3269761
PBF	2026-05-04	43.45	45.64	43.11	45.53	3484487
PBF	2026-05-05	44.85	46.46	44.552	46.19	3035859
PBF	2026-05-06	43.14	43.98	41.2	41.59	3900918
PBF	2026-05-07	40.47	40.95	38.76	40.59	3179404
PBF	2026-05-08	40.55	42.46	39.07	40.71	5415361
PBF	2026-05-11	41.5	43.565	41.5	42.52	3058832
PBF	2026-05-12	43.01	43.345	41.96	42.43	2429302
PBF	2026-05-13	42.69	42.745	40.75	40.93	2425183
PBF	2026-05-14	40.52	41.11	39.65	40.65	1675833
PBF	2026-05-15	41.24	42.72	41.15	42.3	2217044
PBF	2026-05-18	41.72	43.41	40.465	42.14	2417086
PBF	2026-05-19	42.69	43.2	41.0301	42.76	2393827
PBF	2026-05-20	42.36	42.99	40.73	41.75	2365468
PBF	2026-05-21	42.2	42.68	38.64	39.07	2672442
PBF	2026-05-22	38.98	40.81	38.8	40.21	2385862
PBF	2026-05-26	39.24	40.54	38.25	38.26	3568036
PBF	2026-05-27	37	39.29	36.61	38.8	2772756
PBF	2026-05-28	39.56	40	38.87	39.82	2079320
PBF	2026-05-29	39.86	40.74	39.2	40.7	3616808
PBF	2026-06-01	41.6	43.24	41	41.83	2430892
PBF	2026-06-02	41.57	43.89	41.34	43.17	2263447
PBF	2026-06-03	43.69	43.8	42.37	42.55	2599213
PBF	2026-06-04	41.3	42.84	40.58	42.76	1575738
PBF	2026-06-05	42.48	43.35	41.72	42.5	2488678
PBF	2026-06-08	43.2	44.665	42.21	42.37	1700846
PBF	2026-06-09	42.01	42.58	39.93	40.36	2089610
PBF	2026-06-10	40.76	43.62	40.76	42.57	2734361
PBF	2026-06-11	43.51	43.68	40.85	41.13	2000979
PBF	2026-06-12	40.72	42.99	40.62	41.89	1711782
PBF	2026-06-15	39.18	40.34	38.81	39.66	2355952
PBF	2026-06-16	38.99	39.87	38.72	39.15	2228383
PBF	2026-06-17	39.13	39.345	37.61	37.77	1775312
PBF	2026-06-18	37.03	37.97	36.39	37.29	3467946
PBF	2026-06-22	37.62	39.3	36.42	39.29	2415859
PBF	2026-06-23	38.77	41	38	40.69	3066298
PBF	2026-06-24	39.83	40.76	39.165	40.34	2145382
PBF	2026-06-25	39.89	42.68	39.64	42.29	2361146
PBF	2026-06-26	41.9	43.28	41.4336	43.11	6910918
PBF	2026-06-29	43.5	47.54	43.5	46.43	4284046
PBF	2026-06-30	46.81	47.118	44.91	45.52	2536107
PBF	2026-07-01	45.94	48.05	45.81	48.04	2940070
PBF	2026-07-02	48.12	49.13	47.69	47.81	2739120
PBF	2026-07-06	47.73	50.32	47.0905	49.26	2131697
PBF	2026-07-07	49.32	49.74	47.59	48.46	2365945
PBF	2026-07-08	50.03	53.18	49.6601	52.9	4282279
PBF	2026-07-09	52.3	53.55	52.08	53.31	2715735
PBF	2026-07-10	54.16	54.815	51.7	53.18	1691794
PBF	2026-07-13	54.91	58.065	54.81	57.44	2957845
PBF	2026-07-14	58.3	61.015	57.86	60.89	3839765
PBF	2026-07-15	60.41	60.71	56.66	58.76	3315064
PBF	2026-07-16	59.22	61.5829	58.285	60.94	2322777
PBF	2026-07-17	62	63.598	61.22	62.75	2836014
PBF	2026-07-20	62.46	64.67	62.232	63.85	2574741
PBF	2026-07-21	64.7	66.05	63.125	66.05	2895462
PBF	2026-07-22	67.17	68.33	64.05	64.33	3177813
PBF	2026-07-23	66.83	66.9703	61.64	61.95	3436761
PBF	2026-07-24	61.57	63.24	60.4	61.63	2908067
PBF	2026-07-27	60.31	63.1	57.9499	62.76	3172372
PBF	2026-07-28	63.55	64.49	60.06	61	2824713
PBF	2026-07-29	62.56	64.28	62.19	63.35	3592946
PBF	2026-07-30	65	74.74	64.425	73.1	6590259
PBF	2026-07-31	73.6	74.05	69.7	72.28	3094442
PBF	2026-08-03	69.12	72.75	67.155	67.91	4895669
PBF	2026-08-04	66.35	66.83	64.25	65.89	4170097
PBF	2026-08-05	65.74	67.15	61.05	61.17	3655652
PBF	2026-08-06	62.6	62.62	59.88	61.24	3273655
PBF	2026-08-07	60.48	63.43	58.8805	61.71	2806314
PBF	2026-08-10	63.94	66.77	62.9	66.29	3982728
PBF	2026-08-11	66.51	69.55	66.23	69.35	3455326
PBF	2026-08-12	68.91	71.42	68.45	70.34	2281571
PBF	2026-08-13	69.89	74.5085	69.35	74.36	2389437
PBF	2026-08-14	74.23	74.5	71.26	71.85	2815886
PBF	2026-08-17	72.93	75.68	71.95	75.07	2927563
PBF	2026-08-18	75.5	75.68	72.91	75.2	2092489
PBF	2026-08-19	74.87	75.61	72.5	73.91	2025750
PBF	2026-08-20	74.5	74.99	69.25	69.56	2194890
PBF	2026-08-21	70.33	74.0499	70.02	73.53	2955139
PBF	2026-08-24	72.41	73.5	68.93	69.51	2885270
PDFS	2026-05-01	43	44.94	42.325	44.55	518561
PDFS	2026-05-04	44.99	45.8246	43.562	44.4	361229
PDFS	2026-05-05	45.71	46.5	45.09	46.35	252284
PDFS	2026-05-06	47.65	48.16	45.73	48.09	419576
PDFS	2026-05-07	48.5	49.1	46.33	47.7	948655
PDFS	2026-05-08	46.14	52.28	42.72	51.63	918328
PDFS	2026-05-11	51.99	56.46	51.97	55.09	1072015
PDFS	2026-05-12	52.84	53.4341	50.01	50.95	945420
PDFS	2026-05-13	52	53.33	50.95	51.57	583813
PDFS	2026-05-14	46.978	47.32	44.575	46.05	5348443
PDFS	2026-05-15	44.67	45.52	43.89	44.7	2404122
PDFS	2026-05-18	44.77	44.78	42.4	43.64	900869
PDFS	2026-05-19	42.5	43.455	41.04	42.57	602240
PDFS	2026-05-20	43.04	44.89	42.855	44.78	659311
PDFS	2026-05-21	44.18	44.87	43.86	44.58	561473
PDFS	2026-05-22	45	46.86	44.12	46.09	508280
PDFS	2026-05-26	47.825	49.08	46.605	48.95	696664
PDFS	2026-05-27	49.89	49.89	46.86	47.6	640220
PDFS	2026-05-28	47.43	49.21	45.36	48.93	832061
PDFS	2026-05-29	49.39	49.6	47.9	48.83	669872
PDFS	2026-06-01	48.1	52.35	47.76	51.28	825642
PDFS	2026-06-02	51.5	56.95	51.5	55.48	1114028
PDFS	2026-06-03	55.57	56.24	53.745	55.14	643434
PDFS	2026-06-04	52.95	58.14	52.6	56.39	696746
PDFS	2026-06-05	54.25	54.705	50.97	51.45	610708
PDFS	2026-06-08	53.5	56.54	52.32	56.3	998141
PDFS	2026-06-09	57.92	60.87	54.78	58.74	1503504
PDFS	2026-06-10	57.74	60.22	56.71	57.6	945909
PDFS	2026-06-11	60	64.275	59.06	63.85	1034305
PDFS	2026-06-12	63.71	65.5	62.92	64.14	528660
PDFS	2026-06-15	66.95	66.975	64.435	65.09	719691
PDFS	2026-06-16	65.09	66.13	61.32	61.5	566076
PDFS	2026-06-17	63.18	63.6399	60.8045	61.07	575710
PDFS	2026-06-18	63.93	66.25	63.52	65.36	1073299
PDFS	2026-06-22	66.52	68.16	63.78	64.95	496943
PDFS	2026-06-23	60.21	63	59.76	60.54	502616
PDFS	2026-06-24	61.31	63.64	60.155	63.56	882479
PDFS	2026-06-25	66.18	68.76	64.83	68.67	887097
PDFS	2026-06-26	65.72	66.36	61.65	63.01	1598399
PDFS	2026-06-29	63.02	66.59	60.81	65.92	672023
PDFS	2026-06-30	66.24	71.685	66.2	70.79	1138853
PDFS	2026-07-01	68.4	69.28	65.9925	66.88	810613
PDFS	2026-07-02	66.64	66.64	56.96	59.18	1373900
PDFS	2026-07-06	59.27	60.8783	56.06	56.75	826174
PDFS	2026-07-07	53.81	53.94	49.9192	51.63	926017
PDFS	2026-07-08	51.55	53.76	51.3778	52.42	754346
PDFS	2026-07-09	56.09	57.2	55.39	55.93	627872
PDFS	2026-07-10	54.74	56.19	54.28	55.52	272603
PDFS	2026-07-13	53.37	54.35	52.23	52.79	396665
PDFS	2026-07-14	54.61	55.0099	53.21	54.22	266408
PDFS	2026-07-15	55.12	55.125	50.15	53.43	437401
PDFS	2026-07-16	51.63	53.53	50.57	51.93	504658
PDFS	2026-07-17	48.94	52.16	48.39	51.14	327732
PDFS	2026-07-20	51.91	52.4	48.61	48.88	461746
PDFS	2026-07-21	51.77	54.67	50.48	54.52	439362
PDFS	2026-07-22	52.8	54.8799	52.8	53.42	444212
PDFS	2026-07-23	52.44	54.576	51.77	52.35	328235
PDFS	2026-07-24	52.35	53.26	50.11	50.98	377762
PDFS	2026-07-27	51.84	51.9	46.2	47.72	718290
PDFS	2026-07-28	44.79	45.38	42.32	44.59	729876
PDFS	2026-07-29	43.965	45.3832	40.99	41.17	606419
PDFS	2026-07-30	44.25	46.32	43.665	46.15	583459
PDFS	2026-07-31	48.27	49.08	45.8117	46.09	693327
PDFS	2026-08-03	44.61	48.4899	44.28	48	355608
PDFS	2026-08-04	49.855	52.08	49.63	51.17	626281
PDFS	2026-08-05	50.32	51.535	49.075	49.46	332060
PDFS	2026-08-06	48.72	50.76	45.65	45.9	824601
PDFS	2026-08-07	46.98	51.44	46.76	49.45	456917
PDFS	2026-08-10	50.54	51.08	47.47	47.63	519332
PDFS	2026-08-11	50.18	51.1145	48.71	49.15	541009
PDFS	2026-08-12	51.73	52.4699	50.44	51.77	619194
PDFS	2026-08-13	51.22	51.69	49.67	50.35	426222
PDFS	2026-08-14	49.915	51.16	49.67	50.9	311988
PDFS	2026-08-17	51.66	53.43	51.66	52.8	495390
PDFS	2026-08-18	50.92	51.78	46.6	47.93	724445
PDFS	2026-08-19	48.01	48.01	44.61	45.22	342320
PDFS	2026-08-20	44.97	45.75	43.15	44.81	490417
PDFS	2026-08-21	44.845	46.055	43.57	45.65	953607
PDFS	2026-08-24	44.48	44.75	43	44.06	425717
PGY	2026-05-01	14.14	14.65	14.04	14.24	2861579
PGY	2026-05-04	14.24	14.91	14.21	14.36	4299079
PGY	2026-05-05	14.55	14.68	14.085	14.57	2070600
PGY	2026-05-06	14.7	14.895	14.29	14.83	4999530
PGY	2026-05-07	16.9	17.14	15.085	15.5	12812073
PGY	2026-05-08	15.82	15.87	14.458	15.19	6029647
PGY	2026-05-11	14.86	15.0989	14.465	14.54	3733166
PGY	2026-05-12	14.4	14.66	13.49	13.53	4451591
PGY	2026-05-13	13.36	13.36	12.705	13.16	4150759
PGY	2026-05-14	13.28	13.63	13.02	13.6	2725671
PGY	2026-05-15	13.4	13.65	13.05	13.54	3022822
PGY	2026-05-18	13.45	13.56	12.59	12.87	3102982
PGY	2026-05-19	12.855	12.99	12.53	12.64	2401192
PGY	2026-05-20	12.54	13.475	12.15	13.44	3147920
PGY	2026-05-21	13.31	13.33	12.855	13.08	2746540
PGY	2026-05-22	13.08	13.59	12.66	12.76	3790894
PGY	2026-05-26	12.75	13.58	12.72	13.39	3229701
PGY	2026-05-27	13.39	14.039	13.35	13.65	2875703
PGY	2026-05-28	13.57	14.385	13.33	13.96	3750700
PGY	2026-05-29	14.3	15.18	13.98	15.12	4973713
PGY	2026-06-01	15.55	15.99	14.73	15.64	5369620
PGY	2026-06-02	15.18	15.37	14.8	15.29	4977438
PGY	2026-06-03	15.01	15.01	13.75	13.96	3900036
PGY	2026-06-04	14.355	16.27	14.2	15.46	6805995
PGY	2026-06-05	15.18	15.412135	14.1	14.56	4715608
PGY	2026-06-08	14.7	15.57	14.08	15.28	3375160
PGY	2026-06-09	15.28	16	14.22	14.8	4174620
PGY	2026-06-10	14.55	15.17	14.35	14.5	4631218
PGY	2026-06-11	14.4	15.795	14.29	15.75	3648804
PGY	2026-06-12	15.69	15.77	14.87	15.42	2665344
PGY	2026-06-15	16.08	16.68	15.605	15.68	3509260
PGY	2026-06-16	15.64	16.155	15.11	15.61	3640864
PGY	2026-06-17	15.47	16.165	14.905	15.03	3909853
PGY	2026-06-18	15.37	15.705	14.76	15.62	2897769
PGY	2026-06-22	15.44	16.29	14.81	15.09	2583315
PGY	2026-06-23	14.8	15.57	14.76	15	2412047
PGY	2026-06-24	14.94	15.59	14.77	15.2	3682012
PGY	2026-06-25	15.31	15.94	15.08	15.48	3686830
PGY	2026-06-26	15.68	16.37	15.38	15.87	12089135
PGY	2026-06-29	16.29	16.74	15.64	16.63	3196535
PGY	2026-06-30	17.015	18.67	16.7	18.25	6643779
PGY	2026-07-01	18.29	19.34	18.165	18.77	5051561
PGY	2026-07-02	18.72	18.99	17.47	17.79	4974125
PGY	2026-07-06	17.74	19.21	17.66	18.71	3423012
PGY	2026-07-07	18.71	19.19	18.07	18.34	3405643
PGY	2026-07-08	17.75	17.95	16.98	17.12	4651595
PGY	2026-07-09	17.12	18.21	16.85	17.84	4058988
PGY	2026-07-10	18.13	18.6	17.53	17.99	2012109
PGY	2026-07-13	17.93	18.285	17.28	17.59	2048002
PGY	2026-07-14	17.33	18.325	17.2878	18.27	2109773
PGY	2026-07-15	18.66	18.94	17.585	17.96	2137581
PGY	2026-07-16	17.9	18.05	17.29	17.49	2384744
PGY	2026-07-17	16.98	17.595	16.62	17.15	2984249
PGY	2026-07-20	17.09	17.41	16.65	17.09	2312084
PGY	2026-07-21	17.27	17.57	16.97	17.48	1850918
PGY	2026-07-22	17.31	17.515	16.66	16.86	1900841
PGY	2026-07-23	16.7	16.825	15.88	16.26	1605315
PGY	2026-07-24	16.39	16.53	15.85	15.89	1617948
PGY	2026-07-27	16.62	17.43	16.59	16.96	1943408
PGY	2026-07-28	16.77	16.9946	15.81	16.61	1942404
PGY	2026-07-29	16.36	16.935	16.065	16.19	3607961
PGY	2026-07-30	17.995	18	15.68	17.64	6595770
PGY	2026-07-31	17.94	19.6	17.51	19.27	7195078
PGY	2026-08-03	19.703	22.28	19.64	22.235	6791395
PGY	2026-08-04	22.27	23.2195	21.8349	21.92	4859857
PGY	2026-08-05	22.145	22.29	21.2401	21.8	2548622
PGY	2026-08-06	20.96	21.9	20.8	21.42	2431631
PGY	2026-08-07	21.72	21.8479	21.01	21.28	1735021
PGY	2026-08-10	21.29	21.83	20.7287	21.6	2444798
PGY	2026-08-11	21.765	22.29	21.065	21.2	2812161
PGY	2026-08-12	21.09	21.2953	19.94	20.31	2838480
PGY	2026-08-13	20.5	21.815	20.46	21.46	2620602
PGY	2026-08-14	21.56	21.73	21.23	21.56	1469154
PGY	2026-08-17	21.52	21.891	20.7005	20.93	1756550
PGY	2026-08-18	20.85	21.12	20.29	20.32	2002880
PGY	2026-08-19	20.27	20.6	19.72	20.47	1872361
PGY	2026-08-20	20.59	20.67	19.55	20.24	3352402
PGY	2026-08-21	20.525	21.9	20.25	21.68	3150694
PGY	2026-08-24	21.39	22.48	21.26	21.82	2130490
PICS	2026-05-01	12.12	12.12	11.48	11.5	154678
PICS	2026-05-04	11.54	12.03	11.53	11.65	249348
PICS	2026-05-05	11.75	11.97	11.255	11.88	354173
PICS	2026-05-06	12.02	13.525	12.02	13.08	445459
PICS	2026-05-07	13.13	13.26	12.4575	12.63	442482
PICS	2026-05-08	12.63	13.8	11.79	12.25	312289
PICS	2026-05-11	12.16	12.8199	11.8	11.86	159467
PICS	2026-05-12	11.82	12.52	11.5	12.25	269906
PICS	2026-05-13	12.19	12.345	11.745	11.87	199552
PICS	2026-05-14	11.87	12.24	11.38	11.55	221047
PICS	2026-05-15	11.2	11.46	10.105	10.5	1412007
PICS	2026-05-18	10.35	11.085	10.35	10.8	237197
PICS	2026-05-19	10.7	11.24	10.57	10.96	258068
PICS	2026-05-20	10.96	11.33	10.55	11.19	132271
PICS	2026-05-21	11.19	11.355	10.56	11.2	156765
PICS	2026-05-22	11.28	11.46	10.95	11.06	144706
PICS	2026-05-26	11.31	11.49	10.9	11.14	374120
PICS	2026-05-27	11.05	11.21	10.7	10.825	227934
PICS	2026-05-28	10.81	10.96	10.385	10.69	377348
PICS	2026-05-29	10.63	10.85	10.31	10.59	450642
PICS	2026-06-01	10.63	11.18	10.415	11.07	434255
PICS	2026-06-02	11.39	11.5	10.69	11.17	776281
PICS	2026-06-03	10.86	10.96	9	9.03	1985994
PICS	2026-06-04	9.1	9.3	8.32	9.16	622789
PICS	2026-06-05	9.04	9.35	9	9.18	333501
PICS	2026-06-08	9.48	9.64	9.27	9.42	350582
PICS	2026-06-09	9.49	10.24	9.36	9.79	372193
PICS	2026-06-10	10.56	10.56	9.27	9.4	523295
PICS	2026-06-11	9.41	10.85	9.1237	10.82	1517903
PICS	2026-06-12	10.8	11.44	10.6075	10.82	478237
PICS	2026-06-15	11.7	11.7	10.77	10.82	380260
PICS	2026-06-16	10.87	11.08	10.715	11.02	308899
PICS	2026-06-17	11.04	11.7	10.6444	10.99	381505
PICS	2026-06-18	10.98	11.49	10.3	10.5	358739
PICS	2026-06-22	10.07	10.28	9.4	9.99	453357
PICS	2026-06-23	9.84	10.065	9.6601	9.96	283823
PICS	2026-06-24	9.96	10.27	9.7501	9.97	240326
PICS	2026-06-25	9.97	10.27	9.71	9.92	261480
PICS	2026-06-26	9.9	10.71	9.85	10.55	314164
PICS	2026-06-29	10.73	10.92	10.285	10.64	443108
PICS	2026-06-30	10.44	10.84	10.3	10.63	317562
PICS	2026-07-01	10.53	11.69	10.3025	11.24	569148
PICS	2026-07-02	11.26	11.8	10.93	11.06	248488
PICS	2026-07-06	11.11	11.7799	10.955	11.41	235013
PICS	2026-07-07	11.55	11.82	11.23	11.4	182438
PICS	2026-07-08	11.26	11.3	10.705	10.93	177736
PICS	2026-07-09	10.94	11.62	10.9	11.58	148491
PICS	2026-07-10	11.88	12.26	11.74	11.85	304082
PICS	2026-07-13	11.84	12.33	11.57	11.81	305158
PICS	2026-07-14	11.8	11.87	11.33	11.38	241385
PICS	2026-07-15	11.42	11.93	11.38	11.7	122743
PICS	2026-07-16	11.59	11.66	11.25	11.4	153073
PICS	2026-07-17	11.25	11.61	11.07	11.52	252770
PICS	2026-07-20	11.48	12.03	11.34	11.7	179908
PICS	2026-07-21	11.9	12.58	11.7	12.38	386532
PICS	2026-07-22	12.38	12.45	12.01	12.36	98977
PICS	2026-07-23	12.3	12.3	11.775	11.91	156548
PICS	2026-07-24	11.88	12.2375	11.785	11.85	146592
PICS	2026-07-27	12.07	12.83	12.07	12.72	332191
PICS	2026-07-28	12.82	12.95	12.0001	12.4	376839
PICS	2026-07-29	12.28	12.62	12.03	12.13	133598
PICS	2026-07-30	12.19	13.1	12.03	12.9	383585
PICS	2026-07-31	12.9	13.27	12.65	13.2	131461
PICS	2026-08-03	13.27	13.48	12.56	12.8	225869
PICS	2026-08-04	13.23	13.75	12.94	13.12	299106
PICS	2026-08-05	13.21	13.7	13.105	13.37	186952
PICS	2026-08-06	13.34	13.455	13.045	13.08	154525
PICS	2026-08-07	13.36	13.36	12	12.06	276628
PICS	2026-08-10	12.06	12.495	11.4425	11.52	358080
PICS	2026-08-11	11.32	11.655	10.86	10.94	384624
PICS	2026-08-12	11	11.28	10.1	10.79	991759
PICS	2026-08-13	10.62	11.63	10.62	11.41	432222
PICS	2026-08-14	11.4	11.5	10.89	11.42	206835
PICS	2026-08-17	11.43	11.43	10	10.22	2038117
PICS	2026-08-18	10.11	10.635	10.08	10.27	336417
PICS	2026-08-19	10.4	10.7	10.3501	10.5	319118
PICS	2026-08-20	10.48	10.63	10.004	10.05	259673
PICS	2026-08-21	10.15	10.605	10.15	10.6	600222
PICS	2026-08-24	10.8	11.3646	10.5	10.9	1618312
PKOH	2026-05-01	29.01	29.26	28.09	28.54	37913
PKOH	2026-05-04	28.54	29.35	28.1001	29.01	122457
PKOH	2026-05-05	29.03	29.935	28.9601	29.54	44465
PKOH	2026-05-06	29.85	30.41	28.7101	30.24	72971
PKOH	2026-05-07	29.99	31.675	29.53	30.84	176884
PKOH	2026-05-08	30.49	31.92	29.9	30.82	115044
PKOH	2026-05-11	30.96	31.16	30.02	30.77	87042
PKOH	2026-05-12	30.49	31.05	28.825	29.64	84472
PKOH	2026-05-13	29.43	30.31	29.32	30.07	138633
PKOH	2026-05-14	29.98	31	29.895	30.84	43082
PKOH	2026-05-15	30.4	30.86	29.27	30.62	66136
PKOH	2026-05-18	30.65	31.245	29.4	29.71	59563
PKOH	2026-05-19	29.6	29.6	28.585	28.81	43348
PKOH	2026-05-20	28.81	30.045	28.64	29.88	89181
PKOH	2026-05-21	29.76	30.96	29.34	30.31	131771
PKOH	2026-05-22	30.5	31.27	30.05	31.15	130165
PKOH	2026-05-26	31.49	33.4	31.49	33.17	94893
PKOH	2026-05-27	33.41	35.01	32.745	33.4	74229
PKOH	2026-05-28	32.99	33.44	32.32	33.31	41914
PKOH	2026-05-29	33.04	33.3087	32.4101	32.56	47817
PKOH	2026-06-01	32.27	32.56	31.21	32.5	55185
PKOH	2026-06-02	32.22	33.4	32.215	33.39	52750
PKOH	2026-06-03	32.75	33.58	32.25	32.38	55574
PKOH	2026-06-04	32.57	33.225	32.28	33.125	67498
PKOH	2026-06-05	33.16	33.23	31.8	32.01	51822
PKOH	2026-06-08	32.49	33.5	32.38	32.72	80085
PKOH	2026-06-09	32.81	34.16	32.66	33.52	63687
PKOH	2026-06-10	33.64	33.92	32.72	32.97	48613
PKOH	2026-06-11	33.46	34.31	33.1	34.1	54750
PKOH	2026-06-12	34.12	35.53	33.805	34.73	63827
PKOH	2026-06-15	35.13	35.45	34.27	34.3	66452
PKOH	2026-06-16	34.65	35.49	34.56	34.61	44927
PKOH	2026-06-17	34.79	35.56	34.32	34.61	58037
PKOH	2026-06-18	35.4	36.61	35.0501	36	152483
PKOH	2026-06-22	35.76	36.69	35.58	36.55	93553
PKOH	2026-06-23	35.98	36.885	35.61	36.425	113220
PKOH	2026-06-24	36.26	37.12	35.47	36.53	85320
PKOH	2026-06-25	36.61	38.44	36.61	38.28	98723
PKOH	2026-06-26	37.95	39.33	37.34	39.06	355980
PKOH	2026-06-29	38.98	39.055	37.62	38.22	116108
PKOH	2026-06-30	38.09	38.71	38.02	38.45	50792
PKOH	2026-07-01	38.36	38.95	37.45	37.91	80491
PKOH	2026-07-02	38.01	38.67	35.87	36.3	97388
PKOH	2026-07-06	36.42	37.75	33.7585	37.15	91506
PKOH	2026-07-07	36.94	37.55	34.99	35.28	70038
PKOH	2026-07-08	35.22	35.8	34.685	35.39	65677
PKOH	2026-07-09	35.56	36.385	35.16	35.85	73471
PKOH	2026-07-10	35.73	36.665	35.06	36.24	136080
PKOH	2026-07-13	36.68	37.67	35.22	36.58	68287
PKOH	2026-07-14	36.58	37.7	36.5	36.89	48482
PKOH	2026-07-15	37.01	37.6	36.21	37.325	51201
PKOH	2026-07-16	37.32	39.07	37.32	38.44	72557
PKOH	2026-07-17	37.74	38.705	36.67	37.76	76196
PKOH	2026-07-20	38.01	38.3013	37.26	37.51	48353
PKOH	2026-07-21	37.4	39.67	36.93	39.27	72696
PKOH	2026-07-22	38.95	39.69	38.59	38.59	55693
PKOH	2026-07-23	38.2	38.8453	36.92	38.17	76274
PKOH	2026-07-24	38.44	39.3054	38.18	38.47	39207
PKOH	2026-07-27	38.81	39.5	38.06	39.1	63539
PKOH	2026-07-28	39.16	39.725	38.35	39.15	91416
PKOH	2026-07-29	38.88	39.04	37.465	38.2	93554
PKOH	2026-07-30	38.81	39.845	38.81	39.45	68347
PKOH	2026-07-31	39.62	40.41	39.01	39.93	77756
PKOH	2026-08-03	40.44	41.46	40.235	40.36	99596
PKOH	2026-08-04	40.7	41.535	40.55	41.3	62785
PKOH	2026-08-05	41.41	42.27	40.9979	41.61	56004
PKOH	2026-08-06	43.24	48	42.11	46.51	214223
PKOH	2026-08-07	47.34	52.66	47.245	52.51	225020
PKOH	2026-08-10	52.55	53.3	47.6325	47.86	138361
PKOH	2026-08-11	48.07	48.78	46.44	47.69	77529
PKOH	2026-08-12	48.16	50.37	47.7201	49.38	222676
PKOH	2026-08-13	49.6	51.155	48.6001	49.55	196009
PKOH	2026-08-14	49.44	49.62	48.22	49.4	113644
PKOH	2026-08-17	49.4	50.5	48.17	48.87	136287
PKOH	2026-08-18	48.49	48.67	47.04	47.36	83683
PKOH	2026-08-19	47.63	47.63	46.055	46.22	57531
PKOH	2026-08-20	45.53	46.1668	44.55	45.29	94498
PKOH	2026-08-21	45.92	46.19	44.42	45.7	78238
PKOH	2026-08-24	45.93	45.93	44.535	44.82	78266
PLPC	2026-05-01	333.35	343.65	321.4	333.73	129899
PLPC	2026-05-04	337.78	341.05	306.905	309.76	155422
PLPC	2026-05-05	314.41	360.99	314.29	358.66	199832
PLPC	2026-05-06	362.5	371.8	355	366.09	151332
PLPC	2026-05-07	366.68	368.868	344.86	345.28	100755
PLPC	2026-05-08	350.07	356.9675	342.78	346.25	78006
PLPC	2026-05-11	346.46	365.375	340.49	356.98	68545
PLPC	2026-05-12	355.52	355.52	334.715	344.24	56547
PLPC	2026-05-13	348.85	351.395	338.22	347.12	65122
PLPC	2026-05-14	347.65	357.79	343.08	354.07	130619
PLPC	2026-05-15	344.89	350.01	338.3	347.44	126205
PLPC	2026-05-18	348	348	328.17	335.43	99710
PLPC	2026-05-19	327.8	337.85	322.5	329.33	117314
PLPC	2026-05-20	334.49	341.78	329.01	337.23	59457
PLPC	2026-05-21	336.76	345.295	332.25	341.11	77452
PLPC	2026-05-22	343.58	358.43	339.63	357.82	100980
PLPC	2026-05-26	361.52	378.56	361.52	376.89	82112
PLPC	2026-05-27	381.57	386	370	380.05	81002
PLPC	2026-05-28	378.16	386.9	364.42	376.98	135778
PLPC	2026-05-29	376.37	379.89	361.17	369.82	78480
PLPC	2026-06-01	363.45	378.8099	360.61	376.25	67112
PLPC	2026-06-02	379.62	397.34	379.62	387.72	60670
PLPC	2026-06-03	387.35	393.64	375	378.15	174508
PLPC	2026-06-04	368.44	380.55	360.0075	376.3	116344
PLPC	2026-06-05	373.97	379.5299	359.82	363.02	133154
PLPC	2026-06-08	372.82	375.93	365.2	373.19	73021
PLPC	2026-06-09	381.19	384.34	349.49	370.03	104438
PLPC	2026-06-10	372.33	378	350.76	352.16	115105
PLPC	2026-06-11	360.11	381.88	360.11	376.47	89216
PLPC	2026-06-12	379.39	388.26	374.64	375.42	98366
PLPC	2026-06-15	388	394.93	375.83	380.16	92160
PLPC	2026-06-16	382.75	387.52	369.65	371.06	82546
PLPC	2026-06-17	373.98	384.935	362.62	364.28	103274
PLPC	2026-06-18	373.55	386.1	373.55	384.27	90536
PLPC	2026-06-22	389.02	402.4	388	401.24	85188
PLPC	2026-06-23	385.02	396.3	368.19	383.47	88301
PLPC	2026-06-24	383.47	392.8999	380.02	384.31	72127
PLPC	2026-06-25	393.89	407.2536	384.45	405	132278
PLPC	2026-06-26	397.48	406.6	390	395.66	192968
PLPC	2026-06-29	396.22	404.95	387.05	404.71	113812
PLPC	2026-06-30	405.56	412.125	382.44	410.56	92483
PLPC	2026-07-01	403.37	414.3499	391.9301	393.52	106552
PLPC	2026-07-02	392.24	395.56	358.55	368.77	108212
PLPC	2026-07-06	371.06	381.29	361.36	367.78	94681
PLPC	2026-07-07	361.4	361.4	316.19	326.3	130366
PLPC	2026-07-08	325.58	339.84	323.1322	334.33	77260
PLPC	2026-07-09	340.95	352.44	340.65	344.55	73281
PLPC	2026-07-10	362.36	369.6457	343.325	346.39	94685
PLPC	2026-07-13	344.24	362.9999	333.96	340.03	75268
PLPC	2026-07-14	346.69	352	343.83	345.92	56343
PLPC	2026-07-15	350.74	351.84	341.05	345.65	75260
PLPC	2026-07-16	344.48	344.48	320	328.87	76162
PLPC	2026-07-17	317.27	336.345	314.575	327.43	96254
PLPC	2026-07-20	332.35	335.87	321.47	321.93	66697
PLPC	2026-07-21	333.11	339.9987	323.739	333.51	84458
PLPC	2026-07-22	325.01	335.57	325.01	326.38	46196
PLPC	2026-07-23	320.48	329.69	318.57	325.82	68900
PLPC	2026-07-24	326.01	326.01	310	311.22	70438
PLPC	2026-07-27	315.15	322.205	300	311.81	107253
PLPC	2026-07-28	302.53	302.53	289.02	297.11	96476
PLPC	2026-07-29	296.65	299.99	278.08	283.51	175395
PLPC	2026-07-30	347.08	370	337.985	368.46	164939
PLPC	2026-07-31	369.02	385.49	353.95	356.98	162210
PLPC	2026-08-03	352.11	362.5	347.745	358.15	94459
PLPC	2026-08-04	368.02	426	363.97	423.6	122811
PLPC	2026-08-05	430.06	475.69	426.49	471.29	144579
PLPC	2026-08-06	463.77	496.9993	455.68	460.75	183981
PLPC	2026-08-07	461.45	472.8356	446.8	466.82	108689
PLPC	2026-08-10	471.48	479.9899	460.63	462.63	129473
PLPC	2026-08-11	471	489.9299	471	480.77	75557
PLPC	2026-08-12	491.81	504.69	467.88	468.03	175168
PLPC	2026-08-13	472.51	472.51	444.25	447.39	112098
PLPC	2026-08-14	449.81	465.045	445.42	464.63	108414
PLPC	2026-08-17	467.2	483.665	464.6718	475.03	79040
PLPC	2026-08-18	459.21	459.21	443.595	444.76	67422
PLPC	2026-08-19	444.76	452.63	423.66	434.74	105857
PLPC	2026-08-20	428.22	439.99	408.79	421.37	73049
PLPC	2026-08-21	428.34	432.06	411.27	429.3	91511
PLPC	2026-08-24	429.3	431.25	403.68	406.93	84978
PLRZ	2026-05-01	15.89	17.4999	15.6592	16	51685
PLRZ	2026-05-04	15.61	15.75	14.53	15.4	12142
PLRZ	2026-05-05	15.01	15.01	13.85	14.14	25100
PLRZ	2026-05-06	14.05	14.68	14	14.335	12874
PLRZ	2026-05-07	13.89	14.5	13.51	14.14	16128
PLRZ	2026-05-08	14.04	17.18	13.812	16.34	153353
PLRZ	2026-05-11	16.12	16.91	14.6701	16.12	35100
PLRZ	2026-05-12	16.01	16.01	14.71	15.01	32965
PLRZ	2026-05-13	15.02	15.9	14.8	15.18	29205
PLRZ	2026-05-14	15.5	16.3175	14.61	15.02	68579
PLRZ	2026-05-15	15.23	15.5	14.4201	14.8	27517
PLRZ	2026-05-18	14.5	15.255	13.71	13.71	20886
PLRZ	2026-05-19	13.8	14.5	13.41	13.98	17121
PLRZ	2026-05-20	13.84	14.5	13.03	13.55	43647
PLRZ	2026-05-21	13.21	14.4343	12.6	12.65	23781
PLRZ	2026-05-22	12.67	15.58	12.67	15.255	47034
PLRZ	2026-05-26	15.2	16.6237	15	16.07	36543
PLRZ	2026-05-27	15.71	16.9	14.14	16.49	41781
PLRZ	2026-05-28	16.13	17.07	16.13	16.5	76020
PLRZ	2026-05-29	16.5	17.95	16.49	17.17	35652
PLRZ	2026-06-01	16.99	16.99	15.41	15.41	18295
PLRZ	2026-06-02	15.34	15.34	13.7601	14.09	30348
PLRZ	2026-06-03	14.1	14.25	12.71	13.46	18326
PLRZ	2026-06-04	13.53	13.9187	12.8	12.8	26407
PLRZ	2026-06-05	12.67	13.6	11.01	12.99	48177
PLRZ	2026-06-08	12.47	13.3694	12.4	12.52	14641
PLRZ	2026-06-09	12.27	12.575	11.41	11.45	5797
PLRZ	2026-06-10	11.67	12.5999	10.98	11.06	37275
PLRZ	2026-06-11	11.12	12.47	10.45	11.58	34387
PLRZ	2026-06-12	11.84	12.6	11.1	11.13	27350
PLRZ	2026-06-15	11.2	12.1513	10.7	10.83	25021
PLRZ	2026-06-16	10.82	12.28	10.5225	11.45	81639
PLRZ	2026-06-17	11	13.23	10.365	13.23	95393
PLRZ	2026-06-18	13.52	13.52	12.5	13.42	66730
PLRZ	2026-06-22	13.01	13.39	12.7	13.19	18964
PLRZ	2026-06-23	12.5	13.89	11.8	11.8	76846
PLRZ	2026-06-24	12.4	13.03	11.11	11.94	38057
PLRZ	2026-06-25	11.78	11.78	11.18	11.42	14000
PLRZ	2026-06-26	11.3	11.78	11.28	11.48	4195
PLRZ	2026-06-29	11.49	12.75	11.49	12.75	18707
PLRZ	2026-06-30	12.67	12.88	12.43	12.52	13476
PLRZ	2026-07-01	12.375	12.96	12	12.68	16659
PLRZ	2026-07-02	12.6	13.83	12.5227	13.8	117151
PLRZ	2026-07-06	13.85	15.2501	13.25	15.207	62811
PLRZ	2026-07-07	14.745	15.91	14.25	15.25	66261
PLRZ	2026-07-08	15.37	15.85	13.8701	14.61	55879
PLRZ	2026-07-09	14.55	14.97	13.9648	14.36	8195
PLRZ	2026-07-10	14.94	15.3996	13.36	14.65	23336
PLRZ	2026-07-13	14.55	15.0643	13.4	13.86	30246
PLRZ	2026-07-14	15.33	15.7999	13.5	13.755	111552
PLRZ	2026-07-15	13.84	13.9	12.6271	13.07	23398
PLRZ	2026-07-16	12.86	13.413	12.23	13	11034
PLRZ	2026-07-17	12.66	13.42	12.47	13.42	8239
PLRZ	2026-07-20	13.15	13.5	12.68	13.26	13023
PLRZ	2026-07-21	13.07	13.92	12.7361	13.49	18731
PLRZ	2026-07-22	13.71	14.73	13.4	14.39	81292
PLRZ	2026-07-23	14.39	15.31	13.59	15.31	92925
PLRZ	2026-07-24	14.91	15.58	14	14.68	117697
PLRZ	2026-07-27	16.47	16.47	13.115	14.04	120209
PLRZ	2026-07-28	13.85	13.88	10.31	11.26	87973
PLRZ	2026-07-29	11.27	12.425	11.03	11.7	52260
PLRZ	2026-07-30	11.84	12.28	11.31	11.62	27101
PLRZ	2026-07-31	11.43	12.7875	11.15	11.25	96687
PLRZ	2026-08-03	11.25	11.88	10.295	10.59	95337
PLRZ	2026-08-04	10.61	11.64	9.51	10.2	222886
PLRZ	2026-08-05	10.2	12.0999	10.2	11.25	26579
PLRZ	2026-08-06	11.17	12.04	11.17	11.49	12724
PLRZ	2026-08-07	11.44	12.2	11.0159	11.59	11697
PLRZ	2026-08-10	11.24	11.59	11	11.33	5420
PLRZ	2026-08-11	11.14	11.66	9.85	10.19	44310
PLRZ	2026-08-12	10.13	11.1201	9.1238	9.72	33891
PLRZ	2026-08-13	9.7	11.25	9.69	10.75	79854
PLRZ	2026-08-14	10.68	11	10.305	10.98	63735
PLRZ	2026-08-17	10.98	11.27	10.2154	10.98	59003
PLRZ	2026-08-18	10.92	11.25	9.9	10.36	284036
PLRZ	2026-08-19	10.29	11.19	9.8	11.19	78597
PLRZ	2026-08-20	11.5	12	10.2601	10.49	100878
PLRZ	2026-08-21	10.86	10.86	10.252	10.3	23198
PLRZ	2026-08-24	10.7477	10.7477	9.7	10.7	39309
PN	2026-05-01	2.4765	3.43	2.21	2.865	14943197
PN	2026-05-04	5.76	6	4.61	5.42	49912892
PN	2026-05-05	4.88	11.87	4.8	6.88	16593786
PN	2026-05-06	8.27	9.3	7.44	8.19	3036353
PN	2026-05-07	7.22	7.8	5.05	7.71	736476
PN	2026-05-08	6.25	8.2	5.58	5.81	513848
PN	2026-05-11	5.75	5.9	4.96	4.96	221233
PN	2026-05-12	5.04	5.08	4.2	4.36	171226
PN	2026-05-13	4.16	4.97	3.9	4.91	234829
PN	2026-05-14	4.66	4.7388	4.4	4.43	87349
PN	2026-05-15	4.45	4.66	4.2015	4.31	81881
PN	2026-05-18	4.21	4.224	3.93	3.98	79660
PN	2026-05-19	3.98	4.1	3.83	3.86	40185
PN	2026-05-20	3.89	4.0984	3.89	3.97	30388
PN	2026-05-21	3.95	4.2525	3.95	4.23	28273
PN	2026-05-22	4.23	4.28	4.1001	4.11	25975
PN	2026-05-26	4.03	5.0922	4	4.32	104047
PN	2026-05-27	4.23	4.3	3.81	3.83	60100
PN	2026-05-28	3.84	4	3.77	3.77	34851
PN	2026-05-29	3.76	3.97	3.75	3.75	32615
PN	2026-06-01	3.68	3.98	3.5201	3.655	80466
PN	2026-06-02	3.58	3.6161	3.2777	3.4	26294
PN	2026-06-03	3.33	3.7	3.317	3.36	34645
PN	2026-06-04	3.27	3.36	3.04	3.04	30296
PN	2026-06-05	3.14	3.25	2.71	2.96	39417
PN	2026-06-08	2.99	7.98	2.99	4.21	11669582
PN	2026-06-09	3.91	4.24	3.45	3.73	405858
PN	2026-06-10	3.66	4.0843	3.6001	3.77	139894
PN	2026-06-11	3.88	4.49	3.735	4.3	200162
PN	2026-06-12	4.21	4.5	3.92	4.17	77169
PN	2026-06-15	4.09	4.215	3.88	3.89	64540
PN	2026-06-16	3.84	3.9799	3.4	3.47	90670
PN	2026-06-17	3.52	3.77	3.4	3.47	29512
PN	2026-06-18	3.57	3.85	3.48	3.61	38141
PN	2026-06-22	3.64	3.875	3.51	3.51	20864
PN	2026-06-23	3.76	3.95	3.61	3.66	29601
PN	2026-06-24	3.77	3.86	3.66	3.71	47421
PN	2026-06-25	3.73	3.92	3.6	3.62	52619
PN	2026-06-26	3.61	3.81	3.61	3.72	29881
PN	2026-06-29	3.9499	3.9499	3.7101	3.72	8572
PN	2026-06-30	3.71	3.85	3.71	3.77	10904
PN	2026-07-01	3.84	4.055	3.77	3.9	34182
PN	2026-07-02	3.83	4.1	3.83	3.88	34145
PN	2026-07-06	4.145	4.145	3.85	3.89	6735
PN	2026-07-07	3.81	3.895	3.8	3.81	8759
PN	2026-07-08	3.82	3.82	3.77	3.79	6951
PN	2026-07-09	3.77	3.83	3.75	3.77	5083
PN	2026-07-10	3.81	3.9	3.74	3.74	10441
PN	2026-07-13	3.69	4.1411	3.69	3.98	32559
PN	2026-07-14	4.02	4.02	3.78	3.8	7156
PN	2026-07-15	3.78	3.888	3.75	3.76	9003
PN	2026-07-16	3.79	3.88	3.7543	3.82	2669
PN	2026-07-17	3.81	4.49	3.76	4.11	86434
PN	2026-07-20	4.39	4.39	3.99	4.32	4873
PN	2026-07-21	3.84	4.3	3.84	4.03	6691
PN	2026-07-22	4.26	9.9	4.18	9.34	11279402
PN	2026-07-23	8	10	7.7	9.44	663147
PN	2026-07-24	10.97	12.78	7.86	7.98	1742949
PN	2026-07-27	9.3	11	8.69	10.14	226712
PN	2026-07-28	9.8	10.03	8.89	9.12	83014
PN	2026-07-29	10.18	11	8.78	10.72	249824
PN	2026-07-30	20.37	24	13.6668	23.67	8339816
PN	2026-07-31	15.04	18.335	13.71	17.27	738042
PN	2026-08-03	15.39	15.39	6.71	8.43	617679
PN	2026-08-04	7.91	8.18	6.7	7.06	240541
PN	2026-08-05	7.04	7.3	5.96	6.89	202737
PN	2026-08-06	7.3	15.4	6.65	8.29	12620362
PN	2026-08-07	3	3.6	2.56	3.21	2502752
PN	2026-08-10	3.13	3.2	2.82	3.15	831149
PN	2026-08-11	3.115	3.19	2.99	3.03	203560
PN	2026-08-12	3	3.07	2.9	2.91	322078
PN	2026-08-13	2.87	2.95	2.8	2.8	238571
PN	2026-08-14	2.82	2.8242	2.63	2.64	128027
PN	2026-08-17	2.65	2.82	2.6492	2.81	192520
PN	2026-08-18	2.85	2.9	2.68	2.71	200075
PN	2026-08-19	2.74	2.7699	2.65	2.75	481924
PN	2026-08-20	2.73	2.78	2.65	2.72	275403
PN	2026-08-21	2.71	2.71	2.64	2.66	127268
PN	2026-08-24	2.65	2.71	2.62	2.67	149162
PNW	2026-05-01	103.76	104.835	103.42	103.54	1555208
PNW	2026-05-04	101.82	104.2	100.64	101.82	1726242
PNW	2026-05-05	102.08	102.775	101.21	101.3	1393689
PNW	2026-05-06	101.47	101.63	99.77	100.17	1125794
PNW	2026-05-07	100.18	100.37	99.09	99.53	1249019
PNW	2026-05-08	99.78	100.355	99.02	99.25	1395972
PNW	2026-05-11	100.1	100.53	99.54	99.71	1509926
PNW	2026-05-12	99.74	100.26	99.005	99.83	1138467
PNW	2026-05-13	99.13	99.425	97.9	99.08	1322080
PNW	2026-05-14	99.53	99.95	99.03	99.77	705058
PNW	2026-05-15	100.05	100.22	97.9	98.4	1420884
PNW	2026-05-18	99.18	100.345	98.78	99.76	2005964
PNW	2026-05-19	99.69	102.11	99.35	101.5	1399570
PNW	2026-05-20	102.02	102.36	101.52	101.93	988436
PNW	2026-05-21	101.42	102.275	101.31	101.84	1182371
PNW	2026-05-22	100.705	103.06	100.705	102.94	948149
PNW	2026-05-26	102.24	103.42	102.24	102.83	873190
PNW	2026-05-27	102.69	103.41	101.91	102.8	682549
PNW	2026-05-28	102.77	103.45	100.78	100.85	978688
PNW	2026-05-29	100.82	101.31	99.6	99.74	1096335
PNW	2026-06-01	98.94	99.3827	97.36	97.48	904907
PNW	2026-06-02	98.11	99.465	97.35	98.82	848450
PNW	2026-06-03	99.1	101.321	99.06	99.39	1932663
PNW	2026-06-04	100.07	101.21	98.665	100.48	1091642
PNW	2026-06-05	101.15	103.72	100.64	103.06	1517914
PNW	2026-06-08	102.79	103.35	100.84	101.29	1875480
PNW	2026-06-09	101.65	103.73	101.08	102.65	1712570
PNW	2026-06-10	103.44	104.42	102.78	103.1	1299258
PNW	2026-06-11	103.38	104.25	102.39	102.4	1191446
PNW	2026-06-12	102.79	103.73	102.66	103.44	717983
PNW	2026-06-15	102.98	103.73	102.15	103.27	953667
PNW	2026-06-16	103.43	105.0812	102.96	103.85	966116
PNW	2026-06-17	103.09	103.94	101.885	102.38	1041231
PNW	2026-06-18	102.76	103.645	101.9	102.32	1748471
PNW	2026-06-22	102.28	103.8	102.28	102.43	1460508
PNW	2026-06-23	103.24	104.46	102.655	104.05	1348028
PNW	2026-06-24	105.11	105.62	104.2988	105.37	1298594
PNW	2026-06-25	105.82	107.29	105.53	107.28	1510317
PNW	2026-06-26	107.77	108.37	107.26	108.08	2344699
PNW	2026-06-29	107.63	108.225	107.44	107.86	1382786
PNW	2026-06-30	107.43	108.41	106.5	107	1198939
PNW	2026-07-01	108.25	108.25	105.99	106.3	1091348
PNW	2026-07-02	106.97	109.52	106.575	109.37	1138295
PNW	2026-07-06	109.07	109.09	106.51	106.91	1083121
PNW	2026-07-07	107.72	110.405	107.675	108.61	1198519
PNW	2026-07-08	108.81	109.215	107.495	107.82	1088348
PNW	2026-07-09	107.9	107.925	106.665	106.75	1010626
PNW	2026-07-10	106.9	108.28	106.9	108.12	906613
PNW	2026-07-13	108.35	109.695	108.24	108.63	613400
PNW	2026-07-14	109.43	109.73	108.375	109	754221
PNW	2026-07-15	108.68	109.03	107.05	107.07	689060
PNW	2026-07-16	107.11	109.47	107.06	109.29	1086645
PNW	2026-07-17	110.62	111.16	107.29	107.73	1377594
PNW	2026-07-20	107.94	108.67	106.17	106.3	1045820
PNW	2026-07-21	105.97	106.2	104.928	105.65	1206078
PNW	2026-07-22	106.59	106.89	104.71	106.3	1497877
PNW	2026-07-23	105.66	107.33	105.05	105.43	2163017
PNW	2026-07-24	105.84	107	105.605	106.06	1126963
PNW	2026-07-27	105.65	106.44	104.7	105.38	1102641
PNW	2026-07-28	106.3	108.14	105.31	105.33	1618252
PNW	2026-07-29	104.33	105.47	101.9537	102.28	1618944
PNW	2026-07-30	102.23	102.42	100.44	101.32	1141006
PNW	2026-07-31	101.17	101.605	100.29	100.99	1686869
PNW	2026-08-03	99.65	101.61	99.37	100.81	1457031
PNW	2026-08-04	99.5	102.16	98.52	101.45	1457518
PNW	2026-08-05	101.45	102.2	100.36	101.5	1169492
PNW	2026-08-06	102.63	102.69	99.89	100.82	1280432
PNW	2026-08-07	100.4	102.37	100.255	101.03	928120
PNW	2026-08-10	100.45	100.45	99.08	99.23	1134168
PNW	2026-08-11	99.23	100.34	98.805	100.04	813249
PNW	2026-08-12	100.4	101.06	99.91	100.4	836593
PNW	2026-08-13	100.91	101.4107	100.41	100.72	1154485
PNW	2026-08-14	100.39	101.7125	100.23	101.48	682293
PNW	2026-08-17	100.92	101.21	100.315	100.41	1113961
PNW	2026-08-18	101.4	101.78	100.08	100.15	902809
PNW	2026-08-19	100.65	101.045	99.2	99.43	940232
PNW	2026-08-20	99.08	100.12	98.86	99.38	920257
PNW	2026-08-21	99.35	99.56	97.105	97.36	1586128
PNW	2026-08-24	97.48	98.045	96.78	97.71	859621
PRE	2026-05-01	16.85	17.335	16.67	17.02	151101
PRE	2026-05-04	16.73	16.9571	16.22	16.5	124099
PRE	2026-05-05	16.19	16.91	16.0408	16.73	93793
PRE	2026-05-06	17.42	17.42	15.75	15.9	260804
PRE	2026-05-07	15.76	16.3241	15.06	15.87	326373
PRE	2026-05-08	16	16.27	15.31	16.16	224887
PRE	2026-05-11	16.29	17.84	16.28	17.55	226572
PRE	2026-05-12	17.46	18	16.91	17.99	100923
PRE	2026-05-13	18	18.2	17.39	17.57	152552
PRE	2026-05-14	17.03	18.33	16.815	17.59	444987
PRE	2026-05-15	17.56	17.69	15.3	15.61	384000
PRE	2026-05-18	15.85	16.62	14.39	14.54	370912
PRE	2026-05-19	14.62	15.26	14	14.615	290750
PRE	2026-05-20	14.62	15.81	14.5	15.47	211708
PRE	2026-05-21	15.77	16.56	15.475	15.92	163273
PRE	2026-05-22	16.06	16.77	15.63	16.77	191957
PRE	2026-05-26	16.8	18	16.8	17.81	239983
PRE	2026-05-27	17.69	19.145	17	17.26	634499
PRE	2026-05-28	17.25	20.29	16.88	20.18	370767
PRE	2026-05-29	20	21.991	19.4065	21.1	378590
PRE	2026-06-01	21.1	21.8	20.25	20.39	300773
PRE	2026-06-02	20.3	21.065	19.51	20.97	274850
PRE	2026-06-03	20.51	21.03	20.19	20.83	243488
PRE	2026-06-04	20.98	21.43	20.2	20.79	378111
PRE	2026-06-05	20.58	21.035	19.22	19.86	197584
PRE	2026-06-08	20.18	20.74	19.24	20	279709
PRE	2026-06-09	20.25	21	19.5	20.93	295331
PRE	2026-06-10	20.19	20.9994	18.12	19.25	389066
PRE	2026-06-11	19.25	21	19.1246	20.69	330264
PRE	2026-06-12	20.69	22.22	20.34	21.63	348507
PRE	2026-06-15	21.67	22.03	20.33	20.75	128869
PRE	2026-06-16	21	21.2	20.495	20.51	119227
PRE	2026-06-17	20.64	20.7525	19.3	19.855	148693
PRE	2026-06-18	19.94	20.815	19.86	20.5	140303
PRE	2026-06-22	20.48	20.5	19.59	19.96	176187
PRE	2026-06-23	19.5	20.24	19.21	19.92	91740
PRE	2026-06-24	19.71	20.43	19.27	19.72	111861
PRE	2026-06-25	19.87	20.43	19.3	19.75	55895
PRE	2026-06-26	19.73	19.97	17.67	18.83	176066
PRE	2026-06-29	18.59	19.325	18.21	18.58	86011
PRE	2026-06-30	18.42	19.3	18.42	19.12	60081
PRE	2026-07-01	18.85	19.455	17.82	17.89	65868
PRE	2026-07-02	18.04	19.365	16.59	16.93	121614
PRE	2026-07-06	17.76	18.55	17.01	17.49	140958
PRE	2026-07-07	17.23	17.67	16.2559	16.79	156714
PRE	2026-07-08	16.6	16.935	15.91	16.58	171006
PRE	2026-07-09	16.75	18.5	16.75	17.85	83676
PRE	2026-07-10	17.76	18.53	16.84	17.86	107713
PRE	2026-07-13	18.6	19.98	18.1	18.68	166274
PRE	2026-07-14	18.94	22.65	18.31	21.24	797336
PRE	2026-07-15	21.9	21.9	17.305	19.58	916154
PRE	2026-07-16	19.97	19.98	17.3	18.91	521088
PRE	2026-07-17	18.28	19.1	17.18	18.29	134127
PRE	2026-07-20	18.44	21	18.4	20.83	291674
PRE	2026-07-21	20.59	22.73	20.475	22.055	436933
PRE	2026-07-22	21.04	22.75	20.63	21.86	310640
PRE	2026-07-23	21.68	21.68	19	19.42	258930
PRE	2026-07-24	19.16	19.99	18.51	18.74	149199
PRE	2026-07-27	18.91	20.6916	18.5	18.93	128165
PRE	2026-07-28	18.68	18.68	17.5	18.26	119091
PRE	2026-07-29	18.25	19.2	17.785	18.02	77509
PRE	2026-07-30	18.43	19.88	18.43	19.24	69981
PRE	2026-07-31	19.06	19.57	18.408	18.64	42540
PRE	2026-08-03	19.45	19.45	18.28	18.52	79347
PRE	2026-08-04	18.7	18.81	18	18.57	145346
PRE	2026-08-05	18.64	20	18	18.46	90650
PRE	2026-08-06	18.18	18.97	17.7101	17.86	126884
PRE	2026-08-07	17.86	18.61	17.86	18.26	69593
PRE	2026-08-10	18.1	19.2	17.95	18.8	114443
PRE	2026-08-11	18.8	19.5	18.62	19.01	124228
PRE	2026-08-12	19.1	19.7	18.25	18.68	85326
PRE	2026-08-13	18.62	20.57	18.26	19.7	249426
PRE	2026-08-14	20	20	19.25	19.75	96531
PRE	2026-08-17	19.66	20.5	19.27	19.37	219251
PRE	2026-08-18	19.6	19.76	18.12	19.4	296060
PRE	2026-08-19	19.62	19.94	18.275	18.76	133634
PRE	2026-08-20	18.76	19.195	17.81	17.97	101549
PRE	2026-08-21	17.4	20.5	17.4	20.2	328981
PRE	2026-08-24	19.13	21.88	19.13	21.82	417586
PRPL	2026-05-01	12.5	12.73	12.25	12.485	19633
PRPL	2026-05-04	12.25	12.575	11.805	11.8575	17470
PRPL	2026-05-05	11.9425	12.495	11.8675	12.32	6613
PRPL	2026-05-06	12.475	13.6	12.255	12.88	21350
PRPL	2026-05-07	13.4075	13.5	12.6175	12.86	10077
PRPL	2026-05-08	13.0075	13.5	12.5275	12.5275	9829
PRPL	2026-05-11	12.975	13.245	12.335	12.75	28796
PRPL	2026-05-12	12.75	12.75	11	11.1625	48166
PRPL	2026-05-13	11.615	11.75	11.225	11.43	35613
PRPL	2026-05-14	11.25	11.375	10.25	10.4325	21603
PRPL	2026-05-15	10.5	10.8975	10.5	10.59	16575
PRPL	2026-05-18	10.5	11.015	10.125	10.4	13042
PRPL	2026-05-19	10.275	10.675	10.0325	10.2175	10409
PRPL	2026-05-20	10.2175	10.9475	9.9875	10.5075	23941
PRPL	2026-05-21	10.25	10.4625	9.8175	10.33	9513
PRPL	2026-05-22	10.0425	10.3875	9.88	10.0475	16953
PRPL	2026-05-26	10.1875	10.8225	10.1875	10.6675	5598
PRPL	2026-05-27	10.95	10.975	10.2575	10.4825	11211
PRPL	2026-05-28	10.32	10.6125	10.0075	10.41	8341
PRPL	2026-05-29	10.075	10.3975	9.91	10.0325	14488
PRPL	2026-06-01	10.4	10.59	10	10.495	13145
PRPL	2026-06-02	10.25	10.405	10.0125	10.195	4144
PRPL	2026-06-03	10.0375	10.0375	9.725	9.9075	13059
PRPL	2026-06-04	10	10.2475	9.875	10.225	10651
PRPL	2026-06-05	9.75	9.875	9.12	9.8425	15251
PRPL	2026-06-08	9.875	10	9.7775	9.7775	8934
PRPL	2026-06-09	9.8125	10.2475	9.575	10.13	10683
PRPL	2026-06-10	10.23	10.235	9.5575	9.8625	15239
PRPL	2026-06-11	10.05	10.7762	9.865	10.595	8263
PRPL	2026-06-12	10.2775	10.7475	9.8925	10.4725	4463
PRPL	2026-06-15	10.375	11.1975	10.285	10.7025	9587
PRPL	2026-06-16	10.525	11.25	10.5	10.5	6367
PRPL	2026-06-17	10.7475	10.9625	10.21	10.325	10211
PRPL	2026-06-18	10.05	10.985	9.8275	10.6925	14078
PRPL	2026-06-22	10.25	10.88	10.25	10.2525	24102
PRPL	2026-06-23	10.385	10.8125	10.025	10.5025	4677
PRPL	2026-06-24	10.1125	10.6225	9.5038	9.7375	8569
PRPL	2026-06-25	9.775	10.2025	9.215	9.775	17130
PRPL	2026-06-26	9.7325	10.2225	9.2787	9.765	6744
PRPL	2026-06-29	9.4725	9.6675	9.275	9.47	10929
PRPL	2026-06-30	9.5	9.57	8.51	8.925	11968
PRPL	2026-07-01	8.97	9.1925	8.5925	8.9275	11003
PRPL	2026-07-02	8.9575	9.4975	8.75	9.01	5320
PRPL	2026-07-06	9.25	9.4285	8.8875	8.965	5708
PRPL	2026-07-07	8.9275	9.2175	7.5	8.5125	15151
PRPL	2026-07-08	8.75	9.075	7.8675	8.075	16551
PRPL	2026-07-09	8	8.5	8	8.435	4279
PRPL	2026-07-10	8.225	8.415	8.0275	8.21	7478
PRPL	2026-07-13	8.125	8.3547	8.125	8.1925	7233
PRPL	2026-07-14	8.1875	8.1875	7.805	7.825	9605
PRPL	2026-07-15	8	8.1775	7.3313	8.0475	23558
PRPL	2026-07-16	7.5	8.455	7.4875	7.7525	22147
PRPL	2026-07-17	7.87	7.87	6.9525	7.2425	19631
PRPL	2026-07-20	7.12	7.12	6.12	6.12	48270
PRPL	2026-07-21	6.28	6.5	6.15	6.5	22247
PRPL	2026-07-22	6.41	6.98	6.2621	6.82	34744
PRPL	2026-07-23	6.68	7	6.68	7	9776
PRPL	2026-07-24	7	7.63	6.5901	7.63	9748
PRPL	2026-07-27	7.69	8.5	7.3256	8.22	17753
PRPL	2026-07-28	8.23	8.23	7.7	8.21	19838
PRPL	2026-07-29	8.12	8.24	7.7	7.93	87165
PRPL	2026-07-30	8.05	8.05	7.2	7.27	18669
PRPL	2026-07-31	7.25	8.32	7.2	8.1	77424
PRPL	2026-08-03	8.15	9.55	8.15	9	40250
PRPL	2026-08-04	9.09	10	9.09	9.75	38735
PRPL	2026-08-05	9.76	9.76	9.1501	9.26	14788
PRPL	2026-08-06	9.1	9.3	8.84	9.03	26140
PRPL	2026-08-07	9.03	9.88	9.03	9.58	19510
PRPL	2026-08-10	9.58	9.88	8.94	9.1	66526
PRPL	2026-08-11	7.51	7.72	6.23	7.25	74168
PRPL	2026-08-12	7.01	7.44	6.5001	6.52	33708
PRPL	2026-08-13	6.52	6.81	6.51	6.6	10741
PRPL	2026-08-14	6.54	6.82	6.23	6.82	21782
PRPL	2026-08-17	6.72	6.94	6.31	6.31	15858
PRPL	2026-08-18	6.37	6.37	5.7674	5.79	22270
PRPL	2026-08-19	5.89	5.89	5.67	5.67	16065
PRPL	2026-08-20	5.61	5.7346	5.57	5.58	11851
PRPL	2026-08-21	5.53	5.8	5.5	5.53	10610
PRPL	2026-08-24	5.51	5.89	5.33	5.37	15754
PSIX	2026-05-01	73.31	73.35	69.57	70.5	365491
PSIX	2026-05-04	71.74	71.78	67.61	67.78	487345
PSIX	2026-05-05	69	71.6	67	69.09	477290
PSIX	2026-05-06	72	75.36	70	74.49	553859
PSIX	2026-05-07	74	74.49	70.34	71.99	473612
PSIX	2026-05-08	72.41	76.32	71.4214	75.91	575144
PSIX	2026-05-11	76.32	82.48	61.36	62.45	3130624
PSIX	2026-05-12	41.1	43	36.4	38	5157507
PSIX	2026-05-13	39.24	45.45	38.7	45.11	2472115
PSIX	2026-05-14	45.05	47.98	40.525	41.3	2126072
PSIX	2026-05-15	38.88	40.56	38.11	38.75	1102569
PSIX	2026-05-18	39.9	40.95	37.89	38.93	1089530
PSIX	2026-05-19	38.19	38.3	35.88	36.36	931220
PSIX	2026-05-20	36.7	37.055	35.7698	36.96	713959
PSIX	2026-05-21	37.45	39.68	37.03	39.59	742770
PSIX	2026-05-22	39.5	39.813	38.365	38.87	597065
PSIX	2026-05-26	40.08	44.26	40	42.99	973581
PSIX	2026-05-27	42.91	43.78	41	42.84	558466
PSIX	2026-05-28	42.33	42.48	40.6101	41.99	683377
PSIX	2026-05-29	41.94	42.88	40.54	41.68	492224
PSIX	2026-06-01	40.8	41.52	38.67	39.38	770373
PSIX	2026-06-02	39.49	41.48	39.49	40.59	507583
PSIX	2026-06-03	40.33	41.2172	39.5	40.42	389156
PSIX	2026-06-04	39.54	40.72	39.49	40.18	426274
PSIX	2026-06-05	38.83	39.57	36.63	37.61	731179
PSIX	2026-06-08	38.65	40.35	38	39.85	681830
PSIX	2026-06-09	40.355	41.93	36.6	39.14	468820
PSIX	2026-06-10	38.55	39.77	37.61	38.29	516657
PSIX	2026-06-11	38.81	41.8	38.7168	40.58	423905
PSIX	2026-06-12	40.65	42.35	40.16	40.72	339914
PSIX	2026-06-15	42	43.23	39.1201	39.44	548412
PSIX	2026-06-16	39.59	40.157	38.55	39.02	365201
PSIX	2026-06-17	39.18	40.3	38.88	38.92	256441
PSIX	2026-06-18	40	40.775	39	40.31	431616
PSIX	2026-06-22	39.06	40.08	38.7	39.11	517902
PSIX	2026-06-23	37.6	39.29	37.31	39.09	322064
PSIX	2026-06-24	39.09	39.7	37.975	38.44	353721
PSIX	2026-06-25	39.26	39.78	38.16	38.71	307766
PSIX	2026-06-26	38.04	38.8	37.51	37.99	544022
PSIX	2026-06-29	38	39.25	36.28	36.46	463897
PSIX	2026-06-30	36.72	39.4001	36.55	38.89	295684
PSIX	2026-07-01	38.08	38.49	36.46	36.72	324816
PSIX	2026-07-02	37.5	38.03	36.26	37.08	491232
PSIX	2026-07-06	37.77	38.73	36.2	36.68	348053
PSIX	2026-07-07	36	36.43	33.6	34.73	439951
PSIX	2026-07-08	33.98	35.31	33.33	34.65	549331
PSIX	2026-07-09	35.65	35.69	34.63	34.68	300850
PSIX	2026-07-10	35.14	35.89	34.43	34.52	292368
PSIX	2026-07-13	33.8	34.155	31.9	32.18	519885
PSIX	2026-07-14	32.73	33.36	31.8932	32.63	380539
PSIX	2026-07-15	32.93	33.75	32.03	33.46	864621
PSIX	2026-07-16	32.49	33.38	31.2	31.76	393598
PSIX	2026-07-17	29.92	31.255	29.555	30.25	456482
PSIX	2026-07-20	30.45	31.5	29.31	29.9	448809
PSIX	2026-07-21	30.64	31.92	30.3	31.78	284460
PSIX	2026-07-22	31.7	33.41	31.51	33.2	342177
PSIX	2026-07-23	32.6	33.24	31.26	31.38	338464
PSIX	2026-07-24	31.36	31.745	29.85	29.96	306936
PSIX	2026-07-27	30.63	30.99	29.29	30.06	321383
PSIX	2026-07-28	29.3	29.3	27.26	27.9	829322
PSIX	2026-07-29	27.9	28.01	25.281	25.44	561332
PSIX	2026-07-30	26.35	28.405	25.8914	27.83	635564
PSIX	2026-07-31	28.58	29.16	26.745	27.61	431860
PSIX	2026-08-03	27.61	28.99	27	28.78	593804
PSIX	2026-08-04	30.5	34.98	30.28	34.86	934270
PSIX	2026-08-05	34.78	34.96	32.9	32.93	426161
PSIX	2026-08-06	32.44	33.95	32.08	33.02	372833
PSIX	2026-08-07	40.06	42.03	38.28	40.82	1289865
PSIX	2026-08-10	41.23	44.17	39.9302	43	1054364
PSIX	2026-08-11	43.68	44	41.03	42.15	592242
PSIX	2026-08-12	43.4	43.5	41.66	42.53	501531
PSIX	2026-08-13	42.87	43.4	40.5	41.07	493921
PSIX	2026-08-14	41.1	41.865	40.1	40.54	412801
PSIX	2026-08-17	41.37	41.37	39.2615	39.5	331620
PSIX	2026-08-18	38.85	38.85	37.11	37.23	291465
PSIX	2026-08-19	37.05	37.39	35.58	37.29	361066
PSIX	2026-08-20	37.09	37.35	35.33	36.3	288349
PSIX	2026-08-21	37.06	37.25	35.7	36.43	300388
PSIX	2026-08-24	36.43	36.43	34.84	34.97	386941
PSQH	2026-05-01	10.7145	11.484	10.2	11.3445	16369
PSQH	2026-05-04	11.85	12.54	11.25	12.0795	32024
PSQH	2026-05-05	11.97	12.75	11.97	12.3825	17316
PSQH	2026-05-06	12.6	12.6	11.94	12.33	19930
PSQH	2026-05-07	12.6	12.6	10.95	11.031	42604
PSQH	2026-05-08	11.289	11.697	10.2585	10.6185	35567
PSQH	2026-05-11	10.95	11.3775	10.758	11.166	13570
PSQH	2026-05-12	11.25	11.3325	10.521	10.815	17540
PSQH	2026-05-13	10.77	11.0265	9.468	9.5775	57227
PSQH	2026-05-14	9.39	9.6015	8.784	9.3675	32014
PSQH	2026-05-15	9	9.3345	8.787	9.0045	41590
PSQH	2026-05-18	9	9	8.289	8.55	38791
PSQH	2026-05-19	8.568	8.805	8.2515	8.307	10531
PSQH	2026-05-20	8.25	9.171	8.25	9.033	17935
PSQH	2026-05-21	8.7615	9.486	8.7075	9.2835	13266
PSQH	2026-05-22	9.525	9.525	8.8665	8.8665	13731
PSQH	2026-05-26	9.6	9.6	8.793	9.0255	16162
PSQH	2026-05-27	8.715	9.105	8.637	8.8365	11746
PSQH	2026-05-28	9	9.564	8.9402	9.306	18609
PSQH	2026-05-29	9.6	10.05	9.114	9.81	28018
PSQH	2026-06-01	9.8475	10.05	9.0195	9.3765	33636
PSQH	2026-06-02	9.0975	9.5595	9.0105	9.2025	15051
PSQH	2026-06-03	9	9.045	8.268	8.4315	26236
PSQH	2026-06-04	8.316	8.6295	8.2958	8.4795	15567
PSQH	2026-06-05	8.595	8.607	7.509	7.7805	23096
PSQH	2026-06-08	7.8	7.95	7.35	7.5615	24794
PSQH	2026-06-09	7.5	7.6335	7.2	7.4025	34376
PSQH	2026-06-10	7.4025	7.8278	7.2885	7.29	16343
PSQH	2026-06-11	7.239	7.785	7.209	7.6095	31747
PSQH	2026-06-12	7.215	8.055	7.08	7.1895	25312
PSQH	2026-06-15	7.245	7.533	7.068	7.368	26683
PSQH	2026-06-16	7.35	7.5	7.1895	7.197	13695
PSQH	2026-06-17	7.05	7.35	6.975	6.99	14995
PSQH	2026-06-18	7.05	7.2735	6.66	6.69	32529
PSQH	2026-06-22	6.69	7.1025	6.69	6.7875	15486
PSQH	2026-06-23	6.69	7.047	6.69	6.6915	8885
PSQH	2026-06-24	6.765	6.8198	6.003	6.144	34772
PSQH	2026-06-25	5.925	6.0885	5.5905	5.8005	28411
PSQH	2026-06-26	5.715	6.0495	5.568	5.715	27300
PSQH	2026-06-29	5.742	6.2685	5.739	6.0015	14291
PSQH	2026-06-30	5.8215	6.0615	5.7953	6.042	12550
PSQH	2026-07-01	6.615	7.035	6.0795	6.8055	25690
PSQH	2026-07-02	6.525	7.026	6.2355	6.2955	18813
PSQH	2026-07-06	6.39	6.6518	6.3	6.585	6691
PSQH	2026-07-07	7.2	7.2	6.39	6.435	11572
PSQH	2026-07-08	6.384	6.4485	6.2055	6.2895	11269
PSQH	2026-07-09	6.585	6.744	6.15	6.51	25256
PSQH	2026-07-10	5.4735	6.2625	5.4	6.12	45845
PSQH	2026-07-13	6.2782	6.36	4.58	4.82	92840
PSQH	2026-07-14	4.75	4.75	3.43	3.64	224362
PSQH	2026-07-15	3.61	3.89	3.45	3.85	74105
PSQH	2026-07-16	3.85	3.85	3.22	3.22	63512
PSQH	2026-07-17	3.12	3.28	3.01	3.01	60289
PSQH	2026-07-20	3.07	3.59	3.07	3.33	58712
PSQH	2026-07-21	3.32	3.67	3.2814	3.6	48461
PSQH	2026-07-22	3.55	3.77	3.45	3.47	55537
PSQH	2026-07-23	3.35	3.62	3.35	3.46	35521
PSQH	2026-07-24	3.44	3.445325	3.32	3.34	16699
PSQH	2026-07-27	3.28	3.345	3.03	3.08	77984
PSQH	2026-07-28	3.02	4.7699	2.95	3.7	1526698
PSQH	2026-07-29	3.35	3.8399	3.23	3.7	150078
PSQH	2026-07-30	3.92	5.0514	3.865	4.15	318190
PSQH	2026-07-31	4.09	4.24	3.85	4.13	73655
PSQH	2026-08-03	4.28	4.61	4.14	4.4	37626
PSQH	2026-08-04	4.44	4.88	4.32	4.8	101713
PSQH	2026-08-05	4.76	4.77	4.12	4.15	55676
PSQH	2026-08-06	4.21	4.52	4.0601	4.25	28233
PSQH	2026-08-07	4.38	4.44	4.1628	4.36	33408
PSQH	2026-08-10	4.37	4.52	4.1	4.15	46950
PSQH	2026-08-11	4.12	4.2	3.965	4.01	29429
PSQH	2026-08-12	4.01	4.0199	3.575	3.58	78603
PSQH	2026-08-13	3.65	5.71	3.65	4.19	7222005
PSQH	2026-08-14	4.22	4.74	4.135	4.62	566477
PSQH	2026-08-17	5	5	3.925	4.11	365179
PSQH	2026-08-18	4.19	4.43	4.1	4.19	98135
PSQH	2026-08-19	4.19	4.29	3.91	4.28	120614
PSQH	2026-08-20	4.11	4.74	4.11	4.68	112222
PSQH	2026-08-21	4.74	5.48	4.7226	5.44	193470
PSQH	2026-08-24	5.55	5.94	5.2601	5.91	118361
PWR	2026-05-01	736.55	742.33	717.2	742.21	1310832
PWR	2026-05-04	749.6	763.1099	739.3	757.34	1304372
PWR	2026-05-05	772.6	777.835	756.39	771.61	1282837
PWR	2026-05-06	773.86	788.75	758.21	785.24	1185940
PWR	2026-05-07	780.63	780.63	742.4	750.73	1973536
PWR	2026-05-08	761.67	762.22	744.01	745	1239642
PWR	2026-05-11	749.42	781.73	745	781.38	1409818
PWR	2026-05-12	767.38	771.18	743.71	765.81	1342541
PWR	2026-05-13	781.36	781.52	753.26	773.72	1137070
PWR	2026-05-14	775	782.6816	768.14	780.08	826775
PWR	2026-05-15	761.77	776.5	746.23	769.99	1012217
PWR	2026-05-18	768.08	768.08	721.88	723.03	1763387
PWR	2026-05-19	706.36	725.96	690.79	714.13	1624089
PWR	2026-05-20	729.18	729.71	706.2	709.93	1314576
PWR	2026-05-21	714.33	723.965	705.01	716.91	937158
PWR	2026-05-22	727.74	731.095	710.99	723.44	774587
PWR	2026-05-26	730.69	748.69	728.8701	742.18	877447
PWR	2026-05-27	747	747	723.84	733.62	707508
PWR	2026-05-28	737.74	739.8	718.7	730.1	716246
PWR	2026-05-29	728.58	734.13	705.75	711.73	2218332
PWR	2026-06-01	702	709	683.26	687.48	1185066
PWR	2026-06-02	691.13	708.67	691.11	706.06	1022787
PWR	2026-06-03	706.55	730.04	699.51	715.67	922121
PWR	2026-06-04	701	722.5	693.5	719.17	987583
PWR	2026-06-05	705.94	714.075	690.05	695.11	1043020
PWR	2026-06-08	703.515	703.515	683.48	693.81	839967
PWR	2026-06-09	704.33	715.92	667.1396	691.95	1127946
PWR	2026-06-10	684.69	689.78	642.108	650.92	1426596
PWR	2026-06-11	660.17	684.28	656.2088	683.29	938964
PWR	2026-06-12	688.02	710	684	707.74	1029591
PWR	2026-06-15	724.03	735.33	714.47	724.35	1095487
PWR	2026-06-16	726	738	718.88	719.29	823828
PWR	2026-06-17	723.61	725.655	708.01	714.85	1120843
PWR	2026-06-18	722.05	729.8334	698.03	702.25	2613849
PWR	2026-06-22	712	742.73	709.045	740.14	1228102
PWR	2026-06-23	709.75	720.64	692.68	702.29	1648451
PWR	2026-06-24	705.8	711.33	687.6	701.88	937647
PWR	2026-06-25	710.5	719.53	690.785	718.59	1429726
PWR	2026-06-26	706	708.36	683	687.87	6243495
PWR	2026-06-29	690	716.84	683.01	714.45	1418306
PWR	2026-06-30	713.93	721.37	703.335	720.04	1013449
PWR	2026-07-01	709.07	709.07	687.62	691.4	1228943
PWR	2026-07-02	693.07	697.069	650.17	668.31	1252380
PWR	2026-07-06	675.04	691.76	668.65	674.04	1097989
PWR	2026-07-07	660.56	661.75	641.91	656.79	1185023
PWR	2026-07-08	653	670.69	650.0001	666.33	827220
PWR	2026-07-09	686.32	690	665.255	668.17	721195
PWR	2026-07-10	662	664.95	651.13	658.56	712044
PWR	2026-07-13	649.5	656.01	642.5	646.7	756330
PWR	2026-07-14	663.9	665.025	651.42	660.94	836878
PWR	2026-07-15	664.03	666.5397	634.14	648.84	855653
PWR	2026-07-16	633.69	640.99	625.22	631.02	1140449
PWR	2026-07-17	616.89	637.99	608.78	628.53	1214835
PWR	2026-07-20	634.19	644.96	630.1	632.56	801427
PWR	2026-07-21	638.48	647	632.561	639.2	717646
PWR	2026-07-22	629.44	646.49	624.61	643.14	578232
PWR	2026-07-23	642.08	659.1375	642.08	653.8	900507
PWR	2026-07-24	650.39	655.085	625.33	625.84	777187
PWR	2026-07-27	626.43	637.26	603.25	620.28	973537
PWR	2026-07-28	603.58	603.58	570.73	588.36	1411497
PWR	2026-07-29	582.73	591.59	554.12	561.14	2043876
PWR	2026-07-30	647	679.8	634.51	657.98	2934873
PWR	2026-07-31	679.14	687.1799	661.82	667.36	1957967
PWR	2026-08-03	659.11	682.61	654.26	680.2	1100145
PWR	2026-08-04	697.42	708.06	679.67	693	1398587
PWR	2026-08-05	694.62	704.87	681.34	682.99	790733
PWR	2026-08-06	680.2	692.57	665.495	667.84	825880
PWR	2026-08-07	683	688.8822	657.4601	671.86	741477
PWR	2026-08-10	680.02	682.5	658.6	660.86	711390
PWR	2026-08-11	670	680	663.7	670.58	937873
PWR	2026-08-12	694	695.5099	677.44	678.02	1012543
PWR	2026-08-13	680.22	684.87	671.641	672.78	804042
PWR	2026-08-14	673	692.09	672.0927	685.78	693919
PWR	2026-08-17	695	724.8	690.51	722.31	1433720
PWR	2026-08-18	708.46	712	688.38	696.15	1535606
PWR	2026-08-19	700	706.07	658.88	677.41	1130365
PWR	2026-08-20	672.32	679.21	660.6	662.47	1161280
PWR	2026-08-21	664.8	667.005	635.57	639.34	1215146
PWR	2026-08-24	637.34	637.34	610	616.78	1596266
QBTS	2026-05-01	20.1	20.6663	19.57	20.49	20246439
QBTS	2026-05-04	20.445	21.72	20.14	20.92	24679216
QBTS	2026-05-05	21.43	21.7	20.36	21.54	19261909
QBTS	2026-05-06	21.92	24.04	21.7	23.83	38518370
QBTS	2026-05-07	23.05	23.68	21.81	21.99	25625710
QBTS	2026-05-08	22.2	22.67	21.42	22.57	20048135
QBTS	2026-05-11	22.2	24.78	21.77	24.03	35189871
QBTS	2026-05-12	22.42	23.91	20.88	22.35	46700954
QBTS	2026-05-13	22.38	22.39	20.7	21.44	25483512
QBTS	2026-05-14	20.86	22.53	20.39	22.13	28063718
QBTS	2026-05-15	21.14	21.25	20.2	20.35	23643676
QBTS	2026-05-18	20.11	20.2024	18.33	19.06	24539597
QBTS	2026-05-19	18.77	19.1348	17.735	18.19	21446712
QBTS	2026-05-20	18.53	19.45	18.32	19.3	21696689
QBTS	2026-05-21	21.76	25.83	21.61	25.74	114236799
QBTS	2026-05-22	26.34	31.55	26.11	29.4	140870574
QBTS	2026-05-26	29.35	29.48	26.3301	27.82	54374763
QBTS	2026-05-27	27.26	28.05	25.695	27.48	33715072
QBTS	2026-05-28	27.79	30.22	27.01	29.49	54194237
QBTS	2026-05-29	28.8	30.16	27.42	30.14	36114359
QBTS	2026-06-01	28.95	31.12	27.83	29.18	48773482
QBTS	2026-06-02	29.41	31.3	28.99	29.91	48211280
QBTS	2026-06-03	29.49	29.95	27.38	27.55	41746193
QBTS	2026-06-04	27.04	28.82	26.45	27.64	39097891
QBTS	2026-06-05	26.56	26.59	23.285	23.85	34064701
QBTS	2026-06-08	24.7	26.7299	24	25.83	28908193
QBTS	2026-06-09	25.755	26.66	22.35	23.52	37498237
QBTS	2026-06-10	23.27	24.78	23.1456	23.25	20663591
QBTS	2026-06-11	23.16	24.41	22.75	23.82	24904846
QBTS	2026-06-12	23.635	24.4799	22.86	23.37	27752602
QBTS	2026-06-15	24.91	27.15	24.91	26.26	44722976
QBTS	2026-06-16	25.75	26.11	23.8832	23.94	29268063
QBTS	2026-06-17	24.145	24.55	22.85	22.92	27426211
QBTS	2026-06-18	23.66	24.71	22.541	24.69	30873725
QBTS	2026-06-22	24.39	25.635	23.5203	24.47	28247331
QBTS	2026-06-23	24.11	26.71	23.96	25.03	48746773
QBTS	2026-06-24	24.425	24.4275	22.4	22.98	31547463
QBTS	2026-06-25	23.5	23.81	21.635	21.91	20503140
QBTS	2026-06-26	21.3	22.86	20.93	22.76	31644769
QBTS	2026-06-29	23.165	24.26	22.46	23.83	22722003
QBTS	2026-06-30	23.35	24.73	23.25	23.99	20123672
QBTS	2026-07-01	23.595	24.54	23.06	23.5	22834683
QBTS	2026-07-02	23.655	24.6799	22.3	22.53	21327896
QBTS	2026-07-06	22.44	23.625	22.25	22.56	17162090
QBTS	2026-07-07	22.165	22.39	20.52	21.06	20470606
QBTS	2026-07-08	20.52	21.49	20.13	20.64	15488117
QBTS	2026-07-09	20.75	21.4851	20.52	21.16	16477002
QBTS	2026-07-10	21.48	21.64	19.95	20.09	14429091
QBTS	2026-07-13	19.69	19.69	18.52	18.66	16951758
QBTS	2026-07-14	18.92	19.255	18.65	18.95	15608841
QBTS	2026-07-15	19.035	19.37	17.87	18.27	15335555
QBTS	2026-07-16	18	18	16.81	16.92	18745131
QBTS	2026-07-17	16.46	17.42	16.025	16.73	17577966
QBTS	2026-07-20	17	17.55	16.69	16.72	13713761
QBTS	2026-07-21	17.08	18.02	17	17.8	16378578
QBTS	2026-07-22	17.6	17.97	17.2595	17.35	14431205
QBTS	2026-07-23	16.885	17.8497	16.82	17.1	13549311
QBTS	2026-07-24	17.01	17.04	16.18	16.21	13484151
QBTS	2026-07-27	17.86	19.54	17.75	19.51	48213749
QBTS	2026-07-28	18.65	18.89	17.26	17.635	23869337
QBTS	2026-07-29	17.29	17.4	16.07	16.18	20017137
QBTS	2026-07-30	16.79	18.13	16.71	17.98	19974927
QBTS	2026-07-31	18.38	18.92	17.84	18.08	16479428
QBTS	2026-08-03	18.09	20.135	18	19.98	24497278
QBTS	2026-08-04	20.34	21.9	20.34	21.83	23663039
QBTS	2026-08-05	21.615	22	21.15	21.39	16858524
QBTS	2026-08-06	18.44	20.59	18.33	19.405	23562667
QBTS	2026-08-07	19.72	20.92	19.525	20.76	16217628
QBTS	2026-08-10	20.44	20.89	20.02	20.19	13149969
QBTS	2026-08-11	20.26	20.54	19.79	20.23	11065661
QBTS	2026-08-12	20.789	21	20.06	20.74	13218531
QBTS	2026-08-13	20.49	21.755	20.45	20.9	12975491
QBTS	2026-08-14	20.622	21.455	20.42	21.17	10999683
QBTS	2026-08-17	20.78	21.355	20.1942	20.87	10032637
QBTS	2026-08-18	19.8	20.71	19.455	19.53	12866439
QBTS	2026-08-19	19.27	19.7512	18.925	19.32	12926171
QBTS	2026-08-20	19.22	19.43	18.44	18.8	11705391
QBTS	2026-08-21	19.11	20.595	19.1	20.39	19475283
QBTS	2026-08-24	19.75	19.95	18.66	18.68	17068622
QLYS	2026-05-01	88	90.08	85.87	88.53	722011
QLYS	2026-05-04	88.34	92.82	87.56	92.49	966004
QLYS	2026-05-05	92	92.96	89.56	92.14	814193
QLYS	2026-05-06	90.24	91.105	84.305	90.84	1171675
QLYS	2026-05-07	93	95.61	92.1	94.97	1310075
QLYS	2026-05-08	93.65	95.72	90.32924	94.28	1112469
QLYS	2026-05-11	93.71	94.38	87.52	91.53	834589
QLYS	2026-05-12	92.82	92.82	89.255	90.12	568999
QLYS	2026-05-13	89.22	90	85.27	86.5	772478
QLYS	2026-05-14	86.99	88.11	84.63	86.73	638558
QLYS	2026-05-15	88.17	90.79	86.73	90.02	530987
QLYS	2026-05-18	90.05	98.41	89.4901	97.98	1069399
QLYS	2026-05-19	99.69	101.78	97.95	100.09	942153
QLYS	2026-05-20	98.27	101.515	97.455	100.55	698285
QLYS	2026-05-21	98.73	101.21	97.46	100.85	665792
QLYS	2026-05-22	101.21	104.52	101.13	102.37	605537
QLYS	2026-05-26	101.5	103.54	99.695	102.31	431892
QLYS	2026-05-27	100.12	101.445	98.28	98.32	515212
QLYS	2026-05-28	99.37	101.31	98.41	100.37	504787
QLYS	2026-05-29	101.09	110.12	101.09	109.29	976251
QLYS	2026-06-01	112.3	115.89	110.9731	114.02	979258
QLYS	2026-06-02	109.41	113.66	108.2	113.42	560079
QLYS	2026-06-03	111.55	112.82	109.36	111.61	943254
QLYS	2026-06-04	112.36	114.1	111.15	111.525	672377
QLYS	2026-06-05	112.02	113.1	107.0991	109.9	589306
QLYS	2026-06-08	108.96	110.4875	106.75	110.31	523318
QLYS	2026-06-09	108.66	109.92	107.4	109.71	683051
QLYS	2026-06-10	108.615	112.7999	107.88	110.2	516253
QLYS	2026-06-11	108.925	111.8	107.25	110.83	434808
QLYS	2026-06-12	110.75	113.78	109	111.24	536291
QLYS	2026-06-15	111.3	116.51	110.5	114.65	875217
QLYS	2026-06-16	114.84	117.91	112.74	113.67	835689
QLYS	2026-06-17	112.36	114.95	111.002	112.18	813357
QLYS	2026-06-18	111.75	112.41	107.96	111.3	1294558
QLYS	2026-06-22	110.55	114.1597	106.79	108.51	710279
QLYS	2026-06-23	110.4	114.82	110.4	112.33	558398
QLYS	2026-06-24	112.58	115.82	112.5	115.34	504914
QLYS	2026-06-25	114.83	118.5	112.6	116.19	463513
QLYS	2026-06-26	116.37	124.165	116.37	123.27	1677151
QLYS	2026-06-29	124.13	129.695	123.71	128.32	780728
QLYS	2026-06-30	129.61	141.52	129.475	137.49	1826482
QLYS	2026-07-01	141.34	148	139.84	143.44	841282
QLYS	2026-07-02	143.44	148.42	141	148.12	1043035
QLYS	2026-07-06	151.5	159.35	151.11	158.26	1008711
QLYS	2026-07-07	159.61	164.173	157.325	157.55	933021
QLYS	2026-07-08	155.565	157.72	153.29	153.54	802368
QLYS	2026-07-09	150.1	159.39	148.011	159.39	522180
QLYS	2026-07-10	160.24	162.18	151.96	152.69	658657
QLYS	2026-07-13	154.42	155.395	148.31	151.54	705755
QLYS	2026-07-14	148.38	164.21	148.38	164.12	756414
QLYS	2026-07-15	164.25	167.86	155.425	159.32	564981
QLYS	2026-07-16	161.95	161.965	155.97	157.56	542135
QLYS	2026-07-17	155.45	160.84	154.01	159.43	824199
QLYS	2026-07-20	158.19	160.78	155.77	156.37	492307
QLYS	2026-07-21	155.66	155.66	141.9107	143.78	1161689
QLYS	2026-07-22	145.15	147.49	138.76	140.23	699393
QLYS	2026-07-23	142.12	142.44	133.04	133.74	748954
QLYS	2026-07-24	134.53	137.51	131.98	137.48	539369
QLYS	2026-07-27	138.86	140.6	134.641	134.79	786009
QLYS	2026-07-28	135.01	139.12	131.91	135.75	641552
QLYS	2026-07-29	137.35	138.55	133.03	135.13	719999
QLYS	2026-07-30	131.99	143.41	131	141.71	1052902
QLYS	2026-07-31	141.71	145.33	137.81	144.75	658747
QLYS	2026-08-03	147.95	155.735	146.36	154.89	959760
QLYS	2026-08-04	152.26	162.735	150.615	161.06	1040659
QLYS	2026-08-05	198.42	201.54	181.09	183.25	1612203
QLYS	2026-08-06	180	184.4	174.9646	181.78	1258686
QLYS	2026-08-07	183.45	184.39	178.3	183.48	742878
QLYS	2026-08-10	182.15	192.73	182.085	185.8	923213
QLYS	2026-08-11	185.8	189.6	180.4	188.31	722605
QLYS	2026-08-12	185.13	188.84	183.28	187.15	513299
QLYS	2026-08-13	188.59	196.59	186.71	195.88	643096
QLYS	2026-08-14	196.3	196.715	185.79	186.05	565395
QLYS	2026-08-17	184.12	185.23	178.26	183.31	764341
QLYS	2026-08-18	185.62	188.81	182.79	187.98	544324
QLYS	2026-08-19	188.03	188.7299	181.465	186.68	444073
QLYS	2026-08-20	185	187.2785	181.54	182.21	399282
QLYS	2026-08-21	181.75	183.585	176.61	181.98	511225
QLYS	2026-08-24	182.18	182.948	175.61	178.46	440916
QMCO	2026-05-01	7.15	7.59	7.15	7.52	356876
QMCO	2026-05-04	7.46	7.67	7.1601	7.56	338815
QMCO	2026-05-05	7.6	8.3	7.41	8.27	667120
QMCO	2026-05-06	9.01	10.64	9	10.03	2235868
QMCO	2026-05-07	9.7	9.72	8.7644	9.13	872892
QMCO	2026-05-08	9.29	9.86	8.8506	9.62	499646
QMCO	2026-05-11	9.62	10.261	9.1744	9.78	927435
QMCO	2026-05-12	9.58	9.83	8.49	8.94	674031
QMCO	2026-05-13	8.94	9.08	8.57	8.81	374301
QMCO	2026-05-14	8.7	9	8.2	8.8	467940
QMCO	2026-05-15	8.39	8.57	8.1	8.35	399954
QMCO	2026-05-18	8.29	8.4427	7.65	7.98	469532
QMCO	2026-05-19	7.8	7.96	7.46	7.71	382414
QMCO	2026-05-20	7.78	8.36	7.78	8.16	317039
QMCO	2026-05-21	8.33	9.65	8.2818	9.41	1270473
QMCO	2026-05-22	9.4	10.18	9	9.05	1856327
QMCO	2026-05-26	9.08	9.11	8.45	8.73	564954
QMCO	2026-05-27	8.68	8.96	8.334	8.82	398189
QMCO	2026-05-28	8.65	9.537	8.61	9.32	607295
QMCO	2026-05-29	9.31	9.92	9.05	9.71	519555
QMCO	2026-06-01	9.55	10.7	9.36	10.49	1156596
QMCO	2026-06-02	10.43	13.01	10.22	12.54	3295513
QMCO	2026-06-03	12.19	16.63	12.19	15.95	4805781
QMCO	2026-06-04	14.65	18.48	14.61	15.78	3846746
QMCO	2026-06-05	15.23	15.74	12.145	12.7	2624743
QMCO	2026-06-08	13.12	13.2576	11.9	12.54	1463789
QMCO	2026-06-09	12.67	14.9799	11.99	13.05	2072692
QMCO	2026-06-10	12.82	14.12	12.55	12.59	873643
QMCO	2026-06-11	12.61	13.09	11.75	13.06	1055989
QMCO	2026-06-12	13.1	14.84	12.7	13.74	1274025
QMCO	2026-06-15	15.28	16	13.7	13.97	2427613
QMCO	2026-06-16	13.74	16.1499	13.56	14.41	1639868
QMCO	2026-06-17	14.76	15.781	13.7601	14.95	1091007
QMCO	2026-06-18	15.49	16.38	15.09	15.6	1308858
QMCO	2026-06-22	15.75	16.5	13.99	14.04	1174250
QMCO	2026-06-23	13.37	14.15	13.202	13.81	730474
QMCO	2026-06-24	13.77	14.08	12.955	13.42	618716
QMCO	2026-06-25	14	14.405	12.5347	12.93	1293572
QMCO	2026-06-26	11.24	11.7	9.8001	11.65	2297099
QMCO	2026-06-29	11.71	12.73	11.325	11.85	1124304
QMCO	2026-06-30	11.83	11.83	10.69	11	1025333
QMCO	2026-07-01	10.8	11.35	10.5501	10.93	780045
QMCO	2026-07-02	11.07	11.21	9.8201	10.16	684000
QMCO	2026-07-06	10.22	10.605	9.9105	10.53	624275
QMCO	2026-07-07	10.46	10.59	9.79	10.13	604878
QMCO	2026-07-08	9.89	10.69	9.83	10.6	1415799
QMCO	2026-07-09	10.78	10.965	10.31	10.4	766794
QMCO	2026-07-10	10.35	10.445	9.63	10.02	720586
QMCO	2026-07-13	9.88	10.16	9.5601	9.67	434915
QMCO	2026-07-14	9.66	10.31	9.66	10.06	501276
QMCO	2026-07-15	10.27	11.5999	10.11	10.3	1479146
QMCO	2026-07-16	10.07	10.39	9.48	9.6	941202
QMCO	2026-07-17	9.16	10.8	9.06	10.63	1019684
QMCO	2026-07-20	10.67	11.48	10.54	10.99	687299
QMCO	2026-07-21	11.35	11.67	11.3201	11.46	687386
QMCO	2026-07-22	11.29	12.235	11.27	11.66	648953
QMCO	2026-07-23	11.37	12.3499	11.34	11.55	610925
QMCO	2026-07-24	11.43	11.535	10.94	11.1	346870
QMCO	2026-07-27	11.36	11.52	10.59	10.97	1063514
QMCO	2026-07-28	10.91	11.425	9.86	11.28	1136742
QMCO	2026-07-29	11.3	12.809	10.4	10.45	1582807
QMCO	2026-07-30	11.41	11.425	10.34	11.24	1470914
QMCO	2026-07-31	11.41	12.23	10.57	10.64	1376829
QMCO	2026-08-03	10.6	11.02	10.19	10.56	727438
QMCO	2026-08-04	10.88	11.63	10.76	11.45	1190986
QMCO	2026-08-05	11.33	11.98	11.125	11.58	482335
QMCO	2026-08-06	11.39	12.19	11.06	11.68	547679
QMCO	2026-08-07	11.88	12.18	11.6501	12.04	656827
QMCO	2026-08-10	12.2	12.45	11.44	11.78	1250805
QMCO	2026-08-11	14.52	19.5999	13.99	19.4	16408947
QMCO	2026-08-12	20.1	22.22	20.01	21.935	5003875
QMCO	2026-08-13	21.75	24.93	21.5169	24.68	4364129
QMCO	2026-08-14	24.68	27.7999	24.1	26.11	4267260
QMCO	2026-08-17	24.83	25.95	23.75	24.92	2090704
QMCO	2026-08-18	23.84	26.28	23.4558	23.52	1579239
QMCO	2026-08-19	23.27	23.27	21.29	21.79	1838777
QMCO	2026-08-20	21.52	21.79	19.73	20.49	1457388
QMCO	2026-08-21	20.8	22.4	19.73	22.25	1458664
QMCO	2026-08-24	21.31	21.91	20.476	21.56	921635
QMLS	2026-07-16	38	38	14.07	21.43	126232
QMLS	2026-07-17	17.25	17.25	12.25	14.28	240152
QMLS	2026-07-20	12.83	13.25	9.145	9.49	400351
QMLS	2026-07-21	8.75	9.14	5.4	6.81	1200183
QMLS	2026-07-22	6.51	11.5799	5.8	9.16	2385693
QMLS	2026-07-23	9.105	9.49	7.03	8.2	633568
QMLS	2026-07-24	7.86	7.9143	7.0201	7.16	302717
QMLS	2026-07-27	7.3	7.6	6.46	6.47	207626
QMLS	2026-07-28	6.2	6.9	5.5	6.48	1484006
QMLS	2026-07-29	6.25	6.765	5.75	6.4	205109
QMLS	2026-07-30	6.23	6.85	6.1	6.64	197156
QMLS	2026-07-31	6.83	7.17	6.48	6.76	196761
QMLS	2026-08-03	6.95	7.25	6.6	6.97	158629
QMLS	2026-08-04	7.02	7.94	6.87	7.1	276489
QMLS	2026-08-05	7.12	7.25	6	6.04	371271
QMLS	2026-08-06	6.15	6.315	5.95	6.02	203653
QMLS	2026-08-07	6.27	6.45	6	6.2	221415
QMLS	2026-08-10	6.22	6.53	5.8501	5.95	200901
QMLS	2026-08-11	6.23	6.3698	5.76	6.11	2069921
QMLS	2026-08-12	6.34	6.67	6.09	6.29	398608
QMLS	2026-08-13	6.3	7.8044	6.29	7.23	811226
QMLS	2026-08-14	7.29	7.6	7.05	7.32	227634
QMLS	2026-08-17	7.24	7.96	6.745	7.14	534521
QMLS	2026-08-18	6.85	7.1167	6.36	6.74	279957
QMLS	2026-08-19	6.74	7.05	5.81	5.91	422935
QMLS	2026-08-20	6.15	6.2	5.31	5.36	539422
QMLS	2026-08-21	5.44	6.11	5.44	5.86	399040
QMLS	2026-08-24	5.91	6.05	5.54	5.89	272848
QUAD	2026-05-01	7.51	8.64	7.51	8.43	806766
QUAD	2026-05-04	8.36	8.5	7.94	7.96	551859
QUAD	2026-05-05	7.98	8.18	7.32	7.34	330671
QUAD	2026-05-06	7.37	7.57	7.37	7.45	232145
QUAD	2026-05-07	7.5	7.7	7.495	7.66	189477
QUAD	2026-05-08	7.67	7.67	7.45	7.46	157058
QUAD	2026-05-11	7.51	7.5799	7.39	7.39	225762
QUAD	2026-05-12	7.35	7.48	7.26	7.42	186661
QUAD	2026-05-13	7.36	7.3899	7.255	7.29	155527
QUAD	2026-05-14	7.36	7.4437	7.29	7.3	101421
QUAD	2026-05-15	7.28	7.3744	7.15	7.21	174328
QUAD	2026-05-18	7.23	7.44	7.195	7.33	168394
QUAD	2026-05-19	7.32	7.48	7.31	7.37	156715
QUAD	2026-05-20	7.36	7.58	7.36	7.52	278028
QUAD	2026-05-21	7.34	7.46	7.07	7.19	128886
QUAD	2026-05-22	7.21	7.28	7.1	7.21	146876
QUAD	2026-05-26	7.2	7.27	7.1	7.26	146911
QUAD	2026-05-27	7.3	7.49	7.3	7.4	140572
QUAD	2026-05-28	7.4	7.63	7.3	7.48	129407
QUAD	2026-05-29	7.42	7.5	7.38	7.45	153267
QUAD	2026-06-01	7.41	7.59	7.38	7.48	118026
QUAD	2026-06-02	7.48	7.58	7.43	7.53	185203
QUAD	2026-06-03	7.48	7.6618	7.24	7.34	186242
QUAD	2026-06-04	7.45	7.57	7.44	7.54	100257
QUAD	2026-06-05	7.59	7.605	7.44	7.45	140604
QUAD	2026-06-08	7.56	7.56	7.41	7.45	127508
QUAD	2026-06-09	7.55	7.74	7.515	7.64	153489
QUAD	2026-06-10	7.69	7.735	7.51	7.59	214985
QUAD	2026-06-11	7.67	7.67	7.455	7.5	121122
QUAD	2026-06-12	7.56	7.635	7.5	7.59	82022
QUAD	2026-06-15	7.6	7.65	7.47	7.5	135185
QUAD	2026-06-16	7.5	7.62	7.425	7.47	257522
QUAD	2026-06-17	7.52	7.72	7.5	7.52	142169
QUAD	2026-06-18	7.53	7.655	7.46	7.62	501635
QUAD	2026-06-22	7.58	7.65	7.5	7.6	144080
QUAD	2026-06-23	7.64	8.04	7.565	8.02	193594
QUAD	2026-06-24	8.03	8.1316	7.92	7.92	171472
QUAD	2026-06-25	7.94	8.06	7.89	8.03	137168
QUAD	2026-06-26	8.08	8.46	8.0001	8.44	1037856
QUAD	2026-06-29	8.34	8.44	8.05	8.42	179358
QUAD	2026-06-30	8.34	8.49	8.21	8.43	233628
QUAD	2026-07-01	8.44	8.72	8.3244	8.56	164919
QUAD	2026-07-02	8.53	8.66	8.33	8.37	129155
QUAD	2026-07-06	8.4	8.48	8.13	8.18	204997
QUAD	2026-07-07	8.27	8.41	8.19	8.28	135899
QUAD	2026-07-08	8.24	8.33	8.08	8.27	101423
QUAD	2026-07-09	8.28	8.36	8.15	8.25	110861
QUAD	2026-07-10	8.25	8.395	8.225	8.31	119782
QUAD	2026-07-13	8.22	8.495	8.22	8.38	149251
QUAD	2026-07-14	8.39	8.39	8.26	8.36	97914
QUAD	2026-07-15	8.39	8.5299	8.29	8.38	80241
QUAD	2026-07-16	8.45	8.84	8.43	8.75	164149
QUAD	2026-07-17	8.73	8.83	8.58	8.64	80858
QUAD	2026-07-20	8.66	8.66	8.55	8.61	78237
QUAD	2026-07-21	8.59	8.72	8.47	8.61	75597
QUAD	2026-07-22	8.62	8.6509	8.3934	8.55	105394
QUAD	2026-07-23	8.43	8.46	8.2	8.3	153136
QUAD	2026-07-24	8.38	8.42	8.28	8.34	159165
QUAD	2026-07-27	8.41	8.69	8.41	8.5	181512
QUAD	2026-07-28	8.61	8.61	8.2401	8.41	176388
QUAD	2026-07-29	8.94	9.99	8.85	9.29	940767
QUAD	2026-07-30	9.75	10.14	9.41	9.88	584530
QUAD	2026-07-31	9.8	10.39	9.39	10.39	644282
QUAD	2026-08-03	10.78	11.145	10.41	10.85	734601
QUAD	2026-08-04	10.67	10.77	10.18	10.55	551359
QUAD	2026-08-05	10.68	10.82	10.16	10.26	461334
QUAD	2026-08-06	10.38	10.54	9.85	9.99	476232
QUAD	2026-08-07	10	10.23	9.9	10.18	522358
QUAD	2026-08-10	10.18	10.19	9.74	9.83	359543
QUAD	2026-08-11	9.81	10.04	9.695	9.73	373185
QUAD	2026-08-12	9.74	9.9098	9.6645	9.84	403077
QUAD	2026-08-13	9.88	10.19	9.69	9.81	388442
QUAD	2026-08-14	9.84	10.02	9.74	9.94	865020
QUAD	2026-08-17	9.8	10.13	9.775	10.12	518619
QUAD	2026-08-18	10.23	10.41	10.03	10.05	470793
QUAD	2026-08-19	10.18	10.275	10.06	10.12	322945
QUAD	2026-08-20	10.11	10.27	10.09	10.21	233963
QUAD	2026-08-21	10.23	10.4175	10.17	10.31	387065
QUAD	2026-08-24	10.35	10.3729	10.18	10.25	254622
RACC	2026-05-20	10.21	10.5	10.21	10.3	713597
RACC	2026-05-21	10.3	10.32	10.25	10.28	57943
RACC	2026-05-22	10.31	10.53	10.31	10.36	33028
RACC	2026-05-26	10.5	10.5	10.37	10.37	8465
RACC	2026-05-27	10.45	10.6	10.2975	10.37	4280
RACC	2026-05-28	10.3255	10.4	10.3255	10.4	15930
RACC	2026-05-29	10.3789	10.44	10.3789	10.38	9959
RACC	2026-06-01	10.285	10.4	10.285	10.3623	1031
RACC	2026-06-02	10.5	10.5	10.311	10.36	7144
RACC	2026-06-03	10.39	10.39	10.39	10.39	196
RACC	2026-06-04	10.44	10.44	10.41	10.41	1390
RACC	2026-06-05	10.44	10.45	10.41	10.45	3032
RACC	2026-06-08	10.39	10.45	10.2974	10.4028	3216
RACC	2026-06-09	10.44	10.44	10.44	10.44	105
RACC	2026-06-10	10.38	10.42	10.38	10.42	1720
RACC	2026-06-11	10.42	10.42	10.37	10.38	2723
RACC	2026-06-12	10.38	10.4	10.35	10.4	7764
RACC	2026-06-15	10.245	10.41	10.245	10.4	14885
RACC	2026-06-16	10.3	10.8084	10.3	10.41	23447
RACC	2026-06-17	10.6	10.6	10.37	10.42	8084
RACC	2026-06-18	11.1	11.1	10.385	10.41	5272
RACC	2026-06-22	11	11	10.39	10.39	2854
RACC	2026-06-23	10.75	10.75	10.45	10.45	3695
RACC	2026-06-24	10.8	10.8	10.5	10.54	4456
RACC	2026-06-25	10.6391	10.825	10.41	10.55	3825
RACC	2026-06-29	10.4	10.6599	10.4	10.6599	9636
RACC	2026-06-30	11.19	11.19	10.51	10.7	1618
RACC	2026-07-01	10.96	12.38	10.95	11.01	3920
RACC	2026-07-02	11.05	12.15	11.05	11.3	1927
RACC	2026-07-07	11.42	12.32	11.2	11.2	9106
RACC	2026-07-08	10.4	11	10.4	10.8	22121
RACC	2026-07-09	10.707	11	10.705	10.705	4723
RACC	2026-07-10	11	11	11	11	510
RACC	2026-07-13	10.95	11.3	10.95	11.3	2301
RACC	2026-07-14	11.1	11.19	11.1	11.15	1032
RACC	2026-07-15	10.74	11.45	10.73	11.2	13688
RACC	2026-07-16	11.7	12.86	10.52	11.5999	21338
RACC	2026-07-17	12.64	12.64	10.6	11.13	7654
RACC	2026-07-20	11.01	11.01	11.01	11.01	230
RACC	2026-07-21	11.5	11.5	10.5	11.05	14973
RACC	2026-07-22	10.97	11.355	10.97	11.01	1657
RACC	2026-07-23	10.71	11.0201	10.4379	11.0201	1525
RACC	2026-07-27	12.95	13.47	12	13.275	281488
RACC	2026-07-28	13.335	14.35	13.1	13.84	117105
RACC	2026-07-29	13.875	16.85	13.75	16.4999	568852
RACC	2026-07-30	16.7	23	16.7	21.9	29156
RACC	2026-07-31	22.09	22.5	18.1	21.75	31334
RACC	2026-08-03	22.55	23.246	21.8052	22.4	4166
RACC	2026-08-04	22.89	25.25	22.89	24.5	44884
RACC	2026-08-05	23.71	25.49	20.27	24.62	32362
RACC	2026-08-06	22.31	25.65	22.31	24.62	33935
RACC	2026-08-07	24	25.74	23.59	24.8	39806
RACC	2026-08-10	24	24.01	22	24	17889
RACC	2026-08-11	24.4	27.555	24.25	26.66	47457
RACC	2026-08-12	26.59	33.5	26.59	29.3	90928
RACC	2026-08-13	26.48	30.235	25.45	27.7	78702
RACC	2026-08-14	28.99	29.45	27	27	8150
RACC	2026-08-17	26.17	27.9	24.91	26.7	19972
RACC	2026-08-18	27	27.25	22.925	24.49	42250
RACC	2026-08-19	24.03	25.5	24.03	24.6	4697
RACC	2026-08-20	24.75	25.145	22.25	22.9	43135
RACC	2026-08-21	23	24.75	21.4	22.27	56900
RACC	2026-08-24	23.69	24.2	19.85	21.05	101852
RCMT	2026-05-01	31.57	31.84	30.74	31.26	47905
RCMT	2026-05-04	31.28	32.5	30.905	31.16	105715
RCMT	2026-05-05	31.34	31.68	29.75	31.48	56616
RCMT	2026-05-06	31.5	31.5	29.8001	30.01	38563
RCMT	2026-05-07	29.91	30	28.26	28.59	77651
RCMT	2026-05-08	28.82	28.94	27.9603	28.82	63513
RCMT	2026-05-11	28.75	30.5	28.75	29.57	74051
RCMT	2026-05-12	29.61	30.8	29.29	30.2	98106
RCMT	2026-05-13	29.66	30.22	28.6091	29.01	69847
RCMT	2026-05-14	28.95	29.7031	28.91	28.96	36943
RCMT	2026-05-15	26.8	27.795	22.64	23.12	205998
RCMT	2026-05-18	22.96	23.12	20.75	22.18	289055
RCMT	2026-05-19	22.01	22.6	21.57	22.27	86694
RCMT	2026-05-20	22.27	23.0547	22.23	22.465	67583
RCMT	2026-05-21	22.28	22.28	21.49	21.59	70874
RCMT	2026-05-22	21.6	21.88	21.12	21.84	73666
RCMT	2026-05-26	21.84	22.5	21.33	21.7	64860
RCMT	2026-05-27	21.73	22.02	21.27	21.27	53569
RCMT	2026-05-28	21.5	21.7199	21.22	21.61	29810
RCMT	2026-05-29	21.48	22.5	21.48	21.61	84957
RCMT	2026-06-01	21.5	22.6637	21.5	22.5	97900
RCMT	2026-06-02	22.16	23	22.16	22.91	88892
RCMT	2026-06-03	22.97	24.17	22.97	23.63	88505
RCMT	2026-06-04	23.59	24.12	23.19	23.88	48298
RCMT	2026-06-05	23.79	23.93	23.18	23.78	80108
RCMT	2026-06-08	23.82	24.092	23.55	23.89	58249
RCMT	2026-06-09	23.91	24.8	23.84	24.3	51423
RCMT	2026-06-10	24.3	24.61	23.9501	24.485	30844
RCMT	2026-06-11	24.56	25.468	23.8176	25.07	81257
RCMT	2026-06-12	24.89	25.79	24.275	25.66	51040
RCMT	2026-06-15	26	26.56	25.7	25.94	237222
RCMT	2026-06-16	25.97	26.7	25.68	26.03	74630
RCMT	2026-06-17	26.6	27.01	25.52	25.81	114705
RCMT	2026-06-18	26.24	26.8	25.61	26.38	97440
RCMT	2026-06-22	26.34	27.64	26.11	27.39	89054
RCMT	2026-06-23	27.23	27.85	26.73	27.79	62697
RCMT	2026-06-24	27.88	28.43	27.36	28.15	91848
RCMT	2026-06-25	28.2	28.685	27.32	27.47	77321
RCMT	2026-06-26	27.5	28.5	26.9316	28.25	114408
RCMT	2026-06-29	28.51	28.71	27.71	28.19	48209
RCMT	2026-06-30	28.5	28.7	27.49	28.23	37469
RCMT	2026-07-01	28.23	29.05	28.22	28.93	39941
RCMT	2026-07-02	29	29.45	28.33	28.5	33432
RCMT	2026-07-06	28.52	28.84	28.03	28.16	30214
RCMT	2026-07-07	28.07	29.26	27.04	27.595	89622
RCMT	2026-07-08	27.48	28.2	27.19	27.65	42529
RCMT	2026-07-09	27.57	28	27.17	27.94	36967
RCMT	2026-07-10	28.23	28.23	27.68	27.98	40020
RCMT	2026-07-13	28.11	28.66	27.5	27.51	69119
RCMT	2026-07-14	27.53	27.85	27.41	27.48	43627
RCMT	2026-07-15	27.53	28	27.355	27.39	33162
RCMT	2026-07-16	27.41	28.07	27.41	27.51	41446
RCMT	2026-07-17	27.4	27.75	27.2967	27.69	28328
RCMT	2026-07-20	27.62	27.99	27.17	27.73	54938
RCMT	2026-07-21	27.89	27.89	27	27.71	24511
RCMT	2026-07-22	27.76	27.8	27.26	27.5	17921
RCMT	2026-07-23	27.12	27.59	27.12	27.55	23863
RCMT	2026-07-24	27.58	28.05	27.2283	27.63	13254
RCMT	2026-07-27	27.84	28.145	27.68	27.98	16089
RCMT	2026-07-28	28.33	29.31	28	28.86	36817
RCMT	2026-07-29	29	29.16	28.5	28.5	34812
RCMT	2026-07-30	28.65	28.65	28.06	28.475	21919
RCMT	2026-07-31	28.05	28.4499	28.05	28.29	19975
RCMT	2026-08-03	28.29	29.24	28.13901	28.47	82089
RCMT	2026-08-04	28.64	28.8	28.16	28.72	42373
RCMT	2026-08-05	29.01	29.42	28.16	29.06	49947
RCMT	2026-08-06	28.86	29.545	28.53	28.53	44851
RCMT	2026-08-07	28.77	29.515	28.2814	29.38	22436
RCMT	2026-08-10	29.1	29.5421	28.715	28.92	32907
RCMT	2026-08-11	28.91	29.2	28.38	28.69	26120
RCMT	2026-08-12	28.96	29.0737	28.43	28.52	28971
RCMT	2026-08-13	28.69	29.04	28.43	28.92	27297
RCMT	2026-08-14	32.24	35.49	32.24	35.05	225909
RCMT	2026-08-17	36.53	40.68	36.03	40.43	466596
RCMT	2026-08-18	40.63	42.04	39.6802	41.05	181741
RCMT	2026-08-19	41.12	41.34	39.88	40.16	85151
RCMT	2026-08-20	39.84	41.32	39.01	41.03	79023
RCMT	2026-08-21	41.09	41.43	40.61	40.86	63319
RCMT	2026-08-24	40.73	42.0663	40.71	41.12	71824
RCUS	2026-05-01	25.65	25.995	25	25.68	986390
RCUS	2026-05-04	25.55	26.4	25.45	26.05	1223768
RCUS	2026-05-05	26.39	26.7	25.245	26.06	1149927
RCUS	2026-05-06	25.02	26.28	24.2001	26	1825420
RCUS	2026-05-07	25.7	25.92	24.55	24.78	893070
RCUS	2026-05-08	24.68	25.695	24.33	25.36	967729
RCUS	2026-05-11	25.3	25.81	24.83	24.86	636928
RCUS	2026-05-12	24.68	25.0799	24.16	24.9	691073
RCUS	2026-05-13	24.73	25.3	24.52	25	637678
RCUS	2026-05-14	25.51	25.51	24.22	24.95	695210
RCUS	2026-05-15	24.34	24.74	23.67	23.78	968122
RCUS	2026-05-18	24.02	24.41	23.2	23.4	1126801
RCUS	2026-05-19	23.235	23.36	22.61	22.75	754549
RCUS	2026-05-20	23.02	24.09	23.02	23.74	796955
RCUS	2026-05-21	23.65	24.17	23.21	23.87	405609
RCUS	2026-05-22	23.84	24.34	23.42	23.43	516534
RCUS	2026-05-26	23.41	24.86	23.07	24.13	1108250
RCUS	2026-05-27	23.72	24.6899	23.48	23.97	754239
RCUS	2026-05-28	23.78	24.63	23.48	24.48	715905
RCUS	2026-05-29	24.45	25.48	24.13	25.34	2179897
RCUS	2026-06-01	25.33	26.15	24.5	25.67	1450096
RCUS	2026-06-02	25.375	25.69	23.795	24.47	1178386
RCUS	2026-06-03	24.62	24.83	23.54	23.86	956218
RCUS	2026-06-04	24.2	25.46	23.85	24.69	632340
RCUS	2026-06-05	24.27	24.56	22.56	23.19	1035201
RCUS	2026-06-08	23.6	23.91	23.03	23.32	812214
RCUS	2026-06-09	23.59	24.32	22.55	23.64	1160527
RCUS	2026-06-10	23.34	24.2	21.84	22.12	2249718
RCUS	2026-06-11	22.05	23.875	21.975	23.3	1285231
RCUS	2026-06-12	23.5	24.105	23.27	23.8	1447381
RCUS	2026-06-15	24.34	24.635	23.79	24.18	1218647
RCUS	2026-06-16	23.8	24.45	23.31	23.55	694952
RCUS	2026-06-17	23.8	24.75	23.6	24.12	920377
RCUS	2026-06-18	24.5	24.835	23.797	24.31	2308870
RCUS	2026-06-22	24.89	27.28	24.59	27.23	3578685
RCUS	2026-06-23	26.72	28.27	26.72	28.18	2341860
RCUS	2026-06-24	28.52	29.85	28.28	28.8	1784894
RCUS	2026-06-25	28.68	31.44	28	30.25	2556033
RCUS	2026-06-26	29.96	31.03	29.3	31	4352589
RCUS	2026-06-29	30.96	31.27	30.46	31.08	1564407
RCUS	2026-06-30	31.14	31.735	30.59	30.83	1344519
RCUS	2026-07-01	30.98	31.32	28.775	28.92	1605079
RCUS	2026-07-02	29.23	30.93	28.9	30.33	1325763
RCUS	2026-07-06	30.42	31.23	29.76	29.98	761867
RCUS	2026-07-07	30.29	30.63	29.73	30.25	794169
RCUS	2026-07-08	29.89	30.74	29.31	30.26	1134969
RCUS	2026-07-09	30.15	30.86	29.82	29.96	753380
RCUS	2026-07-10	29.79	29.79	28.13	28.92	811729
RCUS	2026-07-13	28.24	28.58	27.21	28.07	934866
RCUS	2026-07-14	28.33	28.59	27.84	28.33	801993
RCUS	2026-07-15	28.26	28.27	27.68	28.02	716978
RCUS	2026-07-16	27.52	27.75	26.47	26.64	1303025
RCUS	2026-07-17	26.01	27.84	25.68	27.37	781581
RCUS	2026-07-20	28.01	29.54	28.01	28.17	1127133
RCUS	2026-07-21	28.56	29.565	28.21	29.48	1084356
RCUS	2026-07-22	29.21	30.02	28.68	29.97	1034168
RCUS	2026-07-23	30	31.09	29.56	29.73	1217569
RCUS	2026-07-24	30.02	30.17	28.33	28.42	1118021
RCUS	2026-07-27	28.67	29.63	27.83	27.84	1268810
RCUS	2026-07-28	27.59	27.59	26.39	27.05	1579678
RCUS	2026-07-29	27.45	27.8	26.19	26.45	856151
RCUS	2026-07-30	27.31	28.55	26.91	28.25	813636
RCUS	2026-07-31	28.35	28.37	27.25	28.19	1270691
RCUS	2026-08-03	27.76	28.15	27.02	27.62	855937
RCUS	2026-08-04	28.21	28.87	27.98	28.8	845207
RCUS	2026-08-05	28.89	29.44	27.7	27.7	1040576
RCUS	2026-08-06	29.4	29.43	27.29	28.33	2696614
RCUS	2026-08-07	28.98	29.115	28.0101	28.62	1061478
RCUS	2026-08-10	28.38	29.03	28.38	28.72	912499
RCUS	2026-08-11	28.82	29.345	27.95	28.74	766886
RCUS	2026-08-12	28.87	29.25	28.67	28.96	943850
RCUS	2026-08-13	29.13	29.3	28.615	28.86	984903
RCUS	2026-08-14	28.55	29.68	27.97	29.48	1150167
RCUS	2026-08-17	29.32	30.045	28.9233	29.56	2097577
RCUS	2026-08-18	29.23	29.8625	28.94	29.51	878919
RCUS	2026-08-19	30.44	31.28	30.04	30.35	1815770
RCUS	2026-08-20	29.88	30.39	28.94	29.52	1546243
RCUS	2026-08-21	29.89	30.56	29.74	30.34	1055167
RCUS	2026-08-24	30.27	30.91	29.38	30.12	1251639
RDW	2026-05-01	9.29	9.56	8.85	9.34	14770384
RDW	2026-05-04	9.14	9.24	8.6	8.64	22271160
RDW	2026-05-05	8.88	9.04	8.3	8.69	22360269
RDW	2026-05-06	8.815	9.76	8.65	9.64	28299789
RDW	2026-05-07	9.35	10.08	8.85	9.2	31541262
RDW	2026-05-08	9.41	11.11	9.36	11.07	55563922
RDW	2026-05-11	11.015	12.87	10.765	12.16	46834746
RDW	2026-05-12	11.8	12.37	11.03	11.56	27427326
RDW	2026-05-13	11.79	11.79	10.91	11.46	29449810
RDW	2026-05-14	11.955	14.6	11.88	13.99	66962165
RDW	2026-05-15	13.73	14.57	13.46	14.06	53108904
RDW	2026-05-18	15.39	15.82	12.97	13.96	82177713
RDW	2026-05-19	13.745	14.46	12.86	13.91	53446332
RDW	2026-05-20	14.015	15.12	13.332	14.77	52082999
RDW	2026-05-21	14.5	15.385	13.5433	15.35	43934890
RDW	2026-05-22	15.72	17.89	15.7	17.49	54997109
RDW	2026-05-26	19.645	23.1	19.2	22.04	104937716
RDW	2026-05-27	24.31	24.9199	22.13	24	119893815
RDW	2026-05-28	22.94	26.64	22.81	25.9	85951249
RDW	2026-05-29	23.89	24.79	21.665	24.57	64256236
RDW	2026-06-01	22.6	22.77	20.3	20.68	56206003
RDW	2026-06-02	20.98	22.1499	20.3	20.58	35865264
RDW	2026-06-03	19.5	20.01	18.27	18.62	40836418
RDW	2026-06-04	19.3	22.75	18.7901	21.43	74599089
RDW	2026-06-05	20.8	21.19	17.62	18.45	53639044
RDW	2026-06-08	19.36	19.57	18.1	18.57	33085997
RDW	2026-06-09	17	18.03	14.76	15.75	68594314
RDW	2026-06-10	15.89	16.01	14.81	14.87	30428412
RDW	2026-06-11	15.02	17.275	14.7	17.09	67403077
RDW	2026-06-12	16.28	16.44	14.715	15.12	63533301
RDW	2026-06-15	15.96	16	14.715	14.83	41672328
RDW	2026-06-16	14.505	14.58	13.18	13.5	45056524
RDW	2026-06-17	13.765	14.98	13.545	14.36	35505695
RDW	2026-06-18	14.09	14.38	13.26	14.35	46476316
RDW	2026-06-22	14.03	14.03	12.6	13.02	32793217
RDW	2026-06-23	12.595	13.25	12.2	12.22	26732848
RDW	2026-06-24	12.29	12.37	11.28	11.38	20711718
RDW	2026-06-25	11.3	11.37	10.11	10.8	27113051
RDW	2026-06-26	10.73	11.215	10.6	10.93	34151235
RDW	2026-06-29	11.33	11.89	10.94	11.69	29144996
RDW	2026-06-30	12.06	12.5	11.7303	12.23	34923171
RDW	2026-07-01	12	12.82	11.88	11.97	21779332
RDW	2026-07-02	11.92	12.75	11.1401	11.31	20863606
RDW	2026-07-06	11.12	11.62	11.09	11.36	17295283
RDW	2026-07-07	11.1	11.18	10.125	10.21	16432419
RDW	2026-07-08	10.23	10.97	10.1868	10.58	14192771
RDW	2026-07-09	10.55	10.765	10.3401	10.47	12410627
RDW	2026-07-10	10.44	10.46	10.02	10.18	10738205
RDW	2026-07-13	10.03	10.1399	9.4	9.59	17254351
RDW	2026-07-14	9.9	10.2	9.52	9.74	13200288
RDW	2026-07-15	9.91	10.3	9.29	9.36	19180117
RDW	2026-07-16	9.11	9.115	8.36	8.45	18343322
RDW	2026-07-17	8.29	8.76	8.06	8.45	13604327
RDW	2026-07-20	8.5	8.875	8.42	8.6	16890805
RDW	2026-07-21	8.74	9.535	8.66	9.42	19573788
RDW	2026-07-22	9.25	9.5	8.9	8.99	11186440
RDW	2026-07-23	8.87	9.49	8.835	9.28	15077669
RDW	2026-07-24	9.19	9.23	8.65	8.69	13245643
RDW	2026-07-27	8.8	9.2299	8.58	8.83	12784306
RDW	2026-07-28	8.5	8.65	8.02	8.57	11964688
RDW	2026-07-29	8.58	8.64	7.76	7.78	15478037
RDW	2026-07-30	8.1	8.52	7.96	8.47	16975526
RDW	2026-07-31	8.82	8.92	8.2	8.62	18939823
RDW	2026-08-03	8.39	9.74	8.36	9.64	18960574
RDW	2026-08-04	9.9	10.705	9.9	10.63	19836801
RDW	2026-08-05	10.65	10.79	10.31	10.72	18118922
RDW	2026-08-06	12.24	12.75	11.3102	11.83	33110015
RDW	2026-08-07	12.42	13.6787	12.42	13.59	32705863
RDW	2026-08-10	13.39	13.86	13.1	13.12	18829816
RDW	2026-08-11	13.27	13.6699	12.57	13.51	16907487
RDW	2026-08-12	13.65	13.795	13.11	13.49	16470460
RDW	2026-08-13	12.95	13.91	12.87	13.2	16199645
RDW	2026-08-14	13.4	14.02	13.165	13.58	14128596
RDW	2026-08-17	13.515	14.19	13.375	13.41	16900167
RDW	2026-08-18	12.6	13.3999	12.3	12.94	14509504
RDW	2026-08-19	12.57	12.645	11.94	12.4	13787639
RDW	2026-08-20	12.29	12.37	11.38	11.77	15045992
RDW	2026-08-21	12	12.325	11.79	12.02	11411240
RDW	2026-08-24	11.75	11.7625	11.38	11.38	10890850
REPL	2026-05-01	2.55	2.61	2.385	2.5	3466278
REPL	2026-05-04	2.55	3.14	2.55	3.03	6764687
REPL	2026-05-05	3.02	3.09	2.52	2.87	7614778
REPL	2026-05-06	2.9	3.58	2.8811	3.44	7040138
REPL	2026-05-07	3.41	3.47	3.205	3.34	2637504
REPL	2026-05-08	3.32	4.18	3.3	4.07	14855896
REPL	2026-05-11	4	4.2299	3.62	3.74	7602019
REPL	2026-05-12	3.8	4.43	3.74	4.09	9454240
REPL	2026-05-13	3.99	5.43	3.93	5.3	17726566
REPL	2026-05-14	5.06	5.54	4.5	4.93	9266840
REPL	2026-05-15	4.9	5.405	4.75	5.22	5868582
REPL	2026-05-18	5.13	5.195	4.95	5.01	5113092
REPL	2026-05-19	4.99	5.135	4.69	4.7	4525755
REPL	2026-05-20	4.89	5.215	4.7	5.16	6035189
REPL	2026-05-21	5.07	5.55	5.035	5.22	4548365
REPL	2026-05-22	5.25	5.25	4.87	4.91	2952162
REPL	2026-05-26	4.99	5.01	4.505	4.6	3596244
REPL	2026-05-27	4.6	4.86	4.47	4.7	2216396
REPL	2026-05-28	4.7	4.82	4.6	4.68	1845980
REPL	2026-05-29	7.93	9.0664	7.67	8.69	51018656
REPL	2026-06-01	8.95	10	8.8	9	10911199
REPL	2026-06-02	8.9	9.49	8.51	8.87	6197269
REPL	2026-06-03	8.8	10.415	8.8	9.98	8974862
REPL	2026-06-04	10.025	10.86	9.83	9.87	7085076
REPL	2026-06-05	9.98	10.4589	9.39	9.47	4599533
REPL	2026-06-08	9.2	9.45	8.7	8.97	3138889
REPL	2026-06-09	9.01	9.31	8.42	9.24	2610308
REPL	2026-06-10	9.03	9.13	8.305	8.47	3368730
REPL	2026-06-11	8.45	8.99	8.25	8.62	2031085
REPL	2026-06-12	8.62	9.27	8.56	8.88	1972230
REPL	2026-06-15	8.81	9.08	8.694	8.96	1971485
REPL	2026-06-16	8.905	8.96	8.625	8.78	1548269
REPL	2026-06-17	9.49	10.401	9.12	10	4314151
REPL	2026-06-18	9.985	10.44	9.905	10.19	2569087
REPL	2026-06-22	10.22	11.43	10.19	11.18	3106194
REPL	2026-06-23	10.88	12.23	10.8601	11.42	2952946
REPL	2026-06-24	11.46	11.86	11.21	11.27	2861481
REPL	2026-06-25	11.29	11.8	11.03	11.13	2216627
REPL	2026-06-26	10.222	11.725	9.88	11.63	9969120
REPL	2026-06-29	11.4	11.74	11	11.2	3717871
REPL	2026-06-30	12	12.5	10.97	11.07	4315086
REPL	2026-07-01	11.1	11.7	11.04	11.22	2975248
REPL	2026-07-02	11.24	11.95	11.09	11.58	2837662
REPL	2026-07-06	11.53	11.75	11.33	11.47	1631943
REPL	2026-07-07	11.61	11.85	11.24	11.51	2092573
REPL	2026-07-08	11.48	11.68	10.84	11.12	3266721
REPL	2026-07-09	11.18	11.32	10.895	11.11	2743823
REPL	2026-07-10	11.1	11.11	10.46	10.99	2304075
REPL	2026-07-13	10.91	10.91	9.79	9.935	2828130
REPL	2026-07-14	9.935	10.4025	9.74	9.87	3207689
REPL	2026-07-15	9.72	9.9	9.33	9.68	1578135
REPL	2026-07-16	9.47	9.6	8.91	9.52	3562273
REPL	2026-07-17	9.37	10.31	9.31	10.23	3712835
REPL	2026-07-20	10.28	10.72	9.96	10.51	4474183
REPL	2026-07-21	10.73	11.18	10.3801	11	4069183
REPL	2026-07-22	10.97	11.235	10.685	10.75	1621936
REPL	2026-07-23	10.71	10.98	10.27	10.46	3791442
REPL	2026-07-24	10.3	10.375	9.65	9.7	3266046
REPL	2026-07-27	8.685	9.15	7.37	8.63	8450425
REPL	2026-07-28	6.61	6.62	5.135	5.35	23977369
REPL	2026-07-29	5.25	5.57	4.7648	5.41	14258447
REPL	2026-07-31	11.379	12.5	9.43	11.2	33433389
REPL	2026-08-03	10.995	12.6	10.13	11.91	11724348
REPL	2026-08-04	12.67	13.86	11.5	11.92	6046354
REPL	2026-08-05	11.96	12.35	11.5	11.83	2850923
REPL	2026-08-06	11.78	13.9	11.58	12.86	6653471
REPL	2026-08-07	13	13.4	11.42	12.06	8851111
REPL	2026-08-10	12.64	14.12	12.27	13.67	8848470
REPL	2026-08-11	13.755	14.14	13.2	13.65	4762258
REPL	2026-08-12	13.62	15.68	13.62	15.24	8260721
REPL	2026-08-13	15	15.705	14.98	15.19	3216678
REPL	2026-08-14	15.19	15.39	14.685	14.97	2387464
REPL	2026-08-17	14.65	14.69	14.05	14.63	3731669
REPL	2026-08-18	14.6	15.615	14.5	15.58	2244221
REPL	2026-08-19	15.17	15.64	14.73	14.81	3408664
REPL	2026-08-20	14.55	14.765	13.92	14.05	4268637
REPL	2026-08-21	13.88	14.98	13.81	14.77	2969271
REPL	2026-08-24	14.63	15.04	14.11	14.71	2080077
RFIL	2026-05-01	14.72	15.25	14.11	14.74	198635
RFIL	2026-05-04	14.64	14.8103	13.925	13.94	166815
RFIL	2026-05-05	14.28	14.825	13.9712	14.41	100634
RFIL	2026-05-06	14.53	15.23	14.41	14.99	108881
RFIL	2026-05-07	15.11	15.45	14.5701	14.91	97800
RFIL	2026-05-08	15.28	15.8	15.0079	15.28	182578
RFIL	2026-05-11	15.85	17.18	15.58	16.95	524001
RFIL	2026-05-12	17.4	17.4	15.7	16.6	326098
RFIL	2026-05-13	16.36	18.55	16.01	18.065	476005
RFIL	2026-05-14	18.99	19	17.1972	18.2	400150
RFIL	2026-05-15	17.2	18.28	16.8	17.81	212144
RFIL	2026-05-18	18.01	18.3	16.65	17.01	286373
RFIL	2026-05-19	16.6	16.78	15.32	16.36	264060
RFIL	2026-05-20	16.81	17.92	16.55	17.565	224598
RFIL	2026-05-21	17.26	17.9299	16.8501	17.86	155745
RFIL	2026-05-22	18.24	18.5599	18.01	18.52	188951
RFIL	2026-05-26	18.97	19.77	18.81	19.075	338404
RFIL	2026-05-27	19.28	19.73	18.68	19.38	203802
RFIL	2026-05-28	19.26	19.5	18.36	18.52	197786
RFIL	2026-05-29	18.66	18.66	17.29	17.69	165990
RFIL	2026-06-01	17.18	17.77	16.2565	17.59	333461
RFIL	2026-06-02	17.74	18.8	17.1968	18.78	224574
RFIL	2026-06-03	18.53	19.02	17.79	18.25	200830
RFIL	2026-06-04	17.97	18.75	17.51	18.4	178721
RFIL	2026-06-05	17.95	17.95	15.85	16.04	210951
RFIL	2026-06-08	17.46	17.53	16.52	16.67	136133
RFIL	2026-06-09	17.46	17.9899	15.34	16.11	199308
RFIL	2026-06-10	16.35	18.08	16.31	16.7	251419
RFIL	2026-06-11	16.93	18.71	16.5001	18.57	205879
RFIL	2026-06-12	19.248	19.62	18.02	18.75	200810
RFIL	2026-06-15	19.5	20	18.02	18.12	590026
RFIL	2026-06-16	17.745	17.77	14.22	16.44	1025312
RFIL	2026-06-17	16.45	17.76	16.065	16.86	343723
RFIL	2026-06-18	17.1	17.81	16.6001	17.81	275478
RFIL	2026-06-22	17.89	21.8811	17.5101	21.5	1000522
RFIL	2026-06-23	20.3	22.3	19.652	21.12	645054
RFIL	2026-06-24	21.5	21.51	19.22	19.34	310900
RFIL	2026-06-25	20.03	21.0299	19.2413	20.95	235612
RFIL	2026-06-26	20.73	21.9466	20.375	21.43	1300482
RFIL	2026-06-29	21.43	22.05	20.42	21.32	258386
RFIL	2026-06-30	21.29	21.92	20.5	21.21	280490
RFIL	2026-07-01	21.04	21.3	19.58	19.85	267400
RFIL	2026-07-02	20.94	21	17.7	17.81	272962
RFIL	2026-07-06	18.01	19.22	17.52	18.39	334770
RFIL	2026-07-07	17.56	17.61	16.125	16.87	404826
RFIL	2026-07-08	16.98	17.4	16.5	17.12	262177
RFIL	2026-07-09	17.55	17.89	16.8	16.86	280175
RFIL	2026-07-10	16.83	17.88	16.5	17.43	209763
RFIL	2026-07-13	16.7	16.87	15.76	15.76	380506
RFIL	2026-07-14	16.14	16.73	15.87	15.94	184800
RFIL	2026-07-15	16.13	16.365	14.1305	14.32	345599
RFIL	2026-07-16	14.15	14.43	12.95	13.16	316166
RFIL	2026-07-17	12.75	13.92	12.5	13.14	335279
RFIL	2026-07-20	13.27	13.51	12.84	13.03	197867
RFIL	2026-07-21	13.24	13.98	13.22	13.72	235200
RFIL	2026-07-22	13.3	13.7946	13.09	13.1	268638
RFIL	2026-07-23	12.98	13.29	12.605	13.02	222959
RFIL	2026-07-24	13.02	13.04	12.26	12.46	180689
RFIL	2026-07-27	12.49	12.535	11.55	12.16	336361
RFIL	2026-07-28	12	12	11.13	11.27	266896
RFIL	2026-07-29	11.2	11.64	10.58	10.66	287772
RFIL	2026-07-30	11.17	12.03	11.17	11.97	216665
RFIL	2026-07-31	12.002	12.85	12.002	12.32	243398
RFIL	2026-08-03	12.07	12.875	11.5414	12.44	215119
RFIL	2026-08-04	12.95	13.73	12.95	13.7	265792
RFIL	2026-08-05	13.67	13.86	13.2	13.36	187581
RFIL	2026-08-06	13.1	13.72	12.8073	13.07	221470
RFIL	2026-08-07	13.37	13.55	12.79	12.81	183026
RFIL	2026-08-10	12.72	13.05	12.342	12.42	278212
RFIL	2026-08-11	12.3	13.03	12.3	12.77	172217
RFIL	2026-08-12	13.15	13.32	12.87	13.15	137966
RFIL	2026-08-13	13.58	13.85	13.1	13.25	333766
RFIL	2026-08-14	13.33	13.715	13.195	13.61	146179
RFIL	2026-08-17	13.5	13.62	13.21	13.45	255087
RFIL	2026-08-18	13.1	13.335	12.6901	12.9	214197
RFIL	2026-08-19	13.09	13.09	11.5463	11.71	208511
RFIL	2026-08-20	11.64	11.745	11.09	11.25	192407
RFIL	2026-08-21	11.93	11.93	11.04	11.18	231081
RFIL	2026-08-24	11.02	11.13	10.45	10.68	164801
RGEN	2026-05-01	118.76	119.07	115.26	117.2	759516
RGEN	2026-05-04	116.05	120.18	116.05	118.21	1290831
RGEN	2026-05-05	121.24	128.31	120.62	125.61	2088321
RGEN	2026-05-06	129.32	131.53	125.21	125.76	1625340
RGEN	2026-05-07	127.05	127.685	123.84	126.43	935806
RGEN	2026-05-08	125.83	126.83	121.26	123.46	995226
RGEN	2026-05-11	124.18	124.72	115.6	115.91	1283636
RGEN	2026-05-12	116.29	119.01	113.26	113.6	1465079
RGEN	2026-05-13	113.67	115.4	106.92	107.03	1669839
RGEN	2026-05-14	107.03	107.745	100.99	103.38	2010736
RGEN	2026-05-15	104.46	107.75	102.55	102.87	2307248
RGEN	2026-05-18	103.7	106.38	102.48	104.2	1558254
RGEN	2026-05-19	105	110.1	103.5	108.52	2221226
RGEN	2026-05-20	109	111.88	103.63	111.74	1177436
RGEN	2026-05-21	110.9	114.825	109.38	113.37	1042652
RGEN	2026-05-22	113.5	116	112.37	115.06	722811
RGEN	2026-05-26	116.61	117	112.4075	115.19	799815
RGEN	2026-05-27	115.15	118.2	112	113.17	1125314
RGEN	2026-05-28	113.17	126.6799	113.04	122.73	1584067
RGEN	2026-05-29	122.82	125.595	121.81	123.95	925602
RGEN	2026-06-01	122.58	124.005	118.52	123.1	687968
RGEN	2026-06-02	122.18	122.405	119.21	121.13	784294
RGEN	2026-06-03	119.4	122.32	117.59	121.73	662945
RGEN	2026-06-04	121.8	128.46	121.73	126.55	1190177
RGEN	2026-06-05	125.95	128.36	121.69	122.31	676040
RGEN	2026-06-08	123.57	126.48	121.205	125.33	741320
RGEN	2026-06-09	127.49	132.245	127.42	130.13	1466717
RGEN	2026-06-10	128.57	135.07	126.835	130.76	1212153
RGEN	2026-06-11	130.93	133.95	129.765	133.33	641409
RGEN	2026-06-12	133.58	135.725	130.43	130.59	1328026
RGEN	2026-06-15	133.71	134.59	130.42	130.87	632685
RGEN	2026-06-16	131.32	134.11	129.7	131.69	612284
RGEN	2026-06-17	132.9	136.535	130.71	133.55	1321531
RGEN	2026-06-18	131.4	133.5741	127.48	132.02	1236919
RGEN	2026-06-22	131.13	133.74	125.44	126.57	824733
RGEN	2026-06-23	128.16	130.73	124.85	126.37	856499
RGEN	2026-06-24	128.19	140.32	127.175	138.4	1372709
RGEN	2026-06-25	143	149.05	140.445	145.23	1948976
RGEN	2026-06-26	143.98	147.585	143.98	147.01	1965036
RGEN	2026-06-29	142.81	144.72	135.72	137	1793164
RGEN	2026-06-30	136.59	138.85	134.01	136.44	1106102
RGEN	2026-07-01	137.15	140.615	134.68	138.99	1161912
RGEN	2026-07-02	139.9	143.165	139.9	142.4	981617
RGEN	2026-07-06	140.48	142.24	137.11	141.46	666682
RGEN	2026-07-07	144.58	144.58	137.61	139.83	606269
RGEN	2026-07-08	137.67	138.8799	135.08	137.41	689024
RGEN	2026-07-09	137.44	144.48	136.78	143.94	667198
RGEN	2026-07-10	144.35	145.185	141.835	144.24	476012
RGEN	2026-07-13	142.8	146.69	141.64	144.88	753304
RGEN	2026-07-14	143.88	147.25	142.89	147.13	514655
RGEN	2026-07-15	147.69	149.14	146.245	148.06	879683
RGEN	2026-07-16	148.66	150.9	147.36	148.55	828969
RGEN	2026-07-17	147.11	149.06	143.88	147.25	912389
RGEN	2026-07-20	147.35	149.38	144.355	145.49	887483
RGEN	2026-07-21	131.95	138.07	129	136.99	2119640
RGEN	2026-07-22	131.76	142.48	131.1725	140.09	2702830
RGEN	2026-07-23	144.23	148.37	132.28	137.6	2736663
RGEN	2026-07-24	138.13	138.13	131.82	131.96	1359901
RGEN	2026-07-27	131.87	133.355	130.03	131.06	1456270
RGEN	2026-07-28	139.7	154	137.35	145.34	2457229
RGEN	2026-07-29	144.24	149.73	140.265	141.23	1514002
RGEN	2026-07-30	143.67	144.18	139.98	143.6	1032830
RGEN	2026-07-31	143.81	145	139.3975	141.01	875259
RGEN	2026-08-03	142.06	147.38	140.54	147.06	1010517
RGEN	2026-08-04	146.76	149.97	142.29	149.78	1196052
RGEN	2026-08-05	150	158.95	149.94	158.59	1281437
RGEN	2026-08-06	156.21	162.37	156.085	159.44	1211971
RGEN	2026-08-07	159.44	164.97	159.44	163.9	950494
RGEN	2026-08-10	163.06	166.43	160.99	163.17	770765
RGEN	2026-08-11	163.41	168.2	161.02	164.77	989268
RGEN	2026-08-12	165.21	166.955	162.36	165.7	833922
RGEN	2026-08-13	167.19	168.3725	161.895	167.49	762286
RGEN	2026-08-14	167.49	168.015	165.05	166.83	598127
RGEN	2026-08-17	166.25	169.495	164.62	169.04	655197
RGEN	2026-08-18	168.01	168.03	164.83	166.15	462701
RGEN	2026-08-19	172.74	179.87	170	176.36	1889611
RGEN	2026-08-20	174.61	188.73	173.135	180.29	1591686
RGEN	2026-08-21	179.66	182.425	175.745	181.13	1098579
RGEN	2026-08-24	180.6	183.05	176.28	181.62	1494477
RIGL	2026-05-01	29.01	29.59	28.79	29.4	197002
RIGL	2026-05-04	29.4	30.37	29.4	29.54	253148
RIGL	2026-05-05	29.54	30.0603	27.7	28.09	463910
RIGL	2026-05-06	28.7	29.9999	25.76	26.67	849522
RIGL	2026-05-07	26.68	26.68	25.94	26.24	349691
RIGL	2026-05-08	26.24	26.96	26	26.04	298989
RIGL	2026-05-11	26	26.5	25.45	26.2	377019
RIGL	2026-05-12	27.97	31.235	27.97	29.37	1230460
RIGL	2026-05-13	30.22	33.01	29.655	32.13	917784
RIGL	2026-05-14	32.61	32.9799	31.335	31.92	450404
RIGL	2026-05-15	31.92	32.89	28.63	29.01	500209
RIGL	2026-05-18	29	29.32	27.92	28.61	448519
RIGL	2026-05-19	28.56	28.96	28	28.3	386621
RIGL	2026-05-20	28.3	29	27.9868	28.82	308810
RIGL	2026-05-21	28.28	29.69	27.88	29.19	214864
RIGL	2026-05-22	29.09	29.7	28.94	29.01	183367
RIGL	2026-05-26	29.17	29.335	28.5101	29.17	441631
RIGL	2026-05-27	29.19	30.02	29.09	29.48	336893
RIGL	2026-05-28	29.48	30.33	29.33	30.05	299192
RIGL	2026-05-29	31.15	31.15	29.825	30.49	349967
RIGL	2026-06-01	30.55	30.55	29.085	29.86	363857
RIGL	2026-06-02	29.38	31.1	28.46	30.02	405722
RIGL	2026-06-03	29.93	30.41	29.57	30.3	422222
RIGL	2026-06-04	30.56	31.0922	29.99	30.25	230310
RIGL	2026-06-05	30.33	30.69	29.74	29.93	498097
RIGL	2026-06-08	29.94	30.6	29.61	30.08	187348
RIGL	2026-06-09	30.38	31.07	30.1301	30.72	238791
RIGL	2026-06-10	30.51	31.49	30.46	30.91	209957
RIGL	2026-06-11	30.93	32.45	30.77	32.08	355877
RIGL	2026-06-12	32.08	33.57	31.9	32.85	241494
RIGL	2026-06-15	33.24	33.7	32.84	33.42	278419
RIGL	2026-06-16	33.54	33.98	31.8	32.46	350570
RIGL	2026-06-17	32.71	34.39	32.71	33.37	264172
RIGL	2026-06-18	33.99	34.145	32.42	32.91	972697
RIGL	2026-06-22	33.65	36.5299	33.64	35.73	599397
RIGL	2026-06-23	35.85	36.5	35.55	35.61	257607
RIGL	2026-06-24	36.23	37.01	35.823	36.55	274461
RIGL	2026-06-25	36.55	37.36	36.18	36.99	271638
RIGL	2026-06-26	37.17	39.23	37	38.69	885139
RIGL	2026-06-29	39.01	39.245	37.935	39.04	283516
RIGL	2026-06-30	39.12	40.2	38.72	39.12	345049
RIGL	2026-07-01	38.85	39.57	38.24	38.29	243382
RIGL	2026-07-02	39.18	40.3335	38.145	38.72	472584
RIGL	2026-07-06	38.8	40.33	38.8	40.255	378195
RIGL	2026-07-07	40.66	43.06	39.4401	42.56	740950
RIGL	2026-07-08	41.24	43	41.24	42.93	306784
RIGL	2026-07-09	42.97	43.94	42.71	43.76	314276
RIGL	2026-07-10	43.76	43.99	41.57	42.55	461061
RIGL	2026-07-13	41.92	42.85	40.77	41.3	430420
RIGL	2026-07-14	41.32	42.2699	40.68	41.17	246891
RIGL	2026-07-15	41.1	41.585	40.01	41.18	223154
RIGL	2026-07-16	40.99	43.34	40.43	41.67	351159
RIGL	2026-07-17	41	42	40.43	40.54	196505
RIGL	2026-07-20	40.4	40.64	39.51	39.67	411556
RIGL	2026-07-21	39.52	40.09	38.4901	39.31	407490
RIGL	2026-07-22	38.6	38.9	37.5	37.8	331741
RIGL	2026-07-23	37.04	38	36.54	36.82	383129
RIGL	2026-07-24	36.82	37.05	35.0057	36.74	485163
RIGL	2026-07-27	37.3	38.77	37.2	37.39	229596
RIGL	2026-07-28	37.48	38.63	36.84	38.5	142389
RIGL	2026-07-29	38.58	39.95	37.95	39.07	223386
RIGL	2026-07-30	38.51	39.015	37.2605	38.06	216079
RIGL	2026-07-31	37.63	37.825	36.14	36.81	174912
RIGL	2026-08-03	36.96	37.54	36.44	37.43	187266
RIGL	2026-08-04	37.94	39.45	37.7	38.7	332815
RIGL	2026-08-05	42.48	43.49	38.18	40.48	711218
RIGL	2026-08-06	39.85	41.24	38.46	39.22	480933
RIGL	2026-08-07	39.55	41.13	39.5107	40.17	315509
RIGL	2026-08-10	39.96	41.79	39.9	41.66	230341
RIGL	2026-08-11	41.37	42.04	40.95	42.02	208245
RIGL	2026-08-12	42	42.99	41.5	41.87	335518
RIGL	2026-08-13	42.52	42.6	40.32	40.79	265186
RIGL	2026-08-14	41.41	42.69	40.5433	42.58	223974
RIGL	2026-08-17	42.9	43.26	42.08	42.45	429228
RIGL	2026-08-18	42.31	43.71	41.3701	43.62	248720
RIGL	2026-08-19	44.02	47.25	44	46.96	335303
RIGL	2026-08-20	46.24	47.34	44.795	45.25	252443
RIGL	2026-08-21	45.74	46.4925	45	45.89	322084
RIGL	2026-08-24	45.63	46.21	44.505	45.11	416678
RNA	2026-05-01	12.76	13.48	12.76	13.43	169380
RNA	2026-05-04	13.3	13.57	12.81	12.87	144450
RNA	2026-05-05	12.93	13.04	12.75	12.91	103289
RNA	2026-05-06	12.94	13.3	12.8	13.09	213381
RNA	2026-05-07	13.07	13.2	12.8	12.96	91236
RNA	2026-05-08	12.88	13.19	12.84	13.07	109771
RNA	2026-05-11	13.08	13.5	13.07	13.25	169892
RNA	2026-05-12	13.34	13.4	13.06	13.14	179471
RNA	2026-05-13	13.11	13.3	12.9069	13.3	100721
RNA	2026-05-14	13.27	13.505	13	13.27	100216
RNA	2026-05-15	13.48	13.97	13.035	13.23	234322
RNA	2026-05-18	13.24	13.565	12.85	12.95	146590
RNA	2026-05-19	12.96	13.2	12.74	12.95	273071
RNA	2026-05-20	12.94	13.01	12.61	12.72	168123
RNA	2026-05-21	12.61	13.13	12.61	13.04	252364
RNA	2026-05-22	13.01	13.28	12.98	13.09	292222
RNA	2026-05-26	13.2	13.29	12.95	13.06	170862
RNA	2026-05-27	13.08	13.1225	12.93	13	169109
RNA	2026-05-28	13.1	14.135	12.97	13.36	345131
RNA	2026-05-29	13.27	13.6	12.94	13	321003
RNA	2026-06-01	13	13.1	12.35	12.68	209567
RNA	2026-06-02	12.59	12.59	12.2	12.25	180681
RNA	2026-06-03	12.27	12.39	12.12	12.17	150001
RNA	2026-06-04	12.26	12.62	12.17	12.3	126026
RNA	2026-06-05	12.3	12.38	11.77	11.8	209377
RNA	2026-06-08	11.9	11.91	11.48	11.55	125531
RNA	2026-06-09	11.6	11.89	11.45	11.76	201685
RNA	2026-06-10	11.86	11.99	11.64	11.67	136610
RNA	2026-06-11	11.69	12.525	11.4031	12.43	282515
RNA	2026-06-12	12.43	12.465	12.16	12.37	103633
RNA	2026-06-15	12.4	12.76	12.3	12.75	261506
RNA	2026-06-16	12.75	12.75	12.4	12.61	160529
RNA	2026-06-17	12.73	12.825	12.28	12.48	190259
RNA	2026-06-18	12.83	12.96	12.2	12.66	294100
RNA	2026-06-22	12.65	12.96	12.585	12.94	220832
RNA	2026-06-23	12.89	13.14	12.76	12.81	242376
RNA	2026-06-24	12.86	13	12.74	12.83	123037
RNA	2026-06-25	12.93	13.07	12.7	12.78	262185
RNA	2026-06-26	12.78	13.2	12.72	13.19	758666
RNA	2026-06-29	13.2	13.8	13.2	13.65	381589
RNA	2026-06-30	13.67	13.8	13.22	13.45	316750
RNA	2026-07-01	13.43	13.8	13.26	13.3	150060
RNA	2026-07-02	13.4	13.715	13.2	13.65	196855
RNA	2026-07-06	13.6	13.61	12.755	13.01	206744
RNA	2026-07-07	13.14	13.36	12.95	13.24	256737
RNA	2026-07-08	13.07	13.38	12.86	13.37	157821
RNA	2026-07-09	13.4	13.44	12.75	12.91	239511
RNA	2026-07-10	12.87	12.87	12.2	12.46	198416
RNA	2026-07-13	12.4	12.59	12.21	12.22	178756
RNA	2026-07-14	12.26	12.47	12.05	12.22	205793
RNA	2026-07-15	12.26	12.4	12.05	12.3	88243
RNA	2026-07-16	12.29	12.29	11.93	12.16	182660
RNA	2026-07-17	12.01	12.3	11.9675	12.15	122165
RNA	2026-07-20	12.14	12.15	11.75	11.76	186120
RNA	2026-07-21	11.73	12.35	11.61	12.29	181762
RNA	2026-07-22	12.28	12.35	12.09	12.17	99845
RNA	2026-07-23	12	12.14	11.78	11.91	101286
RNA	2026-07-24	11.98	11.98	11.48	11.49	120858
RNA	2026-07-27	11.61	11.8	11.46	11.57	82383
RNA	2026-07-28	11.59	11.625	11.355	11.49	91911
RNA	2026-07-29	11.46	11.46	11.13	11.18	119405
RNA	2026-07-30	11.19	11.5475	11.19	11.46	91830
RNA	2026-07-31	11.44	11.54	11.2	11.35	116292
RNA	2026-08-03	11.45	11.525	11.3	11.33	91504
RNA	2026-08-04	11.4	11.74	11.35	11.54	136994
RNA	2026-08-05	11.53	11.99	11.46	11.74	171862
RNA	2026-08-06	11.96	12.31	11.875	12.11	193100
RNA	2026-08-07	12.15	12.485	12.145	12.34	103281
RNA	2026-08-10	12.25	12.44	12.2	12.24	107980
RNA	2026-08-11	12.25	12.44	12.195	12.27	84151
RNA	2026-08-12	12.27	12.35	12.06	12.17	1256677
RNA	2026-08-13	12.21	12.46	12.0301	12.33	127098
RNA	2026-08-14	12.21	12.97	12.08	12.84	176079
RNA	2026-08-17	12.78	13.345	12.78	12.96	212551
RNA	2026-08-18	12.91	12.96	12.72	12.84	107916
RNA	2026-08-19	13	13.72	12.85	13.71	335385
RNA	2026-08-20	13.75	13.875	13.2	13.48	218805
RNA	2026-08-21	13.53	13.59	12.96	13.2	180626
RNA	2026-08-24	13.27	13.635	13.04	13.62	140452
RNW	2026-05-01	5.38	5.43	5.31	5.38	634447
RNW	2026-05-04	5.4	5.471	5.245	5.25	869265
RNW	2026-05-05	5.29	5.42	5.24	5.36	1649328
RNW	2026-05-06	5.36	5.495	5.2734	5.45	1306805
RNW	2026-05-07	5.48	5.48	5.38	5.4	753763
RNW	2026-05-08	5.43	5.66	5.385	5.62	981079
RNW	2026-05-11	5.6	5.765	5.6	5.66	815544
RNW	2026-05-12	5.67	5.67	5.31	5.45	878722
RNW	2026-05-13	5.45	5.46	5.27	5.44	1048582
RNW	2026-05-14	5.45	5.57	5.415	5.54	781230
RNW	2026-05-15	5.46	5.46	5.33	5.35	951549
RNW	2026-05-18	5.33	5.73	5.33	5.47	1871639
RNW	2026-05-19	5.45	5.545	5.33	5.35	1093382
RNW	2026-05-20	5.37	5.825	5.365	5.55	1877202
RNW	2026-05-21	5.53	5.9	5.528	5.85	1397738
RNW	2026-05-22	5.86	6.01	5.83	5.92	1025057
RNW	2026-05-26	6	6.15	5.96	6	2037910
RNW	2026-05-27	6	6.245	5.955	6.17	1912414
RNW	2026-05-28	6.15	6.36	6.08	6.24	2289414
RNW	2026-05-29	6.4	6.5	6.34	6.39	2055807
RNW	2026-06-01	6.36	6.59	6.28	6.52	2577241
RNW	2026-06-02	6.48	6.56	6.365	6.38	1198187
RNW	2026-06-03	6.37	6.37	6.145	6.25	1392574
RNW	2026-06-04	6.18	6.33	6.16	6.31	589168
RNW	2026-06-05	6.24	6.2999	6.025	6.04	909465
RNW	2026-06-08	6.14	6.18	5.95	5.95	1071637
RNW	2026-06-09	5.96	6.235	5.95	6.14	1117908
RNW	2026-06-10	6.11	6.19	6.05	6.06	1654970
RNW	2026-06-11	6.09	6.4	6.09	6.34	1171750
RNW	2026-06-12	6.35	6.525	6.34	6.43	920011
RNW	2026-06-15	6.52	6.52	6.3	6.32	1224543
RNW	2026-06-16	6.34	6.495	6.23	6.31	1362671
RNW	2026-06-17	6.25	6.33	6.13	6.19	2024683
RNW	2026-06-18	6.19	6.4	6.155	6.32	4866705
RNW	2026-06-22	6.33	6.475	6.275	6.43	1427448
RNW	2026-06-23	6.36	6.39	6.18	6.18	1231087
RNW	2026-06-24	6.21	6.28	6.155	6.23	1258863
RNW	2026-06-25	6.26	6.415	6.1813	6.37	1330760
RNW	2026-06-26	6.3	6.375	6.19	6.19	950680
RNW	2026-06-29	6.23	6.32	6.16	6.26	1268505
RNW	2026-06-30	6.28	6.4	6.23	6.25	1118898
RNW	2026-07-01	6.24	6.38	6.18	6.18	1194960
RNW	2026-07-02	6.22	6.27	6.04	6.09	1582939
RNW	2026-07-06	6.16	6.2	5.95	5.97	662570
RNW	2026-07-07	5.9	6.11	5.85	6.01	1239449
RNW	2026-07-08	6.01	6.23	5.979	6.21	1065640
RNW	2026-07-09	6.2	6.23	6.12	6.14	666376
RNW	2026-07-10	6.14	6.29	6.14	6.27	1066461
RNW	2026-07-13	6.09	6.25	6.09	6.15	1052064
RNW	2026-07-14	6.24	6.27	6.15	6.2	1353719
RNW	2026-07-15	6.24	6.33	6.17	6.28	1939895
RNW	2026-07-16	6.24	6.26	6.13	6.19	1010894
RNW	2026-07-17	6.11	6.29	6.065	6.29	4032752
RNW	2026-07-20	6.28	6.305	6.11	6.18	900082
RNW	2026-07-21	6.25	6.28	6.195	6.22	562365
RNW	2026-07-22	6.22	6.29	6.185	6.22	673433
RNW	2026-07-23	6.23	6.31	6.18	6.25	1114238
RNW	2026-07-24	6.26	6.27	6.13	6.15	488815
RNW	2026-07-27	6.3	6.32	5.945	6.03	2720443
RNW	2026-07-28	6.05	6.175	6.02	6.09	1222231
RNW	2026-07-29	6.1	6.15	5.96	5.99	1214454
RNW	2026-07-30	6.05	6.255	6.05	6.17	977284
RNW	2026-07-31	6.22	6.25	6.145	6.22	938622
RNW	2026-08-03	6.22	6.365	6.17	6.29	851750
RNW	2026-08-04	6.32	6.35	6.155	6.29	1174945
RNW	2026-08-05	6.205	6.29	6.1	6.11	958413
RNW	2026-08-06	6.11	6.27	6.052	6.23	841542
RNW	2026-08-07	6.24	6.2532	6.12	6.17	569094
RNW	2026-08-10	6.15	6.2	6.08	6.13	1149190
RNW	2026-08-11	6.76	6.85	6.745	6.85	23647579
RNW	2026-08-12	6.85	6.85	6.8	6.81	7643036
RNW	2026-08-13	6.82	6.82	6.8	6.8	3082702
RNW	2026-08-14	6.8	6.82	6.8	6.81	2691401
RNW	2026-08-17	6.8	6.825	6.8	6.82	2487543
RNW	2026-08-18	6.83	6.83	6.805	6.82	3863566
RNW	2026-08-19	6.84	6.84	6.8	6.8	2683609
RNW	2026-08-20	6.81	6.82	6.81	6.82	2323837
RNW	2026-08-21	6.81	6.82	6.81	6.81	2989227
RNW	2026-08-24	6.81	6.82	6.8	6.8	2558491
ROCK	2026-05-01	39.37	40.18	38.87	39.2	300840
ROCK	2026-05-04	38.78	38.95	36.7101	36.92	247448
ROCK	2026-05-05	37.85	39.05	37.04	38.31	259039
ROCK	2026-05-06	39.2	39.61	37.87	37.9	365667
ROCK	2026-05-07	36.68	39.28	35.25	37.59	844069
ROCK	2026-05-08	38.52	40.93	38.44	40.81	617327
ROCK	2026-05-11	40.54	40.61	38.9	39.24	439980
ROCK	2026-05-12	39.22	39.335	37.29	37.91	413192
ROCK	2026-05-13	37.42	38.252	37.01	38.22	339333
ROCK	2026-05-14	38.38	38.68	37.7401	37.93	268102
ROCK	2026-05-15	37.42	37.646	35.35	35.38	408925
ROCK	2026-05-18	35.28	36.345	35.1	35.55	310598
ROCK	2026-05-19	35.31	35.31	33.76	33.82	306988
ROCK	2026-05-20	33.98	35.21	33.56	35.15	336585
ROCK	2026-05-21	34.75	35.82	33.87	35.54	517709
ROCK	2026-05-22	35.96	37.23	35.445	37.18	382150
ROCK	2026-05-26	37.4	38.04	37.055	37.48	390412
ROCK	2026-05-27	37.74	39.74	37.52	39.5	425503
ROCK	2026-05-28	39.34	39.68	38.43	39.23	373469
ROCK	2026-05-29	39.17	39.52	38.48	38.65	481516
ROCK	2026-06-01	38	38	36.115	37.74	439919
ROCK	2026-06-02	37.81	38.46	37.06	38.03	381632
ROCK	2026-06-03	37.89	38.055	36.94	37.63	294818
ROCK	2026-06-04	37.97	38.66	37.525	38.3	302987
ROCK	2026-06-05	37.99	38.14	36.665	36.97	270756
ROCK	2026-06-08	37.36	38.83	37.08	38.39	390359
ROCK	2026-06-09	38.71	40.625	38.39	39.31	352813
ROCK	2026-06-10	39.36	39.36	37.12	37.49	299034
ROCK	2026-06-11	37.68	39.6	37.24	39.41	348260
ROCK	2026-06-12	39.66	41.25	39.33	40.3	321453
ROCK	2026-06-15	40.93	42.03	40.35	40.48	351432
ROCK	2026-06-16	40.93	42.3199	40.925	41.47	338778
ROCK	2026-06-17	41.16	42.9	40.4	40.52	393977
ROCK	2026-06-18	41.47	42.305	40.77	40.9	932718
ROCK	2026-06-22	41.2	41.28	39.86	40.01	445456
ROCK	2026-06-23	40.01	40.43	39.31	39.32	355951
ROCK	2026-06-24	39.65	44	39.64	43.195	314881
ROCK	2026-06-25	43.59	44.97	43.18	44.19	361139
ROCK	2026-06-26	44.15	44.725	43.79	44.2	747102
ROCK	2026-06-29	43.99	45.17	42.83	44.66	341468
ROCK	2026-06-30	44.66	45.2	44.07	45.1	266604
ROCK	2026-07-01	45.2	45.7	44.34	45.31	402310
ROCK	2026-07-02	45.34	45.53	43.19	43.92	232048
ROCK	2026-07-06	43.84	44.07	42.52	43.23	327701
ROCK	2026-07-07	43.88	44.45	42.34	43.15	313985
ROCK	2026-07-08	42.66	43.135	40.19	41.26	344239
ROCK	2026-07-09	41.56	42.425	41.14	42.09	249299
ROCK	2026-07-10	42.51	43.16	42.105	42.22	222914
ROCK	2026-07-13	42.17	42.94	41.08	41.29	212230
ROCK	2026-07-14	42.05	42.63	40.78	41.6	174489
ROCK	2026-07-15	41.75	44.275	41.465	44.205	332333
ROCK	2026-07-16	43.83	46.33	43.83	44.89	421057
ROCK	2026-07-17	44.34	45.74	43.09	43.18	296503
ROCK	2026-07-20	43.14	43.66	42.16	43.59	304088
ROCK	2026-07-21	43.75	44.315	43.11	43.59	313290
ROCK	2026-07-22	43.95	44.7799	43.38	44.46	223512
ROCK	2026-07-23	43.78	44.685	43.65	44.38	334737
ROCK	2026-07-24	44.51	45.67	44.07	45.19	227423
ROCK	2026-07-27	45.74	46.69	45.3	45.91	262153
ROCK	2026-07-28	46.18	47.53	45.945	46.73	373445
ROCK	2026-07-29	46.1	46.815	42.2501	43.1	492410
ROCK	2026-07-30	43.96	44.17	42.71	42.87	331611
ROCK	2026-07-31	43.14	43.63	42.04	42.26	666880
ROCK	2026-08-03	43.27	46.54	43.225	46.25	358222
ROCK	2026-08-04	46.69	48.27	46.355	48.06	388526
ROCK	2026-08-05	51.98	57.58	50.77	54.86	745359
ROCK	2026-08-06	54.13	54.64	50.18	50.78	673576
ROCK	2026-08-07	51	52.47	50.14	50.23	250731
ROCK	2026-08-10	49.54	50.6213	48	48.86	320865
ROCK	2026-08-11	48.83	50.4099	47.4464	49.77	179934
ROCK	2026-08-12	49.77	50.38	48.44	49.1	515112
ROCK	2026-08-13	49.48	50.1	48.53	48.93	159401
ROCK	2026-08-14	48.67	48.67	47.4773	47.88	172400
ROCK	2026-08-17	47.87	47.87	46.91	47.53	205870
ROCK	2026-08-18	47.46	47.46	46.34	46.41	153200
ROCK	2026-08-19	47.28	48.74	47.05	47.85	189593
ROCK	2026-08-20	46.7	47.18	45.5	46.39	186659
ROCK	2026-08-21	47.14	47.66	46.435	46.48	278287
ROCK	2026-08-24	46.78	47.5	46.16	46.27	171868
RPC	2026-05-01	8.02	8.12	7.83	8.06	372837
RPC	2026-05-04	8.02	8.22	7.95	8.03	296428
RPC	2026-05-05	7.99	8.32	7.85	8.24	390114
RPC	2026-05-06	8.34	8.424	8.175	8.21	358354
RPC	2026-05-07	8.46	8.88	8.28	8.46	437956
RPC	2026-05-08	8.46	8.78	8.4314	8.75	332465
RPC	2026-05-11	8.79	8.79	8.37	8.42	511669
RPC	2026-05-12	8.38	8.6	8.27	8.55	494933
RPC	2026-05-13	8.41	8.435	8.25	8.34	522462
RPC	2026-05-14	8.46	8.7	8.3533	8.52	347593
RPC	2026-05-15	8.41	8.41	8.23	8.26	418677
RPC	2026-05-18	8.29	8.45	8.1801	8.33	341336
RPC	2026-05-19	8.3	8.365	8.14	8.25	339577
RPC	2026-05-20	8.24	8.265	8.08	8.15	424883
RPC	2026-05-21	8.1	8.3472	8.02	8.32	345053
RPC	2026-05-22	8.36	8.475	8.26	8.28	349782
RPC	2026-05-26	8.31	8.55	8.23	8.5	365811
RPC	2026-05-27	8.54	8.645	8.43	8.44	305391
RPC	2026-05-28	8.42	8.45	8.32	8.37	289760
RPC	2026-05-29	8.29	8.44	8.27	8.28	351408
RPC	2026-06-01	8.28	8.46	8.1775	8.37	406822
RPC	2026-06-02	8.27	8.4	8.15	8.2	295790
RPC	2026-06-03	8.08	8.08	7.635	7.74	507840
RPC	2026-06-04	7.9	8.17	7.89	8.14	319742
RPC	2026-06-05	8.14	8.2	7.945	8.07	268913
RPC	2026-06-08	8.12	8.25	8.06	8.14	343468
RPC	2026-06-09	8.7	8.7	8.19	8.27	345959
RPC	2026-06-10	8.28	8.43	8.18	8.27	308523
RPC	2026-06-11	8.25	8.8	8.03	8.18	282113
RPC	2026-06-12	8.28	8.58	8.27	8.28	254755
RPC	2026-06-15	8.44	8.53	8.33	8.42	441424
RPC	2026-06-16	8.52	8.59	8.33	8.37	328457
RPC	2026-06-17	8.38	8.55	8.2	8.2	336600
RPC	2026-06-18	8.23	8.34	8.06	8.15	649680
RPC	2026-06-22	8.14	8.285	8.03	8.03	429037
RPC	2026-06-23	7.96	8.05	7.5	7.74	503853
RPC	2026-06-24	7.67	7.72	7.47	7.54	491766
RPC	2026-06-25	7.67	7.775	7.46	7.6	409189
RPC	2026-06-26	7.64	7.85	7.6	7.75	1211199
RPC	2026-06-29	7.8	7.8	7.49	7.6	432816
RPC	2026-06-30	7.65	7.95	7.6	7.87	430828
RPC	2026-07-01	7.94	8.08	7.855	7.86	452912
RPC	2026-07-02	7.99	8.1	7.825	7.83	433979
RPC	2026-07-06	7.88	8.05	7.68	7.84	364203
RPC	2026-07-07	7.88	7.9429	7.68	7.69	437305
RPC	2026-07-08	7.6	7.65	7.42	7.43	555600
RPC	2026-07-09	7.34	7.71	7.3	7.66	540136
RPC	2026-07-10	7.72	8.06	7.71	8	601780
RPC	2026-07-13	8	8.055	7.67	7.78	362278
RPC	2026-07-14	7.76	8.125	7.745	8	432752
RPC	2026-07-15	8.19	8.49	8.17	8.46	586376
RPC	2026-07-16	8.51	8.75	8.42	8.64	625636
RPC	2026-07-17	8.46	8.88	8.46	8.76	791972
RPC	2026-07-20	8.75	8.75	8.44	8.58	347746
RPC	2026-07-21	8.72	8.92	8.57	8.82	640674
RPC	2026-07-22	8.74	8.79	8.3	8.31	572486
RPC	2026-07-23	8.26	8.37	8.13	8.32	538606
RPC	2026-07-24	8.39	8.47	8.26	8.42	310884
RPC	2026-07-27	8.65	8.79	8.58	8.7	521383
RPC	2026-07-28	8.68	8.95	8.52	8.82	425346
RPC	2026-07-29	8.78	8.82	8.37	8.41	477289
RPC	2026-07-30	8.42	8.565	8.22	8.55	354242
RPC	2026-07-31	8.55	8.65	8.42	8.62	478097
RPC	2026-08-03	8.77	9.225	8.77	9.13	426016
RPC	2026-08-04	9.21	9.36	9.03	9.04	770857
RPC	2026-08-05	9.43	9.51	8.82	8.89	601583
RPC	2026-08-06	8.93	9.05	8.77	8.79	488427
RPC	2026-08-07	8.84	9.06	8.54	8.99	712986
RPC	2026-08-10	8.89	8.94	8.48	8.61	567983
RPC	2026-08-11	8.67	9.08	8.67	8.85	1099914
RPC	2026-08-12	8.93	9.01	8.63	8.82	480649
RPC	2026-08-13	8.93	9.13	8.855	8.96	906994
RPC	2026-08-14	8.93	8.966	8.64	8.67	1113635
RPC	2026-08-17	8.61	8.935	8.3921	8.53	696187
RPC	2026-08-18	8.51	8.59	8.321	8.52	335975
RPC	2026-08-19	8.58	8.76	8.5	8.7	437505
RPC	2026-08-20	8.68	8.71	8.54	8.63	383962
RPC	2026-08-21	8.73	8.95	8.71	8.76	763811
RPC	2026-08-24	8.76	9.02	8.74	8.89	347389
RPD	2026-05-01	6.08	6.41	6.015	6.35	2922205
RPD	2026-05-04	6.35	6.745	6.33	6.49	2196416
RPD	2026-05-05	6.55	6.855	6.501	6.68	2829276
RPD	2026-05-06	6.755	7	6.515	6.57	3492457
RPD	2026-05-07	6.85	7.04	6.52	6.71	2002693
RPD	2026-05-08	6.6	7.0199	6.34	6.9	2314691
RPD	2026-05-11	6.78	6.9	6.205	6.37	2244892
RPD	2026-05-12	6.57	6.65	6.345	6.57	1748359
RPD	2026-05-13	6.43	6.43	6.05	6.18	1710235
RPD	2026-05-14	6.1	6.38	6.01	6.23	1427893
RPD	2026-05-15	6.3	6.575	6.25	6.5	1253082
RPD	2026-05-18	6.38	6.855	6.22	6.73	2220075
RPD	2026-05-19	6.705	7.2242	6.68	6.96	2550054
RPD	2026-05-20	6.77	7.32	6.6	7.31	2387946
RPD	2026-05-21	7.19	7.2	6.85	7.08	2258716
RPD	2026-05-22	7.09	7.45	7.09	7.27	1733411
RPD	2026-05-26	7.21	7.485	7.085	7.19	1913154
RPD	2026-05-27	7.03	7.23	6.965	7.04	1540280
RPD	2026-05-28	7.13	7.495	7.015	7.44	1502381
RPD	2026-05-29	7.5	8.525	7.5	8.38	4527763
RPD	2026-06-01	8.52	8.96	8.335	8.74	2839954
RPD	2026-06-02	8.1	8.435	7.9801	8.43	2415106
RPD	2026-06-03	8.16	8.23	7.56	7.665	2315710
RPD	2026-06-04	7.89	7.97	7.608	7.79	1511830
RPD	2026-06-05	7.79	7.95	7.345	7.51	1622543
RPD	2026-06-08	7.41	7.6	7.32	7.34	1154374
RPD	2026-06-09	7.17	7.35	6.74	7.1	1579347
RPD	2026-06-10	6.99	7.29	6.9201	7.21	1273483
RPD	2026-06-11	7.02	7.29	6.82	7.13	1552344
RPD	2026-06-12	7.11	7.315	6.91	7.14	1278605
RPD	2026-06-15	7.4	7.54	7.1	7.17	1908596
RPD	2026-06-16	7.12	7.3599	6.885	6.93	1649845
RPD	2026-06-17	6.83	7.115	6.6803	6.77	2041033
RPD	2026-06-18	6.77	6.86	6.45	6.73	4045753
RPD	2026-06-22	6.62	6.804	6.28	6.34	2156143
RPD	2026-06-23	6.35	6.855	6.35	6.73	2437804
RPD	2026-06-24	6.73	7.09	6.705	7.08	1468458
RPD	2026-06-25	6.94	7.23	6.89	7.07	1165016
RPD	2026-06-26	7.04	7.73	6.89	7.61	4979915
RPD	2026-06-29	7.77	8.05	7.7	7.82	1940380
RPD	2026-06-30	7.71	8.145	7.63	8.1	1650131
RPD	2026-07-01	8.35	9.17	8.35	8.97	3624374
RPD	2026-07-02	9	9.515	8.945	9.29	2464966
RPD	2026-07-06	9.03	10.58	9.03	10.5	3814805
RPD	2026-07-07	10.52	11.865	10.33	11.2	6915565
RPD	2026-07-08	10.722	11.5393	10.722	11.48	4100858
RPD	2026-07-09	11.02	11.465	10.63	11.41	2758183
RPD	2026-07-10	11.65	11.808	11.07	11.17	2549279
RPD	2026-07-13	11.32	12	11.21	11.92	3339049
RPD	2026-07-14	11.32	13.305	11.1501	12.97	3624080
RPD	2026-07-15	13.1	13.75	12.2	12.25	2689097
RPD	2026-07-16	12.61	12.65	12.04	12.17	2079341
RPD	2026-07-17	11.94	12.62	11.92	12.2	1911912
RPD	2026-07-20	12.085	12.41	11.89	11.95	2554362
RPD	2026-07-21	11.16	11.465	10.16	10.61	3497417
RPD	2026-07-22	10.68	11.025	9.591	9.91	2868004
RPD	2026-07-23	10.05	10.19	9.54	9.56	1884234
RPD	2026-07-24	9.71	9.8499	9.39	9.49	1348573
RPD	2026-07-27	9.635	10.02	9.469	9.62	2631562
RPD	2026-07-28	9.71	10.155	9.55	9.61	2573314
RPD	2026-07-29	9.7	9.97	9.285	9.39	2977417
RPD	2026-07-30	9.09	9.545	8.675	9.48	2427943
RPD	2026-07-31	9.33	9.855	9.32	9.65	1345547
RPD	2026-08-03	9.98	10.33	9.92	10.18	1460596
RPD	2026-08-04	10.14	10.815	10.11	10.78	2595107
RPD	2026-08-05	10.96	11.355	10.64	10.86	2509924
RPD	2026-08-06	10.404	10.745	10.0604	10.38	2130310
RPD	2026-08-07	10.67	11.595	10.47	11.57	2071301
RPD	2026-08-10	11.4	11.83	11.2501	11.61	3284952
RPD	2026-08-11	12.825	14.795	12.76	13.38	6835029
RPD	2026-08-12	13	13.18	11.6901	12.27	3073885
RPD	2026-08-13	12.4	13.82	12.18	13.78	2149054
RPD	2026-08-14	13.78	13.9	12.715	13	1698294
RPD	2026-08-17	12.86	12.861	12.26	12.37	1615925
RPD	2026-08-18	12.49	12.9299	12.465	12.59	2071475
RPD	2026-08-19	12.59	12.89	11.892	12.205	1019058
RPD	2026-08-20	12.1	12.43	11.72	11.845	1424132
RPD	2026-08-21	11.79	11.9	11.345	11.85	1556624
RPD	2026-08-24	11.97	12.26	11.7335	12.19	1419964
RRGB	2026-05-01	3.572	3.75	3.53	3.7	246910
RRGB	2026-05-04	3.68	3.75	3.43	3.58	265251
RRGB	2026-05-05	3.6	3.74	3.5088	3.53	84344
RRGB	2026-05-06	3.62	3.78	3.6131	3.69	183873
RRGB	2026-05-07	3.7	3.74	3.6	3.67	149353
RRGB	2026-05-08	3.71	3.8099	3.625	3.73	163674
RRGB	2026-05-11	3.73	3.73	3.49	3.59	299128
RRGB	2026-05-12	3.56	3.66	3.51	3.65	183537
RRGB	2026-05-13	3.59	3.8899	3.56	3.77	304173
RRGB	2026-05-14	3.82	4.04	3.7415	4	484452
RRGB	2026-05-15	3.88	3.94	3.675	3.77	317945
RRGB	2026-05-18	3.87	3.87	3.69	3.75	290445
RRGB	2026-05-19	3.76	3.96	3.57	3.85	2729673
RRGB	2026-05-20	4.23	4.88	3.58	4.55	3746201
RRGB	2026-05-21	4.51	4.755	4.08	4.66	664153
RRGB	2026-05-22	4.65	4.94	4.5	4.56	389258
RRGB	2026-05-26	4.6	4.65	4.49	4.5	309982
RRGB	2026-05-27	4.46	4.69	4.45	4.5	145263
RRGB	2026-05-28	4.48	4.92	4.46	4.81	297170
RRGB	2026-05-29	4.78	5.22	4.775	5.06	475434
RRGB	2026-06-01	5.03	5.25	4.87	5.16	449389
RRGB	2026-06-02	5.17	5.17	4.7626	4.78	215529
RRGB	2026-06-03	4.75	4.79	4.38	4.41	247439
RRGB	2026-06-04	4.44	4.46	4.31	4.43	243107
RRGB	2026-06-05	4.39	4.4999	4.235	4.37	146490
RRGB	2026-06-08	4.46	4.519	4.3101	4.38	106342
RRGB	2026-06-09	4.4	4.7	4.35	4.55	168991
RRGB	2026-06-10	4.48	4.81	4.48	4.53	246423
RRGB	2026-06-11	4.58	4.755	4.45	4.73	160218
RRGB	2026-06-12	4.79	5.26	4.78	5.1	423316
RRGB	2026-06-15	5.24	5.29	4.885	4.92	239781
RRGB	2026-06-16	5.04	6.1	5.04	6.05	1091253
RRGB	2026-06-17	6.05	6.47	5.95	6.31	611351
RRGB	2026-06-18	6.4	6.51	6.17	6.26	413721
RRGB	2026-06-22	6.04	6.455	5.64	5.68	346666
RRGB	2026-06-23	5.59	5.99	5.59	5.9	426925
RRGB	2026-06-24	5.94	6.68	5.94	6.62	400897
RRGB	2026-06-25	6.62	6.88	6.58	6.76	290939
RRGB	2026-06-26	6.7	7.55	6.5303	7.49	686419
RRGB	2026-06-29	7.4	7.79	7.17	7.77	534241
RRGB	2026-06-30	7.74	8.26	7.565	7.99	524601
RRGB	2026-07-01	7.94	7.9889	7.59	7.73	284849
RRGB	2026-07-02	7.805	7.805	6.9	7.15	362440
RRGB	2026-07-06	7.15	7.27	6.8501	6.98	171496
RRGB	2026-07-07	6.9	7.09	6.59	6.6	244175
RRGB	2026-07-08	6.5	6.7	6.25	6.57	202115
RRGB	2026-07-09	6.3859	6.95	6.3859	6.8	163295
RRGB	2026-07-10	6.8	7.14	6.79	6.99	155677
RRGB	2026-07-13	6.99	7.35	6.82	6.91	175886
RRGB	2026-07-14	6.96	7.06	6.81	7.06	99589
RRGB	2026-07-15	7.06	7.3599	7.03	7.03	140544
RRGB	2026-07-16	6.99	7.18	6.96	7.02	68960
RRGB	2026-07-17	6.68	7.14	6.26	7.01	79520
RRGB	2026-07-20	6.99	7.2	6.9	6.97	103063
RRGB	2026-07-21	6.97	7.31	6.9	7.27	118882
RRGB	2026-07-22	7.18	7.315	6.9	7.07	160913
RRGB	2026-07-23	6.92	7.14	6.83	7.13	104730
RRGB	2026-07-24	7.13	7.58	6.93	7.22	168404
RRGB	2026-07-27	7.32	7.63	7.14	7.33	77851
RRGB	2026-07-28	7.38	7.59	7.2	7.52	91079
RRGB	2026-07-29	7.51	7.7499	7.41	7.5	194039
RRGB	2026-07-30	7.53	7.86	7.4	7.81	211783
RRGB	2026-07-31	7.81	7.86	7.39	7.84	170524
RRGB	2026-08-03	7.87	8.17	7.79	8.09	283820
RRGB	2026-08-04	8.12	8.33	7.945	8.03	792066
RRGB	2026-08-05	8.07	8.27	7.945	8.17	215208
RRGB	2026-08-06	8.16	8.46	7.96	8.44	268765
RRGB	2026-08-07	8.39	8.49	8.1489	8.2	147996
RRGB	2026-08-10	8.2	8.33	7.92	8.11	207157
RRGB	2026-08-11	8.13	8.155	7.75	7.83	213367
RRGB	2026-08-12	7.95	8.48	7.9	8.16	437150
RRGB	2026-08-13	8.5	10.95	8.49	9.9	2142034
RRGB	2026-08-14	9.82	10.415	9.2	10.14	860218
RRGB	2026-08-17	10.14	10.705	9.98	10.59	574864
RRGB	2026-08-18	10.45	10.7	10.08	10.21	508863
RRGB	2026-08-19	10.23	10.27	9.47	9.51	347808
RRGB	2026-08-20	9.33	9.65	9.19	9.42	277394
RRGB	2026-08-21	9.5	10	9.21	9.99	264056
RRGB	2026-08-24	9.98	10.56	9.85	10.13	450506
RUM	2026-05-01	7.57	7.67	7.2	7.34	3063251
RUM	2026-05-04	7.28	7.585	6.98	7.1	2858467
RUM	2026-05-05	7.25	7.39	7.012	7.31	2025751
RUM	2026-05-06	7.35	8.065	7.25	8.05	3780231
RUM	2026-05-07	7.96	7.98	7.38	7.47	2413926
RUM	2026-05-08	7.47	8.655	7.38	8.32	6595800
RUM	2026-05-11	8.087	8.305	7.65	8.16	3068583
RUM	2026-05-12	7.99	8.085	7.77	7.92	2082594
RUM	2026-05-13	7.86	8.42	7.7625	8.32	3345911
RUM	2026-05-14	8.1	8.52	7.57	8.17	4692074
RUM	2026-05-15	7.245	7.75	6.91	7.205	3867588
RUM	2026-05-18	7.21	7.6	7.06	7.5	2539289
RUM	2026-05-19	7.44	7.47	7.03	7.07	2419285
RUM	2026-05-20	7.01	7.4399	6.82	7.37	2219959
RUM	2026-05-21	7.27	8.21	7.24	8.06	2860341
RUM	2026-05-22	8.02	8.49	8	8.2	3046244
RUM	2026-05-26	8.2	9.245	8.2	8.91	4791512
RUM	2026-05-27	8.9	9.79	8.83	9.75	4740515
RUM	2026-05-28	9.62	9.85	9.325	9.46	2833399
RUM	2026-05-29	9.4	9.4	8.81	9.19	2932036
RUM	2026-06-01	9.19	9.785	9.03	9.57	2567788
RUM	2026-06-02	9.4	9.7	8.97	8.97	2268222
RUM	2026-06-03	8.82	8.82	8.325	8.33	2411106
RUM	2026-06-04	9.43	10.54	8.165	8.18	13362349
RUM	2026-06-05	7.912	8.1399	7.35	7.58	4888541
RUM	2026-06-08	7.7	8.3181	7.61	7.87	2677730
RUM	2026-06-09	7.93	8.06	7.14	7.49	3165923
RUM	2026-06-10	7.33	7.5733	6.96	7	2225208
RUM	2026-06-11	7	7.55	6.765	7.54	4416223
RUM	2026-06-12	7.57	7.57	7.15	7.16	2098551
RUM	2026-06-15	7.49	7.92	7.38	7.75	2757429
RUM	2026-06-16	7.7	7.77	7.25	7.39	2270290
RUM	2026-06-17	7.37	7.725	7.26	7.29	2329857
RUM	2026-06-18	8.46	8.71	7.17	7.36	11452203
RUM	2026-06-22	7.21	7.765	6.79	6.8	5216977
RUM	2026-06-23	6.58	6.94	6.5	6.73	3184571
RUM	2026-06-24	6.7	6.7399	6.055	6.2	4446566
RUM	2026-06-25	6.18	6.26	5.83	6.24	4302468
RUM	2026-06-26	6.1	6.38	5.97	6.32	7744564
RUM	2026-06-29	6.405	6.585	6.03	6.19	3346546
RUM	2026-06-30	6.2	6.505	6.08	6.34	3283084
RUM	2026-07-01	6.28	6.49	6.17	6.28	2947877
RUM	2026-07-02	6.355	6.61	6.005	6.16	3190971
RUM	2026-07-06	6.19	6.585	6.18	6.51	3352208
RUM	2026-07-07	6.49	6.54	6.15	6.19	1853021
RUM	2026-07-08	6.1	6.3	6.04	6.28	1961223
RUM	2026-07-09	6.225	6.38	6.225	6.38	1410896
RUM	2026-07-10	6.44	6.58	6.11	6.13	1909951
RUM	2026-07-13	6.11	6.15	5.78	5.93	3434209
RUM	2026-07-14	5.94	6.08	5.84	5.99	1879438
RUM	2026-07-15	6.1	6.22	5.9	6.09	2009957
RUM	2026-07-16	5.97	6.05	5.56	5.72	2397842
RUM	2026-07-17	5.5	5.855	5.47	5.76	2027427
RUM	2026-07-20	5.77	5.95	5.72	5.83	1727738
RUM	2026-07-21	5.83	6.238946	5.83	6.17	2599436
RUM	2026-07-22	6.16	6.29	6.04	6.15	1840909
RUM	2026-07-23	5.92	6.09	5.9	5.99	2183497
RUM	2026-07-24	6.03	6.03	5.7	5.71	1396699
RUM	2026-07-27	5.84	6.07	5.785	6.04	1658317
RUM	2026-07-28	5.93	6.11	5.87	6.03	1913944
RUM	2026-07-29	5.95	6.04	5.65	5.66	1959559
RUM	2026-07-30	5.75	6.04	5.74	5.9	2167967
RUM	2026-07-31	6.02	6.24	5.77	5.84	3406107
RUM	2026-08-03	5.88	6.34	5.8	6.19	2514554
RUM	2026-08-04	6.3	6.495	6.23	6.43	2171630
RUM	2026-08-05	6.36	6.435	6.185	6.19	1642729
RUM	2026-08-06	6.09	6.29	6.09	6.2	1231062
RUM	2026-08-07	6.3	6.48	6.24	6.385	2051473
RUM	2026-08-10	6.39	6.53	6.175	6.21	3409642
RUM	2026-08-11	6	7.03	5.98	6.92	6750744
RUM	2026-08-12	6.98	7.62	6.97	7.55	6702324
RUM	2026-08-13	7.52	8.55	7.511	7.54	10101680
RUM	2026-08-14	7.51	7.7	7.43	7.46	3512434
RUM	2026-08-17	7.43	8.41	7.362	8.24	5423832
RUM	2026-08-18	7.95	8.34	7.71	8.1	3126599
RUM	2026-08-19	8.13	8.62	8.0801	8.32	3000277
RUM	2026-08-20	8.3	8.445	8.11	8.43	2224119
RUM	2026-08-21	8.59	9.1188	8.412	9.05	3900995
RUM	2026-08-24	8.99	9.79	8.98	9.36	8262152
SBGI	2026-05-01	15.21	15.715	14.595	15.17	672560
SBGI	2026-05-04	14.95	15.13	14.4	14.75	674357
SBGI	2026-05-05	14.8	14.99	14.51	14.78	413616
SBGI	2026-05-06	15	15.22	14.83	14.83	338981
SBGI	2026-05-07	14.7	14.955	14.1	14.18	521861
SBGI	2026-05-08	14.18	14.5024	14.04	14.28	324890
SBGI	2026-05-11	14.48	14.93	14.23	14.27	493957
SBGI	2026-05-12	14.33	14.35	13.92	13.94	483837
SBGI	2026-05-13	13.9	14.12	13.77	14.04	359370
SBGI	2026-05-14	14.14	14.51	14.05	14.13	423414
SBGI	2026-05-15	14.09	14.345	13.84	14.01	377797
SBGI	2026-05-18	14.07	14.67	14.07	14.27	366470
SBGI	2026-05-19	14.17	14.39	13.5	13.55	649778
SBGI	2026-05-20	13.55	13.75	13.375	13.49	387971
SBGI	2026-05-21	13.535	13.71	13.26	13.62	434296
SBGI	2026-05-22	13.73	14.03	13.73	13.86	449935
SBGI	2026-05-26	13.71	13.845	13.45	13.72	443431
SBGI	2026-05-27	13.72	14.29	13.72	14.13	399131
SBGI	2026-05-28	14.01	14.31	13.93	14.3	288648
SBGI	2026-05-29	14.24	14.24	13.78	13.83	469910
SBGI	2026-06-01	13.83	14.31	13.79	14.14	355777
SBGI	2026-06-02	14.12	14.22	13.92	13.99	301344
SBGI	2026-06-03	13.93	13.95	13.39	13.53	483334
SBGI	2026-06-04	13.69	14.17	13.68	13.87	386117
SBGI	2026-06-05	13.97	14.17	13.74	13.85	348385
SBGI	2026-06-08	13.82	14.02	13.71	13.92	364701
SBGI	2026-06-09	14.15	14.36	13.925	14.08	443619
SBGI	2026-06-10	14.12	14.32	13.93	14.2	515166
SBGI	2026-06-11	14.25	14.565	14.07	14.45	368870
SBGI	2026-06-12	14.45	14.4941	13.98	14.05	277886
SBGI	2026-06-15	14.11	14.13	13.395	13.43	861179
SBGI	2026-06-16	13.42	13.77	13.285	13.76	531257
SBGI	2026-06-17	13.76	13.91	13.52	13.66	469665
SBGI	2026-06-18	13.82	13.98	13.54	13.67	811222
SBGI	2026-06-22	13.64	13.82	13.51	13.61	348603
SBGI	2026-06-23	13.59	13.99	13.59	13.97	339320
SBGI	2026-06-24	14.01	14.35	13.94	14.03	478976
SBGI	2026-06-25	14.04	14.06	12.89	12.94	629826
SBGI	2026-06-26	12.85	13.87	12.85	13.8	1730506
SBGI	2026-06-29	13.95	14.12	13.71	13.97	735354
SBGI	2026-06-30	13.95	14.38	13.7401	14.25	493683
SBGI	2026-07-01	14.36	15.28	14.2901	15.09	631000
SBGI	2026-07-02	15.09	15.48	14.9	15.42	607498
SBGI	2026-07-06	15.37	15.515	15.08	15.14	842481
SBGI	2026-07-07	15.21	15.54	14.695	14.78	484442
SBGI	2026-07-08	14.78	14.9	14.22	14.34	614308
SBGI	2026-07-09	14.22	14.73	13.96	14.54	731075
SBGI	2026-07-10	14.61	14.73	14.23	14.24	622754
SBGI	2026-07-13	14.4	14.64	14.24	14.25	510301
SBGI	2026-07-14	14.14	14.22	13.795	13.81	412052
SBGI	2026-07-15	13.95	14.97	13.93	14.36	674676
SBGI	2026-07-16	14.53	14.7	14.21	14.34	317128
SBGI	2026-07-17	14.17	14.42	13.77	13.82	363000
SBGI	2026-07-20	13.9	14.11	13.67	14.1	597854
SBGI	2026-07-21	13.97	14.13	13.74	13.82	650950
SBGI	2026-07-22	13.915	13.915	13.48	13.84	497176
SBGI	2026-07-23	13.64	13.7	13.125	13.37	450766
SBGI	2026-07-24	13.51	13.77	13.445	13.49	354365
SBGI	2026-07-27	13.57	13.93	13.475	13.49	391275
SBGI	2026-07-28	13.61	14.25	13.56	14.12	475383
SBGI	2026-07-29	14.2	14.4	14.11	14.2	452454
SBGI	2026-07-30	14.03	14.03	13.54	13.77	379014
SBGI	2026-07-31	13.65	13.78	13.45	13.74	336868
SBGI	2026-08-03	13.95	14.26	13.82	13.92	374767
SBGI	2026-08-04	13.92	14.16	13.91	13.99	431711
SBGI	2026-08-05	13.82	14.05	13.74	13.91	487767
SBGI	2026-08-06	14.51	16.3	14.21	14.76	1475357
SBGI	2026-08-07	14.73	14.99	14.15	14.2	1199743
SBGI	2026-08-10	14.2	14.85	13.67	13.76	817869
SBGI	2026-08-11	13.61	13.76	13.235	13.67	549729
SBGI	2026-08-12	13.67	13.985	13.52	13.88	344515
SBGI	2026-08-13	13.89	14.31	13.89	14.28	427097
SBGI	2026-08-14	14.34	14.9	14.29	14.84	405397
SBGI	2026-08-17	14.69	14.73	14.145	14.25	575527
SBGI	2026-08-18	14.41	14.75	14.23	14.36	354565
SBGI	2026-08-19	14.48	14.77	14.27	14.58	281577
SBGI	2026-08-20	14.52	14.57	14.12	14.35	283307
SBGI	2026-08-21	14.43	14.54	14.25	14.41	495326
SBGI	2026-08-24	14.41	14.7	14.38	14.51	228271
SDGR	2026-05-01	12.17	12.49	11.9	12.39	1003575
SDGR	2026-05-04	12.53	13.25	12.5249	12.9	1674819
SDGR	2026-05-05	12.78	13.02	12.54	12.87	1513589
SDGR	2026-05-06	12.18	12.98	11.56	12.98	2561316
SDGR	2026-05-07	13.18	13.42	12.795	13.28	1233168
SDGR	2026-05-08	13.102	13.21	12.602	13.13	1775809
SDGR	2026-05-11	12.98	13.37	12.625	12.72	1923040
SDGR	2026-05-12	12.72	12.885	12.525	12.69	1019907
SDGR	2026-05-13	12.58	12.865	12.55	12.75	1152782
SDGR	2026-05-14	12.75	13.17	12.33	12.62	1061236
SDGR	2026-05-15	12.51	12.64	11.895	11.95	1180285
SDGR	2026-05-18	11.92	12.35	11.92	12.05	1171378
SDGR	2026-05-19	12.085	12.19	11.7501	11.99	937528
SDGR	2026-05-20	11.98	12.35	11.82	12.32	1319019
SDGR	2026-05-21	12.25	13.32	12.18	13.23	1550727
SDGR	2026-05-22	13.27	13.65	13.12	13.3	1322578
SDGR	2026-05-26	13.23	13.485	13.09	13.15	1019170
SDGR	2026-05-27	13.07	13.83	13.07	13.24	1021945
SDGR	2026-05-28	13.18	14.23	13.0509	14.16	1231390
SDGR	2026-05-29	14.16	15.44	13.94	15.2	2337321
SDGR	2026-06-01	15.23	16.09	14.8115	15.8	2242791
SDGR	2026-06-02	15.35	15.536	14.88	14.94	1229990
SDGR	2026-06-03	14.6	14.99	14.412	14.93	1604665
SDGR	2026-06-04	15.01	16.47	14.85	15.85	2474277
SDGR	2026-06-05	15.85	15.85	14.2349	14.38	1347493
SDGR	2026-06-08	14.515	14.73	14.275	14.4	865735
SDGR	2026-06-09	14.23	15.04	14.0903	14.52	927966
SDGR	2026-06-10	14.37	14.665	14.03	14.15	961594
SDGR	2026-06-11	14.19	14.66	13.9	14.6	919176
SDGR	2026-06-12	14.71	14.88	14.195	14.45	863439
SDGR	2026-06-15	14.77	15.075	14.455	14.6	1046715
SDGR	2026-06-16	14.69	15.22	14.52	14.93	1188865
SDGR	2026-06-17	14.885	16.3	14.75	15.53	1484099
SDGR	2026-06-18	15.78	16.0415	15.39	15.76	1555036
SDGR	2026-06-22	15.71	15.99	15.085	15.23	953312
SDGR	2026-06-23	14.98	15.71	14.924	15.04	1161280
SDGR	2026-06-24	15.14	15.845	15.0807	15.33	881272
SDGR	2026-06-25	15.36	16.47	15.09	16.14	1751900
SDGR	2026-06-26	16.05	17.8	16.01	16.86	3916565
SDGR	2026-06-29	17.03	17.65	16.86	17.39	1951567
SDGR	2026-06-30	17.14	17.82	15.94	16.25	2672280
SDGR	2026-07-01	16.42	17.065	15.87	16.39	2049930
SDGR	2026-07-02	16.63	17.625	16.545	16.88	1507566
SDGR	2026-07-06	16.71	17.47	16.21	17	982993
SDGR	2026-07-07	17	17.2232	16.3001	16.49	1081726
SDGR	2026-07-08	15.98	16.335	15.74	16.09	1032328
SDGR	2026-07-09	16.22	16.83	16.02	16.79	685410
SDGR	2026-07-10	16.91	16.91	15.93	16.49	1094978
SDGR	2026-07-13	16.4	16.9	16	16.41	781851
SDGR	2026-07-14	16.38	16.57	16	16.13	893486
SDGR	2026-07-15	16.16	16.645	16.0801	16.27	811381
SDGR	2026-07-16	16.22	16.39	15.2705	15.6	1279820
SDGR	2026-07-17	15.26	15.64	15.09	15.32	940146
SDGR	2026-07-20	15.15	15.3	14.96	15	940518
SDGR	2026-07-21	15.05	15.32	14.8	15.1	940711
SDGR	2026-07-22	15.19	15.19	14.6501	15.03	650751
SDGR	2026-07-23	14.85	15.4	14.85	15.13	711586
SDGR	2026-07-24	15.32	15.35	14.61	14.97	980489
SDGR	2026-07-27	15.2	15.5	15	15.28	642896
SDGR	2026-07-28	15.26	15.57	15.07	15.29	530386
SDGR	2026-07-29	15.145	15.45	14.94	15.12	658893
SDGR	2026-07-30	15.02	15.47	14.715	15.35	878553
SDGR	2026-07-31	15.34	15.52	14.8	15.14	1218111
SDGR	2026-08-03	15.14	15.51	14.91	15.28	982146
SDGR	2026-08-04	15.3	15.745	15.2	15.65	969893
SDGR	2026-08-05	15.75	16.485	15.5204	16.4	1707886
SDGR	2026-08-06	17.262	18.38	17.02	17.81	2739050
SDGR	2026-08-07	18.08	18.85	17.485	18.16	1370208
SDGR	2026-08-10	18.02	18.94	17.95	18.77	1201103
SDGR	2026-08-11	18.765	19.24	18.5973	18.65	1433510
SDGR	2026-08-12	18.6	18.73	18.21	18.63	1313709
SDGR	2026-08-13	18.56	18.84	18.32	18.46	920152
SDGR	2026-08-14	18.46	18.495	17.58	17.59	947096
SDGR	2026-08-17	17.36	17.6	17.16	17.4	650230
SDGR	2026-08-18	17.31	17.715	17.17	17.67	836813
SDGR	2026-08-19	18.12	19.92	18.12	19.85	1875462
SDGR	2026-08-20	19.57	20.13	19.3112	19.58	995063
SDGR	2026-08-21	19.825	20.48	19.5101	19.71	1094186
SDGR	2026-08-24	19.61	19.61	18.7	18.77	970062
SDOT	2026-05-01	14.302	14.302	9	9.4	560514
SDOT	2026-05-04	7.072	7.072	4.84	5.178	1608962
SDOT	2026-05-05	11.344	12.7018	9.2	9.9	26012252
SDOT	2026-05-06	8.116	8.14	6	8.14	886359
SDOT	2026-05-07	5.744	6.952	5.276	6.782	317950
SDOT	2026-05-08	6.6	7	6	6.68	180526
SDOT	2026-05-11	6	6.032	5.24	5.686	131661
SDOT	2026-05-12	5.2	5.432	5.066	5.304	74709
SDOT	2026-05-13	4.922	4.922	4	4.304	130480
SDOT	2026-05-14	4.2	4.286	3.8	3.99	98118
SDOT	2026-05-15	3.806	3.874	3.64	3.874	45312
SDOT	2026-05-18	3.792	3.888	3.54	3.888	144336
SDOT	2026-05-19	3.834	3.896	3.504	3.656	72569
SDOT	2026-05-20	3.628	3.628	3.262	3.554	60281
SDOT	2026-05-21	3.572	3.628	3.38	3.622	31146
SDOT	2026-05-22	3.12	3.34	3	3.204	135694
SDOT	2026-05-26	2.988	3.132	2.88	2.886	73678
SDOT	2026-05-27	3.25	3.4779	2.84	2.87	202210
SDOT	2026-05-28	2.8	3.4095	2.63	3.19	406657
SDOT	2026-05-29	3.22	3.3	2.7	2.73	305809
SDOT	2026-06-01	2.82	3.43	2.78	3.1	1960158
SDOT	2026-06-02	3	3.3	2.8121	3.28	187765
SDOT	2026-06-03	6.08	9.46	5.45	6.75	51915258
SDOT	2026-06-04	6.3	14.62	5.88	11.37	9198769
SDOT	2026-06-05	11.31	16.5499	8.75	12.14	3772654
SDOT	2026-06-08	14.3	23.89	14.3	20.53	4541590
SDOT	2026-06-09	18.13	20.9	11.3	13.5	612969
SDOT	2026-06-10	14.31	36.5	14.19	28.11	3460435
SDOT	2026-06-11	26.75	39.86	20.51	24.58	870716
SDOT	2026-06-12	24.83	27.89	16.2	16.21	266804
SDOT	2026-06-15	22.25	26.93	20	23.47	1016636
SDOT	2026-06-16	23.01	23.86	8.67	8.67	621578
SDOT	2026-06-17	11	20.6	11	17.18	2999078
SDOT	2026-06-18	16.17	16.95	14.0379	16.18	230989
SDOT	2026-06-22	14.54	15.5177	4.82	9.25	852180
SDOT	2026-06-23	8.39	13.3	8.372	10.095	706786
SDOT	2026-06-24	9.8	10.005	5.95	7.25	405003
SDOT	2026-06-25	7.33	7.7	6.18	6.18	214004
SDOT	2026-06-26	11.5	22.75	9.81	21.45	44150291
SDOT	2026-06-29	20.67	44.7	17.5844	35.85	9918171
SDOT	2026-06-30	37.52	53	32.0101	35.09	5143618
SDOT	2026-07-01	44.7	89.46	40.37	72	6661175
SDOT	2026-07-02	88.99	106	44	50.55	2697586
SDOT	2026-07-06	61.02	62.795	40.91	48.79	1153647
SDOT	2026-07-07	44.02	55.88	37.202	40	762924
SDOT	2026-07-08	33.02	38	11	20.31	3690499
SDOT	2026-07-09	25.25	35.7	23.6023	26.71	6347107
SDOT	2026-07-10	22.54	23.9	20.5101	23.47	751336
SDOT	2026-07-13	19.77	20.7599	17.01	18.02	505457
SDOT	2026-07-14	18.14	21.4732	15.5001	16.39	525589
SDOT	2026-07-15	15.99	17.1699	14.7501	15.25	271653
SDOT	2026-07-16	13.5	18.68	13.21	14.25	642931
SDOT	2026-07-17	21.94	30.97	19.4	25.3	23733113
SDOT	2026-07-20	32.38	35.5	23.23	26.14	6560921
SDOT	2026-07-21	24.799	24.799	20.09	21.86	1079630
SDOT	2026-07-22	19.51	22.5	19	20.28	463187
SDOT	2026-07-23	18.76	21.84	18.5	19.11	278230
SDOT	2026-07-24	17.1	18.97	17.1	17.52	166895
SDOT	2026-07-27	18.51	19.94	16.52	16.84	434057
SDOT	2026-07-28	15.75	16.485	14.46	14.96	563862
SDOT	2026-07-29	14.99	15.19	13.25	14.27	361975
SDOT	2026-07-30	13.3	14.06	12.99	14.04	214841
SDOT	2026-07-31	14	14.58	12.6201	13.25	257186
SDOT	2026-08-03	12.83	13.55	12.5	13.51	149009
SDOT	2026-08-04	13.04	15.47	13.04	13.6	213734
SDOT	2026-08-05	12.99	13.68	12.99	13.37	84840
SDOT	2026-08-06	13.1	13.36	12.39	12.7	58887
SDOT	2026-08-07	12.31	12.47	11.41	12.09	84393
SDOT	2026-08-10	11.84	13.83	11.8048	12.51	137459
SDOT	2026-08-11	12	12.4841	11.855	12.27	45890
SDOT	2026-08-12	12.02	12.245	11.54	11.62	82640
SDOT	2026-08-13	11.31	12	10.8	11.01	67900
SDOT	2026-08-14	10.98	11.8	10.68	11.74	77516
SDOT	2026-08-17	12	12.3799	9.9	10.57	315400
SDOT	2026-08-18	9.96	11.75	9.6101	10.15	148137
SDOT	2026-08-19	9.68	9.9899	8.5	8.72	144543
SDOT	2026-08-20	8.91	8.91	8.2	8.44	88323
SDOT	2026-08-21	8.24	19.9	8.2	13.18	19199694
SDOT	2026-08-24	21.52	31.5999	21.26	23.16	30042867
SEI	2026-05-01	73.23	74.73	72.19	72.33	2627847
SEI	2026-05-04	73	75.6	71.13	74.48	2162427
SEI	2026-05-05	75.17	77.53	74.5	75.68	2060004
SEI	2026-05-06	74.92	79.21	71.4	77.45	2542995
SEI	2026-05-07	76.5	76.5	71	73.07	2747121
SEI	2026-05-08	73.83	74.02	71.415	72.96	1659444
SEI	2026-05-11	73.55	75.5	72.94	74.66	1861032
SEI	2026-05-12	74.2	76.9	70.58	76.23	2296919
SEI	2026-05-13	77.22	78.84	73.6675	77.19	2505288
SEI	2026-05-14	77.22	79.06	75.955	78.27	1814394
SEI	2026-05-15	75.4	79.17	74.44	78.58	2657944
SEI	2026-05-18	78.75	78.8583	70.66	72.13	3959275
SEI	2026-05-19	70.29	73.5399	67.99	72.44	3979939
SEI	2026-05-20	74.13	75.84	71.22	71.45	2197229
SEI	2026-05-21	71.54	74.46	71.29	73.43	1726173
SEI	2026-05-22	74.5	76.16	72.89	74.27	1513836
SEI	2026-05-26	76.18	76.65	73.11	75.37	2018592
SEI	2026-05-27	74.54	75.68	71.3	71.49	2428082
SEI	2026-05-28	71.17	71.17	67.78	68.68	2669190
SEI	2026-05-29	68.11	69.75	65.56	69.54	3008114
SEI	2026-06-01	69.78	70	66.33	68.7	1992825
SEI	2026-06-02	69.47	73.12	69.04	71.92	2363887
SEI	2026-06-03	72.55	75.44	70.25	74.2	1496383
SEI	2026-06-04	72.68	77.48	71.2	76.31	2590820
SEI	2026-06-05	73.85	74.64	68.21	69.39	2691946
SEI	2026-06-08	72.23	74.95	70.66	72.21	1714925
SEI	2026-06-09	72.99	73.37	65.2	68.61	2588831
SEI	2026-06-10	67.13	70	66.11	68.24	1898338
SEI	2026-06-11	69.85	76.06	69.785	76.04	2043832
SEI	2026-06-12	77.51	78.57	73.76	74.01	1560371
SEI	2026-06-15	76	79.92	75.81	78.07	1954212
SEI	2026-06-16	78.84	79.58	75.93	76.15	1614192
SEI	2026-06-17	77.97	84.085	77.62	81.28	3037342
SEI	2026-06-18	85.06	86.19	80.5	82.88	3205513
SEI	2026-06-22	82.68	83.96	79.6224	82.17	2219889
SEI	2026-06-23	76.94	79.16	75.33	77.95	1929652
SEI	2026-06-24	76.48	78.08	73.532	75.98	1777294
SEI	2026-06-25	78.07	80.5	74.55	79.43	1690492
SEI	2026-06-26	77.18	78.2143	74.3011	76.8	4155287
SEI	2026-06-29	76.6	80.69	75.7	79.27	1343416
SEI	2026-06-30	80.2	81.1644	77.84	80.46	1428555
SEI	2026-07-01	78.815	80.04	72.78	73.42	2108585
SEI	2026-07-02	72.66	73.15	65.205	67.19	3937317
SEI	2026-07-06	71.36	74.54	65.775	67.47	2880131
SEI	2026-07-07	67.2	67.2	63.4	65.35	2490638
SEI	2026-07-08	65.62	67.89	63.2001	66.27	2302626
SEI	2026-07-09	68.4	69.55	67.35	68.26	1690431
SEI	2026-07-10	72	72.88	70.11	71.57	3702835
SEI	2026-07-13	70.09	71.83	66.74	67.15	3374180
SEI	2026-07-14	68.89	69.9	67.475	69.5	10444277
SEI	2026-07-15	68.98	69.67	63.77	67.1	3188781
SEI	2026-07-16	64.01	65.66	60	61.39	4548545
SEI	2026-07-17	59.01	62.45	56.96	60.28	3211536
SEI	2026-07-20	60.39	62	59.54	60.54	1958006
SEI	2026-07-21	63.2	66.66	60.985	65.17	2657685
SEI	2026-07-22	63.01	64.96	62.65	63.04	1543715
SEI	2026-07-23	61.98	64.3	60.16	60.38	2101463
SEI	2026-07-24	60.28	61.04	53.825	54.03	4257871
SEI	2026-07-27	55.53	56.665	51.56	52.59	4146609
SEI	2026-07-28	50.19	50.535	45.99	47.31	7197522
SEI	2026-07-29	47.33	48.13	42.675	43.42	5300417
SEI	2026-07-30	45.89	51.99	45.89	51.28	5877873
SEI	2026-07-31	53.34	54.97	50.79	51.41	3107837
SEI	2026-08-03	50.39	56.5	50.08	55.52	3931957
SEI	2026-08-04	57.2	59.41	55.65	57.92	4293611
SEI	2026-08-05	57.36	59.42	55.56	55.57	3397071
SEI	2026-08-06	58	61.89	54.18	57.01	3849608
SEI	2026-08-07	57.93	59.64	55.81	57.96	2291269
SEI	2026-08-10	59.93	61.57	58.57	58.6	2143978
SEI	2026-08-11	59.52	60.61	58.065	58.79	1906692
SEI	2026-08-12	61.73	63	60.7401	61.8	2071269
SEI	2026-08-13	61.4	62.5893	59.63	59.9	1611822
SEI	2026-08-14	60.5	63.65	59.06	63.3	1990044
SEI	2026-08-17	64.47	66.09	63.6	65.97	1719276
SEI	2026-08-18	63.46	64.59	61.48	61.94	2338741
SEI	2026-08-19	62.34	62.6231	55.8	58.8	3989517
SEI	2026-08-20	57.92	57.92	53	54.24	5109411
SEI	2026-08-21	55	56.18	53.14	53.28	3080370
SEI	2026-08-24	53	54.5	50.56	53.53	2432525
SGHT	2026-05-01	4.11	4.46	4.09	4.45	152219
SGHT	2026-05-04	4.39	4.43	4.125	4.22	191111
SGHT	2026-05-05	4.25	4.361	4.18	4.33	146624
SGHT	2026-05-06	4.37	4.37	4.15	4.3	184237
SGHT	2026-05-07	4.36	5.4	4.36	5.29	429490
SGHT	2026-05-08	5.39	5.6613	5.16	5.38	356028
SGHT	2026-05-11	5.12	5.545	5.12	5.31	251376
SGHT	2026-05-12	5.27	5.27	4.8	4.93	307565
SGHT	2026-05-13	4.85	4.96	4.71	4.9	131579
SGHT	2026-05-14	4.94	5.31	4.77	5.2	351712
SGHT	2026-05-15	5.17	5.23	4.81	4.98	200848
SGHT	2026-05-18	4.91	5.2	4.81	4.86	296451
SGHT	2026-05-19	4.82	4.91	4.705	4.72	108043
SGHT	2026-05-20	4.72	4.87	4.66	4.86	162204
SGHT	2026-05-21	4.8	5.17	4.67	5.14	164161
SGHT	2026-05-22	5.19	5.23	4.97	5.03	150607
SGHT	2026-05-26	5.08	5.17	4.845	4.99	180971
SGHT	2026-05-27	5.03	5.08	4.825	4.87	145782
SGHT	2026-05-28	4.93	5.07	4.8	5.06	119326
SGHT	2026-05-29	5.03	5.07	4.85	4.86	141352
SGHT	2026-06-01	4.8	4.935	4.43	4.54	158892
SGHT	2026-06-02	4.51	4.8925	4.29	4.34	163149
SGHT	2026-06-03	4.33	4.41	4.215	4.34	192660
SGHT	2026-06-04	4.39	4.64	4.39	4.6	105357
SGHT	2026-06-05	4.57	4.575	4.42	4.45	78315
SGHT	2026-06-08	4.53	4.64	4.4336	4.63	82337
SGHT	2026-06-09	4.66	5	4.66	4.85	144121
SGHT	2026-06-10	4.85	4.96	4.76	4.82	144332
SGHT	2026-06-11	4.92	4.92	4.67	4.79	81227
SGHT	2026-06-12	4.89	5.18	4.88	5.13	155416
SGHT	2026-06-15	5.23	5.3	4.95	5.02	87197
SGHT	2026-06-16	5.06	5.18	4.87	5.02	238551
SGHT	2026-06-17	5.01	5.2188	4.92	5.01	150006
SGHT	2026-06-18	5.12	5.33	5.07	5.28	281613
SGHT	2026-06-22	5.28	5.37	5.18	5.24	193858
SGHT	2026-06-23	5.17	5.465	4.975	5.41	109426
SGHT	2026-06-24	5.4	5.825	5.4	5.5	160560
SGHT	2026-06-25	5.53	5.865	5.44	5.46	262008
SGHT	2026-06-26	5.44	5.7	5.37	5.69	763999
SGHT	2026-06-29	5.69	5.89	5.42	5.84	306143
SGHT	2026-06-30	5.85	5.85	5.34	5.42	117710
SGHT	2026-07-01	5.39	5.6	5.25	5.44	209214
SGHT	2026-07-02	5.45	5.5	5.18	5.45	216363
SGHT	2026-07-06	5.44	5.615	5.37	5.48	188359
SGHT	2026-07-07	5.44	5.57	5.3	5.35	220653
SGHT	2026-07-08	5.31	5.47	5.2	5.35	210170
SGHT	2026-07-09	5.36	5.5	5.14	5.26	167529
SGHT	2026-07-10	5.26	5.37	5.15	5.32	123575
SGHT	2026-07-13	5.3	5.5	5.25	5.34	92164
SGHT	2026-07-14	5.4	5.4	5	5.05	104074
SGHT	2026-07-15	5.05	5.29	5.005	5.25	128284
SGHT	2026-07-16	5.25	5.48	5.115	5.2	124884
SGHT	2026-07-17	5.13	5.23	4.915	5.03	129776
SGHT	2026-07-20	5.02	5.235	5.015	5.04	82201
SGHT	2026-07-21	5.03	5.15	4.85	4.91	183844
SGHT	2026-07-22	4.89	5.055	4.72	5.03	403356
SGHT	2026-07-23	4.96	5	4.59	4.7	237272
SGHT	2026-07-24	4.76	4.94	4.41	4.91	145495
SGHT	2026-07-27	5	5.24	4.989	5.12	72722
SGHT	2026-07-28	5.19	5.36	4.91	5.3	132437
SGHT	2026-07-29	5.3	5.58	5.145	5.34	136275
SGHT	2026-07-30	5.33	5.46	5.24	5.26	82966
SGHT	2026-07-31	5.26	5.31	5.1	5.26	95735
SGHT	2026-08-03	5.35	5.65	5.05	5.53	178033
SGHT	2026-08-04	5.53	5.839	5.515	5.64	158088
SGHT	2026-08-05	5.77	5.77	5.25	5.55	454252
SGHT	2026-08-06	5.79	7.17	5.695	7.09	778181
SGHT	2026-08-07	7.24	7.6	7.03	7.47	374692
SGHT	2026-08-10	7.47	7.93	7.47	7.7	297623
SGHT	2026-08-11	7.76	8.11	7.65	7.75	321408
SGHT	2026-08-12	7.76	8.41	7.6051	8.28	487939
SGHT	2026-08-13	8.4	8.6	8.2343	8.32	306735
SGHT	2026-08-14	8.34	8.47	8.0901	8.14	332025
SGHT	2026-08-17	8.1	8.4	7.89	8.24	390288
SGHT	2026-08-18	8.23	8.45	8	8.22	300451
SGHT	2026-08-19	8.44	8.85	8.3349	8.47	464294
SGHT	2026-08-20	8.36	8.448	8.13	8.15	162739
SGHT	2026-08-21	8.25	8.35	8.05	8.26	180590
SGHT	2026-08-24	8.23	8.5	8.2	8.38	169658
SHOP	2026-05-01	123.62	127.92	123.3907	127.67	7761953
SHOP	2026-05-04	126.65	129.39	125.1	127.55	10930092
SHOP	2026-05-05	116.05	118.98	105.6	107.63	39579147
SHOP	2026-05-06	108.61	109.63	104.27	105.44	24283653
SHOP	2026-05-07	106.74	111.91	106.7	111.74	22022048
SHOP	2026-05-08	110.44	110.84	107.35	110.41	14387350
SHOP	2026-05-11	107.35	108.42	102.38	102.54	18406740
SHOP	2026-05-12	102.39	103.19	98.565	99.84	13673852
SHOP	2026-05-13	98.715	98.83	94.56	95.4	20171662
SHOP	2026-05-14	95.4	97.96	94	97.42	16162080
SHOP	2026-05-15	97.5	101.4499	96	100.28	15676304
SHOP	2026-05-18	99.2	103.33	98.7	102.39	9897336
SHOP	2026-05-19	102.97	104.9	100.72	101.01	10959494
SHOP	2026-05-20	100.19	105.12	99.231	105.01	8081530
SHOP	2026-05-21	103.24	106.42	101.655	104.86	7135497
SHOP	2026-05-22	105.81	107.85	102.98	103	10435089
SHOP	2026-05-26	103.23	105.1	102.32	104.9	7913386
SHOP	2026-05-27	103.98	109.1	103.825	106.6	8214844
SHOP	2026-05-28	107.185	115.25	106.96	115.03	14240836
SHOP	2026-05-29	116.382	119.84	113.45	118.71	11647965
SHOP	2026-06-01	120.25	124.625	119.055	124.12	10544579
SHOP	2026-06-02	120.455	121.53	115.535	117.01	9026501
SHOP	2026-06-03	114.61	115.26	112.5	112.94	7407634
SHOP	2026-06-04	115.875	117.77	114.3346	116.04	7038846
SHOP	2026-06-05	114.5	115.9	108.29	109.54	7948978
SHOP	2026-06-08	113.58	114.88	110.52	110.78	6946492
SHOP	2026-06-09	111	116.96	107.19	110.42	7805706
SHOP	2026-06-10	108.6	110.25	106.4	108.2	7306311
SHOP	2026-06-11	106.9	110.57	104.11	110.47	8020801
SHOP	2026-06-12	110.1	111.03	106.98	108.24	8708887
SHOP	2026-06-15	110.9	115.315	110.2	112.49	6753427
SHOP	2026-06-16	111.98	114.58	111.595	113.23	5017163
SHOP	2026-06-17	112.4	114.07	107.76	108.09	8386161
SHOP	2026-06-18	107.79	109.66	106.14	108.85	9830654
SHOP	2026-06-22	106.75	111.58	106	107.98	8325318
SHOP	2026-06-23	107.855	110.02	106.99	107.68	10546780
SHOP	2026-06-24	106.87	114.49	106.72	114.17	19822965
SHOP	2026-06-25	113.4	115.69	111.325	111.62	7808109
SHOP	2026-06-26	112.595	117.87	112.1	116.86	9724179
SHOP	2026-06-29	118.38	120.62	113.99	114.21	9688741
SHOP	2026-06-30	113	116	112	114.18	6469257
SHOP	2026-07-01	117.325	123.7	117.325	121.63	8296398
SHOP	2026-07-02	119.05	121.3	118.42	119.46	6639045
SHOP	2026-07-06	118.96	121.54	115.71	120.14	7260229
SHOP	2026-07-07	122.84	125.94	121.47	121.88	10066234
SHOP	2026-07-08	120.93	120.94	115.17	119.22	5509705
SHOP	2026-07-09	117.25	123.22	116.71	123.17	5873687
SHOP	2026-07-10	126.765	130.75	122.3	122.54	5364105
SHOP	2026-07-13	124.63	126.7	121.7	124.74	6577015
SHOP	2026-07-14	121.63	126.11	120	125.68	4669536
SHOP	2026-07-15	126.45	127.59	120.87	123.55	8164084
SHOP	2026-07-16	124.6	127.89	121.78	125.06	7303996
SHOP	2026-07-17	124.6	124.6	121.11	123.56	6312794
SHOP	2026-07-20	124.23	128.26	123.45	124.48	7323230
SHOP	2026-07-21	121.21	124.29	119.25	123.03	6552749
SHOP	2026-07-22	122.95	123.425	116.621	118.42	7681174
SHOP	2026-07-23	117.44	117.91	111.055	112	10239544
SHOP	2026-07-24	112.99	114.6	111.26	113.75	6998835
SHOP	2026-07-27	118.195	126.91	117.81	126.88	10168347
SHOP	2026-07-28	128.29	133.99	127.87	130.28	9555416
SHOP	2026-07-29	129.045	133.73	128.22	129.17	7306977
SHOP	2026-07-30	126.315	126.61	122.29	122.4	10332495
SHOP	2026-07-31	120.93	122.25	115.27	117.15	12045567
SHOP	2026-08-03	120.36	121.75	116.64	117.01	8971859
SHOP	2026-08-04	117.86	123.695	117.59	123.3	21146602
SHOP	2026-08-05	150	153.88	142.52	144.24	40641008
SHOP	2026-08-06	143.7	148.09	142.1002	147.44	16679876
SHOP	2026-08-07	148.425	152.85	145.6001	151.57	11947966
SHOP	2026-08-10	150.44	155.62	148.9	155.18	10509370
SHOP	2026-08-11	153.85	155	151.56	152.61	6054819
SHOP	2026-08-12	151.98	153.4714	148.695	150.41	5804333
SHOP	2026-08-13	152.295	158.73	151.1201	158.53	7650330
SHOP	2026-08-14	158.34	158.87	153.34	154.32	5444591
SHOP	2026-08-17	152.51	153.3	148.14	148.65	7595292
SHOP	2026-08-18	148.09	150.51	146.28	146.58	6417289
SHOP	2026-08-19	146.64	149.78	145.61	146.58	6010807
SHOP	2026-08-20	146.37	148.39	144.12	147.18	5657605
SHOP	2026-08-21	147.65	149.46	145.09	149.25	5193999
SHOP	2026-08-24	148.505	151.63	146.8	149.8	5508449
SILC	2026-05-01	39.08	42.94	37	42.21	235450
SILC	2026-05-04	43.5	46.0804	40.61	41.44	298419
SILC	2026-05-05	45.52	48.922	44.1	46.28	259014
SILC	2026-05-06	46.92	47.02	42.9	44.19	156294
SILC	2026-05-07	44.18	46.08	42.13	44.25	211384
SILC	2026-05-08	44.89	45.25	42.13	44.87	115579
SILC	2026-05-11	44.07	44.87	41.3	43.18	186521
SILC	2026-05-12	42.97	44.36	40.54	42.42	168942
SILC	2026-05-13	42.42	47.25	42.01	46.93	276833
SILC	2026-05-14	48	52.58	47.68	50.98	261557
SILC	2026-05-15	46.98	48.425	45.3001	48.08	227502
SILC	2026-05-18	49.1	50.4	42.01	42.87	218028
SILC	2026-05-19	42.01	43.275	40.002	42.57	144026
SILC	2026-05-20	43.21	43.9999	41.17	41.61	198840
SILC	2026-05-21	41.21	44	41.21	42.76	151107
SILC	2026-05-22	43.4	45.8199	43.01	45.33	187251
SILC	2026-05-26	47.4	49	44.1	47.53	192456
SILC	2026-05-27	48.65	48.85	44.811	47.06	315159
SILC	2026-05-28	47.13	47.66	43.76	43.76	117278
SILC	2026-05-29	44.21	45.2	40.02	40.3	127797
SILC	2026-06-01	39.91	40.91	38.13	38.49	153414
SILC	2026-06-02	39	44.9	37.81	44.71	224454
SILC	2026-06-03	43.37	44.95	43.2	43.98	103295
SILC	2026-06-04	42.49	44.82	41.5	42.98	100668
SILC	2026-06-05	41.85	42	37.12	38.05	118109
SILC	2026-06-08	40.14	43.98	39.075	43.32	140889
SILC	2026-06-09	44.34	44.34	38.97	43.43	141123
SILC	2026-06-10	42.98	46.63	41	44.77	242432
SILC	2026-06-11	44.77	48.71	40.57	47.66	103103
SILC	2026-06-12	47.9	49.755	46.45	46.45	109192
SILC	2026-06-15	47.81	48.3899	44.5918	47.9	225649
SILC	2026-06-16	47.1	49.4999	44.4686	45.41	150282
SILC	2026-06-17	45.9	47.95	43.5	44.53	168270
SILC	2026-06-18	45.07	47.25	44.05	46.945	152168
SILC	2026-06-22	47.15	47.16	44.535	44.96	107326
SILC	2026-06-23	42.84	44	40.815	41.2	99450
SILC	2026-06-24	41.12	41.41	38.51	38.98	104514
SILC	2026-06-25	39.08	42	37.1	40.48	181063
SILC	2026-06-26	40.04	42.09	38.1	41.1	255137
SILC	2026-06-29	40.71	43.48	39.1	41.93	195591
SILC	2026-06-30	50.835	52.95	46.3803	47.94	421932
SILC	2026-07-01	47.37	48.01	43.5	44.18	184687
SILC	2026-07-02	49.1	52.4701	39.8	42.59	386499
SILC	2026-07-06	43.73	46.8999	42.95	43.57	140802
SILC	2026-07-07	42.37	42.78	39.1	39.57	136154
SILC	2026-07-08	38.92	42.04	38.92	41.61	94723
SILC	2026-07-09	41.9	45.01	41.9	43.9	64431
SILC	2026-07-10	43.9	44.4	42.5	44.17	88577
SILC	2026-07-13	43.54	44.5785	41.13	42.67	356897
SILC	2026-07-14	43.25	45.26	41.585	43.13	92922
SILC	2026-07-15	43.77	44	39.5811	41.4	200963
SILC	2026-07-16	41.03	41.03	38.92	40.065	233241
SILC	2026-07-17	38.95	44.8	37.7215	44.06	192632
SILC	2026-07-20	44.17	46.22	43.41	44.43	87040
SILC	2026-07-21	45.03	48	44	46.8	98143
SILC	2026-07-22	45.57	47.8	43.44	44.28	106597
SILC	2026-07-23	43.79	44.98	41.75	42.27	147067
SILC	2026-07-24	41.52	43.19	39.25	39.72	119833
SILC	2026-07-27	39.8	41.58	38	39.38	136365
SILC	2026-07-28	38.38	39.22	35.95	38.02	250654
SILC	2026-07-29	40.93	43.6	34	34.92	423001
SILC	2026-07-30	37.84	40.3999	36.51	38.48	195627
SILC	2026-07-31	41.61	41.61	39.1	39.83	174523
SILC	2026-08-03	38.47	41.99	35.62	41.21	112280
SILC	2026-08-04	42.31	46.73	42.31	46.55	166718
SILC	2026-08-05	46.46	46.46	43.49	44.12	115539
SILC	2026-08-06	42.98	45.315	41.1	41.52	140946
SILC	2026-08-07	42.48	42.945	39.68	42.09	126519
SILC	2026-08-10	43.52	44.1345	41.49	41.795	141911
SILC	2026-08-11	42.11	46.435	42.11	45.91	102737
SILC	2026-08-12	46.94	49.35	45.92	46.59	268077
SILC	2026-08-13	44.54	46.85	44.5	44.89	139648
SILC	2026-08-14	45.91	52.04	45.745	49.5	621341
SILC	2026-08-17	49.52	52	48.14	48.65	409020
SILC	2026-08-18	47.04	47.87	45	45.91	188040
SILC	2026-08-19	46.12	46.83	42.49	43.09	237771
SILC	2026-08-20	42.6	43.7423	41.17	41.4	137203
SILC	2026-08-21	42.93	43.94	40.56	43.94	151658
SILC	2026-08-24	42.93	43.3744	41.44	41.815	155336
SLDB	2026-05-01	7.26	7.32	7.035	7.13	1007512
SLDB	2026-05-04	7.13	7.535	7.11	7.23	1323621
SLDB	2026-05-05	7.36	7.48	6.7616	6.9	1421859
SLDB	2026-05-06	6.96	7.29	6.86	7.2	2257056
SLDB	2026-05-07	7.22	7.336	6.86	7.07	752668
SLDB	2026-05-08	7.03	7.31	7.02	7.27	924549
SLDB	2026-05-11	7.33	7.87	7.33	7.68	971545
SLDB	2026-05-12	7.67	7.73	7.36	7.72	1010703
SLDB	2026-05-13	7.5	7.79	7.06	7.38	1607966
SLDB	2026-05-14	7.5	7.93	7.34	7.63	1542911
SLDB	2026-05-15	7.43	7.49	6.74	6.92	2021614
SLDB	2026-05-18	6.81	6.98	6.41	6.51	1027635
SLDB	2026-05-19	6.47	6.52	6	6.08	1831692
SLDB	2026-05-20	6.18	6.49	6.098	6.47	1057880
SLDB	2026-05-21	6.35	6.6	6.2507	6.5	738456
SLDB	2026-05-22	6.49	6.74	6.36	6.62	967406
SLDB	2026-05-26	6.76	6.93	6.7	6.88	790771
SLDB	2026-05-27	6.79	7.14	6.755	7.02	867890
SLDB	2026-05-28	7.02	7.18	6.854	7.07	727868
SLDB	2026-05-29	7.11	7.45	7.02	7.34	1267776
SLDB	2026-06-01	7.27	7.35	6.9604	7.19	770799
SLDB	2026-06-02	7.06	7.14	6.56	6.58	1576584
SLDB	2026-06-03	6.86	7	6.7	6.85	996549
SLDB	2026-06-04	6.87	7.5	6.87	7.24	1009088
SLDB	2026-06-05	7.17	7.2	6.63	6.7	701693
SLDB	2026-06-08	6.74	6.84	6.385	6.41	862700
SLDB	2026-06-09	6.49	6.78	6.34	6.57	957615
SLDB	2026-06-10	6.55	6.87	6.43	6.61	1134220
SLDB	2026-06-11	6.73	7.29	6.51	7.22	2901636
SLDB	2026-06-12	7.26	7.45	7.115	7.14	1552702
SLDB	2026-06-15	7.27	7.48	7.11	7.36	2064034
SLDB	2026-06-16	7.3	7.43	6.95	7.07	1287574
SLDB	2026-06-17	7.11	7.595	7.09	7.31	3311946
SLDB	2026-06-18	7.58	8.42	7.49	8.33	14271429
SLDB	2026-06-22	8.5	8.65	8.105	8.3	1963857
SLDB	2026-06-23	8.19	9.19	8.13	8.79	3142437
SLDB	2026-06-24	8.84	9.3	8.695	9.25	3549689
SLDB	2026-06-25	9.25	9.78	8.84	8.86	1529956
SLDB	2026-06-26	8.692	9.498	8.692	9.29	6144832
SLDB	2026-06-29	9.26	9.52	9.125	9.47	1704946
SLDB	2026-06-30	9.5	10.41	9.38	9.99	2366632
SLDB	2026-07-01	10.04	10.21	9.76	10.2	2033893
SLDB	2026-07-02	10.38	10.875	10.24	10.84	2631172
SLDB	2026-07-06	10.81	11.45	10.695	11.07	2850456
SLDB	2026-07-07	11.07	11.33	10.54	11.15	1415684
SLDB	2026-07-08	10.86	11.34	10.63	11	1330907
SLDB	2026-07-09	10.97	11.17	10.89	11.14	1019272
SLDB	2026-07-10	11.11	11.11	9.91	10.42	1472640
SLDB	2026-07-13	10.19	10.25	9.46	9.72	1193066
SLDB	2026-07-14	9.79	9.935	9.605	9.63	895416
SLDB	2026-07-15	9.59	9.79	9.34	9.62	940269
SLDB	2026-07-16	9.42	9.445	8.87	9.05	1014838
SLDB	2026-07-17	8.78	9.025	8.62	8.72	1493008
SLDB	2026-07-20	8.78	9.01	8.41	8.45	1000113
SLDB	2026-07-21	8.43	8.58	8.265	8.46	989854
SLDB	2026-07-22	8.39	8.43	8.07	8.1	963558
SLDB	2026-07-23	8	8.135	7.802	7.98	955438
SLDB	2026-07-24	8.07	8.09	7.7	7.83	1088185
SLDB	2026-07-27	8.01	8.4051	7.865	7.89	1222960
SLDB	2026-07-28	7.895	8.035	7.65	7.97	1235106
SLDB	2026-07-29	7.96	8.38	7.86	8.04	905002
SLDB	2026-07-30	8.13	8.51	8.052	8.49	845878
SLDB	2026-07-31	8.48	8.63	8	8.06	1060556
SLDB	2026-08-03	7.93	8.12	7.75	8.02	905524
SLDB	2026-08-04	8.21	8.7099	8.205	8.62	918983
SLDB	2026-08-05	8.84	8.96	8.605	8.73	876399
SLDB	2026-08-06	8.76	9.11	8.7	8.71	577011
SLDB	2026-08-07	8.53	8.92	8.29	8.39	1054878
SLDB	2026-08-10	8.4	8.7	8.29	8.56	1007358
SLDB	2026-08-11	8.74	8.89	8.5	8.85	900422
SLDB	2026-08-12	8.93	9.145	8.86	9.065	744823
SLDB	2026-08-13	9.14	9.26	8.93	9.08	828054
SLDB	2026-08-14	9.09	9.345	8.73	9.2	758978
SLDB	2026-08-17	9.05	9.16	8.9	9.1	694150
SLDB	2026-08-18	8.99	9.14	8.84	9.08	536266
SLDB	2026-08-19	9.42	9.87	9.2869	9.74	1238886
SLDB	2026-08-20	9.51	9.57	8.81	9.1	1076891
SLDB	2026-08-21	9.34	9.665	9.23	9.3	790346
SLDB	2026-08-24	9.28	9.28	8.8604	9.16	1114771
SLN	2026-05-01	7.33	7.33	7.0155	7.13	95853
SLN	2026-05-04	7.09	7.39	6.95	7.29	243421
SLN	2026-05-05	7.3	7.5	6.84	7.14	120875
SLN	2026-05-06	7.12	7.42	6.978	7.36	381012
SLN	2026-05-07	7.27	7.27	6.68	6.95	136222
SLN	2026-05-08	6.85	7.04	6.85	6.97	326786
SLN	2026-05-11	7.05	7.45	6.92	7.17	112470
SLN	2026-05-12	7.17	7.265	6.5	6.79	289083
SLN	2026-05-13	6.73	7.07	6.7	6.98	56166
SLN	2026-05-14	7	7.19	6.83	7.13	63769
SLN	2026-05-15	7.09	7.15	6.08	6.1	188514
SLN	2026-05-18	6.11	6.49	5.89	6.23	371189
SLN	2026-05-19	6.04	6.27	5.74	5.77	269600
SLN	2026-05-20	5.82	6.4299	5.82	6.24	170101
SLN	2026-05-21	6.12	6.575	6.11	6.49	130140
SLN	2026-05-22	6.5	6.73	6.2	6.2	255919
SLN	2026-05-26	6.29	6.71	6.24	6.64	217293
SLN	2026-05-27	6.71	7.2928	6.6	6.8	324378
SLN	2026-05-28	6.67	6.97	6.43	6.86	114634
SLN	2026-05-29	6.75	6.925	6.38	6.9	210050
SLN	2026-06-01	6.75	6.87	6.4	6.53	277856
SLN	2026-06-02	6.39	6.61	6.2001	6.37	193045
SLN	2026-06-03	6.36	6.79	6.19	6.41	119758
SLN	2026-06-04	6.41	6.9	6.24	6.85	197267
SLN	2026-06-05	6.73	6.73	6.07	6.17	160470
SLN	2026-06-08	6.24	6.31	6.02	6.23	77400
SLN	2026-06-09	6.29	6.56	5.88	6.01	183390
SLN	2026-06-10	5.91	6.45	5.91	6	140944
SLN	2026-06-11	6.05	6.99	6.03	6.68	696916
SLN	2026-06-12	6.7	6.955	6.55	6.69	239402
SLN	2026-06-15	6.79	7.05	6.7	7	406274
SLN	2026-06-16	6.95	7.18	6.7	6.71	205067
SLN	2026-06-17	6.73	7.23	6.61	6.76	340751
SLN	2026-06-18	6.82	7	6.52	6.93	382922
SLN	2026-06-22	6.93	7.9	6.93	7.53	354474
SLN	2026-06-23	7.38	7.66	7.06	7.27	280175
SLN	2026-06-24	7.5	9.46	7.43	9.16	2225563
SLN	2026-06-25	9.2	10.21	9.19	10	1306852
SLN	2026-06-26	9.91	10.63	9.89	10.14	1070572
SLN	2026-06-29	10.43	10.99	9.96	10.79	1150929
SLN	2026-06-30	10.72	11.05	10.33	10.98	556738
SLN	2026-07-01	10.82	11.0599	10.22	10.5	718886
SLN	2026-07-02	10.66	11.055	10.17	10.39	696473
SLN	2026-07-06	10.43	10.695	10.1	10.58	578868
SLN	2026-07-07	10.61	11	10.11	10.15	617654
SLN	2026-07-08	10.05	10.205	9.4234	9.95	494237
SLN	2026-07-09	9.93	10.42	9.73	9.86	232687
SLN	2026-07-10	9.88	9.88	9.07	9.09	365407
SLN	2026-07-13	8.98	9.41	8.91	9.29	233638
SLN	2026-07-14	8.91	9.85	8.91	9.75	333281
SLN	2026-07-15	9.69	10.73	9.57	10.45	791737
SLN	2026-07-16	10.37	10.96	10.12	10.92	567539
SLN	2026-07-17	10.81	11.19	10.44	10.5	277229
SLN	2026-07-20	10.47	10.8661	10.16	10.49	360112
SLN	2026-07-21	10.59	11.075	10.278	10.85	162976
SLN	2026-07-22	10.75	11.9	10.6	11.83	847404
SLN	2026-07-23	11.75	11.885	11.21	11.45	479491
SLN	2026-07-24	11.41	11.51	10.875	11.02	341308
SLN	2026-07-27	11.13	12.1899	11.11	12.07	666265
SLN	2026-07-28	12.04	12.1689	10.55	11.55	1235305
SLN	2026-07-29	11.42	11.78	10.71	11.55	595005
SLN	2026-07-30	11.56	11.765	10.97	11.62	769573
SLN	2026-07-31	11.5	11.69	10.47	10.49	554965
SLN	2026-08-03	10.53	11.25	10.32	10.68	536743
SLN	2026-08-04	10.98	11.48	10.78	11.17	518575
SLN	2026-08-05	11.07	11.45	10.86	11.24	452234
SLN	2026-08-06	11.27	11.8229	11.27	11.72	252495
SLN	2026-08-07	11.96	12.305	11.74	11.95	316235
SLN	2026-08-10	16.7	17.5758	14.62	15.43	16155593
SLN	2026-08-11	15.97	16.5234	14.6301	14.72	3276537
SLN	2026-08-12	14.75	15.24	13.55	13.58	5441302
SLN	2026-08-13	14.07	14.24	13.36	13.97	2814219
SLN	2026-08-14	14.01	14.2197	13.44	13.72	823935
SLN	2026-08-17	13.75	14.41	13.55	14.35	1002185
SLN	2026-08-18	14.17	14.355	13.67	14.1	1487301
SLN	2026-08-19	14.59	14.59	13.47	13.61	973755
SLN	2026-08-20	13.5	13.5699	13.01	13.17	585229
SLN	2026-08-21	13.17	13.48	13.13	13.27	740545
SLN	2026-08-24	13.37	13.59	13.05	13.29	723681
SMWB	2026-05-01	2.88	3.165	2.88	3.14	687870
SMWB	2026-05-04	3.14	3.21	2.982	3.02	535452
SMWB	2026-05-05	3.05	3.2	2.99	3.19	773788
SMWB	2026-05-06	3.19	3.2	2.9011	3.07	903248
SMWB	2026-05-07	3.15	3.32	3.11	3.28	621468
SMWB	2026-05-08	3.3	3.445	3.17	3.43	595113
SMWB	2026-05-11	3.38	3.415	3.1	3.19	1188987
SMWB	2026-05-12	3.17	3.26	3.065	3.12	797941
SMWB	2026-05-13	3.12	3.5399	2.62	2.85	2732191
SMWB	2026-05-14	2.85	3.08	2.82	3.07	1109028
SMWB	2026-05-15	2.93	3.18	2.93	3.16	679770
SMWB	2026-05-18	3.16	3.42	3.16	3.42	903442
SMWB	2026-05-19	3.49	3.79	3.48	3.68	1058753
SMWB	2026-05-20	3.9	3.915	3.639	3.82	1025607
SMWB	2026-05-21	3.95	3.9825	3.69	3.78	665842
SMWB	2026-05-22	4	4.2	3.81	4.13	826796
SMWB	2026-05-26	4.2	4.3	3.965	3.98	659623
SMWB	2026-05-27	3.87	4.04	3.8	3.87	645327
SMWB	2026-05-28	3.87	4.205	3.83	4.19	1091787
SMWB	2026-05-29	4.18	4.3	4.125	4.15	887743
SMWB	2026-06-01	4.19	4.405	4.03	4.35	1046813
SMWB	2026-06-02	4.67	4.67	4.11	4.38	864825
SMWB	2026-06-03	4.27	4.36	3.98	4.31	1173165
SMWB	2026-06-04	4.25	4.505	4.25	4.33	1111600
SMWB	2026-06-05	4.24	4.34	3.98	4.06	675160
SMWB	2026-06-08	4.09	4.21	4	4.13	464322
SMWB	2026-06-09	4.06	4.22	3.95	4.1	550236
SMWB	2026-06-10	4.03	4.29	4.01	4.17	729025
SMWB	2026-06-11	4.15	4.27	4.075	4.23	508921
SMWB	2026-06-12	4.27	4.39	4.1521	4.38	368063
SMWB	2026-06-15	4.77	5.4295	4.68	5.25	2537547
SMWB	2026-06-16	5.18	5.378	4.98	5.05	1323536
SMWB	2026-06-17	5.05	5.105	4.785	4.87	743586
SMWB	2026-06-18	5.01	5.14	4.73	4.99	1393339
SMWB	2026-06-22	5.01	5.235	4.81	5.13	1036654
SMWB	2026-06-23	4.99	5.195	4.89	4.97	995017
SMWB	2026-06-24	4.97	5.23	4.9	5.16	668446
SMWB	2026-06-25	5.18	5.3	5.0301	5.15	978948
SMWB	2026-06-26	5.07	5.65	5.07	5.6	819046
SMWB	2026-06-29	5.69	6.36	5.6	6.18	1838151
SMWB	2026-06-30	6.25	6.415	6	6.13	902348
SMWB	2026-07-01	6.21	6.775	6.2	6.59	1138124
SMWB	2026-07-02	6.48	6.59	6.13	6.18	747825
SMWB	2026-07-06	6.13	6.37	6	6.26	560329
SMWB	2026-07-07	6.4	6.59	6.26	6.36	1376414
SMWB	2026-07-08	6.22	6.3	5.98	6.18	442267
SMWB	2026-07-09	6.15	6.62	6.0182	6.59	647082
SMWB	2026-07-10	6.6	6.83	6.5101	6.66	886344
SMWB	2026-07-13	6.6	7.17	6.52	7.13	1516866
SMWB	2026-07-14	6.82	7.44	6.6	6.6	860181
SMWB	2026-07-15	6.81	7.54	6.76	7.31	2118328
SMWB	2026-07-16	7.27	7.295	6.74	7.05	2096357
SMWB	2026-07-17	6.83	7.34	6.8101	6.96	857518
SMWB	2026-07-20	6.9	7.14	6.69	6.69	1033302
SMWB	2026-07-21	6.65	6.99	6.49	6.65	1284177
SMWB	2026-07-22	6.55	6.65	6.24	6.28	670755
SMWB	2026-07-23	6.24	6.34	5.95	6.06	594755
SMWB	2026-07-24	6.2	6.41	6	6.29	386036
SMWB	2026-07-27	6.49	6.9599	6.49	6.83	540861
SMWB	2026-07-28	6.83	7.3	6.775	7.19	767646
SMWB	2026-07-29	7.15	7.375	7	7.16	875225
SMWB	2026-07-30	7.1	7.29	6.8311	7.22	527090
SMWB	2026-07-31	7.22	7.315	7.03	7.17	358801
SMWB	2026-08-03	7.22	7.498	7.16	7.28	446013
SMWB	2026-08-04	7.39	7.56	7.3	7.42	528939
SMWB	2026-08-05	7.55	7.57	7.33	7.44	322574
SMWB	2026-08-06	7.25	7.38	7.1601	7.38	397939
SMWB	2026-08-07	7.51	7.53	7.31	7.51	287802
SMWB	2026-08-10	7.43	7.59	7.3	7.42	524759
SMWB	2026-08-11	7.42	7.4861	7.155	7.25	780827
SMWB	2026-08-12	8	9.08	7.72	8.79	5450026
SMWB	2026-08-13	8.87	9.09	8.41	9.01	3101173
SMWB	2026-08-14	9.01	9.01	8.74	8.89	1220048
SMWB	2026-08-17	8.96	8.99	8.51	8.56	833586
SMWB	2026-08-18	8.64	8.65	8.455	8.57	580855
SMWB	2026-08-19	8.6	8.695	8.29	8.35	745445
SMWB	2026-08-20	8.29	8.34	7.77	8.16	502430
SMWB	2026-08-21	8.21	8.27	8	8.24	433068
SMWB	2026-08-24	8.26	8.99	8.26	8.99	753240
SPAI	2026-05-01	4.42	4.57	4.22	4.5	102458
SPAI	2026-05-04	4.47	4.52	4.39	4.5	153121
SPAI	2026-05-05	4.61	4.68	4.23	4.3	64477
SPAI	2026-05-06	4.31	4.6	4.265	4.47	126759
SPAI	2026-05-07	4.43	4.46	4.15	4.3	58500
SPAI	2026-05-08	4.34	4.34	4.05	4.14	229169
SPAI	2026-05-11	4.24	4.79	4.05	4.72	630881
SPAI	2026-05-12	4.69	4.7	4.3	4.45	163034
SPAI	2026-05-13	4.41	4.42	4.1	4.21	186278
SPAI	2026-05-14	4.25	4.55	4.155	4.41	175697
SPAI	2026-05-15	4.79	4.81	4.26	4.35	4939627
SPAI	2026-05-18	4.35	4.37	3.8501	4.14	706276
SPAI	2026-05-19	4.08	4.08	3.83	4	189632
SPAI	2026-05-20	3.96	4.11	3.81	3.95	179534
SPAI	2026-05-21	3.88	4.3199	3.8401	4.2	187372
SPAI	2026-05-22	4.2	4.38	4.1	4.23	208969
SPAI	2026-05-26	4.33	4.55	4.26	4.45	264821
SPAI	2026-05-27	4.42	4.64	4.314	4.5	168936
SPAI	2026-05-28	4.55	5.5935	4.55	5.41	1056759
SPAI	2026-05-29	5.3	6.3	4.8	6.15	931490
SPAI	2026-06-01	6.1	6.59	6.03	6.22	400509
SPAI	2026-06-02	6.58	6.68	5.84	5.96	825798
SPAI	2026-06-03	5.64	6.075	5.53	5.985	296378
SPAI	2026-06-04	5.9	6.22	5.765	6.01	240938
SPAI	2026-06-05	5.9	5.95	5.335	5.51	183233
SPAI	2026-06-08	5.68	5.86	5.45	5.64	137854
SPAI	2026-06-09	5.66	5.8172	5.15	5.22	231185
SPAI	2026-06-10	5.11	5.49	5.11	5.14	189446
SPAI	2026-06-11	5.16	5.43	5.07	5.37	170392
SPAI	2026-06-12	5.39	5.39	4.93	5.12	134041
SPAI	2026-06-15	5.3	5.47	4.83	4.88	256361
SPAI	2026-06-16	4.8	5	4.65	4.81	167137
SPAI	2026-06-17	4.8	5.11	4.71	4.87	83771
SPAI	2026-06-18	4.95	5.1	4.58	4.83	141567
SPAI	2026-06-22	4.81	4.895	4.51	4.66	199822
SPAI	2026-06-23	4.54	4.81	4.31	4.43	427738
SPAI	2026-06-24	4.39	4.53	4.04	4.08	269475
SPAI	2026-06-25	4.13	4.35	3.91	3.95	159478
SPAI	2026-06-26	3.91	4.25	3.91	4.09	360570
SPAI	2026-06-29	4.12	4.33	3.95	4.23	124423
SPAI	2026-06-30	4.23	4.44	4.16	4.33	60712
SPAI	2026-07-01	4.32	4.51	4.25	4.33	53495
SPAI	2026-07-02	4.28	4.49	4.0501	4.1	53323
SPAI	2026-07-06	4.07	4.2512	4.06	4.15	31001
SPAI	2026-07-07	4.05	4.07	3.76	3.76	77455
SPAI	2026-07-08	3.77	3.86	3.65	3.83	75457
SPAI	2026-07-09	3.83	3.98	3.7061	3.84	81618
SPAI	2026-07-10	3.87	3.91	3.68	3.82	50143
SPAI	2026-07-13	3.71	3.85	3.6278	3.69	192660
SPAI	2026-07-14	3.78	3.87	3.7101	3.84	61842
SPAI	2026-07-15	3.9	3.97	3.8301	3.87	38031
SPAI	2026-07-16	3.87	3.93	3.7	3.81	64059
SPAI	2026-07-17	3.75	3.93	3.6	3.89	77792
SPAI	2026-07-20	3.93	3.99	3.685	3.74	152730
SPAI	2026-07-21	3.83	3.96	3.71	3.83	74151
SPAI	2026-07-22	3.8	3.97	3.76	3.78	37100
SPAI	2026-07-23	3.82	3.96	3.62	3.68	97329
SPAI	2026-07-24	3.69	3.78	3.6	3.64	94135
SPAI	2026-07-27	3.74	3.9499	3.62	3.84	82150
SPAI	2026-07-28	3.86	3.86	3.58	3.79	62353
SPAI	2026-07-29	3.82	3.92	3.63	3.71	136238
SPAI	2026-07-30	3.76	4.05	3.5832	3.9	86933
SPAI	2026-07-31	3.93	4.05	3.83	3.97	42076
SPAI	2026-08-03	4.02	4.115	3.9597	4.03	66816
SPAI	2026-08-04	4.15	4.58	4.15	4.51	121688
SPAI	2026-08-05	4.6	4.6	4.3	4.37	66390
SPAI	2026-08-06	4.4	4.67	4.35	4.39	82946
SPAI	2026-08-07	4.46	4.5999	4.3665	4.57	60276
SPAI	2026-08-10	4.6	4.7679	4.26	4.34	158852
SPAI	2026-08-11	4.38	4.75	4.3	4.71	145972
SPAI	2026-08-12	4.77	4.8716	4.51	4.59	93079
SPAI	2026-08-13	4.62	4.88	4.4667	4.48	123362
SPAI	2026-08-14	4.3	6.25	4.17	6.17	5456895
SPAI	2026-08-17	6.15	6.4	5.75	5.9	967743
SPAI	2026-08-18	5.61	6.15	5.45	5.51	299110
SPAI	2026-08-19	5.34	5.525	5.1306	5.31	189703
SPAI	2026-08-20	5.25	5.335	5.02	5.2	87066
SPAI	2026-08-21	5.31	5.44	5.13	5.37	115552
SPAI	2026-08-24	5.37	5.469	5.151	5.37	111454
SPRC	2026-05-01	8.65	8.88	7.5	7.91	29719
SPRC	2026-05-04	7.96	8.2728	7.09	7.235	30728
SPRC	2026-05-05	7.22	7.2975	6.8	6.91	20407
SPRC	2026-05-06	7	7.1899	6.17	6.38	30431
SPRC	2026-05-07	6.23	7.0499	6.21	6.72	15138
SPRC	2026-05-08	6.48	6.7	6.19	6.25	6878
SPRC	2026-05-11	6.31	6.465	6.04	6.06	12935
SPRC	2026-05-12	5.97	5.97	5.34	5.43	14897
SPRC	2026-05-13	5.39	5.45	5.02	5.02	93395
SPRC	2026-05-14	5.04	5.065	4.71	4.98	13837
SPRC	2026-05-15	5	5	4.821	4.8211	4743
SPRC	2026-05-18	4.88	4.88	4.38	4.38	9179
SPRC	2026-05-19	4.41	4.675	4.4	4.55	2793
SPRC	2026-05-20	4.46	4.49	4.0001	4.1	8520
SPRC	2026-05-21	4.4285	4.4285	4.1498	4.2	4567
SPRC	2026-05-22	4.25	4.44	4.0951	4.27	19495
SPRC	2026-05-26	4.47	4.69	4.38	4.475	4075
SPRC	2026-05-27	4.4902	4.4902	4.28	4.39	2675
SPRC	2026-05-28	13.25	15.65	10.1001	10.55	35421640
SPRC	2026-05-29	10	10.11	8.24	9.81	821623
SPRC	2026-06-01	10	11.1	8.562	10.59	380145
SPRC	2026-06-02	9.96	10.18	8.7	8.73	139526
SPRC	2026-06-03	8.89	11.15	8.4	9.46	169081
SPRC	2026-06-04	13.55	15.79	10.5	11.54	8785817
SPRC	2026-06-05	10.16	11.98	10.16	11.44	180699
SPRC	2026-06-08	10.39	11.452	9.9001	10.42	39995
SPRC	2026-06-09	9.72	9.96	8.41	9.31	67307
SPRC	2026-06-10	8.92	9.3099	8.52	8.66	19740
SPRC	2026-06-11	8.5	9.37	8.5	9.31	28351
SPRC	2026-06-12	9.05	9.225	8.4	8.55	24282
SPRC	2026-06-15	8.53	8.71	7.93	8.34	57956
SPRC	2026-06-16	8.09	8.295	7.88	8.05	22215
SPRC	2026-06-17	7.82	8.05	7.7501	8.04	7732
SPRC	2026-06-18	7.88	7.88	7.355	7.41	11771
SPRC	2026-06-22	7.24	7.36	6.86	6.97	17090
SPRC	2026-06-23	6.9	6.92	6.55	6.92	6735
SPRC	2026-06-24	6.78	6.78	5.705	5.865	19407
SPRC	2026-06-25	5.99	6.1557	5.7	6.12	13827
SPRC	2026-06-26	5.9	5.95	5.31	5.7	27120
SPRC	2026-06-29	5.61	5.93	4.8902	5.61	298385
SPRC	2026-06-30	5.48	5.765	5.33	5.52	16573
SPRC	2026-07-01	5.41	5.5201	5.02	5.15	14367
SPRC	2026-07-02	5.15	5.2	4.78	4.78	21522
SPRC	2026-07-06	4.78	4.92	4.53	4.71	11875
SPRC	2026-07-07	4.9	5.52	4.87	4.98	44922
SPRC	2026-07-08	4.88	5.6	4.6	5.49	50254
SPRC	2026-07-09	5.19	5.4834	4.83	5.45	42465
SPRC	2026-07-10	5.03	5.03	4.61	4.7	23818
SPRC	2026-07-13	4.7	4.855	4.23	4.57	39181
SPRC	2026-07-14	4.42	4.62	4.27	4.27	57116
SPRC	2026-07-15	4.33	5	4.31	4.9	128971
SPRC	2026-07-16	4.75	5.4	4.69	5.36	42157
SPRC	2026-07-17	5.1785	5.2679	5	5	11334
SPRC	2026-07-20	4.98	5.2	4.7	4.7	23669
SPRC	2026-07-21	4.78	5.016	4.62	4.75	10923
SPRC	2026-07-22	4.66	5	4.6	4.84	10947
SPRC	2026-07-23	4.94	6.455	4.89	5.72	82912
SPRC	2026-07-24	5.84	5.84	5.3	5.33	11497
SPRC	2026-07-27	4.83	5.2799	4.76	5.01	84112
SPRC	2026-07-28	5	5.57	4.98	5.33	16026
SPRC	2026-07-29	6.29	10.2	5.57	9.09	7805022
SPRC	2026-07-30	9.1	11.51	7.96	8.7	720110
SPRC	2026-07-31	7.57	8	6.61	7.12	108734
SPRC	2026-08-03	6.53	7.79	6.53	7.16	20963
SPRC	2026-08-04	7.06	7.24	6.71	6.74	17030
SPRC	2026-08-05	6.92	7.43	6.7	6.89	136686
SPRC	2026-08-06	6.77	6.91	6.5	6.72	24275
SPRC	2026-08-07	6.58	7.27	6.5	6.93	13855
SPRC	2026-08-10	7.06	7.06	6.5	6.61	25045
SPRC	2026-08-11	6.69	6.84	6.48	6.82	12509
SPRC	2026-08-12	6.41	6.8	5.86	6.6	711670
SPRC	2026-08-13	6.3	6.95	6.3	6.69	40584
SPRC	2026-08-14	6.6	6.7775	6.47	6.59	9168
SPRC	2026-08-17	6.5117	6.76	6.22	6.64	37887
SPRC	2026-08-18	6.986	7.6	6.5	6.51	241017
SPRC	2026-08-19	6.51	6.97	6.4006	6.86	9484
SPRC	2026-08-20	6.86	6.9	6.5	6.625	56137
SPRC	2026-08-21	6.5	6.81	6.5	6.695	3226
SPRC	2026-08-24	6.92	7.039	6.5252	6.66	11390
SRZN	2026-05-01	33.48	35	32.645	33.6	62049
SRZN	2026-05-04	33.46	34.38	32.05	32.07	169537
SRZN	2026-05-05	32.85	33.417	31.71	32.64	95294
SRZN	2026-05-06	32.65	34.4	31.33	34.13	136189
SRZN	2026-05-07	35	35	30.5	30.75	77117
SRZN	2026-05-08	30.95	30.95	28.55	28.96	69192
SRZN	2026-05-11	29	30.79	28.65	29.28	95485
SRZN	2026-05-12	29.3	31.46	28.605	30.66	84673
SRZN	2026-05-13	30.71	31.75	30	30.14	68405
SRZN	2026-05-14	30.43	30.9099	29.521	29.87	14861
SRZN	2026-05-15	29.27	29.79	27.36	28.15	71740
SRZN	2026-05-18	28.12	28.72	26.88	27.44	42484
SRZN	2026-05-19	27.21	27.525	25.5	25.57	196293
SRZN	2026-05-20	25	27.5199	25	27.05	92810
SRZN	2026-05-21	26.7	27.87	26.44	27.09	46695
SRZN	2026-05-22	26.8701	27.49	26.22	26.37	52974
SRZN	2026-05-26	26.54	27	25.72	26.17	50599
SRZN	2026-05-27	25.99	26.97	25.52	26.46	38349
SRZN	2026-05-28	26.01	27.08	25.65	26.16	49288
SRZN	2026-05-29	26.26	26.93	24.3	26.21	360316
SRZN	2026-06-01	25.77	26.825	24	24.71	88709
SRZN	2026-06-02	24.31	24.91	22.71	23.145	122556
SRZN	2026-06-03	23.22	24.86	23.17	24.57	78357
SRZN	2026-06-04	24.44	25.685	23.68	24.38	77266
SRZN	2026-06-05	24.19	24.815	21.51	21.52	97000
SRZN	2026-06-08	21.65	22.28	20.5	20.69	145771
SRZN	2026-06-09	21.51	21.99	20.61	21.5	82284
SRZN	2026-06-10	21.32	22.64	21.015	21.77	53398
SRZN	2026-06-11	22.3	23.58	21.855	23.37	84374
SRZN	2026-06-12	23.21	25.13	23.0001	23.39	71099
SRZN	2026-06-15	23.98	25.12	23	23.14	183247
SRZN	2026-06-16	23.19	23.21	21.99	22.75	104768
SRZN	2026-06-17	22.78	25.595	22.1	24.04	246771
SRZN	2026-06-18	24.18	25.31	22.49	23.25	246452
SRZN	2026-06-22	23.35	23.825	22.705	23.66	87259
SRZN	2026-06-23	23.35	25	22.76	24.86	127703
SRZN	2026-06-24	24.89	25.79	23.86	24.75	88075
SRZN	2026-06-25	25.05	25.29	23.405	24.52	67408
SRZN	2026-06-26	24.52	26.43	23.73	25.22	1003236
SRZN	2026-06-29	24.87	26.44	24.87	25.72	145175
SRZN	2026-06-30	25.92	26.63	25.4	25.95	186503
SRZN	2026-07-01	26.08	26.21	24.5	25.52	92782
SRZN	2026-07-02	25.83	26.825	24.71	24.92	99788
SRZN	2026-07-06	24.96	25.3	23.52	23.66	67355
SRZN	2026-07-07	23.79	24.485	22	23.01	199398
SRZN	2026-07-08	23	23.59	21.65	22.88	117468
SRZN	2026-07-09	23.16	23.92	22.325	23.5	153564
SRZN	2026-07-10	23.45	23.48	21.7195	23.19	148747
SRZN	2026-07-13	23.19	23.7	21.54	22.81	336596
SRZN	2026-07-14	23	23.15	21.72	21.88	222697
SRZN	2026-07-15	21.86	22.61	21.565	21.79	139702
SRZN	2026-07-16	21.81	22.42	20.63	20.75	170946
SRZN	2026-07-17	20.51	22.1	19.985	21.96	144918
SRZN	2026-07-20	22.12	22.41	20.77	22.16	94056
SRZN	2026-07-21	22.23	23.4	21.0001	22.99	111100
SRZN	2026-07-22	23.22	23.22	21.21	21.72	378169
SRZN	2026-07-23	21.59	21.97	21	21.16	65866
SRZN	2026-07-24	21.2	21.39	19.62	19.73	184250
SRZN	2026-07-27	19.73	21.68	19.01	19.81	143638
SRZN	2026-07-28	19.92	21	19.01	19.4	458902
SRZN	2026-07-29	19.58	19.73	18.12	19.2	313868
SRZN	2026-07-30	19.25	21.53	19.055	20.83	1072177
SRZN	2026-07-31	21	22.58	20.75	22.21	304176
SRZN	2026-08-03	22.45	23.12	21.355	21.78	230409
SRZN	2026-08-04	22.12	22.95	20.745	22	274853
SRZN	2026-08-05	21.65	22.55	20.73	21.95	333454
SRZN	2026-08-06	21.74	22.4	21.15	21.64	211714
SRZN	2026-08-07	24.84	27.32	22.3	25.62	371171
SRZN	2026-08-10	25.6	26.27	24.88	25.09	134089
SRZN	2026-08-11	25.64	25.64	24.7201	25.05	141968
SRZN	2026-08-12	25.5	25.8	23.95	24.19	271494
SRZN	2026-08-13	24.28	24.91	23.48	23.73	432919
SRZN	2026-08-14	23.84	24.95	22.84	23.96	212865
SRZN	2026-08-17	23.85	24.96	23.25	23.78	163506
SRZN	2026-08-18	23.5	24.69	23.43	24	146905
SRZN	2026-08-19	24.44	24.5	23.77	24.01	122363
SRZN	2026-08-20	24.46	24.46	23.085	23.5	135331
SRZN	2026-08-21	23.73	25.01	23.49	23.99	149622
SRZN	2026-08-24	23.81	24.33	22.8	23.97	163644
ST	2026-05-01	41.72	42.23	41.03	42.19	2028901
ST	2026-05-04	42.2	42.37	40.63	41.13	1651455
ST	2026-05-05	41.56	42.9	41.31	42.82	1487296
ST	2026-05-06	44.04	45.835	44	45.75	3531059
ST	2026-05-07	45.75	45.96	44.16	44.34	2071377
ST	2026-05-08	44.92	45.13	44.37	44.93	1316279
ST	2026-05-11	45.05	45.63	45.05	45.29	1313084
ST	2026-05-12	44.83	44.975	43.33	44.51	1759331
ST	2026-05-13	46.595	49.36	45.945	48.19	4212620
ST	2026-05-14	48.58	49.155	47.46	48.93	3642241
ST	2026-05-15	47.98	48.9299	46.6	48.5	3063771
ST	2026-05-18	48.45	49.15	47.62	47.82	2962431
ST	2026-05-19	47.175	47.175	45.365	46.41	2214788
ST	2026-05-20	47.06	47.825	46.27	47.74	1444045
ST	2026-05-21	47.02	48	46.7101	47.46	2113663
ST	2026-05-22	48	48.89	47.33	48.59	1620545
ST	2026-05-26	49.56	50.78	49.165	50.39	4155518
ST	2026-05-27	50.5	50.77	49.72	50.51	2528363
ST	2026-05-28	50.12	50.755	49.35	50.38	2826604
ST	2026-05-29	50.32	50.65	49.38	49.39	3176054
ST	2026-06-01	49.24	49.5	48.105	49.29	2058595
ST	2026-06-02	50.6	53.84	49.955	53.13	4031146
ST	2026-06-03	52.96	53.89	52.52	53.55	2789995
ST	2026-06-04	52.75	53.6	52.38	52.64	2306287
ST	2026-06-05	51.63	52.285	49.39	49.84	2249440
ST	2026-06-08	50.725	51.22	50.17	50.17	2699149
ST	2026-06-09	51.15	51.88	47.77	49.65	2378915
ST	2026-06-10	49.27	50.29	46.82	47.02	2187890
ST	2026-06-11	47.92	50.14	47.325	49.85	2496051
ST	2026-06-12	50.35	50.65	49.53	50.4	1606726
ST	2026-06-15	51.99	52.7	51.33	51.37	1428039
ST	2026-06-16	51.54	52.341	50.17	50.25	1708327
ST	2026-06-17	50.83	51.76	49.41	49.46	1490032
ST	2026-06-18	50.88	51.305	50.15	50.63	2086548
ST	2026-06-22	50.74	51.72	50.51	51.7	1656991
ST	2026-06-23	49.52	50.22	48.81	48.81	1445953
ST	2026-06-24	48.63	49	47.58	48.2	1547816
ST	2026-06-25	49.26	50.18	48.42	49.18	1459288
ST	2026-06-26	47.86	48.42	45.97	46.85	3498459
ST	2026-06-29	46.55	47.52	45.66	46.89	1872271
ST	2026-06-30	47.36	47.99	46.95	47.74	2028581
ST	2026-07-01	46.55	47.81	46	46.55	1813587
ST	2026-07-02	46.54	47.08	44.36	45.34	2081371
ST	2026-07-06	45.89	46.865	45.62	46.12	1345664
ST	2026-07-07	45.09	45.185	43.37	44.29	1501966
ST	2026-07-08	43.87	44.325	42.88	43.91	1926529
ST	2026-07-09	45.15	45.465	44.47	44.76	1361741
ST	2026-07-10	44.76	45.615	44.585	45.32	943422
ST	2026-07-13	44.98	45.2577	44.13	44.4	1519442
ST	2026-07-14	45.48	45.83	44.11	44.67	1115441
ST	2026-07-15	45.1	45.1	43.67	44.65	1242077
ST	2026-07-16	44.36	44.54	43.54	44.45	1623583
ST	2026-07-17	43.14	45.305	42.8	45.05	1902306
ST	2026-07-20	45.52	45.78	44.505	44.57	2049679
ST	2026-07-21	45.9	46.665	45.09	46.51	1379535
ST	2026-07-22	46.17	47.06	45.885	45.95	767817
ST	2026-07-23	45.45	46.18	45.1	45.62	1765663
ST	2026-07-24	45.62	46.425	45.15	45.71	1045928
ST	2026-07-27	45.88	46.65	45.2375	46.39	2175474
ST	2026-07-28	45.51	46.78	44.97	46.73	2447229
ST	2026-07-29	46.3	46.95	44.81	46	3862275
ST	2026-07-30	49.33	51	46.5	47.99	3892866
ST	2026-07-31	48.65	49.06	46.27	46.29	1874875
ST	2026-08-03	46.26	48.2755	46.26	46.82	1746179
ST	2026-08-04	47.75	48.91	47.0401	48.66	1130988
ST	2026-08-05	48.2	49.17	47.582	47.59	1083681
ST	2026-08-06	47.04	48.2863	46.28	46.33	1261763
ST	2026-08-07	46.7	47.05	45.88	46.67	1170854
ST	2026-08-10	46.93	46.93	45.765	45.79	1135887
ST	2026-08-11	46.39	47.52	45.42	46.23	1134842
ST	2026-08-12	47.2	47.22	45.93	46.15	999362
ST	2026-08-13	45.96	46.255	45.13	45.42	923727
ST	2026-08-14	45.38	46.33	45.198	46.23	1511079
ST	2026-08-17	46.45	46.8	45.64	45.92	1723591
ST	2026-08-18	45.04	45.14	43.0675	43.11	1171230
ST	2026-08-19	43.59	43.59	42.28	42.77	2946365
ST	2026-08-20	42.27	42.72	41.79	41.93	1317654
ST	2026-08-21	42.42	42.94	42.115	42.83	1168216
ST	2026-08-24	42.66	42.66	41.55	41.96	1439606
STDN	2026-07-16	13.5	13.98	12.11	12.3	5612255
STDN	2026-07-17	12.16	12.4688	10.3	10.4	2975267
STDN	2026-07-20	10.8	11.02	9.01	9.02	2011241
STDN	2026-07-21	9	9.61	8.1852	8.91	1825763
STDN	2026-07-22	9	9.85	8.8209	9.65	885829
STDN	2026-07-23	9.8	9.8	8.7	8.78	516098
STDN	2026-07-24	8.83	8.9476	7.9671	8.3	1345981
STDN	2026-07-27	8.2	8.45	7.51	7.7	1643440
STDN	2026-07-28	7.3	7.7	7.05	7.54	1488653
STDN	2026-07-29	7.46	7.5	7.11	7.33	723953
STDN	2026-07-30	7.58	8.07	7.39	7.6	617462
STDN	2026-07-31	7.61	8.1399	7.35	7.89	580231
STDN	2026-08-03	7.91	8.0494	7.5	7.68	617683
STDN	2026-08-04	7.81	8.84	7.75	8.41	1244190
STDN	2026-08-05	8.5	8.509	8.0814	8.23	269839
STDN	2026-08-06	8.2	8.51	8.11	8.2	210186
STDN	2026-08-07	8.22	8.49	7.85	8.44	322988
STDN	2026-08-10	8.85	11.84	8.8	11.45	1941795
STDN	2026-08-11	11.7	12.7799	10.5788	12.08	1744387
STDN	2026-08-12	12.13	12.45	11.05	11.48	784359
STDN	2026-08-13	11.33	12.15	10.85	12.09	509428
STDN	2026-08-14	12.2	13.795	12	13.31	1205014
STDN	2026-08-17	13.64	13.77	13.09	13.31	541421
STDN	2026-08-18	13.31	13.4387	11.75	12.2	533084
STDN	2026-08-19	12.35	12.6991	11.5	11.97	429662
STDN	2026-08-20	11.95	13	11.95	12.97	321095
STDN	2026-08-21	13	13.16	12.64	12.64	301400
STDN	2026-08-24	12.52	12.68	11.85	11.94	357897
STEM	2026-05-01	10.81	11.11	10.66	10.76	80834
STEM	2026-05-04	10.7	10.7	10.08	10.13	121085
STEM	2026-05-05	10.31	10.76	10.2	10.58	109792
STEM	2026-05-06	10.82	11.15	10.495	10.91	190377
STEM	2026-05-07	8.99	9.48	8.36	8.73	584825
STEM	2026-05-08	8.81	9.22	8.3001	9.16	275759
STEM	2026-05-11	8.93	9.41	8.69	9.13	189376
STEM	2026-05-12	9.16	9.16	8.69	8.89	126382
STEM	2026-05-13	8.91	9.275	8.7535	8.99	117833
STEM	2026-05-14	9	9.35	8.72	9.34	181476
STEM	2026-05-15	8.81	9.1094	8.4	8.75	249212
STEM	2026-05-18	8.66	8.89	8.3701	8.79	97625
STEM	2026-05-19	8.59	8.76	8.2	8.63	164574
STEM	2026-05-20	8.69	9.06	8.3491	8.9	129055
STEM	2026-05-21	8.79	9.15	8.73	9.15	107448
STEM	2026-05-22	9.3	9.59	9.0971	9.46	201447
STEM	2026-05-26	9.73	10.53	9.58	10.28	303641
STEM	2026-05-27	10.5	10.73	10.01	10.25	215078
STEM	2026-05-28	10.1	10.52	9.98	10.21	212649
STEM	2026-05-29	10.08	10.121	9.6052	9.72	139295
STEM	2026-06-01	9.5	10.27	9.21	10.15	221617
STEM	2026-06-02	10.06	10.5	9.975	10.02	253417
STEM	2026-06-03	9.76	9.89	9.0251	9.04	184332
STEM	2026-06-04	8.97	9.235	8.78	9.17	181993
STEM	2026-06-05	9.03	9.03	7.6001	7.7	299607
STEM	2026-06-08	7.97	8.04	7.6	7.78	181512
STEM	2026-06-09	7.9	8.37	7.4049	7.7	170361
STEM	2026-06-10	7.59	7.935	7.34	7.39	78414
STEM	2026-06-11	7.36	7.6199	7.235	7.57	112450
STEM	2026-06-12	7.54	7.828	7.2	7.31	136350
STEM	2026-06-15	7.69	8.19	7.69	7.76	137961
STEM	2026-06-16	7.7	8	7.6	7.78	83868
STEM	2026-06-17	7.82	8.275	7.63	7.68	85336
STEM	2026-06-18	7.96	8.32	7.705	8.22	123357
STEM	2026-06-22	8.2	8.49	7.76	8.06	100641
STEM	2026-06-23	7.74	8.13	7.63	7.63	63432
STEM	2026-06-24	7.75	7.92	7.37	7.45	86491
STEM	2026-06-25	7.55	7.595	7.15	7.24	122956
STEM	2026-06-26	7.15	7.41	7.12	7.36	127652
STEM	2026-06-29	7.42	7.64	7.28	7.48	66980
STEM	2026-06-30	7.57	7.98	7.4801	7.81	94641
STEM	2026-07-01	7.79	8.2855	7.75	7.92	98203
STEM	2026-07-02	8.03	8.24	7.55	7.85	118005
STEM	2026-07-06	7.77	8.21	7.7294	7.79	94554
STEM	2026-07-07	7.68	7.77	7.14	7.18	138546
STEM	2026-07-08	7.1	7.1432	6.695	6.92	126664
STEM	2026-07-09	6.92	7.18	6.88	7.09	65208
STEM	2026-07-10	7.12	7.12	6.83	6.96	87355
STEM	2026-07-13	6.82	6.93	6.42	6.52	183398
STEM	2026-07-14	6.52	6.85	6.52	6.61	107744
STEM	2026-07-15	6.76	6.9	6.5	6.63	56580
STEM	2026-07-16	6.62	6.64	6.2	6.32	106526
STEM	2026-07-17	6.15	6.335	6.05	6.26	122446
STEM	2026-07-20	6.3	6.3	6.01	6.09	115464
STEM	2026-07-21	6.16	6.48	6.14	6.29	53135
STEM	2026-07-22	6.25	6.42	5.98	6.01	82494
STEM	2026-07-23	6	6.06	5.74	5.81	87177
STEM	2026-07-24	5.81	5.83	5.45	5.49	146166
STEM	2026-07-27	5.53	5.89	5.45	5.58	161179
STEM	2026-07-28	5.45	5.5199	5.13	5.33	106952
STEM	2026-07-29	5.29	5.35	4.92	4.95	148383
STEM	2026-07-30	4.96	5.55	4.95	5.3	133599
STEM	2026-07-31	5.42	5.64	5.26	5.4	136879
STEM	2026-08-03	5.47	5.7	5.45	5.62	139369
STEM	2026-08-04	5.8	6.11	5.65	5.98	163754
STEM	2026-08-05	5.92	6.15	5.65	5.8	66634
STEM	2026-08-06	5.85	5.9885	5.63	5.75	72043
STEM	2026-08-07	5.87	6.07	5.84	5.88	70968
STEM	2026-08-10	5.89	5.9543	5.33	5.68	148048
STEM	2026-08-11	5.67	5.92	5.5998	5.89	77652
STEM	2026-08-12	6.02	6.0399	5.42	5.45	207338
STEM	2026-08-13	5.75	7.0205	5.63	6.24	479630
STEM	2026-08-14	6.25	6.6	6.05	6.34	168533
STEM	2026-08-17	6.41	6.45	6.03	6.1	91532
STEM	2026-08-18	6	6	5.78	5.84	94265
STEM	2026-08-19	5.86	5.97	5.6619	5.76	120946
STEM	2026-08-20	5.7	5.84	5.48	5.65	83725
STEM	2026-08-21	5.68	5.95	5.65	5.7	82378
STEM	2026-08-24	5.72	5.72	5.37	5.46	84371
STGW	2026-05-01	6.32	6.46	6.175	6.36	1670087
STGW	2026-05-04	6.38	6.57	6.245	6.32	2312170
STGW	2026-05-05	6.39	6.72	6.39	6.64	1225636
STGW	2026-05-06	6.64	6.74	6.395	6.4	1593949
STGW	2026-05-07	6.49	6.53	6.385	6.46	1285142
STGW	2026-05-08	6.46	6.525	6.4	6.47	1312375
STGW	2026-05-11	6.43	6.48	6.215	6.25	1314528
STGW	2026-05-12	6.25	6.25	6	6.06	1259613
STGW	2026-05-13	6.03	6.095	5.765	5.97	1384287
STGW	2026-05-14	6.07	6.185	6.06	6.12	1384445
STGW	2026-05-15	6.04	6.175	5.965	6.05	1429120
STGW	2026-05-18	6.05	6.515	6.04	6.42	2317575
STGW	2026-05-19	6.42	6.56	6.245	6.29	1427787
STGW	2026-05-20	6.29	6.295	6.122	6.22	1255375
STGW	2026-05-21	6.16	6.345	6.07	6.29	1296331
STGW	2026-05-22	6.31	6.52	6.27	6.51	1317214
STGW	2026-05-26	6.51	6.855	6.4716	6.61	1986978
STGW	2026-05-27	6.62	7.155	6.56	6.99	2532296
STGW	2026-05-28	6.88	7.175	6.88	7.01	1386282
STGW	2026-05-29	6.96	7.175	6.885	7.01	2234154
STGW	2026-06-01	7.11	7.48	6.91	7.39	2695099
STGW	2026-06-02	7.26	7.34	7.1401	7.2	1301683
STGW	2026-06-03	7.15	7.24	6.55	6.59	1725545
STGW	2026-06-04	6.66	6.85	6.605	6.69	964689
STGW	2026-06-05	6.65	6.72	6.42	6.44	699920
STGW	2026-06-08	6.45	6.48	6.37	6.44	1016898
STGW	2026-06-09	6.47	6.47	6.21	6.39	1591115
STGW	2026-06-10	6.42	6.63	6.4	6.53	1137666
STGW	2026-06-11	6.54	6.57	6.4	6.56	1075488
STGW	2026-06-12	6.6	6.85	6.55	6.63	1450838
STGW	2026-06-15	6.7	6.75	6.575	6.59	988141
STGW	2026-06-16	6.61	7.025	6.5334	6.86	1530486
STGW	2026-06-17	6.81	7.05	6.625	6.66	1696178
STGW	2026-06-18	6.76	6.81	6.57	6.71	1433756
STGW	2026-06-22	6.7	6.865	6.63	6.66	1178058
STGW	2026-06-23	6.62	7.1	6.62	7.04	1565098
STGW	2026-06-24	7.04	7.19	6.9801	7.07	1324797
STGW	2026-06-25	7.07	7.215	6.78	6.79	1388917
STGW	2026-06-26	6.76	7.08	6.74	7.04	3754930
STGW	2026-06-29	7.15	7.21	6.94	6.96	1456669
STGW	2026-06-30	6.94	7.465	6.88	7.43	1593201
STGW	2026-07-01	7.5	7.73	7.4401	7.58	3708853
STGW	2026-07-02	7.61	7.68	7.35	7.4	939934
STGW	2026-07-06	7.38	7.655	7.33	7.58	954662
STGW	2026-07-07	7.65	8.075	7.65	7.7	1795295
STGW	2026-07-08	7.63	7.87	7.49	7.67	1463197
STGW	2026-07-09	7.67	7.88	7.51	7.75	1303939
STGW	2026-07-10	7.78	7.885	7.65	7.81	972169
STGW	2026-07-13	7.85	8	7.85	7.87	1437229
STGW	2026-07-14	7.78	7.815	7.565	7.59	721904
STGW	2026-07-15	7.64	7.825	7.58	7.59	740345
STGW	2026-07-16	7.6	7.745	7.535	7.65	850609
STGW	2026-07-17	7.55	7.67	7.4123	7.51	632738
STGW	2026-07-20	7.48	7.5669	7.0307	7.41	694646
STGW	2026-07-21	7.32	7.495	7.17	7.25	863297
STGW	2026-07-22	7.29	7.29	6.93	7.06	1235955
STGW	2026-07-23	6.98	7.1	6.97	7.09	725941
STGW	2026-07-24	7.14	7.475	7.065	7.42	984096
STGW	2026-07-27	7.5	7.79	7.5	7.73	800691
STGW	2026-07-28	7.81	8.01	7.605	7.97	1593742
STGW	2026-07-29	7.97	8.27	7.935	8.08	2243939
STGW	2026-07-30	8.33	8.5	7.7132	8.49	1497942
STGW	2026-07-31	8.46	8.5	8.15	8.45	2038861
STGW	2026-08-03	8.5	8.91	8.485	8.7	3741745
STGW	2026-08-04	8.69	9.015	8.525	9.01	2147547
STGW	2026-08-05	8.98	9.19	8.84	8.85	2688542
STGW	2026-08-06	8.81	9.145	8.67	9.12	3002197
STGW	2026-08-07	9.15	9.395	9.06	9.17	1588692
STGW	2026-08-10	9.12	9.23	8.93	9.09	1561011
STGW	2026-08-11	9	9.32	8.965	9.28	1556937
STGW	2026-08-12	9.22	9.375	9.12	9.35	794998
STGW	2026-08-13	9.35	9.55	9.235	9.31	1161750
STGW	2026-08-14	9.34	9.3899	9.08	9.12	733938
STGW	2026-08-17	9.03	9.03	8.65	8.7	994615
STGW	2026-08-18	8.71	8.945	8.68	8.85	1857594
STGW	2026-08-19	8.74	8.965	8.69	8.71	1131884
STGW	2026-08-20	8.65	8.785	8.48	8.51	1038971
STGW	2026-08-21	8.52	8.79	8.47	8.725	951478
STGW	2026-08-24	8.73	8.96	8.69	8.88	1406889
STI	2026-05-01	4.55	4.8579	4.4	4.45	150610
STI	2026-05-04	4.51	4.75	4.25	4.64	94768
STI	2026-05-05	4.71	4.77	4.55	4.74	60585
STI	2026-05-06	4.74	5.6699	4.74	5.36	91523
STI	2026-05-07	5.58	5.79	5.16	5.73	96923
STI	2026-05-08	5.72	5.77	5.1292	5.21	70156
STI	2026-05-11	5.21	5.5368	5.09	5.18	65026
STI	2026-05-12	5.12	5.264	5.1	5.13	37549
STI	2026-05-13	5.14	5.9027	5.12	5.72	77398
STI	2026-05-14	5.61	5.81	5.58	5.69	37665
STI	2026-05-15	5.56	5.74	5.46	5.55	29598
STI	2026-05-18	5.53	5.53	4.59	4.72	60206
STI	2026-05-19	4.61	4.69	4.3707	4.58	19365
STI	2026-05-20	4.77	4.79	4.55	4.72	27171
STI	2026-05-21	4.7	5.24	4.46	4.98	118453
STI	2026-05-22	4.98	5.0115	4.69	4.8	38903
STI	2026-05-26	4.8	5	4.8	4.95	46724
STI	2026-05-27	4.81	4.92	4.6	4.67	55301
STI	2026-05-28	4.735	4.96	4.64	4.74	30237
STI	2026-05-29	4.71	4.7299	4.56	4.65	15416
STI	2026-06-01	4.96	5	4.74	4.93	69366
STI	2026-06-02	4.9	4.97	4.7971	4.97	18752
STI	2026-06-03	5	5.1499	4.72	5.04	57553
STI	2026-06-04	24.77	38.15	18.87	22.71	102010503
STI	2026-06-05	42.735	46	28	35.72	37798928
STI	2026-06-08	35.91	36	23.51	28.95	9842075
STI	2026-06-09	23	24.6	20.3	20.47	2993791
STI	2026-06-10	19.97	30	19.5001	27.59	4745434
STI	2026-06-11	26.1	29.38	23.78	25.83	2068235
STI	2026-06-12	24.21	28	24.21	25.27	1337700
STI	2026-06-15	23.18	23.35	20.7	20.9	1072382
STI	2026-06-16	21.55	22.15	19	20.83	1254848
STI	2026-06-17	19.85	22	19.7	20.63	532098
STI	2026-06-18	19.48	19.49	16.5101	17.45	609456
STI	2026-06-22	16.68	17.3	14.65	15.16	494589
STI	2026-06-23	13.21	14.1	12.805	13.28	365649
STI	2026-06-24	12.76	12.76	11.5	11.83	360323
STI	2026-06-25	11.6	12.99	11.22	12.43	337642
STI	2026-06-26	12.11	12.49	11.11	12.34	300033
STI	2026-06-29	12.17	12.1925	9.45	9.61	2658153
STI	2026-06-30	9.75	9.86	8.62	9.29	552970
STI	2026-07-01	9.03	9.3467	8.8	9.08	262000
STI	2026-07-02	8.72	8.93	7.32	7.85	419062
STI	2026-07-06	7.82	8.24	7.41	7.78	256949
STI	2026-07-07	7.36	8.02	7.1501	7.39	254284
STI	2026-07-08	7.25	7.95	7.2	7.83	179039
STI	2026-07-09	7.9	8.75	7.695	8.41	196192
STI	2026-07-10	8.53	8.53	7.87	8.23	150410
STI	2026-07-13	7.96	7.99	7.5401	7.66	108767
STI	2026-07-14	7.65	7.85	7.47	7.53	89983
STI	2026-07-15	7.45	7.47	6.76	7.07	154750
STI	2026-07-16	6.86	6.9379	6.2	6.26	160461
STI	2026-07-17	6.04	6.49	5.82	6.33	142653
STI	2026-07-20	6.28	6.8699	6.2	6.56	97419
STI	2026-07-21	6.58	7.2	6.48	7.03	139018
STI	2026-07-22	7.07	7.07	6.5	6.55	120603
STI	2026-07-23	6.5	7.04	6.31	6.84	73977
STI	2026-07-24	6.8	6.95	6.4	6.6	73085
STI	2026-07-27	6.52	6.98	6.26	6.64	77102
STI	2026-07-28	6.57	6.57	5.92	6.12	98511
STI	2026-07-29	5.99	6.395	5.99	6.06	59734
STI	2026-07-30	6.07	6.5	5.81	6.185	98916
STI	2026-07-31	6.32	6.9494	6.25	6.3	112368
STI	2026-08-03	6.29	6.75	6.1	6.57	88004
STI	2026-08-04	6.55	7	6.5001	6.6	110991
STI	2026-08-05	6.65	6.65	6.28	6.42	87338
STI	2026-08-06	6.34	6.979	6.32	6.87	105089
STI	2026-08-07	7.03	7.7784	6.89	7.21	213796
STI	2026-08-10	7.74	8.89	7.39	8.45	546666
STI	2026-08-11	8.49	8.515	7.87	7.92	205655
STI	2026-08-12	7.85	8.1191	7.6001	7.72	119769
STI	2026-08-13	7.67	8.1243	7.6	7.61	128722
STI	2026-08-14	7.74	8	7.66	7.88	118952
STI	2026-08-17	7.85	7.965	7.61	7.79	74990
STI	2026-08-18	7.65	7.65	7.2101	7.37	61460
STI	2026-08-19	7.4449	7.5936	7.2	7.44	38571
STI	2026-08-20	7.495	7.85	7.45	7.715	49820
STI	2026-08-21	7.7	7.97	7.46	7.64	67261
STI	2026-08-24	7.5	7.5859	7.21	7.24	45469
SUJA	2026-05-07	18	18.48	17.43	17.85	3902087
SUJA	2026-05-08	17.85	17.98	17.7	17.8	446127
SUJA	2026-05-11	17.76	17.87	17.455	17.58	459872
SUJA	2026-05-12	17.51	18.09	17.51	17.79	381894
SUJA	2026-05-13	17.79	17.865	17	17.03	511741
SUJA	2026-05-14	17	17.25	14.5	14.6	629608
SUJA	2026-05-15	14.51	14.84	13	14.84	631036
SUJA	2026-05-18	14.69	15.85	13.75005	15.55	384576
SUJA	2026-05-19	15.4	16.03	15	16.02	222663
SUJA	2026-05-20	16.11	16.97	15.645	16.35	264541
SUJA	2026-05-21	16.35	16.35	15.4	15.55	86568
SUJA	2026-05-22	15.35	15.74	14.45	15.46	114034
SUJA	2026-05-26	15.55	15.55	14.2	15.15	77253
SUJA	2026-05-27	15.03	15.25	13.75	14.15	147063
SUJA	2026-05-28	14.26	15.64	13.5	15.44	87715
SUJA	2026-05-29	15.65	15.67	14.47	15.43	85102
SUJA	2026-06-01	15.51	15.79	13.755	13.99	301958
SUJA	2026-06-02	13.91	14.6359	12.8	12.85	150425
SUJA	2026-06-03	12.9	13.4	11.995	12.88	128804
SUJA	2026-06-04	13.16	14.39	12.74	13.7	235031
SUJA	2026-06-05	13.82	14.5149	12.89	14.06	262462
SUJA	2026-06-08	14.06	15.15	13.805	14.64	174544
SUJA	2026-06-09	14.9	15.98	14.47	15.55	343113
SUJA	2026-06-10	15.43	15.76	11	11.65	1197168
SUJA	2026-06-11	11.35	12.36	10.6	11	839322
SUJA	2026-06-12	11	11.2	10.39	10.5	408865
SUJA	2026-06-15	10.61	11.13	10.54	11.05	414582
SUJA	2026-06-16	11.09	11.2	9.88	10.23	463063
SUJA	2026-06-17	10.29	10.38	9.12	9.22	471736
SUJA	2026-06-18	9.3	9.921	9.2101	9.27	882664
SUJA	2026-06-22	9.28	9.48	8.71	9.1	302855
SUJA	2026-06-23	9.02	10.5258	8.98	10.27	300912
SUJA	2026-06-24	10.18	10.63	9.7	9.88	266302
SUJA	2026-06-25	9.75	10.25	9.32	9.8	157863
SUJA	2026-06-26	9.71	10.68	9.71	10.17	270344
SUJA	2026-06-29	10.42	10.78	9.86	10.7	318690
SUJA	2026-06-30	10.59	10.59	9.925	10.16	287793
SUJA	2026-07-01	10.11	10.72	9.99	10.57	568467
SUJA	2026-07-02	10.62	11.02	10.26	10.81	208409
SUJA	2026-07-06	10.81	11.07	10.09	10.13	459391
SUJA	2026-07-07	10.38	10.93	10.115	10.83	186172
SUJA	2026-07-08	10.54	10.98	10.31	10.71	286668
SUJA	2026-07-09	10.53	10.65	9.9515	10.18	195614
SUJA	2026-07-10	9.99	10.345	9.35	9.37	247802
SUJA	2026-07-13	9.46	10.07	9.37	9.77	490805
SUJA	2026-07-14	9.9	9.92	9.51	9.51	63266
SUJA	2026-07-15	9.56	9.77	9.11	9.18	219114
SUJA	2026-07-16	9.2	9.54	8.96	9.39	271507
SUJA	2026-07-17	9.49	9.98	9.2	9.32	168163
SUJA	2026-07-20	9.33	9.445	8.83	8.96	207069
SUJA	2026-07-21	8.96	9.6	8.87	9.39	124531
SUJA	2026-07-22	9.36	10.418	9.28	9.39	308651
SUJA	2026-07-23	9.34	9.94	9.2	9.86	359139
SUJA	2026-07-24	9.82	11.01	9.4673	10.4	190747
SUJA	2026-07-27	10.68	10.68	10.115	10.48	106562
SUJA	2026-07-28	10.39	10.8	10.24	10.49	177568
SUJA	2026-07-29	10.43	10.64	10	10.13	135012
SUJA	2026-07-30	10.15	10.49	9.985	10.32	129897
SUJA	2026-07-31	10.31	10.695	10.14	10.59	48274
SUJA	2026-08-03	10.71	11.63	10.385	11.46	156680
SUJA	2026-08-04	11.42	11.93	11.2962	11.4	167350
SUJA	2026-08-05	9.69	9.75	6.12	6.135	3370263
SUJA	2026-08-06	6.25	6.75	6.1	6.35	1456061
SUJA	2026-08-07	6.36	6.59	6.1	6.26	685986
SUJA	2026-08-10	6.21	6.63	6.21	6.56	1052386
SUJA	2026-08-11	6.56	6.68	5.835	5.88	1862791
SUJA	2026-08-12	5.92	6.27	5.59	5.87	2151742
SUJA	2026-08-13	6.02	6.4	5.96	6.33	1569330
SUJA	2026-08-14	6.35	6.56	6.18	6.48	750779
SUJA	2026-08-17	6.49	6.76	6	6.65	876420
SUJA	2026-08-18	6.71	6.925	6.31	6.71	839625
SUJA	2026-08-19	6.74	7.5	6.5413	7.39	1265844
SUJA	2026-08-20	7.35	7.84	7.32	7.5	677900
SUJA	2026-08-21	7.89	8.14	7.3	7.68	1007527
SUJA	2026-08-24	7.73	9.3	7.73	9.05	1191719
TBI	2026-05-01	5.54	6.09	5.3341	5.88	464667
TBI	2026-05-04	5.87	6.05	5.66	5.97	578670
TBI	2026-05-05	5.99	6.21	5.7	6.04	573825
TBI	2026-05-06	6.54	6.67	5.89	6.05	745095
TBI	2026-05-07	6.05	6.515	6	6.01	586094
TBI	2026-05-08	5.99	6.09	5.565	5.61	386331
TBI	2026-05-11	5.57	5.74	5.26	5.38	264756
TBI	2026-05-12	5.41	5.63	5.28	5.28	353466
TBI	2026-05-13	5.49	6.03	5.21	5.81	571225
TBI	2026-05-14	5.84	6	5.64	5.64	259917
TBI	2026-05-15	5.58	5.94	5.48	5.65	272505
TBI	2026-05-18	5.65	6.045	5.54	5.58	844450
TBI	2026-05-19	5.6	5.81	5.3	5.37	185131
TBI	2026-05-20	5.32	5.54	5.21	5.44	270299
TBI	2026-05-21	5.39	5.6999	5.3	5.58	340352
TBI	2026-05-22	5.6	5.78	5.49	5.56	175209
TBI	2026-05-26	5.57	5.86	5.48	5.86	291507
TBI	2026-05-27	5.87	6.11	5.76	5.87	222740
TBI	2026-05-28	5.95	6.13	5.85	6.12	216686
TBI	2026-05-29	6.07	6.4	5.95	6.21	281777
TBI	2026-06-01	6.31	6.8	6.18	6.76	381527
TBI	2026-06-02	6.63	6.97	6.545	6.74	268273
TBI	2026-06-03	6.71	6.75	6.52	6.74	337746
TBI	2026-06-04	6.79	7.1	6.64	6.86	207638
TBI	2026-06-05	6.92	6.92	6.54	6.63	177120
TBI	2026-06-08	6.62	6.78	6.56	6.66	267125
TBI	2026-06-09	6.79	6.89	6.44	6.56	217990
TBI	2026-06-10	6.66	6.69	6.48	6.55	286755
TBI	2026-06-11	6.63	6.92	6.38	6.87	541943
TBI	2026-06-12	6.89	7.2	6.81	6.98	209485
TBI	2026-06-15	7.06	7.18	6.89	6.95	235412
TBI	2026-06-16	7.01	7.13	6.735	6.8	230868
TBI	2026-06-17	6.8	7.02	6.64	6.77	420645
TBI	2026-06-18	6.81	6.94	6.66	6.7	1183236
TBI	2026-06-22	6.68	6.68	6.11	6.3	316773
TBI	2026-06-23	6.37	6.47	6.2	6.44	187532
TBI	2026-06-24	6.34	6.71	6.305	6.66	253520
TBI	2026-06-25	6.61	6.81	6.45	6.53	328610
TBI	2026-06-26	6.61	6.99	6.61	6.99	792428
TBI	2026-06-29	7.03	7.16	6.865	6.96	339990
TBI	2026-06-30	6.94	7.18	6.9	6.97	195938
TBI	2026-07-01	7.08	7.37	6.965	7.22	305207
TBI	2026-07-02	7.19	7.39	6.75	6.75	336193
TBI	2026-07-06	6.8	8.26	6.735	8.17	597734
TBI	2026-07-07	8.16	8.35	7.685	8	369015
TBI	2026-07-08	7.91	8.26	7.68	8.12	371624
TBI	2026-07-09	8.09	8.12	7.63	8.06	219278
TBI	2026-07-10	8.16	8.37	8.075	8.16	196869
TBI	2026-07-13	8.21	8.8403	8.2	8.6	422704
TBI	2026-07-14	8.51	8.73	8.33	8.68	194897
TBI	2026-07-15	8.75	8.8999	8.065	8.11	232125
TBI	2026-07-16	8.23	8.515	8.09	8.22	338617
TBI	2026-07-17	8.12	8.5	7.83	8.49	334696
TBI	2026-07-20	8.42	8.59	7.955	8.57	264606
TBI	2026-07-21	8.73	8.73	8.1	8.21	176165
TBI	2026-07-22	8.24	8.41	8.21	8.35	127174
TBI	2026-07-23	8.23	8.23	7.52	7.63	235560
TBI	2026-07-24	7.64	7.97	7.6	7.7	169309
TBI	2026-07-27	7.77	7.94	7.7	7.8	166214
TBI	2026-07-28	7.8	8.06	7.615	7.73	225514
TBI	2026-07-29	7.68	7.86	7.39	7.47	173873
TBI	2026-07-30	7.68	7.68	7.22	7.3	158448
TBI	2026-07-31	7.25	7.295	6.95	7.08	178169
TBI	2026-08-03	7.29	7.72	7.29	7.54	226807
TBI	2026-08-04	7.57	7.88	7.49	7.69	229944
TBI	2026-08-05	9.29	10.2498	9	9.9	995239
TBI	2026-08-06	10.03	10.52	9.96	10.2	934061
TBI	2026-08-07	10.11	10.652	10.11	10.2	726112
TBI	2026-08-10	10.2	10.735	10.2	10.6	606542
TBI	2026-08-11	10.51	10.575	10.0888	10.19	362249
TBI	2026-08-12	10.11	10.29	9.81	9.92	311613
TBI	2026-08-13	9.97	10.2	9.89	10.14	279087
TBI	2026-08-14	10.19	10.4532	9.96	10.23	186629
TBI	2026-08-17	10.03	10.16	9.84	9.94	240844
TBI	2026-08-18	9.9	10.65	9.9	10.51	259520
TBI	2026-08-19	10.65	11.03	10.65	10.85	300426
TBI	2026-08-20	10.7	10.9	10.45	10.53	171948
TBI	2026-08-21	10.52	10.635	10.31	10.61	138508
TBI	2026-08-24	10.68	10.85	10.59	10.67	112811
TH	2026-05-01	14.54	14.77	14.38	14.68	1329776
TH	2026-05-04	14.54	15.17	14.48	15.15	1322440
TH	2026-05-05	15.25	15.785	15.18	15.65	1090034
TH	2026-05-06	15.66	16.05	15.58	15.79	1060340
TH	2026-05-07	15.66	15.79	15.28	15.29	1845570
TH	2026-05-08	15.36	15.555	15.12	15.33	911458
TH	2026-05-11	16.285	18.23	15.7	18.08	5020498
TH	2026-05-12	18.08	18.34	17.15	17.48	1173801
TH	2026-05-13	18	18.02	17.35	17.5	1126777
TH	2026-05-14	17.39	18.37	17.36	18.34	936519
TH	2026-05-15	17.95	18.93	17.87	18.66	1351853
TH	2026-05-18	18.66	18.89	17.95	18	877885
TH	2026-05-19	17.83	18.6	17.52	18.4	1227746
TH	2026-05-20	18.45	18.6899	18.1	18.26	577206
TH	2026-05-21	18.04	18.36	17.93	18.22	604243
TH	2026-05-22	18.32	18.6119	17.835	17.9	611236
TH	2026-05-26	18.12	18.5	17.96	18.35	773543
TH	2026-05-27	18.42	18.72	18.27	18.33	758847
TH	2026-05-28	17.21	17.44	17.05	17.22	5993050
TH	2026-05-29	17.22	17.41	16.83	17.36	2319862
TH	2026-06-01	17.22	17.4	17.02	17.17	1510652
TH	2026-06-02	17.06	17.28	16.89	16.95	1146503
TH	2026-06-03	16.87	17.06	16.28	17.06	2271069
TH	2026-06-04	16.76	17.02	16.435	16.81	1398004
TH	2026-06-05	16.86	16.895	16.055	16.11	943405
TH	2026-06-08	16.1	16.76	15.95	16.71	1211013
TH	2026-06-09	16.85	17.03	16.315	16.44	1110821
TH	2026-06-10	16.52	17.105	16.36	17.04	1131319
TH	2026-06-11	17.24	17.73	17.12	17.67	1388924
TH	2026-06-12	17.74	18.425	17.49	18.4	1065417
TH	2026-06-15	18.54	19	18.38	18.91	1091800
TH	2026-06-16	18.84	19.3	18.65	19.02	1597000
TH	2026-06-17	18.87	19.46	18.8	19.38	1126368
TH	2026-06-18	19.6	20.33	19.2902	20.16	1558694
TH	2026-06-22	20.125	20.535	19.77	20.14	1644335
TH	2026-06-23	19.77	20.78	19.74	20.52	1539125
TH	2026-06-24	20.53	20.61	19.805	20.01	1486219
TH	2026-06-25	20.2	20.83	19.99	20.19	1074779
TH	2026-06-26	20.02	20.85	19.885	20.27	3461223
TH	2026-06-29	20.27	20.63	20.06	20.44	1207786
TH	2026-06-30	20.21	20.52	20	20.36	1383377
TH	2026-07-01	20.15	20.245	19.52	19.73	2975543
TH	2026-07-02	19.76	19.875	18.4	18.47	1302147
TH	2026-07-06	18.83	18.83	17.59	17.74	1816086
TH	2026-07-07	17.76	18.14	17.44	17.97	1535025
TH	2026-07-08	17.85	18.53	17.71	18.23	1033614
TH	2026-07-09	18.36	18.5	17.97	18.44	655687
TH	2026-07-10	18.3	18.35	17.61	17.96	635766
TH	2026-07-13	17.85	17.94	16.71	16.74	1028662
TH	2026-07-14	17.38	18.06	17.28	17.32	1074126
TH	2026-07-15	17.4	17.65	16.977	17.05	594606
TH	2026-07-16	16.94	17.095	16.68	16.87	842929
TH	2026-07-17	16.55	16.97	16.31	16.36	702905
TH	2026-07-20	16.4	16.77	16.26	16.39	531282
TH	2026-07-21	16.51	17.12	16.1	16.82	807227
TH	2026-07-22	16.69	16.9	16.5644	16.71	544146
TH	2026-07-23	16.54	16.775	16.18	16.34	659480
TH	2026-07-24	16.34	16.75	16.041	16.15	581506
TH	2026-07-27	16.35	16.418	15.26	16.1	1388034
TH	2026-07-28	16.08	16.098	14.48	14.78	1448911
TH	2026-07-29	14.82	15.09	14.195	14.36	1171003
TH	2026-07-30	14.57	14.96	14.42	14.5	1030318
TH	2026-07-31	14.585	15.21	14.08	15.2	1375786
TH	2026-08-03	15.22	15.91	15.06	15.79	932610
TH	2026-08-04	15.98	16.3	15.91	15.99	958381
TH	2026-08-05	16	16.21	15.62	15.76	1087521
TH	2026-08-06	15.76	16.45	15.58	16	1263373
TH	2026-08-07	16.19	16.97	15.89	16.51	1586463
TH	2026-08-10	15.53	17.54	15.0201	16.07	1994808
TH	2026-08-11	16.07	17.29	16.05	16.62	1973628
TH	2026-08-12	16.81	17.22	16.11	16.14	1037553
TH	2026-08-13	16.06	16.73	16	16.27	941630
TH	2026-08-14	16.26	17.5	16.19	17.44	703299
TH	2026-08-17	17.79	18.16	17.5	18.07	1135655
TH	2026-08-18	17.88	17.99	17.14	17.47	1194979
TH	2026-08-19	17.48	17.83	17.025	17.04	675670
TH	2026-08-20	17.59	17.665	16.88	17.63	914483
TH	2026-08-21	17.65	17.93	17.23	17.85	1092779
TH	2026-08-24	17.69	18.23	17.61	17.83	969489
TILE	2026-05-01	28.03	28.108	27.43	27.83	516149
TILE	2026-05-04	27.71	27.71	26.48	26.68	503708
TILE	2026-05-05	26.7	27.48	26.635	27.3	346710
TILE	2026-05-06	27.73	28.31	27.64	27.85	424078
TILE	2026-05-07	27.81	28.37	27.3	27.55	568158
TILE	2026-05-08	28.93	30.34	28.42	29.66	1185955
TILE	2026-05-11	29.39	29.74	28.59	28.7	794528
TILE	2026-05-12	28.75	28.92	27.63	28.13	558603
TILE	2026-05-13	27.96	28.24	27.23	27.71	462267
TILE	2026-05-14	28.02	28.73	28	28.54	476933
TILE	2026-05-15	28.31	28.45	27.85	28.05	613331
TILE	2026-05-18	28.23	29.25	28.22	28.52	764440
TILE	2026-05-19	28.54	28.74	27.21	27.37	595634
TILE	2026-05-20	27.61	28.77	27.04	28.75	590264
TILE	2026-05-21	28.07	29.43	28.07	29.13	544731
TILE	2026-05-22	29.36	30	28.57	28.81	537040
TILE	2026-05-26	28.9	29.44	28.69	29.35	453705
TILE	2026-05-27	29.69	30.05	29.285	29.7	376189
TILE	2026-05-28	29.44	29.92	29.12	29.9	473961
TILE	2026-05-29	29.8	29.965	29.46	29.6	742138
TILE	2026-06-01	29.249	29.75	28.27	29.26	743163
TILE	2026-06-02	29.41	29.42	28.52	28.78	563553
TILE	2026-06-03	28.49	29.13	28.17	29.09	519476
TILE	2026-06-04	29.39	29.93	29.345	29.75	529332
TILE	2026-06-05	29.87	30.44	29.725	30.14	522363
TILE	2026-06-08	30.23	31.05	30.14	30.5	640453
TILE	2026-06-09	30.67	31.61	30	31.35	573581
TILE	2026-06-10	31.21	31.31	30.32	30.4	597170
TILE	2026-06-11	30.48	31.36	30.28	31.32	456624
TILE	2026-06-12	31.47	32.26	31.31	31.87	986632
TILE	2026-06-15	32.17	32.34	31.195	31.35	602943
TILE	2026-06-16	31.64	31.97	31.21	31.55	301313
TILE	2026-06-17	31.52	31.93	30.82	30.93	455200
TILE	2026-06-18	31.26	32.68	31.26	32.56	1317327
TILE	2026-06-22	32.47	32.939	32.26	32.36	395083
TILE	2026-06-23	32.11	32.69	31.83	32.41	358638
TILE	2026-06-24	32.49	34.255	32.49	34.24	438991
TILE	2026-06-25	34.5	35.5999	34.39	35.51	600280
TILE	2026-06-26	35.39	36.05	34.91	35.74	1992323
TILE	2026-06-29	35.5	35.795	35.13	35.68	589090
TILE	2026-06-30	35.68	35.96	35.455	35.84	391191
TILE	2026-07-01	36.51	36.658	35.75	35.94	433957
TILE	2026-07-02	36	36.09	34.745	35.67	502268
TILE	2026-07-06	35.67	35.67	34.6618	34.81	471217
TILE	2026-07-07	35	35	33.35	33.64	506268
TILE	2026-07-08	33.26	33.27	31.11	32.14	929097
TILE	2026-07-09	32.33	33.42	32.33	33.24	595382
TILE	2026-07-10	33.22	33.93	33.01	33.26	408954
TILE	2026-07-13	33.03	33.39	31.93	32.3	430826
TILE	2026-07-14	32.58	33.01	32.32	32.94	422946
TILE	2026-07-15	32.74	33.71	32.74	33.41	341265
TILE	2026-07-16	33.33	34.82	33.33	33.99	391217
TILE	2026-07-17	33.57	34.06	33	33.06	447803
TILE	2026-07-20	33.2	33.2	32.02	32.05	429076
TILE	2026-07-21	32.15	32.48	31.53	32.45	331451
TILE	2026-07-22	32.82	33.63	32.65	32.73	285399
TILE	2026-07-23	32.06	32.67	31.96	32.65	312206
TILE	2026-07-24	32.82	33.36	32.66	32.98	227541
TILE	2026-07-27	33.28	33.765	33.25	33.73	222709
TILE	2026-07-28	34.04	34.94	34.04	34.45	301919
TILE	2026-07-29	34	34.015	33.2	33.52	283979
TILE	2026-07-30	34	34.12	33.41	33.8	354752
TILE	2026-07-31	33.68	34.36	33.35	34.26	265051
TILE	2026-08-03	34.66	35.5	34.66	34.96	384342
TILE	2026-08-04	35.21	35.524	34.57	34.61	674701
TILE	2026-08-05	34.76	35.39	34.253	35.19	330714
TILE	2026-08-06	35.19	35.5099	34.86	35.1	365375
TILE	2026-08-07	37.75	40.5	36.49	38.29	1184177
TILE	2026-08-10	38	39.51	37.3	37.49	556291
TILE	2026-08-11	37.71	38.73	37.33	38.54	519853
TILE	2026-08-12	38.55	39.05	37.15	38.53	547232
TILE	2026-08-13	38.77	39.18	38.58	38.73	619621
TILE	2026-08-14	38.62	38.66	37.655	37.96	436318
TILE	2026-08-17	37.95	38.31	37.54	38.04	440277
TILE	2026-08-18	37.93	38.94	37.55	38.52	394843
TILE	2026-08-19	39.29	39.52	38.835	39.32	381175
TILE	2026-08-20	38.52	39.41	38.3001	39.08	383286
TILE	2026-08-21	39.45	39.63	38.55	38.94	314891
TILE	2026-08-24	39.09	39.6399	38.2	38.27	320545
TMCR	2026-05-01	16	16.05	15.27	15.7	8959
TMCR	2026-05-04	16.39	17.86	15.51	15.59	40357
TMCR	2026-05-05	15.75	17	15	15.5	94870
TMCR	2026-05-06	15.5	16.78	14.8	15.2	344790
TMCR	2026-05-07	15.96	16.01	14.8	14.99	96800
TMCR	2026-05-08	14.9	15	14.605	14.75	55492
TMCR	2026-05-11	14.82	15.38	13.6	13.75	363974
TMCR	2026-05-12	13.56	14.92	13.23	13.87	198514
TMCR	2026-05-13	13.79	14.5	13.6	13.71	17594
TMCR	2026-05-14	14.2	14.5	13.6755	14.06	66059
TMCR	2026-05-15	14.06	14.165	13.37	13.93	25044
TMCR	2026-05-18	14	14.7262	13.05	13.3	41623
TMCR	2026-05-19	13.64	14.139	12.7	13	27462
TMCR	2026-05-20	13.02	13.5	12.86	13.48	43189
TMCR	2026-05-21	13.48	13.9846	13.21	13.95	47704
TMCR	2026-05-22	13.81	14.15	13.5001	13.77	34863
TMCR	2026-05-26	13.8	14	13.2738	13.31	28513
TMCR	2026-05-27	13.475	13.475	12.9	13.28	29300
TMCR	2026-05-28	13.35	13.6	12.5	12.53	37521
TMCR	2026-05-29	12.25	12.92	12.07	12.85	13233
TMCR	2026-06-01	12.79	13.1	12.6122	12.9	45213
TMCR	2026-06-02	13.58	13.58	12.65	12.78	46315
TMCR	2026-06-03	12.79	12.98	12.01	12.84	45329
TMCR	2026-06-04	12.9	13.4899	12.5	13	47949
TMCR	2026-06-05	13.04	13.09	11.4	11.47	41684
TMCR	2026-06-08	11.89	12.8417	11.11	11.5	26348
TMCR	2026-06-09	11.4	11.5	10.11	10.25	126548
TMCR	2026-06-10	10.25	11	10.2	10.2	47235
TMCR	2026-06-11	10.13	10.585	8.72	9.405	248570
TMCR	2026-06-12	9.44	10.25	8.8	9.34	66804
TMCR	2026-06-15	9.37	9.9279	9.27	9.48	39383
TMCR	2026-06-16	9.79	10.1392	9.25	9.25	37763
TMCR	2026-06-17	9.15	9.99	8.9	9.36	88028
TMCR	2026-06-18	9.24	9.45	8.26	8.35	91967
TMCR	2026-06-22	8.29	8.7499	8.15	8.15	29649
TMCR	2026-06-23	8	8.375	7.51	7.75	65985
TMCR	2026-06-24	7.51	7.97	6.95	7.23	61926
TMCR	2026-06-25	7.3	7.91	6.7	6.9	149385
TMCR	2026-06-26	6.77	7.4997	6.475	6.7	128641
TMCR	2026-06-29	6.71	7.7499	6.4008	7.09	183203
TMCR	2026-06-30	7.15	7.3394	6.5	7.14	73841
TMCR	2026-07-01	7.11	7.285	6.75	6.86	90232
TMCR	2026-07-02	7.02	7.27	6.395	6.58	72558
TMCR	2026-07-06	7	7.15	6.01	6.47	77854
TMCR	2026-07-07	6.26	6.605	5.65	6.17	69476
TMCR	2026-07-08	6	6.47	5.73	5.81	144132
TMCR	2026-07-09	5.9002	6.75	5.6	6.39	151345
TMCR	2026-07-10	6.55	6.6	5.77	6.11	49491
TMCR	2026-07-13	6.01	6.15	5.75	5.93	32204
TMCR	2026-07-14	5.85	6.09	5.71	5.785	32417
TMCR	2026-07-15	5.92	5.92	5.45	5.69	51551
TMCR	2026-07-16	5.63	5.7223	5.22	5.3	23051
TMCR	2026-07-17	5.18	5.5509	5.18	5.2	38645
TMCR	2026-07-20	5.26	5.4256	5.14	5.265	11387
TMCR	2026-07-21	5.35	6.03	5.25	6	60872
TMCR	2026-07-22	6.11	6.3866	5.95	5.95	59088
TMCR	2026-07-23	5.95	6.175	5.425	5.48	22490
TMCR	2026-07-24	5.32	5.91	5.32	5.87	54214
TMCR	2026-07-27	5.7	6.39	5.7	6.39	62983
TMCR	2026-07-28	6.3	6.3249	6	6.15	23473
TMCR	2026-07-29	6.15	6.37	5.96	6.23	98396
TMCR	2026-07-30	6.2	6.59	6.1	6.2	76408
TMCR	2026-07-31	6.24	6.55	5.55	5.85	148567
TMCR	2026-08-03	5.99	6.275	5.39	5.4	76845
TMCR	2026-08-04	5.41	6.01	5.41	5.86	17045
TMCR	2026-08-05	6	6.5	5.96	6.1	64843
TMCR	2026-08-06	6.05	6.2645	5.55	5.66	38958
TMCR	2026-08-07	5.69	6.155	5.69	5.9	65836
TMCR	2026-08-10	5.91	6.45	5.91	6.23	50214
TMCR	2026-08-11	6.225	6.67	5.925	6.29	56988
TMCR	2026-08-12	6.24	6.31	6.05	6.31	19711
TMCR	2026-08-13	6.39	6.39	5.56	6.13	106497
TMCR	2026-08-14	6.08	7.8	6.06	7.69	126623
TMCR	2026-08-17	7.69	7.69	6.5101	6.57	214709
TMCR	2026-08-18	6.6	6.9439	6.31	6.4	33680
TMCR	2026-08-19	6.51	6.86	6.0681	6.41	25334
TMCR	2026-08-20	6.46	6.47	5.8314	6.01	50506
TMCR	2026-08-21	6.12	6.6	6	6.12	57195
TMCR	2026-08-24	5.98	6.2	4.9	6	692924
TNXP	2026-05-01	12.9	13.85	12.9	13.6	346323
TNXP	2026-05-04	13.41	14.09	13	13.03	591338
TNXP	2026-05-05	13.11	13.55	12.725	13.5	267501
TNXP	2026-05-06	14	15.18	14	14.69	877216
TNXP	2026-05-07	14.65	14.78	13.455	13.62	453343
TNXP	2026-05-08	13.7	14.14	13.52	14.09	260568
TNXP	2026-05-11	13.99	14.48	13.8722	14.11	260096
TNXP	2026-05-12	12.78	14.11	12.52	13.28	532078
TNXP	2026-05-13	13.26	13.86	13.0201	13.84	311445
TNXP	2026-05-14	13.74	14.58	13.2	14.09	465380
TNXP	2026-05-15	13.71	15.8214	13.5	15.74	717582
TNXP	2026-05-18	15.78	15.88	14.005	14.26	592845
TNXP	2026-05-19	13.94	14.25	13.42	13.71	296339
TNXP	2026-05-20	13.8	14.705	13.7045	14.5	221656
TNXP	2026-05-21	14.26	14.63	13.9	14	349778
TNXP	2026-05-22	14	14.01	12.75	12.77	616285
TNXP	2026-05-26	12.95	13.6	12.58	12.77	593012
TNXP	2026-05-27	12.8	13.04	12.02	12.15	676669
TNXP	2026-05-28	12.29	12.795	12.1163	12.64	381155
TNXP	2026-05-29	12.63	12.67	12.08	12.33	419880
TNXP	2026-06-01	12.3	12.54	12.12	12.29	325134
TNXP	2026-06-02	12.18	12.2	11.51	11.72	734443
TNXP	2026-06-03	11.69	11.69	11.31	11.4	359897
TNXP	2026-06-04	11.28	12.42	11.21	11.88	580322
TNXP	2026-06-05	11.87	11.905	10.87	11.07	476866
TNXP	2026-06-08	11.54	12.2699	11.46	11.71	470576
TNXP	2026-06-09	11.72	12.03	11.0301	11.46	539778
TNXP	2026-06-10	11.98	12.78	10.87	10.96	1147598
TNXP	2026-06-11	11	11.01	10.03	10.65	1049063
TNXP	2026-06-12	10.65	11.4	10.41	11.35	674689
TNXP	2026-06-15	11.7	12.02	11.48	11.52	419883
TNXP	2026-06-16	11.52	11.78	11.12	11.63	371884
TNXP	2026-06-17	11.65	12.5899	11.52	12.2	559196
TNXP	2026-06-18	12.48	12.87	11.89	12.01	566675
TNXP	2026-06-22	11.95	12.54	11.93	12.2	395530
TNXP	2026-06-23	11.79	12.58	11.78	11.96	464607
TNXP	2026-06-24	11.96	12.3	11.835	12.1	374729
TNXP	2026-06-25	12.35	13.57	11.95	11.98	717671
TNXP	2026-06-26	11.96	13.32	11.585	13.22	1601835
TNXP	2026-06-29	12.97	13.41	12.55	12.75	524173
TNXP	2026-06-30	12.77	12.9936	12.65	12.76	308389
TNXP	2026-07-01	12.84	12.97	12.29	12.44	288172
TNXP	2026-07-02	12.63	12.99	12.13	12.34	325578
TNXP	2026-07-06	12.28	12.77	12.11	12.71	188483
TNXP	2026-07-07	12.78	12.78	12.2514	12.71	260731
TNXP	2026-07-08	12.7	13.19	12.18	12.78	690876
TNXP	2026-07-09	12.56	13.06	12.1	13.03	733646
TNXP	2026-07-10	13.07	13.15	12.36	12.53	504865
TNXP	2026-07-13	12.51	12.71	11.04	11.705	1029378
TNXP	2026-07-14	11.62	11.62	10.89	11.06	605772
TNXP	2026-07-15	11.17	11.84	11.1169	11.61	361833
TNXP	2026-07-16	11.49	11.89	11.2	11.85	419695
TNXP	2026-07-17	11.64	12.755	11.495	12.43	690282
TNXP	2026-07-20	12.39	12.42	10.945	10.98	700625
TNXP	2026-07-21	11.02	11.78	10.79	11.56	403316
TNXP	2026-07-22	11.38	11.549	10.56	10.59	548190
TNXP	2026-07-23	10.55	10.7099	10.38	10.62	376585
TNXP	2026-07-24	10.61	10.6599	9.81	9.88	711394
TNXP	2026-07-27	10	10.58	9.99	10.37	403090
TNXP	2026-07-28	10.16	10.48	9.91	9.94	451235
TNXP	2026-07-29	10	10.31	9.43	9.51	541063
TNXP	2026-07-30	9.45	10.18	9.4	10.09	328262
TNXP	2026-07-31	10.18	10.2133	9.58	10.01	466402
TNXP	2026-08-03	10.11	10.69	9.96	10.665	342906
TNXP	2026-08-04	10.78	11.4	10.76	11.21	358781
TNXP	2026-08-05	11.19	11.7067	11.11	11.26	260879
TNXP	2026-08-06	11.27	11.695	11.15	11.65	225911
TNXP	2026-08-07	11.78	12.08	11.47	12.03	384838
TNXP	2026-08-10	11.62	13.8905	11.05	12.59	1499795
TNXP	2026-08-11	12.8	12.825	11.95	12.34	496184
TNXP	2026-08-12	12.32	12.74	11.8	11.97	547760
TNXP	2026-08-13	12	12.74	11.79	12.5	556629
TNXP	2026-08-14	12.58	12.725	12.08	12.71	347604
TNXP	2026-08-17	12.72	12.84	11.97	12.66	388685
TNXP	2026-08-18	12.41	12.83	12.2696	12.66	186082
TNXP	2026-08-19	12.67	13.16	12.6264	12.73	597576
TNXP	2026-08-20	12.66	12.79	12.3274	12.39	360489
TNXP	2026-08-21	12.57	12.82	12.52	12.55	367650
TNXP	2026-08-24	12.89	12.9	12.25	12.45	249652
TRU	2026-05-01	71.93	73.08	70.3	70.53	1864887
TRU	2026-05-04	70.21	71.48	68.975	69.05	2534306
TRU	2026-05-05	68.84	70.19	67.25	68.24	2666446
TRU	2026-05-06	68.87	70.73	68.77	70.7	2863326
TRU	2026-05-07	71.2	73.62	71.2	72.95	2049661
TRU	2026-05-08	72.73	73.13	71.17	72	1477273
TRU	2026-05-11	71.47	72.08	69.495	69.99	1579691
TRU	2026-05-12	70.34	71.38	68.78	69.2	2061602
TRU	2026-05-13	68.26	69.735	66.495	66.57	2386951
TRU	2026-05-14	67.13	68.04	66.08	66.18	1724863
TRU	2026-05-15	66.65	67.735	66.03	66.26	1697510
TRU	2026-05-18	66.96	69.55	65.71	68.6	1649999
TRU	2026-05-19	68.61	69.595	65.97	66.08	3389267
TRU	2026-05-20	65.93	68.97	64.51	68.93	1915745
TRU	2026-05-21	67.94	70.18	66.945	69.47	1604020
TRU	2026-05-22	70.32	71.68	69.78	70.66	1541630
TRU	2026-05-26	69.98	71.07	69.52	70.57	1786608
TRU	2026-05-27	70.6	71.31	69.58	70.84	1317691
TRU	2026-05-28	70.06	71.949	69.45	71.66	1757767
TRU	2026-05-29	71.87	72.75	70.85	71.56	2430501
TRU	2026-06-01	70.73	74.195	70.66	73.51	1604568
TRU	2026-06-02	72.41	73.92	70.985	73.75	1666805
TRU	2026-06-03	71.89	72.92	68.42	69.39	2291054
TRU	2026-06-04	71.66	73.17	70.38	70.61	1153149
TRU	2026-06-05	70.64	71.33	69.54	70.66	1357429
TRU	2026-06-08	70.02	70.59	68.81	68.81	1797997
TRU	2026-06-09	68.7	71.005	68.125	69.92	1724438
TRU	2026-06-10	69.32	69.87	67.81	67.85	1903205
TRU	2026-06-11	66.93	67.14	64.58	65.7	2870644
TRU	2026-06-12	66.37	66.9	65.24	66.13	3517349
TRU	2026-06-15	66.75	68.7	66.75	67.31	2620246
TRU	2026-06-16	68	68.93	66.05	68.92	3232846
TRU	2026-06-17	68.07	70.07	63.96	64.44	2192256
TRU	2026-06-18	64.9	65.35	63.58	64.6	7828928
TRU	2026-06-22	63.93	64.915	63.37	64.43	2848424
TRU	2026-06-23	65.4	66.35	65.3058	65.96	2879561
TRU	2026-06-24	67.1	70.31	66.35	68	3052561
TRU	2026-06-25	68.19	69.94	66.71	67	3390668
TRU	2026-06-26	67.59	70.67	66.76	70.35	3478422
TRU	2026-06-29	70.69	71.94	69.95	71.79	3126943
TRU	2026-06-30	70.5	72.51	70.195	72.14	2731512
TRU	2026-07-01	72.64	75.42	72.4	74.47	2850660
TRU	2026-07-02	75.18	78.4	74.555	78.31	3198996
TRU	2026-07-06	78.84	79.8	77.215	79.28	2930119
TRU	2026-07-07	79.83	80.63	78.621	78.78	2889306
TRU	2026-07-08	77.19	77.8	75.98	76.64	2424194
TRU	2026-07-09	76.26	77.15	75.43	76.33	2150239
TRU	2026-07-10	77.64	78.0351	73.445	75.02	2080395
TRU	2026-07-13	75.63	76.9	75.63	76.21	1673182
TRU	2026-07-14	74.82	76.17	74.66	75.58	1565593
TRU	2026-07-15	74.91	78.805	74.82	77.6	1887421
TRU	2026-07-16	78.55	80.88	78.16	80.73	1690807
TRU	2026-07-17	80.56	82.1	79.16	79.85	1943166
TRU	2026-07-20	79.43	79.85	77.37	79.01	1673199
TRU	2026-07-21	74.975	77.09	74.46	76.03	2388483
TRU	2026-07-22	75.45	77.605	74.93	75.4	1422247
TRU	2026-07-23	75.11	75.48	72.79	73.83	1548225
TRU	2026-07-24	74.91	77.14	74.43	76.51	2130991
TRU	2026-07-27	77.88	78.955	75.23	77.24	3981187
TRU	2026-07-28	76.9	86.49	76.9	83.8	5989203
TRU	2026-07-29	84.86	85.505	82.36	83.73	3343403
TRU	2026-07-30	82	82	78.4	80.26	2157433
TRU	2026-07-31	78.99	80.12	77.3	78.62	2091331
TRU	2026-08-03	79.96	82.38	79.125	79.98	1434184
TRU	2026-08-04	79.24	81.8	79.22	81.72	1633133
TRU	2026-08-05	82.61	82.765	78.75	79.97	2000882
TRU	2026-08-06	79.99	80.4	78.24	79.2	1631543
TRU	2026-08-07	80.64	81.71	79.49	80.02	1720169
TRU	2026-08-10	79.5	80.17	78.295	79.14	1729191
TRU	2026-08-11	78.49	80.95	78.29	80.37	1474252
TRU	2026-08-12	79.49	80.265	78.38	79.44	1855621
TRU	2026-08-13	79.64	81.76	78.54	81.13	2821996
TRU	2026-08-14	81.92	81.92	79.54	80.48	1076341
TRU	2026-08-17	80.39	80.47	78.45	78.7	1276006
TRU	2026-08-18	79.52	80.51	78.75	79.47	1644501
TRU	2026-08-19	80.21	84.24	79.62	83.54	1907201
TRU	2026-08-20	83.24	85.265	82.53	85.11	2001470
TRU	2026-08-21	85.76	86.37	84.365	84.61	1691720
TRU	2026-08-24	84.59	85.71	84.055	84.87	1463026
TRUP	2026-05-01	25.5	27.375	23.8	24.33	679153
TRUP	2026-05-04	24.46	26.84	24.38	26.36	650059
TRUP	2026-05-05	26.24	26.575	25.595	25.91	432258
TRUP	2026-05-06	25.8	26.27	24.91	24.92	305948
TRUP	2026-05-07	24.97	26.14	24.77	25.59	344170
TRUP	2026-05-08	25.52	25.54	24.49	24.61	289599
TRUP	2026-05-11	24.59	24.59	23.74	23.84	420102
TRUP	2026-05-12	23.88	24.125	23.6	23.78	426921
TRUP	2026-05-13	23.43	23.43	22.5401	22.59	381791
TRUP	2026-05-14	22.61	23.09	22.215	22.36	347969
TRUP	2026-05-15	22.36	23.0399	21.92	22.33	362788
TRUP	2026-05-18	22.13	23.2	22.02	22.45	327527
TRUP	2026-05-19	22.39	22.97	21.98	22.08	372513
TRUP	2026-05-20	21.93	22.13	21.37	21.88	511623
TRUP	2026-05-21	21.78	22.36	21.16	21.85	656240
TRUP	2026-05-22	21.8	22.15	21.52	21.98	374840
TRUP	2026-05-26	21.87	22.23	21.64	21.86	336999
TRUP	2026-05-27	21.86	22.645	21.5	21.69	371771
TRUP	2026-05-28	21.55	22.4	21.17	22.15	323355
TRUP	2026-05-29	22.08	22.2733	21.6	21.82	400406
TRUP	2026-06-01	21.875	22.76	21.77	22.26	403304
TRUP	2026-06-02	21.77	22.23	21.32	22.13	380816
TRUP	2026-06-03	22.1	22.115	21.24	21.46	452745
TRUP	2026-06-04	21.91	22.36	21.362	21.75	378460
TRUP	2026-06-05	21.97	22.4	21.47	22	316106
TRUP	2026-06-08	22.01	22.38	21.715	22.05	321816
TRUP	2026-06-09	22.05	22.74	22.05	22.17	278499
TRUP	2026-06-10	22.18	23.85	22.07	23.38	456037
TRUP	2026-06-11	23.38	23.88	22.98	23.29	297503
TRUP	2026-06-12	23.21	23.75	22.94	23.65	346488
TRUP	2026-06-15	23.54	23.93	23.34	23.9	381591
TRUP	2026-06-16	23.91	24.485	23.9	24.44	421854
TRUP	2026-06-17	24.27	24.56	23.17	23.57	506366
TRUP	2026-06-18	23.73	23.945	23.29	23.54	500524
TRUP	2026-06-22	23.09	24.21	23.0057	23.25	333783
TRUP	2026-06-23	23.64	24.0993	23.47	23.57	278472
TRUP	2026-06-24	23.54	24.48	23.54	23.89	333446
TRUP	2026-06-25	23.89	24.6	23.52	23.97	283736
TRUP	2026-06-26	23.97	25.8	23.97	25.35	810100
TRUP	2026-06-29	25.35	25.75	25.01	25.46	504401
TRUP	2026-06-30	25.39	25.39	24.34	24.77	410868
TRUP	2026-07-01	25.25	26.545	25.23	26.15	446225
TRUP	2026-07-02	26.13	26.97	25.835	26.91	370184
TRUP	2026-07-06	26.91	26.98	26.3	26.87	304811
TRUP	2026-07-07	27.23	27.62	26.875	27.05	334132
TRUP	2026-07-08	26.92	27.56	26.43	26.44	370464
TRUP	2026-07-09	26	26.31	25.52	25.84	311152
TRUP	2026-07-10	25.87	26.33	25.52	25.83	210903
TRUP	2026-07-13	26.09	27.55	26.03	27.37	401922
TRUP	2026-07-14	26.89	27.08	25.79	25.82	207939
TRUP	2026-07-15	25.8	26.155	24.91	25.47	281487
TRUP	2026-07-16	25.77	26.975	25.76	26.35	365087
TRUP	2026-07-17	26.26	27.08	26.26	26.7	355754
TRUP	2026-07-20	26.5	27	26.1905	26.74	361324
TRUP	2026-07-21	26.35	26.64	25.46	25.85	250177
TRUP	2026-07-22	25.89	25.89	24.435	24.45	281815
TRUP	2026-07-23	24.01	24.4	23.475	23.5	314857
TRUP	2026-07-24	23.63	24.34	23.58	23.99	274366
TRUP	2026-07-27	24.37	25.07	24.37	24.87	337638
TRUP	2026-07-28	25.08	25.97	25.08	25.5	338687
TRUP	2026-07-29	25.21	26.07	25.21	25.85	483768
TRUP	2026-07-30	25.42	25.52	24.25	24.48	294300
TRUP	2026-07-31	24.63	24.71	24.005	24.49	240036
TRUP	2026-08-03	24.98	25.44	24.3	24.92	490768
TRUP	2026-08-04	24.41	24.923	24.32	24.65	515054
TRUP	2026-08-05	24.65	24.845	23.98	24.39	376942
TRUP	2026-08-06	27.59	29.278	26.3	28.16	1953617
TRUP	2026-08-07	27.9	28.21	26.5505	26.99	621498
TRUP	2026-08-10	26.81	29.54	26.81	29.06	1652274
TRUP	2026-08-11	29.05	30.88	29.05	30.51	872794
TRUP	2026-08-12	30.14	31.415	29.78	30.32	524213
TRUP	2026-08-13	30.64	31.05	30.12	31	342897
TRUP	2026-08-14	31.065	31.29	30.43	30.6	276121
TRUP	2026-08-17	30.33	30.71	29.58	29.99	610818
TRUP	2026-08-18	30.04	30.37	29.835	29.97	441656
TRUP	2026-08-19	30.21	31.48	30.2	31.1	394461
TRUP	2026-08-20	31.2	31.47	30.471	30.68	325525
TRUP	2026-08-21	30.77	31.42	30.42	31.1	327411
TRUP	2026-08-24	31.05	31.82	30.585	31.76	372444
TSAT	2026-05-01	49.18	49.87	47.85	48.58	138914
TSAT	2026-05-04	48.5	49.85	47.935	48.62	115058
TSAT	2026-05-05	45.17	50.1	44.902	47.79	249193
TSAT	2026-05-06	48.29	50.7	46.53	49.12	246294
TSAT	2026-05-07	48.85	54.24	48.85	52.35	239724
TSAT	2026-05-08	52.99	55.38	51.6228	54.65	192886
TSAT	2026-05-11	54.23	55.825	53.03	54.91	130248
TSAT	2026-05-12	54.25	54.38	51.01	53.21	180061
TSAT	2026-05-13	53.62	55.375	52.69	53.62	149740
TSAT	2026-05-14	52.59	54.57	52.125	53.91	165412
TSAT	2026-05-15	51.22	53	50.77	52.01	155771
TSAT	2026-05-18	52.41	55	50.54	52.31	448320
TSAT	2026-05-19	51.58	51.93	48.11	50.33	197189
TSAT	2026-05-20	51.22	51.845	48.26	51.1	175641
TSAT	2026-05-21	50.87	52.2	50.375	52.16	142757
TSAT	2026-05-22	52.82	55	52.5317	53.5	159971
TSAT	2026-05-26	55.36	59	54.66	57.8	337289
TSAT	2026-05-27	58.68	59.09	56.82	57.34	349791
TSAT	2026-05-28	57.01	59.12	55.31	58.51	114578
TSAT	2026-05-29	58.68	58.68	52.89	54.21	137807
TSAT	2026-06-01	52.83	53.5	49.44	49.71	227278
TSAT	2026-06-02	49.65	52.315	49.44	50.14	148679
TSAT	2026-06-03	49.39	49.54	44.7	46.79	391423
TSAT	2026-06-04	47.31	55.1	46.725	54.99	724142
TSAT	2026-06-05	55.98	55.98	43.89	44.56	602192
TSAT	2026-06-08	47.2	48.2499	43.54	44.77	397822
TSAT	2026-06-09	46.35	47.76	41.08	44.51	663639
TSAT	2026-06-10	43.66	44.95	42.95	43.89	303443
TSAT	2026-06-11	44.78	50.305	44.365	50.12	428029
TSAT	2026-06-12	51	51	45.085	46.91	379266
TSAT	2026-06-15	49.02	51.78	46.08	48.35	384688
TSAT	2026-06-16	48.83	48.83	44.39	44.8	322165
TSAT	2026-06-17	45.2	48.9	44.4	47.48	292765
TSAT	2026-06-18	50.24	50.24	44.8	45.61	184284
TSAT	2026-06-22	44.92	45.31	42.75	44.57	271861
TSAT	2026-06-23	42.83	44.66	41.75	43.77	189798
TSAT	2026-06-24	43.77	44.55	41.99	42.61	230387
TSAT	2026-06-25	43.21	43.5425	40.92	41.77	260938
TSAT	2026-06-26	40.8	43.13	40.8	42.13	178238
TSAT	2026-06-29	43.62	46.415	43.4036	46	280975
TSAT	2026-06-30	46	50.7	45.5565	50.62	247380
TSAT	2026-07-01	50.09	52	46.73	46.88	180608
TSAT	2026-07-02	46.58	49.1542	44.89	46.23	145450
TSAT	2026-07-06	46.3	47.87	45.85	46.37	110150
TSAT	2026-07-07	45.58	45.58	43.6191	43.94	172957
TSAT	2026-07-08	42.98	46.99	42.98	45.08	207883
TSAT	2026-07-09	45.37	45.37	41.33	42.46	356603
TSAT	2026-07-10	42.17	42.8449	40.4	41.35	202940
TSAT	2026-07-13	41.31	41.5	37.28	37.7	336910
TSAT	2026-07-14	37.9	39.8573	37.77	39.01	209738
TSAT	2026-07-15	39.1	39.74	36.351	37.92	168408
TSAT	2026-07-16	39.24	39.24	36.54	37.47	332953
TSAT	2026-07-17	36.34	37.84	36.19	36.38	207984
TSAT	2026-07-20	36.06	38.59	36.06	37.01	209520
TSAT	2026-07-21	37.71	39.71	37.3201	38.92	132791
TSAT	2026-07-22	38.92	40.305	38.67	39.52	150869
TSAT	2026-07-23	38.75	40.28	38.579368	39.38	152402
TSAT	2026-07-24	39.28	39.28	37.3	37.47	150142
TSAT	2026-07-27	38.05	38.69	36.2	37.75	192082
TSAT	2026-07-28	37.06	37.1975	35.61	36.99	192960
TSAT	2026-07-29	36.88	36.88	34.14	34.41	280093
TSAT	2026-07-30	35.5	37.79	34.91	37.44	145787
TSAT	2026-07-31	38.26	38.55	36.91	37.26	132622
TSAT	2026-08-03	37.19	40.2854	36.4	40.18	155681
TSAT	2026-08-04	44	55.5225	43.12	54.75	1314844
TSAT	2026-08-05	51.9	53.8403	51.03	51.28	265590
TSAT	2026-08-06	51.28	55.74	50.26	54.08	274500
TSAT	2026-08-07	54.91	59.03	54.12	58.92	367938
TSAT	2026-08-10	59.29	60.775	55.6909	56.74	222695
TSAT	2026-08-11	56.83	60	56.74	59.48	233395
TSAT	2026-08-12	61	61.5399	59.72	61.4	211462
TSAT	2026-08-13	57.35	60.24	51.74	52.62	312435
TSAT	2026-08-14	53.53	54.1	48.71	50.64	335578
TSAT	2026-08-17	50.58	53.51	50.3	50.55	232719
TSAT	2026-08-18	49.3	49.59	46.805	47.31	211962
TSAT	2026-08-19	47.61	48.2	45.11	46.09	194513
TSAT	2026-08-20	45.33	45.92	43.05	44.3	319303
TSAT	2026-08-21	44.87	45.66	43.45	44.29	159528
TSAT	2026-08-24	44.21	44.21	42	42.17	224214
TSEM	2026-05-01	215.33	223.57	213.01	218.01	1442237
TSEM	2026-05-04	218.025	220.99	208.31	215.06	1629804
TSEM	2026-05-05	223.18	228.99	217.6	225.53	1683269
TSEM	2026-05-06	232.67	232.67	214.0071	216.87	2280847
TSEM	2026-05-07	211.84	213.87	200.89	210	2771454
TSEM	2026-05-08	215.11	216.31	205.3329	211.02	1586164
TSEM	2026-05-11	212.36	230.6	211.98	228.88	2679477
TSEM	2026-05-12	222.73	224.16	209.76	220.83	2314667
TSEM	2026-05-13	253.95	271.92	243.5	270.77	6073982
TSEM	2026-05-14	267.97	283.4599	262	280.69	3319888
TSEM	2026-05-15	274.86	278.495	262.2412	273.98	2214861
TSEM	2026-05-18	272.85	277.85	240.83	248.07	3267554
TSEM	2026-05-19	240.9	258.56	235.71	251.28	2876027
TSEM	2026-05-20	258.25	268.44	256.77	264.48	1743327
TSEM	2026-05-21	260.33	279.66	259.65	279.01	1540194
TSEM	2026-05-22	287.66	288.19	279.01	283.43	1383005
TSEM	2026-05-26	300	302.86	273.97	288.53	2502317
TSEM	2026-05-27	288.89	290.074	273	277.79	1452535
TSEM	2026-05-28	287.26	289.89	269.605	275.5	1353726
TSEM	2026-05-29	283.22	285	244.355	255.23	3354407
TSEM	2026-06-01	252.855	253	240.975	252.53	2482350
TSEM	2026-06-02	260.34	282.25	257.2294	274.71	2305883
TSEM	2026-06-03	272.15	276.865	263.755	267.91	1135717
TSEM	2026-06-04	252.432	267	248.64	261.31	1287516
TSEM	2026-06-05	252.285	256.5699	232.77	235.48	1558795
TSEM	2026-06-08	248.275	248.275	239.38	242.04	1273402
TSEM	2026-06-09	244.095	247.25	209.84	228.08	3206194
TSEM	2026-06-10	232.08	238.3299	220.51	233.54	2352051
TSEM	2026-06-11	249.96	258.71	242.11	258.34	2334093
TSEM	2026-06-12	258.34	269.54	255.48	262.92	1207256
TSEM	2026-06-15	275.77	291.44	275.77	286.86	2163609
TSEM	2026-06-16	280.985	285.88	268.03	268.53	1415133
TSEM	2026-06-17	268.6	274.83	263.2	267.13	1207842
TSEM	2026-06-18	276.11	289.89	273.78	286.74	2517512
TSEM	2026-06-22	286.615	319.94	286.615	316.85	3012836
TSEM	2026-06-23	280.28	293.34	276.09	282.65	1852472
TSEM	2026-06-24	278.71	285	268.46	275.32	1245347
TSEM	2026-06-25	288.45	289.7317	262.4901	269.88	1506379
TSEM	2026-06-26	250.15	252.29	239	249.91	1964093
TSEM	2026-06-29	248.32	255.88	233.04	255.59	1600649
TSEM	2026-06-30	252.55	263.5	249.72	260.64	1233668
TSEM	2026-07-01	247	253.69	241.67	245.46	1166361
TSEM	2026-07-02	242.35	243.96	210.67	219.05	2649267
TSEM	2026-07-06	222.16	227.5846	216	218.95	1205186
TSEM	2026-07-07	201.5	213.82	199.631	211.93	1937748
TSEM	2026-07-08	210.18	217.12	205.71	216.7	1441822
TSEM	2026-07-09	224.97	235.57	224.48	226.58	1693195
TSEM	2026-07-10	220.31	224.335	215.69	222.75	790202
TSEM	2026-07-13	212.77	237.74	212.77	229.68	2245912
TSEM	2026-07-14	271.5	274	252.01	255.49	4558208
TSEM	2026-07-15	257.44	270.85	238.45	251	2429039
TSEM	2026-07-16	241.16	247.84	234.381	237.92	1623220
TSEM	2026-07-17	222.518	239.85	211.46	234.1	2510958
TSEM	2026-07-20	239.73	242.255	227.2	227.21	1106060
TSEM	2026-07-21	240.63	253.015	238.8	250.91	1486732
TSEM	2026-07-22	242.78	253.8399	242.7	249.53	1032202
TSEM	2026-07-23	245.79	262.87	245.79	260.42	1263335
TSEM	2026-07-24	254.65	260.49	233.2	233.37	1284288
TSEM	2026-07-27	235.58	235.58	213.69	224.21	1510568
TSEM	2026-07-28	212.1	212.495	198.2	202.99	2059437
TSEM	2026-07-29	207	211	185.0701	187.84	1906011
TSEM	2026-07-30	205.62	215.17	202.23	211.16	1600677
TSEM	2026-07-31	228.36	232.89	213.01	219.67	1865804
TSEM	2026-08-03	205.04	238.97	204	234.32	3491064
TSEM	2026-08-04	225.44	250.36	206.4005	239.53	6320172
TSEM	2026-08-05	229.8	230.73	211	211.14	3306891
TSEM	2026-08-06	208.795	232.68	208.795	224.7	2186657
TSEM	2026-08-07	230.25	255.67	230.07	252.49	2152774
TSEM	2026-08-10	252.055	265.87	252	252.55	2246938
TSEM	2026-08-11	251.11	258.58	242.58	249.58	1167856
TSEM	2026-08-12	264.13	272.85	259	260.31	2013723
TSEM	2026-08-13	254.39	266.72	252.01	252.95	1380210
TSEM	2026-08-14	253.5	268.345	250.41	265.48	1146720
TSEM	2026-08-17	270.16	277.8799	263.42	263.73	1218194
TSEM	2026-08-18	249.785	253.44	234.86	240.55	1840177
TSEM	2026-08-19	241.51	242.025	225.24	226.46	1454182
TSEM	2026-08-20	226.46	227.68	220.86	223.78	977955
TSEM	2026-08-21	226.95	229.79	217.815	222.59	816470
TSEM	2026-08-24	219.51	219.51	209.4	211.1	1898063
TVTX	2026-05-01	42.52	44.7	42.085	44.12	2187863
TVTX	2026-05-04	44.12	45.43	43.76	44.91	2416506
TVTX	2026-05-05	45.74	48.61	43.06	44.8	3310061
TVTX	2026-05-06	43.77	44.89	42.5	44.76	2389813
TVTX	2026-05-07	45.51	45.968	42.1755	42.66	10616025
TVTX	2026-05-08	43.42	43.88	41.77	42.6	2266003
TVTX	2026-05-11	42.6	43.66	41.55	43.51	2455898
TVTX	2026-05-12	43.12	43.54	42.12	42.84	1763736
TVTX	2026-05-13	42.43	44.93	42.27	44.55	2545457
TVTX	2026-05-14	44.98	44.98	43.04	44.1	3027142
TVTX	2026-05-15	43.49	43.95	42.35	42.59	1650974
TVTX	2026-05-18	42.34	43.46	42.14	42.89	1774761
TVTX	2026-05-19	42.66	42.965	41.32	42.26	1263308
TVTX	2026-05-20	42.72	43.69	42.06	43.49	1575125
TVTX	2026-05-21	42.99	44.95	42.84	44.74	1324515
TVTX	2026-05-22	44.39	45	44.12	44.43	803180
TVTX	2026-05-26	44.43	45.53	43.7	44.29	1833024
TVTX	2026-05-27	44.7	48.03	44.16	47.76	3112384
TVTX	2026-05-28	47.63	48.5	46.921	47.76	1854475
TVTX	2026-05-29	47.76	48.58	46.5	47.18	2159790
TVTX	2026-06-01	46.51	46.88	45.015	45.04	1382141
TVTX	2026-06-02	44.18	44.7	42.37	42.96	2272121
TVTX	2026-06-03	43.31	45.57	43.09	45.2	1769272
TVTX	2026-06-04	44.69	47.56	44.69	46.18	1609915
TVTX	2026-06-05	46.5	47.77	45.3	45.81	2892431
TVTX	2026-06-08	46.6	48.29	45.92	47.08	1931307
TVTX	2026-06-09	47.85	49.21	46.74	48.57	2595739
TVTX	2026-06-10	47.78	49.68	46.695	46.74	1628327
TVTX	2026-06-11	46.58	49.57	46.54	48.91	2620640
TVTX	2026-06-12	49.1	52.72	48.98	52.04	2389019
TVTX	2026-06-15	52.44	53.88	52.06	53.8	2105874
TVTX	2026-06-16	53.88	54.38	52.72	53.38	2143937
TVTX	2026-06-17	53.06	55.105	53.06	54.14	1347818
TVTX	2026-06-18	54.655	55.99	53.75	55.15	6587046
TVTX	2026-06-22	56.2	56.81	55	55.11	1742308
TVTX	2026-06-23	54.43	56.005	54.13	55.95	1603485
TVTX	2026-06-24	56.55	57.85	56.02	57.69	2447729
TVTX	2026-06-25	57.85	60.1	57.29	59.03	2814173
TVTX	2026-06-26	59.34	59.81	57.69	58.85	4896252
TVTX	2026-06-29	58.36	58.79	57.27	58.3	1369921
TVTX	2026-06-30	58.61	58.73	56.605	56.81	2420424
TVTX	2026-07-01	57.35	57.61	56.0365	56.34	1526284
TVTX	2026-07-02	56.78	56.95	54.87	56.92	1687496
TVTX	2026-07-06	56.65	58.75	56.65	57.48	1811756
TVTX	2026-07-07	57.79	58.79	56.45	57.85	1268680
TVTX	2026-07-08	57.5	58.49	56.07	58.36	1546348
TVTX	2026-07-09	58.5	59.6899	57.95	58.47	1362899
TVTX	2026-07-10	58	58.485	55	56.59	1233366
TVTX	2026-07-13	55.51	56.82	53.94	56.29	1032927
TVTX	2026-07-14	56.6	57.27	55.5	57.06	843180
TVTX	2026-07-15	56.76	57.62	55.74	56.74	801409
TVTX	2026-07-16	56.08	56.74	54.265	55.28	1438083
TVTX	2026-07-17	54.12	57.3	53	56.71	1460874
TVTX	2026-07-20	56.55	58.1	55.26	55.47	752969
TVTX	2026-07-21	55.47	56.87	55.01	56.58	950249
TVTX	2026-07-22	55.29	56.44	55.29	56.26	919895
TVTX	2026-07-23	54.8	60	54.32	56.68	1569127
TVTX	2026-07-24	56.74	57.62	56.26	57.36	1227850
TVTX	2026-07-27	57.95	59.09	56.67	56.68	1663202
TVTX	2026-07-28	56.92	57.2957	55.07	55.91	1115630
TVTX	2026-07-29	56.49	57.67	54.59	55.56	1157992
TVTX	2026-07-30	56.39	57.835	55.565	57.28	1014815
TVTX	2026-07-31	57.29	57.55	55.3038	55.89	1715028
TVTX	2026-08-03	54.82	56	53.42	54.98	1906447
TVTX	2026-08-04	54.93	56.67	54.22	56.02	2452192
TVTX	2026-08-05	62	66.24	61	62.76	6006653
TVTX	2026-08-06	63.69	65.45	62.1	62.45	2847609
TVTX	2026-08-07	63.53	63.71	60.67	61.32	1226232
TVTX	2026-08-10	60.56	62.57	60.56	60.89	1370622
TVTX	2026-08-11	60.75	61.9656	60.2	60.21	1282667
TVTX	2026-08-12	61.34	62.32	60.4	62.16	1039769
TVTX	2026-08-13	63.328	63.328	61.055	61.43	1285115
TVTX	2026-08-14	60.76	62.48	60.47	62.14	1190172
TVTX	2026-08-17	62.15	64.38	61.619	63.53	1565535
TVTX	2026-08-18	62.87	64	62.5	63.9	884492
TVTX	2026-08-19	65	66.19	63.34	65.96	1521978
TVTX	2026-08-20	64.82	65.54	64.015	64.46	1067083
TVTX	2026-08-21	64.78	66.38	64.495	65.71	1557856
TVTX	2026-08-24	65.78	65.795	63.71	65.22	1021617
U	2026-05-01	26.95	27.6	26.7	27.13	8963998
U	2026-05-04	27.41	28.25	27.005	27.72	10686419
U	2026-05-05	27.99	28.1499	27	27.34	8204310
U	2026-05-06	27.13	27.545	26.63	27.28	13745978
U	2026-05-07	29.86	30.65	26.33	26.73	32750635
U	2026-05-08	26.495	28.18	25.81	28.16	17193833
U	2026-05-11	27.93	28.34	26.05	26.87	14185835
U	2026-05-12	26.75	27.41	26.34	26.84	7966010
U	2026-05-13	26.82	27.06	25.76	26.89	6563368
U	2026-05-14	26.97	27.715	26.52	27.28	7718532
U	2026-05-15	26.99	27.855	26.7001	27.16	12547800
U	2026-05-18	27.22	28.1	26.495	26.8	8846051
U	2026-05-19	27.025	27.2901	25.2106	26.2	9169173
U	2026-05-20	26.44	26.65	25.4505	26.23	6720186
U	2026-05-21	25.775	26.13	25.29	25.54	6618853
U	2026-05-22	25.72	26.58	25.0003	25.57	7736579
U	2026-05-26	26.72	27.6784	26.65	26.77	15050167
U	2026-05-27	26.74	28.27	26.52	27.76	9374301
U	2026-05-28	27.45	30.095	27.312	29.94	14101878
U	2026-05-29	30.04	30.91	29.44	30.47	9577720
U	2026-06-01	31.54	32.575	30.61	32.17	14718317
U	2026-06-02	31.92	31.94	30.405	30.77	10061629
U	2026-06-03	30.25	30.5109	28.96	29.22	6325099
U	2026-06-04	29.68	30.685	29.15	30.03	7515168
U	2026-06-05	30.95	31.4	28.7	29.17	10800700
U	2026-06-08	29.5	29.89	28.74	28.8	6324051
U	2026-06-09	28.52	29.65	26.86	28.44	16202879
U	2026-06-10	27	28.11	26.37	26.66	11467048
U	2026-06-11	26.2	26.9	25.77	26.71	7388644
U	2026-06-12	26.72	27.605	26.11	27.24	6867204
U	2026-06-15	28	28.535	27.765	28.49	6361285
U	2026-06-16	28.23	28.62	27.7008	28.06	6182599
U	2026-06-17	27.92	28.1	26.3	26.47	7005137
U	2026-06-18	26.4	27.5	25.57	27.48	9330636
U	2026-06-22	27	27.63	26.38	27.14	4649932
U	2026-06-23	26.77	27.8	26.65	27.61	7723227
U	2026-06-24	27.59	28.1788	27.02	27.15	5221944
U	2026-06-25	26.86	27.06	25.91	26.71	4571927
U	2026-06-26	26.31	28.49	26.31	28.23	8073912
U	2026-06-29	28.74	29.27	28.14	28.31	4930318
U	2026-06-30	27.87	28.9	27.8	28.58	5576881
U	2026-07-01	29.18	31.21	28.94	30.19	9305058
U	2026-07-02	29.9	30.51	28.64	29.32	7662307
U	2026-07-06	28.94	30.24	28.85	29.65	5642503
U	2026-07-07	30.24	30.7	29.33	29.66	6340736
U	2026-07-08	28.89	29.49	28.3	29.46	4252687
U	2026-07-09	28.82	30.8	28.75	30.73	6288222
U	2026-07-10	32.24	33.05	30.77	30.89	12972440
U	2026-07-13	31	31.1	29.65	30.68	6687532
U	2026-07-14	29.93	31.85	29.781	31.75	5559499
U	2026-07-15	32.17	32.37	30.86	31.27	7508311
U	2026-07-16	31.26	31.785	29.905	30.19	4624992
U	2026-07-17	29.02	29.69	28.62	28.99	6238522
U	2026-07-20	28.87	30.65	28.795	29.81	6955442
U	2026-07-21	29.88	30.675	29.69	29.87	9562795
U	2026-07-22	30.08	30.08	28.87	29.27	6864949
U	2026-07-23	29.05	29.19	27.83	28.94	7846604
U	2026-07-24	29.46	29.53	28.14	28.62	4670010
U	2026-07-27	29.52	30.94	29.24	30.44	6922306
U	2026-07-28	30.12	31.87	29.73	31.83	8005798
U	2026-07-29	32.105	32.85	31.13	32.04	8133083
U	2026-07-30	32.28	33.48	31.705	33.34	8132932
U	2026-07-31	32.68	32.84	30.45	31.71	11557147
U	2026-08-03	32.575	34.27	32.41	33.38	12831027
U	2026-08-04	33.89	35.69	33.49	35.22	15338632
U	2026-08-05	36.15	36.5595	35.06	35.47	17316259
U	2026-08-06	36.01	41.66	34.8	40.81	40975353
U	2026-08-07	42.54	44.38	41.77	43	18519025
U	2026-08-10	42.74	43.55	42.07	43.1	14595823
U	2026-08-11	42.76	43.89	42.1	43.87	11386993
U	2026-08-12	43.69	44.57	42.83	44.53	11274285
U	2026-08-13	44.615	45.84	44.1028	45.79	12546467
U	2026-08-14	45.55	46.39	45.15	46.25	9580353
U	2026-08-17	46.21	46.68	45.02	45.45	9964666
U	2026-08-18	45.5	47.25	45.21	46.74	11826133
U	2026-08-19	46.58	47.7	46.305	47.11	10198617
U	2026-08-20	47.25	48.46	45.76	46.54	12206878
U	2026-08-21	46.77	46.97	46	46.93	7484510
U	2026-08-24	46.76	46.9	45.96	46.16	7441627
ULBI	2026-05-01	6.9	7.2199	6.86	6.86	14031
ULBI	2026-05-04	6.99	7.15	6.6	6.62	20876
ULBI	2026-05-05	6.65	6.938037	6.65	6.83	18817
ULBI	2026-05-06	6.95	7.22	6.71	6.74	33385
ULBI	2026-05-07	6.73	7.185	6.68	7.05	65085
ULBI	2026-05-08	6.01	6.1895	5.6001	5.97	131365
ULBI	2026-05-11	6.08	6.37	5.69	6.125	152721
ULBI	2026-05-12	6.14	6.265	5.77	5.91	21105
ULBI	2026-05-13	5.91	6.1768	5.78	5.875	60252
ULBI	2026-05-14	6.07	6.421	5.97	6.1	48070
ULBI	2026-05-15	6.03	6.1825	5.95	6.07	7574
ULBI	2026-05-18	6.34	6.61	6.1	6.1	90935
ULBI	2026-05-19	6.2	6.5636	5.99	6	66913
ULBI	2026-05-20	6.13	6.15	5.8501	5.99	72025
ULBI	2026-05-21	5.92	6.43	5.9001	6.28	86371
ULBI	2026-05-22	6.29	6.58	6.2001	6.44	57111
ULBI	2026-05-26	6.57	6.96	6.51	6.86	141219
ULBI	2026-05-27	7.33	8	7.01	7.75	253906
ULBI	2026-05-28	7.8	7.99	7.3701	7.76	88289
ULBI	2026-05-29	7.6	7.79	7.24	7.25	50120
ULBI	2026-06-01	7.515	7.6993	7.03	7.26	54590
ULBI	2026-06-02	7.27	7.3759	7.04	7.11	34732
ULBI	2026-06-03	7.12	7.25	6.82	6.905	32507
ULBI	2026-06-04	6.8	7.09	6.683	6.94	30667
ULBI	2026-06-05	6.85	7.1	6.5837	6.69	25964
ULBI	2026-06-08	6.73	6.89	6.6501	6.66	32348
ULBI	2026-06-09	6.69	6.9166	6.29	6.49	36265
ULBI	2026-06-10	6.51	6.68	6.45	6.48	19828
ULBI	2026-06-11	6.49	6.6846	6.42	6.5	12762
ULBI	2026-06-12	6.51	6.795	6.51	6.58	15299
ULBI	2026-06-15	6.66	6.85	6.59	6.6	30628
ULBI	2026-06-16	6.6	6.775	6.41	6.41	22146
ULBI	2026-06-17	6.42	6.51	6.2106	6.29	10748
ULBI	2026-06-18	6.37	6.52	6.37	6.46	21620
ULBI	2026-06-22	6.41	6.4713	6.2	6.315	18238
ULBI	2026-06-23	6.21	6.275	6.16	6.16	11268
ULBI	2026-06-24	6.16	6.4407	6.16	6.23	23667
ULBI	2026-06-25	6.23	6.385	6.17	6.23	18909
ULBI	2026-06-26	6.17	6.3765	6.05	6.19	32356
ULBI	2026-06-29	6.19	6.22	6.005	6.03	33175
ULBI	2026-06-30	6.03	6.415	6.03	6.32	23368
ULBI	2026-07-01	6.25	6.36	6.16	6.26	6688
ULBI	2026-07-02	6.15	6.4199	6.06	6.115	23885
ULBI	2026-07-06	6.12	6.3	6.05	6.11	25911
ULBI	2026-07-07	6.12	6.12	5.9	5.98	34275
ULBI	2026-07-08	5.91	6.06	5.8222	5.83	16067
ULBI	2026-07-09	5.83	5.99	5.75	5.81	39858
ULBI	2026-07-10	5.86	5.99	5.74	5.85	26483
ULBI	2026-07-13	5.83	5.945	5.66	5.66	48602
ULBI	2026-07-14	5.67	5.94	5.63	5.66	35872
ULBI	2026-07-15	5.71	5.83	5.625	5.75	21320
ULBI	2026-07-16	5.75	5.87	5.51	5.55	31823
ULBI	2026-07-17	5.55	5.6535	5.45	5.51	25437
ULBI	2026-07-20	5.51	5.55	5.27	5.27	32241
ULBI	2026-07-21	5.33	5.644	5.33	5.44	49499
ULBI	2026-07-22	5.41	5.56	5.4	5.445	15522
ULBI	2026-07-23	5.4	5.53	5.38	5.38	13581
ULBI	2026-07-24	5.53	5.53	5.27	5.3	16489
ULBI	2026-07-27	5.31	5.5432	5.24	5.41	25853
ULBI	2026-07-28	5.31	5.660827	5.31	5.36	36986
ULBI	2026-07-29	5.32	5.36	5.24	5.3	19720
ULBI	2026-07-30	5.26	5.39	5.16	5.16	39285
ULBI	2026-07-31	5.22	5.28	5.16	5.19	35578
ULBI	2026-08-03	5.26	5.4799	5.2	5.25	28309
ULBI	2026-08-04	5.31	5.62	5.31	5.48	44540
ULBI	2026-08-05	5.61	5.61	5.285	5.31	23876
ULBI	2026-08-06	5.34	5.42	5.255	5.32	49488
ULBI	2026-08-07	6.1	6.4974	5.9	6.35	99830
ULBI	2026-08-10	6.39	6.9709	6.21	6.94	116899
ULBI	2026-08-11	6.94	7.195	6.85	7.16	107043
ULBI	2026-08-12	7.12	7.38	7.12	7.22	90098
ULBI	2026-08-13	7.26	7.49	7.2015	7.44	33074
ULBI	2026-08-14	7.37	7.65	7.01	7.51	42013
ULBI	2026-08-17	7.55	7.66	7.265	7.27	35845
ULBI	2026-08-18	6.9218	7.29	6.9218	7.11	26662
ULBI	2026-08-19	7.18	7.215	6.95	7	28562
ULBI	2026-08-20	7	7.1578	6.83	6.85	26672
ULBI	2026-08-21	6.97	7.09	6.85	7.01	32787
ULBI	2026-08-24	6.93	6.94	6.7	6.77	46722
UMAC	2026-05-01	14.69	14.7	13.62	14.19	2422843
UMAC	2026-05-04	14	14.19	13.55	13.81	2210997
UMAC	2026-05-05	13.88	13.88	13.21	13.59	2240399
UMAC	2026-05-06	13.78	14.27	13.4	14.26	2199385
UMAC	2026-05-07	14.05	14.05	13.34	13.5	2027942
UMAC	2026-05-08	13.61	13.92	12.945	13.42	4213978
UMAC	2026-05-11	13.53	15.83	13.38	15.34	5261634
UMAC	2026-05-12	14.75	15.46	13.89	14.12	3680004
UMAC	2026-05-13	15.125	15.21	13.74	14.97	4855466
UMAC	2026-05-14	15.345	17.07	14.85	16.93	7874942
UMAC	2026-05-15	15.42	16.76	15.02	16.2	5505696
UMAC	2026-05-18	15.86	15.95	13.89	14.45	5549083
UMAC	2026-05-19	14.1	14.27	13.055	13.66	3681965
UMAC	2026-05-20	13.82	14.45	13.36	14.37	2584528
UMAC	2026-05-21	14.29	14.83	13.73	14.8	2548483
UMAC	2026-05-22	14.84	16.88	14.76	16.78	6878366
UMAC	2026-05-26	17	18.88	16.51	17.28	6213665
UMAC	2026-05-27	17.17	19.1	16.65	18.83	6695935
UMAC	2026-05-28	25	32	24.7	29.6	47749353
UMAC	2026-05-29	29.305	32.36	24.28	31.78	25923152
UMAC	2026-06-01	30.07	32	27.4029	28.88	10948127
UMAC	2026-06-02	30.58	34.36	29.972	33.42	14739219
UMAC	2026-06-03	31.08	32.4799	28.26	28.86	9018002
UMAC	2026-06-04	28	32.93	27.11	32.3	8153329
UMAC	2026-06-05	30.81	30.95	25.5501	26.7	7804043
UMAC	2026-06-08	27.82	27.83	24.7641	25.85	5882717
UMAC	2026-06-09	26	26.62	21.94	23.9	6248838
UMAC	2026-06-10	23.7	25.07	22.77	22.85	4499977
UMAC	2026-06-11	23.19	26.35	22.9	25.72	5650481
UMAC	2026-06-12	25.8	26.21	23.15	24.43	4820744
UMAC	2026-06-15	25.71	27.09	24.25	24.73	5363033
UMAC	2026-06-16	24.73	26.925	23.58	25.2	5978196
UMAC	2026-06-17	25	26.42	24.06	24.45	4137390
UMAC	2026-06-18	25.35	25.5	23.11	24.98	5014148
UMAC	2026-06-22	24.85	24.9	22.2901	22.57	4321336
UMAC	2026-06-23	21.44	22.99	21.01	21.51	2960240
UMAC	2026-06-24	21.52	21.52	19.23	19.52	3815183
UMAC	2026-06-25	20.03	20.19	18.4101	18.81	3171002
UMAC	2026-06-26	19	19.68	18.0869	19.1	8995851
UMAC	2026-06-29	19.99	20.18	18.33	19.23	3503556
UMAC	2026-06-30	20.9	23.37	20.05	22.3	9872552
UMAC	2026-07-01	21.5	24.71	21.4201	23.22	6084699
UMAC	2026-07-02	22.68	25.939	21.53	22.08	6157758
UMAC	2026-07-06	21.62	22.59	20.59	21.65	2954366
UMAC	2026-07-07	21.5	21.583	19.48	20.05	3134181
UMAC	2026-07-08	20	21.195	19.72	20.62	2748626
UMAC	2026-07-09	20.9	21.43	20	20.73	2409702
UMAC	2026-07-10	20.98	20.99	18.56	18.81	3676201
UMAC	2026-07-13	18.51	18.82	16.85	17.22	4203863
UMAC	2026-07-14	17.81	18.7978	17.34	18.68	2424991
UMAC	2026-07-15	19.6	20.68	18.11	18.52	4289552
UMAC	2026-07-16	18.08	18.09	16.4	16.64	3977520
UMAC	2026-07-17	16.05	17.63	15.78	16.93	2468013
UMAC	2026-07-20	17.18	17.85	16.78	17.38	1783807
UMAC	2026-07-21	18	19.6701	17.789	19.53	2929640
UMAC	2026-07-22	19.46	21.1	19.14	19.67	3118215
UMAC	2026-07-23	19.8	21.75	19.75	21.52	4917743
UMAC	2026-07-24	21.52	21.6819	19.11	19.36	2974344
UMAC	2026-07-27	19.85	20.8	19.09	20.6	3118859
UMAC	2026-07-28	20.05	20.05	17.9201	19.92	3782187
UMAC	2026-07-29	19.92	19.97	17.16	17.26	3606007
UMAC	2026-07-30	18.39	20.68	17.62	20.51	3177989
UMAC	2026-07-31	21	21.64	20.08	21.16	2952992
UMAC	2026-08-03	21.3	23.17	20.78	23.08	3237075
UMAC	2026-08-04	23.81	27.19	23.5501	26.67	5218163
UMAC	2026-08-05	26.67	27.19	25.61	25.73	3648859
UMAC	2026-08-06	23.68	26.29	23.41	24.23	5274556
UMAC	2026-08-07	25.2	26.87	23.795	26.11	3966615
UMAC	2026-08-10	26.66	27.97	26.1	27.14	3603026
UMAC	2026-08-11	27.41	28.84	25.72	25.97	5405227
UMAC	2026-08-12	27.3	28.4592	26.02	27.03	4327600
UMAC	2026-08-13	27.1	28.02	26.119	27.24	3329492
UMAC	2026-08-14	31.83	34.9264	29.35	34.06	15804310
UMAC	2026-08-17	32.55	33.1929	29.9	30.15	8204866
UMAC	2026-08-18	28.59	33.3899	28.4	30.58	7012204
UMAC	2026-08-19	30.1	30.4	27.33	28.3	4470708
UMAC	2026-08-20	28.32	28.37	25.07	25.98	5856946
UMAC	2026-08-21	26.34	28.01	26.0605	27.43	4108929
UMAC	2026-08-24	26.6	26.61	24.35	24.57	4679109
VATE	2026-05-01	12.02	12.52	11.5605	11.8	48243
VATE	2026-05-04	11.92	13	11.92	12.78	73960
VATE	2026-05-05	12.78	13.46	12.5	12.54	74064
VATE	2026-05-06	12.66	13	12.29	12.41	44377
VATE	2026-05-07	12.4	13	12.34	12.68	36037
VATE	2026-05-08	12.81	13.01	11.73	11.73	74715
VATE	2026-05-11	11.91	12.7624	11.865	12.45	62547
VATE	2026-05-12	12.26	12.7499	12	12.4	54894
VATE	2026-05-13	12.53	12.53	11.53	11.76	44908
VATE	2026-05-14	11.76	12.49	11.45	11.68	33753
VATE	2026-05-15	11.6	11.75	10.2101	10.66	81297
VATE	2026-05-18	10.63	11.26	10.41	10.89	52591
VATE	2026-05-19	10.93	12.135	10.35	12.08	44252
VATE	2026-05-20	12.1	13.3	12.1	13.16	70370
VATE	2026-05-21	13.21	13.36	12.935	13.12	19759
VATE	2026-05-22	13.12	13.2	12.6501	13.1	28076
VATE	2026-05-26	13.3	15.52	13.2	15.52	192299
VATE	2026-05-27	16.2	16.71	15.53	15.74	66731
VATE	2026-05-28	15.84	15.84	14.4	14.4	57687
VATE	2026-05-29	14.35	15.56	13.52	15.23	88935
VATE	2026-06-01	15.2	16.98	15.17	15.89	89306
VATE	2026-06-02	15.7	16.22	15.3656	16.06	26411
VATE	2026-06-03	15.74	16.96	15.45	16.54	44920
VATE	2026-06-04	16.54	17.8	16.5	17.15	56159
VATE	2026-06-05	17.15	19.59	17.03	18.98	126020
VATE	2026-06-08	18.79	19.29	16.7075	19.1	103663
VATE	2026-06-09	19.1	19.11	16.61	16.63	105971
VATE	2026-06-10	16.63	16.69	15.42	16.05	68881
VATE	2026-06-11	16.21	17.4	15.96	17.3	54700
VATE	2026-06-12	17.18	17.305	16.72	16.72	24840
VATE	2026-06-15	16.68	17.55	16.2662	16.59	60481
VATE	2026-06-16	16.8	17.88	16.3	17.27	89449
VATE	2026-06-17	17.47	19	16.62	18.91	80749
VATE	2026-06-18	18.91	21.3	18.91	20.06	162436
VATE	2026-06-22	20	21.2899	18.04	18.2	150890
VATE	2026-06-23	17.57	18.75	15.81	18.15	70519
VATE	2026-06-24	18.15	19.1	17.75	18.83	83560
VATE	2026-06-25	19	19.32	17.81	18.56	108565
VATE	2026-06-26	18.54	19.835	18.1	19.31	747944
VATE	2026-06-29	19.31	19.555	17.09	18.32	90091
VATE	2026-06-30	18.31	19.235	17.5501	18.67	117354
VATE	2026-07-01	18.67	19.64	16.265	16.59	74085
VATE	2026-07-02	16.6	16.845	13.6501	14.81	116873
VATE	2026-07-06	14.86	16	14.66	14.82	81734
VATE	2026-07-07	15.31	15.485	13.61	13.63	74950
VATE	2026-07-08	13.7	13.89	11.4	11.43	126696
VATE	2026-07-09	11.5	12.25	10.1101	10.16	187166
VATE	2026-07-10	10.23	10.44	9.58	9.93	77921
VATE	2026-07-13	9.79	10.35	9.3401	9.56	122328
VATE	2026-07-14	9.62	10.6	9.495	9.51	143195
VATE	2026-07-15	9.48	9.805	9.28	9.34	72846
VATE	2026-07-16	9.24	9.59	8.9	9.35	136156
VATE	2026-07-17	9.14	9.42	8.81	9.03	85067
VATE	2026-07-20	8.95	9.3299	8.67	8.87	39098
VATE	2026-07-21	8.81	9.09	8.52	8.54	90704
VATE	2026-07-22	8.53	8.7841	8.05	8.05	69065
VATE	2026-07-23	7.97	8.49	7.84	8.44	64912
VATE	2026-07-24	8.51	9.03	8.11	8.34	86702
VATE	2026-07-27	8.39	8.9899	8.24	8.53	142882
VATE	2026-07-28	8.44	8.83	7.78	7.78	161359
VATE	2026-07-29	7.69	8.1943	7.35	7.74	65580
VATE	2026-07-30	7.76	8.25	7.6	8.12	66945
VATE	2026-07-31	8.12	8.29	7.876	8.12	78843
VATE	2026-08-03	8.1	8.3563	7.2301	7.3	73163
VATE	2026-08-04	7.49	8.1	7.3	7.8	102006
VATE	2026-08-05	7.66	7.7	7.2	7.56	94074
VATE	2026-08-06	7.68	7.9942	7.33	7.41	49317
VATE	2026-08-07	11.04	14	10.0208	12.11	14199783
VATE	2026-08-10	9.16	9.85	6.41	7.13	2322944
VATE	2026-08-11	7.14	8.3099	7.14	7.49	678789
VATE	2026-08-12	7.5	7.99	7.372	7.67	391492
VATE	2026-08-13	7.57	8.1	7.44	7.51	323100
VATE	2026-08-14	7.72	8.13	7.44	7.96	190795
VATE	2026-08-17	7.94	7.99	7.335	7.56	311885
VATE	2026-08-18	7.44	7.79	7.293	7.64	318250
VATE	2026-08-19	7.67	7.99	7.56	7.81	176460
VATE	2026-08-20	7.78	8.2	7.725	8.01	145219
VATE	2026-08-21	8.08	8.18	7.74	7.86	116660
VATE	2026-08-24	7.67	7.9565	7.49	7.49	180154
VMET	2026-05-01	11.1	11.42	11.09	11.42	86936
VMET	2026-05-04	11.42	11.61	11.09	11.27	148617
VMET	2026-05-05	11.21	11.44	10.9	10.99	140713
VMET	2026-05-06	11.19	11.91	11.18	11.89	119203
VMET	2026-05-07	11.99	12.35	11.705	11.74	96728
VMET	2026-05-08	11.85	12.28	11.85	12.18	69882
VMET	2026-05-11	12.15	12.7	12.0601	12.62	172914
VMET	2026-05-12	12.62	12.62	12.06	12.58	70077
VMET	2026-05-13	12.61	13.3299	12.5	13.25	167946
VMET	2026-05-14	13.25	13.25	12.075	12.27	132850
VMET	2026-05-15	12.27	12.42	10.9	11.17	231292
VMET	2026-05-18	11.34	11.56	11.01	11.33	93118
VMET	2026-05-19	11.3	11.3	10.6435	10.83	141362
VMET	2026-05-20	11.07	11.57	10.84	11.55	203136
VMET	2026-05-21	11.31	11.94	11.26	11.86	103809
VMET	2026-05-22	11.99	11.99	11.6	11.89	149491
VMET	2026-05-26	12.17	12.8799	12.0901	12.31	196652
VMET	2026-05-27	12.15	12.3867	11.7	12.25	92987
VMET	2026-05-28	12.18	13.22	11.8715	13.05	189022
VMET	2026-05-29	13.03	13.8075	12.7	13.53	285729
VMET	2026-06-01	13.65	13.8	13	13.51	510868
VMET	2026-06-02	13.48	13.6842	13.11	13.29	156948
VMET	2026-06-03	13.3	13.34	12.54	12.59	133960
VMET	2026-06-04	12.71	12.965	12.34	12.81	157622
VMET	2026-06-05	12.75	12.75	11.47	12.12	302578
VMET	2026-06-08	12	12.35	11.66	11.68	294409
VMET	2026-06-09	11.87	12.4999	10.87	11.18	450709
VMET	2026-06-10	10.86	11.4	10.7361	10.85	199694
VMET	2026-06-11	11.05	11.74	10.9001	11.74	162824
VMET	2026-06-12	11.78	12.6	11.66	12.54	173086
VMET	2026-06-15	12.96	13.71	12.8	13.05	293888
VMET	2026-06-16	13.06	13.58	12.88	12.88	152075
VMET	2026-06-17	12.99	13.248	12.4	12.43	133002
VMET	2026-06-18	12.58	12.63	11.86	12.04	74456
VMET	2026-06-22	12	12.04	11.7162	11.79	135929
VMET	2026-06-23	11.51	11.6293	11.25	11.61	129780
VMET	2026-06-24	11.36	11.425	10.89	11.16	181261
VMET	2026-06-25	11.33	11.6	11.075	11.36	128402
VMET	2026-06-26	11.41	12.33	11.29	12.2	187788
VMET	2026-06-29	12.21	12.5	12.025	12.31	168496
VMET	2026-06-30	12.43	12.45	12.1	12.3	127381
VMET	2026-07-01	12.32	13.18	12.2088	12.79	138623
VMET	2026-07-02	12.94	13.22	11.63	11.82	240278
VMET	2026-07-06	11.98	11.98	11.3	11.5	140684
VMET	2026-07-07	10.7	10.7	9.5	9.97	921546
VMET	2026-07-08	9.72	9.93	9.34	9.43	436174
VMET	2026-07-09	9.45	9.99	9.45	9.87	267092
VMET	2026-07-10	9.85	9.85	9.555	9.63	153331
VMET	2026-07-13	9.65	9.7647	9.12	9.2	214370
VMET	2026-07-14	9.51	9.845	9.38	9.58	110940
VMET	2026-07-15	9.58	9.8	9.12	9.32	134623
VMET	2026-07-16	9.18	9.18	8.83	8.89	204630
VMET	2026-07-17	8.86	9.01	8.57	8.76	129326
VMET	2026-07-20	8.9	9.09	8.75	8.95	239806
VMET	2026-07-21	9.21	9.55	9	9.5	188098
VMET	2026-07-22	9.54	9.85	9.4	9.54	232655
VMET	2026-07-23	9.32	9.48	9.0898	9.23	108931
VMET	2026-07-24	9.25	9.25	8.98	9.04	131911
VMET	2026-07-27	9.11	9.3999	9.005	9.16	138854
VMET	2026-07-28	9.16	9.23	8.69	8.81	162442
VMET	2026-07-29	8.79	8.89	8.48	8.6	217551
VMET	2026-07-30	8.83	9	8.665	8.98	172284
VMET	2026-07-31	8.89	8.89	8.57	8.83	114360
VMET	2026-08-03	8.83	9.265	8.68	9.25	141413
VMET	2026-08-04	9.02	9.7	9.02	9.62	234554
VMET	2026-08-05	9.98	10.26	9.52	9.6	323292
VMET	2026-08-06	9.52	9.86	9.395	9.75	192323
VMET	2026-08-07	10.03	10.3999	9.9	10.25	254216
VMET	2026-08-10	10.28	10.3	9.97	10.05	176621
VMET	2026-08-11	10.06	10.08	9.71	9.84	274901
VMET	2026-08-12	10.04	10.0999	9.79	9.94	305109
VMET	2026-08-13	9.8	10.25	9.8	10.13	131534
VMET	2026-08-14	10.27	10.6436	10.1	10.13	225844
VMET	2026-08-17	10.37	10.4195	10.16	10.32	261773
VMET	2026-08-18	10.25	10.275	9.95	9.99	194194
VMET	2026-08-19	10.44	10.59	10.19	10.51	409117
VMET	2026-08-20	10.68	10.7	10.39	10.5	415091
VMET	2026-08-21	10.8	10.8	10.45	10.61	284463
VMET	2026-08-24	11	11.24	10.52	10.71	1544397
VREX	2026-05-01	11.65	11.94	11.42	11.61	286222
VREX	2026-05-04	11.53	11.95	11.5	11.61	282214
VREX	2026-05-05	11.65	11.65	11.32	11.53	205455
VREX	2026-05-06	11.66	12.27	11.605	12.17	390486
VREX	2026-05-07	12.29	12.39	11.78	11.83	563251
VREX	2026-05-08	11.36	11.39	9.0901	9.83	1720543
VREX	2026-05-11	9.8	9.88	9.305	9.705	1009102
VREX	2026-05-12	9.7	10.05	9.561	9.87	697306
VREX	2026-05-13	9.71	10.31	9.7	10.07	553724
VREX	2026-05-14	10.28	10.28	9.76	10.02	595612
VREX	2026-05-15	9.87	10.03	9.65	9.66	696694
VREX	2026-05-18	9.6	9.83	9.41	9.7	621255
VREX	2026-05-19	9.55	9.61	9.28	9.32	359569
VREX	2026-05-20	9.34	10.14	9.27	10.13	485476
VREX	2026-05-21	9.99	10.265	9.78	10.13	298506
VREX	2026-05-22	10.15	10.31	10	10.07	310080
VREX	2026-05-26	10.18	10.3	10.06	10.17	285521
VREX	2026-05-27	10.26	10.38	10.07	10.21	292248
VREX	2026-05-28	10.23	10.64	10.21	10.52	362285
VREX	2026-05-29	10.56	10.76	10.2	10.23	426920
VREX	2026-06-01	10.22	10.3	9.86	10.03	403250
VREX	2026-06-02	10.19	10.21	9.89	9.94	408552
VREX	2026-06-03	9.7	10.21	9.7	10.15	810886
VREX	2026-06-04	10.3	10.7	10.3	10.46	412130
VREX	2026-06-05	10.37	10.52	9.87	10.09	336781
VREX	2026-06-08	10.22	10.52	10.15	10.29	297049
VREX	2026-06-09	10.42	10.7099	10.42	10.62	275864
VREX	2026-06-10	10.64	10.77	10.485	10.53	267821
VREX	2026-06-11	10.56	11.12	10.45	11.03	300365
VREX	2026-06-12	11.1	11.65	10.95	11.04	337667
VREX	2026-06-15	11.3	11.32	10.41	10.44	262376
VREX	2026-06-16	10.54	10.89	10.32	10.5	319675
VREX	2026-06-17	10.5	10.68	10.08	10.2	247089
VREX	2026-06-18	10.49	10.93	10.3	10.53	732828
VREX	2026-06-22	10.48	10.58	10.38	10.4	240044
VREX	2026-06-23	10.28	10.675	10.26	10.52	400715
VREX	2026-06-24	10.6	10.98	10.34	10.37	274637
VREX	2026-06-25	10.37	10.6	10.25	10.29	290516
VREX	2026-06-26	10.25	10.52	9.78	10.29	1671182
VREX	2026-06-29	10.18	10.43	9.97	9.98	927651
VREX	2026-06-30	9.81	10.43	9.585	10.43	883784
VREX	2026-07-01	10.42	10.71	10.42	10.68	416244
VREX	2026-07-02	10.78	10.9899	10.525	10.61	387243
VREX	2026-07-06	10.69	11.075	10.2	10.74	364647
VREX	2026-07-07	10.87	10.94	10.44	10.65	353841
VREX	2026-07-08	10.53	10.935	10.53	10.76	421873
VREX	2026-07-09	10.76	11.17	10.5906	10.77	353720
VREX	2026-07-10	10.77	11.18	10.59	11.05	311939
VREX	2026-07-13	11.04	11.2299	10.78	10.8	440608
VREX	2026-07-14	10.96	11.165	10.01	10.57	644840
VREX	2026-07-15	10.61	10.965	10.535	10.79	339479
VREX	2026-07-16	10.98	11	10.745	10.76	292665
VREX	2026-07-17	10.6	10.78	10.015	10.55	367967
VREX	2026-07-20	10.67	10.835	10.54	10.62	260411
VREX	2026-07-21	10.56	10.7751	10.56	10.72	302128
VREX	2026-07-22	10.68	10.79	10.59	10.66	272806
VREX	2026-07-23	10.49	10.73	10.44	10.72	412423
VREX	2026-07-24	10.79	11.07	10.64	10.92	475575
VREX	2026-07-27	11.1	11.37	10.875	10.98	337592
VREX	2026-07-28	11	11.36	10.98	11.13	267739
VREX	2026-07-29	11.14	11.29	10.87	10.95	248094
VREX	2026-07-30	11.01	11.42	10.89	11.07	221254
VREX	2026-07-31	11.05	11.22	10.86	11.19	314625
VREX	2026-08-03	11.34	12.11	11.34	11.92	464940
VREX	2026-08-04	12.16	12.43	11.9	12.37	397462
VREX	2026-08-05	12.34	12.41	12.04	12.39	274424
VREX	2026-08-06	12.41	12.47	12.03	12.25	309483
VREX	2026-08-07	12.33	12.56	12.29	12.41	230906
VREX	2026-08-10	18.39	18.49	18.365	18.46	13227319
VREX	2026-08-11	18.43	18.63	18.42	18.58	3515268
VREX	2026-08-12	18.52	18.555	18.45	18.45	2248720
VREX	2026-08-13	18.48	18.535	18.48	18.5	1059496
VREX	2026-08-14	18.54	18.54	18.47	18.49	702028
VREX	2026-08-17	18.49	18.53	18.45	18.46	1064003
VREX	2026-08-18	18.48	18.5	18.45	18.46	642485
VREX	2026-08-19	18.49	18.515	18.45	18.46	1254173
VREX	2026-08-20	18.47	18.5	18.45	18.49	836420
VREX	2026-08-21	18.49	18.53	18.47	18.51	953788
VREX	2026-08-24	18.51	18.54	18.49	18.52	635155
W	2026-05-01	63.915	66.5	62.6	65.5	5749122
W	2026-05-04	65.96	66.53	63.88	64.85	3354005
W	2026-05-05	65.75	66.67	62.82	63.2	3416679
W	2026-05-06	66.77	67.76	64.28	66	4803462
W	2026-05-07	66.75	68.59	64.5401	66.2	4197415
W	2026-05-08	66.43	66.925	64.03	66.26	3091478
W	2026-05-11	65.96	66.085	60.975	61.38	4360335
W	2026-05-12	60.56	61.1399	59.12	60.49	4127083
W	2026-05-13	60	60.56	58.46	60.06	5230341
W	2026-05-14	60.99	62.2	59.96	61.91	3172628
W	2026-05-15	61.12	61.695	57.74	58.22	3895740
W	2026-05-18	58.5	61.25	58.22	59.26	3325072
W	2026-05-19	57.51	58	55.6	57.4	9717872
W	2026-05-20	57.68	64.89	56.16	64.72	8574284
W	2026-05-21	63.92	68.02	63.29	66.34	5750581
W	2026-05-22	66.74	68.49	65.07	67.07	3145086
W	2026-05-26	70	73.41	69.6325	71.92	4306675
W	2026-05-27	73.19	76.7	72.6001	73.16	5016649
W	2026-05-28	73.49	75.025	72.04	72.75	4430443
W	2026-05-29	73.6	76.3707	71.955	72.26	3692346
W	2026-06-01	71.7	73.38	70.78	72.6	2721118
W	2026-06-02	71.62	74.02	71.37	72.32	2991681
W	2026-06-03	71.155	71.29	68.15	69.38	2778659
W	2026-06-04	69.79	73.86	69.665	72.49	3288954
W	2026-06-05	71.05	72.72	67.9601	68.35	2802214
W	2026-06-08	68	69.85	66.75	67.15	2625765
W	2026-06-09	68.68	75.24	67.61	71.34	5003295
W	2026-06-10	69.52	72.64	68.25	68.67	2702528
W	2026-06-11	70.81	77.78	70	77.68	4378947
W	2026-06-12	76.99	81	75.92	77.59	4296802
W	2026-06-15	80	84.91	80	82.99	4584831
W	2026-06-16	83.38	85.87	82.52	83.16	2502157
W	2026-06-17	83	88.83	81.16	81.59	5368151
W	2026-06-18	84.85	90.5206	84.14	88.52	5305871
W	2026-06-22	89.5	89.95	84.8	85.04	3136240
W	2026-06-23	82.06	86.09	82.06	84.85	2829534
W	2026-06-24	86.04	94.215	85.74	92.79	5216773
W	2026-06-25	93.39	96.68	93.2	93.52	3285250
W	2026-06-26	93.35	95.36	92.47	94.47	4099932
W	2026-06-29	94.67	95.81	93.44	95.63	2887724
W	2026-06-30	94.12	95.48	90.01	92.42	3338624
W	2026-07-01	91.39	96.82	89.07	95.14	2762646
W	2026-07-02	96.28	96.89	92.295	94.5	2401059
W	2026-07-06	94.68	94.9899	90.62	93.18	2077510
W	2026-07-07	93.3	94.06	91.42	93.25	1633330
W	2026-07-08	88.57	89.7	84.24	86.74	4400959
W	2026-07-09	87	91.36	86.54	90.29	2210576
W	2026-07-10	91.19	92.1326	88.01	89.23	2039250
W	2026-07-13	88.14	89.46	84.87	86.37	2721940
W	2026-07-14	88.2	90.19	87.67	88.74	2367362
W	2026-07-15	89.64	93.6	88.7	91.67	2190228
W	2026-07-16	92.19	94.755	90.1994	91.48	2049516
W	2026-07-17	90.03	92.86	88.41	89.31	1849680
W	2026-07-20	90.2	90.56	87.68	87.76	2139999
W	2026-07-21	88.55	88.7827	84.63	84.81	2805676
W	2026-07-22	84.8	86.07	83.0938	84.3	4503526
W	2026-07-23	82.26	82.82	78.97	82.68	3284500
W	2026-07-24	83.15	86.13	81.87	84.18	4245232
W	2026-07-27	87.6	94.6	87.6	94.53	4219027
W	2026-07-28	96.8	97.96	92.37	94.54	3908424
W	2026-07-29	92.81	93.5	87.6	89.03	4862733
W	2026-07-30	88.55	90.39	87.9	89.78	1864069
W	2026-07-31	89.17	89.74	84.84	84.9	3243600
W	2026-08-03	86.01	91.02	84.78	89.31	7098041
W	2026-08-04	109.92	118.305	108	116.08	14535092
W	2026-08-05	114.89	115.53	107.04	107.57	5458560
W	2026-08-06	106.6	108.4	104	104.07	3903428
W	2026-08-07	105.63	109.96	104.1	106.6	3226421
W	2026-08-10	106	107.465	103.22	103.26	2219903
W	2026-08-11	103.72	106.2799	102.1	103.2	2646070
W	2026-08-12	104.75	105.49	101.1	102.94	3481153
W	2026-08-13	103.34	103.405	100.13	101.13	2136090
W	2026-08-14	104.62	105.36	101.281	101.63	1789760
W	2026-08-17	100.7	103.86	99.0265	103.08	3108184
W	2026-08-18	101.63	104.38	99.22	101.69	2351993
W	2026-08-19	104	107.92	103.5501	107.8	2405121
W	2026-08-20	106.18	107.83	101.83	103.31	2302755
W	2026-08-21	103.02	104.2425	100.86	101.52	1894553
W	2026-08-24	100.52	103.91	100.52	103.19	1663555
WATT	2026-05-01	34.91	35.33	33.04	34.25	295130
WATT	2026-05-04	34.16	34.3875	27.65	28.22	831256
WATT	2026-05-05	28.21	28.91	25.1	27.36	808805
WATT	2026-05-06	27.79	28.16	26	27.89	395981
WATT	2026-05-07	27.93	28	24.63	25.51	282620
WATT	2026-05-08	25.8	27.8899	25.42	27.6	426672
WATT	2026-05-11	28.31	28.87	25.515	25.69	481412
WATT	2026-05-12	25.6	26.44	24.25	25.86	335113
WATT	2026-05-13	26.35	26.5	23.61	23.62	678359
WATT	2026-05-14	23.91	28.9999	22.4401	26.39	830570
WATT	2026-05-15	24.9	25.36	23.31	24.52	385159
WATT	2026-05-18	24.52	25.525	21.41	23.76	493263
WATT	2026-05-19	23.19	24.53	22.34	22.76	221856
WATT	2026-05-20	22.81	25.44	22.6214	25.27	237905
WATT	2026-05-21	25.09	29.03	24.3369	28.84	364461
WATT	2026-05-22	28.86	29.5	27.83	29.24	256827
WATT	2026-05-26	29.54	32	28.05	28.22	387298
WATT	2026-05-27	28.22	28.42	25.8005	26.37	199442
WATT	2026-05-28	26.15	27.64	25.5	27.45	149627
WATT	2026-05-29	28.99	29.95	27.28	28	320123
WATT	2026-06-01	27.93	30.62	27.48	29.66	288759
WATT	2026-06-02	30.58	31.5001	29.44	31.27	323625
WATT	2026-06-03	30.5	30.5	28.41	28.44	162076
WATT	2026-06-04	27.05	28.98	26.56	28.03	338649
WATT	2026-06-05	27.65	27.65	24.58	25.49	208763
WATT	2026-06-08	25.54	26.5	25.23	25.81	113735
WATT	2026-06-09	25.91	26.75	22.7	23.92	241454
WATT	2026-06-10	23.05	25	22.86	22.92	168475
WATT	2026-06-11	23.37	24.5	22.87	24.17	161739
WATT	2026-06-12	23.95	25.05	23.16	23.71	237649
WATT	2026-06-15	24.5	26.06	24.3	24.54	173475
WATT	2026-06-16	24.86	28.3	24.86	27.68	375974
WATT	2026-06-17	27.33	28.87	26.56	26.96	245305
WATT	2026-06-18	26.63	27.7	24.5	25.23	459518
WATT	2026-06-22	25.61	25.84	24.3	25.79	227098
WATT	2026-06-23	24.54	25.18	23.8	24.6	174017
WATT	2026-06-24	24.45	24.45	22.66	23.05	170342
WATT	2026-06-25	23.5	24.83	23.43	23.99	122683
WATT	2026-06-26	23.5	24.79	21.372	23.04	952127
WATT	2026-06-29	23.46	24.31	22.23	23.75	298067
WATT	2026-06-30	23.72	25.1	23.16	24.05	163798
WATT	2026-07-01	23.78	24.33	22.53	23.89	218231
WATT	2026-07-02	23.88	26	22.5737	24.09	386298
WATT	2026-07-06	24.1	25.6	18.61	19.52	725290
WATT	2026-07-07	19.53	19.79	18.29	18.51	313374
WATT	2026-07-08	18.09	18.585	17.11	17.96	276056
WATT	2026-07-09	18.3	19.53	18.3	19	190706
WATT	2026-07-10	19.13	19.14	17.93	17.99	150634
WATT	2026-07-13	17.77	18.255	16.75	16.88	206247
WATT	2026-07-14	16.89	17.72	16.54	17.19	142217
WATT	2026-07-15	17.19	17.41	16.4	16.88	124641
WATT	2026-07-16	16.5	16.7	14.8	15.16	342130
WATT	2026-07-17	14.66	15.5486	14.23	15.1	264484
WATT	2026-07-20	15.19	15.66	14.6119	15.15	117120
WATT	2026-07-21	15.21	16.82	15.21	16.54	191055
WATT	2026-07-22	16.03	16.34	15.35	15.41	94985
WATT	2026-07-23	15.11	16.27	14.99	15.1	183226
WATT	2026-07-24	14.91	15.34	14.26	14.59	194734
WATT	2026-07-27	14.66	14.841	13.85	14.3	151898
WATT	2026-07-28	14.18	14.395	13.04	13.23	199940
WATT	2026-07-29	13.57	14.28	12.97	13.05	170797
WATT	2026-07-30	13.56	14.28	13.53	14.03	82840
WATT	2026-07-31	14.29	14.61	13.59	14.11	117558
WATT	2026-08-03	14.58	16.47	14.58	16.09	378735
WATT	2026-08-04	16.12	18.18	16.12	17.85	316990
WATT	2026-08-05	17.85	18.2	17.335	17.88	99703
WATT	2026-08-06	17.52	18.708	17.09	17.91	111687
WATT	2026-08-07	18.05	19	17.96	18.49	89973
WATT	2026-08-10	18.52	19.21	18.35	18.55	117552
WATT	2026-08-11	18.69	19.28	18	18.66	133025
WATT	2026-08-12	19	19.21	16.24	16.98	386654
WATT	2026-08-13	17.01	20	14.79	14.905	711753
WATT	2026-08-14	14.98	15.69	14.7	15.56	131279
WATT	2026-08-17	15.75	15.75	14.58	14.75	198968
WATT	2026-08-18	14.38	14.98	13.8757	14.23	155219
WATT	2026-08-19	14.3	14.615	12.595	12.76	236452
WATT	2026-08-20	12.5	12.7788	11.76	12.32	200876
WATT	2026-08-21	12.49	13.05	12.21	12.63	173748
WATT	2026-08-24	12.34	12.49	11.515	11.6	191130
WEAV	2026-05-01	5.715	5.91	5.245	5.75	5109749
WEAV	2026-05-04	5.76	6.27	5.74	6.09	3053976
WEAV	2026-05-05	6.03	6.265	5.92	6.11	1501896
WEAV	2026-05-06	6.08	6.155	5.83	6.01	2025311
WEAV	2026-05-07	6.05	6.2475	6.03	6.05	1406492
WEAV	2026-05-08	5.95	5.955	5.76	5.94	905794
WEAV	2026-05-11	5.86	5.885	5.435	5.49	1128072
WEAV	2026-05-12	5.56	5.625	5.405	5.45	955628
WEAV	2026-05-13	5.37	5.37	5.14	5.19	930392
WEAV	2026-05-14	5.18	5.275	5.02	5.15	904618
WEAV	2026-05-15	5.15	5.38	5.04	5.28	1073748
WEAV	2026-05-18	5.23	5.515	5.155	5.44	927697
WEAV	2026-05-19	5.46	5.84	5.39	5.8	1473295
WEAV	2026-05-20	5.72	5.89	5.535	5.89	1106400
WEAV	2026-05-21	5.76	5.8	5.485	5.61	1680797
WEAV	2026-05-22	5.65	5.87	5.545	5.71	791964
WEAV	2026-05-26	5.68	5.685	5.55	5.63	651789
WEAV	2026-05-27	5.54	5.84752	5.525	5.58	875261
WEAV	2026-05-28	5.6	5.815	5.54	5.76	780853
WEAV	2026-05-29	5.84	6.125	5.83	6.02	957400
WEAV	2026-06-01	6.16	6.485	6.01	6.48	1554219
WEAV	2026-06-02	6.3	6.3796	5.995	6.03	1117778
WEAV	2026-06-03	5.91	5.91	5.595	5.68	935636
WEAV	2026-06-04	5.78	5.94	5.68	5.77	629296
WEAV	2026-06-05	5.77	5.81	5.64	5.69	641615
WEAV	2026-06-08	5.66	5.74	5.58	5.67	744491
WEAV	2026-06-09	5.59	5.74	5.39	5.58	739261
WEAV	2026-06-10	5.51	5.6986	5.37	5.58	741755
WEAV	2026-06-11	5.53	5.53	5.25	5.46	939950
WEAV	2026-06-12	5.38	5.58	5.23	5.52	738943
WEAV	2026-06-15	5.58	5.685	5.4	5.44	1172134
WEAV	2026-06-16	5.44	5.57	5.36	5.47	681039
WEAV	2026-06-17	5.42	5.545	5.255	5.29	747362
WEAV	2026-06-18	5.21	5.315	5.06	5.2	1670571
WEAV	2026-06-22	5.14	5.33	4.97	5.16	959701
WEAV	2026-06-23	5.2	5.44	5.195	5.44	990330
WEAV	2026-06-24	5.44	5.585	5.41	5.43	1090094
WEAV	2026-06-25	5.34	5.49	5.27	5.45	906190
WEAV	2026-06-26	5.46	5.92	5.46	5.92	2055270
WEAV	2026-06-29	6	6.235	5.895	6.13	1340550
WEAV	2026-06-30	6.09	6.175	5.915	5.99	964886
WEAV	2026-07-01	6.17	6.465	6.17	6.41	1287616
WEAV	2026-07-02	6.36	6.6	6.35	6.58	1254124
WEAV	2026-07-06	6.44	6.8	6.37	6.7	860002
WEAV	2026-07-07	6.91	7.09	6.79	6.81	1250788
WEAV	2026-07-08	6.67	6.85	6.61	6.75	1120749
WEAV	2026-07-09	6.52	6.86	6.4	6.77	821654
WEAV	2026-07-10	6.91	6.95	6.75	6.93	808572
WEAV	2026-07-13	7	7.305	7	7.28	1307184
WEAV	2026-07-14	7	7.43	6.91	7.43	1404922
WEAV	2026-07-15	7.5	7.66	7.3	7.35	2000551
WEAV	2026-07-16	7.48	7.54	7.28	7.35	1011129
WEAV	2026-07-17	7.25	7.47	7.195	7.23	858952
WEAV	2026-07-20	7.15	7.225	6.995	7.15	1190943
WEAV	2026-07-21	6.98	7.11	6.765	6.8	877659
WEAV	2026-07-22	6.78	6.83	6.015	6.14	1411438
WEAV	2026-07-23	6.18	6.22	5.93	5.96	890507
WEAV	2026-07-24	6.05	6.3	6.04	6.17	941622
WEAV	2026-07-27	6.25	6.735	6.25	6.65	975786
WEAV	2026-07-28	6.75	7.02	6.7	6.89	927930
WEAV	2026-07-29	6.95	7.065	6.81	6.95	1009359
WEAV	2026-07-30	6.81	6.86	6.39	6.56	819833
WEAV	2026-07-31	6.37	6.61	6.34	6.54	601148
WEAV	2026-08-03	6.72	6.83	6.635	6.75	754781
WEAV	2026-08-04	6.65	6.9	6.65	6.87	722910
WEAV	2026-08-05	6.99	7.0599	6.73	6.8	614981
WEAV	2026-08-06	6.49	6.67	6.45	6.66	1264953
WEAV	2026-08-07	4.89	5.565	4.65	5.29	3710017
WEAV	2026-08-10	5.16	5.55	5.16	5.33	2183935
WEAV	2026-08-11	5.26	5.3	5	5.03	1561304
WEAV	2026-08-12	4.9	5.03	4.89	5.01	1701070
WEAV	2026-08-13	5.08	5.38	4.95	5.32	1388013
WEAV	2026-08-14	5.36	5.535	5.235	5.46	1430598
WEAV	2026-08-17	5.38	5.585	5.355	5.53	1422645
WEAV	2026-08-18	7.29	7.315	7.28	7.28	49361816
WEAV	2026-08-19	7.29	7.31	7.28	7.31	8401703
WEAV	2026-08-20	7.32	7.32	7.29	7.29	6309512
WEAV	2026-08-21	7.3	7.31	7.29	7.29	4422602
WEAV	2026-08-24	7.29	7.33	7.29	7.29	3398261
WOLF	2026-05-01	29.4	37.55	28.959	36.76	8358342
WOLF	2026-05-04	36.29	37.68	34.8	35.94	4331256
WOLF	2026-05-05	38.69	40.25	36.435	36.63	10219594
WOLF	2026-05-06	32.5	43.38	32	43.08	14817947
WOLF	2026-05-07	43.09	49	43.0115	45.16	10825339
WOLF	2026-05-08	47.8	50.9881	45.62	46.6	6549523
WOLF	2026-05-11	49	53.98	48.26	50.31	9243986
WOLF	2026-05-12	49.24	53.98	45.2	53.72	12033665
WOLF	2026-05-13	66.63	73.74	58.6	62.6	34174638
WOLF	2026-05-14	63.355	72.3499	60.15	69.96	17659596
WOLF	2026-05-15	62.8	66	59.51	62.13	9966082
WOLF	2026-05-18	63.54	69.5	55.1	59.35	10084944
WOLF	2026-05-19	55.69	62.01	55.67	58.83	5802486
WOLF	2026-05-20	62.44	63.47	53.78	58.62	7593722
WOLF	2026-05-21	59.52	72.17	58.95	69.5	9182570
WOLF	2026-05-22	71.5	80.82	68.27	69.89	10900676
WOLF	2026-05-26	77.78	80.7	70.8	73.5	11435124
WOLF	2026-05-27	73.39	74.0328	56.5	63.26	16445215
WOLF	2026-05-28	62.45	69.27	58.5	65.05	6844319
WOLF	2026-05-29	65.69	66.5	58.14	59.28	7536024
WOLF	2026-06-01	54.78	59.065	49.66	52.95	11457136
WOLF	2026-06-02	55.8	62.78	54.99	61.06	8754701
WOLF	2026-06-03	65.9	67.25	60.34	61.67	7695982
WOLF	2026-06-04	57.3	70	56.62	67.06	7600165
WOLF	2026-06-05	63.125	63.503	54.11	55.06	7674276
WOLF	2026-06-08	60.17	60.8	53.8	55.42	5734677
WOLF	2026-06-09	57	59	45.12	48.78	10354294
WOLF	2026-06-10	46.985	48.651	43	43.42	7103740
WOLF	2026-06-11	43.98	46.48	42.185	45.54	5450702
WOLF	2026-06-12	45.85	45.85	40.0101	43.14	6878049
WOLF	2026-06-15	51.25	51.87	46.19	49.09	8241561
WOLF	2026-06-16	47.91	51.34	44.67	45	5792258
WOLF	2026-06-17	47.58	52.91	46.29	48.69	7906371
WOLF	2026-06-18	51.16	57.5	47.8201	57.41	9526572
WOLF	2026-06-22	59.8	60.25	51.3838	52.97	7077463
WOLF	2026-06-23	47.4	52.4945	45.06	48.91	4999314
WOLF	2026-06-24	48.16	48.56	43.61	45.87	4603923
WOLF	2026-06-25	49.435	49.44	43.28	47.79	4059941
WOLF	2026-06-26	45.6	48.81	43.9	45.97	7557448
WOLF	2026-06-29	47.22	49.45	41.29	44.24	5118200
WOLF	2026-06-30	44.99	51.65	44.99	48.25	6272868
WOLF	2026-07-01	46	48.21	44.4467	44.56	3693729
WOLF	2026-07-02	44.7	46.8627	39.0401	40	4947278
WOLF	2026-07-06	39.575	42.45	39.11	39.47	3627581
WOLF	2026-07-07	37.44	37.6	34.01	36	5875895
WOLF	2026-07-08	35.25	36.8399	33.65	35.86	3454778
WOLF	2026-07-09	38	39.31	37	37.25	3157216
WOLF	2026-07-10	35.98	37.5	33.95	35.29	2668265
WOLF	2026-07-13	34	36.2939	33.4125	33.65	2694140
WOLF	2026-07-14	35.9	35.97	33.6	34.31	2277289
WOLF	2026-07-15	35.5	37.1	32.8	35.1	3538383
WOLF	2026-07-16	34.01	34.12	30.1	31.18	3863254
WOLF	2026-07-17	30	30.965	28.32	29.89	4718696
WOLF	2026-07-20	29.88	30.53	28.7118	29.38	2418414
WOLF	2026-07-21	30.71	32.1	30.3	31.73	2732557
WOLF	2026-07-22	30.46	31.7	29.2	29.27	2244052
WOLF	2026-07-23	28.4	28.81	25.5401	25.96	6084461
WOLF	2026-07-24	25.61	25.775	22.65	23.09	6193706
WOLF	2026-07-27	23.5	24.05	22.26	23.8	3613856
WOLF	2026-07-28	22.5	22.75	20.48	21.88	5133553
WOLF	2026-07-29	21.76	21.97	19.98	20.06	4693017
WOLF	2026-07-30	21.17	24	21.005	23.79	5703892
WOLF	2026-07-31	25.25	25.4	23.33	23.62	3434059
WOLF	2026-08-03	23.51	25.97	23.05	24.35	5334718
WOLF	2026-08-04	26.29	27.39	25.6	27.06	6817965
WOLF	2026-08-05	26.04	26.6	24.96	25.19	3004818
WOLF	2026-08-06	25.4	29.06	25	27.59	4681145
WOLF	2026-08-07	28.105	32.9734	28	32.87	6516901
WOLF	2026-08-10	33	33.05	29.3	29.3	4532061
WOLF	2026-08-11	29.92	31.049	29.0401	30.14	3919952
WOLF	2026-08-12	32.87	33	31.24	31.71	3150220
WOLF	2026-08-13	31.15	33.51	30.84	31.51	3856809
WOLF	2026-08-14	31.25	31.84	30.1201	31.79	2333034
WOLF	2026-08-17	32.65	35.18	32.65	34.96	4239869
WOLF	2026-08-18	32.1	33.5999	31.21	31.46	4348386
WOLF	2026-08-19	31.5	32	27.61	29.09	8431607
WOLF	2026-08-20	26.5	28.6641	24.1401	26.35	9728333
WOLF	2026-08-21	26.86	27.7995	25.438	25.76	3849934
WOLF	2026-08-24	25	25.5	23.37	24.76	3524861
WPP	2026-05-01	18.09	18.29	18.03	18.11	325430
WPP	2026-05-04	17.87	18.16	17.795	17.82	211905
WPP	2026-05-05	18.29	18.85	17.99	18.63	728060
WPP	2026-05-06	18.89	18.93	18.515	18.53	285128
WPP	2026-05-07	18.7	19.09	18.7	18.76	343877
WPP	2026-05-08	18.78	19.03	18.44	18.97	420427
WPP	2026-05-11	18.86	18.88	17.715	17.9	756835
WPP	2026-05-12	17.59	17.649	17.33	17.46	538444
WPP	2026-05-13	17.24	17.34	17.02	17.24	563588
WPP	2026-05-14	17.51	17.77	17.19	17.23	456571
WPP	2026-05-15	17.24	17.56	17.125	17.47	431806
WPP	2026-05-18	17.77	18.58	17.77	18.52	530694
WPP	2026-05-19	18.65	18.87	18.305	18.36	389204
WPP	2026-05-20	18.23	18.77	18.03	18.54	381573
WPP	2026-05-21	18.37	18.69	18.1	18.58	368001
WPP	2026-05-22	18.54	18.955	18.52	18.77	569966
WPP	2026-05-26	18.73	18.8	18.45	18.54	321162
WPP	2026-05-27	18.58	18.89	18.47	18.66	296003
WPP	2026-05-28	18.88	18.935	18.61	18.78	261356
WPP	2026-05-29	18.8	19.16	18.6	18.6	388421
WPP	2026-06-01	18.76	19.22	18.56	19.21	442898
WPP	2026-06-02	18.92	18.995	18.54	18.82	342785
WPP	2026-06-03	18.22	18.22	17.535	17.6	568570
WPP	2026-06-04	18.41	18.79	18.25	18.58	486793
WPP	2026-06-05	18.14	18.3	17.485	17.7	468217
WPP	2026-06-08	17.46	17.68	17.38	17.46	252599
WPP	2026-06-09	18.49	18.9059	18.4	18.65	559316
WPP	2026-06-10	18.4	18.6991	18.27	18.32	479092
WPP	2026-06-11	18.56	18.82	18.114203	18.69	375563
WPP	2026-06-12	18.72	19.1	18.56	19.07	344025
WPP	2026-06-15	19.16	19.26	18.71	18.74	273429
WPP	2026-06-16	18.9	19.19	18.8	19.02	274813
WPP	2026-06-17	19.1	19.31	18.37	18.43	489766
WPP	2026-06-18	18.24	18.24	17.74	17.97	517709
WPP	2026-06-22	18.06	18.37	17.97	18.03	448620
WPP	2026-06-23	17.82	18.12	16.395	16.94	2586804
WPP	2026-06-24	16.82	16.98	16.41	16.57	927802
WPP	2026-06-25	16.76	17.1	16.575	16.61	744949
WPP	2026-06-26	15.8	16.38	15.725	16.13	929952
WPP	2026-06-29	16.34	16.37	16.14	16.23	465027
WPP	2026-06-30	15.93	15.93	15.445	15.49	452244
WPP	2026-07-01	15.63	16.32	15.57	16.27	579909
WPP	2026-07-02	16.35	16.65	16.23	16.53	642783
WPP	2026-07-06	17.13	17.43	16.83	17.36	467194
WPP	2026-07-07	17.88	18.32	17.76	17.81	351373
WPP	2026-07-08	17.21	17.21	16.84	17.14	436122
WPP	2026-07-09	16.92	17.39	16.771	17.34	244006
WPP	2026-07-10	17.81	18.52	17.81	18.49	627493
WPP	2026-07-13	18.64	18.99	18.62	18.86	426490
WPP	2026-07-14	18.25	18.64	18.18	18.21	364514
WPP	2026-07-15	18.26	18.805	18.24	18.66	416922
WPP	2026-07-16	19.53	19.63	19.32	19.49	414299
WPP	2026-07-17	19.19	19.48	18.76	19.05	243853
WPP	2026-07-20	19.39	19.41	19.095	19.2	241460
WPP	2026-07-21	18.58	18.72	18.22	18.23	355891
WPP	2026-07-22	18.67	18.67	18.28	18.3	288722
WPP	2026-07-23	18.1	18.195	17.875	18.13	289644
WPP	2026-07-24	18.46	18.86	18.41	18.75	246905
WPP	2026-07-27	19.19	19.75	19.11	19.54	589889
WPP	2026-07-28	20.06	21.37	20.06	21.3	595276
WPP	2026-07-29	21.13	21.79	20.97	21.63	607175
WPP	2026-07-30	20.54	20.695	19.78	20.46	449954
WPP	2026-07-31	20.315	20.39	20.04	20.21	259542
WPP	2026-08-03	20.58	21.03	20.32	20.35	329038
WPP	2026-08-04	20.31	20.72	20.22	20.6	277134
WPP	2026-08-05	21.16	21.52	20.51	20.61	605308
WPP	2026-08-06	25.94	26.615	25.4	25.95	2749262
WPP	2026-08-07	26.22	27.7751	26.08	27.55	1109307
WPP	2026-08-10	26.46	26.72	25.74	26.69	733402
WPP	2026-08-11	26.38	27.1699	26.12	27.04	375690
WPP	2026-08-12	26.87	27.0738	26.51	26.87	361321
WPP	2026-08-13	26.92	27.16	26.5	26.99	418656
WPP	2026-08-14	27.5	27.63	26.77	26.91	380605
WPP	2026-08-17	26.16	26.47	25.7	25.84	737975
WPP	2026-08-18	26.41	26.72	26.31	26.4	267706
WPP	2026-08-19	26.45	26.88	26.385	26.7	290995
WPP	2026-08-20	26.64	26.72	26.14	26.27	255893
WPP	2026-08-21	26.24	26.53	25.73	26.37	460146
WPP	2026-08-24	26.81	27.565	26.77	27.02	360203
WSHP	2026-05-01	8.9	9.1	8.4101	8.8	133477
WSHP	2026-05-04	8.61	8.7041	7.86	8.18	126358
WSHP	2026-05-05	8.22	8.22	7.04	7.34	127821
WSHP	2026-05-06	6.79	8.18	6.66	7.77	206009
WSHP	2026-05-07	7.52	7.717	7.15	7.265	79628
WSHP	2026-05-08	7.17	7.9	7.14	7.69	76176
WSHP	2026-05-11	7.41	7.7133	7.31	7.31	84564
WSHP	2026-05-12	7.35	7.35	6.81	6.9	72126
WSHP	2026-05-13	6.95	8.25	6.7015	7.17	293821
WSHP	2026-05-14	7.17	7.5	6.9	7.03	97716
WSHP	2026-05-15	7	7.34	6.82	6.95	58488
WSHP	2026-05-18	6.98	7.289	6.24	6.61	70702
WSHP	2026-05-19	6.63	6.77	6.27	6.28	60646
WSHP	2026-05-20	6.15	6.55	6	6.35	110878
WSHP	2026-05-21	6.35	6.35	6	6.01	52740
WSHP	2026-05-22	6.18	7.2499	6.08	6.66	144796
WSHP	2026-05-26	6.83	6.9973	6.55	6.56	75093
WSHP	2026-05-27	6.62	6.81	6.12	6.2	61833
WSHP	2026-05-28	6.205	6.89	6.205	6.85	66880
WSHP	2026-05-29	6.74	6.92	6.71	6.71	43221
WSHP	2026-06-01	6.61	7.5	6.61	7.23	109895
WSHP	2026-06-02	7.13	7.4	6.9	7	37031
WSHP	2026-06-03	6.98	6.98	6.3759	6.38	45338
WSHP	2026-06-04	6.43	7.1	6.42	6.75	55824
WSHP	2026-06-05	6.61	6.7471	6.1302	6.17	48291
WSHP	2026-06-08	6.33	6.35	5.871	6.02	66676
WSHP	2026-06-09	6.13	6.1799	5.53	5.53	69132
WSHP	2026-06-10	5.49	5.8999	5.1501	5.33	69453
WSHP	2026-06-11	5.355	5.7499	5.35	5.58	36751
WSHP	2026-06-12	5.65	5.75	5.4533	5.51	36219
WSHP	2026-06-15	5.87	5.95	5.65	5.76	52313
WSHP	2026-06-16	5.66	5.87	5.34	5.62	41536
WSHP	2026-06-17	5.46	5.9	5.45	5.63	44420
WSHP	2026-06-18	5.76	5.8102	5.45	5.55	51801
WSHP	2026-06-22	5.5	5.8799	5.21	5.3	77616
WSHP	2026-06-23	5.16	5.285	5.03	5.13	31678
WSHP	2026-06-24	5.27	5.2999	4.73	4.99	85284
WSHP	2026-06-25	4.95	5.115	4.62	4.71	48907
WSHP	2026-06-26	4.8	8.4699	4.8	8	8086735
WSHP	2026-06-29	7.5	10.99	7.04	8.82	3918520
WSHP	2026-06-30	8.5	9.65	7.5801	7.79	441281
WSHP	2026-07-01	8.13	9.1	7.6032	8.56	261731
WSHP	2026-07-02	8.35	8.96	7.2513	7.26	181709
WSHP	2026-07-06	7.28	7.727	7.04	7.3	80310
WSHP	2026-07-07	7.11	7.12	6.094	6.32	121981
WSHP	2026-07-08	6.46	7.1	6.13	6.9	91275
WSHP	2026-07-09	6.74	6.9	6.24	6.33	73035
WSHP	2026-07-10	6.2	6.2907	5.61	5.68	120264
WSHP	2026-07-13	5.67	5.9059	5.25	5.39	67518
WSHP	2026-07-14	5.4	5.5999	5.21	5.45	74087
WSHP	2026-07-15	5.48	5.685	5	5.18	61428
WSHP	2026-07-16	5.26	5.6042	4.62	4.82	111124
WSHP	2026-07-17	4.82	4.9501	4.57	4.84	52416
WSHP	2026-07-20	4.74	5	4.57	4.75	65240
WSHP	2026-07-21	4.75	4.9	4.67	4.87	37883
WSHP	2026-07-22	4.82	4.9761	4.57	4.61	56950
WSHP	2026-07-23	4.65	4.69	4.325	4.62	94949
WSHP	2026-07-24	4.55	4.74	4.33	4.51	46614
WSHP	2026-07-27	4.51	5.3	4.51	5.18	100302
WSHP	2026-07-28	5.1232	5.15	4.61	4.96	60221
WSHP	2026-07-29	4.81	5.24	4.6601	4.85	66320
WSHP	2026-07-30	5.03	5.435	4.9	5.28	63155
WSHP	2026-07-31	5.25	5.25	4.8258	4.89	32552
WSHP	2026-08-03	5.12	5.35	4.9601	5.12	50898
WSHP	2026-08-04	5.06	5.225	5	5.21	35012
WSHP	2026-08-05	5.13	5.24	4.7	4.91	66500
WSHP	2026-08-06	5.07	5.7929	4.8608	5.53	108030
WSHP	2026-08-07	5.5	5.84	5.408	5.5	93270
WSHP	2026-08-10	5.69	5.69	5.08	5.08	56935
WSHP	2026-08-11	5.1	5.3823	4.76	4.9	81750
WSHP	2026-08-12	5	5.34	4.8223	5.03	98173
WSHP	2026-08-13	5.01	5.3	4.91	5.05	42028
WSHP	2026-08-14	5.01	5.1927	4.8701	4.88	33029
WSHP	2026-08-17	5.025	5.025	4.63	4.75	65783
WSHP	2026-08-18	4.76	5.1499	4.5206	4.76	81390
WSHP	2026-08-19	4.845	4.99	4.7	4.83	37566
WSHP	2026-08-20	4.79	4.82	4.62	4.63	26664
WSHP	2026-08-21	4.78	4.85	4.55	4.67	32429
WSHP	2026-08-24	4.61	4.87	4.6	4.77	38195
WSM	2026-05-01	181.78	182.7	179.735	179.99	905294
WSM	2026-05-04	178.13	180.03	174.6075	175.69	1368344
WSM	2026-05-05	177.14	181.31	175.45	180.27	1215799
WSM	2026-05-06	183.62	188.64	182.95	186.47	1347188
WSM	2026-05-07	187.01	187.505	181.42	183.42	800361
WSM	2026-05-08	185.36	185.82	180.71	182.1	886042
WSM	2026-05-11	182.56	182.56	175.92	176.1	1028088
WSM	2026-05-12	174.38	177.545	172.301	175.39	960597
WSM	2026-05-13	176.75	176.75	169.36	172.06	1061210
WSM	2026-05-14	172.58	174.9	171.19	173.65	1053147
WSM	2026-05-15	172.93	173.7	168.18	168.64	1212232
WSM	2026-05-18	168.11	172.33	166.23	169.16	1372910
WSM	2026-05-19	169.02	172	165.51	171.76	2026137
WSM	2026-05-20	171.96	180.68	168.3	180.25	2338987
WSM	2026-05-21	182.25	193.98	177.445	191.94	2546336
WSM	2026-05-22	192.7	193.95	191.2	192.5	1001530
WSM	2026-05-26	196	199.55	194.91	198.38	966273
WSM	2026-05-27	200	206.9278	199.97	203.18	1169387
WSM	2026-05-28	200.72	207.45	199.205	205.6	1148733
WSM	2026-05-29	205.77	208.36	203.46	203.57	1716751
WSM	2026-06-01	201.47	202.88	197.82	202.14	811473
WSM	2026-06-02	201.24	205.75	200.71	203.84	865757
WSM	2026-06-03	202.76	207.63	200.4	207.11	738081
WSM	2026-06-04	210.09	210.485	207.26	208.09	888246
WSM	2026-06-05	205.99	207.77	204.71	204.98	829689
WSM	2026-06-08	203.07	208.3	201.64	202.49	899073
WSM	2026-06-09	204.82	215.72	202.22	213.17	1340913
WSM	2026-06-10	213.44	213.85	206.94	206.94	1062172
WSM	2026-06-11	208.58	219.38	208.135	218.74	1074485
WSM	2026-06-12	222.13	224.33	218.7	223.54	1488150
WSM	2026-06-15	228.79	230.5	222.75	223.29	1394354
WSM	2026-06-16	225.15	230.9499	223.75	227.18	1212404
WSM	2026-06-17	228.01	234.415	220.69	221.15	2019960
WSM	2026-06-18	226	230.65	223.99	226.92	2523791
WSM	2026-06-22	223.71	228.85	223.41	226.06	1076378
WSM	2026-06-23	222.6	227.35	222.6	226.14	1109161
WSM	2026-06-24	227.89	239.95	227.89	235.66	1350008
WSM	2026-06-25	238.94	244.65	238.17	240.06	1438455
WSM	2026-06-26	239.1	240.41	236.05	239.19	1652632
WSM	2026-06-29	237.22	240.82	234.98	240.17	875154
WSM	2026-06-30	241.81	241.81	232.74	233.1	1206588
WSM	2026-07-01	235.47	235.47	227.98	228.15	1525719
WSM	2026-07-02	228	229.57	223.35	227.53	1067613
WSM	2026-07-06	227	228.01	222.25	223.83	913353
WSM	2026-07-07	225.65	225.65	219.955	222.49	804719
WSM	2026-07-08	218.43	219.02	215.12	218.32	980328
WSM	2026-07-09	218.95	224.05	218.95	219.77	838895
WSM	2026-07-10	221.24	224.69	220.985	221.75	760283
WSM	2026-07-13	222.15	224	214.185	216.65	1087908
WSM	2026-07-14	218.9	221.9	218.09	220.34	741420
WSM	2026-07-15	219.88	223.37	218.47	222.84	913558
WSM	2026-07-16	221.81	231.97	221.81	228.38	829496
WSM	2026-07-17	226.1	233.74	224.95	228.41	1746101
WSM	2026-07-20	229.51	229.55	222.96	223.34	769590
WSM	2026-07-21	224.43	225.025	218.735	221.13	730175
WSM	2026-07-22	220.55	223.05	220.21	222.34	532623
WSM	2026-07-23	217.6	220	215.775	218.6	767440
WSM	2026-07-24	217.66	228	217.66	226.74	693264
WSM	2026-07-27	230.36	234.95	230.27	234.39	815018
WSM	2026-07-28	237.68	241.94	234.06	236.32	1054385
WSM	2026-07-29	233.17	236.92	230.58	233.81	645220
WSM	2026-07-30	231.61	233.98	228.795	233.32	643888
WSM	2026-07-31	232.65	235.03	228.52	228.66	825635
WSM	2026-08-03	233.37	240.895	232.84	239.8	845386
WSM	2026-08-04	245.55	250.83	245	248.88	1531370
WSM	2026-08-05	247.69	252.99	247.6	248.24	1084178
WSM	2026-08-06	250.19	251.07	245.4548	246.89	946854
WSM	2026-08-07	246.39	251.89	245.2088	251.78	995498
WSM	2026-08-10	249.06	252.66	249.06	250.82	900611
WSM	2026-08-11	248.59	254.89	248.19	250.59	730324
WSM	2026-08-12	249.62	251.385	244.46	245.15	761437
WSM	2026-08-13	248.88	248.96	242.23	242.44	682096
WSM	2026-08-14	244.1	244.12	239.48	241.58	708410
WSM	2026-08-17	239.11	241.1	237.99	240.42	1202195
WSM	2026-08-18	241.5	244.84	237.62	241.39	596961
WSM	2026-08-19	242.45	249.77	240.41	242.31	699110
WSM	2026-08-20	238.58	238.85	233.3332	235.7	786077
WSM	2026-08-21	236.12	238.06	234.0041	237.58	884232
WSM	2026-08-24	238.74	242.46	237.62	237.77	992408
WYFI	2026-05-01	15.57	17.0853	15.54	16.65	608732
WYFI	2026-05-04	16.67	18.4	16.5014	18.01	1612879
WYFI	2026-05-05	18.22	19.85	17.25	19.56	1383409
WYFI	2026-05-06	20.05	21.5322	19.52	21.43	1568643
WYFI	2026-05-07	21.67	21.7	19.7001	20.28	1176386
WYFI	2026-05-08	20.1	21.494	19.7815	21.25	1031289
WYFI	2026-05-11	23.49	29	22.75	26.98	4884320
WYFI	2026-05-12	26.65	26.86	23.32	26.09	2763798
WYFI	2026-05-13	27.5	28.25	24.67	27.03	3187486
WYFI	2026-05-14	25.52	31.215	23.6	29.99	7652606
WYFI	2026-05-15	26.81	27.1	24	24.2	3335315
WYFI	2026-05-18	25.29	25.62	21.80005	23.77	2508309
WYFI	2026-05-19	23.18	26.34	22.76	25.52	1860049
WYFI	2026-05-20	26.065	26.4899	23.95	24.19	1360459
WYFI	2026-05-21	24.55	29.65	24.52	29.55	2143779
WYFI	2026-05-22	30.4	31.44	29.2	30.19	1798682
WYFI	2026-05-26	31	33.19	30.91	31.42	1323340
WYFI	2026-05-27	31.31	32.13	29.0961	31.58	1091623
WYFI	2026-05-28	32.3	32.37	30.42	32.18	1023043
WYFI	2026-05-29	32.15	32.15	29.315	29.74	1145327
WYFI	2026-06-01	29.02	32	29.01	31.56	776141
WYFI	2026-06-02	31.5	32.75	29.71	30.16	1038034
WYFI	2026-06-03	30	30.5452	27.62	28.03	1033086
WYFI	2026-06-04	26.85	28.34	26.14	27.46	900766
WYFI	2026-06-05	26.53	26.53	22.3601	23.27	1350611
WYFI	2026-06-08	23.79	24.175	22.84	23.4	884853
WYFI	2026-06-09	23.96	25.76	21.786	23.29	1104118
WYFI	2026-06-10	22.9	24.52	22.6	22.82	599548
WYFI	2026-06-11	23	24.77	22.13	24.55	833397
WYFI	2026-06-12	24.58	26.6	24.4	24.7	812812
WYFI	2026-06-15	26.1	30.64	25.76	29.98	1966576
WYFI	2026-06-16	29.63	37.51	29.2	35.65	4975093
WYFI	2026-06-17	36.01	38.43	33.2028	33.52	3499057
WYFI	2026-06-18	35.21	40.74	33.6801	38.49	3973721
WYFI	2026-06-22	40.665	46.8699	38.99	44.77	5695410
WYFI	2026-06-23	40.43	46.78	39.15	44.76	4536953
WYFI	2026-06-24	44.72	44.9325	36.62	38.71	4226076
WYFI	2026-06-25	40.58	41.49	34.802	36.82	2749302
WYFI	2026-06-26	35.75	39.31	33.87	38.27	2189040
WYFI	2026-06-29	38.44	40	32.25	36.045	2908588
WYFI	2026-06-30	35.21	39.3	34.24	38.85	2090194
WYFI	2026-07-01	36.34	36.9499	33.5	34.94	3235814
WYFI	2026-07-02	35.91	38.2	30.82	31.44	3642119
WYFI	2026-07-06	31.88	36.3	31.6634	35.54	2172274
WYFI	2026-07-07	33.9	35.99	32	33.42	2358930
WYFI	2026-07-08	32.7	37.5999	32.5	36.74	3719469
WYFI	2026-07-09	38.44	40.75	35.55	38.84	4063134
WYFI	2026-07-10	38.89	39.75	35.71	38.5	3684117
WYFI	2026-07-13	37.44	39.05	34.6	36.29	3593065
WYFI	2026-07-14	38.26	39.09	30.6205	31.13	6025090
WYFI	2026-07-15	31.57	31.7728	27.57	29.18	3783681
WYFI	2026-07-16	27.845	28.7338	25.5604	25.8	2861118
WYFI	2026-07-17	24.82	26.7115	23.8	25.15	2443385
WYFI	2026-07-20	26.3	28.65	26.3	27.13	2192518
WYFI	2026-07-21	27.17	28.3757	25.56	27.55	2863818
WYFI	2026-07-22	26.91	28.9	26.33	27.86	1812819
WYFI	2026-07-23	27.44	29.7	26.5101	27.11	1880081
WYFI	2026-07-24	26.9	27	23.3503	23.63	2196985
WYFI	2026-07-27	24.92	24.92	22.14	23.15	1737918
WYFI	2026-07-28	22.01	23.74	20.61	23.51	1898548
WYFI	2026-07-29	23.82	24.35	20.37	20.58	2504161
WYFI	2026-07-30	22.68	26.3653	22.27	26.25	2196532
WYFI	2026-07-31	27.06	27.63	23.6	23.7	1770592
WYFI	2026-08-03	23.31	26.95	22.03	25.95	1620441
WYFI	2026-08-04	27.005	27.69	25.71	26.6	1505193
WYFI	2026-08-05	26.83	27.87	25.87	26.06	810952
WYFI	2026-08-06	24.96	27.0461	24.39	24.71	996008
WYFI	2026-08-07	25.8	26	24.0394	24.63	1216250
WYFI	2026-08-10	24.57	25.23	23.52	23.62	1016279
WYFI	2026-08-11	24.38	25.17	23.83	24.22	1210377
WYFI	2026-08-12	27.43	28.8699	27	28.58	2716734
WYFI	2026-08-13	29.8	32.36	28	28.22	2468682
WYFI	2026-08-14	28	30.2008	27.7846	29.52	1335281
WYFI	2026-08-17	30	32.23	29.48	30.35	1717420
WYFI	2026-08-18	28.83	29.9025	26.77	27.07	3752430
WYFI	2026-08-19	22.13	22.44	19.46	21.38	15665543
WYFI	2026-08-20	21.4	21.9899	20.1	21.16	3381208
WYFI	2026-08-21	21.54	21.98	20.21	20.72	2572130
WYFI	2026-08-24	20.01	21.49	19.75	20.78	4138934
WYNN	2026-05-01	107	108.79	105.44	105.98	1464683
WYNN	2026-05-04	105.97	106.18	102.26	103.44	1367907
WYNN	2026-05-05	103.495	106.84	103.495	106.24	1615114
WYNN	2026-05-06	108.275	109	107.225	107.565	1119852
WYNN	2026-05-07	107.73	108.98	105.47	106.85	1272552
WYNN	2026-05-08	106	106.205	99.6	102.42	3980420
WYNN	2026-05-11	100.97	101.75	98.06	99.37	2717249
WYNN	2026-05-12	98.96	99.28	97.1	97.25	1638777
WYNN	2026-05-13	97.24	97.25	94.545	96.21	1555019
WYNN	2026-05-14	96.49	97.97	95.2	95.43	2015457
WYNN	2026-05-15	95.36	96.24	94.13	95.42	1026788
WYNN	2026-05-18	96.1	98.01	94.8704	95.51	1294080
WYNN	2026-05-19	95.29	95.99	94.25	94.78	1001190
WYNN	2026-05-20	95.01	99.63	93.445	98.06	1549733
WYNN	2026-05-21	97.06	98.635	95.43	98.54	903976
WYNN	2026-05-22	97.5	99.25	96.56	97.24	1208479
WYNN	2026-05-26	98.19	98.82	97.11	97.87	1467114
WYNN	2026-05-27	98.595	102.18	98.595	101.22	1762321
WYNN	2026-05-28	100.9	102.75	99.55	101.54	1211945
WYNN	2026-05-29	101.54	102.4699	100.85	101.22	1021866
WYNN	2026-06-01	103.33	107.77	102.13	106.53	2129517
WYNN	2026-06-02	106	106.19	104.17	104.62	996978
WYNN	2026-06-03	104.44	106.32	102.47	104.95	1439125
WYNN	2026-06-04	105.16	105.9	103.245	103.6	1050401
WYNN	2026-06-05	103.74	106.255	103.13	104.48	1379324
WYNN	2026-06-08	103.67	105.93	103.29	104.83	1015572
WYNN	2026-06-09	105.41	110.17	105.01	107.44	2280212
WYNN	2026-06-10	107.1	108.36	104.98	105.26	1419073
WYNN	2026-06-11	105.26	107.84	103.902	107.75	1948158
WYNN	2026-06-12	108.79	111.29	106.83	107.27	1317119
WYNN	2026-06-15	108.85	110.625	105.59	105.96	1505304
WYNN	2026-06-16	105.76	106.9	103.48	103.67	1297010
WYNN	2026-06-17	102.6	105.105	102.08	102.31	1617190
WYNN	2026-06-18	103.43	106.75	103.33	105.53	1667216
WYNN	2026-06-22	103.92	105.05	103	103.62	1126855
WYNN	2026-06-23	103.05	105.36	102.65	104.15	969614
WYNN	2026-06-24	104.15	106.25	103.585	103.75	1205961
WYNN	2026-06-25	103.95	104.3699	98.495	99.38	1988924
WYNN	2026-06-26	98.66	101.565	98.3	100.44	3204599
WYNN	2026-06-29	101.86	101.86	99.21	99.42	1073636
WYNN	2026-06-30	99.53	99.53	96.74	97.09	1226756
WYNN	2026-07-01	97.16	97.87	95.71	96.11	1385179
WYNN	2026-07-02	96.39	98.48	94.82	95.91	1852927
WYNN	2026-07-06	96	96.25	93.15	95.885	1536732
WYNN	2026-07-07	96.75	97.78	95.41	96.35	1052465
WYNN	2026-07-08	97.48	98.32	96.23	97.93	1285801
WYNN	2026-07-09	97.51	99.315	97.11	98.83	1331164
WYNN	2026-07-10	99.52	100.59	98.88	99.77	1326304
WYNN	2026-07-13	99.97	100.46	96.795	97.13	1284024
WYNN	2026-07-14	97.26	97.6	95.255	95.9	1256202
WYNN	2026-07-15	96.36	97.23	95.8201	97.05	1007440
WYNN	2026-07-16	97.28	99.115	97.28	98.11	996184
WYNN	2026-07-17	97.6	97.6	95.905	96.64	984707
WYNN	2026-07-20	97.26	97.53	95.33	95.66	1116170
WYNN	2026-07-21	95.75	95.77	94.36	94.63	1202654
WYNN	2026-07-22	94.69	95.27	93.89	94.37	1383314
WYNN	2026-07-23	92.88	97.56	92.5157	96.77	3007028
WYNN	2026-07-24	97.29	98.27	96.36	96.92	1424760
WYNN	2026-07-27	98.69	100.81	98.47	99.7	1591498
WYNN	2026-07-28	99.9	100.345	98.59	99.02	1350244
WYNN	2026-07-29	98.79	99.7799	97.66	99.01	1318279
WYNN	2026-07-30	98.91	101.1	98.745	100.7	1230818
WYNN	2026-07-31	100.6	100.61	97.48	99.31	1481567
WYNN	2026-08-03	100	100.575	97.19	98.36	1446304
WYNN	2026-08-04	98.11	98.77	96.93	97.6	2375696
WYNN	2026-08-05	102.09	109.24	100.945	101.15	3590424
WYNN	2026-08-06	101.15	102.34	100.555	101.5	1274640
WYNN	2026-08-07	101.15	103.34	99.9	102.54	1317533
WYNN	2026-08-10	102	102.635	101.33	102.5	1137475
WYNN	2026-08-11	101.91	104.855	101.91	104.79	1031827
WYNN	2026-08-12	105.03	106.32	102.87	102.97	1794525
WYNN	2026-08-13	102.53	103.59	101.33	102.37	1270336
WYNN	2026-08-14	102.1	103.0375	101.46	102.53	1061048
WYNN	2026-08-17	102.66	103.03	101.11	102.79	972586
WYNN	2026-08-18	102.96	103.74	101.25	101.29	1087711
WYNN	2026-08-19	101.7	101.8	98.6	100.1	1824200
WYNN	2026-08-20	99	100.3	97.05	99.6	1684924
WYNN	2026-08-21	99.75	101.28	99.66	100.28	858570
WYNN	2026-08-24	101.33	101.46	98.91	99.41	1523766
XE	2026-05-01	32.53	34.1799	30.45	30.53	5542281
XE	2026-05-04	30.675	31.56	28.81	29.76	6222797
XE	2026-05-05	29.49	29.68	27.81	28.46	5419120
XE	2026-05-06	28.14	32.8	27.7701	31.8	7481180
XE	2026-05-07	31.5	32.07	29.23	29.96	3724802
XE	2026-05-08	30.35	31.588	29.3429	30.18	3650180
XE	2026-05-11	30	34.24	29.86	33.11	5958535
XE	2026-05-12	32.44	32.44	29.78	31.74	4014606
XE	2026-05-13	31.8	31.85	29.45	30.99	4643961
XE	2026-05-14	30.32	30.32	29.04	29.26	3530054
XE	2026-05-15	28.3	28.55	27	27.3	5069766
XE	2026-05-18	27.46	27.5117	25.06	25.6	4183364
XE	2026-05-19	26.33	28.09	26.11	26.77	5979412
XE	2026-05-20	27.27	29.14	26.7	28.67	3610584
XE	2026-05-21	28.67	30.47	28.01	29	3161281
XE	2026-05-22	29.18	29.67	28	28.32	2849879
XE	2026-05-26	28.32	30.46	28.3	29.67	3848146
XE	2026-05-27	29.67	29.68	26.98	27.54	4619009
XE	2026-05-28	27.6	28.35	26.82	27.59	2409485
XE	2026-05-29	27.46	27.46	26.08	26.91	2715237
XE	2026-06-01	26.49	27.5	26.13	26.44	2601263
XE	2026-06-02	26.44	27.668	25.52	27.58	4400422
XE	2026-06-03	26.94	27.085	25.53	26.27	2826997
XE	2026-06-04	25.91	25.91	23.525	23.65	7366996
XE	2026-06-05	23.61	23.805	20.9	21.42	6113889
XE	2026-06-08	22.03	23.07	21.4999	22.42	2371019
XE	2026-06-09	22.47	22.75	19.685	20.43	4143975
XE	2026-06-10	20.2	20.25	18	18.02	5719379
XE	2026-06-11	18.19	18.8	17.37	18.73	6617125
XE	2026-06-12	18.75	19.85	18.15	18.59	4030653
XE	2026-06-15	19.84	22.22	19.84	21.1	6391638
XE	2026-06-16	20.85	22.96	20.3	21.63	5929448
XE	2026-06-17	21.25	23.73	21.22	22.88	5134731
XE	2026-06-18	23.61	23.94	21.08	21.56	14046530
XE	2026-06-22	21.12	21.34	19.9011	20.155	2902403
XE	2026-06-23	19.57	21.9	19.31	21.09	3360058
XE	2026-06-24	20.78	20.95	18.72	19.1	4030222
XE	2026-06-25	19.46	19.5739	18.1001	18.48	3646363
XE	2026-06-26	18.01	19.335	17.96	18.88	5810311
XE	2026-06-29	18.965	19.22	18.28	18.81	5640307
XE	2026-06-30	18.66	18.66	17.77	18.36	4221924
XE	2026-07-01	18.36	19.155	17.85	18.56	6440144
XE	2026-07-02	18.51	20.18	17.22	17.27	5344111
XE	2026-07-06	17.45	18.35	17.12	18.32	4431299
XE	2026-07-07	18	18	16.355	16.54	6702541
XE	2026-07-08	16.35	16.98	16.27	16.96	3327327
XE	2026-07-09	16.46	17.08	16.43	16.6	3431778
XE	2026-07-10	16.61	16.69	15.25	15.96	6291262
XE	2026-07-13	15.76	16.2	15.3	15.43	3653869
XE	2026-07-14	15.78	15.8075	15.1601	15.33	4422167
XE	2026-07-15	15.53	16.5599	14.62	15.06	3819940
XE	2026-07-16	14.84	14.84	13.29	13.83	6921426
XE	2026-07-17	13.61	14.78	13.475	14.02	5151067
XE	2026-07-20	14.39	15.73	14.245	15.66	4310672
XE	2026-07-21	15.615	16.84	15.23	16.79	5446133
XE	2026-07-22	17.11	17.98	16.425	16.45	5302323
XE	2026-07-23	16.12	16.5472	15.44	15.92	3516287
XE	2026-07-24	16.02	16.042	14.51	14.56	4522378
XE	2026-07-27	14.81	15.44	13.83	15.2	6062918
XE	2026-07-28	14.53	15.9	14.25	15.79	5594940
XE	2026-07-29	15.59	16.28	15.23	15.27	5655782
XE	2026-07-30	15.595	17.35	15.5627	17.05	5478733
XE	2026-07-31	17.465	17.75	16.25	16.31	18327485
XE	2026-08-03	16.26	18.24	15.87	17.39	5696089
XE	2026-08-04	17.59	18.81	17.41	18.57	4189357
XE	2026-08-05	18.375	19.43	18.2557	19.05	4067911
XE	2026-08-06	18.92	21.24	18.79	20.82	6621794
XE	2026-08-07	21.41	22.82	20.36	22.65	5927999
XE	2026-08-10	22.96	23.17	20.54	20.64	4254068
XE	2026-08-11	20.75	21.15	19.8	20.57	2421654
XE	2026-08-12	21.04	21.28	19.59	20.35	3005522
XE	2026-08-13	23.1	23.99	21.265	22.73	7305584
XE	2026-08-14	23.08	23.69	20.445	20.975	5706921
XE	2026-08-17	21.145	22.28	20.05	20.455	6235213
XE	2026-08-18	19.67	20.59	18.79	18.86	4885319
XE	2026-08-19	18.96	20.08	18.22	19.85	4754282
XE	2026-08-20	19.77	19.849	17.93	18.29	4964808
XE	2026-08-21	18.63	19.42	18.202	18.67	4374097
XE	2026-08-24	18.9	18.98	17.52	18.11	3652189
XHLD	2026-05-01	1.42	1.42	1.0701	1.22	64039
XHLD	2026-05-04	1.2853	1.42	1.2601	1.37	64790
XHLD	2026-05-05	1.34	1.35	1.3001	1.34	17218
XHLD	2026-05-06	1.34	1.36	1.31	1.32	16828
XHLD	2026-05-07	1.35	1.42	1.3201	1.41	28224
XHLD	2026-05-08	1.38	1.39	1.35	1.38	20840
XHLD	2026-05-11	1.33	1.335	1.1801	1.2801	39771
XHLD	2026-05-12	1.27	1.275	1.2073	1.24	13072
XHLD	2026-05-13	1.23	1.66	1.23	1.41	300121
XHLD	2026-05-14	1.45	1.5467	1.4161	1.5	87479
XHLD	2026-05-15	1.48	1.48	1.34	1.34	47836
XHLD	2026-05-18	1.34	1.38	1.34	1.375	12253
XHLD	2026-05-19	1.38	1.39	1.29	1.3	26013
XHLD	2026-05-20	1.3	1.35	1.28	1.33	13543
XHLD	2026-05-21	1.295	1.39	1.295	1.38	11690
XHLD	2026-05-22	1.37	1.41	1.36	1.39	10411
XHLD	2026-05-26	1.35	1.41	1.31	1.41	15269
XHLD	2026-05-27	1.39	1.44	1.3801	1.43	7701
XHLD	2026-05-28	1.42	1.47	1.42	1.45	20942
XHLD	2026-05-29	1.42	1.47	1.42	1.42	26541
XHLD	2026-06-01	1.4	1.4196	1.35	1.35	15025
XHLD	2026-06-02	1.37	1.4	1.34	1.35	18851
XHLD	2026-06-03	1.31	1.36	1.31	1.36	19511
XHLD	2026-06-04	1.31	1.36	1.3	1.3	8493
XHLD	2026-06-05	1.3084	1.48	1.27	1.43	41954
XHLD	2026-06-08	1.46	1.5199	1.26	1.27	57067
XHLD	2026-06-09	1.28	1.29	1.2	1.2	50153
XHLD	2026-06-10	1.2101	1.27	1.06	1.1	159254
XHLD	2026-06-11	1.1	1.26	1.0601	1.22	227073
XHLD	2026-06-12	1.19	1.46	1.155	1.35	123732
XHLD	2026-06-15	1.3535	1.445	1.34	1.42	43524
XHLD	2026-06-16	1.48	1.48	1.3501	1.39	26637
XHLD	2026-06-17	1.37	1.48	1.37	1.39	24326
XHLD	2026-06-18	1.42	1.42	1.26	1.26	32388
XHLD	2026-06-22	1.25	1.3857	1.25	1.25	11580
XHLD	2026-06-23	1.275	1.275	1.23	1.23	11407
XHLD	2026-06-24	1.21	1.25	1.21	1.23	11469
XHLD	2026-06-25	1.25	1.25	1.19	1.21	14438
XHLD	2026-06-26	1.3	1.3	1.24	1.26	8407
XHLD	2026-06-29	1.3	1.76	1.3	1.64	273708
XHLD	2026-06-30	1.61	2.22	1.61	1.89	1245649
XHLD	2026-07-01	1.91	2.09	1.8801	2.03	165898
XHLD	2026-07-02	2.05	2.21	1.9999	2.085	2063963
XHLD	2026-07-06	2.02	2.045	1.8608	1.88	56555
XHLD	2026-07-07	1.82	2.275	1.75	2.13	1449943
XHLD	2026-07-08	2.09	2.15	1.9679	2.01	56023
XHLD	2026-07-09	1.96	2.08	1.96	2.06	962130
XHLD	2026-07-10	1.97	2.04	1.81	2.04	1442359
XHLD	2026-07-13	2.08	2.08	1.91	2	31789
XHLD	2026-07-14	1.98	2.3	1.95	2.14	1035985
XHLD	2026-07-15	2.16	2.21	2	2.07	38537
XHLD	2026-07-16	2.05	2.2	1.98	2.01	46744
XHLD	2026-07-17	2.03	2.19	1.91	2.11	1003773
XHLD	2026-07-20	2.12	2.1437	2.02	2.02	14929
XHLD	2026-07-21	2.01	2.0499	1.99	2.02	25529
XHLD	2026-07-22	1.98	2.21	1.93	2.09	832993
XHLD	2026-07-23	2.06	2.26	2.03	2.09	2706208
XHLD	2026-07-24	2.1	2.1057	1.805	1.86	238285
XHLD	2026-07-27	1.82	1.82	1.585	1.66	245874
XHLD	2026-07-28	1.63	1.63	1.48	1.53	96156
XHLD	2026-07-29	1.53	1.53	1.22	1.25	186611
XHLD	2026-07-30	1.21	1.21	1.09	1.09	112731
XHLD	2026-07-31	1.08	1.0989	0.9799	1	228553
XHLD	2026-08-03	0.97	0.97	0.87	0.8997	199847
XHLD	2026-08-04	0.9	0.9299	0.87	0.9109	92501
XHLD	2026-08-05	0.96	0.96	0.7644	0.797	77836
XHLD	2026-08-06	0.81	5.42	0.76995	2.81	65882238
XHLD	2026-08-07	1.72	3.53	1.72	2.02	14112119
XHLD	2026-08-10	2.95	4.69	2.64	3.11	53826845
XHLD	2026-08-11	3.25	3.78	2.91	3.57	3239592
XHLD	2026-08-12	3.95	6.26	3.93	5.35	21528430
XHLD	2026-08-13	5.12	6.0599	5.06	5.495	2426126
XHLD	2026-08-14	5.6	6.3	5.4	5.88	1306159
XHLD	2026-08-17	5.99	7.7	5.905	7.36	1546458
XHLD	2026-08-18	7	7.0853	6.19	6.59	455896
XHLD	2026-08-19	6.46	8.3	6.325	7.64	769608
XHLD	2026-08-20	7.64	8.24	7.2	7.51	1289175
XHLD	2026-08-21	7.6	7.9	7.13	7.66	1924838
XHLD	2026-08-24	7.63	8.12	7.4118	7.65	2569231
YELP	2026-05-01	28.17	29.05	27.89	28.9	788802
YELP	2026-05-04	28.78	29.38	28.58	28.67	887376
YELP	2026-05-05	28.93	29.38	28.74	29.22	787119
YELP	2026-05-06	29.14	29.185	28.3	28.31	982785
YELP	2026-05-07	28.64	29.31	28.36	28.5	1237441
YELP	2026-05-08	27.28	27.84	25	27.08	2019920
YELP	2026-05-11	27.06	27.5	25.27	25.28	1769276
YELP	2026-05-12	25.16	25.31	22.96	23.09	1901912
YELP	2026-05-13	22.78	23.14	22.345	22.86	1696733
YELP	2026-05-14	22.81	22.98	21.065	21.08	1531843
YELP	2026-05-15	21.19	21.82	20.8	21.65	1378769
YELP	2026-05-18	21.52	22.39	21.485	21.79	1385372
YELP	2026-05-19	22.13	23.44	22.07	22.59	1777548
YELP	2026-05-20	22.4	22.84	21.71	22.47	1304552
YELP	2026-05-21	22.35	22.37	21.46	21.84	1618308
YELP	2026-05-22	21.57	22.47	21.57	22.39	1053774
YELP	2026-05-26	22.15	22.99	22.15	22.93	1276880
YELP	2026-05-27	23	23.91	22.935	23.45	1049397
YELP	2026-05-28	23.53	23.72	23.07	23.3	1211203
YELP	2026-05-29	23.51	23.555	22.705	22.8	1988871
YELP	2026-06-01	22.84	23.68	22.51	23.46	1612373
YELP	2026-06-02	23.16	23.56	22.75	23.07	1489420
YELP	2026-06-03	22.83	22.83	21.64	22.02	1409242
YELP	2026-06-04	22.31	23.68	22.11	23.63	1393686
YELP	2026-06-05	23.91	24.13	22.79	23.25	917504
YELP	2026-06-08	22.78	23.275	22.55	22.96	1018299
YELP	2026-06-09	22.66	23.815	22.64	23.74	1016069
YELP	2026-06-10	23.38	24.56	23.21	24.28	999311
YELP	2026-06-11	23.01	23.45	22.33	23.02	1284360
YELP	2026-06-12	23.11	23.4	22.648	23.1	644580
YELP	2026-06-15	23.13	23.99	22.21	22.57	1514572
YELP	2026-06-16	22.48	23.37	22.4	23.3	1093738
YELP	2026-06-17	23	23.225	22.215	22.53	1095886
YELP	2026-06-18	22.16	22.99	22.125	22.88	2503353
YELP	2026-06-22	22.79	23.24	22.42	22.47	1385545
YELP	2026-06-23	22.42	22.9	22.38	22.67	986133
YELP	2026-06-24	22.84	23.68	22.675	23.36	1082933
YELP	2026-06-25	23.07	23.42	22.51	22.92	917496
YELP	2026-06-26	22.91	24.5	22.91	24	4405250
YELP	2026-06-29	24.19	24.67	23.87	24.63	1067942
YELP	2026-06-30	24.41	25.03	24.3	24.52	902847
YELP	2026-07-01	24.95	26.35	24.67	26.25	1804737
YELP	2026-07-02	26.4	27.23	26.01	26.52	1276355
YELP	2026-07-06	26.31	26.9	25.9	26.34	982702
YELP	2026-07-07	26.88	27.155	26.5	26.55	1194338
YELP	2026-07-08	26.4	26.7899	25.325	25.53	1558181
YELP	2026-07-09	25.1	25.66	24.56	25.55	1283106
YELP	2026-07-10	25.99	26.155	25.69	25.81	683776
YELP	2026-07-13	25.98	26.82	25.755	26.36	1006589
YELP	2026-07-14	25.77	26.05	25.4	25.58	1115498
YELP	2026-07-15	25.81	26.98	25.81	26.81	1166965
YELP	2026-07-16	27.16	27.61	26.89	27.39	908516
YELP	2026-07-17	27.02	27.53	25.97	26.22	952848
YELP	2026-07-20	26.17	26.76	25.98	26.33	610944
YELP	2026-07-21	25.9	26.605	25.55	25.79	980126
YELP	2026-07-22	25.94	26	24.55	24.81	781695
YELP	2026-07-23	25.94	26.235	23.94	24.5	989725
YELP	2026-07-24	24.6	25.68	24.43	25.1	808208
YELP	2026-07-27	25.62	26.81	25.62	26.41	1004313
YELP	2026-07-28	26.93	27.65	26.93	27.4	905568
YELP	2026-07-29	27.26	28.16	27.13	27.92	849077
YELP	2026-07-30	27.16	27.18	25.72	26.27	801658
YELP	2026-07-31	25.94	26.515	25.68	26.43	783893
YELP	2026-08-03	26.91	27.28	26.18	26.81	796346
YELP	2026-08-04	26.33	27.1099	26.33	26.63	907972
YELP	2026-08-05	26.63	26.9	25.27	25.69	1415314
YELP	2026-08-06	25.3	25.61	24.92	25.04	1439478
YELP	2026-08-07	27.11	29.23	25.5	25.56	2133584
YELP	2026-08-10	25.22	25.22	23.9	24.55	1644611
YELP	2026-08-11	24.41	24.97	23.57	23.61	1063213
YELP	2026-08-12	23.19	23.71	22.54	23.64	1484445
YELP	2026-08-13	23.38	24.43	23.33	24.39	1025305
YELP	2026-08-14	24.58	24.71	24.1	24.7	831484
YELP	2026-08-17	24.34	24.34	22.88	23.07	1324085
YELP	2026-08-18	23.37	23.82	23.15	23.36	1040422
YELP	2026-08-19	23.39	24.49	23.37	23.95	930492
YELP	2026-08-20	23.7	24.17	23.3	23.6	722752
YELP	2026-08-21	23.49	23.6	23.0253	23.46	764736
YELP	2026-08-24	23.4	24.096	23.28	23.83	838688
ZD	2026-05-01	46.44	47.4663	45.62	46.1	643612
ZD	2026-05-04	46.1	46.8299	45.355	45.62	488110
ZD	2026-05-05	46.37	46.37	44.82	45.82	363131
ZD	2026-05-06	46.05	46.05	43.3	43.68	617205
ZD	2026-05-07	43.95	44.48	42.855	43.31	817551
ZD	2026-05-08	41.97	43.88	40.69	41.02	1128977
ZD	2026-05-11	41.38	42.14	40.36	41.895	717047
ZD	2026-05-12	41.56	42.17	40.73	40.85	566723
ZD	2026-05-13	40.24	40.88	39.66	40.53	534043
ZD	2026-05-14	40.75	41.305	40.05	40.62	508740
ZD	2026-05-15	40.45	41.04	40.39	40.51	510668
ZD	2026-05-18	40.62	41.72	40.31	41.16	504294
ZD	2026-05-19	41.39	42.55	40.97	41.95	518539
ZD	2026-05-20	41.67	42.53	40.915	42.33	532120
ZD	2026-05-21	41.82	41.98	40.32	41.72	551877
ZD	2026-05-22	41.69	43.98	41.685	43.7	680675
ZD	2026-05-26	43.17	44.91	43.12	44.76	506291
ZD	2026-05-27	44.8	46.3	44.8	45.73	651733
ZD	2026-05-28	45.31	46.24	43.44	45.07	541518
ZD	2026-05-29	45.07	45.56	44.03	45.07	686883
ZD	2026-06-01	45.07	46.39	44.895	46.18	451572
ZD	2026-06-02	46.5	46.89	44.5	45.42	687900
ZD	2026-06-03	45.31	45.475	44.4	44.54	602659
ZD	2026-06-04	45.46	48.03	45.035	47.95	641530
ZD	2026-06-05	48.24	48.51	45.505	45.81	530914
ZD	2026-06-08	46.47	46.81	45.25	46.6	487351
ZD	2026-06-09	46.26	47.265	44.81	46.37	606528
ZD	2026-06-10	46.37	47.51	45.75	45.8	467719
ZD	2026-06-11	45.45	46.15	44.79	45.74	431181
ZD	2026-06-12	45.61	46.55	44.76	46.26	531716
ZD	2026-06-15	46.29	47.71	45.735	45.85	462605
ZD	2026-06-16	46.28	46.91	45.417	45.97	460656
ZD	2026-06-17	45.49	45.65	43.86	44.32	572440
ZD	2026-06-18	44.61	46.91	44.13	46.03	1601158
ZD	2026-06-22	45.03	46.53	44.9	45.32	765143
ZD	2026-06-23	45.07	46.48	44.74	46.4	854315
ZD	2026-06-24	46.44	48.39	46.045	48.18	788535
ZD	2026-06-25	47.77	48.685	47.32	48.55	615958
ZD	2026-06-26	48.18	50.5	47.86	50.42	1187354
ZD	2026-06-29	50.54	52.25	50.285	52.2	1151690
ZD	2026-06-30	52.15	52.5949	51.8275	52.37	1220220
ZD	2026-07-01	52.69	53.4275	51.93	51.97	1003619
ZD	2026-07-02	51.96	52.625	51.5671	52.43	622863
ZD	2026-07-06	52.24	53.87	51.46	53.78	645537
ZD	2026-07-07	53.95	54.75	52.885	53.26	521258
ZD	2026-07-08	52.53	53.13	51.18	51.98	675362
ZD	2026-07-09	50.765	52.97	50.44	52.86	443880
ZD	2026-07-10	53.44	53.95	51.92	52.18	391197
ZD	2026-07-13	52.18	52.75	51.76	51.87	393240
ZD	2026-07-14	51.89	52.32	51.38	51.94	502907
ZD	2026-07-15	52.41	53.46	51.96	52.1	492427
ZD	2026-07-16	52.17	53.66	52.1075	53.625	482939
ZD	2026-07-17	52.72	54.4599	52.5	53.98	587111
ZD	2026-07-20	53.93	54.95	53.64	54.38	638480
ZD	2026-07-21	53.85	54.97	51.79	52.39	484988
ZD	2026-07-22	52.59	52.76	51.485	52.22	536019
ZD	2026-07-23	52.05	52.13	50.93	51.81	860780
ZD	2026-07-24	52.05	53.36	51.55	51.6	444561
ZD	2026-07-27	52.37	53.155	52.015	52.36	418231
ZD	2026-07-28	53.08	53.76	52.275	52.93	440426
ZD	2026-07-29	53.01	54.9	53.01	54.27	551624
ZD	2026-07-30	53.43	53.43	51.9	52.61	419063
ZD	2026-07-31	52.89	53.435	51.565	53.08	397621
ZD	2026-08-03	53.72	54.9776	52.9427	54.01	573627
ZD	2026-08-04	53.59	55.46	53.59	55.38	627559
ZD	2026-08-05	55.31	55.32	51.99	52.72	763352
ZD	2026-08-06	52.56	52.7	50.4	50.95	726422
ZD	2026-08-07	56.94	58.06	52.75	53.87	1471845
ZD	2026-08-10	56.205	56.205	53.63	54.31	1064570
ZD	2026-08-11	54.95	55.6	53.2	53.495	684013
ZD	2026-08-12	53.54	55.2	53.54	54.94	990092
ZD	2026-08-13	55.07	55.95	54.74	55.91	554916
ZD	2026-08-14	55.79	55.79	54.97	55.38	394442
ZD	2026-08-17	55.02	55.4712	53.84	54.31	676922
ZD	2026-08-18	55.27	56.160978	54.79	55.09	502869
ZD	2026-08-19	55.09	56.2	55.07	55.5	361087
ZD	2026-08-20	55.23	56.06	55	55.4	371894
ZD	2026-08-21	55.355	56.3	55	56.08	521218
ZD	2026-08-24	56.07	56.69	55.48	55.73	403444
ZETA	2026-05-01	19.33	19.88	18.45	18.6	20840677
ZETA	2026-05-04	18.52	18.86	17.91	18.46	11913246
ZETA	2026-05-05	18.29	18.29	17.65	17.85	8622162
ZETA	2026-05-06	17.85	17.85	16.88	17.23	10233973
ZETA	2026-05-07	17.51	17.78	17.1014	17.28	6743247
ZETA	2026-05-08	17.13	17.239	16.52	17.14	6157113
ZETA	2026-05-11	16.82	16.96	16.46	16.51	9330150
ZETA	2026-05-12	16.5	16.58	15.93	16.25	9010106
ZETA	2026-05-13	16.11	16.16	15.6	16.04	6659480
ZETA	2026-05-14	16.17	16.628	15.88	16.58	4776647
ZETA	2026-05-15	16.34	17.57	16.3121	17.19	6782155
ZETA	2026-05-18	17.57	19.44	17.45	19.19	17139248
ZETA	2026-05-19	19.63	19.78	18.13	18.3	12037646
ZETA	2026-05-20	18.05	18.64	17.51	18.34	7243327
ZETA	2026-05-21	18	18.3	17.702	18.05	5476534
ZETA	2026-05-22	18.2	18.89	18.17	18.79	5318362
ZETA	2026-05-26	18.88	19.8	18.65	19.65	8420240
ZETA	2026-05-27	19.8	20.54	19.085	19.46	9239255
ZETA	2026-05-28	19.3	20.5	19.2445	20.18	9455154
ZETA	2026-05-29	20.5	23.03	20.4	22.89	15347363
ZETA	2026-06-01	23.655	25.7368	23.36	25.22	20344833
ZETA	2026-06-02	25.55	25.95	24.38	25.25	12882347
ZETA	2026-06-03	24.545	24.75	22.585	23.27	11080588
ZETA	2026-06-04	23.36	23.85	22.5578	23.15	6862255
ZETA	2026-06-05	22.855	23.4	21.7001	22.02	9557456
ZETA	2026-06-08	21.97	22.17	21.41	21.76	5933210
ZETA	2026-06-09	21.31	21.98	19.88	21.08	7872752
ZETA	2026-06-10	20.73	21.3	19.91	19.93	4834047
ZETA	2026-06-11	19.55	20.08	19.14	20.06	8325693
ZETA	2026-06-12	20.03	20.3	19.37	20.21	9601453
ZETA	2026-06-15	20.6	20.71	19.682	19.77	9161431
ZETA	2026-06-16	19.505	20.194	19.245	19.73	8333656
ZETA	2026-06-17	19.12	19.64	18.5	18.5	10431328
ZETA	2026-06-18	18.59	18.964	17.82	18.9	9873311
ZETA	2026-06-22	18.8	19.37	18.0234	18.47	8226632
ZETA	2026-06-23	19.52	20.5	19.12	19.51	16188622
ZETA	2026-06-24	19.39	20.28	18.474	18.84	10157566
ZETA	2026-06-25	18.94	18.94	17.77	17.88	10069213
ZETA	2026-06-26	17.84	19.115	17.81	18.98	12352470
ZETA	2026-06-29	19.3	20.04	19.26	19.73	7713715
ZETA	2026-06-30	19.46	19.78	19.05	19.68	4990018
ZETA	2026-07-01	20.16	21.365	20	20.84	8352077
ZETA	2026-07-02	20.795	21.2399	20.11	20.7	6327314
ZETA	2026-07-06	20.49	21.895	20.34	21.82	7579820
ZETA	2026-07-07	22.08	22.9	21.13	21.87	12037734
ZETA	2026-07-08	21.25	21.74	20.94	21.66	10142139
ZETA	2026-07-09	21.115	22.46	20.77	21.92	9488421
ZETA	2026-07-10	22.5	22.58	21.2012	21.49	4968896
ZETA	2026-07-13	21.45	22.84	21.45	21.87	9981233
ZETA	2026-07-14	20.745	22.63	20.5	22.53	7725119
ZETA	2026-07-15	22.95	23.34	22.3368	22.41	6669796
ZETA	2026-07-16	22.32	22.79	21.24	21.4	6034347
ZETA	2026-07-17	20.75	22.49	20.6	21.68	9307015
ZETA	2026-07-20	21.18	21.8805	20.63	21.34	5320497
ZETA	2026-07-21	21.05	21.92	20.9701	21.19	5665512
ZETA	2026-07-22	21.1	21.1988	19.91	20.18	7274604
ZETA	2026-07-23	20.38	20.45	19.155	19.38	5844397
ZETA	2026-07-24	19.7	19.83	19.07	19.13	4344755
ZETA	2026-07-27	19.71	21.01	19.71	20.74	7738521
ZETA	2026-07-28	20.78	22.035	20.29	21.89	7123072
ZETA	2026-07-29	21.87	22.9899	21.84	22.08	7519226
ZETA	2026-07-30	21.42	21.465	20.8303	21.37	4590645
ZETA	2026-07-31	20.98	21.75	20.905	21.6	4784522
ZETA	2026-08-03	22.05	22.99	22.03	22.56	6937007
ZETA	2026-08-04	23.205	24.48	23.01	24.26	18071427
ZETA	2026-08-05	24.65	28.5	24.45	27.07	36170382
ZETA	2026-08-06	26.8	27.01	25.29	25.56	13503589
ZETA	2026-08-07	25.51	26.65	25	26.64	9181637
ZETA	2026-08-10	26.61	27.82	26.3	27.54	7160483
ZETA	2026-08-11	27.48	29.18	27	29.15	15083549
ZETA	2026-08-12	28.99	29.89	28.03	28.55	7928856
ZETA	2026-08-13	28.7	29.75	28.19	29.62	7113391
ZETA	2026-08-14	29.83	29.8716	28.84	29.05	4795443
ZETA	2026-08-17	28.855	29.24	28.39	28.83	6850465
ZETA	2026-08-18	28.56	29.21	28.15	28.23	4514205
ZETA	2026-08-19	28.24	29.4	28.24	28.79	4510888
ZETA	2026-08-20	28.64	28.74	27.51	27.85	6355612
ZETA	2026-08-21	28.11	29.11	27.11	29.07	5076022
ZETA	2026-08-24	28.73	29.19	28.3949	28.47	3128731
ZTG	2026-05-01	2.63	2.63	1.89	2.39	12103
ZTG	2026-05-04	2.36	2.4	2.32	2.4	1359
ZTG	2026-05-05	2.38	2.4	2.225	2.4	3503
ZTG	2026-05-06	2.23	2.8	2.19	2.68	14283
ZTG	2026-05-07	2.48	2.9	2.48	2.88	21590
ZTG	2026-05-08	2.96	3.1	2.65	2.7	49534
ZTG	2026-05-11	2.58	3	2.55	2.76	31477
ZTG	2026-05-12	2.69	2.9	2.24	2.87	7515
ZTG	2026-05-13	2.71	2.81	2.33	2.56	2203
ZTG	2026-05-15	2.11	2.9	2.11	2.8799	63853
ZTG	2026-05-18	2.6	2.88	2.37	2.83	4836
ZTG	2026-05-19	2.6	2.72	2.43	2.72	1727
ZTG	2026-05-20	2.87	2.9	2.72	2.9	14324
ZTG	2026-05-21	2.99	2.99	2.435	2.9	7435
ZTG	2026-05-22	2.81	2.98	2.81	2.98	1442
ZTG	2026-05-26	2.91	3.0823	2.8001	2.85	11651
ZTG	2026-05-27	2.8	2.8	2.67	2.67	1795
ZTG	2026-05-28	2.68	3.12	2.68	2.85	8117
ZTG	2026-05-29	3.1187	3.1187	2.7746	2.84	5914
ZTG	2026-06-01	2.88	2.93	2.75	2.87	3347
ZTG	2026-06-03	2.7	2.73	2.61	2.61	3149
ZTG	2026-06-04	2.61	2.76	2.5	2.76	5578
ZTG	2026-06-05	2.53	2.53	2.43	2.43	563
ZTG	2026-06-08	2.53	2.54	2.53	2.54	1159
ZTG	2026-06-09	2.43	4.4289	2.32	2.42	12367963
ZTG	2026-06-10	1.74	2.3	1.52	1.8	344512
ZTG	2026-06-11	1.64	2.08	1.52	1.87	200554
ZTG	2026-06-12	1.76	1.96	1.64	1.7	62760
ZTG	2026-06-15	1.71	1.75	1.64	1.73	28715
ZTG	2026-06-16	1.76	1.76	1.52	1.52	27149
ZTG	2026-06-17	1.46	1.57	1.42	1.48	45449
ZTG	2026-06-18	1.45	1.59	1.35	1.59	228617
ZTG	2026-06-22	1.67	2.39	1.53	1.78	858768
ZTG	2026-06-23	1.57	1.78	1.57	1.72	53062
ZTG	2026-06-24	1.65	1.8	1.6201	1.77	33710
ZTG	2026-06-25	1.72	1.72	1.46	1.64	72147
ZTG	2026-06-26	1.53	1.63	1.53	1.6	29419
ZTG	2026-06-29	1.65	1.81	1.5347	1.72	22939
ZTG	2026-06-30	1.55	1.71	1.55	1.71	8290
ZTG	2026-07-01	1.57	1.7	1.56	1.7	8888
ZTG	2026-07-02	1.64	1.82	1.64	1.78	47658
ZTG	2026-07-06	1.8	2	1.59	1.99	218517
ZTG	2026-07-07	1.97	2.28	1.8697	2.28	179648
ZTG	2026-07-08	2.26	2.89	2.06	2.85	393533
ZTG	2026-07-09	2.73	2.88	2.661	2.78	46996
ZTG	2026-07-10	2.7	2.99	2.59	2.81	22736
ZTG	2026-07-13	2.7	2.79	2.69	2.75	12775
ZTG	2026-07-14	2.75	2.8	2.41	2.68	81654
ZTG	2026-07-15	2.68	3.0469	2.53	3.01	377553
ZTG	2026-07-16	3.02	3.08	2.78	2.94	21136
ZTG	2026-07-17	2.8509	2.95	2.76	2.94	6324
ZTG	2026-07-20	2.76	3.19	2.76	3.18	157238
ZTG	2026-07-21	3.11	3.28	3.0301	3.28	15980
ZTG	2026-07-22	3.22	3.4	3.22	3.27	32333
ZTG	2026-07-23	3.22	3.5	3.12	3.5	23469
ZTG	2026-07-24	3.42	3.5	3.17	3.26	12001
ZTG	2026-07-27	3.23	3.23	2.9	2.97	10000
ZTG	2026-07-28	2.88	2.99	2.65	2.65	11982
ZTG	2026-07-29	2.6	2.79	2.38	2.72	543309
ZTG	2026-07-30	2.96	3.49	2.85	3.39	1038133
ZTG	2026-07-31	3.33	6	3.28	4.4	883822
ZTG	2026-08-03	4.18	5.2	4	4.96	889326
ZTG	2026-08-04	5.07	6	3.6	5.68	1767346
ZTG	2026-08-05	5.46	6.9499	5.16	6.8	1589177
ZTG	2026-08-06	6.79	10.35	6.7	10.05	2304562
ZTG	2026-08-07	10.9	11.52	8.06	9.2	1310591
ZTG	2026-08-10	8.81	11.49	8.66	9.3	1825439
ZTG	2026-08-11	9.46	10.12	8.77	9.27	736220
ZTG	2026-08-12	9.26	12.25	9.25	10.02	4110731
ZTG	2026-08-13	10.57	11.5	9.51	10.5	1807890
ZTG	2026-08-14	10.55	10.96	9.34	9.82	1210225
ZTG	2026-08-17	9.82	9.9683	1.9	3.27	2018900
ZTG	2026-08-18	2.68	2.68	1.92	1.94	961663
ZTG	2026-08-19	1.9	1.9	1.3506	1.64	754395
ZTG	2026-08-20	1.65	2.66	0.75	1.1	5885915
ZTG	2026-08-21	1.05	1.09	0.9429	0.9523	392082
ZTG	2026-08-24	0.89	0.9522	0.8	0.8819	372030
ZVRA	2026-05-01	10.19	10.335	10.035	10.07	678016
ZVRA	2026-05-04	10.11	10.5	10.01	10.05	1376114
ZVRA	2026-05-05	10.16	10.73	10.16	10.61	986136
ZVRA	2026-05-06	10.68	11.3	10.57	11.25	2010050
ZVRA	2026-05-07	10.86	11.21	10.22	11	2555274
ZVRA	2026-05-08	11.14	11.595	10.78	11.13	2627017
ZVRA	2026-05-11	11.3	11.86	10.7107	10.8	1944374
ZVRA	2026-05-12	10.95	11.16	10.77	11.05	1106572
ZVRA	2026-05-13	11.01	11.25	10.86	11.12	1001301
ZVRA	2026-05-14	11.25	12.06	11.2	11.66	3001774
ZVRA	2026-05-15	11.45	11.46	11	11.01	1727718
ZVRA	2026-05-18	11.01	11.16	10.35	10.43	2268887
ZVRA	2026-05-19	10.4	10.41	10.03	10.2	948212
ZVRA	2026-05-20	10.3	10.51	10.155	10.24	1027896
ZVRA	2026-05-21	10.17	10.62	10.06	10.49	2433035
ZVRA	2026-05-22	10.48	10.73	10.01	10.03	1354151
ZVRA	2026-05-26	10.15	10.37	10.06	10.32	1840584
ZVRA	2026-05-27	10.36	11.185	10.36	10.95	2678514
ZVRA	2026-05-28	11.06	11.52	10.72	11.4	3237043
ZVRA	2026-05-29	11.45	11.74	11.3601	11.59	2253954
ZVRA	2026-06-01	11.59	11.93	11.415	11.49	1780518
ZVRA	2026-06-02	11.38	11.51	10.86	10.88	1674726
ZVRA	2026-06-03	11.08	11.1	10.865	10.96	1425010
ZVRA	2026-06-04	10.95	11.44	10.95	11.17	947768
ZVRA	2026-06-05	11.14	11.175	10.355	10.61	2118901
ZVRA	2026-06-08	10.71	12.35	10.58	12.09	3517156
ZVRA	2026-06-09	12.53	13.8	12.452	13.66	5028227
ZVRA	2026-06-10	13.65	14.27	13.375	13.5	2621706
ZVRA	2026-06-11	13.26	13.45	12.685	12.97	2224170
ZVRA	2026-06-12	12.98	13.74	12.63	12.65	1717501
ZVRA	2026-06-15	12.88	12.9899	12.365	12.55	1872186
ZVRA	2026-06-16	12.54	12.77	12.18	12.65	1258924
ZVRA	2026-06-17	12.75	12.94	12.5	12.61	1381278
ZVRA	2026-06-18	12.73	13.07	12.67	12.9	1947467
ZVRA	2026-06-22	12.94	13.19	12.48	12.65	1119411
ZVRA	2026-06-23	12.66	13.1	12.64	13	1372873
ZVRA	2026-06-24	13	13.315	12.932	13.08	982605
ZVRA	2026-06-25	13.26	13.49	12.95	13.23	1118637
ZVRA	2026-06-26	13.2	13.88	13.2	13.52	2871991
ZVRA	2026-06-29	13.53	14.1	13.53	14.01	1537826
ZVRA	2026-06-30	14.09	14.58	13.98	14.34	1482615
ZVRA	2026-07-01	14.31	14.49	13.77	13.81	1107434
ZVRA	2026-07-02	13.85	14.04	13.525	13.98	1422092
ZVRA	2026-07-06	13.99	14.37	13.78	13.97	1001892
ZVRA	2026-07-07	13.99	14.57	13.58	14.44	1875305
ZVRA	2026-07-08	14.3	15.035	14.0801	14.75	2877927
ZVRA	2026-07-09	14.91	14.96	13.685	13.94	1599744
ZVRA	2026-07-10	13.94	13.955	12.955	13.35	2060243
ZVRA	2026-07-13	13.2	13.29	13.01	13.18	868056
ZVRA	2026-07-14	13.12	13.33	12.852	13.06	782318
ZVRA	2026-07-15	13.02	13.03	12.61	12.96	862939
ZVRA	2026-07-16	12.9	13.14	12.58	12.76	1082897
ZVRA	2026-07-17	12.512	12.97	12.44	12.77	655291
ZVRA	2026-07-20	12.8	12.95	12	12.03	1139351
ZVRA	2026-07-21	12.07	12.53	12.02	12.45	865508
ZVRA	2026-07-22	12.42	12.5	11.91	12.14	941393
ZVRA	2026-07-23	11.94	12.56	11.81	12.52	964069
ZVRA	2026-07-24	9.205	10.19	9.1	9.525	6927580
ZVRA	2026-07-27	9.53	9.99	9.4703	9.71	1712304
ZVRA	2026-07-28	9.81	9.81	9.39	9.73	1503961
ZVRA	2026-07-29	9.72	9.845	9.44	9.78	1042573
ZVRA	2026-07-30	9.79	9.87	9.495	9.64	1911566
ZVRA	2026-07-31	9.7	9.7533	9.34	9.51	970890
ZVRA	2026-08-03	9.51	10.08	9.49	10.055	1752761
ZVRA	2026-08-04	10.23	10.53	10.1	10.52	1284331
ZVRA	2026-08-05	10.59	10.66	10.3716	10.53	773527
ZVRA	2026-08-06	11.305	12.32	11.08	11.88	2493011
ZVRA	2026-08-07	11.91	11.9704	11.35	11.56	1262302
ZVRA	2026-08-10	11.47	11.53	11.22	11.48	793881
ZVRA	2026-08-11	11.52	11.57	11.32	11.34	620963
ZVRA	2026-08-12	11.46	11.505	11.35	11.44	649547
ZVRA	2026-08-13	11.47	11.6	11.14	11.18	714633
ZVRA	2026-08-14	11.01	11.36	10.81	11.32	777765
ZVRA	2026-08-17	11.27	11.58	11.18	11.53	754218
ZVRA	2026-08-18	11.48	11.64	11.316	11.57	911507
ZVRA	2026-08-19	11.78	12.15	11.65	12.13	1117690
ZVRA	2026-08-20	12.04	12.18	11.86	11.89	923889
ZVRA	2026-08-21	11.96	12.01	11.75	11.87	699651
ZVRA	2026-08-24	11.98	12.01	11.45	11.65	783281
