ticker|d|n
ABCL|2026-08-10|391
ABCL|2026-08-11|391
ABCL|2026-08-12|391
ABCL|2026-08-13|391
ABCL|2026-08-14|391
ABCL|2026-08-17|391
ABCL|2026-08-18|391
ABCL|2026-08-19|391
ABCL|2026-08-20|390
ABCL|2026-08-21|390
ABCL|2026-08-24|387
ABCL|2026-08-25|391
ABCL|2026-08-26|390
ABCL|2026-08-27|389
ABCL|2026-08-28|391
ABCL|2026-08-31|383
ABSI|2026-05-14|390
ABSI|2026-05-15|386
ABSI|2026-05-18|389
ABSI|2026-05-19|389
ABSI|2026-05-20|389
ABSI|2026-05-21|385
ABSI|2026-05-22|378
ABSI|2026-05-26|385
ABSI|2026-05-27|383
ABSI|2026-05-28|391
ABSI|2026-05-29|391
ABSI|2026-06-01|389
ABSI|2026-06-02|385
ABSI|2026-06-03|389
ABSI|2026-06-04|391
ABSI|2026-06-05|391
ABSI|2026-06-08|387
ABSI|2026-06-09|391
ABSI|2026-06-10|391
ABSI|2026-06-11|389
ABSI|2026-06-12|390
ABSI|2026-06-15|387
ABSI|2026-06-16|385
ABSI|2026-06-17|391
ABSI|2026-06-18|389
ABSI|2026-06-22|391
ABSI|2026-06-23|391
ABSI|2026-06-24|1
ABSI|2026-06-25|391
ABSI|2026-06-26|391
ABSI|2026-06-29|391
ABSI|2026-06-30|391
ABSI|2026-07-01|391
ABSI|2026-07-02|391
ABSI|2026-07-06|390
ABSI|2026-07-07|391
ABSI|2026-07-08|391
ABSI|2026-07-09|391
ABSI|2026-07-10|391
ABSI|2026-07-13|390
ABSI|2026-07-14|391
ABSI|2026-07-15|390
ABSI|2026-07-16|391
ABSI|2026-07-17|389
ABSI|2026-07-20|387
ABSI|2026-07-21|389
ABSI|2026-07-22|379
ABSI|2026-07-23|386
ABSI|2026-07-24|382
ABVX|2026-06-03|391
ABVX|2026-06-04|390
ABVX|2026-06-05|382
ABVX|2026-06-08|363
ABVX|2026-06-09|354
ABVX|2026-06-10|360
ABVX|2026-06-11|326
ABVX|2026-06-12|328
ABVX|2026-06-15|384
ABVX|2026-06-16|384
ABVX|2026-06-17|363
ABVX|2026-06-18|373
ABVX|2026-06-22|390
ABVX|2026-06-23|368
ABVX|2026-06-24|383
ABVX|2026-06-25|381
ABVX|2026-06-26|385
ABVX|2026-06-29|364
ABVX|2026-06-30|391
ABVX|2026-07-01|390
ABVX|2026-07-02|387
ABVX|2026-07-06|359
ABVX|2026-07-07|364
ABVX|2026-07-08|367
ABVX|2026-07-09|361
ABVX|2026-07-10|319
ABVX|2026-07-13|370
ABVX|2026-07-14|363
ABVX|2026-07-15|331
ABVX|2026-07-16|369
ABVX|2026-07-17|371
ABVX|2026-07-20|375
ABVX|2026-07-21|338
ABVX|2026-07-22|333
ABVX|2026-07-23|359
ABVX|2026-07-24|371
ABVX|2026-07-27|336
ABVX|2026-07-28|380
ABVX|2026-07-29|343
ACAD|2026-06-26|1
ACAD|2026-06-29|369
ACAD|2026-06-30|360
ACAD|2026-07-01|366
ACAD|2026-07-02|360
ACAD|2026-07-06|327
ACAD|2026-07-07|361
ACAD|2026-07-08|354
ACAD|2026-07-09|342
ACAD|2026-07-10|343
ACAD|2026-07-13|317
ACAD|2026-07-14|347
ACAD|2026-07-15|380
ACAD|2026-07-16|367
ACAD|2026-07-17|345
ACAD|2026-07-20|348
ACAD|2026-07-21|334
ACAD|2026-07-22|332
ACAD|2026-07-23|361
ACAD|2026-07-24|325
ACAD|2026-07-27|342
ACHR|2026-08-10|391
ACHR|2026-08-11|391
ACHR|2026-08-12|391
ACHR|2026-08-13|391
ACHR|2026-08-14|391
ACHR|2026-08-17|391
ACHR|2026-08-18|391
ACHR|2026-08-19|391
ACHR|2026-08-20|391
ACHR|2026-08-21|391
ACHR|2026-08-24|391
ACHR|2026-08-25|391
ACHR|2026-08-26|391
ACHR|2026-08-27|391
ACHR|2026-08-28|391
ACMR|2026-05-26|388
ACMR|2026-05-27|374
ACMR|2026-05-28|368
ACMR|2026-05-29|379
ACMR|2026-06-01|357
ACMR|2026-06-02|349
ACMR|2026-06-03|351
ACMR|2026-06-04|381
ACMR|2026-06-05|381
ACMR|2026-06-08|370
ACMR|2026-06-09|386
ACMR|2026-06-10|344
ACMR|2026-06-11|355
ACMR|2026-06-12|381
ACMR|2026-06-15|370
ACMR|2026-06-16|371
ACMR|2026-06-17|361
ACMR|2026-06-18|372
ACMR|2026-06-22|375
ACMR|2026-06-23|368
ACMR|2026-06-24|381
ACMR|2026-06-25|367
ACMR|2026-06-26|349
ACMR|2026-06-29|368
ACMR|2026-06-30|375
ACMR|2026-07-01|379
ACMR|2026-07-02|389
ACMR|2026-07-06|379
ACMR|2026-07-07|363
ACMR|2026-07-08|314
ACMR|2026-07-09|339
ACMR|2026-07-10|296
ACMR|2026-07-13|302
ACMR|2026-07-14|286
ACMR|2026-07-15|354
ACMR|2026-07-16|357
ACMR|2026-07-17|357
ACMR|2026-07-20|286
ACMR|2026-07-21|360
ACMR|2026-07-22|320
ACMR|2026-07-23|279
ACMR|2026-07-24|302
ACMR|2026-07-27|354
ACMR|2026-07-28|356
ACMR|2026-07-29|381
ACMR|2026-07-30|373
ACMR|2026-07-31|310
ACMR|2026-08-03|326
ACMR|2026-08-04|308
ACMR|2026-08-05|280
ACMR|2026-08-06|354
ACMR|2026-08-07|379
ACMR|2026-08-10|362
ACMR|2026-08-11|321
ACMR|2026-08-12|276
ACMR|2026-08-13|276
ACMR|2026-08-14|292
ACMR|2026-08-17|318
ACMR|2026-08-18|362
ACMR|2026-08-19|350
ACMR|2026-08-20|326
ACMR|2026-08-21|277
ACMR|2026-08-24|351
ACMR|2026-08-25|288
ACMR|2026-08-26|275
ACMR|2026-08-27|308
ACMR|2026-08-28|362
AEHR|2026-04-16|389
AEHR|2026-04-17|389
AEHR|2026-04-20|389
AEHR|2026-04-21|391
AEHR|2026-04-22|389
AEHR|2026-04-23|390
AEHR|2026-04-24|384
AEHR|2026-04-27|391
AEHR|2026-04-28|390
AEHR|2026-04-29|378
AEHR|2026-04-30|385
AEHR|2026-05-01|387
AEHR|2026-05-04|389
AEHR|2026-05-05|387
AEHR|2026-05-06|380
AEHR|2026-05-07|379
AEHR|2026-05-08|388
AEHR|2026-05-11|389
AEHR|2026-05-12|390
AEHR|2026-05-13|391
AEHR|2026-05-14|387
AEHR|2026-06-02|390
AEHR|2026-06-03|388
AEHR|2026-06-04|376
AEHR|2026-06-05|388
AEHR|2026-06-08|375
AEHR|2026-06-09|385
AEHR|2026-06-10|386
AEHR|2026-06-11|372
AEHR|2026-06-12|372
AEHR|2026-06-15|378
AEHR|2026-06-16|369
AEHR|2026-06-17|376
AEHR|2026-06-18|372
AEHR|2026-06-22|370
AEHR|2026-06-23|370
AEHR|2026-06-24|366
AEHR|2026-06-25|356
AEHR|2026-06-26|376
AEHR|2026-06-29|362
AEHR|2026-06-30|364
AEHR|2026-07-01|364
AEHR|2026-07-02|391
AEHR|2026-07-06|386
AEHR|2026-07-07|386
AEHR|2026-07-08|379
AEHR|2026-07-09|378
AEHR|2026-07-10|363
AEHR|2026-07-13|377
AEHR|2026-07-14|384
AEHR|2026-07-15|1
AEHR|2026-07-16|391
AEHR|2026-07-17|391
AEHR|2026-07-20|389
AEHR|2026-07-21|391
AEHR|2026-07-22|390
AEHR|2026-07-23|387
AEHR|2026-07-24|385
AEHR|2026-07-27|390
AEHR|2026-07-28|389
AEHR|2026-07-29|391
AEHR|2026-07-30|388
AEHR|2026-07-31|391
AEHR|2026-08-03|387
AEHR|2026-08-04|389
AEHR|2026-08-05|372
AEHR|2026-08-06|377
AEHR|2026-08-07|364
AEHR|2026-08-10|385
AEHR|2026-08-11|389
AEHR|2026-08-12|387
AEHR|2026-08-13|387
AEHR|2026-08-14|376
AEHR|2026-08-17|383
AEHR|2026-08-18|388
AEHR|2026-08-19|384
AEHR|2026-08-20|389
AEHR|2026-08-21|368
AEHR|2026-08-24|378
AEHR|2026-08-25|371
AEHR|2026-08-26|378
AEHR|2026-08-27|365
AEHR|2026-08-28|387
AEIS|2026-07-31|382
AEIS|2026-08-03|383
AEIS|2026-08-04|387
AEIS|2026-08-05|378
AEIS|2026-08-06|348
AEIS|2026-08-07|340
AEIS|2026-08-10|359
AEIS|2026-08-11|357
AEIS|2026-08-12|322
AEIS|2026-08-13|348
AEIS|2026-08-14|325
AEIS|2026-08-17|350
AEIS|2026-08-18|378
AEIS|2026-08-19|339
AEIS|2026-08-20|337
AEIS|2026-08-21|336
AEIS|2026-08-24|366
AEIS|2026-08-25|337
AEIS|2026-08-26|368
AEIS|2026-08-27|332
AEIS|2026-08-28|330
AEVA|2026-06-15|380
AEVA|2026-06-16|390
AEVA|2026-06-17|362
AEVA|2026-06-18|377
AEVA|2026-06-22|378
AEVA|2026-06-23|358
AEVA|2026-06-24|387
AEVA|2026-06-25|357
AEVA|2026-06-26|375
AEVA|2026-06-29|391
AEVA|2026-06-30|391
AEVA|2026-07-01|390
AEVA|2026-07-02|387
AEVA|2026-07-06|367
AEVA|2026-07-07|377
AEVA|2026-07-08|378
AEVA|2026-07-09|336
AEVA|2026-07-10|331
AEVA|2026-07-13|372
AEVA|2026-07-14|342
AEVA|2026-07-15|374
AEVA|2026-08-06|387
AEVA|2026-08-07|377
AEVA|2026-08-10|384
AEVA|2026-08-11|352
AEVA|2026-08-12|347
AEVA|2026-08-13|362
AEVA|2026-08-14|369
AEVA|2026-08-17|363
AEVA|2026-08-18|370
AEVA|2026-08-19|374
AEVA|2026-08-20|368
AEVA|2026-08-21|336
AEVA|2026-08-24|381
AEVA|2026-08-25|362
AEVA|2026-08-26|370
AEVA|2026-08-27|371
AEVA|2026-08-28|371
AGX|2026-06-05|1
AGX|2026-06-08|378
AGX|2026-06-09|346
AGX|2026-06-10|304
AGX|2026-06-11|303
AGX|2026-06-12|320
AGX|2026-06-15|300
AGX|2026-06-16|282
AGX|2026-06-17|310
AGX|2026-06-18|359
AGX|2026-06-22|322
AGX|2026-06-23|326
AGX|2026-06-24|311
AGX|2026-06-25|246
AGX|2026-06-26|320
AGX|2026-06-29|307
AGX|2026-06-30|269
AGX|2026-07-01|271
AGX|2026-07-02|316
AGX|2026-07-06|266
AGX|2026-07-07|303
AGYS|2026-05-19|373
AGYS|2026-05-20|319
AGYS|2026-05-21|265
AGYS|2026-05-22|168
AGYS|2026-05-26|220
AGYS|2026-05-27|181
AGYS|2026-05-28|145
AGYS|2026-05-29|231
AGYS|2026-06-01|271
AGYS|2026-06-02|177
AGYS|2026-06-03|213
AGYS|2026-06-04|161
AGYS|2026-06-05|149
AGYS|2026-06-08|123
AGYS|2026-06-09|166
AGYS|2026-06-10|201
AGYS|2026-06-11|208
AGYS|2026-06-12|222
AGYS|2026-06-15|159
AGYS|2026-06-16|95
AGYS|2026-06-17|161
AIP|2026-05-13|377
AIP|2026-05-14|358
AIP|2026-05-15|384
AIP|2026-05-18|356
AIP|2026-05-19|353
AIP|2026-05-20|347
AIP|2026-05-21|325
AIP|2026-05-22|314
AIP|2026-05-26|354
AIP|2026-05-27|318
AIP|2026-05-28|323
AIP|2026-05-29|333
AIP|2026-06-01|377
AIP|2026-06-02|326
AIP|2026-06-03|343
AIP|2026-06-04|334
AIP|2026-06-05|339
AIP|2026-06-08|351
AIP|2026-06-09|316
AIP|2026-06-10|352
AIP|2026-06-11|340
AIP|2026-07-30|271
AKTS|2026-06-12|346
AKTS|2026-06-15|252
AKTS|2026-06-16|250
AKTS|2026-06-17|271
AKTS|2026-06-18|249
AKTS|2026-06-22|223
AKTS|2026-06-23|278
AKTS|2026-06-24|310
AKTS|2026-06-25|317
AKTS|2026-06-26|286
AKTS|2026-06-29|238
AKTS|2026-06-30|328
AKTS|2026-07-01|278
AKTS|2026-07-02|264
AKTS|2026-07-06|359
AKTS|2026-07-07|297
AKTS|2026-07-08|324
AKTS|2026-07-09|223
AKTS|2026-07-10|315
AKTS|2026-07-13|290
AKTS|2026-07-14|309
ALAB|2026-05-21|391
ALAB|2026-05-22|391
ALAB|2026-05-26|391
ALAB|2026-05-27|391
ALAB|2026-05-28|391
ALAB|2026-05-29|390
ALAB|2026-06-01|391
ALAB|2026-06-02|391
ALAB|2026-06-03|391
ALAB|2026-06-04|389
ALAB|2026-06-05|391
ALAB|2026-06-08|391
ALAB|2026-06-09|391
ALAB|2026-06-10|391
ALAB|2026-06-11|389
ALAB|2026-06-12|391
ALAB|2026-06-15|391
ALAB|2026-06-16|390
ALAB|2026-06-17|391
ALAB|2026-06-18|391
ALAB|2026-07-09|390
ALAB|2026-07-10|381
ALAB|2026-07-13|391
ALAB|2026-07-14|391
ALAB|2026-07-15|388
ALAB|2026-07-16|391
ALAB|2026-07-17|391
ALAB|2026-07-20|383
ALAB|2026-07-21|391
ALAB|2026-07-22|390
ALAB|2026-07-23|386
ALAB|2026-07-24|391
ALAB|2026-07-27|389
ALAB|2026-07-28|391
ALAB|2026-07-29|390
ALAB|2026-07-30|390
ALAB|2026-07-31|391
ALAB|2026-08-03|390
ALAB|2026-08-04|391
ALAB|2026-08-05|391
ALAB|2026-08-06|391
ALAB|2026-08-07|390
ALAB|2026-08-10|389
ALAB|2026-08-11|387
ALAB|2026-08-12|389
ALAB|2026-08-13|390
ALAB|2026-08-14|389
ALAB|2026-08-17|391
ALAB|2026-08-18|390
ALAB|2026-08-19|389
ALAB|2026-08-20|387
ALAB|2026-08-21|385
ALAB|2026-08-24|389
ALAB|2026-08-25|384
ALAB|2026-08-26|384
ALAB|2026-08-27|383
ALAB|2026-08-28|386
ALOY|2026-06-01|388
ALOY|2026-06-02|387
ALOY|2026-06-03|388
ALOY|2026-06-04|390
ALOY|2026-06-05|387
ALOY|2026-06-08|388
ALOY|2026-06-09|390
ALOY|2026-06-10|390
ALOY|2026-06-11|380
ALOY|2026-06-12|382
ALOY|2026-06-15|387
ALOY|2026-06-16|391
ALOY|2026-06-17|390
ALOY|2026-06-18|378
ALOY|2026-06-22|387
ALOY|2026-06-23|380
ALOY|2026-06-24|389
ALOY|2026-06-25|390
ALOY|2026-06-26|390
ALOY|2026-06-29|375
ALOY|2026-06-30|385
ALOY|2026-07-01|387
ALOY|2026-07-02|391
ALOY|2026-07-06|388
ALOY|2026-07-07|379
ALOY|2026-07-08|384
ALOY|2026-07-09|341
ALOY|2026-07-10|371
ALOY|2026-07-13|386
ALOY|2026-07-14|365
ALOY|2026-07-15|379
ALOY|2026-07-29|390
ALOY|2026-07-30|391
ALOY|2026-07-31|390
ALOY|2026-08-03|390
ALOY|2026-08-04|391
ALOY|2026-08-05|390
ALOY|2026-08-06|386
ALOY|2026-08-07|391
ALOY|2026-08-10|390
ALOY|2026-08-11|379
ALOY|2026-08-12|378
ALOY|2026-08-13|366
ALOY|2026-08-14|390
ALOY|2026-08-17|388
ALOY|2026-08-18|383
ALOY|2026-08-19|382
ALOY|2026-08-20|390
ALOY|2026-08-21|377
ALOY|2026-08-24|389
ALOY|2026-08-25|373
ALOY|2026-08-26|365
ALOY|2026-08-27|386
ALOY|2026-08-28|386
AMBQ|2026-05-12|381
AMBQ|2026-05-13|373
AMBQ|2026-05-14|331
AMBQ|2026-05-15|339
AMBQ|2026-05-18|326
AMBQ|2026-05-19|372
AMBQ|2026-05-20|339
AMBQ|2026-05-21|345
AMBQ|2026-05-22|313
AMBQ|2026-05-26|353
AMBQ|2026-05-27|326
AMBQ|2026-05-28|258
AMBQ|2026-05-29|248
AMBQ|2026-06-01|325
AMBQ|2026-06-02|272
AMBQ|2026-06-03|251
AMBQ|2026-06-04|289
AMBQ|2026-06-05|293
AMBQ|2026-06-08|243
AMBQ|2026-06-09|303
AMBQ|2026-06-10|299
AMLX|2026-05-08|310
AMLX|2026-05-11|326
AMLX|2026-05-12|345
AMLX|2026-05-13|343
AMLX|2026-05-14|305
AMLX|2026-05-15|333
AMLX|2026-05-18|311
AMLX|2026-05-19|322
AMLX|2026-05-20|341
AMLX|2026-05-21|278
AMLX|2026-05-22|259
AMLX|2026-05-26|281
AMLX|2026-05-27|288
AMLX|2026-05-28|252
AMLX|2026-05-29|218
AMLX|2026-06-01|325
AMLX|2026-06-02|340
AMLX|2026-06-03|346
AMLX|2026-06-04|330
AMLX|2026-06-05|353
AMLX|2026-06-08|263
AMLX|2026-08-18|391
AMLX|2026-08-19|390
AMLX|2026-08-20|391
AMLX|2026-08-21|391
AMLX|2026-08-24|387
AMLX|2026-08-25|381
AMLX|2026-08-26|375
AMLX|2026-08-27|369
AMLX|2026-08-28|346
AMLX|2026-08-31|375
AMRC|2026-07-30|236
AMRC|2026-08-04|369
AMRC|2026-08-05|297
AMRC|2026-08-06|312
AMRC|2026-08-07|276
AMRC|2026-08-10|319
AMRC|2026-08-11|204
AMRC|2026-08-12|201
AMRC|2026-08-13|206
AMRC|2026-08-14|243
AMRC|2026-08-17|256
AMRC|2026-08-18|357
AMRC|2026-08-19|313
AMRC|2026-08-20|365
AMRC|2026-08-21|305
AMRC|2026-08-24|328
AMRC|2026-08-25|313
AMRC|2026-08-26|301
AMRC|2026-08-27|255
AMRC|2026-08-28|274
ANF|2026-05-27|385
ANF|2026-05-28|364
ANF|2026-05-29|376
ANF|2026-06-01|368
ANF|2026-06-02|346
ANF|2026-06-03|356
ANF|2026-06-04|358
ANF|2026-06-05|343
ANF|2026-06-08|339
ANF|2026-06-09|376
ANF|2026-06-10|372
ANF|2026-06-11|354
ANF|2026-06-12|360
ANF|2026-06-15|374
ANF|2026-06-16|350
ANF|2026-06-17|361
ANF|2026-06-18|343
ANF|2026-06-22|369
ANF|2026-06-23|328
ANF|2026-06-24|364
ANF|2026-06-25|330
ANF|2026-08-26|391
ANF|2026-08-27|388
ANF|2026-08-28|387
APPS|2026-05-27|390
APPS|2026-05-28|391
APPS|2026-05-29|391
APPS|2026-06-01|391
APPS|2026-06-02|391
APPS|2026-06-03|389
APPS|2026-06-04|391
APPS|2026-06-05|391
APPS|2026-06-08|391
APPS|2026-06-09|391
APPS|2026-06-10|391
APPS|2026-06-11|391
APPS|2026-06-12|391
APPS|2026-06-15|387
APPS|2026-06-16|391
APPS|2026-06-17|391
APPS|2026-06-18|389
APPS|2026-06-22|390
APPS|2026-06-23|391
APPS|2026-06-24|391
APPS|2026-06-25|389
APPS|2026-08-05|391
APPS|2026-08-06|390
APPS|2026-08-07|390
APPS|2026-08-10|381
APPS|2026-08-11|380
APPS|2026-08-12|385
APPS|2026-08-13|387
APPS|2026-08-14|374
APPS|2026-08-17|374
APPS|2026-08-18|375
APPS|2026-08-19|384
APPS|2026-08-20|369
APPS|2026-08-21|375
APPS|2026-08-24|370
APPS|2026-08-25|370
APPS|2026-08-26|373
APPS|2026-08-27|388
APPS|2026-08-28|370
ARGX|2026-08-17|369
ARGX|2026-08-18|350
ARGX|2026-08-19|357
ARGX|2026-08-20|306
ARGX|2026-08-21|326
ARGX|2026-08-24|292
ARGX|2026-08-25|229
ARGX|2026-08-26|365
ARGX|2026-08-27|292
ARGX|2026-08-28|269
ARM|2026-04-24|390
ARM|2026-04-27|391
ARM|2026-04-28|391
ARM|2026-04-29|390
ARM|2026-04-30|391
ARM|2026-05-01|391
ARM|2026-05-04|391
ARM|2026-05-05|391
ARM|2026-05-06|390
ARM|2026-05-07|391
ARM|2026-05-08|391
ARM|2026-05-11|391
ARM|2026-05-12|391
ARM|2026-05-13|391
ARM|2026-05-14|391
ARM|2026-05-15|391
ARM|2026-05-18|391
ARM|2026-05-19|391
ARM|2026-05-20|391
ARM|2026-05-21|391
ARM|2026-05-22|391
ARM|2026-05-26|391
ARM|2026-05-27|391
ARM|2026-05-28|391
ARM|2026-05-29|391
ARM|2026-06-01|391
ARM|2026-06-02|391
ARM|2026-06-03|391
ARM|2026-06-04|391
ARM|2026-06-05|391
ARM|2026-06-08|391
ARM|2026-06-09|391
ARM|2026-06-10|391
ARM|2026-06-11|391
ARM|2026-06-12|391
ARM|2026-06-15|391
ARM|2026-06-16|391
ARM|2026-06-17|391
ARM|2026-06-18|391
ARM|2026-06-22|391
ARM|2026-06-23|391
ARM|2026-06-24|391
ARM|2026-06-25|391
ARM|2026-06-26|391
ARM|2026-06-29|391
ARM|2026-06-30|391
ARM|2026-07-30|391
ARM|2026-07-31|391
ARM|2026-08-03|391
ARM|2026-08-04|391
ARM|2026-08-05|391
ARM|2026-08-06|390
ARM|2026-08-07|390
ARM|2026-08-10|387
ARM|2026-08-11|390
ARM|2026-08-12|389
ARM|2026-08-13|388
ARM|2026-08-14|384
ARM|2026-08-17|391
ARM|2026-08-18|390
ARM|2026-08-19|380
ARM|2026-08-20|389
ARM|2026-08-21|390
ARM|2026-08-24|388
ARM|2026-08-25|389
ARM|2026-08-26|390
ARM|2026-08-27|391
ARM|2026-08-28|390
ARWR|2026-07-22|1
ARWR|2026-07-23|389
ARWR|2026-07-24|382
ARWR|2026-07-27|371
ARWR|2026-07-28|372
ARWR|2026-07-29|382
ARWR|2026-07-30|377
ARWR|2026-07-31|360
ARWR|2026-08-03|377
ARWR|2026-08-04|376
ARWR|2026-08-05|380
ARWR|2026-08-06|353
ARWR|2026-08-07|298
ARWR|2026-08-10|333
ARWR|2026-08-11|350
ARWR|2026-08-12|319
ARWR|2026-08-13|325
ARWR|2026-08-14|318
ARWR|2026-08-17|339
ARWR|2026-08-18|317
ARWR|2026-08-19|340
ARX|2026-05-14|379
ARX|2026-05-15|349
ARX|2026-05-18|352
ARX|2026-05-19|359
ARX|2026-05-20|342
ARX|2026-05-21|348
ARX|2026-05-22|348
ARX|2026-05-26|359
ARX|2026-05-27|365
ARX|2026-05-28|270
ARX|2026-05-29|259
ARX|2026-06-01|331
ARX|2026-06-02|312
ARX|2026-06-03|346
ARX|2026-06-04|276
ARX|2026-06-05|288
ARX|2026-06-08|304
ARX|2026-06-09|329
ARX|2026-06-10|366
ARX|2026-06-11|375
ARX|2026-06-12|312
ARX|2026-08-13|391
ARX|2026-08-14|389
ARX|2026-08-17|379
ARX|2026-08-18|389
ARX|2026-08-19|383
ARX|2026-08-20|381
ARX|2026-08-21|353
ARX|2026-08-24|358
ARX|2026-08-25|361
ARX|2026-08-26|354
ARX|2026-08-27|371
ARX|2026-08-28|371
ASAN|2026-05-29|391
ASAN|2026-06-01|391
ASAN|2026-06-02|391
ASAN|2026-06-03|389
ASAN|2026-06-04|388
ASAN|2026-06-05|391
ASAN|2026-06-08|382
ASAN|2026-06-09|388
ASAN|2026-06-10|380
ASAN|2026-06-11|390
ASAN|2026-06-12|384
ASAN|2026-06-15|385
ASAN|2026-06-16|368
ASAN|2026-06-17|390
ASAN|2026-06-18|382
ASAN|2026-06-22|391
ASAN|2026-06-23|388
ASAN|2026-06-24|389
ASAN|2026-06-25|391
ASAN|2026-06-26|391
ASAN|2026-06-29|390
ASAN|2026-06-30|390
ASPI|2026-05-11|391
ASPI|2026-05-12|390
ASPI|2026-05-13|391
ASPI|2026-05-14|391
ASPI|2026-05-15|385
ASPI|2026-05-18|389
ASPI|2026-05-19|391
ASPI|2026-05-20|388
ASPI|2026-05-21|391
ASPI|2026-05-22|389
ASPI|2026-05-26|390
ASPI|2026-05-27|389
ASPI|2026-05-28|391
ASPI|2026-05-29|390
ASPI|2026-06-01|391
ASPI|2026-06-02|391
ASPI|2026-06-03|391
ASPI|2026-06-04|391
ASPI|2026-06-05|391
ASPI|2026-06-08|391
ASPI|2026-06-09|390
ASPI|2026-06-10|391
ASPI|2026-06-11|390
ASPI|2026-06-12|388
ASPI|2026-06-15|391
ASPI|2026-06-16|387
ASPI|2026-06-17|390
ASPI|2026-06-18|391
ASPI|2026-06-22|390
ASPI|2026-06-23|390
ASPI|2026-06-24|391
ASTI|2026-05-27|386
ASTI|2026-05-28|380
ASTI|2026-05-29|374
ASTI|2026-06-01|369
ASTI|2026-06-02|375
ASTI|2026-06-03|382
ASTI|2026-06-04|379
ASTI|2026-06-05|382
ASTI|2026-06-08|382
ASTI|2026-06-09|362
ASTI|2026-06-10|307
ASTI|2026-06-11|385
ASTI|2026-06-12|365
ASTI|2026-06-15|360
ASTI|2026-06-16|306
ASTI|2026-06-17|288
ASTI|2026-06-18|249
ASTI|2026-06-22|284
ASTI|2026-06-23|220
ASTI|2026-06-24|271
ASTI|2026-06-25|256
ATRO|2026-06-15|339
ATRO|2026-06-16|281
ATRO|2026-06-17|330
ATRO|2026-06-18|289
ATRO|2026-06-22|314
ATRO|2026-06-23|234
ATRO|2026-06-24|303
ATRO|2026-06-25|283
ATRO|2026-06-26|269
ATRO|2026-06-29|278
ATRO|2026-06-30|372
ATRO|2026-07-01|351
ATRO|2026-07-02|357
ATRO|2026-07-06|310
ATRO|2026-07-07|336
ATRO|2026-07-08|320
ATRO|2026-07-09|252
ATRO|2026-07-10|266
ATRO|2026-07-13|261
ATRO|2026-07-14|277
ATRO|2026-07-15|263
ATRO|2026-08-12|382
ATRO|2026-08-13|373
ATRO|2026-08-14|303
ATRO|2026-08-17|261
ATRO|2026-08-18|302
ATRO|2026-08-19|240
ATRO|2026-08-20|312
ATRO|2026-08-21|249
ATRO|2026-08-24|336
ATRO|2026-08-25|283
ATRO|2026-08-26|239
ATRO|2026-08-27|230
ATRO|2026-08-28|224
AUGO|2026-06-15|367
AUGO|2026-06-16|340
AUGO|2026-06-17|367
AUGO|2026-06-18|330
AUGO|2026-06-22|314
AUGO|2026-06-23|326
AUGO|2026-06-24|348
AUGO|2026-06-25|334
AUGO|2026-06-26|344
AUGO|2026-06-29|320
AUGO|2026-06-30|302
AUGO|2026-07-01|324
AUGO|2026-07-02|367
AUGO|2026-07-06|316
AUGO|2026-07-07|354
AUGO|2026-07-08|313
AUGO|2026-07-09|296
AUGO|2026-07-10|322
AUGO|2026-07-13|334
AUGO|2026-07-14|324
AUGO|2026-07-15|283
AUGO|2026-08-07|367
AUGO|2026-08-10|319
AUGO|2026-08-11|313
AUGO|2026-08-12|294
AUGO|2026-08-13|323
AUGO|2026-08-14|256
AUGO|2026-08-17|272
AUGO|2026-08-18|281
AUGO|2026-08-19|357
AUGO|2026-08-20|358
AUGO|2026-08-21|329
AUGO|2026-08-24|311
AUGO|2026-08-25|321
AUGO|2026-08-26|265
AUGO|2026-08-27|239
AUGO|2026-08-28|349
AVAV|2026-05-28|1
AVAV|2026-05-29|386
AVAV|2026-06-01|367
AVAV|2026-06-02|353
AVAV|2026-06-03|372
AVAV|2026-06-04|354
AVAV|2026-06-05|374
AVAV|2026-06-08|350
AVAV|2026-06-09|374
AVAV|2026-06-10|338
AVAV|2026-06-11|324
AVAV|2026-06-12|358
AVAV|2026-06-15|365
AVAV|2026-06-16|374
AVAV|2026-06-17|335
AVAV|2026-06-18|378
AVAV|2026-06-22|388
AVAV|2026-06-23|349
AVAV|2026-06-24|367
AVAV|2026-06-25|378
AVAV|2026-06-26|378
AVAV|2026-06-30|1
AVAV|2026-07-01|390
AVAV|2026-07-02|391
AVAV|2026-07-06|391
AVAV|2026-07-07|389
AVAV|2026-07-08|386
AVAV|2026-07-09|386
AVAV|2026-07-10|372
AVAV|2026-07-13|367
AVAV|2026-07-14|374
AVAV|2026-07-15|366
AVAV|2026-07-16|390
AVAV|2026-07-17|378
AVAV|2026-07-20|369
AVAV|2026-07-21|384
AVAV|2026-07-22|386
AVAV|2026-07-23|380
AVAV|2026-07-24|372
AVAV|2026-07-27|369
AVAV|2026-07-28|360
AVAV|2026-07-29|379
AVEX|2026-04-20|391
AVEX|2026-04-21|390
AVEX|2026-04-22|391
AVEX|2026-04-23|388
AVEX|2026-04-24|385
AVEX|2026-04-27|384
AVEX|2026-04-28|379
AVEX|2026-04-29|349
AVEX|2026-04-30|360
AVEX|2026-05-01|360
AVEX|2026-05-04|368
AVEX|2026-05-05|389
AVEX|2026-05-06|361
AVEX|2026-05-07|362
AVEX|2026-05-08|369
AVEX|2026-05-11|377
AVEX|2026-05-12|374
AVEX|2026-05-13|377
AVEX|2026-05-14|379
AVEX|2026-05-15|366
AVEX|2026-05-18|370
AVEX|2026-05-19|347
AVEX|2026-05-20|328
AVEX|2026-05-21|384
AVEX|2026-05-22|362
AVEX|2026-05-26|368
AVEX|2026-05-27|367
AVEX|2026-05-28|389
AVEX|2026-05-29|374
AVEX|2026-06-01|349
AVEX|2026-06-02|382
AVEX|2026-06-03|373
AVEX|2026-06-04|391
AVEX|2026-06-05|391
AVEX|2026-06-08|381
AVEX|2026-06-09|385
AVEX|2026-06-10|365
AVEX|2026-06-30|388
AVEX|2026-07-01|391
AVEX|2026-07-02|390
AVEX|2026-07-06|344
AVEX|2026-07-07|379
AVEX|2026-07-08|368
AVEX|2026-07-09|366
AVEX|2026-07-10|344
AVEX|2026-07-13|379
AVEX|2026-07-14|354
AVEX|2026-07-15|389
AVEX|2026-07-16|390
AVEX|2026-07-17|391
AVEX|2026-07-20|391
AVEX|2026-07-21|375
AVEX|2026-07-22|345
AVEX|2026-07-23|366
AVEX|2026-07-24|336
AVEX|2026-07-27|345
AVEX|2026-07-28|348
AVEX|2026-07-29|366
AVEX|2026-08-14|387
BBWI|2026-05-27|390
BBWI|2026-05-28|391
BBWI|2026-05-29|391
BBWI|2026-06-01|391
BBWI|2026-06-02|390
BBWI|2026-06-03|390
BBWI|2026-06-04|391
BBWI|2026-06-05|391
BBWI|2026-06-08|389
BBWI|2026-06-09|391
BBWI|2026-06-10|387
BBWI|2026-06-11|391
BBWI|2026-06-12|391
BBWI|2026-06-15|386
BBWI|2026-06-16|390
BBWI|2026-06-17|387
BBWI|2026-06-18|389
BBWI|2026-06-22|390
BBWI|2026-06-23|390
BBWI|2026-06-24|391
BBWI|2026-06-25|391
BE|2026-04-14|390
BE|2026-04-15|391
BE|2026-04-16|391
BE|2026-04-17|391
BE|2026-04-20|391
BE|2026-04-21|391
BE|2026-04-22|391
BE|2026-04-23|391
BE|2026-04-24|391
BE|2026-04-27|391
BE|2026-04-28|391
BE|2026-04-29|391
BE|2026-04-30|391
BE|2026-05-01|391
BE|2026-05-04|391
BE|2026-05-05|391
BE|2026-05-06|391
BE|2026-05-07|391
BE|2026-05-08|391
BE|2026-05-11|391
BE|2026-05-12|391
BE|2026-05-13|391
BE|2026-05-14|391
BE|2026-05-15|391
BE|2026-05-18|391
BE|2026-05-19|391
BE|2026-05-20|391
BE|2026-05-21|391
BE|2026-05-22|391
BE|2026-05-26|391
BE|2026-05-27|391
BE|2026-05-28|391
BE|2026-07-29|391
BE|2026-07-30|391
BE|2026-07-31|391
BE|2026-08-03|391
BE|2026-08-04|391
BE|2026-08-05|391
BE|2026-08-06|391
BE|2026-08-07|391
BE|2026-08-10|391
BE|2026-08-11|391
BE|2026-08-12|391
BE|2026-08-13|391
BE|2026-08-14|391
BE|2026-08-17|391
BE|2026-08-18|391
BE|2026-08-19|391
BE|2026-08-20|391
BE|2026-08-21|391
BE|2026-08-24|391
BE|2026-08-25|391
BE|2026-08-26|391
BE|2026-08-27|391
BE|2026-08-28|391
BHVN|2026-05-29|385
BHVN|2026-06-01|384
BHVN|2026-06-02|374
BHVN|2026-06-03|379
BHVN|2026-06-04|361
BHVN|2026-06-05|372
BHVN|2026-06-08|356
BHVN|2026-06-09|385
BHVN|2026-06-10|385
BHVN|2026-06-11|385
BHVN|2026-06-12|377
BHVN|2026-06-15|383
BHVN|2026-06-16|379
BHVN|2026-06-17|388
BHVN|2026-06-18|386
BHVN|2026-06-22|391
BHVN|2026-06-23|390
BHVN|2026-06-24|384
BHVN|2026-06-25|390
BHVN|2026-06-26|390
BHVN|2026-06-29|386
BHVN|2026-06-30|376
BHVN|2026-07-01|382
BHVN|2026-07-02|390
BHVN|2026-07-06|378
BHVN|2026-07-07|390
BHVN|2026-07-08|380
BHVN|2026-07-09|373
BHVN|2026-07-10|379
BHVN|2026-07-13|363
BHVN|2026-07-14|368
BHVN|2026-07-15|352
BHVN|2026-07-16|355
BHVN|2026-07-17|381
BHVN|2026-08-26|391
BHVN|2026-08-27|391
BHVN|2026-08-28|382
BLSH|2026-05-05|380
BLSH|2026-05-06|356
BLSH|2026-05-07|341
BLSH|2026-05-08|366
BLSH|2026-05-11|373
BLSH|2026-05-12|327
BLSH|2026-05-13|351
BLSH|2026-05-14|382
BLSH|2026-05-15|375
BLSH|2026-05-18|366
BLSH|2026-05-19|383
BLSH|2026-05-20|386
BLSH|2026-05-21|385
BLSH|2026-05-22|360
BLSH|2026-05-26|372
BLSH|2026-05-27|384
BLSH|2026-05-28|376
BLSH|2026-05-29|355
BLSH|2026-06-01|387
BLSH|2026-06-02|372
BLSH|2026-06-03|367
BLSH|2026-08-13|390
BLSH|2026-08-14|389
BLSH|2026-08-17|383
BLSH|2026-08-18|347
BLSH|2026-08-19|377
BLSH|2026-08-20|379
BLSH|2026-08-21|385
BLSH|2026-08-24|366
BLSH|2026-08-25|378
BLSH|2026-08-26|377
BLSH|2026-08-27|379
BLSH|2026-08-28|359
BLZE|2026-06-23|391
BLZE|2026-06-24|391
BLZE|2026-06-25|391
BLZE|2026-06-26|391
BLZE|2026-06-29|391
BLZE|2026-06-30|389
BLZE|2026-07-01|389
BLZE|2026-07-02|385
BLZE|2026-07-06|383
BLZE|2026-07-07|381
BLZE|2026-07-08|374
BLZE|2026-07-09|387
BLZE|2026-07-10|373
BLZE|2026-07-13|386
BLZE|2026-07-14|363
BLZE|2026-07-15|385
BLZE|2026-07-16|385
BLZE|2026-07-17|382
BLZE|2026-07-20|350
BLZE|2026-07-21|353
BLZE|2026-07-22|327
BLZE|2026-07-31|377
BLZE|2026-08-03|387
BLZE|2026-08-04|391
BLZE|2026-08-05|391
BLZE|2026-08-06|382
BLZE|2026-08-07|376
BLZE|2026-08-10|387
BLZE|2026-08-11|381
BLZE|2026-08-12|377
BLZE|2026-08-13|381
BLZE|2026-08-14|382
BLZE|2026-08-17|379
BLZE|2026-08-18|364
BLZE|2026-08-19|391
BLZE|2026-08-20|390
BLZE|2026-08-21|373
BLZE|2026-08-24|382
BLZE|2026-08-25|370
BLZE|2026-08-26|359
BLZE|2026-08-27|364
BLZE|2026-08-28|345
BLZE|2026-08-31|358
BRUN|2026-05-13|343
BRUN|2026-05-14|384
BRUN|2026-05-15|391
BRUN|2026-05-18|374
BRUN|2026-05-19|319
BRUN|2026-05-20|363
BRUN|2026-05-21|335
BRUN|2026-05-22|325
BRUN|2026-05-26|359
BRUN|2026-05-27|365
BRUN|2026-05-28|386
BRUN|2026-05-29|374
BRUN|2026-06-01|389
BRUN|2026-06-02|388
BRUN|2026-06-03|386
BRUN|2026-06-04|383
BRUN|2026-06-05|388
BRUN|2026-06-08|353
BRUN|2026-06-09|360
BRUN|2026-06-10|334
BRUN|2026-06-11|336
BRUN|2026-06-12|361
BRUN|2026-06-15|367
BRUN|2026-06-16|325
BRUN|2026-06-17|369
BRUN|2026-06-18|344
BRUN|2026-06-22|335
BRUN|2026-06-23|343
BRUN|2026-06-24|352
BRUN|2026-06-25|373
BRUN|2026-06-26|360
BRUN|2026-06-29|327
BRUN|2026-08-12|379
BRUN|2026-08-13|386
BRUN|2026-08-14|389
BRUN|2026-08-17|386
BRUN|2026-08-18|378
BRUN|2026-08-19|385
BRUN|2026-08-20|356
BRUN|2026-08-21|375
BRUN|2026-08-24|389
BRUN|2026-08-25|376
BRUN|2026-08-26|329
BRUN|2026-08-27|373
BRUN|2026-08-28|383
BTDR|2026-05-06|391
BTDR|2026-05-07|391
BTDR|2026-05-08|390
BTDR|2026-05-11|389
BTDR|2026-05-12|391
BTDR|2026-05-13|391
BTDR|2026-05-14|391
BTDR|2026-05-15|391
BTDR|2026-05-18|391
BTDR|2026-05-19|391
BTDR|2026-05-20|391
BTDR|2026-05-21|391
BTDR|2026-05-22|391
BTDR|2026-05-26|391
BTDR|2026-05-27|391
BTDR|2026-05-28|391
BTDR|2026-05-29|1
BTDR|2026-06-01|391
BTDR|2026-06-02|391
BTDR|2026-06-03|391
BTDR|2026-06-04|391
BTDR|2026-07-30|391
BTDR|2026-07-31|391
BTDR|2026-08-03|391
BTDR|2026-08-04|391
BTDR|2026-08-05|391
BTDR|2026-08-06|391
BTDR|2026-08-07|391
BTDR|2026-08-10|391
BTDR|2026-08-11|391
BTDR|2026-08-12|391
BTDR|2026-08-13|391
BTDR|2026-08-14|391
BTDR|2026-08-17|391
BTDR|2026-08-18|391
BTDR|2026-08-19|391
BTDR|2026-08-20|391
BTDR|2026-08-21|391
BTDR|2026-08-24|391
BTDR|2026-08-25|391
BTDR|2026-08-26|391
BTDR|2026-08-27|391
BTDR|2026-08-28|391
BTDR|2026-08-31|391
BTGO|2026-05-26|386
BTGO|2026-05-27|387
BTGO|2026-05-28|383
BTGO|2026-05-29|365
BTGO|2026-06-01|324
BTGO|2026-06-02|337
BTGO|2026-06-03|330
BTGO|2026-06-04|380
BTGO|2026-06-05|373
BTGO|2026-06-08|369
BTGO|2026-06-09|354
BTGO|2026-06-10|318
BTGO|2026-06-11|351
BTGO|2026-06-12|367
BTGO|2026-06-15|341
BTGO|2026-06-16|288
BTGO|2026-06-17|374
BTGO|2026-06-18|345
BTGO|2026-06-22|373
BTGO|2026-06-23|356
BTGO|2026-06-24|352
BTGO|2026-06-25|361
BTGO|2026-06-26|342
BTGO|2026-06-29|327
BTGO|2026-06-30|323
BTGO|2026-07-01|303
BTGO|2026-07-02|352
BTGO|2026-07-06|297
BTGO|2026-07-07|277
BTGO|2026-07-08|331
BTGO|2026-07-09|293
BTGO|2026-07-10|319
BTGO|2026-07-13|279
BTGO|2026-07-14|324
BTGO|2026-07-15|342
BTGO|2026-07-16|355
BTGO|2026-07-17|364
BULL|2026-04-21|391
BULL|2026-04-22|391
BULL|2026-04-23|391
BULL|2026-04-24|391
BULL|2026-04-27|391
BULL|2026-04-28|391
BULL|2026-04-29|391
BULL|2026-04-30|391
BULL|2026-05-01|391
BULL|2026-05-04|391
BULL|2026-05-05|391
BULL|2026-05-06|391
BULL|2026-05-07|391
BULL|2026-05-08|391
BULL|2026-05-11|391
BULL|2026-05-12|391
BULL|2026-05-13|391
BULL|2026-05-14|391
BULL|2026-05-15|391
BULL|2026-05-18|391
BULL|2026-05-19|391
BULL|2026-08-20|391
BULL|2026-08-21|391
BULL|2026-08-24|391
BULL|2026-08-25|391
BULL|2026-08-26|391
BULL|2026-08-27|391
BULL|2026-08-28|391
BW|2026-05-11|389
BW|2026-05-12|389
BW|2026-05-13|389
BW|2026-05-14|389
BW|2026-05-15|391
BW|2026-05-18|391
BW|2026-05-19|391
BW|2026-05-20|375
BW|2026-05-21|389
BW|2026-05-22|391
BW|2026-05-26|391
BW|2026-05-27|383
BW|2026-05-28|381
BW|2026-05-29|383
BW|2026-06-01|390
BW|2026-06-02|386
BW|2026-06-03|386
BW|2026-06-04|379
BW|2026-06-05|388
BW|2026-06-08|386
BW|2026-06-09|391
BW|2026-08-11|391
BW|2026-08-12|391
BW|2026-08-13|391
BW|2026-08-14|391
BW|2026-08-17|391
BW|2026-08-18|391
BW|2026-08-19|389
BW|2026-08-20|390
BW|2026-08-21|387
BW|2026-08-24|391
BW|2026-08-25|389
BW|2026-08-26|387
BW|2026-08-27|381
BW|2026-08-28|385
BW|2026-08-31|385
BZH|2026-05-11|389
BZH|2026-05-12|386
BZH|2026-05-13|372
BZH|2026-05-14|280
BZH|2026-05-15|263
BZH|2026-05-18|278
BZH|2026-05-19|296
BZH|2026-05-20|249
BZH|2026-05-21|257
BZH|2026-05-22|237
BZH|2026-05-26|217
BZH|2026-05-27|223
BZH|2026-05-28|255
BZH|2026-05-29|285
BZH|2026-06-01|291
BZH|2026-06-02|186
BZH|2026-06-03|292
BZH|2026-06-04|250
BZH|2026-06-05|237
BZH|2026-06-08|289
BZH|2026-06-09|227
BZH|2026-07-08|323
BZH|2026-07-09|234
BZH|2026-07-10|222
BZH|2026-07-13|216
BZH|2026-07-14|222
BZH|2026-07-15|223
BZH|2026-07-16|197
BZH|2026-07-17|209
BZH|2026-07-20|199
BZH|2026-07-21|180
BZH|2026-07-22|163
BZH|2026-07-23|185
BZH|2026-07-24|196
BZH|2026-07-27|170
BZH|2026-07-28|176
BZH|2026-07-29|153
BZH|2026-07-30|180
BZH|2026-07-31|215
BZH|2026-08-03|220
BZH|2026-08-04|222
BZH|2026-08-05|215
CAI|2026-08-06|391
CAI|2026-08-07|391
CAI|2026-08-10|390
CAI|2026-08-11|391
CAI|2026-08-12|390
CAI|2026-08-13|385
CAI|2026-08-14|391
CAI|2026-08-17|381
CAI|2026-08-18|386
CAI|2026-08-19|391
CAI|2026-08-20|390
CAI|2026-08-21|391
CAI|2026-08-24|391
CAI|2026-08-25|391
CAI|2026-08-26|389
CAI|2026-08-27|391
CAI|2026-08-28|391
CAMT|2026-06-02|280
CAMT|2026-06-03|198
CAMT|2026-06-04|177
CAMT|2026-06-05|219
CAMT|2026-06-08|223
CAMT|2026-06-09|255
CAMT|2026-06-10|255
CAMT|2026-06-11|243
CAMT|2026-06-12|252
CAMT|2026-06-15|251
CAMT|2026-06-16|248
CAMT|2026-06-17|208
CAMT|2026-06-18|199
CAMT|2026-06-22|236
CAMT|2026-06-23|321
CAMT|2026-06-24|332
CAMT|2026-06-25|239
CAMT|2026-06-26|254
CAMT|2026-06-29|281
CAMT|2026-06-30|284
CAMT|2026-07-01|288
CAMT|2026-08-10|342
CAMT|2026-08-11|234
CAMT|2026-08-12|263
CAMT|2026-08-13|204
CAMT|2026-08-14|239
CAMT|2026-08-17|238
CAMT|2026-08-18|237
CAMT|2026-08-19|214
CAMT|2026-08-20|206
CAMT|2026-08-21|176
CAMT|2026-08-24|178
CAMT|2026-08-25|154
CAMT|2026-08-26|193
CAMT|2026-08-27|197
CAMT|2026-08-28|210
CAT|2026-08-04|391
CAT|2026-08-05|391
CAT|2026-08-06|391
CAT|2026-08-07|391
CAT|2026-08-10|391
CAT|2026-08-11|390
CAT|2026-08-12|391
CAT|2026-08-13|391
CAT|2026-08-14|390
CAT|2026-08-17|391
CAT|2026-08-18|391
CAT|2026-08-19|391
CAT|2026-08-20|391
CAT|2026-08-21|391
CAT|2026-08-24|391
CAT|2026-08-25|390
CAT|2026-08-26|391
CAT|2026-08-27|389
CAT|2026-08-28|391
CBRL|2026-06-10|391
CBRL|2026-06-11|388
CBRL|2026-06-12|387
CBRL|2026-06-15|380
CBRL|2026-06-16|336
CBRL|2026-06-17|339
CBRL|2026-06-18|355
CBRL|2026-06-22|347
CBRL|2026-06-23|338
CBRL|2026-06-24|319
CBRL|2026-06-25|302
CBRL|2026-06-26|347
CBRL|2026-06-29|335
CBRL|2026-06-30|313
CBRL|2026-07-01|348
CBRL|2026-07-02|350
CBRL|2026-07-06|324
CBRL|2026-07-07|329
CBRL|2026-07-08|361
CBRL|2026-07-09|367
CBRL|2026-07-10|356
CBRS|2026-05-20|391
CBRS|2026-05-21|391
CBRS|2026-05-22|391
CBRS|2026-05-26|391
CBRS|2026-05-27|391
CBRS|2026-05-28|391
CBRS|2026-05-29|391
CBRS|2026-06-01|389
CBRS|2026-06-02|391
CBRS|2026-06-03|391
CBRS|2026-06-04|391
CBRS|2026-06-05|391
CBRS|2026-06-08|391
CBRS|2026-06-09|391
CBRS|2026-06-10|386
CBRS|2026-06-11|391
CBRS|2026-06-12|391
CBRS|2026-06-15|391
CBRS|2026-06-16|390
CBRS|2026-06-17|391
CBRS|2026-06-18|391
CBRS|2026-07-30|391
CBRS|2026-08-17|391
CBRS|2026-08-18|391
CBRS|2026-08-19|391
CBRS|2026-08-20|391
CBRS|2026-08-21|391
CBRS|2026-08-24|391
CBRS|2026-08-25|391
CBRS|2026-08-26|391
CBRS|2026-08-27|391
CBRS|2026-08-28|391
CGEM|2026-06-08|336
CGEM|2026-06-09|339
CGEM|2026-06-10|361
CGEM|2026-06-11|372
CGEM|2026-06-12|320
CGEM|2026-06-15|336
CGEM|2026-06-16|271
CGEM|2026-06-17|332
CGEM|2026-06-18|349
CGEM|2026-06-22|359
CGEM|2026-06-23|366
CGEM|2026-06-24|342
CGEM|2026-06-25|343
CGEM|2026-06-26|328
CGEM|2026-06-29|295
CGEM|2026-06-30|249
CGEM|2026-07-01|352
CGEM|2026-07-02|341
CGEM|2026-07-06|295
CGEM|2026-07-07|300
CGEM|2026-07-08|286
CGEM|2026-08-13|351
CGEM|2026-08-14|248
CGEM|2026-08-17|287
CGEM|2026-08-18|288
CGEM|2026-08-19|311
CGEM|2026-08-20|282
CGEM|2026-08-21|269
CGEM|2026-08-24|230
CGEM|2026-08-25|292
CGEM|2026-08-26|284
CGEM|2026-08-27|245
CGEM|2026-08-28|300
CHA|2026-05-29|376
CHA|2026-06-01|341
CHA|2026-06-02|307
CHA|2026-06-03|348
CHA|2026-06-04|309
CHA|2026-06-05|349
CHA|2026-06-08|271
CHA|2026-06-09|316
CHA|2026-06-10|358
CHA|2026-06-11|306
CHA|2026-06-12|299
CHA|2026-06-15|259
CHA|2026-06-16|259
CHA|2026-06-17|250
CHA|2026-06-18|225
CHA|2026-06-22|281
CHA|2026-06-23|298
CHA|2026-06-24|293
CHA|2026-06-25|299
CHA|2026-06-26|261
CHA|2026-06-29|220
CHRN|2026-05-28|331
CHRN|2026-05-29|152
CHRN|2026-06-01|188
CHRN|2026-06-02|251
CHRN|2026-06-03|246
CHRN|2026-06-04|317
CHRN|2026-06-05|286
CHRN|2026-06-08|185
CHRN|2026-06-09|310
CHRN|2026-06-10|235
CHRN|2026-06-11|252
CHRN|2026-06-12|263
CHRN|2026-06-15|199
CHRN|2026-06-16|201
CHRN|2026-06-17|254
CHRN|2026-06-18|290
CHRN|2026-06-22|283
CHRN|2026-06-23|254
CHRN|2026-06-24|229
CHRN|2026-06-25|280
CHRN|2026-06-26|225
CHRN|2026-06-29|149
CHRN|2026-06-30|164
CHRN|2026-07-01|317
CHRN|2026-07-02|330
CHRN|2026-07-06|257
CHRN|2026-07-07|283
CHRN|2026-07-08|154
CHRN|2026-07-09|242
CHRN|2026-07-10|186
CHRN|2026-07-13|114
CHRN|2026-07-14|229
CHRN|2026-07-15|299
CHRN|2026-07-16|323
CHRN|2026-07-17|233
CHRN|2026-07-20|253
CHRN|2026-07-21|283
CHRN|2026-07-22|160
CHRN|2026-07-23|229
CHRN|2026-07-24|185
CHRN|2026-07-30|110
CHRN|2026-08-27|160
CHRN|2026-08-28|197
CHTR|2026-06-29|391
CHTR|2026-06-30|391
CHTR|2026-07-01|384
CHTR|2026-07-02|382
CHTR|2026-07-06|387
CHTR|2026-07-07|378
CHTR|2026-07-08|379
CHTR|2026-07-09|383
CHTR|2026-07-10|387
CHTR|2026-07-13|380
CHTR|2026-07-14|373
CHTR|2026-07-15|349
CHTR|2026-07-16|373
CHTR|2026-07-17|361
CHTR|2026-07-20|372
CHTR|2026-07-21|380
CHTR|2026-07-22|386
CHTR|2026-07-23|390
CHTR|2026-07-24|391
CHTR|2026-07-27|391
CHTR|2026-07-28|384
CLF|2026-04-27|391
CLF|2026-04-28|391
CLF|2026-04-29|391
CLF|2026-04-30|391
CLF|2026-05-01|391
CLF|2026-05-04|391
CLF|2026-05-05|391
CLF|2026-05-06|391
CLF|2026-05-07|391
CLF|2026-05-08|391
CLF|2026-05-11|390
CLF|2026-05-12|391
CLF|2026-05-13|391
CLF|2026-05-14|391
CLF|2026-05-15|391
CLF|2026-05-18|391
CLF|2026-05-19|391
CLF|2026-05-20|390
CLF|2026-05-21|391
CLF|2026-05-22|391
CLF|2026-05-26|391
CLF|2026-07-23|391
CLF|2026-07-24|391
CLF|2026-07-27|391
CLF|2026-07-28|391
CLF|2026-07-29|391
CLF|2026-07-30|391
CLF|2026-07-31|391
CLF|2026-08-03|391
CLF|2026-08-04|391
CLF|2026-08-05|391
CLF|2026-08-06|391
CLF|2026-08-07|391
CLF|2026-08-10|391
CLF|2026-08-11|391
CLF|2026-08-12|391
CLF|2026-08-13|391
CLF|2026-08-14|390
CLF|2026-08-17|391
CLF|2026-08-18|391
CLF|2026-08-19|391
CLF|2026-08-20|391
CLSK|2026-07-14|1
CLSK|2026-07-15|391
CLSK|2026-07-16|391
CLSK|2026-07-17|391
CLSK|2026-07-20|391
CLSK|2026-07-21|391
CLSK|2026-07-22|391
CLSK|2026-07-23|391
CLSK|2026-07-24|391
CLSK|2026-07-27|391
CLSK|2026-07-28|391
CLSK|2026-07-29|391
CLSK|2026-07-30|391
CLSK|2026-07-31|391
CLSK|2026-08-03|391
CLSK|2026-08-04|391
CLSK|2026-08-05|391
CLSK|2026-08-06|391
CLSK|2026-08-07|391
CLSK|2026-08-10|391
CLSK|2026-08-11|391
CLSK|2026-08-12|391
CLSK|2026-08-13|391
CLSK|2026-08-14|391
CLSK|2026-08-17|391
CLSK|2026-08-18|391
CLSK|2026-08-19|391
CLSK|2026-08-20|391
CLSK|2026-08-21|391
CLSK|2026-08-24|391
CLSK|2026-08-25|391
CLSK|2026-08-26|391
CLSK|2026-08-27|391
CLSK|2026-08-28|391
COHU|2026-07-30|369
COHU|2026-07-31|385
COHU|2026-08-03|361
COHU|2026-08-04|340
COHU|2026-08-05|349
COHU|2026-08-06|280
COHU|2026-08-07|241
COHU|2026-08-10|255
COHU|2026-08-11|266
COHU|2026-08-12|336
COHU|2026-08-13|343
COHU|2026-08-14|292
COHU|2026-08-17|318
COHU|2026-08-18|342
COHU|2026-08-19|295
COHU|2026-08-20|306
COHU|2026-08-21|263
COHU|2026-08-24|308
COHU|2026-08-25|274
COHU|2026-08-26|261
COHU|2026-08-27|265
COHU|2026-08-28|250
CORT|2026-07-30|389
CORT|2026-07-31|380
CORT|2026-08-03|362
CORT|2026-08-04|319
CORT|2026-08-05|288
CORT|2026-08-06|287
CORT|2026-08-07|278
CORT|2026-08-10|332
CORT|2026-08-11|266
CORT|2026-08-12|268
CORT|2026-08-13|266
CORT|2026-08-14|304
CORT|2026-08-17|275
CORT|2026-08-18|324
CORT|2026-08-19|302
CORT|2026-08-20|289
CORT|2026-08-21|330
CORT|2026-08-24|291
CORT|2026-08-25|338
CORT|2026-08-26|248
CORT|2026-08-27|283
CORZ|2026-05-06|391
CORZ|2026-05-07|391
CORZ|2026-05-08|391
CORZ|2026-05-11|391
CORZ|2026-05-12|391
CORZ|2026-05-13|391
CORZ|2026-05-14|391
CORZ|2026-05-15|391
CORZ|2026-05-18|391
CORZ|2026-05-19|391
CORZ|2026-05-20|391
CORZ|2026-05-21|391
CORZ|2026-05-22|391
CORZ|2026-05-26|391
CORZ|2026-05-27|391
CORZ|2026-05-28|391
CORZ|2026-05-29|391
CORZ|2026-06-01|391
CORZ|2026-06-02|391
CORZ|2026-06-03|391
CORZ|2026-06-04|391
CORZ|2026-07-28|391
CORZ|2026-07-29|391
CORZ|2026-07-30|391
CORZ|2026-07-31|391
CORZ|2026-08-03|391
CORZ|2026-08-04|391
CORZ|2026-08-05|390
CORZ|2026-08-06|391
CORZ|2026-08-07|390
CORZ|2026-08-10|391
CORZ|2026-08-11|391
CORZ|2026-08-12|391
CORZ|2026-08-13|391
CORZ|2026-08-14|391
CORZ|2026-08-17|391
CORZ|2026-08-18|391
CORZ|2026-08-19|391
CORZ|2026-08-20|391
CORZ|2026-08-21|391
CORZ|2026-08-24|391
CORZ|2026-08-25|391
CORZ|2026-08-26|390
CORZ|2026-08-27|391
CPA|2026-05-14|314
CPA|2026-05-15|273
CPA|2026-05-18|210
CPA|2026-05-19|241
CPA|2026-05-20|310
CPA|2026-05-21|194
CPA|2026-05-22|200
CPA|2026-05-26|226
CPA|2026-05-27|219
CPA|2026-05-28|222
CPA|2026-05-29|170
CPA|2026-06-01|197
CPA|2026-06-02|191
CPA|2026-06-03|299
CPA|2026-06-04|252
CPA|2026-06-05|219
CPA|2026-06-08|214
CPA|2026-06-09|231
CPA|2026-06-10|191
CPA|2026-06-11|179
CPA|2026-06-12|279
CRCL|2026-07-10|390
CRCL|2026-07-13|391
CRCL|2026-07-14|391
CRCL|2026-07-15|391
CRCL|2026-07-16|391
CRCL|2026-07-17|391
CRCL|2026-07-20|391
CRCL|2026-07-21|391
CRCL|2026-07-22|391
CRCL|2026-07-23|391
CRCL|2026-07-24|391
CRCL|2026-07-27|391
CRCL|2026-07-28|391
CRCL|2026-07-29|391
CRCL|2026-07-30|391
CRCL|2026-07-31|391
CRCL|2026-08-03|391
CRCL|2026-08-04|391
CRCL|2026-08-05|391
CRCL|2026-08-06|391
CRCL|2026-08-07|391
CRCL|2026-08-10|391
CRCL|2026-08-11|391
CRCL|2026-08-12|391
CRCL|2026-08-13|390
CRCL|2026-08-14|391
CRCL|2026-08-17|391
CRCL|2026-08-18|391
CRMD|2026-05-14|367
CRMD|2026-05-15|381
CRMD|2026-05-18|376
CRMD|2026-05-19|355
CRMD|2026-05-20|336
CRMD|2026-05-21|354
CRMD|2026-05-22|289
CRMD|2026-05-26|330
CRMD|2026-05-27|314
CRMD|2026-05-28|321
CRMD|2026-05-29|272
CRMD|2026-06-01|320
CRMD|2026-06-02|340
CRMD|2026-06-03|296
CRMD|2026-06-04|328
CRMD|2026-06-05|306
CRMD|2026-06-08|279
CRMD|2026-06-09|314
CRMD|2026-06-10|329
CRMD|2026-06-11|352
CRMD|2026-06-12|316
CRMD|2026-08-13|384
CRMD|2026-08-14|372
CRMD|2026-08-17|370
CRMD|2026-08-18|375
CRMD|2026-08-19|360
CRMD|2026-08-20|301
CRMD|2026-08-21|337
CRMD|2026-08-24|322
CRMD|2026-08-25|309
CRMD|2026-08-26|282
CRMD|2026-08-27|239
CRMD|2026-08-28|268
CRSR|2026-05-08|390
CRSR|2026-05-11|378
CRSR|2026-05-12|366
CRSR|2026-05-13|371
CRSR|2026-05-14|350
CRSR|2026-05-15|351
CRSR|2026-05-18|324
CRSR|2026-05-19|323
CRSR|2026-05-20|357
CRSR|2026-05-21|366
CRSR|2026-05-22|378
CRSR|2026-05-26|367
CRSR|2026-05-27|1
CRSR|2026-05-28|390
CRSR|2026-05-29|391
CRSR|2026-06-01|391
CRSR|2026-06-02|382
CRSR|2026-06-03|384
CRSR|2026-06-04|389
CRSR|2026-06-05|389
CRSR|2026-06-08|381
CRSR|2026-06-09|386
CRSR|2026-06-10|379
CRSR|2026-06-11|383
CRSR|2026-06-12|378
CRSR|2026-06-15|379
CRSR|2026-06-16|381
CRSR|2026-06-17|374
CRSR|2026-06-18|381
CRSR|2026-06-22|369
CRSR|2026-06-23|380
CRSR|2026-06-24|378
CRSR|2026-06-25|376
CRSR|2026-06-26|381
CRSR|2026-06-29|371
CRSR|2026-06-30|354
CRSR|2026-07-01|362
CRSR|2026-07-02|368
CRSR|2026-08-07|391
CRSR|2026-08-10|388
CRSR|2026-08-11|391
CRSR|2026-08-12|369
CRSR|2026-08-13|389
CRSR|2026-08-14|364
CRSR|2026-08-17|369
CRSR|2026-08-18|377
CRSR|2026-08-19|370
CRSR|2026-08-20|366
CRSR|2026-08-21|346
CRSR|2026-08-24|361
CRSR|2026-08-25|347
CRSR|2026-08-26|331
CRSR|2026-08-27|340
CRSR|2026-08-28|339
CRWD|2026-08-27|391
CRWD|2026-08-28|391
CRWD|2026-08-31|391
CRWV|2026-07-30|391
CRWV|2026-07-31|391
CRWV|2026-08-03|391
CRWV|2026-08-04|391
CRWV|2026-08-05|391
CRWV|2026-08-06|391
CRWV|2026-08-07|391
CRWV|2026-08-10|391
CRWV|2026-08-11|391
CRWV|2026-08-12|391
CRWV|2026-08-13|391
CRWV|2026-08-14|391
CRWV|2026-08-17|391
CRWV|2026-08-18|391
CRWV|2026-08-19|391
CRWV|2026-08-20|391
CRWV|2026-08-21|391
CRWV|2026-08-24|391
CRWV|2026-08-25|391
CRWV|2026-08-26|391
CRWV|2026-08-27|391
CRWV|2026-08-28|391
CSCO|2026-05-14|391
CSCO|2026-05-15|391
CSCO|2026-05-18|391
CSCO|2026-05-19|391
CSCO|2026-05-20|391
CSCO|2026-05-21|391
CSCO|2026-05-22|391
CSCO|2026-05-26|391
CSCO|2026-05-27|391
CSCO|2026-05-28|391
CSCO|2026-05-29|391
CSCO|2026-06-01|391
CSCO|2026-06-02|391
CSCO|2026-06-03|391
CSCO|2026-06-04|391
CSCO|2026-06-05|391
CSCO|2026-06-08|391
CSCO|2026-06-09|391
CSCO|2026-06-10|391
CSCO|2026-06-11|391
CSCO|2026-06-12|391
CSCO|2026-06-15|391
CSCO|2026-06-16|391
CSCO|2026-06-17|391
CSCO|2026-06-18|391
CSCO|2026-06-22|391
DCTH|2026-08-06|385
DCTH|2026-08-07|348
DCTH|2026-08-10|351
DCTH|2026-08-11|338
DCTH|2026-08-12|310
DCTH|2026-08-13|297
DCTH|2026-08-14|281
DCTH|2026-08-17|252
DCTH|2026-08-18|247
DCTH|2026-08-19|280
DCTH|2026-08-20|212
DCTH|2026-08-21|227
DCTH|2026-08-24|198
DCTH|2026-08-25|235
DCTH|2026-08-26|205
DCTH|2026-08-27|217
DCTH|2026-08-28|274
DELL|2026-05-22|390
DELL|2026-05-26|391
DELL|2026-05-27|391
DELL|2026-05-28|391
DELL|2026-05-29|1
DELL|2026-06-01|391
DELL|2026-06-02|391
DELL|2026-06-03|391
DELL|2026-06-04|391
DELL|2026-06-05|391
DELL|2026-06-08|391
DELL|2026-06-09|391
DELL|2026-06-10|391
DELL|2026-06-11|391
DELL|2026-06-12|391
DELL|2026-06-15|391
DELL|2026-06-16|391
DELL|2026-06-17|390
DELL|2026-06-18|391
DELL|2026-06-22|391
DELL|2026-06-23|391
DELL|2026-06-24|391
DELL|2026-06-25|391
DELL|2026-06-26|391
DELL|2026-06-29|391
DELL|2026-06-30|391
DELL|2026-07-01|391
DELL|2026-07-02|391
DELL|2026-07-06|391
DELL|2026-07-07|391
DFTX|2026-04-20|389
DFTX|2026-04-21|384
DFTX|2026-04-22|385
DFTX|2026-04-23|383
DFTX|2026-04-24|386
DFTX|2026-04-27|386
DFTX|2026-04-28|363
DFTX|2026-04-29|360
DFTX|2026-04-30|362
DFTX|2026-05-01|352
DFTX|2026-05-04|364
DFTX|2026-05-05|336
DFTX|2026-05-06|370
DFTX|2026-05-07|372
DFTX|2026-05-08|379
DFTX|2026-05-11|335
DFTX|2026-05-12|326
DFTX|2026-05-13|368
DFTX|2026-05-14|350
DFTX|2026-05-15|355
DFTX|2026-05-18|363
DFTX|2026-06-22|1
DFTX|2026-06-23|390
DFTX|2026-06-24|391
DFTX|2026-06-25|390
DFTX|2026-06-26|391
DFTX|2026-06-29|391
DFTX|2026-06-30|390
DFTX|2026-07-01|389
DFTX|2026-07-02|385
DFTX|2026-07-06|383
DFTX|2026-07-07|383
DFTX|2026-07-08|379
DFTX|2026-07-09|383
DFTX|2026-07-10|387
DFTX|2026-07-13|386
DFTX|2026-07-14|379
DFTX|2026-07-15|361
DFTX|2026-07-16|386
DFTX|2026-07-17|377
DFTX|2026-07-20|377
DFTX|2026-07-21|355
DFTX|2026-07-22|355
DFTX|2026-07-23|311
DFTX|2026-08-12|386
DFTX|2026-08-13|388
DFTX|2026-08-14|369
DFTX|2026-08-17|382
DFTX|2026-08-18|377
DFTX|2026-08-19|383
DFTX|2026-08-20|382
DFTX|2026-08-21|373
DFTX|2026-08-24|384
DFTX|2026-08-25|375
DFTX|2026-08-26|379
DFTX|2026-08-27|362
DFTX|2026-08-28|378
DG|2026-08-27|390
DG|2026-08-28|391
DOCN|2026-05-05|390
DOCN|2026-05-06|390
DOCN|2026-05-07|391
DOCN|2026-05-08|391
DOCN|2026-05-11|391
DOCN|2026-05-12|389
DOCN|2026-05-13|382
DOCN|2026-05-14|389
DOCN|2026-05-15|387
DOCN|2026-05-18|388
DOCN|2026-05-19|390
DOCN|2026-05-20|391
DOCN|2026-05-21|384
DOCN|2026-05-22|363
DOCN|2026-05-26|362
DOCN|2026-05-27|373
DOCN|2026-05-28|365
DOCN|2026-05-29|389
DOCN|2026-06-01|389
DOCN|2026-06-02|382
DOCN|2026-06-03|387
DOCN|2026-07-07|1
DOCN|2026-07-08|383
DOCN|2026-07-09|381
DOCN|2026-07-10|388
DOCN|2026-07-13|384
DOCN|2026-07-14|389
DOCN|2026-07-15|391
DOCN|2026-07-16|387
DOCN|2026-07-17|390
DOCN|2026-07-20|385
DOCN|2026-07-21|391
DOCN|2026-07-22|389
DOCN|2026-07-23|391
DOCN|2026-07-24|387
DOCN|2026-07-27|384
DOCN|2026-07-28|390
DOCN|2026-07-29|390
DOCN|2026-07-30|388
DOCN|2026-07-31|391
DOCN|2026-08-03|391
DOCN|2026-08-04|391
DOCS|2026-08-07|383
DOCS|2026-08-10|391
DOCS|2026-08-11|391
DOCS|2026-08-12|390
DOCS|2026-08-13|391
DOCS|2026-08-14|391
DOCS|2026-08-17|391
DOCS|2026-08-18|385
DOCS|2026-08-19|388
DOCS|2026-08-20|387
DOCS|2026-08-21|385
DOCS|2026-08-24|371
DOCS|2026-08-25|376
DOCS|2026-08-26|383
DOCS|2026-08-27|386
DOCS|2026-08-28|388
DRTS|2026-05-11|388
DRTS|2026-05-12|301
DRTS|2026-05-13|321
DRTS|2026-05-14|345
DRTS|2026-05-15|330
DRTS|2026-05-18|367
DRTS|2026-05-19|347
DRTS|2026-05-20|340
DRTS|2026-05-21|317
DRTS|2026-05-22|295
DRTS|2026-05-26|301
DRTS|2026-05-27|237
DRTS|2026-05-28|286
DRTS|2026-05-29|331
DRTS|2026-06-01|363
DRTS|2026-06-02|364
DRTS|2026-06-03|386
DRTS|2026-06-04|339
DRTS|2026-06-05|347
DRTS|2026-06-08|260
DRTS|2026-06-09|320
DRTS|2026-06-10|243
DRTS|2026-06-11|268
DRTS|2026-06-12|266
DRTS|2026-06-15|255
DRTS|2026-06-16|203
DRTS|2026-06-17|237
DRTS|2026-06-18|249
DRTS|2026-06-22|252
DRTS|2026-06-23|257
DRTS|2026-06-24|299
DRTS|2026-06-25|292
DRTS|2026-06-26|236
DRTS|2026-06-29|306
DRTS|2026-06-30|367
DRTS|2026-07-01|338
DRTS|2026-07-02|351
DY|2026-05-27|1
DY|2026-05-28|367
DY|2026-05-29|369
DY|2026-06-01|334
DY|2026-06-02|344
DY|2026-06-03|350
DY|2026-06-04|316
DY|2026-06-05|351
DY|2026-06-08|342
DY|2026-06-09|338
DY|2026-06-10|332
DY|2026-06-11|314
DY|2026-06-12|326
DY|2026-06-15|323
DY|2026-06-16|321
DY|2026-06-17|359
DY|2026-06-18|336
DY|2026-06-22|332
DY|2026-06-23|327
DY|2026-06-24|363
DY|2026-06-25|344
DY|2026-06-26|368
DY|2026-06-29|330
DY|2026-06-30|319
DY|2026-07-01|322
DY|2026-07-02|333
DYN|2026-05-21|369
DYN|2026-05-22|378
DYN|2026-05-26|362
DYN|2026-05-27|338
DYN|2026-05-28|338
DYN|2026-05-29|341
DYN|2026-06-01|341
DYN|2026-06-02|370
DYN|2026-06-03|364
DYN|2026-06-04|381
DYN|2026-06-05|381
DYN|2026-06-08|385
DYN|2026-06-09|366
DYN|2026-06-10|357
DYN|2026-06-11|366
DYN|2026-06-12|337
DYN|2026-06-15|362
DYN|2026-06-16|341
DYN|2026-06-17|368
DYN|2026-06-18|366
ECG|2026-07-30|289
ECG|2026-07-31|282
ECG|2026-08-03|288
ECG|2026-08-04|331
ECG|2026-08-05|372
ECG|2026-08-06|290
ECG|2026-08-07|278
ECG|2026-08-10|300
ECG|2026-08-11|304
ECG|2026-08-12|290
ECG|2026-08-13|222
ECG|2026-08-14|148
ECG|2026-08-17|246
ECG|2026-08-18|294
ECG|2026-08-19|276
ECG|2026-08-20|255
ECG|2026-08-21|267
ECG|2026-08-24|265
ECG|2026-08-25|275
ECG|2026-08-26|236
ECG|2026-08-27|173
ECG|2026-08-28|279
EFOR|2026-07-22|340
EFOR|2026-07-23|277
EFOR|2026-07-24|314
EFOR|2026-07-27|343
EFOR|2026-07-28|352
EFOR|2026-07-29|361
EFOR|2026-07-30|368
EFOR|2026-07-31|365
EFOR|2026-08-03|365
EFOR|2026-08-04|340
EFOR|2026-08-05|351
EFOR|2026-08-06|321
EFOR|2026-08-07|290
EFOR|2026-08-10|302
EFOR|2026-08-11|289
EFOR|2026-08-12|283
EFOR|2026-08-13|288
EFOR|2026-08-14|305
EFOR|2026-08-17|279
EFOR|2026-08-18|279
EFOR|2026-08-19|291
EFOR|2026-08-20|231
EFOR|2026-08-21|226
EFOR|2026-08-24|271
EFOR|2026-08-25|201
EFOR|2026-08-26|243
EFOR|2026-08-27|263
ELVN|2026-06-11|1
ELVN|2026-06-12|389
ELVN|2026-06-15|387
ELVN|2026-06-16|387
ELVN|2026-06-17|326
ELVN|2026-06-18|293
ELVN|2026-06-22|356
ELVN|2026-06-23|373
ELVN|2026-06-24|357
ELVN|2026-06-25|357
ELVN|2026-06-26|358
ELVN|2026-06-29|358
ELVN|2026-06-30|338
ELVN|2026-07-01|316
ELVN|2026-07-02|270
ELVN|2026-07-06|339
ELVN|2026-07-07|348
ELVN|2026-07-08|348
ELVN|2026-07-09|230
ELVN|2026-07-10|317
ELVN|2026-07-13|301
EME|2026-07-30|371
EME|2026-07-31|358
EME|2026-08-03|350
EME|2026-08-04|346
EME|2026-08-05|314
EME|2026-08-06|320
EME|2026-08-07|325
EME|2026-08-10|310
EME|2026-08-11|252
EME|2026-08-12|319
EME|2026-08-13|323
EME|2026-08-14|244
EME|2026-08-17|310
EME|2026-08-18|308
EME|2026-08-19|334
EME|2026-08-20|262
EME|2026-08-21|299
EME|2026-08-24|301
EME|2026-08-25|328
EME|2026-08-26|328
EME|2026-08-27|318
EOSE|2026-04-15|391
EOSE|2026-04-16|391
EOSE|2026-04-17|391
EOSE|2026-04-20|391
EOSE|2026-04-21|390
EOSE|2026-04-22|391
EOSE|2026-04-23|391
EOSE|2026-04-24|391
EOSE|2026-04-27|391
EOSE|2026-04-28|391
EOSE|2026-04-29|391
EOSE|2026-04-30|391
EOSE|2026-05-01|391
EOSE|2026-05-04|391
EOSE|2026-05-05|390
EOSE|2026-05-06|391
EOSE|2026-05-07|391
EOSE|2026-05-08|391
EOSE|2026-05-11|391
EOSE|2026-05-12|391
EOSE|2026-05-13|390
EOSE|2026-05-14|391
EOSE|2026-05-15|391
EOSE|2026-05-18|391
EOSE|2026-05-19|391
EOSE|2026-05-20|391
EOSE|2026-05-21|391
EOSE|2026-05-22|391
EOSE|2026-05-26|391
EOSE|2026-05-27|391
EOSE|2026-05-28|391
EOSE|2026-05-29|391
EOSE|2026-06-01|391
EOSE|2026-06-02|391
EOSE|2026-06-03|391
EOSE|2026-06-04|391
EOSE|2026-06-05|391
EOSE|2026-06-08|391
EOSE|2026-06-09|391
EOSE|2026-06-10|391
EOSE|2026-06-11|391
EOSE|2026-06-16|391
EOSE|2026-06-17|391
EOSE|2026-06-18|391
EOSE|2026-06-22|391
EOSE|2026-06-23|391
EOSE|2026-06-24|391
EOSE|2026-06-25|391
EOSE|2026-06-26|391
EOSE|2026-06-29|391
EOSE|2026-06-30|391
EOSE|2026-07-01|391
EOSE|2026-07-02|391
EOSE|2026-07-06|391
EOSE|2026-07-07|391
EOSE|2026-07-08|391
EOSE|2026-07-09|391
EOSE|2026-07-10|391
EOSE|2026-07-13|391
EOSE|2026-07-14|391
EOSE|2026-07-15|391
EOSE|2026-07-16|391
EOSE|2026-07-17|391
EOSE|2026-07-20|391
EROC|2026-07-01|378
EROC|2026-07-02|355
EROC|2026-07-06|365
EROC|2026-07-07|336
EROC|2026-07-08|376
EROC|2026-07-09|362
EROC|2026-07-10|377
EROC|2026-07-13|344
EROC|2026-07-14|313
EROC|2026-07-15|256
EROC|2026-07-16|344
EROC|2026-07-17|288
EROC|2026-07-20|326
EROC|2026-07-21|341
EROC|2026-07-22|349
EROC|2026-07-23|355
EROC|2026-07-24|293
EROC|2026-07-27|287
EROC|2026-07-28|336
EROC|2026-07-29|363
EROC|2026-07-30|373
EROC|2026-07-31|385
EROC|2026-08-03|321
EROC|2026-08-04|324
EROC|2026-08-05|372
EROC|2026-08-06|356
EROC|2026-08-07|328
EROC|2026-08-10|354
EROC|2026-08-11|381
EROC|2026-08-12|389
EROC|2026-08-13|391
EROC|2026-08-14|390
EROC|2026-08-17|390
EROC|2026-08-18|390
EROC|2026-08-19|387
EROC|2026-08-20|391
EROC|2026-08-21|384
EROC|2026-08-24|371
EROC|2026-08-25|383
EROC|2026-08-26|371
EROC|2026-08-27|360
EROC|2026-08-28|375
ETON|2026-08-14|377
ETON|2026-08-17|353
ETON|2026-08-18|319
ETON|2026-08-19|309
ETON|2026-08-20|336
ETON|2026-08-21|268
ETON|2026-08-24|316
ETON|2026-08-25|238
ETON|2026-08-26|210
ETON|2026-08-27|205
ETON|2026-08-28|275
EVTC|2026-05-19|250
EVTC|2026-05-20|214
EVTC|2026-05-21|228
EVTC|2026-05-22|218
EVTC|2026-05-26|315
EVTC|2026-05-27|252
EVTC|2026-05-28|256
EVTC|2026-05-29|201
EVTC|2026-06-01|248
EVTC|2026-06-02|236
EVTC|2026-06-03|258
EVTC|2026-06-04|349
EVTC|2026-06-05|270
EVTC|2026-06-08|269
EVTC|2026-06-09|247
EVTC|2026-06-10|301
EVTC|2026-06-11|386
EVTC|2026-06-12|384
EVTC|2026-06-15|387
EVTC|2026-06-16|379
EVTC|2026-06-17|346
FCEL|2026-04-22|391
FCEL|2026-04-23|391
FCEL|2026-04-24|391
FCEL|2026-04-27|390
FCEL|2026-04-28|387
FCEL|2026-04-29|390
FCEL|2026-04-30|391
FCEL|2026-05-01|391
FCEL|2026-05-04|391
FCEL|2026-05-05|391
FCEL|2026-05-06|391
FCEL|2026-05-07|391
FCEL|2026-05-08|391
FCEL|2026-05-11|391
FCEL|2026-05-12|391
FCEL|2026-05-13|391
FCEL|2026-05-14|391
FCEL|2026-05-15|391
FCEL|2026-05-18|391
FCEL|2026-05-19|391
FCEL|2026-05-20|391
FCEL|2026-05-21|391
FCEL|2026-05-22|391
FCEL|2026-05-26|391
FCEL|2026-05-27|391
FCEL|2026-05-28|391
FCEL|2026-05-29|391
FCEL|2026-06-01|391
FCEL|2026-06-02|391
FCEL|2026-06-03|391
FCEL|2026-06-04|391
FCEL|2026-06-05|391
FCEL|2026-06-08|391
FCEL|2026-06-09|391
FCEL|2026-06-10|391
FCEL|2026-06-11|391
FCEL|2026-06-12|390
FCEL|2026-06-15|391
FCEL|2026-06-16|391
FCEL|2026-06-17|391
FCEL|2026-06-18|391
FCEL|2026-06-22|391
FCEL|2026-06-23|391
FCEL|2026-06-24|1
FCEL|2026-06-25|391
FCEL|2026-06-26|391
FCEL|2026-06-29|391
FCEL|2026-06-30|391
FCEL|2026-07-01|391
FCEL|2026-07-02|391
FCEL|2026-07-06|391
FCEL|2026-07-07|391
FCEL|2026-07-08|391
FCEL|2026-07-09|391
FCEL|2026-07-10|391
FCEL|2026-07-13|391
FCEL|2026-07-14|391
FCEL|2026-07-15|391
FCEL|2026-07-16|391
FCEL|2026-07-17|391
FCEL|2026-07-20|391
FCEL|2026-07-21|391
FCEL|2026-07-22|391
FCEL|2026-07-23|391
FCEL|2026-07-24|391
FCEL|2026-07-27|391
FCEL|2026-07-28|391
FCEL|2026-07-29|391
FCEL|2026-07-30|391
FCEL|2026-07-31|391
FCEL|2026-08-03|391
FCEL|2026-08-04|391
FCEL|2026-08-05|391
FCEL|2026-08-06|391
FCEL|2026-08-07|391
FCEL|2026-08-10|391
FCEL|2026-08-11|391
FCEL|2026-08-12|391
FCEL|2026-08-13|391
FCEL|2026-08-14|391
FCEL|2026-08-17|391
FCEL|2026-08-18|391
FCEL|2026-08-19|391
FCEL|2026-08-20|391
FCEL|2026-08-21|391
FCEL|2026-08-24|391
FCEL|2026-08-25|391
FCEL|2026-08-26|384
FCEL|2026-08-27|390
FET|2026-07-31|217
FET|2026-08-03|301
FET|2026-08-04|235
FET|2026-08-05|193
FET|2026-08-06|183
FET|2026-08-07|142
FET|2026-08-10|156
FET|2026-08-11|158
FET|2026-08-12|137
FET|2026-08-13|150
FET|2026-08-14|130
FET|2026-08-17|125
FET|2026-08-18|110
FET|2026-08-19|118
FET|2026-08-20|149
FET|2026-08-21|108
FET|2026-08-24|158
FET|2026-08-25|130
FET|2026-08-26|151
FET|2026-08-27|130
FET|2026-08-28|131
FIG|2026-05-15|391
FIG|2026-05-18|391
FIG|2026-05-19|391
FIG|2026-05-20|391
FIG|2026-05-21|391
FIG|2026-05-22|391
FIG|2026-05-26|391
FIG|2026-05-27|391
FIG|2026-05-28|391
FIG|2026-05-29|391
FIG|2026-06-01|391
FIG|2026-06-02|391
FIG|2026-06-03|391
FIG|2026-06-04|391
FIG|2026-06-05|391
FIG|2026-06-08|391
FIG|2026-06-09|391
FIG|2026-06-10|391
FIG|2026-06-11|391
FIG|2026-06-12|391
FIG|2026-06-15|391
FIGS|2026-08-07|391
FIGS|2026-08-10|389
FIGS|2026-08-11|387
FIGS|2026-08-12|378
FIGS|2026-08-13|381
FIGS|2026-08-14|359
FIGS|2026-08-17|378
FIGS|2026-08-18|367
FIGS|2026-08-19|383
FIGS|2026-08-20|381
FIGS|2026-08-21|378
FIGS|2026-08-24|379
FIGS|2026-08-25|370
FIGS|2026-08-26|351
FIGS|2026-08-27|357
FIGS|2026-08-28|377
FIGS|2026-08-31|370
FLNC|2026-05-07|390
FLNC|2026-05-08|391
FLNC|2026-05-11|391
FLNC|2026-05-12|391
FLNC|2026-05-13|391
FLNC|2026-05-14|391
FLNC|2026-05-15|391
FLNC|2026-05-18|391
FLNC|2026-05-19|391
FLNC|2026-05-20|391
FLNC|2026-05-21|391
FLNC|2026-05-22|391
FLNC|2026-05-26|391
FLNC|2026-05-27|391
FLNC|2026-05-28|391
FLNC|2026-05-29|391
FLNC|2026-06-01|390
FLNC|2026-06-02|391
FLNC|2026-06-03|391
FLNC|2026-06-04|391
FLNC|2026-06-05|391
FLNC|2026-06-08|391
FLNC|2026-06-09|391
FLNC|2026-06-10|391
FLNC|2026-06-11|391
FLNC|2026-06-12|391
FLNC|2026-06-15|391
FLNC|2026-06-16|391
FLNC|2026-06-17|391
FLNC|2026-06-18|391
FLNC|2026-06-22|391
FLNC|2026-06-23|391
FLNC|2026-06-24|391
FLNC|2026-06-25|391
FLNC|2026-06-26|391
FLNC|2026-06-29|391
FLNC|2026-06-30|391
FLNC|2026-07-31|391
FLNC|2026-08-03|391
FLNC|2026-08-04|391
FLNC|2026-08-05|391
FLNC|2026-08-06|391
FLNC|2026-08-07|391
FLNC|2026-08-10|391
FLNC|2026-08-11|390
FLNC|2026-08-12|390
FLNC|2026-08-13|386
FLNC|2026-08-14|390
FLNC|2026-08-17|391
FLNC|2026-08-18|391
FLNC|2026-08-19|391
FLNC|2026-08-20|391
FLNC|2026-08-21|391
FLNC|2026-08-24|390
FLNC|2026-08-25|391
FLNC|2026-08-26|389
FLNC|2026-08-27|386
FLNC|2026-08-28|389
FPS|2026-05-14|391
FPS|2026-05-15|391
FPS|2026-05-18|391
FPS|2026-05-19|390
FPS|2026-05-20|391
FPS|2026-05-21|391
FPS|2026-05-22|390
FPS|2026-05-26|384
FPS|2026-05-27|389
FPS|2026-05-28|388
FPS|2026-05-29|391
FPS|2026-06-01|1
FPS|2026-06-02|391
FPS|2026-06-03|391
FPS|2026-06-04|391
FPS|2026-06-05|391
FPS|2026-06-08|391
FPS|2026-06-09|391
FPS|2026-06-10|391
FPS|2026-06-11|391
FPS|2026-06-12|390
FRMI|2026-04-22|391
FRMI|2026-04-23|391
FRMI|2026-04-24|391
FRMI|2026-04-27|391
FRMI|2026-04-28|391
FRMI|2026-04-29|391
FRMI|2026-04-30|391
FRMI|2026-05-01|391
FRMI|2026-05-04|391
FRMI|2026-05-05|391
FRMI|2026-05-06|391
FRMI|2026-05-07|391
FRMI|2026-05-08|391
FRMI|2026-05-11|390
FRMI|2026-05-12|391
FRMI|2026-05-13|391
FRMI|2026-05-14|391
FRMI|2026-05-15|391
FRMI|2026-05-18|391
FRMI|2026-05-19|391
FRMI|2026-05-20|391
FRMI|2026-06-11|1
FRMI|2026-06-18|391
FRMI|2026-06-22|391
FRMI|2026-06-23|391
FRMI|2026-06-24|391
FRMI|2026-06-25|391
FRMI|2026-06-26|391
FRMI|2026-06-29|391
FRMI|2026-06-30|391
FRMI|2026-07-01|391
FRMI|2026-07-02|391
FRMI|2026-07-06|391
FRMI|2026-07-07|391
FRMI|2026-07-08|390
FRMI|2026-07-09|390
FRMI|2026-07-10|391
FRMI|2026-07-13|391
FRMI|2026-07-14|391
FRMI|2026-07-15|391
FRMI|2026-07-16|391
FRMI|2026-07-17|391
FRMI|2026-07-20|390
FRMI|2026-07-30|391
FRMI|2026-08-11|391
FRMI|2026-08-12|391
FRMI|2026-08-13|391
FRMI|2026-08-14|391
FRMI|2026-08-17|391
FRMI|2026-08-18|391
FRMI|2026-08-19|391
FRMI|2026-08-20|391
FRMI|2026-08-21|390
FRMI|2026-08-24|391
FRMI|2026-08-25|391
FRMI|2026-08-26|391
FRMI|2026-08-27|391
FRMI|2026-08-28|391
FRMI|2026-08-31|391
FROG|2026-05-08|391
FROG|2026-05-11|388
FROG|2026-05-12|388
FROG|2026-05-13|390
FROG|2026-05-14|378
FROG|2026-05-15|369
FROG|2026-05-18|377
FROG|2026-05-19|387
FROG|2026-05-20|390
FROG|2026-05-21|356
FROG|2026-05-22|367
FROG|2026-05-26|387
FROG|2026-05-27|365
FROG|2026-05-28|369
FROG|2026-05-29|382
FROG|2026-06-01|391
FROG|2026-06-02|390
FROG|2026-06-03|381
FROG|2026-06-04|374
FROG|2026-06-05|374
FROG|2026-06-08|390
FROG|2026-08-07|388
FROG|2026-08-10|382
FROG|2026-08-11|388
FROG|2026-08-12|381
FROG|2026-08-13|387
FROG|2026-08-14|382
FROG|2026-08-17|390
FROG|2026-08-18|356
FROG|2026-08-19|386
FROG|2026-08-20|361
FROG|2026-08-21|371
FROG|2026-08-24|348
FROG|2026-08-25|377
FROG|2026-08-26|339
FROG|2026-08-27|390
FROG|2026-08-28|389
FTK|2026-08-03|290
FTK|2026-08-04|226
FTK|2026-08-05|374
FTK|2026-08-06|315
FTK|2026-08-07|270
FTK|2026-08-10|225
FTK|2026-08-11|245
FTK|2026-08-12|218
FTK|2026-08-13|331
FTK|2026-08-14|304
FTK|2026-08-17|370
FTK|2026-08-18|369
FTK|2026-08-19|350
FTK|2026-08-20|334
FTK|2026-08-21|258
FTK|2026-08-24|268
FTK|2026-08-25|261
FTK|2026-08-26|179
FTK|2026-08-27|198
FTK|2026-08-28|198
FTNT|2026-05-07|390
FTNT|2026-05-08|391
FTNT|2026-05-11|391
FTNT|2026-05-12|391
FTNT|2026-05-13|390
FTNT|2026-05-14|391
FTNT|2026-05-15|391
FTNT|2026-05-18|390
FTNT|2026-05-19|391
FTNT|2026-05-20|391
FTNT|2026-05-21|391
FTNT|2026-05-22|391
FTNT|2026-05-26|391
FTNT|2026-05-27|391
FTNT|2026-05-28|391
FTNT|2026-05-29|391
FTNT|2026-06-01|391
FTNT|2026-06-02|390
FTNT|2026-06-03|391
FTNT|2026-06-04|391
FTNT|2026-06-05|391
FTNT|2026-07-30|391
FTNT|2026-07-31|390
FTNT|2026-08-03|391
FTNT|2026-08-04|391
FTNT|2026-08-05|390
FTNT|2026-08-06|390
FTNT|2026-08-07|391
FTNT|2026-08-10|391
FTNT|2026-08-11|390
FTNT|2026-08-12|391
FTNT|2026-08-13|389
FTNT|2026-08-14|385
FTNT|2026-08-17|390
FTNT|2026-08-18|391
FTNT|2026-08-19|390
FTNT|2026-08-20|390
FTNT|2026-08-21|387
FTNT|2026-08-24|388
FTNT|2026-08-25|391
FTNT|2026-08-26|388
FTNT|2026-08-27|391
FTNT|2026-08-28|391
FTNT|2026-08-31|391
FUTU|2026-05-26|391
FUTU|2026-05-27|391
FUTU|2026-05-28|391
FUTU|2026-05-29|386
FUTU|2026-06-01|385
FUTU|2026-06-02|373
FUTU|2026-06-03|388
FUTU|2026-06-04|370
FUTU|2026-06-05|388
FUTU|2026-06-08|387
FUTU|2026-06-09|386
FUTU|2026-06-10|386
FUTU|2026-06-11|388
FUTU|2026-06-12|356
FUTU|2026-06-15|354
FUTU|2026-06-16|360
FUTU|2026-06-17|371
FUTU|2026-06-18|348
FUTU|2026-06-22|368
FUTU|2026-06-23|380
FUTU|2026-06-24|353
FUTU|2026-08-20|384
FUTU|2026-08-21|387
FUTU|2026-08-24|370
FUTU|2026-08-25|373
FUTU|2026-08-26|358
FUTU|2026-08-27|347
FUTU|2026-08-28|333
GEMI|2026-05-15|390
GEMI|2026-05-18|380
GEMI|2026-05-19|360
GEMI|2026-05-20|382
GEMI|2026-05-21|370
GEMI|2026-05-22|370
GEMI|2026-05-26|378
GEMI|2026-05-27|337
GEMI|2026-05-28|374
GEMI|2026-05-29|360
GEMI|2026-06-01|368
GEMI|2026-06-02|386
GEMI|2026-06-03|367
GEMI|2026-06-04|378
GEMI|2026-06-05|379
GEMI|2026-06-08|379
GEMI|2026-06-09|372
GEMI|2026-06-10|340
GEMI|2026-06-11|361
GEMI|2026-06-12|355
GEMI|2026-06-15|377
GH|2026-05-21|391
GH|2026-05-22|388
GH|2026-05-26|383
GH|2026-05-27|391
GH|2026-05-28|389
GH|2026-05-29|383
GH|2026-06-01|376
GH|2026-06-02|376
GH|2026-06-03|369
GH|2026-06-04|373
GH|2026-06-05|374
GH|2026-06-08|377
GH|2026-06-09|385
GH|2026-06-10|343
GH|2026-06-11|366
GH|2026-06-12|360
GH|2026-06-15|372
GH|2026-06-16|374
GH|2026-06-17|370
GH|2026-06-18|371
GH|2026-07-31|387
GH|2026-08-03|379
GH|2026-08-04|361
GH|2026-08-05|377
GH|2026-08-06|348
GH|2026-08-07|384
GH|2026-08-10|378
GH|2026-08-11|326
GH|2026-08-12|369
GH|2026-08-13|351
GH|2026-08-14|329
GH|2026-08-17|349
GH|2026-08-18|358
GH|2026-08-19|356
GH|2026-08-20|385
GH|2026-08-21|384
GH|2026-08-24|374
GH|2026-08-25|360
GH|2026-08-26|380
GH|2026-08-27|365
GH|2026-08-28|381
GLBE|2026-05-13|389
GLBE|2026-05-14|371
GLBE|2026-05-15|333
GLBE|2026-05-18|382
GLBE|2026-05-19|369
GLBE|2026-05-20|360
GLBE|2026-05-21|336
GLBE|2026-05-22|310
GLBE|2026-05-26|363
GLBE|2026-05-27|368
GLBE|2026-05-28|356
GLBE|2026-05-29|335
GLBE|2026-06-01|372
GLBE|2026-06-02|376
GLBE|2026-06-03|351
GLBE|2026-06-04|349
GLBE|2026-06-05|337
GLBE|2026-06-08|343
GLBE|2026-06-09|337
GLBE|2026-06-10|377
GLBE|2026-06-11|328
GLBE|2026-08-12|385
GLBE|2026-08-13|366
GLBE|2026-08-14|379
GLBE|2026-08-17|346
GLBE|2026-08-18|322
GLBE|2026-08-19|335
GLBE|2026-08-20|339
GLBE|2026-08-21|332
GLBE|2026-08-24|324
GLBE|2026-08-25|334
GLBE|2026-08-26|283
GLBE|2026-08-27|273
GLBE|2026-08-28|328
GLOB|2026-05-15|390
GLOB|2026-05-18|388
GLOB|2026-05-19|388
GLOB|2026-05-20|379
GLOB|2026-05-21|374
GLOB|2026-05-22|364
GLOB|2026-05-26|374
GLOB|2026-05-27|345
GLOB|2026-05-28|358
GLOB|2026-05-29|377
GLOB|2026-06-01|391
GLOB|2026-06-02|376
GLOB|2026-06-03|388
GLOB|2026-06-04|387
GLOB|2026-06-05|370
GLOB|2026-06-08|375
GLOB|2026-06-09|375
GLOB|2026-06-10|351
GLOB|2026-06-11|362
GLOB|2026-06-12|350
GLOB|2026-06-15|338
GO|2026-05-14|390
GO|2026-05-15|387
GO|2026-05-18|388
GO|2026-05-19|390
GO|2026-05-20|386
GO|2026-05-21|390
GO|2026-05-22|363
GO|2026-05-26|370
GO|2026-05-27|357
GO|2026-05-28|373
GO|2026-05-29|360
GO|2026-06-01|377
GO|2026-06-02|379
GO|2026-06-03|378
GO|2026-06-04|379
GO|2026-06-05|387
GO|2026-06-08|376
GO|2026-06-09|377
GO|2026-06-10|381
GO|2026-06-11|380
GO|2026-06-12|377
GO|2026-08-13|390
GO|2026-08-14|386
GO|2026-08-17|376
GO|2026-08-18|388
GO|2026-08-19|373
GO|2026-08-20|360
GO|2026-08-21|375
GO|2026-08-24|374
GO|2026-08-25|380
GO|2026-08-26|387
GO|2026-08-27|385
GO|2026-08-28|375
GRND|2026-07-01|374
GRND|2026-07-02|345
GRND|2026-07-06|318
GRND|2026-07-07|342
GRND|2026-07-08|345
GRND|2026-07-09|341
GRND|2026-07-10|306
GRND|2026-07-13|313
GRND|2026-07-14|318
GRND|2026-07-15|316
GRND|2026-07-16|306
GRND|2026-07-17|362
GRND|2026-07-20|291
GRND|2026-07-21|307
GRND|2026-07-22|314
GRND|2026-07-23|334
GRND|2026-07-24|299
GRND|2026-07-27|352
GRND|2026-07-28|332
GRND|2026-07-29|342
GRND|2026-07-30|335
GRRR|2026-06-02|1
GRRR|2026-06-03|389
GRRR|2026-06-04|388
GRRR|2026-06-05|378
GRRR|2026-06-08|356
GRRR|2026-06-09|376
GRRR|2026-06-10|346
GRRR|2026-06-11|366
GRRR|2026-06-12|335
GRRR|2026-06-15|317
GRRR|2026-06-16|301
GRRR|2026-06-17|335
GRRR|2026-06-18|377
GRRR|2026-06-22|365
GRRR|2026-06-23|379
GRRR|2026-06-24|363
GRRR|2026-06-25|357
GRRR|2026-06-26|346
GRRR|2026-06-29|359
GRRR|2026-06-30|341
GRRR|2026-07-01|357
GRRR|2026-07-02|358
GRRR|2026-07-06|317
GRRR|2026-07-07|349
GRRR|2026-07-08|315
GRRR|2026-07-09|330
GRRR|2026-07-10|291
GRRR|2026-07-13|337
GRRR|2026-07-14|297
GRRR|2026-07-15|391
GRRR|2026-07-16|388
GRRR|2026-07-17|382
GRRR|2026-07-20|348
GRRR|2026-07-21|352
GRRR|2026-07-22|327
GRRR|2026-07-23|331
GRRR|2026-07-24|291
GRRR|2026-07-27|293
GRRR|2026-07-28|298
HAS|2026-04-23|385
HAS|2026-04-24|372
HAS|2026-04-27|375
HAS|2026-04-28|358
HAS|2026-04-29|342
HAS|2026-04-30|348
HAS|2026-05-01|346
HAS|2026-05-04|334
HAS|2026-05-05|350
HAS|2026-05-06|341
HAS|2026-05-07|356
HAS|2026-05-08|355
HAS|2026-05-11|338
HAS|2026-05-12|367
HAS|2026-05-13|329
HAS|2026-05-14|385
HAS|2026-05-15|383
HAS|2026-05-18|390
HAS|2026-05-19|380
HAS|2026-05-20|391
HAS|2026-05-21|390
HAS|2026-07-21|391
HAS|2026-07-22|379
HAS|2026-07-23|380
HAS|2026-07-24|364
HAS|2026-07-27|347
HAS|2026-07-28|384
HAS|2026-07-29|367
HAS|2026-07-30|367
HAS|2026-07-31|370
HAS|2026-08-03|378
HAS|2026-08-04|349
HAS|2026-08-05|338
HAS|2026-08-06|359
HAS|2026-08-07|344
HAS|2026-08-10|366
HAS|2026-08-11|362
HAS|2026-08-12|335
HAS|2026-08-13|353
HAS|2026-08-14|344
HAS|2026-08-17|316
HAS|2026-08-18|342
HGTY|2026-08-05|247
HGTY|2026-08-06|193
HGTY|2026-08-07|140
HGTY|2026-08-10|186
HGTY|2026-08-11|166
HGTY|2026-08-12|99
HGTY|2026-08-13|111
HGTY|2026-08-14|95
HGTY|2026-08-17|99
HGTY|2026-08-18|123
HGTY|2026-08-19|111
HGTY|2026-08-20|148
HGTY|2026-08-21|89
HGTY|2026-08-24|157
HGTY|2026-08-25|76
HGTY|2026-08-26|104
HGTY|2026-08-27|72
HGTY|2026-08-28|168
HLIT|2026-05-12|390
HLIT|2026-05-13|391
HLIT|2026-05-14|383
HLIT|2026-05-15|384
HLIT|2026-05-18|385
HLIT|2026-05-19|368
HLIT|2026-05-20|377
HLIT|2026-05-21|384
HLIT|2026-05-22|390
HLIT|2026-05-26|391
HLIT|2026-05-27|391
HLIT|2026-05-28|390
HLIT|2026-05-29|391
HLIT|2026-06-01|391
HLIT|2026-06-02|387
HLIT|2026-06-03|390
HLIT|2026-06-04|387
HLIT|2026-06-05|391
HLIT|2026-06-08|389
HLIT|2026-06-09|389
HLIT|2026-06-10|387
HLIT|2026-06-11|391
HLIT|2026-06-12|385
HLIT|2026-06-15|383
HLIT|2026-06-16|367
HLIT|2026-06-17|374
HLIT|2026-06-18|370
HLIT|2026-06-22|371
HLIT|2026-06-23|371
HLIT|2026-06-24|365
HLIT|2026-08-13|390
HLIT|2026-08-14|380
HLIT|2026-08-17|356
HLIT|2026-08-18|358
HLIT|2026-08-19|335
HLIT|2026-08-20|363
HLIT|2026-08-21|323
HLIT|2026-08-24|324
HLIT|2026-08-25|311
HLIT|2026-08-26|303
HLIT|2026-08-27|324
HLIT|2026-08-28|327
HPE|2026-05-29|390
HPE|2026-06-01|391
HPE|2026-06-02|1
HPE|2026-06-03|391
HPE|2026-06-04|391
HPE|2026-06-05|391
HPE|2026-06-08|391
HPE|2026-06-09|391
HPE|2026-06-10|391
HPE|2026-06-11|390
HPE|2026-06-12|390
HPE|2026-06-15|391
HPE|2026-06-16|391
HPE|2026-06-17|391
HPE|2026-06-18|390
HPE|2026-06-22|391
HPE|2026-06-23|391
HPE|2026-06-24|391
HPE|2026-06-25|390
HPE|2026-06-26|391
HPE|2026-06-29|391
HPE|2026-06-30|391
HPE|2026-07-01|390
HQ|2026-04-16|331
HQ|2026-04-17|242
HQ|2026-04-20|217
HQ|2026-04-21|163
HQ|2026-04-22|107
HQ|2026-04-23|115
HQ|2026-04-24|69
HQ|2026-04-27|124
HQ|2026-04-28|131
HQ|2026-04-29|110
HQ|2026-04-30|104
HQ|2026-05-01|114
HQ|2026-05-04|112
HQ|2026-05-05|119
HQ|2026-05-06|226
HQ|2026-05-07|205
HQ|2026-05-08|194
HQ|2026-05-11|250
HQ|2026-05-12|140
HQ|2026-05-13|127
HQ|2026-05-14|117
HQ|2026-05-15|91
HQ|2026-05-18|89
HQ|2026-05-19|79
HQ|2026-05-20|116
HQ|2026-05-21|182
HQ|2026-05-22|266
HQ|2026-05-26|258
HQ|2026-05-27|170
HQ|2026-05-28|184
HQ|2026-05-29|180
HQ|2026-06-01|161
HQ|2026-06-02|166
HQ|2026-06-03|216
HQ|2026-06-04|189
HQ|2026-06-05|203
HQ|2026-06-08|131
HQ|2026-06-09|140
HQ|2026-06-10|99
HQ|2026-06-11|153
HQ|2026-06-12|96
HQ|2026-06-15|390
HQ|2026-06-16|378
HQ|2026-06-17|384
HQ|2026-06-18|388
HQ|2026-06-22|386
HQ|2026-06-23|378
HQ|2026-06-24|331
HQ|2026-06-25|322
HQ|2026-06-26|310
HQ|2026-06-29|324
HQ|2026-06-30|308
HQ|2026-07-01|327
HQ|2026-07-02|335
HQ|2026-07-06|256
HQ|2026-07-07|237
HQ|2026-07-08|244
HQ|2026-07-09|278
HQ|2026-07-10|279
HQ|2026-07-13|275
HQ|2026-07-14|283
HQ|2026-07-15|273
HQ|2026-07-16|220
HQ|2026-07-17|292
HQ|2026-07-20|226
HQ|2026-07-21|274
HQ|2026-07-22|206
HQ|2026-07-23|231
HQ|2026-07-24|252
HQ|2026-07-27|199
HQ|2026-07-28|202
HQ|2026-07-29|231
HQ|2026-07-30|230
HQ|2026-07-31|204
HQ|2026-08-03|236
HQ|2026-08-04|231
HQ|2026-08-05|179
HQ|2026-08-06|126
HQ|2026-08-07|264
HQ|2026-08-10|214
HQ|2026-08-11|175
HQ|2026-08-12|191
HQ|2026-08-13|253
HQ|2026-08-14|173
HQ|2026-08-17|210
HQ|2026-08-18|118
HQ|2026-08-19|230
HQ|2026-08-20|169
HQ|2026-08-21|238
HQ|2026-08-24|259
HQ|2026-08-25|157
HQ|2026-08-26|246
HQ|2026-08-27|201
HQ|2026-08-28|153
HRB|2026-08-12|390
HRB|2026-08-13|388
HRB|2026-08-14|387
HRB|2026-08-17|390
HRB|2026-08-18|378
HRB|2026-08-19|355
HRB|2026-08-20|360
HRB|2026-08-21|319
HRB|2026-08-24|322
HRB|2026-08-25|356
HRB|2026-08-26|337
HRB|2026-08-27|345
HRB|2026-08-28|335
HTFL|2026-08-14|391
HTFL|2026-08-17|391
HTFL|2026-08-18|390
HTFL|2026-08-19|383
HTFL|2026-08-20|375
HTFL|2026-08-21|374
HTFL|2026-08-24|351
HTFL|2026-08-25|361
HTFL|2026-08-26|369
HTFL|2026-08-27|377
HTFL|2026-08-28|368
HUT|2026-05-06|390
HUT|2026-05-07|391
HUT|2026-05-08|390
HUT|2026-05-11|391
HUT|2026-05-12|391
HUT|2026-05-13|390
HUT|2026-05-14|391
HUT|2026-05-15|390
HUT|2026-05-18|388
HUT|2026-05-19|391
HUT|2026-05-20|390
HUT|2026-05-21|390
HUT|2026-05-22|390
HUT|2026-05-26|391
HUT|2026-05-27|391
HUT|2026-05-28|391
HUT|2026-05-29|391
HUT|2026-06-01|391
HUT|2026-06-02|388
HUT|2026-06-03|388
HUT|2026-06-04|389
HUT|2026-07-06|390
HUT|2026-07-07|390
HUT|2026-07-08|389
HUT|2026-07-09|386
HUT|2026-07-10|380
HUT|2026-07-13|389
HUT|2026-07-14|387
HUT|2026-07-15|390
HUT|2026-07-16|391
HUT|2026-07-17|391
HUT|2026-07-20|390
HUT|2026-07-21|390
HUT|2026-07-22|390
HUT|2026-07-23|391
HUT|2026-07-24|391
HUT|2026-07-27|388
HUT|2026-07-28|391
HUT|2026-07-29|391
HUT|2026-07-30|391
HUT|2026-07-31|391
HUT|2026-08-03|389
HUT|2026-08-04|390
HUT|2026-08-05|391
HUT|2026-08-06|387
HUT|2026-08-07|391
HUT|2026-08-10|390
HUT|2026-08-11|383
HUT|2026-08-12|390
HUT|2026-08-13|391
HUT|2026-08-14|391
HUT|2026-08-17|391
HUT|2026-08-18|391
HUT|2026-08-19|391
HUT|2026-08-20|388
HUT|2026-08-21|391
HUT|2026-08-24|389
HUT|2026-08-25|390
HUT|2026-08-26|391
HUT|2026-08-27|391
HYMC|2026-05-11|390
HYMC|2026-05-12|379
HYMC|2026-05-13|386
HYMC|2026-05-14|381
HYMC|2026-05-15|386
HYMC|2026-05-18|385
HYMC|2026-05-19|391
HYMC|2026-05-20|366
HYMC|2026-05-21|379
HYMC|2026-05-22|354
HYMC|2026-05-26|376
HYMC|2026-05-27|360
HYMC|2026-05-28|370
HYMC|2026-05-29|362
HYMC|2026-06-01|374
HYMC|2026-06-02|370
HYMC|2026-06-03|363
HYMC|2026-06-04|380
HYMC|2026-06-05|391
HYMC|2026-06-08|383
HYMC|2026-06-09|389
HYMC|2026-06-15|388
HYMC|2026-06-16|383
HYMC|2026-06-17|389
HYMC|2026-06-18|382
HYMC|2026-06-22|372
HYMC|2026-06-23|384
HYMC|2026-06-24|389
HYMC|2026-06-25|384
HYMC|2026-06-26|386
HYMC|2026-06-29|377
HYMC|2026-06-30|360
HYMC|2026-07-01|382
HYMC|2026-07-02|379
HYMC|2026-07-06|351
HYMC|2026-07-07|383
HYMC|2026-07-08|378
HYMC|2026-07-09|358
HYMC|2026-07-10|360
HYMC|2026-07-13|384
HYMC|2026-07-14|374
HYMC|2026-07-15|383
HYMC|2026-08-07|379
HYMC|2026-08-10|387
HYMC|2026-08-11|374
HYMC|2026-08-12|383
HYMC|2026-08-13|359
HYMC|2026-08-14|349
HYMC|2026-08-17|377
HYMC|2026-08-18|377
HYMC|2026-08-19|388
HYMC|2026-08-20|385
HYMC|2026-08-21|384
HYMC|2026-08-24|376
HYMC|2026-08-25|363
HYMC|2026-08-26|352
HYMC|2026-08-27|368
HYMC|2026-08-28|387
IBRX|2026-05-20|391
IBRX|2026-05-21|391
IBRX|2026-05-22|391
IBRX|2026-05-26|391
IBRX|2026-05-27|391
IBRX|2026-05-28|391
IBRX|2026-05-29|391
IBRX|2026-06-01|391
IBRX|2026-06-02|391
IBRX|2026-06-03|391
IBRX|2026-06-04|391
IBRX|2026-06-05|391
IBRX|2026-06-08|391
IBRX|2026-06-09|391
IBRX|2026-06-10|390
IBRX|2026-06-11|391
IBRX|2026-06-12|391
IBRX|2026-06-15|391
IBRX|2026-06-16|391
IBRX|2026-06-17|391
IBRX|2026-06-18|390
IDCC|2026-06-11|384
IDCC|2026-06-12|337
IDCC|2026-06-15|282
IDCC|2026-06-16|306
IDCC|2026-06-17|301
IDCC|2026-06-18|312
IDCC|2026-06-22|314
IDCC|2026-06-23|331
IDCC|2026-06-24|343
IDCC|2026-06-25|287
IDCC|2026-06-26|278
IDCC|2026-06-29|267
IDCC|2026-06-30|246
IDCC|2026-07-01|265
IDCC|2026-07-02|232
IDCC|2026-07-06|290
IDCC|2026-07-07|184
IDCC|2026-07-08|250
IDCC|2026-07-09|264
IDCC|2026-07-10|234
IDCC|2026-07-13|280
IDCC|2026-07-30|331
IDCC|2026-07-31|316
IDCC|2026-08-03|270
IDCC|2026-08-04|272
IDCC|2026-08-05|271
IDCC|2026-08-06|223
IDCC|2026-08-07|240
IDCC|2026-08-10|276
IDCC|2026-08-11|256
IDCC|2026-08-12|199
IDCC|2026-08-13|238
IDCC|2026-08-14|249
IDCC|2026-08-17|191
IDCC|2026-08-18|221
IDCC|2026-08-19|206
IDCC|2026-08-20|205
IDCC|2026-08-21|246
IDCC|2026-08-24|193
IDCC|2026-08-25|182
IDCC|2026-08-26|197
IDCC|2026-08-27|212
IDR|2026-06-15|274
IDR|2026-06-16|258
IDR|2026-06-17|253
IDR|2026-06-18|211
IDR|2026-06-22|202
IDR|2026-06-23|248
IDR|2026-06-24|246
IDR|2026-06-25|185
IDR|2026-06-26|197
IDR|2026-06-29|192
IDR|2026-06-30|189
IDR|2026-07-01|182
IDR|2026-07-02|188
IDR|2026-07-06|174
IDR|2026-07-07|259
IDR|2026-07-08|239
IDR|2026-07-09|160
IDR|2026-07-10|145
IDR|2026-07-13|169
IDR|2026-07-14|151
IDR|2026-07-15|126
IMVT|2026-05-20|390
IMVT|2026-05-21|389
IMVT|2026-05-22|331
IMVT|2026-05-26|375
IMVT|2026-05-27|378
IMVT|2026-05-28|384
IMVT|2026-05-29|360
IMVT|2026-06-01|366
IMVT|2026-06-02|382
IMVT|2026-06-03|383
IMVT|2026-06-04|332
IMVT|2026-06-05|294
IMVT|2026-06-08|308
IMVT|2026-06-09|332
IMVT|2026-06-10|359
IMVT|2026-06-11|351
IMVT|2026-06-12|300
IMVT|2026-06-15|349
IMVT|2026-06-16|306
IMVT|2026-06-17|359
IMVT|2026-06-18|329
INFQ|2026-05-21|390
INFQ|2026-05-22|391
INFQ|2026-05-26|391
INFQ|2026-05-27|391
INFQ|2026-05-28|391
INFQ|2026-05-29|391
INFQ|2026-06-01|391
INFQ|2026-06-02|391
INFQ|2026-06-03|391
INFQ|2026-06-04|391
INFQ|2026-06-05|391
INFQ|2026-06-08|391
INFQ|2026-06-09|391
INFQ|2026-06-10|391
INFQ|2026-06-11|391
INFQ|2026-06-12|391
INFQ|2026-06-15|391
INFQ|2026-06-16|391
INFQ|2026-06-17|391
INFQ|2026-06-18|391
INFQ|2026-06-22|391
INFQ|2026-06-23|391
INFQ|2026-06-24|391
INFQ|2026-06-25|391
INFQ|2026-06-26|391
INFQ|2026-06-29|391
INFQ|2026-06-30|391
INFQ|2026-07-01|391
INFQ|2026-07-02|391
INFQ|2026-07-06|391
INFQ|2026-07-07|391
INFQ|2026-07-08|391
INFQ|2026-07-09|391
INFQ|2026-07-10|391
INFQ|2026-07-13|391
INFQ|2026-07-14|391
INFQ|2026-07-15|391
INOD|2026-05-08|390
INOD|2026-05-11|391
INOD|2026-05-12|389
INOD|2026-05-13|385
INOD|2026-05-14|382
INOD|2026-05-15|384
INOD|2026-05-18|380
INOD|2026-05-19|384
INOD|2026-05-20|375
INOD|2026-05-21|379
INOD|2026-05-22|366
INOD|2026-05-26|362
INOD|2026-05-27|372
INOD|2026-05-28|369
INOD|2026-05-29|387
INOD|2026-06-01|387
INOD|2026-06-02|377
INOD|2026-06-03|365
INOD|2026-06-04|386
INOD|2026-06-05|387
INOD|2026-06-08|343
INOD|2026-06-09|386
INOD|2026-08-07|388
INOD|2026-08-10|375
INOD|2026-08-11|351
INOD|2026-08-12|363
INOD|2026-08-13|365
INOD|2026-08-14|374
INOD|2026-08-17|367
INOD|2026-08-18|346
INOD|2026-08-19|368
INOD|2026-08-20|324
INOD|2026-08-21|333
INOD|2026-08-24|383
INOD|2026-08-25|366
INOD|2026-08-26|342
INOD|2026-08-27|350
INOD|2026-08-28|348
INSM|2026-08-06|391
INSM|2026-08-07|390
INSM|2026-08-10|387
INSM|2026-08-11|376
INSM|2026-08-12|373
INSM|2026-08-13|389
INSM|2026-08-14|383
INSM|2026-08-17|383
INSM|2026-08-18|345
INSM|2026-08-19|372
INSM|2026-08-20|382
INSM|2026-08-21|323
INSM|2026-08-24|322
INSM|2026-08-25|382
INSM|2026-08-26|370
INSM|2026-08-27|337
INSM|2026-08-28|381
INSP|2026-08-04|390
INSP|2026-08-05|349
INSP|2026-08-06|288
INSP|2026-08-07|273
INSP|2026-08-10|333
INSP|2026-08-11|268
INSP|2026-08-12|279
INSP|2026-08-13|260
INSP|2026-08-14|218
INSP|2026-08-17|248
INSP|2026-08-18|285
INSP|2026-08-19|249
INSP|2026-08-20|229
INSP|2026-08-21|213
INSP|2026-08-24|209
INSP|2026-08-25|201
INSP|2026-08-26|203
INSP|2026-08-27|197
INSP|2026-08-28|197
IREN|2026-05-08|391
IREN|2026-05-11|391
IREN|2026-05-12|391
IREN|2026-05-13|391
IREN|2026-05-14|391
IREN|2026-05-15|391
IREN|2026-05-18|391
IREN|2026-05-19|391
IREN|2026-05-20|391
IREN|2026-05-21|391
IREN|2026-05-22|391
IREN|2026-05-26|391
IREN|2026-05-27|391
IREN|2026-05-28|391
IREN|2026-05-29|391
IREN|2026-06-01|391
IREN|2026-06-02|391
IREN|2026-06-03|391
IREN|2026-06-04|391
IREN|2026-06-05|391
IREN|2026-06-08|391
IREN|2026-07-06|391
IREN|2026-07-07|391
IREN|2026-07-08|391
IREN|2026-07-09|391
IREN|2026-07-10|391
IREN|2026-07-13|391
IREN|2026-07-14|391
IREN|2026-07-15|391
IREN|2026-07-16|391
IREN|2026-07-17|391
IREN|2026-07-20|391
IREN|2026-07-21|391
IREN|2026-07-22|391
IREN|2026-07-23|391
IREN|2026-07-24|391
IREN|2026-07-27|391
IREN|2026-07-28|391
IREN|2026-07-29|391
IREN|2026-07-30|391
IREN|2026-07-31|391
IREN|2026-08-03|391
IREN|2026-08-04|391
IREN|2026-08-05|391
IREN|2026-08-06|391
IREN|2026-08-07|391
IREN|2026-08-10|391
IREN|2026-08-11|391
IREN|2026-08-12|391
IREN|2026-08-13|391
IREN|2026-08-14|391
IREN|2026-08-17|391
IREN|2026-08-18|391
IREN|2026-08-19|391
IREN|2026-08-20|391
IREN|2026-08-21|391
IREN|2026-08-24|391
IREN|2026-08-25|391
IREN|2026-08-26|391
IREN|2026-08-27|391
IREN|2026-08-28|391
JBIO|2026-04-22|243
JBIO|2026-04-23|287
JBIO|2026-04-24|294
JBIO|2026-04-27|261
JBIO|2026-04-28|311
JBIO|2026-04-29|246
JBIO|2026-04-30|270
JBIO|2026-05-01|240
JBIO|2026-05-04|184
JBIO|2026-05-05|189
JBIO|2026-05-06|266
JBIO|2026-05-07|244
JBIO|2026-05-08|332
JBIO|2026-05-11|233
JBIO|2026-05-12|191
JBIO|2026-05-13|197
JBIO|2026-05-14|103
JBIO|2026-05-15|217
JBIO|2026-05-18|210
JBIO|2026-05-19|254
JBIO|2026-05-20|225
JBIO|2026-06-01|368
JBIO|2026-06-02|335
JBIO|2026-06-03|259
JBIO|2026-06-04|373
JBIO|2026-06-05|364
JBIO|2026-06-08|374
JBIO|2026-06-09|339
JBIO|2026-06-10|322
JBIO|2026-06-11|300
JBIO|2026-06-12|346
JBIO|2026-06-15|364
JBIO|2026-06-16|362
JBIO|2026-06-17|292
JBIO|2026-06-18|314
JBIO|2026-06-22|349
JBIO|2026-06-23|337
JBIO|2026-06-24|349
JBIO|2026-06-25|363
JBIO|2026-06-26|326
JBIO|2026-06-29|293
JBIO|2026-06-30|343
JBIO|2026-07-01|305
JBIO|2026-07-02|337
JBIO|2026-07-06|293
JBIO|2026-07-07|303
JBIO|2026-07-08|302
JBIO|2026-07-09|305
JBIO|2026-07-10|356
JBIO|2026-07-13|367
JBIO|2026-07-14|347
JBIO|2026-07-15|341
JBIO|2026-07-16|352
JBIO|2026-07-17|281
JBIO|2026-07-20|319
JBIO|2026-07-21|277
JBIO|2026-07-22|272
JBIO|2026-07-23|221
JBIO|2026-07-24|284
JBIO|2026-07-27|303
JBIO|2026-07-28|276
JBIO|2026-07-29|290
JBL|2026-06-17|1
JBL|2026-06-18|389
JBL|2026-06-22|388
JBL|2026-06-23|390
JBL|2026-06-24|389
JBL|2026-06-25|389
JBL|2026-06-26|388
JBL|2026-06-29|389
JBL|2026-06-30|389
JBL|2026-07-01|386
JBL|2026-07-02|384
JBL|2026-07-06|391
JBL|2026-07-07|387
JBL|2026-07-08|385
JBL|2026-07-09|387
JBL|2026-07-10|377
JBL|2026-07-13|384
JBL|2026-07-14|374
JBL|2026-07-15|380
JBL|2026-07-16|382
JBL|2026-07-17|388
JBL|2026-07-20|385
JBL|2026-07-21|384
JBL|2026-07-22|370
JBL|2026-07-23|373
JBL|2026-07-24|379
KC|2026-07-08|390
KC|2026-07-09|352
KC|2026-07-10|370
KC|2026-07-13|318
KC|2026-07-14|380
KC|2026-07-15|352
KC|2026-07-16|387
KC|2026-07-17|378
KC|2026-07-20|351
KC|2026-07-21|317
KC|2026-07-22|317
KC|2026-07-23|339
KC|2026-07-24|356
KC|2026-07-27|345
KC|2026-07-28|353
KC|2026-07-29|360
KC|2026-07-30|330
KC|2026-07-31|376
KC|2026-08-03|388
KC|2026-08-04|382
KC|2026-08-05|389
KC|2026-08-06|364
KC|2026-08-07|289
KC|2026-08-10|377
KC|2026-08-11|305
KC|2026-08-12|304
KC|2026-08-13|381
KC|2026-08-14|367
KC|2026-08-17|338
KC|2026-08-18|370
KC|2026-08-19|380
KC|2026-08-20|383
KC|2026-08-21|351
KC|2026-08-24|328
KC|2026-08-25|350
KC|2026-08-26|336
KC|2026-08-27|352
KC|2026-08-28|363
KLAR|2026-05-14|390
KLAR|2026-05-15|391
KLAR|2026-05-18|391
KLAR|2026-05-19|391
KLAR|2026-05-20|391
KLAR|2026-05-21|389
KLAR|2026-05-22|390
KLAR|2026-05-26|391
KLAR|2026-05-27|391
KLAR|2026-05-28|391
KLAR|2026-05-29|389
KLAR|2026-06-01|391
KLAR|2026-06-02|391
KLAR|2026-06-03|391
KLAR|2026-06-04|391
KLAR|2026-06-05|391
KLAR|2026-06-08|384
KLAR|2026-06-09|391
KLAR|2026-06-10|391
KLAR|2026-06-11|389
KLAR|2026-06-12|391
KLAR|2026-06-15|391
KLAR|2026-06-16|388
KLAR|2026-06-17|391
KLAR|2026-06-18|391
KLAR|2026-06-22|391
KLAR|2026-07-01|391
KLAR|2026-07-02|391
KLAR|2026-07-06|391
KLAR|2026-07-07|390
KLAR|2026-07-08|388
KLAR|2026-07-09|386
KLAR|2026-07-10|382
KLAR|2026-07-13|389
KLAR|2026-07-14|388
KLAR|2026-07-15|391
KLAR|2026-07-16|381
KLAR|2026-07-17|380
KLAR|2026-07-20|384
KLAR|2026-07-21|391
KLAR|2026-07-22|389
KLAR|2026-07-23|389
KLAR|2026-07-24|389
KLAR|2026-07-27|388
KLAR|2026-07-28|388
KLAR|2026-07-29|388
KLAR|2026-07-30|378
KMT|2026-05-06|384
KMT|2026-05-07|385
KMT|2026-05-08|389
KMT|2026-05-11|368
KMT|2026-05-12|356
KMT|2026-05-13|367
KMT|2026-05-14|339
KMT|2026-05-15|346
KMT|2026-05-18|375
KMT|2026-05-19|360
KMT|2026-05-20|345
KMT|2026-05-21|343
KMT|2026-05-22|316
KMT|2026-05-26|339
KMT|2026-05-27|376
KMT|2026-05-28|367
KMT|2026-05-29|350
KMT|2026-06-01|370
KMT|2026-06-02|379
KMT|2026-06-03|339
KMT|2026-06-04|323
KMT|2026-08-05|383
KMT|2026-08-06|379
KMT|2026-08-07|362
KMT|2026-08-10|381
KMT|2026-08-11|362
KMT|2026-08-12|351
KMT|2026-08-13|376
KMT|2026-08-14|359
KMT|2026-08-17|376
KMT|2026-08-18|368
KMT|2026-08-19|332
KMT|2026-08-20|342
KMT|2026-08-21|355
KMT|2026-08-24|374
KMT|2026-08-25|351
KMT|2026-08-26|338
KMT|2026-08-27|333
KMT|2026-08-28|288
KODK|2026-08-05|369
KODK|2026-08-06|319
KODK|2026-08-07|292
KODK|2026-08-10|303
KODK|2026-08-11|345
KODK|2026-08-12|287
KODK|2026-08-13|315
KODK|2026-08-14|221
KODK|2026-08-17|266
KODK|2026-08-18|298
KODK|2026-08-19|260
KODK|2026-08-20|254
KODK|2026-08-21|285
KODK|2026-08-24|228
KODK|2026-08-25|258
KODK|2026-08-26|205
KODK|2026-08-27|214
KODK|2026-08-28|257
KSS|2026-05-28|390
KSS|2026-05-29|391
KSS|2026-06-01|390
KSS|2026-06-02|390
KSS|2026-06-03|389
KSS|2026-06-04|388
KSS|2026-06-05|388
KSS|2026-06-08|389
KSS|2026-06-09|390
KSS|2026-06-10|390
KSS|2026-06-11|390
KSS|2026-06-12|390
KSS|2026-06-15|391
KSS|2026-06-16|389
KSS|2026-06-17|390
KSS|2026-06-18|386
KSS|2026-06-22|390
KSS|2026-06-23|389
KSS|2026-06-24|391
KSS|2026-06-25|389
KSS|2026-06-26|390
KTOS|2026-05-28|390
KTOS|2026-05-29|391
KTOS|2026-06-01|391
KTOS|2026-06-02|391
KTOS|2026-06-03|391
KTOS|2026-06-04|391
KTOS|2026-06-05|391
KTOS|2026-06-08|391
KTOS|2026-06-09|391
KTOS|2026-06-10|390
KTOS|2026-06-11|391
KTOS|2026-06-12|391
KTOS|2026-06-15|391
KTOS|2026-06-16|388
KTOS|2026-06-17|390
KTOS|2026-06-18|391
KTOS|2026-06-22|391
KTOS|2026-06-23|391
KTOS|2026-06-24|391
KTOS|2026-06-25|391
KTOS|2026-06-26|391
KTOS|2026-08-05|391
KTOS|2026-08-06|391
KTOS|2026-08-07|391
KTOS|2026-08-10|391
KTOS|2026-08-11|390
KTOS|2026-08-12|391
KTOS|2026-08-13|391
KTOS|2026-08-14|391
KTOS|2026-08-17|389
KTOS|2026-08-18|388
KTOS|2026-08-19|390
KTOS|2026-08-20|391
KTOS|2026-08-21|390
KTOS|2026-08-24|390
KTOS|2026-08-25|390
KTOS|2026-08-26|383
KTOS|2026-08-27|389
KTOS|2026-08-28|390
KURA|2026-04-17|388
KURA|2026-04-20|354
KURA|2026-04-21|354
KURA|2026-04-22|326
KURA|2026-04-23|366
KURA|2026-04-24|287
KURA|2026-04-27|311
KURA|2026-04-28|325
KURA|2026-04-29|334
KURA|2026-04-30|289
KURA|2026-05-01|339
KURA|2026-05-04|353
KURA|2026-05-05|298
KURA|2026-05-06|322
KURA|2026-05-07|304
KURA|2026-05-08|296
KURA|2026-05-11|321
KURA|2026-05-12|368
KURA|2026-05-13|361
KURA|2026-05-14|353
KURA|2026-05-15|332
KURA|2026-05-18|304
KURA|2026-05-19|319
KURA|2026-05-20|354
KURA|2026-05-21|387
KURA|2026-05-22|383
KURA|2026-08-13|381
KURA|2026-08-14|349
KURA|2026-08-17|378
KURA|2026-08-18|379
KURA|2026-08-19|389
KURA|2026-08-20|367
KURA|2026-08-21|371
KURA|2026-08-24|381
KURA|2026-08-25|387
KURA|2026-08-26|362
KURA|2026-08-27|370
KURA|2026-08-28|372
KYMR|2026-06-25|386
KYMR|2026-06-26|359
KYMR|2026-06-29|353
KYMR|2026-06-30|317
KYMR|2026-07-01|289
KYMR|2026-07-02|298
KYMR|2026-07-06|243
KYMR|2026-07-07|323
KYMR|2026-07-08|278
KYMR|2026-07-09|228
KYMR|2026-07-10|262
KYMR|2026-07-13|296
KYMR|2026-07-14|243
KYMR|2026-07-15|239
KYMR|2026-07-16|268
KYMR|2026-07-17|323
KYMR|2026-07-20|233
KYMR|2026-07-21|287
KYMR|2026-07-22|195
KYMR|2026-07-23|243
KYMR|2026-07-24|279
LAC|2026-06-02|391
LAC|2026-06-03|391
LAC|2026-06-04|391
LAC|2026-06-05|391
LAC|2026-06-08|391
LAC|2026-06-09|391
LAC|2026-06-10|391
LAC|2026-06-11|391
LAC|2026-06-12|390
LAC|2026-06-15|390
LAC|2026-06-16|389
LAC|2026-06-17|390
LAC|2026-06-18|390
LAC|2026-06-22|388
LAC|2026-06-23|388
LAC|2026-06-24|391
LAC|2026-06-25|390
LAC|2026-06-26|391
LAC|2026-06-29|390
LAC|2026-06-30|390
LAC|2026-07-01|390
LFST|2026-05-07|389
LFST|2026-05-08|391
LFST|2026-05-11|391
LFST|2026-05-12|390
LFST|2026-05-13|391
LFST|2026-05-14|390
LFST|2026-05-15|380
LFST|2026-05-18|379
LFST|2026-05-19|379
LFST|2026-05-20|376
LFST|2026-05-21|378
LFST|2026-05-22|389
LFST|2026-05-26|386
LFST|2026-05-27|385
LFST|2026-05-28|357
LFST|2026-05-29|348
LFST|2026-06-01|364
LFST|2026-06-02|364
LFST|2026-06-03|371
LFST|2026-06-04|332
LFST|2026-06-05|367
LFST|2026-08-06|391
LFST|2026-08-07|385
LFST|2026-08-10|387
LFST|2026-08-11|390
LFST|2026-08-12|387
LFST|2026-08-13|385
LFST|2026-08-14|386
LFST|2026-08-17|389
LFST|2026-08-18|381
LFST|2026-08-19|389
LFST|2026-08-20|389
LFST|2026-08-21|374
LFST|2026-08-24|391
LFST|2026-08-25|374
LFST|2026-08-26|382
LFST|2026-08-27|381
LFST|2026-08-28|380
LIFE|2026-06-24|251
LIFE|2026-06-25|267
LIFE|2026-06-26|262
LIFE|2026-06-29|183
LIFE|2026-06-30|166
LIFE|2026-07-01|195
LIFE|2026-07-02|191
LIFE|2026-07-06|236
LIFE|2026-07-07|242
LIFE|2026-07-08|273
LIFE|2026-07-09|171
LIFE|2026-07-10|268
LIFE|2026-07-13|236
LIFE|2026-07-14|233
LIFE|2026-07-15|240
LIFE|2026-07-16|209
LIFE|2026-07-17|192
LIFE|2026-07-20|154
LIFE|2026-07-21|189
LIFE|2026-07-22|228
LIFE|2026-07-23|252
LIFE|2026-08-04|391
LIFE|2026-08-05|379
LIFE|2026-08-06|381
LIFE|2026-08-07|369
LIFE|2026-08-10|325
LIFE|2026-08-11|339
LIFE|2026-08-12|335
LIFE|2026-08-13|331
LIFE|2026-08-14|339
LIFE|2026-08-17|377
LIFE|2026-08-18|351
LIFE|2026-08-19|315
LIFE|2026-08-20|358
LIFE|2026-08-21|298
LIFE|2026-08-24|385
LIFE|2026-08-25|355
LIFE|2026-08-26|347
LIFE|2026-08-27|309
LIFE|2026-08-28|292
LIND|2026-08-03|365
LIND|2026-08-04|327
LIND|2026-08-05|307
LIND|2026-08-06|244
LIND|2026-08-07|237
LIND|2026-08-10|247
LIND|2026-08-11|195
LIND|2026-08-12|252
LIND|2026-08-13|296
LIND|2026-08-14|255
LIND|2026-08-17|309
LIND|2026-08-18|268
LIND|2026-08-19|269
LIND|2026-08-20|266
LIND|2026-08-21|286
LIND|2026-08-24|271
LIND|2026-08-25|306
LIND|2026-08-26|281
LIND|2026-08-27|272
LIND|2026-08-28|334
LPTH|2026-05-26|391
LPTH|2026-05-27|391
LPTH|2026-05-28|391
LPTH|2026-05-29|385
LPTH|2026-06-01|391
LPTH|2026-06-02|391
LPTH|2026-06-03|391
LPTH|2026-06-04|391
LPTH|2026-06-05|391
LPTH|2026-06-08|388
LPTH|2026-06-09|391
LPTH|2026-06-10|391
LPTH|2026-06-11|391
LPTH|2026-06-12|391
LPTH|2026-06-15|391
LPTH|2026-06-16|384
LPTH|2026-06-17|378
LPTH|2026-06-18|386
LPTH|2026-06-22|389
LPTH|2026-06-23|386
LPTH|2026-06-24|391
LPTH|2026-08-14|391
LPTH|2026-08-17|389
LPTH|2026-08-18|388
LPTH|2026-08-19|389
LPTH|2026-08-20|388
LPTH|2026-08-21|389
LPTH|2026-08-24|389
LPTH|2026-08-25|388
LPTH|2026-08-26|363
LPTH|2026-08-27|386
LPTH|2026-08-28|391
LRCX|2026-07-09|391
LRCX|2026-07-10|391
LRCX|2026-07-13|391
LRCX|2026-07-14|391
LRCX|2026-07-15|391
LRCX|2026-07-16|391
LRCX|2026-07-17|391
LRCX|2026-07-20|391
LRCX|2026-07-21|391
LRCX|2026-07-22|391
LRCX|2026-07-23|391
LRCX|2026-07-24|391
LRCX|2026-07-27|391
LRCX|2026-07-28|391
LRCX|2026-07-29|391
LRCX|2026-07-30|391
LRCX|2026-07-31|391
LRCX|2026-08-03|391
LRCX|2026-08-04|391
LRCX|2026-08-05|391
LRCX|2026-08-06|391
LRCX|2026-08-07|391
LRCX|2026-08-10|391
LRCX|2026-08-11|391
LRCX|2026-08-12|391
LRCX|2026-08-13|391
LRCX|2026-08-14|391
LRCX|2026-08-17|391
LRCX|2026-08-18|391
LRCX|2026-08-19|391
LRCX|2026-08-20|391
LRCX|2026-08-21|391
LRCX|2026-08-24|391
LRCX|2026-08-25|391
LRCX|2026-08-26|391
LRCX|2026-08-27|391
LZB|2026-06-17|371
LZB|2026-06-18|308
LZB|2026-06-22|299
LZB|2026-06-23|299
LZB|2026-06-24|326
LZB|2026-06-25|305
LZB|2026-06-26|301
LZB|2026-06-29|239
LZB|2026-06-30|233
LZB|2026-07-01|272
LZB|2026-07-02|186
LZB|2026-07-06|178
LZB|2026-07-07|164
LZB|2026-07-08|192
LZB|2026-07-09|225
LZB|2026-07-10|199
LZB|2026-07-13|206
LZB|2026-07-14|184
LZB|2026-07-15|215
LZB|2026-07-16|202
LZB|2026-07-17|232
MANE|2026-04-27|372
MANE|2026-04-28|298
MANE|2026-04-29|296
MANE|2026-04-30|342
MANE|2026-05-01|321
MANE|2026-05-04|353
MANE|2026-05-05|353
MANE|2026-05-06|352
MANE|2026-05-07|321
MANE|2026-05-08|250
MANE|2026-05-11|253
MANE|2026-05-12|278
MANE|2026-05-13|207
MANE|2026-05-14|217
MANE|2026-05-15|247
MANE|2026-05-18|243
MANE|2026-05-19|184
MANE|2026-05-20|215
MANE|2026-05-21|183
MANE|2026-05-22|157
MANE|2026-05-26|277
MANE|2026-07-15|341
MANE|2026-07-16|368
MANE|2026-07-17|338
MANE|2026-07-20|229
MANE|2026-07-21|254
MANE|2026-07-22|193
MANE|2026-07-23|246
MANE|2026-07-24|231
MANE|2026-07-27|248
MANE|2026-07-28|303
MANE|2026-07-29|268
MANE|2026-07-30|284
MANE|2026-07-31|332
MANE|2026-08-03|385
MANE|2026-08-04|343
MANE|2026-08-05|339
MANE|2026-08-06|299
MANE|2026-08-07|265
MANE|2026-08-10|270
MANE|2026-08-11|219
MANE|2026-08-12|340
MANE|2026-08-13|255
MANE|2026-08-14|284
MANE|2026-08-17|325
MANE|2026-08-18|237
MANE|2026-08-19|270
MLTX|2026-06-22|1
MLTX|2026-06-23|347
MLTX|2026-06-24|389
MLTX|2026-06-25|358
MLTX|2026-06-26|348
MLTX|2026-06-29|336
MLTX|2026-06-30|348
MLTX|2026-07-01|341
MLTX|2026-07-02|359
MLTX|2026-07-06|307
MLTX|2026-07-07|338
MLTX|2026-07-08|304
MLTX|2026-07-09|372
MLTX|2026-07-10|357
MLTX|2026-07-13|361
MLTX|2026-07-14|332
MLTX|2026-07-15|320
MLTX|2026-07-16|355
MLTX|2026-07-17|326
MLTX|2026-07-20|257
MLTX|2026-07-21|302
MMYT|2026-06-15|355
MMYT|2026-06-16|368
MMYT|2026-06-17|369
MMYT|2026-06-18|310
MMYT|2026-06-22|296
MMYT|2026-06-23|306
MMYT|2026-06-24|366
MMYT|2026-06-25|367
MMYT|2026-06-26|304
MMYT|2026-06-29|306
MMYT|2026-06-30|251
MMYT|2026-07-01|363
MMYT|2026-07-02|309
MMYT|2026-07-06|349
MMYT|2026-07-07|293
MMYT|2026-07-08|361
MMYT|2026-07-09|293
MMYT|2026-07-10|351
MMYT|2026-07-13|275
MMYT|2026-07-14|310
MMYT|2026-07-15|253
MMYT|2026-08-03|366
MMYT|2026-08-04|378
MMYT|2026-08-05|349
MMYT|2026-08-06|308
MMYT|2026-08-07|204
MMYT|2026-08-10|205
MMYT|2026-08-11|269
MMYT|2026-08-12|326
MMYT|2026-08-13|215
MMYT|2026-08-14|189
MMYT|2026-08-17|257
MMYT|2026-08-18|124
MMYT|2026-08-19|228
MMYT|2026-08-20|222
MMYT|2026-08-21|181
MMYT|2026-08-24|176
MMYT|2026-08-25|189
MMYT|2026-08-26|260
MMYT|2026-08-27|263
MMYT|2026-08-28|174
MNDY|2026-05-11|390
MNDY|2026-05-12|386
MNDY|2026-05-13|374
MNDY|2026-05-14|390
MNDY|2026-05-15|376
MNDY|2026-05-18|387
MNDY|2026-05-19|382
MNDY|2026-05-20|373
MNDY|2026-05-21|376
MNDY|2026-05-22|373
MNDY|2026-05-26|378
MNDY|2026-05-27|368
MNDY|2026-05-28|365
MNDY|2026-05-29|382
MNDY|2026-06-01|387
MNDY|2026-06-02|384
MNDY|2026-06-03|373
MNDY|2026-06-04|383
MNDY|2026-06-05|370
MNDY|2026-06-08|346
MNDY|2026-06-09|388
MNDY|2026-06-10|347
MNDY|2026-06-11|379
MNDY|2026-06-12|386
MNDY|2026-06-15|376
MNDY|2026-06-16|366
MPWR|2026-07-31|391
MPWR|2026-08-03|391
MPWR|2026-08-04|391
MPWR|2026-08-05|391
MPWR|2026-08-06|385
MPWR|2026-08-07|383
MPWR|2026-08-10|389
MPWR|2026-08-11|384
MPWR|2026-08-12|391
MPWR|2026-08-13|390
MPWR|2026-08-14|387
MPWR|2026-08-17|390
MPWR|2026-08-18|391
MPWR|2026-08-19|389
MPWR|2026-08-20|387
MPWR|2026-08-21|389
MPWR|2026-08-24|390
MPWR|2026-08-25|383
MPWR|2026-08-26|378
MPWR|2026-08-27|386
MPWR|2026-08-28|387
MRAM|2026-04-30|390
MRAM|2026-05-01|389
MRAM|2026-05-04|388
MRAM|2026-05-05|382
MRAM|2026-05-06|385
MRAM|2026-05-07|391
MRAM|2026-05-08|391
MRAM|2026-05-11|390
MRAM|2026-05-12|391
MRAM|2026-05-13|391
MRAM|2026-05-14|391
MRAM|2026-05-15|390
MRAM|2026-05-18|390
MRAM|2026-05-19|390
MRAM|2026-05-20|391
MRAM|2026-05-21|390
MRAM|2026-05-22|390
MRAM|2026-05-26|391
MRAM|2026-05-27|391
MRAM|2026-05-28|390
MRAM|2026-05-29|390
MRAM|2026-06-01|390
MRAM|2026-06-02|387
MRAM|2026-06-03|387
MRAM|2026-06-04|378
MRAM|2026-06-05|387
MRAM|2026-06-08|377
MRAM|2026-06-09|388
MRAM|2026-06-10|373
MRAM|2026-06-11|381
MRAM|2026-06-12|371
MRAM|2026-06-15|391
MRAM|2026-06-16|380
MRAM|2026-06-17|380
MRAM|2026-06-18|378
MRAM|2026-06-22|384
MRAM|2026-06-23|382
MRAM|2026-06-24|380
MRAM|2026-06-25|366
MRAM|2026-06-26|378
MRAM|2026-06-29|382
MRAM|2026-06-30|381
MRAM|2026-07-01|381
MRAM|2026-07-02|389
MRAM|2026-07-06|360
MRAM|2026-07-07|376
MRAM|2026-07-08|378
MRAM|2026-07-09|356
MRAM|2026-07-10|336
MRAM|2026-07-13|353
MRAM|2026-07-14|339
MRAM|2026-07-15|350
MRAM|2026-08-04|386
MRAM|2026-08-05|385
MRAM|2026-08-06|368
MRAM|2026-08-07|362
MRAM|2026-08-10|317
MRAM|2026-08-11|278
MRAM|2026-08-12|353
MRAM|2026-08-13|357
MRAM|2026-08-14|368
MRAM|2026-08-17|384
MRAM|2026-08-18|385
MRAM|2026-08-19|367
MRAM|2026-08-20|369
MRAM|2026-08-21|347
MRAM|2026-08-24|323
MRAM|2026-08-25|364
MRAM|2026-08-26|330
MRAM|2026-08-27|334
MRAM|2026-08-28|342
MRLN|2026-04-16|379
MRLN|2026-04-17|386
MRLN|2026-04-20|355
MRLN|2026-04-21|361
MRLN|2026-04-22|335
MRLN|2026-04-23|309
MRLN|2026-04-24|305
MRLN|2026-04-27|296
MRLN|2026-04-28|262
MRLN|2026-04-29|374
MRLN|2026-04-30|336
MRLN|2026-05-01|351
MRLN|2026-05-04|364
MRLN|2026-05-05|364
MRLN|2026-05-06|326
MRLN|2026-05-07|361
MRLN|2026-05-08|372
MRLN|2026-05-11|325
MRLN|2026-05-12|357
MRLN|2026-05-13|358
MRLN|2026-05-14|384
MRLN|2026-06-05|390
MRLN|2026-06-08|389
MRLN|2026-06-09|391
MRLN|2026-06-10|390
MRLN|2026-06-11|391
MRLN|2026-06-12|385
MRLN|2026-06-15|380
MRLN|2026-06-16|389
MRLN|2026-06-17|386
MRLN|2026-06-18|382
MRLN|2026-06-22|374
MRLN|2026-06-23|377
MRLN|2026-06-24|386
MRLN|2026-06-25|383
MRLN|2026-06-26|371
MRLN|2026-06-29|388
MRLN|2026-06-30|372
MRLN|2026-07-01|375
MRLN|2026-07-02|349
MRLN|2026-07-06|380
MRLN|2026-07-07|364
MRNA|2026-05-01|391
MRNA|2026-05-04|391
MRNA|2026-05-05|391
MRNA|2026-05-06|391
MRNA|2026-05-07|391
MRNA|2026-05-08|391
MRNA|2026-05-11|391
MRNA|2026-05-12|391
MRNA|2026-05-13|391
MRNA|2026-05-14|391
MRNA|2026-05-15|391
MRNA|2026-05-18|391
MRNA|2026-05-19|391
MRNA|2026-05-20|391
MRNA|2026-05-21|391
MRNA|2026-05-22|388
MRNA|2026-05-26|390
MRNA|2026-05-27|390
MRNA|2026-05-28|389
MRNA|2026-05-29|391
MRNA|2026-06-01|390
MRNA|2026-06-02|390
MRNA|2026-06-03|390
MRNA|2026-06-04|391
MRNA|2026-06-05|391
MRNA|2026-06-08|390
MRNA|2026-06-09|390
MRNA|2026-08-19|391
MRNA|2026-08-20|391
MRNA|2026-08-21|391
MRNA|2026-08-24|391
MRNA|2026-08-25|391
MRNA|2026-08-26|391
MRNA|2026-08-27|391
MRNA|2026-08-28|391
MRNA|2026-08-31|391
MRNA|2026-09-01|54
MRVL|2026-05-26|391
MRVL|2026-05-27|391
MRVL|2026-05-28|391
MRVL|2026-05-29|391
MRVL|2026-06-01|391
MRVL|2026-06-02|1
MRVL|2026-06-03|391
MRVL|2026-06-04|391
MRVL|2026-06-05|391
MRVL|2026-06-08|391
MRVL|2026-06-09|391
MRVL|2026-06-10|391
MRVL|2026-06-11|391
MRVL|2026-06-12|391
MRVL|2026-06-15|391
MRVL|2026-06-16|391
MRVL|2026-06-17|391
MRVL|2026-06-18|391
MRVL|2026-06-22|391
MRVL|2026-06-23|391
MRVL|2026-06-24|391
MRVL|2026-06-25|391
MRVL|2026-06-26|391
MRVL|2026-06-29|391
MRVL|2026-06-30|391
MRVL|2026-07-01|391
MRVL|2026-07-02|391
MRVL|2026-07-06|391
MRVL|2026-07-07|391
MRVL|2026-07-08|391
MRVL|2026-07-30|391
MRVL|2026-07-31|391
MRVL|2026-08-03|391
MRVL|2026-08-04|391
MRVL|2026-08-05|391
MRVL|2026-08-06|391
MRVL|2026-08-07|391
MRVL|2026-08-10|391
MRVL|2026-08-11|391
MRVL|2026-08-12|391
MRVL|2026-08-13|391
MRVL|2026-08-14|391
MRVL|2026-08-17|391
MRVL|2026-08-18|391
MRVL|2026-08-19|391
MRVL|2026-08-20|391
MRVL|2026-08-21|391
MRVL|2026-08-24|391
MRVL|2026-08-25|391
MRVL|2026-08-26|391
MRVL|2026-08-27|391
MRVL|2026-08-28|391
MRVL|2026-08-31|391
MRX|2026-08-12|342
MRX|2026-08-13|338
MRX|2026-08-14|310
MRX|2026-08-17|269
MRX|2026-08-18|298
MRX|2026-08-19|267
MRX|2026-08-20|232
MRX|2026-08-21|231
MRX|2026-08-24|239
MRX|2026-08-25|225
MRX|2026-08-26|234
MRX|2026-08-27|203
MRX|2026-08-28|257
MTW|2026-08-07|356
MTW|2026-08-10|286
MTW|2026-08-11|253
MTW|2026-08-12|308
MTW|2026-08-13|251
MTW|2026-08-14|204
MTW|2026-08-17|234
MTW|2026-08-18|211
MTW|2026-08-19|166
MTW|2026-08-20|165
MTW|2026-08-21|228
MTW|2026-08-24|173
MTW|2026-08-25|205
MTW|2026-08-26|247
MTW|2026-08-27|175
MTW|2026-08-28|184
MU|2026-05-11|391
MU|2026-05-12|391
MU|2026-05-13|391
MU|2026-05-14|391
MU|2026-05-15|391
MU|2026-05-18|391
MU|2026-05-19|391
MU|2026-05-20|391
MU|2026-05-21|391
MU|2026-05-22|391
MU|2026-05-26|391
MU|2026-05-27|391
MU|2026-05-28|391
MU|2026-05-29|391
MU|2026-06-01|391
MU|2026-06-02|391
MU|2026-06-03|391
MU|2026-06-04|391
MU|2026-06-05|391
MU|2026-06-08|391
MU|2026-06-09|391
MU|2026-06-10|391
MU|2026-06-11|391
MU|2026-06-12|391
MU|2026-06-15|391
MU|2026-06-16|391
MU|2026-06-17|391
MU|2026-06-18|391
MU|2026-06-22|391
MU|2026-06-23|391
MU|2026-06-24|391
MU|2026-06-25|1
MU|2026-06-26|391
MU|2026-06-29|391
MU|2026-06-30|391
MU|2026-07-01|391
MU|2026-07-02|391
MU|2026-07-06|391
MU|2026-07-07|391
MU|2026-07-08|391
MU|2026-07-09|391
MU|2026-07-10|391
MU|2026-07-13|391
MU|2026-07-14|391
MU|2026-07-15|391
MU|2026-07-16|391
MU|2026-07-17|391
MU|2026-07-20|391
MU|2026-07-21|391
MU|2026-07-22|391
MU|2026-07-23|391
MU|2026-07-24|391
NAVN|2026-06-11|1
NAVN|2026-06-12|391
NAVN|2026-06-15|391
NAVN|2026-06-16|391
NAVN|2026-06-17|391
NAVN|2026-06-18|391
NAVN|2026-06-22|389
NAVN|2026-06-23|386
NAVN|2026-06-24|389
NAVN|2026-06-25|391
NAVN|2026-06-26|391
NAVN|2026-06-29|390
NAVN|2026-06-30|387
NAVN|2026-07-01|389
NAVN|2026-07-02|389
NAVN|2026-07-06|391
NAVN|2026-07-07|391
NAVN|2026-07-08|389
NAVN|2026-07-09|391
NAVN|2026-07-10|390
NAVN|2026-07-13|383
NAVN|2026-07-14|390
NAVN|2026-07-15|386
NAVN|2026-07-16|388
NAVN|2026-07-17|382
NAVN|2026-07-20|391
NBIS|2026-05-13|390
NBIS|2026-05-14|391
NBIS|2026-05-15|391
NBIS|2026-05-18|391
NBIS|2026-05-19|391
NBIS|2026-05-20|391
NBIS|2026-05-21|391
NBIS|2026-05-22|391
NBIS|2026-05-26|391
NBIS|2026-05-27|391
NBIS|2026-05-28|391
NBIS|2026-05-29|391
NBIS|2026-06-01|391
NBIS|2026-06-02|391
NBIS|2026-06-03|391
NBIS|2026-06-04|391
NBIS|2026-06-05|391
NBIS|2026-06-08|391
NBIS|2026-06-09|391
NBIS|2026-06-10|391
NBIS|2026-06-11|391
NBIS|2026-06-12|391
NBIS|2026-06-15|391
NBIS|2026-06-16|391
NBIS|2026-06-17|391
NBIS|2026-06-18|391
NBIS|2026-06-22|391
NBIS|2026-06-23|391
NBIS|2026-06-24|391
NBIS|2026-06-25|391
NBIS|2026-06-26|391
NBIS|2026-06-29|391
NBIS|2026-06-30|391
NBIS|2026-07-30|391
NBIS|2026-07-31|391
NBIS|2026-08-03|391
NBIS|2026-08-04|391
NBIS|2026-08-05|391
NBIS|2026-08-06|391
NBIS|2026-08-07|391
NBIS|2026-08-10|391
NBIS|2026-08-11|391
NBIS|2026-08-12|391
NBIS|2026-08-13|391
NBIS|2026-08-14|391
NBIS|2026-08-17|391
NBIS|2026-08-18|391
NBIS|2026-08-19|391
NBIS|2026-08-20|391
NBIS|2026-08-21|391
NBIS|2026-08-24|391
NBIS|2026-08-25|391
NBIS|2026-08-26|391
NBIS|2026-08-27|391
NBIS|2026-08-28|391
NESR|2026-08-10|391
NESR|2026-08-11|387
NESR|2026-08-12|370
NESR|2026-08-13|382
NESR|2026-08-14|373
NESR|2026-08-17|360
NESR|2026-08-18|367
NESR|2026-08-19|376
NESR|2026-08-20|372
NESR|2026-08-21|376
NESR|2026-08-24|382
NESR|2026-08-25|370
NESR|2026-08-26|335
NESR|2026-08-27|350
NESR|2026-08-28|341
NET|2026-08-07|390
NET|2026-08-10|390
NET|2026-08-11|390
NET|2026-08-12|388
NET|2026-08-13|388
NET|2026-08-14|383
NET|2026-08-17|388
NET|2026-08-18|385
NET|2026-08-19|383
NET|2026-08-20|389
NET|2026-08-21|389
NET|2026-08-24|379
NET|2026-08-25|380
NET|2026-08-26|389
NET|2026-08-27|390
NET|2026-08-28|381
NET|2026-08-31|383
NMAX|2026-04-22|390
NMAX|2026-04-23|390
NMAX|2026-04-24|382
NMAX|2026-04-27|377
NMAX|2026-04-28|372
NMAX|2026-04-29|370
NMAX|2026-04-30|377
NMAX|2026-05-01|337
NMAX|2026-05-04|353
NMAX|2026-05-05|323
NMAX|2026-05-06|359
NMAX|2026-05-07|339
NMAX|2026-05-08|322
NMAX|2026-05-11|301
NMAX|2026-05-12|320
NMAX|2026-05-13|348
NMAX|2026-05-14|357
NMAX|2026-05-15|379
NMAX|2026-05-18|359
NMAX|2026-05-19|351
NMAX|2026-05-20|330
NMAX|2026-08-14|390
NMAX|2026-08-17|385
NMAX|2026-08-18|381
NMAX|2026-08-19|372
NMAX|2026-08-20|372
NMAX|2026-08-21|314
NMAX|2026-08-24|282
NMAX|2026-08-25|297
NMAX|2026-08-26|324
NMAX|2026-08-27|297
NMAX|2026-08-28|324
NNE|2026-05-06|391
NNE|2026-05-07|391
NNE|2026-05-08|388
NNE|2026-05-11|390
NNE|2026-05-12|385
NNE|2026-05-13|383
NNE|2026-05-14|388
NNE|2026-05-15|386
NNE|2026-05-18|387
NNE|2026-05-19|389
NNE|2026-05-20|385
NNE|2026-05-21|387
NNE|2026-05-22|388
NNE|2026-05-26|391
NNE|2026-05-27|385
NNE|2026-05-28|378
NNE|2026-05-29|389
NNE|2026-06-01|391
NNE|2026-06-02|391
NNE|2026-06-03|391
NNE|2026-06-04|391
NNE|2026-06-05|391
NNE|2026-06-08|391
NNE|2026-06-09|391
NNE|2026-06-10|390
NNE|2026-06-11|391
NNE|2026-06-12|386
NNE|2026-06-15|389
NNE|2026-06-16|384
NNE|2026-06-17|391
NNE|2026-06-18|390
NNE|2026-06-22|386
NNE|2026-06-23|382
NNE|2026-06-24|391
NNE|2026-06-25|391
NNE|2026-06-26|389
NNE|2026-06-29|385
NNE|2026-06-30|381
NNE|2026-07-01|386
NNE|2026-07-02|389
NNE|2026-07-06|385
NNE|2026-07-07|391
NNE|2026-07-08|389
NNE|2026-07-27|383
NNE|2026-07-28|378
NNE|2026-07-29|387
NNE|2026-07-30|372
NNE|2026-07-31|383
NNE|2026-08-03|391
NNE|2026-08-04|387
NNE|2026-08-05|383
NNE|2026-08-06|389
NNE|2026-08-07|385
NNE|2026-08-10|370
NNE|2026-08-11|374
NNE|2026-08-12|382
NNE|2026-08-13|387
NNE|2026-08-14|383
NNE|2026-08-17|376
NNE|2026-08-18|384
NNE|2026-08-19|382
NNE|2026-08-20|376
NNE|2026-08-21|367
NNE|2026-08-24|363
NOW|2026-05-29|391
NOW|2026-06-01|391
NOW|2026-06-02|391
NOW|2026-06-03|391
NOW|2026-06-04|391
NOW|2026-06-05|391
NOW|2026-06-08|391
NOW|2026-06-09|391
NOW|2026-06-10|391
NOW|2026-06-11|391
NOW|2026-06-12|391
NOW|2026-06-15|391
NOW|2026-06-16|391
NOW|2026-06-17|391
NOW|2026-06-18|391
NOW|2026-06-22|391
NOW|2026-06-23|391
NOW|2026-06-24|391
NOW|2026-06-25|391
NOW|2026-06-26|391
NOW|2026-06-29|391
NOW|2026-06-30|391
NRIX|2026-06-08|1
NRIX|2026-06-09|391
NRIX|2026-06-10|388
NRIX|2026-06-11|389
NRIX|2026-06-12|390
NRIX|2026-06-15|361
NRIX|2026-06-16|371
NRIX|2026-06-17|368
NRIX|2026-06-18|357
NRIX|2026-06-22|364
NRIX|2026-06-23|344
NRIX|2026-06-24|373
NRIX|2026-06-25|388
NRIX|2026-06-26|390
NRIX|2026-06-29|391
NRIX|2026-06-30|370
NRIX|2026-07-01|364
NRIX|2026-07-02|370
NRIX|2026-07-06|359
NRIX|2026-07-07|377
NRIX|2026-07-08|361
NRIX|2026-07-09|325
NRIX|2026-07-10|334
NRIX|2026-07-13|361
NRIX|2026-07-14|332
NRIX|2026-07-15|360
NVCR|2026-04-30|389
NVCR|2026-05-01|389
NVCR|2026-05-04|383
NVCR|2026-05-05|371
NVCR|2026-05-06|351
NVCR|2026-05-07|366
NVCR|2026-05-08|367
NVCR|2026-05-11|384
NVCR|2026-05-12|358
NVCR|2026-05-13|348
NVCR|2026-05-14|360
NVCR|2026-05-15|333
NVCR|2026-05-18|360
NVCR|2026-05-19|321
NVCR|2026-05-20|357
NVCR|2026-05-21|360
NVCR|2026-05-22|303
NVCR|2026-05-26|384
NVCR|2026-05-27|357
NVCR|2026-05-28|320
NVCR|2026-05-29|336
NVCR|2026-07-23|389
NVCR|2026-07-24|388
NVCR|2026-07-27|374
NVCR|2026-07-28|378
NVCR|2026-07-29|360
NVCR|2026-07-30|346
NVCR|2026-07-31|362
NVCR|2026-08-03|376
NVCR|2026-08-04|359
NVCR|2026-08-05|338
NVCR|2026-08-06|315
NVCR|2026-08-07|315
NVCR|2026-08-10|342
NVCR|2026-08-11|313
NVCR|2026-08-12|261
NVCR|2026-08-13|312
NVCR|2026-08-14|272
NVCR|2026-08-17|314
NVCR|2026-08-18|305
NVCR|2026-08-19|360
NVCR|2026-08-20|348
NVCR|2026-08-21|344
NVCR|2026-08-24|286
NVCR|2026-08-25|304
NVCR|2026-08-26|299
NVCR|2026-08-27|287
NVTS|2026-04-21|391
NVTS|2026-04-22|391
NVTS|2026-04-23|391
NVTS|2026-04-24|391
NVTS|2026-04-27|391
NVTS|2026-04-28|391
NVTS|2026-04-29|391
NVTS|2026-04-30|391
NVTS|2026-05-01|391
NVTS|2026-05-04|391
NVTS|2026-05-05|391
NVTS|2026-05-06|391
NVTS|2026-05-07|391
NVTS|2026-05-08|391
NVTS|2026-05-11|391
NVTS|2026-05-12|391
NVTS|2026-05-13|391
NVTS|2026-05-14|391
NVTS|2026-05-15|391
NVTS|2026-05-18|391
NVTS|2026-05-19|391
NVTS|2026-05-20|391
NVTS|2026-05-21|391
NVTS|2026-05-22|391
NVTS|2026-05-26|391
NVTS|2026-05-27|391
NVTS|2026-05-28|391
NVTS|2026-05-29|391
NVTS|2026-06-01|391
NVTS|2026-06-02|391
NVTS|2026-06-03|1
NVTS|2026-06-04|391
NVTS|2026-06-05|391
NVTS|2026-06-08|391
NVTS|2026-06-09|391
NVTS|2026-06-10|391
NVTS|2026-06-11|391
NVTS|2026-06-12|391
NVTS|2026-06-15|391
NVTS|2026-06-16|391
NVTS|2026-06-17|391
NVTS|2026-06-18|391
NVTS|2026-06-22|391
NVTS|2026-06-23|391
NVTS|2026-06-24|391
NVTS|2026-06-25|391
NVTS|2026-06-26|391
NVTS|2026-06-29|391
NVTS|2026-06-30|391
NVTS|2026-07-01|391
NVTS|2026-07-02|391
NVTS|2026-07-06|391
NVTS|2026-07-07|391
NVTS|2026-07-08|391
NVTS|2026-07-09|391
NVTS|2026-07-10|391
NVTS|2026-07-13|391
NVTS|2026-07-14|391
NVTS|2026-07-15|391
NWL|2026-07-31|391
NWL|2026-08-03|391
NWL|2026-08-04|390
NWL|2026-08-05|391
NWL|2026-08-06|390
NWL|2026-08-07|390
NWL|2026-08-10|391
NWL|2026-08-11|391
NWL|2026-08-12|391
NWL|2026-08-13|390
NWL|2026-08-14|391
NWL|2026-08-17|391
NWL|2026-08-18|386
NWL|2026-08-19|390
NWL|2026-08-20|390
NWL|2026-08-21|388
NWL|2026-08-24|391
NWL|2026-08-25|387
NWL|2026-08-26|390
NWL|2026-08-27|390
NWL|2026-08-28|389
OKLO|2026-04-14|391
OKLO|2026-04-15|391
OKLO|2026-04-16|391
OKLO|2026-04-17|391
OKLO|2026-04-20|391
OKLO|2026-04-21|391
OKLO|2026-04-22|391
OKLO|2026-04-23|391
OKLO|2026-04-24|391
OKLO|2026-04-27|391
OKLO|2026-04-28|391
OKLO|2026-04-29|391
OKLO|2026-04-30|391
OKLO|2026-05-01|391
OKLO|2026-05-04|391
OKLO|2026-05-05|391
OKLO|2026-05-06|391
OKLO|2026-05-07|391
OKLO|2026-05-08|391
OKLO|2026-05-11|391
OKLO|2026-05-12|391
OKLO|2026-05-26|391
OKLO|2026-05-27|391
OKLO|2026-05-28|391
OKLO|2026-05-29|391
OKLO|2026-06-01|391
OKLO|2026-06-02|391
OKLO|2026-06-03|391
OKLO|2026-06-04|391
OKLO|2026-06-05|391
OKLO|2026-06-08|391
OKLO|2026-06-09|391
OKLO|2026-06-10|391
OKLO|2026-06-11|391
OKLO|2026-06-12|391
OKLO|2026-06-15|391
OKLO|2026-06-16|391
OKLO|2026-06-17|391
OKLO|2026-06-18|391
OKLO|2026-06-22|391
OKLO|2026-06-23|391
OKLO|2026-06-24|391
OKTA|2026-05-29|391
OKTA|2026-06-01|391
OKTA|2026-06-02|391
OKTA|2026-06-03|391
OKTA|2026-06-04|391
OKTA|2026-06-05|390
OKTA|2026-06-08|389
OKTA|2026-06-09|391
OKTA|2026-06-10|391
OKTA|2026-06-11|389
OKTA|2026-06-12|385
OKTA|2026-06-15|391
OKTA|2026-06-16|389
OKTA|2026-06-17|382
OKTA|2026-06-18|389
OKTA|2026-06-22|389
OKTA|2026-06-23|382
OKTA|2026-06-24|379
OKTA|2026-06-25|391
OKTA|2026-06-26|388
OKTA|2026-06-29|391
OKTA|2026-08-27|391
OKTA|2026-08-28|391
OKTA|2026-08-31|390
OKTA|2026-09-01|54
OMER|2026-07-27|381
OMER|2026-07-28|364
OMER|2026-07-29|350
OMER|2026-07-30|343
OMER|2026-07-31|361
OMER|2026-08-03|338
OMER|2026-08-04|344
OMER|2026-08-05|321
OMER|2026-08-06|306
OMER|2026-08-07|371
OMER|2026-08-10|372
OMER|2026-08-11|385
OMER|2026-08-12|378
OMER|2026-08-13|391
OMER|2026-08-14|391
OMER|2026-08-17|374
OMER|2026-08-18|354
OMER|2026-08-19|386
OMER|2026-08-20|357
OMER|2026-08-21|383
OMER|2026-08-24|364
OMER|2026-08-25|359
OMER|2026-08-26|374
OMER|2026-08-27|367
OMER|2026-08-28|339
ONTO|2026-04-16|332
ONTO|2026-04-17|352
ONTO|2026-04-20|317
ONTO|2026-04-21|354
ONTO|2026-04-22|312
ONTO|2026-04-23|357
ONTO|2026-04-24|338
ONTO|2026-04-27|318
ONTO|2026-04-28|344
ONTO|2026-04-29|252
ONTO|2026-04-30|284
ONTO|2026-05-01|278
ONTO|2026-05-04|307
ONTO|2026-05-05|360
ONTO|2026-05-06|358
ONTO|2026-05-07|321
ONTO|2026-05-08|320
ONTO|2026-05-11|323
ONTO|2026-05-12|335
ONTO|2026-05-13|320
ONTO|2026-05-14|310
ONTO|2026-07-09|363
ONTO|2026-07-10|329
ONTO|2026-07-13|358
ONTO|2026-07-14|348
ONTO|2026-07-15|361
ONTO|2026-07-16|360
ONTO|2026-07-17|381
ONTO|2026-07-20|314
ONTO|2026-07-21|341
ONTO|2026-07-22|353
ONTO|2026-07-23|356
ONTO|2026-07-24|318
ONTO|2026-07-27|364
ONTO|2026-07-28|366
ONTO|2026-07-29|384
ONTO|2026-07-30|369
ONTO|2026-07-31|364
ONTO|2026-08-03|350
ONTO|2026-08-04|373
ONTO|2026-08-05|336
ONTO|2026-08-06|383
ONTO|2026-08-07|360
ONTO|2026-08-10|357
ONTO|2026-08-11|360
ONTO|2026-08-12|366
ONTO|2026-08-13|348
ONTO|2026-08-14|326
ONTO|2026-08-17|360
ONTO|2026-08-18|350
ONTO|2026-08-19|372
ONTO|2026-08-20|306
ONTO|2026-08-21|320
ONTO|2026-08-24|324
ONTO|2026-08-25|335
ONTO|2026-08-26|304
ONTO|2026-08-27|332
ONTO|2026-08-28|347
OUST|2026-05-04|390
OUST|2026-05-05|390
OUST|2026-05-06|391
OUST|2026-05-07|391
OUST|2026-05-08|391
OUST|2026-05-11|390
OUST|2026-05-12|390
OUST|2026-05-13|391
OUST|2026-05-14|391
OUST|2026-05-15|391
OUST|2026-05-18|391
OUST|2026-05-19|391
OUST|2026-05-20|391
OUST|2026-05-21|391
OUST|2026-05-22|391
OUST|2026-05-26|391
OUST|2026-05-27|391
OUST|2026-05-28|390
OUST|2026-05-29|391
OUST|2026-06-01|391
OUST|2026-06-02|390
OUST|2026-06-15|391
OUST|2026-06-16|382
OUST|2026-06-17|390
OUST|2026-06-18|391
OUST|2026-06-22|391
OUST|2026-06-23|389
OUST|2026-06-24|391
OUST|2026-06-25|391
OUST|2026-06-26|391
OUST|2026-06-29|391
OUST|2026-06-30|391
OUST|2026-07-01|391
OUST|2026-07-02|391
OUST|2026-07-06|391
OUST|2026-07-07|391
OUST|2026-07-08|391
OUST|2026-07-09|390
OUST|2026-07-10|386
OUST|2026-07-13|387
OUST|2026-07-14|390
OUST|2026-07-15|391
OUST|2026-07-16|391
OUST|2026-07-17|391
OUST|2026-07-20|391
OUST|2026-07-21|391
OUST|2026-07-22|390
OUST|2026-07-23|382
OUST|2026-07-24|389
OUST|2026-07-27|387
OUST|2026-07-28|389
PACS|2026-05-12|379
PACS|2026-05-13|357
PACS|2026-05-14|306
PACS|2026-05-15|296
PACS|2026-05-18|339
PACS|2026-05-19|300
PACS|2026-05-20|322
PACS|2026-05-21|221
PACS|2026-05-22|334
PACS|2026-05-26|278
PACS|2026-05-27|268
PACS|2026-05-28|248
PACS|2026-05-29|259
PACS|2026-06-01|294
PACS|2026-06-02|335
PACS|2026-06-03|253
PACS|2026-06-04|268
PACS|2026-06-05|291
PACS|2026-06-08|315
PACS|2026-06-09|296
PACS|2026-06-10|320
PD|2026-05-29|390
PD|2026-06-01|391
PD|2026-06-02|387
PD|2026-06-03|380
PD|2026-06-04|380
PD|2026-06-05|378
PD|2026-06-08|363
PD|2026-06-09|360
PD|2026-06-10|375
PD|2026-06-11|387
PD|2026-06-12|373
PD|2026-06-15|369
PD|2026-06-16|377
PD|2026-06-17|383
PD|2026-06-18|357
PD|2026-06-22|360
PD|2026-06-23|372
PD|2026-06-24|367
PD|2026-06-25|363
PD|2026-06-26|369
PD|2026-06-29|365
PENG|2026-05-06|391
PENG|2026-05-07|384
PENG|2026-05-08|386
PENG|2026-05-11|385
PENG|2026-05-12|390
PENG|2026-05-13|391
PENG|2026-05-14|391
PENG|2026-05-15|389
PENG|2026-05-18|387
PENG|2026-05-19|384
PENG|2026-05-20|386
PENG|2026-05-21|387
PENG|2026-05-22|390
PENG|2026-05-26|386
PENG|2026-05-27|379
PENG|2026-05-28|375
PENG|2026-05-29|390
PENG|2026-06-01|387
PENG|2026-06-02|391
PENG|2026-06-03|390
PENG|2026-06-04|389
PENG|2026-06-05|391
PENG|2026-06-08|388
PENG|2026-06-09|390
PENG|2026-06-10|384
PENG|2026-06-11|375
PENG|2026-06-12|374
PENG|2026-06-15|387
PENG|2026-06-16|383
PENG|2026-06-17|385
PENG|2026-06-18|389
PENG|2026-06-22|391
PENG|2026-06-23|389
PENG|2026-06-24|390
PENG|2026-06-25|386
PENG|2026-06-26|388
PENG|2026-06-29|382
PENG|2026-06-30|387
PENG|2026-07-01|389
PENG|2026-07-02|391
PENG|2026-07-06|390
PENG|2026-07-07|391
PENG|2026-07-08|391
PENG|2026-07-09|391
PENG|2026-07-10|391
PENG|2026-07-13|387
PENG|2026-07-14|389
PENG|2026-07-15|391
PENG|2026-07-16|391
PENG|2026-07-17|391
PENG|2026-07-20|390
PENG|2026-07-21|390
PENG|2026-07-22|389
PENG|2026-07-23|388
PENG|2026-07-24|383
PENG|2026-07-27|384
PENG|2026-07-28|390
PENG|2026-07-29|388
PENG|2026-07-30|389
PENG|2026-07-31|384
PENG|2026-08-03|381
PENG|2026-08-04|382
PENG|2026-08-05|361
PGY|2026-05-07|390
PGY|2026-05-08|391
PGY|2026-05-11|391
PGY|2026-05-12|391
PGY|2026-05-13|388
PGY|2026-05-14|391
PGY|2026-05-15|390
PGY|2026-05-18|391
PGY|2026-05-19|390
PGY|2026-05-20|386
PGY|2026-05-21|390
PGY|2026-05-22|389
PGY|2026-05-26|387
PGY|2026-05-27|385
PGY|2026-05-28|386
PGY|2026-05-29|391
PGY|2026-06-01|391
PGY|2026-06-02|391
PGY|2026-06-03|389
PGY|2026-06-04|391
PGY|2026-06-05|391
PGY|2026-06-08|390
PGY|2026-06-09|391
PGY|2026-06-10|385
PGY|2026-06-11|391
PGY|2026-06-12|388
PGY|2026-06-15|389
PGY|2026-06-16|391
PGY|2026-06-17|391
PGY|2026-06-18|389
PGY|2026-06-22|387
PGY|2026-06-23|385
PGY|2026-06-24|390
PGY|2026-06-25|391
PGY|2026-06-26|391
PGY|2026-06-29|389
PGY|2026-06-30|391
PGY|2026-07-01|391
PGY|2026-07-02|391
PGY|2026-07-06|388
PGY|2026-07-30|391
PGY|2026-07-31|391
PGY|2026-08-03|391
PGY|2026-08-04|391
PGY|2026-08-05|390
PGY|2026-08-06|391
PGY|2026-08-07|386
PGY|2026-08-10|383
PGY|2026-08-11|385
PGY|2026-08-12|387
PGY|2026-08-13|386
PGY|2026-08-14|376
PGY|2026-08-17|384
PGY|2026-08-18|385
PGY|2026-08-19|382
PGY|2026-08-20|390
PGY|2026-08-21|391
PGY|2026-08-24|384
PGY|2026-08-25|386
PGY|2026-08-26|384
PGY|2026-08-27|386
PHR|2026-05-28|385
PHR|2026-05-29|375
PHR|2026-06-01|368
PHR|2026-06-02|347
PHR|2026-06-03|329
PHR|2026-06-04|342
PHR|2026-06-05|347
PHR|2026-06-08|323
PHR|2026-06-09|290
PHR|2026-06-10|353
PHR|2026-06-11|321
PHR|2026-06-12|314
PHR|2026-06-15|286
PHR|2026-06-16|308
PHR|2026-06-17|342
PHR|2026-06-18|314
PHR|2026-06-22|303
PHR|2026-06-23|308
PHR|2026-06-24|333
PHR|2026-06-25|290
PHR|2026-06-26|340
PHR|2026-08-07|339
PHR|2026-08-10|237
PHR|2026-08-11|310
PHR|2026-08-12|221
PHR|2026-08-13|229
PHR|2026-08-14|212
PHR|2026-08-17|311
PHR|2026-08-18|312
PHR|2026-08-19|335
PHR|2026-08-20|297
PHR|2026-08-21|308
PHR|2026-08-24|283
PHR|2026-08-25|321
PHR|2026-08-26|299
PHR|2026-08-27|279
PHR|2026-08-28|260
PLTR|2026-08-04|391
PLTR|2026-08-05|391
PLTR|2026-08-06|391
PLTR|2026-08-07|391
PLTR|2026-08-10|391
PLTR|2026-08-11|391
PLTR|2026-08-12|391
PLTR|2026-08-13|391
PLTR|2026-08-14|391
PLTR|2026-08-17|391
PLTR|2026-08-18|391
PLTR|2026-08-19|391
PLTR|2026-08-20|391
PLTR|2026-08-21|391
PLTR|2026-08-24|391
PLTR|2026-08-25|391
PLTR|2026-08-26|391
PLTR|2026-08-27|391
PLTR|2026-08-28|391
PLTR|2026-08-31|389
PONY|2026-05-26|390
PONY|2026-05-27|386
PONY|2026-05-28|390
PONY|2026-05-29|391
PONY|2026-06-01|391
PONY|2026-06-02|389
PONY|2026-06-03|390
PONY|2026-06-04|386
PONY|2026-06-05|391
PONY|2026-06-08|391
PONY|2026-06-09|389
PONY|2026-06-10|388
PONY|2026-06-11|387
PONY|2026-06-12|386
PONY|2026-06-15|387
PONY|2026-06-16|391
PONY|2026-06-17|385
PONY|2026-06-18|388
PONY|2026-06-22|389
PONY|2026-06-23|387
PONY|2026-06-24|383
POWI|2026-05-08|331
POWI|2026-05-11|346
POWI|2026-05-12|348
POWI|2026-05-13|361
POWI|2026-05-14|354
POWI|2026-05-15|329
POWI|2026-05-18|352
POWI|2026-05-19|337
POWI|2026-05-20|323
POWI|2026-05-21|335
POWI|2026-05-22|365
POWI|2026-05-26|381
POWI|2026-05-27|380
POWI|2026-05-28|358
POWI|2026-05-29|374
POWI|2026-06-01|328
POWI|2026-06-02|361
POWI|2026-06-03|353
POWI|2026-06-04|309
POWI|2026-06-05|349
POWI|2026-06-08|327
POWI|2026-06-09|342
POWI|2026-06-10|342
POWI|2026-06-11|321
POWI|2026-06-12|260
POWI|2026-06-15|291
POWI|2026-06-16|240
POWI|2026-06-17|312
POWI|2026-06-18|335
POWI|2026-06-22|348
POWI|2026-06-23|318
POWI|2026-06-24|300
POWI|2026-06-25|333
PPTA|2026-05-22|389
PPTA|2026-05-26|358
PPTA|2026-05-27|329
PPTA|2026-05-28|342
PPTA|2026-05-29|351
PPTA|2026-06-01|375
PPTA|2026-06-02|337
PPTA|2026-06-03|372
PPTA|2026-06-04|374
PPTA|2026-06-05|382
PPTA|2026-06-08|368
PPTA|2026-06-09|382
PPTA|2026-06-10|383
PPTA|2026-06-11|387
PPTA|2026-06-12|358
PPTA|2026-06-15|368
PPTA|2026-06-16|335
PPTA|2026-06-17|373
PPTA|2026-06-18|346
PPTA|2026-06-22|343
PPTA|2026-06-23|369
PPTA|2026-06-24|378
PPTA|2026-06-25|354
PPTA|2026-06-26|360
PPTA|2026-06-29|367
PPTA|2026-06-30|375
PPTA|2026-07-01|315
PPTA|2026-07-02|359
PPTA|2026-07-06|325
PPTA|2026-07-07|351
PPTA|2026-07-08|375
PPTA|2026-07-09|328
PPTA|2026-07-10|325
PPTA|2026-07-13|358
PPTA|2026-07-14|324
PPTA|2026-07-15|345
PRAA|2026-05-18|201
PRAA|2026-05-19|214
PRAA|2026-05-20|233
PRAA|2026-05-21|213
PRAA|2026-05-22|212
PRAA|2026-05-26|221
PRAA|2026-05-27|219
PRAA|2026-05-28|215
PRAA|2026-05-29|222
PRAA|2026-06-01|178
PRAA|2026-06-02|182
PRAA|2026-06-03|217
PRAA|2026-06-04|190
PRAA|2026-06-05|215
PRAA|2026-06-08|335
PRAA|2026-06-09|300
PRAA|2026-06-10|274
PRAA|2026-06-11|255
PRAA|2026-06-12|290
PRAA|2026-06-15|276
PRAA|2026-06-16|338
PRAA|2026-08-07|306
PRAA|2026-08-10|290
PRAA|2026-08-11|180
PRAA|2026-08-12|168
PRAA|2026-08-13|207
PRAA|2026-08-14|178
PRAA|2026-08-17|198
PRAA|2026-08-18|190
PRAA|2026-08-19|154
PRAA|2026-08-20|164
PRAA|2026-08-21|181
PRAA|2026-08-24|217
PRAA|2026-08-25|152
PRAA|2026-08-26|135
PRAA|2026-08-27|139
PRAA|2026-08-28|132
PRG|2026-04-29|335
PRG|2026-04-30|304
PRG|2026-05-01|288
PRG|2026-05-04|236
PRG|2026-05-05|241
PRG|2026-05-06|216
PRG|2026-05-07|229
PRG|2026-05-08|206
PRG|2026-05-11|211
PRG|2026-05-12|188
PRG|2026-05-13|185
PRG|2026-05-14|214
PRG|2026-05-15|258
PRG|2026-05-18|268
PRG|2026-05-19|222
PRG|2026-05-20|207
PRG|2026-05-21|231
PRG|2026-05-22|165
PRG|2026-05-26|231
PRG|2026-05-27|272
PRG|2026-05-28|239
PRG|2026-07-15|222
PRG|2026-07-16|228
PRG|2026-07-17|186
PRG|2026-07-20|194
PRG|2026-07-21|192
PRG|2026-07-22|209
PRG|2026-07-23|245
PRG|2026-07-24|205
PRG|2026-07-27|220
PRG|2026-07-28|227
PRG|2026-07-29|333
PRG|2026-07-30|261
PRG|2026-07-31|306
PRG|2026-08-03|269
PRG|2026-08-04|231
PRG|2026-08-05|215
PRG|2026-08-06|188
PRG|2026-08-07|211
PRG|2026-08-10|164
PRG|2026-08-11|218
PRG|2026-08-12|249
PRGO|2026-08-05|391
PRGO|2026-08-06|390
PRGO|2026-08-07|368
PRGO|2026-08-10|367
PRGO|2026-08-11|341
PRGO|2026-08-12|383
PRGO|2026-08-13|383
PRGO|2026-08-14|364
PRGO|2026-08-17|373
PRGO|2026-08-18|376
PRGO|2026-08-19|373
PRGO|2026-08-20|370
PRGO|2026-08-21|365
PRGO|2026-08-24|375
PRGO|2026-08-25|367
PRGO|2026-08-26|368
PRGO|2026-08-27|374
PRGO|2026-08-28|357
PSIX|2026-05-26|361
PSIX|2026-05-27|310
PSIX|2026-05-28|311
PSIX|2026-05-29|312
PSIX|2026-06-01|344
PSIX|2026-06-02|305
PSIX|2026-06-03|252
PSIX|2026-06-04|288
PSIX|2026-06-05|339
PSIX|2026-06-08|343
PSIX|2026-06-09|301
PSIX|2026-06-10|303
PSIX|2026-06-11|295
PSIX|2026-06-12|264
PSIX|2026-06-15|299
PSIX|2026-06-16|237
PSIX|2026-06-17|229
PSIX|2026-06-18|232
PSIX|2026-06-22|276
PSIX|2026-06-23|254
PSIX|2026-06-24|291
PSIX|2026-08-04|352
PSIX|2026-08-05|271
PSIX|2026-08-06|257
PSIX|2026-08-07|374
PSIX|2026-08-10|325
PSIX|2026-08-11|306
PSIX|2026-08-12|264
PSIX|2026-08-13|314
PSIX|2026-08-14|261
PSIX|2026-08-17|260
PSIX|2026-08-18|197
PSIX|2026-08-19|232
PSIX|2026-08-20|183
PSIX|2026-08-21|214
PSIX|2026-08-24|229
PSIX|2026-08-25|159
PSIX|2026-08-26|214
PSIX|2026-08-27|188
PSIX|2026-08-28|188
PUBM|2026-08-07|383
PUBM|2026-08-10|358
PUBM|2026-08-11|315
PUBM|2026-08-12|283
PUBM|2026-08-13|332
PUBM|2026-08-14|286
PUBM|2026-08-17|327
PUBM|2026-08-18|265
PUBM|2026-08-19|295
PUBM|2026-08-20|319
PUBM|2026-08-21|266
PUBM|2026-08-24|246
PUBM|2026-08-25|268
PUBM|2026-08-26|274
PUBM|2026-08-27|258
PUBM|2026-08-28|303
PWR|2026-04-30|390
PWR|2026-05-01|387
PWR|2026-05-04|383
PWR|2026-05-05|390
PWR|2026-05-06|389
PWR|2026-05-07|391
PWR|2026-05-08|391
PWR|2026-05-11|390
PWR|2026-05-12|390
PWR|2026-05-13|386
PWR|2026-05-14|367
PWR|2026-05-15|384
PWR|2026-05-18|390
PWR|2026-05-19|391
PWR|2026-05-20|388
PWR|2026-05-21|385
PWR|2026-05-22|388
PWR|2026-05-26|384
PWR|2026-05-27|384
PWR|2026-05-28|383
PWR|2026-05-29|390
PWR|2026-07-30|391
PWR|2026-07-31|391
PWR|2026-08-03|388
PWR|2026-08-04|389
PWR|2026-08-05|382
PWR|2026-08-06|382
PWR|2026-08-07|382
PWR|2026-08-10|374
PWR|2026-08-11|384
PWR|2026-08-12|387
PWR|2026-08-13|378
PWR|2026-08-14|373
PWR|2026-08-17|391
PWR|2026-08-18|388
PWR|2026-08-19|386
PWR|2026-08-20|382
PWR|2026-08-21|389
PWR|2026-08-24|391
PWR|2026-08-25|387
PWR|2026-08-26|371
PWR|2026-08-27|383
QBTS|2026-04-15|391
QBTS|2026-04-16|391
QBTS|2026-04-17|391
QBTS|2026-04-20|391
QBTS|2026-04-21|391
QBTS|2026-04-22|391
QBTS|2026-04-23|391
QBTS|2026-04-24|391
QBTS|2026-04-27|391
QBTS|2026-04-28|391
QBTS|2026-04-29|391
QBTS|2026-04-30|391
QBTS|2026-05-01|391
QBTS|2026-05-04|391
QBTS|2026-05-05|391
QBTS|2026-05-06|391
QBTS|2026-05-07|391
QBTS|2026-05-08|391
QBTS|2026-05-11|391
QBTS|2026-05-12|391
QBTS|2026-05-13|391
QBTS|2026-05-21|390
QBTS|2026-05-22|391
QBTS|2026-05-26|391
QBTS|2026-05-27|391
QBTS|2026-05-28|391
QBTS|2026-05-29|391
QBTS|2026-06-01|391
QBTS|2026-06-02|391
QBTS|2026-06-03|391
QBTS|2026-06-04|391
QBTS|2026-06-05|391
QBTS|2026-06-08|390
QBTS|2026-06-09|391
QBTS|2026-06-10|391
QBTS|2026-06-11|391
QBTS|2026-06-12|391
QBTS|2026-06-15|391
QBTS|2026-06-16|391
QBTS|2026-06-17|391
QBTS|2026-06-18|391
QBTS|2026-06-22|391
QBTS|2026-06-23|391
QBTS|2026-06-24|391
QBTS|2026-06-25|391
QBTS|2026-06-26|391
QBTS|2026-06-29|391
QBTS|2026-06-30|391
QBTS|2026-07-01|391
QBTS|2026-07-02|391
QBTS|2026-07-06|391
QBTS|2026-07-07|391
QBTS|2026-07-08|391
QBTS|2026-07-09|391
QBTS|2026-07-10|391
QBTS|2026-07-13|391
QBTS|2026-07-14|391
QBTS|2026-07-15|391
QBTS|2026-07-27|391
QBTS|2026-07-28|391
QBTS|2026-07-29|391
QBTS|2026-07-30|391
QBTS|2026-07-31|391
QBTS|2026-08-03|391
QBTS|2026-08-04|391
QBTS|2026-08-05|391
QBTS|2026-08-06|391
QBTS|2026-08-07|391
QBTS|2026-08-10|391
QBTS|2026-08-11|391
QBTS|2026-08-12|391
QBTS|2026-08-13|391
QBTS|2026-08-14|391
QBTS|2026-08-17|391
QBTS|2026-08-18|391
QBTS|2026-08-19|391
QBTS|2026-08-20|391
QBTS|2026-08-21|391
QBTS|2026-08-24|391
QBTS|2026-08-25|391
QBTS|2026-08-26|391
QBTS|2026-08-27|391
QBTS|2026-08-28|391
QBTS|2026-08-31|389
QDEL|2026-06-29|391
QDEL|2026-06-30|364
QDEL|2026-07-01|364
QDEL|2026-07-02|347
QDEL|2026-07-06|340
QDEL|2026-07-07|332
QDEL|2026-07-08|346
QDEL|2026-07-09|361
QDEL|2026-07-10|326
QDEL|2026-07-13|330
QDEL|2026-07-14|320
QDEL|2026-07-15|315
QDEL|2026-07-16|374
QDEL|2026-07-17|337
QDEL|2026-07-20|271
QDEL|2026-07-21|332
QDEL|2026-07-22|302
QDEL|2026-07-23|345
QDEL|2026-07-24|359
QDEL|2026-07-27|355
QDEL|2026-07-28|351
QFIN|2026-05-27|390
QFIN|2026-05-28|358
QFIN|2026-05-29|379
QFIN|2026-06-01|390
QFIN|2026-06-02|374
QFIN|2026-06-03|336
QFIN|2026-06-04|344
QFIN|2026-06-05|340
QFIN|2026-06-08|363
QFIN|2026-06-09|358
QFIN|2026-06-10|345
QFIN|2026-06-11|345
QFIN|2026-06-12|348
QFIN|2026-06-15|340
QFIN|2026-06-16|354
QFIN|2026-06-17|349
QFIN|2026-06-18|326
QFIN|2026-06-22|336
QFIN|2026-06-23|350
QFIN|2026-06-24|361
QFIN|2026-06-25|326
QNST|2026-08-07|388
QNST|2026-08-10|368
QNST|2026-08-11|375
QNST|2026-08-12|345
QNST|2026-08-13|331
QNST|2026-08-14|303
QNST|2026-08-17|301
QNST|2026-08-18|314
QNST|2026-08-19|299
QNST|2026-08-20|307
QNST|2026-08-21|295
QNST|2026-08-24|297
QNST|2026-08-25|351
QNST|2026-08-26|296
QNST|2026-08-27|335
QNST|2026-08-28|266
QUBT|2026-05-12|390
QUBT|2026-05-13|391
QUBT|2026-05-14|391
QUBT|2026-05-15|391
QUBT|2026-05-18|391
QUBT|2026-05-19|391
QUBT|2026-05-20|391
QUBT|2026-05-21|391
QUBT|2026-05-22|391
QUBT|2026-05-26|391
QUBT|2026-05-27|391
QUBT|2026-05-28|391
QUBT|2026-05-29|391
QUBT|2026-06-01|391
QUBT|2026-06-02|391
QUBT|2026-06-03|391
QUBT|2026-06-04|391
QUBT|2026-06-05|391
QUBT|2026-06-08|391
QUBT|2026-06-09|391
QUBT|2026-06-10|391
QUBT|2026-06-11|391
QUBT|2026-06-12|391
QUBT|2026-06-15|391
QUBT|2026-06-16|391
QUBT|2026-06-17|391
QUBT|2026-06-18|391
QUBT|2026-06-22|391
QUBT|2026-06-23|391
QUBT|2026-06-24|391
QUBT|2026-06-25|391
QUBT|2026-06-26|391
QUBT|2026-06-29|391
QUBT|2026-06-30|391
QUBT|2026-07-01|391
QUBT|2026-07-02|391
QUBT|2026-07-06|391
QUBT|2026-07-07|391
QUBT|2026-07-08|391
QUBT|2026-07-09|391
QUBT|2026-07-10|391
QUBT|2026-07-13|391
QUBT|2026-07-14|391
QUBT|2026-07-15|391
QURE|2026-04-30|389
QURE|2026-05-01|358
QURE|2026-05-04|342
QURE|2026-05-05|384
QURE|2026-05-06|376
QURE|2026-05-07|365
QURE|2026-05-08|379
QURE|2026-05-11|380
QURE|2026-05-12|374
QURE|2026-05-13|363
QURE|2026-05-14|358
QURE|2026-05-15|355
QURE|2026-05-18|376
QURE|2026-05-19|370
QURE|2026-05-20|313
QURE|2026-05-21|300
QURE|2026-05-22|313
QURE|2026-05-26|347
QURE|2026-05-27|275
QURE|2026-05-28|290
QURE|2026-05-29|365
QURE|2026-06-01|333
QURE|2026-06-02|335
QURE|2026-06-03|364
QURE|2026-06-04|382
QURE|2026-06-05|350
QURE|2026-06-08|312
QURE|2026-06-09|316
QURE|2026-06-10|365
QURE|2026-06-11|287
QURE|2026-06-12|279
QURE|2026-06-15|310
QURE|2026-06-16|283
QURE|2026-06-17|1
QURE|2026-06-18|385
QURE|2026-06-22|387
QURE|2026-06-23|385
QURE|2026-06-24|388
QURE|2026-06-25|389
QURE|2026-06-26|391
QURE|2026-06-29|390
QURE|2026-06-30|363
QURE|2026-07-01|368
QURE|2026-07-02|387
QURE|2026-07-06|366
QURE|2026-07-07|350
QURE|2026-07-08|368
QURE|2026-07-09|346
QURE|2026-07-10|354
QURE|2026-07-13|378
QURE|2026-07-14|354
QURE|2026-07-15|320
QURE|2026-07-16|353
QURE|2026-07-17|352
QURE|2026-07-20|342
QURE|2026-07-21|347
QURE|2026-07-22|332
QURE|2026-07-23|319
QURE|2026-07-24|368
RARE|2026-08-05|369
RARE|2026-08-06|378
RARE|2026-08-07|384
RARE|2026-08-10|384
RARE|2026-08-11|390
RARE|2026-08-12|364
RARE|2026-08-13|306
RARE|2026-08-14|339
RARE|2026-08-17|352
RARE|2026-08-18|365
RARE|2026-08-19|378
RARE|2026-08-20|388
RARE|2026-08-21|388
RARE|2026-08-24|348
RARE|2026-08-25|388
RARE|2026-08-26|353
RARE|2026-08-27|360
RARE|2026-08-28|348
RCAT|2026-05-28|1
RCAT|2026-05-29|391
RCAT|2026-06-01|391
RCAT|2026-06-02|391
RCAT|2026-06-03|391
RCAT|2026-06-04|391
RCAT|2026-06-05|391
RCAT|2026-06-08|391
RCAT|2026-06-09|391
RCAT|2026-06-10|391
RCAT|2026-06-11|391
RCAT|2026-06-12|391
RCAT|2026-06-15|391
RCAT|2026-06-16|391
RCAT|2026-06-17|391
RCAT|2026-06-18|391
RCAT|2026-06-22|391
RCAT|2026-06-23|391
RCAT|2026-06-24|391
RCAT|2026-06-25|391
RCAT|2026-06-26|391
RCAT|2026-06-29|391
RCAT|2026-06-30|391
RCAT|2026-07-01|391
RCAT|2026-07-02|391
RCAT|2026-07-06|391
RCAT|2026-08-14|391
RCAT|2026-08-17|391
RCAT|2026-08-18|390
RCAT|2026-08-19|391
RCAT|2026-08-20|391
RCAT|2026-08-21|389
RCAT|2026-08-24|391
RCAT|2026-08-25|391
RCAT|2026-08-26|388
RCAT|2026-08-27|391
RCAT|2026-08-28|391
RDDT|2026-05-01|391
RDDT|2026-05-04|391
RDDT|2026-05-05|390
RDDT|2026-05-06|389
RDDT|2026-05-07|390
RDDT|2026-05-08|391
RDDT|2026-05-11|390
RDDT|2026-05-12|390
RDDT|2026-05-13|391
RDDT|2026-05-14|390
RDDT|2026-05-15|389
RDDT|2026-05-18|391
RDDT|2026-05-19|391
RDDT|2026-05-20|391
RDDT|2026-05-21|391
RDDT|2026-05-22|391
RDDT|2026-05-26|390
RDDT|2026-05-27|389
RDDT|2026-05-28|391
RDDT|2026-05-29|390
RDDT|2026-06-01|390
RDDT|2026-08-14|391
RDDT|2026-08-17|391
RDDT|2026-08-18|390
RDDT|2026-08-19|391
RDDT|2026-08-20|391
RDDT|2026-08-21|391
RDDT|2026-08-24|390
RDDT|2026-08-25|391
RDDT|2026-08-26|391
RDDT|2026-08-27|390
RDDT|2026-08-28|389
RDW|2026-04-22|391
RDW|2026-04-23|391
RDW|2026-04-24|391
RDW|2026-04-27|391
RDW|2026-04-28|391
RDW|2026-04-29|391
RDW|2026-04-30|391
RDW|2026-05-01|391
RDW|2026-05-04|391
RDW|2026-05-05|391
RDW|2026-05-06|391
RDW|2026-05-07|391
RDW|2026-05-08|391
RDW|2026-05-11|391
RDW|2026-05-12|391
RDW|2026-05-13|391
RDW|2026-05-14|391
RDW|2026-05-15|391
RDW|2026-05-18|391
RDW|2026-05-19|391
RDW|2026-05-20|391
RDW|2026-05-21|391
RDW|2026-05-22|391
RDW|2026-05-26|391
RDW|2026-05-27|391
RDW|2026-05-28|391
RDW|2026-05-29|391
RDW|2026-06-01|391
RDW|2026-06-02|391
RDW|2026-06-03|391
RDW|2026-06-04|391
RDW|2026-06-05|391
RDW|2026-06-08|391
RDW|2026-06-09|391
RDW|2026-06-10|391
RDW|2026-06-11|391
RDW|2026-06-12|391
RDW|2026-06-15|391
RDW|2026-06-16|391
RDW|2026-06-17|391
RDW|2026-06-18|391
RDW|2026-06-22|391
RDW|2026-06-23|391
RDW|2026-06-24|391
RDW|2026-06-25|391
RDW|2026-06-30|391
RDW|2026-07-01|391
RDW|2026-07-02|391
RDW|2026-07-06|391
RDW|2026-07-07|391
RDW|2026-07-08|391
RDW|2026-07-09|391
RDW|2026-07-10|391
RDW|2026-07-13|391
RDW|2026-07-14|391
RDW|2026-07-15|391
RDW|2026-07-16|391
RDW|2026-07-17|391
RDW|2026-07-20|391
RDW|2026-07-21|391
RDW|2026-07-22|391
RDW|2026-07-23|391
RDW|2026-07-24|391
RDW|2026-07-27|391
RDW|2026-07-28|391
RDW|2026-07-29|391
RDW|2026-08-06|391
RDW|2026-08-07|391
RDW|2026-08-10|391
RDW|2026-08-11|391
RDW|2026-08-12|391
RDW|2026-08-13|391
RDW|2026-08-14|391
RDW|2026-08-17|391
RDW|2026-08-18|391
RDW|2026-08-19|391
RDW|2026-08-20|391
RDW|2026-08-21|391
RDW|2026-08-24|391
RDW|2026-08-25|391
RDW|2026-08-26|391
RDW|2026-08-27|391
RDW|2026-08-28|391
RIOT|2026-05-01|391
RIOT|2026-05-04|391
RIOT|2026-05-05|391
RIOT|2026-05-06|391
RIOT|2026-05-07|391
RIOT|2026-05-08|391
RIOT|2026-05-11|391
RIOT|2026-05-12|391
RIOT|2026-05-13|391
RIOT|2026-05-14|391
RIOT|2026-05-15|391
RIOT|2026-05-18|391
RIOT|2026-05-19|391
RIOT|2026-05-20|391
RIOT|2026-05-21|391
RIOT|2026-05-22|391
RIOT|2026-05-26|391
RIOT|2026-05-27|391
RIOT|2026-05-28|391
RIOT|2026-05-29|391
RIOT|2026-06-01|391
RIOT|2026-06-02|391
RIOT|2026-06-03|391
RIOT|2026-06-04|391
RIOT|2026-07-30|391
RIOT|2026-07-31|391
RIOT|2026-08-03|391
RIOT|2026-08-04|391
RIOT|2026-08-05|391
RIOT|2026-08-06|391
RIOT|2026-08-07|391
RIOT|2026-08-10|391
RIOT|2026-08-11|391
RIOT|2026-08-12|391
RIOT|2026-08-13|391
RIOT|2026-08-14|391
RIOT|2026-08-17|391
RIOT|2026-08-18|391
RIOT|2026-08-19|391
RIOT|2026-08-20|391
RIOT|2026-08-21|391
RIOT|2026-08-24|391
RIOT|2026-08-25|391
RIOT|2026-08-26|391
RIOT|2026-08-27|391
RIOT|2026-08-28|391
RLAY|2026-05-19|391
RLAY|2026-05-20|391
RLAY|2026-05-21|391
RLAY|2026-05-22|389
RLAY|2026-05-26|387
RLAY|2026-05-27|388
RLAY|2026-05-28|381
RLAY|2026-05-29|385
RLAY|2026-06-01|385
RLAY|2026-06-02|388
RLAY|2026-06-03|386
RLAY|2026-06-04|389
RLAY|2026-06-05|388
RLAY|2026-06-08|391
RLAY|2026-06-09|383
RLAY|2026-06-10|380
RLAY|2026-06-11|385
RLAY|2026-06-12|387
RLAY|2026-06-15|376
RLAY|2026-06-16|374
RLAY|2026-06-17|391
RLAY|2026-06-18|389
RLAY|2026-06-22|391
RLAY|2026-06-23|379
RLAY|2026-06-24|389
RLAY|2026-06-25|386
RLAY|2026-06-26|390
RLAY|2026-06-29|388
RLAY|2026-06-30|389
RLAY|2026-07-01|381
ROCK|2026-08-05|285
ROCK|2026-08-06|292
ROCK|2026-08-07|155
ROCK|2026-08-10|168
ROCK|2026-08-11|112
ROCK|2026-08-12|152
ROCK|2026-08-13|103
ROCK|2026-08-14|116
ROCK|2026-08-17|124
ROCK|2026-08-18|126
ROCK|2026-08-19|127
ROCK|2026-08-20|126
ROCK|2026-08-21|165
ROCK|2026-08-24|115
ROCK|2026-08-25|139
ROCK|2026-08-26|134
ROCK|2026-08-27|142
ROCK|2026-08-28|151
RPD|2026-08-11|391
RPD|2026-08-12|390
RPD|2026-08-13|385
RPD|2026-08-14|373
RPD|2026-08-17|374
RPD|2026-08-18|344
RPD|2026-08-19|342
RPD|2026-08-20|352
RPD|2026-08-21|321
RPD|2026-08-24|355
RPD|2026-08-25|365
RPD|2026-08-26|354
RPD|2026-08-27|376
RPD|2026-08-28|366
RUM|2026-06-04|1
RUM|2026-06-05|391
RUM|2026-06-08|386
RUM|2026-06-09|390
RUM|2026-06-10|387
RUM|2026-06-11|389
RUM|2026-06-12|385
RUM|2026-06-15|382
RUM|2026-06-16|373
RUM|2026-06-17|378
RUM|2026-06-18|391
RUM|2026-06-22|389
RUM|2026-06-23|387
RUM|2026-06-24|391
RUM|2026-06-25|386
RUM|2026-06-26|386
RUM|2026-06-29|390
RUM|2026-06-30|387
RUM|2026-07-01|384
RUM|2026-07-02|388
RUM|2026-07-06|387
RUM|2026-07-07|386
RUM|2026-07-08|386
RUM|2026-07-09|386
RUM|2026-07-10|369
RUM|2026-07-13|388
RUM|2026-07-14|382
RUM|2026-07-15|368
RUM|2026-07-16|379
RUM|2026-07-17|377
RUM|2026-07-20|380
RUM|2026-08-24|391
RXT|2026-05-11|391
RXT|2026-05-12|391
RXT|2026-05-13|391
RXT|2026-05-14|391
RXT|2026-05-15|391
RXT|2026-05-18|391
RXT|2026-05-19|391
RXT|2026-05-20|391
RXT|2026-05-21|391
RXT|2026-05-22|391
RXT|2026-05-26|391
RXT|2026-05-27|391
RXT|2026-05-28|391
RXT|2026-05-29|391
RXT|2026-06-01|391
RXT|2026-06-02|391
RXT|2026-06-03|391
RXT|2026-06-04|391
RXT|2026-06-05|391
RXT|2026-06-08|391
RXT|2026-06-09|391
RXT|2026-06-16|1
RXT|2026-06-17|391
RXT|2026-06-18|391
RXT|2026-06-22|391
RXT|2026-06-23|391
RXT|2026-06-24|391
RXT|2026-06-25|391
RXT|2026-06-26|391
RXT|2026-06-29|391
RXT|2026-06-30|391
RXT|2026-07-01|391
RXT|2026-07-02|391
RXT|2026-07-06|391
RXT|2026-07-07|391
RXT|2026-07-08|391
RXT|2026-07-09|391
RXT|2026-07-10|391
RXT|2026-07-13|391
RXT|2026-07-14|391
RXT|2026-07-15|391
RXT|2026-07-16|391
RXT|2026-07-17|391
RXT|2026-07-20|391
RXT|2026-07-21|391
RXT|2026-07-22|391
RXT|2026-07-23|390
RXT|2026-07-24|391
RXT|2026-07-27|391
RXT|2026-07-28|388
RXT|2026-07-29|390
RXT|2026-07-30|390
RXT|2026-07-31|389
RXT|2026-08-03|391
RXT|2026-08-04|391
RXT|2026-08-05|390
SAIC|2026-06-01|375
SAIC|2026-06-02|333
SAIC|2026-06-03|282
SAIC|2026-06-04|275
SAIC|2026-06-05|284
SAIC|2026-06-08|203
SAIC|2026-06-09|247
SAIC|2026-06-10|229
SAIC|2026-06-11|234
SAIC|2026-06-12|303
SAIC|2026-06-15|299
SAIC|2026-06-16|263
SAIC|2026-06-17|275
SAIC|2026-06-18|292
SAIC|2026-06-22|328
SAIC|2026-06-23|308
SAIC|2026-06-24|344
SAIC|2026-06-25|292
SAIC|2026-06-26|268
SAIC|2026-06-29|276
SAIC|2026-06-30|275
SAIC|2026-08-31|359
SCSC|2026-08-20|306
SCSC|2026-08-21|255
SCSC|2026-08-24|185
SCSC|2026-08-25|211
SCSC|2026-08-26|165
SCSC|2026-08-27|147
SCSC|2026-08-28|169
SE|2026-05-12|391
SE|2026-05-13|391
SE|2026-05-14|390
SE|2026-05-15|391
SE|2026-05-18|391
SE|2026-05-19|391
SE|2026-05-20|390
SE|2026-05-21|391
SE|2026-05-22|391
SE|2026-05-26|391
SE|2026-05-27|391
SE|2026-05-28|391
SE|2026-05-29|391
SE|2026-06-01|391
SE|2026-06-02|391
SE|2026-06-03|391
SE|2026-06-04|388
SE|2026-06-05|391
SE|2026-06-08|391
SE|2026-06-09|391
SE|2026-06-10|391
SE|2026-08-11|391
SE|2026-08-12|390
SE|2026-08-13|390
SE|2026-08-14|384
SE|2026-08-17|391
SE|2026-08-18|389
SE|2026-08-19|387
SE|2026-08-20|388
SE|2026-08-21|366
SE|2026-08-24|386
SE|2026-08-25|383
SE|2026-08-26|386
SE|2026-08-27|387
SE|2026-08-28|384
SEDG|2026-06-30|389
SEDG|2026-07-01|384
SEDG|2026-07-02|386
SEDG|2026-07-06|384
SEDG|2026-07-07|390
SEDG|2026-07-08|390
SEDG|2026-07-09|369
SEDG|2026-07-10|333
SEDG|2026-07-13|361
SEDG|2026-07-14|391
SEDG|2026-07-15|384
SEDG|2026-07-16|364
SEDG|2026-07-17|364
SEDG|2026-07-20|389
SEDG|2026-07-21|366
SEDG|2026-07-22|352
SEDG|2026-07-23|385
SEDG|2026-07-24|379
SEDG|2026-07-27|376
SEDG|2026-07-28|390
SEDG|2026-07-29|386
SG|2026-05-22|390
SG|2026-05-26|391
SG|2026-05-27|391
SG|2026-05-28|390
SG|2026-05-29|391
SG|2026-06-01|391
SG|2026-06-02|391
SG|2026-06-03|391
SG|2026-06-04|383
SG|2026-06-05|390
SG|2026-06-08|390
SG|2026-06-09|387
SG|2026-06-10|389
SG|2026-06-11|390
SG|2026-06-12|391
SG|2026-06-15|390
SG|2026-06-16|389
SG|2026-06-17|389
SG|2026-06-18|391
SG|2026-06-22|386
SG|2026-06-23|386
SG|2026-06-24|390
SG|2026-06-25|390
SG|2026-07-17|390
SG|2026-07-20|391
SG|2026-07-21|391
SG|2026-07-22|391
SG|2026-07-23|386
SG|2026-07-24|387
SG|2026-07-27|389
SG|2026-07-28|387
SG|2026-07-29|385
SG|2026-07-30|389
SG|2026-07-31|382
SG|2026-08-03|391
SG|2026-08-04|391
SG|2026-08-05|391
SG|2026-08-06|390
SG|2026-08-07|391
SG|2026-08-10|390
SG|2026-08-11|390
SG|2026-08-12|391
SG|2026-08-13|390
SG|2026-08-14|383
SHAZ|2026-05-14|325
SHAZ|2026-05-15|282
SHAZ|2026-05-18|365
SHAZ|2026-05-19|324
SHAZ|2026-05-20|281
SHAZ|2026-05-21|293
SHAZ|2026-05-22|373
SHAZ|2026-05-26|292
SHAZ|2026-05-27|245
SHAZ|2026-05-28|291
SHAZ|2026-05-29|271
SHAZ|2026-06-01|215
SHAZ|2026-06-02|277
SHAZ|2026-06-03|259
SHAZ|2026-06-04|213
SHAZ|2026-06-05|316
SHAZ|2026-06-08|313
SHAZ|2026-06-09|324
SHAZ|2026-06-10|308
SHAZ|2026-06-11|309
SHAZ|2026-06-12|1
SHAZ|2026-06-15|266
SHAZ|2026-06-16|280
SHAZ|2026-06-17|374
SHAZ|2026-06-18|362
SHAZ|2026-06-22|355
SHAZ|2026-06-23|349
SHAZ|2026-06-24|336
SHAZ|2026-06-25|342
SHAZ|2026-06-26|267
SHAZ|2026-06-29|316
SHAZ|2026-06-30|390
SHAZ|2026-07-01|370
SHAZ|2026-07-02|386
SHAZ|2026-07-06|391
SHAZ|2026-07-07|382
SHAZ|2026-07-08|385
SHAZ|2026-07-09|383
SHAZ|2026-07-10|379
SHAZ|2026-07-13|391
SHAZ|2026-07-14|382
SHAZ|2026-07-15|367
SHAZ|2026-07-16|386
SHAZ|2026-07-17|385
SHAZ|2026-07-20|384
SHAZ|2026-07-21|390
SHAZ|2026-07-22|374
SHAZ|2026-07-23|344
SHAZ|2026-07-24|385
SHAZ|2026-07-27|387
SHAZ|2026-07-28|387
SHAZ|2026-07-29|389
SHAZ|2026-07-30|389
SHAZ|2026-07-31|387
SHAZ|2026-08-03|389
SHAZ|2026-08-04|382
SHAZ|2026-08-05|379
SHAZ|2026-08-06|359
SHAZ|2026-08-07|373
SHAZ|2026-08-10|373
SHAZ|2026-08-11|361
SHAZ|2026-08-12|387
SHAZ|2026-08-13|386
SHAZ|2026-08-14|378
SHAZ|2026-08-17|391
SHAZ|2026-08-18|391
SHAZ|2026-08-19|389
SHAZ|2026-08-20|361
SHAZ|2026-08-21|380
SHAZ|2026-08-24|361
SHAZ|2026-08-25|296
SHAZ|2026-08-26|295
SHAZ|2026-08-27|365
SHAZ|2026-08-28|384
SIBN|2026-05-12|371
SIBN|2026-05-13|328
SIBN|2026-05-14|301
SIBN|2026-05-15|327
SIBN|2026-05-18|299
SIBN|2026-05-19|273
SIBN|2026-05-20|249
SIBN|2026-05-21|245
SIBN|2026-05-22|199
SIBN|2026-05-26|197
SIBN|2026-05-27|256
SIBN|2026-05-28|223
SIBN|2026-05-29|187
SIBN|2026-06-01|276
SIBN|2026-06-02|257
SIBN|2026-06-03|260
SIBN|2026-06-04|237
SIBN|2026-06-05|207
SIBN|2026-06-08|189
SIBN|2026-06-09|198
SIBN|2026-06-10|247
SIMO|2026-04-29|384
SIMO|2026-04-30|374
SIMO|2026-05-01|373
SIMO|2026-05-04|369
SIMO|2026-05-05|383
SIMO|2026-05-06|365
SIMO|2026-05-07|369
SIMO|2026-05-08|368
SIMO|2026-05-11|390
SIMO|2026-05-12|352
SIMO|2026-05-13|356
SIMO|2026-05-14|344
SIMO|2026-05-15|357
SIMO|2026-05-18|366
SIMO|2026-05-19|377
SIMO|2026-05-20|348
SIMO|2026-05-21|305
SIMO|2026-05-22|325
SIMO|2026-05-26|371
SIMO|2026-05-27|343
SIMO|2026-05-28|367
SIMO|2026-07-30|391
SIMO|2026-07-31|367
SIMO|2026-08-03|357
SIMO|2026-08-04|326
SIMO|2026-08-05|330
SIMO|2026-08-06|343
SIMO|2026-08-07|280
SIMO|2026-08-10|381
SIMO|2026-08-11|367
SIMO|2026-08-12|357
SIMO|2026-08-13|351
SIMO|2026-08-14|308
SIMO|2026-08-17|348
SIMO|2026-08-18|321
SIMO|2026-08-19|327
SIMO|2026-08-20|288
SIMO|2026-08-21|344
SIMO|2026-08-24|362
SIMO|2026-08-25|238
SIMO|2026-08-26|316
SIMO|2026-08-27|276
SITM|2026-05-07|378
SITM|2026-05-08|363
SITM|2026-05-11|370
SITM|2026-05-12|375
SITM|2026-05-13|368
SITM|2026-05-14|312
SITM|2026-05-15|345
SITM|2026-05-18|344
SITM|2026-05-19|384
SITM|2026-05-20|380
SITM|2026-05-21|367
SITM|2026-05-22|335
SITM|2026-05-26|389
SITM|2026-05-27|321
SITM|2026-05-28|342
SITM|2026-05-29|356
SITM|2026-06-01|333
SITM|2026-06-02|334
SITM|2026-06-03|372
SITM|2026-06-04|318
SITM|2026-06-05|377
SITM|2026-08-06|371
SITM|2026-08-07|366
SITM|2026-08-10|367
SITM|2026-08-11|307
SITM|2026-08-12|347
SITM|2026-08-13|304
SITM|2026-08-14|293
SITM|2026-08-17|324
SITM|2026-08-18|334
SITM|2026-08-19|354
SITM|2026-08-20|346
SITM|2026-08-21|304
SITM|2026-08-24|339
SITM|2026-08-25|338
SITM|2026-08-26|296
SITM|2026-08-27|264
SITM|2026-08-28|354
SKM|2026-06-01|391
SKM|2026-06-02|386
SKM|2026-06-03|381
SKM|2026-06-04|390
SKM|2026-06-05|390
SKM|2026-06-08|384
SKM|2026-06-09|391
SKM|2026-06-10|388
SKM|2026-06-11|391
SKM|2026-06-12|389
SKM|2026-06-15|387
SKM|2026-06-16|390
SKM|2026-06-17|383
SKM|2026-06-18|390
SKM|2026-06-22|389
SKM|2026-06-23|391
SKM|2026-06-24|387
SKM|2026-06-25|384
SKM|2026-06-26|382
SKM|2026-06-29|370
SKM|2026-06-30|364
SKM|2026-08-04|378
SKM|2026-08-05|383
SKM|2026-08-06|368
SKM|2026-08-07|345
SKM|2026-08-10|358
SKM|2026-08-11|351
SKM|2026-08-12|351
SKM|2026-08-13|373
SKM|2026-08-14|384
SKM|2026-08-17|379
SKM|2026-08-18|374
SKM|2026-08-19|361
SKM|2026-08-20|332
SKM|2026-08-21|376
SKM|2026-08-24|382
SKM|2026-08-25|367
SKM|2026-08-26|319
SKM|2026-08-27|370
SKM|2026-08-28|366
SLN|2026-08-10|389
SLN|2026-08-11|375
SLN|2026-08-12|389
SLN|2026-08-13|363
SLN|2026-08-14|347
SLN|2026-08-17|307
SLN|2026-08-18|304
SLN|2026-08-19|319
SLN|2026-08-20|290
SLN|2026-08-21|305
SLN|2026-08-24|281
SLN|2026-08-25|273
SLN|2026-08-26|203
SLN|2026-08-27|211
SLN|2026-08-28|272
SLS|2026-05-13|390
SLS|2026-05-14|391
SLS|2026-05-15|389
SLS|2026-05-18|391
SLS|2026-05-19|390
SLS|2026-05-20|391
SLS|2026-05-21|391
SLS|2026-05-22|391
SLS|2026-05-26|391
SLS|2026-05-27|391
SLS|2026-05-28|391
SLS|2026-05-29|391
SLS|2026-06-01|391
SLS|2026-06-02|391
SLS|2026-06-03|391
SLS|2026-06-04|391
SLS|2026-06-05|391
SLS|2026-06-08|390
SLS|2026-06-09|391
SLS|2026-06-10|391
SLS|2026-06-11|390
SLS|2026-06-12|389
SLS|2026-06-15|391
SLS|2026-06-16|389
SLS|2026-06-17|391
SLS|2026-06-18|391
SLS|2026-06-29|391
SLS|2026-06-30|391
SLS|2026-07-01|391
SLS|2026-07-02|391
SLS|2026-07-06|391
SLS|2026-07-07|391
SLS|2026-07-08|391
SLS|2026-07-09|390
SLS|2026-07-10|391
SLS|2026-07-13|391
SLS|2026-07-14|391
SLS|2026-07-15|390
SLS|2026-07-16|391
SLS|2026-07-17|391
SLS|2026-07-20|390
SLS|2026-07-21|391
SLS|2026-07-22|389
SLS|2026-07-23|391
SLS|2026-07-24|390
SLS|2026-07-27|391
SLS|2026-07-28|391
SMCI|2026-05-06|390
SMCI|2026-05-07|391
SMCI|2026-05-08|391
SMCI|2026-05-11|391
SMCI|2026-05-12|391
SMCI|2026-05-13|391
SMCI|2026-05-14|391
SMCI|2026-05-15|391
SMCI|2026-05-18|391
SMCI|2026-05-19|391
SMCI|2026-05-20|391
SMCI|2026-05-21|391
SMCI|2026-05-22|391
SMCI|2026-05-26|391
SMCI|2026-05-27|391
SMCI|2026-05-28|391
SMCI|2026-05-29|391
SMCI|2026-06-01|391
SMCI|2026-06-02|391
SMCI|2026-06-03|391
SMCI|2026-06-04|391
SMCI|2026-06-05|391
SMCI|2026-06-08|391
SMCI|2026-06-09|391
SMCI|2026-06-10|391
SMCI|2026-06-11|391
SMCI|2026-06-12|1
SMCI|2026-06-15|391
SMCI|2026-06-16|391
SMCI|2026-06-17|391
SMCI|2026-06-18|391
SMCI|2026-06-22|391
SMCI|2026-06-23|391
SMCI|2026-06-24|391
SMCI|2026-06-25|391
SMCI|2026-06-26|391
SMCI|2026-06-29|391
SMCI|2026-06-30|391
SMCI|2026-07-01|391
SMCI|2026-07-02|391
SMCI|2026-07-06|391
SMCI|2026-07-07|391
SMCI|2026-07-08|391
SMCI|2026-07-09|391
SMCI|2026-07-10|391
SMCI|2026-07-13|391
SMCI|2026-07-14|391
SMCI|2026-07-15|391
SMCI|2026-07-16|391
SMCI|2026-07-17|391
SMCI|2026-07-20|391
SMCI|2026-07-21|391
SMCI|2026-07-22|390
SMCI|2026-07-23|390
SMCI|2026-07-24|390
SMCI|2026-07-27|391
SMCI|2026-07-28|391
SMCI|2026-07-29|391
SMCI|2026-07-30|391
SMCI|2026-07-31|391
SMCI|2026-08-03|391
SMCI|2026-08-04|391
SMCI|2026-08-05|391
SMCI|2026-08-06|391
SMCI|2026-08-07|391
SMCI|2026-08-10|391
SMCI|2026-08-11|391
SMCI|2026-08-12|391
SMCI|2026-08-13|391
SMCI|2026-08-14|391
SMCI|2026-08-17|391
SMCI|2026-08-18|391
SMCI|2026-08-19|391
SMCI|2026-08-20|391
SMCI|2026-08-21|391
SMCI|2026-08-24|391
SMCI|2026-08-25|391
SMCI|2026-08-26|391
SMCI|2026-08-27|391
SMCI|2026-08-28|391
SNOW|2026-05-07|391
SNOW|2026-05-08|391
SNOW|2026-05-11|391
SNOW|2026-05-12|391
SNOW|2026-05-13|391
SNOW|2026-05-14|391
SNOW|2026-05-15|391
SNOW|2026-05-18|391
SNOW|2026-05-19|391
SNOW|2026-05-20|391
SNOW|2026-05-21|391
SNOW|2026-05-22|391
SNOW|2026-05-26|391
SNOW|2026-05-27|391
SNOW|2026-05-28|390
SNOW|2026-05-29|391
SNOW|2026-06-01|391
SNOW|2026-06-02|391
SNOW|2026-06-03|391
SNOW|2026-06-04|391
SNOW|2026-06-05|391
SNOW|2026-06-08|391
SNOW|2026-06-09|391
SNOW|2026-06-10|391
SNOW|2026-06-11|391
SNOW|2026-06-12|391
SNOW|2026-06-15|391
SNOW|2026-06-16|391
SNOW|2026-06-17|391
SNOW|2026-06-18|391
SNOW|2026-06-22|391
SNOW|2026-06-23|391
SNOW|2026-06-24|390
SNOW|2026-06-25|391
SNOW|2026-06-26|391
SNX|2026-06-25|1
SNX|2026-06-26|358
SNX|2026-06-29|345
SNX|2026-06-30|317
SNX|2026-07-01|307
SNX|2026-07-02|344
SNX|2026-07-06|337
SNX|2026-07-07|328
SNX|2026-07-08|366
SNX|2026-07-09|295
SNX|2026-07-10|305
SNX|2026-07-13|273
SNX|2026-07-14|237
SNX|2026-07-15|289
SNX|2026-07-16|272
SNX|2026-07-17|284
SNX|2026-07-20|255
SNX|2026-07-21|269
SNX|2026-07-22|276
SNX|2026-07-23|283
SNX|2026-07-24|327
SOLS|2026-08-28|391
SOLS|2026-08-31|389
SOUN|2026-08-06|391
SOUN|2026-08-07|391
SOUN|2026-08-10|391
SOUN|2026-08-11|391
SOUN|2026-08-12|391
SOUN|2026-08-13|391
SOUN|2026-08-14|391
SOUN|2026-08-17|391
SOUN|2026-08-18|391
SOUN|2026-08-19|391
SOUN|2026-08-20|391
SOUN|2026-08-21|391
SOUN|2026-08-24|391
SOUN|2026-08-25|391
SOUN|2026-08-26|391
SOUN|2026-08-27|391
SOUN|2026-08-28|391
STAA|2026-05-14|384
STAA|2026-05-15|332
STAA|2026-05-18|327
STAA|2026-05-19|312
STAA|2026-05-20|303
STAA|2026-05-21|253
STAA|2026-05-22|267
STAA|2026-05-26|317
STAA|2026-05-27|359
STAA|2026-05-28|328
STAA|2026-05-29|366
STAA|2026-06-01|287
STAA|2026-06-02|232
STAA|2026-06-03|224
STAA|2026-06-04|243
STAA|2026-06-05|264
STAA|2026-06-08|263
STAA|2026-06-09|308
STAA|2026-06-10|264
STAA|2026-06-11|230
STAA|2026-06-12|203
STC|2026-05-19|89
STC|2026-05-20|136
STC|2026-05-21|104
STC|2026-05-22|106
STC|2026-05-26|78
STC|2026-05-27|71
STC|2026-05-28|86
STC|2026-05-29|75
STC|2026-06-01|137
STC|2026-06-02|139
STC|2026-06-03|179
STC|2026-06-04|199
STC|2026-06-05|92
STC|2026-06-08|59
STC|2026-06-09|82
STC|2026-06-10|111
STC|2026-06-11|108
STC|2026-06-12|121
STC|2026-06-15|121
STC|2026-06-16|101
STC|2026-06-17|146
STDN|2026-08-10|363
STDN|2026-08-11|371
STDN|2026-08-12|325
STDN|2026-08-13|286
STDN|2026-08-14|361
STDN|2026-08-17|280
STDN|2026-08-18|304
STDN|2026-08-19|305
STDN|2026-08-20|223
STDN|2026-08-21|241
STDN|2026-08-24|273
STDN|2026-08-25|374
STDN|2026-08-26|330
STDN|2026-08-27|306
STDN|2026-08-28|300
STUB|2026-05-14|391
STUB|2026-05-15|391
STUB|2026-05-18|391
STUB|2026-05-19|387
STUB|2026-05-20|391
STUB|2026-05-21|391
STUB|2026-05-22|391
STUB|2026-05-26|391
STUB|2026-05-27|376
STUB|2026-05-28|390
STUB|2026-05-29|387
STUB|2026-06-01|385
STUB|2026-06-02|390
STUB|2026-06-03|382
STUB|2026-06-04|380
STUB|2026-06-05|391
STUB|2026-06-08|385
STUB|2026-06-09|390
STUB|2026-06-10|389
STUB|2026-06-11|390
STUB|2026-06-12|391
SWBI|2026-06-18|1
SWBI|2026-06-22|370
SWBI|2026-06-23|353
SWBI|2026-06-24|306
SWBI|2026-06-25|310
SWBI|2026-06-26|306
SWBI|2026-06-29|304
SWBI|2026-06-30|310
SWBI|2026-07-01|279
SWBI|2026-07-02|298
SWBI|2026-07-06|297
SWBI|2026-07-07|238
SWBI|2026-07-08|263
SWBI|2026-07-09|238
SWBI|2026-07-10|232
SWBI|2026-07-13|254
SWBI|2026-07-14|252
SWBI|2026-07-15|275
SWBI|2026-07-16|225
SWBI|2026-07-17|251
SWBI|2026-07-20|218
SYRE|2026-04-13|385
SYRE|2026-04-14|374
SYRE|2026-04-15|388
SYRE|2026-04-16|365
SYRE|2026-04-17|365
SYRE|2026-04-20|309
SYRE|2026-04-21|378
SYRE|2026-04-22|335
SYRE|2026-04-23|272
SYRE|2026-04-24|241
SYRE|2026-04-27|278
SYRE|2026-04-28|299
SYRE|2026-04-29|367
SYRE|2026-04-30|308
SYRE|2026-05-01|351
SYRE|2026-05-04|308
SYRE|2026-05-05|262
SYRE|2026-05-06|270
SYRE|2026-05-07|311
SYRE|2026-05-08|281
SYRE|2026-05-11|304
SYRE|2026-06-22|1
SYRE|2026-06-23|377
SYRE|2026-06-24|391
SYRE|2026-06-25|385
SYRE|2026-06-26|376
SYRE|2026-06-29|380
SYRE|2026-06-30|352
SYRE|2026-07-01|369
SYRE|2026-07-02|319
SYRE|2026-07-06|369
SYRE|2026-07-07|367
SYRE|2026-07-08|370
SYRE|2026-07-09|380
SYRE|2026-07-10|320
SYRE|2026-07-13|366
SYRE|2026-07-14|385
SYRE|2026-07-15|369
SYRE|2026-07-16|363
SYRE|2026-07-17|353
SYRE|2026-07-20|303
SYRE|2026-07-21|302
SYRE|2026-07-22|287
SYRE|2026-07-23|355
SYRE|2026-07-24|294
SYRE|2026-07-27|317
SYRE|2026-07-28|323
TASK|2026-05-05|227
TASK|2026-05-06|354
TASK|2026-05-07|359
TASK|2026-05-08|268
TASK|2026-05-11|322
TASK|2026-05-12|268
TASK|2026-05-13|302
TASK|2026-05-14|260
TASK|2026-05-15|288
TASK|2026-05-18|288
TASK|2026-05-19|282
TASK|2026-05-20|265
TASK|2026-05-21|268
TASK|2026-05-22|235
TASK|2026-05-26|223
TASK|2026-05-27|276
TASK|2026-05-28|191
TASK|2026-05-29|206
TASK|2026-06-01|264
TASK|2026-06-02|188
TASK|2026-06-03|233
TASK|2026-08-06|375
TASK|2026-08-07|340
TASK|2026-08-10|311
TASK|2026-08-11|235
TASK|2026-08-12|246
TASK|2026-08-13|343
TASK|2026-08-14|304
TASK|2026-08-17|272
TASK|2026-08-18|321
TASK|2026-08-19|318
TASK|2026-08-20|239
TASK|2026-08-21|196
TASK|2026-08-24|184
TASK|2026-08-25|165
TASK|2026-08-26|179
TASK|2026-08-27|204
TASK|2026-08-28|280
TATT|2026-05-20|264
TATT|2026-05-21|195
TATT|2026-05-22|134
TATT|2026-05-26|202
TATT|2026-05-27|135
TATT|2026-05-28|110
TATT|2026-05-29|199
TATT|2026-06-01|145
TATT|2026-06-02|196
TATT|2026-06-03|188
TATT|2026-06-04|220
TATT|2026-06-05|223
TATT|2026-06-08|171
TATT|2026-06-09|157
TATT|2026-06-10|115
TATT|2026-06-11|159
TATT|2026-06-12|159
TATT|2026-06-15|117
TATT|2026-06-16|119
TATT|2026-06-17|220
TATT|2026-06-18|110
TATT|2026-08-05|242
TATT|2026-08-06|214
TATT|2026-08-07|145
TATT|2026-08-10|148
TATT|2026-08-11|121
TATT|2026-08-12|141
TATT|2026-08-13|151
TATT|2026-08-14|169
TATT|2026-08-17|87
TATT|2026-08-18|93
TATT|2026-08-19|100
TATT|2026-08-20|168
TATT|2026-08-21|111
TATT|2026-08-24|256
TATT|2026-08-25|89
TATT|2026-08-26|89
TATT|2026-08-27|158
TATT|2026-08-28|114
TE|2026-05-12|391
TE|2026-05-13|391
TE|2026-05-14|391
TE|2026-05-15|391
TE|2026-05-18|390
TE|2026-05-19|391
TE|2026-05-20|391
TE|2026-05-21|391
TE|2026-05-22|391
TE|2026-05-26|391
TE|2026-05-27|391
TE|2026-05-28|391
TE|2026-05-29|391
TE|2026-06-01|391
TE|2026-06-02|391
TE|2026-06-03|391
TE|2026-06-04|391
TE|2026-06-05|391
TE|2026-06-08|391
TE|2026-06-09|391
TE|2026-06-10|391
TE|2026-06-11|391
TE|2026-06-12|391
TE|2026-06-15|391
TE|2026-06-16|391
TE|2026-06-17|391
TE|2026-06-18|391
TE|2026-06-22|391
TE|2026-06-23|391
TE|2026-06-24|391
TE|2026-06-25|391
TE|2026-08-07|391
TE|2026-08-10|391
TE|2026-08-11|391
TE|2026-08-12|391
TE|2026-08-13|391
TE|2026-08-14|391
TE|2026-08-17|391
TE|2026-08-18|391
TE|2026-08-19|391
TE|2026-08-20|391
TE|2026-08-21|391
TE|2026-08-24|391
TE|2026-08-25|391
TE|2026-08-26|391
TE|2026-08-27|391
TE|2026-08-28|391
TEAM|2026-05-01|390
TEAM|2026-05-04|391
TEAM|2026-05-05|391
TEAM|2026-05-06|391
TEAM|2026-05-07|391
TEAM|2026-05-08|391
TEAM|2026-05-11|391
TEAM|2026-05-12|391
TEAM|2026-05-13|391
TEAM|2026-05-14|391
TEAM|2026-05-15|391
TEAM|2026-05-18|391
TEAM|2026-05-19|391
TEAM|2026-05-20|391
TEAM|2026-05-21|391
TEAM|2026-05-22|390
TEAM|2026-05-26|391
TEAM|2026-05-27|391
TEAM|2026-05-28|391
TEAM|2026-05-29|391
TEAM|2026-06-01|391
TEAM|2026-06-02|391
TEAM|2026-06-03|391
TEAM|2026-06-04|391
TEAM|2026-06-05|391
TEAM|2026-06-08|391
TEAM|2026-08-07|391
TEAM|2026-08-10|391
TEAM|2026-08-11|391
TEAM|2026-08-12|391
TEAM|2026-08-13|391
TEAM|2026-08-14|391
TEAM|2026-08-17|391
TEAM|2026-08-18|391
TEAM|2026-08-19|391
TEAM|2026-08-20|391
TEAM|2026-08-21|389
TEAM|2026-08-24|387
TEAM|2026-08-25|391
TEAM|2026-08-26|389
TEAM|2026-08-27|391
TEAM|2026-08-28|391
TEAM|2026-08-31|389
TEM|2026-08-19|391
TEM|2026-08-20|391
TEM|2026-08-21|391
TEM|2026-08-24|391
TEM|2026-08-25|391
TEM|2026-08-26|391
TEM|2026-08-27|391
TEM|2026-08-28|391
TER|2026-04-30|391
TER|2026-05-01|391
TER|2026-05-04|391
TER|2026-05-05|391
TER|2026-05-06|391
TER|2026-05-07|391
TER|2026-05-08|391
TER|2026-05-11|391
TER|2026-05-12|391
TER|2026-05-13|391
TER|2026-05-14|391
TER|2026-05-15|391
TER|2026-05-18|391
TER|2026-05-19|391
TER|2026-05-20|391
TER|2026-05-21|391
TER|2026-05-22|391
TER|2026-05-26|391
TER|2026-05-27|391
TER|2026-05-28|391
TER|2026-05-29|391
TER|2026-07-29|391
TER|2026-07-30|391
TER|2026-07-31|391
TER|2026-08-03|391
TER|2026-08-04|391
TER|2026-08-05|391
TER|2026-08-06|391
TER|2026-08-07|391
TER|2026-08-10|391
TER|2026-08-11|390
TER|2026-08-12|391
TER|2026-08-13|391
TER|2026-08-14|390
TER|2026-08-17|391
TER|2026-08-18|391
TER|2026-08-19|391
TER|2026-08-20|391
TER|2026-08-21|391
TER|2026-08-24|391
TER|2026-08-25|388
TER|2026-08-26|390
TEVA|2026-04-29|391
TEVA|2026-04-30|391
TEVA|2026-05-01|391
TEVA|2026-05-04|391
TEVA|2026-05-05|391
TEVA|2026-05-06|391
TEVA|2026-05-07|391
TEVA|2026-05-08|391
TEVA|2026-05-11|389
TEVA|2026-05-12|391
TEVA|2026-05-13|389
TEVA|2026-05-14|391
TEVA|2026-05-15|391
TEVA|2026-05-18|391
TEVA|2026-05-19|389
TEVA|2026-05-20|389
TEVA|2026-05-21|391
TEVA|2026-05-22|390
TEVA|2026-05-26|391
TEVA|2026-05-27|390
TEVA|2026-05-28|390
TEVA|2026-07-29|391
TEVA|2026-07-30|391
TEVA|2026-07-31|391
TEVA|2026-08-03|390
TEVA|2026-08-04|391
TEVA|2026-08-05|391
TEVA|2026-08-06|383
TEVA|2026-08-07|387
TEVA|2026-08-10|390
TEVA|2026-08-11|391
TEVA|2026-08-12|390
TEVA|2026-08-13|390
TEVA|2026-08-14|385
TEVA|2026-08-17|389
TEVA|2026-08-18|391
TEVA|2026-08-19|390
TEVA|2026-08-20|389
TEVA|2026-08-21|390
TEVA|2026-08-24|390
TEVA|2026-08-25|388
TEVA|2026-08-26|388
TH|2026-05-11|389
TH|2026-05-12|345
TH|2026-05-13|338
TH|2026-05-14|279
TH|2026-05-15|352
TH|2026-05-18|323
TH|2026-05-19|325
TH|2026-05-20|298
TH|2026-05-21|304
TH|2026-05-22|311
TH|2026-05-26|284
TH|2026-05-27|277
TH|2026-05-28|391
TH|2026-05-29|375
TH|2026-06-01|339
TH|2026-06-02|355
TH|2026-06-03|372
TH|2026-06-04|384
TH|2026-06-05|314
TH|2026-06-08|363
TH|2026-06-09|332
TH|2026-08-10|355
TH|2026-08-11|374
TH|2026-08-12|331
TH|2026-08-13|300
TH|2026-08-14|253
TH|2026-08-17|287
TH|2026-08-18|334
TH|2026-08-19|296
TH|2026-08-20|334
TH|2026-08-21|349
TH|2026-08-24|311
TH|2026-08-25|317
TH|2026-08-26|365
TH|2026-08-27|388
TH|2026-08-28|369
THC|2026-07-24|390
THC|2026-07-27|374
THC|2026-07-28|372
THC|2026-07-29|331
THC|2026-07-30|336
THC|2026-07-31|336
THC|2026-08-03|343
THC|2026-08-04|303
THC|2026-08-05|338
THC|2026-08-06|266
THC|2026-08-07|290
THC|2026-08-10|282
THC|2026-08-11|222
THC|2026-08-12|253
THC|2026-08-13|295
THC|2026-08-14|222
THC|2026-08-17|257
THC|2026-08-18|235
THC|2026-08-19|259
THC|2026-08-20|304
THC|2026-08-21|300
THC|2026-08-24|331
THC|2026-08-25|281
THC|2026-08-26|252
THC|2026-08-27|388
THC|2026-08-28|284
TNDM|2026-05-08|391
TNDM|2026-05-11|391
TNDM|2026-05-12|368
TNDM|2026-05-13|370
TNDM|2026-05-14|383
TNDM|2026-05-15|390
TNDM|2026-05-18|382
TNDM|2026-05-19|373
TNDM|2026-05-20|354
TNDM|2026-05-21|373
TNDM|2026-05-22|362
TNDM|2026-05-26|370
TNDM|2026-05-27|369
TNDM|2026-05-28|381
TNDM|2026-05-29|377
TNDM|2026-06-01|387
TNDM|2026-06-02|370
TNDM|2026-06-03|353
TNDM|2026-06-04|377
TNDM|2026-06-05|380
TNDM|2026-06-08|388
TNDM|2026-06-09|387
TNDM|2026-06-10|385
TNDM|2026-06-11|386
TNDM|2026-06-12|382
TNDM|2026-06-15|367
TNDM|2026-06-16|362
TNDM|2026-06-17|368
TNDM|2026-06-18|358
TNDM|2026-06-22|389
TNDM|2026-06-23|389
TNDM|2026-06-24|385
TNDM|2026-06-25|375
TNDM|2026-06-26|350
TNDM|2026-06-29|338
TNDM|2026-06-30|351
TRUP|2026-05-01|242
TRUP|2026-05-04|243
TRUP|2026-05-05|215
TRUP|2026-05-06|205
TRUP|2026-05-07|202
TRUP|2026-05-08|151
TRUP|2026-05-11|266
TRUP|2026-05-12|244
TRUP|2026-05-13|265
TRUP|2026-05-14|232
TRUP|2026-05-15|205
TRUP|2026-05-18|224
TRUP|2026-05-19|214
TRUP|2026-05-20|251
TRUP|2026-05-21|233
TRUP|2026-05-22|209
TRUP|2026-05-26|179
TRUP|2026-05-27|206
TRUP|2026-05-28|223
TRUP|2026-05-29|179
TRUP|2026-06-01|235
TRUP|2026-08-06|361
TRUP|2026-08-07|225
TRUP|2026-08-10|331
TRUP|2026-08-11|295
TRUP|2026-08-12|261
TRUP|2026-08-13|257
TRUP|2026-08-14|227
TRUP|2026-08-17|313
TRUP|2026-08-18|238
TRUP|2026-08-19|258
TRUP|2026-08-20|262
TRUP|2026-08-21|232
TRUP|2026-08-24|269
TRUP|2026-08-25|257
TRUP|2026-08-26|327
TRUP|2026-08-27|255
TRUP|2026-08-28|265
TSAT|2026-08-04|380
TSAT|2026-08-05|264
TSAT|2026-08-06|231
TSAT|2026-08-07|268
TSAT|2026-08-10|228
TSAT|2026-08-11|210
TSAT|2026-08-12|176
TSAT|2026-08-13|231
TSAT|2026-08-14|230
TSAT|2026-08-17|189
TSAT|2026-08-18|193
TSAT|2026-08-19|172
TSAT|2026-08-20|182
TSAT|2026-08-21|143
TSAT|2026-08-24|162
TSAT|2026-08-25|151
TSAT|2026-08-26|158
TSAT|2026-08-27|166
TSAT|2026-08-28|148
TSEM|2026-05-13|390
TSEM|2026-05-14|390
TSEM|2026-05-15|383
TSEM|2026-05-18|389
TSEM|2026-05-19|387
TSEM|2026-05-20|344
TSEM|2026-05-21|375
TSEM|2026-05-22|384
TSEM|2026-05-26|389
TSEM|2026-05-27|362
TSEM|2026-05-28|373
TSEM|2026-05-29|389
TSEM|2026-06-01|385
TSEM|2026-06-02|385
TSEM|2026-06-03|370
TSEM|2026-06-04|357
TSEM|2026-06-05|374
TSEM|2026-06-08|357
TSEM|2026-06-09|390
TSEM|2026-06-10|387
TSEM|2026-06-11|384
TSEM|2026-07-14|386
TSEM|2026-07-15|384
TSEM|2026-07-16|373
TSEM|2026-07-17|387
TSEM|2026-07-20|352
TSEM|2026-07-21|378
TSEM|2026-07-22|359
TSEM|2026-07-23|368
TSEM|2026-07-24|369
TSEM|2026-07-27|368
TSEM|2026-07-28|384
TSEM|2026-07-29|384
TSEM|2026-07-30|369
TSEM|2026-07-31|375
TSEM|2026-08-03|391
TSEM|2026-08-04|389
TSEM|2026-08-05|391
TSEM|2026-08-06|367
TSEM|2026-08-07|383
TSEM|2026-08-10|390
TSEM|2026-08-11|355
TSEM|2026-08-12|387
TSEM|2026-08-13|370
TSEM|2026-08-14|370
TSEM|2026-08-17|383
TSEM|2026-08-18|389
TSEM|2026-08-19|380
TSEM|2026-08-20|349
TSEM|2026-08-21|344
TSEM|2026-08-24|385
TSEM|2026-08-25|350
TSEM|2026-08-26|384
TSEM|2026-08-27|376
TTAN|2026-06-05|1
TTAN|2026-06-08|384
TTAN|2026-06-09|373
TTAN|2026-06-10|343
TTAN|2026-06-11|377
TTAN|2026-06-12|371
TTAN|2026-06-15|349
TTAN|2026-06-16|351
TTAN|2026-06-17|369
TTAN|2026-06-18|345
TTAN|2026-06-22|340
TTAN|2026-06-23|343
TTAN|2026-06-24|343
TTAN|2026-06-25|375
TTAN|2026-06-26|384
TTAN|2026-06-29|385
TTAN|2026-06-30|378
TTAN|2026-07-01|373
TTAN|2026-07-02|371
TTAN|2026-07-06|334
TTAN|2026-07-07|386
TWLO|2026-05-01|391
TWLO|2026-05-04|391
TWLO|2026-05-05|391
TWLO|2026-05-06|390
TWLO|2026-05-07|389
TWLO|2026-05-08|388
TWLO|2026-05-11|370
TWLO|2026-05-12|389
TWLO|2026-05-13|384
TWLO|2026-05-14|386
TWLO|2026-05-15|391
TWLO|2026-05-18|390
TWLO|2026-05-19|391
TWLO|2026-05-20|384
TWLO|2026-05-21|388
TWLO|2026-05-22|370
TWLO|2026-05-26|372
TWLO|2026-05-27|383
TWLO|2026-05-28|373
TWLO|2026-05-29|390
TWLO|2026-06-01|391
TWLO|2026-08-07|391
TWLO|2026-08-10|391
TWLO|2026-08-11|389
TWLO|2026-08-12|390
TWLO|2026-08-13|376
TWLO|2026-08-14|389
TWLO|2026-08-17|388
TWLO|2026-08-18|386
TWLO|2026-08-19|376
TWLO|2026-08-20|389
TWLO|2026-08-21|376
TWLO|2026-08-24|374
TWLO|2026-08-25|380
TWLO|2026-08-26|372
TWLO|2026-08-27|379
TWLO|2026-08-28|390
TWST|2026-08-19|389
TWST|2026-08-20|375
TWST|2026-08-21|377
TWST|2026-08-24|361
TWST|2026-08-25|377
TWST|2026-08-26|339
TWST|2026-08-27|335
TWST|2026-08-28|369
U|2026-05-07|391
U|2026-05-08|391
U|2026-05-11|391
U|2026-05-12|391
U|2026-05-13|391
U|2026-05-14|391
U|2026-05-15|391
U|2026-05-18|391
U|2026-05-19|391
U|2026-05-20|391
U|2026-05-21|391
U|2026-05-22|391
U|2026-05-26|391
U|2026-05-27|391
U|2026-05-28|391
U|2026-05-29|391
U|2026-06-01|391
U|2026-06-02|391
U|2026-06-03|391
U|2026-06-04|391
U|2026-06-05|391
U|2026-08-06|391
U|2026-08-07|391
U|2026-08-10|391
U|2026-08-11|391
U|2026-08-12|391
U|2026-08-13|391
U|2026-08-14|391
U|2026-08-17|391
U|2026-08-18|391
U|2026-08-19|391
U|2026-08-20|391
U|2026-08-21|391
U|2026-08-24|391
U|2026-08-25|391
U|2026-08-26|391
U|2026-08-27|391
U|2026-08-28|391
UUUU|2026-06-18|1
UUUU|2026-06-22|391
UUUU|2026-06-23|391
UUUU|2026-06-24|391
UUUU|2026-06-25|391
UUUU|2026-06-26|391
UUUU|2026-06-29|391
UUUU|2026-06-30|391
UUUU|2026-07-01|391
UUUU|2026-07-02|391
UUUU|2026-07-06|391
UUUU|2026-07-07|391
UUUU|2026-07-08|391
UUUU|2026-07-09|391
UUUU|2026-07-10|391
UUUU|2026-07-13|391
UUUU|2026-07-14|391
UUUU|2026-07-15|391
UUUU|2026-07-16|391
UUUU|2026-07-17|391
UUUU|2026-07-20|391
UUUU|2026-08-07|391
UUUU|2026-08-10|391
UUUU|2026-08-11|391
UUUU|2026-08-12|391
UUUU|2026-08-13|391
UUUU|2026-08-14|391
UUUU|2026-08-17|391
UUUU|2026-08-18|391
UUUU|2026-08-19|391
UUUU|2026-08-20|391
UUUU|2026-08-21|391
UUUU|2026-08-24|391
UUUU|2026-08-25|391
UUUU|2026-08-26|391
UUUU|2026-08-27|391
UUUU|2026-08-28|391
VEEV|2026-05-01|390
VEEV|2026-05-04|390
VEEV|2026-05-05|391
VEEV|2026-05-06|390
VEEV|2026-05-07|389
VEEV|2026-05-08|390
VEEV|2026-05-11|388
VEEV|2026-05-12|382
VEEV|2026-05-13|387
VEEV|2026-05-14|384
VEEV|2026-05-15|388
VEEV|2026-05-18|387
VEEV|2026-05-19|390
VEEV|2026-05-20|381
VEEV|2026-05-21|382
VEEV|2026-05-22|376
VEEV|2026-05-26|382
VEEV|2026-05-27|383
VEEV|2026-05-28|377
VEEV|2026-05-29|391
VEEV|2026-06-01|391
VEEV|2026-08-27|391
VEEV|2026-08-28|381
VERA|2026-08-14|384
VERA|2026-08-17|350
VERA|2026-08-18|337
VERA|2026-08-19|330
VERA|2026-08-20|354
VERA|2026-08-21|334
VERA|2026-08-24|377
VERA|2026-08-25|368
VERA|2026-08-26|369
VERA|2026-08-27|380
VERA|2026-08-28|318
VG|2026-05-12|391
VG|2026-05-13|391
VG|2026-05-14|391
VG|2026-05-15|391
VG|2026-05-18|391
VG|2026-05-19|391
VG|2026-05-20|391
VG|2026-05-21|391
VG|2026-05-22|391
VG|2026-05-26|391
VG|2026-05-27|391
VG|2026-05-28|391
VG|2026-05-29|391
VG|2026-06-01|391
VG|2026-06-02|391
VG|2026-06-03|390
VG|2026-06-04|391
VG|2026-06-05|391
VG|2026-06-08|391
VG|2026-06-09|391
VG|2026-06-10|391
VIK|2026-05-14|391
VIK|2026-05-15|389
VIK|2026-05-18|388
VIK|2026-05-19|390
VIK|2026-05-20|391
VIK|2026-05-21|384
VIK|2026-05-22|391
VIK|2026-05-26|391
VIK|2026-05-27|390
VIK|2026-05-28|384
VIK|2026-05-29|389
VIK|2026-06-01|389
VIK|2026-06-02|383
VIK|2026-06-03|385
VIK|2026-06-04|366
VIK|2026-06-05|373
VIK|2026-06-08|388
VIK|2026-06-09|371
VIK|2026-06-10|372
VIK|2026-06-11|384
VIK|2026-06-12|390
VOYG|2026-05-05|384
VOYG|2026-05-06|388
VOYG|2026-05-07|385
VOYG|2026-05-08|383
VOYG|2026-05-11|388
VOYG|2026-05-12|385
VOYG|2026-05-13|391
VOYG|2026-05-14|387
VOYG|2026-05-15|387
VOYG|2026-05-18|389
VOYG|2026-05-19|375
VOYG|2026-05-20|387
VOYG|2026-05-21|376
VOYG|2026-05-22|390
VOYG|2026-05-26|391
VOYG|2026-05-27|391
VOYG|2026-05-28|391
VOYG|2026-05-29|389
VOYG|2026-06-01|390
VOYG|2026-06-02|382
VOYG|2026-06-03|384
VOYG|2026-08-04|386
VOYG|2026-08-05|380
VOYG|2026-08-06|385
VOYG|2026-08-07|383
VOYG|2026-08-10|379
VOYG|2026-08-11|373
VOYG|2026-08-12|375
VOYG|2026-08-13|363
VOYG|2026-08-14|380
VOYG|2026-08-17|367
VOYG|2026-08-18|372
VOYG|2026-08-19|372
VOYG|2026-08-20|367
VOYG|2026-08-21|384
VOYG|2026-08-24|352
VOYG|2026-08-25|345
VOYG|2026-08-26|288
VOYG|2026-08-27|278
VOYG|2026-08-28|307
VPG|2026-05-12|342
VPG|2026-05-13|371
VPG|2026-05-14|327
VPG|2026-05-15|237
VPG|2026-05-18|321
VPG|2026-05-19|345
VPG|2026-05-20|285
VPG|2026-05-21|292
VPG|2026-05-22|304
VPG|2026-05-26|349
VPG|2026-05-27|339
VPG|2026-05-28|298
VPG|2026-05-29|264
VPG|2026-06-01|273
VPG|2026-06-02|268
VPG|2026-06-03|281
VPG|2026-06-04|307
VPG|2026-06-05|295
VPG|2026-06-08|259
VPG|2026-06-09|284
VPG|2026-06-10|290
VPG|2026-06-11|312
VPG|2026-06-12|323
VPG|2026-06-15|279
VPG|2026-06-16|253
VPG|2026-06-17|362
VPG|2026-06-18|224
VPG|2026-06-22|253
VPG|2026-06-23|228
VPG|2026-06-24|276
VPG|2026-07-31|293
VPG|2026-08-03|240
VPG|2026-08-04|292
VPG|2026-08-05|367
VPG|2026-08-06|357
VPG|2026-08-07|349
VPG|2026-08-10|324
VPG|2026-08-11|281
VPG|2026-08-12|301
VPG|2026-08-13|288
VPG|2026-08-14|236
VPG|2026-08-17|316
VPG|2026-08-18|328
VPG|2026-08-19|297
VPG|2026-08-20|267
VPG|2026-08-21|318
VPG|2026-08-24|361
VPG|2026-08-25|238
VPG|2026-08-26|178
VPG|2026-08-27|193
VPG|2026-08-28|229
VSNT|2026-05-14|389
VSNT|2026-05-15|385
VSNT|2026-05-18|386
VSNT|2026-05-19|367
VSNT|2026-05-20|384
VSNT|2026-05-21|377
VSNT|2026-05-22|337
VSNT|2026-05-26|369
VSNT|2026-05-27|366
VSNT|2026-05-28|365
VSNT|2026-05-29|362
VSNT|2026-06-01|364
VSNT|2026-06-02|380
VSNT|2026-06-03|386
VSNT|2026-06-04|363
VSNT|2026-06-05|366
VSNT|2026-06-08|376
VSNT|2026-06-09|335
VSNT|2026-06-10|357
VSNT|2026-06-11|370
VSNT|2026-06-12|356
VSNT|2026-08-06|391
VSNT|2026-08-07|390
VSNT|2026-08-10|391
VSNT|2026-08-11|391
VSNT|2026-08-12|389
VSNT|2026-08-13|385
VSNT|2026-08-14|390
VSNT|2026-08-17|377
VSNT|2026-08-18|375
VSNT|2026-08-19|382
VSNT|2026-08-20|378
VSNT|2026-08-21|389
VSNT|2026-08-24|387
VSNT|2026-08-25|387
VSNT|2026-08-26|372
VSNT|2026-08-27|383
VSNT|2026-08-28|354
VSTS|2026-05-12|390
VSTS|2026-05-13|390
VSTS|2026-05-14|369
VSTS|2026-05-15|329
VSTS|2026-05-18|354
VSTS|2026-05-19|336
VSTS|2026-05-20|334
VSTS|2026-05-21|318
VSTS|2026-05-22|335
VSTS|2026-05-26|329
VSTS|2026-05-27|286
VSTS|2026-05-28|308
VSTS|2026-05-29|325
VSTS|2026-06-01|315
VSTS|2026-06-02|286
VSTS|2026-06-03|328
VSTS|2026-06-04|288
VSTS|2026-06-05|294
VSTS|2026-06-08|297
VSTS|2026-06-09|303
VSTS|2026-06-10|334
WDFC|2026-07-10|352
WDFC|2026-07-13|168
WDFC|2026-07-14|116
WDFC|2026-07-15|111
WDFC|2026-07-16|118
WDFC|2026-07-17|106
WDFC|2026-07-20|109
WDFC|2026-07-21|88
WDFC|2026-07-22|64
WDFC|2026-07-23|74
WDFC|2026-07-24|76
WDFC|2026-07-27|91
WDFC|2026-07-28|90
WDFC|2026-07-29|132
WDFC|2026-07-30|110
WDFC|2026-07-31|98
WDFC|2026-08-03|84
WDFC|2026-08-04|87
WDFC|2026-08-05|117
WDFC|2026-08-06|61
WDFC|2026-08-07|91
WDFC|2026-08-10|71
WDFC|2026-08-11|43
WDFC|2026-08-12|45
WDFC|2026-08-13|64
WDFC|2026-08-14|91
WEN|2026-05-12|390
WEN|2026-05-13|391
WEN|2026-05-14|391
WEN|2026-05-15|390
WEN|2026-05-18|390
WEN|2026-05-19|391
WEN|2026-05-20|391
WEN|2026-05-21|391
WEN|2026-05-22|391
WEN|2026-05-26|391
WEN|2026-05-27|389
WEN|2026-05-28|391
WEN|2026-05-29|391
WEN|2026-06-01|390
WEN|2026-06-02|391
WEN|2026-06-03|391
WEN|2026-06-04|390
WEN|2026-06-05|391
WEN|2026-06-08|388
WEN|2026-06-09|388
WEN|2026-06-10|390
WEN|2026-06-24|383
WEN|2026-06-25|383
WEN|2026-06-26|391
WEN|2026-06-29|391
WEN|2026-06-30|391
WEN|2026-07-01|391
WEN|2026-07-02|391
WEN|2026-07-06|391
WEN|2026-07-07|391
WEN|2026-07-08|391
WEN|2026-07-09|391
WEN|2026-07-10|390
WEN|2026-07-13|391
WEN|2026-07-14|390
WEN|2026-07-15|391
WEN|2026-07-16|390
WEN|2026-07-17|391
WEN|2026-07-20|390
WEN|2026-07-21|391
WEN|2026-07-22|389
WEN|2026-07-23|391
WEN|2026-07-24|390
WKC|2026-04-24|361
WKC|2026-04-27|312
WKC|2026-04-28|320
WKC|2026-04-29|247
WKC|2026-04-30|286
WKC|2026-05-01|269
WKC|2026-05-04|229
WKC|2026-05-05|251
WKC|2026-05-06|226
WKC|2026-05-07|271
WKC|2026-05-08|234
WKC|2026-05-11|226
WKC|2026-05-12|307
WKC|2026-05-13|290
WKC|2026-05-14|301
WKC|2026-05-15|310
WKC|2026-05-18|324
WKC|2026-05-19|294
WKC|2026-05-20|311
WKC|2026-05-21|336
WKC|2026-05-22|313
WKC|2026-07-24|378
WKC|2026-07-27|367
WKC|2026-07-28|366
WKC|2026-07-29|350
WKC|2026-07-30|319
WKC|2026-07-31|284
WKC|2026-08-03|329
WKC|2026-08-04|313
WKC|2026-08-05|351
WKC|2026-08-06|370
WKC|2026-08-07|315
WKC|2026-08-10|338
WKC|2026-08-11|294
WKC|2026-08-12|324
WKC|2026-08-13|228
WKC|2026-08-14|316
WKC|2026-08-17|297
WKC|2026-08-18|258
WKC|2026-08-19|290
WKC|2026-08-20|258
WKC|2026-08-21|281
WKC|2026-08-24|285
WKC|2026-08-25|229
WKC|2026-08-26|298
WKC|2026-08-27|315
WKC|2026-08-28|287
WLDN|2026-05-08|295
WLDN|2026-05-11|351
WLDN|2026-05-12|317
WLDN|2026-05-13|279
WLDN|2026-05-14|261
WLDN|2026-05-15|255
WLDN|2026-05-18|256
WLDN|2026-05-19|199
WLDN|2026-05-20|217
WLDN|2026-05-21|139
WLDN|2026-05-22|197
WLDN|2026-05-26|147
WLDN|2026-05-27|186
WLDN|2026-05-28|150
WLDN|2026-05-29|154
WLDN|2026-06-01|177
WLDN|2026-06-02|214
WLDN|2026-06-03|207
WLDN|2026-06-04|183
WLDN|2026-06-05|191
WLDN|2026-06-08|163
WLDN|2026-08-07|278
WLDN|2026-08-10|227
WLDN|2026-08-11|193
WLDN|2026-08-12|121
WLDN|2026-08-13|128
WLDN|2026-08-14|126
WLDN|2026-08-17|205
WLDN|2026-08-18|153
WLDN|2026-08-19|121
WLDN|2026-08-20|120
WLDN|2026-08-21|212
WLDN|2026-08-24|199
WLDN|2026-08-25|165
WLDN|2026-08-26|163
WLDN|2026-08-27|164
WLDN|2026-08-28|111
WULF|2026-05-26|391
WULF|2026-05-27|391
WULF|2026-05-28|391
WULF|2026-05-29|391
WULF|2026-06-01|391
WULF|2026-06-02|391
WULF|2026-06-03|391
WULF|2026-06-04|391
WULF|2026-06-05|391
WULF|2026-06-08|391
WULF|2026-06-09|391
WULF|2026-06-10|391
WULF|2026-06-11|391
WULF|2026-06-12|391
WULF|2026-06-15|391
WULF|2026-06-16|391
WULF|2026-06-17|391
WULF|2026-06-18|391
WULF|2026-06-22|391
WULF|2026-06-23|391
WULF|2026-06-24|391
WULF|2026-07-06|390
WULF|2026-07-07|391
WULF|2026-07-08|391
WULF|2026-07-09|391
WULF|2026-07-10|391
WULF|2026-07-13|391
WULF|2026-07-14|391
WULF|2026-07-15|391
WULF|2026-07-16|391
WULF|2026-07-17|391
WULF|2026-07-20|391
WULF|2026-07-21|391
WULF|2026-07-22|391
WULF|2026-07-23|391
WULF|2026-07-24|391
WULF|2026-07-27|391
WULF|2026-07-28|391
WULF|2026-07-29|391
WULF|2026-07-30|391
WULF|2026-07-31|391
WULF|2026-08-03|391
WULF|2026-08-04|391
WULF|2026-08-05|391
WULF|2026-08-06|391
WULF|2026-08-07|391
WULF|2026-08-10|391
WULF|2026-08-11|391
WULF|2026-08-12|391
WULF|2026-08-13|391
WULF|2026-08-14|391
WULF|2026-08-17|391
WULF|2026-08-18|391
WULF|2026-08-19|391
WULF|2026-08-20|391
WULF|2026-08-21|391
WULF|2026-08-24|391
WULF|2026-08-25|391
WULF|2026-08-26|391
WULF|2026-08-27|391
WYFI|2026-05-11|386
WYFI|2026-05-12|383
WYFI|2026-05-13|389
WYFI|2026-05-14|390
WYFI|2026-05-15|387
WYFI|2026-05-18|383
WYFI|2026-05-19|384
WYFI|2026-05-20|372
WYFI|2026-05-21|382
WYFI|2026-05-22|384
WYFI|2026-05-26|360
WYFI|2026-05-27|367
WYFI|2026-05-28|308
WYFI|2026-05-29|345
WYFI|2026-06-01|331
WYFI|2026-06-02|317
WYFI|2026-06-03|313
WYFI|2026-06-04|327
WYFI|2026-06-05|368
WYFI|2026-06-08|292
WYFI|2026-06-09|378
WYFI|2026-06-10|282
WYFI|2026-06-11|311
WYFI|2026-06-12|337
WYFI|2026-06-16|389
WYFI|2026-06-17|386
WYFI|2026-06-18|390
WYFI|2026-06-22|391
WYFI|2026-06-23|391
WYFI|2026-06-24|389
WYFI|2026-06-25|389
WYFI|2026-06-26|380
WYFI|2026-06-29|386
WYFI|2026-06-30|380
WYFI|2026-07-01|387
WYFI|2026-07-02|387
WYFI|2026-07-06|379
WYFI|2026-07-07|377
WYFI|2026-07-08|391
WYFI|2026-07-09|390
WYFI|2026-07-10|389
WYFI|2026-07-13|390
WYFI|2026-07-14|391
WYFI|2026-07-15|390
WYFI|2026-07-16|391
WYFI|2026-07-30|387
WYFI|2026-07-31|384
WYFI|2026-08-03|383
WYFI|2026-08-04|379
WYFI|2026-08-05|345
WYFI|2026-08-06|330
WYFI|2026-08-07|366
WYFI|2026-08-10|356
WYFI|2026-08-11|361
WYFI|2026-08-12|384
WYFI|2026-08-13|371
WYFI|2026-08-14|379
WYFI|2026-08-17|374
WYFI|2026-08-18|387
WYFI|2026-08-19|391
WYFI|2026-08-20|389
WYFI|2026-08-21|380
WYFI|2026-08-24|390
WYFI|2026-08-25|378
WYFI|2026-08-26|375
WYFI|2026-08-27|388
WYFI|2026-08-28|389
XE|2026-04-27|391
XE|2026-04-28|391
XE|2026-04-29|391
XE|2026-04-30|391
XE|2026-05-01|391
XE|2026-05-04|391
XE|2026-05-05|391
XE|2026-05-06|391
XE|2026-05-07|390
XE|2026-05-08|391
XE|2026-05-11|390
XE|2026-05-12|390
XE|2026-05-13|391
XE|2026-05-14|391
XE|2026-05-15|391
XE|2026-05-18|391
XE|2026-05-19|391
XE|2026-05-20|391
XE|2026-05-21|388
XE|2026-05-22|386
XE|2026-05-26|389
XE|2026-06-15|391
XE|2026-06-16|391
XE|2026-06-17|391
XE|2026-06-18|391
XE|2026-06-22|387
XE|2026-06-23|389
XE|2026-06-24|391
XE|2026-06-25|389
XE|2026-06-26|389
XE|2026-06-29|391
XE|2026-06-30|391
XE|2026-07-01|391
XE|2026-07-02|391
XE|2026-07-06|390
XE|2026-07-07|391
XE|2026-07-08|391
XE|2026-07-09|390
XE|2026-07-10|391
XE|2026-07-13|391
XE|2026-07-14|391
XE|2026-07-15|388
XE|2026-08-13|391
XE|2026-08-14|391
XE|2026-08-17|391
XE|2026-08-18|391
XE|2026-08-19|391
XE|2026-08-20|391
XE|2026-08-21|389
XE|2026-08-24|391
XE|2026-08-25|390
XE|2026-08-26|386
XE|2026-08-27|390
XE|2026-08-28|391
XE|2026-08-31|391
ZBRA|2026-05-12|386
ZBRA|2026-05-13|356
ZBRA|2026-05-14|362
ZBRA|2026-05-15|364
ZBRA|2026-05-18|375
ZBRA|2026-05-19|350
ZBRA|2026-05-20|330
ZBRA|2026-05-21|331
ZBRA|2026-05-22|350
ZBRA|2026-05-26|308
ZBRA|2026-05-27|356
ZBRA|2026-05-28|330
ZBRA|2026-05-29|308
ZBRA|2026-06-01|325
ZBRA|2026-06-02|327
ZBRA|2026-06-03|315
ZBRA|2026-06-04|310
ZBRA|2026-06-05|345
ZBRA|2026-06-08|337
ZBRA|2026-06-09|321
ZBRA|2026-06-10|326
ZBRA|2026-08-04|385
ZBRA|2026-08-05|360
ZBRA|2026-08-06|304
ZBRA|2026-08-07|292
ZBRA|2026-08-10|240
ZBRA|2026-08-11|268
ZBRA|2026-08-12|290
ZBRA|2026-08-13|249
ZBRA|2026-08-14|270
ZBRA|2026-08-17|297
ZBRA|2026-08-18|252
ZBRA|2026-08-19|235
ZBRA|2026-08-20|288
ZBRA|2026-08-21|290
ZBRA|2026-08-24|291
ZBRA|2026-08-25|248
ZBRA|2026-08-26|256
ZBRA|2026-08-27|234
ZBRA|2026-08-28|273
(8429 rows)
