ticker|trade_date|open_price|high_price|low_price|close|volume
ABBV|2026-06-01|215.26|216.4993|211.51|212.93|4820249
ABBV|2026-06-02|211.01|216.57|208.99|215.4|5391137
ABBV|2026-06-03|214.8|219.54|213.725|217.13|5594898
ABBV|2026-06-04|222.5|224.99|219.84|224.94|6770511
ABBV|2026-06-05|227.37|230.47|226|227.23|6094618
ABBV|2026-06-08|226.75|228.58|221.165|223.07|4873119
ABBV|2026-06-09|224.8|227.14|221.72|225.42|4060592
ABBV|2026-06-10|226.93|227.14|224.12|224.95|3971709
ABBV|2026-06-11|226.01|227.55|224.04|224.77|4490871
ABBV|2026-06-12|227.5|228.3999|224.32|227.73|4051821
ABBV|2026-06-15|226|226.5|220|221.59|5178575
ABBV|2026-06-16|223.31|223.5|219.15|222.47|5891044
ABBV|2026-06-17|222.4|222.8399|218.83|221.23|5323814
ABBV|2026-06-18|221.37|222.35|215.37|216.49|9562638
ABBV|2026-06-22|221.94|232.32|221.94|230.01|9701700
ABBV|2026-06-23|232.97|235.31|231.3|234.76|7182850
ABBV|2026-06-24|236.35|237.36|232.85|234.89|7264893
ABBV|2026-06-25|233.66|244.61|233.66|243.14|10164982
ABBV|2026-06-26|245.255|253.35|244.66|253.35|52512444
ABBV|2026-06-29|253.05|255.99|249.2|254.31|9362287
ABBV|2026-06-30|255|255.497|250.1|251.64|6854752
ABBV|2026-07-01|250.75|251.8|247.56|251.06|6771852
ABBV|2026-07-02|252.3|261.635|250.51|261.07|6799209
ABBV|2026-07-06|259.92|260.92|253.6001|254.76|6876083
ABBV|2026-07-07|257.21|260.35|254.27|254.65|6861538
ABBV|2026-07-08|253.25|255.82|250.7|252.74|5673769
ABBV|2026-07-09|251.2|254.86|247.99|249.91|5407145
ABBV|2026-07-10|251.005|251.6645|245.05|248.08|5419132
ABBV|2026-07-13|248.37|249.7439|244.6101|248|4087930
ABBV|2026-07-14|245.99|246.4199|243.19|244.78|5228844
ABBV|2026-07-15|243.32|247.75|243.07|244.11|6274514
ABBV|2026-07-16|244.75|254.54|243.5|254.39|6256036
ABBV|2026-07-17|257|260.96|254.29|254.49|6800932
ABBV|2026-07-20|253.1|256.15|252.68|253.38|4331410
ABBV|2026-07-21|253.7|257.06|252.6001|256.1|4267428
ABBV|2026-07-22|257.81|257.81|252.25|253.3|4788879
ABBV|2026-07-23|253.98|258.38|253.1|256.92|4410091
ABBV|2026-07-24|258.54|260.22|256.765|259.36|4088882
ABBV|2026-07-27|259|262.1|256.78|256.91|5401055
ABBV|2026-07-28|262.83|266.92|261.45|263.2|6821005
ABBV|2026-07-29|264.21|267.47|262.755|263.3|5558999
ABBV|2026-07-30|258.38|259.89|253.51|257.41|6304288
ABBV|2026-07-31|252.54|255.52|247|250.94|7233308
ABBV|2026-08-03|251.45|256.2|244.44|245.1|7441127
ABBV|2026-08-04|246.74|246.91|242.385|243.8|7622804
ABBV|2026-08-05|247|249.38|243.76|246.2|5077336
ABBV|2026-08-06|249.04|249.95|241.2|243.87|4257979
ABBV|2026-08-07|243.62|246.76|241.95|246.04|4699719
ABBV|2026-08-10|245.65|248.01|244.03|247.97|3838762
ABBV|2026-08-11|248.14|250.765|247.18|250.09|4486495
ABBV|2026-08-12|245.98|250.09|245.52|248.76|3680513
ABBV|2026-08-13|252.94|255.295|249.35|250.82|4367856
ABBV|2026-08-14|250.6|250.61|247.68|249.46|3987400
ABBV|2026-08-17|249.49|251.49|248.31|250.33|4524292
ABBV|2026-08-18|253.93|259.18|252.41|258.92|4857467
ABBV|2026-08-19|261.51|266.965|259.55|265.97|5445713
ABBV|2026-08-20|265.69|265.93|260.4812|261.83|5125671
ABBV|2026-08-21|260.7|266.84|260.101|264.96|5133018
ABCL|2026-06-01|6.11|6.79|6.08|6.46|9623548
ABCL|2026-06-02|6.305|6.44|6.08|6.13|8013538
ABCL|2026-06-03|6.005|6.01|5.61|5.72|6907996
ABCL|2026-06-04|5.555|6.695|5.51|6.37|10460443
ABCL|2026-06-05|6.2|6.33|5.5|5.62|8416180
ABCL|2026-06-08|5.86|5.94|5.35|5.42|4753279
ABCL|2026-06-09|5.59|5.65|5.02|5.3|5271915
ABCL|2026-06-10|5.21|5.47|5.08|5.09|3707111
ABCL|2026-06-11|5.22|5.32|5.031|5.27|4035893
ABCL|2026-06-12|5.3|5.41|5.13|5.24|2946271
ABCL|2026-06-15|5.49|5.55|5.17|5.26|3681529
ABCL|2026-06-16|5.23|5.2899|5.01|5.09|3635814
ABCL|2026-06-17|5.205|5.76|5.17|5.44|5407112
ABCL|2026-06-18|5.61|5.7399|5.3301|5.53|6780118
ABCL|2026-06-22|5.575|5.87|5.575|5.74|5487323
ABCL|2026-06-23|5.48|5.92|5.47|5.63|5507206
ABCL|2026-06-24|5.655|6.325|5.585|6.03|13112757
ABCL|2026-06-25|6.11|6.86|6.09|6.66|11845284
ABCL|2026-06-26|6.49|7.4|6.47|7.38|15412568
ABCL|2026-06-29|7.56|8.42|7.39|8.12|14297331
ABCL|2026-06-30|7.905|8.27|7.67|7.85|7745351
ABCL|2026-07-01|7.69|7.86|7.265|7.6|7967236
ABCL|2026-07-02|7.66|8.32|7.56|8.11|8431758
ABCL|2026-07-06|8.05|8.15|7.45|7.87|6158881
ABCL|2026-07-07|8.33|8.44|7.46|7.69|8030010
ABCL|2026-07-08|7.392|7.7|7.04|7.1|9372361
ABCL|2026-07-09|7.01|7.51|6.82|7.29|5393032
ABCL|2026-07-10|7.29|7.29|6.6036|6.8|5369214
ABCL|2026-07-13|6.71|6.765|6.4|6.52|4008375
ABCL|2026-07-14|6.69|6.875|6.45|6.74|4111078
ABCL|2026-07-15|6.86|6.93|6.62|6.74|3723848
ABCL|2026-07-16|6.65|6.66|6.05|6.16|7403042
ABCL|2026-07-17|6.04|6.5479|5.95|6.465|4212037
ABCL|2026-07-20|6.34|6.47|5.785|5.8|6324157
ABCL|2026-07-21|5.815|6.05|5.54|5.97|5112657
ABCL|2026-07-22|5.92|6.06|5.71|5.73|2528061
ABCL|2026-07-23|5.69|5.87|5.6|5.67|2869659
ABCL|2026-07-24|5.67|5.74|5.29|5.31|4184379
ABCL|2026-07-27|5.405|5.5|5.24|5.25|4147738
ABCL|2026-07-28|5.2|5.385|4.98|5.29|5824693
ABCL|2026-07-29|5.34|5.58|5.225|5.39|5983108
ABCL|2026-07-30|5.53|5.72|5.35|5.69|4312210
ABCL|2026-07-31|5.7|5.87|5.51|5.71|4987975
ABCL|2026-08-03|5.705|6.045|5.565|5.83|3388631
ABCL|2026-08-04|5.97|6.14|5.87|6.09|3941260
ABCL|2026-08-05|6.05|6.21|5.84|5.92|4434165
ABCL|2026-08-06|5.79|6.565|5.62|6.53|8113682
ABCL|2026-08-07|6.65|6.99|6.35|6.93|6035473
ABCL|2026-08-10|8.76|10.01|8.4|9.34|45427318
ABCL|2026-08-11|9.42|10.29|9.02|9.76|17119432
ABCL|2026-08-12|9.22|10.38|9|10.355|14542776
ABCL|2026-08-13|10.32|11.065|10.22|10.97|19112904
ABCL|2026-08-14|10.84|11.5|10.47|11.38|12305426
ABCL|2026-08-17|11.3|11.645|10.6044|11.2|7734588
ABCL|2026-08-18|10.795|11.515|10.7|11.12|8165725
ABCL|2026-08-19|11.5|12.15|11.47|12.01|10693087
ABCL|2026-08-20|11.815|12.08|11.4|11.57|6172811
ABCL|2026-08-21|11.57|11.7999|11.14|11.32|4536161
ABSI|2026-06-01|6.73|6.77|6.38|6.52|4964688
ABSI|2026-06-02|6.48|6.55|6.13|6.35|3684025
ABSI|2026-06-03|6.31|6.31|5.7|5.94|5103203
ABSI|2026-06-04|5.99|7.39|5.92|7.34|9152927
ABSI|2026-06-05|7.095|7.11|6.2225|6.4|5190650
ABSI|2026-06-08|6.67|6.75|6.4438|6.55|2740748
ABSI|2026-06-09|6.71|7|6.29|6.83|4534820
ABSI|2026-06-10|6.745|7.3157|6.35|6.38|5497928
ABSI|2026-06-11|6.41|6.605|6.07|6.51|3783320
ABSI|2026-06-12|6.6|7.09|6.362|6.8|4462618
ABSI|2026-06-15|7.38|8.17|7.13|7.27|6677384
ABSI|2026-06-16|7.29|7.38|6.83|7|3829612
ABSI|2026-06-17|7|7.84|6.92|7.18|6334378
ABSI|2026-06-18|7.46|7.55|7.11|7.41|8434299
ABSI|2026-06-22|7.51|8.5699|7.47|8.4|8348695
ABSI|2026-06-23|7.915|8.29|7.37|7.41|5976750
ABSI|2026-06-24|9.51|11|8.67|10.075|38129241
ABSI|2026-06-25|11|11.2499|9.32|10.21|13207133
ABSI|2026-06-26|10.02|11.36|9.96|10.89|13430806
ABSI|2026-06-29|10.98|12.055|10.96|11.35|8099964
ABSI|2026-06-30|11.34|11.78|10.9905|11.59|5806172
ABSI|2026-07-01|11.12|11.69|10.825|11.11|5074706
ABSI|2026-07-02|11.4|11.78|11.142|11.62|5258265
ABSI|2026-07-06|11.63|12|11.33|11.54|5465248
ABSI|2026-07-07|11.85|12|11.11|11.33|4142611
ABSI|2026-07-08|10.96|11.14|10.41|11.1|6591236
ABSI|2026-07-09|11.175|12|10.9|11.47|4963328
ABSI|2026-07-10|11.37|11.4124|10.32|10.6|4686847
ABSI|2026-07-13|10.34|10.62|10.1|10.21|2923088
ABSI|2026-07-14|10.45|10.5|10.04|10.23|3249543
ABSI|2026-07-15|10.36|10.37|9.69|9.76|3404070
ABSI|2026-07-16|9.47|9.61|8.1|8.23|7414321
ABSI|2026-07-17|7.976|8.54|7.58|8.295|3715535
ABSI|2026-07-20|8.17|8.53|8.06|8.16|3069170
ABSI|2026-07-21|8.05|8.4|7.8501|8.32|3385380
ABSI|2026-07-22|8.17|8.47|8.1|8.24|1844538
ABSI|2026-07-23|8.095|8.31|7.95|8.07|2109274
ABSI|2026-07-24|8.13|8.26|7.51|7.56|2586513
ABSI|2026-07-27|7.805|8.09|7.55|7.56|2451295
ABSI|2026-07-28|7.47|7.47|6.8501|7.13|2849403
ABSI|2026-07-29|7.08|7.235|6.692|6.9|3473712
ABSI|2026-07-30|7|7.675|6.97|7.64|3726094
ABSI|2026-07-31|7.808|8.14|7.44|7.78|2084119
ABSI|2026-08-03|7.7|8.065|7.43|7.93|2218478
ABSI|2026-08-04|8.2|8.585|8.198|8.48|1982021
ABSI|2026-08-05|8.585|8.77|8.34|8.4|2093751
ABSI|2026-08-06|8.22|8.55|8.13|8.3|1766567
ABSI|2026-08-07|8.55|8.97|8.47|8.93|2186766
ABSI|2026-08-10|9|9.47|8.9|9.01|2963723
ABSI|2026-08-11|9.03|9.42|8.89|9.41|2670203
ABSI|2026-08-12|9.02|9.67|8.64|9.5|4033744
ABSI|2026-08-13|9.58|9.66|9.195|9.46|2549376
ABSI|2026-08-14|9.43|9.435|8.83|9.18|2229347
ABSI|2026-08-17|9.19|9.335|8.84|9.24|2143022
ABSI|2026-08-18|8.87|9.14|8.55|8.85|2480943
ABSI|2026-08-19|9.42|10.015|9.35|9.99|4504409
ABSI|2026-08-20|9.74|10.03|9.24|9.28|2894894
ABSI|2026-08-21|9.56|9.9|9.5|9.55|2329732
ACAD|2026-06-01|21.4|21.6|20.96|21.52|1119132
ACAD|2026-06-02|21.27|21.38|20.75|20.89|1235817
ACAD|2026-06-03|20.87|21.44|20.76|21.43|1280720
ACAD|2026-06-04|21.72|21.85|21.48|21.72|1122558
ACAD|2026-06-05|21.71|21.96|21.45|21.56|806264
ACAD|2026-06-08|21.56|21.79|21.27|21.7|883774
ACAD|2026-06-09|21.86|22.03|21.47|21.84|1104650
ACAD|2026-06-10|21.79|22.145|21.23|21.25|1231576
ACAD|2026-06-11|21.12|21.68|20.92|21.39|945091
ACAD|2026-06-12|21.49|21.55|21.05|21.09|753902
ACAD|2026-06-15|21.1|21.39|21.05|21.265|1209861
ACAD|2026-06-16|21.34|21.47|20.84|20.94|1241335
ACAD|2026-06-17|20.99|21.725|20.92|21.6|1336641
ACAD|2026-06-18|21.73|21.9|21.2|21.62|3225526
ACAD|2026-06-22|21.64|22.46|21.59|22.09|1904051
ACAD|2026-06-23|22.26|22.66|22.01|22.6|1476896
ACAD|2026-06-24|22.67|23.79|22.67|23.36|1495710
ACAD|2026-06-25|23.28|24.105|23.28|23.72|1491587
ACAD|2026-06-26|26.38|27.31|25.07|25.32|7369221
ACAD|2026-06-29|25.4|25.725|24.95|25.2|2089208
ACAD|2026-06-30|25.34|26|25.02|25.3|1721168
ACAD|2026-07-01|25.24|25.55|24.935|25.2|1416598
ACAD|2026-07-02|25.41|26.2268|25.13|25.97|1548792
ACAD|2026-07-06|25.8|26|25.24|25.77|1154807
ACAD|2026-07-07|26.16|26.35|25.63|26.2|1674446
ACAD|2026-07-08|26.15|26.29|25.59|26|1526077
ACAD|2026-07-09|25.7|26.51|25.59|26.41|1729446
ACAD|2026-07-10|26.51|26.51|25.66|26.22|1380973
ACAD|2026-07-13|26.04|26.04|25.3|25.5|1562769
ACAD|2026-07-14|25.58|25.64|24.95|25.49|1203146
ACAD|2026-07-15|25.38|26.08|25.1804|25.92|1273559
ACAD|2026-07-16|25.94|26.23|25.47|25.63|2189248
ACAD|2026-07-17|25.37|25.835|25.195|25.6|1207313
ACAD|2026-07-20|26.07|26.16|25.03|25.09|1486528
ACAD|2026-07-21|25.2|25.57|25.07|25.43|1339942
ACAD|2026-07-22|25.62|25.62|24.91|24.96|1163219
ACAD|2026-07-23|24.232|25|24.232|24.83|1272012
ACAD|2026-07-24|24.9|25.1|24.57|24.84|1046975
ACAD|2026-07-27|25.22|25.78|24.99|25.39|1399406
ACAD|2026-07-28|25.52|26.08|25.52|26.01|940669
ACAD|2026-07-29|26.12|26.54|25.82|26.34|1733057
ACAD|2026-07-30|26.13|26.58|25.87|26.55|1298390
ACAD|2026-07-31|26.44|26.44|25.345|25.87|1534198
ACAD|2026-08-03|25.96|26.105|25.43|25.61|1367955
ACAD|2026-08-04|25.66|27.23|25.55|27.15|2427396
ACAD|2026-08-05|27.955|29.165|27.8|28.8|4548880
ACAD|2026-08-06|28.85|29.48|28.32|28.45|3048796
ACAD|2026-08-07|28.57|29.29|28.2|29.21|1781842
ACAD|2026-08-10|29|29.65|29|29.39|2726319
ACAD|2026-08-11|29.565|29.76|29.095|29.41|1346458
ACAD|2026-08-12|29.18|29.85|28.83|29.45|1409738
ACAD|2026-08-13|29.75|29.75|28.36|28.38|1496915
ACAD|2026-08-14|28.26|28.425|27.9|28.24|1062474
ACAD|2026-08-17|28.63|29.03|28.21|29.01|1121321
ACAD|2026-08-18|29.14|30.25|29.05|30.18|2052717
ACAD|2026-08-19|30.66|30.96|30.07|30.21|2286747
ACAD|2026-08-20|30|30|28.95|29.04|1318516
ACAD|2026-08-21|29.08|29.615|28.8|29.5|1093192
ACHR|2026-06-01|6.65|6.93|6.52|6.84|62839753
ACHR|2026-06-02|6.8|6.899|6.62|6.74|48411627
ACHR|2026-06-03|6.6|6.6353|6.27|6.53|51417977
ACHR|2026-06-04|6.55|6.62|6.35|6.38|57096309
ACHR|2026-06-05|6.25|6.31|5.38|5.54|54002832
ACHR|2026-06-08|5.665|5.9|5.58|5.73|39167930
ACHR|2026-06-09|5.77|5.875|5.2|5.32|56715627
ACHR|2026-06-10|5.27|5.36|5.04|5.05|36311321
ACHR|2026-06-11|5.03|5.32|4.93|5.3|42217985
ACHR|2026-06-12|5.3|5.355|5|5.08|29786808
ACHR|2026-06-15|5.33|5.62|5.32|5.55|57206724
ACHR|2026-06-16|5.5|5.58|5.23|5.44|59269291
ACHR|2026-06-17|5.38|5.72|5.3237|5.36|47382831
ACHR|2026-06-18|5.45|5.59|5.24|5.57|40868704
ACHR|2026-06-22|5.49|5.635|5.3939|5.43|34086651
ACHR|2026-06-23|5.23|5.51|5.23|5.25|38414597
ACHR|2026-06-24|5.21|5.22|5|5.05|40693839
ACHR|2026-06-25|5.1|5.13|4.745|4.79|39443371
ACHR|2026-06-26|4.71|5.08|4.71|4.87|53434087
ACHR|2026-06-29|4.9|5.03|4.6101|4.68|34662538
ACHR|2026-06-30|4.68|4.86|4.645|4.73|33200688
ACHR|2026-07-01|4.79|5.075|4.76|4.92|41737349
ACHR|2026-07-02|5.02|5.19|4.8401|4.98|28948656
ACHR|2026-07-06|5|5.46|4.9701|5.37|36883529
ACHR|2026-07-07|5.3|5.35|4.83|4.93|29414240
ACHR|2026-07-08|4.85|4.97|4.81|4.84|19132055
ACHR|2026-07-09|4.84|4.94|4.765|4.85|17760054
ACHR|2026-07-10|4.89|4.93|4.6901|4.73|23373377
ACHR|2026-07-13|4.67|4.74|4.51|4.55|25684028
ACHR|2026-07-14|4.61|4.875|4.55|4.85|28305703
ACHR|2026-07-15|4.9|5.06|4.7115|4.78|23008563
ACHR|2026-07-16|4.74|4.75|4.45|4.49|25311469
ACHR|2026-07-17|4.34|4.59|4.3|4.44|25325056
ACHR|2026-07-20|4.63|5.43|4.6|5.31|98458069
ACHR|2026-07-21|5.32|5.6|5.22|5.28|52059163
ACHR|2026-07-22|5.31|5.415|5.08|5.18|36910429
ACHR|2026-07-23|5.1|5.3299|5.0401|5.11|30334672
ACHR|2026-07-24|5.16|5.17|4.74|4.77|35088970
ACHR|2026-07-27|4.8|4.9899|4.77|4.95|29983468
ACHR|2026-07-28|4.81|4.91|4.66|4.82|22986243
ACHR|2026-07-29|4.8|4.8265|4.47|4.48|25650702
ACHR|2026-07-30|4.58|4.77|4.52|4.74|31444187
ACHR|2026-07-31|4.78|4.85|4.57|4.64|29709796
ACHR|2026-08-03|4.67|4.92|4.6|4.84|30514959
ACHR|2026-08-04|4.94|5.36|4.91|5.31|29220963
ACHR|2026-08-05|5.3|5.35|5.125|5.2|23556029
ACHR|2026-08-06|5.17|5.3551|5.08|5.23|25988281
ACHR|2026-08-07|5.36|5.6|5.3001|5.59|33963659
ACHR|2026-08-10|6.41|6.87|5.935|6.26|127276954
ACHR|2026-08-11|6.23|7.08|6.13|6.79|89692499
ACHR|2026-08-12|6.853|6.915|6.1611|6.29|52085565
ACHR|2026-08-13|6.21|7.065|6.19|6.97|61300864
ACHR|2026-08-14|6.92|7.29|6.49|6.62|43596764
ACHR|2026-08-17|6.48|6.54|6.32|6.39|29754683
ACHR|2026-08-18|6.17|6.42|6.13|6.32|31730091
ACHR|2026-08-19|6.295|6.465|6.17|6.45|26463183
ACHR|2026-08-20|6.31|6.35|5.99|6.09|33266303
ACHR|2026-08-21|6.145|6.525|6.1|6.3|32750138
ACMR|2026-06-01|83.5|86.49|80.92|82.05|1851097
ACMR|2026-06-02|84.69|92.13|83.23|91.92|1596085
ACMR|2026-06-03|92.01|93.5|86.63|88.86|1615676
ACMR|2026-06-04|85.602|91.56|83.6|90.205|1613127
ACMR|2026-06-05|85.27|86.31|75.61|76.29|1896867
ACMR|2026-06-08|83.83|83.83|78.845|80.57|1391256
ACMR|2026-06-09|85|88.991|74.19|81.33|1647540
ACMR|2026-06-10|81.1|85.2|76.81|79.96|1159697
ACMR|2026-06-11|84.35|91.99|82.1952|91.7|1414626
ACMR|2026-06-12|92.49|99.45|90.84|93.95|2244525
ACMR|2026-06-15|97.55|98.9975|91.56|95.21|1355045
ACMR|2026-06-16|96.35|99.97|90.71|91.18|1355272
ACMR|2026-06-17|100.28|104.99|95.59|96.19|2002182
ACMR|2026-06-18|102.27|110.18|100.06|109.87|2955934
ACMR|2026-06-22|111.385|111.41|101.72|103.17|2021858
ACMR|2026-06-23|94.05|100.88|93.132|99.12|1748607
ACMR|2026-06-24|101.963|105.9|97.1401|101.6|1701950
ACMR|2026-06-25|107.17|108.87|98.45|106.86|1747844
ACMR|2026-06-26|100.98|105.52|100.31|104.5|3414589
ACMR|2026-06-29|112.06|120.7|110.1|118.88|2484851
ACMR|2026-06-30|120.975|127.19|118.4673|126.89|1953297
ACMR|2026-07-01|117.515|123.61|114.37|117.16|1825736
ACMR|2026-07-02|116.65|116.65|94.72|97.77|2902732
ACMR|2026-07-06|102|106.39|97.26|98.52|1497813
ACMR|2026-07-07|92.56|94.8999|89.26|94.66|1840955
ACMR|2026-07-08|94.66|98.57|93.5338|98.07|1060404
ACMR|2026-07-09|107|108.82|104.715|106.04|1150605
ACMR|2026-07-10|100|105.236174|96.51|103|879469
ACMR|2026-07-13|98.49|99.4|93.5|94.08|643569
ACMR|2026-07-14|100.8|101.29035|93.95|98.895|652870
ACMR|2026-07-15|100.36|101|87.15|91.96|1389047
ACMR|2026-07-16|86.69|89.575|83.01|84.09|1219233
ACMR|2026-07-17|78.675|86.99|77.46|83.92|962233
ACMR|2026-07-20|85.57|86.66|82.47|82.52|727745
ACMR|2026-07-21|88.17|95.44|87.28|95.27|1246213
ACMR|2026-07-22|91.18|94.51|89.35|89.51|696208
ACMR|2026-07-23|88.8|90.515|86.63|88.42|660781
ACMR|2026-07-24|88.22|88.22|82.73|84.32|579800
ACMR|2026-07-27|84.65|85.2|75.5|79.97|1041619
ACMR|2026-07-28|75.1|75.95|69.83|72.02|1370807
ACMR|2026-07-29|71.3|72.1567|63.5305|65.3|2088249
ACMR|2026-07-30|72.84|78.97|69.89|78.65|1587654
ACMR|2026-07-31|83.67|85|76.6|78.47|875687
ACMR|2026-08-03|74.83|79.53|74|78.64|926183
ACMR|2026-08-04|83.47|84.33|80.25|82.51|719025
ACMR|2026-08-05|81.07|84.28|79.34|79.9|611874
ACMR|2026-08-06|77.665|81.19|75.9|78.98|1047950
ACMR|2026-08-07|92.55|92.55|78.73|83.8|1411941
ACMR|2026-08-10|87.3|88.81|79.33|79.41|1291984
ACMR|2026-08-11|80.53|81.59|78.49|79.92|618219
ACMR|2026-08-12|84.37|85.1|81.22|81.26|582849
ACMR|2026-08-13|80.24|84.15|80.24|81.19|464774
ACMR|2026-08-14|80.2|82.09|77.81|80.42|552231
ACMR|2026-08-17|81.35|85.95|79.54|85.64|1080679
ACMR|2026-08-18|80.795|84.99|78.04|84.37|2460585
ACMR|2026-08-19|85|85.04|77.26|77.59|1110076
ACMR|2026-08-20|77.1|78.72|75.45|78.52|810789
ACMR|2026-08-21|79.61|80.2|76.1|79.41|546428
AEHR|2026-06-01|88.17|93.74|86.5771|93.62|1507972
AEHR|2026-06-02|99.65|114.02|97.7509|113|2565538
AEHR|2026-06-03|113|121.8|111.2|114.59|2730938
AEHR|2026-06-04|105.34|119.4699|103.18|116.58|1747964
AEHR|2026-06-05|110.32|111.7855|96.9|98.45|2312187
AEHR|2026-06-08|105|105|93.65|95.58|1806420
AEHR|2026-06-09|99.73|106.54|84.615|94.31|2349850
AEHR|2026-06-10|93|104.44|90.7|93.32|2048135
AEHR|2026-06-11|96.1|103.45|92.34|103.03|1475733
AEHR|2026-06-12|103.22|112.5|101.2|108.47|1397842
AEHR|2026-06-15|118.32|126.62|115.39|115.88|1607846
AEHR|2026-06-16|113.66|118.69|104.46|104.83|1253482
AEHR|2026-06-17|114.455|123.48|111.0267|112.62|2019807
AEHR|2026-06-18|119.45|121.05|111.585|115.3|1395477
AEHR|2026-06-22|116.28|117.33|110.3|113.33|1085117
AEHR|2026-06-23|103.49|107.2921|101|102.39|1525968
AEHR|2026-06-24|102.61|103.76|91.3001|95.2|1449500
AEHR|2026-06-25|102.6|102.6|91.475|98.79|1032633
AEHR|2026-06-26|95.5|95.9899|88.09|91.81|2355658
AEHR|2026-06-29|91.7|95.89|86.15|94.77|1194607
AEHR|2026-06-30|95.5|100.6999|94|96.06|1183722
AEHR|2026-07-01|90.265|92.035|84.23|84.425|1347562
AEHR|2026-07-02|84.32|85|66.26|69.96|3454616
AEHR|2026-07-06|72.42|77.6899|69.27|72.325|2126806
AEHR|2026-07-07|66.41|70.89|63.51|66.94|2417084
AEHR|2026-07-08|65.375|68.47|63.32|67.89|1492059
AEHR|2026-07-09|79.15|79.49|74.46|76.21|2615000
AEHR|2026-07-10|73.04|74.3953|70.757|72.6|1320749
AEHR|2026-07-13|69.59|71.49|67.23|68.02|1424140
AEHR|2026-07-14|73.31|73.92|68.2279|72.01|3962802
AEHR|2026-07-15|98.155|110.2|86.28|87.79|12929883
AEHR|2026-07-16|84.94|87.7336|79.69|84.2|4285570
AEHR|2026-07-17|79.275|88.3|76.75|81.05|5077028
AEHR|2026-07-20|84.175|88.8899|75.2|77.36|3338953
AEHR|2026-07-21|83.25|99.17|83.17|98.91|5186607
AEHR|2026-07-22|96.62|101.22|93.33|93.54|2721623
AEHR|2026-07-23|92.3|97.15|87.41|88.51|1928769
AEHR|2026-07-24|87.03|87.455|75.51|76.32|2705093
AEHR|2026-07-27|76.8|77.77|71.61|77.48|2248540
AEHR|2026-07-28|72.09|72.09|65.277|70|2830425
AEHR|2026-07-29|69.89|72.3355|63.81|65.4|2442295
AEHR|2026-07-30|71.65|77.4|68.92|76.87|2455674
AEHR|2026-07-31|84.22|86|75.7|79.98|2110049
AEHR|2026-08-03|75.61|92.52|75.2|91.71|2358077
AEHR|2026-08-04|96.81|111|94.2001|109.89|3487740
AEHR|2026-08-05|107.4|109.13|98.5|98.78|1896999
AEHR|2026-08-06|95.01|106.4899|92.95|99.74|1522964
AEHR|2026-08-07|101.3|105.8699|95.7|103.07|1566841
AEHR|2026-08-10|105.38|112.61|102.1|106.2|3077052
AEHR|2026-08-11|106.45|118.5|104.32|117.18|2516359
AEHR|2026-08-12|124|133.35|119.0201|129.23|3134404
AEHR|2026-08-13|123.01|129.92|116.5|123.3|3001935
AEHR|2026-08-14|133.61|147.4|131.21|134.06|3295776
AEHR|2026-08-17|132.79|146.595|130.11|145.61|2489559
AEHR|2026-08-18|135.575|141.38|121.14|123.25|3208148
AEHR|2026-08-19|123.64|124.7409|107.41|107.96|2925317
AEHR|2026-08-20|106.01|108.5|102.74|105.97|1837166
AEHR|2026-08-21|108.5|108.5|98.04|101.73|1922251
AEIS|2026-06-01|297.95|301.52|288.45|294.65|1018612
AEIS|2026-06-02|300.03|313.27|298.59|312.28|1011025
AEIS|2026-06-03|315.77|328.091|312.16|322.5|838254
AEIS|2026-06-04|318.25|326.74|308.245|320.92|566408
AEIS|2026-06-05|311.15|313.065|294.21|294.81|716480
AEIS|2026-06-08|307.23|315.09|300|306.11|822125
AEIS|2026-06-09|314.91|323.775|292.51|311.64|772993
AEIS|2026-06-10|311|325.16|304.46|308.17|655401
AEIS|2026-06-11|320.38|340.85|319.315|340.4|790609
AEIS|2026-06-12|339.53|357|337.64|354.37|845959
AEIS|2026-06-15|372.35|380.06|365.43|370.66|1711234
AEIS|2026-06-16|371.48|372|349.54|350.45|1005025
AEIS|2026-06-17|353.43|364.5|349.19|353.32|521309
AEIS|2026-06-18|363.29|374.51|362.6|372.59|791939
AEIS|2026-06-22|379.79|389.79|370.4|388.23|630837
AEIS|2026-06-23|365.93|372.865|358.331|364.96|777303
AEIS|2026-06-24|364.89|372.24|353.36|359.61|903632
AEIS|2026-06-25|378.89|378.9|361.37|375.15|619328
AEIS|2026-06-26|371.26|371.26|342.8175|348.11|5666781
AEIS|2026-06-29|348.3|356.81|338.38|348.15|1407388
AEIS|2026-06-30|360.05|376.64|358.65|372.87|819182
AEIS|2026-07-01|357.14|365.685|352.75|356.35|723561
AEIS|2026-07-02|356.35|356.35|304.56|311.27|1045706
AEIS|2026-07-06|315.38|323.685|308.215|310.84|660455
AEIS|2026-07-07|296.23|299.01|280.515|287.73|740492
AEIS|2026-07-08|280.91|294.98|279.38|293.64|936723
AEIS|2026-07-09|313.115|317.5|308.0101|309.27|753101
AEIS|2026-07-10|302.13|309.57|300.62|308.05|371717
AEIS|2026-07-13|300|307.1|295.71|298.52|452691
AEIS|2026-07-14|312.24|314.93|302.25|305.2|306033
AEIS|2026-07-15|311.84|311.84|291.43|301.88|420818
AEIS|2026-07-16|291.29|299.69|284.59|285.89|684676
AEIS|2026-07-17|272.08|287.64|264.81|284.05|771501
AEIS|2026-07-20|288.3|293.3699|278.02|280.67|493016
AEIS|2026-07-21|289.9|304.09|289.9|303.71|648429
AEIS|2026-07-22|304.76|319.26|303.01|317.31|653164
AEIS|2026-07-23|313.21|326.035|312.11|315.14|431765
AEIS|2026-07-24|311.75|315.875|302|303.99|757419
AEIS|2026-07-27|305.15|312.215|282.31|291.95|511317
AEIS|2026-07-28|280.57|280.6|262.64|273.42|817910
AEIS|2026-07-29|269.51|276.435|248.79|252.485|1158202
AEIS|2026-07-30|267.93|279.41|267.83|274.26|1200159
AEIS|2026-07-31|290.07|304.53|283.42|289.52|991401
AEIS|2026-08-03|282|299.37|276.77|296.38|1115811
AEIS|2026-08-04|337.27|344.465|323.5|341.39|1729090
AEIS|2026-08-05|345|350.69|328.59|329.23|836681
AEIS|2026-08-06|325.04|334.79|317.66|323.91|470164
AEIS|2026-08-07|329.42|334.98|319.96|325.02|449641
AEIS|2026-08-10|331.84|331.84|314.22|314.49|533478
AEIS|2026-08-11|319.19|328.26|316.05|327.59|544782
AEIS|2026-08-12|340|346.83|336.9912|337.32|356260
AEIS|2026-08-13|336.27|341.51|328.33|329.54|378322
AEIS|2026-08-14|328.63|337.62|325.47|330.26|345502
AEIS|2026-08-17|332.6|349.58|330.74|348.63|465449
AEIS|2026-08-18|332.68|334|309.025|314.43|632858
AEIS|2026-08-19|314.93|316|292.01|294.31|494630
AEIS|2026-08-20|290|301.53|287|292.62|417571
AEIS|2026-08-21|296.96|297.6899|282.79|285.83|396676
AEVA|2026-06-01|27.56|28.92|27.18|27.81|1946762
AEVA|2026-06-02|27.6|29.4|27.21|27.76|1683736
AEVA|2026-06-03|27.99|28|24.605|25.31|1956453
AEVA|2026-06-04|22.5|25.28|21.33|24.4|4134248
AEVA|2026-06-05|23.5|23.715|21.752|23.01|2946307
AEVA|2026-06-08|24.17|24.8747|22.21|23.09|2102931
AEVA|2026-06-09|23.14|24.07|20.77|22.17|2341667
AEVA|2026-06-10|21.58|24.07|21.35|22.69|1714711
AEVA|2026-06-11|22.66|24.17|21.65|23.51|2210682
AEVA|2026-06-12|23.61|25.42|22.39|24.89|1818708
AEVA|2026-06-15|26.77|28.24|26.4503|26.87|2152334
AEVA|2026-06-16|27.09|27.1|23.86|23.93|3023967
AEVA|2026-06-17|23.92|25.01|23.44|23.49|1399613
AEVA|2026-06-18|24.39|24.78|22.55|24.39|2386674
AEVA|2026-06-22|24.36|26.73|24.05|25.27|1804175
AEVA|2026-06-23|23.75|25.18|23.1|23.54|1440910
AEVA|2026-06-24|23.92|23.92|19.62005|20.04|2684124
AEVA|2026-06-25|20.71|21.17|19.42|20.15|1520732
AEVA|2026-06-26|19.6|21.05|18.88|20.89|3214655
AEVA|2026-06-29|21.06|26.115|20.66|25.67|3448917
AEVA|2026-06-30|25.46|29.36|25.021|28.72|4626952
AEVA|2026-07-01|27.8|31.3|27.5|27.8|3770487
AEVA|2026-07-02|27.7|28.56|23.75|23.98|2660276
AEVA|2026-07-06|24.02|26.41|23.29|24.2|1410082
AEVA|2026-07-07|23.04|23.43|21.1|21.57|1615403
AEVA|2026-07-08|21.01|22.13|20.1|21.5|1686235
AEVA|2026-07-09|22.04|23|21.7|22.03|1019478
AEVA|2026-07-10|22.05|22.6|20.7|20.99|1044610
AEVA|2026-07-13|20.35|20.4378|18.7|18.81|1670636
AEVA|2026-07-14|19.4|20.259|19.06|19.82|836652
AEVA|2026-07-15|19.82|20.69|17.93|18.675|1318033
AEVA|2026-07-16|18.21|18.21|16.38|16.775|1900136
AEVA|2026-07-17|15.9752|17.63|15.83|16.71|1352805
AEVA|2026-07-20|17.03|17.4|15.87|15.9|1372733
AEVA|2026-07-21|16.48|17.84|16.425|17.69|1297544
AEVA|2026-07-22|17.27|17.4695|16.7|16.75|972101
AEVA|2026-07-23|16.5|17.04|15.88|16.1|1155940
AEVA|2026-07-24|15.93|16.065|14.76|14.85|1116736
AEVA|2026-07-27|15.31|15.94|14.775|15.53|1429155
AEVA|2026-07-28|15.02|15.05|13.91|14.7|2327668
AEVA|2026-07-29|14.69|15.05|13.51|13.99|1222622
AEVA|2026-07-30|14.8|16.61|14.77|16.46|1685617
AEVA|2026-07-31|17.18|17.93|16.69|17.54|1764338
AEVA|2026-08-03|17.29|18.57|17.15|18.41|1549724
AEVA|2026-08-04|19.38|20.66|19.105|20.43|1291739
AEVA|2026-08-05|20.3|20.3|19.535|19.61|1105359
AEVA|2026-08-06|25.8|28.42|22.75|25.26|8410138
AEVA|2026-08-07|25.68|28.3|24.35|26.62|2682226
AEVA|2026-08-10|25.86|25.86|22.9119|23.69|2233408
AEVA|2026-08-11|23.92|25.33|23.35|24.06|1268920
AEVA|2026-08-12|25.5|25.8568|24.06|25.16|1407986
AEVA|2026-08-13|24.97|25.86|22.25|22.42|1828621
AEVA|2026-08-14|22.35|24.43|22.0574|23.28|1458408
AEVA|2026-08-17|23.16|24.45|22.43|23.75|1017328
AEVA|2026-08-18|22.46|23.12|20.71|21.03|2169429
AEVA|2026-08-19|20.79|21|19.31|19.78|1675393
AEVA|2026-08-20|19.75|19.91|18.42|18.87|1409379
AEVA|2026-08-21|19.15|19.51|17.95|18.29|1128046
AGX|2026-06-01|654.39|664.0553|636.42|646.89|245078
AGX|2026-06-02|644.6|670.6|644.6|663.14|235553
AGX|2026-06-03|662.53|693.01|652.294|686.37|311630
AGX|2026-06-04|667.54|699.71|657.95|689.43|363568
AGX|2026-06-05|697.68|779|660.26|694.72|1077517
AGX|2026-06-08|699.25|701|601.2001|619.98|689338
AGX|2026-06-09|632.97|639.97|576.37|613.93|383087
AGX|2026-06-10|609.74|623.28|578.2501|588.9|306454
AGX|2026-06-11|602.8|627.14|600.45|623.66|263400
AGX|2026-06-12|625.34|651.9|614.5|641.68|314626
AGX|2026-06-15|657.615|694.99|647.99|688.87|323497
AGX|2026-06-16|693.45|729.6998|688|690.39|382211
AGX|2026-06-17|695.56|738.1|695.56|719.52|317385
AGX|2026-06-18|731.95|746.51|707.8646|738.85|521952
AGX|2026-06-22|749|791.38|743.65|790|395664
AGX|2026-06-23|745.63|746.34|715.3|736.77|437546
AGX|2026-06-24|729.42|752|712|732.24|298606
AGX|2026-06-25|746|780.53|735.0001|753.07|236492
AGX|2026-06-26|736.57|768.52|708.84|765.46|807535
AGX|2026-06-29|772.67|798|746.25|791.56|426415
AGX|2026-06-30|783.85|805.75|783.49|798.55|259425
AGX|2026-07-01|781.19|781.19|751|764.56|263200
AGX|2026-07-02|762.13|764.76|692.055|706.15|293164
AGX|2026-07-06|723.62|764.43|718.2334|725.23|263554
AGX|2026-07-07|704.71|704.71|631.09|663.18|403976
AGX|2026-07-08|651.29|674.99|645.5|665.46|212116
AGX|2026-07-09|687.02|705.85|678.64|687.49|181656
AGX|2026-07-10|679.2|681.04|630.01|630.32|308236
AGX|2026-07-13|615.4|621.03|588.39|599.74|306927
AGX|2026-07-14|618.27|630|610.31|620.74|207365
AGX|2026-07-15|616.88|626|587.09|609.24|234613
AGX|2026-07-16|597.905|597.905|538.01|547.51|399927
AGX|2026-07-17|528.67|551.26|508.77|551.26|728584
AGX|2026-07-20|566|605.44|559.53|602.18|475652
AGX|2026-07-21|625.26|635.76|600.38|605.52|267762
AGX|2026-07-22|600.7|616.02|586.25|610.35|299515
AGX|2026-07-23|604.02|619.65|590.62|602.3|384866
AGX|2026-07-24|595.28|608.7543|564.59|568.92|216708
AGX|2026-07-27|568.65|574.16|523.49|542.52|303533
AGX|2026-07-28|520.82|527.46|483.01|522.7|399530
AGX|2026-07-29|522.34|523.38|488.5|492.35|298963
AGX|2026-07-30|522|583.67|522|579.87|630592
AGX|2026-07-31|594.79|604.5724|567.61|570.43|322558
AGX|2026-08-03|572.46|604.6125|536.23|592.66|194849
AGX|2026-08-04|602.85|626.47|596.64|617.68|237140
AGX|2026-08-05|620.8|632.545|601.79|601.82|195545
AGX|2026-08-06|589.94|616.715|588.2|590.87|154831
AGX|2026-08-07|607|609.97|581.7857|597.33|137442
AGX|2026-08-10|603.73|607.435|577.46|581.26|256913
AGX|2026-08-11|588.63|603.45|578.23|578.51|258276
AGX|2026-08-12|602.32|608.67|572.1|572.1|261047
AGX|2026-08-13|569.1|582.925|558.5|558.89|284912
AGX|2026-08-14|557.12|583|554.0703|578.22|246540
AGX|2026-08-17|587.37|597.9899|582.1801|589.27|297206
AGX|2026-08-18|568.56|575.4899|549.29|553.03|376141
AGX|2026-08-19|554|557.2|513.5801|528.01|451552
AGX|2026-08-20|524|529.2429|502|516.58|232007
AGX|2026-08-21|521.28|523|499.61|501.63|261585
AKTS|2026-06-01|20.59|20.6096|19.48|19.48|98701
AKTS|2026-06-02|19.28|21.07|18.52|20.26|310061
AKTS|2026-06-03|20.33|21.12|19.13|19.37|268661
AKTS|2026-06-04|19.56|21|19.285|19.89|151653
AKTS|2026-06-05|19.87|20.23|18.7|18.87|138618
AKTS|2026-06-08|19|20|18.83|18.97|155610
AKTS|2026-06-09|19.25|19.645|18.34|18.98|129814
AKTS|2026-06-10|19.02|19.58|18.46|18.58|123963
AKTS|2026-06-11|18.68|19.73|18.25|19.46|137186
AKTS|2026-06-12|21.36|22.6|20.96|21.93|845294
AKTS|2026-06-15|22.6|23.455|20.5|20.69|487949
AKTS|2026-06-16|21.45|23.3399|21.02|22.63|547694
AKTS|2026-06-17|23.27|25.26|23.02|23.53|520364
AKTS|2026-06-18|24.41|24.82|23.38|24.09|550457
AKTS|2026-06-22|24.35|25.341|24.14|24.79|361592
AKTS|2026-06-23|24.41|27.5|24.36|27.01|407730
AKTS|2026-06-24|27.21|28.93|26.16|28.7|462030
AKTS|2026-06-25|29.9|33.5284|29.86|31.15|858738
AKTS|2026-06-26|31.06|32.875|28.445|29.44|1230578
AKTS|2026-06-29|29.45|31.92|29|30.11|539256
AKTS|2026-06-30|29.63|34.1899|29.49|32.23|1211831
AKTS|2026-07-01|31.96|32.3066|30.86|30.89|534721
AKTS|2026-07-02|31|31.965|30.04|31.76|723630
AKTS|2026-07-06|31.75|32.38|25.84|26.56|886105
AKTS|2026-07-07|26.78|29.01|26.75|27.58|486532
AKTS|2026-07-08|27|29.01|26.53|28.69|711739
AKTS|2026-07-09|28.7|29.54|28.03|28.42|371166
AKTS|2026-07-10|27.95|28.645|26.52|27.88|487196
AKTS|2026-07-13|27.31|27.39|24.2553|25.575|667392
AKTS|2026-07-14|25.91|26.88|25.13|25.175|745999
AKTS|2026-07-15|24.85|26.16|24.23|26|432456
AKTS|2026-07-16|26.21|26.62|24.795|25.02|314232
AKTS|2026-07-17|24.64|26.03|24.28|24.89|260630
AKTS|2026-07-20|25.18|25.32|23.52|23.96|261927
AKTS|2026-07-21|23.76|25.22|23.76|24.63|244496
AKTS|2026-07-22|24.59|25.03|24.145|24.81|208003
AKTS|2026-07-23|24.35|24.6853|23.6|24.01|298690
AKTS|2026-07-24|24.06|24.58|23.395|23.89|193643
AKTS|2026-07-27|24.16|25.2|24.16|24.21|258786
AKTS|2026-07-28|24.22|24.255|22.54|22.97|300324
AKTS|2026-07-29|23.05|23.48|22.27|22.39|306871
AKTS|2026-07-30|22.24|23.21|21.8|23|331086
AKTS|2026-07-31|23.04|23.14|21.34|22.07|278443
AKTS|2026-08-03|22.07|22.33|21.46|22.23|314669
AKTS|2026-08-04|22.48|23.3199|22.24|22.84|299214
AKTS|2026-08-05|23.02|23.48|22.5|22.65|248386
AKTS|2026-08-06|22.34|24|22.23|23.44|266663
AKTS|2026-08-07|24.07|24.55|23.82|24.13|154638
AKTS|2026-08-10|24.07|25.27|23.78|24.1|240079
AKTS|2026-08-11|24.79|25.01|23.86|24.77|209219
AKTS|2026-08-12|25|25.305|23.865|24|213759
AKTS|2026-08-13|24.37|24.5675|23.65|23.79|156313
AKTS|2026-08-14|23.97|25.1|23.45|24.93|229649
AKTS|2026-08-17|24.89|24.89|24.11|24.72|163133
AKTS|2026-08-18|24.55|25.06|24.28|25|183978
AKTS|2026-08-19|26.28|26.28|24.42|25.02|216542
AKTS|2026-08-20|24.75|24.75|23.4374|24|253613
AKTS|2026-08-21|24.33|25|24|24.07|226257
ALOY|2026-06-01|9.39|11.47|9.34|10.99|4219150
ALOY|2026-06-02|10.77|12.173|10.72|11.64|2637543
ALOY|2026-06-03|11.37|13.83|10.38|13.8|4736768
ALOY|2026-06-04|14.1|14.13|12.81|13.74|4007558
ALOY|2026-06-05|13.6|13.72|12.02|12.48|2356676
ALOY|2026-06-08|12.95|14.67|12.165|14.17|3345973
ALOY|2026-06-09|14.12|14.12|11.9501|12.53|2862345
ALOY|2026-06-10|12.31|14.165|12.25|13.91|2896078
ALOY|2026-06-11|13.89|14.4|13.38|14.06|1737144
ALOY|2026-06-12|14.395|16.71|14.21|15.22|4021399
ALOY|2026-06-15|16.48|17.7843|15.17|15.4|2746243
ALOY|2026-06-16|15.63|16.56|14.48|14.59|2656618
ALOY|2026-06-17|14.92|16.75|14.42|16.61|2625982
ALOY|2026-06-18|17|17.95|16.141|17.78|6901666
ALOY|2026-06-22|18.2|19.76|18.1|19.7|2551047
ALOY|2026-06-23|18.09|20.59|17.95|19.17|2587694
ALOY|2026-06-24|19.03|19.03|16.3|16.67|2499768
ALOY|2026-06-25|16.59|16.6|13.3|14.25|4247086
ALOY|2026-06-26|13.87|15.3993|13.64|14.68|10527327
ALOY|2026-06-29|14.78|14.78|13.3|14.23|2073204
ALOY|2026-06-30|14.45|14.85|13.62|14.45|2423695
ALOY|2026-07-01|14.785|16|14|14.99|2868971
ALOY|2026-07-02|15.23|15.99|13.06|13.28|3229961
ALOY|2026-07-06|13.28|14.005|12.56|12.74|2888454
ALOY|2026-07-07|12.56|12.66|11.46|12.18|2550319
ALOY|2026-07-08|11.95|13.25|11.95|12.9|1583862
ALOY|2026-07-09|12.92|13.435|12.75|12.98|1095637
ALOY|2026-07-10|13|13.49|12.26|12.28|1195582
ALOY|2026-07-13|12|12.095|10.615|11.07|2307145
ALOY|2026-07-14|11.23|11.23|10.48|10.77|1137782
ALOY|2026-07-15|10.71|11|10.48|10.84|1056609
ALOY|2026-07-16|10.68|10.8|9.35|9.79|2355525
ALOY|2026-07-17|9.46|9.8|8.88|8.885|1873438
ALOY|2026-07-20|8.99|9.02|7.99|8.4|2821413
ALOY|2026-07-21|8.57|9.25|8.56|9|1973063
ALOY|2026-07-22|8.89|9.08|8.16|8.19|1716478
ALOY|2026-07-23|8|8.17|7.33|7.47|3145803
ALOY|2026-07-24|7.53|7.5698|6.825|7.025|3126925
ALOY|2026-07-27|7.19|7.82|7.18|7.75|2382645
ALOY|2026-07-28|7.73|7.95|7.08|7.33|2199049
ALOY|2026-07-29|7.74|8.5|7.38|7.49|7133493
ALOY|2026-07-30|7.97|8.86|7.56|8.815|4348734
ALOY|2026-07-31|9.26|9.5|8.7|8.78|4292579
ALOY|2026-08-03|8.96|10.46|8.71|9.88|3969669
ALOY|2026-08-04|10.22|11.09|9.99|10.91|3885306
ALOY|2026-08-05|11.35|11.35|9.66|9.7|3930575
ALOY|2026-08-06|9.62|10.8876|9.32|10.69|2822402
ALOY|2026-08-07|11|12.4791|11|12.27|3827888
ALOY|2026-08-10|13.055|13.455|12.43|12.985|4634230
ALOY|2026-08-11|12.58|13.13|12.432|12.75|2062994
ALOY|2026-08-12|13.13|13.45|12.4801|12.54|1956141
ALOY|2026-08-13|12.54|13.385|12.0601|12.95|2633016
ALOY|2026-08-14|13.235|15.35|13.12|14.72|5097196
ALOY|2026-08-17|14.66|14.66|12.65|13.855|3254638
ALOY|2026-08-18|13.19|14.03|13.0804|13.5|1857188
ALOY|2026-08-19|13.45|13.6499|12.4|12.51|2030546
ALOY|2026-08-20|12.06|12.19|10.93|11.07|3039845
ALOY|2026-08-21|11.31|12.5|11.12|12.5|2889508
AMLX|2026-06-01|14.09|14.235|13.9|14.07|683457
AMLX|2026-06-02|13.85|13.93|12.8|13.29|1650070
AMLX|2026-06-03|13.3|13.525|13.011|13.2|1026740
AMLX|2026-06-04|13.25|14.405|13.24|14.31|2240288
AMLX|2026-06-05|14.25|14.47|12.965|13.32|1738125
AMLX|2026-06-08|13.505|13.56|12.62|13.01|2093573
AMLX|2026-06-09|13.25|13.86|13.08|13.55|998281
AMLX|2026-06-10|13.59|14.16|13.26|13.46|921416
AMLX|2026-06-11|13.46|14|13.12|13.91|2078128
AMLX|2026-06-12|13.9|14.87|13.84|14.59|1468120
AMLX|2026-06-15|14.79|16.08|14.69|15.19|2900346
AMLX|2026-06-16|15.07|15.69|14.81|15.05|1119684
AMLX|2026-06-17|15.12|15.5744|15.025|15.25|1090358
AMLX|2026-06-18|15.315|16.2|15.315|15.67|1251955
AMLX|2026-06-22|15.91|16.38|15.73|16.28|1353100
AMLX|2026-06-23|16.055|17.165|15.71|16.37|1835131
AMLX|2026-06-24|16.31|17.15|16.14|17|1510475
AMLX|2026-06-25|17.47|18.74|17.26|17.44|3176317
AMLX|2026-06-26|17.405|18.0346|17.1522|17.79|3498117
AMLX|2026-06-29|17.79|18.75|17.46|18.7|2368202
AMLX|2026-06-30|18.79|19.15|17.84|17.96|1905668
AMLX|2026-07-01|17.84|18.05|17.378|17.95|1735863
AMLX|2026-07-02|18.12|18.595|17.5219|18.27|1378733
AMLX|2026-07-06|18.01|18.61|17.56|17.97|1355841
AMLX|2026-07-07|18.04|18.59|17.75|18.17|1495605
AMLX|2026-07-08|18.15|18.54|17.42|17.88|877070
AMLX|2026-07-09|18.02|18.51|17.99|18.38|929416
AMLX|2026-07-10|18.335|18.335|17.15|17.77|1061269
AMLX|2026-07-13|17.51|17.53|16.96|17.41|1466151
AMLX|2026-07-14|17.48|18.54|17.11|18.2|1845264
AMLX|2026-07-15|18.355|18.355|17.31|17.78|1012389
AMLX|2026-07-16|17.75|17.925|16.8|17.02|941485
AMLX|2026-07-17|16.7|18.08|16.52|17.75|1254027
AMLX|2026-07-20|18|18.53|17.44|17.45|1624678
AMLX|2026-07-21|17.44|18.86|17.38|18.5|2712903
AMLX|2026-07-22|18.33|18.65|17.685|17.7|1562095
AMLX|2026-07-23|17.17|18.035|17|17.59|815925
AMLX|2026-07-24|17.61|18.42|17.22|18.41|1481942
AMLX|2026-07-27|18.5|19.6|18.08|19.49|2578439
AMLX|2026-07-28|19.79|19.99|18.905|19.55|3410843
AMLX|2026-07-29|19.5|20.21|19.045|19.73|2053776
AMLX|2026-07-30|19.69|20.94|19.31|20.75|3537690
AMLX|2026-07-31|20.74|20.87|19.295|20.31|1812515
AMLX|2026-08-03|20.29|20.47|19.295|20.17|1622596
AMLX|2026-08-04|20.34|22.28|20.3245|21.87|3416002
AMLX|2026-08-05|22.06|22.1694|21.52|21.85|1771642
AMLX|2026-08-06|21.1|24.36|21.1|24.19|3536639
AMLX|2026-08-07|24.19|24.6|22.56|22.82|2677863
AMLX|2026-08-10|22.68|23.03|22|22.67|1326880
AMLX|2026-08-11|22.78|23.7299|22.19|23.63|827230
AMLX|2026-08-12|23.86|24.0848|23.3|23.35|1445876
AMLX|2026-08-13|23.37|23.635|22.46|22.48|839448
AMLX|2026-08-14|22.35|22.39|21.29|21.63|1583167
AMLX|2026-08-17|21.96|22.468|21.28|21.43|1091193
AMLX|2026-08-18|29.91|35.39|28|35.11|23831099
AMLX|2026-08-19|36.13|39.07|35.3207|38.6|8247688
AMLX|2026-08-20|37.49|40.4388|37.372|39.66|8366119
AMLX|2026-08-21|39.795|41.14|38.35|38.66|4609560
AMRC|2026-06-01|35.32|35.329527|34.02|34.6|354030
AMRC|2026-06-02|34.7|36.82|34.03|36.07|467831
AMRC|2026-06-03|35.35|36.284|32.96|33.33|598903
AMRC|2026-06-04|32.49|33.2364|32.24|32.73|397398
AMRC|2026-06-05|31.75|31.93|26.32|28.46|1628128
AMRC|2026-06-08|29.37|29.5|27.535|27.76|721144
AMRC|2026-06-09|27.92|28.52|25.93|26.93|700863
AMRC|2026-06-10|26.53|26.92|25.27|25.79|892084
AMRC|2026-06-11|26.27|27.96|25.92|27.88|433919
AMRC|2026-06-12|28.07|28.98|27.77|28.06|444905
AMRC|2026-06-15|28.98|29.39|28.05|28.14|523650
AMRC|2026-06-16|28.01|28.585|27.05|27.15|623114
AMRC|2026-06-17|27.71|29.18|26.791|27.29|638374
AMRC|2026-06-18|27.75|28.69|27.5|28.64|854638
AMRC|2026-06-22|28.16|29.2|28.13|28.94|541933
AMRC|2026-06-23|27.5|28.825|27|27.77|680386
AMRC|2026-06-24|27.45|28.43|27.07|27.68|350673
AMRC|2026-06-25|28.1|28.61|26.96|27.76|570038
AMRC|2026-06-26|26.81|27.54|26.35|26.82|906379
AMRC|2026-06-29|26.98|27.33|25.8|26.57|548744
AMRC|2026-06-30|26.97|27.78|26.75|27.6|408000
AMRC|2026-07-01|27.1|27.91|25.95|26.53|498531
AMRC|2026-07-02|26.93|27.56|24.34|25.4|566930
AMRC|2026-07-06|25.72|27.11|25.6|27.05|482797
AMRC|2026-07-07|26.44|26.44|24.85|25.49|465675
AMRC|2026-07-08|24.72|25.37|24.63|25.24|499519
AMRC|2026-07-09|26.1|26.4|25.3|25.65|416126
AMRC|2026-07-10|26.03|26.03|24.88|24.94|278534
AMRC|2026-07-13|24.36|24.46|23.64|23.75|484804
AMRC|2026-07-14|24.8|25.47|24.49|25|536457
AMRC|2026-07-15|25|25.76|24.36|24.68|314043
AMRC|2026-07-16|24|24.18|22.83|23.59|599095
AMRC|2026-07-17|22.55|23.83|22.46|23.11|683168
AMRC|2026-07-20|23.28|23.6443|22.45|22.55|474801
AMRC|2026-07-21|22.89|23.528|22.58|23.12|402748
AMRC|2026-07-22|22.97|23.82|22.93|23.39|428836
AMRC|2026-07-23|23.14|23.893|23.07|23.57|324968
AMRC|2026-07-24|23.96|23.96|21.55|21.75|370198
AMRC|2026-07-27|22.44|22.44|20.795|21.09|724423
AMRC|2026-07-28|20.19|20.7|18.5807|19.66|638856
AMRC|2026-07-29|19.79|20.09|18.375|18.51|699999
AMRC|2026-07-30|19.71|20.9|19.08|20.66|595135
AMRC|2026-07-31|21.44|21.705|20.47|21.07|602950
AMRC|2026-08-03|20.67|23.23|20.645|22.73|891208
AMRC|2026-08-04|31.93|31.93|27.33|27.94|2996186
AMRC|2026-08-05|27.66|27.69|25.36|25.66|788627
AMRC|2026-08-06|25.54|27.04|25.35|25.55|837376
AMRC|2026-08-07|26.38|26.84|25.4|25.65|496901
AMRC|2026-08-10|25.6|25.8311|24.5811|25.28|568696
AMRC|2026-08-11|25.87|26.4299|25.29|25.89|427306
AMRC|2026-08-12|28.17|28.44|27.04|27.61|466973
AMRC|2026-08-13|27.19|28.09|27.13|27.79|423444
AMRC|2026-08-14|27.47|28.82|27.4572|27.9|400660
AMRC|2026-08-17|28.2|28.62|27.775|28.5|447519
AMRC|2026-08-18|26.65|26.97|25.43|25.49|984700
AMRC|2026-08-19|25.74|26.73|25.275|25.35|641232
AMRC|2026-08-20|24.41|24.47|22.065|22.19|1936229
AMRC|2026-08-21|22.51|22.63|21.3|21.38|791443
ANF|2026-06-01|75.87|77.23|74.22|75.65|1679424
ANF|2026-06-02|75.96|77.1476|75.015|76.43|907342
ANF|2026-06-03|75.54|76.53|73.92|76.42|1067527
ANF|2026-06-04|77.94|78.02|75.92|77.66|916432
ANF|2026-06-05|78.24|78.39|74.42|75.34|1016588
ANF|2026-06-08|75.37|80.19|75.37|79.52|1382719
ANF|2026-06-09|81.1|84.79|81.1|83.67|1926355
ANF|2026-06-10|83.45|86.73|83.14|85.33|1781617
ANF|2026-06-11|86.22|90.825|85.5|90.62|1488786
ANF|2026-06-12|91.81|93.12|90.0897|90.57|1100550
ANF|2026-06-15|91.96|94.805|90.72|91.1|1621635
ANF|2026-06-16|91.7|93.37|88.95|89.06|1195297
ANF|2026-06-17|89.12|91.435|84.59|84.71|1590343
ANF|2026-06-18|85.6|89.3899|85.6|87.24|1574057
ANF|2026-06-22|85.33|86.57|84.02|86.07|1402317
ANF|2026-06-23|85|86.18|83.98|84.22|1068758
ANF|2026-06-24|85.04|89.73|84.985|88.83|1454096
ANF|2026-06-25|89|91.61|88.59|89.35|1049838
ANF|2026-06-26|88.79|92.49|88.79|91.51|2003602
ANF|2026-06-29|91.65|91.91|86.75|89.39|1146633
ANF|2026-06-30|89.5|91.82|87|90.01|1310954
ANF|2026-07-01|90.32|92.65|89.58|92.32|1022925
ANF|2026-07-02|93.35|93.35|90.56|92.42|1188029
ANF|2026-07-06|92.77|92.77|89.12|89.77|902476
ANF|2026-07-07|89.77|91.1755|87.23|89.02|826855
ANF|2026-07-08|88.56|88.86|85.04|86.88|1138899
ANF|2026-07-09|86.52|89.84|85.9|89.23|769287
ANF|2026-07-10|89.84|93.24|88.5903|93.07|1239481
ANF|2026-07-13|92.35|94.82|91.38|91.59|1197841
ANF|2026-07-14|91.45|93.18|90.67|92.87|1102218
ANF|2026-07-15|92.88|98.465|92.385|97.19|1174787
ANF|2026-07-16|98.28|101.66|97.03|97.37|1212494
ANF|2026-07-17|96.68|98.575|94.3|95.24|998843
ANF|2026-07-20|96.34|96.86|93.13|94.44|872000
ANF|2026-07-21|93.49|94.83|91.055|92.06|574881
ANF|2026-07-22|93.46|96.21|92.515|96.04|675162
ANF|2026-07-23|94.24|94.854|90.45|90.89|894036
ANF|2026-07-24|91.68|95.29|90.07|93.81|822586
ANF|2026-07-27|96|99.71|95.125|99.35|1200742
ANF|2026-07-28|100|105.16|99.88|103.16|1230808
ANF|2026-07-29|100.92|103.27|100.28|102.49|939986
ANF|2026-07-30|100.64|100.9|98.26|100.26|632908
ANF|2026-07-31|100.57|101.05|98.75|99.54|676255
ANF|2026-08-03|102.51|108.91|101.855|108.82|1478941
ANF|2026-08-04|108.745|111.9699|108|110.2|1131587
ANF|2026-08-05|110.09|113.35|107.85|109.45|817017
ANF|2026-08-06|109.88|111.99|108.49|110.48|828055
ANF|2026-08-07|109|112.83|108.155|112.62|688605
ANF|2026-08-10|113.4|118.9713|112.98|118.53|1342682
ANF|2026-08-11|119.9|119.92|115.36|117.97|1101187
ANF|2026-08-12|117.45|117.45|112.149|112.23|1053555
ANF|2026-08-13|113|114.085|108.29|108.82|1182875
ANF|2026-08-14|109.22|109.66|106.19|108.13|704889
ANF|2026-08-17|106.69|109.41|104.93|105.16|805946
ANF|2026-08-18|104.09|107.29|100.43|103.38|1209703
ANF|2026-08-19|104.29|108.02|103.325|105.45|1054192
ANF|2026-08-20|103.53|105.4051|102.2961|105.02|810623
ANF|2026-08-21|107.24|109.53|105.395|109.01|1004043
APPS|2026-06-01|8.87|9.7999|8.78|9.3|13168730
APPS|2026-06-02|9|9.38|8.06|8.55|10332402
APPS|2026-06-03|8.55|8.79|8.09|8.67|5752228
APPS|2026-06-04|8.53|9.4592|8.39|9.32|9148309
APPS|2026-06-05|9.19|9.63|8.67|9.01|7152399
APPS|2026-06-08|9.02|10.07|9|9.35|8590920
APPS|2026-06-09|9.35|10.395|9.2|9.85|11122819
APPS|2026-06-10|9.7|10.8|9.66|10.22|8395333
APPS|2026-06-11|10.22|10.605|9.804|10.14|7664069
APPS|2026-06-12|10.13|10.36|9.56|9.76|6344691
APPS|2026-06-15|9.92|10.245|9.53|9.83|5363647
APPS|2026-06-16|9.83|10.23|8.95|9.4|6380968
APPS|2026-06-17|9.355|9.54|8.585|8.62|5556732
APPS|2026-06-18|8.75|8.88|8.2126|8.61|5901964
APPS|2026-06-22|8.47|9.295|8.4161|9.25|4807362
APPS|2026-06-23|9.09|9.69|9.04|9.26|3557992
APPS|2026-06-24|9.335|10.375|9.13|10.14|6560143
APPS|2026-06-25|10.095|10.49|9.82|10.16|4071443
APPS|2026-06-26|10.04|11.215|9.9|11.07|9066742
APPS|2026-06-29|11.38|13.06|11.34|12.91|7777043
APPS|2026-06-30|12.82|13.44|12.74|12.9|7038676
APPS|2026-07-01|12.9|13.5475|12.765|13.31|4659549
APPS|2026-07-02|13.34|13.6|12.57|12.71|5989208
APPS|2026-07-06|12.44|13.52|11.14|11.18|6278902
APPS|2026-07-07|11.15|11.6|10.38|10.385|4985464
APPS|2026-07-08|10.02|10.52|9.8501|10.5|4217240
APPS|2026-07-09|10.37|11.44|10.3105|11.21|3264108
APPS|2026-07-10|11.21|11.27|10.365|10.56|2112535
APPS|2026-07-13|10.58|10.680525|9.855|9.95|2085956
APPS|2026-07-14|9.77|10.34|9.67|9.82|1930936
APPS|2026-07-15|9.97|10.03|9.33|9.73|1837260
APPS|2026-07-16|9.63|9.6682|8.5725|8.63|2398328
APPS|2026-07-17|8.35|8.52|8.02|8.335|2904639
APPS|2026-07-20|8.34|8.6561|8.3|8.34|2378054
APPS|2026-07-21|8.745|9.19|8.63|9.18|3251957
APPS|2026-07-22|9.32|9.69|8.4|8.49|2510491
APPS|2026-07-23|8.4|8.58|8.03|8.03|2012199
APPS|2026-07-24|8.14|8.71|8.05|8.45|3059553
APPS|2026-07-27|8.63|8.88|8.42|8.59|2284472
APPS|2026-07-28|8.47|8.72|8.13|8.46|1798003
APPS|2026-07-29|8.49|8.735|8.08|8.12|2127206
APPS|2026-07-30|8.24|8.38|7.94|8.19|2028759
APPS|2026-07-31|8.29|8.695|7.845|8.06|2362024
APPS|2026-08-03|8.265|9|8.24|9|3676064
APPS|2026-08-04|9.31|9.73|9.01|9.51|6488107
APPS|2026-08-05|11.95|14.1|11.9|13.17|20646073
APPS|2026-08-06|12.952|14.3699|11.76|14.27|8098412
APPS|2026-08-07|14.37|15.335|13.75|14.34|4682189
APPS|2026-08-10|14.27|15.06|14.19|14.39|3114986
APPS|2026-08-11|14.4|14.51|13|13.04|3619864
APPS|2026-08-12|13.13|13.49|12.06|12.41|4159474
APPS|2026-08-13|12.53|12.915|12.48|12.62|2919130
APPS|2026-08-14|12.67|12.9|12.27|12.44|2976029
APPS|2026-08-17|12.32|12.79|12.0612|12.24|2226135
APPS|2026-08-18|11.94|12.63|11.75|12.12|2511274
APPS|2026-08-19|11.995|12.09|11.13|11.23|3036968
APPS|2026-08-20|11.07|11.155|10.68|10.71|1936537
APPS|2026-08-21|10.71|11|10.625|10.87|1853537
ARGX|2026-06-01|832.86|840.29|825.55|836.09|252099
ARGX|2026-06-02|823.68|823.68|799.68|802.17|289241
ARGX|2026-06-03|799.17|814.81|793.205|813.14|314187
ARGX|2026-06-04|826.72|850.25|822|842.27|228927
ARGX|2026-06-05|846.75|896.6|845.875|891.32|795682
ARGX|2026-06-08|887.03|899.29|871.21|882.41|484365
ARGX|2026-06-09|889.83|898.73|870.225|884|265600
ARGX|2026-06-10|881.11|888.5|861.26|862.18|346289
ARGX|2026-06-11|878.94|901.7|874.4|898.94|315453
ARGX|2026-06-12|900|911.875|891.34|893.52|313038
ARGX|2026-06-15|892.19|892.89|876.65|884.2|422397
ARGX|2026-06-16|881.79|885.07|869.85|878.49|314760
ARGX|2026-06-17|890.29|905.745|883.76|892.26|258066
ARGX|2026-06-18|901.115|902.89|863.96|877.72|351837
ARGX|2026-06-22|902.45|916.56|897.47|903.75|432887
ARGX|2026-06-23|919.29|933.99|842.22|853.4|719292
ARGX|2026-06-24|869.85|878.03|837.74|852.5|661741
ARGX|2026-06-25|862.82|895.7416|862.82|888.65|531719
ARGX|2026-06-26|893.75|907.36|880.73|887.18|400595
ARGX|2026-06-29|896.44|913.82|890|912.46|270130
ARGX|2026-06-30|919.82|931.88|909.7025|927.77|348691
ARGX|2026-07-01|929.965|930.47|898.15|909.5|369379
ARGX|2026-07-02|928.59|953.58|921.15|939.68|378143
ARGX|2026-07-06|938.19|940.255|914.19|916.8|261356
ARGX|2026-07-07|929.895|935.46|915.7775|919.94|382687
ARGX|2026-07-08|914.15|920.3|906.2275|915.3|243628
ARGX|2026-07-09|910.15|925.31|905.4469|909.49|283665
ARGX|2026-07-10|904.79|904.79|868.545|877.62|322501
ARGX|2026-07-13|870.91|878.16|855.78|876.25|374451
ARGX|2026-07-14|871.04|879.89|858.13|859.43|265928
ARGX|2026-07-15|860.67|866.72|854.17|862.93|176460
ARGX|2026-07-16|862.305|866.22|852.63|857.97|204821
ARGX|2026-07-17|847.66|862.55|843.585|860.55|277013
ARGX|2026-07-20|863.35|871.8|846.17|846.19|244801
ARGX|2026-07-21|861.55|877.58|859.42|874.74|256568
ARGX|2026-07-22|870.29|874.63|850.02|851.72|213322
ARGX|2026-07-23|871.005|927.08|845.3|924.6|607664
ARGX|2026-07-24|935|935.88|910.1923|918.22|312072
ARGX|2026-07-27|915.835|919.16|888.285|888.82|256616
ARGX|2026-07-28|888.6|895.5806|870|872.23|293943
ARGX|2026-07-29|874.33|886.2|873.87|882.56|226320
ARGX|2026-07-30|861|875.25|855.87|872.58|256507
ARGX|2026-07-31|872.36|873.08|846.155|853.82|294613
ARGX|2026-08-03|838.99|841.89|826.445|830.79|250392
ARGX|2026-08-04|840.76|850.355|832.71|844.5|264378
ARGX|2026-08-05|868.63|878.72|855.14|867.94|358791
ARGX|2026-08-06|875.66|884.75|863.88|875.3|227042
ARGX|2026-08-07|890.47|894.03|862.6|865.04|249975
ARGX|2026-08-10|867.55|887.41|860|866.11|361133
ARGX|2026-08-11|873.91|876.38|855.79|864.74|451297
ARGX|2026-08-12|858.54|881.4399|857.52|876|172617
ARGX|2026-08-13|878.94|878.94|856.29|856.94|171351
ARGX|2026-08-14|845.36|852.08|837.42|851.29|278694
ARGX|2026-08-17|927.33|1002.1566|925.62|987.84|680449
ARGX|2026-08-18|988.49|1009.745|980.45|992.99|333895
ARGX|2026-08-19|1020.51|1035.09|1011.95|1032.86|380428
ARGX|2026-08-20|1019.16|1039.3|1018.98|1038.12|258229
ARGX|2026-08-21|1034.98|1058.69|1029.46|1039.78|377171
ARM|2026-06-01|389.95|421.6899|381.25|408.85|20446718
ARM|2026-06-02|401.13|427.99|387.903|402.71|15015286
ARM|2026-06-03|407.535|417.5|373.89|411.83|11673163
ARM|2026-06-04|380.41|397.4499|367.52|393.44|10712269
ARM|2026-06-05|369.75|373.74|337.5513|342.93|14775887
ARM|2026-06-08|354|364.35|339.006|346.39|8936122
ARM|2026-06-09|362.255|362.575|298.38|324.86|13369447
ARM|2026-06-10|314.47|332.1|304.11|307.43|7925929
ARM|2026-06-11|314.42|344.68|310.183|342.23|8647936
ARM|2026-06-12|353.12|385.8|350.04|380.81|16404375
ARM|2026-06-15|390.5|416.1737|369.25|412.55|13931244
ARM|2026-06-16|401|428.6|395.88|396.34|12327165
ARM|2026-06-17|411.98|444.8|400.14|418.88|11537557
ARM|2026-06-18|440.245|452.7|423.62|439.46|34136293
ARM|2026-06-22|440.03|444.95|401.95|407.72|9343774
ARM|2026-06-23|370|389.8|362.9|366.39|10874411
ARM|2026-06-24|373.33|374.56|344.12|359.08|8408515
ARM|2026-06-25|379.765|379.97|339.5201|347.71|8311837
ARM|2026-06-26|335.07|339.9|326.8|334.27|7686862
ARM|2026-06-29|336.25|346.1499|303.67|343.58|8349017
ARM|2026-06-30|349.77|361.9499|342.0715|354.57|6240308
ARM|2026-07-01|341.245|346.67|332|337.47|5037595
ARM|2026-07-02|337.24|358.49|309.74|315.28|7530657
ARM|2026-07-06|324.27|338.2441|321.5|322.24|5270002
ARM|2026-07-07|305.93|314.9|293.99|300.43|7275778
ARM|2026-07-08|297.535|311.365|290.45|300.24|5869492
ARM|2026-07-09|318.315|339.44|311.15|327.87|7061516
ARM|2026-07-10|322.7|328.2806|317.88|323.39|2758207
ARM|2026-07-13|311.43|311.43|293.5|298.99|5017068
ARM|2026-07-14|310.035|310.5|276.26|281.17|8183036
ARM|2026-07-15|281.09|288.4999|265.2|277.01|5675486
ARM|2026-07-16|268.54|268.66|252.61|262.01|9730109
ARM|2026-07-17|249.865|272.88|243.12|267.19|7992930
ARM|2026-07-20|272|277.4|268.06|269.61|3363159
ARM|2026-07-21|285.47|294|274.5|289.73|5096309
ARM|2026-07-22|280.48|288.44|279.501|283.4|2564276
ARM|2026-07-23|275.47|284|274.77|283.04|3504724
ARM|2026-07-24|282.77|288.9899|258.43|260.01|4857764
ARM|2026-07-27|263.48|268.2|251.61|266.33|5028110
ARM|2026-07-28|252.99|253.61|240.38|244.74|5779954
ARM|2026-07-29|241.5|243.245|222.56|224.89|9028057
ARM|2026-07-30|258|268.48|232.67|241.54|12711389
ARM|2026-07-31|258.95|261.905|239.26|239.69|7192379
ARM|2026-08-03|230.01|241.9|219.39|239.06|6008998
ARM|2026-08-04|253.4|283.269|251.1|280.56|9756915
ARM|2026-08-05|274.56|281.59|268.62|274.58|4411483
ARM|2026-08-06|267.03|295.57|266.88|286.68|4356932
ARM|2026-08-07|298.965|299.285|275|282.57|3814988
ARM|2026-08-10|281.26|282.8|267.31|267.85|3162508
ARM|2026-08-11|273.1|273.3897|265.37|268.93|3168835
ARM|2026-08-12|279.96|280.16|266.5915|271.87|3344114
ARM|2026-08-13|266.99|290.21|266.241|278.65|4786687
ARM|2026-08-14|278.23|281.6699|274.455|279.44|2083526
ARM|2026-08-17|285|287.15|271.28|271.43|3689778
ARM|2026-08-18|257|258.5|247.6|253.32|6309501
ARM|2026-08-19|257|268|241.5|249.34|4301199
ARM|2026-08-20|246.4|251.23|242.28|250.72|2636028
ARM|2026-08-21|253.46|255.93|242.5|243.32|3678799
ARWR|2026-06-01|76.94|77.18|73.41|75.2|2272703
ARWR|2026-06-02|74.07|74.41|69.3|70.82|2009131
ARWR|2026-06-03|71.39|74.3599|70.32|72.55|1484143
ARWR|2026-06-04|73.45|75.89|72.01|75.16|1130252
ARWR|2026-06-05|74.46|75.43|72.09|73.09|1227764
ARWR|2026-06-08|73.2|74.37|72.38|73.86|1204680
ARWR|2026-06-09|75|76.2|69.71|73.33|1414878
ARWR|2026-06-10|73.33|74.87|69.51|70.73|1546381
ARWR|2026-06-11|71.95|75.2|70.715|74.41|1350416
ARWR|2026-06-12|74.53|75.45|73.285|74.52|1182200
ARWR|2026-06-15|74.55|77.48|74.485|77.15|1114195
ARWR|2026-06-16|77.56|78.09|74.79|76.55|917022
ARWR|2026-06-17|76.55|82.48|75.93|81.04|3099027
ARWR|2026-06-18|82.57|84.5487|79.8|81.82|3863259
ARWR|2026-06-22|83|83.998|81.68|82|1510222
ARWR|2026-06-23|80|82.5295|79.685|79.9|1393522
ARWR|2026-06-24|80.72|82.84|79.31|79.81|2047837
ARWR|2026-06-25|79.65|83.42|78.055|79.27|2429904
ARWR|2026-06-26|78.94|82.295|77.45|78.89|18896244
ARWR|2026-06-29|79.79|80.59|78.17|80.5|1647542
ARWR|2026-06-30|80.52|84.055|78.865|81.51|2715362
ARWR|2026-07-01|82.28|82.385|78.81|80.44|1975591
ARWR|2026-07-02|81.14|83.99|79.915|83.99|1701895
ARWR|2026-07-06|84.59|87.83|83.13|86.55|2433760
ARWR|2026-07-07|87.275|87.57|83.79|86.97|1914684
ARWR|2026-07-08|85.87|86.8629|84.19|85.74|1660050
ARWR|2026-07-09|86.12|87.73|83.3015|84|1433436
ARWR|2026-07-10|84.48|84.48|76.18|76.4|2951742
ARWR|2026-07-13|74.82|74.89|72.66|74.11|2479784
ARWR|2026-07-14|74.42|75.325|71.81|71.91|1621200
ARWR|2026-07-15|71.91|72.67|69.88|71.82|1863663
ARWR|2026-07-16|70.92|73|69.95|71.375|2578657
ARWR|2026-07-17|70.92|74.8|70.01|74.3|3774928
ARWR|2026-07-20|74.35|75.06|71|71.65|2410632
ARWR|2026-07-21|72.81|74.7|72.62|74.52|1612474
ARWR|2026-07-22|85.46|95.4899|84.34|88.7|7011639
ARWR|2026-07-23|88.72|89.15|86.26|86.78|2478874
ARWR|2026-07-24|86.84|87.5|85.06|85.6|1825096
ARWR|2026-07-27|85.77|87.93|85.21|85.53|2403642
ARWR|2026-07-28|86.31|86.64|82.77|85.78|1694511
ARWR|2026-07-29|85.56|87.89|84.34|86.22|1783637
ARWR|2026-07-30|87.61|88.16|85.19|87.32|1367151
ARWR|2026-07-31|86.93|87.1|84.53|84.65|1657344
ARWR|2026-08-03|84.815|86.01|81.61|86.01|1267457
ARWR|2026-08-04|87|89.67|86.325|89.59|2030880
ARWR|2026-08-05|87.49|90.81|85.975|86.91|1674565
ARWR|2026-08-06|86.48|87.815|85.1901|85.83|1050341
ARWR|2026-08-07|88|88.67|86.4781|87.65|948140
ARWR|2026-08-10|87.56|88.88|86.5|88.33|854038
ARWR|2026-08-11|88.94|90.97|88.45|89.24|1042509
ARWR|2026-08-12|89.09|90.61|87.16|87.25|1111337
ARWR|2026-08-13|87.6|88.055|84.76|85.59|1098649
ARWR|2026-08-14|84.75|87.17|83.78|86.64|817759
ARWR|2026-08-17|86.44|88.94|86.26|88.7|926897
ARWR|2026-08-18|87.72|88.35|85.98|87.9|961406
ARWR|2026-08-19|89.51|90|87.58|89.41|1269347
ARWR|2026-08-20|88.23|88.45|85.9|87.47|896824
ARWR|2026-08-21|87.9|88.46|85.94|87.11|1089766
ARX|2026-06-01|16.26|16.72|15.86|15.87|948718
ARX|2026-06-02|15.63|16|15.45|15.64|1843168
ARX|2026-06-03|15.41|15.535|14.58|14.61|913760
ARX|2026-06-04|14.97|15.33|14.49|14.75|1000842
ARX|2026-06-05|14.81|15.16|14.53|14.99|881863
ARX|2026-06-08|14.97|15|14.31|14.32|1075839
ARX|2026-06-09|14.11|14.68|14.01|14.04|1012616
ARX|2026-06-10|13.96|14.95|13.76|14.12|1819305
ARX|2026-06-11|14.33|14.89|13.08|13.12|2381883
ARX|2026-06-12|13.13|13.395|12.48|13.03|1188998
ARX|2026-06-15|12.89|13.24|12.425|13|1717316
ARX|2026-06-16|13.33|13.6|13.06|13.35|2643332
ARX|2026-06-17|13.35|13.99|13.12|13.12|1008766
ARX|2026-06-18|12.95|13.2|12.405|12.99|1517572
ARX|2026-06-22|13.12|13.6699|12.89|12.89|1090349
ARX|2026-06-23|13.01|13.32|12.65|13.13|1441179
ARX|2026-06-24|13.23|13.875|12.99|13.37|1732079
ARX|2026-06-25|13.17|13.36|12.76|13.05|3087372
ARX|2026-06-26|13.1|13.805|12.7835|13.74|12208990
ARX|2026-06-29|13.8|13.8|12.61|12.63|2146792
ARX|2026-06-30|12.63|12.785|11.66|11.72|1587053
ARX|2026-07-01|11.91|13.04|11.91|12.84|1689647
ARX|2026-07-02|12.97|14.03|12.97|13.77|1672735
ARX|2026-07-06|13.49|13.767485|13.12|13.25|1013383
ARX|2026-07-07|13.57|13.66|12.6|13.47|3120090
ARX|2026-07-08|13.5|13.5|12.54|13.07|2261484
ARX|2026-07-09|12.81|12.85|12.2351|12.72|2577510
ARX|2026-07-10|12.86|12.97|12.08|12.64|2477304
ARX|2026-07-13|12.91|13.5|12.75|13.34|1278432
ARX|2026-07-14|13.38|13.535|12.61|12.67|1295365
ARX|2026-07-15|12.53|13|12.36|12.68|1124543
ARX|2026-07-16|12.92|13.97|12.77|13.96|1435221
ARX|2026-07-17|13.99|14.4399|13.48|13.52|902138
ARX|2026-07-20|13.32|13.705|13.01|13.58|972391
ARX|2026-07-21|13.28|13.76|13.23|13.52|1039730
ARX|2026-07-22|13.5|13.69|13.04|13.46|1312038
ARX|2026-07-23|13.44|13.7875|13.14|13.77|1015481
ARX|2026-07-24|13.92|14.505|13.829|14.23|1480442
ARX|2026-07-27|14.34|14.84|14.27|14.61|1723935
ARX|2026-07-28|14.83|15.17|14.14|14.72|8695253
ARX|2026-07-29|14.5|14.6|12.34|12.4|4242162
ARX|2026-07-30|12.1|12.39|10.855|11.2|4941182
ARX|2026-07-31|11.03|12.0025|10.765|11.88|6472293
ARX|2026-08-03|12.06|12.24|11.815|12.02|2055961
ARX|2026-08-04|12.06|12.3|11.84|12.17|1414278
ARX|2026-08-05|12.26|12.405|11.91|12.26|1341426
ARX|2026-08-06|12.3|12.4551|12.05|12.29|954760
ARX|2026-08-07|12.11|12.59|12.1|12.46|1079625
ARX|2026-08-10|12.33|12.37|11.89|12.04|927084
ARX|2026-08-11|12.02|12.57|12.02|12.52|1282590
ARX|2026-08-12|12.42|13.645|12.35|13.61|2200340
ARX|2026-08-13|19.61|19.62|19.45|19.51|70140925
ARX|2026-08-14|19.57|19.66|19.5|19.58|19772774
ARX|2026-08-17|19.57|19.64|19.53|19.54|5522791
ARX|2026-08-18|19.57|19.62|19.53|19.56|8446779
ARX|2026-08-19|19.58|19.585|19.53|19.55|4669628
ARX|2026-08-20|19.55|19.605|19.54|19.57|4083683
ARX|2026-08-21|19.57|19.63|19.54|19.59|5399135
ATAI|2026-06-01|4.5|4.98|4.425|4.82|7021676
ATAI|2026-06-02|4.78|5|4.685|4.81|7185699
ATAI|2026-06-03|4.78|4.78|4.46|4.53|4803654
ATAI|2026-06-04|4.5|4.745|4.4233|4.5|4535107
ATAI|2026-06-05|4.46|4.485|3.78|3.95|9191359
ATAI|2026-06-08|4.09|4.115|3.8|3.81|4923176
ATAI|2026-06-09|3.85|4.005|3.76|3.89|5388937
ATAI|2026-06-10|3.84|4.005|3.77|3.78|3268701
ATAI|2026-06-11|3.8|3.88|3.6701|3.8|4811512
ATAI|2026-06-12|3.8|4.05|3.77|3.92|4980003
ATAI|2026-06-15|3.98|4.0665|3.83|3.84|3337414
ATAI|2026-06-16|3.84|4.34|3.83|4.14|9998766
ATAI|2026-06-17|4.1|4.195|3.9935|4.07|3971427
ATAI|2026-06-18|4.16|4.2183|3.995|4.06|6619187
ATAI|2026-06-22|4.17|4.23|4.03|4.05|5416713
ATAI|2026-06-23|3.99|4.235|3.96|4.1|3962696
ATAI|2026-06-24|4.105|4.29|4.08|4.17|4980847
ATAI|2026-06-25|4.15|4.815|4.15|4.58|10988138
ATAI|2026-06-26|4.5|5.31|4.4209|5.29|63174450
ATAI|2026-06-29|5.06|5.38|5.05|5.36|10405593
ATAI|2026-06-30|5.325|5.52|5.24|5.27|8286914
ATAI|2026-07-01|5.205|5.26|4.8|4.88|8206070
ATAI|2026-07-02|4.88|5.27|4.77|5.19|11314894
ATAI|2026-07-06|5.07|5.45|4.82|4.96|11532437
ATAI|2026-07-07|5.02|5.24|4.78|5.19|7682424
ATAI|2026-07-08|5.11|5.4|5.01|5.17|10122007
ATAI|2026-07-09|5.21|5.4575|5.21|5.33|7507330
ATAI|2026-07-10|5.35|5.39|5.03|5.17|7995456
ATAI|2026-07-13|5.1|5.1|4.81|4.97|7854859
ATAI|2026-07-14|4.98|5.77|4.97|5.67|11463617
ATAI|2026-07-15|5.75|5.76|5.3|5.36|6141063
ATAI|2026-07-16|7.065|7.22|7.02|7.15|165634412
ATAI|2026-07-17|7.085|7.22|7.08|7.22|41794258
ATAI|2026-07-20|7.16|7.21|7.1|7.19|22277497
ATAI|2026-07-21|7.165|7.21|7.13|7.135|13794681
ATAI|2026-07-22|7.15|7.19|7.14|7.18|10971702
ATAI|2026-07-23|7.16|7.2|7.15|7.17|9035012
ATAI|2026-07-24|7.17|7.19|7.1607|7.18|6956492
ATAI|2026-07-27|7.17|7.195|7.16|7.17|9630611
ATAI|2026-07-28|7.17|7.2|7.15|7.18|17239561
ATAI|2026-07-29|7.165|7.19|7.16|7.18|18592054
ATAI|2026-07-30|7.175|7.21|7.17|7.18|14877159
ATAI|2026-07-31|7.19|7.21|7.18|7.18|8911405
ATAI|2026-08-03|7.18|7.19|7.16|7.18|14779817
ATAI|2026-08-04|7.17|7.18|7.16|7.18|6318351
ATAI|2026-08-05|7.18|7.22|7.17|7.22|9546622
ATAI|2026-08-06|7.2|7.22|7.18|7.18|4415477
ATAI|2026-08-07|7.2|7.25|7.2|7.25|6403907
ATAI|2026-08-10|7.22|7.26|7.22|7.25|3449955
ATAI|2026-08-11|7.24|7.26|7.21|7.21|3661309
ATAI|2026-08-12|7.22|7.23|7.22|7.23|3857257
ATAI|2026-08-13|7.22|7.25|7.22|7.25|4095939
ATAI|2026-08-14|7.24|7.28|7.23|7.26|6098027
ATAI|2026-08-17|7.245|7.25|7.24|7.24|7604501
ATAI|2026-08-18|7.25|7.325|7.24|7.29|10493238
ATAI|2026-08-19|7.28|7.37|7.27|7.36|9129647
ATAI|2026-08-20|7.38|7.45|7.35|7.42|9223368
ATAI|2026-08-21|7.41|7.45|7.38|7.38|4307310
ATRO|2026-06-01|71.8833|72.8093|70.0083|70.9167|524100
ATRO|2026-06-02|70.9167|73.0333|70.431|71.3417|385881
ATRO|2026-06-03|70.8542|72.1083|68.95|69.5917|504360
ATRO|2026-06-04|70.275|73.8583|69.6292|72.775|609001
ATRO|2026-06-05|71.775|73.5833|69.9|70.6|637036
ATRO|2026-06-08|72.2042|72.4083|70.2167|70.2667|307026
ATRO|2026-06-09|71.1083|73.3083|66.825|70.4917|1669676
ATRO|2026-06-10|70.325|71.8208|68.125|68.6167|587868
ATRO|2026-06-11|70.6417|79.125|70.3918|79|1553150
ATRO|2026-06-12|80.1667|83.2417|78.8313|80|1056300
ATRO|2026-06-15|81.61|82.63|74.83|75.69|951398
ATRO|2026-06-16|75.69|77.2|75|75.5|511511
ATRO|2026-06-17|75.02|81.56|73.51|80.06|994392
ATRO|2026-06-18|82.54|83.78|79.14|80.56|1693541
ATRO|2026-06-22|81.24|82.54|79.59|81.85|566480
ATRO|2026-06-23|79.03|83.75|78.22|82.7|577065
ATRO|2026-06-24|83.92|88.275|83.445|84.86|780054
ATRO|2026-06-25|85.69|88.72|85.12|87.15|599612
ATRO|2026-06-26|86.34|86.9|82.574|84.32|1243856
ATRO|2026-06-29|84.26|85.89|83.24|85.66|546016
ATRO|2026-06-30|86.01|86.19|75.83|81.26|1731969
ATRO|2026-07-01|80.45|81.61|75.6801|76.06|1109914
ATRO|2026-07-02|75.775|76.16|70.2|70.83|1103998
ATRO|2026-07-06|71.885|73.19|70.849283|71.79|858028
ATRO|2026-07-07|70.595|72.4124|69.92|70.19|924727
ATRO|2026-07-08|69.89|71.99|69.45|71.17|750860
ATRO|2026-07-09|71.67|72.52|70.41|71.86|494633
ATRO|2026-07-10|71.18|73.68|69.96|72.5|873975
ATRO|2026-07-13|71.89|73.4|70.91|72.03|354673
ATRO|2026-07-14|73.57|74.21|72.32|72.45|400468
ATRO|2026-07-15|72.45|73.35|69.74|71.46|461821
ATRO|2026-07-16|70.34|70.478|65.77|66.04|670044
ATRO|2026-07-17|64.96|68.365|64.22|67.26|474526
ATRO|2026-07-20|67.49|69.56|67.19|67.25|340318
ATRO|2026-07-21|68|70|67.54|69|456154
ATRO|2026-07-22|69|71.11|68.37|70.89|391306
ATRO|2026-07-23|71.07|73.09|70.46|71|569248
ATRO|2026-07-24|72.05|72.39|69.71|69.85|407260
ATRO|2026-07-27|69.85|71.62|68.05|70.24|400603
ATRO|2026-07-28|69.63|69.63|66.9|68.33|515185
ATRO|2026-07-29|68.33|68.43|64.55|65.14|639401
ATRO|2026-07-30|67.01|68.8299|65.99|68.41|611858
ATRO|2026-07-31|69.39|70.005|67.34|69.49|295377
ATRO|2026-08-03|69.71|71.825|68.98|71.12|448502
ATRO|2026-08-04|72.86|76.18|71.86|75.58|473759
ATRO|2026-08-05|76.5|77.69|76.11|77.14|427957
ATRO|2026-08-06|76.29|80.8|75.76|76.04|513539
ATRO|2026-08-07|76.6|78.4299|73.645|77.75|580946
ATRO|2026-08-10|79.265|79.265|75.12|75.46|461546
ATRO|2026-08-11|75.52|77|74.09|74.91|730432
ATRO|2026-08-12|84.22|92.5|79.5|87.89|2154927
ATRO|2026-08-13|86.57|94.46|85.02|92.61|1515767
ATRO|2026-08-14|92.61|94.08|90.53|93.45|589257
ATRO|2026-08-17|93.77|94.31|91.8|93.05|488086
ATRO|2026-08-18|91.48|91.48|84.79|86.12|941771
ATRO|2026-08-19|86.06|86.215|81.02|81.67|488749
ATRO|2026-08-20|81.05|81.4|75.91|76.06|637163
ATRO|2026-08-21|76.66|78.56|74.2307|78|528003
AVAV|2026-06-01|202.68|208.94|198.14|204.09|1363294
AVAV|2026-06-02|203.9|204.51|196.6|204.35|1101391
AVAV|2026-06-03|201.51|201.51|189.13|191.47|1314024
AVAV|2026-06-04|190.95|205.552|189.12|204.4|1016732
AVAV|2026-06-05|199.29|200.87|181.2|185.92|1115883
AVAV|2026-06-08|187.01|190.22|183.93|184.68|891634
AVAV|2026-06-09|184.02|186.88|169|176.51|1105302
AVAV|2026-06-10|173.89|177.5|172|172.93|798662
AVAV|2026-06-11|172.17|184.55|170.1001|183.69|669511
AVAV|2026-06-12|183.62|183.62|170.18|170.58|1026985
AVAV|2026-06-15|174.41|176|169.4001|171.95|961068
AVAV|2026-06-16|170.33|171.6|164.56|166.71|1027837
AVAV|2026-06-17|166|172.16|165|167.11|724582
AVAV|2026-06-18|170.8|172.99|163.94|169.61|1556925
AVAV|2026-06-22|160.75|163.83|150.355|151.33|2319971
AVAV|2026-06-23|148.02|151.81|147.75|149.08|1028860
AVAV|2026-06-24|147.81|148.6599|141.73|142.18|1072771
AVAV|2026-06-25|141.1|141.1|135.2|136.68|1512602
AVAV|2026-06-26|135.72|143.37|135.72|137.95|5843263
AVAV|2026-06-29|143.6|146.9371|139|139|2623821
AVAV|2026-06-30|176.5|178.5|157.791|165.07|7982091
AVAV|2026-07-01|170|181.2699|164|172.44|2809566
AVAV|2026-07-02|180.25|200.38|176.6|190.89|4115651
AVAV|2026-07-06|190.21|192|176.36|176.84|2368189
AVAV|2026-07-07|175|177.1|162.4|162.53|2219289
AVAV|2026-07-08|165.67|168.89|157.01|157.78|2363102
AVAV|2026-07-09|153|153.51|146.13|148.4|2290303
AVAV|2026-07-10|147.02|148.41|143.01|144.58|1334307
AVAV|2026-07-13|144.08|146|141.15|141.8|1237120
AVAV|2026-07-14|142.92|147.5|142.225|143.47|1051269
AVAV|2026-07-15|143|148.9599|139.1|141.22|1304504
AVAV|2026-07-16|146.23|151.88|143.4716|149.29|2191220
AVAV|2026-07-17|144.77|148.3499|142.02|142.2|1254736
AVAV|2026-07-20|142.6|145.78|140.01|142.6|1322603
AVAV|2026-07-21|141.745|150.74|140.95|148.84|1572074
AVAV|2026-07-22|150.36|157.3799|148.835|150.35|1817693
AVAV|2026-07-23|153.04|162.2999|152|158.73|1642996
AVAV|2026-07-24|159.65|159.9|149.33|149.51|1108483
AVAV|2026-07-27|149.82|156.54|148.25|154.24|971885
AVAV|2026-07-28|151.81|156.4753|147.18|156.35|1036152
AVAV|2026-07-29|154.47|155.3|141.68|142.12|1285058
AVAV|2026-07-30|144.07|147.33|140.4274|146.57|943163
AVAV|2026-07-31|148.77|150.75|142.8017|149.37|941601
AVAV|2026-08-03|151.22|159.33|150.25|159.18|960696
AVAV|2026-08-04|160.355|170.3|160.0801|169.02|1836756
AVAV|2026-08-05|173.99|176.2092|166.6451|168.06|1003702
AVAV|2026-08-06|166.11|174.79|165|171.12|1039753
AVAV|2026-08-07|172.7|187.5|168.74|186.73|1899280
AVAV|2026-08-10|186.39|190.955|180.5|189.15|1425556
AVAV|2026-08-11|188.6|196.32|185|196.02|981944
AVAV|2026-08-12|196.82|196.82|191.18|193.81|1018609
AVAV|2026-08-13|190.002|194.2999|185.6801|189.43|897803
AVAV|2026-08-14|201.51|207.83|188.14|192.81|1543749
AVAV|2026-08-17|191.98|191.9899|180.66|181.13|1051314
AVAV|2026-08-18|175.53|182.6472|173.63|174.14|771018
AVAV|2026-08-19|172.67|174.7099|167.38|172.74|1001032
AVAV|2026-08-20|170.11|170.12|155.81|159.79|1612818
AVAV|2026-08-21|161.505|164.27|159.79|160.22|1169462
AXTI|2026-06-01|95|115.82|93.231|109.55|11323372
AXTI|2026-06-02|115.88|123.2|107.5001|110.85|10318288
AXTI|2026-06-03|109.77|115.12|103.8072|106.7|6086830
AXTI|2026-06-04|103.29|112.99|101.5001|105.99|5509876
AXTI|2026-06-05|101.55|104.55|87.27|89.04|9663581
AXTI|2026-06-08|93.005|96.56|89.08|90.775|5747086
AXTI|2026-06-09|95.71|96.67|76|78.36|10635946
AXTI|2026-06-10|81.6|90.35|79.56|85.29|9302142
AXTI|2026-06-11|90.5|90.76|81.8|88.34|8977445
AXTI|2026-06-12|90.6|103.5|87.22|97.18|10440608
AXTI|2026-06-15|107.325|116.7499|105.01|110.74|11769278
AXTI|2026-06-16|108.6|110.8|92.9|93.04|11383373
AXTI|2026-06-17|96.395|98.48|91.3|92.11|6312127
AXTI|2026-06-18|96.5|98.02|81|84.57|12268168
AXTI|2026-06-22|93.52|95.8|84.41|92.44|11911599
AXTI|2026-06-23|83.95|88.4199|76.4|77.91|12945388
AXTI|2026-06-24|77.74|77.98|67.01|70.14|13727925
AXTI|2026-06-25|73.575|73.575|64|69.06|9216227
AXTI|2026-06-26|66.8|70.67|65.17|70.15|16570750
AXTI|2026-06-29|67.155|72.22|64.37|71.46|6442873
AXTI|2026-06-30|70.97|73.16|69|72.08|4996321
AXTI|2026-07-01|67.957|68.6|63.4301|65.03|6260926
AXTI|2026-07-02|63.52|67|53.36|56.62|10052204
AXTI|2026-07-06|61.4|68.38|60.27|63.52|11981982
AXTI|2026-07-07|59.315|66.2999|57.665|58.15|8150217
AXTI|2026-07-08|58.77|64.4|56.8|60.12|7366092
AXTI|2026-07-09|64.82|66.95|61.59|62.55|7810502
AXTI|2026-07-10|61.2|61.9|54.17|57.21|7589298
AXTI|2026-07-13|55|55.42|47.93|50.46|12223852
AXTI|2026-07-14|54.82|58.58|52.76|57.57|10164614
AXTI|2026-07-15|55.77|58.4999|50.8|53.42|6599399
AXTI|2026-07-16|50.91|51.38|45.02|45.57|9150280
AXTI|2026-07-17|43.32|48.2799|41.93|45.86|8195704
AXTI|2026-07-20|46.02|50.94|45.89|48.83|6668280
AXTI|2026-07-21|52.34|56.705|51.2|56.51|9284660
AXTI|2026-07-22|54.055|56.83|52.48|52.98|4818079
AXTI|2026-07-23|51.403|57.616|51.32|52.93|4839862
AXTI|2026-07-24|51|51.84|46.2|47.23|5717262
AXTI|2026-07-27|48.51|50.05|44.1513|47.88|5567780
AXTI|2026-07-28|44.25|44.25|39.86|42.76|8290228
AXTI|2026-07-29|44|44.57|36.73|36.97|7818903
AXTI|2026-07-30|41.235|48.67|41.075|46.94|17182271
AXTI|2026-07-31|66.705|68.9199|55.61|60.43|29482768
AXTI|2026-08-03|56.89|71.21|53.66|68.67|17470082
AXTI|2026-08-04|64.8|68.75|60.03|65.27|23495932
AXTI|2026-08-05|63.515|76.96|62.6|68.61|13542524
AXTI|2026-08-06|69.08|77.3997|67.195|75.17|11266896
AXTI|2026-08-07|79.14|89.489|78.5|88.58|19043421
AXTI|2026-08-10|89.575|90.39|73.23|73.81|18487315
AXTI|2026-08-11|74.76|75.6|71.61|73.78|7441113
AXTI|2026-08-12|83.05|83.88|73.1|78.47|11198392
AXTI|2026-08-13|75.192|80.87|75.15|77.45|7407488
AXTI|2026-08-14|78.49|85.42|76.75|81.64|9585829
AXTI|2026-08-17|85.895|97.79|84.59|95.97|15231954
AXTI|2026-08-18|88.7|94.86|80.37|82.31|15990615
AXTI|2026-08-19|84.5|85.45|73.01|73.43|15105091
AXTI|2026-08-20|73.04|74.6899|69.3|73.12|7655767
AXTI|2026-08-21|75.42|75.88|68.3|70.74|8347889
BBWI|2026-06-01|19.89|20.11|18.46|18.63|6463575
BBWI|2026-06-02|18.74|18.855|18.12|18.72|5401236
BBWI|2026-06-03|18.53|18.827|17.755|18.02|4509167
BBWI|2026-06-04|18.31|18.42|17.72|17.94|4745465
BBWI|2026-06-05|17.8|18.045|17.275|17.43|4451395
BBWI|2026-06-08|17.41|18.41|17.2921|18.3|5843100
BBWI|2026-06-09|18.5|18.9|18.04|18.3|5593221
BBWI|2026-06-10|18|18.625|17.82|18.12|5169266
BBWI|2026-06-11|17.92|18.84|17.9|18.82|4837889
BBWI|2026-06-12|18.9|19.545|18.64|19.4|4612724
BBWI|2026-06-15|19.75|19.88|19.1301|19.46|6025869
BBWI|2026-06-16|20.05|21.15|19.73|21.07|8155642
BBWI|2026-06-17|21.4|21.705|20.42|20.48|4936696
BBWI|2026-06-18|20.89|21.185|20.48|20.56|6107078
BBWI|2026-06-22|20.77|20.77|19.43|19.63|6770787
BBWI|2026-06-23|19.77|21.125|19.4003|20.72|6305614
BBWI|2026-06-24|21.23|21.895|21.03|21.81|5024479
BBWI|2026-06-25|21.92|22.53|21.735|21.82|5847221
BBWI|2026-06-26|21.86|23.015|21.74|22.86|6407757
BBWI|2026-06-29|22.83|23.725|22.29|23.5|6121048
BBWI|2026-06-30|22.84|23.41|22.51|23.13|6254976
BBWI|2026-07-01|23.22|23.41|22.155|22.37|5641901
BBWI|2026-07-02|22.38|22.73|21.365|21.96|5560274
BBWI|2026-07-06|21.75|22.32|20.9692|21.92|4142581
BBWI|2026-07-07|21.94|22.11|20.58|20.62|6687549
BBWI|2026-07-08|19.645|19.855|18.975|19.39|7953150
BBWI|2026-07-09|19.39|20.185|19.15|19.93|4148894
BBWI|2026-07-10|20.11|20.585|19.82|20.33|3692676
BBWI|2026-07-13|20.73|21.1|20.24|20.42|4550570
BBWI|2026-07-14|20.59|21.03|19.83|20.04|4297748
BBWI|2026-07-15|20.08|20.91|19.97|20.66|4350147
BBWI|2026-07-16|20.93|21.795|20.93|21.12|5809966
BBWI|2026-07-17|20.9|21.71|20.7|20.87|5030477
BBWI|2026-07-20|20.82|20.985|20.22|20.51|4479496
BBWI|2026-07-21|20.09|20.35|19.71|20.27|4908465
BBWI|2026-07-22|19.99|20.33|19.92|20.06|3798214
BBWI|2026-07-23|19.58|19.885|19.13|19.34|4874263
BBWI|2026-07-24|19.5|20.22|19.125|19.9|4537600
BBWI|2026-07-27|20.41|20.7|20.02|20.49|5512415
BBWI|2026-07-28|20.76|21.05|20.41|20.5|4930640
BBWI|2026-07-29|20.03|20.44|19.445|19.7|5326752
BBWI|2026-07-30|19.82|20.02|19.405|19.95|4036903
BBWI|2026-07-31|19.98|20.21|19.61|20.12|4037888
BBWI|2026-08-03|20.55|21|20.16|20.97|4805938
BBWI|2026-08-04|20.9|21.13|20.7|21.06|4242825
BBWI|2026-08-05|21.52|21.564|20.575|20.79|3696600
BBWI|2026-08-06|20.6|20.93|20.12|20.14|4428552
BBWI|2026-08-07|20.2|20.535|19.875|20.36|4533018
BBWI|2026-08-10|19.94|20.055|19.29|19.32|7319462
BBWI|2026-08-11|19.2|19.38|18.875|18.88|5292065
BBWI|2026-08-12|18.79|18.8|18.095|18.13|5925943
BBWI|2026-08-13|18.32|18.795|17.93|18.63|5239337
BBWI|2026-08-14|19.1|19.67|18.76|19.41|6429192
BBWI|2026-08-17|18.99|19|18.08|18.81|5082793
BBWI|2026-08-18|19.55|20.26|19.15|20.04|8452328
BBWI|2026-08-19|20.34|20.815|19.66|19.67|6758437
BBWI|2026-08-20|19.29|19.79|19.08|19.64|5817965
BBWI|2026-08-21|19.54|19.655|19.23|19.45|5551640
BE|2026-06-01|277.67|287.69|270|273.51|10294298
BE|2026-06-02|280.39|305.11|279.1|302.85|12939625
BE|2026-06-03|296.81|298.5|282.9101|287.32|7649798
BE|2026-06-04|278.785|295.69|272.11|291.37|6606473
BE|2026-06-05|280|280.41|252.08|263.61|11393511
BE|2026-06-08|265.5|265.51|248.582|253.57|8593590
BE|2026-06-09|261.94|280.74|241.92|259.61|16094357
BE|2026-06-10|248.19|258.63|230.605|234.23|15367255
BE|2026-06-11|239.705|252.82|232.82|248.88|8802862
BE|2026-06-12|246|269.23|245|260.22|8479898
BE|2026-06-15|272.99|280.5|269.53|274.5|9124658
BE|2026-06-16|274.1|297.97|271.01|280.88|11230946
BE|2026-06-17|283.41|295.8251|280.41|284.99|10943671
BE|2026-06-18|297.6|329.51|294.81|328.91|15787675
BE|2026-06-22|332|349.99|330|345.85|11195167
BE|2026-06-23|309.35|329.69|300.31|321.98|11422045
BE|2026-06-24|327.55|345.5|315.0101|326.19|10889321
BE|2026-06-25|346.29|351.28|297.97|309.18|13072932
BE|2026-06-26|294.52|298.53|247.74|252.02|57015932
BE|2026-06-29|272.45|283.62|261.33|275.01|17470028
BE|2026-06-30|279.7|308.82|279.32|302.7|13853319
BE|2026-07-01|290.63|320|286.25|289.5|16243982
BE|2026-07-02|297.87|307.819|257.51|270.89|15694413
BE|2026-07-06|280.92|305.41|276.68|295.05|8925855
BE|2026-07-07|286.5|290.92|261.5101|269.57|11123968
BE|2026-07-08|262.595|269.72|235.34|254.29|19077950
BE|2026-07-09|276.08|276.08|253.32|257.02|10465427
BE|2026-07-10|251.205|251.205|229.5501|244.61|14779186
BE|2026-07-13|231.38|246.79|228.3001|233.49|10012515
BE|2026-07-14|246.59|252|234.53|243.4|8745454
BE|2026-07-15|243.1|244.4924|216.28|239.38|11170388
BE|2026-07-16|228.3|229.98|204.5559|206.73|16190950
BE|2026-07-17|200.98|223.75|194.6|214.96|16671290
BE|2026-07-20|213.875|220|195.091|197.06|17446725
BE|2026-07-21|211.07|229.9|207.598|226.26|14512839
BE|2026-07-22|217.57|229.86|216.515|218.22|9240500
BE|2026-07-23|215.02|229.67|213.7508|217.3|9387568
BE|2026-07-24|214.19|214.19|183.2201|184.89|15836517
BE|2026-07-27|190.51|197.5|176.57|188.18|15568904
BE|2026-07-28|175.3|176.8452|157.65|166.84|27464129
BE|2026-07-29|183.5|185.66|157.3339|163.75|43720052
BE|2026-07-30|186.25|215.74|184.88|207.12|34381064
BE|2026-07-31|230.775|235.49|205.43|205.81|21617329
BE|2026-08-03|197.825|224.64|191|218.32|18263138
BE|2026-08-04|225.375|237.45|219.21|228.11|18148906
BE|2026-08-05|223.79|241.89|222.59|234.33|13196603
BE|2026-08-06|223|249.45|221.21|228.96|11721061
BE|2026-08-07|240.175|240.175|212.2004|219.34|14762449
BE|2026-08-10|221|221.04|210.02|210.63|8842250
BE|2026-08-11|214.5|219.7|210.16|211.21|8634649
BE|2026-08-12|236.71|249.99|231.18|237.16|15115406
BE|2026-08-13|235.94|253.31|233.44|236.22|11260822
BE|2026-08-14|233.66|248.57|227.67|229.94|12188708
BE|2026-08-17|241.175|244.44|229.1|232.16|10588512
BE|2026-08-18|220.765|222.7|205.5|209.01|15300795
BE|2026-08-19|212.55|212.56|200.09|206.63|10248569
BE|2026-08-20|203.5|206.85|197.33|202.48|9430032
BE|2026-08-21|206.22|207.8799|195.68|201.45|9332353
BLMN|2026-06-01|8.34|8.36|7.89|8.14|2445614
BLMN|2026-06-02|8.02|8.09|7.74|7.81|1443452
BLMN|2026-06-03|7.74|7.81|7.48|7.49|1619852
BLMN|2026-06-04|7.57|7.625|7.12|7.14|2126448
BLMN|2026-06-05|7.13|7.465|7.12|7.27|2226949
BLMN|2026-06-08|7.26|7.26|7.025|7.07|1513849
BLMN|2026-06-09|7.19|7.62|7.16|7.43|1874373
BLMN|2026-06-10|7.45|7.75|7.365|7.41|2601695
BLMN|2026-06-11|7.41|8.08|7.29|8.06|2155948
BLMN|2026-06-12|8.17|8.6055|8.1012|8.29|2187131
BLMN|2026-06-15|8.21|8.3245|7.62|7.65|2260672
BLMN|2026-06-16|7.7|7.75|7.425|7.63|1722746
BLMN|2026-06-17|7.625|7.995|7.5387|7.68|1796485
BLMN|2026-06-18|7.86|8.295|7.805|8.06|2366389
BLMN|2026-06-22|8.18|8.56|8.12|8.33|2662311
BLMN|2026-06-23|8.22|8.555|8.2|8.25|1981923
BLMN|2026-06-24|8.36|8.745|8.34|8.55|1957008
BLMN|2026-06-25|8.56|8.915|8.55|8.65|2472013
BLMN|2026-06-26|8.51|9.04|8.42|8.97|5692174
BLMN|2026-06-29|8.79|9.19|8.475|9.16|2693430
BLMN|2026-06-30|9.12|9.275|8.715|9.14|2379791
BLMN|2026-07-01|8.93|9.04|8.61|8.91|1998452
BLMN|2026-07-02|8.96|8.96|8.59|8.7|2283445
BLMN|2026-07-06|8.69|8.73|7.825|8.04|2786950
BLMN|2026-07-07|8.04|8.485|7.97|7.98|1871362
BLMN|2026-07-08|7.89|7.91|7.66|7.77|1543929
BLMN|2026-07-09|7.77|8.24|7.735|8.06|1673215
BLMN|2026-07-10|8.035|8.48|8.035|8.34|2019561
BLMN|2026-07-13|8.45|8.575|8.335|8.44|1569461
BLMN|2026-07-14|8.52|8.59|8.235|8.31|1218412
BLMN|2026-07-15|8.27|8.8359|8.21|8.42|1891662
BLMN|2026-07-16|8.42|8.73|8.31|8.57|1770705
BLMN|2026-07-17|8.53|8.745|8.43|8.54|1335018
BLMN|2026-07-20|8.625|8.69|8.22|8.34|1466325
BLMN|2026-07-21|8.34|8.565|8.175|8.44|1709256
BLMN|2026-07-22|8.4|8.67|8.35|8.42|1021752
BLMN|2026-07-23|8.27|8.31|8|8.19|1292786
BLMN|2026-07-24|8.07|8.225|7.91|7.94|1733537
BLMN|2026-07-27|8.01|8.615|8|8.54|2093040
BLMN|2026-07-28|8.55|8.8|8.54|8.6|1440690
BLMN|2026-07-29|8.63|8.96|8.62|8.81|1257361
BLMN|2026-07-30|8.94|8.94|8.565|8.86|1138988
BLMN|2026-07-31|8.81|8.855|8.465|8.66|1652132
BLMN|2026-08-03|8.72|9.215|8.64|9.04|2006976
BLMN|2026-08-04|9.005|9.13|8.775|8.92|1869682
BLMN|2026-08-05|12.12|12.63|11.4|11.85|10723143
BLMN|2026-08-06|12.15|12.15|10.665|10.88|4078804
BLMN|2026-08-07|10.73|11.15|10.68|10.95|1855475
BLMN|2026-08-10|10.89|11.37|10.89|11.02|1834656
BLMN|2026-08-11|10.87|11.27|10.82|11.12|1363453
BLMN|2026-08-12|11.24|11.425|10.94|11.39|1567519
BLMN|2026-08-13|11.41|11.635|10.755|10.79|1555879
BLMN|2026-08-14|10.84|10.94|10.43|10.55|1521262
BLMN|2026-08-17|10.42|10.81|10.235|10.69|1720732
BLMN|2026-08-18|10.67|10.93|10.5|10.66|1528704
BLMN|2026-08-19|10.6|11.015|10.505|10.61|1409718
BLMN|2026-08-20|10.45|10.5369|10.135|10.48|1469932
BLMN|2026-08-21|10.61|11.655|10.56|11.63|1847832
BLZE|2026-06-01|8.24|9.25|8.11|9.11|2678458
BLZE|2026-06-02|8.81|9.455|8.66|8.9|1774255
BLZE|2026-06-03|8.76|8.8|7.775|7.95|1946194
BLZE|2026-06-04|7.9|8.415|7.8199|8.38|1358053
BLZE|2026-06-05|8.23|8.3197|7.67|7.76|1395391
BLZE|2026-06-08|7.91|7.96|7.525|7.6|893447
BLZE|2026-06-09|7.59|7.61|7.07|7.38|919497
BLZE|2026-06-10|7.23|7.63|7.16|7.4|675871
BLZE|2026-06-11|7.46|7.8|7.385|7.65|1567871
BLZE|2026-06-12|7.73|7.925|7.515|7.92|1186152
BLZE|2026-06-15|8.02|8.28|7.64|8.11|1859863
BLZE|2026-06-16|8.2|8.755|8.06|8.29|1231175
BLZE|2026-06-17|8.29|8.69|8.265|8.27|1418296
BLZE|2026-06-18|8.35|8.46|7.86|8.19|1174834
BLZE|2026-06-22|8.13|8.465|7.86|8.12|912302
BLZE|2026-06-23|10.31|11.845|9.62|11.66|35019080
BLZE|2026-06-24|11.88|12.62|10.52|11.97|12965554
BLZE|2026-06-25|12.035|14.625|11.92|13.42|12087736
BLZE|2026-06-26|12.925|14.655|12.8|14.56|8342402
BLZE|2026-06-29|14.62|15.65|14.37|14.97|5446920
BLZE|2026-06-30|14.8|16.05|14.53|15.86|4399310
BLZE|2026-07-01|15.59|16.59|15.55|16.36|2867773
BLZE|2026-07-02|16.065|16.3|15.41|15.62|3001377
BLZE|2026-07-06|15.375|16.31|15.179|15.3|2204634
BLZE|2026-07-07|15.09|16.6|14.5231|15.84|2965987
BLZE|2026-07-08|15.96|16.45|15.5501|16.42|1663235
BLZE|2026-07-09|16.3|17.94|16.24|17.83|3612937
BLZE|2026-07-10|17.72|18.249|17.35|17.6|2259135
BLZE|2026-07-13|17.7|17.7|15.91|16.19|2288964
BLZE|2026-07-14|16.4|17.249|16.2|16.55|1675355
BLZE|2026-07-15|16.57|16.98|14.89|14.98|2109827
BLZE|2026-07-16|14.93|15.33|13.691|13.73|2320907
BLZE|2026-07-17|13.145|13.69|12.6|13.22|3136620
BLZE|2026-07-20|13.17|13.65|13.11|13.16|1898162
BLZE|2026-07-21|13.33|14.0284|13.14|13.48|1639997
BLZE|2026-07-22|13.31|13.47|12.81|13.42|1613609
BLZE|2026-07-23|13.27|13.6312|12.34|12.76|1307440
BLZE|2026-07-24|12.76|12.99|11.525|11.61|2076818
BLZE|2026-07-27|11.78|12.55|11.69|12.31|1636407
BLZE|2026-07-28|12.03|12.12|10.98|12.07|2278052
BLZE|2026-07-29|12.22|12.38|11.275|11.38|1008762
BLZE|2026-07-30|11.76|12.78|11.73|12.63|1681637
BLZE|2026-07-31|13.47|14.71|13.4|13.72|2407484
BLZE|2026-08-03|13.76|15.69|13.4492|15.59|4260365
BLZE|2026-08-04|20.16|23.99|19.65|19.79|11791037
BLZE|2026-08-05|19.79|19.79|17.47|18.62|5561592
BLZE|2026-08-06|18.245|18.98|17.6|18.11|3010229
BLZE|2026-08-07|18.64|19|18.01|18.82|2164609
BLZE|2026-08-10|19.035|20.49|18.95|19.27|4772191
BLZE|2026-08-11|19.27|19.65|18.56|18.71|2658711
BLZE|2026-08-12|19|20.095|18.865|19.34|2129100
BLZE|2026-08-13|19.15|20.91|18.76|20.43|2416472
BLZE|2026-08-14|20.02|20.42|18.662|19.02|2203502
BLZE|2026-08-17|18.57|19.83|18.43|19.39|2235931
BLZE|2026-08-18|18.99|19.77|18.64|19.2|2082842
BLZE|2026-08-19|16.75|17.31|15.97|16.88|6674199
BLZE|2026-08-20|16.62|16.92|15.905|16.24|10111335
BLZE|2026-08-21|16.21|16.21|15.52|15.8|2625348
BTDR|2026-06-01|17|18.955|16.6|18.51|11219163
BTDR|2026-06-02|18.2|19.09|18.06|18.76|11441793
BTDR|2026-06-03|18.67|20.72|18.225|19.71|14074078
BTDR|2026-06-04|18.935|20.11|18.555|19.63|16770723
BTDR|2026-06-05|18.7|18.92|16.76|17.47|15636118
BTDR|2026-06-08|17.76|18.785|17.66|18.49|14928457
BTDR|2026-06-09|18.54|19.225|16.65|17.41|10298443
BTDR|2026-06-10|17.21|17.8|15.97|16.1|10639616
BTDR|2026-06-11|16.1|17.925|16|17.65|11395822
BTDR|2026-06-12|17.4|17.92|17.05|17.83|8326037
BTDR|2026-06-15|18.99|19.38|18.14|18.32|7277734
BTDR|2026-06-16|18.19|19.1599|18.05|18.25|5532083
BTDR|2026-06-17|18.24|19.045|17.74|17.92|11239974
BTDR|2026-06-18|18.215|18.42|17.49|17.93|8560054
BTDR|2026-06-22|18.06|19.32|17.3|17.43|11818783
BTDR|2026-06-23|16.47|18.415|16.19|17.23|8594982
BTDR|2026-06-24|18.17|18.65|16.085|17.52|10660308
BTDR|2026-06-25|17.81|17.9|15.475|16.39|8792409
BTDR|2026-06-26|16|17.54|15.91|17.15|13338543
BTDR|2026-06-29|17.9|17.9|15.12|15.86|13329814
BTDR|2026-06-30|15.71|15.92|15.185|15.87|7835815
BTDR|2026-07-01|15.44|15.985|14.56|15.44|10166609
BTDR|2026-07-02|15.51|15.8452|13.48|13.85|14484177
BTDR|2026-07-06|14.3|15.58|14.121|14.25|8835009
BTDR|2026-07-07|14.03|14.07|12.75|12.875|7386787
BTDR|2026-07-08|12.63|13.41|11.95|12.56|11307317
BTDR|2026-07-09|12.96|14.625|12.91|14.33|11842016
BTDR|2026-07-10|14.53|14.78|13.17|13.29|9158335
BTDR|2026-07-13|12.83|13.24|12.06|12.13|7729876
BTDR|2026-07-14|12.49|12.78|12.05|12.36|6229386
BTDR|2026-07-15|12.54|12.99|12.285|12.57|6090989
BTDR|2026-07-16|12.25|12.36|10.96|11.235|7450540
BTDR|2026-07-17|10.76|11.06|10.28|10.74|6650385
BTDR|2026-07-20|11|11.61|11|11.37|6541235
BTDR|2026-07-21|11.65|12.8199|11.65|12.48|8071670
BTDR|2026-07-22|12.07|12.835|12.03|12.26|4131822
BTDR|2026-07-23|11.975|12.97|11.92|12.17|6694538
BTDR|2026-07-24|11.98|12.31|11.33|11.56|5598711
BTDR|2026-07-27|11.56|11.71|10.7|11.35|7460970
BTDR|2026-07-28|10.9|10.91|10.02|10.28|13287864
BTDR|2026-07-29|10.2|10.37|8.78|8.9|20502643
BTDR|2026-07-30|9.64|11.42|9.64|11.1|15306816
BTDR|2026-07-31|11.52|11.7684|10.465|10.52|12151401
BTDR|2026-08-03|10.28|11.465|10.03|11.37|9398787
BTDR|2026-08-04|12.785|12.93|11.25|11.38|26682316
BTDR|2026-08-05|11.75|12.25|11.04|11.06|11575631
BTDR|2026-08-06|10.415|11|10.38|10.52|9176948
BTDR|2026-08-07|11.025|11.04|10.19|10.88|9184931
BTDR|2026-08-10|11.123|11.36|8.68|8.695|31504351
BTDR|2026-08-11|9.2|9.35|8.44|8.69|18479685
BTDR|2026-08-12|9.28|9.56|8.91|9.02|14554555
BTDR|2026-08-13|9.04|9.35|8.65|8.76|11236056
BTDR|2026-08-14|8.84|9.1907|8.66|9.13|15370806
BTDR|2026-08-17|9.575|9.7|9.09|9.39|14948716
BTDR|2026-08-18|9.03|9.21|8.645|9|20624207
BTDR|2026-08-19|8.99|10.0881|8.522|9.63|18791763
BTDR|2026-08-20|10.23|11.27|10.1326|10.43|21360090
BTDR|2026-08-21|11.095|11.79|10.5703|11.37|27956445
BULL|2026-06-01|6.35|6.61|6.2|6.6|14176094
BULL|2026-06-02|6.5|6.585|6.18|6.21|9715846
BULL|2026-06-03|6.1|6.14|5.8|5.9|18464871
BULL|2026-06-04|5.92|6.13|5.9|6.1|10499316
BULL|2026-06-05|6|6.03|5.58|5.6|11446672
BULL|2026-06-08|5.65|5.8194|5.6001|5.67|11824112
BULL|2026-06-09|5.66|5.875|5.37|5.5|14290313
BULL|2026-06-10|5.41|6.3|5.41|6.12|25771210
BULL|2026-06-11|6.08|6.77|6.02|6.73|21860088
BULL|2026-06-12|6.7|6.81|6.42|6.54|12571870
BULL|2026-06-15|6.79|7.175|6.79|6.86|15007372
BULL|2026-06-16|6.81|6.965|6.7|6.72|7930650
BULL|2026-06-17|6.7|7.38|6.6702|7.12|17870557
BULL|2026-06-18|7.15|7.33|6.95|7.08|11538859
BULL|2026-06-22|7.02|7.34|6.85|6.86|7492121
BULL|2026-06-23|6.8|6.95|6.61|6.64|6711498
BULL|2026-06-24|6.65|6.835|6.59|6.71|10958499
BULL|2026-06-25|6.79|6.84|6.32|6.51|10914231
BULL|2026-06-26|6.42|6.88|6.42|6.82|24027337
BULL|2026-06-29|6.86|6.92|6.605|6.75|7042151
BULL|2026-06-30|6.765|6.765|6.51|6.52|7176689
BULL|2026-07-01|6.6|7.19|6.46|7.18|9891872
BULL|2026-07-02|7.3|7.59|7.09|7.17|12309283
BULL|2026-07-06|7.045|7.28|6.935|7.21|6889055
BULL|2026-07-07|7.17|7.38|6.99|7.27|9003115
BULL|2026-07-08|7.0662|7.3|6.995|7.24|7476743
BULL|2026-07-09|7.24|7.44|7.16|7.3|7010128
BULL|2026-07-10|7.49|7.53|7.265|7.38|7664531
BULL|2026-07-13|7.34|7.475|7.18|7.28|7122558
BULL|2026-07-14|7.27|7.72|7.18|7.53|10440800
BULL|2026-07-15|7.685|7.775|7.42|7.69|8342978
BULL|2026-07-16|7.73|7.89|7.49|7.52|11583967
BULL|2026-07-17|7.2|7.32|6.9|7.23|10634163
BULL|2026-07-20|7.36|7.77|7.2|7.69|10426277
BULL|2026-07-21|7.81|8.25|7.77|8.15|16470343
BULL|2026-07-22|8.06|8.35|7.98|8.1|8863430
BULL|2026-07-23|7.98|8.072|7.79|7.84|7290716
BULL|2026-07-24|7.84|7.85|7.41|7.49|7261843
BULL|2026-07-27|7.75|7.795|7.48|7.54|7114827
BULL|2026-07-28|7.36|7.48|7.16|7.27|8665830
BULL|2026-07-29|7.23|7.305|6.945|7.01|8167524
BULL|2026-07-30|7.01|7.19|6.93|7.15|6829620
BULL|2026-07-31|7.11|7.24|6.95|7.06|6038587
BULL|2026-08-03|7.08|7.285|7.075|7.26|7170944
BULL|2026-08-04|7.33|7.6|7.2913|7.58|8898859
BULL|2026-08-05|7.58|7.6|7.37|7.38|6563467
BULL|2026-08-06|7.34|7.44|7.16|7.22|5238024
BULL|2026-08-07|7.325|7.435|7.23|7.32|5367720
BULL|2026-08-10|7.33|7.445|7.245|7.26|4908736
BULL|2026-08-11|7.28|7.68|7.17|7.57|14550404
BULL|2026-08-12|7.66|7.88|7.48|7.67|10397648
BULL|2026-08-13|7.67|8.14|7.66|7.95|11115213
BULL|2026-08-14|7.95|8.1|7.87|8.04|7174079
BULL|2026-08-17|8.04|8.25|7.96|8.16|11634942
BULL|2026-08-18|7.98|8.07|7.83|7.93|12506479
BULL|2026-08-19|8.01|8.7|7.91|8.64|33633697
BULL|2026-08-20|9.94|9.95|8.82|8.85|50546975
BULL|2026-08-21|8.99|9.55|8.57|8.78|28037691
BW|2026-06-01|18.35|18.7|16.99|17.01|4092597
BW|2026-06-02|17.4|18.54|17.35|18.04|3216948
BW|2026-06-03|17.89|18.1999|16.86|17.68|2424562
BW|2026-06-04|16.87|18.79|16.85|18.64|2663360
BW|2026-06-05|17.94|18.38|15.96|16.36|2854665
BW|2026-06-08|16.97|17.39|15.865|15.88|2167196
BW|2026-06-09|15.98|16.55|14.6616|15.49|2582171
BW|2026-06-10|15.18|16.13|14.62|14.64|2201850
BW|2026-06-11|15.05|16.014|14.98|15.86|2102455
BW|2026-06-12|15.84|16.52|15.77|16.08|2149314
BW|2026-06-15|16.57|16.901|15.96|16.33|2426931
BW|2026-06-16|16.04|17.36|15.95|16.63|2713379
BW|2026-06-17|16.79|18.04|16.7883|17.16|2741287
BW|2026-06-18|17.41|18.12|16.84|17.38|3639624
BW|2026-06-22|17.41|17.94|17.05|17.76|1633025
BW|2026-06-23|16.61|17.265|15.88|15.9|2656115
BW|2026-06-24|15.82|15.82|14.15|14.42|4972967
BW|2026-06-25|14.8|14.91|13.92|14.88|3584530
BW|2026-06-26|14.5|14.6|13.86|14.45|22431898
BW|2026-06-29|14.38|14.53|13.625|14.11|3211006
BW|2026-06-30|14.45|14.64|13.96|14.1|3185888
BW|2026-07-01|13.66|13.74|12.6212|12.74|4244654
BW|2026-07-02|12.85|12.88|11.23|11.74|5193114
BW|2026-07-06|11.65|12.06|11.245|11.32|4103205
BW|2026-07-07|11.05|11.15|10.46|10.73|4546588
BW|2026-07-08|10.27|10.79|10.27|10.77|3381019
BW|2026-07-09|11.1|11.62|11.02|11.46|3897242
BW|2026-07-10|11.34|11.755|10.975|11.7|4261854
BW|2026-07-13|12.33|12.39|10.87|10.93|3572595
BW|2026-07-14|11.28|11.31|10.837|11.09|2732386
BW|2026-07-15|11.03|11.2299|10.51|10.9|2656283
BW|2026-07-16|10.65|10.9446|9.96|10.03|4927374
BW|2026-07-17|9.78|10.035|9.45|9.89|4805925
BW|2026-07-20|9.96|10.53|9.78|10.33|2655720
BW|2026-07-21|10.68|10.86|10.505|10.86|1770366
BW|2026-07-22|10.53|10.94|10.53|10.69|1832433
BW|2026-07-23|10.58|11.11|10.53|11.01|2078167
BW|2026-07-24|10.8|10.82|9.61|9.62|3057206
BW|2026-07-27|9.71|9.9286|9.05|9.4|3029365
BW|2026-07-28|9.19|9.26|8.35|8.83|4142796
BW|2026-07-29|8.78|8.96|7.93|7.94|3553209
BW|2026-07-30|8.41|9.66|8.355|9.47|5283091
BW|2026-07-31|9.76|9.91|9.06|9.32|3576812
BW|2026-08-03|9.04|9.735|8.86|9.52|3001649
BW|2026-08-04|9.88|10.38|9.77|10.14|3050571
BW|2026-08-05|10.05|10.32|9.51|9.52|1993599
BW|2026-08-06|9.35|9.76|9.06|9.38|1586158
BW|2026-08-07|9.68|9.93|9.07|9.37|2259461
BW|2026-08-10|9.47|9.62|8.88|8.88|5028889
BW|2026-08-11|11.86|12.08|9|9.19|20125353
BW|2026-08-12|9.42|10.2|9.27|9.77|9938503
BW|2026-08-13|9.71|10.2121|9.27|9.35|7621959
BW|2026-08-14|9.6|10.6|9.6|10.29|7467130
BW|2026-08-17|10.35|10.469|9.78|9.92|4496945
BW|2026-08-18|9.6|9.76|9.015|9.14|5228512
BW|2026-08-19|9.14|9.2|8.57|9.11|4461710
BW|2026-08-20|9.05|9.05|8.3|8.43|4475093
BW|2026-08-21|8.56|8.5999|8.05|8.28|5765446
CAI|2026-06-01|16.46|16.94|16.15|16.45|2599709
CAI|2026-06-02|16.05|16.575|15.53|16.52|2526919
CAI|2026-06-03|16.11|16.11|15.43|15.48|2802937
CAI|2026-06-04|15.705|17.84|15.7|17.28|3197605
CAI|2026-06-05|17.29|17.39|16.16|16.49|2684635
CAI|2026-06-08|17.49|17.64|15.7807|16.14|3296670
CAI|2026-06-09|16.36|17.33|16.2|16.96|3521790
CAI|2026-06-10|16.7|17.8|16.61|17.16|2473726
CAI|2026-06-11|17.11|18.005|16.96|18|2279521
CAI|2026-06-12|18.05|18.23|17.63|17.97|1960814
CAI|2026-06-15|18.33|18.62|17.925|18.18|1578378
CAI|2026-06-16|18.2|18.52|17.95|17.98|1802864
CAI|2026-06-17|18.03|18.47|17.775|17.86|2348985
CAI|2026-06-18|18.17|18.515|17.76|18.47|2353485
CAI|2026-06-22|18.61|18.79|17.265|17.31|2972065
CAI|2026-06-23|17.59|17.805|16.82|17.6|2806961
CAI|2026-06-24|17.69|18.65|17.69|18.15|2163501
CAI|2026-06-25|18.265|19.75|18.02|18.7|3670679
CAI|2026-06-26|18.53|19.97|18.41|18.5|7241227
CAI|2026-06-29|18.78|19.29|18.2|18.32|3769613
CAI|2026-06-30|18.3|18.585|17.5|17.82|3651448
CAI|2026-07-01|18.09|19.26|17.845|18.75|4145536
CAI|2026-07-02|19.01|19.675|18.14|18.3|2824339
CAI|2026-07-06|18.03|18.38|17.6|17.81|2598338
CAI|2026-07-07|18.12|18.36|16.87|17.47|2647703
CAI|2026-07-08|17.43|17.43|16.73|17.32|2817197
CAI|2026-07-09|17.39|18.8|17.38|17.87|3281263
CAI|2026-07-10|17.95|18.17|16.92|16.99|2258599
CAI|2026-07-13|17.1|17.32|16.38|17.06|4266439
CAI|2026-07-14|17.03|17.37|16.8|16.95|3519090
CAI|2026-07-15|16.9|17.85|16.87|17.46|6447018
CAI|2026-07-16|17.71|17.85|16.39|16.48|3595943
CAI|2026-07-17|16.12|16.735|16.02|16.49|3294597
CAI|2026-07-20|16.27|16.49|15.52|15.56|2766241
CAI|2026-07-21|15.5|16.055|15.13|15.73|3186578
CAI|2026-07-22|15.61|15.84|15.29|15.38|1990877
CAI|2026-07-23|15.2|16.205|15.11|15.65|2540922
CAI|2026-07-24|15.74|15.945|15.18|15.52|4932090
CAI|2026-07-27|15.69|16.02|15.46|15.63|3453448
CAI|2026-07-28|15.74|16.03|15.41|15.59|3619431
CAI|2026-07-29|15.43|16|15.26|15.59|5624469
CAI|2026-07-30|15.58|16.17|15.46|16.09|4540373
CAI|2026-07-31|16.05|16.14|15.23|15.67|3511207
CAI|2026-08-03|15.92|16.59|15.835|16.32|4899900
CAI|2026-08-04|16.26|16.55|15.91|16.1|4840868
CAI|2026-08-05|16.03|16.54|15.9616|16.45|6551699
CAI|2026-08-06|19|20.11|17.945|20|11266643
CAI|2026-08-07|20.695|22.77|20.1201|22.74|9361116
CAI|2026-08-10|22.68|23.44|22.68|23.4|5909641
CAI|2026-08-11|23.39|23.66|22.99|23.14|6043402
CAI|2026-08-12|22.9|22.965|21.99|22.26|3976958
CAI|2026-08-13|22.84|23.12|22.14|22.18|2972281
CAI|2026-08-14|22.26|22.43|21.445|21.8|3868334
CAI|2026-08-17|22|22.19|21.52|21.63|2771977
CAI|2026-08-18|21.31|21.64|20.78|20.97|3594436
CAI|2026-08-19|21.92|22.94|21.92|22.76|6551212
CAI|2026-08-20|22.59|24.765|22.59|24.58|5793499
CAI|2026-08-21|24.73|26.6|24.32|26.27|6387198
CALY|2026-06-01|15.34|15.46|14.89|15.24|2432914
CALY|2026-06-02|15.12|15.47|14.955|15.09|1646622
CALY|2026-06-03|15|15.23|14.83|15.01|1501934
CALY|2026-06-04|15.01|15.1|14.915|15|1648394
CALY|2026-06-05|14.95|14.9899|14.5|14.8|1748265
CALY|2026-06-08|14.9|15.79|14.69|15.64|3700250
CALY|2026-06-09|15.79|16.11|15.475|16|2531802
CALY|2026-06-10|15.9|16.35|15.74|16.26|1809979
CALY|2026-06-11|16.43|16.9|16.225|16.79|2552608
CALY|2026-06-12|16.83|17.39|16.76|17.38|2367587
CALY|2026-06-15|17.81|17.82|16.77|17.08|2151288
CALY|2026-06-16|17.15|17.2602|16.75|16.81|1997383
CALY|2026-06-17|16.8|17.74|16.785|17.2|3081535
CALY|2026-06-18|17.65|18.51|17.55|18.22|4589154
CALY|2026-06-22|18|18.36|17.845|18.02|3152011
CALY|2026-06-23|17.53|18.2|17.53|17.92|2320951
CALY|2026-06-24|18.01|18.26|17.95|18.08|2511532
CALY|2026-06-25|18.2|18.63|18.2|18.48|1599925
CALY|2026-06-26|18.68|19.28|18.505|19.25|5379864
CALY|2026-06-29|19.12|19.36|18.86|19.21|1991623
CALY|2026-06-30|18.99|19.145|18.745|18.79|1834825
CALY|2026-07-01|18.09|18.99|18.08|18.64|1824896
CALY|2026-07-02|18.61|18.75|17.95|18.26|1815065
CALY|2026-07-06|18.26|18.465|18.1|18.28|2285900
CALY|2026-07-07|18.13|18.535|18.08|18.17|1766269
CALY|2026-07-08|18.07|18.14|17.74|18.07|1742482
CALY|2026-07-09|18.16|18.485|18.11|18.47|1165945
CALY|2026-07-10|18.27|18.72|18.27|18.4|1269638
CALY|2026-07-13|18.34|18.705|18.3|18.47|2229310
CALY|2026-07-14|18.72|19.14|18.39|18.98|1886972
CALY|2026-07-15|18.94|19.785|18.91|19.66|2554173
CALY|2026-07-16|19.55|20.28|19.28|19.45|1790566
CALY|2026-07-17|19.21|19.76|19.15|19.38|1223172
CALY|2026-07-20|19.34|19.48|18.83|18.92|1440573
CALY|2026-07-21|18.95|19.34|18.35|18.36|2723032
CALY|2026-07-22|18.33|18.64|18.28|18.36|1991080
CALY|2026-07-23|17.9|18.3|17.6846|17.91|2049934
CALY|2026-07-24|18.17|18.2607|17.9|18.16|1122482
CALY|2026-07-27|18.31|18.46|18.085|18.27|1916331
CALY|2026-07-28|18.29|18.4|17.84|18.25|1365323
CALY|2026-07-29|18.32|18.735|18.06|18.24|2532648
CALY|2026-07-30|18.51|18.895|18.46|18.53|1912882
CALY|2026-07-31|18.79|18.815|18.44|18.46|1154299
CALY|2026-08-03|18.52|19.285|18.52|19.09|2215712
CALY|2026-08-04|19.09|19.85|19.07|19.57|2971393
CALY|2026-08-05|19.2|19.76|18.3|19.11|3611253
CALY|2026-08-06|18.71|18.935|17.265|17.38|2749409
CALY|2026-08-07|17.23|18.015|17.21|17.59|1772906
CALY|2026-08-10|17.6|17.74|17.02|17.05|1702178
CALY|2026-08-11|16.85|17.21|16.76|16.86|1718013
CALY|2026-08-12|17.09|17.17|16.47333|16.53|1647515
CALY|2026-08-13|16.6|16.91|16.42|16.5|2144918
CALY|2026-08-14|16.41|16.84|16.36|16.48|1460737
CALY|2026-08-17|16.5|16.69|16.38|16.61|1674622
CALY|2026-08-18|16.54|16.66|16.13|16.14|1684929
CALY|2026-08-19|16.46|16.52|16.08|16.14|1288514
CALY|2026-08-20|16.03|16.04|15.67|15.79|1477316
CALY|2026-08-21|15.91|16.0425|15.78|15.89|1765064
CAT|2026-06-01|860.16|873.77|853.37|865.36|2583468
CAT|2026-06-02|876.67|911.96|873.12|909.81|2808963
CAT|2026-06-03|914.43|936.71|912.39|926.18|2401596
CAT|2026-06-04|913.985|946.83|903|940.48|3040788
CAT|2026-06-05|929.93|934.03|901.5|904.28|2683763
CAT|2026-06-08|917|927.34|902.735|915.64|2547429
CAT|2026-06-09|927.49|938.18|876.99|914.7|2918076
CAT|2026-06-10|901.74|906|854.73|856.16|3602743
CAT|2026-06-11|872.4|900.65|870.03|897.63|3393502
CAT|2026-06-12|905.24|918.975|899.2|910.57|2078245
CAT|2026-06-15|935|946.1|928.5|933.93|2399707
CAT|2026-06-16|942.8|961.33|939.17|945.46|2824113
CAT|2026-06-17|956.98|975.64|953|955.92|2689784
CAT|2026-06-18|979|994.49|976.33|985.82|6077820
CAT|2026-06-22|999.28|1023.29|999|1022.28|3935969
CAT|2026-06-23|985.25|994.595|972.65|984.24|4103785
CAT|2026-06-24|981.61|1004.87|970.0501|994.45|3391602
CAT|2026-06-25|1024.64|1057.07|1015|1057.01|4617068
CAT|2026-06-26|1031.85|1031.85|989.64|997.47|13870740
CAT|2026-06-29|998.41|1039.07|992.11|1033.19|3110458
CAT|2026-06-30|1045|1073.46|1037.21|1064.9|3169487
CAT|2026-07-01|1033.92|1041.26|985.05|991.41|3894847
CAT|2026-07-02|1001.28|1001.28|948.78|963.53|3513991
CAT|2026-07-06|979.09|991|963.32|969.92|2375059
CAT|2026-07-07|946.5|950|909.53|940.12|3693334
CAT|2026-07-08|937.51|955|925.26|948.08|2686648
CAT|2026-07-09|975.08|983.16|934.38|938.39|3131829
CAT|2026-07-10|930.68|957.99|928.5016|952.41|1933521
CAT|2026-07-13|939.21|946.745|924.38|931.47|1631678
CAT|2026-07-14|958|964.63|925.5|933.34|2020764
CAT|2026-07-15|938.58|938.58|890.4|914.3|2650121
CAT|2026-07-16|891.77|902|868.88|877.17|3580681
CAT|2026-07-17|841.73|893.19|838.33|880.28|3333862
CAT|2026-07-20|890|894.3699|861.27|864.3|2443183
CAT|2026-07-21|887.49|898|876.01|889.97|3686997
CAT|2026-07-22|877.29|902.5727|872.9412|889.31|1968398
CAT|2026-07-23|886.56|909.6|881.95|894.54|2631664
CAT|2026-07-24|895|902.82|881.19|888.73|1977609
CAT|2026-07-27|887.5|894.02|839.58|873.28|3092291
CAT|2026-07-28|855.76|855.82|824|840.85|3790188
CAT|2026-07-29|810.23|822.795|776|782.71|5770782
CAT|2026-07-30|810.75|822.76|801.68|809.14|3150744
CAT|2026-07-31|843.39|845|807.31|814.81|2389855
CAT|2026-08-03|811.58|835.34|804.57|830.03|3337835
CAT|2026-08-04|922|934.9994|866.85|876.54|6164341
CAT|2026-08-05|874.9|905.72|870|871.08|3093806
CAT|2026-08-06|862|879.325|856.96|856.96|2629325
CAT|2026-08-07|865.63|868|836.01|842.19|2422997
CAT|2026-08-10|849.04|854.93|835.86|837.58|1843041
CAT|2026-08-11|850|864.245|842.11|843.37|2129078
CAT|2026-08-12|866|871.2|855.25|855.6|3094046
CAT|2026-08-13|858.5|864.11|848.37|854.6|2415743
CAT|2026-08-14|854|870.99|850|856.57|1883910
CAT|2026-08-17|864.03|887.909|859.62|881.65|2085067
CAT|2026-08-18|862.19|863.92|834.811|840.87|2659255
CAT|2026-08-19|845|848.9446|805.68|816.15|3994410
CAT|2026-08-20|811.54|818.93|801|815.39|2792600
CAT|2026-08-21|829.52|832|812.34|827.9|2603952
CGEM|2026-06-01|16.39|16.6|15.9|16.21|988205
CGEM|2026-06-02|15.89|16.08|15.24|15.34|1290345
CGEM|2026-06-03|15.41|15.5|15.01|15.21|908548
CGEM|2026-06-04|15.21|15.84|14.33|14.43|983854
CGEM|2026-06-05|14.36|14.465|13.465|13.51|753249
CGEM|2026-06-08|13.72|14.2455|12.4|13.28|1739862
CGEM|2026-06-09|13.37|13.75|12.46|13.18|1388269
CGEM|2026-06-10|13.14|13.945|11.675|12.05|2079916
CGEM|2026-06-11|12.2|13.29|11.97|12.98|1216234
CGEM|2026-06-12|13.07|13.74|12.79|13.7|1317766
CGEM|2026-06-15|13.94|14.5|13.52|13.61|1790012
CGEM|2026-06-16|13.7|13.81|13.17|13.55|1062022
CGEM|2026-06-17|13.64|15.25|13.63|14.44|1526005
CGEM|2026-06-18|14.8|15.56|14.34|15.03|3114432
CGEM|2026-06-22|15.27|17.4|15.26|17.3|1495184
CGEM|2026-06-23|16.8|17.98|16.5634|17.75|1959227
CGEM|2026-06-24|17.92|18.76|17.61|17.65|1442899
CGEM|2026-06-25|17.51|18.66|17.51|18.48|1303961
CGEM|2026-06-26|18.43|19.4299|17.9|18.4|2723989
CGEM|2026-06-29|18.41|18.87|17.8565|18.42|989958
CGEM|2026-06-30|18.62|18.8158|18.185|18.21|622744
CGEM|2026-07-01|18.055|18.47|17.27|17.28|746104
CGEM|2026-07-02|17.43|18.1|17.19|17.63|1074820
CGEM|2026-07-06|17.53|18.2|17.35|17.81|768655
CGEM|2026-07-07|18|18.55|17.5401|18.16|715223
CGEM|2026-07-08|17.86|18.5|17.72|18.43|617855
CGEM|2026-07-09|18.5|18.775|18.085|18.38|448129
CGEM|2026-07-10|18.2|18.33|17.27|18.13|684713
CGEM|2026-07-13|17.76|18.2|17.29|17.87|647557
CGEM|2026-07-14|17.9|18.4|17.75|17.77|633149
CGEM|2026-07-15|17.77|18.045|17.3|17.83|505149
CGEM|2026-07-16|17.62|17.84|16.375|16.41|842542
CGEM|2026-07-17|16.06|17.885|16|17.69|594731
CGEM|2026-07-20|17.76|18.38|17.48|17.5|472338
CGEM|2026-07-21|17.49|18.2|17.49|18.06|428047
CGEM|2026-07-22|17.96|18.23|17.625|17.65|494334
CGEM|2026-07-23|17.48|17.7|17.14|17.28|368504
CGEM|2026-07-24|17.4|17.56|17.06|17.1|316654
CGEM|2026-07-27|17.45|17.99|17.1301|17.43|530545
CGEM|2026-07-28|17.62|17.92|16.87|17.47|572133
CGEM|2026-07-29|17.65|17.9785|16.62|17.21|544507
CGEM|2026-07-30|17.35|17.79|17.14|17.52|489147
CGEM|2026-07-31|17.52|17.52|16.14|16.5|839541
CGEM|2026-08-03|16.5|16.705|16.02|16.25|386582
CGEM|2026-08-04|16.38|17.88|16.38|17.55|664280
CGEM|2026-08-05|17.65|17.95|17.19|17.61|465514
CGEM|2026-08-06|17.67|17.99|17.06|17.95|595342
CGEM|2026-08-07|18.14|18.4299|17.385|17.73|361727
CGEM|2026-08-10|17.44|18.33|17.295|18.28|663795
CGEM|2026-08-11|18.76|19.82|18.235|19.63|806157
CGEM|2026-08-12|19.61|19.94|19.39|19.6|669496
CGEM|2026-08-13|20.72|21|18.775|19.64|1802291
CGEM|2026-08-14|19.31|20.37|18.58|20.34|565503
CGEM|2026-08-17|20.02|21.22|19.9|20.59|894681
CGEM|2026-08-18|20.23|21.2|19.99|20.84|595060
CGEM|2026-08-19|21.48|22.54|21.2201|22.52|706828
CGEM|2026-08-20|22.14|22.25|21.02|21.38|890717
CGEM|2026-08-21|21.72|22.11|21.4|21.68|758081
CLSK|2026-06-01|17.938|19.17|17.45|18.81|24957418
CLSK|2026-06-02|18.345|19.085|17.4|17.58|26349740
CLSK|2026-06-03|17.685|18.27|17.33|17.61|22388074
CLSK|2026-06-04|16.82|17.165|16.325|16.78|18377117
CLSK|2026-06-05|16.05|16.065|14.061|15.59|39067095
CLSK|2026-06-08|15.885|16.925|15.6703|16.52|20807312
CLSK|2026-06-09|16.58|17.2465|15.13|15.97|24792242
CLSK|2026-06-10|15.53|16.35|14.9|14.9|21061795
CLSK|2026-06-11|14.81|16.19|14.77|16.17|18727383
CLSK|2026-06-12|16.24|17.175|16|16.48|19468620
CLSK|2026-06-15|17.415|17.78|17.035|17.14|19632272
CLSK|2026-06-16|16.99|18.1|16.96|17.26|17475322
CLSK|2026-06-17|17.2|18.01|16.74|16.78|16751058
CLSK|2026-06-18|17.32|17.47|16.81|17.24|19107932
CLSK|2026-06-22|17.45|19.05|17.16|17.45|30124124
CLSK|2026-06-23|16.56|18.53|16.44|17.19|19460761
CLSK|2026-06-24|17.6|17.86|15.66|16.23|19251936
CLSK|2026-06-25|16.74|17.065|15.19|15.87|22671624
CLSK|2026-06-26|15.39|16.445|14.95|16.33|19946337
CLSK|2026-06-29|16.59|16.95|14.88|15.37|18721009
CLSK|2026-06-30|14.92|15.0825|14.3625|14.55|15965331
CLSK|2026-07-01|14.285|14.32|13.6|13.62|19034861
CLSK|2026-07-02|13.65|13.85|12.28|12.62|20482872
CLSK|2026-07-06|13.01|13.965|13|13.51|16662364
CLSK|2026-07-07|13.08|13.28|12.05|12.48|14363324
CLSK|2026-07-08|12.27|12.71|11.945|12.4|11336556
CLSK|2026-07-09|13.01|13.18|12.825|12.89|5379190
CLSK|2026-07-10|13.04|13.27|12.4|12.85|13283807
CLSK|2026-07-13|12.448|12.7597|12.02|12.36|11844837
CLSK|2026-07-14|14.685|15.1|12.8|13.45|75047061
CLSK|2026-07-15|13.82|14.86|13.12|14.13|43265314
CLSK|2026-07-16|13.83|14.195|12.76|12.9|25948929
CLSK|2026-07-17|12.35|13.2|12.15|13.03|22374730
CLSK|2026-07-20|13.5|15.1198|13.43|14.42|29915281
CLSK|2026-07-21|14.8|15.695|14.67|15.38|28385199
CLSK|2026-07-22|15.03|15.675|14.875|15.325|16204385
CLSK|2026-07-23|15.14|16.0995|15.09|15.61|23946291
CLSK|2026-07-24|15.42|15.46|14.5|14.52|17328892
CLSK|2026-07-27|14.82|14.85|13.69|14.025|15906155
CLSK|2026-07-28|13.5|13.73|12.65|13.48|21955501
CLSK|2026-07-29|13.262|13.36|11.83|12.01|25045463
CLSK|2026-07-30|12.964|14.835|12.89|14.54|30623456
CLSK|2026-07-31|15.035|15.11|13.555|13.76|19338434
CLSK|2026-08-03|13.51|14.735|13.22|14.65|19206214
CLSK|2026-08-04|14.35|14.81|13.92|14.17|26418517
CLSK|2026-08-05|14.205|14.405|13.475|13.5|16763059
CLSK|2026-08-06|13.09|13.495|12.51|12.75|22394005
CLSK|2026-08-07|13.97|14.01|12.08|12.3|23315885
CLSK|2026-08-10|12.29|12.33|11.59|11.59|17327768
CLSK|2026-08-11|12.2|12.28|11.48|11.52|19028396
CLSK|2026-08-12|12.14|12.36|11.86|12.18|17702320
CLSK|2026-08-13|11.9|12.63|11.41|11.52|24836163
CLSK|2026-08-14|11.315|12.2|11.27|12.09|19806483
CLSK|2026-08-17|12.03|12.545|11.93|12.4|17937945
CLSK|2026-08-18|12.11|12.2015|11.49|11.73|16784690
CLSK|2026-08-19|11.735|12.205|11.025|11.67|24754111
CLSK|2026-08-20|12.38|12.7499|12|12.6|27402773
CLSK|2026-08-21|13.145|13.34|11.725|11.98|28002738
COHU|2026-06-01|51.59|54.53|51.0001|54.5|1607839
COHU|2026-06-02|55.545|58.47|55.33|57.59|4651158
COHU|2026-06-03|57.32|58.4599|55.65|56.12|1127327
COHU|2026-06-04|54|57.42|53.5|55.88|1225068
COHU|2026-06-05|53.92|54.535|49.38|49.81|1607375
COHU|2026-06-08|52.22|54.03|51.31|52.51|943457
COHU|2026-06-09|55.51|57.51|51.11|54.99|1853039
COHU|2026-06-10|54.23|57.2899|53.34|54.47|1777602
COHU|2026-06-11|56.57|58.7|54.915|58.57|1409910
COHU|2026-06-12|58.53|61.8|57.915|61.33|1168225
COHU|2026-06-15|63.88|65.23|62.42|64.05|1272501
COHU|2026-06-16|64.56|69.63|62.13|62.41|1956807
COHU|2026-06-17|64.16|67.4|63.26|65.45|1403565
COHU|2026-06-18|68.355|70.465|68|69.4|1635175
COHU|2026-06-22|70.41|70.92|68.75|70.07|897225
COHU|2026-06-23|64.605|65.945|63.07|64.37|1416821
COHU|2026-06-24|65.56|66.05|62.05|63.66|1257777
COHU|2026-06-25|66.89|68.59|63.74|67.36|1860642
COHU|2026-06-26|65.44|66|62|64.08|2619898
COHU|2026-06-29|62.91|68.2|61.39|68.12|1219144
COHU|2026-06-30|68.95|74.6|68.27|73.91|1418301
COHU|2026-07-01|70.26|72.55|68.58|69.11|1164909
COHU|2026-07-02|68.65|68.74|57.3773|59.27|2199289
COHU|2026-07-06|60.81|63.08|58.49|58.7|1163324
COHU|2026-07-07|54.52|55.56|50.86|50.97|2687753
COHU|2026-07-08|50.16|52.66|49.65|52.12|1276564
COHU|2026-07-09|56.49|58.83|55.08|55.14|1098697
COHU|2026-07-10|54.85|57.475|53.9|56.17|929496
COHU|2026-07-13|53.78|54.505|52.36|52.81|774707
COHU|2026-07-14|55.96|56.295|53.8673|55.78|945561
COHU|2026-07-15|57.92|58.68|52.07|55.02|734911
COHU|2026-07-16|52.33|53.9599|50.29|51.51|1015356
COHU|2026-07-17|48.33|51.78|46.05|51.19|1008631
COHU|2026-07-20|52.77|53.22|50.72|51.55|470717
COHU|2026-07-21|54.62|56.38|53.85|56.22|688848
COHU|2026-07-22|54.1|56.38|54.1|55.01|462586
COHU|2026-07-23|54.47|56.17|53.73|54.51|413921
COHU|2026-07-24|54|54.19|50.1801|50.7|402444
COHU|2026-07-27|50.55|51.01|46.1|47.81|1128397
COHU|2026-07-28|44.77|45.27|41.6|42.47|1310460
COHU|2026-07-29|41.51|42.93|39.2|39.34|1789091
COHU|2026-07-30|43.51|47.79|42.31|46.45|2363584
COHU|2026-07-31|57.7|57.88|46.915|47.99|2609871
COHU|2026-08-03|46.55|50|45.5423|48.84|1130009
COHU|2026-08-04|51.91|53.11|50.2959|52.84|981774
COHU|2026-08-05|51.54|53.12|50.5|51.73|1109659
COHU|2026-08-06|50.58|53.32|48.7644|51.79|636532
COHU|2026-08-07|53.46|54.19|52.202|52.88|414969
COHU|2026-08-10|53.99|53.99|49.41|49.47|550287
COHU|2026-08-11|51.13|52.94|49.95|52.82|559042
COHU|2026-08-12|55.13|59.45|54.49|56.14|2389577
COHU|2026-08-13|55.89|59.5|55.57|58.34|972343
COHU|2026-08-14|57.46|59.88|56.48|59.3|607395
COHU|2026-08-17|61.9|63.53|60.3122|62.62|853036
COHU|2026-08-18|58.78|60.74|56.8894|59.22|1465394
COHU|2026-08-19|59.59|60.075|54|55.19|968235
COHU|2026-08-20|54.64|55.6|53.1|54.11|651372
COHU|2026-08-21|55.31|55.475|52.42|54.37|789100
CORT|2026-06-01|69.29|71.115|68.25|70.44|1095524
CORT|2026-06-02|70|71.53|68.845|71.2|984574
CORT|2026-06-03|70.93|72.945|70.07|72.65|783526
CORT|2026-06-04|72.79|75.43|72.29|74.89|893242
CORT|2026-06-05|74.77|75.09|72.58|72.62|754438
CORT|2026-06-08|72.88|75.65|72.62|73.33|867329
CORT|2026-06-09|73.96|77.62|73.62|77.49|1009989
CORT|2026-06-10|76.61|81.91|76.52|78.12|1493946
CORT|2026-06-11|79.01|84.165|78.5|83.25|1092047
CORT|2026-06-12|82.91|84.79|82.404|82.91|718985
CORT|2026-06-15|82.91|83.68|79.4|83.12|1042081
CORT|2026-06-16|83.18|84.265|82.13|83.71|767899
CORT|2026-06-17|84.25|85.4|81.45|81.75|849656
CORT|2026-06-18|82.82|83.3|79.4|79.91|1873203
CORT|2026-06-22|80.7|82|77.38|79.71|882631
CORT|2026-06-23|80.03|82.31|79.22|79.85|947268
CORT|2026-06-24|80.56|81.8942|80.015|81.56|753952
CORT|2026-06-25|81.89|87.47|80.12|84.75|1101067
CORT|2026-06-26|83.72|87.49|82.31|87.32|1556487
CORT|2026-06-29|87.44|89.235|86.585|87.89|831288
CORT|2026-06-30|87.61|89.1|86.38|86.95|738632
CORT|2026-07-01|87.07|91|86.04|88.48|1045457
CORT|2026-07-02|90.3|90.3|86.82|90.21|771829
CORT|2026-07-06|90.29|92.83|89.73|91.61|1171678
CORT|2026-07-07|92.35|94.77|92.21|94.04|1112315
CORT|2026-07-08|92.76|94.68|91.17|92.94|1037008
CORT|2026-07-09|92.21|95.11|91.91|93.25|1166738
CORT|2026-07-10|92.65|93.17|90.02|91.88|1127609
CORT|2026-07-13|90.3|91.49|84.88|85.9|1324103
CORT|2026-07-14|86.4|90.96|85.61|90.47|1111281
CORT|2026-07-15|90.3|90.45|86.14|89.57|1019929
CORT|2026-07-16|89.69|92.64|88.855|89.72|878092
CORT|2026-07-17|88.5|91.45|87.218|90.52|1889096
CORT|2026-07-20|90.84|92.66|90.0749|91.57|1573011
CORT|2026-07-21|92|95.79|91.21|95.65|822776
CORT|2026-07-22|95.18|95.65|90.77|90.88|1377684
CORT|2026-07-23|90.97|97.05|90.43|96.66|948340
CORT|2026-07-24|96.76|97.63|94.57|95.36|1002223
CORT|2026-07-27|91.595|93.35|90.12|91.12|1418876
CORT|2026-07-28|90.89|94.32|90|94.19|760961
CORT|2026-07-29|94.84|96.6|91.54|92.95|1493564
CORT|2026-07-30|112|122.21|104.75|118.32|4478575
CORT|2026-07-31|118.11|118.53|111.79|114.49|1840872
CORT|2026-08-03|114.16|115|109|112.8|1688415
CORT|2026-08-04|113|113.455|109.03|109.8|1265313
CORT|2026-08-05|111|111.96|109.21|110.69|846681
CORT|2026-08-06|111|111|107.32|107.95|761760
CORT|2026-08-07|108.25|110.79|108.075|110.77|737334
CORT|2026-08-10|110.84|114.6279|110.0548|114.23|1247874
CORT|2026-08-11|114.13|114.71|111.66|111.86|684748
CORT|2026-08-12|110.89|114|110.6001|112.18|648478
CORT|2026-08-13|112.53|113|110.23|110.51|685799
CORT|2026-08-14|110.61|114.899|110.085|114.47|727743
CORT|2026-08-17|115|117.49|114.385|117.17|540515
CORT|2026-08-18|116.595|119.95|116.595|118.1|803104
CORT|2026-08-19|119.37|121.11|118.37|119.02|859540
CORT|2026-08-20|118.11|121.72|116.3132|121.05|783000
CORT|2026-08-21|121.48|123.4361|120.56|122.25|656330
CORZ|2026-06-01|26.785|29.09|26.4|28.55|17047713
CORZ|2026-06-02|29|30.46|28.9|29.05|19593409
CORZ|2026-06-03|28.72|29.7|28.5138|28.93|10174456
CORZ|2026-06-04|27.84|28.505|27.43|27.91|8814209
CORZ|2026-06-05|27.114|27.19|25.18|25.85|13380776
CORZ|2026-06-08|26.37|27.34|25.94|27.15|7859151
CORZ|2026-06-09|28.25|28.57|25.28|27.01|12183448
CORZ|2026-06-10|26.65|27.48|25.24|25.69|11851696
CORZ|2026-06-11|25.72|27.695|25.62|27.22|11928520
CORZ|2026-06-12|27.735|28.36|27.39|27.6|7232525
CORZ|2026-06-15|28.265|28.84|27.6|28.22|11246822
CORZ|2026-06-16|28.08|29.08|27.9|28.08|8335831
CORZ|2026-06-17|28.27|29.48|27.94|28.38|13332245
CORZ|2026-06-18|29.12|30.045|28.58|29.16|17429670
CORZ|2026-06-22|29.6|30.43|28.56|29.08|10572851
CORZ|2026-06-23|27.545|29.505|27.46|29.16|7853556
CORZ|2026-06-24|29.12|29.145|27.035|27.79|12664655
CORZ|2026-06-25|28.22|28.48|26.91|27.27|10278093
CORZ|2026-06-26|26.384|27.88|25.79|27.2|20545318
CORZ|2026-06-29|27.535|28.04|25.45|25.94|11254876
CORZ|2026-06-30|25.62|26.0694|24.67|25.59|12583333
CORZ|2026-07-01|24.82|24.94|22.64|23.71|17739861
CORZ|2026-07-02|23.95|23.95|21.055|21.43|18103284
CORZ|2026-07-06|22.265|23.165|22.12|22.8|9411252
CORZ|2026-07-07|21.99|22.28|20.71|21.54|11241754
CORZ|2026-07-08|21.41|23.69|21.27|23.5|16080380
CORZ|2026-07-09|24.28|24.65|23.57|23.74|8428172
CORZ|2026-07-10|23.6|24.19|22.915|23.49|6587786
CORZ|2026-07-13|22.945|23.1399|21.865|22.71|8178567
CORZ|2026-07-14|23.27|23.48|21.95|22.09|6607423
CORZ|2026-07-15|22.17|22.875|21.285|22.72|8545819
CORZ|2026-07-16|22.25|22.25|20.74|21.02|6672334
CORZ|2026-07-17|20.305|21.45|19.89|20.94|9350666
CORZ|2026-07-20|21.9|22.79|21.85|22.4|11978499
CORZ|2026-07-21|22.87|24.6597|22.79|24.01|12601312
CORZ|2026-07-22|23.63|24.61|23.5|23.62|5062188
CORZ|2026-07-23|23.34|24.585|23.16|23.96|7288889
CORZ|2026-07-24|23.62|23.685|22.52|22.75|8231625
CORZ|2026-07-27|22.351|22.7|20.39|20.74|9839112
CORZ|2026-07-28|20.95|21.26|19.575|20.745|27626849
CORZ|2026-07-29|20.905|21.03|17.915|18.12|35467265
CORZ|2026-07-30|19.795|22.55|19.69|21.81|22519210
CORZ|2026-07-31|22.96|23|20.67|20.72|11965979
CORZ|2026-08-03|20.375|22.98|19.86|22.83|23672044
CORZ|2026-08-04|22.83|23.6|22.4|22.81|14809381
CORZ|2026-08-05|22.38|22.97|21.73|21.77|11512088
CORZ|2026-08-06|21.255|21.7119|20.885|21.05|7465007
CORZ|2026-08-07|21.63|21.645|20.43|21.01|8419257
CORZ|2026-08-10|20.96|21.05|19.43|19.44|18693295
CORZ|2026-08-11|20.29|20.56|19.47|19.76|7916349
CORZ|2026-08-12|21.365|21.66|20.535|20.87|12357233
CORZ|2026-08-13|20.61|21.39|19.59|19.78|10821881
CORZ|2026-08-14|19.67|20.38|19.43|20.18|10179756
CORZ|2026-08-17|20.22|20.5|19.71|20.13|10963702
CORZ|2026-08-18|19.5|19.78|18.515|18.85|13766610
CORZ|2026-08-19|18.905|19.34|18.15|18.72|9730441
CORZ|2026-08-20|18.89|19.145|17.885|18.39|11450378
CORZ|2026-08-21|18.78|19.26|17.71|17.81|12895643
CPA|2026-06-01|141|141.86|138.4901|140.4|257026
CPA|2026-06-02|140.4|141.35|136.235|136.83|331547
CPA|2026-06-03|135.81|137.15|134.43|135.84|517904
CPA|2026-06-04|137.2|138.88|132.3|133.14|410173
CPA|2026-06-05|132.38|135.04|131.01|133.59|235669
CPA|2026-06-08|133.98|135.32|131.5|131.68|219335
CPA|2026-06-09|133|136.32|131.56|135.37|423545
CPA|2026-06-10|133.38|135.27|128.29|128.51|284431
CPA|2026-06-11|128.5|139.26|128.08|139.09|336727
CPA|2026-06-12|141.25|142.34|139|141.69|364233
CPA|2026-06-15|147.55|151.95|143.52|144.4|636678
CPA|2026-06-16|145.44|147|142.93|143.36|327728
CPA|2026-06-17|144.45|146.3|142.96|143.23|239390
CPA|2026-06-18|148.14|153|147.63|151.04|577441
CPA|2026-06-22|150.3|156.25|149.78|152.99|427625
CPA|2026-06-23|149.83|153.97|147.41|151.93|256318
CPA|2026-06-24|154.09|159.92|152.54|156.86|378639
CPA|2026-06-25|159|160.465|155.62|157.04|327046
CPA|2026-06-26|156|158.45|155.0001|157.19|261899
CPA|2026-06-29|155.35|156.5999|153.58|155.53|308167
CPA|2026-06-30|154.38|157|153.5|155.57|189859
CPA|2026-07-01|155.92|157.34|152.84|153.05|319739
CPA|2026-07-02|154.88|156.055|151.08|152.65|256409
CPA|2026-07-06|154.06|157.1|153.055|154.78|235243
CPA|2026-07-07|154.35|155.3674|148.6|149.34|267215
CPA|2026-07-08|148.01|148.379|142.23|147.38|480853
CPA|2026-07-09|149.32|151.51|148.66|149.89|198174
CPA|2026-07-10|150.05|151.8399|149.45|150.59|201923
CPA|2026-07-13|149.75|150.14|144.05|144.05|333391
CPA|2026-07-14|147.29|147.83|144.14|147.32|359334
CPA|2026-07-15|147.01|150.05|146.87|147.46|245376
CPA|2026-07-16|145.77|148.61|144.165|144.36|212226
CPA|2026-07-17|141.59|142.97|138.59|139.07|299833
CPA|2026-07-20|139.08|140.745|137.84|139.05|192866
CPA|2026-07-21|140.22|141.75|138.51|140.83|162575
CPA|2026-07-22|138.93|141.06|137.975|138.79|145112
CPA|2026-07-23|134|136.195|132.6098|135.72|411245
CPA|2026-07-24|137.19|140|135.75|136.28|411921
CPA|2026-07-27|139.71|140.96|136.29|138.43|434878
CPA|2026-07-28|138.44|140.64|136.37|140.01|373162
CPA|2026-07-29|136.95|140.32|135.79|136.28|307474
CPA|2026-07-30|138.89|142.47|138.0101|142.23|400628
CPA|2026-07-31|143.5|143.5|140.9|141.22|153069
CPA|2026-08-03|144|146.52|143.3|146.06|222692
CPA|2026-08-04|148.98|150.42|146.5585|146.65|243513
CPA|2026-08-05|147.22|152.67|145.945|150.78|412011
CPA|2026-08-06|142.495|145.79|138.37|142.05|558766
CPA|2026-08-07|143.1|143.935|139.865|142.13|265777
CPA|2026-08-10|140.31|140.835|136.28|136.69|266556
CPA|2026-08-11|137.01|138.015|134.46|134.5|239438
CPA|2026-08-12|137.02|138.33|135.175|135.86|269347
CPA|2026-08-13|138|138|135.53|136.37|138330
CPA|2026-08-14|136.54|137.83|134.78|135.87|223730
CPA|2026-08-17|135.18|136.05|133.3675|133.79|171197
CPA|2026-08-18|132.5|133.01|129.215|129.46|287918
CPA|2026-08-19|130|130.435|128.8|129.78|438002
CPA|2026-08-20|127.96|128.93|127.28|128.29|241786
CPA|2026-08-21|129.97|130.83|128.29|129.95|199570
CPNG|2026-06-01|16.45|16.905|16.38|16.62|14299911
CPNG|2026-06-02|16.38|16.91|16.29|16.73|20130499
CPNG|2026-06-03|16.59|16.78|16.09|16.42|13653276
CPNG|2026-06-04|16.4|16.895|16.4|16.53|11754299
CPNG|2026-06-05|16.4|16.505|15.14|15.15|23118318
CPNG|2026-06-08|15.335|15.66|14.92|15.18|31854265
CPNG|2026-06-09|15.42|16.1|15.14|15.91|61626391
CPNG|2026-06-10|15.72|16.015|15.04|15.12|33738266
CPNG|2026-06-11|16.36|17.32|15.8363|17.25|73635546
CPNG|2026-06-12|17.1|17.1|16.31|16.82|32410905
CPNG|2026-06-15|17.2|17.54|16.795|17.13|17503386
CPNG|2026-06-16|17.18|18.095|17.1|18.03|23051238
CPNG|2026-06-17|18.105|19.605|18.09|18.83|43332486
CPNG|2026-06-18|18.59|18.8|17.77|18|30109847
CPNG|2026-06-22|17.8719|18.22|17.24|17.31|12925267
CPNG|2026-06-23|16.9|17.775|16.9|17.51|19523814
CPNG|2026-06-24|17.47|18.21|17.47|17.76|11145338
CPNG|2026-06-25|17.71|17.79|17|17.06|18813383
CPNG|2026-06-26|16.92|17.82|16.92|17.58|21364050
CPNG|2026-06-29|17.77|17.89|17.405|17.58|8707987
CPNG|2026-06-30|17.385|17.61|17|17.37|15242923
CPNG|2026-07-01|17.55|18.185|17.55|18.13|13921527
CPNG|2026-07-02|18.065|18.615|18.02|18.56|15972671
CPNG|2026-07-06|18.515|19.345|18.515|19.15|20126650
CPNG|2026-07-07|19.38|19.53|18.3|18.53|14168449
CPNG|2026-07-08|18.35|19.1|18.34|19|15401634
CPNG|2026-07-09|18.83|19.445|18.77|19.16|18935028
CPNG|2026-07-10|19.29|19.32|18.75|18.8|12733598
CPNG|2026-07-13|18.87|19.055|17.8|17.92|24805641
CPNG|2026-07-14|17.83|18.015|17.32|17.74|28925025
CPNG|2026-07-15|17.95|17.98|17.37|17.42|19937869
CPNG|2026-07-16|17.37|17.37|16.79|16.86|19639394
CPNG|2026-07-17|16.64|16.895|16.41|16.62|16327055
CPNG|2026-07-20|16.4|16.555|15.96|16.44|36766205
CPNG|2026-07-21|16.44|16.62|15.63|15.76|27141729
CPNG|2026-07-22|15.85|15.895|15.58|15.63|9827220
CPNG|2026-07-23|15.57|15.7|15.34|15.63|10335415
CPNG|2026-07-24|15.77|15.86|15.465|15.5|10421701
CPNG|2026-07-27|15.84|16.045|15.545|15.93|13522270
CPNG|2026-07-28|15.93|15.98|15.36|15.44|15509406
CPNG|2026-07-29|15.21|15.555|14.96|15.16|26670883
CPNG|2026-07-30|15.35|16.34|15.25|16.09|20214136
CPNG|2026-07-31|15.98|16.48|15.94|16.35|11998935
CPNG|2026-08-03|16.6|16.76|16.34|16.42|16730244
CPNG|2026-08-04|16.51|16.925|16.25|16.78|25929803
CPNG|2026-08-05|16.33|16.9|15.95|16|39656857
CPNG|2026-08-06|15.98|16.435|15.74|16.35|21463049
CPNG|2026-08-07|16.61|16.725|16.195|16.23|19952259
CPNG|2026-08-10|16.19|16.335|15.95|16.19|18733379
CPNG|2026-08-11|16.34|16.665|16.18|16.5|20179424
CPNG|2026-08-12|16.46|16.59|16.3|16.32|11920479
CPNG|2026-08-13|16.36|16.4|15.99|16.29|12503981
CPNG|2026-08-14|16.35|16.702|16.01|16.12|12273607
CPNG|2026-08-17|16.1|16.14|15.62|15.72|14903027
CPNG|2026-08-18|15.68|15.87|15.555|15.58|15082735
CPNG|2026-08-19|15.74|16.715|15.74|16.66|19941084
CPNG|2026-08-20|16.55|16.58|16.13|16.26|13824845
CPNG|2026-08-21|16.36|16.565|16.095|16.45|10793504
CRCL|2026-06-01|108.72|109.5|104.26|104.97|14178961
CRCL|2026-06-02|101.88|103.77|98.55|100.85|14423429
CRCL|2026-06-03|99.175|99.175|90.13|90.13|15815428
CRCL|2026-06-04|90.89|95.18|89.2|90.54|12115972
CRCL|2026-06-05|88.11|88.11|78.41|80.28|24467824
CRCL|2026-06-08|84.01|84.13|81.4|82.53|10536913
CRCL|2026-06-09|81.165|87.38|77.87|81.1|13262994
CRCL|2026-06-10|78.93|84.3|78.6|78.93|8271337
CRCL|2026-06-11|79.5|83.91|78.61|82.63|8704889
CRCL|2026-06-12|82.01|82.05|77.61|77.84|12161091
CRCL|2026-06-15|82.89|87.3|82.41|83.37|15331220
CRCL|2026-06-16|82.5|82.92|78.7105|79.72|9710100
CRCL|2026-06-17|79.1|85.24|78.5|80.59|9783863
CRCL|2026-06-18|80.28|81.4003|76.84|80.23|14698432
CRCL|2026-06-22|81.25|84.86|78.97|79.95|9549478
CRCL|2026-06-23|76.11|78.2194|74.7|75.68|8745297
CRCL|2026-06-24|75.6|75.6|70.07|70.98|11071820
CRCL|2026-06-25|71.3|71.57|67.51|68.81|10707391
CRCL|2026-06-26|67.92|74.45|67.365|73.57|14346340
CRCL|2026-06-29|75.18|76.15|72.39|75.96|9049264
CRCL|2026-06-30|72.25|73.2|62.52|62.63|37381777
CRCL|2026-07-01|63.71|66.25|61.7725|61.95|24369004
CRCL|2026-07-02|63.81|69.249|63.66|64.62|17585037
CRCL|2026-07-06|64.56|69.98|62.95|68.65|12964768
CRCL|2026-07-07|67.75|69.05|64.5776|65.15|8329574
CRCL|2026-07-08|64.19|64.48|61.875|64.07|8457801
CRCL|2026-07-09|62.95|64.8|61.6662|63.01|9317396
CRCL|2026-07-10|70.66|72.855|65.07|66.14|36563714
CRCL|2026-07-13|64.42|66.1|62.36|63|12721200
CRCL|2026-07-14|61.655|63.49|59.29|63.22|15685268
CRCL|2026-07-15|64.46|66.845|63.25|65.69|12857491
CRCL|2026-07-16|64.43|64.9|60.3603|60.64|9672361
CRCL|2026-07-17|59.18|62.4|58.68|60.46|8695128
CRCL|2026-07-20|60.95|66.98|60.87|65.45|13469175
CRCL|2026-07-21|68.94|72.675|68.645|71.08|18082515
CRCL|2026-07-22|67.95|70.23|65.35|66.16|10716819
CRCL|2026-07-23|65|65.41|61.35|62.18|10347274
CRCL|2026-07-24|61.62|63.18|59.96|62.36|8307851
CRCL|2026-07-27|63.63|66.24|62.6106|65.67|8469811
CRCL|2026-07-28|62.03|65.88|61.23|64.32|8062645
CRCL|2026-07-29|63.16|64.47|60.55|61.36|7583269
CRCL|2026-07-30|61.48|64.64|61|64.24|7959474
CRCL|2026-07-31|62.72|63.51|58.66|62.61|13629908
CRCL|2026-08-03|58.98|61.38|57.84|60.35|15804920
CRCL|2026-08-04|60.3|64.365|60.07|63.25|12560497
CRCL|2026-08-05|61.96|64.2|59.12|63.28|19798248
CRCL|2026-08-06|61.24|65.905|60.01|63.28|12257443
CRCL|2026-08-07|65.65|68.4|64.7817|66.67|12044011
CRCL|2026-08-10|67.15|67.48|64.5|67.05|7832746
CRCL|2026-08-11|69.01|73.35|67.7|71.16|14214654
CRCL|2026-08-12|71.84|72.38|68.81|71.28|8590549
CRCL|2026-08-13|70.11|75.89|70.01|75.38|10587372
CRCL|2026-08-14|74.46|74.62|71.2001|71.6|8455434
CRCL|2026-08-17|71.205|75.67|70.7265|74.59|9706276
CRCL|2026-08-18|72.81|74.22|71.41|71.73|8940729
CRCL|2026-08-19|73.765|81.22|73.69|78.59|22640834
CRCL|2026-08-20|82.99|85.28|79.5|83.66|22015558
CRCL|2026-08-21|87.98|92.97|86.36|87.98|25686589
CRI|2026-06-01|38.01|38.635|37.47|38.39|866160
CRI|2026-06-02|38.4|39.84|38.3|39.8|985898
CRI|2026-06-03|39.33|39.74|38.45|38.92|874546
CRI|2026-06-04|39.02|39.255|36.9|38.15|828130
CRI|2026-06-05|37.97|38.45|37.37|38.19|862127
CRI|2026-06-08|38.61|39.77|38.22|39.16|757901
CRI|2026-06-09|39.56|40.49|39.25|39.8|598483
CRI|2026-06-10|39.7|40.07|39.13|39.33|749165
CRI|2026-06-11|39.81|41.72|39.48|41.58|1223555
CRI|2026-06-12|42.45|43.47|42.0296|42.79|855520
CRI|2026-06-15|42.71|43.19|41.69|41.8|598293
CRI|2026-06-16|42.11|42.69|41.06|41.1|442906
CRI|2026-06-17|42.58|43.62|41.2|41.32|791063
CRI|2026-06-18|42.15|43.35|41.91|42.54|1388257
CRI|2026-06-22|42.37|42.655|40.885|41.57|1264429
CRI|2026-06-23|41.08|43.1|40.67|42.75|1206852
CRI|2026-06-24|43.045|44.275|42.555|43.33|998424
CRI|2026-06-25|43.03|43.655|42.48|43.09|839816
CRI|2026-06-26|42.76|43.56|41.85|43.35|1706382
CRI|2026-06-29|42.18|42.41|41.28|41.81|909120
CRI|2026-06-30|41.59|41.59|40.8|41.16|833963
CRI|2026-07-01|40.28|41.53|40.24|41.14|558920
CRI|2026-07-02|41.11|41.46|40.36|40.65|750435
CRI|2026-07-06|40.15|40.92|38.82|39.1|1158035
CRI|2026-07-07|39.49|40.1|38.79|39.82|1043457
CRI|2026-07-08|39.27|39.63|37.675|37.91|688182
CRI|2026-07-09|37.97|39.63|37.46|39.04|685179
CRI|2026-07-10|39.16|40.45|38.72|40.19|831813
CRI|2026-07-13|40.38|41.71|38.5|38.58|876615
CRI|2026-07-14|39.16|39.26|37.4901|38|758415
CRI|2026-07-15|38.01|39.66|37.76|38.27|1091283
CRI|2026-07-16|38.35|39.95|38.35|39.72|795492
CRI|2026-07-17|39.21|40.48|37.7|38.1|925551
CRI|2026-07-20|38.02|38.46|37.41|37.68|670424
CRI|2026-07-21|38.33|39.21|37.99|38.73|808582
CRI|2026-07-22|38.94|39.46|38.26|38.29|469455
CRI|2026-07-23|37.61|37.82|36.89|37.44|865411
CRI|2026-07-24|36.03|38.83|36.03|38.75|1016208
CRI|2026-07-27|39.42|39.88|38.215|38.75|861996
CRI|2026-07-28|39.28|39.72|38.95|39.46|715667
CRI|2026-07-29|38.6|38.975|37.47|38.7|939988
CRI|2026-07-30|38.37|39.62|37.2|37.79|1470900
CRI|2026-07-31|38.11|38.9|35.44|38.57|2427313
CRI|2026-08-03|39.54|41.26|39.45|39.89|2803331
CRI|2026-08-04|38.89|40.21|38.54|39.8|1262051
CRI|2026-08-05|39.49|39.97|38.84|39.95|955540
CRI|2026-08-06|39.54|41.005|38.74|40.29|934058
CRI|2026-08-07|40.19|40.525|39.64|39.96|588748
CRI|2026-08-10|40.13|41.22|39.735|40.38|1095339
CRI|2026-08-11|40.25|40.48|39.44|39.74|807172
CRI|2026-08-12|39.97|40.11|38.85|39.06|720485
CRI|2026-08-13|39.3|39.536|38.62|39.15|640189
CRI|2026-08-14|38.9|39.07|38.24|38.72|919955
CRI|2026-08-17|38.12|38.21|37.5|37.82|715682
CRI|2026-08-18|38.02|38.83|37.49|37.56|790211
CRI|2026-08-19|37.3|38.03|36.95|37.21|1145625
CRI|2026-08-20|36.47|36.47|35.24|36.24|1206273
CRI|2026-08-21|36.4|36.92|35.455|35.77|1361255
CRMD|2026-06-01|8.4|8.545|8.335|8.45|1195980
CRMD|2026-06-02|8.4|8.41|8.102|8.17|956717
CRMD|2026-06-03|8.19|8.27|8.09|8.23|835468
CRMD|2026-06-04|8.28|8.745|8.1509|8.54|1442906
CRMD|2026-06-05|8.59|8.68|8.33|8.36|901602
CRMD|2026-06-08|8.45|8.5801|8.36|8.54|1821656
CRMD|2026-06-09|8.61|8.83|8.46|8.65|1411973
CRMD|2026-06-10|8.65|8.98|8.61|8.77|1316717
CRMD|2026-06-11|8.805|9.0851|8.73|8.96|1232913
CRMD|2026-06-12|8.95|9.005|8.72|8.74|968756
CRMD|2026-06-15|8.912|8.912|8.49|8.59|1411374
CRMD|2026-06-16|8.6|8.695|8.46|8.66|841673
CRMD|2026-06-17|8.66|8.81|8.635|8.67|1188744
CRMD|2026-06-18|8.84|8.845|8.65|8.67|2510287
CRMD|2026-06-22|8.7|9.06|8.7|8.82|1956345
CRMD|2026-06-23|8.75|8.96|8.6|8.6|1271164
CRMD|2026-06-24|8.69|8.82|8.39|8.39|1382331
CRMD|2026-06-25|8.525|8.525|7.625|7.72|3041668
CRMD|2026-06-26|7.725|7.965|7.59|7.85|4576623
CRMD|2026-06-29|7.72|7.95|7.495|7.64|1282487
CRMD|2026-06-30|7.65|7.86|7.58|7.85|1359892
CRMD|2026-07-01|7.99|8.525|7.98|8.47|1276307
CRMD|2026-07-02|8.55|8.84|8.42|8.75|1043607
CRMD|2026-07-06|8.73|8.89|8.535|8.79|1180426
CRMD|2026-07-07|8.73|8.95|8.61|8.87|841519
CRMD|2026-07-08|8.91|8.98|8.76|8.83|824237
CRMD|2026-07-09|8.86|8.93|8.67|8.67|811405
CRMD|2026-07-10|8.68|8.72|8.22|8.4|807736
CRMD|2026-07-13|8.28|8.4099|8.22|8.32|886079
CRMD|2026-07-14|8.29|8.43|8.22|8.27|795635
CRMD|2026-07-15|8.26|8.43|8.11|8.42|648079
CRMD|2026-07-16|8.39|8.5|8.25|8.29|874417
CRMD|2026-07-17|8.14|8.53|8.14|8.42|694268
CRMD|2026-07-20|8.48|8.53|7.69|7.78|1155885
CRMD|2026-07-21|7.82|8.21|7.82|8.19|1038425
CRMD|2026-07-22|8.18|8.195|7.86|7.94|860066
CRMD|2026-07-23|7.85|8.0725|7.76|8.05|698218
CRMD|2026-07-24|8.07|8.085|7.83|7.87|628693
CRMD|2026-07-27|8|8.12|7.58|7.6|1182072
CRMD|2026-07-28|7.6|7.69|7.27|7.35|1251711
CRMD|2026-07-29|7.36|7.4325|7.13|7.19|1362178
CRMD|2026-07-30|7.28|7.585|7.23|7.49|1182335
CRMD|2026-07-31|7.49|7.55|7.3|7.53|637222
CRMD|2026-08-03|7.6|7.635|7.4|7.55|856025
CRMD|2026-08-04|7.6|7.66|7.48|7.52|651043
CRMD|2026-08-05|7.52|7.57|7.37|7.41|615220
CRMD|2026-08-06|7.43|7.52|7.38|7.51|701311
CRMD|2026-08-07|7.58|7.585|7.395|7.44|739855
CRMD|2026-08-10|7.4|7.55|7.31|7.53|831302
CRMD|2026-08-11|7.6|7.62|7.25|7.3|1179685
CRMD|2026-08-12|7.3|7.31|7.1|7.1|1349665
CRMD|2026-08-13|8.39|8.98|7.76|8.14|6065278
CRMD|2026-08-14|8.05|8.198|7.46|7.54|2695046
CRMD|2026-08-17|7.55|8.11|7.4801|7.67|2173468
CRMD|2026-08-18|7.71|8.27|7.71|8.17|2025581
CRMD|2026-08-19|8.3|8.53|8.11|8.52|1464686
CRMD|2026-08-20|8.49|8.5449|8.19|8.23|1001907
CRMD|2026-08-21|8.29|8.41|8.155|8.2|1496584
CRWV|2026-06-01|114.775|127.8485|114.715|124.82|56314316
CRWV|2026-06-02|129.96|132.15|118.82|119.27|35088302
CRWV|2026-06-03|119.915|121.96|110.55|110.93|26087595
CRWV|2026-06-04|107.49|110.45|105.03|108.03|24865870
CRWV|2026-06-05|104.635|104.8|95.5401|100.39|31614437
CRWV|2026-06-08|102.03|104.3|98.4|102.37|24263081
CRWV|2026-06-09|103.99|105.385|93.6|98.45|26341502
CRWV|2026-06-10|95.39|100.51|95.1|95.61|17434549
CRWV|2026-06-11|92.635|96.51|91.02|95.74|22167903
CRWV|2026-06-12|99.12|105.55|97.22|100.55|36002744
CRWV|2026-06-15|104|108.8|103.8|106.71|21802119
CRWV|2026-06-16|108.3|119.45|107.62|117.03|42384684
CRWV|2026-06-17|117.07|121.9999|114.9|115.21|25882860
CRWV|2026-06-18|118.85|119.89|114.125|117.95|65098730
CRWV|2026-06-22|119.085|119.19|106.6104|111.29|29589965
CRWV|2026-06-23|102.925|112.01|101.96|105.72|25074942
CRWV|2026-06-24|103.575|104.54|98.253|100.88|21440368
CRWV|2026-06-25|105.28|106.54|98.42|98.76|21565609
CRWV|2026-06-26|95.18|98.09|93.5|96.58|47546464
CRWV|2026-06-29|98.38|98.47|89.55|95.51|21755655
CRWV|2026-06-30|95.18|99.79|93.88|99.54|18447544
CRWV|2026-07-01|88.865|90.26|85.01|85.685|60392285
CRWV|2026-07-02|86.27|88.17|80.56|81.745|32502456
CRWV|2026-07-06|83.015|87.54|82.5046|86.46|21616516
CRWV|2026-07-07|83.74|85.31|79.456|83.53|23132923
CRWV|2026-07-08|82.98|90.15|82.82|90|23710111
CRWV|2026-07-09|93.33|95.1359|89.372|89.7|24707939
CRWV|2026-07-10|89.89|91.31|87.93|88.88|12629538
CRWV|2026-07-13|86.97|88.88|82.72|83.31|18485261
CRWV|2026-07-14|84.66|85.91|78.4|79.94|25220623
CRWV|2026-07-15|78.735|80.64|74.8101|77.12|23991411
CRWV|2026-07-16|75.57|75.62|72.08|72.91|24803395
CRWV|2026-07-17|70.71|74.5|68.51|73.21|35736043
CRWV|2026-07-20|75.765|79.305|73.01|73.06|22506001
CRWV|2026-07-21|75.0015|80.45|74.5|79.58|24288961
CRWV|2026-07-22|79.89|85.37|79.58|82.64|22822527
CRWV|2026-07-23|81|85.19|80.55|81.1|17961005
CRWV|2026-07-24|79.5|79.5693|71.67|71.88|25263594
CRWV|2026-07-27|73.8|74.91|69.69|70.79|17757018
CRWV|2026-07-28|68.97|69.18|64.633|67.3|29508813
CRWV|2026-07-29|66.67|66.89|60.55|60.82|35939725
CRWV|2026-07-30|68.3|75.87|67.55|73.9|43681974
CRWV|2026-07-31|77.035|78.5|69.97|71.77|26015437
CRWV|2026-08-03|70.555|86.2|69.89|85.76|44283315
CRWV|2026-08-04|86.425|94.3|86.26|91.9|33265238
CRWV|2026-08-05|92.29|94.1499|89.77|89.89|20556831
CRWV|2026-08-06|86.35|89.23|85|85.33|16496251
CRWV|2026-08-07|89.23|91.03|85.5835|90.67|18549932
CRWV|2026-08-10|92.35|93.98|88.17|88.19|20520838
CRWV|2026-08-11|90.94|93.5955|87.46|90.32|36759513
CRWV|2026-08-12|108.7|111.83|105.44|107.73|86843606
CRWV|2026-08-13|107.14|117.49|105.84|106.29|50301446
CRWV|2026-08-14|106.245|110.3|102.5|105.26|33234436
CRWV|2026-08-17|107.01|109.9|101.22|106|32266751
CRWV|2026-08-18|101.4|102.38|93.15|93.17|37063976
CRWV|2026-08-19|94.23|94.3804|88.8505|90.87|26534907
CRWV|2026-08-20|90.305|93.77|88.78|89.76|17519212
CRWV|2026-08-21|90.395|91.52|87.41|87.85|20993941
CVLT|2026-06-01|121.34|123.66|118.0001|122.39|888411
CVLT|2026-06-02|118.82|122.32|117.935|122.12|537620
CVLT|2026-06-03|120.51|121.47|116.929|120.85|567217
CVLT|2026-06-04|123.72|123.72|121.28|121.55|455568
CVLT|2026-06-05|121.88|122.91|118.51|118.68|624318
CVLT|2026-06-08|118.41|123.07|116.972|122.09|889161
CVLT|2026-06-09|122.09|124.62|117.225|121.77|886775
CVLT|2026-06-10|121.2|127.36|120.12|125.28|993164
CVLT|2026-06-11|123.7|129.86|121.67|126.83|1109324
CVLT|2026-06-12|125.88|128.93|124.36|127.76|786333
CVLT|2026-06-15|127.94|130.14|126.03|127.34|751591
CVLT|2026-06-16|127.51|129.5|124.58|125.21|800745
CVLT|2026-06-17|124.76|128|123.7|127.1|1567311
CVLT|2026-06-18|128.04|130.91|121.75|130.03|1411787
CVLT|2026-06-22|130|131.73|123.89|126.01|1092302
CVLT|2026-06-23|126.1|128.29|124.08|125.23|643774
CVLT|2026-06-24|126.06|132.54|125.5625|130.76|779469
CVLT|2026-06-25|130.47|135.69|129.02|133.94|836935
CVLT|2026-06-26|134.75|141.69|133.9802|140.04|2005929
CVLT|2026-06-29|140.76|144.9852|140.5901|144.18|1020948
CVLT|2026-06-30|142.5|145|140.36|141.73|813689
CVLT|2026-07-01|144.99|148.39|144.14|147.02|603899
CVLT|2026-07-02|147.02|150.7|146.39|149.98|628418
CVLT|2026-07-06|149.98|153.39|145.77|150.05|841466
CVLT|2026-07-07|151.51|154.74|148.97|153.72|881124
CVLT|2026-07-08|151.92|154.83|145.81|146.92|790757
CVLT|2026-07-09|144.68|151.98|144.37|151.43|546627
CVLT|2026-07-10|153.49|154.255|149.32|150.57|495094
CVLT|2026-07-13|151.02|152.095|145.305|148.65|729351
CVLT|2026-07-14|144.98|153.3|144.94|148.63|770570
CVLT|2026-07-15|150.64|151.92|144.56|146.13|539347
CVLT|2026-07-16|149.72|151.38|145.2397|149.77|526628
CVLT|2026-07-17|146.83|150.7788|146.75|147.81|497788
CVLT|2026-07-20|147.27|148.56|145.3613|146.72|325179
CVLT|2026-07-21|145.76|148.4|143.72|146.49|401206
CVLT|2026-07-22|145.62|145.67|138.13|140.24|622288
CVLT|2026-07-23|141.14|141.93|137.83|141.14|449507
CVLT|2026-07-24|142.74|144|140.93|142.31|492771
CVLT|2026-07-27|145.8|150.81|145.475|149.46|988029
CVLT|2026-07-28|126.96|128.18|118.0001|120.02|2261893
CVLT|2026-07-29|121.08|125.82|118.79|120.31|1064456
CVLT|2026-07-30|121.92|122|115.3101|116.42|711488
CVLT|2026-07-31|115.97|118.36|113.53|117.8|845222
CVLT|2026-08-03|119.7|125.09|119.405|124.93|562795
CVLT|2026-08-04|126.14|133.63|125.94|132.1|982012
CVLT|2026-08-05|132.1|134.19|131|133.17|640263
CVLT|2026-08-06|132.4|133.61|129.81|133.36|571444
CVLT|2026-08-07|137|137.45|134.51|135.27|391496
CVLT|2026-08-10|134.19|139.8|134.015|139.43|1093062
CVLT|2026-08-11|140|141.97|137.1494|139.43|340735
CVLT|2026-08-12|139.43|142.27|137.56|141.74|349811
CVLT|2026-08-13|142.63|151.82|141.23|151.1|572146
CVLT|2026-08-14|151.44|152.24|145|147.085|313789
CVLT|2026-08-17|143.98|144.99|140.84|144.32|378306
CVLT|2026-08-18|143.45|145.48|142.48|142.81|492613
CVLT|2026-08-19|142.8|143.18|137.05|137.32|449231
CVLT|2026-08-20|136.06|137.87|131.35|131.63|642734
CVLT|2026-08-21|132.45|134.175|130.63|133.81|570493
CYRX|2026-06-01|15.65|16.04|15.5|15.99|645952
CYRX|2026-06-02|15.8|16.3|15.71|15.74|853602
CYRX|2026-06-03|15.97|16.7|15.96|16.5|2209696
CYRX|2026-06-04|16.35|16.73|16.045|16.16|1163703
CYRX|2026-06-05|16.1|16.1|15.52|15.7|710824
CYRX|2026-06-08|15.86|15.995|15.35|15.48|573248
CYRX|2026-06-09|15.47|15.54|14.685|15.19|1012303
CYRX|2026-06-10|15.01|15.41|14.61|14.77|680521
CYRX|2026-06-11|14.93|15.12|14.285|14.38|1527485
CYRX|2026-06-12|14.45|14.67|14.3|14.62|502102
CYRX|2026-06-15|14.83|14.95|14.4|14.83|544509
CYRX|2026-06-16|14.85|14.94|14.565|14.71|482971
CYRX|2026-06-17|14.68|15.215|14.51|14.57|679274
CYRX|2026-06-18|14.86|15.08|14.69|15.01|525405
CYRX|2026-06-22|15.02|15.23|14.37|14.77|477841
CYRX|2026-06-23|14.67|15.04|14.61|14.76|443401
CYRX|2026-06-24|14.63|15.74|14.625|15.52|1542598
CYRX|2026-06-25|15.66|16.155|15.6|15.88|736305
CYRX|2026-06-26|15.71|16.075|15.53|16|1730977
CYRX|2026-06-29|16.2727|16.49|15.85|16.28|964452
CYRX|2026-06-30|16.09|16.13|15.3|15.7|958067
CYRX|2026-07-01|15.66|16.65|15.585|15.86|1140540
CYRX|2026-07-02|15.86|16.2516|15.46|15.49|556529
CYRX|2026-07-06|15.4|15.53|15.02|15.23|538292
CYRX|2026-07-07|15.28|15.49|14.745|15.06|785386
CYRX|2026-07-08|14.86|15.28|14.73|15.26|525738
CYRX|2026-07-09|15.435|15.95|15.38|15.72|640882
CYRX|2026-07-10|15.79|16.17|15.6|16.17|540013
CYRX|2026-07-13|15.98|16.27|15.56|15.71|519206
CYRX|2026-07-14|15.89|16.13|15.38|16.07|496134
CYRX|2026-07-15|16.07|16.83|15.93|16.57|1120461
CYRX|2026-07-16|16.38|16.61|16.11|16.49|638203
CYRX|2026-07-17|16.22|16.8899|16.16|16.51|702103
CYRX|2026-07-20|16.5|16.565|15.61|15.71|540472
CYRX|2026-07-21|15.71|16.32|14.62|16.24|973396
CYRX|2026-07-22|16.13|16.735|16.13|16.42|599126
CYRX|2026-07-23|16.36|16.71|15.8761|16.03|799205
CYRX|2026-07-24|16.59|16.59|15.33|15.37|589777
CYRX|2026-07-27|15.37|15.68|14.84|15.15|783445
CYRX|2026-07-28|15.06|15.485|15.04|15.17|448158
CYRX|2026-07-29|15.23|15.38|14.775|14.93|556319
CYRX|2026-07-30|15.12|15.43|14.95|15.33|373315
CYRX|2026-07-31|15.32|15.325|14.85|15.09|391988
CYRX|2026-08-03|15.15|15.5|14.99|15.49|424383
CYRX|2026-08-04|15.5|15.6|15.09|15.22|581063
CYRX|2026-08-05|15.22|15.42|15.05|15.25|363988
CYRX|2026-08-06|15.31|15.325|14.67|14.71|634700
CYRX|2026-08-07|15.22|15.42|14.32|15.12|1069239
CYRX|2026-08-10|14.86|15.07|14.35|14.82|614761
CYRX|2026-08-11|15.03|15.19|14.61|14.95|624658
CYRX|2026-08-12|14.96|15.02|14.6|14.8|425058
CYRX|2026-08-13|14.96|15.34|14.82|15.13|394526
CYRX|2026-08-14|15|15.35|14.8|15.25|345471
CYRX|2026-08-17|15.15|15.38|15.04|15.32|382769
CYRX|2026-08-18|15.23|15.33|14.88|15.09|456216
CYRX|2026-08-19|15.4|16.58|15.4|16.31|704788
CYRX|2026-08-20|16.07|16.83|16.07|16.71|568350
CYRX|2026-08-21|16.8|17.2|16.33|17.13|1018893
DCTH|2026-06-01|10.9|11.05|10.48|10.6|594394
DCTH|2026-06-02|10.58|10.67|10.4|10.53|530748
DCTH|2026-06-03|10.52|10.53|10.2|10.33|396466
DCTH|2026-06-04|10.35|10.95|10.35|10.79|414938
DCTH|2026-06-05|10.74|11.21|10.58|10.67|586421
DCTH|2026-06-08|10.78|11.38|10.65|10.94|1198163
DCTH|2026-06-09|11.41|12.17|11.25|11.69|1041496
DCTH|2026-06-10|11.51|11.79|11.16|11.19|597871
DCTH|2026-06-11|11.29|11.9|11.04|11.765|806431
DCTH|2026-06-12|11.96|11.99|11.56|11.72|299613
DCTH|2026-06-15|12.05|12.178|11.66|11.79|448293
DCTH|2026-06-16|11.98|12.11|11.51|11.54|428323
DCTH|2026-06-17|11.845|12.21|11.75|11.93|667577
DCTH|2026-06-18|12.09|12.18|11.64|11.69|582596
DCTH|2026-06-22|11.71|11.8|11.42|11.51|381332
DCTH|2026-06-23|11.38|12.375|11.35|12.29|610822
DCTH|2026-06-24|12.36|12.79|12.1801|12.24|468037
DCTH|2026-06-25|12.25|12.56|12.14|12.32|267481
DCTH|2026-06-26|12.32|12.98|12.22|12.94|1406842
DCTH|2026-06-29|12.95|13.19|12.85|12.95|640464
DCTH|2026-06-30|12.91|12.92|12.47|12.59|443868
DCTH|2026-07-01|12.62|13.12|12.4552|12.91|390313
DCTH|2026-07-02|12.88|13.23|12.7801|13.2|337717
DCTH|2026-07-06|13.25|13.7399|13.0519|13.48|480822
DCTH|2026-07-07|13.33|13.61|13.14|13.44|395525
DCTH|2026-07-08|13.2|13.238|12.94|13.1|309005
DCTH|2026-07-09|13.25|13.7|13.12|13.52|333423
DCTH|2026-07-10|13.57|13.63|12.74|13.01|294528
DCTH|2026-07-13|13|13.14|12.85|12.87|388877
DCTH|2026-07-14|12.87|13.2|12.63|13.14|280032
DCTH|2026-07-15|13.05|13.29|12.834|13.18|315531
DCTH|2026-07-16|12.96|13.265|12.68|12.85|378351
DCTH|2026-07-17|12.52|13.05|12.32|12.81|369326
DCTH|2026-07-20|12.84|12.905|12.36|12.59|327840
DCTH|2026-07-21|12.6|12.97|12.53|12.81|277100
DCTH|2026-07-22|12.75|12.86|12.43|12.53|277998
DCTH|2026-07-23|12.29|12.515|12.13|12.43|273562
DCTH|2026-07-24|12.44|12.57|12.1231|12.22|298730
DCTH|2026-07-27|12.22|12.45|11.85|11.94|438039
DCTH|2026-07-28|11.97|12.1035|11.52|11.55|526653
DCTH|2026-07-29|11.64|11.81|11.5|11.58|339714
DCTH|2026-07-30|11.63|12.08|11.63|12.04|306817
DCTH|2026-07-31|12.01|12.23|11.6928|12.22|370140
DCTH|2026-08-03|12.35|13.08|12.35|13.04|579800
DCTH|2026-08-04|13.15|13.33|13.04|13.14|441339
DCTH|2026-08-05|13.21|13.2492|12.43|12.63|432596
DCTH|2026-08-06|14.03|15.62|14|15.47|2985374
DCTH|2026-08-07|15.67|16.375|14.965|15.11|1165760
DCTH|2026-08-10|15|16.69|15|16.67|1442750
DCTH|2026-08-11|16.88|17.42|16.485|17.22|1227510
DCTH|2026-08-12|17.1|17.28|16.63|17.11|720536
DCTH|2026-08-13|17.11|17.4|16.86|17.36|814809
DCTH|2026-08-14|17.3|17.4|16.675|16.73|529510
DCTH|2026-08-17|16.68|17.06|16.51|17.05|532036
DCTH|2026-08-18|16.95|17.17|16.62|16.86|481600
DCTH|2026-08-19|17.14|17.34|16.8917|17.15|530985
DCTH|2026-08-20|17.05|17.15|16.61|16.75|385337
DCTH|2026-08-21|16.84|17.15|16.6|17.14|508956
DFTX|2026-06-01|24.06|24.725|23.69|24.06|1735578
DFTX|2026-06-02|23.55|23.705|22.15|22.86|2272510
DFTX|2026-06-03|22.75|23.71|22.29|23.59|2290018
DFTX|2026-06-04|23.59|25.16|23.53|24.59|2562256
DFTX|2026-06-05|24.47|25.06|22.95|23.55|4180210
DFTX|2026-06-08|24.14|24.2|22.06|23.02|3644400
DFTX|2026-06-09|23.2|23.79|21.69|22.95|1967305
DFTX|2026-06-10|22.87|24.69|22.73|23.24|2535160
DFTX|2026-06-11|23.24|24.635|22.86|24.11|2368389
DFTX|2026-06-12|24.32|25.09|23.9|24.75|1726365
DFTX|2026-06-15|24.77|25.23|23.63|23.77|1386057
DFTX|2026-06-16|23.65|24.28|23.47|24.16|1200359
DFTX|2026-06-17|24.14|25.02|24.1|24.43|1582467
DFTX|2026-06-18|24.8|25.2499|23.8|24.48|2616900
DFTX|2026-06-22|38.58|39.16|35.13|36.67|20024647
DFTX|2026-06-23|36.42|39.13|35.25|36.18|5636703
DFTX|2026-06-24|39.25|44.535|39.25|42.13|12452370
DFTX|2026-06-25|41.99|47.01|41.37|44.79|8274410
DFTX|2026-06-26|44.7|45.75|42.839|44.95|12203242
DFTX|2026-06-29|44.26|47.2|44.25|46.55|4668826
DFTX|2026-06-30|46.5|49.2|46.05|47.04|4317475
DFTX|2026-07-01|46.95|47.2|43.3248|43.4|3111396
DFTX|2026-07-02|43.365|44.5|42.42|44.19|2361605
DFTX|2026-07-06|43.76|44.75|43.26|44.33|2073695
DFTX|2026-07-07|44.35|45.38|42.5|44.48|2585238
DFTX|2026-07-08|44.865|46.81|44.865|45.32|2615863
DFTX|2026-07-09|45.07|48.47|44.53|48.45|3013321
DFTX|2026-07-10|47.73|48.39|44.52|47.07|2554778
DFTX|2026-07-13|46.235|46.41|43.38|43.65|1806303
DFTX|2026-07-14|43.48|46.45|43|45.98|1385359
DFTX|2026-07-15|45|46.65|44.73|45.66|1339292
DFTX|2026-07-16|47.62|48.5|42.95|44.1|3457673
DFTX|2026-07-17|43.84|45.1799|43.36|44.29|1486364
DFTX|2026-07-20|43.84|45.31|42.75|42.8|1221521
DFTX|2026-07-21|42.49|45.17|41.57|45.08|1494273
DFTX|2026-07-22|44.02|44.994|43.53|43.67|1238220
DFTX|2026-07-23|43.2|44.17|42.67|42.93|773178
DFTX|2026-07-24|43.9|44.31|42.69|43.17|1117265
DFTX|2026-07-27|43.65|45.42|41.73|42.65|1555945
DFTX|2026-07-28|42.35|42.41|40.29|41.96|1948585
DFTX|2026-07-29|42|42.855|41.08|42.16|1761579
DFTX|2026-07-30|42.29|44.7|42.27|44.49|1804044
DFTX|2026-07-31|44.98|44.9999|42.84|43.52|1962814
DFTX|2026-08-03|42.87|43.52|41.51|41.79|1900191
DFTX|2026-08-04|42.65|43.0849|41.86|42.32|1861961
DFTX|2026-08-05|42.5|44.525|42.06|44.39|1561547
DFTX|2026-08-06|44.39|46.18|44.3003|46.14|1768712
DFTX|2026-08-07|46.3|49.7|44.24|46.14|2544448
DFTX|2026-08-10|45.85|45.955|43.51|45.15|2309614
DFTX|2026-08-11|45.47|45.595|40.6201|40.91|3353621
DFTX|2026-08-12|47.51|47.55|42.425|42.79|7630619
DFTX|2026-08-13|44|45.11|42.91|43.9|2663688
DFTX|2026-08-14|43|43.74|42.01|42.63|1703643
DFTX|2026-08-17|42.2|45.32|42.04|45.26|2273794
DFTX|2026-08-18|45.34|46.37|44.19|46.18|2008357
DFTX|2026-08-19|47|47.29|44.59|45.82|1746532
DFTX|2026-08-20|45.11|45.59|44.2|45.4|1658198
DFTX|2026-08-21|45.89|46.57|44.805|44.91|1354317
DLO|2026-06-01|11.86|12.24|11.71|12.02|2564741
DLO|2026-06-02|11.81|11.985|11.69|11.73|2167572
DLO|2026-06-03|11.96|12|11.25|11.4|1896486
DLO|2026-06-04|11.37|11.83|11.37|11.77|2547011
DLO|2026-06-05|11.75|11.8532|11.18|11.24|2769284
DLO|2026-06-08|11.22|11.59|11.13|11.49|1767300
DLO|2026-06-09|11.49|11.965|11.46|11.9|2497192
DLO|2026-06-10|11.77|12.31|11.695|11.78|3438638
DLO|2026-06-11|11.78|12.39|11.71|12.34|1924348
DLO|2026-06-12|12.44|12.55|12.21|12.25|1258812
DLO|2026-06-15|12.5|12.765|12.45|12.66|1745618
DLO|2026-06-16|12.74|12.921|12.575|12.7|1986349
DLO|2026-06-17|12.7|12.99|12.5001|12.74|1643869
DLO|2026-06-18|12.83|12.925|12.6|12.79|1765862
DLO|2026-06-22|12.78|12.975|12.14|12.21|2160379
DLO|2026-06-23|12.1|12.24|11.945|12.15|1481762
DLO|2026-06-24|12.15|12.415|12.06|12.28|1426927
DLO|2026-06-25|12.4|12.71|12.115|12.34|1430547
DLO|2026-06-26|12.28|12.735|12.21|12.69|13822413
DLO|2026-06-29|12.56|13.35|12.545|12.85|3138913
DLO|2026-06-30|12.88|13|12.67|12.995|1964888
DLO|2026-07-01|13.61|14.88|13.56|14.67|11556045
DLO|2026-07-02|14.69|15.43|14.69|14.88|5886079
DLO|2026-07-06|14.79|15.39|14.47|15.25|2632302
DLO|2026-07-07|15.3|15.51|14.815|14.88|2166458
DLO|2026-07-08|14.67|14.75|13.895|14.49|3480093
DLO|2026-07-09|14.47|14.655|14.17|14.57|1796460
DLO|2026-07-10|14.69|15.275|14.69|15.19|2722568
DLO|2026-07-13|15.22|15.3699|14.75|14.92|1466424
DLO|2026-07-14|14.9|15.14|14.7101|14.84|949881
DLO|2026-07-15|14.83|15.09|14.71|14.9|1241322
DLO|2026-07-16|14.84|14.85|14.51|14.59|1353766
DLO|2026-07-17|14.11|14.575|13.83|14.48|1946952
DLO|2026-07-20|14.41|14.825|14.26|14.71|1613104
DLO|2026-07-21|14.74|14.95|14.515|14.77|2014187
DLO|2026-07-22|14.73|14.8|14.12|14.26|1854502
DLO|2026-07-23|14.05|14.36|13.9|14.08|1606987
DLO|2026-07-24|14.33|14.6763|14.075|14.49|1556907
DLO|2026-07-27|14.72|15.105|14.68|14.96|2949076
DLO|2026-07-28|14.89|15.105|14.7|14.88|1453476
DLO|2026-07-29|14.7|15|14.37|14.59|2167845
DLO|2026-07-30|14.6|15|14.5|14.97|1247868
DLO|2026-07-31|15.055|15.44|14.965|15.08|1467214
DLO|2026-08-03|15.265|15.465|15.1602|15.31|1841279
DLO|2026-08-04|15.42|15.505|15.235|15.3|1211854
DLO|2026-08-05|15.5|15.65|15.11|15.2|2363049
DLO|2026-08-06|14.97|15.1599|14.635|14.77|972513
DLO|2026-08-07|14.87|14.91|14.225|14.405|1242126
DLO|2026-08-10|14.31|14.52|14.22|14.37|904886
DLO|2026-08-11|14.41|14.5|13.835|14.11|1739136
DLO|2026-08-12|14.15|14.33|13.812|14.28|1974541
DLO|2026-08-13|14.46|14.88|14.345|14.76|3629881
DLO|2026-08-14|15.28|15.3|13.995|14.17|5065020
DLO|2026-08-17|14.23|14.5|13.865|13.91|2689139
DLO|2026-08-18|13.75|13.85|13.58|13.64|3615746
DLO|2026-08-19|13.64|14.32|13.64|14.3|7033039
DLO|2026-08-20|14.3|14.425|14.13|14.34|2558942
DLO|2026-08-21|14.56|15.2|14.51|15.17|4464025
DOCN|2026-06-01|162.01|174.385|156.2501|173.45|5426717
DOCN|2026-06-02|170.945|177|166.5|173.07|2368397
DOCN|2026-06-03|175.4|179.81|166.875|173.68|3145973
DOCN|2026-06-04|166.12|184.46|160.88|180.5|3308013
DOCN|2026-06-05|177.17|180.5|162.23|169.87|3184874
DOCN|2026-06-08|172.2|174.7359|161.08|169.32|2575753
DOCN|2026-06-09|171.49|172.7531|153.71|168.33|3326823
DOCN|2026-06-10|164.81|179.205|164.44|171.47|2469623
DOCN|2026-06-11|172.81|178.34|165.595|174.75|2045263
DOCN|2026-06-12|177.61|181.545|169.1|170.44|2404372
DOCN|2026-06-15|176|185.9175|172.245|181.29|3359768
DOCN|2026-06-16|180.7|185.99|172.9101|174.18|1935129
DOCN|2026-06-17|175.83|187.5|169.12|177.81|2549330
DOCN|2026-06-18|182.78|182.78|169.69|173.27|3885202
DOCN|2026-06-22|170|174.9305|156.09|166.24|2820168
DOCN|2026-06-23|159.49|160.44|151.54|157.18|3743483
DOCN|2026-06-24|155.01|159.65|146.02|148.59|3037452
DOCN|2026-06-25|150.98|151.02|142.84|145.34|2523649
DOCN|2026-06-26|144|146.495|136.57|139.28|15410298
DOCN|2026-06-29|141.7|150.14|138|149.86|4400996
DOCN|2026-06-30|148.41|158.159|147|157.03|2660001
DOCN|2026-07-01|150.5|152.32|138.15|144.58|3309192
DOCN|2026-07-02|141.53|144|126.05|130.13|4777043
DOCN|2026-07-06|130.8|137.25|129.66|131.37|2437528
DOCN|2026-07-07|145|148.12|136.1|137.04|5456641
DOCN|2026-07-08|137.99|142.82|134.5|140.47|3158014
DOCN|2026-07-09|142.94|148.395|139.81|140.84|3206411
DOCN|2026-07-10|142.16|142.16|128.89|130.49|2355822
DOCN|2026-07-13|129.17|129.75|122.93|123.32|1688314
DOCN|2026-07-14|126.36|134.5572|123|126.3|2339448
DOCN|2026-07-15|128.78|129.99|112.32|119.65|5548983
DOCN|2026-07-16|116.5|124.51|114.17|117.02|2979790
DOCN|2026-07-17|112.25|121.6599|111.13|118.91|2382721
DOCN|2026-07-20|118.6|125.11|118.17|119.09|2409065
DOCN|2026-07-21|126.16|137.12|124.93|136.45|4288950
DOCN|2026-07-22|138.52|144.52|137.065|142.68|5601505
DOCN|2026-07-23|140.7|143.28|130.69|131.15|3495023
DOCN|2026-07-24|132.45|132.45|122.7|123.54|2189071
DOCN|2026-07-27|123.66|124.36|113.97|120.2|2692157
DOCN|2026-07-28|115.99|117|107.0201|112.51|3702747
DOCN|2026-07-29|112.47|116.31|106.28|106.76|3245084
DOCN|2026-07-30|113.93|122.53|113.81|120.23|4570176
DOCN|2026-07-31|124.8|129.52|116.82|117.5|6013308
DOCN|2026-08-03|116.7|128.33|114.55|127.17|4755408
DOCN|2026-08-04|119.8|137.6099|118.79|128.89|7026752
DOCN|2026-08-05|125.7|127.84|119.58|124.46|3602255
DOCN|2026-08-06|121.25|128.4|117.01|122.23|2051423
DOCN|2026-08-07|125.21|128.99|123.59|124.15|1768829
DOCN|2026-08-10|124.8|133.65|122.6925|129.73|2131728
DOCN|2026-08-11|131.4|133.65|119.845|120.86|2375964
DOCN|2026-08-12|127.94|136.08|127.09|133.37|2051927
DOCN|2026-08-13|133|137.1999|130.66|132.29|1871698
DOCN|2026-08-14|131.84|133.645|127.21|129.92|1993798
DOCN|2026-08-17|129.11|138.31|128.03|135.28|2231865
DOCN|2026-08-18|130.41|135.27|122.16|125.25|2309809
DOCN|2026-08-19|124.96|125.24|112.5|116.66|2599992
DOCN|2026-08-20|117.44|118.505|111.9|114.35|2960823
DOCN|2026-08-21|115.78|116.74|111.62|115.64|2561193
ECG|2026-06-01|144.7|147.93|139.9371|145.13|940178
ECG|2026-06-02|146.69|152.391|143.625|150.76|731480
ECG|2026-06-03|151.56|155.39|149.9|152|380159
ECG|2026-06-04|148.39|156.48|147.49|154.76|396654
ECG|2026-06-05|151.71|154.19|147.88|150.29|404232
ECG|2026-06-08|153.3|153.43|147.645|152.73|477739
ECG|2026-06-09|156.1|159.5|140.52|146.58|519208
ECG|2026-06-10|145.24|148.35|135.08|136.72|977218
ECG|2026-06-11|140.12|144.59|138.2|143.69|658831
ECG|2026-06-12|145.69|151.19|144.99|148.83|455445
ECG|2026-06-15|154.52|156.905|152.06|155.95|662948
ECG|2026-06-16|157.03|160.95|152.2|152.37|457802
ECG|2026-06-17|155.06|158.895|152.47|154.25|668428
ECG|2026-06-18|159.36|161|153.1|157.71|768394
ECG|2026-06-22|159.29|164.9999|158.62|164.71|407851
ECG|2026-06-23|156.93|159.87|150.6|156.42|399981
ECG|2026-06-24|157.23|163.88|154.1045|158.99|562810
ECG|2026-06-25|163.55|167.56|160.84|163.56|456338
ECG|2026-06-26|160.02|161.03|154.39|155.33|1819739
ECG|2026-06-29|155.54|160.26|151.95|160.1|819795
ECG|2026-06-30|159.55|166.065|159.02|165.95|657346
ECG|2026-07-01|161|162.57|150.7926|151.02|581431
ECG|2026-07-02|150.81|152.06|138.02|138.26|720750
ECG|2026-07-06|140.39|148.23|140.39|143.86|803706
ECG|2026-07-07|139.81|139.91|132.005|133.43|772968
ECG|2026-07-08|131.84|138.65|130.32|134.3|830819
ECG|2026-07-09|139.68|142.1|138.1933|138.64|398742
ECG|2026-07-10|137.41|138.11|134.6725|136.68|368778
ECG|2026-07-13|133.19|137.25|132.57|133.32|504604
ECG|2026-07-14|137.74|138.32|134.105|138.28|711758
ECG|2026-07-15|139.79|140.82|133.2|138.46|650441
ECG|2026-07-16|133.89|137.76|133.19|134.46|431615
ECG|2026-07-17|130|136.33|127.2|133.23|969840
ECG|2026-07-20|134.87|138.87|130.81|131.49|501126
ECG|2026-07-21|136.37|136.38|132.2501|136.05|339901
ECG|2026-07-22|132.74|137.35|132.74|137.03|373026
ECG|2026-07-23|136.34|140.9|135.985|137.97|335385
ECG|2026-07-24|138.8|139.49|129.81|129.99|444925
ECG|2026-07-27|130.5|133.35|123.1|127.56|355605
ECG|2026-07-28|123.78|123.78|115.13|117.23|470332
ECG|2026-07-29|116.93|117.585|107.825|109.17|533064
ECG|2026-07-30|119.05|124.66|119.05|122.94|650501
ECG|2026-07-31|125.97|128.69|125.11|125.43|780266
ECG|2026-08-03|122.83|133.36|122.1|132.62|618484
ECG|2026-08-04|134.19|136.88|132.115|136.16|961795
ECG|2026-08-05|147.16|155.9898|137.285|140.75|1273283
ECG|2026-08-06|142.36|144.98|137.5|139.53|633166
ECG|2026-08-07|143.2|144.11|136.51|136.89|433235
ECG|2026-08-10|139|139.495|131.86|131.89|517188
ECG|2026-08-11|134.66|136.5699|133.35|134.48|522996
ECG|2026-08-12|139.02|142.8244|137.935|140|646492
ECG|2026-08-13|137.06|138.785|134.1101|137.5|400562
ECG|2026-08-14|136.26|141.6|135.31|141.04|322390
ECG|2026-08-17|143.04|145.99|142.7|143.4|391121
ECG|2026-08-18|139.07|140.705|128.9|129.19|1193947
ECG|2026-08-19|130.65|131.2075|123.99|129.56|533743
ECG|2026-08-20|129.11|129.91|124.33|125.32|411253
ECG|2026-08-21|128.01|128.01|123.43|125.96|525845
ELVN|2026-06-01|39.43|39.66|36.85|37.51|693435
ELVN|2026-06-02|37.3|37.53|35.42|35.52|1809367
ELVN|2026-06-03|35.4|36.255|34.9|36.03|695935
ELVN|2026-06-04|36|38.01|35.46|35.49|1126929
ELVN|2026-06-05|35.44|36.07|33.68|34.71|1076325
ELVN|2026-06-08|35.45|35.79|33.45|33.63|807213
ELVN|2026-06-09|34.62|36.22|34.2|36.11|1833069
ELVN|2026-06-10|35.71|37.41|35.71|37|1293455
ELVN|2026-06-11|45.01|45.5171|40.245|40.36|5097221
ELVN|2026-06-12|39.765|47.36|39|46.13|6145866
ELVN|2026-06-15|46.64|47|41.42|42.36|2790227
ELVN|2026-06-16|42.51|44.02|40.95|42.55|3453792
ELVN|2026-06-17|42.55|44.95|42.22|44.86|1267761
ELVN|2026-06-18|45.01|45.72|44.22|45.1|2389704
ELVN|2026-06-22|45.26|48.52|45.25|45.96|2517152
ELVN|2026-06-23|45.01|48.79|45.01|48.6|1927510
ELVN|2026-06-24|48.68|49.94|46.805|47.77|2518518
ELVN|2026-06-25|47.19|50.555|47.19|49.12|2761337
ELVN|2026-06-26|49|50.45|48.47|50.08|6666185
ELVN|2026-06-29|50.39|51.06|49.39|50.85|1569993
ELVN|2026-06-30|51.49|52.39|50.35|50.75|1987139
ELVN|2026-07-01|51.265|51.84|48.14|48.76|1123442
ELVN|2026-07-02|48.76|50.2095|47.45|49.82|899284
ELVN|2026-07-06|49.57|51.39|49.46|50.01|748098
ELVN|2026-07-07|50.25|52.38|49.825|50.92|2011664
ELVN|2026-07-08|50.76|51.12|48.52|50.8|1117273
ELVN|2026-07-09|50.38|52.26|50.335|52.18|733345
ELVN|2026-07-10|51.64|51.76|49.51|51.09|623676
ELVN|2026-07-13|50.97|51.03|49.56|50.87|600100
ELVN|2026-07-14|51.36|52.18|50.27|51.73|741745
ELVN|2026-07-15|51.52|53.24|50.89|53.16|500377
ELVN|2026-07-16|53.08|53.8895|50.01|50.86|866958
ELVN|2026-07-17|49.72|54.1|49.56|53.2|817916
ELVN|2026-07-20|52.55|53.45|51.39|51.67|581020
ELVN|2026-07-21|52.23|54.88|51.965|54.33|636579
ELVN|2026-07-22|54.01|54.265|52.77|52.85|447528
ELVN|2026-07-23|52.23|53.44|51.59|52.81|656025
ELVN|2026-07-24|53.15|53.71|51.74|52.95|368654
ELVN|2026-07-27|53.41|55.79|52.535|52.735|1408410
ELVN|2026-07-28|52.85|54.12|52|53.76|727199
ELVN|2026-07-29|53.99|54.5|52.2|52.97|853982
ELVN|2026-07-30|53.04|54.81|52.7501|53.95|648089
ELVN|2026-07-31|54.1|55.815|53.1|54.81|660414
ELVN|2026-08-03|54.85|59.72|52.73|58.04|2824480
ELVN|2026-08-04|58.58|61.29|57.54|61.11|2527625
ELVN|2026-08-05|61.01|62.32|57.47|59.7|1724198
ELVN|2026-08-06|59.34|61.86|59.11|60.27|1679202
ELVN|2026-08-07|60.18|61.765|59.73|60.46|696061
ELVN|2026-08-10|59.89|60.99|58.52|59.42|620539
ELVN|2026-08-11|59.25|59.27|57.39|58.78|1277392
ELVN|2026-08-12|59.09|60.3753|57.68|57.92|1010948
ELVN|2026-08-13|58.54|58.73|57.7|58.06|594640
ELVN|2026-08-14|57.67|58.9|56.69|58.82|350219
ELVN|2026-08-17|58.71|59.65|57.915|59.535|529386
ELVN|2026-08-18|59.79|60.44|59.01|60.07|619306
ELVN|2026-08-19|61.01|61.21|58.39|59.39|939429
ELVN|2026-08-20|58.95|59.535|57.07|58.92|942981
ELVN|2026-08-21|59|60|58.83|59.82|596367
EME|2026-06-01|815.53|841.65|812|830.95|455187
EME|2026-06-02|833.3|854.78|824.895|827.28|505318
EME|2026-06-03|831.09|858.4|828.01|839.54|357222
EME|2026-06-04|828.65|847.8|823.27|845.43|239132
EME|2026-06-05|833.19|845.54|813.68|817.44|355258
EME|2026-06-08|823.39|825.1|802.67|823.79|356170
EME|2026-06-09|831.76|845.99|799.42|827.78|296855
EME|2026-06-10|818.63|822.9399|775.88|776.72|415997
EME|2026-06-11|792.25|815.02|785.14|811.53|281129
EME|2026-06-12|817.13|831.8|811.44|823.05|247020
EME|2026-06-15|842.32|853.02|838.22|842.3|402040
EME|2026-06-16|850.67|860|833.47|834.77|327731
EME|2026-06-17|843.2|851.005|824.05|827.5|390632
EME|2026-06-18|846.63|849.67|833.12|836.59|1130888
EME|2026-06-22|844.95|870.72|831.585|868.88|421792
EME|2026-06-23|852.79|860.91|835.58|838.61|481525
EME|2026-06-24|844.22|863.64|835|847.17|310567
EME|2026-06-25|863.22|876.52|855.01|862.66|282979
EME|2026-06-26|840.63|841.73|796.65|798.1|1357480
EME|2026-06-29|799.89|826.09|799.61|814.41|533991
EME|2026-06-30|815.84|832.66|805|829.88|370453
EME|2026-07-01|826.825|826.825|796.6201|804.33|342300
EME|2026-07-02|804.64|811.61|763.43|774.66|568771
EME|2026-07-06|785|804|784.805|787.29|465321
EME|2026-07-07|783.84|786.27|749|768.38|421235
EME|2026-07-08|758.1|781.27|750|768.98|281183
EME|2026-07-09|792.09|797.37|777.8|783.41|390225
EME|2026-07-10|777.61|790.94|765.09|781.78|277759
EME|2026-07-13|770.9|779.92|758.97|764.9|258705
EME|2026-07-14|780.6|784.3|766|774.74|355510
EME|2026-07-15|781.07|782.245|749.275|769.72|473512
EME|2026-07-16|749.22|759.95|745.433|750.04|475607
EME|2026-07-17|728.58|744.96|717.28|744.16|1526345
EME|2026-07-20|759.04|761.099|740.24|744.03|435395
EME|2026-07-21|761.15|765|749.26|760.27|298570
EME|2026-07-22|745.94|763.245|740.28|755.15|318725
EME|2026-07-23|755|772.935|755|769.07|353517
EME|2026-07-24|764.17|772.0361|742.98|744.85|295907
EME|2026-07-27|746.82|761.945|725.875|742.75|436915
EME|2026-07-28|733.05|733.33|698.36|705.82|523339
EME|2026-07-29|707.02|711.075|668.82|672.48|765122
EME|2026-07-30|771.66|808.7204|771.66|802.37|879517
EME|2026-07-31|838.9|839.99|797.42|797.43|609267
EME|2026-08-03|787.99|821.86|775.05|817.42|565626
EME|2026-08-04|824.94|831.495|808.87|819.88|448716
EME|2026-08-05|827.18|835|815.795|822.16|375356
EME|2026-08-06|826.1|836.1524|805.2|808.43|314636
EME|2026-08-07|820.56|831.54|801.6|816.9|346435
EME|2026-08-10|823.99|827.625|808.48|809.33|286397
EME|2026-08-11|815.53|830.865|812.48|816.86|287822
EME|2026-08-12|830.48|844.5762|827.88|833.4|324385
EME|2026-08-13|832.84|843.83|828.19|831.23|280410
EME|2026-08-14|832.54|854.0999|830.955|836.29|288567
EME|2026-08-17|842.035|864.83|840.29|862.54|311714
EME|2026-08-18|843.37|843.56|817.01|824.53|288224
EME|2026-08-19|830.5|830.5|793.84|805.78|408544
EME|2026-08-20|799.14|807.4175|784.89|787.39|285461
EME|2026-08-21|791.73|794.2665|775.53|776.62|325545
EROC|2026-06-10|20.1|20.7|17.89|18.75|18046716
EROC|2026-06-11|18.15|19.4|17.56|17.92|4665072
EROC|2026-06-12|18.05|18.33|15.81|16.95|7232070
EROC|2026-06-15|17.32|18.3|16.13|16.14|3911863
EROC|2026-06-16|16|16|14.77|15.3|5732318
EROC|2026-06-17|15.3|15.87|14.5|15.26|2262876
EROC|2026-06-18|15.15|16.5|14.99|16.34|1495355
EROC|2026-06-22|16.5|17.98|16.15|17.17|1891299
EROC|2026-06-23|16.94|17.15|15.955|17|940235
EROC|2026-06-24|16.75|17.23|15.09|15.24|1330693
EROC|2026-06-25|15.36|15.9133|14.56|14.74|1019122
EROC|2026-06-26|14.54|14.75|13.5|13.76|2185652
EROC|2026-06-29|13.8|14.2|13.02|13.87|2536799
EROC|2026-06-30|14.31|15.22|13.75|14.5|1790676
EROC|2026-07-01|14.3|15.74|13.96|15.36|2453491
EROC|2026-07-02|15.16|16.17|15.16|15.47|1493507
EROC|2026-07-06|16|16.05|14.2|14.26|1778939
EROC|2026-07-07|14.28|14.28|12.86|13.32|1132521
EROC|2026-07-08|13.06|13.52|12.76|13.09|1143880
EROC|2026-07-09|13.22|14.29|13.1|13.76|1392085
EROC|2026-07-10|13.8|13.85|13.11|13.35|969844
EROC|2026-07-13|13.43|13.6049|11.91|12.11|1487351
EROC|2026-07-14|12.23|12.66|12.02|12.4|945219
EROC|2026-07-15|12.27|12.5404|11.79|12.06|1052146
EROC|2026-07-16|11.86|12|10.075|10.15|1920665
EROC|2026-07-17|10.26|10.97|10.03|10.81|2285906
EROC|2026-07-20|11.22|12.24|11.165|11.78|1292664
EROC|2026-07-21|11.83|13.9|11.8|13.29|1664263
EROC|2026-07-22|13.2|13.59|12.18|12.32|1503926
EROC|2026-07-23|12.12|12.6599|11.62|11.93|1281718
EROC|2026-07-24|11.81|11.91|10.81|10.95|978007
EROC|2026-07-27|10.83|11.28|9.9602|10.71|881447
EROC|2026-07-28|10.44|10.4449|9.82|10.1|1081669
EROC|2026-07-29|9.75|10.09|8.88|8.99|1817957
EROC|2026-07-30|9.2|10.375|9.19|9.88|2769497
EROC|2026-07-31|10.78|11.245|9.52|10.26|2185300
EROC|2026-08-03|10.31|11.31|10.13|10.96|985845
EROC|2026-08-04|11.28|11.88|11.01|11.5|1981976
EROC|2026-08-05|11.5|11.65|10.5|10.73|1326349
EROC|2026-08-06|10.75|10.8402|10.09|10.41|1117908
EROC|2026-08-07|10.4|10.79|9.81|10.59|1319440
EROC|2026-08-10|10.73|11.11|10.51|10.51|1919921
EROC|2026-08-11|10.68|11.41|10.3|11.25|3017274
EROC|2026-08-12|13.12|14.28|12.7335|13.82|5970537
EROC|2026-08-13|14.91|16.91|14.38|15.66|11265453
EROC|2026-08-14|16.05|16.97|15.55|16.72|4808222
EROC|2026-08-17|17.15|17.75|16.5601|17.4|5007507
EROC|2026-08-18|17.12|17.299|15.114215|15.22|3500768
EROC|2026-08-19|15.87|16.2699|14|14.36|3531723
EROC|2026-08-20|14.14|14.43|12.68|13.01|3726343
EROC|2026-08-21|13.35|14.46|13.307623|14.13|2783037
ETON|2026-06-01|30.34|30.54|28.48|28.68|383618
ETON|2026-06-02|28.18|29.05|26.84|27.4|416419
ETON|2026-06-03|27.2|27.65|26.66|27.61|331860
ETON|2026-06-04|27.61|29.1|27.57|28.9|589643
ETON|2026-06-05|29.03|29.76|28.405|29.13|236527
ETON|2026-06-08|29.43|30.055|28.79|29.95|498947
ETON|2026-06-09|30.32|31.11|29.91|30.53|218846
ETON|2026-06-10|30.7|31.68|30.27|30.95|265557
ETON|2026-06-11|30.96|32.69|29.06|32.11|260493
ETON|2026-06-12|32.12|32.7799|31.265|31.59|205761
ETON|2026-06-15|31.79|32.18|30.89|32.15|263224
ETON|2026-06-16|32.28|32.78|31.765|32.35|186308
ETON|2026-06-17|32.45|33.25|32.035|32.76|341839
ETON|2026-06-18|33.31|33.31|31.43|32.48|606360
ETON|2026-06-22|32.91|33.48|31.95|32.72|223217
ETON|2026-06-23|32.34|34|31.88|33.49|572009
ETON|2026-06-24|34.4|34.89|32.9301|33.98|446007
ETON|2026-06-25|33.98|35.54|33.93|34.82|412962
ETON|2026-06-26|34.93|35.99|34.65|35.7|1003494
ETON|2026-06-29|35.66|36.95|34.85|36.73|664983
ETON|2026-06-30|36.73|37.5|36.11|36.2|443184
ETON|2026-07-01|36.23|36.98|35.95|36.63|457211
ETON|2026-07-02|36.94|37.975|36.63|37.5|525117
ETON|2026-07-06|37.44|38.57|37.44|38.02|369671
ETON|2026-07-07|38.43|38.615|37.2601|37.74|400041
ETON|2026-07-08|37.13|37.48|36.02|36.17|397045
ETON|2026-07-09|36.17|37.36|35.6776|37.33|329916
ETON|2026-07-10|37.3|37.3|35.22|36.61|250795
ETON|2026-07-13|36.16|37.5|35|37.34|270603
ETON|2026-07-14|37.18|38|36.7873|37.51|453199
ETON|2026-07-15|37.51|38.67|36.81|38.5|603215
ETON|2026-07-16|38.48|39.4799|36.865|37.19|451593
ETON|2026-07-17|37.22|42.65|37|42.32|1276331
ETON|2026-07-20|42.49|42.52|40.2425|41.07|739706
ETON|2026-07-21|41.33|43.76|40.86|43.2|651942
ETON|2026-07-22|43.32|43.9328|42.7|43.58|584143
ETON|2026-07-23|43.29|44.9095|42.9|44.14|570507
ETON|2026-07-24|44.14|44.5514|42.39|42.59|385469
ETON|2026-07-27|42.73|43.84|42.06|42.31|365373
ETON|2026-07-28|43.58|47.16|42.915|46.66|890262
ETON|2026-07-29|46.57|50.18|46.55|48.13|697860
ETON|2026-07-30|47.08|49.205|46.75|49.03|601875
ETON|2026-07-31|49.09|49.09|46.01|46.42|484557
ETON|2026-08-03|46.52|46.55|43.49|45.14|469515
ETON|2026-08-04|45.09|46.1099|44.99|45.83|341767
ETON|2026-08-05|47.97|48.39|45.45|45.97|388728
ETON|2026-08-06|47.36|47.36|44.4|46.18|532104
ETON|2026-08-07|46.09|46.6|44.55|44.6|277112
ETON|2026-08-10|44.5|45.35|43.12|43.67|368637
ETON|2026-08-11|43.6|43.6|40.61|42.05|584368
ETON|2026-08-12|41.99|43.18|41.18|41.58|462555
ETON|2026-08-13|42.11|43.19|40.66|40.8|621015
ETON|2026-08-14|54.93|59.79|53.01|58.86|2290501
ETON|2026-08-17|59.15|62.87|56.65|61.73|1255359
ETON|2026-08-18|61.1|63.5591|60|63.43|872232
ETON|2026-08-19|63.55|63.83|60.06|61.48|608324
ETON|2026-08-20|60.99|62.58|59.59|59.91|547836
ETON|2026-08-21|59.76|64|59.76|63.47|628350
FCEL|2026-06-01|21.24|21.97|20.22|21.31|6315508
FCEL|2026-06-02|21.61|25.735|21.1|24.64|11510175
FCEL|2026-06-03|23.925|23.955|21.51|21.81|8170408
FCEL|2026-06-04|20.97|22.9|20.32|21.4|6247553
FCEL|2026-06-05|20.4|20.5|17.2|17.33|10603234
FCEL|2026-06-08|17.46|18.34|15.06|15.5|18250784
FCEL|2026-06-09|18.05|19.68|16.6601|17.49|21924980
FCEL|2026-06-10|17.3|19.1|16.01|16.21|8872607
FCEL|2026-06-11|16.3|17.845|15.95|17.69|7546950
FCEL|2026-06-12|17.68|18.13|16.48|16.94|7009331
FCEL|2026-06-15|17.87|18.6199|16.695|17.5|7382304
FCEL|2026-06-16|17|20.88|16.9519|19.75|14300725
FCEL|2026-06-17|19.59|22.47|19.58|20.04|10564575
FCEL|2026-06-18|20.68|24.36|19.3301|24.04|14836078
FCEL|2026-06-22|23.65|26.24|22.82|24.39|11343533
FCEL|2026-06-23|22.2|24.6|21.18|21.82|7784856
FCEL|2026-06-24|25.11|25.199|20.27|21.56|25001765
FCEL|2026-06-25|22|22.6|18.4001|19.65|11290027
FCEL|2026-06-26|20.17|25.5|19.3312|24|27012135
FCEL|2026-06-29|25.54|30.8|25.25|29.8|21060178
FCEL|2026-06-30|28.9|37.88|28.8911|36.01|26508215
FCEL|2026-07-01|34.513|37.4|31.46|31.89|15141074
FCEL|2026-07-02|31.57|32|26.68|28.11|11719157
FCEL|2026-07-06|28.79|31.32|27.2|29.73|9384204
FCEL|2026-07-07|28.095|29.18|25.72|25.96|11698497
FCEL|2026-07-08|21.18|23.38|20.59|22.54|21417176
FCEL|2026-07-09|24.2|24.55|22.54|23|18026786
FCEL|2026-07-10|22.64|22.71|20.28|21.03|12317092
FCEL|2026-07-13|20.69|21|18.93|19.08|9420444
FCEL|2026-07-14|21.2|22.89|20.57|21.35|19195311
FCEL|2026-07-15|21.26|22.63|19|20.25|9097198
FCEL|2026-07-16|19.57|19.68|16.88|17.26|10726969
FCEL|2026-07-17|17.04|19.24|16.51|18.495|12725481
FCEL|2026-07-20|19.33|20.26|18.8401|19.84|10848373
FCEL|2026-07-21|20.1|22.18|19.51|21.64|9663972
FCEL|2026-07-22|20.655|22.73|20.5|22.47|8065238
FCEL|2026-07-23|22.31|25.1|22.11|23.3|11673865
FCEL|2026-07-24|23.21|23.33|20.885|21.26|7961665
FCEL|2026-07-27|21.45|21.9799|20.3001|21.49|5669151
FCEL|2026-07-28|20.13|20.35|19.05|19.66|8982172
FCEL|2026-07-29|20.36|21.14|17.99|18.08|11149336
FCEL|2026-07-30|19.58|23.7627|19.58|23.62|12426613
FCEL|2026-07-31|25.435|25.7|21.555|21.61|7950240
FCEL|2026-08-03|20.68|21.9|19.51|21.34|10407628
FCEL|2026-08-04|21.85|23.3|21.5891|22.5|6229532
FCEL|2026-08-05|21.915|23.3599|21.11|21.14|5852718
FCEL|2026-08-06|20.5|21.7899|19.95|20.32|5456501
FCEL|2026-08-07|20.6|21.1|18.69|20.43|8849244
FCEL|2026-08-10|20.59|20.81|19.8|19.83|4222857
FCEL|2026-08-11|20.78|21.62|19.08|19.2|6480658
FCEL|2026-08-12|20.12|22.69|20.08|21.67|12535033
FCEL|2026-08-13|21.022|22.5999|19.97|20.34|7485924
FCEL|2026-08-14|20.135|23.5832|20.05|22.37|10520007
FCEL|2026-08-17|22.37|22.6499|21.25|22.36|6062722
FCEL|2026-08-18|21.18|24.38|20.71|21.7|13450085
FCEL|2026-08-19|21.475|21.63|19.54|20.3|10805507
FCEL|2026-08-20|20.21|20.575|18.03|18.36|10685009
FCEL|2026-08-21|19.01|20.06|18.4805|19.54|7538721
FET|2026-06-01|50.46|51.4|48.97|50.68|232652
FET|2026-06-02|50.88|52.96|49.26|52.72|123762
FET|2026-06-03|52.74|53.35|51.51|52.17|109115
FET|2026-06-04|51.69|53.65|51.69|53.64|122739
FET|2026-06-05|53.41|53.41|49.945|50.41|94600
FET|2026-06-08|51.31|53.1165|51.31|52.53|95039
FET|2026-06-09|52.79|52.79|50.95|52.18|115056
FET|2026-06-10|52.84|53.45|51.86|51.87|89454
FET|2026-06-11|52.92|52.92|51.37|52.39|116271
FET|2026-06-12|51.93|53.74|51.26|52.96|103655
FET|2026-06-15|51.75|52.775|50.735|51.24|190768
FET|2026-06-16|50.95|50.95|49.79|50.34|221137
FET|2026-06-17|50.74|52.01|47.1901|50.75|212304
FET|2026-06-18|50.26|51.75|48.685|51.52|602726
FET|2026-06-22|51.62|52.225975|49.74|51.33|198000
FET|2026-06-23|50.4|51.5411|50.1|50.23|129575
FET|2026-06-24|49.4|49.84|47.41|48.56|257348
FET|2026-06-25|48.33|50.49|47.51|49.53|155712
FET|2026-06-26|49.38|50.71|49.02|50.62|447936
FET|2026-06-29|51|51|49.37|50|119313
FET|2026-06-30|50.14|50.65|49.14|50.23|117461
FET|2026-07-01|49.93|50.4|48.75|48.92|118959
FET|2026-07-02|48.73|49.38|46.7401|46.98|129394
FET|2026-07-06|46.86|47.91|46.505|46.55|263048
FET|2026-07-07|47.24|47.93|46.77|47.48|158757
FET|2026-07-08|47.99|49.82|47.88|49.21|144264
FET|2026-07-09|48.94|48.94|47.78|48.59|133368
FET|2026-07-10|48.5|49.69|48.265|49.67|100142
FET|2026-07-13|50.24|51.1|49.865|50.58|90754
FET|2026-07-14|51.4|52.48|51.14|52.24|157018
FET|2026-07-15|52.48|52.61|50.44|52.59|139629
FET|2026-07-16|52.23|53.51|51.645|52.15|113894
FET|2026-07-17|52.12|53.045|51.2|52.44|81167
FET|2026-07-20|52.04|54|52.04|52.84|150290
FET|2026-07-21|53.3|57.48|53|57.28|174946
FET|2026-07-22|57.46|58.94|57.405|57.81|186983
FET|2026-07-23|58.29|59.61|55.63|57.55|161419
FET|2026-07-24|58.01|58.865|57.17|57.86|83308
FET|2026-07-27|57.88|58.41|56.34|56.6|124232
FET|2026-07-28|56.13|57.2|52.31|52.45|161748
FET|2026-07-29|53.53|54.19|50.2701|51.11|204543
FET|2026-07-30|51.02|52.46|50.305|51.43|136914
FET|2026-07-31|61.42|64.5971|56.29|62.67|378631
FET|2026-08-03|62.75|71.73|62.64|70.35|494326
FET|2026-08-04|69.03|74.77|68.5|74.3|429773
FET|2026-08-05|74.3|75.89|71.68|75.52|325049
FET|2026-08-06|77.04|77.5099|74.61|75.23|235561
FET|2026-08-07|74.48|76.74|73.8|74.23|242939
FET|2026-08-10|75.3|79.42|75.3|78.42|180293
FET|2026-08-11|79.4|83.18|78.705|83.07|228994
FET|2026-08-12|83.67|84.75|81.63|82.86|178073
FET|2026-08-13|81.97|84.9999|81.585|82.42|218937
FET|2026-08-14|83.54|86.245|83.325|85.36|157702
FET|2026-08-17|85.5|87.0899|83.65|86.31|164352
FET|2026-08-18|86.49|87.42|82.4|82.51|132979
FET|2026-08-19|84.15|84.44|80.77|81.42|149563
FET|2026-08-20|82.62|83.855|77.48|78.6|177602
FET|2026-08-21|79.65|81.1|77.32|77.42|204658
FIGS|2026-06-01|11.61|12.045|11.55|11.74|2034308
FIGS|2026-06-02|11.6|11.7|11.315|11.43|2062948
FIGS|2026-06-03|11.56|12|11.49|11.97|2275946
FIGS|2026-06-04|12|12.085|11.57|11.7|2714219
FIGS|2026-06-05|11.72|12.02|11.72|11.87|2189747
FIGS|2026-06-08|12.03|12.0851|11.5|11.58|1814888
FIGS|2026-06-09|11.75|12.2453|11.36|11.66|2197677
FIGS|2026-06-10|11.62|11.985|11.46|11.48|3067379
FIGS|2026-06-11|11.5|11.62|11.13|11.28|2659325
FIGS|2026-06-12|11.45|12.075|11.1963|11.96|2804573
FIGS|2026-06-15|12.06|12.52|11.97|12.42|4039949
FIGS|2026-06-16|12.34|12.66|11.8501|12.22|4315941
FIGS|2026-06-17|12.17|12.95|12.17|12.28|3529656
FIGS|2026-06-18|12.24|12.48|12.02|12.31|3651308
FIGS|2026-06-22|12.13|12.18|11.1|11.16|2385453
FIGS|2026-06-23|11.02|11.12|10.9|11.03|1974108
FIGS|2026-06-24|10.96|11.79|10.96|11.78|3711731
FIGS|2026-06-25|11.6|12.025|11.05|11.09|3797087
FIGS|2026-06-26|11.34|11.64|11.12|11.6|5627630
FIGS|2026-06-29|11.48|11.5|10.8|11.08|2577945
FIGS|2026-06-30|11.03|11.055|10.17|10.23|3975139
FIGS|2026-07-01|10.14|10.305|10.02|10.05|3145150
FIGS|2026-07-02|10.05|10.54|9.87|9.99|3449965
FIGS|2026-07-06|10.06|10.2086|9.82|9.88|2649974
FIGS|2026-07-07|10.16|10.22|9.67|9.9|3451660
FIGS|2026-07-08|9.8|10.32|9.65|10.27|5435487
FIGS|2026-07-09|10.15|10.4|10.0203|10.33|2740875
FIGS|2026-07-10|10.39|10.42|10.015|10.04|1871065
FIGS|2026-07-13|10.22|10.34|9.975|10|2348889
FIGS|2026-07-14|10.04|10.12|9.655|9.72|1901831
FIGS|2026-07-15|9.75|10.1699|9.75|9.94|2577307
FIGS|2026-07-16|10.06|10.35|9.875|10.32|3486978
FIGS|2026-07-17|10.25|10.63|10.01|10.31|4265949
FIGS|2026-07-20|10.18|10.34|9.99|10.26|1933539
FIGS|2026-07-21|10.25|10.4|10.06|10.27|1219340
FIGS|2026-07-22|10.29|10.31|9.7|9.92|2914390
FIGS|2026-07-23|9.79|9.79|9.17|9.24|3303700
FIGS|2026-07-24|9.41|9.63|9.2207|9.51|2080523
FIGS|2026-07-27|9.57|10.01|9.57|9.93|2134857
FIGS|2026-07-28|10.07|10.38|9.78|10.33|1883113
FIGS|2026-07-29|10.5|10.92|10.31|10.56|3563178
FIGS|2026-07-30|10.6|10.76|10.105|10.49|3441108
FIGS|2026-07-31|10.57|10.755|10.43|10.7|5082492
FIGS|2026-08-03|10.86|11.22|10.67|10.88|5114661
FIGS|2026-08-04|10.42|11.285|10.41|10.85|4020878
FIGS|2026-08-05|10.795|11.07|10.73|10.92|2105969
FIGS|2026-08-06|10.86|11.25|10.78|11.24|4263549
FIGS|2026-08-07|15.2|16.38|14.11|14.26|11250265
FIGS|2026-08-10|14.39|14.9487|13.86|14.39|5029310
FIGS|2026-08-11|14.38|14.59|13.5597|14.27|3016675
FIGS|2026-08-12|14.3|14.62|13.935|14.42|2313423
FIGS|2026-08-13|14.46|14.87|13.92|14.84|2475924
FIGS|2026-08-14|14.52|14.795|14.36|14.69|1446442
FIGS|2026-08-17|14.54|14.72|14.26|14.32|1439763
FIGS|2026-08-18|14.24|14.56|14.14|14.16|1410064
FIGS|2026-08-19|14.37|14.53|14.02|14.49|1424111
FIGS|2026-08-20|14.15|14.515|13.88|14.41|1561064
FIGS|2026-08-21|14.57|15.02|14.44|14.68|2955938
FLNC|2026-06-01|23.42|28.88|23.2442|27.15|45579542
FLNC|2026-06-02|26.51|29.97|26.2411|27.91|24258669
FLNC|2026-06-03|27.14|28.0802|24.67|24.85|12634542
FLNC|2026-06-04|24.32|27.539|24.01|27.15|10786430
FLNC|2026-06-05|26.32|26.32|22.22|22.91|12785897
FLNC|2026-06-08|23.88|25.58|22.85|24.07|10126726
FLNC|2026-06-09|24.3|27.98|22.56|23.46|19551409
FLNC|2026-06-10|24|26.8|21.375|21.62|18335605
FLNC|2026-06-11|21.76|24.34|21.31|24.28|13929241
FLNC|2026-06-12|24.3|25.32|23.01|23.71|9289715
FLNC|2026-06-15|24.72|25.09|22.8|24.18|8925130
FLNC|2026-06-16|24.2|26.18|23.04|23.92|10712486
FLNC|2026-06-17|23.92|25.6699|23.25|23.42|8552383
FLNC|2026-06-18|24.23|25.05|22.03|24.8|9943286
FLNC|2026-06-22|25.05|26.58|24.5|25.19|9210545
FLNC|2026-06-23|23.31|23.5|21.19|21.21|13238393
FLNC|2026-06-24|21.44|21.59|19.29|19.75|7992222
FLNC|2026-06-25|20.12|20.4133|18.66|19.38|6936048
FLNC|2026-06-26|18.92|19.77|18.58|19.27|8987012
FLNC|2026-06-29|19.14|19.72|17.8|19.15|10180694
FLNC|2026-06-30|19.79|20.96|19.52|19.88|9085221
FLNC|2026-07-01|19.53|20.43|18.3|18.36|8326974
FLNC|2026-07-02|18.475|18.87|16.41|17|10375056
FLNC|2026-07-06|17.33|18.34|17.21|17.82|6168461
FLNC|2026-07-07|17.355|17.92|15.945|16.2|9284526
FLNC|2026-07-08|14.66|15.74|14.42|15.34|15368712
FLNC|2026-07-09|16.43|17.15|15.54|16.74|10204237
FLNC|2026-07-10|16.83|17.1|15.585|16.16|8226020
FLNC|2026-07-13|15.7|15.93|14.96|15.16|7616178
FLNC|2026-07-14|15.535|16.17|15.26|15.61|6476310
FLNC|2026-07-15|15.48|16.17|14.74|15.37|5838502
FLNC|2026-07-16|14.815|15.1|13.97|14.42|6553767
FLNC|2026-07-17|13.77|14.54|13.23|14.07|8819988
FLNC|2026-07-20|14.432|14.55|13.9|14.28|4358980
FLNC|2026-07-21|15.01|15.48|14.7655|15.28|6670373
FLNC|2026-07-22|15.87|16.12|14.63|14.66|8704423
FLNC|2026-07-23|14.54|15|14.22|14.42|5647292
FLNC|2026-07-24|14.26|14.325|13.385|13.44|5562550
FLNC|2026-07-27|13.34|13.99|12.92|13.51|8474019
FLNC|2026-07-28|12.95|12.95|12.0601|12.62|6360743
FLNC|2026-07-29|13.25|13.26|11.84|11.89|6629614
FLNC|2026-07-30|12.72|13.615|12.64|13.47|5115582
FLNC|2026-07-31|15.125|15.125|13.42|13.93|7567244
FLNC|2026-08-03|13.48|14.8|13.25|14.56|6795244
FLNC|2026-08-04|15.7|15.84|14.915|15.67|8997474
FLNC|2026-08-05|15.27|15.4699|14.23|14.23|16176916
FLNC|2026-08-06|12.812|15.1|12.69|13.21|28486773
FLNC|2026-08-07|13.37|13.5357|12.57|13.195|8436096
FLNC|2026-08-10|13.265|13.39|12.635|12.65|5120428
FLNC|2026-08-11|13.28|13.52|12.935|13.11|4051619
FLNC|2026-08-12|13.505|13.69|13.08|13.2|4016823
FLNC|2026-08-13|12.97|13.6086|12.9|13.22|6100018
FLNC|2026-08-14|13|13.6105|13|13.14|3960937
FLNC|2026-08-17|13.13|13.175|12.48|12.63|6795801
FLNC|2026-08-18|12.05|12.29|11.61|11.75|5811728
FLNC|2026-08-19|11.79|12.155|11.56|12.07|5875794
FLNC|2026-08-20|11.57|11.76|11.095|11.39|8525018
FLNC|2026-08-21|11.34|11.6885|11.205|11.34|5042035
FPS|2026-06-01|53|58.02|52.67|56.35|12478305
FPS|2026-06-02|56.29|58.52|55.4706|56.88|5102832
FPS|2026-06-03|56.06|60.23|56.06|59.78|5836781
FPS|2026-06-04|56.62|65.555|56.07|64.59|8890934
FPS|2026-06-05|62.9|63|57.82|59.13|9185350
FPS|2026-06-08|61.28|61.35|58.79|59.32|5770824
FPS|2026-06-09|61|62.34|55.15|57.15|5889595
FPS|2026-06-10|56.715|57.8|51.82|53.2|7710106
FPS|2026-06-11|54.25|58.32|53.95|58.21|6106564
FPS|2026-06-12|58.83|61.26|58.41|59.03|2901934
FPS|2026-06-15|61.29|62|60.04|60.51|4613008
FPS|2026-06-16|60.27|62.25|59.01|59.37|2914330
FPS|2026-06-17|60.97|65.39|59.96|61.92|5112177
FPS|2026-06-18|64.24|65.45|62.5|63.41|4774028
FPS|2026-06-22|64.5|66|60.58|61.84|6306362
FPS|2026-06-23|56.61|61.23|56.2|59.3|3418380
FPS|2026-06-24|59.3|62.97|58.12|60.12|3999363
FPS|2026-06-25|63|63|57.53|58.7|3895338
FPS|2026-06-26|56|57.3799|53.84|55.13|14504179
FPS|2026-06-29|56.22|56.65|53.21|54.99|4962182
FPS|2026-06-30|52.555|56.86|51.83|55.86|7718226
FPS|2026-07-01|54.22|55.6|49.855|49.9|11876067
FPS|2026-07-02|48.4|49.09|45.71|46.86|31994834
FPS|2026-07-06|47.415|48.29|46.4|47.5|16273496
FPS|2026-07-07|46.21|46.92|43.26|44.67|14511158
FPS|2026-07-08|44.37|46.13|43.2|45.29|12461951
FPS|2026-07-09|46.595|47.5|45.76|46.15|7159103
FPS|2026-07-10|45.82|46.4|44.64|45.75|4273142
FPS|2026-07-13|44.56|45.15|42.36|42.6|6171879
FPS|2026-07-14|43.3|44.4732|40.85|41.18|11001857
FPS|2026-07-15|41.97|43.1|40.4|42.62|7140470
FPS|2026-07-16|41.9|41.9892|38.58|39.58|10947441
FPS|2026-07-17|37.5|41.1|36.57|39.79|21009690
FPS|2026-07-20|40.5|41.89|38.27|38.5|8511358
FPS|2026-07-21|39.21|40.51|38.06|40.31|7812350
FPS|2026-07-22|39.02|40.06|38.58|38.87|5537918
FPS|2026-07-23|38.45|40.3|38.23|38.96|4412791
FPS|2026-07-24|39.11|39.11|35.08|35.89|11236698
FPS|2026-07-27|36.34|36.9071|34.48|36.22|8403107
FPS|2026-07-28|35|35.17|31.85|32.41|10248898
FPS|2026-07-29|31.66|31.747|29.01|29.25|13152510
FPS|2026-07-30|30.71|33.58|30.65|33.28|11890834
FPS|2026-07-31|34.52|35.3|32.64|33.27|15372882
FPS|2026-08-03|32.55|36.3|32.01|36.29|6861495
FPS|2026-08-04|37.88|40.26|37|39.4|12595602
FPS|2026-08-05|39|39.92|38.25|38.49|6817568
FPS|2026-08-06|37.5|39.75|36.9|37.72|3921944
FPS|2026-08-07|39.13|39.99|36.85|38.71|4164666
FPS|2026-08-10|39.3|39.31|37.54|37.6|3544014
FPS|2026-08-11|38.15|39.0729|37.54|37.72|3488991
FPS|2026-08-12|39.38|40|38|38.27|4460780
FPS|2026-08-13|38|38.5148|37.22|37.56|5411015
FPS|2026-08-14|38.54|39.725|37.98|39.66|4798928
FPS|2026-08-17|39.945|40.19|38.635|38.83|4363682
FPS|2026-08-18|37.44|37.88|35.89|36.18|4299331
FPS|2026-08-19|36.64|37.05|33.66|34.46|5299600
FPS|2026-08-20|34.51|34.5627|32.85|33.36|4681514
FPS|2026-08-21|33.75|34.075|32.63|33.18|2848939
FRMI|2026-06-01|6.865|6.88|6.56|6.6|14142564
FRMI|2026-06-02|6.58|6.81|6.3701|6.6|10485672
FRMI|2026-06-03|6.5|6.59|6.07|6.09|11510975
FRMI|2026-06-04|6|6.27|5.96|6.18|8314284
FRMI|2026-06-05|6|6.075|5.34|5.78|15054321
FRMI|2026-06-08|5.92|5.92|5.51|5.7|9468166
FRMI|2026-06-09|5.7|5.935|5.44|5.62|11949903
FRMI|2026-06-10|5.49|7.1786|5.49|6.89|55519816
FRMI|2026-06-11|6.73|7.02|6.48|6.95|21707588
FRMI|2026-06-12|6.95|7.4|6.53|7.14|21164345
FRMI|2026-06-15|7.4|7.66|7.255|7.48|20814827
FRMI|2026-06-16|7.4|7.995|7.1701|7.88|23780426
FRMI|2026-06-17|8.1|9.18|8.02|8.66|39178461
FRMI|2026-06-18|9.14|10.135|9.08|9.5|41380709
FRMI|2026-06-22|9.36|9.685|8.8026|8.97|18753338
FRMI|2026-06-23|8.3|8.895|8.18|8.69|14139222
FRMI|2026-06-24|8.6|9.08|7.915|7.99|14442880
FRMI|2026-06-25|8.57|8.915|7.95|8.8|19237530
FRMI|2026-06-26|8.52|9.62|8.48|9.49|28600716
FRMI|2026-06-29|9.5|10.04|9.21|9.45|21910188
FRMI|2026-06-30|9.36|9.53|8.9549|9.16|11578224
FRMI|2026-07-01|8.9|9.0363|8.38|8.52|10579605
FRMI|2026-07-02|8.52|9.145|7.72|8.06|13976605
FRMI|2026-07-06|8.01|8.765|7.975|8.21|10586420
FRMI|2026-07-07|8.09|8.125|7.31|7.38|11274561
FRMI|2026-07-08|7.345|7.69|7.22|7.36|6444183
FRMI|2026-07-09|7.36|7.59|7.27|7.32|6455462
FRMI|2026-07-10|6.145|6.61|5.88|6.59|72637727
FRMI|2026-07-13|6.53|6.7899|6.05|6.31|22259774
FRMI|2026-07-14|6.2|6.77|6.2|6.74|18752980
FRMI|2026-07-15|6.74|7|6.17|6.25|15450385
FRMI|2026-07-16|6.11|6.13|5.75|5.93|14606490
FRMI|2026-07-17|5.75|6.31|5.7|6.05|19296984
FRMI|2026-07-20|5.95|6.24|5.875|6.12|9234377
FRMI|2026-07-21|6.12|6.86|6.1|6.65|17210238
FRMI|2026-07-22|6.59|6.795|6.515|6.58|15111947
FRMI|2026-07-23|6.48|6.63|6.16|6.32|7706583
FRMI|2026-07-24|6.5|7.545|6.4114|7.4|38374111
FRMI|2026-07-27|7.205|7.39|6.78|7.23|15717615
FRMI|2026-07-28|6.88|6.9824|6.195|6.28|21885738
FRMI|2026-07-29|6.26|6.3276|5.82|5.86|12707251
FRMI|2026-07-30|6.05|6.765|6.05|6.73|18175808
FRMI|2026-07-31|6.63|6.645|5.68|5.69|25683971
FRMI|2026-08-03|5.56|6.06|5.4|6.03|23689832
FRMI|2026-08-04|6.03|6.35|5.88|6.31|13977869
FRMI|2026-08-05|6.3|6.355|6.11|6.19|12854829
FRMI|2026-08-06|5.9701|6.32|5.91|6.19|9709262
FRMI|2026-08-07|6.46|6.47|6.01|6.18|11811660
FRMI|2026-08-10|6.14|6.225|5.845|5.88|11488310
FRMI|2026-08-11|7.07|7.3899|6.78|7.12|49194917
FRMI|2026-08-12|7.45|7.675|7.17|7.6|34010489
FRMI|2026-08-13|7.1|7.37|6.52|6.6|34540335
FRMI|2026-08-14|6.7|6.72|6.32|6.4|16850570
FRMI|2026-08-17|6.41|6.41|6.065|6.14|21577746
FRMI|2026-08-18|5.95|6.05|5.73|5.74|18648084
FRMI|2026-08-19|5.77|5.819|5.44|5.76|21655739
FRMI|2026-08-20|5.78|5.98|5.67|5.97|16534218
FRMI|2026-08-21|6.01|6.12|5.9|5.92|9879901
FROG|2026-06-01|80.12|88.57|79.82|88.31|4125376
FROG|2026-06-02|84.565|89.16|83.73|88.05|3657124
FROG|2026-06-03|85.8|86.17|82.8|83.86|2042793
FROG|2026-06-04|82.9|86.425|81|86.16|1799152
FROG|2026-06-05|85.41|86|82.84|84|2397901
FROG|2026-06-08|84.808|87.86|82.9801|85.67|2445674
FROG|2026-06-09|84.74|85.8445|79.66|81.26|2489683
FROG|2026-06-10|82.7|85.64|80.1|80.36|2170107
FROG|2026-06-11|79.86|81.76|77.27|78.48|2415087
FROG|2026-06-12|79.54|80.831|76.58|77.74|1960375
FROG|2026-06-15|79.21|80.59|78.2|80.39|2306812
FROG|2026-06-16|80.39|82.6594|78.1|78.48|2540854
FROG|2026-06-17|78.045|84.295|77.75|81.35|2313856
FROG|2026-06-18|80.87|83.5|79|82.72|3198676
FROG|2026-06-22|82.06|84.3|78.8|79.89|1571620
FROG|2026-06-23|78.08|80.3|77.53|78.71|1822159
FROG|2026-06-24|78.7|79.48|75.67|76.66|2127909
FROG|2026-06-25|77.27|79.76|75.15|78.8|2168014
FROG|2026-06-26|78.86|87.99|78.86|87.58|25871784
FROG|2026-06-29|88.695|90.33|85.68|90.09|4802702
FROG|2026-06-30|88.62|93.12|88.51|90.88|2941038
FROG|2026-07-01|92.61|92.9375|88.9|90.39|2910169
FROG|2026-07-02|91.71|96|90.75|94.81|3113937
FROG|2026-07-06|93.376|98.93|92|98.1|2403153
FROG|2026-07-07|98.51|99.22|92.4159|96.2|2404233
FROG|2026-07-08|94.93|96.26|91.31|92.73|2295252
FROG|2026-07-09|91.95|96.74|91.34|95.5|1954680
FROG|2026-07-10|96.75|96.75|89.19|90.74|1849840
FROG|2026-07-13|91.23|92.36|89.3|92.02|1714380
FROG|2026-07-14|90.3|95.9135|89.3302|91.17|2185698
FROG|2026-07-15|93.32|93.915|88.7|91.28|1503230
FROG|2026-07-16|91.55|91.98|85.84|86.53|1840295
FROG|2026-07-17|83.26|88.61|83.07|88.54|2017351
FROG|2026-07-20|88|93.14|87.385|90.43|1852140
FROG|2026-07-21|86.54|89.155|83.9825|86.56|2425451
FROG|2026-07-22|85.46|85.85|78.88|79.68|3842950
FROG|2026-07-23|80.33|81.58|78.11|81.25|1768177
FROG|2026-07-24|82.98|83.04|79.42|80.16|1434946
FROG|2026-07-27|82.26|83.23|80.18|81.23|908076
FROG|2026-07-28|82|82|72.14|76.43|3509257
FROG|2026-07-29|76.9|79.215|72.265|73.275|3727195
FROG|2026-07-30|74.02|78.55|73.4|78.42|2240706
FROG|2026-07-31|78.44|81.57|77.44|79.79|1900582
FROG|2026-08-03|80.54|82.69|79.53|82.4|1983770
FROG|2026-08-04|82.22|86.96|82.01|86.22|1841066
FROG|2026-08-05|86.85|89.1918|84.4|84.52|2025264
FROG|2026-08-06|79.865|85.485|79.505|83.04|3045176
FROG|2026-08-07|96.255|96.255|84.79|89.52|4369084
FROG|2026-08-10|88.98|90.05|85.3|88.15|2237224
FROG|2026-08-11|87.86|88.8499|85.8401|86.1|2119749
FROG|2026-08-12|86.23|89.73|85.355|86.04|2078969
FROG|2026-08-13|87|95.71|86.18|95.15|3113866
FROG|2026-08-14|95.67|98.47|94.5812|96.17|2427175
FROG|2026-08-17|95.28|96.81|93.46|94.64|1853273
FROG|2026-08-18|94.03|96.605|90.9705|91.6|1305055
FROG|2026-08-19|91.21|92.17|87.392|91.21|1922619
FROG|2026-08-20|90.95|91.94|88.27|89.72|1700532
FROG|2026-08-21|89.6|92.32|86.04|92.13|1795156
FTAI|2026-06-01|252.37|256.16|240.98|247.82|789195
FTAI|2026-06-02|247.82|254.52|243.925|245.86|678186
FTAI|2026-06-03|245|252.57|238|247.01|843928
FTAI|2026-06-04|246|253.8799|242.5|250.09|720189
FTAI|2026-06-05|242.58|248.54|230.26|234.05|953092
FTAI|2026-06-08|237.92|243.46|228.9|230.46|1048409
FTAI|2026-06-09|234.42|243.11|221.53|233.75|911659
FTAI|2026-06-10|230.21|232.35|219.37|225.76|1100054
FTAI|2026-06-11|229.15|242.26|223.1|241.34|1211722
FTAI|2026-06-12|244.26|247.9999|238.75|241.96|743838
FTAI|2026-06-15|255.59|267.54|252.05|263.52|1033782
FTAI|2026-06-16|266.54|273.18|260.98|268.52|904777
FTAI|2026-06-17|268.93|285.495|265.83|277.31|1218498
FTAI|2026-06-18|283.19|288.4|271.64|276.11|1354562
FTAI|2026-06-22|276.79|285|270.24|272.05|864474
FTAI|2026-06-23|258.47|266.27|255.61|262.09|767526
FTAI|2026-06-24|259.04|280|259.01|272.14|856224
FTAI|2026-06-25|277.39|279.58|267.1898|268.4|658494
FTAI|2026-06-26|262|272.95|249.65|260.08|2614422
FTAI|2026-06-29|263.44|267.15|254.35|263.62|901611
FTAI|2026-06-30|264.93|273.32|261.275|270.53|931576
FTAI|2026-07-01|266.69|269.34|258.27|261.83|867626
FTAI|2026-07-02|262.25|270.37|245|248.06|1190377
FTAI|2026-07-06|245.92|259.66|240.35|241.54|1098690
FTAI|2026-07-07|237.46|239.16|219.1|227.55|1525477
FTAI|2026-07-08|222.22|227.32|210.55|216.1|1582450
FTAI|2026-07-09|221.45|231.21|219|228.02|1506114
FTAI|2026-07-10|226.65|227.73|217|227.35|1054954
FTAI|2026-07-13|220.67|224.76|209.29|209.88|1328329
FTAI|2026-07-14|211.95|215|205.105|206.22|1086027
FTAI|2026-07-15|214.88|216.22|204.18|213.8|1188836
FTAI|2026-07-16|206.97|210.43|198.34|203.7|1408173
FTAI|2026-07-17|198.505|210.33|198.44|207.46|1182043
FTAI|2026-07-20|210|213.8|198.83|199.71|1533816
FTAI|2026-07-21|201.5|212.4|196.48|210.25|1420894
FTAI|2026-07-22|225.7|231.1|215.59|222.49|2642383
FTAI|2026-07-23|221.32|227.2799|214.6225|216.81|1075126
FTAI|2026-07-24|216.81|219.32|212.62|215.98|809440
FTAI|2026-07-27|221.495|223.45|204.6|214.15|1233816
FTAI|2026-07-28|210.08|213.32|196.51|212.47|1731975
FTAI|2026-07-29|210.79|210.79|196.75|197.37|3318040
FTAI|2026-07-30|184.95|198|179.11|197.5|4995918
FTAI|2026-07-31|202|211.715|200|206|2729067
FTAI|2026-08-03|211.25|231.68|209.85|225.15|2195520
FTAI|2026-08-04|230.92|232.185|210.5301|221.96|1578554
FTAI|2026-08-05|225|232.97|221.6944|223.73|1300511
FTAI|2026-08-06|224.14|228.77|220.23|221.23|1593169
FTAI|2026-08-07|225|225.152|214.33|216.24|1282998
FTAI|2026-08-10|215.33|219.53|212.07|215|1036668
FTAI|2026-08-11|216.21|225.84|216.21|225.6|1082179
FTAI|2026-08-12|232.29|233.98|225.48|226.66|1439833
FTAI|2026-08-13|227.44|229|215.11|216.15|1241373
FTAI|2026-08-14|216.56|218.51|213.95|217.13|641286
FTAI|2026-08-17|220.06|234.59|217.5|227.43|1262735
FTAI|2026-08-18|220.52|222.5|208.7722|211.5|1401884
FTAI|2026-08-19|211.46|213|204.16|210.91|1118105
FTAI|2026-08-20|208.52|208.52|194.43|197.81|1390415
FTAI|2026-08-21|203.9|211.199|202.63|209.7|903639
FTK|2026-06-01|20|20.37|19.27|20.35|341219
FTK|2026-06-02|20.37|23.59|20.37|23.33|972354
FTK|2026-06-03|23.24|23.8986|22.09|23.2|427266
FTK|2026-06-04|23.2|25.54|22.8874|24.82|545261
FTK|2026-06-05|24.52|24.9|22.83|23.52|467209
FTK|2026-06-08|23.92|24.36|23.51|23.55|334163
FTK|2026-06-09|23.78|24.545|23.28|24.21|310067
FTK|2026-06-10|24.19|24.95|23.63|23.64|255920
FTK|2026-06-11|23.99|24.68|22.98|24.18|353589
FTK|2026-06-12|24.63|25.23|24.41|24.64|226907
FTK|2026-06-15|24.54|25.1099|23.45|23.99|185201
FTK|2026-06-16|23.99|24.045|22.48|23.27|359168
FTK|2026-06-17|23.41|23.65|22.19|22.48|290930
FTK|2026-06-18|22.8|23.51|21.88|22.66|234144
FTK|2026-06-22|23.83|24.62|23.53|24.33|270846
FTK|2026-06-23|23.68|24.37|23.39|23.47|267867
FTK|2026-06-24|23.13|23.44|21.38|21.74|269685
FTK|2026-06-25|22.17|22.39|21.58|21.87|252576
FTK|2026-06-26|21.59|22.36|21.28|22.16|630659
FTK|2026-06-29|22.52|22.88|21.21|22.68|219838
FTK|2026-06-30|22.79|23.62|22.35|23.52|367015
FTK|2026-07-01|23.31|24.4|23.1|23.65|201801
FTK|2026-07-02|23.59|24.1|22.01|22.19|238123
FTK|2026-07-06|22.67|23.8999|22.67|23.23|188141
FTK|2026-07-07|23.35|23.674|21.47|22.4|252292
FTK|2026-07-08|22.06|23.18|21.99|23.09|142816
FTK|2026-07-09|23.88|25.51|23.765|24.92|324108
FTK|2026-07-10|24.94|25.65|24.915|25.56|292916
FTK|2026-07-13|25.8|26.39|24.71|24.96|454902
FTK|2026-07-14|25.63|26.93|25.435|26.77|315605
FTK|2026-07-15|26.86|27.43|25.51|26.1|564816
FTK|2026-07-16|25.62|26.21|25.411|25.82|299325
FTK|2026-07-17|25.35|26.53|24.945|26.17|274020
FTK|2026-07-20|25.79|26.5|24.98|25.62|333750
FTK|2026-07-21|26|27.41|25.76|27.28|275586
FTK|2026-07-22|27.24|28.02|27.0925|27.24|318077
FTK|2026-07-23|27.2|28.5|25.19|25.94|411201
FTK|2026-07-24|25.91|26.31|25.28|25.84|279226
FTK|2026-07-27|25.76|26.35|24.01|24.36|431911
FTK|2026-07-28|23.89|24.01|22.03|23.66|462939
FTK|2026-07-29|23.08|23.33|21.49|21.8|413669
FTK|2026-07-30|22.45|23.54|22.265|23.4|229987
FTK|2026-07-31|23.5|23.74|22|23.54|226289
FTK|2026-08-03|25.1|26.88|24.54|26.76|552921
FTK|2026-08-04|27|28.68|26.27|28.21|682627
FTK|2026-08-05|33.47|37.3948|32.72|36.07|1547840
FTK|2026-08-06|36.5|37.53|34.27|36.43|1058494
FTK|2026-08-07|36.33|37|34.84|35.42|529163
FTK|2026-08-10|36|38.4|35.49|37.62|413391
FTK|2026-08-11|37.92|38.89|36.629|38.82|482876
FTK|2026-08-12|39.4|39.67|36.91|37.17|358418
FTK|2026-08-13|37.01|38.2728|34.1|34.41|714716
FTK|2026-08-14|34.93|36.8899|33.65|35.83|704810
FTK|2026-08-17|35.6|35.99|27.3|28.66|2819791
FTK|2026-08-18|29.75|29.75|27|27.02|1235440
FTK|2026-08-19|27.3|27.3|24.96|25.17|1190923
FTK|2026-08-20|25|25.37|23.48|25|1310595
FTK|2026-08-21|24.62|25.6171|23.48|24.67|758036
FTNT|2026-06-01|141.16|147.49|140.25|147.14|7110354
FTNT|2026-06-02|144.34|149.03|141.75|148.86|6893750
FTNT|2026-06-03|145.38|148.47|143.385|146.48|7658179
FTNT|2026-06-04|146.2|150.07|144.32|149.67|5242521
FTNT|2026-06-05|148.46|149.05|143.455|144.68|7097206
FTNT|2026-06-08|145.51|147|142.505|143.04|5260285
FTNT|2026-06-09|143.13|144.3|133.05|138.39|7610608
FTNT|2026-06-10|137.8|141.3|137.01|138.88|6067709
FTNT|2026-06-11|141.01|146.31|139.395|145.06|6969186
FTNT|2026-06-12|143.642|146.38|142.1478|146.3|4790575
FTNT|2026-06-15|146.32|149.5|143.98|149.49|5043869
FTNT|2026-06-16|148.88|148.88|144.3323|147.02|5186291
FTNT|2026-06-17|145.805|148|141.69|144.14|7572471
FTNT|2026-06-18|143.485|147.2|139.79|144.73|18427321
FTNT|2026-06-22|146.355|149.19|143.59|145.39|5603127
FTNT|2026-06-23|144.83|148.36|143.47|148|5754166
FTNT|2026-06-24|147.7|148.82|144.57|145.28|4329627
FTNT|2026-06-25|144.62|151.97|144.62|149.93|6543426
FTNT|2026-06-26|150.81|152.77|147.55|151.35|9168094
FTNT|2026-06-29|152.974|159.07|152.13|155.42|6664389
FTNT|2026-06-30|151.04|154.4652|150.73|153.62|6607996
FTNT|2026-07-01|154.74|159.8|152.54|158.98|4721793
FTNT|2026-07-02|158.64|158.96|156.2|156.25|4448825
FTNT|2026-07-06|154.745|163.5699|153.43|162.35|5133904
FTNT|2026-07-07|162.39|163.31|155.68|158.67|5824211
FTNT|2026-07-08|156.995|159.45|154.4227|156.71|4768969
FTNT|2026-07-09|153.27|164.01|152.25|163.73|4598487
FTNT|2026-07-10|164.435|165.2799|156.62|157.51|3511333
FTNT|2026-07-13|157.67|161.95|155.72|160.62|4094159
FTNT|2026-07-14|158.775|167.27|158.06|166.83|4626385
FTNT|2026-07-15|169.39|170.35|163.03|164.51|5083332
FTNT|2026-07-16|164.07|165|159.08|160.78|3994964
FTNT|2026-07-17|160.5|163.83|158.93|161.61|4692809
FTNT|2026-07-20|160.635|164.57|160|160.36|3719868
FTNT|2026-07-21|163.38|163.5|156.02|158.1|5129957
FTNT|2026-07-22|158.57|159|154.51|155.05|4567460
FTNT|2026-07-23|155.29|156.485|150.92|151.54|4587109
FTNT|2026-07-24|152.696|154.32|151.48|152.37|2815180
FTNT|2026-07-27|157.13|157.13|151.675|152.38|4728133
FTNT|2026-07-28|152.6|153.24|146.117|149.98|6008592
FTNT|2026-07-29|148.27|154.99|143.77|153.22|12142951
FTNT|2026-07-30|164|169.26|152.23|154.25|10680571
FTNT|2026-07-31|154.01|162.57|153.61|161.95|6060333
FTNT|2026-08-03|163.305|164.5|159.32|163.21|5756098
FTNT|2026-08-04|164.11|169.105|162.77|168.29|6461913
FTNT|2026-08-05|170.35|172.09|163.94|164.13|4554662
FTNT|2026-08-06|160.07|162.73|158.27|160.11|4992354
FTNT|2026-08-07|165.015|165.5|158.555|159.64|3888841
FTNT|2026-08-10|159.9|167.1899|159.64|164.21|4172796
FTNT|2026-08-11|163.24|163.92|160.7375|161.89|3769419
FTNT|2026-08-12|161.48|165.11|160|160.84|3773912
FTNT|2026-08-13|162.64|165.75|160.14|165.44|4010248
FTNT|2026-08-14|165.75|165.75|159.1041|160.01|2841700
FTNT|2026-08-17|160.05|160.43|155.57|155.85|3734333
FTNT|2026-08-18|156|159.9699|155.7|158.01|3791800
FTNT|2026-08-19|157.97|158.56|151.66|152.85|3808794
FTNT|2026-08-20|152|154.44|150.16|150.79|5038204
FTNT|2026-08-21|151.9|154.11|148.25|153.51|3929011
GKOS|2026-06-01|103.51|105.045|99.48|103.12|1431293
GKOS|2026-06-02|101.77|113.09|100.2601|110.78|1866858
GKOS|2026-06-03|108.76|115.475|108.76|113.64|1095139
GKOS|2026-06-04|114.19|123.44|113.13|121.69|1584225
GKOS|2026-06-05|122.67|128.0499|120.61|125|1444698
GKOS|2026-06-08|124.18|126.235|121.83|121.96|961751
GKOS|2026-06-09|123.79|129|123.58|126.34|1082313
GKOS|2026-06-10|122|125.96|119.66|122.49|1542233
GKOS|2026-06-11|125.08|127.29|123|124.26|629372
GKOS|2026-06-12|124.97|128.27|122.69|126.81|707971
GKOS|2026-06-15|128.58|130.67|127.8256|130.14|801875
GKOS|2026-06-16|130.68|132.2399|127.09|127.53|724432
GKOS|2026-06-17|128.64|131.78|126.67|127.41|1040705
GKOS|2026-06-18|128.97|131.73|125.43|130.68|984179
GKOS|2026-06-22|130|131.8425|128.48|131.19|806454
GKOS|2026-06-23|131.69|135.23|131.25|134.65|546299
GKOS|2026-06-24|133.07|140.77|133.02|137.76|761381
GKOS|2026-06-25|139.6|145.39|137.52|142.57|787691
GKOS|2026-06-26|142.57|145|140.905|144.42|1989552
GKOS|2026-06-29|143.51|143.7|139.86|142.19|1243790
GKOS|2026-06-30|141.43|141.735|136.18|139.76|1086135
GKOS|2026-07-01|139.06|141.4|136.225|137.57|707563
GKOS|2026-07-02|137.57|148.62|136.18|148.34|1240686
GKOS|2026-07-06|150|150.26|146.69|148.7|712919
GKOS|2026-07-07|148.53|151.47|146.47|150.65|710243
GKOS|2026-07-08|151.39|154.61|149.45|152.96|1058780
GKOS|2026-07-09|153.29|155.6999|152.165|155.07|781010
GKOS|2026-07-10|154.05|156.6|143.11|152.72|672327
GKOS|2026-07-13|153|155.135|151|152.72|442216
GKOS|2026-07-14|151.13|153.95|146.72|152.45|517354
GKOS|2026-07-15|151.45|157.71|150.51|156.84|630493
GKOS|2026-07-16|157.73|161.53|155.06|155.39|704261
GKOS|2026-07-17|153.21|157.765|152.06|156.83|375760
GKOS|2026-07-20|156.46|158.22|155.12|155.46|402908
GKOS|2026-07-21|154.82|158.18|152.83|153.09|476793
GKOS|2026-07-22|152.33|153|150.015|152.86|577609
GKOS|2026-07-23|150.46|152.93|150.46|152.13|420729
GKOS|2026-07-24|154.41|155.595|151|153.58|379547
GKOS|2026-07-27|155.54|156.15|148.02|151.91|727526
GKOS|2026-07-28|153.62|154.98|146.03|151.33|1144650
GKOS|2026-07-29|149.71|166|145.7759|161.66|3072038
GKOS|2026-07-30|180.22|184|165.775|168.52|2557425
GKOS|2026-07-31|166.58|171.545|165.37|166.72|1032016
GKOS|2026-08-03|168.66|173.9799|168.6|170.87|1108282
GKOS|2026-08-04|171.75|172.91|167.64|170.53|799679
GKOS|2026-08-05|172.01|172.01|167.81|170.93|705648
GKOS|2026-08-06|171.17|171.99|168.39|170.99|574996
GKOS|2026-08-07|172.94|180.62|172.215|180.02|768789
GKOS|2026-08-10|180|183.49|178.78|181.42|629752
GKOS|2026-08-11|180.47|183.91|178.58|182|723271
GKOS|2026-08-12|179.8|186.75|177.565|186.63|749420
GKOS|2026-08-13|187|189.69|185.82|189.45|762129
GKOS|2026-08-14|189.89|190|184.22|184.53|737562
GKOS|2026-08-17|183.55|186.03|181.84|185.62|725000
GKOS|2026-08-18|185|186.66|175.04|184.15|625586
GKOS|2026-08-19|186|190.06|185.96|189.55|505116
GKOS|2026-08-20|187.73|191.62|183.245|184.89|791864
GKOS|2026-08-21|185|187.6|183.68|184.89|439988
GLBE|2026-06-01|30.91|34.22|30.71|33.75|4193006
GLBE|2026-06-02|33.05|34.02|32.86|33.3|2384045
GLBE|2026-06-03|32.64|32.9|31.06|31.79|1451484
GLBE|2026-06-04|33.56|33.7|32.69|32.89|1024660
GLBE|2026-06-05|32.78|33.35|32.05|32.13|1162259
GLBE|2026-06-08|32.35|32.765|31.67|32.15|1719949
GLBE|2026-06-09|32.15|32.99|31.5706|32.38|1256288
GLBE|2026-06-10|32.75|33.62|32.5|32.73|1287637
GLBE|2026-06-11|32.68|33.47|32.03|33.22|2270198
GLBE|2026-06-12|33.44|33.54|32.55|32.73|2792320
GLBE|2026-06-15|33.19|33.79|31.485|31.61|1937515
GLBE|2026-06-16|31.61|32.765|31.1|32.28|2445363
GLBE|2026-06-17|31.98|32.74|31.64|31.98|2185280
GLBE|2026-06-18|31.9|32.92|31.7008|32.84|1429973
GLBE|2026-06-22|32.555|33.365|31.365|31.51|1696195
GLBE|2026-06-23|31.54|32.275|31.27|32.17|1028963
GLBE|2026-06-24|32.2|34.255|31.778|34.05|1291128
GLBE|2026-06-25|33.88|35.36|33.355|34.33|2495975
GLBE|2026-06-26|34.5|36.64|33.755|36.41|2713925
GLBE|2026-06-29|36.41|37.24|35.7|35.71|1801471
GLBE|2026-06-30|35.35|36.0385|34.455|34.73|1773915
GLBE|2026-07-01|35.14|36.26|35|35.83|1694693
GLBE|2026-07-02|35.83|37.68|35.825|36.85|1488129
GLBE|2026-07-06|36.31|37.32|35.55|37.31|943133
GLBE|2026-07-07|37.54|37.99|36.835|36.92|1394459
GLBE|2026-07-08|36.49|36.82|35.4|35.98|1063271
GLBE|2026-07-09|35.85|37.89|35.22|37.84|1246213
GLBE|2026-07-10|37.84|39.17|37.84|38.48|1243734
GLBE|2026-07-13|38.49|38.9|37.8|38.68|599590
GLBE|2026-07-14|38.27|39.25|37.765|38.75|727548
GLBE|2026-07-15|39.03|40|38.91|38.98|1028135
GLBE|2026-07-16|39.03|39.1|38.09|38.35|919114
GLBE|2026-07-17|37.84|38.49|37.555|38.12|607819
GLBE|2026-07-20|37.96|38.09|36.42|36.58|2371305
GLBE|2026-07-21|36.07|36.455|34.87|35.76|4583717
GLBE|2026-07-22|36.09|36.41|35.25|35.55|1169652
GLBE|2026-07-23|35.0801|35.58|33.865|34.5|1233700
GLBE|2026-07-24|35.19|36.27|35.055|36.21|1028001
GLBE|2026-07-27|36.66|38.22|36.66|37.76|1161161
GLBE|2026-07-28|38.642|39.21|38.21|38.9|1137765
GLBE|2026-07-29|38.75|40.31|38.47|40.26|2725459
GLBE|2026-07-30|39.51|39.94|38.58|39.87|1416889
GLBE|2026-07-31|40.03|40.03|38.89|39.31|996583
GLBE|2026-08-03|39.92|40.77|39.58|40.2|1159369
GLBE|2026-08-04|40.44|41.57|40.305|41.53|1017166
GLBE|2026-08-05|42.11|42.38|41.1|41.57|1330115
GLBE|2026-08-06|40.97|41.2|40.46|41.02|1180846
GLBE|2026-08-07|41.5|42.51|41.22|42.32|1154509
GLBE|2026-08-10|41.07|42.15|40.88|41.15|2665034
GLBE|2026-08-11|41.08|41.415|39.92|40.86|2447060
GLBE|2026-08-12|41.06|43.99|39.65|40.55|3320527
GLBE|2026-08-13|41.37|42.34|40.375|42.19|1587796
GLBE|2026-08-14|42|42.745|41.36|42.36|1575301
GLBE|2026-08-17|42.08|42.3|40.79|41.18|1233341
GLBE|2026-08-18|41.32|41.86|40.96|41.31|913834
GLBE|2026-08-19|41.29|42.33|41.1|41.24|982340
GLBE|2026-08-20|40.86|41.2|40.19|40.79|796143
GLBE|2026-08-21|41.23|41.23|40.23|40.55|840783
GLOB|2026-06-01|41.58|44.64|40.8|44.44|2524969
GLOB|2026-06-02|42.87|43.62|41.96|42.28|2234478
GLOB|2026-06-03|41.48|41.49|38.9627|39.67|2091183
GLOB|2026-06-04|41.5|41.849|38.93|39.58|1407793
GLOB|2026-06-05|40.35|41.04|37.6864|38.3|1324803
GLOB|2026-06-08|38.37|39.04|37.73|38.17|1270737
GLOB|2026-06-09|37.8|38.87|36.26|37.47|1269156
GLOB|2026-06-10|36.83|38.01|35.9|36.85|1154174
GLOB|2026-06-11|36.51|37.275|34.85|36.42|1141986
GLOB|2026-06-12|36.41|38.03|35.5|37.49|1097329
GLOB|2026-06-15|37.4|38.87|36.82|36.87|1040798
GLOB|2026-06-16|36.62|37.795|36.495|36.63|1175233
GLOB|2026-06-17|36.5|37.88|34.3|34.61|2207780
GLOB|2026-06-18|31.72|32.74|30.28|30.74|3350215
GLOB|2026-06-22|30.41|31.37|28.85|29.97|1617205
GLOB|2026-06-23|30.66|30.99|28.94|29.28|2155526
GLOB|2026-06-24|29.32|29.98|28.9|29.12|2376614
GLOB|2026-06-25|29.285|29.285|27.56|27.73|2258941
GLOB|2026-06-26|27.73|30.15|27.73|30.03|9061502
GLOB|2026-06-29|30.86|31.24|29.8625|30.08|2379965
GLOB|2026-06-30|29.14|29.5|28.02|28.94|2343059
GLOB|2026-07-01|29.77|31.92|29.77|31.39|3195756
GLOB|2026-07-02|31.79|33.19|31.79|32.51|2140913
GLOB|2026-07-06|32.57|32.64|30.67|30.95|3242273
GLOB|2026-07-07|32.33|32.99|31.22|31.65|2037262
GLOB|2026-07-08|30.6|31.2799|29.65|29.9|2920574
GLOB|2026-07-09|28.81|31.48|28.39|31.29|1811438
GLOB|2026-07-10|31.69|32.1943|29.805|29.96|1379752
GLOB|2026-07-13|30.65|32.37|30.54|32.12|1652003
GLOB|2026-07-14|30.34|32.2|30|30.92|1609308
GLOB|2026-07-15|31.43|32.6|31.2|31.98|2101950
GLOB|2026-07-16|32.1|33.59|31.48|32.2|1510094
GLOB|2026-07-17|32.07|32.85|31.72|32.23|1161114
GLOB|2026-07-20|31.71|32.94|31.25|32.29|1027263
GLOB|2026-07-21|31.34|32.76|31.29|32.1|1073497
GLOB|2026-07-22|32.7|32.85|30.5|30.67|1712560
GLOB|2026-07-23|30.1|30.69|29.26|30.61|1476480
GLOB|2026-07-24|31|32|30.78|31.3|2037793
GLOB|2026-07-27|32.26|33.54|32.06|32.64|1126284
GLOB|2026-07-28|33.17|36.01|33.17|35.11|3067486
GLOB|2026-07-29|35.16|38.97|34.31|38.15|2229594
GLOB|2026-07-30|36.71|37.4|35.28|36.39|1631362
GLOB|2026-07-31|34.51|36.84|34.01|36.6|2679647
GLOB|2026-08-03|37.67|38.42|36.76|37.14|1002685
GLOB|2026-08-04|36.48|38.3025|36.36|38.13|1015380
GLOB|2026-08-05|38.12|38.56|37.17|38.38|1113090
GLOB|2026-08-06|36.645|37.36|34.79|37.25|2024897
GLOB|2026-08-07|36.69|38.03|36.63|37.4|805780
GLOB|2026-08-10|37|39.09|36.83|38.55|1453618
GLOB|2026-08-11|38.03|39.88|37.3601|38.98|1886333
GLOB|2026-08-12|38.03|38.75|36.77|38.74|1928832
GLOB|2026-08-13|39.03|41.65|38.2712|40.99|3837434
GLOB|2026-08-14|38.21|39.2888|35.51|37.38|6215412
GLOB|2026-08-17|37.18|37.81|36.14|36.26|3140951
GLOB|2026-08-18|36.98|37.36|36.13|37.31|2380572
GLOB|2026-08-19|37.61|40.79|37.61|39.52|2045312
GLOB|2026-08-20|39.37|40.58|38.65|39.63|1460419
GLOB|2026-08-21|39.04|41.055|38.82|39.62|1097012
GLW|2026-06-01|176.11|178.84|172.43|176.7|10778979
GLW|2026-06-02|186.5|201.55|186|200.4|17569156
GLW|2026-06-03|201|208.57|195.7|200.76|11745660
GLW|2026-06-04|192.76|199.8|183.8|197.7|11041276
GLW|2026-06-05|189.377|190.11|174.3|177.58|15607833
GLW|2026-06-08|192.9|192.9|185|187.54|12031904
GLW|2026-06-09|190.41|190.41|166|173.94|16499725
GLW|2026-06-10|173.66|178.48|166.68|168.17|10474938
GLW|2026-06-11|169.5|177.31|168.24|176.55|9807205
GLW|2026-06-12|178|180.77|173.4101|179.2|8917994
GLW|2026-06-15|187.47|190|185.23|187.88|9146030
GLW|2026-06-16|187.39|187.95|176.2041|177.42|13347073
GLW|2026-06-17|179.035|180.82|172.7501|175.4|11012017
GLW|2026-06-18|182.33|196.02|181.2|194.92|22200569
GLW|2026-06-22|200.48|212.3936|196|209.83|18477849
GLW|2026-06-23|192.45|194.81|186.6|194.07|17865303
GLW|2026-06-24|194.42|217.09|190.93|205.83|19062246
GLW|2026-06-25|218.55|230.5|213.02|228.01|25183282
GLW|2026-06-26|224.425|226|207.73|221.05|45194750
GLW|2026-06-29|226.9|258.8|215.1252|255.69|24115920
GLW|2026-06-30|252.49|271.78|250.5|255.43|22183370
GLW|2026-07-01|239.5|240.87|218.1101|220.63|22070837
GLW|2026-07-02|223.885|224.01|193.54|196.79|21092316
GLW|2026-07-06|199.105|206.99|193.16|194.8|11862264
GLW|2026-07-07|187.03|191|178.4|185.38|12855353
GLW|2026-07-08|183.42|188.86|180.54|184.03|8325093
GLW|2026-07-09|201.75|204.48|192.15|192.38|9884964
GLW|2026-07-10|189.54|192.77|186.4|190.89|5301573
GLW|2026-07-13|185.25|189.07|178.66|183.11|7554685
GLW|2026-07-14|192.98|193.71|186.0469|187.64|6732121
GLW|2026-07-15|186.6|187.07|167.09|174.41|13322704
GLW|2026-07-16|166.58|167.4999|154.4287|158.39|17576716
GLW|2026-07-17|150.83|158.38|146.9375|154.61|14196818
GLW|2026-07-20|157.86|160.54|152.59|153.1|7785964
GLW|2026-07-21|161.3|164.5|156.6|162.41|10065452
GLW|2026-07-22|157|161.45|153.88|154.06|9896036
GLW|2026-07-23|152.255|160.98|152.24|156.06|8695482
GLW|2026-07-24|154.77|157.4|145.93|146.65|8865081
GLW|2026-07-27|145.75|148.69|136.3065|143.36|13954118
GLW|2026-07-28|121.75|126.1|114.5|126.01|45752774
GLW|2026-07-29|126.3|130.87|122.62|124.05|25463543
GLW|2026-07-30|130.42|136.09|130|135.22|18694653
GLW|2026-07-31|143.785|147|138.225|138.25|14040123
GLW|2026-08-03|134.89|147.94|132.89|146.64|12360089
GLW|2026-08-04|155|162.4899|150.85|159.89|18923764
GLW|2026-08-05|156.24|162.6|155.8485|156.7|8595231
GLW|2026-08-06|153.25|164.34|150.73|157.18|11490167
GLW|2026-08-07|162.89|170.43|161.16|165.68|10697672
GLW|2026-08-10|167.885|167.89|157.68|157.76|7580146
GLW|2026-08-11|159.75|161.79|158.22|159.19|6050049
GLW|2026-08-12|168.8|169.95|164.21|167.44|9999273
GLW|2026-08-13|166|168.24|157.91|158.54|8511838
GLW|2026-08-14|161|167.69|158.27|165.99|8266833
GLW|2026-08-17|169.74|176.9399|166.68|173.21|11089813
GLW|2026-08-18|161.65|168.06|157.9|159.9|10978090
GLW|2026-08-19|160.63|161.16|150.7|152.46|10561521
GLW|2026-08-20|152.26|154.06|149.25|151.45|8003734
GLW|2026-08-21|153.85|155.4807|148.05|149.84|6135802
GLXY|2026-06-01|28.69|31.18|28.07|30.81|6434613
GLXY|2026-06-02|30.25|30.9399|28.595|29.06|5181254
GLXY|2026-06-03|28.305|30.04|27.8|28.49|6855849
GLXY|2026-06-04|27.515|30.23|26.9|28.41|8408588
GLXY|2026-06-05|27.16|27.31|24.05|25.14|11933214
GLXY|2026-06-08|26.275|31.8|26.2|30.51|19204202
GLXY|2026-06-09|30.75|32.85|29.7701|32.68|16873915
GLXY|2026-06-10|32.07|33.78|30.09|30.15|8754669
GLXY|2026-06-11|30.19|33.45|29.635|33.27|7667579
GLXY|2026-06-12|33.92|35.6|32.74|33.36|8868254
GLXY|2026-06-15|35.44|35.44|33.23|33.63|6949955
GLXY|2026-06-16|33.16|34.2|32.62|33.18|4381301
GLXY|2026-06-17|33.21|35.41|32.4|33.04|6658469
GLXY|2026-06-18|34.315|35.3|33.4375|34.2|6925845
GLXY|2026-06-22|34.56|36.1|32.95|33.12|4968666
GLXY|2026-06-23|31.065|32.89|30.6|31.35|7289825
GLXY|2026-06-24|31.5|31.6755|28.02|28.58|6693816
GLXY|2026-06-25|30.75|30.77|27.42|28.26|8516660
GLXY|2026-06-26|27.51|29.47|26.88|29.26|15637350
GLXY|2026-06-29|29.13|29.63|27.06|28.53|7178481
GLXY|2026-06-30|27.54|27.9555|26.362|27.34|8955400
GLXY|2026-07-01|26.925|27.39|25.24|25.86|9167167
GLXY|2026-07-02|26.37|27.51|24.145|24.59|8290489
GLXY|2026-07-06|25.28|26.005|24.81|25.4|5188319
GLXY|2026-07-07|24.85|25.6299|23.29|24.73|9764522
GLXY|2026-07-08|23.99|24.94|23.502|24.86|8223490
GLXY|2026-07-09|25.52|26|24.93|25.1|5262977
GLXY|2026-07-10|26|26.66|24.765|24.88|4845748
GLXY|2026-07-13|24.4|25.13|23.035|23.35|4670310
GLXY|2026-07-14|23.88|24.49|23.11|24.22|4771504
GLXY|2026-07-15|24.75|25.2|23.51|24.58|4820818
GLXY|2026-07-16|23.76|23.9125|22.26|22.31|5377700
GLXY|2026-07-17|21.49|22.43|21.01|21.63|6895952
GLXY|2026-07-20|22.48|24|22.39|23.66|5355417
GLXY|2026-07-21|24.38|26.0099|24.375|25.41|8035027
GLXY|2026-07-22|24.41|26.0499|24.3302|24.79|4323307
GLXY|2026-07-23|23.96|25.43|23.66|24.32|4332536
GLXY|2026-07-24|24|24.41|22.6|22.68|4585762
GLXY|2026-07-27|23.11|23.9|21.98|22.7|4689205
GLXY|2026-07-28|21.63|21.63|19.94|20.94|6931440
GLXY|2026-07-29|20.96|21.02|18.22|18.26|8005121
GLXY|2026-07-30|19.4|21.805|19.38|21.52|8182328
GLXY|2026-07-31|22.4951|22.4951|20.39|21.01|5292025
GLXY|2026-08-03|20.43|22.1|20.15|21.88|5179786
GLXY|2026-08-04|21.54|22.645|21.5|22.14|7018395
GLXY|2026-08-05|20.48|20.64|18.81|19.065|16796797
GLXY|2026-08-06|18.925|20.45|18.65|19.54|8648445
GLXY|2026-08-07|20.45|20.875|19.8|20.17|6385247
GLXY|2026-08-10|20.55|20.55|19.445|19.52|5210153
GLXY|2026-08-11|20.8|21.1|20.1|20.13|7361145
GLXY|2026-08-12|21.745|21.97|21.02|21.08|6041392
GLXY|2026-08-13|21.02|22.57|20.91|20.95|6219203
GLXY|2026-08-14|21|21.865|20.95|21.66|5275685
GLXY|2026-08-17|21.54|22.59|21.2001|21.87|5743442
GLXY|2026-08-18|20.91|21.5|20.14|20.43|6206904
GLXY|2026-08-19|20.41|22.36|20.01|21.9|8381625
GLXY|2026-08-20|23.45|23.56|22.58|23.47|6612802
GLXY|2026-08-21|24.25|25.1|23.3|23.64|8205697
GRRR|2026-06-01|19.79|21.35|19.6281|21.14|1907697
GRRR|2026-06-02|23.16|23.49|20.96|21.78|5607806
GRRR|2026-06-03|17.775|18.98|16.79|18.29|5924307
GRRR|2026-06-04|17.6|19.77|17.00005|19.03|2700011
GRRR|2026-06-05|18.56|18.7247|16.418|17.14|2062155
GRRR|2026-06-08|17.43|17.72|16.22|17.02|1317551
GRRR|2026-06-09|17.01|17.35|15.4164|16.08|1530458
GRRR|2026-06-10|15.6|16.72|15.56|16.11|1402536
GRRR|2026-06-11|16.02|18.29|15.75|17.78|1628505
GRRR|2026-06-12|17.8|18.15|17.0627|17.4|1008656
GRRR|2026-06-15|18|18.2899|17.4|17.49|834699
GRRR|2026-06-16|17.13|18.205|16.87|17.7|838440
GRRR|2026-06-17|17.86|18.37|17.23|17.26|1091555
GRRR|2026-06-18|17.46|17.47|16.21|16.54|1694098
GRRR|2026-06-22|16.52|17.5|15.81|16.52|1521112
GRRR|2026-06-23|17.57|18.6897|16.93|17.1|3569078
GRRR|2026-06-24|16.84|17.4299|16.32|16.89|1884186
GRRR|2026-06-25|16.75|17.15|15.905|16.9|1104952
GRRR|2026-06-26|16.39|17.743|16|17.48|1079138
GRRR|2026-06-29|18.08|19.8|18.0532|18.78|2188935
GRRR|2026-06-30|18.5|20.069|18.32|19.88|1293013
GRRR|2026-07-01|19.75|21.1|19.55|20.15|1595190
GRRR|2026-07-02|20.37|20.55|18.46|18.51|1480590
GRRR|2026-07-06|18.63|19.228|18.27|18.53|778171
GRRR|2026-07-07|18.3|18.32|17.3|17.67|1032340
GRRR|2026-07-08|17.159|17.72|16.7|17.51|747828
GRRR|2026-07-09|17.55|18.48|17.25|18.34|893896
GRRR|2026-07-10|18.67|18.78|17.7|17.95|582202
GRRR|2026-07-13|17.63|17.63|16.23|16.49|1204709
GRRR|2026-07-14|16.53|17.4|16.45|16.77|643870
GRRR|2026-07-15|17.1|17.4|11.705|11.89|7424769
GRRR|2026-07-16|11.54|11.76|10.74|11.48|2637081
GRRR|2026-07-17|11.04|12.39|10.92|12.04|1731991
GRRR|2026-07-20|12.26|12.8199|12|12.15|1216552
GRRR|2026-07-21|12.75|12.93|12.42|12.73|1069347
GRRR|2026-07-22|12.545|13.3|12.4|12.68|806345
GRRR|2026-07-23|12.42|12.8|12.18|12.57|810862
GRRR|2026-07-24|12.7|12.7|12.01|12.01|530915
GRRR|2026-07-27|12.42|12.7799|11.8|12.13|617159
GRRR|2026-07-28|11.94|11.94|11.23|11.65|929755
GRRR|2026-07-29|11.55|11.72|10.6001|10.65|1082137
GRRR|2026-07-30|11.125|11.67|11|11.47|1025664
GRRR|2026-07-31|11.95|11.99|11.01|11.09|695619
GRRR|2026-08-03|11.1|11.79|10.91|11.7|908308
GRRR|2026-08-04|12.21|12.48|11.9|12.25|851571
GRRR|2026-08-05|12.25|12.365|11.895|12|801114
GRRR|2026-08-06|11.87|12.47|11.7793|12.38|748685
GRRR|2026-08-07|12.65|13.1778|12.58|13.15|1105364
GRRR|2026-08-10|13.1|13.67|12.62|13.49|1224745
GRRR|2026-08-11|13.55|14.12|13.28|14|802233
GRRR|2026-08-12|14.195|14.8|14.0975|14.64|1256751
GRRR|2026-08-13|14.64|15.47|14.59|15.43|996491
GRRR|2026-08-14|15.28|16.48|15.15|16.37|1175245
GRRR|2026-08-17|15.9|16.0968|14.9|14.95|1105384
GRRR|2026-08-18|14.79|16|14.46|15.2|1017800
GRRR|2026-08-19|14.97|15.1999|14.4256|14.59|676231
GRRR|2026-08-20|14.78|15.3495|14.56|15.25|657159
GRRR|2026-08-21|15.5|16.15|15.38|16.06|717529
HAS|2026-06-01|84.63|85.16|82.62|85.07|2075495
HAS|2026-06-02|85.61|85.94|83.14|83.88|1692537
HAS|2026-06-03|84.35|85.3943|83.925|84.13|1332852
HAS|2026-06-04|85|85.44|83.69|84.47|1848352
HAS|2026-06-05|84.36|84.98|83.8|84.18|1170048
HAS|2026-06-08|84.6|84.79|83.28|83.54|1342813
HAS|2026-06-09|83.54|84.62|83.04|84.26|1441692
HAS|2026-06-10|83.79|84.2|82.16|82.29|1672219
HAS|2026-06-11|82.9|84.19|82.16|83.77|1662568
HAS|2026-06-12|84.2|84.745|83.365|83.9|1046486
HAS|2026-06-15|84.76|86.03|84.155|84.99|1874883
HAS|2026-06-16|85.07|86.67|84.8|84.96|1547094
HAS|2026-06-17|84.55|85.7|82.935|83.47|1682538
HAS|2026-06-18|85.37|86.585|84.3|84.74|5885783
HAS|2026-06-22|84.92|85|83.76|84.39|1599491
HAS|2026-06-23|84.06|84.36|82.4|82.87|2040173
HAS|2026-06-24|83.07|84.64|82.44|83.28|1625748
HAS|2026-06-25|83.83|84.92|83.45|84.88|1517046
HAS|2026-06-26|84.93|86.25|84.405|85.33|2648594
HAS|2026-06-29|85.08|85.9|84.2|84.44|1407027
HAS|2026-06-30|84|84.65|82.2101|82.59|2146652
HAS|2026-07-01|83.18|83.18|81.345|81.46|1476820
HAS|2026-07-02|81.71|82.48|79.73|80.15|2973355
HAS|2026-07-06|80.29|80.34|77.63|77.98|2781635
HAS|2026-07-07|78.1|78.64|76.3|76.73|2095971
HAS|2026-07-08|76.41|76.41|75.19|75.86|1885050
HAS|2026-07-09|76.76|77.91|76.1|77.39|1642652
HAS|2026-07-10|77.39|79.47|77.1805|78.96|1656422
HAS|2026-07-13|79.21|81.26|79.21|79.53|1505503
HAS|2026-07-14|79.56|80.05|77.885|78.42|1482340
HAS|2026-07-15|79.2|80.939|78.93|80.51|1763966
HAS|2026-07-16|80.8|82.25|80.8|82.09|1741090
HAS|2026-07-17|81.92|81.92|80.49|81.55|1659994
HAS|2026-07-20|82.745|83.395|81|81.59|5384461
HAS|2026-07-21|84.51|93.05|83.91|88.78|7883738
HAS|2026-07-22|88.92|89.99|87.78|89.04|2786981
HAS|2026-07-23|88.09|88.73|86.7|87.35|2373746
HAS|2026-07-24|87.43|89|87.25|88.79|1611467
HAS|2026-07-27|90.025|90.715|88.791|90.61|1428801
HAS|2026-07-28|92|96.44|91.4|96.34|3970650
HAS|2026-07-29|95.64|97|95.07|95.17|1913595
HAS|2026-07-30|94.49|95.22|93.0443|94.53|1173720
HAS|2026-07-31|94.97|95.35|93.675|93.94|2741196
HAS|2026-08-03|94.23|95.125|91.37|91.47|1765478
HAS|2026-08-04|90.58|91.87|89.1|91.51|2078497
HAS|2026-08-05|91.95|92.84|90.735|91.16|1032928
HAS|2026-08-06|92.14|92.67|90.56|91.69|1565385
HAS|2026-08-07|92.26|93.8532|91.67|93.52|919261
HAS|2026-08-10|92.9|94.605|92.66|94.49|1896678
HAS|2026-08-11|94.5|97.89|94.27|97.04|1690360
HAS|2026-08-12|96.86|96.89|94.52|94.89|1568761
HAS|2026-08-13|95.75|96.98|94.35|96.7|989131
HAS|2026-08-14|97.1|98.07|96.23|96.7|1124948
HAS|2026-08-17|96.16|96.705|94.8098|95.05|1179263
HAS|2026-08-18|95.8|96.075|93.9022|93.99|1369900
HAS|2026-08-19|93.68|94.95|93.03|93.33|1127546
HAS|2026-08-20|92.31|94.38|92.01|93.56|1136871
HAS|2026-08-21|94.15|94.46|93.3|93.54|1977469
HGTY|2026-06-01|10.32|10.5|10.09|10.29|184915
HGTY|2026-06-02|10.24|10.39|10.07|10.39|120176
HGTY|2026-06-03|10.27|10.27|9.98|10.09|193680
HGTY|2026-06-04|10.11|10.36|10.05|10.16|267911
HGTY|2026-06-05|10.19|10.48|10.13|10.45|118642
HGTY|2026-06-08|10.35|10.57|10.23|10.23|138284
HGTY|2026-06-09|10.29|10.655|10.29|10.62|218711
HGTY|2026-06-10|10.63|11.11|10.5|10.82|152469
HGTY|2026-06-11|10.91|11.11|10.83|10.89|204149
HGTY|2026-06-12|11.01|11.07|10.61|10.84|154234
HGTY|2026-06-15|10.88|11.2002|10.61|10.69|120365
HGTY|2026-06-16|10.77|11.19|10.6401|11.09|211308
HGTY|2026-06-17|11.04|11.19|10.81|10.83|127241
HGTY|2026-06-18|10.88|11|10.71|10.87|218176
HGTY|2026-06-22|10.89|11.19|10.83|10.84|117757
HGTY|2026-06-23|10.98|11.26|10.81|11.23|164121
HGTY|2026-06-24|11.23|11.51|11.22|11.48|280050
HGTY|2026-06-25|11.43|11.62|11.11|11.11|105456
HGTY|2026-06-26|11.18|11.78|11.18|11.76|196964
HGTY|2026-06-29|11.8|11.8146|11.66|11.76|103786
HGTY|2026-06-30|11.73|12.03|11.7|11.92|91302
HGTY|2026-07-01|11.95|12.23|11.88|12.06|226501
HGTY|2026-07-02|12.22|12.41|11.53|12.39|130491
HGTY|2026-07-06|12.37|12.41|12.04|12.25|143076
HGTY|2026-07-07|12.41|12.5|12.08|12.15|135269
HGTY|2026-07-08|12.15|12.31|11.97|12.11|369788
HGTY|2026-07-09|12.22|12.28|12.01|12.28|189259
HGTY|2026-07-10|12.38|12.38|12.14|12.23|75487
HGTY|2026-07-13|12.33|12.575|12.18|12.47|134579
HGTY|2026-07-14|12.36|12.475|12.2243|12.25|100340
HGTY|2026-07-15|12.19|12.19|11.57|11.71|149867
HGTY|2026-07-16|11.76|12.035|11.67|11.95|104928
HGTY|2026-07-17|11.94|12.1|11.81|12.02|117471
HGTY|2026-07-20|11.92|12.02|11.85|11.9|151691
HGTY|2026-07-21|11.9|11.9|11.51|11.72|82916
HGTY|2026-07-22|11.64|11.64|11.25|11.46|84257
HGTY|2026-07-23|11.39|11.59|11.25|11.55|106114
HGTY|2026-07-24|11.62|11.8695|11.545|11.68|76527
HGTY|2026-07-27|11.75|11.97|11.75|11.82|90030
HGTY|2026-07-28|11.87|12.2|11.84|12.16|101471
HGTY|2026-07-29|12.16|12.16|11.79|11.84|100973
HGTY|2026-07-30|11.81|11.81|11.3303|11.52|85488
HGTY|2026-07-31|11.56|11.61|11.34|11.53|80589
HGTY|2026-08-03|11.59|11.715|11.4|11.55|75905
HGTY|2026-08-04|11.54|11.79|11.4|11.72|155247
HGTY|2026-08-05|12.66|13.9699|12.65|13.52|484516
HGTY|2026-08-06|13.62|13.86|13.0393|13.49|226022
HGTY|2026-08-07|13.49|13.94|13.39|13.61|241237
HGTY|2026-08-10|13.54|13.575|13.05|13.12|224820
HGTY|2026-08-11|13.22|13.3999|12.72|12.78|201558
HGTY|2026-08-12|12.86|13.0415|12.64|12.75|102916
HGTY|2026-08-13|12.8|13.09|12.725|12.95|217273
HGTY|2026-08-14|12.98|13.0399|12.76|12.97|88637
HGTY|2026-08-17|12.86|13.135|12.81|12.86|131004
HGTY|2026-08-18|12.9|12.985|12.71|12.81|165866
HGTY|2026-08-19|12.9|13.005|12.7|12.9|95751
HGTY|2026-08-20|12.8|12.98|12.73|12.81|164658
HGTY|2026-08-21|12.91|13.115|12.72|13.08|96623
HLIT|2026-06-01|15.25|15.8894|15.15|15.81|5171447
HLIT|2026-06-02|15.85|16.3775|15.57|15.58|4482450
HLIT|2026-06-03|15.345|15.57|14.575|14.66|4480683
HLIT|2026-06-04|14.41|14.66|14.06|14.61|3533196
HLIT|2026-06-05|14.36|14.59|13.21|13.27|3558185
HLIT|2026-06-08|13.695|14.35|13.42|14.09|2833254
HLIT|2026-06-09|14.15|14.312|13.01|13.41|3022435
HLIT|2026-06-10|13.38|13.99|13.38|13.5|2061193
HLIT|2026-06-11|13.74|14.54|13.62|14.51|2841477
HLIT|2026-06-12|14.51|15.12|14.2666|14.93|2057564
HLIT|2026-06-15|15.51|15.57|14.9|15.07|2292181
HLIT|2026-06-16|15.09|15.26|14.63|14.8|1505139
HLIT|2026-06-17|15.17|15.445|14.81|14.85|3046214
HLIT|2026-06-18|15.39|15.39|14.89|15.08|3655384
HLIT|2026-06-22|15.08|15.38|14.83|14.96|2510787
HLIT|2026-06-23|14.52|14.87|14.1455|14.66|2352103
HLIT|2026-06-24|14.7|14.88|14.3|14.54|1309179
HLIT|2026-06-25|14.78|15.055|14.2701|14.85|1674827
HLIT|2026-06-26|14.515|15.14|14.242|14.9|5829450
HLIT|2026-06-29|14.95|15.79|14.611|15.76|2574477
HLIT|2026-06-30|15.61|16.49|15.53|16.33|2824181
HLIT|2026-07-01|15.99|16.27|15.62|15.78|1937695
HLIT|2026-07-02|15.78|15.8|13.78|14.07|2828202
HLIT|2026-07-06|14.24|14.58|13.87|13.95|1717242
HLIT|2026-07-07|13.64|13.875|13.21|13.43|1871848
HLIT|2026-07-08|13.26|13.76|13.17|13.73|1558901
HLIT|2026-07-09|14.11|14.325|13.965|14.14|1000393
HLIT|2026-07-10|13.95|14.17|13.885|14.05|1031927
HLIT|2026-07-13|13.75|13.935|13.47|13.67|1877712
HLIT|2026-07-14|13.84|13.955|13.5|13.67|1176215
HLIT|2026-07-15|13.88|13.88|12.66|12.99|1225536
HLIT|2026-07-16|12.73|12.81|12.11|12.2|2313036
HLIT|2026-07-17|11.89|12.43|11.75|12.03|1415799
HLIT|2026-07-20|12.22|12.305|11.9|12.03|1270823
HLIT|2026-07-21|12.33|12.49|12.21|12.47|1267517
HLIT|2026-07-22|12.26|12.38|11.94|12|1078301
HLIT|2026-07-23|11.81|12.005|11.44|11.6|1391502
HLIT|2026-07-24|11.61|11.62|11.09|11.19|1391047
HLIT|2026-07-27|11.39|11.44|10.785|11.35|1788332
HLIT|2026-07-28|11.05|11.09|10.54|11.06|1455660
HLIT|2026-07-29|10.99|11.15|10.45|10.6|1327436
HLIT|2026-07-30|11.01|11.255|10.93|11.22|1035774
HLIT|2026-07-31|11.45|11.67|11.22|11.55|1156538
HLIT|2026-08-03|11.495|11.83|11.43|11.8|1033399
HLIT|2026-08-04|12.18|12.535|12.11|12.37|1253111
HLIT|2026-08-05|12.21|12.26|11.87|11.98|1042810
HLIT|2026-08-06|11.86|12.16|11.63|11.68|873710
HLIT|2026-08-07|11.9|11.9598|11.68|11.84|760800
HLIT|2026-08-10|11.89|11.94|11.59|11.6|1150676
HLIT|2026-08-11|11.8|11.88|11.38|11.45|1461339
HLIT|2026-08-12|11.86|12.1|11.72|12|2766122
HLIT|2026-08-13|14.48|15.06|12.76|13.08|6870913
HLIT|2026-08-14|13.18|13.9822|13.18|13.92|2734496
HLIT|2026-08-17|13.84|13.84|13.41|13.43|1379586
HLIT|2026-08-18|12.93|13.305|12.685|12.73|1522665
HLIT|2026-08-19|12.9|12.98|12.53|12.56|1339132
HLIT|2026-08-20|12.47|12.635|12.28|12.37|1119800
HLIT|2026-08-21|12.48|12.6376|12.228|12.47|1173905
HPE|2026-06-01|44.18|47.97|43.4|47|99272617
HPE|2026-06-02|63.06|64.25|53.47|56.15|151867198
HPE|2026-06-03|54.18|55.99|52.61|55.15|55858845
HPE|2026-06-04|53|54.47|52.32|53.69|35158310
HPE|2026-06-05|52.905|53.0543|48.54|49.2|35700115
HPE|2026-06-08|49.95|50.866|48.915|49.87|28052640
HPE|2026-06-09|49.835|50.5|45.73|48.27|27246463
HPE|2026-06-10|47.85|47.97|44.91|45.49|32977399
HPE|2026-06-11|45|46.8|44.74|46.8|23178390
HPE|2026-06-12|46.51|49.78|45.97|48.17|22413189
HPE|2026-06-15|49.475|49.6|48.1|49.02|30419677
HPE|2026-06-16|49.135|50.34|47.98|48.38|23045539
HPE|2026-06-17|49.5|50.45|47.9517|48.2|30118052
HPE|2026-06-18|49.175|49.6|46.93|47.41|52810537
HPE|2026-06-22|48.04|49.63|47.71|48.4|23227285
HPE|2026-06-23|46.25|49.715|45.8304|48.92|20391440
HPE|2026-06-24|48.24|50.2|47.65|48.75|20718954
HPE|2026-06-25|48.1|48.16|46.1|46.72|26523267
HPE|2026-06-26|45.215|45.37|43.13|43.71|36687130
HPE|2026-06-29|43.79|44.78|42.43|44.41|17074152
HPE|2026-06-30|44|45.23|43.47|45.11|19883564
HPE|2026-07-01|44.43|44.5|42.84|43.95|17616134
HPE|2026-07-02|43.5|43.935|40.715|41.23|19089690
HPE|2026-07-06|41.7734|43.845|41.5|43.15|16402726
HPE|2026-07-07|43.445|44.275|42.5|43.47|16460271
HPE|2026-07-08|43.31|45.22|43.29|44.67|18100748
HPE|2026-07-09|45.8845|49.3201|45.64|49.11|24835317
HPE|2026-07-10|49.03|51.08|48.35|48.54|19427319
HPE|2026-07-13|48.19|48.4613|46.46|47.24|18335408
HPE|2026-07-14|48.86|50.045|48.6|49.56|15861358
HPE|2026-07-15|50.31|50.31|45.47|47.39|19852556
HPE|2026-07-16|47.25|47.67|44.74|45.13|27142506
HPE|2026-07-17|44.4|46.825|43.7|45.82|14877060
HPE|2026-07-20|46.12|46.23|44.47|44.56|11850912
HPE|2026-07-21|45.63|46.985|45.59|46.72|12531188
HPE|2026-07-22|47.21|49.68|47|48.13|14775225
HPE|2026-07-23|47.48|49.25|47.4|47.64|11971450
HPE|2026-07-24|48|49.21|47.3414|47.69|11320430
HPE|2026-07-27|48|49.14|46.31|48.19|13738225
HPE|2026-07-28|46.32|46.51|43.3|45.59|20899597
HPE|2026-07-29|45.25|46.66|44.18|44.44|12208782
HPE|2026-07-30|46.29|47.245|45.46|47.14|20253670
HPE|2026-07-31|49|49.89|46.82|47.9|17192489
HPE|2026-08-03|47.51|50.56|46.3|50.24|16799312
HPE|2026-08-04|52.61|53.415|50.3868|52.39|25521028
HPE|2026-08-05|52|54.6299|51.7|53.22|17286771
HPE|2026-08-06|51.38|53.22|49.1201|52.43|16504499
HPE|2026-08-07|53.48|53.565|50.65|53.22|13971537
HPE|2026-08-10|55.4|56.463|54.17|54.68|15684273
HPE|2026-08-11|54.6|54.92|52.6101|54.38|10800199
HPE|2026-08-12|55.71|58.9|55.06|58.79|22021347
HPE|2026-08-13|61.2|63.44|59.68|59.82|26088469
HPE|2026-08-14|60.48|60.48|58.6|58.71|11733123
HPE|2026-08-17|59.24|59.24|57.09|57.61|10816559
HPE|2026-08-18|55.86|58.09|54.87|55.69|18997125
HPE|2026-08-19|55.69|55.94|51.59|53.13|17694689
HPE|2026-08-20|53.35|54.135|52.51|52.89|11146565
HPE|2026-08-21|53.3|54.1|52.75|53.45|7691553
HTFL|2026-06-01|30.93|32.41|30.61|31|1245872
HTFL|2026-06-02|31|31.335|29.5|29.55|727002
HTFL|2026-06-03|29.15|29.4|27.68|28.85|1309520
HTFL|2026-06-04|29.15|30.55|28.5|28.81|1469207
HTFL|2026-06-05|28.84|29.29|28.06|28.1|730476
HTFL|2026-06-08|28.79|29.28|28.31|28.45|667910
HTFL|2026-06-09|28.76|29.66|27.98|28.67|652017
HTFL|2026-06-10|28.5|30.42|28.28|29.43|1668796
HTFL|2026-06-11|29.5|31.33|28.95|30.67|1357298
HTFL|2026-06-12|30.77|33.67|30|33.24|1889853
HTFL|2026-06-15|33.31|34.31|32.47|32.82|1120436
HTFL|2026-06-16|32.8|34.1499|31.84|32.05|1789611
HTFL|2026-06-17|32.35|33.82|32.045|32.84|1483281
HTFL|2026-06-18|33.47|33.9218|32.69|33.64|1805292
HTFL|2026-06-22|33.59|34.8899|33.35|33.84|1651940
HTFL|2026-06-23|33.35|34.7875|32.97|34.48|1428044
HTFL|2026-06-24|34.67|35.79|34.07|34.91|1687682
HTFL|2026-06-25|34.83|35.85|34.01|34.98|1169779
HTFL|2026-06-26|34.64|36.4575|34.25|35.65|12523557
HTFL|2026-06-29|35.45|36.063|34|34.85|1700247
HTFL|2026-06-30|34.3|35.68|28.6029|29.34|4813333
HTFL|2026-07-01|29.35|30.77|28.89|30.71|2020428
HTFL|2026-07-02|30.93|30.98|27.63|27.965|1892277
HTFL|2026-07-06|27.8|29.36|27.095|27.11|1579553
HTFL|2026-07-07|27.45|27.88|26.66|27.29|1377638
HTFL|2026-07-08|27.31|27.65|25.8|26.15|1280738
HTFL|2026-07-09|26.19|27.78|26.09|27.72|1061041
HTFL|2026-07-10|27.75|28.35|26.285|26.72|923956
HTFL|2026-07-13|26.82|27.36|26.04|26.16|1054636
HTFL|2026-07-14|26.25|26.64|25.065|25.49|1970442
HTFL|2026-07-15|25.72|28.105|25.36|27.25|1113528
HTFL|2026-07-16|27.13|28|25.846|25.97|880193
HTFL|2026-07-17|25.38|25.65|24.5|24.88|1023010
HTFL|2026-07-20|24.66|25.16|24.07|24.56|1105698
HTFL|2026-07-21|24.66|25.715|24.5612|25.44|895961
HTFL|2026-07-22|25.18|25.61|23.87|24.23|1085054
HTFL|2026-07-23|24.11|24.66|23.89|24.61|1066838
HTFL|2026-07-24|24.98|25.98|24.04|24.12|878970
HTFL|2026-07-27|24.48|25.645|24.25|25.37|1690777
HTFL|2026-07-28|25.25|26.16|24.65|25.59|1486112
HTFL|2026-07-29|25.35|25.96|24.87|25.04|1002033
HTFL|2026-07-30|25.08|26.24|24.99|25.83|914876
HTFL|2026-07-31|26.46|26.715|24.94|25.23|683328
HTFL|2026-08-03|25.92|27.34|25.38|26.76|838667
HTFL|2026-08-04|26.54|27.525|26.54|27.28|615794
HTFL|2026-08-05|26.91|27.51|26.86|27.17|907702
HTFL|2026-08-06|27|27.5199|26.9|27.19|471027
HTFL|2026-08-07|27.54|29.06|27.54|28.82|746207
HTFL|2026-08-10|28.31|30.33|28.0937|29.35|845488
HTFL|2026-08-11|29.42|30.12|29.33|29.54|556326
HTFL|2026-08-12|29.59|30.22|28.65|29.85|1080859
HTFL|2026-08-13|29.79|31.72|29.27|31.01|1790352
HTFL|2026-08-14|39.06|43|36.0366|42.08|9897050
HTFL|2026-08-17|41.23|43.28|41.0046|41.94|4098907
HTFL|2026-08-18|41.5|45.33|40.67|45.23|4167360
HTFL|2026-08-19|46.02|47.225|44.535|45.53|2938514
HTFL|2026-08-20|45.9|47.95|45.6|46.8|1989624
HTFL|2026-08-21|47.35|50.48|46.75|49.75|2460992
HUT|2026-06-01|123.03|134.3847|120.05|132.38|4286970
HUT|2026-06-02|134.19|140.8|130.53|133.02|3635228
HUT|2026-06-03|133.83|135.31|126.84|131.29|3260125
HUT|2026-06-04|124.69|130.58|120.4189|127.76|3582438
HUT|2026-06-05|122.25|122.62|108.12|112.24|5999229
HUT|2026-06-08|119|121.38|113.64|119.6|3586210
HUT|2026-06-09|122.9|124.9799|107.32|112.65|4521307
HUT|2026-06-10|111|116.89|104.2501|105.68|2672128
HUT|2026-06-11|107.64|117.24|107.35|116.31|4236780
HUT|2026-06-12|116.75|124.3|115.02|118.86|2825983
HUT|2026-06-15|125.99|128.6|118.74|120.18|3616979
HUT|2026-06-16|121.25|124.95|119.24|121.48|3470407
HUT|2026-06-17|121.39|126.28|118.08|118.88|4703227
HUT|2026-06-18|123.37|126.92|119.15|124.44|4289590
HUT|2026-06-22|127.63|129.88|118.6006|121.04|3816988
HUT|2026-06-23|113.22|124.29|111.11|120.51|3559878
HUT|2026-06-24|120|120.47|111.5101|116.1|3855692
HUT|2026-06-25|120.1|121.9948|109.3|117.68|3165410
HUT|2026-06-26|113.71|123.88|109.51|123.02|11570291
HUT|2026-06-29|125.26|126.4585|111.25|118.27|3917147
HUT|2026-06-30|115.25|117.45|112.7322|115.445|3378225
HUT|2026-07-01|110|111.86|98.67|105.79|6177633
HUT|2026-07-02|106.84|108.49|94.0183|97.14|5616262
HUT|2026-07-06|103.48|109.8|101.7|103.78|4201566
HUT|2026-07-07|101.59|102.19|92.56|96.74|4143287
HUT|2026-07-08|95.295|106.39|94.49|106.11|3440588
HUT|2026-07-09|110.5|112.39|105.72|106.22|3076931
HUT|2026-07-10|106.11|107.0227|99.91|102.22|2541458
HUT|2026-07-13|100.28|102.28|95.825|99.17|2562922
HUT|2026-07-14|103.11|104|96.07|98.33|2693914
HUT|2026-07-15|99.45|106.135|95.64|103.03|3958740
HUT|2026-07-16|98.13|101.67|90.02|91.91|4453898
HUT|2026-07-17|87.02|96.02|83.3|91.45|4602397
HUT|2026-07-20|101.51|107|99.1|100.93|7256423
HUT|2026-07-21|104.66|110.47|103.8009|108.98|4267731
HUT|2026-07-22|105.12|114.6|105.0701|109.86|2746661
HUT|2026-07-23|111.03|120.38|110.23|117.67|6121676
HUT|2026-07-24|116.26|117.98|109|109.99|3660789
HUT|2026-07-27|111.8|112.6|100.88|104.59|3972828
HUT|2026-07-28|100.69|103.04|91.6|101.14|4647306
HUT|2026-07-29|100.01|100.34|86.89|88.18|7172613
HUT|2026-07-30|98.2|108.73|97.57|108.27|5482973
HUT|2026-07-31|114.22|116.72|104.62|107.63|4553017
HUT|2026-08-03|103.9|113.415|101.5|112.08|3474826
HUT|2026-08-04|103.51|110.93|100.85|101.16|6944621
HUT|2026-08-05|101.58|104.8|92.57|92.76|4671422
HUT|2026-08-06|90.25|96.51|88.01|90.65|3022504
HUT|2026-08-07|93.88|95.25|85.045|88.59|6820226
HUT|2026-08-10|88.42|90.565|85.55|85.66|3219271
HUT|2026-08-11|90.22|93.9864|88.69|88.78|3437902
HUT|2026-08-12|95.525|96.75|89.6349|90.77|4511004
HUT|2026-08-13|90.4|93.19|82.91|82.95|5964917
HUT|2026-08-14|81.7|88.055|80.51|85.44|5427557
HUT|2026-08-17|85.86|88.12|83.94|88.04|3941690
HUT|2026-08-18|85|85.75|80.25|80.79|6026841
HUT|2026-08-19|81.09|83|76.03|82.08|5671541
HUT|2026-08-20|82.23|89.16|81.73|88.65|4439090
HUT|2026-08-21|92.41|94.22|77.3501|80.86|9548095
IART|2026-06-01|15.94|16.05|15.35|15.67|800341
IART|2026-06-02|15.7|16.04|15.41|15.67|1143156
IART|2026-06-03|15.47|16.18|15.36|16.1|765737
IART|2026-06-04|16.33|17.73|16.265|17.56|984790
IART|2026-06-05|17.49|17.83|16.775|16.99|759838
IART|2026-06-08|17.075|17.42|16.905|16.94|927800
IART|2026-06-09|17.2|18.05|17.08|17.9|1091062
IART|2026-06-10|17.84|18.015|17.05|17.09|691228
IART|2026-06-11|17.21|17.58|16.75|17.51|580472
IART|2026-06-12|17.42|17.88|17.245|17.77|534399
IART|2026-06-15|18.09|18.19|17.39|17.46|891529
IART|2026-06-16|17.5|17.8768|17.48|17.71|861973
IART|2026-06-17|17.66|17.8068|17.09|17.2|791245
IART|2026-06-18|18.14|18.295|17.5|17.58|2322858
IART|2026-06-22|17.7|17.82|17.37|17.6|841098
IART|2026-06-23|17.41|18.11|17.14|17.69|860641
IART|2026-06-24|17.86|18.25|17.665|17.78|720005
IART|2026-06-25|17.965|18.53|17.74|18.1|847868
IART|2026-06-26|18|18.9|18|18.76|2156605
IART|2026-06-29|18.66|18.9199|18.32|18.74|987428
IART|2026-06-30|18.64|18.64|17.9|17.96|935940
IART|2026-07-01|18.07|18.52|17.86|17.89|803323
IART|2026-07-02|18.06|18.34|17.76|18.05|682935
IART|2026-07-06|18.09|18.53|17.8|18.18|881999
IART|2026-07-07|18.748|18.75|17.305|17.46|1106163
IART|2026-07-08|17.2|17.565|17.1|17.3|702376
IART|2026-07-09|17.3|18.41|17.01|18.39|939722
IART|2026-07-10|18.39|18.86|18.32|18.79|951869
IART|2026-07-13|18.67|18.91|18.18|18.58|803304
IART|2026-07-14|18.63|18.78|18.05|18.4|1064198
IART|2026-07-15|18.46|19.13|18.36|18.78|771962
IART|2026-07-16|19.04|20.26|18.925|19.85|1316626
IART|2026-07-17|19.55|19.84|19.14|19.25|945231
IART|2026-07-20|19.48|19.52|18.87|18.89|715054
IART|2026-07-21|18.85|19.295|18.6101|19.01|785875
IART|2026-07-22|18.84|19.06|18.485|18.82|802794
IART|2026-07-23|18.54|18.87|18.29|18.56|609264
IART|2026-07-24|18.75|19.84|18.56|19.79|901081
IART|2026-07-27|20.08|20.4|19.33|19.53|1015190
IART|2026-07-28|19.53|20.49|19.42|19.76|1166324
IART|2026-07-29|18.51|19|16.04|16.49|2550834
IART|2026-07-30|16.49|17.985|16.36|17.12|1707498
IART|2026-07-31|17.15|17.59|16.24|16.65|934029
IART|2026-08-03|17.07|18.335|17.065|17.88|1278775
IART|2026-08-04|17.95|18|17.62|17.9|748505
IART|2026-08-05|17.75|17.9|17.49|17.68|606021
IART|2026-08-06|17.6|17.73|17.045|17.1|562640
IART|2026-08-07|17.25|17.62|16.99|17.25|637394
IART|2026-08-10|17.22|17.515|17|17.07|686185
IART|2026-08-11|17.19|17.78|17.19|17.37|609917
IART|2026-08-12|17.51|17.51|17|17.38|465793
IART|2026-08-13|17.95|18.645|17.94|18.24|794715
IART|2026-08-14|18.1|18.45|17.73|18.34|451191
IART|2026-08-17|18.06|18.13|17.62|17.66|541153
IART|2026-08-18|17.77|18.15|17.5|17.55|541259
IART|2026-08-19|17.65|18.37|17.16|17.24|652350
IART|2026-08-20|17.01|17.465|16.555|16.59|582314
IART|2026-08-21|16.81|16.935|16.44|16.74|550937
IBRX|2026-06-01|7.37|7.515|7.11|7.24|20326720
IBRX|2026-06-02|7.24|7.28|7.02|7.23|13619330
IBRX|2026-06-03|7.23|7.3|7.025|7.18|8916234
IBRX|2026-06-04|7.21|7.47|7.1225|7.29|9543631
IBRX|2026-06-05|7.15|7.29|6.7945|6.92|13763925
IBRX|2026-06-08|7.12|7.31|6.97|7.17|11301206
IBRX|2026-06-09|7.29|7.44|6.92|7.25|12639034
IBRX|2026-06-10|7.16|7.41|6.98|6.98|9355402
IBRX|2026-06-11|6.995|7.26|6.9167|7.2|8551311
IBRX|2026-06-12|7.24|7.318|7.04|7.1|8783029
IBRX|2026-06-15|7.25|7.34|7.05|7.13|8067133
IBRX|2026-06-16|7.12|7.215|6.685|6.72|12702671
IBRX|2026-06-17|6.75|7.25|6.7068|6.99|13107387
IBRX|2026-06-18|7.15|7.455|7.03|7.36|14269148
IBRX|2026-06-22|7.49|7.55|7.17|7.22|9796872
IBRX|2026-06-23|7.05|7.6|7|7.32|11179382
IBRX|2026-06-24|7.34|7.965|7.26|7.8|15530792
IBRX|2026-06-25|7.7|7.895|7.51|7.79|9358458
IBRX|2026-06-26|7.74|8.85|7.67|8.71|40948660
IBRX|2026-06-29|8.36|9.08|8.3335|8.77|15721592
IBRX|2026-06-30|8.8|9|8.565|8.755|9281860
IBRX|2026-07-01|8.645|9.335|8.51|9.2|16253336
IBRX|2026-07-02|9.23|9.6|9.0301|9.44|14609405
IBRX|2026-07-06|9.3|9.53|8.63|8.91|13443884
IBRX|2026-07-07|8.96|9.0099|8.335|8.76|11043044
IBRX|2026-07-08|8.72|9.205|8.61|8.8|9712769
IBRX|2026-07-09|8.78|9.09|8.63|8.87|11337536
IBRX|2026-07-10|8.92|8.92|8.05|8.22|12797264
IBRX|2026-07-13|8.05|8.16|7.73|7.79|9872977
IBRX|2026-07-14|7.83|7.99|7.65|7.88|7371125
IBRX|2026-07-15|7.75|7.87|7.56|7.73|6652698
IBRX|2026-07-16|7.61|7.66|7.33|7.45|7678007
IBRX|2026-07-17|7.28|7.79|7.26|7.68|9013840
IBRX|2026-07-20|7.66|7.79|7.43|7.495|7221521
IBRX|2026-07-21|7.58|8.14|7.54|8.07|8609640
IBRX|2026-07-22|7.95|8.1|7.495|7.51|8827142
IBRX|2026-07-23|7.36|7.57|7.33|7.4|6072846
IBRX|2026-07-24|7.4|7.451|7.0637|7.1|8501299
IBRX|2026-07-27|7.25|7.37|6.9|6.99|10488275
IBRX|2026-07-28|6.93|6.99|6.65|6.97|11789940
IBRX|2026-07-29|6.98|7.13|6.735|6.83|8203196
IBRX|2026-07-30|7.22|7.47|7|7.45|10923573
IBRX|2026-07-31|7.45|7.62|7.1|7.17|9245397
IBRX|2026-08-03|7.18|7.415|7.1|7.15|8692159
IBRX|2026-08-04|6.76|7.26|6.7|6.95|18932610
IBRX|2026-08-05|6.96|7.41|6.94|7.25|11458827
IBRX|2026-08-06|7.24|7.49|7.185|7.32|7763270
IBRX|2026-08-07|7.4|7.65|7.25|7.64|9359086
IBRX|2026-08-10|7.51|7.7|7.42|7.49|5989714
IBRX|2026-08-11|7.54|7.66|7.48|7.6|5023600
IBRX|2026-08-12|7.71|7.82|7.6|7.74|5323986
IBRX|2026-08-13|7.8|7.955|7.59|7.65|5989661
IBRX|2026-08-14|7.59|7.59|7.4301|7.57|4885665
IBRX|2026-08-17|7.55|7.95|7.44|7.92|6790885
IBRX|2026-08-18|7.785|7.83|7.54|7.72|5410125
IBRX|2026-08-19|8.08|8.27|7.94|8.13|12940823
IBRX|2026-08-20|7.9|8|7.74|7.84|8070486
IBRX|2026-08-21|7.85|7.95|7.6|7.79|7568840
IDCC|2026-06-01|255.07|259.34|251.778|258.34|347573
IDCC|2026-06-02|255.01|259.38|253.68|259|281753
IDCC|2026-06-03|257.65|257.97|251.79|256.64|333859
IDCC|2026-06-04|257.23|264.45|255.0501|261.07|275874
IDCC|2026-06-05|259.99|262.22|257.51|260.64|380038
IDCC|2026-06-08|260.51|266.68|255.51|255.6|344303
IDCC|2026-06-09|256.11|261.38|249.47|257.11|292468
IDCC|2026-06-10|255.86|262.32|251.99|253.91|316506
IDCC|2026-06-11|275|298.8|272.3501|276.66|1087871
IDCC|2026-06-12|276.64|292.15|276.57|283.73|595411
IDCC|2026-06-15|286.05|292.91|283.32|288.87|305236
IDCC|2026-06-16|288.69|298.82|285.86|287.15|556650
IDCC|2026-06-17|290.03|294.395|283.295|286.1|458685
IDCC|2026-06-18|288.85|298.69|286.19|296.04|896208
IDCC|2026-06-22|292.075|301.84|292.075|297.84|499872
IDCC|2026-06-23|290.12|295.39|275.545|279.17|397327
IDCC|2026-06-24|277.38|282.76|272.44|274.05|432860
IDCC|2026-06-25|273.31|277.59|270|273.2|462574
IDCC|2026-06-26|269.1|279.8|268.72|275.86|786160
IDCC|2026-06-29|276.57|281.4299|270.325|277.07|287887
IDCC|2026-06-30|275.59|285.21|275.53|283.13|296155
IDCC|2026-07-01|282.4|289.045|275.461|282.26|241787
IDCC|2026-07-02|282.26|284.175|277.3|281.4|190542
IDCC|2026-07-06|282|291.13|279.11|282.89|289883
IDCC|2026-07-07|279.48|282.63|274.35|276.02|210816
IDCC|2026-07-08|274.49|281.875|264.445|267.76|370110
IDCC|2026-07-09|269.5|275.37|265.815|266.28|228321
IDCC|2026-07-10|265.01|268.09|263.3601|264.88|214704
IDCC|2026-07-13|262.62|267.345|257|261.52|359222
IDCC|2026-07-14|261.76|269.89|261.2|265.485|220761
IDCC|2026-07-15|268.08|271.06|262.37|270.21|183311
IDCC|2026-07-16|268.37|271.495|257.47|265.59|301621
IDCC|2026-07-17|256.69|266.2499|256.18|260.45|257173
IDCC|2026-07-20|260.59|264.21|253.98|258.18|271205
IDCC|2026-07-21|262.05|264.66|257.52|264.37|210145
IDCC|2026-07-22|260.93|264.28|256.645|259.08|254117
IDCC|2026-07-23|255.23|259.7599|254.01|256.06|168661
IDCC|2026-07-24|256.77|262.205|253.6384|258.3|175999
IDCC|2026-07-27|263.09|263.09|253.65|259.26|155447
IDCC|2026-07-28|258.51|262.43|253.8|260.2|153055
IDCC|2026-07-29|259.78|267.48|255.735|261.14|362180
IDCC|2026-07-30|307.974|312.555|283.08|303.33|664846
IDCC|2026-07-31|308.94|309.88|293.41|304.825|377506
IDCC|2026-08-03|306.16|311.19|301.8401|309.23|307466
IDCC|2026-08-04|311.99|324|311.99|323.17|260328
IDCC|2026-08-05|324.88|331.61|324.12|330.54|238112
IDCC|2026-08-06|331.57|335.97|327.05|328.41|195334
IDCC|2026-08-07|331.06|345|331.06|344.56|174316
IDCC|2026-08-10|344.56|351.33|340.705|348.25|280090
IDCC|2026-08-11|349.27|350.89|336.65|338.07|208164
IDCC|2026-08-12|339.54|352|335.15|351.43|167364
IDCC|2026-08-13|351.43|352.99|341.21|344.07|211809
IDCC|2026-08-14|344.07|347.1099|341.3|343.65|167266
IDCC|2026-08-17|343.61|351|340.82|348.39|230438
IDCC|2026-08-18|348.15|349.52|335.19|335.77|171194
IDCC|2026-08-19|340.57|345.52|331.35|344.86|166580
IDCC|2026-08-20|342.29|347.91|339.4501|341.93|168410
IDCC|2026-08-21|341.69|344.925|334.83|342.42|163779
INSM|2026-06-01|106.09|106.79|102.805|106.03|3355327
INSM|2026-06-02|104.09|104.45|100.56|103.73|2401991
INSM|2026-06-03|102.27|105.2037|101.73|103.86|2916304
INSM|2026-06-04|103.385|105.29|102.89|104.92|1849031
INSM|2026-06-05|103.78|105|92.81|94.22|7955428
INSM|2026-06-08|94.45|96.77|92.0701|94.17|4950172
INSM|2026-06-09|95.75|99.55|95.43|99.04|4220746
INSM|2026-06-10|98.28|99.25|90.39|91.88|5394525
INSM|2026-06-11|92.3|98.18|91.37|96.72|5104293
INSM|2026-06-12|95.12|98.51|93.92|97.85|4528997
INSM|2026-06-15|98.85|100.17|97.035|97.46|3788476
INSM|2026-06-16|97.5|98.1|93.92|95.52|3422965
INSM|2026-06-17|95.18|99.15|94.22|98.45|3470227
INSM|2026-06-18|100.11|100.25|94|95.8|23342404
INSM|2026-06-22|95.82|99.88|95.27|98.605|4233389
INSM|2026-06-23|98.84|103.15|97.6|102.15|4199513
INSM|2026-06-24|103.4|107.2|102.305|103.46|3108048
INSM|2026-06-25|103|107.489|101.67|104.47|4410908
INSM|2026-06-26|105.11|108.14|102.59|103.38|6250096
INSM|2026-06-29|105.36|106.391091|103.08|104.74|2737394
INSM|2026-06-30|105.84|108.67|104.64|106.62|3346633
INSM|2026-07-01|107.68|109.19|106.0101|107|2348650
INSM|2026-07-02|107.5|111.92|107.06|111.6|2746919
INSM|2026-07-06|110.6|112.57|108.55|111.54|2204534
INSM|2026-07-07|113.21|114.69|111.4701|112.84|1659107
INSM|2026-07-08|111.925|116.985|111.01|116.53|2834258
INSM|2026-07-09|116.44|119.54|116.01|118.26|3166980
INSM|2026-07-10|118.09|118.94|112.795|115.61|2931244
INSM|2026-07-13|114.25|115.55|108.02|109.14|2824257
INSM|2026-07-14|109.14|110.665|107.33|110.11|1825102
INSM|2026-07-15|111|111.6|108.34|109.81|2116473
INSM|2026-07-16|109.93|110.295|105.07|107.46|2756451
INSM|2026-07-17|105.2|110.575551|105.2|108.32|2002555
INSM|2026-07-20|108.24|109.8|106.63|107.02|2015728
INSM|2026-07-21|107.87|109.42|106.41|108.62|2447075
INSM|2026-07-22|109.47|109.99|106.12|106.64|1770506
INSM|2026-07-23|105.8|107.88|105.09|107.41|1752753
INSM|2026-07-24|106.49|108.27|105.77|106.92|1899946
INSM|2026-07-27|106.93|107.3699|104.5|104.73|1899558
INSM|2026-07-28|104.73|105.76|103.18|104.13|1945325
INSM|2026-07-29|103.98|106.26|102.81|103.12|2195179
INSM|2026-07-30|101.63|102.098|99.03|101.49|3362237
INSM|2026-07-31|101.25|101.91|97.05|98.6|2899156
INSM|2026-08-03|98.2|99.9999|96.42|98.45|3546437
INSM|2026-08-04|98.975|99.48|97.86|98.75|4290683
INSM|2026-08-05|99.16|100.95|98.64|99.02|4897070
INSM|2026-08-06|128.22|137.7|126.15|132.55|11926574
INSM|2026-08-07|134.99|135.485|126.44|131.1|4903550
INSM|2026-08-10|129.98|135.5|129.5|134.75|3566806
INSM|2026-08-11|134.55|135.3|131.67|132.57|2728409
INSM|2026-08-12|132.31|135.26|130.8001|132.28|1562406
INSM|2026-08-13|132.5|133.16|126.13|126.33|2474629
INSM|2026-08-14|125.67|126.845|122.21|123.74|1956476
INSM|2026-08-17|124.71|128.46|124.6964|128.32|1898233
INSM|2026-08-18|128.07|128.93|126.39|128.46|1266559
INSM|2026-08-19|129.85|131.1|127.42|130.66|1484727
INSM|2026-08-20|128.36|130.27|124.6|125.08|1761107
INSM|2026-08-21|125.22|127.2|124.82|125.77|1094404
IREN|2026-06-01|62.2|66.5|60.26|65.33|55894522
IREN|2026-06-02|64.58|69.57|64.26|66.6|51470294
IREN|2026-06-03|68.815|70.7066|64.46|65.48|58587995
IREN|2026-06-04|62.13|62.91|59.68|61.86|46954384
IREN|2026-06-05|59.31|59.31|51.04|54.35|63486499
IREN|2026-06-08|56.6|59.67|55.14|59.19|40890656
IREN|2026-06-09|58.96|60.86|51.145|54.02|57024972
IREN|2026-06-10|53.92|56.46|51.22|51.52|39859658
IREN|2026-06-11|51.19|57.09|50.75|56.71|47539833
IREN|2026-06-12|56.505|61.4|55.94|59.77|45064960
IREN|2026-06-15|62.32|63.17|60.3401|60.85|33006899
IREN|2026-06-16|60.06|62.02|58.94|59.18|31892323
IREN|2026-06-17|58.965|61.67|57.71|58.11|35888344
IREN|2026-06-18|61.275|61.53|58|59.96|38444566
IREN|2026-06-22|60.68|61.28|56.3001|56.87|34696243
IREN|2026-06-23|53.455|57.54|52.75|54.72|32062855
IREN|2026-06-24|54.092|54.79|48.8401|50.3|38014712
IREN|2026-06-25|52.22|52.29|47.15|47.74|35856341
IREN|2026-06-26|46.65|48.386|45.05|47.21|50691891
IREN|2026-06-29|48.605|48.9813|43.89|45.91|34312352
IREN|2026-06-30|45.7|46.76|44.5|45.73|28037356
IREN|2026-07-01|44.045|44.8|41.76|43.32|41439413
IREN|2026-07-02|42.525|43.4178|37.66|38.82|59985275
IREN|2026-07-06|41.97|44.9699|41.75|43.91|53476008
IREN|2026-07-07|42.235|42.71|39.195|39.815|41974082
IREN|2026-07-08|40.74|43.06|40.275|43.005|34662647
IREN|2026-07-09|44.495|45.54|41.58|41.72|37666766
IREN|2026-07-10|42.61|42.61|39.965|41.14|29898033
IREN|2026-07-13|40.34|42.17|38.08|38.98|35799864
IREN|2026-07-14|40.05|40.62|37.04|38.59|34365259
IREN|2026-07-15|39.115|40.445|37.9538|38.28|35308110
IREN|2026-07-16|37.09|37.42|34.4401|34.83|40917768
IREN|2026-07-17|33.79|34.92|32.22|33.62|40263752
IREN|2026-07-20|36.392|41.095|36.31|40.2|90414302
IREN|2026-07-21|40.91|42.68|40.34|41.29|50791818
IREN|2026-07-22|40.3|43.72|40.25|41.28|41078948
IREN|2026-07-23|40.6|43.429|40.35|40.58|41631883
IREN|2026-07-24|40.015|40.23|37.02|37.07|34322869
IREN|2026-07-27|37.59|38.4992|34.88|36.29|34759234
IREN|2026-07-28|35.015|35.09|32.54|33.93|47198555
IREN|2026-07-29|34.075|34.24|28.93|29.31|70111250
IREN|2026-07-30|32.505|38.335|32.32|38.26|72146076
IREN|2026-07-31|40.815|40.815|35.16|36.8|63490325
IREN|2026-08-03|36.52|40.21|35.46|39.75|42911009
IREN|2026-08-04|39.22|42.24|39.2|40.85|39532032
IREN|2026-08-05|40.05|41.16|38.89|38.89|33622823
IREN|2026-08-06|37.255|40.4695|37.08|37.93|30802981
IREN|2026-08-07|39.47|41.3|37.3|41.23|30896228
IREN|2026-08-10|41.28|41.31|38.69|38.74|31321036
IREN|2026-08-11|40.2|40.9562|39.35|39.75|38828037
IREN|2026-08-12|43.585|44.67|42.06|43.67|47904104
IREN|2026-08-13|45.98|49.185|43.99|44.76|82535563
IREN|2026-08-14|44.09|46.43|43.69|44.06|37334058
IREN|2026-08-17|45.23|46.5899|43.8651|44.9|39768917
IREN|2026-08-18|43.56|45.28|41.5801|42|42854966
IREN|2026-08-19|41.415|43.49|39.48|42.84|43569184
IREN|2026-08-20|42.46|43.58|41.1105|42.6|35019060
IREN|2026-08-21|44|45.93|40.86|41.88|48843305
JBL|2026-06-01|355|364.63|353.7479|359.97|1434550
JBL|2026-06-02|368.21|374.17|366.43|373.16|1565075
JBL|2026-06-03|375.75|384.7|374|379.04|1291655
JBL|2026-06-04|368.58|378.74|359.54|373.82|1023618
JBL|2026-06-05|369.32|369.32|350.205|353.24|1010317
JBL|2026-06-08|362.035|366.34|353.49|363.95|894904
JBL|2026-06-09|374.64|376.58|341.47|362.38|1192376
JBL|2026-06-10|364.87|372.79|351.1525|352.36|905537
JBL|2026-06-11|360|377.57|359.28|376.89|997267
JBL|2026-06-12|379.4|386.64|374.775|384.82|965223
JBL|2026-06-15|398.11|398.89|383.8501|385.63|1170099
JBL|2026-06-16|387.81|389.95|374.6|375.51|1611647
JBL|2026-06-17|412.36|428.9322|374.11|374.98|2917222
JBL|2026-06-18|388.3|390.05|366.2101|371.88|2696027
JBL|2026-06-22|376|379|362|377.24|1482313
JBL|2026-06-23|361.2|373.74|359|372.99|2333436
JBL|2026-06-24|370|386.87|365|371.8|2124757
JBL|2026-06-25|378.38|383.94|370.01|374.64|1513921
JBL|2026-06-26|364.37|369.97|356|358.6|3717270
JBL|2026-06-29|359|373.61|350.25|373.58|1525145
JBL|2026-06-30|374.73|386.38|373.58|385.48|1684029
JBL|2026-07-01|377.66|379.19|367.59|375.34|1189259
JBL|2026-07-02|372.22|374|338.73|341.3|1173079
JBL|2026-07-06|341.23|351.06|335.68|338.22|1513710
JBL|2026-07-07|329.43|329.43|310.01|321.08|1531914
JBL|2026-07-08|317.96|326.05|313.05|325.21|1199370
JBL|2026-07-09|335.11|342.11|332.12|332.51|1141910
JBL|2026-07-10|330.17|333.7996|327.12|330.29|759037
JBL|2026-07-13|325.34|328.39|318.43|321.96|1154380
JBL|2026-07-14|329.915|331.75|320.46|326.82|816001
JBL|2026-07-15|330|330.05|313.73|319.18|1021960
JBL|2026-07-16|313.75|315.63|305.25|307.06|1044387
JBL|2026-07-17|299.93|304.875|290.4301|301.01|1691834
JBL|2026-07-20|304|309.97|303.38|305.91|885199
JBL|2026-07-21|315.56|320.305|312.17|318.93|908661
JBL|2026-07-22|314.16|324.29|314.16|318.29|751984
JBL|2026-07-23|314.64|325.265|313.08|322.04|860062
JBL|2026-07-24|319.09|322|309.835|312.59|914156
JBL|2026-07-27|311.42|315.115|298.35|311.49|906865
JBL|2026-07-28|304.97|306.36|290|302.95|1256193
JBL|2026-07-29|300.18|300.18|285.8|287.14|1561484
JBL|2026-07-30|297.945|309.14|296.57|308.52|1242949
JBL|2026-07-31|327.12|328.4|309.3|315.05|1266508
JBL|2026-08-03|304.66|321.94|301.0216|318.39|926439
JBL|2026-08-04|329.31|345.53|327.62|340|999850
JBL|2026-08-05|337.39|346.56|337.06|338.62|997415
JBL|2026-08-06|336.58|351.67|334.45|344.67|1022530
JBL|2026-08-07|347.32|351.23|338.5|341.22|1041808
JBL|2026-08-10|345.04|349.25|336.5|336.63|605399
JBL|2026-08-11|350.155|357.72|346.73|356.61|1441394
JBL|2026-08-12|365.8|370.5|363.5819|366.16|1414020
JBL|2026-08-13|366|376.97|364.41|370.36|938205
JBL|2026-08-14|369.69|370.38|360.51|363.1|942424
JBL|2026-08-17|365.77|372.23|364.705|369.89|699453
JBL|2026-08-18|359.78|362.14|337.5|338.62|1106644
JBL|2026-08-19|347.24|347.24|321.62|322.77|917079
JBL|2026-08-20|320.17|323.785|315.48|316.65|891021
JBL|2026-08-21|320.55|321.4842|311.22|313.21|769709
KFRC|2026-06-01|47.6|48.81|47.06|48.2|203623
KFRC|2026-06-02|47.25|48.2|46.73|47.91|160968
KFRC|2026-06-03|47.1|47.12|45.85|46.42|151138
KFRC|2026-06-04|47.65|48.49|47.3101|48.06|130413
KFRC|2026-06-05|48.46|48.525|47.39|47.55|131396
KFRC|2026-06-08|47.82|48.58|47.57|47.89|150354
KFRC|2026-06-09|47.9|48.465|46.96|47.89|170270
KFRC|2026-06-10|48.13|49.77|47.77|49.16|176991
KFRC|2026-06-11|49.23|49.97|48.925|49.9|133901
KFRC|2026-06-12|49.04|50.7|48.51|50|140010
KFRC|2026-06-15|49.16|50.46|47.62|47.67|212033
KFRC|2026-06-16|47.88|48.67|47.16|47.81|136682
KFRC|2026-06-17|47.62|48.94|46.42|46.72|164777
KFRC|2026-06-18|45.91|46.515|43.84|45.39|220496
KFRC|2026-06-22|44.97|45.345|43.68|43.94|196143
KFRC|2026-06-23|44.53|45.905|44.195|45.57|160173
KFRC|2026-06-24|45.78|47.025|45.57|46.93|136292
KFRC|2026-06-25|46.6|47.64|46.0101|47.07|113962
KFRC|2026-06-26|47.41|49.65|47.295|49.51|353505
KFRC|2026-06-29|49.27|49.73|48.45|49.41|169167
KFRC|2026-06-30|49.12|49.12|46.56|46.92|237033
KFRC|2026-07-01|47.25|51|47.25|50.62|180782
KFRC|2026-07-02|50.76|51.35|50.4301|50.93|123606
KFRC|2026-07-06|50.99|51.4|50.08|50.48|146530
KFRC|2026-07-07|51.08|55.06|51.08|54.4|507120
KFRC|2026-07-08|54.22|54.22|52.585|52.9|186101
KFRC|2026-07-09|52.05|53.21|52.05|52.91|137296
KFRC|2026-07-10|54.04|54.73|53.2701|54.63|234757
KFRC|2026-07-13|54.82|56.3599|54.7|56.03|349540
KFRC|2026-07-14|55.18|56|54.505|55.67|183211
KFRC|2026-07-15|56.1|57.3|55.2001|55.49|353692
KFRC|2026-07-16|57.16|59.64|57.14|58.71|460481
KFRC|2026-07-17|59.21|60.7|56.82|58.56|306155
KFRC|2026-07-20|58.15|58.97|56.89|57.89|246770
KFRC|2026-07-21|56.92|58.76|56.6401|57.47|165199
KFRC|2026-07-22|58.06|58.4599|57.07|57.81|121368
KFRC|2026-07-23|58.08|58.09|55.88|56.69|207789
KFRC|2026-07-24|56.69|57.26|54.58|55.12|384173
KFRC|2026-07-27|55.91|58.79|55.91|58.13|482949
KFRC|2026-07-28|56.58|59.99|56.275|58.49|502015
KFRC|2026-07-29|58.66|61.68|58|59.06|317886
KFRC|2026-07-30|57.69|58.1|55.3336|56.81|219061
KFRC|2026-07-31|55.78|56.8|54.0968|56.77|260581
KFRC|2026-08-03|56.81|58.99|56.78|57.63|260174
KFRC|2026-08-04|56.71|58.25|56.68|58.07|206259
KFRC|2026-08-05|58.8|58.82|56.69|58.63|202336
KFRC|2026-08-06|58.54|58.6899|57.3|58.54|205365
KFRC|2026-08-07|57.97|59.89|57.61|59.09|220516
KFRC|2026-08-10|58.7|59.11|57.23|57.85|345363
KFRC|2026-08-11|58.72|58.72|57.72|57.95|157692
KFRC|2026-08-12|57.08|58.24|56.56|57.71|213218
KFRC|2026-08-13|58.13|60.65|57.79|60.45|348290
KFRC|2026-08-14|60.95|61|57.43|58.08|423533
KFRC|2026-08-17|57.46|57.59|56.05|57.06|206958
KFRC|2026-08-18|57.89|58.59|57.4|58.29|179720
KFRC|2026-08-19|58.16|60.05|57.85|58.68|200143
KFRC|2026-08-20|58.11|59.48|57.84|58.13|200210
KFRC|2026-08-21|58.03|58.97|57.42|58.39|227485
KMT|2026-06-01|32.575|32.6399|31.715|31.74|1786230
KMT|2026-06-02|32|33.8|31.93|33.56|2034351
KMT|2026-06-03|33.2|33.62|32.6|32.67|1375590
KMT|2026-06-04|32.89|33.21|32.59|32.9|1205694
KMT|2026-06-05|32.55|33.045|32.32|32.63|890347
KMT|2026-06-08|32.89|33.72|32.5311|33.25|1155145
KMT|2026-06-09|33.83|34.61|33.445|34.01|1457648
KMT|2026-06-10|33.86|34.385|33.095|33.3|1102820
KMT|2026-06-11|33.8|34.875|33.625|34.6|1089240
KMT|2026-06-12|35|35.4|34.605|34.98|794877
KMT|2026-06-15|35.74|36.09|35.295|35.55|960099
KMT|2026-06-16|35.86|36.83|35.86|36.5|1010970
KMT|2026-06-17|36.64|37.55|35.96|36.36|893630
KMT|2026-06-18|36.98|37.38|35.985|36.32|1695285
KMT|2026-06-22|36.14|36.6999|34.75|35.44|1760688
KMT|2026-06-23|34.61|35.615|34.61|35.1|664890
KMT|2026-06-24|35.13|35.47|34.2667|34.45|1004685
KMT|2026-06-25|34.86|36.58|34.51|36.53|1308106
KMT|2026-06-26|36.04|36.1|35.265|35.78|2637482
KMT|2026-06-29|35.44|35.87|34.39|34.82|1135252
KMT|2026-06-30|34.6|35.36|34.6|35.05|834889
KMT|2026-07-01|35.01|35.01|33.53|33.62|1039099
KMT|2026-07-02|33.98|34.575|32.975|33.49|769909
KMT|2026-07-06|33.5|34.25|33.5|34.22|695311
KMT|2026-07-07|33.87|34.135|32.78|33.35|682618
KMT|2026-07-08|32.88|33.23|32.65|33.11|1039226
KMT|2026-07-09|33.62|34.01|32.93|33.14|901862
KMT|2026-07-10|32.92|33.74|32.76|33.6|971886
KMT|2026-07-13|33.11|34.19|33.03|33.68|886546
KMT|2026-07-14|34.39|34.77|33.91|34.32|625865
KMT|2026-07-15|34.44|34.87|34.06|34.76|642863
KMT|2026-07-16|34.53|35.905|34.53|35.53|696195
KMT|2026-07-17|33.1|34.21|32.121|33.74|1301867
KMT|2026-07-20|34.14|34.4699|33.5|33.73|1117955
KMT|2026-07-21|34.4|34.55|33.37|34.39|768547
KMT|2026-07-22|34.53|35.24|34.455|34.73|505267
KMT|2026-07-23|34.6|35.35|34.44|34.86|792004
KMT|2026-07-24|35.49|35.65|35.02|35.23|983395
KMT|2026-07-27|35.76|36.12|34.87|35.32|697900
KMT|2026-07-28|35.32|36.3|35.01|35.61|767732
KMT|2026-07-29|35.21|35.34|32.99|33.55|1408702
KMT|2026-07-30|34.44|34.57|33.2|33.32|1032981
KMT|2026-07-31|33.88|34.21|33.12|33.97|851102
KMT|2026-08-03|34.07|35.34|34.06|34.9|1819417
KMT|2026-08-04|35.36|36.41|34.61|36.06|2064852
KMT|2026-08-05|40.5|41.12|33.875|34.16|3351232
KMT|2026-08-06|33.5|34.53|33.15|33.85|2064294
KMT|2026-08-07|34.36|34.51|32.921|33.13|1326625
KMT|2026-08-10|32.45|32.46|31.49|31.59|1923455
KMT|2026-08-11|31.45|31.95|30.11|30.24|1947396
KMT|2026-08-12|30.54|31.04|30.14|30.78|1657561
KMT|2026-08-13|31.03|31.05|30.35|30.38|1694633
KMT|2026-08-14|30.32|31.44|30.26|31.22|1681905
KMT|2026-08-17|31.1|31.84|30.52|31.81|2547185
KMT|2026-08-18|31.5|31.5|30.565|30.74|1621965
KMT|2026-08-19|31.2|31.2|30.49|30.58|1683641
KMT|2026-08-20|30.3|30.51|29.66|29.78|1532112
KMT|2026-08-21|30.17|30.45|29.9|29.96|1698505
KODK|2026-06-01|9.89|9.91|9.49|9.78|1122647
KODK|2026-06-02|9.8|10.075|9.7|9.84|1039943
KODK|2026-06-03|9.78|9.915|9.6|9.82|1260133
KODK|2026-06-04|9.7|10.18|9.6|9.73|857901
KODK|2026-06-05|9.65|9.73|9.04|9.06|1131126
KODK|2026-06-08|9.24|9.47|9.08|9.32|823957
KODK|2026-06-09|9.43|9.65|9.11|9.48|944263
KODK|2026-06-10|9.44|9.915|9.405|9.71|824529
KODK|2026-06-11|9.77|9.965|9.6|9.68|613647
KODK|2026-06-12|9.73|10|9.54|9.65|547166
KODK|2026-06-15|9.74|9.8587|9.4|9.47|1031074
KODK|2026-06-16|9.47|9.68|9.37|9.43|729960
KODK|2026-06-17|9.57|9.66|9.27|9.51|1070364
KODK|2026-06-18|9.5|9.555|9.29|9.4|1401664
KODK|2026-06-22|9.43|10.165|9.39|9.96|1854096
KODK|2026-06-23|9.72|9.96|9.39|9.54|1145986
KODK|2026-06-24|9.47|9.5|9.23|9.39|907261
KODK|2026-06-25|9.44|9.48|9.105|9.29|776450
KODK|2026-06-26|9.24|9.58|9.165|9.57|2076120
KODK|2026-06-29|9.6|9.76|9.27|9.43|649961
KODK|2026-06-30|9.38|9.53|9.24|9.25|683026
KODK|2026-07-01|9.25|9.57|9.25|9.3|682745
KODK|2026-07-02|9.22|9.321|8.32|8.47|1217567
KODK|2026-07-06|8.46|8.61|8.3|8.31|693510
KODK|2026-07-07|8.23|8.26|8.01|8.11|1029839
KODK|2026-07-08|8.01|8.29|7.955|8.14|896152
KODK|2026-07-09|8.19|8.32|8.07|8.22|543021
KODK|2026-07-10|8.16|8.4|8.14|8.23|587392
KODK|2026-07-13|8.22|8.265|8.06|8.15|391469
KODK|2026-07-14|8.21|8.33|7.94|8.05|519240
KODK|2026-07-15|8.07|8.21|8.03|8.06|504248
KODK|2026-07-16|8.03|8.04|7.695|7.81|617722
KODK|2026-07-17|7.64|7.78|7.6|7.66|648899
KODK|2026-07-20|7.64|7.72|7.47|7.66|579448
KODK|2026-07-21|7.83|7.97|7.725|7.78|638412
KODK|2026-07-22|7.73|8.31|7.7|8.3|1753913
KODK|2026-07-23|8.17|8.38|7.875|8.05|984588
KODK|2026-07-24|8.06|8.245|8.026|8.23|600060
KODK|2026-07-27|8.28|8.381|7.93|8.05|539991
KODK|2026-07-28|8.05|8.3|7.99|8.29|710392
KODK|2026-07-29|8.27|8.455|8.165|8.26|770330
KODK|2026-07-30|8.38|8.43|8.18|8.37|680299
KODK|2026-07-31|8.41|8.47|8.18|8.4|808514
KODK|2026-08-03|8.35|8.49|8.33|8.46|652248
KODK|2026-08-04|8.5|9.19|8.42|8.93|1500513
KODK|2026-08-05|10.025|10.025|9.29|9.86|2563687
KODK|2026-08-06|9.69|9.71|9.2507|9.45|934974
KODK|2026-08-07|9.44|10.22|9.4|10.04|910355
KODK|2026-08-10|10.06|10.06|9.71|9.99|878450
KODK|2026-08-11|10|10.2946|9.875|10.08|1023395
KODK|2026-08-12|10.19|10.31|9.745|10.13|883169
KODK|2026-08-13|10.25|10.275|9.94|9.99|682307
KODK|2026-08-14|9.99|10.0281|9.81|10|584937
KODK|2026-08-17|9.91|9.97|9.73|9.97|822165
KODK|2026-08-18|9.79|10.21|9.55|9.82|1112084
KODK|2026-08-19|9.94|10.01|9.61|9.73|688585
KODK|2026-08-20|9.65|9.8977|9.6|9.69|678449
KODK|2026-08-21|9.76|9.875|9.5202|9.84|1380236
KTOS|2026-06-01|64.94|66.2|61.1501|63.49|6305366
KTOS|2026-06-02|63.57|63.6499|61.68|63.27|3558280
KTOS|2026-06-03|61.62|61.8499|57.9|58.43|5078109
KTOS|2026-06-04|58.36|63.59|57.94|63.4|4198599
KTOS|2026-06-05|61.64|62.1|57.5|58.52|3485493
KTOS|2026-06-08|59.72|59.7499|57.37|57.73|3175369
KTOS|2026-06-09|58.06|59.3|53.31|56.19|3461546
KTOS|2026-06-10|55.6|56.8|54.25|54.82|2719440
KTOS|2026-06-11|54.82|58.89|54.0701|58.78|3942317
KTOS|2026-06-12|61.49|61.7|56.91|57.75|4621942
KTOS|2026-06-15|59.185|59.5|56.68|57.02|3819633
KTOS|2026-06-16|56.61|57.39|55.01|56.34|3124993
KTOS|2026-06-17|55.63|58.4|55.6|56.16|3114423
KTOS|2026-06-18|56.22|56.7499|52.9401|54.21|6950779
KTOS|2026-06-22|53.77|54.15|50.68|51.09|4647875
KTOS|2026-06-23|50.06|52.34|50.06|50.8|3593519
KTOS|2026-06-24|50.18|50.79|47.78|47.95|3543243
KTOS|2026-06-25|47.4|47.78|46.01|46.32|5271948
KTOS|2026-06-26|46.04|49.19|46.04|47.21|28107336
KTOS|2026-06-29|48.35|48.89|46.42|46.95|5694642
KTOS|2026-06-30|50.105|51.47|48.6701|49.86|5617179
KTOS|2026-07-01|50.29|54.1299|49.74|53.04|8207450
KTOS|2026-07-02|55.39|58.88|54.0792|55.35|6695203
KTOS|2026-07-06|55.07|55.35|52.87|53.54|3790887
KTOS|2026-07-07|53.73|54.52|49.76|50.34|3616226
KTOS|2026-07-08|50.21|51.805|49.66|50.38|3414493
KTOS|2026-07-09|49.9|50.479|48.21|48.85|3194465
KTOS|2026-07-10|49|49.3|47.56|48.19|2370202
KTOS|2026-07-13|48.48|49.08|46.34|46.96|3509397
KTOS|2026-07-14|48.91|50.48|48.26|50.36|5087597
KTOS|2026-07-15|51.79|54.22|49.16|49.68|4907006
KTOS|2026-07-16|49.02|49.13|46.31|46.96|3104568
KTOS|2026-07-17|46.07|47.2529|45.58|46.03|5596010
KTOS|2026-07-20|46.24|47.4|45.7246|45.94|2731340
KTOS|2026-07-21|46.09|48.9199|45.6|48.21|3314332
KTOS|2026-07-22|48.04|49.395|47.78|47.89|2046769
KTOS|2026-07-23|48|51.49|47.965|49.44|4777664
KTOS|2026-07-24|49.35|49.7099|47.2151|47.35|2833975
KTOS|2026-07-27|47.85|49.72|46.78|49.45|2750383
KTOS|2026-07-28|48.93|49|46.44|48.64|2433757
KTOS|2026-07-29|48.67|48.8726|43.7501|43.88|3929805
KTOS|2026-07-30|44.255|46.41|43.09|46.17|3209538
KTOS|2026-07-31|46.18|46.92|44.5|46.6|2315928
KTOS|2026-08-03|46.6|49.42|45.9|49.21|3164848
KTOS|2026-08-04|50.725|52.27|50.34|51.87|6096945
KTOS|2026-08-05|58.87|62.34|54.51|55.34|9167864
KTOS|2026-08-06|54.41|59.095|54.04|57.41|5250227
KTOS|2026-08-07|57.97|61.09|56.25|60.77|4756790
KTOS|2026-08-10|60.9|63.17|58.9|62.42|4543455
KTOS|2026-08-11|62.085|63.83|61.3422|63.73|3012307
KTOS|2026-08-12|63.85|64.22|62.1|63.82|3384539
KTOS|2026-08-13|63.5|64.75|61.84|62.79|2558082
KTOS|2026-08-14|66|67.1|62.65|64.58|5435823
KTOS|2026-08-17|64.5|65.09|62.88|63.29|3435080
KTOS|2026-08-18|61.23|64.15|61|61.99|2759528
KTOS|2026-08-19|61.99|62|58.75|60.56|2838792
KTOS|2026-08-20|59.87|60.09|55.25|56.18|4541479
KTOS|2026-08-21|56.62|58.6|56.5001|57.17|3142444
KURA|2026-06-01|10.17|10.17|9.025|9.035|2094466
KURA|2026-06-02|9.08|9.1978|8.69|8.97|2658662
KURA|2026-06-03|8.95|8.96|8.63|8.655|1587545
KURA|2026-06-04|8.75|9.05|8.64|8.77|2093020
KURA|2026-06-05|8.76|9.21|8.555|8.74|3225145
KURA|2026-06-08|8.875|8.94|8.39|8.56|1424998
KURA|2026-06-09|8.78|9.02|8.62|8.81|2013173
KURA|2026-06-10|8.91|9.15|8.67|8.68|1584931
KURA|2026-06-11|8.71|9.06|8.51|8.86|2230788
KURA|2026-06-12|8.85|9.21|8.84|9.05|1295139
KURA|2026-06-15|9.18|9.64|9.04|9.54|1680613
KURA|2026-06-16|9.56|9.605|9.16|9.4|1014368
KURA|2026-06-17|9.51|9.82|9.43|9.57|1803997
KURA|2026-06-18|9.67|9.98|9.55|9.93|1699962
KURA|2026-06-22|9.96|10.535|9.95|10.36|1383020
KURA|2026-06-23|10.18|10.66|10.18|10.38|1112708
KURA|2026-06-24|10.58|11|10.565|10.62|1303085
KURA|2026-06-25|10.63|10.9|10.315|10.36|1508328
KURA|2026-06-26|10.27|11.05|10.15|10.9|5273005
KURA|2026-06-29|10.9|11.03|10.78|10.97|1164715
KURA|2026-06-30|11.06|11.2|10.9|10.97|1528761
KURA|2026-07-01|10.98|11.18|10.695|10.78|2085935
KURA|2026-07-02|10.98|11.105|10.65|11.1|1885897
KURA|2026-07-06|11.06|11.235|10.71|11.04|1350507
KURA|2026-07-07|11.22|12|11.03|11.99|3810916
KURA|2026-07-08|11.85|12.13|11.72|12.12|1917000
KURA|2026-07-09|12.1|12.22|11.83|12.08|1409018
KURA|2026-07-10|12.07|12.1|11.1827|11.45|1338773
KURA|2026-07-13|11.165|11.33|10.855|10.91|1579240
KURA|2026-07-14|10.96|11.5|10.84|11.24|1570560
KURA|2026-07-15|11.18|11.365|11|11.33|1152251
KURA|2026-07-16|11.24|11.245|10.765|10.89|938904
KURA|2026-07-17|10.62|10.99|10.5|10.86|814951
KURA|2026-07-20|11.01|11.16|10.67|10.68|821127
KURA|2026-07-21|10.65|10.92|10.48|10.89|1216513
KURA|2026-07-22|10.885|10.885|10.47|10.54|849730
KURA|2026-07-23|10.34|10.53|10.18|10.45|727530
KURA|2026-07-24|10.47|10.57|10.21|10.39|1137952
KURA|2026-07-27|10.725|10.765|10.13|10.15|1191187
KURA|2026-07-28|10.13|10.15|9.235|9.31|1464806
KURA|2026-07-29|9.28|9.45|8.82|8.93|1786494
KURA|2026-07-30|8.94|9.375|8.9|9.31|1407127
KURA|2026-07-31|9.465|9.465|8.87|9.01|1169781
KURA|2026-08-03|9.02|9.21|8.82|9.19|1154053
KURA|2026-08-04|9.43|9.63|9.26|9.47|1005585
KURA|2026-08-05|9.42|9.55|9.11|9.2|1279914
KURA|2026-08-06|9.16|9.59|9.16|9.28|844088
KURA|2026-08-07|9.37|9.6|9.339|9.57|749044
KURA|2026-08-10|9.49|9.92|9.46|9.85|1696675
KURA|2026-08-11|9.88|9.99|9.7|9.93|874145
KURA|2026-08-12|10|10.06|9.77|9.94|1125456
KURA|2026-08-13|10.605|11.31|9.99|10.09|4474324
KURA|2026-08-14|9.985|11.02|9.92|10.86|1885417
KURA|2026-08-17|10.945|11.34|10.76|11.28|2033903
KURA|2026-08-18|11.985|12.845|11.985|12.33|4083234
KURA|2026-08-19|12.74|12.9|12.43|12.53|4077095
KURA|2026-08-20|12.36|12.5|11.65|11.71|2131830
KURA|2026-08-21|11.78|12.248|11.67|11.89|2025795
LFST|2026-06-01|7.72|7.95|7.67|7.94|2221588
LFST|2026-06-02|7.91|7.98|7.755|7.76|1906489
LFST|2026-06-03|7.74|7.8|7.445|7.5|1961688
LFST|2026-06-04|7.58|7.86|7.57|7.64|1652072
LFST|2026-06-05|7.56|7.635|7.36|7.41|1860045
LFST|2026-06-08|7.41|7.485|7.29|7.34|2108736
LFST|2026-06-09|7.42|7.66|7.41|7.66|1764598
LFST|2026-06-10|7.65|7.89|7.65|7.86|2129843
LFST|2026-06-11|7.88|8.61|7.83|8.61|6071567
LFST|2026-06-12|8.6|8.62|8.414|8.5|2733519
LFST|2026-06-15|8.51|8.6086|8.36|8.59|2211036
LFST|2026-06-16|8.565|8.73|8.555|8.62|2241225
LFST|2026-06-17|8.59|8.815|8.53|8.61|2688845
LFST|2026-06-18|8.63|9.11|8.61|8.98|6875276
LFST|2026-06-22|8.98|9.29|8.965|9.205|4814521
LFST|2026-06-23|9.13|9.535|9.12|9.44|2931817
LFST|2026-06-24|9.56|9.855|9.5|9.65|3400216
LFST|2026-06-25|9.61|9.995|9.5684|9.88|3343576
LFST|2026-06-26|9.86|10.3|9.8|10.28|14362659
LFST|2026-06-29|10.28|10.63|10.14|10.34|4776434
LFST|2026-06-30|10.33|10.89|10.32|10.71|3824610
LFST|2026-07-01|10.71|11.48|10.71|11.43|4946220
LFST|2026-07-02|11.58|11.62|11.2|11.27|5079649
LFST|2026-07-06|11.27|11.51|10.965|10.99|4406643
LFST|2026-07-07|10.99|11.106|10.79|10.9|2921872
LFST|2026-07-08|10.75|10.805|10.4|10.49|4488197
LFST|2026-07-09|10.48|10.8576|10.46|10.8|2573141
LFST|2026-07-10|10.75|10.875|10.585|10.705|2885972
LFST|2026-07-13|10.76|10.9291|10.73|10.88|2387824
LFST|2026-07-14|10.79|10.83|10.6|10.79|2906363
LFST|2026-07-15|10.76|11.1|10.575|10.97|2950719
LFST|2026-07-16|11.28|11.475|11.09|11.29|6770419
LFST|2026-07-17|11.14|11.68|11.135|11.58|4267161
LFST|2026-07-20|11.56|11.76|11.33|11.34|2221946
LFST|2026-07-21|11.37|11.64|11.305|11.45|2793327
LFST|2026-07-22|11.41|11.485|10.9509|11.01|2164758
LFST|2026-07-23|10.88|11.02|10.7355|10.81|1800404
LFST|2026-07-24|11.16|11.288|10.87|10.9|1842056
LFST|2026-07-27|10.86|11.095|10.845|10.88|1910588
LFST|2026-07-28|10.98|11.25|10.685|11.24|2114448
LFST|2026-07-29|11.22|11.33|10.84|10.86|2829719
LFST|2026-07-30|10.86|10.86|10.585|10.74|1903066
LFST|2026-07-31|10.7|10.845|10.47|10.48|2520047
LFST|2026-08-03|10.63|10.795|10.47|10.54|3422828
LFST|2026-08-04|10.54|10.598|10.205|10.26|3559823
LFST|2026-08-05|10.36|10.565|10.08|10.37|4358960
LFST|2026-08-06|10.99|10.99|10.08|10.66|9143004
LFST|2026-08-07|10.9|10.975|10.52|10.84|3792526
LFST|2026-08-10|10.85|12.425|10.85|11.9|10559643
LFST|2026-08-11|11.79|11.93|11.36|11.5|5814795
LFST|2026-08-12|11.56|12.25|11.43|12.23|5602765
LFST|2026-08-13|12.11|12.4|12.02|12.22|5042404
LFST|2026-08-14|12.28|12.755|12.22|12.42|5006438
LFST|2026-08-17|12.41|12.665|12.23|12.55|3451342
LFST|2026-08-18|12.64|12.7499|12.33|12.36|3515551
LFST|2026-08-19|12.7|12.85|12.43|12.83|2637485
LFST|2026-08-20|12.7|12.965|12.605|12.65|2312607
LFST|2026-08-21|12.65|12.72|12.41|12.47|2615437
LIFE|2026-06-01|19.34|19.34|17.69|18.88|616049
LIFE|2026-06-02|18.59|18.775|16.85|17.265|632240
LIFE|2026-06-03|17.38|17.48|16.67|16.89|318895
LIFE|2026-06-04|16.7|17.84|16.41|17.18|382248
LIFE|2026-06-05|17.01|18.2115|16.55|16.82|264792
LIFE|2026-06-08|17.07|17.61|16.26|16.69|305940
LIFE|2026-06-09|17|17.94|16.825|17.69|494900
LIFE|2026-06-10|17.5|17.6|16.5|16.51|241849
LIFE|2026-06-11|16.71|17.33|16.33|17.18|448032
LIFE|2026-06-12|17.12|17.195|15.33|15.61|785141
LIFE|2026-06-15|16.18|17.01|15.9747|16.455|453350
LIFE|2026-06-16|16.54|16.695|15.97|15.98|259380
LIFE|2026-06-17|15.91|16.845|15.89|15.93|273061
LIFE|2026-06-18|15.9|16.24|15.15|16.07|439952
LIFE|2026-06-22|15.84|16.4499|15.11|15.53|426594
LIFE|2026-06-23|15.42|16.16|15.12|15.26|208873
LIFE|2026-06-24|15.38|18.5|15.37|18.1|523562
LIFE|2026-06-25|18.03|18.93|17.3472|18.62|679237
LIFE|2026-06-26|18.16|19.73|18.075|19.58|792506
LIFE|2026-06-29|19.5|19.88|18.82|18.9|303131
LIFE|2026-06-30|18.54|18.86|18.023|18.14|328097
LIFE|2026-07-01|18.365|19.73|18.365|19.36|370887
LIFE|2026-07-02|19.51|19.85|19.0096|19.59|349011
LIFE|2026-07-06|19.31|20.18|18.69|19.42|789262
LIFE|2026-07-07|19.37|20.6|18.8|19.45|576199
LIFE|2026-07-08|19|19.6|18.5|18.9|951268
LIFE|2026-07-09|18.9|19.4687|18.43|18.81|246869
LIFE|2026-07-10|18.97|20.35|18.77|20.09|480697
LIFE|2026-07-13|20.05|21.25|19.125|19.31|669043
LIFE|2026-07-14|20.06|20.5|18.9191|19.84|547129
LIFE|2026-07-15|19.95|20.13|18.22|18.3|559782
LIFE|2026-07-16|18.2|19.06|17.725|18.5|236691
LIFE|2026-07-17|18.34|19.23|18|18.65|278413
LIFE|2026-07-20|18.5|19.3281|18.345|18.5|271687
LIFE|2026-07-21|18.76|20|18.4|18.83|243079
LIFE|2026-07-22|18.83|19.49|18.56|19.23|334857
LIFE|2026-07-23|18.78|19.24|18.57|19.03|344304
LIFE|2026-07-24|19.15|19.4|18.41|18.5|172820
LIFE|2026-07-27|18.88|19.88|18.75|19.48|592972
LIFE|2026-07-28|17.93|19.31|17.57|18.8|1141465
LIFE|2026-07-29|18.78|20.21|18.715|19.84|1049489
LIFE|2026-07-30|19.98|20.54|19.3|20.27|801842
LIFE|2026-07-31|19.9|20.91|19.1839|20.42|1019251
LIFE|2026-08-03|20.7|23.31|20.69|22.83|2298466
LIFE|2026-08-04|27.33|29.39|25.02|27.65|5329886
LIFE|2026-08-05|25.75|27.88|23.95|27.72|3261252
LIFE|2026-08-06|25.75|31.7596|25.75|29.805|2630225
LIFE|2026-08-07|29.86|31.74|29.39|31.61|1539226
LIFE|2026-08-10|31.05|32.86|31.05|32.43|1192399
LIFE|2026-08-11|32.43|33.8|31.21|33.45|988794
LIFE|2026-08-12|33.5|34.24|31.71|33.59|1560591
LIFE|2026-08-13|33.84|35.3|33.12|34.8|1474068
LIFE|2026-08-14|35.04|35.69|33.88|34.02|1241616
LIFE|2026-08-17|34.03|35.4725|33.3|35.17|1647855
LIFE|2026-08-18|34.06|35.61|32.6|34.01|1508948
LIFE|2026-08-19|34.37|34.37|32.2325|32.85|1035299
LIFE|2026-08-20|32.86|34.225|31.845|33.52|1533596
LIFE|2026-08-21|33.9|34.49|32.51|34.16|848368
LIND|2026-06-01|22.6|23.73|22.44|22.96|1430357
LIND|2026-06-02|22.73|22.79|21.811|22.7|1086438
LIND|2026-06-03|22.43|22.995|21.68|21.74|669700
LIND|2026-06-04|22.04|22.595|21.93|22.19|930243
LIND|2026-06-05|22.1|22.315|21.31|21.66|396312
LIND|2026-06-08|21.91|22.11|21.38|21.39|408062
LIND|2026-06-09|21.72|23.175|21.55|22.27|548372
LIND|2026-06-10|22.19|22.9937|21.79|21.9|504526
LIND|2026-06-11|22.12|23.14|21.89|23.13|473045
LIND|2026-06-12|23.28|23.6599|23.1|23.45|403118
LIND|2026-06-15|24.21|24.8199|23.64|23.97|562429
LIND|2026-06-16|24.15|24.34|23.81|23.9|512400
LIND|2026-06-17|24.04|24.9|23.84|23.96|686915
LIND|2026-06-18|24.65|26.56|24.65|25.75|1388553
LIND|2026-06-22|25.46|25.905|25.07|25.55|602186
LIND|2026-06-23|24.8|26.025|24.54|25.77|1163714
LIND|2026-06-24|26.26|27.76|26.25|26.98|1559602
LIND|2026-06-25|28.04|28.92|27.73|28.6|1509368
LIND|2026-06-26|28.25|30|28.25|29.57|4872937
LIND|2026-06-29|29.34|29.6|28.25|28.35|1264921
LIND|2026-06-30|28.37|28.63|27.75|28.24|993162
LIND|2026-07-01|28.27|28.35|26.73|26.75|975493
LIND|2026-07-02|26.76|26.995|25.88|26.22|723410
LIND|2026-07-06|26.16|26.38|25.37|25.48|693214
LIND|2026-07-07|25.5|25.78|25.03|25.67|678752
LIND|2026-07-08|25.22|25.69|24.79|25.6|644667
LIND|2026-07-09|25.95|26.8|25.77|26.14|533939
LIND|2026-07-10|26.5|26.7979|26.17|26.52|866807
LIND|2026-07-13|26.4|26.55|26.03|26.49|501579
LIND|2026-07-14|26.58|27.13|26.12|26.18|703409
LIND|2026-07-15|26.26|26.7|25.84|26.2|796550
LIND|2026-07-16|25.94|27.53|25.94|27.505|844671
LIND|2026-07-17|27.11|27.97|26.08|27.67|1095735
LIND|2026-07-20|27.91|28.21|27.13|27.6|802059
LIND|2026-07-21|27.65|28.66|27.22|28.45|804237
LIND|2026-07-22|28.2|28.2|27.25|27.8|627169
LIND|2026-07-23|26.7|27.375|26.33|27.04|803868
LIND|2026-07-24|27.48|27.92|26.81|26.85|545241
LIND|2026-07-27|27.33|28.13|27.095|28.09|509975
LIND|2026-07-28|28.32|29.77|28.015|29.74|1006610
LIND|2026-07-29|29.29|30.435|29.19|29.75|1097844
LIND|2026-07-30|29.66|30.03|29.28|29.79|796518
LIND|2026-07-31|29.68|29.86|29.21|29.58|597114
LIND|2026-08-03|31|34.5|30.77|33.12|1979066
LIND|2026-08-04|33.63|34.73|32.78|34.09|1468042
LIND|2026-08-05|34.24|34.95|33.81|34.11|907042
LIND|2026-08-06|34.56|34.72|33.81|34.07|531326
LIND|2026-08-07|34.15|34.15|33.16|33.95|487823
LIND|2026-08-10|33.61|33.76|32.73|33.04|538887
LIND|2026-08-11|33.26|33.835|32.56|32.84|422320
LIND|2026-08-12|33.37|34.35|32.86|34.22|643318
LIND|2026-08-13|34.79|34.93|33.925|34.48|937225
LIND|2026-08-14|34.4|35|33.08|33.58|964159
LIND|2026-08-17|33.39|33.55|32.275|32.77|744411
LIND|2026-08-18|32.37|32.77|32.015|32.35|612150
LIND|2026-08-19|32.84|32.86|31.745|31.82|557561
LIND|2026-08-20|31.26|31.84|30.88|31.32|644700
LIND|2026-08-21|31.49|31.765|30.35|31.09|635096
LION|2026-06-01|14.35|14.39|13.84|13.86|2153732
LION|2026-06-02|13.85|13.925|13.34|13.81|2724765
LION|2026-06-03|13.61|13.78|13.21|13.36|2491337
LION|2026-06-04|13.46|13.83|13.385|13.5|2007472
LION|2026-06-05|13.33|13.66|13.19|13.4|2618171
LION|2026-06-08|13.4|13.8|13.34|13.52|2019853
LION|2026-06-09|13.6|13.72|13.29|13.52|2854922
LION|2026-06-10|13.55|13.7|13.41|13.69|1656075
LION|2026-06-11|13.84|14.265|13.71|13.92|2686078
LION|2026-06-12|13.96|14.485|13.6188|14.32|2119742
LION|2026-06-15|14.35|14.46|14.18|14.37|2066112
LION|2026-06-16|14.44|16.7|14.3|16.36|16258680
LION|2026-06-17|15.3|15.85|14.98|15.35|5668249
LION|2026-06-18|15.36|15.51|15.03|15.49|4347962
LION|2026-06-22|15.33|15.5|15.08|15.21|2627512
LION|2026-06-23|15.35|15.49|15|15|1794524
LION|2026-06-24|14.91|15.4|14.71|15.34|2297011
LION|2026-06-25|15.4|15.83|15.255|15.82|2467045
LION|2026-06-26|15.78|16.44|15.76|16.4|9008743
LION|2026-06-29|16.27|16.55|15.55|15.63|3012939
LION|2026-06-30|15.54|15.7|15.25|15.31|2757732
LION|2026-07-01|15.22|15.355|14.945|15.03|1557139
LION|2026-07-02|15.09|15.16|14.225|14.66|3221529
LION|2026-07-06|14.55|14.98|14.32|14.39|1718849
LION|2026-07-07|14.44|14.59|13.93|13.94|2547393
LION|2026-07-08|13.77|13.94|13.44|13.58|2428940
LION|2026-07-09|13.73|13.92|13.375|13.49|2605847
LION|2026-07-10|13.48|13.57|13.3|13.47|1659629
LION|2026-07-13|13.39|13.8479|13.21|13.29|2333389
LION|2026-07-14|13.36|13.49|13.08|13.29|2261601
LION|2026-07-15|14.25|14.55|13.7|13.96|7709311
LION|2026-07-16|13.95|14.015|13.45|13.62|1848694
LION|2026-07-17|13.35|13.94|13.0805|13.88|2107192
LION|2026-07-20|13.65|13.885|13.36|13.69|2545278
LION|2026-07-21|13.62|13.69|13.25|13.52|1997224
LION|2026-07-22|13.35|13.88|13.35|13.85|1910321
LION|2026-07-23|13.69|14.02|13.37|13.4|2196311
LION|2026-07-24|13.4|13.7|13.31|13.34|1263142
LION|2026-07-27|13.52|13.69|13.23|13.27|1200770
LION|2026-07-28|13.36|13.5391|13.0901|13.25|1927684
LION|2026-07-29|13.25|13.3|12.87|13.06|2056354
LION|2026-07-30|13.26|13.47|13.02|13.38|1833806
LION|2026-07-31|13.41|13.435|13.145|13.28|1145935
LION|2026-08-03|13.3|13.77|13.14|13.24|5022138
LION|2026-08-04|13.35|13.42|12.96|13.02|3593653
LION|2026-08-05|13.08|13.13|12.815|12.98|1804033
LION|2026-08-06|12.97|13.2|12.7335|12.93|3314994
LION|2026-08-07|13.34|13.4|12.825|12.97|2094419
LION|2026-08-10|12.96|12.96|12.34|12.36|2419990
LION|2026-08-11|12.33|13.1|11.76|11.87|7312620
LION|2026-08-12|12.15|12.51|11.62|11.73|4404986
LION|2026-08-13|11.82|12.215|11.69|11.72|3355617
LION|2026-08-14|11.79|12.13|11.7501|11.99|2103860
LION|2026-08-17|11.93|12|11.65|11.95|2834528
LION|2026-08-18|12|12.14|11.64|11.69|1753118
LION|2026-08-19|11.7|11.84|11.5219|11.58|1608235
LION|2026-08-20|11.55|11.83|11.44|11.46|1604907
LION|2026-08-21|11.49|11.63|11.39|11.51|2041295
LIVN|2026-06-01|73.2|74.285|72.24|73.81|763626
LIVN|2026-06-02|73.17|74.4|72.48|73.33|836289
LIVN|2026-06-03|73.2|73.51|71.005|71.33|727411
LIVN|2026-06-04|72.44|75.05|72.1327|73.72|573415
LIVN|2026-06-05|73.64|74.625|72.07|72.36|412880
LIVN|2026-06-08|72.47|75.66|72.45|74.8|797776
LIVN|2026-06-09|76.92|77.8|75.95|77.17|674004
LIVN|2026-06-10|77.42|79.38|76.2067|78.38|1383648
LIVN|2026-06-11|78.5|80.735|77.4535|79.94|799630
LIVN|2026-06-12|79.66|80.02|78.555|79.39|725970
LIVN|2026-06-15|80.41|80.955|79.2|79.7|755255
LIVN|2026-06-16|80.28|80.94|78.91|79.48|911898
LIVN|2026-06-17|79.51|80.57|77.89|78.5|626527
LIVN|2026-06-18|79.66|80.45|77.71|78.5|1426485
LIVN|2026-06-22|78.645|79.89|77.74|78.71|689627
LIVN|2026-06-23|78.14|79.9325|78.14|78.68|576217
LIVN|2026-06-24|78.68|80.89|78.68|79.95|820481
LIVN|2026-06-25|80.05|82.66|80|81.05|652150
LIVN|2026-06-26|81.15|83.98|80.86|83.43|2003412
LIVN|2026-06-29|82.78|83.21|81.635|83.06|1050345
LIVN|2026-06-30|82.77|82.915|80.74|82.23|664292
LIVN|2026-07-01|82.46|83.07|81.64|82.48|475126
LIVN|2026-07-02|83.07|83.75|82|83.62|517429
LIVN|2026-07-06|83.93|85.27|83.13|84.03|548811
LIVN|2026-07-07|84.74|84.77|82.48|83.58|439563
LIVN|2026-07-08|83.58|83.94|81.81|82.51|724838
LIVN|2026-07-09|82.54|83.94|81.72|82.52|612056
LIVN|2026-07-10|82.52|82.83|81.5|82.56|452293
LIVN|2026-07-13|83.44|83.8|82.45|82.98|465874
LIVN|2026-07-14|83.02|83.495|78.46|79.12|820715
LIVN|2026-07-15|78.695|80.75|78.07|79.41|723362
LIVN|2026-07-16|80.15|82.65|79.775|81.79|630900
LIVN|2026-07-17|80.55|82.045|79.96|80.7|445738
LIVN|2026-07-20|80.78|80.9225|79.19|79.21|602023
LIVN|2026-07-21|79.15|79.975|78.825|79.845|444441
LIVN|2026-07-22|79.77|80.27|78.065|78.27|434597
LIVN|2026-07-23|76.63|78.685|75.3|78.61|707170
LIVN|2026-07-24|79.61|79.735|77.86|78.19|412287
LIVN|2026-07-27|78.85|80.64|78.31|80.58|486531
LIVN|2026-07-28|81.31|82.6388|81.25|82.09|536786
LIVN|2026-07-29|81.99|82.7|80.47|81.43|501962
LIVN|2026-07-30|81.9|82.0701|80.02|81.05|645768
LIVN|2026-07-31|80.56|81.78|79.2945|80.14|505725
LIVN|2026-08-03|80.435|82.54|80.435|82.46|660153
LIVN|2026-08-04|82.95|85.76|82.08|85.325|1284864
LIVN|2026-08-05|79.88|81.855|75.07|78.145|1862484
LIVN|2026-08-06|77.55|78.18|75.28|75.78|932460
LIVN|2026-08-07|75.43|76.34|74.6701|76.22|744982
LIVN|2026-08-10|75.04|76.995|75.04|76.48|473155
LIVN|2026-08-11|76.55|79.14|75.685|78.58|673275
LIVN|2026-08-12|77.95|81.555|76.72|80.78|978271
LIVN|2026-08-13|81.67|82.7|80.58|82.2|677626
LIVN|2026-08-14|81.59|82.34|79.98|82.22|559432
LIVN|2026-08-17|81.38|81.9099|80.815|81.48|445063
LIVN|2026-08-18|81.69|81.69|79.09|79.86|619120
LIVN|2026-08-19|80.82|81.66|80.405|80.84|496648
LIVN|2026-08-20|80|80.81|77.895|78.21|418806
LIVN|2026-08-21|78.8|79.555|77.94|78.74|440214
LRCX|2026-06-01|309.27|320.83|307.035|317.12|7966382
LRCX|2026-06-02|324.42|335.55|320.86|334.41|8558921
LRCX|2026-06-03|335.05|346.19|332.13|343.71|8695692
LRCX|2026-06-04|329.75|342.369|324.71|336.41|8173920
LRCX|2026-06-05|320.37|323.42|302.74|303.28|13252185
LRCX|2026-06-08|318.545|330.68|315|324.45|11412460
LRCX|2026-06-09|335.5|349.09|306.01|327.16|14244402
LRCX|2026-06-10|323.29|348.1611|318.945|321.8|14050428
LRCX|2026-06-11|336.64|364.807|336.2|362.52|14555431
LRCX|2026-06-12|359.39|373.82|354.89|366.81|9119075
LRCX|2026-06-15|385.99|393.07|382.3901|388.92|13399510
LRCX|2026-06-16|385.135|393|368.77|369.34|11832694
LRCX|2026-06-17|382|397.629|373.24|374.18|10812514
LRCX|2026-06-18|397.22|401|386.9|389.04|21361587
LRCX|2026-06-22|398.39|409.75|392.075|409.54|14104029
LRCX|2026-06-23|369.705|377.1|365.26|371.33|15745773
LRCX|2026-06-24|366.865|376.98|361.41|374.8|11478090
LRCX|2026-06-25|407.99|407.99|372.3|401.82|16730445
LRCX|2026-06-26|385.5|389.88|374.311|379.09|19513947
LRCX|2026-06-29|383.01|414.98|379.1|410.91|13699828
LRCX|2026-06-30|416.29|438.5|414.01|433.33|16827343
LRCX|2026-07-01|404.97|415.49|381|391.26|18568890
LRCX|2026-07-02|391.06|392.5|342.475|351.41|18869961
LRCX|2026-07-06|365.34|366.08|348.27|350.2|10933757
LRCX|2026-07-07|322.405|330.75|313.1|326.13|15451036
LRCX|2026-07-08|325.47|337.5|322.72|333.15|7975419
LRCX|2026-07-09|365.13|369.95|350.06|353.17|12063130
LRCX|2026-07-10|341.36|354.73|338.1319|350.33|6875632
LRCX|2026-07-13|335|337.98|326.9|329.92|9754676
LRCX|2026-07-14|354.66|354.66|338.875|346.1|10127558
LRCX|2026-07-15|357.25|357.25|319.79|335.43|10240838
LRCX|2026-07-16|324.985|336.68|315.16|320.96|10333701
LRCX|2026-07-17|303.83|322.0699|298.65|313.3|12788000
LRCX|2026-07-20|321.15|324.4499|305.26|306.76|8057276
LRCX|2026-07-21|328.13|328.135|313.29|322|11818118
LRCX|2026-07-22|310.55|322.25|310.55|319.29|6315008
LRCX|2026-07-23|315.495|325.88|314.35|319.78|8041480
LRCX|2026-07-24|312.62|319.7|301.675|305.21|9251634
LRCX|2026-07-27|306.305|309.5|278.45|291.61|14081795
LRCX|2026-07-28|275.165|277.3|258.53|269.61|15999601
LRCX|2026-07-29|264.51|273.46|250.5|252.35|15775341
LRCX|2026-07-30|318.29|319.5|294.25|297.72|22006593
LRCX|2026-07-31|315.37|318.4|292.93|293.02|12532430
LRCX|2026-08-03|283.34|295.93|276.8447|294.61|9984951
LRCX|2026-08-04|308.83|320.25|306.16|317.74|15735931
LRCX|2026-08-05|318.54|323.64|305.36|307.42|8655628
LRCX|2026-08-06|300|314.16|293.65|305.77|7033256
LRCX|2026-08-07|311.87|315.59|303.83|311.35|6679531
LRCX|2026-08-10|319.5|319.99|305.5|306.4|6903222
LRCX|2026-08-11|315.03|316.86|309.35|311.41|6861950
LRCX|2026-08-12|326.835|329.4899|323.5|326.11|7372132
LRCX|2026-08-13|327.62|345.12|324.01|337.01|8874854
LRCX|2026-08-14|332.36|342|326.555|332.36|7413680
LRCX|2026-08-17|337.87|345.28|333.4|343.84|7782249
LRCX|2026-08-18|324.18|329.0734|317.411|327.92|10195590
LRCX|2026-08-19|328.52|328.57|305.0801|307.17|9944752
LRCX|2026-08-20|305.225|312.54|302.95|310.53|6019471
LRCX|2026-08-21|317.86|319.1|303.85|314|5938349
LYG|2026-06-01|5.38|5.435|5.35|5.42|16195119
LYG|2026-06-02|5.4|5.46|5.3935|5.43|12294093
LYG|2026-06-03|5.42|5.44|5.33|5.34|16270635
LYG|2026-06-04|5.42|5.465|5.4|5.44|16261242
LYG|2026-06-05|5.42|5.42|5.29|5.31|22144058
LYG|2026-06-08|5.36|5.3899|5.27|5.3|39035944
LYG|2026-06-09|5.41|5.42|5.2101|5.34|35660388
LYG|2026-06-10|5.25|5.265|5.15|5.16|53733353
LYG|2026-06-11|5.24|5.42|5.19|5.42|62734381
LYG|2026-06-12|5.46|5.51|5.42|5.5|36302151
LYG|2026-06-15|5.55|5.56|5.47|5.49|30678363
LYG|2026-06-16|5.59|5.6|5.53|5.56|31745412
LYG|2026-06-17|5.63|5.66|5.52|5.55|38647432
LYG|2026-06-18|5.59|5.605|5.54|5.54|30868878
LYG|2026-06-22|5.74|5.78|5.72|5.74|24309405
LYG|2026-06-23|5.73|5.78|5.71|5.73|18898213
LYG|2026-06-24|5.7|5.71|5.6|5.61|20176139
LYG|2026-06-25|5.77|5.8|5.725|5.75|22056350
LYG|2026-06-26|5.72|5.75|5.65|5.69|24143515
LYG|2026-06-29|5.77|5.775|5.7|5.75|29227733
LYG|2026-06-30|5.845|5.89|5.8201|5.83|17939274
LYG|2026-07-01|5.82|5.94|5.82|5.9|15972980
LYG|2026-07-02|6.06|6.11|6.01|6.06|19166587
LYG|2026-07-06|6.11|6.18|6.105|6.17|14628987
LYG|2026-07-07|6.1|6.13|6.04|6.05|15506111
LYG|2026-07-08|6|6.01|5.86|5.9|19266320
LYG|2026-07-09|5.97|6|5.94|5.97|11154209
LYG|2026-07-10|6.02|6.0359|5.975|6|9667295
LYG|2026-07-13|5.94|5.94|5.88|5.89|16916991
LYG|2026-07-14|5.92|6.005|5.905|5.93|17720573
LYG|2026-07-15|6|6.08|5.995|6.06|14878276
LYG|2026-07-16|6.03|6.06|5.975|6.03|23818110
LYG|2026-07-17|5.85|5.99|5.83|5.96|14804343
LYG|2026-07-20|5.98|6.005|5.88|5.88|24489841
LYG|2026-07-21|6|6.0964|5.9501|6.06|11704369
LYG|2026-07-22|6.13|6.17|6.125|6.13|8975251
LYG|2026-07-23|6|6.015|5.955|5.99|18818345
LYG|2026-07-24|6.04|6.07|6|6.02|14480574
LYG|2026-07-27|6.12|6.14|6.06|6.13|15569985
LYG|2026-07-28|5.98|6.04|5.94|6.01|19484508
LYG|2026-07-29|5.96|5.98|5.85|5.87|23341734
LYG|2026-07-30|6.16|6.25|6.1|6.25|14643884
LYG|2026-07-31|6.21|6.22|6.09|6.17|16863037
LYG|2026-08-03|6.22|6.27|6.19|6.26|11580200
LYG|2026-08-04|6.27|6.32|6.2101|6.22|15786627
LYG|2026-08-05|6.26|6.3|6.23|6.25|20322394
LYG|2026-08-06|6.3|6.31|6.17|6.19|17143606
LYG|2026-08-07|6.29|6.3009|6.2401|6.28|13502139
LYG|2026-08-10|6.14|6.17|6.12|6.12|7383529
LYG|2026-08-11|6.12|6.15|6.08|6.1|14268960
LYG|2026-08-12|6.18|6.21|6.16|6.19|15861219
LYG|2026-08-13|6.22|6.245|6.1709|6.2|8074614
LYG|2026-08-14|6.22|6.245|6.19|6.21|5367797
LYG|2026-08-17|6.2|6.225|6.15|6.15|8148111
LYG|2026-08-18|6.12|6.15|6.06|6.06|11435159
LYG|2026-08-19|6.07|6.075|5.935|5.94|14867539
LYG|2026-08-20|5.96|5.9891|5.9|5.9|12996796
LYG|2026-08-21|6|6.05|6|6.02|9684794
LZB|2026-06-01|37.31|38.37|36.988|37.38|360187
LZB|2026-06-02|36.79|37.61|36.43|36.43|449180
LZB|2026-06-03|35.97|36.51|35.88|36.27|412976
LZB|2026-06-04|36.97|37.04|36.301|36.45|328919
LZB|2026-06-05|36.24|36.73|36.21|36.33|327041
LZB|2026-06-08|36.42|36.74|36.045|36.23|359565
LZB|2026-06-09|36.62|37.67|36.62|37.33|319316
LZB|2026-06-10|37.54|37.9|37.075|37.36|362971
LZB|2026-06-11|37.5|39.065|37.4|38.99|357383
LZB|2026-06-12|39.09|39.155|38.37|38.49|344584
LZB|2026-06-15|38.86|39.3|37.76|37.78|457464
LZB|2026-06-16|37.99|38.36|35.06|35.06|1201759
LZB|2026-06-17|42.18|44.9|39.92|40.24|2866251
LZB|2026-06-18|40.3|41.43|39.32|39.66|1967813
LZB|2026-06-22|39.62|40.85|39.36|39.99|882121
LZB|2026-06-23|39.99|40.305|39.61|40.3|778368
LZB|2026-06-24|40.58|42.335|40.58|41.85|766544
LZB|2026-06-25|41.54|42.08|40.585|40.8|707958
LZB|2026-06-26|40.54|41.41|40.37|40.95|2569242
LZB|2026-06-29|41.17|41.17|39.7|39.95|571023
LZB|2026-06-30|39.35|40.39|39.09|40.12|514477
LZB|2026-07-01|39.95|40.25|39.15|39.77|586939
LZB|2026-07-02|39.86|40.1|39.26|39.91|323412
LZB|2026-07-06|40.21|40.22|38.9201|39.4|350835
LZB|2026-07-07|39.16|39.62|38.84|39.09|396074
LZB|2026-07-08|38.6|38.65|37.63|38.42|454382
LZB|2026-07-09|38.5|39.65|38.21|39.31|504410
LZB|2026-07-10|39.33|39.96|39.15|39.18|332374
LZB|2026-07-13|39.25|39.457|38.65|38.77|416915
LZB|2026-07-14|38.84|38.94|38.14|38.58|347449
LZB|2026-07-15|38.52|40.23|38.52|39.93|401233
LZB|2026-07-16|40.11|41.17|40.11|40.56|363019
LZB|2026-07-17|40.24|40.905|39.795|39.87|349091
LZB|2026-07-20|40.08|40.245|39.33|39.92|325919
LZB|2026-07-21|40.16|40.425|39.04|39.22|336598
LZB|2026-07-22|39.4|39.585|38.94|39.3|289548
LZB|2026-07-23|38.76|39.01|38.155|38.84|698126
LZB|2026-07-24|38.98|39.785|38.84|39.68|356968
LZB|2026-07-27|40.12|40.855|40.01|40.38|267761
LZB|2026-07-28|40.88|41.97|40.27|41.3|300475
LZB|2026-07-29|40.99|41.275|40.39|40.93|357398
LZB|2026-07-30|41.24|41.24|40.06|40.13|237696
LZB|2026-07-31|39.72|40.14|39.32|39.38|326688
LZB|2026-08-03|40.03|41.29|40.03|41|368690
LZB|2026-08-04|41.27|41.97|41.105|41.73|342018
LZB|2026-08-05|41.59|42.07|41.41|41.45|343029
LZB|2026-08-06|41.8|41.8|40.63|40.64|262469
LZB|2026-08-07|40.76|42.19|40.76|42.14|440960
LZB|2026-08-10|41.6|42.45|41.21|41.4|502367
LZB|2026-08-11|41.39|41.935|41.105|41.54|366127
LZB|2026-08-12|41.68|41.795|40.785|41.06|283476
LZB|2026-08-13|41.54|42.125|41.06|41.72|351641
LZB|2026-08-14|41.56|41.93|41.2|41.85|359661
LZB|2026-08-17|41.22|41.66|41.03|41.52|425377
LZB|2026-08-18|41.45|42.09|40.83|40.83|712636
LZB|2026-08-19|33.695|36.52|33.225|33.91|2840042
LZB|2026-08-20|33.61|34.61|33.1177|33.65|1070480
LZB|2026-08-21|33.63|34.26|33.29|33.71|1027842
MANE|2026-06-01|101.4|105|99|101.51|510355
MANE|2026-06-02|101.51|104.04|97.61|98.18|424804
MANE|2026-06-03|97.56|97.98|95|96.74|579012
MANE|2026-06-04|97.17|103.25|95.9004|101.23|439779
MANE|2026-06-05|100.12|101.815|90.36|91.69|532420
MANE|2026-06-08|93.79|96.98|90.18|90.32|405674
MANE|2026-06-09|91.33|97.185|91.33|95.91|489292
MANE|2026-06-10|95|100.4|91.18|92.98|399129
MANE|2026-06-11|93.68|98.64|93.25|94.4|201986
MANE|2026-06-12|94.37|98.93|92.11|96.07|260382
MANE|2026-06-15|96.74|97.83|94.965|96.27|294932
MANE|2026-06-16|95.52|97.2|90.82|90.95|496925
MANE|2026-06-17|91.16|95.2|89.3|91.87|414875
MANE|2026-06-18|93.59|94.44|86.83|93.87|816893
MANE|2026-06-22|96.03|106|95.93|102.79|877819
MANE|2026-06-23|100.49|107.32|100.49|103.6|615949
MANE|2026-06-24|104.38|118.7|102.87|117.29|1039822
MANE|2026-06-25|116.2|121.45|114.01|119.37|1002504
MANE|2026-06-26|117.64|128.24|117|126.89|4041035
MANE|2026-06-29|126.71|126.89|120.38|123.58|719808
MANE|2026-06-30|120|126.76|120|122.94|608750
MANE|2026-07-01|122.13|131.2399|120|128.48|736458
MANE|2026-07-02|128.04|130.86|122.88|129.74|563002
MANE|2026-07-06|128.11|129.805|121.75|122.07|537093
MANE|2026-07-07|123.99|125.2|116.56|116.8|384752
MANE|2026-07-08|116.55|121.0999|116.54|118.25|350351
MANE|2026-07-09|118.42|125.32|116.19|124.91|313629
MANE|2026-07-10|124.47|125.04|117|119.6|329592
MANE|2026-07-13|119.73|121.365|110|110.18|453932
MANE|2026-07-14|111.04|116.46|108.01|110.17|523629
MANE|2026-07-15|118.75|129.8|118|123.7|1334336
MANE|2026-07-16|123.12|125.165|104.46|105.83|1361143
MANE|2026-07-17|108.51|117.82|105.01|111.32|949863
MANE|2026-07-20|112.5|115.5|104.45|106.04|473675
MANE|2026-07-21|107.01|112.895|106.83|109.49|513286
MANE|2026-07-22|108.45|113.63|108.19|109.85|349887
MANE|2026-07-23|108.24|116.61|108.2154|115.86|394040
MANE|2026-07-24|115.4|117.93|109.27|109.51|532966
MANE|2026-07-27|111.05|116.09|110.25|111.42|554137
MANE|2026-07-28|112.78|117.08|108.58|111.54|970566
MANE|2026-07-29|110.19|114.215|107.5|107.76|446097
MANE|2026-07-30|106.45|111.07|104.25|104.63|684253
MANE|2026-07-31|103.47|107.64|101.74|105|917342
MANE|2026-08-03|102.15|105|93.77|101.89|2762304
MANE|2026-08-04|102.93|107.82|98.56|107.28|1700018
MANE|2026-08-05|108.62|114.3|107.68|111.34|931886
MANE|2026-08-06|111|111.91|107.39|108.65|455493
MANE|2026-08-07|110.68|114.41|109.8|114.39|541568
MANE|2026-08-10|112.75|113.91|107.665|110.75|604463
MANE|2026-08-11|109.67|110.47|106.78|108.95|561701
MANE|2026-08-12|108.23|111.86|104.98|109.05|1347596
MANE|2026-08-13|108.75|111.98|107.37|111|571582
MANE|2026-08-14|110.28|113.52|109.84|112.71|522942
MANE|2026-08-17|111.28|111.28|106.08|108.22|581075
MANE|2026-08-18|106.4|111.57|106.4|111.31|464073
MANE|2026-08-19|114.5|117.3968|110.07|111.23|748340
MANE|2026-08-20|111|111.39|101.69|105.32|773125
MANE|2026-08-21|105.18|108.87|102.52|102.82|393606
MLTX|2026-06-01|19.02|19.075|18.35|18.82|677946
MLTX|2026-06-02|18.58|18.58|17.66|17.87|1118795
MLTX|2026-06-03|17.81|18.61|17.69|18.27|568679
MLTX|2026-06-04|18.35|18.85|18.21|18.72|439730
MLTX|2026-06-05|18.65|18.74|17.66|17.9|538487
MLTX|2026-06-08|18.24|18.265|17.835|18|1207895
MLTX|2026-06-09|18.29|18.91|17.355|17.8|961456
MLTX|2026-06-10|17.69|17.93|17|17.49|694595
MLTX|2026-06-11|17.39|17.93|17.2|17.75|726205
MLTX|2026-06-12|17.72|18.705|17.67|18.69|738112
MLTX|2026-06-15|19|19.21|18.65|19.19|575685
MLTX|2026-06-16|19.27|19.35|18.23|18.98|810150
MLTX|2026-06-17|19.02|20.125|18.7501|19.19|878661
MLTX|2026-06-18|19.63|19.8|19|19.21|773078
MLTX|2026-06-22|20.025|23.29|19.745|22.16|3461953
MLTX|2026-06-23|20.885|22.32|20.65|21.22|1737114
MLTX|2026-06-24|19.39|20.45|18.86|20|5474247
MLTX|2026-06-25|20.33|20.41|19.7519|19.99|1513921
MLTX|2026-06-26|20.01|20.34|19.78|19.9|1650958
MLTX|2026-06-29|20.07|20.14|19.7|19.91|1305389
MLTX|2026-06-30|20.03|20.12|19.34|19.47|1434098
MLTX|2026-07-01|19.75|19.917|19.09|19.13|1116754
MLTX|2026-07-02|19.2|19.31|18.57|18.95|1391553
MLTX|2026-07-06|19|19.26|18.53|18.88|959373
MLTX|2026-07-07|18.91|19.41|18.46|19.15|1386372
MLTX|2026-07-08|18.96|19.25|18.73|19.07|1194863
MLTX|2026-07-09|19.96|20.08|19.75|19.93|633277
MLTX|2026-07-10|19.96|21.28|19.7|20.36|1937128
MLTX|2026-07-13|20.4|20.92|19.965|20.41|1315025
MLTX|2026-07-14|20.62|20.62|19.47|19.52|1049029
MLTX|2026-07-15|19.44|20.04|19.25|19.96|1004019
MLTX|2026-07-16|19.92|19.92|18.88|19.01|1420484
MLTX|2026-07-17|18.95|19.955|18.71|19.68|725782
MLTX|2026-07-20|19.95|20.29|19.02|19.05|627045
MLTX|2026-07-21|19.08|20.08|18.91|20.06|1153660
MLTX|2026-07-22|19.9|20|18.67|18.94|1137491
MLTX|2026-07-23|18.74|19.555|18.5|19.36|716375
MLTX|2026-07-24|19.48|19.6|18.82|19.02|650755
MLTX|2026-07-27|19.2|20|19.16|19.88|875876
MLTX|2026-07-28|19.65|19.65|18.67|18.71|1009205
MLTX|2026-07-29|18.6|18.98|18.31|18.38|702763
MLTX|2026-07-30|18.44|19.09|18.3|18.99|665633
MLTX|2026-07-31|18.94|18.96|18.3699|18.44|791757
MLTX|2026-08-03|18.5|18.55|17.36|17.4|1267408
MLTX|2026-08-04|17.61|17.975|17.27|17.93|793107
MLTX|2026-08-05|17.94|18.11|17.45|17.55|575957
MLTX|2026-08-06|17.58|18.25|17.58|18.03|622742
MLTX|2026-08-07|18.47|18.63|17.92|18.26|902056
MLTX|2026-08-10|17.235|17.7699|16.51|17.33|3474363
MLTX|2026-08-11|17.48|17.48|15.93|16.59|3603752
MLTX|2026-08-12|16.91|17.4|16.78|17.23|2912878
MLTX|2026-08-13|17.64|17.73|16.47|16.5|1331499
MLTX|2026-08-14|16.31|16.67|16.3|16.47|979091
MLTX|2026-08-17|16.44|16.66|16.2|16.35|1200377
MLTX|2026-08-18|16.36|16.65|16.14|16.34|825254
MLTX|2026-08-19|16.57|16.8559|16.1185|16.74|1440086
MLTX|2026-08-20|16.53|16.74|15.545|15.87|1367677
MLTX|2026-08-21|15.99|16.1|15.58|15.76|1350089
MPWR|2026-06-01|1536.08|1569.99|1508.24|1542.39|590643
MPWR|2026-06-02|1572|1627.85|1558.11|1624.99|692512
MPWR|2026-06-03|1647.51|1697.35|1617.8316|1689.89|438976
MPWR|2026-06-04|1630.035|1666.69|1591.64|1652.6|678468
MPWR|2026-06-05|1591.25|1599.99|1473.95|1481.05|1368042
MPWR|2026-06-08|1559.67|1584.36|1518.34|1559.18|935674
MPWR|2026-06-09|1597.505|1627.64|1405.0001|1531.98|983425
MPWR|2026-06-10|1510.755|1563.37|1468.5|1473.04|735799
MPWR|2026-06-11|1523.44|1593.765|1506.82|1589.55|896594
MPWR|2026-06-12|1592.21|1598.42|1558.19|1577.32|534624
MPWR|2026-06-15|1652.555|1666.64|1605.01|1652.29|761060
MPWR|2026-06-16|1650.88|1656.22|1496.52|1498.77|1038413
MPWR|2026-06-17|1545.56|1548|1435.83|1448.21|1110309
MPWR|2026-06-18|1529.24|1581.04|1515.62|1563.7|1934602
MPWR|2026-06-22|1592.69|1594.8078|1506.37|1537.88|1077908
MPWR|2026-06-23|1443.04|1486.92|1403.36|1423.76|1622686
MPWR|2026-06-24|1423.02|1446.96|1392.5|1434.95|855754
MPWR|2026-06-25|1495.175|1510.755|1373.82|1438.3|996204
MPWR|2026-06-26|1357.45|1373.91|1301.44|1313.32|3434533
MPWR|2026-06-29|1328.39|1342.13|1276.22|1312.77|1049704
MPWR|2026-06-30|1325.905|1388.53|1322.395|1382.36|1492092
MPWR|2026-07-01|1344.89|1386.6|1328.665|1331.73|1296323
MPWR|2026-07-02|1332.85|1382.92|1258.66|1288.16|1176552
MPWR|2026-07-06|1325.74|1371.37|1305.01|1346.13|842162
MPWR|2026-07-07|1274.585|1299.3|1232.036|1272.81|1209318
MPWR|2026-07-08|1264.23|1329.16|1260.57|1315.51|690159
MPWR|2026-07-09|1399.2|1407.09|1360.33|1374.13|880370
MPWR|2026-07-10|1335.76|1364.028|1316.208|1352.74|554951
MPWR|2026-07-13|1307.17|1317.79|1277.64|1291.38|801858
MPWR|2026-07-14|1367.675|1401.29|1345.01|1376.41|777130
MPWR|2026-07-15|1406.04|1406.04|1310.12|1352.66|735129
MPWR|2026-07-16|1318.03|1332.44|1284.21|1305.65|842269
MPWR|2026-07-17|1245.79|1342.81|1231|1312|1016148
MPWR|2026-07-20|1332.96|1371.16|1323.75|1328.8|742026
MPWR|2026-07-21|1385.82|1396|1364.62|1383.26|985724
MPWR|2026-07-22|1353.93|1419.92|1350.49|1398.45|540517
MPWR|2026-07-23|1359.81|1409.99|1359.585|1397.15|689463
MPWR|2026-07-24|1373.81|1385.74|1318.72|1333.81|805261
MPWR|2026-07-27|1340|1364.85|1284.82|1339.08|845985
MPWR|2026-07-28|1283.77|1313.74|1253.7|1282.01|1001150
MPWR|2026-07-29|1263.27|1327.305|1240.02|1248.76|1154597
MPWR|2026-07-30|1290.97|1339.99|1290.63|1316.18|1699373
MPWR|2026-07-31|1499|1568.21|1405.96|1426.03|1535615
MPWR|2026-08-03|1417.78|1421.605|1305.01|1344.37|1215084
MPWR|2026-08-04|1402.1|1425.99|1333.32|1335.03|1218892
MPWR|2026-08-05|1320.01|1358.61|1308.4547|1345.455|699979
MPWR|2026-08-06|1313.25|1415.37|1305.13|1359.08|625915
MPWR|2026-08-07|1385.97|1417.09|1370.95|1401.54|599404
MPWR|2026-08-10|1428.22|1430|1379.17|1381.1|492111
MPWR|2026-08-11|1413.775|1431.63|1383.63|1402.11|413123
MPWR|2026-08-12|1451.18|1464.99|1423.1|1425.01|552171
MPWR|2026-08-13|1421.44|1438.38|1358|1362.55|505477
MPWR|2026-08-14|1360|1404.14|1355.11|1402.01|440280
MPWR|2026-08-17|1418.01|1448.76|1411.6|1415.99|487406
MPWR|2026-08-18|1365.445|1376.525|1303.22|1333.18|1143294
MPWR|2026-08-19|1321.12|1335.19|1267.77|1300.14|710578
MPWR|2026-08-20|1311.34|1327|1295.02|1310.6|434930
MPWR|2026-08-21|1321.13|1337.7|1297.3|1316.28|529551
MRNA|2026-06-01|47.07|47.07|44.2|46.06|6166930
MRNA|2026-06-02|45.35|46.17|43.9|45.64|5672889
MRNA|2026-06-03|45.3|49.55|45.3|49.06|6886414
MRNA|2026-06-04|49.398|51.9|48.94|51.59|6696099
MRNA|2026-06-05|50.77|51.53|46.38|47.44|6070503
MRNA|2026-06-08|48.22|48.99|46.8|47.6|3925616
MRNA|2026-06-09|48.42|48.42|45.4|47.73|5075477
MRNA|2026-06-10|47.215|48.52|45.67|45.99|4201598
MRNA|2026-06-11|46.43|49.94|46.3|49.64|6188464
MRNA|2026-06-12|49.98|51.75|49.62|49.91|5077860
MRNA|2026-06-15|51.37|52.23|49.8401|52.13|6328201
MRNA|2026-06-16|52.24|57.79|51.66|55.4|13015150
MRNA|2026-06-17|56.21|62.3|54.51|61.8|12366043
MRNA|2026-06-18|63.96|67.74|60.73|63.96|24041253
MRNA|2026-06-22|64.07|65.51|57.5|59.345|8313431
MRNA|2026-06-23|59.05|63.98|58.34|61|6816700
MRNA|2026-06-24|61.17|62.75|59.85|60.42|5134675
MRNA|2026-06-25|60.33|61.8565|57.908|59.75|6168758
MRNA|2026-06-26|59.465|69.285|59.23|67.27|14401650
MRNA|2026-06-29|67.945|69.9|66.3|69.7|7917439
MRNA|2026-06-30|69.835|73.28|69.22|70.03|8681356
MRNA|2026-07-01|70.04|73.91|68.8655|72.5|6692470
MRNA|2026-07-02|73.71|81.4|73.68|79.76|13489246
MRNA|2026-07-06|78.55|85.6|77.5|81.8|14571593
MRNA|2026-07-07|82.1|82.9|77.41|79.77|6932312
MRNA|2026-07-08|77.34|78.3|73.3401|73.8|6545770
MRNA|2026-07-09|73.8|76.84|73.14|76.56|4343874
MRNA|2026-07-10|76.722|76.722|67.31|68.27|9142812
MRNA|2026-07-13|66.33|69.55|65.54|67.01|8514671
MRNA|2026-07-14|66.67|67.89|65.8|67.44|5474033
MRNA|2026-07-15|67.79|68.49|65.95|68.28|3418829
MRNA|2026-07-16|67.07|67.42|62.8|63.15|5579167
MRNA|2026-07-17|61.68|63.28|61.06|61.82|4543225
MRNA|2026-07-20|61.46|62.4251|59.3|59.49|4943704
MRNA|2026-07-21|59.51|60.83|58.61|59.66|4116413
MRNA|2026-07-22|59.52|59.86|57.74|58.07|3764801
MRNA|2026-07-23|57.2|58.43|56.275|57.02|4454400
MRNA|2026-07-24|57.255|57.46|53.85|54.07|4398086
MRNA|2026-07-27|54.75|57.07|54.39|55.63|5036752
MRNA|2026-07-28|54.831|55.85|53.345|55.805|5523004
MRNA|2026-07-29|55.04|56.25|54.1601|54.49|4338643
MRNA|2026-07-30|55.965|58.08|54.52|57.92|4424240
MRNA|2026-07-31|57.85|59.49|54.71|54.82|7754137
MRNA|2026-08-03|54.925|58|52.6601|55.14|5171594
MRNA|2026-08-04|56.84|58.34|55.875|56.99|3993591
MRNA|2026-08-05|58|59.4496|55.58|56.255|5145481
MRNA|2026-08-06|57.54|59|53.71|53.86|5577574
MRNA|2026-08-07|54.79|59.415|54.62|59.17|6799144
MRNA|2026-08-10|59.75|60.77|58.41|59.81|6226544
MRNA|2026-08-11|60.21|61.4|58.6|60.57|6548640
MRNA|2026-08-12|60.58|64.26|59.29|63.67|6042418
MRNA|2026-08-13|63.8|65.33|62.33|63.65|8155962
MRNA|2026-08-14|62.89|63.7822|60.82|63.32|4690081
MRNA|2026-08-17|64.775|65.525|62.91|64.46|3822085
MRNA|2026-08-18|63.04|64.46|62.1293|62.96|4297110
MRNA|2026-08-19|116.02|176.66|114.46|174.38|191705760
MRNA|2026-08-20|150.14|155|128.61|133.32|97678331
MRNA|2026-08-21|133.11|159.47|132.42|145.13|86956733
MRVL|2026-06-01|198.91|225.14|195.12|219.43|32631202
MRVL|2026-06-02|253.46|291.3|252.43|290.79|103202528
MRVL|2026-06-03|317.63|324.2|294.0101|301.65|111635557
MRVL|2026-06-04|282.95|321.5|277.56|316.43|85513682
MRVL|2026-06-05|299.5|300.7243|261.39|263.47|88455721
MRVL|2026-06-08|288.69|304.96|281.36|288.85|83826856
MRVL|2026-06-09|299.76|302.4|244|266.88|93864405
MRVL|2026-06-10|263.5|272.47|252.26|252.59|53126355
MRVL|2026-06-11|260.54|282.32|258.43|280.71|56475331
MRVL|2026-06-12|270.07|287.98|267.31|279.7|41906765
MRVL|2026-06-15|296.71|312.9799|288.09|308.88|54412586
MRVL|2026-06-16|299.13|317|278.13|278.67|58600668
MRVL|2026-06-17|292.89|307.37|283.3201|289.54|50152943
MRVL|2026-06-18|305.465|329.88|302.36|310.58|250252987
MRVL|2026-06-22|313.39|314.1717|298.18|307.86|48310734
MRVL|2026-06-23|278.82|290.95|276.25|279.04|46054262
MRVL|2026-06-24|281.95|281.95|263.66|276.7|34684414
MRVL|2026-06-25|291.175|292.51|263.72|281.26|38759738
MRVL|2026-06-26|268.37|274.2|262|266.77|41741370
MRVL|2026-06-29|272.41|278.28|250.52|277.75|31009019
MRVL|2026-06-30|278.75|300|275.5032|297.89|36538019
MRVL|2026-07-01|282.47|292.5|271.345|272.05|33407600
MRVL|2026-07-02|269.5|274.95|237.2|245.29|38428886
MRVL|2026-07-06|254.82|260.46|249.04|249.27|25121767
MRVL|2026-07-07|234.92|237.44|222.94|230.7|34898514
MRVL|2026-07-08|225.16|236.79|224.98|231.71|24581455
MRVL|2026-07-09|246.175|251.7|241.1|243.27|20968807
MRVL|2026-07-10|237.79|240.94|232.02|235.81|14943188
MRVL|2026-07-13|228.775|228.8|215.28|217.53|25170235
MRVL|2026-07-14|231.565|232|218.6301|222.44|19725052
MRVL|2026-07-15|222.155|223.3|201.22|206.26|26669280
MRVL|2026-07-16|200.12|201.94|186.15|188.3|34606694
MRVL|2026-07-17|182.225|194.05|177.95|188.68|29445364
MRVL|2026-07-20|193.005|202.08|191.99|194.94|25081772
MRVL|2026-07-21|205.555|210.6|202.84|207.96|21820728
MRVL|2026-07-22|201.15|214.92|200.58|210.99|16394622
MRVL|2026-07-23|207.86|214.56|205.02|209.32|16193065
MRVL|2026-07-24|202.91|206.065|191.29|194.23|19691204
MRVL|2026-07-27|198.72|199.79|181.76|189.17|21508824
MRVL|2026-07-28|180|181.48|167.32|174.47|28766227
MRVL|2026-07-29|174.03|177.8|162.9|163.4|24866254
MRVL|2026-07-30|178.375|184.3499|175.15|183.3|28596981
MRVL|2026-07-31|199.375|201.35|187.12|187.56|26624471
MRVL|2026-08-03|180.52|194.44|177.57|193.775|20527608
MRVL|2026-08-04|210.01|222.67|208|218.59|33394117
MRVL|2026-08-05|215.98|222.38|210.29|211.02|16521749
MRVL|2026-08-06|205.565|219.462494|201.74|210.54|16496965
MRVL|2026-08-07|219.045|221.87|205.52|218.72|19415550
MRVL|2026-08-10|227.77|230.1|208.51|208.56|20042953
MRVL|2026-08-11|212|212.6599|206.43|212.31|13909395
MRVL|2026-08-12|225.9|226.89|216.88|217.08|24218005
MRVL|2026-08-13|217.68|231.38|217.18|222.18|19117704
MRVL|2026-08-14|221.395|223.5179|217.1|222.02|14340552
MRVL|2026-08-17|227.75|240.18|226.89|234.33|20463789
MRVL|2026-08-18|220.52|225.01|211.1|216|25500440
MRVL|2026-08-19|240.13|245.489|228.1001|237.27|43222877
MRVL|2026-08-20|237.565|251.73|234.527|251.01|28830585
MRVL|2026-08-21|252.39|252.52|233.28|237.04|25246634
MRX|2026-06-01|53.02|54.27|52.78|53.41|689543
MRX|2026-06-02|53.31|53.775|50.425|51|616314
MRX|2026-06-03|50.88|55.035|49.84|53.9|1043332
MRX|2026-06-04|53.57|56|53.1301|54.48|1274804
MRX|2026-06-05|54.52|56|53.34|55.11|705669
MRX|2026-06-08|55.69|59.07|55.575|57.99|996643
MRX|2026-06-09|58.68|60.85|58.05|60.49|1422246
MRX|2026-06-10|60.49|63|59.2801|61.91|1112459
MRX|2026-06-11|62.36|63.71|60.69|63.35|1222878
MRX|2026-06-12|63.03|63.43|61.81|61.96|819489
MRX|2026-06-15|62.61|63.13|60.39|62.5|617697
MRX|2026-06-16|62.79|63.76|61.35|61.45|531438
MRX|2026-06-17|61.45|62.02|60.46|61.59|557340
MRX|2026-06-18|62|65.315|60.8701|64.85|1352109
MRX|2026-06-22|64.85|66.62|63.6116|65.3|979286
MRX|2026-06-23|63.8402|66.92|63.24|66.51|957801
MRX|2026-06-24|66.27|67.35|64.36|64.84|1278082
MRX|2026-06-25|65.37|66.2|63.65|64.12|745312
MRX|2026-06-26|64.11|64.92|63.2|64.23|2785322
MRX|2026-06-29|63.9|64.525|58.41|58.94|1522029
MRX|2026-06-30|59.66|62.92|58|60.95|1011609
MRX|2026-07-01|60.95|66.75|60.95|65.22|1002814
MRX|2026-07-02|65.47|66.6|61.9|62.52|912718
MRX|2026-07-06|63.63|66.45|63.5|66.34|852977
MRX|2026-07-07|66|68.31|65.7|67.21|1090848
MRX|2026-07-08|68.03|69.47|66.6618|67.18|866972
MRX|2026-07-09|68.75|71.18|67.89|70.29|904788
MRX|2026-07-10|70.4|70.9|65.44|65.78|650962
MRX|2026-07-13|65.88|66.5228|63.28|64.875|617349
MRX|2026-07-14|65.66|66.915|64.89|65.68|430345
MRX|2026-07-15|66.56|66.6561|64.61|65.07|752092
MRX|2026-07-16|65.04|65.04|62.35|63.55|908961
MRX|2026-07-17|61.85|61.85|59.11|60.16|879860
MRX|2026-07-20|61.54|63.51|60.39|62.62|734293
MRX|2026-07-21|62.94|65.37|62.94|64.64|567264
MRX|2026-07-22|64.64|66.53|63.14|65.85|462362
MRX|2026-07-23|64.65|66.09|63.87|64.24|894979
MRX|2026-07-24|65.43|65.87|64.03|65.56|582465
MRX|2026-07-27|65.6|66.165|63.31|64.6|645046
MRX|2026-07-28|63.94|65.15|61.57|64.16|702571
MRX|2026-07-29|64|64.5|62.16|63.14|554424
MRX|2026-07-30|64.32|66.53|62.59|65.92|725322
MRX|2026-07-31|66.15|67.01|64.59|64.92|707982
MRX|2026-08-03|64.86|64.91|61.5013|64.02|632345
MRX|2026-08-04|64.41|65.3299|63.985|64.11|509924
MRX|2026-08-05|65.71|65.885|64.045|64.23|375875
MRX|2026-08-06|64.23|64.2999|61.85|62.34|561917
MRX|2026-08-07|63.34|64.18|60.53|60.81|661175
MRX|2026-08-10|61|62.5885|60.02|60.55|628207
MRX|2026-08-11|60.36|61.035|59.34|59.93|676661
MRX|2026-08-12|62.6|71.62092|62.6|71.13|1343624
MRX|2026-08-13|72.16|75.4|72.06|72.36|1152153
MRX|2026-08-14|72.37|72.37|69.43|71.06|815303
MRX|2026-08-17|71.02|73.405|70.505|71.45|640875
MRX|2026-08-18|70.75|72.81|69.49|71.88|487022
MRX|2026-08-19|72.29|73.75|70.03|70.19|413053
MRX|2026-08-20|70.52|72.635|69.43|69.59|714802
MRX|2026-08-21|70.27|73.5|70.27|72.99|486449
MTW|2026-06-01|11.5|11.8|11.29|11.6|316651
MTW|2026-06-02|11.73|12.3|11.7296|12.28|234300
MTW|2026-06-03|12.12|12.42|12.12|12.22|273068
MTW|2026-06-04|12.42|12.64|12.26|12.45|215613
MTW|2026-06-05|12.39|12.47|11.75|11.85|263190
MTW|2026-06-08|11.98|12.09|11.85|11.94|238201
MTW|2026-06-09|12.12|12.57|11.9|12.04|191952
MTW|2026-06-10|12.06|12.0899|11.68|11.77|232944
MTW|2026-06-11|11.92|12.2676|11.83|12.21|479371
MTW|2026-06-12|12.46|12.62|12.34|12.46|167802
MTW|2026-06-15|12.74|12.95|12.51|12.58|161047
MTW|2026-06-16|12.71|13.1|12.71|12.83|231399
MTW|2026-06-17|12.96|13.17|12.58|12.71|286097
MTW|2026-06-18|12.97|13.39|12.97|13.17|607858
MTW|2026-06-22|13.18|13.41|13.1406|13.25|224682
MTW|2026-06-23|13.03|13.29|12.73|13.08|303736
MTW|2026-06-24|13.1|13.615|13.065|13.47|203938
MTW|2026-06-25|13.54|14.5299|13.17|14.46|342959
MTW|2026-06-26|14.33|14.43|14.04|14.34|872143
MTW|2026-06-29|14.25|14.25|13.935|14.15|212323
MTW|2026-06-30|14.13|14.31|13.87|13.89|250579
MTW|2026-07-01|13.75|13.81|12.95|13.09|239695
MTW|2026-07-02|13.21|13.31|12.45|12.52|210341
MTW|2026-07-06|12.59|12.91|12.59|12.88|169321
MTW|2026-07-07|12.78|12.78|12|12.27|233091
MTW|2026-07-08|12.07|12.49|12.05|12.39|271254
MTW|2026-07-09|12.48|12.6|12.27|12.38|212835
MTW|2026-07-10|12.34|12.87|12.2942|12.78|129907
MTW|2026-07-13|12.8|13|12.63|12.72|380412
MTW|2026-07-14|12.92|13.2|12.6401|12.69|143686
MTW|2026-07-15|12.79|13.03|12.6|12.95|177996
MTW|2026-07-16|12.93|13.51|12.91|13.36|195661
MTW|2026-07-17|12.96|13.28|12.79|13.03|189149
MTW|2026-07-20|13.15|13.22|12.78|12.79|188986
MTW|2026-07-21|12.9|13.3|12.86|13.2|335796
MTW|2026-07-22|13.12|13.85|13.12|13.74|206367
MTW|2026-07-23|13.58|14.23|13.58|14.02|179102
MTW|2026-07-24|14.22|14.41|13.84|14.37|215770
MTW|2026-07-27|14.49|14.75|14.19|14.56|197138
MTW|2026-07-28|14.52|14.83|14.44|14.67|190792
MTW|2026-07-29|14.45|14.475|13.6|13.66|269281
MTW|2026-07-30|13.86|13.94|13.59|13.83|187918
MTW|2026-07-31|13.98|14.18|13.33|13.85|265514
MTW|2026-08-03|14.06|14.4511|13.79|14.31|222213
MTW|2026-08-04|14.55|14.7596|14.38|14.45|206170
MTW|2026-08-05|14.59|14.59|14.19|14.25|209184
MTW|2026-08-06|14.43|14.72|14.2|14.21|268724
MTW|2026-08-07|17.14|19.8|17.14|18.81|1344709
MTW|2026-08-10|18.7|19.28|18.3501|18.89|700732
MTW|2026-08-11|19.1|19.64|18.86|19.46|432496
MTW|2026-08-12|19.68|20.265|19.32|20.16|460740
MTW|2026-08-13|20.52|20.92|20.175|20.87|581229
MTW|2026-08-14|20.65|21.34|20.425|20.68|579265
MTW|2026-08-17|20.98|20.98|19.99|20.19|366598
MTW|2026-08-18|20|20.01|19.155|19.3|374601
MTW|2026-08-19|19.3|19.33|18.94|19.18|262039
MTW|2026-08-20|19.35|19.35|18.57|19.09|284836
MTW|2026-08-21|19.32|19.93|19.2|19.68|514524
MU|2026-06-01|1009.72|1046.97|1009.5|1035.5|45929523
MU|2026-06-02|1050|1076.56|1017.201|1064.1|46821531
MU|2026-06-03|1079.01|1089.29|1038.5|1079.57|39066369
MU|2026-06-04|1007.1|1036.3699|971.68|996|53570542
MU|2026-06-05|944.4|961.89|864.01|864.01|75293465
MU|2026-06-08|938.265|962.95|916.5|949.28|53412670
MU|2026-06-09|988.175|989.15|854.35|935.89|72303130
MU|2026-06-10|905.13|957.48|883.25|891.88|54274806
MU|2026-06-11|904.37|996.77|895.5|995.87|58229475
MU|2026-06-12|971.81|1012.6198|960.19|981.61|40430350
MU|2026-06-15|1055.89|1097.47|1001.01|1087.99|44199209
MU|2026-06-16|1099.7|1110.3999|1020|1020.76|44558149
MU|2026-06-17|1061.3|1093.67|1014.14|1043.19|45276322
MU|2026-06-18|1108.065|1149.43|1092.7935|1133.99|63531406
MU|2026-06-22|1196.215|1213.56|1168.57|1211.38|51334039
MU|2026-06-23|1080|1125|1038.5|1051.77|58537757
MU|2026-06-24|1082.22|1083.32|991.1001|1048.51|61931139
MU|2026-06-25|1233|1255|1136.31|1213.56|81628152
MU|2026-06-26|1139.075|1198.7121|1121.36|1132.33|85776421
MU|2026-06-29|1128.7|1148.79|1023.65|1145.28|60197535
MU|2026-06-30|1144.73|1168.68|1124.66|1154.29|40440854
MU|2026-07-01|1082.01|1097|1032.2|1032.28|50177321
MU|2026-07-02|1041.5|1064.64|950.28|975.56|60831258
MU|2026-07-06|1007|1019|980.85|984.75|36064540
MU|2026-07-07|923.01|942.02|891.66|938.38|51679303
MU|2026-07-08|902.64|959|900.41|948.8|43764244
MU|2026-07-09|1016.51|1035.5|987.13|991.64|40466540
MU|2026-07-10|964.975|998|954.13|979.3|31166804
MU|2026-07-13|929|943.5|902.6|937|35261928
MU|2026-07-14|988.38|994.8|950.07|983.12|29814356
MU|2026-07-15|975.805|978.4|873.6301|904.28|54029708
MU|2026-07-16|866.765|887.71|840.51|853.2|45707437
MU|2026-07-17|822.525|903.96|804|848.95|62788562
MU|2026-07-20|885.57|900.9999|858.9|865.46|37272808
MU|2026-07-21|925.35|982.88|916.5701|970.82|48290168
MU|2026-07-22|938.25|982.62|936.06|959.48|30181149
MU|2026-07-23|975.13|1011.77|964.4|990.21|39735469
MU|2026-07-24|959.03|967.14|904|920.95|40201999
MU|2026-07-27|932.445|935|854.79|900.2|47271061
MU|2026-07-28|839.61|848.36|789.09|820.53|58401188
MU|2026-07-29|833|841.8|737.88|739|66961838
MU|2026-07-30|793.135|882.5|789|874.66|60836355
MU|2026-07-31|919.65|930.88|818|823.03|53947168
MU|2026-08-03|786.355|836.62|770.1|829.5|42414476
MU|2026-08-04|866.82|902.4299|858.5|892.67|36485143
MU|2026-08-05|885.3|928.98|881.2|893.19|33865170
MU|2026-08-06|843.11|913.33|827|881.47|35215780
MU|2026-08-07|903.6|904.8|847.02|877.57|33947054
MU|2026-08-10|863.665|894.989|854.4|861|27509667
MU|2026-08-11|871.8|879|844.62|868.52|29238218
MU|2026-08-12|912.94|935.8|899.54|911.29|35890194
MU|2026-08-13|912.89|978|906.5|949.83|36256946
MU|2026-08-14|979.32|984|956.2|971.66|27664655
MU|2026-08-17|999.55|1036.13|995.26|1011.75|32546540
MU|2026-08-18|957.1|978.67|926.64|940.76|36740178
MU|2026-08-19|959.355|960|915.18|937.105|26480444
MU|2026-08-20|935.01|977.28|929.07|974.33|24893241
MU|2026-08-21|989.675|989.96|958.26|966.78|20970868
NAVN|2026-06-01|21.81|23.14|21.752|22.78|4145693
NAVN|2026-06-02|22.165|23.53|21.92|22.87|3042259
NAVN|2026-06-03|22.55|22.8176|21.97|22.16|2541783
NAVN|2026-06-04|22.18|23.5|21.501|22.26|2882250
NAVN|2026-06-05|22.5|22.99|20.69|21.2|3074215
NAVN|2026-06-08|21.38|21.88|21.04|21.44|2489543
NAVN|2026-06-09|21.49|22.06|20.31|20.68|4168073
NAVN|2026-06-10|20.21|21.19|19.67|20.87|5549740
NAVN|2026-06-11|24.25|24.5|22.03|22.63|15535885
NAVN|2026-06-12|20.75|21|18.6|19.93|9289850
NAVN|2026-06-15|20|20.89|19.375|20.1|5656324
NAVN|2026-06-16|19.84|19.84|18.87|19.03|5843418
NAVN|2026-06-17|18.55|21.41|18.35|20.99|8704407
NAVN|2026-06-18|21.35|22.1|20.8|21.91|6338246
NAVN|2026-06-22|21.04|22.18|21.04|21.66|4474411
NAVN|2026-06-23|21.34|21.81|20.97|21.28|4326532
NAVN|2026-06-24|21.49|22.63|21.14|21.78|4129863
NAVN|2026-06-25|21.99|22.65|21.27|21.59|3663987
NAVN|2026-06-26|21.52|22.9|21.44|22.82|15924034
NAVN|2026-06-29|23.175|23.85|22.8|23.71|4059284
NAVN|2026-06-30|23.71|23.98|22.815|22.87|3544041
NAVN|2026-07-01|23.18|24.785|22.99|24.25|4059656
NAVN|2026-07-02|23.61|25.855|23.3072|25.67|6414099
NAVN|2026-07-06|25.31|26.35|24.8|26.3|3702024
NAVN|2026-07-07|26.48|28.22|26.48|27.25|7677204
NAVN|2026-07-08|25.5|25.905|24.1513|25.52|7567165
NAVN|2026-07-09|25.06|25.98|24.645|25.63|3492527
NAVN|2026-07-10|25.89|26.01|25.06|25.92|3535400
NAVN|2026-07-13|26|26.49|25.55|26.13|5029967
NAVN|2026-07-14|26.01|26.4|25.54|25.8|3638755
NAVN|2026-07-15|25.52|26.045|25.018|25.29|5294216
NAVN|2026-07-16|26.03|27|25.29|25.8|3865727
NAVN|2026-07-17|25.29|26.145|25.21|25.96|3593953
NAVN|2026-07-20|26.055|27.93|25.5945|27.73|2900325
NAVN|2026-07-21|27.625|27.9427|25.97|26.62|3193892
NAVN|2026-07-22|26.62|26.62|23.28|23.54|4358483
NAVN|2026-07-23|23.14|23.49|22.15|22.23|2107080
NAVN|2026-07-24|22.54|24.1|22.38|23.2|2962084
NAVN|2026-07-27|23.79|26.14|23.66|25.78|3829846
NAVN|2026-07-28|26|26.6|24.72|26.35|2961488
NAVN|2026-07-29|26.01|27.1|25.87|26.56|3961609
NAVN|2026-07-30|26.375|26.85|25.69|26.71|2617107
NAVN|2026-07-31|26.585|27.06|26.01|26.62|1290862
NAVN|2026-08-03|27.28|28.005|27|27.48|2360363
NAVN|2026-08-04|27.085|28.07|26.6001|27.87|3232545
NAVN|2026-08-05|28.215|28.48|27.45|27.65|1502945
NAVN|2026-08-06|27.99|27.99|26.68|27.86|1575244
NAVN|2026-08-07|28.45|29.42|28.29|29.08|2513825
NAVN|2026-08-10|29.01|29.88|28.65|28.68|1969878
NAVN|2026-08-11|28.68|29.25|28.16|28.93|1937824
NAVN|2026-08-12|28.92|29.5|28.51|28.78|1840554
NAVN|2026-08-13|28.83|29.99|28.83|29.71|1943584
NAVN|2026-08-14|29.92|29.92|28.5868|29.255|1947430
NAVN|2026-08-17|29.05|29.47|28.47|28.72|2784211
NAVN|2026-08-18|28.8|29.84|28.72|29.2|1961323
NAVN|2026-08-19|29.44|29.81|28.93|29.18|1699513
NAVN|2026-08-20|28.9|29.145|28.33|28.56|1501907
NAVN|2026-08-21|28.76|29.235|28|29.16|1345511
NESR|2026-06-01|24.09|25|23.74|24.4|2143417
NESR|2026-06-02|24.4|25.17|24.33|24.72|1226097
NESR|2026-06-03|25.48|25.48|24.5|25|1441450
NESR|2026-06-04|24.73|25.42|24.27|25.33|1125852
NESR|2026-06-05|25.04|25.04|23.6|23.9|1435114
NESR|2026-06-08|24.9|25.53|24.6624|25.13|1164401
NESR|2026-06-09|25.43|25.545|23.41|24.06|1177603
NESR|2026-06-10|24.05|24.35|23.45|23.53|1528632
NESR|2026-06-11|23.93|25.09|23.8|24.86|2184784
NESR|2026-06-12|24.58|26.6|24.53|26.5|3442158
NESR|2026-06-15|27.62|27.69|25.95|26.11|2774320
NESR|2026-06-16|26.01|26.4504|24.75|24.94|1430094
NESR|2026-06-17|24.96|25.366|23.99|24.02|1712849
NESR|2026-06-18|24.5|24.79|23.56|24.54|6359014
NESR|2026-06-22|24.57|25.16|23.86|25.06|1380600
NESR|2026-06-23|24.38|25.35|24.1|25.07|1595018
NESR|2026-06-24|24.82|25.35|24.15|25.17|2602636
NESR|2026-06-25|25.18|27.43|25.075|26.98|5253384
NESR|2026-06-26|26.92|28.36|26.81|28.24|6077656
NESR|2026-06-29|28.29|28.6|27.825|28.49|3355278
NESR|2026-06-30|29.76|30.31|29.13|29.93|3105469
NESR|2026-07-01|29.16|30.25|28.65|28.8|2450689
NESR|2026-07-02|29|29.29|27.11|27.9|2061100
NESR|2026-07-06|27.96|29.02|27.155|27.63|2181338
NESR|2026-07-07|27.362|29.035|27.2633|27.77|2341973
NESR|2026-07-08|27.97|28.71|26.21|27.2|2997799
NESR|2026-07-09|27.58|28.35|27.255|27.88|1540297
NESR|2026-07-10|28.25|28.91|28.01|28.62|1772210
NESR|2026-07-13|28.53|29.1|28.01|28.2|1793545
NESR|2026-07-14|29.11|29.35|28.56|29.29|1304011
NESR|2026-07-15|29.98|29.98|27.81|28.89|1643710
NESR|2026-07-16|28.46|28.94|27.61|27.88|1741466
NESR|2026-07-17|27.47|28.59|27.08|27.99|1850157
NESR|2026-07-20|28.09|28.19|27.03|27.23|1323303
NESR|2026-07-21|27.91|28.76|27.5|28.47|2362802
NESR|2026-07-22|28.33|29.295|28.33|28.93|2110244
NESR|2026-07-23|28.52|29.06|27.77|27.88|1778586
NESR|2026-07-24|28.115|28.72|27.49|27.62|1483674
NESR|2026-07-27|27.6|28.19|26.38|26.87|1388588
NESR|2026-07-28|26.64|26.64|25.07|25.55|1910468
NESR|2026-07-29|25.63|25.905|24.37|24.41|1671775
NESR|2026-07-30|25.19|26.59|25.1601|26.44|1944976
NESR|2026-07-31|27.1|27.42|26.07|26.96|1261652
NESR|2026-08-03|26.59|27.94|26.04|27.78|1498428
NESR|2026-08-04|28.28|29.11|27.97|28.77|2272724
NESR|2026-08-05|29.04|29.21|28.14|28.15|1414569
NESR|2026-08-06|28.45|29.49|28.09|28.85|1247586
NESR|2026-08-07|28.86|29.56|28.85|29.02|1575765
NESR|2026-08-10|32|36.6|31.86|35.79|8876361
NESR|2026-08-11|35.76|36.7699|35|36.01|3190717
NESR|2026-08-12|36.42|36.69|34.77|34.82|1794682
NESR|2026-08-13|34.415|36.02|34|35.9|1827224
NESR|2026-08-14|36.09|36.82|35.75|36.31|1812984
NESR|2026-08-17|36.85|36.94|35.58|35.78|1645449
NESR|2026-08-18|35.7|36|34.74|35.29|1611895
NESR|2026-08-19|35.9|35.9|33.485|33.545|2892859
NESR|2026-08-20|33.68|34.455|32.62|32.72|1754388
NESR|2026-08-21|33|33.35|32.05|33.03|1802520
NET|2026-06-01|244|271.2|242.37|270.82|8280239
NET|2026-06-02|262.774|274.6299|262.5331|272.66|4881998
NET|2026-06-03|270|270.23|260.74|265.33|3812812
NET|2026-06-04|260|276.815|253.94|268.64|4386698
NET|2026-06-05|267.87|268.82|246.94|250.11|4728889
NET|2026-06-08|253.16|254.7|246|247.79|3156550
NET|2026-06-09|245.895|249.245|228.03|236.13|4947753
NET|2026-06-10|233.465|236.89|219.08|219.67|5534798
NET|2026-06-11|218.335|228.82|216.5|227.44|3137165
NET|2026-06-12|229.95|231.9|222.02|228.48|2248832
NET|2026-06-15|229.345|239|227.045|235.71|3326758
NET|2026-06-16|233.74|238.83|229|230.97|2686379
NET|2026-06-17|231.13|236.0699|226.85|226.87|2643700
NET|2026-06-18|225.54|225.54|216.03|224.06|4390125
NET|2026-06-22|222.07|225.58|212.32|218.38|3350544
NET|2026-06-23|215.16|230.11|214.6001|224.94|2888571
NET|2026-06-24|223.09|228.35|220.91|223.48|2174548
NET|2026-06-25|221.39|227.57|216.04|226.65|2962147
NET|2026-06-26|225.88|237.34|220.95|237.24|6157417
NET|2026-06-29|239.29|248.7099|235|243.76|3605066
NET|2026-06-30|240|247.74|240|245.28|2500933
NET|2026-07-01|249.72|252.349|244.21|246.31|2538497
NET|2026-07-02|242|248.04|238.9|242.41|2825339
NET|2026-07-06|240.73|250.86|239.64|247.55|2068076
NET|2026-07-07|259.175|274|254|268.83|6154480
NET|2026-07-08|267.89|274.45|257.6|273.4|3703571
NET|2026-07-09|272.54|278.88|268.6002|275.8|3005014
NET|2026-07-10|279.74|280.14|266.84|268.4|2247730
NET|2026-07-13|266.71|276.3821|263.37|269.53|2118519
NET|2026-07-14|268|284.63|266.01|281.75|3977161
NET|2026-07-15|288.86|291|271.13|273.04|2986661
NET|2026-07-16|274.46|277.84|266.72|272.46|2629949
NET|2026-07-17|262.68|281.99|261.725|277.66|3027938
NET|2026-07-20|278.84|280.57|272.12|272.42|3110982
NET|2026-07-21|272.97|277.25|268.9768|272.31|3714401
NET|2026-07-22|271.75|272.5|265.0701|268.98|2553723
NET|2026-07-23|272.94|276.8937|260.57|262.32|2331874
NET|2026-07-24|265.96|266.8|261.5|262.15|1820636
NET|2026-07-27|267.48|272.4475|257.6|265.61|2604416
NET|2026-07-28|263.36|268.455|250.69|264.1|2601770
NET|2026-07-29|264.56|279.915|262.95|270.38|3289888
NET|2026-07-30|271.375|285|265|283.39|3114920
NET|2026-07-31|284.92|293.8|275.04|278.98|3698251
NET|2026-08-03|278.845|288.69|276.07|282.74|3092989
NET|2026-08-04|280|303.76|278.51|301.33|5351323
NET|2026-08-05|300.08|305|291|292.96|3946779
NET|2026-08-06|283.18|291.755|280.13|284.43|5280868
NET|2026-08-07|318|324.73|295.89|300.27|8756763
NET|2026-08-10|295.5|312.66|290.49|310.59|7768587
NET|2026-08-11|307.6|313.77|295.5|306.97|6158158
NET|2026-08-12|308.96|320.3|308.55|311.45|3089381
NET|2026-08-13|313.775|332.22|313.02|330.83|4943261
NET|2026-08-14|331|331.9495|315.19|315.78|3017571
NET|2026-08-17|311.79|315.35|303.99|307.01|3318526
NET|2026-08-18|303.775|309.9606|297.6326|301.36|2314068
NET|2026-08-19|300.1|301.66|285.72|291.88|3090465
NET|2026-08-20|290.62|292.485|277.83|278.91|3053244
NET|2026-08-21|280.86|293.57|274.03|293.14|2967389
NKE|2026-06-01|45.515|46.275|45.05|45.93|25689360
NKE|2026-06-02|45.78|45.78|43.51|43.73|28266723
NKE|2026-06-03|43.65|43.99|43.16|43.81|18805148
NKE|2026-06-04|44.5|44.7|43.13|43.62|17266519
NKE|2026-06-05|43.3|43.735|42.79|42.98|18320437
NKE|2026-06-08|43.06|43.855|42.65|43.23|17756041
NKE|2026-06-09|43.52|45.275|43.27|44.65|21464245
NKE|2026-06-10|43.77|44.5799|43.31|43.96|15107963
NKE|2026-06-11|44.52|45.98|44.22|45.96|16579582
NKE|2026-06-12|46.29|46.31|44.85|44.93|16490231
NKE|2026-06-15|45.355|46.092|45.085|45.2|14303367
NKE|2026-06-16|45.505|46.1|45|45.04|19554346
NKE|2026-06-17|44.9|45.85|44.16|44.19|20789633
NKE|2026-06-18|44.41|45.705|44.24|45.2|32281162
NKE|2026-06-22|44.62|44.91|43.14|43.19|25809831
NKE|2026-06-23|42.39|43.19|42.32|42.38|29573846
NKE|2026-06-24|42.035|42.33|41.31|41.82|32758665
NKE|2026-06-25|41.8|41.8551|40.44|40.9|26214926
NKE|2026-06-26|40.07|41.47|40|40.75|33784196
NKE|2026-06-29|41.14|41.685|40.7703|41.48|27606737
NKE|2026-06-30|41.38|41.635|40.89|41.05|53892306
NKE|2026-07-01|41.4|43.28|40.11|43.06|79645912
NKE|2026-07-02|44.11|45.035|43.6|44.09|31242313
NKE|2026-07-06|43.9|44.11|41.84|43.34|21180490
NKE|2026-07-07|43.72|44.04|42.88|43.21|14521444
NKE|2026-07-08|42.7|43.255|42.07|42.89|17570260
NKE|2026-07-09|42.69|43.06|42.13|42.78|19490454
NKE|2026-07-10|43.42|44.63|43.06|44.37|20105206
NKE|2026-07-13|44.76|44.9|43.672|43.76|13167536
NKE|2026-07-14|44.31|44.492|42.47|42.86|13062194
NKE|2026-07-15|43|43.58|42.48|42.77|14229205
NKE|2026-07-16|42.9|44.67|42.9|44.57|15902141
NKE|2026-07-17|44.52|44.98|43.515|43.76|15782148
NKE|2026-07-20|43.8362|43.8362|42.825|43.47|11911966
NKE|2026-07-21|43.06|43.56|42.75|42.96|11456901
NKE|2026-07-22|42.45|42.91|41.57|42.21|18706468
NKE|2026-07-23|41.8|42.08|40.69|40.99|17957985
NKE|2026-07-24|41.19|42.15|40.885|41.7|25973254
NKE|2026-07-27|42.15|42.6|41.5801|42.14|16941543
NKE|2026-07-28|42.75|43.27|42.515|43.05|23033409
NKE|2026-07-29|42.6|43.685|42.4|43.22|14670170
NKE|2026-07-30|42.5|42.5|41.23|42.29|16916663
NKE|2026-07-31|42.02|42.075|41.49|41.71|22575629
NKE|2026-08-03|42.57|43.205|42.06|42.64|21307042
NKE|2026-08-04|41.35|42.0899|40.911|41.53|27327517
NKE|2026-08-05|41.645|42.48|41.36|42.45|19408420
NKE|2026-08-06|42.515|42.64|41.845|42|15905157
NKE|2026-08-07|42.02|42.37|41.61|41.7|19574522
NKE|2026-08-10|41.7402|42.23|41.135|42.11|21415400
NKE|2026-08-11|41.48|41.53|40.83|41.32|25282925
NKE|2026-08-12|41.03|41.245|40.45|40.51|27818200
NKE|2026-08-13|40.74|41.47|40.48|41.23|23187125
NKE|2026-08-14|41.23|41.33|40.71|40.73|19439602
NKE|2026-08-17|40.35|40.6|38.86|39.09|56701869
NKE|2026-08-18|39.65|40.64|39.225|40.06|37883429
NKE|2026-08-19|40.525|41.305|40.37|41.05|20770294
NKE|2026-08-20|40.49|40.6351|39.805|40.21|16615964
NKE|2026-08-21|40.26|41.125|40.24|40.76|14670867
NMAX|2026-06-01|8.61|8.99|8.27|8.7|1388191
NMAX|2026-06-02|8.6|9.28|8.44|9.06|1588194
NMAX|2026-06-03|8.87|8.87|8.12|8.56|1669482
NMAX|2026-06-04|8.69|10|8.64|9.57|2685752
NMAX|2026-06-05|9.46|9.6737|9|9.11|1329766
NMAX|2026-06-08|9.12|9.45|8.89|8.89|1122736
NMAX|2026-06-09|8.86|9.36|8.75|9.23|1197640
NMAX|2026-06-10|9.02|9.45|8.9|8.97|1265108
NMAX|2026-06-11|9|9.1543|8.51|8.76|1315900
NMAX|2026-06-12|8.62|8.7|8.16|8.19|1194791
NMAX|2026-06-15|8.26|8.315|7.67|7.82|1589430
NMAX|2026-06-16|7.75|7.75|7.31|7.5|1339379
NMAX|2026-06-17|7.43|7.77|7.43|7.5|1287943
NMAX|2026-06-18|7.5|7.79|7.4|7.78|1331426
NMAX|2026-06-22|7.69|7.75|6.935|7.05|1748715
NMAX|2026-06-23|6.96|7.41|6.94|7.35|1266066
NMAX|2026-06-24|7.28|7.3799|6.93|7.02|1167085
NMAX|2026-06-25|6.94|7.06|6.52|6.67|1370532
NMAX|2026-06-26|6.63|7.5|6.63|7.49|2956351
NMAX|2026-06-29|7.605|8.05|7.585|7.78|1625748
NMAX|2026-06-30|7.68|8.32|7.5|8.28|1487005
NMAX|2026-07-01|8.45|9.37|8.4|9.37|2437927
NMAX|2026-07-02|9.38|9.525|8.88|8.99|1530580
NMAX|2026-07-06|8.85|9.19|8.679|9.05|735349
NMAX|2026-07-07|9.17|9.29|8.67|8.74|665715
NMAX|2026-07-08|8.62|8.62|8.34|8.44|842431
NMAX|2026-07-09|8.36|8.56|8.1|8.46|580789
NMAX|2026-07-10|8.57|8.57|8.09|8.23|709875
NMAX|2026-07-13|8.38|8.565|8.25|8.4|583995
NMAX|2026-07-14|8.31|8.605|8.16|8.31|498987
NMAX|2026-07-15|8.41|8.78|8.37|8.49|512369
NMAX|2026-07-16|8.61|8.66|8.37|8.51|456077
NMAX|2026-07-17|8.25|8.61|8.17|8.36|411774
NMAX|2026-07-20|8.33|8.45|8.15|8.19|608728
NMAX|2026-07-21|8.16|8.2631|8.03|8.16|521172
NMAX|2026-07-22|8.16|8.26|7.94|8.01|590050
NMAX|2026-07-23|7.92|7.98|7.65|7.75|536844
NMAX|2026-07-24|7.81|7.835|7.5|7.5|559129
NMAX|2026-07-27|7.73|7.94|7.6409|7.73|521305
NMAX|2026-07-28|7.66|8.14|7.5|7.97|2359652
NMAX|2026-07-29|7.95|8.16|7.52|7.64|764025
NMAX|2026-07-30|7.6|7.77|7.51|7.67|571050
NMAX|2026-07-31|7.71|7.89|7.62|7.71|674541
NMAX|2026-08-03|7.84|8.085|7.74|7.89|753750
NMAX|2026-08-04|7.9|8.4|7.9|8.36|832188
NMAX|2026-08-05|8.375|8.41|8.1425|8.41|625662
NMAX|2026-08-06|8.35|8.6296|8.3151|8.56|515449
NMAX|2026-08-07|8.65|9.04|8.65|8.97|686592
NMAX|2026-08-10|8.92|9.09|8.615|8.77|509478
NMAX|2026-08-11|8.76|8.805|8.571|8.73|562758
NMAX|2026-08-12|8.72|8.87|8.61|8.86|448290
NMAX|2026-08-13|8.89|9.52|8.83|9.49|1722215
NMAX|2026-08-14|9.895|11.59|9.895|10.87|5938437
NMAX|2026-08-17|10.97|11.29|9.69|10.36|1919783
NMAX|2026-08-18|10.31|11.78|10.31|11.43|2362089
NMAX|2026-08-19|11.5|11.6|10.74|10.91|1555497
NMAX|2026-08-20|10.89|11.35|10.67|10.87|1298221
NMAX|2026-08-21|10.89|11.25|10.75|10.75|781941
NNE|2026-06-01|28.41|31.05|27.57|29.7|3588764
NNE|2026-06-02|29.14|31.59|28.8|30.57|3299043
NNE|2026-06-03|29.91|29.91|25.7|26.37|6569105
NNE|2026-06-04|25.74|26.5|25.02|26.16|2355357
NNE|2026-06-05|25.42|25.5|22.76|23.56|3826651
NNE|2026-06-08|26.3|26.62|24.7|25.85|4299717
NNE|2026-06-09|26.17|26.68|22.55|23.94|3680019
NNE|2026-06-10|23.45|24.3284|21.9501|22.115|2949454
NNE|2026-06-11|22.1|23.79|21.5|23.55|3288475
NNE|2026-06-12|23.7|24.32|22.9|23.18|1903624
NNE|2026-06-15|24.8|25.76|24.7101|25.08|2496886
NNE|2026-06-16|24.7|25.77|23.91|24.01|1733989
NNE|2026-06-17|24.59|27.39|24.48|25.31|4725024
NNE|2026-06-18|26.5|28.6955|26.01|28.21|5375166
NNE|2026-06-22|27.37|27.57|25.625|25.64|3094761
NNE|2026-06-23|24.4|26.55|23.86|23.9|2797485
NNE|2026-06-24|23.9|24.055|22.46|23.15|2584166
NNE|2026-06-25|22.5|22.99|20.6|20.65|3779596
NNE|2026-06-26|20.05|20.52|19.62|19.87|4367401
NNE|2026-06-29|21.05|21.65|20.26|21.32|2705849
NNE|2026-06-30|21.22|21.59|20.7501|21.14|1837850
NNE|2026-07-01|21.2|21.78|20.51|20.75|2253388
NNE|2026-07-02|20.98|22.3899|19.6513|20.03|3084776
NNE|2026-07-06|20.12|20.7299|19.7301|20.19|2172019
NNE|2026-07-07|19.75|19.999|18.08005|18.875|2893575
NNE|2026-07-08|18.34|19.205|18.04|18.96|2241032
NNE|2026-07-09|19.01|19.49|18.6105|19.29|1781802
NNE|2026-07-10|19.55|19.6|18.57|18.86|1387770
NNE|2026-07-13|18.47|18.64|17.745|18.02|2007366
NNE|2026-07-14|18.1|18.48|17.9|18.14|1680053
NNE|2026-07-15|18.49|18.75|17.2601|17.87|2217517
NNE|2026-07-16|17.31|17.445|15.78|16.2|4099757
NNE|2026-07-17|15.77|16.74|15.4405|16.03|2069116
NNE|2026-07-20|16.18|16.75|15.8|16.41|1695491
NNE|2026-07-21|16.74|17.31|16.6|17.3|1777683
NNE|2026-07-22|17.36|18.35|17.12|17.32|1791036
NNE|2026-07-23|16.9|17.43|16.61|16.88|1418965
NNE|2026-07-24|16.64|16.865|15.505|15.59|2165325
NNE|2026-07-27|16.6|17.499|16.23|16.79|2354334
NNE|2026-07-28|15.95|16.3|15.2001|16.06|2071514
NNE|2026-07-29|15.82|16.06|14.71|14.88|2223811
NNE|2026-07-30|15.5|16.8|15.15|16.68|2127375
NNE|2026-07-31|17.13|17.2|15.73|15.91|2097930
NNE|2026-08-03|15.9|17.63|15.66|17.58|2586730
NNE|2026-08-04|18.48|18.65|17.706|18.17|2219426
NNE|2026-08-05|18.065|18.4997|17.63|17.88|1406913
NNE|2026-08-06|17.965|18.07|17.28|17.61|1716405
NNE|2026-08-07|18.3|19.17|17.73|18.85|1835983
NNE|2026-08-10|18.99|19.23|18.3|18.57|1494667
NNE|2026-08-11|18.7|19.449|18.34|19.38|1823012
NNE|2026-08-12|19.78|19.96|18.8537|19.01|2454136
NNE|2026-08-13|19.61|20.77|19.255|20.52|3252895
NNE|2026-08-14|20.25|21.13|19.5|19.66|1816611
NNE|2026-08-17|19.7|19.94|19.1192|19.59|1276861
NNE|2026-08-18|18.87|19.312|18.18|18.25|1871457
NNE|2026-08-19|18.32|19.29|18.02|19.15|1639471
NNE|2026-08-20|18.71|18.9616|17.79|18.23|1529204
NNE|2026-08-21|18.53|19.3804|18.45|18.85|1493352
NRIX|2026-06-01|17.73|17.73|16.85|17.39|851620
NRIX|2026-06-02|17.02|17.2345|16.29|16.37|1050537
NRIX|2026-06-03|16.31|16.34|15.43|15.48|1321023
NRIX|2026-06-04|15.67|15.91|15.255|15.28|1572787
NRIX|2026-06-05|15.31|15.575|14.24|14.64|1632969
NRIX|2026-06-08|16.725|18.2|15.36|15.64|20974956
NRIX|2026-06-09|16|16.99|14.67|15.64|6598659
NRIX|2026-06-10|15.8|16.115|15.17|15.3|2500688
NRIX|2026-06-11|15.19|17.17|15.15|16.98|3980373
NRIX|2026-06-12|17.16|18.91|16.88|16.95|2559955
NRIX|2026-06-15|17.15|17.87|16.8001|17.04|2681842
NRIX|2026-06-16|16.93|17.4|16.5|17.07|2307693
NRIX|2026-06-17|17.16|18|17.01|17.12|2124912
NRIX|2026-06-18|17.64|17.89|16.95|17.55|4243516
NRIX|2026-06-22|17.83|18.85|17.83|18.65|1507245
NRIX|2026-06-23|18.49|19.1188|18.39|18.86|1572662
NRIX|2026-06-24|18.99|19.99|18.915|19.3|1349894
NRIX|2026-06-25|19.4|23.09|19.345|22.46|5325703
NRIX|2026-06-26|22.2|23.715|21.78|22.9|5990954
NRIX|2026-06-29|23.16|24.03|22.97|23.85|2423063
NRIX|2026-06-30|23.94|24.88|23.5|24.26|1805061
NRIX|2026-07-01|24.605|24.81|23.76|23.91|1144452
NRIX|2026-07-02|24|24.22|23.22|23.97|1267575
NRIX|2026-07-06|23.76|24.265|23.105|24.04|723054
NRIX|2026-07-07|24.08|24.595|23.7438|24.4|1231647
NRIX|2026-07-08|23.8|24.44|23.315|24.31|1372149
NRIX|2026-07-09|24.895|24.9499|24.47|24.69|780568
NRIX|2026-07-10|24.86|24.86|22.33|23.06|1552938
NRIX|2026-07-13|22.56|22.75|21.23|22.71|1550656
NRIX|2026-07-14|23.08|23.285|22.61|22.98|1534517
NRIX|2026-07-15|22.85|23.95|22.49|23.85|1064442
NRIX|2026-07-16|23.72|23.97|22.88|23.07|861358
NRIX|2026-07-17|22.68|23.82|22.45|23.12|794887
NRIX|2026-07-20|23.19|23.75|22.64|22.71|1371793
NRIX|2026-07-21|22.73|23.69|22.73|23.48|938078
NRIX|2026-07-22|23.75|24.025|23.195|23.6|1130591
NRIX|2026-07-23|23.415|24.17|22.87|23.74|965869
NRIX|2026-07-24|23.93|23.999|23.1|23.38|833101
NRIX|2026-07-27|23.65|24.29|23.23|23.43|1282826
NRIX|2026-07-28|23.57|24.18|22.555|24.15|1147860
NRIX|2026-07-29|24.28|24.64|23.33|23.6|1147882
NRIX|2026-07-30|23.9|23.9|22.91|23.58|1201382
NRIX|2026-07-31|23.58|23.78|23.075|23.21|761615
NRIX|2026-08-03|22.96|23.31|22.635|23.22|1291101
NRIX|2026-08-04|23.7|24.83|23.24|24.69|1093894
NRIX|2026-08-05|24.915|25.4|24.54|25.12|1063239
NRIX|2026-08-06|25.175|25.4899|24.565|25.22|618074
NRIX|2026-08-07|25.27|25.89|25.0039|25.53|647393
NRIX|2026-08-10|25.36|26.035|25.13|25.88|898904
NRIX|2026-08-11|26.03|26.36|25.4602|25.96|700356
NRIX|2026-08-12|25.95|26.82|25.775|26.63|912551
NRIX|2026-08-13|26.92|27.35|26.44|27.19|1371926
NRIX|2026-08-14|27.01|27.245|26.19|27.05|738223
NRIX|2026-08-17|26.62|27.22|26.5|27.17|1131834
NRIX|2026-08-18|26.51|27.04|26.51|26.93|814357
NRIX|2026-08-19|27.5|28.23|27.015|27.79|2011837
NRIX|2026-08-20|27.33|27.565|26.6792|27.05|1054550
NRIX|2026-08-21|27.41|27.5|26.7|26.72|1485856
NTLA|2026-06-01|13.76|14.1711|13.41|13.73|3553704
NTLA|2026-06-02|13.48|13.55|12.88|13.13|3938180
NTLA|2026-06-03|12.97|13.0378|12.47|13.02|3068402
NTLA|2026-06-04|13.2|15.49|13.12|14.75|9590878
NTLA|2026-06-05|14.5|14.79|12.89|13.54|7463380
NTLA|2026-06-08|13.83|14.04|13.325|13.49|3412504
NTLA|2026-06-09|13.77|14.25|12.54|12.89|5620546
NTLA|2026-06-10|12.66|13.14|12.19|12.2|3936365
NTLA|2026-06-11|12.155|12.445|11.81|12.35|7921201
NTLA|2026-06-12|12.29|12.99|11.95|12.11|10200203
NTLA|2026-06-15|12.78|15|12.76|14.92|16302260
NTLA|2026-06-16|14.78|14.92|13.535|14.55|8639822
NTLA|2026-06-17|14.87|16.73|14.43|15.2|12414377
NTLA|2026-06-18|15.525|16.2|15.04|15.67|8837787
NTLA|2026-06-22|15.865|16.32|15.57|15.75|5096157
NTLA|2026-06-23|15.43|15.93|15.06|15.25|4876630
NTLA|2026-06-24|15.33|16.1201|15.2961|15.5|3606313
NTLA|2026-06-25|15.62|16.26|15.575|16.03|3463101
NTLA|2026-06-26|15.75|16.96|15.67|16.68|9805614
NTLA|2026-06-29|16.67|17.18|15.935|16.61|5570886
NTLA|2026-06-30|16.58|16.95|16|16.92|3799275
NTLA|2026-07-01|16.78|17.828|16.72|17.24|3725536
NTLA|2026-07-02|17.63|18.48|17.295|17.56|4159610
NTLA|2026-07-06|17.33|18.08|16.17|17.84|3833287
NTLA|2026-07-07|17.85|18.11|16.85|17.43|3168767
NTLA|2026-07-08|16.81|17.09|16.35|16.84|3536235
NTLA|2026-07-09|16.59|17.16|15.145|15.44|7366160
NTLA|2026-07-10|15.44|15.44|14.1|14.215|6151872
NTLA|2026-07-13|13.76|13.77|12.7725|13.02|7466508
NTLA|2026-07-14|13.31|13.57|13|13.3|3966159
NTLA|2026-07-15|13.13|13.38|12.88|13.04|3924036
NTLA|2026-07-16|12.43|12.59|11.651|11.86|6519846
NTLA|2026-07-17|11.73|11.835|11.35|11.375|4318181
NTLA|2026-07-20|11.52|11.66|10.91|10.92|3715826
NTLA|2026-07-21|11.06|11.56|10.93|11.47|3506403
NTLA|2026-07-22|11.25|11.46|11.075|11.13|2375786
NTLA|2026-07-23|10.96|11.345|10.92|11.1|3753216
NTLA|2026-07-24|11.26|11.32|10.715|10.73|3454505
NTLA|2026-07-27|10.99|11.31|10.63|10.67|2882287
NTLA|2026-07-28|10.524|10.94|10.15|10.89|4852518
NTLA|2026-07-29|10.77|11.18|10.5428|10.8|3465632
NTLA|2026-07-30|10.91|11.13|10.83|11.09|3174794
NTLA|2026-07-31|11.13|11.19|10.6|10.68|2636691
NTLA|2026-08-03|10.55|10.84|10.4|10.77|3311756
NTLA|2026-08-04|10.975|11.335|10.755|11.32|4334125
NTLA|2026-08-05|11.31|11.43|10.85|10.97|4721774
NTLA|2026-08-06|10.64|11.32|10.64|11.24|4305393
NTLA|2026-08-07|11.88|12.08|11.47|11.94|4904114
NTLA|2026-08-10|11.8|12.24|11.75|12.02|3025833
NTLA|2026-08-11|11.96|12.14|11.69|12.02|2563571
NTLA|2026-08-12|12.06|12.31|11.88|12.09|2036052
NTLA|2026-08-13|12.105|12.1733|11.81|11.83|2932174
NTLA|2026-08-14|11.83|12.0389|11.41|11.91|2357952
NTLA|2026-08-17|11.91|12.2195|11.75|12.09|1817461
NTLA|2026-08-18|11.8|12.1|11.44|11.6|3173698
NTLA|2026-08-19|12.1|13.35|12.01|13.28|6088555
NTLA|2026-08-20|12.95|13.04|12.29|12.44|4688474
NTLA|2026-08-21|12.65|13.13|12.65|12.84|3341494
NVCR|2026-06-01|17.025|17.79|16.49|16.56|1571741
NVCR|2026-06-02|16.48|16.48|15.65|15.82|1326180
NVCR|2026-06-03|15.64|16.17|14.845|16.15|1692753
NVCR|2026-06-04|16.23|18.39|16.23|17.99|2250637
NVCR|2026-06-05|17.6|17.9662|17|17.16|2138238
NVCR|2026-06-08|17.26|17.91|16.83|16.85|1177187
NVCR|2026-06-09|17.07|17.655|16.975|17.24|1433664
NVCR|2026-06-10|17.03|17.54|16.62|16.65|982064
NVCR|2026-06-11|16.74|17.735|16.41|17.71|1324310
NVCR|2026-06-12|17.62|18.05|17.246|17.78|993827
NVCR|2026-06-15|18.315|18.35|17.485|17.6|2033558
NVCR|2026-06-16|17.6|17.8971|17.44|17.49|895811
NVCR|2026-06-17|17.53|18|17.36|17.85|1295828
NVCR|2026-06-18|15.03|15.0992|13.88|14.28|4627753
NVCR|2026-06-22|14.33|14.51|13.51|13.61|1920681
NVCR|2026-06-23|13.43|14.315|13.43|14.13|1739180
NVCR|2026-06-24|14.17|15.11|14.17|14.72|1522071
NVCR|2026-06-25|14.71|15.185|14.63|15.05|1254026
NVCR|2026-06-26|14.91|15.63|14.9|15.43|3286842
NVCR|2026-06-29|15.42|15.6|15.14|15.48|1040854
NVCR|2026-06-30|15.47|15.6|14.955|15.15|1412322
NVCR|2026-07-01|15.38|16|15.29|15.78|1246538
NVCR|2026-07-02|15.87|17.31|15.61|17.2|1904362
NVCR|2026-07-06|17|17.8|16.805|17.32|1681823
NVCR|2026-07-07|17.13|17.76|16.64|17.72|1057679
NVCR|2026-07-08|17.28|18.08|17.16|17.37|3315968
NVCR|2026-07-09|17.63|18.01|17.18|17.29|1045623
NVCR|2026-07-10|17.2|17.35|16.01|16.3|1948445
NVCR|2026-07-13|15.91|16.43|15.79|16.09|857420
NVCR|2026-07-14|16.3|16.3|15.31|15.55|1091525
NVCR|2026-07-15|15.52|16.06|15.31|16.03|991754
NVCR|2026-07-16|16.05|16.525|16.03|16.42|1117924
NVCR|2026-07-17|16.08|16.5199|15.8318|15.92|856318
NVCR|2026-07-20|16|16.19|15.795|15.94|932781
NVCR|2026-07-21|15.91|16.41|15.84|16|1050529
NVCR|2026-07-22|15.99|16.125|15.2|15.57|1063400
NVCR|2026-07-23|18|20.55|18|19.99|8938951
NVCR|2026-07-24|20.68|21.4506|17.6|17.65|3876009
NVCR|2026-07-27|17.97|18.15|16.855|17.03|1811819
NVCR|2026-07-28|16.99|17.05|16.155|16.31|1383765
NVCR|2026-07-29|16.06|16.39|15.12|15.2|1495921
NVCR|2026-07-30|15.2|15.49|15.045|15.23|1414245
NVCR|2026-07-31|15.46|15.725|14.83|14.84|1227782
NVCR|2026-08-03|15|15.69|15|15.32|1642435
NVCR|2026-08-04|15.28|16.3|15.23|16.27|1739916
NVCR|2026-08-05|16.14|16.25|15.925|16.05|1234073
NVCR|2026-08-06|16.2|16.2|15.58|15.69|943272
NVCR|2026-08-07|15.6|16.42|15.6|16.39|1529064
NVCR|2026-08-10|16.27|17.59|16.27|17.31|1045127
NVCR|2026-08-11|17.34|17.8255|17.29|17.66|923736
NVCR|2026-08-12|17.66|17.675|17.22|17.59|764407
NVCR|2026-08-13|17.53|17.745|17.18|17.38|637003
NVCR|2026-08-14|17.23|17.23|16.8|16.95|681214
NVCR|2026-08-17|16.78|17.76|16.78|17.53|1448764
NVCR|2026-08-18|17.25|17.73|17.08|17.24|791988
NVCR|2026-08-19|17.4|18.34|17.38|18.2|4037090
NVCR|2026-08-20|18.12|18.61|17.48|17.77|954930
NVCR|2026-08-21|17.75|17.825|17.01|17.1|950598
NVTS|2026-06-01|25.435|25.5237|23.59|24.86|24801463
NVTS|2026-06-02|26.52|27.8387|25.53|25.86|25324383
NVTS|2026-06-03|30.645|34.17|29.7|30.84|111065743
NVTS|2026-06-04|28.725|31.55|28.2|30.67|40984431
NVTS|2026-06-05|29.115|29.4|24.38|25.08|36262718
NVTS|2026-06-08|26.195|26.4292|23.96|24.48|28825668
NVTS|2026-06-09|24.5|25|20.7|22.85|42568873
NVTS|2026-06-10|22.12|22.97|20.4101|20.5|29641944
NVTS|2026-06-11|20.78|22.35|20.27|22.21|22978435
NVTS|2026-06-12|22|24.585|21.85|23.39|28685162
NVTS|2026-06-15|25.15|26.1799|22.96|23.73|35742179
NVTS|2026-06-16|23.11|23.79|21.9|22.09|21939801
NVTS|2026-06-17|22.92|23.63|22.3|22.34|19957602
NVTS|2026-06-18|23.615|24.23|22.925|24.02|23226824
NVTS|2026-06-22|24.465|24.66|23|23.7|26588843
NVTS|2026-06-23|21.666|23.69|21.01|21.4|20820997
NVTS|2026-06-24|21.085|21.13|17.42|18.32|33744749
NVTS|2026-06-25|19.5|19.568|17.22|17.7|21534347
NVTS|2026-06-26|17.05|17.72|16.8045|17.3|24270057
NVTS|2026-06-29|17.34|18.15|16.55|17.74|17458901
NVTS|2026-06-30|17.5|18.28|17.36|17.92|15007967
NVTS|2026-07-01|17.35|17.5|16.46|16.53|15092139
NVTS|2026-07-02|16.42|16.6|14.03|14.46|29315287
NVTS|2026-07-06|14.78|16.1199|14.63|15.23|14038330
NVTS|2026-07-07|14.258|14.59|13.51|13.99|16267894
NVTS|2026-07-08|13.4|13.4953|12.66|13.36|19114495
NVTS|2026-07-09|14.06|14.525|13.84|14.18|15656656
NVTS|2026-07-10|13.56|13.79|13.17|13.47|11067446
NVTS|2026-07-13|13.01|13.14|12.58|12.87|12032812
NVTS|2026-07-14|13.675|13.725|12.79|13.09|8962395
NVTS|2026-07-15|13.17|13.595|12.5701|13.27|13959077
NVTS|2026-07-16|12.652|12.87|11.5703|11.755|14931835
NVTS|2026-07-17|11.2|12.065|10.74|11.46|13218527
NVTS|2026-07-20|11.65|12.275|11.52|11.54|11258860
NVTS|2026-07-21|12.05|12.86|11.95|12.825|12048889
NVTS|2026-07-22|12.37|13.225|12.29|12.67|12758624
NVTS|2026-07-23|11.965|12.8|11.76|12.03|12601936
NVTS|2026-07-24|12.08|12.08|10.9|10.92|13466841
NVTS|2026-07-27|11.275|11.74|10.825|11.41|21619153
NVTS|2026-07-28|10.205|10.385|9.43|10.01|28640844
NVTS|2026-07-29|9.86|11.04|9.72|9.735|21729375
NVTS|2026-07-30|10.46|11.22|10.405|11.01|16660626
NVTS|2026-07-31|11.62|11.76|10.595|10.86|13036638
NVTS|2026-08-03|10.472|11.875|10.325|11.52|15286123
NVTS|2026-08-04|12.35|12.8495|12.06|12.69|12766516
NVTS|2026-08-05|12.27|12.9563|12.2|12.35|11460282
NVTS|2026-08-06|11.88|13.26|11.7601|12.4|11224375
NVTS|2026-08-07|12.86|14.06|12.81|13.89|17793695
NVTS|2026-08-10|14.17|14.28|13.16|13.17|13059675
NVTS|2026-08-11|13.62|13.705|12.95|13.6|9556211
NVTS|2026-08-12|14.34|14.53|13.82|13.93|13281740
NVTS|2026-08-13|13.775|14.345|13.61|13.66|11967833
NVTS|2026-08-14|13.765|14.7333|13.72|14.45|16462512
NVTS|2026-08-17|14.935|14.95|14.15|14.58|14297629
NVTS|2026-08-18|13.74|14.06|12.955|13.17|15970073
NVTS|2026-08-19|13.3|13.47|12.41|12.83|11263864
NVTS|2026-08-20|12.89|13.08|12.5|12.97|8505229
NVTS|2026-08-21|13.185|13.4256|12.77|12.97|14247436
NWL|2026-06-01|3.41|3.43|3.27|3.33|10891808
NWL|2026-06-02|3.33|3.38|3.255|3.26|8475691
NWL|2026-06-03|3.25|3.47|3.2|3.46|11252894
NWL|2026-06-04|3.48|3.85|3.475|3.84|19684768
NWL|2026-06-05|3.84|3.935|3.66|3.72|15821001
NWL|2026-06-08|3.75|4.24|3.74|4.21|13619938
NWL|2026-06-09|4.24|4.585|4.19|4.41|13685141
NWL|2026-06-10|4.38|4.79|4.284|4.48|13032961
NWL|2026-06-11|4.42|4.645|4.26|4.62|8519379
NWL|2026-06-12|4.6|5|4.6|4.92|13212653
NWL|2026-06-15|4.97|5.03|4.72|4.76|7808064
NWL|2026-06-16|4.77|4.85|4.685|4.74|8181912
NWL|2026-06-17|4.79|5.2599|4.76|4.97|18727680
NWL|2026-06-18|5.02|5.17|4.905|4.92|15894975
NWL|2026-06-22|4.96|5.1|4.84|5.03|7346719
NWL|2026-06-23|4.99|5.215|4.795|5.12|9268995
NWL|2026-06-24|5.16|5.53|5.1321|5.51|11136200
NWL|2026-06-25|5.54|5.93|5.52|5.89|18189485
NWL|2026-06-26|5.85|6.156|5.645|5.82|81306994
NWL|2026-06-29|5.76|6.15|5.68|6.06|16160271
NWL|2026-06-30|6.02|6.17|5.955|6.14|12224711
NWL|2026-07-01|6.14|6.195|5.87|5.89|12280132
NWL|2026-07-02|5.89|5.935|5.645|5.83|10499614
NWL|2026-07-06|5.84|5.9|5.43|5.57|12038865
NWL|2026-07-07|5.67|5.73|5.485|5.54|12705781
NWL|2026-07-08|5.45|5.45|5.01|5.06|11743919
NWL|2026-07-09|5.1|5.2469|5.002|5.13|7860705
NWL|2026-07-10|5.13|5.36|5.13|5.17|6999490
NWL|2026-07-13|5.17|5.284|4.97|5.14|6788612
NWL|2026-07-14|5.18|5.26|5.005|5.02|6801560
NWL|2026-07-15|5.03|5.31|5.03|5.16|5659814
NWL|2026-07-16|5.27|5.6|5.255|5.43|8488490
NWL|2026-07-17|5.33|5.54|5.07|5.23|10644607
NWL|2026-07-20|5.32|5.33|5.11|5.125|7362667
NWL|2026-07-21|5.27|5.42|5.145|5.21|5500508
NWL|2026-07-22|5.28|5.575|5.2588|5.39|6183035
NWL|2026-07-23|5.3|5.35|4.925|5.03|10034839
NWL|2026-07-24|5.11|5.15|4.99|5.08|4236394
NWL|2026-07-27|5.23|5.38|5.17|5.18|5937091
NWL|2026-07-28|5.18|5.325|5.18|5.26|6980602
NWL|2026-07-29|5.13|5.335|5.054|5.19|7380171
NWL|2026-07-30|5.25|5.27|4.995|5.14|7809392
NWL|2026-07-31|6.6|7.1299|5.495|5.6|44331263
NWL|2026-08-03|5.91|6.64|5.755|6.36|26488420
NWL|2026-08-04|6.43|6.45|6.03|6.13|10250018
NWL|2026-08-05|6.12|6.34|5.94|6.17|12771936
NWL|2026-08-06|6.135|6.265|6.005|6.02|7392801
NWL|2026-08-07|6.05|6.085|5.89|6.01|8101434
NWL|2026-08-10|5.91|6.04|5.785|5.9|7559605
NWL|2026-08-11|5.87|6.21|5.86|6.15|10392411
NWL|2026-08-12|6.11|6.17|5.99|6.16|6220446
NWL|2026-08-13|6.21|6.355|6.1|6.17|5917406
NWL|2026-08-14|6.12|6.28|6.09|6.24|6398531
NWL|2026-08-17|6.14|6.23|6.005|6.04|5926934
NWL|2026-08-18|6.03|6.08|5.91|5.93|4187167
NWL|2026-08-19|5.98|6.22|5.98|6.16|4619194
NWL|2026-08-20|6.03|6.09|5.76|5.79|6706381
NWL|2026-08-21|5.81|6.1|5.785|6.09|4531372
OMER|2026-06-01|10.91|11|10.61|10.72|1259701
OMER|2026-06-02|10.54|10.655|10.215|10.26|2438673
OMER|2026-06-03|10.21|10.225|9.86|10.16|1847985
OMER|2026-06-04|10.25|10.8|10.1|10.25|1404688
OMER|2026-06-05|10.235|10.255|9.75|9.79|1713841
OMER|2026-06-08|10.02|10.1|9.63|9.85|1405153
OMER|2026-06-09|9.86|10.04|9.55|9.97|1543439
OMER|2026-06-10|9.87|10.4497|9.87|10.2|1371674
OMER|2026-06-11|10.19|10.48|10.02|10.18|1093482
OMER|2026-06-12|10.05|10.11|6.7023|8.735|7773069
OMER|2026-06-15|8.82|9.61|8.82|9.33|1958711
OMER|2026-06-16|9.34|9.88|8.86|9.48|2607292
OMER|2026-06-17|9.44|9.925|9.26|9.64|1416458
OMER|2026-06-18|10.09|10.42|9.75|10.28|2630444
OMER|2026-06-22|10.1|10.47|9.79|10.33|1698309
OMER|2026-06-23|10.28|10.6|10.1018|10.48|1072217
OMER|2026-06-24|10.57|10.8331|10.46|10.58|1172876
OMER|2026-06-25|10.61|10.83|10.52|10.72|1139817
OMER|2026-06-26|7.59|8.89|7.39|8.67|10912038
OMER|2026-06-29|8.53|9.94|8.517|9.91|2743129
OMER|2026-06-30|9.99|10.16|9.5|9.51|1944873
OMER|2026-07-01|9.52|9.73|9.4|9.41|1428953
OMER|2026-07-02|9.41|9.62|9|9.28|1373788
OMER|2026-07-06|9.25|10.5|9.25|10.34|1745282
OMER|2026-07-07|10.33|10.56|10.125|10.33|1235867
OMER|2026-07-08|10.28|10.685|10.24|10.24|1495754
OMER|2026-07-09|10.28|10.6|10.17|10.27|875619
OMER|2026-07-10|10.18|10.35|9.94|10.28|1090257
OMER|2026-07-13|10.06|10.22|9.94|10.01|1220151
OMER|2026-07-14|10.01|10.7|9.975|10.5|1352867
OMER|2026-07-15|10.55|10.66|10.33|10.37|1134961
OMER|2026-07-16|10.25|10.33|9.165|9.22|2196157
OMER|2026-07-17|9.16|9.915|9.12|9.69|1194967
OMER|2026-07-20|9.59|9.82|9.37|9.63|1045217
OMER|2026-07-21|9.72|9.86|9.3415|9.53|1016519
OMER|2026-07-22|9.425|9.91|9.425|9.84|1229769
OMER|2026-07-23|9.6|10.36|9.6|10.28|1544397
OMER|2026-07-24|10.28|10.29|9.77|9.79|796670
OMER|2026-07-27|11.25|11.65|10.5|11.34|3357692
OMER|2026-07-28|11.16|11.29|10.58|11.28|2222096
OMER|2026-07-29|11.36|11.89|11.24|11.67|1665932
OMER|2026-07-30|11.65|12.16|11.63|11.93|1324422
OMER|2026-07-31|11.93|11.99|11.37|11.84|1303667
OMER|2026-08-03|12.25|12.59|11.9|12.56|1445442
OMER|2026-08-04|12.66|13.05|12.42|12.94|1645783
OMER|2026-08-05|12.96|13.13|12.55|12.65|1115732
OMER|2026-08-06|12.44|13.19|12.272|13.15|840586
OMER|2026-08-07|13.29|13.44|12.92|13.25|1226190
OMER|2026-08-10|13.36|13.64|13|13.62|1389529
OMER|2026-08-11|13.46|13.85|13.3301|13.6|1887518
OMER|2026-08-12|13.5|13.8|13.29|13.71|2764687
OMER|2026-08-13|16.65|18.14|16.27|17.35|13409742
OMER|2026-08-14|17.35|17.6099|16.54|17.19|3672874
OMER|2026-08-17|17.17|17.52|16.9|17.36|2466244
OMER|2026-08-18|17.025|17.29|16.9|17.19|1232622
OMER|2026-08-19|17.13|18.89|17.13|18.39|3194680
OMER|2026-08-20|18.3|18.73|18.07|18.63|1647729
OMER|2026-08-21|18.64|19.58|18.41|19.27|2582064
ONTO|2026-06-01|253.08|262.96|250.26|255.71|925848
ONTO|2026-06-02|262.87|278.74|261.68|278.02|1968267
ONTO|2026-06-03|280|285.03|273.38|279.98|1111293
ONTO|2026-06-04|269.16|280.59|264.46|274.76|783466
ONTO|2026-06-05|269.14|270.02|250.215|253.24|1100648
ONTO|2026-06-08|266.14|273.185|262.0065|268.99|1246791
ONTO|2026-06-09|290|294.96|256.09|274.03|1235917
ONTO|2026-06-10|273.57|290|268.11|269.33|1196835
ONTO|2026-06-11|282.56|303.8|280.0201|303.53|1356845
ONTO|2026-06-12|306.37|326.96|301.87|323.88|1807131
ONTO|2026-06-15|340|348.76|332.65|335.96|1460374
ONTO|2026-06-16|332.85|341.5|316.02|316.15|1157611
ONTO|2026-06-17|330|337.645|318.86|318.92|853316
ONTO|2026-06-18|338|344.36|332.16|333.76|1797986
ONTO|2026-06-22|346.5|349.375|337|347.87|1233045
ONTO|2026-06-23|320.61|323.635|308.69|315.88|1199008
ONTO|2026-06-24|316.01|322.3|308.2301|322.24|1342769
ONTO|2026-06-25|342.34|353.18|326.58|344.24|1759838
ONTO|2026-06-26|331|331.58|313.19|323.92|2393294
ONTO|2026-06-29|321.53|351.72|312.23|351.45|1597854
ONTO|2026-06-30|355.36|386.46|351.44|378.45|2468995
ONTO|2026-07-01|357.87|359.76|345|351.36|1529962
ONTO|2026-07-02|348.72|351.8|296.55|307.58|1965271
ONTO|2026-07-06|318.33|320.2398|299.13|303.86|972376
ONTO|2026-07-07|285.55|292|268.54|279.93|1493782
ONTO|2026-07-08|277.76|295.39|275.11|291.45|1373878
ONTO|2026-07-09|313.63|333.535|313.63|317.02|1782429
ONTO|2026-07-10|308.85|325.68|307.31|321.44|884192
ONTO|2026-07-13|311.79|316.97|300|304.21|1121246
ONTO|2026-07-14|324.56|327.49|314.28|319.32|1050552
ONTO|2026-07-15|326.295|327.5|293.8773|304.73|1003650
ONTO|2026-07-16|291.46|298.39|278.0101|281.61|1059059
ONTO|2026-07-17|265|285.94|257.82|279.85|1379984
ONTO|2026-07-20|286.51|290.84|275.9|278.54|706550
ONTO|2026-07-21|295.33|302.83|287.74|299.05|818590
ONTO|2026-07-22|288.4|298.8|287.895|295.25|731131
ONTO|2026-07-23|293.22|303.64|287.5801|291.27|848424
ONTO|2026-07-24|285.35|287.725|267.24|272.62|799684
ONTO|2026-07-27|273.23|276.73|250.4574|262.33|1047592
ONTO|2026-07-28|250|250|229.03|241.89|1354978
ONTO|2026-07-29|232.84|237.38|215.0701|218.31|2071194
ONTO|2026-07-30|238.49|255|238.01|250.52|1474184
ONTO|2026-07-31|261|273.17|252.42|258.58|1513591
ONTO|2026-08-03|248.23|272.81|245.53|268.49|859795
ONTO|2026-08-04|282.98|293.15|282.17|287.6|1201963
ONTO|2026-08-05|284.37|295.11|275.01|276|1039704
ONTO|2026-08-06|266.43|280.23|260.1|268.7|1579529
ONTO|2026-08-07|300|314.22|295|308.3|2094777
ONTO|2026-08-10|316|316|291.045|291.35|1164896
ONTO|2026-08-11|301.25|320.32|295.98|319.79|1171965
ONTO|2026-08-12|333.13|343.58|332.505|337.35|1355894
ONTO|2026-08-13|334.57|342.8|327.225|337.82|933603
ONTO|2026-08-14|337.2|346.9|330.985|331.71|1047402
ONTO|2026-08-17|342.1|353.8362|336.87|351.16|1236975
ONTO|2026-08-18|332.4|335.58|310.22|315.42|1362279
ONTO|2026-08-19|317.05|319.46|292.53|299.5|1154477
ONTO|2026-08-20|296|306.62|292.35|298.84|600124
ONTO|2026-08-21|303|303.765|286.485|293.33|803181
PAYO|2026-06-01|5.21|5.44|5.21|5.43|5409582
PAYO|2026-06-02|5.33|5.545|5.16|5.35|8652465
PAYO|2026-06-03|5.35|5.35|4.9|5.09|4643395
PAYO|2026-06-04|5.18|5.31|5.1|5.13|5220097
PAYO|2026-06-05|5.13|5.16|4.93|5.04|3394465
PAYO|2026-06-08|5.04|5.155|4.97|5.14|2381276
PAYO|2026-06-09|5.2|6.645|5.17|6.39|51863065
PAYO|2026-06-10|6.45|6.71|6.32|6.67|15430186
PAYO|2026-06-11|6.6|6.8|6.52|6.75|8744108
PAYO|2026-06-12|6.78|6.85|6.6|6.75|9310536
PAYO|2026-06-15|7.025|7.05|6.985|7.03|78584385
PAYO|2026-06-16|7.03|7.04|7.01|7.02|18799582
PAYO|2026-06-17|7.02|7.04|7|7.02|8750283
PAYO|2026-06-18|7.03|7.05|7.01|7.02|13657456
PAYO|2026-06-22|7.03|7.03|7.02|7.02|5051927
PAYO|2026-06-23|7.02|7.06|7.02|7.06|6394628
PAYO|2026-06-24|7.06|7.11|7.05|7.09|5423137
PAYO|2026-06-25|7.105|7.14|7.03|7.04|4195960
PAYO|2026-06-26|7.04|7.16|7.04|7.13|9572055
PAYO|2026-06-29|7.13|7.14|7.045|7.09|5072768
PAYO|2026-06-30|7.09|7.13|7.07|7.12|4135195
PAYO|2026-07-01|7.11|7.13|7.09|7.09|3402828
PAYO|2026-07-02|7.11|7.11|7.08|7.09|2133962
PAYO|2026-07-06|7.1|7.13|7.09|7.13|2265851
PAYO|2026-07-07|7.12|7.15|7.1|7.1|3724946
PAYO|2026-07-08|7.085|7.1|7.08|7.085|3706333
PAYO|2026-07-09|7.09|7.1|7.07|7.09|4192930
PAYO|2026-07-10|7.09|7.1|7.08|7.1|3653467
PAYO|2026-07-13|7.1|7.115|7.1|7.1|1871605
PAYO|2026-07-14|7.11|7.12|7.1|7.1|2372007
PAYO|2026-07-15|7.12|7.12|7.1|7.11|2125316
PAYO|2026-07-16|7.11|7.11|7.09|7.09|3212803
PAYO|2026-07-17|7.096|7.12|7.08|7.12|3506431
PAYO|2026-07-20|7.1|7.14|7.1|7.13|3326414
PAYO|2026-07-21|7.12|7.15|7.1|7.12|2420623
PAYO|2026-07-22|7.11|7.13|7.11|7.12|1470182
PAYO|2026-07-23|7.12|7.13|7.11|7.12|2445202
PAYO|2026-07-24|7.13|7.13|7.115|7.12|1343179
PAYO|2026-07-27|7.12|7.13|7.12|7.12|2643048
PAYO|2026-07-28|7.13|7.18|7.12|7.15|3198821
PAYO|2026-07-29|7.14|7.17|7.12|7.12|12176207
PAYO|2026-07-30|7.16|7.17|7.14|7.16|7940444
PAYO|2026-07-31|7.18|7.18|7.15|7.17|6668240
PAYO|2026-08-03|7.18|7.18|7.1|7.11|11847895
PAYO|2026-08-04|7.1|7.14|7.1|7.13|5571279
PAYO|2026-08-05|7.13|7.14|7.09|7.12|3674332
PAYO|2026-08-06|7.12|7.13|7.11|7.11|2899988
PAYO|2026-08-07|7.12|7.13|7.1|7.1|3794815
PAYO|2026-08-10|7.11|7.12|7.09|7.09|6386895
PAYO|2026-08-11|7.1|7.11|7.08|7.09|5068879
PAYO|2026-08-12|7.09|7.12|7.02|7.12|10645655
PAYO|2026-08-13|7.12|7.16|7.11|7.14|3698958
PAYO|2026-08-14|7.14|7.15|7.115|7.13|4898806
PAYO|2026-08-17|7.12|7.13|7.11|7.13|4798952
PAYO|2026-08-18|7.12|7.13|7.1|7.11|4566483
PAYO|2026-08-19|7.1|7.12|7.095|7.1|4766314
PAYO|2026-08-20|7.1|7.12|7.09|7.09|1903583
PAYO|2026-08-21|7.1|7.11|7.1|7.11|1007104
PENG|2026-06-01|55|61.2499|54.5|59.71|3032177
PENG|2026-06-02|62.82|73.24|60.23|70.65|4836270
PENG|2026-06-03|69.02|71.97|65.2487|71.41|3240598
PENG|2026-06-04|65.535|72.47|63.8031|71.16|2636802
PENG|2026-06-05|68.17|68.7028|58.582|59.86|4734727
PENG|2026-06-08|63.998|67|60.4001|64.63|3802241
PENG|2026-06-09|65.62|68.46|56.61|61.69|3164319
PENG|2026-06-10|61.59|63.06|57|58.52|2214580
PENG|2026-06-11|59.28|64.57|58.52|64.33|2000588
PENG|2026-06-12|64.14|66.45|62.01|64.13|1381776
PENG|2026-06-15|67.72|67.72|61.51|63.87|2310727
PENG|2026-06-16|63.8|66.31|60.03|60.38|2127984
PENG|2026-06-17|62.17|62.98|59.04|59.68|1913643
PENG|2026-06-18|63.44|68.33|62.5|67.15|4375160
PENG|2026-06-22|76.85|77.4|67.3|67.94|5072205
PENG|2026-06-23|61.61|71.57|61|66.96|4776638
PENG|2026-06-24|67|67.5|61.1101|64.72|2637874
PENG|2026-06-25|68.46|68.8799|61.9|66.77|3065923
PENG|2026-06-26|63.2|63.975|60.3|62.28|3852439
PENG|2026-06-29|61.974|68.05|59.7|67.94|2411751
PENG|2026-06-30|67.94|77.3698|66.96|76.01|3889977
PENG|2026-07-01|72.05|77.19|67.21|68.81|3174237
PENG|2026-07-02|69.31|69.69|58.63|61.47|3946972
PENG|2026-07-06|64.5|70.61|63.38|67.71|2903596
PENG|2026-07-07|62.96|65.343|60.2|62.71|7195987
PENG|2026-07-08|67.85|80|63.7601|78.47|13710518
PENG|2026-07-09|82.6|89.86|80.96|81.39|9613513
PENG|2026-07-10|78.88|81.34|73.7487|78.35|6286204
PENG|2026-07-13|75.38|81.9997|74.04|77.21|3738118
PENG|2026-07-14|79.12|79.49|69.69|77.8|4671508
PENG|2026-07-15|81.6|83|68.53|72.85|9650734
PENG|2026-07-16|70.02|70.8899|64.64|65.97|3772755
PENG|2026-07-17|62.67|65.215|59.53|60.41|4105040
PENG|2026-07-20|58.92|58.92|52.01|53.23|6099910
PENG|2026-07-21|56|58.77|54.83|58.1|3130493
PENG|2026-07-22|56.12|61.45|56.12|59.2|2236518
PENG|2026-07-23|57.47|60.905|57.2701|58.41|3066635
PENG|2026-07-24|57.14|58.976|53.07|53.85|3587799
PENG|2026-07-27|54.3|55.09|50.17|52.49|2389123
PENG|2026-07-28|49.72|50|46.01|48.13|4071966
PENG|2026-07-29|48.15|49.1|43.61|43.7|3122860
PENG|2026-07-30|46.88|51.54|46.2013|51.43|2850848
PENG|2026-07-31|54.86|55.22|51.06|52.63|2782470
PENG|2026-08-03|51.07|54.59|49.25|52.6|1897616
PENG|2026-08-04|55.85|58.7122|54.68|57.84|1952134
PENG|2026-08-05|56.53|58.535|55.5|55.72|1317318
PENG|2026-08-06|53.24|59|52.5606|56.26|1134498
PENG|2026-08-07|58.41|60.1099|56.45|58.43|2055247
PENG|2026-08-10|58.81|59.5|55.045|55.18|1794798
PENG|2026-08-11|56.69|58.626|55.7101|57.33|1224647
PENG|2026-08-12|60.598|61.49|58.72|58.73|1472857
PENG|2026-08-13|57.72|63.36|57.5|60.9|1690206
PENG|2026-08-14|60.84|63.9|60.78|63.8|1365714
PENG|2026-08-17|64.6|65.7499|63|63.08|2233520
PENG|2026-08-18|59.82|61|57.34|58.36|1613558
PENG|2026-08-19|58.19|58.5059|52.89|52.95|1724786
PENG|2026-08-20|52.67|52.93|50|51.14|1991436
PENG|2026-08-21|51.81|52.6961|50.18|52.62|1040787
PGNY|2026-06-01|25.61|26.43|25.505|26.2|1656824
PGNY|2026-06-02|26.2|26.2|25.105|25.12|2073970
PGNY|2026-06-03|25.02|25.14|24.7|24.99|1401558
PGNY|2026-06-04|25.08|25.99|25.08|25.48|953836
PGNY|2026-06-05|25.47|26.09|25.185|25.86|1207693
PGNY|2026-06-08|25.96|26.415|25.69|25.92|1612886
PGNY|2026-06-09|25.84|26.24|25.7|25.83|1559724
PGNY|2026-06-10|25.96|26.125|25.5|25.89|1121885
PGNY|2026-06-11|25.95|26.085|25.495|25.65|1182102
PGNY|2026-06-12|25.65|26.74|25.185|26.63|1290135
PGNY|2026-06-15|26.65|27.17|25.93|26.91|1373079
PGNY|2026-06-16|26.91|27.36|26.49|26.6|1757456
PGNY|2026-06-17|26.57|26.84|26.15|26.31|1178746
PGNY|2026-06-18|26.62|26.66|25.95|26.08|3065058
PGNY|2026-06-22|26.43|26.925|26.25|26.28|1934099
PGNY|2026-06-23|26.5|26.775|26.325|26.63|1276820
PGNY|2026-06-24|26.8|27.19|26.79|26.89|888585
PGNY|2026-06-25|26.89|27.38|26.85|27.38|789271
PGNY|2026-06-26|27.25|28.57|27.25|28.51|1596570
PGNY|2026-06-29|28.46|28.99|28.25|28.86|1279329
PGNY|2026-06-30|28.68|29.21|28.62|28.83|1259484
PGNY|2026-07-01|29.25|30.1|29.0838|29.45|1498812
PGNY|2026-07-02|29.69|30.325|29.51|30.22|913739
PGNY|2026-07-06|30.22|31.07|29.985|30.93|1625032
PGNY|2026-07-07|30.99|31.3601|30.17|30.78|1133378
PGNY|2026-07-08|30.55|31.21|30.34|30.76|1818926
PGNY|2026-07-09|30.32|31.12|30.17|31.07|1168924
PGNY|2026-07-10|30.97|31.14|30.36|30.65|989581
PGNY|2026-07-13|30.89|32|30.835|31.98|1161625
PGNY|2026-07-14|31.505|32.4|31.144|32.36|1193431
PGNY|2026-07-15|32.34|32.54|31.945|32.34|1172355
PGNY|2026-07-16|32.31|33.065|31.81|31.86|1517829
PGNY|2026-07-17|31.54|32.355|31.25|31.93|961988
PGNY|2026-07-20|31.97|32.235|31.505|31.77|686730
PGNY|2026-07-21|32|32.315|31.66|32.24|873852
PGNY|2026-07-22|32.67|32.7|31.035|31.35|968988
PGNY|2026-07-23|31.26|31.33|30.68|30.7|747147
PGNY|2026-07-24|31.45|31.73|30.83|31.19|644559
PGNY|2026-07-27|31.44|31.845|31.25|31.59|994673
PGNY|2026-07-28|30.87|31.045|29.93|30.76|1702478
PGNY|2026-07-29|30.76|31.75|30.67|31.37|1090596
PGNY|2026-07-30|31|31.59|30.415|31.49|696717
PGNY|2026-07-31|31.4|31.84|31.015|31.13|974561
PGNY|2026-08-03|31.32|31.82|31.31|31.53|901389
PGNY|2026-08-04|31.04|31.71|31.04|31.48|720666
PGNY|2026-08-05|31.33|31.82|31.08|31.37|641814
PGNY|2026-08-06|31.36|31.425|30.15|30.21|1858066
PGNY|2026-08-07|25.56|29.25|25.095|28.1|3185064
PGNY|2026-08-10|27.85|28.87|27.735|27.85|1272638
PGNY|2026-08-11|27.71|28.23|26.31|26.57|1298660
PGNY|2026-08-12|26.27|26.311|25.39|25.42|1440354
PGNY|2026-08-13|25.74|26.31|25.715|25.89|1133407
PGNY|2026-08-14|25.76|26.46|25.72|26.28|850475
PGNY|2026-08-17|26|26.13|25.265|25.33|712708
PGNY|2026-08-18|25.63|26.01|25.57|25.71|995695
PGNY|2026-08-19|25.6|25.895|25.41|25.53|861710
PGNY|2026-08-20|26.14|26.59|25.805|25.96|1138791
PGNY|2026-08-21|26.08|26.266|25.24|25.65|1076775
PGY|2026-06-01|15.55|15.99|14.73|15.64|5369620
PGY|2026-06-02|15.18|15.37|14.8|15.29|4977438
PGY|2026-06-03|15.01|15.01|13.75|13.96|3900036
PGY|2026-06-04|14.355|16.27|14.2|15.46|6805995
PGY|2026-06-05|15.18|15.412135|14.1|14.56|4715608
PGY|2026-06-08|14.7|15.57|14.08|15.28|3375160
PGY|2026-06-09|15.28|16|14.22|14.8|4174620
PGY|2026-06-10|14.55|15.17|14.35|14.5|4631218
PGY|2026-06-11|14.4|15.795|14.29|15.75|3648804
PGY|2026-06-12|15.69|15.77|14.87|15.42|2665344
PGY|2026-06-15|16.08|16.68|15.605|15.68|3509260
PGY|2026-06-16|15.64|16.155|15.11|15.61|3640864
PGY|2026-06-17|15.47|16.165|14.905|15.03|3909853
PGY|2026-06-18|15.37|15.705|14.76|15.62|2897769
PGY|2026-06-22|15.44|16.29|14.81|15.09|2583315
PGY|2026-06-23|14.8|15.57|14.76|15|2412047
PGY|2026-06-24|14.94|15.59|14.77|15.2|3682012
PGY|2026-06-25|15.31|15.94|15.08|15.48|3686830
PGY|2026-06-26|15.68|16.37|15.38|15.87|12089135
PGY|2026-06-29|16.29|16.74|15.64|16.63|3196535
PGY|2026-06-30|17.015|18.67|16.7|18.25|6643779
PGY|2026-07-01|18.29|19.34|18.165|18.77|5051561
PGY|2026-07-02|18.72|18.99|17.47|17.79|4974125
PGY|2026-07-06|17.74|19.21|17.66|18.71|3423012
PGY|2026-07-07|18.71|19.19|18.07|18.34|3405643
PGY|2026-07-08|17.75|17.95|16.98|17.12|4651595
PGY|2026-07-09|17.12|18.21|16.85|17.84|4058988
PGY|2026-07-10|18.13|18.6|17.53|17.99|2012109
PGY|2026-07-13|17.93|18.285|17.28|17.59|2048002
PGY|2026-07-14|17.33|18.325|17.2878|18.27|2109773
PGY|2026-07-15|18.66|18.94|17.585|17.96|2137581
PGY|2026-07-16|17.9|18.05|17.29|17.49|2384744
PGY|2026-07-17|16.98|17.595|16.62|17.15|2984249
PGY|2026-07-20|17.09|17.41|16.65|17.09|2312084
PGY|2026-07-21|17.27|17.57|16.97|17.48|1850918
PGY|2026-07-22|17.31|17.515|16.66|16.86|1900841
PGY|2026-07-23|16.7|16.825|15.88|16.26|1605315
PGY|2026-07-24|16.39|16.53|15.85|15.89|1617948
PGY|2026-07-27|16.62|17.43|16.59|16.96|1943408
PGY|2026-07-28|16.77|16.9946|15.81|16.61|1942404
PGY|2026-07-29|16.36|16.935|16.065|16.19|3607961
PGY|2026-07-30|17.995|18|15.68|17.64|6595770
PGY|2026-07-31|17.94|19.6|17.51|19.27|7195078
PGY|2026-08-03|19.703|22.28|19.64|22.235|6791395
PGY|2026-08-04|22.27|23.2195|21.8349|21.92|4859857
PGY|2026-08-05|22.145|22.29|21.2401|21.8|2548622
PGY|2026-08-06|20.96|21.9|20.8|21.42|2431631
PGY|2026-08-07|21.72|21.8479|21.01|21.28|1735021
PGY|2026-08-10|21.29|21.83|20.7287|21.6|2444798
PGY|2026-08-11|21.765|22.29|21.065|21.2|2812161
PGY|2026-08-12|21.09|21.2953|19.94|20.31|2838480
PGY|2026-08-13|20.5|21.815|20.46|21.46|2620602
PGY|2026-08-14|21.56|21.73|21.23|21.56|1469154
PGY|2026-08-17|21.52|21.891|20.7005|20.93|1756550
PGY|2026-08-18|20.85|21.12|20.29|20.32|2002880
PGY|2026-08-19|20.27|20.6|19.72|20.47|1872361
PGY|2026-08-20|20.59|20.67|19.55|20.24|3352402
PGY|2026-08-21|20.525|21.9|20.25|21.68|3150694
PI|2026-06-01|148.73|152.84|140.22|142.67|514777
PI|2026-06-02|144|146.51|139.78|143.26|563097
PI|2026-06-03|143.27|143.27|135.92|137.76|494982
PI|2026-06-04|135.48|139.95|133.2|136.18|337895
PI|2026-06-05|132.59|133.735|120.86|120.93|560384
PI|2026-06-08|125.43|132.5|122.9|129.33|647420
PI|2026-06-09|129.72|132.2|117.11|125.04|628828
PI|2026-06-10|122.55|127.53|121.55|122.69|408217
PI|2026-06-11|124.44|131.5|122.62|130.08|237665
PI|2026-06-12|131.66|135.02|130.59|132.77|263735
PI|2026-06-15|137.42|139.66|135.675|136.5|307687
PI|2026-06-16|135.26|139.89|129.11|129.61|415217
PI|2026-06-17|132.74|132.74|122.31|123.62|357536
PI|2026-06-18|127.83|129.38|124.61|128.71|524214
PI|2026-06-22|127.63|132.3|127.47|131.59|365811
PI|2026-06-23|126.79|129.58|124.65|125.22|355787
PI|2026-06-24|125.1|129.04|124.5|127.98|322188
PI|2026-06-25|130.7|134.69|129.655|134.32|411448
PI|2026-06-26|129.67|133.975|127.5|132.53|998788
PI|2026-06-29|132|133.83|128.9401|133.3|352572
PI|2026-06-30|133.67|143.66|131.12|143.23|445808
PI|2026-07-01|143.01|149.98|141.035|143.61|305290
PI|2026-07-02|140.472|145.65|136.82|141.58|216797
PI|2026-07-06|145.93|149.59|144.24|148|367640
PI|2026-07-07|141.89|144.48|137.005|138.14|308110
PI|2026-07-08|136.15|143.66|134.045|143.15|317238
PI|2026-07-09|146.52|149.9|143.505|144.4|226080
PI|2026-07-10|146.91|146.91|140.58|144.03|163123
PI|2026-07-13|141.93|149.46|140.965|146.02|385462
PI|2026-07-14|153.13|153.375|142.85|144.6|245139
PI|2026-07-15|145.98|147.1|141.22|144.51|236936
PI|2026-07-16|141.22|142.99|137.46|140.76|325277
PI|2026-07-17|133.18|141.04|133.0001|138.37|229764
PI|2026-07-20|140|142.27|137.44|137.72|289603
PI|2026-07-21|141.75|141.92|134.45|136.03|387841
PI|2026-07-22|133.2|138.53|133.2|138.02|220750
PI|2026-07-23|134.74|139.53|125.52|126.82|637823
PI|2026-07-24|126.09|129.9057|124.49|127.55|268670
PI|2026-07-27|130.69|133.79|126.38|130.29|415869
PI|2026-07-28|129.95|134.27|125.74|133.03|434852
PI|2026-07-29|130.53|140.76|129.76|139.3|806057
PI|2026-07-30|149.99|156.3293|135.315|147.49|1158360
PI|2026-07-31|150|151.755|145.1763|151.36|530640
PI|2026-08-03|150.17|165.03|149.21|161.44|734323
PI|2026-08-04|165.25|170.74|162.86|167.63|618098
PI|2026-08-05|167.63|168.15|161.705|163.39|377313
PI|2026-08-06|162.09|173.83|162.09|171.91|572157
PI|2026-08-07|175|183.92|174.99|183.36|645765
PI|2026-08-10|184.41|185|176|176.25|507681
PI|2026-08-11|179.45|182.15|173.91|174.14|674422
PI|2026-08-12|178.46|180|174.11|179.58|491615
PI|2026-08-13|179.58|182|175.47|178.81|323823
PI|2026-08-14|177.5|178.84|170.08|172.65|288279
PI|2026-08-17|173.39|175.65|170.86|171.71|365027
PI|2026-08-18|167.14|170.37|166.17|168.07|292554
PI|2026-08-19|170.7|170.7|163.68|164.98|426453
PI|2026-08-20|162.76|164.12|158.815|159.73|213813
PI|2026-08-21|164.19|166.49|158.785|165.54|406284
PLTR|2026-06-01|159.98|163.7|155.88|160.65|56511123
PLTR|2026-06-02|156.69|159.55|149.8|152.17|42598457
PLTR|2026-06-03|149.7|151.68|141.25|142.2|40405556
PLTR|2026-06-04|145.46|146.37|140.272|141.7|40583514
PLTR|2026-06-05|140.325|141.97|134.025|135.53|37448175
PLTR|2026-06-08|135.68|137.76|135.28|136.47|26605765
PLTR|2026-06-09|134.87|136.99|127.35|132.07|38319210
PLTR|2026-06-10|129.325|133.185|128.8|130.21|29297432
PLTR|2026-06-11|128.78|131.52|127.17|131.08|26531596
PLTR|2026-06-12|130.915|131.09|126.65|127.99|35120414
PLTR|2026-06-15|130.02|134.98|129.7|134.71|40051044
PLTR|2026-06-16|134.59|134.59|129.62|133.25|29948947
PLTR|2026-06-17|131.76|136.1|129.92|130.63|31783086
PLTR|2026-06-18|130.84|131.43|125.01|128.47|54006041
PLTR|2026-06-22|125.74|128.87|119.2|119.5|55964296
PLTR|2026-06-23|120.15|120.94|116.18|116.7|42937062
PLTR|2026-06-24|114.12|118|112.25|113.5|45506693
PLTR|2026-06-25|111.38|112.15|106.37|107.27|60598437
PLTR|2026-06-26|109.04|114.0799|108.47|112.93|59974564
PLTR|2026-06-29|116.23|119.08|114.7|115.7|43984562
PLTR|2026-06-30|114.95|118.7|114.57|116.67|37306582
PLTR|2026-07-01|120.05|128.25|119.35|125.73|57472224
PLTR|2026-07-02|128.99|132.88|127.95|129.3|60867687
PLTR|2026-07-06|127.24|134.0693|126.64|132.54|36824154
PLTR|2026-07-07|133.73|138.9|131.46|134.37|52263703
PLTR|2026-07-08|129.49|132.39|126.71|132.22|40354776
PLTR|2026-07-09|127.72|129.19|124.81|129.04|34994538
PLTR|2026-07-10|132.14|132.28|125.77|126.79|30752525
PLTR|2026-07-13|127.295|130.72|126.195|130.04|39440339
PLTR|2026-07-14|123.61|135.7899|122.64|133.72|48801837
PLTR|2026-07-15|134.34|136.88|132.88|133.76|25922635
PLTR|2026-07-16|133.08|136.21|128.68|134.44|28622867
PLTR|2026-07-17|131.785|134.7698|129.05|132.38|31616539
PLTR|2026-07-20|131.88|136.62|131.82|134.85|30183882
PLTR|2026-07-21|133.83|134.68|131.225|132.66|22110506
PLTR|2026-07-22|132.22|132.345|123.45|124.57|38054772
PLTR|2026-07-23|125.935|126.4|120.73|123.37|29526431
PLTR|2026-07-24|125.165|125.31|122.02|122.92|20842007
PLTR|2026-07-27|126.155|132.41|125.31|131.53|36449740
PLTR|2026-07-28|125.84|127.19|117.89|123.53|43034949
PLTR|2026-07-29|124|127.28|122.45|123|26807133
PLTR|2026-07-30|121.14|123.6699|120.27|122.26|27344876
PLTR|2026-07-31|122.29|123.39|119.62|123.06|27995737
PLTR|2026-08-03|126.7|126.965|123.6567|125.65|63458503
PLTR|2026-08-04|145.145|164.52|143.28|162.66|172028925
PLTR|2026-08-05|162|166.08|158.25|158.43|61224854
PLTR|2026-08-06|155.87|158|152.7|155.92|40010662
PLTR|2026-08-07|160.07|172.41|159.96|172.01|76129072
PLTR|2026-08-10|171.01|179.6|170.87|175.23|56169667
PLTR|2026-08-11|174.18|177.94|172.72|174.94|42852007
PLTR|2026-08-12|174.07|175.09|168.34|171.04|34992555
PLTR|2026-08-13|173.4|179.91|172.3301|179.01|36246921
PLTR|2026-08-14|179.48|180.18|173.8|174.04|23892696
PLTR|2026-08-17|174.06|176.275|172.3013|172.55|24435240
PLTR|2026-08-18|171.97|174.98|170.61|171.54|27963187
PLTR|2026-08-19|172.61|176.82|169.7705|175.19|35659489
PLTR|2026-08-20|175.88|176.46|172.03|173.96|26773457
PLTR|2026-08-21|173.98|182.44|172.55|179.94|42657079
POWI|2026-06-01|82.77|84.24|80.29|81.91|980980
POWI|2026-06-02|84.155|86.035|82.375|84.19|1078538
POWI|2026-06-03|85.32|87.0699|82.59|84.99|985521
POWI|2026-06-04|80.99|87.36|80.37|85.3|809694
POWI|2026-06-05|82.49|83.055|76.46|77.02|1459206
POWI|2026-06-08|79.24|79.66|75.57|76.68|1153369
POWI|2026-06-09|78.27|80.18|69.37|74.71|1414298
POWI|2026-06-10|74.47|78.4|73.88|74.63|1461657
POWI|2026-06-11|76.66|78.35|73.96|77.76|694621
POWI|2026-06-12|78.08|81.305|76.145|78.38|1108503
POWI|2026-06-15|81.7|83.65|80.945|83.31|885577
POWI|2026-06-16|84.1151|84.4599|79.2|79.33|561724
POWI|2026-06-17|79.45|84.596|78.08|80.73|851279
POWI|2026-06-18|83.76|87.89|83.76|87.11|1648431
POWI|2026-06-22|89.285|91.1786|87.11|87.35|1110114
POWI|2026-06-23|81.465|85|80.2|80.57|1085043
POWI|2026-06-24|81.88|82|79.0025|81.86|976115
POWI|2026-06-25|84.87|86.79|80.5|84.81|1014105
POWI|2026-06-26|81.51|82.61|79.195|79.37|2544648
POWI|2026-06-29|78.45|79.79|75.48|78.96|879079
POWI|2026-06-30|79.6|84.01|79.49|83.76|858178
POWI|2026-07-01|81.02|82.86|79.885|80.27|511527
POWI|2026-07-02|80.2|80.37|70.89|72.99|1342184
POWI|2026-07-06|74.08|77.57|72.94|73.06|617950
POWI|2026-07-07|69.04|69.555|65.4501|66.835|1107161
POWI|2026-07-08|65.21|67.75|65.21|66.46|926585
POWI|2026-07-09|69.9|71.74|68.15|70.83|660513
POWI|2026-07-10|69.5|72.3|69.17|72.07|452789
POWI|2026-07-13|69.88|70.4242|68.87|69.44|585850
POWI|2026-07-14|72.73|73.332|70.41|70.76|797437
POWI|2026-07-15|71.82|72.195|67.34|71.02|954193
POWI|2026-07-16|68.64|70.165|68.03|69.84|1045044
POWI|2026-07-17|66.8|71.57|66.47|70.45|741800
POWI|2026-07-20|71.43|72.475|70.57|71.15|497702
POWI|2026-07-21|73.15|74.92|72.6|74.39|539304
POWI|2026-07-22|72.54|74.42|71.8025|72.49|507132
POWI|2026-07-23|71.03|72.92|70.06|70.87|494241
POWI|2026-07-24|70.76|70.76|63.36|63.46|677658
POWI|2026-07-27|63.58|65.145|60.38|63.41|937979
POWI|2026-07-28|60.35|62|57.28|59.2|716751
POWI|2026-07-29|58.55|59.745|56.035|56.57|743817
POWI|2026-07-30|59.01|61.68|58.37|60.87|697077
POWI|2026-07-31|62.57|63.715|60.48|60.71|578410
POWI|2026-08-03|58.44|61.82|58.44|60.4|685242
POWI|2026-08-04|62.71|64.89|61.8|64.57|741803
POWI|2026-08-05|63.36|64.03|61.48|61.95|796001
POWI|2026-08-06|61.53|63.16|58.61|58.98|851861
POWI|2026-08-07|60.71|64.82|60.71|64.59|594035
POWI|2026-08-10|65.08|65.48|61.465|61.97|637687
POWI|2026-08-11|63.38|65.14|62.67|63.27|512987
POWI|2026-08-12|65.74|66.18|63.24|63.84|472091
POWI|2026-08-13|63.48|64.47|61.9|62.31|380366
POWI|2026-08-14|61.77|63.425|61.2872|62.75|372555
POWI|2026-08-17|63.065|64.65|61.96|62.1|510912
POWI|2026-08-18|59.81|60.7|58|58.59|795712
POWI|2026-08-19|59.4|59.5|55.69|55.79|670871
POWI|2026-08-20|55.76|56.8|54.125|54.84|646175
POWI|2026-08-21|55.28|55.635|54.15|55.18|746588
PWR|2026-06-01|702|709|683.26|687.48|1185066
PWR|2026-06-02|691.13|708.67|691.11|706.06|1022787
PWR|2026-06-03|706.55|730.04|699.51|715.67|922121
PWR|2026-06-04|701|722.5|693.5|719.17|987583
PWR|2026-06-05|705.94|714.075|690.05|695.11|1043020
PWR|2026-06-08|703.515|703.515|683.48|693.81|839967
PWR|2026-06-09|704.33|715.92|667.1396|691.95|1127946
PWR|2026-06-10|684.69|689.78|642.108|650.92|1426596
PWR|2026-06-11|660.17|684.28|656.2088|683.29|938964
PWR|2026-06-12|688.02|710|684|707.74|1029591
PWR|2026-06-15|724.03|735.33|714.47|724.35|1095487
PWR|2026-06-16|726|738|718.88|719.29|823828
PWR|2026-06-17|723.61|725.655|708.01|714.85|1120843
PWR|2026-06-18|722.05|729.8334|698.03|702.25|2613849
PWR|2026-06-22|712|742.73|709.045|740.14|1228102
PWR|2026-06-23|709.75|720.64|692.68|702.29|1648451
PWR|2026-06-24|705.8|711.33|687.6|701.88|937647
PWR|2026-06-25|710.5|719.53|690.785|718.59|1429726
PWR|2026-06-26|706|708.36|683|687.87|6243495
PWR|2026-06-29|690|716.84|683.01|714.45|1418306
PWR|2026-06-30|713.93|721.37|703.335|720.04|1013449
PWR|2026-07-01|709.07|709.07|687.62|691.4|1228943
PWR|2026-07-02|693.07|697.069|650.17|668.31|1252380
PWR|2026-07-06|675.04|691.76|668.65|674.04|1097989
PWR|2026-07-07|660.56|661.75|641.91|656.79|1185023
PWR|2026-07-08|653|670.69|650.0001|666.33|827220
PWR|2026-07-09|686.32|690|665.255|668.17|721195
PWR|2026-07-10|662|664.95|651.13|658.56|712044
PWR|2026-07-13|649.5|656.01|642.5|646.7|756330
PWR|2026-07-14|663.9|665.025|651.42|660.94|836878
PWR|2026-07-15|664.03|666.5397|634.14|648.84|855653
PWR|2026-07-16|633.69|640.99|625.22|631.02|1140449
PWR|2026-07-17|616.89|637.99|608.78|628.53|1214835
PWR|2026-07-20|634.19|644.96|630.1|632.56|801427
PWR|2026-07-21|638.48|647|632.561|639.2|717646
PWR|2026-07-22|629.44|646.49|624.61|643.14|578232
PWR|2026-07-23|642.08|659.1375|642.08|653.8|900507
PWR|2026-07-24|650.39|655.085|625.33|625.84|777187
PWR|2026-07-27|626.43|637.26|603.25|620.28|973537
PWR|2026-07-28|603.58|603.58|570.73|588.36|1411497
PWR|2026-07-29|582.73|591.59|554.12|561.14|2043876
PWR|2026-07-30|647|679.8|634.51|657.98|2934873
PWR|2026-07-31|679.14|687.1799|661.82|667.36|1957967
PWR|2026-08-03|659.11|682.61|654.26|680.2|1100145
PWR|2026-08-04|697.42|708.06|679.67|693|1398587
PWR|2026-08-05|694.62|704.87|681.34|682.99|790733
PWR|2026-08-06|680.2|692.57|665.495|667.84|825880
PWR|2026-08-07|683|688.8822|657.4601|671.86|741477
PWR|2026-08-10|680.02|682.5|658.6|660.86|711390
PWR|2026-08-11|670|680|663.7|670.58|937873
PWR|2026-08-12|694|695.5099|677.44|678.02|1012543
PWR|2026-08-13|680.22|684.87|671.641|672.78|804042
PWR|2026-08-14|673|692.09|672.0927|685.78|693919
PWR|2026-08-17|695|724.8|690.51|722.31|1433720
PWR|2026-08-18|708.46|712|688.38|696.15|1535606
PWR|2026-08-19|700|706.07|658.88|677.41|1130365
PWR|2026-08-20|672.32|679.21|660.6|662.47|1161280
PWR|2026-08-21|664.8|667.005|635.57|639.34|1215146
QBTS|2026-06-01|28.95|31.12|27.83|29.18|48773482
QBTS|2026-06-02|29.41|31.3|28.99|29.91|48211280
QBTS|2026-06-03|29.49|29.95|27.38|27.55|41746193
QBTS|2026-06-04|27.04|28.82|26.45|27.64|39097891
QBTS|2026-06-05|26.56|26.59|23.285|23.85|34064701
QBTS|2026-06-08|24.7|26.7299|24|25.83|28908193
QBTS|2026-06-09|25.755|26.66|22.35|23.52|37498237
QBTS|2026-06-10|23.27|24.78|23.1456|23.25|20663591
QBTS|2026-06-11|23.16|24.41|22.75|23.82|24904846
QBTS|2026-06-12|23.635|24.4799|22.86|23.37|27752602
QBTS|2026-06-15|24.91|27.15|24.91|26.26|44722976
QBTS|2026-06-16|25.75|26.11|23.8832|23.94|29268063
QBTS|2026-06-17|24.145|24.55|22.85|22.92|27426211
QBTS|2026-06-18|23.66|24.71|22.541|24.69|30873725
QBTS|2026-06-22|24.39|25.635|23.5203|24.47|28247331
QBTS|2026-06-23|24.11|26.71|23.96|25.03|48746773
QBTS|2026-06-24|24.425|24.4275|22.4|22.98|31547463
QBTS|2026-06-25|23.5|23.81|21.635|21.91|20503140
QBTS|2026-06-26|21.3|22.86|20.93|22.76|31644769
QBTS|2026-06-29|23.165|24.26|22.46|23.83|22722003
QBTS|2026-06-30|23.35|24.73|23.25|23.99|20123672
QBTS|2026-07-01|23.595|24.54|23.06|23.5|22834683
QBTS|2026-07-02|23.655|24.6799|22.3|22.53|21327896
QBTS|2026-07-06|22.44|23.625|22.25|22.56|17162090
QBTS|2026-07-07|22.165|22.39|20.52|21.06|20470606
QBTS|2026-07-08|20.52|21.49|20.13|20.64|15488117
QBTS|2026-07-09|20.75|21.4851|20.52|21.16|16477002
QBTS|2026-07-10|21.48|21.64|19.95|20.09|14429091
QBTS|2026-07-13|19.69|19.69|18.52|18.66|16951758
QBTS|2026-07-14|18.92|19.255|18.65|18.95|15608841
QBTS|2026-07-15|19.035|19.37|17.87|18.27|15335555
QBTS|2026-07-16|18|18|16.81|16.92|18745131
QBTS|2026-07-17|16.46|17.42|16.025|16.73|17577966
QBTS|2026-07-20|17|17.55|16.69|16.72|13713761
QBTS|2026-07-21|17.08|18.02|17|17.8|16378578
QBTS|2026-07-22|17.6|17.97|17.2595|17.35|14431205
QBTS|2026-07-23|16.885|17.8497|16.82|17.1|13549311
QBTS|2026-07-24|17.01|17.04|16.18|16.21|13484151
QBTS|2026-07-27|17.86|19.54|17.75|19.51|48213749
QBTS|2026-07-28|18.65|18.89|17.26|17.635|23869337
QBTS|2026-07-29|17.29|17.4|16.07|16.18|20017137
QBTS|2026-07-30|16.79|18.13|16.71|17.98|19974927
QBTS|2026-07-31|18.38|18.92|17.84|18.08|16479428
QBTS|2026-08-03|18.09|20.135|18|19.98|24497278
QBTS|2026-08-04|20.34|21.9|20.34|21.83|23663039
QBTS|2026-08-05|21.615|22|21.15|21.39|16858524
QBTS|2026-08-06|18.44|20.59|18.33|19.405|23562667
QBTS|2026-08-07|19.72|20.92|19.525|20.76|16217628
QBTS|2026-08-10|20.44|20.89|20.02|20.19|13149969
QBTS|2026-08-11|20.26|20.54|19.79|20.23|11065661
QBTS|2026-08-12|20.789|21|20.06|20.74|13218531
QBTS|2026-08-13|20.49|21.755|20.45|20.9|12975491
QBTS|2026-08-14|20.622|21.455|20.42|21.17|10999683
QBTS|2026-08-17|20.78|21.355|20.1942|20.87|10032637
QBTS|2026-08-18|19.8|20.71|19.455|19.53|12866439
QBTS|2026-08-19|19.27|19.7512|18.925|19.32|12926171
QBTS|2026-08-20|19.22|19.43|18.44|18.8|11705391
QBTS|2026-08-21|19.11|20.595|19.1|20.39|19475283
QFIN|2026-06-01|16.12|17.2501|16.02|16.91|3626248
QFIN|2026-06-02|17.16|17.205|16.39|16.56|2488866
QFIN|2026-06-03|16.34|16.34|15.09|15.2|1189015
QFIN|2026-06-04|15.31|15.46|14.985|15.29|1503490
QFIN|2026-06-05|15.33|15.45|14.23|14.53|1451622
QFIN|2026-06-08|14.54|14.555|14.13|14.27|1774281
QFIN|2026-06-09|14.62|14.65|13.925|14.24|1691020
QFIN|2026-06-10|14.32|15.05|14.21|14.83|1878203
QFIN|2026-06-11|14.83|15.07|14.5|15|1475031
QFIN|2026-06-12|15.1|15.5999|14.965|15.4|2876649
QFIN|2026-06-15|15.74|16.13|15.53|15.59|1541747
QFIN|2026-06-16|15.56|15.695|15.06|15.07|965951
QFIN|2026-06-17|15.13|15.46|14.97|15.03|876991
QFIN|2026-06-18|15.04|15.545|14.95|15.21|1703398
QFIN|2026-06-22|15.02|15.47|14.765|15.14|1067984
QFIN|2026-06-23|15.14|15.45|14.96|15.13|889664
QFIN|2026-06-24|15.13|15.42|14.8|15.18|1256394
QFIN|2026-06-25|15.14|15.39|14.8908|15.01|933229
QFIN|2026-06-26|14.95|16|14.82|15.81|1139436
QFIN|2026-06-29|15.96|16.25|15.47|15.66|935168
QFIN|2026-06-30|15.6|15.87|15.29|15.81|1197868
QFIN|2026-07-01|15.83|16.545|15.81|16.37|933335
QFIN|2026-07-02|16.25|16.435|15.25|15.46|1805675
QFIN|2026-07-06|15.49|15.68|14.668|15.27|1964523
QFIN|2026-07-07|15.08|15.5|14.46|14.51|1055336
QFIN|2026-07-08|14.78|14.9|14.365|14.75|1186251
QFIN|2026-07-09|14.77|15.075|14.61|14.88|1100378
QFIN|2026-07-10|14.88|14.92|13.19|13.2|3287938
QFIN|2026-07-13|13.28|13.5995|12.655|12.8|1549104
QFIN|2026-07-14|12.8|12.85|12.17|12.27|2051647
QFIN|2026-07-15|12.47|12.98|12.42|12.9|1439340
QFIN|2026-07-16|13.09|13.25|12.84|12.85|1090459
QFIN|2026-07-17|12.55|12.99|12.42|12.73|1221373
QFIN|2026-07-20|12.95|13.285|12.85|13.07|631417
QFIN|2026-07-21|13.07|13.48|13.05|13.25|800670
QFIN|2026-07-22|13.11|13.21|13.035|13.18|514218
QFIN|2026-07-23|13.06|13.24|12.935|13.13|535159
QFIN|2026-07-24|13.11|13.305|12.71|13.19|1038963
QFIN|2026-07-27|13.25|13.62|13.06|13.56|922102
QFIN|2026-07-28|13.28|13.66|13.18|13.63|1046577
QFIN|2026-07-29|13.73|13.99|13.66|13.76|962624
QFIN|2026-07-30|13.76|13.91|13.56|13.85|706103
QFIN|2026-07-31|13.82|13.95|13.635|13.88|1094257
QFIN|2026-08-03|13.94|14.06|13.57|13.86|932876
QFIN|2026-08-04|13.86|13.91|13.38|13.56|961312
QFIN|2026-08-05|13.59|13.6|13.12|13.14|686800
QFIN|2026-08-06|13.08|13.14|12.8|13.02|1043476
QFIN|2026-08-07|13.188|13.33|12.95|13.24|970283
QFIN|2026-08-10|13.21|13.24|12.76|13.03|1660106
QFIN|2026-08-11|12.8|13|12.62|12.8|1078338
QFIN|2026-08-12|12.79|12.8|12.21|12.57|1951720
QFIN|2026-08-13|12.535|12.64|12.34|12.49|1304195
QFIN|2026-08-14|12.47|12.53|12.1|12.27|1626120
QFIN|2026-08-17|12.35|12.3793|11.92|11.94|1125620
QFIN|2026-08-18|11.96|12.16|11.852|12.06|1015661
QFIN|2026-08-19|11.95|12.09|11.72|11.79|2179578
QFIN|2026-08-20|11.79|11.9|11.25|11.45|2205302
QFIN|2026-08-21|11.7|11.7|11.435|11.575|1435991
QNST|2026-06-01|12.59|12.67|12.315|12.61|929352
QNST|2026-06-02|12.59|12.6|12.055|12.14|642150
QNST|2026-06-03|12.03|12.04|11.345|11.39|672377
QNST|2026-06-04|11.61|12.0519|11.61|11.86|568095
QNST|2026-06-05|12.02|12.27|11.915|11.95|681726
QNST|2026-06-08|11.86|11.96|11.57|11.86|574984
QNST|2026-06-09|11.8|12.31|11.8|12.08|546269
QNST|2026-06-10|12.06|12.685|12.005|12.31|614837
QNST|2026-06-11|12.2|12.42|11.775|12.19|658938
QNST|2026-06-12|12.25|12.48|12.03|12.34|485507
QNST|2026-06-15|12.19|12.47|12.11|12.46|557325
QNST|2026-06-16|12.51|12.98|12.48|12.95|713134
QNST|2026-06-17|12.84|13.07|12.73|12.77|660855
QNST|2026-06-18|12.82|13.145|12.634|13.06|881869
QNST|2026-06-22|12.86|13.12|12.77|12.99|640082
QNST|2026-06-23|12.91|13.4|12.91|13.16|453570
QNST|2026-06-24|13.23|13.58|13.15|13.26|460623
QNST|2026-06-25|13.02|13.345|12.99|13.32|564172
QNST|2026-06-26|13.34|14.28|13.275|14.14|1767077
QNST|2026-06-29|14.11|14.76|13.965|14.55|1045556
QNST|2026-06-30|14.46|14.84|14.46|14.65|491370
QNST|2026-07-01|14.87|15.475|14.82|15.32|768454
QNST|2026-07-02|15.26|15.9|15.22|15.82|647558
QNST|2026-07-06|15.79|16.49|15.668|16.39|596809
QNST|2026-07-07|16.65|16.8445|16.24|16.27|749597
QNST|2026-07-08|16.13|16.37|16.055|16.34|558747
QNST|2026-07-09|15.995|16.845|15.89|16.84|644121
QNST|2026-07-10|16.84|17.22|16.68|16.79|552467
QNST|2026-07-13|16.86|17.675|16.54|17.61|629521
QNST|2026-07-14|17.39|17.86|17.09|17.72|599324
QNST|2026-07-15|17.71|18.02|17.51|17.55|673004
QNST|2026-07-16|17.55|17.8999|17.15|17.31|693765
QNST|2026-07-17|17.08|17.305|16.64|16.78|814937
QNST|2026-07-20|16.78|17.31|16.53|17.12|667377
QNST|2026-07-21|17.04|17.125|16.07|16.24|800096
QNST|2026-07-22|16.23|16.3149|15.51|15.63|851799
QNST|2026-07-23|15.23|15.53|14.93|14.98|913661
QNST|2026-07-24|15.15|15.51|14.965|15.15|676078
QNST|2026-07-27|15.15|15.74|15.11|15.54|1005721
QNST|2026-07-28|15.85|16.26|15.76|15.94|584828
QNST|2026-07-29|15.97|16.375|15.915|16.13|671117
QNST|2026-07-30|15.94|15.94|15.06|15.5|540323
QNST|2026-07-31|15.46|15.6678|15.1|15.5|419975
QNST|2026-08-03|15.75|16.105|15.58|15.61|418635
QNST|2026-08-04|15.39|15.8|15.39|15.63|635061
QNST|2026-08-05|15.63|15.82|15.41|15.47|406748
QNST|2026-08-06|15.19|15.37|15.08|15.22|636639
QNST|2026-08-07|19.69|21.28|19.21|21.08|4892036
QNST|2026-08-10|21.825|22.29|20.66|22.02|1820294
QNST|2026-08-11|21.68|21.95|20.34|20.9|2178428
QNST|2026-08-12|20.59|21.02|20.37|20.79|1162791
QNST|2026-08-13|20.9|21.1|20.575|20.74|795007
QNST|2026-08-14|20.78|20.8851|20.42|20.5|639153
QNST|2026-08-17|20.38|20.675|20.1001|20.175|725297
QNST|2026-08-18|20.4|20.98|20.2|20.76|766154
QNST|2026-08-19|20.81|21.2087|20.73|21.06|722658
QNST|2026-08-20|21.06|21.23|20.315|20.37|543955
QNST|2026-08-21|20.41|20.74|19.96|20.62|905384
QTTB|2026-06-01|10.82|12.5|10.785|11.66|1069199
QTTB|2026-06-02|12.27|13.19|11.5065|12.64|777132
QTTB|2026-06-03|12.52|13.1|11.53|12.19|535153
QTTB|2026-06-04|11.85|14.8499|11.85|14|1052540
QTTB|2026-06-05|13.8|14.49|12.84|13.11|764803
QTTB|2026-06-08|13.36|13.99|11.08|12.03|660139
QTTB|2026-06-09|12.19|12.55|11.5919|11.89|628041
QTTB|2026-06-10|11.46|13.1|11.29|12.87|643963
QTTB|2026-06-11|12.77|13.14|12.295|12.7|437068
QTTB|2026-06-12|12.7|13.71|12.51|12.64|326302
QTTB|2026-06-15|12.78|13.25|11.97|12.86|361122
QTTB|2026-06-16|12.84|13.06|12.21|12.75|427792
QTTB|2026-06-17|12.7|13.4|12.67|12.91|251502
QTTB|2026-06-18|13.15|13.37|11.7|11.9|407055
QTTB|2026-06-22|12|13.39|11.9541|12.65|443568
QTTB|2026-06-23|12.6|13.09|11.7|11.88|384866
QTTB|2026-06-24|11.84|12.23|10.68|11.16|322161
QTTB|2026-06-25|11.17|12|10.55|11.95|273530
QTTB|2026-06-26|12|13.18|11.99|13.17|493633
QTTB|2026-06-29|13.17|15.02|13.035|14.14|714007
QTTB|2026-06-30|14.16|14.85|12.31|12.74|539426
QTTB|2026-07-01|12.87|13.06|12.43|12.6|193376
QTTB|2026-07-02|12.68|13.3|12.54|13.09|162604
QTTB|2026-07-06|13.09|13.762|12.73|12.865|247340
QTTB|2026-07-07|13.48|14.2|12.6596|13.62|239321
QTTB|2026-07-08|13.46|14.42|12.65|14.08|432865
QTTB|2026-07-09|14.26|14.425|12.31|12.59|264759
QTTB|2026-07-10|12.38|12.48|10.815|11.21|2600875
QTTB|2026-07-13|18.31|22.5|17.281|21.38|27695228
QTTB|2026-07-14|21.25|23.5699|17.5|18.46|3526855
QTTB|2026-07-15|18.25|18.26|15.56|15.7|7050541
QTTB|2026-07-16|15.99|15.99|14.67|15.21|2342394
QTTB|2026-07-17|15.125|15.95|14.75|15.05|1315919
QTTB|2026-07-20|14.68|16|14.54|15.04|1269201
QTTB|2026-07-21|14.88|15.43|14.13|15.41|853638
QTTB|2026-07-22|15.22|15.74|14.98|15.08|608689
QTTB|2026-07-23|15|15.6799|14.93|15.38|392945
QTTB|2026-07-24|15.26|15.59|14.9701|15.15|178772
QTTB|2026-07-27|15.37|16.61|15.11|15.21|527092
QTTB|2026-07-28|15.71|15.88|14.79|15.71|536114
QTTB|2026-07-29|15.79|16.25|14.57|14.64|713129
QTTB|2026-07-30|14.61|15.755|14.39|15.56|555610
QTTB|2026-07-31|15.73|15.99|15|15.68|386880
QTTB|2026-08-03|15.5|15.73|14.68|15.165|307599
QTTB|2026-08-04|15.15|16.24|15.02|16.155|727643
QTTB|2026-08-05|16.15|16.95|15.7301|16.49|650148
QTTB|2026-08-06|16.47|16.9587|16.02|16.2|602382
QTTB|2026-08-07|16.58|16.58|15.41|15.6|512874
QTTB|2026-08-10|15.3|16.6934|15.28|15.67|439474
QTTB|2026-08-11|15.67|15.77|14.79|15.41|614707
QTTB|2026-08-12|15.33|15.595|15.1101|15.37|269945
QTTB|2026-08-13|15.47|15.8|15.19|15.37|182373
QTTB|2026-08-14|15.45|15.4699|14.93|15.15|311847
QTTB|2026-08-17|15.18|16.045|15.18|15.95|293042
QTTB|2026-08-18|15.65|16.04|15.04|15.29|319351
QTTB|2026-08-19|15.56|15.93|15.25|15.84|264745
QTTB|2026-08-20|15.8|16.15|15.51|15.86|388590
QTTB|2026-08-21|15.89|16.29|15.72|15.97|341346
QURE|2026-06-01|27.92|28.65|26.43|28.22|1267906
QURE|2026-06-02|27.62|27.62|26.2553|26.76|886526
QURE|2026-06-03|27.02|30.4499|26.9|29.88|2900850
QURE|2026-06-04|30.01|31|27.9|27.99|2791885
QURE|2026-06-05|27.63|28.19|26.3|26.45|1445369
QURE|2026-06-08|26.85|27.76|26.78|27|760619
QURE|2026-06-09|27.33|27.5|25.65|26.46|1182637
QURE|2026-06-10|26.11|27.44|25.97|26.82|1119380
QURE|2026-06-11|26.69|27.69|26.01|26.82|1285876
QURE|2026-06-12|26.87|28.71|26.8|27.57|835515
QURE|2026-06-15|27.75|28.5|27.26|27.87|1090280
QURE|2026-06-16|27.75|27.9|26.65|26.99|610779
QURE|2026-06-17|43.55|49.7|42.5|48.16|19624855
QURE|2026-06-18|48.875|50.08|45.76|46.29|4718266
QURE|2026-06-22|46.29|48.06|43.84|44.39|2793321
QURE|2026-06-23|44.47|49.58|44.47|49.04|3332471
QURE|2026-06-24|49.8|50.05|47.02|48.85|4704539
QURE|2026-06-25|49.28|50.47|48.355|49.1|2911318
QURE|2026-06-26|49.23|49.7|46.17|47.51|3149721
QURE|2026-06-29|48.41|49.69|47.07|47.39|2294669
QURE|2026-06-30|47|47.62|45.76|46.06|2046451
QURE|2026-07-01|46.2|47.555|45.12|45.17|1086805
QURE|2026-07-02|45.99|46.095|41.15|41.81|2806114
QURE|2026-07-06|41.81|43|41.15|41.36|1109196
QURE|2026-07-07|41.91|42|39.5|41.41|2218137
QURE|2026-07-08|41.42|43.59|40.75|43.49|1904025
QURE|2026-07-09|43.08|44.57|42.86|44.48|1157148
QURE|2026-07-10|44.48|44.85|41.02|42.63|1139735
QURE|2026-07-13|41.87|42.52|40.3|41.1|1459997
QURE|2026-07-14|41.12|43.1593|41.01|41.52|965046
QURE|2026-07-15|41.12|41.55|40.12|41|906805
QURE|2026-07-16|40|40.66|39.01|39.36|1250854
QURE|2026-07-17|39.12|41.04|38.2|40.25|957276
QURE|2026-07-20|40.22|41.92|39.585|39.7|1069038
QURE|2026-07-21|40.22|40.73|39.63|40.09|847924
QURE|2026-07-22|39.8|40.86|39.385|40.38|1053291
QURE|2026-07-23|39.9|40.4955|38.86|39.43|834348
QURE|2026-07-24|39.3|39.44|37.33|38.97|1325786
QURE|2026-07-27|38.5|40|38.16|38.21|1473544
QURE|2026-07-28|37.59|38.015|35.34|36.66|3007067
QURE|2026-07-29|38|42|37.4317|40.07|3851287
QURE|2026-07-30|41.69|42.5573|39.92|42.19|1910533
QURE|2026-07-31|43.65|44.99|43|43.63|1694976
QURE|2026-08-03|43.67|44.755|42.22|44.06|1056019
QURE|2026-08-04|44.21|44.73|42.56|43.68|1286799
QURE|2026-08-05|43.9|44.5099|43.22|44.24|795048
QURE|2026-08-06|44.15|45.48|43.9|45.36|1241442
QURE|2026-08-07|46.59|48.105|45.02|46.42|1827795
QURE|2026-08-10|46.06|47|45.1237|46.06|1096703
QURE|2026-08-11|46.01|46.5|44.64|45|982653
QURE|2026-08-12|45.11|46.1509|44.93|45.13|736341
QURE|2026-08-13|44.96|47.27|44.22|47.06|1121759
QURE|2026-08-14|47.06|48.7|46.31|48.62|956378
QURE|2026-08-17|48.08|48.4999|46.87|47.97|838408
QURE|2026-08-18|47.42|48.2|46.8701|47.38|500690
QURE|2026-08-19|48|49.015|46.93|48.76|1275408
QURE|2026-08-20|48|49.64|47.08|48.89|1200098
QURE|2026-08-21|48.91|49.845|48.19|48.37|673481
RARE|2026-06-01|23.77|24.055|22.62|22.85|2327481
RARE|2026-06-02|22.49|22.635|21.33|21.78|2029030
RARE|2026-06-03|21.85|22.605|21.805|22.41|1797253
RARE|2026-06-04|22.51|23.47|22.18|23.31|1412117
RARE|2026-06-05|23.31|23.41|21.74|21.91|1117021
RARE|2026-06-08|22.15|22.29|21.39|21.59|1689266
RARE|2026-06-09|22.14|23.045|22.03|22.79|1620282
RARE|2026-06-10|22.56|23.23|22.425|22.97|1200305
RARE|2026-06-11|22.93|24.08|22.48|23.98|1525191
RARE|2026-06-12|24.08|24.81|24.005|24.35|1846127
RARE|2026-06-15|24.62|25.38|24.5|25.38|1478667
RARE|2026-06-16|25.54|25.66|24.51|24.85|2747338
RARE|2026-06-17|25.09|27.9|25.09|26.91|3242945
RARE|2026-06-18|27.54|28.18|27.31|27.44|3562375
RARE|2026-06-22|27.56|29.35|27.49|29.03|2067322
RARE|2026-06-23|28.58|29.39|28.5|28.76|2042945
RARE|2026-06-24|29.02|30.1399|29.01|29.11|1705312
RARE|2026-06-25|29.51|30.57|29.07|29.25|1906272
RARE|2026-06-26|29.39|30.99|29.36|30.77|17177637
RARE|2026-06-29|30.77|31.16|30.19|30.68|3989464
RARE|2026-06-30|31.01|35|30.4765|33.39|6691912
RARE|2026-07-01|33.13|33.49|32.335|32.38|2316706
RARE|2026-07-02|32.8|33.5|32.48|33.47|1238882
RARE|2026-07-06|33.28|34.19|32.8935|33.7|1551111
RARE|2026-07-07|34.19|36.5699|33.57|35.87|4421534
RARE|2026-07-08|35.24|35.79|34.195|34.67|2771596
RARE|2026-07-09|34.71|34.805|33.34|34.61|1939574
RARE|2026-07-10|34.61|34.81|32.715|33.82|1562473
RARE|2026-07-13|33.065|33.3|31.81|33.22|1342738
RARE|2026-07-14|33.36|33.58|31.915|32.03|1068452
RARE|2026-07-15|31.61|31.8|30.64|31.71|983134
RARE|2026-07-16|31.86|31.9|29.83|30.22|1829468
RARE|2026-07-17|29.16|30.07|28.9|29.28|1466549
RARE|2026-07-20|29.33|30.03|28.5|28.53|1254814
RARE|2026-07-21|29.005|29.1|28.23|28.62|2245879
RARE|2026-07-22|28.62|28.86|27.5|27.645|1546483
RARE|2026-07-23|27.28|28.05|27|27.02|1888285
RARE|2026-07-24|27.32|27.48|26.495|26.9|1478557
RARE|2026-07-27|27.37|28|26.69|26.89|1628724
RARE|2026-07-28|26.57|27.285|25.22|25.98|1814231
RARE|2026-07-29|25.77|26.15|24.87|25|2326323
RARE|2026-07-30|25.04|26.1|24.545|26.04|2515866
RARE|2026-07-31|25.95|26.075|24.595|24.91|1537272
RARE|2026-08-03|24.92|25.4|24.01|25.02|2044863
RARE|2026-08-04|25.19|26.13|25.005|25.81|1991677
RARE|2026-08-05|28.48|28.48|24.605|24.93|2565657
RARE|2026-08-06|24.99|26.1|24.805|25.82|1912627
RARE|2026-08-07|26.34|26.71|25.3|25.91|3808475
RARE|2026-08-10|25.91|27.11|25.51|26.8|2364623
RARE|2026-08-11|27.16|27.5869|26.42|26.96|2138821
RARE|2026-08-12|26.79|27.16|26.11|26.86|1544756
RARE|2026-08-13|27.07|27.17|26.33|26.38|946045
RARE|2026-08-14|26.3|26.58|25.75|26.49|1186023
RARE|2026-08-17|26.26|26.5099|25.81|26.13|1314870
RARE|2026-08-18|25.68|26.1085|24.97|25.49|1772155
RARE|2026-08-19|26.28|26.68|26|26.24|2599030
RARE|2026-08-20|28.39|28.5|25.04|25.32|3831241
RARE|2026-08-21|25.76|26.75|25.69|25.83|2389962
RDW|2026-06-01|22.6|22.77|20.3|20.68|56206003
RDW|2026-06-02|20.98|22.1499|20.3|20.58|35865264
RDW|2026-06-03|19.5|20.01|18.27|18.62|40836418
RDW|2026-06-04|19.3|22.75|18.7901|21.43|74599089
RDW|2026-06-05|20.8|21.19|17.62|18.45|53639044
RDW|2026-06-08|19.36|19.57|18.1|18.57|33085997
RDW|2026-06-09|17|18.03|14.76|15.75|68594314
RDW|2026-06-10|15.89|16.01|14.81|14.87|30428412
RDW|2026-06-11|15.02|17.275|14.7|17.09|67403077
RDW|2026-06-12|16.28|16.44|14.715|15.12|63533301
RDW|2026-06-15|15.96|16|14.715|14.83|41672328
RDW|2026-06-16|14.505|14.58|13.18|13.5|45056524
RDW|2026-06-17|13.765|14.98|13.545|14.36|35505695
RDW|2026-06-18|14.09|14.38|13.26|14.35|46476316
RDW|2026-06-22|14.03|14.03|12.6|13.02|32793217
RDW|2026-06-23|12.595|13.25|12.2|12.22|26732848
RDW|2026-06-24|12.29|12.37|11.28|11.38|20711718
RDW|2026-06-25|11.3|11.37|10.11|10.8|27113051
RDW|2026-06-26|10.73|11.215|10.6|10.93|34151235
RDW|2026-06-29|11.33|11.89|10.94|11.69|29144996
RDW|2026-06-30|12.06|12.5|11.7303|12.23|34923171
RDW|2026-07-01|12|12.82|11.88|11.97|21779332
RDW|2026-07-02|11.92|12.75|11.1401|11.31|20863606
RDW|2026-07-06|11.12|11.62|11.09|11.36|17295283
RDW|2026-07-07|11.1|11.18|10.125|10.21|16432419
RDW|2026-07-08|10.23|10.97|10.1868|10.58|14192771
RDW|2026-07-09|10.55|10.765|10.3401|10.47|12410627
RDW|2026-07-10|10.44|10.46|10.02|10.18|10738205
RDW|2026-07-13|10.03|10.1399|9.4|9.59|17254351
RDW|2026-07-14|9.9|10.2|9.52|9.74|13200288
RDW|2026-07-15|9.91|10.3|9.29|9.36|19180117
RDW|2026-07-16|9.11|9.115|8.36|8.45|18343322
RDW|2026-07-17|8.29|8.76|8.06|8.45|13604327
RDW|2026-07-20|8.5|8.875|8.42|8.6|16890805
RDW|2026-07-21|8.74|9.535|8.66|9.42|19573788
RDW|2026-07-22|9.25|9.5|8.9|8.99|11186440
RDW|2026-07-23|8.87|9.49|8.835|9.28|15077669
RDW|2026-07-24|9.19|9.23|8.65|8.69|13245643
RDW|2026-07-27|8.8|9.2299|8.58|8.83|12784306
RDW|2026-07-28|8.5|8.65|8.02|8.57|11964688
RDW|2026-07-29|8.58|8.64|7.76|7.78|15478037
RDW|2026-07-30|8.1|8.52|7.96|8.47|16975526
RDW|2026-07-31|8.82|8.92|8.2|8.62|18939823
RDW|2026-08-03|8.39|9.74|8.36|9.64|18960574
RDW|2026-08-04|9.9|10.705|9.9|10.63|19836801
RDW|2026-08-05|10.65|10.79|10.31|10.72|18118922
RDW|2026-08-06|12.24|12.75|11.3102|11.83|33110015
RDW|2026-08-07|12.42|13.6787|12.42|13.59|32705863
RDW|2026-08-10|13.39|13.86|13.1|13.12|18829816
RDW|2026-08-11|13.27|13.6699|12.57|13.51|16907487
RDW|2026-08-12|13.65|13.795|13.11|13.49|16470460
RDW|2026-08-13|12.95|13.91|12.87|13.2|16199645
RDW|2026-08-14|13.4|14.02|13.165|13.58|14128596
RDW|2026-08-17|13.515|14.19|13.375|13.41|16900167
RDW|2026-08-18|12.6|13.3999|12.3|12.94|14509504
RDW|2026-08-19|12.57|12.645|11.94|12.4|13787639
RDW|2026-08-20|12.29|12.37|11.38|11.77|15045992
RDW|2026-08-21|12|12.325|11.79|12.02|11411240
RIOT|2026-06-01|26.575|28.84|25.85|28.25|18889091
RIOT|2026-06-02|28.23|28.94|26.955|27.32|17818723
RIOT|2026-06-03|27.68|28.64|27.25|27.65|15945595
RIOT|2026-06-04|26.51|28.08|26.06|27.47|16178107
RIOT|2026-06-05|26.51|26.51|23.98|24.66|18348449
RIOT|2026-06-08|25.365|26.17|24.31|25.69|12885083
RIOT|2026-06-09|26.45|27.205|23.91|25.295|19267990
RIOT|2026-06-10|24.72|25.69|23.665|24.08|17064166
RIOT|2026-06-11|24.23|26.435|24.09|26.14|15827348
RIOT|2026-06-12|26.68|27.59|26.331|26.61|10174171
RIOT|2026-06-15|28.45|28.475|27.24|27.38|10700838
RIOT|2026-06-16|27.17|28.4691|27.17|27.42|11626432
RIOT|2026-06-17|27.26|28.79|27.0874|27.43|11332460
RIOT|2026-06-18|28.47|28.8|27.59|28.1|14031945
RIOT|2026-06-22|28.44|30.32|28.18|28.63|15839820
RIOT|2026-06-23|27.1|29.55|26.75|28.69|11295276
RIOT|2026-06-24|28.59|28.9099|26.63|27.42|14630598
RIOT|2026-06-25|28.23|28.49|25.56|27.76|16670315
RIOT|2026-06-26|27.06|28.901|26.28|28.57|27862849
RIOT|2026-06-29|28.81|29.1092|26.18|27.75|19216654
RIOT|2026-06-30|27.35|27.53|26.3|27.38|16727345
RIOT|2026-07-01|26.865|26.88|23.7221|23.96|21669781
RIOT|2026-07-02|23.905|24|21.58|22.11|18771330
RIOT|2026-07-06|22.811|24.39|22.695|22.87|15462413
RIOT|2026-07-07|22.195|22.4|20.51|21.17|12800167
RIOT|2026-07-08|21.2337|21.83|20.4801|21.09|13965210
RIOT|2026-07-09|22.02|22.42|21.235|21.51|13052239
RIOT|2026-07-10|21.55|21.81|20.56|20.965|11931860
RIOT|2026-07-13|20.75|20.93|19.41|20.19|16006661
RIOT|2026-07-14|21.2|21.57|19.565|20.19|13645565
RIOT|2026-07-15|20.17|20.6538|19.365|20.1|12697559
RIOT|2026-07-16|19.45|19.7|18.29|18.82|17337780
RIOT|2026-07-17|18.025|19.07|17.44|18.26|16284556
RIOT|2026-07-20|18.76|20.135|18.68|19.9|19347163
RIOT|2026-07-21|20.298|21.775|20.02|21.49|17564563
RIOT|2026-07-22|20.96|23.645|20.81|23.38|28098071
RIOT|2026-07-23|23.36|25.17|23.295|23.86|24173848
RIOT|2026-07-24|23.26|23.75|22.35|22.53|13582725
RIOT|2026-07-27|22.6|22.91|21.15|21.97|13924386
RIOT|2026-07-28|21.055|21.48|20.055|21.24|16278607
RIOT|2026-07-29|21.005|21.045|18.131|18.24|22834201
RIOT|2026-07-30|20.03|22.7|19.96|22.12|25627487
RIOT|2026-07-31|22.985|23.15|20.02|20.17|20941560
RIOT|2026-08-03|19.62|21.67|19.36|21.42|16497884
RIOT|2026-08-04|21.27|22.325|20.84|21.56|16505027
RIOT|2026-08-05|22.61|23.84|21.405|21.5|29367568
RIOT|2026-08-06|21.03|22.55|20.5725|21.21|16266759
RIOT|2026-08-07|21.94|22.17|20.32|20.52|12210203
RIOT|2026-08-10|20.45|20.46|19.12|19.4|19261190
RIOT|2026-08-11|23.57|23.66|19.34|20.24|76046132
RIOT|2026-08-12|21.58|22.21|20.1936|20.32|33139511
RIOT|2026-08-13|19.98|20.86|19.0408|19.21|23429074
RIOT|2026-08-14|18.82|19.55|18.455|19.015|16884744
RIOT|2026-08-17|18.95|20.085|18.9|20.04|17492670
RIOT|2026-08-18|19.46|19.96|18.77|18.91|16425940
RIOT|2026-08-19|18.875|19.888|17.862|19.38|22003537
RIOT|2026-08-20|19.8|21.02|19.62|20.98|22323875
RIOT|2026-08-21|21.665|22.2|19.56|19.83|27222062
ROKU|2026-06-01|130.18|131|126.97|129.03|1844357
ROKU|2026-06-02|127.26|128.62|124.5601|127.12|1598273
ROKU|2026-06-03|125.73|126.99|119.49|122.2|2355575
ROKU|2026-06-04|124.74|128.8547|122.86|125.59|1928630
ROKU|2026-06-05|124.27|127.455|120.6601|122.26|1967848
ROKU|2026-06-08|125.85|126.105|122.58|123.57|3534772
ROKU|2026-06-09|125.42|127.15|118.03|120.91|3313169
ROKU|2026-06-10|118.44|121.12|116.53|116.94|2339349
ROKU|2026-06-11|117.13|120.105|115|119.64|2404086
ROKU|2026-06-12|124.81|148.88|119.66|143.66|14910526
ROKU|2026-06-15|143.9|145.88|139.64|140.9|27587282
ROKU|2026-06-16|138.25|140.55|137.92|137.95|15200802
ROKU|2026-06-17|138.1|140.32|137.17|137.29|11390986
ROKU|2026-06-18|137.57|139.7|137.14|138.07|24898421
ROKU|2026-06-22|137.72|138.25|135.04|135.2|8313681
ROKU|2026-06-23|135.14|136.24|134.9|135.055|6716455
ROKU|2026-06-24|135.49|137.39|134.895|135.93|5886308
ROKU|2026-06-25|135.8|136.295|134.46|134.73|7333276
ROKU|2026-06-26|134.585|136.48|134.36|135.4|9730252
ROKU|2026-06-29|137|137.498|135.48|136.53|3323524
ROKU|2026-06-30|135.75|138.58|135.75|138.14|3602182
ROKU|2026-07-01|138.88|141.8|138.88|140.51|5046504
ROKU|2026-07-02|140.525|142.67|140.32|142.43|5285641
ROKU|2026-07-06|142.33|142.99|141.33|142.26|2340426
ROKU|2026-07-07|141.76|142.94|141.13|141.21|2679566
ROKU|2026-07-08|141|141.38|139.19|139.25|3702879
ROKU|2026-07-09|139|140.63|138.81|140.26|2585834
ROKU|2026-07-10|140.59|141.99|140.37|140.69|1881462
ROKU|2026-07-13|140.01|142.87|140.01|142.34|2889556
ROKU|2026-07-14|141.705|142.18|141.1144|141.76|1733315
ROKU|2026-07-15|142.34|143.56|141.82|143.32|3219343
ROKU|2026-07-16|143.29|144.1999|143|143.82|2521250
ROKU|2026-07-17|143.07|144.71|143.07|144.43|2865135
ROKU|2026-07-20|144.958|145.75|143.97|144.13|1881925
ROKU|2026-07-21|144.2|144.69|143.7401|144.27|1489510
ROKU|2026-07-22|143.85|144.39|143.08|143.08|1818135
ROKU|2026-07-23|142.155|143|141.25|141.67|1984985
ROKU|2026-07-24|141.8|142.83|141.75|141.97|2321798
ROKU|2026-07-27|142.11|144.07|141.67|142.92|3014275
ROKU|2026-07-28|142.62|144.49|142.62|143.91|2290101
ROKU|2026-07-29|143.74|145.68|143.74|145.33|3051745
ROKU|2026-07-30|145.01|145.52|144.29|145.09|2722469
ROKU|2026-07-31|145|145.58|144.84|145.01|2929919
ROKU|2026-08-03|145.849|147.12|145.72|145.84|3115250
ROKU|2026-08-04|145.5|147.38|145.2026|147.33|3992636
ROKU|2026-08-05|147.889|147.94|146.18|146.96|3836234
ROKU|2026-08-06|148.32|150.61|148|150.07|3822204
ROKU|2026-08-07|151.95|153.54|151.14|153.11|2766718
ROKU|2026-08-10|152.54|152.84|151.32|151.84|2761685
ROKU|2026-08-11|151.86|152.24|150.64|150.91|1878269
ROKU|2026-08-12|150.78|151.87|150.45|151.79|1468925
ROKU|2026-08-13|151.5|154.12|151.5|154.08|1458534
ROKU|2026-08-14|155.48|157.86|155.23|157.68|1357228
ROKU|2026-08-17|157.11|158.51|157.11|158.31|1644402
ROKU|2026-08-18|157.485|159.69|157|157.78|2267798
ROKU|2026-08-19|157.86|158.1|156.45|156.8|1189809
ROKU|2026-08-20|156.72|157.8|156.68|157.12|1653110
ROKU|2026-08-21|157.41|158.69|156.985|157.49|1275370
RUM|2026-06-01|9.19|9.785|9.03|9.57|2567788
RUM|2026-06-02|9.4|9.7|8.97|8.97|2268222
RUM|2026-06-03|8.82|8.82|8.325|8.33|2411106
RUM|2026-06-04|9.43|10.54|8.165|8.18|13362349
RUM|2026-06-05|7.912|8.1399|7.35|7.58|4888541
RUM|2026-06-08|7.7|8.3181|7.61|7.87|2677730
RUM|2026-06-09|7.93|8.06|7.14|7.49|3165923
RUM|2026-06-10|7.33|7.5733|6.96|7|2225208
RUM|2026-06-11|7|7.55|6.765|7.54|4416223
RUM|2026-06-12|7.57|7.57|7.15|7.16|2098551
RUM|2026-06-15|7.49|7.92|7.38|7.75|2757429
RUM|2026-06-16|7.7|7.77|7.25|7.39|2270290
RUM|2026-06-17|7.37|7.725|7.26|7.29|2329857
RUM|2026-06-18|8.46|8.71|7.17|7.36|11452203
RUM|2026-06-22|7.21|7.765|6.79|6.8|5216977
RUM|2026-06-23|6.58|6.94|6.5|6.73|3184571
RUM|2026-06-24|6.7|6.7399|6.055|6.2|4446566
RUM|2026-06-25|6.18|6.26|5.83|6.24|4302468
RUM|2026-06-26|6.1|6.38|5.97|6.32|7744564
RUM|2026-06-29|6.405|6.585|6.03|6.19|3346546
RUM|2026-06-30|6.2|6.505|6.08|6.34|3283084
RUM|2026-07-01|6.28|6.49|6.17|6.28|2947877
RUM|2026-07-02|6.355|6.61|6.005|6.16|3190971
RUM|2026-07-06|6.19|6.585|6.18|6.51|3352208
RUM|2026-07-07|6.49|6.54|6.15|6.19|1853021
RUM|2026-07-08|6.1|6.3|6.04|6.28|1961223
RUM|2026-07-09|6.225|6.38|6.225|6.38|1410896
RUM|2026-07-10|6.44|6.58|6.11|6.13|1909951
RUM|2026-07-13|6.11|6.15|5.78|5.93|3434209
RUM|2026-07-14|5.94|6.08|5.84|5.99|1879438
RUM|2026-07-15|6.1|6.22|5.9|6.09|2009957
RUM|2026-07-16|5.97|6.05|5.56|5.72|2397842
RUM|2026-07-17|5.5|5.855|5.47|5.76|2027427
RUM|2026-07-20|5.77|5.95|5.72|5.83|1727738
RUM|2026-07-21|5.83|6.238946|5.83|6.17|2599436
RUM|2026-07-22|6.16|6.29|6.04|6.15|1840909
RUM|2026-07-23|5.92|6.09|5.9|5.99|2183497
RUM|2026-07-24|6.03|6.03|5.7|5.71|1396699
RUM|2026-07-27|5.84|6.07|5.785|6.04|1658317
RUM|2026-07-28|5.93|6.11|5.87|6.03|1913944
RUM|2026-07-29|5.95|6.04|5.65|5.66|1959559
RUM|2026-07-30|5.75|6.04|5.74|5.9|2167967
RUM|2026-07-31|6.02|6.24|5.77|5.84|3406107
RUM|2026-08-03|5.88|6.34|5.8|6.19|2514554
RUM|2026-08-04|6.3|6.495|6.23|6.43|2171630
RUM|2026-08-05|6.36|6.435|6.185|6.19|1642729
RUM|2026-08-06|6.09|6.29|6.09|6.2|1231062
RUM|2026-08-07|6.3|6.48|6.24|6.385|2051473
RUM|2026-08-10|6.39|6.53|6.175|6.21|3409642
RUM|2026-08-11|6|7.03|5.98|6.92|6750744
RUM|2026-08-12|6.98|7.62|6.97|7.55|6702324
RUM|2026-08-13|7.52|8.55|7.511|7.54|10101680
RUM|2026-08-14|7.51|7.7|7.43|7.46|3512434
RUM|2026-08-17|7.43|8.41|7.362|8.24|5423832
RUM|2026-08-18|7.95|8.34|7.71|8.1|3126599
RUM|2026-08-19|8.13|8.62|8.0801|8.32|3000277
RUM|2026-08-20|8.3|8.445|8.11|8.43|2224119
RUM|2026-08-21|8.59|9.1188|8.412|9.05|3900995
RXT|2026-06-01|5.09|6.15|4.98|5.92|24138090
RXT|2026-06-02|5.7|5.7572|5.34|5.45|14904328
RXT|2026-06-03|5.43|5.66|5.1|5.21|12664667
RXT|2026-06-04|5.055|5.74|4.84|5.59|12435794
RXT|2026-06-05|5.38|5.4|4.655|4.705|10896337
RXT|2026-06-08|4.84|4.85|4.39|4.51|10680078
RXT|2026-06-09|4.54|4.86|4.02|4.66|12643426
RXT|2026-06-10|4.62|5.9|4.54|5.285|27629729
RXT|2026-06-11|5.19|5.63|4.99|5.6|16710157
RXT|2026-06-12|5.52|6.32|5.32|5.44|21628797
RXT|2026-06-15|5.78|6|5.31|5.915|14392799
RXT|2026-06-16|6.765|7.16|5.9701|6.21|82084830
RXT|2026-06-17|6.035|8.6|6.035|7.53|65106406
RXT|2026-06-18|7.73|7.91|6.92|7.22|27447595
RXT|2026-06-22|7.18|7.37|6.29|6.835|15546265
RXT|2026-06-23|6.64|7.8001|6.64|7.27|18727411
RXT|2026-06-24|7.11|7.22|6.52|6.82|11240695
RXT|2026-06-25|6.96|7.19|6.16|6.36|11832145
RXT|2026-06-26|6.28|6.43|5.7107|5.98|14620133
RXT|2026-06-29|6.148|6.65|5.95|6.575|10249110
RXT|2026-06-30|6.39|6.74|6.221|6.53|11058045
RXT|2026-07-01|6.54|6.945|6.285|6.49|11741943
RXT|2026-07-02|6.49|6.49|5.63|5.72|13216698
RXT|2026-07-06|5.79|6.8999|5.75|6.425|12438575
RXT|2026-07-07|6.23|7.185|6.18|6.76|16958339
RXT|2026-07-08|6.61|7.74|6.0802|6.58|22383836
RXT|2026-07-09|6.27|6.42|4.3|4.37|59247605
RXT|2026-07-10|4.44|5.475|4.31|5.34|41172135
RXT|2026-07-13|5.245|5.245|4.38|4.52|23757605
RXT|2026-07-14|4.595|5.03|4.5714|4.65|15301968
RXT|2026-07-15|4.75|4.9|4.24|4.45|15575730
RXT|2026-07-16|4.41|4.43|3.87|4.21|16721795
RXT|2026-07-17|4.075|4.29|3.965|4.15|8261308
RXT|2026-07-20|4.16|4.41|4.16|4.3|9727077
RXT|2026-07-21|4.27|4.52|4.23|4.39|9154179
RXT|2026-07-22|4.3|4.33|4.06|4.14|5615569
RXT|2026-07-23|4.11|4.14|3.93|4.02|5481697
RXT|2026-07-24|4.06|4.1399|3.9|3.94|6447109
RXT|2026-07-27|3.93|4.07|3.73|3.86|7266509
RXT|2026-07-28|3.8|3.875|3.56|3.81|6630644
RXT|2026-07-29|3.81|3.95|3.695|3.78|5519985
RXT|2026-07-30|3.81|4.23|3.81|4.21|6886691
RXT|2026-07-31|4.22|4.3|4.1|4.13|4430826
RXT|2026-08-03|4.18|4.8|4.0817|4.77|9522090
RXT|2026-08-04|4.78|5.22|4.7607|5.15|9091260
RXT|2026-08-05|5.07|5.12|4.715|4.75|5096047
RXT|2026-08-06|4.55|5.045|4.43|4.82|6624129
RXT|2026-08-07|4.87|5.04|4.765|4.9|5992026
RXT|2026-08-10|4.92|5.04|4.65|4.73|6473950
RXT|2026-08-11|5.2|5.67|4.35|4.35|14836769
RXT|2026-08-12|4.45|4.74|4.3306|4.64|9886251
RXT|2026-08-13|4.56|4.64|4.175|4.3|8844401
RXT|2026-08-14|4.36|4.3786|4.09|4.21|5466578
RXT|2026-08-17|4.23|4.23|3.92|3.95|7216988
RXT|2026-08-18|3.795|3.86|3.51|3.52|7729791
RXT|2026-08-19|3.585|3.59|3.35|3.42|7141494
RXT|2026-08-20|3.35|3.4299|3.16|3.25|6015816
RXT|2026-08-21|3.3|3.4399|3.09|3.32|8137729
SE|2026-06-01|91.99|97.8|91.98|95.25|3891822
SE|2026-06-02|95.25|96.5|92.62|93.14|2776035
SE|2026-06-03|92.65|93.505|88.07|89.46|5479937
SE|2026-06-04|91|93.55|90|92.09|2521136
SE|2026-06-05|91.2|91.62|85.8|86.56|4352912
SE|2026-06-08|85.1|85.9825|83.56|84.49|2932079
SE|2026-06-09|84.75|85.76|82.23|84.87|2992308
SE|2026-06-10|83.91|84.2|81.32|82.44|4100846
SE|2026-06-11|82.13|85.71|80.8|85.69|2662269
SE|2026-06-12|86.11|86.65|82.665|82.94|3387224
SE|2026-06-15|85.6|88.23|85.33|86.66|3841447
SE|2026-06-16|88.5|90.29|86.21|86.81|3221819
SE|2026-06-17|88.54|93.76|88.25|90.84|4910990
SE|2026-06-18|90.8|92.26|89.155|91.28|3490806
SE|2026-06-22|90.01|90.5|88.74|89.04|2717015
SE|2026-06-23|87.26|92.38|87|91.79|3238518
SE|2026-06-24|90.9|95.66|89.97|92.75|3374042
SE|2026-06-25|91.28|92.28|88.04|89.01|2993470
SE|2026-06-26|87.14|91.44|85.67|91.33|2713266
SE|2026-06-29|92.05|94.8409|91.19|92.95|2696260
SE|2026-06-30|91.34|96.16|90.16|95.83|6315458
SE|2026-07-01|96.89|103.3|95.775|102.33|6175864
SE|2026-07-02|103.99|105.9|102.52|103.3|7382404
SE|2026-07-06|103.32|106.2|102.7887|105|4812030
SE|2026-07-07|105|106.81|104|104.23|3477799
SE|2026-07-08|102.13|106.01|101.02|105.31|5043341
SE|2026-07-09|105.76|109.6|104.75|109.11|3836278
SE|2026-07-10|112.44|115.72|110.78|111.14|7932746
SE|2026-07-13|111.22|115.54|110.56|110.66|6621845
SE|2026-07-14|110|111.76|108.29|109.29|5025609
SE|2026-07-15|109.085|114.7|109|111.36|4258792
SE|2026-07-16|111.2|111.9686|105.6001|106.22|5104738
SE|2026-07-17|102.62|105.42|100.77|104.05|6007737
SE|2026-07-20|104|108.205|104|105.69|2591057
SE|2026-07-21|106.68|108.19|105.45|106.26|2301321
SE|2026-07-22|105.54|106.86|102.9|104.88|3522310
SE|2026-07-23|103.99|104.64|99.3|99.5|5262614
SE|2026-07-24|99.5|100.96|97.59|100|4932608
SE|2026-07-27|102.65|105.4322|102.4|104.39|4601882
SE|2026-07-28|104.8|108.02|102.805|107.41|6195799
SE|2026-07-29|107.47|110.07|107.1|108.37|3408067
SE|2026-07-30|105.53|106.61|103.78|106.24|3675552
SE|2026-07-31|105.22|107.62|105.02|106.74|3027416
SE|2026-08-03|107.94|111.18|107.52|111.15|4509421
SE|2026-08-04|111.01|112.71|110.3|111.44|4233201
SE|2026-08-05|112.01|114.95|111.43|114.91|4067220
SE|2026-08-06|112.12|112.6696|110.61|111|3993983
SE|2026-08-07|112.41|114.51|111.86|113.43|4217153
SE|2026-08-10|113.8|115.9|113.3|114.8|6130889
SE|2026-08-11|127.87|131.94|124.52|131.51|15188157
SE|2026-08-12|131|131.9|126.29|128.11|7586818
SE|2026-08-13|127.45|127.45|121.88|123.32|5529328
SE|2026-08-14|125|125|121.04|121.94|3357463
SE|2026-08-17|119.99|121.49|119.06|119.45|3888761
SE|2026-08-18|116|118.58|114.8|116.26|4279087
SE|2026-08-19|117.23|120.0795|115.2|119.1|2768587
SE|2026-08-20|119|119.6|115.53|117.24|2773406
SE|2026-08-21|116.56|118.7|116.01|117.53|1480310
SHAZ|2026-06-01|78|82|75.1|79.55|529406
SHAZ|2026-06-02|80.22|86|77|84.38|567481
SHAZ|2026-06-03|85.6|86.94|76.01|80.09|500733
SHAZ|2026-06-04|75.92|78.9999|72|76.02|305281
SHAZ|2026-06-05|73.91|73.91|62.264|67.41|848403
SHAZ|2026-06-08|68.85|71.095|58.655|59.46|754104
SHAZ|2026-06-09|62|67|56.6275|63.42|1164666
SHAZ|2026-06-10|60.99|65.75|59.83|62.89|466655
SHAZ|2026-06-11|63.14|74.445|61.815|71.51|748924
SHAZ|2026-06-12|74.6|74.815|58.7|62.32|2953198
SHAZ|2026-06-15|65.76|70.68|65.75|70.21|660906
SHAZ|2026-06-16|70|80|68.81|76.68|575985
SHAZ|2026-06-17|81|97.48|81|85.05|3955017
SHAZ|2026-06-18|89.78|95.36|82.16|92.7|1702680
SHAZ|2026-06-22|94|96.96|90.655|91.91|1173330
SHAZ|2026-06-23|83.28|92.04|81.54|84.36|1409380
SHAZ|2026-06-24|85.48|89.05|79.1|83.69|903636
SHAZ|2026-06-25|86.2|86.91|76.38|80.77|811963
SHAZ|2026-06-26|76.65|82.88|74.2|82.05|1177549
SHAZ|2026-06-29|86|86.0878|76.4|81|1137665
SHAZ|2026-06-30|86|90.53|81.56|84.66|3562794
SHAZ|2026-07-01|81.92|82.95|75.09|79.11|2191687
SHAZ|2026-07-02|79.105|80|64.53|67.91|2585697
SHAZ|2026-07-06|72.5|84|72.5|79.96|3043977
SHAZ|2026-07-07|75.39|76.57|69.26|71.76|1950651
SHAZ|2026-07-08|69.71|76.99|67.45|76.17|1691341
SHAZ|2026-07-09|80.87|84.585|77.2|80|2062603
SHAZ|2026-07-10|79.37|80.275|73.66|74.62|1347388
SHAZ|2026-07-13|71.49|72.47|64.8501|68.26|2392372
SHAZ|2026-07-14|73|73.27|66.09|71.26|1847023
SHAZ|2026-07-15|71|72|67.5|70.63|1442378
SHAZ|2026-07-16|68|70.8698|63.6|65.6|2639736
SHAZ|2026-07-17|61.1|67.04|58.23|63.64|2062751
SHAZ|2026-07-20|65.81|66.15|60.2|62.34|1981435
SHAZ|2026-07-21|64|72.745|63.6|71|2294441
SHAZ|2026-07-22|67.53|75.84|67.53|70.49|1203091
SHAZ|2026-07-23|68.5|73.37|68.4|70.175|1257632
SHAZ|2026-07-24|68.82|71.69|62.21|64.89|1648976
SHAZ|2026-07-27|66.01|66.49|57.18|58.79|2336346
SHAZ|2026-07-28|55.32|56.055|44.8|44.98|4353489
SHAZ|2026-07-29|45|46|39.13|40.09|3985224
SHAZ|2026-07-30|45.45|53.23|43.44|48.77|4478993
SHAZ|2026-07-31|51.4|52.6899|42.49|48.25|3382854
SHAZ|2026-08-03|46.5|53.25|43.5604|52.38|2505665
SHAZ|2026-08-04|54|58.14|51.61|55.52|1900653
SHAZ|2026-08-05|53.66|58.52|53.46|57.02|1307198
SHAZ|2026-08-06|52.84|57.32|51.51|52.15|1341037
SHAZ|2026-08-07|54.57|54.57|48|49.79|2613254
SHAZ|2026-08-10|49.03|54.2|49.03|52.7|1117124
SHAZ|2026-08-11|53.31|57.39|53.04|56.58|1332062
SHAZ|2026-08-12|61.78|69.43|61.775|68.46|2531695
SHAZ|2026-08-13|68.46|74.14|67.605|72.02|1782885
SHAZ|2026-08-14|70.01|76.9|69|76.465|1395332
SHAZ|2026-08-17|75.02|80|72.2999|76.9|2855705
SHAZ|2026-08-18|74.27|75.7|66.171|68.78|3219506
SHAZ|2026-08-19|69.22|69.995|64|65.45|2155891
SHAZ|2026-08-20|66.9|66.9|57.58|60.85|2312759
SHAZ|2026-08-21|61.46|63|57.14|59.07|1555754
SIMO|2026-06-01|275.08|288.639|265.8|268.05|1399821
SIMO|2026-06-02|273.17|303.38|268.13|301.27|1832133
SIMO|2026-06-03|305|314.34|292.939|306.57|1251088
SIMO|2026-06-04|290|302.14|284.99|294.67|884397
SIMO|2026-06-05|285.62|287|256.49|258.7|1465582
SIMO|2026-06-08|270.12|274.32|260.155|263.21|787611
SIMO|2026-06-09|269.41|272.075|239.1523|259.75|849296
SIMO|2026-06-10|253.15|263.0899|247.0201|251.68|581306
SIMO|2026-06-11|256.44|274.7999|255|274.34|588787
SIMO|2026-06-12|271.75|286.72|260|280.49|730257
SIMO|2026-06-15|293|298|273.96|276.4|754401
SIMO|2026-06-16|276.53|294.91|270.33|282.68|988348
SIMO|2026-06-17|291.85|316.28|287.7648|307.12|1087534
SIMO|2026-06-18|323.66|336.32|316.2554|321.66|1516332
SIMO|2026-06-22|332.07|355|329.25|336.9|1039790
SIMO|2026-06-23|311|322.8051|304|319|843613
SIMO|2026-06-24|320.7|324.2544|306.0001|321.66|817682
SIMO|2026-06-25|344.75|349.99|321.5|325.26|771031
SIMO|2026-06-26|314.52|314.52|294|305.28|1114330
SIMO|2026-06-29|304.01|337.17|294.5|331.94|1466664
SIMO|2026-06-30|332.25|341|328|333.33|585109
SIMO|2026-07-01|320|329.59|316.1601|316.98|607428
SIMO|2026-07-02|318.52|323.2242|286.0901|300.71|751192
SIMO|2026-07-06|313|338.9411|310|318.86|644123
SIMO|2026-07-07|298.73|303.982|284.4001|294.9|716669
SIMO|2026-07-08|293.96|315.01|292.01|313.3|898924
SIMO|2026-07-09|324.21|336.9999|320|324.26|743205
SIMO|2026-07-10|315.36|329|311.8|326.35|530180
SIMO|2026-07-13|313.05|317.37|296.8|299.51|525627
SIMO|2026-07-14|317.5|317.5|304.111|308.41|526195
SIMO|2026-07-15|310.43|315|282.22|293.4|531661
SIMO|2026-07-16|280|288.255|264.5|272.45|976535
SIMO|2026-07-17|257.02|271|245|264.325|686454
SIMO|2026-07-20|269.78|271.09|251.01|252.61|888580
SIMO|2026-07-21|269.95|278.69|261|278.17|491605
SIMO|2026-07-22|274.64|291.41|267.78|281.68|464251
SIMO|2026-07-23|276|294.34|276|289.08|886414
SIMO|2026-07-24|277.33|283.66|265.1|270.9|665632
SIMO|2026-07-27|274|274|236.05|244.45|1423770
SIMO|2026-07-28|226|231.9894|213.08|221.42|1521620
SIMO|2026-07-29|224.64|229.57|204.37|209.68|1618611
SIMO|2026-07-30|259.99|285|235.11|255.1|2593869
SIMO|2026-07-31|270|273.9357|250|253.6|1523334
SIMO|2026-08-03|242.89|258|235.11|251.52|1136656
SIMO|2026-08-04|266|272|258.3|268.49|953640
SIMO|2026-08-05|260.39|268.17|245.89|246.65|988803
SIMO|2026-08-06|244.63|270.7644|238.51|267.43|1184104
SIMO|2026-08-07|268.94|274.99|248.36|256.12|610307
SIMO|2026-08-10|237.65|246.29|227.8875|230.61|2911378
SIMO|2026-08-11|229|233.225|222.37|224|2801656
SIMO|2026-08-12|230.59|248.5|230|241.31|1822919
SIMO|2026-08-13|239.32|254.5|239.2|249.12|1008078
SIMO|2026-08-14|255.24|269.5|252.46|268.9|1114147
SIMO|2026-08-17|270.38|275|266|272.7|1213259
SIMO|2026-08-18|261.6|264.89|248.11|251.72|1337779
SIMO|2026-08-19|249.01|252.9431|239.41|242.8|1105862
SIMO|2026-08-20|244.48|253.56|242.83|249.65|576771
SIMO|2026-08-21|254.71|259.99|247.23|258.36|760196
SITM|2026-06-01|688.89|697.9999|661.82|665.01|545746
SITM|2026-06-02|684.5|704.98|682.19|701.08|468849
SITM|2026-06-03|722.08|722.9199|675.5|712.75|609152
SITM|2026-06-04|685|721.345|664|706.98|455888
SITM|2026-06-05|670|695.53|620.12|625.68|694593
SITM|2026-06-08|656.355|668.78|632.5|664.28|430394
SITM|2026-06-09|682.91|692.3|609.15|659.52|540831
SITM|2026-06-10|656.02|694|647.56|664.23|487920
SITM|2026-06-11|686.3|723.2|674|721.24|486787
SITM|2026-06-12|727.38|742.96|715.72|729.89|432562
SITM|2026-06-15|750|769.47|728.45|742.46|581947
SITM|2026-06-16|759.64|759.64|683.29|684.86|499846
SITM|2026-06-17|700.11|707.8|672.46|677.21|393843
SITM|2026-06-18|707.5|732.09|689.755|729.04|668077
SITM|2026-06-22|736.35|755.52|718.285|753.12|783286
SITM|2026-06-23|693.78|725.7099|687.01|706.9|417160
SITM|2026-06-24|712.4|728.47|681.36|692.47|541332
SITM|2026-06-25|737.28|741.83|672.535|675.7|554365
SITM|2026-06-26|653.89|690|625.8395|672.19|3537081
SITM|2026-06-29|675.47|712.81|642.24|710.47|517732
SITM|2026-06-30|710.47|757.8|707.49|745.56|535554
SITM|2026-07-01|727.5|732.9999|695.0001|703.84|297607
SITM|2026-07-02|703.11|709.88|586.1501|601.66|850689
SITM|2026-07-06|609.81|643.57|608.88|615.46|404977
SITM|2026-07-07|580|599.25|564|592.19|815760
SITM|2026-07-08|585.04|615.62|580|612.13|513771
SITM|2026-07-09|655.51|672.635|647.745|648.15|465372
SITM|2026-07-10|636|643.6169|620.635|628.94|245027
SITM|2026-07-13|607.15|624.92|596.83|602.55|265378
SITM|2026-07-14|634.98|634.98|605.77|623.83|275318
SITM|2026-07-15|636.04|636.13|585.94|612.38|278863
SITM|2026-07-16|583.51|595.49|556.31|564.59|662489
SITM|2026-07-17|540.25|571.21|520.02|554.97|489462
SITM|2026-07-20|563.33|575|553.02|555.15|429169
SITM|2026-07-21|592.56|593|572.75|590.18|526972
SITM|2026-07-22|572|597.25|570.955|590.67|340274
SITM|2026-07-23|572.86|589.38|566.43|576.41|190038
SITM|2026-07-24|566.95|569.5|531.815|554.46|429506
SITM|2026-07-27|560|562|507.13|522.67|373773
SITM|2026-07-28|495|500|464.0101|491.1|511245
SITM|2026-07-29|485|489.66|459.01|462.16|510434
SITM|2026-07-30|497.43|536.32|490.56|527.87|664472
SITM|2026-07-31|559.24|575|534.875|535.2|470738
SITM|2026-08-03|519.54|559.18|511.31|550.32|334763
SITM|2026-08-04|590.57|596.37|575|583.06|457382
SITM|2026-08-05|569.38|587.92|543.12|543.12|610233
SITM|2026-08-06|684.88|693.665|622.69|687.5|1394909
SITM|2026-08-07|713.59|762.6499|710|725.28|725316
SITM|2026-08-10|731.1|744.6399|689.26|689.96|539667
SITM|2026-08-11|698.05|699.5|665.89|667.1|393850
SITM|2026-08-12|706.12|715.49|678.57|680.52|429911
SITM|2026-08-13|673.27|709.0599|671.11|687.93|339921
SITM|2026-08-14|690|715.72|685.565|711.91|291843
SITM|2026-08-17|725|754.9898|724.25|749.44|514146
SITM|2026-08-18|709.92|724.9999|671.66|680.06|397338
SITM|2026-08-19|684.03|691.5269|618.0001|618.71|515152
SITM|2026-08-20|620|628.05|595.01|598.81|315732
SITM|2026-08-21|615.01|635|601.9101|614.83|332217
SMCI|2026-06-01|45.8|48.08|45.655|46.88|48486069
SMCI|2026-06-02|48.76|51.4|48.56|50.17|54489709
SMCI|2026-06-03|49.47|50.02|45.66|47.42|49477479
SMCI|2026-06-04|45.235|47.84|45.21|46.9|32531134
SMCI|2026-06-05|45|45.2599|41.0401|41.64|46793821
SMCI|2026-06-08|43.81|44.735|42.18|43.99|31278041
SMCI|2026-06-09|44.9|44.95|38.04|40.64|47097784
SMCI|2026-06-10|35.6|36.51|29.14|29.27|186935225
SMCI|2026-06-11|29.3|32.05|28.61|31.97|248291184
SMCI|2026-06-12|30.76|31.81|29.45|30.46|84301209
SMCI|2026-06-15|31.73|32.07|30.722|30.85|59977622
SMCI|2026-06-16|30.69|30.75|29.12|29.22|53941582
SMCI|2026-06-17|29.765|29.84|27.71|27.78|52893674
SMCI|2026-06-18|28.44|30.91|28.28|30.66|67979191
SMCI|2026-06-22|32.3298|36.8|32.27|35.46|124536886
SMCI|2026-06-23|33.25|34.41|32.805|33.32|59474429
SMCI|2026-06-24|33.45|33.98|31.3901|32.45|49628594
SMCI|2026-06-25|33.34|33.68|31.3594|31.68|43796275
SMCI|2026-06-26|30.965|31.71|30.28|30.63|48097298
SMCI|2026-06-29|31|31.22|27.75|28.15|90145839
SMCI|2026-06-30|28.42|29.91|28.17|29.33|55807824
SMCI|2026-07-01|28.28|28.63|27.48|27.65|50666226
SMCI|2026-07-02|28.05|29.215|26.695|27.22|42306496
SMCI|2026-07-06|27.5|27.74|26.74|27.19|30251080
SMCI|2026-07-07|26.58|26.97|25.405|26.25|38672900
SMCI|2026-07-08|26.14|28.22|26.03|28.17|36847265
SMCI|2026-07-09|28.75|29.12|28.185|28.24|33395518
SMCI|2026-07-10|28.3|29|27.91|28.31|23869709
SMCI|2026-07-13|27.64|28.2399|27.215|27.66|22678302
SMCI|2026-07-14|27.96|28.13|27.32|27.65|21537253
SMCI|2026-07-15|28.11|28.35|26.1719|26.89|25199589
SMCI|2026-07-16|26.52|26.72|24.65|24.68|35265470
SMCI|2026-07-17|24.33|25.17|23.38|24.18|31787787
SMCI|2026-07-20|24.345|24.5399|23.772|23.83|24453537
SMCI|2026-07-21|24.4|25.54|24.33|25.5|42220740
SMCI|2026-07-22|28.89|32.2844|28.5|30.56|161974562
SMCI|2026-07-23|30.33|32.585|30.18|31.2|84189389
SMCI|2026-07-24|30.62|31.33|29.275|30.1|49083499
SMCI|2026-07-27|30.6|30.94|28.5|29.81|35204450
SMCI|2026-07-28|28.64|28.87|27.13|28.45|36162282
SMCI|2026-07-29|28.02|28.07|25.68|25.7|40031973
SMCI|2026-07-30|26.84|28.1699|26.6501|27.73|37284541
SMCI|2026-07-31|28.65|29.3|27.21|28.4|34160863
SMCI|2026-08-03|28|28.925|27.44|28.64|23481981
SMCI|2026-08-04|29.65|31.84|29.07|31.69|55859801
SMCI|2026-08-05|31.71|31.78|30.29|30.32|35240708
SMCI|2026-08-06|30|30.935|29.33|29.38|26410334
SMCI|2026-08-07|29.94|31.34|29.68|31.13|31021202
SMCI|2026-08-10|32|33.3856|31.425|31.46|55203470
SMCI|2026-08-11|32.02|32.36|30.92|31.6|82823483
SMCI|2026-08-12|34.99|38.15|33.9401|37.61|164488261
SMCI|2026-08-13|38.28|42.31|38.2|39.16|121874002
SMCI|2026-08-14|39.16|40.6|38.73|39.84|61984609
SMCI|2026-08-17|39.31|39.51|37.68|38.28|55006445
SMCI|2026-08-18|37.1|38.16|36.22|37.41|50907718
SMCI|2026-08-19|37.15|37.685|35.72|36.58|34989887
SMCI|2026-08-20|36.9|38.74|35.582|36.5|50373575
SMCI|2026-08-21|37.155|37.67|36.42|37.24|36210549
SNOW|2026-06-01|259.97|284.99|258.31|280.16|20072464
SNOW|2026-06-02|265.45|269.8|254.8401|261.14|13480854
SNOW|2026-06-03|261.81|263.64|241.14|241.28|11251738
SNOW|2026-06-04|244.3|253.005|241.465|244.18|9510085
SNOW|2026-06-05|242.2|247.55|235|238.26|7116606
SNOW|2026-06-08|239.8|247.1899|238.02|240.45|4906981
SNOW|2026-06-09|239|246|229.6|239.66|5714674
SNOW|2026-06-10|236.95|248.6395|232.52|239.9|6110054
SNOW|2026-06-11|237.77|243.83|232.8922|240.39|7812186
SNOW|2026-06-12|240.495|242.7999|230.44|232.78|7695288
SNOW|2026-06-15|236.3|244.63|230.02|240.78|5896135
SNOW|2026-06-16|240|246.77|234.3539|238.32|5658618
SNOW|2026-06-17|236.23|241.3|230.62|234.52|6143775
SNOW|2026-06-18|232.75|233.7575|219.69|232.29|7782125
SNOW|2026-06-22|232.645|241.68|225.19|226.59|5975664
SNOW|2026-06-23|226.455|233.48|221.24|230.41|4433634
SNOW|2026-06-24|228.63|234.33|224.26|225.95|4328373
SNOW|2026-06-25|223|232.04|217.48|227.06|5401608
SNOW|2026-06-26|225.27|250|222.45|248.96|25432848
SNOW|2026-06-29|250.96|254.85|247.09|251.65|8329382
SNOW|2026-06-30|249.8|255|246.01|254.5|4679541
SNOW|2026-07-01|258.56|263.08|254.61|261.19|4950013
SNOW|2026-07-02|256.575|264.96|254.16|260.15|8089694
SNOW|2026-07-06|254.2|266|253.05|262.09|3874786
SNOW|2026-07-07|266.35|270.954|262.37|262.74|5526553
SNOW|2026-07-08|258.58|263.97|254.885|261.31|4706426
SNOW|2026-07-09|255.81|267.914|253|267.49|3740596
SNOW|2026-07-10|271.99|274.93|258.34|261.45|4137028
SNOW|2026-07-13|265|274|261.59|268.65|4189879
SNOW|2026-07-14|263.29|278.7999|261|275.94|5379626
SNOW|2026-07-15|277.9|279.19|266.47|271.87|3785987
SNOW|2026-07-16|272.46|275.29|262.815|270.02|3355684
SNOW|2026-07-17|262.61|274.25|259.48|268.9|4302040
SNOW|2026-07-20|267.12|277.22|267.12|274.34|3805504
SNOW|2026-07-21|271.67|279.4899|268.91|271.73|3163196
SNOW|2026-07-22|269.95|271|260.34|267.8|3046171
SNOW|2026-07-23|273.85|277.515|260.6|265.13|3123485
SNOW|2026-07-24|268.9|270.7899|264|268.06|3440220
SNOW|2026-07-27|275|278.43|265.52|272.92|5197224
SNOW|2026-07-28|273.02|277.21|253.5901|270.36|5133501
SNOW|2026-07-29|276.9|293.56|276.9|282.9|8681806
SNOW|2026-07-30|285|298.23|283|298.1|6353198
SNOW|2026-07-31|299.5|304.17|292.6301|293.28|7297848
SNOW|2026-08-03|296.44|315.42|292.9502|307.53|7629372
SNOW|2026-08-04|305|321.31|301.9014|316.77|5592688
SNOW|2026-08-05|317.49|323.1|315.02|316.84|4565199
SNOW|2026-08-06|304.39|321.82|304.39|318|5912317
SNOW|2026-08-07|325|331.4|322.13|330.49|6203248
SNOW|2026-08-10|328.45|340.5|328|334.7|4290939
SNOW|2026-08-11|331.14|338.04|328|334.14|3703530
SNOW|2026-08-12|329.04|341.9498|329.04|332.26|4270208
SNOW|2026-08-13|337|339.75|330.8|337.38|3002828
SNOW|2026-08-14|339|339.75|326.33|328.92|2579467
SNOW|2026-08-17|327.77|334.45|324.5064|330.11|3094723
SNOW|2026-08-18|327.14|334|321.5|325.33|3997934
SNOW|2026-08-19|325.15|326|316.32|325.01|3879701
SNOW|2026-08-20|322.72|325|317.12|321.29|3171596
SNOW|2026-08-21|321.66|333.275|314.2|332.78|3421902
SNX|2026-06-01|259.66|273.24|258.73|270.5|1010498
SNX|2026-06-02|273.87|286.25|272.745|279.33|1622875
SNX|2026-06-03|276.77|279.535|270.05|279.25|693836
SNX|2026-06-04|274.95|285.32|271.42|277.57|844539
SNX|2026-06-05|271.29|275.21|266.47|268.8|483686
SNX|2026-06-08|271.83|272.7|268.19|271.78|585228
SNX|2026-06-09|276.1|276.93|263.7075|272.8|730757
SNX|2026-06-10|275.8|279.5938|267.54|267.81|742967
SNX|2026-06-11|267.78|278.1|265.01|277.09|698252
SNX|2026-06-12|282.65|283.28|278.52|280.65|748064
SNX|2026-06-15|285.655|286.99|282.615|284.65|622295
SNX|2026-06-16|285.68|288.5|280.925|282.11|602567
SNX|2026-06-17|283|291.01|281.06|283.81|909533
SNX|2026-06-18|287.95|288.68|279.2549|284.56|1474397
SNX|2026-06-22|284.49|287.25|280.4601|283.26|1513356
SNX|2026-06-23|281.16|294.98|278.2|290.14|998134
SNX|2026-06-24|290.36|296.47|280.0001|283.22|1357611
SNX|2026-06-25|283.2|295.19|275.14|277.63|1604524
SNX|2026-06-26|280.33|282.29|263.77|266.27|1764285
SNX|2026-06-29|266.015|272.38|262.34|270.05|1105604
SNX|2026-06-30|269.24|272.9043|266.74|267.34|1046403
SNX|2026-07-01|263|267.33|259.83|261.35|829730
SNX|2026-07-02|259.57|260.64|243.24|244.64|988671
SNX|2026-07-06|244.56|249.88|237.65|238.92|1136677
SNX|2026-07-07|234.73|241.22|234.73|235.67|1593209
SNX|2026-07-08|235.67|246.195|234.025|245.42|1398328
SNX|2026-07-09|250.04|254.99|248.46|250.16|766385
SNX|2026-07-10|249.12|255.9299|247.81|251.52|590672
SNX|2026-07-13|250.49|254.81|247.375|251.31|641116
SNX|2026-07-14|254.8|257.9275|251.19|252.96|403553
SNX|2026-07-15|255.31|255.75|245.6|250.08|1117255
SNX|2026-07-16|247.99|250.795|241.935|243.59|607374
SNX|2026-07-17|239.48|244.23|236.29|242.62|752071
SNX|2026-07-20|243.11|247.045|238.0275|238.54|415631
SNX|2026-07-21|243.31|249.405|239.255|249.3|616964
SNX|2026-07-22|248.39|253.3|247.95|252.68|664559
SNX|2026-07-23|250.15|256.04|246.995|247.96|422177
SNX|2026-07-24|247.95|249|241.22|242.92|770495
SNX|2026-07-27|244.94|249.99|239.8601|244.89|808895
SNX|2026-07-28|243.64|248.86|237.205|247.18|995238
SNX|2026-07-29|245.9|258.26|245.025|248.68|1330843
SNX|2026-07-30|253.48|256.435|251.16|252.12|588892
SNX|2026-07-31|255.9|257.9446|251.74|255.7|547335
SNX|2026-08-03|257.95|258.2|252.78|253.82|580298
SNX|2026-08-04|258.54|269.0125|258.54|263.79|801417
SNX|2026-08-05|263.79|266.895|258|263.07|738057
SNX|2026-08-06|264.8|264.8|258.62|259.21|398087
SNX|2026-08-07|259.67|260.27|252.14|252.42|460415
SNX|2026-08-10|254.16|259.96|250.55|253.74|726332
SNX|2026-08-11|255.29|259.4558|253.38|254|444619
SNX|2026-08-12|258.22|260.6498|255.1|255.21|442775
SNX|2026-08-13|255.45|259.39|253.6|254.58|462408
SNX|2026-08-14|258.75|259.295|253.78|258.74|466425
SNX|2026-08-17|259.26|264.87|257.71|263.88|1168199
SNX|2026-08-18|259.5|264.165|256.585|259.8|881643
SNX|2026-08-19|259.87|259.87|248.4|251.78|866722
SNX|2026-08-20|251.29|255.145|249.51|250.77|483553
SNX|2026-08-21|252.64|252.92|249.2|250.14|435812
STUB|2026-06-01|9.82|10.2|9.65|10.08|4910513
STUB|2026-06-02|9.85|9.99|9.7|9.8|3147854
STUB|2026-06-03|9.7|9.86|9.435|9.44|3153667
STUB|2026-06-04|9.4|9.79|9.35|9.38|3768423
STUB|2026-06-05|9.49|9.501|9.15|9.29|3369256
STUB|2026-06-08|9.4|10.11|9.195|10.01|8092916
STUB|2026-06-09|9.97|10.6189|9.86|10.39|8185672
STUB|2026-06-10|10.1|10.65|9.9723|10.16|4477993
STUB|2026-06-11|10.1|10.62|10|10.62|7091831
STUB|2026-06-12|10.58|11.47|10.43|11.46|9379173
STUB|2026-06-15|11.57|11.65|11.18|11.5|6825357
STUB|2026-06-16|11.46|11.62|11.105|11.5|7719694
STUB|2026-06-17|11.56|11.92|11.325|11.4|7507450
STUB|2026-06-18|11.6|11.77|11.24|11.68|10884067
STUB|2026-06-22|11.62|11.8741|11.19|11.4|7619494
STUB|2026-06-23|11.12|11.96|11.12|11.83|8289051
STUB|2026-06-24|11.82|11.9|11.04|11.27|6833675
STUB|2026-06-25|11.25|11.75|11.11|11.52|5767521
STUB|2026-06-26|11.51|12.43|11.51|12.4|45529924
STUB|2026-06-29|12.41|13.005|12.23|12.9|8327896
STUB|2026-06-30|12.83|13.15|12.6|12.87|4639133
STUB|2026-07-01|12.87|13.01|12.54|12.86|4394623
STUB|2026-07-02|12.78|12.97|12.575|12.86|4462019
STUB|2026-07-06|12.8|13.825|12.6|13.69|6321495
STUB|2026-07-07|13.81|14.02|13.49|13.53|4681847
STUB|2026-07-08|13.41|13.575|12.66|12.7|5791417
STUB|2026-07-09|12.45|12.74|11.425|11.52|6568873
STUB|2026-07-10|11.61|11.6497|10.82|11.1|8279429
STUB|2026-07-13|11.15|11.29|10.21|10.3|6199209
STUB|2026-07-14|10.375|10.72|9.9|10.67|5549500
STUB|2026-07-15|10.67|10.9351|9.225|9.46|12864071
STUB|2026-07-16|9.33|9.71|9.12|9.63|9583373
STUB|2026-07-17|9.35|9.74|9.135|9.25|6349033
STUB|2026-07-20|9.22|9.445|9.0437|9.27|5715794
STUB|2026-07-21|9.18|9.45|9.04|9.15|3334446
STUB|2026-07-22|9.09|9.28|8.62|8.68|4236599
STUB|2026-07-23|8.58|8.68|8.335|8.52|4278233
STUB|2026-07-24|8.65|8.73|8.21|8.25|6026862
STUB|2026-07-27|8.43|8.685|8.3|8.41|3931031
STUB|2026-07-28|8.39|8.65|8.38|8.54|3055288
STUB|2026-07-29|8.48|8.7927|8.205|8.53|4748143
STUB|2026-07-30|8.64|8.66|8.38|8.52|4532619
STUB|2026-07-31|8.63|8.65|8.295|8.44|3446595
STUB|2026-08-03|8.5|8.99|8.49|8.98|4551040
STUB|2026-08-04|9.11|9.47|9.05|9.46|4365539
STUB|2026-08-05|9.39|9.405|9.07|9.12|3840231
STUB|2026-08-06|9.02|9.195|8.85|8.88|3374111
STUB|2026-08-07|9.05|9.39|8.9|8.95|5148314
STUB|2026-08-10|8.88|9.085|8.74|8.78|4439953
STUB|2026-08-11|8.87|8.87|8.125|8.19|6140331
STUB|2026-08-12|8.19|8.555|8.055|8.54|11391697
STUB|2026-08-13|7.05|7.71|6.78|7.68|23438534
STUB|2026-08-14|7.66|8.08|7.56|8.08|8395353
STUB|2026-08-17|7.91|8.0297|7.07|7.12|11563686
STUB|2026-08-18|7.01|7.14|7|7.13|6799970
STUB|2026-08-19|7.12|7.175|6.89|6.94|7112226
STUB|2026-08-20|6.92|7.06|6.7|6.83|6027658
STUB|2026-08-21|6.86|6.93|6.68|6.68|5539581
SWBI|2026-06-01|15.12|15.2094|14.9104|15.14|445671
SWBI|2026-06-02|15.06|15.44|15.06|15.31|637934
SWBI|2026-06-03|15.29|15.3|14.77|14.87|558957
SWBI|2026-06-04|14.89|15.2007|14.87|15.17|420531
SWBI|2026-06-05|15.17|15.29|14.785|14.82|366910
SWBI|2026-06-08|14.71|14.8499|14.55|14.67|566713
SWBI|2026-06-09|14.73|14.92|14.5305|14.85|977335
SWBI|2026-06-10|14.76|15|14.05|14.28|1104490
SWBI|2026-06-11|14.37|14.69|14.22|14.65|845357
SWBI|2026-06-12|14.65|14.89|14.63|14.76|358465
SWBI|2026-06-15|14.77|14.88|14.255|14.35|548617
SWBI|2026-06-16|14.33|14.41|13.63|13.88|760763
SWBI|2026-06-17|13.82|14.11|13.62|13.73|1788838
SWBI|2026-06-18|15.8|17.5625|15.63|16.08|4649849
SWBI|2026-06-22|16.09|16.58|14.52|16.45|2093109
SWBI|2026-06-23|16.17|17.5|16.015|16.67|1515804
SWBI|2026-06-24|16.64|16.95|16.105|16.12|972080
SWBI|2026-06-25|16.19|16.385|15.61|15.69|829927
SWBI|2026-06-26|15.55|15.7|14.84|15.23|1500856
SWBI|2026-06-29|15.678|15.698|15.17|15.4|774567
SWBI|2026-06-30|15.4|15.69|14.96|15.04|863006
SWBI|2026-07-01|14.87|15.435|14.86|15|659205
SWBI|2026-07-02|15.01|15.19|14.89|14.95|726889
SWBI|2026-07-06|15.14|15.59|14.87|15.36|646874
SWBI|2026-07-07|15.29|15.47|15.07|15.44|494955
SWBI|2026-07-08|15.31|15.486|15.27|15.37|505662
SWBI|2026-07-09|15.37|15.55|15.08|15.51|493728
SWBI|2026-07-10|15.48|15.765|15.42|15.595|429522
SWBI|2026-07-13|15.717|15.985|15.46|15.66|568286
SWBI|2026-07-14|15.66|15.79|15.18|15.19|462370
SWBI|2026-07-15|15.04|15.23|14.8342|14.93|511187
SWBI|2026-07-16|14.97|15.36|14.97|15.25|442302
SWBI|2026-07-17|15.13|15.29|14.81|14.86|402366
SWBI|2026-07-20|14.8|15.15|14.78|15.01|364162
SWBI|2026-07-21|14.955|15.31|14.78|15.19|629116
SWBI|2026-07-22|15.19|15.21|14.51|14.62|479970
SWBI|2026-07-23|14.54|14.66|14.4|14.43|467323
SWBI|2026-07-24|14.57|14.75|14.44|14.64|402703
SWBI|2026-07-27|14.68|14.98|14.68|14.89|450501
SWBI|2026-07-28|14.91|15.14|14.65|14.68|387289
SWBI|2026-07-29|14.68|14.81|14.41|14.5|391506
SWBI|2026-07-30|14.72|15.14|14.57|14.95|450913
SWBI|2026-07-31|15.01|15.02|14.4338|14.55|364246
SWBI|2026-08-03|14.61|14.87|14.54|14.76|440008
SWBI|2026-08-04|14.88|15.005|14.72|14.97|396593
SWBI|2026-08-05|14.95|14.97|14.69|14.71|378565
SWBI|2026-08-06|14.82|14.86|14.412|14.55|343593
SWBI|2026-08-07|14.56|14.585|14.21|14.25|344354
SWBI|2026-08-10|14.2|14.25|14.0977|14.21|368513
SWBI|2026-08-11|14.21|14.42|14.14|14.22|449864
SWBI|2026-08-12|14.31|14.35|14.08|14.19|475450
SWBI|2026-08-13|14.19|14.405|14.09|14.34|404865
SWBI|2026-08-14|14.31|14.42|14.17|14.33|288905
SWBI|2026-08-17|14.25|14.37|14.12|14.15|326838
SWBI|2026-08-18|14.12|14.2|14.022|14.17|401078
SWBI|2026-08-19|14.27|14.27|14.06|14.12|427814
SWBI|2026-08-20|14.01|14.075|13.87|13.91|626878
SWBI|2026-08-21|13.99|14.11|13.9|14.1|925512
SYRE|2026-06-01|72.385|73.21|68.85|70.54|921817
SYRE|2026-06-02|69.99|70.5|68.5|69.16|800139
SYRE|2026-06-03|70.325|76.105|69.815|73.52|1720102
SYRE|2026-06-04|73.57|79.54|73.29|78.48|963136
SYRE|2026-06-05|77.77|78.9|73.06|73.65|1239131
SYRE|2026-06-08|75.53|76.31|71.11|72|1035946
SYRE|2026-06-09|73.65|77.11|70.89|76.44|1573181
SYRE|2026-06-10|77.18|79.52|74.79|75.08|969590
SYRE|2026-06-11|75.74|81.62|75.35|80.77|1260969
SYRE|2026-06-12|81.09|84.4299|80.72|80.79|799002
SYRE|2026-06-15|81.57|84.69|80.7901|83.58|1148881
SYRE|2026-06-16|83.54|84.925|81.7|83.41|1337022
SYRE|2026-06-17|84.97|88.03|83.17|87.49|1514006
SYRE|2026-06-18|89.55|90.99|86.18|88.34|2420415
SYRE|2026-06-22|95|101.705|95|100.32|2804585
SYRE|2026-06-23|97.72|102.06|95.31|97.05|2595386
SYRE|2026-06-24|83.22|88.15|81.65|86.24|4035697
SYRE|2026-06-25|86.46|89.67|84.96|88.67|2108932
SYRE|2026-06-26|91|91|85.97|87.89|3954404
SYRE|2026-06-29|86.555|90.9|84.81|90.16|1992664
SYRE|2026-06-30|90.3|91.955|88.6|88.78|1451591
SYRE|2026-07-01|88.21|89.015|86.41|88.89|1682136
SYRE|2026-07-02|89.11|89.6899|85.17|86.63|965972
SYRE|2026-07-06|87.27|91.89|86.61|88.74|1369208
SYRE|2026-07-07|90|95.155|86.6001|94.23|1305750
SYRE|2026-07-08|94.36|95.59|90.645|95.4|1237683
SYRE|2026-07-09|96.36|99|96.11|98.75|1315527
SYRE|2026-07-10|98.75|99.34|94.1344|97.74|778881
SYRE|2026-07-13|95.72|96.815|92.67|93.73|997626
SYRE|2026-07-14|96.06|105.09|94.955|98.95|2614672
SYRE|2026-07-15|100.21|102.58|95.1351|102.07|1520275
SYRE|2026-07-16|103.32|103.32|93.37|94.12|1324352
SYRE|2026-07-17|94.26|101.36|92.37|100.23|1091385
SYRE|2026-07-20|101.015|102.92|97.28|97.33|750059
SYRE|2026-07-21|99.07|103.31|98.5|102.7|774646
SYRE|2026-07-22|102.39|102.39|99.065|99.17|596105
SYRE|2026-07-23|97.06|100.35|97|99.99|634817
SYRE|2026-07-24|100.56|103.57|98.79|102.13|760840
SYRE|2026-07-27|102.01|105.05|98.87|100.04|669296
SYRE|2026-07-28|97.19|100.93|92.37|99.96|1512223
SYRE|2026-07-29|99.38|100.985|94.52|97.87|1216378
SYRE|2026-07-30|98.26|101.875|97.39|101.5|719994
SYRE|2026-07-31|100.58|100.58|95.27|98.33|613711
SYRE|2026-08-03|97.15|99.5763|92.71|94.93|845572
SYRE|2026-08-04|98.27|105.25|97.03|104.94|829860
SYRE|2026-08-05|104.94|108.14|100.88|104.35|1036949
SYRE|2026-08-06|102.39|106.75|101.64|103.42|454341
SYRE|2026-08-07|106.01|106.67|103.64|104.91|526560
SYRE|2026-08-10|106.19|107|103.33|105.33|822312
SYRE|2026-08-11|105.33|105.44|99.84|102.74|930925
SYRE|2026-08-12|105.055|105.055|99|104.09|908869
SYRE|2026-08-13|101|103.84|100.9|101.85|525353
SYRE|2026-08-14|101.21|104.13|95.61|103.63|559226
SYRE|2026-08-17|102.94|104.96|102.26|104.6|882287
SYRE|2026-08-18|102.46|108.62|101.4393|107.82|948780
SYRE|2026-08-19|110|110.175|104.17|108.92|1014151
SYRE|2026-08-20|106.6|108.18|104.56|107.79|700601
SYRE|2026-08-21|108.85|110|105.71|106.49|1014893
TATT|2026-06-01|42.66|42.75|40.96|42.39|194327
TATT|2026-06-02|41.75|42.025|40.01|40.36|226531
TATT|2026-06-03|42.55|44.66|41.67|42.82|366638
TATT|2026-06-04|41.94|47.05|41.855|45.95|552458
TATT|2026-06-05|44.8|45.16|43.455|44.01|216464
TATT|2026-06-08|44.38|45.58|43.34|43.66|256642
TATT|2026-06-09|43.26|44.25|41.5638|43.33|196195
TATT|2026-06-10|42.32|44.125|40.99|40.99|126032
TATT|2026-06-11|41.6|44.415|41.6|43.98|132945
TATT|2026-06-12|44.19|45.6|43.4001|45.15|199361
TATT|2026-06-15|44.99|45.98|44.0001|45.45|119057
TATT|2026-06-16|44.89|45.37|42.83|43.02|111338
TATT|2026-06-17|42.54|45.96|42.245|45.15|260282
TATT|2026-06-18|45.16|47|44.91|46.76|171655
TATT|2026-06-22|44.956|46.135|43.5|43.645|173447
TATT|2026-06-23|42.99|43.81|42.97|43.375|88262
TATT|2026-06-24|43.38|44.56|42.28|42.54|112146
TATT|2026-06-25|43.03|46.315|43.03|43.85|272497
TATT|2026-06-26|43.17|47.75|43.17|46.76|1883187
TATT|2026-06-29|46.01|46.63|44.52|45.49|173431
TATT|2026-06-30|46.64|48.89|46.64|48.23|185748
TATT|2026-07-01|47.78|49.89|47.3|48.11|154146
TATT|2026-07-02|48.38|49.455|47.105|47.6|155111
TATT|2026-07-06|48.01|50.19|47.2|47.79|156853
TATT|2026-07-07|47.62|47.62|45.13|45.96|123964
TATT|2026-07-08|44.93|45.38|43.45|43.87|114513
TATT|2026-07-09|44.02|44.06|42.73|43.12|91123
TATT|2026-07-10|43.12|43.705|42.22|43.28|191867
TATT|2026-07-13|42.18|42.65|41.54|42.33|165357
TATT|2026-07-14|43.24|45.935|43.24|44.26|280568
TATT|2026-07-15|44.12|45.3|41.85|42.01|144696
TATT|2026-07-16|42.2|42.2|39.6|40.1|92045
TATT|2026-07-17|39.02|41|38.16|40.2|107924
TATT|2026-07-20|40.5|41.47|39.51|39.79|84841
TATT|2026-07-21|39.93|41.04|39.5|40.72|89803
TATT|2026-07-22|40.71|42|40.71|41.45|117176
TATT|2026-07-23|41.42|43.5695|40.4482|42.17|339827
TATT|2026-07-24|42.54|44.2379|41.5|41.83|119823
TATT|2026-07-27|41.94|43.83|41.74|43.14|102423
TATT|2026-07-28|42.74|42.8|41.21|42.15|84850
TATT|2026-07-29|42.43|42.43|39.01|40.61|235774
TATT|2026-07-30|40.91|41.6|40.51|40.79|89064
TATT|2026-07-31|41|41.19|38.7505|38.9|221973
TATT|2026-08-03|39.56|39.93|38.32|39.25|314962
TATT|2026-08-04|39.69|41.685|39.27|41.65|162914
TATT|2026-08-05|49.28|52.99|42.13|42.62|693014
TATT|2026-08-06|41.9|43.46|39.8|39.89|246477
TATT|2026-08-07|40.4|40.75|38.8356|39.64|136376
TATT|2026-08-10|38.6|39.56|36.55|39.37|249933
TATT|2026-08-11|38.53|38.6|37.22|37.74|136345
TATT|2026-08-12|37.6|39.49|37.37|39.09|217755
TATT|2026-08-13|39.41|40.655|39.2101|40.36|151186
TATT|2026-08-14|39.94|42.1162|39.94|41.69|220419
TATT|2026-08-17|41.32|41.44|40.495|40.63|110670
TATT|2026-08-18|40.03|40.6|39.5101|40.02|87269
TATT|2026-08-19|39.97|40.05|38.43|38.5|86887
TATT|2026-08-20|38.84|38.84|35.95|36.2|159689
TATT|2026-08-21|36.45|37.64|36.4|36.89|141768
TEAM|2026-06-01|114.18|119.38|110.23|115.95|12652941
TEAM|2026-06-02|103.37|109.615|103|109.1|6995756
TEAM|2026-06-03|106.13|106.13|99.645|101.53|5007692
TEAM|2026-06-04|105.49|106.26|100.57|101.5|4856926
TEAM|2026-06-05|101.39|103.372|96.7852|99.47|3797169
TEAM|2026-06-08|98.03|99.9799|96.12|97.89|2869425
TEAM|2026-06-09|95.31|99.0812|92|95.61|3419243
TEAM|2026-06-10|92.79|96.655|91.06|91.54|3922004
TEAM|2026-06-11|88.952|91.62|86.51|89.2|6742042
TEAM|2026-06-12|89.71|90.05|84.76|88.52|4876718
TEAM|2026-06-15|90|93.86|88.34|91.55|3196781
TEAM|2026-06-16|90.39|93|86.9617|87.95|4671382
TEAM|2026-06-17|87.49|88.46|83.83|84.39|4903257
TEAM|2026-06-18|83.64|85.7019|81.76|82.72|7553425
TEAM|2026-06-22|81.31|85.5|78.55|79.96|5767445
TEAM|2026-06-23|81.4|83.08|79.97|81.35|4569786
TEAM|2026-06-24|81.27|84.095|80.56|81.55|2632785
TEAM|2026-06-25|79.15|80.15|74.41|74.68|6228884
TEAM|2026-06-26|75.3|79.38|75.3|78.74|7930420
TEAM|2026-06-29|80.46|82.83|79.01|79.26|3002423
TEAM|2026-06-30|77.49|79.2|76.47|77.79|3284330
TEAM|2026-07-01|80.62|84.61|80.16|83.17|3662003
TEAM|2026-07-02|82.78|85.59|81.9|83.84|3099990
TEAM|2026-07-06|82.0001|86.84|81.51|85.5|2349773
TEAM|2026-07-07|89.11|91.27|87.1101|88.39|3714177
TEAM|2026-07-08|86|87.04|83.98|85.47|3025111
TEAM|2026-07-09|81.36|90.86|80.66|90.71|2817062
TEAM|2026-07-10|93.97|94.9|88.14|88.86|2453033
TEAM|2026-07-13|90.4|96.5|90.4|96.16|5443738
TEAM|2026-07-14|90|91.98|88.61|89.08|4270244
TEAM|2026-07-15|91.17|95.85|90.85|91.77|3435031
TEAM|2026-07-16|94.24|95.21|88.5|92.36|2763834
TEAM|2026-07-17|90.13|94.35|90.01|93.29|3225466
TEAM|2026-07-20|91|97.25|89.93|96.43|2821984
TEAM|2026-07-21|93.408|96.5|89.27|90.6|3259878
TEAM|2026-07-22|90.54|90.6|84.71|85.4|3008367
TEAM|2026-07-23|87.69|87.7|80|80.15|4085104
TEAM|2026-07-24|81.43|87.09|81.43|86.88|4140311
TEAM|2026-07-27|90.13|97.73|89.3525|95.87|6203876
TEAM|2026-07-28|98.626|102.65|96.61|99.98|6018005
TEAM|2026-07-29|100|106.72|98.905|104.28|5461308
TEAM|2026-07-30|97.735|99.1768|95.18|98.12|3934525
TEAM|2026-07-31|95.68|101.62|95.35|101.015|2728350
TEAM|2026-08-03|105.07|108.94|102.35|103.71|3448484
TEAM|2026-08-04|103.84|110.57|103.32|110.31|4664594
TEAM|2026-08-05|112.94|113.55|109.08|113.32|4561045
TEAM|2026-08-06|108.73|110.88|107.4201|110.17|6865982
TEAM|2026-08-07|145.135|153.2|141.51|149.07|20055997
TEAM|2026-08-10|149.325|153.99|145|151.87|8631159
TEAM|2026-08-11|151.38|156.215|148.87|154.08|4423549
TEAM|2026-08-12|151.54|156.45|150.7501|155.24|4021612
TEAM|2026-08-13|155.56|167.11|154.9|165.98|5514512
TEAM|2026-08-14|166.21|167.75|161.84|162.22|4189585
TEAM|2026-08-17|159.07|161.6|156.5501|158.34|3047463
TEAM|2026-08-18|158.58|167.87|158.58|163|4878714
TEAM|2026-08-19|161.61|176.15|161.5|174.23|6063585
TEAM|2026-08-20|173.9|177.88|171.22|174.91|5456065
TEAM|2026-08-21|174.22|176|168.01|171.81|3274132
TER|2026-06-01|366.51|376.7|360.14|369.47|2506263
TER|2026-06-02|370.77|392.9|365.78|392.62|3400664
TER|2026-06-03|397|420.6|393.6001|409.67|3227407
TER|2026-06-04|396.43|413.87|388.09|406.86|4076546
TER|2026-06-05|389.54|392.92|354.13|357.93|5466620
TER|2026-06-08|377.84|380.165|368.41|374.69|2939477
TER|2026-06-09|386.598|395.65|340.3401|369.21|4141793
TER|2026-06-10|360.265|374.82|345.605|347.59|3737830
TER|2026-06-11|358.55|381.54|356.6|381.4|4843291
TER|2026-06-12|381.94|408|380|403.2|3306966
TER|2026-06-15|426.45|437.77|423.03|432.41|4545732
TER|2026-06-16|432.25|436.25|409.22|409.35|3954645
TER|2026-06-17|429.23|440.7499|408.24|408.56|3522389
TER|2026-06-18|421.825|439.5|421.825|437.92|17951353
TER|2026-06-22|456.135|459.187|439.61|457|4324218
TER|2026-06-23|410.17|428.6699|408.77|420.12|7307369
TER|2026-06-24|423.065|433|413.7701|427.2|3238994
TER|2026-06-25|454|472.37|427.09|471.96|6672212
TER|2026-06-26|453.74|456.235|423.07|436.86|11452450
TER|2026-06-29|440.62|469.105|414.93|463.21|5071509
TER|2026-06-30|467.5|487.91|460|483.84|4998063
TER|2026-07-01|461|463.66|425.11|427.34|5430601
TER|2026-07-02|427.405|429.74|362.01|369.09|5913644
TER|2026-07-06|386.58|399.8|377.17|379.52|3426271
TER|2026-07-07|354.055|361.05|328.28|343.11|6383165
TER|2026-07-08|342.99|354.27|335.06|351.57|3159778
TER|2026-07-09|379.24|385|360.66|362.75|3695588
TER|2026-07-10|353.46|362.55|344.97|359.6|1564184
TER|2026-07-13|345|348.59|334.35|341.11|3100211
TER|2026-07-14|363.57|365|347.16|353.23|2082636
TER|2026-07-15|356.3|358|325.14|342.12|3178102
TER|2026-07-16|332.235|335.39|317.74|322.3|3612176
TER|2026-07-17|305.885|330.675|296.821|322.355|3516490
TER|2026-07-20|335.215|351.23|331.275|333.76|2938093
TER|2026-07-21|360.9999|379.185|356.01|374.04|3996496
TER|2026-07-22|362.65|376.37|360.8|369.46|2133015
TER|2026-07-23|362.97|378.495|362.67|373.75|2079711
TER|2026-07-24|365|371.36|345.465|349.92|2936878
TER|2026-07-27|349.93|355.25|319.6|334.77|4142672
TER|2026-07-28|319.34|323.96|301|320.65|5578087
TER|2026-07-29|367.895|372.23|319.19|319.41|9181525
TER|2026-07-30|347.9|369|344.5|365.49|7214056
TER|2026-07-31|382.99|392|362.2344|367.69|3764643
TER|2026-08-03|359.92|370.4|349.3101|365.8|2694975
TER|2026-08-04|388.61|409.72|382.87|403.56|4136082
TER|2026-08-05|402.47|409.4|386.08|389.39|3176846
TER|2026-08-06|382.01|396.59|370|384.89|2626465
TER|2026-08-07|397.6|397.6|372.8|379.31|3733418
TER|2026-08-10|386.658|387|364.26|365.1|2370619
TER|2026-08-11|373.79|387.8099|371.2|379.56|1808073
TER|2026-08-12|396.5|408.545|393.1619|402.74|2450194
TER|2026-08-13|399.4|422.32|398|410.52|1877859
TER|2026-08-14|410.51|419|398.42|418.79|1837535
TER|2026-08-17|425|444.17|420.2201|443.14|3076747
TER|2026-08-18|419.145|424.76|392.18|404.29|4286056
TER|2026-08-19|405.185|405.185|374.01|379.65|2757557
TER|2026-08-20|377.34|385.93|372.9|383.15|1994347
TER|2026-08-21|381.8|385.565|365.01|375.74|1910139
TEVA|2026-06-01|34.64|34.77|33.835|34.64|6032603
TEVA|2026-06-02|34.15|34.15|32.51|33.08|10261451
TEVA|2026-06-03|32.83|32.98|32.37|32.83|4909095
TEVA|2026-06-04|33.07|34.475|33|34.43|4799326
TEVA|2026-06-05|34.3|35.01|34.0894|34.19|5349880
TEVA|2026-06-08|34.35|34.95|33.07|33.26|5700566
TEVA|2026-06-09|33.48|34.475|32.91|34.45|5907308
TEVA|2026-06-10|34.02|34.2|33.48|33.58|3850466
TEVA|2026-06-11|34.01|34.74|33.985|34.56|7194449
TEVA|2026-06-12|34.81|34.88|33.88|34.63|5634995
TEVA|2026-06-15|34.91|35.25|33.62|33.69|5217463
TEVA|2026-06-16|33.58|33.7|32.8|32.91|5269166
TEVA|2026-06-17|32.74|32.92|32.23|32.56|5514268
TEVA|2026-06-18|32.38|32.38|30.8|31.48|12194286
TEVA|2026-06-22|31.37|32.39|31.28|32.2|6110554
TEVA|2026-06-23|32.14|33.34|32.12|33.21|5566780
TEVA|2026-06-24|33.32|34.585|33.16|34.22|7248127
TEVA|2026-06-25|34.14|34.69|33.4|33.62|7062107
TEVA|2026-06-26|33.47|34.14|32.96|33.21|4699318
TEVA|2026-06-29|33.1|33.48|32.9602|33.31|3244832
TEVA|2026-06-30|33.28|34.28|33|33.88|5188519
TEVA|2026-07-01|33.83|34.08|33.26|33.44|4125595
TEVA|2026-07-02|33.87|34.92|33.59|34.64|4814752
TEVA|2026-07-06|35|35.47|34.575|35.29|4068389
TEVA|2026-07-07|35.21|35.33|34.23|34.65|5559520
TEVA|2026-07-08|34.17|34.17|32.57|33.24|6612456
TEVA|2026-07-09|32.89|33.14|32.41|33.1|5102130
TEVA|2026-07-10|33.02|33.35|32.7|32.95|6636594
TEVA|2026-07-13|32.52|32.81|32.14|32.18|4196969
TEVA|2026-07-14|32.04|32.27|31.655|31.82|3388693
TEVA|2026-07-15|31.82|31.97|31.28|31.56|5435348
TEVA|2026-07-16|31.64|32.42|31.54|32.22|4043739
TEVA|2026-07-17|32.13|32.69|31.955|32.03|3546692
TEVA|2026-07-20|32.24|32.26|30.95|31|4468007
TEVA|2026-07-21|31.13|31.53|30.72|31.35|4846014
TEVA|2026-07-22|30.86|31.2|30.13|30.15|5116670
TEVA|2026-07-23|29.94|31.2|29.6001|31.18|4446974
TEVA|2026-07-24|31.23|31.86|30.77|30.81|3107834
TEVA|2026-07-27|31.27|31.285|30.91|31.08|5298334
TEVA|2026-07-28|31.18|31.88|31.02|31.67|5031127
TEVA|2026-07-29|33.67|35.69|33.48|34.71|17752437
TEVA|2026-07-30|34.35|35.87|34.27|35.41|8763361
TEVA|2026-07-31|35.6|35.66|34.56|35.01|4694710
TEVA|2026-08-03|35|35.07|33.7804|34.46|6170871
TEVA|2026-08-04|34.62|34.6492|34.05|34.43|4899523
TEVA|2026-08-05|34.25|34.98|33.89|34.72|4957239
TEVA|2026-08-06|34.54|34.92|34.38|34.81|4131955
TEVA|2026-08-07|35|35.77|34.87|35.36|4270934
TEVA|2026-08-10|35.03|36.14|35|36.14|5606590
TEVA|2026-08-11|36.17|36.98|36.13|36.48|7757600
TEVA|2026-08-12|36.8|37.24|36.44|36.74|5691854
TEVA|2026-08-13|36.9|37.389|36.46|36.52|7608264
TEVA|2026-08-14|36.26|36.81|36.0906|36.77|2332393
TEVA|2026-08-17|36.53|36.78|35.99|36.46|3583343
TEVA|2026-08-18|36.47|37.25|36.34|36.58|6197239
TEVA|2026-08-19|37|37.83|36.6034|37.47|7964329
TEVA|2026-08-20|37.12|37.345|36.735|36.81|4510553
TEVA|2026-08-21|36.79|37.75|36.65|37.34|4014132
TH|2026-06-01|17.22|17.4|17.02|17.17|1510652
TH|2026-06-02|17.06|17.28|16.89|16.95|1146503
TH|2026-06-03|16.87|17.06|16.28|17.06|2271069
TH|2026-06-04|16.76|17.02|16.435|16.81|1398004
TH|2026-06-05|16.86|16.895|16.055|16.11|943405
TH|2026-06-08|16.1|16.76|15.95|16.71|1211013
TH|2026-06-09|16.85|17.03|16.315|16.44|1110821
TH|2026-06-10|16.52|17.105|16.36|17.04|1131319
TH|2026-06-11|17.24|17.73|17.12|17.67|1388924
TH|2026-06-12|17.74|18.425|17.49|18.4|1065417
TH|2026-06-15|18.54|19|18.38|18.91|1091800
TH|2026-06-16|18.84|19.3|18.65|19.02|1597000
TH|2026-06-17|18.87|19.46|18.8|19.38|1126368
TH|2026-06-18|19.6|20.33|19.2902|20.16|1558694
TH|2026-06-22|20.125|20.535|19.77|20.14|1644335
TH|2026-06-23|19.77|20.78|19.74|20.52|1539125
TH|2026-06-24|20.53|20.61|19.805|20.01|1486219
TH|2026-06-25|20.2|20.83|19.99|20.19|1074779
TH|2026-06-26|20.02|20.85|19.885|20.27|3461223
TH|2026-06-29|20.27|20.63|20.06|20.44|1207786
TH|2026-06-30|20.21|20.52|20|20.36|1383377
TH|2026-07-01|20.15|20.245|19.52|19.73|2975543
TH|2026-07-02|19.76|19.875|18.4|18.47|1302147
TH|2026-07-06|18.83|18.83|17.59|17.74|1816086
TH|2026-07-07|17.76|18.14|17.44|17.97|1535025
TH|2026-07-08|17.85|18.53|17.71|18.23|1033614
TH|2026-07-09|18.36|18.5|17.97|18.44|655687
TH|2026-07-10|18.3|18.35|17.61|17.96|635766
TH|2026-07-13|17.85|17.94|16.71|16.74|1028662
TH|2026-07-14|17.38|18.06|17.28|17.32|1074126
TH|2026-07-15|17.4|17.65|16.977|17.05|594606
TH|2026-07-16|16.94|17.095|16.68|16.87|842929
TH|2026-07-17|16.55|16.97|16.31|16.36|702905
TH|2026-07-20|16.4|16.77|16.26|16.39|531282
TH|2026-07-21|16.51|17.12|16.1|16.82|807227
TH|2026-07-22|16.69|16.9|16.5644|16.71|544146
TH|2026-07-23|16.54|16.775|16.18|16.34|659480
TH|2026-07-24|16.34|16.75|16.041|16.15|581506
TH|2026-07-27|16.35|16.418|15.26|16.1|1388034
TH|2026-07-28|16.08|16.098|14.48|14.78|1448911
TH|2026-07-29|14.82|15.09|14.195|14.36|1171003
TH|2026-07-30|14.57|14.96|14.42|14.5|1030318
TH|2026-07-31|14.585|15.21|14.08|15.2|1375786
TH|2026-08-03|15.22|15.91|15.06|15.79|932610
TH|2026-08-04|15.98|16.3|15.91|15.99|958381
TH|2026-08-05|16|16.21|15.62|15.76|1087521
TH|2026-08-06|15.76|16.45|15.58|16|1263373
TH|2026-08-07|16.19|16.97|15.89|16.51|1586463
TH|2026-08-10|15.53|17.54|15.0201|16.07|1994808
TH|2026-08-11|16.07|17.29|16.05|16.62|1973628
TH|2026-08-12|16.81|17.22|16.11|16.14|1037553
TH|2026-08-13|16.06|16.73|16|16.27|941630
TH|2026-08-14|16.26|17.5|16.19|17.44|703299
TH|2026-08-17|17.79|18.16|17.5|18.07|1135655
TH|2026-08-18|17.88|17.99|17.14|17.47|1194979
TH|2026-08-19|17.48|17.83|17.025|17.04|675670
TH|2026-08-20|17.59|17.665|16.88|17.63|914483
TH|2026-08-21|17.65|17.93|17.23|17.85|1092779
THC|2026-06-01|172.96|175.0899|166|170.09|1753120
THC|2026-06-02|170.3|170.85|162.55|163.6|1435216
THC|2026-06-03|160|166.3725|159.11|164.84|2442044
THC|2026-06-04|166.62|169.09|157.7075|161.37|1805200
THC|2026-06-05|163.44|166.085|161.46|162.06|1029184
THC|2026-06-08|161.58|163.1|157.58|163.01|1582787
THC|2026-06-09|164.4|167.6|161.79|166.36|1245729
THC|2026-06-10|164.07|168.9|161.75|164.77|901126
THC|2026-06-11|165.19|175.74|165.19|173.17|1666401
THC|2026-06-12|173.69|179.02|172.87|174.66|1307049
THC|2026-06-15|178.4|179.99|174.89|179.11|1483049
THC|2026-06-16|180.57|184.79|180.115|183.56|1393699
THC|2026-06-17|182.25|184.855|177.975|178.5|1150511
THC|2026-06-18|179.57|181.1123|171.45|172.57|2603783
THC|2026-06-22|173.92|178.99|171.75|178.75|1272294
THC|2026-06-23|178.99|182|177.635|180.88|797862
THC|2026-06-24|180.08|185.25|178.26|182.96|1105018
THC|2026-06-25|184.23|186.52|182.8|183.94|682841
THC|2026-06-26|184.39|189|181.4|189|1569183
THC|2026-06-29|188.07|188.64|185.03|187.17|1118969
THC|2026-06-30|187.17|187.8|183.5|187.08|1240701
THC|2026-07-01|187.68|192|187.08|191.2|1066292
THC|2026-07-02|192.01|208.52|191.625|203.72|2096590
THC|2026-07-06|206.67|207.53|203.925|206.19|1158162
THC|2026-07-07|208.36|210.41|206.77|208.82|789352
THC|2026-07-08|206.01|206.7775|202.34|206.26|745070
THC|2026-07-09|205.06|209.42|204.275|206.77|807049
THC|2026-07-10|207.81|208.875|201.26|204.25|879099
THC|2026-07-13|204.09|205.94|194.08|194.81|1143740
THC|2026-07-14|185|189.15|179.91|183.69|2991304
THC|2026-07-15|182.21|193.87|182.2|192.34|1574883
THC|2026-07-16|192|200.985|192|199.2|1194336
THC|2026-07-17|197.65|199.52|194.715|194.91|1240302
THC|2026-07-20|196.09|198.13|193.58|194.38|802364
THC|2026-07-21|193.69|197.775|191.59|196.49|884573
THC|2026-07-22|195.65|198.555|191.26|195.35|892201
THC|2026-07-23|194.48|200.09|191.76|199.02|1737377
THC|2026-07-24|235.01|246.815|229.3675|233.2|4628003
THC|2026-07-27|238.48|248.82|234.23|243.36|2218373
THC|2026-07-28|246.54|262.68|246.1|262.63|1816522
THC|2026-07-29|257.91|261.175|254.98|257.62|1283860
THC|2026-07-30|255.79|255.995|247.54|252.73|1163022
THC|2026-07-31|251.15|255.94|249.65|254.78|1098224
THC|2026-08-03|257.43|260.83|248.65|249.99|1162472
THC|2026-08-04|248.19|254.89|244.4388|253.33|1075141
THC|2026-08-05|256.12|263.6|250.66|261.74|1081780
THC|2026-08-06|264.15|265.315|256.235|256.64|704596
THC|2026-08-07|256.49|263.135|255.7|262.13|623911
THC|2026-08-10|261.3|264.26|259.15|259.93|885814
THC|2026-08-11|259.14|263.55|257.3175|259.45|571902
THC|2026-08-12|258.21|269.31|256.285|266.79|636022
THC|2026-08-13|268.11|270.5652|264.65|267.05|778115
THC|2026-08-14|266.64|268.2514|266.24|267.9|529985
THC|2026-08-17|265.64|268.13|264.29|264.56|643205
THC|2026-08-18|267|271.92|267|270.21|636123
THC|2026-08-19|270.91|277.755|268.51|268.52|695831
THC|2026-08-20|268|276|266.1394|272.6|616608
THC|2026-08-21|274.68|280.89|274.07|280.77|818531
TNGX|2026-06-01|21.76|23.49|21.36|23.1|3115320
TNGX|2026-06-02|22.66|23.0514|21.365|21.5|3184906
TNGX|2026-06-03|21.35|21.72|21.17|21.47|1326263
TNGX|2026-06-04|21.47|22.8|21.47|22.15|1247586
TNGX|2026-06-05|22.02|22.155|19.4275|20.22|4017903
TNGX|2026-06-08|30.005|32.5|26.08|30.93|21784861
TNGX|2026-06-09|32.23|32.79|29.41|31.56|7195818
TNGX|2026-06-10|31.65|31.6628|28.42|28.68|9845991
TNGX|2026-06-11|28.81|30|28.065|29.82|6443786
TNGX|2026-06-12|29.55|31.7|29.4757|30.94|10053973
TNGX|2026-06-15|31.33|33|30.7522|32.9|3224841
TNGX|2026-06-16|32.84|33.14|31.93|32.16|3094262
TNGX|2026-06-17|32.115|34.39|31.52|32.29|2806151
TNGX|2026-06-18|31.102|31.68|27.82|27.97|12085336
TNGX|2026-06-22|28.525|28.95|27.65|28.5|6313323
TNGX|2026-06-23|28.01|29.09|28.01|28.39|5056884
TNGX|2026-06-24|28.41|29.89|28.38|29.12|4762356
TNGX|2026-06-25|29.35|31.14|29.025|30.14|4538912
TNGX|2026-06-26|31.47|31.59|29.951|31.47|15421009
TNGX|2026-06-29|31.45|32.7|31.03|32.56|5860732
TNGX|2026-06-30|32.44|33.53|31.085|31.26|4760676
TNGX|2026-07-01|30.64|31.285|28.7|28.73|4360594
TNGX|2026-07-02|29|30.565|28.6|29.46|2306971
TNGX|2026-07-06|29.12|30.31|29.01|29.94|2142405
TNGX|2026-07-07|30.35|30.81|29.1901|30.12|2795003
TNGX|2026-07-08|29.98|32.17|29.93|30.64|3973959
TNGX|2026-07-09|30.65|31.28|29.87|30.52|2746978
TNGX|2026-07-10|30.52|31.48|28.91|31.06|3371862
TNGX|2026-07-13|30.555|30.765|28.25|28.36|2500750
TNGX|2026-07-14|29.18|29.71|28.45|29.65|1904822
TNGX|2026-07-15|29.77|30.555|29.5|30.25|2277827
TNGX|2026-07-16|29.5|29.99|27.13|27.64|3744254
TNGX|2026-07-17|27.6|29.71|27.14|28.56|2289070
TNGX|2026-07-20|28.495|29.34|27.5|27.54|1256508
TNGX|2026-07-21|27.61|29.24|27.61|29.02|1960025
TNGX|2026-07-22|28.19|28.69|27.92|28.1|1240183
TNGX|2026-07-23|27.55|28.05|27.24|27.45|1356010
TNGX|2026-07-24|27.5|27.665|26.25|26.63|2461337
TNGX|2026-07-27|26.81|28.09|26.51|26.72|2199188
TNGX|2026-07-28|26.68|26.94|25.33|26.65|6564504
TNGX|2026-07-29|26.82|27.005|25.41|25.85|2209090
TNGX|2026-07-30|26.36|27.64|26.1|27.57|1435596
TNGX|2026-07-31|27.52|27.9483|26.32|27.18|1687619
TNGX|2026-08-03|26.83|27.785|25.94|27.21|1981247
TNGX|2026-08-04|27.74|29.43|27.54|29.36|1869948
TNGX|2026-08-05|29.42|30.25|28|28.79|1861127
TNGX|2026-08-06|28.28|30.1|28.28|29|1314707
TNGX|2026-08-07|28.71|29.235|26.745|27.07|3230707
TNGX|2026-08-10|26.9|28.085|26.7|27.67|2549390
TNGX|2026-08-11|27.05|27.531|26.15|26.34|2256904
TNGX|2026-08-12|26.08|26.84|25.5|25.58|2433371
TNGX|2026-08-13|25.85|25.95|25.38|25.65|2169158
TNGX|2026-08-14|25.21|25.7|24.7532|25.6|1438869
TNGX|2026-08-17|25.64|25.9287|25.115|25.29|2228435
TNGX|2026-08-18|25|25.95|24.97|25.44|2277889
TNGX|2026-08-19|26.19|26.34|25.01|25.2|1823407
TNGX|2026-08-20|25.51|25.67|23.145|23.51|2064608
TNGX|2026-08-21|23.95|24.36|23.48|23.88|2488672
TSAT|2026-06-01|52.83|53.5|49.44|49.71|227278
TSAT|2026-06-02|49.65|52.315|49.44|50.14|148679
TSAT|2026-06-03|49.39|49.54|44.7|46.79|391423
TSAT|2026-06-04|47.31|55.1|46.725|54.99|724142
TSAT|2026-06-05|55.98|55.98|43.89|44.56|602192
TSAT|2026-06-08|47.2|48.2499|43.54|44.77|397822
TSAT|2026-06-09|46.35|47.76|41.08|44.51|663639
TSAT|2026-06-10|43.66|44.95|42.95|43.89|303443
TSAT|2026-06-11|44.78|50.305|44.365|50.12|428029
TSAT|2026-06-12|51|51|45.085|46.91|379266
TSAT|2026-06-15|49.02|51.78|46.08|48.35|384688
TSAT|2026-06-16|48.83|48.83|44.39|44.8|322165
TSAT|2026-06-17|45.2|48.9|44.4|47.48|292765
TSAT|2026-06-18|50.24|50.24|44.8|45.61|184284
TSAT|2026-06-22|44.92|45.31|42.75|44.57|271861
TSAT|2026-06-23|42.83|44.66|41.75|43.77|189798
TSAT|2026-06-24|43.77|44.55|41.99|42.61|230387
TSAT|2026-06-25|43.21|43.5425|40.92|41.77|260938
TSAT|2026-06-26|40.8|43.13|40.8|42.13|178238
TSAT|2026-06-29|43.62|46.415|43.4036|46|280975
TSAT|2026-06-30|46|50.7|45.5565|50.62|247380
TSAT|2026-07-01|50.09|52|46.73|46.88|180608
TSAT|2026-07-02|46.58|49.1542|44.89|46.23|145450
TSAT|2026-07-06|46.3|47.87|45.85|46.37|110150
TSAT|2026-07-07|45.58|45.58|43.6191|43.94|172957
TSAT|2026-07-08|42.98|46.99|42.98|45.08|207883
TSAT|2026-07-09|45.37|45.37|41.33|42.46|356603
TSAT|2026-07-10|42.17|42.8449|40.4|41.35|202940
TSAT|2026-07-13|41.31|41.5|37.28|37.7|336910
TSAT|2026-07-14|37.9|39.8573|37.77|39.01|209738
TSAT|2026-07-15|39.1|39.74|36.351|37.92|168408
TSAT|2026-07-16|39.24|39.24|36.54|37.47|332953
TSAT|2026-07-17|36.34|37.84|36.19|36.38|207984
TSAT|2026-07-20|36.06|38.59|36.06|37.01|209520
TSAT|2026-07-21|37.71|39.71|37.3201|38.92|132791
TSAT|2026-07-22|38.92|40.305|38.67|39.52|150869
TSAT|2026-07-23|38.75|40.28|38.579368|39.38|152402
TSAT|2026-07-24|39.28|39.28|37.3|37.47|150142
TSAT|2026-07-27|38.05|38.69|36.2|37.75|192082
TSAT|2026-07-28|37.06|37.1975|35.61|36.99|192960
TSAT|2026-07-29|36.88|36.88|34.14|34.41|280093
TSAT|2026-07-30|35.5|37.79|34.91|37.44|145787
TSAT|2026-07-31|38.26|38.55|36.91|37.26|132622
TSAT|2026-08-03|37.19|40.2854|36.4|40.18|155681
TSAT|2026-08-04|44|55.5225|43.12|54.75|1314844
TSAT|2026-08-05|51.9|53.8403|51.03|51.28|265590
TSAT|2026-08-06|51.28|55.74|50.26|54.08|274500
TSAT|2026-08-07|54.91|59.03|54.12|58.92|367938
TSAT|2026-08-10|59.29|60.775|55.6909|56.74|222695
TSAT|2026-08-11|56.83|60|56.74|59.48|233395
TSAT|2026-08-12|61|61.5399|59.72|61.4|211462
TSAT|2026-08-13|57.35|60.24|51.74|52.62|312435
TSAT|2026-08-14|53.53|54.1|48.71|50.64|335578
TSAT|2026-08-17|50.58|53.51|50.3|50.55|232719
TSAT|2026-08-18|49.3|49.59|46.805|47.31|211962
TSAT|2026-08-19|47.61|48.2|45.11|46.09|194513
TSAT|2026-08-20|45.33|45.92|43.05|44.3|319303
TSAT|2026-08-21|44.87|45.66|43.45|44.29|159528
TSEM|2026-06-01|252.855|253|240.975|252.53|2482350
TSEM|2026-06-02|260.34|282.25|257.2294|274.71|2305883
TSEM|2026-06-03|272.15|276.865|263.755|267.91|1135717
TSEM|2026-06-04|252.432|267|248.64|261.31|1287516
TSEM|2026-06-05|252.285|256.5699|232.77|235.48|1558795
TSEM|2026-06-08|248.275|248.275|239.38|242.04|1273402
TSEM|2026-06-09|244.095|247.25|209.84|228.08|3206194
TSEM|2026-06-10|232.08|238.3299|220.51|233.54|2352051
TSEM|2026-06-11|249.96|258.71|242.11|258.34|2334093
TSEM|2026-06-12|258.34|269.54|255.48|262.92|1207256
TSEM|2026-06-15|275.77|291.44|275.77|286.86|2163609
TSEM|2026-06-16|280.985|285.88|268.03|268.53|1415133
TSEM|2026-06-17|268.6|274.83|263.2|267.13|1207842
TSEM|2026-06-18|276.11|289.89|273.78|286.74|2517512
TSEM|2026-06-22|286.615|319.94|286.615|316.85|3012836
TSEM|2026-06-23|280.28|293.34|276.09|282.65|1852472
TSEM|2026-06-24|278.71|285|268.46|275.32|1245347
TSEM|2026-06-25|288.45|289.7317|262.4901|269.88|1506379
TSEM|2026-06-26|250.15|252.29|239|249.91|1964093
TSEM|2026-06-29|248.32|255.88|233.04|255.59|1600649
TSEM|2026-06-30|252.55|263.5|249.72|260.64|1233668
TSEM|2026-07-01|247|253.69|241.67|245.46|1166361
TSEM|2026-07-02|242.35|243.96|210.67|219.05|2649267
TSEM|2026-07-06|222.16|227.5846|216|218.95|1205186
TSEM|2026-07-07|201.5|213.82|199.631|211.93|1937748
TSEM|2026-07-08|210.18|217.12|205.71|216.7|1441822
TSEM|2026-07-09|224.97|235.57|224.48|226.58|1693195
TSEM|2026-07-10|220.31|224.335|215.69|222.75|790202
TSEM|2026-07-13|212.77|237.74|212.77|229.68|2245912
TSEM|2026-07-14|271.5|274|252.01|255.49|4558208
TSEM|2026-07-15|257.44|270.85|238.45|251|2429039
TSEM|2026-07-16|241.16|247.84|234.381|237.92|1623220
TSEM|2026-07-17|222.518|239.85|211.46|234.1|2510958
TSEM|2026-07-20|239.73|242.255|227.2|227.21|1106060
TSEM|2026-07-21|240.63|253.015|238.8|250.91|1486732
TSEM|2026-07-22|242.78|253.8399|242.7|249.53|1032202
TSEM|2026-07-23|245.79|262.87|245.79|260.42|1263335
TSEM|2026-07-24|254.65|260.49|233.2|233.37|1284288
TSEM|2026-07-27|235.58|235.58|213.69|224.21|1510568
TSEM|2026-07-28|212.1|212.495|198.2|202.99|2059437
TSEM|2026-07-29|207|211|185.0701|187.84|1906011
TSEM|2026-07-30|205.62|215.17|202.23|211.16|1600677
TSEM|2026-07-31|228.36|232.89|213.01|219.67|1865804
TSEM|2026-08-03|205.04|238.97|204|234.32|3491064
TSEM|2026-08-04|225.44|250.36|206.4005|239.53|6320172
TSEM|2026-08-05|229.8|230.73|211|211.14|3306891
TSEM|2026-08-06|208.795|232.68|208.795|224.7|2186657
TSEM|2026-08-07|230.25|255.67|230.07|252.49|2152774
TSEM|2026-08-10|252.055|265.87|252|252.55|2246938
TSEM|2026-08-11|251.11|258.58|242.58|249.58|1167856
TSEM|2026-08-12|264.13|272.85|259|260.31|2013723
TSEM|2026-08-13|254.39|266.72|252.01|252.95|1380210
TSEM|2026-08-14|253.5|268.345|250.41|265.48|1146720
TSEM|2026-08-17|270.16|277.8799|263.42|263.73|1218194
TSEM|2026-08-18|249.785|253.44|234.86|240.55|1840177
TSEM|2026-08-19|241.51|242.025|225.24|226.46|1454182
TSEM|2026-08-20|226.46|227.68|220.86|223.78|977955
TSEM|2026-08-21|226.95|229.79|217.815|222.59|816470
TTAN|2026-06-01|74.86|78.43|72.9|77.68|2124406
TTAN|2026-06-02|72.61|75.18|70.41|75.01|1608899
TTAN|2026-06-03|74.19|74.19|70.91|72.63|2329416
TTAN|2026-06-04|73.65|76.81|73.21|74.33|2952340
TTAN|2026-06-05|83.05|84.09|75.55|77.4|4672294
TTAN|2026-06-08|77.25|78.7799|72.41|72.95|2179750
TTAN|2026-06-09|70.98|73.5|68.6001|70.71|1797955
TTAN|2026-06-10|69|72.95|68.45|71.39|1469048
TTAN|2026-06-11|69.54|71.0788|68.04|68.24|1663084
TTAN|2026-06-12|67.94|68.3375|65.25|66.77|963644
TTAN|2026-06-15|66.77|68.87|66.27|68.8|1091881
TTAN|2026-06-16|68.19|69.5|66.0951|66.57|1370306
TTAN|2026-06-17|65.44|67.5|61.77|62.45|1681597
TTAN|2026-06-18|61.58|64.51|60.55|64.23|1698716
TTAN|2026-06-22|63.28|66.3814|61.395|62.57|1056967
TTAN|2026-06-23|63.52|64.31|61.745|64.19|1277089
TTAN|2026-06-24|64|66.58|63.42|65.03|983665
TTAN|2026-06-25|61.71|64.43|60.51|63.4|1444871
TTAN|2026-06-26|63.78|70.09|63.78|69.2|11133317
TTAN|2026-06-29|69.31|70.9099|68.4901|70.2|1592118
TTAN|2026-06-30|69.46|70.91|68.3767|70.71|1552266
TTAN|2026-07-01|71.96|76.18|71.42|74.035|1394811
TTAN|2026-07-02|74.07|78.93|73.2065|78.31|1411635
TTAN|2026-07-06|76.4|79.13|75.12|77.79|1193176
TTAN|2026-07-07|79.68|82.6199|78.59|79.7|2269293
TTAN|2026-07-08|78.42|79.34|76.88|78.01|1203420
TTAN|2026-07-09|74.95|80.05|74|79.44|1268556
TTAN|2026-07-10|81|81.52|77.1|77.69|648158
TTAN|2026-07-13|78.76|81.4|78.12|80.35|772077
TTAN|2026-07-14|76.64|81.75|75.69|80.09|1406414
TTAN|2026-07-15|81.33|82.3|77.99|78.35|1215605
TTAN|2026-07-16|78.85|79.84|75.42|75.5|1648178
TTAN|2026-07-17|74.03|77.68|73.51|76|1218210
TTAN|2026-07-20|74.75|81.35|74.2001|79.46|2372140
TTAN|2026-07-21|77.05|79.38|72.83|72.96|1265903
TTAN|2026-07-22|72.76|73.24|67.7|69.9|1544415
TTAN|2026-07-23|70.45|70.69|67.11|69.07|993244
TTAN|2026-07-24|70.8|72.5|69.04|70.48|667729
TTAN|2026-07-27|72.58|77.46|71.6|74.92|1390161
TTAN|2026-07-28|76.68|81.41|76.01|78.39|1067755
TTAN|2026-07-29|77.73|85.659|77.63|84.22|3169462
TTAN|2026-07-30|82.09|82.345|77.5|79.87|1606668
TTAN|2026-07-31|79.04|83.67|78.56|83.06|1358145
TTAN|2026-08-03|85.8|88.135|83.25|83.37|973517
TTAN|2026-08-04|81.94|86.395|81.425|86.24|1331400
TTAN|2026-08-05|88|88|85.319|86.5|821845
TTAN|2026-08-06|82.24|86.1375|81.53|85.59|652664
TTAN|2026-08-07|87.56|88.628|85.435|85.83|1069314
TTAN|2026-08-10|84.79|87.38|84.79|86.89|891499
TTAN|2026-08-11|86.47|90.77|85.23|88.39|2273392
TTAN|2026-08-12|86.11|92.02|84.11|92|1892491
TTAN|2026-08-13|93.38|93.83|88.7201|93.7|1201068
TTAN|2026-08-14|93.5|94|87.3814|90.4|934567
TTAN|2026-08-17|88.99|90.25|88|88.39|699917
TTAN|2026-08-18|89.72|92.22|87.92|91.11|778883
TTAN|2026-08-19|91.39|95.6|91.24|95.02|1609414
TTAN|2026-08-20|94.81|96.759|92.22|92.57|1010619
TTAN|2026-08-21|92.88|95.56|90.56|94.87|964146
TWLO|2026-06-01|195.365|231.36|194.5125|227.54|7266694
TWLO|2026-06-02|217.8|229.62|215.98|229.3|3008291
TWLO|2026-06-03|223.71|227.96|215.38|227.26|3211229
TWLO|2026-06-04|226|238.4799|222.62|236.64|3879121
TWLO|2026-06-05|233.795|237.3|224.23|225.99|3382156
TWLO|2026-06-08|225.63|227.5|212.0101|212.54|2954055
TWLO|2026-06-09|210|213.89|194.5309|204.69|2339109
TWLO|2026-06-10|201.195|211.74|199|207.09|2012451
TWLO|2026-06-11|204|208.37|199.07|206.62|1887921
TWLO|2026-06-12|205.89|206.62|198.22|204.08|1567602
TWLO|2026-06-15|208|209.85|201.64|202|1811100
TWLO|2026-06-16|200.06|201.09|189.8|192.68|2462880
TWLO|2026-06-17|192.31|193.5|185.26|188.11|1825624
TWLO|2026-06-18|185.27|188.8373|179.35|186.17|4714191
TWLO|2026-06-22|184.48|188.956|179.2|183.64|1821057
TWLO|2026-06-23|181.75|188.575|180.615|184.04|2056614
TWLO|2026-06-24|189|193.2|185.55|188.34|2189074
TWLO|2026-06-25|185.9|195.66|182.66|190.88|2656042
TWLO|2026-06-26|188.13|194.33|185.307|191.57|2150129
TWLO|2026-06-29|194.54|201.49|192.79|198.77|1842739
TWLO|2026-06-30|195.04|206.94|194.47|206.33|1743728
TWLO|2026-07-01|207.8|210.775|203.39|209.28|1549089
TWLO|2026-07-02|209.145|211.96|205.0236|209.31|1644305
TWLO|2026-07-06|206.99|213.88|206.28|209.08|1498696
TWLO|2026-07-07|213.59|220.27|207.7025|211.97|2135863
TWLO|2026-07-08|208.375|216.31|206.3578|215.5|1496885
TWLO|2026-07-09|212.57|218.66|207.45|218.6|1502186
TWLO|2026-07-10|228.5|229.22|213.9375|214.56|2031502
TWLO|2026-07-13|213.23|220.17|208.99|218.24|1902697
TWLO|2026-07-14|211.69|222.71|210.36|217.83|2076566
TWLO|2026-07-15|222.23|223.69|211.05|211.54|1566460
TWLO|2026-07-16|212.06|213.915|206.47|206.7|1502192
TWLO|2026-07-17|202.75|209.8|200.05|206.78|2413843
TWLO|2026-07-20|205.945|212.79|202.0401|205.24|1539350
TWLO|2026-07-21|202.3|207.83|194|196.22|1405406
TWLO|2026-07-22|194.74|194.74|182.39|183.38|1930626
TWLO|2026-07-23|184.7|186|179.645|185.06|1825799
TWLO|2026-07-24|188.1|192.22|186.001|191.46|1395815
TWLO|2026-07-27|194.42|198.72|191.83|194.47|1301308
TWLO|2026-07-28|193.32|196.7|188.53|194.33|1125246
TWLO|2026-07-29|193.63|195|182.6|188.25|1686884
TWLO|2026-07-30|186.67|191.695|184.04|190.94|1164931
TWLO|2026-07-31|192.11|197.81|190.72|197.35|1560041
TWLO|2026-08-03|199.495|199.99|194.57|196.59|1755810
TWLO|2026-08-04|194.24|199.99|189.33|194.05|3224951
TWLO|2026-08-05|191.51|198.4799|187.945|193.22|2299317
TWLO|2026-08-06|187.1|194.99|187.1|193.2|4448496
TWLO|2026-08-07|235.25|254.5|227.02|241.28|8115997
TWLO|2026-08-10|244.5|255.57|242.7|250.06|3318293
TWLO|2026-08-11|248.77|258.3525|244.09|255.95|2931293
TWLO|2026-08-12|252.63|257.99|244.37|246.62|3083150
TWLO|2026-08-13|247.39|254.57|245.56|249.42|2151639
TWLO|2026-08-14|250.81|251.94|233.31|238.2|2777200
TWLO|2026-08-17|237.73|240|228.18|228.61|3148173
TWLO|2026-08-18|230.65|239.43|229.02|232.1|2626405
TWLO|2026-08-19|232.12|234.48|220.2858|221.87|2142731
TWLO|2026-08-20|219.85|222.87|216.55|219.89|1526960
TWLO|2026-08-21|219.39|225.7|215.79|225.3|1534005
TWST|2026-06-01|66.87|68.14|63.99|67.86|1293367
TWST|2026-06-02|66.94|70.285|66.94|70.15|1086627
TWST|2026-06-03|69.81|72.99|68.83|72.33|1428743
TWST|2026-06-04|73.02|80.5|72.08|73.93|2040287
TWST|2026-06-05|72.34|73.6999|68.29|69.22|2471916
TWST|2026-06-08|70.71|70.82|68.07|70.04|1395038
TWST|2026-06-09|71.46|73.4399|66.43|70.06|1794067
TWST|2026-06-10|69.4|71.77|67.24|67.77|1145141
TWST|2026-06-11|69.2|74.28|68.45|74.05|2742645
TWST|2026-06-12|75.02|78.275|75.01|76.17|2612071
TWST|2026-06-15|79.35|82.99|77.285|80.79|2642096
TWST|2026-06-16|81.02|86.94|80.63|84.95|2481233
TWST|2026-06-17|84.95|88.46|81.62|82.87|1822875
TWST|2026-06-18|85.665|87.77|84.13|87.56|3938046
TWST|2026-06-22|88.3|89.71|84.045|85.17|2354349
TWST|2026-06-23|82.29|87.54|81.55|85|1768300
TWST|2026-06-24|86.16|93.8|85.5|91.35|2439869
TWST|2026-06-25|93.14|98.4|91.8812|96.65|2780859
TWST|2026-06-26|95.4|104.23|94.7864|99.84|4274501
TWST|2026-06-29|100|101.08|96.32|98.36|1658143
TWST|2026-06-30|98.025|103.22|97.12|102.88|1986982
TWST|2026-07-01|101.16|104.65|99.91|102.25|1498725
TWST|2026-07-02|103.85|105.47|97.5201|99.24|1523929
TWST|2026-07-06|96.8|104.4|95|99.93|1446378
TWST|2026-07-07|99.78|101.3099|89.1|91.03|2603220
TWST|2026-07-08|90.08|91.98|87.57|89.38|1722314
TWST|2026-07-09|91|96.4069|90.84|93.67|1263177
TWST|2026-07-10|93.74|94.675|88.11|90.635|1352195
TWST|2026-07-13|90.49|92.79|89.125|90.35|850076
TWST|2026-07-14|94.53|94.685|91.43|92.53|1292011
TWST|2026-07-15|92.55|94.195|90.2142|92.61|1191863
TWST|2026-07-16|92.47|93.783|88.64|91.23|1723236
TWST|2026-07-17|87.6|93.95|85.02|93.85|1161320
TWST|2026-07-20|96.1599|96.76|87.32|87.45|930192
TWST|2026-07-21|87.83|96.13|85.2|95.86|913972
TWST|2026-07-22|95.71|96.15|92.7|94.21|1069717
TWST|2026-07-23|93.01|97.45|92.37|92.44|1211223
TWST|2026-07-24|93.69|94.5|88.86|90.27|1044783
TWST|2026-07-27|93.5|95.31|85|86.54|1347380
TWST|2026-07-28|85.45|88.645|82.92|88.55|1403503
TWST|2026-07-29|87.41|89.186|82.8|85.47|1459890
TWST|2026-07-30|87.75|91.915|86.495|91.33|1656447
TWST|2026-07-31|93.068|93.57|88.3001|91.55|1494153
TWST|2026-08-03|81.595|102.34|80.59|101.06|2935960
TWST|2026-08-04|106.58|106.58|98.89|99.445|1237002
TWST|2026-08-05|104.5|115.56|104.49|115.01|3292150
TWST|2026-08-06|113.76|113.76|108.62|109.08|1832284
TWST|2026-08-07|110.89|118.32|109.2601|115.67|1561511
TWST|2026-08-10|113.56|125.66|113.18|124.88|2535863
TWST|2026-08-11|125.625|125.625|120.65|123.12|1055763
TWST|2026-08-12|123.96|125.38|120.5|125.21|1605545
TWST|2026-08-13|126.22|126.4|122.14|125.29|911986
TWST|2026-08-14|124.09|124.7052|118.44|118.57|1140437
TWST|2026-08-17|116.91|124.98|116.91|124.41|977007
TWST|2026-08-18|121.61|123.295|115.28|116.1|1268948
TWST|2026-08-19|128|142.84|127.75|142.39|3540938
TWST|2026-08-20|136.84|145.51|135.17|136.33|2390903
TWST|2026-08-21|138.43|145.93|135.05|145.59|1793305
U|2026-06-01|31.54|32.575|30.61|32.17|14718317
U|2026-06-02|31.92|31.94|30.405|30.77|10061629
U|2026-06-03|30.25|30.5109|28.96|29.22|6325099
U|2026-06-04|29.68|30.685|29.15|30.03|7515168
U|2026-06-05|30.95|31.4|28.7|29.17|10800700
U|2026-06-08|29.5|29.89|28.74|28.8|6324051
U|2026-06-09|28.52|29.65|26.86|28.44|16202879
U|2026-06-10|27|28.11|26.37|26.66|11467048
U|2026-06-11|26.2|26.9|25.77|26.71|7388644
U|2026-06-12|26.72|27.605|26.11|27.24|6867204
U|2026-06-15|28|28.535|27.765|28.49|6361285
U|2026-06-16|28.23|28.62|27.7008|28.06|6182599
U|2026-06-17|27.92|28.1|26.3|26.47|7005137
U|2026-06-18|26.4|27.5|25.57|27.48|9330636
U|2026-06-22|27|27.63|26.38|27.14|4649932
U|2026-06-23|26.77|27.8|26.65|27.61|7723227
U|2026-06-24|27.59|28.1788|27.02|27.15|5221944
U|2026-06-25|26.86|27.06|25.91|26.71|4571927
U|2026-06-26|26.31|28.49|26.31|28.23|8073912
U|2026-06-29|28.74|29.27|28.14|28.31|4930318
U|2026-06-30|27.87|28.9|27.8|28.58|5576881
U|2026-07-01|29.18|31.21|28.94|30.19|9305058
U|2026-07-02|29.9|30.51|28.64|29.32|7662307
U|2026-07-06|28.94|30.24|28.85|29.65|5642503
U|2026-07-07|30.24|30.7|29.33|29.66|6340736
U|2026-07-08|28.89|29.49|28.3|29.46|4252687
U|2026-07-09|28.82|30.8|28.75|30.73|6288222
U|2026-07-10|32.24|33.05|30.77|30.89|12972440
U|2026-07-13|31|31.1|29.65|30.68|6687532
U|2026-07-14|29.93|31.85|29.781|31.75|5559499
U|2026-07-15|32.17|32.37|30.86|31.27|7508311
U|2026-07-16|31.26|31.785|29.905|30.19|4624992
U|2026-07-17|29.02|29.69|28.62|28.99|6238522
U|2026-07-20|28.87|30.65|28.795|29.81|6955442
U|2026-07-21|29.88|30.675|29.69|29.87|9562795
U|2026-07-22|30.08|30.08|28.87|29.27|6864949
U|2026-07-23|29.05|29.19|27.83|28.94|7846604
U|2026-07-24|29.46|29.53|28.14|28.62|4670010
U|2026-07-27|29.52|30.94|29.24|30.44|6922306
U|2026-07-28|30.12|31.87|29.73|31.83|8005798
U|2026-07-29|32.105|32.85|31.13|32.04|8133083
U|2026-07-30|32.28|33.48|31.705|33.34|8132932
U|2026-07-31|32.68|32.84|30.45|31.71|11557147
U|2026-08-03|32.575|34.27|32.41|33.38|12831027
U|2026-08-04|33.89|35.69|33.49|35.22|15338632
U|2026-08-05|36.15|36.5595|35.06|35.47|17316259
U|2026-08-06|36.01|41.66|34.8|40.81|40975353
U|2026-08-07|42.54|44.38|41.77|43|18519025
U|2026-08-10|42.74|43.55|42.07|43.1|14595823
U|2026-08-11|42.76|43.89|42.1|43.87|11386993
U|2026-08-12|43.69|44.57|42.83|44.53|11274285
U|2026-08-13|44.615|45.84|44.1028|45.79|12546467
U|2026-08-14|45.55|46.39|45.15|46.25|9580353
U|2026-08-17|46.21|46.68|45.02|45.45|9964666
U|2026-08-18|45.5|47.25|45.21|46.74|11826133
U|2026-08-19|46.58|47.7|46.305|47.11|10198617
U|2026-08-20|47.25|48.46|45.76|46.54|12206878
U|2026-08-21|46.77|46.97|46|46.93|7484510
UUUU|2026-06-01|17.77|18.75|17.26|17.62|22290831
UUUU|2026-06-02|17.83|19.75|17.52|19.54|14763385
UUUU|2026-06-03|19.2|19.2|17.79|18|9576089
UUUU|2026-06-04|17.82|18|17.25|17.37|7549778
UUUU|2026-06-05|17.09|17.25|14.786678|15.03|22279215
UUUU|2026-06-08|15.69|15.7351|15|15.21|9086574
UUUU|2026-06-09|15.44|15.5933|13.63|14.37|10970652
UUUU|2026-06-10|14.15|14.43|13.57|13.69|7522481
UUUU|2026-06-11|14.12|15.17|13.85|15.08|10570919
UUUU|2026-06-12|14.98|15.37|14.8212|15.04|6510893
UUUU|2026-06-15|16.01|16.51|15.585|15.64|6529250
UUUU|2026-06-16|15.83|16.42|15.34|15.34|6403885
UUUU|2026-06-17|15.6|16.05|15.265|15.3|6869727
UUUU|2026-06-18|17.92|18.06|16.165|16.56|28402887
UUUU|2026-06-22|16.85|16.93|15.777|16.12|9041913
UUUU|2026-06-23|15.56|16.49|15.31|15.47|16426738
UUUU|2026-06-24|15.05|15.348|14.53|15.03|11550606
UUUU|2026-06-25|15.27|15.42|14.41|14.42|6917358
UUUU|2026-06-26|14.18|14.62|13.9|14.62|17817817
UUUU|2026-06-29|14.35|14.7|13.84|14.59|7797560
UUUU|2026-06-30|14.37|14.555|14.09|14.5|4816099
UUUU|2026-07-01|14.54|14.96|14.16|14.22|5683718
UUUU|2026-07-02|14.34|14.995|13.58|13.81|7918747
UUUU|2026-07-06|13.82|14.3|13.705|13.77|4645692
UUUU|2026-07-07|13.65|13.7|12.58|12.86|8332744
UUUU|2026-07-08|12.69|13.15|12.59|13.14|6235947
UUUU|2026-07-09|13.2|13.625|13.12|13.49|6178612
UUUU|2026-07-10|14.1|14.23|13.465|13.58|6930141
UUUU|2026-07-13|13.5|13.5|12.9|13.05|7455449
UUUU|2026-07-14|13.49|13.605|13.14|13.23|5012555
UUUU|2026-07-15|13.15|13.34|12.365|12.67|6739689
UUUU|2026-07-16|12.3|12.5|11.5101|11.67|12202069
UUUU|2026-07-17|11.48|11.84|11.2|11.49|8500722
UUUU|2026-07-20|11.47|11.85|11.345|11.74|6230695
UUUU|2026-07-21|11.95|12.41|11.905|12.35|6167089
UUUU|2026-07-22|12.34|12.72|12.27|12.31|5899059
UUUU|2026-07-23|12|12.35|11.865|12.01|5279399
UUUU|2026-07-24|12.1|12.14|11.27|11.3|6197986
UUUU|2026-07-27|11.56|11.8899|11.355|11.71|4306011
UUUU|2026-07-28|11.6|11.7|10.8|11.33|6734005
UUUU|2026-07-29|11.41|11.445|10.69|10.74|7598955
UUUU|2026-07-30|11.06|11.775|10.97|11.71|5490796
UUUU|2026-07-31|12.19|12.32|11.23|11.44|7471872
UUUU|2026-08-03|11.45|12.23|11.29|12.15|5645501
UUUU|2026-08-04|12.6|13.06|12.45|12.86|8731779
UUUU|2026-08-05|13.2|13.29|12.375|12.44|9915237
UUUU|2026-08-06|12|12.98|11.8|12.9|8158510
UUUU|2026-08-07|13.87|14.55|13.655|14.14|12170297
UUUU|2026-08-10|14.14|14.51|14.025|14.29|6703647
UUUU|2026-08-11|14.235|14.83|14.0809|14.78|5609692
UUUU|2026-08-12|15.1|15.2|14.425|14.47|5003335
UUUU|2026-08-13|14.55|14.9|14.31|14.58|5699964
UUUU|2026-08-14|14.7|15.367|14.7|15.1|7817040
UUUU|2026-08-17|15.08|15.2|14.46|14.79|5181198
UUUU|2026-08-18|14.19|14.57|13.78|14.09|6099763
UUUU|2026-08-19|14.54|15.045|14.41|14.85|6823391
UUUU|2026-08-20|14.61|14.76|13.61|13.9|7509694
UUUU|2026-08-21|14.63|15.55|14.58|15.14|11204925
VELO|2026-06-01|22.74|23.21|21.08|21.51|2639096
VELO|2026-06-02|21.58|22.79|20.3704|22.13|1766024
VELO|2026-06-03|21.65|21.95|19.235|19.61|2191075
VELO|2026-06-04|19.01|21.2542|18.5|18.83|3304075
VELO|2026-06-05|18.23|18.585|15.11|15.85|3553650
VELO|2026-06-08|16.63|17.2|15.7401|16.23|1776267
VELO|2026-06-09|17.38|20.4|14.72|19.43|9084259
VELO|2026-06-10|19.935|23.6298|19.08|22.68|9547171
VELO|2026-06-11|24|31.75|23.07|30.61|16655964
VELO|2026-06-12|27.11|29.43|23.843|25.5|9925596
VELO|2026-06-15|26.73|27.32|22.32|23.09|5659237
VELO|2026-06-16|22.99|26.55|22.29|25.04|4611018
VELO|2026-06-17|24.78|27.748|23.8|25.56|3347408
VELO|2026-06-18|27.215|30.4|26.8|29.86|7156718
VELO|2026-06-22|29.225|29.36|24.3|24.31|3568283
VELO|2026-06-23|22.98|23.99|20.6216|20.66|4042004
VELO|2026-06-24|20.37|20.37|17.8|18.05|3429729
VELO|2026-06-25|20.5|20.5495|16.14|17.38|8658262
VELO|2026-06-26|16.67|17.4797|15.73|16.64|6466011
VELO|2026-06-29|17.135|18.71|16.7|18.4|3326237
VELO|2026-06-30|18.6|19.975|16.85|17.55|3509687
VELO|2026-07-01|17|17.665|16.02|16.08|1987945
VELO|2026-07-02|16.42|18.01|15.12|15.63|2980886
VELO|2026-07-06|15.6|16.13|14.91|15.01|1673410
VELO|2026-07-07|14.7|14.83|13.53|13.58|1903863
VELO|2026-07-08|13.25|13.78|12.8801|13.75|2091596
VELO|2026-07-09|14.28|14.7797|13.805|14.63|1592680
VELO|2026-07-10|14.38|14.38|13.1|13.24|1329291
VELO|2026-07-13|12.9084|13|11.94|12.06|1807044
VELO|2026-07-14|12.43|13.1999|12.23|12.79|1724162
VELO|2026-07-15|12.83|13.27|10.46|11.21|3225204
VELO|2026-07-16|10.9|11.25|10.31|10.345|2241861
VELO|2026-07-17|10|11.16|9.77|10.59|1939106
VELO|2026-07-20|10.55|10.82|9.9|9.98|1321000
VELO|2026-07-21|10.26|11.355|10.1|11.33|1692777
VELO|2026-07-22|10.9|11.68|10.41|10.51|1467322
VELO|2026-07-23|10.12|10.62|9.92|10.11|1170280
VELO|2026-07-24|10.17|10.17|9.5|9.67|1105334
VELO|2026-07-27|9.82|10.47|9.65|10.25|1365071
VELO|2026-07-28|9.91|9.98|9.09|9.44|1259055
VELO|2026-07-29|9.58|9.6823|8.405|8.44|1843289
VELO|2026-07-30|9.01|9.87|8.8367|9.705|1859570
VELO|2026-07-31|9.99|10.5799|9.73|10.13|1585536
VELO|2026-08-03|9.85|11.55|9.75|11.38|1795419
VELO|2026-08-04|12.37|13.7437|12.2674|13.69|2811219
VELO|2026-08-05|13.31|13.4999|12.61|12.73|1804126
VELO|2026-08-06|12.38|14.0899|12.09|13.22|1552886
VELO|2026-08-07|13.735|14.2|13.32|14.16|1417167
VELO|2026-08-10|14.275|14.7|12.9|12.95|2006537
VELO|2026-08-11|13.165|13.89|12.9|13.69|2042519
VELO|2026-08-12|17.05|17.61|14.35|15.1|4757239
VELO|2026-08-13|14.95|16.47|14.65|15.38|2265361
VELO|2026-08-14|15.38|16.43|15.345|16.16|1517574
VELO|2026-08-17|16.05|16.4|15.22|15.595|1305320
VELO|2026-08-18|14.73|15.55|14.43|14.63|1509538
VELO|2026-08-19|14.51|14.8|13.5119|13.89|1235520
VELO|2026-08-20|13.6|13.79|13.005|13.17|1484902
VELO|2026-08-21|13.38|13.75|12.7127|13.295|869061
VERA|2026-06-01|35.03|35.03|33.83|33.94|921351
VERA|2026-06-02|34.44|35.208|31.03|31.26|1715674
VERA|2026-06-03|31.26|31.71|30.59|31.27|988793
VERA|2026-06-04|31.39|37.29|31.225|33.38|2981169
VERA|2026-06-05|33.38|34.06|31.4|32.29|1515474
VERA|2026-06-08|32.55|32.78|31.53|31.75|696026
VERA|2026-06-09|32.205|32.8999|30.82|31.81|913079
VERA|2026-06-10|31.75|33.29|30.97|31.62|697197
VERA|2026-06-11|31.44|33.83|31.05|33.65|884132
VERA|2026-06-12|34|35.01|33.8|34.26|901360
VERA|2026-06-15|34.67|35.29|33.94|34.24|559655
VERA|2026-06-16|34.365|34.7|32.945|33.67|1533273
VERA|2026-06-17|33.96|35.7|33.69|35.01|1122251
VERA|2026-06-18|35.96|36.67|34.58|35.09|1497436
VERA|2026-06-22|35.97|38.67|35.95|38.43|1779402
VERA|2026-06-23|37.63|38.515|37.45|38.2|1933711
VERA|2026-06-24|38.27|40.13|38.18|39.51|2473781
VERA|2026-06-25|39.79|41.695|39.46|40.5|2667454
VERA|2026-06-26|41.28|43.35|41.05|42.46|3886081
VERA|2026-06-29|43.41|44.04|41.41|43.15|3046140
VERA|2026-06-30|43.79|44.87|42.89|42.91|2294766
VERA|2026-07-01|42.78|43.16|42.29|42.66|1074557
VERA|2026-07-02|42.8|42.8|36.76|41.2|5014931
VERA|2026-07-06|42.01|43.2199|40.05|40.13|2851066
VERA|2026-07-07|40.46|44.6038|40|42.96|5062900
VERA|2026-07-08|42.95|43.69|40.62|42.43|3394281
VERA|2026-07-09|41.27|43.15|41|42.45|2339102
VERA|2026-07-10|42.15|42.15|38.86|42|2849543
VERA|2026-07-13|41.26|41.86|39.815|41.5|2233457
VERA|2026-07-14|41.69|43.19|41.25|43.13|1876099
VERA|2026-07-15|42.88|43.18|41.72|42.5|1672886
VERA|2026-07-16|42.26|42.595|39.09|39.12|1610669
VERA|2026-07-17|37.94|40.13|37.52|38.5|1389622
VERA|2026-07-20|38.61|39.035|36.7148|36.99|1014354
VERA|2026-07-21|36.73|37.52|36.12|37.17|1128420
VERA|2026-07-22|36.85|37.44|36.04|36.055|1124360
VERA|2026-07-23|35.16|36.68|34.88|36.35|2707230
VERA|2026-07-24|36.69|36.87|35.41|35.45|785761
VERA|2026-07-27|35.94|36.215|35.16|35.18|1109632
VERA|2026-07-28|35|35.17|32.76|33.32|2496583
VERA|2026-07-29|32.99|33.52|32.0401|32.51|1468898
VERA|2026-07-30|32.7|33.395|32.285|33.05|2056399
VERA|2026-07-31|32.75|32.81|31.54|32.1|1443361
VERA|2026-08-03|31.82|32.6699|30.8625|32.23|1507264
VERA|2026-08-04|32.76|32.76|29.67|29.95|4938366
VERA|2026-08-05|30.35|31.08|29.54|30.35|3212732
VERA|2026-08-06|30.9|32.46|30.62|32.02|1943225
VERA|2026-08-07|32.81|33.0937|32.085|32.89|1393416
VERA|2026-08-10|32.62|32.96|31.35|31.58|1036139
VERA|2026-08-11|31.97|32.05|30.03|30.29|1915422
VERA|2026-08-12|30.74|31.18|29.71|29.99|1473178
VERA|2026-08-13|29.99|30.11|28.86|28.89|1127152
VERA|2026-08-14|31.29|32.31|29.73|31.63|5871720
VERA|2026-08-17|31.3|32.72|31.1|31.63|2370137
VERA|2026-08-18|31.31|32.3499|31.31|32.28|1033505
VERA|2026-08-19|32.88|33.48|31.7|32.275|1259304
VERA|2026-08-20|32.295|32.295|30.72|31.26|1505647
VERA|2026-08-21|31.42|32.97|31.0331|32.275|1288053
VIAV|2026-06-01|47.22|48.595|46|47.49|6950285
VIAV|2026-06-02|49.47|53.02|48.09|52.88|6933836
VIAV|2026-06-03|53.45|54.86|52.32|52.42|6110435
VIAV|2026-06-04|49.79|54.06|47.83|53.21|4822073
VIAV|2026-06-05|51.56|52.48|46.78|47.56|6291979
VIAV|2026-06-08|49.01|50.34|47|48.75|7086346
VIAV|2026-06-09|50|50.4897|44.2601|46.43|7088076
VIAV|2026-06-10|46.51|49.74|46.02|46.82|4317123
VIAV|2026-06-11|48.37|50.31|47.57|50.24|3890108
VIAV|2026-06-12|50.924|55.5899|49.89|53.46|5096089
VIAV|2026-06-15|55.89|57.5|51.7601|54.05|6459947
VIAV|2026-06-16|54.38|54.39|50.01|50.1|5914420
VIAV|2026-06-17|50.42|51.49|48.41|48.73|5759336
VIAV|2026-06-18|50.79|51.89|46.72|47.17|49008828
VIAV|2026-06-22|47.6|53.095|47.4|52.94|9250591
VIAV|2026-06-23|49.28|51.16|49.01|49.97|4681292
VIAV|2026-06-24|49.39|50.75|48.01|49.41|6985577
VIAV|2026-06-25|51.03|51.73|47.65|50.44|4842169
VIAV|2026-06-26|48.905|48.905|45.91|47.63|34957336
VIAV|2026-06-29|47.96|48.3|44.7|47.41|4834681
VIAV|2026-06-30|47.41|49.41|47.3|47.75|6485426
VIAV|2026-07-01|46.245|47.98|44.9317|47.07|5428964
VIAV|2026-07-02|46.4|47.3|40.79|41.66|7065866
VIAV|2026-07-06|41.67|44.59|41.65|42.42|4523998
VIAV|2026-07-07|40.2|42.16|39.235|40.22|5537036
VIAV|2026-07-08|39.92|40.825|38.89|40.7|5026146
VIAV|2026-07-09|42.955|44.15|42.75|42.88|3550031
VIAV|2026-07-10|42|43.635|41.38|43.08|3360334
VIAV|2026-07-13|41.82|42.97|40.66|40.92|3634713
VIAV|2026-07-14|42.48|42.95|41.365|41.85|3351489
VIAV|2026-07-15|42.48|42.83|38.41|40.12|4317861
VIAV|2026-07-16|38.72|39.1399|36.34|36.93|5518054
VIAV|2026-07-17|35.38|38.66|34.83|38.16|7463276
VIAV|2026-07-20|39.055|40.36|38.66|39.43|4357615
VIAV|2026-07-21|41.02|43.28|40.7|43.02|3915133
VIAV|2026-07-22|41.51|43.28|41.3475|42.25|3306622
VIAV|2026-07-23|41.73|43.74|41.35|41.8|2177691
VIAV|2026-07-24|41.4|42.05|39.345|39.52|2866347
VIAV|2026-07-27|40.51|40.51|36.82|38.16|3695478
VIAV|2026-07-28|36.52|36.52|33.66|35.1|6553114
VIAV|2026-07-29|34.33|35.14|31.41|32.23|9770981
VIAV|2026-07-30|34.02|35.558|33.59|35.05|6221600
VIAV|2026-07-31|37.37|37.9647|35.82|36.95|5697101
VIAV|2026-08-03|35.62|38.31|35.3766|37.75|4039664
VIAV|2026-08-04|40.33|41.3|39|40.32|6158941
VIAV|2026-08-05|39.962|41.35|38.78|38.9|7321213
VIAV|2026-08-06|38|41.575|36.2446|40.59|6988377
VIAV|2026-08-07|41.7|42.2|38.42|39.14|7410780
VIAV|2026-08-10|40.16|40.16|37.17|37.2|4491955
VIAV|2026-08-11|37.385|38.85|37.35|38.4|3256125
VIAV|2026-08-12|41|43.58|40.55|43.11|6007942
VIAV|2026-08-13|42.65|43.95|42.435|42.99|4064648
VIAV|2026-08-14|43.55|44.38|42.25|43.54|3186371
VIAV|2026-08-17|44.65|46.66|44.595|46.26|6133202
VIAV|2026-08-18|43.3|44.37|40.57|41.37|4068729
VIAV|2026-08-19|42.38|42.58|38.5|38.74|6697804
VIAV|2026-08-20|38.89|39.8|38.2|38.56|4065717
VIAV|2026-08-21|38.91|39.29|37.25|38.9|4617039
VIK|2026-06-01|91|92.52|89.22|91.84|3567397
VIK|2026-06-02|91.58|92.11|89.01|89.53|2121766
VIK|2026-06-03|89.86|90.32|87.79|88.64|2199374
VIK|2026-06-04|89.76|90.26|88.6944|89.99|1724767
VIK|2026-06-05|90.25|91|88.9|89.94|1854476
VIK|2026-06-08|89.45|90.001|88.16|89.04|1885062
VIK|2026-06-09|90.29|91.89|87.14|90.31|1911707
VIK|2026-06-10|90.25|91.21|87.46|88.48|2265158
VIK|2026-06-11|88.68|93.23|88.51|93.18|1610235
VIK|2026-06-12|94.95|94.99|91.94|92.25|2537330
VIK|2026-06-15|95.77|96.54|93.26|94.83|3255133
VIK|2026-06-16|95.84|96.35|93.97|94.04|3257784
VIK|2026-06-17|94.53|97.2|94.53|94.71|3110156
VIK|2026-06-18|97|99|96.99|97.17|2621172
VIK|2026-06-22|97|100.37|95.92|100.05|4930838
VIK|2026-06-23|96.1|101.34|95.3803|101.15|3382635
VIK|2026-06-24|102.42|104.79|101.39|103.05|2791171
VIK|2026-06-25|103.33|105.21|101.88|102.9|2621966
VIK|2026-06-26|103.1|105.53|101.83|103.26|3741343
VIK|2026-06-29|103.15|105.7599|102.69|104.95|2362185
VIK|2026-06-30|103.88|105.19|102.79|104.67|1840638
VIK|2026-07-01|103.72|105.005|101.66|102|2567070
VIK|2026-07-02|102.68|103.82|98.66|100.69|4246981
VIK|2026-07-06|100.7|101.43|99.11|100.55|2469132
VIK|2026-07-07|100.03|100.31|97.88|100.01|1764627
VIK|2026-07-08|98.62|99.09|96.63|97.97|2742663
VIK|2026-07-09|99.49|102.39|98.6|101.21|2132878
VIK|2026-07-10|100.99|101.56|98.44|99.14|1374523
VIK|2026-07-13|98.49|100.085|97.67|98.19|1191470
VIK|2026-07-14|98.62|99.56|97.32|97.65|1279258
VIK|2026-07-15|98.2|100.26|97.645|98.19|1857631
VIK|2026-07-16|97.91|98.76|96.3|98.07|1252625
VIK|2026-07-17|95.92|97.71|95.26|97.04|2037392
VIK|2026-07-20|97.71|98.44|96.44|96.9|1279804
VIK|2026-07-21|98.57|99.45|96.99|99.27|1604607
VIK|2026-07-22|98.68|100.68|98.17|100.35|2247023
VIK|2026-07-23|98.31|100.33|96.7994|99.71|2499492
VIK|2026-07-24|100.72|102.35|99.99|100.71|1579005
VIK|2026-07-27|102.7|105|99.55|103.14|2565961
VIK|2026-07-28|102.26|105.15|100.99|104.54|2838256
VIK|2026-07-29|102.46|104.63|101.8|102.66|1528890
VIK|2026-07-30|103.46|104.49|101.29|104.45|1359297
VIK|2026-07-31|105.46|105.86|103.27|104.35|2027719
VIK|2026-08-03|106.55|107.06|104.4|106.47|2269069
VIK|2026-08-04|107.62|109.3199|107.5|107.52|1899479
VIK|2026-08-05|107.93|110.09|107.89|108.26|1908362
VIK|2026-08-06|108|108.6|105.87|106.19|2886383
VIK|2026-08-07|106.12|106.89|104.73|105.79|1100163
VIK|2026-08-10|104.89|105.25|102.79|103.8|1908741
VIK|2026-08-11|104.16|105.43|101.29|101.55|2870087
VIK|2026-08-12|102.9|104.73|101.9|104.19|2046829
VIK|2026-08-13|106.25|106.81|104.34|106.11|1825202
VIK|2026-08-14|105.98|107.75|97.26|97.99|5260960
VIK|2026-08-17|97.61|101.2355|97.6|99.86|2970799
VIK|2026-08-18|98.47|99.49|97.46|98.29|4035855
VIK|2026-08-19|98.77|100.48|90.66|90.77|5404520
VIK|2026-08-20|89.5|91.62|86.85|90.53|9190079
VIK|2026-08-21|91|93.15|90.61|92.79|5658033
VOYG|2026-06-01|47.69|48.49|44.09|47.49|2639786
VOYG|2026-06-02|47.98|51.9499|47.66|49.95|2014990
VOYG|2026-06-03|48.29|48.97|44.85|44.96|2086324
VOYG|2026-06-04|44.6|49.115|43.16|47.7|2465905
VOYG|2026-06-05|47.2|47.43|41.32|41.55|2248538
VOYG|2026-06-08|43.97|44.43|41.99|42.42|1580886
VOYG|2026-06-09|43.02|44.43|36.29|39.47|3577308
VOYG|2026-06-10|39.405|42.36|38.74|41.28|2233575
VOYG|2026-06-11|43.4|49.71|42.76|47.87|5675168
VOYG|2026-06-12|46.2|46.2|40.45|41.15|3788912
VOYG|2026-06-15|42.16|42.62|39.828|40.31|2798073
VOYG|2026-06-16|39.2|40.11|37.04|37.85|3440263
VOYG|2026-06-17|38.51|40.47|38.03|38.54|2242528
VOYG|2026-06-18|39.16|39.5919|35.16|37.57|6368759
VOYG|2026-06-22|37.31|37.31|32.725|34.57|2763007
VOYG|2026-06-23|33.89|34.68|33.25|33.6|2081971
VOYG|2026-06-24|33.15|33.15|30.16|30.36|2569924
VOYG|2026-06-25|30.69|30.9|28.5|29.32|2102456
VOYG|2026-06-26|28.85|30.035|28.48|29.26|2962133
VOYG|2026-06-29|30.24|31|28.78|30.18|2967647
VOYG|2026-06-30|30.09|32.67|30.09|32.25|1797337
VOYG|2026-07-01|32.25|36.15|32.25|33.81|2627994
VOYG|2026-07-02|33.8|36.92|33.25|34.22|1637062
VOYG|2026-07-06|33.98|35|33.35|33.9|1139789
VOYG|2026-07-07|33|33.45|30.9601|31.89|1239858
VOYG|2026-07-08|31.32|34.18|31.31|34.09|1663954
VOYG|2026-07-09|34.75|34.9656|32.46|32.64|1117591
VOYG|2026-07-10|32.7|32.7|30.69|31.16|963356
VOYG|2026-07-13|30.84|31.265|29.14|29.66|1350910
VOYG|2026-07-14|30.03|31.38|29.53|29.78|1773394
VOYG|2026-07-15|29.51|30.65|26|26.6|3980406
VOYG|2026-07-16|26.06|26.3|24.9|25.03|2185729
VOYG|2026-07-17|24.55|26.28|23.79|25.9|1481257
VOYG|2026-07-20|26|26.3999|24.65|24.96|1517645
VOYG|2026-07-21|25.22|27.255|25|26.94|1309014
VOYG|2026-07-22|26.75|27.37|26.26|26.39|812675
VOYG|2026-07-23|25.9|27.51|25.86|26.38|924433
VOYG|2026-07-24|26.5|26.68|25.07|25.24|942929
VOYG|2026-07-27|25.5|27|25.49|26.25|1109889
VOYG|2026-07-28|25.6|26.3644|24.66|25.65|959174
VOYG|2026-07-29|25.63|25.7|22.58|22.62|1289144
VOYG|2026-07-30|22.81|24.04|22.31|23.97|1234552
VOYG|2026-07-31|24.12|24.75|23.07|24.53|895423
VOYG|2026-08-03|24.5|28.29|24.0547|28.01|1827461
VOYG|2026-08-04|33.99|35.98|32.9|33.49|4670526
VOYG|2026-08-05|32.54|35.39|31.76|34.73|2064372
VOYG|2026-08-06|34.505|38.77|34.22|38.31|2241562
VOYG|2026-08-07|38.94|42.01|38.43|41.85|1937324
VOYG|2026-08-10|42.98|43.58|41.5|43|2078261
VOYG|2026-08-11|42.63|44.29|40.8652|42.9|1684969
VOYG|2026-08-12|43.67|44.25|42.2875|43|1672211
VOYG|2026-08-13|42.99|45.33|42.4483|44.28|1356595
VOYG|2026-08-14|44.49|45.4|42.02|42.98|1710082
VOYG|2026-08-17|42.12|44.14|41.6302|43.98|1646707
VOYG|2026-08-18|41.83|43.4899|41.53|42.24|1925889
VOYG|2026-08-19|41.93|41.93|38.35|38.85|1651426
VOYG|2026-08-20|38.25|38.35|35.86|37.92|1908668
VOYG|2026-08-21|38.84|40.4099|38.245|38.4|1485018
WDFC|2026-06-01|198.67|199.97|195.434|196.85|130385
WDFC|2026-06-02|196.85|199.77|192.88|199.26|135677
WDFC|2026-06-03|198.23|200.9375|196.345|198.55|159091
WDFC|2026-06-04|201.01|203.62|199.7|203.04|93848
WDFC|2026-06-05|200.45|207.13|200.45|203.39|146915
WDFC|2026-06-08|203.43|207.05|203.251|205.55|103488
WDFC|2026-06-09|205.84|214.61|205.84|213.82|239397
WDFC|2026-06-10|214.97|223.45|212.975|222.48|247744
WDFC|2026-06-11|222.48|226.7|222.48|224.12|132372
WDFC|2026-06-12|223.44|226.61|218.745|223.01|175132
WDFC|2026-06-15|221.58|227.21|221.58|226.34|132246
WDFC|2026-06-16|227.33|231|223.065|227.64|104610
WDFC|2026-06-17|226.19|226.3|221.31|225.75|130724
WDFC|2026-06-18|226.89|230.99|225.59|227.21|337856
WDFC|2026-06-22|226.9|226.9|222.79|223.11|136786
WDFC|2026-06-23|224.07|230.015|223.905|227.19|129383
WDFC|2026-06-24|229.72|245.02|228|244.08|277821
WDFC|2026-06-25|243.71|247.38|242.735|246.06|110339
WDFC|2026-06-26|247.61|249.42|245.92|248.33|308012
WDFC|2026-06-29|245.84|246.63|240.88|245.42|214724
WDFC|2026-06-30|243.85|246.93|241.74|243.64|109949
WDFC|2026-07-01|243.64|245.155|240.87|241.43|129690
WDFC|2026-07-02|242.94|247.2|242.38|245.83|129708
WDFC|2026-07-06|245.03|248.15|241.25|246.45|113429
WDFC|2026-07-07|248.35|252.53|246.415|249.65|141550
WDFC|2026-07-08|249.27|250.24|242.865|246.59|120495
WDFC|2026-07-09|244.45|247.3387|238.67|239.42|290011
WDFC|2026-07-10|292.093|298.899|261.4898|264.91|1165116
WDFC|2026-07-13|266.31|267.39|248.37|251.43|281604
WDFC|2026-07-14|252|252|246|249.12|138615
WDFC|2026-07-15|248.74|251.5|246.52|249.4|134726
WDFC|2026-07-16|248.49|258.5|248.49|256.36|143746
WDFC|2026-07-17|254.79|259.77|246.61|246.79|162136
WDFC|2026-07-20|246.35|247.315|238.08|239.59|151326
WDFC|2026-07-21|236.8|239.8|234.01|237.72|170768
WDFC|2026-07-22|239.13|239.13|233.24|237.12|111405
WDFC|2026-07-23|232.52|236.68|230.5505|232.61|109675
WDFC|2026-07-24|232.79|234.99|229.67|231.33|92600
WDFC|2026-07-27|232.45|234.8|231.1|233.55|105413
WDFC|2026-07-28|238.67|241.99|228.91|229.34|108453
WDFC|2026-07-29|225.36|228.31|219.0001|222.4|222799
WDFC|2026-07-30|222.64|229.81|222|227.76|128147
WDFC|2026-07-31|226.64|228.02|225.5326|227.14|111506
WDFC|2026-08-03|227.69|233.31|226.5|227.29|100664
WDFC|2026-08-04|227.31|236.01|227|236|223813
WDFC|2026-08-05|236.01|237.2199|232.72|234.8|105713
WDFC|2026-08-06|235.21|236|229.92|231.2|75965
WDFC|2026-08-07|233.31|236.99|229.56|234.93|107915
WDFC|2026-08-10|232.12|236.99|231.9325|234.51|84195
WDFC|2026-08-11|234.52|238.446|232.61|233.11|67473
WDFC|2026-08-12|233.64|234.15|231.845|232.5|84274
WDFC|2026-08-13|234.92|235.9981|230.03|230.1|70247
WDFC|2026-08-14|229.62|231.72|227.62|229.24|89859
WDFC|2026-08-17|227.18|230.965|226.96|229.01|86037
WDFC|2026-08-18|230.96|232.81|229.8|230.01|98892
WDFC|2026-08-19|230.36|232.22|222.68|223.23|77067
WDFC|2026-08-20|220.01|225.4099|211.92|211.92|96171
WDFC|2026-08-21|213.16|217.205|210.11|217.08|134764
WEST|2026-06-01|7.92|8.5|7.88|8.5|652175
WEST|2026-06-02|8.54|8.54|7.84|7.97|687016
WEST|2026-06-03|7.97|8.17|7.88|7.9|420380
WEST|2026-06-04|7.96|8.05|7.38|7.51|495902
WEST|2026-06-05|7.46|7.685|7.26|7.54|340500
WEST|2026-06-08|7.53|7.675|7.475|7.54|284735
WEST|2026-06-09|7.56|8.035|7.56|7.98|395074
WEST|2026-06-10|7.96|9.13|7.96|8.93|1258717
WEST|2026-06-11|8.97|9.805|8.97|9.49|1472751
WEST|2026-06-12|9.48|9.77|9.31|9.5|909785
WEST|2026-06-15|9.62|9.62|8.76|8.81|684248
WEST|2026-06-16|8.83|9.21|8.75|9.19|862310
WEST|2026-06-17|9.17|9.35|8.7|8.73|931331
WEST|2026-06-18|8.86|9.16|8.535|9.03|799811
WEST|2026-06-22|9.1|9.24|8.7701|9.05|795178
WEST|2026-06-23|8.99|9.35|8.945|9.08|731469
WEST|2026-06-24|9.08|9.75|9.055|9.68|841680
WEST|2026-06-25|9.66|9.97|9.535|9.73|1223644
WEST|2026-06-26|9.83|10.19|9.21|9.39|2255147
WEST|2026-06-29|9.39|9.47|8.17|8.19|1281375
WEST|2026-06-30|8.1|8.2|7.72|8.11|1012415
WEST|2026-07-01|8.08|8.16|7.44|7.54|956253
WEST|2026-07-02|7.11|7.72|7.05|7.06|684828
WEST|2026-07-06|7.2|7.24|6.98|6.99|732630
WEST|2026-07-07|6.99|7.285|6.94|7.21|614867
WEST|2026-07-08|6.82|7.2|6.812|7.16|576377
WEST|2026-07-09|7.15|7.27|7.01|7.16|398676
WEST|2026-07-10|7.1|7.59|7.08|7.43|468281
WEST|2026-07-13|7.48|7.72|7.26|7.43|546290
WEST|2026-07-14|7.51|7.76|7.14|7.15|342356
WEST|2026-07-15|7.12|7.31|6.86|7.19|577091
WEST|2026-07-16|7.23|7.72|7.15|7.66|505089
WEST|2026-07-17|7.66|7.925|7.6|7.68|413843
WEST|2026-07-20|7.72|7.835|7.26|7.29|339594
WEST|2026-07-21|7.29|7.75|7.29|7.71|335136
WEST|2026-07-22|7.79|7.94|7.65|7.74|366675
WEST|2026-07-23|7.58|7.7415|7.25|7.56|481328
WEST|2026-07-24|7.56|7.68|7.3201|7.6|425259
WEST|2026-07-27|7.82|7.94|7.645|7.88|324697
WEST|2026-07-28|7.98|8.3899|7.655|8.23|458023
WEST|2026-07-29|8.15|8.45|8.0973|8.18|346811
WEST|2026-07-30|8.1|8.205|7.98|8.17|289407
WEST|2026-07-31|8.13|8.19|7.89|8.12|377232
WEST|2026-08-03|8.19|8.36|8.08|8.27|394028
WEST|2026-08-04|8.27|8.3475|7.97|7.98|379212
WEST|2026-08-05|8|8.3|7.88|8.19|341619
WEST|2026-08-06|8.3|8.33|7.95|8.09|368662
WEST|2026-08-07|7|8.23|6.52|8.23|943766
WEST|2026-08-10|8.06|8.47|8.005|8.16|763391
WEST|2026-08-11|8.16|8.41|8.16|8.265|325908
WEST|2026-08-12|8.4|8.43|8.16|8.27|311260
WEST|2026-08-13|8.26|8.64|8.2284|8.4|475450
WEST|2026-08-14|8.39|8.52|8.32|8.43|208745
WEST|2026-08-17|8.31|8.35|8.2|8.3|251912
WEST|2026-08-18|8.35|8.355|8.2|8.24|241784
WEST|2026-08-19|8.435|8.6562|8.26|8.55|518243
WEST|2026-08-20|8.44|8.67|8.2|8.29|627583
WEST|2026-08-21|8.35|8.355|8.02|8.32|317600
WKC|2026-06-01|28.87|29.44|28.65|29.26|733173
WKC|2026-06-02|29.18|29.53|28.76|28.81|592718
WKC|2026-06-03|28.81|29.46|28.76|29.2|539467
WKC|2026-06-04|29.07|29.88|29.07|29.73|593218
WKC|2026-06-05|29.72|30.02|29.22|29.83|602029
WKC|2026-06-08|29.98|30.46|29.82|30.15|856963
WKC|2026-06-09|30.07|31.205|29.94|31.13|943918
WKC|2026-06-10|31.16|31.885|30.94|31.45|942899
WKC|2026-06-11|31.73|31.882|30.965|31.44|846993
WKC|2026-06-12|31.42|32.24|31.42|31.72|511805
WKC|2026-06-15|30.98|31.34|30.61|31.27|940226
WKC|2026-06-16|31.08|31.47|30.9645|31.37|1252745
WKC|2026-06-17|31.16|31.97|30.73|31.26|867659
WKC|2026-06-18|31.34|31.41|30.78|31.12|3634950
WKC|2026-06-22|31.19|32.06|31.19|31.68|1544125
WKC|2026-06-23|31.71|31.96|31.465|31.94|1115839
WKC|2026-06-24|31.75|32.04|31.34|31.6|1088175
WKC|2026-06-25|31.76|32.42|31.38|32.19|736094
WKC|2026-06-26|32.24|33.72|32.04|33.72|2267642
WKC|2026-06-29|33.23|33.95|32.875|33.6|889848
WKC|2026-06-30|33.22|33.605|32.93|32.94|752654
WKC|2026-07-01|33.06|33.54|33.001|33.35|958274
WKC|2026-07-02|33.5|33.62|32.905|33.21|716413
WKC|2026-07-06|33.09|33.78|33.09|33.17|825097
WKC|2026-07-07|33.41|33.53|32.77|33.12|810678
WKC|2026-07-08|33.14|33.87|33.11|33.78|1136233
WKC|2026-07-09|33.75|34.92|33.6|34.4|987776
WKC|2026-07-10|34.71|35.34|34.576|35.32|1014149
WKC|2026-07-13|35.68|36.32|35.55|35.95|959123
WKC|2026-07-14|36.29|36.89|36.07|36.4|951096
WKC|2026-07-15|36.57|37.03|36.4401|36.9|1017792
WKC|2026-07-16|36.94|37.88|36.925|36.95|2712416
WKC|2026-07-17|37.02|37.265|36.475|36.5|1092646
WKC|2026-07-20|36.75|36.95|35.23|35.7|1089196
WKC|2026-07-21|36.14|36.59|35.73|36.47|702224
WKC|2026-07-22|36.63|36.63|35.79|36.29|1186309
WKC|2026-07-23|36.51|36.89|36.23|36.27|1432767
WKC|2026-07-24|39.995|41.2|37.81|38.14|4378234
WKC|2026-07-27|38.08|39.9|37.32|39.79|1874583
WKC|2026-07-28|39.845|40.85|39.35|40.05|2817786
WKC|2026-07-29|40.16|40.31|39.21|40.25|1515934
WKC|2026-07-30|39.96|40.21|39.51|39.73|853809
WKC|2026-07-31|39.43|40|39.06|39.86|1184482
WKC|2026-08-03|39.23|39.93|38.93|39.06|1025099
WKC|2026-08-04|38.75|39.39|38.41|39.1|1277266
WKC|2026-08-05|39.51|39.515|38.44|38.46|1592485
WKC|2026-08-06|38.66|38.66|37|37.23|1386206
WKC|2026-08-07|36.9|37.005|36.105|36.43|1031873
WKC|2026-08-10|36.65|37.64|36.65|37.03|1201001
WKC|2026-08-11|37.1|37.66|36.78|36.84|754109
WKC|2026-08-12|36.67|37.25|36.6|36.94|919861
WKC|2026-08-13|36.94|37.43|36.92|37.12|578880
WKC|2026-08-14|37.27|37.28|36.08|36.11|885314
WKC|2026-08-17|36.11|36.115|35.6|35.64|877014
WKC|2026-08-18|36.03|36.345|35.52|36.16|887008
WKC|2026-08-19|36.59|36.9|36.15|36.49|864624
WKC|2026-08-20|36.74|36.887|35.88|35.92|552670
WKC|2026-08-21|36.03|36.34|35.33|35.95|943217
WLDN|2026-06-01|90.46|95.64|89.495|94.25|252153
WLDN|2026-06-02|94.18|96.28|93.26|95.72|288380
WLDN|2026-06-03|95.16|97.93|92.295|96.94|433679
WLDN|2026-06-04|96.25|101|96.21|97.9|276782
WLDN|2026-06-05|97.5|100|95.3501|97.21|274925
WLDN|2026-06-08|97.6|100.5|96.19|98.51|167769
WLDN|2026-06-09|99.11|101.75|95.98|98.82|443592
WLDN|2026-06-10|98.62|101.2399|96.26|96.73|279625
WLDN|2026-06-11|96.86|99.185|95.74|97.48|250275
WLDN|2026-06-12|98.68|100.99|96.2|96.3|315742
WLDN|2026-06-15|98|98.5|94.0916|95.51|353595
WLDN|2026-06-16|95.63|97.08|92.39|93.99|250719
WLDN|2026-06-17|93.96|97.14|92.32|92.68|246629
WLDN|2026-06-18|93.41|94.91|88.32|89|646644
WLDN|2026-06-22|87.55|89|82.25|83|489611
WLDN|2026-06-23|80.365|84.52|80.365|82.29|396337
WLDN|2026-06-24|82.29|82.8875|80.22|80.73|262367
WLDN|2026-06-25|80.17|82.19|78.555|78.93|239137
WLDN|2026-06-26|78.62|81.73|78|81.32|764788
WLDN|2026-06-29|81|82.99|78.26|79.22|466991
WLDN|2026-06-30|79.22|79.755|75.849258|79.1|340480
WLDN|2026-07-01|79.59|79.59|77.915|78.06|419107
WLDN|2026-07-02|78.12|79.49|75.8001|76.3|225209
WLDN|2026-07-06|76.3|79.345|76.25|78.91|400939
WLDN|2026-07-07|79.02|79.02|76.2501|76.89|236337
WLDN|2026-07-08|75.92|77.15|74.495|75.29|334031
WLDN|2026-07-09|75.62|75.945|73.64|73.77|283885
WLDN|2026-07-10|73.87|74.02|71.35|72.08|302626
WLDN|2026-07-13|72.08|73.08|70.81|71.31|213080
WLDN|2026-07-14|72.12|77.205|71.95|72.62|445656
WLDN|2026-07-15|73.55|75.8|72.7|72.8|530000
WLDN|2026-07-16|73.24|75.41|72.32|74.98|308713
WLDN|2026-07-17|73.63|75.05|72.63|72.7|168549
WLDN|2026-07-20|73.07|73.75|71.73|72.65|245350
WLDN|2026-07-21|73|74.67|72.4703|72.84|188581
WLDN|2026-07-22|72.64|74.98|72.41|74.52|202480
WLDN|2026-07-23|73.82|74.76|72.63|73.35|126184
WLDN|2026-07-24|73.88|74.11|72.13|72.63|181691
WLDN|2026-07-27|73.15|74.32|70.79|71.86|191881
WLDN|2026-07-28|71.99|72|69.5186|70.02|197305
WLDN|2026-07-29|69.7|70|67.18|67.71|230959
WLDN|2026-07-30|68.55|71.62|68.0327|70.35|197828
WLDN|2026-07-31|70.03|73.19|68.41|68.53|356375
WLDN|2026-08-03|68.53|73.6|68.2628|73.59|388265
WLDN|2026-08-04|74.79|77.87|74.79|76.54|280738
WLDN|2026-08-05|75.7|77|74.11|74.13|216841
WLDN|2026-08-06|74.09|75.7|72.81|73.69|330776
WLDN|2026-08-07|85.965|88.72|79.15|86.24|663575
WLDN|2026-08-10|85.42|86.67|81.29|82.31|511899
WLDN|2026-08-11|82.87|84.76|82.3|83.96|257011
WLDN|2026-08-12|84.99|85.2699|83.67|84.93|162260
WLDN|2026-08-13|85.26|86|82.87|84.72|172576
WLDN|2026-08-14|85.77|87.335|85.24|86.4|194391
WLDN|2026-08-17|85.76|86.33|83.44|83.47|260290
WLDN|2026-08-18|82.96|85.01|82.37|84.54|239048
WLDN|2026-08-19|84.66|85.99|81.49|84.845|213626
WLDN|2026-08-20|84.45|85.96|84.325|85.58|162232
WLDN|2026-08-21|86.84|87.0141|82.969|85.56|359262
WULF|2026-06-01|24.55|26.275|23.94|25.66|25971644
WULF|2026-06-02|26.31|27.465|26.04|26.49|24475683
WULF|2026-06-03|27.385|27.43|25.735|26.16|24343434
WULF|2026-06-04|25.41|26.57|24.75|26.19|22460157
WULF|2026-06-05|25.21|25.21|22.99|24|26683525
WULF|2026-06-08|24.9|26.196405|24.32|25.86|23074029
WULF|2026-06-09|26.9358|27.78|24.095|25.3|34382704
WULF|2026-06-10|24.925|25.6|23.06|23.19|27804369
WULF|2026-06-11|23.29|25.41|23.24|25.35|29689759
WULF|2026-06-12|25.5|26.6|25.35|26.06|21562519
WULF|2026-06-15|27.635|28.445|27.03|28.17|30908173
WULF|2026-06-16|27.95|29.3|27.8|28.01|23538080
WULF|2026-06-17|28.02|29|27.4|27.86|28178735
WULF|2026-06-18|29.045|29.67|28.09|28.98|30503408
WULF|2026-06-22|29.79|29.84|28.03|28.31|20343026
WULF|2026-06-23|26.75|29.42|26.49|28.78|24448414
WULF|2026-06-24|28.745|28.84|25.9|26.97|31575477
WULF|2026-06-25|27.87|28.01|25.35005|26.06|18463745
WULF|2026-06-26|25.2|26.845|24.435|25.83|66261532
WULF|2026-06-29|26.57|26.76|23.92|25.58|25604693
WULF|2026-06-30|24.82|25.54|24.035|24.7|25528087
WULF|2026-07-01|23.785|23.9|22.235|23.58|30455811
WULF|2026-07-02|23.49|23.53|20.6|21.18|33817626
WULF|2026-07-06|24.15|25.15|22.01|22.21|74345096
WULF|2026-07-07|21.64|21.89|19.09|20.24|51072497
WULF|2026-07-08|21.06|22.9|20.85|22.83|42402191
WULF|2026-07-09|23.84|24.575|23.015|23.2|50643851
WULF|2026-07-10|23.39|23.6499|21.82|21.97|30693860
WULF|2026-07-13|21.5|21.89|20.14|20.89|24967828
WULF|2026-07-14|20.92|20.96|18.62|19.41|56833276
WULF|2026-07-15|19.6|20.18|18.65|19.37|30637202
WULF|2026-07-16|18.66|18.84|17.7|17.98|36393314
WULF|2026-07-17|17.24|18.3097|16.545|18.16|36946353
WULF|2026-07-20|18.79|19.745|18.73|18.86|35765109
WULF|2026-07-21|19.425|20.55|19.36|19.87|31493315
WULF|2026-07-22|19.265|20.65|19.23|19.49|22914290
WULF|2026-07-23|19.36|20.66|19.36|20.05|28161285
WULF|2026-07-24|19.8|20.11|18.39|18.46|22489286
WULF|2026-07-27|18.68|19.04|17.33|17.98|21662235
WULF|2026-07-28|17.33|17.36|16.105|17.09|41151290
WULF|2026-07-29|17.12|17.12|14.81|15.09|46118186
WULF|2026-07-30|16.455|18.225|16.3801|17.82|43592151
WULF|2026-07-31|18.55|18.96|17.5|17.66|30420590
WULF|2026-08-03|17.36|19.1|17.12|18.83|40353916
WULF|2026-08-04|18.95|19.66|18.56|18.88|25637209
WULF|2026-08-05|18.5|19.44|18.05|18.07|28200154
WULF|2026-08-06|17.3|18.455|17.16|17.615|23205775
WULF|2026-08-07|18.52|18.73|16.73|17.08|39834063
WULF|2026-08-10|17.04|17.05|16.0071|16.2|39205774
WULF|2026-08-11|16.925|17.5|16.63|16.75|23459434
WULF|2026-08-12|18.2|18.38|16.865|17.19|35070746
WULF|2026-08-13|16.94|17.45|16.18|16.31|25512778
WULF|2026-08-14|16.43|17.5|16.28|17.38|31111181
WULF|2026-08-17|17.4|17.89|17.245|17.6|23783596
WULF|2026-08-18|17.102|17.59|15.355|15.62|48327163
WULF|2026-08-19|16.055|16.06|14.745|15.5|34218309
WULF|2026-08-20|15.725|16.485|15.53|16.45|32245064
WULF|2026-08-21|16.8|17.49|15.3|15.64|44767107
ZBRA|2026-06-01|244.39|251.97|243.19|249.96|1135667
ZBRA|2026-06-02|250.78|255.68|248.42|254.44|922982
ZBRA|2026-06-03|252|252.26|245.65|249.3|1005735
ZBRA|2026-06-04|250.17|252.37|245.37|245.48|761161
ZBRA|2026-06-05|242.31|243.62|228.97|232.11|1147759
ZBRA|2026-06-08|231.9|236.87|229.27|233.04|1010401
ZBRA|2026-06-09|233.25|239.56|222.7658|234.2|947329
ZBRA|2026-06-10|230.07|233.075|214.31|216.79|907857
ZBRA|2026-06-11|215.97|222.64|211.86|222.44|887982
ZBRA|2026-06-12|222.75|228.77|220.71|228.42|584219
ZBRA|2026-06-15|234.43|240.79|232.21|240.05|914295
ZBRA|2026-06-16|241.15|245.6499|236.6|237.39|917025
ZBRA|2026-06-17|237.39|239.165|231.8006|232.98|717890
ZBRA|2026-06-18|236.75|239.491|233.835|235.98|1520895
ZBRA|2026-06-22|236.29|248.7|235.05|245.69|973944
ZBRA|2026-06-23|241.64|244.545|237.68|237.72|620972
ZBRA|2026-06-24|238.62|249.87|237|247.78|970627
ZBRA|2026-06-25|250.67|252.5|242.02|243.39|786660
ZBRA|2026-06-26|240.4|252.84|239.1|251.53|1207688
ZBRA|2026-06-29|252.24|256.04|248.67|255.81|859239
ZBRA|2026-06-30|255|263.57|251.01|263.26|882858
ZBRA|2026-07-01|262.3|274.55|260.205|267.85|939572
ZBRA|2026-07-02|267.86|273.59|265.64|267.18|745284
ZBRA|2026-07-06|268.4|276|265.5|270.29|693573
ZBRA|2026-07-07|268.73|270.485|260.7|264.65|524372
ZBRA|2026-07-08|260.3|264.685|256.475|264.32|373377
ZBRA|2026-07-09|263.59|273.46|262.97|272.65|642098
ZBRA|2026-07-10|273.82|276.98|270.97|272.52|593068
ZBRA|2026-07-13|272.29|276.2025|264.46|266.71|730443
ZBRA|2026-07-14|266.9|270.625|258.505|260.11|444328
ZBRA|2026-07-15|260.11|260.7298|250.32|255.17|629423
ZBRA|2026-07-16|252.39|266.16|252.26|265.04|544880
ZBRA|2026-07-17|259.71|269.4|258.4425|267.4|673630
ZBRA|2026-07-20|267.81|267.96|260.29|264.69|521497
ZBRA|2026-07-21|264|264.635|253.7101|262.4|944724
ZBRA|2026-07-22|260.36|264.585|257.6771|262.75|652704
ZBRA|2026-07-23|262|263.585|254.1|256.95|629895
ZBRA|2026-07-24|258.46|265.62|256.67|259.92|405632
ZBRA|2026-07-27|264.02|268.42|261.93|264.59|568212
ZBRA|2026-07-28|265.15|284.83|263.075|284.4|1253207
ZBRA|2026-07-29|284.38|288.585|280.93|282.98|1078378
ZBRA|2026-07-30|283.08|292.76|276.53|288.57|759167
ZBRA|2026-07-31|289.24|295.765|286.29|293.82|976790
ZBRA|2026-08-03|296.81|300.99|289.19|291.64|1299318
ZBRA|2026-08-04|330.1|369.79|329.4725|368.83|2613696
ZBRA|2026-08-05|366.4|376.697|361.83|368.99|1384813
ZBRA|2026-08-06|367.52|372.3|363.44|364.24|734397
ZBRA|2026-08-07|368.29|383.63|365.495|376.49|733646
ZBRA|2026-08-10|376.79|380.8235|373.38|378.08|564233
ZBRA|2026-08-11|378.08|385.1061|376.26|383.06|577153
ZBRA|2026-08-12|384.23|386.23|374.02|378.37|748351
ZBRA|2026-08-13|381.11|382.53|376.15|379.63|756774
ZBRA|2026-08-14|384.2|384.2|371.105|376.03|572934
ZBRA|2026-08-17|376.36|378.12|369.31|371.26|808961
ZBRA|2026-08-18|368.15|370.545|358.68|366.42|541443
ZBRA|2026-08-19|370.19|371.49|353.9|354.65|714669
ZBRA|2026-08-20|353.87|363.995|350.36|360.52|522570
ZBRA|2026-08-21|361.27|371.28|359.355|368.51|718618
ZS|2026-06-01|144.5|157.7|143.75|155.71|10272812
ZS|2026-06-02|149.06|151.04|140|144.15|8421860
ZS|2026-06-03|141.9|142.47|133.53|134.37|7648127
ZS|2026-06-04|135.69|137.5|132.5|135.26|4338445
ZS|2026-06-05|133.755|137.2099|128.98|130.78|4566564
ZS|2026-06-08|130.8|132.07|127.7365|129.25|3437188
ZS|2026-06-09|128.11|130.1449|120.851|125.84|4753430
ZS|2026-06-10|124|128.83|122.2148|124.73|3886822
ZS|2026-06-11|122|126.35|119.9|126.11|3782319
ZS|2026-06-12|124.68|130|119.5|129.52|4749936
ZS|2026-06-15|129.69|132.8079|127.45|130.42|3487484
ZS|2026-06-16|128.48|128.86|123.61|127.23|3806146
ZS|2026-06-17|126.245|128.11|123.38|124.38|3112834
ZS|2026-06-18|123.34|125.56|119.9|124.85|16563840
ZS|2026-06-22|122.6|129.65|121.72|124.06|3266301
ZS|2026-06-23|124.5|129.42|124.12|126.17|2337806
ZS|2026-06-24|125.45|130.5|124.5|127.27|2278092
ZS|2026-06-25|126.7|126.97|122.15|123.8|2312857
ZS|2026-06-26|125.23|132.54|125.23|132.26|3669938
ZS|2026-06-29|134.49|140.48|133.5|137.6|3235753
ZS|2026-06-30|135.13|142.045|134.5|141.15|2593565
ZS|2026-07-01|144.25|149.58|143.26|146.45|3696701
ZS|2026-07-02|145.1|148.4799|145.0001|147.33|2566417
ZS|2026-07-06|144.11|152.5|143.65|150.42|2073190
ZS|2026-07-07|152.74|155.36|147.42|149.5|2793464
ZS|2026-07-08|146.42|149.01|142.12|143.55|2743913
ZS|2026-07-09|140.95|147.8599|138.64|147.12|2332870
ZS|2026-07-10|147.12|148.7391|138.6|139.27|3626048
ZS|2026-07-13|140.16|143.0999|138.03|141.82|1644803
ZS|2026-07-14|139.57|155.3|139.275|152.09|3607893
ZS|2026-07-15|154.22|156.98|147.2|148.19|2338961
ZS|2026-07-16|150|151.5952|144.66|146.43|2029087
ZS|2026-07-17|145.5|153.3|145.39|149.94|2512540
ZS|2026-07-20|147.33|153.22|146.97|149.82|1601997
ZS|2026-07-21|147.24|151.45|146.7345|148.72|1858452
ZS|2026-07-22|149.97|150.386|141.115|142.26|1926668
ZS|2026-07-23|143.97|144.29|139.2401|139.7|1772835
ZS|2026-07-24|141.93|144|139.81|142.32|1285385
ZS|2026-07-27|145.9|149.45|144|147.3|1958230
ZS|2026-07-28|147.1|154.27|142.75|151.63|2380287
ZS|2026-07-29|151.07|156.54|150.2|153.77|1954348
ZS|2026-07-30|150.6|151.53|143.8541|148.39|2877555
ZS|2026-07-31|148.5|152.505|145.11|151.2|2645818
ZS|2026-08-03|153.74|155.88|151.21|154.46|2663636
ZS|2026-08-04|153.8|163.47|153.74|163.22|2507056
ZS|2026-08-05|164.23|166.93|160.88|161.65|1944680
ZS|2026-08-06|155.75|163|155.54|162.6|1701656
ZS|2026-08-07|167.99|169.775|165|168.68|2073342
ZS|2026-08-10|168.74|177.93|168|176.68|3396390
ZS|2026-08-11|175.45|180.8|172.2834|178.55|2317822
ZS|2026-08-12|174.23|178.86|173.52|177.32|1822866
ZS|2026-08-13|179.1|188.84|177.0201|188.18|2255947
ZS|2026-08-14|190|190.9|183.32|183.6|2217149
ZS|2026-08-17|188.375|190.3|182.805|184.44|2618128
ZS|2026-08-18|185.29|190.97|184.44|185.7|2251362
ZS|2026-08-19|186.7|188.73|181.69|184.6|1494627
ZS|2026-08-20|183.83|184.98|174.6|174.95|2129628
ZS|2026-08-21|175.23|182.01|172.45|181.745|1680172
