src|tag|ticker|alert_date|n_bars|reason|thin_history|open|prior_close|gap_open_pct|adr20_pct|overhead_vol_frac|overhead_vol_frac_60d|overhead_vol_frac_at_prior_close|n_gaps|n_unfilled_gaps|overhead_unfilled_gap_span_adr|inside_unfilled_gap|nearest_overhead_gap_bottom_adr|n_levels|n_qualified|zones_overhead_at_prior_close|zones_cleared|zones_remaining|zones_remaining_in_band|adr_to_next_zone|blue_sky|rmv_15|rmv_tight|base_range_adr|base_gap_max_adr|base_gap_span_adr|base_gap_count_1p0x|tight_v2|label|trailing_high|near_high_frac|open_above_trailing_high|advd20|first_bar|last_prior_bar
prod|cohort|ALMU|2026-04-13|183||0|14.03|10.755|30.451|8.44837|0.821064|0.702583|0.995002|2|0|0|0||21|17|17|2|15|2|0.111785|0|94.9938|0|2.50603|0|0|0|0|IFFY_AT_FIRST_ZONE|25.8828|0.415527|0|7.42401e+06|2025-07-21|2026-04-10
prod|cohort|ANL|2026-04-13|183||0|12.08|11.16|8.24373|12.3843|0.00110265|0.00186479|0.0494905|10|1|0|0||2|2|2|0|2|2|0.00661753|0|62.3119|0|6.07786|0|0|0|0|IFFY_AT_FIRST_ZONE|12.15|0.918519|0|1.54538e+06|2025-07-21|2026-04-10
prod|cohort|BBGI|2026-04-13|182||0|12.39|11.76|5.35714|14.5381|0.26085|0.0199041|0.283519|16|1|0|0||1|0|0|0|0|0||1|100|0|17.2362|3.15446|3.15446|1|0|CLEAR_AIR|26.37|0.445961|0|52770.4|2025-07-21|2026-04-10
prod|cohort|BBOT|2026-04-13|167||0|8.63|8.4|2.7381|5.88385|0.981362|0.946788|0.99408|1|0|0|0||22|20|20|0|20|1|1.18162|0|87.2425|0|1.63143|0|0|0|0|CLEARED_NOTHING|14.87|0.564896|0|1.47741e+06|2025-08-12|2026-04-10
prod|cohort|BJRI|2026-04-13|183||0|37.32|37.4|-0.213904|3.47718|0.335962|0.527893|0.330193|6|1|0|0||11|7|7|0|7|1|1.2715|0|84.1021|0|3.08665|0.369602|0.369602|0|0|CLEARED_NOTHING|45.99|0.81322|0|1.35704e+07|2025-07-21|2026-04-10
prod|cohort|BWET|2026-04-13|183||0|168.31|162.94|3.29569|13.2288|0.012613|0.0154126|0.0249291|62|29|0|0||0|0|0|0|0|0||1|54.7065|0|4.89961|0.41021|0.800238|0|0|CLEAR_AIR|179.9|0.905726|0|1.52309e+07|2025-07-21|2026-04-10
prod|cohort|CRDO|2026-04-13|183||0|123.66|119.57|3.42059|7.45177|0.618306|0.266264|0.668194|20|0|0|0||19|15|15|1|14|5|0.221382|0|74.0552|0|4.15975|0.0543247|0.0543247|0|0|IFFY_AT_FIRST_ZONE|213.8|0.559261|0|5.98231e+08|2025-07-21|2026-04-10
prod|cohort|CRDU|2026-04-13|143||0|6.4625|6.0075|7.57387|14.6791|0.484456|0.333731|0.558384|17|1|33.7589|0|19.5148|16|11|11|1|10|2|0.0948728|0|71.0417|0|4.11877|0.127141|0.145157|0|0|IFFY_AT_FIRST_ZONE|91.8|0.0654412|0|6.47422e+06|2025-09-16|2026-04-10
prod|cohort|CRWU|2026-04-13|179||0|78.4|75.2|4.25532|13.8628|0.0328316|0.241248|0.0439139|34|4|0|0||7|6|6|0|6|5|0.184019|0|82.5573|0|5.58377|0.407929|0.669228|0|0|IFFY_AT_FIRST_ZONE|120.4|0.624585|0|7.56982e+06|2025-07-25|2026-04-10
prod|cohort|CWVX|2026-04-13|183||0|33.97|32.66|4.01102|13.9861|0.487232|0.253538|0.520283|31|3|1.08638|0|3.91911|21|13|13|0|13|5|0.371495|0|81.6862|0|5.53451|0.36224|0.603025|0|0|INTO_SUPPLY|147.45|0.221499|0|3.36558e+07|2025-07-21|2026-04-10
prod|cohort|CYD|2026-04-13|183||0|45.74|42.78|6.91912|4.43573|0.136956|0.47007|0.211289|18|4|1.65607|1|2.81433|8|5|5|2|3|1|0.0936466|0|89.0268|0|3.41733|0.597763|0.704527|0|0|IFFY_AT_FIRST_ZONE|56.55|0.756499|0|4.20215e+06|2025-07-21|2026-04-10
prod|cohort|ERAS|2026-04-13|183||0|17.84|17.01|4.87948|7.02548|0.00398445|0.00744255|0.0242902|4|0|0|0||1|1|1|0|1|1|0.287231|0|29.8995|1|3.07023|0.0166284|0.0166284|0|1|INTO_SUPPLY|18.2|0.934615|0|7.68546e+07|2025-07-21|2026-04-10
prod|cohort|FLXS|2026-04-13|183||0|48.4|48.49|-0.185605|4.32851|0.197033|0.402717|0.192652|7|1|0|0||7|6|6|0|6|3|0.0572792|0|75.9928|0|2.58544|0|0|0|0|IFFY_AT_FIRST_ZONE|59.95|0.808841|0|1.38113e+06|2025-07-21|2026-04-10
prod|cohort|GPRE|2026-04-13|183||0|15.5|15.23|1.77282|5.89981|0.0934044|0.31208|0.112865|10|1|0|0||6|6|6|0|6|4|0.153094|0|42.491|0|1.83212|0|0|0|0|IFFY_AT_FIRST_ZONE|17.94|0.848941|0|2.51382e+07|2025-07-21|2026-04-10
prod|cohort|IDYA|2026-04-13|183||0|34.92|30.5|14.4918|4.97794|0.120274|0.143367|0.529537|3|0|0|0||16|14|14|6|8|7|0.19847|0|38.7232|0|1.82682|0.150106|0.150106|0|0|IFFY_AT_FIRST_ZONE|39.28|0.776477|0|2.68572e+07|2025-07-21|2026-04-10
prod|cohort|IVT|2026-04-13|183||0|32.09|32.16|-0.217662|1.8619|0.00584461|0.0186263|0.0047785|4|0|0|0||1|1|1|0|1|1|0.903788|0|74.678|0|3.02361|0|0|0|0|INTO_SUPPLY|32.63|0.985596|0|1.30357e+07|2025-07-21|2026-04-10
prod|cohort|KGEI|2026-04-13|183||0|5.5|5.04|9.12698|6.80995|0.261099|0.0840147|0.407962|9|1|0|0||12|12|12|1|11|6|0.266989|0|73.1064|0|2.3649|0.585741|0.585741|0|0|INTO_SUPPLY|6.4|0.7875|0|1.1584e+06|2025-07-21|2026-04-10
prod|cohort|LABX|2026-04-13|167||0|4.5933|4.4917|2.26195|13.4072|0.578164|0.348324|0.583154|15|5|62.3437|0|2.9823|16|12|12|0|12|0|7.17368|0|65.2661|0|6.1999|0.608285|0.840161|0|0|CLEARED_NOTHING|152.19|0.0295138|0|4.28451e+06|2025-08-12|2026-04-10
prod|cohort|LEG|2026-04-13|183||0|10.74|9.99|7.50751|2.97326|0.39034|0.678721|0.500962|13|4|0.360131|0|0.469736|14|11|11|5|6|1|0.708362|0|62.2488|0|2.11058|0.756038|0.756038|0|0|INTO_SUPPLY|13|0.768462|0|1.09622e+07|2025-07-21|2026-04-10
prod|cohort|LWLG|2026-04-13|183||0|11|10.6|3.77358|11.942|0|0|0.000296135|10|3|0|0||0|0|0|0|0|0||1|55.0456|0|4.38369|0.185842|0.290019|0|0|CLEAR_AIR|10.62|0.998117|1|3.61884e+07|2025-07-21|2026-04-10
prod|cohort|MRVU|2026-04-13|41||0|56.815|55.62|2.14851|9.03731|0|0|0.0188406|9|5|0|0||0|0|0|0|0|0||1|57.2853|0|9.52656|0.450373|1.7315|0|0|CLEAR_AIR|56.57|0.983207|1|1.23165e+06|2026-02-11|2026-04-10
prod|cohort|MVLL|2026-04-13|183||0|14.61|14.2633|2.43071|9.84266|0.176069|0|0.197253|31|9|6.85106|1|2.20116|3|3|3|0|3|0|8.62997|0|55.6248|0|8.59713|0.397707|1.1067|0|0|INTO_SUPPLY|29.599|0.481885|0|7.85267e+06|2025-07-21|2026-04-10
prod|cohort|NETG|2026-04-13|99||0|8.03|7.65|4.96732|11.4178|0.953101|0.952042|0.984218|30|1|0.284889|0|4.53729|13|9|9|0|9|0|3.38523|0|100|0|4.48066|0.180273|0.228585|0|0|CLEARED_NOTHING|15.17|0.504285|0|371669|2025-11-17|2026-04-10
prod|cohort|OPTX|2026-04-13|183||0|10.34|9.35|10.5882|12.1842|0|0|0.00749459|3|2|0|0||1|1|1|1|0|0||1|63.1067|0|2.90223|0|0|0|0|CLEAR_AIR|9.97|0.937813|1|4.52764e+06|2025-07-21|2026-04-10
prod|cohort|RVMD|2026-04-13|183||0|132.26|96.43|37.1565|3.29626|0|0|0.355835|8|7|0|0||10|9|9|9|0|0||1|45.6662|0|2.08408|0.0515386|0.0515386|0|0|CLEAR_AIR|124.49|0.7746|1|1.50264e+08|2025-07-21|2026-04-10
prod|cohort|SCLX|2026-04-13|183||0|6.5|6.8|-4.41176|7.73592|0.998527|0.985577|0.995247|5|0|0|0||26|22|22|0|22|0|2.26436|0|56.114|0|2.22616|0|0|0|0|CLEARED_NOTHING|34.27|0.198424|0|217965|2025-07-21|2026-04-10
prod|cohort|SDRL|2026-04-13|183||0|47.97|47.52|0.94697|3.90282|0.00865617|0.0244945|0.0150558|13|1|0|0||0|0|0|0|0|0||1|38.9378|0|2.80686|0|0|0|0|CLEAR_AIR|48.99|0.969994|0|3.33913e+07|2025-07-21|2026-04-10
prod|cohort|SGML|2026-04-13|183||0|15.38|14.85|3.56902|10.6432|0.0439315|0.0812632|0.0666307|24|3|0|0||4|4|4|2|2|2|0.7453|0|24.2188|1|4.57566|0.368281|0.368281|0|1|INTO_SUPPLY|16.88|0.879739|0|3.2244e+07|2025-07-21|2026-04-10
prod|cohort|SKYQ|2026-04-13|183||0|18.8|12.59|49.3249|27.1877|0|0|0.0333674|10|1|0|0||0|0|0|0|0|0||1|100|0|13.6894|1.25376|1.25376|1|0|CLEAR_AIR|15.35|0.820195|1|639608|2025-07-21|2026-04-10
prod|cohort|STK|2026-04-13|183||0|41.89|41.61|0.672915|3.23387|0.00335257|0.0113738|0.00467464|25|5|0|0||0|0|0|0|0|0||1|53.6317|0|4.49684|0.608498|1.05705|0|0|CLEAR_AIR|42.69|0.974701|0|1.53505e+06|2025-07-21|2026-04-10
prod|cohort|SYRE|2026-04-13|183||0|67|51.29|30.6298|5.71748|0|0|0.0126746|4|1|0|0||1|1|1|1|0|0||1|38.3461|0|3.9443|0.0858416|0.0858416|0|0|CLEAR_AIR|54.39|0.943004|1|3.40435e+07|2025-07-21|2026-04-10
prod|cohort|TBRG|2026-04-13|183||0|19.27|17.98|7.17464|5.01228|0.735576|0.430359|0.838273|8|1|0|0||21|20|20|3|17|6|0.54873|0|31.5931|0|5.16287|0.163533|0.163533|0|0|INTO_SUPPLY|23.99|0.749479|0|2.75314e+06|2025-07-21|2026-04-10
prod|cohort|TLX|2026-04-13|183||0|11.03|10.54|4.64896|3.08821|0.0989559|0|0.166058|62|14|7.72775|0|0.760063|5|5|5|1|4|2|0.146787|0|62.5024|0|6.34857|0.794225|1.58847|0|0|IFFY_AT_FIRST_ZONE|16.94|0.622196|0|1.86482e+06|2025-07-21|2026-04-10
prod|cohort|TNGX|2026-04-13|183||0|21|19.95|5.26316|6.11232|0.0128907|0.0347744|0.0408425|3|0|0|0||2|2|2|0|2|2|0.638835|0|43.6722|0|2.18959|0.0322531|0.0322531|0|0|INTO_SUPPLY|22.2|0.898649|0|5.59615e+07|2025-07-21|2026-04-10
prod|cohort|TRT|2026-04-13|180||0|6.26|6.37|-1.72684|8.7249|0.340193|0.330173|0.295191|12|1|0|0||8|4|4|0|4|1|1.35487|0|58.8494|0|2.56175|0|0|0|0|CLEARED_NOTHING|7.6|0.838158|0|324034|2025-07-21|2026-04-10
prod|cohort|UONE|2026-04-13|183||0|5.5|5.12|7.42188|14.9451|0.968363|0.96501|0.999502|2|0|0|0||25|23|23|0|23|1|1.26524|0|55.7282|0|2.268|0|0|0|0|CLEARED_NOTHING|18.8|0.27234|0|340464|2025-07-21|2026-04-10
prod|cohort|WTIU|2026-04-13|183||0|18.27|17.35|5.30259|7.29457|0.304958|0.462764|0.405635|29|2|1.01432|0|1.0805|4|2|2|1|1|0|5.65761|0|96.3115|0|4.92263|1.35981|1.35981|1|0|LADDER_CLIMBING|25.81|0.67222|0|3.15527e+06|2025-07-21|2026-04-10
prod|cohort|XNDU|2026-04-13|10||1|9.39|8.96|4.79911|18.0773|0.349263|0.349263|0.42391|1|1|0|0||0|0|0|0|0|0||1|||2.87839|0.0289244|0.0289244|0||CLEAR_AIR|12.8|0.7|0|5.98719e+06|2026-03-27|2026-04-10
prod|cohort|AAL|2026-04-14|184||0|12.055|11.225|7.39421|3.76075|0.663476|0.493731|0.860251|18|6|1.06979|0|0.352922|19|15|15|2|13|4|0.319836|0|22.0701|1|3.02556|1.3037|1.50049|1|0|INTO_SUPPLY|16.5|0.680303|0|5.81309e+08|2025-07-21|2026-04-13
prod|cohort|AALG|2026-04-14|184||0|9.87|8.59|14.901|6.68395|0.589558|0.214339|0.697239|34|6|3.59251|0|1.00045|17|13|13|1|12|2|0.197058|0|21.5023|1|3.34138|1.62823|2.0877|1|0|IFFY_AT_FIRST_ZONE|20.43|0.42046|0|510218|2025-07-21|2026-04-13
prod|cohort|AAOX|2026-04-14|14||1|56.17|54.67|2.74374|26.6529|0.00383298|0.00383298|0.0324858|1|1|0|0||0|0|0|0|0|0||1|||4.49228|0.0225545|0.0225545|0||CLEAR_AIR|56.5|0.967611|0|3.6799e+07|2026-03-24|2026-04-13
prod|cohort|ACET|2026-04-14|184||0|6.84|6.35|7.71654|5.37665|0.897446|0.7329|0.988185|6|1|0|0||25|25|25|0|25|4|0.353489|0|66.8429|0|2.43196|0.0819337|0.137083|0|0|INTO_SUPPLY|17.4384|0.364139|0|659887|2025-07-21|2026-04-13
prod|cohort|ALMU|2026-04-14|184||0|16.235|15.35|5.76547|9.01494|0.49279|0.300305|0.656226|3|1|0|0||17|13|13|0|13|4|0.379208|0|100|0|4.00377|1.51616|1.51616|1|0|INTO_SUPPLY|25.8828|0.593058|0|7.8016e+06|2025-07-21|2026-04-13
prod|cohort|ALSN|2026-04-14|184||0|129.72|129.6|0.0925926|2.70169|0.000774853|0.00252541|0.000960817|10|3|0|0||0|0|0|0|0|0||1|29.7788|1|5.35702|0.678545|0.890047|0|1|CLEAR_AIR|130.22|0.995239|0|8.14503e+07|2025-07-21|2026-04-13
prod|cohort|AOSL|2026-04-14|184||0|27.73|27.39|1.24133|4.73102|0.202953|0|0.228177|18|2|0|0||11|8|8|0|8|3|0.160072|0|40.3941|0|6.0709|0.477832|0.833326|0|0|IFFY_AT_FIRST_ZONE|33.01|0.829749|0|5.40216e+06|2025-07-21|2026-04-13
prod|cohort|APLX|2026-04-14|149||0|15.8|14.36|10.0279|15.2435|0.743101|0.593292|0.833959|19|1|0.269217|0|13.8442|17|15|15|0|15|5|0.153625|0|53.4397|0|4.39294|0.907833|1.13437|0|0|IFFY_AT_FIRST_ZONE|60|0.239333|0|2.1608e+07|2025-09-09|2026-04-13
prod|cohort|APPX|2026-04-14|184||0|31.24|29.59|5.57621|12.4224|0.750191|0.5846|0.80031|24|3|2.18772|0|21.8515|20|13|13|0|13|3|0.744702|0|52.2515|0|4.01439|0.608472|0.790506|0|0|INTO_SUPPLY|157.62|0.18773|0|1.55372e+07|2025-07-21|2026-04-13
prod|cohort|ARQQ|2026-04-14|184||0|13.65|13.24|3.09668|7.47419|0.973256|0.833429|0.981009|11|0|0|0||18|18|18|0|18|2|0.617509|0|35.7947|0|2.62737|0.167635|0.197769|0|0|INTO_SUPPLY|62|0.213548|0|2.12257e+06|2025-07-21|2026-04-13
prod|cohort|ASST|2026-04-14|184||0|12.22|11.58|5.52677|7.94333|0.72447|0.264941|0.731881|18|5|12.7561|0|53.3443|14|8|8|0|8|0|6.77879|0|65.1782|0|2.87984|0.459547|0.787688|0|0|CLEARED_NOTHING|252|0.0459524|0|3.2116e+07|2025-07-21|2026-04-13
prod|cohort|ASTN|2026-04-14|45||0|9.13|9.93|-8.05639|18.2263|1|1|0.977771|1|0|0|0||6|6|6|0|6|0|4.34479|0|37.7765|0|4.40132|0|0|0|0|CLEARED_NOTHING|25.06|0.396249|0|1.5474e+07|2026-02-06|2026-04-13
prod|cohort|ASTX|2026-04-14|184||0|54.91|50.63|8.45349|17.423|0.347471|0.384259|0.415467|17|1|0|0||12|12|12|3|9|3|0.813915|0|39.3426|0|2.84418|0|0|0|0|INTO_SUPPLY|114.18|0.443423|0|8.66967e+07|2025-07-21|2026-04-13
prod|cohort|AVNS|2026-04-14|184||0|24.55|14.53|68.9608|3.05511|0|0|0.0495264|3|1|0|0||3|1|1|1|0|0||1|57.5093|0|2.67056|0.0478189|0.0478189|0|0|CLEAR_AIR|15.68|0.926658|1|5.8315e+06|2025-07-21|2026-04-13
prod|cohort|BE|2026-04-14|184||0|202.78|176.67|14.779|9.2733|0|0|0.00170764|19|4|0|0||1|1|1|1|0|0||1|42.3688|0|4.53531|0.406249|0.406249|0|0|CLEAR_AIR|180.9|0.976617|1|1.48114e+09|2025-07-21|2026-04-13
prod|cohort|BEG|2026-04-14|80||0|51.5|39.72|29.6576|16.0909|0|0|0.102529|9|3|0|0||6|6|6|6|0|0||1|45.3612|0|5.40263|0.577266|0.577266|0|0|CLEAR_AIR|50.605|0.784903|1|1.4241e+06|2025-12-16|2026-04-13
prod|cohort|BEX|2026-04-14|102||0|36.02|27.76|29.755|17.2667|0|0|0.0655145|10|2|0|0||6|6|6|6|0|0||1|44.3401|0|5.0481|0.439807|0.439807|0|0|CLEAR_AIR|35.3|0.786402|1|1.90875e+07|2025-11-13|2026-04-13
prod|cohort|BKKT|2026-04-14|184||0|9.24|8.72|5.9633|7.59258|0.892861|0.738463|0.933732|12|1|0|0||20|19|19|0|19|4|0.0285081|0|67.6063|0|3.16429|0.37976|0.602853|0|0|IFFY_AT_FIRST_ZONE|49.79|0.175136|0|8.50471e+06|2025-07-21|2026-04-13
prod|cohort|BMM|2026-04-14|54||0|7.85|7.8|0.641026|8.51076|0.0395126|0.0395126|0.0448689|3|2|0|0||1|1|1|0|1|1|1.1675|0|67.6217|0|6.36907|0.282703|0.3959|0|0|CLEARED_NOTHING|8.63|0.903824|0|429731|2026-01-26|2026-04-13
prod|cohort|BNAI|2026-04-14|184||0|54.07|50.95|6.12365|9.46598|0.0515201|0.141652|0.0630593|16|5|0|0||2|1|1|0|1|1|1.1586|0|82.2267|0|4.35193|0|0|0|0|CLEARED_NOTHING|86.28|0.590519|0|1.71128e+07|2025-07-21|2026-04-13
prod|cohort|CHPT|2026-04-14|184||0|5.95|5.43|9.57643|5.70918|0.840698|0.453147|0.91534|8|3|0.706513|0|0.529885|21|19|19|3|16|0|2.10482|0|55.4365|0|3.16589|0.364311|0.364311|0|0|LADDER_CLIMBING|13.592|0.3995|0|2.26978e+06|2025-07-21|2026-04-13
prod|cohort|CIFU|2026-04-14|96||0|23.92|22.07|8.38242|15.6613|0.46613|0.320687|0.549154|8|1|0|0||9|8|8|0|8|2|0.381723|0|40.1715|0|4.78681|0.30886|0.577822|0|0|INTO_SUPPLY|49.89|0.442373|0|2.83855e+06|2025-11-21|2026-04-13
prod|cohort|CLSK|2026-04-14|184||0|11.235|10.76|4.4145|7.53461|0.612776|0.276614|0.660278|19|1|0|0||17|16|16|2|14|1|0.24217|0|60.3505|0|3.68193|0.417499|0.694445|0|0|IFFY_AT_FIRST_ZONE|23.61|0.455739|0|1.698e+08|2025-07-21|2026-04-13
prod|cohort|CLSX|2026-04-14|144||0|14.47|13.22|9.45537|14.5038|0.707216|0.370703|0.736394|22|4|1.0721|0|8.40523|16|16|16|3|13|1|0.3526|0|57.211|0|3.64341|0.456751|0.783013|0|0|INTO_SUPPLY|118.09|0.111949|0|4.82251e+06|2025-09-16|2026-04-13
prod|cohort|COIA|2026-04-14|148||0|11.58|10.6746|8.48182|10.7112|0.651844|0.514396|0.793444|37|7|3.10364|0|5.56294|20|20|20|1|19|5|0|0|40.4288|0|4.94465|0.448228|0.865013|0|0|IFFY_AT_FIRST_ZONE|84.3078|0.126615|0|471354|2025-09-10|2026-04-13
prod|cohort|COIG|2026-04-14|184||0|7.3|6.8|7.35294|10.6943|0.787834|0.507017|0.852901|38|7|2.63678|0|5.43254|26|24|24|2|22|4|0.461005|0|40.0798|0|4.76116|0.393003|0.62261|0|0|INTO_SUPPLY|69.43|0.0979404|0|603964|2025-07-21|2026-04-13
prod|cohort|CONX|2026-04-14|98||0|8.95|8.34|7.31415|10.4862|0.571896|0.519403|0.710829|26|5|2.63609|0|5.47676|14|14|14|1|13|4|0.467762|0|40.7986|0|4.95869|0.438674|1.01425|0|0|INTO_SUPPLY|28.3355|0.29433|0|478064|2025-11-19|2026-04-13
prod|cohort|CRDO|2026-04-14|184||0|154.23|134.36|14.7886|7.6897|0.206304|0.0151401|0.513777|21|1|0|0||15|11|10|3|7|6|0.156832|0|86.5375|0|5.90821|0.108216|0.16086|0|0|IFFY_AT_FIRST_ZONE|213.8|0.628438|0|6.45677e+08|2025-07-21|2026-04-13
prod|cohort|CRDU|2026-04-14|144||0|9.735|7.495|29.8866|15.089|0.26145|0.0608101|0.387536|18|2|21.8018|0|10.375|13|8|8|3|5|0|2.44568|0|81.4828|0|6.21846|0.193056|0.334269|0|0|LADDER_CLIMBING|91.8|0.0816449|0|6.62578e+06|2025-09-16|2026-04-13
prod|cohort|CRMU|2026-04-14|43||0|7.53|6.96|8.18966|13.9259|0.456294|0.456294|0.501969|9|2|0|0||3|3|3|1|2|0|2.50807|0|60.6173|0|3.65166|0.595522|1.82386|0|0|LADDER_CLIMBING|15.25|0.456393|0|218988|2026-02-10|2026-04-13
prod|cohort|CRMX|2026-04-14|62||0|17.53|15.75|11.3016|16.1553|0.68514|0.679718|0.737924|8|3|4.74711|0|18.7252|6|5|5|1|4|0|1.89617|0|62.6436|0|3.1563|0.495246|0.966377|0|0|LADDER_CLIMBING|144.33|0.109125|0|2.71314e+06|2026-01-13|2026-04-13
prod|cohort|CRWU|2026-04-14|180||0|95|87.5|8.57143|14.0958|0.00931585|0.0743501|0.0168186|34|4|0|0||3|2|2|1|1|0|1.8968|0|81.611|0|7.13572|0.401186|0.658166|0|0|LADDER_CLIMBING|120.4|0.726744|0|7.78425e+06|2025-07-25|2026-04-13
prod|cohort|CVNX|2026-04-14|184||0|16.43|15.78|4.11914|10.8271|0.524358|0.289452|0.595696|21|1|0.0393504|0|2.41724|21|16|16|0|16|6|0.118051|0|53.9588|0|3.90497|0.725455|0.758399|0|0|IFFY_AT_FIRST_ZONE|34.99|0.450986|0|711365|2025-07-21|2026-04-13
prod|cohort|CWVX|2026-04-14|184||0|41.2|37.97|8.50672|14.2363|0.384444|0.0742854|0.415111|31|3|0.879995|0|1.94191|16|10|10|2|8|0|1.94191|0|81.3111|0|7.04626|0.355872|0.592426|0|0|LADDER_CLIMBING|147.45|0.257511|0|3.40499e+07|2025-07-21|2026-04-13
prod|cohort|ETHT|2026-04-14|184||0|18.995|17.3|9.79769|5.83824|0.682423|0.230699|0.707095|45|12|14.3737|0|3.45815|16|12|12|1|11|1|0.338151|0|28.8679|1|4.15036|1.12717|4.06537|1|0|INTO_SUPPLY|131.74|0.131319|0|3.13362e+07|2025-07-21|2026-04-13
prod|cohort|ETHU|2026-04-14|184||0|28.43|25.87|9.89563|5.91156|0.714638|0.187825|0.739358|45|12|13.9236|0|3.08808|17|12|12|1|11|1|0.285603|0|29.0016|1|4.14373|1.13123|3.95032|1|0|INTO_SUPPLY|188.73|0.137074|0|1.28544e+08|2025-07-21|2026-04-13
prod|cohort|ETU|2026-04-14|184||0|7.515|6.85|9.70803|5.51556|0.732656|0.170036|0.750696|44|13|15.875|0|3.38967|17|11|11|1|10|1|0.301331|0|29.0532|1|4.37482|1.27338|4.65983|2|0|INTO_SUPPLY|48.9099|0.140053|0|933072|2025-07-21|2026-04-13
prod|cohort|GLXU|2026-04-14|170||0|8.19|7.34|11.5804|14.3387|0.759915|0.373339|0.83104|26|4|2.87455|0|3.98521|22|14|14|2|12|2|0.860056|0|58.0695|0|3.83251|0.321882|0.417349|0|0|INTO_SUPPLY|56.51|0.129889|0|884257|2025-08-08|2026-04-13
prod|cohort|GSAT|2026-04-14|184||0|78.8|72.89|8.10811|7.0858|0|0|0.0614486|12|2|0|0||4|2|2|2|0|0||1|18.257|1|3.5946|0.0877859|0.0877859|0|1|CLEAR_AIR|78.2999|0.930908|1|7.50784e+07|2025-07-21|2026-04-13
prod|cohort|HODU|2026-04-14|98||0|8.24|7.48|10.1604|8.65275|0.732906|0.679886|0.820608|17|3|4.97204|0|3.87104|14|13|13|1|12|1|0.617122|0|39.1808|0|2.68201|0.545948|1.08552|0|0|INTO_SUPPLY|35.58|0.21023|0|572390|2025-11-19|2026-04-13
prod|cohort|HOOG|2026-04-14|184||0|20|18.19|9.95052|9.05359|0.869336|0.711999|0.925993|21|4|4.0231|0|3.58974|26|20|20|0|20|4|0|0|41.0625|0|2.44107|0.512719|0.875839|0|0|IFFY_AT_FIRST_ZONE|132.19|0.137605|0|7.23054e+06|2025-07-21|2026-04-13
prod|cohort|HOOW|2026-04-14|184||0|23.98|22.8|5.17544|5.39947|0.946618|0.801646|0.966684|20|4|2.91946|0|4.68028|25|22|22|1|21|2|0.569898|0|40.3198|0|2.77764|0.503786|0.873271|0|0|INTO_SUPPLY|86.16|0.264624|0|5.10242e+06|2025-07-21|2026-04-13
prod|cohort|HOOX|2026-04-14|184||0|22.64|20.5409|10.2191|8.45404|0.918809|0.771646|0.958892|27|4|4.05189|0|3.93941|28|24|23|0|23|4|0.0208987|0|39.7504|0|2.70421|0.550353|1.0893|0|0|IFFY_AT_FIRST_ZONE|154.38|0.133054|0|1.74708e+06|2025-07-21|2026-04-13
prod|cohort|IMSR|2026-04-14|113||0|7|6.59|6.22155|6.46617|0.760944|0.588033|0.836794|7|0|0|0||14|11|11|2|9|3|0.212977|0|39.5961|0|3.20276|0.170481|0.290366|0|0|IFFY_AT_FIRST_ZONE|21|0.31381|0|7.66797e+06|2025-10-29|2026-04-13
prod|cohort|IONL|2026-04-14|184||0|12.9|11.37|13.4565|12.7658|0.90364|0.809596|0.92164|9|1|0.0303621|0|0.212535|23|22|22|1|21|1|1.45228|0|30.3041|0|3.7644|0.0289912|0.0489068|0|0|LADDER_CLIMBING|148.84|0.0763908|0|4.8258e+06|2025-07-21|2026-04-13
prod|cohort|IONQ|2026-04-14|184||0|31.78|29.76|6.78763|6.48226|0.931412|0.770753|0.959223|5|1|0|0||22|22|22|1|21|2|0.622797|0|31.0023|0|3.46955|0.0568679|0.0810024|0|0|INTO_SUPPLY|84.64|0.351607|0|5.24193e+08|2025-07-21|2026-04-13
prod|cohort|IONX|2026-04-14|184||0|24.85|21.79|14.0431|12.8984|0.903165|0.819126|0.921405|8|1|0.0343186|0|0.230871|26|25|25|1|24|0|1.52556|0|28.5885|1|3.84474|0.0510506|0.0835636|0|1|LADDER_CLIMBING|311.865|0.06987|0|3.06096e+07|2025-07-21|2026-04-13
prod|cohort|IRDM|2026-04-14|184||0|37.63|35.235|6.79722|5.62295|0|0|0.00048373|5|0|0|0||1|1|1|1|0|0||1|27.7886|1|5.35385|0|0|0|1|CLEAR_AIR|35.34|0.997029|1|5.88815e+07|2025-07-21|2026-04-13
prod|cohort|IRE|2026-04-14|119||0|22.26|20.16|10.4167|14.9118|0.643204|0.489594|0.770886|10|1|0.216909|0|15.2378|15|11|11|1|10|3|0.283186|0|60.2444|0|4.24227|0.0355698|0.0691675|0|0|INTO_SUPPLY|124.68|0.161694|0|7.74393e+07|2025-10-21|2026-04-13
prod|cohort|IREG|2026-04-14|80||0|16.52|14.87|11.0962|14.4722|0.343686|0.291988|0.54258|8|0|0|0||9|7|7|0|7|3|0.144302|0|61.9776|0|4.20459|0.0769066|0.119706|0|0|IFFY_AT_FIRST_ZONE|41.595|0.357495|0|1.67588e+06|2025-12-16|2026-04-13
prod|cohort|IREX|2026-04-14|117||0|29.79|26.93|10.6201|14.8207|0.54715|0.422899|0.700371|9|1|0.277774|0|13.7134|15|12|12|1|11|3|0.209599|0|60.1508|0|4.21411|0.0501127|0.0501127|0|0|IFFY_AT_FIRST_ZONE|155.277|0.173432|0|2.03388e+07|2025-10-23|2026-04-13
prod|cohort|LCID|2026-04-14|184||0|9.68|9.24|4.7619|5.55849|0.939016|0.773571|0.973535|11|3|0.858452|0|6.78361|25|17|17|0|17|2|0.520387|0|54.6065|0|4.01533|0|0|0|0|INTO_SUPPLY|33.1|0.279154|0|5.36142e+07|2025-07-21|2026-04-13
prod|cohort|LUNL|2026-04-14|62||0|21.57|19.22|12.2268|21.9139|0.0381457|0.0385612|0.0925436|3|1|0|0||4|4|4|2|2|2|0.966824|0|37.7742|0|3.02611|0.144434|0.144434|0|0|INTO_SUPPLY|26.85|0.715829|0|7.68826e+06|2026-01-13|2026-04-13
prod|cohort|MAKO|2026-04-14|10||1|7.31|7.1|2.95775|6.62004|0|0|0.0159375|0|0|0|0||0|0|0|0|0|0||1|||2.60094|0|0|0||CLEAR_AIR|7.2|0.986111|1|912897|2026-03-30|2026-04-13
prod|cohort|MGTX|2026-04-14|184||0|9.78|9.63|1.55763|5.97175|0.00176131|0.00529609|0.00717563|6|1|0|0||2|2|2|1|1|1|0.171222|0|32.1048|0|4.14438|0.372583|0.372583|0|0|IFFY_AT_FIRST_ZONE|9.88|0.974696|0|4.1543e+06|2025-07-21|2026-04-13
prod|cohort|MRAM|2026-04-14|184||0|11.78|11.11|6.0306|5.7356|0.335581|0.458629|0.457774|14|0|0|0||9|4|4|3|1|0|6.1422|0|55.8434|0|5.52451|0.366948|0.366948|0|0|LADDER_CLIMBING|17.24|0.644432|0|2.46665e+06|2025-07-21|2026-04-13
prod|cohort|MRVU|2026-04-14|42||0|62.43|58.04|7.56375|9.03583|0|0|0.0428452|9|5|0|0||0|0|0|0|0|0||1|50.0296|0|8.94789|0.450447|1.73179|0|0|CLEAR_AIR|60.17|0.9646|1|1.32773e+06|2026-02-11|2026-04-13
prod|cohort|MST|2026-04-14|184||0|23.4|21.8167|7.25728|7.43073|0.896171|0.706537|0.924325|26|6|5.55397|0|9.16729|22|21|21|1|20|1|0.579084|0|30.355|0|3.84965|0.493004|0.752057|0|0|INTO_SUPPLY|551.6|0.0395517|0|1.42285e+06|2025-07-21|2026-04-13
prod|cohort|MSTX|2026-04-14|184||0|23.34|21.52|8.45725|9.77754|0.777544|0.646425|0.889602|24|4|3.07001|0|6.55543|25|23|23|1|22|5|0.0489904|0|40.1045|0|3.34032|0.340002|0.414239|0|0|IFFY_AT_FIRST_ZONE|449.8|0.0478435|0|7.46116e+07|2025-07-21|2026-04-13
prod|cohort|MVLL|2026-04-14|184||0|16|14.8933|7.43086|9.77396|0.127091|0|0.172326|31|9|5.411|1|1.13522|4|3|3|0|3|0|7.04678|0|47.4104|0|8.23282|0.400502|1.11447|0|0|INTO_SUPPLY|29.599|0.503169|0|8.50637e+06|2025-07-21|2026-04-13
prod|cohort|NBIG|2026-04-14|115||0|17.03|15.77|7.98985|15.0187|0.00138034|0|0.00615317|12|1|0|0||1|1|1|0|1|1|0.946171|0|67.8555|0|7.22598|0.173478|0.223757|0|0|INTO_SUPPLY|19.45|0.810797|0|1.44735e+07|2025-10-27|2026-04-13
prod|cohort|NBIL|2026-04-14|129||0|24.205|22.32|8.44534|15.104|0.0166852|0|0.0324138|14|1|0|0||3|3|3|0|3|2|0.217866|0|66.8382|0|7.16145|0.178736|0.196344|0|0|IFFY_AT_FIRST_ZONE|38.58|0.578538|0|2.64855e+07|2025-10-07|2026-04-13
prod|cohort|NEBX|2026-04-14|149||0|25|23.17|7.89814|15.0367|0.0667145|0|0.0977106|16|1|0|0||4|4|4|0|4|2|0.340047|0|69.1238|0|7.1999|0.171283|0.233917|0|0|INTO_SUPPLY|32.8467|0.705398|0|3.82287e+07|2025-09-09|2026-04-13
prod|cohort|NNE|2026-04-14|184||0|23.33|21.87|6.67581|6.98974|0.910651|0.591219|0.932492|10|0|0|0||22|20|20|1|19|2|0.457642|0|58.3028|0|2.36077|0|0|0|0|INTO_SUPPLY|60.87|0.35929|0|3.48901e+07|2025-07-21|2026-04-13
prod|cohort|OCC|2026-04-14|184||0|11.86|11.57|2.50648|12.9144|0.000579355|0.00132797|0.00643412|8|1|0|0||0|0|0|0|0|0||1|55.5035|0|2.72328|0|0|0|0|CLEAR_AIR|11.91|0.971453|0|1.2886e+06|2025-07-21|2026-04-13
prod|cohort|OKLL|2026-04-14|184||0|8.315|6.94|19.8127|14.7577|0.836887|0.672508|0.890763|13|2|0.203813|0|8.11252|22|20|20|0|20|2|0.0285225|0|59.5951|0|3.18679|0.0373855|0.0502191|0|0|IFFY_AT_FIRST_ZONE|169.957|0.040834|0|3.28818e+07|2025-07-21|2026-04-13
prod|cohort|OKLO|2026-04-14|184||0|59.09|53.94|9.54765|7.4449|0.944141|0.729251|0.965473|12|0|0|0||21|17|17|1|16|2|0.328833|0|63.4041|0|2.85708|0.0172981|0.028317|0|0|INTO_SUPPLY|193.84|0.278271|0|3.92665e+08|2025-07-21|2026-04-13
prod|cohort|OMDA|2026-04-14|184||0|12.55|12.12|3.54785|5.95328|0.842622|0.685291|0.87657|6|2|0.160613|0|2.63673|25|23|23|1|22|3|0.334477|0|62.8219|0|3.32742|0|0|0|0|INTO_SUPPLY|26.915|0.450307|0|1.1667e+07|2025-07-21|2026-04-13
prod|cohort|ORCL|2026-04-14|184||0|167.93|155.62|7.91029|4.06506|0.693495|0.171249|0.784818|23|3|1.68023|0|0.561052|23|18|18|3|15|2|0.479018|0|100|0|3.00829|0.146417|0.163541|0|0|INTO_SUPPLY|345.72|0.450133|0|3.19343e+09|2025-07-21|2026-04-13
prod|cohort|ORCU|2026-04-14|98||0|12.15|10.54|15.2751|7.81437|0.368287|0.197167|0.643167|14|2|3.41262|0|1.81032|12|8|8|2|6|2|0.537156|0|96.9416|0|3.06851|0.198891|0.198891|0|0|INTO_SUPPLY|27.615|0.381677|0|5.80204e+06|2025-11-19|2026-04-13
prod|cohort|ORCX|2026-04-14|184||0|34.2|29.53|15.8144|7.98133|0.524625|0.199096|0.729233|23|4|3.69843|0|1.72541|25|15|15|2|13|2|0.445118|0|96.5553|0|2.9424|0.168444|0.168444|0|0|INTO_SUPPLY|181.59|0.162619|0|4.73374e+07|2025-07-21|2026-04-13
prod|cohort|PLU|2026-04-14|66||0|38|35.52|6.98198|20.6395|0.152455|0.159019|0.275037|1|0|0|0||3|2|2|0|2|2|0.63751|0|31.3882|0|2.25919|0|0|0|0|INTO_SUPPLY|44.14|0.804712|0|8.07932e+06|2026-01-07|2026-04-13
prod|cohort|PONY|2026-04-14|184||0|10.48|10.04|4.38247|6.07085|0.928776|0.70085|0.94804|21|5|1.1837|0|0.637825|23|23|23|0|23|0|1.61892|0|28.6614|1|4.97306|0.778582|1.4446|0|1|CLEARED_NOTHING|24.92|0.402889|0|5.21941e+07|2025-07-21|2026-04-13
prod|cohort|PRAX|2026-04-14|184||0|325.95|317|2.82334|5.44544|0.0362414|0.167775|0.0780033|9|3|0|0||8|7|7|2|5|4|0.0895804|0|29.9887|1|2.70685|0.0604768|0.0604768|0|1|IFFY_AT_FIRST_ZONE|356|0.89045|0|1.12269e+08|2025-07-21|2026-04-13
prod|cohort|PSTV|2026-04-14|184||0|6.02|5.41|11.2754|11.7617|0.975606|0.521836|0.982241|7|4|7.83837|0|1.2499|23|14|14|0|14|2|0.234445|0|100|0|5.71682|1.25195|1.25195|1|0|IFFY_AT_FIRST_ZONE|23.425|0.23095|0|1.04324e+06|2025-07-21|2026-04-13
prod|cohort|QBTX|2026-04-14|184||0|8.69|7.97|9.03388|13.3541|0.935151|0.82936|0.94607|12|2|0.550982|0|0.922037|25|20|20|1|19|1|0.0516169|0|38.8587|0|3.87059|0.147558|0.271633|0|0|IFFY_AT_FIRST_ZONE|171.187|0.0465574|0|1.16298e+07|2025-07-21|2026-04-13
prod|cohort|QPUX|2026-04-14|171||0|18.19|16.37|11.1179|11.7111|0.912947|0.801025|0.930367|15|5|1.60544|0|4.62856|19|17|17|1|16|1|1.07968|0|34.4576|0|3.75907|0.174334|0.244456|0|0|LADDER_CLIMBING|268.83|0.0608935|0|1.44372e+06|2025-08-07|2026-04-13
prod|cohort|QUBX|2026-04-14|184||0|9.07|8.33|8.88355|11.2508|0.961657|0.829737|0.978561|11|1|2.07703|0|48.4694|22|19|19|1|18|1|0.636975|0|39.3312|0|3.17522|0.24932|0.527693|0|0|INTO_SUPPLY|195.7|0.0425652|0|840339|2025-07-21|2026-04-13
prod|cohort|RDTL|2026-04-14|184||0|18.42|17.93|2.73285|10.6447|0.788768|0.384375|0.813631|15|2|1.81562|0|9.98592|22|19|19|1|18|4|0.428405|0|55.8785|0|3.47287|0.372397|0.523449|0|0|INTO_SUPPLY|89.84|0.199577|0|7.11998e+06|2025-07-21|2026-04-13
prod|cohort|RDWU|2026-04-14|50||0|12.46|11.36|9.6831|17.4526|0.154876|0.154876|0.330239|1|1|0|0||5|5|5|1|4|4|0.0689785|0|39.7575|0|2.5708|0.169521|0.169521|0|0|IFFY_AT_FIRST_ZONE|29.05|0.39105|0|1.88418e+06|2026-01-30|2026-04-13
prod|cohort|RENT|2026-04-14|184||0|6.76|5.79|16.753|6.63767|0.36116|0.368753|0.530204|4|0|0|0||11|10|10|5|5|1|0.913738|0|88.551|0|3.99511|0.18537|0.18537|0|0|INTO_SUPPLY|10.13|0.57157|0|224873|2025-07-21|2026-04-13
prod|cohort|RGTIW|2026-04-14|184||0|6.5|6.24|4.16667|11.915|0.740992|0.581301|0.776183|12|2|1.02637|0|18.3546|21|19|18|1|17|6|0|0|12.1047|1|3.04402|0|0|0|1|IFFY_AT_FIRST_ZONE|46.78|0.13339|0|590130|2025-07-21|2026-04-13
prod|cohort|RGTU|2026-04-14|184||0|17.72|16.38|8.18071|12.6193|0.932632|0.84256|0.95056|20|5|4.11188|0|3.45239|21|19|19|1|18|1|0.930178|0|28.4423|1|3.50656|0.176986|0.209463|0|1|INTO_SUPPLY|490.05|0.0334252|0|1.29774e+06|2025-07-21|2026-04-13
prod|cohort|RGTX|2026-04-14|184||0|18.1|16.7|8.38323|13.2324|0.932364|0.825938|0.94499|15|3|3.68005|0|10.4798|22|20|20|1|19|2|0.906027|0|29.9847|1|3.42333|0.016082|0.016082|0|1|INTO_SUPPLY|501.8|0.0332802|0|1.30013e+07|2025-07-21|2026-04-13
prod|cohort|RIOX|2026-04-14|184||0|30.41|28.58|6.40308|13.2485|0.66143|0.241307|0.696228|13|3|0.51379|0|9.43686|19|17|17|0|17|2|0.419471|0|35.5049|0|5.70909|1.18589|1.29855|1|0|INTO_SUPPLY|153.75|0.185886|0|4.09859e+06|2025-07-21|2026-04-13
prod|cohort|RKLX|2026-04-14|184||0|33.045|30.55|8.16694|15.4756|0.51895|0.565841|0.644718|11|0|0|0||26|26|26|2|24|12|0.0141183|0|27.4244|1|3.10074|0.149098|0.203551|0|1|IFFY_AT_FIRST_ZONE|78|0.391667|0|8.31487e+07|2025-07-21|2026-04-13
prod|cohort|ROBN|2026-04-14|184||0|19.93|18.2|9.50549|9.21453|0.903141|0.740307|0.942279|19|3|3.16643|0|3.62655|29|24|24|1|23|4|0.059898|0|41.0775|0|2.41304|0.516482|0.857142|0|0|IFFY_AT_FIRST_ZONE|123.06|0.147895|0|1.7817e+07|2025-07-21|2026-04-13
prod|cohort|ROLR|2026-04-14|184||0|10.51|5.09|106.483|9.9297|0.782579|0.582406|0.904911|10|2|1.06361|0|4.87729|3|2|2|2|0|0||1|91.4679|0|5.58272|0|0|0|0|LADDER_CLIMBING|33.68|0.151128|0|314043|2025-07-21|2026-04-13
prod|cohort|RONB|2026-04-14|81||0|23.15|22.98|0.739774|1.87211|0.852088|0.81312|0.875029|7|1|0.0230737|0|0.911412|11|10|10|1|9|3|0.346106|0|53.0351|0|2.50679|0.0754992|0.0754992|0|0|INTO_SUPPLY|25.68|0.89486|0|4.35759e+06|2025-12-15|2026-04-13
prod|cohort|SBET|2026-04-14|184||0|7.11|6.7|6.1194|5.3505|0.934553|0.520614|0.953826|20|6|1.36717|0|1.74807|22|17|17|3|14|1|1.0909|0|31.6725|0|4.34647|0.284541|0.732584|0|0|LADDER_CLIMBING|34.2899|0.195393|0|4.4662e+07|2025-07-21|2026-04-13
prod|cohort|SMCX|2026-04-14|184||0|11.67|10.82|7.85582|13.6871|0.666893|0.403848|0.667104|23|6|16.7411|1|34.0517|23|18|18|0|18|0|4.51496|0|43.9242|0|3.02325|0.105125|0.1225|0|0|INTO_SUPPLY|151.22|0.0715514|0|3.59777e+07|2025-07-21|2026-04-13
prod|cohort|SMR|2026-04-14|184||0|10.34|9.58|7.93319|6.26472|0.953534|0.867671|0.984262|13|3|0.749801|0|23.5114|27|22|22|0|22|1|1.01116|0|51.1407|0|3.95556|0.185332|0.185332|0|0|CLEARED_NOTHING|57.42|0.166841|0|2.1305e+08|2025-07-21|2026-04-13
prod|cohort|SMU|2026-04-14|184||0|12.03|10.49|14.6806|12.3227|0.949073|0.904894|0.976595|14|4|5.98345|0|1.43346|23|21|21|0|21|1|1.43346|0|49.8157|0|4.44382|0.209239|0.323442|0|0|CLEARED_NOTHING|780|0.0134487|0|7.4277e+06|2025-07-21|2026-04-13
prod|cohort|SMUP|2026-04-14|180||0|9.12|7.89|15.5894|11.922|0.965624|0.946763|0.98629|18|3|8.23378|0|1.49914|25|20|20|0|20|1|1.49914|0|48.7426|0|4.51721|0.203422|0.359091|0|0|CLEARED_NOTHING|683.5|0.0115435|0|712349|2025-07-25|2026-04-13
prod|cohort|SNAG|2026-04-14|78||0|6.25|6|4.16667|10.6116|0.360927|0.353828|0.425789|21|6|1.2002|0|0.452337|8|8|8|0|8|2|0.542804|0|53.2314|0|4.51072|0.097756|0.155807|0|0|INTO_SUPPLY|20.8|0.288462|0|286282|2025-12-18|2026-04-13
prod|cohort|SNOU|2026-04-14|184||0|13.64|13.42|1.63934|10.3448|0.894173|0.749477|0.897324|20|5|9.36995|0|16.1726|21|15|15|0|15|0|3.8496|0|100|0|6.6713|0.117371|0.117371|0|0|CLEARED_NOTHING|76.315|0.17585|0|568395|2025-07-21|2026-04-13
prod|cohort|SOFX|2026-04-14|184||0|11.25|10.65|5.6338|9.21147|0.911413|0.708825|0.938228|19|1|1.57292|0|25.2053|22|18|18|0|18|2|0.270195|0|41.5489|0|2.79829|0.180279|0.254379|0|0|INTO_SUPPLY|55.479|0.191965|0|6.20357e+06|2025-07-21|2026-04-13
prod|cohort|TEMT|2026-04-14|184||0|19.3|18.1|6.62983|10.8913|0.950282|0.843516|0.965486|18|3|0.939573|0|1.57943|24|21|21|0|21|1|1.28924|0|83.8062|0|2.7277|0.216646|0.432207|0|0|CLEARED_NOTHING|152.22|0.118907|0|4.23284e+06|2025-07-21|2026-04-13
prod|cohort|TVTX|2026-04-14|184||0|41.53|30.7|35.2769|5.32374|0.00104089|0|0.329736|4|1|0|0||11|9|9|9|0|0||1|100|0|3.18863|0.10439|0.10439|0|0|CLEAR_AIR|42.13|0.728697|0|3.64728e+07|2025-07-21|2026-04-13
prod|cohort|USAX|2026-04-14|62||0|16.75|15.54|7.78636|15.9785|0.833828|0.833056|0.878708|5|2|0.199634|0|0.990135|5|4|4|0|4|0|3.94933|0|62.1294|0|2.53429|0.640052|0.640052|0|0|CLEARED_NOTHING|73.35|0.211861|0|2.07334e+06|2026-01-13|2026-04-13
prod|cohort|WULX|2026-04-14|117||0|36.46|33.58|8.57653|15.4121|0.0160383|0|0.0599842|10|1|0|0||5|5|5|2|3|3|0.0943186|0|43.914|0|4.28345|0.251468|0.251468|0|0|IFFY_AT_FIRST_ZONE|43.2|0.777315|0|6.6675e+06|2025-10-23|2026-04-13
prod|cohort|XNDU|2026-04-14|11||1|12.55|11.49|9.22541|19.302|0.0406068|0.0406068|0.172842|1|1|0|0||0|0|0|0|0|0||1|||2.66649|0.0270892|0.0270892|0||CLEAR_AIR|12.97|0.885891|0|6.27508e+06|2026-03-27|2026-04-13
prod|cohort|XZO|2026-04-14|108||0|16.24|15.4|5.45455|5.00778|0.621745|0.231806|0.761176|3|1|0|0||14|12|12|3|9|3|0.0736539|0|47.0752|0|2.8841|0.711185|0.711185|0|0|IFFY_AT_FIRST_ZONE|24.6|0.626016|0|2.90457e+06|2025-11-05|2026-04-13
prod|cohort|ABX|2026-04-16|73||0|8.86|8.8|0.681818|5.57173|0.327241|0.384783|0.353503|3|0|0|0||6|5|5|0|5|3|0.0506426|0|34.4114|0|2.49765|0.290062|0.290062|0|0|IFFY_AT_FIRST_ZONE|10.535|0.835311|0|5.51834e+06|2025-12-30|2026-04-15
prod|cohort|AEHR|2026-04-16|186||0|84.66|73.22|15.6241|11.1451|0|0|0.00809559|15|4|0|0||0|0|0|0|0|0||1|23.41|1|7.90385|0.320261|0.559272|0|1|CLEAR_AIR|75.8782|0.964968|1|1.2247e+08|2025-07-21|2026-04-15
prod|cohort|ALGS|2026-04-16|186||0|8.08|7.42|8.89488|8.35538|0.69762|0.274478|0.824199|2|1|0.325871|0|0.177748|22|14|14|0|14|2|1.28867|0|83.4725|0|3.30265|0.301262|0.301262|0|0|CLEARED_NOTHING|13.6892|0.542033|0|378986|2025-07-21|2026-04-15
prod|cohort|ANL|2026-04-16|186||0|15|13.25|13.2075|15.8863|0.00454674|0.00750083|0.0159621|10|1|0|0||0|0|0|0|0|0||1|100|0|6.44861|0|0|0|0|CLEAR_AIR|15.79|0.839139|0|3.05369e+06|2025-07-21|2026-04-15
prod|cohort|APPX|2026-04-16|186||0|39.65|36.46|8.74931|12.4827|0.561014|0.27623|0.609908|25|4|1.71536|0|15.4342|17|11|11|2|9|0|1.83052|0|39.3822|0|3.7385|0.605529|0.818713|0|0|LADDER_CLIMBING|157.62|0.231316|0|1.65159e+07|2025-07-21|2026-04-15
prod|cohort|ARCX|2026-04-16|186||0|21.58|19.88|8.55131|9.31646|0.940666|0.701235|0.948972|13|1|0|0||23|15|15|0|15|1|0.674494|0|56.7257|0|4.39039|0.100315|0.138402|0|0|INTO_SUPPLY|158.9|0.12511|0|461591|2025-07-21|2026-04-15
prod|cohort|ARQQ|2026-04-16|186||0|17.61|16.23|8.50277|7.82283|0.881204|0.302069|0.914367|13|2|0|0||15|15|15|0|15|1|0.14518|0|89.9943|0|4.29644|0.311113|0.789812|0|0|IFFY_AT_FIRST_ZONE|62|0.261774|0|2.40841e+06|2025-07-21|2026-04-15
prod|cohort|BBGI|2026-04-16|185||0|14.3|13.72|4.22741|18.7864|0.213548|0.00529899|0.226633|16|1|0|0||1|0|0|0|0|0||1|92.9804|0|16.978|2.44112|2.44112|1|0|CLEAR_AIR|26.37|0.520288|0|73031.3|2025-07-21|2026-04-15
prod|cohort|CDNA|2026-04-16|186||0|21.75|17.57|23.7906|5.45523|0|0|0.287807|2|1|0|0||13|13|13|13|0|0||1|58.0521|0|2.35789|0|0|0|0|CLEAR_AIR|21.485|0.81778|1|1.05183e+07|2025-07-21|2026-04-15
prod|cohort|DLLL|2026-04-16|186||0|5.1438|5.0536|1.78487|9.55956|0.14652|0.138269|0.16092|29|8|60.6108|0|1.48701|7|4|4|0|4|2|1.32432|0|63.7151|0|2.92743|0.490395|0.490395|0|0|CLEARED_NOTHING|42.14|0.119924|0|3.30812e+06|2025-07-21|2026-04-15
prod|cohort|EOSU|2026-04-16|63||0|44.58|43.137|3.34516|19.0463|0.24763|0.245642|0.295103|4|3|19.6212|0|3.58269|6|6|6|0|6|1|0.548827|0|67.8114|0|5.62129|0.324843|0.324843|0|0|INTO_SUPPLY|762.5|0.0565731|0|888550|2026-01-14|2026-04-15
prod|cohort|GLND|2026-04-16|14||1|5.84|5.49|6.37523|26.6798|0.973532|0.973532|0.987488|1|1|0.109107|0|0.96913|1|1|1|0|1|0|2.02811|0|||3.50981|0.0829671|0.0829671|0||CLEARED_NOTHING|23|0.238696|0|1.02229e+07|2026-03-26|2026-04-15
prod|cohort|HIMS|2026-04-16|186||0|26.15|24.29|7.65747|7.31289|0.651271|0.126543|0.703794|13|2|0.188305|0|16.3675|19|15|15|1|14|2|0.726865|0|83.7733|0|3.7977|0.137917|0.145132|0|0|INTO_SUPPLY|70.43|0.344881|0|4.52371e+08|2025-07-21|2026-04-15
prod|cohort|HIMZ|2026-04-16|186||0|35.05|30.49|14.9557|14.4461|0.37118|0.16025|0.522105|13|2|0.138248|0|53.8515|20|15|15|0|15|2|0.128373|0|76.6093|0|3.83173|0.172693|0.203581|0|0|IFFY_AT_FIRST_ZONE|557.48|0.0546925|0|2.46129e+07|2025-07-21|2026-04-15
prod|cohort|HQ|2026-04-16|18||1|13|12.23|6.29599|12.8262|0.00424142|0.00424142|0.105312|1|1|0|0||0|0|0|0|0|0||1|82.6903|0|3.39738|0.112667|0.112667|0|0|CLEAR_AIR|13.4355|0.910275|0|468014|2026-03-20|2026-04-15
prod|cohort|IONL|2026-04-16|186||0|23.93|22.62|5.79134|14.0972|0.531259|0.129318|0.549008|11|2|0|0||18|18|18|1|17|0|4.77941|0|92.7791|0|8.76851|0.723712|1.40518|0|0|LADDER_CLIMBING|148.84|0.151975|0|4.9759e+06|2025-07-21|2026-04-15
prod|cohort|IONQ|2026-04-16|186||0|44.51|43.25|2.91329|7.36826|0.571503|0.115939|0.604237|7|2|0|0||16|16|16|1|15|2|0.0396388|0|100|0|7.79941|0.601543|1.22917|0|0|IFFY_AT_FIRST_ZONE|84.64|0.510988|0|5.24193e+08|2025-07-21|2026-04-15
prod|cohort|IONX|2026-04-16|186||0|45.81|43.33|5.72352|14.2378|0.523034|0.145044|0.542157|10|2|0|0||21|21|21|0|21|1|0.0827922|0|91.7822|0|8.61135|0.719115|1.42496|0|0|IFFY_AT_FIRST_ZONE|311.865|0.138938|0|3.12846e+07|2025-07-21|2026-04-15
prod|cohort|LITX|2026-04-16|55||0|39.29|38.96|0.847023|17.8669|0.174224|0.174224|0.18194|9|1|0|0||4|1|1|0|1|0|1.93449|0|40.9249|0|2.98647|0.478206|0.965615|0|0|CLEARED_NOTHING|52.87|0.736902|0|2.01466e+08|2026-01-27|2026-04-15
prod|cohort|MGTX|2026-04-16|186||0|9.55|11.25|-15.1111|6.76471|0.0316851|0.0893299|0.00780818|7|2|0.116094|0|0.154792|0|0|0|0|0|0||1|81.8623|0|6.05475|0.328908|0.444038|0|0|CLEARED_NOTHING|11.8499|0.949375|0|5.33932e+06|2025-07-21|2026-04-15
prod|cohort|MOVE|2026-04-16|186||0|15.13|14.725|2.75042|16.8022|0.180364|0.329837|0.223434|8|3|0|0||3|0|0|0|0|0||1|52.3351|0|4.52747|0.143121|0.143121|0|0|CLEAR_AIR|25.6775|0.573459|0|677692|2025-07-21|2026-04-15
prod|cohort|MRLN|2026-04-16|21||1|17|14.29|18.9643|20.1926|0|0|0.0146253|0|0|0|0||1|1|1|1|0|0||1|47.6246|0|4.00091|0|0|0|0|CLEAR_AIR|14.69|0.972771|1|1.34683e+07|2026-03-17|2026-04-15
prod|cohort|NEXA|2026-04-16|186||0|16.455|14.65|12.3208|6.17552|0|0|0.00545441|12|4|0|0||2|2|2|2|0|0||1|100|0|7.33767|0.294571|0.685597|0|0|CLEAR_AIR|14.94|0.980589|1|4.84219e+06|2025-07-21|2026-04-15
prod|cohort|NN|2026-04-16|186||0|18.665|16.97|9.98821|8.0905|0.024535|0.0714253|0.199384|3|1|0|0||10|10|10|8|2|2|0.768165|0|29.283|1|3.68028|0.0492568|0.0492568|0|1|INTO_SUPPLY|19.91|0.852336|0|2.5995e+07|2025-07-21|2026-04-15
prod|cohort|NNE|2026-04-16|186||0|25.5|24.29|4.98147|6.58823|0.859799|0.407449|0.889967|11|1|0|0||20|18|18|1|17|1|0.625001|0|68.5167|0|3.79644|0.694037|0.694037|0|0|INTO_SUPPLY|60.87|0.399047|0|3.48901e+07|2025-07-21|2026-04-15
prod|cohort|NUCL|2026-04-16|35||0|10.25|9.52|7.66807|12.6779|0|0|0.00728441|2|0|0|0||0|0|0|0|0|0||1|41.1999|0|3.27132|0.0703409|0.0703409|0|0|CLEAR_AIR|9.6499|0.986539|1|1.81251e+06|2026-02-25|2026-04-15
prod|cohort|OFG|2026-04-16|186||0|42.21|42.44|-0.541942|1.95051|0.31213|0.0964421|0.263335|10|2|0|0||8|7|7|0|7|1|1.22676|0|56.5824|0|4.30209|0.405626|0.405626|0|0|CLEARED_NOTHING|45.82|0.926233|0|9.95059e+06|2025-07-21|2026-04-15
prod|cohort|OKLL|2026-04-16|186||0|10.64|9.45|12.5926|14.8967|0.692513|0.401856|0.773178|14|3|0.157791|0|4.8138|21|19|19|2|17|2|0.227129|0|82.4407|0|4.77437|0.623895|0.673645|0|0|IFFY_AT_FIRST_ZONE|169.957|0.0556025|0|3.42895e+07|2025-07-21|2026-04-15
prod|cohort|OKLO|2026-04-16|186||0|67.61|63.35|6.72455|7.57174|0.8317|0.342656|0.894663|13|1|0|0||19|15|15|3|12|1|0.496166|0|89.4791|0|4.67414|0.553352|0.581195|0|0|INTO_SUPPLY|193.84|0.326816|0|4.14117e+08|2025-07-21|2026-04-15
prod|cohort|OKTG|2026-04-16|102||0|9.12|8.149|11.9156|6.72497|0.762397|0.70674|0.776526|40|14|7.70612|0|0.554362|13|11|11|0|11|0|4.14296|0|53.8206|0|7.01478|1.62421|2.75825|1|0|CLEARED_NOTHING|19.0992|0.426667|0|77315.2|2025-11-17|2026-04-15
prod|cohort|ONTO|2026-04-16|186||0|288|258.9|11.2399|5.41788|0|0|0.00277073|24|5|0|0||0|0|0|0|0|0||1|25.5061|1|6.0389|0.43471|0.821324|0|1|CLEAR_AIR|263.39|0.982953|1|1.58944e+08|2025-07-21|2026-04-15
prod|cohort|ORCU|2026-04-16|100||0|13.435|12.49|7.56605|8.03075|0.255732|0.0709807|0.321247|15|3|3.00306|0|0.402064|9|6|6|2|4|1|0.402064|0|100|0|5.48965|0.915598|1.10913|0|0|INTO_SUPPLY|27.615|0.45229|0|6.11437e+06|2025-11-19|2026-04-15
prod|cohort|ORCX|2026-04-16|186||0|37.68|34.97|7.7495|8.18398|0.44086|0.079973|0.48711|24|5|3.27374|0|0.398771|22|13|13|2|11|1|0.398771|0|100|0|5.37336|0.887067|1.05134|0|0|INTO_SUPPLY|181.59|0.192577|0|4.73374e+07|2025-07-21|2026-04-15
prod|cohort|PLU|2026-04-16|68||0|35.96|35.79|0.474993|21.0781|0.261084|0.272615|0.269998|1|0|0|0||3|2|2|0|2|2|0.928797|0|46.0525|0|2.21372|0|0|0|0|INTO_SUPPLY|44.14|0.810829|0|8.40149e+06|2026-01-07|2026-04-15
prod|cohort|PONX|2026-04-16|151||0|50.6|47.2|7.20339|11.4106|0.475011|0.429396|0.548573|30|7|0.65815|1|5.81943|15|10|10|0|10|2|0.606191|0|45.0548|0|6.15597|1.17353|1.64463|1|0|INTO_SUPPLY|144.1|0.32755|0|375987|2025-09-09|2026-04-15
prod|cohort|PPG|2026-04-16|186||0|116|107.72|7.68659|2.76187|0.134166|0.359619|0.429925|10|4|0|0||9|3|3|2|1|0|5.44047|0|34.4408|0|2.81677|1.9283|1.9504|1|0|LADDER_CLIMBING|133.43|0.807315|0|1.99341e+08|2025-07-21|2026-04-15
prod|cohort|QBTS|2026-04-16|186||0|22|20.81|5.7184|7.49036|0.578858|0.20099|0.606638|13|2|0|0||14|12|12|2|10|0|3.98694|0|97.3644|0|7.29988|0.538897|1.146|0|0|LADDER_CLIMBING|46.75|0.445134|0|2.9321e+08|2025-07-21|2026-04-15
prod|cohort|QBTX|2026-04-16|186||0|17.04|15.24|11.811|14.5188|0.719733|0.282206|0.750635|14|3|0|0||21|16|16|1|15|2|0.759901|0|84.9267|0|7.83578|0.582697|1.27328|0|0|INTO_SUPPLY|171.187|0.0890256|0|1.22067e+07|2025-07-21|2026-04-15
prod|cohort|QPUX|2026-04-16|173||0|31.05|28.9|7.43945|12.8288|0.662685|0.259907|0.68727|17|4|0.557321|0|14.528|15|13|13|1|12|1|0|0|90.2316|0|8.21866|0.673786|1.34195|0|0|IFFY_AT_FIRST_ZONE|268.83|0.107503|0|1.46446e+06|2025-08-07|2026-04-15
prod|cohort|QSU|2026-04-16|121||0|16.21|14.799|9.53443|8.33885|0.780685|0.523403|0.835491|13|8|2.21982|0|1.6345|15|12|12|3|9|1|0.347703|0|52.712|0|4.40854|0.601106|1.78811|0|0|INTO_SUPPLY|146.76|0.100838|0|357063|2025-10-21|2026-04-15
prod|cohort|QUBX|2026-04-16|186||0|14.83|13.63|8.80411|12.3693|0.846168|0.322103|0.860322|13|3|1.15544|0|23.8232|19|17|17|1|16|1|1.00852|0|100|0|7.67655|0.582319|1.25871|0|0|LADDER_CLIMBING|195.7|0.0696474|0|840339|2025-07-21|2026-04-15
prod|cohort|REXC|2026-04-16|1|history_too_thin(1d)|1|22.5||||||||||||||||||||||||||||21.49||1||2026-04-15|2026-04-15
prod|cohort|RGTI|2026-04-16|186||0|19.55|19.11|2.30246|7.15804|0.666363|0.155373|0.67455|14|4|0.63213|0|1.45063|11|10|10|1|9|0|4.96636|0|86.6282|0|6.06259|0.433975|0.444114|0|0|LADDER_CLIMBING|58.1501|0.328632|0|3.5903e+08|2025-07-21|2026-04-15
prod|cohort|RGTIW|2026-04-16|186||0|9.11|8.81|3.40522|12.351|0.605398|0.13653|0.615745|14|4|0.706469|0|10.3141|10|9|9|1|8|0|5.39473|0|65.5389|0|5.84517|0.233554|0.464883|0|0|LADDER_CLIMBING|46.78|0.188328|0|614780|2025-07-21|2026-04-15
prod|cohort|RGTU|2026-04-16|186||0|27.1|25.79|5.07949|13.2545|0.658874|0.205495|0.677389|22|5|2.52639|0|3.73056|16|14|14|1|13|1|0.364704|0|81.1344|0|6.86475|0.50666|0.747938|0|0|INTO_SUPPLY|490.05|0.0526273|0|1.46207e+06|2025-07-21|2026-04-15
prod|cohort|RGTX|2026-04-16|186||0|27.28|25.99|4.96345|13.9126|0.686118|0.204729|0.699224|16|4|2.32232|0|4.19461|16|14|14|0|14|2|0.0632353|0|78.6913|0|6.41405|0.452398|0.467694|0|0|IFFY_AT_FIRST_ZONE|501.8|0.0517935|0|1.30013e+07|2025-07-21|2026-04-15
prod|cohort|RKLB|2026-04-16|186||0|76.97|73.6|4.5788|7.6324|0.130945|0.199143|0.185996|11|1|0|0||11|10|10|4|6|3|0.289379|0|35.7491|0|3.14182|0.146893|0.214317|0|0|INTO_SUPPLY|99.58|0.739104|0|1.60635e+09|2025-07-21|2026-04-15
prod|cohort|RKLX|2026-04-16|186||0|35.99|33.04|8.92857|15.373|0.381603|0.312705|0.513966|11|0|0|0||24|24|24|6|18|10|0.0379558|0|34.7304|0|3.12143|0.150093|0.20491|0|0|IFFY_AT_FIRST_ZONE|78|0.42359|0|8.49803e+07|2025-07-21|2026-04-15
prod|cohort|SGML|2026-04-16|186||0|19.52|18.22|7.13502|10.673|0|0|0.000833148|25|4|0|0||0|0|0|0|0|0||1|32.8392|0|5.55513|0.367252|0.499748|0|0|CLEAR_AIR|18.37|0.991835|1|3.88251e+07|2025-07-21|2026-04-15
prod|cohort|SKIL|2026-04-16|186||0|5.89|5.68|3.69718|13.0875|0.72043|0.351467|0.741047|6|0|0|0||17|11|11|1|10|0|3.83978|0|48.8077|0|3.20597|0.0394878|0.0394878|0|0|LADDER_CLIMBING|18.45|0.307859|0|390546|2025-07-21|2026-04-15
prod|cohort|SMR|2026-04-16|186||0|12.41|11.71|5.9778|6.89405|0.839832|0.545908|0.89593|14|4|0.567704|0|15.3819|26|21|21|0|21|5|0.116884|0|100|0|3.60863|0.469377|0.637791|0|0|IFFY_AT_FIRST_ZONE|57.42|0.203936|0|2.1305e+08|2025-07-21|2026-04-15
prod|cohort|SMU|2026-04-16|186||0|17.23|15.36|12.1745|13.471|0.82131|0.6716|0.870047|15|4|3.78063|0|43.6312|22|20|20|0|20|2|0.848756|0|96.8052|0|4.0085|0.474134|0.770006|0|0|INTO_SUPPLY|780|0.0196923|0|7.88322e+06|2025-07-21|2026-04-15
prod|cohort|SMUP|2026-04-16|182||0|13.16|11.7|12.4786|13.0645|0.842768|0.753501|0.8956|19|3|5.16204|0|88.6068|24|19|19|0|19|3|0.808477|0|99.5284|0|4.2183|0.538425|0.866115|0|0|INTO_SUPPLY|683.5|0.0171178|0|712349|2025-07-25|2026-04-15
prod|cohort|SOFX|2026-04-16|186||0|13.96|12.88|8.38509|8.52631|0.798038|0.338974|0.836009|21|3|1.36943|0|19.6678|20|16|16|0|16|3|0.386382|0|62.1004|0|5.31785|0.517591|0.922295|0|0|INTO_SUPPLY|55.479|0.23216|0|6.20357e+06|2025-07-21|2026-04-15
prod|cohort|SOUX|2026-04-16|186||0|22.29|20.77|7.31825|12.2922|0.819434|0.55035|0.853764|16|7|3.24226|0|5.8797|21|19|19|1|18|1|0.361322|0|69.6767|0|4.47801|0.181109|0.632145|0|0|INTO_SUPPLY|312.38|0.0664895|0|1.88568e+06|2025-07-21|2026-04-15
prod|cohort|UMC|2026-04-16|186||0|10.47|9.95|5.22613|2.449|0.0991599|0.262313|0.191846|41|17|6.57151|0|0.663001|2|0|0|0|0|0||1|35.2208|0|5.87715|1.18357|4.97569|2|0|CLEARED_NOTHING|12.68|0.7847|0|7.14875e+07|2025-07-21|2026-04-15
prod|cohort|VOYG|2026-04-16|186||0|31.39|29.91|4.94818|8.21689|0.250295|0.180328|0.341082|7|0|0|0||13|12|12|2|10|6|0.0077541|0|40.715|0|3.66127|0|0|0|0|IFFY_AT_FIRST_ZONE|44.34|0.67456|0|3.82511e+07|2025-07-21|2026-04-15
prod|cohort|WSHP|2026-04-16|103||0|24.115|8.22|193.37|20.3305|0.2012|0.0858234|0.427821|12|0|0|0||14|14|14|4|10|0|3.44402|0|78.0728|0|2.81192|0|0|0|0|LADDER_CLIMBING|250|0.03288|0|502754|2025-11-14|2026-04-15
prod|cohort|XNDU|2026-04-16|13||1|29.5|25.18|17.1565|22.1089|0|0|0.0984121|1|1|0|0||0|0|0|0|0|0||1|||9.87712|0.02365|0.02365|0||CLEAR_AIR|28.25|0.891327|1|6.94648e+06|2026-03-27|2026-04-15
prod|cohort|AALG|2026-04-17|187||0|11.61|10.23|13.4897|6.85504|0.413385|0.13838|0.564742|35|7|2.27939|1|1.08058|15|11|11|1|10|0|3.36738|0|61.6745|0|5.23796|1.58759|3.46533|2|0|INTO_SUPPLY|20.43|0.500734|0|498004|2025-07-21|2026-04-16
prod|cohort|ADV|2026-04-17|187||0|27.79|27.86|-0.251256|11.9575|0.850046|0.0858012|0.849582|5|3|0.0752334|0|2.3202|14|7|7|0|7|1|0.665063|0|12.9762|1|3.25425|0|0|0|1|INTO_SUPPLY|53.625|0.519534|0|1.98455e+06|2025-07-21|2026-04-16
prod|cohort|AFRU|2026-04-17|147||0|8.86|8.07|9.78934|8.92773|0.398075|0.13956|0.450493|14|4|1.07459|0|13.6916|16|13|13|0|13|1|1.06182|0|62.4591|0|8.33224|0.735756|2.19603|0|0|CLEARED_NOTHING|26.69|0.30236|0|329845|2025-09-16|2026-04-16
prod|cohort|ALV|2026-04-17|187||0|125.15|111.33|12.4135|2.09297|0.171067|0.204097|0.792984|20|3|0|0||13|9|9|4|5|3|0.362685|0|26.8485|1|4.62176|2.34926|2.39683|1|0|INTO_SUPPLY|130.14|0.855463|0|7.25068e+07|2025-07-21|2026-04-16
prod|cohort|ASMG|2026-04-17|187||0|38.31|35.74|7.19082|6.97356|0.117859|0.435718|0.193441|46|15|0.436073|0|0.510935|8|2|2|0|2|1|1.3887|0|66.5112|0|5.46301|1.67206|3.08905|1|0|CLEARED_NOTHING|45.0824|0.792771|0|3.7548e+06|2025-07-21|2026-04-16
prod|cohort|ASMU|2026-04-17|45||0|25.1|23.38|7.35672|6.35148|0.272381|0.272381|0.595811|14|4|0.903388|0|0.558266|5|1|1|0|1|0|1.51171|0|69.3285|0|5.90146|2.0553|3.73241|1|0|CLEARED_NOTHING|29.6399|0.788802|0|934651|2026-02-11|2026-04-16
prod|cohort|BIRD|2026-04-17|187||0|12.53|10.91|14.8488|16.1192|0.607217|0.623791|0.72596|7|1|0|0||1|0|0|0|0|0||1|100|0|34.5707|8.74508|8.79385|1|0|CLEAR_AIR|24.31|0.448787|0|138256|2025-07-21|2026-04-16
prod|cohort|BJRI|2026-04-17|187||0|38.04|37.3|1.98391|3.65067|0.292539|0.457715|0.340649|6|1|0|0||11|8|8|0|8|3|0.15842|0|47.9386|0|2.88101|0.352038|0.352038|0|0|IFFY_AT_FIRST_ZONE|45.99|0.811046|0|1.22768e+07|2025-07-21|2026-04-16
prod|cohort|BTM|2026-04-17|187||0|5.46|5.05|8.11881|17.0899|0.680895|0.236226|0.706102|12|3|0.266315|0|4.12225|18|7|7|0|7|2|0.257205|0|55.6638|0|7.17806|0.148384|0.148384|0|0|INTO_SUPPLY|42.14|0.119839|0|566424|2025-07-21|2026-04-16
prod|cohort|CDRE|2026-04-17|187||0|31.39|30.43|3.15478|4.14356|0.823219|0.889486|0.897553|10|1|2.03742|0|5.06664|24|11|11|0|11|0|1.69144|0|72.5253|0|2.97683|0.178024|0.348329|0|0|CLEARED_NOTHING|48.7599|0.624078|0|1.20004e+07|2025-07-21|2026-04-16
prod|cohort|COIA|2026-04-17|151||0|14.68|13.96|5.15759|11.0525|0.481387|0.253199|0.535399|38|8|2.37262|0|2.34205|14|14|14|0|14|3|0.714941|0|56.5254|0|3.93742|0.737404|1.5757|0|0|INTO_SUPPLY|84.3078|0.165584|0|432029|2025-09-10|2026-04-16
prod|cohort|COIG|2026-04-17|187||0|9.39|8.89|5.6243|11.098|0.660243|0.212557|0.694189|39|8|1.97532|0|2.06418|20|18|18|0|18|3|0.431818|0|59.5792|0|3.90459|0.60954|1.2095|0|0|INTO_SUPPLY|69.43|0.128043|0|603964|2025-07-21|2026-04-16
prod|cohort|CONX|2026-04-17|101||0|11.53|10.92|5.58608|10.838|0.279229|0.188526|0.38071|27|6|1.9798|0|2.04862|9|9|9|0|9|3|0.808245|0|56.9671|0|4.04493|0.571752|1.55307|0|0|INTO_SUPPLY|28.3355|0.385382|0|491297|2025-11-19|2026-04-16
prod|cohort|CRDU|2026-04-17|147||0|10.7675|10.11|6.50346|13.2388|0.215323|0.0357027|0.273456|19|3|22.466|0|9.96675|10|6|6|0|6|0|1.79587|0|80.4157|0|12.7037|1.50164|1.88262|1|0|CLEARED_NOTHING|91.8|0.110131|0|6.62578e+06|2025-09-16|2026-04-16
prod|cohort|CRML|2026-04-17|187||0|11.31|9.27|22.0065|9.11302|0.574563|0.487216|0.734725|18|3|1.11577|0|4.40485|14|11|11|5|6|3|0.135832|0|38.753|0|3.3965|0.366717|0.737344|0|0|IFFY_AT_FIRST_ZONE|32.15|0.288336|0|6.60699e+07|2025-07-21|2026-04-16
prod|cohort|CRMU|2026-04-17|46||0|10.34|7.26|42.4242|14.942|0.139511|0.139511|0.42983|9|2|0|0||3|3|3|2|1|0|1.64427|0|39.3686|0|3.59362|0.555024|1.69983|0|0|LADDER_CLIMBING|15.25|0.476066|0|302213|2026-02-10|2026-04-16
prod|cohort|CRMX|2026-04-17|65||0|23.7|16.61|42.6851|17.2139|0.43815|0.413643|0.681937|8|3|3.29532|0|11.4862|6|5|5|2|3|1|1.38238|0|39.9767|0|3.13958|0.464789|0.906946|0|0|LADDER_CLIMBING|144.33|0.115083|0|2.88003e+06|2026-01-13|2026-04-16
prod|cohort|CRVS|2026-04-17|187||0|16.87|15.04|12.1676|6.13225|0.38724|0.689245|0.485281|3|2|0.555818|0|7.2933|10|9|9|3|6|1|0.193328|0|47.1626|0|2.51093|0|0|0|0|IFFY_AT_FIRST_ZONE|26.95|0.558071|0|1.50597e+07|2025-07-21|2026-04-16
prod|cohort|DSU|2026-04-17|187||0|9.82|9.8|0.204082|1.08244|0.873684|0.601923|0.888899|8|2|0.470386|0|2.16378|7|6|6|0|6|2|0.564463|0|22.3864|1|4.81756|0.236155|0.236155|0|1|INTO_SUPPLY|10.67|0.918463|0|2.35283e+06|2025-07-21|2026-04-16
prod|cohort|DUG|2026-04-17|187||0|21.05|19.54|7.72774|4.60957|0.608879|0.157569|0.724335|30|9|0.535909|0|2.34975|18|13|13|1|12|1|0.927535|0|32.8519|0|4.89167|1.17468|1.39262|1|0|INTO_SUPPLY|38.27|0.510583|0|2.39455e+06|2025-07-21|2026-04-16
prod|cohort|GDXU|2026-04-17|187||0|255.82|239.97|6.60499|11.3533|0.270844|0.492395|0.331857|34|5|2.09374|0|1.97217|16|12|12|0|12|5|0.316071|0|20.7179|1|4.42632|0.417678|0.917047|0|1|INTO_SUPPLY|540.78|0.443748|0|2.67971e+08|2025-07-21|2026-04-16
prod|cohort|HODU|2026-04-17|101||0|11.56|10.74|7.63501|9.48787|0.253267|0.105848|0.311835|19|5|2.72156|1|3.82933|9|8|8|1|7|1|1.04039|0|83.1957|0|6.79654|1.07089|2.48695|1|0|INTO_SUPPLY|35.58|0.301855|0|629963|2025-11-19|2026-04-16
prod|cohort|HOOG|2026-04-17|187||0|28.11|26.18|7.37204|9.98076|0.571425|0.1078|0.601151|23|6|2.02264|1|3.42174|20|15|15|1|14|1|0.887513|0|84.7325|0|6.48374|0.99697|2.34368|0|0|INTO_SUPPLY|132.19|0.198048|0|7.23054e+06|2025-07-21|2026-04-16
prod|cohort|HOOX|2026-04-17|187||0|31.68|29.78|6.38012|9.4256|0.669768|0.127614|0.69031|29|6|2.09485|1|3.70726|20|16|16|1|15|1|1.053|0|89.0098|0|6.97051|1.04855|2.42344|1|0|INTO_SUPPLY|154.38|0.192901|0|1.74708e+06|2025-07-21|2026-04-16
prod|cohort|JOBX|2026-04-17|152||0|24.05|22.68|6.04056|9.54479|0.928275|0.805319|0.939898|14|3|8.46867|0|6.2121|19|19|19|0|19|1|0.365379|0|33.0327|0|3.08367|0.18305|0.681269|0|0|INTO_SUPPLY|150.225|0.150974|0|958030|2025-09-09|2026-04-16
prod|cohort|KORU|2026-04-17|187||0|25.4085|23.45|8.35181|11.4735|0.0668859|0.0662907|0.0828408|76|35|66.5145|1|0.203071|3|1|1|0|1|0|2.6967|0|21.9724|1|6.32733|1.73705|2.44134|1|0|INTO_SUPPLY|201.916|0.116137|0|4.28395e+08|2025-07-21|2026-04-16
prod|cohort|KPDD|2026-04-17|187||0|9.78|9.05|8.0663|5.61246|0.579348|0.117308|0.778693|38|9|15.2252|0|1.40281|23|15|15|5|10|4|0|0|45.6024|0|1.77968|0.888744|1.44124|0|0|IFFY_AT_FIRST_ZONE|29.1502|0.310461|0|730787|2025-07-21|2026-04-16
prod|cohort|KURA|2026-04-17|187||0|9.5|8.94|6.26398|4.78965|0.371049|0.00465308|0.474862|7|3|0|0||16|13|13|2|11|1|0.219772|0|43.8416|0|3.39544|0.351124|0.351124|0|0|IFFY_AT_FIRST_ZONE|12.49|0.715773|0|9.32947e+06|2025-07-21|2026-04-16
prod|cohort|MGRT|2026-04-17|187||0|119.1|105.26|13.1484|33.0558|0.00150877|0.00704009|0.00191901|6|1|0|0||0|0|0|0|0|0||1|70.9997|0|10.8097|0.192516|0.368666|0|0|CLEAR_AIR|170|0.619176|0|1.94956e+06|2025-07-21|2026-04-16
prod|cohort|NFXS|2026-04-17|187||0|16.14|14.61|10.4723|2.44071|0.305115|0.867097|0.480306|16|7|4.86887|0|3.9347|12|10|10|4|6|0|1.77696|0|53.627|0|5.98361|0|0|0|0|LADDER_CLIMBING|21.53|0.678588|0|605993|2025-07-21|2026-04-16
prod|cohort|NRXS|2026-04-17|187||0|7.4|7.36|0.543478|8.94582|0.0157855|0.0966898|0.0190021|4|0|0|0||4|4|4|0|4|4|0.0906357|0|41.0927|0|1.2455|0|0|0|0|IFFY_AT_FIRST_ZONE|7.97|0.923463|0|925081|2025-07-21|2026-04-16
prod|cohort|NUCL|2026-04-17|36||0|12.79|12.2|4.83607|13.2654|0.0211828|0.0211828|0.049587|3|1|0|0||0|0|0|0|0|0||1|86.4342|0|5.61452|0.356331|0.356331|0|0|CLEAR_AIR|13.23|0.922147|0|2.26432e+06|2026-02-25|2026-04-16
prod|cohort|OILD|2026-04-17|187||0|50.75|45.49|11.563|6.91904|0.566208|0.312079|0.690518|23|5|0.31184|0|7.43291|23|20|20|1|19|2|0.525116|0|31.7651|0|4.59448|1.08779|1.38213|1|0|INTO_SUPPLY|136.1|0.33424|0|4.21749e+06|2025-07-21|2026-04-16
prod|cohort|P|2026-04-17||no_prior_bars|||||||||||||||||||||||||||||||||||
prod|cohort|PBM|2026-04-17|186||0|9.82|5.87|67.2913|12.6851|0.325505|0.0446058|0.687886|11|2|2.35816|0|3.60647|13|9|9|1|8|2|0.29502|0|100|0|10.9057|0|0|0|0|INTO_SUPPLY|74.9375|0.0783319|0|54174.2|2025-07-21|2026-04-16
prod|cohort|PDDL|2026-04-17|187||0|24.08|22.18|8.56628|4.93579|0.603393|0.0971498|0.741545|61|14|8.10584|0|1.53129|20|15|15|4|11|4|0.00420685|0|38.7043|0|2.16902|1.37642|2.95153|1|0|IFFY_AT_FIRST_ZONE|43.731|0.507192|0|356399|2025-07-21|2026-04-16
prod|cohort|ROBN|2026-04-17|187||0|28.11|26.17|7.41307|10.1191|0.666294|0.136446|0.689695|21|5|1.50995|1|3.40133|21|15|15|1|14|1|0.892959|0|82.0541|0|6.4074|0.933933|2.3127|0|0|INTO_SUPPLY|123.06|0.21266|0|1.886e+07|2025-07-21|2026-04-16
prod|cohort|ROLR|2026-04-17|187||0|7.65|7.54|1.45889|13.9832|0.859476|0.772418|0.870781|11|2|1.03766|0|7.43189|3|2|2|0|2|0|1.71074|0|100|0|8.4947|2.88025|2.88025|1|0|CLEARED_NOTHING|33.68|0.223872|0|314043|2025-07-21|2026-04-16
prod|cohort|SHMD|2026-04-17|187||0|5.71|5.54|3.06859|11.8191|0.603339|0.85348|0.63272|4|0|0|0||13|10|10|0|10|3|0.806525|0|20.9242|1|2.3005|0|0|0|1|INTO_SUPPLY|10.65|0.520188|0|2.8577e+06|2025-07-21|2026-04-16
prod|cohort|SILC|2026-04-17|187||0|29.39|25.13|16.9519|6.39842|0|0|0.00131744|1|0|0|0||0|0|0|0|0|0||1|61.6982|0|3.56267|0|0|0|0|CLEAR_AIR|25.5499|0.983565|1|885689|2025-07-21|2026-04-16
prod|cohort|SMU|2026-04-17|187||0|16.11|14.54|10.7978|14.3544|0.824309|0.684202|0.875817|15|4|3.7946|0|44.2768|22|20|20|0|20|2|1.33622|0|100|0|3.25065|0.444952|0.722615|0|0|CLEARED_NOTHING|780|0.018641|0|7.88322e+06|2025-07-21|2026-04-16
prod|cohort|SMUP|2026-04-17|183||0|12.22|11.05|10.5882|13.9681|0.856364|0.775433|0.902151|19|3|5.19946|0|89.7998|24|19|19|0|19|2|1.36504|0|100|0|3.34572|0.50359|0.81008|0|0|CLEARED_NOTHING|683.5|0.0161668|0|712349|2025-07-25|2026-04-16
prod|cohort|SOUX|2026-04-17|187||0|21.5|19.93|7.87757|12.3566|0.821489|0.569418|0.870346|16|7|3.34389|0|6.36135|21|19|19|1|18|1|0.670012|0|57.3822|0|4.43523|0.180166|0.628852|0|0|INTO_SUPPLY|312.38|0.0638005|0|1.88568e+06|2025-07-21|2026-04-16
prod|cohort|TEMT|2026-04-17|187||0|27.49|24.9|10.4016|12.038|0.782795|0.311277|0.830422|20|4|0.557527|0|3.49172|21|16|16|0|16|1|1.15736|0|84.2274|0|4.86522|0.388456|0.962325|0|0|CLEARED_NOTHING|152.22|0.163579|0|4.40926e+06|2025-07-21|2026-04-16
prod|cohort|UMC|2026-04-17|187||0|11.85|10.62|11.5819|2.47533|0.0170287|0.046368|0.0859409|42|18|2.4546|0|0.0340917|2|0|0|0|0|0||1|66.6045|0|8.72194|1.82707|5.94632|3|0|CLEARED_NOTHING|12.68|0.837539|0|7.14875e+07|2025-07-21|2026-04-16
prod|cohort|USAX|2026-04-17|65||0|20.95|18.63|12.453|15.9138|0.707552|0.703604|0.775721|5|2|0|0||5|4|4|0|4|0|1.91065|0|34.8786|0|3.04488|0.642654|0.642654|0|0|CLEARED_NOTHING|73.35|0.253988|0|1.87158e+06|2026-01-13|2026-04-16
prod|cohort|USGG|2026-04-17|65||0|12.81|11.28|13.5638|15.5293|0.615081|0.609725|0.697416|5|2|0|0||5|4|4|0|4|0|1.94541|0|37.3101|0|3.06286|0.560714|0.560714|0|0|CLEARED_NOTHING|43.67|0.258301|0|1.53283e+06|2026-01-13|2026-04-16
prod|cohort|WSHP|2026-04-17|104||0|19.09|14.265|33.824|28.9508|0.678832|0.669106|0.833639|13|1|0|0||12|11|11|0|11|2|0.146543|0|100|0|5.62505|2.1053|2.1053|1|0|IFFY_AT_FIRST_ZONE|250|0.05706|0|665760|2025-11-14|2026-04-16
prod|cohort|WTID|2026-04-17|187||0|5.91|5.2|13.6538|7.1437|0.0839495|0.027859|0.362663|73|30|10.958|0|0.428714|22|15|15|1|14|2|0.213173|0|34.7383|0|5.30334|1.4857|1.70671|1|0|IFFY_AT_FIRST_ZONE|15.1192|0.343934|0|846128|2025-07-21|2026-04-16
prod|cohort|XNDU|2026-04-17|14||1|38.5|32.67|17.8451|24.1|0.101625|0.101625|0.251999|1|1|0|0||0|0|0|0|0|0||1|||12.6744|0.021696|0.021696|0||CLEAR_AIR|42.44|0.769793|0|6.94749e+06|2026-03-27|2026-04-16
prod|cohort|ACLS|2026-04-20|188||0|121.5|118.73|2.33302|5.06095|0.000286671|0.000726551|0.00712138|20|4|0|0||0|0|0|0|0|0||1|44.2317|0|5.34903|0.23292|0.541341|0|0|CLEAR_AIR|121.84|0.974476|0|6.39904e+07|2025-07-21|2026-04-17
prod|cohort|ALMR|2026-04-20|1|history_too_thin(1d)|1|22.34||||||||||||||||||||||||||||24.5||0||2026-04-17|2026-04-17
prod|cohort|AOSL|2026-04-20|188||0|35.66|33.88|5.25384|5.96902|0.00015936|0.000424126|0.00725086|19|3|0|0||0|0|0|0|0|0||1|82.1054|0|8.96755|0.378728|0.593985|0|0|CLEAR_AIR|35.7|0.94902|0|5.68253e+06|2025-07-21|2026-04-17
prod|cohort|ASTN|2026-04-20|49||0|16.04|12.61|27.2006|18.1936|0.178058|0.178058|0.58001|1|0|0|0||7|7|7|1|6|3|0.109654|0|16.5623|1|4.77666|0|0|0|1|IFFY_AT_FIRST_ZONE|25.06|0.503192|0|1.59935e+07|2026-02-06|2026-04-17
prod|cohort|ATXG|2026-04-20|188||0|6.26|6.08|2.96053|16.9075|0.566816|0.233741|0.606426|3|0|0|0||21|19|19|0|19|9|0.645781|0|46.188|0|2.72782|0|0|0|0|INTO_SUPPLY|19.5|0.311795|0|217093|2025-07-21|2026-04-17
prod|cohort|AVEX|2026-04-20|1|history_too_thin(1d)|1|30.4||||||||||||||||||||||||||||27.96||1||2026-04-17|2026-04-17
prod|cohort|BIRD|2026-04-20|188||0|11.2|10.8|3.7037|17.0488|0.709075|0.726984|0.743543|7|1|0|0||2|0|0|0|0|0||1|100|0|32.6858|8.26828|8.31439|1|0|CLEAR_AIR|24.31|0.444262|0|186579|2025-07-21|2026-04-17
prod|cohort|BLD|2026-04-20|188||0|489|410.31|19.1782|4.39849|0.095236|0.240944|0.636681|10|3|0|0||15|10|10|9|1|0|3.27629|0|64.2292|0|4.46337|0.738699|0.799621|0|0|LADDER_CLIMBING|559.468|0.733393|0|1.49985e+08|2025-07-21|2026-04-17
prod|cohort|BMNZ|2026-04-20|106||0|15.11|14.12|7.01133|11.8338|0.85735|0.945524|0.911883|21|2|0.48096|0|1.62743|15|13|13|0|13|0|1.89588|0|44.3138|0|4.83658|0.397326|1.26839|0|0|CLEARED_NOTHING|47.99|0.294228|0|3.16282e+07|2025-11-13|2026-04-17
prod|cohort|BWET|2026-04-20|188||0|151.42|148.63|1.87714|12.0635|0.0634269|0.077268|0.0697507|64|29|0|0||1|1|1|0|1|0|1.55913|0|70.0523|0|4.28564|0.460431|0.972183|0|0|CLEARED_NOTHING|179.9|0.826182|0|2.17787e+07|2025-07-21|2026-04-17
prod|cohort|CADL|2026-04-20|188||0|6.382|6.37|0.188383|5.14799|0.0713585|0.00971417|0.0741631|6|1|0|0||6|6|6|0|6|5|0.298285|0|100|0|7.41684|0.0944902|0.0944902|0|0|INTO_SUPPLY|7.21|0.883495|0|5.28727e+06|2025-07-21|2026-04-17
prod|cohort|CMCT|2026-04-20|188||0|5.99|6.157|-2.71236|27.4916|0.940894|0.885827|0.92754|14|2|6.67985|0|62.8574|25|18|18|0|18|0|1.52422|0|55.1188|0|2.57063|0|0|0|0|CLEARED_NOTHING|1441|0.00427273|0|543379|2025-07-21|2026-04-17
prod|cohort|CMPS|2026-04-20|188||0|8.645|6.66|29.8048|5.93455|0.0146274|0.0320445|0.378771|4|0|0|0||11|11|11|10|1|1|0.497035|0|97.5276|0|4.18316|0|0|0|0|INTO_SUPPLY|8.9|0.748315|0|1.0005e+07|2025-07-21|2026-04-17
prod|cohort|CODI|2026-04-20|188||0|10.57|10.51|0.570885|6.92361|0.00391447|0.0129968|0.0051054|7|1|0|0||0|0|0|0|0|0||1|18.1705|1|5.8615|0.0432435|0.0432435|0|1|CLEAR_AIR|10.79|0.97405|0|9.68197e+06|2025-07-21|2026-04-17
prod|cohort|DFTX|2026-04-20|64||0|25.63|22.68|13.0071|5.45953|0|0|0.0195553|2|1|0|0||0|0|0|0|0|0||1|51.412|0|4.5138|0.213209|0.297761|0|0|CLEAR_AIR|23.41|0.968817|1|3.32331e+07|2026-01-15|2026-04-17
prod|cohort|EDSA|2026-04-20|188||0|6.03|5.93|1.68634|14.0455|0.124627|0.135488|0.130609|3|0|0|0||5|5|5|0|5|2|0.440171|0|40.7199|0|1.22332|0|0|0|0|INTO_SUPPLY|9.37|0.632871|0|1.39934e+06|2025-07-21|2026-04-17
prod|cohort|ETHD|2026-04-20|188||0|49.94|45.73|9.20621|6.20117|0.2431|0.834667|0.34382|49|12|5.06293|0|0.552172|17|7|7|0|7|2|0.600608|0|42.7621|0|7.06671|1.07682|3.81219|1|0|INTO_SUPPLY|106.8|0.428184|0|3.38546e+07|2025-07-21|2026-04-17
prod|cohort|FGI|2026-04-20|188||0|7.4674|6.5|14.8831|17.302|0.600196|0.00021757|0.665716|6|0|0|0||8|7|7|4|3|2|0.025232|0|62.1876|0|4.25325|0|0|0|0|IFFY_AT_FIRST_ZONE|12.6199|0.51506|0|166460|2025-07-21|2026-04-17
prod|cohort|GHRS|2026-04-20|188||0|21.44|18.34|16.9029|5.97349|0|0|0.0205154|3|2|0|0||1|1|1|1|0|0||1|57.8809|0|5.87139|0.11782|0.11782|0|0|CLEAR_AIR|19.51|0.940031|1|1.71698e+06|2025-07-21|2026-04-17
prod|cohort|HELP|2026-04-20|72||0|5.85|5.5|6.36364|5.84228|0.493824|0.430382|0.624406|4|1|3.01574|0|2.77962|2|2|2|0|2|1|0|0|36.3848|0|3.84716|0.124809|0.124809|0|0|IFFY_AT_FIRST_ZONE|8.97|0.613155|0|3.18971e+06|2026-01-05|2026-04-17
prod|cohort|HIMZ|2026-04-20|188||0|40.6118|41.81|-2.86582|14.607|0.296941|0.0646787|0.284844|14|3|0.118001|0|45.0271|19|14|14|0|14|1|0.328413|0|85.795|0|7.49398|0.170791|0.286662|0|0|INTO_SUPPLY|557.48|0.0749982|0|2.46129e+07|2025-07-21|2026-04-17
prod|cohort|HQ|2026-04-20|20||1|11.5|11.78|-2.37691|13.6098|0.469219|0.469219|0.375597|1|0|0|0||0|0|0|0|0|0||1|100|0|3.20178|0.10618|0.10618|0|0|CLEAR_AIR|14.22|0.828411|0|560669|2026-03-20|2026-04-17
prod|cohort|IONZ|2026-04-20|188||0|7.01|6.74|4.00593|17.866|0.987234|0.946159|0.995322|10|3|3.07407|0|4.00827|24|15|15|0|15|0|14.9149|0|100|0|5.43742|0.601581|1.099|0|0|CLEARED_NOTHING|127.5|0.0528627|0|2.05693e+07|2025-07-21|2026-04-17
prod|cohort|JLHL|2026-04-20|188||0|6.56|6.35|3.30709|19.8935|0.201351|0.447784|0.2129|7|0|0|0||4|1|1|0|1|0|3.48655|0|100|0|3.36531|0.114245|0.114245|0|0|CLEARED_NOTHING|17.49|0.363065|0|134721|2025-07-21|2026-04-17
prod|cohort|JTAI|2026-04-20|188||0|8.41|7.28|15.522|22.3921|0.672124|0.594363|0.764392|14|3|6.41385|0|36.5287|27|20|20|1|19|0|8.89455|0|1.70249|1|6.69879|0|0|0|1|LADDER_CLIMBING|804|0.00905473|0|1.69221e+06|2025-07-21|2026-04-17
prod|cohort|KSPI|2026-04-20|188||0|87.01|84.91|2.47321|3.4507|0.098775|0|0.139729|6|2|0.193175|0|0.0466285|5|4|4|0|4|0|1.9917|0|39.4038|0|5.3862|0.389773|0.443477|0|0|CLEARED_NOTHING|99.2|0.855948|0|3.3997e+07|2025-07-21|2026-04-17
prod|cohort|LEGN|2026-04-20|188||0|21.71|21.17|2.55078|4.6366|0.578433|0.00481222|0.623647|6|0|0|0||17|16|16|1|15|1|0.359922|0|86.8197|0|5.15028|0.0298059|0.0298059|0|0|INTO_SUPPLY|45.2972|0.467358|0|2.58065e+07|2025-07-21|2026-04-17
prod|cohort|LNZA|2026-04-20|188||0|22.71|22.57|0.620292|18.5097|0.511339|0.491482|0.517559|7|1|0|0||12|3|3|0|3|0|4.5295|0|100|0|5.5561|0.013498|0.013498|0|0|CLEARED_NOTHING|71.19|0.317039|0|578192|2025-07-21|2026-04-17
prod|cohort|LWLG|2026-04-20|188||0|12.37|12.54|-1.35566|12.1014|0.0178906|0.0339213|0.0106758|11|3|0|0||1|1|1|0|1|1|0.140286|0|53.8863|0|5.86028|0.183393|0.457704|0|0|IFFY_AT_FIRST_ZONE|13.3|0.942857|0|4.0831e+07|2025-07-21|2026-04-17
prod|cohort|LZM|2026-04-20|188||0|5.69|5.18|9.84556|7.8612|0.0970664|0.0855596|0.263171|10|2|0|0||6|5|5|1|4|4|0.625975|0|100|0|6.64415|2.41988|2.68489|1|0|INTO_SUPPLY|6.23|0.831461|0|1.2986e+06|2025-07-21|2026-04-17
prod|cohort|MAAS|2026-04-20|186||0|9.72|9.84|-1.21951|8.83176|0.0126643|0.0230085|0.0100213|18|0|0|0||0|0|0|0|0|0||1|100|0|8.61682|0.415515|0.559101|0|0|CLEAR_AIR|10.295|0.955804|0|561886|2025-07-21|2026-04-17
prod|cohort|MRVL|2026-04-20|188||0|147.51|139.69|5.59811|5.07991|0|0|0.000230184|29|6|0|0||0|0|0|0|0|0||1|31.9673|0|8.92336|0.37324|0.885955|0|0|CLEAR_AIR|139.91|0.998428|1|2.63623e+09|2025-07-21|2026-04-17
prod|cohort|MRVU|2026-04-20|46||0|72.94|65.36|11.5973|9.27152|0|0|0.00198861|9|5|0|0||0|0|0|0|0|0||1|34.3202|0|9.37414|0.438996|1.30062|0|0|CLEAR_AIR|65.5689|0.996814|1|2.58128e+06|2026-02-11|2026-04-17
prod|cohort|MVLL|2026-04-20|188||0|18.6167|16.7567|11.1|9.91703|0.106143|0|0.116497|31|9|3.09962|1|2.73152|3|3|3|0|3|0|4.55161|0|32.8889|0|8.7643|0.394725|0.932454|0|0|INTO_SUPPLY|29.599|0.566124|0|1.98737e+07|2025-07-21|2026-04-17
prod|cohort|MXL|2026-04-20|188||0|26.5|26.27|0.875523|5.22529|0.00352302|0.0125298|0.00460341|13|5|0|0||0|0|0|0|0|0||1|92.9729|0|10.1888|0.280672|0.665537|0|0|CLEAR_AIR|27.25|0.964037|0|1.81387e+07|2025-07-21|2026-04-17
prod|cohort|NKTR|2026-04-20|188||0|97.48|84.86|14.8716|5.79229|0|0|0.00207115|5|3|0|0||0|0|0|0|0|0||1|22.0898|1|4.39737|0|0|0|1|CLEAR_AIR|86.95|0.975963|1|5.10467e+07|2025-07-21|2026-04-17
prod|cohort|NXTC|2026-04-20|188||0|10.51|10.325|1.79177|10.607|0.339139|0.885219|0.349538|8|3|0|0||17|9|9|0|9|0|2.38609|0|75.0676|0|2.45309|0|0|0|0|CLEARED_NOTHING|15.7399|0.655976|0|464579|2025-07-21|2026-04-17
prod|cohort|ONDG|2026-04-20|66||0|6.16|6.41|-3.90016|15.8824|0.822708|0.818347|0.779692|2|1|0.0102212|0|0.90969|10|10|10|0|10|2|0.703704|0|40.5727|0|2.54484|0|0|0|0|INTO_SUPPLY|17.396|0.368476|0|5.30712e+06|2026-01-13|2026-04-17
prod|cohort|ONDL|2026-04-20|75||0|17.23|17.84|-3.41928|16.1653|0.844438|0.82563|0.807901|3|1|0.140021|0|0.908344|10|10|10|0|10|2|0.775503|0|40.6165|0|2.4123|0|0|0|0|INTO_SUPPLY|59.2891|0.300898|0|2.5255e+07|2025-12-30|2026-04-17
prod|cohort|ONDU|2026-04-20|66||0|9.83|10.19|-3.53288|15.2081|0.854551|0.834164|0.823379|3|1|0.107026|0|0.943171|9|9|9|0|9|1|0.782631|0|40.661|0|2.61873|0.0211126|0.0211126|0|0|INTO_SUPPLY|29.78|0.342176|0|791703|2026-01-13|2026-04-17
prod|cohort|OWLS|2026-04-20|126||0|5.3952|5.29|1.98866|3.20524|0.98442|0.912345|0.993823|3|2|0.607763|0|31.37|17|17|17|0|17|0|2.74182|0|100|0|3.746|0|0|0|0|CLEARED_NOTHING|90|0.0587778|0|103572|2025-10-16|2026-04-17
prod|cohort|PBM|2026-04-20|187||0|13.115|7.6|72.5658|14.2755|0.164481|0|0.643104|11|2|1.56898|0|0.63961|13|11|11|5|6|0|2.94167|0|100|0|14.4807|0|0|0|0|LADDER_CLIMBING|74.9375|0.101418|0|58010.5|2025-07-21|2026-04-17
prod|cohort|POET|2026-04-20|188||0|7.315|7.26|0.757576|8.48439|0.302432|0.128092|0.321161|13|3|0|0||10|8|8|0|8|5|0.15307|0|22.8681|1|4.3596|0.238693|0.331101|0|1|IFFY_AT_FIRST_ZONE|9.41|0.77152|0|5.27007e+07|2025-07-21|2026-04-17
prod|cohort|ROMA|2026-04-20|185||0|5.37|5.365|0.0931966|26.2799|0.34011|0.462765|0.340814|7|0|0|0||6|5|5|0|5|3|0.304699|0|2.97289|1|1.83837|0|0|0|1|INTO_SUPPLY|11.77|0.45582|0|1.42545e+06|2025-07-21|2026-04-17
prod|cohort|SHIM|2026-04-20|188||0|5.31|5.28|0.568182|8.68698|0.0487222|0.0900289|0.0543682|7|0|0|0||1|1|1|0|1|1|0.628471|0|80.5677|0|6.41184|0|0|0|0|INTO_SUPPLY|5.5999|0.942874|0|181599|2025-07-21|2026-04-17
prod|cohort|SILA|2026-04-20|188||0|30.505|25.53|19.4869|2.04569|0|0|0.0896002|4|1|0|0||3|3|3|3|0|0||1|42.4479|0|4.58153|0.019329|0.019329|0|0|CLEAR_AIR|26.63|0.958693|1|6.4727e+06|2025-07-21|2026-04-17
prod|cohort|SKYQ|2026-04-20|188||0|9.33|8.01|16.4794|28.9093|0.126532|0.156415|0.197832|11|1|0|0||2|0|0|0|0|0||1|20.4105|1|5.33255|1.1791|1.40236|1|0|CLEAR_AIR|19.4499|0.411827|0|1.14901e+07|2025-07-21|2026-04-17
prod|cohort|SOC|2026-04-20|188||0|13.49|13.11|2.89855|8.53168|0.350289|0.456989|0.371946|12|3|0.458762|0|11.1841|14|12|12|0|12|1|1.11215|0|58.4915|0|4.70328|0|0|0|0|CLEARED_NOTHING|31.74|0.413043|0|7.12589e+07|2025-07-21|2026-04-17
prod|cohort|STEL|2026-04-20|188||0|37.84|37.95|-0.289855|1.44945|0.208924|0.398938|0.198956|10|4|0|0||2|2|2|0|2|0|1.71385|0|41.4715|0|3.90275|0.22095|0.258446|0|0|CLEARED_NOTHING|40.21|0.943795|0|1.08259e+07|2025-07-21|2026-04-17
prod|cohort|USAR|2026-04-20|188||0|21.4|19.95|7.26817|8.37755|0.372096|0.440321|0.449776|14|2|0|0||7|6|6|2|4|2|0.0251005|0|50.0175|0|4.22772|0.505596|0.77762|0|0|IFFY_AT_FIRST_ZONE|43.98|0.453615|0|1.82177e+08|2025-07-21|2026-04-17
prod|cohort|USAX|2026-04-20|66||0|24.67|21.76|13.3732|16.3353|0.496448|0.489539|0.669265|6|3|0|0||5|4|4|0|4|2|0.657583|0|46.5956|0|4.28142|0.626074|0.862662|0|0|INTO_SUPPLY|73.35|0.29666|0|1.87158e+06|2026-01-13|2026-04-17
prod|cohort|USGG|2026-04-20|66||0|15.09|13.2|14.3182|15.832|0.401186|0.39649|0.586166|6|3|0|0||5|4|4|0|4|2|0.665538|0|48.9277|0|4.37773|0.549994|0.88037|0|0|INTO_SUPPLY|43.67|0.302267|0|1.53283e+06|2026-01-13|2026-04-17
prod|cohort|VCX|2026-04-20|21||1|86|84.47|1.81129|30.0938|0.920578|0.920578|0.93273|2|0|0|0||2|1|1|0|1|0|3.24567|0|25.7485|1|2.80891|0|0|0|1|CLEARED_NOTHING|575|0.146904|0|3.97097e+07|2026-03-19|2026-04-17
prod|cohort|VMET|2026-04-20|30||0|12.33|11.03|11.786|5.21205|0.0105401|0.0105401|0.45157|1|0|0|0||2|2|2|1|1|1|0.264531|0|42.1641|0|5.41996|0|0|0|0|INTO_SUPPLY|12.5|0.8824|0|1.41599e+06|2026-03-06|2026-04-17
prod|cohort|VTIX|2026-04-20|57||0|6.22|6.17|0.810373|11.5989|0.74285|0.74285|0.754502|1|0|0|0||6|4|4|0|4|2|0.762353|0|54.2019|0|1.28983|0.0135133|0.0135133|0|0|INTO_SUPPLY|92.74|0.0665301|0|637576|2026-01-27|2026-04-17
prod|cohort|ALAB|2026-04-21|189||0|188.75|175.8|7.36633|7.07687|0.185218|0.00929417|0.309632|16|3|0|0||15|9|9|1|8|5|0.0786069|0|26.0907|1|8.24408|0.528285|0.79256|0|1|IFFY_AT_FIRST_ZONE|262.9|0.668695|0|5.09697e+08|2025-07-21|2026-04-20
prod|cohort|ALMU|2026-04-21|189||0|18.07|16.67|8.39832|11.4256|0.240162|0.0678361|0.415146|3|1|0|0||17|13|13|1|12|6|0.220381|0|53.1788|0|4.42628|1.19626|1.19626|1|0|IFFY_AT_FIRST_ZONE|25.8828|0.644057|0|8.9248e+06|2025-07-21|2026-04-20
prod|cohort|AVEX|2026-04-21|2|history_too_thin(2d)|1|37.39||||||||||||||||||||||||||||42.34||0||2026-04-17|2026-04-20
prod|cohort|BIOA|2026-04-21|189||0|18.8|18.8|0|7.02579|0.35548|0.682032|0.35548|10|6|0|0||8|7|7|0|7|1|0.294735|0|60.5623|0|2.41559|0.0167549|0.0167549|0|0|INTO_SUPPLY|24|0.783333|0|6.86464e+06|2025-07-21|2026-04-20
prod|cohort|BTM|2026-04-21|189||0|7.1|6.41|10.7644|18.7712|0.576815|0.0514815|0.609611|12|2|0.186456|0|1.65559|16|5|5|1|4|0|3.12886|0|76.4724|0|8.51592|0.135093|0.135093|0|0|LADDER_CLIMBING|42.14|0.152112|0|661175|2025-07-21|2026-04-20
prod|cohort|BULL|2026-04-21|189||0|7.43|7.01|5.99144|5.22731|0.785506|0.0560092|0.790809|13|3|0.0257474|0|15.9891|17|16|16|0|16|0|1.67358|0|45.9023|0|9.14259|1.08471|1.50137|1|0|CLEARED_NOTHING|18.32|0.382642|0|5.597e+07|2025-07-21|2026-04-20
prod|cohort|CAR|2026-04-21|189||0|624|608.8|2.49671|15.394|0|0|0.000728041|8|1|0|0||0|0|0|0|0|0||1|66.9762|0|10.348|0|0|0|0|CLEAR_AIR|612.58|0.993829|1|8.80935e+08|2025-07-21|2026-04-20
prod|cohort|DHI|2026-04-21|189||0|166.98|153.34|8.89527|3.07544|0.153152|0.0309393|0.512447|18|3|0.331038|0|0.426455|11|10|10|3|7|4|0.00389456|0|66.4483|0|4.74244|0.387854|0.60334|0|0|IFFY_AT_FIRST_ZONE|184.545|0.830908|0|3.75088e+08|2025-07-21|2026-04-20
prod|cohort|EFOI|2026-04-21|189||0|5.74|5.44|5.51471|10.9196|0.818125|0.829097|0.881878|14|2|0|0||0|0|0|0|0|0||1|100|0|20.7009|12.7509|12.7942|1|0|CLEAR_AIR|9.84|0.552846|0|14964.4|2025-07-21|2026-04-20
prod|cohort|EGY|2026-04-21|189||0|5.58|5.35|4.29907|4.03368|0.202945|0.43123|0.259484|12|4|1.33153|0|1.04541|7|6|6|2|4|1|0.95522|0|55.0369|0|5.1103|1.21829|2.0708|1|0|INTO_SUPPLY|6.72|0.796131|0|8.93989e+06|2025-07-21|2026-04-20
prod|cohort|EWTX|2026-04-21|189||0|33.95|33.97|-0.0588755|4.55071|0.00732394|0.0283915|0.0070446|1|0|0|0||2|1|1|0|1|1|0.530755|0|49.6564|0|2.75179|0|0|0|0|INTO_SUPPLY|35|0.970571|0|2.14128e+07|2025-07-21|2026-04-20
prod|cohort|FJET|2026-04-21|83||0|5.88|5.8|1.37931|11.1703|0.933659|0.812746|0.938399|2|2|0.533026|0|2.61869|8|7|7|0|7|0|1.87267|0|84.745|0|3.10429|0|0|0|0|CLEARED_NOTHING|31.5|0.184127|0|4.90025e+06|2025-12-18|2026-04-20
prod|cohort|FRMI|2026-04-21|138||0|5.76|5.4|6.66667|10.3|0.795736|0.611299|0.866979|9|3|4.66051|1|10.602|14|11|11|0|11|0|3.22797|0|86.6027|0|3.39034|1.12651|1.79373|1|0|INTO_SUPPLY|36.9899|0.145986|0|7.508e+07|2025-10-01|2026-04-20
prod|cohort|GRPN|2026-04-21|189||0|17.48|14.95|16.9231|7.70248|0.524726|0|0.694555|4|0|0|0||14|12|12|2|10|2|0.89127|0|100|0|4.91038|0|0|0|0|INTO_SUPPLY|43.08|0.347029|0|1.41573e+07|2025-07-21|2026-04-20
prod|cohort|HCAI|2026-04-21|189||0|5.94|5.5001|7.99804|17.8744|0.957433|0.947219|0.965827|6|3|1.15847|1|2.6466|21|17|17|0|17|2|0|0|30.9093|0|8.01497|6.5785|7.67454|1|0|IFFY_AT_FIRST_ZONE|28.797|0.190996|0|144741|2025-07-21|2026-04-20
prod|cohort|HTCO|2026-04-21|189||0|10.6|9.99|6.10611|17.0214|0.182245|0.146992|0.274797|7|0|0|0||14|9|9|0|9|8|0.587497|0|9.68294|1|2.71717|0|0|0|1|INTO_SUPPLY|15.44|0.647021|0|2.9538e+06|2025-07-21|2026-04-20
prod|cohort|IMOS|2026-04-21|189||0|46.65|43.49|7.26604|4.54307|0.0364117|0.0675005|0.0960563|68|20|0|0||3|1|1|0|1|0|1.52873|0|100|0|7.83718|1.27231|2.82177|2|0|CLEARED_NOTHING|49.8899|0.87172|0|1.9933e+06|2025-07-21|2026-04-20
prod|cohort|JLHL|2026-04-21|189||0|10.7|9.44|13.3475|22.8837|0.0814136|0.162524|0.1406|7|0|0|0||2|1|1|0|1|1|0.167446|0|100|0|2.92556|0.0993164|0.0993164|0|0|IFFY_AT_FIRST_ZONE|17.49|0.539737|0|142942|2025-07-21|2026-04-20
prod|cohort|LCID|2026-04-21|189||0|7.18|6.75|6.37037|6.89267|0.982444|0.941363|1|12|4|0.99395|0|0.0404127|26|20|20|0|20|0|5.09855|0|71.9484|0|5.28018|0.0596226|0.0596226|0|0|CLEARED_NOTHING|33.1|0.203927|0|6.03512e+07|2025-07-21|2026-04-20
prod|cohort|LZM|2026-04-21|189||0|5.81|5.45|6.6055|8.15478|0.0853762|0.108608|0.215774|11|3|0|0||5|5|5|0|5|5|0.0211063|0|100|0|7.24178|2.33276|2.7066|1|0|IFFY_AT_FIRST_ZONE|6.4|0.851562|0|1.2986e+06|2025-07-21|2026-04-20
prod|cohort|MOB|2026-04-21|189||0|5.48|5.11|7.2407|9.84078|0.764849|0.716938|0.823584|2|0|0|0||22|20|20|1|19|5|0.0517362|0|26.8183|1|2.2055|0|0|0|1|IFFY_AT_FIRST_ZONE|11.02|0.463702|0|1.25206e+06|2025-07-21|2026-04-20
prod|cohort|MXL|2026-04-21|189||0|33.52|31.73|5.64135|5.98701|0|0|0.00639822|13|5|0|0||0|0|0|0|0|0||1|100|0|13.1754|0.244963|0.580861|0|0|CLEAR_AIR|33.135|0.957598|1|1.81387e+07|2025-07-21|2026-04-20
prod|cohort|NVTS|2026-04-21|189||0|14.445|13.2|9.43182|8.18269|0.0857935|0|0.134347|19|3|0|0||2|1|1|0|1|1|0.587992|0|86.7546|0|6.86458|0.556287|0.556287|0|0|INTO_SUPPLY|17.79|0.74199|0|1.67193e+08|2025-07-21|2026-04-20
prod|cohort|PBI|2026-04-21|189||0|14.25|13.19|8.03639|2.65848|0|0|0.000110098|7|3|0|0||0|0|0|0|0|0||1|100|0|7.7016|0.386973|0.43574|0|0|CLEAR_AIR|13.2|0.999242|1|2.65939e+07|2025-07-21|2026-04-20
prod|cohort|POET|2026-04-21|189||0|9.03|8.59|5.12224|9.231|0.0253462|0.0125554|0.0691043|13|3|0|0||3|3|3|1|2|2|0.131964|0|65.8642|0|6.11319|0.219388|0.304321|0|0|IFFY_AT_FIRST_ZONE|9.41|0.912859|0|5.44596e+07|2025-07-21|2026-04-20
prod|cohort|QTTB|2026-04-21|189||0|6.99|6.65|5.11278|12.4813|0.00916437|0.123965|0.0151263|4|1|0|0||2|2|2|0|2|2|0.928424|0|38.9043|0|2.35726|0|0|0|0|INTO_SUPPLY|8.045|0.8266|0|1.64125e+06|2025-07-21|2026-04-20
prod|cohort|SNSE|2026-04-21|188||0|32.81|31.39|4.52373|11.9039|0.0374445|0.0517327|0.0984238|8|1|0|0||6|6|6|2|4|4|0.0371255|0|22.7698|1|2.66153|0|0|0|1|IFFY_AT_FIRST_ZONE|36.76|0.853917|0|1.70443e+06|2025-07-21|2026-04-20
prod|cohort|SOUN|2026-04-21|189||0|8.85|8.32|6.37019|6.40528|0.813963|0.117018|0.846898|12|4|0.0352816|0|7.65611|19|16|16|1|15|2|0.264612|0|40.1656|0|5.26535|0.114124|0.30081|0|0|INTO_SUPPLY|22.17|0.375282|0|1.33712e+08|2025-07-21|2026-04-20
prod|cohort|UNH|2026-04-21|189||0|353.01|323.48|9.12885|2.62209|0.0973698|0.0192083|0.362663|16|4|0|0||9|6|6|0|6|2|0.525051|0|29.2675|1|7.80867|2.36529|2.40608|1|0|INTO_SUPPLY|381|0.849029|0|1.89777e+09|2025-07-21|2026-04-20
prod|cohort|UPBD|2026-04-21|189||0|20.75|19.91|4.21899|3.84877|0.409757|0.182694|0.48437|11|4|0.187824|0|4.04448|16|13|12|2|10|2|0.112695|0|43.0256|0|3.46149|0.268356|0.349607|0|0|IFFY_AT_FIRST_ZONE|28.025|0.710437|0|1.38438e+07|2025-07-21|2026-04-20
prod|cohort|VCX|2026-04-21|22||1|95.5|91.92|3.89469|29.0266|0.851644|0.851644|0.872926|2|0|0|0||2|1|1|0|1|0|2.68755|0|35.5552|0|1.64847|0|0|0|0|CLEARED_NOTHING|575|0.159861|0|3.97097e+07|2026-03-19|2026-04-20
prod|cohort|YSS|2026-04-21|56||0|39.28|38.47|2.10554|11.6323|0.00589948|0.00589948|0.0187238|1|1|0|0||1|1|1|0|1|1|0.168521|0|44.5431|0|4.80922|0|0|0|0|IFFY_AT_FIRST_ZONE|40.05|0.960549|0|5.63905e+07|2026-01-29|2026-04-20
prod|cohort|AGL|2026-04-22|190||0|25|24.48|2.12418|17.3992|0.282254|0.102175|0.313106|5|1|1.46846|0|2.46851|13|6|6|0|6|3|0.977057|0|73.7964|0|6.6715|0|0|0|0|INTO_SUPPLY|57.25|0.427598|0|7.38363e+06|2025-07-21|2026-04-21
prod|cohort|ANRO|2026-04-22|190||0|26.22|25.59|2.4619|7.70885|0.00799246|0.0619139|0.0129918|3|1|0|0||2|2|2|0|2|2|0.633268|0|51.3261|0|3.52979|0|0|0|0|INTO_SUPPLY|28.11|0.910352|0|7.13152e+06|2025-07-21|2026-04-21
prod|cohort|ARMP|2026-04-22|190||0|14.98|14.8|1.21622|11.3519|0.0621392|0|0.0705769|5|1|0|0||1|0|0|0|0|0||1|53.7238|0|3.52975|0|0|0|0|CLEAR_AIR|16.34|0.905753|0|376055|2025-07-21|2026-04-21
prod|cohort|ASST|2026-04-22|190||0|16.38|15.31|6.9889|7.86478|0.62607|0.0163779|0.675303|20|7|9.61149|0|36.9649|14|8|8|0|8|0|1.87852|0|45.4074|0|7.60144|0.559984|1.41437|0|0|CLEARED_NOTHING|252|0.060754|0|3.55446e+07|2025-07-21|2026-04-21
prod|cohort|ASTS|2026-04-22|190||0|84.66|80.01|5.81177|9.20333|0.407627|0.741653|0.509877|17|2|0.00256689|0|0.0295192|20|14|14|1|13|6|0.101392|0|62.1215|0|2.27122|0.484653|0.484653|0|0|IFFY_AT_FIRST_ZONE|129.89|0.615983|0|1.236e+09|2025-07-21|2026-04-21
prod|cohort|BNAI|2026-04-22|190||0|34.2|32.69|4.61915|11.556|0.131501|0.600906|0.137295|17|6|0.827802|0|3.84347|7|3|3|0|3|1|0.485102|0|38.8627|0|5.03922|0.497117|0.497117|0|0|INTO_SUPPLY|86.28|0.378883|0|1.78895e+07|2025-07-21|2026-04-21
prod|cohort|BSX|2026-04-22|190||0|62.51|59.52|5.02352|2.85187|0.938012|0.864876|0.99928|13|3|6.97255|0|0.645087|20|16|16|0|16|0|1.71088|0|87.227|0|2.85156|0.131022|0.131022|0|0|CLEARED_NOTHING|109.5|0.543562|0|8.90196e+08|2025-07-21|2026-04-21
prod|cohort|BTGO|2026-04-22|62||0|11.5|10.92|5.31136|7.75509|0.605115|0.401401|0.671831|4|0|0|0||4|3|3|1|2|2|0.852175|0|41.5463|0|4.99785|0|0|0|0|INTO_SUPPLY|24.5|0.445714|0|4.99474e+06|2026-01-22|2026-04-21
prod|cohort|BTM|2026-04-22|190||0|6.53|6.42|1.7134|19.2462|0.601062|0.121175|0.610442|12|2|0.197728|0|2.20922|16|5|5|0|5|1|0.201309|0|66.6671|0|7.9584|0.131759|0.131759|0|0|IFFY_AT_FIRST_ZONE|42.14|0.152349|0|723732|2025-07-21|2026-04-21
prod|cohort|CAR|2026-04-22|190||0|774.99|713.97|8.54658|16.4357|0|0|0.0144608|8|1|0|0||0|0|0|0|0|0||1|74.3395|0|11.528|0|0|0|0|CLEAR_AIR|765.94|0.932149|1|1.29355e+09|2025-07-21|2026-04-21
prod|cohort|CVKD|2026-04-22|190||0|5.54|5.38|2.97398|12.0995|0.89504|0.723843|0.913595|5|1|1.9825|0|6.04194|19|16|16|1|15|3|0.760837|0|83.3639|0|1.80632|0|0|0|0|INTO_SUPPLY|14.64|0.367486|0|192561|2025-07-21|2026-04-21
prod|cohort|DQ|2026-04-22|190||0|20.67|20.17|2.47893|4.10838|0.989724|0.958308|0.998956|14|0|0|0||27|22|22|0|22|0|1.80169|0|100|0|2.30016|0.12211|0.12211|0|0|CLEARED_NOTHING|36.59|0.551244|0|9.33473e+06|2025-07-21|2026-04-21
prod|cohort|EXOD|2026-04-22|190||0|8.05|7.8|3.20513|9.7868|0.915848|0.667795|0.925516|4|1|0|0||26|17|17|0|17|1|0.431561|0|40.5179|0|2.8671|0.252843|0.277179|0|0|INTO_SUPPLY|39.9248|0.195367|0|465280|2025-07-21|2026-04-21
prod|cohort|FBYD|2026-04-22|190||0|13.97|13.82|1.08538|16.2468|0.326108|0.0317946|0.336457|4|0|0|0||8|7|7|0|7|5|0.182581|0|38.9152|0|1.67175|0|0|0|0|IFFY_AT_FIRST_ZONE|29.02|0.476223|0|927922|2025-07-21|2026-04-21
prod|cohort|FCEL|2026-04-22|190||0|9.99|9.49|5.2687|7.62511|0.109012|0.0316529|0.179919|8|1|0|0||5|5|5|0|5|3|0.236299|0|100|0|6.33117|0.172813|0.172813|0|0|IFFY_AT_FIRST_ZONE|11.99|0.791493|0|7.9703e+06|2025-07-21|2026-04-21
prod|cohort|FRMI|2026-04-22|139||0|5.155|5.06|1.87747|10.6163|0.913564|0.837686|0.93425|9|3|5.01579|0|1.14203|15|12|12|0|12|0|3.44436|0|97.6299|0|3.33606|1.09294|1.28243|1|0|CLEARED_NOTHING|36.9899|0.136794|0|7.55888e+07|2025-10-01|2026-04-21
prod|cohort|GEV|2026-04-22|190||0|1076.16|991.3|8.56048|3.66909|0|0|0.0154356|14|3|0|0||1|1|1|1|0|0||1|34.8482|0|3.61745|0.586843|1.02927|0|0|CLEAR_AIR|1016|0.975689|1|2.09571e+09|2025-07-21|2026-04-21
prod|cohort|GLSI|2026-04-22|190||0|24.05|22.91|4.97599|8.32094|0.488702|0.870343|0.560292|8|3|0|0||12|10|10|0|10|1|0.784734|0|99.9154|0|2.79861|0.555246|0.559769|0|0|INTO_SUPPLY|34.1|0.671848|0|3.00036e+06|2025-07-21|2026-04-21
prod|cohort|GSIT|2026-04-22|190||0|6.74|6.53|3.21593|7.16859|0.847547|0.531748|0.868576|7|2|0.848575|0|2.66991|13|4|4|2|2|0|6.97487|0|38.1415|0|3.46253|0.0814187|0.108453|0|0|LADDER_CLIMBING|18.15|0.35978|0|3.67844e+06|2025-07-21|2026-04-21
prod|cohort|HCAI|2026-04-22|190||0|8.64|6.79|27.2459|18.6646|0.885426|0.858342|0.936412|6|2|0.663515|0|0.0682118|19|18|18|4|14|0|2.77169|0|33.5244|0|7.1539|6.29999|7.34962|1|0|LADDER_CLIMBING|28.797|0.235788|0|235631|2025-07-21|2026-04-21
prod|cohort|HCSG|2026-04-22|190||0|24|19.35|24.031|3.28139|0|0|0.257861|8|2|0|0||11|10|10|10|0|0||1|32.2731|0|2.60714|0.0242893|0.0242893|0|0|CLEAR_AIR|22.98|0.842037|1|1.02675e+07|2025-07-21|2026-04-21
prod|cohort|HQ|2026-04-22|22||1|12.01|11.75|2.21277|12.1251|0.352043|0.352043|0.436325|1|0|0|0||1|1|1|0|1|0|1.51762|0|81.0274|0|4.27774|0.119181|0.119181|0|0|CLEARED_NOTHING|14.22|0.826301|0|560669|2026-03-20|2026-04-21
prod|cohort|IMOS|2026-04-22|190||0|49.1|45.92|6.92509|4.60198|0.00510595|0.00943754|0.0548483|68|20|0|0||1|1|1|0|1|1|0.34958|0|97.0457|0|7.11224|1.25602|2.78565|2|0|INTO_SUPPLY|49.8899|0.920427|0|1.9933e+06|2025-07-21|2026-04-21
prod|cohort|INBX|2026-04-22|190||0|147.5|84.08|75.4282|7.39052|0|0|0.0832762|8|3|0|0||8|4|4|4|0|0||1|45.6657|0|4.62281|0.366754|0.578647|0|0|CLEAR_AIR|94.565|0.889124|1|1.68969e+07|2025-07-21|2026-04-21
prod|cohort|JBIO|2026-04-22|190||0|23.01|23.01|0|7.12223|0.0213338|0.0427547|0.0213338|1|0|0|0||0|0|0|0|0|0||1|41.0984|0|7.27829|0.0429112|0.0429112|0|0|CLEAR_AIR|24.51|0.9388|0|1.07088e+07|2025-07-21|2026-04-21
prod|cohort|KYTX|2026-04-22|190||0|11.08|9.71|14.1092|8.15857|0.10179|0.0246635|0.16663|9|1|0|0||4|0|0|0|0|0||1|96.9224|0|3.43092|0.0864041|0.0864041|0|0|CLEAR_AIR|13.67|0.710315|0|5.91906e+06|2025-07-21|2026-04-21
prod|cohort|KZIA|2026-04-22|190||0|10.5|10.24|2.53906|11.0649|0.0643453|0.0675767|0.0743943|7|0|0|0||6|3|3|0|3|1|1.0759|0|50.5625|0|3.89311|0|0|0|0|CLEARED_NOTHING|17.4|0.588506|0|1.62842e+06|2025-07-21|2026-04-21
prod|cohort|LEU|2026-04-22|190||0|196|191.55|2.32315|6.36812|0.843795|0.67681|0.881583|8|1|0.240364|0|4.96735|24|17|17|0|17|3|0.560822|0|46.429|0|2.49098|0.195108|0.195108|0|0|INTO_SUPPLY|464.25|0.412601|0|1.38794e+08|2025-07-21|2026-04-21
prod|cohort|MAAS|2026-04-22|188||0|8.78|9.08|-3.30396|16.1489|0.430502|0.571085|0.410265|18|0|0|0||0|0|0|0|0|0||1|100|0|5.16755|0.227243|0.227243|0|0|CLEAR_AIR|20.89|0.434658|0|752479|2025-07-21|2026-04-21
prod|cohort|MAS|2026-04-22|190||0|74.17|66.76|11.0995|2.91449|0.1111|0.194536|0.51666|14|3|0|0||12|9|9|5|4|2|0.261371|0|72.1646|0|4.16059|1.05953|1.31257|1|0|INTO_SUPPLY|79.19|0.843036|0|1.49124e+08|2025-07-21|2026-04-21
prod|cohort|MAZE|2026-04-22|190||0|27.33|25.69|6.38381|8.55972|0.7265|0.932226|0.786952|3|2|2.16297|0|5.84345|11|5|5|0|5|2|0.739472|0|55.874|0|1.74317|0|0|0|0|INTO_SUPPLY|53.65|0.478844|0|2.71958e+07|2025-07-21|2026-04-21
prod|cohort|MCRI|2026-04-22|190||0|103|98.58|4.48367|2.67921|0.144736|0|0.402638|6|0|0|0||10|8|8|4|4|3|0.554432|0|46.294|0|1.68915|0|0|0|0|INTO_SUPPLY|108.515|0.908446|0|9.59801e+06|2025-07-21|2026-04-21
prod|cohort|MOB|2026-04-22|190||0|6.3|6.08|3.61842|10.0283|0.573939|0.36631|0.624871|3|1|0|0||18|16|16|2|14|6|0.17411|0|60.6254|0|2.87456|0.312227|0.312227|0|0|IFFY_AT_FIRST_ZONE|11.02|0.551724|0|1.25206e+06|2025-07-21|2026-04-21
prod|cohort|MPLT|2026-04-22|121||0|28.16|27.62|1.9551|8.33955|0.0320298|0.0828987|0.0404067|2|1|0|0||2|2|2|0|2|2|0.902736|0|36.8371|0|4.36038|0.239737|0.239737|0|0|INTO_SUPPLY|31.13|0.887247|0|5.72179e+06|2025-10-27|2026-04-21
prod|cohort|MSTR|2026-04-22|190||0|174.925|163.97|6.6811|5.65463|0.415698|0|0.525652|25|4|0.423602|0|8.41997|17|12|12|2|10|0|1.54428|0|86.1265|0|6.99449|0.547131|1.14173|0|0|LADDER_CLIMBING|437|0.375217|0|2.25395e+09|2025-07-21|2026-04-21
prod|cohort|NMAX|2026-04-22|190||0|7.5|7.28|3.02198|8.01856|0.66875|0.0420071|0.699207|3|1|0|0||18|14|14|1|13|4|0.581983|0|38.8443|0|4.26751|0.160769|0.160769|0|0|INTO_SUPPLY|15.94|0.456713|0|5.08813e+06|2025-07-21|2026-04-21
prod|cohort|NNE|2026-04-22|190||0|24.89|23.78|4.66779|7.07495|0.866953|0.417486|0.904665|11|1|0|0||21|18|18|0|18|2|0.94267|0|54.4712|0|3.70971|0.64629|0.64629|0|0|INTO_SUPPLY|60.87|0.390669|0|3.74417e+07|2025-07-21|2026-04-21
prod|cohort|NUCL|2026-04-22|39||0|10.94|10.6|3.20755|13.3175|0.192399|0.192399|0.231275|3|1|0|0||1|1|1|0|1|0|1.57179|0|73.7912|0|4.42832|0.354937|0.354937|0|0|CLEARED_NOTHING|13.23|0.801209|0|3.36084e+06|2026-02-25|2026-04-21
prod|cohort|NVTS|2026-04-22|190||0|16.125|15.33|5.18591|8.71872|0.0257961|0.0132612|0.0543967|20|4|0|0||1|0|0|0|0|0||1|89.0569|0|8.16336|0.669058|1.19114|0|0|CLEAR_AIR|17.79|0.86172|0|1.67193e+08|2025-07-21|2026-04-21
prod|cohort|OCC|2026-04-22|190||0|11.6|10.97|5.74294|11.8787|0.0148027|0.0325388|0.0551342|8|1|0|0||3|1|1|0|1|1|0.261262|0|50.8432|0|2.64171|0|0|0|0|INTO_SUPPLY|12.27|0.894051|0|1.47356e+06|2025-07-21|2026-04-21
prod|cohort|POET|2026-04-22|190||0|11.525|10.25|12.439|9.97148|0|0|0.0138178|13|3|0|0||0|0|0|0|0|0||1|100|0|6.94977|0.203096|0.281722|0|0|CLEAR_AIR|11.09|0.924256|1|5.64879e+07|2025-07-21|2026-04-21
prod|cohort|PURR|2026-04-22|95||0|6.01|5.64|6.56028|8.29702|0.162221|0.189511|0.261033|8|3|0|0||6|4|4|0|4|3|0.521407|0|61.1787|0|3.4619|0.443651|0.884821|0|0|INTO_SUPPLY|6.88|0.819767|0|2.5653e+07|2025-12-03|2026-04-21
prod|cohort|RCI|2026-04-22|190||0|34.18|32.99|3.60715|2.33912|0.839239|0.790538|0.976767|6|1|0.731698|0|4.12128|17|11|11|2|9|1|1.25077|0|16.9099|1|7.72039|0.655728|0.655728|0|1|LADDER_CLIMBING|41.14|0.801896|0|4.77741e+07|2025-07-21|2026-04-21
prod|cohort|RCUS|2026-04-22|190||0|25|24.52|1.95759|5.58475|0.0662494|0|0.0824597|7|4|0.0716236|1||4|4|4|3|1|1|1.00273|0|100|0|2.29926|0.242792|0.242792|0|0|INTO_SUPPLY|26.4|0.928788|0|1.75372e+07|2025-07-21|2026-04-21
prod|cohort|RDW|2026-04-22|190||0|10.73|10.31|4.07371|9.22049|0.256311|0.277559|0.324149|11|1|0.0303227|0|6.65077|9|5|5|0|5|2|0.656991|0|46.1186|0|3.00709|0.102074|0.102074|0|0|INTO_SUPPLY|20.33|0.507132|0|1.68046e+08|2025-07-21|2026-04-21
prod|cohort|ROLR|2026-04-22|190||0|7.85|7.56|3.83598|15.5029|0.834339|0.698843|0.865892|11|2|0.912094|0|6.36822|3|2|2|0|2|1|1.33938|0|36.0157|0|7.27737|2.5979|2.5979|1|0|CLEARED_NOTHING|33.68|0.224466|0|461109|2025-07-21|2026-04-21
prod|cohort|SHLS|2026-04-22|190||0|7.14|6.87|3.93013|6.27453|0.617949|0.423166|0.692406|14|3|3.28124|0|2.65624|17|10|10|0|10|4|0.208705|0|51.4734|0|1.88854|0.459974|0.701215|0|0|IFFY_AT_FIRST_ZONE|11.36|0.604754|0|2.89186e+07|2025-07-21|2026-04-21
prod|cohort|SPRB|2026-04-22|151||0|56.75|51.69|9.78913|10.2141|0.850432|0.722182|0.893079|5|2|1.54922|0|0.334686|16|14|14|0|14|0|2.63004|0|100|0|2.78911|1.25786|1.25786|1|0|CLEARED_NOTHING|240|0.215375|0|3.6753e+06|2025-09-15|2026-04-21
prod|cohort|SUPX|2026-04-22|190||0|8.43|8.31|1.44404|13.4656|0.911733|0.740158|0.919091|6|4|0.202616|0|6.65111|26|21|21|0|21|2|1.27736|0|42.3566|0|2.13817|0.0830919|0.0830919|0|0|CLEARED_NOTHING|76.5|0.108627|0|2.45691e+06|2025-07-21|2026-04-21
prod|cohort|TFX|2026-04-22|190||0|136|124.75|9.01804|3.32614|0.00265149|0|0.240933|13|2|0|0||8|4|4|3|1|1|0.210012|0|87.498|0|4.22713|0.265485|0.265485|0|0|IFFY_AT_FIRST_ZONE|136.95|0.910916|0|8.87433e+07|2025-07-21|2026-04-21
prod|cohort|TRT|2026-04-22|187||0|7.11|7.05|0.851064|7.56688|0.049199|0.0065248|0.0663695|12|1|0|0||3|3|3|0|3|3|0.164868|0|35.6934|0|2.52099|0|0|0|0|IFFY_AT_FIRST_ZONE|7.6|0.927632|0|363674|2025-07-21|2026-04-21
prod|cohort|USAR|2026-04-22|190||0|24.18|22.85|5.82057|8.3606|0.273793|0.250525|0.324069|15|3|0|0||4|3|3|1|2|1|1.07836|0|83.1517|0|5.85212|0.506621|1.01302|0|0|LADDER_CLIMBING|43.98|0.519554|0|1.82177e+08|2025-07-21|2026-04-21
prod|cohort|VELO|2026-04-22|169||0|15.87|15.3|3.72549|13.4312|0.109664|0.0275839|0.145105|5|2|0|0||8|8|8|2|6|4|0.00938296|0|69.7209|0|4.01846|0.159498|0.159498|0|0|IFFY_AT_FIRST_ZONE|23.84|0.641779|0|1.98735e+07|2025-08-19|2026-04-21
prod|cohort|WATT|2026-04-22|190||0|24.27|23.53|3.14492|14.4123|0.0238795|0.0413381|0.0349879|5|2|0|0||0|0|0|0|0|0||1|38.4782|0|4.58858|0.616682|0.616682|0|0|CLEAR_AIR|27.1545|0.866523|0|7.93238e+06|2025-07-21|2026-04-21
prod|cohort|WLAC|2026-04-22|180||0|14|12.95|8.10811|3.91261|0.0428118|0.0362854|0.177958|6|2|0|0||8|2|2|0|2|1|0.620704|0|100|0|7.99542|0|0|0|0|INTO_SUPPLY|15.19|0.852535|0|2.70267e+06|2025-07-21|2026-04-21
prod|cohort|WOLF|2026-04-22|190||0|26.49|24.7|7.24696|10.6638|0.0669366|0.0838032|0.0816593|14|3|0|0||5|4|4|0|4|0|1.94701|0|81.9139|0|4.12739|0.287319|0.287319|0|0|CLEARED_NOTHING|36.6|0.674863|0|2.9986e+07|2025-07-21|2026-04-21
prod|cohort|WSHP|2026-04-22|107||0|11.28|10.11|11.5727|28.4307|0.868884|0.865641|0.877057|14|2|0.143437|0|1.02277|14|11|11|0|11|0|2.68785|0|42.2477|0|6.56568|2.14381|2.24577|1|0|CLEARED_NOTHING|250|0.04044|0|741419|2025-11-14|2026-04-21
prod|cohort|WW|2026-04-22|190||0|9.15|9.12|0.328947|9.16755|0.997785|0.992791|0.998062|6|0|0|0||23|20|20|0|20|0|2.81344|0|67.0872|0|5.11625|0.0544948|0.0544948|0|0|CLEARED_NOTHING|45|0.202667|0|3.94086e+06|2025-07-21|2026-04-21
prod|cohort|XNDU|2026-04-22|17||1|26.91|22.9|17.5109|25.1207|0.511552|0.511552|0.626317|1|1|0|0||1|1|1|0|1|0|2.29734|0|78.0023|0|11.1959|0.0208145|0.0208145|0|0|CLEARED_NOTHING|42.44|0.539585|0|8.0202e+06|2026-03-27|2026-04-21
prod|cohort|AKAN|2026-04-23|191||0|12.69|10.21|24.2899|15.5412|0.169499|0|0.335449|7|1|0.142482|0|27.6491|19|14|14|0|14|3|0.181525|0|100|0|14.91|0|0|0|0|IFFY_AT_FIRST_ZONE|209.025|0.0488458|0|111453|2025-07-21|2026-04-22
prod|cohort|AMSC|2026-04-23|191||0|51.25|48.15|6.43821|6.29776|0.322577|0|0.372371|10|4|1.49647|1||5|5|5|0|5|0|3.33064|0|68.6655|0|6.98846|0.206412|0.384437|0|0|INTO_SUPPLY|70.4857|0.683117|0|3.5857e+07|2025-07-21|2026-04-22
prod|cohort|APLD|2026-04-23|191||0|34.8|32.43|7.30805|8.30127|0.186438|0.214637|0.292433|21|3|0|0||8|8|8|1|7|3|0.0210811|0|41.6937|0|3.44182|0.842001|1.5061|0|0|IFFY_AT_FIRST_ZONE|42.27|0.767211|0|5.74579e+08|2025-07-21|2026-04-22
prod|cohort|BTM|2026-04-23|191||0|7.47|7.6|-1.71053|19.4107|0.553298|0.0424623|0.548579|12|2|0.171382|0|1.26657|15|4|4|0|4|0|2.62073|0|78.0751|0|7.72072|0.130643|0.130643|0|0|CLEARED_NOTHING|42.14|0.180351|0|890362|2025-07-21|2026-04-22
prod|cohort|CHDN|2026-04-23|191||0|92.01|88.94|3.45177|3.19941|0.704041|0.342465|0.820287|8|0|0|0||20|15|15|1|14|2|0.896806|0|69.3218|0|2.02134|0.251359|0.251359|0|0|INTO_SUPPLY|118.455|0.750834|0|7.4827e+07|2025-07-21|2026-04-22
prod|cohort|CMCSA|2026-04-23|191||0|30.5|29.37|3.84746|2.30507|0.348433|0.349738|0.525028|6|1|1.30859|0|5.61841|14|11|11|4|7|1|0.405379|0|57.0199|0|3.19126|0|0|0|0|INTO_SUPPLY|36.015|0.815494|0|6.56514e+08|2025-07-21|2026-04-22
prod|cohort|CMCT|2026-04-23|191||0|5.83|5.93|-1.68634|27.0182|0.952986|0.906322|0.94496|14|2|6.98341|0|65.8154|25|18|18|0|18|0|1.69506|0|23.4086|1|2.61014|0|0|0|1|CLEARED_NOTHING|1441|0.0041152|0|428205|2025-07-21|2026-04-22
prod|cohort|EGG|2026-04-23|186||0|6.5|6.65|-2.25564|9.54191|0.274793|0.535367|0.241456|12|4|0|0||5|4|4|0|4|0|1.61232|0|44.4769|0|1.86696|0|0|0|0|CLEARED_NOTHING|8.19|0.811966|0|228093|2025-07-21|2026-04-22
prod|cohort|EQPT|2026-04-23|62||0|22.28|21.48|3.72439|6.40985|0.656462|0.57645|0.701205|1|0|0|0||8|7|7|0|7|0|5.04862|0|88.56|0|3.14623|0.411828|0.411828|0|0|CLEARED_NOTHING|35.5|0.60507|0|3.07632e+07|2026-01-23|2026-04-22
prod|cohort|GLND|2026-04-23|19||1|6.24|6.3|-0.952381|25.4492|0.851032|0.851032|0.845526|3|0|0|0||2|2|2|0|2|1|1.48612|0|51.7169|0|1.91837|0.0869787|0.164994|0|0|CLEARED_NOTHING|23|0.273913|0|9.77365e+06|2026-03-26|2026-04-22
prod|cohort|GSHD|2026-04-23|191||0|53.37|45.58|17.0908|5.43977|0.658436|0.190239|0.8068|6|3|2.36463|0|1.25379|20|20|20|3|17|1|0.74745|0|43.8488|0|2.18473|0|0|0|0|INTO_SUPPLY|104|0.438269|0|1.72191e+07|2025-07-21|2026-04-22
prod|cohort|HAS|2026-04-23|191||0|95.175|90.61|5.03808|3.03084|0.138642|0.42465|0.27219|6|0|0|0||7|7|7|2|5|3|0.0112321|0|100|0|2.77181|0.524069|0.524069|0|0|IFFY_AT_FIRST_ZONE|106.98|0.846981|0|1.49752e+08|2025-07-21|2026-04-22
prod|cohort|HELE|2026-04-23|191||0|24.81|19.77|25.4932|5.26891|0.0637734|0|0.534057|7|2|1.65237|1||10|6|6|5|1|0|2.15725|0|54.8546|0|6.46055|0.160027|0.164825|0|0|INTO_SUPPLY|27.63|0.715527|0|8.18752e+06|2025-07-21|2026-04-22
prod|cohort|HIMS|2026-04-23|191||0|30.33|29.01|4.55016|7.8693|0.581733|0.0189734|0.613784|14|3|0.150874|0|11.3627|17|13|13|0|13|3|0.155022|0|64.1509|0|7.13189|0.128165|0.168876|0|0|IFFY_AT_FIRST_ZONE|70.43|0.411898|0|4.83169e+08|2025-07-21|2026-04-22
prod|cohort|HLX|2026-04-23|191||0|10|9.63|3.84216|3.26822|0.0350533|0.0913072|0.0894717|13|3|0|0||3|3|3|1|2|1|0.933231|0|45.0416|0|2.33644|0.258481|0.258481|0|0|INTO_SUPPLY|10.75|0.895814|0|1.3872e+07|2025-07-21|2026-04-22
prod|cohort|HRI|2026-04-23|191||0|115|107.86|6.61969|4.81806|0.806261|0.558871|0.882421|16|4|1.99342|0|2.67831|18|6|6|0|6|0|3.04109|0|40.5436|0|4.04985|1.05021|1.43501|1|0|CLEARED_NOTHING|188.35|0.572657|0|4.9865e+07|2025-07-21|2026-04-22
prod|cohort|HXL|2026-04-23|191||0|90.965|87.15|4.37751|3.2069|0.0456689|0.128358|0.120545|11|1|0|0||4|3|3|0|3|3|0.74559|0|64.3408|0|3.84609|0.965442|1.17929|0|0|INTO_SUPPLY|95.22|0.915249|0|9.08518e+07|2025-07-21|2026-04-22
prod|cohort|IMSR|2026-04-23|120||0|8.58|8.28|3.62319|7.81456|0.522801|0.166484|0.566576|8|1|0|0||8|6|6|1|5|0|1.98363|0|89.0709|0|4.52445|0.349529|0.349529|0|0|LADDER_CLIMBING|21|0.394286|0|1.01076e+07|2025-10-29|2026-04-22
prod|cohort|LYTS|2026-04-23|191||0|22.44|20.71|8.35345|3.61677|0.265734|0.0535692|0.496859|11|1|0|0||10|9|9|1|8|5|0.28339|0|45.9752|0|3.23002|0.399058|0.413923|0|0|INTO_SUPPLY|24.75|0.836768|0|4.33379e+06|2025-07-21|2026-04-22
prod|cohort|MAAS|2026-04-23|189||0|10.19|10.3|-1.06796|18.7324|0.414048|0.517891|0.404222|18|0|0|0||1|0|0|0|0|0||1|100|0|4.35978|0|0|0|0|CLEAR_AIR|20.89|0.493059|0|906850|2025-07-21|2026-04-22
prod|cohort|MBLY|2026-04-23|191||0|8.95|7.9|13.2911|4.6078|0.762245|0.22505|0.868354|10|3|0.254609|0|0.0727453|18|16|16|2|14|1|0.31523|0|39.3782|0|2.49853|0.142155|0.142155|0|0|INTO_SUPPLY|17.12|0.461449|0|4.2492e+07|2025-07-21|2026-04-22
prod|cohort|MNTS|2026-04-23|191||0|6.74|5.55|21.4414|19.2076|0.724274|0.372311|0.840318|12|0|0|0||20|13|13|0|13|3|0.973281|0|49.4494|0|4.65603|0|0|0|0|INTO_SUPPLY|43.554|0.127428|0|7.85071e+06|2025-07-21|2026-04-22
prod|cohort|MOH|2026-04-23|191||0|164.76|153|7.68627|4.03736|0.371108|0.124136|0.560549|11|3|2.69875|1|0.296153|12|9|9|3|6|0|3.01716|0|46.9833|0|2.88472|0|0|0|0|INTO_SUPPLY|206.89|0.739523|0|1.47967e+08|2025-07-21|2026-04-22
prod|cohort|NOK|2026-04-23|191||0|10.775|9.86|9.27992|4.28953|0|0|0.0772608|35|11|0|0||2|1|1|1|0|0||1|39.8107|0|5.50896|0.474154|0.628389|0|0|CLEAR_AIR|10.69|0.922357|1|7.15023e+08|2025-07-21|2026-04-22
prod|cohort|NUCL|2026-04-23|40||0|13.48|12.46|8.1862|12.8661|0|0|0.05649|3|1|0|0||1|1|1|1|0|0||1|68.584|0|4.80244|0.367391|0.367391|0|0|CLEAR_AIR|13.23|0.941799|1|3.36084e+06|2026-02-25|2026-04-22
prod|cohort|OKLO|2026-04-23|191||0|77.73|72.41|7.34705|8.60786|0.614102|0.0965294|0.731709|13|1|0|0||16|12|12|2|10|2|0.307881|0|60.0494|0|5.56097|0.486746|0.511237|0|0|INTO_SUPPLY|193.84|0.373556|0|4.36117e+08|2025-07-21|2026-04-22
prod|cohort|ON|2026-04-23|191||0|92.805|88.99|4.287|4.04437|0|0|0.00177136|16|3|0|0||0|0|0|0|0|0||1|46.9495|0|9.33271|0.922516|1.44249|0|0|CLEAR_AIR|89.6933|0.992159|1|4.58246e+08|2025-07-21|2026-04-22
prod|cohort|PBM|2026-04-23|190||0|8.57|8.97|-4.45931|18.3638|0.609117|0.557005|0.558113|12|2|0.184715|0|5.33069|14|8|8|0|8|1|0.679894|0|100|0|17.4295|0.379753|0.379753|0|0|INTO_SUPPLY|74.9375|0.1197|0|69128.2|2025-07-21|2026-04-22
prod|cohort|PENN|2026-04-23|191||0|15.5|14.77|4.94245|4.33597|0.414836|0.105156|0.544116|7|1|0|0||18|12|12|1|11|4|0.275266|0|88.0591|0|2.22655|0.169128|0.169128|0|0|INTO_SUPPLY|20.605|0.716816|0|4.61035e+07|2025-07-21|2026-04-22
prod|cohort|QS|2026-04-23|191||0|9.657|7.31|32.1067|5.36997|0.70045|0.0413237|0.902317|10|4|0.0593932|0|1.31706|20|17|17|3|14|1|0.0829191|0|46.6079|0|3.26754|0.405117|0.50792|0|0|IFFY_AT_FIRST_ZONE|19.0699|0.383327|0|5.92155e+07|2025-07-21|2026-04-22
prod|cohort|RDY|2026-04-23|191||0|13.66|12.84|6.38629|1.80304|0.707148|0.614774|0.994084|37|3|0|0||11|10|10|1|9|2|0.857507|0|47.2674|0|2.95459|0.700705|1.97338|0|0|INTO_SUPPLY|15.055|0.852873|0|2.61295e+07|2025-07-21|2026-04-22
prod|cohort|RYM|2026-04-23|161||0|34|30.42|11.7686|8.78974|0.380176|0|0.455666|8|1|0|0||7|6|6|1|5|1|1.11795|0|38.4249|0|3.4448|2.50541|2.50541|1|0|LADDER_CLIMBING|53.65|0.567008|0|220276|2025-09-02|2026-04-22
prod|cohort|SHMD|2026-04-23|191||0|6.7|6.49|3.23575|12.2474|0.389817|0.491451|0.455003|4|0|0|0||12|9|9|0|9|4|0.475276|0|42.3815|0|2.57766|0|0|0|0|INTO_SUPPLY|10.65|0.60939|0|4.00861e+06|2025-07-21|2026-04-22
prod|cohort|STM|2026-04-23|191||0|48.13|44.86|7.28934|3.31319|0|0|0.0025083|43|7|0|0||0|0|0|0|0|0||1|27.0978|1|7.88994|1.14622|2.31916|1|0|CLEAR_AIR|45.105|0.994568|1|3.5896e+08|2025-07-21|2026-04-22
prod|cohort|SUNB|2026-04-23|37||0|74.35|69.93|6.32061|4.02146|0.125767|0.125767|0.434889|3|2|0|0||3|2|2|0|2|2|0.244151|0|31.7941|0|3.39457|1.02529|1.04995|1|0|IFFY_AT_FIRST_ZONE|76.77|0.910903|0|1.39219e+08|2026-03-02|2026-04-22
prod|cohort|SUPX|2026-04-23|191||0|10.62|10.47|1.43266|13.7716|0.818651|0.485687|0.825106|6|4|0.157261|0|3.66486|23|18|18|0|18|2|0.194866|0|76.0738|0|3.17334|0.0812457|0.0812457|0|0|IFFY_AT_FIRST_ZONE|76.5|0.136863|0|2.45691e+06|2025-07-21|2026-04-22
prod|cohort|THRM|2026-04-23|191||0|31|28.75|7.82609|2.93099|0.808787|0.511165|0.90196|7|1|0|0||20|18|18|3|15|0|2.48732|0|33.7189|0|2.51546|1.32078|1.71039|1|0|LADDER_CLIMBING|39.48|0.728217|0|5.71919e+06|2025-07-21|2026-04-22
prod|cohort|TLRY|2026-04-23|191||0|9.3|7.87|18.1703|6.46021|0.693022|0|0.795343|17|1|0.0832224|0|0.0166445|16|13|13|3|10|2|0.0166445|0|82.3778|0|3.9673|0.0958475|0.164952|0|0|IFFY_AT_FIRST_ZONE|23.2|0.339224|0|1.9285e+07|2025-07-21|2026-04-22
prod|cohort|TRT|2026-04-23|188||0|11|8.26|33.1719|8.10359|0|0|0.00726945|12|1|0|0||0|0|0|0|0|0||1|76.6276|0|4.55216|0|0|0|0|CLEAR_AIR|8.47|0.975207|1|367303|2025-07-21|2026-04-22
prod|cohort|TXN|2026-04-23|191||0|260.31|236.31|10.1562|2.33153|0|0|0.00446253|18|4|0|0||0|0|0|0|0|0||1|37.1167|0|8.21755|1.24117|1.57556|1|0|CLEAR_AIR|238.8|0.989573|1|1.14756e+09|2025-07-21|2026-04-22
prod|cohort|TZOO|2026-04-23|191||0|9.77|7.49|30.4406|5.61651|0.270499|0|0.434838|9|3|0.701616|0|5.64938|7|6|6|1|5|4|0.637833|0|38.6736|0|4.72936|0|0|0|0|INTO_SUPPLY|14|0.535|0|632715|2025-07-21|2026-04-22
prod|cohort|URI|2026-04-23|191||0|943.01|802.79|17.4666|2.87392|0.154381|0|0.750402|18|2|0|0||16|12|12|6|6|3|0.670631|0|57.0865|0|3.64335|0.470597|0.470597|0|0|INTO_SUPPLY|1021.47|0.785916|0|3.59679e+08|2025-07-21|2026-04-22
prod|cohort|WST|2026-04-23|191||0|308.005|274.41|12.2426|2.64335|0.00904725|0|0.193591|12|2|0|0||9|6|6|6|0|0||1|43.9822|0|3.59345|0.117876|0.19081|0|0|CLEAR_AIR|322.34|0.851306|0|2.02744e+08|2025-07-21|2026-04-22
prod|cohort|AMD|2026-04-24|192||0|336.755|305.33|10.2921|4.36829|0|0|0.00218227|28|6|0|0||0|0|0|0|0|0||1|58.8567|0|7.8836|0.515817|0.991093|0|0|CLEAR_AIR|310.22|0.984237|1|8.3726e+09|2025-07-21|2026-04-23
prod|cohort|AMKR|2026-04-24|192||0|77.755|72.91|6.64518|5.8055|0|0|0.00319376|29|7|0|0||0|0|0|0|0|0||1|30.5185|0|7.4697|1.16835|1.22535|1|0|CLEAR_AIR|74.82|0.974472|1|2.05805e+08|2025-07-21|2026-04-23
prod|cohort|AOSL|2026-04-24|192||0|43.11|39.88|8.0993|7.72346|0.00919402|0.021508|0.0554411|19|3|0|0||0|0|0|0|0|0||1|80.6975|0|7.65858|0.292697|0.302151|0|0|CLEAR_AIR|45.22|0.881911|0|6.43164e+06|2025-07-21|2026-04-23
prod|cohort|APOG|2026-04-24|192||0|39|35.59|9.58134|3.00073|0.388473|0.205502|0.669102|11|1|0|0||21|18|18|4|14|3|0.393067|0|45.5113|0|2.84655|1.15395|1.15395|1|0|INTO_SUPPLY|46.14|0.771348|0|6.68651e+06|2025-07-21|2026-04-23
prod|cohort|APPF|2026-04-24|192||0|166.85|152.3|9.55351|3.9397|0.86055|0.650308|0.974197|7|2|1.10673|0|4.5745|23|20|20|4|16|0|3.37117|0|59.9375|0|2.64113|0.188737|0.188737|0|0|LADDER_CLIMBING|326.04|0.467121|0|4.5231e+07|2025-07-21|2026-04-23
prod|cohort|ARM|2026-04-24|192||0|221.96|204.61|8.47955|5.72132|0|0|0.00509365|28|3|0|0||0|0|0|0|0|0||1|82.5456|0|6.66385|0.0704919|0.096416|0|0|CLEAR_AIR|210.8|0.970636|1|1.08841e+09|2025-07-21|2026-04-23
prod|cohort|ATOM|2026-04-24|192||0|6.5|6.19|5.00808|9.58724|0.051837|0.0754361|0.0878573|6|2|0|0||2|2|2|0|2|1|1.30783|0|82.6788|0|5.15439|0.256535|0.256535|0|0|CLEARED_NOTHING|7.535|0.8215|0|3.09349e+06|2025-07-21|2026-04-23
prod|cohort|CAR|2026-04-24|192||0|235.4|229.14|2.73195|24.5967|0.356916|0.62851|0.365481|9|2|0.419858|0|2.90636|0|0|0|0|0|0||1|100|0|5.73715|0.22263|0.22263|0|0|CLEARED_NOTHING|847.7|0.270308|0|1.53555e+09|2025-07-21|2026-04-23
prod|cohort|CHE|2026-04-24|192||0|444.5|382.97|16.0665|2.33377|0.328683|0.16644|0.889245|10|1|1.258|1||8|8|8|5|3|0|2.52227|0|83.007|0|2.46215|0|0|0|0|INTO_SUPPLY|482.57|0.793605|0|8.73513e+07|2025-07-21|2026-04-23
prod|cohort|CMPS|2026-04-24|192||0|9.715|9.15|6.17486|6.7873|0.02938|0.057162|0.0782645|5|1|0|0||1|0|0|0|0|0||1|72.9772|0|10.0004|3.71653|3.71653|1|0|CLEAR_AIR|10.21|0.89618|0|1.0005e+07|2025-07-21|2026-04-23
prod|cohort|CTEV|2026-04-24|192||0|22.535|20.3|11.0099|7.75378|0.734781|0.210739|0.764913|8|4|1.02443|0|17.504|20|17|17|0|17|2|0.432091|0|68.0828|0|4.4151|0.249406|0.353354|0|0|INTO_SUPPLY|74.0699|0.274065|0|1.44538e+06|2025-07-21|2026-04-23
prod|cohort|EGG|2026-04-24|187||0|6.29|6.25|0.64|9.6275|0.333763|0.608781|0.345301|12|4|0|0||10|6|6|0|6|1|1.08988|0|44.6023|0|1.77262|0|0|0|0|CLEARED_NOTHING|8.19|0.763126|0|295784|2025-07-21|2026-04-23
prod|cohort|ELVR|2026-04-24|162||0|85.01|77.29|9.98836|4.45673|0|0|0.00113483|43|11|0|0||0|0|0|0|0|0||1|49.9386|0|6.51413|1.1588|1.4706|1|0|CLEAR_AIR|77.9899|0.991026|1|5.38366e+06|2025-09-02|2026-04-23
prod|cohort|GNTX|2026-04-24|192||0|24.43|23.03|6.07903|2.17414|0.389233|0.11142|0.775561|9|3|0.677783|0|2.48521|15|14|14|6|8|2|0.922538|0|42.019|0|3.47094|0.527566|0.654042|0|0|INTO_SUPPLY|29.38|0.783867|0|4.01271e+07|2025-07-21|2026-04-23
prod|cohort|INTC|2026-04-24|192||0|82.2|66.78|23.0907|5.57702|0|0|0.0177108|21|9|0|0||1|1|1|1|0|0||1|35.3598|0|5.00315|0.518503|0.518503|0|0|CLEAR_AIR|70.325|0.949591|1|6.15579e+09|2025-07-21|2026-04-23
prod|cohort|INTT|2026-04-24|192||0|17.71|17.2|2.96512|7.77586|0.0189658|0.0306094|0.048042|5|2|0|0||1|1|1|0|1|1|0.210587|0|39.2533|0|3.05608|0|0|0|0|IFFY_AT_FIRST_ZONE|18.25|0.942466|0|2.32974e+06|2025-07-21|2026-04-23
prod|cohort|LABT|2026-04-24|1|history_too_thin(1d)|1|86.5||||||||||||||||||||||||||||98.2||0||2026-04-23|2026-04-23
prod|cohort|MAAS|2026-04-24|190||0|9.21|9.11|1.09769|21.2549|0.518075|0.66466|0.527749|18|0|0|0||1|0|0|0|0|0||1|100|0|3.4988|0|0|0|0|CLEAR_AIR|20.89|0.436094|0|1.00218e+06|2025-07-21|2026-04-23
prod|cohort|MIGI|2026-04-24|192||0|6.3|5.97|5.52764|19.8285|0.566377|0.0268487|0.600297|7|1|0|0||12|8|8|0|8|1|0.84054|0|13.1534|1|4.55666|0.19472|0.19472|0|1|INTO_SUPPLY|40|0.14925|0|1.13641e+06|2025-07-21|2026-04-23
prod|cohort|MXL|2026-04-24|192||0|54|34.25|57.6642|6.75011|0|0|0.0346341|13|5|0|0||1|0|0|0|0|0||1|89.2197|0|11.1796|0.21727|0.515195|0|0|CLEAR_AIR|37.3699|0.916513|1|2.43563e+07|2025-07-21|2026-04-23
prod|cohort|OGN|2026-04-24|192||0|10.745|8.6|24.9419|7.1773|0.0199044|0|0.395449|9|2|0|0||11|8|8|7|1|1|0.70669|0|35.3947|0|6.24574|1.976|1.976|1|0|INTO_SUPPLY|11.29|0.761736|0|4.30639e+07|2025-07-21|2026-04-23
prod|cohort|PBM|2026-04-24|191||0|9.84|9.03|8.9701|18.8567|0.441285|0.365952|0.547815|12|2|0.156669|0|3.83687|14|8|8|1|7|1|1.02937|0|31.659|0|16.2593|0.369825|0.369825|0|0|LADDER_CLIMBING|74.9375|0.1205|0|74804.6|2025-07-21|2026-04-23
prod|cohort|PDC|2026-04-24|66||0|7.15|6.91|3.47323|11.5528|0.101287|0.14365|0.141139|3|1|0|0||1|1|1|0|1|1|0.907966|0|61.0212|0|6.37895|0.927423|0.94584|0|0|INTO_SUPPLY|7.96|0.86809|0|535143|2026-01-20|2026-04-23
prod|cohort|PDFS|2026-04-24|192||0|50.12|43.86|14.2727|4.38137|0|0|0.0123102|12|4|0|0||1|1|1|1|0|0||1|31.0154|0|5.46713|1.26062|1.31481|1|0|CLEAR_AIR|45.3|0.968212|1|1.26499e+07|2025-07-21|2026-04-23
prod|cohort|POET|2026-04-24|192||0|13.558|11.72|15.6826|10.6486|0|0|0.0448355|14|3|0|0||0|0|0|0|0|0||1|100|0|9.08409|0.201561|0.446883|0|0|CLEAR_AIR|12.95|0.905019|1|6.91797e+07|2025-07-21|2026-04-23
prod|cohort|QCOM|2026-04-24|192||0|145.61|133.95|8.70474|2.3835|0.66965|0.106717|0.831834|11|4|0.610844|0|0.383218|18|8|8|2|6|1|0.383218|0|56.466|0|4.24795|0.071013|0.071013|0|0|INTO_SUPPLY|205.95|0.650401|0|1.23387e+09|2025-07-21|2026-04-23
prod|cohort|QS|2026-04-24|192||0|7.5|7.41|1.21457|6.8687|0.895978|0.378541|0.898901|10|3|0.0597881|0|5.51293|20|18|18|0|18|1|0.170823|0|100|0|2.6104|0.316722|0.397094|0|0|IFFY_AT_FIRST_ZONE|19.0699|0.38857|0|6.02357e+07|2025-07-21|2026-04-23
prod|cohort|RMBS|2026-04-24|192||0|149.67|138.5|8.06498|5.67521|0|0|0.000536519|18|5|0|0||0|0|0|0|0|0||1|51.4753|0|6.84589|0.444971|1.08112|0|0|CLEAR_AIR|139.41|0.993472|1|2.14004e+08|2025-07-21|2026-04-23
prod|cohort|SPT|2026-04-24|192||0|5.7|5.6|1.78571|5.91126|0.891722|0.736249|0.927461|7|4|0.824475|0|1.79556|27|20|20|0|20|0|1.79556|0|79.4765|0|3.66432|0.0292679|0.0292679|0|0|CLEARED_NOTHING|19.51|0.287032|0|8.39428e+06|2025-07-21|2026-04-23
prod|cohort|SXT|2026-04-24|192||0|108.47|99.23|9.3117|3.12594|0.217006|0|0.364025|10|0|0|0||8|8|8|4|4|0|1.80494|0|81.6421|0|2.80946|0.11074|0.11074|0|0|LADDER_CLIMBING|121.54|0.816439|0|2.64726e+07|2025-07-21|2026-04-23
prod|cohort|TRAX|2026-04-24|4|history_too_thin(4d)|1|20.2||||||||||||||||||||||||||||21.65||0||2026-04-20|2026-04-23
prod|cohort|TRT|2026-04-24|189||0|11.87|13.78|-13.8607|9.90246|0.594384|0.70907|0.340975|13|2|0|0||0|0|0|0|0|0||1|100|0|11.7421|2.7997|2.7997|1|0|CLEAR_AIR|16.35|0.842813|0|424207|2025-07-21|2026-04-23
prod|cohort|UVE|2026-04-24|192||0|37.5|35.18|6.59466|3.15572|0|0|0.0466502|6|2|0|0||6|6|6|6|0|0||1|94.1853|0|2.09906|0|0|0|0|CLEAR_AIR|36.68|0.959106|1|5.0616e+06|2025-07-21|2026-04-23
prod|cohort|WKC|2026-04-24|192||0|28.745|23.54|22.1113|2.34804|9.66863e-05|0|0.81961|3|0|0|0||19|14|14|13|1|1|0.022224|0|49.1772|0|1.39843|0|0|0|0|IFFY_AT_FIRST_ZONE|28.76|0.818498|0|1.28972e+07|2025-07-21|2026-04-23
prod|cohort|WOLF|2026-04-24|192||0|29.1|27.55|5.62613|11.1378|0.0463636|0.0287722|0.0615843|14|3|0|0||5|5|5|0|5|2|0.354046|0|86.7851|0|3.82187|0.275091|0.275091|0|0|INTO_SUPPLY|36.6|0.752732|0|4.43187e+07|2025-07-21|2026-04-23
prod|cohort|WSHP|2026-04-24|109||0|10.46|10.36|0.965251|28.5929|0.877311|0.874338|0.878724|14|2|0.153804|0|1.37086|15|12|12|0|12|0|1.58787|0|33.5039|0|6.52843|2.13165|2.23303|1|0|CLEARED_NOTHING|250|0.04144|0|794267|2025-11-14|2026-04-23
prod|cohort|XNDU|2026-04-24|19||1|32.02|28.85|10.9879|25.1164|0.29087|0.29087|0.457792|1|1|0|0||1|1|1|0|1|1|1.29565|0|66.1348|0|7.32395|0.0208181|0.0208181|0|0|CLEARED_NOTHING|42.44|0.679783|0|2.46705e+07|2026-03-27|2026-04-23
prod|cohort|ALMU|2026-04-27|193||0|19.99|19.205|4.08748|12.9457|0.122965|0.0399645|0.172234|3|1|0|0||10|9|9|0|9|7|0.285062|0|52.084|0|5.01233|1.0558|1.0558|1|0|INTO_SUPPLY|25.8828|0.741999|0|1.37677e+07|2025-07-21|2026-04-24
prod|cohort|AMSC|2026-04-27|193||0|52.39|49.48|5.88116|6.96173|0.29278|0|0.348662|10|3|1.01172|1||5|5|5|0|5|0|2.63486|0|100|0|6.78679|0.186726|0.347771|0|0|INTO_SUPPLY|70.4857|0.701986|0|3.75525e+07|2025-07-21|2026-04-24
prod|cohort|ASYS|2026-04-27|193||0|18.64|18.77|-0.692595|7.57113|0.00582685|0.0174971|0.00432252|6|3|0|0||0|0|0|0|0|0||1|99.5171|0|5.39404|0.119579|0.119579|0|0|CLEAR_AIR|19.74|0.950861|0|2.13393e+06|2025-07-21|2026-04-24
prod|cohort|ATOM|2026-04-27|193||0|8.5|8.6|-1.16279|10.6406|0.039617|0.0551688|0.0359821|6|2|0|0||0|0|0|0|0|0||1|100|0|8.00242|0.23114|0.23114|0|0|CLEAR_AIR|9.5899|0.896777|0|3.13078e+06|2025-07-21|2026-04-24
prod|cohort|BBIO|2026-04-27|193||0|75.86|73.28|3.52074|3.87515|0.161859|0.210094|0.285371|10|3|0|0||11|10|10|3|7|6|0.0153077|0|100|0|2.13906|0.337232|0.337232|0|0|IFFY_AT_FIRST_ZONE|84.94|0.862727|0|1.16189e+08|2025-07-21|2026-04-24
prod|cohort|BEAM|2026-04-27|193||0|27.43|27.11|1.18038|5.95159|0.278166|0.42515|0.311624|8|1|0|0||12|5|5|0|5|0|1.88053|0|89.4145|0|4.15324|0.132955|0.132955|0|0|CLEARED_NOTHING|36.44|0.743963|0|5.32728e+07|2025-07-21|2026-04-24
prod|cohort|BW|2026-04-27|193||0|14.97|14.5|3.24138|9.06814|0.0957189|0.264968|0.125099|10|4|0|0||5|4|4|0|4|2|0.758747|0|88.435|0|2.52703|0|0|0|0|INTO_SUPPLY|18.8|0.771277|0|4.83189e+07|2025-07-21|2026-04-24
prod|cohort|CADL|2026-04-27|193||0|6.5|6.5|0|6.78823|0.120799|0.170631|0.120799|6|1|0|0||6|2|2|0|2|0|1.60912|0|84.671|0|7.26557|0.0716584|0.0716584|0|0|CLEARED_NOTHING|7.655|0.849118|0|6.22942e+06|2025-07-21|2026-04-24
prod|cohort|CLF|2026-04-27|193||0|10.32|9.76|5.7377|5.11446|0.772677|0.412378|0.842604|17|3|1.76199|0|0.170515|13|9|9|1|8|1|1.46832|0|90.7408|0|2.9517|0.24693|0.24693|0|0|LADDER_CLIMBING|16.7|0.584431|0|1.25145e+08|2025-07-21|2026-04-24
prod|cohort|CRML|2026-04-27|193||0|12.425|11.51|7.94961|10.8028|0.50385|0.243288|0.565161|19|4|0.856772|0|2.55169|10|7|7|2|5|2|0.98715|0|50.8632|0|4.91096|1.76749|2.0997|1|0|INTO_SUPPLY|32.15|0.358009|0|7.63914e+07|2025-07-21|2026-04-24
prod|cohort|CRSP|2026-04-27|193||0|50.59|48.785|3.69991|5.07382|0.873266|0.58196|0.930753|11|2|0.128835|0|7.84815|19|14|14|0|14|0|1.83494|0|86.5563|0|3.28781|0.171433|0.264891|0|0|CLEARED_NOTHING|78.48|0.621623|0|8.45433e+07|2025-07-21|2026-04-24
prod|cohort|CVV|2026-04-27|193||0|6.46|6.46|0|10.8506|0.00217816|0.00294657|0.00217816|3|0|0|0||0|0|0|0|0|0||1|100|0|5.39888|0|0|0|0|CLEAR_AIR|6.66|0.96997|0|529982|2025-07-21|2026-04-24
prod|cohort|DDI|2026-04-27|193||0|9.64|8.95|7.7095|3.00842|0.0572001|0|0.505964|4|0|0|0||14|14|13|10|3|2|0.459981|0|66.6559|0|1.27991|0|0|0|0|INTO_SUPPLY|10.14|0.882643|0|269583|2025-07-21|2026-04-24
prod|cohort|EDSA|2026-04-27|193||0|7.375|7.26|1.58402|12.2107|0.0342739|0.0372857|0.0426151|3|0|0|0||4|3|3|0|3|2|0.582982|0|52.6154|0|3.46638|0|0|0|0|INTO_SUPPLY|9.37|0.774813|0|1.22269e+06|2025-07-21|2026-04-24
prod|cohort|ELWT|2026-04-27|117||0|7|6.57|6.5449|11.2643|0.302837|0.306523|0.473322|0|0|0|0||11|10|10|0|10|9|0.215599|0|80.2801|0|1.44108|0|0|0|0|IFFY_AT_FIRST_ZONE|8.75|0.750857|0|226833|2025-11-05|2026-04-24
prod|cohort|FGI|2026-04-27|193||0|9.5|9.26|2.59179|23.9602|0.393075|0.23208|0.424055|7|1|0|0||4|3|3|0|3|3|0.423289|0|100|0|6.86621|0.0770507|0.0770507|0|0|INTO_SUPPLY|12.6199|0.733762|0|487333|2025-07-21|2026-04-24
prod|cohort|GLND|2026-04-27|21||1|7.99|6.21|28.6634|21.2198|0.612549|0.612549|0.857933|3|0|0|0||2|2|2|0|2|2|0.359784|0|38.2889|0|2.61645|0.104315|0.19788|0|0|INTO_SUPPLY|23|0.27|0|8.1506e+06|2026-03-26|2026-04-24
prod|cohort|HTCO|2026-04-27|193||0|13|11.25|15.5556|17.0866|0.00842968|0|0.0721754|7|0|0|0||10|9|9|8|1|1|1.09848|0|32.026|0|2.60113|0|0|0|0|LADDER_CLIMBING|15.44|0.728627|0|2.80011e+06|2025-07-21|2026-04-24
prod|cohort|ICL|2026-04-27|193||0|5.63|5.18|8.68726|2.20317|0.285836|0.057243|0.784806|43|8|8.02169|1|0.04031|11|9|9|4|5|0|1.65271|0|24.4563|1|2.24357|0.350495|0.350495|0|1|INTO_SUPPLY|7.08|0.731638|0|7.05069e+06|2025-07-21|2026-04-24
prod|cohort|INTT|2026-04-27|193||0|18.85|18.36|2.66885|7.99631|0.0215362|0.033962|0.0332615|5|2|0|0||0|0|0|0|0|0||1|65.3785|0|3.84671|0|0|0|0|CLEAR_AIR|19.75|0.92962|0|2.63203e+06|2025-07-21|2026-04-24
prod|cohort|INV|2026-04-27|193||0|6.95|6.54|6.26911|10.4167|0.000176466|0.000396564|0.0177886|3|1|0|0||2|1|1|0|1|1|0.0138129|0|76.7479|0|5.84873|0|0|0|0|IFFY_AT_FIRST_ZONE|6.96|0.939655|0|5.33084e+06|2025-07-21|2026-04-24
prod|cohort|JOE|2026-04-27|193||0|71.07|71.01|0.0844951|2.52329|0.0318676|0.0976052|0.0341511|9|2|0|0||3|3|3|0|3|3|0.471197|0|64.853|0|3.53961|0.727253|0.727253|0|0|INTO_SUPPLY|73.54|0.965597|0|1.23822e+07|2025-07-21|2026-04-24
prod|cohort|LION|2026-04-27|193||0|12.5|11.43|9.36133|4.63538|0.00325623|0.00975161|0.0552109|5|2|0|0||1|1|1|0|1|1|0.138068|0|43.1526|0|5.32022|0.374611|0.403843|0|0|IFFY_AT_FIRST_ZONE|12.58|0.908585|0|2.72161e+07|2025-07-21|2026-04-24
prod|cohort|MANE|2026-04-27|56||0|81.07|67.84|19.5018|9.32579|0|0|0.162036|1|0|0|0||3|2|2|2|0|0||1|67.9626|0|3.6282|0|0|0|0|CLEAR_AIR|80.9|0.838566|1|2.74837e+07|2026-02-04|2026-04-24
prod|cohort|MRAM|2026-04-27|193||0|14.4|14.07|2.34542|5.82029|0.115036|0.0439378|0.137554|15|1|0|0||2|1|1|0|1|0|1.82551|0|86.828|0|6.92489|0.0618588|0.0618588|0|0|CLEARED_NOTHING|17.24|0.816125|0|4.44122e+06|2025-07-21|2026-04-24
prod|cohort|MX|2026-04-27|193||0|5.61|5.25|6.85714|5.78348|0.00227921|0.00542106|0.0296298|11|4|0|0||0|0|0|0|0|0||1|100|0|13.2836|0.381957|0.676377|0|0|CLEAR_AIR|5.64|0.930851|0|871358|2025-07-21|2026-04-24
prod|cohort|MXL|2026-04-27|193||0|60.935|60.32|1.01956|7.36597|0.024551|0.0623746|0.030392|14|6|0|0||0|0|0|0|0|0||1|100|0|25.8504|7.2339|7.70602|1|0|CLEAR_AIR|63.52|0.949622|0|2.46721e+07|2025-07-21|2026-04-24
prod|cohort|NTLA|2026-04-27|193||0|14.23|13.63|4.40205|6.62445|0.299601|0.211377|0.377308|7|1|8.71471|0|3.03397|10|3|3|0|3|0|3.03397|0|100|0|3.46161|0.0111407|0.0111407|0|0|CLEARED_NOTHING|28.25|0.482478|0|4.28555e+07|2025-07-21|2026-04-24
prod|cohort|OGN|2026-04-27|193||0|13.215|11.26|17.3623|7.67161|0|0|0.0063153|10|3|0|0||1|1|1|1|0|0||1|81.9841|0|7.97162|1.84868|3.14461|2|0|CLEAR_AIR|11.58|0.972366|1|5.49021e+07|2025-07-21|2026-04-24
prod|cohort|ORKA|2026-04-27|193||0|90.02|69.03|30.4071|5.61424|0|0|0.0344315|7|3|0|0||1|1|1|1|0|0||1|23.7725|1|3.53528|0.400942|0.500876|0|1|CLEAR_AIR|71|0.972254|1|8.63919e+07|2025-07-21|2026-04-24
prod|cohort|PENG|2026-04-27|193||0|31|30.69|1.0101|5.44959|0|0|0.000118418|15|4|0|0||0|0|0|0|0|0||1|70.4905|0|7.32875|0.533689|0.533689|0|0|CLEAR_AIR|30.72|0.999023|1|3.44502e+07|2025-07-21|2026-04-24
prod|cohort|POET|2026-04-27|193||0|9.565|15.1|-36.6556|11.2197|0.132384|0.304562|0.00532299|15|4|0.0559093|0|2.58581|0|0|0|0|0|0||1|100|0|11.2209|0.191301|0.469764|0|0|CLEARED_NOTHING|15.5|0.974194|0|7.16786e+07|2025-07-21|2026-04-24
prod|cohort|QCOM|2026-04-27|193||0|156.305|148.85|5.0084|2.49652|0.541919|0|0.631297|12|3|0.228078|0|3.08674|13|5|5|1|4|1|0.957157|0|100|0|7.46023|1.97064|2.03844|1|0|INTO_SUPPLY|205.95|0.722748|0|1.23387e+09|2025-07-21|2026-04-24
prod|cohort|QUIK|2026-04-27|193||0|14.61|13.08|11.6972|6.41289|0|0|0.0143327|5|3|0|0||0|0|0|0|0|0||1|82.3044|0|4.17404|0.0434599|0.0434599|0|0|CLEAR_AIR|13.8|0.947826|1|2.05583e+06|2025-07-21|2026-04-24
prod|cohort|RFIL|2026-04-27|193||0|15.21|14.77|2.97901|7.86787|0.00236538|0.0060343|0.00995415|4|1|0|0||2|1|1|0|1|1|0.175482|0|54.741|0|3.92052|0.0179277|0.0179277|0|0|IFFY_AT_FIRST_ZONE|15.42|0.957847|0|2.09184e+06|2025-07-21|2026-04-24
prod|cohort|RMAX|2026-04-27|193||0|9.57|7.99|19.7747|4.87349|0.075294|0|0.423636|8|1|0|0||13|11|11|8|3|2|0.171529|0|100|0|7.79868|0.0341986|0.0341986|0|0|IFFY_AT_FIRST_ZONE|10.32|0.774225|0|1.30687e+06|2025-07-21|2026-04-24
prod|cohort|RNGR|2026-04-27|193||0|18.5|18.32|0.982533|3.147|0.00390687|0.0114011|0.00835257|5|0|0|0||0|0|0|0|0|0||1|77.8323|0|3.46447|0|0|0|0|CLEAR_AIR|18.815|0.973691|0|3.24393e+06|2025-07-21|2026-04-24
prod|cohort|RVYL|2026-04-27|193||0|5.53|5.43|1.84162|11.094|0.929808|0.505787|0.940882|9|1|1.24368|0|5.24858|25|20|20|0|20|2|1.15729|0|53.4283|0|2.37845|0|0|0|0|CLEARED_NOTHING|20.4365|0.265701|0|240757|2025-07-21|2026-04-24
prod|cohort|SGMT|2026-04-27|193||0|7.21|5.86|23.0375|6.70895|0.372045|0|0.764005|13|3|0.06202|0|2.4808|23|18|18|8|10|5|0.15505|0|49.8912|0|3.5356|0.352098|0.364428|0|0|IFFY_AT_FIRST_ZONE|11.41|0.513585|0|1.89367e+06|2025-07-21|2026-04-24
prod|cohort|SUPX|2026-04-27|193||0|9.89|8.94|10.6264|14.9875|0.841561|0.506308|0.886359|6|4|0.155168|0|4.10857|25|17|17|0|17|2|0.684762|0|96.4219|0|2.80414|0.0746541|0.0746541|0|0|INTO_SUPPLY|76.5|0.116863|0|2.61823e+06|2025-07-21|2026-04-24
prod|cohort|TORO|2026-04-27|193||0|7.96|6.9|15.3623|8.28341|0|0|0.0936578|4|1|0|0||1|0|0|0|0|0||1|100|0|9.6949|0.83333|0.83333|0|0|CLEAR_AIR|7.7|0.896104|1|202166|2025-07-21|2026-04-24
prod|cohort|TRAK|2026-04-27|193||0|9.69|8.12|19.335|5.41907|0.603002|0.131987|0.791603|3|0|0|0||24|23|23|6|17|0|2.01863|0|93.3906|0|2.67405|0|0|0|0|LADDER_CLIMBING|18.757|0.432905|0|784904|2025-07-21|2026-04-24
prod|cohort|VWAV|2026-04-27|193||0|6.33|5.86|8.02048|13.1728|0.749707|0.732308|0.79136|4|1|0|0||21|18|18|0|18|1|0.777128|0|20.9165|1|3.6514|0.105625|0.105625|0|1|INTO_SUPPLY|15.8|0.370886|0|2.98786e+06|2025-07-21|2026-04-24
prod|cohort|WBTN|2026-04-27|193||0|11.6|11.13|4.22282|4.47162|0.798056|0.1449|0.835464|9|2|2.24597|0|5.80288|15|14|14|0|14|1|0.86754|0|69.9344|0|4.91758|0.606755|0.627253|0|0|INTO_SUPPLY|22.47|0.495327|0|2.86641e+06|2025-07-21|2026-04-24
prod|cohort|WW|2026-04-27|193||0|9.6|9.27|3.55987|9.72892|0.985453|0.952767|0.993719|6|0|0|0||23|20|20|0|20|0|2.04502|0|52.6639|0|2.77619|0.0513504|0.0513504|0|0|CLEARED_NOTHING|45|0.206|0|3.87021e+06|2025-07-21|2026-04-24
prod|cohort|XE|2026-04-27|1|history_too_thin(1d)|1|32.02||||||||||||||||||||||||||||31.33||1||2026-04-24|2026-04-24
prod|cohort|XOMA|2026-04-27|193||0|41.22|37.9|8.75989|4.41231|0|0|0.0458226|5|2|0|0||5|3|3|3|0|0||1|53.8473|0|3.74115|0|0|0|0|CLEAR_AIR|40.74|0.93029|1|4.30685e+06|2025-07-21|2026-04-24
prod|cohort|ARMP|2026-04-28|194||0|11.33|11|3|11.3978|0.272766|0.356312|0.297699|5|1|0|0||7|2|2|0|2|1|1.46356|0|77.2337|0|2.76449|0|0|0|0|CLEARED_NOTHING|16.34|0.673195|0|410198|2025-07-21|2026-04-27
prod|cohort|AVR|2026-04-28|194||0|5.73|5.66|1.23675|5.71711|0.562199|0.5835|0.599401|4|0|0|0||10|9|9|0|9|4|0.213682|0|38.3394|0|2.98183|0.115075|0.115075|0|0|IFFY_AT_FIRST_ZONE|6.9494|0.814459|0|3.44083e+06|2025-07-21|2026-04-27
prod|cohort|AXGN|2026-04-28|194||0|43|39.39|9.16476|5.36402|0|0|0.00735308|9|1|0|0||1|1|1|1|0|0||1|33.4604|0|4.3633|0.12254|0.184898|0|0|CLEAR_AIR|39.99|0.984996|1|3.59358e+07|2025-07-21|2026-04-27
prod|cohort|BBBY|2026-04-28|165||0|7.12|5.34|33.3333|6.74666|0.385092|0|0.798232|14|2|0.000416353|0|2.18585|18|13|13|7|6|2|0|0|55.7901|0|5.02494|0.17037|0.264448|0|0|IFFY_AT_FIRST_ZONE|12.65|0.422134|0|8.49877e+06|2025-08-29|2026-04-27
prod|cohort|BBIO|2026-04-28|194||0|83.2|74.52|11.6479|3.81455|0.00373996|0.0118364|0.234429|10|3|0|0||10|9|9|9|0|0||1|100|0|2.17305|0.34259|0.34259|0|0|CLEAR_AIR|84.94|0.877325|0|1.2361e+08|2025-07-21|2026-04-27
prod|cohort|CECO|2026-04-28|194||0|67.74|64.92|4.34381|4.07421|0.0782885|0.169744|0.136982|8|3|0.963812|0|2.08705|5|4|4|2|2|1|0.0519589|0|35.1392|0|3.01126|0.483309|0.483309|0|0|IFFY_AT_FIRST_ZONE|81.7167|0.794452|0|2.48168e+07|2025-07-21|2026-04-27
prod|cohort|CLYM|2026-04-28|194||0|10.005|9.5|5.31579|8.39119|0|0|0.00940297|4|1|0|0||1|1|1|1|0|0||1|46.3101|0|3.54152|0|0|0|0|CLEAR_AIR|10|0.95|1|3.94887e+06|2025-07-21|2026-04-27
prod|cohort|CV|2026-04-28|194||0|6.78|6.37|6.43642|8.89881|0.425482|0.320274|0.492578|2|0|0|0||8|7|7|2|5|2|0.14917|0|44.4004|0|1.96239|0|0|0|0|IFFY_AT_FIRST_ZONE|15.37|0.414444|0|802804|2025-07-21|2026-04-27
prod|cohort|CVLT|2026-04-28|194||0|98|88.41|10.8472|5.43401|0.559645|0.000494751|0.693307|11|2|3.82606|0|1.58488|17|13|13|0|13|1|0.0431898|0|59.6986|0|3.43557|0|0|0|0|IFFY_AT_FIRST_ZONE|200.685|0.440542|0|6.77067e+07|2025-07-21|2026-04-27
prod|cohort|DDI|2026-04-28|194||0|10.75|9.19|16.975|3.26206|0|0|0.341422|4|0|0|0||10|10|9|9|0|0||1|100|0|2.01361|0|0|0|0|CLEAR_AIR|10.14|0.906312|1|269583|2025-07-21|2026-04-27
prod|cohort|ELVR|2026-04-28|164||0|94.05|88.04|6.82644|4.26011|0|0|0.00455889|44|12|0|0||0|0|0|0|0|0||1|90.2475|0|9.12282|2.00165|3.54013|2|0|CLEAR_AIR|90.7866|0.969747|1|5.9413e+06|2025-09-02|2026-04-27
prod|cohort|ENVB|2026-04-28|194||0|5.27|5.1|3.33333|17.8094|0.30818|0.182151|0.363972|14|1|0|0||12|10|10|0|10|3|0.170475|0|100|0|9.02808|4.73575|4.73575|1|0|IFFY_AT_FIRST_ZONE|17.64|0.289116|0|114991|2025-07-21|2026-04-27
prod|cohort|HRI|2026-04-28|194||0|124.96|124.61|0.280876|5.07444|0.635928|0.463273|0.643526|17|5|1.74185|0|0.769577|16|11|11|0|11|5|0.455763|0|100|0|5.76243|0.997154|2.12302|0|0|INTO_SUPPLY|188.35|0.661587|0|5.72539e+07|2025-07-21|2026-04-27
prod|cohort|KFRC|2026-04-28|194||0|40|32.01|24.9609|4.33235|0.039066|0|0.300108|7|3|0.929058|0|2.49288|11|8|8|7|1|0|4.31637|0|86.6248|0|4.47114|0.791304|0.791304|0|0|LADDER_CLIMBING|47.48|0.674179|0|5.48436e+06|2025-07-21|2026-04-27
prod|cohort|KNSA|2026-04-28|194||0|47.2|43.61|8.23206|3.95355|0.0503085|0.13858|0.300437|5|1|0|0||10|10|10|5|5|4|0.13933|0|33.1218|0|3.62216|0|0|0|0|IFFY_AT_FIRST_ZONE|50.03|0.871677|0|2.8639e+07|2025-07-21|2026-04-27
prod|cohort|LBRX|2026-04-28|157||0|31.81|31.81|0|6.88143|0.0147635|0.0403939|0.0147635|0|0|0|0||1|1|1|0|1|1|0.500233|0|59.2006|0|3.72778|0|0|0|0|INTO_SUPPLY|33.47|0.950403|0|7.86854e+06|2025-09-11|2026-04-27
prod|cohort|LC|2026-04-28|194||0|18.33|17.18|6.69383|3.93155|0.242517|0|0.389105|15|2|1.44314|0|0.11101|11|7|7|4|3|0|3.62171|0|61.735|0|5.24028|0.260482|0.456263|0|0|LADDER_CLIMBING|21.67|0.792801|0|2.55759e+07|2025-07-21|2026-04-27
prod|cohort|LGIH|2026-04-28|194||0|48.34|45.32|6.66372|5.09409|0.51193|0.299514|0.659653|13|2|0.0284266|0|0.90965|19|18|18|2|16|5|0.0608735|0|27.2981|1|4.87992|0.41064|0.415607|0|1|IFFY_AT_FIRST_ZONE|69.5|0.652086|0|1.66905e+07|2025-07-21|2026-04-27
prod|cohort|MLEC|2026-04-28|194||0|8.69|8.09|7.41656|12.7384|0.741469|0.86635|0.842291|13|4|2.27649|0|3.36957|20|14|14|2|12|2|0.0564607|0|66.3214|0|3.94602|0.0102304|0.0102304|0|0|IFFY_AT_FIRST_ZONE|59.85|0.135171|0|162650|2025-07-21|2026-04-27
prod|cohort|NHP|2026-04-28|4|history_too_thin(4d)|1|13.13||||||||||||||||||||||||||||13.25||0||2026-04-22|2026-04-27
prod|cohort|OMCL|2026-04-28|194||0|45.13|37.63|19.9309|4.10902|0.165524|0.0978963|0.398246|8|2|0.431406|1||8|7|7|4|3|1|1.12166|0|65.1112|0|2.57644|0.465572|0.543242|0|0|INTO_SUPPLY|55|0.684182|0|1.23838e+07|2025-07-21|2026-04-27
prod|cohort|ORKA|2026-04-28|194||0|78.21|76.39|2.38251|6.47458|0.0494392|0.103482|0.0564743|8|4|0|0||0|0|0|0|0|0||1|100|0|3.87104|1.24401|1.33067|1|0|CLEAR_AIR|91|0.839451|0|8.771e+07|2025-07-21|2026-04-27
prod|cohort|PDC|2026-04-28|68||0|7.33|7.33|0|12.1684|0.0934399|0.137163|0.0934399|3|1|0|0||1|1|1|0|1|1|0.639052|0|37.8333|0|4.67321|0.880498|0.897983|0|0|INTO_SUPPLY|7.96|0.920854|0|871686|2026-01-20|2026-04-27
prod|cohort|PKX|2026-04-28|194||0|77.54|71.02|9.18051|2.27635|0|0|0.00707292|58|13|0|0||2|2|2|2|0|0||1|58.8479|0|8.78875|2.21495|5.4755|3|0|CLEAR_AIR|72.17|0.984065|1|1.05813e+07|2025-07-21|2026-04-27
prod|cohort|RMAX|2026-04-28|194||0|10.12|9.94|1.81087|4.98416|0.0645763|0.109507|0.132716|9|2|0|0||2|2|2|1|1|1|0.396513|0|100|0|14.0445|3.49091|3.52435|1|0|INTO_SUPPLY|10.32|0.963178|0|1.30687e+06|2025-07-21|2026-04-27
prod|cohort|RVMD|2026-04-28|194||0|146.22|131.67|11.0504|4.6628|0.054737|0.173128|0.112133|9|8|0|0||1|1|1|0|1|1|1.39045|0|45.1233|0|8.86175|6.62205|6.62205|1|0|CLEARED_NOTHING|155.7|0.845665|0|4.2268e+08|2025-07-21|2026-04-27
prod|cohort|SANM|2026-04-28|194||0|204.98|188.08|8.98554|4.81193|0|0|0.011221|15|3|0|0||0|0|0|0|0|0||1|77.8907|0|7.42123|0.630607|0.630607|0|0|CLEAR_AIR|197.63|0.951677|1|8.07024e+07|2025-07-21|2026-04-27
prod|cohort|SEI|2026-04-28|194||0|77.12|70.63|9.18873|6.83538|0|0|0.00719714|7|1|0|0||0|0|0|0|0|0||1|70.979|0|3.7295|0.838874|0.838874|0|0|CLEAR_AIR|74.05|0.953815|1|1.16168e+08|2025-07-21|2026-04-27
prod|cohort|SGMT|2026-04-28|194||0|8.39|8.12|3.32512|7.68942|0.252627|0.281215|0.312822|14|3|0|0||7|6|6|1|5|2|0.36271|0|100|0|6.73506|2.59654|2.9145|1|0|INTO_SUPPLY|11.41|0.711656|0|1.89367e+06|2025-07-21|2026-04-27
prod|cohort|SKLZ|2026-04-28|194||0|6.21|6.36|-2.35849|18.7239|0.756952|0.77869|0.748474|6|0|0|0||12|5|5|0|5|0|1.71137|0|100|0|14.4984|0|0|0|0|CLEARED_NOTHING|20|0.318|0|226289|2025-07-21|2026-04-27
prod|cohort|SKYQ|2026-04-28|194||0|6.21|5.45|13.945|28.0907|0.37241|0.415723|0.513713|11|1|0|0||8|1|1|0|1|0|2.91212|0|20.0087|1|3.1035|0.22977|0.22977|0|1|CLEARED_NOTHING|19.4499|0.280207|0|2.66062e+07|2025-07-21|2026-04-27
prod|cohort|YDDL|2026-04-28|137||0|5.13|5.02|2.19124|15.7622|0.744967|0.820285|0.783715|5|1|2.34974|0|6.88844|14|7|7|0|7|5|0.33391|0|0|1|12.8343|0.866582|1.03392|0|1|INTO_SUPPLY|16.23|0.309304|0|1.42776e+06|2025-10-09|2026-04-27
prod|cohort|AKAN|2026-04-29|195||0|19.46|17.49|11.2636|24.2196|0.120505|0.0457101|0.136937|7|1|0.0596205|0|10.1332|16|11|11|0|11|2|0.931438|0|100|0|18.303|0|0|0|0|INTO_SUPPLY|209.025|0.0836742|0|158421|2025-07-21|2026-04-28
prod|cohort|APH|2026-04-29|195||0|154|143.72|7.1528|2.9631|0.022598|0.00604678|0.208648|22|4|0.60333|0|0.319273|7|4|4|1|3|3|0.0109573|0|58.5839|0|3.97107|0.899046|1.20705|0|0|IFFY_AT_FIRST_ZONE|167.04|0.860393|0|9.78268e+08|2025-07-21|2026-04-28
prod|cohort|AVT|2026-04-29|195||0|82.45|78.28|5.32703|2.87285|0|0|0.0141935|14|4|0|0||0|0|0|0|0|0||1|38.5889|0|5.96249|0.320086|0.669572|0|0|CLEAR_AIR|79.88|0.97997|1|7.84856e+07|2025-07-21|2026-04-28
prod|cohort|AVTR|2026-04-29|195||0|8.5|7.86|8.14249|4.30053|0.855074|0.490307|0.941926|9|2|7.08532|0|3.72048|19|14|14|1|13|2|0.109426|0|38.3236|0|2.18885|0|0|0|0|IFFY_AT_FIRST_ZONE|15.93|0.493409|0|6.44827e+07|2025-07-21|2026-04-28
prod|cohort|BE|2026-04-29|195||0|276.55|226.37|22.1672|7.55896|0|0|0.0182214|20|5|0|0||2|1|1|1|0|0||1|36.8316|0|5.50278|1.48715|1.98553|1|0|CLEAR_AIR|242.203|0.93463|1|1.62168e+09|2025-07-21|2026-04-28
prod|cohort|COCO|2026-04-29|195||0|60.63|51.63|17.4317|5.28581|0.0019846|0.00487576|0.405576|6|1|0|0||12|9|9|8|1|1|0.237145|0|70.9978|0|1.95656|0|0|0|0|IFFY_AT_FIRST_ZONE|61.39|0.841016|0|5.07666e+07|2025-07-21|2026-04-28
prod|cohort|EAT|2026-04-29|195||0|143|129.14|10.7325|4.34639|0.570767|0.663711|0.781715|14|1|0.0611391|1||17|12|12|0|12|1|1.18015|0|64.4254|0|4.50868|0.56585|0.783371|0|0|INTO_SUPPLY|175.29|0.736722|0|1.43614e+08|2025-07-21|2026-04-28
prod|cohort|ETSY|2026-04-29|195||0|67|63.21|5.99589|4.23766|0.160049|0|0.292721|17|3|0.211325|0|2.01815|12|7|7|4|3|0|3.08886|0|56.6709|0|5.097|0.126679|0.177849|0|0|LADDER_CLIMBING|76.515|0.826113|0|1.61821e+08|2025-07-21|2026-04-28
prod|cohort|EXLS|2026-04-29|195||0|33.005|30.64|7.71867|2.86278|0.575587|0.0435662|0.790178|8|0|0|0||18|15|15|5|10|0|7.69955|0|41.4901|0|2.96413|0.182945|0.182945|0|0|LADDER_CLIMBING|47.11|0.650393|0|5.78514e+07|2025-07-21|2026-04-28
prod|cohort|FCEL|2026-04-29|195||0|11.395|9.94|14.6378|9.09795|0.0339668|0.108701|0.176561|8|1|0|0||6|1|1|0|1|1|0.998349|0|61.7908|0|8.40783|0.144837|0.144837|0|0|INTO_SUPPLY|12.43|0.799678|0|1.38535e+07|2025-07-21|2026-04-28
prod|cohort|FICO|2026-04-29|195||0|1088.78|1010.5|7.74666|6.05157|0.847862|0.581622|0.938637|12|0|0|0||26|17|17|1|16|4|0.184403|0|29.0395|1|2.76549|0.0239659|0.0239659|0|1|IFFY_AT_FIRST_ZONE|1998.01|0.505753|0|3.01475e+08|2025-07-21|2026-04-28
prod|cohort|FSS|2026-04-29|195||0|126.73|111.74|13.4151|3.00524|0.0827787|0.0153869|0.67171|10|1|0|0||14|11|11|7|4|3|0.517258|0|38.7804|0|2.17775|0.732501|0.732501|0|0|INTO_SUPPLY|132.89|0.840846|0|4.7132e+07|2025-07-21|2026-04-28
prod|cohort|FVRR|2026-04-29|195||0|12.15|10.36|17.278|4.53441|0.711692|0.270848|0.930256|11|1|0.871253|0|0.798648|21|18|18|6|12|1|0.254115|0|49.9123|0|1.6336|0.0309452|0.0309452|0|0|INTO_SUPPLY|28|0.37|0|6.67144e+06|2025-07-21|2026-04-28
prod|cohort|GNRC|2026-04-29|195||0|243.77|217.12|12.2743|3.50063|0|0|0.0991916|11|2|0|0||4|3|3|3|0|0||1|61.2673|0|2.4243|0.778809|0.882106|0|0|CLEAR_AIR|241.091|0.900573|1|1.43396e+08|2025-07-21|2026-04-28
prod|cohort|ICLR|2026-04-29|195||0|116.25|102.49|13.4257|4.63494|0.616099|0.145989|0.74608|9|3|3.34718|0|0.887137|17|13|13|3|10|1|0.887137|0|64.5658|0|3.41642|0.631762|0.631762|0|0|INTO_SUPPLY|211|0.485735|0|1.17225e+08|2025-07-21|2026-04-28
prod|cohort|JLHL|2026-04-29|195||0|10.38|10.74|-3.35196|28.4354|0.123664|0.234817|0.102358|7|0|0|0||2|1|1|0|1|1|0.247324|0|15.2388|1|1.91613|0.0799261|0.0799261|0|1|IFFY_AT_FIRST_ZONE|17.49|0.614065|0|256945|2025-07-21|2026-04-28
prod|cohort|KALV|2026-04-29|195||0|26.7|19.24|38.7734|6.1947|0|0|0.0964044|3|0|0|0||3|3|3|3|0|0||1|60.1775|0|1.47728|0|0|0|0|CLEAR_AIR|21.305|0.903074|1|1.99303e+07|2025-07-21|2026-04-28
prod|cohort|LMND|2026-04-29|195||0|65.83|65.77|0.091227|5.553|0.404066|0.316841|0.405499|12|3|0|0||15|11|11|0|11|2|0.538908|0|30.4428|0|4.51507|0.260341|0.548545|0|0|INTO_SUPPLY|99.9|0.658358|0|1.01291e+08|2025-07-21|2026-04-28
prod|cohort|LUD|2026-04-29|191||0|6.2|6.07|2.14168|22.7989|0.521004|0.0845098|0.53087|15|0|0|0||18|18|18|0|18|4|0.240532|0|40.0922|0|3.15085|0|0|0|0|IFFY_AT_FIRST_ZONE|24.2|0.250826|0|596295|2025-07-21|2026-04-28
prod|cohort|LXFR|2026-04-29|195||0|13.79|13.29|3.76223|3.1004|0.243214|0.163429|0.381575|8|2|0.491176|0|2.83011|11|7|7|3|4|1|0.0233893|0|51.4168|0|1.75481|0.767319|0.864323|0|0|IFFY_AT_FIRST_ZONE|16.025|0.829329|0|1.49379e+06|2025-07-21|2026-04-28
prod|cohort|MB|2026-04-29|180||0|7.03|6.4101|9.67068|5.93629|0.329128|0.130354|0.447028|30|0|0|0||20|20|20|4|16|1|1.36586|0|100|0|2.00034|0.187871|0.217373|0|0|LADDER_CLIMBING|16.25|0.394468|0|12492.5|2025-07-21|2026-04-28
prod|cohort|MNTS|2026-04-29|195||0|5.45|5.12|6.44531|19.0346|0.849641|0.649586|0.873309|12|0|0|0||21|13|13|0|13|0|2.4581|0|34.4659|0|3.95881|0|0|0|0|CLEARED_NOTHING|43.554|0.117555|0|9.65702e+06|2025-07-21|2026-04-28
prod|cohort|MTRN|2026-04-29|195||0|179.94|177.28|1.50045|3.39895|0.0284891|0.0771771|0.0410363|19|4|0.0564088|0|0.205197|2|1|1|0|1|1|1.23445|0|31.1934|0|3.94978|1.04459|1.49815|1|0|CLEARED_NOTHING|187.49|0.945544|0|3.2594e+07|2025-07-21|2026-04-28
prod|cohort|NEO|2026-04-29|195||0|10.25|9.02|13.6364|5.92907|0.32754|0.205344|0.534291|4|1|0|0||15|9|9|2|7|0|2.5258|0|49.7968|0|2.72894|0|0|0|0|LADDER_CLIMBING|13.74|0.656477|0|1.43459e+07|2025-07-21|2026-04-28
prod|cohort|NXPI|2026-04-29|195||0|281.41|230.39|22.1451|3.13687|0|0|0.222663|12|2|0|0||11|5|5|5|0|0||1|56.5993|0|5.86875|0.752067|1.08689|0|0|CLEAR_AIR|256.36|0.898697|1|5.77176e+08|2025-07-21|2026-04-28
prod|cohort|OCC|2026-04-29|195||0|9.35|9.3|0.537634|11.3498|0.277894|0.452591|0.284091|8|1|0|0||8|1|1|0|1|0|4.3347|0|88.2628|0|2.87272|0|0|0|0|CLEARED_NOTHING|13.95|0.666667|0|2.29725e+06|2025-07-21|2026-04-28
prod|cohort|OPFI|2026-04-29|195||0|9.81|9.01|8.87902|2.94704|0.659755|0.00761781|0.871709|11|1|0|0||17|16|16|5|11|3|0.380486|0|37.8039|0|3.5239|0.56051|1.08233|0|0|INTO_SUPPLY|12.6|0.715079|0|2.61514e+06|2025-07-21|2026-04-28
prod|cohort|PRCH|2026-04-29|195||0|10.1|8.59|17.5786|6.37729|0.518242|0|0.704243|7|4|5.49598|0|2.94982|16|14|13|5|8|1|1.1644|0|48.6689|0|3.72186|0.0999474|0.0999474|0|0|LADDER_CLIMBING|19.4355|0.441975|0|1.12593e+07|2025-07-21|2026-04-28
prod|cohort|PRG|2026-04-29|195||0|32.38|28.88|12.1191|3.6175|0.368451|0.454891|0.822904|18|3|0.0682975|0|3.64965|23|12|12|6|6|3|0.537843|0|63.7512|0|3.71248|0.538314|0.889574|0|0|INTO_SUPPLY|41.14|0.701993|0|1.11756e+07|2025-07-21|2026-04-28
prod|cohort|QNTM|2026-04-29|195||0|5.43|5.37|1.11732|16.6099|0.445037|0.0730167|0.450098|6|2|0.110875|0|4.27976|18|14|14|0|14|2|0.243813|0|96.6253|0|4.22333|0|0|0|0|IFFY_AT_FIRST_ZONE|31.9141|0.168264|0|911097|2025-07-21|2026-04-28
prod|cohort|RILY|2026-04-29|195||0|7.97|7.66|4.047|5.62038|0.157328|0.0518818|0.196622|8|1|0|0||7|5|5|3|2|1|0.0446484|0|21.7561|1|1.6069|0.104798|0.104798|0|1|IFFY_AT_FIRST_ZONE|10.97|0.698268|0|5.1814e+06|2025-07-21|2026-04-28
prod|cohort|ROLR|2026-04-29|195||0|10.52|9.92|6.04839|17.8257|0.560277|0.225453|0.619454|11|2|0.591917|0|2.70895|2|1|1|0|1|1|0.650575|0|53.2716|0|5.50599|2.25938|2.25938|1|0|INTO_SUPPLY|33.68|0.294537|0|7.49735e+06|2025-07-21|2026-04-28
prod|cohort|RSI|2026-04-29|195||0|28.64|24|19.3333|3.85835|0|0|0.00574401|6|1|0|0||0|0|0|0|0|0||1|54.1859|0|3.61196|0|0|0|0|CLEAR_AIR|24.67|0.972842|1|2.78863e+07|2025-07-21|2026-04-28
prod|cohort|SIMO|2026-04-29|195||0|195|149.18|30.7146|5.19453|0|0|0.0124695|10|1|0|0||0|0|0|0|0|0||1|92.9297|0|4.39078|0.473831|0.473831|0|0|CLEAR_AIR|155.73|0.95794|1|6.81835e+07|2025-07-21|2026-04-28
prod|cohort|SKYQ|2026-04-29|195||0|6.31|5.9|6.94915|28.7382|0.356379|0.397127|0.403706|11|1|0|0||5|1|1|0|1|0|2.74626|0|28.8641|1|3.03358|0.224593|0.224593|0|1|CLEARED_NOTHING|19.4499|0.303343|0|3.09834e+07|2025-07-21|2026-04-28
prod|cohort|STX|2026-04-29|195||0|667.98|579.03|15.3619|4.92523|0|0|0.0132935|25|8|0|0||1|1|1|1|0|0||1|55.5907|0|3.74512|0.815233|1.02369|0|0|CLEAR_AIR|607.89|0.952524|1|1.75035e+09|2025-07-21|2026-04-28
prod|cohort|TEVA|2026-04-29|195||0|34|31.62|7.52688|2.92678|0.0654356|0.294493|0.206409|18|9|0|0||9|7|7|3|4|4|0.200984|0|76.3545|0|2.05484|0.454321|0.558523|0|0|IFFY_AT_FIRST_ZONE|37.345|0.8467|0|1.33622e+08|2025-07-21|2026-04-28
prod|cohort|TRT|2026-04-29|192||0|12.76|12.17|4.84799|13.4082|0.5358|0.616241|0.614519|13|2|0|0||1|0|0|0|0|0||1|100|0|10.7681|2.06769|2.06769|1|0|CLEAR_AIR|19.1|0.637173|0|511920|2025-07-21|2026-04-28
prod|cohort|UMC|2026-04-29|195||0|12.43|11.66|6.60377|2.59841|0.021435|0.039872|0.0719113|48|21|0.913362|1|0.0154807|1|1|1|0|1|1|1.2075|0|42.1991|0|10.694|2.42796|9.64607|5|0|INTO_SUPPLY|12.82|0.909516|0|1.18726e+08|2025-07-21|2026-04-28
prod|cohort|VRNS|2026-04-29|195||0|29.72|25.44|16.8239|5.48076|0.601003|0.00975385|0.665107|11|4|13.9083|0|1.68827|11|7|7|4|3|0|4.06414|0|33.4092|0|4.00458|0.184417|0.20815|0|0|LADDER_CLIMBING|63.9|0.398122|0|4.97712e+07|2025-07-21|2026-04-28
prod|cohort|WDC|2026-04-29|195||0|424.352|390.99|8.5327|5.15371|0|0|0.0127954|24|11|0|0||1|1|1|1|0|0||1|46.9931|0|3.444|1.21018|1.21018|1|0|CLEAR_AIR|416.37|0.939045|1|2.30263e+09|2025-07-21|2026-04-28
prod|cohort|WYY|2026-04-29|195||0|6.19|6.17|0.324149|6.83529|0.237948|0.0369856|0.241696|3|1|0|0||8|6|6|0|6|2|0.590634|0|100|0|4.4271|0.0306708|0.0306708|0|0|INTO_SUPPLY|7.55|0.817219|0|123443|2025-07-21|2026-04-28
prod|cohort|ADAM|2026-04-30|165||0|8.19|7.75|5.67742|2.30947|0.0998151|0.110139|0.335163|7|0|0|0||9|5|5|1|4|2|0.713736|0|68.3749|0|2.98621|0|0|0|0|INTO_SUPPLY|8.76|0.884703|0|4.50759e+06|2025-09-03|2026-04-29
prod|cohort|AEXA|2026-04-30|148||0|11.07|11.05|0.180995|1.71144|0.582601|0.793893|0.597531|1|0|0|0||11|10|10|0|10|3|0.685644|0|38.6855|0|0.946663|0|0|0|0|INTO_SUPPLY|11.91|0.927792|0|624973|2025-09-26|2026-04-29
prod|cohort|AKAN|2026-04-30|196||0|32.1|25.99|23.509|25.9092|0.0326397|0|0.0964391|7|1|0.0337868|0|4.22263|14|7|7|2|5|2|0.0631248|0|100|0|26.151|0|0|0|0|IFFY_AT_FIRST_ZONE|209.025|0.124339|0|170637|2025-07-21|2026-04-29
prod|cohort|ALGS|2026-04-30|196||0|6|5.97|0.502513|9.04203|0.997259|0.996592|0.998514|2|0|0|0||25|18|18|0|18|1|1.364|0|24.617|1|4.66993|0.278385|0.278385|0|1|CLEARED_NOTHING|13.6892|0.43611|0|611355|2025-07-21|2026-04-29
prod|cohort|ALNY|2026-04-30|196||0|307.48|301.19|2.08838|3.27375|0.968678|0.894908|0.992418|8|2|1.93669|0|7.06577|20|14|14|0|14|2|0.829514|0|60.1324|0|3.75464|0|0|0|0|INTO_SUPPLY|495.55|0.607789|0|3.1504e+08|2025-07-21|2026-04-29
prod|cohort|ASIC|2026-04-30|196||0|20.76|20.51|1.21892|2.95705|0.256136|0.280136|0.31012|4|1|0|0||11|8|8|1|7|3|0.228056|0|68.9613|0|1.69334|0|0|0|0|IFFY_AT_FIRST_ZONE|23.875|0.859058|0|1.083e+06|2025-07-21|2026-04-29
prod|cohort|BAND|2026-04-30|196||0|30.955|24.2|27.9132|6.25997|0|0|0.0219916|9|3|0|0||2|2|2|2|0|0||1|20.3039|1|5.59559|0.125168|0.178564|0|1|CLEAR_AIR|25.69|0.942001|1|8.25091e+06|2025-07-21|2026-04-29
prod|cohort|BAX|2026-04-30|196||0|17.73|16.9|4.91124|3.45124|0.853384|0.61952|0.940354|12|3|5.09883|0|0.147082|21|16|16|0|16|2|0.60238|0|75.5067|0|3.09877|0.177662|0.289473|0|0|INTO_SUPPLY|29.35|0.575809|0|1.09083e+08|2025-07-21|2026-04-29
prod|cohort|BHE|2026-04-30|196||0|77.82|72.4|7.48619|3.28454|0|0|0.000184991|13|5|0|0||0|0|0|0|0|0||1|75.5992|0|4.7292|0.189937|0.199478|0|0|CLEAR_AIR|72.44|0.999448|1|1.92054e+07|2025-07-21|2026-04-29
prod|cohort|BLLN|2026-04-30|119||0|77.8|73.71|5.54877|8.16816|0.759902|0.589256|0.833459|1|0|0|0||15|12|12|0|12|2|0.0236356|0|55.9848|0|2.28951|0|0|0|0|IFFY_AT_FIRST_ZONE|138.7|0.531435|0|3.04222e+07|2025-11-06|2026-04-29
prod|cohort|CMPR|2026-04-30|196||0|85.82|81.42|5.40408|3.49523|0|0|0.0187102|4|0|0|0||4|1|1|1|0|0||1|34.6117|0|2.78421|0|0|0|0|CLEAR_AIR|84|0.969286|1|6.99903e+06|2025-07-21|2026-04-29
prod|cohort|CUE|2026-04-30|196||0|13.16|13|1.23077|32.472|0.544491|0.506777|0.552867|2|0|0|0||18|16|16|0|16|0|1.56015|0|84.2842|0|2.95536|0|0|0|0|CLEARED_NOTHING|30.9696|0.419766|0|6.15633e+06|2025-07-21|2026-04-29
prod|cohort|CVNA|2026-04-30|196||0|83.914|79.318|5.7944|5.04751|0.262393|0.000128224|0.33908|13|0|0|0||9|5|5|1|4|2|0.0132214|0|24.9209|1|4.48898|0.266899|0.266899|0|1|IFFY_AT_FIRST_ZONE|97.378|0.814537|0|8.45402e+08|2025-07-21|2026-04-29
prod|cohort|CWH|2026-04-30|196||0|7.67|6.93|10.6782|6.59435|0.753843|0.390199|0.871284|9|3|2.98545|0|3.3611|22|18|18|2|16|2|0.929246|0|44.4957|0|1.99087|0.354603|0.354603|0|0|INTO_SUPPLY|19.38|0.357585|0|2.04267e+07|2025-07-21|2026-04-29
prod|cohort|DRVN|2026-04-30|196||0|14.16|12.74|11.146|4.26729|0.540895|0.126832|0.654968|8|3|4.07945|1|0.0330989|11|10|10|3|7|0|5.19653|0|49.3523|0|1.82388|0.0449273|0.0449273|0|0|INTO_SUPPLY|19.74|0.64539|0|1.45416e+07|2025-07-21|2026-04-29
prod|cohort|ECG|2026-04-30|196||0|139.72|134.09|4.19867|4.31813|0.00160234|0.00496799|0.0284818|11|3|0|0||4|1|1|0|1|1|0.301659|0|76.5801|0|2.42941|0|0|0|0|INTO_SUPPLY|141.54|0.947365|0|6.32876e+07|2025-07-21|2026-04-29
prod|cohort|EUDA|2026-04-30|196||0|14.83|14.49|2.34645|22.527|0.594951|0.372257|0.611628|13|1|0|0||21|21|21|0|21|3|0.157599|0|100|0|6.01659|0.433621|0.470977|0|0|IFFY_AT_FIRST_ZONE|86|0.168488|0|67942.6|2025-07-21|2026-04-29
prod|cohort|FCEL|2026-04-30|196||0|13.3|13.64|-2.49267|9.81635|0.00418169|0.0152914|0.000232316|9|2|0|0||0|0|0|0|0|0||1|82.8518|0|8.34987|0.666157|0.800394|0|0|CLEAR_AIR|13.66|0.998536|0|1.57223e+07|2025-07-21|2026-04-29
prod|cohort|FIP|2026-04-30|196||0|6.41|5.67|13.0511|5.40348|0.0672542|0.0267332|0.256111|6|1|0|0||10|9|9|7|2|2|0.0268504|0|42.2759|0|2.15193|0|0|0|0|IFFY_AT_FIRST_ZONE|7.935|0.714556|0|3.28128e+06|2025-07-21|2026-04-29
prod|cohort|FMC|2026-04-30|196||0|16.14|14.65|10.1706|4.8558|0.336082|0.219252|0.549443|9|3|8.69819|0|7.4771|16|8|8|2|6|0|2.74331|0|66.8636|0|4.34188|0.26296|0.26296|0|0|LADDER_CLIMBING|43.97|0.333182|0|4.00311e+07|2025-07-21|2026-04-29
prod|cohort|FORM|2026-04-30|196||0|144|135.53|6.24954|5.93511|0.0319183|0.0804816|0.0585156|26|9|0|0||3|1|1|0|1|0|1.76562|0|90.1554|0|4.22808|0.180128|0.246854|0|0|CLEARED_NOTHING|159.09|0.851908|0|2.21938e+08|2025-07-21|2026-04-29
prod|cohort|FTAI|2026-04-30|196||0|232.85|213.11|9.26282|5.60362|0.439887|0.860749|0.49651|10|2|0|0||11|10|10|0|10|1|1.05572|0|47.2916|0|4.02595|0|0|0|0|CLEARED_NOTHING|323.51|0.658743|0|2.88609e+08|2025-07-21|2026-04-29
prod|cohort|GKOS|2026-04-30|196||0|141.5|116.96|20.9815|3.77141|0|0|0.144395|12|0|0|0||7|5|5|5|0|0||1|71.2027|0|1.83854|0.00342287|0.00342287|0|0|CLEAR_AIR|130.23|0.898103|1|6.57214e+07|2025-07-21|2026-04-29
prod|cohort|GOOG|2026-04-30|196||0|371.255|347.31|6.89442|2.18636|0|0|0.00736195|16|8|0|0||1|1|1|1|0|0||1|69.1457|0|4.45653|0.246451|0.246451|0|0|CLEAR_AIR|353.4|0.982767|1|4.90501e+09|2025-07-21|2026-04-29
prod|cohort|GOOGL|2026-04-30|196||0|374.07|349.94|6.89547|2.26583|0|0|0.00531896|15|7|0|0||0|0|0|0|0|0||1|71.4427|0|4.32642|0.291264|0.291264|0|0|CLEAR_AIR|355.79|0.983558|1|7.4855e+09|2025-07-21|2026-04-29
prod|cohort|GTX|2026-04-30|196||0|22.14|20.49|8.05271|2.64969|0|0|0.0372992|11|4|0|0||3|2|2|2|0|0||1|81.7588|0|3.75317|0.0293622|0.0293622|0|0|CLEAR_AIR|21.4247|0.956373|1|3.51996e+07|2025-07-21|2026-04-29
prod|cohort|HGV|2026-04-30|196||0|45|43.4|3.68664|3.79747|0.440875|0.527474|0.664093|11|1|0|0||15|12|12|0|12|4|0.321852|0|65.8736|0|3.325|0.0396075|0.0396075|0|0|INTO_SUPPLY|52.08|0.833333|0|3.23185e+07|2025-07-21|2026-04-29
prod|cohort|HTZ|2026-04-30|196||0|6.47|5.6|15.5357|10.0598|0.232136|0.272191|0.530973|8|0|0|0||15|4|4|1|3|0|1.64395|0|9.43125|1|3.3589|0|0|0|1|LADDER_CLIMBING|8.355|0.670257|0|9.67024e+07|2025-07-21|2026-04-29
prod|cohort|INDV|2026-04-30|196||0|35.97|34.15|5.32943|3.57473|0.0607359|0|0.229138|6|3|0|0||6|6|6|2|4|3|0.0466624|0|48.1183|0|3.32781|0.0168367|0.0168367|0|0|IFFY_AT_FIRST_ZONE|38|0.898684|0|4.51106e+07|2025-07-21|2026-04-29
prod|cohort|INSG|2026-04-30|196||0|17.29|14.79|16.9033|5.39168|0.0111298|0|0.181771|11|1|0|0||5|4|4|3|1|1|0.87962|0|30.8501|0|3.4862|0.0379545|0.0379545|0|0|INTO_SUPPLY|18.11|0.816676|0|1.36532e+06|2025-07-21|2026-04-29
prod|cohort|IPX|2026-04-30|192||0|30.9|29.05|6.36833|5.71758|0.753872|0.505528|0.819572|46|4|3.20937|0|4.5904|18|10|10|0|10|1|1.01034|0|82.3773|0|2.58148|0.23405|0.23405|0|0|CLEARED_NOTHING|61.45|0.472742|0|5.53095e+06|2025-07-23|2026-04-29
prod|cohort|KN|2026-04-30|196||0|30.73|30.36|1.21871|3.43468|0.0323157|0.103598|0.0480047|14|3|0|0||1|1|1|0|1|1|1.15587|0|39.0782|0|3.34057|0|0|0|0|CLEARED_NOTHING|31.95|0.950235|0|1.9784e+07|2025-07-21|2026-04-29
prod|cohort|MICC|2026-04-30|98||0|14.21|13.06|8.80551|1.87551|0.924037|0.846864|0.990301|27|10|9.90506|0|0.600352|10|7|7|1|6|1|1.42584|0|39.8498|0|5.84004|0.826648|1.3939|0|0|LADDER_CLIMBING|19.93|0.655294|0|1.82388e+07|2025-12-08|2026-04-29
prod|cohort|MRAM|2026-04-30|196||0|18.06|13.19|36.9219|6.06539|0|0|0.222596|15|1|0|0||3|2|2|2|0|0||1|84.8421|0|5.19526|0.0593591|0.0593591|0|0|CLEAR_AIR|17.24|0.765081|1|4.93502e+06|2025-07-21|2026-04-29
prod|cohort|MUSA|2026-04-30|196||0|528.61|514.45|2.75245|3.03715|0.0102315|0.0283845|0.0368338|5|0|0|0||3|2|2|0|2|2|0.141392|0|45.6914|0|2.67478|0|0|0|0|IFFY_AT_FIRST_ZONE|539.71|0.953197|0|1.61615e+08|2025-07-21|2026-04-29
prod|cohort|MXL|2026-04-30|196||0|69.515|67.52|2.95468|9.38073|0.00527879|0.0121829|0.0112455|14|6|0|0||0|0|0|0|0|0||1|100|0|16.0188|5.68022|5.8946|1|0|CLEAR_AIR|71.28|0.94725|0|3.34941e+07|2025-07-21|2026-04-29
prod|cohort|MYRG|2026-04-30|196||0|363.68|337.76|7.67409|3.54081|0|0|0.0185841|9|1|0|0||1|1|1|1|0|0||1|73.3004|0|2.67428|0|0|0|0|CLEAR_AIR|349.15|0.967378|1|8.19329e+07|2025-07-21|2026-04-29
prod|cohort|NTLA|2026-04-30|196||0|12.62|12.445|1.40619|7.37988|0.554535|0.756254|0.579103|7|1|8.82062|0|4.79953|14|11|11|0|11|2|1.05096|0|100|0|3.91972|0|0|0|0|CLEARED_NOTHING|28.25|0.440531|0|4.4884e+07|2025-07-21|2026-04-29
prod|cohort|NVCR|2026-04-30|196||0|13.36|11.93|11.9866|4.63291|0.243208|0.207546|0.653893|12|2|0|0||21|12|12|5|7|2|0.177718|0|35.5798|0|4.30635|0.16108|0.380519|0|0|IFFY_AT_FIRST_ZONE|16.7|0.714371|0|1.0794e+07|2025-07-21|2026-04-29
prod|cohort|NWPX|2026-04-30|196||0|89.93|86.01|4.55761|3.58135|0|0|0.023994|10|2|0|0||1|1|1|1|0|0||1|65.5086|0|2.61066|0|0|0|0|CLEAR_AIR|89.24|0.963805|1|8.12578e+06|2025-07-21|2026-04-29
prod|cohort|OGE|2026-04-30|196||0|47.74|47.34|0.844951|1.74821|0.173703|0.464858|0.23045|2|0|0|0||6|5|5|1|4|2|0.274385|0|52.2725|0|4.5915|0|0|0|0|INTO_SUPPLY|50.13|0.944345|0|6.8722e+07|2025-07-21|2026-04-29
prod|cohort|ORLY|2026-04-30|196||0|96.015|91.69|4.71698|1.84342|0.467665|0.0628252|0.856468|8|1|0.104522|0|5.29391|15|14|14|5|9|1|0.754256|0|65.1545|0|1.63893|0|0|0|0|INTO_SUPPLY|108.715|0.843398|0|4.06063e+08|2025-07-21|2026-04-29
prod|cohort|PI|2026-04-30|196||0|155|120.04|29.1236|4.8321|0.539785|0.0222602|0.748303|17|5|2.54477|0|5.07226|21|17|17|3|14|2|0.967989|0|76.5368|0|4.10195|0.0958557|0.141649|0|0|INTO_SUPPLY|247.064|0.485867|0|3.95317e+07|2025-07-21|2026-04-29
prod|cohort|PRCT|2026-04-30|196||0|24.08|21.71|10.9166|5.38804|0.89062|0.699253|0.982204|9|3|2.22099|0|2.35849|26|26|26|0|26|2|0.933222|0|91.1315|0|3.06279|0|0|0|0|INTO_SUPPLY|60.57|0.358428|0|2.82191e+07|2025-07-21|2026-04-29
prod|cohort|PS|2026-04-30|1|history_too_thin(1d)|1|25.35||||||||||||||||||||||||||||24.49||1||2026-04-29|2026-04-29
prod|cohort|PWR|2026-04-30|196||0|699.61|628.6|11.2965|2.59197|0|0|0.0139903|10|2|0|0||1|1|1|1|0|0||1|71.97|0|3.52154|0|0|0|0|CLEAR_AIR|640.61|0.981252|1|5.5255e+08|2025-07-21|2026-04-29
prod|cohort|QCOM|2026-04-30|196||0|172.05|156|10.2885|3.05484|0.214512|0|0.531943|12|3|0|0||13|6|6|4|2|0|2.16901|0|100|0|6.8218|1.61048|1.61048|1|0|LADDER_CLIMBING|205.95|0.757465|0|1.28437e+09|2025-07-21|2026-04-29
prod|cohort|QURE|2026-04-30|196||0|17.97|16.73|7.41184|7.46342|0.683987|0.273759|0.760825|12|4|24.6054|0|2.31133|12|9|9|0|9|2|0.167763|0|40.6344|0|2.03959|0|0|0|0|IFFY_AT_FIRST_ZONE|71.5|0.233986|0|2.12919e+07|2025-07-21|2026-04-29
prod|cohort|RCL|2026-04-30|196||0|268.01|254.01|5.51159|3.97884|0.810441|0.82998|0.962661|14|1|0.0459503|0|3.59725|21|18|18|0|18|4|0.146291|0|25.4076|1|2.91352|0|0|0|1|IFFY_AT_FIRST_ZONE|366.5|0.69307|0|6.07183e+08|2025-07-21|2026-04-29
prod|cohort|RFIL|2026-04-30|196||0|14|13.23|5.82011|7.27441|0.0376851|0.0978859|0.0680023|4|1|0|0||3|2|2|0|2|2|0.824809|0|64.6206|0|3.40708|0.0193902|0.0193902|0|0|INTO_SUPPLY|15.42|0.857977|0|1.91046e+06|2025-07-21|2026-04-29
prod|cohort|SFM|2026-04-30|196||0|75.51|71.13|6.15774|3.40836|0.746952|0.423997|0.863958|5|2|6.23421|0|4.59863|23|21|21|1|20|5|0.144153|0|67.6715|0|2.53737|0|0|0|0|IFFY_AT_FIRST_ZONE|168.1|0.423141|0|1.21364e+08|2025-07-21|2026-04-29
prod|cohort|TDAY|2026-04-30|111||0|7.5|7.28|3.02198|3.32062|0|0|0.059752|0|0|0|0||3|2|2|1|1|1|0|0|51.0015|0|2.89566|0|0|0|0|IFFY_AT_FIRST_ZONE|7.5|0.970667|0|1.09245e+07|2025-11-18|2026-04-29
prod|cohort|TER|2026-04-30|196||0|327|306.33|6.74763|4.40186|0.0804329|0.264064|0.170759|20|10|3.22911|0|0.555784|5|1|1|0|1|0|6.60758|0|100|0|6.76608|2.37139|2.48314|1|0|CLEARED_NOTHING|422.11|0.725711|0|9.21737e+08|2025-07-21|2026-04-29
prod|cohort|TRAK|2026-04-30|196||0|10.06|8.87|13.416|6.07513|0.557256|0.0815311|0.64198|4|1|0|0||21|20|20|3|17|1|1.129|0|100|0|3.67845|0.676262|0.676262|0|0|LADDER_CLIMBING|18.757|0.47289|0|784904|2025-07-21|2026-04-29
prod|cohort|TRT|2026-04-30|193||0|11.6|11.14|4.12926|13.9551|0.686718|0.789001|0.746463|13|2|0|0||1|0|0|0|0|0||1|83.4754|0|10.3168|1.98666|1.98666|1|0|CLEAR_AIR|19.1|0.583246|0|567399|2025-07-21|2026-04-29
prod|cohort|TTMI|2026-04-30|196||0|178.715|137.5|29.9745|6.50702|0|0|0.0152624|19|3|0|0||1|1|1|1|0|0||1|69.151|0|5.06689|0.17855|0.282511|0|0|CLEAR_AIR|149.08|0.922324|1|2.03938e+08|2025-07-21|2026-04-29
prod|cohort|TXT|2026-04-30|196||0|97.125|89.78|8.18111|2.08053|0.0729323|0.23965|0.302596|6|0|0|0||10|9|8|6|2|0|1.90774|0|46.9555|0|2.73548|0|0|0|0|LADDER_CLIMBING|101.57|0.883922|0|9.76622e+07|2025-07-21|2026-04-29
prod|cohort|USAR|2026-04-30|196||0|22.63|22.03|2.72356|8.9009|0.348724|0.226875|0.383182|15|3|0|0||5|4|4|0|4|1|0.551067|0|37.6045|0|4.75912|0.256029|0.475657|0|0|INTO_SUPPLY|43.98|0.50091|0|2.6448e+08|2025-07-21|2026-04-29
prod|cohort|USCB|2026-04-30|196||0|18.24|18.41|-0.923411|2.7892|0.608207|0.881117|0.560343|7|0|0|0||14|10|10|0|10|1|1.47872|0|100|0|3.20633|0|0|0|0|CLEARED_NOTHING|20.785|0.885735|0|811899|2025-07-21|2026-04-29
prod|cohort|VCX|2026-04-30|29||1|93|85.01|9.39889|14.2003|0.79038|0.79038|0.903867|2|0|0|0||3|1|1|0|1|1|0.817792|0|35.2073|0|2.99136|0|0|0|0|INTO_SUPPLY|575|0.147843|0|2.70903e+07|2026-03-19|2026-04-29
prod|cohort|VIAV|2026-04-30|196||0|59.99|45.53|31.7593|6.20847|0|0|0.0158424|12|4|0|0||1|1|1|1|0|0||1|64.4688|0|3.09842|0|0|0|0|CLEAR_AIR|48.89|0.931274|1|2.24513e+08|2025-07-21|2026-04-29
prod|cohort|VISN|2026-04-30|73||0|12.748|10.47|21.7574|3.70557|0.89702|0.880047|0.913663|1|1|13.5736|1||2|2|2|0|2|0|14.6639|0|100|0|13.6923|12.4292|12.4292|1|0|INTO_SUPPLY|19.95|0.524812|0|8.29254e+07|2026-01-14|2026-04-29
prod|cohort|WCC|2026-04-30|196||0|350.62|305.27|14.8557|3.26145|0|0|0.0716151|9|1|0|0||3|2|2|2|0|0||1|73.4702|0|2.47872|0.264913|0.264913|0|0|CLEAR_AIR|330|0.925061|1|1.40828e+08|2025-07-21|2026-04-29
prod|cohort|ZBIO|2026-04-30|196||0|19.05|17.55|8.54701|6.44672|0.719763|0.827759|0.81564|4|1|3.66419|0|8.54979|25|20|20|0|20|1|1.09926|0|61.4161|0|3.24047|0|0|0|0|CLEARED_NOTHING|44.6|0.393498|0|9.91396e+06|2025-07-21|2026-04-29
prod|cohort|ADUR|2026-05-01|197||0|14.89|14.12|5.45326|7.20302|0.0575495|0|0.123515|10|0|0|0||6|6|6|1|5|4|0.0559425|0|78.8541|0|4.55143|0.0406617|0.0406617|0|0|IFFY_AT_FIRST_ZONE|17.66|0.799547|0|2.66511e+06|2025-07-21|2026-04-30
prod|cohort|AIOS|2026-05-01|54||0|12.14|9.32|30.2575|11.4126|0.444027|0.444027|0.808264|4|2|1.84194|0|3.97547|5|5|5|0|5|2|0.187659|0|62.5815|0|3.09124|0.861754|0.861754|0|0|IFFY_AT_FIRST_ZONE|28.182|0.330708|0|30608.3|2026-02-12|2026-04-30
prod|cohort|AKAN|2026-05-01|197||0|57.72|48.96|17.8922|27.8718|0.020756|0|0.0568804|8|2|0.0174668|0|0.590454|9|3|3|1|2|0|2.79322|0|100|0|46.7667|0.0331314|0.0331314|0|0|LADDER_CLIMBING|209.025|0.23423|0|205053|2025-07-21|2026-04-30
prod|cohort|ALMU|2026-05-01|197||0|23.65|23.29|1.54573|14.2268|0.00949419|0|0.013883|3|1|0|0||3|3|3|1|2|2|0.163465|0|29.8976|1|5.07828|0.960725|0.960725|0|1|IFFY_AT_FIRST_ZONE|25.8828|0.899825|0|3.23409e+07|2025-07-21|2026-04-30
prod|cohort|ANIK|2026-05-01|197||0|13.61|12.45|9.31727|4.98411|0.203551|0.646096|0.218361|7|1|0|0||8|3|3|0|3|0|2.74937|0|100|0|4.73399|0.182516|0.182516|0|0|CLEARED_NOTHING|16.24|0.766626|0|1.51837e+06|2025-07-21|2026-04-30
prod|cohort|ATOM|2026-05-01|197||0|8.35|8.18|2.07824|11.9946|0.0512353|0.0713144|0.060499|6|2|0|0||1|0|0|0|0|0||1|39.9463|0|4.68141|0|0|0|0|CLEAR_AIR|9.5899|0.852981|0|6.16114e+06|2025-07-21|2026-04-30
prod|cohort|AXTI|2026-05-01|197||0|78.8|79.22|-0.530169|13.7758|0.0322828|0.0536895|0.0292563|11|6|0|0||2|1|1|0|1|1|0.409928|0|30.1593|0|2.32481|0|0|0|0|INTO_SUPPLY|90.1|0.879245|0|8.55491e+08|2025-07-21|2026-04-30
prod|cohort|BAND|2026-05-01|197||0|37.66|36.81|2.30916|6.86371|0|0|0.000743814|10|4|0|0||0|0|0|0|0|0||1|100|0|12.8094|3.94035|4.10321|1|0|CLEAR_AIR|36.88|0.998102|1|8.78887e+06|2025-07-21|2026-04-30
prod|cohort|BOOM|2026-05-01|197||0|7.5|6.18|21.3592|5.23222|0.285506|0.154477|0.60942|5|1|2.44664|1||11|7|7|1|6|0|3.08346|0|45.7758|0|4.85847|0|0|0|0|INTO_SUPPLY|9.2|0.671739|0|1.52446e+06|2025-07-21|2026-04-30
prod|cohort|BTSG|2026-05-01|197||0|49|47.97|2.14718|3.26525|0|0|0.00959801|7|2|0|0||2|2|2|2|0|0||1|76.8091|0|2.10226|0|0|0|0|CLEAR_AIR|48.97|0.979579|1|7.64815e+07|2025-07-21|2026-04-30
prod|cohort|CLNN|2026-05-01|197||0|6.21|6.16|0.811688|9.36366|0.549403|0.219966|0.566531|1|0|0|0||15|13|13|0|13|7|0.494769|0|68.9174|0|1.51699|0|0|0|0|INTO_SUPPLY|13.5|0.456296|0|404084|2025-07-21|2026-04-30
prod|cohort|CUE|2026-05-01|197||0|33.75|14.74|128.969|32.5041|0|0|0.46028|3|1|0|0||16|16|16|16|0|0||1|31.4553|0|2.304|0.0378651|0.0378651|0|0|CLEAR_AIR|30.9696|0.475951|1|6.52406e+06|2025-07-21|2026-04-30
prod|cohort|CVV|2026-05-01|197||0|7.32|6.78|7.9646|10.0257|0|0|0.00534629|3|0|0|0||1|1|1|1|0|0||1|35.073|0|5.95978|0|0|0|0|CLEAR_AIR|6.9842|0.970763|1|591384|2025-07-21|2026-04-30
prod|cohort|EDSA|2026-05-01|197||0|19.22|18.275|5.171|16.1895|0|0|0.000331716|4|1|0|0||0|0|0|0|0|0||1|100|0|11.9665|0.0425403|0.0425403|0|0|CLEAR_AIR|18.72|0.976229|1|1.48457e+06|2025-07-21|2026-04-30
prod|cohort|EL|2026-05-01|197||0|86|76.71|12.1105|3.40095|0.783028|0.497229|0.856712|19|1|0.112827|0|7.16283|21|14|14|1|13|2|1.06331|0|41.9857|0|1.99307|0|0|0|0|LADDER_CLIMBING|121.635|0.630657|0|2.73289e+08|2025-07-21|2026-04-30
prod|cohort|EUDA|2026-05-01|197||0|15.2|14.53|4.61115|23.4036|0.578276|0.350911|0.613008|13|1|0|0||21|19|19|0|19|5|0.0439934|0|100|0|5.81634|0.41738|0.453337|0|0|IFFY_AT_FIRST_ZONE|86|0.168953|0|67942.6|2025-07-21|2026-04-30
prod|cohort|FEIM|2026-05-01|197||0|52.85|50.16|5.36284|7.34006|0.169581|0.304871|0.227532|8|1|0|0||11|10|10|1|9|5|0.28828|0|56.7583|0|2.87225|0|0|0|0|INTO_SUPPLY|61.47|0.816008|0|6.76033e+06|2025-07-21|2026-04-30
prod|cohort|FIVN|2026-05-01|197||0|20.18|17.2|17.3256|5.20152|0.452892|0.00873139|0.755464|7|1|0.0762147|0|5.23976|23|19|19|6|13|3|0.100984|0|45.5679|0|4.24989|0.220179|0.220179|0|0|IFFY_AT_FIRST_ZONE|29.64|0.580297|0|3.19469e+07|2025-07-21|2026-04-30
prod|cohort|GPCR|2026-05-01|197||0|43.93|41.45|5.98311|6.63303|0.545002|0.948886|0.554326|6|3|0.0514775|0|7.65986|14|11|11|0|11|0|3.37947|0|70.7079|0|4.21469|0|0|0|0|CLEARED_NOTHING|94.9|0.436776|0|4.47688e+07|2025-07-21|2026-04-30
prod|cohort|HUBS|2026-05-01|197||0|235.415|221.76|6.15756|6.17843|0.789989|0.530439|0.901494|11|2|4.15539|0|4.59506|26|19|19|1|18|5|0.177725|0|32.6077|0|2.93903|0.710695|0.710695|0|0|IFFY_AT_FIRST_ZONE|568.16|0.390313|0|3.12383e+08|2025-07-21|2026-04-30
prod|cohort|INDV|2026-05-01|197||0|37.39|36.78|1.65851|4.02525|0.0128309|0.0197867|0.0250662|7|4|0|0||2|2|2|0|2|2|0.179397|0|86.0629|0|4.7019|0.181868|0.19682|0|0|IFFY_AT_FIRST_ZONE|39.33|0.935164|0|4.62186e+07|2025-07-21|2026-04-30
prod|cohort|ISPC|2026-05-01|197||0|6.06|5.23|15.87|18.365|0.790049|0.610659|0.915838|9|3|0.898538|1|20.6556|27|21|21|0|21|3|0.557093|0|48.6828|0|2.35701|0.649678|1.09617|0|0|INTO_SUPPLY|127.2|0.0411164|0|3.00497e+06|2025-07-21|2026-04-30
prod|cohort|JTAI|2026-05-01|197||0|7.12|6.81|4.55213|21.9779|0.790146|0.736114|0.830155|14|3|7.71867|0|44.7844|28|20|20|0|20|1|1.35478|0|22.194|1|1.27809|0|0|0|1|CLEARED_NOTHING|804|0.00847015|0|1.89884e+06|2025-07-21|2026-04-30
prod|cohort|MESO|2026-05-01|197||0|15.85|15.67|1.14869|2.94341|0.561279|0.305466|0.600619|61|6|3.13805|0|0.321522|19|12|11|1|10|2|0.0857392|0|39.2097|0|4.36967|1.88358|2.32915|1|0|IFFY_AT_FIRST_ZONE|21.5|0.728837|0|3.24322e+06|2025-07-21|2026-04-30
prod|cohort|MLYS|2026-05-01|197||0|27.75|26.65|4.12758|5.81416|0.726944|0.470033|0.79009|4|1|0|0||23|21|21|1|20|4|0.833628|0|41.3305|0|3.13853|0|0|0|0|INTO_SUPPLY|47.65|0.559286|0|2.45713e+07|2025-07-21|2026-04-30
prod|cohort|MRAM|2026-05-01|197||0|18.3|18.28|0.109409|6.76948|0.0677473|0.145859|0.0687083|16|2|0|0||0|0|0|0|0|0||1|100|0|9.44007|3.43837|3.49155|1|0|CLEAR_AIR|19.71|0.927448|0|5.21313e+06|2025-07-21|2026-04-30
prod|cohort|MRNA|2026-05-01|197||0|46.635|45.94|1.51284|4.98622|0.229467|0.767643|0.240042|16|2|0|0||10|8|8|0|8|0|1.95457|0|48.7471|0|3.74993|0.0986823|0.0986823|0|0|CLEARED_NOTHING|59.55|0.771453|0|2.5625e+08|2025-07-21|2026-04-30
prod|cohort|MTZ|2026-05-01|197||0|406.88|394.05|3.25593|3.20446|0|0|0.00440375|11|3|0|0||0|0|0|0|0|0||1|100|0|3.01722|0.281284|0.281284|0|0|CLEAR_AIR|401.185|0.982215|1|2.39238e+08|2025-07-21|2026-04-30
prod|cohort|NUTX|2026-05-01|197||0|121.81|119.2|2.1896|6.01526|0.276693|0.035489|0.288561|8|2|0.0777925|0|0.174692|11|8|8|1|7|1|0.0423082|0|84.5023|0|2.78377|0.0563167|0.0563167|0|0|IFFY_AT_FIRST_ZONE|193.07|0.617393|0|1.74134e+07|2025-07-21|2026-04-30
prod|cohort|NVT|2026-05-01|197||0|164.3|142.9|14.9755|3.14979|0|0|0.00666183|13|5|0|0||1|1|1|1|0|0||1|79.6352|0|3.05895|0|0|0|0|CLEAR_AIR|145.309|0.983422|1|2.81034e+08|2025-07-21|2026-04-30
prod|cohort|OLED|2026-05-01|197||0|94.555|87.09|8.57159|3.5438|0.892343|0.714072|0.986998|9|1|0|0||23|20|20|1|19|1|0.839311|0|100|0|3.84352|0.0341661|0.0341661|0|0|INTO_SUPPLY|154.075|0.565244|0|5.45307e+07|2025-07-21|2026-04-30
prod|cohort|PBM|2026-05-01|196||0|6.59|6.59|0|23.0198|0.813643|0.796678|0.813643|13|3|0.501448|0|0.533946|15|10|10|0|10|0|2.34013|0|41.2829|0|5.68883|0.302943|0.561061|0|0|CLEARED_NOTHING|74.9375|0.0879399|0|1.77862e+06|2025-07-21|2026-04-30
prod|cohort|PS|2026-05-01|2|history_too_thin(2d)|1|29.88||||||||||||||||||||||||||||32.5||0||2026-04-29|2026-04-30
prod|cohort|QUAD|2026-05-01|197||0|7.51|7.44|0.94086|3.89193|0.0325411|0.105465|0.040474|5|1|0.0855333|0|0.598733|3|3|3|1|2|1|0.10264|0|100|0|2.99879|0.206933|0.289286|0|0|IFFY_AT_FIRST_ZONE|7.96|0.934673|0|1.43661e+06|2025-07-21|2026-04-30
prod|cohort|RDDT|2026-05-01|197||0|165.51|147.23|12.4159|4.89114|0.65087|0.0103335|0.791165|15|2|0.996711|0|4.82377|21|15|15|6|9|1|0.394055|0|65.3438|0|3.50454|0.318963|0.3598|0|0|INTO_SUPPLY|282.95|0.520339|0|5.48761e+08|2025-07-21|2026-04-30
prod|cohort|RIOT|2026-05-01|197||0|18.51|17.24|7.36659|6.43372|0.177779|0.0342731|0.283004|12|2|0|0||11|10|10|1|9|5|0.335718|0|75.0419|0|2.34663|0.374123|0.69626|0|0|INTO_SUPPLY|23.935|0.720284|0|3.01944e+08|2025-07-21|2026-04-30
prod|cohort|ROKU|2026-05-01|197||0|125.495|116.56|7.66558|4.08682|0|0|0.010043|12|1|0|0||2|2|2|2|0|0||1|56.4743|0|3.48668|0.0874906|0.154347|0|0|CLEAR_AIR|120|0.971333|1|2.53605e+08|2025-07-21|2026-04-30
prod|cohort|SATL|2026-05-01|197||0|6.67|6.46|3.25077|11.6329|0.132274|0.299023|0.15166|6|2|0|0||4|4|4|0|4|2|0.212653|0|25.3398|1|1.73914|0.153756|0.153756|0|1|IFFY_AT_FIRST_ZONE|8.35|0.773653|0|7.44087e+07|2025-07-21|2026-04-30
prod|cohort|SILC|2026-05-01|197||0|39.08|38.75|0.851613|7.67235|0.000239439|0.000532975|0.00221481|3|2|0|0||0|0|0|0|0|0||1|92.7168|0|7.5796|1.30663|2.05873|1|0|CLEAR_AIR|39.12|0.990542|0|1.24512e+06|2025-07-21|2026-04-30
prod|cohort|TEAM|2026-05-01|197||0|82.92|68.59|20.8923|6.0857|0.583906|0.198038|0.851486|14|3|2.51475|0|5.41391|22|17|17|5|12|1|0.402278|0|25.9702|1|4.03089|0.510654|0.761748|0|1|INTO_SUPPLY|206|0.332961|0|4.53911e+08|2025-07-21|2026-04-30
prod|cohort|TMC|2026-05-01|197||0|5.495|5.24|4.86641|6.60098|0.746126|0.510628|0.831021|15|0|0|0||17|11|11|2|9|3|0.923292|0|40.899|0|4.11027|0|0|0|0|INTO_SUPPLY|11.35|0.461674|0|2.10365e+07|2025-07-21|2026-04-30
prod|cohort|TRUP|2026-05-01|197||0|25.5|23.99|6.29429|5.13021|0.940306|0.811393|0.998995|7|1|0.24461|0|4.08193|27|20|20|0|20|0|1.78107|0|73.0994|0|3.50433|0.0111343|0.0111343|0|0|CLEARED_NOTHING|57|0.420877|0|8.33794e+06|2025-07-21|2026-04-30
prod|cohort|TWLO|2026-05-01|197||0|177.77|148.06|20.0662|4.91152|0|0|0.0074268|17|1|0|0||1|0|0|0|0|0||1|33.9099|0|4.71656|0.0835248|0.0835248|0|0|CLEAR_AIR|154.64|0.95745|1|2.99816e+08|2025-07-21|2026-04-30
prod|cohort|VEEV|2026-05-01|197||0|174.02|155.97|11.5727|4.17281|0.860227|0.652603|0.974445|12|2|2.70466|0|5.57458|20|17|17|1|16|4|0.114163|0|32.7959|0|2.60034|0.237999|0.400416|0|0|IFFY_AT_FIRST_ZONE|310.5|0.502319|0|3.00863e+08|2025-07-21|2026-04-30
prod|cohort|XNDU|2026-05-01|24||1|29.5|29.1|1.37457|22.294|0.439143|0.439143|0.463802|1|1|0|0||2|2|2|0|2|1|0.848384|0|12.1238|1|4.14628|0.0234536|0.0234536|0|1|INTO_SUPPLY|42.44|0.685674|0|5.57083e+07|2026-03-27|2026-04-30
prod|cohort|ZETA|2026-05-01|197||0|19.33|18.42|4.94028|5.09866|0.33723|0.00118213|0.517625|17|1|0|0||18|16|16|4|12|4|0.0659516|0|40.8986|0|4.20515|0.351353|0.632155|0|0|IFFY_AT_FIRST_ZONE|24.9|0.739759|0|1.07547e+08|2025-07-21|2026-04-30
prod|cohort|ADVB|2026-05-04|198||0|6.14|5.27|16.5085|10.4767|0.673876|0.58328|0.775631|7|1|0|0||25|22|22|3|19|2|0.839463|0|23.7249|1|3.20568|0.0307903|0.0307903|0|1|INTO_SUPPLY|15.2|0.346711|0|139809|2025-07-21|2026-05-01
prod|cohort|AKTX|2026-05-04|198||0|5.75|5.47|5.11883|11.0443|0.746804|0.312522|0.793071|6|4|4.37134|0|3.46747|25|23|23|0|23|2|1.11803|0|58.8079|0|2.83357|0|0|0|0|CLEARED_NOTHING|49.6|0.110282|0|81372.1|2025-07-21|2026-05-01
prod|cohort|BB|2026-05-04|198||0|6.1|5.42|12.5461|6.19442|0|0|0.0384488|9|2|0|0||1|1|1|1|0|0||1|48.2193|0|5.33013|0.125144|0.125144|0|0|CLEAR_AIR|5.79|0.936097|1|8.02984e+07|2025-07-21|2026-05-01
prod|cohort|CELC|2026-05-04|198||0|142.115|125.65|13.1039|5.57601|0|0|0.00749754|3|2|0|0||3|3|3|3|0|0||1|49.5407|0|1.84882|0|0|0|0|CLEAR_AIR|129.09|0.973352|1|8.82771e+07|2025-07-21|2026-05-01
prod|cohort|CVV|2026-05-04|198||0|8.3|8.05|3.10559|9.99052|0|0|0.00259243|4|1|0|0||0|0|0|0|0|0||1|56.5146|0|6.83021|0.392408|0.392408|0|0|CLEAR_AIR|8.19|0.982906|1|722951|2025-07-21|2026-05-01
prod|cohort|EBAY|2026-05-04|198||0|109.14|104.07|4.87172|3.44165|0|0|0.0215949|14|0|0|0||1|1|1|1|0|0||1|100|0|2.58243|0|0|0|0|CLEAR_AIR|107.34|0.969536|1|4.79964e+08|2025-07-21|2026-05-01
prod|cohort|GBTG|2026-05-04|198||0|9.305|5.93|56.914|3.75824|0|0|0.667787|5|0|0|0||13|9|9|9|0|0||1|43.9992|0|2.32764|0|0|0|0|CLEAR_AIR|8.64|0.686343|1|6.27277e+06|2025-07-21|2026-05-01
prod|cohort|IMOS|2026-05-04|198||0|48.24|45.6|5.78947|3.8476|0.0302145|0.0550037|0.102148|72|22|0.926682|1||1|0|0|0|0|0||1|25.4455|1|5.60271|1.50228|4.29827|2|0|INTO_SUPPLY|51.08|0.892717|0|2.84878e+06|2025-07-21|2026-05-01
prod|cohort|INNV|2026-05-04|198||0|8.3|8.32|-0.240385|4.25664|0.268768|0.496|0.259765|5|2|0|0||7|7|6|0|6|3|0.198131|0|46.178|0|2.25115|0|0|0|0|IFFY_AT_FIRST_ZONE|10.69|0.778297|0|1.887e+06|2025-07-21|2026-05-01
prod|cohort|INTT|2026-05-04|198||0|19.14|18.65|2.62735|8.74755|0.025419|0.0388424|0.0523479|5|2|0|0||1|1|1|0|1|1|0.364335|0|56.7909|0|2.37764|0|0|0|0|INTO_SUPPLY|20|0.9325|0|3.80166e+06|2025-07-21|2026-05-01
prod|cohort|KZIA|2026-05-04|198||0|13.9|13.39|3.80881|11.7956|0.0154152|0|0.0224832|7|0|0|0||2|2|2|0|2|1|0.317153|0|33.4761|0|3.41904|0|0|0|0|INTO_SUPPLY|17.4|0.76954|0|3.06985e+06|2025-07-21|2026-05-01
prod|cohort|LWLG|2026-05-04|198||0|17.075|16.27|4.94776|13.7053|0.00134918|0.0023822|0.00664716|12|4|0|0||0|0|0|0|0|0||1|68.7102|0|2.83945|0.151436|0.165086|0|0|CLEAR_AIR|17.28|0.941551|0|1.23057e+08|2025-07-21|2026-05-01
prod|cohort|MRAM|2026-05-04|198||0|21.42|21.49|-0.325733|7.39982|0.0135957|0.0282959|0.0128464|16|2|0|0||0|0|0|0|0|0||1|100|0|11.1152|3.14548|3.19413|1|0|CLEAR_AIR|22.69|0.947113|0|5.66993e+06|2025-07-21|2026-05-01
prod|cohort|NICE|2026-05-04|198||0|122.08|112.9|8.13109|4.18103|0.421859|0.107768|0.574209|19|5|0.0293876|0|7.3469|24|17|17|6|11|0|2.63901|0|59.4264|0|3.32104|0.681048|1.34837|0|0|LADDER_CLIMBING|175|0.645143|0|4.8469e+07|2025-07-21|2026-05-01
prod|cohort|OUST|2026-05-04|198||0|29.92|26.45|13.1191|7.01227|0.253633|0.000586923|0.504243|17|2|0|0||15|12|12|4|8|4|0.0381303|0|29.4828|1|3.42344|0.189013|0.252454|0|1|IFFY_AT_FIRST_ZONE|41.65|0.635054|0|3.97921e+07|2025-07-21|2026-05-01
prod|cohort|POEL|2026-05-04|1|history_too_thin(1d)|1|22.7||||||||||||||||||||||||||||22.02||1||2026-05-01|2026-05-01
prod|cohort|RIGL|2026-05-04|198||0|29.4|29.4|0|4.073|0.772451|0.558204|0.772451|10|2|0.0501059|0|0.84345|19|16|16|0|16|1|1.01047|0|62.7853|0|2.88421|0.0821265|0.179483|0|0|CLEARED_NOTHING|52.24|0.562787|0|1.03426e+07|2025-07-21|2026-05-01
prod|cohort|RLYB|2026-05-04|198||0|14.02|9.41|48.9904|4.32736|0|0|0.38717|4|1|0|0||2|2|2|2|0|0||1|83.6556|0|3.23523|0.0267773|0.0267773|0|0|CLEAR_AIR|11.49|0.818973|1|400789|2025-07-21|2026-05-01
prod|cohort|SSM|2026-05-04|157||0|7.36|6|22.6667|5.34738|0.852337|0.00643369|0.971861|26|5|0.203269|1||21|18|18|5|13|7|0|0|22.98|1|1.72622|0.899042|1.65292|0|1|IFFY_AT_FIRST_ZONE|27.7273|0.216393|0|16703.5|2025-09-05|2026-05-01
prod|cohort|ACNT|2026-05-05|199||0|14.91|14.92|-0.0670241|2.83258|0.228199|0.140806|0.227153|4|3|4.24424|0|1.16021|2|1|1|0|1|0|7.12629|0|47.5861|0|2.91542|0|0|0|0|CLEARED_NOTHING|17.9197|0.832603|0|1.08446e+06|2025-07-21|2026-05-04
prod|cohort|AIOS|2026-05-05|56||0|16|15.52|3.09278|16.559|0.436897|0.436897|0.45084|5|2|0|0||1|0|0|0|0|0||1|100|0|7.67879|0.59393|1.00863|0|0|CLEAR_AIR|33.8699|0.458224|0|39864.2|2026-02-12|2026-05-04
prod|cohort|ARBB|2026-05-05|198||0|5.47|5.75|-4.86957|6.83837|0.873704|0.259584|0.796457|22|3|0|0||14|12|12|0|12|2|1.30995|0|80.2765|0|5.35296|0.818909|2.62169|0|0|CLEARED_NOTHING|13.89|0.413967|0|14367.2|2025-07-21|2026-05-04
prod|cohort|BDSX|2026-05-05|199||0|13.5|11.27|19.787|9.20094|0.0328089|0.578366|0.057346|3|1|0|0||10|10|10|2|8|3|0.249572|0|73.5943|0|3.34637|0|0|0|0|IFFY_AT_FIRST_ZONE|20.21|0.557645|0|609276|2025-07-21|2026-05-04
prod|cohort|BLLN|2026-05-05|122||0|72.01|72.12|-0.152524|8.01595|0.876508|0.789345|0.87326|1|0|0|0||14|11|11|0|11|1|1.45003|0|58.1859|0|2.61233|0|0|0|0|CLEARED_NOTHING|138.7|0.519971|0|3.2184e+07|2025-11-06|2026-05-04
prod|cohort|BLSH|2026-05-05|182||0|41.77|40.7|2.62899|5.62968|0.684641|0.0606948|0.702879|16|3|0.368188|0|1.13118|13|13|13|0|13|3|0.246649|0|42.8222|0|3.05506|0|0|0|0|IFFY_AT_FIRST_ZONE|118|0.344915|0|4.20008e+07|2025-08-13|2026-05-04
prod|cohort|BUD|2026-05-05|199||0|79.64|73.91|7.75267|1.43277|0.0292494|0.0965847|0.178944|54|12|0.765519|1||4|3|3|2|1|0|1.68265|0|99.3718|0|3.37627|0.814802|2.64396|0|0|INTO_SUPPLY|81.56|0.906204|0|1.31674e+08|2025-07-21|2026-05-04
prod|cohort|CECO|2026-05-05|199||0|79.06|78.17|1.13854|4.53887|0.00441991|0.0109046|0.0119974|8|2|0|0||1|1|1|0|1|1|0.740351|0|38.6914|0|5.65442|0|0|0|0|INTO_SUPPLY|81.7167|0.956598|0|2.68194e+07|2025-07-21|2026-05-04
prod|cohort|CEVA|2026-05-05|199||0|34.69|32.53|6.64002|5.81642|0|0|0.00469473|22|3|0|0||0|0|0|0|0|0||1|88.4292|0|7.69532|0.722169|1.15507|0|0|CLEAR_AIR|33.1601|0.980998|1|9.94537e+06|2025-07-21|2026-05-04
prod|cohort|CLYM|2026-05-05|199||0|9.93|9.69|2.47678|8.48635|0.00348195|0.0148919|0.0120929|4|1|0|0||2|2|2|0|2|2|0.0830669|0|67.7257|0|1.35864|0|0|0|0|IFFY_AT_FIRST_ZONE|10.1|0.959406|0|4.97642e+06|2025-07-21|2026-05-04
prod|cohort|CYRX|2026-05-05|199||0|11|10.21|7.73751|4.16179|0.0159354|0|0.133833|5|1|0|0||7|6|6|3|3|3|0.240281|0|63.7997|0|2.06089|0.0945059|0.0945059|0|0|IFFY_AT_FIRST_ZONE|11.45|0.891703|0|4.14332e+06|2025-07-21|2026-05-04
prod|cohort|CYTK|2026-05-05|199||0|74.685|66.05|13.0734|3.71176|0|0|0.117683|6|1|0|0||7|7|7|7|0|0||1|97.4173|0|2.93629|0.00221959|0.00221959|0|0|CLEAR_AIR|70.98|0.930544|1|1.00777e+08|2025-07-21|2026-05-04
prod|cohort|DOCN|2026-05-05|199||0|130.2|108.81|19.6581|8.2196|0|0|0.000318133|14|6|0|0||0|0|0|0|0|0||1|36.1389|0|4.51834|0.0770991|0.0770991|0|0|CLEAR_AIR|109.13|0.997068|1|3.21644e+08|2025-07-21|2026-05-04
prod|cohort|ELPW|2026-05-05|199||0|337.95|329.85|2.45566|22.1403|0.117923|0.0783862|0.123298|17|6|14.6794|0|2.85914|14|11|11|0|11|4|0.45828|0|100|0|9.74377|0.776747|1.53163|0|0|INTO_SUPPLY|54972|0.00600033|0|1.81902e+06|2025-07-21|2026-05-04
prod|cohort|ENR|2026-05-05|199||0|21.01|19.34|8.63495|3.87228|0.504619|0.257234|0.694031|8|2|0.245832|0|0.368747|16|14|14|2|12|1|0.245832|0|67.5651|0|2.57196|0|0|0|0|IFFY_AT_FIRST_ZONE|30.29|0.638495|0|1.93545e+07|2025-07-21|2026-05-04
prod|cohort|EOLS|2026-05-05|199||0|5.45|5.58|-2.32975|5.06866|0.718546|0.233848|0.697354|8|2|2.82361|0|9.05003|15|12|12|0|12|0|1.57471|0|67.0545|0|4.33355|0.10888|0.10888|0|0|CLEARED_NOTHING|10.2|0.547059|0|3.01015e+06|2025-07-21|2026-05-04
prod|cohort|EVER|2026-05-05|199||0|19.09|14.61|30.6639|5.25369|0.51782|0|0.939629|5|0|0|0||24|19|19|8|11|0|3.63934|0|88.4691|0|2.8887|0.0638733|0.0638733|0|0|LADDER_CLIMBING|28.7299|0.508529|0|1.00329e+07|2025-07-21|2026-05-04
prod|cohort|EWTX|2026-05-05|199||0|39.125|31.45|24.4038|4.40121|0|0|0.0839819|1|0|0|0||5|5|5|5|0|0||1|27.8555|1|2.86351|0|0|0|1|CLEAR_AIR|35|0.898571|1|2.3088e+07|2025-07-21|2026-05-04
prod|cohort|FGNX|2026-05-05|184||0|6.0365|6.04|-0.057947|7.55564|0.95047|0.742383|0.950356|14|3|6.24978|0|16.2543|25|21|21|0|21|0|2.22212|0|94.344|0|2.20255|0.0694498|0.0694498|0|0|CLEARED_NOTHING|128.75|0.0469126|0|336746|2025-08-11|2026-05-04
prod|cohort|FLY|2026-05-05|186||0|38.69|33.37|15.9425|9.87099|0.19811|0.171692|0.312794|14|2|0.775055|0|4.81267|6|5|5|1|4|1|0.738397|0|26.183|1|2.98857|0|0|0|1|INTO_SUPPLY|73.8|0.452168|0|2.07161e+08|2025-08-07|2026-05-04
prod|cohort|FSLY|2026-05-05|199||0|29.11|27.49|5.89305|10.7927|0.0694554|0.108474|0.110628|13|3|0|0||4|3|3|0|3|1|0.585662|0|49.1066|0|2.61893|0|0|0|0|INTO_SUPPLY|34.82|0.789489|0|2.46613e+08|2025-07-21|2026-05-04
prod|cohort|FTRE|2026-05-05|199||0|13.97|12.25|14.0408|6.56854|0.202248|0.0383646|0.241019|10|2|0|0||11|9|9|0|9|1|1.17695|0|62.0818|0|3.87893|0|0|0|0|CLEARED_NOTHING|18.67|0.656133|0|1.10336e+07|2025-07-21|2026-05-04
prod|cohort|GFS|2026-05-05|199||0|70|67.75|3.32103|4.21177|0|0|0.00489787|20|6|0|0||0|0|0|0|0|0||1|40.9956|0|7.64812|0.724215|1.96185|0|0|CLEAR_AIR|69.3|0.977633|1|1.91713e+08|2025-07-21|2026-05-04
prod|cohort|GILT|2026-05-05|199||0|19.48|18.34|6.21592|4.74469|0.0227672|0.00802655|0.0977908|23|3|0|0||4|4|4|1|3|3|0.297534|0|34.541|0|3.07984|0.20187|0.347501|0|0|INTO_SUPPLY|20.3757|0.900092|0|9.40391e+06|2025-07-21|2026-05-04
prod|cohort|GPK|2026-05-05|199||0|10.87|9.56|13.7029|3.603|0.730946|0.29766|0.888852|7|1|0.344699|0|19.8138|24|23|23|5|18|0|2.68099|0|45.008|0|1.99487|0|0|0|0|LADDER_CLIMBING|23.76|0.402357|0|5.47079e+07|2025-07-21|2026-05-04
prod|cohort|IART|2026-05-05|199||0|12.23|10.65|14.8357|5.35549|0.583786|0.00325213|0.854035|10|0|0|0||20|18|18|2|16|4|0.221382|0|52.3835|0|1.87767|0|0|0|0|IFFY_AT_FIRST_ZONE|16.49|0.645846|0|7.96977e+06|2025-07-21|2026-05-04
prod|cohort|IMOS|2026-05-05|199||0|52.12|48.14|8.26755|3.95695|0|0|0.0407973|73|22|0|0||2|0|0|0|0|0||1|42.0987|0|5.36913|1.46077|4.70046|2|0|CLEAR_AIR|51.08|0.942443|1|2.92849e+06|2025-07-21|2026-05-04
prod|cohort|INTC|2026-05-05|199||0|100.505|95.78|4.93318|5.47797|0|0|0.00939865|23|11|0|0||0|0|0|0|0|0||1|39.2017|0|9.54453|3.09989|3.37635|1|0|CLEAR_AIR|100.45|0.953509|1|8.47375e+09|2025-07-21|2026-05-04
prod|cohort|INTT|2026-05-05|199||0|16.08|18.54|-13.2686|8.62061|0.285088|0.432291|0.0689247|5|2|0|0||2|2|2|0|2|0|2.64754|0|57.0692|0|2.2855|0|0|0|0|CLEARED_NOTHING|20|0.927|0|4.10081e+06|2025-07-21|2026-05-04
prod|cohort|JBTM|2026-05-05|199||0|124.2|116.44|6.66438|3.22535|0.96254|0.897592|0.989748|9|0|0|0||22|16|16|0|16|0|1.64259|0|74.0426|0|4.33495|0.188081|0.188081|0|0|CLEARED_NOTHING|170.19|0.684177|0|4.83481e+07|2025-07-21|2026-05-04
prod|cohort|LXU|2026-05-05|199||0|14.55|14.37|1.25261|5.72714|0.315183|0.519573|0.362342|11|1|0|0||8|6|6|0|6|4|0.678028|0|80.2259|0|1.90677|0.128131|0.236862|0|0|INTO_SUPPLY|17.215|0.834737|0|1.89568e+07|2025-07-21|2026-05-04
prod|cohort|MED|2026-05-05|199||0|10|10.63|-5.92662|2.70399|0.935595|0.811389|0.749917|2|2|0.166421|0|3.10652|21|17|17|0|17|0|3.90164|0|60.2886|0|1.76268|0.15254|0.15254|0|0|CLEARED_NOTHING|15.37|0.691607|0|1.75664e+06|2025-07-21|2026-05-04
prod|cohort|MU|2026-05-05|199||0|609.775|576.45|5.78107|5.1278|0|0|0.00345585|36|12|0|0||0|0|0|0|0|0||1|71.3009|0|5.12181|0.426206|0.57722|0|0|CLEAR_AIR|592.799|0.972421|1|1.82367e+10|2025-07-21|2026-05-04
prod|cohort|NBTX|2026-05-05|199||0|33.79|31.16|8.44031|4.98035|0.0655032|0.19712|0.200785|42|12|1.19142|1|1.63412|2|1|1|0|1|0|4.81317|0|88.5519|0|2.61978|1.29781|1.72338|1|0|INTO_SUPPLY|41.8899|0.743855|0|2.15604e+06|2025-07-21|2026-05-04
prod|cohort|PAY|2026-05-05|199||0|32.53|28.62|13.6618|3.67698|0.349655|0|0.681179|6|0|0|0||15|13|13|6|7|1|0.840216|0|64.2243|0|3.16868|0.0100133|0.0100133|0|0|INTO_SUPPLY|39.38|0.726765|0|1.04597e+07|2025-07-21|2026-05-04
prod|cohort|PINS|2026-05-05|199||0|24.71|20.85|18.5132|3.61751|0.552805|0|0.599092|16|4|5.86204|0|0.357987|14|14|14|1|13|0|1.87943|0|46.5497|0|2.95393|0.294934|0.560818|0|0|LADDER_CLIMBING|39.93|0.522164|0|2.37605e+08|2025-07-21|2026-05-04
prod|cohort|PLOW|2026-05-05|199||0|48.48|44.58|8.74832|3.07201|0|0|0.190229|11|2|0|0||3|2|2|2|0|0||1|75.6312|0|1.8298|0|0|0|0|CLEAR_AIR|48.4699|0.919746|1|8.93746e+06|2025-07-21|2026-05-04
prod|cohort|POWL|2026-05-05|199||0|278.19|269.95|3.05242|5.57866|0.00868516|0.0272782|0.0178654|12|1|0|0||0|0|0|0|0|0||1|83.0953|0|3.37924|0|0|0|0|CLEAR_AIR|290.4|0.92958|0|1.58278e+08|2025-07-21|2026-05-04
prod|cohort|RAAQ|2026-05-05|170||0|10.87|10.865|0.0460193|1.33291|0.0407924|0.0577836|0.043521|21|7|0|0||1|1|1|0|1|1|0.966266|0|25.53|1|3.24389|0.0721656|0.0721656|0|1|INTO_SUPPLY|11.01|0.98683|0|1.70962e+06|2025-07-21|2026-05-04
prod|cohort|ROK|2026-05-05|199||0|454.5|400.31|13.537|2.31252|0|0|0.256617|16|1|0|0||7|6|6|6|0|0||1|52.2914|0|1.9479|0.176595|0.176595|0|0|CLEAR_AIR|438.72|0.91245|1|2.73143e+08|2025-07-21|2026-05-04
prod|cohort|RYTM|2026-05-05|199||0|93.9|85.58|9.7219|4.16288|0.67811|0.264311|0.88762|4|1|0|0||21|20|20|5|15|2|0.266057|0|81.1965|0|2.06643|0.152669|0.152669|0|0|INTO_SUPPLY|122.2|0.700327|0|4.65232e+07|2025-07-21|2026-05-04
prod|cohort|SEAT|2026-05-05|199||0|7.07|6.43|9.95334|9.7566|0.668269|0.202884|0.842447|3|2|1.05829|0|2.36303|22|21|21|0|21|8|0.0434914|0|30.0612|0|2.7211|0|0|0|0|IFFY_AT_FIRST_ZONE|38|0.169211|0|595776|2025-07-21|2026-05-04
prod|cohort|SHLS|2026-05-05|199||0|9.23|8.27|11.6082|5.95294|0.254675|0.140386|0.41851|14|3|1.03739|1||10|8|8|2|6|0|2.83007|0|41.8868|0|3.13571|0|0|0|0|INTO_SUPPLY|11.36|0.727993|0|3.10923e+07|2025-07-21|2026-05-04
prod|cohort|SILC|2026-05-05|199||0|45.52|41.44|9.84556|8.38727|0.00382979|0.00805031|0.0391612|3|2|0|0||0|0|0|0|0|0||1|100|0|7.70573|1.19525|1.88325|1|0|CLEAR_AIR|46.0804|0.899298|0|1.46422e+06|2025-07-21|2026-05-04
prod|cohort|SONO|2026-05-05|199||0|14.89|14.87|0.134499|3.88405|0.570666|0.415116|0.575154|16|3|0.0691641|0|1.21037|18|14|14|0|14|4|0.0518731|0|70.8367|0|2.25105|0.24581|0.24581|0|0|IFFY_AT_FIRST_ZONE|19.82|0.750252|0|1.55502e+07|2025-07-21|2026-05-04
prod|cohort|STRL|2026-05-05|199||0|727.45|529.49|37.3869|4.7772|0|0|0.00692371|17|3|0|0||0|0|0|0|0|0||1|83.1415|0|4.05332|0|0|0|0|CLEAR_AIR|548|0.966223|1|2.05771e+08|2025-07-21|2026-05-04
prod|cohort|TASK|2026-05-05|199||0|6.42|6.41|0.156006|4.46829|0.978872|0.948278|0.980803|5|3|11.298|0|3.90429|22|20|20|0|20|0|2.09158|0|44.2941|0|3.93531|0|0|0|0|CLEARED_NOTHING|18.39|0.348559|0|2.75302e+06|2025-07-21|2026-05-04
prod|cohort|TORO|2026-05-05|199||0|6.1|6.01|1.4975|10.0572|0.240967|0.491068|0.25199|6|2|0.827232|0|0.982084|3|2|2|0|2|0|2.60802|0|74.3207|0|5.69454|0.686353|1.60523|0|0|CLEARED_NOTHING|8.4999|0.707067|0|804923|2025-07-21|2026-05-04
prod|cohort|TRT|2026-05-05|196||0|12.51|11.67|7.19794|16.6577|0.574683|0.657031|0.691874|13|2|0|0||1|0|0|0|0|0||1|79.716|0|5.2865|1.66433|1.66433|1|0|CLEAR_AIR|19.1|0.610995|0|697728|2025-07-21|2026-05-04
prod|cohort|UCTT|2026-05-05|199||0|80|73.105|9.43164|5.9446|0.0157653|0.0309461|0.0937756|21|6|0|0||3|2|2|1|1|1|0.931518|0|64.5794|0|2.36778|0|0|0|0|INTO_SUPPLY|84.43|0.865865|0|7.22384e+07|2025-07-21|2026-05-04
prod|cohort|ULS|2026-05-05|199||0|96.71|90.1|7.33629|2.789|0|0|0.026663|6|1|0|0||3|3|3|3|0|0||1|51.3472|0|1.9778|0|0|0|0|CLEAR_AIR|94.035|0.958154|1|4.96756e+07|2025-07-21|2026-05-04
prod|cohort|VCX|2026-05-05|32||0|125.13|115|8.8087|11.4546|0.435271|0.435271|0.554757|3|1|0|0||2|0|0|0|0|0||1|52.8158|0|3.70839|0.1385|0.1385|0|0|CLEAR_AIR|575|0.2|0|2.36505e+07|2026-03-19|2026-05-04
prod|cohort|VOYG|2026-05-05|199||0|27.04|25.57|5.74892|6.85985|0.636732|0.554306|0.7702|7|0|0|0||21|15|15|0|15|4|0.289287|0|35.8059|0|3.39705|0|0|0|0|INTO_SUPPLY|44.34|0.57668|0|3.90002e+07|2025-07-21|2026-05-04
prod|cohort|VRDN|2026-05-05|199||0|19.07|14.06|35.633|4.69327|0.661261|0.413458|0.939604|6|2|8.43681|0|0.860329|21|15|15|3|12|2|0.737425|0|53.7585|0|2.82997|0|0|0|0|INTO_SUPPLY|34.29|0.410032|0|2.42462e+07|2025-07-21|2026-05-04
prod|cohort|VVX|2026-05-05|199||0|71|67.82|4.68888|3.6716|0.0537462|0.139066|0.272711|7|1|0|0||9|9|9|4|5|4|0.153443|0|58.2251|0|2.33977|0|0|0|0|IFFY_AT_FIRST_ZONE|75|0.904267|0|2.4694e+07|2025-07-21|2026-05-04
prod|cohort|WAT|2026-05-05|199||0|338.09|301.88|11.9948|3.34597|0.267135|0.0326977|0.694792|9|3|2.22941|0|0.768184|18|11|11|3|8|2|0.0247516|0|52.1633|0|4.17569|0.447791|0.447791|0|0|IFFY_AT_FIRST_ZONE|414.15|0.728915|0|2.75957e+08|2025-07-21|2026-05-04
prod|cohort|WOLF|2026-05-05|199||0|38.69|35.94|7.65164|12.7516|0|0|0.0031479|14|3|0|0||1|0|0|0|0|0||1|58.5989|0|4.06587|0|0|0|0|CLEAR_AIR|37.68|0.953822|1|9.81774e+07|2025-07-21|2026-05-04
prod|cohort|WYY|2026-05-05|199||0|10|8.85|12.9944|8.04534|0|0|0.00660942|3|1|0|0||0|0|0|0|0|0||1|100|0|9.99613|0.0260578|0.0260578|0|0|CLEAR_AIR|9.32|0.949571|1|171447|2025-07-21|2026-05-04
prod|cohort|XNCR|2026-05-05|199||0|13.49|13.36|0.973054|5.73748|0.341818|0.0169703|0.353457|4|1|0|0||13|13|13|1|12|5|0.0904409|0|59.785|0|2.40499|0.181992|0.181992|0|0|IFFY_AT_FIRST_ZONE|18.69|0.714821|0|9.70425e+06|2025-07-21|2026-05-04
prod|cohort|ACLS|2026-05-06|200||0|159.23|139.7|13.98|4.66757|0|0|0.0191644|20|4|0|0||1|1|1|1|0|0||1|27.7776|1|3.93545|0|0|0|1|CLEAR_AIR|147.94|0.944302|1|8.52282e+07|2025-07-21|2026-05-05
prod|cohort|ADPT|2026-05-06|200||0|14.636|13.78|6.2119|5.60955|0.534109|0.356955|0.674979|11|1|0.0609003|0|1.28378|18|16|16|1|15|3|0.626055|0|64.8629|0|1.31817|0|0|0|0|INTO_SUPPLY|20.76|0.663776|0|1.90086e+07|2025-07-21|2026-05-05
prod|cohort|AG|2026-05-06|200||0|20.45|19.1|7.06806|4.6713|0.331163|0.777209|0.402188|27|6|1.33479|0|6.08198|13|13|13|1|12|3|0.69613|0|37.1367|0|2.71688|0|0|0|0|INTO_SUPPLY|32.035|0.596223|0|2.35716e+08|2025-07-21|2026-05-05
prod|cohort|AGI|2026-05-06|200||0|40.86|38.88|5.09259|3.58394|0.301258|0.80776|0.416466|24|4|0.375581|0|1.40672|12|9|9|1|8|1|0.116089|0|23.7433|1|6.6425|0.352302|0.617653|0|1|IFFY_AT_FIRST_ZONE|55.41|0.701678|0|1.25437e+08|2025-07-21|2026-05-05
prod|cohort|AGM|2026-05-06|200||0|177.99|171.28|3.91756|2.68635|0.185483|0.0454789|0.467691|7|3|0.0439198|0|2.70002|8|7|7|1|6|3|0.0365999|0|60.3463|0|2.41064|0|0|0|0|IFFY_AT_FIRST_ZONE|210.64|0.813141|0|1.52932e+07|2025-07-21|2026-05-05
prod|cohort|ALAB|2026-05-06|200||0|229.75|215.69|6.51861|6.86745|0.0498048|0|0.0836959|18|4|0|0||4|3|3|0|3|3|0.0158449|0|45.8774|0|3.35585|0.540894|0.771564|0|0|IFFY_AT_FIRST_ZONE|262.9|0.820426|0|9.73559e+08|2025-07-21|2026-05-05
prod|cohort|AMCR|2026-05-06|200||0|40.625|37.64|7.93039|2.51435|0.739548|0.491445|0.990665|16|5|0.93974|0|2.67756|19|15|15|3|12|3|0.342649|0|62.5875|0|5.12297|0.208856|0.208856|0|0|INTO_SUPPLY|50.94|0.738909|0|1.47917e+08|2025-07-21|2026-05-05
prod|cohort|AMD|2026-05-06|200||0|409.49|355.26|15.2649|4.49006|0|0|0.00485413|30|6|0|0||1|1|1|1|0|0||1|44.4576|0|7.05745|1.77395|2.14846|1|0|CLEAR_AIR|362.79|0.979244|1|1.25869e+10|2025-07-21|2026-05-05
prod|cohort|AMWL|2026-05-06|200||0|7.41|6.36|16.5094|7.15368|0.0648382|0|0.187406|4|0|0|0||9|9|9|6|3|1|0.0913057|0|43.8357|0|1.64855|0|0|0|0|IFFY_AT_FIRST_ZONE|9.05|0.702762|0|287536|2025-07-21|2026-05-05
prod|cohort|ARM|2026-05-06|200||0|232|208.84|11.0898|5.9141|0.00520505|0.0143089|0.0430496|30|3|0|0||2|1|1|1|0|0||1|39.3267|0|6.32705|0.625989|1.04351|0|0|CLEAR_AIR|237.68|0.87866|0|1.16327e+09|2025-07-21|2026-05-05
prod|cohort|ARTV|2026-05-06|200||0|11.31|10.6|6.69811|13.9344|0.0124289|0.193763|0.0168062|5|1|0|0||1|0|0|0|0|0||1|21.4041|1|3.10316|0|0|0|1|CLEAR_AIR|14.53|0.729525|0|2.02198e+06|2025-07-21|2026-05-05
prod|cohort|ASM|2026-05-06|200||0|6.63|6.22|6.59164|5.26015|0.359382|0.666981|0.449314|24|2|0.43011|0|6.22226|12|8|8|0|8|2|0.114696|0|38.2289|0|4.20935|0.290444|0.656633|0|0|IFFY_AT_FIRST_ZONE|11.9883|0.518839|0|2.70658e+07|2025-07-21|2026-05-05
prod|cohort|ASTS|2026-05-06|200||0|66.27|63.87|3.75763|7.37853|0.719616|0.988101|0.739611|18|2|0.00615574|0|0.881436|23|16|16|0|16|0|1.70561|0|39.7265|0|4.75227|0.604514|0.610269|0|0|CLEARED_NOTHING|129.89|0.491724|0|1.18208e+09|2025-07-21|2026-05-05
prod|cohort|AU|2026-05-06|200||0|97.62|90.9|7.39274|3.27081|0.25836|0.596469|0.34693|48|13|2.00444|0|2.28001|15|10|10|2|8|1|0.842476|0|27.9639|1|5.81402|0.429516|0.80026|0|1|INTO_SUPPLY|129.14|0.703887|0|2.20718e+08|2025-07-21|2026-05-05
prod|cohort|AUGO|2026-05-06|200||0|85.82|80.7|6.34449|4.82038|0.142215|0.339793|0.219574|25|3|0.129325|1||6|5|5|1|4|2|0|0|24.8555|1|6.66661|0.263001|0.520342|0|1|IFFY_AT_FIRST_ZONE|110.321|0.731502|0|6.42579e+07|2025-07-21|2026-05-05
prod|cohort|AVTX|2026-05-06|200||0|22.8|16.26|40.2214|8.4659|0|0|0.307024|4|1|0|0||12|11|11|11|0|0||1|67.2518|0|2.81044|0|0|0|0|CLEAR_AIR|20.7199|0.784753|1|9.65537e+06|2025-07-21|2026-05-05
prod|cohort|AXTA|2026-05-06|200||0|28.82|27.16|6.11193|2.86656|0.626581|0.543512|0.936308|17|3|0.453917|0|4.99914|24|21|21|4|17|5|0.133149|0|86.5503|0|4.01773|0.0545837|0.0545837|0|0|IFFY_AT_FIRST_ZONE|35.72|0.760358|0|5.88499e+07|2025-07-21|2026-05-05
prod|cohort|BAFN|2026-05-06|199||0|7.32|7.2|1.66667|8.53201|0.479678|0.229235|0.495235|21|7|1.48284|0|0.56041|18|14|14|1|13|0|1.79331|0|100|0|3.13043|1.57475|1.57475|1|0|LADDER_CLIMBING|15.28|0.471204|0|137004|2025-07-21|2026-05-05
prod|cohort|BCS|2026-05-06|200||0|24.16|22.83|5.82567|2.01419|0.203495|0.252944|0.327843|65|11|1.23318|0|0.0308244|12|10|10|3|7|1|1.17133|0|65.3971|0|3.25734|0.264084|0.669904|0|0|LADDER_CLIMBING|27.7|0.824188|0|1.56029e+08|2025-07-21|2026-05-05
prod|cohort|BLMN|2026-05-06|200||0|7.06|5.76|22.5694|5.13479|0.299972|0.0358072|0.904745|6|1|0.303435|0|3.97223|24|21|21|8|13|7|0.0551699|0|70.5483|0|3.4947|0.186216|0.186216|0|0|IFFY_AT_FIRST_ZONE|10.7|0.538318|0|1.21515e+07|2025-07-21|2026-05-05
prod|cohort|BMM|2026-05-06|70||0|6.9|6.65|3.7594|7.39882|0.321087|0.391161|0.334013|4|2|0.724754|0|1.07734|5|4|4|0|4|1|1.03816|0|33.9358|0|2.60798|0.622765|0.622765|0|0|CLEARED_NOTHING|8.63|0.770568|0|1.0275e+06|2026-01-26|2026-05-05
prod|cohort|BRKR|2026-05-06|200||0|41.87|38.01|10.1552|4.48729|0.239406|0.0293282|0.436227|12|1|0|0||14|7|7|2|5|3|0.40983|0|41.5481|0|4.12509|0.264029|0.264029|0|0|INTO_SUPPLY|56.22|0.676094|0|5.91549e+07|2025-07-21|2026-05-05
prod|cohort|BTDR|2026-05-06|200||0|12.97|12.48|3.92628|6.38576|0.40322|0.0159779|0.465614|11|0|0|0||18|15|15|2|13|4|0.344106|0|33.4383|0|2.8332|0|0|0|0|INTO_SUPPLY|27.8|0.448921|0|6.80687e+07|2025-07-21|2026-05-05
prod|cohort|BV|2026-05-06|200||0|12.74|11.81|7.87468|2.51426|0.655264|0.346218|0.909101|6|1|0.405849|0|9.61549|22|18|18|7|11|1|0.0312191|0|49.4312|0|3.13404|0|0|0|0|IFFY_AT_FIRST_ZONE|16.525|0.714675|0|4.69427e+06|2025-07-21|2026-05-05
prod|cohort|BXC|2026-05-06|200||0|54.895|46.19|18.8461|5.1438|0.816166|0.47707|0.972782|12|0|0|0||23|17|17|0|17|2|0.194214|0|89.4174|0|4.70663|0.391073|0.500889|0|0|IFFY_AT_FIRST_ZONE|87.88|0.525603|0|4.6961e+06|2025-07-21|2026-05-05
prod|cohort|CDE|2026-05-06|200||0|18.39|17.13|7.35552|4.47568|0.49801|0.637596|0.69256|26|4|2.36916|0|0.0607477|20|14|14|2|12|2|0.0607477|0|49.6556|0|3.8502|0.396446|0.601781|0|0|IFFY_AT_FIRST_ZONE|27.77|0.616853|0|3.16014e+08|2025-07-21|2026-05-05
prod|cohort|COMP|2026-05-06|200||0|9.28|7.26|27.8237|4.85541|0.51866|0.389551|0.918591|13|3|0|0||23|18|18|8|10|2|1.0431|0|59.3473|0|2.85536|0.220062|0.220062|0|0|LADDER_CLIMBING|13.955|0.520244|0|8.00506e+07|2025-07-21|2026-05-05
prod|cohort|CORZ|2026-05-06|200||0|23.52|22.19|5.99369|4.96007|0.00063162|0|0.0131318|13|1|0|0||1|0|0|0|0|0||1|65.1722|0|3.08111|0.439529|0.439529|0|0|CLEAR_AIR|23.63|0.939061|0|2.99778e+08|2025-07-21|2026-05-05
prod|cohort|CRI|2026-05-06|200||0|34.77|33.34|4.28914|4.47063|0.290543|0.67501|0.420121|10|4|0.511439|0|0.347393|13|9|9|2|7|3|0.109364|0|89.9143|0|3.59575|0.365372|0.365372|0|0|IFFY_AT_FIRST_ZONE|44.44|0.750225|0|3.79561e+07|2025-07-21|2026-05-05
prod|cohort|CUE|2026-05-06|200||0|36.57|34.94|4.66514|33.9922|0.0460596|0.0526985|0.103722|4|2|0|0||1|0|0|0|0|0||1|65.4762|0|3.63728|2.09961|2.13582|1|0|CLEAR_AIR|38|0.919474|0|8.85221e+06|2025-07-21|2026-05-05
prod|cohort|CVKD|2026-05-06|200||0|6.45|6.32|2.05696|11.3762|0.775767|0.439972|0.790494|5|1|1.81108|0|4.27932|16|15|15|0|15|1|1.11753|0|62.578|0|2.9566|0|0|0|0|CLEARED_NOTHING|14.64|0.431694|0|274081|2025-07-21|2026-05-05
prod|cohort|CVS|2026-05-06|200||0|85.51|80.69|5.97348|2.25294|0|0|0.115586|11|5|0|0||5|1|1|1|0|0||1|34.8413|0|5.04701|0.209584|0.275346|0|0|CLEAR_AIR|85.15|0.947622|1|5.56592e+08|2025-07-21|2026-05-05
prod|cohort|CXDO|2026-05-06|200||0|8.9|8.31|7.09988|4.89411|0|0|0.0191178|6|1|0|0||0|0|0|0|0|0||1|100|0|5.79436|0.0631615|0.100829|0|0|CLEAR_AIR|8.9|0.933708|0|770270|2025-07-21|2026-05-05
prod|cohort|DBVT|2026-05-06|200||0|20.32|19.49|4.25859|4.51254|0.46036|0.6906|0.550068|12|1|0|0||15|13|13|1|12|4|0.510062|0|87.6549|0|2.1833|0.0104285|0.0104285|0|0|INTO_SUPPLY|26.185|0.744319|0|3.819e+06|2025-07-21|2026-05-05
prod|cohort|DGXX|2026-05-06|200||0|5.42|5.11|6.06654|9.87067|0.113973|0.13256|0.185192|11|3|0|0||2|2|2|0|2|1|1.06544|0|100|0|7.02298|1.23111|1.48806|1|0|CLEARED_NOTHING|6.78|0.753687|0|5.74141e+06|2025-07-21|2026-05-05
prod|cohort|DIN|2026-05-06|200||0|29|28.15|3.01954|4.64721|0.360965|0.456996|0.41957|8|1|0|0||17|16|16|3|13|3|0.0519407|0|73.4881|0|2.28492|0.126479|0.126479|0|0|IFFY_AT_FIRST_ZONE|39.68|0.709425|0|8.48054e+06|2025-07-21|2026-05-05
prod|cohort|DIS|2026-05-06|200||0|106.515|100.48|6.00617|1.9558|0.605017|0.0955565|0.88322|11|1|0|0||15|13|13|2|11|2|0.343891|0|44.2887|0|2.88686|0.0762768|0.0762768|0|0|INTO_SUPPLY|123.4|0.814263|0|7.13145e+08|2025-07-21|2026-05-05
prod|cohort|DOC|2026-05-06|200||0|16.96|16.51|2.72562|2.509|0.664565|0.478492|0.855508|10|1|0.0470007|0|0.282004|20|14|14|1|13|5|0.564008|0|57.6166|0|3.3497|0.0466159|0.0466159|0|0|INTO_SUPPLY|19.68|0.838923|0|1.25191e+08|2025-07-21|2026-05-05
prod|cohort|DRD|2026-05-06|200||0|28.86|26.42|9.23543|3.08676|0.389101|0.698797|0.59145|48|16|3.87275|0|0.634233|17|14|14|0|14|2|0.286247|0|34.9697|0|6.30617|0.375643|1.3524|0|0|INTO_SUPPLY|39.37|0.671069|0|5.81162e+06|2025-07-21|2026-05-05
prod|cohort|DVA|2026-05-06|200||0|169.28|157.04|7.79419|2.65779|0|0|0.00454362|7|1|0|0||2|2|2|2|0|0||1|95.7046|0|3.09388|0.118489|0.118489|0|0|CLEAR_AIR|159.42|0.985071|1|8.98391e+07|2025-07-21|2026-05-05
prod|cohort|EGO|2026-05-06|200||0|30.93|29.33|5.45517|3.9787|0.540959|0.84138|0.63295|24|4|1.4652|0|0.249388|17|14|14|1|13|2|0.739469|0|61.1809|0|4.68233|0.262777|0.46082|0|0|INTO_SUPPLY|51.16|0.573299|0|1.17865e+08|2025-07-21|2026-05-05
prod|cohort|ELPW|2026-05-06|200||0|294.3|264.15|11.414|24.157|0.153274|0.115501|0.175446|17|6|15.4494|0|3.62309|18|12|12|0|12|2|1.09629|0|100|0|6.58674|0.711903|1.40376|0|0|CLEARED_NOTHING|54972|0.00480517|0|2.18606e+06|2025-07-21|2026-05-05
prod|cohort|ELVR|2026-05-06|170||0|97.4|90.51|7.61242|3.80287|0.00162263|0.00649895|0.0286101|45|12|0|0||1|0|0|0|0|0||1|32.6207|0|10.3793|2.24232|4.08092|2|0|CLEAR_AIR|99.6|0.908735|0|6.49759e+06|2025-09-02|2026-05-05
prod|cohort|FLEX|2026-05-06|200||0|119.85|96.45|24.2613|3.66582|0|0|0.000363945|11|2|0|0||0|0|0|0|0|0||1|43.2906|0|5.63983|0|0|0|0|CLEAR_AIR|96.58|0.998654|1|3.01179e+08|2025-07-21|2026-05-05
prod|cohort|FLS|2026-05-06|200||0|72.8|70.22|3.67417|4.20641|0.366838|0.877127|0.480638|11|4|1.18866|0|2.10628|14|4|4|0|4|2|0.244917|0|31.1323|0|5.12904|1.02712|1.02712|1|0|IFFY_AT_FIRST_ZONE|92.41|0.759874|0|1.86277e+08|2025-07-21|2026-05-05
prod|cohort|FLY|2026-05-06|187||0|32.66|31.52|3.61675|10.5605|0.337695|0.435242|0.356577|14|2|0.858206|0|7.0773|9|5|5|0|5|1|0.808917|0|76.2269|0|3.4098|0|0|0|0|INTO_SUPPLY|73.8|0.4271|0|2.07161e+08|2025-08-07|2026-05-05
prod|cohort|FLYW|2026-05-06|200||0|16.67|14.53|14.7281|3.86241|0|0|0.0492431|5|1|0|0||5|5|5|5|0|0||1|55.2238|0|2.93351|0.51861|0.51861|0|0|CLEAR_AIR|15.25|0.952787|1|1.96e+07|2025-07-21|2026-05-05
prod|cohort|FTAI|2026-05-06|200||0|262.86|244.37|7.5664|6.03367|0.24931|0.421034|0.347293|11|3|0|0||12|10|10|4|6|3|0.810839|0|23.4897|1|3.91772|0.767594|0.767594|0|1|INTO_SUPPLY|323.51|0.755371|0|3.12648e+08|2025-07-21|2026-05-05
prod|cohort|GDC|2026-05-06|200||0|1875|1497.5|25.2087|10.1126|0|0|0|8|1|0|0||0|0|0|0|0|0||1|100|0|6.42761|0.0996335|0.167988|0|0|CLEAR_AIR|1497.5|1|1|105398|2025-07-21|2026-05-05
prod|cohort|GEO|2026-05-06|200||0|21.2|18.36|15.4684|3.13816|0.220977|0|0.410087|7|1|0|0||11|8|8|2|6|1|1.26261|0|50.3872|0|2.44071|0|0|0|0|LADDER_CLIMBING|27.09|0.677741|0|2.51096e+07|2025-07-21|2026-05-05
prod|cohort|GFI|2026-05-06|200||0|45.11|41.75|8.0479|3.32132|0.344512|0.669158|0.557515|56|11|2.05093|0|1.79543|18|13|13|3|10|3|0.467213|0|24.7033|1|5.66835|0.488536|1.58686|0|1|INTO_SUPPLY|61.64|0.67732|0|1.13898e+08|2025-07-21|2026-05-05
prod|cohort|GIG|2026-05-06|184||0|9.32|8.32|12.0192|1.79991|0.999558|0.997844|0.999944|6|1|0.14903|0|7.74957|6|2|2|0|2|0|8.52453|0|100|0|12.5253|0.129688|0.181807|0|0|CLEARED_NOTHING|12.5|0.6656|0|191258|2025-07-21|2026-05-05
prod|cohort|GLW|2026-05-06|200||0|189.38|162.1|16.8291|5.11354|0|0|0.0769911|25|8|0|0||4|3|3|3|0|0||1|37.3006|0|2.83678|0.409731|0.409731|0|0|CLEAR_AIR|179.08|0.905182|1|1.67466e+09|2025-07-21|2026-05-05
prod|cohort|HBM|2026-05-06|200||0|23.76|22.35|6.30872|4.16665|0.224894|0.523562|0.28913|30|8|0.0303032|0|3.95961|10|9|9|3|6|1|0.525255|0|65.8915|0|4.1066|0.067416|0.067416|0|0|INTO_SUPPLY|28.74|0.777662|0|1.07304e+08|2025-07-21|2026-05-05
prod|cohort|HL|2026-05-06|200||0|18.55|17.05|8.79765|4.07493|0.420798|0.723084|0.497974|25|8|0.794682|0|1.17648|16|15|15|1|14|3|0.18521|0|61.7454|0|3.31554|0.474463|0.487901|0|0|IFFY_AT_FIRST_ZONE|34.17|0.498976|0|2.07084e+08|2025-07-21|2026-05-05
prod|cohort|HMY|2026-05-06|200||0|16.99|15.58|9.05006|3.48698|0.537743|0.449293|0.718247|56|11|2.9539|1|1.58666|16|10|10|2|8|1|1.35035|0|22.5105|1|6.26304|0.655125|1.9505|0|1|INTO_SUPPLY|26.06|0.597851|0|8.51242e+07|2025-07-21|2026-05-05
prod|cohort|HNGE|2026-05-06|200||0|52.5|49.75|5.52764|4.68921|0.166224|0.00328279|0.279942|14|3|0|0||12|10|10|4|6|3|0.00609302|0|91.2927|0|3.96265|0.0411392|0.0482859|0|0|IFFY_AT_FIRST_ZONE|62.18|0.800096|0|3.04115e+07|2025-07-21|2026-05-05
prod|cohort|HQ|2026-05-06|32||0|10.22|9.685|5.52401|11.4949|0.80457|0.80457|0.885399|2|1|0.103849|0|0.876762|4|3|3|0|3|1|1.24705|0|34.9775|0|2.54556|0.125716|0.216975|0|0|CLEARED_NOTHING|14.22|0.681083|0|1.34549e+06|2026-03-20|2026-05-05
prod|cohort|HSLV|2026-05-06|39||0|5.81|5.43|6.99816|5.63106|0.581296|0.581296|0.737886|5|0|0|0||5|5|5|0|5|3|0.580748|0|70.2472|0|3.21591|0.114757|0.114757|0|0|INTO_SUPPLY|6.97|0.779053|0|922717|2026-03-11|2026-05-05
prod|cohort|HUT|2026-05-06|200||0|101.57|80.51|26.1582|6.21492|0|0|0.00677612|20|7|0|0||1|1|1|1|0|0||1|30.592|0|2.06329|0.11691|0.300583|0|0|CLEAR_AIR|83.18|0.967901|1|3.38322e+08|2025-07-21|2026-05-05
prod|cohort|HYMC|2026-05-06|200||0|37.58|35.37|6.24823|7.21695|0.353967|0.577892|0.431925|22|8|0.165958|0|0.870164|13|10|10|0|10|3|0.398211|0|50.4774|0|3.62037|0.153822|0.184447|0|0|INTO_SUPPLY|58.7299|0.602249|0|7.44851e+07|2025-07-21|2026-05-05
prod|cohort|IAG|2026-05-06|200||0|17.73|16.31|8.70632|3.97707|0.240031|0.682052|0.349668|29|9|0.879264|0|0.964354|13|10|10|1|9|1|0.25527|0|20.1219|1|4.62911|0.268962|0.415776|0|1|INTO_SUPPLY|24.87|0.65581|0|1.15487e+08|2025-07-21|2026-05-05
prod|cohort|IFF|2026-05-06|200||0|80.79|70.77|14.1585|2.49516|0.0409586|0.161783|0.28123|6|0|0|0||11|9|9|6|3|2|0.75403|0|29.2094|1|3.94623|0|0|0|1|INTO_SUPPLY|84.45|0.838011|0|9.94996e+07|2025-07-21|2026-05-05
prod|cohort|IMSR|2026-05-06|129||0|7.94|7.19|10.4312|8.5308|0.580647|0.0792227|0.739339|8|1|0|0||13|10|10|1|9|4|0.16978|0|26.7747|1|2.38966|0|0|0|1|IFFY_AT_FIRST_ZONE|21|0.342381|0|1.69901e+07|2025-10-29|2026-05-05
prod|cohort|INTT|2026-05-06|200||0|17.18|16.33|5.20514|9.0051|0.187199|0.277081|0.281775|6|3|0.127272|0|0.40276|4|2|2|0|2|0|1.6612|0|58.7475|0|2.18791|0.117936|0.117936|0|0|CLEARED_NOTHING|20|0.8165|0|4.21494e+06|2025-07-21|2026-05-05
prod|cohort|INV|2026-05-06|200||0|6.385|6.15|3.82114|10.2726|0.0527429|0.11063|0.0939407|3|1|0|0||5|2|2|0|2|2|0.876649|0|37.3484|0|3.90625|0|0|0|0|INTO_SUPPLY|7.3207|0.840084|0|8.85914e+06|2025-07-21|2026-05-05
prod|cohort|IOSP|2026-05-06|200||0|79.36|78.19|1.49636|2.41977|0.314446|0.17129|0.428944|8|1|0|0||11|6|6|0|6|4|0.0130186|0|65.6102|0|1.91295|0.0324212|0.0324212|0|0|IFFY_AT_FIRST_ZONE|92.14|0.8486|0|1.25212e+07|2025-07-21|2026-05-05
prod|cohort|IPGP|2026-05-06|200||0|92.53|90.84|1.86041|5.38362|0.499732|0.948643|0.521123|11|2|4.86403|0|0.931454|8|7|7|0|7|0|6.20802|0|100|0|5.32055|3.57892|3.57892|1|0|CLEARED_NOTHING|155.82|0.58298|0|4.76428e+07|2025-07-21|2026-05-05
prod|cohort|JLHL|2026-05-06|200||0|24.39|21.05|15.867|33.6772|0|0|0.00208971|7|0|0|0||0|0|0|0|0|0||1|29.877|1|4.42139|0.0674856|0.0674856|0|1|CLEAR_AIR|23.455|0.897463|1|548791|2025-07-21|2026-05-05
prod|cohort|JOBY|2026-05-06|200||0|8.87|8.68|2.18894|5.76578|0.934614|0.717045|0.950613|13|2|3.65646|0|4.90786|25|23|23|0|23|2|1.2123|0|37.5085|0|1.4581|0|0|0|0|CLEARED_NOTHING|20.95|0.41432|0|2.037e+08|2025-07-21|2026-05-05
prod|cohort|KMT|2026-05-06|200||0|39|37.51|3.97227|3.04026|0.194549|0.474787|0.323246|15|4|0|0||7|7|7|1|6|3|0.805431|0|70.1968|0|2.45564|0.0515144|0.0515144|0|0|INTO_SUPPLY|42.03|0.892458|0|3.86139e+07|2025-07-21|2026-05-05
prod|cohort|LBTYA|2026-05-06|200||0|12.06|12.03|0.249377|3.26962|0.236518|0.638014|0.244248|1|0|0|0||10|9|9|0|9|5|0.063401|0|88.3208|0|3.50342|0|0|0|0|IFFY_AT_FIRST_ZONE|13.52|0.889793|0|2.37704e+07|2025-07-21|2026-05-05
prod|cohort|LFUS|2026-05-06|200||0|440|422.8|4.06812|2.80672|0|0|0.00903398|16|3|0|0||0|0|0|0|0|0||1|67.118|0|3.44346|0|0|0|0|CLEAR_AIR|430.5|0.982114|1|9.08976e+07|2025-07-21|2026-05-05
prod|cohort|LFVN|2026-05-06|200||0|6.1|5.49|11.1111|8.46221|0.553884|0|0.668324|4|1|1.28362|0|12.534|20|18|18|1|17|5|0.0774901|0|56.5814|0|2.71446|0|0|0|0|IFFY_AT_FIRST_ZONE|15|0.366|0|840692|2025-07-21|2026-05-05
prod|cohort|LIVN|2026-05-06|200||0|61|57.59|5.92117|3.34475|0.526829|0.848631|0.607105|10|2|0|0||13|10|10|0|10|3|0.176445|0|62.3652|0|4.43807|0.308128|0.308128|0|0|IFFY_AT_FIRST_ZONE|71.92|0.800751|0|4.3687e+07|2025-07-21|2026-05-05
prod|cohort|LTH|2026-05-06|200||0|29.95|29.38|1.9401|3.21777|0.0102579|0.00578351|0.0487472|6|0|0|0||4|4|4|1|3|3|0.0311293|0|100|0|3.65952|0|0|0|0|IFFY_AT_FIRST_ZONE|30.62|0.959504|0|4.88659e+07|2025-07-21|2026-05-05
prod|cohort|LTM|2026-05-06|200||0|50.47|46.26|9.10073|3.17885|0.373344|0.60987|0.632736|28|2|1.50839|0|5.73436|22|17|17|3|14|5|0.0294198|0|49.3638|0|6.54326|0.694843|0.694843|0|0|IFFY_AT_FIRST_ZONE|70.42|0.656916|0|3.92012e+07|2025-07-21|2026-05-05
prod|cohort|MASS|2026-05-06|200||0|7.59|7.09|7.05219|5.14839|0.158911|0.0109042|0.251514|6|0|0|0||13|13|13|5|8|4|0.153546|0|67.2329|0|2.61635|0|0|0|0|IFFY_AT_FIRST_ZONE|9.34|0.759101|0|1.69907e+06|2025-07-21|2026-05-05
prod|cohort|MCRB|2026-05-06|200||0|7.6|7.5|1.33333|7.52149|0.986429|0.914722|0.987906|3|1|4.59211|0|5.8779|24|19|19|0|19|0|1.79678|0|66.3023|0|3.10606|0|0|0|0|CLEARED_NOTHING|29.98|0.250167|0|377402|2025-07-21|2026-05-05
prod|cohort|MDGL|2026-05-06|200||0|531.2|502.47|5.71775|3.15822|0.199415|0.0947595|0.328751|1|0|0|0||13|11|11|1|10|4|0.337377|0|69.9038|0|1.80398|0|0|0|0|INTO_SUPPLY|615|0.817024|0|1.17506e+08|2025-07-21|2026-05-05
prod|cohort|MT|2026-05-06|200||0|62.3|58.18|7.08147|2.50437|0.077118|0.220444|0.180574|57|18|0.333286|0|2.34582|5|4|4|1|3|1|0.115368|0|78.2143|0|4.70794|0.257047|0.500851|0|0|IFFY_AT_FIRST_ZONE|67.6|0.860651|0|8.74614e+07|2025-07-21|2026-05-05
prod|cohort|MUX|2026-05-06|200||0|22.4|21.15|5.91017|4.77529|0.260685|0.61768|0.329647|24|4|0.7292|0|0.813338|8|7|7|1|6|0|2.31848|0|46.0243|0|4.83594|0.260558|0.548026|0|0|LADDER_CLIMBING|29.7|0.712121|0|2.03404e+07|2025-07-21|2026-05-05
prod|cohort|NBIX|2026-05-06|200||0|148.98|135.06|10.3065|2.75189|0.0906402|0|0.525233|10|1|0|0||15|13|12|10|2|1|0.243917|0|50.1451|0|2.04359|0|0|0|0|IFFY_AT_FIRST_ZONE|160.18|0.843176|0|1.41231e+08|2025-07-21|2026-05-05
prod|cohort|NBTX|2026-05-06|200||0|37.75|34.77|8.57061|4.8802|0.0151745|0.0451383|0.032813|43|13|0.0732789|1||3|2|2|1|1|0|2.24717|0|100|0|2.67273|1.32444|2.44923|1|0|INTO_SUPPLY|41.8899|0.830033|0|2.45274e+06|2025-07-21|2026-05-05
prod|cohort|NEWP|2026-05-06|200||0|5.61|5.36|4.66418|6.14818|0.0251592|0.0717808|0.0759234|16|1|0|0||3|1|1|0|1|1|0.811509|0|100|0|1.71052|0|0|0|0|INTO_SUPPLY|6.04|0.887417|0|3.918e+06|2025-07-21|2026-05-05
prod|cohort|NG|2026-05-06|200||0|8.41|7.93|6.05296|5.39232|0.630046|0.748078|0.728288|16|2|0.485122|0|8.15887|21|11|11|1|10|2|0.0864399|0|12.0991|1|6.70864|0.356985|0.356985|0|1|IFFY_AT_FIRST_ZONE|14.398|0.550771|0|2.30919e+07|2025-07-21|2026-05-05
prod|cohort|NNE|2026-05-06|200||0|24.86|22.77|9.17874|7.90002|0.848326|0.295716|0.914097|11|0|0|0||21|19|19|1|18|2|0.860513|0|26.9229|1|2.59001|0|0|0|1|INTO_SUPPLY|60.87|0.374076|0|4.71412e+07|2025-07-21|2026-05-05
prod|cohort|NVAX|2026-05-06|200||0|8.56|8.1|5.67901|3.97394|0.381476|0.684866|0.551389|16|1|0|0||20|17|17|2|15|6|0.117588|0|56.1746|0|2.84059|0|0|0|0|IFFY_AT_FIRST_ZONE|11.97|0.676692|0|2.47825e+07|2025-07-21|2026-05-05
prod|cohort|NYT|2026-05-06|200||0|82.97|77.26|7.39063|2.73589|0.0523986|0.150784|0.266953|6|1|0|0||8|7|7|5|2|1|1.16301|0|39.5343|0|2.00507|0|0|0|0|LADDER_CLIMBING|87.1|0.887026|0|1.543e+08|2025-07-21|2026-05-05
prod|cohort|ORLA|2026-05-06|200||0|14.23|13.43|5.95681|4.9893|0.355104|0.77881|0.507562|23|4|0.0211274|0|2.97192|15|12|12|1|11|2|1.05919|0|21.7131|1|4.83649|0.108475|0.126774|0|1|LADDER_CLIMBING|21.98|0.61101|0|3.14577e+07|2025-07-21|2026-05-05
prod|cohort|OSCR|2026-05-06|200||0|18.44|17.94|2.78707|4.51956|0.231158|0.0178768|0.277687|22|1|0|0||8|6|6|0|6|2|0.22798|0|49.7935|0|3.9224|0|0|0|0|IFFY_AT_FIRST_ZONE|23.8|0.753782|0|9.7609e+07|2025-07-21|2026-05-05
prod|cohort|OSS|2026-05-06|200||0|11.43|9.77|16.9908|8.0818|0.0605298|0.0182973|0.335479|9|0|0|0||7|7|7|4|3|3|0.552098|0|40.6407|0|2.03694|0|0|0|0|INTO_SUPPLY|12.75|0.766275|0|1.0452e+07|2025-07-21|2026-05-05
prod|cohort|PAAS|2026-05-06|200||0|54.34|50.52|7.56136|3.2103|0.342639|0.670367|0.473521|32|7|0.682153|1|3.74324|16|13|13|2|11|2|0.0401266|0|33.8007|0|4.81656|0.2961|0.706166|0|0|IFFY_AT_FIRST_ZONE|69.99|0.721817|0|2.2267e+08|2025-07-21|2026-05-05
prod|cohort|PENG|2026-05-06|200||0|37.66|36.45|3.31962|5.87085|0|0|0.00227547|15|4|0|0||0|0|0|0|0|0||1|87.8252|0|6.27543|0|0|0|0|CLEAR_AIR|36.91|0.987537|1|4.88903e+07|2025-07-21|2026-05-05
prod|cohort|PFGC|2026-05-06|200||0|95.04|87.12|9.09091|2.81712|0.472917|0.203761|0.880601|8|2|0.0672297|0|0.0971096|18|18|18|6|12|3|0.0971096|0|45.8988|0|2.61614|0|0|0|0|IFFY_AT_FIRST_ZONE|109.05|0.7989|0|1.37024e+08|2025-07-21|2026-05-05
prod|cohort|PN|2026-05-06|200||0|8.27|6.88|20.2035|26.2318|0.208972|0.105833|0.243609|1|1|0|0||24|12|12|1|11|2|0.889658|0|100|0|6.76912|1.5701|1.5701|1|0|INTO_SUPPLY|87.4|0.0787185|0|175947|2025-07-21|2026-05-05
prod|cohort|POET|2026-05-06|200||0|9.505|9.21|3.20304|14.9417|0.132476|0.250109|0.154567|16|5|1.43641|0|0.64427|2|1|1|1|0|0||1|33.7291|0|7.15568|0.877581|1.05549|0|0|LADDER_CLIMBING|15.5|0.594194|0|2.20065e+08|2025-07-21|2026-05-05
prod|cohort|QMCO|2026-05-06|200||0|9.01|8.27|8.948|6.98081|0.509266|0|0.57855|15|0|0|0||11|9|9|4|5|1|0.524667|0|68.9655|0|3.09676|0|0|0|0|INTO_SUPPLY|15.33|0.539465|0|2.28054e+06|2025-07-21|2026-05-05
prod|cohort|RCL|2026-05-06|200||0|280.03|263.98|6.08001|4.17684|0.652709|0.470841|0.856991|15|1|0.0418932|0|2.25197|22|19|19|4|15|6|0.11713|0|36.0055|0|2.83728|0.368535|0.368535|0|0|IFFY_AT_FIRST_ZONE|366.5|0.720273|0|6.23404e+08|2025-07-21|2026-05-05
prod|cohort|RIOT|2026-05-06|200||0|22.4|20.35|10.0737|6.27225|0.0113563|0|0.0900356|13|3|0|0||4|4|4|0|4|4|0.106763|0|68.2235|0|3.84715|0.823056|1.20681|0|0|IFFY_AT_FIRST_ZONE|23.935|0.850219|0|3.4765e+08|2025-07-21|2026-05-05
prod|cohort|RNAC|2026-05-06|200||0|7.46|7.39|0.947226|7.4176|0.492933|0.306723|0.520257|3|0|0|0||16|15|15|0|15|3|0.487934|0|72.6552|0|2.73933|0.295831|0.295831|0|0|INTO_SUPPLY|14.56|0.507555|0|1.05964e+06|2025-07-21|2026-05-05
prod|cohort|RYAAY|2026-05-06|200||0|59.064|54.43|8.51369|2.68739|0.807793|0.673635|0.975069|42|5|0.163803|0|3.10658|23|17|17|1|16|1|0.867712|0|37.9716|0|5.77173|0.88869|1.73969|0|0|INTO_SUPPLY|74.24|0.733163|0|8.41979e+07|2025-07-21|2026-05-05
prod|cohort|SA|2026-05-06|200||0|30.07|28.04|7.23966|4.28648|0.307329|0.597205|0.440697|28|4|0.799103|0|5.15926|11|11|11|1|10|3|0.675126|0|35.3052|0|5.23322|0.146821|0.3384|0|0|INTO_SUPPLY|40.055|0.700037|0|1.99864e+07|2025-07-21|2026-05-05
prod|cohort|SBSW|2026-05-06|200||0|12.87|11.72|9.81229|3.58998|0.382541|0.617267|0.507432|61|22|5.133|0|1.66656|16|13|13|4|9|2|0.516849|0|30.8669|0|5.12661|0.412259|1.16553|0|0|INTO_SUPPLY|21.29|0.550493|0|5.43158e+07|2025-07-21|2026-05-05
prod|cohort|SCZM|2026-05-06|73||0|8.13|7.78|4.49871|6.42561|0.783596|0.701717|0.892878|13|2|1.32274|0|5.91307|11|9|9|0|9|2|0.957118|0|55.6887|0|2.69461|0.034469|0.034469|0|0|INTO_SUPPLY|17.645|0.440918|0|3.46609e+06|2026-01-21|2026-05-05
prod|cohort|SII|2026-05-06|200||0|134.65|126.77|6.21598|3.72015|0.238563|0.682672|0.340462|18|5|0|0||6|4|4|0|4|0|2.95657|0|42.038|0|4.61011|0.236806|0.236806|0|0|CLEARED_NOTHING|169.63|0.747332|0|2.26332e+07|2025-07-21|2026-05-05
prod|cohort|SKK|2026-05-06|200||0|6.2|5.56|11.5108|19.2654|0.406397|0.582122|0.518482|6|0|0|0||2|0|0|0|0|0||1|100|0|29.0732|0.0763332|0.0763332|0|0|CLEAR_AIR|17.95|0.309749|0|70341.4|2025-07-21|2026-05-05
prod|cohort|SLP|2026-05-06|200||0|17.32|15.71|10.2482|6.08021|0.214486|0|0.393618|7|1|0|0||13|5|5|1|4|0|1.54782|0|57.3471|0|1.93227|0.0928542|0.0928542|0|0|LADDER_CLIMBING|21.01|0.747739|0|4.915e+06|2025-07-21|2026-05-05
prod|cohort|SMCI|2026-05-06|200||0|31.44|27.83|12.9716|5.06903|0.616285|0.200648|0.819635|24|4|1.07925|0|9.34929|24|18|18|2|16|7|0.156867|0|35.3985|0|2.02589|0.797759|0.797759|0|0|IFFY_AT_FIRST_ZONE|62.358|0.446294|0|7.55076e+08|2025-07-21|2026-05-05
prod|cohort|SSRM|2026-05-06|200||0|32.41|28.25|14.7257|4.22331|0.0433523|0.124787|0.229706|24|1|0|0||9|7|7|4|3|3|0.13881|0|42.1636|0|2.97264|0|0|0|0|IFFY_AT_FIRST_ZONE|36.515|0.773655|0|8.50037e+07|2025-07-21|2026-05-05
prod|cohort|STLA|2026-05-06|200||0|7.63|7.2|5.97222|2.91973|0.751555|0.36082|0.856932|71|14|6.87554|1|2.55863|15|12|12|1|11|0|1.88531|0|55.5124|0|6.84145|1.46785|2.78975|1|0|INTO_SUPPLY|12.2199|0.589203|0|1.31326e+08|2025-07-21|2026-05-05
prod|cohort|SYM|2026-05-06|200||0|59.99|58.08|3.28857|5.20857|0.429198|0.195245|0.517723|19|2|0.242269|0|6.72177|10|9|9|1|8|4|0.396528|0|44.4412|0|2.6282|0.308897|0.40598|0|0|INTO_SUPPLY|87.88|0.660901|0|7.62729e+07|2025-07-21|2026-05-05
prod|cohort|TECK|2026-05-06|200||0|62.29|57.8|7.76817|2.81962|0.00246078|0.0099473|0.097436|40|8|0|0||6|5|5|3|2|2|0.0683239|0|36.0559|0|2.74452|0.229686|0.292526|0|0|IFFY_AT_FIRST_ZONE|63.265|0.913617|0|1.60156e+08|2025-07-21|2026-05-05
prod|cohort|TFPM|2026-05-06|200||0|32.73|31.12|5.17352|2.9933|0.465288|0.772238|0.580075|24|4|0.35429|0|0.234764|16|12|12|2|10|0|1.80666|0|31.1544|0|5.18536|0.0766593|0.0766593|0|0|LADDER_CLIMBING|41.7|0.746283|0|1.34775e+07|2025-07-21|2026-05-05
prod|cohort|TGTX|2026-05-06|200||0|36.25|36.1|0.415512|3.54235|0.0729148|0.0791111|0.0809789|8|2|0|0||5|5|5|0|5|3|0.0934505|0|61.1622|0|3.77408|0.208173|0.208173|0|0|IFFY_AT_FIRST_ZONE|38.54|0.936689|0|5.99923e+07|2025-07-21|2026-05-05
prod|cohort|TIC|2026-05-06|200||0|10.15|9.5|6.84211|5.01881|0.520045|0.00887268|0.66295|11|2|0|0||18|17|17|3|14|2|0.490765|0|66.3484|0|4.19237|0.224437|0.224437|0|0|INTO_SUPPLY|14.9442|0.635698|0|2.26787e+07|2025-07-21|2026-05-05
prod|cohort|TKR|2026-05-06|200||0|118.69|109.63|8.26416|2.59957|0|0|0.0262052|12|2|0|0||3|3|3|3|0|0||1|52.202|0|2.55833|0.140664|0.140664|0|0|CLEAR_AIR|111.64|0.981996|1|7.46556e+07|2025-07-21|2026-05-05
prod|cohort|TNXP|2026-05-06|200||0|14|13.5|3.7037|6.07228|0.919637|0.462417|0.951297|9|2|6.51085|0|7.86949|22|19|19|1|18|4|0.517575|0|77.7826|0|2.43695|0|0|0|0|INTO_SUPPLY|69.97|0.19294|0|4.79752e+06|2025-07-21|2026-05-05
prod|cohort|TWIN|2026-05-06|200||0|16.75|15.84|5.74495|5.18351|0.318987|0.6142|0.463853|5|0|0|0||13|12|12|5|7|2|0.374321|0|93.1886|0|3.49848|0|0|0|0|INTO_SUPPLY|19.63|0.806928|0|863367|2025-07-21|2026-05-05
prod|cohort|UFCS|2026-05-06|200||0|43.43|39.85|8.98369|2.49413|0|0|0.0398578|7|3|0|0||4|3|3|3|0|0||1|58.8442|0|2.33421|0|0|0|0|CLEAR_AIR|41.76|0.954262|1|3.3432e+06|2025-07-21|2026-05-05
prod|cohort|UFPT|2026-05-06|200||0|216.47|212.43|1.9018|5.35061|0.470389|0.247596|0.514016|7|0|0|0||13|10|10|0|10|2|0.167926|0|100|0|2.55571|0|0|0|0|IFFY_AT_FIRST_ZONE|274.93|0.772669|0|3.78602e+07|2025-07-21|2026-05-05
prod|cohort|UMC|2026-05-06|200||0|15.29|14.01|9.13633|3.20931|0|0|0.00334451|50|20|0|0||0|0|0|0|0|0||1|34.6403|0|10.2601|1.96579|7.75232|3|0|CLEAR_AIR|14.215|0.985579|1|1.27592e+08|2025-07-21|2026-05-05
prod|cohort|URGN|2026-05-06|200||0|25.22|23.83|5.83298|6.51153|0.0499|0.0564642|0.116631|3|1|0|0||7|5|5|3|2|0|1.5467|0|32.7144|0|3.00961|0|0|0|0|LADDER_CLIMBING|30|0.794333|0|1.74856e+07|2025-07-21|2026-05-05
prod|cohort|USAS|2026-05-06|200||0|5.94|5.54|7.22022|6.41702|0.448734|0.634019|0.594518|28|3|0.183907|0|3.22664|12|10|10|0|10|4|0.026235|0|56.9634|0|2.76865|0.0708344|0.0708344|0|0|IFFY_AT_FIRST_ZONE|10.5|0.527619|0|2.52606e+07|2025-07-21|2026-05-05
prod|cohort|USNA|2026-05-06|200||0|20|19.26|3.84216|3.67169|0.574737|0.271653|0.79234|11|3|2.76385|0|1.55242|20|15|15|1|14|2|0.88515|0|69.9499|0|2.92914|0.270925|0.270925|0|0|INTO_SUPPLY|38.32|0.50261|0|1.65247e+06|2025-07-21|2026-05-05
prod|cohort|UTZ|2026-05-06|200||0|8.16|7.69|6.11183|3.73376|0.74943|0.358911|0.855698|6|2|1.72315|0|2.67498|24|19|19|6|13|0|5.15304|0|60.1467|0|1.59173|0|0|0|0|LADDER_CLIMBING|14.67|0.524199|0|1.18557e+07|2025-07-21|2026-05-05
prod|cohort|VCX|2026-05-06|33||0|158.42|137.79|14.9721|11.6574|0.308095|0.308095|0.36725|4|2|0|0||2|0|0|0|0|0||1|76.1353|0|5.82241|0.149195|0.285286|0|0|CLEAR_AIR|575|0.239635|0|2.38377e+07|2026-03-19|2026-05-05
prod|cohort|VCYT|2026-05-06|200||0|39|32.97|18.2894|4.27502|0.237495|0.00895814|0.565648|11|1|0|0||22|21|21|12|9|1|0.53381|0|58.775|0|1.78322|0|0|0|0|INTO_SUPPLY|50.71|0.650168|0|2.22394e+07|2025-07-21|2026-05-05
prod|cohort|VECO|2026-05-06|200||0|62.25|49.54|25.656|4.79377|0|0|0.0467023|18|4|0|0||1|1|1|1|0|0||1|34.9204|0|3.81921|0.00835747|0.00835747|0|0|CLEAR_AIR|53.43|0.927194|1|5.51343e+07|2025-07-21|2026-05-05
prod|cohort|VSEC|2026-05-06|200||0|187.29|177.43|5.55712|5.63742|0.43401|0.563878|0.601329|8|1|0|0||15|10|10|4|6|2|0.765273|0|38.2281|0|6.53886|0|0|0|0|INTO_SUPPLY|232.61|0.762779|0|9.61599e+07|2025-07-21|2026-05-05
prod|cohort|YOU|2026-05-06|200||0|55.54|58.77|-5.496|5.07013|0.0296917|0.0896848|0.00367577|15|3|0|0||1|1|1|0|1|1|1.4116|0|57.8485|0|2.76358|0.0926343|0.167257|0|0|CLEARED_NOTHING|59.56|0.986736|0|6.91577e+07|2025-07-21|2026-05-05
prod|cohort|YSS|2026-05-06|67||0|33.64|32.71|2.84317|12.5587|0.339574|0.2941|0.398127|2|1|0|0||3|2|2|0|2|1|0.026037|0|33.2248|0|3.4122|0.0356009|0.0356009|0|0|IFFY_AT_FIRST_ZONE|44.54|0.734396|0|8.53655e+07|2026-01-29|2026-05-05
prod|cohort|AAON|2026-05-07|201||0|143|98.3|45.473|5.31209|0|0|0.186505|14|1|0|0||8|7|7|7|0|0||1|56.5238|0|2.63703|0.0410847|0.0817267|0|0|CLEAR_AIR|116.04|0.847122|1|6.51297e+07|2025-07-21|2026-05-06
prod|cohort|ACVA|2026-05-07|201||0|6.174|5.22|18.2759|5.53337|0.6248|0.148736|0.787099|8|2|3.21986|0|1.10061|20|16|16|1|15|0|1.99338|0|61.0807|0|1.88034|0|0|0|0|LADDER_CLIMBING|15.315|0.340842|0|1.11752e+07|2025-07-21|2026-05-06
prod|cohort|AGL|2026-05-07|201||0|43.59|27.85|56.5171|13.3287|0.0574497|0|0.167592|5|1|0|0||10|7|7|7|0|0||1|35.2459|0|1.73779|0|0|0|0|CLEAR_AIR|57.25|0.486463|0|9.45298e+06|2025-07-21|2026-05-06
prod|cohort|AKAN|2026-05-07|201||0|35.61|31|14.871|33.7123|0.180742|0.18116|0.208481|9|1|0.0224907|0|0.0224907|13|5|5|0|5|0|2.35653|0|56.9493|0|13.0584|0.223843|0.251234|0|0|CLEARED_NOTHING|209.025|0.148308|0|2.53164e+07|2025-07-21|2026-05-06
prod|cohort|ALB|2026-05-07|201||0|207.01|192.61|7.47625|5.04903|0.00326955|0.0171061|0.043197|36|8|0|0||5|3|3|3|0|0||1|37.5514|0|2.92875|0|0|0|0|CLEAR_AIR|215.71|0.892912|0|3.42526e+08|2025-07-21|2026-05-06
prod|cohort|ARRY|2026-05-07|201||0|8.98|8.13|10.4551|5.31574|0.30605|0.153344|0.521018|8|1|3.49846|1||8|8|8|3|5|0|5.30006|0|62.3011|0|1.67965|0|0|0|0|INTO_SUPPLY|12.23|0.664759|0|3.60018e+07|2025-07-21|2026-05-06
prod|cohort|ATRA|2026-05-07|201||0|7.85|5.15|52.4272|7.48617|0.254625|0|0.665355|4|2|8.89964|1||22|14|14|10|4|0|17.2377|0|62.7768|0|1.79355|0|0|0|0|INTO_SUPPLY|19.145|0.269|0|289411|2025-07-21|2026-05-06
prod|cohort|BBSI|2026-05-07|201||0|28.36|29.44|-3.66848|2.49022|0.871421|0.67453|0.763994|6|1|0.0849585|0|14.712|23|18|18|0|18|0|3.18595|0|97.2786|0|2.81642|0.0543397|0.0543397|0|0|CLEARED_NOTHING|49.65|0.592951|0|4.24481e+06|2025-07-21|2026-05-06
prod|cohort|BLBD|2026-05-07|201||0|76.155|65.04|17.0895|3.38848|0|0|0.00687544|7|2|0|0||2|2|2|2|0|0||1|37.998|0|2.77156|0|0|0|0|CLEAR_AIR|66.125|0.983592|1|2.28239e+07|2025-07-21|2026-05-06
prod|cohort|BLLN|2026-05-07|124||0|81.6|81.4|0.2457|8.5005|0.592577|0.332184|0.599186|1|0|0|0||12|11|11|0|11|1|0.672178|0|90.5551|0|2.48531|0|0|0|0|INTO_SUPPLY|138.7|0.586878|0|3.33429e+07|2025-11-06|2026-05-06
prod|cohort|CCRN|2026-05-07|201||0|13.02|10.11|28.7834|3.25171|0.143802|0|0.336984|5|1|0|0||12|5|5|0|5|4|0.354298|0|92.8096|0|2.46146|0|0|0|0|INTO_SUPPLY|14.99|0.67445|0|3.04037e+06|2025-07-21|2026-05-06
prod|cohort|CGNX|2026-05-07|201||0|64.65|62.26|3.83874|3.37612|0|0|0.00312301|13|6|0|0||0|0|0|0|0|0||1|80.6818|0|4.69916|0.105781|0.16118|0|0|CLEAR_AIR|63.01|0.988097|1|8.85271e+07|2025-07-21|2026-05-06
prod|cohort|CPS|2026-05-07|201||0|34|30.69|10.7853|5.24572|0.352463|0.365812|0.646731|10|5|0.388272|0|1.44656|21|17|17|11|6|1|0.908304|0|65.5015|0|2.00076|0|0|0|0|INTO_SUPPLY|47.98|0.639642|0|4.71036e+06|2025-07-21|2026-05-06
prod|cohort|DASH|2026-05-07|201||0|181.82|167.97|8.24552|4.27964|0.700226|0.115007|0.845816|12|0|0|0||22|17|17|2|15|3|0.183775|0|62.8634|0|3.14406|0.0760902|0.144692|0|0|IFFY_AT_FIRST_ZONE|285.5|0.588336|0|6.50446e+08|2025-07-21|2026-05-06
prod|cohort|DDOG|2026-05-07|201||0|187.99|143.71|30.8121|5.19169|0.0298572|0|0.282047|13|1|0|0||13|10|10|9|1|1|1.40371|0|43.6702|0|3.38469|0.225137|0.225137|0|0|LADDER_CLIMBING|201.69|0.712529|0|6.3552e+08|2025-07-21|2026-05-06
prod|cohort|DGII|2026-05-07|201||0|67.04|58.85|13.9167|3.2347|0|0|0.0018167|10|1|0|0||0|0|0|0|0|0||1|46.3851|0|2.86861|0|0|0|0|CLEAR_AIR|59.4|0.990741|1|1.33586e+07|2025-07-21|2026-05-06
prod|cohort|ELA|2026-05-07|201||0|21.11|19.19|10.0052|5.28954|0|0|0.00157928|2|2|0|0||0|0|0|0|0|0||1|100|0|2.58088|0|0|0|0|CLEAR_AIR|19.43|0.987648|1|954840|2025-07-21|2026-05-06
prod|cohort|ERNA|2026-05-07|201||0|6.96|6.04|15.2318|9.80045|0.375969|0.269458|0.612754|13|3|9.2287|0|5.12746|23|20|20|0|20|1|1.37807|0|100|0|5.02167|1.7369|2.56061|1|0|CLEARED_NOTHING|71.4975|0.0844785|0|71346.8|2025-07-21|2026-05-06
prod|cohort|EXK|2026-05-07|201||0|10.17|9.31|9.23738|4.90456|0.25569|0.476491|0.432131|18|2|0.765247|0|2.28551|17|15|15|6|9|6|0.100242|0|72.702|0|3.45616|0.0400652|0.0400652|0|0|IFFY_AT_FIRST_ZONE|15.15|0.614521|0|6.05184e+07|2025-07-21|2026-05-06
prod|cohort|EZPW|2026-05-07|201||0|36.98|33.44|10.5861|2.89729|0|0|0.00298957|6|2|0|0||0|0|0|0|0|0||1|47.9327|0|3.71883|0|0|0|0|CLEAR_AIR|34.03|0.982662|1|1.65812e+07|2025-07-21|2026-05-06
prod|cohort|FA|2026-05-07|201||0|13.83|12.8|8.04687|4.36169|0.41218|0|0.561193|8|1|0|0||15|15|15|2|13|2|0.348131|0|39.8406|0|2.11884|0.0523047|0.0523047|0|0|INTO_SUPPLY|18.55|0.690027|0|1.09174e+07|2025-07-21|2026-05-06
prod|cohort|FLNC|2026-05-07|201||0|19.205|13.56|41.6298|7.22045|0.333229|0.034627|0.67987|15|2|0.55528|0|4.62613|19|13|13|9|4|2|1.2594|0|35.5682|0|3.4163|0|0|0|0|LADDER_CLIMBING|33.51|0.404655|0|5.8815e+07|2025-07-21|2026-05-06
prod|cohort|FOUR|2026-05-07|201||0|48.875|42.88|13.9809|5.13143|0.775059|0.305048|0.958167|11|4|2.91872|0|2.62557|26|23|23|4|19|1|1.10647|0|67.6555|0|4.41045|0.354403|0.354403|0|0|LADDER_CLIMBING|108.5|0.395207|0|6.43309e+07|2025-07-21|2026-05-06
prod|cohort|FTNT|2026-05-07|201||0|105.255|89.95|17.015|3.27343|0.00729251|0|0.0407897|10|2|0|0||2|2|2|1|1|1|0.491953|0|45.7029|0|2.89194|0.150728|0.186451|0|0|INTO_SUPPLY|107.52|0.836589|0|4.53446e+08|2025-07-21|2026-05-06
prod|cohort|FUN|2026-05-07|201||0|20.425|19.69|3.73286|5.2845|0.495337|0.00600893|0.515764|8|3|2.79332|0|1.65376|11|8|8|0|8|2|0.282575|0|84.1759|0|2.32762|0.0991566|0.0991566|0|0|INTO_SUPPLY|33.5|0.587761|0|2.79677e+07|2025-07-21|2026-05-06
prod|cohort|GCT|2026-05-07|201||0|48.98|44.99|8.86864|5.49943|0.0125699|0.0468452|0.0810985|11|3|0|0||8|8|8|6|2|2|0.163349|0|68.6571|0|3.86564|0|0|0|0|IFFY_AT_FIRST_ZONE|51.86|0.867528|0|3.04247e+07|2025-07-21|2026-05-06
prod|cohort|GIG|2026-05-07|185||0|7.48|7|6.85714|3.5095|0.999655|0.998111|0.999956|6|1|0.0952343|0|11.9614|6|2|2|0|2|0|12.4566|0|100|0|9.94228|0.0665128|0.0932427|0|0|CLEARED_NOTHING|12.5|0.56|0|307142|2025-07-21|2026-05-06
prod|cohort|GLIBK|2026-05-07|201||0|32.76|32.97|-0.636943|3.15376|0.926623|1|0.914001|1|0|0|0||15|13|13|0|13|0|2.11969|0|44.7419|0|4.17002|0|0|0|0|CLEARED_NOTHING|41.175|0.800729|0|1.30124e+07|2025-07-21|2026-05-06
prod|cohort|GWW|2026-05-07|201||0|1280|1169.86|9.4148|2.11002|0|0|0.0466745|5|1|0|0||4|4|4|4|0|0||1|63.6586|0|1.53505|0|0|0|0|CLEAR_AIR|1218.63|0.95998|1|2.70614e+08|2025-07-21|2026-05-06
prod|cohort|HAE|2026-05-07|201||0|57.08|52.67|8.37289|3.52774|0.621337|0.823618|0.800328|6|2|0.0471783|0|1.02551|17|13|13|1|12|1|1.25484|0|100|0|4.23333|0.0454428|0.0738653|0|0|LADDER_CLIMBING|87.32|0.603184|0|3.48993e+07|2025-07-21|2026-05-06
prod|cohort|HIMX|2026-05-07|201||0|15.43|12.33|25.1419|6.37006|0|0|0.00489899|19|2|0|0||0|0|0|0|0|0||1|50.2173|0|1.90284|0.0846351|0.0846351|0|0|CLEAR_AIR|12.54|0.983254|1|2.98499e+07|2025-07-21|2026-05-06
prod|cohort|HNRG|2026-05-07|201||0|21.71|18.55|17.035|5.61095|0.0448474|0|0.491205|6|0|0|0||16|15|15|11|4|4|0.0738833|0|100|0|3.81424|0|0|0|0|IFFY_AT_FIRST_ZONE|24.7|0.751012|0|1.32696e+07|2025-07-21|2026-05-06
prod|cohort|HWM|2026-05-07|201||0|275.8|256.43|7.55372|2.9118|0|0|0.0420993|15|3|0|0||4|3|3|3|0|0||1|52.5417|0|2.81746|0.551888|0.551888|0|0|CLEAR_AIR|267.31|0.959298|1|4.73938e+08|2025-07-21|2026-05-06
prod|cohort|ICL|2026-05-07|201||0|6.15|5.62|9.4306|2.01669|0.153882|0|0.285198|46|7|5.11987|1|1.20942|9|7|7|4|3|0|4.3539|0|27.9769|1|4.09341|2.53674|2.9322|1|0|INTO_SUPPLY|7.08|0.793785|0|6.62904e+06|2025-07-21|2026-05-06
prod|cohort|IMOS|2026-05-07|201||0|59.2|55.5|6.66667|4.10203|0|0|0.022708|75|24|0|0||0|0|0|0|0|0||1|63.7152|0|6.91345|1.4091|6.02628|3|0|CLEAR_AIR|57.37|0.967405|1|3.78713e+06|2025-07-21|2026-05-06
prod|cohort|JLHL|2026-05-07|201||0|23.69|22.22|6.61566|34.2834|0.00189145|0.00551603|0.00366012|7|0|0|0||0|0|0|0|0|0||1|41.8766|0|4.56066|0.0662924|0.0662924|0|0|CLEAR_AIR|27.5|0.808|0|688993|2025-07-21|2026-05-06
prod|cohort|JMIA|2026-05-07|201||0|9.13479|7.46|22.4502|5.73939|0.579568|0.204123|0.749981|18|3|1.68843|1|3.386|19|15|15|6|9|2|0.41049|0|61.1753|0|3.54334|0|0|0|0|INTO_SUPPLY|14.72|0.506793|0|1.40847e+07|2025-07-21|2026-05-06
prod|cohort|KLIC|2026-05-07|201||0|106.01|93.78|13.0412|3.81045|0|0|0.00368837|17|7|0|0||0|0|0|0|0|0||1|58.7201|0|4.34929|0.0224049|0.0348044|0|0|CLEAR_AIR|95.28|0.984257|1|5.18499e+07|2025-07-21|2026-05-06
prod|cohort|LFST|2026-05-07|201||0|8|7.36|8.69565|3.09507|0.00148645|0.00390338|0.150234|7|3|0|0||6|5|5|5|0|0||1|55.5235|0|4.44421|0|0|0|0|CLEAR_AIR|8.09|0.909765|0|1.21652e+07|2025-07-21|2026-05-06
prod|cohort|MDA|2026-05-07|39||0|33.37|32.18|3.69795|5.15217|0.180813|0.180813|0.31168|5|0|0|0||2|1|1|0|1|1|0.221023|0|59.0585|0|3.86618|0.159503|0.159503|0|0|IFFY_AT_FIRST_ZONE|37.45|0.859279|0|1.57917e+07|2026-03-12|2026-05-06
prod|cohort|MDB|2026-05-07|201||0|290.06|265.26|9.34932|5.07933|0.598844|0.248081|0.680799|23|4|2.8721|1|3.28885|21|18|18|5|13|0|3.28885|0|42.8626|0|1.39857|0.482805|0.767445|0|0|INTO_SUPPLY|444.72|0.596465|0|3.57786e+08|2025-07-21|2026-05-06
prod|cohort|MIDD|2026-05-07|201||0|159.575|142.5|11.9825|2.98763|0.0609925|0.239181|0.39525|8|2|0.231777|0|0.607236|11|10|10|8|2|1|0.208705|0|59.1651|0|1.92909|0|0|0|0|IFFY_AT_FIRST_ZONE|169.44|0.841006|0|8.22262e+07|2025-07-21|2026-05-06
prod|cohort|MKSI|2026-05-07|201||0|316.17|293.77|7.62501|4.62124|0|0|0.00229968|22|6|0|0||1|1|1|1|0|0||1|57.7921|0|2.19429|0.200044|0.200044|0|0|CLEAR_AIR|298|0.985805|1|2.74644e+08|2025-07-21|2026-05-06
prod|cohort|MRNA|2026-05-07|201||0|51.69|48.79|5.94384|5.36145|0.116852|0.45771|0.190509|16|2|0|0||10|8|8|2|6|2|0.840751|0|41.8513|0|3.91077|0|0|0|0|INTO_SUPPLY|59.55|0.819312|0|2.77547e+08|2025-07-21|2026-05-06
prod|cohort|MTSI|2026-05-07|201||0|353.87|309.81|14.2216|4.1148|0|0|0.00227821|5|1|0|0||0|0|0|0|0|0||1|74.295|0|4.17599|0|0|0|0|CLEAR_AIR|314.16|0.986154|1|2.54652e+08|2025-07-21|2026-05-06
prod|cohort|NAMS|2026-05-07|201||0|33.04|30.99|6.61504|5.26551|0.492416|0.38071|0.614428|1|1|0.137953|0|2.71308|20|19|19|5|14|3|0.908191|0|54.4706|0|3.8981|0|0|0|0|INTO_SUPPLY|42|0.737857|0|2.64657e+07|2025-07-21|2026-05-06
prod|cohort|NDLS|2026-05-07|201||0|13.49|11.32|19.1696|7.37679|0|0|0.0249581|5|2|0|0||1|1|1|1|0|0||1|77.4372|0|5.12396|0.142703|0.142703|0|0|CLEAR_AIR|13.235|0.855308|1|602887|2025-07-21|2026-05-06
prod|cohort|NSIT|2026-05-07|201||0|74.72|69.01|8.27416|4.44788|0.832867|0.462811|0.94196|9|3|0.469271|0|1.41281|26|23|23|0|23|5|0.0270803|0|63.3665|0|2.45282|0|0|0|0|IFFY_AT_FIRST_ZONE|148.58|0.464464|0|2.42715e+07|2025-07-21|2026-05-06
prod|cohort|NSP|2026-05-07|201||0|30.86|28.75|7.33913|6.97176|0.684685|0.158149|0.713075|7|2|0.683249|0|12.3403|18|12|12|0|12|0|3.1792|0|50.8676|0|3.91025|0|0|0|0|CLEARED_NOTHING|61.645|0.46638|0|2.46189e+07|2025-07-21|2026-05-06
prod|cohort|NVST|2026-05-07|201||0|29.34|27.07|8.38567|3.05279|0.0376051|0.105575|0.165614|13|1|0|0||4|4|4|2|2|2|0.669876|0|58.4578|0|2.49344|0.237641|0.237641|0|0|INTO_SUPPLY|30.4199|0.889878|0|5.57113e+07|2025-07-21|2026-05-06
prod|cohort|OCS|2026-05-07|201||0|31|29.58|4.80054|4.2339|0|0|0.0142858|8|4|0|0||1|0|0|0|0|0||1|63.9988|0|2.70077|0.120417|0.120417|0|0|CLEAR_AIR|30.68|0.964146|1|6.96179e+06|2025-07-21|2026-05-06
prod|cohort|ORA|2026-05-07|201||0|122.935|114.86|7.0303|2.5205|0.0697853|0.0437934|0.204269|18|0|0|0||10|8|8|3|5|3|0.379206|0|23.3111|1|2.9189|0.0259554|0.0259554|0|1|INTO_SUPPLY|132.58|0.866345|0|7.86882e+07|2025-07-21|2026-05-06
prod|cohort|PCT|2026-05-07|201||0|9.315|7.62|22.2441|6.45697|0.48149|0.0184021|0.709729|5|1|0|0||23|21|21|3|18|6|0.033252|0|47.9159|0|2.49243|0|0|0|0|IFFY_AT_FIRST_ZONE|17.28|0.440972|0|2.36475e+07|2025-07-21|2026-05-06
prod|cohort|PDC|2026-05-07|75||0|7.54|7.78|-3.08483|12.2187|0.0936984|0.167405|0.0460228|3|1|0|0||2|1|1|0|1|1|0.933477|0|54.2724|0|1.75222|0|0|0|0|INTO_SUPPLY|8.4|0.92619|0|1.15175e+06|2026-01-20|2026-05-06
prod|cohort|PGY|2026-05-07|201||0|16.9|14.83|13.9582|5.25289|0.700851|0|0.727912|14|3|0.349202|1||19|17|17|2|15|0|2.05015|0|37.3883|0|2.86488|0.178173|0.178173|0|0|INTO_SUPPLY|44.99|0.329629|0|4.20709e+07|2025-07-21|2026-05-06
prod|cohort|PICS|2026-05-07|68||0|13.13|13.08|0.382263|6.56618|0.727788|0.536175|0.731508|3|2|0|0||4|3|3|0|3|0|1.76306|0|63.5236|0|3.34453|0.0640975|0.0640975|0|0|CLEARED_NOTHING|19.95|0.655639|0|4.08999e+06|2026-01-29|2026-05-06
prod|cohort|PSTV|2026-05-07|201||0|6.28|6|4.66667|12.5142|0.967396|0.350531|0.972666|8|4|6.52444|0|3.11112|24|17|17|0|17|4|0.0890708|0|32.6471|0|2.59512|0.0321179|0.0321179|0|0|IFFY_AT_FIRST_ZONE|23.425|0.256137|0|1.62169e+06|2025-07-21|2026-05-06
prod|cohort|PTC|2026-05-07|201||0|153.98|136.765|12.5873|2.85371|0.716883|0.300243|0.930826|8|2|0.845443|0|7.04915|20|20|20|7|13|1|0.976299|0|43.6916|0|1.29974|0.378833|0.378833|0|0|INTO_SUPPLY|219.69|0.622536|0|1.70792e+08|2025-07-21|2026-05-06
prod|cohort|PTON|2026-05-07|201||0|5.895|5.2|13.3654|4.96178|0.601732|0|0.673729|6|1|0.136754|0|1.1795|18|17|17|1|16|2|0.273507|0|38.9236|0|2.41226|0|0|0|0|INTO_SUPPLY|9.2|0.565217|0|5.95655e+07|2025-07-21|2026-05-06
prod|cohort|ROOT|2026-05-07|201||0|62.95|55.05|14.3506|5.5089|0.739339|0.00459255|0.832306|9|2|0.406592|0|16.3069|23|21|21|4|17|1|0.109578|0|48.6987|0|1.9679|0|0|0|0|IFFY_AT_FIRST_ZONE|131.99|0.417077|0|1.42834e+07|2025-07-21|2026-05-06
prod|cohort|RUN|2026-05-07|201||0|14.43|12.83|12.4708|5.34673|0.604824|0.229821|0.698988|13|2|0.142703|0|5.58615|22|12|12|2|10|1|0.375875|0|51.5215|0|2.46827|0|0|0|0|INTO_SUPPLY|22.44|0.571747|0|1.02663e+08|2025-07-21|2026-05-06
prod|cohort|RXO|2026-05-07|201||0|21.705|19.62|10.6269|5.10887|0|0|0.0162485|12|1|0|0||2|2|2|2|0|0||1|91.1477|0|2.2927|0.37469|0.829222|0|0|CLEAR_AIR|20.38|0.962709|1|3.41697e+07|2025-07-21|2026-05-06
prod|cohort|SD|2026-05-07|201||0|15.16|14.48|4.69613|2.5819|0.376914|0.858657|0.500455|20|5|0.94554|1|2.5165|13|4|4|0|4|0|1.89057|0|99.1285|0|3.84005|1.12545|2.03987|1|0|INTO_SUPPLY|18.45|0.784824|0|4.37413e+06|2025-07-21|2026-05-06
prod|cohort|SEZL|2026-05-07|201||0|100.66|86.02|17.0193|6.94979|0.0876805|0|0.279566|11|4|3.74947|0|0.763331|14|14|14|11|3|0|8.03356|0|60.2632|0|2.0982|0.155458|0.289328|0|0|LADDER_CLIMBING|160.48|0.536017|0|5.43065e+07|2025-07-21|2026-05-06
prod|cohort|SITM|2026-05-07|201||0|835.05|623.33|33.966|5.11508|0|0|0.000760959|10|2|0|0||0|0|0|0|0|0||1|44.6934|0|5.45031|0.261544|0.510826|0|0|CLEAR_AIR|627|0.994147|1|1.6786e+08|2025-07-21|2026-05-06
prod|cohort|SNEX|2026-05-07|201||0|78.1267|70.9267|10.1513|3.36205|0|0|0.0203355|12|3|0|0||2|0|0|0|0|0||1|61.3701|0|1.24556|0|0|0|0|CLEAR_AIR|73|0.971599|1|6.36209e+07|2025-07-21|2026-05-06
prod|cohort|SNOW|2026-05-07|201||0|153.43|139.74|9.79677|5.69208|0.828781|0.520322|0.931164|19|5|2.80764|0|4.20686|23|20|20|2|18|4|0.246755|0|51.5547|0|2.33754|0.282321|0.282321|0|0|IFFY_AT_FIRST_ZONE|280.67|0.49788|0|1.0332e+09|2025-07-21|2026-05-06
prod|cohort|TAOX|2026-05-07|201||0|6.86|6.44|6.52174|10.3726|0.419063|0.0119283|0.504343|6|1|0.254371|0|0.490471|16|16|16|4|12|5|0.196751|0|61.4665|0|3.68342|0|0|0|0|IFFY_AT_FIRST_ZONE|10.7|0.601869|0|786117|2025-07-21|2026-05-06
prod|cohort|TPB|2026-05-07|201||0|87.1|81.26|7.18681|5.70832|0.706468|0.414999|0.828783|7|3|3.61931|0|1.961|22|12|12|3|9|5|0.245377|0|51.8565|0|3.05934|0|0|0|0|IFFY_AT_FIRST_ZONE|146.9|0.553165|0|3.25705e+07|2025-07-21|2026-05-06
prod|cohort|TRDA|2026-05-07|201||0|6.82|16.03|-57.4548|5.72525|0.593902|1|0.00343427|4|1|0.00128053|0|3.21414|0|0|0|0|0|0||1|100|0|4.39896|0|0|0|0|CLEARED_NOTHING|16.45|0.974468|0|2.03218e+06|2025-07-21|2026-05-06
prod|cohort|TREX|2026-05-07|201||0|43.76|39.91|9.64671|3.78426|0.337709|0.0455025|0.535679|15|5|0.673313|0|0.954112|15|15|15|3|12|4|0.271741|0|84.582|0|4.41278|0.372583|0.626301|0|0|INTO_SUPPLY|68.78|0.580256|0|7.04718e+07|2025-07-21|2026-05-06
prod|cohort|U|2026-05-07|201||0|29.86|27.28|9.45748|5.07434|0.550548|0|0.589013|16|4|0.171595|0|6.50741|22|14|14|2|12|0|5.65603|0|33.3146|0|2.54356|0.339644|0.522393|0|0|LADDER_CLIMBING|52.15|0.523106|0|2.44442e+08|2025-07-21|2026-05-06
prod|cohort|VCEL|2026-05-07|201||0|40.5|36.78|10.1142|4.35617|0.0452589|0|0.304467|8|1|0|0||11|11|11|7|4|4|0.280573|0|34.843|0|2.24793|0.00321963|0.00321963|0|0|INTO_SUPPLY|43|0.855349|0|1.74456e+07|2025-07-21|2026-05-06
prod|cohort|VCX|2026-05-07|34||0|178|158.98|11.9638|11.8548|0.265517|0.265517|0.305748|4|2|0|0||2|1|1|1|0|0||1|100|0|7.71724|0.14671|0.280534|0|0|CLEAR_AIR|575|0.276487|0|2.38377e+07|2026-03-19|2026-05-06
prod|cohort|VEEE|2026-05-07|201||0|6.44|6.01|7.15474|14.6511|0.892569|0.83629|0.929871|7|1|9.32913|0|17.6091|28|25|25|0|25|0|2.18329|0|100|0|2.90653|0|0|0|0|CLEARED_NOTHING|128.02|0.0469458|0|408875|2025-07-21|2026-05-06
prod|cohort|VERX|2026-05-07|201||0|13.945|12.66|10.1501|5.45759|0.748216|0.236285|0.868868|8|3|4.82576|0|14.5551|21|19|19|1|18|2|0.0459884|0|51.7402|0|2.85384|0.325876|0.620459|0|0|IFFY_AT_FIRST_ZONE|36.75|0.34449|0|1.33023e+07|2025-07-21|2026-05-06
prod|cohort|VVV|2026-05-07|201||0|35.96|34.17|5.23851|3.44545|0.28238|0.265027|0.442723|14|4|0.104925|0|2.28413|12|12|12|4|8|2|0.282489|0|63.5241|0|2.2265|0.170044|0.249247|0|0|INTO_SUPPLY|41.33|0.82676|0|6.34668e+07|2025-07-21|2026-05-06
prod|cohort|VYX|2026-05-07|201||0|7.97|7.03|13.3713|4.29439|0.723838|0.238388|0.805089|10|1|0|0||21|20|20|2|18|1|1.10997|0|54.9475|0|1.75557|0.219681|0.236219|0|0|LADDER_CLIMBING|14.67|0.479209|0|1.33948e+07|2025-07-21|2026-05-06
prod|cohort|WRBY|2026-05-07|201||0|24.79|22.03|12.5284|5.8648|0.423763|0.234645|0.709724|9|1|0|0||21|18|18|6|12|2|0.0756594|0|38.0288|0|3.30403|0.0832489|0.0832489|0|0|IFFY_AT_FIRST_ZONE|31|0.710645|0|4.45688e+07|2025-07-21|2026-05-06
prod|cohort|XMTR|2026-05-07|201||0|76|56.4|34.7518|5.98961|0|0|0.320781|11|2|0|0||11|7|7|7|0|0||1|40.1808|0|3.83477|0.388912|0.388912|0|0|CLEAR_AIR|73.8665|0.76354|1|3.20389e+07|2025-07-21|2026-05-06
prod|cohort|AAOI|2026-05-08|202||0|173.845|157.55|10.3427|11.2242|0.0219263|0.0464559|0.0517643|17|3|0|0||3|1|1|0|1|1|0.923758|0|53.7161|0|2.58472|0|0|0|0|INTO_SUPPLY|191.87|0.821129|0|1.49108e+09|2025-07-21|2026-05-07
prod|cohort|AEHR|2026-05-08|202||0|94|91.26|3.00241|10.175|0.0347281|0.0750119|0.0551844|17|5|0|0||2|2|2|0|2|2|0.567714|0|48.9897|0|1.6759|0.0102471|0.0102471|0|0|INTO_SUPPLY|102.48|0.890515|0|2.63378e+08|2025-07-21|2026-05-07
prod|cohort|AKAM|2026-05-08|202||0|145.45|116.69|24.6465|5.41949|0|0|0.0313461|6|1|0|0||1|0|0|0|0|0||1|100|0|5.03063|0|0|0|0|CLEAR_AIR|122.24|0.954598|1|4.05654e+08|2025-07-21|2026-05-07
prod|cohort|ALGS|2026-05-08|202||0|6.11|6.03|1.3267|8.68572|0.983603|0.970887|0.991617|2|0|0|0||25|18|18|0|18|1|1.2248|0|49.5738|0|1.28326|0|0|0|0|CLEARED_NOTHING|13.6892|0.440493|0|928437|2025-07-21|2026-05-07
prod|cohort|AMCI|2026-05-08|102||0|5.71|5.57|2.51346|7.8873|0.835059|0.968527|0.846109|4|0|0|0||16|13|13|0|13|0|1.68752|0|72.7539|0|2.87382|0|0|0|0|CLEARED_NOTHING|15.09|0.369119|0|255163|2025-12-10|2026-05-07
prod|cohort|AMLX|2026-05-08|202||0|15.2|15.2|0|5.05426|0.161684|0.455076|0.161684|5|1|0|0||10|5|5|0|5|0|2.29093|0|83.0566|0|3.79839|0|0|0|0|CLEARED_NOTHING|18.605|0.816985|0|1.51405e+07|2025-07-21|2026-05-07
prod|cohort|AMN|2026-05-08|202||0|26.03|22.45|15.9465|4.54329|0|0|0.00462744|3|0|0|0||2|2|2|2|0|0||1|78.3375|0|2.37894|0|0|0|0|CLEAR_AIR|22.81|0.984217|1|1.318e+07|2025-07-21|2026-05-07
prod|cohort|AMPU|2026-05-08|2|history_too_thin(2d)|1|10.65||||||||||||||||||||||||||||21.9614||0||2026-05-06|2026-05-07
prod|cohort|ANIP|2026-05-08|202||0|87.76|83.91|4.58825|2.93812|0.292655|0|0.405373|2|0|0|0||8|7|7|2|5|0|1.89645|0|42.7102|0|2.82849|0.20926|0.20926|0|0|LADDER_CLIMBING|99.5|0.843317|0|2.09839e+07|2025-07-21|2026-05-07
prod|cohort|ARLO|2026-05-08|202||0|16.12|14.9|8.18792|3.55056|0.375645|0.0100425|0.482432|14|4|1.09199|0|0.436796|15|8|8|5|3|1|0.436796|0|38.5356|0|2.29561|0.0570134|0.0763174|0|0|INTO_SUPPLY|19.94|0.747242|0|1.60117e+07|2025-07-21|2026-05-07
prod|cohort|ARTV|2026-05-08|202||0|12.05|12.52|-3.75399|13.5123|0.00946541|0.145749|0.00561353|5|1|0|0||1|0|0|0|0|0||1|34.1589|0|3.06121|0|0|0|0|CLEAR_AIR|14.53|0.861666|0|2.10173e+06|2025-07-21|2026-05-07
prod|cohort|ASYS|2026-05-08|202||0|21.28|18.21|16.8589|7.95535|0|0|0.0191954|6|3|0|0||3|2|2|2|0|0||1|45.486|0|1.86657|0|0|0|0|CLEAR_AIR|19.74|0.922492|1|3.61729e+06|2025-07-21|2026-05-07
prod|cohort|AXTI|2026-05-08|202||0|115.36|108.42|6.40103|12.9738|0|0|0.0046427|11|6|0|0||0|0|0|0|0|0||1|43.0508|0|3.86366|0|0|0|0|CLEAR_AIR|110.8|0.97852|1|9.09777e+08|2025-07-21|2026-05-07
prod|cohort|AXTU|2026-05-08|3|history_too_thin(3d)|1|303.8||||||||||||||||||||||||||||273.5||1||2026-05-05|2026-05-07
prod|cohort|BILL|2026-05-08|202||0|41.01|37.66|8.89538|4.4826|0.790042|0.383777|0.943217|11|0|0|0||23|17|17|4|13|4|0.320946|0|68.8646|0|1.98428|0.217291|0.217291|0|0|INTO_SUPPLY|57.21|0.658277|0|6.34113e+07|2025-07-21|2026-05-07
prod|cohort|BIOA|2026-05-08|202||0|17.52|17.82|-1.6835|7.04956|0.430596|0.723701|0.412436|10|5|0|0||12|11|11|0|11|3|0.736064|0|64.5564|0|2.43199|0.0166984|0.0166984|0|0|INTO_SUPPLY|24|0.7425|0|6.45345e+06|2025-07-21|2026-05-07
prod|cohort|BKSY|2026-05-08|202||0|32.96|32.24|2.23325|10.5796|0.0985173|0.341056|0.109468|12|1|0|0||3|1|1|0|1|0|2.80753|0|100|0|2.48131|0.0835943|0.0835943|0|0|CLEARED_NOTHING|42.75|0.754152|0|5.71738e+07|2025-07-21|2026-05-07
prod|cohort|CALY|2026-05-08|77||0|15.97|14.77|8.12458|3.60476|0.0194313|0|0.317401|5|1|0|0||4|3|3|3|0|0||1|35.8605|0|2.15927|0.232792|0.241942|0|0|CLEAR_AIR|16.65|0.887087|0|3.02425e+07|2026-01-16|2026-05-07
prod|cohort|CCSI|2026-05-08|202||0|29.28|28.29|3.49947|4.48267|0.115135|0.309882|0.206927|7|0|0|0||8|8|8|2|6|5|0.457134|0|55.3451|0|2.63619|0.422983|0.862058|0|0|INTO_SUPPLY|31.665|0.893415|0|2.54559e+06|2025-07-21|2026-05-07
prod|cohort|CRSR|2026-05-08|202||0|7.41|7.09|4.5134|3.94099|0.239823|0.0762657|0.29717|9|1|0|0||11|10|10|0|10|1|0.924571|0|91.7034|0|3.28019|0|0|0|0|INTO_SUPPLY|10.29|0.689018|0|5.48875e+06|2025-07-21|2026-05-07
prod|cohort|CVV|2026-05-08|202||0|6.98|6.98|0|12.4542|0.059297|0.0807956|0.059297|4|0|0|0||1|1|1|0|1|0|1.69676|0|89.5973|0|4.55289|0.314782|0.314782|0|0|CLEARED_NOTHING|8.455|0.825547|0|910871|2025-07-21|2026-05-07
prod|cohort|DBX|2026-05-08|202||0|27.425|25.13|9.13251|2.83643|0.486781|0|0.729095|4|0|0|0||22|19|19|4|15|2|0.276389|0|57.6293|0|2.18539|0.0285586|0.0285586|0|0|INTO_SUPPLY|32.4|0.775617|0|7.82352e+07|2025-07-21|2026-05-07
prod|cohort|EOSE|2026-05-08|202||0|6.55|6.36|2.98742|8.89358|0.728951|0.424395|0.770147|13|3|5.51045|0|0.78966|23|18|18|0|18|3|0.188832|0|51.2702|0|2.3776|0.219856|0.258382|0|0|IFFY_AT_FIRST_ZONE|19.86|0.320242|0|1.43425e+08|2025-07-21|2026-05-07
prod|cohort|ERNA|2026-05-08|202||0|7.74|7.82|-1.02302|10.9217|0.194744|0.0750543|0.18995|13|3|7.44671|0|3.21468|23|20|20|0|20|4|0.189273|0|100|0|7.91929|1.55859|2.29773|1|0|IFFY_AT_FIRST_ZONE|71.4975|0.109374|0|83195.6|2025-07-21|2026-05-07
prod|cohort|FLNC|2026-05-08|202||0|23.775|18.97|25.3295|7.99529|0.0912538|0|0.350656|16|3|0.405075|0|0.970603|9|5|5|4|1|0|5.12131|0|100|0|6.99315|2.45351|2.45351|1|0|LADDER_CLIMBING|33.51|0.5661|0|5.97345e+07|2025-07-21|2026-05-07
prod|cohort|FROG|2026-05-08|202||0|66.35|57.02|16.3627|5.05684|0.0407593|0|0.226894|12|3|0|0||8|7|7|5|2|2|0.605029|0|60.8181|0|5.5774|0.57486|0.991467|0|0|INTO_SUPPLY|70.4299|0.809599|0|1.0273e+08|2025-07-21|2026-05-07
prod|cohort|GRPN|2026-05-08|202||0|16|15.46|3.49288|8.98669|0.614787|0.113569|0.666692|5|0|0|0||15|14|14|0|14|3|0.340782|0|27.254|1|1.82358|0.468921|0.468921|0|1|INTO_SUPPLY|43.08|0.358867|0|2.38262e+07|2025-07-21|2026-05-07
prod|cohort|HIMX|2026-05-08|202||0|17.56|16.03|9.5446|7.10508|0.00866962|0.0148092|0.0426812|20|3|0|0||0|0|0|0|0|0||1|100|0|6.20931|2.68259|2.75847|1|0|CLEAR_AIR|17.95|0.893036|0|3.22124e+07|2025-07-21|2026-05-07
prod|cohort|IMCR|2026-05-08|202||0|30.62|30.62|0|4.20415|0.879758|0.639365|0.879758|2|0|0|0||19|19|19|0|19|2|0.0981114|0|66.0128|0|2.88882|0|0|0|0|IFFY_AT_FIRST_ZONE|40.7147|0.752063|0|1.11068e+07|2025-07-21|2026-05-07
prod|cohort|INOD|2026-05-08|202||0|72.92|45.64|59.7721|6.3839|0.137424|0|0.671159|15|1|0|0||19|15|15|10|5|2|0.18689|0|60.854|0|2.53294|0|0|0|0|IFFY_AT_FIRST_ZONE|93.85|0.486308|0|4.58128e+07|2025-07-21|2026-05-07
prod|cohort|IREN|2026-05-08|202||0|63.845|56.85|12.3043|7.92003|0.0663983|0|0.179528|17|3|0|0||5|3|3|1|2|1|0.687209|0|93.5016|0|4.72798|0.240201|0.240201|0|0|INTO_SUPPLY|76.87|0.73956|0|1.6954e+09|2025-07-21|2026-05-07
prod|cohort|LASR|2026-05-08|202||0|76.96|66.19|16.2713|7.02748|0.00353231|0.00785509|0.163672|14|2|0|0||7|4|4|4|0|0||1|73.0714|0|2.1861|0.128491|0.158803|0|0|CLEAR_AIR|80.27|0.824592|0|6.7387e+07|2025-07-21|2026-05-07
prod|cohort|LOCO|2026-05-08|202||0|15.85|13.51|17.3205|2.0898|0|0|0.18385|7|2|0|0||4|4|4|4|0|0||1|54.7055|0|3.73234|0|0|0|0|CLEAR_AIR|14.5|0.931724|1|2.68694e+06|2025-07-21|2026-05-07
prod|cohort|MBUU|2026-05-08|202||0|27.5|25.4|8.26772|4.42138|0.571384|0.174432|0.879527|15|2|3.24457|0|4.62628|19|17|17|6|11|2|0.250847|0|53.1043|0|2.4296|0.0678522|0.0678522|0|0|INTO_SUPPLY|39.65|0.640605|0|5.94703e+06|2025-07-21|2026-05-07
prod|cohort|MNST|2026-05-08|202||0|42.2475|37.985|11.2215|1.91794|0.357239|0.109881|0.764694|10|5|38.2829|0|1.78024|7|4|4|2|2|0|1.78024|0|70.6221|0|2.05465|0.141977|0.141977|0|0|LADDER_CLIMBING|76.279|0.497975|0|3.30022e+08|2025-07-21|2026-05-07
prod|cohort|MP|2026-05-08|202||0|73.7|69.13|6.61073|6.22254|0.203825|0|0.340352|9|1|0|0||10|3|3|1|2|1|0.377234|0|57.1974|0|2.90069|0|0|0|0|INTO_SUPPLY|100.251|0.689573|0|3.72191e+08|2025-07-21|2026-05-07
prod|cohort|MXL|2026-05-08|202||0|87.74|82.37|6.51936|11.0469|0|0|0.0200725|14|6|0|0||0|0|0|0|0|0||1|13.5903|1|8.419|4.82349|4.9398|1|0|CLEAR_AIR|87.7|0.939225|1|2.9884e+08|2025-07-21|2026-05-07
prod|cohort|PAR|2026-05-08|202||0|15.01|14.99|0.133422|6.06053|0.686782|0.339869|0.687697|14|5|1.8358|0|5.59534|20|13|13|0|13|2|0.0769497|0|59.0614|0|1.90523|0.233262|0.549401|0|0|IFFY_AT_FIRST_ZONE|72.15|0.207762|0|1.68873e+07|2025-07-21|2026-05-07
prod|cohort|PGNY|2026-05-08|202||0|23.39|19.16|22.0772|3.27071|0.332136|0|0.708116|7|1|0|0||20|14|14|4|10|4|0.366004|0|44.6444|0|2.47317|0|0|0|0|INTO_SUPPLY|28.75|0.666435|0|2.46839e+07|2025-07-21|2026-05-07
prod|cohort|PHOE|2026-05-08|178||0|36.88|19.06|93.4942|16.7646|0.0627062|0.0459303|0.332873|29|5|0|0||7|0|0|0|0|0||1|100|0|10.7675|0.497042|1.04495|0|0|CLEAR_AIR|133.12|0.143179|0|32486.4|2025-07-21|2026-05-07
prod|cohort|PHVS|2026-05-08|202||0|31.27|29.68|5.35714|5.08919|0|0|0.0567727|1|0|0|0||3|2|2|2|0|0||1|32.3388|0|2.48288|0|0|0|0|CLEAR_AIR|31.14|0.953115|1|6.6692e+06|2025-07-21|2026-05-07
prod|cohort|POET|2026-05-08|202||0|9.81|9.58|2.40084|15.5732|0.125853|0.23087|0.144041|16|5|1.33531|0|0.399285|1|0|0|0|0|0||1|36.9632|0|6.35401|0.841996|1.01269|0|0|CLEARED_NOTHING|15.5|0.618065|0|3.94611e+08|2025-07-21|2026-05-07
prod|cohort|POWI|2026-05-08|202||0|77.22|71.83|7.50383|5.41989|0.00314563|0.0107379|0.0512628|15|2|0|0||1|0|0|0|0|0||1|53.8021|0|5.0294|0.076094|0.0761214|0|0|CLEAR_AIR|78.95|0.909816|0|8.34461e+07|2025-07-21|2026-05-07
prod|cohort|PRTA|2026-05-08|202||0|11|10.52|4.56274|3.76572|0.0345425|0.0579589|0.126872|2|0|0|0||10|3|3|0|3|2|0.410401|0|66.6754|0|2.4365|0|0|0|0|INTO_SUPPLY|11.69|0.899914|0|3.84588e+06|2025-07-21|2026-05-07
prod|cohort|PTCT|2026-05-08|202||0|74.07|64.49|14.855|3.9052|0.322932|0|0.702709|10|1|0.262741|0|3.45366|14|11|11|7|4|2|1.20308|0|30.461|0|2.9799|0|0|0|0|LADDER_CLIMBING|87.5|0.737029|0|7.12262e+07|2025-07-21|2026-05-07
prod|cohort|RDAC|2026-05-08|152||0|8.3|7.63|8.78113|19.3755|0.887377|0.88024|0.929102|38|4|0|0||12|4|4|0|4|4|0.435278|0|26.8856|1|13.5404|0.624604|0.755269|0|1|INTO_SUPPLY|23.99|0.318049|0|29336.1|2025-07-25|2026-05-07
prod|cohort|REA|2026-05-08|2|history_too_thin(2d)|1|24.97||||||||||||||||||||||||||||25||0||2026-05-06|2026-05-07
prod|cohort|RKLB|2026-05-08|202||0|86.035|78.58|9.48715|6.91247|0.0781189|0.0695385|0.171865|13|1|0|0||8|3|3|0|3|2|1.18796|0|63.1027|0|2.28892|0.0191888|0.0191888|0|0|CLEARED_NOTHING|99.58|0.789114|0|1.6196e+09|2025-07-21|2026-05-07
prod|cohort|ROAD|2026-05-08|202||0|142.76|131.36|8.67844|4.49834|0|0|0.117948|7|2|0|0||4|3|3|3|0|0||1|63.913|0|3.5235|0.297331|0.297331|0|0|CLEAR_AIR|141.9|0.925722|1|4.75256e+07|2025-07-21|2026-05-07
prod|cohort|SATL|2026-05-08|202||0|6.95|6.62|4.98489|10.7074|0.107557|0.250083|0.160782|6|2|0|0||5|4|4|0|4|3|0.739086|0|50.5257|0|1.49485|0.167045|0.167045|0|0|INTO_SUPPLY|8.35|0.792814|0|5.45164e+07|2025-07-21|2026-05-07
prod|cohort|SHLS|2026-05-08|202||0|8.01|7.84|2.16837|7.17836|0.463445|0.19609|0.494723|14|3|0.835324|0|2.27779|16|8|8|0|8|2|0.71306|0|100|0|2.60755|0|0|0|0|INTO_SUPPLY|11.36|0.690141|0|3.91086e+07|2025-07-21|2026-05-07
prod|cohort|SHMD|2026-05-08|202||0|6|5.67|5.82011|11.3504|0.570793|0.711775|0.654449|4|0|0|0||15|13|13|0|13|3|0.572669|0|21.8158|1|2.42445|0|0|0|1|INTO_SUPPLY|10.65|0.532394|0|5.03807e+06|2025-07-21|2026-05-07
prod|cohort|SKE|2026-05-08|202||0|30.94|30.34|1.97759|3.9492|0.253939|0.611361|0.283488|30|6|0.544243|0|3.99793|9|9|9|0|9|3|0.33162|0|80.8081|0|4.13747|0.751614|1.10813|0|0|INTO_SUPPLY|38.77|0.782564|0|1.73247e+07|2025-07-21|2026-05-07
prod|cohort|STFS|2026-05-08|201||0|8.1|8|1.25|9.49103|0.226003|0.0987542|0.237896|3|1|6.13965|0|3.1999|9|7|6|0|6|1|0.587949|0|100|0|10.4188|0|0|0|0|INTO_SUPPLY|104|0.0769231|0|11599.7|2025-07-21|2026-05-07
prod|cohort|STRZ|2026-05-08|202||0|21.46|20.1|6.76617|6.43604|0|0|0.00864057|3|1|0|0||1|1|1|1|0|0||1|20.806|1|2.20437|0|0|0|1|CLEAR_AIR|20.629|0.974356|1|2.34435e+06|2025-07-21|2026-05-07
prod|cohort|TILE|2026-05-08|202||0|28.93|27.55|5.00907|2.67764|0.220857|0.208568|0.48025|10|4|0.406639|0|0.0258184|10|9|9|3|6|2|0.0903643|0|68.1971|0|2.30318|0.218879|0.218879|0|0|IFFY_AT_FIRST_ZONE|35.11|0.784677|0|1.30833e+07|2025-07-21|2026-05-07
prod|cohort|TNDM|2026-05-08|202||0|20|18.47|8.2837|5.95343|0.396812|0.720461|0.530832|11|3|0.016797|0|2.49436|16|14|14|1|13|6|0.22676|0|62.8742|0|2.72041|0.0946693|0.0946693|0|0|IFFY_AT_FIRST_ZONE|29.65|0.622934|0|3.14845e+07|2025-07-21|2026-05-07
prod|cohort|TWFG|2026-05-08|202||0|21|19.35|8.52713|4.73335|0.498992|0.0187986|0.696198|3|0|0|0||23|21|21|3|18|2|0.0603619|0|44.493|0|1.6814|0|0|0|0|IFFY_AT_FIRST_ZONE|33.52|0.577267|0|4.3668e+06|2025-07-21|2026-05-07
prod|cohort|TXRH|2026-05-08|202||0|171.95|157.93|8.87735|2.20346|0.434073|0.33624|0.97975|10|1|0.102934|0|0.657191|20|17|17|8|9|1|0.657191|0|57.9581|0|2.61468|0|0|0|0|INTO_SUPPLY|197|0.801675|0|1.67465e+08|2025-07-21|2026-05-07
prod|cohort|UNCY|2026-05-08|202||0|7.94|7.86|1.01781|5.07556|0.0225635|0.071498|0.0274048|0|0|0|0||1|1|1|0|1|1|1.00248|0|51.0331|0|2.94341|0|0|0|0|CLEARED_NOTHING|8.344|0.941994|0|3.59633e+06|2025-07-21|2026-05-07
prod|cohort|VCX|2026-05-08|35||0|172|144.14|19.3284|14.2409|0.290533|0.290533|0.392115|4|2|0|0||2|1|1|1|0|0||1|100|0|6.13662|0.122128|0.23353|0|0|CLEAR_AIR|575|0.250678|0|2.70903e+07|2026-03-19|2026-05-07
prod|cohort|WEST|2026-05-08|202||0|6.87|5.9|16.4407|5.39765|0.0534774|0|0.175238|5|1|0|0||5|3|3|0|3|3|0.431478|0|39.0171|0|2.38526|0.106679|0.106679|0|0|INTO_SUPPLY|7.92|0.744949|0|1.66628e+06|2025-07-21|2026-05-07
prod|cohort|WLDN|2026-05-08|202||0|78.05|74.47|4.8073|5.40183|0.888854|0.640672|0.949762|13|1|3.44392|0|5.29159|19|10|10|1|9|2|0.841982|0|39.5651|0|2.7744|0.550974|0.550974|0|0|INTO_SUPPLY|137|0.543577|0|2.41143e+07|2025-07-21|2026-05-07
prod|cohort|WSC|2026-05-08|202||0|26.425|23.3|13.412|4.09828|0.0339201|0|0.179191|11|2|2.29923|0|0.198528|9|8|8|7|1|0|5.03707|0|46.1636|0|3.4165|0|0|0|0|LADDER_CLIMBING|31.88|0.730866|0|5.7628e+07|2025-07-21|2026-05-07
prod|cohort|XNDX|2026-05-08|1|history_too_thin(1d)|1|37.14||||||||||||||||||||||||||||40.99||0||2026-05-07|2026-05-07
prod|cohort|XYZ|2026-05-08|202||0|75.63|70.14|7.8272|3.35908|0.300118|0|0.470332|19|3|0.637677|0|0.991942|14|12|12|3|9|5|0.206654|0|48.0284|0|1.85071|0.316472|0.61745|0|0|IFFY_AT_FIRST_ZONE|82.5|0.850182|0|3.35513e+08|2025-07-21|2026-05-07
prod|cohort|AAOI|2026-05-11|203||0|152.26|148.94|2.22909|11.4882|0.0853373|0.178861|0.102267|17|3|0|0||4|3|3|0|3|2|0.720904|0|78.2516|0|2.5553|0|0|0|0|INTO_SUPPLY|191.87|0.776255|0|1.49108e+09|2025-07-21|2026-05-08
prod|cohort|ADUR|2026-05-11|203||0|14.335|13.5|6.18519|7.29887|0.100957|0.0217221|0.229727|10|0|0|0||11|9|9|3|6|5|0.530444|0|38.6786|0|3.63286|0.0401277|0.0401277|0|0|INTO_SUPPLY|17.66|0.764439|0|3.29863e+06|2025-07-21|2026-05-08
prod|cohort|AIXI|2026-05-11|203||0|12.59|12.202|3.17981|16.4051|0.591989|0.579229|0.603732|10|3|0.364094|0|0.546141|14|7|7|0|7|0|5.62022|0|23.3114|1|3.53624|1.00466|2.77657|1|0|CLEARED_NOTHING|54.2|0.225129|0|9.67202e+06|2025-07-21|2026-05-08
prod|cohort|APT|2026-05-11|203||0|7.09|6.44|10.0932|4.69844|0|0|0.045125|3|1|0|0||0|0|0|0|0|0||1|100|0|9.32029|0.362275|0.362275|0|0|CLEAR_AIR|6.8899|0.934702|1|113050|2025-07-21|2026-05-08
prod|cohort|ASM|2026-05-11|203||0|7.19|6.9|4.2029|5.46004|0.254564|0.449624|0.30632|26|3|0.382091|0|4.10111|10|8|8|2|6|1|0.305673|0|86.6879|0|3.71139|0.176396|0.480184|0|0|INTO_SUPPLY|11.9883|0.575561|0|2.75085e+07|2025-07-21|2026-05-08
prod|cohort|ASPI|2026-05-11|203||0|5.62|5.38|4.46097|8.47628|0.785565|0.164608|0.848718|11|0|0|0||24|19|19|1|18|5|0.0839689|0|42.9709|0|1.57154|0|0|0|0|IFFY_AT_FIRST_ZONE|14.49|0.371291|0|1.72725e+07|2025-07-21|2026-05-08
prod|cohort|ATRA|2026-05-11|203||0|8.83|8.34|5.8753|10.4393|0.516393|0.54266|0.579596|5|3|0.68345|0|3.92713|17|4|4|0|4|0|9.9263|0|100|0|10.2318|2.86445|2.86445|1|0|CLEARED_NOTHING|19.145|0.435623|0|289411|2025-07-21|2026-05-08
prod|cohort|BBOT|2026-05-11|187||0|7.85|7.66|2.48042|6.5489|0.994803|0.985985|0.999162|1|0|0|0||24|22|22|0|22|0|1.58533|0|49.14|0|3.24888|0|0|0|0|CLEARED_NOTHING|14.87|0.515131|0|3.80262e+06|2025-08-12|2026-05-08
prod|cohort|BKKT|2026-05-11|203||0|10.07|9.85|2.2335|6.93284|0.717694|0.210033|0.765267|13|1|0|0||18|17|17|1|16|5|0.186067|0|90.0704|0|3.25073|0|0|0|0|IFFY_AT_FIRST_ZONE|49.79|0.197831|0|9.28931e+06|2025-07-21|2026-05-08
prod|cohort|BNAI|2026-05-11|203||0|24.22|22.26|8.80503|11.5777|0.19516|0.824721|0.20908|19|7|1.20059|0|0.855882|10|6|6|0|6|1|0.367316|0|54.3378|0|3.9616|0.0625623|0.0931225|0|0|INTO_SUPPLY|86.28|0.257997|0|1.12811e+07|2025-07-21|2026-05-08
prod|cohort|BW|2026-05-11|203||0|16.7|14.54|14.8556|8.19203|0.0410383|0.119704|0.1473|10|4|0|0||6|5|5|3|2|1|1.23532|0|36.3332|0|1.95154|0|0|0|0|LADDER_CLIMBING|18.8|0.773404|0|4.56491e+07|2025-07-21|2026-05-08
prod|cohort|BZH|2026-05-11|203||0|25.3|18.77|34.7896|4.6277|0.172386|0.206157|0.978324|17|1|0|0||22|18|18|13|5|4|0.221727|0|48.9564|0|4.93434|0|0|0|0|IFFY_AT_FIRST_ZONE|28.33|0.662549|0|8.07584e+06|2025-07-21|2026-05-08
prod|cohort|CEPU|2026-05-11|203||0|14.12|14.11|0.0708717|4.39777|0.599073|0.962918|0.600061|10|1|0|0||19|18|18|0|18|1|1.17801|0|95.6836|0|2.30843|0|0|0|0|CLEARED_NOTHING|18.5028|0.762587|0|5.48989e+06|2025-07-21|2026-05-08
prod|cohort|CEVA|2026-05-11|203||0|36.02|36.97|-2.56965|6.26617|0.00392722|0.0108653|0.000374021|23|3|0|0||0|0|0|0|0|0||1|46.9887|0|7.21929|0.670336|0.675197|0|0|CLEAR_AIR|37.07|0.997302|0|1.85726e+07|2025-07-21|2026-05-08
prod|cohort|DCH|2026-05-11|65||0|6.71|6.64|1.05422|4.76717|0.401812|0.306533|0.409751|8|2|0.78155|0|4.0328|1|1|1|0|1|0|6.37745|0|100|0|4.62936|0.389903|0.389903|0|0|CLEARED_NOTHING|9.25|0.717838|0|2.06415e+07|2026-02-05|2026-05-08
prod|cohort|DGXX|2026-05-11|203||0|7.42|6.63|11.9155|10.753|0|0|0.00727418|11|3|0|0||1|1|1|1|0|0||1|80.0559|0|9.27338|1.13009|1.13009|1|0|CLEAR_AIR|6.8|0.975|1|7.00465e+06|2025-07-21|2026-05-08
prod|cohort|DRTS|2026-05-11|203||0|9.75|8.51|14.5711|7.03169|0|0|0.0237918|4|0|0|0||2|2|2|2|0|0||1|48.4208|0|2.22939|0.231555|0.231555|0|0|CLEAR_AIR|9.071|0.938155|1|3.09882e+06|2025-07-21|2026-05-08
prod|cohort|DXYZ|2026-05-11|203||0|61.61|54.6|12.8388|6.59017|0|0|0.00124088|27|4|0|0||0|0|0|0|0|0||1|100|0|11.8746|0.0223094|0.0223094|0|0|CLEAR_AIR|55|0.992727|1|6.04e+07|2025-07-21|2026-05-08
prod|cohort|EAF|2026-05-11|203||0|9.32|9.29|0.322928|8.8113|0.599152|0.0743986|0.60226|9|3|2.75203|0|3.87232|14|13|13|0|13|3|0.560147|0|29.0975|1|1.39816|0.0531572|0.0531572|0|1|INTO_SUPPLY|20.32|0.457185|0|2.01972e+06|2025-07-21|2026-05-08
prod|cohort|EIKN|2026-05-11|65||0|10.53|9.96|5.72289|8.80998|0.768443|0.689696|0.844066|0|0|0|0||9|9|9|0|9|3|0.247927|0|79.7325|0|3.62404|0|0|0|0|IFFY_AT_FIRST_ZONE|17.4|0.572414|0|1.97215e+06|2026-02-05|2026-05-08
prod|cohort|ELA|2026-05-11|203||0|25.65|24.62|4.18359|6.05803|0|0|0.003599|3|3|0|0||0|0|0|0|0|0||1|100|0|7.28497|1.44512|1.44512|1|0|CLEAR_AIR|25.09|0.981267|1|1.01656e+06|2025-07-21|2026-05-08
prod|cohort|FORM|2026-05-11|203||0|156.07|147.87|5.54541|6.73881|0.00188913|0.00500264|0.0311122|26|8|0|0||2|2|2|1|1|1|0.287147|0|44.8552|0|2.15333|0.0587679|0.0587679|0|0|INTO_SUPPLY|159.09|0.929474|0|2.7483e+08|2025-07-21|2026-05-08
prod|cohort|FOXA|2026-05-11|203||0|65.2|62.94|3.59072|2.26169|0.277291|0.0159788|0.399684|9|1|0.108503|0|1.12571|11|10|10|2|8|4|0.0678141|0|47.9675|0|2.34552|0|0|0|0|IFFY_AT_FIRST_ZONE|76.39|0.82393|0|1.49405e+08|2025-07-21|2026-05-08
prod|cohort|GLIBK|2026-05-11|203||0|28.38|26.26|8.07312|4.50442|0.973243|0.91503|0.992021|1|0|0|0||15|13|13|0|13|0|5.13942|0|100|0|6.77356|0|0|0|0|CLEARED_NOTHING|41.175|0.637766|0|1.32783e+07|2025-07-21|2026-05-08
prod|cohort|GSIT|2026-05-11|203||0|9.29|8.45|9.94083|8.86754|0.556267|0.0414794|0.621661|7|1|0|0||8|7|7|5|2|1|0.995393|0|62.97|0|3.49515|0|0|0|0|INTO_SUPPLY|18.15|0.465565|0|6.47552e+06|2025-07-21|2026-05-08
prod|cohort|HIMX|2026-05-11|203||0|19.06|17.79|7.13884|7.63449|0.00339822|0.0057069|0.0248113|20|3|0|0||0|0|0|0|0|0||1|100|0|7.71953|2.49657|2.56718|1|0|CLEAR_AIR|19.3|0.921762|0|3.4535e+07|2025-07-21|2026-05-08
prod|cohort|HLIT|2026-05-11|203||0|13.02|12.81|1.63934|3.75988|0|0|0.00114693|8|1|0|0||0|0|0|0|0|0||1|68.9851|0|6.38514|0|0|0|0|CLEAR_AIR|12.88|0.994565|1|9.33535e+06|2025-07-21|2026-05-08
prod|cohort|HTCO|2026-05-11|203||0|7.02|5.84|20.2055|41.2567|0.90913|0.913144|0.980362|8|0|0|0||29|27|27|0|27|16|0.328014|0|15.9271|1|9.94085|0.247771|0.247771|0|1|INTO_SUPPLY|56.59|0.103198|0|2.93945e+06|2025-07-21|2026-05-08
prod|cohort|HYMC|2026-05-11|203||0|39.94|38.44|3.90219|6.93918|0.278047|0.460431|0.329608|22|7|0|0||10|7|7|0|7|2|0.627817|0|79.8829|0|3.68968|0.159979|0.159979|0|0|INTO_SUPPLY|58.7299|0.654522|0|6.86695e+07|2025-07-21|2026-05-08
prod|cohort|INBX|2026-05-11|203||0|150|134.35|11.6487|9.84563|0.00462725|0.0134376|0.0286935|9|4|0|0||2|1|1|1|0|0||1|59.0897|0|4.71333|1.74434|1.74434|1|0|CLEAR_AIR|155.29|0.865156|0|5.21525e+07|2025-07-21|2026-05-08
prod|cohort|INOD|2026-05-11|203||0|83.4|84.89|-1.75521|7.22947|0.0733453|0.108712|0.060668|16|2|0|0||2|2|2|0|2|1|1.05483|0|100|0|13.6201|7.52228|7.52228|1|0|CLEARED_NOTHING|93.85|0.904529|0|4.58128e+07|2025-07-21|2026-05-08
prod|cohort|INV|2026-05-11|203||0|7.19|7|2.71429|10.7382|0.00450877|0.0109066|0.0100314|3|1|0|0||2|2|2|0|2|2|0.169284|0|69.474|0|1.7886|0|0|0|0|IFFY_AT_FIRST_ZONE|7.45|0.939597|0|1.06085e+07|2025-07-21|2026-05-08
prod|cohort|ISPC|2026-05-11|203||0|5.21|5.12|1.75781|17.0646|0.902806|0.834193|0.918003|9|2|1.07079|0|26.8124|28|22|22|0|22|0|1.65342|0|22.242|1|2.4395|0.480513|0.480513|0|1|CLEARED_NOTHING|127.2|0.0402516|0|3.02124e+06|2025-07-21|2026-05-08
prod|cohort|IX|2026-05-11|203||0|38.56|33.73|14.3196|1.64337|0|0|0.148935|68|12|0|0||4|3|2|2|0|0||1|64.7964|0|6.9|1.98985|3.98452|1|0|CLEAR_AIR|37.04|0.910637|1|7.42394e+06|2025-07-21|2026-05-08
prod|cohort|KGS|2026-05-11|203||0|73.63|69.65|5.71429|3.06742|0|0|0.0123214|8|5|0|0||1|1|1|1|0|0||1|94.2206|0|4.10437|0.0943544|0.0943544|0|0|CLEAR_AIR|71.92|0.968437|1|7.6746e+07|2025-07-21|2026-05-08
prod|cohort|KOD|2026-05-11|203||0|42.76|41.01|4.26725|7.38607|0.0738912|0.212684|0.111914|6|4|0|0||6|5|5|0|5|4|0.487607|0|74.4029|0|1.66667|0|0|0|0|INTO_SUPPLY|47.8417|0.857202|0|2.72486e+07|2025-07-21|2026-05-08
prod|cohort|LASR|2026-05-11|203||0|75.46|73.91|2.09715|7.39458|0.0176037|0.0389622|0.0231106|14|2|0|0||3|3|3|2|1|1|0.862015|0|100|0|2.06147|0.122112|0.150919|0|0|INTO_SUPPLY|86.95|0.850029|0|6.7387e+07|2025-07-21|2026-05-08
prod|cohort|LCUT|2026-05-11|203||0|6.49|5.91|9.81387|10.4892|0.161359|0.222462|0.197502|1|0|0|0||2|2|2|0|2|1|1.4249|0|100|0|2.34456|0|0|0|0|CLEARED_NOTHING|8.199|0.72082|0|695659|2025-07-21|2026-05-08
prod|cohort|LITE|2026-05-11|203||0|949.715|903.8|5.08022|7.4631|0.0207479|0.0531284|0.0435624|21|7|0|0||3|3|3|1|2|2|0.145108|0|73.4336|0|3.05025|0|0|0|0|IFFY_AT_FIRST_ZONE|1021|0.885211|0|4.83626e+09|2025-07-21|2026-05-08
prod|cohort|LQDA|2026-05-11|203||0|44.1|42.3|4.25532|4.73958|0.0102024|0|0.0336371|5|1|0|0||1|1|1|0|1|1|1.22957|0|67.4377|0|3.34684|0|0|0|0|CLEARED_NOTHING|46.67|0.906364|0|3.0955e+07|2025-07-21|2026-05-08
prod|cohort|MNDY|2026-05-11|203||0|85.51|72.07|18.6485|5.46984|0.58185|0|0.836443|21|10|9.63709|1|5.14617|22|20|20|5|15|0|10.1534|0|62.1246|0|3.39933|0.572562|1.67177|0|0|INTO_SUPPLY|296.935|0.242713|0|1.03986e+08|2025-07-21|2026-05-08
prod|cohort|MNTS|2026-05-11|203||0|5.89|5.46|7.87546|19.3507|0.766384|0.321875|0.814837|12|0|0|0||21|15|15|0|15|2|0.219345|0|39.99|0|2.05903|0|0|0|0|IFFY_AT_FIRST_ZONE|43.554|0.125362|0|1.09693e+07|2025-07-21|2026-05-08
prod|cohort|MRAM|2026-05-11|203||0|36.102|26.99|33.7607|9.91593|0|0|0.00463725|16|2|0|0||0|0|0|0|0|0||1|77.7107|0|10.4288|2.34733|2.34733|1|0|CLEAR_AIR|27.63|0.976837|1|9.25065e+06|2025-07-21|2026-05-08
prod|cohort|MRNA|2026-05-11|203||0|58.08|54.35|6.86293|6.18557|0.00277751|0.012127|0.0427411|16|2|0|0||6|6|6|5|1|1|0.409177|0|100|0|3.39599|0|0|0|0|INTO_SUPPLY|59.55|0.912678|0|2.79899e+08|2025-07-21|2026-05-08
prod|cohort|MTUS|2026-05-11|203||0|18.53|18.45|0.433604|3.636|0.220517|0.22101|0.230805|6|2|0.742115|0|2.0334|8|7|7|0|7|2|0.979592|0|56.9082|0|1.51498|0|0|0|0|INTO_SUPPLY|21.73|0.849057|0|4.9409e+06|2025-07-21|2026-05-08
prod|cohort|MU|2026-05-11|203||0|792.98|746.81|6.1823|5.75614|0|0|5.63266e-05|37|13|0|0||0|0|0|0|0|0||1|76.9445|0|9.99857|0.381872|0.896083|0|0|CLEAR_AIR|747.21|0.999465|1|1.99378e+10|2025-07-21|2026-05-08
prod|cohort|NBTX|2026-05-11|203||0|48.89|45.49|7.47417|5.62456|0|0|9.83191e-05|44|14|0|0||0|0|0|0|0|0||1|100|0|7.77773|1.51867|3.64377|2|0|CLEAR_AIR|45.595|0.997697|1|2.66226e+06|2025-07-21|2026-05-08
prod|cohort|NESR|2026-05-11|203||0|23.33|23.1|0.995671|4.68601|0.21459|0.444012|0.235211|12|4|0.150927|0|2.12669|5|4|4|0|4|1|1.39036|0|65.9957|0|1.68081|0|0|0|0|CLEARED_NOTHING|26.85|0.860335|0|3.78358e+07|2025-07-21|2026-05-08
prod|cohort|NVEC|2026-05-11|203||0|99.98|90.21|10.8303|5.59588|0|0|0.00575927|9|1|0|0||0|0|0|0|0|0||1|100|0|2.70245|0|0|0|0|CLEAR_AIR|95.245|0.947136|1|7.07676e+06|2025-07-21|2026-05-08
prod|cohort|NVRI|2026-05-11|203||0|19.26|19.26|0|2.17289|0.094546|0.309712|0.094546|7|1|0|0||4|4|4|0|4|3|0.38232|0|45.0715|0|1.26054|0|0|0|0|INTO_SUPPLY|19.985|0.963723|0|1.51844e+07|2025-07-21|2026-05-08
prod|cohort|NVTS|2026-05-11|203||0|18.13|18.2|-0.384615|12.0343|0.0148212|0.0561198|0.0135382|20|4|0|0||1|1|1|0|1|1|0.76083|0|44.7484|0|2.64531|0.484724|0.484724|0|0|INTO_SUPPLY|19.79|0.919656|0|5.40127e+08|2025-07-21|2026-05-08
prod|cohort|OPLN|2026-05-11|92||0|37.78|37.89|-0.290314|3.23984|0.0150567|0.0212497|0.0122323|6|1|0|0||0|0|0|0|0|0||1|83.7747|0|6.49856|0|0|0|0|CLEAR_AIR|38.49|0.984412|0|1.58638e+07|2025-12-26|2026-05-08
prod|cohort|P|2026-05-11|16||1|82.88|78.16|6.03889|3.94053|0|0|0.0304309|0|0|0|0||0|0|0|0|0|0||1|72.8468|0|3.60858|0|0|0|0|CLEAR_AIR|79.385|0.984569|1|1.69056e+08|2026-04-17|2026-05-08
prod|cohort|POET|2026-05-11|203||0|12.09|10.95|10.411|15.8422|0.0499397|0.0898424|0.0918435|16|5|0.193179|1|0.130527|1|0|0|0|0|0||1|23.0502|1|5.82565|0.827701|0.995499|0|1|INTO_SUPPLY|15.5|0.706452|0|4.33303e+08|2025-07-21|2026-05-08
prod|cohort|PRTH|2026-05-11|203||0|6.09|5.62|8.36299|3.95633|0.419938|0|0.630079|7|2|0.664065|0|1.74317|20|17|16|6|10|3|0|0|62.3725|0|2.28483|0|0|0|0|IFFY_AT_FIRST_ZONE|8.5942|0.653929|0|814488|2025-07-21|2026-05-08
prod|cohort|QCOM|2026-05-11|203||0|232.005|219.09|5.89484|5.69699|0|0|0.0105464|14|4|0|0||0|0|0|0|0|0||1|99.5004|0|9.57996|0.86357|1.66316|0|0|CLEAR_AIR|228.05|0.96071|1|3.53778e+09|2025-07-21|2026-05-08
prod|cohort|RDNT|2026-05-11|203||0|63.45|58.19|9.03935|5.01732|0.701038|0.309598|0.849658|7|1|0.0345533|0|2.36219|22|20|20|3|17|3|0.015706|0|64.4156|0|1.08024|0|0|0|0|IFFY_AT_FIRST_ZONE|85.84|0.677889|0|4.13921e+07|2025-07-21|2026-05-08
prod|cohort|RXT|2026-05-11|203||0|5.63|5.49|2.55009|15.2386|0.0115326|0.0125715|0.0158963|6|3|0|0||0|0|0|0|0|0||1|100|0|16.9041|2.45725|2.45725|1|0|CLEAR_AIR|6|0.915|0|1.00212e+07|2025-07-21|2026-05-08
prod|cohort|SMX|2026-05-11|203||0|52.555|50.728|3.60156|24.5073|0.979414|0.971355|0.993956|23|6|2071.61|0|8.01898|23|12|12|0|12|0|2.69344|0|89.9471|0|9.36524|0.220996|0.313733|0|0|CLEARED_NOTHING|452191|0.000112183|0|6.22921e+06|2025-07-21|2026-05-08
prod|cohort|STRZ|2026-05-11|203||0|22.025|19.79|11.2936|6.93163|0.00255052|0.00700528|0.027864|3|1|0|0||1|1|1|1|0|0||1|75.1897|0|2.04676|0|0|0|0|CLEAR_AIR|22.81|0.867602|0|2.49792e+06|2025-07-21|2026-05-08
prod|cohort|TH|2026-05-11|203||0|16.285|15.33|6.22962|3.6444|0|0|0.0436991|12|2|0|0||2|2|2|2|0|0||1|30.439|0|3.55142|0.638527|0.656639|0|0|CLEAR_AIR|16.12|0.950993|1|1.62403e+07|2025-07-21|2026-05-08
prod|cohort|TOYO|2026-05-11|203||0|12.09|11.25|7.46667|7.48314|0.122861|0.222641|0.233871|7|2|0|0||2|2|2|0|2|1|0.78478|0|31.2864|0|3.40117|0.0552152|0.0552152|0|0|INTO_SUPPLY|14.33|0.785066|0|2.83502e+06|2025-07-21|2026-05-08
prod|cohort|UGRO|2026-05-11|203||0|6.28|5.99|4.8414|14.8182|0.614935|0.571302|0.649546|9|2|0.300886|0|1.85905|23|18|18|0|18|1|1.04236|0|39.4357|0|4.79625|0.220486|0.220486|0|0|CLEARED_NOTHING|37|0.161892|0|1.47599e+06|2025-07-21|2026-05-08
prod|cohort|UP|2026-05-11|203||0|6.21|6.01|3.32779|15.0692|0.984884|0.775784|0.987654|6|0|0|0||22|21|21|0|21|0|2.55398|0|41.6928|0|3.47362|0|0|0|0|CLEARED_NOTHING|70|0.0858571|0|1.16966e+06|2025-07-21|2026-05-08
prod|cohort|URGN|2026-05-11|203||0|30.46|29.4|3.60544|7.07307|0|0|0.00377893|4|2|0|0||1|1|1|1|0|0||1|100|0|3.75141|0.159513|0.159513|0|0|CLEAR_AIR|30.45|0.965517|1|1.77679e+07|2025-07-21|2026-05-08
prod|cohort|VCX|2026-05-11|36||0|236|190.99|23.5667|14.5318|0.182805|0.182805|0.250721|4|2|0|0||1|0|0|0|0|0||1|100|0|8.32058|0.119684|0.228856|0|0|CLEAR_AIR|575|0.332157|0|2.8651e+07|2026-03-19|2026-05-08
prod|cohort|VICR|2026-05-11|203||0|280.01|256.47|9.17846|8.35275|0.00600943|0.0138082|0.0656084|17|3|0|0||4|3|3|2|1|1|0.0414733|0|38.8603|0|2.54386|0.0171597|0.0171597|0|0|IFFY_AT_FIRST_ZONE|293.95|0.872495|0|2.00529e+08|2025-07-21|2026-05-08
prod|cohort|WATT|2026-05-11|203||0|28.31|27.6|2.57246|12.8231|0.0699318|0.126206|0.0813797|5|2|0|0||1|1|1|0|1|0|2.38826|0|34.9004|0|3.33299|0|0|0|0|CLEARED_NOTHING|36.9799|0.746351|0|1.17931e+07|2025-07-21|2026-05-08
prod|cohort|WOLF|2026-05-11|203||0|49|46.6|5.15021|13.5056|0.00119453|0.0131443|0.00477304|14|3|0|0||0|0|0|0|0|0||1|66.0163|0|5.46527|0|0|0|0|CLEAR_AIR|50.9881|0.913939|0|1.50172e+08|2025-07-21|2026-05-08
prod|cohort|WYFI|2026-05-11|190||0|23.49|21.25|10.5412|7.99487|0.237563|0|0.305183|17|1|0|0||9|9|9|2|7|2|0.223643|0|57.9263|0|4.65764|0.0326793|0.0326793|0|0|IFFY_AT_FIRST_ZONE|40.75|0.521472|0|1.34039e+07|2025-08-07|2026-05-08
prod|cohort|WYY|2026-05-11|203||0|8.12|7.94|2.267|9.98717|0.0895537|0.300932|0.0964736|3|1|0|0||1|0|0|0|0|0||1|76.9336|0|7.80181|0.0209913|0.0209913|0|0|CLEAR_AIR|10.49|0.756911|0|317432|2025-07-21|2026-05-08
prod|cohort|AMBQ|2026-05-12|197||0|53.14|45.67|16.3565|5.89943|0|0|0.0673598|6|1|0|0||0|0|0|0|0|0||1|100|0|4.9387|0|0|0|0|CLEAR_AIR|51.7623|0.882302|1|1.14262e+07|2025-07-30|2026-05-11
prod|cohort|ARMK|2026-05-12|204||0|50.92|44.56|14.2729|2.05421|0|0|0.085073|9|0|0|0||3|3|3|3|0|0||1|39.3603|0|1.84999|0.155958|0.155958|0|0|CLEAR_AIR|46.88|0.950512|1|1.14201e+08|2025-07-21|2026-05-11
prod|cohort|ARVN|2026-05-12|204||0|9.83|9.66|1.75983|5.0661|0.491044|0.986428|0.532364|9|1|0|0||22|17|17|0|17|2|0.695184|0|54.8805|0|2.14847|0.144856|0.144856|0|0|INTO_SUPPLY|14.51|0.665748|0|6.807e+06|2025-07-21|2026-05-11
prod|cohort|AVEX|2026-05-12|17||1|25.77|24.41|5.57149|13.5685|0.779657|0.779657|0.899351|2|1|0.0629184|0|0.540526|0|0|0|0|0|0||1|49.4351|0|3.01749|0.0581358|0.0581358|0|0|CLEARED_NOTHING|42.34|0.576523|0|4.44126e+07|2026-04-17|2026-05-11
prod|cohort|BODI|2026-05-12|204||0|13.32|12.58|5.88235|9.80974|0.0525133|0.263519|0.0598616|3|2|0|0||3|2|2|0|2|0|1.50766|0|52.8264|0|2.36451|0|0|0|0|CLEARED_NOTHING|16.87|0.745702|0|1.18615e+06|2025-07-21|2026-05-11
prod|cohort|BRUN|2026-05-12|1|history_too_thin(1d)|1|21.7||||||||||||||||||||||||||||23.7||0||2026-05-11|2026-05-11
prod|cohort|CDNL|2026-05-12|104||0|63.01|60.37|4.37303|8.66275|0|0|0.00110195|4|3|0|0||0|0|0|0|0|0||1|53.9955|0|3.33366|0|0|0|0|CLEAR_AIR|60.8|0.992928|1|2.10553e+07|2025-12-10|2026-05-11
prod|cohort|DSP|2026-05-12|204||0|11.98|10.59|13.1256|6.69906|0.164921|0.144145|0.431616|8|0|0|0||16|10|10|0|10|7|0.274127|0|94.8137|0|2.58946|0|0|0|0|INTO_SUPPLY|15.18|0.697628|0|1.97157e+06|2025-07-21|2026-05-11
prod|cohort|ELTX|2026-05-12|204||0|12.01|11.61|3.44531|8.28252|0.131371|0.318256|0.212129|1|0|0|0||7|6|6|1|5|3|0.412172|0|100|0|2.54477|0|0|0|0|INTO_SUPPLY|14.93|0.777629|0|1.09618e+06|2025-07-21|2026-05-11
prod|cohort|ENHA|2026-05-12|2|history_too_thin(2d)|1|7.01||||||||||||||||||||||||||||10.17||0||2026-05-08|2026-05-11
prod|cohort|FCEL|2026-05-12|204||0|16.41|15.94|2.94856|12.5325|0.0022424|0.00656054|0.00469341|9|2|0|0||0|0|0|0|0|0||1|54.9224|0|4.01766|0.521782|0.521782|0|0|CLEAR_AIR|16.84|0.946556|0|1.11879e+08|2025-07-21|2026-05-11
prod|cohort|GDOT|2026-05-12|204||0|12.94|12.42|4.1868|1.60906|0.303973|0|0.449468|8|0|0|0||14|11|11|2|9|2|0.144084|0|37.9874|0|2.50194|0|0|0|0|IFFY_AT_FIRST_ZONE|15.4099|0.805975|0|4.05557e+06|2025-07-21|2026-05-11
prod|cohort|HLIO|2026-05-12|204||0|74.63|68.02|9.71773|2.91704|0.0175461|0.0467738|0.197424|10|1|0|0||9|6|6|3|3|3|0.381261|0|63.2881|0|2.17723|0.275565|0.275565|0|0|INTO_SUPPLY|76.47|0.889499|0|1.61365e+07|2025-07-21|2026-05-11
prod|cohort|HLIT|2026-05-12|204||0|14.55|12.83|13.4061|3.77716|0|0|0.00994546|8|1|0|0||0|0|0|0|0|0||1|57.4971|0|6.06861|0|0|0|0|CLEAR_AIR|13.0901|0.98013|1|1.03984e+07|2025-07-21|2026-05-11
prod|cohort|HPK|2026-05-12|204||0|6.1|5.97|2.17755|6.11935|0.464518|0.438183|0.492585|10|3|1.0547|1|0.826992|17|17|17|1|16|2|0|0|100|0|3.58782|0.556673|0.873986|0|0|IFFY_AT_FIRST_ZONE|10.41|0.573487|0|5.07112e+06|2025-07-21|2026-05-11
prod|cohort|HTCO|2026-05-12|204||0|8.8|7.05|24.8227|42.0572|0.685471|0.707221|0.891568|8|0|0|0||30|27|27|7|20|19|0.0139691|0|17.3698|1|10.4671|0.243055|0.243055|0|1|IFFY_AT_FIRST_ZONE|56.59|0.12458|0|3.49245e+06|2025-07-21|2026-05-11
prod|cohort|IPWR|2026-05-12|204||0|5.79|5.75|0.695652|15.8899|0.0235373|0.00864523|0.0272658|3|0|0|0||4|4|4|1|3|3|0.0217385|0|55.9677|0|3.95992|0|0|0|0|IFFY_AT_FIRST_ZONE|6.9|0.833333|0|973772|2025-07-21|2026-05-11
prod|cohort|MNTS|2026-05-12|204||0|5.85|5.62|4.09253|19.3896|0.771956|0.376891|0.800567|12|0|0|0||21|15|15|0|15|2|0.255666|0|72.7171|0|1.91388|0|0|0|0|INTO_SUPPLY|43.554|0.129035|0|1.09693e+07|2025-07-21|2026-05-11
prod|cohort|MTEX|2026-05-12|195||0|5.12|5.09|0.589391|6.76734|0.966248|0.802673|0.968121|31|0|0|0||23|20|20|0|20|0|2.1974|0|100|0|4.10641|0.63589|1.49491|0|0|CLEARED_NOTHING|12.454|0.408704|0|20817.6|2025-07-21|2026-05-11
prod|cohort|MWH|2026-05-12|62||0|46|44.83|2.60986|5.31573|0|0|0.00653295|1|1|0|0||1|1|1|1|0|0||1|44.9425|0|5.2484|0|0|0|0|CLEAR_AIR|45.485|0.9856|1|3.19257e+07|2026-02-11|2026-05-11
prod|cohort|ODTX|2026-05-12|2|history_too_thin(2d)|1|17.61||||||||||||||||||||||||||||20.3||0||2026-05-08|2026-05-11
prod|cohort|PACS|2026-05-12|204||0|38.6|31.9|21.0031|4.28786|0.108112|0.141551|0.443361|13|5|0.145005|0|0.145005|13|13|13|9|4|0|1.87902|0|54.2644|0|2.77721|0.165572|0.165572|0|0|LADDER_CLIMBING|43.08|0.740483|0|2.49429e+07|2025-07-21|2026-05-11
prod|cohort|QBTS|2026-05-12|204||0|22.42|24.03|-6.69996|8.29447|0.537879|0.0510034|0.482331|13|2|0|0||13|12|12|0|12|2|0.871145|0|64.8396|0|3.4833|0|0|0|0|INTO_SUPPLY|46.75|0.514011|0|5.84211e+08|2025-07-21|2026-05-11
prod|cohort|QUBT|2026-05-12|204||0|12.7|10.18|24.7544|7.78674|0.571363|0|0.794726|12|2|0.222466|0|2.41679|21|16|15|5|10|3|0.374147|0|73.2938|0|2.97517|0|0|0|0|INTO_SUPPLY|25.84|0.393963|0|1.43897e+08|2025-07-21|2026-05-11
prod|cohort|RAL|2026-05-12|204||0|58.88|49.56|18.8055|3.13433|0|0|0.203613|6|3|0|0||2|0|0|0|0|0||1|79.8529|0|4.16058|0|0|0|0|CLEAR_AIR|57.02|0.869169|1|4.67731e+07|2025-07-21|2026-05-11
prod|cohort|RIGL|2026-05-12|204||0|27.97|26.2|6.75573|4.4684|0.875476|0.683514|0.94421|10|2|0.0480073|0|1.9523|24|23|23|1|22|4|0.208031|0|28.3015|1|4.75752|0.0439386|0.0439386|0|1|IFFY_AT_FIRST_ZONE|52.24|0.501531|0|9.36667e+06|2025-07-21|2026-05-11
prod|cohort|SE|2026-05-12|204||0|94.71|84.87|11.5942|3.75995|0.758554|0.204229|0.902001|21|5|3.09355|0|0.362252|26|23|23|5|18|1|0.362252|0|71.3546|0|2.1186|0.226535|0.254869|0|0|INTO_SUPPLY|199.3|0.42584|0|3.12983e+08|2025-07-21|2026-05-11
prod|cohort|SGHC|2026-05-12|204||0|13.42|13.18|1.82094|4.33211|0.0343109|0.00234074|0.0855937|4|1|0|0||3|2|2|0|2|2|0.111805|0|36.5192|0|1.79219|0|0|0|0|IFFY_AT_FIRST_ZONE|14.38|0.916551|0|4.20545e+07|2025-07-21|2026-05-11
prod|cohort|SIBN|2026-05-12|204||0|12.63|11.61|8.78553|5.4118|0.945861|0.849501|0.997715|6|0|0|0||24|16|16|0|16|1|1.06772|0|47.8851|0|3.17571|0.0373749|0.0373749|0|0|CLEARED_NOTHING|21.89|0.530379|0|7.1688e+06|2025-07-21|2026-05-11
prod|cohort|SWMR|2026-05-12|39||0|35.71|33.24|7.43081|9.7429|0.732147|0.732147|0.8022|1|0|0|0||3|1|1|0|1|0|2.26489|0|80.944|0|4.40478|0.0950385|0.0950385|0|0|CLEARED_NOTHING|68.97|0.481949|0|1.71511e+07|2026-03-17|2026-05-11
prod|cohort|TE|2026-05-12|204||0|6.5|6.04|7.61589|8.39429|0.40442|0.299302|0.481339|7|1|0|0||10|9|9|0|9|3|0.348222|0|79.6365|0|3.07429|0|0|0|0|INTO_SUPPLY|9.78|0.617587|0|7.20272e+07|2025-07-21|2026-05-11
prod|cohort|TME|2026-05-12|204||0|9.6|9.19|4.46137|2.96308|0.847855|0.630762|0.955785|26|6|10.6695|0|11.9526|22|19|19|0|19|1|0.509745|0|65.6909|0|2.37409|0.108169|0.108169|0|0|INTO_SUPPLY|26.7|0.344195|0|7.00219e+07|2025-07-21|2026-05-11
prod|cohort|VCX|2026-05-12|37||0|259|276|-6.15942|15.2078|0.171426|0.171426|0.14577|5|3|0|0||1|0|0|0|0|0||1|100|0|13.7249|0.774653|0.993335|0|0|CLEAR_AIR|575|0.48|0|3.0614e+07|2026-03-19|2026-05-11
prod|cohort|VG|2026-05-12|204||0|12.58|11.62|8.26162|5.27714|0.446719|0.60109|0.575773|18|4|2.1164|1|3.08798|13|7|7|0|7|0|1.85279|0|38.743|0|3.6065|0.764099|0.866901|0|0|INTO_SUPPLY|17.62|0.659478|0|2.25974e+08|2025-07-21|2026-05-11
prod|cohort|VPG|2026-05-12|204||0|83.94|66.6|26.036|5.08721|0|0|0.0122359|12|3|0|0||0|0|0|0|0|0||1|54.6505|0|4.18473|0|0|0|0|CLEAR_AIR|68.86|0.96718|1|1.50748e+07|2025-07-21|2026-05-11
prod|cohort|VSTS|2026-05-12|204||0|11.78|9.3|26.6667|3.90588|0|0|0.0461487|5|1|0|0||4|4|4|4|0|0||1|18.8164|1|3.15683|0|0|0|1|CLEAR_AIR|10.38|0.895954|1|1.01656e+07|2025-07-21|2026-05-11
prod|cohort|WEN|2026-05-12|204||0|7.61|6.76|12.574|3.91513|0.692811|0.14015|0.963417|5|0|0|0||22|16|16|2|14|0|2.48371|0|100|0|2.81331|0.147004|0.147004|0|0|LADDER_CLIMBING|12|0.563333|0|5.58832e+07|2025-07-21|2026-05-11
prod|cohort|ZBRA|2026-05-12|204||0|248.94|216.96|14.74|3.36853|0.550597|0.0881606|0.889444|18|1|0.703586|0|6.49446|18|15|15|5|10|1|1.08996|0|59.9497|0|2.76492|0|0|0|0|LADDER_CLIMBING|352.66|0.61521|0|1.76127e+08|2025-07-21|2026-05-11
prod|cohort|AIP|2026-05-13|205||0|35.43|32.43|9.25069|5.92604|0|0|0.00492715|18|9|0|0||0|0|0|0|0|0||1|61.5093|0|5.1644|0.0350946|0.0350946|0|0|CLEAR_AIR|33.46|0.969217|1|2.04418e+07|2025-07-21|2026-05-12
prod|cohort|BRUN|2026-05-13|2|history_too_thin(2d)|1|20.72||||||||||||||||||||||||||||23.7||0||2026-05-11|2026-05-12
prod|cohort|BRUNW|2026-05-13|2|history_too_thin(2d)|1|9.94||||||||||||||||||||||||||||11.5||0||2026-05-11|2026-05-12
prod|cohort|COHR|2026-05-13|205||0|401.575|374.01|7.37012|6.92298|0|0|0.00325567|27|5|0|0||0|0|0|0|0|0||1|74.6905|0|3.26239|0|0|0|0|CLEAR_AIR|384.85|0.971833|1|1.97652e+09|2025-07-21|2026-05-12
prod|cohort|DXYZ|2026-05-13|205||0|59|53.4|10.4869|7.94249|0.0479907|0.0981704|0.0770092|28|4|0|0||0|0|0|0|0|0||1|100|0|15.253|0.807084|0.825594|0|0|CLEAR_AIR|71.24|0.749579|0|6.04e+07|2025-07-21|2026-05-12
prod|cohort|EDSA|2026-05-13|205||0|13.69|13.27|3.16503|17.1992|0.0246229|0.0268169|0.0260227|5|1|0|0||2|2|2|0|2|0|1.74979|0|39.7553|0|4.37399|0.139195|0.179238|0|0|CLEARED_NOTHING|20.32|0.653051|0|4.65138e+06|2025-07-21|2026-05-12
prod|cohort|ENHA|2026-05-13|3|history_too_thin(3d)|1|6.3||||||||||||||||||||||||||||10.17||0||2026-05-08|2026-05-12
prod|cohort|EOSE|2026-05-13|205||0|9.97|8.1|23.0864|9.13925|0.53103|0.0557131|0.565524|13|2|1.28404|1|7.71524|16|13|13|0|13|0|2.0413|0|100|0|3.75974|0.213946|0.251437|0|0|INTO_SUPPLY|19.86|0.407855|0|1.43425e+08|2025-07-21|2026-05-12
prod|cohort|ERNA|2026-05-13|205||0|14.37|12.01|19.6503|15.5496|0.133235|0.0338186|0.180217|13|3|0.390473|0|0.675775|18|12|12|0|12|0|7.55436|0|100|0|11.1646|1.09472|1.61388|1|0|CLEARED_NOTHING|71.4975|0.167978|0|186060|2025-07-21|2026-05-12
prod|cohort|FCEL|2026-05-13|205||0|17.665|17.09|3.36454|12.8206|0|0|0.000451586|9|2|0|0||0|0|0|0|0|0||1|69.7273|0|4.28998|0.510058|0.510058|0|0|CLEAR_AIR|17.14|0.997083|1|1.24528e+08|2025-07-21|2026-05-12
prod|cohort|GLBE|2026-05-13|205||0|28.71|30.23|-5.02812|4.82934|0.996361|0.987964|0.960395|5|1|0.0649115|0|6.51279|20|19|19|0|19|0|2.85611|0|80.6302|0|2.00749|0|0|0|0|CLEARED_NOTHING|41.94|0.720792|0|4.04064e+07|2025-07-21|2026-05-12
prod|cohort|HIMX|2026-05-13|205||0|20.65|19.11|8.05861|8.48554|0.012516|0.0205772|0.0420003|20|3|0|0||0|0|0|0|0|0||1|100|0|9.47459|2.24618|2.30971|1|0|CLEAR_AIR|21.8|0.876606|0|3.6259e+07|2025-07-21|2026-05-12
prod|cohort|HTLD|2026-05-13|205||0|12.31|12.34|-0.243112|3.8655|0.0575316|0.250125|0.0570696|9|2|0|0||2|2|2|0|2|0|1.97544|0|48.1316|0|3.95096|0.172196|0.236763|0|0|CLEARED_NOTHING|13.92|0.886494|0|5.4088e+06|2025-07-21|2026-05-12
prod|cohort|IPWR|2026-05-13|205||0|5.57|5.45|2.20183|16.4384|0.0626476|0.0427795|0.0850445|3|0|0|0||8|4|4|0|4|4|0.229352|0|57.4352|0|2.7702|0|0|0|0|IFFY_AT_FIRST_ZONE|6.9|0.789855|0|1.05361e+06|2025-07-21|2026-05-12
prod|cohort|MRAM|2026-05-13|205||0|50.21|44.01|14.0877|11.7268|0|0|0.0146215|17|3|0|0||0|0|0|0|0|0||1|100|0|14.2761|1.98485|3.89003|2|0|CLEAR_AIR|44.67|0.985225|1|1.54845e+07|2025-07-21|2026-05-12
prod|cohort|MTUS|2026-05-13|205||0|17.7|17.62|0.45403|3.6485|0.344707|0.309579|0.363611|7|3|0.898134|0|0.650373|13|8|8|0|8|1|1.06847|0|39.9352|0|2.526|0.119753|0.119753|0|0|CLEARED_NOTHING|21.73|0.810861|0|5.07671e+06|2025-07-21|2026-05-12
prod|cohort|NBIS|2026-05-13|205||0|203.845|179.11|13.8099|7.90714|0|0|0.0186834|19|4|0|0||1|1|1|1|0|0||1|44.8795|0|4.79689|0.302888|0.302888|0|0|CLEAR_AIR|197.89|0.905099|1|2.2313e+09|2025-07-21|2026-05-12
prod|cohort|NVTS|2026-05-13|205||0|20.81|19.25|8.1039|13.373|0.00899659|0.0329548|0.0182686|20|4|0|0||1|0|0|0|0|0||1|87.0098|0|3.2268|0|0|0|0|CLEAR_AIR|23.82|0.808144|0|6.00134e+08|2025-07-21|2026-05-12
prod|cohort|NXT|2026-05-13|205||0|149.23|125.37|19.0317|6.40011|0|0|0.0330683|17|2|0|0||2|2|2|2|0|0||1|46.6197|0|1.54304|0|0|0|0|CLEAR_AIR|134.32|0.933368|1|2.10477e+08|2025-07-21|2026-05-12
prod|cohort|PENG|2026-05-13|205||0|51.105|44.13|15.8056|7.0174|0|0|0.0137171|16|5|0|0||0|0|0|0|0|0||1|91.1352|0|7.59498|0.133692|0.133692|0|0|CLEAR_AIR|46.75|0.943957|1|5.84552e+07|2025-07-21|2026-05-12
prod|cohort|PSFE|2026-05-13|205||0|9.9|8.69|13.9241|4.28654|0.29155|0|0.342569|14|3|0.860103|1|5.32557|13|9|9|3|6|0|2.14437|0|59.6093|0|2.19353|0|0|0|0|INTO_SUPPLY|15.02|0.578562|0|2.29349e+06|2025-07-21|2026-05-12
prod|cohort|PSNL|2026-05-13|205||0|6.82|6.04|12.9139|7.65902|0.613079|0.415363|0.766889|10|1|0|0||20|19|19|4|15|3|0.112378|0|53.5611|0|2.81047|0|0|0|0|IFFY_AT_FIRST_ZONE|11.5|0.525217|0|1.12153e+07|2025-07-21|2026-05-12
prod|cohort|QS|2026-05-13|205||0|8.69|8.42|3.20665|9.11092|0.750475|0.0442091|0.781109|10|3|0.0389017|0|2.08402|20|18|18|1|17|4|0.985174|0|49.5093|0|2.37885|0|0|0|0|INTO_SUPPLY|19.0699|0.441534|0|1.38527e+08|2025-07-21|2026-05-12
prod|cohort|REA|2026-05-13|5|history_too_thin(5d)|1|30||||||||||||||||||||||||||||28.5||1|3.06271e+07|2026-05-06|2026-05-12
prod|cohort|SLS|2026-05-13|205||0|6.315|5.22|20.977|5.53174|0|0|0.0839436|7|3|0|0||6|5|5|5|0|0||1|47.4564|0|2.8968|0.506656|0.915738|0|0|CLEAR_AIR|6.14|0.850163|1|1.86853e+07|2025-07-21|2026-05-12
prod|cohort|TSEM|2026-05-13|205||0|253.95|220.83|14.998|6.56688|0|0|0.0228857|24|11|0|0||2|2|2|2|0|0||1|52.7099|0|2.54954|0.00962674|0.0262904|0|0|CLEAR_AIR|232.67|0.949112|1|5.03191e+08|2025-07-21|2026-05-12
prod|cohort|VELO|2026-05-13|184||0|16.74|14.06|19.0612|11.7271|0.0829802|0.0154514|0.287136|6|2|0|0||10|8|8|6|2|1|0.667306|0|62.3431|0|3.21181|0.132772|0.132772|0|0|INTO_SUPPLY|23.84|0.589765|0|2.57826e+07|2025-08-19|2026-05-12
prod|cohort|VNET|2026-05-13|205||0|11.05|9.02|22.5055|4.54083|0.167355|0.189854|0.603467|31|3|1.69403|0|3.20869|17|15|15|8|7|3|0.44842|0|76.523|0|2.29192|0.423507|0.660173|0|0|INTO_SUPPLY|14.48|0.622928|0|4.56035e+07|2025-07-21|2026-05-12
prod|cohort|VSH|2026-05-13|205||0|36.39|33.63|8.20696|4.79106|0|0|0.0333595|15|2|0|0||0|0|0|0|0|0||1|64.4844|0|5.70846|0.0141124|0.0141124|0|0|CLEAR_AIR|35.34|0.951613|1|1.04968e+08|2025-07-21|2026-05-12
prod|cohort|WOLF|2026-05-13|205||0|66.63|53.72|24.032|14.0081|0|0|0.000378443|14|3|0|0||0|0|0|0|0|0||1|51.291|0|5.57949|0|0|0|0|CLEAR_AIR|53.98|0.995183|1|2.02542e+08|2025-07-21|2026-05-12
prod|cohort|WYFI|2026-05-13|192||0|27.5|26.09|5.40437|9.04259|0.16439|0.0214294|0.200033|18|2|0|0||5|5|5|0|5|1|0.816339|0|100|0|7.51971|0.653639|0.682532|0|0|INTO_SUPPLY|40.75|0.640245|0|1.36119e+07|2025-08-07|2026-05-12
prod|cohort|ABSI|2026-05-14|206||0|5.74|5.3|8.30189|10.7322|0.0172709|0.0641854|0.0402755|12|2|0.00811649|0|0.016233|2|1|1|0|1|1|0.803533|0|54.5337|0|3.53371|0.00806032|0.00806032|0|0|INTO_SUPPLY|6.72|0.78869|0|2.33508e+07|2025-07-21|2026-05-13
prod|cohort|ARX|2026-05-14|203||0|13.89|12.53|10.854|5.85739|0.553341|0.0851445|0.801688|4|2|0.540812|0|17.8345|18|12|12|2|10|5|0.0184368|0|36.861|0|2.50913|0|0|0|0|IFFY_AT_FIRST_ZONE|31.18|0.40186|0|1.57095e+07|2025-07-24|2026-05-13
prod|cohort|AVAH|2026-05-14|206||0|7.175|6.77|5.98227|4.23273|0.671034|0.190176|0.769091|7|2|0.246955|0|9.31845|22|19|19|3|16|4|0.0164637|0|87.8232|0|1.6748|0|0|0|0|IFFY_AT_FIRST_ZONE|10.32|0.656008|0|7.10549e+06|2025-07-21|2026-05-13
prod|cohort|BIIB|2026-05-14|206||0|200.25|204.53|-2.0926|2.7654|0.00629323|0.0219878|0.000792244|11|2|0|0||0|0|0|0|0|0||1|65.0384|0|4.55835|0.069289|0.069289|0|0|CLEAR_AIR|205.97|0.993009|0|1.98324e+08|2025-07-21|2026-05-13
prod|cohort|BRUN|2026-05-14|3|history_too_thin(3d)|1|23||||||||||||||||||||||||||||23.7||0||2026-05-11|2026-05-13
prod|cohort|BRUNW|2026-05-14|3|history_too_thin(3d)|1|10.91||||||||||||||||||||||||||||11.5||0||2026-05-11|2026-05-13
prod|cohort|CCM|2026-05-14|186||0|5.31|5.35|-0.747664|8.14787|0.554006|0.307441|0.526099|30|3|0|0||13|10|10|0|10|5|0.531605|0|68.106|0|4.88395|0.223148|0.657091|0|0|INTO_SUPPLY|10.77|0.49675|0|11437.8|2025-07-21|2026-05-13
prod|cohort|CPA|2026-05-14|206||0|126.89|114.92|10.4159|3.39472|0.250695|0.203325|0.78476|19|5|0.596626|0|2.27043|23|14|14|5|9|7|0.141612|0|44.8185|0|3.02552|1.0916|1.153|1|0|IFFY_AT_FIRST_ZONE|156.41|0.734736|0|3.98909e+07|2025-07-21|2026-05-13
prod|cohort|CRMD|2026-05-14|206||0|8.545|7.5|13.9333|3.84128|0.70626|0|0.82032|14|3|4.6765|0|2.64443|16|11|11|3|8|0|9.64242|0|55.8913|0|2.44697|0.157882|0.157882|0|0|LADDER_CLIMBING|14.96|0.501337|0|7.19455e+06|2025-07-21|2026-05-13
prod|cohort|CSCO|2026-05-14|206||0|117.55|101.87|15.3922|2.45679|0|0|0.000462254|14|2|0|0||0|0|0|0|0|0||1|59.069|0|6.65171|0.181081|0.304119|0|0|CLEAR_AIR|102.01|0.998628|1|1.61939e+09|2025-07-21|2026-05-13
prod|cohort|DDS|2026-05-14|206||0|588|532.92|10.3355|3.49778|0.665706|0.553108|0.860261|10|2|0.890264|0|5.63039|17|16|16|3|13|2|0.805176|0|71.1361|0|3.58404|0.0501105|0.0501105|0|0|INTO_SUPPLY|741.975|0.718245|0|4.68884e+07|2025-07-21|2026-05-13
prod|cohort|DERM|2026-05-14|206||0|6.19|5.19|19.2678|5.63781|0.746021|0.332531|0.831957|3|1|1.31813|1||25|24|24|5|19|0|2.9228|0|76.6162|0|0.89548|0|0|0|0|INTO_SUPPLY|9.555|0.543171|0|802426|2025-07-21|2026-05-13
prod|cohort|DNLI|2026-05-14|206||0|19.97|19.8|0.858586|4.8475|0.232384|0.538581|0.257192|7|0|0|0||8|8|8|0|8|4|0.480349|0|41.9762|0|2.21853|0|0|0|0|INTO_SUPPLY|23.77|0.832983|0|2.80807e+07|2025-07-21|2026-05-13
prod|cohort|FENC|2026-05-14|206||0|7.2|6.77|6.35155|5.34036|0.7541|0.37493|0.8078|4|1|0.0520148|0|0.390111|24|22|22|0|22|2|0.156044|0|56.5547|0|2.54465|0|0|0|0|IFFY_AT_FIRST_ZONE|9.92|0.68246|0|875353|2025-07-21|2026-05-13
prod|cohort|FHN|2026-05-14|206||0|23.72|23.43|1.23773|2.17695|0.265049|0.538315|0.287721|10|2|0|0||10|7|7|0|7|1|0.75527|0|82.0125|0|3.05991|0.0185375|0.0185375|0|0|INTO_SUPPLY|26.56|0.882154|0|8.68811e+07|2025-07-21|2026-05-13
prod|cohort|FPS|2026-05-14|68||0|50.01|45.52|9.8638|6.25431|0|0|0.00405598|4|1|0|0||0|0|0|0|0|0||1|54.0026|0|4.39103|0.0324421|0.0324421|0|0|CLEAR_AIR|46.1|0.987419|1|1.63717e+08|2026-02-05|2026-05-13
prod|cohort|GO|2026-05-14|206||0|9.11|7.74|17.7003|4.91811|0.669195|0.095711|0.750647|7|4|0.535667|0|10.0884|22|21|21|3|18|0|1.8302|0|80.9222|0|1.69656|0|0|0|0|LADDER_CLIMBING|19.41|0.398764|0|2.01693e+07|2025-07-21|2026-05-13
prod|cohort|GOOS|2026-05-14|206||0|11.1|10.68|3.93258|2.76891|0.898165|0.636494|0.976413|15|1|0|0||22|15|15|1|14|1|0.195218|0|99.2016|0|4.21345|0.59877|0.761306|0|0|IFFY_AT_FIRST_ZONE|15.425|0.692382|0|4.54696e+06|2025-07-21|2026-05-13
prod|cohort|HTCO|2026-05-14|206||0|8.37|7.25|15.4483|44.2465|0.73505|0.748402|0.890627|8|0|0|0||29|11|11|0|11|9|0.81276|0|27.6312|1|9.96274|0.231029|0.231029|0|1|INTO_SUPPLY|56.59|0.128115|0|4.34704e+06|2025-07-21|2026-05-13
prod|cohort|INV|2026-05-14|206||0|7.16|7.15|0.13986|11.1098|0.0155059|0.0369363|0.0159669|3|1|0|0||3|3|3|0|3|3|0.202021|0|45.6808|0|1.37631|0|0|0|0|IFFY_AT_FIRST_ZONE|7.6256|0.937631|0|1.47711e+07|2025-07-21|2026-05-13
prod|cohort|IPST|2026-05-14|162||0|7.27|5.8|25.3448|20.4512|0.631785|0.616673|0.928478|2|0|0|0||23|18|18|3|15|1|0.236319|0|19.1994|1|1.64471|0|0|0|1|IFFY_AT_FIRST_ZONE|532|0.0109023|0|249240|2025-09-22|2026-05-13
prod|cohort|JLHL|2026-05-14|206||0|18.01|17|5.94118|39.7777|0.0199672|0.0597382|0.0251624|7|0|0|0||2|1|1|0|1|1|1.32469|0|46.7938|0|1.94066|0|0|0|0|CLEARED_NOTHING|27.5|0.618182|0|846876|2025-07-21|2026-05-13
prod|cohort|KLAR|2026-05-14|170||0|15.48|13.69|13.0752|4.50326|0.533572|0.102641|0.80956|9|2|3.37826|0|1.85768|20|18|18|4|14|2|0.0286901|0|74.8417|0|2.23161|0.135598|0.135598|0|0|IFFY_AT_FIRST_ZONE|57.2|0.239336|0|5.75094e+07|2025-09-10|2026-05-13
prod|cohort|KPTI|2026-05-14|206||0|9.525|8.85|7.62712|6.54462|0.0416209|0.0607373|0.151035|4|0|0|0||8|4|4|1|3|3|0.136354|0|59.9982|0|1.9165|0.0338796|0.0338796|0|0|IFFY_AT_FIRST_ZONE|10.99|0.805278|0|2.38745e+06|2025-07-21|2026-05-13
prod|cohort|LGN|2026-05-14|168||0|104.375|100|4.375|5.27989|0|0|0.0110113|5|2|0|0||1|1|1|1|0|0||1|65.6795|0|4.53137|0.238296|0.238296|0|0|CLEAR_AIR|102.635|0.974326|1|1.30267e+08|2025-09-12|2026-05-13
prod|cohort|LICN|2026-05-14|205||0|8.9904|8.33|7.92797|14.7266|0.0019624|0.00802238|0.0114039|20|2|0|0||0|0|0|0|0|0||1|55.2135|0|5.90152|0.131309|0.177036|0|0|CLEAR_AIR|9.4936|0.877433|0|188601|2025-07-21|2026-05-13
prod|cohort|MOVE|2026-05-14|206||0|19|19.25|-1.2987|10.1716|0.0165117|0.00485935|0.0158548|8|3|0|0||1|0|0|0|0|0||1|100|0|4.00678|0|0|0|0|CLEAR_AIR|25.6775|0.749684|0|684791|2025-07-21|2026-05-13
prod|cohort|MTC|2026-05-14|206||0|5.55|5.27|5.31309|17.3997|0.00623441|0.77142|0.0067734|0|0|0|0||5|3|3|0|3|0|2.39209|0|68.8221|0|2.00817|0|0|0|0|CLEARED_NOTHING|9.095|0.579439|0|555139|2025-07-21|2026-05-13
prod|cohort|MTSI|2026-05-14|206||0|400|381.55|4.83554|4.82409|0|0|0.00114904|7|3|0|0||0|0|0|0|0|0||1|56.3847|0|8.23856|0.226222|0.304936|0|0|CLEAR_AIR|384.58|0.992121|1|3.16992e+08|2025-07-21|2026-05-13
prod|cohort|NVMI|2026-05-14|206||0|518.76|503.65|3.0001|3.95454|0.0352644|0.127307|0.0653383|29|6|0|0||4|4|4|1|3|2|0.942743|0|84.8207|0|2.53906|0.212334|0.444597|0|0|INTO_SUPPLY|550|0.915727|0|1.64651e+08|2025-07-21|2026-05-13
prod|cohort|OCC|2026-05-14|206||0|11.8|11.5|2.6087|11.7236|0.053416|0.114601|0.0773191|8|1|0|0||4|4|3|0|3|2|0.115659|0|44.8303|0|3.02568|0|0|0|0|IFFY_AT_FIRST_ZONE|13.95|0.824373|0|2.85613e+06|2025-07-21|2026-05-13
prod|cohort|ONDS|2026-05-14|206||0|9.99|8.86|12.754|7.38497|0.384682|0.639606|0.563644|9|1|0|0||18|17|17|4|13|5|0.515074|0|55.5631|0|2.98216|0|0|0|0|INTO_SUPPLY|15.28|0.579843|0|4.91326e+08|2025-07-21|2026-05-13
prod|cohort|PCT|2026-05-14|206||0|11.565|10.2|13.3824|7.07995|0.279507|0|0.379134|6|2|0|0||14|14|14|3|11|2|0.688694|0|54.8821|0|5.76468|1.53237|1.53237|1|0|INTO_SUPPLY|17.28|0.590278|0|2.50459e+07|2025-07-21|2026-05-13
prod|cohort|PLGO|2026-05-14|2|history_too_thin(2d)|1|20.77||||||||||||||||||||||||||||20.74||1||2026-05-12|2026-05-13
prod|cohort|POET|2026-05-14|206||0|17.41|14.37|21.1552|16.5987|0|0|0.0229705|16|3|0|0||1|1|1|1|0|0||1|32.7335|0|5.3454|0.789978|0.82082|0|0|CLEAR_AIR|15.5|0.927097|1|6.20242e+08|2025-07-21|2026-05-13
prod|cohort|SHAZ|2026-05-14|60||0|58|55.03|5.39706|10.7705|0.00994853|0.00994853|0.0322306|2|0|0|0||1|0|0|0|0|0||1|53.7824|0|2.60977|0|0|0|0|CLEAR_AIR|59.76|0.92085|0|1.62771e+07|2026-02-18|2026-05-13
prod|cohort|SPCB|2026-05-14|206||0|12.18|11.32|7.59717|7.73127|0.0478136|0|0.128407|2|0|0|0||5|5|5|3|2|2|0.0743361|0|52.4738|0|3.83683|0|0|0|0|IFFY_AT_FIRST_ZONE|13.5674|0.834353|0|683471|2025-07-21|2026-05-13
prod|cohort|STAA|2026-05-14|206||0|35.77|29.4|21.6667|4.36746|0|0|0.00600218|6|2|0|0||1|0|0|0|0|0||1|72.161|0|3.83996|0|0|0|0|CLEAR_AIR|30.81|0.954236|1|1.93263e+07|2025-07-21|2026-05-13
prod|cohort|STUB|2026-05-14|165||0|8.9|7.52|18.3511|5.45537|0.683153|0.151135|0.799211|6|3|5.0339|0|0.815402|16|15|14|2|12|0|3.26531|0|76.0728|0|1.79134|0.0880069|0.0880069|0|0|LADDER_CLIMBING|27.89|0.269631|0|2.09368e+07|2025-09-17|2026-05-13
prod|cohort|TRT|2026-05-14|203||0|12|10.74|11.7318|18.1377|0.640404|0.730502|0.819065|13|2|0|0||3|2|2|0|2|1|0.854574|0|19.3968|1|2.52515|1.52853|1.52853|1|0|INTO_SUPPLY|19.1|0.562304|0|8.37898e+06|2025-07-21|2026-05-13
prod|cohort|ULBI|2026-05-14|206||0|6.07|5.875|3.31915|6.43932|0.743278|0.66407|0.808769|6|3|0.869861|0|0.767525|17|12|12|0|12|2|0.460515|0|66.5484|0|4.44834|1.08046|1.14217|1|0|INTO_SUPPLY|9.52|0.617122|0|164233|2025-07-21|2026-05-13
prod|cohort|UMC|2026-05-14|206||0|16.86|15.92|5.90452|3.92377|0|0|0.00720636|51|21|0|0||0|0|0|0|0|0||1|27.9075|1|8.58629|0.96248|3.13206|0|1|CLEAR_AIR|16.3|0.976687|1|1.92619e+08|2025-07-21|2026-05-13
prod|cohort|VIK|2026-05-14|206||0|89.905|82.17|9.41341|3.50875|0|0|0.0487671|21|2|0|0||2|2|2|2|0|0||1|36.2261|0|2.62622|0.486572|0.876663|0|0|CLEAR_AIR|87|0.944483|1|2.15661e+08|2025-07-21|2026-05-13
prod|cohort|VSNT|2026-05-14|90||0|43.25|40.44|6.94857|3.0729|0.0456323|0|0.17553|3|0|0|0||3|3|3|3|0|0||1|50.6637|0|2.13789|0.0315617|0.0315617|0|0|CLEAR_AIR|45.65|0.885871|0|7.39596e+07|2026-01-05|2026-05-13
prod|cohort|WWW|2026-05-14|206||0|16.88|15.53|8.69285|4.04392|0.77303|0.556601|0.949133|14|3|0.922923|0|4.07258|27|22|22|3|19|4|0.542034|0|62.3753|0|3.21281|0.124817|0.140082|0|0|INTO_SUPPLY|32.8|0.473476|0|1.62596e+07|2025-07-21|2026-05-13
prod|cohort|WYFI|2026-05-14|193||0|25.52|27.03|-5.58639|9.38587|0.219076|0.108033|0.177556|18|2|0|0||6|6|6|0|6|1|1.45286|0|100|0|6.98062|0.629733|0.657569|0|0|CLEARED_NOTHING|40.75|0.663313|0|1.36119e+07|2025-08-07|2026-05-13
prod|cohort|YETI|2026-05-14|206||0|44.11|38.33|15.0796|3.96692|0.206615|0.162085|0.45173|7|2|0.102868|0|0.182877|17|10|10|3|7|3|0.0514342|0|60.0871|0|2.78119|0.349324|0.349324|0|0|IFFY_AT_FIRST_ZONE|51.29|0.747319|0|5.28962e+07|2025-07-21|2026-05-13
prod|cohort|AERO|2026-05-15|130||0|14.85|14.95|-0.668896|5.15881|0.78803|0.566415|0.778274|3|0|0|0||13|8|8|0|8|0|2.53236|0|48.1822|0|2.02904|0.0245838|0.0245838|0|0|CLEARED_NOTHING|23.05|0.64859|0|4.24507e+06|2025-11-06|2026-05-14
prod|cohort|ARTV|2026-05-15|207||0|10.6|10.68|-0.749064|13.2883|0.0457451|0.485639|0.0438362|5|1|0|0||2|1|1|0|1|0|1.70387|0|34.9906|0|2.69018|0|0|0|0|CLEARED_NOTHING|14.53|0.735031|0|3.28493e+06|2025-07-21|2026-05-14
prod|cohort|BRUN|2026-05-15|4|history_too_thin(4d)|1|27.35||||||||||||||||||||||||||||26.215||1||2026-05-11|2026-05-14
prod|cohort|BRUNW|2026-05-15|4|history_too_thin(4d)|1|15.98||||||||||||||||||||||||||||14.53||1||2026-05-11|2026-05-14
prod|cohort|CNSP|2026-05-15|207||0|5.04|5.01|0.598802|14.6668|0.979356|0.980942|0.979463|6|2|0|0||16|14|14|0|14|0|1.87363|0|44.6506|0|6.89222|14.6033|14.6207|1|0|CLEARED_NOTHING|10.588|0.473177|0|136690|2025-07-21|2026-05-14
prod|cohort|FIG|2026-05-15|199||0|22.28|20.24|10.0791|6.39008|0.737193|0.43126|0.837367|12|2|0.0667271|0|14.7748|24|21|21|3|18|1|0.61108|0|43.9339|0|3.0828|0.365068|0.590524|0|0|INTO_SUPPLY|142.92|0.141618|0|2.66481e+08|2025-07-31|2026-05-14
prod|cohort|GEMI|2026-05-15|169||0|6.745|5.26|28.2319|6.80891|0.778216|0.205011|0.850026|14|4|2.51535|1|4.01711|16|14|14|2|12|0|2.84152|0|58.8289|0|3.46295|0|0|0|0|INTO_SUPPLY|45.89|0.114622|0|7.10514e+06|2025-09-12|2026-05-14
prod|cohort|GENB|2026-05-15|54||0|15.25|15.47|-1.42211|7.31836|0.0397077|0.0397077|0.0279805|0|0|0|0||1|0|0|0|0|0||1|53.5764|0|3.8412|0|0|0|0|CLEAR_AIR|16.7484|0.92367|0|4.30623e+06|2026-02-27|2026-05-14
prod|cohort|GLOB|2026-05-15|207||0|37.45|34.08|9.8885|5.37625|0.973143|0.908242|0.985513|11|6|5.03872|0|1.46021|23|16|16|0|16|0|2.40885|0|73.9532|0|4.62032|0.229183|0.358507|0|0|CLEARED_NOTHING|94.35|0.361208|0|6.09198e+07|2025-07-21|2026-05-14
prod|cohort|GPGI|2026-05-15|78||0|12.68|12.42|2.0934|6.89701|0.966671|0.962415|0.983342|6|2|3.02444|0|2.20687|8|8|8|0|8|0|5.62581|0|34.8663|0|5.13487|1.74387|1.74387|1|0|CLEARED_NOTHING|25.93|0.478982|0|5.23989e+07|2026-01-23|2026-05-14
prod|cohort|INKT|2026-05-15|207||0|11.09|10.51|5.51855|6.6896|0.936205|0.919452|0.966225|9|0|0|0||24|23|23|0|23|6|0.525694|0|60.8025|0|2.25765|0|0|0|0|INTO_SUPPLY|22.34|0.470457|0|333906|2025-07-21|2026-05-14
prod|cohort|LIXT|2026-05-15|207||0|5.44|5.04|7.93651|10.3893|0.0628478|0.00826297|0.1585|3|1|0|0||7|5|5|0|5|5|0.159242|0|37.7762|0|4.09075|0.0379946|0.0379946|0|0|IFFY_AT_FIRST_ZONE|6.26|0.805112|0|171983|2025-07-21|2026-05-14
prod|cohort|MICC|2026-05-15|109||0|16.975|15.02|13.016|2.22857|0.073925|0|0.64172|30|9|6.79304|0|0.723237|8|5|5|4|1|1|0.0132171|0|34.2732|0|6.37574|3.36711|4.29376|1|0|IFFY_AT_FIRST_ZONE|19.93|0.753638|0|1.58977e+07|2025-12-08|2026-05-14
prod|cohort|PESI|2026-05-15|207||0|9.2|9.155|0.491535|5.73912|0.94263|0.997613|0.94677|6|2|1.59091|0|5.05683|18|14|14|0|14|0|4.73486|0|87.7209|0|5.36952|1.13197|1.13197|1|0|CLEARED_NOTHING|16.4999|0.554852|0|1.90135e+06|2025-07-21|2026-05-14
prod|cohort|PZZA|2026-05-15|207||0|36.09|32.72|10.2995|4.72826|0.703674|0.220726|0.8883|7|0|0|0||32|29|29|5|24|6|0.00586019|0|63.1006|0|3.79024|0|0|0|0|IFFY_AT_FIRST_ZONE|55.74|0.587011|0|3.12878e+07|2025-07-21|2026-05-14
prod|cohort|TRST|2026-05-15|207||0|48.99|49.04|-0.101958|2.42029|0.00287063|0.00924763|0.00198553|5|0|0|0||1|1|1|0|1|1|0.185545|0|40.9303|0|2.5007|0|0|0|0|IFFY_AT_FIRST_ZONE|49.265|0.995433|0|3.96597e+06|2025-07-21|2026-05-14
prod|cohort|TRT|2026-05-15|204||0|14.9|14.02|6.27675|18.8368|0.202694|0.230286|0.316822|14|3|0|0||2|1|1|0|1|1|0.361422|0|42.296|0|2.43142|0.0197719|0.0197719|0|0|INTO_SUPPLY|19.1|0.734031|0|9.89394e+06|2025-07-21|2026-05-14
prod|cohort|TWFG|2026-05-15|207||0|17.69|17.69|0|5.45041|0.957355|0.919455|0.957355|3|0|0|0||26|24|24|0|24|2|1.38574|0|61.5247|0|2.12068|0|0|0|0|CLEARED_NOTHING|33.52|0.527745|0|4.15175e+06|2025-07-21|2026-05-14
prod|cohort|WYY|2026-05-15|207||0|10.09|8.98|12.3608|11.1425|0.0117364|0.0382363|0.0636846|3|1|0|0||1|0|0|0|0|0||1|36.9259|0|5.31221|0.0188148|0.0188148|0|0|CLEAR_AIR|10.49|0.856053|0|490523|2025-07-21|2026-05-14
prod|cohort|ASBP|2026-05-18|208||0|5.66|5.61|0.891266|20.7606|0.853053|0.75663|0.859043|12|6|67.7614|0|18.9575|26|22|22|0|22|1|1.18293|0|20.2318|1|2.21557|0.063441|0.114018|0|1|CLEARED_NOTHING|1050.36|0.00534103|0|1.45095e+06|2025-07-21|2026-05-15
prod|cohort|BIO|2026-05-18|208||0|274.72|247.53|10.9845|3.71543|0.642274|0.379205|0.954973|11|2|0.333104|0|1.96923|16|14|14|2|12|2|0.953264|0|31.5948|0|4.77122|0.850335|0.850335|0|0|INTO_SUPPLY|343.12|0.721409|0|9.15964e+07|2025-07-21|2026-05-15
prod|cohort|BRC|2026-05-18|208||0|77|70.96|8.51184|3.41184|0.734932|0.868467|0.955358|9|0|0|0||22|19|19|1|18|4|0.238855|0|92.0995|0|4.19233|0|0|0|0|IFFY_AT_FIRST_ZONE|99.285|0.71471|0|2.29301e+07|2025-07-21|2026-05-15
prod|cohort|CMPS|2026-05-18|208||0|11.635|10.37|12.1986|8.15662|0|0|0.0193194|6|2|0|0||0|0|0|0|0|0||1|88.8714|0|3.36856|0.0719636|0.0719636|0|0|CLEAR_AIR|11.275|0.919734|1|3.3631e+07|2025-07-21|2026-05-15
prod|cohort|CVV|2026-05-18|208||0|5.36|5.2|3.07692|13.4406|0.200372|0.243569|0.259954|5|1|1.34644|0|0.333141|3|1|1|0|1|0|4.29613|0|79.8411|0|3.03788|1.05357|1.34525|1|0|CLEARED_NOTHING|8.455|0.615021|0|1.52714e+06|2025-07-21|2026-05-15
prod|cohort|D|2026-05-18|208||0|68.64|61.73|11.1939|1.83171|0|0|0.311338|9|0|0|0||9|6|6|6|0|0||1|50.1883|0|2.51557|0|0|0|0|CLEAR_AIR|67.5699|0.913572|1|2.82209e+08|2025-07-21|2026-05-15
prod|cohort|DSGN|2026-05-18|208||0|15.76|14.37|9.67293|7.70874|0.0214522|0.059286|0.0775723|3|1|0|0||2|1|1|0|1|1|0.36217|0|27.6115|1|2.71852|0|0|0|1|INTO_SUPPLY|17.25|0.833043|0|6.58577e+06|2025-07-21|2026-05-15
prod|cohort|DXYZ|2026-05-18|208||0|53.8|47.62|12.9777|9.80114|0.0853087|0.165863|0.140853|29|5|0|0||1|0|0|0|0|0||1|68.5847|0|10.5129|0.654032|0.753079|0|0|CLEAR_AIR|71.24|0.668445|0|8.3517e+07|2025-07-21|2026-05-15
prod|cohort|FLY|2026-05-18|195||0|43.31|40.43|7.12342|10.6996|0.118409|0.0487448|0.161854|14|2|0.638759|0|2.96937|5|3|3|0|3|3|0.310748|0|51.9425|0|2.93775|0|0|0|0|INTO_SUPPLY|73.8|0.547832|0|2.07161e+08|2025-08-07|2026-05-15
prod|cohort|GHRS|2026-05-18|208||0|23.135|21.39|8.15802|7.93369|0.00696157|0.0351403|0.0358796|4|2|0|0||2|1|1|1|0|0||1|78.4743|0|1.9428|0|0|0|0|CLEAR_AIR|24.6599|0.8674|0|4.23636e+06|2025-07-21|2026-05-15
prod|cohort|HCAI|2026-05-18|208||0|9.04|5.54|63.1769|24.5763|0.905932|0.909958|0.98855|10|1|0.283567|0|0.00900213|29|21|21|3|18|4|0.384391|0|48.7156|0|4.7304|3.01267|3.46319|1|0|INTO_SUPPLY|28.797|0.192381|0|929069|2025-07-21|2026-05-15
prod|cohort|JLHL|2026-05-18|208||0|25.18|23.26|8.25451|30.2374|0.00360745|0.0107737|0.00601217|7|0|0|0||1|1|1|0|1|1|0.30471|0|61.6961|0|2.50618|0|0|0|0|INTO_SUPPLY|30.8528|0.753902|0|846876|2025-07-21|2026-05-15
prod|cohort|LAKE|2026-05-18|208||0|10.045|9.53|5.40399|6.32022|0.443301|0.302462|0.519988|6|2|4.7254|0|2.78011|20|8|8|0|8|2|0.685183|0|67.6963|0|2.4674|0|0|0|0|INTO_SUPPLY|17.9977|0.529512|0|811900|2025-07-21|2026-05-15
prod|cohort|LICN|2026-05-18|207||0|7.36|7.08|3.9548|15.692|0.0384251|0.146378|0.0432798|20|2|0|0||2|1|1|0|1|0|1.84739|0|47.1742|0|5.53844|0.123231|0.166145|0|0|CLEARED_NOTHING|9.4936|0.745766|0|216892|2025-07-21|2026-05-15
prod|cohort|MNTS|2026-05-18|208||0|5.82|5.45|6.78899|16.9817|0.762238|0.38178|0.817763|12|0|0|0||22|17|17|0|17|3|0.323777|0|43.8035|0|2.18526|0|0|0|0|INTO_SUPPLY|43.554|0.125132|0|1.09381e+07|2025-07-21|2026-05-15
prod|cohort|POET|2026-05-18|208||0|17.02|15.97|6.57483|18.2303|0.0656775|0.107045|0.073704|17|4|0|0||0|0|0|0|0|0||1|56.0893|0|7.99903|1.00623|1.7255|1|0|CLEAR_AIR|20.81|0.76742|0|6.84545e+08|2025-07-21|2026-05-15
prod|cohort|PRAA|2026-05-18|208||0|15.05|15.16|-0.725594|6.08283|0.709192|0.83908|0.695238|10|3|0|0||18|8|8|0|8|2|0.333163|0|85.1041|0|5.81451|0|0|0|0|INTO_SUPPLY|22.55|0.672284|0|8.45432e+06|2025-07-21|2026-05-15
prod|cohort|QNTM|2026-05-18|208||0|7.45|6.81|9.39794|14.5565|0.32878|0|0.361265|6|2|0.0922116|0|1.69669|16|11|11|1|10|2|0.0461058|0|64.5758|0|3.10165|0|0|0|0|IFFY_AT_FIRST_ZONE|31.9141|0.213385|0|1.19669e+06|2025-07-21|2026-05-15
prod|cohort|RAMP|2026-05-18|208||0|37.8|29.66|27.4444|3.14196|0|0|0.136941|17|2|0|0||9|9|9|9|0|0||1|60.3378|0|1.92209|0.217771|0.266092|0|0|CLEAR_AIR|33.85|0.876219|1|1.43429e+07|2025-07-21|2026-05-15
prod|cohort|RDW|2026-05-18|208||0|15.39|14.06|9.45946|10.2425|0.00755403|0|0.0308798|12|2|0.0190317|0|1.21803|3|3|3|2|1|1|0.215693|0|70.5223|0|5.70744|0.076675|0.076675|0|0|IFFY_AT_FIRST_ZONE|20.33|0.691589|0|2.81495e+08|2025-07-21|2026-05-15
prod|cohort|SHAZ|2026-05-18|62||0|60.05|53.93|11.348|10.3964|0.00444916|0.00461063|0.103123|2|0|0|0||1|1|1|1|0|0||1|45.7114|0|2.4776|0|0|0|0|CLEAR_AIR|60.6529|0.889158|0|1.65842e+07|2026-02-18|2026-05-15
prod|cohort|TE|2026-05-18|208||0|6.7|5.67|18.1658|8.79868|0.352163|0.228962|0.515935|7|1|0|0||12|10|10|3|7|1|0.890567|0|66.3036|0|2.9109|0|0|0|0|INTO_SUPPLY|9.78|0.579755|0|7.20272e+07|2025-07-21|2026-05-15
prod|cohort|UP|2026-05-18|208||0|5.602|5.03|11.3718|14.5919|0.9838|0.778079|0.996836|6|0|0|0||23|22|22|0|22|1|1.42885|0|40.5547|0|1.96505|0|0|0|0|CLEARED_NOTHING|70|0.0718571|0|1.5657e+06|2025-07-21|2026-05-15
prod|cohort|VCX|2026-05-18|41||0|218.42|196.99|10.8787|16.1169|0.280511|0.280511|0.343437|6|3|0.153685|0|0.459623|2|1|1|0|1|0|2.60124|0|42.6175|0|8.49516|0.730958|1.07376|0|0|CLEARED_NOTHING|575|0.342591|0|5.14351e+07|2026-03-19|2026-05-15
prod|cohort|WOLF|2026-05-18|208||0|63.54|62.13|2.26944|14.7401|0.018713|0.152791|0.0222087|15|4|0|0||1|1|1|0|1|1|1.08906|0|85.7418|0|6.98105|0.583451|0.583451|0|0|CLEARED_NOTHING|73.74|0.842555|0|2.83556e+08|2025-07-21|2026-05-15
prod|cohort|YSS|2026-05-18|75||0|25.26|24.02|5.16236|12.6883|0.748581|0.718057|0.791805|2|1|0|0||9|7|7|0|7|1|1.15443|0|87.3384|0|3.15891|0|0|0|0|CLEARED_NOTHING|44.54|0.539291|0|7.16102e+07|2026-01-29|2026-05-15
prod|cohort|AGYS|2026-05-19|209||0|91.16|70.2|29.8575|4.63751|0.535553|0|0.820777|10|1|1.6629|0|2.32049|19|16|16|7|9|0|5.34352|0|54.8142|0|2.78977|0.342571|0.509266|0|0|LADDER_CLIMBING|145.25|0.483305|0|1.64884e+07|2025-07-21|2026-05-18
prod|cohort|BKKT|2026-05-19|209||0|9.93|8.72|13.8761|7.91473|0.727219|0.1666|0.910048|13|1|0|0||21|18|18|3|15|5|0.343413|0|74.2365|0|2.99855|0|0|0|0|INTO_SUPPLY|49.79|0.175136|0|9.62734e+06|2025-07-21|2026-05-18
prod|cohort|EDSA|2026-05-19|209||0|9.67|9|7.44444|19.2814|0.0512765|0.0570589|0.0569205|5|1|0|0||3|2|2|0|2|0|4.36575|0|78.3187|0|3.14812|0.124163|0.124163|0|0|CLEARED_NOTHING|20.32|0.442913|0|5.1483e+06|2025-07-21|2026-05-18
prod|cohort|ENHA|2026-05-19|7|history_too_thin(7d)|1|5.85||||||||||||||||||||||||||||10.17||0|2.02193e+06|2026-05-08|2026-05-18
prod|cohort|EVTC|2026-05-19|209||0|24.48|24.27|0.865266|5.00406|0.932828|0.796314|0.940483|8|2|0.228573|0|2.71022|21|14|14|0|14|1|0.383676|0|40.7207|0|5.75553|0.184509|0.214717|0|0|INTO_SUPPLY|37.71|0.643596|0|9.59513e+06|2025-07-21|2026-05-18
prod|cohort|PIII|2026-05-19|208||0|10.06|9.17|9.70556|12.8361|0.398841|0.418849|0.482186|13|3|0|0||4|1|1|0|1|1|0.960261|0|100|0|18.7083|1.18269|1.18269|1|0|INTO_SUPPLY|14.35|0.639024|0|27903.3|2025-07-21|2026-05-18
prod|cohort|PURR|2026-05-19|114||0|7.41|6.93|6.92641|7.42287|0|0|0.0393297|8|3|0|0||2|2|2|2|0|0||1|90.6661|0|2.70263|0|0|0|0|CLEAR_AIR|7.37|0.940299|1|3.97364e+07|2025-12-03|2026-05-18
prod|cohort|RLAY|2026-05-19|209||0|13|12.1|7.43802|6.43379|0.125128|0.343752|0.200682|4|1|0|0||5|5|5|1|4|2|0.430301|0|50.6518|0|1.35472|0|0|0|0|INTO_SUPPLY|17.32|0.698614|0|3.74766e+07|2025-07-21|2026-05-18
prod|cohort|STC|2026-05-19|209||0|68.58|68.76|-0.26178|3.11586|0.563906|0.236107|0.550339|12|3|0|0||12|11|11|0|11|2|0.664527|0|45.3362|0|2.24041|0|0|0|0|INTO_SUPPLY|78.61|0.874698|0|1.1164e+07|2025-07-21|2026-05-18
prod|cohort|WAVE|2026-05-19|209||0|9.99|9.5|5.15789|8.0267|0.00991009|0.04052|0.0488906|7|2|0|0||3|3|2|2|0|0||1|51.8498|0|3.97577|0.182892|0.182892|0|0|CLEAR_AIR|10.5|0.904762|0|150904|2025-07-21|2026-05-18
prod|cohort|BCAX|2026-05-20|210||0|20.21|20.03|0.898652|5.15497|0.146776|0.478615|0.154345|2|0|0|0||6|6|5|0|5|2|0.0383944|0|75.6831|0|4.0194|0|0|0|0|IFFY_AT_FIRST_ZONE|24.25|0.825979|0|8.56515e+06|2025-07-21|2026-05-19
prod|cohort|CAVA|2026-05-20|210||0|86.88|78.12|11.2135|4.53158|0.106694|0.284018|0.272218|16|4|0.284478|1||10|6|6|3|3|0|1.72973|0|39.6609|0|5.82375|0.362406|0.362406|0|0|INTO_SUPPLY|98.79|0.790768|0|2.37576e+08|2025-07-21|2026-05-19
prod|cohort|CBRS|2026-05-20|4|history_too_thin(4d)|1|317.525||||||||||||||||||||||||||||386.34||0||2026-05-14|2026-05-19
prod|cohort|CTEV|2026-05-20|210||0|18.07|16.2|11.5432|14.5244|0.762626|0.280776|0.852621|9|3|2.01177|0|0.723931|28|21|21|0|21|5|0.00381016|0|100|0|4.35799|1.0238|1.0238|1|0|IFFY_AT_FIRST_ZONE|74.0699|0.218712|0|2.61922e+06|2025-07-21|2026-05-19
prod|cohort|EMAT|2026-05-20|93||0|7.14|7|2|10.0271|0.902201|0.941078|0.933862|2|0|0|0||14|10|10|0|10|1|1.48295|0|64.777|0|3.34889|0|0|0|0|CLEARED_NOTHING|24.085|0.290637|0|907759|2026-01-06|2026-05-19
prod|cohort|IBRX|2026-05-20|210||0|8.42|7.76|8.50515|6.93496|0.177835|0.433325|0.288694|13|2|0.34251|0|2.02081|8|5|5|0|5|2|0.239757|0|60.0131|0|2.80433|0|0|0|0|IFFY_AT_FIRST_ZONE|12.43|0.624296|0|8.60613e+07|2025-07-21|2026-05-19
prod|cohort|IMVT|2026-05-20|210||0|30.44|26.29|15.7855|4.97346|0|0|0.256007|4|2|0|0||11|7|7|7|0|0||1|54.3815|0|2.13778|0|0|0|0|CLEAR_AIR|30.16|0.871684|1|3.55342e+07|2025-07-21|2026-05-19
prod|cohort|MOB|2026-05-20|210||0|5.58|5.33|4.69043|8.93759|0.753057|0.628441|0.80842|4|1|0|0||23|18|18|0|18|3|0.601543|0|39.5672|0|2.59578|0|0|0|0|INTO_SUPPLY|11.02|0.483666|0|1.10674e+06|2025-07-21|2026-05-19
prod|cohort|POET|2026-05-20|210||0|14.75|13.07|12.8539|18.1192|0.0941405|0.149571|0.174319|17|3|0|0||2|1|1|0|1|0|2.26748|0|79.3442|0|7.04116|1.0124|1.0124|1|0|CLEARED_NOTHING|20.81|0.628063|0|7.75517e+08|2025-07-21|2026-05-19
prod|cohort|QUIK|2026-05-20|210||0|19.2|17.92|7.14286|11.0274|0.089079|0.18649|0.160513|6|3|0|0||1|1|1|0|1|0|1.64836|0|46.3745|0|3.79731|0|0|0|0|CLEARED_NOTHING|22.69|0.789775|0|1.3675e+07|2025-07-21|2026-05-19
prod|cohort|RFIL|2026-05-20|210||0|16.81|16.36|2.75061|7.93946|0.0357451|0.0919301|0.0463242|4|1|0|0||1|1|1|0|1|0|1.64091|0|63.4983|0|4.09678|0|0|0|0|CLEARED_NOTHING|19|0.861053|0|2.5576e+06|2025-07-21|2026-05-19
prod|cohort|ROIV|2026-05-20|210||0|29.6|28.21|4.92733|3.17325|0.0160598|0.0690017|0.144884|8|2|0|0||9|6|6|1|5|5|0.0958178|0|66.3265|0|2.18552|0|0|0|0|IFFY_AT_FIRST_ZONE|30.33|0.930102|0|1.41362e+08|2025-07-21|2026-05-19
prod|cohort|SLS|2026-05-20|210||0|8.275|7.59|9.02503|7.09006|0|0|0.00232643|8|4|0|0||1|1|1|1|0|0||1|54.388|0|7.99698|1.0943|1.0943|1|0|CLEAR_AIR|7.8|0.973077|1|1.98736e+07|2025-07-21|2026-05-19
prod|cohort|SUGP|2026-05-20|208||0|22.05|26.6|-17.1053|8.55827|0.160816|0.441321|0.155816|19|1|0|0||9|9|9|0|9|0|4.67464|0|100|0|5.77421|1.75163|1.75163|1|0|CLEARED_NOTHING|48.5|0.548454|0|23969.9|2025-07-21|2026-05-19
prod|cohort|TATT|2026-05-20|210||0|37.94|32.69|16.06|4.25562|0.704509|0.708709|0.968738|18|2|0.997161|0|3.79665|26|16|16|3|13|2|0.195406|0|39.0695|0|3.05439|0|0|0|0|IFFY_AT_FIRST_ZONE|64.5|0.506822|0|5.23953e+06|2025-07-21|2026-05-19
prod|cohort|TE|2026-05-20|210||0|7.25|6.88|5.37791|9.37838|0.256396|0.118197|0.316708|8|2|0|0||9|8|8|2|6|1|0.750074|0|95.5253|0|4.1815|0.799241|0.799241|0|0|INTO_SUPPLY|9.78|0.703476|0|8.20126e+07|2025-07-21|2026-05-19
prod|cohort|AAP|2026-05-21|211||0|57.59|51.24|12.3927|4.70257|0.261262|0.12074|0.638521|9|0|0|0||17|11|11|3|8|4|0.118159|0|70.1635|0|4.98689|0.170128|0.170128|0|0|IFFY_AT_FIRST_ZONE|70|0.732|0|7.90328e+07|2025-07-21|2026-05-20
prod|cohort|AIAI|2026-05-21|5|history_too_thin(5d)|1|19.3||||||||||||||||||||||||||||16.85||1|3.76191e+06|2026-05-14|2026-05-20
prod|cohort|APLD|2026-05-21|211||0|42.37|39.52|7.21154|8.75889|0.0173434|0.0821007|0.0459005|25|3|0|0||6|5|4|2|2|2|0.506583|0|62.3396|0|3.64236|0.14545|0.16549|0|0|INTO_SUPPLY|47.79|0.826951|0|7.86965e+08|2025-07-21|2026-05-20
prod|cohort|ARQQ|2026-05-21|211||0|13.955|13.09|6.6081|7.06851|0.942264|0.702713|0.973622|13|0|0|0||22|22|22|0|22|3|0.0363946|0|52.4568|0|3.44839|0|0|0|0|IFFY_AT_FIRST_ZONE|62|0.211129|0|4.52372e+06|2025-07-21|2026-05-20
prod|cohort|BIRK|2026-05-21|211||0|36.74|33.21|10.6293|4.84677|0.883768|0.600608|0.975591|13|2|0.0561576|0|0.505419|23|19|19|0|19|0|1.71281|0|38.9983|0|4.63703|0.300497|0.354198|0|0|CLEARED_NOTHING|53.53|0.6204|0|7.27818e+07|2025-07-21|2026-05-20
prod|cohort|CRML|2026-05-21|211||0|11.36|10.75|5.67442|10.4981|0.607163|0.501626|0.661369|19|4|0.964294|0|3.76494|15|10|10|1|9|3|0.0754665|0|54.5399|0|3.25397|0|0|0|0|IFFY_AT_FIRST_ZONE|32.15|0.33437|0|1.53386e+08|2025-07-21|2026-05-20
prod|cohort|CTEV|2026-05-21|211||0|20.93|21.24|-1.45951|15.5686|0.719795|0.175581|0.714997|9|3|0.982045|0|0.343716|24|17|17|0|17|0|2.34463|0|95.4491|0|4.0657|0.955132|0.955132|0|0|CLEARED_NOTHING|74.0699|0.286756|0|2.90534e+06|2025-07-21|2026-05-20
prod|cohort|ENS|2026-05-21|211||0|232.785|214.56|8.49413|3.25415|0.0175913|0.0716408|0.0540214|16|3|0|0||2|2|2|0|2|2|0.737277|0|100|0|3.90261|0.0849008|0.0849008|0|0|INTO_SUPPLY|239.69|0.895156|0|7.23629e+07|2025-07-21|2026-05-20
prod|cohort|GFS|2026-05-21|211||0|78.07|70.79|10.2839|5.29068|0|0|0.0493114|22|7|0|0||1|1|1|1|0|0||1|56.0695|0|2.76479|0.515407|0.837189|0|0|CLEAR_AIR|76.98|0.91959|1|2.4904e+08|2025-07-21|2026-05-20
prod|cohort|HQ|2026-05-21|43||0|11.54|10.84|6.45756|10.0865|0.413379|0.413379|0.643409|2|0|0|0||6|4|4|0|4|4|0.124573|0|52.4053|0|2.63863|0|0|0|0|IFFY_AT_FIRST_ZONE|14.22|0.762307|0|1.26961e+06|2026-03-20|2026-05-20
prod|cohort|IMMX|2026-05-21|211||0|9.1|8.94|1.78971|7.58929|0.193089|0.641825|0.211247|3|0|0|0||8|4|4|0|4|0|1.85339|0|60.5897|0|2.48092|0.00234509|0.00234509|0|0|CLEARED_NOTHING|11.6099|0.770032|0|6.31891e+06|2025-07-21|2026-05-20
prod|cohort|INFQ|2026-05-21|66||0|13.5|11.18|20.7513|9.35342|0.405343|0.397084|0.850749|6|0|0|0||8|5|5|2|3|2|0.395973|0|64.8315|0|2.90789|0|0|0|0|INTO_SUPPLY|21.28|0.525376|0|1.01409e+08|2026-02-17|2026-05-20
prod|cohort|KVHI|2026-05-21|211||0|10.64|10.71|-0.653595|6.44171|0.0841974|0.17046|0.0746888|5|1|0|0||2|2|2|0|2|2|0.671143|0|46.9209|0|2.82655|0.115235|0.115235|0|0|INTO_SUPPLY|11.45|0.935371|0|1.39705e+06|2025-07-21|2026-05-20
prod|cohort|MLGO|2026-05-21|211||0|5.28|5.36|-1.49254|10.4566|0.631424|0.179351|0.621577|10|1|0.0522233|0|16.0544|19|16|16|0|16|1|0.851279|0|100|0|3.78354|0|0|0|0|INTO_SUPPLY|15.8|0.339241|0|378049|2025-07-21|2026-05-20
prod|cohort|NBIS|2026-05-21|211||0|211.74|191.82|10.3847|9.23035|0.0178591|0.060512|0.0414181|20|4|0|0||2|1|1|0|1|1|1.12513|0|56.0408|0|4.82719|0.567973|0.82744|0|0|CLEARED_NOTHING|233.73|0.820691|0|2.54058e+09|2025-07-21|2026-05-20
prod|cohort|PPHC|2026-05-21|79||0|10.8|10.89|-0.826446|6.21289|0.999695|0.999506|0.999147|1|0|0|0||12|7|7|0|7|0|3.27858|0|60.3178|0|4.46832|0|0|0|0|CLEARED_NOTHING|15.15|0.718812|0|774492|2026-01-28|2026-05-20
prod|cohort|PURR|2026-05-21|116||0|8.53|8.12|5.04926|7.48318|0.00351665|0.00474622|0.0216073|9|4|0|0||0|0|0|0|0|0||1|64.442|0|4.20104|0.134983|0.134983|0|0|CLEAR_AIR|8.6097|0.943122|0|4.55129e+07|2025-12-03|2026-05-20
prod|cohort|QBTS|2026-05-21|211||0|21.76|19.3|12.7461|8.19093|0.557507|0.143657|0.683877|13|2|0|0||19|16|16|2|14|2|0.409572|0|48.2336|0|3.32548|0|0|0|0|INTO_SUPPLY|46.75|0.412834|0|4.74437e+08|2025-07-21|2026-05-20
prod|cohort|QMCO|2026-05-21|211||0|8.33|8.16|2.08333|8.31529|0.582314|0.224396|0.602045|16|0|0|0||14|13|13|2|11|5|0.0864778|0|37.099|0|4.16231|1.01792|1.01792|1|0|IFFY_AT_FIRST_ZONE|15.33|0.53229|0|3.3186e+06|2025-07-21|2026-05-20
prod|cohort|QUBT|2026-05-21|211||0|10.47|9.56|9.51883|8.85937|0.779942|0.246642|0.841074|13|2|0.237177|0|4.98072|23|17|17|1|16|1|0.0646847|0|28.9221|1|3.23504|1.08107|1.08107|1|0|IFFY_AT_FIRST_ZONE|25.84|0.369969|0|1.27285e+08|2025-07-21|2026-05-20
prod|cohort|RGTI|2026-05-21|211||0|18.685|16.88|10.6931|7.98628|0.664108|0.215442|0.758236|15|4|0.592802|0|1.94004|16|14|14|3|11|1|0.995151|0|55.802|0|3.11838|0.0137071|0.0137071|0|0|INTO_SUPPLY|58.1501|0.290283|0|4.576e+08|2025-07-21|2026-05-20
prod|cohort|RL|2026-05-21|211||0|363|329.24|10.2539|3.02357|0.21863|0.291289|0.602592|12|0|0|0||16|14|14|6|8|3|0.522068|0|65.7429|0|4.96053|0|0|0|0|INTO_SUPPLY|393.41|0.836888|0|1.8351e+08|2025-07-21|2026-05-20
prod|cohort|RLAY|2026-05-21|211||0|14.98|13.02|15.0538|7.55304|0.0530115|0.136273|0.132164|4|1|0|0||4|4|4|2|2|0|1.9179|0|100|0|1.18488|0|0|0|0|LADDER_CLIMBING|17.32|0.751732|0|3.86066e+07|2025-07-21|2026-05-20
prod|cohort|XNDU|2026-05-21|38||0|14.56|14.13|3.04317|15.8442|0.604068|0.604068|0.680459|3|2|4.33479|0|2.14139|3|3|3|0|3|0|2.14139|0|11.871|1|10.4336|2.36068|2.41074|1|0|CLEARED_NOTHING|42.44|0.332941|0|8.53015e+07|2026-03-27|2026-05-20
prod|cohort|AKAN|2026-05-22|212||0|28|23.46|19.3521|35.3789|0.240774|0.24692|0.305459|11|0|0|0||18|12|12|3|9|4|0.217038|0|89.4918|0|4.93908|0.213298|0.322242|0|0|IFFY_AT_FIRST_ZONE|209.025|0.112235|0|2.53164e+07|2025-07-21|2026-05-21
prod|cohort|AKTX|2026-05-22|212||0|9.92|5.14|92.9961|16.9179|0.517464|0.0287289|0.770253|6|4|1.43959|0|2.19276|26|21|21|3|18|7|0.0476686|0|69.9436|0|4.04793|0|0|0|0|IFFY_AT_FIRST_ZONE|49.6|0.103629|0|74879.1|2025-07-21|2026-05-21
prod|cohort|ASMB|2026-05-22|212||0|28.61|26.5|7.96226|5.2944|0.471133|0.569217|0.678022|2|1|0.0330092|0|0.911054|23|18|18|1|17|6|0.0198055|0|21.5357|1|3.48994|0.0311681|0.0311681|0|1|IFFY_AT_FIRST_ZONE|39.705|0.667422|0|2.38157e+06|2025-07-21|2026-05-21
prod|cohort|CITR|2026-05-22|116||0|7.5|7.2|4.16667|6.52772|0.679609|0.710348|0.764921|1|0|0|0||14|12|12|2|10|4|0|0|59.5092|0|1.79435|0|0|0|0|IFFY_AT_FIRST_ZONE|10.37|0.694311|0|251532|2025-12-04|2026-05-21
prod|cohort|CRBP|2026-05-22|212||0|11.46|11.51|-0.434405|7.80489|0.289482|0.0434051|0.281992|5|2|3.8348|0|1.58758|8|7|6|0|6|4|0.201131|0|90.6759|0|3.51991|0|0|0|0|IFFY_AT_FIRST_ZONE|20.56|0.559825|0|2.96733e+06|2025-07-21|2026-05-21
prod|cohort|DELL|2026-05-22|212||0|268.1|252.8|6.05222|5.07528|0|0|0.00634249|27|2|0|0||2|2|2|2|0|0||1|42.2569|0|4.14699|0.200385|0.200385|0|0|CLEAR_AIR|263.99|0.957612|1|1.15687e+09|2025-07-21|2026-05-21
prod|cohort|DXYZ|2026-05-22|212||0|64.9|61.66|5.25462|11.631|0.0198253|0.0364224|0.0307729|30|4|0|0||1|0|0|0|0|0||1|42.2183|0|6.47841|0.551134|0.838617|0|0|CLEAR_AIR|71.24|0.865525|0|1.86912e+08|2025-07-21|2026-05-21
prod|cohort|EL|2026-05-22|212||0|88.96|78.91|12.736|3.84145|0.598422|0.188179|0.827993|21|2|0.0965659|0|5.2643|23|18|17|2|15|8|0.0438936|0|53.5814|0|3.37041|0.104114|0.207617|0|0|IFFY_AT_FIRST_ZONE|121.635|0.648744|0|2.58401e+08|2025-07-21|2026-05-21
prod|cohort|ELVR|2026-05-22|181||0|95.45|86.79|9.97811|4.10075|0.0268339|0.0996756|0.0623638|49|14|0.615738|1||2|2|2|0|2|1|1.06025|0|38.155|0|5.74956|1.49612|3.42303|1|0|INTO_SUPPLY|101.5|0.855074|0|8.03482e+06|2025-09-02|2026-05-21
prod|cohort|FJET|2026-05-22|106||0|5.23|5.15|1.5534|9.67355|0.923815|0.768486|0.937799|2|2|0.691997|0|4.68447|12|10|10|0|10|2|0.830159|0|58.2926|0|1.56567|0|0|0|0|INTO_SUPPLY|31.5|0.163492|0|5.01599e+06|2025-12-18|2026-05-21
prod|cohort|GSIT|2026-05-22|212||0|9.97|9.27|7.55124|11.5923|0.536446|0.299411|0.579833|8|1|0|0||4|4|4|0|4|1|0.121134|0|16.5976|1|4.27952|0.775869|0.775869|0|1|IFFY_AT_FIRST_ZONE|18.15|0.510744|0|1.19328e+07|2025-07-21|2026-05-21
prod|cohort|HLIT|2026-05-22|212||0|14.3|12.7|12.5984|5.35647|0.0124529|0.0351097|0.0751271|8|1|0|0||1|0|0|0|0|0||1|32.8104|0|2.3785|0|0|0|0|CLEAR_AIR|15.39|0.825211|0|2.23766e+07|2025-07-21|2026-05-21
prod|cohort|IMAX|2026-05-22|212||0|38.52|33.88|13.6954|3.85855|0.0934077|0.277835|0.620735|5|2|0|0||15|13|13|8|5|3|0.248938|0|54.1048|0|2.59013|0|0|0|0|IFFY_AT_FIRST_ZONE|43.16|0.784986|0|3.57259e+07|2025-07-21|2026-05-21
prod|cohort|IMRX|2026-05-22|212||0|5.99|5.22|14.751|5.67003|0.472076|0.0224087|0.684191|4|3|1.67827|0|0.677197|18|16|16|11|5|3|0.559424|0|52.4859|0|1.7467|0|0|0|0|INTO_SUPPLY|10.08|0.517857|0|3.55117e+06|2025-07-21|2026-05-21
prod|cohort|INFQ|2026-05-22|67||0|15.9|14.7|8.16327|9.30474|0.141359|0.143627|0.309311|7|1|0|0||2|1|1|1|0|0||1|95.2175|0|3.52467|2.01871|2.01871|1|0|CLEAR_AIR|21.28|0.690789|0|1.01409e+08|2026-02-17|2026-05-21
prod|cohort|LEE|2026-05-22|212||0|9.5|9.45|0.529101|6.47356|0.0270035|0.0764182|0.0340389|4|2|0|0||4|3|3|0|3|3|0.243907|0|97.3021|0|3.19537|0|0|0|0|IFFY_AT_FIRST_ZONE|10.0895|0.936617|0|471019|2025-07-21|2026-05-21
prod|cohort|LION|2026-05-22|212||0|13.56|12.91|5.03486|3.72254|0|0|0.00582421|7|3|0|0||1|1|1|1|0|0||1|60.7661|0|1.76957|0.0643178|0.0643178|0|0|CLEAR_AIR|13.03|0.99079|1|3.98543e+07|2025-07-21|2026-05-21
prod|cohort|LONA|2026-05-22|91||0|10.46|10.07|3.87289|9.56851|0.146216|0.221215|0.20414|2|1|0|0||5|4|4|0|4|3|0|0|37.5643|0|2.53987|0|0|0|0|IFFY_AT_FIRST_ZONE|14.21|0.708656|0|249750|2026-01-12|2026-05-21
prod|cohort|MAKO|2026-05-22|38||0|8.55|8.65|-1.15607|5.05461|0.039052|0.039052|0.0246312|2|0|0|0||1|0|0|0|0|0||1|73.8194|0|2.82628|0.0790303|0.0790303|0|0|CLEAR_AIR|8.99|0.96218|0|1.12071e+06|2026-03-30|2026-05-21
prod|cohort|NAKA|2026-05-22|212||0|5.96|6.624|-10.0242|10.0547|0.999624|0.992842|0.996967|17|6|96.6788|0|19.3237|24|23|23|0|23|0|2.67662|0|60.1124|0|2.23775|0.180616|0.180616|0|0|CLEARED_NOTHING|659.2|0.0100485|0|1.00611e+06|2025-07-21|2026-05-21
prod|cohort|PPTA|2026-05-22|212||0|28.95|26.72|8.34581|5.60217|0.225006|0.566167|0.371464|19|3|0.431612|0|0.277465|11|7|7|1|6|1|0.0924882|0|67.9505|0|4.518|0.54497|0.946744|0|0|IFFY_AT_FIRST_ZONE|37.37|0.715012|0|3.64653e+07|2025-07-21|2026-05-21
prod|cohort|QBTS|2026-05-22|212||0|26.34|25.74|2.331|8.44749|0.368397|0|0.395338|14|3|0|0||11|10|10|0|10|2|1.00222|0|85.0831|0|4.14929|1.32486|1.32486|1|0|CLEARED_NOTHING|46.75|0.550588|0|4.74437e+08|2025-07-21|2026-05-21
prod|cohort|QUBT|2026-05-22|212||0|11.615|11.41|1.79667|8.79159|0.662153|0.144964|0.685829|14|3|0.215445|0|3.40305|20|16|16|1|15|5|0.357443|0|41.2786|0|3.00901|1.08941|1.87468|1|0|INTO_SUPPLY|25.84|0.441563|0|1.27285e+08|2025-07-21|2026-05-21
prod|cohort|RELL|2026-05-22|212||0|19.15|18.42|3.96308|6.84128|0.0106393|0.0254648|0.0237421|6|1|0|0||1|0|0|0|0|0||1|99.1712|0|3.74458|0|0|0|0|CLEAR_AIR|19.86|0.927492|0|1.37878e+06|2025-07-21|2026-05-21
prod|cohort|RGTI|2026-05-22|212||0|22.96|22.04|4.17423|8.30202|0.565185|0|0.585118|16|4|0.419695|0|4.83699|10|9|9|0|9|0|1.8571|0|82.9463|0|3.99319|0.849162|0.862348|0|0|CLEARED_NOTHING|58.1501|0.379019|0|4.576e+08|2025-07-21|2026-05-21
prod|cohort|SG|2026-05-22|212||0|9.92|8.98|10.4677|7.62286|0.0840939|0|0.179855|12|3|2.88949|0|0.304157|9|7|7|6|1|0|3.91437|0|40.3457|0|4.75995|0|0|0|0|LADDER_CLIMBING|16.7|0.537725|0|2.67786e+07|2025-07-21|2026-05-21
prod|cohort|SLMT|2026-05-22|159||0|6.02|5.69|5.79965|11.4463|0.924341|0.739078|0.937578|4|1|28.7345|0|45.3947|22|21|21|0|21|1|1.18784|0|100|0|4.66039|0|0|0|0|CLEARED_NOTHING|258|0.0220543|0|456947|2025-10-03|2026-05-21
prod|cohort|SMX|2026-05-22|212||0|18.2572|17.2746|5.68812|33.0186|0.93332|0.91474|0.958473|23|6|4426.15|0|22.8226|23|12|12|0|12|0|11.4442|0|19.6428|1|7.88703|0.16403|0.16403|0|1|CLEARED_NOTHING|452191|3.8202e-05|0|5.44408e+06|2025-07-21|2026-05-21
prod|cohort|TTMI|2026-05-22|212||0|188.33|174.55|7.89459|7.66886|0|0|0.00319994|20|4|0|0||2|2|1|1|0|0||1|64.7706|0|1.66247|0|0|0|0|CLEAR_AIR|180|0.969722|1|3.58696e+08|2025-07-21|2026-05-21
prod|cohort|UP|2026-05-22|212||0|8.24|7.97|3.3877|15.9334|0.951161|0.352178|0.954694|7|1|0|0||22|20|20|1|19|1|0.2742|0|55.1845|0|3.28856|0.0686258|0.0686258|0|0|INTO_SUPPLY|70|0.113857|0|1.61104e+06|2025-07-21|2026-05-21
prod|cohort|WDAY|2026-05-22|212||0|128.74|121.85|5.65449|4.60991|0.781131|0.463917|0.899373|18|4|1.9512|0|7.02972|20|18|18|0|18|4|0.380805|0|57.8523|0|2.46376|0.204836|0.313851|0|0|INTO_SUPPLY|249.85|0.487693|0|5.76025e+08|2025-07-21|2026-05-21
prod|cohort|WOLF|2026-05-22|212||0|71.5|69.5|2.8777|15.1914|0.0031457|0.0236689|0.00724504|15|3|0|0||1|1|1|0|1|1|0.206227|0|44.3273|0|4.16871|0.566121|0.566121|0|0|IFFY_AT_FIRST_ZONE|73.74|0.942501|0|4.09744e+08|2025-07-21|2026-05-21
prod|cohort|WW|2026-05-22|212||0|11.32|10.09|12.1903|11.3168|0.847806|0.505072|0.935313|7|0|0|0||26|21|21|1|20|5|0.148314|0|32.6383|0|2.39082|0.0599077|0.0599077|0|0|IFFY_AT_FIRST_ZONE|45|0.224222|0|3.14332e+06|2025-07-21|2026-05-21
prod|cohort|XNDU|2026-05-22|39||0|14.83|14.45|2.62976|15.4965|0.552538|0.552538|0.626837|3|2|4.35135|0|2.03208|3|3|3|0|3|0|2.03208|0|11.1241|1|10.8965|2.41364|2.46482|1|0|CLEARED_NOTHING|42.44|0.340481|0|9.22691e+07|2026-03-27|2026-05-21
prod|cohort|ZM|2026-05-22|212||0|108.5|96.75|12.1447|3.95086|0.00570458|0.0156169|0.103336|11|0|0|0||3|2|2|0|2|2|0.233281|0|52.0433|0|3.06308|0.26314|0.26314|0|0|IFFY_AT_FIRST_ZONE|111.56|0.867246|0|5.38139e+08|2025-07-21|2026-05-21
prod|cohort|ACMR|2026-05-26|213||0|79.61|73.35|8.53442|7.7779|0|0|0.0026601|29|6|0|0||0|0|0|0|0|0||1|39.8446|0|4.49637|0|0|0|0|CLEAR_AIR|76.36|0.960581|1|7.77279e+07|2025-07-21|2026-05-22
prod|cohort|AGPU|2026-05-26|111||0|5.47|5.34|2.43446|12.6459|0.495258|0.485301|0.499835|7|3|1.18543|0|3.10814|6|4|4|0|4|2|0.997353|0|42.7088|0|2.76142|0.101941|0.101941|0|0|INTO_SUPPLY|10.86|0.491713|0|1.92486e+06|2025-12-12|2026-05-22
prod|cohort|APP|2026-05-26|213||0|516.07|481.68|7.13959|5.79439|0.483252|0.00364574|0.561162|23|3|0.0939701|0|6.33111|18|11|11|3|8|1|0.143463|0|27.7255|1|1.7008|0|0|0|1|IFFY_AT_FIRST_ZONE|745.61|0.646021|0|1.81331e+09|2025-07-21|2026-05-22
prod|cohort|ASPI|2026-05-26|213||0|6.38|5.55|14.955|7.66504|0.601631|0.0124814|0.79636|14|1|0|0||25|19|19|6|13|4|0|0|66.485|0|3.58893|0.242495|0.465867|0|0|IFFY_AT_FIRST_ZONE|14.49|0.383023|0|1.97513e+07|2025-07-21|2026-05-22
prod|cohort|ASTS|2026-05-26|213||0|112.595|105.86|6.36218|8.96225|0.0388874|0|0.0699927|20|2|0|0||4|4|4|2|2|1|0.82598|0|39.1052|0|5.6756|0.0887021|0.167776|0|0|INTO_SUPPLY|129.89|0.814997|0|1.47453e+09|2025-07-21|2026-05-22
prod|cohort|ASX|2026-05-26|213||0|38.1|34.81|9.45131|3.64646|0|0|0.0106117|62|27|0|0||1|1|1|1|0|0||1|57.1468|0|3.71491|0.957819|2.02336|0|0|CLEAR_AIR|35.71|0.974797|1|2.79868e+08|2025-07-21|2026-05-22
prod|cohort|BB|2026-05-26|213||0|8.51|7.91|7.58534|7.32393|0|0|0.00219985|9|2|0|0||0|0|0|0|0|0||1|81.7376|0|5.13121|0|0|0|0|CLEAR_AIR|8.03|0.985056|1|1.42624e+08|2025-07-21|2026-05-22
prod|cohort|BTGO|2026-05-26|85||0|7.54|6.93|8.80231|7.90558|0.968673|0.931634|0.997332|6|1|0.71299|0|5.56133|10|7|7|0|7|0|2.37417|0|48.0379|0|6.75523|0.451381|0.681809|0|0|CLEARED_NOTHING|24.5|0.282857|0|7.06456e+06|2026-01-22|2026-05-22
prod|cohort|CCOI|2026-05-26|213||0|20.15|18.16|10.9581|7.50798|0.694192|0.350513|0.837695|9|4|6.98678|1|3.34466|18|12|12|0|12|0|2.59773|0|23.5912|1|2.08676|2.88122|3.0469|1|0|INTO_SUPPLY|50.53|0.35939|0|1.7437e+07|2025-07-21|2026-05-22
prod|cohort|CLFD|2026-05-26|213||0|47.06|43.73|7.61491|7.90936|0|0|0.0977364|8|1|0|0||4|4|4|4|0|0||1|24.5126|1|5.16318|0.388317|0.388317|0|1|CLEAR_AIR|46.76|0.935201|1|1.2354e+07|2025-07-21|2026-05-22
prod|cohort|COAG|2026-05-26|16||1|26.75|25.89|3.32175|11.0841|0.663902|0.663902|0.731574|0|0|0|0||2|1|1|0|1|1|0.861722|0|35.4723|0|1.24056|0|0|0|0|INTO_SUPPLY|36.61|0.707184|0|4.77481e+06|2026-05-01|2026-05-22
prod|cohort|CODX|2026-05-26|175||0|6.87|5.07|35.503|20.4394|0.151956|0|0.159098|8|5|0.0299105|0|6.73627|15|10|10|1|9|0|1.51475|0|100|0|10.7663|0.64281|1.17505|0|0|LADDER_CLIMBING|46.5|0.109032|0|526937|2025-07-21|2026-05-22
prod|cohort|CPSH|2026-05-26|213||0|7.07|6|17.8333|11.5161|0|0|0.0556027|6|0|0|0||2|2|2|2|0|0||1|70.8629|0|4.54214|1.91617|2.0486|1|0|CLEAR_AIR|6.85|0.875912|1|2.04309e+06|2025-07-21|2026-05-22
prod|cohort|CRBP|2026-05-26|213||0|9.75|11.35|-14.0969|8.28282|0.680627|0.658351|0.314745|5|2|4.24629|0|3.87679|9|7|7|0|7|0|2.16698|0|98.82|0|3.3047|0|0|0|0|CLEARED_NOTHING|20.56|0.552043|0|2.97664e+06|2025-07-21|2026-05-22
prod|cohort|DXYZ|2026-05-26|213||0|71.88|66.64|7.86315|12.1033|0|0|0.0294525|31|5|0|0||1|1|1|1|0|0||1|40.8302|0|5.59143|0.529628|1.00689|0|0|CLEAR_AIR|71.24|0.93543|1|2.19732e+08|2025-07-21|2026-05-22
prod|cohort|ENLT|2026-05-26|213||0|100.74|92.25|9.20325|3.71798|0|0|0.028205|64|20|0|0||2|1|1|1|0|0||1|28.3455|1|3.3183|0.931501|1.79124|0|1|CLEAR_AIR|96|0.960938|1|1.41155e+07|2025-07-21|2026-05-22
prod|cohort|ESLT|2026-05-26|213||0|857.49|767.82|11.6785|2.88653|0.215344|0.627713|0.32661|33|9|0.0545418|0|1.30375|9|7|7|2|5|3|0.0218005|0|23.0664|1|4.79055|0.0705964|0.156838|0|1|IFFY_AT_FIRST_ZONE|1016.06|0.755684|0|8.66875e+07|2025-07-21|2026-05-22
prod|cohort|FJET|2026-05-26|107||0|7.94|7.2|10.2778|10.8403|0.631204|0.0353408|0.692521|3|3|0.406636|0|0.627382|8|7|7|2|5|2|0.522818|0|100|0|4.08808|0.0564238|0.0564238|0|0|INTO_SUPPLY|31.5|0.228571|0|5.16597e+06|2025-12-18|2026-05-22
prod|cohort|FLY|2026-05-26|200||0|53.29|49.5|7.65657|10.4554|0.0487901|0|0.0644696|15|2|0.531256|0|0.678429|1|1|1|1|0|0||1|37.3503|0|4.33387|0.0449714|0.0449714|0|0|LADDER_CLIMBING|73.8|0.670732|0|2.50413e+08|2025-08-07|2026-05-22
prod|cohort|FUTU|2026-05-26|213||0|97.905|89.76|9.0742|5.15962|0.864936|0.613475|0.913026|28|1|4.78964|1||25|23|23|0|23|0|8.95868|0|100|0|10.8422|4.25931|4.66984|1|0|INTO_SUPPLY|202.53|0.443194|0|2.67444e+08|2025-07-21|2026-05-22
prod|cohort|GILT|2026-05-26|213||0|16.908|15.73|7.48887|5.59041|0.252425|0.529161|0.353791|25|4|2.11061|1|0.710941|5|2|2|1|1|0|4.25295|0|12.3608|1|6.50768|1.93612|2.69201|1|0|INTO_SUPPLY|20.928|0.751625|0|1.21946e+07|2025-07-21|2026-05-22
prod|cohort|HLIT|2026-05-26|213||0|17.195|15.2|13.125|5.7257|0|0|0.00386076|9|2|0|0||1|1|1|1|0|0||1|81.9184|0|4.73536|1.34083|1.34083|1|0|CLEAR_AIR|15.39|0.987654|1|2.27926e+07|2025-07-21|2026-05-22
prod|cohort|HYLN|2026-05-26|213||0|6.16|5.99|2.83806|11.273|0.00267424|0.00720911|0.00835701|12|2|0|0||0|0|0|0|0|0||1|79.9448|0|9.58736|0.14895|0.14895|0|0|CLEAR_AIR|6.24|0.959936|0|4.19318e+06|2025-07-21|2026-05-22
prod|cohort|IPWR|2026-05-26|213||0|6.5|5.73|13.438|16.7915|0.0578775|0.0930577|0.211616|3|0|0|0||5|2|2|0|2|2|0.366485|0|53.1124|0|3.12839|0|0|0|0|INTO_SUPPLY|7.55|0.75894|0|2.66482e+06|2025-07-21|2026-05-22
prod|cohort|IRDM|2026-05-26|213||0|51.64|48.84|5.73301|5.64148|0|0|0.000150903|5|0|0|0||0|0|0|0|0|0||1|56.8407|0|3.95325|0|0|0|0|CLEAR_AIR|48.94|0.997957|1|7.83761e+07|2025-07-21|2026-05-22
prod|cohort|JOYY|2026-05-26|213||0|60.87|54.42|11.8523|2.54501|0.513494|0.255792|0.887083|16|0|0|0||17|15|15|4|11|0|1.54924|0|60.4461|0|3.94748|0|0|0|0|LADDER_CLIMBING|70.96|0.766911|0|1.48619e+07|2025-07-21|2026-05-22
prod|cohort|JTAI|2026-05-26|213||0|7.45|7.07|5.37482|7.8375|0.687296|0.543422|0.774615|14|3|20.6859|0|119.457|30|27|27|1|26|2|0.582126|0|51.2821|0|2.622|0|0|0|0|INTO_SUPPLY|804|0.00879353|0|722005|2025-07-21|2026-05-22
prod|cohort|LFVN|2026-05-26|213||0|5.83|5.61|3.92157|7.81587|0.574934|0.0414857|0.609971|5|1|1.45414|0|14.7916|19|17|17|0|17|2|0.70227|0|26.4371|1|2.3883|0.447807|0.447807|0|1|INTO_SUPPLY|15|0.374|0|878129|2025-07-21|2026-05-22
prod|cohort|LPTH|2026-05-26|213||0|18.01|16.95|6.25369|11.4044|0|0|0.00302841|9|2|0|0||0|0|0|0|0|0||1|66.0631|0|3.86869|0.067545|0.067545|0|0|CLEAR_AIR|17.43|0.972461|1|3.80301e+07|2025-07-21|2026-05-22
prod|cohort|LUNR|2026-05-26|213||0|42.22|38.26|10.3502|10.6015|0|0|0.000589219|12|3|0|0||1|1|1|1|0|0||1|40.3893|0|4.1119|0.0633619|0.0633619|0|0|CLEAR_AIR|38.55|0.992477|1|3.55356e+08|2025-07-21|2026-05-22
prod|cohort|MDA|2026-05-26|51||0|44.6|43.11|3.45627|5.86264|0|0|0.00531446|7|1|0|0||0|0|0|0|0|0||1|40.8518|0|5.67521|0.0450414|0.0696833|0|0|CLEAR_AIR|43.66|0.987403|1|2.02551e+07|2026-03-12|2026-05-22
prod|cohort|MNTS|2026-05-26|213||0|12.96|7.38|75.6098|16.1404|0.167388|0|0.540172|12|0|0|0||19|14|14|7|7|1|1.44369|0|60.5692|0|3.49897|0|0|0|0|LADDER_CLIMBING|43.554|0.169445|0|1.15581e+07|2025-07-21|2026-05-22
prod|cohort|MOD|2026-05-26|213||0|306.97|260.52|17.8297|6.14919|0|0|0.0504406|21|5|0|0||2|1|1|1|0|0||1|54.792|0|2.85786|0|0|0|0|CLEAR_AIR|294.055|0.885957|1|2.74547e+08|2025-07-21|2026-05-22
prod|cohort|MRVL|2026-05-26|213||0|211.24|196.33|7.59436|6.08146|0|0|0.00153764|32|8|0|0||0|0|0|0|0|0||1|37.4307|0|3.46921|0.0597027|0.0776955|0|0|CLEAR_AIR|198.395|0.989591|1|3.92853e+09|2025-07-21|2026-05-22
prod|cohort|MU|2026-05-26|213||0|820.5|751|9.25433|6.54898|0|0|0.0359569|39|13|0|0||1|1|1|1|0|0||1|13.813|1|4.73905|0.512389|1.60683|0|1|CLEAR_AIR|818.67|0.917342|1|3.3771e+10|2025-07-21|2026-05-22
prod|cohort|MX|2026-05-26|213||0|5.9|5.52|6.88406|13.6349|0|0|0.0315675|13|0|0|0||1|0|0|0|0|0||1|86.7378|0|3.75235|0.0170561|0.0170561|0|0|CLEAR_AIR|5.87|0.940375|1|7.83098e+06|2025-07-21|2026-05-22
prod|cohort|NNE|2026-05-26|213||0|29.07|26.73|8.75421|8.40739|0.704407|0.00599236|0.769619|12|0|0|0||21|21|21|2|19|3|0.0818321|0|45.7575|0|3.01812|0.438788|0.438788|0|0|IFFY_AT_FIRST_ZONE|60.87|0.439133|0|5.27786e+07|2025-07-21|2026-05-22
prod|cohort|NVTS|2026-05-26|213||0|31.355|29.25|7.19658|13.4684|0|0|0.000398344|21|5|0|0||0|0|0|0|0|0||1|59.1696|0|5.08071|0.0955707|0.0955707|0|0|CLEAR_AIR|29.5|0.991525|1|6.1579e+08|2025-07-21|2026-05-22
prod|cohort|OKLO|2026-05-26|213||0|71.87|65.88|9.09229|8.07933|0.70894|0.204393|0.842919|16|0|0|0||21|18|18|3|15|5|0.402988|0|47.2069|0|4.29711|0.0711079|0.072918|0|0|INTO_SUPPLY|193.84|0.339868|0|9.07065e+08|2025-07-21|2026-05-22
prod|cohort|PONY|2026-05-26|213||0|10.3|8.92|15.4709|4.79675|0.881591|0.489775|0.9598|25|3|1.03003|0|7.50914|26|25|25|1|24|1|0.708409|0|48.0035|0|5.06596|0.0830104|0.0830104|0|0|INTO_SUPPLY|24.92|0.357945|0|3.74548e+07|2025-07-21|2026-05-22
prod|cohort|POWI|2026-05-26|213||0|79.235|70.85|11.8349|6.05457|0.0017658|0.00588086|0.0934199|15|2|0|0||3|2|2|2|0|0||1|9.98645|1|2.44509|0|0|0|1|CLEAR_AIR|81.5889|0.868378|0|8.8814e+07|2025-07-21|2026-05-22
prod|cohort|PRCH|2026-05-26|213||0|9.72|9.56|1.67364|6.58433|0.587309|0.378741|0.611918|8|5|5.53128|0|3.56252|15|10|10|0|10|0|1.67188|0|26.2782|1|2.52881|0|0|0|1|CLEARED_NOTHING|19.4355|0.491883|0|2.30287e+07|2025-07-21|2026-05-22
prod|cohort|PSIX|2026-05-26|213||0|40.08|38.87|3.11294|9.51304|0.945262|0.840845|0.965569|13|1|3.50921|0|2.07195|20|14|14|0|14|0|9.94276|0|0|1|10.0665|3.09044|3.09044|1|0|CLEARED_NOTHING|121.78|0.319182|0|3.39772e+07|2025-07-21|2026-05-22
prod|cohort|PURR|2026-05-26|118||0|8.37|7.67|9.12647|8.19933|0.0468815|0.0621899|0.121133|9|4|0|0||0|0|0|0|0|0||1|77.1417|0|4.24749|0.123193|0.123193|0|0|CLEAR_AIR|8.785|0.873079|0|5.13912e+07|2025-12-03|2026-05-22
prod|cohort|QNTM|2026-05-26|213||0|10.51|9.24|13.7446|15.5758|0.243743|0|0.279871|6|2|0|0||12|9|9|0|9|3|0.299325|0|77.4016|0|5.11739|0|0|0|0|INTO_SUPPLY|31.9141|0.289527|0|2.45958e+06|2025-07-21|2026-05-22
prod|cohort|QTI|2026-05-26|81||0|5.12|5.03|1.78926|5.79288|0.961187|0.96617|0.986592|1|1|2.02296|0|2.39383|8|4|4|0|4|0|2.19154|0|16.1074|1|6.76756|1.54359|1.54359|1|0|CLEARED_NOTHING|7.6|0.661842|0|305869|2026-01-28|2026-05-22
prod|cohort|QUIK|2026-05-26|213||0|22.61|20.11|12.4316|10.6308|0.000353607|0.000728626|0.0577486|7|4|0|0||1|1|1|0|1|1|0.0332831|0|27.4922|1|2.10295|0.320203|0.320203|0|1|IFFY_AT_FIRST_ZONE|22.69|0.886294|0|1.3675e+07|2025-07-21|2026-05-22
prod|cohort|RDW|2026-05-26|213||0|19.645|17.49|12.3213|11.1029|0.000421139|0|0.00459957|13|2|0|0||0|0|0|0|0|0||1|52.9037|0|6.55498|0.184826|0.255559|0|0|CLEAR_AIR|20.33|0.860305|0|3.27277e+08|2025-07-21|2026-05-22
prod|cohort|RNAC|2026-05-26|213||0|6.87|6.75|1.77778|8.58979|0.718496|0.564899|0.766624|3|0|0|0||22|21|21|2|19|5|0.626484|0|55.0965|0|4.11162|0|0|0|0|INTO_SUPPLY|14.56|0.463599|0|1.0893e+06|2025-07-21|2026-05-22
prod|cohort|SMR|2026-05-26|213||0|11.985|11.4|5.13158|7.96068|0.823007|0.472457|0.897413|14|4|0.509073|0|14.2387|29|24|24|1|23|3|0.597429|0|39.8116|0|3.63408|0|0|0|0|INTO_SUPPLY|57.42|0.198537|0|3.35261e+08|2025-07-21|2026-05-22
prod|cohort|SPIR|2026-05-26|213||0|22.425|21.16|5.97826|9.61429|0.0142188|0.0279487|0.0507401|9|0|0|0||2|2|2|1|1|1|0.540352|0|38.8052|0|2.8239|0|0|0|0|INTO_SUPPLY|23.59|0.89699|0|2.20591e+07|2025-07-21|2026-05-22
prod|cohort|STFS|2026-05-26|212||0|8.61|7.5|14.8|20.2657|0.252882|0.349429|0.385529|3|0|0|0||11|7|7|0|7|3|0.79662|0|54.0658|0|3.84106|0|0|0|0|INTO_SUPPLY|104|0.0721154|0|531588|2025-07-21|2026-05-22
prod|cohort|SVRN|2026-05-26|129||0|13.51|12.69|6.46178|13.2114|0.26847|0.257895|0.33303|7|0|0|0||5|5|5|0|5|0|1.79846|0|100|0|6.64726|0|0|0|0|CLEARED_NOTHING|32.2|0.394099|0|69058|2025-11-17|2026-05-22
prod|cohort|TE|2026-05-26|213||0|8.52|8.08|5.44554|10.5321|0.0876179|0.0852637|0.157936|9|3|0|0||6|4|4|0|4|4|0.278491|0|100|0|5.8754|0.711689|1.0498|0|0|INTO_SUPPLY|9.78|0.826176|0|9.84293e+07|2025-07-21|2026-05-22
prod|cohort|TECX|2026-05-26|213||0|30.92|29.12|6.18132|6.15008|0.0535992|0.285499|0.102214|5|0|0|0||7|7|7|3|4|3|0.294488|0|32.2367|0|1.65365|0|0|0|0|INTO_SUPPLY|36.03|0.808215|0|5.9835e+06|2025-07-21|2026-05-22
prod|cohort|TRT|2026-05-26|210||0|14.76|13.82|6.80174|19.4302|0.279149|0.310991|0.419311|15|2|0|0||4|2|2|0|2|1|0.402524|0|37.8531|0|3.66323|0.019168|0.0382568|0|0|INTO_SUPPLY|21.38|0.646399|0|1.22024e+07|2025-07-21|2026-05-22
prod|cohort|UMC|2026-05-26|213||0|21.03|18.22|15.4226|4.30451|0|0|0.00438053|52|22|0|0||0|0|0|0|0|0||1|22.0523|1|7.76792|0.804229|1.42291|0|1|CLEAR_AIR|18.45|0.987534|1|2.3273e+08|2025-07-21|2026-05-22
prod|cohort|VICR|2026-05-26|213||0|296.45|267.99|10.6198|8.2458|0.0212813|0.0514572|0.0809155|19|4|0|0||5|4|4|3|1|1|0.83331|0|23.2039|1|3.14645|0.320597|0.634697|0|1|INTO_SUPPLY|316.82|0.845875|0|2.14096e+08|2025-07-21|2026-05-22
prod|cohort|VMET|2026-05-26|55||0|12.17|11.89|2.35492|5.74176|0.242278|0.242278|0.309931|2|0|0|0||3|3|3|0|3|1|0.472257|0|39.1876|0|3.55374|0|0|0|0|INTO_SUPPLY|13.73|0.865987|0|1.56962e+06|2026-03-06|2026-05-22
prod|cohort|VPG|2026-05-26|213||0|121.37|113.76|6.68952|7.65698|0|0|0.00045098|14|5|0|0||0|0|0|0|0|0||1|36.8139|0|7.21037|2.0494|2.65533|1|0|CLEAR_AIR|114.11|0.996933|1|3.20576e+07|2025-07-21|2026-05-22
prod|cohort|VSAT|2026-05-26|213||0|79|74.56|5.95494|5.39585|0|0|0.00673156|9|2|0|0||1|1|1|1|0|0||1|94.3274|0|2.99887|0.219741|0.222353|0|0|CLEAR_AIR|77.76|0.958848|1|1.13645e+08|2025-07-21|2026-05-22
prod|cohort|WOLF|2026-05-26|213||0|77.78|69.89|11.2892|15.5016|0.00122399|0.00895781|0.0108138|15|3|0|0||1|1|1|1|0|0||1|58.6569|0|3.74379|0.55479|0.55479|0|0|CLEAR_AIR|80.82|0.864761|0|4.55104e+08|2025-07-21|2026-05-22
prod|cohort|WULF|2026-05-26|213||0|24.455|22.82|7.16477|6.80634|0.00770265|0.0343449|0.0273652|17|2|0|0||2|2|2|1|1|1|0.784024|0|31.9505|0|2.94869|0.236971|0.436898|0|0|INTO_SUPPLY|25.76|0.88587|0|5.60826e+08|2025-07-21|2026-05-22
prod|cohort|XNDU|2026-05-26|40||0|15.95|15.18|5.07246|15.1404|0.38003|0.38003|0.496982|3|2|4.14096|0|1.47004|3|3|3|0|3|1|1.47004|0|18.0125|1|2.58708|2.47041|2.5228|1|0|CLEARED_NOTHING|42.44|0.357681|0|9.23007e+07|2026-03-27|2026-05-22
prod|cohort|YSS|2026-05-26|80||0|31.62|29.03|8.92181|10.8812|0.43803|0.430825|0.534637|2|1|0|0||8|8|8|3|5|1|0.61907|0|25.5658|1|4.06797|0|0|0|1|INTO_SUPPLY|44.54|0.651774|0|5.85365e+07|2026-01-29|2026-05-22
prod|cohort|AMRN|2026-05-27|214||0|14.5|14.3|1.3986|4.15303|0.763229|0.475127|0.813204|3|0|0|0||24|21|21|0|21|7|0.150783|0|44.6016|0|1.65376|0|0|0|0|IFFY_AT_FIRST_ZONE|20.9|0.684211|0|695445|2025-07-21|2026-05-26
prod|cohort|ANF|2026-05-27|214||0|80.7|74.78|7.91656|4.28684|0.762277|0.743999|0.833972|12|2|4.51224|0|8.03301|20|17|17|0|17|1|1.4945|0|59.6576|0|2.75631|0|0|0|0|CLEARED_NOTHING|133.11|0.561791|0|9.04293e+07|2025-07-21|2026-05-26
prod|cohort|AOSL|2026-05-27|214||0|50.83|47.89|6.13907|8.32406|0|0|0.0141723|24|4|0|0||1|1|1|1|0|0||1|48.2825|0|3.65224|0.560145|1.41332|0|0|CLEAR_AIR|49.97|0.958375|1|3.78294e+07|2025-07-21|2026-05-26
prod|cohort|ASBP|2026-05-27|214||0|5.25|5.07|3.5503|17.2939|0.912016|0.864058|0.932922|12|6|87.6973|0|24.9865|26|22|22|0|22|0|1.98253|0|14.5432|1|2.10363|0.0607151|0.0607151|0|1|CLEARED_NOTHING|1050.36|0.00482692|0|1.05362e+06|2025-07-21|2026-05-26
prod|cohort|ASTI|2026-05-27|214||0|6.4|5.64|13.4752|12.8409|0.198953|0.0867475|0.374786|3|0|0|0||9|6|6|1|5|5|0.133849|0|75.148|0|2.99261|0|0|0|0|IFFY_AT_FIRST_ZONE|9.87|0.571429|0|3.80024e+06|2025-07-21|2026-05-26
prod|cohort|BBWI|2026-05-27|214||0|19.5|17.73|9.98308|4.60598|0.687548|0.343472|0.872891|15|2|0.105771|0|8.22788|27|25|25|4|21|3|0.411951|0|44.2551|0|4.37847|0|0|0|0|INTO_SUPPLY|33.67|0.526582|0|9.73533e+07|2025-07-21|2026-05-26
prod|cohort|CLFD|2026-05-27|214||0|50|47.04|6.29252|7.84996|0|0|0.00569981|8|1|0|0||0|0|0|0|0|0||1|38.4397|0|5.13071|0.391255|0.391255|0|0|CLEAR_AIR|48.25|0.974922|1|1.49825e+07|2025-07-21|2026-05-26
prod|cohort|CPSH|2026-05-27|214||0|13|11.12|16.9065|13.2231|0|0|0.015514|6|0|0|0||0|0|0|0|0|0||1|100|0|12.4657|1.66881|1.78414|1|0|CLEAR_AIR|11.4|0.975439|1|2.12447e+06|2025-07-21|2026-05-26
prod|cohort|CRSR|2026-05-27|214||0|8.77|8.09|8.40544|5.50598|0.0739882|0|0.159327|10|1|0|0||11|10|10|4|6|4|0.331349|0|78.4151|0|3.4523|0.481196|0.481196|0|0|INTO_SUPPLY|10.29|0.7862|0|7.68996e+06|2025-07-21|2026-05-26
prod|cohort|DTIL|2026-05-27|214||0|8|7.58|5.5409|7.37734|0.0310406|0.0451056|0.0722814|1|0|0|0||5|5|5|2|3|3|0.13555|0|38.4872|0|2.60952|0|0|0|0|IFFY_AT_FIRST_ZONE|8.82|0.85941|0|1.54764e+06|2025-07-21|2026-05-26
prod|cohort|DY|2026-05-27|214||0|535.5|420.47|27.3575|4.27614|0|0|0.0868044|15|2|0|0||5|4|4|4|0|0||1|33.3806|0|2.54325|0.219987|0.219987|0|0|CLEAR_AIR|464.823|0.90458|1|1.81426e+08|2025-07-21|2026-05-26
prod|cohort|IPWR|2026-05-27|214||0|8.85|6.92|27.8902|16.7811|0|0|0.073301|3|0|0|0||1|1|1|1|0|0||1|80.5754|0|3.10412|0|0|0|0|CLEAR_AIR|7.89|0.87706|1|2.66482e+06|2025-07-21|2026-05-26
prod|cohort|KVHI|2026-05-27|214||0|12.27|11.52|6.51042|7.11064|0.0180293|0.0343999|0.0400736|5|1|0|0||0|0|0|0|0|0||1|76.5568|0|2.96763|0.104395|0.104395|0|0|CLEAR_AIR|13|0.886154|0|1.5976e+06|2025-07-21|2026-05-26
prod|cohort|LFVN|2026-05-27|214||0|8.08|6.93|16.5945|8.01927|0.27212|0|0.316682|6|2|1.0226|0|6.92948|14|12|12|2|10|2|1.32725|0|66.4426|0|4.52807|0.436449|0.564705|0|0|LADDER_CLIMBING|15|0.462|0|878129|2025-07-21|2026-05-26
prod|cohort|LUNR|2026-05-27|214||0|38.02|34.86|9.06483|12.298|0.0134669|0.0350651|0.0410238|12|2|0|0||1|1|1|0|1|1|0.113352|0|92.572|0|3.42541|0.054621|0.054621|0|0|IFFY_AT_FIRST_ZONE|45.52|0.765817|0|3.6966e+08|2025-07-21|2026-05-26
prod|cohort|MBI|2026-05-27|214||0|6.16|6.12|0.653595|4.77896|0.708588|0.264351|0.729958|7|1|0.135877|0|1.73243|19|17|17|0|17|3|0.526524|0|56.2069|0|2.33263|0|0|0|0|INTO_SUPPLY|8.26|0.74092|0|1.86813e+06|2025-07-21|2026-05-26
prod|cohort|MNTS|2026-05-27|214||0|19.455|15.48|25.6783|16.533|0.0687661|0|0.126307|13|1|0|0||12|7|7|3|4|2|1.16586|0|100|0|11.914|3.22095|3.22095|1|0|LADDER_CLIMBING|43.554|0.355421|0|1.15581e+07|2025-07-21|2026-05-26
prod|cohort|MX|2026-05-27|214||0|6.77|6.38|6.11285|13.6969|0.00329352|0.00550568|0.0193494|14|1|0|0||0|0|0|0|0|0||1|81.4711|0|4.26876|0.0264527|0.0434316|0|0|CLEAR_AIR|6.85|0.931387|0|7.83098e+06|2025-07-21|2026-05-26
prod|cohort|NHIC|2026-05-27|135||0|11.15|10.7|4.20561|0.597067|0|0|0.00614826|43|16|0|0||1|0|0|0|0|0||1|100|0|3.17508|0.638039|1.1134|0|0|CLEAR_AIR|10.865|0.984814|1|59920.3|2025-07-21|2026-05-26
prod|cohort|OESX|2026-05-27|214||0|10.48|9.87|6.18034|5.28273|0.575134|0.0899674|0.628632|9|1|2.33008|0|9.93443|12|10|10|5|5|1|0.939256|0|97.0337|0|2.21989|0|0|0|0|INTO_SUPPLY|18.641|0.529478|0|278863|2025-07-21|2026-05-26
prod|cohort|OOMA|2026-05-27|214||0|20.74|19.27|7.62844|3.83474|0|0|0.0161579|12|1|0|0||1|1|1|1|0|0||1|41.4678|0|1.56547|0|0|0|0|CLEAR_AIR|19.6|0.983163|1|4.93144e+06|2025-07-21|2026-05-26
prod|cohort|POWI|2026-05-27|214||0|88.17|84.09|4.85194|6.14765|0|0|0.00208724|16|3|0|0||0|0|0|0|0|0||1|60.2964|0|3.73807|1.35457|1.35457|1|0|CLEAR_AIR|84.9|0.990459|1|9.10154e+07|2025-07-21|2026-05-26
prod|cohort|QFIN|2026-05-27|214||0|13.9|12.59|10.4051|3.54303|0.857405|0.299908|0.980074|11|2|4.39611|0|12.9853|23|19|19|1|18|3|0.203053|0|100|0|4.99852|0.422453|0.422453|0|0|IFFY_AT_FIRST_ZONE|42.77|0.294365|0|1.22593e+07|2025-07-21|2026-05-26
prod|cohort|QTTB|2026-05-27|214||0|9.17|7.09|29.3371|9.7205|0|0|0.00794839|5|1|0|0||3|3|3|3|0|0||1|83.1721|0|3.48882|0|0|0|0|CLEAR_AIR|8.045|0.881293|1|1.21473e+06|2025-07-21|2026-05-26
prod|cohort|RDW|2026-05-27|214||0|24.31|22.04|10.2995|11.6286|0|0|0.00786762|14|3|0|0||0|0|0|0|0|0||1|74.2533|0|8.25325|0.644099|0.888104|0|0|CLEAR_AIR|23.1|0.954113|1|4.53503e+08|2025-07-21|2026-05-26
prod|cohort|RPC|2026-05-27|72||0|8.54|8.5|0.470588|3.74435|0.121003|0.0241119|0.132473|4|2|0.656727|0|4.78473|2|2|2|0|2|2|0.500364|0|42.4716|0|1.92367|0|0|0|0|INTO_SUPPLY|11.29|0.752879|0|3.05723e+06|2026-02-11|2026-05-26
prod|cohort|SG|2026-05-27|214||0|9.47|9.26|2.26782|7.82228|0.121392|0.0584407|0.150035|13|4|2.30166|0|1.56594|5|1|1|0|1|0|4.60332|0|80.4079|0|5.97195|0.320312|0.320312|0|0|CLEARED_NOTHING|16.7|0.554491|0|3.24807e+07|2025-07-21|2026-05-26
prod|cohort|SIDU|2026-05-27|214||0|6.76|6.2|9.03226|13.8042|0|0|0.00424901|8|4|0|0||0|0|0|0|0|0||1|77.3427|0|6.43265|0|0|0|0|CLEAR_AIR|6.64|0.933735|1|6.38078e+07|2025-07-21|2026-05-26
prod|cohort|SMTC|2026-05-27|214||0|172.355|164.46|4.80056|6.76753|0|0|0.00486713|18|4|0|0||0|0|0|0|0|0||1|61.6763|0|5.57161|0.373662|0.538036|0|0|CLEAR_AIR|168.29|0.977242|1|3.38613e+08|2025-07-21|2026-05-26
prod|cohort|SSTI|2026-05-27|214||0|6.8|6.76|0.591716|5.20176|0.716316|0.393962|0.737296|5|1|0.0424064|0|15.3935|29|26|26|0|26|5|0.296845|0|27.1058|1|2.56323|0|0|0|1|INTO_SUPPLY|13.34|0.506747|0|638478|2025-07-21|2026-05-26
prod|cohort|TE|2026-05-27|214||0|10.6|10.45|1.43541|11.3032|0.00193065|0.00465152|0.00337864|9|3|0|0||0|0|0|0|0|0||1|81.0461|0|7.76316|0.66314|0.978188|0|0|CLEAR_AIR|10.8|0.967593|0|1.01844e+08|2025-07-21|2026-05-26
prod|cohort|ULBI|2026-05-27|214||0|7.33|6.86|6.85131|6.97408|0.0977731|0.0785068|0.30414|6|2|0.0586854|0|0.332551|13|9|9|3|6|3|0|0|41.4538|0|2.76198|0.997615|0.997615|0|0|IFFY_AT_FIRST_ZONE|9.52|0.720588|0|323604|2025-07-21|2026-05-26
prod|cohort|UMC|2026-05-27|214||0|23.66|21.08|12.2391|4.40198|0|0|0.00561977|53|23|0|0||0|0|0|0|0|0||1|81.0583|0|9.3814|2.743|4.13441|1|0|CLEAR_AIR|21.515|0.979782|1|2.39247e+08|2025-07-21|2026-05-26
prod|cohort|YSS|2026-05-27|81||0|34.74|33.18|4.70163|11.2305|0.249727|0.246478|0.353299|3|2|0|0||5|5|5|1|4|3|0.799695|0|49.2665|0|3.94145|0.193238|0.193238|0|0|INTO_SUPPLY|44.54|0.744948|0|5.85365e+07|2026-01-29|2026-05-26
prod|cohort|A|2026-05-28|215||0|133|115.84|14.8135|2.99807|0.382078|0|0.770661|16|2|0.0163012|0|1.34548|20|19|19|11|8|1|1.21507|0|41.8684|0|2.36866|0|0|0|0|LADDER_CLIMBING|160.27|0.72278|0|2.5054e+08|2025-07-21|2026-05-27
prod|cohort|AIOS|2026-05-28|72||0|16.04|14.43|11.1573|24.0398|0.56075|0.788176|0.61601|5|2|0|0||5|2|2|0|2|1|0.715718|0|53.9128|0|1.33797|0|0|0|0|INTO_SUPPLY|33.8699|0.426042|0|1.24745e+06|2026-02-12|2026-05-27
prod|cohort|AIRO|2026-05-28|215||0|8.03|7.29|10.1509|6.9193|0.876602|0.610939|0.960628|6|1|1.83579|0|26.043|24|20|20|1|19|2|0.287967|0|68.8811|0|4.29441|1.20898|1.20898|1|0|INTO_SUPPLY|25.9|0.281467|0|3.26191e+06|2025-07-21|2026-05-27
prod|cohort|AMPX|2026-05-28|215||0|18.305|17.16|6.67249|8.44458|0.114785|0.368475|0.183852|17|5|0.737492|0|0.811888|7|7|7|2|5|3|0.481957|0|30.4157|0|5.00382|0.608372|0.742754|0|0|INTO_SUPPLY|22.8|0.752632|0|1.34368e+08|2025-07-21|2026-05-27
prod|cohort|ASTC|2026-05-28|215||0|21.69|13.81|57.0601|11.4128|0|0|0.210779|13|1|0|0||0|0|0|0|0|0||1|100|0|38.7077|12.5227|12.5227|1|0|CLEAR_AIR|19.75|0.699241|1|80851.6|2025-07-21|2026-05-27
prod|cohort|AVAV|2026-05-28|215||0|199.935|181.28|10.2907|5.23543|0.844113|0.502337|0.925077|20|1|0|0||26|25|25|4|21|0|2.17102|0|69.167|0|2.78391|0.109081|0.109081|0|0|LADDER_CLIMBING|417.86|0.43383|0|1.98654e+08|2025-07-21|2026-05-27
prod|cohort|BBY|2026-05-28|215||0|69.7|64.54|7.99504|2.90477|0.440756|0|0.726328|18|2|0.128419|0|4.47985|16|16|16|2|14|2|0.0493919|0|30.2557|0|5.29092|0.0481485|0.0481485|0|0|IFFY_AT_FIRST_ZONE|84.99|0.759383|0|2.01186e+08|2025-07-21|2026-05-27
prod|cohort|BRAI|2026-05-28|72||0|11.75|10.79|8.89713|11.8405|0.349665|0.438678|0.404243|1|1|0|0||0|0|0|0|0|0||1|100|0|6.48852|1.41348|1.41348|1|0|CLEAR_AIR|32.9967|0.327002|0|108586|2026-02-12|2026-05-27
prod|cohort|CHRN|2026-05-28|16||1|15.435|14.84|4.00943|13.6218|0.466886|0.466886|0.635976|0|0|0|0||2|2|2|0|2|1|0.565987|0|15.0869|1|2.00857|0|0|0|1|INTO_SUPPLY|20.34|0.729597|0|5.75052e+06|2026-05-05|2026-05-27
prod|cohort|CODX|2026-05-28|177||0|8.13|7.3|11.3699|25.8047|0.211246|0.0934077|0.236643|9|5|0.0200198|0|3.90815|14|10|10|0|10|2|0.915191|0|100|0|15.7119|0.726975|1.65771|0|0|INTO_SUPPLY|46.5|0.156989|0|609973|2025-07-21|2026-05-27
prod|cohort|CRSR|2026-05-28|215||0|11.09|9.82|12.9328|6.15014|0|0|0.00363374|11|2|0|0||1|0|0|0|0|0||1|100|0|6.87064|0.430796|0.641831|0|0|CLEAR_AIR|10.29|0.954325|1|8.61111e+06|2025-07-21|2026-05-27
prod|cohort|CTRN|2026-05-28|215||0|53.3|46.6|14.3777|7.49036|0.010687|0.0361662|0.182253|3|0|0|0||12|11|11|10|1|1|0.117725|0|100|0|3.38976|0|0|0|0|IFFY_AT_FIRST_ZONE|56.78|0.820712|0|5.12551e+06|2025-07-21|2026-05-27
prod|cohort|DLTR|2026-05-28|215||0|111.01|95.87|15.7922|3.949|0.391339|0.140511|0.800503|4|0|0|0||22|21|21|10|11|5|0.104932|0|37.1191|0|2.69807|0|0|0|0|IFFY_AT_FIRST_ZONE|142.4|0.673244|0|3.34943e+08|2025-07-21|2026-05-27
prod|cohort|DOO|2026-05-28|117||0|63.86|58.03|10.0465|3.12103|0.443739|0.238288|0.53807|10|2|6.4247|1||4|4|4|1|3|0|7.98259|0|42.4558|0|2.21763|0.283495|0.491282|0|0|INTO_SUPPLY|81.885|0.708677|0|1.16776e+07|2025-12-08|2026-05-27
prod|cohort|DPRO|2026-05-28|215||0|7.44|6.67|11.5442|6.82989|0.507435|0.0003514|0.615158|8|1|0.295192|0|0.511666|16|15|15|3|12|2|0.511666|0|41.3341|0|3.87413|0|0|0|0|INTO_SUPPLY|14.4|0.463194|0|7.79851e+06|2025-07-21|2026-05-27
prod|cohort|DUKR|2026-05-28|149||0|7|6.72|4.16667|10.5728|0.813938|0.868209|0.920264|8|1|4.22917|0|1.17552|5|3|3|0|3|3|0.675587|0|5.71928|1|7.12536|2.57428|2.57428|1|0|INTO_SUPPLY|14.2|0.473239|0|32443.4|2025-08-25|2026-05-27
prod|cohort|HEI|2026-05-28|215||0|346.71|309.4|12.0588|3.08012|0.0634039|0|0.573446|14|3|0|0||16|10|10|6|4|4|0.60773|0|31.1595|0|2.40315|0.776156|0.776156|0|0|INTO_SUPPLY|361.69|0.855429|0|2.36119e+08|2025-07-21|2026-05-27
prod|cohort|IMOS|2026-05-28|215||0|62.01|56.72|9.32652|3.87831|0|0|0.0654446|81|26|0|0||1|1|1|1|0|0||1|74.7897|0|5.66574|0.69907|2.80156|0|0|CLEAR_AIR|61.27|0.925739|1|4.73062e+06|2025-07-21|2026-05-27
prod|cohort|JFB|2026-05-28|215||0|5.64|5.18|8.88031|6.91742|0.545744|0.777331|0.701197|4|1|0|0||25|19|19|0|19|1|0.640792|0|53.332|0|1.78339|0|0|0|0|INTO_SUPPLY|17.5498|0.29516|0|1.31535e+06|2025-07-21|2026-05-27
prod|cohort|KSS|2026-05-28|215||0|15.51|12.93|19.9536|5.30646|0.512307|0.0778545|0.826036|16|2|0.0729012|0|2.00478|23|22|22|4|18|2|0.473858|0|35.5432|0|4.11539|0|0|0|0|INTO_SUPPLY|25.22|0.512688|0|5.70368e+07|2025-07-21|2026-05-27
prod|cohort|KTOS|2026-05-28|215||0|63.96|57.3|11.623|5.27006|0.802543|0.609971|0.917864|12|0|0|0||23|18|18|2|16|2|0.0504341|0|40.0081|0|3.18503|0|0|0|0|IFFY_AT_FIRST_ZONE|134|0.427612|0|2.13638e+08|2025-07-21|2026-05-27
prod|cohort|LION|2026-05-28|215||0|14.1|14|0.714286|4.23294|0.0239981|0.0708116|0.0259677|8|4|0|0||0|0|0|0|0|0||1|100|0|5.38108|0.969858|1.02642|0|0|CLEAR_AIR|15.005|0.933022|0|4.22101e+07|2025-07-21|2026-05-27
prod|cohort|LTRX|2026-05-28|215||0|8.46|7.25|16.6897|5.6149|0|0|0.0530414|9|1|0|0||2|1|1|1|0|0||1|60.8917|0|4.0604|1.28877|1.28877|1|0|CLEAR_AIR|8.24|0.879854|1|5.37306e+06|2025-07-21|2026-05-27
prod|cohort|MDB|2026-05-28|215||0|321.495|294.46|9.18121|4.76526|0.425935|0.0562835|0.607151|26|5|0.746733|0|4.99378|19|16|16|0|16|2|0.935701|0|44.8192|0|4.73986|1.60676|1.67108|1|0|INTO_SUPPLY|444.72|0.662124|0|4.62773e+08|2025-07-21|2026-05-27
prod|cohort|MOB|2026-05-28|215||0|6.7|6.41|4.52418|8.83357|0.456439|0.0429118|0.530052|5|0|0|0||18|16|15|1|14|8|0.084481|0|61.019|0|2.69077|0.0191224|0.0191224|0|0|IFFY_AT_FIRST_ZONE|11.02|0.58167|0|1.13145e+06|2025-07-21|2026-05-27
prod|cohort|MWC|2026-05-28|9|history_too_thin(9d)|1|6.98||||||||||||||||||||||||||||13.95||0|3.59843e+06|2026-05-14|2026-05-27
prod|cohort|NBIS|2026-05-28|215||0|230.38|208.37|10.5629|8.83044|0.00108254|0.00371106|0.0333141|21|4|0|0||2|2|2|1|1|1|0.164666|0|17.9222|1|2.49879|0.593695|0.862313|0|1|IFFY_AT_FIRST_ZONE|233.73|0.891499|0|2.54058e+09|2025-07-21|2026-05-27
prod|cohort|NCNO|2026-05-28|215||0|15.965|15.19|5.10204|4.9315|0.831124|0.626811|0.920784|12|3|0.311184|0|6.02682|25|22|22|1|21|5|0.438198|0|46.3898|0|4.15518|0|0|0|0|INTO_SUPPLY|33.92|0.447818|0|4.73059e+07|2025-07-21|2026-05-27
prod|cohort|ONDS|2026-05-28|215||0|11.475|10.8|6.25|8.62153|0.135251|0.0308773|0.224483|10|1|0|0||11|11|11|3|8|5|0.136457|0|62.2977|0|2.91835|0.549834|0.549834|0|0|IFFY_AT_FIRST_ZONE|15.28|0.706806|0|5.06932e+08|2025-07-21|2026-05-27
prod|cohort|PDYN|2026-05-28|215||0|8.26|7.52|9.84043|6.94954|0.325973|0.308775|0.477379|17|4|0.239534|0|0.0696826|14|8|8|5|3|0|3.03119|0|73.1577|0|3.52486|0.089934|0.10152|0|0|LADDER_CLIMBING|13|0.578462|0|8.29718e+06|2025-07-21|2026-05-27
prod|cohort|PHR|2026-05-28|215||0|10.78|9.13|18.0723|4.57389|0.719379|0.293058|0.810591|7|3|0.95322|1|7.64604|29|26|26|3|23|0|2.06869|0|25.2779|1|3.35252|0.0953684|0.0953684|0|1|INTO_SUPPLY|32.76|0.278694|0|1.25216e+07|2025-07-21|2026-05-27
prod|cohort|RCAT|2026-05-28|215||0|12.405|10.67|16.2605|6.54775|0.452296|0.684843|0.641159|17|0|0|0||22|19|19|4|15|2|0.38535|0|45.2306|0|4.23363|1.35707|1.35707|1|0|INTO_SUPPLY|18.78|0.568158|0|8.81171e+07|2025-07-21|2026-05-27
prod|cohort|SCLX|2026-05-28|215||0|7|6.81|2.79001|13.8981|0.948502|0.602239|0.958852|5|0|0|0||28|19|19|1|18|4|0.221922|0|64.0513|0|3.96291|0|0|0|0|IFFY_AT_FIRST_ZONE|34.27|0.198716|0|828929|2025-07-21|2026-05-27
prod|cohort|SNOW|2026-05-28|215||0|237|175.26|35.2277|4.47097|0.176181|0|0.632196|23|6|1.53075|0|0.673817|16|14|14|11|3|0|2.94539|0|39.164|0|5.3775|1.54776|2.10317|1|0|LADDER_CLIMBING|280.67|0.624434|0|1.03807e+09|2025-07-21|2026-05-27
prod|cohort|SOTK|2026-05-28|215||0|5.32|5.31|0.188324|6.38624|0.0254164|0.0809612|0.0269614|5|0|0|0||1|1|1|0|1|1|1.11848|0|48.0013|0|1.6844|0|0|0|0|CLEARED_NOTHING|5.7|0.931579|0|127783|2025-07-21|2026-05-27
prod|cohort|SWMR|2026-05-28|50||0|50.052|48.56|3.07249|10.9566|0.258475|0.258475|0.292872|1|0|0|0||1|0|0|0|0|0||1|70.6698|0|6.23203|0.0845109|0.0845109|0|0|CLEAR_AIR|68.97|0.704074|0|1.45301e+07|2026-03-17|2026-05-27
prod|cohort|UMAC|2026-05-28|215||0|25|18.83|32.7669|9.54434|0|0|0.0560632|12|1|0|0||3|2|2|2|0|0||1|73.6879|0|3.82992|0|0|0|0|CLEAR_AIR|23.38|0.805389|1|5.11286e+07|2025-07-21|2026-05-27
prod|cohort|VVV|2026-05-28|215||0|34.11|34.58|-1.35917|3.96804|0.444808|0.363491|0.395458|14|2|0.0960474|0|3.45771|12|12|12|0|12|3|0.738826|0|26.74|1|2.86327|0.147649|0.147649|0|1|INTO_SUPPLY|41.33|0.83668|0|7.39119e+07|2025-07-21|2026-05-27
prod|cohort|AKTX|2026-05-29|216||0|24.98|22.05|13.288|24.4756|0.0450742|0.0126715|0.055138|7|4|0.100752|0|1.92476|12|6|6|1|5|2|0.184494|0|87.6348|0|15.0948|2.70395|2.70395|1|0|IFFY_AT_FIRST_ZONE|49.6|0.444556|0|184799|2025-07-21|2026-05-28
prod|cohort|ARTV|2026-05-29|216||0|8.42|7.61|10.6439|10.9363|0.0701401|0.66732|0.0816119|5|1|0|0||5|2|2|0|2|1|0.272795|0|19.6184|1|4.86945|0|0|0|1|INTO_SUPPLY|14.53|0.523744|0|3.60055e+06|2025-07-21|2026-05-28
prod|cohort|ASAN|2026-05-29|216||0|7.4|6.66|11.1111|6.51509|0.61192|0.0787918|0.759968|16|2|0.860788|0|4.81212|20|18|18|3|15|2|0.207419|0|40.8157|0|3.13531|0.152401|0.216249|0|0|IFFY_AT_FIRST_ZONE|15.71|0.423934|0|3.54583e+07|2025-07-21|2026-05-28
prod|cohort|ASTC|2026-05-29|216||0|37.7|29.43|28.1006|14.4155|0|0|0.0435426|13|1|0|0||0|0|0|0|0|0||1|100|0|72.1605|9.91425|9.91425|1|0|CLEAR_AIR|35.8|0.822067|1|80851.6|2025-07-21|2026-05-28
prod|cohort|BGDE|2026-05-29|20||1|7.57|7.06|7.2238|14.0883|0.00684532|0.00684532|0.0655027|0|0|0|0||2|2|2|1|1|1|0.112519|0|70.3943|0|2.08492|0|0|0|0|IFFY_AT_FIRST_ZONE|7.69|0.918075|0|657938|2026-04-30|2026-05-28
prod|cohort|BHVN|2026-05-29|216||0|10.7|10.24|4.49219|7.57253|0.529239|0.109613|0.594672|8|1|0.555377|0|7.09648|22|12|12|0|12|3|1.25885|0|97.9899|0|4.16264|0|0|0|0|CLEARED_NOTHING|18.5657|0.551555|0|1.84154e+07|2025-07-21|2026-05-28
prod|cohort|BRUN|2026-05-29|13||1|39.63|32.91|20.4193|17.1331|0|0|0.0277978|1|0|0|0||0|0|0|0|0|0||1|||3.314|0.250143|0.250143|0||CLEAR_AIR|34.61|0.950881|1|4.05057e+07|2026-05-11|2026-05-28
prod|cohort|CGCT|2026-05-29|181||0|15.21|13.5|12.6667|2.75144|0|0|0.00123607|27|1|0|0||0|0|0|0|0|0||1|100|0|12.7329|0.284727|0.500753|0|0|CLEAR_AIR|14.98|0.901202|1|1.34758e+06|2025-07-21|2026-05-28
prod|cohort|CHA|2026-05-29|216||0|11.65|10.16|14.6654|3.75633|0.727058|0|0.930891|5|1|3.03922|0|20.3833|24|22|22|10|12|0|4.75306|0|62.03|0|3.79562|0|0|0|0|LADDER_CLIMBING|25.85|0.393037|0|4.25433e+06|2025-07-21|2026-05-28
prod|cohort|CIA|2026-05-29|216||0|5.16|5.21|-0.959693|5.57333|0.613319|0.422497|0.577856|3|1|0|0||16|16|16|0|16|4|0.695449|0|72.4651|0|3.00792|0|0|0|0|INTO_SUPPLY|6.404|0.813554|0|397882|2025-07-21|2026-05-28
prod|cohort|CLYM|2026-05-29|216||0|11.24|11.34|-0.881834|7.95631|0.0415289|0.182214|0.0376492|5|1|0|0||2|1|1|0|1|1|1.38658|0|50.4232|0|2.59924|0|0|0|0|CLEARED_NOTHING|12.48|0.908654|0|7.82203e+06|2025-07-21|2026-05-28
prod|cohort|CODX|2026-05-29|178||0|11.31|11.19|1.07239|27.901|0.130797|0.0218516|0.132769|9|5|0.0133096|0|1.5905|10|8|8|0|8|8|0.0285207|0|100|0|18.0206|0.672354|1.53316|0|0|IFFY_AT_FIRST_ZONE|46.5|0.240645|0|1.0738e+06|2025-07-21|2026-05-28
prod|cohort|DELL|2026-05-29|216||0|418|317.05|31.8404|5.51924|0|0|0.00787433|29|4|0|0||0|0|0|0|0|0||1|34.5981|0|6.36463|0.776197|0.816093|0|0|CLEAR_AIR|327.73|0.967412|1|1.24589e+09|2025-07-21|2026-05-28
prod|cohort|DKI|2026-05-29|202||0|5.82|6.35|-8.34646|13.879|0.941927|0.961091|0.891266|13|0|0|0||23|17|17|0|17|6|0.718037|0|27.2882|1|1.18549|0|0|0|1|INTO_SUPPLY|240|0.0264583|0|231373|2025-08-08|2026-05-28
prod|cohort|ELMT|2026-05-29|25||1|17.114|16.2|5.64198|7.14181|0.477428|0.477428|0.594916|0|0|0|0||1|1|1|0|1|1|0.204541|0|52.5696|0|2.8886|0|0|0|0|IFFY_AT_FIRST_ZONE|22.25|0.72809|0|6.79634e+06|2026-04-23|2026-05-28
prod|cohort|EXPD|2026-05-29|216||0|158.7|158.96|-0.163563|2.67798|0.124277|0.0454913|0.119973|8|3|0|0||4|3|3|0|3|1|1.36001|0|35.7025|0|2.29857|0|0|0|0|CLEARED_NOTHING|167.19|0.950775|0|1.51788e+08|2025-07-21|2026-05-28
prod|cohort|HPE|2026-05-29|216||0|42.78|38.21|11.9602|3.89923|0|0|0.00140893|17|1|0|0||1|1|1|1|0|0||1|36.43|0|6.5936|0.56778|1.02758|0|0|CLEAR_AIR|38.58|0.99041|1|4.661e+08|2025-07-21|2026-05-28
prod|cohort|LCUT|2026-05-29|216||0|8.8|8.61|2.20674|11.7372|0.0208557|0.0281283|0.028953|1|0|0|0||0|0|0|0|0|0||1|27.9955|1|3.68282|0|0|0|1|CLEAR_AIR|9.68|0.889463|0|1.16376e+06|2025-07-21|2026-05-28
prod|cohort|MX|2026-05-29|216||0|8.01|6.79|17.9676|12.8447|0|0|0.00992951|14|0|0|0||0|0|0|0|0|0||1|84.2345|0|5.25598|0.0282076|0.046313|0|0|CLEAR_AIR|7.05|0.963121|1|7.83098e+06|2025-07-21|2026-05-28
prod|cohort|NAKA|2026-05-29|216||0|5.75|5.6|2.67857|12.4104|0.987479|0.820898|0.988953|17|6|81.1883|0|16.5219|24|23|23|0|23|0|2.54204|0|100|0|2.47821|0.146333|0.146333|0|0|CLEARED_NOTHING|659.2|0.00849515|0|1.02911e+06|2025-07-21|2026-05-28
prod|cohort|NOW|2026-05-29|216||0|118.48|108.73|8.96717|4.95412|0.395752|0.0483049|0.512627|21|4|2.06486|0|1.39531|21|19|19|2|17|3|0.0868877|0|52.7278|0|4.38976|0.250537|0.330579|0|0|IFFY_AT_FIRST_ZONE|210.2|0.517269|0|2.30521e+09|2025-07-21|2026-05-28
prod|cohort|NTAP|2026-05-29|216||0|176.69|142.4|24.0801|3.90734|0|0|0.00562056|11|0|0|0||0|0|0|0|0|0||1|48.3525|0|6.34646|0|0|0|0|CLEAR_AIR|143.65|0.991298|1|2.54833e+08|2025-07-21|2026-05-28
prod|cohort|NXT|2026-05-29|216||0|155.96|137.17|13.6983|7.57765|0.000463251|0.00174484|0.0221004|18|2|0|0||1|0|0|0|0|0||1|28.937|1|2.36934|0.637888|0.637888|0|1|CLEAR_AIR|156.78|0.87492|0|2.79376e+08|2025-07-21|2026-05-28
prod|cohort|OKTA|2026-05-29|216||0|107.535|94.72|13.5293|4.41166|0|0|0.100026|10|1|0|0||6|5|4|4|0|0||1|73.3456|0|4.36945|0.529799|0.529799|0|0|CLEAR_AIR|104.98|0.902267|1|2.39694e+08|2025-07-21|2026-05-28
prod|cohort|PD|2026-05-29|216||0|9.33|7.44|25.4032|5.46881|0.572765|0|0.658444|11|4|2.92509|0|1.82267|21|18|18|3|15|0|4.2921|0|37.7955|0|1.99714|0|0|0|0|LADDER_CLIMBING|18|0.413333|0|1.13038e+07|2025-07-21|2026-05-28
prod|cohort|PENG|2026-05-29|216||0|59.955|54.07|10.884|8.70323|0|0|0.00873062|17|5|0|0||1|1|1|1|0|0||1|28.1847|1|3.85251|0.726423|0.834219|0|1|CLEAR_AIR|55.65|0.971608|1|1.61103e+08|2025-07-21|2026-05-28
prod|cohort|QURE|2026-05-29|216||0|28.75|24.85|15.6942|8.3138|0.332264|0.023614|0.476159|12|2|12.8608|0|3.11269|9|5|5|1|4|4|0.00836744|0|16.812|1|2.40086|0|0|0|1|IFFY_AT_FIRST_ZONE|71.5|0.347552|0|3.89289e+07|2025-07-21|2026-05-28
prod|cohort|SMCI|2026-05-29|216||0|44.5|41.3|7.74818|6.68276|0.292911|0|0.342708|25|5|0.578379|0|0.618731|10|6|6|0|6|0|2.86163|0|71.29|0|4.80311|0|0|0|0|CLEARED_NOTHING|62.358|0.662305|0|1.2108e+09|2025-07-21|2026-05-28
prod|cohort|SOFI|2026-05-29|216||0|18.26|16.97|7.60165|4.37303|0.772129|0.231579|0.843826|20|2|0.0125232|1||25|22|22|0|22|1|1.13961|0|90.968|0|2.52631|0|0|0|0|INTO_SUPPLY|32.73|0.518485|0|9.72042e+08|2025-07-21|2026-05-28
prod|cohort|TEO|2026-05-29|216||0|15.25|13.81|10.4272|5.35116|0|0|0.0152283|7|3|0|0||1|0|0|0|0|0||1|94.8926|0|3.81314|0|0|0|0|CLEAR_AIR|14.275|0.967426|1|5.31335e+06|2025-07-21|2026-05-28
prod|cohort|TSSI|2026-05-29|216||0|15.7|13.54|15.9527|8.16414|0.406364|0.0615895|0.584935|15|3|3.48081|0|5.81228|13|10|10|2|8|1|1.31069|0|53.5117|0|5.42397|2.53635|2.57714|1|0|LADDER_CLIMBING|31.72|0.42686|0|1.68226e+07|2025-07-21|2026-05-28
prod|cohort|VWAV|2026-05-29|216||0|6.75|6.07|11.2026|8.18407|0.682967|0.331144|0.755218|6|1|0|0||23|21|21|3|18|1|0.159298|0|82.7761|0|2.57929|0.120221|0.120221|0|0|IFFY_AT_FIRST_ZONE|15.8|0.384177|0|2.9261e+06|2025-07-21|2026-05-28
prod|cohort|ADVB|2026-06-01|217||0|5.23|5.01|4.39122|14.45|0.804252|0.940757|0.830422|9|0|0|0||28|26|26|2|24|5|0.0926248|0|90.0188|0|3.60861|0.167397|0.167397|0|0|IFFY_AT_FIRST_ZONE|15.2|0.329605|0|69243.9|2025-07-21|2026-05-29
prod|cohort|ALOY|2026-06-01|66||0|9.39|9.16|2.51092|8.41145|0.724967|0.705168|0.785051|2|1|3.24131|0|11.1289|7|6|6|0|6|2|0.651022|0|92.3573|0|2.47895|0|0|0|0|INTO_SUPPLY|26.9|0.34052|0|1.40623e+07|2026-02-25|2026-05-29
prod|cohort|ANNX|2026-06-01|217||0|5.92|5.42|9.22509|5.30277|0.142755|0.241539|0.315502|6|1|0|0||14|13|13|4|9|5|0.334476|0|37.3653|0|2.729|0|0|0|0|INTO_SUPPLY|7.18|0.754875|0|1.15055e+07|2025-07-21|2026-05-29
prod|cohort|ARM|2026-06-01|217||0|389.95|353.29|10.3767|7.55977|0|0|0.0012169|32|4|0|0||0|0|0|0|0|0||1|61.8162|0|8.4155|0.338007|0.338007|0|0|CLEAR_AIR|356.45|0.991135|1|2.45033e+09|2025-07-21|2026-05-29
prod|cohort|ASAN|2026-06-01|217||0|8.42|7.7|9.35065|6.89858|0.522039|0|0.567568|17|3|0.714457|0|2.23806|16|14|14|3|11|0|5.52628|0|80.0848|0|4.39733|0.195888|0.400116|0|0|LADDER_CLIMBING|15.71|0.490134|0|3.98147e+07|2025-07-21|2026-05-29
prod|cohort|BBOT|2026-06-01|201||0|8.95|8.97|-0.222965|6.56834|0.781998|0.417221|0.776246|1|0|0|0||23|21|21|0|21|5|0.476299|0|44.173|0|2.58799|0|0|0|0|INTO_SUPPLY|14.87|0.603228|0|2.65689e+06|2025-08-12|2026-05-29
prod|cohort|BUUU|2026-06-01|194||0|21.5|19.19|12.0375|17.5191|0.0183298|0.195416|0.0506992|18|2|0|0||5|5|5|3|2|2|0.87612|0|60.9337|0|1.56865|0.150937|0.161482|0|0|INTO_SUPPLY|26|0.738077|0|261191|2025-08-14|2026-05-29
prod|cohort|CIA|2026-06-01|217||0|5.2|5.19|0.192678|5.72903|0.584943|0.380439|0.591625|3|1|0|0||16|16|16|0|16|5|0.537076|0|51.3627|0|1.56516|0|0|0|0|INTO_SUPPLY|6.404|0.810431|0|409057|2025-07-21|2026-05-29
prod|cohort|CIB|2026-06-01|217||0|74.6|68.59|8.76221|3.04146|0.177876|0.0898176|0.356547|14|6|0|0||9|8|8|2|6|1|0.674327|0|49.5655|0|4.30695|0.596392|0.596392|0|0|INTO_SUPPLY|86.31|0.794694|0|2.04673e+07|2025-07-21|2026-05-29
prod|cohort|EC|2026-06-01|217||0|15.9|14.61|8.82957|3.78991|0|0|0.0880644|18|1|0|0||3|2|2|2|0|0||1|37.4753|0|4.35625|0|0|0|0|CLEAR_AIR|15.62|0.935339|1|3.90725e+07|2025-07-21|2026-05-29
prod|cohort|ELMT|2026-06-01|26||1|19.05|15.28|24.6728|7.59613|0.270563|0.270563|0.829573|0|0|0|0||1|1|1|1|0|0||1|70.1602|0|2.71583|0|0|0|0|CLEAR_AIR|22.25|0.686742|0|6.79634e+06|2026-04-23|2026-05-29
prod|cohort|ERAS|2026-06-01|217||0|13.21|12.84|2.88162|6.96144|0.296026|0.579907|0.307556|6|2|6.29618|1||2|2|2|0|2|1|0.0761196|0|76.4945|0|3.73541|0.0187368|0.0187368|0|0|IFFY_AT_FIRST_ZONE|24.28|0.52883|0|4.2445e+07|2025-07-21|2026-05-29
prod|cohort|EWTX|2026-06-01|217||0|40.6|34.16|18.8525|4.71055|0|0|0.0584922|2|0|0|0||3|2|2|2|0|0||1|47.3561|0|2.46215|0|0|0|0|CLEAR_AIR|39.96|0.854855|1|3.40434e+07|2025-07-21|2026-05-29
prod|cohort|FLNC|2026-06-01|217||0|23.42|18.88|24.0466|11.2008|0.130228|0.143502|0.446134|17|2|0|0||12|9|9|2|7|3|0.0571815|0|31.8079|0|3.07976|1.5225|1.5225|1|0|IFFY_AT_FIRST_ZONE|33.51|0.563414|0|1.88197e+08|2025-07-21|2026-05-29
prod|cohort|FSSL|2026-06-01|135||0|11.73|11.79|-0.508906|1.79217|0.955343|0.82176|0.941747|4|2|0.190276|0|1.28436|14|12|12|0|12|1|0.616493|0|60.3421|0|1.14458|0|0|0|0|INTO_SUPPLY|15|0.786|0|3.52025e+06|2025-11-13|2026-05-29
prod|cohort|IBM|2026-06-01|217||0|322.55|297.8|8.31095|3.36709|0.00108857|0|0.202615|16|3|0|0||8|5|5|4|1|1|0.21638|0|100|0|10.9768|0.7834|1.40576|0|0|IFFY_AT_FIRST_ZONE|324.9|0.91659|0|1.32199e+09|2025-07-21|2026-05-29
prod|cohort|JBIO|2026-06-01|217||0|20.29|21.04|-3.56464|6.95657|0.265457|0.508446|0.250128|1|0|0|0||3|3|3|0|3|0|2.62843|0|40.1049|0|3.06098|0|0|0|0|CLEARED_NOTHING|28|0.751429|0|1.08411e+07|2025-07-21|2026-05-29
prod|cohort|KRAQ|2026-06-01|46||0|9.92|9.92|0|0.257546|0.292919|0.292919|0.292919|10|4|0|0||1|1|1|0|1|0|1.56564|0|27.0901|1|1.56722|0.785196|1.17661|0|1|CLEARED_NOTHING|10.01|0.991009|0|194398|2026-03-20|2026-05-29
prod|cohort|LCUT|2026-06-01|217||0|8.915|8.55|4.26901|12.2047|0.0241253|0.032435|0.0418711|1|0|0|0||0|0|0|0|0|0||1|50.439|0|3.51904|0|0|0|0|CLEAR_AIR|9.8|0.872449|0|1.28753e+06|2025-07-21|2026-05-29
prod|cohort|LFVN|2026-06-01|217||0|8.335|7.87|5.90851|9.8966|0.261502|0.041055|0.28699|6|2|0.803267|0|5.13407|13|9|9|0|9|4|0.624332|0|100|0|5.61786|0.103927|0.103927|0|0|INTO_SUPPLY|15|0.524667|0|907659|2025-07-21|2026-05-29
prod|cohort|LILA|2026-06-01|217||0|8.07|8.07|0|5.22265|0.310956|0.390743|0.310956|3|0|0|0||13|13|13|0|13|8|0.166086|0|28.1776|1|2.55967|0|0|0|1|IFFY_AT_FIRST_ZONE|9.04|0.892699|0|3.01528e+06|2025-07-21|2026-05-29
prod|cohort|LILAK|2026-06-01|217||0|8.2|8.2|0|5.13169|0.305378|0.39541|0.305378|4|0|0|0||12|10|10|0|10|6|0.308937|0|22.5455|1|2.51683|0|0|0|1|INTO_SUPPLY|9.13|0.898138|0|5.70652e+06|2025-07-21|2026-05-29
prod|cohort|MGM|2026-06-01|217||0|48.46|43.67|10.9686|3.53256|0|0|0.00260604|12|1|0|0||0|0|0|0|0|0||1|100|0|5.78874|1.28472|1.28472|1|0|CLEAR_AIR|44.28|0.986224|1|1.77737e+08|2025-07-21|2026-05-29
prod|cohort|NBIS|2026-06-01|217||0|244.09|231.09|5.62551|8.86997|0|0|0.00246677|22|5|0|0||1|1|1|1|0|0||1|43.4742|0|2.92823|0.591049|1.36544|0|0|CLEAR_AIR|233.73|0.988705|1|3.37732e+09|2025-07-21|2026-05-29
prod|cohort|NOW|2026-06-01|217||0|135.77|124.37|9.1662|5.13361|0.313679|0|0.363788|22|5|1.38453|0|3.75357|18|15|15|1|14|1|0.123388|0|89.5597|0|7.27557|1.09822|1.3713|1|0|IFFY_AT_FIRST_ZONE|210.2|0.591675|0|2.35153e+09|2025-07-21|2026-05-29
prod|cohort|PHAT|2026-06-01|217||0|9.6|9.59|0.104275|6.41196|0.944055|0.997616|0.944487|9|2|0.446757|0|10.5841|28|23|23|0|23|0|3.05419|0|65.6541|0|4.6599|0|0|0|0|CLEARED_NOTHING|18.31|0.523758|0|1.2387e+07|2025-07-21|2026-05-29
prod|cohort|PIII|2026-06-01|216||0|12.96|12.18|6.40394|20.0857|0.142578|0.149291|0.223574|14|4|0|0||2|0|0|0|0|0||1|43.8574|0|6.13296|0.755818|0.853545|0|0|CLEAR_AIR|16.89|0.721137|0|2.37073e+06|2025-07-21|2026-05-29
prod|cohort|PURR|2026-06-01|122||0|11.62|9.99|16.3163|9.23939|0|0|0.0065522|9|4|0|0||0|0|0|0|0|0||1|58.1752|0|5.53155|0.109325|0.109325|0|0|CLEAR_AIR|10.235|0.976063|1|6.48842e+07|2025-12-03|2026-05-29
prod|cohort|REPL|2026-06-01|217||0|8.95|8.69|2.99194|13.7659|0.129066|0.0114131|0.162232|12|3|0.738607|0|1.87492|9|9|9|2|7|4|0.121748|0|87.1263|0|7.3235|4.42378|4.42378|1|0|IFFY_AT_FIRST_ZONE|13.24|0.656344|0|2.39803e+07|2025-07-21|2026-05-29
prod|cohort|SAIC|2026-06-01|217||0|120.19|104.2|15.3455|3.55622|0.00230604|0|0.194707|6|0|0|0||9|9|8|7|1|1|0.20034|0|48.1911|0|4.03886|0|0|0|0|IFFY_AT_FIRST_ZONE|121.046|0.860828|0|4.79212e+07|2025-07-21|2026-05-29
prod|cohort|SKM|2026-06-01|217||0|40.6|37.34|8.73058|4.07349|0|0|0.176819|44|9|0|0||4|4|4|4|0|0||1|63.3564|0|1.89485|0.141296|0.199638|0|0|CLEAR_AIR|40.49|0.922203|1|8.30498e+07|2025-07-21|2026-05-29
prod|cohort|SLMT|2026-06-01|164||0|6.7|5.77|16.1179|11.573|0.88088|0.579857|0.935069|4|1|25.5354|0|39.4639|23|22|22|1|21|2|0.178619|0|27.3702|1|2.8424|0|0|0|1|IFFY_AT_FIRST_ZONE|258|0.0223643|0|498890|2025-10-03|2026-05-29
prod|cohort|SMC|2026-06-01|217||0|28.56|26.65|7.16698|4.90837|0.352014|0.961991|0.453712|2|1|0|0||13|8|8|2|6|2|0.592083|0|82.5347|0|3.82248|0|0|0|0|INTO_SUPPLY|33.5|0.795522|0|1.84916e+06|2025-07-21|2026-05-29
prod|cohort|SOC|2026-06-01|217||0|15.43|14.65|5.32423|7.00251|0.25905|0.380363|0.291331|14|3|0.488669|0|10.1177|15|14|14|2|12|1|0.342438|0|65.8161|0|2.34253|0|0|0|0|INTO_SUPPLY|31.74|0.461563|0|3.80429e+07|2025-07-21|2026-05-29
prod|cohort|SPCE|2026-06-01|217||0|7.275|6.18|17.7184|12.8509|0|0|0.0243501|7|1|0|0||0|0|0|0|0|0||1|100|0|10.0242|0.0707414|0.0707414|0|0|CLEAR_AIR|6.61|0.934947|1|3.42664e+07|2025-07-21|2026-05-29
prod|cohort|TMHC|2026-06-01|217||0|71.575|58.5|22.3504|2.65486|0.0037877|0|0.871088|17|0|0|0||21|21|21|20|1|1|0.486787|0|54.2983|0|3.3841|0.147839|0.160774|0|0|INTO_SUPPLY|72.5|0.806897|0|6.1101e+07|2025-07-21|2026-05-29
prod|cohort|TNDM|2026-06-01|217||0|19.47|17.2|13.1977|8.25805|0.394665|0.455663|0.528726|14|3|0.012439|0|2.17683|18|16|15|2|13|7|0.348293|0|58.2603|0|3.59101|0.235342|0.341952|0|0|INTO_SUPPLY|29.65|0.580101|0|4.11845e+07|2025-07-21|2026-05-29
prod|cohort|TTRX|2026-06-01|161||0|5.68|5.2|9.23077|7.75677|0.707034|0|0.738556|5|2|0.136296|0|3.42727|4|3|3|3|0|0||1|81.084|0|4.25245|0.07958|0.07958|0|0|LADDER_CLIMBING|26.5|0.196226|0|116644|2025-10-08|2026-05-29
prod|cohort|VCIG|2026-06-01|217||0|138.15|127.05|8.73672|19.295|0.172896|0.0247949|0.191012|20|3|1.47884|0|21.4904|16|12|12|1|11|0|2.67293|0|100|0|49.5909|0.160842|0.175864|0|0|LADDER_CLIMBING|2302.2|0.0551863|0|108015|2025-07-21|2026-05-29
prod|cohort|AEHR|2026-06-02|218||0|99.65|93.62|6.44093|11.4502|0.0422388|0.0978202|0.0992561|18|5|0|0||5|3|3|1|2|2|0.644167|0|32.0845|0|2.59919|0.00689342|0.00689342|0|0|INTO_SUPPLY|112|0.835893|0|2.20201e+08|2025-07-21|2026-06-01
prod|cohort|ASYS|2026-06-02|218||0|21.835|20.65|5.7385|8.83075|0.0399694|0.15537|0.0816687|7|4|0|0||2|2|2|0|2|2|1.07095|0|24.8864|1|1.68948|0|0|0|1|CLEARED_NOTHING|24|0.860417|0|5.61105e+06|2025-07-21|2026-06-01
prod|cohort|AVAH|2026-06-02|218||0|7.16|6.67|7.34633|4.91625|0.690408|0.26995|0.815845|7|2|0.213066|0|8.0823|23|19|19|0|19|4|0.0568176|0|63.7098|0|3.13574|0|0|0|0|IFFY_AT_FIRST_ZONE|10.32|0.646318|0|1.04103e+07|2025-07-21|2026-06-01
prod|cohort|CAMT|2026-06-02|218||0|180|163.09|10.3685|5.89061|0.0694002|0.269002|0.201639|29|6|1.16758|0|1.21851|9|7|7|3|4|2|0.078279|0|23.5016|1|5.64431|1.01304|1.23213|1|0|IFFY_AT_FIRST_ZONE|215.99|0.755081|0|7.78232e+07|2025-07-21|2026-06-01
prod|cohort|CD|2026-06-02|136||0|8.59|8.61|-0.232288|15.1754|0.179374|0.16866|0.177765|4|0|0|0||3|2|2|0|2|1|1.11234|0|26.1131|1|3.45936|0|0|0|1|CLEARED_NOTHING|14.1|0.610638|0|1.08567e+06|2025-11-13|2026-06-01
prod|cohort|CNXU|2026-06-02|7|history_too_thin(7d)|1|16.5||||||||||||||||||||||||||||17.5||0|570778|2026-05-21|2026-06-01
prod|cohort|CODX|2026-06-02|180||0|7.21|6.2|16.2903|31.6729|0.276404|0.174072|0.303481|10|6|0.281133|0|0.126991|16|9|9|0|9|0|1.83481|0|78.6767|0|13.0848|0.592284|1.57266|0|0|CLEARED_NOTHING|46.5|0.133333|0|9.36842e+06|2025-07-21|2026-06-01
prod|cohort|CTRN|2026-06-02|218||0|50.92|44.28|14.9955|7.82746|0.0401256|0.130985|0.409562|4|0|0|0||14|8|8|4|4|4|0.564512|0|85.3146|0|4.23568|0.208356|0.208356|0|0|INTO_SUPPLY|56.78|0.779852|0|5.78617e+06|2025-07-21|2026-06-01
prod|cohort|GNRC|2026-06-02|218||0|290|269.26|7.70259|3.94771|0|0|0.0214782|13|4|0|0||2|0|0|0|0|0||1|38.887|0|3.43524|0.336842|0.336842|0|0|CLEAR_AIR|287.09|0.937894|1|1.94191e+08|2025-07-21|2026-06-01
prod|cohort|GRRR|2026-06-02|218||0|23.16|21.14|9.55535|7.14471|0|0|0.03473|13|3|0|0||2|2|2|2|0|0||1|100|0|8.24593|0.469677|0.829666|0|0|CLEAR_AIR|22.77|0.928415|1|1.31706e+07|2025-07-21|2026-06-01
prod|cohort|HPE|2026-06-02|218||0|63.06|47|34.1702|4.49277|0|0|0.00424528|18|2|0|0||0|0|0|0|0|0||1|100|0|11.0012|1.84367|2.7355|1|0|CLEAR_AIR|47.97|0.979779|1|5.45359e+08|2025-07-21|2026-06-01
prod|cohort|HSAI|2026-06-02|218||0|21.7|20.03|8.33749|5.12845|0.711484|0.535092|0.853355|26|1|0|0||23|20|20|3|17|2|0.206672|0|47.4245|0|4.79546|0.218783|0.30963|0|0|IFFY_AT_FIRST_ZONE|30.85|0.649271|0|2.76432e+07|2025-07-21|2026-06-01
prod|cohort|LAC|2026-06-02|218||0|5.82|5.51|5.62613|6.57537|0.483565|0.0337187|0.562952|18|4|0.391966|0|3.73674|11|8|8|3|5|2|0.653276|0|51.9126|0|3.4468|0|0|0|0|INTO_SUPPLY|10.52|0.523764|0|5.7441e+07|2025-07-21|2026-06-01
prod|cohort|LEGN|2026-06-02|218||0|25.37|25.51|-0.548804|7.63725|0.46651|0.433766|0.460174|7|1|0|0||17|16|16|0|16|0|1.858|0|57.7169|0|1.87186|0|0|0|0|CLEARED_NOTHING|45.2972|0.563169|0|6.16666e+07|2025-07-21|2026-06-01
prod|cohort|LFVN|2026-06-02|218||0|11.71|9.43|24.1782|10.3853|0.0961045|0|0.19365|6|2|0.544849|0|0.707169|9|7|7|2|5|1|0.320693|0|100|0|7.87496|0.0990364|0.0990364|0|0|INTO_SUPPLY|15|0.628667|0|975370|2025-07-21|2026-06-01
prod|cohort|LWLG|2026-06-02|218||0|11.89|11.02|7.89474|12.3082|0.310264|0.508012|0.384862|13|3|0|0||6|5|5|1|4|2|0.471491|0|38.2957|0|4.99223|0.0297607|0.0297607|0|0|INTO_SUPPLY|18.709|0.589021|0|1.04915e+08|2025-07-21|2026-06-01
prod|cohort|MCHP|2026-06-02|218||0|96.75|91.52|5.7146|4.27424|0.0554771|0.18318|0.11477|20|5|0|0||3|1|1|0|1|1|0.846366|0|56.5566|0|1.9577|0.0788798|0.0788798|0|0|INTO_SUPPLY|105.91|0.86413|0|1.04972e+09|2025-07-21|2026-06-01
prod|cohort|MOBI|2026-06-02|16||1|14.01|13.5|3.77778|7.62262|0.000603106|0.000603106|0.0910714|0|0|0|0||0|0|0|0|0|0||1|63.102|0|1.66986|0|0|0|0|CLEAR_AIR|14.04|0.961538|0|948362|2026-05-08|2026-06-01
prod|cohort|MRVL|2026-06-02|218||0|253.46|219.43|15.5084|6.90642|0|0|0.00138156|33|8|0|0||0|0|0|0|0|0||1|55.0938|0|4.25774|0.121318|0.189733|0|0|CLEAR_AIR|225.14|0.974638|1|4.23845e+09|2025-07-21|2026-06-01
prod|cohort|NCSM|2026-06-02|218||0|52.405|46.51|12.6747|5.00645|0.34661|0.646796|0.467481|10|2|2.09252|0|6.13463|8|1|1|0|1|0|11.6575|0|99.2301|0|2.50537|1.25841|1.25841|1|0|CLEARED_NOTHING|87.355|0.532425|0|965820|2025-07-21|2026-06-01
prod|cohort|OCTV|2026-06-02|3|history_too_thin(3d)|1|20.42||||||||||||||||||||||||||||20.855||0||2026-05-28|2026-06-01
prod|cohort|OLOX|2026-06-02|90||0|9.24|9.62|-3.9501|13.4406|0.62844|0.607924|0.535077|4|2|0|0||7|6|6|0|6|1|1.17561|0|100|0|7.64974|4.23454|4.23454|1|0|CLEARED_NOTHING|21.9|0.439269|0|203891|2026-01-22|2026-06-01
prod|cohort|PENG|2026-06-02|218||0|62.82|59.71|5.20851|9.04082|0|0|0.0053826|18|5|0|0||0|0|0|0|0|0||1|56.5751|0|3.66432|0.699298|0.862379|0|0|CLEAR_AIR|61.2499|0.974859|1|1.76885e+08|2025-07-21|2026-06-01
prod|cohort|POET|2026-06-02|218||0|14.51|13.89|4.46364|15.3051|0.118052|0.18405|0.16411|17|3|0|0||3|3|3|0|3|2|0.400762|0|39.2935|0|3.89206|1.19854|1.19854|1|0|INTO_SUPPLY|20.81|0.667468|0|7.28024e+08|2025-07-21|2026-06-01
prod|cohort|RLAY|2026-06-02|218||0|16.65|14.26|16.7602|7.28955|0.00739243|0.0192705|0.0978229|4|1|0|0||4|3|3|2|1|1|0.552026|0|33.2676|0|2.44895|0|0|0|0|INTO_SUPPLY|17.32|0.823326|0|4.01776e+07|2025-07-21|2026-06-01
prod|cohort|RLMD|2026-06-02|218||0|6.79|6.85|-0.875912|6.06703|0.248664|0.547207|0.235367|2|2|0|0||7|7|7|0|7|1|1.40793|0|17.4032|1|2.62897|0|0|0|1|CLEARED_NOTHING|8|0.85625|0|5.44994e+06|2025-07-21|2026-06-01
prod|cohort|STM|2026-06-02|218||0|76.37|69.02|10.6491|4.15771|0|0|0.0185556|50|12|0|0||1|1|1|1|0|0||1|30.1917|0|4.72662|0.651841|1.70868|0|0|CLEAR_AIR|71.07|0.971155|1|6.67155e+08|2025-07-21|2026-06-01
prod|cohort|TNK|2026-06-02|218||0|71.63|72.21|-0.803213|3.79551|0.283365|0.737594|0.267579|15|3|0|0||9|9|9|0|9|2|0.783455|0|55.3113|0|3.84674|0|0|0|0|INTO_SUPPLY|83.99|0.859745|0|2.95101e+07|2025-07-21|2026-06-01
prod|cohort|WOLF|2026-06-02|218||0|55.8|52.95|5.38244|16.3781|0.0675762|0.439154|0.0715293|15|3|0|0||2|1|1|0|1|0|1.96302|0|43.6081|0|2.27896|0.525101|0.525101|0|0|CLEARED_NOTHING|80.82|0.65516|0|6.02598e+08|2025-07-21|2026-06-01
prod|cohort|ZOOZ|2026-06-02|218||0|6.31|6.08|3.78289|9.33973|0.994104|0.36204|0.996093|10|4|14.9626|0|1.84954|26|24|24|2|22|5|0.152714|0|84.4117|0|1.39899|0|0|0|0|IFFY_AT_FIRST_ZONE|101.2|0.0600791|0|95088.4|2025-07-21|2026-06-01
prod|cohort|ABVX|2026-06-03|219||0|81.26|72.5|12.0828|5.16816|0.718423|0.822308|0.782646|16|3|10.7794|0|0.495279|10|4|4|0|4|0|12.4201|0|100|0|9.54367|6.71825|6.71825|1|0|CLEARED_NOTHING|148.83|0.487133|0|1.44982e+08|2025-07-21|2026-06-02
prod|cohort|DGXX|2026-06-03|219||0|8.21|7.86|4.45293|14.1327|0.0526227|0.103499|0.117636|12|3|0|0||2|2|2|0|2|2|0.51711|0|29.8508|1|1.11628|0|0|0|1|INTO_SUPPLY|9.2|0.854348|0|1.10376e+08|2025-07-21|2026-06-02
prod|cohort|DRTS|2026-06-03|219||0|9.27|8.93|3.80739|9.1277|0.299524|0.553087|0.309744|6|1|0|0||4|2|2|0|2|0|2.00818|0|81.1094|0|2.39555|0.0306878|0.0306878|0|0|CLEARED_NOTHING|11.62|0.768503|0|8.87981e+06|2025-07-21|2026-06-02
prod|cohort|GME|2026-06-03|219||0|23.28|20.92|11.2811|3.33241|0.531399|0.589678|0.95375|9|1|0|0||19|11|11|3|8|2|0.0773411|0|54.2285|0|2.23248|0.0138415|0.0138415|0|0|IFFY_AT_FIRST_ZONE|28.1|0.744484|0|1.30054e+08|2025-07-21|2026-06-02
prod|cohort|LFVN|2026-06-03|219||0|9.16|8.62|6.2645|12.2717|0.23501|0.116034|0.279925|6|2|0.589455|0|3.03357|13|9|9|0|9|3|0.302467|0|100|0|6.5403|0.0838123|0.0838123|0|0|INTO_SUPPLY|15|0.574667|0|1.05039e+06|2025-07-21|2026-06-02
prod|cohort|MMED|2026-06-03|61||0|12.72|12.3|3.41463|6.45583|0.739852|0.695453|0.767931|0|0|0|0||3|3|3|0|3|0|3.06875|0|57.2247|0|2.01866|0|0|0|0|CLEARED_NOTHING|20.4823|0.600518|0|6.81833e+06|2026-03-06|2026-06-02
prod|cohort|MRVL|2026-06-03|219||0|317.63|290.79|9.23003|7.43546|0|0|0.000294641|34|9|0|0||0|0|0|0|0|0||1|100|0|8.90703|1.67263|1.84886|1|0|CLEAR_AIR|291.3|0.998249|1|4.37263e+09|2025-07-21|2026-06-02
prod|cohort|NN|2026-06-03|219||0|22.99|20.05|14.6633|6.611|0.0278558|0.0659848|0.167038|5|0|0|0||4|3|3|0|3|3|0.523071|0|63.6916|0|2.29112|0|0|0|0|INTO_SUPPLY|24.1878|0.82893|0|4.45168e+07|2025-07-21|2026-06-02
prod|cohort|NVTS|2026-06-03|219||0|30.645|25.86|18.5035|12.6664|0.00963442|0.0335078|0.0291181|24|7|0|0||1|1|1|0|1|1|0.817959|0|40.8586|0|4.0608|0.296903|0.565636|0|0|INTO_SUPPLY|33.82|0.764636|0|6.77835e+08|2025-07-21|2026-06-02
prod|cohort|PDC|2026-06-03|93||0|5.15|5.15|0|13.0153|0.70745|0.782488|0.70745|3|0|0|0||11|3|3|0|3|0|1.86746|0|78.7823|0|2.35597|0|0|0|0|CLEARED_NOTHING|8.4|0.613095|0|453653|2026-01-20|2026-06-02
prod|cohort|SCLX|2026-06-03|219||0|7.4|7.4|0|12.6563|0.932064|0.53067|0.932064|5|0|0|0||25|15|15|0|15|0|1.70837|0|100|0|3.62241|0|0|0|0|CLEARED_NOTHING|34.27|0.215932|0|764014|2025-07-21|2026-06-02
prod|cohort|SVCO|2026-06-03|219||0|13.1|12.17|7.64174|7.48807|0|0|0.012965|7|1|0|0||1|1|1|1|0|0||1|100|0|3.96549|0|0|0|0|CLEAR_AIR|12.805|0.95041|1|4.56437e+06|2025-07-21|2026-06-02
prod|cohort|AGL|2026-06-04|220||0|83.86|82.7|1.40266|12.3451|0.00444157|0.0974832|0.00508562|6|2|0|0||2|1|1|0|1|1|1.04805|0|32.6183|0|1.92501|0|0|0|0|CLEARED_NOTHING|94.71|0.873192|0|3.03617e+07|2025-07-21|2026-06-03
prod|cohort|CVV|2026-06-04|220||0|5.71|5.84|-2.22603|11.7406|0.203816|0.271335|0.182449|5|0|0|0||5|3|3|0|3|0|1.86459|0|23.3997|1|2.32293|1.20612|1.20612|1|0|CLEARED_NOTHING|8.455|0.690716|0|887890|2025-07-21|2026-06-03
prod|cohort|EGO|2026-06-04|220||0|32.23|31.61|1.9614|4.30159|0.484466|0.585904|0.532836|30|2|0.865549|0|8.27321|16|13|13|0|13|0|1.58684|0|60.9753|0|3.79457|0.642848|0.881951|0|0|CLEARED_NOTHING|51.16|0.617866|0|8.00275e+07|2025-07-21|2026-06-03
prod|cohort|ELPC|2026-06-04|214||0|11.47|11.36|0.96831|2.31618|0.618814|0.866387|0.674306|73|17|0.188207|0|0.0752827|10|9|9|0|9|2|1.0916|0|35.1497|0|2.8734|0.349965|0.621771|0|0|CLEARED_NOTHING|13.6969|0.829385|0|2.94116e+06|2025-07-21|2026-06-03
prod|cohort|FOFO|2026-06-04|182||0|7.54|6.59|14.4158|18.8807|0.53863|0|0.592572|5|3|0.0105366|0|1.43649|10|8|8|0|8|1|1.43649|0|100|0|10.7506|0.356616|0.439784|0|0|CLEARED_NOTHING|68|0.0969118|0|93800.3|2025-09-12|2026-06-03
prod|cohort|LBRX|2026-06-04|183||0|28.21|27.95|0.930233|5.67397|0.10843|0.353569|0.11864|1|1|0.243654|0|1.71183|4|4|4|0|4|2|0.224162|0|53.3156|0|3.32974|0.218831|0.218831|0|0|IFFY_AT_FIRST_ZONE|33.47|0.835076|0|4.28787e+06|2025-09-11|2026-06-03
prod|cohort|LFVN|2026-06-04|220||0|8.39|8.32|0.841346|12.5956|0.307109|0.232974|0.313498|6|2|0.627004|0|3.95544|13|13|13|0|13|6|0.435288|0|100|0|6.09951|0.0816571|0.0816571|0|0|INTO_SUPPLY|15|0.554667|0|1.22323e+06|2025-07-21|2026-06-03
prod|cohort|MLEC|2026-06-04|220||0|8.96|8.1|10.6173|11.7415|0.676919|0.627271|0.835534|13|4|2.39536|0|3.28886|21|18|18|3|15|2|1.17867|0|98.0748|0|2.38471|0|0|0|0|LADDER_CLIMBING|59.85|0.135338|0|173303|2025-07-21|2026-06-03
prod|cohort|MNTS|2026-06-04|220||0|13.41|13.12|2.21037|17.6863|0.364465|0.458631|0.380577|14|1|0|0||13|8|8|0|8|1|1.08356|0|37.349|0|10.5219|3.01092|3.44557|1|0|CLEARED_NOTHING|43.554|0.301235|0|2.22365e+07|2025-07-21|2026-06-03
prod|cohort|OSCR|2026-06-04|220||0|22.25|20.5|8.53659|6.56028|0.0451865|0.208658|0.115748|22|1|0|0||7|4|4|1|3|2|0.774151|0|75.2492|0|3.23178|0|0|0|0|INTO_SUPPLY|25.58|0.801407|0|1.79002e+08|2025-07-21|2026-06-03
prod|cohort|PGY|2026-06-04|220||0|14.355|13.96|2.82951|6.66315|0.736214|0.323744|0.760772|16|1|0.0731839|0|2.91167|21|18|18|0|18|0|1.70937|0|75.7528|0|3.32524|0.1442|0.1442|0|0|CLEARED_NOTHING|44.99|0.310291|0|5.332e+07|2025-07-21|2026-06-03
prod|cohort|ROLR|2026-06-04|220||0|7.6|5.6|35.7143|9.7237|0.855939|0.812868|0.936274|11|1|1.50203|0|10.8254|8|7|7|3|4|1|0.771311|0|41.7701|0|2.25612|0|0|0|0|INTO_SUPPLY|33.68|0.166271|0|1.21553e+06|2025-07-21|2026-06-03
prod|cohort|RUM|2026-06-04|220||0|9.43|8.33|13.2053|8.60166|0.0404821|0.0373306|0.140786|15|2|0|0||6|2|2|0|2|2|0.517792|0|43.5208|0|3.7448|0.194409|0.194409|0|0|INTO_SUPPLY|10.99|0.757962|0|2.50094e+07|2025-07-21|2026-06-03
prod|cohort|SPRC|2026-06-04|220||0|13.55|9.46|43.2347|13.608|0.497997|0.215671|0.750485|13|3|0.286514|0|11.8889|19|18|18|0|18|3|0.241338|0|82.4376|0|9.89245|9.39065|9.39065|1|0|IFFY_AT_FIRST_ZONE|80.1|0.118102|0|79638.4|2025-07-21|2026-06-03
prod|cohort|STI|2026-06-04|220||0|24.77|5.04|391.468|8.40742|0.0931949|0|0.9467|6|0|0|0||20|18|18|18|0|0||1|36.3504|0|2.7504|0.0258348|0.0258348|0|0|CLEAR_AIR|33.99|0.148279|0|244770|2025-07-21|2026-06-03
prod|cohort|TRT|2026-06-04|217||0|12.3|11.93|3.10142|16.0608|0.669912|0.743743|0.732563|15|2|0|0||5|3|3|0|3|1|0.789681|0|17.8156|1|4.31624|0.0231893|0.0462827|0|1|INTO_SUPPLY|21.38|0.557998|0|1.1614e+07|2025-07-21|2026-06-03
prod|cohort|VCIG|2026-06-04|220||0|120|117.9|1.78117|24.5246|0.213004|0.0524437|0.218609|20|3|1.33947|0|20.0819|17|12|12|0|12|0|1.8247|0|81.3679|0|25.2709|0.126544|0.126544|0|0|CLEARED_NOTHING|2302.2|0.0512119|0|142082|2025-07-21|2026-06-03
prod|cohort|AGX|2026-06-05|221||0|697.68|689.43|1.19664|5.24131|0.0220157|0.0777699|0.0281318|22|5|0|0||3|3|2|0|2|2|1.22021|0|51.2076|0|3.15812|0.121797|0.121797|0|0|CLEARED_NOTHING|748.5|0.921082|0|1.90226e+08|2025-07-21|2026-06-04
prod|cohort|BBCP|2026-06-05|221||0|11.31|7.98|41.7293|4.19574|0|0|0.022696|4|0|0|0||1|1|1|1|0|0||1|29.1935|1|2.2625|0|0|0|1|CLEAR_AIR|8.13|0.98155|1|886938|2025-07-21|2026-06-04
prod|cohort|CETX|2026-06-05|221||0|5.8|5.451|6.40249|10.2706|0.994556|0.98293|0.998458|18|3|5.81336|0|4.01546|28|19|19|0|19|0|6.47561|0|100|0|4.73352|1.10647|1.10647|1|0|CLEARED_NOTHING|220.5|0.0247211|0|277920|2025-07-21|2026-06-04
prod|cohort|FOXX|2026-06-05|215||0|5.48|5.25|4.38095|15.196|0.448744|0.743617|0.494156|10|3|0|0||12|12|12|2|10|5|0.0840598|0|100|0|5.71191|3.77354|3.97295|1|0|IFFY_AT_FIRST_ZONE|8.88|0.591216|0|58282.9|2025-07-21|2026-06-04
prod|cohort|GIII|2026-06-05|221||0|35.84|32.04|11.8602|3.39183|0|0|0.0411337|9|2|0|0||6|3|3|3|0|0||1|28.0014|1|4.28093|0.11633|0.149811|0|1|CLEAR_AIR|34.83|0.919897|1|1.31736e+07|2025-07-21|2026-06-04
prod|cohort|MCRB|2026-06-05|221||0|7.8|6.85|13.8686|6.21194|0.960118|0.635135|0.996259|3|1|5.4176|0|6.52176|27|22|22|0|22|4|0.38305|0|100|0|2.54514|0|0|0|0|INTO_SUPPLY|29.98|0.228486|0|253306|2025-07-21|2026-06-04
prod|cohort|MNTS|2026-06-05|221||0|16.8981|15.79|7.01773|18.4202|0.19336|0.226113|0.236432|14|1|0|0||13|10|10|2|8|1|0.592546|0|55.7008|0|5.81363|2.89095|3.30828|1|0|INTO_SUPPLY|43.554|0.362538|0|2.66629e+07|2025-07-21|2026-06-04
prod|cohort|MRLN|2026-06-05|56||0|9.19|7.18|27.9944|12.1974|0.398153|0.398153|0.792381|1|0|0|0||5|5|5|2|3|1|1.4363|0|45.2227|0|2.80896|0|0|0|0|LADDER_CLIMBING|17|0.422353|0|1.17695e+07|2026-03-17|2026-06-04
prod|cohort|NTGR|2026-06-05|221||0|25.73|25.74|-0.03885|3.80725|0.409762|0.31052|0.407824|10|3|0.786032|0|5.13983|14|9|9|0|9|1|0.806448|0|64.002|0|2.82109|0.158354|0.158354|0|0|INTO_SUPPLY|36.8616|0.698288|0|8.50469e+06|2025-07-21|2026-06-04
prod|cohort|ROLR|2026-06-05|221||0|6.11|6.11|0|10.5666|0.926658|0.943377|0.926658|12|2|1.71928|0|14.6991|6|5|5|0|5|1|0.0957222|0|100|0|1.98965|0.304194|0.304194|0|0|IFFY_AT_FIRST_ZONE|33.68|0.181413|0|1.21553e+06|2025-07-21|2026-06-04
prod|cohort|STI|2026-06-05|221||0|42.735|22.71|88.177|11.7848|0|0|0.348249|7|1|0|0||1|1|1|1|0|0||1|100|0|31.2053|23.0996|23.118|1|0|CLEAR_AIR|38.15|0.595282|1|244770|2025-07-21|2026-06-04
prod|cohort|TTAN|2026-06-05|221||0|83.05|74.33|11.7315|5.71068|0.525502|0|0.596206|13|2|0.571023|0|1.57083|16|13|13|1|12|1|0.0843398|0|67.8294|0|5.69102|0.0435598|0.0435598|0|0|IFFY_AT_FIRST_ZONE|119.99|0.619468|0|8.6889e+07|2025-07-21|2026-06-04
prod|cohort|TXRH|2026-06-05|221||0|163.61|161.3|1.43211|3.33272|0.804786|0.623525|0.88392|12|1|0.434137|0|1.65475|20|15|15|0|15|7|0.707783|0|100|0|3.53165|0.415698|0.415698|0|0|INTO_SUPPLY|197|0.818782|0|2.17664e+08|2025-07-21|2026-06-04
prod|cohort|ALOT|2026-06-08|222||0|14.85|14.49|2.48447|3.79546|0.109967|0.211285|0.147189|15|3|0|0||3|1|1|0|1|0|2.16456|0|60.8548|0|2.90929|0|0|0|0|CLEARED_NOTHING|16.07|0.90168|0|675095|2025-07-21|2026-06-05
prod|cohort|ARTV|2026-06-08|222||0|7.31|6.85|6.71533|11.1299|0.100032|0.816267|0.225224|5|1|0|0||8|5|5|0|5|3|0.479356|0|72.0962|0|3.42781|0|0|0|0|INTO_SUPPLY|14.53|0.471438|0|4.09996e+06|2025-07-21|2026-06-05
prod|cohort|ASTC|2026-06-08|222||0|36.745|33.5|9.68657|25.0575|0.119196|0.130994|0.147526|13|1|0|0||1|0|0|0|0|0||1|39.2791|0|13.7324|5.70365|5.70365|1|0|CLEAR_AIR|68.85|0.486565|0|95789.3|2025-07-21|2026-06-05
prod|cohort|CGEM|2026-06-08|222||0|13.72|13.51|1.5544|6.54598|0.273917|0.777432|0.288222|7|0|0|0||10|8|8|0|8|3|0.868381|0|55.4762|0|2.94282|0.0410936|0.0410936|0|0|INTO_SUPPLY|16.74|0.807049|0|1.41811e+07|2025-07-21|2026-06-05
prod|cohort|CHRN|2026-06-08|23||1|19.94|19.03|4.78192|14.3505|0.115557|0.115557|0.205882|1|1|0|0||2|0|0|0|0|0||1|98.0289|0|3.49858|0.0258263|0.0258263|0|0|CLEAR_AIR|24|0.792917|0|5.75052e+06|2026-05-05|2026-06-05
prod|cohort|DUKR|2026-06-08|156||0|6.45|5.76|11.9792|10.9719|0.901548|0.929118|0.960022|8|1|4.33807|0|2.09132|9|4|4|0|4|1|1.4837|0|55.2684|0|2.26229|2.48064|2.48064|1|0|CLEARED_NOTHING|14.2|0.405634|0|311815|2025-08-25|2026-06-05
prod|cohort|INTC|2026-06-08|222||0|111|99.17|11.929|7.31029|0.08146|0.274909|0.124796|29|12|0|0||4|4|4|0|4|1|0.898401|0|69.2202|0|2.9553|0.306791|0.907149|0|0|INTO_SUPPLY|132.75|0.747043|0|1.39458e+10|2025-07-21|2026-06-05
prod|cohort|IPWR|2026-06-08|222||0|6.88|6.03|14.0962|17.383|0.374456|0.508387|0.469048|3|0|0|0||3|2|2|0|2|1|0.560224|0|39.4446|0|2.71011|0|0|0|0|INTO_SUPPLY|9.3|0.648387|0|5.56444e+06|2025-07-21|2026-06-05
prod|cohort|JLHL|2026-06-08|222||0|55.55|44.8|23.9955|31.2188|0|0|0.00109494|7|0|0|0||0|0|0|0|0|0||1|70.6474|0|3.60708|0|0|0|0|CLEAR_AIR|51.17|0.875513|1|846876|2025-07-21|2026-06-05
prod|cohort|LFVN|2026-06-08|222||0|10.99|9.97|10.2307|13.717|0.115693|0.0233197|0.190716|6|2|0.439537|0|1.0481|8|8|8|1|7|3|0.0597017|0|70.0742|0|4.56234|0.0749816|0.0749816|0|0|IFFY_AT_FIRST_ZONE|15|0.664667|0|1.22323e+06|2025-07-21|2026-06-05
prod|cohort|LUCK|2026-06-08|222||0|7.76|7.63|1.7038|6.5231|0.773496|0.774288|0.796157|7|0|0|0||26|15|15|0|15|5|0.849479|0|62.4412|0|3.96758|0|0|0|0|INTO_SUPPLY|11.61|0.657192|0|624727|2025-07-21|2026-06-05
prod|cohort|MKSI|2026-06-08|222||0|314.99|301.65|4.42234|4.17719|0.0430659|0.167838|0.0767311|28|7|0|0||2|2|2|0|2|0|1.82478|0|78.6092|0|3.06954|0.474248|1.17706|0|0|CLEARED_NOTHING|341.81|0.882508|0|3.53046e+08|2025-07-21|2026-06-05
prod|cohort|NNE|2026-06-08|222||0|26.3|23.56|11.6299|9.31441|0.787009|0.321618|0.90129|13|0|0|0||25|19|19|0|19|1|0.102054|0|73.7026|0|3.36901|0.213436|0.213436|0|0|IFFY_AT_FIRST_ZONE|60.87|0.387054|0|6.19367e+07|2025-07-21|2026-06-05
prod|cohort|NRIX|2026-06-08|222||0|16.725|14.64|14.2418|4.97105|0.33045|0.227506|0.613012|5|0|0|0||17|13|13|3|10|3|0.799848|0|71.5573|0|3.82238|0|0|0|0|INTO_SUPPLY|22.4999|0.65067|0|1.75444e+07|2025-07-21|2026-06-05
prod|cohort|OCC|2026-06-08|222||0|19.61|12.3|59.4309|12.0285|0|0|0.17866|10|1|0|0||4|2|2|2|0|0||1|68.0668|0|3.32665|0.15847|0.15847|0|0|CLEAR_AIR|16.22|0.758323|1|4.19272e+06|2025-07-21|2026-06-05
prod|cohort|PUSA|2026-06-08|14||1|5.53|5.16|7.17054|14.1132|0.132383|0.132383|0.161865|1|0|0|0||1|1|1|0|1|1|1.33255|0|||4.69044|0.250987|0.250987|0||CLEARED_NOTHING|6.57|0.785388|0|5.06148e+06|2026-05-18|2026-06-05
prod|cohort|RELL|2026-06-08|222||0|16.5|16.2|1.85185|8.23498|0.206439|0.456366|0.228693|6|1|0|0||3|3|3|0|3|1|1.15546|0|40.1525|0|2.23843|0|0|0|0|CLEARED_NOTHING|19.86|0.81571|0|4.79554e+06|2025-07-21|2026-06-05
prod|cohort|SDOT|2026-06-08|222||0|14.3|12.14|17.7924|21.8306|0.0605917|0.0152723|0.135286|20|4|13.2136|0|0.720711|27|17|17|0|17|1|1.21884|0|100|0|12.1285|3.00261|3.05319|1|0|CLEARED_NOTHING|460|0.0263913|0|570964|2025-07-21|2026-06-05
prod|cohort|SRI|2026-06-08|222||0|7.25|7.09|2.2567|5.64447|0.460544|0.143145|0.493679|4|0|0|0||18|13|13|0|13|4|0.684222|0|42.8147|0|3.02012|0|0|0|0|INTO_SUPPLY|9.71|0.730175|0|1.15177e+06|2025-07-21|2026-06-05
prod|cohort|STI|2026-06-08|222||0|35.91|35.72|0.531915|13.7547|0.088463|0.229669|0.0922228|7|1|0|0||0|0|0|0|0|0||1|100|0|45.9221|19.7914|19.8072|1|0|CLEAR_AIR|46|0.776522|0|244770|2025-07-21|2026-06-05
prod|cohort|TLYS|2026-06-08|222||0|5.25|5.13|2.33918|8.5597|0.0245218|0.0367118|0.0376595|6|1|0|0||3|2|2|0|2|2|0.111263|0|100|0|3.23641|0|0|0|0|IFFY_AT_FIRST_ZONE|5.9|0.869492|0|681687|2025-07-21|2026-06-05
prod|cohort|TNGX|2026-06-08|222||0|30.005|20.22|48.3927|7.88716|0|0|0.19265|3|0|0|0||7|5|5|5|0|0||1|43.6477|0|2.12031|0|0|0|0|CLEAR_AIR|28.41|0.711721|1|5.61201e+07|2025-07-21|2026-06-05
prod|cohort|VRCA|2026-06-08|222||0|6.05|6.04|0.165563|8.92284|0.401481|0.520342|0.403056|6|1|0|0||19|17|17|0|17|7|0.185243|0|66.6947|0|1.26593|0|0|0|0|IFFY_AT_FIRST_ZONE|9.8212|0.614996|0|260319|2025-07-21|2026-06-05
prod|cohort|WEAV|2026-06-08|222||0|5.66|5.69|-0.527241|5.38246|0.696177|0.247278|0.68728|12|2|0.180537|0|0.919096|22|17|17|0|17|1|1.0504|0|40.3855|0|3.90449|0.261891|0.310274|0|0|CLEARED_NOTHING|8.28|0.687198|0|5.26129e+06|2025-07-21|2026-06-05
prod|cohort|WOLF|2026-06-08|222||0|60.17|55.06|9.28078|16.5216|0.0633683|0.390831|0.0813171|15|3|0|0||2|1|1|0|1|1|1.36505|0|56.4174|0|2.01691|0|0|0|0|CLEARED_NOTHING|80.82|0.681267|0|5.66552e+08|2025-07-21|2026-06-05
prod|cohort|ACLS|2026-06-09|223||0|160.4|154.76|3.64435|5.26949|0.03699|0.133629|0.0670008|24|5|0|0||2|2|2|0|2|2|0.841196|0|100|0|2.57999|0.204381|0.23883|0|0|INTO_SUPPLY|171.61|0.901812|0|7.82167e+07|2025-07-21|2026-06-08
prod|cohort|ADUR|2026-06-09|223||0|15.99|14.4|11.0417|8.20261|0.0539998|0.104261|0.160288|11|0|0|0||9|8|8|6|2|1|1.27326|0|68.7753|0|2.73058|0|0|0|0|LADDER_CLIMBING|18.19|0.791644|0|7.25215e+06|2025-07-21|2026-06-08
prod|cohort|AIXI|2026-06-09|223||0|9.11|8.87|2.70575|14.7281|0.694491|0.692814|0.701458|11|3|0.383161|0|0.64834|17|13|13|0|13|2|0.560469|0|70.7972|0|4.02354|0.289528|0.289528|0|0|INTO_SUPPLY|54.2|0.163653|0|2.08802e+06|2025-07-21|2026-06-08
prod|cohort|AMPG|2026-06-09|223||0|7.1|6.57|8.06697|16.3835|0|0|0.000410418|6|1|0|0||0|0|0|0|0|0||1|74.2036|0|3.48957|0|0|0|0|CLEAR_AIR|6.59|0.996965|1|3.19506e+07|2025-07-21|2026-06-08
prod|cohort|APLD|2026-06-09|223||0|45.83|40.945|11.9306|9.0637|0.0267289|0.126718|0.0657016|26|3|0|0||6|4|4|1|3|3|0.194974|0|51.6679|0|3.18477|0.757962|0.757962|0|0|IFFY_AT_FIRST_ZONE|50.725|0.807196|0|8.60958e+08|2025-07-21|2026-06-08
prod|cohort|ARQQ|2026-06-09|223||0|13.2|12.82|2.96412|9.71084|0.964044|0.858848|0.976994|14|0|0|0||24|21|21|0|21|3|0.842545|0|57.6494|0|3.42193|0.472014|0.472014|0|0|INTO_SUPPLY|62|0.206774|0|7.61839e+06|2025-07-21|2026-06-08
prod|cohort|AVO|2026-06-09|223||0|10.11|10.11|0|4.0424|0.998593|0.996866|0.998593|7|0|0|0||22|21|21|0|21|0|2.72825|0|81.4623|0|4.88159|0|0|0|0|CLEARED_NOTHING|15.53|0.650998|0|1.23044e+07|2025-07-21|2026-06-08
prod|cohort|BAP|2026-06-09|223||0|341.695|319.89|6.81641|4.16677|0.215121|0.192111|0.479381|12|2|0|0||10|7|7|1|6|4|0.286915|0|66.8207|0|3.43802|0.263279|0.310318|0|0|INTO_SUPPLY|380.2|0.841373|0|1.82948e+08|2025-07-21|2026-06-08
prod|cohort|BARK|2026-06-09|223||0|9.62|9.56|0.627615|7.34848|0.93653|0.497983|0.939264|6|1|1.39336|0|7.61044|27|22|22|0|22|3|0.282916|0|67.8649|0|2.08905|0|0|0|0|INTO_SUPPLY|22.6|0.423009|0|421957|2025-07-21|2026-06-08
prod|cohort|BNAI|2026-06-09|223||0|21.76|18.27|19.1024|15.8479|0.217769|0.775601|0.235332|21|5|0.948699|0|8.01215|12|7|7|0|7|2|1.01203|0|100|0|2.90804|0.0765785|0.0765785|0|0|CLEARED_NOTHING|86.28|0.211752|0|5.31239e+06|2025-07-21|2026-06-08
prod|cohort|BVC|2026-06-09|103||0|8.5|9.295|-8.55299|9.43661|0.0356856|0.770901|0.0313374|27|2|0|0||10|8|8|0|8|0|2.61809|0|100|0|1.49292|0.658456|1.02593|0|0|CLEARED_NOTHING|15.0031|0.619538|0|19780.8|2025-12-24|2026-06-08
prod|cohort|CECO|2026-06-09|223||0|86.64|80.53|7.58723|5.86258|0.0194411|0.0528322|0.110168|12|3|0|0||5|5|5|3|2|2|0.710722|0|28.5113|1|3.20262|0.209172|0.256607|0|1|INTO_SUPPLY|92|0.875326|0|5.94291e+07|2025-07-21|2026-06-08
prod|cohort|CHRN|2026-06-09|24||1|20.98|18.89|11.0641|14.6164|0.0630803|0.0630803|0.238861|1|1|0|0||2|0|0|0|0|0||1|100|0|3.43493|0.0253565|0.0253565|0|0|CLEAR_AIR|24|0.787083|0|5.36194e+06|2026-05-05|2026-06-08
prod|cohort|CPSH|2026-06-09|223||0|8.31|7.75|7.22581|18.3637|0.360058|0.56282|0.398813|6|0|0|0||2|1|1|0|1|1|1.46131|0|38.1605|0|5.10256|0.0830472|0.0830472|0|0|CLEARED_NOTHING|14.39|0.538568|0|1.25687e+07|2025-07-21|2026-06-08
prod|cohort|DTIL|2026-06-09|223||0|6.97|6.77|2.95421|8.64711|0.215607|0.489994|0.269938|2|1|0|0||9|9|9|1|8|3|0.0915873|0|84.8928|0|2.57544|0.195708|0.195708|0|0|IFFY_AT_FIRST_ZONE|8.82|0.767574|0|1.79266e+06|2025-07-21|2026-06-08
prod|cohort|FCEL|2026-06-09|223||0|18.05|15.5|16.4516|16.9056|0.191465|0.396102|0.25722|9|2|0|0||3|2|2|0|2|0|2.51847|0|65.5184|0|2.97126|0|0|0|0|CLEARED_NOTHING|27.6899|0.559771|0|2.73581e+08|2025-07-21|2026-06-08
prod|cohort|NNNN|2026-06-09|223||0|17.4|17.22|1.0453|12.8795|0.968089|0.998696|0.968794|2|0|0|0||24|22|22|0|22|0|3.05215|0|100|0|4.19913|0|0|0|0|CLEARED_NOTHING|54.95|0.313376|0|645788|2025-07-21|2026-06-08
prod|cohort|NUVL|2026-06-09|223||0|122.82|88.49|38.7953|4.56544|0|0|0.78661|2|0|0|0||17|5|5|5|0|0||1|53.8151|0|4.74941|0|0|0|0|CLEAR_AIR|113.015|0.782993|1|6.64635e+07|2025-07-21|2026-06-08
prod|cohort|PANL|2026-06-09|223||0|7.31|7.23|1.1065|5.52761|0.531338|0.636385|0.558672|10|2|0|0||17|11|11|0|11|0|1.52202|0|15.4969|1|2.6564|0|0|0|1|CLEARED_NOTHING|9.3901|0.76996|0|4.94233e+06|2025-07-21|2026-06-08
prod|cohort|PW|2026-06-09|223||0|9.72|9.98|-2.60521|13.4807|0.800557|0.099489|0.749081|8|0|0|0||14|13|13|0|13|9|0.366321|0|80.721|0|5.04486|0.108101|0.145638|0|0|INTO_SUPPLY|19.6|0.509184|0|70172|2025-07-21|2026-06-08
prod|cohort|RNAC|2026-06-09|223||0|7.01|5.86|19.6246|10.285|0.639436|0.303896|0.990756|3|0|0|0||24|24|24|3|21|8|0.318595|0|58.4546|0|2.5235|0|0|0|0|INTO_SUPPLY|14.56|0.402473|0|998861|2025-07-21|2026-06-08
prod|cohort|STAK|2026-06-09|223||0|6|5.13|16.9591|30.6476|0.00888891|0.0296306|0.0128703|6|3|0|0||0|0|0|0|0|0||1|100|0|11.5584|0.485252|0.485252|0|0|CLEAR_AIR|8.8|0.582955|0|1.2577e+06|2025-07-21|2026-06-08
prod|cohort|SUNE|2026-06-09|223||0|5.49|5.88|-6.63265|15.0856|0.293547|0.429218|0.264637|7|2|0|0||0|0|0|0|0|0||1|100|0|25.5992|5.54359|5.92525|1|0|CLEAR_AIR|9.45|0.622222|0|191309|2025-07-21|2026-06-08
prod|cohort|VCX|2026-06-09|56||0|160|147.99|8.11541|16.0417|0.524694|0.524694|0.571347|7|2|0|0||5|4|4|0|4|1|0.38961|0|56.2684|0|4.22584|0.0152043|0.0152043|0|0|INTO_SUPPLY|575|0.257374|0|6.97121e+07|2026-03-19|2026-06-08
prod|cohort|VECO|2026-06-09|223||0|63|61.04|3.21101|5.93331|0.0129811|0.0362928|0.0447033|21|4|0|0||4|4|4|0|4|4|0.184591|0|94.055|0|2.55817|0|0|0|0|IFFY_AT_FIRST_ZONE|65.43|0.932905|0|5.99911e+07|2025-07-21|2026-06-08
prod|cohort|VSH|2026-06-09|223||0|61.975|57.22|8.31003|8.25453|0.0329601|0.0702305|0.0810318|21|5|0|0||1|1|1|0|1|1|0.8337|0|82.1516|0|6.28886|0.138452|0.376369|0|0|INTO_SUPPLY|66.24|0.863829|0|4.10984e+08|2025-07-21|2026-06-08
prod|cohort|AAOI|2026-06-10|224||0|171.79|162.88|5.47028|13.9067|0.148954|0.341243|0.187022|17|3|0|0||6|2|2|0|2|0|1.58432|0|97.7068|0|1.80073|0|0|0|0|CLEARED_NOTHING|233.67|0.697051|0|2.13496e+09|2025-07-21|2026-06-09
prod|cohort|AXTI|2026-06-10|224||0|81.6|78.36|4.13476|14.6818|0.196112|0.389774|0.217551|11|6|0|0||5|2|2|0|2|0|3.47236|0|77.1196|0|3.88402|0|0|0|0|CLEARED_NOTHING|143.16|0.54736|0|9.44809e+08|2025-07-21|2026-06-09
prod|cohort|CASY|2026-06-10|224||0|800.65|761.18|5.18537|3.13358|0.0885203|0.227178|0.165229|4|2|0.194308|0|1.85918|7|7|7|3|4|1|0.232967|0|18.4941|1|4.4077|0.182488|0.182488|0|1|IFFY_AT_FIRST_ZONE|901|0.844817|0|4.06608e+08|2025-07-21|2026-06-09
prod|cohort|CBRL|2026-06-10|224||0|43.5|36.3|19.8347|5.14462|0.244146|0|0.301733|8|4|0.448946|0|6.72503|7|7|7|2|5|1|1.22883|0|62.1359|0|4.31758|0.00305722|0.00305722|0|0|LADDER_CLIMBING|71.93|0.504657|0|3.22371e+07|2025-07-21|2026-06-09
prod|cohort|DKI|2026-06-10|210||0|4.96|5.18|-4.2471|15.3238|0.99629|0.990831|0.993379|14|0|0|0||26|23|23|0|23|0|1.63145|0|100|0|1.2941|0.0886354|0.0886354|0|0|CLEARED_NOTHING|240|0.0215833|0|200134|2025-08-08|2026-06-09
prod|cohort|LAKE|2026-06-10|224||0|10.77|9.54|12.8931|6.05163|0.381969|0.162232|0.536347|10|3|4.60292|0|1.59568|24|14|14|6|8|3|0.713452|0|86.3303|0|2.67046|0.0502919|0.129648|0|0|INTO_SUPPLY|17.9977|0.530068|0|817903|2025-07-21|2026-06-09
prod|cohort|OCC|2026-06-10|224||0|21|21.01|-0.0475964|13.3848|0.0748868|0.108965|0.0740891|11|2|0|0||0|0|0|0|0|0||1|100|0|5.81031|1.90424|2.04665|1|0|CLEAR_AIR|22|0.955|0|5.08544e+06|2025-07-21|2026-06-09
prod|cohort|OPAD|2026-06-10|224||0|5.01|5.09|-1.57171|8.84527|0.999662|0.950575|0.99963|11|5|9.92332|0|0.857501|21|15|15|0|15|0|7.4896|0|100|0|5.12869|0.470552|0.601092|0|0|CLEARED_NOTHING|63.5|0.0801575|0|407433|2025-07-21|2026-06-09
prod|cohort|PDC|2026-06-10|98||0|5.25|5.34|-1.68539|14.8419|0.659809|0.705887|0.647451|3|0|0|0||8|8|8|0|8|6|0.128337|0|56.88|0|3.2767|0|0|0|0|IFFY_AT_FIRST_ZONE|8.4|0.635714|0|370357|2026-01-20|2026-06-09
prod|cohort|SDOT|2026-06-10|224||0|14.31|13.5|6|26.2768|0.10326|0.062008|0.116029|20|3|10.5313|0|65.4457|26|15|15|0|15|0|5.7151|0|100|0|19.0603|2.49455|2.53657|1|0|CLEARED_NOTHING|460|0.0293478|0|570964|2025-07-21|2026-06-09
prod|cohort|SMX|2026-06-10|224||0|13.46|13.09|2.82659|22.1213|0.99237|0.990667|0.997547|24|6|8961.12|0|47.8175|25|15|15|0|15|0|2.19645|0|49.6889|0|1.90973|0.113154|0.113154|0|0|CLEARED_NOTHING|452191|2.89479e-05|0|1.96103e+06|2025-07-21|2026-06-09
prod|cohort|STAK|2026-06-10|224||0|6.48|5.65|14.6903|33.7381|0.0100096|0.0341133|0.0138996|6|3|0|0||1|1|1|0|1|1|1.06119|0|100|0|10.8835|0.440801|0.440801|0|0|CLEARED_NOTHING|8.8|0.642045|0|2.16398e+06|2025-07-21|2026-06-09
prod|cohort|SUJA|2026-06-10|23||1|15.43|15.55|-0.771704|10.2727|0.689225|0.689225|0.67304|0|0|0|0||3|3|3|0|3|2|0.227118|0|54.4844|0|2.2489|0|0|0|0|IFFY_AT_FIRST_ZONE|18.48|0.84145|0|3.39349e+06|2026-05-07|2026-06-09
prod|cohort|VNDA|2026-06-10|224||0|6.1|6.12|-0.326797|3.79589|0.766354|0.959201|0.762257|12|3|1.69294|0|3.943|15|10|10|0|10|1|1.16303|0|60.2471|0|2.97916|0.254125|0.254125|0|0|CLEARED_NOTHING|9.94|0.615694|0|5.48576e+06|2025-07-21|2026-06-09
prod|cohort|AIAI|2026-06-11|19||1|15.39|14.7|4.69388|14.0742|0.209611|0.209611|0.346939|0|0|0|0||1|0|0|0|0|0||1|52.6535|0|2.16435|0|0|0|0|CLEAR_AIR|19.57|0.75115|0|2.8652e+06|2026-05-14|2026-06-10
prod|cohort|AMPG|2026-06-11|225||0|7.96|7.6|4.73684|17.3916|0.00812088|0.0131843|0.0213673|6|1|0|0||0|0|0|0|0|0||1|94.2269|0|3.55042|0|0|0|0|CLEAR_AIR|8.29|0.916767|0|3.56354e+07|2025-07-21|2026-06-10
prod|cohort|BGDE|2026-06-11|29||1|7|6.38|9.71787|13.615|0.256077|0.256077|0.476005|0|0|0|0||4|3|3|0|3|3|0.167883|0|53.7953|0|2.71418|0|0|0|0|IFFY_AT_FIRST_ZONE|8.4|0.759524|0|606900|2026-04-30|2026-06-10
prod|cohort|DKI|2026-06-11|211||0|5.59|5.12|9.17969|15.8137|0.955968|0.958033|0.994946|14|0|0|0||26|23|23|0|23|9|0.690058|0|100|0|1.31832|0.0858899|0.0858899|0|0|INTO_SUPPLY|240|0.0213333|0|200134|2025-08-08|2026-06-10
prod|cohort|DXC|2026-06-11|225||0|9|8.82|2.04082|5.921|0.90867|0.784777|0.941686|13|2|2.33632|0|2.93682|27|23|23|0|23|1|1.19162|0|38.7999|0|2.73876|0.054894|0.054894|0|0|CLEARED_NOTHING|15.68|0.5625|0|3.97125e+07|2025-07-21|2026-06-10
prod|cohort|ELVN|2026-06-11|225||0|45.01|37|21.6486|5.44678|0.0329543|0.0903957|0.226766|6|2|0|0||7|7|7|3|4|4|0.0529859|0|69.5872|0|4.35615|0.0182818|0.0182818|0|0|IFFY_AT_FIRST_ZONE|48.53|0.762415|0|2.64881e+07|2025-07-21|2026-06-10
prod|cohort|IDCC|2026-06-11|225||0|275|253.91|8.30609|3.1522|0.79476|0.717282|0.952682|6|1|0|0||25|18|18|4|14|3|0.216864|0|84.1844|0|2.00776|0|0|0|0|IFFY_AT_FIRST_ZONE|412.6|0.61539|0|8.08984e+07|2025-07-21|2026-06-10
prod|cohort|IMOS|2026-06-11|225||0|60.4|55.12|9.5791|4.77032|0.105334|0.184373|0.215988|83|27|0.147504|0|1.50454|2|1|1|0|1|1|0.30195|0|43.5906|0|7.91474|0.380675|0.841918|0|0|INTO_SUPPLY|70.99|0.776447|0|5.27891e+06|2025-07-21|2026-06-10
prod|cohort|ISOU|2026-06-11|225||0|9.5|9.31|2.04082|7.20641|0.717066|0.96232|0.736602|7|0|0|0||19|9|9|0|9|3|0.46742|0|76.143|0|4.56367|0|0|0|0|INTO_SUPPLY|13.58|0.685567|0|1.1918e+06|2025-07-21|2026-06-10
prod|cohort|KDK|2026-06-11|178||0|6.03|5.79|4.14508|6.00127|0.950268|0.936161|0.988515|3|1|0.22107|0|7.10186|19|13|13|0|13|0|2.90154|0|76.87|0|5.13263|0|0|0|0|CLEARED_NOTHING|11.35|0.510132|0|5.48806e+06|2025-09-25|2026-06-10
prod|cohort|KZIA|2026-06-11|225||0|12.07|11.5|4.95652|8.09055|0.0990224|0.403542|0.125734|7|0|0|0||7|7|7|1|6|2|0.163846|0|48.7956|0|2.75459|0|0|0|0|IFFY_AT_FIRST_ZONE|17.4|0.66092|0|2.10997e+06|2025-07-21|2026-06-10
prod|cohort|MH|2026-06-11|222||0|11.59|12.8|-9.45313|5.45045|0.948142|0.900589|0.780204|9|0|0|0||23|18|18|0|18|0|2.48533|0|68.2478|0|2.30279|0|0|0|0|CLEARED_NOTHING|18|0.711111|0|4.7693e+06|2025-07-24|2026-06-10
prod|cohort|NAVN|2026-06-11|153||0|24.25|20.87|16.1955|6.31784|0|0|0.0891573|7|3|0|0||1|1|1|1|0|0||1|57.1804|0|3.28395|0.110925|0.110925|0|0|CLEAR_AIR|23.53|0.886953|1|6.8742e+07|2025-10-30|2026-06-10
prod|cohort|OCC|2026-06-11|225||0|27.44|26.92|1.93165|13.9482|0.000434314|0.000620223|0.00419837|11|2|0|0||0|0|0|0|0|0||1|100|0|8.55009|1.82732|1.96398|1|0|CLEAR_AIR|27.5|0.978909|0|5.92572e+06|2025-07-21|2026-06-10
prod|cohort|PRTA|2026-06-11|225||0|7.89|7.91|-0.252845|5.26545|0.875817|1|0.873524|2|0|0|0||26|19|19|0|19|1|1.46831|0|73.6809|0|4.61083|0|0|0|0|CLEARED_NOTHING|11.8|0.670339|0|5.05858e+06|2025-07-21|2026-06-10
prod|cohort|SA|2026-06-11|225||0|25.26|25.06|0.798085|6.89652|0.58368|0.868046|0.59798|32|3|0.591254|0|6.57842|16|10|10|0|10|1|1.46952|0|97.1374|0|4.90368|0.0824077|0.0824077|0|0|CLEARED_NOTHING|40.055|0.62564|0|3.11704e+07|2025-07-21|2026-06-10
prod|cohort|SDOT|2026-06-11|225||0|26.75|28.11|-4.83814|29.9002|0.0556404|0.0143179|0.0533984|20|3|4.95106|0|29.2125|26|15|15|0|15|2|1.06773|0|100|0|23.8837|2.19226|2.22919|1|0|CLEARED_NOTHING|460|0.0611087|0|598106|2025-07-21|2026-06-10
prod|cohort|SNSE|2026-06-11|224||0|13.27|11.41|16.3015|14.6118|0.721246|0.957261|0.76055|9|1|0|0||19|13|13|1|12|0|2.61992|0|44.0899|0|4.01144|0.402689|0.402689|0|0|LADDER_CLIMBING|36.76|0.310392|0|708283|2025-07-21|2026-06-10
prod|cohort|TGL|2026-06-11|225||0|4.7|5.15|-8.73786|8.83009|0.949741|0.0703732|0.939592|12|1|6.04823|0|19.4933|17|13|13|0|13|1|1.34935|0|87.9392|0|3.36043|0|0|0|0|CLEARED_NOTHING|58|0.0887931|0|78391.8|2025-07-21|2026-06-10
prod|cohort|VELO|2026-06-11|204||0|24|22.68|5.82011|15.0935|0.0194171|0.0420879|0.0372424|8|1|0|0||2|2|2|1|1|1|0.690141|0|77.5775|0|3.06473|0.0229848|0.0229848|0|0|INTO_SUPPLY|26.5|0.855849|0|6.0542e+07|2025-08-19|2026-06-10
prod|cohort|AERT|2026-06-12|226||0|5.6|5.28|6.06061|10.5594|0.964138|0.146589|0.968742|5|0|0|0||15|14|14|1|13|6|0.270578|0|100|0|4.25151|0|0|0|0|INTO_SUPPLY|11.6|0.455172|0|100887|2025-07-21|2026-06-11
prod|cohort|AKTS|2026-06-12|106||0|21.36|19.46|9.76362|6.45952|0.14914|0.0373685|0.430812|2|0|0|0||8|8|8|4|4|4|0.195687|0|52.4837|0|1.71658|0|0|0|0|IFFY_AT_FIRST_ZONE|29.16|0.667353|0|2.80398e+06|2026-01-09|2026-06-11
prod|cohort|ALOY|2026-06-12|75||0|14.395|14.06|2.38265|11.3413|0.139685|0.00379288|0.160048|2|1|1.56812|0|2.31841|3|3|3|0|3|2|0.0336889|0|51.6497|0|3.79507|0|0|0|0|IFFY_AT_FIRST_ZONE|26.9|0.522677|0|2.24444e+07|2026-02-25|2026-06-11
prod|cohort|ASBP|2026-06-12|226||0|5.915|6|-1.41667|15.6241|0.779591|0.665504|0.763555|12|6|86.1567|0|23.828|27|23|23|0|23|2|1.07665|0|54.712|0|2.25896|0|0|0|0|CLEARED_NOTHING|1050.36|0.00571233|0|794149|2025-07-21|2026-06-11
prod|cohort|ASYS|2026-06-12|226||0|23.51|22.6|4.02655|9.6594|0.00946318|0.0346764|0.0267208|8|3|0|0||3|3|3|0|3|3|0.171736|0|77.9489|0|2.10508|0.040107|0.040107|0|0|IFFY_AT_FIRST_ZONE|24.5|0.922449|0|7.15e+06|2025-07-21|2026-06-11
prod|cohort|BKKT|2026-06-12|226||0|9|8.35|7.78443|10.2199|0.861191|0.528173|0.940045|14|0|0|0||22|17|17|0|17|5|0.282673|0|46.7687|0|4.63282|0|0|0|0|INTO_SUPPLY|49.79|0.167704|0|1.78672e+07|2025-07-21|2026-06-11
prod|cohort|BNAI|2026-06-12|226||0|20.82|21.22|-1.88501|16.39|0.224601|0.763124|0.221848|21|5|0.958737|0|8.37239|12|8|8|0|8|1|1.2982|0|42.1929|0|2.81186|0.0740457|0.0740457|0|0|CLEARED_NOTHING|86.28|0.245943|0|5.31239e+06|2025-07-21|2026-06-11
prod|cohort|EDHL|2026-06-12|225||0|8.46|5.98|41.4716|27.9063|0.408407|0.356668|0.610494|9|3|0|0||12|11|11|3|8|1|0.34733|0|100|0|4.03283|2.2422|3.23846|1|0|INTO_SUPPLY|25.6|0.233594|0|153468|2025-07-21|2026-06-11
prod|cohort|EIKN|2026-06-12|88||0|8.62|8.52|1.17371|9.66062|0.985392|0.974679|0.98936|0|0|0|0||12|9|9|0|9|0|1.91439|0|60.1275|0|2.96356|0|0|0|0|CLEARED_NOTHING|17.4|0.489655|0|2.48114e+06|2026-02-05|2026-06-11
prod|cohort|FJET|2026-06-12|120||0|7.17|6.75|6.22222|16.14|0.701037|0.371145|0.770526|3|1|0|0||12|7|7|0|7|2|1.05423|0|51.5123|0|3.67096|0.0378965|0.0378965|0|0|CLEARED_NOTHING|31.5|0.214286|0|1.91672e+07|2025-12-18|2026-06-11
prod|cohort|PECE|2026-06-12|6|history_too_thin(6d)|1|9.9||||||||||||||||||||||||||||9.92||0|1.17885e+06|2026-06-04|2026-06-11
prod|cohort|PWRL|2026-06-12|12||1|24|22|9.09091|17.7796|0.448279|0.448279|0.48235|0|0|0|0||0|0|0|0|0|0||1|||3.21154|0|0|0||CLEAR_AIR|40|0.55|0|8.3546e+06|2026-05-27|2026-06-11
prod|cohort|SANM|2026-06-12|226||0|246.98|246.98|0|6.04201|0.0553243|0.202232|0.0553243|19|4|0|0||3|2|2|0|2|1|0.551849|0|90.8429|0|3.27536|0.0706212|0.0894325|0|0|INTO_SUPPLY|288.68|0.855549|0|1.94553e+08|2025-07-21|2026-06-11
prod|cohort|SDOT|2026-06-12|226||0|24.83|24.58|1.01709|32.7652|0.0644264|0.0232913|0.0649437|20|3|4.8675|0|28.9555|26|15|15|0|15|2|1.28571|0|100|0|21.386|2.00056|2.03427|1|0|CLEARED_NOTHING|460|0.0534348|0|725364|2025-07-21|2026-06-11
prod|cohort|SHAZ|2026-06-12|80||0|74.6|71.51|4.32107|12.6965|0.0726795|0.0825973|0.0968432|2|0|0|0||1|1|1|0|1|1|1.30284|0|61.8334|0|3.08751|0|0|0|0|CLEARED_NOTHING|86.94|0.822521|0|4.36015e+07|2026-02-18|2026-06-11
prod|cohort|STAK|2026-06-12|226||0|9.22|8.12|13.5468|32.9653|0|0|0.00290929|6|3|0|0||1|1|1|1|0|0||1|77.2163|0|11.4475|0.451135|0.451135|0|0|CLEAR_AIR|8.8|0.922727|1|2.61418e+06|2025-07-21|2026-06-11
prod|cohort|TENX|2026-06-12|226||0|11.36|10.73|5.87139|5.80197|0.749487|0.830866|0.824977|2|0|0|0||16|15|15|0|15|1|1.12274|0|59.3019|0|2.82855|0|0|0|0|CLEARED_NOTHING|18.38|0.583787|0|5.92325e+06|2025-07-21|2026-06-11
prod|cohort|VCX|2026-06-12|59||0|128.33|122.34|4.89619|14.481|0.653463|0.653463|0.691049|7|1|0|0||6|5|5|0|5|1|1.41733|0|60.5576|0|5.99413|0.0168429|0.0168429|0|0|CLEARED_NOTHING|575|0.212765|0|5.4164e+07|2026-03-19|2026-06-11
prod|cohort|XXII|2026-06-12|226||0|6.42|6.32|1.58228|11.8478|0.993894|0.984543|0.994761|21|11|68.9218|0|0.444368|30|25|25|0|25|0|5.6348|0|100|0|4.59911|0.411612|0.624299|0|0|CLEARED_NOTHING|1195.08|0.00528835|0|197562|2025-07-21|2026-06-11
prod|cohort|ABSI|2026-06-15|227||0|7.38|6.8|8.52941|10.0387|5.86889e-05|0.000216205|0.014076|12|1|0|0||3|3|3|2|1|1|0.0134978|0|57.0027|0|3.48649|0|0|0|0|IFFY_AT_FIRST_ZONE|7.39|0.920162|0|2.40115e+07|2025-07-21|2026-06-12
prod|cohort|AEHR|2026-06-15|227||0|118.32|108.47|9.08085|12.1573|0.00239438|0.0056273|0.0173116|19|5|0|0||3|3|3|2|1|1|0.241926|0|49.2041|0|1.99488|0.352399|0.358891|0|0|IFFY_AT_FIRST_ZONE|121.8|0.890558|0|1.97455e+08|2025-07-21|2026-06-12
prod|cohort|AERT|2026-06-15|227||0|6.31|5.8|8.7931|11.3987|0.95286|0.0524208|0.961833|5|0|0|0||13|12|12|3|9|6|0.125129|0|100|0|3.93848|0|0|0|0|IFFY_AT_FIRST_ZONE|11.6|0.5|0|106707|2025-07-21|2026-06-12
prod|cohort|AEVA|2026-06-15|227||0|26.77|24.89|7.55323|11.5117|0.0343561|0.126893|0.0524536|11|1|0|0||2|2|2|0|2|2|0.85343|0|50.9221|0|2.4437|0|0|0|0|INTO_SUPPLY|32.7922|0.759022|0|5.07163e+07|2025-07-21|2026-06-12
prod|cohort|AG|2026-06-15|227||0|19.05|17.65|7.93201|5.9385|0.429886|0.800454|0.468916|32|8|2.70498|0|0.00441976|16|10|10|1|9|0|1.82536|0|53.3307|0|4.5972|0.472726|0.472726|0|0|LADDER_CLIMBING|32.035|0.55096|0|2.0751e+08|2025-07-21|2026-06-12
prod|cohort|ALOY|2026-06-15|76||0|16.48|15.22|8.27858|11.8308|0.0918543|0.00319579|0.137985|2|1|1.31306|0|0.871922|1|1|1|0|1|0|5.34437|0|47.6439|0|4.10434|0|0|0|0|CLEARED_NOTHING|26.9|0.565799|0|2.50032e+07|2026-02-25|2026-06-12
prod|cohort|ARIS|2026-06-15|141||0|17.03|15.89|7.17432|5.43624|0.839003|0.62548|0.943093|20|2|0.383455|0|1.97128|15|11|11|0|11|4|1.04775|0|59.2599|0|4.26094|0.397093|0.674756|0|0|CLEARED_NOTHING|24.9|0.638153|0|1.8737e+07|2025-07-21|2026-06-12
prod|cohort|ARQQ|2026-06-15|227||0|14.37|13.6|5.66176|10.1582|0.892455|0.613358|0.93663|14|0|0|0||25|23|23|2|21|3|0.0612443|0|41.4408|0|3.59747|0|0|0|0|IFFY_AT_FIRST_ZONE|62|0.219355|0|8.14831e+06|2025-07-21|2026-06-12
prod|cohort|ASM|2026-06-15|227||0|6.96|6.39|8.92019|6.31076|0.310499|0.37532|0.447523|30|4|0.341508|0|4.18916|13|9|9|2|7|1|1.28635|0|57.541|0|4.60197|0.501012|0.567258|0|0|LADDER_CLIMBING|11.9883|0.53302|0|2.40378e+07|2025-07-21|2026-06-12
prod|cohort|ASST|2026-06-15|227||0|16.33|15.15|7.78878|7.66611|0.601141|0.31707|0.699964|24|6|9.89076|0|38.0789|21|14|14|1|13|2|1.24613|0|28.9134|1|3.6792|0.215533|0.389227|0|1|LADDER_CLIMBING|252|0.060119|0|7.42627e+07|2025-07-21|2026-06-12
prod|cohort|ASTC|2026-06-15|227||0|21|19.01|10.4682|30.9908|0.234382|0.25736|0.265766|13|1|0|0||1|1|1|0|1|0|7.35242|0|24.2671|1|5.26385|4.61166|4.61166|1|0|CLEARED_NOTHING|68.85|0.276107|0|2.29529e+07|2025-07-21|2026-06-12
prod|cohort|ATRO|2026-06-15|227||0|81.61|80|2.0125|5.2996|0.00222041|0.00974816|0.00441128|13|2|0|0||0|0|0|0|0|0||1|95.0176|0|3.36058|0|0|0|0|CLEAR_AIR|83.2417|0.961057|0|4.23563e+07|2025-07-21|2026-06-12
prod|cohort|AUGO|2026-06-15|227||0|65.95|60.89|8.31007|5.82388|0.498741|0.796144|0.595192|29|1|0|0||11|8|8|0|8|0|1.83553|0|65.6401|0|6.15587|0.172066|0.172066|0|0|CLEARED_NOTHING|110.321|0.551935|0|4.72443e+07|2025-07-21|2026-06-12
prod|cohort|AVNW|2026-06-15|227||0|20.91|19.37|7.95044|4.88879|0.733151|0.406445|0.781091|7|1|1.2228|1||18|12|12|1|11|0|2.25631|0|53.4653|0|2.21104|0|0|0|0|INTO_SUPPLY|27.0199|0.716879|0|2.89737e+06|2025-07-21|2026-06-12
prod|cohort|AXTI|2026-06-15|227||0|107.325|97.18|10.4394|14.8279|0.108425|0.220537|0.152613|11|6|0|0||3|2|2|0|2|1|0.997548|0|47.1436|0|3.97491|0|0|0|0|INTO_SUPPLY|143.16|0.678821|0|9.98619e+08|2025-07-21|2026-06-12
prod|cohort|AYA|2026-06-15|29||1|20.5|18.71|9.56708|7.30805|0.177941|0.177941|0.463477|5|2|0|0||2|2|2|0|2|2|0.780963|0|57.3277|0|3.95448|0.133395|0.266473|0|0|INTO_SUPPLY|21.78|0.859045|0|6.54831e+06|2026-05-04|2026-06-12
prod|cohort|BETR|2026-06-15|227||0|27.75|26.51|4.67748|8.38985|0.915332|0.802274|0.941234|8|1|2.94221|0|2.81335|19|15|15|0|15|1|0.957828|0|75.3866|0|2.44958|0|0|0|0|INTO_SUPPLY|94.06|0.281841|0|9.83578e+06|2025-07-21|2026-06-12
prod|cohort|BOT|2026-06-15|24||1|38.83|35.39|9.72026|20.7171|0.148855|0.148855|0.241886|0|0|0|0||2|1|1|0|1|1|1.21326|0|66.295|0|3.14467|0|0|0|0|CLEARED_NOTHING|59|0.599831|0|2.42645e+07|2026-05-11|2026-06-12
prod|cohort|CHRN|2026-06-15|28||1|19.2|18.36|4.57516|14.3882|0.23296|0.23296|0.345149|1|1|0|0||3|3|3|0|3|2|0.412663|0|61.4289|0|3.22522|0.0257585|0.0257585|0|0|INTO_SUPPLY|24|0.765|0|5.36194e+06|2026-05-05|2026-06-12
prod|cohort|CNL|2026-06-15|227||0|14.66|14.08|4.11932|6.26259|0.424571|0.771936|0.477575|21|1|0.239626|0|0.849585|14|12|11|1|10|2|0.250519|0|44.4709|0|4.06015|0.223896|0.44708|0|0|INTO_SUPPLY|21.97|0.640874|0|726861|2025-07-21|2026-06-12
prod|cohort|CTGO|2026-06-15|227||0|18.05|16.51|9.32768|6.40054|0.822905|0.662981|0.961988|16|3|0.655242|0|0.147148|25|18|18|0|18|0|2.64001|0|43.1028|0|4.90171|0.292266|0.292266|0|0|CLEARED_NOTHING|34.38|0.480221|0|7.77148e+06|2025-07-21|2026-06-12
prod|cohort|DGXX|2026-06-15|227||0|6.76|6.24|8.33333|11.4027|0.271289|0.517065|0.317411|13|4|0.0906822|0|0.648657|4|4|4|0|4|1|0.0259463|0|31.8257|0|2.54348|0.0819535|0.0819535|0|0|IFFY_AT_FIRST_ZONE|9.2|0.678261|0|8.39947e+07|2025-07-21|2026-06-12
prod|cohort|DRD|2026-06-15|227||0|25.52|23.47|8.73455|3.58176|0.654276|0.858949|0.775508|55|18|6.42734|0|1.93641|19|15|15|0|15|0|1.89265|0|67.2173|0|5.75835|0.332632|0.804904|0|0|CLEARED_NOTHING|39.37|0.596139|0|6.44347e+06|2025-07-21|2026-06-12
prod|cohort|DUOT|2026-06-15|227||0|12.66|11.68|8.39041|10.9579|0.087107|0.215942|0.115326|7|0|0|0||2|2|2|1|1|0|1.88861|0|31.6747|0|2.224|0.11871|0.168549|0|0|LADDER_CLIMBING|15.28|0.764398|0|8.25101e+06|2025-07-21|2026-06-12
prod|cohort|EGO|2026-06-15|227||0|32.505|30.66|6.01761|4.38673|0.454617|0.459423|0.585978|31|2|0.84157|0|7.85115|18|16|16|2|14|2|0.0544216|0|63.1559|0|4.25979|0.32067|0.515543|0|0|IFFY_AT_FIRST_ZONE|51.16|0.599296|0|6.88092e+07|2025-07-21|2026-06-12
prod|cohort|EH|2026-06-15|227||0|6.91|6.63|4.22323|6.76985|0.979027|0.902736|0.994361|19|3|0.874311|0|2.12058|22|18|18|0|18|0|7.43913|0|31.6472|0|5.64125|0.473159|0.609092|0|0|CLEARED_NOTHING|20.45|0.324205|0|9.40462e+06|2025-07-21|2026-06-12
prod|cohort|ENVX|2026-06-15|227||0|7.09|6.66|6.45646|9.21799|0.671502|0.241962|0.731385|14|1|1.30416|0|4.98452|16|14|14|2|12|2|0.627338|0|29.8493|1|3.46792|0|0|0|1|INTO_SUPPLY|15.91|0.418605|0|5.48695e+07|2025-07-21|2026-06-12
prod|cohort|EXK|2026-06-15|227||0|9.26|8.59|7.79977|5.92756|0.455996|0.544666|0.564014|23|3|0.765178|0|1.69432|16|12|12|1|11|3|0.910926|0|64.1718|0|4.66082|0.327933|0.411036|0|0|INTO_SUPPLY|15.15|0.566997|0|5.59222e+07|2025-07-21|2026-06-12
prod|cohort|EXOD|2026-06-15|227||0|6.35|6.04|5.13245|8.33444|0.972094|0.849655|0.993194|4|0|0|0||32|29|29|0|29|1|1.04868|0|39.2245|0|2.28113|0|0|0|0|CLEARED_NOTHING|39.9248|0.151284|0|496762|2025-07-21|2026-06-12
prod|cohort|FGNX|2026-06-15|212||0|6.8|6.41|6.08424|10.2836|0.831082|0.306379|0.901439|15|4|4.09775|1|9.5097|29|18|18|1|17|3|0.128703|0|30.9613|0|3.65171|0.146912|0.146912|0|0|IFFY_AT_FIRST_ZONE|128.75|0.0497864|0|897980|2025-08-11|2026-06-12
prod|cohort|GPGI|2026-06-15|98||0|13.85|12.8|8.20312|5.30711|0.797174|0.680831|0.854611|7|2|3.59847|0|1.03396|9|9|9|1|8|0|5.1018|0|72.4889|0|2.01492|0.0383917|0.0383917|0|0|LADDER_CLIMBING|25.93|0.493637|0|2.28922e+07|2026-01-23|2026-06-12
prod|cohort|HL|2026-06-15|227||0|16.57|15.29|8.37148|5.08882|0.536415|0.839475|0.556841|28|9|1.77297|1|2.17026|19|12|12|1|11|1|1.23337|0|45.559|0|4.37854|0.379474|0.379474|0|0|INTO_SUPPLY|34.17|0.447469|0|3.02009e+08|2025-07-21|2026-06-12
prod|cohort|HMY|2026-06-15|227||0|17.52|15.86|10.4666|3.96931|0.473736|0.228615|0.69312|64|5|2.30076|0|0.388253|15|12|12|1|11|1|0.388253|0|59.7121|0|5.66555|0.766622|2.30854|0|0|INTO_SUPPLY|26.06|0.608596|0|7.17979e+07|2025-07-21|2026-06-12
prod|cohort|HQ|2026-06-15|59||0|11.62|10.91|6.50779|12.2669|0.544572|0.544572|0.72335|2|0|0|0||8|6|6|0|6|3|0.0456007|0|27.5382|1|2.66257|0|0|0|1|IFFY_AT_FIRST_ZONE|14.65|0.74471|0|2.77544e+06|2026-03-20|2026-06-12
prod|cohort|HYMC|2026-06-15|227||0|28.67|25.76|11.2966|7.31621|0.610967|0.897218|0.67032|24|7|1.42075|0|0.116802|16|11|11|0|11|0|2.665|0|62.2581|0|4.63302|0.398959|0.398959|0|0|CLEARED_NOTHING|58.7299|0.438618|0|5.81822e+07|2025-07-21|2026-06-12
prod|cohort|IAG|2026-06-15|227||0|17.99|16.65|8.04805|4.72984|0.228126|0.321333|0.339174|33|9|0.758022|0|0.123399|14|12|12|2|10|1|0.129275|0|60.6491|0|3.86022|0.46737|0.46737|0|0|IFFY_AT_FIRST_ZONE|24.87|0.669481|0|8.52961e+07|2025-07-21|2026-06-12
prod|cohort|IDR|2026-06-15|227||0|41.5|36.39|14.0423|7.36145|0.292309|0.248589|0.530424|19|5|0.536825|0|0.366612|21|10|10|7|3|0|3.26677|0|51.8874|0|2.725|0.233362|0.233362|0|0|LADDER_CLIMBING|54.7|0.665265|0|7.73883e+06|2025-07-21|2026-06-12
prod|cohort|INFQ|2026-06-15|82||0|14.52|13.42|8.19672|11.818|0.567909|0.609304|0.711173|8|2|0.139862|0|1.09559|7|3|3|0|3|1|0.792552|0|19.8713|1|3.43688|0.119811|0.119811|0|1|INTO_SUPPLY|21.28|0.630639|0|2.74514e+08|2026-02-17|2026-06-12
prod|cohort|IPWR|2026-06-15|227||0|6.47|6.1|6.06557|15.5982|0.40389|0.53524|0.460527|3|0|0|0||3|3|3|0|3|2|0.426079|0|11.2905|1|3.02948|0|0|0|1|INTO_SUPPLY|9.3|0.655914|0|5.57825e+06|2025-07-21|2026-06-12
prod|cohort|JBLU|2026-06-15|227||0|5.34|5.01|6.58683|5.01519|0.144068|0.165429|0.365617|14|1|0.130689|1||17|14|13|6|7|2|0.560096|0|77.5323|0|3.44335|0.309845|0.788458|0|0|INTO_SUPPLY|6.5|0.770769|0|1.23745e+08|2025-07-21|2026-06-12
prod|cohort|LEU|2026-06-15|227||0|170.575|162.58|4.91758|7.05994|0.967087|0.860551|0.987219|9|1|0.249126|0|7.25971|29|21|21|0|21|0|1.57152|0|43.3601|0|4.12988|0|0|0|0|CLEARED_NOTHING|464.25|0.350199|0|1.52256e+08|2025-07-21|2026-06-12
prod|cohort|LII|2026-06-15|227||0|522.69|512.15|2.05799|3.57908|0.417842|0.158138|0.507907|13|1|0|0||16|13|13|2|11|4|0.12348|0|57.0696|0|2.43995|0.19629|0.293189|0|0|IFFY_AT_FIRST_ZONE|689.44|0.742849|0|1.86835e+08|2025-07-21|2026-06-12
prod|cohort|LIXT|2026-06-15|227||0|6.3|6.19|1.77706|13.3343|0.132233|0.457387|0.141888|3|1|0|0||3|1|1|0|1|1|1.42847|0|51.7928|0|1.78824|0|0|0|0|CLEARED_NOTHING|7.51|0.824234|0|1.15239e+06|2025-07-21|2026-06-12
prod|cohort|MMYT|2026-06-15|227||0|46.738|43.15|8.31518|6.1895|0.76961|0.222546|0.854777|8|0|0|0||23|22|22|3|19|3|0.329087|0|84.6671|0|3.03047|0|0|0|0|INTO_SUPPLY|104.99|0.410992|0|4.36345e+07|2025-07-21|2026-06-12
prod|cohort|MUX|2026-06-15|227||0|20.4|18.91|7.87943|5.55021|0.404011|0.70174|0.565393|28|5|1.63393|0|0.220801|16|8|8|1|7|0|1.64046|0|42.2051|0|4.29677|0.178811|0.336484|0|0|LADDER_CLIMBING|29.7|0.6367|0|2.00203e+07|2025-07-21|2026-06-12
prod|cohort|NG|2026-06-15|227||0|8|7.44|7.52688|5.18684|0.695645|0.670402|0.796133|21|3|0.771182|0|0.120497|23|12|12|0|12|2|1.08255|0|63.9278|0|4.2391|0.235403|0.347639|0|0|CLEARED_NOTHING|14.398|0.516738|0|2.03723e+07|2025-07-21|2026-06-12
prod|cohort|NTLA|2026-06-15|227||0|12.78|12.11|5.53262|7.73202|0.560849|0.751169|0.673501|8|1|8.3135|0|4.36168|16|13|13|0|13|4|0.858674|0|44.5972|0|2.60044|0.0816522|0.0816522|0|0|INTO_SUPPLY|28.25|0.428673|0|6.37351e+07|2025-07-21|2026-06-12
prod|cohort|NUAI|2026-06-15|210||0|5.83|5.45|6.97248|13.0047|0.102146|0.0534435|0.143963|12|3|0|0||9|8|8|1|7|3|0.501205|0|47.5159|0|2.99654|0|0|0|0|INTO_SUPPLY|9.445|0.577025|0|3.14447e+07|2025-08-13|2026-06-12
prod|cohort|NVTS|2026-06-15|227||0|25.15|23.39|7.52458|12.2284|0.0591453|0.204287|0.074365|25|5|0|0||4|4|3|1|2|0|2.81911|0|35.9805|0|3.57023|0.588597|1.06923|0|0|LADDER_CLIMBING|34.17|0.684519|0|6.88299e+08|2025-07-21|2026-06-12
prod|cohort|OUST|2026-06-15|227||0|44.1|39.8|10.804|11.9061|0.0329791|0.0931063|0.0866094|18|2|0|0||3|2|2|1|1|1|1.00751|0|39.411|0|1.99609|0.0929954|0.0929954|0|0|LADDER_CLIMBING|49.39|0.805831|0|1.93444e+08|2025-07-21|2026-06-12
prod|cohort|PPTA|2026-06-15|227||0|25.95|24.09|7.72105|6.71709|0.416867|0.640819|0.5733|20|4|0.401587|0|1.97925|17|10|10|1|9|3|0.602381|0|59.8252|0|3.39485|0.178364|0.178364|0|0|INTO_SUPPLY|37.37|0.644635|0|4.57422e+07|2025-07-21|2026-06-12
prod|cohort|PRLB|2026-06-15|227||0|80.51|78.94|1.98885|3.71757|0|0|0.00097922|11|2|0|0||0|0|0|0|0|0||1|58.9475|0|2.72589|0.0376952|0.0376952|0|0|CLEAR_AIR|79.48|0.993206|1|1.44149e+07|2025-07-21|2026-06-12
prod|cohort|PURR|2026-06-15|132||0|9.565|8.7|9.94253|9.88229|0.136803|0.185414|0.220468|13|6|0.105793|0|0.4602|2|2|2|1|1|0|2.17405|0|36.8804|0|4.02868|0.351876|0.653393|0|0|LADDER_CLIMBING|11.62|0.748709|0|1.54013e+08|2025-12-03|2026-06-12
prod|cohort|QBTS|2026-06-15|227||0|24.91|23.37|6.58964|10.1941|0.460972|0.286012|0.530308|15|3|0|0||14|9|9|0|9|1|0.937246|0|21.2269|1|2.45329|0.106709|0.106709|0|1|INTO_SUPPLY|46.75|0.499893|0|9.04224e+08|2025-07-21|2026-06-12
prod|cohort|QMCO|2026-06-15|227||0|15.28|13.74|11.2082|13.9016|0.0225214|0.100945|0.0644102|16|0|0|0||2|1|1|0|1|1|0.0235387|0|37.8382|0|4.14166|0|0|0|0|IFFY_AT_FIRST_ZONE|18.48|0.743506|0|1.20439e+07|2025-07-21|2026-06-12
prod|cohort|QUBT|2026-06-15|227||0|10.74|9.93|8.1571|9.12064|0.760343|0.449138|0.818667|15|2|0.224591|0|4.44078|24|18|18|2|16|0|1.72537|0|35.6183|0|2.82425|0.158552|0.158552|0|0|LADDER_CLIMBING|25.84|0.384288|0|2.20522e+08|2025-07-21|2026-06-12
prod|cohort|REAL|2026-06-15|227||0|10.79|10.28|4.96109|5.81042|0.490288|0.272273|0.565737|11|3|2.13735|0|0.0478512|19|12|12|2|10|0|4.1471|0|69.3891|0|2.54369|0|0|0|0|LADDER_CLIMBING|17.3922|0.59107|0|2.65029e+07|2025-07-21|2026-06-12
prod|cohort|RGTI|2026-06-15|227||0|22.47|20.98|7.102|11.2047|0.593698|0.323356|0.625355|17|4|0.31775|0|3.85669|14|10|10|1|9|0|1.60063|0|26.8145|1|2.80193|0.226765|0.226765|0|1|LADDER_CLIMBING|58.1501|0.36079|0|1.09332e+09|2025-07-21|2026-06-12
prod|cohort|SA|2026-06-15|227||0|30.49|28.04|8.73752|7.01828|0.303013|0.387604|0.481423|32|3|0.481337|0|2.91139|13|9|9|1|8|3|0.037105|0|64.8757|0|4.8186|0.0809779|0.0809779|0|0|IFFY_AT_FIRST_ZONE|40.055|0.700037|0|3.11704e+07|2025-07-21|2026-06-12
prod|cohort|SBSW|2026-06-15|227||0|10.92|9.86|10.7505|4.27499|0.666678|0.871486|0.751269|69|19|7.66148|1|1.24243|17|14|14|0|14|0|1.94761|0|56.0985|0|6.45004|0.890022|1.53469|0|0|INTO_SUPPLY|21.29|0.463128|0|5.70539e+07|2025-07-21|2026-06-12
prod|cohort|SCZM|2026-06-15|100||0|7.68|6.98|10.0287|7.07994|0.857319|0.73488|0.935949|16|5|2.06202|0|1.50808|13|9|9|0|9|2|0.96149|0|61.5815|0|4.28013|0.214006|0.214006|0|0|INTO_SUPPLY|17.645|0.395579|0|4.01568e+06|2026-01-21|2026-06-12
prod|cohort|SDOT|2026-06-15|227||0|22.25|16.21|37.261|35.762|0.077139|0.0364703|0.116905|20|3|4.97673|0|29.9295|26|15|15|0|15|0|1.6388|0|100|0|10.514|1.83292|1.8638|1|0|CLEARED_NOTHING|460|0.0352391|0|1.06605e+06|2025-07-21|2026-06-12
prod|cohort|SHAZ|2026-06-15|81||0|65.76|62.32|5.5199|13.4238|0.204013|0.230989|0.292596|2|0|0|0||1|1|1|0|1|0|2.39931|0|76.3574|0|2.72759|0|0|0|0|CLEARED_NOTHING|86.94|0.716816|0|4.36015e+07|2026-02-18|2026-06-12
prod|cohort|SII|2026-06-15|227||0|127.59|118.8|7.39899|3.93119|0.363138|0.81557|0.473215|22|7|0.322999|0|0.0817415|11|10|10|1|9|1|1.18529|0|51.7745|0|4.0869|0.223377|0.323769|0|0|LADDER_CLIMBING|169.63|0.700348|0|1.85893e+07|2025-07-21|2026-06-12
prod|cohort|SKIL|2026-06-15|227||0|6.04|6.04|0|9.99451|0.735272|0.494223|0.735272|7|0|0|0||22|18|18|0|18|1|1.14765|0|100|0|3.73464|0|0|0|0|CLEARED_NOTHING|18.45|0.327371|0|415676|2025-07-21|2026-06-12
prod|cohort|SMR|2026-06-15|227||0|10.4356|9.89|5.51668|8.83365|0.929647|0.797611|0.965316|15|3|0.526879|0|16.4175|31|22|22|0|22|2|0.606827|0|37.2475|0|4.39607|0.134057|0.134057|0|0|INTO_SUPPLY|57.42|0.17224|0|3.35976e+08|2025-07-21|2026-06-12
prod|cohort|SNSE|2026-06-15|226||0|15.21|13|17|15.9134|0.70605|0.89179|0.722187|9|1|0|0||13|13|13|1|12|1|1.29729|0|70.1518|0|4.04099|0.369754|0.369754|0|0|LADDER_CLIMBING|36.76|0.353645|0|727784|2025-07-21|2026-06-12
prod|cohort|STEM|2026-06-15|227||0|7.69|7.31|5.19836|7.69295|0.994316|0.95938|0.999299|15|3|1.46487|0|3.71881|26|23|23|0|23|0|2.80601|0|41.9485|0|4.21012|0.11027|0.11027|0|0|CLEARED_NOTHING|32.23|0.226807|0|1.54332e+06|2025-07-21|2026-06-12
prod|cohort|STX|2026-06-15|227||0|1032.52|931.04|10.8993|6.1982|0|0|0.00572071|29|9|0|0||1|1|1|1|0|0||1|64.3636|0|2.35463|0|0|0|0|CLEAR_AIR|966.8|0.963012|1|2.68186e+09|2025-07-21|2026-06-12
prod|cohort|SVM|2026-06-15|227||0|12.25|11.3|8.40708|6.26997|0.143969|0.376971|0.24237|29|4|0.739254|0|2.47008|9|5|5|2|3|0|1.58839|0|62.8692|0|4.85812|0.271198|0.271198|0|0|LADDER_CLIMBING|15.77|0.71655|0|3.99232e+07|2025-07-21|2026-06-12
prod|cohort|TDIC|2026-06-15|225||0|6.44|5.7425|12.1463|31.694|0.990497|0.98861|0.995282|14|3|0.605067|0|0.318456|30|25|25|0|25|0|3.70389|0|33.4753|0|2.23182|0.55781|1.14683|0|0|CLEARED_NOTHING|831.25|0.00690827|0|3.64966e+06|2025-07-23|2026-06-12
prod|cohort|TRIP|2026-06-15|227||0|13.6|12.41|9.58904|5.02698|0.460636|0|0.523413|9|0|0|0||22|19|19|2|17|2|0.658213|0|84.621|0|3.97518|0|0|0|0|INTO_SUPPLY|20.16|0.615575|0|3.78426e+07|2025-07-21|2026-06-12
prod|cohort|UAMY|2026-06-15|227||0|7.53|7.04|6.96023|8.85169|0.70348|0.945953|0.763439|16|3|0.0750152|0|1.38028|17|9|9|1|8|1|0.959444|0|54.6862|0|4.34913|0.0653022|0.0653022|0|0|INTO_SUPPLY|19.71|0.357179|0|8.21604e+07|2025-07-21|2026-06-12
prod|cohort|UBXG|2026-06-15|227||0|8.35|7.87|6.09911|16.7178|0.473685|0.35977|0.540113|11|3|0.664427|0|4.09043|23|6|6|0|6|0|3.12872|0|100|0|9.17479|0.099902|0.099902|0|0|CLEARED_NOTHING|112.5|0.0699556|0|327059|2025-07-21|2026-06-12
prod|cohort|UEC|2026-06-15|227||0|11.64|11.03|5.53037|7.95444|0.783155|0.871336|0.82808|11|2|0.486015|0|0.550817|28|18|17|0|17|1|1.04763|0|72.2025|0|5.63103|0.44863|0.497|0|0|CLEARED_NOTHING|20.34|0.542281|0|1.34521e+08|2025-07-21|2026-06-12
prod|cohort|ULCC|2026-06-15|227||0|6.73|6.25|7.68|7.08617|0|0|0.0138774|21|3|0|0||2|2|2|2|0|0||1|100|0|3.37723|0.270836|0.622939|0|0|CLEAR_AIR|6.66|0.938438|1|2.29323e+07|2025-07-21|2026-06-12
prod|cohort|USAS|2026-06-15|227||0|5.75|5.28|8.90152|7.25427|0.540409|0.566424|0.699046|32|5|0.839086|1|1.91791|12|7|7|0|7|1|1.17472|0|47.5379|0|4.40551|0.259357|0.343061|0|0|INTO_SUPPLY|10.5|0.502857|0|2.27664e+07|2025-07-21|2026-06-12
prod|cohort|WDC|2026-06-15|227||0|618.78|562.925|9.92228|6.02503|0|0|0.00874187|31|13|0|0||1|1|1|1|0|0||1|61.8212|0|3.43554|0.360206|0.732595|0|0|CLEAR_AIR|602.54|0.934253|1|3.3762e+09|2025-07-21|2026-06-12
prod|cohort|WOLF|2026-06-15|227||0|51.25|43.14|18.7993|16.3321|0.0915357|0.53075|0.114118|15|3|0|0||3|2|2|0|2|0|2.24008|0|27.7169|1|3.13582|0|0|0|1|CLEARED_NOTHING|80.82|0.533779|0|4.89847e+08|2025-07-21|2026-06-12
prod|cohort|XE|2026-06-15|35||0|19.84|18.59|6.72405|8.35529|0.936192|0.936192|0.966315|1|0|0|0||5|4|4|0|4|0|6.41254|0|67.2983|0|5.30767|0|0|0|0|CLEARED_NOTHING|37.1|0.501078|0|1.03289e+08|2026-04-24|2026-06-12
prod|cohort|XNDU|2026-06-15|54||0|12.75|11.79|8.14249|9.98095|0.872607|0.872607|0.963677|4|3|8.00269|0|0.903682|4|3|3|0|3|0|5.17841|0|25.8708|1|4.11595|0.12749|0.12749|0|1|CLEARED_NOTHING|42.44|0.277804|0|5.61413e+07|2026-03-27|2026-06-12
prod|cohort|AIBZ|2026-06-16|5|history_too_thin(5d)|1|7.5||||||||||||||||||||||||||||10.25||0|2.15816e+06|2026-06-09|2026-06-15
prod|cohort|BARK|2026-06-16|228||0|8.69|8.55|1.63743|8.49464|0.988375|0.919269|0.994371|6|1|1.33436|0|8.54801|28|23|23|0|23|0|1.53078|0|97.02|0|1.90574|0|0|0|0|CLEARED_NOTHING|22.6|0.378319|0|484138|2025-07-21|2026-06-15
prod|cohort|CNXU|2026-06-16|17||1|9.98|9.82|1.62933|16.6785|0.990051|0.990051|0.995079|1|0|0|0||1|1|1|0|1|0|5.29373|0|42.9796|0|3.061|0.419318|0.419318|0|0|CLEARED_NOTHING|18.7915|0.522577|0|891911|2026-05-21|2026-06-15
prod|cohort|EOSE|2026-06-16|228||0|7.115|6.38|11.5204|9.41821|0.664314|0.506873|0.788113|14|2|1.71615|0|4.29037|27|22|22|6|16|1|1.44753|0|32.0013|0|4.41529|0|0|0|0|LADDER_CLIMBING|19.86|0.321249|0|1.693e+08|2025-07-21|2026-06-15
prod|cohort|EWTX|2026-06-16|228||0|35.705|35.21|1.40585|5.77333|0.0844399|0.300413|0.0928185|3|0|0|0||2|1|1|0|1|0|2.45468|0|42.0957|0|3.6502|1.37412|1.37412|1|0|CLEARED_NOTHING|40.765|0.863731|0|3.6856e+07|2025-07-21|2026-06-15
prod|cohort|LIXT|2026-06-16|228||0|6.86|6.72|2.08333|12.8294|0.0779005|0.261275|0.0974964|3|1|0|0||1|1|1|0|1|1|0.738555|0|62.8555|0|1.85586|0|0|0|0|INTO_SUPPLY|7.51|0.894807|0|1.29548e+06|2025-07-21|2026-06-15
prod|cohort|OSS|2026-06-16|228||0|18.51|17.23|7.4289|8.62771|0.0156271|0.0469618|0.0456775|10|1|0|0||3|3|3|2|1|1|1.48404|0|42.4498|0|2.81789|0|0|0|0|LADDER_CLIMBING|20.88|0.825192|0|2.41009e+07|2025-07-21|2026-06-15
prod|cohort|PLOW|2026-06-16|228||0|47|47.07|-0.148715|2.56245|0.0385488|0.121003|0.0369136|15|3|0|0||3|3|3|0|3|2|0.132852|0|64.9342|0|2.83646|0.131398|0.202482|0|0|IFFY_AT_FIRST_ZONE|52.3299|0.899486|0|7.59086e+06|2025-07-21|2026-06-15
prod|cohort|PURR|2026-06-16|133||0|10.332|9.34|10.621|9.65024|0.0940587|0.128138|0.159479|14|6|0|0||1|1|1|0|1|1|1.29179|0|42.4734|0|4.04969|0.360338|0.722703|0|0|CLEARED_NOTHING|11.62|0.803787|0|1.54013e+08|2025-12-03|2026-06-15
prod|cohort|RXT|2026-06-16|228||0|6.765|5.915|14.3702|16.1688|0.010201|0.0234688|0.0463965|6|3|0|0||2|2|2|1|1|1|0.80909|0|42.4937|0|1.6738|0|0|0|0|INTO_SUPPLY|7.65|0.773203|0|9.49186e+07|2025-07-21|2026-06-15
prod|cohort|SHMD|2026-06-16|228||0|6.98|6.23|12.0385|12.3517|0.292523|0.19091|0.534641|5|0|0|0||17|16|16|5|11|6|0.243577|0|62.7998|0|3.3008|0|0|0|0|IFFY_AT_FIRST_ZONE|10.65|0.584977|0|7.86457e+06|2025-07-21|2026-06-15
prod|cohort|SLMT|2026-06-16|175||0|5.51|5.6|-1.60714|14.7113|0.904225|0.658895|0.897362|5|1|24.4265|0|39.2182|25|20|20|0|20|3|0.123366|0|100|0|2.46683|0.0353422|0.0353422|0|0|IFFY_AT_FIRST_ZONE|258|0.0217054|0|672778|2025-10-03|2026-06-15
prod|cohort|STI|2026-06-16|228||0|21.55|20.9|3.11005|18.9882|0.476544|0.879698|0.498797|8|2|0.210168|0|0.439886|2|0|0|0|0|0||1|24.915|1|7.99353|14.3365|14.5271|1|0|CLEARED_NOTHING|46|0.454348|0|316021|2025-07-21|2026-06-15
prod|cohort|TDIC|2026-06-16|226||0|9.35|5.43|72.1915|27.6067|0.928599|0.914482|0.997013|14|3|0|0||30|25|25|0|25|0|1.80147|0|34.7517|0|2.76347|0.640397|1.22851|0|0|CLEARED_NOTHING|831.25|0.00653233|0|3.11314e+06|2025-07-23|2026-06-15
prod|cohort|UBXG|2026-06-16|228||0|9.81|9.7|1.13402|17.5903|0.257361|0.107994|0.276484|11|3|0.537493|0|2.46291|23|8|8|0|8|0|1.68492|0|100|0|11.9027|0.0949473|0.0949473|0|0|CLEARED_NOTHING|112.5|0.0862222|0|335003|2025-07-21|2026-06-15
prod|cohort|VNCE|2026-06-16|228||0|4.99|5.01|-0.399202|7.18661|0.0133517|0.156366|0.0127294|7|3|0|0||2|2|2|0|2|1|0.794732|0|100|0|2.63252|0.0316965|0.0316965|0|0|INTO_SUPPLY|5.9|0.849153|0|510477|2025-07-21|2026-06-15
prod|cohort|WDC|2026-06-16|228||0|686.775|653.53|5.08699|6.161|0|0|0.000537448|32|14|0|0||0|0|0|0|0|0||1|82.5665|0|4.9942|1.14498|1.86141|1|0|CLEAR_AIR|658.8|0.992001|1|3.39795e+09|2025-07-21|2026-06-15
prod|cohort|WYFI|2026-06-16|215||0|29.63|29.98|-1.16744|11.0438|0.143355|0.122053|0.134845|18|2|0|0||7|7|7|0|7|3|0.484374|0|72.1023|0|3.02368|0|0|0|0|INTO_SUPPLY|40.75|0.735706|0|3.21691e+07|2025-08-07|2026-06-15
prod|cohort|ACMR|2026-06-17|229||0|100.28|91.18|9.98026|9.21279|0|0|0.0215983|30|6|0|0||2|0|0|0|0|0||1|42.7503|0|2.31113|0|0|0|0|CLEAR_AIR|99.97|0.912074|1|1.38902e+08|2025-07-21|2026-06-16
prod|cohort|AEHR|2026-06-17|229||0|114.455|104.83|9.18153|11.7674|0.0102866|0.0243881|0.0367438|20|5|0|0||4|1|1|0|1|1|0.54535|0|54.8355|0|2.00017|0.364076|0.590491|0|0|INTO_SUPPLY|126.62|0.82791|0|1.82912e+08|2025-07-21|2026-06-16
prod|cohort|AIBZ|2026-06-17|6|history_too_thin(6d)|1|8.5||||||||||||||||||||||||||||10.25||0|2.24271e+06|2026-06-09|2026-06-16
prod|cohort|ALOT|2026-06-17|229||0|28.525|16.69|70.9107|5.10614|0|0|0.0350195|15|3|0|0||0|0|0|0|0|0||1|51.4359|0|3.1551|0|0|0|0|CLEAR_AIR|17.72|0.941874|1|998796|2025-07-21|2026-06-16
prod|cohort|BGDE|2026-06-17|33||0|8.8|8.34|5.51559|13.1244|0.0056023|0.0056023|0.0272184|0|0|0|0||1|0|0|0|0|0||1|49.9885|0|2.3185|0|0|0|0|CLEAR_AIR|9|0.926667|0|681375|2026-04-30|2026-06-16
prod|cohort|BHVN|2026-06-17|229||0|13.16|12.09|8.85029|8.48802|0.270961|0|0.313536|8|1|0.402856|0|2.94533|15|7|7|2|5|2|0.758175|0|33.8145|0|2.12953|0|0|0|0|INTO_SUPPLY|18.5657|0.651201|0|2.97838e+07|2025-07-21|2026-06-16
prod|cohort|BRAI|2026-06-17|86||0|9.4|7.49|25.5007|18.8213|0.566301|0.761217|0.794398|1|0|0|0||9|4|4|2|2|1|0.776225|0|10.8181|1|4.57826|0|0|0|1|INTO_SUPPLY|32.9967|0.226992|0|498010|2026-02-12|2026-06-16
prod|cohort|BTGO|2026-06-17|101||0|5.95|5.44|9.375|10.5562|0.810075|0.652673|0.916673|6|1|0.67665|0|7.80934|13|7|7|1|6|1|0.589084|0|61.3722|0|2.55705|0|0|0|0|INTO_SUPPLY|24.5|0.222041|0|9.80546e+06|2026-01-22|2026-06-16
prod|cohort|CLPT|2026-06-17|229||0|18.15|13.34|36.057|6.90115|0.229142|0|0.571614|11|2|2.57074|0|1.2215|18|16|16|11|5|1|0.447085|0|30.9257|0|3.06317|0|0|0|0|INTO_SUPPLY|30.0999|0.443191|0|5.61934e+06|2025-07-21|2026-06-16
prod|cohort|EOSE|2026-06-17|229||0|7.05|6.81|3.52423|9.54124|0.672878|0.529623|0.714899|14|2|1.70964|0|4.37072|24|19|19|2|17|1|0.139596|0|50.0626|0|4.97395|0|0|0|0|IFFY_AT_FIRST_ZONE|19.86|0.3429|0|1.693e+08|2025-07-21|2026-06-16
prod|cohort|EXYN|2026-06-17|22||1|6.6|6.43|2.64386|16.6612|0.157888|0.157888|0.234149|0|0|0|0||2|2|2|1|1|1|0.545633|0|18.174|1|1.42047|0|0|0|1|INTO_SUPPLY|7.2|0.893056|0|897246|2026-05-15|2026-06-16
prod|cohort|HQ|2026-06-17|61||0|18.98|18.7|1.49733|13.6861|0.0231637|0.0232534|0.0320484|3|1|0|0||0|0|0|0|0|0||1|100|0|5.31785|0.180825|0.180825|0|0|CLEAR_AIR|19.71|0.948757|0|3.26242e+06|2026-03-20|2026-06-16
prod|cohort|JBL|2026-06-17|229||0|412.36|375.51|9.81332|4.18334|0|0|0.0207648|16|2|0|0||2|0|0|0|0|0||1|35.2619|0|2.14147|0.119532|0.119532|0|0|CLEAR_AIR|398.89|0.941387|1|3.79254e+08|2025-07-21|2026-06-16
prod|cohort|LZB|2026-06-17|229||0|42.18|35.06|20.308|3.30379|0|0|0.575152|12|1|0|0||19|10|10|10|0|0||1|100|0|3.184|0|0|0|0|CLEAR_AIR|40.75|0.860368|1|1.35122e+07|2025-07-21|2026-06-16
prod|cohort|MNTS|2026-06-17|229||0|10.72|9.31|15.145|21.4985|0.549375|0.644732|0.613313|15|2|0|0||19|12|12|0|12|0|2.44849|0|53.3117|0|3.36638|0.357575|0.371216|0|0|CLEARED_NOTHING|43.554|0.213758|0|7.58164e+07|2025-07-21|2026-06-16
prod|cohort|NXTS|2026-06-17|77||0|5.53|5.82|-4.98282|14.3095|0.466248|0.448888|0.327898|2|0|0|0||6|6|6|0|6|4|0.394786|0|100|0|1.40872|0.0697443|0.0760063|0|0|INTO_SUPPLY|8.33|0.698679|0|64552.6|2026-02-26|2026-06-16
prod|cohort|PBLS|2026-06-17|5|history_too_thin(5d)|1|30||||||||||||||||||||||||||||34.4706||0|4.84843e+07|2026-06-10|2026-06-16
prod|cohort|PDYN|2026-06-17|229||0|6.16|5.97|3.18258|9.41095|0.865177|0.819946|0.892076|18|1|0|0||26|20|20|0|20|4|0.845243|0|33.2913|0|4.19405|0.734771|0.734771|0|0|INTO_SUPPLY|13|0.459231|0|1.40247e+07|2025-07-21|2026-06-16
prod|cohort|PLBL|2026-06-17|193||0|7.67|7.56|1.45503|13.6366|0.716147|0.371701|0.737629|24|1|0.267704|0|3.37499|20|12|12|0|12|2|1.1473|0|94.8074|0|4.15389|0.0492987|0.0492987|0|0|CLEARED_NOTHING|13.48|0.560831|0|164751|2025-08-08|2026-06-16
prod|cohort|QURE|2026-06-17|229||0|43.55|26.99|61.3561|6.15401|0.203167|0|0.406063|13|3|8.37668|1||8|7|7|6|1|0|10.4288|0|30.4416|0|3.02836|1.49091|1.49091|1|0|INTO_SUPPLY|71.5|0.377483|0|2.75489e+07|2025-07-21|2026-06-16
prod|cohort|QXL|2026-06-17|33||0|5.8|5.54|4.69314|10.7001|0|0|0.0104315|2|0|0|0||0|0|0|0|0|0||1|40.7029|0|2.5809|0.101805|0.101805|0|0|CLEAR_AIR|5.6|0.989286|1|342165|2026-04-30|2026-06-16
prod|cohort|REPL|2026-06-17|229||0|9.49|8.78|8.08656|9.59121|0.0922914|0.0461273|0.177482|12|3|0.999774|0|1.94461|10|7|7|2|5|2|0.0823989|0|4.12876|1|6.22285|6.3493|6.3493|1|0|IFFY_AT_FIRST_ZONE|13.24|0.663142|0|2.39309e+07|2025-07-21|2026-06-16
prod|cohort|RGNT|2026-06-17|128||0|7|6.1|14.7541|36.0149|0.383948|0.383212|0.46879|15|0|0|0||7|0|0|0|0|0||1|100|0|12.738|1.73539|1.88068|1|0|CLEAR_AIR|15.5|0.393548|0|123938|2025-12-04|2026-06-16
prod|cohort|RGNX|2026-06-17|229||0|7.18|6.93|3.6075|7.10126|0.792877|0.431851|0.817067|15|3|5.88032|0|1.86322|15|6|6|0|6|2|0|0|50.9456|0|2.23123|0.169153|0.181935|0|0|IFFY_AT_FIRST_ZONE|16.19|0.428042|0|9.33083e+06|2025-07-21|2026-06-16
prod|cohort|RXT|2026-06-17|229||0|6.035|6.21|-2.81804|15.7311|0.0625683|0.14011|0.0493334|6|3|0|0||1|1|1|0|1|0|1.70113|0|61.0431|0|2.04478|0|0|0|0|CLEARED_NOTHING|7.65|0.811765|0|9.49186e+07|2025-07-21|2026-06-16
prod|cohort|SDOT|2026-06-17|229||0|11|8.67|26.8743|45.2489|0.310413|0.280455|0.54961|20|3|7.956|0|50.1067|27|16|16|0|16|0|4.88008|0|100|0|4.93314|1.44863|1.44863|1|0|CLEARED_NOTHING|460|0.0188478|0|4.85699e+06|2025-07-21|2026-06-16
prod|cohort|SHAZ|2026-06-17|83||0|81|76.68|5.6338|13.3856|0.0189677|0.021597|0.0561836|2|0|0|0||1|1|1|0|1|1|0.547852|0|75.4856|0|2.60341|0|0|0|0|INTO_SUPPLY|86.94|0.881988|0|4.38888e+07|2026-02-18|2026-06-16
prod|cohort|SMHI|2026-06-17|229||0|7.13|7.11|0.281294|5.02475|0.435327|0.891726|0.447385|7|1|0|0||14|9|9|0|9|2|0.949019|0|36.5642|0|1.83872|0|0|0|0|INTO_SUPPLY|8.17|0.870257|0|488396|2025-07-21|2026-06-16
prod|cohort|TRT|2026-06-17|226||0|13.57|12.59|7.78396|13.5268|0.431235|0.478947|0.589624|15|2|0|0||5|3|3|0|3|1|0.157987|0|53.3476|0|2.74375|0|0|0|0|IFFY_AT_FIRST_ZONE|21.38|0.588868|0|1.02042e+07|2025-07-21|2026-06-16
prod|cohort|WNC|2026-06-17|229||0|10.35|9.28|11.5302|5.56812|0.221748|0|0.501767|13|0|0|0||17|14|14|4|10|5|0.190873|0|80.0105|0|5.31382|0.0681139|0.0681139|0|0|IFFY_AT_FIRST_ZONE|12.94|0.717156|0|5.85567e+06|2025-07-21|2026-06-16
prod|cohort|AGPU|2026-06-18|128||0|6.52|6.23|4.6549|14.0163|0.463512|0.458465|0.476465|7|1|0|0||7|3|3|0|3|0|1.65233|0|64.763|0|2.48629|0|0|0|0|CLEARED_NOTHING|10.86|0.573665|0|2.03372e+06|2025-12-12|2026-06-17
prod|cohort|BFLY|2026-06-18|230||0|7.21|5.71|26.2697|7.19632|0|0|0.00897095|14|2|0|0||2|2|2|2|0|0||1|38.7431|0|3.58256|0|0|0|0|CLEAR_AIR|6.14|0.929967|1|2.11956e+07|2025-07-21|2026-06-17
prod|cohort|BGDE|2026-06-18|34||0|11.21|9.7|15.567|13.4687|0|0|0.0309596|0|0|0|0||0|0|0|0|0|0||1|70.6076|0|3.40467|0|0|0|0|CLEAR_AIR|10.4899|0.924699|1|758523|2026-04-30|2026-06-17
prod|cohort|BIRD|2026-06-18|230||0|6.43|5.48|17.3358|11.3343|0.837651|0.852797|0.896995|7|1|0|0||12|10|10|2|8|5|0.150934|0|100|0|3.96482|0|0|0|0|IFFY_AT_FIRST_ZONE|24.31|0.225422|0|1.26558e+06|2025-07-21|2026-06-17
prod|cohort|BRAI|2026-06-18|87||0|10.8|9.36|15.3846|20.447|0.425833|0.605796|0.582529|2|1|0|0||5|5|5|4|1|0|3.52764|0|62.933|0|4.21425|0.515841|0.515841|0|0|LADDER_CLIMBING|32.9967|0.283665|0|589416|2026-02-12|2026-06-17
prod|cohort|BTQ|2026-06-18|182||0|6.36|5.89|7.97963|14.0804|0.470748|0|0.532258|19|2|0.0223336|0|4.50021|11|11|11|0|11|6|0.792842|0|75.398|0|2.85491|0|0|0|0|INTO_SUPPLY|16|0.368125|0|1.78868e+07|2025-09-26|2026-06-17
prod|cohort|CAST|2026-06-18|70||0|11.91|5.15|131.262|25.3971|0.00115092|0|0.00375961|3|1|0|0||0|0|0|0|0|0||1|100|0|23.1838|3.20077|3.20077|1|0|CLEAR_AIR|33|0.156061|0|224882|2026-03-10|2026-06-17
prod|cohort|CHRN|2026-06-18|31||0|21.5|20.61|4.31829|13.9967|0.05219|0.05219|0.0962089|1|1|0|0||2|2|2|1|1|1|0.83076|0|25.9429|1|2.41681|0.0264791|0.0264791|0|1|INTO_SUPPLY|24|0.85875|0|5.85377e+06|2026-05-05|2026-06-17
prod|cohort|CODA|2026-06-18|230||0|10.18|9.24|10.1732|7.04351|0.707452|0.858728|0.819579|5|0|0|0||20|17|17|1|16|2|0|0|100|0|4.74051|0|0|0|0|IFFY_AT_FIRST_ZONE|17.28|0.534722|0|1.28047e+06|2025-07-21|2026-06-17
prod|cohort|EOSE|2026-06-18|230||0|8.04|7.6|5.78947|9.88996|0.55496|0.251626|0.593191|14|2|1.44626|0|2.45236|21|17|17|1|16|1|0.0565929|0|69.1128|0|4.79856|0|0|0|0|IFFY_AT_FIRST_ZONE|19.86|0.382679|0|1.693e+08|2025-07-21|2026-06-17
prod|cohort|FRMI|2026-06-18|179||0|9.14|8.66|5.54273|9.25565|0.290696|0.00124192|0.345077|10|3|2.37007|0|3.43985|13|9|9|1|8|0|3.43985|0|61.8653|0|4.84437|0.0342773|0.0342773|0|0|LADDER_CLIMBING|36.9899|0.234118|0|8.75453e+07|2025-10-01|2026-06-17
prod|cohort|ICCM|2026-06-18|230||0|6.51|6.4|1.71875|19.7902|0.711217|0.5074|0.721965|11|4|2.88278|0|2.55445|30|18|18|0|18|5|0.482015|0|100|0|5.71099|3.13144|3.63812|1|0|INTO_SUPPLY|42|0.152381|0|307966|2025-07-21|2026-06-17
prod|cohort|IMOS|2026-06-18|230||0|64.19|59|8.79661|5.11382|0.0507362|0.0899295|0.168679|85|28|0.129472|0|0.166029|3|1|1|1|0|0||1|11.394|1|4.77902|0.516188|1.03804|0|1|LADDER_CLIMBING|70.99|0.831103|0|6.06078e+06|2025-07-21|2026-06-17
prod|cohort|INTC|2026-06-18|230||0|131.805|121.1|8.8398|7.01246|0.00139403|0.00468749|0.0399552|30|11|0|0||3|3|3|2|1|1|0.102242|0|45.0118|0|3.62993|0.245754|0.429069|0|0|IFFY_AT_FIRST_ZONE|132.75|0.912241|0|1.39484e+10|2025-07-21|2026-06-17
prod|cohort|QH|2026-06-18|192||0|353920|336640|5.13308|25.893|0|0|4.55057e-08|10|4|0|0||1|1|1|1|0|0||1|15.5575|1|8.84959|251.209|251.287|1|0|CLEAR_AIR|348800|0.965138|1|751040|2025-07-21|2026-06-17
prod|cohort|QS|2026-06-18|230||0|7.75|6.9|12.3188|7.50432|0.836459|0.458772|0.952281|11|3|0.0529588|0|4.45335|28|22|22|3|19|1|0.427797|0|34.0345|0|4.00118|0|0|0|0|INTO_SUPPLY|19.0699|0.361827|0|1.7505e+08|2025-07-21|2026-06-17
prod|cohort|QXL|2026-06-18|34||0|6.1|5.62|8.54093|11.0838|0|0|0.0711212|2|0|0|0||0|0|0|0|0|0||1|60.4007|0|2.61067|0.0982808|0.0982808|0|0|CLEAR_AIR|6.08|0.924342|1|388337|2026-04-30|2026-06-17
prod|cohort|ROMA|2026-06-18|227||0|9.25|8.69|6.44419|11.6102|0.0177682|0.0909412|0.0288981|7|0|0|0||2|1|1|1|0|0||1|72.8812|0|2.76109|0|0|0|0|CLEAR_AIR|11.77|0.738318|0|138532|2025-07-21|2026-06-17
prod|cohort|RUM|2026-06-18|230||0|8.46|7.29|16.0494|9.40463|0.127931|0.180437|0.44564|16|1|0|0||17|10|10|4|6|3|0.0754118|0|35.7849|0|3.52606|0.17781|0.210438|0|0|IFFY_AT_FIRST_ZONE|10.99|0.66333|0|2.33836e+07|2025-07-21|2026-06-17
prod|cohort|SWBI|2026-06-18|230||0|15.8|13.73|15.0765|3.09416|0|0|0.270656|7|2|0|0||7|7|7|7|0|0||1|86.3143|0|3.44561|0|0|0|0|CLEAR_AIR|15.79|0.869538|1|8.09217e+06|2025-07-21|2026-06-17
prod|cohort|TBCH|2026-06-18|230||0|12.87|12.48|3.125|5.04591|0.594256|0.195376|0.667837|5|1|0|0||19|17|17|0|17|3|0.831525|0|61.6054|0|1.4286|0|0|0|0|INTO_SUPPLY|17.3869|0.717782|0|4.83603e+06|2025-07-21|2026-06-17
prod|cohort|TRT|2026-06-18|227||0|16|14.7|8.84354|13.7225|0.123899|0.137388|0.274689|16|3|0|0||4|3|3|1|2|1|0.646749|0|71.8301|0|3.05107|0.0926688|0.0926688|0|0|INTO_SUPPLY|21.38|0.687558|0|1.02042e+07|2025-07-21|2026-06-17
prod|cohort|UBXG|2026-06-18|230||0|7.38|7.43|-0.672948|19.8925|0.652317|0.588239|0.645482|11|3|0.631784|0|4.55021|23|8|8|0|8|0|3.63574|0|100|0|10.3952|0.0839587|0.0839587|0|0|CLEARED_NOTHING|112.5|0.0660444|0|362247|2025-07-21|2026-06-17
prod|cohort|UUUU|2026-06-18|230||0|17.92|15.3|17.1242|7.15252|0.535003|0.666478|0.728424|17|2|0|0||20|13|13|5|8|1|1.42776|0|43.3275|0|5.33177|0.199863|0.199863|0|0|LADDER_CLIMBING|27.9|0.548387|0|1.56088e+08|2025-07-21|2026-06-17
prod|cohort|VELO|2026-06-18|209||0|27.215|25.56|6.47496|16.2931|0.0307111|0.062774|0.0591945|8|1|0|0||2|1|1|0|1|1|1.02274|0|54.1813|0|3.99428|0|0|0|0|CLEARED_NOTHING|31.75|0.805039|0|7.29222e+07|2025-08-19|2026-06-17
prod|cohort|VSH|2026-06-18|230||0|64.22|60.33|6.44787|9.74922|0.0212163|0.0420508|0.0911022|22|5|0|0||2|2|2|0|2|2|0.322635|0|29.8405|1|2.08645|0.0500942|0.0995576|0|1|INTO_SUPPLY|66.65|0.905176|0|4.62693e+08|2025-07-21|2026-06-17
prod|cohort|WDC|2026-06-18|230||0|764.15|712.13|7.30485|6.12971|0|0|0.00639065|33|15|0|0||0|0|0|0|0|0||1|94.2015|0|6.63192|1.15082|1.73029|1|0|CLEAR_AIR|741.85|0.959938|1|3.42035e+09|2025-07-21|2026-06-17
prod|cohort|ACA|2026-06-22|231||0|145|135.84|6.74323|3.23992|0|0|0.0061652|17|4|0|0||0|0|0|0|0|0||1|61.7428|0|3.25086|0.242519|0.359404|0|0|CLEAR_AIR|137.76|0.986063|1|3.43578e+07|2025-07-21|2026-06-18
prod|cohort|APGE|2026-06-22|231||0|132.6|90.38|46.7139|6.12887|0|0|0.0180966|5|1|0|0||3|3|3|3|0|0||1|31.1628|0|2.33335|0|0|0|0|CLEAR_AIR|95.315|0.948224|1|8.96983e+07|2025-07-21|2026-06-18
prod|cohort|AXTI|2026-06-22|231||0|93.52|84.57|10.5829|14.6538|0.182191|0.385629|0.219256|12|6|0|0||6|4|4|0|4|1|0.210322|0|55.5551|0|2.38303|0.106035|0.106035|0|0|IFFY_AT_FIRST_ZONE|143.16|0.590738|0|9.98619e+08|2025-07-21|2026-06-18
prod|cohort|AZUL|2026-06-22|14||1|8.98|8.74|2.746|6.87464|0.367694|0.367694|0.738293|0|0|0|0||2|2|2|0|2|2|0.437359|0|||1.29079|0|0|0||INTO_SUPPLY|9.64|0.906639|0|583732|2026-06-01|2026-06-18
prod|cohort|BIRD|2026-06-22|231||0|6.175|5.97|3.43384|11.595|0.849249|0.862345|0.870162|7|1|0|0||12|10|10|0|10|6|0.10475|0|100|0|4.91912|0|0|0|0|IFFY_AT_FIRST_ZONE|24.31|0.245578|0|1.30715e+06|2025-07-21|2026-06-18
prod|cohort|BWIN|2026-06-22|231||0|22.82|20.24|12.747|5.96192|0.48421|0.173483|0.769828|8|1|0.863647|0|8.79818|25|22|22|4|18|6|0.0441011|0|100|0|2.53689|0|0|0|0|IFFY_AT_FIRST_ZONE|42.34|0.478035|0|2.92758e+07|2025-07-21|2026-06-18
prod|cohort|CHRN|2026-06-22|32||0|23.97|23.33|2.74325|14.2302|0.000724494|0.000724494|0.0164698|2|2|0|0||1|1|1|0|1|1|0.0087951|0|37.8535|0|2.35966|0.0988798|0.0988798|0|0|IFFY_AT_FIRST_ZONE|24|0.972083|0|6.30763e+06|2026-05-05|2026-06-18
prod|cohort|CRDO|2026-06-22|231||0|290.78|271.83|6.97127|10.5531|0|0|0.000850034|24|2|0|0||0|0|0|0|0|0||1|33.745|0|2.60715|0|0|0|0|CLEAR_AIR|274.9|0.988832|1|2.0441e+09|2025-07-21|2026-06-18
prod|cohort|DFTX|2026-06-22|107||0|38.58|24.48|57.598|6.01324|0|0|0.049437|2|1|0|0||3|1|1|1|0|0||1|24.6349|1|1.30634|0|0|0|1|CLEAR_AIR|26.25|0.932571|1|4.98865e+07|2026-01-15|2026-06-18
prod|cohort|FRVO|2026-06-22|26||1|38.14|35.09|8.69194|8.25454|0.388406|0.388406|0.922837|0|0|0|0||3|3|3|1|2|2|1.0196|0|52.2935|0|2.36666|0|0|0|0|LADDER_CLIMBING|42.65|0.822743|0|7.92557e+07|2026-05-13|2026-06-18
prod|cohort|GPRK|2026-06-22|231||0|10.36|10.14|2.16963|4.63456|0.0413206|0.191538|0.056455|22|3|0.281168|0|0.822676|5|4|4|1|3|1|0.301995|0|32.1365|0|3.26442|0.399964|0.660044|0|0|INTO_SUPPLY|11.87|0.854254|0|6.35941e+06|2025-07-21|2026-06-18
prod|cohort|HQ|2026-06-22|63||0|36.2|32|13.125|16.4996|0.0522476|0.0527185|0.124195|3|1|0|0||0|0|0|0|0|0||1|100|0|10.5859|0.149991|0.149991|0|0|CLEAR_AIR|39.25|0.815287|0|3.70461e+06|2026-03-20|2026-06-18
prod|cohort|ICCM|2026-06-22|231||0|7.06|5.4|30.7407|21.1364|0.644383|0.401522|0.81716|11|4|2.4889|0|1.83685|31|18|18|0|18|5|0.0460788|0|100|0|5.03752|2.932|3.40641|1|0|IFFY_AT_FIRST_ZONE|42|0.128571|0|307966|2025-07-21|2026-06-18
prod|cohort|IMOS|2026-06-22|231||0|70.04|66.58|5.19676|5.29207|0.00587731|0.0104681|0.035023|86|28|0|0||1|0|0|0|0|0||1|50.0344|0|4.61806|0.498802|1.09551|0|0|CLEAR_AIR|70.99|0.937879|0|6.51958e+06|2025-07-21|2026-06-18
prod|cohort|JBIO|2026-06-22|231||0|17.9|16.82|6.42093|8.75923|0.274118|0.485135|0.39189|1|0|0|0||7|7|7|4|3|0|3.89055|0|45.0413|0|4.11321|0|0|0|0|LADDER_CLIMBING|28|0.600714|0|1.90987e+07|2025-07-21|2026-06-18
prod|cohort|KEEL|2026-06-22|53||0|6.655|6.29|5.80286|10.2046|0|0|0.0335411|5|1|0|0||2|2|2|2|0|0||1|39.9792|0|2.0013|0.363555|0.363555|0|0|CLEAR_AIR|6.45|0.975194|1|2.82815e+08|2026-04-06|2026-06-18
prod|cohort|MLEC|2026-06-22|231||0|8.515|8.18|4.09535|10.1678|0.759848|0.748093|0.821941|13|4|2.91066|0|4.51036|22|19|19|1|18|3|0.0404258|0|44.262|0|1.76325|0|0|0|0|IFFY_AT_FIRST_ZONE|59.85|0.136675|0|80018.2|2025-07-21|2026-06-18
prod|cohort|MLTX|2026-06-22|231||0|20.025|19.21|4.24258|4.93054|0.0577037|0.0175249|0.0655985|9|3|36.1375|0|0.987501|6|5|5|4|1|0|43.2728|0|65.798|0|1.86649|0|0|0|0|LADDER_CLIMBING|62.75|0.306135|0|1.33427e+07|2025-07-21|2026-06-18
prod|cohort|NUAI|2026-06-22|214||0|6.63|6.25|6.08|12.892|0.0361078|0|0.055176|12|3|0|0||8|7|7|2|5|4|0.0935956|0|33.9203|0|2.51455|0|0|0|0|IFFY_AT_FIRST_ZONE|9.445|0.661726|0|3.62433e+07|2025-08-13|2026-06-18
prod|cohort|NXTS|2026-06-22|79||0|11|5.08|116.535|14.4246|0|0|0.731266|2|0|0|0||10|7|7|7|0|0||1|89.5397|0|1.37573|0.0691874|0.0753994|0|0|CLEAR_AIR|8.33|0.609844|1|73104.9|2026-02-26|2026-06-18
prod|cohort|ORKA|2026-06-22|231||0|81|72.34|11.9712|5.86076|0.0300758|0.0534426|0.0874127|8|3|0|0||1|0|0|0|0|0||1|32.9367|0|4.61592|0|0|0|0|CLEAR_AIR|91|0.794945|0|6.56175e+07|2025-07-21|2026-06-18
prod|cohort|PENG|2026-06-22|231||0|76.85|67.15|14.4453|10.4262|0|0|0.0236529|18|5|0|0||2|2|2|2|0|0||1|38.3602|0|2.33962|0.141412|0.141412|0|0|CLEAR_AIR|73.24|0.916849|1|1.74299e+08|2025-07-21|2026-06-18
prod|cohort|QXL|2026-06-22|35||0|7|6.35|10.2362|11.4331|0|0|0.0661894|2|0|0|0||0|0|0|0|0|0||1|80.1136|0|3.88941|0|0|0|0|CLEAR_AIR|6.85|0.927007|1|421316|2026-04-30|2026-06-18
prod|cohort|RGC|2026-06-22|231||0|12.11|12.01|0.832639|10.3554|0.987592|0.996434|0.988952|7|0|0|0||28|22|22|0|22|0|2.22481|0|100|0|5.78172|0|0|0|0|CLEARED_NOTHING|69|0.174058|0|2.13041e+06|2025-07-21|2026-06-18
prod|cohort|RGNX|2026-06-22|231||0|8.52|7.8|9.23077|7.99949|0.608999|0.27619|0.763834|16|4|3.51871|0|0.308118|18|9|9|2|7|3|0.278774|0|100|0|3.40081|0.15016|0.251699|0|0|INTO_SUPPLY|16.19|0.481779|0|9.33083e+06|2025-07-21|2026-06-18
prod|cohort|SMCI|2026-06-22|231||0|32.3298|30.66|5.44618|8.74422|0.547595|0.366758|0.699702|28|2|0.541212|0|1.47868|25|19|19|4|15|5|7.07467e-05|0|27.2548|1|6.30056|0.430543|0.719317|0|1|IFFY_AT_FIRST_ZONE|62.358|0.491677|0|1.93127e+09|2025-07-21|2026-06-18
prod|cohort|SSTK|2026-06-22|231||0|15.7|13.22|18.7595|5.62143|0.805417|0.451352|0.977827|3|1|0.72516|0|9.20047|31|29|29|1|28|4|0.160668|0|49.3362|0|2.58631|0|0|0|0|IFFY_AT_FIRST_ZONE|29.5|0.448136|0|5.1619e+06|2025-07-21|2026-06-18
prod|cohort|SYRE|2026-06-22|231||0|95|88.34|7.53905|5.57744|0|0|0.00666909|5|2|0|0||0|0|0|0|0|0||1|36.579|0|4.49876|0|0|0|0|CLEAR_AIR|90.99|0.970876|1|7.50875e+07|2025-07-21|2026-06-18
prod|cohort|UMC|2026-06-22|231||0|26.9|24.08|11.711|4.86517|0|0|0.000885133|58|25|0|0||0|0|0|0|0|0||1|60.9101|0|4.92466|0.57016|1.58856|0|0|CLEAR_AIR|24.165|0.996483|1|3.39343e+08|2025-07-21|2026-06-18
prod|cohort|ALLT|2026-06-23|232||0|7.13|7.01|1.71184|4.48697|0.813118|0.693924|0.852374|10|1|0.0940857|0|9.03348|27|19|19|0|19|4|0.593896|0|52.1625|0|4.83837|0.109249|0.109249|0|0|INTO_SUPPLY|11.92|0.588087|0|2.94204e+06|2025-07-21|2026-06-22
prod|cohort|ARQQ|2026-06-23|232||0|21.05|21.42|-1.72736|12.8273|0.652948|0.201116|0.64597|15|1|0|0||14|14|14|0|14|0|2.63631|0|88.3747|0|6.51788|0.172026|0.172026|0|0|CLEARED_NOTHING|62|0.345484|0|1.05805e+07|2025-07-21|2026-06-22
prod|cohort|BLZE|2026-06-23|232||0|10.31|8.12|26.9704|7.24838|0.02108|0|0.23356|6|1|0|0||10|6|6|5|1|1|0.733165|0|40.3323|0|2.94296|0|0|0|0|INTO_SUPPLY|10.8579|0.747843|0|1.05173e+07|2025-07-21|2026-06-22
prod|cohort|EDRY|2026-06-23|221||0|21.25|20.16|5.40675|7.95578|0.337649|0.543335|0.508746|31|12|0|0||10|4|4|0|4|2|1.20371|0|100|0|2.92691|0.0335783|0.0335783|0|0|CLEARED_NOTHING|28|0.72|0|506039|2025-07-21|2026-06-22
prod|cohort|EPC|2026-06-23|232||0|24.78|22.72|9.0669|4.87343|0.0368447|0.00267158|0.159326|16|1|0|0||7|6|6|4|2|1|0.372629|0|83.5433|0|5.03719|0.0775154|0.0775154|0|0|INTO_SUPPLY|27.19|0.835601|0|1.71251e+07|2025-07-21|2026-06-22
prod|cohort|ICCM|2026-06-23|232||0|6.56|5.93|10.6239|22.4604|0.684385|0.488181|0.765443|11|4|2.5207|0|2.19967|31|19|19|0|19|5|0.328057|0|100|0|4.55905|2.75916|3.2056|1|0|INTO_SUPPLY|42|0.14119|0|360454|2025-07-21|2026-06-22
prod|cohort|NUCL|2026-06-23|81||0|10.79|10.7|0.841121|8.10257|0.330887|0.419429|0.354956|5|0|0|0||6|5|5|0|5|2|0.526155|0|88.7364|0|2.68906|0|0|0|0|INTO_SUPPLY|14.22|0.752461|0|3.05814e+06|2026-02-25|2026-06-22
prod|cohort|TNET|2026-06-23|232||0|44.17|43.1|2.4826|4.21116|0.648637|0.279812|0.668116|10|0|0|0||25|18|18|0|18|1|1.18544|0|71.5632|0|2.96068|0|0|0|0|CLEARED_NOTHING|72.84|0.591708|0|1.81492e+07|2025-07-21|2026-06-22
prod|cohort|WYHG|2026-06-23|232||0|7.25|6.59|10.0152|18.4678|0.0035826|0.00486028|0.0278914|13|0|0|0||2|2|2|1|1|1|0.052281|0|100|0|4.31832|0.0151534|0.0151534|0|0|IFFY_AT_FIRST_ZONE|7.5|0.878667|0|235154|2025-07-21|2026-06-22
prod|cohort|ZETA|2026-06-23|232||0|19.52|18.47|5.68489|6.61761|0.329887|0.284673|0.536205|18|0|0|0||22|17|17|2|15|10|0.108379|0|52.7473|0|5.06947|0.217855|0.217855|0|0|IFFY_AT_FIRST_ZONE|25.95|0.711753|0|1.80459e+08|2025-07-21|2026-06-22
prod|cohort|ABSI|2026-06-24|233||0|9.51|7.41|28.3401|11.1468|0|0|0.0223433|13|1|0|0||1|0|0|0|0|0||1|49.5539|0|3.2312|0.0527717|0.0527717|0|0|CLEAR_AIR|8.5699|0.864654|1|3.2795e+07|2025-07-21|2026-06-23
prod|cohort|AIBZ|2026-06-24|10||1|9.5|8.99|5.67297|17.4522|0.0563243|0.0563243|0.350627|2|2|0|0||0|0|0|0|0|0||1|||2.68821|0.247534|0.322928|0||CLEAR_AIR|10.25|0.877073|0|5.64799e+06|2026-06-09|2026-06-23
prod|cohort|ASBP|2026-06-24|233||0|6.24|6.17|1.13452|16.4053|0.587605|0.426609|0.608953|12|6|77.7803|0|21.1939|28|23|23|0|23|4|0.654495|0|32.9753|0|1.71122|0|0|0|0|INTO_SUPPLY|1050.36|0.00587418|0|884698|2025-07-21|2026-06-23
prod|cohort|CAST|2026-06-24|73||0|8.62|8.26|4.35835|29.7581|0.157365|0.157133|0.174412|4|2|0|0||1|1|1|0|1|1|1.39563|0|93.967|0|36.9988|2.73171|4.01715|2|0|CLEARED_NOTHING|33|0.250303|0|318032|2026-03-10|2026-06-23
prod|cohort|DFTX|2026-06-24|109||0|39.25|36.18|8.48535|6.49297|0|0|0.086361|3|2|0|0||0|0|0|0|0|0||1|100|0|8.82171|6.21593|6.21593|1|0|CLEAR_AIR|39.16|0.923902|1|5.48949e+07|2026-01-15|2026-06-23
prod|cohort|ENRD|2026-06-24|9|history_too_thin(9d)|1|7.68||||||||||||||||||||||||||||34||0|766246|2026-06-10|2026-06-23
prod|cohort|FCEL|2026-06-24|233||0|25.11|21.82|15.0779|15.1264|0.0307006|0.0581109|0.115113|9|2|0|0||3|2|2|0|2|2|0.16455|0|55.6863|0|3.05946|0|0|0|0|IFFY_AT_FIRST_ZONE|27.6899|0.788013|0|1.89114e+08|2025-07-21|2026-06-23
prod|cohort|FISN|2026-06-24|3|history_too_thin(3d)|1|14.5||||||||||||||||||||||||||||19||0||2026-06-18|2026-06-23
prod|cohort|INMD|2026-06-24|233||0|14.865|13.35|11.3483|1.58482|0.270217|0|0.967757|11|3|0.0212239|1||23|16|16|10|6|0|1.84648|0|53.2739|0|1.91775|0|0|0|0|INTO_SUPPLY|16.74|0.797491|0|7.89928e+06|2025-07-21|2026-06-23
prod|cohort|JACK|2026-06-24|233||0|12.69|11.58|9.58549|7.61132|0.812921|0.306188|0.890697|14|1|0.0310599|0|3.97567|25|14|14|0|14|5|0.496958|0|70.3572|0|2.17733|0|0|0|0|INTO_SUPPLY|25.34|0.456985|0|7.19217e+06|2025-07-21|2026-06-23
prod|cohort|JLHL|2026-06-24|233||0|20.97|19.5|7.53846|38.338|0.0551943|0.162878|0.066652|8|0|0|0||4|3|3|0|3|2|0.812241|0|80.4647|0|2.49497|0.312569|0.312569|0|0|INTO_SUPPLY|57.95|0.336497|0|1.08315e+06|2025-07-21|2026-06-23
prod|cohort|KBH|2026-06-24|233||0|56.7|52.73|7.52892|3.19923|0.631282|0.00761183|0.796685|17|1|0.170345|0|3.20569|18|12|12|3|9|2|0.490639|0|62.5979|0|1.87474|0|0|0|0|INTO_SUPPLY|68.71|0.767428|0|5.96876e+07|2025-07-21|2026-06-23
prod|cohort|LIFE|2026-06-24|100||0|15.38|15.26|0.78637|8.06405|0.543158|0.790348|0.549321|1|0|0|0||6|6|6|0|6|0|2.28301|0|50.6143|0|1.82518|0|0|0|0|CLEARED_NOTHING|32.4999|0.46954|0|7.1643e+06|2026-01-29|2026-06-23
prod|cohort|MAAS|2026-06-24|231||0|22.58|21.24|6.30885|11.3723|0.0124802|0.0155536|0.0196886|19|0|0|0||0|0|0|0|0|0||1|100|0|7.47154|0|0|0|0|CLEAR_AIR|24.9|0.853012|0|614830|2025-07-21|2026-06-23
prod|cohort|PLRZ|2026-06-24|233||0|12.4|11.8|5.08475|12.3531|0.15555|0.615833|0.165674|7|3|0.0456985|0|1.91934|20|14|14|0|14|6|0.950659|0|34.8198|0|2.10785|0.0367723|0.0367723|0|0|INTO_SUPPLY|18.2|0.648352|0|419932|2025-07-21|2026-06-23
prod|cohort|RUN|2026-06-24|233||0|15.49|12.81|20.9212|6.25364|0.51168|0.0588899|0.717582|15|2|0.113659|0|3.35495|25|15|15|1|14|3|0.310626|0|45.9693|0|4.15584|0|0|0|0|INTO_SUPPLY|22.44|0.570856|0|1.0523e+08|2025-07-21|2026-06-23
prod|cohort|SITE|2026-06-24|233||0|114.06|105.4|8.21632|3.40396|0.881983|0.627399|0.961803|10|0|0|0||27|18|18|2|16|1|0.564062|0|82.0355|0|2.26281|0|0|0|0|INTO_SUPPLY|168.56|0.625297|0|8.72473e+07|2025-07-21|2026-06-23
prod|cohort|UBXG|2026-06-24|233||0|8.11|6.94|16.8588|20.7755|0.513481|0.430618|0.698571|11|3|0.55048|0|3.53138|24|10|10|0|10|0|2.28813|0|60.0467|0|6.73257|0.0803901|0.0803901|0|0|CLEARED_NOTHING|112.5|0.0616889|0|394332|2025-07-21|2026-06-23
prod|cohort|WEN|2026-06-24|233||0|7.81|6.255|24.8601|4.7664|0.585475|0.153604|0.994975|5|0|0|0||27|26|26|7|19|5|0.134316|0|74.0999|0|3.22295|0|0|0|0|IFFY_AT_FIRST_ZONE|12|0.52125|0|5.234e+07|2025-07-21|2026-06-23
prod|cohort|WYHG|2026-06-24|233||0|6.74|6.59|2.27618|20.6444|0.0251455|0.0298139|0.0349255|13|0|0|0||2|2|2|1|1|1|0.416837|0|100|0|3.85341|0.0135558|0.0135558|0|0|INTO_SUPPLY|8.81|0.748014|0|273929|2025-07-21|2026-06-23
prod|cohort|AYI|2026-06-25|234||0|349.89|305.51|14.5265|3.43976|0.204359|0|0.592875|14|2|1.40752|1||14|8|8|6|2|0|2.26499|0|73.5493|0|3.96682|0.34233|0.478674|0|0|INTO_SUPPLY|380.17|0.803614|0|1.16414e+08|2025-07-21|2026-06-24
prod|cohort|BB|2026-06-25|234||0|9.72|8.62|12.761|8.54737|0.0744239|0.139058|0.224704|9|2|0|0||2|2|2|1|1|1|1.4504|0|50.4391|0|2.50066|0|0|0|0|LADDER_CLIMBING|10.925|0.789016|0|2.88687e+08|2025-07-21|2026-06-24
prod|cohort|BNED|2026-06-25|234||0|12.1|11.18|8.22898|5.07151|0|0|0.025357|9|1|0|0||3|3|3|3|0|0||1|36.1741|0|2.55433|0|0|0|0|CLEAR_AIR|11.94|0.936348|1|2.68159e+06|2025-07-21|2026-06-24
prod|cohort|BRAI|2026-06-25|91||0|6.57|6.23|5.45746|20.0705|0.918637|0.989125|0.93924|2|0|0|0||13|7|7|0|7|1|1.00741|0|73.3605|0|2.06283|0.525516|0.525516|0|0|CLEARED_NOTHING|32.9967|0.188807|0|774255|2026-02-12|2026-06-24
prod|cohort|CHRN|2026-06-25|35||0|22.81|22.13|3.07275|15.1949|0.128315|0.128315|0.154939|2|2|0|0||2|1|1|0|1|0|1.55513|0|60.6965|0|2.95171|0.0926024|0.0926024|0|0|CLEARED_NOTHING|28.2|0.784752|0|7.11104e+06|2026-05-05|2026-06-24
prod|cohort|ECOR|2026-06-25|234||0|7.67|7.57|1.321|11.1181|0.21595|0.558411|0.22411|2|0|0|0||7|2|2|0|2|0|3.1614|0|57.7429|0|2.64598|0|0|0|0|CLEARED_NOTHING|10.495|0.721296|0|1.22932e+06|2025-07-21|2026-06-24
prod|cohort|GRPN|2026-06-25|234||0|18.63|18.32|1.69214|7.69391|0.380905|0.127517|0.40317|5|0|0|0||15|13|13|1|12|4|0.0418592|0|46.5546|0|1.87987|0|0|0|0|IFFY_AT_FIRST_ZONE|43.08|0.425255|0|2.39014e+07|2025-07-21|2026-06-24
prod|cohort|INTT|2026-06-25|234||0|17.95|16.82|6.71819|7.43901|0.219992|0.336476|0.431605|8|3|0.00748894|0|0.00748894|6|5|5|0|5|4|0.0374447|0|39.5727|0|3.22592|0.00726237|0.00726237|0|0|IFFY_AT_FIRST_ZONE|20|0.841|0|4.18118e+06|2025-07-21|2026-06-24
prod|cohort|JLHL|2026-06-25|234||0|15.11|13.25|14.0377|41.5234|0.0987587|0.287776|0.122993|8|0|0|0||7|6|6|0|6|1|0.801794|0|100|0|2.87264|0.288592|0.288592|0|0|INTO_SUPPLY|57.95|0.228645|0|1.12438e+06|2025-07-21|2026-06-24
prod|cohort|KYMR|2026-06-25|234||0|108.8|99.87|8.94162|5.16135|0|0|0.0184313|8|0|0|0||2|2|2|2|0|0||1|99.2142|0|6.03495|0|0|0|0|CLEAR_AIR|105|0.951143|1|5.49258e+07|2025-07-21|2026-06-24
prod|cohort|MEI|2026-06-25|234||0|15.305|13.09|16.9213|7.48101|0.00440155|0.0105571|0.0786753|13|1|0|0||3|1|1|1|0|0||1|49.0411|0|3.85891|0|0|0|0|CLEAR_AIR|15.55|0.841801|0|6.05684e+06|2025-07-21|2026-06-24
prod|cohort|MLKN|2026-06-25|234||0|18.24|17.24|5.80046|4.34463|0.316853|0|0.42827|15|3|1.34392|1|2.732|16|12|12|2|10|1|1.4638|0|65.3298|0|4.01578|0.199313|0.30763|0|0|INTO_SUPPLY|23.18|0.743745|0|1.29929e+07|2025-07-21|2026-06-24
prod|cohort|MU|2026-06-25|234||0|1233|1048.51|17.5954|7.11325|0|0|0.0397429|45|16|0|0||2|1|1|1|0|0||1|61.2164|0|4.7841|0.505637|0.908841|0|0|CLEAR_AIR|1213.56|0.863995|1|5.20299e+10|2025-07-21|2026-06-24
prod|cohort|OCC|2026-06-25|234||0|19.53|18.82|3.77258|15.631|0.298157|0.423589|0.352915|11|2|0|0||2|2|2|0|2|1|1.40818|0|30.1087|0|4.5141|1.63059|1.63059|1|0|CLEARED_NOTHING|27.9799|0.672626|0|1.05185e+07|2025-07-21|2026-06-24
prod|cohort|QCOM|2026-06-25|234||0|219.43|197.41|11.1545|7.0093|0.127241|0.296093|0.255948|20|5|0|0||8|6|6|1|5|2|0.764604|0|64.705|0|3.91941|0.406336|0.491914|0|0|INTO_SUPPLY|259.92|0.759503|0|4.59796e+09|2025-07-21|2026-06-24
prod|cohort|SNDK|2026-06-25|234||0|2238.3|1914.46|16.9157|7.77205|0.00341214|0.0119342|0.0266111|29|16|0.149227|1||1|0|0|0|0|0||1|60.0236|0|4.80137|1.08245|1.74842|1|0|INTO_SUPPLY|2354.39|0.813145|0|1.89804e+10|2025-07-21|2026-06-24
prod|cohort|SNX|2026-06-25|234||0|283.2|283.22|-0.00706165|3.83748|0.0334022|0.108214|0.0332657|15|4|0|0||2|1|1|0|1|1|0.71864|0|76.8398|0|2.07337|0.0394986|0.0394986|0|0|INTO_SUPPLY|296.47|0.955307|0|2.24665e+08|2025-07-21|2026-06-24
prod|cohort|STX|2026-06-25|234||0|1111|993.25|11.855|6.30139|0.00519728|0.0205547|0.0384499|31|11|0|0||1|1|1|0|1|1|0.485656|0|59.4142|0|4.69073|0.759182|1.10847|0|0|INTO_SUPPLY|1145|0.867467|0|3.05107e+09|2025-07-21|2026-06-24
prod|cohort|TECH|2026-06-25|234||0|70.225|58.875|19.2781|3.91853|0.00697173|0|0.332543|9|1|0|0||12|10|10|8|2|2|0.158079|0|72.7712|0|3.76395|0.225839|0.24238|0|0|IFFY_AT_FIRST_ZONE|72.16|0.815895|0|1.39829e+08|2025-07-21|2026-06-24
prod|cohort|VELO|2026-06-25|213||0|20.5|18.05|13.5734|16.5933|0.206621|0.409157|0.30722|10|3|0.12688|1|1.02598|6|3|3|0|3|1|0.338073|0|51.0343|0|3.92201|0.0768498|0.150241|0|0|INTO_SUPPLY|31.75|0.568504|0|7.5307e+07|2025-08-19|2026-06-24
prod|cohort|WAVE|2026-06-25|234||0|10.16|9.02|12.6386|8.80907|0.00577657|0.0207372|0.154142|7|1|0|0||7|4|4|4|0|0||1|56.1992|0|3.01271|0|0|0|0|CLEAR_AIR|10.5|0.859048|0|159095|2025-07-21|2026-06-24
prod|cohort|WDC|2026-06-25|234||0|729|643.83|13.2286|6.63222|0.0159611|0.0692457|0.0383868|34|15|0|0||1|1|1|0|1|1|1.4658|0|56.0527|0|6.50057|1.06363|2.50618|1|0|CLEARED_NOTHING|799.87|0.804918|0|3.96394e+09|2025-07-21|2026-06-24
prod|cohort|WEN|2026-06-25|234||0|8.45|7.86|7.50636|5.30915|0.349757|0.0820299|0.585302|6|1|0|0||20|18|17|5|12|6|0.245195|0|100|0|4.7019|3.5834|3.5834|1|0|IFFY_AT_FIRST_ZONE|12|0.655|0|5.234e+07|2025-07-21|2026-06-24
prod|cohort|WGO|2026-06-25|234||0|28.51|27.27|4.54712|4.29646|0.946995|0.817696|0.997673|17|4|1.28988|0|5.86569|30|26|26|0|26|3|0.522483|0|77.3458|0|1.83533|0.0620776|0.0620776|0|0|INTO_SUPPLY|50.16|0.54366|0|1.94296e+07|2025-07-21|2026-06-24
prod|cohort|WYY|2026-06-25|234||0|24|17.62|36.2089|10.6272|0|0|0.00550667|4|1|0|0||0|0|0|0|0|0||1|87.2804|0|5.254|0|0|0|0|CLEAR_AIR|17.9999|0.978894|1|1.85536e+06|2025-07-21|2026-06-24
prod|cohort|ACAD|2026-06-26|235||0|26.38|23.72|11.2142|3.05676|0.108795|0|0.384721|12|1|0|0||12|10|10|5|5|3|0.334708|0|75.6709|0|4.20656|0.0610627|0.0755381|0|0|INTO_SUPPLY|28.35|0.836684|0|2.59049e+07|2025-07-21|2026-06-25
prod|cohort|AOUT|2026-06-26|235||0|10.5|9.91|5.95358|5.24668|0.00549823|0.00775896|0.0824358|4|0|0|0||5|4|4|1|3|3|0.000726082|0|78.5258|0|0.959568|0|0|0|0|IFFY_AT_FIRST_ZONE|10.68|0.927903|0|393251|2025-07-21|2026-06-25
prod|cohort|APOG|2026-06-26|235||0|45.55|42.48|7.22693|3.49555|0.0050869|0|0.143641|17|3|0|0||8|8|8|6|2|2|0.00628052|0|64.3068|0|3.94393|0|0|0|0|IFFY_AT_FIRST_ZONE|46.14|0.920676|0|1.01617e+07|2025-07-21|2026-06-25
prod|cohort|FCEL|2026-06-26|235||0|20.17|19.65|2.64631|15.8808|0.192062|0.353869|0.211198|9|2|0|0||4|4|4|0|4|1|0.830429|0|67.9588|0|2.84883|0|0|0|0|INTO_SUPPLY|27.6899|0.709645|0|1.89114e+08|2025-07-21|2026-06-25
prod|cohort|FTH|2026-06-26|7|history_too_thin(7d)|1|26.01||||||||||||||||||||||||||||28.98||0|2.36341e+06|2026-06-16|2026-06-25
prod|cohort|RUBI|2026-06-26|225||0|5.84|5.975|-2.25941|27.1872|0.997876|0.997806|0.99739|18|11|15792.4|0|0.573145|30|21|21|0|21|0|6.4715|0|37.6586|0|2.98404|0.383813|0.46153|0|0|CLEARED_NOTHING|117526|5.08396e-05|0|1.24012e+06|2025-08-04|2026-06-25
prod|cohort|SDOT|2026-06-26|235||0|11.5|6.18|86.0841|57.7205|0.288815|0.259342|0.873466|20|2|5.96578|0|37.497|28|14|14|0|14|1|0.349158|0|19.3567|1|2.81433|0|0|0|1|INTO_SUPPLY|460|0.0134348|0|7.50883e+06|2025-07-21|2026-06-25
prod|cohort|XNET|2026-06-26|235||0|5.15|5.03|2.38569|6.59173|0.878917|0.574724|0.894454|16|0|0|0||22|20|20|0|20|2|0.500775|0|41.1636|0|2.56403|0|0|0|0|INTO_SUPPLY|11.03|0.456029|0|2.0935e+06|2025-07-21|2026-06-25
prod|cohort|ZSQR|2026-06-26|42||0|11.76|12.2|-3.60656|12.5933|0.56033|0.56033|0.532152|0|0|0|0||2|2|2|0|2|0|3.36265|0|75.3068|0|4.32834|0|0|0|0|CLEARED_NOTHING|18.8|0.648936|0|3.59344e+06|2026-04-27|2026-06-25
prod|cohort|ACMR|2026-06-29|236||0|112.06|104.5|7.23445|9.43502|0|0|0.0135977|31|6|0|0||1|1|1|1|0|0||1|30.0361|0|3.73814|0.0862945|0.0862945|0|0|CLEAR_AIR|111.41|0.937977|1|1.49297e+08|2025-07-21|2026-06-26
prod|cohort|AOUT|2026-06-29|236||0|12.28|11.6|5.86207|6.16422|0.0181158|0.0733087|0.044326|4|0|0|0||0|0|0|0|0|0||1|100|0|2.87409|0|0|0|0|CLEAR_AIR|12.75|0.909804|0|393251|2025-07-21|2026-06-26
prod|cohort|ASTC|2026-06-29|236||0|9.24|9.31|-0.75188|27.8676|0.538894|0.843949|0.53705|13|1|0|0||1|0|0|0|0|0||1|9.54685|1|5.39821|0|0|0|1|CLEAR_AIR|68.85|0.135221|0|1.25294e+07|2025-07-21|2026-06-26
prod|cohort|BKSY|2026-06-29|236||0|26.2|24.76|5.81583|10.3286|0.415731|0.955395|0.470757|13|1|0.0831455|0|0.138576|16|7|7|0|7|0|2.0657|0|28.8984|1|3.81107|0.0809818|0.0809818|0|1|CLEARED_NOTHING|52.88|0.46823|0|7.90983e+07|2025-07-21|2026-06-26
prod|cohort|CCXI|2026-06-29|80||0|15.26|13.86|10.101|2.25071|0|0|0.0176967|24|6|0|0||0|0|0|0|0|0||1|100|0|15.7169|5.92695|6.36663|1|0|CLEAR_AIR|13.9785|0.991523|1|63214.8|2026-02-09|2026-06-26
prod|cohort|CHTR|2026-06-29|236||0|168.11|133.64|25.7932|4.5649|0.753644|0.306543|0.920476|9|2|6.54935|0|8.67858|25|14|14|3|11|1|0.904346|0|36.3179|0|3.36051|0|0|0|0|INTO_SUPPLY|402.15|0.332314|0|3.78749e+08|2025-07-21|2026-06-26
prod|cohort|CMCSA|2026-06-29|236||0|27.045|23.17|16.7242|2.66004|0.772757|0.322356|0.961345|7|1|1.27883|0|10.2932|23|15|15|3|12|2|0.521261|0|43.6085|0|3.4638|0|0|0|0|INTO_SUPPLY|36.015|0.643343|0|8.07427e+08|2025-07-21|2026-06-26
prod|cohort|FCEL|2026-06-29|236||0|25.54|24|6.41667|16.469|0.021254|0.038392|0.0617586|9|2|0|0||3|3|3|0|3|3|0.0463604|0|79.3729|0|2.74709|0|0|0|0|IFFY_AT_FIRST_ZONE|27.6899|0.866742|0|2.03094e+08|2025-07-21|2026-06-26
prod|cohort|FUL|2026-06-29|236||0|63|63.25|-0.395257|3.45712|0.229322|0.362092|0.211276|22|1|0|0||10|8|8|0|8|3|0.808086|0|100|0|2.26494|0.44329|0.64326|0|0|INTO_SUPPLY|68.63|0.921609|0|4.45472e+07|2025-07-21|2026-06-26
prod|cohort|GRRR|2026-06-29|236||0|18.08|17.48|3.43249|9.90066|0.272948|0.214683|0.366928|14|4|0.66479|0|0.944114|8|7|7|0|7|4|0.117316|0|42.6802|0|1.00413|0|0|0|0|IFFY_AT_FIRST_ZONE|23.49|0.744146|0|2.65746e+07|2025-07-21|2026-06-26
prod|cohort|IRDM|2026-06-29|236||0|51.755|43.52|18.9223|7.79807|0.00485135|0.0188726|0.106533|6|0|0|0||5|5|5|3|2|2|0.12265|0|42.349|0|2.29716|0|0|0|0|IFFY_AT_FIRST_ZONE|53.8299|0.808473|0|1.26841e+08|2025-07-21|2026-06-26
prod|cohort|LBRDA|2026-06-29|236||0|39.255|31.31|25.3753|4.26998|0.778613|0.311414|0.936983|9|3|7.20089|0|8.93399|31|16|16|3|13|1|0.850086|0|41.7486|0|3.6053|0.0580176|0.0580176|0|0|INTO_SUPPLY|91.04|0.343915|0|6.19913e+06|2025-07-21|2026-06-26
prod|cohort|LBRDK|2026-06-29|236||0|39.5|31.33|26.0772|4.63149|0.766962|0.32313|0.937875|7|2|6.31888|0|8.34683|26|15|15|3|12|1|0.726999|0|37.4592|0|3.33621|0|0|0|0|INTO_SUPPLY|91.79|0.341323|0|6.13233e+07|2025-07-21|2026-06-26
prod|cohort|MNTS|2026-06-29|236||0|7.61|7.05|7.94326|18.4265|0.711381|0.702432|0.76901|15|0|0|0||22|12|12|0|12|0|3.48367|0|8.73055|1|4.90707|0.0159148|0.0159148|0|1|CLEARED_NOTHING|43.554|0.161868|0|7.03473e+07|2025-07-21|2026-06-26
prod|cohort|OCC|2026-06-29|236||0|19.6|18.37|6.6957|15.3918|0.290849|0.413446|0.385084|11|2|0|0||2|2|2|0|2|1|1.40175|0|18.6519|1|4.58425|1.65593|1.65593|1|0|CLEARED_NOTHING|27.9799|0.656543|0|1.01642e+07|2025-07-21|2026-06-26
prod|cohort|OUST|2026-06-29|236||0|43.87|42.02|4.40267|12.3156|0.0658369|0.176588|0.101345|19|2|0|0||3|3|3|0|3|3|0.834742|0|36.3237|0|1.84522|0.510341|0.510341|0|0|INTO_SUPPLY|51.5|0.815922|0|1.87198e+08|2025-07-21|2026-06-26
prod|cohort|PAVS|2026-06-29|233||0|7.4|7.3|1.36986|161.927|0.991382|0.990959|0.992408|21|5|1400.44|0|0.0425616|30|0|0|0|0|0||1|0|1|3.07968|0.115099|0.296616|0|1|CLEARED_NOTHING|144000|5.06944e-05|0|4.31681e+06|2025-07-21|2026-06-26
prod|cohort|PL|2026-06-29|236||0|28.6|27.07|5.65201|10.5174|0.312169|0.859786|0.36302|11|5|0.704791|0|3.51731|10|4|4|0|4|3|0.0332448|0|38.1228|0|2.60091|0.46306|0.46306|0|0|IFFY_AT_FIRST_ZONE|51.76|0.522991|0|5.79289e+08|2025-07-21|2026-06-26
prod|cohort|POCI|2026-06-29|235||0|5.39|5.29|1.89036|6.81647|0.164362|0.255246|0.189078|10|0|0|0||6|5|5|1|4|2|1.33367|0|57.2968|0|2.23413|0|0|0|0|LADDER_CLIMBING|6.15|0.860163|0|180037|2025-07-21|2026-06-26
prod|cohort|PWRL|2026-06-29|22||1|13.63|12.98|5.0077|12.7916|0.970969|0.970969|0.993726|1|1|0.108977|0|1.53715|1|1|1|0|1|0|5.97651|0|24.5645|1|4.02944|0.0899668|0.0899668|0|1|CLEARED_NOTHING|40|0.3245|0|6.38553e+06|2026-05-27|2026-06-26
prod|cohort|QDEL|2026-06-29|236||0|17|13.79|23.2777|7.34584|0.592066|0.030107|0.727604|15|3|0.564545|1|8.03977|22|16|16|2|14|2|0.440425|0|57.1637|0|2.60121|0|0|0|0|INTO_SUPPLY|35.575|0.387632|0|1.97186e+07|2025-07-21|2026-06-26
prod|cohort|QH|2026-06-29|198||0|197440|176320|11.9782|26.305|7.38993e-06|0.0452175|1.0304e-05|12|6|0.765241|0|0.234132|2|1|1|0|1|0|4.09114|0|37.3194|0|4.17446|0.317709|0.510377|0|0|CLEARED_NOTHING|409920|0.430133|0|1.17296e+06|2025-07-21|2026-06-26
prod|cohort|RBLX|2026-06-29|236||0|50.9|47.56|7.02271|6.05902|0.785714|0.279759|0.818161|18|6|2.76086|0|0.687409|29|23|23|5|18|0|2.29569|0|46.072|0|3.5684|0|0|0|0|LADDER_CLIMBING|150.59|0.315824|0|4.669e+08|2025-07-21|2026-06-26
prod|cohort|RGC|2026-06-29|236||0|6.73|6.48|3.85802|14.9887|0.995856|0.971479|0.99697|7|0|0|0||27|20|20|0|20|0|6.6915|0|90.4747|0|5.94588|0|0|0|0|CLEARED_NOTHING|69|0.093913|0|2.53859e+06|2025-07-21|2026-06-26
prod|cohort|RKLB|2026-06-29|236||0|91.295|84.54|7.9903|8.76294|0.187369|0.590741|0.263319|17|2|0.0731239|0|0.375619|10|5|5|1|4|0|1.81337|0|47.846|0|3.70323|0.0701834|0.0701834|0|0|LADDER_CLIMBING|151|0.559868|0|2.82223e+09|2025-07-21|2026-06-26
prod|cohort|SLS|2026-06-29|236||0|13.33|12.39|7.58676|9.06908|0|0|0.000270628|9|4|0|0||0|0|0|0|0|0||1|98.0586|0|7.24045|0|0|0|0|CLEAR_AIR|12.43|0.996782|1|5.79158e+07|2025-07-21|2026-06-26
prod|cohort|STI|2026-06-29|236||0|12.17|12.34|-1.37763|20.7221|0.671681|0.977587|0.668583|11|4|0.860468|0|0.765301|6|0|0|0|0|0||1|12.8534|1|5.58834|0.175077|0.404785|0|1|CLEARED_NOTHING|46|0.268261|0|1.08061e+07|2025-07-21|2026-06-26
prod|cohort|SWMR|2026-06-29|71||0|44|41.01|7.2909|15.5991|0.467207|0.506318|0.569655|1|0|0|0||5|5|5|2|3|1|0.364225|0|48.9646|0|3.70795|0|0|0|0|INTO_SUPPLY|83.3|0.492317|0|2.66207e+07|2026-03-17|2026-06-26
prod|cohort|TVGN|2026-06-29|236||0|7.5|7|7.14286|13.6985|0.744539|0.664862|0.801532|6|1|0|0||28|20|20|0|20|0|2.23859|0|100|0|3.47162|0|0|0|0|CLEARED_NOTHING|69.995|0.100007|0|164115|2025-07-21|2026-06-26
prod|cohort|UNCY|2026-06-29|236||0|7.31|7.13|2.52454|8.91825|0.227292|0.587072|0.284589|0|0|0|0||11|3|3|0|3|0|1.58607|0|81.5708|0|2.39725|0|0|0|0|CLEARED_NOTHING|8.74|0.815789|0|7.62346e+06|2025-07-21|2026-06-26
prod|cohort|VRDN|2026-06-29|236||0|19.37|17.9|8.21229|4.66429|0.487494|0.0311968|0.612377|7|3|8.18066|0|0.69731|18|17|16|5|11|2|0.398463|0|36.203|0|2.84549|0|0|0|0|INTO_SUPPLY|34.29|0.522018|0|2.61097e+07|2025-07-21|2026-06-26
prod|cohort|VSAT|2026-06-29|236||0|67.39|61.95|8.78128|8.57063|0.103376|0.450976|0.172465|10|2|0.173138|0|2.87409|8|7|7|1|6|5|0.00692551|0|32.2507|0|2.31245|0|0|0|0|IFFY_AT_FIRST_ZONE|89.785|0.689982|0|2.03541e+08|2025-07-21|2026-06-26
prod|cohort|WSHP|2026-06-29|153||0|7.5|8|-6.25|10.6494|0.810532|0.838814|0.77563|15|3|0.947534|0|2.39137|16|14|14|0|14|2|0.93902|0|100|0|5.56645|0|0|0|0|INTO_SUPPLY|250|0.032|0|293984|2025-11-14|2026-06-26
prod|cohort|ABVX|2026-06-30|237||0|130.895|96.15|36.1362|8.47279|0.0599853|0.0341912|0.585523|17|2|0|0||10|6|6|3|3|3|0.227673|0|43.5309|0|1.24319|0|0|0|0|IFFY_AT_FIRST_ZONE|148.83|0.646039|0|1.77699e+08|2025-07-21|2026-06-29
prod|cohort|APD|2026-06-30|237||0|295.95|271.35|9.06578|2.20482|0.086356|0.305916|0.570456|16|2|0|0||12|8|8|5|3|2|0.812241|0|55.7072|0|1.90349|0|0|0|0|INTO_SUPPLY|307.96|0.881121|0|3.5301e+08|2025-07-21|2026-06-29
prod|cohort|AVAV|2026-06-30|237||0|176.5|139|26.9784|5.82322|0.885568|0.542402|0.988822|23|1|0|0||29|26|26|0|26|2|0.0569567|0|51.9259|0|4.93259|0.0760919|0.0872292|0|0|IFFY_AT_FIRST_ZONE|417.86|0.332647|0|2.0092e+08|2025-07-21|2026-06-29
prod|cohort|AVEX|2026-06-30|50||0|19.11|17.94|6.52174|10.0613|0.872407|0.872407|0.909034|5|2|0.411919|0|8.31119|4|2|2|0|2|0|1.96078|0|46.2266|0|3.84626|0.0982353|0.0982353|0|0|CLEARED_NOTHING|42.34|0.423713|0|4.57166e+07|2026-04-17|2026-06-29
prod|cohort|BOT|2026-06-30|34||0|35.5|33.29|6.63863|18.338|0.22388|0.22388|0.325513|0|0|0|0||3|3|3|0|3|2|0.307206|0|42.78|0|2.59899|0|0|0|0|INTO_SUPPLY|59|0.564237|0|2.353e+07|2026-05-11|2026-06-29
prod|cohort|CAST|2026-06-30|77||0|6.21|5.6|10.8929|29.5405|0.235954|0.235438|0.23702|5|3|0.119926|0|0.376132|1|1|1|0|1|0|3.26526|0|22.5208|1|6.0792|2.75183|4.14409|2|0|CLEARED_NOTHING|33|0.169697|0|8.5902e+06|2026-03-10|2026-06-29
prod|cohort|DPRO|2026-06-30|237||0|5.46|5.14|6.22568|8.15888|0.823719|0.681423|0.893768|10|0|0|0||27|22|22|1|21|1|0.945059|0|30.3866|0|3.40401|0.0208268|0.0208268|0|0|INTO_SUPPLY|14.4|0.356944|0|7.54714e+06|2025-07-21|2026-06-29
prod|cohort|DSC|2026-06-30|3|history_too_thin(3d)|1|5.8||||||||||||||||||||||||||||16.35||0||2026-06-25|2026-06-29
prod|cohort|EDSA|2026-06-30|237||0|7.7|7.67|0.391134|15.4236|0.0906992|0.724164|0.0918386|7|1|0.127314|0|1.51463|7|3|3|0|3|1|0.875705|0|37.0885|0|3.09422|0|0|0|0|INTO_SUPPLY|20.32|0.377461|0|1.05872e+06|2025-07-21|2026-06-29
prod|cohort|ENPH|2026-06-30|237||0|53.66|48.34|11.0054|8.79587|0.0690078|0.260155|0.172541|16|1|0|0||8|7|7|2|5|3|0.0490904|0|42.1235|0|2.17398|0.152953|0.152953|0|0|IFFY_AT_FIRST_ZONE|73.74|0.655547|0|3.24851e+08|2025-07-21|2026-06-29
prod|cohort|JACK|2026-06-30|237||0|17.16|16.6|3.37349|8.32363|0.559866|0|0.599744|15|1|0|0||16|7|7|0|7|2|0.500583|0|100|0|4.93687|0.798754|0.798754|0|0|INTO_SUPPLY|25.34|0.655091|0|7.04807e+06|2025-07-21|2026-06-29
prod|cohort|JBIO|2026-06-30|237||0|22.08|22.11|-0.135685|9.57428|0.176423|0.311941|0.174439|1|0|0|0||4|4|4|0|4|2|0.666982|0|24.6303|1|4.42749|0|0|0|1|INTO_SUPPLY|28|0.789643|0|2.31439e+07|2025-07-21|2026-06-29
prod|cohort|KARD|2026-06-30|7|history_too_thin(7d)|1|25.85||||||||||||||||||||||||||||27||0|2.01019e+07|2026-06-18|2026-06-29
prod|cohort|PAVS|2026-06-30|234||0|7.55|6.15|22.7642|163.096|0.970232|0.968803|0.995092|21|5|1362.78|0|0.0292356|30|0|0|0|0|0||1|0|1|3.40492|0.114274|0.281107|0|1|CLEARED_NOTHING|144000|4.27083e-05|0|4.31681e+06|2025-07-21|2026-06-29
prod|cohort|RDW|2026-06-30|237||0|12.06|11.69|3.1651|11.1368|0.400629|0.654579|0.420278|17|1|0.0521183|0|4.44494|11|9|9|1|8|4|0.178691|0|33.2436|0|4.86193|0.0817395|0.115587|0|0|IFFY_AT_FIRST_ZONE|26.64|0.438814|0|6.16204e+08|2025-07-21|2026-06-29
prod|cohort|REPL|2026-06-30|237||0|12|11.2|7.14286|9.55142|0.00334507|0.0010424|0.0121554|13|3|0|0||2|1|1|0|1|1|0.200668|0|63.5808|0|3.30841|0.190791|0.190791|0|0|IFFY_AT_FIRST_ZONE|13.24|0.845921|0|3.29858e+07|2025-07-21|2026-06-29
prod|cohort|SDOT|2026-06-30|237||0|37.52|35.85|4.6583|62.198|0.0406861|0.0161214|0.0455252|21|3|1.6969|0|9.55063|25|15|15|0|15|9|0.100271|0|38.5403|0|2.94278|0.548931|0.548931|0|0|IFFY_AT_FIRST_ZONE|460|0.0779348|0|1.48386e+07|2025-07-21|2026-06-29
prod|cohort|SEDG|2026-06-30|237||0|59.815|55.36|8.04733|9.08324|0.0612389|0.241125|0.0950581|16|3|0|0||4|4|4|0|4|2|0.208903|0|34.3254|0|2.73739|0.156866|0.156866|0|0|IFFY_AT_FIRST_ZONE|81.25|0.681354|0|1.48504e+08|2025-07-21|2026-06-29
prod|cohort|SHAZ|2026-06-30|91||0|86|81|6.17284|13.5842|0.134231|0.152794|0.231447|3|0|0|0||2|2|2|0|2|2|0.0804626|0|36.4202|0|3.02953|0.0960025|0.0960025|0|0|IFFY_AT_FIRST_ZONE|97.48|0.83094|0|6.13865e+07|2026-02-18|2026-06-29
prod|cohort|SILC|2026-06-30|237||0|50.835|41.93|21.2378|9.85764|0.00639125|0.010725|0.358167|5|3|0|0||4|4|4|3|1|1|0.348225|0|58.7031|0|2.03207|0.120713|0.120713|0|0|INTO_SUPPLY|52.58|0.797452|0|6.11614e+06|2025-07-21|2026-06-29
prod|cohort|UBXG|2026-06-30|237||0|7.3|7.5|-2.66667|24.4819|0.636503|0.578024|0.600992|11|3|0.518974|0|3.7825|25|9|9|0|9|1|1.04075|0|47.1236|0|3.68288|0.0682196|0.0682196|0|0|CLEARED_NOTHING|112.5|0.0666667|0|7.53953e+06|2025-07-21|2026-06-29
prod|cohort|UMAC|2026-06-30|237||0|20.9|19.23|8.68435|12.6631|0.194511|0.504677|0.227206|13|0|0|0||5|2|2|0|2|0|2.33887|0|36.1525|0|2.32614|0|0|0|0|CLEARED_NOTHING|34.36|0.559662|0|1.38979e+08|2025-07-21|2026-06-29
prod|cohort|ASTC|2026-07-01|238||0|10.88|10.905|-0.229253|25.7252|0.496501|0.788432|0.495788|13|1|0|0||2|1|1|0|1|1|0.560578|0|54.5352|0|4.89537|0|0|0|0|INTO_SUPPLY|68.85|0.158388|0|1.0176e+07|2025-07-21|2026-06-30
prod|cohort|CCXI|2026-07-01|82||0|18.69|17.45|7.10602|3.21248|0|0|0.00629825|25|7|0|0||0|0|0|0|0|0||1|100|0|21.7976|4.15252|6.77725|2|0|CLEAR_AIR|17.5|0.997143|1|93193.5|2026-02-09|2026-06-30
prod|cohort|CEPO|2026-07-01|238||0|10.54|8.83|19.3658|2.48272|0.455576|0.914131|0.999066|3|0|0|0||8|7|7|0|7|4|0.0113039|0|100|0|6.86478|0.982203|1.86833|0|0|IFFY_AT_FIRST_ZONE|12.42|0.71095|0|774378|2025-07-21|2026-06-30
prod|cohort|ELOX|2026-07-01|83||0|14.24|13.88|2.59366|32.3564|0.0860994|0.0871913|0.116485|18|4|0|0||2|2|2|0|2|2|0.368959|0|40.5764|0|0.904679|2.33882|2.33882|1|0|INTO_SUPPLY|17.5|0.793143|0|381838|2025-09-25|2026-06-30
prod|cohort|EROC|2026-07-01|14||1|14.3|14.5|-1.37931|10.6047|0.916324|0.916324|0.905544|1|0|0|0||1|1|1|0|1|0|2.4267|0|||2.99331|0.0759527|0.0759527|0||CLEARED_NOTHING|20.7|0.700483|0|3.35025e+07|2026-06-10|2026-06-30
prod|cohort|GRND|2026-07-01|238||0|15.28|14.37|6.33264|5.1486|0.240717|0|0.341635|10|1|0.616495|0|2.58674|10|9|9|1|8|5|0.394048|0|51.2699|0|4.50938|0|0|0|0|INTO_SUPPLY|20.1|0.714925|0|2.05813e+07|2025-07-21|2026-06-30
prod|cohort|KLAR|2026-07-01|202||0|21.99|20.24|8.64625|5.49642|0.348413|0|0.369255|11|3|0.239935|0|2.62273|10|10|10|1|9|0|5.77084|0|34.6378|0|4.59425|0.224198|0.224198|0|0|LADDER_CLIMBING|57.2|0.353846|0|8.75882e+07|2025-09-10|2026-06-30
prod|cohort|PRGS|2026-07-01|238||0|33.07|33.58|-1.51876|4.97371|0.695147|0.0937993|0.684366|9|0|0|0||15|14|14|0|14|1|1.40442|0|65.5016|0|3.95963|0|0|0|0|CLEARED_NOTHING|51.28|0.654836|0|1.87524e+07|2025-07-21|2026-06-30
prod|cohort|RAAQ|2026-07-01|209||0|12.18|10.8|12.7778|3.06097|0|0|0.294261|21|6|0|0||7|6|6|6|0|0||1|73.3093|0|1.25416|0|0|0|0|CLEAR_AIR|12.0995|0.892599|1|5.3124e+06|2025-07-21|2026-06-30
prod|cohort|SDOT|2026-07-01|238||0|44.7|35.09|27.3867|64.1404|0.034295|0.0116505|0.0712433|21|3|1.3812|0|7.52334|27|17|17|1|16|10|0.00767332|0|53.1904|0|2.85366|0.532307|0.532307|0|0|IFFY_AT_FIRST_ZONE|460|0.0762826|0|2.26313e+07|2025-07-21|2026-06-30
prod|cohort|SKIL|2026-07-01|238||0|5.3|5.18|2.3166|12.6605|0.819288|0.752336|0.83007|8|0|0|0||24|19|19|0|19|0|2.60266|0|55.4524|0|3.00224|0.245619|0.245619|0|0|CLEARED_NOTHING|18.45|0.280759|0|699924|2025-07-21|2026-06-30
prod|cohort|UPC|2026-07-01|238||0|6.225|6.1|2.04918|14.4236|0.751409|0.794471|0.754795|20|4|5.59103|0|1.97691|2|0|0|0|0|0||1|100|0|21.301|17.6138|19.0639|2|0|CLEARED_NOTHING|17.96|0.339644|0|44067.5|2025-07-21|2026-06-30
prod|cohort|ARCT|2026-07-02|239||0|7.32|6.89|6.24093|5.76206|0.741924|0.69148|0.844417|8|1|20.6267|0|11.3329|21|19|19|0|19|7|0.308216|0|41.4098|0|2.01685|0.0746983|0.0746983|0|0|INTO_SUPPLY|24.17|0.285064|0|2.59049e+06|2025-07-21|2026-07-01
prod|cohort|CARE|2026-07-02|239||0|34.85|34.59|0.751662|2.74488|0|0|8.59656e-05|6|3|0|0||0|0|0|0|0|0||1|59.0167|0|6.32233|0|0|0|0|CLEAR_AIR|34.6|0.999711|1|1.15289e+07|2025-07-21|2026-07-01
prod|cohort|CNXU|2026-07-02|28||1|10.87|10.26|5.94542|14.3819|0.85809|0.85809|0.955136|1|0|0|0||4|3|3|0|3|0|1.77188|0|24.9534|1|2.19508|0|0|0|1|CLEARED_NOTHING|18.7915|0.545992|0|698969|2026-05-21|2026-07-01
prod|cohort|FIZZ|2026-07-02|239||0|32.91|31|6.16129|4.2548|0.856042|0.843692|0.996853|7|1|0.0490625|0|4.40013|25|24|24|1|23|6|0.353507|0|65.0953|0|4.15637|0|0|0|0|INTO_SUPPLY|47.85|0.647858|0|1.48762e+07|2025-07-21|2026-07-01
prod|cohort|HQ|2026-07-02|71||0|26.83|27.03|-0.739919|19.8394|0.318978|0.324662|0.313162|3|1|0|0||1|1|1|0|1|0|3.41354|0|44.1163|0|6.05881|0.124741|0.124741|0|0|CLEARED_NOTHING|45|0.600667|0|1.89084e+07|2026-03-20|2026-07-01
prod|cohort|MYE|2026-07-02|239||0|33.94|34.08|-0.410798|4.17752|0.0202483|0.0655995|0.0187857|11|3|0|0||0|0|0|0|0|0||1|100|0|8.848|0.27149|0.389232|0|0|CLEAR_AIR|35.75|0.953287|0|1.11887e+07|2025-07-21|2026-07-01
prod|cohort|NEXA|2026-07-02|239||0|13.49|12.04|12.0432|6.25647|0.436959|0.737843|0.622669|15|4|0|0||9|7|7|1|6|1|1.48105|0|38.0003|0|3.46659|0.558897|0.769369|0|0|LADDER_CLIMBING|16.89|0.712848|0|1.03324e+07|2025-07-21|2026-07-01
prod|cohort|RGC|2026-07-02|239||0|8.09|8.03|0.747198|18.1339|0.949245|0.689439|0.95028|7|0|0|0||27|17|17|0|17|0|3.67409|0|73.2895|0|7.14701|0|0|0|0|CLEARED_NOTHING|69|0.116377|0|2.63565e+06|2025-07-21|2026-07-01
prod|cohort|SDOT|2026-07-02|239||0|88.99|72|23.5972|66.8057|0.0194514|0.000351886|0.0326239|21|3|0.666101|0|2.88324|14|6|6|0|6|6|0.0708153|0|52.0989|0|5.73484|0.51107|0.51107|0|0|IFFY_AT_FIRST_ZONE|460|0.156522|0|3.48302e+07|2025-07-21|2026-07-01
prod|cohort|SILC|2026-07-02|239||0|49.1|44.18|11.1363|9.89923|0.0329622|0.0541753|0.258381|6|3|0|0||4|3|3|1|2|2|0.134759|0|86.5559|0|2.02171|0.698741|0.818947|0|0|IFFY_AT_FIRST_ZONE|52.95|0.834372|0|6.47664e+06|2025-07-21|2026-07-01
prod|cohort|TENX|2026-07-02|239||0|14.66|13.29|10.3085|6.78884|0.151092|0.0847932|0.383272|4|1|0|0||11|8|8|0|8|4|0.693298|0|73.7111|0|4.80982|0.370654|0.414299|0|0|INTO_SUPPLY|18.38|0.723069|0|9.88541e+06|2025-07-21|2026-07-01
prod|cohort|WCC|2026-07-02|239||0|322.52|320.71|0.564373|3.54072|0.182575|0.748397|0.186654|15|3|0.33758|0|1.60296|7|5|5|0|5|0|2.89329|0|65.2376|0|3.97994|0.31519|0.43073|0|0|CLEARED_NOTHING|377.9|0.848664|0|1.9488e+08|2025-07-21|2026-07-01
prod|cohort|AGPU|2026-07-06|138||0|7.3|7.08|3.10734|11.4561|0.418877|0.810214|0.431174|7|1|0|0||7|5|5|0|5|4|0.621788|0|43.4055|0|1.65043|0|0|0|0|INTO_SUPPLY|10.86|0.651934|0|1.27543e+06|2025-12-12|2026-07-02
prod|cohort|AIBZ|2026-07-06|17||1|8|7.24|10.4972|16.1298|0.609677|0.609677|0.788153|2|0|0|0||2|2|2|0|2|2|1.03845|0|45.9952|0|2.78171|0.267828|0.349403|0|0|CLEARED_NOTHING|10.25|0.706341|0|5.52369e+06|2026-06-09|2026-07-02
prod|cohort|AXTI|2026-07-06|240||0|61.4|56.62|8.44225|13.8032|0.416968|0.927478|0.453198|13|7|0.0471967|0|0.84954|10|8|8|0|8|2|1.11856|0|54.4136|0|5.03251|0.112569|0.152773|0|0|CLEARED_NOTHING|143.16|0.395502|0|8.13406e+08|2025-07-21|2026-07-02
prod|cohort|BGDE|2026-07-06|44||0|9.16|7.45|22.953|14.3416|0.223283|0.223283|0.416556|0|0|0|0||3|2|2|1|1|0|1.92587|0|64.7474|0|3.3691|0|0|0|0|LADDER_CLIMBING|11.69|0.637297|0|1.13566e+06|2026-04-30|2026-07-02
prod|cohort|CEVA|2026-07-06|240||0|43.42|40.42|7.42207|8.59524|0.141601|0.341091|0.193777|26|3|0|0||5|4|4|0|4|1|1.27142|0|75.0456|0|2.37749|0.0010363|0.0010363|0|0|CLEARED_NOTHING|51.6|0.783333|0|3.1388e+07|2025-07-21|2026-07-02
prod|cohort|CIFR|2026-07-06|240||0|21.455|20.04|7.06088|10.3915|0.128786|0.479451|0.196291|19|3|0.101458|0|0.907738|10|3|3|0|3|1|0.677283|0|65.6066|0|3.39077|0.10998|0.220133|0|0|INTO_SUPPLY|30.14|0.664897|0|5.70642e+08|2025-07-21|2026-07-02
prod|cohort|CLRO|2026-07-06|230||0|6.44|6.48|-0.617284|16.6816|0.463627|0.485331|0.457582|18|0|0|0||3|3|3|0|3|3|0.400169|0|100|0|6.65278|0|0|0|0|INTO_SUPPLY|9.62|0.673597|0|27542.4|2025-07-21|2026-07-02
prod|cohort|CLYM|2026-07-06|240||0|13.6|12.9|5.42636|8.0346|0.000711991|0.00231869|0.0328908|5|1|0|0||1|1|1|0|1|1|0.0823644|0|64.3024|0|2.68149|0|0|0|0|IFFY_AT_FIRST_ZONE|13.69|0.942294|0|1.48521e+07|2025-07-21|2026-07-02
prod|cohort|ESI|2026-07-06|240||0|43.93|43.64|0.664528|4.41715|0.108788|0.349509|0.116827|23|1|0|0||6|3|3|0|3|0|2.13867|0|52.8644|0|3.05384|0.303063|0.52536|0|0|CLEARED_NOTHING|49.25|0.886091|0|1.36764e+08|2025-07-21|2026-07-02
prod|cohort|EXYN|2026-07-06|33||0|6.5|6.2|4.83871|14.3353|0.209693|0.209693|0.396559|0|0|0|0||4|4|4|1|3|3|0.0536598|0|85.5642|0|2.33312|0|0|0|0|IFFY_AT_FIRST_ZONE|7.2|0.861111|0|887216|2026-05-15|2026-07-02
prod|cohort|FRBT|2026-07-06|15||1|18.73|18.75|-0.106667|2.80598|0.0215088|0.0215088|0.0202505|0|0|0|0||0|0|0|0|0|0||1|||1.47999|0|0|0||CLEAR_AIR|19.27|0.973015|0|2.3716e+06|2026-06-11|2026-07-02
prod|cohort|HQ|2026-07-06|72||0|24.4|23.78|2.60723|20.2041|0.395729|0.403153|0.421434|3|1|0|0||1|1|1|0|1|0|4.17867|0|46.2231|0|5.82783|0.12249|0.12249|0|0|CLEARED_NOTHING|45|0.528444|0|1.89084e+07|2026-03-20|2026-07-02
prod|cohort|HUT|2026-07-06|240||0|103.48|97.14|6.52666|9.60456|0.102039|0.483564|0.131218|24|9|0.0877571|0|0.84316|8|8|8|0|8|3|0.275657|0|76.7238|0|2.39139|0.0786617|0.0786617|0|0|INTO_SUPPLY|140.8|0.689915|0|4.5985e+08|2025-07-21|2026-07-02
prod|cohort|ICCM|2026-07-06|240||0|5.09|5.36|-5.03731|25.3683|0.869427|0.798331|0.843151|11|4|2.87629|0|3.64841|32|16|16|0|16|0|1.83853|0|0|1|5.27306|2.44289|2.44289|1|0|CLEARED_NOTHING|42|0.127619|0|1.06922e+06|2025-07-21|2026-07-02
prod|cohort|IMOS|2026-07-06|240||0|68.61|63.93|7.32051|5.14712|0.0289766|0.0519491|0.099928|91|30|0.809869|1||2|1|1|0|1|1|0.673947|0|49.2331|0|3.70933|1.00964|3.80206|1|0|INTO_SUPPLY|72.9102|0.876832|0|6.29741e+06|2025-07-21|2026-07-02
prod|cohort|IREN|2026-07-06|240||0|41.97|38.82|8.11437|9.20855|0.691498|0.936987|0.798828|20|4|0.333779|0|5.48537|22|18|18|0|18|4|0.401053|0|64.0406|0|4.37197|0|0|0|0|INTO_SUPPLY|76.87|0.505008|0|2.06952e+09|2025-07-21|2026-07-02
prod|cohort|JLHL|2026-07-06|240||0|9.16|7.33|24.9659|39.3529|0.317124|0.782574|0.399304|8|0|0|0||9|8|8|0|8|0|2.31086|0|61.0667|0|4.21694|0.304509|0.304509|0|0|CLEARED_NOTHING|57.95|0.126488|0|1.18372e+06|2025-07-21|2026-07-02
prod|cohort|OFIX|2026-07-06|240||0|10.62|9.94|6.84105|4.82624|0.815116|0.408558|0.853703|9|2|1.49255|0|1.15111|23|19|19|2|17|0|3.23873|0|80.6757|0|2.20331|0.063885|0.063885|0|0|LADDER_CLIMBING|16.99|0.58505|0|3.52294e+06|2025-07-21|2026-07-02
prod|cohort|RGNX|2026-07-06|240||0|13.54|13.28|1.95783|9.72025|0.103472|0.0235864|0.123189|17|3|0|0||9|7|7|1|6|5|0.197474|0|41.0368|0|7.23765|0.123577|0.290092|0|0|IFFY_AT_FIRST_ZONE|16.19|0.820259|0|1.76085e+07|2025-07-21|2026-07-02
prod|cohort|SDOT|2026-07-06|240||0|61.02|50.55|20.7122|69.9679|0.0512086|0.0316204|0.0649982|21|3|0.927522|0|4.66993|20|7|7|0|7|3|0.753729|0|67.8864|0|5.47565|0.487972|0.487972|0|0|INTO_SUPPLY|460|0.109891|0|3.48302e+07|2025-07-21|2026-07-02
prod|cohort|SHAZ|2026-07-06|94||0|72.5|67.91|6.75895|14.1004|0.41127|0.461683|0.47242|3|0|0|0||3|3|3|0|3|1|1.41253|0|58.2569|0|2.65993|0.0924879|0.0924879|0|0|CLEARED_NOTHING|97.48|0.696656|0|8.38881e+07|2026-02-18|2026-07-02
prod|cohort|SOTK|2026-07-06|240||0|5.41|5.2|4.03846|7.01549|0.0668568|0.196101|0.150935|5|0|0|0||7|0|0|0|0|0||1|100|0|2.98091|0|0|0|0|CLEAR_AIR|6.2399|0.833347|0|223203|2025-07-21|2026-07-02
prod|cohort|WULF|2026-07-06|240||0|24.15|21.18|14.0227|8.45032|0.0856184|0.415295|0.138772|20|3|0|0||9|6|6|0|6|2|0.0531667|0|72.7159|0|3.54199|0.195263|0.259942|0|0|IFFY_AT_FIRST_ZONE|29.84|0.709786|0|6.81463e+08|2025-07-21|2026-07-02
prod|cohort|AGIO|2026-07-07|241||0|39.375|37.39|5.30891|4.41919|0.091703|0|0.151963|10|2|2.88784|1||4|3|3|2|1|0|3.80735|0|39.3003|0|5.36335|0|0|0|0|INTO_SUPPLY|46|0.812826|0|3.20339e+07|2025-07-21|2026-07-06
prod|cohort|AMPG|2026-07-07|241||0|6.62|5.92|11.8243|16.0801|0.241033|0.363824|0.28857|6|1|0|0||3|2|2|0|2|1|1.00516|0|56.5747|0|3.31089|0|0|0|0|CLEARED_NOTHING|10.11|0.585559|0|3.38859e+07|2025-07-21|2026-07-06
prod|cohort|CLRO|2026-07-07|231||0|9.59|7|37|17.9023|0.00401181|0.00422103|0.382882|18|0|0|0||2|2|2|2|0|0||1|100|0|7.06108|0|0|0|0|CLEAR_AIR|9.62|0.727651|0|29991.6|2025-07-21|2026-07-06
prod|cohort|CRNX|2026-07-07|241||0|83.58|42.03|98.858|4.84136|0|0|0.411709|11|1|0|0||17|15|15|15|0|0||1|88.2192|0|4.46354|0.213656|0.213656|0|0|CLEAR_AIR|57.99|0.72478|1|3.38186e+07|2025-07-21|2026-07-06
prod|cohort|CVU|2026-07-07|241||0|5.55|5.28|5.11364|5.90036|0.000207125|0.00588555|0.00296086|6|2|0|0||3|1|1|0|1|1|0.274834|0|86.5694|0|2.46949|0|0|0|0|INTO_SUPPLY|5.64|0.93617|0|336925|2025-07-21|2026-07-06
prod|cohort|DOCN|2026-07-07|241||0|145|131.37|10.3753|8.4892|0.154604|0.521273|0.197751|15|7|0|0||6|6|6|0|6|2|0.41068|0|77.4165|0|3.83779|0|0|0|0|INTO_SUPPLY|187.5|0.70064|0|4.61061e+08|2025-07-21|2026-07-06
prod|cohort|GLAS|2026-07-07|4|history_too_thin(4d)|1|11.79||||||||||||||||||||||||||||13.25||0||2026-06-30|2026-07-06
prod|cohort|PDC|2026-07-07|115||0|5.45|5.48|-0.547445|13.0145|0.645331|0.744019|0.638787|3|0|0|0||9|5|5|0|5|3|1.11379|0|65.6658|0|2.02099|0|0|0|0|CLEARED_NOTHING|8.4|0.652381|0|373411|2026-01-20|2026-07-06
prod|cohort|SILO|2026-07-07|241||0|6.29|6.22|1.1254|7.86433|0.924667|0.709758|0.926883|6|3|0.476078|0|2.74629|24|21|21|0|21|8|0.0111186|0|57.7166|0|1.78717|0|0|0|0|IFFY_AT_FIRST_ZONE|15.15|0.410561|0|183564|2025-07-21|2026-07-06
prod|cohort|VCRE|2026-07-07|1|history_too_thin(1d)|1|17.63||||||||||||||||||||||||||||16.53||1||2026-07-06|2026-07-06
prod|cohort|BABA|2026-07-08|242||0|107.6|98.14|9.63929|2.5951|0.949487|0.761439|0.969145|64|12|3.71604|0|1.30715|26|19|19|1|18|0|2.22753|0|35.3344|0|6.96551|0.386113|0.880059|0|0|LADDER_CLIMBING|192.67|0.509368|0|1.31019e+09|2025-07-21|2026-07-07
prod|cohort|BBOT|2026-07-08|226||0|8.93|8.29|7.72014|6.55633|0.65645|0.223927|0.799969|1|0|0|0||23|21|21|1|20|4|0.56364|0|57.7041|0|2.00325|0|0|0|0|INTO_SUPPLY|14.87|0.557498|0|3.07806e+06|2025-08-12|2026-07-07
prod|cohort|BZH|2026-07-08|242||0|31.3|27.42|14.1503|4.0573|0|0|0.0505119|19|1|0|0||3|2|2|2|0|0||1|32.2621|0|2.49068|0|0|0|0|CLEAR_AIR|29.8|0.920134|1|1.09634e+07|2025-07-21|2026-07-07
prod|cohort|CV|2026-07-08|242||0|5.86|5.67|3.35097|7.75462|0.70353|0.945303|0.731968|2|0|0|0||15|9|9|0|9|0|2.22261|0|98.3598|0|3.52367|0|0|0|0|CLEARED_NOTHING|15.37|0.3689|0|1.07354e+06|2025-07-21|2026-07-07
prod|cohort|HELE|2026-07-08|242||0|26.69|28.04|-4.81455|6.12817|0.0680821|0.282853|0.0283176|8|1|0|0||3|3|3|0|3|1|1.08828|0|68.2168|0|1.95538|0|0|0|0|CLEARED_NOTHING|30.68|0.91395|0|1.45214e+07|2025-07-21|2026-07-07
prod|cohort|KC|2026-07-08|242||0|10.41|9.44|10.2754|3.75408|0.955092|0.803409|0.976735|76|13|4.01536|0|1.07472|22|9|9|0|9|0|2.55886|0|51.396|0|7.95672|1.22522|3.44954|1|0|CLEARED_NOTHING|18.52|0.509719|0|1.32895e+07|2025-07-21|2026-07-07
prod|cohort|MAAS|2026-07-08|240||0|17.9|16.6|7.83133|18.0449|0.116761|0.154537|0.1639|19|0|0|0||2|2|2|0|2|1|0.925683|0|59.9283|0|3.02212|0|0|0|0|INTO_SUPPLY|24.9|0.666667|0|1.44712e+06|2025-07-21|2026-07-07
prod|cohort|MSLE|2026-07-08|103||0|8.7|8.21|5.96833|6.69768|0.297157|0.0255328|0.352275|2|1|0|0||7|7|7|3|4|1|1.37292|0|83.8813|0|5.89656|0.95003|1.20241|0|0|LADDER_CLIMBING|13.3949|0.61292|0|233983|2026-02-06|2026-07-07
prod|cohort|PENG|2026-07-08|242||0|67.85|62.71|8.19646|11.2876|0.0543721|0.115877|0.147817|18|5|0|0||3|3|3|1|2|2|0.703781|0|70.3477|0|2.16672|0|0|0|0|INTO_SUPPLY|77.4|0.810207|0|2.00657e+08|2025-07-21|2026-07-07
prod|cohort|RXT|2026-07-08|242||0|6.61|6.76|-2.21893|15.459|0.0718728|0.15561|0.0581851|6|3|0|0||3|2|2|0|2|2|0.32784|0|60.0729|0|1.79302|0|0|0|0|INTO_SUPPLY|8.6|0.786047|0|8.62809e+07|2025-07-21|2026-07-07
prod|cohort|VEEE|2026-07-08|242||0|5.86|5.63|4.08526|10.8166|0.922945|0.777362|0.946359|9|1|13.8869|0|27.1272|31|30|30|0|30|2|0.520624|0|68.8446|0|2.00336|0.36255|0.36255|0|0|INTO_SUPPLY|128.02|0.0439775|0|182622|2025-07-21|2026-07-07
prod|cohort|WULF|2026-07-08|242||0|21.06|20.24|4.05138|9.03895|0.149603|0.725436|0.17358|21|3|0.0630384|0|0.436015|10|7|7|0|7|0|1.69631|0|100|0|3.71039|0.182548|0.302789|0|0|CLEARED_NOTHING|29.84|0.678284|0|7.17203e+08|2025-07-21|2026-07-07
prod|cohort|AEHR|2026-07-09|243||0|79.15|67.89|16.5857|11.5272|0.289629|0.871455|0.33791|22|6|0.545051|0|1.41225|9|8|8|0|8|0|1.80657|0|44.0858|0|4.40684|0.230248|0.407707|0|0|CLEARED_NOTHING|126.62|0.536171|0|1.52933e+08|2025-07-21|2026-07-08
prod|cohort|AIBZ|2026-07-09|20||1|7.725|7.07|9.2645|16.0672|0.570085|0.570085|0.774466|2|0|0|0||3|3|3|0|3|2|0.358527|0|62.6375|0|2.03094|0.268871|0.350764|0|0|INTO_SUPPLY|10.25|0.689756|0|5.57024e+06|2026-06-09|2026-07-08
prod|cohort|ALAB|2026-07-09|243||0|417.86|393.16|6.28243|10.1031|0.0223648|0.0848187|0.0503461|20|4|0|0||3|1|1|0|1|1|0.547884|0|58.8752|0|3.00239|0.00933437|0.00933437|0|0|INTO_SUPPLY|499.476|0.787145|0|2.28951e+09|2025-07-21|2026-07-08
prod|cohort|ALNY|2026-07-09|243||0|378.49|323.5|16.9985|3.17966|0.463893|0|0.681615|9|2|1.6199|0|0.00955572|18|12|12|7|5|0|2.91657|0|46.2765|0|4.86557|0|0|0|0|LADDER_CLIMBING|495.55|0.65281|0|3.41963e+08|2025-07-21|2026-07-08
prod|cohort|AMAT|2026-07-09|243||0|627.305|570.5|9.95706|6.5592|0.0521448|0.188389|0.100869|37|13|0.0539539|0|1.61558|2|1|1|0|1|1|0.337212|0|47.3874|0|4.25993|0.859003|1.97658|0|0|INTO_SUPPLY|739.67|0.77129|0|6.77714e+09|2025-07-21|2026-07-08
prod|cohort|AP|2026-07-09|243||0|8.18|7.17|14.0865|8.10173|0.367327|0.912084|0.480453|7|1|0|0||14|10|10|0|10|1|0.63375|0|63.0811|0|5.79529|0|0|0|0|INTO_SUPPLY|12.81|0.559719|0|1.41214e+06|2025-07-21|2026-07-08
prod|cohort|AXTI|2026-07-09|243||0|64.82|60.12|7.8177|13.8918|0.384565|0.916243|0.433807|13|7|0.0444216|0|0.419784|10|9|9|0|9|3|0.672987|0|59.7501|0|3.73728|0.0399474|0.0399474|0|0|INTO_SUPPLY|143.16|0.41995|0|7.93224e+08|2025-07-21|2026-07-08
prod|cohort|BBIO|2026-07-09|243||0|84|78.33|7.23861|3.42508|0.00243841|0.00316904|0.0415992|11|3|0|0||6|6|6|5|1|1|0.326721|0|43.8433|0|5.01293|0|0|0|0|INTO_SUPPLY|84.94|0.92218|0|1.94367e+08|2025-07-21|2026-07-08
prod|cohort|BGDE|2026-07-09|47||0|7.6|7.16|6.14525|13.2822|0.404296|0.404296|0.516996|0|0|0|0||5|3|3|0|3|1|0.792515|0|49.1159|0|3.66316|0|0|0|0|INTO_SUPPLY|11.69|0.612489|0|1.09304e+06|2026-04-30|2026-07-08
prod|cohort|CLRO|2026-07-09|233||0|10.85|10.16|6.79134|22.5684|0.321108|0.329736|0.361791|19|1|0|0||0|0|0|0|0|0||1|100|0|14.5946|0.126599|0.126599|0|0|CLEAR_AIR|16.5|0.615758|0|32855.5|2025-07-21|2026-07-08
prod|cohort|ENVX|2026-07-09|243||0|5.52|5.125|7.70732|7.72845|0.898734|0.950386|0.937495|16|2|2.16437|0|3.21136|22|18|18|0|18|1|1.47676|0|68.9398|0|4.4806|0.13031|0.13031|0|0|CLEARED_NOTHING|15.91|0.322124|0|3.00973e+07|2025-07-21|2026-07-08
prod|cohort|FBRX|2026-07-09|243||0|21.25|20.58|3.25559|8.20724|0.611284|0.457047|0.659302|2|0|0|0||19|18|18|0|18|4|0.650788|0|84.0871|0|3.0446|0|0|0|0|INTO_SUPPLY|35.7999|0.574862|0|4.61553e+06|2025-07-21|2026-07-08
prod|cohort|FCEL|2026-07-09|243||0|24.2|22.54|7.36469|17.1676|0.130542|0.22106|0.186064|10|3|0.365864|1||4|1|1|0|1|0|3.29277|0|45.9656|0|3.96406|0.525052|0.525052|0|0|INTO_SUPPLY|37.88|0.595037|0|2.93066e+08|2025-07-21|2026-07-08
prod|cohort|HAWK|2026-07-09|42||0|19.19|18.91|1.4807|9.19055|0.987401|0.987401|0.997251|0|0|0|0||6|6|6|0|6|0|1.59894|0|35.5676|0|3.0007|0|0|0|0|CLEARED_NOTHING|35.73|0.529247|0|2.34261e+07|2026-05-07|2026-07-08
prod|cohort|ICHR|2026-07-09|243||0|100.52|88.81|13.1855|9.4096|0.0257014|0.0881794|0.0774306|24|7|0|0||2|1|1|0|1|1|1.38076|0|67.1259|0|3.04967|0.625572|0.842073|0|0|CLEARED_NOTHING|113.58|0.781916|0|1.0971e+08|2025-07-21|2026-07-08
prod|cohort|IMOS|2026-07-09|243||0|73.04|68.07|7.30131|5.23052|0.0023183|0.00414094|0.047937|91|28|0|0||2|2|2|1|1|1|0.243432|0|81.2363|0|4.23435|0.993546|3.23677|0|0|IFFY_AT_FIRST_ZONE|73.97|0.920238|0|6.47673e+06|2025-07-21|2026-07-08
prod|cohort|IQMX|2026-07-09|4|history_too_thin(4d)|1|12.25||||||||||||||||||||||||||||15.1||0||2026-07-02|2026-07-08
prod|cohort|LITE|2026-07-09|243||0|755.155|707.1|6.79607|7.88844|0.3289|0.963221|0.390621|23|6|0|0||16|13|13|0|13|1|0.900538|0|24.934|1|2.93429|0|0|0|1|INTO_SUPPLY|1085.68|0.651297|0|4.13081e+09|2025-07-21|2026-07-08
prod|cohort|LRCX|2026-07-09|243||0|365.13|333.15|9.59928|6.58815|0.0714845|0.299243|0.0968792|43|11|0|0||4|0|0|0|0|0||1|41.5624|0|4.34142|0.759371|1.31439|0|0|CLEAR_AIR|438.5|0.759749|0|5.24399e+09|2025-07-21|2026-07-08
prod|cohort|MAAS|2026-07-09|241||0|14.5|14.03|3.34996|19.3409|0.247423|0.329134|0.267014|19|0|0|0||2|2|2|0|2|0|2.27854|0|52.5934|0|2.81962|0|0|0|0|CLEARED_NOTHING|24.9|0.563454|0|1.59728e+06|2025-07-21|2026-07-08
prod|cohort|ONTO|2026-07-09|243||0|313.63|291.45|7.61022|7.56463|0.0759005|0.271491|0.124156|32|6|0|0||7|3|3|2|1|0|1.66702|0|51.7968|0|4.04164|0.507884|0.993655|0|0|LADDER_CLIMBING|386.46|0.754153|0|4.30817e+08|2025-07-21|2026-07-08
prod|cohort|SDOT|2026-07-09|243||0|25.25|20.31|24.323|71.8009|0.16855|0.147735|0.243942|21|3|2.18426|0|12.9704|27|13|13|0|13|4|1.08496|0|55.251|0|4.51355|0.475515|0.475515|0|0|CLEARED_NOTHING|460|0.0441522|0|2.71887e+07|2025-07-21|2026-07-08
prod|cohort|SMPL|2026-07-09|243||0|15.03|12.84|17.0561|3.94706|0.57294|0|0.723362|7|3|4.83781|0|11.749|18|16|16|3|13|1|1.06196|0|61.1849|0|3.6898|0.0384743|0.0384743|0|0|LADDER_CLIMBING|33.48|0.383513|0|2.37881e+07|2025-07-21|2026-07-08
prod|cohort|UCTT|2026-07-09|243||0|115.5|100.91|14.4584|9.44871|0.0549812|0.163724|0.10849|29|7|0|0||2|1|1|0|1|0|2.63166|0|74.6391|0|4.91202|0.74726|1.21031|0|0|CLEARED_NOTHING|144.22|0.699695|0|1.63733e+08|2025-07-21|2026-07-08
prod|cohort|ABTC|2026-07-10|213||0|6.19|5.98|3.51171|10.1871|0.905474|0.92666|0.924754|21|6|41.882|0|0.126867|25|17|17|0|17|0|6.42264|0|100|0|6.39402|0.233364|0.233364|0|0|CLEARED_NOTHING|84.6585|0.0706367|0|9.7661e+06|2025-09-03|2026-07-09
prod|cohort|CCC|2026-07-10|171||0|5.95|5.38|10.5948|5.35336|0.438833|0|0.616709|11|1|0|0||16|13|13|1|12|5|0.470921|0|30.1259|0|5.21992|0.173605|0.289116|0|0|INTO_SUPPLY|9.44|0.569915|0|4.18831e+07|2025-10-31|2026-07-09
prod|cohort|CRCL|2026-07-10|244||0|70.66|63.01|12.1409|7.19477|0.876999|0.852946|0.944754|27|4|0.722015|0|1.48695|27|20|20|1|19|2|1.0799|0|25.8153|1|3.76511|0.130489|0.151311|0|1|LADDER_CLIMBING|231.88|0.271735|0|7.79983e+08|2025-07-21|2026-07-09
prod|cohort|CUE|2026-07-10|244||0|40.57|36.51|11.1202|13.7544|0.00154394|0.00245727|0.0532631|6|2|0|0||2|1|1|1|0|0||1|60.3739|0|2.84072|0|0|0|0|CLEAR_AIR|41.42|0.881458|0|2.21402e+06|2025-07-21|2026-07-09
prod|cohort|EQPT|2026-07-10|115||0|18|16|12.5|7.64189|0.970438|0.949801|0.999193|4|1|0.159937|0|3.95481|16|14|14|0|14|0|2.09009|0|38.3572|0|6.83772|0.210067|0.330622|0|0|CLEARED_NOTHING|35.5|0.450704|0|5.25735e+07|2026-01-23|2026-07-09
prod|cohort|JLHL|2026-07-10|244||0|14.06|12.79|9.92963|45.1238|0.0784171|0.0894489|0.167078|8|0|0|0||8|8|8|0|8|3|0.540634|0|60.4252|0|5.75109|0.265565|0.265565|0|0|INTO_SUPPLY|57.95|0.220708|0|1.25145e+06|2025-07-21|2026-07-09
prod|cohort|NDRA|2026-07-10|244||0|5.7|5.49|3.82514|13.8189|0.567583|0.199945|0.612637|11|0|0|0||10|6|6|0|6|3|0.304694|0|34.8276|0|2.85118|0.129466|0.129466|0|0|INTO_SUPPLY|9.85|0.55736|0|86574.5|2025-07-21|2026-07-09
prod|cohort|NVVE|2026-07-10|244||0|9.54|8.78|8.65604|18.4207|0.521488|0.331435|0.609078|9|5|22.5137|0|52.8528|23|16|16|1|15|2|0.714719|0|100|0|3.39664|0.000785854|0.000785854|0|0|INTO_SUPPLY|464.4|0.0189061|0|56987.7|2025-07-21|2026-07-09
prod|cohort|PNTG|2026-07-10|244||0|41.52|40.46|2.61987|4.12069|0|0|0.00283939|4|1|0|0||1|1|1|1|0|0||1|54.7656|0|4.68794|0.0295548|0.0295548|0|0|CLEAR_AIR|41.35|0.978476|1|1.09281e+07|2025-07-21|2026-07-09
prod|cohort|VOD|2026-07-10|244||0|14.708|13.08|12.4465|1.57196|0.290242|0.747935|0.472798|71|13|4.30356|0|0.289787|10|6|6|3|3|0|2.3875|0|28.1592|1|7.06315|0.789957|1.90882|0|1|LADDER_CLIMBING|16.605|0.787715|0|4.76943e+07|2025-07-21|2026-07-09
prod|cohort|WDFC|2026-07-10|244||0|292.093|239.42|22.0003|2.77747|0|0|0.10768|9|0|0|0||4|3|3|3|0|0||1|61.8114|0|3.91489|0|0|0|0|CLEAR_AIR|253.24|0.945427|1|3.09147e+07|2025-07-21|2026-07-09
prod|cohort|QTTB|2026-07-13|245||0|18.31|11.21|63.3363|10.945|0|0|0.0971443|6|2|0|0||5|3|3|3|0|0||1|76.4149|0|2.15233|0|0|0|0|CLEAR_AIR|15.02|0.746338|1|4.60812e+06|2025-07-21|2026-07-10
prod|cohort|AXTI|2026-07-14|246||0|54.82|50.46|8.64051|13.2794|0.478625|0.979351|0.517074|13|7|0.0549469|0|1.89292|12|10|10|0|10|0|1.66627|0|56.8456|0|4.86129|0.0417896|0.0417896|0|0|CLEARED_NOTHING|143.16|0.352473|0|6.26644e+08|2025-07-21|2026-07-13
prod|cohort|CLSK|2026-07-14|246||0|14.685|12.36|18.8107|8.09062|0.275675|0.498686|0.55642|27|2|0|0||21|13|13|5|8|0|1.54447|0|25.0149|1|4.61912|0.114629|0.150732|0|1|LADDER_CLIMBING|23.61|0.523507|0|2.84412e+08|2025-07-21|2026-07-13
prod|cohort|FCEL|2026-07-14|246||0|21.2|19.08|11.1111|16.3727|0.258472|0.432168|0.34602|10|3|0.337078|0|0.965138|5|3|3|0|3|2|0.469604|0|18.4943|1|4.3085|0.550543|0.550543|0|1|INTO_SUPPLY|37.88|0.503696|0|2.93066e+08|2025-07-21|2026-07-13
prod|cohort|JEM|2026-07-14|246||0|6.32|6.0396|4.64269|47.1327|0.957217|0.928236|0.966483|12|2|2.17538|0|0.85941|34|16|16|0|16|0|8.33628|0|36.4307|0|3.9544|0.530417|0.530417|0|0|CLEARED_NOTHING|135.24|0.0446584|0|4.38848e+06|2025-07-21|2026-07-13
prod|cohort|LVLU|2026-07-14|244||0|9.77|8.32|17.4279|7.74021|0.44981|0.222876|0.540234|11|0|0|0||16|15|15|2|13|3|0.171908|0|79.6317|0|2.48863|0.412684|1.54499|0|0|IFFY_AT_FIRST_ZONE|32.319|0.257434|0|68526.2|2025-07-21|2026-07-13
prod|cohort|NVVE|2026-07-14|246||0|15.72|15.66|0.383142|24.9197|0.280438|0.146117|0.282078|9|5|10.0996|0|22.1321|19|14|13|0|13|4|0.00918981|0|100|0|6.95149|0.000580904|0.000580904|0|0|IFFY_AT_FIRST_ZONE|464.4|0.0337209|0|88061.3|2025-07-21|2026-07-13
prod|cohort|QXL|2026-07-14|50||0|5.45|5.21|4.60653|11.2342|0.5038|0.5038|0.577718|2|0|0|0||3|1|1|0|1|1|0.73498|0|25.7201|1|2.90435|0|0|0|1|INTO_SUPPLY|7.7|0.676623|0|500379|2026-04-30|2026-07-13
prod|cohort|REA|2026-07-14|46||0|11.96|11.8|1.35593|9.76949|0.986914|0.986914|0.991462|1|0|0|0||6|5|5|0|5|0|3.6074|0|60.674|0|4.10895|0|0|0|0|CLEARED_NOTHING|30.02|0.393071|0|2.46534e+06|2026-05-06|2026-07-13
prod|cohort|RGC|2026-07-14|246||0|5.11|5.05|1.18812|21.5082|0.99885|0.99444|0.999209|7|0|0|0||29|15|15|0|15|0|2.34744|0|22.6727|1|4.40122|0|0|0|1|CLEARED_NOTHING|69|0.0731884|0|3.01943e+06|2025-07-21|2026-07-13
prod|cohort|RTB|2026-07-14|41||0|15.16|14.96|1.3369|21.2254|0.326941|0.326941|0.341968|0|0|0|0||2|2|2|0|2|1|1.44199|0|48.08|0|2.5953|0|0|0|0|CLEARED_NOTHING|20.753|0.72086|0|1.68523e+06|2026-05-13|2026-07-13
prod|cohort|SHAZ|2026-07-14|100||0|73|68.26|6.94404|12.8763|0.448472|0.505845|0.54655|5|1|0.0702152|1||5|5|5|0|5|3|1.17025|0|42.5225|0|2.32987|0.123852|0.145263|0|0|INTO_SUPPLY|97.48|0.700246|0|1.34404e+08|2026-02-18|2026-07-13
prod|cohort|SHLS|2026-07-14|246||0|9.92|9.4|5.53191|7.94321|0.219069|0.397955|0.325007|17|2|0|0||18|12|12|0|12|7|0.57109|0|25.3103|1|2.43746|0.135515|0.135515|0|1|INTO_SUPPLY|13.1799|0.713207|0|5.39687e+07|2025-07-21|2026-07-13
prod|cohort|SMTC|2026-07-14|246||0|145.04|132.15|9.75407|6.72679|0.236153|0.59907|0.289717|23|4|0.185004|0|0.73438|9|9|9|2|7|2|0.0767486|0|24.0411|1|4.88656|0.682887|1.32115|0|1|IFFY_AT_FIRST_ZONE|177.35|0.745137|0|4.30388e+08|2025-07-21|2026-07-13
prod|cohort|SNWV|2026-07-14|246||0|13|11.26|15.4529|10.507|0.784666|0.444352|0.801487|8|3|1.78635|1|17.146|31|24|24|0|24|1|0.540078|0|73.3478|0|4.20746|0.0552697|0.0552697|0|0|INTO_SUPPLY|46.585|0.241709|0|1.39848e+06|2025-07-21|2026-07-13
prod|cohort|STFS|2026-07-14|244||0|18.22|17.77|2.53236|18.6721|0.0597515|0.0236897|0.0623073|4|0|0|0||4|3|3|0|3|1|0.420333|0|72.713|0|3.93572|0|0|0|0|INTO_SUPPLY|104|0.170865|0|549986|2025-07-21|2026-07-13
prod|cohort|TSEM|2026-07-14|246||0|271.5|229.68|18.2079|6.83429|0.0554809|0.203859|0.150898|32|10|0|0||7|5|5|3|2|2|0.644562|0|44.7487|0|6.25438|0.55302|1.20503|0|0|INTO_SUPPLY|319.94|0.717885|0|3.95093e+08|2025-07-21|2026-07-13
prod|cohort|UBXG|2026-07-14|246||0|9.04|6.3|43.4921|33.0054|0.337735|0.237808|0.760391|11|2|0.310857|0|1.68248|25|8|8|1|7|3|0.0402187|0|85.3802|0|2.19858|0|0|0|0|IFFY_AT_FIRST_ZONE|112.5|0.056|0|5.84515e+06|2025-07-21|2026-07-13
prod|cohort|AEHR|2026-07-15|247||0|98.155|72.01|36.3075|9.85749|0.102139|0.330727|0.315002|24|8|0.310874|0|0.944342|10|9|9|2|7|5|0.131764|0|24.1328|1|4.71887|0.895065|1.38044|0|1|IFFY_AT_FIRST_ZONE|126.62|0.56871|0|1.45907e+08|2025-07-21|2026-07-14
prod|cohort|AMIX|2026-07-15|247||0|5.23|5.19|0.770713|8.81464|0.368525|0.830947|0.368985|7|1|0|0||22|21|21|0|21|0|3.79605|0|94.5586|0|4.12649|0.0177818|0.0177818|0|0|CLEARED_NOTHING|32.55|0.159447|0|103584|2025-07-21|2026-07-14
prod|cohort|ANGO|2026-07-15|247||0|13.09|13|0.692308|3.76333|0.0961424|0.154034|0.107716|6|1|0|0||7|7|7|0|7|5|0.56839|0|83.7057|0|2.63678|0|0|0|0|INTO_SUPPLY|13.99|0.929235|0|4.49374e+06|2025-07-21|2026-07-14
prod|cohort|ANNX|2026-07-15|247||0|5.868|5.55|5.72973|7.5168|0.156861|0.213887|0.275056|6|1|0|0||15|6|6|0|6|4|0.117891|0|45.4484|0|3.05718|0|0|0|0|IFFY_AT_FIRST_ZONE|7.18|0.772981|0|2.22649e+07|2025-07-21|2026-07-14
prod|cohort|CLRO|2026-07-15|237||0|6.58|6.62|-0.60423|28.7852|0.718477|0.735695|0.714796|19|0|0|0||4|1|1|0|1|0|5.23741|0|83.3345|0|5.95085|0.0992574|0.0992574|0|0|CLEARED_NOTHING|16.5|0.401212|0|126026|2025-07-21|2026-07-14
prod|cohort|CNXU|2026-07-15|36||0|9.8|9.5|3.15789|14.0615|0.92607|0.92607|0.962407|1|0|0|0||5|5|5|0|5|2|1.16108|0|61.6297|0|1.01892|0|0|0|0|CLEARED_NOTHING|18.7915|0.505548|0|680649|2026-05-21|2026-07-14
prod|cohort|ELVA|2026-07-15|247||0|12.2|7.89|54.6261|6.65623|0.00290632|0.0146095|0.436409|10|2|0|0||17|13|13|13|0|0||1|66.821|0|4.21032|0.036426|0.036426|0|0|CLEAR_AIR|12.78|0.617371|0|3.09872e+06|2025-07-21|2026-07-14
prod|cohort|FBYD|2026-07-15|247||0|10.66|10.72|-0.559701|12.4331|0.693718|0.985104|0.690308|5|0|0|0||21|15|15|0|15|0|1.85608|0|76.0064|0|4.22828|0|0|0|0|CLEARED_NOTHING|29.02|0.3694|0|1.95963e+06|2025-07-21|2026-07-14
prod|cohort|JLHL|2026-07-15|247||0|8.55|7.9|8.22785|51.1734|0.550377|0.603781|0.607778|8|0|0|0||10|8|8|0|8|0|2.04328|0|61.2452|0|2.7388|0|0|0|0|CLEARED_NOTHING|57.95|0.136324|0|1.76417e+06|2025-07-21|2026-07-14
prod|cohort|LION|2026-07-15|247||0|14.25|13.29|7.22348|4.45337|0.108242|0.328686|0.171188|9|4|0|0||4|4|4|1|3|1|1.18972|0|37.4229|0|4.76363|0|0|0|0|LADDER_CLIMBING|16.7|0.795808|0|3.53734e+07|2025-07-21|2026-07-14
prod|cohort|MANE|2026-07-15|110||0|118.75|110.17|7.78796|7.25154|0.127898|0.203434|0.212741|3|2|0|0||6|4|4|1|3|3|0.76296|0|65.0741|0|3.01401|0|0|0|0|INTO_SUPPLY|131.24|0.839455|0|6.46876e+07|2026-02-04|2026-07-14
prod|cohort|NDRA|2026-07-15|247||0|5.89|5.54|6.31769|13.936|0.52908|0.141526|0.601894|11|0|0|0||11|10|10|0|10|9|0.0609141|0|30.9308|0|2.80478|0.128378|0.128378|0|0|IFFY_AT_FIRST_ZONE|9.85|0.562437|0|118546|2025-07-21|2026-07-14
prod|cohort|NVVE|2026-07-15|247||0|17.21|15.8|8.92405|25.7068|0.242955|0.102675|0.279512|9|5|8.94275|0|19.2602|18|14|14|1|13|6|0.567342|0|100|0|6.82624|0.000563118|0.000563118|0|0|INTO_SUPPLY|464.4|0.0340224|0|125716|2025-07-21|2026-07-14
prod|cohort|PRG|2026-07-15|247||0|45.18|45.21|-0.066357|4.308|0.0268708|0.102626|0.0263111|22|4|0|0||2|2|2|0|2|2|0.346802|0|15.8907|1|3.77159|0|0|0|1|INTO_SUPPLY|47.6|0.94979|0|2.13722e+07|2025-07-21|2026-07-14
prod|cohort|PYPL|2026-07-15|247||0|54.845|47.37|15.78|3.12122|0.464426|0|0.540836|21|7|0.408918|0|5.72778|20|19|19|4|15|0|1.58018|0|51.0044|0|4.28095|0.272174|0.431699|0|0|LADDER_CLIMBING|79.5|0.595849|0|5.64628e+08|2025-07-21|2026-07-14
prod|cohort|QMCO|2026-07-15|247||0|10.27|10.06|2.08748|10.6522|0.448356|0.650006|0.475578|17|0|0|0||12|6|6|0|6|3|0.635297|0|26.7967|1|3.66654|0.60603|0.60603|0|1|INTO_SUPPLY|18.48|0.544372|0|1.06833e+07|2025-07-21|2026-07-14
prod|cohort|TRT|2026-07-15|244||0|12.06|10.26|17.5439|11.0627|0.677407|0.750569|0.865277|17|3|0.169995|0|1.50896|9|8|8|1|7|3|0.230257|0|34.1806|0|3.02406|0.141389|0.141389|0|0|IFFY_AT_FIRST_ZONE|21.38|0.479888|0|5.5391e+06|2025-07-21|2026-07-14
prod|cohort|UMAC|2026-07-15|247||0|19.6|18.68|4.92505|10.9434|0.242062|0.610535|0.269315|13|0|0|0||6|5|5|0|5|1|1.08047|0|52.4061|0|2.73455|0|0|0|0|CLEARED_NOTHING|34.36|0.543655|0|7.34314e+07|2025-07-21|2026-07-14
prod|cohort|VEEE|2026-07-15|247||0|43.47|38.51|12.8798|19.4254|0.092398|0.0367796|0.121769|10|1|0|0||20|17|17|0|17|0|2.6077|0|100|0|34.1715|5.35082|5.5527|1|0|CLEARED_NOTHING|128.02|0.300812|0|182622|2025-07-21|2026-07-14
prod|cohort|ABT|2026-07-16|248||0|95.29|89.27|6.74359|2.56093|0.672647|0.0397427|0.839308|11|3|2.10834|0|1.5203|21|17|17|2|15|1|1.16788|0|61.3952|0|2.8813|0.483282|0.483282|0|0|LADDER_CLIMBING|137.49|0.649284|0|1.09537e+09|2025-07-21|2026-07-15
prod|cohort|ATAI|2026-07-16|248||0|7.065|5.36|31.8097|8.52748|0|0|0.143924|7|0|0|0||7|4|4|4|0|0||1|61.8815|0|3.38925|0|0|0|0|CLEAR_AIR|6.75|0.794074|1|4.06911e+07|2025-07-21|2026-07-15
prod|cohort|CDNA|2026-07-16|248||0|36.4|29.75|22.3529|4.86653|0|0|0.00121273|4|1|0|0||1|1|1|1|0|0||1|33.9618|0|1.86805|0|0|0|0|CLEAR_AIR|30|0.991667|1|2.11425e+07|2025-07-21|2026-07-15
prod|cohort|EAF|2026-07-16|248||0|6.76|6.85|-1.31387|10.5159|0.8215|0.791166|0.805779|10|2|3.17919|0|8.07457|22|19|19|0|19|3|0.365747|0|42.2327|0|3.13214|0|0|0|0|INTO_SUPPLY|20.32|0.337106|0|1.86842e+06|2025-07-21|2026-07-15
prod|cohort|ERNA|2026-07-16|248||0|7.55|6.73|12.1842|13.4076|0.430671|0.37094|0.630994|14|3|0.86192|0|8.22899|31|26|26|2|24|7|0.345756|0|100|0|2.20202|0.104773|0.104773|0|0|INTO_SUPPLY|71.4975|0.0941292|0|136840|2025-07-21|2026-07-15
prod|cohort|GHRS|2026-07-16|248||0|30.04|26.92|11.5899|6.31|0|0|0.014543|4|2|0|0||2|2|2|2|0|0||1|49.5345|0|2.29602|0|0|0|0|CLEAR_AIR|28.96|0.929558|1|4.72898e+06|2025-07-21|2026-07-15
prod|cohort|HELP|2026-07-16|132||0|6.93|6.51|6.45161|7.80801|0.109881|0.0144029|0.211249|6|1|1.33193|0|0.332659|5|4|4|0|4|3|0.240254|0|35.7344|0|3.53784|0|0|0|0|IFFY_AT_FIRST_ZONE|8.97|0.725753|0|6.08831e+06|2026-01-05|2026-07-15
prod|cohort|LMRI|2026-07-16|147||0|11.11|11.02|0.816697|7.58159|0.491316|0.146502|0.498523|4|0|0|0||10|9|9|0|9|1|1.27031|0|71.3475|0|3.09546|0|0|0|0|CLEARED_NOTHING|19.45|0.566581|0|6.60348e+06|2025-12-11|2026-07-15
prod|cohort|MAAS|2026-07-16|246||0|16.88|16.57|1.87085|20.1181|0.151938|0.214616|0.164094|19|0|0|0||3|3|3|0|3|2|0.812736|0|28.0487|1|1.85015|0|0|0|1|INTO_SUPPLY|24.9|0.665462|0|1.55911e+06|2025-07-21|2026-07-15
prod|cohort|MAN|2026-07-16|248||0|46.78|39.02|19.8872|5.14339|0|0|0.128125|6|0|0|0||13|6|6|6|0|0||1|63.4398|0|4.12368|0|0|0|0|CLEAR_AIR|45.91|0.849924|1|3.83717e+07|2025-07-21|2026-07-15
prod|cohort|NXTC|2026-07-16|248||0|6.54|6.63|-1.35747|20.3952|0.729001|0.756412|0.708288|9|1|0|0||21|21|21|0|21|2|0.314879|0|100|0|13.1184|7.64706|7.64706|1|0|INTO_SUPPLY|15.7399|0.421222|0|183034|2025-07-21|2026-07-15
prod|cohort|OWLT|2026-07-16|248||0|6.12|6.13|-0.163132|8.28794|0.613069|0.0563976|0.611935|6|1|5.24425|0|5.02739|15|8|8|0|8|1|0.571742|0|58.1526|0|2.22043|0|0|0|0|INTO_SUPPLY|16.94|0.361865|0|1.29141e+06|2025-07-21|2026-07-15
prod|cohort|PESI|2026-07-16|248||0|16.13|14.83|8.76601|7.88377|0.00418245|0.00145847|0.078989|6|1|0|0||6|6|6|2|4|4|0.0157276|0|41.3467|0|3.89731|0|0|0|0|IFFY_AT_FIRST_ZONE|16.4999|0.898793|0|4.29924e+06|2025-07-21|2026-07-15
prod|cohort|SMX|2026-07-16|248||0|19.42|19.42|0|13.7275|0.65961|0.535917|0.65961|25|7|10008.7|0|51.1717|25|17|17|0|17|2|0.217563|0|67.8118|0|2.84578|0.0353825|0.0353825|0|0|IFFY_AT_FIRST_ZONE|452191|4.29464e-05|0|737996|2025-07-21|2026-07-15
prod|cohort|VEEE|2026-07-16|248||0|34.81|26.59|30.9139|23.355|0.191739|0.155486|0.432187|10|1|0|0||20|19|19|0|19|0|3.77373|0|100|0|28.422|4.45052|4.61843|1|0|CLEARED_NOTHING|128.02|0.207702|0|192023|2025-07-21|2026-07-15
prod|cohort|DCBO|2026-07-17|249||0|19.4|18.54|4.63862|4.58472|0.490478|0.235377|0.677826|9|1|0.191133|0|10.546|26|22|22|4|18|3|0.224862|0|80.1688|0|2.62591|0.0709705|0.0709705|0|0|IFFY_AT_FIRST_ZONE|33.42|0.554758|0|1.05539e+06|2025-07-21|2026-07-16
prod|cohort|JLHL|2026-07-17|249||0|9.7|8.44|14.9289|52.2466|0.460578|0.502956|0.588726|8|0|0|0||10|8|8|0|8|0|1.53712|0|27.1931|1|2.34309|0|0|0|1|CLEARED_NOTHING|57.95|0.145643|0|2.07626e+06|2025-07-21|2026-07-16
prod|cohort|SDOT|2026-07-17|249||0|21.94|14.25|53.9649|55.0607|0.227353|0.208722|0.428352|21|3|3.27806|0|19.7395|27|15|15|0|15|3|1.1051|0|10.4637|1|5.09334|0.620086|0.620086|0|1|CLEARED_NOTHING|460|0.0309783|0|2.40754e+07|2025-07-21|2026-07-16
prod|cohort|SG|2026-07-17|249||0|6.705|6.22|7.79743|8.16737|0.660588|0.908822|0.769034|14|3|3.11346|0|7.16735|27|18|18|0|18|5|0.520249|0|94.6626|0|4.3231|0|0|0|0|INTO_SUPPLY|16.7|0.372455|0|3.8748e+07|2025-07-21|2026-07-16
prod|cohort|TRVI|2026-07-17|249||0|17.585|17.36|1.29608|6.05089|0.093279|0.37192|0.108035|1|0|0|0||3|2|2|0|2|1|0.540388|0|74.1135|0|2.73605|0|0|0|0|INTO_SUPPLY|20.15|0.861538|0|5.23298e+07|2025-07-21|2026-07-16
prod|cohort|UBXG|2026-07-17|249||0|5.36|5.04|6.34921|37.9495|0.860763|0.842942|0.893891|11|2|0.455977|0|4.27709|25|9|9|0|9|0|1.86815|0|100|0|2.15825|0|0|0|0|CLEARED_NOTHING|112.5|0.0448|0|4.68059e+06|2025-07-21|2026-07-16
prod|cohort|VEEE|2026-07-17|249||0|40|36.18|10.5583|24.404|0.133584|0.0917513|0.186624|10|1|0|0||21|18|18|0|18|1|0.900467|0|100|0|26.781|4.25922|4.41991|1|0|INTO_SUPPLY|128.02|0.282612|0|198437|2025-07-21|2026-07-16
prod|cohort|ADVB|2026-07-20|250||0|6.71|5.03|33.3996|9.41622|0.410027|0.0596865|0.816514|9|0|0|0||30|24|24|6|18|3|0.775527|0|23.288|1|1.81214|0|0|0|1|INTO_SUPPLY|15.2|0.330921|0|62957.9|2025-07-21|2026-07-17
prod|cohort|ATEX|2026-07-20|250||0|104|100.35|3.63727|8.07463|0.0344341|0.100947|0.0578588|6|2|0|0||3|3|3|0|3|3|0.484697|0|71.733|0|2.22106|0|0|0|0|INTO_SUPPLY|111.9|0.896783|0|4.05802e+07|2025-07-21|2026-07-17
prod|cohort|ATRA|2026-07-20|250||0|8.29|8.39|-1.1919|7.84058|0.607907|0.749749|0.594827|5|3|0.969255|0|6.40016|23|10|10|0|10|0|3.32316|0|43.5599|0|4.62972|0|0|0|0|CLEARED_NOTHING|19.145|0.438235|0|675316|2025-07-21|2026-07-17
prod|cohort|CIFR|2026-07-20|250||0|18.78|17.56|6.94761|10.0961|0.305045|0.853872|0.408425|20|2|0|0||20|13|13|2|11|3|0.580152|0|54.6742|0|3.8197|0.251586|0.343033|0|0|INTO_SUPPLY|30.14|0.582614|0|5.03171e+08|2025-07-21|2026-07-17
prod|cohort|CPIX|2026-07-20|250||0|7.08|6.84|3.50877|8.88447|0.00526688|0.00700847|0.00708904|5|1|0|0||1|0|0|0|0|0||1|69.8866|0|3.21834|0|0|0|0|CLEAR_AIR|8.09|0.845488|0|320362|2025-07-21|2026-07-17
prod|cohort|DUOT|2026-07-20|250||0|8.25|8.21|0.487211|8.12245|0.610623|0.952509|0.61847|8|1|0.0746155|0|1.49231|21|14|14|0|14|3|0.947617|0|41.3229|0|4.90135|0.0661201|0.0661201|0|0|INTO_SUPPLY|15.28|0.537304|0|6.40181e+06|2025-07-21|2026-07-17
prod|cohort|HUT|2026-07-20|250||0|101.51|91.45|11.0005|9.72769|0.118255|0.622536|0.160583|24|9|0.0346546|0|1.10182|9|9|9|0|9|4|0.468374|0|71.5173|0|3.14993|0.077666|0.077666|0|0|INTO_SUPPLY|140.8|0.649503|0|4.15123e+08|2025-07-21|2026-07-17
prod|cohort|IREN|2026-07-20|250||0|36.392|33.62|8.24509|8.61815|0.839759|0.975717|0.87642|21|5|0.58151|0|0.327773|24|21|21|0|21|0|2.27273|0|45.6144|0|3.83302|0.161805|0.161805|0|0|CLEARED_NOTHING|76.87|0.437362|0|1.62324e+09|2025-07-21|2026-07-17
prod|cohort|NUCL|2026-07-20|99||0|5.69|5.61|1.42602|10.3257|0.9028|0.983916|0.913045|5|0|0|0||14|13|13|0|13|2|0.49359|0|86.021|0|5.88278|0|0|0|0|INTO_SUPPLY|14.22|0.394515|0|2.1026e+06|2026-02-25|2026-07-17
prod|cohort|PLOW|2026-07-20|250||0|49.04|44.62|9.90587|3.71493|0.0831833|0.266325|0.327705|16|1|0|0||7|5|5|3|2|0|1.80585|0|29.3167|1|6.75071|0.286366|0.286366|0|1|LADDER_CLIMBING|55|0.811273|0|1.13105e+07|2025-07-21|2026-07-17
prod|cohort|RMTI|2026-07-20|250||0|6.58|6.125|7.42857|6.36589|0.0720678|0.556521|0.0742957|5|3|1.36556|0|7.39599|23|22|22|1|21|3|0.589244|0|25.735|1|3.67651|0.125477|0.125477|0|1|INTO_SUPPLY|12.9|0.474806|0|182785|2025-07-21|2026-07-17
prod|cohort|SDOT|2026-07-20|250||0|32.38|25.3|27.9842|54.5534|0.127086|0.109403|0.219263|22|4|2.2418|0|12.9085|27|14|14|0|14|7|0.164738|0|22.9723|1|4.18418|0.625853|0.718471|0|1|IFFY_AT_FIRST_ZONE|460|0.055|0|2.40754e+07|2025-07-21|2026-07-17
prod|cohort|AEHR|2026-07-21|251||0|83.25|77.36|7.61375|11.1682|0.282708|0.777671|0.326506|25|8|0.0107555|0|2.89862|11|10|10|0|10|1|1.13685|0|51.7876|0|3.42134|1.53689|2.51767|1|0|CLEARED_NOTHING|126.62|0.610962|0|1.55033e+08|2025-07-21|2026-07-20
prod|cohort|AGPU|2026-07-21|149||0|8.6|8.71|-1.26292|9.95101|0.308113|0.0198832|0.291712|7|1|0|0||3|2|2|0|2|2|0.292129|0|61.3764|0|2.7678|0|0|0|0|INTO_SUPPLY|10.86|0.802026|0|1.14763e+06|2025-12-12|2026-07-20
prod|cohort|AKTX|2026-07-21|251||0|11.25|10.66|5.53471|14.7921|0.725846|0.753456|0.779892|7|4|0.370167|0|15.3223|25|14|14|0|14|1|0.811242|0|31.9945|0|3.40369|0|0|0|0|INTO_SUPPLY|49.6|0.214919|0|804934|2025-07-21|2026-07-20
prod|cohort|BGDE|2026-07-21|55||0|6|5.7|5.26316|13.9007|0.773819|0.773819|0.845739|1|0|0|0||6|5|5|0|5|2|1.07908|0|72.6594|0|3.65542|0.0100473|0.0100473|0|0|CLEARED_NOTHING|11.69|0.487596|0|823485|2026-04-30|2026-07-20
prod|cohort|CRCL|2026-07-21|251||0|68.94|65.45|5.33231|7.60801|0.874304|0.773109|0.910118|28|4|0.699833|0|1.7692|30|25|25|2|23|4|0.198285|0|50.6634|0|3.17984|0.0563226|0.0760135|0|0|IFFY_AT_FIRST_ZONE|231.88|0.282258|0|7.93657e+08|2025-07-21|2026-07-20
prod|cohort|FWRD|2026-07-21|251||0|15.15|13.2|14.7727|7.28189|0.65795|0.134186|0.763172|14|3|1.84915|1|1.79477|27|21|21|5|16|0|7.29691|0|57.9691|0|2.3408|0|0|0|0|INTO_SUPPLY|32.47|0.406529|0|8.83558e+06|2025-07-21|2026-07-20
prod|cohort|HAS|2026-07-21|251||0|84.51|81.59|3.57887|2.4341|0.447558|0.58324|0.568265|9|0|0|0||14|13|13|4|9|3|0.308693|0|42.2874|0|4.3979|0|0|0|0|INTO_SUPPLY|106.98|0.762666|0|1.38705e+08|2025-07-21|2026-07-20
prod|cohort|PKE|2026-07-21|251||0|36.66|32.66|12.2474|5.59671|0.0365537|0.109303|0.25383|5|2|0|0||10|9|9|5|4|3|0.00487388|0|52.4364|0|2.89839|0|0|0|0|IFFY_AT_FIRST_ZONE|39.86|0.819368|0|9.88041e+06|2025-07-21|2026-07-20
prod|cohort|RPT|2026-07-21|251||0|12.11|10.63|13.9229|4.72775|0.878528|0.68042|0.961076|2|1|0.13973|0|4.41898|20|16|16|0|16|0|3.40593|0|100|0|6.25842|0.113795|0.113795|0|0|CLEARED_NOTHING|17.94|0.592531|0|859672|2025-07-21|2026-07-20
prod|cohort|UTZ|2026-07-21|251||0|14.08|7.45|88.9933|4.23058|0.0158881|0|0.832453|9|2|0|0||27|23|23|21|2|2|0.604366|0|70.2809|0|3.24976|0.120139|0.212233|0|0|INTO_SUPPLY|14.67|0.507839|0|1.41272e+07|2025-07-21|2026-07-20
prod|cohort|ADVB|2026-07-22|252||0|8.32|7.08|17.5141|12.4836|0.243224|0.298685|0.539351|10|1|0|0||19|12|12|0|12|4|0.654704|0|100|0|6.68869|1.53458|1.53458|1|0|INTO_SUPPLY|15.2|0.465789|0|67686.4|2025-07-21|2026-07-21
prod|cohort|AGPU|2026-07-22|150||0|9.47|9.54|-0.733753|10.2856|0.187186|0.0159031|0.177634|7|1|0|0||1|0|0|0|0|0||1|85.9835|0|3.81753|0|0|0|0|CLEAR_AIR|10.86|0.878453|0|1.25961e+06|2025-12-12|2026-07-21
prod|cohort|ARWR|2026-07-22|252||0|85.46|74.52|14.6806|4.97758|0.00628168|0.0311201|0.147382|16|5|0|0||10|6|6|5|1|1|0.557143|0|56.7443|0|4.10085|0.339217|0.339217|0|0|INTO_SUPPLY|87.83|0.848457|0|1.64979e+08|2025-07-21|2026-07-21
prod|cohort|EFOR|2026-07-22|60||0|20.03|18.31|9.39377|6.50602|0.431629|0.431629|0.735012|4|0|0|0||11|10|10|6|4|3|1.04362|0|30.0959|0|1.3934|0.206004|0.238846|0|0|LADDER_CLIMBING|23.64|0.774535|0|1.67766e+07|2026-04-24|2026-07-21
prod|cohort|FTAI|2026-07-22|252||0|225.7|210.25|7.34839|6.41491|0.534421|0.734425|0.581845|16|3|0.0821911|0|0.929658|14|12|12|0|12|1|1.44525|0|54.557|0|5.1087|0.0768011|0.0768011|0|0|CLEARED_NOTHING|323.51|0.649903|0|2.59775e+08|2025-07-21|2026-07-21
prod|cohort|HCAI|2026-07-22|252||0|5.45|5.4|0.925926|11.7181|0.991277|0.999483|0.991765|15|1|0.250534|0|2.03559|35|31|31|0|31|0|2.62278|0|72.6679|0|3.61807|0.195898|0.195898|0|0|CLEARED_NOTHING|28.797|0.18752|0|198735|2025-07-21|2026-07-21
prod|cohort|NVVE|2026-07-22|252||0|7.75|7.07|9.6181|36.2191|0.801831|0.749897|0.854275|10|6|15.8263|0|1.63877|23|13|13|0|13|2|1.08515|0|27.8414|1|5.70328|0.622372|0.622771|0|1|CLEARED_NOTHING|464.4|0.0152239|0|1.21503e+06|2025-07-21|2026-07-21
prod|cohort|OTLY|2026-07-22|252||0|9.82|9.05|8.50829|5.54008|0.844243|0.348204|0.891082|6|1|0|0||27|23|23|0|23|2|0.661721|0|69.9155|0|1.83438|0|0|0|0|INTO_SUPPLY|18.84|0.480361|0|562147|2025-07-21|2026-07-21
prod|cohort|PAG|2026-07-22|252||0|215|195.19|10.1491|2.75121|0|0|0.0227519|10|1|0|0||2|1|1|1|0|0||1|53.2324|0|5.20327|0.129074|0.129074|0|0|CLEAR_AIR|207.22|0.941946|1|5.37363e+07|2025-07-21|2026-07-21
prod|cohort|PHOE|2026-07-22|228||0|27.72|26.6|4.21053|23.7518|0.253283|0.439631|0.276176|30|1|0|0||5|1|1|0|1|0|3.30043|0|100|0|3.72292|0|0|0|0|CLEARED_NOTHING|133.12|0.19982|0|521392|2025-07-21|2026-07-21
prod|cohort|RFIL|2026-07-22|252||0|13.3|13.72|-3.06122|9.01234|0.358967|0.974907|0.34034|7|1|0|0||9|6|6|0|6|1|1.28479|0|36.5431|0|5.38342|0|0|0|0|CLEARED_NOTHING|22.3|0.615247|0|4.94252e+06|2025-07-21|2026-07-21
prod|cohort|SMCI|2026-07-22|252||0|28.89|25.5|13.2941|5.97679|0.789874|0.741679|0.891946|29|2|0.718135|0|4.581|30|26|26|1|25|5|0.133202|0|52.3388|0|3.3807|0|0|0|0|IFFY_AT_FIRST_ZONE|62.358|0.408929|0|1.02658e+09|2025-07-21|2026-07-21
prod|cohort|ACOG|2026-07-23|253||0|8|7.9|1.26582|6.97643|0.206659|0.315558|0.218823|0|0|0|0||7|7|7|0|7|3|0.680864|0|68.047|0|1.2607|0|0|0|0|INTO_SUPPLY|10.27|0.769231|0|386504|2025-07-21|2026-07-22
prod|cohort|ADVB|2026-07-23|253||0|15.15|12.25|23.6735|16.5177|0.085638|0.1183|0.161162|10|1|0|0||5|5|5|5|0|0||1|100|0|8.79625|1.15979|1.15979|1|0|CLEAR_AIR|18.73|0.654031|0|71564.2|2025-07-21|2026-07-22
prod|cohort|AGPU|2026-07-23|151||0|7.12|7.11|0.140647|11.8578|0.439118|0.398772|0.43985|7|1|0|0||9|0|0|0|0|0||1|100|0|3.31137|0|0|0|0|CLEAR_AIR|10.86|0.654696|0|1.4124e+06|2025-12-12|2026-07-22
prod|cohort|ALGS|2026-07-23|253||0|5.05|5.15|-1.94175|8.38119|0.993828|0.980776|0.987725|2|0|0|0||32|26|26|0|26|2|1.18133|0|64.1121|0|3.34991|0|0|0|0|CLEARED_NOTHING|13.6892|0.376209|0|409179|2025-07-21|2026-07-22
prod|cohort|ALLE|2026-07-23|253||0|151.57|139.95|8.30297|2.65351|0.578968|0|0.736577|12|6|1.14|1|1.02687|13|6|6|2|4|0|3.01224|0|45.5919|0|1.53433|0|0|0|0|INTO_SUPPLY|183.11|0.764295|0|1.76541e+08|2025-07-21|2026-07-22
prod|cohort|CLF|2026-07-23|253||0|10.67|9.45|12.9101|4.70683|0.640749|0.489242|0.876241|23|2|0.418343|0|0.676996|22|16|16|3|13|4|0.517703|0|61.5371|0|1.96595|0|0|0|0|INTO_SUPPLY|16.7|0.565868|0|1.86859e+08|2025-07-21|2026-07-22
prod|cohort|COCO|2026-07-23|253||0|77.92|74.45|4.66085|5.35297|0.0541498|0.191236|0.123046|7|2|0|0||4|3|3|2|1|0|1.89641|0|32.5081|0|2.63957|0|0|0|0|LADDER_CLIMBING|85.83|0.867412|0|7.6953e+07|2025-07-21|2026-07-22
prod|cohort|DGX|2026-07-23|253||0|228.09|209.83|8.70228|2.39468|0|0|0.0411357|10|1|0|0||5|5|4|4|0|0||1|59.5977|0|2.85802|0.271342|0.271342|0|0|CLEAR_AIR|219.2|0.957254|1|1.77724e+08|2025-07-21|2026-07-22
prod|cohort|IMTX|2026-07-23|253||0|9.02|9.17|-1.63577|5.15251|0.715399|0.986414|0.693224|6|2|0|0||21|19|19|0|19|0|1.76437|0|36.043|0|2.20592|0|0|0|0|CLEARED_NOTHING|12.41|0.73892|0|2.73499e+06|2025-07-21|2026-07-22
prod|cohort|LMT|2026-07-23|253||0|545|514.36|5.95692|2.37239|0.298774|0.015077|0.468217|14|2|0.044789|0|5.99481|19|18|18|9|9|2|0.191036|0|65.5331|0|3.15735|0.404174|1.1691|0|0|IFFY_AT_FIRST_ZONE|692|0.743295|0|5.07651e+08|2025-07-21|2026-07-22
prod|cohort|MEDP|2026-07-23|253||0|647|528.12|22.51|3.3346|0|0|0.301267|14|2|0|0||14|12|12|12|0|0||1|44.8725|0|2.0784|0.125984|0.125984|0|0|CLEAR_AIR|628.915|0.839731|1|1.73798e+08|2025-07-21|2026-07-22
prod|cohort|NVCR|2026-07-23|253||0|18|15.57|15.6069|5.05705|0.0239786|0.103184|0.171983|16|3|0|0||10|8|8|4|4|4|0.087886|0|31.7174|0|2.6669|0|0|0|0|IFFY_AT_FIRST_ZONE|18.92|0.822939|0|1.85492e+07|2025-07-21|2026-07-22
prod|cohort|NVEC|2026-07-23|253||0|107.36|86.68|23.8579|6.14042|0.106211|0.184318|0.496383|14|2|0|0||7|7|7|2|5|4|0.405015|0|34.6539|0|3.83231|0.0427356|0.0427356|0|0|INTO_SUPPLY|121.2|0.715182|0|2.22158e+07|2025-07-21|2026-07-22
prod|cohort|OII|2026-07-23|253||0|47.22|45|4.93333|3.84754|0|0|0.00479682|9|4|0|0||0|0|0|0|0|0||1|57.2492|0|3.99572|0.123827|0.191736|0|0|CLEAR_AIR|45.91|0.980179|1|3.86028e+07|2025-07-21|2026-07-22
prod|cohort|OTLY|2026-07-23|253||0|10.5|10.78|-2.5974|6.61842|0.760462|0.217289|0.734258|6|1|0|0||23|23|23|0|23|1|0.762662|0|100|0|2.65372|0|0|0|0|INTO_SUPPLY|18.84|0.572187|0|576610|2025-07-21|2026-07-22
prod|cohort|RELL|2026-07-23|253||0|21.18|18.01|17.6013|6.13676|0|0|0.0904257|7|1|0|0||4|4|4|4|0|0||1|58.9117|0|2.50696|0.0293961|0.0293961|0|0|CLEAR_AIR|19.86|0.906848|1|2.398e+06|2025-07-21|2026-07-22
prod|cohort|TMO|2026-07-23|253||0|573.68|526.46|8.96934|2.77689|0.163468|0|0.355419|17|4|0.625844|0|1.42306|12|9|9|5|4|2|0.338973|0|74.1493|0|2.26239|0.0320647|0.0320647|0|0|INTO_SUPPLY|643.99|0.817497|0|1.03932e+09|2025-07-21|2026-07-22
prod|cohort|TRAX|2026-07-23|65||0|37.75|38.17|-1.10034|12.0813|0.0464242|0.0508982|0.0365451|1|1|0|0||1|1|1|0|1|1|0.162015|0|50.4402|0|4.62922|0.0518077|0.0518077|0|0|IFFY_AT_FIRST_ZONE|42.9|0.889744|0|2.00647e+07|2026-04-20|2026-07-22
prod|cohort|URI|2026-07-23|253||0|1096|1035.06|5.88758|2.95672|0.0237296|0.117278|0.100412|21|3|0|0||6|6|6|2|4|4|0.020984|0|63.1409|0|3.12649|0.0729145|0.0729145|0|0|IFFY_AT_FIRST_ZONE|1143.69|0.905018|0|4.3723e+08|2025-07-21|2026-07-22
prod|cohort|WST|2026-07-23|253||0|385|358.41|7.41888|2.30387|0|0|0.023088|15|3|0|0||3|3|3|3|0|0||1|75.4881|0|1.626|0|0|0|0|CLEAR_AIR|367.66|0.974841|1|2.51809e+08|2025-07-21|2026-07-22
prod|cohort|ADVB|2026-07-24|254||0|23.09|16.78|37.6043|18.5861|0|0|0.0889782|10|1|0|0||0|0|0|0|0|0||1|100|0|12.3874|1.03072|1.03072|1|0|CLEAR_AIR|20.87|0.804025|1|75635.8|2025-07-21|2026-07-23
prod|cohort|AKAN|2026-07-24|254||0|10|8.07|23.9157|8.46217|0.698865|0.995826|0.811264|16|1|0.360428|0|7.9235|25|17|17|1|16|2|0.147716|0|62.9217|0|5.39057|0.0988065|0.0988065|0|0|IFFY_AT_FIRST_ZONE|209.025|0.0386078|0|224513|2025-07-21|2026-07-23
prod|cohort|AMKR|2026-07-24|254||0|71.1|65.33|8.83208|6.79775|0.211592|0.591523|0.32975|38|8|0.324361|0|3.56747|12|7|7|0|7|3|0.268973|0|34.3458|0|2.11064|0.677165|1.3735|0|0|INTO_SUPPLY|96.68|0.675734|0|3.19819e+08|2025-07-21|2026-07-23
prod|cohort|AVBC|2026-07-24|245||0|20.85|20.24|3.01383|2.6457|0.0264774|0.0912673|0.14248|0|0|0|0||6|5|5|1|4|4|0.253794|0|69.8818|0|1.74334|0|0|0|0|INTO_SUPPLY|21.635|0.935521|0|1.10619e+06|2025-08-01|2026-07-23
prod|cohort|BAH|2026-07-24|254||0|69.99|65.87|6.25474|3.72734|0.884982|0.490733|0.904518|13|2|0.153329|0|0.153329|28|21|21|1|20|1|0.244177|0|49.0203|0|1.60511|0.0903398|0.0903398|0|0|IFFY_AT_FIRST_ZONE|120.045|0.548711|0|1.42118e+08|2025-07-21|2026-07-23
prod|cohort|CV|2026-07-24|254||0|6.65|6.6|0.757576|7.30088|0.490727|0.702028|0.503205|3|1|0|0||12|10|10|0|10|2|0.967851|0|32.6288|0|3.45104|0.0114332|0.0114332|0|0|INTO_SUPPLY|15.37|0.429408|0|857239|2025-07-21|2026-07-23
prod|cohort|DLR|2026-07-24|254||0|190|179.34|5.94402|2.35625|0.153987|0.354074|0.359175|13|1|0|0||9|7|7|3|4|1|1.09228|0|44.0126|0|1.75781|0|0|0|0|LADDER_CLIMBING|208.14|0.861632|0|5.33117e+08|2025-07-21|2026-07-23
prod|cohort|PMN|2026-07-24|254||0|13.88|12.61|10.0714|9.09385|0.712065|0.332648|0.807233|4|0|0|0||12|9|9|0|9|3|0.0950701|0|59.8616|0|2.05884|0|0|0|0|IFFY_AT_FIRST_ZONE|39.75|0.317233|0|1.11719e+06|2025-07-21|2026-07-23
prod|cohort|PN|2026-07-24|254||0|10.97|9.44|16.2076|10.2546|0.104688|0.0187925|0.143668|1|0|0|0||24|13|13|1|12|3|0.38047|0|100|0|14.3261|0|0|0|0|INTO_SUPPLY|87.4|0.108009|0|36450.3|2025-07-21|2026-07-23
prod|cohort|RNG|2026-07-24|254||0|40.5|38.62|4.86794|4.93142|0.153771|0.557689|0.253658|16|2|0|0||13|12|12|3|9|7|0.0700973|0|71.6444|0|2.18779|0.174927|0.295577|0|0|IFFY_AT_FIRST_ZONE|49.85|0.774724|0|6.15961e+07|2025-07-21|2026-07-23
prod|cohort|SAFT|2026-07-24|254||0|103.01|72.94|41.2257|2.25377|0|0|0.583973|10|0|0|0||14|13|13|13|0|0||1|54.891|0|3.42768|0.0207558|0.0207558|0|0|CLEAR_AIR|81.49|0.895079|1|7.89567e+06|2025-07-21|2026-07-23
prod|cohort|SKYQ|2026-07-24|254||0|6.48|5.64|14.8936|21.3538|0.160742|0.00876161|0.23892|21|2|0|0||8|7|7|2|5|2|0.150897|0|64.3703|0|4.33795|0.220897|0.381228|0|0|IFFY_AT_FIRST_ZONE|19.4499|0.289976|0|2.35325e+07|2025-07-21|2026-07-23
prod|cohort|SSNC|2026-07-24|254||0|72.25|66.95|7.91636|2.63723|0.504031|0|0.861885|10|1|0|0||22|20|20|6|14|3|0.335887|0|51.3195|0|2.97345|0.107393|0.212298|0|0|INTO_SUPPLY|91.07|0.735149|0|1.23705e+08|2025-07-21|2026-07-23
prod|cohort|THC|2026-07-24|254||0|235.01|199.02|18.0836|3.52832|0.0301673|0|0.308291|11|0|0|0||14|14|14|10|4|4|0.0916556|0|44.283|0|3.57872|0.717245|0.717245|0|0|IFFY_AT_FIRST_ZONE|247.21|0.805065|0|2.16125e+08|2025-07-21|2026-07-23
prod|cohort|WKC|2026-07-24|254||0|39.995|36.27|10.2702|2.59542|0|0|0.0383564|6|1|0|0||1|0|0|0|0|0||1|41.1455|0|4.1048|0.229082|0.229082|0|0|CLEAR_AIR|37.88|0.957497|1|3.45502e+07|2025-07-21|2026-07-23
prod|cohort|AGPU|2026-07-27|153||0|7.87|6.85|14.8905|12.2898|0.400666|0.209538|0.463036|7|1|0|0||10|5|5|2|3|2|0.134407|0|100|0|3.22686|0|0|0|0|IFFY_AT_FIRST_ZONE|10.86|0.630755|0|1.69702e+06|2025-12-12|2026-07-24
prod|cohort|ARQQ|2026-07-27|255||0|17.17|16.65|3.12312|11.9073|0.763898|0.623342|0.793514|16|2|0.0195648|0|2.23038|21|16|16|0|16|2|0.895088|0|63.9988|0|2.57698|0.0151797|0.0151797|0|0|INTO_SUPPLY|62|0.268548|0|9.82057e+06|2025-07-21|2026-07-24
prod|cohort|BGDE|2026-07-27|59||0|5.65|5.39|4.82375|13.3947|0.852682|0.852682|0.892645|1|0|0|0||7|6|6|0|6|1|1.32122|0|41.6118|0|3.39241|0.0104269|0.0104269|0|0|CLEARED_NOTHING|11.69|0.461078|0|635594|2026-04-30|2026-07-24
prod|cohort|BMNR|2026-07-27|255||0|16.705|15.79|5.79481|6.41673|0.907251|0.525739|0.940195|41|5|1.93112|0|6.90819|36|30|30|1|29|4|0.219234|0|67.0196|0|3.1089|0.533342|0.664514|0|0|IFFY_AT_FIRST_ZONE|71.74|0.2201|0|5.4603e+08|2025-07-21|2026-07-24
prod|cohort|BNAI|2026-07-27|255||0|11.92|11.16|6.81004|10.2745|0.302789|0.96614|0.313524|22|6|2.68356|0|3.27015|18|13|13|0|13|0|2.50662|0|24.3863|1|4.14806|0.00909615|0.00909615|0|1|CLEARED_NOTHING|86.28|0.129346|0|2.98675e+06|2025-07-21|2026-07-24
prod|cohort|FBRX|2026-07-27|255||0|76.41|54.78|39.4852|12.6743|0|0|0.0219979|2|0|0|0||0|0|0|0|0|0||1|45.8923|0|7.02148|0|0|0|0|CLEAR_AIR|62.46|0.877041|1|2.91e+07|2025-07-21|2026-07-24
prod|cohort|FHB|2026-07-27|255||0|28.22|28.11|0.39132|2.39097|0.165439|0.524897|0.174541|11|2|0.133386|0|2.35649|8|5|5|0|5|1|1.20048|0|40.9375|0|3.20067|0.881456|1.13254|0|0|CLEARED_NOTHING|30.58|0.919228|0|6.68619e+07|2025-07-21|2026-07-24
prod|cohort|GENI|2026-07-27|255||0|6.8|6.48|4.93827|5.87104|0.532107|0.0983832|0.573319|6|0|0|0||24|21|21|3|18|4|0.237958|0|52.0644|0|1.53879|0.0921401|0.0921401|0|0|IFFY_AT_FIRST_ZONE|13.7296|0.471973|0|2.82987e+07|2025-07-21|2026-07-24
prod|cohort|HQ|2026-07-27|87||0|12.26|11.7|4.78632|16.2309|0.819002|0.875665|0.874091|3|1|0|0||11|8|8|0|8|3|0.854309|0|69.9551|0|3.60789|0|0|0|0|INTO_SUPPLY|45|0.26|0|9.87029e+06|2026-03-20|2026-07-24
prod|cohort|IMMR|2026-07-27|255||0|6.69|6.52|2.60736|4.01517|0.454639|0.258867|0.613611|5|0|0|0||15|13|13|0|13|7|0.204754|0|29.7036|1|1.32075|0|0|0|1|IFFY_AT_FIRST_ZONE|7.76|0.840206|0|3.11877e+06|2025-07-21|2026-07-24
prod|cohort|IONQ|2026-07-27|255||0|34.47|32.84|4.96346|6.61377|0.889594|0.977672|0.93313|13|3|0.464478|0|3.38241|27|21|21|0|21|2|0.182036|0|32.7925|0|6.46156|0.259889|0.337112|0|0|IFFY_AT_FIRST_ZONE|84.64|0.387996|0|7.24956e+08|2025-07-21|2026-07-24
prod|cohort|JACK|2026-07-27|255||0|15.33|14.55|5.36082|9.36171|0.657897|0.24401|0.710797|17|1|0|0||19|10|10|0|10|3|0.222973|0|53.4797|0|1.76129|0.12002|0.239237|0|0|IFFY_AT_FIRST_ZONE|25.34|0.574191|0|1.28099e+07|2025-07-21|2026-07-24
prod|cohort|JLHL|2026-07-27|255||0|6.16|6.08|1.31579|41.3455|0.762416|0.817449|0.767781|8|0|0|0||14|9|9|0|9|0|4.44857|0|0|1|2.97891|0|0|0|1|CLEARED_NOTHING|57.95|0.104918|0|4.04566e+06|2025-07-21|2026-07-24
prod|cohort|KZIA|2026-07-27|255||0|12.66|12.26|3.26264|7.76943|0.122045|0.697196|0.145835|7|0|0|0||8|6|6|0|6|2|0.482305|0|94.8158|0|2.25772|0|0|0|0|INTO_SUPPLY|17.4|0.704598|0|2.10605e+06|2025-07-21|2026-07-24
prod|cohort|NIPG|2026-07-27|255||0|15.5|15.5|0|17.8348|0.0287382|0.0281751|0.0287382|6|2|0|0||21|17|17|0|17|1|0.364998|0|89.545|0|9.10294|0.173308|0.244583|0|0|INTO_SUPPLY|51.9|0.298651|0|70208.2|2025-07-21|2026-07-24
prod|cohort|NNE|2026-07-27|255||0|16.6|15.59|6.47851|6.57805|0.989885|0.957475|0.999463|15|0|0|0||32|28|28|0|28|0|1.60263|0|55.5177|0|3.91324|0|0|0|0|CLEARED_NOTHING|60.87|0.25612|0|3.75124e+07|2025-07-21|2026-07-24
prod|cohort|OMER|2026-07-27|255||0|11.25|9.79|14.9132|6.95402|0.376751|0.262811|0.627504|11|1|0|0||25|21|21|5|16|6|0.242865|0|51.4015|0|1.79752|0|0|0|0|IFFY_AT_FIRST_ZONE|17.65|0.554674|0|1.27576e+07|2025-07-21|2026-07-24
prod|cohort|PLRZ|2026-07-27|255||0|16.47|14.68|12.1935|9.71172|0.0332234|0.0693849|0.0746905|7|2|0|0||13|11|11|5|6|6|0.0186931|0|52.7437|0|1.65639|0|0|0|0|IFFY_AT_FIRST_ZONE|18.2|0.806593|0|323842|2025-07-21|2026-07-24
prod|cohort|PN|2026-07-27|255||0|9.3|7.98|16.5414|12.8953|0.156585|0.0758126|0.225785|1|0|0|0||25|14|14|0|14|1|0.750463|0|100|0|11.363|0|0|0|0|INTO_SUPPLY|87.4|0.0913043|0|36450.3|2025-07-21|2026-07-24
prod|cohort|PNW|2026-07-27|255||0|105.65|106.06|-0.386574|1.83255|0.0758168|0.31614|0.07008|6|1|0|0||3|3|3|0|3|0|2.10734|0|50.5776|0|1.96726|0|0|0|0|CLEARED_NOTHING|111.16|0.95412|0|1.19143e+08|2025-07-21|2026-07-24
prod|cohort|QBTS|2026-07-27|255||0|17.86|16.21|10.1789|6.64702|0.830969|0.937857|0.918002|17|3|0.438021|0|1.5415|25|20|20|0|20|3|0.134776|0|35.1571|0|5.22887|0.1947|0.1947|0|0|IFFY_AT_FIRST_ZONE|46.75|0.346738|0|3.16744e+08|2025-07-21|2026-07-24
prod|cohort|RGTI|2026-07-27|255||0|15.09|14.15|6.64311|6.29078|0.938278|0.954399|0.982811|20|4|1.0745|0|2.58617|27|21|21|0|21|3|0.337098|0|33.976|0|4.01568|0.190295|0.257571|0|0|INTO_SUPPLY|58.1501|0.243336|0|3.44532e+08|2025-07-21|2026-07-24
prod|cohort|SDOT|2026-07-27|255||0|18.51|17.52|5.65068|47.0983|0.408508|0.396223|0.431157|22|3|4.54238|0|27.7464|28|19|19|0|19|0|1.92478|0|0|1|3.61083|0.107278|0.107278|0|1|CLEARED_NOTHING|460|0.038087|0|4.34017e+07|2025-07-21|2026-07-24
prod|cohort|TRAX|2026-07-27|67||0|43.37|35.52|22.1002|11.7569|0|0|0.124681|1|1|0|0||2|1|1|1|0|0||1|31.4136|0|4.32934|0.0532372|0.0532372|0|0|CLEAR_AIR|42.9|0.827972|1|2.00647e+07|2026-04-20|2026-07-24
prod|cohort|VEEE|2026-07-27|255||0|15.22|12.97|17.3477|31.5608|0.790735|0.806452|0.851743|11|2|0.0438217|0|0.597474|26|20|20|0|20|0|6.98857|0|33.4057|0|5.82312|3.29338|3.32932|1|0|CLEARED_NOTHING|128.02|0.101312|0|4.01023e+06|2025-07-21|2026-07-24
prod|cohort|YYAI|2026-07-27|255||0|216.4|226.5|-4.45916|9.8678|0.609135|0.482871|0.597182|7|3|2.99711|0|12.408|23|21|21|0|21|1|0.889672|0|64.6213|0|5.00016|0|0|0|0|INTO_SUPPLY|10576.8|0.0214148|0|60369.4|2025-07-21|2026-07-24
prod|cohort|AWI|2026-07-28|256||0|170.265|165.22|3.0535|2.33393|0.602164|0.0109321|0.728493|13|3|0.553617|0|1.10346|17|10|10|2|8|1|0.494481|0|59.3111|0|3.79503|0.217871|0.339537|0|0|INTO_SUPPLY|206.08|0.801728|0|7.59613e+07|2025-07-21|2026-07-27
prod|cohort|CORZ|2026-07-28|256||0|20.95|20.74|1.01254|7.19354|0.254336|0.93546|0.266127|20|1|0|0||8|6|6|0|6|0|2.46157|0|57.754|0|2.00077|0.265546|0.265546|0|0|CLEARED_NOTHING|30.46|0.680893|0|2.02074e+08|2025-07-21|2026-07-27
prod|cohort|DFNS|2026-07-28|116||0|20.47|13.1|56.2595|29.0135|0.0568415|0.0474019|0.269758|7|4|1.59326|0|10.1792|13|10|10|0|10|3|0.501762|0|74.6031|0|5.75937|0.839877|1.32552|0|0|INTO_SUPPLY|335|0.0391045|0|1.28722e+06|2026-02-09|2026-07-27
prod|cohort|FIRY|2026-07-28|25||1|13.965|8.36|67.0455|6.3932|0|0|0.741468|1|0|0|0||2|2|2|2|0|0||1|37.0373|0|2.20539|0.0188453|0.0188453|0|0|CLEAR_AIR|10.74|0.778399|1|806620|2026-06-22|2026-07-27
prod|cohort|ICLR|2026-07-28|256||0|177.58|168.78|5.21389|3.80712|0.22862|0.0245293|0.358615|12|3|1.33936|0|1.98501|11|10|10|1|9|3|0.626416|0|100|0|1.03365|0.25516|0.25516|0|0|INTO_SUPPLY|211|0.799906|0|1.10234e+08|2025-07-21|2026-07-27
prod|cohort|IQV|2026-07-28|256||0|235|213.22|10.2148|2.89488|0.0447582|0|0.221617|16|3|0|0||10|5|5|2|3|2|1.17449|0|96.2464|0|2.4466|0.26362|0.307163|0|0|LADDER_CLIMBING|247.045|0.863082|0|2.32462e+08|2025-07-21|2026-07-27
prod|cohort|ITRI|2026-07-28|256||0|91.75|84.78|8.22128|3.10245|0.710173|0|0.828782|6|0|0|0||27|16|16|3|13|3|0.930969|0|75.5398|0|1.06396|0|0|0|0|INTO_SUPPLY|142|0.597042|0|4.10472e+07|2025-07-21|2026-07-27
prod|cohort|KNSA|2026-07-28|256||0|70.06|63.535|10.2699|4.05718|0|0|0.0334884|8|4|0|0||2|2|2|2|0|0||1|20.1217|1|2.48236|0|0|0|1|CLEAR_AIR|67.53|0.940841|1|3.73341e+07|2025-07-21|2026-07-27
prod|cohort|PMN|2026-07-28|256||0|14.06|11.72|19.9659|10.1343|0.692039|0.24882|0.845781|4|0|0|0||13|10|10|3|7|1|0.168435|0|83.2738|0|2.48478|0|0|0|0|IFFY_AT_FIRST_ZONE|39.75|0.294843|0|1.19495e+06|2025-07-21|2026-07-27
prod|cohort|QMLS|2026-07-28|8|history_too_thin(8d)|1|6.2||||||||||||||||||||||||||||38||0|3.61435e+06|2026-07-16|2026-07-27
prod|cohort|RGEN|2026-07-28|256||0|139.7|131.06|6.5924|4.35958|0.36673|0.20172|0.499038|13|0|0|0||21|17|17|0|17|5|0.172404|0|82.0285|0|2.78717|0.990894|0.990894|0|0|IFFY_AT_FIRST_ZONE|175.77|0.745633|0|1.32298e+08|2025-07-21|2026-07-27
prod|cohort|AIAI|2026-07-29|51||0|5.66|5.51|2.72232|14.0132|0.990369|0.990369|0.993615|0|0|0|0||6|6|6|0|6|0|2.39413|0|70.0863|0|7.3403|0|0|0|0|CLEARED_NOTHING|19.57|0.281553|0|1.43373e+06|2026-05-14|2026-07-28
prod|cohort|ALMU|2026-07-29|257||0|15.38|14.19|8.38619|7.82216|0.80113|0.957201|0.909195|8|3|0.0332489|0|2.32742|29|28|28|0|28|4|1.17202|0|76.2785|0|3.24196|0.144128|0.17864|0|0|CLEARED_NOTHING|31.79|0.446367|0|8.15349e+06|2025-07-21|2026-07-28
prod|cohort|ALOY|2026-07-29|106||0|7.74|7.33|5.59345|10.6958|0.960626|0.943589|0.985486|4|2|0.380624|0|5.26061|11|8|8|0|8|0|1.90469|0|59.6609|0|6.18626|0.125624|0.125624|0|0|CLEARED_NOTHING|26.9|0.272491|0|2.11992e+07|2026-02-25|2026-07-28
prod|cohort|ANIK|2026-07-29|257||0|17.23|15.15|13.7294|4.03869|0|0|0.0762554|10|2|0|0||9|8|8|8|0|0||1|35.3654|0|2.71148|0|0|0|0|CLEAR_AIR|16.49|0.918739|1|852054|2025-07-21|2026-07-28
prod|cohort|APUS|2026-07-29|236||0|8.1|8|1.25|15.254|0.969939|0.818954|0.971516|5|1|0.0817435|0|9.14475|30|20|20|0|20|2|0.242803|0|96.9945|0|2.33422|0|0|0|0|IFFY_AT_FIRST_ZONE|59.7|0.134003|0|65128.4|2025-07-21|2026-07-28
prod|cohort|AVTR|2026-07-29|257||0|14.49|12.42|16.6667|4.47561|0.035716|0|0.241353|12|3|0.547403|1||6|5|5|4|1|0|2.22045|0|44.7576|0|5.36885|0.0204049|0.0204049|0|0|INTO_SUPPLY|15.93|0.779661|0|1.03585e+08|2025-07-21|2026-07-28
prod|cohort|BE|2026-07-29|257||0|183.5|166.84|9.98561|10.9954|0.270871|0.956579|0.289591|25|5|0.0654224|0|3.39503|16|12|12|0|12|0|2.2997|0|84.6338|0|3.75841|0.0748397|0.0748397|0|0|CLEARED_NOTHING|351.28|0.474949|0|3.14118e+09|2025-07-21|2026-07-28
prod|cohort|BLKB|2026-07-29|257||0|36.97|35.93|2.89452|4.97173|0.619794|0.0456298|0.649831|13|2|0.320992|0|15.5355|21|18|18|0|18|2|0.655586|0|65.6904|0|4.65684|0.0739969|0.135174|0|0|INTO_SUPPLY|74.88|0.479834|0|1.9458e+07|2025-07-21|2026-07-28
prod|cohort|BRAI|2026-07-29|114||0|7.086|5.795|22.2778|13.9715|0.79897|0.841172|0.939399|3|0|0|0||15|15|15|1|14|6|0.156967|0|25.9671|1|1.4353|0.55248|0.55248|0|1|IFFY_AT_FIRST_ZONE|32.9967|0.175624|0|429943|2026-02-12|2026-07-28
prod|cohort|CBZ|2026-07-29|257||0|54.55|46.7|16.8094|4.64683|0.160252|0|0.370401|9|4|0|0||14|13|13|3|10|6|0.209086|0|64.4902|0|5.19069|0.384389|0.622567|0|0|IFFY_AT_FIRST_ZONE|77.91|0.59941|0|2.58051e+07|2025-07-21|2026-07-28
prod|cohort|CLW|2026-07-29|257||0|18.92|17.51|8.05254|4.83846|0.316443|0|0.501941|11|4|1.68783|0|0.797325|16|12|12|4|8|1|0.185704|0|60.8837|0|3.13186|0|0|0|0|IFFY_AT_FIRST_ZONE|30.96|0.565568|0|2.29588e+06|2025-07-21|2026-07-28
prod|cohort|DFNS|2026-07-29|117||0|39.23|24|63.4583|31.8793|0.0195692|0.0117031|0.194515|8|5|0.756621|0|3.33393|12|9|8|1|7|1|0.329435|0|100|0|7.27853|0.960205|2.16657|0|0|INTO_SUPPLY|335|0.0716418|0|1.74841e+06|2026-02-09|2026-07-28
prod|cohort|GEHC|2026-07-29|257||0|69.32|64.11|8.12666|3.00641|0.654634|0|0.754183|17|2|0.165543|0|4.75037|25|18|18|3|15|3|0.748544|0|77.2803|0|2.70021|0.407438|0.407438|0|0|INTO_SUPPLY|89.77|0.714158|0|2.94439e+08|2025-07-21|2026-07-28
prod|cohort|GFS|2026-07-29|257||0|48.98|49.02|-0.0815993|5.47608|0.340931|0.998088|0.340216|31|4|0.234883|0|6.95702|11|7|7|0|7|0|4.07597|0|81.9046|0|6.45965|0.29419|0.418632|0|0|CLEARED_NOTHING|92.55|0.52966|0|2.19254e+08|2025-07-21|2026-07-28
prod|cohort|GNRC|2026-07-29|257||0|210|195.6|7.36196|4.83816|0.304514|0.912048|0.429195|17|1|0.441923|0|4.08557|19|16|16|4|12|4|0.194879|0|94.1442|0|3.93554|0|0|0|0|IFFY_AT_FIRST_ZONE|296.44|0.65983|0|1.93531e+08|2025-07-21|2026-07-28
prod|cohort|GRMN|2026-07-29|257||0|261.81|253.65|3.21703|2.49481|0.0238124|0|0.0680347|18|1|0|0||5|4|4|4|0|0||1|76.4165|0|2.80291|0|0|0|0|CLEAR_AIR|273.32|0.928033|0|1.67733e+08|2025-07-21|2026-07-28
prod|cohort|HURN|2026-07-29|257||0|134.09|121.37|10.4803|4.55497|0.437566|0|0.720314|12|2|0|0||21|17|17|2|15|4|0.0736769|0|82.3865|0|3.71215|0.254381|0.503956|0|0|IFFY_AT_FIRST_ZONE|186.775|0.649819|0|2.99862e+07|2025-07-21|2026-07-28
prod|cohort|INVX|2026-07-29|257||0|26.38|25.62|2.96643|3.52339|0.228071|0.578249|0.35314|14|3|0.139864|0|3.53965|15|9|9|0|9|3|0.290488|0|63.3501|0|2.35043|0.259625|0.463965|0|0|INTO_SUPPLY|32.25|0.794419|0|8.13691e+06|2025-07-21|2026-07-28
prod|cohort|IPCX|2026-07-29|244||0|9.8539|8.93|10.346|2.47496|0.99591|0.979653|0.999086|22|0|0|0||2|0|0|0|0|0||1|100|0|6.12487|0.0390761|0.0974838|0|0|CLEAR_AIR|11.5|0.776522|0|469915|2025-07-21|2026-07-28
prod|cohort|LFUS|2026-07-29|257||0|419.06|392.05|6.88943|3.75491|0.239998|0.706804|0.348138|20|4|0.233551|0|1.83981|10|8|8|1|7|2|0.303769|0|78.8355|0|1.58658|0.252026|0.252026|0|0|INTO_SUPPLY|500.57|0.783207|0|1.39924e+08|2025-07-21|2026-07-28
prod|cohort|MANH|2026-07-29|257||0|195|168.17|15.9541|4.50689|0.221025|0|0.441954|13|1|0|0||14|12|12|7|5|1|1.15037|0|82.236|0|2.90685|0|0|0|0|LADDER_CLIMBING|247.22|0.680244|0|1.05588e+08|2025-07-21|2026-07-28
prod|cohort|MBIN|2026-07-29|257||0|51.42|48.77|5.43367|2.98041|0.000134995|0.000787665|0.103347|9|2|0|0||5|5|5|4|1|1|0.0293632|0|66.7176|0|2.53186|0.0773907|0.0773907|0|0|IFFY_AT_FIRST_ZONE|51.465|0.947634|0|7.02398e+06|2025-07-21|2026-07-28
prod|cohort|MPLT|2026-07-29|188||0|12.63|12.31|2.59951|10.1244|0.86019|0.726644|0.869539|5|2|15.6407|0|1.46241|4|2|2|0|2|0|20.5636|0|100|0|7.93327|5.37081|5.46566|1|0|CLEARED_NOTHING|40.43|0.304477|0|1.93587e+07|2025-10-27|2026-07-28
prod|cohort|NEO|2026-07-29|257||0|15.46|13.4|15.3731|4.79366|0.00148295|0.00635234|0.099449|4|1|0|0||4|4|4|3|1|1|0.148428|0|63.6923|0|2.49042|0|0|0|0|IFFY_AT_FIRST_ZONE|15.57|0.860629|0|3.09835e+07|2025-07-21|2026-07-28
prod|cohort|PN|2026-07-29|257||0|10.18|9.12|11.6228|14.0682|0.126368|0.0434477|0.16762|1|0|0|0||25|15|15|0|15|4|0.0139651|0|100|0|11.2885|0|0|0|0|IFFY_AT_FIRST_ZONE|87.4|0.104348|0|40078.7|2025-07-21|2026-07-28
prod|cohort|QUAD|2026-07-29|257||0|8.94|8.41|6.30202|3.07053|0|0|0.0291063|7|0|0|0||3|3|3|3|0|0||1|66.4557|0|1.94318|0|0|0|0|CLEAR_AIR|8.84|0.951357|1|1.10314e+06|2025-07-21|2026-07-28
prod|cohort|RCKY|2026-07-29|257||0|49.495|42.73|15.832|3.47639|0|0|0.112922|13|2|0|0||4|4|4|4|0|0||1|52.7425|0|2.6489|0.0484734|0.0484734|0|0|CLEAR_AIR|48.7|0.877413|1|1.92711e+06|2025-07-21|2026-07-28
prod|cohort|RNAC|2026-07-29|257||0|7.68|7.65|0.392157|7.11149|0.518524|0.671808|0.526186|5|1|0|0||21|16|16|0|16|4|0.622525|0|41.4948|0|4.42622|0|0|0|0|INTO_SUPPLY|14.56|0.525412|0|1.21728e+06|2025-07-21|2026-07-28
prod|cohort|SILC|2026-07-29|257||0|40.93|38.02|7.65387|9.97448|0.470117|0.798426|0.576584|7|2|0|0||8|8|8|0|8|3|0.570231|0|62.0531|0|2.06292|0|0|0|0|INTO_SUPPLY|52.95|0.718036|0|5.76118e+06|2025-07-21|2026-07-28
prod|cohort|TER|2026-07-29|257||0|367.895|320.65|14.7341|7.31787|0.172219|0.55799|0.327581|30|7|0|0||15|8|8|1|7|6|0.412572|0|74.5136|0|2.085|0.248373|0.469516|0|0|INTO_SUPPLY|487.91|0.657191|0|1.14888e+09|2025-07-21|2026-07-28
prod|cohort|TEVA|2026-07-29|257||0|33.67|31.67|6.31512|2.94743|0.170312|0.58642|0.314373|22|9|0.0604595|0|0.503829|14|9|9|5|4|0|1.66264|0|40.2491|0|3.3103|0.0587496|0.0587496|0|0|LADDER_CLIMBING|37.345|0.848039|0|1.53095e+08|2025-07-21|2026-07-28
prod|cohort|WATT|2026-07-29|257||0|13.57|13.23|2.56992|9.71531|0.56113|0.995764|0.576526|5|1|0|0||14|14|14|0|14|1|0.713003|0|52.8499|0|3.85404|0|0|0|0|INTO_SUPPLY|36.9799|0.357762|0|3.32075e+06|2025-07-21|2026-07-28
prod|cohort|AAOI|2026-07-30|258||0|83.35|76.52|8.92577|10.8349|0.597606|0.987402|0.610469|20|2|0|0||15|10|10|0|10|0|4.08043|0|76.8525|0|4.13966|0.00895884|0.0225778|0|0|CLEARED_NOTHING|233.67|0.32747|0|9.32779e+08|2025-07-21|2026-07-29
prod|cohort|ACMR|2026-07-30|258||0|72.84|65.3|11.5467|8.75438|0.186054|0.71598|0.230293|35|6|0|0||9|4|4|0|4|0|3.54416|0|83.2601|0|5.26314|0.715748|0.801572|0|0|CLEARED_NOTHING|127.19|0.513405|0|1.00625e+08|2025-07-21|2026-07-29
prod|cohort|AEHR|2026-07-30|258||0|71.65|65.4|9.55657|12.1398|0.369572|0.903936|0.421576|25|5|0.0114967|0|4.43197|11|10|10|0|10|0|3.19377|0|42.7163|0|3.56818|1.41389|2.14767|1|0|CLEARED_NOTHING|126.62|0.516506|0|1.98709e+08|2025-07-21|2026-07-29
prod|cohort|AKAN|2026-07-30|258||0|6.46|5.78|11.7647|14.019|0.880646|0.98883|0.910077|17|1|0.336782|0|11.3126|27|22|22|0|22|0|2.85437|0|99.4202|0|3.47304|0.562901|0.622543|0|0|CLEARED_NOTHING|209.025|0.0276522|0|240335|2025-07-21|2026-07-29
prod|cohort|ALAB|2026-07-30|258||0|282.175|249.74|12.9875|9.24249|0.169831|0.726512|0.187663|21|4|0|0||9|7|7|0|7|0|2.30541|0|69.0975|0|5.67421|0.319502|0.319502|0|0|CLEARED_NOTHING|499.476|0.500004|0|1.28422e+09|2025-07-21|2026-07-29
prod|cohort|AMAT|2026-07-30|258||0|482.48|436.45|10.5465|6.66373|0.185168|0.667216|0.235476|39|12|0.0690489|0|6.57208|9|5|5|0|5|0|1.78301|0|85.6925|0|4.44235|0.192285|0.355211|0|0|CLEARED_NOTHING|739.67|0.59006|0|4.35238e+09|2025-07-21|2026-07-29
prod|cohort|APLD|2026-07-30|258||0|25.48|23.22|9.73299|8.23841|0.675092|0.971369|0.754517|29|2|0|0||26|23|23|0|23|1|0.53355|0|75.5255|0|3.86702|0.407119|0.524797|0|0|INTO_SUPPLY|50.725|0.457762|0|5.52292e+08|2025-07-21|2026-07-29
prod|cohort|ARM|2026-07-30|258||0|258|224.89|14.7228|7.19109|0.247545|0.71268|0.294461|37|5|1.00253|0|2.87985|10|6|6|0|6|0|1.67034|0|61.7028|0|5.16967|0.277356|0.277356|0|0|CLEARED_NOTHING|452.7|0.496775|0|1.63519e+09|2025-07-21|2026-07-29
prod|cohort|ASBP|2026-07-30|258||0|5.94|5.61|5.88235|11.0658|0.673334|0.34384|0.760943|12|6|121.135|0|33.4638|32|22|22|0|22|0|3.39263|0|100|0|3.09383|0|0|0|0|CLEARED_NOTHING|1050.36|0.00534103|0|364498|2025-07-21|2026-07-29
prod|cohort|AVY|2026-07-30|258||0|185.59|167.14|11.0387|2.52733|0.124282|0|0.598009|15|3|0|0||15|10|10|7|3|1|0.778172|0|67.3268|0|3.46128|0.334926|0.334926|0|0|INTO_SUPPLY|199.54|0.837627|0|1.05273e+08|2025-07-21|2026-07-29
prod|cohort|AXTI|2026-07-30|258||0|41.235|36.97|11.5364|12.8736|0.624398|0.987073|0.660866|14|5|0.0753516|0|5.15499|15|13|13|0|13|1|1.09166|0|73.7942|0|3.93779|0.0413605|0.0413605|0|0|CLEARED_NOTHING|143.16|0.258243|0|4.12063e+08|2025-07-21|2026-07-29
prod|cohort|BAX|2026-07-30|258||0|29.07|24.77|17.3597|3.19843|0.0020424|0|0.0251195|22|6|0|0||2|2|2|1|1|1|0.301146|0|68.5243|0|4.31535|0.609516|1.11336|0|0|INTO_SUPPLY|29.35|0.843952|0|1.19161e+08|2025-07-21|2026-07-29
prod|cohort|BDC|2026-07-30|258||0|111.76|102.03|9.53641|3.96031|0.73565|0.364849|0.967622|22|2|0.260955|0|0.110708|25|22|22|3|19|3|0.196564|0|53.3824|0|2.08128|0|0|0|0|IFFY_AT_FIRST_ZONE|159.99|0.637727|0|5.87601e+07|2025-07-21|2026-07-29
prod|cohort|BE|2026-07-30|258||0|186.25|163.75|13.7405|11.373|0.266211|0.898658|0.306436|25|5|0.0623162|0|3.10401|17|13|13|1|12|0|2.06068|0|79.3344|0|3.77403|0.0723547|0.0723547|0|0|LADDER_CLIMBING|351.28|0.466152|0|3.14118e+09|2025-07-21|2026-07-29
prod|cohort|BHE|2026-07-30|258||0|85.67|74.11|15.5984|4.81785|0.152269|0.476582|0.332012|21|5|0|0||8|6|6|1|5|4|0.0660456|0|97.2477|0|2.83304|0.324791|0.780328|0|0|IFFY_AT_FIRST_ZONE|100.41|0.738075|0|3.67223e+07|2025-07-21|2026-07-29
prod|cohort|BIYA|2026-07-30|258||0|5.49|5.83|-5.8319|37.9529|0.415352|0.34545|0.374211|22|4|1.15568|0|21.264|27|22|22|0|22|1|0.676709|0|66.1577|0|3.38551|0.424696|0.9151|0|0|INTO_SUPPLY|167.972|0.0347081|0|5.76132e+06|2025-07-21|2026-07-29
prod|cohort|BOOM|2026-07-30|258||0|7|5.42|29.1513|5.26171|0.351189|0.257532|0.869126|7|0|0|0||28|26|26|8|18|5|0.121905|0|86.8446|0|3.57674|0|0|0|0|IFFY_AT_FIRST_ZONE|9.2|0.58913|0|964381|2025-07-21|2026-07-29
prod|cohort|BTDR|2026-07-30|258||0|9.64|8.9|8.31461|9.86512|0.829945|0.981305|0.856059|15|0|0|0||33|28|28|0|28|0|3.11778|0|80.7857|0|4.53771|0.0356613|0.0356613|0|0|CLEARED_NOTHING|27.8|0.320144|0|9.44341e+07|2025-07-21|2026-07-29
prod|cohort|CIFR|2026-07-30|258||0|19.735|17.69|11.5602|11.0122|0.247067|0.842709|0.414607|21|2|0|0||19|8|8|0|8|4|0.46244|0|76.2794|0|3.65179|0.491276|0.721933|0|0|INTO_SUPPLY|30.14|0.586928|0|5.1963e+08|2025-07-21|2026-07-29
prod|cohort|CLSK|2026-07-30|258||0|12.964|12.01|7.94338|8.53525|0.49796|0.894645|0.622989|29|1|0|0||25|17|17|0|17|1|0.845903|0|64.1023|0|3.12893|0.206808|0.353666|0|0|INTO_SUPPLY|23.61|0.508683|0|2.58874e+08|2025-07-21|2026-07-29
prod|cohort|CMCO|2026-07-30|258||0|19.97|14.62|36.5937|5.55485|0.117766|0|0.670577|12|0|0|0||20|8|8|6|2|1|1.45136|0|79.6748|0|4.17427|0|0|0|0|LADDER_CLIMBING|24.4|0.59918|0|7.69258e+06|2025-07-21|2026-07-29
prod|cohort|CMG|2026-07-30|258||0|36.64|34.24|7.00935|3.43448|0.456778|0.0165541|0.575151|23|4|4.05279|0|0.683412|16|16|16|5|11|3|0.357599|0|47.7355|0|4.12058|0.19824|0.409462|0|0|INTO_SUPPLY|54.2|0.631734|0|5.80552e+08|2025-07-21|2026-07-29
prod|cohort|COHR|2026-07-30|258||0|243.395|222.05|9.6127|7.76297|0.485507|0.968728|0.554992|30|4|0|0||18|9|9|0|9|1|0.198469|0|94.6707|0|4.5261|0.135258|0.135258|0|0|IFFY_AT_FIRST_ZONE|440|0.504659|0|1.31308e+09|2025-07-21|2026-07-29
prod|cohort|CORT|2026-07-30|258||0|112|92.95|20.4949|4.50672|0|0|0.0189319|14|4|0|0||2|2|2|2|0|0||1|61.154|0|2.60735|0.283879|0.283879|0|0|CLEAR_AIR|97.63|0.952064|1|1.02071e+08|2025-07-21|2026-07-29
prod|cohort|CORZ|2026-07-30|258||0|19.795|18.12|9.24393|7.68655|0.322163|0.969077|0.458614|20|1|0|0||14|7|7|0|7|1|1.27173|0|100|0|3.37417|0.248514|0.248514|0|0|CLEARED_NOTHING|30.46|0.594879|0|2.02074e+08|2025-07-21|2026-07-29
prod|cohort|CRWV|2026-07-30|258||0|68.3|60.82|12.2986|7.41959|0.978162|0.964839|0.999786|42|2|0.294164|0|0.173653|35|29|29|0|29|0|2.99749|0|67.3606|0|5.0472|0.16298|0.26008|0|0|CLEARED_NOTHING|153.2|0.396998|0|1.90917e+09|2025-07-21|2026-07-29
prod|cohort|CSL|2026-07-30|258||0|357.855|334.54|6.96927|3.6664|0.327875|0.275813|0.642662|14|1|0|0||23|16|16|2|14|5|0.0682144|0|97.1686|0|2.4581|0.132561|0.132561|0|0|IFFY_AT_FIRST_ZONE|435.92|0.767434|0|1.80486e+08|2025-07-21|2026-07-29
prod|cohort|CVI|2026-07-30|258||0|36|34.62|3.98614|4.62513|0.0993498|0.00460954|0.185014|20|5|0|0||12|11|11|4|7|6|0.036035|0|58.4286|0|2.8388|0|0|0|0|IFFY_AT_FIRST_ZONE|41.665|0.830913|0|2.69886e+07|2025-07-21|2026-07-29
prod|cohort|DFNS|2026-07-30|118||0|84.06|50.22|67.3835|34.5167|0.00406474|0|0.0547219|8|5|0.218079|1|1.53982|9|5|5|4|1|1|0.881103|0|100|0|15.4916|0.886836|2.00102|0|0|INTO_SUPPLY|335|0.14991|0|2.12863e+06|2026-02-09|2026-07-29
prod|cohort|ECG|2026-07-30|258||0|119.05|109.17|9.05011|5.55347|0.363918|0.980401|0.437953|18|2|0|0||19|13|13|1|12|1|0.140651|0|100|0|3.9466|0.0108191|0.0108191|0|0|IFFY_AT_FIRST_ZONE|171.577|0.636274|0|6.20438e+07|2025-07-21|2026-07-29
prod|cohort|EFOR|2026-07-30|66||0|24.15|23.41|3.16104|6.37313|0|0|0.0131028|6|2|0|0||1|1|1|1|0|0||1|45.1806|0|5.29189|1.17403|1.4935|1|0|CLEAR_AIR|24.02|0.974604|1|1.70619e+07|2026-04-24|2026-07-29
prod|cohort|EME|2026-07-30|258||0|771.66|672.48|14.7484|3.6208|0.262779|0.741178|0.536713|21|4|0.539543|0|2.50785|20|14|14|0|14|4|0.0622756|0|100|0|4.05705|0.0174169|0.0174169|0|0|IFFY_AT_FIRST_ZONE|951.96|0.706416|0|3.14687e+08|2025-07-21|2026-07-29
prod|cohort|EROC|2026-07-30|34||0|9.2|8.99|2.33593|10.0946|0.994249|0.994249|0.998023|2|0|0|0||4|4|4|0|4|0|5.0608|0|61.5694|0|3.96084|0.178697|0.178697|0|0|CLEARED_NOTHING|20.7|0.4343|0|1.58172e+07|2026-06-10|2026-07-29
prod|cohort|FCEL|2026-07-30|258||0|19.58|18.08|8.29646|12.682|0.361861|0.653425|0.426211|10|3|0.249685|0|2.223|7|5|5|0|5|1|0.943689|0|51.0055|0|2.2647|0|0|0|0|INTO_SUPPLY|37.88|0.477297|0|2.25295e+08|2025-07-21|2026-07-29
prod|cohort|FIX|2026-07-30|258||0|1689.1|1519.96|11.1279|5.65571|0.241239|0.869999|0.298647|25|5|0|0||11|10|10|1|9|3|1.31492|0|100|0|3.17388|0.619706|0.643664|0|0|LADDER_CLIMBING|2073.99|0.732868|0|8.20386e+08|2025-07-21|2026-07-29
prod|cohort|FLS|2026-07-30|258||0|73.4|69.94|4.9471|3.57086|0.361191|0.373128|0.536638|14|4|0.133536|0|3.48721|15|7|7|0|7|3|0.0572299|0|72.989|0|2.6922|0|0|0|0|IFFY_AT_FIRST_ZONE|92.41|0.756844|0|1.1552e+08|2025-07-21|2026-07-29
prod|cohort|FORM|2026-07-30|258||0|101.96|83.45|22.1809|7.90629|0.428343|0.943866|0.576964|37|8|0|0||19|11|11|0|11|2|0.630175|0|89.8369|0|4.12699|0.737876|1.06868|0|0|INTO_SUPPLY|160.27|0.520684|0|1.36499e+08|2025-07-21|2026-07-29
prod|cohort|FRVO|2026-07-30|53||0|17.76|17.08|3.98126|9.7357|0.993876|0.993876|0.998663|2|1|0.121453|0|10.3177|6|6|6|0|6|0|5.8471|0|100|0|4.44194|0.220847|0.220847|0|0|CLEARED_NOTHING|42.65|0.400469|0|6.71952e+07|2026-05-13|2026-07-29
prod|cohort|FTNT|2026-07-30|258||0|164|153.22|7.03564|4.2752|0.0046789|0.0206498|0.0515679|12|3|0|0||3|3|3|2|1|1|0.905678|0|73.245|0|2.49294|0|0|0|0|INTO_SUPPLY|170.35|0.899442|0|7.49008e+08|2025-07-21|2026-07-29
prod|cohort|GFUZ|2026-07-30|13||1|8.7|8.04|8.20896|21.4939|0.820319|0.820319|0.888699|0|0|0|0||1|1|1|0|1|1|0.684502|0|||3.84335|0|0|0||INTO_SUPPLY|14.85|0.541414|0|4.09776e+06|2026-07-13|2026-07-29
prod|cohort|GKOS|2026-07-30|258||0|180.22|161.66|11.4809|4.40147|0|0|0.00270797|13|0|0|0||1|1|0|0|0|0||1|100|0|1.53305|0|0|0|0|CLEAR_AIR|166|0.973855|1|1.00782e+08|2025-07-21|2026-07-29
prod|cohort|GLXY|2026-07-30|258||0|19.4|18.26|6.24315|7.83218|0.966575|0.99139|0.982581|29|4|0.964169|0|1.46764|35|31|31|0|31|0|3.29068|0|93.8119|0|3.85841|0.202364|0.399225|0|0|CLEARED_NOTHING|45.92|0.397648|0|1.29246e+08|2025-07-21|2026-07-29
prod|cohort|HII|2026-07-30|258||0|307.01|280.4|9.49001|2.94178|0.570417|0.34945|0.794503|17|6|1.97585|0|3.88084|21|11|11|1|10|1|0.220339|0|100|0|3.77512|0.571291|0.649077|0|0|IFFY_AT_FIRST_ZONE|460|0.609565|0|1.04253e+08|2025-07-21|2026-07-29
prod|cohort|HIPO|2026-07-30|258||0|32|29.83|7.27456|3.69926|0.311036|0|0.541548|13|1|0|0||20|17|17|4|13|4|0.219638|0|79.5068|0|2.66045|0.15765|0.15765|0|0|IFFY_AT_FIRST_ZONE|38.98|0.765264|0|3.68619e+06|2025-07-21|2026-07-29
prod|cohort|HUT|2026-07-30|258||0|98.2|88.18|11.3631|9.90518|0.156519|0.81409|0.185457|25|8|0|0||9|8|8|0|8|2|0.81578|0|80.6381|0|2.91257|0.34002|0.34002|0|0|INTO_SUPPLY|140.8|0.626278|0|4.12438e+08|2025-07-21|2026-07-29
prod|cohort|ICHR|2026-07-30|258||0|70.69|62.25|13.5582|9.89855|0.207695|0.72906|0.318161|27|7|0.0843184|0|0.381576|9|5|5|0|5|0|3.9844|0|92.7478|0|4.25174|0.666609|0.92501|0|0|CLEARED_NOTHING|113.58|0.548072|0|8.89487e+07|2025-07-21|2026-07-29
prod|cohort|IDCC|2026-07-30|258||0|307.974|261.14|17.9344|3.63038|0.602204|0|0.898592|7|1|0|0||30|23|23|12|11|0|4.68006|0|64.4919|0|1.49256|0|0|0|0|LADDER_CLIMBING|412.6|0.632913|0|5.9703e+07|2025-07-21|2026-07-29
prod|cohort|INIO|2026-07-30|38||0|24.6|21.77|12.9995|10.1435|0.968687|0.968687|0.999506|0|0|0|0||4|3|3|0|3|0|2.50071|0|100|0|4.21252|0|0|0|0|CLEARED_NOTHING|42.95|0.506868|0|1.34808e+08|2026-06-04|2026-07-29
prod|cohort|IREN|2026-07-30|258||0|32.505|29.31|10.9007|9.055|0.887201|0.982191|0.903147|23|5|0.47905|0|2.62458|26|23|23|0|23|0|3.74236|0|81.7804|0|3.55147|0.456592|0.643249|0|0|CLEARED_NOTHING|76.87|0.381293|0|1.58645e+09|2025-07-21|2026-07-29
prod|cohort|JEM|2026-07-30|258||0|5.81|5.41|7.39372|37.769|0.681961|0.507756|0.750605|14|3|2.953|0|1.39903|35|17|17|0|17|2|0.59698|0|35.4952|0|4.77932|0.661919|0.997725|0|0|INTO_SUPPLY|135.24|0.040003|0|3.55468e+06|2025-07-21|2026-07-29
prod|cohort|LITE|2026-07-30|258||0|661.91|602.35|9.88794|8.06528|0.463884|0.965889|0.509403|26|7|0.353845|0|0.319941|16|14|14|0|14|0|1.93107|0|76.5323|0|3.80945|0.574789|1.17447|0|0|CLEARED_NOTHING|1085.68|0.554814|0|3.15598e+09|2025-07-21|2026-07-29
prod|cohort|LRCX|2026-07-30|258||0|318.29|252.35|26.1304|6.61856|0.14456|0.619533|0.279298|47|10|0|0||14|8|8|2|6|4|0.467336|0|92.5724|0|4.76356|0.569621|0.676744|0|0|INTO_SUPPLY|438.5|0.575485|0|3.65529e+09|2025-07-21|2026-07-29
prod|cohort|MKSI|2026-07-30|258||0|288.8|257.61|12.1074|6.7475|0.230498|0.902159|0.332879|33|8|0.131371|0|0.416179|15|9|9|0|9|2|0.0354086|0|100|0|4.77779|0.34189|0.410898|0|0|IFFY_AT_FIRST_ZONE|447.62|0.57551|0|4.33586e+08|2025-07-21|2026-07-29
prod|cohort|MKTX|2026-07-30|258||0|163.15|125.73|29.7622|2.93258|0.686419|0|0.841899|18|5|1.39617|0|5.39449|24|19|19|2|17|3|0.294701|0|58.0139|0|3.99392|0.0520296|0.0563962|0|0|INTO_SUPPLY|214.98|0.584845|0|5.40727e+07|2025-07-21|2026-07-29
prod|cohort|MSFT|2026-07-30|258||0|437.9|390.54|12.1268|2.57919|0.412469|0.0655437|0.794311|37|7|2.78702|0|0.220466|22|20|20|11|9|0|4.05869|0|57.318|0|2.05604|0|0|0|0|LADDER_CLIMBING|555.45|0.703106|0|1.14015e+10|2025-07-21|2026-07-29
prod|cohort|MTZ|2026-07-30|258||0|323.88|287.42|12.6853|5.48391|0.335739|0.950607|0.44341|14|2|0.113167|0|4.87464|15|12|12|0|12|1|0.986414|0|100|0|5.04918|0|0|0|0|INTO_SUPPLY|441.43|0.651111|0|3.39143e+08|2025-07-21|2026-07-29
prod|cohort|MXL|2026-07-30|258||0|63.3|57.25|10.5677|11.4483|0.454705|0.967357|0.512632|20|7|0|0||9|8|8|0|8|1|0.0303583|0|49.9906|0|3.91275|0.844053|1.04996|0|0|IFFY_AT_FIRST_ZONE|128.3|0.44622|0|2.99671e+08|2025-07-21|2026-07-29
prod|cohort|NBIS|2026-07-30|258||0|172.18|148.22|16.1652|10.7272|0.238096|0.923308|0.293372|27|5|0.545203|0|0.427175|11|8|8|0|8|0|2.80921|0|73.3001|0|3.49415|0.037709|0.037709|0|0|CLEARED_NOTHING|299.86|0.494297|0|3.63062e+09|2025-07-21|2026-07-29
prod|cohort|NEOG|2026-07-30|258||0|10.5|9.4|11.7021|3.6722|0.0672224|0|0.214136|7|1|0|0||14|13|13|10|3|2|0.85585|0|71.806|0|3.21034|0|0|0|0|INTO_SUPPLY|11.425|0.822757|0|1.47891e+07|2025-07-21|2026-07-29
prod|cohort|NPKI|2026-07-30|258||0|12.76|12.05|5.89212|4.38422|0.610685|0.97798|0.724463|8|0|0|0||21|14|14|0|14|2|0.554139|0|100|0|4.40287|0.0480191|0.0718946|0|0|INTO_SUPPLY|16.5|0.730303|0|1.11209e+07|2025-07-21|2026-07-29
prod|cohort|ONTO|2026-07-30|258||0|238.49|218.31|9.24374|7.52561|0.317478|0.964057|0.371198|34|5|0.025485|0|0.641303|16|8|8|0|8|0|2.63709|0|88.2512|0|4.70487|0.831608|0.854777|0|0|CLEARED_NOTHING|386.46|0.564897|0|3.16799e+08|2025-07-21|2026-07-29
prod|cohort|PBF|2026-07-30|258||0|65|63.35|2.60458|5.3879|0.00571158|0.0283043|0.0145712|16|2|0|0||1|1|1|0|1|1|0.950848|0|69.5619|0|3.87585|0|0|0|0|INTO_SUPPLY|68.33|0.927118|0|1.75134e+08|2025-07-21|2026-07-29
prod|cohort|PGY|2026-07-30|258||0|17.995|16.19|11.1489|5.89491|0.560399|0.0942371|0.622826|18|0|0|0||24|21|21|2|19|4|0.57033|0|75.9246|0|2.35416|0.0640546|0.0640546|0|0|INTO_SUPPLY|44.99|0.359858|0|3.90295e+07|2025-07-21|2026-07-29
prod|cohort|PLPC|2026-07-30|258||0|347.08|283.51|22.4225|5.98397|0.151755|0.636934|0.350816|12|2|0|0||17|15|15|3|12|5|0.515668|0|81.8|0|3.20926|0.0404874|0.0404874|0|0|INTO_SUPPLY|414.35|0.684228|0|2.70906e+07|2025-07-21|2026-07-29
prod|cohort|PN|2026-07-30|258||0|20.37|10.72|90.0187|14.918|0.0710858|0|0.113868|1|0|0|0||24|15|15|6|9|4|0.00987235|0|66.7468|0|11.3842|0|0|0|0|IFFY_AT_FIRST_ZONE|87.4|0.122654|0|84317.1|2025-07-21|2026-07-29
prod|cohort|PRCH|2026-07-30|258||0|15.3|12.36|23.7864|5.54507|0.244878|0.0559164|0.419343|9|4|0.15323|0|2.73457|13|13|13|2|11|3|0.69543|0|61.9173|0|4.82736|0.274093|0.274093|0|0|INTO_SUPPLY|19.4355|0.63595|0|2.01826e+07|2025-07-21|2026-07-29
prod|cohort|PWR|2026-07-30|258||0|647|561.14|15.301|3.74405|0.234525|0.854303|0.390316|14|1|0|0||15|11|11|2|9|2|0.501052|0|100|0|4.47226|0.0121919|0.0121919|0|0|INTO_SUPPLY|788.75|0.711429|0|5.71967e+08|2025-07-21|2026-07-29
prod|cohort|QMCO|2026-07-30|258||0|11.41|10.45|9.1866|9.52027|0.31734|0.516055|0.4383|17|0|0|0||12|8|8|1|7|4|0.0174912|0|100|0|2.03556|0|0|0|0|IFFY_AT_FIRST_ZONE|18.48|0.565476|0|7.72212e+06|2025-07-21|2026-07-29
prod|cohort|RIOT|2026-07-30|258||0|20.03|18.24|9.8136|8.54991|0.231381|0.884826|0.330692|16|2|0|0||17|9|9|0|9|1|1.39558|0|79.5247|0|3.13531|0|0|0|0|CLEARED_NOTHING|30.32|0.601583|0|3.24736e+08|2025-07-21|2026-07-29
prod|cohort|SFM|2026-07-30|258||0|87.57|79.16|10.6241|4.80013|0.269489|0.149555|0.610957|6|2|2.02214|0|1.74142|25|21|21|10|11|5|0.202214|0|44.7384|0|2.09019|0|0|0|0|IFFY_AT_FIRST_ZONE|168.1|0.47091|0|1.62514e+08|2025-07-21|2026-07-29
prod|cohort|SHAZ|2026-07-30|112||0|45.45|40.09|13.3699|12.717|0.817294|0.943729|0.890726|6|1|0.19464|0|1.83481|9|8|8|0|8|1|0.221457|0|100|0|4.59758|0.150474|0.297556|0|0|IFFY_AT_FIRST_ZONE|97.48|0.411264|0|1.38666e+08|2026-02-18|2026-07-29
prod|cohort|SIMO|2026-07-30|258||0|259.99|209.68|23.9937|8.15348|0.248988|0.675668|0.391177|17|3|0|0||8|8|8|0|8|1|0.656182|0|96.1602|0|5.14406|0.203731|0.399074|0|0|INTO_SUPPLY|355|0.590648|0|2.08365e+08|2025-07-21|2026-07-29
prod|cohort|SMHI|2026-07-30|258||0|9.13|7.72|18.2642|5.23178|0|0|0.129181|7|0|0|0||7|2|2|2|0|0||1|49.0554|0|1.7066|0|0|0|0|CLEAR_AIR|8.51|0.907168|1|833337|2025-07-21|2026-07-29
prod|cohort|SMTC|2026-07-30|258||0|114.79|103.55|10.8547|6.97342|0.351052|0.95677|0.398687|25|5|0.29295|1|4.67408|12|11|11|1|10|0|3.14812|0|77.9675|0|4.10293|0.336133|0.697481|0|0|INTO_SUPPLY|177.35|0.583874|0|3.4043e+08|2025-07-21|2026-07-29
prod|cohort|SMTI|2026-07-30|258||0|33.47|30.25|10.6446|5.7208|0.0288945|0|0.0965422|5|1|0|0||10|10|10|4|6|6|0.326413|0|80.3602|0|4.69449|0|0|0|0|INTO_SUPPLY|35.95|0.841446|0|1.49104e+06|2025-07-21|2026-07-29
prod|cohort|SNDK|2026-07-30|258||0|1135.01|1015.89|11.7257|10.3571|0.236735|0.95057|0.26547|34|14|0.423381|0|0.450773|7|6|6|0|6|0|4.77535|0|86.2634|0|5.46748|0.370685|0.86814|0|0|CLEARED_NOTHING|2354.39|0.431488|0|2.24784e+10|2025-07-21|2026-07-29
prod|cohort|SPRC|2026-07-30|258||0|9.1|9.09|0.110011|13.5321|0.735909|0.853874|0.736215|14|1|0.429017|0|21.4157|20|19|19|0|19|0|3.97509|0|100|0|7.12382|0.0278679|0.0278679|0|0|CLEARED_NOTHING|80.1|0.113483|0|145501|2025-07-21|2026-07-29
prod|cohort|STGW|2026-07-30|258||0|8.33|8.08|3.09406|4.12946|0|0|0.00277201|6|2|0|0||1|1|0|0|0|0||1|66.6924|0|3.25435|0.107696|0.189287|0|0|CLEAR_AIR|8.27|0.977025|1|7.26917e+06|2025-07-21|2026-07-29
prod|cohort|STRL|2026-07-30|258||0|557.5|494.24|12.7994|7.13234|0.290599|0.941716|0.318499|24|4|0.251491|0|1.11914|10|7|7|0|7|0|4.53841|0|100|0|4.77512|0.220926|0.376009|0|0|CLEARED_NOTHING|1005.68|0.491448|0|4.05259e+08|2025-07-21|2026-07-29
prod|cohort|STX|2026-07-30|258||0|878.91|764.43|14.9759|7.6588|0.107512|0.427497|0.215796|37|11|0.070862|0|0.870993|10|9|9|3|6|3|0.100779|0|79.8108|0|2.57354|0.39109|0.671356|0|0|IFFY_AT_FIRST_ZONE|1145|0.667624|0|4.09421e+09|2025-07-21|2026-07-29
prod|cohort|TAL|2026-07-30|258||0|12.465|10.89|14.4628|2.69077|0.0447717|0|0.586384|16|1|0|0||14|11|11|6|5|2|0.282942|0|84.0918|0|2.41279|0|0|0|0|INTO_SUPPLY|13.37|0.81451|0|3.14029e+07|2025-07-21|2026-07-29
prod|cohort|UCTT|2026-07-30|258||0|77.5|69.57|11.3986|10.6073|0.339976|0.938771|0.413025|31|7|0.173951|0|0.445218|13|7|7|0|7|1|0.175204|0|81.4307|0|3.52149|0.41854|0.57355|0|0|IFFY_AT_FIRST_ZONE|144.22|0.482388|0|1.4779e+08|2025-07-21|2026-07-29
prod|cohort|WCC|2026-07-30|258||0|335.99|309.36|8.60809|3.82501|0.164105|0.617053|0.286145|16|2|0.0505772|0|0.625601|12|8|8|0|8|3|0.214759|0|84.4315|0|2.43363|0.328296|0.328296|0|0|IFFY_AT_FIRST_ZONE|377.9|0.818629|0|2.57374e+08|2025-07-21|2026-07-29
prod|cohort|WDC|2026-07-30|258||0|511.65|462.04|10.7372|7.92194|0.142475|0.651797|0.196658|42|14|0.367852|0|0.995495|8|7|7|1|6|1|0.333065|0|82.3328|0|2.9274|0.285395|0.751396|0|0|INTO_SUPPLY|799.87|0.577644|0|3.9783e+09|2025-07-21|2026-07-29
prod|cohort|WULF|2026-07-30|258||0|16.455|15.09|9.04573|9.19544|0.294273|0.976333|0.421319|23|1|0|0||25|16|16|0|16|3|0.746807|0|80.3738|0|4.55322|0.251693|0.306473|0|0|INTO_SUPPLY|29.84|0.505697|0|6.74437e+08|2025-07-21|2026-07-29
prod|cohort|WYFI|2026-07-30|245||0|22.68|20.58|10.2041|13.6912|0.541131|0.926852|0.60265|18|1|0|0||17|12|12|0|12|2|0.396115|0|61.2145|0|4.91598|0|0|0|0|INTO_SUPPLY|46.8699|0.439088|0|7.8019e+07|2025-08-07|2026-07-29
prod|cohort|AAOI|2026-07-31|259||0|100.1|90.11|11.0864|10.8808|0.489897|0.933525|0.564653|20|2|0|0||15|10|10|0|10|0|1.84545|0|85.3266|0|4.36509|0.00892107|0.0160579|0|0|CLEARED_NOTHING|233.67|0.385629|0|9.50691e+08|2025-07-21|2026-07-30
prod|cohort|AEIS|2026-07-31|259||0|290.07|274.26|5.7646|6.18042|0.532867|0.898917|0.569202|27|4|0|0||20|15|15|1|14|1|1.38669|0|100|0|3.51359|0.0947698|0.0947698|0|0|LADDER_CLIMBING|397.44|0.690066|0|2.06276e+08|2025-07-21|2026-07-30
prod|cohort|AIBZ|2026-07-31|36||0|7.19|6.68|7.63473|11.3344|0.603117|0.603117|0.752787|4|1|0|0||4|4|4|0|4|1|1.20254|0|72.9904|0|4.10447|0.364163|0.543174|0|0|CLEARED_NOTHING|10.25|0.651707|0|4.08989e+06|2026-06-09|2026-07-30
prod|cohort|ALAB|2026-07-31|259||0|328.32|299.69|9.5532|9.23909|0.125791|0.537091|0.157615|21|4|0|0||8|7|7|0|7|4|0.460872|0|81.1773|0|5.52553|0|0|0|0|INTO_SUPPLY|499.476|0.600009|0|1.28422e+09|2025-07-21|2026-07-30
prod|cohort|AMCX|2026-07-31|259||0|9.95|9.71|2.47168|4.6463|0.106891|0.401808|0.177878|9|2|0.605658|1||5|4|4|0|4|2|0.702996|0|72.221|0|2.52084|0.587932|0.587932|0|0|INTO_SUPPLY|11.13|0.872417|0|4.38429e+06|2025-07-21|2026-07-30
prod|cohort|AMZN|2026-07-31|259||0|265|235.5|12.5265|2.65182|0.0542431|0.181249|0.367323|33|4|0.428328|0|0.231951|14|10|10|8|2|1|1.38744|0|67.8593|0|4.35138|0.631466|0.812785|0|0|LADDER_CLIMBING|278.56|0.845419|0|9.17698e+09|2025-07-21|2026-07-30
prod|cohort|AXTI|2026-07-31|259||0|66.705|46.94|42.1069|13.2851|0.331236|0.675906|0.554002|14|5|0.0451373|0|0.213838|14|13|13|3|10|5|0.0276466|0|92.0191|0|3.17551|0.0400793|0.0400793|0|0|IFFY_AT_FIRST_ZONE|143.16|0.327885|0|4.25581e+08|2025-07-21|2026-07-30
prod|cohort|BE|2026-07-31|259||0|230.775|207.12|11.4209|11.5351|0.200987|0.719127|0.248902|25|5|0.0495865|0|0.797328|12|12|12|1|11|3|0.429295|0|100|0|3.26102|0.0713381|0.0713381|0|0|INTO_SUPPLY|351.28|0.589615|0|3.14118e+09|2025-07-21|2026-07-30
prod|cohort|BELFB|2026-07-31|259||0|269.19|253.41|6.22706|6.84448|0.2552|0.646607|0.380754|10|3|0|0||10|7|7|0|7|6|0.500959|0|82.2154|0|2.34847|0|0|0|0|INTO_SUPPLY|335.285|0.755805|0|7.34406e+07|2025-07-21|2026-07-30
prod|cohort|BGDE|2026-07-31|63||0|5.59|5.64|-0.886525|14.1013|0.844606|0.88934|0.834846|1|0|0|0||7|6|6|0|6|1|1.3446|0|55.1682|0|3.37159|0|0|0|0|CLEARED_NOTHING|11.69|0.482464|0|524281|2026-04-30|2026-07-30
prod|cohort|BLZE|2026-07-31|259||0|13.47|12.63|6.65083|8.53289|0.138664|0.234339|0.178433|8|2|0|0||3|3|3|0|3|1|0.485827|0|70.8538|0|5.51395|0.000853559|0.000853559|0|0|INTO_SUPPLY|18.249|0.692093|0|2.76116e+07|2025-07-21|2026-07-30
prod|cohort|BSBR|2026-07-31|259||0|5.63|5.05|11.4851|2.20719|0.446404|0.0561871|0.920026|49|3|0.724261|0|3.78225|24|20|20|5|15|1|0.160947|0|99.9843|0|3.63467|1.81888|2.7444|1|0|IFFY_AT_FIRST_ZONE|7.32|0.689891|0|7.36921e+06|2025-07-21|2026-07-30
prod|cohort|CDNA|2026-07-31|259||0|42.49|38.1|11.5223|4.96953|0|0|0.0253942|5|2|0|0||1|1|1|1|0|0||1|52.7539|0|6.40954|3.82059|3.82059|1|0|CLEAR_AIR|40.47|0.941438|1|2.56699e+07|2025-07-21|2026-07-30
prod|cohort|COHR|2026-07-31|259||0|275.9|249.06|10.7765|7.62708|0.321598|0.915791|0.450839|30|4|0|0||16|8|8|0|8|0|2.46541|0|95.5747|0|4.70652|0.137667|0.137667|0|0|CLEARED_NOTHING|440|0.566045|0|1.31308e+09|2025-07-21|2026-07-30
prod|cohort|COHU|2026-07-31|259||0|57.7|46.45|24.2196|7.99842|0.104109|0.299815|0.333101|27|1|0|0||11|9|9|5|4|2|0.166844|0|100|0|4.09392|0.217048|0.369842|0|0|IFFY_AT_FIRST_ZONE|74.6|0.622654|0|5.25222e+07|2025-07-21|2026-07-30
prod|cohort|CSTL|2026-07-31|259||0|28.75|26.79|7.31616|4.69196|0.313871|0|0.351264|10|1|0|0||11|8|7|0|7|0|2.44637|0|89.0983|0|3.35133|0|0|0|0|CLEARED_NOTHING|44.28|0.605014|0|7.21087e+06|2025-07-21|2026-07-30
prod|cohort|DAAQ|2026-07-31|258||0|8.3|8.4002|-1.19283|3.71966|0.996763|0.981017|0.996555|14|5|2.7085|0|3.88687|2|0|0|0|0|0||1|100|0|9.16775|2.47924|2.5451|1|0|CLEARED_NOTHING|10.7|0.785065|0|216890|2025-07-21|2026-07-30
prod|cohort|DLB|2026-07-31|259||0|56.55|51.78|9.21205|3.02583|0.719146|0.0920077|0.901293|10|2|0|0||27|23|23|5|18|1|0.724678|0|53.7544|0|2.67121|0.15908|0.2095|0|0|INTO_SUPPLY|77|0.672468|0|4.27254e+07|2025-07-21|2026-07-30
prod|cohort|DUOT|2026-07-31|259||0|9.34|8.14|14.742|7.67493|0.36079|0.58816|0.622045|8|1|0|0||22|19|19|8|11|5|0.167402|0|69.9303|0|2.90425|0.0699754|0.0699754|0|0|IFFY_AT_FIRST_ZONE|15.28|0.532723|0|6.40181e+06|2025-07-21|2026-07-30
prod|cohort|DXCM|2026-07-31|259||0|79.88|74.54|7.16394|3.40116|0.0472595|0|0.176196|11|2|0.478496|0|2.62068|9|8|8|4|4|3|0.64781|0|42.7756|0|2.95001|0.0616475|0.0616475|0|0|INTO_SUPPLY|89.98|0.828406|0|3.02426e+08|2025-07-21|2026-07-30
prod|cohort|EROC|2026-07-31|35||0|10.78|9.88|9.10931|10.1149|0.898759|0.898759|0.96273|2|0|0|0||4|4|4|0|4|0|2.86137|0|63.0825|0|3.65914|0.178339|0.178339|0|0|CLEARED_NOTHING|20.7|0.477295|0|1.58172e+07|2026-06-10|2026-07-30
prod|cohort|FET|2026-07-31|259||0|61.42|51.43|19.4245|4.26889|0.0361229|0.000958446|0.422452|8|2|0|0||12|11|11|7|4|3|0.404279|0|100|0|3.65783|0.0825332|0.101059|0|0|INTO_SUPPLY|65.4274|0.786062|0|7.22116e+06|2025-07-21|2026-07-30
prod|cohort|FLNC|2026-07-31|259||0|15.125|13.47|12.2866|8.26135|0.704476|0.878803|0.791798|21|1|0.800301|0|6.70252|25|23|23|3|20|6|0.548206|0|88.4975|0|3.58436|0.18267|0.18267|0|0|INTO_SUPPLY|33.51|0.40197|0|1.05923e+08|2025-07-21|2026-07-30
prod|cohort|FORR|2026-07-31|259||0|10.495|9.74|7.75154|5.86798|0.0475254|0.0261896|0.174778|7|1|0|0||10|8|8|3|5|3|0.186735|0|59.0036|0|2.76927|0|0|0|0|IFFY_AT_FIRST_ZONE|11.57|0.841832|0|1.0772e+06|2025-07-21|2026-07-30
prod|cohort|GFUZ|2026-07-31|14||1|9.9|9.38|5.54371|20.6516|0.604778|0.604778|0.690483|0|0|0|0||1|1|1|0|1|1|0.0391292|0|||3.98372|0|0|0||IFFY_AT_FIRST_ZONE|14.85|0.63165|0|4.09721e+06|2026-07-13|2026-07-30
prod|cohort|GH|2026-07-31|259||0|162.5|152.35|6.66229|4.79766|0.0257299|0.101524|0.0577569|13|3|0|0||4|4|4|1|3|3|0.318103|0|75.2264|0|2.64701|0|0|0|0|INTO_SUPPLY|174.08|0.875172|0|3.1381e+08|2025-07-21|2026-07-30
prod|cohort|ICHR|2026-07-31|259||0|80.8|74.97|7.77644|9.75177|0.135457|0.490621|0.15664|28|7|0|0||7|6|6|1|5|0|2.25524|0|88.4704|0|4.50821|0.185021|0.349186|0|0|LADDER_CLIMBING|113.58|0.660063|0|8.16783e+07|2025-07-21|2026-07-30
prod|cohort|IESC|2026-07-31|259||0|338.99|285.77|18.6234|6.56212|0.371642|0.556841|0.589275|25|4|1.80207|0|2.83255|18|15|15|1|14|7|0.189256|0|100|0|4.4019|0.0517877|0.0700414|0|0|IFFY_AT_FIRST_ZONE|482.35|0.592454|0|1.08093e+08|2025-07-21|2026-07-30
prod|cohort|LINC|2026-07-31|259||0|42.29|42.01|0.666508|5.78901|0.296217|0.885306|0.305198|6|3|0.16788|0|4.2113|10|3|3|0|3|1|1.30301|0|37.0393|0|5.85249|0.132679|0.161428|0|0|CLEARED_NOTHING|56.34|0.745651|0|2.39114e+07|2025-07-21|2026-07-30
prod|cohort|MPWR|2026-07-31|259||0|1499|1316.18|13.8902|4.96756|0.16958|0.428051|0.316686|29|2|0|0||11|11|11|3|8|2|0.157862|0|68.4439|0|2.25921|0.424318|0.424318|0|0|IFFY_AT_FIRST_ZONE|1714.09|0.767859|0|1.11628e+09|2025-07-21|2026-07-30
prod|cohort|NBIS|2026-07-31|259||0|200.935|188.43|6.63642|11.0389|0.172131|0.66385|0.20602|27|4|0.419728|0|2.05378|9|9|9|1|8|5|1.03255|0|98.8283|0|3.49749|0.0366443|0.0366443|0|0|LADDER_CLIMBING|299.86|0.628393|0|3.63062e+09|2025-07-21|2026-07-30
prod|cohort|NVT|2026-07-31|259||0|163.94|144.8|13.2182|4.61152|0.118508|0.515914|0.220247|20|6|0.124998|0|0.808849|11|10|10|4|6|4|0.27116|0|100|0|3.94308|0.0123506|0.0123506|0|0|INTO_SUPPLY|184.64|0.784229|0|2.88238e+08|2025-07-21|2026-07-30
prod|cohort|NWL|2026-07-31|259||0|6.6|5.14|28.4047|5.61598|0.000391651|0|0.295322|12|1|0|0||12|10|10|10|0|0||1|34.4581|0|1.41211|0.0701036|0.0701036|0|0|CLEAR_AIR|6.635|0.77468|0|3.80184e+07|2025-07-21|2026-07-30
prod|cohort|NXT|2026-07-31|259||0|103.67|96.9|6.98658|6.19684|0.494817|0.865918|0.600045|21|2|0|0||17|15|15|1|14|2|0.689573|0|75.5249|0|2.92938|0|0|0|0|INTO_SUPPLY|163.13|0.594005|0|2.68614e+08|2025-07-21|2026-07-30
prod|cohort|PRLB|2026-07-31|259||0|80|75.14|6.46793|3.60306|0.0438167|0.166039|0.148369|11|1|0|0||5|5|5|2|3|3|0.589776|0|85.2551|0|3.41711|0|0|0|0|INTO_SUPPLY|83.1508|0.903659|0|1.38627e+07|2025-07-21|2026-07-30
prod|cohort|PWP|2026-07-31|259||0|19.71|14.91|32.1932|5.43848|0.422464|0.0142957|0.983975|12|0|0|0||31|24|24|17|7|4|0.111948|0|100|0|1.86633|0.0425355|0.0425355|0|0|IFFY_AT_FIRST_ZONE|25.925|0.575121|0|1.61089e+07|2025-07-21|2026-07-30
prod|cohort|REPL|2026-07-31|258||0|11.379|5.41|110.333|8.88044|0.0156573|0.0550514|0.56943|15|4|0|0||17|5|5|3|2|2|0.842153|0|100|0|6.5286|0.978624|1.55907|0|0|INTO_SUPPLY|13.24|0.40861|0|3.31212e+07|2025-07-21|2026-07-29
prod|cohort|RYAN|2026-07-31|259||0|47|44.09|6.60014|3.94864|0.411243|0|0.446794|9|1|0.132014|0|1.41444|16|15|15|0|15|2|0.964513|0|82.2046|0|4.36035|0|0|0|0|INTO_SUPPLY|66.57|0.66231|0|7.2757e+07|2025-07-21|2026-07-30
prod|cohort|SCTX|2026-07-31|5|history_too_thin(5d)|1|21.21||||||||||||||||||||||||||||25.49||0|7.73746e+06|2026-07-24|2026-07-30
prod|cohort|SPSC|2026-07-31|259||0|71.7|65.83|8.91691|4.02435|0.469461|0|0.502942|21|6|7.25189|0|0.911468|14|12|12|0|12|0|4.30435|0|64.0561|0|4.03875|0.463172|0.629335|0|0|CLEARED_NOTHING|141.98|0.463657|0|3.25438e+07|2025-07-21|2026-07-30
prod|cohort|SPXC|2026-07-31|259||0|213.69|199.3|7.22027|3.73428|0.450077|0.73323|0.751428|12|2|0.0162912|0|1.91735|22|12|12|0|12|4|0.939875|0|100|0|4.00043|0.407688|0.407688|0|0|INTO_SUPPLY|251.08|0.793771|0|1.14788e+08|2025-07-21|2026-07-30
prod|cohort|TCX|2026-07-31|259||0|11.1|9.7|14.433|7.75392|0.80239|0.476315|0.904508|6|0|0|0||29|26|26|0|26|0|1.62591|0|79.2539|0|3.03452|0|0|0|0|CLEARED_NOTHING|25.17|0.385379|0|891753|2025-07-21|2026-07-30
prod|cohort|VPG|2026-07-31|259||0|92.71|87.92|5.44813|8.42476|0.423551|0.858678|0.43749|17|5|0.477557|0|3.29424|8|8|8|0|8|0|1.9576|0|100|0|3.57321|0|0|0|0|CLEARED_NOTHING|151.78|0.579259|0|5.22837e+07|2025-07-21|2026-07-30
prod|cohort|AEYE|2026-08-03|260||0|5.85|5.79|1.03627|6.17043|0.901348|0.844317|0.919698|4|0|0|0||32|24|24|0|24|3|0.581489|0|63.0309|0|4.48544|0|0|0|0|INTO_SUPPLY|16.39|0.353264|0|485342|2025-07-21|2026-07-31
prod|cohort|ALGT|2026-08-03|260||0|102.07|98.08|4.06811|4.77458|0.163828|0.33335|0.213713|22|2|0|0||7|6|6|1|5|1|0.262649|0|45.7568|0|2.75451|0.432609|0.480139|0|0|INTO_SUPPLY|123.63|0.793335|0|4.75479e+07|2025-07-21|2026-07-31
prod|cohort|ATKR|2026-08-03|260||0|93.4|72.96|28.0154|3.77122|0|0|0.243672|18|2|0|0||13|9|9|9|0|0||1|90.1335|0|2.33014|0|0|0|0|CLEAR_AIR|90.16|0.809228|1|2.03813e+07|2025-07-21|2026-07-31
prod|cohort|BIOA|2026-08-03|260||0|9.5|9.04|5.0885|7.83094|0.774806|0.909422|0.79717|11|5|15.9623|0|1.7609|4|3|3|0|3|0|21.3996|0|100|0|9.11062|5.93015|5.93015|1|0|CLEARED_NOTHING|25.955|0.348295|0|1.22954e+07|2025-07-21|2026-07-31
prod|cohort|BOW|2026-08-03|260||0|33.845|30.59|10.6407|3.83018|0.000231203|0|0.203709|5|2|0|0||5|4|4|4|0|0||1|59.9078|0|2.50074|0.013253|0.013253|0|0|CLEAR_AIR|33.875|0.903026|0|4.45262e+06|2025-07-21|2026-07-31
prod|cohort|CNH|2026-08-03|260||0|11.41|10.25|11.3171|3.33307|0.229269|0.00980504|0.770963|14|1|0.105179|0|1.01235|17|10|10|1|9|4|0.105179|0|85.8145|0|3.36819|0|0|0|0|IFFY_AT_FIRST_ZONE|13.475|0.760668|0|9.35715e+07|2025-07-21|2026-07-31
prod|cohort|DFNS|2026-08-03|120||0|41.91|27.68|51.409|38.8127|0.139555|0.133782|0.305288|9|5|1.40489|1|5.33784|6|2|2|0|2|0|3.23612|0|100|0|24.1155|0.788677|2.34802|0|0|INTO_SUPPLY|335|0.0826269|0|3.98561e+06|2026-02-09|2026-07-31
prod|cohort|FCUV|2026-08-03|260||0|15.51|11.6|33.7069|14.4611|0.158543|0.104124|0.343165|17|7|4.79733|0|0.927364|21|17|17|0|17|1|0.111462|0|100|0|28.0319|23.7247|23.7247|1|0|IFFY_AT_FIRST_ZONE|210|0.0552381|0|53392.3|2025-07-21|2026-07-31
prod|cohort|FTH|2026-08-03|32||0|27.26|27.24|0.0734214|12.4517|0.629254|0.629254|0.63216|0|0|0|0||3|2|2|0|2|1|1.28155|0|35.238|0|2.09883|0|0|0|0|CLEARED_NOTHING|37.9|0.718734|0|6.84298e+06|2026-06-16|2026-07-31
prod|cohort|FTK|2026-08-03|260||0|25.1|23.54|6.62702|6.5188|0.0438421|0.203357|0.0863127|3|0|0|0||6|4|4|2|2|1|1.42402|0|68.4428|0|3.25579|0|0|0|0|LADDER_CLIMBING|28.5|0.825965|0|7.90267e+06|2025-07-21|2026-07-31
prod|cohort|INTT|2026-08-03|260||0|13.18|12.35|6.72065|7.54503|0.759045|0.952881|0.785742|8|2|0|0||14|13|13|0|13|0|1.83018|0|75.5395|0|3.26528|0|0|0|0|CLEARED_NOTHING|20|0.6175|0|2.368e+06|2025-07-21|2026-07-31
prod|cohort|LIND|2026-08-03|260||0|31|29.58|4.80054|3.865|0|0|0.0172782|12|3|0|0||2|2|2|2|0|0||1|26.9113|1|3.37558|0|0|0|1|CLEAR_AIR|30.435|0.971907|1|1.96424e+07|2025-07-21|2026-07-31
prod|cohort|MMYT|2026-08-03|260||0|62.78|56.95|10.2371|4.84064|0.44608|0|0.544388|10|1|0|0||17|17|17|3|14|2|0.238569|0|61.4621|0|3.01064|0.176245|0.176245|0|0|IFFY_AT_FIRST_ZONE|104.99|0.542433|0|4.56868e+07|2025-07-21|2026-07-31
prod|cohort|SUPN|2026-08-03|260||0|50.45|44.63|13.0406|3.46577|0.248737|0.0964675|0.811507|6|2|0.114385|0|1.6929|23|16|16|6|10|6|0.560486|0|56.8828|0|2.18893|0|0|0|0|INTO_SUPPLY|59.68|0.747822|0|2.50514e+07|2025-07-21|2026-07-31
prod|cohort|AAOI|2026-08-04|261||0|128.575|110.21|16.6636|10.953|0.345274|0.725192|0.42898|21|2|0|0||14|10|10|3|7|1|0.0273384|0|76.3469|0|4.36215|0.035462|0.0514141|0|0|IFFY_AT_FIRST_ZONE|233.67|0.471648|0|9.32779e+08|2025-07-21|2026-08-03
prod|cohort|ACLS|2026-08-04|261||0|136.64|131.12|4.20988|6.5156|0.21598|0.855086|0.245228|30|4|0|0||11|9|9|0|9|4|0.940141|0|68.0213|0|3.77228|0.109031|0.109031|0|0|INTO_SUPPLY|193.78|0.676644|0|5.24553e+07|2025-07-21|2026-08-03
prod|cohort|AEIS|2026-08-04|261||0|337.27|296.38|13.7965|5.8455|0.236908|0.393375|0.510917|28|3|0|0||19|14|14|6|8|2|1.15292|0|75.5421|0|3.7985|0.250127|0.350327|0|0|LADDER_CLIMBING|397.44|0.745723|0|2.10159e+08|2025-07-21|2026-08-03
prod|cohort|AHCO|2026-08-04|261||0|6.675|10.83|-38.3657|3.93363|1|1|0.201499|10|1|2.97064|0|21.0991|8|8|8|0|8|0|16.0148|0|55.4388|0|2.41777|0.0700969|0.0700969|0|0|CLEARED_NOTHING|13.43|0.806404|0|1.03111e+07|2025-07-21|2026-08-03
prod|cohort|AIOS|2026-08-04|118||0|12.78|12.21|4.6683|9.62702|0.722749|0.711004|0.789484|5|2|0|0||13|12|12|0|12|4|0.682905|0|45.2212|0|2.48021|0|0|0|0|INTO_SUPPLY|33.8699|0.360497|0|199127|2026-02-12|2026-08-03
prod|cohort|ALAB|2026-08-04|261||0|346.02|321.05|7.7776|9.10268|0.101796|0.446243|0.135878|22|4|0|0||8|7|7|1|6|3|0.270184|0|87.9616|0|3.95478|0.17962|0.17962|0|0|INTO_SUPPLY|499.476|0.642773|0|1.27927e+09|2025-07-21|2026-08-03
prod|cohort|ALMU|2026-08-04|261||0|18.29|16.67|9.71806|8.0278|0.504922|0.837338|0.641826|8|3|0|0||29|28|28|7|21|6|0.160051|0|46.9542|0|2.31583|0.0199763|0.0199763|0|0|IFFY_AT_FIRST_ZONE|31.79|0.524379|0|8.58971e+06|2025-07-21|2026-08-03
prod|cohort|AMRC|2026-08-04|261||0|31.93|22.73|40.4751|6.22137|0.312321|0.186635|0.874346|16|3|0.156055|1||31|20|20|13|7|1|0.417824|0|79.6405|0|4.58943|0.117231|0.209938|0|0|INTO_SUPPLY|44.93|0.505898|0|1.20828e+07|2025-07-21|2026-08-03
prod|cohort|ARM|2026-08-04|261||0|253.4|239.06|5.99849|7.62528|0.252962|0.750561|0.269753|37|5|0.962611|0|3.00324|9|8|8|1|7|1|0.780439|0|87.4791|0|3.19277|0|0|0|0|INTO_SUPPLY|452.7|0.528076|0|1.53611e+09|2025-07-21|2026-08-03
prod|cohort|ARVN|2026-08-04|261||0|8.33|8.06|3.34988|3.58717|0.652159|0.429788|0.698452|11|2|0.016733|0|3.44699|32|26|26|1|25|4|0.133864|0|55.6481|0|0.985898|0|0|0|0|IFFY_AT_FIRST_ZONE|14.51|0.555479|0|4.89218e+06|2025-07-21|2026-08-03
prod|cohort|BLZE|2026-08-04|261||0|20.16|15.59|29.3137|9.07446|0|0|0.061831|9|3|0|0||2|2|2|2|0|0||1|88.181|0|4.30961|0.540963|0.541766|0|0|CLEAR_AIR|18.249|0.854293|1|2.76116e+07|2025-07-21|2026-08-03
prod|cohort|BR|2026-08-04|261||0|168.3|157.34|6.96581|2.68285|0.550262|0|0.672002|18|2|0|0||24|19|19|5|14|0|2.29445|0|59.0637|0|3.74676|0.40678|0.955232|0|0|LADDER_CLIMBING|271.91|0.578647|0|1.39978e+08|2025-07-21|2026-08-03
prod|cohort|BTDR|2026-08-04|261||0|12.785|11.37|12.445|10.0902|0.523018|0.735669|0.680563|15|0|0|0||29|29|29|3|26|7|0.143407|0|95.0043|0|3.19894|0.0348658|0.0348658|0|0|IFFY_AT_FIRST_ZONE|27.8|0.408993|0|9.44341e+07|2025-07-21|2026-08-03
prod|cohort|CAT|2026-08-04|261||0|922|830.03|11.0803|3.98496|0.110565|0.432788|0.259486|31|4|0|0||11|8|8|3|5|3|0.440376|0|48.6618|0|4.30927|0.0359621|0.0359621|0|0|INTO_SUPPLY|1073.46|0.773229|0|2.54828e+09|2025-07-21|2026-08-03
prod|cohort|CIEN|2026-08-04|261||0|419.08|390.76|7.24742|6.15932|0.262577|0.811245|0.310999|26|9|2.28805|0|5.16455|9|7|7|1|6|1|1.07738|0|72.7719|0|4.8672|0.206403|0.456869|0|0|LADDER_CLIMBING|637.51|0.612947|0|7.35559e+08|2025-07-21|2026-08-03
prod|cohort|COHR|2026-08-04|261||0|325.87|288.14|13.0943|7.8663|0.21173|0.711986|0.291124|31|4|0|0||12|9|9|1|8|4|0.0745106|0|78.8882|0|4.2843|0.333558|0.467038|0|0|IFFY_AT_FIRST_ZONE|440|0.654864|0|1.36303e+09|2025-07-21|2026-08-03
prod|cohort|CTOS|2026-08-04|261||0|11.785|10.63|10.8655|4.71822|0.0146283|0.0557208|0.0780856|15|4|0|0||5|5|5|3|2|2|0.638441|0|71.2516|0|2.35946|0|0|0|0|INTO_SUPPLY|12.23|0.869174|0|9.89707e+06|2025-07-21|2026-08-03
prod|cohort|DORM|2026-08-04|261||0|142.11|127.68|11.3017|3.60693|0.175797|0.0259527|0.513572|13|1|0|0||12|10|10|4|6|2|0.560887|0|100|0|3.31555|0.24587|0.24587|0|0|INTO_SUPPLY|166.89|0.765055|0|3.27033e+07|2025-07-21|2026-08-03
prod|cohort|EWTX|2026-08-04|261||0|41|38.38|6.82647|6.18383|0.0459376|0.172027|0.123411|4|0|0|0||5|3|3|1|2|1|0.544299|0|65.0199|0|1.38796|0.0431023|0.0431023|0|0|INTO_SUPPLY|48.4|0.792975|0|3.82969e+07|2025-07-21|2026-08-03
prod|cohort|FN|2026-08-04|261||0|525|455.94|15.1467|6.12465|0.371425|0.691973|0.623873|26|3|0|0||22|16|16|3|13|5|0.11818|0|74.7132|0|3.87059|0.358024|0.358024|0|0|IFFY_AT_FIRST_ZONE|748.89|0.608821|0|3.51396e+08|2025-07-21|2026-08-03
prod|cohort|GENI|2026-08-04|261||0|7.35|7.07|3.9604|5.87507|0.492982|0.0250289|0.510838|7|0|0|0||20|17|17|2|15|1|0.463159|0|63.9317|0|2.63635|0.0262671|0.0262671|0|0|INTO_SUPPLY|13.7296|0.514946|0|3.55651e+07|2025-07-21|2026-08-03
prod|cohort|HLMN|2026-08-04|261||0|9|8.31|8.30325|3.43878|0.367579|0|0.565235|11|4|0.870787|0|2.42496|19|12|12|4|8|5|0.387734|0|59.5739|0|2.07196|0|0|0|0|INTO_SUPPLY|10.85|0.765899|0|9.15465e+06|2025-07-21|2026-08-03
prod|cohort|IBTA|2026-08-04|261||0|30.61|24.58|24.5321|6.50843|0.291665|0.739555|0.661343|7|1|0|0||21|17|17|6|11|5|0.351867|0|67.7518|0|4.67303|0|0|0|0|INTO_SUPPLY|41.14|0.597472|0|4.77635e+06|2025-07-21|2026-08-03
prod|cohort|IMC|2026-08-04|4|history_too_thin(4d)|1|6.72||||||||||||||||||||||||||||6.82||0||2026-07-29|2026-08-03
prod|cohort|INFU|2026-08-04|261||0|10.14|9.22|9.97831|4.50481|0.198651|0.0405829|0.592645|5|0|0|0||21|19|19|11|8|4|0.21892|0|78.4237|0|2.49884|0|0|0|0|IFFY_AT_FIRST_ZONE|11.04|0.835145|0|1.24612e+06|2025-07-21|2026-08-03
prod|cohort|INSP|2026-08-04|261||0|64.16|52.22|22.8648|4.36863|0.617876|0|0.774606|15|6|5.39973|1|13.7303|27|24|24|8|16|2|0.049948|0|42.264|0|1.8561|0.373833|0.587763|0|0|IFFY_AT_FIRST_ZONE|147.03|0.355166|0|4.22105e+07|2025-07-21|2026-08-03
prod|cohort|IPGP|2026-08-04|261||0|93.99|87.2|7.7867|5.51101|0.59804|0.902497|0.675198|17|0|0|0||21|21|21|4|17|0|2.29256|0|49.8146|0|5.21076|0|0|0|0|LADDER_CLIMBING|155.82|0.55962|0|3.4246e+07|2025-07-21|2026-08-03
prod|cohort|IT|2026-08-04|261||0|157.58|151.53|3.99261|4.53268|0.626997|0.28104|0.771763|13|5|11.9898|0|3.20192|23|17|17|1|16|2|0.0588021|0|63.7375|0|5.24727|0.301488|0.56305|0|0|IFFY_AT_FIRST_ZONE|360.493|0.420342|0|1.80317e+08|2025-07-21|2026-08-03
prod|cohort|LIFE|2026-08-04|128||0|27.33|22.83|19.7109|7.39201|0.0445248|0.0914014|0.0939393|1|0|0|0||1|1|1|0|1|0|2.55906|0|74.3971|0|3.22031|0|0|0|0|CLEARED_NOTHING|32.4999|0.702464|0|1.05495e+07|2026-01-29|2026-08-03
prod|cohort|LITE|2026-08-04|261||0|852.355|779.89|9.29169|8.50433|0.210979|0.556663|0.310872|26|6|0|0||14|14|14|4|10|5|0.310468|0|73.7961|0|3.67788|0.311987|0.56872|0|0|INTO_SUPPLY|1085.68|0.718342|0|3.20634e+09|2025-07-21|2026-08-03
prod|cohort|LWLG|2026-08-04|261||0|7.93|6.82|16.2757|8.13183|0.479168|0.744662|0.591046|15|2|0|0||14|10|10|2|8|1|1.33364|0|62.831|0|3.00102|0.0760269|0.0862069|0|0|LADDER_CLIMBING|18.709|0.36453|0|1.87631e+07|2025-07-21|2026-08-03
prod|cohort|MED|2026-08-04|261||0|12.03|9.74|23.5113|3.70156|0.343779|0.341078|0.96126|2|0|0|0||31|28|28|12|16|4|0.246801|0|51.1543|0|3.21679|0|0|0|0|IFFY_AT_FIRST_ZONE|15.37|0.633702|0|1.62043e+06|2025-07-21|2026-08-03
prod|cohort|MRAM|2026-08-04|261||0|18.15|15.45|17.4757|8.50619|0.651307|0.898279|0.724705|20|2|0.369201|0|0.505223|11|10|10|3|7|0|2.36697|0|58.7262|0|3.58582|0.0589773|0.0589773|0|0|LADDER_CLIMBING|51.5|0.3|0|1.60953e+07|2025-07-21|2026-08-03
prod|cohort|MRVL|2026-08-04|261||0|210.01|193.775|8.37827|6.76588|0.266876|0.694104|0.313401|44|11|0.0351889|0|1.54761|8|7|7|0|7|2|0.345555|0|65.805|0|4.50323|0.223362|0.30286|0|0|INTO_SUPPLY|329.88|0.587411|0|4.94156e+09|2025-07-21|2026-08-03
prod|cohort|OCC|2026-08-04|261||0|15.975|14.35|11.324|8.85029|0.485798|0.756961|0.548204|14|1|0|0||8|8|8|0|8|5|0.0516327|0|54.6156|0|3.3255|0.0478895|0.0478895|0|0|IFFY_AT_FIRST_ZONE|27.9799|0.512868|0|2.99485e+06|2025-07-21|2026-08-03
prod|cohort|PAY|2026-08-04|261||0|40.48|34.52|17.2654|4.56011|0|0|0.16749|8|2|0|0||9|9|8|8|0|0||1|83.097|0|6.22327|0.0940423|0.0940423|0|0|CLEAR_AIR|39.38|0.876587|1|2.73088e+07|2025-07-21|2026-08-03
prod|cohort|PLTR|2026-08-04|261||0|145.145|125.65|15.5153|4.52475|0.678099|0.0944901|0.950375|23|4|0.651699|0|6.41573|29|25|25|6|19|2|0.684436|0|18.0084|1|2.21446|0.0478973|0.0478973|0|1|INTO_SUPPLY|207.52|0.605484|0|4.12785e+09|2025-07-21|2026-08-03
prod|cohort|POET|2026-08-04|261||0|8.345|7.36|13.3832|7.78359|0.556116|0.90559|0.697597|21|4|0.0153955|0|5.18058|17|15|15|5|10|3|0.161653|0|70.8924|0|4.24195|0.124281|0.158679|0|0|IFFY_AT_FIRST_ZONE|20.81|0.353676|0|9.08072e+07|2025-07-21|2026-08-03
prod|cohort|PSIX|2026-08-04|261||0|30.5|28.78|5.97637|6.47216|0.976891|0.906561|0.984019|15|2|6.91739|0|1.85156|29|22|22|0|22|1|1.47416|0|73.5637|0|4.12227|0|0|0|0|CLEARED_NOTHING|121.78|0.236328|0|1.296e+07|2025-07-21|2026-08-03
prod|cohort|RFIL|2026-08-04|261||0|12.95|12.44|4.09968|7.83351|0.366064|0.895495|0.394912|7|1|0|0||13|11|11|0|11|3|0.138007|0|66.7478|0|5.17686|0|0|0|0|IFFY_AT_FIRST_ZONE|22.3|0.557848|0|3.37305e+06|2025-07-21|2026-08-03
prod|cohort|SEAT|2026-08-04|261||0|8.34|7.96|4.77387|8.92503|0.455881|0.299116|0.499192|3|1|0.846379|0|3.65421|20|20|20|2|18|5|0.0268692|0|26.1097|1|2.21676|0|0|0|1|IFFY_AT_FIRST_ZONE|38|0.209474|0|422795|2025-07-21|2026-08-03
prod|cohort|SNAP|2026-08-04|261||0|5.33|5.04|5.75397|3.92041|0.758043|0.444266|0.810893|13|2|0|0||26|20|20|0|20|0|2.67997|0|58.2633|0|3.76073|0.271935|0.408194|0|0|CLEARED_NOTHING|10.41|0.48415|0|1.41396e+08|2025-07-21|2026-08-03
prod|cohort|TSAT|2026-08-04|261||0|44|40.18|9.50722|6.66695|0.32282|0.656367|0.403968|11|1|0|0||11|11|11|3|8|2|0.168675|0|71.0479|0|2.30975|0|0|0|0|IFFY_AT_FIRST_ZONE|59.12|0.679635|0|7.40878e+06|2025-07-21|2026-08-03
prod|cohort|UFPT|2026-08-04|261||0|305|267.53|14.0059|4.19345|0|0|0.0229344|12|1|0|0||3|3|3|3|0|0||1|49.513|0|3.62845|0.106662|0.234008|0|0|CLEAR_AIR|279.49|0.957208|1|5.10409e+07|2025-07-21|2026-08-03
prod|cohort|VGNT|2026-08-04|85||0|45.55|42.04|8.34919|4.75059|0.0972415|0.207778|0.236513|0|0|0|0||8|7|7|4|3|1|0.794863|0|59.169|0|2.31673|0|0|0|0|INTO_SUPPLY|50.885|0.826177|0|3.69209e+07|2026-04-01|2026-08-03
prod|cohort|VOYG|2026-08-04|261||0|33.99|28.01|21.3495|8.20084|0.280228|0.587944|0.638178|10|0|0|0||25|23|23|12|11|6|0.0394265|0|66.6404|0|3.37097|0|0|0|0|IFFY_AT_FIRST_ZONE|52.4|0.534542|0|3.58715e+07|2025-07-21|2026-08-03
prod|cohort|W|2026-08-04|261||0|109.92|89.31|23.0769|4.97243|0.0446237|0|0.306055|25|0|0|0||14|12|12|8|4|3|0|0|48.812|0|2.67904|0.351188|0.416506|0|0|IFFY_AT_FIRST_ZONE|119.98|0.744374|0|2.36522e+08|2025-07-21|2026-08-03
prod|cohort|WGS|2026-08-04|261||0|76|67.86|11.9953|7.24716|0.502947|0|0.575095|10|2|0.333161|0|1.42342|26|21|21|6|15|0|3.51862|0|74.9874|0|2.17337|0|0|0|0|LADDER_CLIMBING|170.87|0.397144|0|4.37306e+07|2025-07-21|2026-08-03
prod|cohort|WIX|2026-08-04|261||0|56.455|56.84|-0.67734|5.82108|0.829619|0.226069|0.824537|21|6|7.60274|0|1.98248|28|24|24|0|24|2|0.448834|0|85.2286|0|4.05349|0.109269|0.129515|0|0|INTO_SUPPLY|190.93|0.297701|0|6.6159e+07|2025-07-21|2026-08-03
prod|cohort|XMTR|2026-08-04|261||0|89.14|87.01|2.44799|5.53412|0.116146|0.469047|0.137354|14|4|0.0468264|0|1.61764|6|4|4|0|4|1|0.303155|0|35.1111|0|4.95926|0.0424025|0.0424025|0|0|INTO_SUPPLY|106.08|0.82023|0|7.01494e+07|2025-07-21|2026-08-03
prod|cohort|ZBRA|2026-08-04|261||0|330.1|291.64|13.1875|3.89339|0.0332574|0|0.198277|22|2|0|0||9|7|7|4|3|1|0.627913|0|59.1155|0|3.75045|0|0|0|0|INTO_SUPPLY|352.66|0.826972|0|1.66675e+08|2025-07-21|2026-08-03
prod|cohort|AMPX|2026-08-05|262||0|12.4|10.81|14.7086|7.04015|0.48462|0.715177|0.681119|20|3|0.0687302|0|3.21887|24|20|20|5|15|3|0.194736|0|55.4393|0|4.07845|0.325912|0.325912|0|0|IFFY_AT_FIRST_ZONE|24.225|0.446233|0|5.51465e+07|2025-07-21|2026-08-04
prod|cohort|AMWL|2026-08-05|262||0|11.18|10.42|7.29367|7.50808|0.0519412|0.194034|0.0969473|5|1|0|0||2|2|2|0|2|1|0.359184|0|30.7306|0|3.41793|0|0|0|0|INTO_SUPPLY|13.45|0.774721|0|1.1278e+06|2025-07-21|2026-08-04
prod|cohort|ANET|2026-08-05|262||0|210.19|190.51|10.3302|5.39687|0|0|0.00320001|27|3|0|0||0|0|0|0|0|0||1|57.804|0|3.50711|0.453968|0.498124|0|0|CLEAR_AIR|194.35|0.980242|1|1.33225e+09|2025-07-21|2026-08-04
prod|cohort|APPS|2026-08-05|262||0|11.95|9.51|25.6572|7.92943|0.0272132|0.0741024|0.123625|17|3|0|0||4|4|4|3|1|0|1.7413|0|67.0674|0|2.53418|0.0767197|0.0907322|0|0|LADDER_CLIMBING|13.6|0.699265|0|2.07264e+07|2025-07-21|2026-08-04
prod|cohort|BLMN|2026-08-05|262||0|12.12|8.92|35.8744|4.64633|0|0|0.0396673|12|1|0|0||3|1|1|1|0|0||1|56.0152|0|2.7722|0.102244|0.102244|0|0|CLEAR_AIR|10.7|0.833645|1|1.33662e+07|2025-07-21|2026-08-04
prod|cohort|COMP|2026-08-05|262||0|12.75|12|6.25|4.74605|0.0659918|0.0206685|0.174577|18|4|0|0||7|7|7|2|5|4|0.0495768|0|38.3854|0|3.35615|0.117257|0.144155|0|0|IFFY_AT_FIRST_ZONE|13.955|0.859907|0|1.23048e+08|2025-07-21|2026-08-04
prod|cohort|CRL|2026-08-05|262||0|267.99|234.12|14.4669|3.59638|0|0|0.0183456|18|2|0|0||5|4|4|4|0|0||1|41.7133|0|2.63667|0.497107|0.937219|0|0|CLEAR_AIR|242.73|0.964528|1|2.03281e+08|2025-07-21|2026-08-04
prod|cohort|DBGI|2026-08-05|240||0|30.34|21.63|40.2681|22.0796|0.214099|0.510982|0.28965|4|2|0.477686|0|75.6028|22|18|18|2|16|0|3.05421|0|57.0251|0|4.17719|0.0397762|0.0397762|0|0|LADDER_CLIMBING|720|0.0300417|0|757650|2025-08-20|2026-08-04
prod|cohort|DFNS|2026-08-05|122||0|56.4|47.36|19.0878|42.0815|0.111723|0.10644|0.174153|9|4|0.211195|0|3.04785|10|3|3|0|3|1|1.45783|0|100|0|22.2423|0.727414|1.85908|0|0|CLEARED_NOTHING|335|0.141373|0|6.41129e+06|2026-02-09|2026-08-04
prod|cohort|DT|2026-08-05|262||0|51.505|45.71|12.6778|3.79044|0.0214533|0|0.232467|19|1|0|0||11|8|8|7|1|1|0.868221|0|46.4887|0|3.02707|0.348635|0.348635|0|0|INTO_SUPPLY|55.49|0.823752|0|1.64023e+08|2025-07-21|2026-08-04
prod|cohort|ECG|2026-08-05|262||0|147.16|136.16|8.07873|5.05746|0.157391|0.529394|0.224897|20|3|0|0||14|11|11|7|4|1|1.10043|0|41.2034|0|4.36695|0.26534|0.337714|0|0|LADDER_CLIMBING|171.577|0.79358|0|6.20438e+07|2025-07-21|2026-08-04
prod|cohort|FRPT|2026-08-05|262||0|66.6|62.38|6.76499|4.55739|0.232911|0|0.381573|8|0|0|0||15|13|13|5|8|2|0.32617|0|65.4871|0|2.30204|0.0286006|0.0286006|0|0|INTO_SUPPLY|86|0.725349|0|5.61759e+07|2025-07-21|2026-08-04
prod|cohort|FTK|2026-08-05|262||0|33.47|28.21|18.6459|6.62648|0|0|0.00181965|4|1|0|0||1|1|1|1|0|0||1|76.5292|0|3.74354|0.512862|0.512862|0|0|CLEAR_AIR|28.68|0.983612|1|8.49971e+06|2025-07-21|2026-08-04
prod|cohort|GTE|2026-08-05|262||0|10.33|6.83|51.2445|5.84914|0|0|0.347526|23|0|0|0||18|16|16|16|0|0||1|80.2642|0|3.50568|0.500784|0.6703|0|0|CLEAR_AIR|9.7401|0.701225|1|1.75581e+06|2025-07-21|2026-08-04
prod|cohort|HGTY|2026-08-05|262||0|12.66|11.72|8.02048|2.86666|0.167603|0|0.393628|10|1|0|0||15|14|14|5|9|3|0.743966|0|44.1938|0|2.0835|0.0976745|0.0976745|0|0|INTO_SUPPLY|14|0.837143|0|1.22739e+06|2025-07-21|2026-08-04
prod|cohort|IMC|2026-08-05|5|history_too_thin(5d)|1|8.58||||||||||||||||||||||||||||8.22||1|1.72367e+06|2026-07-29|2026-08-04
prod|cohort|INTA|2026-08-05|262||0|36.5|32.78|11.3484|5.47512|0.395015|0|0.425372|17|4|0|0||12|10|10|0|10|0|1.71135|0|51.6016|0|4.54595|0.215106|0.215175|0|0|CLEARED_NOTHING|47.93|0.683914|0|2.09307e+07|2025-07-21|2026-08-04
prod|cohort|JLHL|2026-08-05|262||0|7.01|5.42|29.3358|28.728|0.706143|0.757052|0.813027|8|0|0|0||16|11|11|0|11|1|0.198626|0|35.12|0|2.97329|0|0|0|0|IFFY_AT_FIRST_ZONE|57.95|0.0935289|0|2.28478e+06|2025-07-21|2026-08-04
prod|cohort|KMT|2026-08-05|262||0|40.5|36.06|12.3128|3.46902|0.0516755|0.0108463|0.336891|18|3|0|0||12|8|8|5|3|2|0.882591|0|53.8167|0|2.27229|0.259626|0.259626|0|0|INTO_SUPPLY|43.81|0.8231|0|2.98733e+07|2025-07-21|2026-08-04
prod|cohort|KODK|2026-08-05|262||0|10.025|8.93|12.262|3.95895|0.143426|0.176413|0.303065|14|2|4.6865|0|4.95106|11|10|10|5|5|3|0.0251962|0|64.4251|0|3.89784|0.0164877|0.0164877|0|0|IFFY_AT_FIRST_ZONE|14.87|0.600538|0|4.96871e+06|2025-07-21|2026-08-04
prod|cohort|KTOS|2026-08-05|262||0|58.87|51.87|13.4953|5.75127|0.739909|0.162368|0.882939|15|1|0|0||27|23|23|3|20|4|0.00295354|0|49.4045|0|2.90094|0.325065|0.335565|0|0|IFFY_AT_FIRST_ZONE|134|0.38709|0|1.55896e+08|2025-07-21|2026-08-04
prod|cohort|LRN|2026-08-05|262||0|87.46|80.45|8.71349|4.2691|0.377363|0.539672|0.612113|15|5|14.7961|0|1.42216|17|10|10|1|9|0|2.91262|0|50.0419|0|4.81667|0.738373|0.854307|0|0|LADDER_CLIMBING|171.17|0.470001|0|6.58809e+07|2025-07-21|2026-08-04
prod|cohort|MTRN|2026-08-05|262||0|250.59|227.1|10.3435|5.57465|0.138529|0.383318|0.218226|25|3|0|0||7|7|7|3|4|2|0.45814|0|41.6119|0|4.85808|0.158636|0.158636|0|0|INTO_SUPPLY|298.87|0.759862|0|6.44137e+07|2025-07-21|2026-08-04
prod|cohort|NGL|2026-08-05|262||0|17|15.85|7.25552|4.83887|0.0347996|0.217907|0.115167|5|3|0|0||7|5|5|3|2|0|1.88425|0|69.4987|0|1.83284|0|0|0|0|LADDER_CLIMBING|18.8|0.843085|0|2.20743e+06|2025-07-21|2026-08-04
prod|cohort|OSPN|2026-08-05|262||0|17.57|16.21|8.38988|3.33925|0|0|0.00596374|13|1|0|0||2|2|2|2|0|0||1|52.0098|0|2.83176|0.153797|0.153797|0|0|CLEAR_AIR|16.44|0.98601|1|5.62773e+06|2025-07-21|2026-08-04
prod|cohort|PGEN|2026-08-05|262||0|7.02|6.53|7.50383|5.78435|0|0|0.00457969|12|3|0|0||0|0|0|0|0|0||1|71.1625|0|5.26571|0.0852467|0.0852467|0|0|CLEAR_AIR|6.798|0.960577|1|1.88888e+07|2025-07-21|2026-08-04
prod|cohort|PRGO|2026-08-05|262||0|12.62|10.78|17.0686|4.40368|0.525034|0|0.730102|12|4|9.06891|0|0.44085|22|18|18|9|9|0|3.95865|0|46.7264|0|2.32961|0.280004|0.280004|0|0|LADDER_CLIMBING|28.435|0.37911|0|2.89544e+07|2025-07-21|2026-08-04
prod|cohort|QLYS|2026-08-05|262||0|198.42|161.06|23.1963|5.91614|0|0|0.00764126|10|1|0|0||2|2|2|2|0|0||1|65.0311|0|3.21176|0.120276|0.132167|0|0|CLEAR_AIR|167.86|0.95949|1|1.00368e+08|2025-07-21|2026-08-04
prod|cohort|ROCK|2026-08-05|262||0|51.98|48.06|8.15647|4.51312|0.339998|0|0.50088|13|1|0.00852544|0|0.281339|14|13|13|2|11|1|0.147064|0|73.5045|0|2.89577|0|0|0|0|IFFY_AT_FIRST_ZONE|75.08|0.640117|0|1.39298e+07|2025-07-21|2026-08-04
prod|cohort|SGHT|2026-08-05|262||0|5.77|5.64|2.30496|6.51501|0.296673|0.0192891|0.309569|15|2|0|0||10|10|10|1|9|1|0.31922|0|53.742|0|2.77466|0.153179|0.153179|0|0|INTO_SUPPLY|9.2362|0.610641|0|687704|2025-07-21|2026-08-04
prod|cohort|SHOP|2026-08-05|262||0|150|123.3|21.6545|4.83723|0.235404|0|0.565655|30|4|0.529918|0|0.23705|26|18|18|13|5|0|2.60893|0|55.5762|0|3.0649|0.583387|1.00423|0|0|LADDER_CLIMBING|182.19|0.676766|0|9.12517e+08|2025-07-21|2026-08-04
prod|cohort|SWIM|2026-08-05|262||0|6.97|5.7|22.2807|4.42499|0.277572|0|0.810066|13|0|0|0||34|28|28|16|12|3|1.03754|0|42.7996|0|2.97354|0|0|0|0|LADDER_CLIMBING|8.9662|0.635721|0|3.44157e+06|2025-07-21|2026-08-04
prod|cohort|TATT|2026-08-05|262||0|49.28|41.65|18.3193|5.15181|0.151344|0.00741037|0.502752|22|2|0.405702|0|2.15652|22|15|15|13|2|1|0.358436|0|51.1284|0|2.01768|0|0|0|0|INTO_SUPPLY|64.5|0.645736|0|5.01794e+06|2025-07-21|2026-08-04
prod|cohort|TBI|2026-08-05|262||0|9.29|7.69|20.8062|6.04555|0|0|0.0612741|2|0|0|0||5|5|5|5|0|0||1|50.8385|0|3.18839|0|0|0|0|CLEAR_AIR|8.8999|0.864055|1|1.72667e+06|2025-07-21|2026-08-04
prod|cohort|TVTX|2026-08-05|262||0|62|56.02|10.6748|4.52788|0|0|0.0667631|8|2|0|0||5|5|5|5|0|0||1|49.4424|0|0.934291|0|0|0|0|CLEAR_AIR|60.1|0.932113|1|7.01128e+07|2025-07-21|2026-08-04
prod|cohort|UPST|2026-08-05|262||0|34.595|30.32|14.0996|5.0092|0.625549|0.0613816|0.786677|28|6|1.26214|0|1.685|31|31|31|7|24|3|0.0548204|0|64.1656|0|3.47824|0.225532|0.428379|0|0|IFFY_AT_FIRST_ZONE|87.3|0.347308|0|9.56682e+07|2025-07-21|2026-08-04
prod|cohort|WYNN|2026-08-05|262||0|102.09|97.6|4.60041|2.3444|0.785474|0.311198|0.925157|17|1|0.0334254|0|9.13766|28|27|27|3|24|2|0.7082|0|68.9142|0|2.76645|0.0880209|0.109997|0|0|INTO_SUPPLY|134.72|0.724466|0|1.30533e+08|2025-07-21|2026-08-04
prod|cohort|XPEL|2026-08-05|262||0|49|45.91|6.73056|4.3102|0.192521|0.0653395|0.338684|8|1|0|0||17|13|13|5|8|3|0.473485|0|63.29|0|1.8324|0|0|0|0|INTO_SUPPLY|55.91|0.821141|0|8.86519e+06|2025-07-21|2026-08-04
prod|cohort|YOU|2026-08-05|262||0|64.77|55.73|16.2211|4.61135|0|0|0.114356|15|1|0|0||12|7|7|7|0|0||1|34.503|0|2.57161|0|0|0|0|CLEAR_AIR|62.73|0.888411|1|5.64255e+07|2025-07-21|2026-08-04
prod|cohort|ZETA|2026-08-05|262||0|24.65|24.26|1.60758|5.90475|0.0108232|0.0393108|0.0188814|23|3|0|0||2|2|2|0|2|2|0.17176|0|50.7088|0|4.05978|0.287628|0.522176|0|0|IFFY_AT_FIRST_ZONE|25.95|0.934875|0|1.52697e+08|2025-07-21|2026-08-04
prod|cohort|AEVA|2026-08-06|263||0|25.8|19.61|31.5655|8.4324|0.060784|0.238498|0.22623|15|4|0|0||10|9|9|4|5|2|0.427476|0|37.0013|0|4.57044|0.344626|0.402264|0|0|INTO_SUPPLY|32.7922|0.598008|0|2.25322e+07|2025-07-21|2026-08-05
prod|cohort|ALNT|2026-08-06|263||0|103.25|93.25|10.7239|5.51685|0.00229783|0.00742161|0.082258|13|1|0|0||3|3|3|1|2|2|0.081441|0|54.3977|0|3.23106|0|0|0|0|IFFY_AT_FIRST_ZONE|104.65|0.891065|0|1.96681e+07|2025-07-21|2026-08-05
prod|cohort|AMIX|2026-08-06|263||0|13.35|12.1|10.3306|24.171|0.33068|0.352362|0.370334|11|2|0|0||8|3|3|0|3|0|3.1517|0|100|0|17.4115|1.64354|2.99972|2|0|CLEARED_NOTHING|32.55|0.371736|0|808333|2025-07-21|2026-08-05
prod|cohort|ARQT|2026-08-06|263||0|29.21|27.1|7.78598|4.12804|0.0838984|0.00664968|0.22283|8|1|0|0||12|12|11|6|5|3|0.522474|0|50.5189|0|2.22684|0|0|0|0|INTO_SUPPLY|31.77|0.853006|0|3.57411e+07|2025-07-21|2026-08-05
prod|cohort|ASPN|2026-08-06|263||0|7.3|5.01|45.7086|5.91416|0.205475|0|0.494694|19|3|0.254787|0|0.648548|17|14|14|7|7|1|1.07705|0|44.5526|0|4.52245|0|0|0|0|LADDER_CLIMBING|9.78|0.51227|0|4.56695e+06|2025-07-21|2026-08-05
prod|cohort|ATI|2026-08-06|263||0|219.99|205.11|7.25464|4.24718|0|0|0.00391666|18|8|0|0||1|1|1|1|0|0||1|45.4261|0|3.32324|0.153516|0.304696|0|0|CLEAR_AIR|208.71|0.982751|1|2.72532e+08|2025-07-21|2026-08-05
prod|cohort|ATNI|2026-08-06|263||0|27.87|24.01|16.0766|4.02587|0.13719|0.108737|0.532562|4|1|0|0||15|13|13|5|8|6|0.0534755|0|66.6914|0|2.36565|0|0|0|0|IFFY_AT_FIRST_ZONE|30.45|0.788506|0|1.48679e+06|2025-07-21|2026-08-05
prod|cohort|AVNT|2026-08-06|263||0|40|37.92|5.48523|2.9228|0.061238|0|0.13364|22|3|0|0||7|5|5|4|1|0|2.98515|0|30.1247|0|2.08226|0.311367|0.533896|0|0|LADDER_CLIMBING|44.85|0.845485|0|2.32353e+07|2025-07-21|2026-08-05
prod|cohort|CACI|2026-08-06|263||0|552.54|518.03|6.66178|3.32681|0.40638|0|0.554663|14|2|0.0894899|0|0.358232|17|16|16|4|12|1|1.47155|0|31.2654|0|5.15193|0.231084|0.451934|0|0|LADDER_CLIMBING|683.5|0.757908|0|1.25952e+08|2025-07-21|2026-08-05
prod|cohort|CAI|2026-08-06|263||0|19|16.45|15.5015|5.26223|0.511585|0.0453871|0.808203|10|0|0|0||33|31|31|6|25|3|0.690122|0|41.6772|0|1.34612|0|0|0|0|INTO_SUPPLY|42.5|0.387059|0|5.89487e+07|2025-07-21|2026-08-05
prod|cohort|CDRE|2026-08-06|263||0|34.59|31.03|11.4728|4.54218|0.360189|0|0.611677|13|1|1.68667|0|2.15767|27|17|17|9|8|1|0.108202|0|32.2197|0|3.12251|0.306767|0.306767|0|0|IFFY_AT_FIRST_ZONE|48.7599|0.636384|0|1.06284e+07|2025-07-21|2026-08-05
prod|cohort|CHYM|2026-08-06|263||0|28.3|25.92|9.1821|4.95386|0.0520756|0|0.138162|17|0|0|0||10|8|8|4|4|1|0.206856|0|48.7307|0|4.72791|0|0|0|0|IFFY_AT_FIRST_ZONE|38.67|0.670287|0|1.18228e+08|2025-07-21|2026-08-05
prod|cohort|CION|2026-08-06|263||0|6.7|6.23|7.54414|2.88396|0.800335|0.35516|0.934815|10|2|2.31026|0|4.35243|25|20|20|3|17|2|0.155259|0|61.9194|0|3.21486|0|0|0|0|IFFY_AT_FIRST_ZONE|10.93|0.569991|0|2.78928e+06|2025-07-21|2026-08-05
prod|cohort|DCTH|2026-08-06|263||0|14.03|12.63|11.0847|4.2281|0|0|0.0527628|10|1|0|0||5|4|4|4|0|0||1|70.6904|0|3.00124|0.232255|0.232255|0|0|CLEAR_AIR|13.7399|0.919221|1|4.33329e+06|2025-07-21|2026-08-05
prod|cohort|DIOD|2026-08-06|263||0|99.63|85.59|16.4038|5.68997|0.245442|0.623718|0.372937|22|5|0.449822|0|1.84339|10|8|8|3|5|2|0.0223323|0|45.2331|0|3.82113|0.321138|0.456171|0|0|IFFY_AT_FIRST_ZONE|125.99|0.67934|0|3.64888e+07|2025-07-21|2026-08-05
prod|cohort|DNOW|2026-08-06|263||0|15.43|14.22|8.50914|2.86129|0.0797507|0|0.234745|6|1|1.10986|1||8|4|4|2|2|0|2.76333|0|40.9065|0|2.63536|0|0|0|0|INTO_SUPPLY|17.26|0.82387|0|2.63731e+07|2025-07-21|2026-08-05
prod|cohort|EHC|2026-08-06|263||0|124.81|110.9|12.5428|2.50068|0.0532929|0|0.324642|9|1|0.124956|1||14|7|7|6|1|1|1.01887|0|53.9062|0|1.97077|0.298928|0.312984|0|0|INTO_SUPPLY|127.99|0.866474|0|9.48642e+07|2025-07-21|2026-08-05
prod|cohort|EOLS|2026-08-06|263||0|6.99|6.18|13.1068|5.19364|0.218198|0.112954|0.57218|9|2|2.14855|0|2.64437|21|20|20|9|11|6|0.0275455|0|33.6534|0|2.16973|0.0321979|0.0321979|0|0|IFFY_AT_FIRST_ZONE|10.2|0.605882|0|4.05301e+06|2025-07-21|2026-08-05
prod|cohort|FET|2026-08-06|263||0|77.04|75.52|2.01271|5.52724|0|0|0.000676795|9|3|0|0||0|0|0|0|0|0||1|80.8996|0|7.71004|1.34733|1.34733|1|0|CLEAR_AIR|75.89|0.995125|1|8.07197e+06|2025-07-21|2026-08-05
prod|cohort|FVN|2026-08-06|107||0|14.22|10.79|31.7887|9.32755|0|0|0.744511|46|0|0|0||6|5|5|5|0|0||1|59.3617|0|2.40094|0|0|0|0|CLEAR_AIR|12.7|0.849606|1|203326|2025-07-21|2026-08-05
prod|cohort|FWRD|2026-08-06|263||0|17.69|15.41|14.7956|6.32544|0.550435|0|0.64119|15|3|0|0||23|17|17|0|17|0|4.92417|0|24.9347|1|3.23272|0.917053|0.917053|0|1|CLEARED_NOTHING|32.47|0.474592|0|9.24823e+06|2025-07-21|2026-08-05
prod|cohort|GCT|2026-08-06|263||0|48|46.24|3.80623|4.55455|0.0180531|0|0.0439415|13|2|0|0||5|5|5|2|3|2|0|0|52.3467|0|5.98649|0|0|0|0|IFFY_AT_FIRST_ZONE|51.86|0.891631|0|2.57954e+07|2025-07-21|2026-08-05
prod|cohort|HRTG|2026-08-06|263||0|34.54|30.23|14.2574|3.32284|0|0|0.0208446|8|0|0|0||3|3|3|3|0|0||1|37.7086|0|4.21791|0.158171|0.158171|0|0|CLEAR_AIR|31.98|0.945278|1|6.9613e+06|2025-07-21|2026-08-05
prod|cohort|INSM|2026-08-06|263||0|128.22|99.02|29.489|3.47226|0.588304|0|0.911064|11|4|4.59555|1|4.03402|25|20|20|6|14|0|3.2973|0|33.8611|0|2.79665|0.19885|0.19885|0|0|INTO_SUPPLY|212.75|0.465429|0|2.49106e+08|2025-07-21|2026-08-05
prod|cohort|KRO|2026-08-06|263||0|7.1|6.21|14.3317|5.46858|0.0721734|0.150313|0.369833|14|0|0|0||18|15|15|9|6|5|0.467201|0|47.1495|0|3.16493|0.163028|0.163028|0|0|INTO_SUPPLY|7.89|0.787072|0|2.07364e+06|2025-07-21|2026-08-05
prod|cohort|LCUT|2026-08-06|263||0|9.265|8.42|10.0356|5.46683|0.0277946|0.0687599|0.217465|1|0|0|0||8|8|8|3|5|5|0.286277|0|48.7579|0|0.986446|0|0|0|0|INTO_SUPPLY|9.8|0.859184|0|1.06035e+06|2025-07-21|2026-08-05
prod|cohort|LFST|2026-08-06|263||0|10.99|10.37|5.97878|3.54279|0.0501112|0.171564|0.109731|8|3|0|0||3|3|3|0|3|1|0.873245|0|55.5333|0|3.42452|0|0|0|0|INTO_SUPPLY|11.76|0.881803|0|2.92603e+07|2025-07-21|2026-08-05
prod|cohort|LQDT|2026-08-06|263||0|40|37.54|6.55301|3.00638|0.0129484|0.0573994|0.145108|10|3|0|0||6|6|6|4|2|2|0.024947|0|81.0979|0|3.04571|0.128065|0.162758|0|0|IFFY_AT_FIRST_ZONE|41.28|0.909399|0|6.45166e+06|2025-07-21|2026-08-05
prod|cohort|MATV|2026-08-06|263||0|10.735|9.57|12.1735|4.20445|0.435681|0|0.516492|17|3|0|0||16|7|6|2|4|1|1.22744|0|57.2985|0|4.95867|0.0864885|0.113733|0|0|LADDER_CLIMBING|15.48|0.618217|0|3.495e+06|2025-07-21|2026-08-05
prod|cohort|MGNI|2026-08-06|263||0|22.998|20.67|11.2627|4.10802|0.138935|0|0.240616|17|1|0|0||9|7|7|1|6|2|0.192641|0|63.5414|0|3.70815|0.0987029|0.0987029|0|0|IFFY_AT_FIRST_ZONE|26.65|0.77561|0|3.84041e+07|2025-07-21|2026-08-05
prod|cohort|OPRT|2026-08-06|263||0|6.74|6.06|11.2211|5.33889|0.0402736|0|0.215402|6|0|0|0||11|9|9|6|3|2|0.33348|0|40.0906|0|3.75262|0|0|0|0|INTO_SUPPLY|7.33|0.826739|0|2.11471e+06|2025-07-21|2026-08-05
prod|cohort|ORA|2026-08-06|263||0|107.79|98.02|9.96735|2.93189|0.67841|0.760553|0.840491|23|2|0.452491|0|6.18615|23|19|19|0|19|3|0.670826|0|32.9772|0|3.67046|0|0|0|0|INTO_SUPPLY|146.39|0.669581|0|8.23983e+07|2025-07-21|2026-08-05
prod|cohort|PAYC|2026-08-06|263||0|212.89|174.8|21.7906|4.52508|0.117157|0|0.185703|18|4|0|0||7|5|5|1|4|1|0.983034|0|45.6428|0|5.34584|0.27698|0.466103|0|0|INTO_SUPPLY|248.95|0.702149|0|1.05749e+08|2025-07-21|2026-08-05
prod|cohort|PAYS|2026-08-06|263||0|10.36|9.59|8.0292|4.96902|0|0|7.62795e-05|6|1|0|0||0|0|0|0|0|0||1|39.9405|0|2.69527|0|0|0|0|CLEAR_AIR|9.6|0.998958|1|4.47069e+06|2025-07-21|2026-08-05
prod|cohort|PN|2026-08-06|263||0|7.3|6.89|5.95065|24.3255|0.325305|0.499491|0.347629|2|0|0|0||25|6|6|0|6|1|0.382935|0|100|0|9.67991|1.02267|1.02267|1|0|INTO_SUPPLY|87.4|0.078833|0|1.07697e+06|2025-07-21|2026-08-05
prod|cohort|PRAX|2026-08-06|263||0|350.47|319.23|9.78605|5.48842|0.00856764|0.0334648|0.164443|10|2|0|0||14|14|14|9|5|5|0.131529|0|33.9871|0|2.01376|0|0|0|0|IFFY_AT_FIRST_ZONE|366.52|0.870976|0|9.35477e+07|2025-07-21|2026-08-05
prod|cohort|RDW|2026-08-06|263||0|12.24|10.72|14.1791|7.67127|0.364825|0.719882|0.499528|19|2|0.0745503|0|6.16637|12|7|7|1|6|4|0.0639002|0|64.1136|0|4.41022|0.243722|0.460081|0|0|IFFY_AT_FIRST_ZONE|26.64|0.402402|0|1.41852e+08|2025-07-21|2026-08-05
prod|cohort|RELY|2026-08-06|263||0|25.98|24.07|7.93519|3.65594|0|0|0.0373388|18|2|0|0||3|2|2|2|0|0||1|78.4244|0|3.14936|0|0|0|0|CLEAR_AIR|25.75|0.934757|1|5.51465e+07|2025-07-21|2026-08-05
prod|cohort|SDGR|2026-08-06|263||0|17.262|16.4|5.2561|4.23926|0.403796|0.0478411|0.471689|11|1|0.095657|0|3.16761|17|15|15|2|13|2|0.489217|0|61.3013|0|2.20761|0|0|0|0|INTO_SUPPLY|23.75|0.690526|0|1.41563e+07|2025-07-21|2026-08-05
prod|cohort|SGHT|2026-08-06|263||0|5.79|5.55|4.32432|6.73114|0.292823|0.0148043|0.326208|15|2|0|0||12|10|10|1|9|1|0.256586|0|73.1216|0|2.68557|0.148261|0.148261|0|0|INTO_SUPPLY|9.2362|0.600896|0|687704|2025-07-21|2026-08-05
prod|cohort|SITM|2026-08-06|263||0|684.88|543.12|26.101|6.25275|0.158223|0.457769|0.324842|19|5|0.131702|0|2.55652|12|11|11|5|6|1|0.888289|0|55.2179|0|3.70677|0.459749|0.709061|0|0|INTO_SUPPLY|901.81|0.602255|0|2.38199e+08|2025-07-21|2026-08-05
prod|cohort|SOUN|2026-08-06|263||0|8.045|6.43|25.1166|5.7093|0.753559|0.247733|0.934723|18|3|0.26126|0|1.33896|33|26|26|9|17|0|1.73085|0|30.9405|0|2.38845|0|0|0|0|LADDER_CLIMBING|22.17|0.290032|0|2.11723e+08|2025-07-21|2026-08-05
prod|cohort|TASK|2026-08-06|263||0|7.04|6.32|11.3924|5.45932|0.583549|0|0.717516|8|5|8.43273|0|1.30095|25|19|19|4|15|1|1.30095|0|43.0265|0|3.68514|0.165972|0.298706|0|0|LADDER_CLIMBING|18.39|0.343665|0|3.53999e+06|2025-07-21|2026-08-05
prod|cohort|TIGO|2026-08-06|263||0|99.5|91.79|8.39961|3.28574|0.00316098|0.00983631|0.102877|7|2|0|0||5|4|4|2|2|2|0.177407|0|94.3068|0|2.17389|0|0|0|0|IFFY_AT_FIRST_ZONE|100.75|0.911067|0|1.23727e+08|2025-07-21|2026-08-05
prod|cohort|TPC|2026-08-06|263||0|94.82|84.55|12.1467|3.80651|0.00791851|0|0.164487|13|2|0|0||7|7|7|6|1|1|1.43517|0|34.4004|0|3.41163|1.27215|1.27215|1|0|LADDER_CLIMBING|100|0.8455|0|4.79987e+07|2025-07-21|2026-08-05
prod|cohort|TROX|2026-08-06|263||0|6.49|5.85|10.9402|5.94792|0.358059|0.628233|0.432193|15|2|0.168385|0|8.47107|19|16|16|3|13|2|0.647635|0|47.5508|0|2.55241|0|0|0|0|INTO_SUPPLY|10.59|0.552408|0|1.47729e+07|2025-07-21|2026-08-05
prod|cohort|TRUP|2026-08-06|263||0|27.59|24.39|13.1201|3.9113|0.63618|0.000597162|0.87688|12|1|0.296536|0|3.01169|32|30|30|7|23|4|0.0278002|0|40.7021|0|3.33079|0.0365989|0.0788511|0|0|IFFY_AT_FIRST_ZONE|57|0.427895|0|8.21861e+06|2025-07-21|2026-08-05
prod|cohort|U|2026-08-06|263||0|36.01|35.47|1.52241|5.49178|0.344185|0.0124255|0.362078|20|3|0.131473|0|1.87602|17|12|12|0|12|3|1.22371|0|59.2513|0|4.09763|0.129677|0.129677|0|0|CLEARED_NOTHING|52.15|0.680153|0|2.30933e+08|2025-07-21|2026-08-05
prod|cohort|VSNT|2026-08-06|147||0|40.06|35.79|11.9307|2.72222|0.231913|0.344833|0.55849|5|0|0|0||15|15|15|9|6|1|0.440157|0|64.2878|0|1.89849|0.0357243|0.0357243|0|0|INTO_SUPPLY|45.65|0.784009|0|5.74591e+07|2026-01-05|2026-08-05
prod|cohort|WPP|2026-08-06|263||0|25.94|20.61|25.8612|3.06062|0.0968335|0|0.362974|59|13|0.403061|0|0.037787|15|12|12|8|4|1|1.30995|0|43.4512|0|5.85241|0.901751|3.44852|0|0|LADDER_CLIMBING|29.71|0.693706|0|6.66686e+06|2025-07-21|2026-08-05
prod|cohort|ZVRA|2026-08-06|263||0|11.305|10.53|7.35992|5.16142|0.203806|0.5779|0.36817|8|2|0.865469|1||6|4|4|1|3|0|2.15082|0|21.8511|1|6.00389|2.50693|2.54546|1|0|INTO_SUPPLY|15.035|0.700366|0|1.27907e+07|2025-07-21|2026-08-05
prod|cohort|AAOI|2026-08-07|264||0|142.48|124.22|14.6997|11.1825|0.291708|0.593125|0.369768|22|3|0|0||13|7|7|1|6|2|0.611945|0|57.4114|0|4.78378|1.01832|1.06|1|0|INTO_SUPPLY|233.67|0.531604|0|9.50691e+08|2025-07-21|2026-08-06
prod|cohort|ABNB|2026-08-07|264||0|164.7|151.64|8.6125|2.5405|0|0|0.0125934|13|3|0|0||1|1|1|1|0|0||1|54.0404|0|4.08012|0.404726|0.772524|0|0|CLEAR_AIR|156.5|0.968946|1|4.69304e+08|2025-07-21|2026-08-06
prod|cohort|ACMR|2026-08-07|264||0|92.55|78.98|17.1816|8.38231|0.0969331|0.391581|0.17798|36|6|0|0||7|5|5|1|4|1|0.372527|0|26.9137|1|4.47091|0.109226|0.198859|0|1|INTO_SUPPLY|127.19|0.620961|0|7.67928e+07|2025-07-21|2026-08-06
prod|cohort|AKAM|2026-08-07|264||0|123.996|118.55|4.59384|4.43254|0.203535|0.62866|0.254489|9|2|0|0||10|8|8|0|8|4|0.462776|0|44.9537|0|3.34923|0.0959468|0.0959468|0|0|INTO_SUPPLY|165.45|0.716531|0|3.64517e+08|2025-07-21|2026-08-06
prod|cohort|AU|2026-08-07|264||0|96.29|87.59|9.93264|3.49162|0.237674|0.0539715|0.384044|67|16|3.05174|0|0.785197|18|15|15|5|10|2|0.267691|0|58.8332|0|4.9321|1.05072|2.34516|1|0|INTO_SUPPLY|129.14|0.678256|0|1.78159e+08|2025-07-21|2026-08-06
prod|cohort|AUGO|2026-08-07|264||0|69.92|65.63|6.53664|5.63609|0.349238|0.243813|0.438092|39|4|0|0||13|10|10|2|8|2|0.284209|0|82.1664|0|5.05235|0.244508|1.09021|0|0|INTO_SUPPLY|110.321|0.5949|0|4.23403e+07|2025-07-21|2026-08-06
prod|cohort|AXTI|2026-08-07|264||0|79.14|75.17|5.28136|14.4116|0.214237|0.446135|0.243762|15|5|0|0||6|5|5|0|5|1|0.360348|0|47.4644|0|5.00782|1.0259|1.06284|1|0|INTO_SUPPLY|143.16|0.525077|0|4.25581e+08|2025-07-21|2026-08-06
prod|cohort|CART|2026-08-07|264||0|50|45.03|11.0371|3.12188|0.0173911|0|0.209619|14|4|0.358759|1||8|6|6|6|0|0||1|46.7651|0|3.20673|0.147801|0.314699|0|0|INTO_SUPPLY|53.5|0.841682|0|1.51782e+08|2025-07-21|2026-08-06
prod|cohort|CENX|2026-08-07|264||0|47.85|45.95|4.13493|4.48585|0.381077|0.481782|0.457528|29|7|0.470538|0|1.49081|17|14|14|2|12|2|0.8479|0|72.9565|0|2.79151|0.541177|0.994914|0|0|INTO_SUPPLY|70.43|0.652421|0|7.1529e+07|2025-07-21|2026-08-06
prod|cohort|CLRO|2026-08-07|254||0|10.67|9.8|8.87755|21.0864|0.349803|0.356724|0.440883|20|1|0|0||1|0|0|0|0|0||1|100|0|5.70206|5.25788|5.25788|1|0|CLEAR_AIR|16.5|0.593939|0|423464|2025-07-21|2026-08-06
prod|cohort|COHR|2026-08-07|264||0|360.02|334.22|7.71947|8.27863|0.12584|0.525945|0.19283|32|5|0|0||10|7|7|3|4|2|0.160377|0|64.5287|0|4.74749|0.966713|1.41049|0|0|IFFY_AT_FIRST_ZONE|440|0.759591|0|1.40052e+09|2025-07-21|2026-08-06
prod|cohort|CRML|2026-08-07|264||0|6.99|6.55|6.71756|8.28966|0.895825|0.761319|0.919823|23|3|2.32118|0|0.655798|29|21|21|0|21|3|0.189836|0|49.1199|0|3.20521|0|0|0|0|IFFY_AT_FIRST_ZONE|32.15|0.203733|0|3.64157e+07|2025-07-21|2026-08-06
prod|cohort|CRSR|2026-08-07|264||0|12.682|10.61|19.5287|5.76531|0.0117226|0.0315715|0.134303|15|1|0|0||3|1|1|0|1|1|0.571697|0|43.9412|0|3.14176|0.544229|0.544229|0|0|INTO_SUPPLY|13.1|0.809924|0|1.43465e+07|2025-07-21|2026-08-06
prod|cohort|CTEV|2026-08-07|264||0|29.135|26.84|8.55067|8.89216|0.575825|0.354831|0.624011|10|3|0.690925|0|9.25801|26|21|21|4|17|3|0.93603|0|52.422|0|4.06499|0.297904|0.297904|0|0|INTO_SUPPLY|74.0699|0.36236|0|1.87591e+06|2025-07-21|2026-08-06
prod|cohort|DCH|2026-08-07|126||0|6.21|5.67|9.52381|4.46531|0.441639|0.370447|0.732936|15|2|0.901565|0|6.4552|13|7|7|1|6|0|1.96541|0|53.0777|0|2.79437|0|0|0|0|LADDER_CLIMBING|9.25|0.612973|0|1.64113e+07|2026-02-05|2026-08-06
prod|cohort|DOCS|2026-08-07|264||0|38.865|20.66|88.1171|4.09927|0.339119|0|0.830647|14|4|3.13837|0|12.1612|25|19|19|7|12|0|2.04936|0|84.5526|0|1.68833|0|0|0|0|LADDER_CLIMBING|76.51|0.27003|0|5.66206e+07|2025-07-21|2026-08-06
prod|cohort|DV|2026-08-07|264||0|13.23|11.71|12.9804|3.70241|0.126973|0|0.246149|19|4|1.2045|0|1.87821|7|6|6|3|3|0|5.90002|0|31.3402|0|3.84484|0.288101|0.375063|0|0|LADDER_CLIMBING|16.82|0.696195|0|2.10933e+07|2025-07-21|2026-08-06
prod|cohort|FIGS|2026-08-07|264||0|15.2|11.24|35.2313|4.84527|0.118642|0|0.507457|12|5|0.0339452|0|1.1745|17|17|17|11|6|4|0.515967|0|53.5806|0|3.99587|0|0|0|0|INTO_SUPPLY|17.48|0.643021|0|2.72646e+07|2025-07-21|2026-08-06
prod|cohort|FLR|2026-08-07|264||0|54.52|48.75|11.8359|3.65394|0.0288689|0.00256142|0.275461|15|1|0.356403|0|0.135533|12|7|7|6|1|1|0.135533|0|47.2495|0|3.50756|0|0|0|0|IFFY_AT_FIRST_ZONE|57.5|0.847826|0|1.05405e+08|2025-07-21|2026-08-06
prod|cohort|FNKO|2026-08-07|264||0|6.905|5.28|30.7765|5.16887|0|0|0.149729|8|1|0|0||7|3|3|3|0|0||1|59.2527|0|3.56297|0.10309|0.136504|0|0|CLEAR_AIR|6.58|0.802432|1|4.0198e+06|2025-07-21|2026-08-06
prod|cohort|FOXF|2026-08-07|264||0|21.23|18.86|12.5663|4.84149|0.250493|0|0.355153|15|3|0.697768|1|1.95866|19|12|12|2|10|0|1.79015|0|55.1529|0|2.20865|0.252448|0.252448|0|0|INTO_SUPPLY|31.18|0.604875|0|8.3528e+06|2025-07-21|2026-08-06
prod|cohort|FRD|2026-08-07|264||0|40.41|37.72|7.1315|6.78992|0|0|0.0135141|7|2|0|0||2|2|2|2|0|0||1|36.3235|0|2.12556|0.0562127|0.0562127|0|0|CLEAR_AIR|39.07|0.965447|1|2.03289e+06|2025-07-21|2026-08-06
prod|cohort|FROG|2026-08-07|264||0|96.255|83.04|15.914|6.40741|0.00367581|0.0136109|0.122508|13|4|0|0||7|5|5|3|2|2|0.0802601|0|49.0823|0|3.29522|0|0|0|0|IFFY_AT_FIRST_ZONE|99.22|0.836928|0|1.67672e+08|2025-07-21|2026-08-06
prod|cohort|GFI|2026-08-07|264||0|40.95|37.34|9.66792|3.03815|0.482889|0.0552566|0.694731|73|12|4.31051|0|0.562645|20|16|16|2|14|3|0.329549|0|79.9085|0|6.12999|1.82377|3.05477|1|0|INTO_SUPPLY|61.64|0.605775|0|1.07177e+08|2025-07-21|2026-08-06
prod|cohort|GRDN|2026-08-07|264||0|43.15|39.47|9.32354|3.83291|0.0151683|0.0600222|0.180374|7|1|0|0||6|5|5|3|2|2|0.151158|0|30.888|0|1.55818|0|0|0|0|IFFY_AT_FIRST_ZONE|44|0.897045|0|1.01696e+07|2025-07-21|2026-08-06
prod|cohort|GRPN|2026-08-07|264||0|27.51|25.15|9.3837|7.48388|0.117314|0.117619|0.199794|6|1|0|0||6|3|3|0|3|3|0.233144|0|67.4595|0|1.43182|0|0|0|0|IFFY_AT_FIRST_ZONE|43.08|0.583798|0|3.73209e+07|2025-07-21|2026-08-06
prod|cohort|GTLB|2026-08-07|264||0|37.545|35.68|5.22702|5.77184|0.371023|0|0.427098|19|4|0.161511|0|1.84815|19|13|13|2|11|2|0.509913|0|41.178|0|3.21642|0.177243|0.461397|0|0|INTO_SUPPLY|52.38|0.681176|0|1.23277e+08|2025-07-21|2026-08-06
prod|cohort|HALO|2026-08-07|264||0|90|85.76|4.94403|2.82834|0|0|0.000370199|8|2|0|0||0|0|0|0|0|0||1|54.8531|0|3.72603|0|0|0|0|CLEAR_AIR|86|0.997209|1|1.25736e+08|2025-07-21|2026-08-06
prod|cohort|HASI|2026-08-07|264||0|39.78|38.24|4.0272|2.40824|0.129054|0.274353|0.257335|8|1|0|0||10|9|9|4|5|1|0.240084|0|38.4554|0|1.35346|0.133432|0.133432|0|0|IFFY_AT_FIRST_ZONE|44.13|0.866531|0|3.11009e+07|2025-07-21|2026-08-06
prod|cohort|HBB|2026-08-07|264||0|28.46|27|5.40741|6.09954|0|0|0.0031454|10|1|0|0||0|0|0|0|0|0||1|96.1983|0|3.67957|0|0|0|0|CLEAR_AIR|27.94|0.966356|1|607042|2025-07-21|2026-08-06
prod|cohort|HMY|2026-08-07|264||0|20.01|18.05|10.8587|2.97434|0.211906|0|0.367261|77|8|2.15066|0|1.59619|11|9|9|7|2|0|4.9902|0|68.5767|0|7.94444|1.51374|3.98942|1|0|LADDER_CLIMBING|26.06|0.692632|0|4.17009e+07|2025-07-21|2026-08-06
prod|cohort|HYMC|2026-08-07|264||0|26.43|23.8|11.0504|6.54795|0.589402|0.36786|0.67578|33|9|1.38742|0|1.77046|17|14|14|1|13|0|1.77046|0|64.4236|0|4.27585|0.812774|1.52707|0|0|LADDER_CLIMBING|58.7299|0.405245|0|3.19765e+07|2025-07-21|2026-08-06
prod|cohort|IAG|2026-08-07|264||0|17.25|16.03|7.61073|3.92773|0.265656|0.184086|0.392105|40|8|0.752731|0|6.90741|16|16|16|3|13|3|0.974122|0|65.8252|0|3.63467|0.533284|1.21692|0|0|INTO_SUPPLY|24.87|0.644552|0|7.36775e+07|2025-07-21|2026-08-06
prod|cohort|ICUI|2026-08-07|264||0|182.35|166.37|9.6051|2.95665|0|0|0.0314931|14|2|0|0||1|0|0|0|0|0||1|43.3207|0|3.97439|0.196908|0.359485|0|0|CLEAR_AIR|176.27|0.943836|1|5.15909e+07|2025-07-21|2026-08-06
prod|cohort|INOD|2026-08-07|264||0|75.92|65.48|15.9438|6.36823|0.265496|0.628933|0.405289|17|2|0|0||15|8|8|4|4|1|0.340286|0|80.5379|0|3.78702|0.0367131|0.0367131|0|0|INTO_SUPPLY|125.14|0.523254|0|5.65114e+07|2025-07-21|2026-08-06
prod|cohort|KRT|2026-08-07|264||0|44.81|42.37|5.75879|3.31637|0|0|0.00394208|18|3|0|0||0|0|0|0|0|0||1|44.7615|0|3.20718|0.137339|0.137339|0|0|CLEAR_AIR|43|0.985349|1|4.71911e+06|2025-07-21|2026-08-06
prod|cohort|MCHP|2026-08-07|264||0|81.35|74.36|9.40022|4.41572|0.292139|0.797279|0.46282|28|5|0.807308|0|4.74085|17|12|12|4|8|2|0.0222427|0|74.9375|0|3.9682|0.535902|0.535902|0|0|IFFY_AT_FIRST_ZONE|105.91|0.702106|0|8.66993e+08|2025-07-21|2026-08-06
prod|cohort|MITK|2026-08-07|264||0|20.498|16.81|21.9393|4.61782|0.00368404|0.0118818|0.176293|17|2|0|0||7|5|5|4|1|1|0.00211291|0|49.5693|0|3.89565|0|0|0|0|IFFY_AT_FIRST_ZONE|21.05|0.798575|0|9.96908e+06|2025-07-21|2026-08-06
prod|cohort|MTW|2026-08-07|264||0|17.14|14.21|20.6193|3.96896|0|0|0.107728|13|0|0|0||6|5|5|5|0|0||1|32.9634|0|3.37857|0|0|0|0|CLEAR_AIR|15.56|0.913239|1|2.85291e+06|2025-07-21|2026-08-06
prod|cohort|NET|2026-08-07|264||0|318|284.43|11.8026|5.31388|0|0|0.0164173|17|0|0|0||1|0|0|0|0|0||1|65.3631|0|2.70654|0|0|0|0|CLEAR_AIR|305|0.932557|1|8.44115e+08|2025-07-21|2026-08-06
prod|cohort|NTRA|2026-08-07|264||0|320.9|265.38|20.9209|4.06462|0|0|0.0788738|10|1|0|0||4|3|3|3|0|0||1|47.4926|0|2.12948|0|0|0|0|CLEAR_AIR|288.04|0.92133|1|2.5903e+08|2025-07-21|2026-08-06
prod|cohort|OMDA|2026-08-07|264||0|20.705|19.54|5.96213|4.7161|0.205796|0.333669|0.261915|10|2|0.030723|0|1.05994|18|14|14|4|10|2|0.506929|0|66.3068|0|4.94173|0.133594|0.16272|0|0|INTO_SUPPLY|26.915|0.725989|0|2.57146e+07|2025-07-21|2026-08-06
prod|cohort|ONTO|2026-08-07|264||0|300|268.7|11.6487|7.16714|0.111872|0.371691|0.24182|36|5|0|0||11|8|8|2|6|4|0.0465086|0|42.4722|0|4.13224|0.486409|0.551002|0|0|IFFY_AT_FIRST_ZONE|386.46|0.695285|0|3.02042e+08|2025-07-21|2026-08-06
prod|cohort|PBYI|2026-08-07|264||0|8.15|8.12|0.369458|4.63543|0.0349437|0.226777|0.0399805|3|1|0|0||6|5|5|0|5|4|0.211759|0|28.2216|1|2.40601|0|0|0|1|IFFY_AT_FIRST_ZONE|8.75|0.928|0|2.2845e+06|2025-07-21|2026-08-06
prod|cohort|PCLA|2026-08-07|264||0|7.46|6.85|8.90511|13.4085|0.340189|0.102603|0.423927|14|4|2.25838|0|12.6065|18|18|18|1|17|2|0.339907|0|58.0998|0|3.13234|0.428794|0.428794|0|0|INTO_SUPPLY|27|0.253704|0|321914|2025-07-21|2026-08-06
prod|cohort|PHR|2026-08-07|264||0|12.6|11.42|10.3327|3.91742|0.416482|0|0.558876|11|3|0.506489|0|3.95061|25|22|22|3|19|3|0.283634|0|22.2062|1|4.02807|0.320932|0.408353|0|1|INTO_SUPPLY|32.76|0.348596|0|7.15345e+06|2025-07-21|2026-08-06
prod|cohort|PRAA|2026-08-07|264||0|20.33|18.15|12.011|3.87889|0.0474699|0|0.131427|13|3|0|0||9|9|9|6|3|0|1.76266|0|44.0866|0|2.95479|0|0|0|0|LADDER_CLIMBING|22.55|0.804878|0|5.7447e+06|2025-07-21|2026-08-06
prod|cohort|PSIX|2026-08-07|264||0|40.06|33.02|21.3204|6.89626|0.841724|0.313449|0.955772|16|2|4.84319|0|2.86682|31|22|22|5|17|3|0.25881|0|74.5213|0|4.5441|0.649958|0.649958|0|0|INTO_SUPPLY|121.78|0.271145|0|1.296e+07|2025-07-21|2026-08-06
prod|cohort|PUBM|2026-08-07|264||0|17.36|13.48|28.7834|3.85171|0|0|0.0229069|9|1|0|0||3|3|3|3|0|0||1|59.7612|0|2.6927|0|0|0|0|CLEAR_AIR|14.04|0.960114|1|5.57437e+06|2025-07-21|2026-08-06
prod|cohort|QNST|2026-08-07|264||0|19.69|15.22|29.3693|3.94691|0|0|0.232542|9|2|0|0||13|8|8|8|0|0||1|20.9306|1|3.47339|0.0655108|0.0981186|0|1|CLEAR_AIR|18.02|0.844617|1|1.07226e+07|2025-07-21|2026-08-06
prod|cohort|RDW|2026-08-07|264||0|12.42|11.83|4.98732|8.0769|0.352378|0.708218|0.390917|20|3|0.0697802|0|5.59238|12|8|8|2|6|4|0.0348901|0|69.6995|0|5.67871|0.600802|0.806295|0|0|IFFY_AT_FIRST_ZONE|26.64|0.444069|0|1.44522e+08|2025-07-21|2026-08-06
prod|cohort|ROAD|2026-08-07|264||0|110.2|100.16|10.024|4.41892|0.59291|0.332126|0.946281|15|1|0.236157|0|1.39846|26|17|17|4|13|3|0.137587|0|55.3561|0|1.7314|0|0|0|0|IFFY_AT_FIRST_ZONE|151|0.663311|0|8.47755e+07|2025-07-21|2026-08-06
prod|cohort|SEI|2026-08-07|264||0|57.93|57.01|1.61375|8.45673|0.301248|0.777223|0.314407|11|0|0|0||14|12|12|0|12|3|0.381712|0|47.9394|0|4.62825|0.230472|0.230472|0|0|INTO_SUPPLY|86.19|0.661446|0|2.18884e+08|2025-07-21|2026-08-06
prod|cohort|SENS|2026-08-07|264||0|5.76|5.15|11.8447|4.5936|0.659601|0.381627|0.900825|5|0|0|0||32|25|25|1|24|3|0.391169|0|45.6504|0|2.33707|0|0|0|0|INTO_SUPPLY|12.51|0.411671|0|2.17295e+06|2025-07-21|2026-08-06
prod|cohort|SPT|2026-08-07|264||0|9.61|8.19|17.3382|5.47727|0.409094|0|0.503824|15|4|0.0284973|0|0.826421|24|17|17|4|13|2|0.826421|0|41.8933|0|3.23328|0.560623|0.715776|0|0|INTO_SUPPLY|19.51|0.419785|0|7.75678e+06|2025-07-21|2026-08-06
prod|cohort|TE|2026-08-07|264||0|5.8|5.55|4.5045|11.516|0.641553|0.785651|0.671875|11|1|0|0||18|15|15|0|15|4|0|0|71.1951|0|3.80606|0.629116|0.629116|0|0|IFFY_AT_FIRST_ZONE|12.49|0.444355|0|2.41691e+08|2025-07-21|2026-08-06
prod|cohort|TEAM|2026-08-07|264||0|145.135|110.17|31.7373|6.31278|0.258821|0|0.340454|24|6|0.137524|0|4.89683|16|13|13|2|11|0|2.15072|0|29.6421|1|5.3551|0.412523|0.527|0|1|LADDER_CLIMBING|206|0.534806|0|3.58676e+08|2025-07-21|2026-08-06
prod|cohort|TILE|2026-08-07|264||0|37.75|35.1|7.54986|2.78179|0|0|0.0378656|18|3|0|0||4|2|2|2|0|0||1|44.7372|0|3.34648|0.314781|0.822277|0|0|CLEAR_AIR|36.658|0.957499|1|1.18142e+07|2025-07-21|2026-08-06
prod|cohort|TWLO|2026-08-07|264||0|235.25|193.2|21.765|4.88163|0.00186912|0.00946062|0.139258|21|2|0|0||11|11|11|10|1|1|0.281252|0|59.0112|0|2.47023|0.000110694|0.000110694|0|0|INTO_SUPPLY|238.48|0.810131|0|3.34626e+08|2025-07-21|2026-08-06
prod|cohort|ULBI|2026-08-07|264||0|6.1|5.32|14.6617|4.5821|0.713458|0.606268|0.952768|7|0|0|0||32|32|32|9|23|4|0.536657|0|68.5728|0|1.43579|0|0|0|0|INTO_SUPPLY|9.52|0.558824|0|162418|2025-07-21|2026-08-06
prod|cohort|UUUU|2026-08-07|264||0|13.87|12.9|7.51938|6.21017|0.792179|0.690751|0.827003|21|2|0|0||26|19|19|2|17|3|0.417948|0|70.3105|0|2.96266|0.29157|0.367008|0|0|INTO_SUPPLY|27.9|0.462366|0|7.89545e+07|2025-07-21|2026-08-06
prod|cohort|VATE|2026-08-07|264||0|11.04|7.41|48.9879|9.0063|0.375001|0.653519|0.578806|4|0|0|0||12|9|9|3|6|0|2.36187|0|53.3418|0|2.36561|0|0|0|0|LADDER_CLIMBING|21.3|0.347887|0|717147|2025-07-21|2026-08-06
prod|cohort|WLDN|2026-08-07|264||0|85.965|73.69|16.6576|4.22517|0.664461|0.499573|0.932445|15|1|3.61492|0|4.34589|26|24|24|7|17|0|1.86971|0|58.8101|0|2.87463|0.382723|0.382723|0|0|LADDER_CLIMBING|137|0.537883|0|1.58563e+07|2025-07-21|2026-08-06
prod|cohort|YELP|2026-08-07|264||0|27.11|25.04|8.26677|4.2121|0.482484|0.0371686|0.606423|15|1|0.175147|0|0.91952|26|22|22|0|22|3|0.148875|0|37.6187|0|3.09077|0.107873|0.107873|0|0|IFFY_AT_FIRST_ZONE|35.39|0.707545|0|2.45304e+07|2025-07-21|2026-08-06
prod|cohort|ABCL|2026-08-10|265||0|8.76|6.93|26.4069|7.49887|0|0|0.0551759|15|1|0|0||2|2|1|1|0|0||1|82.0634|0|3.90984|0|0|0|0|CLEAR_AIR|8.44|0.82109|1|2.67405e+07|2025-07-21|2026-08-07
prod|cohort|ABTC|2026-08-10|234||0|7.35|6.47|13.6012|10.1717|0.652038|0.507596|0.830295|22|4|34.9107|0|22.4712|26|18|18|1|17|0|3.86559|0|34.2394|0|2.2495|0.0519672|0.0519672|0|0|LADDER_CLIMBING|84.6585|0.0764247|0|7.83933e+06|2025-09-03|2026-08-07
prod|cohort|ACHR|2026-08-10|265||0|6.41|5.59|14.6691|6.75871|0.696982|0.183576|0.837477|15|1|0|0||30|25|25|4|21|2|0.173117|0|30.4974|0|3.21394|0.0333237|0.0333237|0|0|IFFY_AT_FIRST_ZONE|14.62|0.382353|0|1.42773e+08|2025-07-21|2026-08-07
prod|cohort|ALOY|2026-08-10|114||0|13.055|12.27|6.39772|11.709|0.35761|0.397862|0.423677|5|2|0.0981934|0|4.9293|8|7|7|0|7|4|0.284571|0|73.5884|0|5.10187|0.0897981|0.0897981|0|0|INTO_SUPPLY|26.9|0.456134|0|2.35995e+07|2026-02-25|2026-08-07
prod|cohort|BWMN|2026-08-10|265||0|42.35|27.23|55.527|4.36471|0.0719079|0|0.897606|11|1|0|0||33|23|23|20|3|2|1.18477|0|31.0332|0|1.63743|0|0|0|0|LADDER_CLIMBING|45.83|0.594152|0|3.72023e+06|2025-07-21|2026-08-07
prod|cohort|CLRO|2026-08-10|255||0|10.64|10.17|4.62144|20.9445|0.352776|0.359577|0.40539|20|1|0|0||1|0|0|0|0|0||1|100|0|6.08775|5.29349|5.29349|1|0|CLEAR_AIR|16.5|0.616364|0|423464|2025-07-21|2026-08-07
prod|cohort|FCUV|2026-08-10|265||0|5.31|5.2|2.11538|22.0226|0.746141|0.730713|0.758485|18|8|10.1933|0|1.56491|26|20|20|0|20|0|8.93621|0|70.1776|0|18.4071|15.5788|16.071|1|0|CLEARED_NOTHING|210|0.0247619|0|57039.7|2025-07-21|2026-08-07
prod|cohort|HZO|2026-08-10|265||0|51.885|35.68|45.4176|4.82895|0|0|0.0363268|9|1|0|0||6|6|6|6|0|0||1|65.566|0|2.0107|0|0|0|0|CLEAR_AIR|38.14|0.935501|1|1.0211e+07|2025-07-21|2026-08-07
prod|cohort|INHD|2026-08-10|229||0|6.28|5.145|22.0603|31.0284|0.751168|0.740176|0.776154|9|3|5.30745|0|19.0344|27|13|13|0|13|0|17.3049|0|55.5891|0|93.8535|0|0|0|0|CLEARED_NOTHING|7651.2|0.000672444|0|157267|2025-07-21|2026-08-07
prod|cohort|NESR|2026-08-10|265||0|32|29.02|10.2688|4.84138|0|0|0.0236237|14|4|0|0||3|3|3|3|0|0||1|28.3779|1|3.42767|0.0223059|0.0223059|0|1|CLEAR_AIR|30.31|0.95744|1|4.66077e+07|2025-07-21|2026-08-07
prod|cohort|NXTC|2026-08-10|265||0|6.16|5.84|5.47945|20.5491|0.777693|0.798817|0.865539|10|2|0|0||25|25|25|2|23|3|0.2054|0|42.1501|0|1.6142|0.0249956|0.0249956|0|0|IFFY_AT_FIRST_ZONE|15.7399|0.371032|0|1.82577e+06|2025-07-21|2026-08-07
prod|cohort|RNA|2026-08-10|264||0|12.25|12.34|-0.729335|3.23026|0.994631|0.725018|0.99352|6|3|190.166|0|11.4226|16|14|14|0|14|3|0.252713|0|71.4385|0|3.10376|0|0|0|0|INTO_SUPPLY|73.06|0.168902|0|1.3618e+06|2025-07-21|2026-08-07
prod|cohort|SLN|2026-08-10|265||0|16.7|11.95|39.749|7.90253|0|0|0.00692064|1|0|0|0||1|1|1|1|0|0||1|21.3073|1|1.74616|0|0|0|1|CLEAR_AIR|12.305|0.97115|1|5.61129e+06|2025-07-21|2026-08-07
prod|cohort|STDN|2026-08-10|17||1|8.85|8.44|4.85782|11.3069|0.568481|0.568481|0.645509|0|0|0|0||1|1|1|1|0|0||1|14.3272|1|2.49313|0|0|0|1|CLEAR_AIR|13.98|0.60372|0|8.54825e+06|2026-07-16|2026-08-07
prod|cohort|STI|2026-08-10|265||0|7.74|7.21|7.3509|9.35232|0.733552|0.9808|0.787606|11|4|2.99778|0|8.78611|16|11|11|3|8|2|0.359181|0|50.5706|0|1.8716|0|0|0|0|INTO_SUPPLY|46|0.156739|0|692745|2025-07-21|2026-08-07
prod|cohort|TH|2026-08-10|265||0|15.53|16.51|-5.9358|5.02919|0.400566|0.930496|0.325068|15|2|0|0||5|5|5|0|5|0|2.03576|0|53.5664|0|3.05715|0|0|0|0|CLEARED_NOTHING|20.85|0.791847|0|1.51321e+07|2025-07-21|2026-08-07
prod|cohort|VREX|2026-08-10|265||0|18.39|12.41|48.1869|4.06318|0|0|0.161186|10|2|0|0||12|12|12|12|0|0||1|39.8298|0|3.9796|0.263928|0.263928|0|0|CLEAR_AIR|14.565|0.852043|1|3.59182e+06|2025-07-21|2026-08-07
prod|cohort|ACVA|2026-08-11|266||0|8.22|7.26|13.2231|5.19713|0.30036|0.00529957|0.468137|12|2|2.49295|0|9.33979|18|17|17|4|13|3|0.362824|0|54.7538|0|2.31494|0.0622295|0.0622295|0|0|INTO_SUPPLY|15.315|0.474045|0|2.19034e+07|2025-07-21|2026-08-10
prod|cohort|AP|2026-08-11|266||0|9.4|8.67|8.41984|6.84473|0.190948|0.462453|0.305328|9|3|0|0||12|7|7|0|7|3|0.233135|0|54.3009|0|2.56281|0.0279613|0.0279613|0|0|IFFY_AT_FIRST_ZONE|12.81|0.676815|0|974017|2025-07-21|2026-08-10
prod|cohort|APEI|2026-08-11|266||0|50.35|47.39|6.24604|5.87283|0.394543|0.799718|0.440921|4|0|0|0||12|11|11|0|11|4|0.622259|0|96.5965|0|2.23695|0|0|0|0|INTO_SUPPLY|61.59|0.769443|0|1.56808e+07|2025-07-21|2026-08-10
prod|cohort|BW|2026-08-11|266||0|11.86|8.88|33.5586|8.15134|0.359648|0.617304|0.54003|16|4|0.28963|0|1.94466|17|13|13|4|9|1|0.548229|0|44.0411|0|3.97703|0.0451026|0.0451026|0|0|INTO_SUPPLY|22.03|0.403087|0|2.87646e+07|2025-07-21|2026-08-10
prod|cohort|CAPL|2026-08-11|266||0|22.85|22.6|1.10619|2.32886|0.0279579|0.0769248|0.0821382|8|0|0|0||5|5|5|1|4|4|0.131543|0|88.7388|0|2.71073|0.270668|0.270668|0|0|IFFY_AT_FIRST_ZONE|23.34|0.968295|0|676334|2025-07-21|2026-08-10
prod|cohort|CODI|2026-08-11|266||0|12.24|11.08|10.4693|3.87666|0.00543796|0.00142447|0.0839777|8|1|0|0||8|8|8|6|2|2|0.0842987|0|54.27|0|2.99656|0|0|0|0|IFFY_AT_FIRST_ZONE|12.64|0.876582|0|5.60358e+06|2025-07-21|2026-08-10
prod|cohort|ELOX|2026-08-11|111||0|18.39|17|8.17647|13.5337|0.0218949|0.0222874|0.0916628|19|5|0|0||2|1|1|0|1|1|0.388935|0|26.4545|1|3.61671|0.022278|0.022278|0|1|INTO_SUPPLY|19.358|0.87819|0|667166|2025-09-25|2026-08-10
prod|cohort|FENC|2026-08-11|266||0|12.16|10.94|11.1517|5.93215|0|0|0.0269364|6|1|0|0||3|0|0|0|0|0||1|61.8421|0|3.32994|0.0622041|0.0622041|0|0|CLEAR_AIR|11.66|0.93825|1|1.23513e+06|2025-07-21|2026-08-10
prod|cohort|FF|2026-08-11|266||0|6.59|5.16|27.7132|4.6562|0|0|0.0190513|5|0|0|0||2|2|2|2|0|0||1|85.282|0|2.61911|0|0|0|0|CLEAR_AIR|5.4|0.955556|1|1.25633e+06|2025-07-21|2026-08-10
prod|cohort|FRMI|2026-08-11|215||0|7.07|5.88|20.2381|9.13668|0.471255|0.330661|0.770038|12|2|3.10389|0|7.70942|21|20|20|4|16|2|0.735336|0|26.6133|1|2.98022|0|0|0|1|INTO_SUPPLY|36.9899|0.158962|0|9.80008e+07|2025-10-01|2026-08-10
prod|cohort|NBTX|2026-08-11|266||0|39.27|36.18|8.54063|5.94013|0.163821|0.387928|0.30551|51|10|0.393966|0|3.21303|11|7|7|1|6|5|0.505854|0|62.1339|0|1.79364|0.261863|0.261863|0|0|INTO_SUPPLY|57.14|0.633182|0|4.92182e+06|2025-07-21|2026-08-10
prod|cohort|NIQ|2026-08-11|264||0|13.71|11.68|17.3801|4.34806|0.486489|0|0.612815|6|1|0|0||18|13|13|3|10|1|0.385661|0|35.6904|0|3.06385|0|0|0|0|INTO_SUPPLY|20.39|0.57283|0|1.6007e+07|2025-07-23|2026-08-10
prod|cohort|PIII|2026-08-11|265||0|12.7|12.83|-1.01325|8.1149|0.170444|0.185416|0.156612|14|3|0|0||4|3|3|0|3|1|1.46518|0|89.918|0|4.24433|0|0|0|0|CLEARED_NOTHING|16.89|0.759621|0|184894|2025-07-21|2026-08-10
prod|cohort|QMCO|2026-08-11|266||0|14.52|11.78|23.2598|9.84555|0.057504|0.189283|0.271251|17|0|0|0||7|5|5|4|1|1|1.38503|0|33.9855|0|1.41043|0|0|0|0|LADDER_CLIMBING|18.48|0.637446|0|8.47187e+06|2025-07-21|2026-08-10
prod|cohort|RIOT|2026-08-11|266||0|23.57|19.4|21.4948|9.36411|0.0959729|0.515512|0.27802|16|2|0|0||17|13|13|5|8|5|0.0910689|0|36.3658|0|2.79276|0|0|0|0|IFFY_AT_FIRST_ZONE|30.32|0.639842|0|3.54617e+08|2025-07-21|2026-08-10
prod|cohort|RNW|2026-08-11|266||0|6.76|6.13|10.2773|2.72996|0.346579|0|0.540695|7|3|4.40109|1|5.9335|15|15|15|6|9|0|4.6601|0|45.0927|0|1.78107|0|0|0|0|INTO_SUPPLY|8.2399|0.743941|0|6.14364e+06|2025-07-21|2026-08-10
prod|cohort|RPD|2026-08-11|266||0|12.825|11.61|10.4651|7.76443|0.300777|0.0167116|0.355761|12|5|0.853595|0|4.07215|18|14|14|1|13|2|0.497094|0|51.4919|0|2.88516|0.458049|0.5448|0|0|INTO_SUPPLY|23.26|0.49914|0|2.53106e+07|2025-07-21|2026-08-10
prod|cohort|SE|2026-08-11|266||0|127.87|114.8|11.385|3.42017|0.398269|0|0.502541|26|3|0.500781|0|2.18596|20|18|18|4|14|2|0.281248|0|42.3151|0|4.1948|0.421032|0.553235|0|0|INTO_SUPPLY|199.3|0.576016|0|4.76305e+08|2025-07-21|2026-08-10
prod|cohort|VATE|2026-08-11|266||0|7.14|7.13|0.140252|12.1004|0.806148|0.9778|0.806429|6|2|0.395386|0|3.1367|11|9|9|0|9|0|6.79425|0|100|0|5.11252|2.26022|2.37678|1|0|CLEARED_NOTHING|21.3|0.334742|0|717147|2025-07-21|2026-08-10
prod|cohort|WYHG|2026-08-11|266||0|8.03|5.72|40.3846|31.9808|0.578995|0.804586|0.699011|16|1|0|0||7|3|3|3|0|0||1|100|0|5.5746|3.7629|4.31362|1|0|CLEAR_AIR|26.17|0.218571|0|74904|2025-07-21|2026-08-10
prod|cohort|AII|2026-08-12|267||0|24.56|20.19|21.6444|3.63705|0.0279984|0|0.337882|11|0|0|0||13|5|5|5|0|0||1|29.4832|1|4.40405|0|0|0|1|CLEAR_AIR|26.36|0.765933|0|1.60511e+06|2025-07-21|2026-08-11
prod|cohort|ANTX|2026-08-12|267||0|6.09|5.87|3.74787|7.36479|0.102129|0.00786481|0.134329|2|0|0|0||3|1|1|0|1|1|0.379028|0|39.715|0|3.5024|0|0|0|0|INTO_SUPPLY|6.9099|0.849506|0|716590|2025-07-21|2026-08-11
prod|cohort|ATRO|2026-08-12|267||0|84.22|74.91|12.4282|4.68919|0.0132972|0.0652718|0.0775148|14|3|0|0||5|3|3|2|1|1|1.13946|0|61.4838|0|3.78755|0.0104949|0.0104949|0|0|LADDER_CLIMBING|88.72|0.844342|0|3.39204e+07|2025-07-21|2026-08-11
prod|cohort|BE|2026-08-12|267||0|236.71|211.21|12.0733|11.3121|0.18699|0.590907|0.260696|25|5|0.0492962|0|0.571015|13|12|12|0|12|4|0.205136|0|18.8753|1|2.95409|0|0|0|1|IFFY_AT_FIRST_ZONE|351.28|0.601258|0|3.26084e+09|2025-07-21|2026-08-11
prod|cohort|BRUN|2026-08-12|64||0|20.41|18.61|9.67222|10.9124|0.807232|0.815145|0.880178|5|2|0.291843|0|3.1519|8|7|7|0|7|1|1.05063|0|27.9697|1|3.961|0.232933|0.309084|0|1|CLEARED_NOTHING|42|0.443095|0|3.24921e+07|2026-05-11|2026-08-11
prod|cohort|CAVA|2026-08-12|267||0|69.46|60.81|14.2246|5.01147|0.422838|0.633437|0.787336|20|1|0|0||27|23|23|7|16|6|0.117783|0|44.2826|0|1.77084|0|0|0|0|IFFY_AT_FIRST_ZONE|98.79|0.615548|0|2.18058e+08|2025-07-21|2026-08-11
prod|cohort|CRWV|2026-08-12|267||0|108.7|90.32|20.3499|8.25448|0.325066|0.187915|0.611954|45|1|0|0||29|26|26|9|17|5|0.128168|0|25.5896|1|4.55618|0.146496|0.446491|0|1|IFFY_AT_FIRST_ZONE|153.2|0.589557|0|1.85867e+09|2025-07-21|2026-08-11
prod|cohort|DBGI|2026-08-12|245||0|15.72|15.8|-0.506329|28.0863|0.38456|0.871668|0.382991|4|2|0.724775|0|118.021|23|21|21|0|21|0|1.5628|0|11.7854|1|2.21693|0.0312695|0.0312695|0|1|CLEARED_NOTHING|720|0.0219444|0|1.26721e+06|2025-08-20|2026-08-11
prod|cohort|DFTX|2026-08-12|143||0|47.51|40.91|16.133|6.02726|0.0164155|0.0300313|0.296629|4|3|0|0||5|4|4|1|3|3|0.345725|0|100|0|2.01002|0|0|0|0|INTO_SUPPLY|49.7|0.823139|0|7.65332e+07|2026-01-15|2026-08-11
prod|cohort|EROC|2026-08-12|43||0|13.12|11.25|16.6222|10.544|0.658036|0.658036|0.780939|2|0|0|0||5|5|5|1|4|2|0.563841|0|35.3188|0|2.94884|0|0|0|0|INTO_SUPPLY|20.7|0.543478|0|1.58172e+07|2026-06-10|2026-08-11
prod|cohort|GLBE|2026-08-12|267||0|41.06|40.86|0.489476|3.3368|0.0251743|0.0621523|0.0322395|8|1|0|0||3|3|3|0|3|3|0.481721|0|48.4218|0|5.82976|0.32278|0.337392|0|0|INTO_SUPPLY|42.51|0.961186|0|4.54328e+07|2025-07-21|2026-08-11
prod|cohort|HRB|2026-08-12|267||0|54.5|46.67|16.7774|3.81204|0.027345|0|0.232487|15|5|0|0||6|6|6|4|2|2|0.697933|0|31.4323|0|4.42919|0.184695|0.184695|0|0|INTO_SUPPLY|56.76|0.822234|0|7.70625e+07|2025-07-21|2026-08-11
prod|cohort|KRNT|2026-08-12|267||0|19|17.58|8.07736|3.59235|0.0328012|0|0.0472041|7|2|0|0||3|3|3|1|2|1|1.14278|0|53.1066|0|5.35396|0.164607|0.252421|0|0|LADDER_CLIMBING|22.06|0.796917|0|3.13152e+06|2025-07-21|2026-08-11
prod|cohort|LENZ|2026-08-12|267||0|5.93|5.21|13.8196|6.71635|0.868679|0.369167|0.957112|6|4|4.31129|0|3.67305|31|28|28|1|27|3|0.527268|0|31.8599|0|2.46756|0|0|0|0|INTO_SUPPLY|50.4|0.103373|0|4.18009e+06|2025-07-21|2026-08-11
prod|cohort|MRX|2026-08-12|267||0|62.6|59.93|4.4552|4.13917|0.107591|0.513701|0.146436|10|4|0|0||8|8|8|0|8|3|0.428386|0|59.2827|0|2.25553|0|0|0|0|INTO_SUPPLY|71.18|0.84195|0|4.05175e+07|2025-07-21|2026-08-11
prod|cohort|NBIS|2026-08-12|267||0|226|193.23|16.9591|11.0116|0.0861292|0.331694|0.209107|27|4|0.374101|0|0.823344|9|8|8|1|7|4|0.032548|0|16.902|1|3.70751|0.0367351|0.0367351|0|1|IFFY_AT_FIRST_ZONE|299.86|0.644401|0|4.40428e+09|2025-07-21|2026-08-11
prod|cohort|OWLT|2026-08-12|267||0|6.41|5.44|17.8309|6.25825|0.565049|0.0172038|0.761732|6|1|6.63087|0|5.63375|22|13|13|3|10|2|0|0|30.0462|0|1.3567|0|0|0|0|IFFY_AT_FIRST_ZONE|16.94|0.321133|0|577897|2025-07-21|2026-08-11
prod|cohort|PESI|2026-08-12|267||0|18.56|17.45|6.36103|7.87286|0.00129757|0.003214|0.0403024|6|1|0|0||1|1|1|1|0|0||1|46.2909|0|1.81672|0|0|0|0|CLEAR_AIR|18.73|0.93166|0|6.34293e+06|2025-07-21|2026-08-11
prod|cohort|RSKD|2026-08-12|267||0|6.06|5.27|14.9905|2.62219|0|0|0.0395391|7|1|0|0||4|1|1|1|0|0||1|39.1375|0|3.0567|0.0866037|0.0866037|0|0|CLEAR_AIR|5.68|0.927817|1|2.66734e+06|2025-07-21|2026-08-11
prod|cohort|SHAZ|2026-08-12|121||0|61.78|56.58|9.19053|13.369|0.527873|0.621127|0.595028|6|0|0|0||9|9|9|3|6|0|1.70231|0|26.2438|1|4.31484|0.143137|0.143137|0|1|LADDER_CLIMBING|97.48|0.580427|0|1.26818e+08|2026-02-18|2026-08-11
prod|cohort|SMCI|2026-08-12|267||0|34.99|31.6|10.7278|6.7821|0.346851|0.204281|0.549502|32|4|0.522533|0|0.762729|25|22|22|11|11|3|0.375044|0|29.1383|1|2.93424|1.71154|1.82645|1|0|INTO_SUPPLY|62.358|0.506751|0|1.03136e+09|2025-07-21|2026-08-11
prod|cohort|SMWB|2026-08-12|267||0|8|7.25|10.3448|5.76955|0.158611|0|0.260809|12|4|0.0866618|0|0.422476|15|12|12|4|8|0|1.64657|0|29.2555|1|3.48088|0.220443|0.220443|0|1|LADDER_CLIMBING|10.75|0.674419|0|3.90922e+06|2025-07-21|2026-08-11
prod|cohort|VELO|2026-08-12|246||0|17.05|13.69|24.5435|11.0587|0.325343|0.65318|0.533879|14|5|0.20265|0|1.85599|17|11|11|5|6|2|0.106072|0|38.8736|0|4.92139|0.570051|0.570051|0|0|IFFY_AT_FIRST_ZONE|31.75|0.431181|0|1.96231e+07|2025-08-19|2026-08-11
prod|cohort|WYFI|2026-08-12|254||0|27.43|24.22|13.2535|11.8212|0.357117|0.665901|0.498128|18|1|0|0||14|11|11|0|11|6|0.135695|0|16.1296|1|2.50037|0|0|0|1|IFFY_AT_FIRST_ZONE|46.8699|0.51675|0|4.757e+07|2025-08-07|2026-08-11
prod|cohort|ZTG|2026-08-12|81||0|9.26|9.27|-0.107875|20.6433|0.104538|0.118657|0.103871|4|1|0|0||1|1|1|0|1|1|1.18227|0|67.1465|0|8.14704|0.106857|0.106857|0|0|CLEARED_NOTHING|11.52|0.804688|0|1.30712e+06|2026-04-14|2026-08-11
prod|cohort|AEBI|2026-08-13|268||0|13.65|12.99|5.08083|4.29595|0.0956511|0.00560737|0.215956|4|1|0|0||11|10|10|3|7|3|0.0511599|0|26.8937|1|1.77828|0|0|0|1|IFFY_AT_FIRST_ZONE|15.96|0.81391|0|4.21595e+06|2025-07-21|2026-08-12
prod|cohort|AIRO|2026-08-13|268||0|9.93|8.49|16.9611|6.48193|0.550019|0|0.735419|8|1|1.5847|0|19.5291|24|21|21|7|14|5|0.0776813|0|23.7753|1|4.91563|0|0|0|1|IFFY_AT_FIRST_ZONE|25.9|0.327799|0|2.36749e+06|2025-07-21|2026-08-12
prod|cohort|AMBP|2026-08-13|268||0|5.36|5.06|5.92885|4.59499|0.000984055|0.00291066|0.0236088|7|0|0|0||3|2|2|2|0|0||1|19.3288|1|2.14996|0|0|0|1|CLEAR_AIR|5.4299|0.931877|0|1.22353e+07|2025-07-21|2026-08-12
prod|cohort|ARX|2026-08-13|265||0|19.61|13.61|44.0852|6.43694|0.17756|0|0.533782|6|1|0.348574|0|6.96357|20|14|14|13|1|0|8.60741|0|46.9829|0|4.41003|0.0468203|0.0468203|0|0|LADDER_CLIMBING|31.18|0.436498|0|1.74359e+07|2025-07-24|2026-08-12
prod|cohort|AVAH|2026-08-13|268||0|10.09|9.05|11.4917|3.62728|0.00418264|0|0.265938|8|3|0|0||11|9|9|8|1|1|0.628428|0|84.3072|0|2.7423|0|0|0|0|INTO_SUPPLY|10.32|0.876938|0|1.66254e+07|2025-07-21|2026-08-12
prod|cohort|AZ|2026-08-13|268||0|7|6.47|8.19165|7.21993|0.402581|0.0392046|0.561562|5|0|0|0||22|21|21|3|18|5|0.316584|0|76.403|0|3.25757|0|0|0|0|INTO_SUPPLY|11.62|0.556799|0|1.18472e+06|2025-07-21|2026-08-12
prod|cohort|BIRK|2026-08-13|268||0|43.07|36.74|17.2292|4.30207|0.383424|0.503559|0.902488|16|1|0|0||28|26|26|10|16|6|0.172702|0|71.068|0|3.05504|0|0|0|0|IFFY_AT_FIRST_ZONE|53.53|0.686344|0|5.30088e+07|2025-07-21|2026-08-12
prod|cohort|BLSH|2026-08-13|251||0|25|24.63|1.50223|5.71524|0.925901|0.47477|0.935466|22|4|1.06438|0|3.63939|29|23|23|1|22|3|0.0979836|0|28.3817|1|2.1038|0|0|0|1|IFFY_AT_FIRST_ZONE|118|0.208729|0|2.75286e+07|2025-08-13|2026-08-12
prod|cohort|CGEM|2026-08-13|268||0|20.72|19.6|5.71429|5.6928|0|0|0.00218476|7|0|0|0||0|0|0|0|0|0||1|54.5761|0|3.38888|0|0|0|0|CLEAR_AIR|19.94|0.982949|1|9.30918e+06|2025-07-21|2026-08-12
prod|cohort|COLL|2026-08-13|268||0|27.77|25.7|8.05447|4.63189|0.98075|0.913566|0.998233|13|1|1.85808|0|4.08933|22|19|19|0|19|0|6.48383|0|67.4568|0|6.43672|1.44373|1.44373|1|0|CLEARED_NOTHING|50.7866|0.506039|0|1.29776e+07|2025-07-21|2026-08-12
prod|cohort|CRMD|2026-08-13|268||0|8.39|7.1|18.169|4.17354|0.670013|0.396946|0.913766|16|3|4.38371|0|2.92152|25|21|21|8|13|2|0.456934|0|53.7229|0|3.03095|0|0|0|0|INTO_SUPPLY|14.96|0.474599|0|6.64596e+06|2025-07-21|2026-08-12
prod|cohort|DERM|2026-08-13|268||0|7.35|6.43|14.3079|5.10978|0.354377|0.00222734|0.655799|4|1|0|0||28|27|27|7|20|6|0|0|48.0207|0|1.31488|0|0|0|0|IFFY_AT_FIRST_ZONE|9.555|0.672946|0|1.09126e+06|2025-07-21|2026-08-12
prod|cohort|ELMT|2026-08-13|77||0|18.78|16.93|10.9273|6.7493|0.402563|0.427665|0.609741|1|0|0|0||3|3|3|1|2|0|1.68045|0|28.039|1|4.16368|0|0|0|1|LADDER_CLIMBING|22.51|0.75211|0|4.02055e+06|2026-04-23|2026-08-12
prod|cohort|ENS|2026-08-13|268||0|211|186.72|13.0034|3.94724|0.203638|0.620674|0.337669|24|1|0|0||14|13|13|6|7|1|0.0948531|0|40.0043|0|3.19093|0.0541029|0.0916668|0|0|IFFY_AT_FIRST_ZONE|244.3|0.764306|0|8.12747e+07|2025-07-21|2026-08-12
prod|cohort|FOSL|2026-08-13|268||0|5.87|5.27|11.3852|6.97583|0.0120997|0.0496662|0.0592341|9|4|0|0||3|2|2|1|1|1|0.70748|0|21.6501|1|5.74503|0.131297|0.131297|0|1|INTO_SUPPLY|6.1597|0.855561|0|4.15559e+06|2025-07-21|2026-08-12
prod|cohort|HLIT|2026-08-13|268||0|14.48|12|20.6667|4.09744|0.247228|0.570136|0.437193|12|1|0|0||9|7|7|5|2|0|3.38778|0|44.1736|0|3.72394|0.579113|0.579113|0|0|LADDER_CLIMBING|17.68|0.678733|0|1.53945e+07|2025-07-21|2026-08-12
prod|cohort|JACK|2026-08-13|268||0|21.98|18.77|17.1018|6.27447|0.0417398|0|0.327293|18|2|0|0||14|7|7|2|5|4|0.30454|0|39.462|0|4.68753|0.483057|0.662131|0|0|INTO_SUPPLY|25.34|0.740726|0|1.17988e+07|2025-07-21|2026-08-12
prod|cohort|KGEI|2026-08-13|268||0|5.51|5.42|1.66052|4.1545|0.280747|0.187521|0.336963|17|1|0.0436848|0|1.83476|15|13|13|1|12|5|0.393163|0|43.9539|0|2.71083|0.453301|0.453301|0|0|INTO_SUPPLY|6.61|0.81997|0|629070|2025-07-21|2026-08-12
prod|cohort|KURA|2026-08-13|268||0|10.605|9.94|6.69014|4.69735|0.187762|0.367046|0.332252|11|3|0|0||17|12|12|3|9|4|0.34126|0|28.2579|1|3.41697|0.115825|0.115825|0|1|INTO_SUPPLY|12.49|0.795837|0|1.05727e+07|2025-07-21|2026-08-12
prod|cohort|LNSR|2026-08-13|268||0|7.5|6.29|19.2369|4.15506|0.465044|0|0.585352|1|1|5.1343|1||18|15|15|3|12|0|8.92085|0|53.2945|0|5.50104|0|0|0|0|INTO_SUPPLY|13.425|0.468529|0|240323|2025-07-21|2026-08-12
prod|cohort|OMER|2026-08-13|268||0|16.65|13.71|21.4442|5.91828|0.0217484|0|0.140953|12|2|0|0||6|6|6|5|1|1|1.01482|0|25.6938|1|5.27352|0.362444|0.362444|0|1|LADDER_CLIMBING|17.65|0.776771|0|1.60617e+07|2025-07-21|2026-08-12
prod|cohort|RRGB|2026-08-13|268||0|8.5|8.16|4.16667|5.70144|0|0|0.0139369|8|1|0|0||2|2|2|2|0|0||1|62.8119|0|2.9307|0|0|0|0|CLEAR_AIR|8.49|0.961131|1|1.27639e+06|2025-07-21|2026-08-12
prod|cohort|STEM|2026-08-13|268||0|5.75|5.45|5.50459|7.11937|0.982635|0.846631|0.993493|15|3|2.11694|0|10.1133|29|27|27|0|27|1|0.977126|0|71.2477|0|2.5743|0|0|0|0|INTO_SUPPLY|32.23|0.169097|0|705625|2025-07-21|2026-08-12
prod|cohort|TBBB|2026-08-13|268||0|45.75|42.3|8.15603|3.96534|0|0|0.0336317|7|0|0|0||5|5|5|5|0|0||1|28.6656|1|2.08966|0.261978|0.261978|0|1|CLEAR_AIR|44.58|0.948856|1|1.97311e+07|2025-07-21|2026-08-12
prod|cohort|WWW|2026-08-13|268||0|19.62|18.06|8.63787|3.95086|0.375334|0.0840242|0.541941|18|2|0.154807|0|2.3092|23|14|14|2|12|3|0.0387018|0|33.7211|0|3.72962|0|0|0|0|IFFY_AT_FIRST_ZONE|32.8|0.55061|0|1.40973e+07|2025-07-21|2026-08-12
prod|cohort|XE|2026-08-13|76||0|23.1|20.35|13.5135|9.58424|0.475958|0.191294|0.59545|1|0|0|0||7|6|6|0|6|2|0.0316176|0|50.5059|0|4.85391|0|0|0|0|IFFY_AT_FIRST_ZONE|37.1|0.548518|0|8.75136e+07|2026-04-24|2026-08-12
prod|cohort|ABX|2026-08-14|156||0|9.04|8.52|6.10329|4.84358|0.566519|0.834991|0.76213|5|0|0|0||15|11|11|1|10|3|0.0867859|0|100|0|4.65428|0|0|0|0|IFFY_AT_FIRST_ZONE|12.44|0.684887|0|5.73639e+06|2025-12-30|2026-08-13
prod|cohort|ACOG|2026-08-14|269||0|9.34|8.63|8.22711|8.7847|0.0581427|0|0.126584|0|0|0|0||8|6|6|2|4|4|0.804275|0|17.9068|1|1.61495|0|0|0|1|INTO_SUPPLY|10.27|0.840312|0|733270|2025-07-21|2026-08-13
prod|cohort|AEHR|2026-08-14|269||0|133.61|123.3|8.36172|12.5095|0|0|0.00781884|27|5|0|0||1|0|0|0|0|0||1|44.0121|0|5.16554|0.146446|0.181927|0|0|CLEAR_AIR|133.35|0.924634|1|2.11356e+08|2025-07-21|2026-08-13
prod|cohort|AEYE|2026-08-14|269||0|6.19|5.81|6.54045|5.47783|0.788448|0.506116|0.909795|4|0|0|0||32|26|26|2|24|2|0.0589835|0|62.3244|0|1.2461|0|0|0|0|IFFY_AT_FIRST_ZONE|16.39|0.354484|0|382594|2025-07-21|2026-08-13
prod|cohort|AKAN|2026-08-14|269||0|7.81|5.01|55.8882|14.8142|0.798032|0.761785|0.935721|17|1|0.263615|0|7.68806|28|22|22|0|22|1|1.06743|0|14.8191|1|3.42552|0.532687|0.532687|0|1|CLEARED_NOTHING|209.025|0.0239684|0|287912|2025-07-21|2026-08-13
prod|cohort|BOXL|2026-08-14|269||0|8.87|6.8|30.4412|12.9522|0.567999|0.121495|0.759797|15|1|0|0||23|20|20|4|16|1|1.15767|0|100|0|12.6383|3.23268|3.25912|1|0|LADDER_CLIMBING|72.36|0.0939746|0|71841.5|2025-07-21|2026-08-13
prod|cohort|BRUN|2026-08-14|66||0|26.245|22.55|16.3858|11.0962|0.534008|0.559629|0.715476|6|3|0.223199|0|0.406909|8|7|7|1|6|1|0.0703935|0|36.5916|0|3.13721|0.430992|0.734957|0|0|IFFY_AT_FIRST_ZONE|42|0.536905|0|3.24921e+07|2026-05-11|2026-08-13
prod|cohort|CPS|2026-08-14|269||0|27.9|27.23|2.46052|6.16756|0.860669|0.716933|0.90183|14|3|0.402441|0|5.04431|30|22|22|0|22|2|0.848467|0|42.3423|0|2.33385|0.312105|0.317662|0|0|INTO_SUPPLY|47.98|0.567528|0|5.3659e+06|2025-07-21|2026-08-13
prod|cohort|DAAQ|2026-08-14|268||0|10.41|7.26|43.3884|8.1866|0.0729665|0.226073|0.998663|15|5|0.0131421|0|0.0285136|3|1|1|1|0|0||1|27.4855|1|5.12324|1.12646|1.46577|1|0|LADDER_CLIMBING|10.7|0.678505|0|134998|2025-07-21|2026-08-13
prod|cohort|DFH|2026-08-14|269||0|16.005|14.84|7.8504|6.76926|0.507185|0.235458|0.682261|14|2|0.0923003|0|1.74909|31|21|21|8|13|3|0.507651|0|19.932|1|3.53148|0.0153989|0.0153989|0|1|INTO_SUPPLY|31.4952|0.471183|0|8.78309e+06|2025-07-21|2026-08-13
prod|cohort|ETON|2026-08-14|269||0|54.93|40.8|34.6324|6.02033|0|0|0.107549|2|1|0|0||3|3|3|3|0|0||1|57.1649|0|3.02844|0|0|0|0|CLEAR_AIR|50.18|0.813073|1|2.45726e+07|2025-07-21|2026-08-13
prod|cohort|HTFL|2026-08-14|255||0|39.06|31.01|25.9594|5.19556|0.00295283|0|0.293679|7|1|0|0||17|11|11|9|2|2|0.0886967|0|51.0991|0|4.88087|0.0142283|0.0142283|0|0|IFFY_AT_FIRST_ZONE|41.2231|0.752248|0|2.47387e+07|2025-08-08|2026-08-13
prod|cohort|IMXI|2026-08-14|269||0|14.24|11.7|21.7094|3.97823|0.820215|0.462588|0.942229|2|1|0|0||18|16|16|2|14|7|0.494263|0|47.4912|0|3.81513|0|0|0|0|INTO_SUPPLY|15.95|0.733542|0|4.63347e+06|2025-07-21|2026-08-13
prod|cohort|LNZA|2026-08-14|269||0|6.38|6.21|2.73752|6.53358|0.644315|0.411967|0.691555|8|1|5.99771|0|19.4795|30|18|18|1|17|2|0.0479797|0|65.7419|0|2.63103|0|0|0|0|IFFY_AT_FIRST_ZONE|71.19|0.0872314|0|360797|2025-07-21|2026-08-13
prod|cohort|LPTH|2026-08-14|269||0|14.5|13.12|10.5183|8.57585|0.169003|0.423912|0.297977|13|2|0|0||12|8|8|2|6|2|0.804183|0|28.2847|1|4.22079|0.583971|0.909115|0|1|INTO_SUPPLY|18.94|0.692714|0|2.6726e+07|2025-07-21|2026-08-13
prod|cohort|MF|2026-08-14|19||1|13.04|10|30.4|17.4873|0|0|0.186015|0|0|0|0||1|1|1|1|0|0||1|42.6598|0|3.21968|0|0|0|0|CLEAR_AIR|11.75|0.851064|1|1.36384e+06|2026-07-20|2026-08-13
prod|cohort|NMAX|2026-08-14|269||0|9.895|9.49|4.26765|4.57644|0.230587|0.00297462|0.260284|7|1|0|0||13|12|12|1|11|2|0.231871|0|41.9209|0|5.20139|0.0520749|0.0520749|0|0|IFFY_AT_FIRST_ZONE|15.94|0.595358|0|4.81959e+06|2025-07-21|2026-08-13
prod|cohort|NU|2026-08-14|269||0|15.74|13.93|12.9935|3.26891|0.273459|0|0.653812|18|1|1.11753|0|0.388707|25|22|22|12|10|1|0.136048|0|64.5287|0|2.4265|0|0|0|0|IFFY_AT_FIRST_ZONE|18.98|0.73393|0|8.59167e+08|2025-07-21|2026-08-13
prod|cohort|OBX|2026-08-14|8|history_too_thin(8d)|1|20.01||||||||||||||||||||||||||||49.9699||0|729030|2026-08-04|2026-08-13
prod|cohort|RCAT|2026-08-14|269||0|11.37|10.23|11.1437|7.82407|0.532219|0.382809|0.680691|22|0|0|0||27|20|20|2|18|6|0.2192|0|38.8502|0|5.74115|0.371363|0.371363|0|0|IFFY_AT_FIRST_ZONE|18.78|0.544728|0|6.97837e+07|2025-07-21|2026-08-13
prod|cohort|RDDT|2026-08-14|269||0|175.78|158.12|11.1687|5.68585|0.547429|0.323728|0.685133|18|2|0.458118|0|3.22875|21|18|18|4|14|3|0.686872|0|15.3211|1|4.27278|2.33328|2.33328|1|0|INTO_SUPPLY|282.95|0.558827|0|6.44244e+08|2025-07-21|2026-08-13
prod|cohort|STDN|2026-08-14|21||1|12.2|12.09|0.909843|12.2366|0.226419|0.226419|0.247708|1|1|0|0||1|1|1|0|1|1|0.388447|0|75.208|0|4.72656|0.300163|0.300163|0|0|INTO_SUPPLY|13.98|0.864807|0|8.77635e+06|2026-07-16|2026-08-13
prod|cohort|UMAC|2026-08-14|269||0|31.83|27.24|16.8502|10.2769|0.0130656|0.0415971|0.0931747|15|1|0|0||2|2|2|1|1|1|0.773432|0|40.8457|0|4.00788|0.160251|0.160251|0|0|INTO_SUPPLY|34.36|0.792782|0|7.50264e+07|2025-07-21|2026-08-13
prod|cohort|VCX|2026-08-14|102||0|37.38|38.5|-2.90909|11.7996|0.888033|0.751868|0.878198|10|2|0.163262|0|8.63356|13|11|11|0|11|1|0.818465|0|49.788|0|5.88442|0|0|0|0|INTO_SUPPLY|575|0.0669565|0|7.82083e+06|2026-03-19|2026-08-13
prod|cohort|VERA|2026-08-14|269||0|31.29|28.89|8.30737|5.13391|0.623998|0.890247|0.736028|9|1|0|0||22|17|17|0|17|3|0.31748|0|55.2864|0|3.98062|0|0|0|0|INTO_SUPPLY|56.05|0.515433|0|4.70429e+07|2025-07-21|2026-08-13
prod|cohort|ARGX|2026-08-17|270||0|927.33|851.29|8.93233|2.90697|0.0137745|0.0444042|0.278441|31|8|0|0||12|8|8|5|3|3|0.0617646|0|44.7056|0|2.30483|0.194913|0.535751|0|0|IFFY_AT_FIRST_ZONE|953.58|0.892731|0|2.24127e+08|2025-07-21|2026-08-14
prod|cohort|BGDE|2026-08-17|74||0|7.3|6.83|6.88141|12.3928|0.380602|0.498621|0.497383|1|0|0|0||7|6|6|3|3|1|1.22564|0|73.1604|0|2.93553|0|0|0|0|LADDER_CLIMBING|11.69|0.58426|0|310407|2026-04-30|2026-08-14
prod|cohort|CBRS|2026-08-17|64||0|224|218.98|2.29245|10.7105|0.45483|0.359428|0.53103|5|2|0.0741927|0|0.666421|7|2|2|0|2|0|1.73519|0|69.506|0|3.95115|0.164393|0.196101|0|0|CLEARED_NOTHING|386.34|0.566806|0|1.05753e+09|2026-05-14|2026-08-14
prod|cohort|CNXU|2026-08-17|59||0|9.98|8.9|12.1348|13.2499|0.529024|0.529024|0.707911|1|0|0|0||6|5|5|0|5|3|0.279807|0|45.828|0|1.71398|0|0|0|0|INTO_SUPPLY|18.7915|0.473618|0|1.09851e+06|2026-05-21|2026-08-14
prod|cohort|DUOT|2026-08-17|270||0|10.35|9.11|13.6114|6.75083|0.231213|0.50189|0.396159|9|1|0|0||18|12|12|7|5|0|2.6048|0|35.9261|0|3.12904|0.636922|0.636922|0|0|LADDER_CLIMBING|15.28|0.596204|0|5.42075e+06|2025-07-21|2026-08-14
prod|cohort|FIEE|2026-08-17|270||0|5.85|5|17|29.2776|0.312326|0.402491|0.537694|29|0|0|0||12|11|11|0|11|11|0.058386|0|0|1|2.31619|0|0|0|1|IFFY_AT_FIRST_ZONE|10.59|0.472144|0|308424|2025-07-21|2026-08-14
prod|cohort|FVR|2026-08-17|270||0|19.77|19.76|0.0506073|3.40612|0.145603|0.581552|0.146895|2|0|0|0||7|7|7|0|7|3|0.341556|0|48.8488|0|2.70603|0|0|0|0|INTO_SUPPLY|22.29|0.886496|0|2.87332e+06|2025-07-21|2026-08-14
prod|cohort|JLHL|2026-08-17|270||0|8.86|7.19|23.2267|18.0498|0.587923|0.623489|0.751604|9|1|0|0||12|9|9|0|9|1|1.40695|0|1.93313|1|3.02825|0.66442|0.66442|0|1|CLEARED_NOTHING|57.95|0.124072|0|1.26279e+06|2025-07-21|2026-08-14
prod|cohort|MRCY|2026-08-17|270||0|110.31|111.12|-0.728942|5.1474|0.0957181|0.411992|0.0829581|14|1|0|0||5|3|3|0|3|2|0.885648|0|22.0243|1|4.04675|0.428799|0.428799|0|1|INTO_SUPPLY|128.45|0.865084|0|4.76177e+07|2025-07-21|2026-08-14
prod|cohort|NNNN|2026-08-17|270||0|10.17|8.74|16.3616|14.991|0.955132|0.759415|0.998016|2|0|0|0||30|28|28|0|28|2|0.47226|0|45.6182|0|1.86753|0|0|0|0|INTO_SUPPLY|54.95|0.159054|0|324976|2025-07-21|2026-08-14
prod|cohort|OCUL|2026-08-17|270||0|10.8|10.04|7.56972|4.34483|0.418727|0.00280021|0.495855|10|2|0|0||19|18|18|2|16|2|0.297501|0|63.5451|0|5.48757|0.0263339|0.0377279|0|0|INTO_SUPPLY|16.44|0.610706|0|1.69763e+07|2025-07-21|2026-08-14
prod|cohort|PURR|2026-08-17|175||0|7.26|6.68|8.68263|5.14979|0.497259|0.788917|0.60045|18|4|0.0668673|0|4.74758|13|11|11|3|8|3|0.294216|0|45.1133|0|2.50084|0|0|0|0|INTO_SUPPLY|11.62|0.574871|0|4.78906e+07|2025-12-03|2026-08-14
prod|cohort|WETO|2026-08-17|270||0|10.16|8.22|23.601|30.7443|0.442428|0.489042|0.712688|16|4|20.5306|0|3.15019|10|10|10|0|10|1|1.32858|0|63.3995|0|3.94258|3.58874|7.08509|2|0|CLEARED_NOTHING|139.99|0.0587185|0|1.23714e+06|2025-07-21|2026-08-14
prod|cohort|XHLD|2026-08-17|270||0|5.99|5.88|1.87075|29.2993|0.137318|0.0174697|0.140894|12|1|0|0||4|3|3|0|3|3|0.00569791|0|29.9409|1|10.4509|0.143405|0.204499|0|1|IFFY_AT_FIRST_ZONE|13.47|0.436526|0|425680|2025-07-21|2026-08-14
prod|cohort|AARD|2026-08-18|271||0|6.78|6.74|0.593472|11.135|0.484623|0.192958|0.486827|4|2|6.18582|0|1.77495|15|10|10|0|10|0|1.51586|0|49.5299|0|3.43772|0|0|0|0|CLEARED_NOTHING|17.94|0.375697|0|882959|2025-07-21|2026-08-17
prod|cohort|AIRG|2026-08-18|271||0|5.35|5.41|-1.10906|4.41852|0.534174|0.977804|0.517467|7|2|0|0||14|13|13|0|13|2|0.972964|0|67.7604|0|2.50122|0|0|0|0|INTO_SUPPLY|7.658|0.706451|0|385279|2025-07-21|2026-08-17
prod|cohort|AMLX|2026-08-18|271||0|29.91|21.43|39.5707|6.55752|0|0|0.0399413|7|1|0|0||2|2|2|2|0|0||1|38.6357|0|3.23838|0.0474857|0.0474857|0|0|CLEAR_AIR|24.6|0.871138|1|3.5528e+07|2025-07-21|2026-08-17
prod|cohort|BANL|2026-08-18|271||0|11.52|10.35|11.3043|17.535|0.00458873|0.0135467|0.0135381|9|2|0|0||2|1|1|0|1|1|0.58915|0|100|0|9.00325|0.089489|0.089489|0|0|INTO_SUPPLY|12.7101|0.814313|0|165244|2025-07-21|2026-08-17
prod|cohort|DUOT|2026-08-18|271||0|11.525|10.28|12.1109|7.30505|0.125732|0.309257|0.243699|9|1|0|0||9|8|8|3|5|2|0.766118|0|71.6569|0|4.27786|0.5886|0.5886|0|0|INTO_SUPPLY|15.28|0.672775|0|5.63099e+06|2025-07-21|2026-08-17
prod|cohort|FLXS|2026-08-18|271||0|81|70.86|14.3099|3.82781|0|0|0.149259|8|2|0|0||4|4|4|4|0|0||1|86.8057|0|2.43714|0|0|0|0|CLEAR_AIR|79.6983|0.889103|1|3.46905e+06|2025-07-21|2026-08-17
prod|cohort|HAE|2026-08-18|271||0|102.5|90.27|13.5482|3.28928|0|0|0.00611576|9|1|0|0||1|1|1|1|0|0||1|22.0379|1|3.08897|0.149272|0.149272|0|1|CLEAR_AIR|92.25|0.978537|1|6.45976e+07|2025-07-21|2026-08-17
prod|cohort|KURA|2026-08-18|271||0|11.985|11.28|6.25|5.43961|0.0147777|0.0168888|0.0711148|11|3|0|0||7|6|5|1|4|4|0.360464|0|100|0|4.56194|0.10002|0.10002|0|0|INTO_SUPPLY|12.49|0.903122|0|1.17993e+07|2025-07-21|2026-08-17
prod|cohort|WEAV|2026-08-18|271||0|7.29|5.53|31.8264|6.00591|0.155521|0.0589382|0.711961|16|2|0|0||19|17|17|7|10|5|0.502477|0|35.5214|0|4.93907|2.21254|2.4231|1|0|INTO_SUPPLY|8.28|0.667874|0|6.75201e+06|2025-07-21|2026-08-17
prod|cohort|WETO|2026-08-18|271||0|43.05|24.59|75.0712|32.997|0.0104434|0.000780899|0.0760354|16|4|1.7571|1||9|9|9|0|9|0|3.05452|0|100|0|13.2182|3.34374|6.30105|2|0|INTO_SUPPLY|139.99|0.175655|0|1.45693e+06|2025-07-21|2026-08-17
prod|cohort|AARD|2026-08-19|272||0|6.27|6.145|2.03417|11.1813|0.525249|0.327719|0.537568|4|2|6.66124|0|2.63882|16|11|11|0|11|1|0.898626|0|53.5025|0|3.42346|0|0|0|0|INTO_SUPPLY|17.94|0.342531|0|804478|2025-07-21|2026-08-18
prod|cohort|ARCT|2026-08-19|272||0|9.405|8.21|14.5554|5.86331|0.41961|0|0.526936|10|2|15.7767|0|4.88716|11|11|11|6|5|2|0.317348|0|43.1703|0|5.97537|0.266487|0.266487|0|0|INTO_SUPPLY|24.17|0.339677|0|2.84117e+06|2025-07-21|2026-08-18
prod|cohort|AXIL|2026-08-19|271||0|6.71|6.65|0.902256|6.95734|0.880522|0.238041|0.891682|5|0|0|0||18|18|17|0|17|9|0.149945|0|100|0|2.84009|0|0|0|0|IFFY_AT_FIRST_ZONE|10.25|0.64878|0|43855.2|2025-07-21|2026-08-18
prod|cohort|BNTX|2026-08-19|272||0|109.29|92.75|17.8329|2.74606|0.12529|0|0.666457|28|4|0.579774|0|2.80224|23|19|19|14|5|3|0.149942|0|48.7959|0|1.21334|0|0|0|0|IFFY_AT_FIRST_ZONE|124|0.747984|0|6.83118e+07|2025-07-21|2026-08-18
prod|cohort|DRD|2026-08-19|272||0|27.15|24.3|11.7284|2.86276|0.467707|0.00321939|0.662923|66|19|7.55881|0|0.180125|19|16|16|2|14|1|0.128661|0|39.8153|0|6.57827|1.19855|2.56889|1|0|IFFY_AT_FIRST_ZONE|39.37|0.617221|0|5.53778e+06|2025-07-21|2026-08-18
prod|cohort|EIKN|2026-08-19|134||0|12.77|11.65|9.61373|8.02853|0.283752|0.0320324|0.401856|0|0|0|0||7|7|7|2|5|2|0.751041|0|98.2009|0|3.41816|0|0|0|0|INTO_SUPPLY|17.4|0.66954|0|3.03769e+06|2026-02-05|2026-08-18
prod|cohort|EL|2026-08-19|272||0|93.74|84.27|11.2377|2.66668|0.318863|0|0.744019|27|2|0.132013|0|5.28454|25|14|14|9|5|2|0.692071|0|34.2002|0|1.93814|0.130661|0.130661|0|0|INTO_SUPPLY|121.635|0.69281|0|1.87024e+08|2025-07-21|2026-08-18
prod|cohort|KC|2026-08-19|272||0|12.27|10.84|13.1919|3.25208|0.700045|0.238035|0.883998|91|20|2.9702|0|0.225547|24|7|7|1|6|0|2.18029|0|37.8703|0|8.32201|1.91048|5.1237|1|0|LADDER_CLIMBING|18.52|0.585313|0|1.17289e+07|2025-07-21|2026-08-18
prod|cohort|MRK|2026-08-19|272||0|146.94|135.17|8.70755|2.33647|0|0|0.00616692|15|1|0|0||1|0|0|0|0|0||1|38.5932|0|2.69221|0|0|0|0|CLEAR_AIR|137.98|0.979635|1|9.53375e+08|2025-07-21|2026-08-18
prod|cohort|MRNA|2026-08-19|272||0|116.02|62.96|84.2757|5.72263|0|0|0.0580097|16|2|0|0||2|0|0|0|0|0||1|23.9904|1|3.13046|0|0|0|1|CLEAR_AIR|85.6|0.735514|1|2.8731e+08|2025-07-21|2026-08-18
prod|cohort|MRVI|2026-08-19|272||0|6.717|5.74|17.0209|5.16128|0.0542558|0.162637|0.189997|9|2|0|0||4|4|4|2|2|0|1.69607|0|32.3874|0|3.32766|0|0|0|0|LADDER_CLIMBING|7.44|0.771505|0|1.28189e+07|2025-07-21|2026-08-18
prod|cohort|MRVL|2026-08-19|272||0|240.13|216|11.1713|6.73315|0.227513|0.62537|0.270562|48|13|0.0296877|0|0.050098|9|5|5|1|4|1|0.715597|0|43.6431|0|4.96182|1.03931|1.9037|1|0|INTO_SUPPLY|329.88|0.654784|0|4.12449e+09|2025-07-21|2026-08-18
prod|cohort|OPHC|2026-08-19|272||0|10.03|10.03|0|6.36043|0.0339064|0.0733046|0.0339064|3|1|0|0||0|0|0|0|0|0||1|47.0804|0|5.31061|0.341337|0.341337|0|0|CLEAR_AIR|10.68|0.939139|0|1.56158e+06|2025-07-21|2026-08-18
prod|cohort|PPC|2026-08-19|272||0|30.4|28.49|6.70411|3.90106|0.706157|0.0049369|0.847102|5|1|0.0927547|0|1.06246|28|21|21|4|17|1|0.15178|0|48.4155|0|3.20135|0|0|0|0|IFFY_AT_FIRST_ZONE|50.56|0.563489|0|4.01814e+07|2025-07-21|2026-08-18
prod|cohort|TEM|2026-08-19|272||0|55.98|49.36|13.4117|6.10253|0.624273|0.179802|0.833605|21|3|0.181488|0|2.41204|28|21|21|3|18|4|0.125227|0|28.0075|1|4.69423|0.169267|0.169267|0|1|IFFY_AT_FIRST_ZONE|104.32|0.47316|0|1.95863e+08|2025-07-21|2026-08-18
prod|cohort|TNON|2026-08-19|272||0|11.67|5.45|114.128|13.9252|0.0362586|0.476173|0.0579051|9|3|1.18456|0|0.572283|26|20|20|4|16|0|6.38742|0|57.2205|0|2.78347|0.0411854|0.0411854|0|0|LADDER_CLIMBING|40.95|0.133089|0|183784|2025-07-21|2026-08-18
prod|cohort|TWST|2026-08-19|272||0|128|116.1|10.2498|7.21887|0|0|0.0215694|15|2|0|0||2|2|2|2|0|0||1|40.6106|0|4.76882|0|0|0|0|CLEAR_AIR|126.4|0.918513|1|1.32604e+08|2025-07-21|2026-08-18
prod|cohort|AIAI|2026-08-20|67||0|5.25|5.225|0.478469|16.0505|0.909333|0.888999|0.912531|1|0|0|0||8|4|4|0|4|1|1.163|0|88.8631|0|2.36281|0.121108|0.121108|0|0|CLEARED_NOTHING|19.57|0.26699|0|860095|2026-05-14|2026-08-19
prod|cohort|ASST|2026-08-20|273||0|16|14.73|8.62186|6.60058|0.541466|0.189935|0.634158|28|5|11.7243|0|45.4505|21|15|15|0|15|2|1.00843|0|92.1667|0|4.40865|0|0|0|0|CLEARED_NOTHING|252|0.0584524|0|3.41988e+07|2025-07-21|2026-08-19
prod|cohort|ATS|2026-08-20|273||0|19.655|19.77|-0.581689|4.64158|0.988002|0.958824|0.984268|23|2|4.60735|0|5.38747|21|16|16|0|16|1|1.14545|0|5.32766|1|9.37218|2.42037|2.42037|1|0|CLEARED_NOTHING|35.82|0.551926|0|3.68115e+06|2025-07-21|2026-08-19
prod|cohort|BANF|2026-08-20|273||0|112.38|112.92|-0.478215|1.85156|0.581786|0.723918|0.529851|12|0|0|0||17|14|14|0|14|1|1.3024|0|58.4754|0|1.68659|0|0|0|0|CLEARED_NOTHING|138.77|0.813721|0|1.29614e+07|2025-07-21|2026-08-19
prod|cohort|BTDR|2026-08-20|273||0|10.23|9.63|6.23053|11.2162|0.755899|0.774392|0.794984|16|0|0|0||31|31|31|0|31|2|0.984824|0|40.5287|0|2.49047|0.0322449|0.0322449|0|0|INTO_SUPPLY|27.8|0.346403|0|1.33941e+08|2025-07-21|2026-08-19
prod|cohort|BULL|2026-08-20|273||0|9.94|8.64|15.0463|4.351|0.384893|0|0.468058|16|2|0.0231219|0|8.55512|15|12|11|2|9|1|0.994243|0|80.2303|0|4.79702|0.0199441|0.0199441|0|0|INTO_SUPPLY|18.32|0.471616|0|5.72068e+07|2025-07-21|2026-08-19
prod|cohort|CURX|2026-08-20|247||0|5.77|5.408|6.69379|9.63267|0.305272|0.218898|0.350776|6|4|0|0||20|16|16|0|16|2|0.338248|0|91.1276|0|3.927|0.374102|0.374102|0|0|INTO_SUPPLY|13.332|0.405641|0|24509.6|2025-08-26|2026-08-19
prod|cohort|ELOX|2026-08-20|118||0|19|18.155|4.65437|12.364|0.0201998|0.0205574|0.0846686|19|5|0|0||2|2|2|0|2|2|0.152395|0|32.6751|0|2.60588|0.0243856|0.0243856|0|0|IFFY_AT_FIRST_ZONE|19.96|0.909569|0|758925|2025-09-25|2026-08-19
prod|cohort|FUTU|2026-08-20|273||0|117.65|109.42|7.52148|3.11635|0.664655|0.000748344|0.687868|37|5|1.17282|0|0.0409122|28|20|20|3|17|0|6.95781|0|75.7597|0|2.03853|0.305691|0.844063|0|0|LADDER_CLIMBING|202.53|0.540266|0|1.07557e+08|2025-07-21|2026-08-19
prod|cohort|FVR|2026-08-20|273||0|19.45|19.65|-1.01781|3.21451|0.217929|0.782061|0.191302|2|0|0|0||8|8|8|0|8|3|0.879686|0|29.6165|1|1.50603|0|0|0|1|INTO_SUPPLY|22.29|0.881561|0|2.79828e+06|2025-07-21|2026-08-19
prod|cohort|HVT|2026-08-20|273||0|28|28.27|-0.955076|3.57694|0.0588178|0.248422|0.0512986|9|1|0|0||1|1|1|0|1|0|1.82718|0|26.1623|1|4.37749|0.682139|0.682139|0|1|CLEARED_NOTHING|29.83|0.947704|0|2.91259e+06|2025-07-21|2026-08-19
prod|cohort|IPST|2026-08-20|229||0|8.79|8.45|4.02367|21.2958|0.394699|0.414144|0.479377|5|1|0|0||20|10|10|0|10|0|4.27908|0|100|0|30.0399|8.66543|8.66543|1|0|CLEARED_NOTHING|532|0.0158835|0|21072.1|2025-09-22|2026-08-19
prod|cohort|MRVI|2026-08-20|273||0|7.44|7.22|3.04709|5.68005|0.0077522|0.0222241|0.0180153|10|3|0|0||2|2|2|1|1|1|0|0|100|0|4.35191|2.84325|2.84325|1|0|IFFY_AT_FIRST_ZONE|7.7|0.937662|0|1.28189e+07|2025-07-21|2026-08-19
prod|cohort|MSTR|2026-08-20|273||0|113.23|104.25|8.61391|5.36572|0.812132|0.294095|0.83184|38|5|1.68872|0|4.86701|31|25|25|2|23|0|3.50089|0|94.4163|0|2.25139|0|0|0|0|LADDER_CLIMBING|437|0.238558|0|1.39661e+09|2025-07-21|2026-08-19
prod|cohort|OPHC|2026-08-20|273||0|10.01|10.1|-0.891089|6.46639|0.0448641|0.0954741|0.0353255|3|1|0|0||1|0|0|0|0|0||1|32.9501|0|5.17749|0.335744|0.335744|0|0|CLEAR_AIR|10.68|0.945693|0|1.65866e+06|2025-07-21|2026-08-19
prod|cohort|RARE|2026-08-20|273||0|28.39|26.24|8.1936|5.17888|0.355547|0.446398|0.475844|6|1|0.0102021|0|2.38729|21|18|18|4|14|4|0.0884183|0|30.3813|0|1.52012|0|0|0|0|IFFY_AT_FIRST_ZONE|39.8899|0.657811|0|5.02027e+07|2025-07-21|2026-08-19
prod|cohort|SCSC|2026-08-20|273||0|64.84|51.42|26.0988|3.56377|0|0|0.106362|9|2|0|0||6|6|6|6|0|0||1|73.9233|0|3.88238|0.356094|0.356094|0|0|CLEAR_AIR|59.6|0.862752|1|1.32089e+07|2025-07-21|2026-08-19
prod|cohort|TMS|2026-08-20|41||0|7.99|7.71|3.63165|10.9547|0.242543|0.242543|0.298188|1|0|0|0||3|1|1|0|1|0|2.05649|0|67.1239|0|4.59188|0|0|0|0|CLEARED_NOTHING|13.1999|0.584095|0|438503|2026-06-23|2026-08-19
prod|cohort|WETO|2026-08-20|273||0|30.35|20.76|46.1946|35.5573|0.0706954|0.0672098|0.191522|17|5|1.33623|0|2.15351|15|9|9|0|9|0|2.06644|0|100|0|15.8294|3.10298|6.04337|2|0|CLEARED_NOTHING|139.99|0.148296|0|1.65278e+06|2025-07-21|2026-08-19
prod|cohort|ALOY|2026-08-21|123||0|11.31|11.07|2.16802|11.5438|0.544273|0.621635|0.565231|6|3|0.275811|0|0.674018|9|6|6|0|6|0|2.40502|0|42.8076|0|4.1132|0.145416|0.2365|0|0|CLEARED_NOTHING|26.9|0.411524|0|3.58932e+07|2026-02-25|2026-08-20
prod|cohort|ASST|2026-08-21|274||0|17.66|16.13|9.48543|6.6417|0.413871|0.0284557|0.526805|29|6|10.5565|0|39.5081|21|15|15|2|13|5|0.196091|0|95.5816|0|6.07093|0.316971|0.316971|0|0|IFFY_AT_FIRST_ZONE|252|0.0640079|0|3.47756e+07|2025-07-21|2026-08-20
prod|cohort|BKKT|2026-08-21|274||0|7.86|7.5|4.8|7.38304|0.921653|0.633059|0.94934|17|0|0|0||30|25|25|1|24|3|0.139237|0|100|0|1.48258|0|0|0|0|IFFY_AT_FIRST_ZONE|49.79|0.150633|0|7.38989e+06|2025-07-21|2026-08-20
prod|cohort|CRML|2026-08-21|274||0|6|5.8|3.44828|7.61612|0.947727|0.897049|0.957256|24|2|2.8339|0|6.81668|31|23|23|0|23|1|0.744036|0|51.7605|0|3.51199|0.0601376|0.0601376|0|0|INTO_SUPPLY|32.15|0.180404|0|3.42036e+07|2025-07-21|2026-08-20
prod|cohort|ELAB|2026-08-21|274||0|6.6|6.1|8.19672|9.95499|0.997869|0.991818|0.99875|24|5|55.1482|0|5.17481|30|21|21|0|21|0|4.56601|0|100|0|4.67268|0|0|0|0|CLEARED_NOTHING|928.8|0.00656761|0|211960|2025-07-21|2026-08-20
prod|cohort|FHTX|2026-08-21|274||0|7.1|7.01|1.28388|7.65736|0.0189306|0.0578794|0.0235045|8|1|0|0||0|0|0|0|0|0||1|47.9652|0|5.27797|0.267609|0.267609|0|0|CLEAR_AIR|7.61|0.921156|0|1.01314e+06|2025-07-21|2026-08-20
prod|cohort|GLSI|2026-08-21|274||0|16.16|15.31|5.55193|8.01499|0.717395|0.695015|0.727777|12|2|0|0||20|17|17|0|17|1|1.21987|0|71.9851|0|3.12318|0.0130327|0.0130327|0|0|CLEARED_NOTHING|34.1|0.448974|0|1.66531e+06|2025-07-21|2026-08-20
prod|cohort|IPST|2026-08-21|230||0|11.37|10.31|10.2813|24.4096|0.188112|0.197164|0.209215|5|1|0|0||20|16|16|1|15|4|0.0828719|0|100|0|26.2079|7.56003|7.56003|1|0|IFFY_AT_FIRST_ZONE|532|0.0193797|0|21072.1|2025-09-22|2026-08-20
prod|cohort|ISOU|2026-08-21|274||0|10.58|10.24|3.32031|5.36536|0.452018|0.425086|0.556573|9|0|0|0||19|13|13|0|13|7|0.0352327|0|58.0069|0|3.02484|0|0|0|0|IFFY_AT_FIRST_ZONE|13.58|0.75405|0|594258|2025-07-21|2026-08-20
prod|cohort|LAR|2026-08-21|274||0|6.28|5.98|5.01672|5.27992|0.500265|0.793883|0.534014|24|3|0.542857|0|7.44921|20|18|18|0|18|0|2.35238|0|58.2593|0|3.21889|0.334409|0.576027|0|0|CLEARED_NOTHING|12.05|0.496266|0|1.17997e+07|2025-07-21|2026-08-20
prod|cohort|MSTR|2026-08-21|274||0|119.685|112.39|6.49079|5.32942|0.774359|0.202656|0.808359|39|6|1.60852|0|3.62388|29|23|23|0|23|0|2.32264|0|100|0|3.83971|0.260983|0.260983|0|0|CLEARED_NOTHING|437|0.257185|0|1.39661e+09|2025-07-21|2026-08-20
prod|cohort|NAKA|2026-08-21|274||0|6.64|6.3|5.39683|7.89323|0.893284|0.0157728|0.898276|19|6|110.542|0|20.7971|25|24|24|0|24|1|0.553319|0|95.352|0|3.92742|0|0|0|0|INTO_SUPPLY|659.2|0.00955704|0|481645|2025-07-21|2026-08-20
prod|cohort|PAL|2026-08-21|274||0|5.26|5.21|0.959693|5.56822|0.940779|0.910794|0.95335|9|2|7.63089|0|2.73142|17|16|16|0|16|0|2.73142|0|30.6901|0|6.82993|2.88982|3.77145|1|0|CLEARED_NOTHING|10.97|0.474932|0|1.37804e+06|2025-07-21|2026-08-20
prod|cohort|RFAI|2026-08-21|155||0|40|12.73|214.218|3.01907|0|0|0|60|0|0|0||0|0|0|0|0|0||1|100|0|10.2754|4.09181|4.3005|1|0|CLEAR_AIR|12.73|1|1|67036.8|2025-07-21|2026-08-20
prod|cohort|RPC|2026-08-21|132||0|8.73|8.63|1.15875|4.13979|0.137783|0.253762|0.184963|9|2|0.581068|0|3.70777|8|7|7|1|6|5|0.193689|0|18.7618|1|1.67634|0.336276|0.336276|0|1|IFFY_AT_FIRST_ZONE|11.29|0.764393|0|4.2663e+06|2026-02-11|2026-08-20
prod|cohort|SCTX|2026-08-21|20||1|33.9|32.83|3.25921|14.1185|0.0525892|0.0525892|0.0643843|0|0|0|0||0|0|0|0|0|0||1|100|0|4.034|0|0|0|0|CLEAR_AIR|39.6|0.82904|0|3.51326e+06|2026-07-24|2026-08-20
prod|cohort|SGML|2026-08-21|274||0|11.19|10.73|4.28705|5.66087|0.491345|0.731583|0.53154|36|5|1.61181|0|4.94908|22|15|15|0|15|4|0.173652|0|39.5673|0|3.37388|0.540425|0.588335|0|0|IFFY_AT_FIRST_ZONE|24.48|0.438317|0|1.79485e+07|2025-07-21|2026-08-20
prod|cohort|UUUU|2026-08-21|274||0|14.63|13.9|5.2518|6.21983|0.737494|0.472288|0.793091|22|3|0|0||25|16|16|0|16|2|0.401116|0|62.9102|0|4.16153|0.84127|1.13239|0|0|INTO_SUPPLY|27.9|0.498208|0|8.42918e+07|2025-07-21|2026-08-20
prod|cohort|AEMD|2026-08-24|275||0|2.79|2.73|2.1978|9.79251|0.996404|0.966751|0.998531|13|2|4.03168|0|21.8091|29|19|19|0|19|0|3.05149|0|38.071|0|2.77276|0|0|0|0|CLEARED_NOTHING|27.4|0.099635|0|96933.8|2025-07-21|2026-08-21
prod|cohort|AEON|2026-08-24|275||0|0.201|0.1921|4.633|11.6055|0.96057|0.945562|0.985938|8|1|0.878806|0|20.534|32|27|27|0|27|0|4.10681|0|100|0|3.2555|0|0|0|0|CLEARED_NOTHING|1.45|0.132483|0|96717.1|2025-07-21|2026-08-21
prod|cohort|AERO|2026-08-24|198||0|14|13.72|2.04082|4.6964|0.883361|0.953189|0.916891|6|0|0|0||23|19|19|0|19|2|0.304184|0|87.585|0|3.88004|0|0|0|0|INTO_SUPPLY|23.05|0.595228|0|3.67938e+06|2025-11-06|2026-08-21
prod|cohort|AGRZ|2026-08-24|224||0|0.2845|0.2933|-3.00034|30.4897|0.908353|0.771421|0.89533|4|1|1.3834|0|16.4336|28|27|27|0|27|8|0.755103|0|19.8539|1|1.10541|0.118533|0.118533|0|1|INTO_SUPPLY|7.2|0.0407361|0|159298|2025-10-01|2026-08-21
prod|cohort|AIFC|2026-08-24|80||0|0.69|0.6759|2.08611|10.4138|0.537443|0.21171|0.56565|1|1|0|0||6|6|6|0|6|2|0.139169|0|100|0|6.37897|0.176003|0.176003|0|0|IFFY_AT_FIRST_ZONE|1.08|0.625833|0|357519|2026-04-29|2026-08-21
prod|cohort|AIFU|2026-08-24|274||0|16.98|18.4999|-8.21572|17.3703|0.324126|0.899663|0.312884|21|3|0.525517|0|7.48268|31|23|23|0|23|0|6.65881|0|87.7431|0|3.94106|0|0|0|0|CLEARED_NOTHING|114|0.16228|0|238774|2025-07-21|2026-08-21
prod|cohort|AIXI|2026-08-24|275||0|0.4658|0.4576|1.79196|15.97|0.998005|0.993125|0.998556|15|5|49.5616|0|2.34714|28|22|22|0|22|0|5.96734|0|100|0|4.55399|0.43744|0.43744|0|0|CLEARED_NOTHING|54.2|0.0084428|0|386148|2025-07-21|2026-08-21
prod|cohort|AKTX|2026-08-24|275||0|8|7.85|1.91083|9.24305|0.939116|0.885603|0.941465|8|3|0.833059|0|38.8779|29|24|24|0|24|1|0.129151|0|11.6236|1|1.54966|0.0894696|0.0894696|0|1|IFFY_AT_FIRST_ZONE|49.6|0.158266|0|183714|2025-07-21|2026-08-21
prod|cohort|ALVO|2026-08-24|275||0|4.79|4.43|8.12641|6.33355|0.393005|0|0.442017|17|2|5.5871|0|3.55992|18|14|14|2|12|1|1.45034|0|94.5033|0|2.72644|0|0|0|0|LADDER_CLIMBING|9.94|0.445674|0|2.72651e+06|2025-07-21|2026-08-21
prod|cohort|AMC|2026-08-24|275||0|2.54|2.55|-0.392157|6.64159|0.225972|0.213514|0.222175|7|2|0|0||13|13|13|0|13|3|0.355669|0|50.1994|0|2.79708|0|0|0|0|INTO_SUPPLY|3.6|0.708333|0|4.73764e+07|2025-07-21|2026-08-21
prod|cohort|ANY|2026-08-24|275||0|2.77|2.61|6.13027|11.3668|0.741967|0.885624|0.749339|8|0|0|0||20|15|15|0|15|1|0.743184|0|100|0|2.80683|0|0|0|0|INTO_SUPPLY|12.6|0.207143|0|633289|2025-07-21|2026-08-21
prod|cohort|APRE|2026-08-24|275||0|0.7042|0.6403|9.9797|7.62151|0.825175|0.675653|0.938331|5|0|0|0||31|29|29|2|27|2|0.275756|0|53.2655|0|1.86229|0|0|0|0|INTO_SUPPLY|2.22|0.288423|0|22356.1|2025-07-21|2026-08-21
prod|cohort|ARAI|2026-08-24|275||0|0.241|0.2459|-1.99268|10.7417|0.99652|0.941954|0.993956|5|0|0|0||40|37|37|0|37|1|1.26315|0|20.2933|1|1.1787|0.35434|0.35434|0|1|CLEARED_NOTHING|12.86|0.0191213|0|129703|2025-07-21|2026-08-21
prod|cohort|ARAY|2026-08-24|275||0|0.2848|0.281|1.35231|11.6489|0.827811|0.575778|0.848553|6|3|3.60806|0|4.67808|34|21|21|0|21|2|0.946468|0|50.8354|0|1.71088|0|0|0|0|INTO_SUPPLY|2.1|0.13381|0|238240|2025-07-21|2026-08-21
prod|cohort|ARBB|2026-08-24|272||0|4.8092|4.55|5.6967|5.86103|0.976964|0.531719|0.987622|26|0|0|0||28|20|20|0|20|0|1.74124|0|100|0|5.13048|0.581653|0.746105|0|0|CLEARED_NOTHING|13.89|0.327574|0|12539|2025-07-21|2026-08-21
prod|cohort|AREN|2026-08-24|275||0|0.87|0.9061|-3.98411|16.2488|0.983743|0.917626|0.973092|5|1|1.20257|0|10.5401|38|25|25|0|25|0|1.69774|0|17.9914|1|6.12543|0.0347852|0.0347852|0|1|CLEARED_NOTHING|7.85|0.115427|0|70708|2025-07-21|2026-08-21
prod|cohort|ARTL|2026-08-24|275||0|0.6789|0.692|-1.89306|9.48923|1|1|0.99955|16|5|45.7947|0|13.5217|30|24|24|0|24|0|3.58726|0|36.304|0|1.41181|0|0|0|0|CLEARED_NOTHING|49.32|0.0140308|0|103223|2025-07-21|2026-08-21
prod|cohort|AVAT|2026-08-24|50||0|0.54|0.4902|10.1591|13.111|0.588675|0.588675|0.759658|2|2|2.57771|0|2.68365|4|4|4|1|3|3|0.564979|0|95.7697|0|3.99171|0|0|0|0|INTO_SUPPLY|3|0.1634|0|62298.4|2026-06-11|2026-08-21
prod|cohort|AVX|2026-08-24|193||0|3.32|3.245|2.31125|11.2751|0.955004|0.785778|0.963238|5|1|13.1434|0|33.4461|25|23|23|0|23|3|0.267142|0|69.919|0|1.69906|0|0|0|0|INTO_SUPPLY|31.7988|0.102048|0|55626.9|2025-11-13|2026-08-21
prod|cohort|AXIL|2026-08-24|274||0|6.2|6.12|1.30719|7.03387|0.96386|0.54412|0.967263|5|0|0|0||23|20|20|0|20|5|0.137583|0|77.6684|0|2.80919|0|0|0|0|IFFY_AT_FIRST_ZONE|10.25|0.597073|0|84848.9|2025-07-21|2026-08-21
prod|cohort|AZIO|2026-08-24|30||0|1.14|1.16|-1.72414|11.9664|0.976246|0.976246|0.963548|0|0|0|0||5|4|4|0|4|0|4.61818|0|65.8316|0|3.25912|0|0|0|0|CLEARED_NOTHING|2.06|0.563107|0|479739|2026-07-13|2026-08-21
prod|cohort|BAK|2026-08-24|275||0|1.95|1.99|-2.01005|7.25643|0.992616|0.973067|0.987096|24|1|0.636041|0|9.18726|36|28|28|0|28|0|1.76678|0|48.9162|0|2.52982|0|0|0|0|CLEARED_NOTHING|5.395|0.36886|0|3.02754e+06|2025-07-21|2026-08-21
prod|cohort|BBCQ|2026-08-24|141||0|10.13|9.71|4.32544|0.656051|0.79216|0.991501|0.998592|9|3|0.300942|1|1.0533|10|8|8|0|8|1|1.0533|0|100|0|7.64384|2.69517|2.84447|1|0|INTO_SUPPLY|11.26|0.862345|0|2.007e+06|2026-01-28|2026-08-21
prod|cohort|BCAB|2026-08-24|275||0|3.27|3.18|2.83019|8.56158|0.979217|0.835721|0.985775|5|3|3.50331|0|13.1088|33|30|30|0|30|3|0.928692|0|51.1299|0|1.54564|0|0|0|0|INTO_SUPPLY|71.5|0.0444755|0|149993|2025-07-21|2026-08-21
prod|cohort|BCTX|2026-08-24|275||0|4.045|4.07|-0.614251|6.69816|0.683814|0.0231244|0.67263|14|3|21.0127|0|4.22602|16|15|15|0|15|4|0.756624|0|79.0948|0|3.07244|0|0|0|0|INTO_SUPPLY|14.68|0.277248|0|271149|2025-07-21|2026-08-21
prod|cohort|BDRX|2026-08-24|275||0|1.22|1.27|-3.93701|13.6995|0.998664|0.991247|0.99662|22|5|20.2263|0|8.55603|33|23|23|0|23|0|2.33346|0|69.9476|0|1.66567|0|0|0|0|CLEARED_NOTHING|59.4|0.0213805|0|43617.7|2025-07-21|2026-08-21
prod|cohort|BGL|2026-08-24|275||0|0.2096|0.203|3.25123|10.106|0.963921|0.869965|0.975114|6|2|4.24884|0|58.0864|29|28|28|0|28|3|0.278535|0|73.6541|0|1.27807|0|0|0|0|INTO_SUPPLY|21.58|0.00940686|0|50411.8|2025-07-21|2026-08-21
prod|cohort|BGM|2026-08-24|274||0|0.2668|0.2623|1.71559|9.36157|0.988788|0.985149|0.994607|5|2|2.8907|0|238.931|36|33|33|0|33|0|1.52943|0|56.5003|0|1.50135|0|0|0|0|CLEARED_NOTHING|11.8|0.0222288|0|8828.22|2025-07-21|2026-08-21
prod|cohort|BIOX|2026-08-24|275||0|0.44|0.4409|-0.204128|10.3083|0.876541|0.232995|0.875374|2|0|0|0||29|25|25|0|25|2|0.458588|0|51.0896|0|2.69583|0|0|0|0|INTO_SUPPLY|3.838|0.114878|0|40570.1|2025-07-21|2026-08-21
prod|cohort|BIYA|2026-08-24|275||0|2.34|2.37|-1.26582|16.3122|0.995201|0.994257|0.9948|22|2|6.30854|0|124.326|30|28|28|0|28|0|3.43197|0|28.4983|1|1.66364|0|0|0|1|CLEARED_NOTHING|167.972|0.0141095|0|1.10307e+06|2025-07-21|2026-08-21
prod|cohort|BMEA|2026-08-24|275||0|1.51|1.37|10.219|5.00596|0.416112|0|0.616911|5|0|0|0||24|21|21|7|14|3|0|0|59.6851|0|2.96522|0|0|0|0|IFFY_AT_FIRST_ZONE|2.99|0.458194|0|616338|2025-07-21|2026-08-21
prod|cohort|BMR|2026-08-24|275||0|1.34|1.31|2.29008|5.86166|0.963728|0.566312|0.969021|4|0|0|0||36|34|34|0|34|5|0.127314|0|33.8823|0|1.706|0|0|0|0|IFFY_AT_FIRST_ZONE|3.85|0.34026|0|57515.7|2025-07-21|2026-08-21
prod|cohort|BNR|2026-08-24|274||0|10.32|9.78|5.52147|5.77745|0.614245|0.263784|0.644556|23|5|2.05758|0|9.72774|29|22|22|2|20|1|1.34394|0|100|0|3.83017|1.25738|1.67896|1|0|LADDER_CLIMBING|41.72|0.23442|0|23989.9|2025-07-21|2026-08-21
prod|cohort|BOLD|2026-08-24|275||0|3.05|3|1.66667|4.67176|0|0|0.000365782|5|2|0|0||0|0|0|0|0|0||1|47.9464|0|3.25238|0|0|0|0|CLEAR_AIR|3.02|0.993377|1|457064|2025-07-21|2026-08-21
prod|cohort|BRLS|2026-08-24|274||0|1.84|1.85|-0.540541|16.9408|0.191971|0.342903|0.184221|15|0|0|0||22|20|19|0|19|5|0.512014|0|100|0|6.9817|0.364013|0.550418|0|0|INTO_SUPPLY|5.02|0.368526|0|5081.16|2025-07-21|2026-08-21
prod|cohort|BRLT|2026-08-24|275||0|1.39|1.33|4.51128|9.68562|0.90158|0.0174604|0.915945|4|1|0|0||32|26|26|4|22|8|0|0|12.2926|1|2.58114|0.704851|0.704851|0|1|IFFY_AT_FIRST_ZONE|3.1|0.429032|0|141376|2025-07-21|2026-08-21
prod|cohort|BRNX|2026-08-24|6|history_too_thin(6d)|1|4.2||||||||||||||||||||||||||||4||1|5.44996e+06|2026-08-14|2026-08-21
prod|cohort|BRR|2026-08-24|267||0|2.15|2.15|0|7.30871|0.582633|0.182122|0.582633|5|1|9.48215|0|38.6286|16|9|9|0|9|0|1.78188|0|95.4732|0|4.30454|0|0|0|0|CLEARED_NOTHING|10.57|0.203406|0|739873|2025-07-31|2026-08-21
prod|cohort|BTCS|2026-08-24|275||0|1.4|1.35|3.7037|6.91421|0.878459|0.0778995|0.888987|16|3|2.07234|0|5.78518|26|20|20|0|20|1|0.0940092|0|100|0|3.94444|0|0|0|0|IFFY_AT_FIRST_ZONE|7.55|0.178808|0|752737|2025-07-21|2026-08-21
prod|cohort|BTCT|2026-08-24|275||0|1.63|1.14|42.9825|16.3531|0.183202|0.128423|0.598541|7|0|0|0||29|13|13|3|10|5|0.562733|0|100|0|12.5911|0|0|0|0|INTO_SUPPLY|3.64|0.313187|0|107893|2025-07-21|2026-08-21
prod|cohort|CAAS|2026-08-24|275||0|4.67|4.67|0|4.26307|0.154859|0.199462|0.154859|5|0|0|0||6|5|5|0|5|2|0.276263|0|52.6698|0|2.20473|0|0|0|0|INTO_SUPPLY|5.15|0.906796|0|77159.9|2025-07-21|2026-08-21
prod|cohort|CALC|2026-08-24|275||0|0.58|0.5728|1.25698|10.2948|0.920803|0.893966|0.934852|3|1|53.8154|0|19.5948|22|15|15|0|15|1|1.4738|0|58.117|0|3.27523|0|0|0|0|CLEARED_NOTHING|7.2|0.0795556|0|156123|2025-07-21|2026-08-21
prod|cohort|CAN|2026-08-24|275||0|0.3828|0.355|7.83099|13.1609|0.898957|0.0596694|0.910661|21|4|0.393034|0|1.47678|33|22|22|2|20|3|0.432712|0|100|0|6.31531|0.30064|0.30064|0|0|INTO_SUPPLY|2.22|0.15991|0|1.70187e+06|2025-07-21|2026-08-21
prod|cohort|CANG|2026-08-24|275||0|2.24|2.14|4.6729|13.206|0.870745|0.306873|0.892888|6|2|64.2293|0|63.418|28|20|20|0|20|2|0.371854|0|80.5802|0|3.03799|0|0|0|0|INTO_SUPPLY|34|0.0629412|0|153662|2025-07-21|2026-08-21
prod|cohort|CAPR|2026-08-24|274||0|8.03|6.29|27.663|15.5376|0.444079|0.219292|0.779239|14|7|17.9454|0|0.208388|30|17|17|0|17|4|0.0240448|0|54.227|0|6.32872|2.47655|2.47655|1|0|IFFY_AT_FIRST_ZONE|40.37|0.155809|0|3.8188e+07|2025-07-21|2026-08-21
prod|cohort|CBAT|2026-08-24|275||0|0.8458|0.8235|2.70795|9.10641|0.666102|0.0596758|0.714071|3|1|0|0||19|19|19|2|17|10|0.0558282|0|90.7965|0|4.98942|0.112775|0.112775|0|0|IFFY_AT_FIRST_ZONE|1.24|0.664113|0|114169|2025-07-21|2026-08-21
prod|cohort|CBK|2026-08-24|223||0|34.03|33.81|0.650695|2.33311|0.066191|0.212849|0.0771612|2|0|0|0||3|3|3|0|3|1|0.54159|0|100|0|1.99269|0|0|0|0|INTO_SUPPLY|35.78|0.944941|0|1.60669e+06|2025-10-02|2026-08-21
prod|cohort|CCTG|2026-08-24|275||0|0.65|0.6518|-0.276158|10.29|0.927389|0.944028|0.926954|9|0|0|0||30|26|26|0|26|0|1.79413|0|11.2359|1|2.11696|0|0|0|1|CLEARED_NOTHING|26.1|0.0249732|0|86632.1|2025-07-21|2026-08-21
prod|cohort|CD|2026-08-24|193||0|3.6|3.59|0.278552|13.9453|0.865787|0.714246|0.867167|4|0|0|0||22|16|16|0|16|1|1.3545|0|26.9399|1|3.13064|0|0|0|1|CLEARED_NOTHING|14.1|0.25461|0|599045|2025-11-13|2026-08-21
prod|cohort|CDIO|2026-08-24|275||0|2.03|2.03|0|9.86196|0.855222|0.32783|0.855222|9|1|0.79921|0|11.8383|27|8|8|0|8|3|0.948562|0|66.9219|0|3.02606|0|0|0|0|INTO_SUPPLY|7.91|0.256637|0|63830|2025-07-21|2026-08-21
prod|cohort|CDTG|2026-08-24|274||0|1.2|1.18|1.69492|47.6681|0.978469|0.963768|0.980428|10|0|0|0||33|28|28|0|28|0|1.5559|0|100|0|3.27359|0|0|0|0|CLEARED_NOTHING|53.25|0.0221596|0|301061|2025-07-21|2026-08-21
prod|cohort|CIRC|2026-08-24|36||0|0.5999|0.6162|-2.64525|10.3076|0.932694|0.932694|0.901231|1|0|0|0||6|6|6|0|6|0|2.74601|0|100|0|2.66554|0|0|0|0|CLEARED_NOTHING|0.98|0.628776|0|420647|2026-07-02|2026-08-21
prod|cohort|CLGN|2026-08-24|275||0|0.33|0.31245|5.6169|12.4151|0.900819|0.60044|0.948897|7|2|15.2795|0|17.5738|31|23|23|0|23|3|0.0511701|0|14.2485|1|1.31464|0|0|0|1|IFFY_AT_FIRST_ZONE|3.2324|0.0966619|0|14648.4|2025-07-21|2026-08-21
prod|cohort|CLIK|2026-08-24|273||0|1.3501|1.39|-2.8705|5.63922|0.999782|0.999576|0.998976|23|3|2.78321|0|44.6562|40|37|37|0|37|0|1.65233|0|31.5374|0|1.65848|0.127575|0.127575|0|0|CLEARED_NOTHING|14.4|0.0965278|0|26990.3|2025-07-21|2026-08-21
prod|cohort|CLRO|2026-08-24|265||0|5.3|5.34|-0.749064|17.6664|0.878513|0.887756|0.876131|21|2|1.85834|0|2.16806|15|10|10|0|10|6|0.726246|0|1.23893|1|6.87946|6.27571|6.82411|1|0|INTO_SUPPLY|16.5|0.323636|0|272016|2025-07-21|2026-08-21
prod|cohort|CMND|2026-08-24|275||0|1.75|1.74|0.574713|7.83464|0.988196|0.984008|0.988804|23|8|290.578|0|60.9017|29|22|22|0|22|0|2.54839|0|47.151|0|2.64079|0.154713|0.154713|0|0|CLEARED_NOTHING|524|0.00332061|0|123544|2025-07-21|2026-08-21
prod|cohort|CNSP|2026-08-24|275||0|5.71|5.83|-2.05832|6.33238|0.952826|0.0809361|0.950446|12|2|0|0||17|15|15|0|15|2|0.802037|0|32.918|0|2.89517|0.176117|0.176117|0|0|INTO_SUPPLY|10.588|0.550623|0|21974.6|2025-07-21|2026-08-21
prod|cohort|CNTN|2026-08-24|129||0|2.26|2.19|3.19635|6.69726|0.811174|0.683633|0.826675|3|0|0|0||16|15|15|0|15|2|0.816606|0|56.841|0|2.6528|0.0903747|0.0903747|0|0|INTO_SUPPLY|5.265|0.415954|0|1.411e+06|2026-02-18|2026-08-21
prod|cohort|CODX|2026-08-24|237||0|1.3|1.21|7.43802|14.0687|0.994789|0.958385|0.996392|12|2|0.229642|0|82.1736|29|22|22|0|22|0|1.50361|0|100|0|2.01713|0.0530445|0.0530445|0|0|CLEARED_NOTHING|46.5|0.0260215|0|470335|2025-07-21|2026-08-21
prod|cohort|COE|2026-08-24|266||0|17.25|16.43|4.99087|7.77303|0.80158|0.394399|0.888355|30|5|1.64448|0|4.57919|34|27|27|1|26|4|0.139091|0|63.7056|0|3.42083|0|0|0|0|IFFY_AT_FIRST_ZONE|56.13|0.292713|0|247092|2025-07-21|2026-08-21
prod|cohort|COOK|2026-08-24|275||0|55.6|55.45|0.270514|6.88016|0.677147|0.976621|0.680056|5|0|0|0||23|19|19|0|19|4|0.365978|0|22.761|1|3.62691|0|0|0|1|INTO_SUPPLY|102.5|0.540976|0|2.73857e+06|2025-07-21|2026-08-21
prod|cohort|COPR|2026-08-24|36||0|2.78|2.67|4.11985|10.6221|0.521718|0.521718|0.645594|0|0|0|0||5|4|4|0|4|4|0.0677292|0|46.7108|0|1.66996|0|0|0|0|IFFY_AT_FIRST_ZONE|4.25|0.628235|0|80764.3|2026-07-02|2026-08-21
prod|cohort|CRDF|2026-08-24|275||0|0.935|0.8801|6.23793|6.95639|0.907205|0.641078|0.947405|6|3|14.0555|0|2.99805|25|18|18|0|18|0|2.25776|0|22.5752|1|2.55744|0|0|0|1|CLEARED_NOTHING|4.52|0.194712|0|599000|2025-07-21|2026-08-21
prod|cohort|CVRX|2026-08-24|275||0|2.99|2.84|5.28169|8.83196|0.755799|0.400738|0.812246|2|2|9.05044|0|0.946698|31|29|29|0|29|0|11.2089|0|0|1|14.2329|4.78443|4.78443|1|0|CLEARED_NOTHING|11.3|0.251327|0|1.93227e+06|2025-07-21|2026-08-21
prod|cohort|CYAB|2026-08-24|102||0|0.32|0.2986|7.16678|13.7245|0.751507|0.498236|0.84229|6|4|9.46187|0|1.93541|13|12|12|0|12|2|0.95632|0|35.287|0|2.43459|0|0|0|0|INTO_SUPPLY|6.2|0.0481613|0|82199.8|2026-03-27|2026-08-21
prod|cohort|CYPH|2026-08-24|193||0|1.83|1.42|28.8732|10.8733|0.399418|0|0.471768|11|1|0|0||3|3|3|2|1|0|9.39738|0|100|0|10.4603|0.184223|0.184223|0|0|LADDER_CLIMBING|3.6999|0.383794|0|931870|2025-11-13|2026-08-21
prod|cohort|DAIC|2026-08-24|275||0|1.0803|0.426|153.592|23.305|0.851266|0.823676|0.990515|5|1|0|0||37|29|29|3|26|1|0.790106|0|71.5446|0|2.66655|0.0725227|0.0725227|0|0|INTO_SUPPLY|143.535|0.00296792|0|138714|2025-07-21|2026-08-21
prod|cohort|DDC|2026-08-24|275||0|0.617|0.6024|2.42364|16.7274|0.732238|0.326872|0.747105|3|0|0|0||32|30|30|0|30|2|0.74962|0|42.7317|0|3.32635|0|0|0|0|INTO_SUPPLY|19.1|0.0315393|0|174731|2025-07-21|2026-08-21
prod|cohort|DEFT|2026-08-24|275||0|0.62|0.5749|7.84484|10.4103|0.885374|0.100418|0.912703|19|5|6.04242|0|6.19736|26|21|21|1|20|1|0.308318|0|80.3782|0|2.83974|0.238795|0.36592|0|0|INTO_SUPPLY|3.43|0.167609|0|830399|2025-07-21|2026-08-21
prod|cohort|DETX|2026-08-24|85||0|3.76|3.6736|2.35192|9.68365|0.90114|0.691829|0.914445|0|0|0|0||11|11|11|0|11|4|0.384504|0|51.9997|0|2.26788|0|0|0|0|INTO_SUPPLY|4.98|0.737671|0|28208.5|2026-04-22|2026-08-21
prod|cohort|DFDV|2026-08-24|275||0|4.16|3.94|5.58376|7.36738|0.773404|0|0.804808|26|2|0.293654|0|25.7111|30|24|24|1|23|4|0.0978848|0|91.4212|0|6.05869|1.05174|1.05174|1|0|IFFY_AT_FIRST_ZONE|25.2635|0.155956|0|1.52397e+06|2025-07-21|2026-08-21
prod|cohort|DFSC|2026-08-24|275||0|1.62|1.55|4.51613|17.9397|0.994889|0.993018|0.995623|14|2|2.63261|0|15.7592|36|20|20|0|20|0|2.85593|0|20.7505|1|7.23032|2.89365|2.89365|1|0|CLEARED_NOTHING|8.5|0.182353|0|121889|2025-07-21|2026-08-21
prod|cohort|DGNX|2026-08-24|275||0|1.28|1.28|0|14.3183|0.720066|0.62983|0.720066|10|1|0.272816|0|0.927574|29|25|25|0|25|0|3.27379|0|3.48837|1|2.63787|0.22974|0.275688|0|1|CLEARED_NOTHING|318.836|0.0040146|0|1.207e+06|2025-07-21|2026-08-21
prod|cohort|DIT|2026-08-24|191||0|67|70.76|-5.31374|1.84214|0.734092|0.42997|0.63998|74|28|25.927|1|2.43065|16|4|4|0|4|0|5.13135|0|44.3879|0|7.08131|3.78952|10.7899|3|0|INTO_SUPPLY|95.59|0.740245|0|30392|2025-07-21|2026-08-21
prod|cohort|DOMH|2026-08-24|275||0|2.6|2.58|0.775194|7.63646|0.986849|0.922832|0.989117|14|1|0|0||34|28|28|0|28|0|1.51097|0|26.3055|1|3.48865|1.30309|1.30309|1|0|CLEARED_NOTHING|8.4|0.307143|0|259581|2025-07-21|2026-08-21
prod|cohort|DTCX|2026-08-24|171||0|2.62|2.62|0|5.88659|0.212243|0.00626289|0.212243|1|1|1.62097|0|1.23194|5|2|2|0|2|0|7.22953|0|100|0|6.18529|0|0|0|0|CLEARED_NOTHING|4.9845|0.525629|0|134427|2025-12-16|2026-08-21
prod|cohort|DWTX|2026-08-24|275||0|2.51|2.49|0.803213|8.69706|0.860764|0.00785943|0.860989|4|0|0|0||24|21|21|0|21|0|2.42789|0|81.24|0|4.65898|0|0|0|0|CLEARED_NOTHING|9.5|0.262105|0|95116.6|2025-07-21|2026-08-21
prod|cohort|DXST|2026-08-24|275||0|3.01|2.52|19.4444|7.33443|0.829527|0.712549|0.964179|12|2|11.3695|0|22.5578|28|12|12|1|11|2|0.792694|0|18.1455|1|2.3689|1.44789|1.50013|1|0|INTO_SUPPLY|62|0.0406452|0|94216|2025-07-21|2026-08-21
prod|cohort|EDSA|2026-08-24|275||0|4.45|4.43|0.451467|12.2218|0.28549|0.992709|0.28636|7|1|0.278007|0|9.28307|14|12|12|0|12|0|2.52284|0|100|0|2.0378|0|0|0|0|CLEARED_NOTHING|20.32|0.218012|0|271637|2025-07-21|2026-08-21
prod|cohort|EMAT|2026-08-24|158||0|4.11|3.97|3.52645|18.1675|0.636198|0.264355|0.646181|5|1|0|0||19|13|13|0|13|1|1.16756|0|70.9519|0|3.34962|0.194844|0.194844|0|0|CLEARED_NOTHING|24.085|0.164833|0|729044|2026-01-06|2026-08-21
prod|cohort|ENLV|2026-08-24|275||0|1.48|1.47|0.680272|14.8456|0.635033|0.987655|0.641653|13|2|6.91806|0|8.10141|27|25|25|0|25|0|1.50195|0|74.649|0|2.59922|0|0|0|0|CLEARED_NOTHING|27.15|0.0541436|0|519779|2025-07-21|2026-08-21
prod|cohort|EPOW|2026-08-24|274||0|0.4501|0.4481|0.446329|10.9912|0.992745|0.910209|0.992897|5|0|0|0||36|34|34|0|34|0|1.73085|0|19.3995|1|2.87799|0|0|0|1|CLEARED_NOTHING|1.86|0.240914|0|26709|2025-07-21|2026-08-21
prod|cohort|EXYN|2026-08-24|68||0|2.1|2.21|-4.97738|19.4026|0.739188|0.722675|0.684447|0|0|0|0||8|7|7|0|7|1|0.902433|0|100|0|3.11137|0|0|0|0|INTO_SUPPLY|7.2|0.306944|0|426656|2026-05-15|2026-08-21
prod|cohort|FAC|2026-08-24|53||0|4.65|4.61|0.867679|9.13065|0.962692|0.962692|0.969213|1|1|0.153094|0|21.6334|4|4|4|0|4|0|2.61438|0|46.3526|0|2.97136|0|0|0|0|CLEARED_NOTHING|25.33|0.181998|0|1.51578e+06|2026-06-08|2026-08-21
prod|cohort|FNGR|2026-08-24|275||0|0.215|0.2202|-2.36149|18.2572|0.815441|0.720456|0.791239|4|0|0|0||36|30|30|0|30|0|3.23089|0|2.00131|1|2.63806|0|0|0|1|CLEARED_NOTHING|2.35|0.0937021|0|299896|2025-07-21|2026-08-21
prod|cohort|FOXX|2026-08-24|269||0|3.15|2.97|6.06061|10.2079|0.829974|0.927348|0.862608|10|1|0|0||29|25|25|1|24|3|1.02099|0|100|0|1.90279|0|0|0|0|LADDER_CLIMBING|8.88|0.334459|0|13656.4|2025-07-21|2026-08-21
prod|cohort|GEMI|2026-08-24|237||0|4.28|4.28|0|7.44131|0.890916|0.506256|0.890916|20|3|2.95239|0|8.41444|27|25|25|0|25|4|0.0248047|0|100|0|2.52179|0|0|0|0|IFFY_AT_FIRST_ZONE|45.89|0.0932665|0|5.62291e+06|2025-09-12|2026-08-21
prod|cohort|GETY|2026-08-24|275||0|0.2637|0.2637|0|10.2303|0.998995|0.997981|0.998995|6|1|2.4465|0|3.55113|38|36|36|0|36|0|8.38852|0|2.68141|1|6.79949|1.45335|1.45335|1|0|CLEARED_NOTHING|3.21|0.0821495|0|999942|2025-07-21|2026-08-21
prod|cohort|GGR|2026-08-24|275||0|2.14|2.27|-5.72687|8.78402|1|1|0.994325|9|2|0.244709|0|3.29826|27|21|21|0|21|0|3.08547|0|64.3338|0|3.88732|0.162633|0.162633|0|0|CLEARED_NOTHING|7.956|0.285319|0|39122.2|2025-07-21|2026-08-21
prod|cohort|GIFT|2026-08-24|275||0|0.89|0.8461|5.18851|7.2522|0.897323|0.737666|0.96669|1|0|0|0||27|26|26|0|26|6|0.308314|0|42.5842|0|2.85915|0|0|0|0|INTO_SUPPLY|1.32|0.640985|0|34347.1|2025-07-21|2026-08-21
prod|cohort|GNPX|2026-08-24|275||0|4.02|3.95|1.77215|12.8561|0.983669|0.898473|0.989979|15|5|1.72596|0|2.78243|32|25|25|0|25|0|2.35539|0|13.5186|1|1.61904|0.223354|0.223354|0|1|CLEARED_NOTHING|110|0.0359091|0|419909|2025-07-21|2026-08-21
prod|cohort|GOAI|2026-08-24|143||0|2.55|2.23|14.3498|9.76097|0.68003|0.259365|0.894724|3|0|0|0||19|16|16|1|15|4|0.151464|0|100|0|3.95825|0|0|0|0|IFFY_AT_FIRST_ZONE|18|0.123889|0|171911|2026-01-28|2026-08-21
prod|cohort|GOVX|2026-08-24|275||0|0.7152|0.6456|10.7807|10.1984|0.958336|0.644722|0.971838|12|7|13.1275|0|4.52161|32|24|24|0|24|0|1.84813|0|50.8419|0|2.3834|0|0|0|0|CLEARED_NOTHING|23.1|0.0279481|0|135484|2025-07-21|2026-08-21
prod|cohort|GRI|2026-08-24|275||0|1.8|1.65|9.09091|9.34357|0.956737|0.831127|0.984257|9|3|95.3983|0|11.3566|31|24|24|0|24|3|0.356751|0|10.1214|1|4.87062|0|0|0|1|INTO_SUPPLY|80.36|0.0205326|0|59101.9|2025-07-21|2026-08-21
prod|cohort|GTEC|2026-08-24|275||0|0.92|0.9195|0.0543774|9.54418|0.493559|0.0129739|0.493696|5|0|0|0||19|11|11|0|11|0|3.41661|0|51.4586|0|7.08836|0|0|0|0|CLEARED_NOTHING|1.98|0.464394|0|80805.3|2025-07-21|2026-08-21
prod|cohort|HCAT|2026-08-24|275||0|1.56|1.53|1.96078|6.3813|0.855472|0.968736|0.860658|9|4|3.86747|0|0.502269|25|21|21|0|21|0|2.10953|0|26.7785|1|7.70107|2.37436|2.79158|1|0|CLEARED_NOTHING|4.115|0.37181|0|1.63604e+06|2025-07-21|2026-08-21
prod|cohort|HCTI|2026-08-24|275||0|0.8888|0.8787|1.14943|14.5092|0.999409|0.998854|0.999642|13|5|1499.61|0|109.425|37|32|32|0|32|0|5.91491|0|28.8729|1|4.9723|0.0400191|0.0400191|0|1|CLEARED_NOTHING|1299.78|0.000676037|0|310294|2025-07-21|2026-08-21
prod|cohort|HCWB|2026-08-24|275||0|2.32|2.18|6.42202|15.4608|0.970683|0.940469|0.975384|15|1|0.167275|0|11.5977|31|25|25|0|25|2|0.724858|0|28.9545|1|3.04375|0|0|0|1|INTO_SUPPLY|24.423|0.0892601|0|175539|2025-07-21|2026-08-21
prod|cohort|HMR|2026-08-24|275||0|1.36|1.35|0.740741|7.30567|0.319033|0.530381|0.327423|7|0|0|0||14|11|11|0|11|0|1.50971|0|58.2835|0|3.5257|0|0|0|0|CLEARED_NOTHING|1.71|0.789474|0|64372.7|2025-07-21|2026-08-21
prod|cohort|HODO|2026-08-24|37||0|0.4581|0.462|-0.844156|15.3819|0.989882|0.989882|0.988035|0|0|0|0||4|4|4|0|4|1|1.30421|0|85.9765|0|3.41382|0|0|0|0|CLEARED_NOTHING|2.8099|0.164419|0|90992|2026-07-01|2026-08-21
prod|cohort|HPAI|2026-08-24|272||0|0.45|0.4407|2.11028|11.4413|0.989674|0.975317|0.993533|14|0|0|0||37|27|27|0|27|1|1.35765|0|60.9464|0|1.50517|0|0|0|0|CLEARED_NOTHING|5.2|0.08475|0|40071.4|2025-07-21|2026-08-21
prod|cohort|HSCS|2026-08-24|275||0|2.91|2.8|3.92857|10.739|0.652566|0.647654|0.73872|4|1|0|0||25|25|25|2|23|10|0.0959984|0|100|0|3.58148|0|0|0|0|IFFY_AT_FIRST_ZONE|4.3|0.651163|0|160979|2025-07-21|2026-08-21
prod|cohort|HSDT|2026-08-24|275||0|2.15|2.1|2.38095|5.13222|0.779037|0.00495038|0.798689|6|2|2.44692|0|26.8255|24|19|19|1|18|1|0.906267|0|95.0804|0|4.98447|0|0|0|0|INTO_SUPPLY|25.5|0.0823529|0|223540|2025-07-21|2026-08-21
prod|cohort|HUMA|2026-08-24|275||0|0.675|0.6422|5.10744|9.15695|0.863993|0.701063|0.917481|15|4|6.99894|0|7.03777|31|26|26|0|26|6|0.506396|0|88.579|0|3.08149|0.689079|0.822372|0|0|INTO_SUPPLY|2.84|0.226127|0|2.49988e+06|2025-07-21|2026-08-21
prod|cohort|HURA|2026-08-24|275||0|2.1|2|5|7.24788|0.411314|0.906492|0.44161|6|1|0|0||26|22|22|0|22|6|0.788408|0|61.0095|0|3.00216|0|0|0|0|INTO_SUPPLY|3.9|0.512821|0|446274|2025-07-21|2026-08-21
prod|cohort|HVII|2026-08-24|249||0|7.4|6.385|15.8966|2.35072|0.997416|0.987493|0.999697|46|18|8.04813|0|10.6638|4|4|4|0|4|0|18.0364|0|100|0|16.7613|5.1129|5.194|1|0|CLEARED_NOTHING|10.99|0.580983|0|575182|2025-07-21|2026-08-21
prod|cohort|HYNE|2026-08-24|179||0|16.7|16.66|0.240096|1.31549|0.00737711|0.0723696|0.0119938|2|1|0|0||2|2|2|0|2|2|0.182077|0|48.5168|0|2.28378|0|0|0|0|IFFY_AT_FIRST_ZONE|16.86|0.988138|0|92280.6|2025-12-04|2026-08-21
prod|cohort|HYPD|2026-08-24|275||0|3.4|3.18|6.91824|7.39724|0.76422|0.30296|0.846666|11|1|0.940335|0|2.74347|27|24|24|2|22|3|0.278323|0|100|0|2.83293|0|0|0|0|INTO_SUPPLY|15|0.212|0|559670|2025-07-21|2026-08-21
prod|cohort|ICCM|2026-08-24|275||0|2.38|2.43|-2.05761|10.7056|0.998596|0.997846|0.997962|12|4|14.7248|0|10.6753|35|24|24|0|24|0|2.2371|0|54.354|0|3.34044|0|0|0|0|CLEARED_NOTHING|42|0.0578571|0|240311|2025-07-21|2026-08-21
prod|cohort|ILLR|2026-08-24|274||0|0.9033|0.9059|-0.287007|11.2236|0.806474|0.992085|0.806139|6|0|0|0||33|24|24|0|24|0|2.72925|0|76.8332|0|2.27858|0|0|0|0|CLEARED_NOTHING|7.959|0.113821|0|239920|2025-07-21|2026-08-21
prod|cohort|IMDX|2026-08-24|275||0|4.37|4.34|0.691244|8.06753|0.625946|0.825812|0.634076|3|1|0.624023|0|7.06281|23|22|22|0|22|3|0.283647|0|13.2605|1|3.94525|0|0|0|1|INTO_SUPPLY|8.51|0.509988|0|568221|2025-07-21|2026-08-21
prod|cohort|INCR|2026-08-24|275||0|5.44|4.2575|27.7745|5.28535|0.0295425|0.085239|0.263407|16|3|1.04339|0|3.16496|17|11|11|7|4|3|0.208679|0|85.6574|0|2.75344|0|0|0|0|IFFY_AT_FIRST_ZONE|7.549|0.563982|0|10270.8|2025-07-21|2026-08-21
prod|cohort|INEO|2026-08-24|275||0|0.53515|0.5191|3.09189|8.79081|0.910964|0.990457|0.942755|10|0|0|0||35|28|28|0|28|0|1.58894|0|76.7317|0|2.07947|0|0|0|0|CLEARED_NOTHING|1.27|0.40874|0|10782.8|2025-07-21|2026-08-21
prod|cohort|INM|2026-08-24|275||0|1.48|1.46|1.36986|7.59617|0.690177|0.987053|0.714209|8|2|0|0||19|16|16|0|16|2|1.00335|0|94.3542|0|1.71319|0|0|0|0|CLEARED_NOTHING|2.75|0.530909|0|106815|2025-07-21|2026-08-21
prod|cohort|IPDN|2026-08-24|275||0|0.15|0.1482|1.21457|18.879|0.997805|0.959373|0.998595|10|1|0.353126|0|52.9689|35|22|22|0|22|0|8.82462|0|53.1019|0|5.77464|0.571688|0.571688|0|0|CLEARED_NOTHING|12.39|0.0119613|0|32984.2|2025-07-21|2026-08-21
prod|cohort|JAB|2026-08-24|13||1|9.94|9.94|0|0.146818|0.0729314|0.0729314|0.0729314|0|0|0|0||1|0|0|0|0|0||1|||2.74921|0|0|0||CLEAR_AIR|9.95|0.998995|0|1.51952e+06|2026-08-05|2026-08-21
prod|cohort|JLHL|2026-08-24|275||0|7.02|6.6|6.36364|17.0703|0.764802|0.80987|0.787408|9|1|0|0||14|10|10|0|10|0|1.65229|0|0|1|3.02529|0.702543|0.702543|0|1|CLEARED_NOTHING|57.95|0.113891|0|1.1486e+06|2025-07-21|2026-08-21
prod|cohort|JZ|2026-08-24|275||0|2.03|2.2|-7.72727|18.6885|0.953151|0.993607|0.906732|17|6|14.993|0|18.2932|10|4|4|0|4|0|3.25672|0|100|0|3.56726|0.644686|1.28365|0|0|CLEARED_NOTHING|98.4|0.0223577|0|108968|2025-07-21|2026-08-21
prod|cohort|LANV|2026-08-24|275||0|1.11|1.05|5.71429|7.73344|0.978073|0.834988|0.997215|7|0|0|0||34|34|34|0|34|1|1.28144|0|28.54|1|2.79586|0|0|0|1|CLEARED_NOTHING|2.54|0.413386|0|32578.6|2025-07-21|2026-08-21
prod|cohort|LEDS|2026-08-24|275||0|1.93|1.91|1.04712|11.1461|0.719126|0.73441|0.734919|14|0|0|0||26|16|16|0|16|1|1.11101|0|49.6655|0|2.09621|0|0|0|0|CLEARED_NOTHING|3.62|0.527624|0|113802|2025-07-21|2026-08-21
prod|cohort|LESL|2026-08-24|275||0|0.6|0.601|-0.166389|19.6027|0.997775|0.995099|0.997606|7|2|7.96062|0|2.46564|28|18|18|0|18|0|6.80177|0|0|1|4.34085|1.39127|1.50936|1|0|CLEARED_NOTHING|13.566|0.0443019|0|1.113e+06|2025-07-21|2026-08-21
prod|cohort|LEXX|2026-08-24|275||0|10.96|10.915|0.412277|14.9332|0.0253778|0.23632|0.025717|8|6|2.10793|0|3.01831|13|9|9|0|9|7|0.588692|0|26.3918|1|7.40771|0.0121976|0.0121976|0|1|INTO_SUPPLY|21.6|0.505324|0|164939|2025-07-21|2026-08-21
prod|cohort|LGHL|2026-08-24|275||0|0.66755|0.608|9.79441|24.1204|0.938948|0.933214|0.967621|12|2|0.496226|0|8.64793|35|27|27|0|27|1|1.13002|0|100|0|2.133|0.558743|0.606651|0|0|CLEARED_NOTHING|109.196|0.00556796|0|850931|2025-07-21|2026-08-21
prod|cohort|LGVN|2026-08-24|275||0|0.85|0.8449|0.603622|8.83992|0.524372|0.0571694|0.534481|4|3|0.240886|0|1.19644|13|12|12|0|12|6|0|0|44.5856|0|2.31426|0|0|0|0|IFFY_AT_FIRST_ZONE|1.8|0.469389|0|377467|2025-07-21|2026-08-21
prod|cohort|LHSW|2026-08-24|275||0|2.5|2.5|0|12.4229|0.86999|0.915612|0.86999|11|5|2.76909|0|7.6311|32|23|23|0|23|1|0.99816|0|90.6682|0|1.67702|0|0|0|0|INTO_SUPPLY|36|0.0694444|0|143311|2025-07-21|2026-08-21
prod|cohort|LITS|2026-08-24|238||0|1.03|0.9897|4.07194|5.97127|0.843054|0.022583|0.873247|7|2|1.7885|0|21.2994|26|24|24|3|21|1|0.81458|0|81.1355|0|2.17355|0|0|0|0|INTO_SUPPLY|3.23|0.306409|0|92927.5|2025-09-11|2026-08-21
prod|cohort|LOBO|2026-08-24|275||0|0.6498|0.6501|-0.0461467|6.43918|0.735075|0.993303|0.734585|11|0|0|0||24|18|18|0|18|0|1.52171|0|30.21|0|1.86788|0|0|0|0|CLEARED_NOTHING|1.48|0.439257|0|16798.2|2025-07-21|2026-08-21
prod|cohort|LONA|2026-08-24|154||0|7.57|7.685|-1.49642|7.06396|0.670928|0.916441|0.659701|5|1|0|0||14|11|11|0|11|0|1.58955|0|46.4799|0|1.28694|0|0|0|0|CLEARED_NOTHING|14.21|0.540816|0|81800.9|2026-01-12|2026-08-21
prod|cohort|LSTA|2026-08-24|275||0|1.63|1.55|5.16129|13.1036|0.773171|0.451616|0.799707|14|3|5.15008|0|4.35416|25|16|16|0|16|0|2.29366|0|100|0|3.47505|0|0|0|0|CLEARED_NOTHING|5.07|0.30572|0|107049|2025-07-21|2026-08-21
prod|cohort|LUCY|2026-08-24|275||0|0.993|0.6839|45.1967|7.35868|0.965104|0.936481|0.998453|8|1|0|0||39|37|37|6|31|4|0.780056|0|46.1591|0|1.40099|0|0|0|0|INTO_SUPPLY|2.3|0.297348|0|110240|2025-07-21|2026-08-21
prod|cohort|MBRX|2026-08-24|275||0|0.61|0.593|2.86678|27.2618|0.735971|0.580087|0.750474|8|5|15.5595|0|14.6726|35|13|13|0|13|1|0.330734|0|23.4782|1|1.59594|0|0|0|1|INTO_SUPPLY|21.5|0.0275814|0|634760|2025-07-21|2026-08-21
prod|cohort|MDXH|2026-08-24|275||0|0.75|0.7431|0.928543|11.7353|0.678252|0.63475|0.690084|6|2|8.36902|0|4.31744|28|19|19|0|19|0|4.31744|0|12.8997|1|7.7835|1.65261|1.65261|1|0|CLEARED_NOTHING|5.33|0.139418|0|154317|2025-07-21|2026-08-21
prod|cohort|MERC|2026-08-24|275||0|0.45|0.4255|5.75793|9.65103|0.996994|0.982969|0.999269|10|3|6.21695|0|4.37489|29|22|22|0|22|0|4.70997|0|38.2556|0|5.87295|0.153437|0.153437|0|0|CLEARED_NOTHING|4.47|0.0951902|0|192819|2025-07-21|2026-08-21
prod|cohort|MHH|2026-08-24|275||0|7.5|7.5|0|2.6291|0.303063|0.64348|0.303063|2|1|0|0||13|12|12|0|12|5|0.532501|0|31.0743|0|2.8283|0|0|0|0|INTO_SUPPLY|8.37|0.896057|0|84611.9|2025-07-21|2026-08-21
prod|cohort|MINE|2026-08-24|144||0|3.18|3.08|3.24675|6.68358|0.547947|0|0.593535|2|1|0|0||11|11|11|1|10|5|0.235252|0|45.8971|0|4.03037|0.11083|0.11083|0|0|IFFY_AT_FIRST_ZONE|4.88|0.631148|0|119157|2026-01-27|2026-08-21
prod|cohort|MNOV|2026-08-24|275||0|1.39|1.39|0|3.20911|0.665292|0.203786|0.665292|15|1|0|0||24|23|23|0|23|5|0.224182|0|50.3308|0|2.10866|0|0|0|0|IFFY_AT_FIRST_ZONE|1.96|0.709184|0|31187.2|2025-07-21|2026-08-21
prod|cohort|MODD|2026-08-24|275||0|3.5|3.54|-1.12994|15.4765|0.58897|0.312811|0.585185|2|0|0|0||33|24|24|0|24|1|0.830753|0|44.3184|0|4.9048|0|0|0|0|INTO_SUPPLY|30|0.118|0|294361|2025-07-21|2026-08-21
prod|cohort|MPU|2026-08-24|275||0|0.2154|0.2141|0.607193|9.46679|0.992286|0.988756|0.994322|9|0|0|0||40|38|38|0|38|1|0.176544|0|53.0396|0|2.06431|0|0|0|0|IFFY_AT_FIRST_ZONE|4.44|0.0482207|0|19503.2|2025-07-21|2026-08-21
prod|cohort|MREO|2026-08-24|275||0|0.29|0.2904|-0.137741|9.28133|0.819758|0.969741|0.817886|3|2|55.1794|0|8.54886|21|19|19|0|19|2|1.02913|0|35.7027|0|1.75052|0|0|0|0|CLEARED_NOTHING|2.37|0.122532|0|385142|2025-07-21|2026-08-21
prod|cohort|MRKR|2026-08-24|275||0|1.44|1.39|3.59712|7.6758|0.228681|0.362454|0.274992|3|0|0|0||18|12|12|1|11|5|0.0904719|0|100|0|3.17202|0|0|0|0|IFFY_AT_FIRST_ZONE|2.46|0.565041|0|52496.3|2025-07-21|2026-08-21
prod|cohort|MSGM|2026-08-24|275||0|4.04|3.955|2.14918|9.63293|0.420334|0.610854|0.463129|10|2|0.154174|0|0.668088|17|17|17|0|17|8|0.19169|0|53.2228|0|2.26098|0.140285|0.140285|0|0|IFFY_AT_FIRST_ZONE|5.5584|0.711536|0|132899|2025-07-21|2026-08-21
prod|cohort|MTVA|2026-08-24|275||0|1.44|1.46|-1.36986|4.92716|0.985543|0.986925|0.982255|12|2|12.9667|0|40.4504|33|27|27|0|27|2|1.33895|0|27.2596|1|0.96646|0|0|0|1|CLEARED_NOTHING|19.0289|0.0767254|0|88177.1|2025-07-21|2026-08-21
prod|cohort|MVIS|2026-08-24|275||0|1.73|1.66|4.21687|13.6451|0.162045|0.971136|0.17169|9|3|13.1619|0|2.71117|24|21|21|0|21|0|11.058|0|0.662219|1|6.72165|2.56599|2.56599|1|0|CLEARED_NOTHING|15.225|0.109031|0|2.93702e+06|2025-07-21|2026-08-21
prod|cohort|NCEL|2026-08-24|202||0|3.4|3.2627|4.20817|7.66039|0.454423|0.690379|0.49936|7|1|0|0||14|14|14|1|13|5|0.537525|0|36.3099|0|1.60246|0|0|0|0|INTO_SUPPLY|7.64|0.427055|0|31694.5|2025-10-31|2026-08-21
prod|cohort|NFE|2026-08-24|275||0|0.27|0.275|-1.81818|5.79453|1|1|0.999997|7|0|0|0||37|32|32|0|32|0|5.11338|0|62.6127|0|4.14394|0.226182|0.226182|0|0|CLEARED_NOTHING|4.91|0.0560081|0|529858|2025-07-21|2026-08-21
prod|cohort|NIXX|2026-08-24|275||0|0.685|0.6788|0.913377|13.1822|0.864879|0.945483|0.86985|2|0|0|0||25|20|20|0|20|1|1.49505|0|34.5971|0|2.27215|0|0|0|0|CLEARED_NOTHING|2.1|0.323238|0|373958|2025-07-21|2026-08-21
prod|cohort|NPWR|2026-08-24|275||0|1.84|1.7|8.23529|7.79664|0.793057|0.165377|0.862561|7|0|0|0||31|27|27|2|25|3|0.0697067|0|25.4918|1|3.56279|0|0|0|1|IFFY_AT_FIRST_ZONE|5.2|0.326923|0|892057|2025-07-21|2026-08-21
prod|cohort|NRSN|2026-08-24|275||0|0.38|0.3763|0.983258|16.7159|0.988302|0.922525|0.988941|5|0|0|0||34|34|34|0|34|0|2.04659|0|100|0|2.45186|0|0|0|0|CLEARED_NOTHING|2.1|0.17919|0|117632|2025-07-21|2026-08-21
prod|cohort|NSSC|2026-08-24|275||0|46.16|38.09|21.1867|2.79303|0.0164681|0|0.716485|13|0|0|0||17|8|8|7|1|1|0.884227|0|34.6365|0|3.35424|0.0234992|0.0234992|0|0|INTO_SUPPLY|48.12|0.791563|0|9.26308e+06|2025-07-21|2026-08-21
prod|cohort|NTRB|2026-08-24|275||0|4.97|4.6664|6.50609|4.88883|0.75099|0|0.791652|8|2|0|0||15|8|8|1|7|1|0.0823131|0|100|0|11.941|0.0536168|0.054327|0|0|IFFY_AT_FIRST_ZONE|9.2069|0.506837|0|19999.6|2025-07-21|2026-08-21
prod|cohort|OBAI|2026-08-24|138||0|0.3582|0.3559|0.646249|11.4641|0.997904|0.997589|0.998045|3|0|0|0||19|19|19|0|19|0|4.096|0|69.4788|0|3.85412|0|0|0|0|CLEARED_NOTHING|38.5|0.00924416|0|170817|2026-02-04|2026-08-21
prod|cohort|OLOX|2026-08-24|147||0|2.36|2.09|12.9187|14.1739|0.954607|0.941651|0.976393|4|0|0|0||19|11|11|0|11|0|8.31081|0|69.7386|0|6.60151|0|0|0|0|CLEARED_NOTHING|21.9|0.0954338|0|181421|2026-01-22|2026-08-21
prod|cohort|OMH|2026-08-24|275||0|0.0963|0.0946|1.79704|23.8712|0.881475|0.877998|0.89843|9|2|10.3097|0|5.94659|34|31|31|0|31|1|1.14843|0|49.0884|0|1.6492|0.106504|0.106504|0|0|CLEARED_NOTHING|2.19|0.0431963|0|860954|2025-07-21|2026-08-21
prod|cohort|ORGO|2026-08-24|275||0|1.81|1.8|0.555556|6.21897|0.978007|0.858823|0.979583|10|3|3.28704|0|1.77678|36|28|28|0|28|1|1.24374|0|28.4848|1|5.9651|3.03582|3.03582|1|0|CLEARED_NOTHING|7.0771|0.254341|0|1.36468e+06|2025-07-21|2026-08-21
prod|cohort|PDCC|2026-08-24|271||0|8.8|8.78|0.22779|2.2964|0.97358|0.913346|0.977115|45|14|6.60371|0|11.1335|28|23|23|0|23|1|1.18763|0|14.6472|1|2.15654|0.997176|1.09395|0|1|CLEARED_NOTHING|17.9708|0.48857|0|27303.9|2025-07-21|2026-08-21
prod|cohort|PDSB|2026-08-24|275||0|0.2185|0.2185|0|17.2553|0.971484|0.91462|0.971484|5|1|0.755911|0|12.1874|35|18|18|0|18|1|0.564944|0|23.8807|1|13.7603|0.225915|0.225915|0|1|INTO_SUPPLY|1.55|0.140968|0|230193|2025-07-21|2026-08-21
prod|cohort|PLAG|2026-08-24|275||0|0.8002|0.6845|16.9028|18.9879|0.829366|0.811957|0.92632|9|2|0.389151|0|0.462258|4|0|0|0|0|0||1|0|1|38.1229|4.03483|4.20783|1|0|CLEARED_NOTHING|6.81|0.100514|0|309576|2025-07-21|2026-08-21
prod|cohort|PMI|2026-08-24|239||0|4.53|3.21|41.1215|12.3574|0.850679|0.893943|0.947192|16|6|1.38927|0|2.67065|29|21|21|3|18|0|5.2943|0|67.3751|0|4.82781|0.0675616|0.0675616|0|0|LADDER_CLIMBING|208|0.0154327|0|444032|2025-08-29|2026-08-21
prod|cohort|POAS|2026-08-24|193||0|0.1607|0.1613|-0.371978|12.6561|0.997033|0.989053|0.996711|5|0|0|0||26|10|10|0|10|1|0.703106|0|7.15995|1|1.6803|0|0|0|1|INTO_SUPPLY|7.395|0.021812|0|31761.9|2025-11-13|2026-08-21
prod|cohort|POM|2026-08-24|219||0|1.0286|0.9501|8.26229|15.5997|0.957146|0.517398|0.964377|6|2|557.529|0|187.659|23|13|13|0|13|3|0.756584|0|49.4577|0|2.71502|0.239371|0.239371|0|0|INTO_SUPPLY|115.74|0.00820892|0|39029.3|2025-10-08|2026-08-21
prod|cohort|PPCB|2026-08-24|256||0|1.1|1.08|1.85185|12.1161|0.998767|0.998165|0.998993|9|0|0|0||30|29|29|0|29|1|1.4256|0|17.7874|1|2.41912|0|0|0|1|CLEARED_NOTHING|234|0.00461538|0|49585.2|2025-08-15|2026-08-21
prod|cohort|PRPL|2026-08-24|275||0|5.51|5.53|-0.361664|9.48267|0.051041|0.999697|0.0510285|5|3|4.31583|0|4.2297|17|17|17|0|17|0|2.73687|0|0|1|6.52525|1.4138|1.4138|1|0|CLEARED_NOTHING|21.7475|0.254282|0|155712|2025-07-21|2026-08-21
prod|cohort|PSIG|2026-08-24|271||0|2.98|2.79|6.81004|9.57564|0.78719|0.676385|0.793445|12|0|0|0||28|2|2|1|1|0|31.6098|0|100|0|15.1337|0|0|0|0|LADDER_CLIMBING|12|0.2325|0|72927.7|2025-07-21|2026-08-21
prod|cohort|PUSA|2026-08-24|67||0|3.9|3.43|13.7026|8.77475|0.756415|0.771|0.87201|2|0|0|0||7|7|7|3|4|3|0.146107|0|49.4666|0|3.08857|0.165526|0.165526|0|0|IFFY_AT_FIRST_ZONE|6.57|0.52207|0|992784|2026-05-18|2026-08-21
prod|cohort|PWCM|2026-08-24|23||1|1.37|1.35|1.48148|12.9752|0.745937|0.745937|0.769004|4|0|0|0||3|2|2|0|2|0|4.50043|0|100|0|1.97745|0.690721|1.46917|0|0|CLEARED_NOTHING|2.55|0.529412|0|467734|2026-07-22|2026-08-21
prod|cohort|QNC|2026-08-24|125||0|2.09|2.13|-1.87793|6.00705|0.977741|0.980435|0.964059|5|1|0.159302|0|1.99128|18|13|13|0|13|0|1.67268|0|35.7023|0|2.38882|0.137013|0.137013|0|0|CLEARED_NOTHING|4.44|0.47973|0|1.04991e+06|2026-02-24|2026-08-21
prod|cohort|QNTM|2026-08-24|275||0|3.44|3.44|0|11.2371|0.803556|0.775675|0.803556|7|0|0|0||31|27|27|0|27|4|1.07359|0|28.9972|1|2.40587|0|0|0|1|CLEARED_NOTHING|31.9141|0.107789|0|506751|2025-07-21|2026-08-21
prod|cohort|QTRX|2026-08-24|275||0|2.99|2.99|0|8.23048|0.835463|0.722908|0.835463|7|2|2.60066|0|1.05652|30|23|23|0|23|1|0.568895|0|25.077|1|6.6086|3.85905|3.89077|1|0|INTO_SUPPLY|8.77|0.340935|0|1.74203e+06|2025-07-21|2026-08-21
prod|cohort|RAIN|2026-08-24|273||0|0.8401|0.8455|-0.638675|11.985|0.998034|0.997369|0.996948|14|0|0|0||40|29|29|0|29|1|1.37557|0|71.0072|0|5.72758|0|0|0|0|CLEARED_NOTHING|8.52|0.0992371|0|201174|2025-07-21|2026-08-21
prod|cohort|RCBC|2026-08-24|12||1|50.01|49.04|1.97798|1.78059|0|0|0.00551486|0|0|0|0||0|0|0|0|0|0||1|||2.64399|0|0|0||CLEAR_AIR|49.38|0.993115|1|1.18047e+06|2026-08-06|2026-08-21
prod|cohort|RCKT|2026-08-24|275||0|3.53|3.51|0.569801|5.50864|0.474984|0.222696|0.493141|8|0|0|0||18|10|10|0|10|4|0.514258|0|63.9339|0|1.61711|0|0|0|0|INTO_SUPPLY|5.45|0.644037|0|4.39264e+06|2025-07-21|2026-08-21
prod|cohort|RCT|2026-08-24|275||0|0.201|0.195|3.07692|9.09012|0.996147|0.992225|0.997758|7|0|0|0||39|34|34|0|34|1|0.886644|0|32.5745|0|1.73339|0.100104|0.100104|0|0|INTO_SUPPLY|3.08|0.0633117|0|89844.7|2025-07-21|2026-08-21
prod|cohort|RDZN|2026-08-24|275||0|1.58|1.55|1.93548|6.39488|0.390533|0.316822|0.422857|4|1|0|0||13|12|12|1|11|4|0.0494858|0|46.2776|0|3.85103|0|0|0|0|IFFY_AT_FIRST_ZONE|2.56|0.605469|0|327443|2025-07-21|2026-08-21
prod|cohort|RECT|2026-08-24|272||0|1.2799|1.27|0.779528|11.1568|0.9923|0.367172|0.992825|13|0|0|0||39|34|34|0|34|11|0.0707302|0|0|1|1.59023|0|0|0|1|IFFY_AT_FIRST_ZONE|4.98|0.25502|0|10677.5|2025-07-21|2026-08-21
prod|cohort|REFR|2026-08-24|275||0|0.4446|0.4451|-0.112334|11.7564|0.956432|0.834614|0.955832|3|0|0|0||36|29|29|0|29|2|1.16513|0|61.5513|0|1.37625|0|0|0|0|CLEARED_NOTHING|2.7|0.164852|0|31377.2|2025-07-21|2026-08-21
prod|cohort|RGNT|2026-08-24|174||0|2.15|2.1|2.38095|9.1094|0.955144|0.955437|0.959089|15|0|0|0||22|13|13|0|13|1|0.612707|0|85.3122|0|2.1514|0|0|0|0|INTO_SUPPLY|15.5|0.135484|0|95741.7|2025-12-04|2026-08-21
prod|cohort|RITR|2026-08-24|275||0|0.11|0.0832|32.2115|32.3323|0.895107|0.889019|0.950921|6|1|50.6108|0|141.148|30|15|15|0|15|0|2.81171|0|53.1217|0|6.0335|3.42133|3.47719|1|0|CLEARED_NOTHING|7.68|0.0108333|0|741593|2025-07-21|2026-08-21
prod|cohort|RNAZ|2026-08-24|272||0|2.9|2.87|1.0453|11.9885|0.999642|0.996973|1|13|3|2.01342|0|10.9012|34|28|28|0|28|0|2.30105|0|56.2029|0|3.84236|0|0|0|0|CLEARED_NOTHING|20.99|0.136732|0|79773.6|2025-07-21|2026-08-21
prod|cohort|ROC|2026-08-24|127||0|4.15|4.09|1.46699|8.24191|0.903133|0.794977|0.918301|0|0|0|0||18|18|18|0|18|1|1.37411|0|49.3732|0|2.81065|0|0|0|0|CLEARED_NOTHING|7.8|0.524359|0|127477|2026-02-20|2026-08-21
prod|cohort|RPGL|2026-08-24|215||0|2.49|2.3|8.26087|10.8538|0.435745|0.287691|0.67938|11|3|53.6966|0|105.373|26|17|17|0|17|1|0.333014|0|71.1429|0|3.02388|0|0|0|0|INTO_SUPPLY|4152|0.00055395|0|74508.4|2025-10-14|2026-08-21
prod|cohort|SAFX|2026-08-24|275||0|0.3484|0.3254|7.06822|11.4336|0.522797|0.954497|0.570752|8|3|0.1933|0|1.65936|30|23|23|0|23|0|1.85121|0|100|0|3.60783|0.676748|0.826078|0|0|CLEARED_NOTHING|1.87|0.174011|0|831012|2025-07-21|2026-08-21
prod|cohort|SCOR|2026-08-24|272||0|5.37|5.075|5.81281|7.59831|0.96978|0.969731|0.993911|16|1|0.12254|0|3.50465|27|19|19|0|19|1|0.367621|0|97.5873|0|4.7097|0.0916492|0.0916492|0|0|INTO_SUPPLY|10.1784|0.498605|0|68995|2025-07-21|2026-08-21
prod|cohort|SCTX|2026-08-24|21||1|35.76|34.13|4.77586|13.5195|0.0468491|0.0468491|0.079566|0|0|0|0||0|0|0|0|0|0||1|100|0|4.27641|0|0|0|0|CLEAR_AIR|39.6|0.861869|0|3.51326e+06|2026-07-24|2026-08-21
prod|cohort|SDEV|2026-08-24|97||0|1.24|1.14|8.77193|7.95469|0.722572|0.686358|0.870668|3|0|0|0||8|8|8|0|8|1|0.304142|0|100|0|2.56794|0|0|0|0|INTO_SUPPLY|2.13|0.535211|0|90172.3|2026-04-06|2026-08-21
prod|cohort|SDOT|2026-08-24|275||0|21.52|13.18|63.2777|16.1847|0.291044|0.315921|0.537053|23|3|11.3697|0|68.5855|31|24|24|3|21|0|3.95355|0|100|0|2.63705|0|0|0|0|LADDER_CLIMBING|460|0.0286522|0|1.6116e+06|2025-07-21|2026-08-21
prod|cohort|SEV|2026-08-24|213||0|2.5|2.47|1.21457|6.51473|0.528811|0.00452753|0.536976|8|2|0|0||18|18|18|0|18|3|0|0|61.5655|0|4.4564|0.311672|0.311672|0|0|IFFY_AT_FIRST_ZONE|22.43|0.11012|0|341648|2025-10-16|2026-08-21
prod|cohort|SGLY|2026-08-24|275||0|2.58|2.57|0.389105|25.5902|0.768432|0.998924|0.768778|8|4|0.711876|0|0.757315|24|22|22|0|22|0|2.58093|0|91.3055|0|4.26429|0.215835|0.567374|0|0|CLEARED_NOTHING|14.28|0.179972|0|627279|2025-07-21|2026-08-21
prod|cohort|SLGB|2026-08-24|214||0|0.506|0.4805|5.30697|11.7429|0.98186|0.987811|0.99166|11|1|9.42457|0|62.5051|28|22|22|0|22|0|1.88983|0|32.4872|0|2.39996|0.00332388|0.00332388|0|0|CLEARED_NOTHING|6.08|0.0790296|0|282311|2025-10-15|2026-08-21
prod|cohort|SLQT|2026-08-24|275||0|0.855|0.8281|3.2484|8.12552|0.777661|0.526124|0.809959|7|3|1.87266|0|7.70081|25|20|20|0|20|3|0.739853|0|74.2293|0|2.59316|0|0|0|0|INTO_SUPPLY|2.77|0.298953|0|397362|2025-07-21|2026-08-21
prod|cohort|SORA|2026-08-24|274||0|1.92|1.97|-2.53807|17.5385|0.936365|0.875549|0.919031|14|0|0|0||37|28|28|0|28|0|1.6927|0|27.3142|1|3.38154|0|0|0|1|CLEARED_NOTHING|7.225|0.272664|0|117155|2025-07-21|2026-08-21
prod|cohort|SOS|2026-08-24|275||0|1|0.9873|1.28634|11.4543|0.933012|0.396888|0.940443|6|3|19.6755|0|23.5719|32|32|32|1|31|6|0.436516|0|60.151|0|2.29384|0.0321643|0.0321643|0|0|INTO_SUPPLY|8.62|0.114536|0|41121.4|2025-07-21|2026-08-21
prod|cohort|SPRC|2026-08-24|275||0|6.92|6.695|3.36072|13.6175|0.772443|0.921687|0.778813|14|1|0.56063|0|30.2989|25|23|23|0|23|3|0.0318359|0|25.2462|1|0.712959|0|0|0|1|IFFY_AT_FIRST_ZONE|80.1|0.083583|0|208559|2025-07-21|2026-08-21
prod|cohort|SSII|2026-08-24|275||0|3.63|3.585|1.25523|6.61553|0.913305|0.663905|0.933188|2|0|0|0||34|34|34|0|34|5|0.17906|0|92.9389|0|1.47129|0|0|0|0|IFFY_AT_FIRST_ZONE|10|0.3585|0|139326|2025-07-21|2026-08-21
prod|cohort|STKE|2026-08-24|240||0|1.33|1.33|0|6.64603|0.79387|0.465202|0.79387|13|3|3.45392|0|25.681|22|20|20|0|20|6|0.113132|0|100|0|4.54236|0|0|0|0|IFFY_AT_FIRST_ZONE|13.6364|0.0975331|0|116432|2025-09-09|2026-08-21
prod|cohort|STRR|2026-08-24|263||0|10.49|9.97|5.21565|3.80033|0.208603|0.916336|0.306318|21|2|0.351181|0|2.13217|18|18|18|4|14|5|0.048162|0|44.5578|0|4.62923|0.687293|1.09987|0|0|IFFY_AT_FIRST_ZONE|11.99|0.831526|0|23827.8|2025-07-21|2026-08-20
prod|cohort|SUGP|2026-08-24|273||0|1.43|1.6|-10.625|24.6522|0.975188|0.972743|0.961536|23|0|0|0||41|32|32|0|32|0|4.1699|0|100|0|2.33643|0.00932904|0.00932904|0|0|CLEARED_NOTHING|48.5|0.0329897|0|646325|2025-07-21|2026-08-21
prod|cohort|SUIG|2026-08-24|249||0|1.1|1.09|0.917431|9.41169|0.966395|0.630387|0.968095|9|1|11.591|0|34.8696|29|29|29|0|29|1|1.35228|0|100|0|3.45581|0|0|0|0|CLEARED_NOTHING|7.25|0.150345|0|190974|2025-08-26|2026-08-21
prod|cohort|SUPX|2026-08-24|275||0|9.7|8.52|13.8498|9.99145|0.715897|0.149586|0.791759|8|4|0.237316|0|6.47977|30|22|22|1|21|3|0.185726|0|100|0|2.93506|0.0311839|0.0311839|0|0|IFFY_AT_FIRST_ZONE|76.5|0.111373|0|1.16167e+06|2025-07-21|2026-08-21
prod|cohort|SVRN|2026-08-24|191||0|8.48|7.94|6.80101|10.0465|0.505093|0.430652|0.545683|10|0|0|0||17|14|14|1|13|4|0.0469517|0|58.4031|0|2.88135|0.119029|0.119029|0|0|IFFY_AT_FIRST_ZONE|32.2|0.246584|0|75141.2|2025-11-17|2026-08-21
prod|cohort|TCRT|2026-08-24|275||0|1.77|1.76|0.568182|4.60393|0.987609|0.989054|0.988906|8|0|0|0||36|34|34|0|34|0|3.06788|0|96.1343|0|2.92609|0|0|0|0|CLEARED_NOTHING|4.59|0.383442|0|14546.2|2025-07-21|2026-08-21
prod|cohort|THH|2026-08-24|247||0|2.415|2.38|1.47059|16.4444|0.993482|0.953149|0.994853|3|0|0|0||30|24|24|0|24|0|1.97163|0|0|1|1.93414|0|0|0|1|CLEARED_NOTHING|550.5|0.00432334|0|52266.5|2025-08-28|2026-08-21
prod|cohort|TOPS|2026-08-24|275||0|0.8364|0.8087|3.42525|8.61446|0.895462|0.742709|0.910026|6|1|0|0||32|30|30|0|30|2|0.231085|0|62.8735|0|2.23284|0.073729|0.073729|0|0|IFFY_AT_FIRST_ZONE|7.3999|0.109285|0|93731|2025-07-21|2026-08-21
prod|cohort|TPET|2026-08-24|275||0|0.207|0.207|0|5.85344|0.999297|0.989925|0.999297|21|8|23.8433|0|0.5282|37|25|25|0|25|0|4.35765|0|100|0|4.54295|2.4588|2.61079|1|0|CLEARED_NOTHING|2.5|0.0828|0|259562|2025-07-21|2026-08-21
prod|cohort|TRAW|2026-08-24|275||0|0.5551|0.53|4.73585|6.71826|0.989574|0.877298|0.993864|8|3|4.45391|0|0.235969|35|30|30|0|30|0|1.64642|0|21.8687|1|3.53928|0.26068|0.26068|0|1|CLEARED_NOTHING|3.265|0.162328|0|37532.3|2025-07-21|2026-08-21
prod|cohort|TURB|2026-08-24|274||0|1.22|1.16|5.17241|7.88187|0.923728|0.966526|0.942198|14|6|10.2965|0|15.3912|27|22|22|0|22|1|0|0|70.3237|0|2.9055|0|0|0|0|IFFY_AT_FIRST_ZONE|20.45|0.0567237|0|262008|2025-07-21|2026-08-21
prod|cohort|UFG|2026-08-24|275||0|0.5987|0.5524|8.38161|9.97938|0.994498|0.907576|0.997555|4|1|49.5426|0|24.7931|32|25|25|0|25|1|0.691254|0|7.66167|1|4.32431|0|0|0|1|INTO_SUPPLY|11|0.0502182|0|24393.3|2025-07-21|2026-08-21
prod|cohort|VCIG|2026-08-24|275||0|3.33|3.1935|4.27431|15.5006|0.993659|0.979298|0.996146|22|4|82.0805|0|17.378|32|22|22|0|22|0|3.15594|0|71.2843|0|2.52056|0|0|0|0|CLEARED_NOTHING|2302.2|0.00138715|0|275761|2025-07-21|2026-08-21
prod|cohort|VMAR|2026-08-24|275||0|0.67|0.671|-0.149031|12.8348|0.934789|0.933572|0.933576|16|7|1082.16|0|18.9549|35|27|27|0|27|1|0.795409|0|33.6918|0|1.38707|0.183617|0.183617|0|0|INTO_SUPPLY|679.92|0.000986881|0|365075|2025-07-21|2026-08-21
prod|cohort|VNRX|2026-08-24|275||0|0.43|0.4169|3.14224|13.4194|0.996882|0.991723|0.998934|10|3|31.2981|0|19.5829|35|32|32|0|32|0|8.23524|0|53.6139|0|4.26875|0|0|0|0|CLEARED_NOTHING|16|0.0260562|0|300400|2025-07-21|2026-08-21
prod|cohort|VNTG|2026-08-24|275||0|0.6422|0.6055|6.06111|6.67239|0.996238|0.988205|0.99935|8|1|96.3825|0|37.9883|30|28|28|0|28|1|1.27381|0|29.0937|1|2.11165|0|0|0|1|CLEARED_NOTHING|7.655|0.0790986|0|8761.3|2025-07-21|2026-08-21
prod|cohort|VSA|2026-08-24|275||0|3.47|3.5|-0.857143|14.4492|0.957013|0.863507|0.954345|16|3|688.989|0|157.623|35|30|30|0|30|4|0.440378|0|4.67956|1|1.689|0.065467|0.065467|0|1|INTO_SUPPLY|2120.35|0.00165067|0|72552.5|2025-07-21|2026-08-21
prod|cohort|VWAV|2026-08-24|275||0|1.12|1.1|1.81818|17.5264|0.994774|0.97012|0.996878|7|0|0|0||33|21|21|0|21|0|5.19624|0|34.0492|0|3.2151|0.0463876|0.0463876|0|0|CLEARED_NOTHING|15.8|0.0696203|0|1.44705e+06|2025-07-21|2026-08-21
prod|cohort|WRAP|2026-08-24|275||0|1.5|1.52|-1.31579|8.15661|0.890651|0.943513|0.877584|9|1|0|0||27|17|17|0|17|2|1.18513|0|26.8325|1|3.08175|0|0|0|1|CLEARED_NOTHING|3.23|0.470588|0|889298|2025-07-21|2026-08-21
prod|cohort|XBIO|2026-08-24|275||0|3.74|3.59|4.17827|6.36569|0.863287|0|0.872229|8|1|0|0||5|4|4|3|1|0|1.72213|0|68.393|0|4.49525|0|0|0|0|LADDER_CLIMBING|13.93|0.257717|0|39144|2025-07-21|2026-08-21
prod|cohort|XCH|2026-08-24|275||0|4.82|4.62|4.329|16.3351|0.0610322|0.963001|0.0623684|10|2|1.52409|0|1.75271|23|23|23|0|23|0|7.87054|0|23.9421|1|5.60914|0.854996|0.854996|0|1|CLEARED_NOTHING|32|0.144375|0|81441|2025-07-21|2026-08-21
prod|cohort|XPON|2026-08-24|275||0|7.77|3.435|126.201|8.23803|0.0180322|0|0.448256|14|2|0|0||28|25|25|10|15|3|0.609285|0|57.7439|0|3.96649|2.10128|2.10128|1|0|INTO_SUPPLY|19.2|0.178906|0|116438|2025-07-21|2026-08-21
prod|cohort|XXII|2026-08-24|275||0|3.83|3.756|1.97018|6.88135|0.997681|0.977709|0.999221|25|10|197.56|0|18.8575|36|35|35|0|35|0|2.23895|0|67.2376|0|2.21537|0|0|0|0|CLEARED_NOTHING|1195.08|0.00314289|0|36281.4|2025-07-21|2026-08-21
prod|cohort|YMAT|2026-08-24|268||0|1.8993|1.8|5.51667|10.0225|0.787209|0.985203|0.801115|11|2|0|0||30|26|26|0|26|2|0.507989|0|56.4318|0|1.48383|0|0|0|0|INTO_SUPPLY|13|0.138462|0|59145.9|2025-07-30|2026-08-21
prod|cohort|ZEO|2026-08-24|275||0|0.436|0.405|7.65432|20.4491|0.989978|0.979722|0.994747|4|1|0.206375|0|16.8689|37|31|31|0|31|1|1.38966|0|100|0|1.93042|0|0|0|0|CLEARED_NOTHING|2.75|0.147273|0|88444.3|2025-07-21|2026-08-21
prod|cohort|ZJK|2026-08-24|274||0|2.21|2.25|-1.77778|8.22037|0.798272|0.535038|0.782872|10|0|0|0||26|26|25|0|25|6|0.440358|0|100|0|4.64726|0.0691187|0.0691187|0|0|INTO_SUPPLY|4.1|0.54878|0|19724.2|2025-07-21|2026-08-21
prod|cohort|ZOOZ|2026-08-24|273||0|5.71|5.618|1.63759|4.07632|0.994314|0.396011|0.995202|14|5|37.8849|0|7.26077|30|28|28|1|27|2|0.429201|0|94.3847|0|2.62413|0.324007|0.34925|0|0|INTO_SUPPLY|101.2|0.0555138|0|18269.4|2025-07-21|2026-08-21
prod|cohort|ZSTK|2026-08-24|142||0|4.74|4.71|0.636943|24.3603|0.709979|0.677341|0.713472|6|0|0|0||13|8|8|0|8|0|2.18243|0|100|0|9.79356|0.0974144|0.0974144|0|0|CLEARED_NOTHING|15.041|0.313144|0|20660.7|2026-01-29|2026-08-21
prod|cohort|ADGM|2026-08-25||no_alert_day_open|||||||||||||||||||||||||||||||||||
prod|cohort|AEI|2026-08-25||no_alert_day_open|||||||||||||||||||||||||||||||||||
prod|cohort|AEON|2026-08-25||no_alert_day_open|||||||||||||||||||||||||||||||||||
prod|cohort|AGMB|2026-08-25||no_alert_day_open|||||||||||||||||||||||||||||||||||
prod|cohort|AHMA|2026-08-25||no_alert_day_open|||||||||||||||||||||||||||||||||||
prod|cohort|AIHS|2026-08-25||no_alert_day_open|||||||||||||||||||||||||||||||||||
prod|cohort|AIRE|2026-08-25||no_alert_day_open|||||||||||||||||||||||||||||||||||
prod|cohort|AIRI|2026-08-25||no_alert_day_open|||||||||||||||||||||||||||||||||||
prod|cohort|AIXI|2026-08-25||no_alert_day_open|||||||||||||||||||||||||||||||||||
prod|cohort|AKTX|2026-08-25||no_alert_day_open|||||||||||||||||||||||||||||||||||
prod|cohort|AMIX|2026-08-25||no_alert_day_open|||||||||||||||||||||||||||||||||||
prod|cohort|AMPG|2026-08-25||no_alert_day_open|||||||||||||||||||||||||||||||||||
prod|cohort|AMST|2026-08-25||no_alert_day_open|||||||||||||||||||||||||||||||||||
prod|cohort|APMD|2026-08-25||no_alert_day_open|||||||||||||||||||||||||||||||||||
prod|cohort|APUS|2026-08-25||no_alert_day_open|||||||||||||||||||||||||||||||||||
prod|cohort|APWC|2026-08-25||no_alert_day_open|||||||||||||||||||||||||||||||||||
prod|cohort|AQMS|2026-08-25||no_alert_day_open|||||||||||||||||||||||||||||||||||
prod|cohort|ARAY|2026-08-25||no_alert_day_open|||||||||||||||||||||||||||||||||||
prod|cohort|AVXL|2026-08-25||no_alert_day_open|||||||||||||||||||||||||||||||||||
prod|cohort|AZTR|2026-08-25||no_alert_day_open|||||||||||||||||||||||||||||||||||
prod|cohort|BCTX|2026-08-25||no_alert_day_open|||||||||||||||||||||||||||||||||||
prod|cohort|BDL|2026-08-25||no_alert_day_open|||||||||||||||||||||||||||||||||||
prod|cohort|BDRX|2026-08-25||no_alert_day_open|||||||||||||||||||||||||||||||||||
prod|cohort|BGDE|2026-08-25||no_alert_day_open|||||||||||||||||||||||||||||||||||
prod|cohort|BGI|2026-08-25||no_alert_day_open|||||||||||||||||||||||||||||||||||
prod|cohort|BJDX|2026-08-25||no_alert_day_open|||||||||||||||||||||||||||||||||||
prod|cohort|BMRA|2026-08-25||no_alert_day_open|||||||||||||||||||||||||||||||||||
prod|cohort|BRBI|2026-08-25||no_alert_day_open|||||||||||||||||||||||||||||||||||
prod|cohort|BRNX|2026-08-25||no_alert_day_open|||||||||||||||||||||||||||||||||||
prod|cohort|BRTX|2026-08-25||no_alert_day_open|||||||||||||||||||||||||||||||||||
prod|cohort|BSAA|2026-08-25||no_alert_day_open|||||||||||||||||||||||||||||||||||
prod|cohort|BTCT|2026-08-25||no_alert_day_open|||||||||||||||||||||||||||||||||||
prod|cohort|BTLN|2026-08-25||no_alert_day_open|||||||||||||||||||||||||||||||||||
prod|cohort|BXBL|2026-08-25||no_alert_day_open|||||||||||||||||||||||||||||||||||
prod|cohort|BYSI|2026-08-25||no_alert_day_open|||||||||||||||||||||||||||||||||||
prod|cohort|CABR|2026-08-25||no_alert_day_open|||||||||||||||||||||||||||||||||||
prod|cohort|CAPR|2026-08-25||no_alert_day_open|||||||||||||||||||||||||||||||||||
prod|cohort|CCHH|2026-08-25||no_alert_day_open|||||||||||||||||||||||||||||||||||
prod|cohort|CIGL|2026-08-25||no_alert_day_open|||||||||||||||||||||||||||||||||||
prod|cohort|CIRC|2026-08-25||no_alert_day_open|||||||||||||||||||||||||||||||||||
prod|cohort|CISO|2026-08-25||no_alert_day_open|||||||||||||||||||||||||||||||||||
prod|cohort|CLLS|2026-08-25||no_alert_day_open|||||||||||||||||||||||||||||||||||
prod|cohort|CNTB|2026-08-25||no_alert_day_open|||||||||||||||||||||||||||||||||||
prod|cohort|CNTN|2026-08-25||no_alert_day_open|||||||||||||||||||||||||||||||||||
prod|cohort|COCP|2026-08-25||no_alert_day_open|||||||||||||||||||||||||||||||||||
prod|cohort|COSM|2026-08-25||no_alert_day_open|||||||||||||||||||||||||||||||||||
prod|cohort|CRIS|2026-08-25||no_alert_day_open|||||||||||||||||||||||||||||||||||
prod|cohort|CTSO|2026-08-25||no_alert_day_open|||||||||||||||||||||||||||||||||||
prod|cohort|CTXR|2026-08-25||no_alert_day_open|||||||||||||||||||||||||||||||||||
prod|cohort|DAIC|2026-08-25||no_alert_day_open|||||||||||||||||||||||||||||||||||
prod|cohort|DCGO|2026-08-25||no_alert_day_open|||||||||||||||||||||||||||||||||||
prod|cohort|DFNS|2026-08-25||no_alert_day_open|||||||||||||||||||||||||||||||||||
prod|cohort|DPU|2026-08-25||no_alert_day_open|||||||||||||||||||||||||||||||||||
prod|cohort|DTIL|2026-08-25||no_alert_day_open|||||||||||||||||||||||||||||||||||
prod|cohort|DTSS|2026-08-25||no_alert_day_open|||||||||||||||||||||||||||||||||||
prod|cohort|DUO|2026-08-25||no_alert_day_open|||||||||||||||||||||||||||||||||||
prod|cohort|DWSN|2026-08-25||no_alert_day_open|||||||||||||||||||||||||||||||||||
prod|cohort|DWTX|2026-08-25||no_alert_day_open|||||||||||||||||||||||||||||||||||
prod|cohort|ECBK|2026-08-25||no_alert_day_open|||||||||||||||||||||||||||||||||||
prod|cohort|EDBL|2026-08-25||no_alert_day_open|||||||||||||||||||||||||||||||||||
prod|cohort|EEIQ|2026-08-25||no_alert_day_open|||||||||||||||||||||||||||||||||||
prod|cohort|ELBM|2026-08-25||no_alert_day_open|||||||||||||||||||||||||||||||||||
prod|cohort|EMIS|2026-08-25||no_alert_day_open|||||||||||||||||||||||||||||||||||
prod|cohort|EVGN|2026-08-25||no_alert_day_open|||||||||||||||||||||||||||||||||||
prod|cohort|EYPT|2026-08-25||no_alert_day_open|||||||||||||||||||||||||||||||||||
prod|cohort|FAC|2026-08-25||no_alert_day_open|||||||||||||||||||||||||||||||||||
prod|cohort|FBDT|2026-08-25||no_alert_day_open|||||||||||||||||||||||||||||||||||
prod|cohort|FFAI|2026-08-25||no_alert_day_open|||||||||||||||||||||||||||||||||||
prod|cohort|FGL|2026-08-25||no_alert_day_open|||||||||||||||||||||||||||||||||||
prod|cohort|FLNC|2026-08-25||no_alert_day_open|||||||||||||||||||||||||||||||||||
prod|cohort|FLUX|2026-08-25||no_alert_day_open|||||||||||||||||||||||||||||||||||
prod|cohort|FNGR|2026-08-25||no_alert_day_open|||||||||||||||||||||||||||||||||||
prod|cohort|FRSX|2026-08-25||no_alert_day_open|||||||||||||||||||||||||||||||||||
prod|cohort|GCDT|2026-08-25||no_alert_day_open|||||||||||||||||||||||||||||||||||
prod|cohort|GELS|2026-08-25||no_alert_day_open|||||||||||||||||||||||||||||||||||
prod|cohort|GEMI|2026-08-25||no_alert_day_open|||||||||||||||||||||||||||||||||||
prod|cohort|GEVO|2026-08-25||no_alert_day_open|||||||||||||||||||||||||||||||||||
prod|cohort|GHG|2026-08-25||no_alert_day_open|||||||||||||||||||||||||||||||||||
prod|cohort|GITS|2026-08-25||no_alert_day_open|||||||||||||||||||||||||||||||||||
prod|cohort|GLIBA|2026-08-25||no_alert_day_open|||||||||||||||||||||||||||||||||||
prod|cohort|GOAI|2026-08-25||no_alert_day_open|||||||||||||||||||||||||||||||||||
prod|cohort|GPUS|2026-08-25||no_alert_day_open|||||||||||||||||||||||||||||||||||
prod|cohort|GRDX|2026-08-25||no_alert_day_open|||||||||||||||||||||||||||||||||||
prod|cohort|GRI|2026-08-25||no_alert_day_open|||||||||||||||||||||||||||||||||||
prod|cohort|GRML|2026-08-25||no_alert_day_open|||||||||||||||||||||||||||||||||||
prod|cohort|GROV|2026-08-25||no_alert_day_open|||||||||||||||||||||||||||||||||||
prod|cohort|GSUN|2026-08-25||no_alert_day_open|||||||||||||||||||||||||||||||||||
prod|cohort|HAO|2026-08-25||no_alert_day_open|||||||||||||||||||||||||||||||||||
prod|cohort|HODO|2026-08-25||no_alert_day_open|||||||||||||||||||||||||||||||||||
prod|cohort|HSCS|2026-08-25||no_alert_day_open|||||||||||||||||||||||||||||||||||
prod|cohort|HVII|2026-08-25||no_alert_day_open|||||||||||||||||||||||||||||||||||
prod|cohort|ILLR|2026-08-25||no_alert_day_open|||||||||||||||||||||||||||||||||||
prod|cohort|IMTX|2026-08-25||no_alert_day_open|||||||||||||||||||||||||||||||||||
prod|cohort|INDP|2026-08-25||no_alert_day_open|||||||||||||||||||||||||||||||||||
prod|cohort|IPDN|2026-08-25||no_alert_day_open|||||||||||||||||||||||||||||||||||
prod|cohort|IPW|2026-08-25||no_alert_day_open|||||||||||||||||||||||||||||||||||
prod|cohort|ISPR|2026-08-25||no_alert_day_open|||||||||||||||||||||||||||||||||||
prod|cohort|JAGX|2026-08-25||no_alert_day_open|||||||||||||||||||||||||||||||||||
prod|cohort|JEM|2026-08-25||no_alert_day_open|||||||||||||||||||||||||||||||||||
prod|cohort|KDK|2026-08-25||no_alert_day_open|||||||||||||||||||||||||||||||||||
prod|cohort|KURA|2026-08-25||no_alert_day_open|||||||||||||||||||||||||||||||||||
prod|cohort|LAB|2026-08-25||no_alert_day_open|||||||||||||||||||||||||||||||||||
prod|cohort|LEDS|2026-08-25||no_alert_day_open|||||||||||||||||||||||||||||||||||
prod|cohort|LHSW|2026-08-25||no_alert_day_open|||||||||||||||||||||||||||||||||||
prod|cohort|LNAI|2026-08-25||no_alert_day_open|||||||||||||||||||||||||||||||||||
prod|cohort|LNKS|2026-08-25||no_alert_day_open|||||||||||||||||||||||||||||||||||
prod|cohort|LSF|2026-08-25||no_alert_day_open|||||||||||||||||||||||||||||||||||
prod|cohort|LTRN|2026-08-25||no_alert_day_open|||||||||||||||||||||||||||||||||||
prod|cohort|MAIR|2026-08-25||no_alert_day_open|||||||||||||||||||||||||||||||||||
prod|cohort|MAMO|2026-08-25||no_alert_day_open|||||||||||||||||||||||||||||||||||
prod|cohort|MB|2026-08-25||no_alert_day_open|||||||||||||||||||||||||||||||||||
prod|cohort|MDIA|2026-08-25||no_alert_day_open|||||||||||||||||||||||||||||||||||
prod|cohort|MEI|2026-08-25||no_alert_day_open|||||||||||||||||||||||||||||||||||
prod|cohort|MERC|2026-08-25||no_alert_day_open|||||||||||||||||||||||||||||||||||
prod|cohort|MGYR|2026-08-25||no_alert_day_open|||||||||||||||||||||||||||||||||||
prod|cohort|MLCI|2026-08-25||no_alert_day_open|||||||||||||||||||||||||||||||||||
prod|cohort|MNOV|2026-08-25||no_alert_day_open|||||||||||||||||||||||||||||||||||
prod|cohort|MRM|2026-08-25||no_alert_day_open|||||||||||||||||||||||||||||||||||
prod|cohort|MRNO|2026-08-25||no_alert_day_open|||||||||||||||||||||||||||||||||||
prod|cohort|MSN|2026-08-25||no_alert_day_open|||||||||||||||||||||||||||||||||||
prod|cohort|MTEK|2026-08-25||no_alert_day_open|||||||||||||||||||||||||||||||||||
prod|cohort|MYO|2026-08-25||no_alert_day_open|||||||||||||||||||||||||||||||||||
prod|cohort|NBBK|2026-08-25||no_alert_day_open|||||||||||||||||||||||||||||||||||
prod|cohort|NCPL|2026-08-25||no_alert_day_open|||||||||||||||||||||||||||||||||||
prod|cohort|NEPH|2026-08-25||no_alert_day_open|||||||||||||||||||||||||||||||||||
prod|cohort|NEXR|2026-08-25||no_alert_day_open|||||||||||||||||||||||||||||||||||
prod|cohort|NMAD|2026-08-25||no_alert_day_open|||||||||||||||||||||||||||||||||||
prod|cohort|NNBR|2026-08-25||no_alert_day_open|||||||||||||||||||||||||||||||||||
prod|cohort|NNOX|2026-08-25||no_alert_day_open|||||||||||||||||||||||||||||||||||
prod|cohort|NOMA|2026-08-25||no_alert_day_open|||||||||||||||||||||||||||||||||||
prod|cohort|NWGL|2026-08-25||no_alert_day_open|||||||||||||||||||||||||||||||||||
prod|cohort|NXTS|2026-08-25||no_alert_day_open|||||||||||||||||||||||||||||||||||
prod|cohort|NYAX|2026-08-25||no_alert_day_open|||||||||||||||||||||||||||||||||||
prod|cohort|ODYS|2026-08-25||no_alert_day_open|||||||||||||||||||||||||||||||||||
prod|cohort|OESX|2026-08-25||no_alert_day_open|||||||||||||||||||||||||||||||||||
prod|cohort|OFAL|2026-08-25||no_alert_day_open|||||||||||||||||||||||||||||||||||
prod|cohort|OTAI|2026-08-25||no_alert_day_open|||||||||||||||||||||||||||||||||||
prod|cohort|PACB|2026-08-25||no_alert_day_open|||||||||||||||||||||||||||||||||||
prod|cohort|PARK|2026-08-25||no_alert_day_open|||||||||||||||||||||||||||||||||||
prod|cohort|PAVS|2026-08-25||no_alert_day_open|||||||||||||||||||||||||||||||||||
prod|cohort|PBAM|2026-08-25||no_alert_day_open|||||||||||||||||||||||||||||||||||
prod|cohort|PDC|2026-08-25||no_alert_day_open|||||||||||||||||||||||||||||||||||
prod|cohort|PDSB|2026-08-25||no_alert_day_open|||||||||||||||||||||||||||||||||||
prod|cohort|PFSA|2026-08-25||no_alert_day_open|||||||||||||||||||||||||||||||||||
prod|cohort|PLYX|2026-08-25||no_alert_day_open|||||||||||||||||||||||||||||||||||
prod|cohort|PMEC|2026-08-25||no_alert_day_open|||||||||||||||||||||||||||||||||||
prod|cohort|PMI|2026-08-25||no_alert_day_open|||||||||||||||||||||||||||||||||||
prod|cohort|POAS|2026-08-25||no_alert_day_open|||||||||||||||||||||||||||||||||||
prod|cohort|PODC|2026-08-25||no_alert_day_open|||||||||||||||||||||||||||||||||||
prod|cohort|PROP|2026-08-25||no_alert_day_open|||||||||||||||||||||||||||||||||||
prod|cohort|PRZO|2026-08-25||no_alert_day_open|||||||||||||||||||||||||||||||||||
prod|cohort|PUSA|2026-08-25||no_alert_day_open|||||||||||||||||||||||||||||||||||
prod|cohort|RBNE|2026-08-25||no_alert_day_open|||||||||||||||||||||||||||||||||||
prod|cohort|RCON|2026-08-25||no_alert_day_open|||||||||||||||||||||||||||||||||||
prod|cohort|RCT|2026-08-25||no_alert_day_open|||||||||||||||||||||||||||||||||||
prod|cohort|RDZN|2026-08-25||no_alert_day_open|||||||||||||||||||||||||||||||||||
prod|cohort|REAX|2026-08-25||no_alert_day_open|||||||||||||||||||||||||||||||||||
prod|cohort|RECT|2026-08-25||no_alert_day_open|||||||||||||||||||||||||||||||||||
prod|cohort|RIME|2026-08-25||no_alert_day_open|||||||||||||||||||||||||||||||||||
prod|cohort|RMSG|2026-08-25||no_alert_day_open|||||||||||||||||||||||||||||||||||
prod|cohort|RNAZ|2026-08-25||no_alert_day_open|||||||||||||||||||||||||||||||||||
prod|cohort|RNXT|2026-08-25||no_alert_day_open|||||||||||||||||||||||||||||||||||
prod|cohort|RPGL|2026-08-25||no_alert_day_open|||||||||||||||||||||||||||||||||||
prod|cohort|RR|2026-08-25||no_alert_day_open|||||||||||||||||||||||||||||||||||
prod|cohort|RUBI|2026-08-25||no_alert_day_open|||||||||||||||||||||||||||||||||||
prod|cohort|RYOJ|2026-08-25||no_alert_day_open|||||||||||||||||||||||||||||||||||
prod|cohort|RZLV|2026-08-25||no_alert_day_open|||||||||||||||||||||||||||||||||||
prod|cohort|SANA|2026-08-25||no_alert_day_open|||||||||||||||||||||||||||||||||||
prod|cohort|SDA|2026-08-25||no_alert_day_open|||||||||||||||||||||||||||||||||||
prod|cohort|SDST|2026-08-25||no_alert_day_open|||||||||||||||||||||||||||||||||||
prod|cohort|SHPH|2026-08-25||no_alert_day_open|||||||||||||||||||||||||||||||||||
prod|cohort|SJT|2026-08-25||no_alert_day_open|||||||||||||||||||||||||||||||||||
prod|cohort|SKYA|2026-08-25||no_alert_day_open|||||||||||||||||||||||||||||||||||
prod|cohort|SLGB|2026-08-25||no_alert_day_open|||||||||||||||||||||||||||||||||||
prod|cohort|SLNH|2026-08-25||no_alert_day_open|||||||||||||||||||||||||||||||||||
prod|cohort|SLQT|2026-08-25||no_alert_day_open|||||||||||||||||||||||||||||||||||
prod|cohort|SNYR|2026-08-25||no_alert_day_open|||||||||||||||||||||||||||||||||||
prod|cohort|SOS|2026-08-25||no_alert_day_open|||||||||||||||||||||||||||||||||||
prod|cohort|SPAI|2026-08-25||no_alert_day_open|||||||||||||||||||||||||||||||||||
prod|cohort|SQFT|2026-08-25||no_alert_day_open|||||||||||||||||||||||||||||||||||
prod|cohort|SWVL|2026-08-25||no_alert_day_open|||||||||||||||||||||||||||||||||||
prod|cohort|TENX|2026-08-25||no_alert_day_open|||||||||||||||||||||||||||||||||||
prod|cohort|TGHL|2026-08-25||no_alert_day_open|||||||||||||||||||||||||||||||||||
prod|cohort|THCH|2026-08-25||no_alert_day_open|||||||||||||||||||||||||||||||||||
prod|cohort|THH|2026-08-25||no_alert_day_open|||||||||||||||||||||||||||||||||||
prod|cohort|THRY|2026-08-25||no_alert_day_open|||||||||||||||||||||||||||||||||||
prod|cohort|TLSA|2026-08-25||no_alert_day_open|||||||||||||||||||||||||||||||||||
prod|cohort|TMCI|2026-08-25||no_alert_day_open|||||||||||||||||||||||||||||||||||
prod|cohort|TNMG|2026-08-25||no_alert_day_open|||||||||||||||||||||||||||||||||||
prod|cohort|TOPP|2026-08-25||no_alert_day_open|||||||||||||||||||||||||||||||||||
prod|cohort|TRIB|2026-08-25||no_alert_day_open|||||||||||||||||||||||||||||||||||
prod|cohort|TWAV|2026-08-25||no_alert_day_open|||||||||||||||||||||||||||||||||||
prod|cohort|TXMD|2026-08-25||no_alert_day_open|||||||||||||||||||||||||||||||||||
prod|cohort|UCL|2026-08-25||no_alert_day_open|||||||||||||||||||||||||||||||||||
prod|cohort|UPXI|2026-08-25||no_alert_day_open|||||||||||||||||||||||||||||||||||
prod|cohort|USCB|2026-08-25||no_alert_day_open|||||||||||||||||||||||||||||||||||
prod|cohort|UXIN|2026-08-25||no_alert_day_open|||||||||||||||||||||||||||||||||||
prod|cohort|VCIG|2026-08-25||no_alert_day_open|||||||||||||||||||||||||||||||||||
prod|cohort|VERI|2026-08-25||no_alert_day_open|||||||||||||||||||||||||||||||||||
prod|cohort|VNRX|2026-08-25||no_alert_day_open|||||||||||||||||||||||||||||||||||
prod|cohort|WAFD|2026-08-25||no_alert_day_open|||||||||||||||||||||||||||||||||||
prod|cohort|WBUY|2026-08-25||no_alert_day_open|||||||||||||||||||||||||||||||||||
prod|cohort|WKSP|2026-08-25||no_alert_day_open|||||||||||||||||||||||||||||||||||
prod|cohort|WLDS|2026-08-25||no_alert_day_open|||||||||||||||||||||||||||||||||||
prod|cohort|WSBK|2026-08-25||no_alert_day_open|||||||||||||||||||||||||||||||||||
prod|cohort|WVVI|2026-08-25||no_alert_day_open|||||||||||||||||||||||||||||||||||
prod|cohort|XELB|2026-08-25||no_alert_day_open|||||||||||||||||||||||||||||||||||
prod|cohort|XXII|2026-08-25||no_alert_day_open|||||||||||||||||||||||||||||||||||
prod|cohort|YI|2026-08-25||no_alert_day_open|||||||||||||||||||||||||||||||||||
prod|cohort|ZENA|2026-08-25||no_alert_day_open|||||||||||||||||||||||||||||||||||
prod|cohort|ZEPP|2026-08-25||no_alert_day_open|||||||||||||||||||||||||||||||||||
prod|cohort|ZSQR|2026-08-25||no_alert_day_open|||||||||||||||||||||||||||||||||||
prod|fixture|MRNA|2026-08-19|272||0|116.02|62.96|84.2757|5.72263|0|0|0.0580097|16|2|0|0||2|0|0|0|0|0||1|23.9904|1|3.13046|0|0|0|1|CLEAR_AIR|85.6|0.735514|1|2.8731e+08|2025-07-21|2026-08-18
prod|fixture|MU|2026-04-08|180||0|415.13|377.58|9.94491|6.02317|0.141978|0.315684|0.303364|32|10|0.0431931|0|1.68333|4|4|4|0|4|2|0.870257|0|33.5144|0|6.14992|0.25371|0.458919|0|0|INTO_SUPPLY|471.34|0.801078|0|1.90535e+10|2025-07-21|2026-04-07
prod|fixture|UMC|2026-04-17|187||0|11.85|10.62|11.5819|2.47533|0.0170287|0.046368|0.0859409|42|18|2.4546|0|0.0340917|2|0|0|0|0|0||1|66.6045|0|8.72194|1.82707|5.94632|3|0|CLEARED_NOTHING|12.68|0.837539|0|7.14875e+07|2025-07-21|2026-04-16
prod|fixture|STRL|2026-04-08|180||0|413.58|382.22|8.2047|5.85274|0.137411|0.4549|0.290281|16|4|0.17186|0|1.29597|9|8|8|1|7|4|0.229697|0|60.7941|0|2.8745|0.272276|0.564375|0|0|IFFY_AT_FIRST_ZONE|477.028|0.801253|0|1.79037e+08|2025-07-21|2026-04-07
prod|fixture|MRVL|2026-03-31|175||0|96.4|87.81|9.78248|5.28564|0.0472039|0.0444291|0.301642|25|2|0|0||11|5|5|1|4|4|0.229621|0|89.743|0|2.26553|0.172061|0.204486|0|0|IFFY_AT_FIRST_ZONE|102.77|0.854432|0|1.5148e+09|2025-07-21|2026-03-30
prod|fixture|ASX|2026-04-08|180||0|24|22.19|8.15683|3.29595|0.0244205|0.0694053|0.11041|52|20|0|0||5|3|3|2|1|0|1.62447|0|35.9088|0|2.3231|0.818683|1.49546|0|0|LADDER_CLIMBING|25.285|0.877595|0|1.35577e+08|2025-07-21|2026-04-07
prod|fixture|SNDK|2026-04-08|180||0|784|710.8|10.2983|7.73714|0|0|0.0490973|20|11|0|0||2|2|2|2|0|0||1|36.3696|0|3.67218|0.178613|0.246592|0|0|CLEAR_AIR|777.6|0.914095|1|1.18413e+10|2025-07-21|2026-04-07
prod|fixture|SNOW|2026-05-07|201||0|153.43|139.74|9.79677|5.69208|0.828781|0.520322|0.931164|19|5|2.80764|0|4.20686|23|20|20|2|18|4|0.246755|0|51.5547|0|2.33754|0.282321|0.282321|0|0|IFFY_AT_FIRST_ZONE|280.67|0.49788|0|1.0332e+09|2025-07-21|2026-05-06
prod|fixture|ALGM|2026-04-08|180||0|36.33|33.28|9.16466|4.93332|0.179675|0.433827|0.28871|18|2|0.0697437|0|2.18716|10|10|10|7|3|0|1.91377|0|33.7044|0|3.35923|0.228226|0.273243|0|0|LADDER_CLIMBING|43.86|0.758778|0|5.13946e+07|2025-07-21|2026-04-07
prod|fixture|NBIS|2026-04-08|180||0|126.88|117.4|8.07496|6.98199|0.0520725|0.0262036|0.141471|17|4|0|0||6|6|6|2|4|3|0.611824|0|51.3869|0|3.67129|0.32242|0.326166|0|0|INTO_SUPPLY|141.1|0.832034|0|1.5207e+09|2025-07-21|2026-04-07
prod|fixture|AMKR|2026-04-08|180||0|51.92|47.62|9.02982|5.9885|0.0587446|0.119858|0.248846|27|6|0|0||8|5|5|3|2|1|0.254082|0|37.1154|0|3.23629|0.272737|0.432196|0|0|INTO_SUPPLY|57.09|0.834122|0|1.44952e+08|2025-07-21|2026-04-07
prod|fixture|AEHR|2026-03-31|175||0|33.51|30.115|11.2735|11.3637|0.187702|0.511216|0.292476|12|3|0.143488|0|1.11177|9|6|6|1|5|2|0.154938|0|68.1284|0|2.92187|0.123195|0.123195|0|0|IFFY_AT_FIRST_ZONE|46.95|0.641427|0|5.56384e+07|2025-07-21|2026-03-30
prod|fixture|UMC|2026-05-06|200||0|15.29|14.01|9.13633|3.20931|0|0|0.00334451|50|20|0|0||0|0|0|0|0|0||1|34.6403|0|10.2601|1.96579|7.75232|3|0|CLEAR_AIR|14.215|0.985579|1|1.27592e+08|2025-07-21|2026-05-05
prod|fixture|FLY|2026-03-12|149||0|23.7|20.6|15.0485|8.93674|0.628181|0.550752|0.812135|11|4|1.96411|0|5.03775|17|16|16|4|12|3|0.231349|0|53.755|0|1.22761|0|0|0|0|IFFY_AT_FIRST_ZONE|73.8|0.279133|0|4.93026e+07|2025-08-07|2026-03-11
prod|fixture|BE|2026-04-08|180||0|149.4|135.91|9.92569|8.93185|0.145241|0.503483|0.275682|18|3|0|0||12|11|11|4|7|5|0.0906763|0|32.2279|0|3.88656|0|0|0|0|IFFY_AT_FIRST_ZONE|180.9|0.751299|0|1.45249e+09|2025-07-21|2026-04-07
prod|fixture|USAR|2026-04-08|180||0|16.01|14.64|9.35792|7.98251|0.785949|0.928201|0.873107|12|1|0.175978|0|1.65892|19|12|12|1|11|2|0.250391|0|68.63|0|4.26714|0.15312|0.15312|0|0|INTO_SUPPLY|43.98|0.332879|0|1.98996e+08|2025-07-21|2026-04-07
prod|fixture|QCOM|2026-04-24|192||0|145.61|133.95|8.70474|2.3835|0.66965|0.106717|0.831834|11|4|0.610844|0|0.383218|18|8|8|2|6|1|0.383218|0|56.466|0|4.24795|0.071013|0.071013|0|0|INTO_SUPPLY|205.95|0.650401|0|1.23387e+09|2025-07-21|2026-04-23
prod|fixture|QBTS|2026-04-08|180||0|15.25|13.74|10.9898|6.5379|0.958971|0.911574|0.992752|10|2|0.178229|0|0.584035|24|20|20|1|19|2|1.0431|0|54.332|0|4.68782|0.0695669|0.133526|0|0|LADDER_CLIMBING|46.75|0.293904|0|3.22525e+08|2025-07-21|2026-04-07
prod|fixture|AMD|2026-04-24|192||0|336.755|305.33|10.2921|4.36829|0|0|0.00218227|28|6|0|0||0|0|0|0|0|0||1|58.8567|0|7.8836|0.515817|0.991093|0|0|CLEAR_AIR|310.22|0.984237|1|8.3726e+09|2025-07-21|2026-04-23
prod|fixture|HUT|2026-04-08|180||0|57.085|52.66|8.40296|7.19545|0.0866067|0.272696|0.199835|16|5|0|0||11|9|9|3|6|5|0.0547776|0|52.5011|0|3.61598|0.347116|0.669943|0|0|IFFY_AT_FIRST_ZONE|66.07|0.797033|0|2.00498e+08|2025-07-21|2026-04-07
prod|fixture|QURE|2026-05-29|216||0|28.75|24.85|15.6942|8.3138|0.332264|0.023614|0.476159|12|2|12.8608|0|3.11269|9|5|5|1|4|4|0.00836744|0|16.812|1|2.40086|0|0|0|1|IFFY_AT_FIRST_ZONE|71.5|0.347552|0|3.89289e+07|2025-07-21|2026-05-28
prod|fixture|ARM|2026-05-06|200||0|232|208.84|11.0898|5.9141|0.00520505|0.0143089|0.0430496|30|3|0|0||2|1|1|1|0|0||1|39.3267|0|6.32705|0.625989|1.04351|0|0|CLEAR_AIR|237.68|0.87866|0|1.16327e+09|2025-07-21|2026-05-05
prod|fixture|SMTC|2026-03-30|174||0|78.02|72.16|8.12084|6.56014|0.259776|0.655803|0.469597|11|1|0|0||15|10|10|2|8|4|0.658432|0|47.7936|0|3.24077|0.156308|0.156308|0|0|INTO_SUPPLY|96.46|0.748082|0|1.95458e+08|2025-07-21|2026-03-27
prod|fixture|IREN|2026-04-08|180||0|38.7|35.74|8.28204|7.11341|0.731866|0.865559|0.788669|14|3|0|0||16|11|11|0|11|1|1.48199|0|49.3638|0|4.2568|0|0|0|0|CLEARED_NOTHING|76.87|0.464941|0|1.1993e+09|2025-07-21|2026-04-07
prod|fixture|APLD|2026-04-08|180||0|28.445|25.18|12.9666|7.25223|0.444822|0.704684|0.586519|19|2|0|0||15|14|14|2|12|4|0.101799|0|39.069|0|4.19591|0.255564|0.255564|0|0|IFFY_AT_FIRST_ZONE|42.27|0.595694|0|4.37234e+08|2025-07-21|2026-04-07
prod|fixture|INTC|2026-04-24|192||0|82.2|66.78|23.0907|5.57702|0|0|0.0177108|21|9|0|0||1|1|1|1|0|0||1|35.3598|0|5.00315|0.518503|0.518503|0|0|CLEAR_AIR|70.325|0.949591|1|6.15579e+09|2025-07-21|2026-04-23
prod|v2rej|AERO|2026-08-24|198||0|14|13.72|2.04082|4.6964|0.883361|0.953189|0.916891|6|0|0|0||23|19|19|0|19|2|0.304184|0|87.585|0|3.88004|0|0|0|0|INTO_SUPPLY|23.05|0.595228|0|3.67938e+06|2025-11-06|2026-08-21
prod|v2rej|BBCQ|2026-08-24|141||0|10.13|9.71|4.32544|0.656051|0.79216|0.991501|0.998592|9|3|0.300942|1|1.0533|10|8|8|0|8|1|1.0533|0|100|0|7.64384|2.69517|2.84447|1|0|INTO_SUPPLY|11.26|0.862345|0|2.007e+06|2026-01-28|2026-08-21
prod|v2rej|CAPR|2026-08-24|274||0|8.03|6.29|27.663|15.5376|0.444079|0.219292|0.779239|14|7|17.9454|0|0.208388|30|17|17|0|17|4|0.0240448|0|54.227|0|6.32872|2.47655|2.47655|1|0|IFFY_AT_FIRST_ZONE|40.37|0.155809|0|3.8188e+07|2025-07-21|2026-08-21
prod|v2rej|HVII|2026-08-24|249||0|7.4|6.385|15.8966|2.35072|0.997416|0.987493|0.999697|46|18|8.04813|0|10.6638|4|4|4|0|4|0|18.0364|0|100|0|16.7613|5.1129|5.194|1|0|CLEARED_NOTHING|10.99|0.580983|0|575182|2025-07-21|2026-08-21
prod|v2rej|JLHL|2026-08-24|275||0|7.02|6.6|6.36364|17.0703|0.764802|0.80987|0.787408|9|1|0|0||14|10|10|0|10|0|1.65229|0|0|1|3.02529|0.702543|0.702543|0|1|CLEARED_NOTHING|57.95|0.113891|0|1.1486e+06|2025-07-21|2026-08-21
prod|v2rej|NSSC|2026-08-24|275||0|46.16|38.09|21.1867|2.79303|0.0164681|0|0.716485|13|0|0|0||17|8|8|7|1|1|0.884227|0|34.6365|0|3.35424|0.0234992|0.0234992|0|0|INTO_SUPPLY|48.12|0.791563|0|9.26308e+06|2025-07-21|2026-08-21
prod|v2rej|SCTX|2026-08-24|21||1|35.76|34.13|4.77586|13.5195|0.0468491|0.0468491|0.079566|0|0|0|0||0|0|0|0|0|0||1|100|0|4.27641|0|0|0|0|CLEAR_AIR|39.6|0.861869|0|3.51326e+06|2026-07-24|2026-08-21
prod|v2rej|SDOT|2026-08-24|275||0|21.52|13.18|63.2777|16.1847|0.291044|0.315921|0.537053|23|3|11.3697|0|68.5855|31|24|24|3|21|0|3.95355|0|100|0|2.63705|0|0|0|0|LADDER_CLIMBING|460|0.0286522|0|1.6116e+06|2025-07-21|2026-08-21
prod|v2rej|SUPX|2026-08-24|275||0|9.7|8.52|13.8498|9.99145|0.715897|0.149586|0.791759|8|4|0.237316|0|6.47977|30|22|22|1|21|3|0.185726|0|100|0|2.93506|0.0311839|0.0311839|0|0|IFFY_AT_FIRST_ZONE|76.5|0.111373|0|1.16167e+06|2025-07-21|2026-08-21
prod|v2rej|AMIX|2026-08-25||no_alert_day_open|||||||||||||||||||||||||||||||||||
prod|v2rej|APMD|2026-08-25||no_alert_day_open|||||||||||||||||||||||||||||||||||
prod|v2rej|CAPR|2026-08-25||no_alert_day_open|||||||||||||||||||||||||||||||||||
prod|v2rej|DFNS|2026-08-25||no_alert_day_open|||||||||||||||||||||||||||||||||||
prod|v2rej|DTIL|2026-08-25||no_alert_day_open|||||||||||||||||||||||||||||||||||
prod|v2rej|FLNC|2026-08-25||no_alert_day_open|||||||||||||||||||||||||||||||||||
prod|v2rej|GRML|2026-08-25||no_alert_day_open|||||||||||||||||||||||||||||||||||
prod|v2rej|HVII|2026-08-25||no_alert_day_open|||||||||||||||||||||||||||||||||||
prod|v2rej|IMTX|2026-08-25||no_alert_day_open|||||||||||||||||||||||||||||||||||
prod|v2rej|KURA|2026-08-25||no_alert_day_open|||||||||||||||||||||||||||||||||||
prod|v2rej|MAIR|2026-08-25||no_alert_day_open|||||||||||||||||||||||||||||||||||
prod|v2rej|MEI|2026-08-25||no_alert_day_open|||||||||||||||||||||||||||||||||||
prod|v2rej|NBBK|2026-08-25||no_alert_day_open|||||||||||||||||||||||||||||||||||
prod|v2rej|OESX|2026-08-25||no_alert_day_open|||||||||||||||||||||||||||||||||||
prod|v2rej|PMI|2026-08-25||no_alert_day_open|||||||||||||||||||||||||||||||||||
prod|v2rej|REAX|2026-08-25||no_alert_day_open|||||||||||||||||||||||||||||||||||
prod|v2rej|SPAI|2026-08-25||no_alert_day_open|||||||||||||||||||||||||||||||||||
prod|v2rej|WAFD|2026-08-25||no_alert_day_open|||||||||||||||||||||||||||||||||||
poly|fixture|MRNA|2026-08-19|272||0|116.02|62.96|84.2757|5.72263|0|0|0.0620635|16|2|0|0||2|0|0|0|0|0||1|23.9904|1|3.13046|0|0|0|1|CLEAR_AIR|85.6|0.735514|1|2.87952e+08|2025-07-21|2026-08-18
poly|fixture|MU|2026-04-08|271||0|415.13|377.58|9.94491|6.02308|0.100931|0.314149|0.215985|54|16|0.0431938|0|1.68336|4|4|4|0|4|2|0.870271|0|33.5461|0|6.15002|0.253583|0.458795|0|0|INTO_SUPPLY|471.34|0.801078|0|1.92027e+10|2025-03-10|2026-04-07
poly|fixture|UMC|2026-04-17|272||0|11.85|10.62|11.5819|2.47533|0.010721|0.0463487|0.0541205|57|18|2.4546|0|0.0340917|2|0|0|0|0|0||1|66.6045|0|8.72194|1.82707|5.94632|3|0|CLEARED_NOTHING|12.68|0.837539|0|7.15054e+07|2025-03-18|2026-04-16
poly|fixture|STRL|2026-04-08|271||0|413.58|382.22|8.2047|5.85347|0.0843956|0.454688|0.178333|26|9|0.171838|0|1.29581|9|8|8|1|7|4|0.229669|0|60.7774|0|2.87414|0.272242|0.564305|0|0|IFFY_AT_FIRST_ZONE|477.028|0.801253|0|1.7948e+08|2025-03-10|2026-04-07
poly|fixture|MRVL|2026-03-31|271||0|96.4|87.81|9.78248|5.28565|0.0292139|0.0447144|0.19422|44|5|0|0||11|5|5|1|4|4|0.22962|0|89.7378|0|2.26553|0.172067|0.204491|0|0|IFFY_AT_FIRST_ZONE|102.77|0.854432|0|1.52191e+09|2025-03-03|2026-03-30
poly|fixture|ASX|2026-04-08|271||0|24|22.19|8.15683|3.29595|0.0133442|0.0693904|0.0603378|69|23|0|0||5|3|3|2|1|0|1.62447|0|35.9088|0|2.3231|0.818683|1.49546|0|0|LADDER_CLIMBING|25.285|0.877595|0|1.35611e+08|2025-03-10|2026-04-07
poly|fixture|SNDK|2026-04-08|271||0|784|710.8|10.2983|7.73714|0|0|0.0436574|30|12|0|0||2|2|2|2|0|0||1|36.3696|0|3.67218|0.178613|0.246592|0|0|CLEAR_AIR|777.6|0.914095|1|1.19877e+10|2025-03-10|2026-04-07
poly|fixture|SNOW|2026-05-07|272||0|153.43|139.74|9.79677|5.69208|0.826261|0.518146|0.9305|25|5|2.80764|0|4.20686|27|24|24|4|20|4|0.246755|0|51.5547|0|2.33754|0.282321|0.282321|0|0|IFFY_AT_FIRST_ZONE|280.67|0.49788|0|1.05337e+09|2025-04-07|2026-05-06
poly|fixture|ALGM|2026-04-08|271||0|36.33|33.28|9.16466|4.93332|0.127233|0.433299|0.231462|32|4|0.0697437|0|2.18716|13|13|13|8|5|2|0.848084|0|33.7044|0|3.35923|0.228226|0.273243|0|0|INTO_SUPPLY|43.86|0.758778|0|5.13953e+07|2025-03-10|2026-04-07
poly|fixture|NBIS|2026-04-08|271||0|126.88|117.4|8.07496|6.98199|0.0376492|0.0261311|0.102313|30|10|0|0||6|6|6|2|4|3|0.611824|0|51.3869|0|3.67129|0.32242|0.326166|0|0|INTO_SUPPLY|141.1|0.832034|0|1.53848e+09|2025-03-10|2026-04-07
poly|fixture|AMKR|2026-04-08|271||0|51.92|47.62|9.02982|5.9885|0.044198|0.119777|0.187304|37|6|0|0||8|5|5|3|2|1|0.254082|0|37.1154|0|3.23629|0.272737|0.432196|0|0|INTO_SUPPLY|57.09|0.834122|0|1.45258e+08|2025-03-10|2026-04-07
poly|fixture|AEHR|2026-03-31|271||0|33.51|30.115|11.2735|11.3637|0.136688|0.511544|0.212897|24|8|0.143488|0|1.11177|9|6|6|1|5|2|0.154938|0|68.1284|0|2.92187|0.123195|0.123195|0|0|IFFY_AT_FIRST_ZONE|46.95|0.641427|0|5.56563e+07|2025-03-03|2026-03-30
poly|fixture|UMC|2026-05-06|271||0|15.29|14.01|9.13633|3.20931|0|0|0.0023798|63|20|0|0||0|0|0|0|0|0||1|34.6403|0|10.2601|1.96579|7.75232|3|0|CLEAR_AIR|14.215|0.985579|1|1.27824e+08|2025-04-07|2026-05-05
poly|fixture|FLY|2026-03-12|149||0|23.7|20.6|15.0485|8.93674|0.628181|0.550752|0.812135|11|4|1.96411|0|5.03775|17|16|16|4|12|3|0.231349|0|53.755|0|1.22761|0|0|0|0|IFFY_AT_FIRST_ZONE|73.8|0.279133|0|4.93026e+07|2025-08-07|2026-03-11
poly|fixture|BE|2026-04-08|271||0|149.4|135.91|9.92569|8.93185|0.11604|0.500828|0.220956|27|3|0|0||12|11|11|4|7|5|0.0906763|0|32.2279|0|3.88656|0|0|0|0|IFFY_AT_FIRST_ZONE|180.9|0.751299|0|1.48636e+09|2025-03-10|2026-04-07
poly|fixture|USAR|2026-04-08|267||0|16.01|14.64|9.35792|7.98251|0.727264|0.927168|0.81897|19|3|0.175978|0|1.65892|21|13|13|1|12|3|0.250391|0|68.63|0|4.26714|0.15312|0.15312|0|0|INTO_SUPPLY|43.98|0.332879|0|2.01823e+08|2025-03-14|2026-04-07
poly|fixture|QCOM|2026-04-24|272||0|145.61|133.95|8.70474|2.38345|0.658021|0.106472|0.850579|23|4|0.610856|0|0.383225|25|12|12|3|9|3|0.383225|0|56.4684|0|4.24803|0.0710144|0.0710144|0|0|INTO_SUPPLY|205.95|0.650401|0|1.23907e+09|2025-03-25|2026-04-23
poly|fixture|QBTS|2026-04-08|271||0|15.25|13.74|10.9898|6.5379|0.694259|0.910123|0.745482|22|5|0.178229|0|0.584035|29|24|24|1|23|3|0.190566|0|54.332|0|4.68782|0.0695669|0.133526|0|0|IFFY_AT_FIRST_ZONE|46.75|0.293904|0|3.22537e+08|2025-03-10|2026-04-07
poly|fixture|AMD|2026-04-24|272||0|336.755|305.33|10.2921|4.36814|0|0|0.00166443|45|11|0|0||0|0|0|0|0|0||1|58.8701|0|7.88292|0.515835|0.991118|0|0|CLEAR_AIR|310.22|0.984237|1|8.47495e+09|2025-03-25|2026-04-23
poly|fixture|HUT|2026-04-08|271||0|57.085|52.66|8.40296|7.19545|0.0571271|0.27257|0.131803|26|5|0|0||11|9|9|3|6|5|0.0547776|0|52.5011|0|3.61598|0.347116|0.669943|0|0|IFFY_AT_FIRST_ZONE|66.07|0.797033|0|2.00801e+08|2025-03-10|2026-04-07
poly|fixture|QURE|2026-05-29|272||0|28.75|24.85|15.6942|8.3138|0.29361|0.023554|0.420983|14|2|12.8608|0|3.11269|9|5|5|1|4|4|0.00836744|0|16.812|1|2.40086|0|0|0|1|IFFY_AT_FIRST_ZONE|71.5|0.347552|0|3.91701e+07|2025-04-29|2026-05-28
poly|fixture|ARM|2026-05-06|271||0|232|208.84|11.0898|5.9141|0.00394354|0.0142111|0.0329714|40|3|0|0||2|1|1|1|0|0||1|39.3267|0|6.32705|0.625989|1.04351|0|0|CLEAR_AIR|237.68|0.87866|0|1.19069e+09|2025-04-07|2026-05-05
poly|fixture|SMTC|2026-03-30|271||0|78.02|72.16|8.12084|6.56014|0.147201|0.655697|0.266122|23|5|0|0||15|10|10|2|8|4|0.658432|0|47.7936|0|3.24077|0.156308|0.156308|0|0|INTO_SUPPLY|96.46|0.748082|0|1.95458e+08|2025-02-28|2026-03-27
poly|fixture|IREN|2026-04-08|271||0|38.7|35.74|8.28204|7.11343|0.584031|0.863851|0.629484|26|8|0|0||16|11|11|0|11|1|1.48197|0|49.3635|0|4.25679|0|0|0|0|CLEARED_NOTHING|76.87|0.464941|0|1.21029e+09|2025-03-10|2026-04-07
poly|fixture|APLD|2026-04-08|271||0|28.445|25.18|12.9666|7.25223|0.251917|0.702828|0.332292|29|5|0|0||15|14|14|2|12|4|0.101799|0|39.069|0|4.19591|0.255564|0.255564|0|0|IFFY_AT_FIRST_ZONE|42.27|0.595694|0|4.32592e+08|2025-03-10|2026-04-07
poly|fixture|INTC|2026-04-24|272||0|82.2|66.78|23.0907|5.57708|0|0|0.0138412|31|9|0|0||1|1|1|1|0|0||1|35.3828|0|5.0031|0.518498|0.518498|0|0|CLEAR_AIR|70.325|0.949591|1|6.18954e+09|2025-03-25|2026-04-23
poly|v2rej|AERO|2026-08-24|198||0|14|13.72|2.04082|4.6964|0.883007|0.9532|0.916654|6|0|0|0||23|19|19|0|19|2|0.304184|0|87.585|0|3.88004|0|0|0|0|INTO_SUPPLY|23.05|0.595228|0|3.67939e+06|2025-11-06|2026-08-21
poly|v2rej|BBCQ|2026-08-24|141||0|10.13|9.71|4.32544|0.656051|0.792509|0.991355|0.998589|9|3|0.300942|1|1.0533|10|8|8|0|8|1|1.0533|0|100|0|7.64384|2.69517|2.84447|1|0|INTO_SUPPLY|11.26|0.862345|0|2.00701e+06|2026-01-28|2026-08-21
poly|v2rej|CAPR|2026-08-24|270||0|8.03|6.29|27.663|15.5376|0.439538|0.209157|0.762246|14|7|17.9454|0|0.208388|30|17|17|0|17|4|0.0240448|0|54.227|0|6.32872|2.47655|2.47655|1|0|IFFY_AT_FIRST_ZONE|40.37|0.155809|0|5.06235e+07|2025-07-25|2026-08-21
poly|v2rej|HVII|2026-08-24|245||0|7.4|6.385|15.8966|2.35072|0.997368|0.986902|0.999691|45|18|8.04813|0|10.6638|4|4|4|0|4|0|18.0364|0|100|0|16.7613|5.1129|5.194|1|0|CLEARED_NOTHING|10.99|0.580983|0|576244|2025-07-25|2026-08-21
poly|v2rej|JLHL|2026-08-24|271||0|7.02|6.6|6.36364|17.0703|0.761687|0.802914|0.78511|9|1|0|0||14|10|10|0|10|0|1.65229|0|0|1|3.02529|0.702543|0.702543|0|1|CLEARED_NOTHING|57.95|0.113891|0|1.2147e+06|2025-07-25|2026-08-21
poly|v2rej|NSSC|2026-08-24|271||0|46.16|38.09|21.1867|2.79303|0.0165319|0|0.72068|13|0|0|0||17|8|8|7|1|1|0.884227|0|34.6365|0|3.35424|0.0234992|0.0234992|0|0|INTO_SUPPLY|48.12|0.791563|0|9.7827e+06|2025-07-25|2026-08-21
poly|v2rej|SCTX|2026-08-24|21||1|35.76|34.13|4.77586|13.5195|0.0467934|0.0467934|0.0794592|0|0|0|0||0|0|0|0|0|0||1|100|0|4.27641|0|0|0|0|CLEAR_AIR|39.6|0.861869|0|3.52581e+06|2026-07-24|2026-08-21
poly|v2rej|SDOT|2026-08-24|271||0|21.52|13.18|63.2777|16.1847|0.287409|0.317324|0.536968|21|2|0|0||30|23|23|3|20|0|3.95355|0|100|0|2.63705|0|0|0|0|LADDER_CLIMBING|260.4|0.0506144|0|1.63577e+06|2025-07-25|2026-08-21
poly|v2rej|SUPX|2026-08-24|271||0|9.7|8.52|13.8498|9.99145|0.71449|0.149637|0.790706|8|4|0.237316|0|6.47977|30|22|22|1|21|3|0.185726|0|100|0|2.93506|0.0311839|0.0311839|0|0|IFFY_AT_FIRST_ZONE|76.5|0.111373|0|1.16487e+06|2025-07-25|2026-08-21
poly|v2rej|AMIX|2026-08-25|271||0|7.61|5.37|41.7132|26.2267|0.5413|0.496203|0.768866|10|1|0|0||31|14|14|0|14|1|0.816695|0|11.9469|1|7.90929|1.51472|1.51472|1|0|INTO_SUPPLY|32.55|0.164977|0|2.2893e+06|2025-07-28|2026-08-24
poly|v2rej|APMD|2026-08-25|17||1|26.6|25.63|3.78463|15.2965|0.514709|0.514709|0.634267|0|0|0|0||3|1|1|0|1|0|2.13572|0|37.0124|0|1.79697|0|0|0|0|CLEARED_NOTHING|35.29|0.726268|0|9.85281e+06|2026-07-31|2026-08-24
poly|v2rej|CAPR|2026-08-25|270||0|7.25|6.8|6.61765|16.3046|0.563538|0.396332|0.655659|14|7|18.9411|0|0.879802|25|18|18|0|18|5|0.482115|0|76.3341|0|6.01669|2.36006|2.36006|1|0|INTO_SUPPLY|40.37|0.168442|0|5.40081e+07|2025-07-28|2026-08-24
poly|v2rej|DFNS|2026-08-25|136||0|16.305|11.01|48.0926|29.6064|0.468265|0.464337|0.670742|12|7|1.76319|0|0.599711|13|8|8|0|8|0|9.31053|0|100|0|3.55464|0.178881|0.327761|0|0|CLEARED_NOTHING|335|0.0328657|0|1.88639e+07|2026-02-09|2026-08-24
poly|v2rej|DTIL|2026-08-25|271||0|8.43|8.45|-0.236686|5.6659|0.0907352|0.235592|0.0883808|3|1|0|0||4|2|2|0|2|0|1.90501|0|70.8467|0|3.70945|0.107226|0.107226|0|0|CLEARED_NOTHING|9.62|0.878378|0|1.99089e+06|2025-07-28|2026-08-24
poly|v2rej|FLNC|2026-08-25|271||0|11.77|10.86|8.37937|7.21798|0.871547|0.959977|0.901634|23|2|1.40073|0|0.612084|26|23|23|0|23|0|2.26|0|38.38|0|5.08307|0.208418|0.317844|0|0|CLEARED_NOTHING|33.51|0.324082|0|8.04972e+07|2025-07-28|2026-08-24
poly|v2rej|GRML|2026-08-25|114||0|10.3|8.55|20.4678|11.6752|0.68011|0.547844|0.971885|0|0|0|0||13|12|12|1|11|2|0.617938|0|100|0|1.8489|0|0|0|0|INTO_SUPPLY|27.48|0.311135|0|522153|2026-03-12|2026-08-24
poly|v2rej|HVII|2026-08-25|245||0|7.56|6.97|8.46485|2.982|0.973699|0.882805|0.994725|45|18|6.2101|0|7.51866|4|3|3|0|3|0|13.3965|0|100|0|13.213|4.03052|4.09445|1|0|CLEARED_NOTHING|10.99|0.634213|0|606985|2025-07-28|2026-08-24
poly|v2rej|IMTX|2026-08-25|271||0|9.59|8.69|10.3567|5.10813|0.565706|0.476875|0.76514|6|2|0|0||25|23|23|2|21|7|0.51034|0|92.1805|0|2.5354|0|0|0|0|INTO_SUPPLY|12.41|0.700242|0|3.66239e+06|2025-07-28|2026-08-24
poly|v2rej|KURA|2026-08-25|271||0|13.59|12.4|9.59677|6.11015|0|0|0.0162771|12|4|0|0||2|2|2|2|0|0||1|74.9102|0|5.40134|0.935835|1.02488|0|0|CLEAR_AIR|12.9|0.96124|1|1.48849e+07|2025-07-28|2026-08-24
poly|v2rej|MAIR|2026-08-25|90||0|27.81|24.97|11.3736|6.42592|0.960823|0.924046|0.999446|3|0|0|0||12|12|12|0|12|0|2.64123|0|56.884|0|3.45877|0|0|0|0|CLEARED_NOTHING|44.5|0.561124|0|5.11685e+07|2026-04-16|2026-08-24
poly|v2rej|MEI|2026-08-25|271||0|15.73|14.03|12.1169|7.81901|0.135584|0.448201|0.232287|15|1|0|0||9|4|4|0|4|2|0.528485|0|28.1933|1|3.14111|0.172706|0.172706|0|1|INTO_SUPPLY|20.38|0.68842|0|7.8426e+06|2025-07-28|2026-08-24
poly|v2rej|NBBK|2026-08-25|271||0|22.51|22.51|0|2.19762|0.0902725|0.326811|0.0902725|10|1|0|0||4|4|4|0|4|2|0.485159|0|79.0159|0|2.84024|0|0|0|0|INTO_SUPPLY|23.4699|0.959101|0|8.35925e+06|2025-07-28|2026-08-24
poly|v2rej|OESX|2026-08-25|271||0|21.37|20.99|1.81039|9.23353|0|0|0.00055268|10|1|0|0||0|0|0|0|0|0||1|15.7445|1|5.94869|2.62807|2.62807|1|0|CLEAR_AIR|21.2|0.990094|1|1.01257e+06|2025-07-28|2026-08-24
poly|v2rej|PMI|2026-08-25|240||0|5.87|5.13|14.425|13.0354|0.584702|0.513672|0.631304|16|8|455.579|0|0.202567|23|19|19|0|19|0|1.9032|0|100|0|4.5767|1.15908|1.22312|1|0|CLEARED_NOTHING|684|0.0075|0|463237|2025-08-29|2026-08-24
poly|v2rej|REAX|2026-08-25|271||0|24.11|24|0.458333|7.93086|0.483857|0.152108|0.490028|10|0|0|0||24|13|13|0|13|0|1.58985|0|68.6954|0|5.56896|0|0|0|0|CLEARED_NOTHING|54.05|0.444033|0|1.29007e+07|2025-07-28|2026-08-24
poly|v2rej|SPAI|2026-08-25|271||0|5.41|5.37|0.744879|9.31688|0.359016|0.403946|0.365478|6|1|0|0||13|8|8|0|8|1|0.674545|0|16.5738|1|4.17023|0.0932164|0.0932164|0|1|INTO_SUPPLY|9.1599|0.586251|0|528834|2025-07-28|2026-08-24
poly|v2rej|WAFD|2026-08-25|271||0|36.37|36.29|0.220446|1.45913|0.187875|0.847722|0.192885|12|2|0|0||6|4|4|0|4|1|1.41326|0|45.2653|0|3.23739|0.054871|0.054871|0|0|CLEARED_NOTHING|39.4857|0.919067|0|1.97192e+07|2025-07-28|2026-08-24
