id	birth	birth_name	names	founders	class	class_src	n_gappers	gap_recency	pre_nat	post_nat	pre_rlx	post_rlx	matured	alive	last_live	life_days	rs_birth	f_level	f_subtle	f_vel	f_turn	f_hold	split	mech	rs_death	subtle_death	post_death	diss_why	succ	split_subtle
1	2026-03-19	AI Data Center Power Infrastructure	AI Data Center Power Infrastructure	BE|VRT|PWR|GEV|NXT	grind	open	0		0.326	0.515	0.326	0.515	True	False	2026-07-13	116	94.200	1.000	1.000	0.800	0.000	0.400								
2	2026-03-19	Crypto Asset Recovery	Crypto Asset Recovery	COIN|MSTR|RIOT|MARA|HUT|CLSK|BTBT|CIFR	grind	open	1	14	0.507	0.220	0.507	0.220	True	False	2026-07-07	110	28.400	0.000	0.000	0.000	0.000	0.000								
3	2026-03-19	Crypto Recovery	CLO & Structured Credit Income|Crypto Recovery	CRCL	grind	open	1	16					False	False	2026-04-09	21	99.300	1.000	1.000	1.000	0.000	1.000	dissolved		36.000	0.500		rs<50		dissolved
4	2026-03-19	Downstream Oil Refining & Midstream	Downstream Oil Refining & Midstream	MPC|VLO|FANG	grind	open	0				0.228	0.776	False	False	2026-03-19	0	97.100	1.000	1.000	0.000	0.000	1.000	killed-healthy		97.333	1.000	0.776			killed-healthy
5	2026-03-19	Large-Cap Integrated & Upstream Oil & Gas	Large-Cap Integrated & Upstream Oil & Gas	CVX|HAL|XLE	grind	open	0				0.403	0.811	False	False	2026-03-19	0	96.700	1.000	1.000	0.667	0.000	1.000	killed-healthy		88.967	1.000	0.811			killed-healthy
6	2026-03-19	Large-Cap Upstream Oil & Gas E&P	Large-Cap Upstream Oil & Gas E&P	XOM|EOG|COP	grind	open	0				0.657	0.751	False	False	2026-05-07	49	97.300	1.000	1.000	0.667	0.000	1.000	absorbed	theme_pass1_protect_strip					Pressure Pumping & Completion Services	absorbed
7	2026-03-19	Optical Networking & AI Data Transmission Infrastructure	Optical Networking & AI Data Transmission Infrastructure	LITE|COHR|MRVL|GLW|CIEN	cogap	open	2	1	0.362	0.574	0.362	0.574	False	False	2026-04-06	18	83.500	0.800	0.400	0.200	0.000	0.400	reborn	reborn as lineage 62						reborn
8	2026-03-19	Optical Networking & Photonics Infrastructure	Optical Networking & Photonics Infrastructure	LITE|CIEN|COHR	grind	open	1	1			0.639	0.823	False	False	2026-04-01	13	83.500	1.000	0.667	0.333	0.000	0.667	reborn	reborn as lineage 62						reborn
9	2026-03-19	Pharma & Biotech Large-Cap Turnaround	Pharma & Biotech Large-Cap Turnaround	MRNA|GILD|PFE	grind	open	0				0.185	0.166	False	False	2026-03-19	0	89.100	1.000	1.000	0.667	0.000	0.333	dissolved		86.333	1.000	0.166	coh-fell		dissolved
10	2026-03-19	Physical AI & Robotics	Physical AI & Robotics	TSLA|IRBT|NVEI|BDTX|HYLN|FIG|BFLY|EDIT	grind	open	1	15	0.042	0.142	0.042	0.142	False	False	2026-06-15	88	15.750	0.000	0.125	0.000	0.000	0.125	dissolved		99.100	0.000	0.032	coh-fell		dissolved
11	2026-03-19	Semiconductor Capital Equipment	Semiconductor Burn-In & Final-Test Equipment Pure-Play|Semiconductor Capital Equipment|Semiconductor Probe Card & Front-End Test Equipment	AMAT|LRCX|KLAC	grind	open	0				0.861	0.913	True	False	2026-07-09	112	44.900	0.333	0.333	0.000	0.000	0.333								
12	2026-03-19	Space Economy	Satellite Intelligence & Earth Observation|Space Economy	JOBY|KTOS|RKLB|AJRD|BKSY|SPIR|MNTS|LUNR|ASTS|PL	grind	open	0		0.430	0.381	0.430	0.381	True	False	2026-04-14	26	82.700	0.600	0.200	0.100	0.000	0.200								
13	2026-03-19	U.S. Defense Primes & Aerospace	Satellite Mobile & IoT Connectivity Services|U.S. Defense Primes & Aerospace	NOC|RTX|LMT|GD	grind	open	0		0.737	0.512	0.737	0.512	True	False	2026-05-07	49	92.650	0.750	1.000	0.000	0.000	1.000								
14	2026-03-20	AI Memory & Storage	AI Memory & Storage	LRCX|WDC|MU|SNDK|TSM|STX|MRAM	grind	open	0		0.452	0.535	0.452	0.535	True	False	2026-07-10	112	82.800	0.571	0.429	0.429	0.000	0.143								
15	2026-03-20	Chip Architecture Licensing & IP Royalty Platforms	Chip Architecture Licensing & IP Royalty Platforms	ARM|MRVL	grind	open	1	10			-0.177	0.540	False	False	2026-03-27	7	59.500	0.500	0.000	0.000	0.000	0.000	killed-healthy		91.250	1.000	0.339			killed-healthy
16	2026-03-20	Custom AI Silicon & Chip Architecture Licensing	AI Datacenter Silicon|Custom AI Silicon & Chip Architecture Licensing	MRVL|ARM	grind	open	1	10			-0.177	0.540	True	False	2026-07-30	132	59.500	0.500	0.000	0.000	0.000	0.000								
17	2026-03-20	Cybersecurity Network Edge & SD-WAN	Cybersecurity Network Edge & SD-WAN	FTNT|DDOG	grind	open	0				0.744	0.710	True	False	2026-06-05	77	84.150	1.000	1.000	0.000	0.000	1.000								
18	2026-03-20	Network Security & Zero-Trust Edge	Network Security & Zero-Trust Edge	FTNT|DDOG	grind	open	0				0.744	0.710	True	True	2026-09-04	168	84.150	1.000	1.000	0.000	0.000	1.000								
19	2026-03-20	Satellite & Space Intelligence Data Services	Satellite & Space Intelligence Data Services	BKSY|PL|SPIR	grind	open	1	0			0.427	0.501	False	False	2026-04-10	21	87.100	1.000	0.333	0.333	0.000	0.333	reborn	reborn as lineage 63						reborn
20	2026-03-21	AI-Native Enterprise Software & Agentic Platforms	AI-Native Enterprise Software & Agentic Platforms	BNAI|SVCO	cogap	open	2	5			-0.098	-0.008	False	False	2026-04-17	27	99.350	1.000	1.000	0.500	0.000	1.000	dissolved		96.900	0.500	-0.610	coh-fell		dissolved
21	2026-03-21	Agri-Chemical & Crop Input Distributors	Agri-Chemical & Crop Input Distributors	AGRO|SSL	grind	open	1	15			0.103	0.484	True	False	2026-04-13	23	99.700	1.000	1.000	1.000	0.000	1.000								
22	2026-03-21	Agricultural Commodities & Agri-Business	Agricultural Commodities & Agri-Business	SSL|LYB	grind	open	1	15			0.021	0.792	False	False	2026-06-11	82	99.500	1.000	1.000	0.500	0.000	1.000	absorbed	theme_pass1_protect_strip					Nitrogen Fertilizer & Ammonia Producers	absorbed
23	2026-03-21	Compound Semiconductor & III-V Materials	Compound Semiconductor & III-V Materials	AXTI|SVCO	cogap	open	2	5			0.217	-0.018	False	False	2026-05-14	54	99.600	1.000	1.000	0.000	0.000	1.000	absorbed	theme_pass1_5_absorption					Optical Components & Transceiver Manufacturers	absorbed
24	2026-03-21	Compound Semiconductor & Specialty Photonic Materials	Compound Semiconductor & Specialty Photonic Materials	TSEM|LASR|AXTI	cogap	open	2	14			0.402	0.506	True	False	2026-04-13	23	99.300	1.000	1.000	0.667	0.000	0.667								
25	2026-03-21	Crude Oil Price Momentum ETFs & Pure-Play E&P	Crude Oil Price Momentum ETFs & Pure-Play E&P|LNG Liquefaction Infrastructure & Marine Export Terminals|Offshore Contract Drilling & Deepwater Services|Permian & U.S. Mid-Continent Pure-Play E&P	USO|VET|WDS|DBO|EQNR|GTE|BNO|BATL|ACDC|SM|PTEN	cogap	open	4	1	0.283	0.548	0.283	0.548	False	False	2026-04-28	38	99.500	1.000	1.000	0.545	0.000	1.000	reborn	reborn as lineage 70						reborn
26	2026-03-21	Distributed Solar & Energy Storage Hardware	Distributed & Utility-Scale Energy Storage Systems|Distributed Solar & Energy Storage Hardware	SEDG|AMPX	grind	open	0				-0.069	0.157	False	False	2026-04-28	38	99.400	1.000	1.000	0.500	0.000	0.500	absorbed	theme_pass1_5_absorption					Enterprise Server & AI Infrastructure Hardware	absorbed
27	2026-03-21	Edge CDN & Cloud-Native Developer Platforms	Edge CDN & Cloud-Native Developer Platforms|Edge Cloud & Developer CDN Platforms	FSLY|BNAI|DOCN	grind	open	1	6			0.196	0.181	True	False	2026-07-01	102	99.600	1.000	1.000	0.667	0.000	1.000								
28	2026-03-21	Industrial Gas Compression & Midstream Processing Equipment	Industrial Gas Compression & Midstream Processing Equipment	AESI|ANNA|EOG|VLO|SOC|XOM|COP|TALO|CHRD|FANG|LBRT|MPC|VG|SM|APA|VET|PUMP|PARR|XLE|BW|AMPX|VIST|LYB|DOW|HAL|PTEN|PBF|CVX	cogap	open	4	3	0.284	0.544	0.284	0.544	False	False	2026-03-23	2	99.000	1.000	1.000	0.750	0.000	1.000	absorbed	theme_pass1_protect_strip					Permian & U.S. Mid-Continent Pure-Play E&P	absorbed
29	2026-03-21	NAND Flash & Solid-State Storage Devices	NAND Flash & Solid-State Storage Devices	SNDK|TSEM	grind	open	0				0.402	0.283	False	False	2026-04-21	31	99.150	1.000	1.000	1.000	0.000	1.000	absorbed	theme_pass1_5_absorption					Semiconductor Front-End Interconnect & Wafer Processing Equipment	absorbed
30	2026-03-21	Nitrogen Fertilizer & Crop Nutrient Producers	Nitrogen & Specialty Crop Nutrient Producers|Nitrogen Fertilizer & Ammonia Producers|Nitrogen Fertilizer & Ammonia Pure-Play Producers|Nitrogen Fertilizer & Crop Nutrient Producers	CF|LXU	grind	open	0				0.573	0.739	False	False	2026-06-16	87	99.150	1.000	1.000	0.000	0.000	1.000	dissolved	cap-drop	34.750	1.000	0.726	rs<50		killed-healthy
31	2026-03-23	Defense Electronics & Avionics Mission Systems	Defense Electronics & Avionics Mission Systems	ISSC|KTOS	grind	open	0				0.117	-0.293	False	False	2026-06-15	84	62.850	0.500	0.000	0.000	0.000	0.000	rs 50-70, coherence held (undefined by task)		57.100	0.500	0.155			killed-healthy
32	2026-03-23	IP Licensing & Ad-Tech Royalty Software	IP Licensing & Ad-Tech Royalty Software	ADEA|YOU	grind	open	1	18			-0.057	-0.133	False	False	2026-05-13	51	98.950	1.000	1.000	0.000	0.000	1.000	absorbed	theme_pass1_5_absorption					Nylon & Engineered Polymer Intermediates	absorbed
33	2026-03-24	IP Licensing & Patent Monetization Software Platforms	IP Licensing & Patent Monetization Software Platforms	ADEA|RYAM	grind	open	1	19			-0.041	-0.173	False	False	2026-03-30	6	99.150	1.000	0.500	0.000	0.000	0.500	dissolved		95.100	0.500	-0.237	coh-fell		dissolved
34	2026-03-24	LNG Export Infrastructure & Floating LNG	LNG Export Infrastructure & Floating LNG	EQNR|GLNG|PTEN|E|VG|LNG|PUMP	grind	open	1	15	0.255	0.496	0.255	0.496	False	False	2026-03-27	3	98.900	1.000	1.000	0.000	0.000	1.000	killed-healthy		98.043	1.000	0.522			killed-healthy
35	2026-03-24	Niche Specialty Chemicals & Industrial Intermediates	Engineered Polymers & High-Performance Acetyl Chemicals|Niche Specialty Chemicals & Industrial Intermediates|Nylon & Engineered Polymer Intermediates	RYAM|LXU|ASIX|CC|CE	grind	open	1	19	0.193	0.298	0.193	0.298	True	False	2026-06-11	79	98.700	1.000	0.400	0.000	0.000	0.400								
36	2026-03-24	Semiconductor Front-End Interconnect & Wafer Processing Equipment	Semiconductor Front-End Interconnect & Wafer Processing Equipment	TSEM|ICHR	grind	open	0				0.493	0.478	False	False	2026-05-15	52	99.100	1.000	0.500	0.000	0.000	0.500	absorbed	theme_pass1_5_absorption					Semiconductor Wafer Foundry & Advanced IC Manufacturing	absorbed
37	2026-03-24	Specialty Cellulose & Bio-Based Materials	Specialty Cellulose & Bio-Based Materials	RYAM|SSL	cogap	open	2	17			-0.285	-0.210	False	False	2026-04-17	24	99.300	1.000	0.500	0.000	0.000	0.500	rs 50-70, coherence held (undefined by task)		68.350	0.500	-0.238			killed-healthy
38	2026-03-25	Enterprise Server & AI Infrastructure Hardware	Enterprise Server & AI Infrastructure Hardware	DELL|BW	cogap	open	2	6			-0.150	0.045	True	False	2026-06-09	76	99.150	1.000	0.500	0.000	0.000	0.500								
39	2026-03-26	Firearms & Personal Defense Manufacturing	Firearms & Personal Defense Manufacturing	SWBI|LINC	grind	open	1	14			0.016	-0.044	True	False	2026-06-09	75	98.650	1.000	1.000	0.000	0.000	1.000								
40	2026-03-26	Semiconductor Wafer Foundry & Advanced IC Manufacturing	Independent Semiconductor Foundry & Specialty IC Manufacturing|Semiconductor Wafer Foundry & Advanced IC Manufacturing	TSEM|PLAB	grind	open	0				0.385	0.516	True	False	2026-07-28	124	97.200	1.000	0.500	0.000	0.000	0.500								
41	2026-03-27	Chip Architecture Licensing & CPU/GPU Compute Revival	Chip Architecture Licensing & CPU/GPU Compute Revival	ARM|AMD	grind	open	1	2			0.484	0.656	True	False	2026-05-14	48	72.700	0.500	1.000	1.000	0.000	0.000								
42	2026-03-27	Optical Network Test & Monitoring Equipment	Optical Network Test & Monitoring Equipment	VIAV|ADTN	grind	open	0				0.154	0.468	False	False	2026-03-31	4	99.150	1.000	1.000	0.000	0.000	1.000	reborn	reborn as lineage 62						reborn
43	2026-03-27	Power Semiconductor & Mixed-Signal Display Drivers	Power Semiconductor & Mixed-Signal Display Drivers	AOSL|HIMX	grind	open	1	11			0.416	0.257	True	False	2026-06-26	91	84.250	1.000	0.500	0.000	0.000	0.500								
44	2026-04-01	IT Infrastructure Deployment & Data Center Systems Integration	IT Infrastructure Deployment & Data Center Systems Integration	TSSI|CAR	grind	open	1	15			0.017	-0.001	True	False	2026-05-15	44	97.850	1.000	1.000	1.000	0.000	1.000								
45	2026-04-01	Rare Earth Magnets & Critical Battery Materials	Primary Aluminum Smelting & Rolling|Rare Earth Magnets & Critical Battery Materials	EMAT|CENX	grind	open	1	2			0.043	0.033	True	False	2026-06-30	90	96.650	1.000	1.000	1.000	0.000	0.500								
46	2026-04-02	Lithium & Battery Critical Minerals Mining	Lithium & Battery Critical Minerals Mining	SGML|BMM	grind	open	1	3			0.275	0.081	False	False	2026-06-11	70	95.050	1.000	1.000	1.000	0.000	0.000	dissolved		40.700	0.500	0.483	rs<50		killed-healthy
47	2026-04-02	Workforce Solutions & Technical Staffing Services	Workforce Solutions & Technical Staffing Services	KELYB|TH	cogap	open	2	0			0.181		False	False	2026-06-12	71	97.600	1.000	1.000	1.000	0.000	1.000	post-death window incomplete (censored)		63.450	0.500				post-death window incomplete (censored)
48	2026-04-07	Autonomous Military Drone Swarm & AI Defense Software	Autonomous Military Drone Swarm & AI Defense Software	SWMR|KYTX	grind	open	1	13				0.266	False	False	2026-06-15	69	95.500	1.000	1.000	1.000	0.000	0.000	dissolved		42.250	0.000	0.421	rs<50		dissolved
49	2026-04-07	Cell & Genome Engineering Oncology	Cell & Genome Engineering Oncology	VOR|ARCT	grind	open	0				0.438	0.014	True	False	2026-06-08	62	97.650	1.000	1.000	1.000	0.000	0.500								
50	2026-04-07	Consumer Discretionary Home Furnishings Rebound	Consumer Discretionary Home Furnishings Rebound	LOVE|SEAT	grind	open	1	7			0.516	0.164	False	False	2026-06-11	65	85.650	1.000	1.000	1.000	0.000	0.500	dissolved		79.050	1.000	-0.082	coh-fell		dissolved
51	2026-04-07	Gold & Precious Metals Mining	Gold & Precious Metals Mining	AU|AUGO	grind	open	0				0.824	0.546	False	False	2026-06-12	66	89.800	1.000	1.000	1.000	0.000	0.000	dissolved		5.350	0.000	0.621	rs<50+coh-fell		dissolved
52	2026-04-07	Hemp & Cannabis-Derived Wellness Beverages	Hemp & Cannabis-Derived Wellness Beverages	MLEC|RYM	cogap	open	2	1			-0.083	0.100	True	False	2026-06-08	62	97.000	1.000	1.000	1.000	0.000	0.000								
53	2026-04-07	Precision Frequency & Timing Defense Electronics	Precision Frequency & Timing Defense Electronics	ECOR|FEIM	grind	open	0				0.017	0.028	True	False	2026-06-11	65	83.100	1.000	1.000	1.000	0.000	0.000								
54	2026-04-07	Robo-Advisor & AI-Driven Wealth Management Platforms	Robo-Advisor & AI-Driven Wealth Management Platforms	BETR|WLTH	grind	open	0				0.134	0.101	True	False	2026-06-08	62	93.900	1.000	1.000	1.000	0.000	0.500								
55	2026-04-07	Single-Cell Genomics & Spatial Biology Instrumentation	Single-Cell Genomics & Spatial Biology Instrumentation	TXG|INKT	grind	open	1	3			0.072	0.265	True	False	2026-06-04	58	90.650	1.000	1.000	1.000	0.000	0.000								
56	2026-04-07	Uranium Mining & Nuclear Fuel Supply	Uranium Mining & Nuclear Fuel Supply	NUCL|ORLA	grind	open	0				0.273	-0.069	False	False	2026-04-07	0	95.650	1.000	1.000	1.000	0.000	0.500	dissolved		95.650	1.000	-0.069	coh-fell		dissolved
57	2026-04-08	Inflammatory Disease & Immunology Biologics	Inflammatory Disease & Immunology Biologics	ORKA|SYRE	grind	open	0				0.172	0.122	True	True	2026-09-04	149	99.300	1.000	1.000	1.000	0.000	0.500								
58	2026-04-09	Bitcoin Mining & Digital Asset Infrastructure	Bitcoin Mining & Digital Asset Infrastructure	HUT|RIOT	grind	open	1	1			0.816	0.592	False	False	2026-08-27	140	94.600	1.000	1.000	1.000	0.000	0.000	dissolved		42.950	0.500		rs<50		dissolved
59	2026-04-09	Gold & Silver Junior Miners Momentum	Gold & Silver Junior Miners Momentum	SA|VMET|HYMC|HSLV|EQX	grind	open	1	1	0.493	0.500	0.493	0.500	True	False	2026-06-08	60	97.300	1.000	1.000	1.000	0.000	0.000								
60	2026-04-09	Precious & Streaming Metals Royalty & Junior Miners	Precious & Streaming Metals Royalty & Junior Miners	FSM|KGC|OR|PPTA	grind	open	0		0.841	0.583	0.841	0.583	True	False	2026-06-15	67	87.800	1.000	1.000	1.000	0.000	0.000								
61	2026-04-09	Silicon Carbide Power Semiconductors & EV Infrastructure	Silicon Carbide Power Semiconductors & EV Infrastructure	WOLF|INTC	grind	open	0				0.364	0.228	True	False	2026-06-29	81	95.550	1.000	1.000	1.000	0.000	0.000								
62	2026-04-14	AI Datacenter Optical Interconnects & Components	AI Datacenter Optical Interconnects & Components	GLW|COHR|FN|LITE	grind	open	1	18	0.803	0.508	0.803	0.508	False	False	2026-04-14	0	95.600	1.000	1.000	0.500	0.000	1.000	reborn	reborn as lineage 64						reborn
63	2026-04-14	Earth Observation Data & Geospatial Intelligence	Earth Observation Data & Geospatial Intelligence	BKSY|PL|SPIR	grind	open	1	16			0.385	0.842	False	False	2026-04-15	1	98.400	1.000	0.333	0.333	0.000	0.333	reborn	reborn as lineage 65						reborn
64	2026-04-16	Optical Components & Transceiver Manufacturers	Optical Components & Transceiver Manufacturers	COHR|LITE|AAOI|FN|LASR|GLW	cogap	open	3	6	0.780	0.515	0.780	0.515	True	False	2026-06-11	56	96.400	0.833	1.000	0.667	0.000	1.000								
65	2026-04-17	Satellite Imagery & Geospatial Intelligence	Satellite Earth Observation & Geospatial Intelligence|Satellite Imagery & Geospatial Intelligence	BKSY|PL|SPIR|MDA	grind	open	1	19	0.265	0.432	0.265	0.432	True	False	2026-06-11	55	99.100	1.000	1.000	0.750	0.250	0.500								
66	2026-04-22	Space Launch & Orbital Services	Space Launch & Orbital Services|Space Launch Services & Orbital Infrastructure	FLY|RKLB|LUNR	grind	open	0				0.736	0.767	False	False	2026-04-27	5	99.000	1.000	0.667	0.667	0.000	0.000	absorbed	theme_pass1_protect_strip					Satellite Imagery & Geospatial Intelligence	absorbed
67	2026-04-23	Hydraulic Fracturing & Well Completion Services	Hydraulic Fracturing & Completion Services|Hydraulic Fracturing & Well Completion Services|Pressure Pumping & Completion Services|Pure-Play Frac & Completion Pressure Pumping Services|U.S. Shale & Onshore E&P	ACDC|PUMP|LBRT|AESI|PTEN	grind	open	0		0.702	0.529	0.702	0.529	False	False	2026-06-09	47	96.100	1.000	1.000	1.000	0.000	1.000	absorbed	tombstone:absorbed					Pure-Play Hydraulic Fracturing & Completion Services	absorbed
68	2026-04-24	AI Datacenter Optical Transceivers & Components	AI Datacenter Optical Transceivers & Components	COHR|LITE|FN|AAOI|MRVL	grind	open	1	17	0.522	0.600	0.522	0.600	True	False	2026-06-26	63	96.350	0.800	0.400	0.400	0.000	0.400								
69	2026-05-05	Petroleum Refining & Downstream Fuels	Petroleum Refining & Downstream Fuels	LBRT|VLO|MPC|PARR|PUMP|PBF|PTEN|AESI|ACDC	grind	open	0		0.539	0.507	0.539	0.507	False	False	2026-05-13	8	94.100	1.000	1.000	0.667	0.000	1.000	absorbed	theme_pass1_protect_strip					Large-Cap Upstream Oil & Gas E&P	absorbed
70	2026-05-08	Independent E&P Operators	Independent E&P Operators	GTE|SM|CHRD|TALO|OVV|CRGY|FANG|APA	grind	open	0		0.792	0.790	0.792	0.790	False	False	2026-05-18	10	85.050	1.000	1.000	0.000	0.000	1.000	absorbed	theme_pass1_protect_strip					Large-Cap Upstream Oil & Gas E&P	absorbed
71	2026-05-14	Pure-Play Hydraulic Fracturing & Completion Services	Oil Refiners & Downstream Fuel Processing|Pure-Play Hydraulic Fracturing & Completion Services	ACDC|LBRT|PUMP|HAL|PTEN	grind	scan	0		0.660	0.799	0.660	0.799	False	False	2026-06-17	34	81.100	0.800	1.000	0.200	0.000	1.000	absorbed	tombstone:absorbed					Hydraulic Fracturing & Completion Services	absorbed
72	2026-06-22	Crude & Product Tanker Shipping	Crude & Product Tanker Shipping	DHT|ECO|STNG|TNK|TRMD|NAT	grind	scan	1	13	0.796	0.847	0.796	0.847	False	False	2026-06-30	8	83.550	1.000	1.000	1.000	0.000	0.833	dissolved		35.150	1.000	0.880	rs<50		killed-healthy
73	2026-06-22	European Bank Stocks	European Bank Stocks	BBVA|BCS|ING|LYG|NWG|SAN	grind	scan	0		0.832	0.608	0.832	0.608	True	True	2026-09-04	74	78.800	0.833	1.000	1.000	0.000	0.833								
74	2026-06-25	Casual Dining Restaurant Turnaround	Casual Dining Restaurant Turnaround	EAT|CBRL	grind	scan	1	10			0.105	0.138	True	False	2026-07-28	33	94.850	1.000	1.000	1.000	0.500	1.000								
75	2026-06-25	Peptide & Hormone Therapies for Metabolic & Endocrine Disorders	Peptide & Hormone Therapies for Metabolic & Endocrine Disorders	MBX|VKTX|ASND|XERS	grind	scan	0		0.429	0.425	0.429	0.425	True	True	2026-09-04	71	89.500	1.000	1.000	1.000	0.500	1.000								
76	2026-06-25	Quantum Computing & Quantum-Safe Networking	Quantum Computing & Quantum-Safe Networking	QNT|ARQQ	grind	scan	1	2				0.218	True	False	2026-07-14	19	97.850	1.000	1.000	1.000	0.000	0.000								
77	2026-06-25	Senior Living & Housing Operators	Senior Living & Housing Operators	BKD|JAN	grind	scan	0				0.393	0.408	True	False	2026-07-14	19	89.000	1.000	1.000	1.000	0.000	1.000								
78	2026-06-25	U.S. Passenger Airlines	U.S. Passenger Airlines	DAL|UAL|ALK|LUV|ALGT|SKYW	grind	scan	0		0.842	0.638	0.842	0.638	True	False	2026-08-21	57	89.100	1.000	1.000	1.000	0.000	1.000								
79	2026-06-26	AI Cloud GPU & Datacenter Colocation Platforms	AI Cloud GPU & Datacenter Colocation Platforms	WYFI|SHAZ	cogap	scan	2	6			0.331	0.617	True	False	2026-07-20	24	98.950	1.000	0.500	0.500	0.000	0.000								
80	2026-06-26	Commercial Real Estate Brokerage & Advisory Services	Commercial Real Estate Brokerage & Advisory Services	CBRE|CWK|JLL|NMRK	grind	scan	0		0.881	0.896	0.881	0.896	True	False	2026-08-12	47	37.500	0.000	1.000	0.000	0.000	1.000								
81	2026-06-26	Construction Aggregates & Building Materials	Construction Aggregates & Building Materials	CRH|MLM|VMC	grind	scan	0				0.895	0.876	False	False	2026-07-06	10	41.400	0.000	1.000	0.000	0.000	1.000	dissolved		36.100	1.000	0.917	rs<50		killed-healthy
82	2026-06-26	Golf Equipment & Apparel	Golf Equipment & Apparel	GOLF|CALY	grind	scan	0				0.612	0.520	True	False	2026-07-23	27	91.200	1.000	1.000	1.000	1.000	1.000								
83	2026-06-26	Insurance Brokerage & Distribution Services	Insurance Brokerage & Distribution Services	AJG|AON|BRO|WTW	grind	scan	0		0.854	0.894	0.854	0.894	True	True	2026-09-04	70	40.650	0.000	1.000	0.000	0.000	1.000								
84	2026-06-26	Life Insurance & Annuity Providers	Life Insurance & Annuity Providers	LNC|MET|PFG|PRU|UNM	grind	scan	0		0.852	0.604	0.852	0.604	True	True	2026-09-04	70	57.500	0.200	1.000	0.000	0.000	1.000								
85	2026-06-26	Midstream Energy Infrastructure & Pipeline Operators	Midstream Energy Infrastructure & Pipeline Operators	AM|DTM|KMI|WMB|ENB|HESM|OKE|PBA|SOBO|TRGP|TRP	grind	scan	0		0.722	0.668	0.722	0.668	False	False	2026-07-08	12	58.600	0.000	1.000	0.364	0.000	1.000	dissolved		63.500	1.000	0.594	coh-fell		dissolved
86	2026-06-26	Multifamily Apartment REITs	Multifamily Apartment REITs|U.S. Multifamily & Residential Apartment REITs	CPT|IRT|MAA|UDR	grind	scan	0		0.902	0.897	0.902	0.897	False	False	2026-08-07	42	57.550	0.000	1.000	0.000	0.000	1.000	dissolved		29.033	1.000	0.898	rs<50+coh-fell		dissolved
87	2026-06-26	Private Mortgage Insurance	Private Mortgage Insurance	ESNT|MTG|NMIH|RDN	grind	scan	0		0.873	0.725	0.873	0.725	True	True	2026-09-04	70	61.700	0.250	1.000	1.000	0.000	1.000								
88	2026-06-26	Property & Casualty Insurance Underwriters	Property & Casualty Insurance Underwriters	ACGL|AFG|ALL|AXS|CB|CINF|HCI|HIG|ORI|PGR|THG|TRV|WRB|SKWD	grind	scan	0		0.707	0.679	0.707	0.679	True	True	2026-09-04	70	67.650	0.429	1.000	0.786	0.071	1.000								
89	2026-06-28	Clinical-Stage Autoimmune & Inflammatory Disease Biologics	Clinical-Stage Autoimmune & Inflammatory Disease Biologics	VERA|VOR|ZBIO|ANAB|KNSA|AVTX	grind	scan	0		0.468	0.282	0.468	0.282	False	False	2026-06-28	0	87.250	1.000	1.000	1.000	0.167	1.000	dissolved		87.450	1.000	0.282	coh-fell		dissolved
90	2026-06-28	Coal Mining & Export (Metallurgical & Thermal)	Coal Mining & Export (Metallurgical & Thermal)	AMR|BTU|HCC	grind	scan	0				0.866	0.678	False	False	2026-07-06	8	9.300	0.000	0.000	0.000	0.000	0.000	dissolved		12.700	0.000	0.475	rs<50+coh-fell		dissolved
91	2026-06-28	Defense Drones & Unmanned Aerial Systems	Defense Drones & Unmanned Aerial Systems	AVAV|KTOS|ONDS|RCAT|UMAC	cogap	scan	5	20	0.875	0.523	0.875	0.523	False	False	2026-07-06	8	2.000	0.000	0.000	0.000	0.000	0.000	dissolved		35.250	0.000	0.688	rs<50+coh-fell		dissolved
92	2026-06-28	Large Defense Contractors & Aerospace Primes	Large Defense Contractors & Aerospace Primes	GD|LHX|LMT|NOC|RTX	grind	scan	0		0.855	0.699	0.855	0.699	False	False	2026-06-30	2	16.700	0.000	1.000	0.000	0.000	1.000	dissolved		51.800	1.000	0.744	coh-fell		dissolved
93	2026-06-28	Medical Devices & Surgical Equipment	Medical Devices & Surgical Equipment	ATEC|BDX|STE|SYK	grind	scan	0		0.792	0.727	0.792	0.727	False	False	2026-07-06	8	33.150	0.000	1.000	0.000	0.000	1.000	reborn	reborn as lineage 154						reborn
94	2026-06-28	Nucleic Acid Therapeutics & Gene Synthesis Platforms	Genomic Medicine & Synthetic DNA Tools|Nucleic Acid Therapeutics & Gene Synthesis Platforms	MRNA|RGNX|TWST	grind	scan	1	4			0.122	0.108	True	False	2026-07-22	24	95.500	1.000	1.000	1.000	0.333	1.000								
95	2026-06-28	Protein Degradation & Targeted Molecular Therapeutics Re-rating	Protein Degradation & Targeted Molecular Therapeutics Re-rating|Targeted Protein Degradation Oncology	KYMR|GLUE|GENB|IDYA	grind	scan	1	1	0.295	0.269	0.295	0.269	True	False	2026-07-29	31	90.900	1.000	1.000	1.000	0.000	1.000								
96	2026-06-28	Rare & Orphan Disease Specialty Pharma	Rare & Orphan Disease Specialty Pharma	LQDA|TVTX|SION|RYTM	grind	scan	0		0.527	0.355	0.527	0.355	False	False	2026-06-28	0	93.150	1.000	1.000	1.000	0.250	1.000	dissolved		92.300	1.000	0.355	coh-fell		dissolved
97	2026-06-29	AI Interconnect & Semiconductor Connectivity	AI Interconnect & Semiconductor Connectivity	ALAB|CRDO	grind	scan	1	5			0.579	0.906	False	False	2026-06-29	0	94.750	1.000	0.000	0.000	0.000	0.000	absorbed	tombstone:absorbed					Custom AI Silicon & Chip Architecture Licensing	absorbed
98	2026-06-29	Automotive Electronics & Sensor Components	Automotive Electronics & Sensor Components	MEI|ALGM	grind	scan	1	2			0.599	0.534	False	False	2026-07-14	15	98.800	1.000	0.500	0.500	0.000	0.000	dissolved		65.950	0.250	0.422	coh-fell		dissolved
99	2026-06-29	Specialty Catastrophe Property Insurance Underwriters	Specialty Catastrophe Property Insurance Underwriters	NP|SLDE	grind	scan	0				0.498	0.439	True	False	2026-07-24	25	84.450	1.000	1.000	1.000	0.500	1.000								
100	2026-06-30	Autoimmune & Inflammatory Disease Biopharmaceuticals	Autoimmune & Inflammatory Disease Biopharmaceuticals|Clinical-Stage Autoimmune & Inflammatory Disease Therapeutics	VERA|VOR|ALMS|ABVX|CLDX|TRAX	grind	scan	1	0	0.446	0.213	0.446	0.213	False	False	2026-07-09	9	82.750	1.000	0.833	0.833	0.500	0.833	dissolved		89.720	1.000	0.292	coh-fell		dissolved
101	2026-06-30	Clinical-Stage Oncology Therapeutics	Clinical-Stage Oncology Therapeutics	ELVN|CGON|SNDX	grind	scan	1	12			0.470	0.340	False	False	2026-07-02	2	83.400	1.000	1.000	1.000	0.333	1.000	dissolved		84.267	1.000	0.331	coh-fell		dissolved
102	2026-06-30	Domestic Steel Producers	Domestic Steel Producers|U.S. Domestic Steel Producers	CMC|NUE|RS|STLD	grind	scan	0		0.846	0.733	0.846	0.733	False	False	2026-08-20	51	32.450	0.000	0.750	0.000	0.000	0.750	dissolved		26.950	0.000		rs<50		dissolved
103	2026-06-30	In Vivo Gene Therapy & Genome Editing	In Vivo Gene Therapy & Genome Editing	RGNX|NTLA	cogap	scan	2	6			0.220	0.514	False	False	2026-07-02	2	93.600	1.000	1.000	1.000	1.000	0.500	absorbed	tombstone:absorbed					Rare & Orphan Disease Biotech Re-Rating	absorbed
104	2026-06-30	Industrial Power Equipment & Electrical Systems	Industrial Power Equipment & Electrical Systems	ETN|GNRC|HUBB|RRX	grind	scan	1	19	0.846	0.522	0.846	0.522	False	False	2026-07-09	9	69.450	0.500	1.000	0.750	0.000	0.500	dissolved		32.450	0.000	0.100	rs<50+coh-fell		dissolved
105	2026-06-30	Insurance Brokerage & Risk Advisory	Insurance Brokerage & Risk Advisory	BWIN|MRSH|WTW	grind	scan	1	6			0.422	0.801	False	False	2026-07-08	8	30.100	0.333	1.000	0.333	0.333	1.000	killed-healthy		81.700	1.000	0.535			killed-healthy
106	2026-06-30	Precious Metals Miners (Gold & Silver)	Precious Metals Miners (Gold & Silver)	AEM|AG|AU|CDE|EGO|EXK|FNV|FSM|HL|HMY|IAG|KGC|MUX|NEM|NG|OR|PAAS|RGLD|SA|SSRM|WPM	cogap	scan	9	10	0.819	0.841	0.819	0.841	False	False	2026-07-08	8	13.700	0.000	0.000	0.000	0.000	0.000	dissolved		8.000	0.000	0.865	rs<50		dissolved
107	2026-06-30	Precision Aerospace & Defense Component Manufacturers	Precision Aerospace & Defense Component Manufacturers	AADX|ELMT	grind	scan	1	20				0.440	False	False	2026-07-08	8	83.150	1.000	1.000	1.000	0.000	0.000	post-death window incomplete (censored)		54.600	0.000	0.652			post-death window incomplete (censored)
108	2026-06-30	Precision Optics & Photonic Components	Precision Optics & Photonic Components	OPTX|LPTH|LASR	grind	scan	0				0.390	0.344	False	False	2026-07-09	9	87.800	1.000	1.000	1.000	0.000	0.000	dissolved		28.800	0.000	0.647	rs<50		dissolved
109	2026-06-30	Quantum Computing Hardware & Annealing Systems	Quantum Computing Hardware & Annealing Systems	QBTS|RGTI|INFQ	cogap	scan	3	10			0.822	0.855	False	False	2026-07-08	8	57.800	0.333	0.333	0.333	0.000	0.000	dissolved		15.600	0.000	0.845	rs<50		dissolved
110	2026-06-30	Rare & Orphan Disease Biotech Re-Rating	Rare & Orphan Disease Biotech|Rare & Orphan Disease Biotech Re-Rating	RARE|MIRM|RGNX|AGIO|AMLX	grind	scan	1	6	0.534	0.362	0.534	0.362	False	False	2026-07-08	8	92.300	1.000	1.000	0.400	0.200	1.000	dissolved		94.940	1.000	0.364	coh-fell		dissolved
111	2026-06-30	Satellite Communications & Space Data Services	Satellite Communications & Space Data Services	VSAT|MDA|SPIR|PL|ASTS	cogap	scan	2	1	0.729	0.555	0.729	0.555	False	False	2026-07-14	14	83.700	0.600	1.000	1.000	0.000	0.000	dissolved		13.550	0.000	0.614	rs<50+coh-fell		dissolved
112	2026-06-30	Truckload & LTL Freight Carriers	Truckload & LTL Freight Carriers	ARCB|KNX|LSTR|SNDR|TFII|WERN|XPO	grind	scan	0		0.823	0.695	0.823	0.695	True	False	2026-08-07	38	52.900	0.143	0.714	0.000	0.000	0.714								
113	2026-07-01	Consumer Fintech & Digital Credit Platforms	Consumer Fintech & Digital Credit Platforms	DAVE|SEZL	grind	scan	0				0.642	0.598	True	True	2026-09-04	65	98.950	1.000	0.500	0.500	0.000	0.500								
114	2026-07-01	Liquid Biopsy & Multi-Cancer Early Detection	Liquid Biopsy & Multi-Cancer Early Detection	GH|GRAL	grind	scan	0				0.566	0.741	True	False	2026-07-27	26	94.000	1.000	1.000	1.000	0.000	0.500								
115	2026-07-01	U.S. Petroleum Refining & Downstream Processing	Energy Infrastructure & Utility Operators|Global Oil & Gas Upstream, Integrated & Transport Value Chain|Independent Oil Refiners|Independent Petroleum Refiners & Marketers|Offshore Energy Equipment & Services|Oilfield Equipment & Contract Drilling Services|Oilfield Services & Equipment Providers|Pure-Play Oil Refining & Marketing|U.S. Downstream Refining & Marketing|U.S. Petroleum Refining & Downstream Processing	DINO|DK|MPC|PBF|PSX|VLO	grind	scan	0		0.870	0.866	0.870	0.866	True	False	2026-09-04	65	65.150	0.333	1.000	0.333	0.000	1.000								
116	2026-07-01	U.S. Regional & Mid-Cap Commercial Banks	U.S. Regional & Mid-Cap Commercial Banks	EWBC|WTFC|WAL|BOKF|HBAN|FITB|KEY|RF|CFG|USB|TFC|PNC|MTB|ZION|FHN|GBCI|HWC|UMBF|SSB|WSFS	grind	scan	0		0.832	0.691	0.832	0.691	True	True	2026-09-04	65	64.700	0.250	1.000	0.200	0.000	1.000								
117	2026-07-02	B2B Digital Financial Infrastructure & Payment Rails Modernization	B2B Digital Financial Infrastructure & Payment Rails Modernization	ALKT|WSE|CXT|PAY	grind	scan	0		0.259	0.335	0.259	0.335	True	True	2026-09-04	64	88.500	1.000	1.000	1.000	0.250	1.000								
118	2026-07-02	Digital Advertising Technology Platforms	Digital Advertising Technology Platforms	APPS|MGNI	grind	scan	0				0.145	0.430	True	False	2026-07-27	25	98.400	1.000	1.000	1.000	0.000	1.000								
119	2026-07-02	Digital Banking Software Platforms	Digital Banking Software Platforms	ALKT|QTWO	grind	scan	0				0.822	0.904	False	False	2026-07-02	0	84.400	1.000	1.000	1.000	0.000	1.000	absorbed	tombstone:absorbed					B2B Digital Financial Infrastructure & Payment Rails Modernization	absorbed
120	2026-07-02	Large-Cap U.S. Defense Primes	Large-Cap U.S. Defense Primes|U.S. Defense Prime Contractors	HII|LHX|LMT|NOC	grind	scan	0		0.846	0.406	0.846	0.406	False	False	2026-07-21	19	15.850	0.000	1.000	0.000	0.000	1.000	dissolved		36.850	1.000	0.381	rs<50+coh-fell		dissolved
121	2026-07-02	Specialty Insurance Underwriting & Brokerage	Specialty Insurance Underwriting & Brokerage	PLMR|KNSL|RYAN|WTW	grind	scan	0		0.814	0.604	0.814	0.604	True	False	2026-08-13	42	76.250	0.500	1.000	1.000	0.000	1.000								
122	2026-07-06	Alternative Asset Management Platforms	Alternative Asset Management Platforms	BAM|BN|CG|KKR|TPG	grind	scan	0		0.807	0.756	0.807	0.756	False	False	2026-07-13	7	25.100	0.000	0.600	0.000	0.000	0.600	dissolved		29.700	0.500	0.679	rs<50+coh-fell		dissolved
123	2026-07-06	Coastal & Suburban Residential Rental REITs	Coastal & Suburban Residential Rental REITs	AVB|EQR|ESS|AMH|INVH	grind	scan	0		0.860	0.817	0.860	0.817	True	False	2026-07-29	23	60.300	0.200	1.000	0.600	0.000	1.000								
124	2026-07-06	Digital Insurance Distribution & Marketplace Platforms	Digital Insurance Distribution & Marketplace Platforms	GSHD|PRCH	grind	scan	0				-0.276	0.064	True	False	2026-07-24	18	90.250	1.000	1.000	0.500	0.000	1.000								
125	2026-07-06	Franchise Auto Dealership Groups	Franchise Auto Dealership Groups	ABG|AN|PAG|SAH	grind	scan	0		0.824	0.734	0.824	0.734	True	False	2026-08-11	36	56.500	0.250	1.000	0.250	0.000	1.000								
126	2026-07-06	Government-Funded Senior & Post-Acute Care Re-Rating	Government-Funded Senior & Post-Acute Care Re-Rating	ALHC|AVAH	grind	scan	0				0.077	0.159	False	False	2026-07-14	8	94.200	1.000	1.000	1.000	1.000	1.000	killed-healthy		74.550	1.000	0.352			killed-healthy
127	2026-07-06	Industrial & Logistics REITs	Industrial & Logistics REITs|Industrial & Logistics Warehouse REITs	EGP|FR|PLD|REXR|STAG|TRNO	grind	scan	0		0.871	0.745	0.871	0.745	True	False	2026-08-20	45	37.000	0.000	1.000	0.167	0.000	1.000								
128	2026-07-06	Office REIT Recovery & Re-Rating	Office REIT Recovery & Re-Rating	CDP|HIW|SLG	grind	scan	0				0.780	0.551	True	True	2026-09-04	60	85.200	1.000	1.000	0.667	0.000	1.000								
129	2026-07-06	Oilfield Pressure Pumping & Completion Services	Oilfield Pressure Pumping & Completion Services	AESI|AROC|KGS|LBRT|PUMP	grind	scan	0		0.810	0.661	0.810	0.661	False	False	2026-07-14	8	23.400	0.000	0.200	0.000	0.000	0.200	dissolved		33.450	0.500	0.572	rs<50+coh-fell		dissolved
130	2026-07-06	Open-Air & Strip Mall Retail REITs	Open-Air & Strip Mall Retail REITs	BRX|FRT|KIM|KRG|PECO|REG|SKT|UE	grind	scan	0		0.829	0.825	0.829	0.825	True	False	2026-08-07	32	41.850	0.000	1.000	0.000	0.000	1.000								
131	2026-07-06	Self-Storage REITs	Self-Storage REITs	PSA|EXR|CUBE|NSA	grind	scan	0		0.920		0.920	0.882	False	False	2026-07-13	7	41.800	0.000	1.000	0.000	0.000	1.000	dissolved		48.400	1.000	0.862	rs<50+coh-fell		dissolved
132	2026-07-06	Senior & Long-Term Care Healthcare REITs	Senior & Long-Term Care Healthcare REITs	LTC|NHI|OHI|SBRA|VTR	grind	scan	0		0.821	0.752	0.821	0.752	True	False	2026-08-07	32	47.400	0.000	1.000	0.400	0.000	1.000								
133	2026-07-07	Oncology Targeted Therapy Biotechs	Oncology Targeted Therapy Biotechs	TGTX|RVMD|ELVN|SNDX|IMNM	grind	scan	1	16	0.259	0.295	0.259	0.295	False	False	2026-07-09	2	94.900	1.000	1.000	0.800	0.400	1.000	reborn	reborn as lineage 198						reborn
134	2026-07-07	Rare Cardiometabolic & Endocrine Specialty Pharma	Rare Cardiometabolic & Endocrine Specialty Pharma	CRNX|LQDA|MLYS|NAMS	grind	scan	1	0	0.090	0.172	0.090	0.172	False	False	2026-07-09	2	95.100	1.000	1.000	1.000	0.250	1.000	killed-healthy		87.375	1.000	0.246			killed-healthy
135	2026-07-07	Rare Disease Small Molecule Precision Therapeutics	Rare Disease Small Molecule Precision Therapeutics	GPCR|MAZE|VRDN	grind	scan	1	5			0.445	0.597	False	False	2026-07-09	2	74.200	0.667	1.000	0.667	0.000	1.000	killed-healthy		76.333	1.000	0.639			killed-healthy
136	2026-07-07	SMB & Workforce Business Services Platforms	SMB & Workforce Business Services Platforms	NSP|FA|LZ	grind	scan	0				0.394	0.633	True	False	2026-08-12	36	97.400	1.000	1.000	1.000	0.000	1.000								
137	2026-07-08	Bitcoin Mining & Crypto Infrastructure Operators	AI Compute & GPU Data Center Hosting Operators|Bitcoin & Crypto Mining Infrastructure|Bitcoin Mining & Crypto Infrastructure Operators	CIFR|CORZ|HUT|IREN|WULF	cogap	scan	4	0	0.855	0.861	0.855	0.861	False	False	2026-08-11	34	34.800	0.000	0.000	0.000	0.000	0.000	dissolved		17.800	0.000		rs<50		dissolved
138	2026-07-08	Cloud Observability & AIOps Monitoring Platforms	Cloud Observability & AIOps Monitoring Platforms	DDOG|DT	grind	scan	0				0.659	0.340	True	True	2026-09-04	58	89.500	1.000	1.000	0.500	0.000	1.000								
139	2026-07-08	Global Digital Payments & Cross-Border Fintech	Global Digital Payments & Cross-Border Fintech	WSE|FOUR|PAYP	grind	scan	0				0.160	0.075	False	False	2026-07-08	0	80.900	1.000	1.000	1.000	0.333	1.000	absorbed	tombstone:absorbed					Non-US & Frontier Market Digital Financial Services Re-Rating	absorbed
140	2026-07-08	In Vivo Gene & Engineered Cell Therapy Clinical Re-Rating	In Vivo Gene & Engineered Cell Therapy Clinical Re-Rating	RGNX|SRPT|IMMX|SRRK|VOR	grind	scan	1	2	0.268	0.251	0.268	0.251	False	False	2026-07-10	2	90.600	1.000	1.000	1.000	0.400	1.000	killed-healthy		86.120	1.000	0.367			killed-healthy
141	2026-07-08	Non-US & Frontier Market Digital Financial Services Re-Rating	Non-US & Frontier Market Digital Financial Services Re-Rating	SE|WSE|PAYP|FRHC	grind	scan	0		0.162	0.282	0.162	0.282	False	False	2026-07-17	9	89.050	1.000	1.000	1.000	0.500	1.000	dissolved		43.400	1.000	0.193	rs<50		killed-healthy
142	2026-07-08	Pure-Play Quantum Computing Hardware	Pure-Play Quantum Computing Hardware|Quantum Computing Hardware & Software|Quantum Computing Hardware Momentum Reversal|Quantum Computing Hardware Pure-Plays|Quantum Computing Pure-Plays|Quantum Computing Pure-Plays (Federal Funding Cycle)	IONQ|RGTI	grind	scan	1	15			0.902	0.931	True	False	2026-09-04	58	15.400	0.000	0.000	0.000	0.000	0.000								
143	2026-07-08	Wealth Management & Retail Brokerage Platforms	Wealth Management & Retail Brokerage Platforms	AMP|LPLA|RJF|SCHW|SEIC|SF	grind	scan	0		0.826	0.544	0.826	0.544	True	True	2026-09-04	58	56.900	0.167	1.000	0.667	0.000	1.000								
144	2026-07-09	Clinical-Stage Oncology Drug Development	Clinical-Stage Oncology Drug Development	RVMD|KURA|IMNM|CRVS|SNDX|IMMX	grind	scan	0		0.353	0.416	0.353	0.416	False	False	2026-07-09	0	92.150	1.000	1.000	0.833	0.667	1.000	absorbed	tombstone:absorbed					Oncology Targeted Therapy Biotechs	absorbed
145	2026-07-09	Corporate Spend, Expense Management & Financial Operations Software	Corporate Spend, Expense Management & Financial Operations Software	NAVN|WEX|BILL	grind	scan	1	18			0.281	0.348	True	True	2026-09-04	57	69.300	0.333	1.000	0.667	0.000	1.000								
146	2026-07-09	Molecular Diagnostics & DNA-Based Genetic Testing	Molecular Diagnostics & DNA-Based Genetic Testing	BLLN|WGS|QGEN	grind	scan	0				0.622	0.122	True	False	2026-08-05	27	79.200	1.000	1.000	1.000	0.000	1.000								
147	2026-07-09	Rare Neurological, Neuromuscular & Genetic Disease Biotech	Rare Neurological, Neuromuscular & Genetic Disease Biotech	CRNX|XENE|BBIO|SRRK|AMLX|ACAD	cogap	scan	3	0	0.241	0.389	0.241	0.389	False	False	2026-07-09	0	95.150	1.000	1.000	1.000	0.667	1.000	killed-healthy		95.083	1.000	0.389			killed-healthy
148	2026-07-10	Antibody-Based Oncology & Autoimmune Biologics	Antibody-Based Oncology & Autoimmune Biologics	GMAB|ZYME|ABVX	grind	scan	1	7			0.677	0.341	True	False	2026-07-24	14	79.300	1.000	1.000	1.000	0.333	0.667								
149	2026-07-10	Emerging Market Digital Commerce & Fintech Platforms	Emerging Market Digital Commerce & Fintech Platforms	SE|MELI	grind	scan	0				0.499	0.410	True	False	2026-07-27	17	86.150	1.000	1.000	1.000	0.500	1.000								
150	2026-07-10	Life Science Tools & Analytical Instruments	Life Science Tools & Analytical Instruments	DHR|MTD|TMO|WAT	grind	scan	0		0.855	0.436	0.855	0.436	True	True	2026-09-04	56	79.350	1.000	1.000	0.750	0.000	1.000								
151	2026-07-13	B2B Marketing Automation & Customer Engagement SaaS	B2B Marketing Automation & Customer Engagement SaaS	BRZE|KVYO|HUBS	grind	scan	0				0.776	0.792	True	False	2026-08-05	23	72.200	0.667	1.000	1.000	0.000	1.000								
152	2026-07-13	Health & Wellness Consumer Nutrition Brands	Health & Wellness Consumer Nutrition Brands	BRBR|VITL|SMPL	grind	scan	1	2			0.355	0.156	False	False	2026-07-20	7	77.800	0.667	1.000	1.000	0.000	1.000	dissolved		61.900	1.000	0.265	coh-fell		dissolved
153	2026-07-13	Online Insurance Comparison & Digital Marketplace Platforms	Online Insurance Comparison & Digital Marketplace Platforms	MAX|EVER	grind	scan	0				0.726	0.553	True	False	2026-08-06	24	98.100	1.000	1.000	0.000	0.000	1.000								
154	2026-07-13	Orthopedic & Surgical Device Recovery	Orthopedic & Surgical Device Recovery	CNMD|SYK	grind	scan	0				0.578	0.654	False	False	2026-07-20	7	77.150	0.500	1.000	1.000	1.000	1.000	rs 50-70, coherence held (undefined by task)		57.500	1.000	0.604			killed-healthy
155	2026-07-13	Professional Advisory & Business Services	Professional Advisory & Business Services	FA|CBZ|CRAI	grind	scan	0				0.408	0.396	True	False	2026-08-11	29	98.300	1.000	1.000	1.000	0.000	1.000								
156	2026-07-13	Traditional Staffing & Talent Placement Services	Traditional Staffing & Talent Placement Services	MAN|RHI	grind	scan	0				0.878	0.687	True	False	2026-08-07	25	97.900	1.000	1.000	1.000	0.000	1.000								
157	2026-07-14	Cloud Data Storage & Analytics Infrastructure	Cloud Data Storage & Analytics Infrastructure	SNOW|BLZE	grind	scan	1	14			0.221	0.375	True	True	2026-09-04	52	98.900	1.000	1.000	0.500	0.000	0.500								
158	2026-07-14	Crude & Product Tanker Operators	Crude & Product Tanker Operators	DHT|FRO|INSW|STNG|TNK|TRMD	grind	scan	0		0.840	0.769	0.840	0.769	False	False	2026-07-17	3	20.050	0.000	0.833	0.000	0.000	0.833	absorbed	tombstone:absorbed					Global Crude & Product Tanker Fleet Operators	absorbed
159	2026-07-14	Diversified Medical Device & Life Science Instrument Manufacturers	Diversified Medical Device & Life Science Instrument Manufacturers|Medical Device Sterilization & Surgical Supply Infrastructure	BDX|COO|PODD|STE|VLTO	grind	scan	0		0.814	0.470	0.814	0.470	False	False	2026-07-24	10	44.100	0.000	1.000	0.000	0.000	1.000	dissolved	validation-dissolve (Arm A)	59.450	1.000	0.432	coh-fell		dissolved
160	2026-07-14	Precious Metals Miners & Royalty Streamers	Precious Metals Miners & Royalty Streamers	AEM|AG|AGI|AU|CDE|EGO|EXK|FNV|FSM|GFI|HL|HMY|IAG|KGC|MUX|NEM|NG|OR|ORLA|PAAS|PPTA|RGLD|SA|SBSW|SSRM|TFPM|WPM	cogap	scan	11	19	0.827	0.815	0.827	0.815	False	False	2026-07-31	17	5.200	0.000	0.000	0.000	0.000	0.000	reborn	reborn as lineage 246						reborn
161	2026-07-14	Speculative Space & Defense New Space Ventures	Speculative Space & Defense New Space Ventures	ASTS|LUNR|RCAT|RKLB	grind	scan	1	10	0.836	0.689	0.836	0.689	False	False	2026-07-21	7	5.850	0.000	0.000	0.000	0.000	0.000	dissolved		1.450	0.000	0.547	rs<50+coh-fell		dissolved
162	2026-07-14	U.S. Apparel & Fashion Recovery	U.S. Apparel & Fashion Recovery	UA|RVLV	grind	scan	0				0.575	0.506	True	True	2026-09-04	52	83.650	1.000	1.000	1.000	0.000	0.500								
163	2026-07-15	Digital Payments Processing & Merchant Acquiring Networks	Digital Payments Processing & Merchant Acquiring Networks	PYPL|FOUR	grind	scan	1	0			0.551	0.107	True	False	2026-08-19	35	89.700	1.000	1.000	1.000	1.000	1.000								
164	2026-07-16	Cloud Supply Chain & Warehouse Management Software	Cloud Supply Chain & Warehouse Management Software	SPSC|MANH	grind	scan	0				0.677	0.412	True	True	2026-09-04	50	90.150	1.000	1.000	1.000	1.000	1.000								
165	2026-07-16	Enterprise HR & Workforce Management SaaS	Enterprise HR & Workforce Management SaaS	WDAY|PCTY|ALIT	grind	scan	0				0.636	0.458	True	True	2026-09-04	50	90.400	1.000	1.000	1.000	0.333	1.000								
166	2026-07-16	Financial Services Vertical SaaS	Financial Services Vertical SaaS	GWRE|JKHY|SSNC	grind	scan	0				0.576	0.666	False	False	2026-07-27	11	71.300	0.667	1.000	1.000	0.000	1.000	reborn	reborn as lineage 211						reborn
167	2026-07-16	For-Profit Education & Workforce Training Providers	For-Profit Education & Workforce Training Providers	CVSA|LAUR|LINC|PRDO|STRA|UTI	grind	scan	0		0.856	0.671	0.856	0.671	False	False	2026-07-23	7	22.800	0.000	1.000	0.000	0.000	1.000	dissolved		33.650	1.000	0.654	rs<50+coh-fell		dissolved
168	2026-07-16	Government & Commercial Management Consulting Services	Government & Commercial Management Consulting Services	ICFI|HURN	grind	scan	0				0.672	0.193	False	False	2026-07-23	7	83.400	1.000	1.000	1.000	0.500	1.000	reborn	reborn as lineage 247						reborn
169	2026-07-16	Minimally Invasive & Robotic Surgical Device Platforms	Minimally Invasive & Robotic Surgical Device Platforms	ISRG|BSX|PEN	grind	scan	0				0.800	0.597	False	False	2026-07-23	7	16.400	0.000	1.000	0.000	0.000	1.000	dissolved		20.350	1.000	0.657	rs<50+coh-fell		dissolved
170	2026-07-16	Packaged & Shelf-Stable Food Manufacturers	Branded Packaged Food & Consumer Staples Producers|Packaged & Shelf-Stable Food Manufacturers	CAG|CPB|GIS|KHC	grind	scan	0		0.853	0.738	0.853	0.738	False	False	2026-08-07	22	57.500	0.250	1.000	0.500	0.000	1.000	dissolved		44.250	1.000	0.796	rs<50+coh-fell		dissolved
171	2026-07-16	Uniform Rental & Managed Workwear Services	Uniform Rental & Managed Workwear Services	VSTS|CTAS	grind	scan	0				0.346	0.311	True	False	2026-08-07	22	92.650	1.000	1.000	1.000	0.000	1.000								
172	2026-07-17	AI-Powered Software Development & DevOps Platforms	AI-Powered Software Development & DevOps Platforms	PRGS|GTLB	grind	scan	1	11			0.596	0.553	False	False	2026-07-24	7	96.000	1.000	1.000	1.000	0.500	1.000	dissolved	validation-dissolve (Arm A)	75.100	1.000	0.547	coh-fell		dissolved
173	2026-07-17	B2B Data Intelligence & Professional Information Services	B2B Data Intelligence & Professional Information Services	NIQ|TRI	grind	scan	0				0.355	0.174	False	False	2026-07-24	7	80.100	1.000	1.000	1.000	0.000	1.000	dissolved	validation-dissolve (Arm A)	63.150	1.000	0.146	coh-fell		dissolved
174	2026-07-17	Cyber Exposure Management & Vulnerability Assessment	Cyber Exposure Management & Vulnerability Assessment	TENB|RPD|QLYS	grind	scan	0				0.759	0.621	True	True	2026-09-04	49	99.500	1.000	1.000	1.000	0.000	1.000								
175	2026-07-17	Global Crude & Product Tanker Fleet Operators	Global Crude & Product Tanker Fleet Operators	DHT|ECO|NAT|STNG|TNK|FRO|INSW|TRMD	grind	scan	0		0.856	0.692	0.856	0.692	True	False	2026-08-10	24	54.650	0.125	0.875	0.625	0.000	0.625								
176	2026-07-20	AI-Powered Enterprise Analytics & Intelligent Workflow SaaS	AI-Powered Enterprise Analytics & Intelligent Workflow SaaS	AMPL|INTA|AVPT	grind	scan	0				0.560	0.597	True	True	2026-09-04	46	96.500	1.000	1.000	1.000	1.000	1.000								
177	2026-07-20	Canadian Big Banks	Canadian Big Banks	BMO|BNS|CM|RY|TD	grind	scan	0		0.832	0.903	0.832	0.903	True	True	2026-09-04	46	71.400	0.600	1.000	0.400	0.000	1.000								
178	2026-07-20	Cloud Communications & Contact Center Platforms	Cloud Communications & Contact Center Platforms	FIVN|BAND	grind	scan	0				0.336	0.180	False	False	2026-07-27	7	98.200	1.000	1.000	0.500	0.000	1.000	reborn	reborn as lineage 222						reborn
179	2026-07-20	Cross-Border & International Payments Processing	Cross-Border & International Payments Processing	GPN|EEFT	grind	scan	0				0.774	0.809	True	False	2026-07-30	10	91.950	1.000	1.000	1.000	1.000	1.000								
180	2026-07-20	Financial Compliance & Regulatory Reporting SaaS	Financial Compliance & Regulatory Reporting SaaS	WK|DFIN	grind	scan	0				0.609	0.634	False	False	2026-08-05	16	81.550	1.000	1.000	1.000	0.000	1.000	dissolved		71.300	0.500	0.354	coh-fell		dissolved
181	2026-07-20	Industrial Automation & Electrical Control Systems	Industrial Automation & Electrical Control Systems	AME|HLIO|HUBB|ROK	grind	scan	0		0.827	0.254	0.827	0.254	False	False	2026-07-28	8	40.400	0.000	0.000	0.000	0.000	0.000	dissolved		47.467	0.333	0.270	rs<50+coh-fell		dissolved
182	2026-07-20	Medical Device Mean-Reversion & Rotation Recovery	Medical Device Mean-Reversion & Rotation Recovery	XRAY|TNDM|INSP|CNMD	grind	scan	0		0.518	0.011	0.518	0.011	True	True	2026-09-04	46	87.850	1.000	1.000	1.000	0.500	1.000								
183	2026-07-21	Copper Mining & Production	Copper Mining & Production	ERO|FCX|HBM|SCCO|TGB	grind	scan	0		0.781	0.734	0.781	0.734	True	True	2026-09-04	45	43.400	0.400	0.400	0.400	0.000	0.000								
184	2026-07-21	Smart Home Security & Comfort Systems	Smart Home Security & Comfort Systems	REZI|ALRM	grind	scan	0				0.081	0.050	True	False	2026-08-06	16	86.550	1.000	1.000	1.000	0.500	0.500								
185	2026-07-21	Urban Gateway Office REITs	Urban Gateway Office REITs	BXP|DEI|SLG	grind	scan	0				0.749	0.685	False	False	2026-07-21	0	75.600	1.000	1.000	1.000	0.000	1.000	absorbed	tombstone:absorbed					Office REIT Recovery & Re-Rating	absorbed
186	2026-07-22	Automotive Components & Tire Suppliers	Automotive Components & Tire Suppliers	GT|ADNT	grind	scan	0				0.490	0.510	False	False	2026-07-29	7	80.850	0.500	1.000	1.000	0.000	0.500	dissolved		69.750	0.500	0.328	coh-fell		dissolved
187	2026-07-22	Containerboard & Corrugated Packaging Producers	Containerboard & Corrugated Packaging Producers	IP|PKG|SW	grind	scan	0				0.913	0.858	True	False	2026-09-02	42	59.300	0.000	1.000	0.667	0.000	0.667								
188	2026-07-22	Enterprise Server, Storage & Data Infrastructure Hardware	Enterprise Server, Storage & Data Infrastructure Hardware	DELL|HPE|NTAP	grind	scan	0				0.781	0.403	True	True	2026-09-04	44	97.300	1.000	1.000	1.000	0.000	0.000								
189	2026-07-22	Global Steel & Metal Producers Recovery	Global Steel & Metal Producers Recovery	MT|TX|RYZ|CMC	grind	scan	0		0.575	0.262	0.575	0.262	True	True	2026-09-04	44	86.500	0.750	1.000	1.000	0.500	0.250								
190	2026-07-22	IT Distribution & Technology Services Providers	IT Distribution & Technology Services Providers	INGM|EFOR	grind	scan	1	0			0.095	0.016	True	False	2026-08-04	13	96.100	1.000	1.000	1.000	0.500	1.000								
191	2026-07-22	Independent Power Producers & Nuclear Generation	Independent Power Producers & Nuclear Generation	VST|TLN|CEG	grind	scan	0				0.791	0.758	False	False	2026-07-30	8	74.600	0.667	1.000	1.000	0.000	0.000	dissolved		24.350	0.500	0.703	rs<50+coh-fell		dissolved
192	2026-07-22	Korean Financial Sector Recovery	Korean Financial Sector Recovery	KB|SHG	grind	scan	0				0.882	0.906	False	False	2026-07-31	9	89.800	1.000	1.000	1.000	1.000	0.500	rs 50-70, coherence held (undefined by task)		50.750	1.000	0.920			killed-healthy
193	2026-07-22	Powersports & Recreational Vehicle Manufacturers	Powersports & Recreational Vehicle Manufacturers	HOG|PII	grind	scan	0				0.227	0.025	False	False	2026-07-31	9	97.000	1.000	1.000	1.000	0.000	1.000	dissolved		45.700	1.000	0.345	rs<50		killed-healthy
194	2026-07-22	U.S. Apparel & Lifestyle Brand Recovery	U.S. Apparel & Lifestyle Brand Recovery	OXM|VSXY	grind	scan	0				-0.084	0.190	True	False	2026-08-03	12	93.650	1.000	1.000	1.000	0.500	0.500								
195	2026-07-22	Used Vehicle & Mobility Asset Rental Recovery	Used Vehicle & Mobility Asset Rental Recovery	KMX|CAR	grind	scan	0				0.028	0.215	False	False	2026-07-24	2	95.700	1.000	1.000	1.000	0.000	0.000	killed-healthy	validation-dissolve (Arm A)	75.450	0.500	0.333			killed-healthy
196	2026-07-23	Aerospace Structural Materials & Advanced Composites	Aerospace Structural Materials & Advanced Composites	DPC|HXL	grind	scan	0					-0.044	False	False	2026-07-24	1	86.300	1.000	1.000	1.000	0.000	0.000	absorbed	tombstone:absorbed					Defense Precision Components & Mission-Critical Subsystems	absorbed
197	2026-07-23	Analog & Microcontroller Semiconductors — Automotive & Industrial Cycle Recovery	Analog & Microcontroller Semiconductors — Automotive & Industrial Cycle Recovery	ADI|MCHP|NXPI|ON|TXN	grind	scan	0		0.843	0.673	0.843	0.673	False	False	2026-07-30	7	51.400	0.000	0.400	0.400	0.000	0.000	dissolved		24.300	0.000	0.664	rs<50+coh-fell		dissolved
198	2026-07-23	Clinical-Stage Oncology Biotech	Clinical-Stage Oncology Biotech	TGTX|ELVN	grind	scan	0				0.562	-0.269	True	False	2026-08-07	15	97.050	1.000	1.000	1.000	0.000	0.500								
199	2026-07-23	Defense Prime Contractors & Aerospace Systems	Defense Prime Contractors & Aerospace Systems	HII|LHX|LMT|RTX	grind	scan	1	0	0.719	0.232	0.719	0.232	False	False	2026-07-30	7	42.150	0.250	1.000	0.500	0.000	1.000	dissolved		73.400	1.000	0.632	coh-fell		dissolved
200	2026-07-23	For-Profit Education & Career Training Providers	For-Profit Education & Career Training Providers	CVSA|LINC|PRDO|STRA	grind	scan	0		0.894	0.790	0.894	0.790	False	False	2026-07-30	7	11.900	0.000	0.750	0.000	0.000	0.750	dissolved		44.150	1.000	0.755	rs<50+coh-fell		dissolved
201	2026-07-23	Industrial Fluid Control, Filtration & Water Infrastructure Equipment	Industrial Equipment & Flow Control – Capex Cycle Recovery|Industrial Fluid Control, Filtration & Water Infrastructure Equipment|Industrial Process Equipment, Automation & Flow Control	DCI|FELE|IEX|IR|KAI|MWA	grind	scan	0		0.864	0.355	0.864	0.355	True	True	2026-09-04	43	66.350	0.333	0.667	0.667	0.000	0.167								
202	2026-07-24	Defense Precision Components & Mission-Critical Subsystems	Defense Precision Components & Mission-Critical Subsystems	DPC|FEIM|VVX	grind	scan	0				0.343	0.123	False	False	2026-07-31	7	91.200	1.000	1.000	1.000	0.333	0.333	dissolved		64.550	0.500	0.250	coh-fell		dissolved
203	2026-07-24	Heavy Transportation Equipment Manufacturers	Heavy Transportation Equipment Manufacturers	WAB|PCAR	grind	scan	0				0.572	0.576	False	False	2026-07-24	0	93.800	1.000	1.000	1.000	0.000	1.000	killed-healthy	validation-dissolve (Arm A)	93.800	1.000	0.576			killed-healthy
204	2026-07-24	Industrial Construction Execution & On-Site Supply Chain	Industrial Construction Execution & On-Site Supply Chain	TPC|SUNB|DNOW|RYZ	grind	scan	0		0.427	0.176	0.427	0.176	True	True	2026-09-04	42	92.950	0.750	1.000	1.000	0.000	0.750								
205	2026-07-24	Precious Metals Royalty & Streaming Companies	Precious Metals Royalty & Streaming Companies	FNV|OR|RGLD|WPM	grind	scan	0		0.851	0.922	0.851	0.922	True	True	2026-09-04	42	18.200	0.000	0.250	0.000	0.000	0.250								
206	2026-07-27	Cruise Line & Ocean Travel Recovery	Cruise Line & Ocean Travel Recovery	LIND|RCL|NCLH	grind	scan	0				0.492	0.640	False	False	2026-08-05	9	82.200	1.000	1.000	1.000	0.000	0.333	rs 50-70, coherence held (undefined by task)		65.050	0.500	0.543			killed-healthy
207	2026-07-27	Department Store Retail Recovery	Department Store Retail Recovery	KSS|DDS	grind	scan	0				0.773	0.309	True	False	2026-08-11	15	80.600	0.500	1.000	1.000	0.000	0.500								
208	2026-07-27	Hospital & Behavioral Health Facility Procedure Volume Recovery	Hospital & Behavioral Health Facility Procedure Volume Recovery	BSX|HCA|UHS|THC	grind	scan	1	1	0.786	0.362	0.786	0.362	True	True	2026-09-04	39	23.400	0.250	1.000	0.250	0.250	1.000								
209	2026-07-27	Hotel REIT Recovery & Re-Rating	Hotel REIT Recovery & Re-Rating	RLJ|XHR	grind	scan	0				0.812	0.387	True	False	2026-08-10	14	96.800	1.000	1.000	1.000	0.000	1.000								
210	2026-07-27	Regulated Gas & Electric Distribution Utilities	Regulated Gas & Electric Distribution Utilities	AVA|BKH|NJR|NWE|POR|SR	grind	scan	0		0.816	0.552	0.816	0.552	False	False	2026-07-29	2	50.350	0.000	1.000	0.500	0.000	1.000	dissolved		35.467	1.000	0.549	rs<50+coh-fell		dissolved
211	2026-07-28	Asset Management & Fund Administration Platform Ecosystem	Asset Management & Fund Administration Platform Ecosystem	BX|SSNC	grind	scan	1	2			0.618	0.520	True	False	2026-08-04	7	89.050	1.000	1.000	1.000	1.000	0.500								
212	2026-07-28	Consumer Staples Packaged Food & Snack Brand Recovery	Consumer Staples Packaged Food & Snack Brand Recovery	LW|UTZ|CAG	grind	scan	1	5			0.333	0.263	False	False	2026-08-06	9	96.800	1.000	1.000	0.667	0.667	1.000	dissolved		72.750	1.000	0.275	coh-fell		dissolved
213	2026-07-28	Specialty Pharma — Rare Disease & Cardiopulmonary Therapeutics	Specialty Pharma — Rare Disease & Cardiopulmonary Therapeutics	KNSA|LQDA	grind	scan	1	0			0.423	0.357	False	False	2026-07-30	2	98.100	1.000	1.000	1.000	0.000	0.000	reborn	reborn as lineage 237						reborn
214	2026-07-29	AI-Augmented Business Process Outsourcing & IT Services	AI-Augmented Business Process Outsourcing & IT Services	EXLS|G	grind	scan	0				0.929	0.707	False	False	2026-08-04	6	86.150	1.000	1.000	1.000	0.000	1.000	dissolved	validation-dissolve (Arm A)	76.600	1.000	0.773	coh-fell		dissolved
215	2026-07-29	Casual Dining & Full-Service Restaurant Chain Recovery	Casual Dining & Full-Service Restaurant Chain Recovery|Restaurant Chain Recovery	EAT|CAKE	grind	scan	0				0.610	0.512	True	True	2026-09-04	37	98.850	1.000	1.000	1.000	0.000	1.000								
216	2026-07-29	Dermatology & Atopic Immunology Biologics	Dermatology & Atopic Immunology Biologics	FBRX|APGE	grind	scan	1	2			0.086	0.416	False	False	2026-08-10	12	92.950	1.000	1.000	1.000	0.000	1.000	dissolved		41.100	1.000		rs<50		dissolved
217	2026-07-29	Investment Research & Financial Analytics Data Platforms	Investment Research & Financial Analytics Data Platforms	MORN|IT	grind	scan	0				0.884	0.320	False	False	2026-07-30	1	83.150	1.000	1.000	1.000	0.000	1.000	reborn	reborn as lineage 247						reborn
218	2026-07-29	Tax Preparation & Consumer Financial Software Platforms	Tax Preparation & Consumer Financial Software Platforms	HRB|INTU	grind	scan	0				0.661	0.216	False	False	2026-08-05	7	80.550	0.500	1.000	1.000	0.000	1.000	dissolved		72.700	1.000	0.057	coh-fell		dissolved
219	2026-07-30	AI & Data Center Semiconductor Surge	AI & Data Center Semiconductor Surge	LRCX|SIMO|ARM	cogap	scan	3	0			0.657	0.536	False	False	2026-07-30	0	30.300	0.000	0.000	0.000	0.000	0.000	dissolved	validation-dissolve (Arm A)	27.533	0.000	0.536	rs<50+coh-fell		dissolved
220	2026-07-30	China Consumer Internet & Digital Marketplace Platforms	China Consumer Internet & Digital Marketplace Platforms	ATHM|BZ	grind	scan	0				0.311	0.498	True	False	2026-08-06	7	94.500	1.000	1.000	1.000	1.000	1.000								
221	2026-07-30	Cinema Exhibition & Premium Large-Format Recovery	Cinema Exhibition & Premium Large-Format Recovery	CNK|IMAX	grind	scan	0				0.465	0.776	True	False	2026-08-31	32	96.250	1.000	1.000	1.000	0.500	1.000								
222	2026-07-30	Cloud Contact Center & CCaaS Communication Platforms	Cloud Contact Center & CCaaS Communication Platforms	FIVN|RNG	grind	scan	1	4			0.655	0.347	True	True	2026-09-04	36	97.550	1.000	1.000	1.000	0.000	1.000								
223	2026-07-30	US-China Tariff Truce — Consumer Goods & Digital Beneficiaries	US-China Tariff Truce — Consumer Goods & Digital Beneficiaries	HAS|MAT|SONO|BZ	grind	scan	1	7	0.139	0.129	0.139	0.129	False	False	2026-08-06	7	73.050	0.500	1.000	0.750	0.250	1.000	dissolved		48.850	1.000	0.148	rs<50		killed-healthy
224	2026-07-30	Vacation Ownership & Timeshare Resort Recovery	Vacation Ownership & Timeshare Resort Recovery	HGV|TNL|VAC	grind	scan	0				0.832	0.483	False	False	2026-08-06	7	55.600	0.333	0.333	0.333	0.000	0.000	killed-healthy		77.550	1.000	0.851			killed-healthy
225	2026-07-31	AI data center infrastructure buildout	AI data center infrastructure buildout	BLZE|FLNC|MPWR	cogap	scan	3	0			0.566	-0.002	False	False	2026-08-19	19	65.400	0.000	0.333	0.333	0.000	0.333	absorbed	tombstone:absorbed					Emerging Cloud GPU Rental & AI Infrastructure Hardware Providers	absorbed
226	2026-07-31	Family Dining & Quick-Service Restaurant Chain Recovery	Family Dining & Quick-Service Restaurant Chain Recovery	CBRL|JACK	grind	scan	1	4			0.278	0.498	True	False	2026-08-11	11	98.300	1.000	1.000	1.000	0.000	0.000								
227	2026-07-31	For-Profit & Vocational Post-Secondary Education Operators	For-Profit & Vocational Post-Secondary Education Operators	LAUR|LINC|LOPE|PRDO|STRA|UTI	grind	scan	1	0	0.829	0.579	0.829	0.579	False	False	2026-08-07	7	17.900	0.000	0.667	0.000	0.000	0.667	dissolved		59.900	1.000	0.532	coh-fell		dissolved
228	2026-07-31	Industrial HVAC, Plumbing & Fabricated Copper Products	Industrial HVAC, Plumbing & Fabricated Copper Products	CSW|MLI	grind	scan	0				0.026	0.261	True	False	2026-08-17	17	86.250	1.000	1.000	1.000	0.500	1.000								
229	2026-08-03	Alphabet (Google) Platform Re-Rating	Alphabet (Google) Platform Re-Rating	GOOG|GOOGL|GOOGM|GOOGN	grind	scan	0		0.980	0.993	0.980	0.993	False	False	2026-08-11	8	71.250	0.750	1.000	1.000	0.000	0.000	dissolved		29.550	0.000		rs<50		dissolved
230	2026-08-03	Commercial, Office & Home Furniture Retailers and Manufacturers	Commercial, Office & Home Furniture Retailers and Manufacturers	MLKN|HNI|BOBS	grind	scan	0				0.741	-0.172	True	True	2026-09-04	32	98.100	1.000	1.000	1.000	0.000	0.333								
231	2026-08-03	Defense Electronics & Aerospace Subsystem Suppliers	Defense Electronics & Aerospace Subsystem Suppliers	ARXS|MRCY|DFNS|AADX	grind	scan	1	0	0.249	0.074	0.249	0.074	True	True	2026-09-04	32	76.000	0.750	0.750	0.750	0.000	0.250								
232	2026-08-03	Digital Insurance Distribution & InsurTech Platforms	Digital Insurance Distribution & InsurTech Platforms	GSHD|LIFE	grind	scan	0				-0.367	0.119	True	True	2026-09-04	32	98.350	1.000	1.000	0.500	0.000	1.000								
233	2026-08-03	Electrical Infrastructure Products & Systems Installation	Electrical Infrastructure Products & Systems Installation	ATKR|IESC	cogap	scan	2	0			-0.072	0.344	True	False	2026-08-17	14	93.900	1.000	1.000	1.000	0.500	0.000								
234	2026-08-03	Gold & Precious Metals Miners Rotation	Gold & Precious Metals Miners Rotation|Precious Metals Equities Rally|Precious Metals Miners Rotation|Senior & Mid-Tier Gold & Silver Miners	SBSW|KGC|NEM|GFI|IAG|AU|EGO|PAAS|HL|EXK|FSM|CDE|AGI|CGAU|HYMC|SSRM|PPTA|AG	grind	scan	0		0.816	0.834	0.816	0.834	True	True	2026-09-04	32	13.900	0.000	0.389	0.056	0.333	0.000								
235	2026-08-03	Small Modular & Advanced Nuclear Reactor Development	Nuclear Fuel Cycle & Microreactor Development|Small Modular & Advanced Nuclear Reactor Development	OKLO|NNE|SMR	grind	scan	1	5			0.930	0.791	False	False	2026-08-14	11	7.800	0.000	0.000	0.000	0.000	0.000	absorbed	tombstone:absorbed					AI Data-Center Power & Physical Infrastructure Buildout	absorbed
236	2026-08-03	Smart Utility Metering & Water Infrastructure Hardware	Smart Utility Metering & Water Infrastructure Hardware	ITRI|MWA	grind	scan	1	4			0.588	0.312	False	False	2026-08-10	7	68.850	0.500	1.000	0.500	0.500	0.000	post-death window incomplete (censored)		60.500	0.000				post-death window incomplete (censored)
237	2026-08-03	Specialty Pharmaceutical Commercialization & Rare Disease Drugs	Specialty Pharmaceutical Commercialization & Rare Disease Drugs	KNSA|OMER	cogap	scan	2	4			0.018	-0.105	True	False	2026-08-14	11	96.050	1.000	1.000	1.000	0.000	0.500								
238	2026-08-04	AI GPU Compute Infrastructure & Cloud Services	AI GPU Compute Infrastructure & Cloud Services|Emerging Cloud GPU Rental & AI Infrastructure Hardware Providers	APLD|CBRS|CRWV	cogap	scan	2	3			0.669	0.609	False	False	2026-08-26	22	58.400	0.333	1.000	1.000	0.333	0.000	dissolved		39.833	0.000		rs<50		dissolved
239	2026-08-04	Aerospace Precision Components & Supply Chain	Aerospace Precision Components & Supply Chain	DPC|BA|HONA	grind	scan	0				0.016	-0.140	False	False	2026-08-10	6	73.600	0.667	1.000	1.000	0.333	0.000	post-death window incomplete (censored)		78.200	0.500				post-death window incomplete (censored)
240	2026-08-04	Defense ISR & Unmanned Systems Intelligence	Defense ISR & Unmanned Systems Intelligence	HAWK|AVEX	grind	scan	1	18			0.530	0.120	True	False	2026-08-21	17	77.450	1.000	1.000	1.000	0.000	0.000								
241	2026-08-04	Electrical Connectivity & Utility Network Hardware	Electrical Connectivity & Utility Network Hardware	PLPC|BDC	cogap	scan	2	3			0.698	0.521	True	False	2026-08-26	22	88.250	1.000	1.000	1.000	0.000	0.000								
242	2026-08-04	For-Profit & Vocational Education Operators	For-Profit & Vocational Education Operators	LINC|LOPE|PRDO|UTI|CVSA	grind	scan	1	2	0.827	0.583	0.827	0.583	False	False	2026-08-11	7	19.300	0.000	0.800	0.000	0.000	0.800	dissolved		40.800	0.500		rs<50		dissolved
243	2026-08-04	Government & Defense IT Services Providers	Defense Intelligence & Cybersecurity IT Contractors|Government & Defense IT Services Providers	EFOR|LDOS|DXC	grind	scan	1	3			0.188	0.123	True	True	2026-09-04	31	64.700	0.333	1.000	0.667	0.333	1.000								
244	2026-08-04	Industrial Equipment Rental & Material Handling	Industrial Equipment Rental & Material Handling	HRI|SUNB|CMCO	grind	scan	1	3			0.239	0.430	True	False	2026-08-25	21	97.600	1.000	0.667	0.667	0.333	0.333								
245	2026-08-04	Industrial Lifting, Material Handling & Equipment Rental	Industrial Lifting, Material Handling & Equipment Rental	HRI|CMCO	grind	scan	1	3			0.044	0.191	True	False	2026-08-31	27	97.900	1.000	0.500	0.500	0.500	0.000								
246	2026-08-04	Junior Precious Metals Miners Rotation	Junior Precious Metals Miners Rotation	PPTA|FSM	grind	scan	0				0.811	0.815	False	False	2026-08-10	6	27.350	0.000	1.000	0.000	1.000	0.000	post-death window incomplete (censored)		74.150	1.000				post-death window incomplete (censored)
247	2026-08-04	Management Consulting & Research Advisory Services	Management Consulting & Research Advisory Services	IT|HURN	cogap	scan	2	0			0.379	0.678	False	False	2026-08-04	0	89.000	1.000	1.000	1.000	1.000	1.000	killed-healthy	validation-dissolve (Arm A)	89.000	1.000	0.678			killed-healthy
248	2026-08-04	Net Lease Single-Tenant REIT Recovery	Net Lease Single-Tenant REIT Recovery	NNN|O|WPC	grind	scan	0				0.904	0.835	False	False	2026-08-10	6	27.500	0.000	1.000	0.000	0.000	1.000	dissolved		20.750	1.000		rs<50		dissolved
249	2026-08-04	Private Equity & Alternative Asset Management Platforms	Private Equity & Alternative Asset Management Platforms	ARES|HLNE	grind	scan	0				0.695	0.747	True	True	2026-09-04	31	86.050	1.000	1.000	1.000	1.000	0.500								
250	2026-08-04	Regulated Water Utility Infrastructure	Regulated Water Utility Infrastructure	AWK|AWR|CWT|WTRG	grind	scan	0		0.832	0.770	0.832	0.770	False	False	2026-08-10	6	41.000	0.000	1.000	0.000	0.000	1.000	dissolved		39.850	1.000		rs<50		dissolved
251	2026-08-04	Technology Intellectual Property Licensing	Technology Intellectual Property Licensing	DLB|IDCC	cogap	scan	2	2			-0.256	0.367	False	False	2026-08-05	1	80.550	1.000	1.000	1.000	0.500	0.500	killed-healthy	validation-dissolve (Arm A)	81.050	1.000	0.378			killed-healthy
252	2026-08-04	U.S. Government/Defense Contract Surge	U.S. Government/Defense Contract Surge	PLTR|TSAT|VOYG|AMRC	cogap	scan	4	0	0.354	0.109	0.354	0.109	True	False	2026-08-13	9	71.650	0.500	0.500	0.500	0.000	0.250								
253	2026-08-04	U.S. Government/Defense Spending Surge	U.S. Government/Defense Spending Surge	PLTR|TSAT|VOYG|AMRC	cogap	scan	4	0	0.354	0.109	0.354	0.109	False	False	2026-08-04	0	71.650	0.500	0.500	0.500	0.000	0.250	dissolved	cap-drop	70.525	0.500	0.109	coh-fell		dissolved
254	2026-08-05	Building Envelope, Ceilings & Interior Construction Products	Building Envelope, Ceilings & Interior Construction Products	AWI|CSL	cogap	scan	2	4			0.411	0.696	True	False	2026-08-26	21	82.350	1.000	1.000	1.000	0.000	1.000								
255	2026-08-05	Mobile App Platform & Advertising Monetization	Mobile App Platform & Advertising Monetization	BSP|APPS	grind	scan	1	0			0.164	0.149	True	False	2026-08-25	20	99.650	1.000	1.000	1.000	0.500	0.000								
256	2026-08-10	AI Chip Enablement: Test, Substrate & Photonic/Timing Component Suppliers	AI Chip & Interconnect Supply Chain Enablement|AI Chip & Memory Supply Chain Beneficiaries|AI Chip Enablement: Test, Substrate & Photonic/Timing Component Suppliers|AI-Driven Memory & Storage Supply Shortage|HBM & AI-Driven Memory Chip Makers	AEHR|AXTI|SITM|COHR|CBRS	cogap	scan	4	1	0.384		0.384		True	True	2026-09-04	25	83.000	0.800	1.000	1.000	0.400	0.400								
257	2026-08-10	Electronics Manufacturing & Semiconductor Packaging Supply Chain	Electronics Manufacturing & Semiconductor Packaging Supply Chain	AMKR|SANM|TTMI|AMSC	grind	scan	1	11	0.815		0.815		False	False	2026-08-25	15	19.900	0.000	0.000	0.000	0.000	0.000	dissolved		30.600	0.500		rs<50		dissolved
258	2026-08-10	Emerging Bitcoin & AI Cloud Compute Miners	Emerging Bitcoin & AI Cloud Compute Miners	CLSK|CORZ|IREN|MARA|NBIS|RIOT|WULF	cogap	scan	6	6	0.802		0.802		False	False	2026-08-17	7	14.000	0.000	0.000	0.000	0.000	0.000	post-death window incomplete (censored)		51.700	0.500				post-death window incomplete (censored)
259	2026-08-10	Genomics & DNA Sequencing Tools	Genomics & DNA Sequencing Tools	TWST|TXG|BRKR	grind	scan	0				0.472		True	True	2026-09-04	25	99.500	0.667	0.667	0.667	0.000	0.000								
260	2026-08-10	Oilfield Services & Drilling Rigs	Oilfield Services & Drilling Rigs	HP|SDRL|NESR	grind	scan	1	0			0.680		False	False	2026-08-13	3	80.800	0.667	1.000	1.000	0.000	0.667	post-death window incomplete (censored)		58.125	0.750				post-death window incomplete (censored)
261	2026-08-10	Precious Metals Miners Velocity Breakout	Precious Metals Miners Velocity Breakout	FSM|SKE|ASM|WPM|SA|AYA|PPTA	grind	scan	0		0.857		0.857		True	True	2026-09-04	25	83.200	0.857	1.000	0.857	0.429	0.429								
262	2026-08-10	Semiconductor Components & Optical Interconnect	Semiconductor Components & Optical Interconnect	CEVA|COHR|ENTG|GFS|RMBS	cogap	scan	2	1	0.793		0.793		False	False	2026-08-12	2	22.000	0.200	0.400	0.400	0.000	0.200	absorbed	tombstone:absorbed					AI Chip & Interconnect Supply Chain Enablement	absorbed
263	2026-08-10	Space & Unmanned Defense Systems	Space & Unmanned Defense Systems	VOYG|SPCX|KTOS|AVAV|KRMN	cogap	scan	2	3	0.418		0.418		False	False	2026-08-14	4	73.800	0.600	1.000	1.000	0.000	0.200	post-death window incomplete (censored)		78.467	0.833				post-death window incomplete (censored)
264	2026-08-10	Trucking & Freight Logistics	Trucking & Freight Carrier Rate Recovery|Trucking & Freight Logistics	HUBG|JBHT|ODFL|SNDR|XPO	grind	scan	0		0.835		0.835		False	True	2026-09-04	25	20.800	0.000	0.000	0.000	0.000	0.000	still-live (censored)							still-live (censored)
265	2026-08-10	U.S. Oil & Gas E&P Recovery	U.S. Oil & Gas E&P Recovery	TALO|CRK|OVV|NOG|APA	grind	scan	0		0.683		0.683		False	False	2026-08-12	2	52.300	0.000	1.000	1.000	0.000	1.000	absorbed	tombstone:absorbed					Oilfield Services & Drilling Rigs	absorbed
266	2026-08-11	Advanced & Small Modular Nuclear Reactor Technology	AI Data-Center Power & Physical Infrastructure Buildout|Advanced & Small Modular Nuclear Reactor Technology	XE|SMR	grind	scan	0				0.740		False	False	2026-08-19	8	70.850	0.500	1.000	1.000	0.500	0.000	absorbed	tombstone:absorbed					Advanced Nuclear Fuel & Reactor Design Manufacturers	absorbed
267	2026-08-11	Enterprise Unstructured Data Storage Infrastructure	Enterprise Unstructured Data Storage Infrastructure	QMCO|P	grind	scan	1	0			0.213		True	True	2026-09-04	24	99.650	1.000	1.000	0.500	0.000	1.000								
268	2026-08-11	IT Consulting & Business Process Outsourcing Services	IT Consulting & Business Process Outsourcing Services	CTSH|ACN|IT	grind	scan	1	5			0.723		True	True	2026-09-04	24	72.100	0.667	1.000	1.000	0.333	1.000								
269	2026-08-11	Lodging & Hotel REITs	Lodging & Hotel REITs	DRH|HST|PEB|SHO	grind	scan	0		0.844		0.844		True	True	2026-09-04	24	28.150	0.000	0.500	0.000	0.000	0.500								
270	2026-08-11	Programmatic Digital Advertising Platforms	Programmatic Digital Advertising Platforms	MGNI|QNST	cogap	scan	2	2			0.054		True	False	2026-09-03	23	98.350	1.000	1.000	1.000	0.000	0.000								
271	2026-08-11	Silver-Focused Primary Miners	Silver-Focused Primary Miners	AG|CDE|EXK|HL|SVM|PAAS	grind	scan	0		0.883		0.883		True	True	2026-09-04	24	72.950	0.667	1.000	1.000	0.500	0.500								
272	2026-08-11	Software Development & DevOps Collaboration Platforms	Software Development & DevOps Collaboration Platforms	TEAM|GTLB	cogap	scan	2	2			0.809		True	True	2026-09-04	24	98.850	1.000	1.000	1.000	0.000	0.500								
273	2026-08-12	AI-Driven Power & Grid Infrastructure Boom	AI-Driven Power & Grid Infrastructure Boom	EME|PWR|EROC|BE	cogap	scan	4	0	0.638		0.638		False	False	2026-08-26	14	60.600	0.250	1.000	1.000	0.000	0.000	dissolved		20.550	0.000		rs<50		dissolved
274	2026-08-12	Apartment & Residential REITs	Apartment & Residential REITs	AVB|ELS|EQR|UDR	grind	scan	0		0.910		0.910		False	False	2026-08-19	7	18.250	0.000	0.500	0.000	0.000	0.500	dissolved		22.000	0.500		rs<50		dissolved
275	2026-08-12	Bitcoin Mining & HPC Compute Pivot Operators	Bitcoin Mining & HPC Compute Pivot Operators|Bitcoin Mining Equities Momentum Basket	CIFR|CLSK|CORZ|HUT|MARA|WULF|APLD|RIOT	cogap	scan	7	1	0.896		0.896		False	True	2026-09-04	23	14.950	0.000	0.000	0.000	0.000	0.000	still-live (censored)							still-live (censored)
276	2026-08-12	Development-Stage Gold Exploration & Project Juniors	Development-Stage Gold Exploration & Project Juniors	HYMC|NG|AUGO	cogap	scan	2	3			0.860		True	False	2026-09-01	20	68.600	0.333	1.000	1.000	0.667	0.667								
277	2026-08-12	For-Profit Postsecondary Education	For-Profit Postsecondary & Vocational Education|For-Profit Postsecondary Education	LOPE|PRDO|STRA	grind	scan	0				0.898		True	True	2026-09-04	23	24.600	0.000	0.000	0.000	0.000	0.000								
278	2026-08-12	Optical Interconnect & Photonics for AI Data Center Networking	AI Datacenter Optical & High-Speed Interconnect|Optical Interconnect & Photonics for AI Data Center Networking|Optical Transceiver & Interconnect Components for AI Networking	LITE|COHR|CRDO	cogap	scan	2	3			0.856		False	False	2026-08-26	14	70.900	0.667	1.000	1.000	0.000	1.000	post-death window incomplete (censored)		63.700	0.500				post-death window incomplete (censored)
279	2026-08-12	Power Generation & Grid Infrastructure for AI Data Centers	Power Generation & Grid Infrastructure for AI Data Centers	GEV|EROC|AMRC	cogap	scan	2	0			0.417		False	False	2026-08-17	5	69.600	0.333	1.000	1.000	0.000	0.333	absorbed	tombstone:absorbed					AI data center infrastructure buildout	absorbed
280	2026-08-12	Skilled Nursing & Senior Housing REITs	Skilled Nursing & Senior Housing REITs	CTRE|LTC|NHI|OHI	grind	scan	0		0.865		0.865		False	False	2026-08-19	7	16.150	0.000	1.000	0.000	0.000	1.000	dissolved		29.850	1.000		rs<50		dissolved
281	2026-08-12	Uranium Feedstock & Mining Supply	Uranium Feedstock & Mining Supply|Uranium Mining & Nuclear Fuel Cycle Producers	UEC|UUUU	grind	scan	1	3			0.804		True	True	2026-09-04	23	58.100	0.000	1.000	1.000	0.000	0.500								
282	2026-08-13	Automotive Dealership Groups	Automotive Dealership Groups	ABG|AN|GPI	grind	scan	0				0.852		False	False	2026-08-20	7	26.500	0.000	0.667	0.000	0.000	0.667	dissolved		28.700	0.500		rs<50		dissolved
283	2026-08-13	Building Products & Home Improvement Suppliers	Building Products & Home Improvement Suppliers	LII|MAS|PPG|SITE	grind	scan	0		0.826		0.826		False	False	2026-08-28	15	19.200	0.000	0.000	0.000	0.000	0.000	dissolved		40.850	0.000		rs<50		dissolved
284	2026-08-13	Life Sciences & Healthcare Data/CRM Platforms	Life Sciences & Healthcare Data/CRM Platforms	TEM|DOCS|VEEV	grind	scan	1	4			0.411		True	True	2026-09-04	22	91.200	1.000	1.000	1.000	0.000	0.333								
285	2026-08-13	Regulated Electric Utility Holding Companies	Regulated Electric Utility Holding Companies	AEE|AEP|CMS|CNP|DTE|ED|ETR|EVRG|EXC|FE|IDA|LNT|OGE|SO|WEC|XEL	grind	scan	0		0.821		0.821		False	False	2026-08-20	7	13.750	0.000	0.438	0.000	0.000	0.438	dissolved		23.000	0.889		rs<50		dissolved
286	2026-08-14	Broadband & Telecom Network Infrastructure Equipment	Broadband & Telecom Network Infrastructure Equipment	HLIT|MXL|NOK	cogap	scan	2	1			0.577		False	False	2026-08-21	7	76.700	0.667	1.000	1.000	0.000	0.333	post-death window incomplete (censored)		50.433	0.000				post-death window incomplete (censored)
287	2026-08-14	Emerging Defense & Aerospace Hardware Suppliers	Emerging Defense & Aerospace Hardware Suppliers	VELO|NN|LPTH|UMAC	cogap	scan	3	0	0.391		0.391		True	False	2026-09-03	20	80.200	1.000	1.000	1.000	0.250	0.250								
288	2026-08-14	Rare disease/specialty pharma earnings beats	Rare disease/specialty pharma earnings beats	ETON|VERA|CRMD|KURA|OMER	cogap	scan	5	0	0.147		0.147		False	False	2026-08-18	4	87.300	0.600	0.600	0.600	0.000	0.600	reborn	reborn as lineage 346						reborn
289	2026-08-17	Advanced Nuclear Fuel & Reactor Design Manufacturers	Advanced Nuclear Fuel & Reactor Design Manufacturers	STDN|XE	cogap	scan	2	1			-0.498		False	False	2026-08-24	7	92.400	1.000	1.000	1.000	1.000	0.000	post-death window incomplete (censored)		55.200	0.500				post-death window incomplete (censored)
290	2026-08-17	Emerging Immunotherapy & Cell Therapy Biotech	Emerging Immunotherapy & Cell Therapy Biotech	IMMX|IBRX|JBIO	grind	scan	0				0.365		True	False	2026-08-27	10	91.500	1.000	1.000	1.000	0.333	0.667								
291	2026-08-17	Emerging Memory & Storage Semiconductor Makers	Emerging Memory & Storage Semiconductor Makers|Pure-Play NAND/DRAM Memory Chip Makers	MRAM|SIMO|SNDK	cogap	scan	3	9			0.666		True	True	2026-09-04	18	79.700	1.000	1.000	1.000	0.000	0.333								
292	2026-08-17	Lumber & Building Products Manufacturing-Distribution	Lumber & Building Products Manufacturing-Distribution	BCC|BLDR|FBIN|UFPI	grind	scan	0		0.821		0.821		False	False	2026-08-24	7	32.400	0.000	0.000	0.000	0.000	0.000	dissolved		40.200	0.000		rs<50		dissolved
293	2026-08-17	Natural Gas Midstream & LNG Infrastructure	Natural Gas Midstream & LNG Infrastructure	VG|TRGP|KGS	grind	scan	0				0.547		False	False	2026-08-19	2	62.700	0.333	1.000	1.000	0.000	0.667	absorbed	theme_pass1_protect_strip					Independent Oil Refiners	absorbed
294	2026-08-17	Resilient PNT: GPS-Alternative Timing & Navigation Infrastructure	Resilient PNT: GPS-Alternative Timing & Navigation Infrastructure	NN|SITM|INFQ|IONQ	cogap	scan	2	7	0.294		0.294		False	False	2026-08-21	4	78.300	0.750	1.000	1.000	1.000	0.000	absorbed	tombstone:absorbed					AI Chip & Interconnect Supply Chain Enablement	absorbed
295	2026-08-17	Semiconductor Test & Inspection Equipment	Semiconductor Test & Inspection Equipment	AEHR|COHU|TER|ONTO	cogap	scan	4	1	0.678		0.678		False	False	2026-08-28	11	85.650	1.000	1.000	1.000	0.000	0.500	dissolved		11.150	0.000		rs<50		dissolved
296	2026-08-17	Specialty & Multi-line P&C Insurance Carriers	Specialty & Multi-line P&C Insurance Carriers	ACGL|CNA|KMPR|L	grind	scan	0		0.790		0.790		False	False	2026-08-24	7	25.550	0.000	0.750	0.000	0.000	0.750	dissolved		43.950	0.500		rs<50		dissolved
297	2026-08-17	U.S. Oil & Gas E&P Rotation	Oilfield Services & Drilling Equipment|U.S. Oil & Gas E&P Rotation	SM|MTDR|VIST|CHRD|DVN|VET|TALO|CRGY|NOG	grind	scan	0		0.763		0.763		False	False	2026-08-25	8	70.900	0.556	1.000	1.000	0.000	1.000	reborn	reborn as lineage 382						reborn
298	2026-08-18	Americas-Focused Mid-Tier Gold & Silver Producers	Americas-Focused Mid-Tier Gold & Silver Producers	BVN|PAAS|AGI	grind	scan	0				0.706		False	False	2026-08-18	0	31.000	0.000	1.000	0.000	0.000	1.000	absorbed	tombstone:absorbed					Latin American Silver & Gold Mining Operators	absorbed
299	2026-08-18	Data & Analytics-as-a-Service Providers	Data & Analytics-as-a-Service Providers	NIQ|IQV|ITRI	cogap	scan	3	5			0.370		False	False	2026-08-20	2	77.300	0.667	0.667	0.333	0.000	0.667	post-death window incomplete (censored)	cap-drop	82.700	0.667				post-death window incomplete (censored)
300	2026-08-18	Drone & Advanced Aerial Defense Platforms	Drone & Advanced Aerial Defense Platforms	RCAT|BETA|AVEX	grind	scan	1	2			0.070		False	False	2026-08-20	2	87.100	0.667	1.000	0.667	0.000	1.000	absorbed	tombstone:absorbed					Emerging Defense & Aerospace Hardware Suppliers	absorbed
301	2026-08-18	International Integrated Oil & Gas Majors	International Integrated Oil & Gas Majors	BP|WDS|YPF	grind	scan	0				0.647		False	False	2026-08-20	2	57.100	0.000	1.000	1.000	0.000	1.000	absorbed	tombstone:absorbed					U.S. Oil & Gas E&P Rotation	absorbed
302	2026-08-18	Latin American Silver & Gold Mining Operators	Latin American Silver & Gold Mining Operators	AGI|BVN|PAAS|AG|FSM	grind	scan	0		0.807		0.807		True	True	2026-09-04	17	37.000	0.200	1.000	0.000	0.000	1.000								
303	2026-08-18	Natural Gas E&P Producers	Natural Gas E&P Producers	AR|CRK|EQT|EXE|RRC	grind	scan	0		0.844		0.844		False	False	2026-08-18	0	54.000	0.000	1.000	0.600	0.000	1.000	absorbed	tombstone:absorbed					Independent Oil Refiners	absorbed
304	2026-08-18	Power Semiconductor & Electrification Components	Power Semiconductor & Electrification Components	VICR|WOLF	grind	scan	0				0.513		False	False	2026-08-25	7	72.900	1.000	1.000	1.000	0.000	0.500	dissolved		16.800	0.500		rs<50		dissolved
305	2026-08-18	Reinsurance & Specialty Insurance Holding Carriers	Reinsurance & Specialty Insurance Holding Carriers	EG|RNR|CINF|ORI|L	grind	scan	0		0.754		0.754		False	False	2026-08-18	0	35.500	0.000	0.600	0.000	0.000	0.600	absorbed	tombstone:absorbed					Property & Casualty Insurance Underwriters	absorbed
306	2026-08-18	Semiconductor Deposition & Etch Equipment Makers	Semiconductor Deposition & Etch Equipment Makers|Semiconductor Wafer Fab Capital Equipment|Semiconductor Wafer Fab Equipment (Deposition & Lithography)	AMAT|LRCX|ACMR	cogap	scan	3	7			0.873		False	False	2026-08-21	3	71.200	0.667	1.000	1.000	0.000	0.000	absorbed	tombstone:absorbed					AI Chip & Interconnect Supply Chain Enablement	absorbed
307	2026-08-18	South African Gold & PGM Mining Producers	African Gold & Silver Mining Operators|South African Gold & PGM Mining Producers	AU|GFI|HMY|SBSW	cogap	scan	3	7	0.841		0.841		False	False	2026-08-28	10	61.650	0.250	1.000	0.000	0.000	1.000	absorbed	tombstone:absorbed					Gold & Precious Metals Miners Rotation	absorbed
308	2026-08-18	Video & Streaming Content Distribution Rebound	Video & Streaming Content Distribution Rebound	RUM|PSKY|ECHO	grind	scan	0				0.112		True	True	2026-09-04	17	71.800	0.667	1.000	1.000	0.333	0.333								
309	2026-08-19	CRISPR & Gene-Editing Therapeutics	CRISPR & Gene-Editing Therapeutics|CRISPR Gene Editing Pure-Plays|Genetic Medicine: Gene Editing & Gene Therapy Innovators	BEAM|CRSP|NTLA	grind	scan	0				0.721		True	True	2026-09-04	16	41.600	0.333	0.667	0.333	0.000	0.333								
310	2026-08-19	CRISPR Gene Editing Therapeutics	CRISPR Gene Editing Therapeutics|Precision Gene Editing & Genetic Medicine Rotation	BEAM|CRSP|NTLA	grind	scan	0				0.721		False	False	2026-08-21	2	41.600	0.333	0.667	0.333	0.000	0.333	post-death window incomplete (censored)	cap-drop	71.233	1.000				post-death window incomplete (censored)
311	2026-08-19	Clinical-Stage Oncology & Hematology Biotech Breakout	Clinical-Stage Oncology & Hematology Biotech Breakout	KURA|URGN|SNDX|INBX|OMER	cogap	scan	2	1	0.120		0.120		True	False	2026-08-27	8	96.100	0.800	1.000	1.000	0.200	0.800								
312	2026-08-19	Cloud Application Software Rotation (Oversold Turning Up)	Cloud Application Software Rotation (Oversold Turning Up)	PCOR|APPF|ZM|DUOL	grind	scan	0		0.540		0.540		True	True	2026-09-04	16	90.600	1.000	0.750	0.750	0.750	0.500								
313	2026-08-19	Corporate Digital Asset Treasury Vehicles	Bitcoin Treasury & Crypto Proxy Equities Correlation Basket|Corporate Digital Asset Treasury Vehicles	ASST|BMNR|MSTR|SBET	grind	scan	1	17	0.838		0.838		True	True	2026-09-04	16	71.800	0.500	0.750	0.750	0.000	0.000								
314	2026-08-19	Crypto-Native Exchange & Treasury Platforms	Altcoin & Diversified Digital-Asset Infrastructure Second Wave|Crypto-Native Exchange & Treasury Platforms	PURR|BLSH	cogap	scan	2	2			0.223		True	True	2026-09-04	16	72.550	0.500	1.000	1.000	0.000	0.000								
315	2026-08-19	Defensive Consumer Staples Rotation	Defensive Consumer Staples Rotation	COST|KR|PEP	grind	scan	0				0.820		True	True	2026-09-04	16	19.400	0.000	0.667	0.000	0.000	0.667								
316	2026-08-19	Diversified Regulated Electric & Gas Utilities	Diversified Regulated Electric & Gas Utilities	AEP|CMS|EVRG|EXC|FE|SO|XEL	grind	scan	0		0.794		0.794		False	False	2026-08-21	2	16.400	0.000	1.000	0.000	0.000	1.000	dissolved		14.714	0.857		rs<50		dissolved
317	2026-08-19	Emerging Oncology Therapeutics	Emerging Oncology Therapeutics	KURA|URGN|SNDX	grind	scan	1	1			0.390		False	False	2026-08-19	0	96.100	0.667	1.000	1.000	0.000	0.667	absorbed	tombstone:absorbed					Clinical-Stage Oncology & Hematology Biotech Breakout	absorbed
318	2026-08-19	Gateway & Coastal Office REIT Stress Reversal	Gateway & Coastal Office REIT Stress Reversal	BXP|VNO|DEI	grind	scan	0				0.839		False	True	2026-09-04	16	37.800	0.000	0.000	0.000	0.000	0.000	still-live (censored)							still-live (censored)
319	2026-08-19	Industrial Automation & Power Transmission Components	Industrial Automation & Power Transmission Components	ROK|TKR|AIN	grind	scan	0				0.863		False	False	2026-08-28	9	18.700	0.000	0.333	0.000	0.000	0.333	absorbed	tombstone:absorbed					Industrial Automation & Precision Bearings Manufacturers	absorbed
320	2026-08-19	Industrial Automation & Precision Bearings Manufacturers	Industrial Automation & Precision Bearings Manufacturers	AIN|ROK|TKR	grind	scan	0				0.863		False	False	2026-08-21	2	18.700	0.000	0.333	0.000	0.000	0.333	absorbed	tombstone:absorbed					Industrial Automation & Power Transmission Components	absorbed
321	2026-08-19	Rare Earth & Critical Minerals Mining	Rare Earth & Critical Minerals Mining	ALOY|MP|USAR	grind	scan	1	7			0.697		False	False	2026-08-28	9	52.600	0.000	0.333	0.333	0.000	0.000	post-death window incomplete (censored)		66.250	1.000				post-death window incomplete (censored)
322	2026-08-19	Rare Earth Elements & Critical Minerals Processing	Rare Earth Elements & Critical Minerals Processing	MP|USAR|ALOY	grind	scan	1	7			0.697		False	False	2026-08-19	0	52.600	0.000	0.333	0.333	0.000	0.000	absorbed	tombstone:absorbed					Rare Earth & Critical Minerals Mining	absorbed
323	2026-08-19	Regulated Natural Gas Distribution Utilities	Regulated Natural Gas Distribution Utilities	UGI|ATO|OGS|SR	grind	scan	0		0.527		0.527		False	False	2026-08-21	2	38.300	0.000	1.000	0.250	0.000	1.000	absorbed	tombstone:absorbed					Independent Petroleum Refiners & Marketers	absorbed
324	2026-08-19	mRNA Vaccine & Therapeutics Platforms	Vaccine & Antiviral Therapeutics Rebound|mRNA & Next-Gen Vaccine Platform Resurgence|mRNA Vaccine & Personalized Cancer Immunotherapy Platforms|mRNA Vaccine & Therapeutics Innovation|mRNA Vaccine & Therapeutics Platforms	BNTX|MRNA	cogap	scan	2	0			0.572		False	True	2026-09-04	16	93.600	1.000	1.000	1.000	0.000	0.500	still-live (censored)							still-live (censored)
325	2026-08-20	Agricultural & Heavy Construction Equipment Manufacturers	Agricultural & Heavy Construction Equipment Manufacturers|Global Agriculture Value Chain Recovery|Pure-Play Agricultural Tractor & Farm Machinery Manufacturers	CNH|DE|OSK	grind	scan	1	13			0.707		True	False	2026-09-04	15	63.000	0.000	1.000	1.000	0.000	0.333								
326	2026-08-20	Business Development Companies & Specialty Direct Lending	Business Development Companies & Direct Lending|Business Development Companies & Specialty Direct Lending	MAIN|FSK|HTGC	grind	scan	0				0.571		False	False	2026-08-24	4	74.800	1.000	0.333	0.333	0.000	0.000	absorbed	tombstone:absorbed					Private Equity & Alternative Asset Management Platforms	absorbed
327	2026-08-20	Cardiac & Diagnostic Imaging Recovery	AI-Driven Diagnostics & Imaging Re-Rating|AI-Native Diagnostics & Computational Medicine Re-Rating|Cardiac & Diagnostic Imaging Recovery	HTFL|RDNT|IRTC	grind	scan	1	4			0.082		True	True	2026-09-04	15	95.100	1.000	1.000	1.000	0.667	0.333								
328	2026-08-20	Diabetes Management & Continuous Glucose Monitoring Devices	Diabetes Management & Continuous Glucose Monitoring Devices|Diabetes Management Devices (CGM, Insulin Pumps & Delivery)	DXCM|INSP|TNDM	cogap	scan	2	12			0.080		True	True	2026-09-04	15	90.100	1.000	1.000	0.667	0.000	0.667								
329	2026-08-20	Grocery-Anchored & Open-Air Shopping Center REITs	Grocery-Anchored & Open-Air Shopping Center REITs|Grocery-Anchored Shopping Center REIT Momentum Reversal	BRX|FRT|PECO|REG	grind	scan	0		0.861		0.861		False	False	2026-09-04	15	16.950	0.000	0.000	0.000	0.000	0.000	dissolved		33.533	0.833		rs<50		dissolved
330	2026-08-20	Marketing & Digital Presence SaaS Platforms	Marketing & Digital Presence SaaS Platforms	ZETA|SPT|WIX	cogap	scan	3	9			0.327		True	True	2026-09-04	15	97.300	1.000	0.333	0.333	0.333	0.333								
331	2026-08-20	Natural Gas Midstream & LNG Export Infrastructure	Natural Gas Midstream & LNG Export Infrastructure|Natural Gas Pipeline & Midstream Transport Infrastructure	LNG|KMI|WMB|OKE|TRGP|KNTK|ET|DTM	grind	scan	0		0.761		0.761		False	False	2026-08-27	7	73.150	0.625	1.000	0.625	0.000	1.000	absorbed	tombstone:absorbed					Oil & Gas Value Chain (Upstream, Midstream & Downstream)	absorbed
332	2026-08-21	Bioprocessing & Cell Culture Technology	Bioprocessing & Cell Culture Technology	RGEN|AVTR|DHR	cogap	scan	2	17			0.275		False	False	2026-08-21	0	89.100	1.000	0.667	0.667	0.000	0.667	absorbed	theme_pass1_protect_strip					Life Science Tools & Analytical Instruments	absorbed
333	2026-08-21	Core Banking & Credit Union Software Platforms	Core Banking & Credit Union Software Platforms	JKHY|NCNO|QTWO	grind	scan	0				0.663		False	False	2026-08-21	0	84.400	1.000	0.333	0.333	0.000	0.000	absorbed	tombstone:absorbed					B2B Digital Financial Infrastructure & Payment Rails Modernization	absorbed
334	2026-08-21	Crypto-Native Exchange & Blockchain Financial Software	Crypto Exchange & Stablecoin Platform Velocity Breakout|Crypto-Native Exchange & Blockchain Financial Software	FIGR|COIN	grind	scan	0				0.340		True	True	2026-09-04	14	80.550	1.000	1.000	1.000	0.500	0.000								
335	2026-08-21	Custody & Trust Banks	Custody & Trust Banks	BNY|NTRS|STT	grind	scan	0				0.853		False	False	2026-08-21	0	59.600	0.333	1.000	0.000	0.000	1.000	absorbed	tombstone:absorbed					Wealth Management & Retail Brokerage Platforms	absorbed
336	2026-08-21	Fertilizer & Crop Nutrient Producers	Farm Economy Value Chain Re-Rating|Fertilizer & Crop Nutrient Producers	CF|MOS|NTR|SQM	grind	scan	0		0.425		0.425		True	True	2026-09-04	14	69.350	0.500	1.000	1.000	0.000	1.000								
337	2026-08-21	Liquid Biopsy & Early Cancer Detection Diagnostics	Liquid Biopsy & Early Cancer Detection Diagnostics|Liquid Biopsy & Multi-Cancer Early Detection Diagnostics	GH|NTRA|GRAL	cogap	scan	2	10			0.573		False	False	2026-08-28	7	93.500	1.000	1.000	1.000	0.000	0.333	absorbed	tombstone:absorbed					Genomics & DNA Sequencing Tools	absorbed
338	2026-08-21	Metallurgical & Thermal Coal Mining Rebound	Metallurgical & Thermal Coal Mining Rebound	AMR|HCC	grind	scan	0				0.742		True	True	2026-09-04	14	87.850	1.000	1.000	1.000	0.500	1.000								
339	2026-08-21	Natural Gas Value Chain & LNG Export Infrastructure	Natural Gas Value Chain & LNG Export Infrastructure	LNG|TRGP|OKE|KGS|EQT|AR|RRC	grind	scan	0		0.538		0.538		False	False	2026-08-21	0	64.600	0.286	0.857	0.714	0.000	0.857	absorbed	tombstone:absorbed					U.S. Oil & Gas E&P Rotation	absorbed
340	2026-08-21	Offshore Drilling Rig Contractors	Offshore Drilling Rig Contractors	SDRL|NE|VAL	grind	scan	0				0.828		False	False	2026-08-21	0	68.200	0.333	1.000	1.000	0.000	1.000	absorbed	tombstone:absorbed					Offshore Energy Equipment & Services	absorbed
341	2026-08-21	Oil Refining & Marketing	Oil & Gas Value Chain (Upstream, Midstream & Downstream)|Oil Refining & Marketing	MPC|PSX|VLO|DK|DINO|PBF|CVI	cogap	scan	2	16	0.783		0.783		True	False	2026-08-28	7	91.500	1.000	1.000	0.857	0.000	1.000								
342	2026-08-21	Robotic Process Automation & Low-Code Workflow Execution	Robotic Process Automation & Low-Code Workflow Execution	APPN|PATH	grind	scan	0				0.760		True	True	2026-09-04	14	98.550	1.000	1.000	0.500	0.000	1.000								
343	2026-08-24	Government AI & Public-Sector Digitization Breakout	Government AI & Public-Sector Digitization Breakout	CACI|PLTR|TYL|GRRR	cogap	scan	2	12	0.094		0.094		True	False	2026-09-01	8	88.150	1.000	1.000	1.000	0.750	1.000								
344	2026-08-24	Pawn Lending & Retail Pawn Shop Operators	Pawn Lending & Retail Pawn Shop Operators	EZPW|FCFS	grind	scan	0				0.796		False	False	2026-08-31	7	78.600	1.000	1.000	1.000	0.000	0.000	post-death window incomplete (censored)		62.300	0.000				post-death window incomplete (censored)
345	2026-08-24	Quick-Service & Fast-Casual Restaurant Chains	Quick-Service & Fast-Casual Restaurant Chains	CMG|FWRG|YUM|SBUX	grind	scan	1	17	0.406		0.406		True	True	2026-09-04	11	66.600	0.000	1.000	1.000	0.000	0.500								
346	2026-08-24	Rare Disease & Specialty Drug Delivery Pharmaceuticals	Rare Disease & Specialty Drug Delivery Pharmaceuticals	ETON|HALO	cogap	scan	2	6			-0.158		False	False	2026-08-26	2	99.100	1.000	1.000	0.500	0.000	1.000	reborn	reborn as lineage 395						reborn
347	2026-08-24	Wood-Based Building Materials Distribution	Building Products & Construction Materials Manufacturing|Wood-Based Building Materials Distribution	BCC|BLDR|UFPI	grind	scan	0				0.864		False	True	2026-09-04	11	29.600	0.000	0.000	0.000	0.000	0.000	still-live (censored)							still-live (censored)
348	2026-08-25	AI Data Center Component & Connectivity Semiconductor Suppliers	AI Data Center Component & Connectivity Semiconductor Suppliers	ALAB|FLEX|LSCC|MXL|VICR	cogap	scan	2	15	0.741		0.741		False	False	2026-09-01	7	22.100	0.000	0.000	0.000	0.000	0.000	absorbed	tombstone:absorbed					Optical Networking & Photonics Components for AI Data Centers	absorbed
349	2026-08-25	Business Development Companies & Private Credit Lenders	Business Development Companies & Private Credit Lenders	ARCC|FSK|OBDC|OTF	grind	scan	0		0.834		0.834		True	True	2026-09-04	10	59.150	0.250	0.500	0.500	0.000	0.500								
350	2026-08-25	Frozen Foods Producers	Frozen Foods Producers	LW|NOMD|MICC|CAG|SJM	grind	scan	0		0.555		0.555		True	True	2026-09-04	10	81.800	1.000	0.800	0.800	0.000	0.600								
351	2026-08-25	Residential Rental REITs (Apartment & Single-Family)	Multifamily Apartment REIT Rotation|Residential Rental REITs (Apartment & Single-Family)	AMH|CPT|INVH|IRT|MAA	grind	scan	0		0.805		0.805		False	False	2026-09-03	9	43.000	0.000	0.600	0.400	0.000	0.600	dissolved		32.000	1.000		rs<50		dissolved
352	2026-08-26	Bitcoin Miner to AI/HPC Data Center Conversion	Bitcoin Miner to AI/HPC Data Center Conversion|Bitcoin Miners Pivoting to AI/HPC Data Center Hosting	APLD|CIFR|CLSK|CORZ|HUT|WULF	cogap	scan	6	19	0.917		0.917		False	False	2026-09-03	8	3.350	0.000	0.000	0.000	0.000	0.000	absorbed	theme_pass1_protect_strip					Bitcoin Mining Equities Momentum Basket	absorbed
353	2026-08-26	Coal Mining Relative Strength Breakout	Coal Mining Relative Strength Breakout	BTU|CNR	grind	scan	0				0.619		True	True	2026-09-04	9	81.450	1.000	1.000	1.000	0.000	1.000								
354	2026-08-27	5G/IoT Edge Connectivity Hardware Re-Acceleration	5G/IoT Edge Connectivity Hardware Re-Acceleration	NOK|SMTC|GRRR	grind	scan	1	20			0.234		False	False	2026-08-27	0	65.800	0.333	1.000	0.667	0.333	0.667	absorbed	tombstone:absorbed					Network Security & Zero-Trust Edge	absorbed
355	2026-08-27	Electronic Components & Power Conversion Manufacturers	Electronic Components & Power Conversion Manufacturers	AEIS|BELFA|BELFB|KN	cogap	scan	2	17	0.885		0.885		False	False	2026-09-03	7	7.350	0.000	0.000	0.000	0.000	0.000	dissolved		19.600	0.000		rs<50		dissolved
356	2026-08-27	Large-Cap Reinsurance & Specialty P&C Carriers	Large-Cap Reinsurance & Specialty P&C Carriers	CB|MKL|RNR|EG|TRV	grind	scan	0		0.799		0.799		True	True	2026-09-04	8	58.200	0.000	1.000	0.400	0.000	1.000								
357	2026-08-27	Major US Passenger Airlines	Major US Passenger Airlines	AAL|ALK|DAL|LUV|UAL	grind	scan	0		0.822		0.822		False	False	2026-09-01	5	16.600	0.000	0.000	0.000	0.000	0.000	absorbed	tombstone:absorbed					Major US Network Airlines Rebound	absorbed
358	2026-08-27	Power Generation Buildout for AI Data Center Electricity Demand	Power Generation Buildout for AI Data Center Electricity Demand	EROC|WLDN|HNRG|DEC	cogap	scan	2	11	0.002		0.002		False	True	2026-09-04	8	76.800	0.750	1.000	1.000	0.500	0.500	still-live (censored)							still-live (censored)
359	2026-08-27	Rare & Orphan Disease Specialty Therapeutics	Rare & Orphan Disease Specialty Therapeutics	ETON|MIRM|CAPR	cogap	scan	2	1			0.206		False	False	2026-08-28	1	76.000	0.667	0.667	0.667	0.000	0.333	post-death window incomplete (censored)	cap-drop	68.033	0.667				post-death window incomplete (censored)
360	2026-08-28	Electrical Grid & Power Infrastructure Construction (EPC)	AI Data Center Power & Electrical Infrastructure Buildout|Electrical Grid & Power Infrastructure Construction (EPC)	AGX|ECG|EME|FIX|GEV|PWR	grind	scan	1	17	0.762		0.762		False	False	2026-09-04	7	9.100	0.000	0.167	0.000	0.000	0.167	dissolved		9.425	0.250		rs<50		dissolved
361	2026-08-28	Independent Oil Refining & Fuel Distribution	Independent Oil Refining & Fuel Distribution|Independent Oil Refining & Marketing	DK|PBF|DINO|MPC|KNTK|OKE	grind	scan	0		0.609		0.609		False	False	2026-09-01	4	98.450	1.000	1.000	1.000	0.000	0.833	absorbed	theme_auto_retired					Global Crude Oil Price Leverage: E&P, Integrated & Tanker Shipping	absorbed
362	2026-08-28	Infectious Disease Vaccines, Antivirals & Diagnostics Rebound	Infectious Disease Vaccines, Antivirals & Diagnostics Rebound	NVAX|VIR|QDEL	grind	scan	0				0.162		False	False	2026-08-28	0	80.900	1.000	1.000	1.000	0.667	0.333	absorbed	tombstone:absorbed					mRNA & Next-Gen Vaccine Platform Resurgence	absorbed
363	2026-08-28	Non-Alcoholic Beverages & Energy Drinks	Non-Alcoholic Beverages & Energy Drinks	KO|KDP|CCEP|CELH|MNST	grind	scan	0		0.396		0.396		True	True	2026-09-04	7	68.600	0.400	1.000	1.000	0.200	0.800								
364	2026-08-28	Oilfield Services, Completions & Drilling Equipment	Oilfield Services, Completions & Drilling Equipment	INVX|HAL|SLB	grind	scan	0				0.728		False	False	2026-08-28	0	80.400	0.667	1.000	1.000	0.000	0.667	post-death window incomplete (censored)		75.800	1.000				post-death window incomplete (censored)
365	2026-08-28	Semiconductor Packaging, Test & Specialty Materials Equipment	Semiconductor Packaging, Test & Specialty Materials Equipment	KEYS|KLIC|ROG	grind	scan	0				0.871		False	True	2026-09-04	7	14.000	0.000	0.333	0.000	0.000	0.333	still-live (censored)							still-live (censored)
366	2026-08-28	Uniform & Facility Services Rental Providers	Uniform & Facility Services Rental Providers	CTAS|UNF	grind	scan	0				0.789		False	True	2026-09-04	7	63.600	0.500	1.000	0.500	0.000	1.000	still-live (censored)							still-live (censored)
367	2026-08-31	Buy Now Pay Later & Point-of-Sale Consumer Credit	Buy Now Pay Later & AI Consumer Lending|Buy Now Pay Later & Point-of-Sale Consumer Credit	SEZL|AFRM|PGY	grind	scan	1	1			0.374		False	True	2026-09-04	4	60.900	0.333	0.667	0.333	0.000	0.333	still-live (censored)							still-live (censored)
368	2026-08-31	Customer Engagement & Behavioral Analytics Martech Platforms	Customer Engagement & Behavioral Analytics Martech Platforms|Customer Engagement & Marketing/CX SaaS Platforms	AMPL|BRZE	grind	scan	0				0.633		False	True	2026-09-04	4	98.400	1.000	1.000	0.500	0.500	1.000	still-live (censored)							still-live (censored)
369	2026-08-31	Emerging Bitcoin Miners Diversifying into AI/HPC Hosting	Emerging Bitcoin Miners Diversifying into AI/HPC Hosting	APLD|CIFR|CORZ|RIOT	grind	scan	1	14	0.785		0.785		False	True	2026-09-04	4	6.350	0.000	0.000	0.000	0.000	0.000	still-live (censored)							still-live (censored)
370	2026-08-31	Home Improvement Retail & Building Products Suppliers	Home Improvement Retail & Building Products Suppliers	HD|LOW|IBP|LPX	grind	scan	0		0.756		0.756		False	True	2026-09-04	4	19.700	0.000	0.500	0.000	0.000	0.500	still-live (censored)							still-live (censored)
371	2026-08-31	Pure-Play Homebuilders	Pure-Play Homebuilders	DHI|KBH|LEN|MHO|MTH|NVR|PHM|TOL	grind	scan	0		0.903		0.903		False	False	2026-09-03	3	26.500	0.000	0.125	0.000	0.000	0.125	absorbed	tombstone:absorbed					Homebuilders & Housing Supply Chain Recovery	absorbed
372	2026-08-31	RV & Recreational Vehicle Manufacturing Supply Chain	RV & Recreational Vehicle Manufacturing Supply Chain	THO|LCII|PATK	grind	scan	0				0.720		False	True	2026-09-04	4	25.800	0.000	0.333	0.000	0.000	0.333	still-live (censored)							still-live (censored)
373	2026-09-01	AI Data Center High-Speed Interconnect & Signal Integrity Chipmakers	AI Data Center High-Speed Interconnect & Signal Integrity Chipmakers	COHR|GLW|LITE|RMBS	cogap	scan	2	17	0.876		0.876		False	True	2026-09-04	3	8.200	0.250	0.750	0.250	0.000	0.750	still-live (censored)							still-live (censored)
374	2026-09-01	Agricultural Commodity Farming & Food Processing	Agricultural Commodity Farming & Food Processing	BG|AGRO|DOLE|JBS	grind	scan	0		-0.030		-0.030		False	False	2026-09-03	2	67.400	0.500	1.000	0.750	0.250	1.000	absorbed	tombstone:absorbed					Global Agriculture Value Chain Recovery	absorbed
375	2026-09-01	Major US Network Airlines Rebound	Major U.S. Network Airlines Correlation|Major US Network Airlines Rebound	AAL|DAL|LUV|UAL	grind	scan	0		0.806		0.806		False	False	2026-09-04	3	18.450	0.000	0.000	0.000	0.000	0.000	dissolved		20.100	0.000		rs<50		dissolved
376	2026-09-01	Management & Business Advisory Consulting Firms	Management & Business Advisory Consulting Firms	CBZ|GIB|HURN	grind	scan	0				0.335		False	True	2026-09-04	3	90.500	0.667	1.000	0.333	0.000	1.000	still-live (censored)							still-live (censored)
377	2026-09-01	Media Streaming & Entertainment Content Turnaround	Media Streaming & Entertainment Content Turnaround	SPOT|PSKY	grind	scan	0				0.188		False	True	2026-09-04	3	84.050	1.000	1.000	1.000	1.000	1.000	still-live (censored)							still-live (censored)
378	2026-09-01	Optical Networking & Photonics Components for AI Data Centers	Optical Networking & Photonics Components for AI Data Centers	COHR|GLW|LITE	cogap	scan	2	17			0.878		False	True	2026-09-04	3	11.200	0.333	0.667	0.333	0.000	0.667	still-live (censored)							still-live (censored)
379	2026-09-01	Orthopedic Surgical Devices & Instruments	Orthopedic Surgical Devices & Instruments	CNMD|ZBH|MMSI	grind	scan	0				0.354		False	True	2026-09-04	3	85.600	1.000	1.000	0.333	0.000	1.000	still-live (censored)							still-live (censored)
380	2026-09-01	Skilled Nursing & Senior Housing Healthcare REITs	Skilled Nursing & Senior Housing Healthcare REITs	CTRE|NHI|OHI|SBRA	grind	scan	0		0.875		0.875		False	True	2026-09-04	3	59.050	0.250	1.000	1.000	0.000	1.000	still-live (censored)							still-live (censored)
381	2026-09-01	US LNG Export Value Chain Buildout	US LNG Export Value Chain Buildout	DEC|PBA|LNG|NEXT	grind	scan	0		0.469		0.469		False	False	2026-09-03	2	72.450	0.750	1.000	1.000	1.000	1.000	absorbed	tombstone:absorbed					Global Oil & Gas Upstream, Integrated & Transport Value Chain	absorbed
382	2026-09-02	Canadian Oil Sands & Integrated Producers	Canadian Oil Sands & Integrated Producers	CNQ|SU|CVE	grind	scan	0				0.795		False	True	2026-09-04	2	88.500	1.000	1.000	0.667	0.000	1.000	still-live (censored)							still-live (censored)
383	2026-09-02	Crude Oil & Product Tanker Shipping	Crude Oil & Product Tanker Shipping	DHT|FRO|INSW|NAT|STNG|TNK	grind	scan	0		0.809		0.809		False	False	2026-09-02	0	93.350	1.000	1.000	1.000	0.000	0.833	post-death window incomplete (censored)		89.233	1.000				post-death window incomplete (censored)
384	2026-09-02	Digital Banking Core Platform Providers	Digital Banking Core Platform Providers	NCNO|QTWO|ALKT|JKHY	grind	scan	0		0.232		0.232		False	True	2026-09-04	2	85.050	0.750	0.250	0.250	0.000	0.000	still-live (censored)							still-live (censored)
385	2026-09-02	Latin American National Oil & Gas Companies	Latin American National Oil & Gas Companies	PBR|YPF|EC	grind	scan	0				0.556		False	True	2026-09-04	2	87.500	1.000	1.000	1.000	0.333	1.000	still-live (censored)							still-live (censored)
386	2026-09-02	Molecular & Genomic Diagnostic Testing	Molecular & Genomic Diagnostic Testing	BLLN|VCYT|CDNA	grind	scan	0				0.328		False	True	2026-09-04	2	56.800	0.333	0.667	0.667	0.000	0.333	still-live (censored)							still-live (censored)
387	2026-09-02	Permian Basin Pure-Play Shale Producers	Permian Basin Pure-Play Shale Producers	MTDR|FANG|PR	grind	scan	0				0.842		False	True	2026-09-04	2	78.100	0.667	1.000	0.667	0.333	1.000	still-live (censored)							still-live (censored)
388	2026-09-02	Renewable & Specialty Fuels Chemical Producers	Renewable & Specialty Fuels Chemical Producers	MEOH|CLMT|SSL	grind	scan	0				0.482		False	True	2026-09-04	2	81.800	1.000	1.000	1.000	0.000	1.000	still-live (censored)							still-live (censored)
389	2026-09-02	Specialty & Rare Disease Pharmaceutical Innovators	Specialty & Rare Disease Pharmaceutical Innovators	ETON|MLYS|NBIX|ALNY|TARS	grind	scan	1	13	0.115		0.115		False	True	2026-09-04	2	81.300	0.600	1.000	1.000	0.000	1.000	still-live (censored)							still-live (censored)
390	2026-09-03	Appalachian Natural Gas E&P Producers	Appalachian Natural Gas E&P Producers	AR|EQT|EXE|RRC	grind	scan	0		0.872		0.872		False	False	2026-09-03	0	69.100	0.500	1.000	0.750	0.500	1.000	post-death window incomplete (censored)		68.275	1.000				post-death window incomplete (censored)
391	2026-09-03	Brazil/LatAm Macro Risk-On Rotation	Brazil/LatAm Macro Risk-On Rotation	ITUB|PAGS|XP|PAM|SUZ	grind	scan	0		0.606		0.606		False	True	2026-09-04	1	76.200	0.800	1.000	1.000	0.000	0.400	still-live (censored)							still-live (censored)
392	2026-09-03	Homebuilders & Housing Supply Chain Recovery	Homebuilders & Housing Supply Chain Recovery	DHI|KBH|LEN|MHO|MTH|NVR|PHM|TOL|SHW	grind	scan	0		0.899		0.899		False	True	2026-09-04	1	24.500	0.000	0.000	0.000	0.000	0.000	still-live (censored)							still-live (censored)
393	2026-09-03	Newly Public Digital Trading & Brokerage Platforms	Newly Public Digital Trading & Brokerage Platforms	BULL|BLSH	cogap	scan	2	10			0.317		False	True	2026-09-04	1	92.400	1.000	1.000	1.000	0.500	0.500	still-live (censored)							still-live (censored)
394	2026-09-03	Oncology Therapeutics RS Turnaround	Oncology Therapeutics RS Turnaround	KURA|SNDX|GILD|SMMT	cogap	scan	2	0	0.424		0.424		False	True	2026-09-04	1	78.350	0.500	1.000	1.000	0.750	0.500	still-live (censored)							still-live (censored)
395	2026-09-03	Rare Disease & Specialty Biopharmaceutical Innovators	Rare Disease & Specialty Biopharmaceutical Innovators	ETON|HALO|SION|ALNY	cogap	scan	2	14	0.047		0.047		False	True	2026-09-04	1	90.150	0.750	1.000	0.500	0.250	1.000	still-live (censored)							still-live (censored)
396	2026-09-04	AI data-center power buildout	AI data-center power buildout	AGX|SNOW|ALAB	cogap	scan	3	0			0.289		False	True	2026-09-04	0	44.200	0.333	0.333	0.333	0.000	0.000	still-live (censored)							still-live (censored)
397	2026-09-04	Apartment & Single-Family Rental REITs	Apartment & Single-Family Rental REITs	AMH|CPT|ESS|INVH|MAA|UDR	grind	scan	0		0.901		0.901		False	True	2026-09-04	0	25.850	0.000	0.667	0.000	0.000	0.667	still-live (censored)							still-live (censored)
398	2026-09-04	Integrated Oil Majors RS Reversal	Integrated Oil Majors RS Reversal	CVX|BP|SHEL|PBR	grind	scan	0		0.654		0.654		False	True	2026-09-04	0	78.550	0.750	1.000	1.000	1.000	1.000	still-live (censored)							still-live (censored)
