2026-04-09|Aerospace MRO & Defense Parts Distribution|Retired|78.30|96.70|0|0||live|57|
2026-07-23|Aerospace Structural Materials & Advanced Composites|Nascent|73.20|86.30|1|0||live|2|
2026-07-24|Aerospace Structural Materials & Advanced Composites|Nascent|75.50|90.90|2|0|1.00|live|2|
2026-07-27|Aerospace Structural Materials & Advanced Composites|Retired|0.00||3|0||live|0|Defense Precision Components & Mission-Critical Subsystems
2026-03-21|Agri-Chemical & Crop Input Distributors|Nascent|49.90||0|0||live|2|
2026-03-23|Agri-Chemical & Crop Input Distributors|Fading|39.92||0|0||live|2|
2026-03-24|Agri-Chemical & Crop Input Distributors|Fading|13.08||0|0||live|2|
2026-03-25|Agri-Chemical & Crop Input Distributors|Fading|8.37||0|0||live|2|
2026-03-26|Agri-Chemical & Crop Input Distributors|Fading|5.36||0|0||live|2|
2026-03-27|Agri-Chemical & Crop Input Distributors|Fading|4.29||0|0||live|2|
2026-03-30|Agri-Chemical & Crop Input Distributors|Accelerating|49.90||0|0||live|3|
2026-03-31|Agri-Chemical & Crop Input Distributors|Accelerating|49.90||0|0||live|3|
2026-04-01|Agri-Chemical & Crop Input Distributors|Accelerating|79.70||0|0||live|4|
2026-04-02|Agri-Chemical & Crop Input Distributors|Mainstream|79.40|98.90|0|0||live|6|
2026-04-07|Agri-Chemical & Crop Input Distributors|Mainstream|79.00|98.00|0|0||live|6|
2026-04-08|Agri-Chemical & Crop Input Distributors|Fading|46.30|92.60|0|0||live|6|
2026-04-10|Agri-Chemical & Crop Input Distributors|Fading|44.80|89.60|0|0||live|6|
2026-04-13|Agri-Chemical & Crop Input Distributors|Fading|46.00|92.00|0|0||live|5|
2026-04-20|Agri-Chemical & Crop Input Distributors|Retired|40.60|81.20|0|0||live|14|
2026-03-21|Agricultural Commodities & Agri-Business|Fading|20.40||0|0||live|2|
2026-03-23|Agricultural Commodities & Agri-Business|Fading|16.32||0|0||live|2|
2026-03-24|Agricultural Commodities & Agri-Business|Fading|5.35||0|0||live|2|
2026-03-25|Agricultural Commodities & Agri-Business|Fading|3.42||0|0||live|2|
2026-03-27|Agricultural Commodities & Agri-Business|Fading|2.74||0|0||live|2|
2026-03-30|Agricultural Commodities & Agri-Business|Accelerating|49.80||0|0||live|3|
2026-04-02|Agricultural Commodities & Agri-Business|Accelerating|78.50|97.00|0|0||live|5|
2026-04-13|Agricultural Commodities & Agri-Business|Accelerating|71.70|83.40|0|0||live|15|
2026-04-14|Agricultural Commodities & Agri-Business|Accelerating|70.10|80.10|0|0||live|8|
2026-04-21|Agricultural Commodities & Agri-Business|Accelerating|70.00|80.10|1|1|0.50|live|14|
2026-04-22|Agricultural Commodities & Agri-Business|Accelerating|65.00|69.90|2|2|0.18|live|14|
2026-04-28|Agricultural Commodities & Agri-Business|Accelerating|69.90|79.90|3|3|0.50|live|14|
2026-04-30|Agricultural Commodities & Agri-Business|Accelerating|74.60|89.20|4|4|0.86|live|14|
2026-05-04|Agricultural Commodities & Agri-Business|Accelerating|74.40|88.70|5|5|0.83|live|10|
2026-05-05|Agricultural Commodities & Agri-Business|Accelerating|76.00|92.10|6|6|0.90|live|11|
2026-05-07|Agricultural Commodities & Agri-Business|Accelerating|67.80|75.60|7|7|0.30|live|11|
2026-05-08|Agricultural Commodities & Agri-Business|Fading|72.60|85.20|7|0|0.22|live|7|
2026-05-11|Agricultural Commodities & Agri-Business|Fading|45.80|91.50|7|0|0.75|live|4|
2026-05-13|Agricultural Commodities & Agri-Business|Fading|71.70|83.40|7|0|1.00|live|5|
2026-05-14|Agricultural Commodities & Agri-Business|Accelerating|67.60|75.20|8|1|0.60|live|5|
2026-05-15|Agricultural Commodities & Agri-Business|Accelerating|72.90|85.80|9|2|0.67|live|3|
2026-05-18|Agricultural Commodities & Agri-Business|Accelerating|73.30|86.60|10|3|0.00|live|2|
2026-05-19|Agricultural Commodities & Agri-Business|Fading|58.64||10|0|0.00|live|2|
2026-05-20|Agricultural Commodities & Agri-Business|Fading|46.91||10|0|0.00|live|2|
2026-05-21|Agricultural Commodities & Agri-Business|Fading|37.53||10|0|0.50|live|2|
2026-05-22|Agricultural Commodities & Agri-Business|Fading|30.02||10|0|0.00|live|2|
2026-05-26|Agricultural Commodities & Agri-Business|Fading|24.02||10|0|0.00|live|2|
2026-05-27|Agricultural Commodities & Agri-Business|Retired|0.00||11|0||live|0|
2026-05-28|Agricultural Commodities & Agri-Business|Fading|19.22||11|0|0.00|live|2|
2026-05-29|Agricultural Commodities & Agri-Business|Fading|15.37||11|0|0.00|live|2|
2026-06-01|Agricultural Commodities & Agri-Business|Fading|12.30||11|0|0.00|live|2|
2026-06-02|Agricultural Commodities & Agri-Business|Fading|9.84||11|0|0.00|live|2|
2026-06-03|Agricultural Commodities & Agri-Business|Fading|7.87||11|0|0.50|live|2|
2026-06-04|Agricultural Commodities & Agri-Business|Retired|0.00||12|0||live|0|
2026-06-05|Agricultural Commodities & Agri-Business|Fading|2.06||12|0|0.00|live|2|
2026-06-08|Agricultural Commodities & Agri-Business|Fading|1.65||12|0|0.00|live|2|
2026-06-09|Agricultural Commodities & Agri-Business|Fading|1.32||12|0|0.00|live|2|
2026-06-10|Agricultural Commodities & Agri-Business|Fading|1.06||12|0|0.00|live|2|
2026-06-11|Agricultural Commodities & Agri-Business|Fading|0.85||12|0|0.00|live|2|
2026-06-12|Agricultural Commodities & Agri-Business|Retired|0.00||13|0||live|0|
2026-07-29|AI-Augmented Business Process Outsourcing & IT Services|Nascent|73.10|86.20|1|0||live|2|
2026-07-30|AI-Augmented Business Process Outsourcing & IT Services|Nascent|70.20|80.30|2|0|1.00|live|2|
2026-07-31|AI-Augmented Business Process Outsourcing & IT Services|Fading|56.16||2|0|1.00|live|2|
2026-08-03|AI-Augmented Business Process Outsourcing & IT Services|Fading|44.93||2|0|1.00|live|2|
2026-06-26|AI Cloud GPU & Datacenter Colocation Platforms|Nascent|79.50|98.90|1|0||live|2|
2026-06-29|AI Cloud GPU & Datacenter Colocation Platforms|Nascent|79.60|99.20|2|0|1.00|live|2|
2026-06-30|AI Cloud GPU & Datacenter Colocation Platforms|Nascent|79.50|99.10|3|0|1.00|live|4|
2026-07-01|AI Cloud GPU & Datacenter Colocation Platforms|Nascent|79.00|98.00|4|0|0.75|live|4|
2026-07-02|AI Cloud GPU & Datacenter Colocation Platforms|Nascent|71.70|83.40|5|0|0.00|live|4|
2026-07-06|AI Cloud GPU & Datacenter Colocation Platforms|Nascent|78.90|97.80|6|0|1.00|live|3|
2026-07-07|AI Cloud GPU & Datacenter Colocation Platforms|Nascent|71.30|82.50|7|0|0.00|live|3|
2026-07-08|AI Cloud GPU & Datacenter Colocation Platforms|Nascent|78.80|97.50|8|0|0.67|live|3|
2026-07-09|AI Cloud GPU & Datacenter Colocation Platforms|Nascent|76.20|92.30|9|0|1.00|live|3|
2026-07-10|AI Cloud GPU & Datacenter Colocation Platforms|Nascent|75.70|91.30|10|0|0.67|live|3|
2026-07-13|AI Cloud GPU & Datacenter Colocation Platforms|Mainstream|70.90|81.80|11|0|0.33|live|3|
2026-07-14|AI Cloud GPU & Datacenter Colocation Platforms|Fading|71.00|82.10|11|0|0.33|live|3|
2026-07-15|AI Cloud GPU & Datacenter Colocation Platforms|Fading|70.40|80.80|11|0|0.33|live|3|
2026-07-16|AI Cloud GPU & Datacenter Colocation Platforms|Fading|56.32||11|0|0.00|live|2|
2026-07-17|AI Cloud GPU & Datacenter Colocation Platforms|Fading|45.06||11|0|0.00|live|2|
2026-07-20|AI Cloud GPU & Datacenter Colocation Platforms|Fading|36.04||11|0|0.00|live|2|
2026-07-21|AI Cloud GPU & Datacenter Colocation Platforms|Retired|0.00||12|0||live|0|
2026-07-21|AI Compute & GPU Data Center Hosting Operators|Nascent|30.00|0.00|1|0||live|4|
2026-07-22|AI Compute & GPU Data Center Hosting Operators|Fading|24.00||1|0|0.00|live|2|
2026-07-23|AI Compute & GPU Data Center Hosting Operators|Fading|19.20||1|0|0.50|live|2|
2026-07-24|AI Compute & GPU Data Center Hosting Operators|Fading|15.36||1|0|0.00|live|2|
2026-07-27|AI Compute & GPU Data Center Hosting Operators|Retired|0.00||2|0||live|0|
2026-07-31|AI data center infrastructure buildout|Nascent|46.07|46.07|1|0||shadow_promoted|3|
2026-08-03|AI data center infrastructure buildout|Retired|0.00||2|0||live|0|
2026-04-14|AI Datacenter Optical Interconnects & Components|Nascent|78.20|96.40|0|0||live|4|Optical Network Test & Monitoring Equipment
2026-04-15|AI Datacenter Optical Interconnects & Components|Retired|77.90|95.90|0|0||live|18|
2026-04-24|AI Datacenter Optical Transceivers & Components|Nascent|78.70|97.40|1|0||live|5|Optical Components & Transceiver Manufacturers
2026-04-27|AI Datacenter Optical Transceivers & Components|Nascent|78.10|96.20|2|0|1.00|live|4|
2026-04-28|AI Datacenter Optical Transceivers & Components|Nascent|76.90|93.70|3|0|0.50|live|4|
2026-04-29|AI Datacenter Optical Transceivers & Components|Nascent|75.40|90.90|4|0|0.50|live|5|
2026-04-30|AI Datacenter Optical Transceivers & Components|Nascent|74.70|89.40|5|0|1.00|live|5|
2026-05-01|AI Datacenter Optical Transceivers & Components|Mainstream|75.00|90.10|6|0|1.00|live|5|
2026-05-04|AI Datacenter Optical Transceivers & Components|Mainstream|46.30|92.70|7|0|1.00|live|5|
2026-05-05|AI Datacenter Optical Transceivers & Components|Mainstream|73.70|87.40|8|0|0.60|live|5|
2026-05-06|AI Datacenter Optical Transceivers & Components|Mainstream|77.40|94.80|9|0|0.75|live|4|
2026-05-07|AI Datacenter Optical Transceivers & Components|Mainstream|69.90|79.70|10|0|0.50|live|4|
2026-05-08|AI Datacenter Optical Transceivers & Components|Mainstream|70.90|81.80|11|0|0.67|live|4|
2026-05-11|AI Datacenter Optical Transceivers & Components|Accelerating|78.80|97.60|12|1|1.00|live|4|
2026-05-12|AI Datacenter Optical Transceivers & Components|Mainstream|79.20|98.30|13|0|1.00|live|4|
2026-05-13|AI Datacenter Optical Transceivers & Components|Mainstream|79.30|98.60|14|0|1.00|live|4|
2026-05-14|AI Datacenter Optical Transceivers & Components|Mainstream|79.30|98.70|15|0|1.00|live|4|
2026-05-15|AI Datacenter Optical Transceivers & Components|Mainstream|79.10|98.10|16|0|1.00|live|4|
2026-05-18|AI Datacenter Optical Transceivers & Components|Mainstream|79.20|98.30|17|0|0.75|live|4|
2026-05-19|AI Datacenter Optical Transceivers & Components|Mainstream|79.20|98.50|18|0|0.75|live|4|
2026-05-20|AI Datacenter Optical Transceivers & Components|Mainstream|78.50|97.00|19|0|0.50|live|4|
2026-05-21|AI Datacenter Optical Transceivers & Components|Mainstream|78.60|97.10|20|0|1.00|live|4|
2026-05-22|AI Datacenter Optical Transceivers & Components|Mainstream|76.50|93.10|21|0|1.00|live|4|
2026-05-26|AI Datacenter Optical Transceivers & Components|Mainstream|75.70|91.30|22|0|0.75|live|4|
2026-05-27|AI Datacenter Optical Transceivers & Components|Mainstream|77.00|94.10|23|0|0.75|live|4|
2026-05-28|AI Datacenter Optical Transceivers & Components|Mainstream|78.00|96.00|24|0|0.50|live|4|
2026-05-29|AI Datacenter Optical Transceivers & Components|Mainstream|73.90|87.80|25|0|0.25|live|4|
2026-06-01|AI Datacenter Optical Transceivers & Components|Fading|68.90|77.80|25|0|0.25|live|4|
2026-06-02|AI Datacenter Optical Transceivers & Components|Mainstream|76.30|92.70|26|0|0.75|live|4|
2026-06-03|AI Datacenter Optical Transceivers & Components|Mainstream|72.20|84.30|27|0|0.75|live|4|
2026-06-04|AI Datacenter Optical Transceivers & Components|Mainstream|74.80|89.70|28|0|1.00|live|4|
2026-06-05|AI Datacenter Optical Transceivers & Components|Mainstream|67.50|75.00|29|0|0.00|live|4|
2026-06-08|AI Datacenter Optical Transceivers & Components|Mainstream|75.70|91.40|30|0|0.50|live|4|
2026-06-09|AI Datacenter Optical Transceivers & Components|Mainstream|68.10|76.20|31|0|0.00|live|4|
2026-06-10|AI Datacenter Optical Transceivers & Components|Mainstream|69.80|79.60|32|0|0.00|live|4|
2026-06-11|AI Datacenter Optical Transceivers & Components|Mainstream|66.90|73.80|33|0|0.00|live|4|
2026-06-12|AI Datacenter Optical Transceivers & Components|Mainstream|65.90|71.80|34|0|0.67|live|3|
2026-06-15|AI Datacenter Optical Transceivers & Components|Mainstream|75.80|91.70|35|0|1.00|live|3|
2026-06-16|AI Datacenter Optical Transceivers & Components|Mainstream|67.80|75.70|36|0|0.33|live|3|
2026-06-17|AI Datacenter Optical Transceivers & Components|Fading|67.10|74.20|36|0|0.00|live|3|
2026-06-18|AI Datacenter Optical Transceivers & Components|Mainstream|66.80|73.50|37|0|0.33|live|3|
2026-06-22|AI Datacenter Optical Transceivers & Components|Fading|69.90|79.80|37|0|0.33|live|3|
2026-06-23|AI Datacenter Optical Transceivers & Components|Fading|55.92||37|0|0.00|live|3|
2026-06-24|AI Datacenter Optical Transceivers & Components|Fading|44.74||37|0|0.33|live|3|
2026-06-25|AI Datacenter Optical Transceivers & Components|Fading|35.79||37|0|0.33|live|3|
2026-06-26|AI Datacenter Optical Transceivers & Components|Fading|28.63||37|0|0.00|live|3|
2026-06-29|AI Datacenter Optical Transceivers & Components|Retired|0.00||38|0||live|0|
2026-03-19|AI Data Center Power Infrastructure|Accelerating|44.40||0|0||live|5|
2026-03-20|AI Data Center Power Infrastructure|Accelerating|73.20||0|0||live|5|
2026-03-21|AI Data Center Power Infrastructure|Accelerating|47.40||0|0||live|5|
2026-03-23|AI Data Center Power Infrastructure|Accelerating|78.10||0|0||live|5|
2026-03-24|AI Data Center Power Infrastructure|Mainstream|78.70||0|0||live|5|
2026-03-25|AI Data Center Power Infrastructure|Fading|47.50||0|0||live|5|
2026-03-26|AI Data Center Power Infrastructure|Accelerating|47.10||0|0||live|5|
2026-03-27|AI Data Center Power Infrastructure|Accelerating|46.70||0|0||live|5|
2026-03-30|AI Data Center Power Infrastructure|Accelerating|41.90||0|0||live|5|
2026-03-31|AI Data Center Power Infrastructure|Accelerating|43.80||0|0||live|5|
2026-04-01|AI Data Center Power Infrastructure|Accelerating|72.50||0|0||live|6|
2026-04-02|AI Data Center Power Infrastructure|Mainstream|75.10|90.20|0|0||live|6|
2026-04-06|AI Data Center Power Infrastructure|Fading|44.80|89.60|0|0||live|5|
2026-04-07|AI Data Center Power Infrastructure|Mainstream|75.10|90.20|0|0||live|5|
2026-04-08|AI Data Center Power Infrastructure|Fading|44.60|89.20|0|0||live|5|
2026-04-09|AI Data Center Power Infrastructure|Accelerating|77.10|94.30|0|0||live|5|
2026-04-10|AI Data Center Power Infrastructure|Fading|46.40|92.80|0|0||live|5|
2026-04-13|AI Data Center Power Infrastructure|Fading|48.40|96.90|0|0||live|5|
2026-04-14|AI Data Center Power Infrastructure|Accelerating|77.80|95.70|0|0||live|6|
2026-04-15|AI Data Center Power Infrastructure|Fading|47.40|94.90|0|0||live|5|
2026-04-16|AI Data Center Power Infrastructure|Fading|48.00|96.10|0|0||live|5|
2026-04-17|AI Data Center Power Infrastructure|Fading|46.10|92.20|0|0||live|5|
2026-04-20|AI Data Center Power Infrastructure|Accelerating|77.70|95.30|1|1||live|5|
2026-04-21|AI Data Center Power Infrastructure|Accelerating|77.50|95.00|2|2|1.00|live|5|
2026-04-22|AI Data Center Power Infrastructure|Accelerating|78.00|96.00|3|3|1.00|live|5|
2026-04-23|AI Data Center Power Infrastructure|Accelerating|78.60|97.30|4|4|1.00|live|5|
2026-04-24|AI Data Center Power Infrastructure|Accelerating|78.40|96.80|5|5|1.00|live|5|
2026-04-27|AI Data Center Power Infrastructure|Mainstream|78.50|96.90|6|0|1.00|live|5|
2026-04-28|AI Data Center Power Infrastructure|Mainstream|77.90|95.70|7|0|1.00|live|5|
2026-04-29|AI Data Center Power Infrastructure|Mainstream|77.60|95.20|8|0|1.00|live|5|
2026-04-30|AI Data Center Power Infrastructure|Mainstream|78.30|96.50|9|0|1.00|live|5|
2026-05-01|AI Data Center Power Infrastructure|Mainstream|48.30|96.70|10|0|1.00|live|5|
2026-05-04|AI Data Center Power Infrastructure|Mainstream|78.30|96.60|11|0|1.00|live|5|
2026-05-05|AI Data Center Power Infrastructure|Mainstream|78.20|96.30|12|0|1.00|live|5|
2026-05-06|AI Data Center Power Infrastructure|Accelerating|78.40|96.80|13|1|1.00|live|5|
2026-05-07|AI Data Center Power Infrastructure|Accelerating|78.20|96.50|14|2|0.80|live|5|
2026-05-08|AI Data Center Power Infrastructure|Accelerating|77.80|95.60|15|3|0.80|live|5|
2026-05-11|AI Data Center Power Infrastructure|Accelerating|48.00|96.00|16|4|1.00|live|5|
2026-05-12|AI Data Center Power Infrastructure|Fading|48.10|96.20|16|0|1.00|live|5|
2026-05-13|AI Data Center Power Infrastructure|Mainstream|78.20|96.40|17|0|0.80|live|5|
2026-05-14|AI Data Center Power Infrastructure|Accelerating|78.20|96.30|18|1|1.00|live|6|
2026-05-15|AI Data Center Power Infrastructure|Accelerating|78.70|97.50|19|2|0.83|live|6|
2026-05-18|AI Data Center Power Infrastructure|Accelerating|77.80|95.50|20|3|0.50|live|6|
2026-05-19|AI Data Center Power Infrastructure|Accelerating|77.90|95.70|21|4|0.17|live|6|
2026-05-20|AI Data Center Power Infrastructure|Fading|75.20|90.30|21|0|0.33|live|6|
2026-05-21|AI Data Center Power Infrastructure|Fading|73.90|87.80|21|0|0.33|live|6|
2026-05-22|AI Data Center Power Infrastructure|Fading|73.80|87.50|21|0|0.33|live|6|
2026-05-26|AI Data Center Power Infrastructure|Fading|71.50|83.10|21|0|0.67|live|6|
2026-05-27|AI Data Center Power Infrastructure|Fading|71.50|82.90|21|0|0.33|live|6|
2026-05-28|AI Data Center Power Infrastructure|Fading|73.60|87.20|21|0|0.33|live|6|
2026-05-29|AI Data Center Power Infrastructure|Fading|72.30|84.50|21|0|0.33|live|6|
2026-06-01|AI Data Center Power Infrastructure|Fading|68.70|77.30|21|0|0.17|live|7|
2026-06-02|AI Data Center Power Infrastructure|Nascent|72.70|85.50|22|0|0.43|live|7|
2026-06-03|AI Data Center Power Infrastructure|Mainstream|73.50|87.00|23|0|0.57|live|7|
2026-06-04|AI Data Center Power Infrastructure|Mainstream|70.20|80.40|24|0|0.57|live|7|
2026-06-05|AI Data Center Power Infrastructure|Fading|69.30|78.50|24|0|0.29|live|7|
2026-06-08|AI Data Center Power Infrastructure|Fading|64.60|69.10|24|0|0.00|live|6|
2026-06-09|AI Data Center Power Infrastructure|Mainstream|66.10|72.20|25|0|0.00|live|6|
2026-06-10|AI Data Center Power Infrastructure|Mainstream|62.60|65.20|26|0|0.00|live|5|
2026-06-11|AI Data Center Power Infrastructure|Mainstream|61.20|62.40|27|0|0.00|live|5|
2026-06-12|AI Data Center Power Infrastructure|Mainstream|62.90|65.90|28|0|0.00|live|5|
2026-06-15|AI Data Center Power Infrastructure|Mainstream|67.10|74.20|29|0|0.40|live|5|
2026-06-16|AI Data Center Power Infrastructure|Mainstream|67.00|74.10|30|0|0.60|live|5|
2026-06-17|AI Data Center Power Infrastructure|Mainstream|68.80|77.50|31|0|0.80|live|5|
2026-06-18|AI Data Center Power Infrastructure|Accelerating|74.60|89.20|32|1|0.80|live|5|
2026-06-22|AI Data Center Power Infrastructure|Accelerating|78.00|96.00|33|2|1.00|live|5|
2026-06-23|AI Data Center Power Infrastructure|Accelerating|72.20|84.30|34|3|0.80|live|5|
2026-06-24|AI Data Center Power Infrastructure|Accelerating|71.70|83.30|35|4|0.80|live|5|
2026-06-25|AI Data Center Power Infrastructure|Accelerating|69.90|79.90|36|5|0.80|live|5|
2026-06-26|AI Data Center Power Infrastructure|Accelerating|70.70|81.40|37|6|0.40|live|5|
2026-06-29|AI Data Center Power Infrastructure|Mainstream|76.30|92.70|38|0|0.60|live|5|
2026-06-30|AI Data Center Power Infrastructure|Mainstream|76.20|92.50|39|0|1.00|live|5|
2026-07-01|AI Data Center Power Infrastructure|Mainstream|73.10|86.20|40|0|0.60|live|5|
2026-07-02|AI Data Center Power Infrastructure|Mainstream|76.20|92.30|41|0|0.20|live|5|
2026-07-06|AI Data Center Power Infrastructure|Mainstream|71.90|83.80|42|0|0.80|live|5|
2026-07-07|AI Data Center Power Infrastructure|Fading|57.52||42|0|0.25|live|4|
2026-07-08|AI Data Center Power Infrastructure|Fading|46.02||42|0|0.25|live|4|
2026-07-09|AI Data Center Power Infrastructure|Fading|36.81||42|0|0.25|live|4|
2026-07-10|AI Data Center Power Infrastructure|Fading|29.45||42|0|0.25|live|4|
2026-07-13|AI Data Center Power Infrastructure|Fading|23.56||42|0|0.00|live|2|
2026-07-14|AI Data Center Power Infrastructure|Retired|0.00||43|0||live|0|
2026-07-30|AI & Data Center Semiconductor Surge|Nascent|27.53|27.53|1|0||shadow_promoted|3|
2026-07-31|AI & Data Center Semiconductor Surge|Retired|0.00||2|0||live|0|
2026-04-20|AI Datacenter Silicon|Nascent|78.40|96.80|1|0||live|3|Optical Components & Transceiver Manufacturers
2026-04-27|AI Datacenter Silicon|Nascent|79.50|99.10|2|0|1.00|live|3|
2026-04-28|AI Datacenter Silicon|Nascent|79.50|99.00|3|0|1.00|live|3|
2026-05-12|AI Datacenter Silicon|Mainstream|79.00|98.00|4|0|1.00|live|3|
2026-05-22|AI Datacenter Silicon|Retired|0.00||0|0||live|0|Custom AI Silicon & Chip Architecture Licensing
2026-06-29|AI Interconnect & Semiconductor Connectivity|Nascent|79.50|99.10|1|0||live|2|
2026-06-30|AI Interconnect & Semiconductor Connectivity|Retired|0.00||2|0||live|0|Custom AI Silicon & Chip Architecture Licensing
2026-03-20|AI Memory & Storage|Accelerating|76.40||0|0||live|7|
2026-03-21|AI Memory & Storage|Accelerating|78.80||0|0||live|7|
2026-03-23|AI Memory & Storage|Fading|48.90||0|0||live|6|
2026-03-24|AI Memory & Storage|Accelerating|79.20||0|0||live|6|
2026-03-25|AI Memory & Storage|Accelerating|77.50||0|0||live|6|
2026-03-26|AI Memory & Storage|Mainstream|74.80||0|0||live|6|
2026-03-27|AI Memory & Storage|Mainstream|76.80||0|0||live|6|
2026-03-30|AI Memory & Storage|Fading|71.20||0|0||live|6|
2026-03-31|AI Memory & Storage|Fading|42.00||0|0||live|6|
2026-04-01|AI Memory & Storage|Accelerating|43.70||0|0||live|5|
2026-04-02|AI Memory & Storage|Accelerating|76.50|93.00|0|0||live|5|
2026-04-06|AI Memory & Storage|Fading|45.50|91.00|0|0||live|5|
2026-04-07|AI Memory & Storage|Mainstream|70.90|81.80|0|0||live|4|
2026-04-08|AI Memory & Storage|Accelerating|78.40|96.80|0|0||live|4|
2026-04-09|AI Memory & Storage|Accelerating|76.90|93.90|0|0||live|4|
2026-04-10|AI Memory & Storage|Accelerating|78.40|96.80|0|0||live|3|
2026-04-13|AI Memory & Storage|Accelerating|78.70|97.30|0|0||live|3|
2026-04-14|AI Memory & Storage|Mainstream|79.20|98.30|0|0||live|3|
2026-04-15|AI Memory & Storage|Mainstream|79.00|98.10|0|0||live|3|
2026-04-16|AI Memory & Storage|Mainstream|78.80|97.50|1|0||live|3|
2026-04-17|AI Memory & Storage|Mainstream|79.00|97.90|2|0||live|2|
2026-04-20|AI Memory & Storage|Mainstream|78.70|97.40|3|0||live|2|
2026-04-21|AI Memory & Storage|Mainstream|79.00|98.10|4|0|1.00|live|2|
2026-04-22|AI Memory & Storage|Mainstream|78.70|97.30|5|0|1.00|live|2|
2026-04-23|AI Memory & Storage|Mainstream|79.20|98.50|6|0|1.00|live|2|
2026-04-24|AI Memory & Storage|Mainstream|79.00|98.10|7|0|1.00|live|2|
2026-04-27|AI Memory & Storage|Mainstream|79.00|98.00|8|0|1.00|live|2|
2026-04-28|AI Memory & Storage|Mainstream|79.00|98.00|9|0|1.00|live|2|
2026-04-29|AI Memory & Storage|Mainstream|79.30|98.50|10|0|1.00|live|2|
2026-04-30|AI Memory & Storage|Mainstream|79.40|98.80|11|0|1.00|live|2|
2026-05-01|AI Memory & Storage|Mainstream|79.40|98.80|12|0|1.00|live|2|
2026-05-04|AI Memory & Storage|Mainstream|79.40|98.80|13|0|1.00|live|2|
2026-05-05|AI Memory & Storage|Mainstream|79.40|98.80|14|0|1.00|live|2|
2026-05-06|AI Memory & Storage|Mainstream|79.40|98.80|15|0|1.00|live|2|
2026-05-07|AI Memory & Storage|Mainstream|79.50|99.00|16|0|1.00|live|2|
2026-05-08|AI Memory & Storage|Mainstream|79.50|98.90|17|0|1.00|live|6|
2026-05-11|AI Memory & Storage|Mainstream|79.80|99.50|18|0|1.00|live|6|
2026-05-12|AI Memory & Storage|Mainstream|79.80|99.50|19|0|1.00|live|8|
2026-05-13|AI Memory & Storage|Mainstream|79.70|99.30|20|0|1.00|live|8|
2026-05-14|AI Memory & Storage|Mainstream|79.60|99.20|21|0|1.00|live|6|
2026-05-15|AI Memory & Storage|Mainstream|79.70|99.50|22|0|1.00|live|6|
2026-05-18|AI Memory & Storage|Mainstream|79.70|99.30|23|0|1.00|live|6|
2026-05-19|AI Memory & Storage|Mainstream|79.70|99.30|24|0|1.00|live|6|
2026-05-20|AI Memory & Storage|Mainstream|79.40|98.80|25|0|1.00|live|6|
2026-05-21|AI Memory & Storage|Mainstream|79.50|99.00|26|0|1.00|live|6|
2026-05-22|AI Memory & Storage|Mainstream|79.30|98.60|27|0|1.00|live|6|
2026-05-26|AI Memory & Storage|Mainstream|79.20|98.40|28|0|1.00|live|6|
2026-05-27|AI Memory & Storage|Mainstream|79.20|98.40|29|0|1.00|live|6|
2026-05-28|AI Memory & Storage|Mainstream|79.30|98.50|30|0|1.00|live|6|
2026-05-29|AI Memory & Storage|Nascent|78.60|97.20|31|0|0.83|live|6|
2026-06-01|AI Memory & Storage|Nascent|78.30|96.60|32|0|0.83|live|6|
2026-06-02|AI Memory & Storage|Mainstream|78.80|97.60|33|0|0.83|live|6|
2026-06-03|AI Memory & Storage|Mainstream|79.20|98.40|34|0|0.83|live|6|
2026-06-04|AI Memory & Storage|Mainstream|79.00|98.00|35|0|0.83|live|6|
2026-06-05|AI Memory & Storage|Mainstream|77.90|95.80|36|0|0.75|live|6|
2026-06-08|AI Memory & Storage|Mainstream|79.10|98.20|37|0|0.67|live|6|
2026-06-09|AI Memory & Storage|Mainstream|78.80|97.60|38|0|0.67|live|6|
2026-06-10|AI Memory & Storage|Mainstream|78.40|96.90|39|0|0.33|live|6|
2026-06-11|AI Memory & Storage|Mainstream|78.20|96.30|40|0|0.83|live|6|
2026-06-12|AI Memory & Storage|Mainstream|79.30|98.50|41|0|0.83|live|6|
2026-06-15|AI Memory & Storage|Mainstream|79.60|99.20|42|0|0.83|live|6|
2026-06-16|AI Memory & Storage|Mainstream|79.50|99.10|43|0|0.83|live|6|
2026-06-17|AI Memory & Storage|Mainstream|79.50|99.10|44|0|0.83|live|6|
2026-06-18|AI Memory & Storage|Mainstream|79.70|99.40|45|0|0.83|live|6|
2026-06-22|AI Memory & Storage|Mainstream|79.70|99.30|46|0|0.83|live|7|
2026-06-23|AI Memory & Storage|Mainstream|78.70|97.50|47|0|0.86|live|7|
2026-06-24|AI Memory & Storage|Mainstream|74.80|89.60|48|0|0.86|live|7|
2026-06-25|AI Memory & Storage|Mainstream|78.90|97.70|49|0|0.71|live|7|
2026-06-26|AI Memory & Storage|Mainstream|77.70|95.40|50|0|0.43|live|7|
2026-06-29|AI Memory & Storage|Nascent|78.40|96.80|51|0|0.71|live|7|
2026-06-30|AI Memory & Storage|Nascent|78.70|97.50|52|0|0.71|live|7|
2026-07-01|AI Memory & Storage|Mainstream|77.80|95.60|53|0|0.29|live|7|
2026-07-02|AI Memory & Storage|Fading|70.70|81.30|53|0|0.14|live|7|
2026-07-06|AI Memory & Storage|Fading|67.10|74.10|53|0|0.14|live|7|
2026-07-07|AI Memory & Storage|Fading|64.00|67.90|53|0|0.00|live|7|
2026-07-08|AI Memory & Storage|Fading|64.60|69.20|53|0|0.17|live|6|
2026-07-09|AI Memory & Storage|Fading|64.90|69.70|53|0|0.17|live|6|
2026-07-10|AI Memory & Storage|Fading|64.60|69.20|53|0|0.17|live|6|
2026-07-13|AI Memory & Storage|Retired|0.00||54|0||live|0|
2026-03-21|AI-Native Enterprise Software & Agentic Platforms|Fading|20.36||0|0||live|2|
2026-03-23|AI-Native Enterprise Software & Agentic Platforms|Fading|16.29||0|0||live|2|
2026-03-24|AI-Native Enterprise Software & Agentic Platforms|Fading|5.34||0|0||live|2|
2026-03-25|AI-Native Enterprise Software & Agentic Platforms|Fading|3.42||0|0||live|2|
2026-03-27|AI-Native Enterprise Software & Agentic Platforms|Fading|2.73||0|0||live|2|
2026-04-14|AI-Native Enterprise Software & Agentic Platforms|Fading|2.19||0|0||live|2|
2026-04-15|AI-Native Enterprise Software & Agentic Platforms|Fading|1.75||0|0||live|2|
2026-04-16|AI-Native Enterprise Software & Agentic Platforms|Fading|1.40||0|0||live|2|
2026-04-17|AI-Native Enterprise Software & Agentic Platforms|Fading|1.12||0|0||live|2|
2026-04-20|AI-Native Enterprise Software & Agentic Platforms|Retired|0.90||0|0||live|2|
2026-07-20|AI-Powered Enterprise Analytics & Intelligent Workflow SaaS|Nascent|96.40|96.40|1|0||shadow_promoted|3|
2026-07-21|AI-Powered Enterprise Analytics & Intelligent Workflow SaaS|Nascent|78.40|96.80|2|0|1.00|live|3|
2026-07-22|AI-Powered Enterprise Analytics & Intelligent Workflow SaaS|Fading|73.00|85.90|2|0|0.00|live|3|
2026-07-23|AI-Powered Enterprise Analytics & Intelligent Workflow SaaS|Fading|58.40||2|0|0.00|live|3|
2026-07-24|AI-Powered Enterprise Analytics & Intelligent Workflow SaaS|Fading|46.72||2|0|0.33|live|3|
2026-07-27|AI-Powered Enterprise Analytics & Intelligent Workflow SaaS|Mainstream|75.80|91.70|3|0|0.67|live|3|
2026-07-28|AI-Powered Enterprise Analytics & Intelligent Workflow SaaS|Mainstream|74.90|89.80|4|0|0.67|live|3|
2026-07-29|AI-Powered Enterprise Analytics & Intelligent Workflow SaaS|Accelerating|76.20|92.30|5|1|0.67|live|3|
2026-07-30|AI-Powered Enterprise Analytics & Intelligent Workflow SaaS|Accelerating|74.70|89.30|6|2|0.67|live|3|
2026-07-31|AI-Powered Enterprise Analytics & Intelligent Workflow SaaS|Accelerating|76.70|93.40|7|3|0.67|live|3|
2026-08-03|AI-Powered Enterprise Analytics & Intelligent Workflow SaaS|Mainstream|75.20|90.50|8|0|1.00|live|3|
2026-07-17|AI-Powered Software Development & DevOps Platforms|Nascent|78.00|96.00|1|0||live|2|
2026-07-20|AI-Powered Software Development & DevOps Platforms|Nascent|78.40|96.80|2|0|1.00|live|2|
2026-07-21|AI-Powered Software Development & DevOps Platforms|Nascent|77.50|95.10|3|0|1.00|live|2|
2026-07-22|AI-Powered Software Development & DevOps Platforms|Fading|62.00||3|0|0.50|live|2|
2026-07-23|AI-Powered Software Development & DevOps Platforms|Fading|49.60||3|0|0.00|live|2|
2026-07-24|AI-Powered Software Development & DevOps Platforms|Fading|39.68||3|0|0.00|live|2|
2026-07-27|AI-Powered Software Development & DevOps Platforms|Retired|0.00||4|0||live|0|
2026-08-03|Alphabet (Google) Platform Re-Rating|Nascent|71.20|71.20|1|0||shadow_promoted|4|
2026-07-06|Alternative Asset Management Platforms|Nascent|23.30|23.30|1|0||shadow_promoted|5|
2026-07-07|Alternative Asset Management Platforms|Fading|18.64||1|0|0.50|live|2|
2026-07-08|Alternative Asset Management Platforms|Fading|14.91||1|0|0.00|live|2|
2026-07-09|Alternative Asset Management Platforms|Fading|11.93||1|0|0.50|live|2|
2026-07-10|Alternative Asset Management Platforms|Fading|9.54||1|0|0.50|live|2|
2026-07-13|Alternative Asset Management Platforms|Fading|7.63||1|0|0.50|live|2|
2026-07-14|Alternative Asset Management Platforms|Retired|0.00||2|0||live|0|
2026-07-23|Analog & Microcontroller Semiconductors — Automotive & Industrial Cycle Recovery|Nascent|30.00|0.00|1|0||live|5|
2026-07-24|Analog & Microcontroller Semiconductors — Automotive & Industrial Cycle Recovery|Fading|24.00||1|0|0.00|live|4|
2026-07-27|Analog & Microcontroller Semiconductors — Automotive & Industrial Cycle Recovery|Fading|19.20||1|0|0.00|live|4|
2026-07-28|Analog & Microcontroller Semiconductors — Automotive & Industrial Cycle Recovery|Fading|15.36||1|0|0.00|live|2|
2026-07-29|Analog & Microcontroller Semiconductors — Automotive & Industrial Cycle Recovery|Fading|12.29||1|0|0.00|live|2|
2026-07-30|Analog & Microcontroller Semiconductors — Automotive & Industrial Cycle Recovery|Fading|9.83||1|0|0.00|live|2|
2026-07-31|Analog & Microcontroller Semiconductors — Automotive & Industrial Cycle Recovery|Retired|0.00||2|0||live|0|
2026-07-10|Antibody-Based Oncology & Autoimmune Biologics|Nascent|73.00|86.10|1|0||live|3|
2026-07-13|Antibody-Based Oncology & Autoimmune Biologics|Nascent|71.30|82.70|2|0|1.00|live|3|
2026-07-14|Antibody-Based Oncology & Autoimmune Biologics|Fading|57.04||2|0|0.67|live|3|
2026-07-15|Antibody-Based Oncology & Autoimmune Biologics|Fading|71.20|82.50|2|0|0.67|live|3|
2026-07-16|Antibody-Based Oncology & Autoimmune Biologics|Fading|56.96||2|0|0.67|live|3|
2026-07-17|Antibody-Based Oncology & Autoimmune Biologics|Mainstream|70.80|81.60|3|0|0.67|live|3|
2026-07-20|Antibody-Based Oncology & Autoimmune Biologics|Fading|56.64||3|0|0.67|live|3|
2026-07-21|Antibody-Based Oncology & Autoimmune Biologics|Fading|45.31||3|0|1.00|live|2|
2026-07-22|Antibody-Based Oncology & Autoimmune Biologics|Fading|36.25||3|0|1.00|live|2|
2026-07-23|Antibody-Based Oncology & Autoimmune Biologics|Fading|29.00||3|0|1.00|live|2|
2026-07-24|Antibody-Based Oncology & Autoimmune Biologics|Fading|23.20||3|0|0.50|live|2|
2026-07-27|Antibody-Based Oncology & Autoimmune Biologics|Retired|0.00||4|0||live|0|
2026-07-28|Asset Management & Fund Administration Platform Ecosystem|Nascent|74.50|89.00|1|0||live|2|
2026-07-29|Asset Management & Fund Administration Platform Ecosystem|Nascent|72.60|85.20|2|0|1.00|live|2|
2026-07-30|Asset Management & Fund Administration Platform Ecosystem|Nascent|70.80|81.70|3|0|1.00|live|2|
2026-07-31|Asset Management & Fund Administration Platform Ecosystem|Nascent|70.10|80.20|4|0|1.00|live|2|
2026-08-03|Asset Management & Fund Administration Platform Ecosystem|Nascent|73.30|86.70|5|0|1.00|live|2|
2026-06-30|Autoimmune & Inflammatory Disease Biopharmaceuticals|Nascent|84.23|84.23|1|0||shadow_promoted|6|
2026-07-01|Autoimmune & Inflammatory Disease Biopharmaceuticals|Retired|0.00||2|0||live|0|
2026-07-02|Autoimmune & Inflammatory Disease Biopharmaceuticals|Nascent|82.12|82.12|3|0||shadow_promoted|6|
2026-07-06|Autoimmune & Inflammatory Disease Biopharmaceuticals|Retired|0.00||4|0||live|0|
2026-07-22|Automotive Components & Tire Suppliers|Nascent|70.40|80.80|1|0||live|2|
2026-07-23|Automotive Components & Tire Suppliers|Fading|56.32||1|0|1.00|live|2|
2026-07-24|Automotive Components & Tire Suppliers|Fading|45.06||1|0|1.00|live|2|
2026-07-27|Automotive Components & Tire Suppliers|Fading|36.04||1|0|1.00|live|2|
2026-07-28|Automotive Components & Tire Suppliers|Fading|28.84||1|0|1.00|live|2|
2026-07-29|Automotive Components & Tire Suppliers|Fading|23.07||1|0|1.00|live|2|
2026-07-30|Automotive Components & Tire Suppliers|Retired|0.00||2|0||live|0|
2026-06-29|Automotive Electronics & Sensor Components|Nascent|79.40|98.80|1|0||live|2|
2026-06-30|Automotive Electronics & Sensor Components|Nascent|79.40|98.80|2|0|1.00|live|4|
2026-07-01|Automotive Electronics & Sensor Components|Nascent|79.50|98.90|3|0|1.00|live|4|
2026-07-02|Automotive Electronics & Sensor Components|Nascent|78.10|96.20|4|0|1.00|live|4|
2026-07-06|Automotive Electronics & Sensor Components|Nascent|75.10|90.30|5|0|1.00|live|4|
2026-07-07|Automotive Electronics & Sensor Components|Nascent|72.20|84.50|6|0|0.25|live|4|
2026-07-08|Automotive Electronics & Sensor Components|Fading|77.80|95.60|6|0|0.25|live|4|
2026-07-09|Automotive Electronics & Sensor Components|Fading|72.60|85.30|6|0|0.75|live|4|
2026-07-10|Automotive Electronics & Sensor Components|Fading|69.20|78.40|6|0|0.25|live|4|
2026-07-13|Automotive Electronics & Sensor Components|Fading|71.40|82.80|6|0|0.25|live|4|
2026-07-14|Automotive Electronics & Sensor Components|Fading|72.80|85.50|6|0|0.25|live|4|
2026-07-15|Automotive Electronics & Sensor Components|Retired|0.00||7|0||live|0|
2026-04-07|Autonomous Military Drone Swarm & AI Defense Software|Nascent|77.80|95.50|0|0||live|2|
2026-04-08|Autonomous Military Drone Swarm & AI Defense Software|Fading|62.24||0|0||live|2|
2026-04-09|Autonomous Military Drone Swarm & AI Defense Software|Fading|20.39||0|0||live|2|
2026-04-10|Autonomous Military Drone Swarm & AI Defense Software|Fading|40.30|80.70|0|0||live|2|
2026-04-13|Autonomous Military Drone Swarm & AI Defense Software|Fading|47.80|95.60|0|0||live|2|
2026-04-14|Autonomous Military Drone Swarm & AI Defense Software|Fading|47.30|94.60|0|0||live|2|
2026-04-15|Autonomous Military Drone Swarm & AI Defense Software|Accelerating|48.00|96.10|0|0||live|2|
2026-04-16|Autonomous Military Drone Swarm & AI Defense Software|Accelerating|73.00|86.00|1|1||live|2|
2026-04-17|Autonomous Military Drone Swarm & AI Defense Software|Fading|58.40||1|0||live|2|
2026-04-20|Autonomous Military Drone Swarm & AI Defense Software|Fading|46.72||1|0||live|2|
2026-04-21|Autonomous Military Drone Swarm & AI Defense Software|Fading|37.38||1|0|1.00|live|2|
2026-04-22|Autonomous Military Drone Swarm & AI Defense Software|Fading|29.90||1|0|0.50|live|2|
2026-04-23|Autonomous Military Drone Swarm & AI Defense Software|Fading|23.92||1|0|0.00|live|2|
2026-04-28|Autonomous Military Drone Swarm & AI Defense Software|Fading|19.14||1|0|0.00|live|2|
2026-05-01|Autonomous Military Drone Swarm & AI Defense Software|Fading|15.31||1|0|0.00|live|2|
2026-05-04|Autonomous Military Drone Swarm & AI Defense Software|Fading|12.25||1|0|0.00|live|2|
2026-05-05|Autonomous Military Drone Swarm & AI Defense Software|Fading|9.80||1|0|0.00|live|2|
2026-05-06|Autonomous Military Drone Swarm & AI Defense Software|Fading|7.84||1|0|0.50|live|2|
2026-05-11|Autonomous Military Drone Swarm & AI Defense Software|Fading|6.27||1|0|0.50|live|2|
2026-05-12|Autonomous Military Drone Swarm & AI Defense Software|Fading|5.02||1|0|0.50|live|2|
2026-05-15|Autonomous Military Drone Swarm & AI Defense Software|Fading|4.01||1|0|0.00|live|2|
2026-05-18|Autonomous Military Drone Swarm & AI Defense Software|Fading|3.21||1|0|0.00|live|2|
2026-05-19|Autonomous Military Drone Swarm & AI Defense Software|Fading|2.57||1|0|0.00|live|2|
2026-05-22|Autonomous Military Drone Swarm & AI Defense Software|Fading|2.05||1|0|0.50|live|2|
2026-05-26|Autonomous Military Drone Swarm & AI Defense Software|Fading|1.64||1|0|0.50|live|2|
2026-05-27|Autonomous Military Drone Swarm & AI Defense Software|Fading|1.32||1|0|0.50|live|2|
2026-05-28|Autonomous Military Drone Swarm & AI Defense Software|Retired|0.00||2|0||live|0|
2026-05-29|Autonomous Military Drone Swarm & AI Defense Software|Fading|1.05||2|0|0.50|live|2|
2026-06-01|Autonomous Military Drone Swarm & AI Defense Software|Fading|0.84||2|0|0.50|live|2|
2026-06-02|Autonomous Military Drone Swarm & AI Defense Software|Fading|0.67||2|0|0.50|live|2|
2026-06-03|Autonomous Military Drone Swarm & AI Defense Software|Fading|0.54||2|0|0.50|live|2|
2026-06-04|Autonomous Military Drone Swarm & AI Defense Software|Fading|0.43||2|0|0.50|live|2|
2026-06-05|Autonomous Military Drone Swarm & AI Defense Software|Fading|0.34||2|0|0.50|live|2|
2026-06-08|Autonomous Military Drone Swarm & AI Defense Software|Retired|0.00||3|0||live|0|
2026-06-09|Autonomous Military Drone Swarm & AI Defense Software|Fading|0.28||3|0|0.50|live|2|
2026-06-10|Autonomous Military Drone Swarm & AI Defense Software|Fading|0.22||3|0|0.50|live|2|
2026-06-11|Autonomous Military Drone Swarm & AI Defense Software|Fading|0.18||3|0|0.50|live|2|
2026-06-12|Autonomous Military Drone Swarm & AI Defense Software|Fading|0.14||3|0|0.00|live|2|
2026-06-15|Autonomous Military Drone Swarm & AI Defense Software|Fading|0.11||3|0|0.00|live|2|
2026-06-16|Autonomous Military Drone Swarm & AI Defense Software|Retired|0.00||4|0||live|0|
2026-07-17|B2B Data Intelligence & Professional Information Services|Nascent|70.00|80.10|1|0||live|2|
2026-07-20|B2B Data Intelligence & Professional Information Services|Fading|56.00||1|0|1.00|live|2|
2026-07-21|B2B Data Intelligence & Professional Information Services|Fading|44.80||1|0|1.00|live|2|
2026-07-22|B2B Data Intelligence & Professional Information Services|Fading|35.84||1|0|0.50|live|2|
2026-07-23|B2B Data Intelligence & Professional Information Services|Fading|28.67||1|0|0.50|live|2|
2026-07-24|B2B Data Intelligence & Professional Information Services|Fading|22.94||1|0|1.00|live|2|
2026-07-27|B2B Data Intelligence & Professional Information Services|Retired|0.00||2|0||live|0|
2026-07-02|B2B Digital Financial Infrastructure & Payment Rails Modernization|Nascent|87.05|87.05|1|0||shadow_promoted|4|
2026-07-06|B2B Digital Financial Infrastructure & Payment Rails Modernization|Nascent|74.80|89.70|2|0|1.00|live|4|
2026-07-07|B2B Digital Financial Infrastructure & Payment Rails Modernization|Nascent|72.70|85.40|3|0|1.00|live|4|
2026-07-08|B2B Digital Financial Infrastructure & Payment Rails Modernization|Nascent|70.40|80.80|4|0|1.00|live|3|
2026-07-09|B2B Digital Financial Infrastructure & Payment Rails Modernization|Nascent|68.20|76.50|5|0|1.00|live|3|
2026-07-10|B2B Digital Financial Infrastructure & Payment Rails Modernization|Nascent|67.60|75.20|6|0|1.00|live|3|
2026-07-13|B2B Digital Financial Infrastructure & Payment Rails Modernization|Mainstream|70.90|81.80|7|0|1.00|live|3|
2026-07-14|B2B Digital Financial Infrastructure & Payment Rails Modernization|Mainstream|69.20|78.50|8|0|1.00|live|3|
2026-07-15|B2B Digital Financial Infrastructure & Payment Rails Modernization|Mainstream|72.80|85.60|9|0|1.00|live|3|
2026-07-16|B2B Digital Financial Infrastructure & Payment Rails Modernization|Mainstream|76.00|91.90|10|0|1.00|live|4|
2026-07-17|B2B Digital Financial Infrastructure & Payment Rails Modernization|Mainstream|76.70|93.30|11|0|1.00|live|4|
2026-07-20|B2B Digital Financial Infrastructure & Payment Rails Modernization|Mainstream|77.30|94.60|12|0|1.00|live|4|
2026-07-21|B2B Digital Financial Infrastructure & Payment Rails Modernization|Mainstream|77.80|95.50|13|0|1.00|live|3|
2026-07-22|B2B Digital Financial Infrastructure & Payment Rails Modernization|Mainstream|76.40|92.80|14|0|1.00|live|3|
2026-07-23|B2B Digital Financial Infrastructure & Payment Rails Modernization|Mainstream|74.60|89.20|15|0|0.67|live|3|
2026-07-24|B2B Digital Financial Infrastructure & Payment Rails Modernization|Mainstream|75.70|91.30|16|0|1.00|live|3|
2026-07-27|B2B Digital Financial Infrastructure & Payment Rails Modernization|Mainstream|77.50|95.10|17|0|1.00|live|3|
2026-07-28|B2B Digital Financial Infrastructure & Payment Rails Modernization|Mainstream|78.50|97.10|18|0|1.00|live|3|
2026-07-29|B2B Digital Financial Infrastructure & Payment Rails Modernization|Mainstream|78.80|97.70|19|0|1.00|live|3|
2026-07-30|B2B Digital Financial Infrastructure & Payment Rails Modernization|Mainstream|78.50|97.00|20|0|1.00|live|3|
2026-07-31|B2B Digital Financial Infrastructure & Payment Rails Modernization|Mainstream|76.50|93.00|21|0|1.00|live|2|
2026-08-03|B2B Digital Financial Infrastructure & Payment Rails Modernization|Mainstream|75.20|90.30|22|0|1.00|live|2|
2026-07-13|B2B Marketing Automation & Customer Engagement SaaS|Nascent|79.50|79.50|1|0||shadow_promoted|3|
2026-07-14|B2B Marketing Automation & Customer Engagement SaaS|Nascent|73.90|87.80|2|0|1.00|live|3|
2026-07-15|B2B Marketing Automation & Customer Engagement SaaS|Nascent|74.10|88.20|3|0|1.00|live|3|
2026-07-16|B2B Marketing Automation & Customer Engagement SaaS|Nascent|74.50|89.00|4|0|1.00|live|3|
2026-07-17|B2B Marketing Automation & Customer Engagement SaaS|Nascent|74.00|88.10|5|0|1.00|live|3|
2026-07-20|B2B Marketing Automation & Customer Engagement SaaS|Mainstream|75.30|90.70|6|0|1.00|live|3|
2026-07-21|B2B Marketing Automation & Customer Engagement SaaS|Mainstream|71.80|83.50|7|0|1.00|live|3|
2026-07-22|B2B Marketing Automation & Customer Engagement SaaS|Fading|57.44||7|0|0.33|live|3|
2026-07-23|B2B Marketing Automation & Customer Engagement SaaS|Fading|45.95||7|0|0.00|live|2|
2026-07-24|B2B Marketing Automation & Customer Engagement SaaS|Fading|36.76||7|0|0.50|live|2|
2026-07-27|B2B Marketing Automation & Customer Engagement SaaS|Fading|29.41||7|0|1.00|live|2|
2026-07-28|B2B Marketing Automation & Customer Engagement SaaS|Accelerating|71.20|82.40|8|1|1.00|live|2|
2026-07-29|B2B Marketing Automation & Customer Engagement SaaS|Accelerating|73.80|87.70|9|2|1.00|live|2|
2026-07-30|B2B Marketing Automation & Customer Engagement SaaS|Fading|59.04||9|0|1.00|live|2|
2026-07-31|B2B Marketing Automation & Customer Engagement SaaS|Fading|47.23||9|0|1.00|live|2|
2026-08-03|B2B Marketing Automation & Customer Engagement SaaS|Fading|37.79||9|0|1.00|live|2|
2026-07-17|Bitcoin & Crypto Mining Infrastructure|Nascent|14.56|14.56|1|0||shadow_promoted|5|
2026-07-20|Bitcoin & Crypto Mining Infrastructure|Retired|0.00||2|0||live|0|Bitcoin Mining & Crypto Infrastructure Operators
2026-07-08|Bitcoin Mining & Crypto Infrastructure Operators|Nascent|51.10|42.30|1|0||live|5|
2026-07-09|Bitcoin Mining & Crypto Infrastructure Operators|Fading|40.88||1|0|0.00|live|2|
2026-07-10|Bitcoin Mining & Crypto Infrastructure Operators|Fading|32.70||1|0|0.00|live|2|
2026-07-13|Bitcoin Mining & Crypto Infrastructure Operators|Fading|26.16||1|0|0.00|live|2|
2026-07-14|Bitcoin Mining & Crypto Infrastructure Operators|Fading|20.93||1|0|0.00|live|2|
2026-07-15|Bitcoin Mining & Crypto Infrastructure Operators|Fading|16.74||1|0|0.00|live|2|
2026-07-16|Bitcoin Mining & Crypto Infrastructure Operators|Retired|0.00||2|0||live|0|
2026-07-17|Bitcoin Mining & Crypto Infrastructure Operators|Nascent|14.56|14.56|3|0||shadow_promoted|5|
2026-07-20|Bitcoin Mining & Crypto Infrastructure Operators|Fading|11.65||3|0|0.00|live|2|
2026-07-21|Bitcoin Mining & Crypto Infrastructure Operators|Fading|9.32||3|0|1.00|live|2|
2026-07-22|Bitcoin Mining & Crypto Infrastructure Operators|Fading|77.20|94.50|3|0|1.00|live|2|
2026-07-23|Bitcoin Mining & Crypto Infrastructure Operators|Accelerating|79.00|97.90|4|1|1.00|live|2|
2026-07-24|Bitcoin Mining & Crypto Infrastructure Operators|Accelerating|76.80|93.50|5|2|1.00|live|2|
2026-07-27|Bitcoin Mining & Crypto Infrastructure Operators|Fading|61.44||5|0|0.50|live|2|
2026-07-28|Bitcoin Mining & Crypto Infrastructure Operators|Fading|49.15||5|0|0.00|live|2|
2026-07-29|Bitcoin Mining & Crypto Infrastructure Operators|Fading|39.32||5|0|0.00|live|2|
2026-07-30|Bitcoin Mining & Crypto Infrastructure Operators|Fading|31.46||5|0|1.00|live|2|
2026-07-31|Bitcoin Mining & Crypto Infrastructure Operators|Fading|25.17||5|0|1.00|live|2|
2026-08-03|Bitcoin Mining & Crypto Infrastructure Operators|Fading|72.50|84.90|5|0|1.00|live|2|
2026-04-09|Bitcoin Mining & Digital Asset Infrastructure|Accelerating|77.30|94.60|0|0||live|2|
2026-04-10|Bitcoin Mining & Digital Asset Infrastructure|Retired|77.20|94.30|0|0||live|2|
2026-07-31|Branded Packaged Food & Consumer Staples Producers|Nascent|30.00|0.00|1|0||live|3|
2026-08-03|Branded Packaged Food & Consumer Staples Producers|Fading|24.00||1|0|0.67|live|3|
2026-07-20|Canadian Big Banks|Nascent|30.00|0.00|1|0||live|5|
2026-07-21|Canadian Big Banks|Nascent|66.00|71.90|2|0|0.80|live|5|
2026-07-22|Canadian Big Banks|Accelerating|68.30|76.60|3|1|1.00|live|5|
2026-07-23|Canadian Big Banks|Accelerating|69.80|79.70|4|2|0.00|live|5|
2026-07-24|Canadian Big Banks|Accelerating|69.10|78.20|5|3|0.20|live|5|
2026-07-27|Canadian Big Banks|Accelerating|65.20|70.50|6|4|0.40|live|5|
2026-07-28|Canadian Big Banks|Mainstream|64.70|69.50|7|0|0.80|live|5|
2026-07-29|Canadian Big Banks|Mainstream|60.00|60.00|8|0|0.00|live|5|
2026-07-30|Canadian Big Banks|Mainstream|66.20|72.30|9|0|0.60|live|5|
2026-07-31|Canadian Big Banks|Mainstream|64.30|68.60|10|0|0.60|live|5|
2026-08-03|Canadian Big Banks|Mainstream|63.40|66.90|11|0|0.80|live|5|
2026-07-29|Casual Dining & Full-Service Restaurant Chain Recovery|Nascent|79.40|98.80|1|0||live|2|
2026-07-30|Casual Dining & Full-Service Restaurant Chain Recovery|Nascent|79.50|99.00|2|0|1.00|live|2|
2026-07-31|Casual Dining & Full-Service Restaurant Chain Recovery|Nascent|79.60|99.20|3|0|1.00|live|2|
2026-08-03|Casual Dining & Full-Service Restaurant Chain Recovery|Nascent|79.60|99.20|4|0|1.00|live|2|
2026-06-25|Casual Dining Restaurant Turnaround|Nascent|77.40|94.80|1|0||live|2|
2026-06-26|Casual Dining Restaurant Turnaround|Nascent|77.00|93.90|2|0|1.00|live|2|
2026-06-29|Casual Dining Restaurant Turnaround|Nascent|76.20|92.30|3|0|1.00|live|2|
2026-06-30|Casual Dining Restaurant Turnaround|Nascent|75.60|91.20|4|0|1.00|live|2|
2026-07-01|Casual Dining Restaurant Turnaround|Nascent|75.20|90.40|5|0|1.00|live|2|
2026-07-02|Casual Dining Restaurant Turnaround|Mainstream|75.40|90.80|6|0|1.00|live|2|
2026-07-06|Casual Dining Restaurant Turnaround|Mainstream|76.60|93.20|7|0|1.00|live|2|
2026-07-07|Casual Dining Restaurant Turnaround|Mainstream|76.30|92.60|8|0|1.00|live|2|
2026-07-08|Casual Dining Restaurant Turnaround|Mainstream|75.80|91.50|9|0|1.00|live|2|
2026-07-09|Casual Dining Restaurant Turnaround|Mainstream|74.40|88.80|10|0|1.00|live|2|
2026-07-10|Casual Dining Restaurant Turnaround|Mainstream|76.40|92.80|11|0|1.00|live|2|
2026-07-13|Casual Dining Restaurant Turnaround|Mainstream|78.20|96.30|12|0|1.00|live|2|
2026-07-14|Casual Dining Restaurant Turnaround|Mainstream|78.00|96.00|13|0|1.00|live|2|
2026-07-15|Casual Dining Restaurant Turnaround|Mainstream|75.30|90.50|14|0|1.00|live|2|
2026-07-16|Casual Dining Restaurant Turnaround|Mainstream|76.10|92.20|15|0|1.00|live|2|
2026-07-17|Casual Dining Restaurant Turnaround|Mainstream|76.50|93.10|16|0|1.00|live|2|
2026-07-20|Casual Dining Restaurant Turnaround|Mainstream|76.60|93.20|17|0|1.00|live|2|
2026-07-21|Casual Dining Restaurant Turnaround|Mainstream|77.40|94.80|18|0|1.00|live|2|
2026-07-22|Casual Dining Restaurant Turnaround|Mainstream|75.20|90.40|19|0|1.00|live|2|
2026-07-23|Casual Dining Restaurant Turnaround|Mainstream|75.00|90.00|20|0|0.50|live|2|
2026-07-24|Casual Dining Restaurant Turnaround|Mainstream|76.80|93.70|21|0|1.00|live|2|
2026-07-27|Casual Dining Restaurant Turnaround|Mainstream|78.30|96.60|22|0|1.00|live|2|
2026-07-28|Casual Dining Restaurant Turnaround|Mainstream|78.60|97.20|23|0|1.00|live|2|
2026-07-29|Casual Dining Restaurant Turnaround|Retired|0.00||24|0||live|0|
2026-04-07|Cell & Genome Engineering Oncology|Nascent|78.80|97.70|0|0||live|2|
2026-04-08|Cell & Genome Engineering Oncology|Nascent|78.50|97.10|0|0||live|2|
2026-04-09|Cell & Genome Engineering Oncology|Nascent|77.70|95.50|0|0||live|2|
2026-04-10|Cell & Genome Engineering Oncology|Fading|77.30|94.70|0|0||live|2|
2026-04-13|Cell & Genome Engineering Oncology|Fading|77.10|94.20|0|0||live|2|
2026-04-14|Cell & Genome Engineering Oncology|Mainstream|77.50|95.10|0|0||live|2|
2026-04-15|Cell & Genome Engineering Oncology|Fading|47.20|94.30|0|0||live|2|
2026-04-16|Cell & Genome Engineering Oncology|Fading|45.20|90.30|0|0||live|2|
2026-04-17|Cell & Genome Engineering Oncology|Mainstream|75.40|90.80|1|0||live|2|
2026-04-20|Cell & Genome Engineering Oncology|Fading|41.00|81.90|1|0||live|2|
2026-04-21|Cell & Genome Engineering Oncology|Fading|32.80||1|0|0.50|live|2|
2026-04-22|Cell & Genome Engineering Oncology|Fading|26.24||1|0|0.50|live|2|
2026-04-23|Cell & Genome Engineering Oncology|Fading|20.99||1|0|0.50|live|2|
2026-04-24|Cell & Genome Engineering Oncology|Fading|16.79||1|0|0.50|live|2|
2026-05-01|Cell & Genome Engineering Oncology|Fading|13.43||1|0|0.50|live|2|
2026-05-04|Cell & Genome Engineering Oncology|Fading|10.75||1|0|0.00|live|2|
2026-05-05|Cell & Genome Engineering Oncology|Fading|8.60||1|0|0.50|live|2|
2026-05-06|Cell & Genome Engineering Oncology|Fading|6.88||1|0|1.00|live|2|
2026-05-07|Cell & Genome Engineering Oncology|Fading|70.30|80.70|1|0|1.00|live|2|
2026-05-08|Cell & Genome Engineering Oncology|Accelerating|41.60|83.20|2|1|1.00|live|2|
2026-05-11|Cell & Genome Engineering Oncology|Fading|33.28||2|0|0.50|live|2|
2026-05-12|Cell & Genome Engineering Oncology|Fading|26.62||2|0|0.50|live|2|
2026-05-13|Cell & Genome Engineering Oncology|Fading|21.30||2|0|0.50|live|2|
2026-05-14|Cell & Genome Engineering Oncology|Fading|17.04||2|0|0.00|live|2|
2026-05-15|Cell & Genome Engineering Oncology|Fading|13.63||2|0|0.00|live|2|
2026-05-22|Cell & Genome Engineering Oncology|Fading|10.91||2|0|0.00|live|2|
2026-05-26|Cell & Genome Engineering Oncology|Fading|8.72||2|0|0.00|live|2|
2026-05-27|Cell & Genome Engineering Oncology|Fading|6.98||2|0|0.50|live|2|
2026-05-28|Cell & Genome Engineering Oncology|Fading|5.58||2|0|0.00|live|2|
2026-05-29|Cell & Genome Engineering Oncology|Fading|4.47||2|0|0.00|live|2|
2026-06-01|Cell & Genome Engineering Oncology|Retired|0.00||3|0||live|0|
2026-06-02|Cell & Genome Engineering Oncology|Fading|3.57||3|0|0.00|live|2|
2026-06-03|Cell & Genome Engineering Oncology|Fading|2.86||3|0|0.00|live|2|
2026-06-04|Cell & Genome Engineering Oncology|Fading|2.29||3|0|0.50|live|2|
2026-06-05|Cell & Genome Engineering Oncology|Fading|0.60||3|0|0.00|live|2|
2026-06-08|Cell & Genome Engineering Oncology|Fading|0.48||3|0|0.00|live|2|
2026-06-09|Cell & Genome Engineering Oncology|Retired|0.00||4|0||live|0|
2026-07-30|China Consumer Internet & Digital Marketplace Platforms|Nascent|77.20|94.50|1|0||live|2|
2026-07-31|China Consumer Internet & Digital Marketplace Platforms|Nascent|77.60|95.20|2|0|1.00|live|2|
2026-08-03|China Consumer Internet & Digital Marketplace Platforms|Nascent|76.50|93.10|3|0|1.00|live|2|
2026-03-27|Chip Architecture Licensing & CPU/GPU Compute Revival|Nascent|66.30||0|0||live|2|
2026-03-30|Chip Architecture Licensing & CPU/GPU Compute Revival|Fading|53.04||0|0||live|2|
2026-03-31|Chip Architecture Licensing & CPU/GPU Compute Revival|Fading|42.43||0|0||live|2|
2026-04-09|Chip Architecture Licensing & CPU/GPU Compute Revival|Accelerating|77.60|95.20|0|0||live|5|
2026-04-10|Chip Architecture Licensing & CPU/GPU Compute Revival|Fading|49.40|98.80|0|0||live|3|
2026-04-13|Chip Architecture Licensing & CPU/GPU Compute Revival|Accelerating|79.20|98.30|0|0||live|3|
2026-04-14|Chip Architecture Licensing & CPU/GPU Compute Revival|Accelerating|79.20|98.40|0|0||live|3|
2026-04-15|Chip Architecture Licensing & CPU/GPU Compute Revival|Accelerating|78.90|97.80|0|0||live|3|
2026-04-16|Chip Architecture Licensing & CPU/GPU Compute Revival|Accelerating|78.90|97.80|1|1||live|3|
2026-04-17|Chip Architecture Licensing & CPU/GPU Compute Revival|Accelerating|79.30|98.50|2|2||live|3|
2026-04-20|Chip Architecture Licensing & CPU/GPU Compute Revival|Fading|49.10|98.30|2|0||live|3|
2026-04-21|Chip Architecture Licensing & CPU/GPU Compute Revival|Fading|47.70|95.30|2|0|1.00|live|3|
2026-04-22|Chip Architecture Licensing & CPU/GPU Compute Revival|Mainstream|77.20|94.50|3|0|1.00|live|3|
2026-04-23|Chip Architecture Licensing & CPU/GPU Compute Revival|Accelerating|77.70|95.50|4|1|1.00|live|3|
2026-04-24|Chip Architecture Licensing & CPU/GPU Compute Revival|Accelerating|76.70|93.30|5|2|1.00|live|2|
2026-04-27|Chip Architecture Licensing & CPU/GPU Compute Revival|Accelerating|77.50|95.10|6|3|1.00|live|2|
2026-04-28|Chip Architecture Licensing & CPU/GPU Compute Revival|Accelerating|77.70|95.50|7|4|0.50|live|2|
2026-04-29|Chip Architecture Licensing & CPU/GPU Compute Revival|Mainstream|71.90|83.80|8|0|0.50|live|2|
2026-05-01|Chip Architecture Licensing & CPU/GPU Compute Revival|Fading|57.52||8|0|0.50|live|2|
2026-05-04|Chip Architecture Licensing & CPU/GPU Compute Revival|Fading|46.02||8|0|0.50|live|2|
2026-05-08|Chip Architecture Licensing & CPU/GPU Compute Revival|Fading|36.81||8|0|0.50|live|2|
2026-05-11|Chip Architecture Licensing & CPU/GPU Compute Revival|Fading|29.45||8|0|0.50|live|2|
2026-05-12|Chip Architecture Licensing & CPU/GPU Compute Revival|Fading|23.56||8|0|0.50|live|2|
2026-05-13|Chip Architecture Licensing & CPU/GPU Compute Revival|Fading|18.85||8|0|0.50|live|2|
2026-05-14|Chip Architecture Licensing & CPU/GPU Compute Revival|Fading|71.40|82.80|8|0|1.00|live|2|
2026-03-20|Chip Architecture Licensing & IP Royalty Platforms|Nascent|71.40||0|0||live|2|
2026-03-21|Chip Architecture Licensing & IP Royalty Platforms|Fading|45.70||0|0||live|2|
2026-03-24|Chip Architecture Licensing & IP Royalty Platforms|Fading|36.56||0|0||live|2|
2026-03-25|Chip Architecture Licensing & IP Royalty Platforms|Fading|29.25||0|0||live|2|
2026-03-27|Chip Architecture Licensing & IP Royalty Platforms|Fading|23.40||0|0||live|2|
2026-03-31|Chip Architecture Licensing & IP Royalty Platforms|Retired|76.50||0|0||live|2|
2026-07-30|Cinema Exhibition & Premium Large-Format Recovery|Nascent|78.10|96.20|1|0||live|2|
2026-07-31|Cinema Exhibition & Premium Large-Format Recovery|Nascent|77.90|95.80|2|0|1.00|live|2|
2026-08-03|Cinema Exhibition & Premium Large-Format Recovery|Nascent|78.00|96.00|3|0|1.00|live|2|
2026-06-28|Clinical-Stage Autoimmune & Inflammatory Disease Biologics|Nascent|87.45|87.45|1|0||shadow_promoted|6|
2026-06-29|Clinical-Stage Autoimmune & Inflammatory Disease Biologics|Retired|0.00||2|0||live|0|
2026-07-01|Clinical-Stage Autoimmune & Inflammatory Disease Therapeutics|Nascent|84.04|84.04|1|0||shadow_promoted|5|
2026-07-02|Clinical-Stage Autoimmune & Inflammatory Disease Therapeutics|Retired|0.00||2|0||live|0|
2026-07-09|Clinical-Stage Autoimmune & Inflammatory Disease Therapeutics|Nascent|89.72|89.72|3|0||shadow_promoted|5|
2026-07-10|Clinical-Stage Autoimmune & Inflammatory Disease Therapeutics|Retired|0.00||4|0||live|0|
2026-07-23|Clinical-Stage Oncology Biotech|Nascent|78.50|97.00|1|0||live|2|
2026-07-24|Clinical-Stage Oncology Biotech|Nascent|78.80|97.60|2|0|1.00|live|2|
2026-07-27|Clinical-Stage Oncology Biotech|Nascent|76.80|93.70|3|0|1.00|live|2|
2026-07-28|Clinical-Stage Oncology Biotech|Nascent|72.00|84.00|4|0|0.50|live|2|
2026-07-29|Clinical-Stage Oncology Biotech|Nascent|70.50|81.10|5|0|0.50|live|2|
2026-07-30|Clinical-Stage Oncology Biotech|Mainstream|70.20|80.40|6|0|0.50|live|2|
2026-07-31|Clinical-Stage Oncology Biotech|Mainstream|71.50|83.00|7|0|0.50|live|2|
2026-08-03|Clinical-Stage Oncology Biotech|Fading|57.20||7|0|0.50|live|2|
2026-07-09|Clinical-Stage Oncology Drug Development|Nascent|90.83|90.83|1|0||shadow_promoted|6|
2026-07-10|Clinical-Stage Oncology Drug Development|Retired|0.00||2|0||live|0|Oncology Targeted Therapy Biotechs
2026-06-30|Clinical-Stage Oncology Therapeutics|Nascent|83.90|83.90|1|0||shadow_promoted|3|
2026-07-01|Clinical-Stage Oncology Therapeutics|Retired|0.00||2|0||live|0|
2026-07-02|Clinical-Stage Oncology Therapeutics|Nascent|84.27|84.27|3|0||shadow_promoted|3|
2026-07-06|Clinical-Stage Oncology Therapeutics|Retired|0.00||4|0||live|0|
2026-03-23|CLO & Structured Credit Income|Nascent|79.90||0|0||live|2|
2026-03-24|CLO & Structured Credit Income|Fading|26.18||0|0||live|2|
2026-03-25|CLO & Structured Credit Income|Fading|16.76||0|0||live|2|
2026-03-26|CLO & Structured Credit Income|Fading|10.72||0|0||live|2|
2026-03-27|CLO & Structured Credit Income|Fading|8.58||0|0||live|2|
2026-03-30|CLO & Structured Credit Income|Fading|6.86||0|0||live|2|
2026-04-06|CLO & Structured Credit Income|Fading|5.49||0|0||live|2|
2026-04-07|CLO & Structured Credit Income|Fading|1.15||0|0||live|2|
2026-04-08|CLO & Structured Credit Income|Fading|0.92||0|0||live|2|
2026-04-09|CLO & Structured Credit Income|Fading|0.74||0|0||live|2|
2026-04-13|CLO & Structured Credit Income|Retired|0.59||0|0||live|2|
2026-07-20|Cloud Communications & Contact Center Platforms|Nascent|79.10|98.20|1|0||live|2|
2026-07-21|Cloud Communications & Contact Center Platforms|Nascent|78.30|96.70|2|0|1.00|live|2|
2026-07-22|Cloud Communications & Contact Center Platforms|Fading|62.64||2|0|0.00|live|2|
2026-07-23|Cloud Communications & Contact Center Platforms|Fading|50.11||2|0|0.00|live|2|
2026-07-24|Cloud Communications & Contact Center Platforms|Fading|40.09||2|0|0.00|live|2|
2026-07-27|Cloud Communications & Contact Center Platforms|Fading|32.07||2|0|0.50|live|2|
2026-07-28|Cloud Communications & Contact Center Platforms|Retired|0.00||3|0||live|0|
2026-07-30|Cloud Contact Center & CCaaS Communication Platforms|Nascent|78.80|97.60|1|0||live|2|
2026-07-31|Cloud Contact Center & CCaaS Communication Platforms|Nascent|78.10|96.20|2|0|1.00|live|2|
2026-08-03|Cloud Contact Center & CCaaS Communication Platforms|Nascent|77.40|94.80|3|0|1.00|live|2|
2026-07-14|Cloud Data Storage & Analytics Infrastructure|Nascent|79.50|98.90|1|0||live|2|
2026-07-15|Cloud Data Storage & Analytics Infrastructure|Nascent|79.50|99.00|2|0|1.00|live|2|
2026-07-16|Cloud Data Storage & Analytics Infrastructure|Nascent|76.90|93.80|3|0|0.50|live|2|
2026-07-17|Cloud Data Storage & Analytics Infrastructure|Nascent|72.90|85.80|4|0|0.50|live|2|
2026-07-20|Cloud Data Storage & Analytics Infrastructure|Nascent|73.10|86.20|5|0|0.50|live|2|
2026-07-21|Cloud Data Storage & Analytics Infrastructure|Mainstream|72.10|84.20|6|0|0.50|live|2|
2026-07-22|Cloud Data Storage & Analytics Infrastructure|Mainstream|71.20|82.30|7|0|0.50|live|2|
2026-07-23|Cloud Data Storage & Analytics Infrastructure|Mainstream|70.70|81.30|8|0|0.50|live|2|
2026-07-24|Cloud Data Storage & Analytics Infrastructure|Mainstream|70.30|80.70|9|0|0.50|live|2|
2026-07-27|Cloud Data Storage & Analytics Infrastructure|Mainstream|71.10|82.20|10|0|0.50|live|2|
2026-07-28|Cloud Data Storage & Analytics Infrastructure|Fading|56.88||10|0|0.50|live|2|
2026-07-29|Cloud Data Storage & Analytics Infrastructure|Mainstream|70.20|80.50|11|0|0.50|live|2|
2026-07-30|Cloud Data Storage & Analytics Infrastructure|Mainstream|70.70|81.50|12|0|0.50|live|2|
2026-07-31|Cloud Data Storage & Analytics Infrastructure|Mainstream|70.70|81.30|13|0|0.50|live|2|
2026-08-03|Cloud Data Storage & Analytics Infrastructure|Mainstream|73.20|86.30|14|0|1.00|live|2|
2026-07-08|Cloud Observability & AIOps Monitoring Platforms|Nascent|79.00|98.00|1|0||live|2|
2026-07-09|Cloud Observability & AIOps Monitoring Platforms|Nascent|74.80|89.60|2|0|1.00|live|2|
2026-07-10|Cloud Observability & AIOps Monitoring Platforms|Nascent|70.70|81.30|3|0|1.00|live|2|
2026-07-13|Cloud Observability & AIOps Monitoring Platforms|Nascent|74.20|88.40|4|0|1.00|live|3|
2026-07-14|Cloud Observability & AIOps Monitoring Platforms|Nascent|79.10|98.20|5|0|1.00|live|3|
2026-07-15|Cloud Observability & AIOps Monitoring Platforms|Mainstream|78.90|97.80|6|0|1.00|live|3|
2026-07-16|Cloud Observability & AIOps Monitoring Platforms|Mainstream|79.10|98.20|7|0|1.00|live|3|
2026-07-17|Cloud Observability & AIOps Monitoring Platforms|Mainstream|78.30|96.60|8|0|1.00|live|3|
2026-07-20|Cloud Observability & AIOps Monitoring Platforms|Mainstream|78.30|96.70|9|0|1.00|live|3|
2026-07-21|Cloud Observability & AIOps Monitoring Platforms|Fading|62.64||9|0|0.33|live|3|
2026-07-22|Cloud Observability & AIOps Monitoring Platforms|Fading|50.11||9|0|0.00|live|2|
2026-07-23|Cloud Observability & AIOps Monitoring Platforms|Fading|40.09||9|0|0.00|live|2|
2026-07-24|Cloud Observability & AIOps Monitoring Platforms|Fading|32.07||9|0|0.00|live|2|
2026-07-27|Cloud Observability & AIOps Monitoring Platforms|Fading|25.66||9|0|0.00|live|2|
2026-07-28|Cloud Observability & AIOps Monitoring Platforms|Fading|20.53||9|0|0.50|live|2|
2026-07-29|Cloud Observability & AIOps Monitoring Platforms|Fading|74.30|88.70|9|0|1.00|live|2|
2026-07-30|Cloud Observability & AIOps Monitoring Platforms|Accelerating|71.80|83.50|10|1|1.00|live|2|
2026-07-31|Cloud Observability & AIOps Monitoring Platforms|Accelerating|71.80|83.70|11|2|1.00|live|2|
2026-08-03|Cloud Observability & AIOps Monitoring Platforms|Fading|57.44||11|0|1.00|live|2|
2026-07-16|Cloud Supply Chain & Warehouse Management Software|Nascent|75.10|90.20|1|0||live|2|
2026-07-17|Cloud Supply Chain & Warehouse Management Software|Nascent|74.30|88.70|2|0|1.00|live|2|
2026-07-20|Cloud Supply Chain & Warehouse Management Software|Nascent|76.10|92.20|3|0|1.00|live|2|
2026-07-21|Cloud Supply Chain & Warehouse Management Software|Nascent|71.80|83.50|4|0|1.00|live|2|
2026-07-22|Cloud Supply Chain & Warehouse Management Software|Fading|57.44||4|0|0.00|live|2|
2026-07-23|Cloud Supply Chain & Warehouse Management Software|Fading|45.95||4|0|0.00|live|2|
2026-07-24|Cloud Supply Chain & Warehouse Management Software|Fading|36.76||4|0|0.50|live|2|
2026-07-27|Cloud Supply Chain & Warehouse Management Software|Mainstream|71.60|83.20|5|0|1.00|live|2|
2026-07-28|Cloud Supply Chain & Warehouse Management Software|Accelerating|75.20|90.40|6|1|1.00|live|2|
2026-07-29|Cloud Supply Chain & Warehouse Management Software|Accelerating|78.50|97.00|7|2|1.00|live|2|
2026-07-30|Cloud Supply Chain & Warehouse Management Software|Accelerating|77.00|94.00|8|3|1.00|live|2|
2026-07-31|Cloud Supply Chain & Warehouse Management Software|Accelerating|78.90|97.80|9|4|1.00|live|2|
2026-08-03|Cloud Supply Chain & Warehouse Management Software|Mainstream|77.60|95.20|10|0|1.00|live|2|
2026-06-28|Coal Mining & Export (Metallurgical & Thermal)|Nascent|8.40|8.40|1|0||shadow_promoted|3|
2026-06-29|Coal Mining & Export (Metallurgical & Thermal)|Fading|6.72||1|0|0.00|live|2|
2026-06-30|Coal Mining & Export (Metallurgical & Thermal)|Fading|5.38||1|0|0.00|live|2|
2026-07-01|Coal Mining & Export (Metallurgical & Thermal)|Fading|4.30||1|0|0.00|live|2|
2026-07-02|Coal Mining & Export (Metallurgical & Thermal)|Fading|3.44||1|0|0.00|live|2|
2026-07-06|Coal Mining & Export (Metallurgical & Thermal)|Fading|2.75||1|0|0.00|live|2|
2026-07-07|Coal Mining & Export (Metallurgical & Thermal)|Retired|0.00||2|0||live|0|
2026-07-06|Coastal & Suburban Residential Rental REITs|Nascent|30.00|0.00|1|0||live|5|
2026-07-07|Coastal & Suburban Residential Rental REITs|Nascent|63.50|67.00|2|0|1.00|live|5|
2026-07-08|Coastal & Suburban Residential Rental REITs|Accelerating|62.90|65.80|3|1|0.80|live|5|
2026-07-09|Coastal & Suburban Residential Rental REITs|Accelerating|60.80|61.60|4|2|0.60|live|5|
2026-07-10|Coastal & Suburban Residential Rental REITs|Accelerating|63.20|66.40|5|3|0.80|live|5|
2026-07-13|Coastal & Suburban Residential Rental REITs|Accelerating|64.20|68.50|6|4|1.00|live|5|
2026-07-14|Coastal & Suburban Residential Rental REITs|Mainstream|63.10|66.20|7|0|1.00|live|5|
2026-07-15|Coastal & Suburban Residential Rental REITs|Mainstream|59.50|59.00|8|0|1.00|live|5|
2026-07-16|Coastal & Suburban Residential Rental REITs|Mainstream|60.20|60.50|9|0|1.00|live|5|
2026-07-17|Coastal & Suburban Residential Rental REITs|Mainstream|56.90|53.90|10|0|1.00|live|5|
2026-07-20|Coastal & Suburban Residential Rental REITs|Mainstream|57.50|55.00|11|0|1.00|live|5|
2026-07-21|Coastal & Suburban Residential Rental REITs|Fading|46.00||11|0|0.20|live|5|
2026-07-22|Coastal & Suburban Residential Rental REITs|Fading|36.80||11|0|0.00|live|5|
2026-07-23|Coastal & Suburban Residential Rental REITs|Fading|29.44||11|0|0.00|live|5|
2026-07-24|Coastal & Suburban Residential Rental REITs|Fading|23.55||11|0|0.00|live|5|
2026-07-27|Coastal & Suburban Residential Rental REITs|Fading|18.84||11|0|0.00|live|5|
2026-07-28|Coastal & Suburban Residential Rental REITs|Fading|15.07||11|0|0.60|live|5|
2026-07-29|Coastal & Suburban Residential Rental REITs|Fading|59.20|58.30|11|0|1.00|live|5|
2026-07-30|Coastal & Suburban Residential Rental REITs|Retired|0.00||12|0||live|0|
2026-08-03|Commercial, Office & Home Furniture Retailers and Manufacturers|Nascent|79.20|98.50|1|0||live|3|
2026-06-26|Commercial Real Estate Brokerage & Advisory Services|Nascent|30.00|0.00|1|0||live|4|
2026-06-29|Commercial Real Estate Brokerage & Advisory Services|Fading|24.00||1|0|1.00|live|3|
2026-06-30|Commercial Real Estate Brokerage & Advisory Services|Fading|19.20||1|0|1.00|live|2|
2026-07-01|Commercial Real Estate Brokerage & Advisory Services|Fading|15.36||1|0|1.00|live|2|
2026-07-02|Commercial Real Estate Brokerage & Advisory Services|Fading|12.29||1|0|1.00|live|2|
2026-07-06|Commercial Real Estate Brokerage & Advisory Services|Fading|9.83||1|0|1.00|live|2|
2026-07-07|Commercial Real Estate Brokerage & Advisory Services|Retired|0.00||2|0||live|0|
2026-07-08|Commercial Real Estate Brokerage & Advisory Services|Nascent|30.00|0.00|3|0||live|4|
2026-07-09|Commercial Real Estate Brokerage & Advisory Services|Fading|24.00||3|0|1.00|live|4|
2026-07-10|Commercial Real Estate Brokerage & Advisory Services|Fading|19.20||3|0|1.00|live|4|
2026-07-13|Commercial Real Estate Brokerage & Advisory Services|Fading|15.36||3|0|0.50|live|4|
2026-07-14|Commercial Real Estate Brokerage & Advisory Services|Fading|12.29||3|0|0.50|live|2|
2026-07-15|Commercial Real Estate Brokerage & Advisory Services|Fading|9.83||3|0|1.00|live|2|
2026-07-16|Commercial Real Estate Brokerage & Advisory Services|Nascent|68.20|76.50|4|0||live|5|
2026-07-17|Commercial Real Estate Brokerage & Advisory Services|Accelerating|59.90|59.90|5|1|1.00|live|5|
2026-07-20|Commercial Real Estate Brokerage & Advisory Services|Accelerating|62.70|65.40|6|2|0.80|live|5|
2026-07-21|Commercial Real Estate Brokerage & Advisory Services|Accelerating|64.40|68.80|7|3|0.60|live|5|
2026-07-22|Commercial Real Estate Brokerage & Advisory Services|Fading|51.52||7|0|0.50|live|4|
2026-07-23|Commercial Real Estate Brokerage & Advisory Services|Fading|41.22||7|0|0.00|live|3|
2026-07-24|Commercial Real Estate Brokerage & Advisory Services|Fading|32.97||7|0|0.67|live|3|
2026-07-27|Commercial Real Estate Brokerage & Advisory Services|Mainstream|61.00|62.10|8|0|1.00|live|3|
2026-07-28|Commercial Real Estate Brokerage & Advisory Services|Accelerating|63.90|67.80|9|1|1.00|live|3|
2026-07-29|Commercial Real Estate Brokerage & Advisory Services|Fading|51.12||9|0|0.67|live|3|
2026-07-30|Commercial Real Estate Brokerage & Advisory Services|Accelerating|72.70|85.40|10|1|0.67|live|3|
2026-07-31|Commercial Real Estate Brokerage & Advisory Services|Accelerating|72.20|84.50|11|2|0.67|live|3|
2026-08-03|Commercial Real Estate Brokerage & Advisory Services|Accelerating|72.90|85.80|12|3|0.67|live|3|
2026-03-21|Compound Semiconductor & III-V Materials|Fading|32.69||0|0||live|2|
2026-03-23|Compound Semiconductor & III-V Materials|Fading|26.15||0|0||live|2|
2026-03-24|Compound Semiconductor & III-V Materials|Fading|8.57||0|0||live|2|
2026-03-25|Compound Semiconductor & III-V Materials|Fading|5.48||0|0||live|2|
2026-03-27|Compound Semiconductor & III-V Materials|Fading|4.39||0|0||live|2|
2026-04-14|Compound Semiconductor & III-V Materials|Fading|3.51||0|0||live|2|
2026-04-15|Compound Semiconductor & III-V Materials|Fading|2.81||0|0||live|2|
2026-04-16|Compound Semiconductor & III-V Materials|Fading|2.25||0|0||live|2|
2026-04-17|Compound Semiconductor & III-V Materials|Fading|1.80||0|0||live|2|
2026-04-20|Compound Semiconductor & III-V Materials|Fading|1.44||0|0||live|2|
2026-04-27|Compound Semiconductor & III-V Materials|Fading|1.15||0|0|1.00|live|2|
2026-04-28|Compound Semiconductor & III-V Materials|Fading|0.92||0|0|1.00|live|2|
2026-05-05|Compound Semiconductor & III-V Materials|Fading|79.80|99.50|0|0|1.00|live|2|
2026-05-06|Compound Semiconductor & III-V Materials|Fading|79.80|99.60|0|0|1.00|live|2|
2026-05-07|Compound Semiconductor & III-V Materials|Fading|79.70|99.30|0|0|1.00|live|2|
2026-05-11|Compound Semiconductor & III-V Materials|Fading|79.60|99.20|0|0|1.00|live|2|
2026-05-12|Compound Semiconductor & III-V Materials|Fading|79.50|99.10|0|0|1.00|live|2|
2026-05-13|Compound Semiconductor & III-V Materials|Fading|79.30|98.70|0|0|1.00|live|2|
2026-05-14|Compound Semiconductor & III-V Materials|Fading|79.20|98.40|0|0|1.00|live|2|
2026-03-21|Compound Semiconductor & Specialty Photonic Materials|Nascent|79.80||0|0||live|3|
2026-03-23|Compound Semiconductor & Specialty Photonic Materials|Nascent|79.80||0|0||live|3|
2026-03-24|Compound Semiconductor & Specialty Photonic Materials|Nascent|79.80||0|0||live|3|
2026-03-25|Compound Semiconductor & Specialty Photonic Materials|Nascent|78.90||0|0||live|11|
2026-03-26|Compound Semiconductor & Specialty Photonic Materials|Mainstream|78.70||0|0||live|11|
2026-04-02|Compound Semiconductor & Specialty Photonic Materials|Mainstream|79.30|98.60|0|0||live|17|
2026-04-09|Compound Semiconductor & Specialty Photonic Materials|Mainstream|78.70|97.30|0|0||live|25|
2026-04-13|Compound Semiconductor & Specialty Photonic Materials|Accelerating|78.30|96.60|0|0||live|26|
2026-04-17|Compound Semiconductor & Specialty Photonic Materials|Retired|78.30|96.50|1|1||live|15|
2026-06-26|Construction Aggregates & Building Materials|Nascent|30.00|0.00|1|0||live|3|
2026-06-29|Construction Aggregates & Building Materials|Fading|24.00||1|0|0.67|live|3|
2026-06-30|Construction Aggregates & Building Materials|Fading|19.20||1|0|0.50|live|2|
2026-07-01|Construction Aggregates & Building Materials|Fading|15.36||1|0|0.50|live|2|
2026-07-02|Construction Aggregates & Building Materials|Fading|12.29||1|0|0.50|live|2|
2026-07-06|Construction Aggregates & Building Materials|Fading|9.83||1|0|0.50|live|2|
2026-07-07|Construction Aggregates & Building Materials|Retired|0.00||2|0||live|0|
2026-04-07|Consumer Discretionary Home Furnishings Rebound|Nascent|72.80|85.70|0|0||live|2|
2026-04-08|Consumer Discretionary Home Furnishings Rebound|Fading|43.00|86.10|0|0||live|2|
2026-04-09|Consumer Discretionary Home Furnishings Rebound|Fading|14.09||0|0||live|2|
2026-04-10|Consumer Discretionary Home Furnishings Rebound|Fading|5.77||0|0||live|2|
2026-04-13|Consumer Discretionary Home Furnishings Rebound|Fading|4.62||0|0||live|2|
2026-04-14|Consumer Discretionary Home Furnishings Rebound|Fading|3.69||0|0||live|2|
2026-04-15|Consumer Discretionary Home Furnishings Rebound|Accelerating|44.60|89.30|0|0||live|2|
2026-04-16|Consumer Discretionary Home Furnishings Rebound|Accelerating|75.80|91.50|1|1||live|2|
2026-04-17|Consumer Discretionary Home Furnishings Rebound|Accelerating|46.30|92.60|2|2||live|2|
2026-04-20|Consumer Discretionary Home Furnishings Rebound|Accelerating|45.60|91.20|3|3||live|2|
2026-04-21|Consumer Discretionary Home Furnishings Rebound|Fading|36.48||3|0|1.00|live|2|
2026-04-22|Consumer Discretionary Home Furnishings Rebound|Fading|29.18||3|0|1.00|live|2|
2026-04-23|Consumer Discretionary Home Furnishings Rebound|Fading|23.35||3|0|0.50|live|2|
2026-04-24|Consumer Discretionary Home Furnishings Rebound|Fading|18.68||3|0|1.00|live|2|
2026-04-27|Consumer Discretionary Home Furnishings Rebound|Fading|14.94||3|0|0.50|live|2|
2026-05-04|Consumer Discretionary Home Furnishings Rebound|Fading|11.95||3|0|0.00|live|2|
2026-05-05|Consumer Discretionary Home Furnishings Rebound|Fading|9.56||3|0|0.50|live|2|
2026-05-06|Consumer Discretionary Home Furnishings Rebound|Fading|7.65||3|0|0.50|live|2|
2026-05-07|Consumer Discretionary Home Furnishings Rebound|Fading|6.12||3|0|0.50|live|2|
2026-05-08|Consumer Discretionary Home Furnishings Rebound|Fading|4.90||3|0|0.50|live|2|
2026-05-15|Consumer Discretionary Home Furnishings Rebound|Fading|3.92||3|0|0.50|live|2|
2026-05-18|Consumer Discretionary Home Furnishings Rebound|Fading|3.13||3|0|0.50|live|2|
2026-05-19|Consumer Discretionary Home Furnishings Rebound|Fading|2.51||3|0|0.50|live|2|
2026-05-20|Consumer Discretionary Home Furnishings Rebound|Fading|71.00|82.10|3|0|0.50|live|2|
2026-05-21|Consumer Discretionary Home Furnishings Rebound|Accelerating|70.60|81.20|4|1|1.00|live|2|
2026-05-22|Consumer Discretionary Home Furnishings Rebound|Accelerating|72.90|85.80|5|2|1.00|live|2|
2026-05-26|Consumer Discretionary Home Furnishings Rebound|Accelerating|74.60|89.20|6|3|1.00|live|2|
2026-05-27|Consumer Discretionary Home Furnishings Rebound|Accelerating|72.50|85.10|7|4|1.00|live|2|
2026-05-28|Consumer Discretionary Home Furnishings Rebound|Fading|58.00||7|0|1.00|live|2|
2026-05-29|Consumer Discretionary Home Furnishings Rebound|Fading|46.40||7|0|0.50|live|2|
2026-06-01|Consumer Discretionary Home Furnishings Rebound|Fading|37.12||7|0|0.50|live|2|
2026-06-02|Consumer Discretionary Home Furnishings Rebound|Fading|29.70||7|0|0.50|live|2|
2026-06-03|Consumer Discretionary Home Furnishings Rebound|Fading|23.76||7|0|0.50|live|2|
2026-06-04|Consumer Discretionary Home Furnishings Rebound|Retired|0.00||8|0||live|0|
2026-06-05|Consumer Discretionary Home Furnishings Rebound|Fading|6.23||8|0|0.50|live|2|
2026-06-08|Consumer Discretionary Home Furnishings Rebound|Fading|4.98||8|0|0.50|live|2|
2026-06-09|Consumer Discretionary Home Furnishings Rebound|Fading|3.99||8|0|0.50|live|2|
2026-06-10|Consumer Discretionary Home Furnishings Rebound|Fading|73.00|86.00|8|0|1.00|live|2|
2026-06-11|Consumer Discretionary Home Furnishings Rebound|Fading|58.40||8|0|0.50|live|2|
2026-06-12|Consumer Discretionary Home Furnishings Rebound|Retired|0.00||9|0||live|0|
2026-07-01|Consumer Fintech & Digital Credit Platforms|Nascent|79.50|98.90|1|0||live|2|
2026-07-02|Consumer Fintech & Digital Credit Platforms|Nascent|79.60|99.20|2|0|1.00|live|2|
2026-07-06|Consumer Fintech & Digital Credit Platforms|Nascent|79.20|98.50|3|0|1.00|live|2|
2026-07-07|Consumer Fintech & Digital Credit Platforms|Nascent|79.20|98.40|4|0|1.00|live|2|
2026-07-08|Consumer Fintech & Digital Credit Platforms|Nascent|79.10|98.20|5|0|1.00|live|2|
2026-07-09|Consumer Fintech & Digital Credit Platforms|Nascent|78.20|96.50|6|0|1.00|live|2|
2026-07-10|Consumer Fintech & Digital Credit Platforms|Nascent|78.80|97.50|7|0|1.00|live|2|
2026-07-13|Consumer Fintech & Digital Credit Platforms|Mainstream|76.80|93.60|8|0|0.50|live|2|
2026-07-14|Consumer Fintech & Digital Credit Platforms|Mainstream|79.50|99.00|9|0|1.00|live|2|
2026-07-15|Consumer Fintech & Digital Credit Platforms|Mainstream|79.60|99.20|10|0|1.00|live|2|
2026-07-16|Consumer Fintech & Digital Credit Platforms|Mainstream|79.20|98.50|11|0|1.00|live|2|
2026-07-17|Consumer Fintech & Digital Credit Platforms|Mainstream|78.20|96.50|12|0|1.00|live|2|
2026-07-20|Consumer Fintech & Digital Credit Platforms|Mainstream|77.90|95.80|13|0|0.50|live|2|
2026-07-21|Consumer Fintech & Digital Credit Platforms|Mainstream|78.90|97.80|14|0|1.00|live|2|
2026-07-22|Consumer Fintech & Digital Credit Platforms|Mainstream|77.60|95.20|15|0|0.50|live|2|
2026-07-23|Consumer Fintech & Digital Credit Platforms|Mainstream|71.90|83.80|16|0|0.50|live|2|
2026-07-24|Consumer Fintech & Digital Credit Platforms|Mainstream|71.40|82.80|17|0|0.50|live|2|
2026-07-27|Consumer Fintech & Digital Credit Platforms|Mainstream|71.70|83.30|18|0|0.50|live|2|
2026-07-28|Consumer Fintech & Digital Credit Platforms|Mainstream|71.50|83.10|19|0|0.00|live|2|
2026-07-29|Consumer Fintech & Digital Credit Platforms|Fading|57.20||19|0|0.00|live|2|
2026-07-30|Consumer Fintech & Digital Credit Platforms|Fading|45.76||19|0|0.00|live|2|
2026-07-31|Consumer Fintech & Digital Credit Platforms|Fading|36.61||19|0|0.00|live|2|
2026-08-03|Consumer Fintech & Digital Credit Platforms|Fading|75.00|90.00|19|0|0.00|live|2|
2026-07-28|Consumer Staples Packaged Food & Snack Brand Recovery|Nascent|90.33|90.33|1|0||shadow_promoted|3|
2026-07-29|Consumer Staples Packaged Food & Snack Brand Recovery|Nascent|72.90|85.80|2|0|1.00|live|2|
2026-07-30|Consumer Staples Packaged Food & Snack Brand Recovery|Fading|72.60|85.20|2|0|1.00|live|2|
2026-07-31|Consumer Staples Packaged Food & Snack Brand Recovery|Fading|58.08||2|0|1.00|live|2|
2026-08-03|Consumer Staples Packaged Food & Snack Brand Recovery|Fading|46.46||2|0|1.00|live|2|
2026-07-22|Containerboard & Corrugated Packaging Producers|Nascent|30.00|0.00|1|0||live|3|
2026-07-23|Containerboard & Corrugated Packaging Producers|Nascent|61.00|62.00|2|0|0.67|live|3|
2026-07-24|Containerboard & Corrugated Packaging Producers|Accelerating|77.80|95.50|3|1|1.00|live|3|
2026-07-27|Containerboard & Corrugated Packaging Producers|Accelerating|77.60|95.20|4|2|1.00|live|3|
2026-07-28|Containerboard & Corrugated Packaging Producers|Accelerating|77.60|95.20|5|3|1.00|live|3|
2026-07-29|Containerboard & Corrugated Packaging Producers|Accelerating|75.70|91.40|6|4|1.00|live|3|
2026-07-30|Containerboard & Corrugated Packaging Producers|Mainstream|75.50|91.00|7|0|1.00|live|3|
2026-07-31|Containerboard & Corrugated Packaging Producers|Mainstream|71.70|83.30|8|0|1.00|live|3|
2026-08-03|Containerboard & Corrugated Packaging Producers|Mainstream|73.50|87.00|9|0|1.00|live|3|
2026-07-21|Copper Mining & Production|Nascent|71.20|82.50|1|0||live|5|
2026-07-22|Copper Mining & Production|Nascent|70.30|80.70|2|0|1.00|live|5|
2026-07-23|Copper Mining & Production|Nascent|69.40|78.80|3|0|1.00|live|5|
2026-07-24|Copper Mining & Production|Nascent|62.90|65.80|4|0|0.80|live|5|
2026-07-27|Copper Mining & Production|Nascent|61.70|63.40|5|0|1.00|live|5|
2026-07-28|Copper Mining & Production|Fading|49.36||5|0|0.50|live|4|
2026-07-29|Copper Mining & Production|Fading|39.49||5|0|0.25|live|4|
2026-07-30|Copper Mining & Production|Mainstream|57.80|55.60|6|0|0.75|live|4|
2026-07-31|Copper Mining & Production|Fading|46.24||6|0|1.00|live|3|
2026-08-03|Copper Mining & Production|Fading|59.40|58.80|6|0|1.00|live|3|
2026-07-09|Corporate Spend, Expense Management & Financial Operations Software|Nascent|78.37|78.37|1|0||shadow_promoted|3|
2026-07-10|Corporate Spend, Expense Management & Financial Operations Software|Nascent|73.50|87.10|2|0|1.00|live|3|
2026-07-13|Corporate Spend, Expense Management & Financial Operations Software|Nascent|74.60|89.20|3|0|1.00|live|3|
2026-07-14|Corporate Spend, Expense Management & Financial Operations Software|Nascent|74.00|88.00|4|0|1.00|live|3|
2026-07-15|Corporate Spend, Expense Management & Financial Operations Software|Nascent|75.30|90.50|5|0|1.00|live|3|
2026-07-16|Corporate Spend, Expense Management & Financial Operations Software|Mainstream|75.80|91.70|6|0|1.00|live|3|
2026-07-17|Corporate Spend, Expense Management & Financial Operations Software|Mainstream|75.60|91.20|7|0|1.00|live|3|
2026-07-20|Corporate Spend, Expense Management & Financial Operations Software|Mainstream|77.80|95.50|8|0|1.00|live|3|
2026-07-21|Corporate Spend, Expense Management & Financial Operations Software|Mainstream|76.50|93.00|9|0|1.00|live|3|
2026-07-22|Corporate Spend, Expense Management & Financial Operations Software|Mainstream|69.70|79.30|10|0|0.67|live|3|
2026-07-23|Corporate Spend, Expense Management & Financial Operations Software|Mainstream|69.20|78.30|11|0|0.67|live|3|
2026-07-24|Corporate Spend, Expense Management & Financial Operations Software|Mainstream|73.70|87.30|12|0|0.67|live|3|
2026-07-27|Corporate Spend, Expense Management & Financial Operations Software|Mainstream|75.20|90.40|13|0|1.00|live|3|
2026-07-28|Corporate Spend, Expense Management & Financial Operations Software|Mainstream|76.50|93.00|14|0|1.00|live|3|
2026-07-29|Corporate Spend, Expense Management & Financial Operations Software|Mainstream|77.80|95.60|15|0|1.00|live|3|
2026-07-30|Corporate Spend, Expense Management & Financial Operations Software|Mainstream|77.20|94.40|16|0|1.00|live|3|
2026-07-31|Corporate Spend, Expense Management & Financial Operations Software|Mainstream|76.80|93.60|17|0|1.00|live|3|
2026-08-03|Corporate Spend, Expense Management & Financial Operations Software|Mainstream|76.20|92.40|18|0|1.00|live|3|
2026-07-20|Cross-Border & International Payments Processing|Nascent|76.00|91.90|1|0||live|2|
2026-07-21|Cross-Border & International Payments Processing|Nascent|72.00|83.90|2|0|1.00|live|2|
2026-07-22|Cross-Border & International Payments Processing|Nascent|70.60|81.20|3|0|1.00|live|2|
2026-07-23|Cross-Border & International Payments Processing|Fading|56.48||3|0|1.00|live|2|
2026-07-24|Cross-Border & International Payments Processing|Fading|45.18||3|0|1.00|live|2|
2026-07-27|Cross-Border & International Payments Processing|Mainstream|71.10|82.20|4|0|1.00|live|2|
2026-07-28|Cross-Border & International Payments Processing|Accelerating|74.50|89.10|5|1|1.00|live|2|
2026-07-29|Cross-Border & International Payments Processing|Accelerating|75.80|91.70|6|2|1.00|live|2|
2026-07-30|Cross-Border & International Payments Processing|Fading|60.64||6|0|0.50|live|2|
2026-07-31|Cross-Border & International Payments Processing|Retired|0.00||7|0||live|0|
2026-03-21|Crude Oil Price Momentum ETFs & Pure-Play E&P|Nascent|79.80||0|0||live|11|
2026-03-23|Crude Oil Price Momentum ETFs & Pure-Play E&P|Nascent|79.60||0|0||live|11|
2026-03-24|Crude Oil Price Momentum ETFs & Pure-Play E&P|Nascent|79.60||0|0||live|39|
2026-03-25|Crude Oil Price Momentum ETFs & Pure-Play E&P|Nascent|78.80||0|0||live|39|
2026-03-30|Crude Oil Price Momentum ETFs & Pure-Play E&P|Nascent|79.20||0|0||live|39|
2026-03-31|Crude Oil Price Momentum ETFs & Pure-Play E&P|Retired|79.00||0|0||live|47|
2026-07-14|Crude & Product Tanker Operators|Nascent|21.90|21.90|1|0||shadow_promoted|6|
2026-07-15|Crude & Product Tanker Operators|Fading|17.52||1|0|1.00|live|2|
2026-07-16|Crude & Product Tanker Operators|Fading|14.02||1|0|1.00|live|2|
2026-07-17|Crude & Product Tanker Operators|Fading|11.21||1|0|1.00|live|2|
2026-07-20|Crude & Product Tanker Operators|Retired|0.00||2|0||live|0|Global Crude & Product Tanker Fleet Operators
2026-06-22|Crude & Product Tanker Shipping|Nascent|73.50|87.10|1|0||live|6|
2026-06-23|Crude & Product Tanker Shipping|Nascent|75.10|90.20|2|0|1.00|live|5|
2026-06-24|Crude & Product Tanker Shipping|Nascent|71.50|83.00|3|0|0.80|live|5|
2026-06-25|Crude & Product Tanker Shipping|Nascent|70.50|80.90|4|0|0.40|live|5|
2026-06-26|Crude & Product Tanker Shipping|Fading|56.40||4|0|1.00|live|6|
2026-06-29|Crude & Product Tanker Shipping|Fading|45.12||4|0|0.50|live|2|
2026-06-30|Crude & Product Tanker Shipping|Fading|36.10||4|0|0.00|live|2|
2026-07-01|Crude & Product Tanker Shipping|Retired|0.00||5|0||live|0|
2026-07-27|Cruise Line & Ocean Travel Recovery|Nascent|84.20|84.20|1|0||shadow_promoted|3|
2026-07-28|Cruise Line & Ocean Travel Recovery|Nascent|77.40|94.80|2|0|1.00|live|3|
2026-07-29|Cruise Line & Ocean Travel Recovery|Nascent|71.10|82.20|3|0|1.00|live|2|
2026-07-30|Cruise Line & Ocean Travel Recovery|Fading|56.88||3|0|0.50|live|2|
2026-07-31|Cruise Line & Ocean Travel Recovery|Fading|45.50||3|0|0.50|live|2|
2026-08-03|Cruise Line & Ocean Travel Recovery|Fading|36.40||3|0|1.00|live|2|
2026-03-19|Crypto Asset Recovery|Fading|0.00||0|0||live|8|
2026-03-20|Crypto Asset Recovery|Fading|0.00||0|0||live|8|
2026-03-21|Crypto Asset Recovery|Fading|0.00||0|0||live|8|
2026-03-23|Crypto Asset Recovery|Fading|0.00||0|0||live|4|
2026-03-24|Crypto Asset Recovery|Fading|0.00||0|0||live|4|
2026-03-30|Crypto Asset Recovery|Fading|0.00||0|0||live|2|
2026-03-31|Crypto Asset Recovery|Fading|0.00||0|0||live|2|
2026-04-01|Crypto Asset Recovery|Fading|0.00||0|0||live|2|
2026-04-06|Crypto Asset Recovery|Fading|0.00||0|0||live|2|
2026-04-07|Crypto Asset Recovery|Fading|0.00||0|0||live|2|
2026-04-13|Crypto Asset Recovery|Fading|0.00||0|0||live|3|
2026-04-14|Crypto Asset Recovery|Accelerating|78.00|96.00|0|0||live|2|
2026-04-15|Crypto Asset Recovery|Accelerating|77.20|94.40|0|0||live|2|
2026-04-16|Crypto Asset Recovery|Accelerating|76.80|93.60|1|1||live|2|
2026-04-17|Crypto Asset Recovery|Accelerating|47.90|95.80|2|2||live|2|
2026-04-20|Crypto Asset Recovery|Accelerating|48.30|96.60|3|3||live|2|
2026-04-21|Crypto Asset Recovery|Mainstream|78.20|96.50|4|0|1.00|live|2|
2026-04-22|Crypto Asset Recovery|Accelerating|78.40|96.80|5|1|1.00|live|2|
2026-04-23|Crypto Asset Recovery|Accelerating|78.00|96.10|6|2|1.00|live|2|
2026-04-24|Crypto Asset Recovery|Accelerating|77.90|95.80|7|3|1.00|live|2|
2026-04-27|Crypto Asset Recovery|Accelerating|77.50|94.90|8|4|1.00|live|2|
2026-04-28|Crypto Asset Recovery|Mainstream|74.50|89.00|9|0|1.00|live|2|
2026-04-29|Crypto Asset Recovery|Fading|59.60||9|0|0.50|live|2|
2026-04-30|Crypto Asset Recovery|Mainstream|71.50|82.90|10|0|1.00|live|2|
2026-05-01|Crypto Asset Recovery|Mainstream|75.90|91.80|11|0|1.00|live|2|
2026-05-04|Crypto Asset Recovery|Mainstream|75.20|90.40|12|0|1.00|live|2|
2026-05-05|Crypto Asset Recovery|Mainstream|76.50|93.10|13|0|1.00|live|2|
2026-05-06|Crypto Asset Recovery|Accelerating|79.00|98.00|14|1|1.00|live|2|
2026-05-07|Crypto Asset Recovery|Mainstream|79.30|98.70|15|0|1.00|live|2|
2026-05-08|Crypto Asset Recovery|Mainstream|79.00|97.90|16|0|1.00|live|2|
2026-05-11|Crypto Asset Recovery|Mainstream|79.00|98.00|17|0|1.00|live|2|
2026-05-12|Crypto Asset Recovery|Mainstream|79.20|98.40|18|0|1.00|live|2|
2026-05-13|Crypto Asset Recovery|Mainstream|79.00|97.90|19|0|1.00|live|2|
2026-05-14|Crypto Asset Recovery|Mainstream|79.00|97.90|20|0|1.00|live|2|
2026-05-15|Crypto Asset Recovery|Mainstream|78.90|97.80|21|0|1.00|live|2|
2026-05-18|Crypto Asset Recovery|Mainstream|78.70|97.50|22|0|1.00|live|2|
2026-05-19|Crypto Asset Recovery|Mainstream|78.60|97.20|23|0|1.00|live|2|
2026-05-20|Crypto Asset Recovery|Mainstream|78.90|97.80|24|0|1.00|live|2|
2026-05-21|Crypto Asset Recovery|Mainstream|79.10|98.20|25|0|1.00|live|2|
2026-05-22|Crypto Asset Recovery|Mainstream|78.50|97.10|26|0|1.00|live|2|
2026-05-26|Crypto Asset Recovery|Mainstream|78.80|97.60|27|0|1.00|live|2|
2026-05-27|Crypto Asset Recovery|Mainstream|77.80|95.50|28|0|1.00|live|2|
2026-05-28|Crypto Asset Recovery|Mainstream|78.50|97.00|29|0|1.00|live|2|
2026-05-29|Crypto Asset Recovery|Mainstream|78.70|97.30|30|0|1.00|live|2|
2026-06-01|Crypto Asset Recovery|Mainstream|78.70|97.30|31|0|1.00|live|2|
2026-06-02|Crypto Asset Recovery|Mainstream|78.10|96.20|32|0|1.00|live|2|
2026-06-03|Crypto Asset Recovery|Mainstream|78.30|96.60|33|0|1.00|live|2|
2026-06-04|Crypto Asset Recovery|Mainstream|78.20|96.30|34|0|1.00|live|2|
2026-06-05|Crypto Asset Recovery|Mainstream|77.00|94.00|35|0|0.50|live|2|
2026-06-08|Crypto Asset Recovery|Mainstream|78.50|97.00|36|0|1.00|live|3|
2026-06-09|Crypto Asset Recovery|Mainstream|78.80|97.70|37|0|0.33|live|3|
2026-06-10|Crypto Asset Recovery|Fading|77.40|94.80|37|0|0.00|live|3|
2026-06-11|Crypto Asset Recovery|Mainstream|77.50|95.00|38|0|1.00|live|3|
2026-06-12|Crypto Asset Recovery|Mainstream|78.10|96.20|39|0|1.00|live|3|
2026-06-15|Crypto Asset Recovery|Mainstream|78.50|96.90|40|0|1.00|live|3|
2026-06-16|Crypto Asset Recovery|Mainstream|77.70|95.30|41|0|1.00|live|3|
2026-06-17|Crypto Asset Recovery|Mainstream|75.00|90.00|42|0|1.00|live|3|
2026-06-18|Crypto Asset Recovery|Mainstream|75.30|90.60|43|0|1.00|live|3|
2026-06-22|Crypto Asset Recovery|Mainstream|74.90|89.80|44|0|1.00|live|3|
2026-06-23|Crypto Asset Recovery|Mainstream|76.90|93.80|45|0|0.67|live|3|
2026-06-24|Crypto Asset Recovery|Mainstream|71.60|83.20|46|0|0.67|live|3|
2026-06-25|Crypto Asset Recovery|Mainstream|70.50|80.90|47|0|0.33|live|3|
2026-06-26|Crypto Asset Recovery|Mainstream|76.40|92.80|48|0|0.67|live|3|
2026-06-29|Crypto Asset Recovery|Mainstream|71.50|83.00|49|0|0.33|live|3|
2026-06-30|Crypto Asset Recovery|Fading|72.60|85.20|49|0|0.33|live|3|
2026-07-01|Crypto Asset Recovery|Fading|66.90|73.80|49|0|0.00|live|3|
2026-07-02|Crypto Asset Recovery|Fading|53.52||49|0|0.00|live|3|
2026-07-06|Crypto Asset Recovery|Fading|42.82||49|0|0.00|live|3|
2026-07-07|Crypto Asset Recovery|Fading|34.25||49|0|0.00|live|2|
2026-07-08|Crypto Asset Recovery|Retired|0.00||50|0||live|0|
2026-03-19|Crypto Recovery|Fading|0.00||0|0||live|1|
2026-03-20|Crypto Recovery|Fading|0.00||0|0||live|1|
2026-03-21|Crypto Recovery|Fading|0.00||0|0||live|1|
2026-03-31|Crypto Recovery|Retired|0.00||0|0||live|1|
2026-03-20|Custom AI Silicon & Chip Architecture Licensing|Fading|56.16||0|0||live|2|
2026-03-23|Custom AI Silicon & Chip Architecture Licensing|Fading|44.93||0|0||live|2|
2026-03-26|Custom AI Silicon & Chip Architecture Licensing|Fading|28.75||0|0||live|2|
2026-03-30|Custom AI Silicon & Chip Architecture Licensing|Fading|23.00||0|0||live|2|
2026-04-16|Custom AI Silicon & Chip Architecture Licensing|Accelerating|74.70|89.40|1|1||live|2|
2026-04-17|Custom AI Silicon & Chip Architecture Licensing|Accelerating|77.20|94.30|2|2||live|2|
2026-04-21|Custom AI Silicon & Chip Architecture Licensing|Accelerating|78.10|96.20|3|3|1.00|live|2|
2026-04-27|Custom AI Silicon & Chip Architecture Licensing|Accelerating|79.50|99.10|4|4|1.00|live|2|
2026-04-28|Custom AI Silicon & Chip Architecture Licensing|Accelerating|79.50|99.00|5|5|1.00|live|2|
2026-04-29|Custom AI Silicon & Chip Architecture Licensing|Accelerating|79.50|99.10|6|6|1.00|live|3|
2026-04-30|Custom AI Silicon & Chip Architecture Licensing|Accelerating|79.50|99.10|7|7|1.00|live|3|
2026-05-01|Custom AI Silicon & Chip Architecture Licensing|Accelerating|79.40|98.80|8|8|1.00|live|3|
2026-05-04|Custom AI Silicon & Chip Architecture Licensing|Mainstream|79.10|98.20|9|0|1.00|live|3|
2026-05-05|Custom AI Silicon & Chip Architecture Licensing|Mainstream|79.00|98.00|10|0|1.00|live|3|
2026-05-06|Custom AI Silicon & Chip Architecture Licensing|Mainstream|79.50|98.90|11|0|1.00|live|3|
2026-05-07|Custom AI Silicon & Chip Architecture Licensing|Mainstream|79.30|98.70|12|0|1.00|live|3|
2026-05-08|Custom AI Silicon & Chip Architecture Licensing|Mainstream|79.20|98.50|13|0|1.00|live|3|
2026-05-11|Custom AI Silicon & Chip Architecture Licensing|Mainstream|79.10|98.20|14|0|1.00|live|3|
2026-05-13|Custom AI Silicon & Chip Architecture Licensing|Mainstream|78.80|97.70|15|0|1.00|live|3|
2026-05-14|Custom AI Silicon & Chip Architecture Licensing|Mainstream|78.60|97.20|16|0|1.00|live|5|
2026-05-15|Custom AI Silicon & Chip Architecture Licensing|Mainstream|78.80|97.50|17|0|1.00|live|6|
2026-05-18|Custom AI Silicon & Chip Architecture Licensing|Mainstream|79.30|98.70|18|0|1.00|live|6|
2026-05-19|Custom AI Silicon & Chip Architecture Licensing|Mainstream|79.50|98.90|19|0|1.00|live|7|
2026-05-20|Custom AI Silicon & Chip Architecture Licensing|Mainstream|79.50|99.00|20|0|1.00|live|8|
2026-05-21|Custom AI Silicon & Chip Architecture Licensing|Mainstream|79.40|98.90|21|0|1.00|live|8|
2026-05-22|Custom AI Silicon & Chip Architecture Licensing|Mainstream|79.40|98.70|22|0|1.00|live|8|
2026-05-26|Custom AI Silicon & Chip Architecture Licensing|Mainstream|79.40|98.80|23|0|1.00|live|8|
2026-05-27|Custom AI Silicon & Chip Architecture Licensing|Mainstream|79.10|98.20|24|0|1.00|live|8|
2026-05-28|Custom AI Silicon & Chip Architecture Licensing|Mainstream|79.30|98.60|25|0|1.00|live|8|
2026-05-29|Custom AI Silicon & Chip Architecture Licensing|Mainstream|78.90|97.80|26|0|0.88|live|8|
2026-06-01|Custom AI Silicon & Chip Architecture Licensing|Mainstream|79.00|98.00|27|0|0.88|live|8|
2026-06-02|Custom AI Silicon & Chip Architecture Licensing|Mainstream|79.30|98.60|28|0|0.88|live|8|
2026-06-03|Custom AI Silicon & Chip Architecture Licensing|Mainstream|79.20|98.40|29|0|0.88|live|8|
2026-06-04|Custom AI Silicon & Chip Architecture Licensing|Mainstream|79.40|98.80|30|0|0.88|live|8|
2026-06-05|Custom AI Silicon & Chip Architecture Licensing|Mainstream|79.00|97.90|31|0|0.56|live|9|
2026-06-08|Custom AI Silicon & Chip Architecture Licensing|Mainstream|79.40|98.80|32|0|0.67|live|9|
2026-06-09|Custom AI Silicon & Chip Architecture Licensing|Mainstream|79.20|98.30|33|0|0.56|live|9|
2026-06-10|Custom AI Silicon & Chip Architecture Licensing|Mainstream|77.10|94.30|34|0|0.33|live|9|
2026-06-11|Custom AI Silicon & Chip Architecture Licensing|Mainstream|78.80|97.70|35|0|1.00|live|9|
2026-06-12|Custom AI Silicon & Chip Architecture Licensing|Mainstream|79.10|98.20|36|0|1.00|live|9|
2026-06-15|Custom AI Silicon & Chip Architecture Licensing|Mainstream|79.30|98.70|37|0|1.00|live|9|
2026-06-16|Custom AI Silicon & Chip Architecture Licensing|Mainstream|78.80|97.50|38|0|1.00|live|9|
2026-06-17|Custom AI Silicon & Chip Architecture Licensing|Mainstream|79.30|98.50|39|0|1.00|live|9|
2026-06-18|Custom AI Silicon & Chip Architecture Licensing|Mainstream|79.50|99.10|40|0|1.00|live|9|
2026-06-22|Custom AI Silicon & Chip Architecture Licensing|Mainstream|79.40|98.80|41|0|1.00|live|9|
2026-06-23|Custom AI Silicon & Chip Architecture Licensing|Mainstream|76.60|93.10|42|0|0.88|live|9|
2026-06-24|Custom AI Silicon & Chip Architecture Licensing|Mainstream|75.30|90.60|43|0|0.75|live|9|
2026-06-25|Custom AI Silicon & Chip Architecture Licensing|Mainstream|75.90|91.80|44|0|0.75|live|9|
2026-06-26|Custom AI Silicon & Chip Architecture Licensing|Mainstream|76.80|93.60|45|0|0.50|live|10|
2026-06-29|Custom AI Silicon & Chip Architecture Licensing|Mainstream|76.80|93.50|46|0|0.56|live|10|
2026-06-30|Custom AI Silicon & Chip Architecture Licensing|Mainstream|78.80|97.60|47|0|0.89|live|10|
2026-07-01|Custom AI Silicon & Chip Architecture Licensing|Mainstream|77.90|95.80|48|0|0.67|live|10|
2026-07-02|Custom AI Silicon & Chip Architecture Licensing|Mainstream|71.00|82.10|49|0|0.33|live|10|
2026-07-06|Custom AI Silicon & Chip Architecture Licensing|Mainstream|70.80|81.50|50|0|0.43|live|8|
2026-07-07|Custom AI Silicon & Chip Architecture Licensing|Mainstream|69.90|79.80|51|0|0.00|live|8|
2026-07-08|Custom AI Silicon & Chip Architecture Licensing|Mainstream|72.20|84.50|52|0|0.17|live|7|
2026-07-09|Custom AI Silicon & Chip Architecture Licensing|Mainstream|71.00|82.00|53|0|0.67|live|7|
2026-07-10|Custom AI Silicon & Chip Architecture Licensing|Nascent|66.50|72.90|54|0|0.33|live|7|
2026-07-13|Custom AI Silicon & Chip Architecture Licensing|Fading|62.20|64.50|54|0|0.00|live|7|
2026-07-14|Custom AI Silicon & Chip Architecture Licensing|Mainstream|64.40|68.90|55|0|0.00|live|7|
2026-07-15|Custom AI Silicon & Chip Architecture Licensing|Mainstream|63.10|66.20|56|0|0.00|live|7|
2026-07-16|Custom AI Silicon & Chip Architecture Licensing|Mainstream|59.50|58.90|57|0|0.00|live|7|
2026-07-17|Custom AI Silicon & Chip Architecture Licensing|Mainstream|61.20|62.50|58|0|0.00|live|6|
2026-07-20|Custom AI Silicon & Chip Architecture Licensing|Mainstream|62.90|65.70|59|0|0.00|live|6|
2026-07-21|Custom AI Silicon & Chip Architecture Licensing|Mainstream|60.70|61.40|60|0|0.00|live|6|
2026-07-22|Custom AI Silicon & Chip Architecture Licensing|Mainstream|60.00|60.10|61|0|0.00|live|6|
2026-07-23|Custom AI Silicon & Chip Architecture Licensing|Mainstream|62.80|65.60|62|0|0.00|live|6|
2026-07-24|Custom AI Silicon & Chip Architecture Licensing|Fading|50.24||62|0|0.00|live|6|
2026-07-27|Custom AI Silicon & Chip Architecture Licensing|Fading|40.19||62|0|0.00|live|6|
2026-07-28|Custom AI Silicon & Chip Architecture Licensing|Fading|32.15||62|0|0.00|live|3|
2026-07-29|Custom AI Silicon & Chip Architecture Licensing|Fading|25.72||62|0|0.00|live|2|
2026-07-30|Custom AI Silicon & Chip Architecture Licensing|Fading|20.58||62|0|0.00|live|2|
2026-07-31|Custom AI Silicon & Chip Architecture Licensing|Retired|0.00||63|0||live|0|
2026-07-17|Cyber Exposure Management & Vulnerability Assessment|Nascent|79.80|99.70|1|0||live|3|Network Security & Zero-Trust Edge
2026-07-20|Cyber Exposure Management & Vulnerability Assessment|Nascent|79.80|99.50|2|0|1.00|live|3|
2026-07-21|Cyber Exposure Management & Vulnerability Assessment|Nascent|78.40|96.80|3|0|0.33|live|3|
2026-07-22|Cyber Exposure Management & Vulnerability Assessment|Fading|75.30|90.70|3|0|0.00|live|3|
2026-07-23|Cyber Exposure Management & Vulnerability Assessment|Fading|70.20|80.50|3|0|0.00|live|3|
2026-07-24|Cyber Exposure Management & Vulnerability Assessment|Fading|71.10|82.20|3|0|0.00|live|3|
2026-07-27|Cyber Exposure Management & Vulnerability Assessment|Fading|62.90|65.80|3|0|0.00|live|3|
2026-07-28|Cyber Exposure Management & Vulnerability Assessment|Fading|61.90|63.80|3|0|0.00|live|3|
2026-07-29|Cyber Exposure Management & Vulnerability Assessment|Fading|63.00|66.00|3|0|0.00|live|3|
2026-07-30|Cyber Exposure Management & Vulnerability Assessment|Nascent|63.00|66.10|4|0|0.00|live|3|
2026-07-31|Cyber Exposure Management & Vulnerability Assessment|Mainstream|64.00|68.00|5|0|0.00|live|3|
2026-08-03|Cyber Exposure Management & Vulnerability Assessment|Mainstream|68.00|76.00|6|0|0.33|live|3|
2026-03-20|Cybersecurity Network Edge & SD-WAN|Fading|32.16||0|0||live|2|
2026-03-26|Cybersecurity Network Edge & SD-WAN|Fading|20.58||0|0||live|2|
2026-03-30|Cybersecurity Network Edge & SD-WAN|Fading|16.47||0|0||live|2|
2026-03-31|Cybersecurity Network Edge & SD-WAN|Fading|13.17||0|0||live|2|
2026-04-02|Cybersecurity Network Edge & SD-WAN|Fading|10.54||0|0||live|2|
2026-04-08|Cybersecurity Network Edge & SD-WAN|Fading|8.43||0|0||live|2|
2026-04-13|Cybersecurity Network Edge & SD-WAN|Fading|6.74||0|0||live|2|
2026-04-15|Cybersecurity Network Edge & SD-WAN|Fading|5.40||0|0||live|2|
2026-04-16|Cybersecurity Network Edge & SD-WAN|Fading|4.32||0|0||live|2|
2026-04-17|Cybersecurity Network Edge & SD-WAN|Fading|3.45||0|0||live|2|
2026-04-20|Cybersecurity Network Edge & SD-WAN|Fading|2.76||0|0||live|2|
2026-04-27|Cybersecurity Network Edge & SD-WAN|Fading|2.21||0|0|1.00|live|2|
2026-04-28|Cybersecurity Network Edge & SD-WAN|Fading|1.77||0|0|1.00|live|2|
2026-04-29|Cybersecurity Network Edge & SD-WAN|Fading|1.41||0|0|1.00|live|2|
2026-04-30|Cybersecurity Network Edge & SD-WAN|Fading|1.13||0|0|1.00|live|2|
2026-05-12|Cybersecurity Network Edge & SD-WAN|Mainstream|78.20|96.30|1|0|1.00|live|2|
2026-05-13|Cybersecurity Network Edge & SD-WAN|Mainstream|78.10|96.20|2|0|1.00|live|2|
2026-05-14|Cybersecurity Network Edge & SD-WAN|Mainstream|78.50|96.90|3|0|1.00|live|2|
2026-05-22|Cybersecurity Network Edge & SD-WAN|Retired|0.00||0|0||live|0|Network Security & Zero-Trust Edge
2026-05-26|Cybersecurity Network Edge & SD-WAN|Mainstream|79.10|98.20|1|0|1.00|live|2|
2026-05-27|Cybersecurity Network Edge & SD-WAN|Retired|0.00||2|0||live|0|Network Security & Zero-Trust Edge
2026-05-28|Cybersecurity Network Edge & SD-WAN|Retired|0.00||3|0||live|0|Network Security & Zero-Trust Edge
2026-05-29|Cybersecurity Network Edge & SD-WAN|Retired|0.00||4|0||live|0|Network Security & Zero-Trust Edge
2026-06-01|Cybersecurity Network Edge & SD-WAN|Retired|0.00||5|0||live|0|Network Security & Zero-Trust Edge
2026-06-02|Cybersecurity Network Edge & SD-WAN|Mainstream|79.10|98.20|6|0|1.00|live|2|
2026-06-03|Cybersecurity Network Edge & SD-WAN|Accelerating|78.90|97.80|7|1|1.00|live|2|
2026-06-04|Cybersecurity Network Edge & SD-WAN|Accelerating|78.90|97.80|8|2|1.00|live|2|
2026-06-05|Cybersecurity Network Edge & SD-WAN|Accelerating|78.90|97.80|9|3|1.00|live|2|
2026-06-08|Cybersecurity Network Edge & SD-WAN|Retired|0.00||10|0||live|0|Network Security & Zero-Trust Edge
2026-06-09|Cybersecurity Network Edge & SD-WAN|Retired|0.00||11|0||live|0|Network Security & Zero-Trust Edge
2026-06-28|Defense Drones & Unmanned Aerial Systems|Nascent|12.30|12.30|1|0||shadow_promoted|5|
2026-06-29|Defense Drones & Unmanned Aerial Systems|Fading|9.84||1|0|0.00|live|2|
2026-06-30|Defense Drones & Unmanned Aerial Systems|Fading|7.87||1|0|0.00|live|2|
2026-07-01|Defense Drones & Unmanned Aerial Systems|Fading|6.30||1|0|0.00|live|2|
2026-07-02|Defense Drones & Unmanned Aerial Systems|Fading|5.04||1|0|0.00|live|2|
2026-07-06|Defense Drones & Unmanned Aerial Systems|Fading|4.03||1|0|0.00|live|2|
2026-07-07|Defense Drones & Unmanned Aerial Systems|Retired|0.00||2|0||live|0|
2026-08-03|Defense Electronics & Aerospace Subsystem Suppliers|Nascent|77.90|77.90|1|0||shadow_promoted|4|
2026-03-23|Defense Electronics & Avionics Mission Systems|Nascent|31.30||0|0||live|2|
2026-03-24|Defense Electronics & Avionics Mission Systems|Fading|10.26||0|0||live|2|
2026-03-25|Defense Electronics & Avionics Mission Systems|Fading|6.56||0|0||live|2|
2026-03-26|Defense Electronics & Avionics Mission Systems|Fading|4.20||0|0||live|2|
2026-03-27|Defense Electronics & Avionics Mission Systems|Fading|3.36||0|0||live|2|
2026-03-30|Defense Electronics & Avionics Mission Systems|Fading|2.69||0|0||live|2|
2026-04-06|Defense Electronics & Avionics Mission Systems|Fading|2.15||0|0||live|2|
2026-04-07|Defense Electronics & Avionics Mission Systems|Fading|0.45||0|0||live|2|
2026-04-08|Defense Electronics & Avionics Mission Systems|Fading|0.36||0|0||live|2|
2026-04-09|Defense Electronics & Avionics Mission Systems|Fading|0.29||0|0||live|2|
2026-04-13|Defense Electronics & Avionics Mission Systems|Fading|0.23||0|0||live|2|
2026-04-17|Defense Electronics & Avionics Mission Systems|Fading|0.18||0|0||live|2|
2026-04-20|Defense Electronics & Avionics Mission Systems|Fading|0.15||0|0||live|2|
2026-04-21|Defense Electronics & Avionics Mission Systems|Fading|0.12||0|0|0.00|live|2|
2026-04-22|Defense Electronics & Avionics Mission Systems|Fading|0.09||0|0|0.00|live|2|
2026-04-24|Defense Electronics & Avionics Mission Systems|Fading|0.08||0|0|0.00|live|2|
2026-04-28|Defense Electronics & Avionics Mission Systems|Fading|0.06||0|0|0.00|live|2|
2026-05-01|Defense Electronics & Avionics Mission Systems|Fading|0.05||0|0|0.00|live|2|
2026-05-04|Defense Electronics & Avionics Mission Systems|Fading|0.04||0|0|0.00|live|2|
2026-05-05|Defense Electronics & Avionics Mission Systems|Fading|0.03||0|0|0.00|live|2|
2026-05-06|Defense Electronics & Avionics Mission Systems|Fading|0.02||0|0|0.00|live|2|
2026-05-11|Defense Electronics & Avionics Mission Systems|Fading|0.02||0|0|0.50|live|2|
2026-05-12|Defense Electronics & Avionics Mission Systems|Fading|0.02||0|0|0.50|live|2|
2026-05-15|Defense Electronics & Avionics Mission Systems|Fading|0.01||0|0|0.00|live|2|
2026-05-18|Defense Electronics & Avionics Mission Systems|Fading|0.01||0|0|0.00|live|2|
2026-05-19|Defense Electronics & Avionics Mission Systems|Fading|0.01||0|0|0.00|live|2|
2026-05-22|Defense Electronics & Avionics Mission Systems|Fading|0.01||0|0|0.00|live|2|
2026-05-26|Defense Electronics & Avionics Mission Systems|Fading|0.01||0|0|0.00|live|2|
2026-05-27|Defense Electronics & Avionics Mission Systems|Fading|0.00||0|0|0.50|live|2|
2026-05-28|Defense Electronics & Avionics Mission Systems|Retired|0.00||1|0||live|0|
2026-05-29|Defense Electronics & Avionics Mission Systems|Fading|0.00||1|0|0.50|live|2|
2026-06-01|Defense Electronics & Avionics Mission Systems|Fading|0.00||1|0|0.50|live|3|
2026-06-02|Defense Electronics & Avionics Mission Systems|Fading|0.00||1|0|1.00|live|2|
2026-06-03|Defense Electronics & Avionics Mission Systems|Fading|0.00||1|0|0.50|live|2|
2026-06-04|Defense Electronics & Avionics Mission Systems|Fading|0.00||1|0|0.50|live|2|
2026-06-05|Defense Electronics & Avionics Mission Systems|Fading|0.00||1|0|0.50|live|2|
2026-06-08|Defense Electronics & Avionics Mission Systems|Retired|0.00||2|0||live|0|
2026-06-09|Defense Electronics & Avionics Mission Systems|Fading|0.00||2|0|0.00|live|2|
2026-06-10|Defense Electronics & Avionics Mission Systems|Fading|0.00||2|0|0.00|live|2|
2026-06-11|Defense Electronics & Avionics Mission Systems|Fading|0.00||2|0|0.50|live|2|
2026-06-12|Defense Electronics & Avionics Mission Systems|Fading|0.00||2|0|0.00|live|3|
2026-06-15|Defense Electronics & Avionics Mission Systems|Fading|0.00||2|0|0.50|live|2|
2026-06-16|Defense Electronics & Avionics Mission Systems|Retired|0.00||3|0||live|0|
2026-07-24|Defense Precision Components & Mission-Critical Subsystems|Nascent|89.93|89.93|1|0||shadow_promoted|3|
2026-07-27|Defense Precision Components & Mission-Critical Subsystems|Fading|71.95||1|0|1.00|live|3|Defense Prime Contractors & Aerospace Systems
2026-07-28|Defense Precision Components & Mission-Critical Subsystems|Fading|72.70|85.40|1|0|1.00|live|2|Defense Prime Contractors & Aerospace Systems
2026-07-29|Defense Precision Components & Mission-Critical Subsystems|Fading|58.16||1|0|0.50|live|2|Defense Prime Contractors & Aerospace Systems
2026-07-30|Defense Precision Components & Mission-Critical Subsystems|Fading|46.53||1|0|0.00|live|2|Defense Prime Contractors & Aerospace Systems
2026-07-31|Defense Precision Components & Mission-Critical Subsystems|Fading|37.22||1|0|0.00|live|2|
2026-08-03|Defense Precision Components & Mission-Critical Subsystems|Retired|0.00||2|0||live|0|
2026-07-23|Defense Prime Contractors & Aerospace Systems|Nascent|30.00|0.00|1|0||live|4|
2026-07-24|Defense Prime Contractors & Aerospace Systems|Fading|24.00||1|0|1.00|live|2|
2026-07-27|Defense Prime Contractors & Aerospace Systems|Fading|19.20||1|0|1.00|live|2|
2026-07-28|Defense Prime Contractors & Aerospace Systems|Fading|15.36||1|0|1.00|live|2|
2026-07-29|Defense Prime Contractors & Aerospace Systems|Fading|12.29||1|0|1.00|live|2|
2026-07-30|Defense Prime Contractors & Aerospace Systems|Fading|9.83||1|0|1.00|live|2|
2026-07-31|Defense Prime Contractors & Aerospace Systems|Retired|0.00||2|0||live|0|
2026-07-27|Department Store Retail Recovery|Nascent|70.30|80.60|1|0||live|2|
2026-07-28|Department Store Retail Recovery|Nascent|70.90|81.80|2|0|1.00|live|2|
2026-07-29|Department Store Retail Recovery|Nascent|70.40|80.80|3|0|1.00|live|2|
2026-07-30|Department Store Retail Recovery|Nascent|71.70|83.30|4|0|1.00|live|2|
2026-07-31|Department Store Retail Recovery|Nascent|70.50|81.10|5|0|1.00|live|2|
2026-08-03|Department Store Retail Recovery|Mainstream|72.90|85.80|6|0|1.00|live|2|
2026-07-29|Dermatology & Atopic Immunology Biologics|Nascent|76.50|93.00|1|0||live|2|
2026-07-30|Dermatology & Atopic Immunology Biologics|Nascent|77.20|94.40|2|0|1.00|live|2|
2026-07-31|Dermatology & Atopic Immunology Biologics|Nascent|77.10|94.20|3|0|1.00|live|2|
2026-08-03|Dermatology & Atopic Immunology Biologics|Nascent|76.20|92.50|4|0|1.00|live|2|
2026-07-02|Digital Advertising Technology Platforms|Nascent|79.20|98.40|1|0||live|2|
2026-07-06|Digital Advertising Technology Platforms|Nascent|78.80|97.70|2|0|1.00|live|2|
2026-07-07|Digital Advertising Technology Platforms|Nascent|77.20|94.50|3|0|0.50|live|2|
2026-07-08|Digital Advertising Technology Platforms|Nascent|78.30|96.70|4|0|0.50|live|2|
2026-07-09|Digital Advertising Technology Platforms|Nascent|79.00|98.10|5|0|1.00|live|2|
2026-07-10|Digital Advertising Technology Platforms|Nascent|78.80|97.50|6|0|0.50|live|2|
2026-07-13|Digital Advertising Technology Platforms|Mainstream|78.00|96.10|7|0|0.50|live|2|
2026-07-14|Digital Advertising Technology Platforms|Mainstream|77.50|95.10|8|0|0.50|live|2|
2026-07-15|Digital Advertising Technology Platforms|Mainstream|73.60|87.20|9|0|0.50|live|3|
2026-07-16|Digital Advertising Technology Platforms|Mainstream|79.00|98.10|10|0|0.67|live|2|
2026-07-17|Digital Advertising Technology Platforms|Mainstream|76.70|93.30|11|0|0.50|live|2|
2026-07-20|Digital Advertising Technology Platforms|Mainstream|76.20|92.50|12|0|0.50|live|2|
2026-07-21|Digital Advertising Technology Platforms|Mainstream|76.20|92.30|13|0|0.50|live|2|
2026-07-22|Digital Advertising Technology Platforms|Fading|60.96||13|0|0.00|live|2|
2026-07-23|Digital Advertising Technology Platforms|Fading|48.77||13|0|0.00|live|2|
2026-07-24|Digital Advertising Technology Platforms|Fading|39.01||13|0|0.00|live|2|
2026-07-27|Digital Advertising Technology Platforms|Fading|31.21||13|0|0.00|live|2|
2026-07-28|Digital Advertising Technology Platforms|Retired|0.00||14|0||live|0|
2026-07-02|Digital Banking Software Platforms|Nascent|72.20|84.40|1|0||live|2|
2026-07-06|Digital Banking Software Platforms|Retired|0.00||2|0||live|0|B2B Digital Financial Infrastructure & Payment Rails Modernization
2026-08-03|Digital Insurance Distribution & InsurTech Platforms|Nascent|79.50|99.00|1|0||live|2|
2026-07-06|Digital Insurance Distribution & Marketplace Platforms|Nascent|75.10|90.20|1|0||live|2|
2026-07-07|Digital Insurance Distribution & Marketplace Platforms|Nascent|76.70|93.40|2|0|1.00|live|2|
2026-07-08|Digital Insurance Distribution & Marketplace Platforms|Nascent|77.80|95.70|3|0|1.00|live|2|
2026-07-09|Digital Insurance Distribution & Marketplace Platforms|Nascent|76.50|92.90|4|0|1.00|live|2|
2026-07-10|Digital Insurance Distribution & Marketplace Platforms|Nascent|77.20|94.30|5|0|1.00|live|2|
2026-07-13|Digital Insurance Distribution & Marketplace Platforms|Mainstream|77.00|93.90|6|0|0.50|live|2|
2026-07-14|Digital Insurance Distribution & Marketplace Platforms|Mainstream|75.50|91.10|7|0|1.00|live|2|
2026-07-15|Digital Insurance Distribution & Marketplace Platforms|Mainstream|76.00|92.00|8|0|0.50|live|2|
2026-07-16|Digital Insurance Distribution & Marketplace Platforms|Mainstream|77.50|95.00|9|0|0.50|live|2|
2026-07-17|Digital Insurance Distribution & Marketplace Platforms|Mainstream|74.50|89.00|10|0|0.50|live|2|
2026-07-20|Digital Insurance Distribution & Marketplace Platforms|Mainstream|71.30|82.60|11|0|0.50|live|2|
2026-07-21|Digital Insurance Distribution & Marketplace Platforms|Mainstream|70.10|80.20|12|0|0.50|live|2|
2026-07-22|Digital Insurance Distribution & Marketplace Platforms|Fading|56.08||12|0|0.00|live|2|
2026-07-23|Digital Insurance Distribution & Marketplace Platforms|Fading|44.86||12|0|0.50|live|2|
2026-07-24|Digital Insurance Distribution & Marketplace Platforms|Fading|35.89||12|0|0.50|live|2|
2026-07-27|Digital Insurance Distribution & Marketplace Platforms|Retired|0.00||13|0||live|0|
2026-07-15|Digital Payments Processing & Merchant Acquiring Networks|Nascent|74.80|89.70|1|0||live|2|
2026-07-16|Digital Payments Processing & Merchant Acquiring Networks|Nascent|76.50|93.00|2|0|1.00|live|2|
2026-07-17|Digital Payments Processing & Merchant Acquiring Networks|Nascent|74.00|88.10|3|0|1.00|live|2|
2026-07-20|Digital Payments Processing & Merchant Acquiring Networks|Nascent|75.00|90.10|4|0|1.00|live|2|
2026-07-21|Digital Payments Processing & Merchant Acquiring Networks|Nascent|70.20|80.50|5|0|1.00|live|2|
2026-07-22|Digital Payments Processing & Merchant Acquiring Networks|Fading|56.16||5|0|0.50|live|2|
2026-07-23|Digital Payments Processing & Merchant Acquiring Networks|Fading|44.93||5|0|0.50|live|2|
2026-07-24|Digital Payments Processing & Merchant Acquiring Networks|Fading|35.94||5|0|0.50|live|2|
2026-07-27|Digital Payments Processing & Merchant Acquiring Networks|Fading|28.75||5|0|1.00|live|2|
2026-07-28|Digital Payments Processing & Merchant Acquiring Networks|Accelerating|74.00|88.00|6|1|1.00|live|2|
2026-07-29|Digital Payments Processing & Merchant Acquiring Networks|Accelerating|77.10|94.20|7|2|1.00|live|2|
2026-07-30|Digital Payments Processing & Merchant Acquiring Networks|Accelerating|75.50|91.00|8|3|1.00|live|2|
2026-07-31|Digital Payments Processing & Merchant Acquiring Networks|Accelerating|74.60|89.20|9|4|1.00|live|2|
2026-08-03|Digital Payments Processing & Merchant Acquiring Networks|Accelerating|76.20|92.30|10|5|1.00|live|2|
2026-03-21|Distributed Solar & Energy Storage Hardware|Fading|63.76||0|0||live|2|
2026-03-23|Distributed Solar & Energy Storage Hardware|Fading|51.01||0|0||live|2|
2026-03-25|Distributed Solar & Energy Storage Hardware|Fading|40.81||0|0||live|2|
2026-03-27|Distributed Solar & Energy Storage Hardware|Fading|32.65||0|0||live|2|
2026-03-31|Distributed Solar & Energy Storage Hardware|Retired|73.50||0|0||live|2|
2026-03-24|Distributed & Utility-Scale Energy Storage Systems|Fading|63.68||0|0||live|2|
2026-03-26|Distributed & Utility-Scale Energy Storage Systems|Fading|40.76||0|0||live|2|
2026-03-30|Distributed & Utility-Scale Energy Storage Systems|Fading|32.60||0|0||live|2|
2026-04-14|Distributed & Utility-Scale Energy Storage Systems|Fading|26.08||0|0||live|2|
2026-04-15|Distributed & Utility-Scale Energy Storage Systems|Fading|20.87||0|0||live|2|
2026-04-16|Distributed & Utility-Scale Energy Storage Systems|Fading|16.69||0|0||live|2|
2026-04-17|Distributed & Utility-Scale Energy Storage Systems|Fading|13.35||0|0||live|2|
2026-04-20|Distributed & Utility-Scale Energy Storage Systems|Fading|10.68||0|0||live|2|
2026-04-23|Distributed & Utility-Scale Energy Storage Systems|Accelerating|42.80|85.70|1|1|1.00|live|2|
2026-04-24|Distributed & Utility-Scale Energy Storage Systems|Accelerating|40.90|81.80|2|2|1.00|live|2|
2026-04-27|Distributed & Utility-Scale Energy Storage Systems|Accelerating|45.50|91.00|3|3|1.00|live|2|
2026-04-28|Distributed & Utility-Scale Energy Storage Systems|Accelerating|40.50|80.90|4|4|1.00|live|2|
2026-07-14|Diversified Medical Device & Life Science Instrument Manufacturers|Nascent|46.20|46.20|1|0||shadow_promoted|5|
2026-07-15|Diversified Medical Device & Life Science Instrument Manufacturers|Fading|36.96||1|0|1.00|live|4|
2026-07-16|Diversified Medical Device & Life Science Instrument Manufacturers|Fading|29.57||1|0|1.00|live|4|
2026-07-17|Diversified Medical Device & Life Science Instrument Manufacturers|Fading|23.65||1|0|1.00|live|4|
2026-07-20|Diversified Medical Device & Life Science Instrument Manufacturers|Fading|18.92||1|0|1.00|live|4|
2026-07-21|Diversified Medical Device & Life Science Instrument Manufacturers|Fading|15.14||1|0|0.75|live|4|
2026-07-22|Diversified Medical Device & Life Science Instrument Manufacturers|Retired|0.00||2|0||live|0|
2026-06-30|Domestic Steel Producers|Nascent|27.83|27.83|1|0||shadow_promoted|4|
2026-07-01|Domestic Steel Producers|Fading|22.26||1|0|0.00|live|2|
2026-07-02|Domestic Steel Producers|Fading|17.81||1|0|0.00|live|2|
2026-07-06|Domestic Steel Producers|Fading|14.25||1|0|0.00|live|2|
2026-07-07|Domestic Steel Producers|Fading|11.40||1|0|0.00|live|2|
2026-07-08|Domestic Steel Producers|Fading|9.12||1|0|0.00|live|2|
2026-07-09|Domestic Steel Producers|Retired|0.00||2|0||live|0|
2026-07-15|Domestic Steel Producers|Fading|22.12||2|0|0.50|live|2|
2026-07-16|Domestic Steel Producers|Retired|0.00||3|0||live|0|U.S. Domestic Steel Producers
2026-07-17|Domestic Steel Producers|Fading|26.21||3|0|1.00|live|2|
2026-07-20|Domestic Steel Producers|Retired|0.00||4|0||live|0|U.S. Domestic Steel Producers
2026-07-21|Domestic Steel Producers|Fading|20.97||4|0|1.00|live|2|
2026-07-22|Domestic Steel Producers|Retired|0.00||5|0||live|0|U.S. Domestic Steel Producers
2026-07-24|Domestic Steel Producers|Accelerating|75.70|91.40|6|1|1.00|live|2|
2026-07-27|Domestic Steel Producers|Retired|0.00||7|0||live|0|U.S. Domestic Steel Producers
2026-07-28|Domestic Steel Producers|Accelerating|76.00|92.00|8|1|1.00|live|2|
2026-07-29|Domestic Steel Producers|Retired|0.00||9|0||live|0|U.S. Domestic Steel Producers
2026-07-31|Domestic Steel Producers|Accelerating|72.40|84.80|10|1|1.00|live|2|
2026-08-03|Domestic Steel Producers|Retired|0.00||11|0||live|0|U.S. Domestic Steel Producers
2026-03-19|Downstream Oil Refining & Midstream|Nascent|78.50||0|0||live|3|
2026-03-20|Downstream Oil Refining & Midstream|Retired|77.90||0|0||live|3|
2026-04-14|Earth Observation Data & Geospatial Intelligence|Nascent|79.50|99.10|0|0||live|3|Satellite Intelligence & Earth Observation
2026-04-15|Earth Observation Data & Geospatial Intelligence|Nascent|79.50|99.00|0|0||live|9|
2026-04-16|Earth Observation Data & Geospatial Intelligence|Retired|79.60|99.20|1|0||live|28|
2026-03-21|Edge CDN & Cloud-Native Developer Platforms|Nascent|79.80||0|0||live|3|
2026-03-23|Edge CDN & Cloud-Native Developer Platforms|Nascent|79.90||0|0||live|3|
2026-03-24|Edge CDN & Cloud-Native Developer Platforms|Nascent|79.90||0|0||live|3|
2026-03-27|Edge CDN & Cloud-Native Developer Platforms|Fading|63.92||0|0||live|3|
2026-03-31|Edge CDN & Cloud-Native Developer Platforms|Accelerating|79.80||0|0||live|3|
2026-04-02|Edge CDN & Cloud-Native Developer Platforms|Accelerating|79.90|99.80|0|0||live|5|
2026-04-06|Edge CDN & Cloud-Native Developer Platforms|Accelerating|79.80|99.60|0|0||live|4|
2026-04-07|Edge CDN & Cloud-Native Developer Platforms|Accelerating|79.80|99.60|0|0||live|4|
2026-04-08|Edge CDN & Cloud-Native Developer Platforms|Fading|49.50|99.10|0|0||live|4|
2026-04-09|Edge CDN & Cloud-Native Developer Platforms|Mainstream|78.60|97.20|0|0||live|4|
2026-04-15|Edge CDN & Cloud-Native Developer Platforms|Fading|41.50|83.00|0|0||live|2|
2026-04-16|Edge CDN & Cloud-Native Developer Platforms|Fading|33.20||0|0||live|2|
2026-04-17|Edge CDN & Cloud-Native Developer Platforms|Fading|26.56||0|0||live|2|
2026-04-22|Edge CDN & Cloud-Native Developer Platforms|Fading|21.25||0|0|0.50|live|2|
2026-04-23|Edge CDN & Cloud-Native Developer Platforms|Fading|17.00||0|0|0.50|live|2|
2026-04-27|Edge CDN & Cloud-Native Developer Platforms|Accelerating|70.40|80.80|1|1|0.50|live|2|
2026-04-28|Edge CDN & Cloud-Native Developer Platforms|Fading|56.32||1|0|0.50|live|2|
2026-05-12|Edge CDN & Cloud-Native Developer Platforms|Fading|32.56||1|0|0.50|live|2|
2026-05-26|Edge CDN & Cloud-Native Developer Platforms|Fading|20.84||1|0|0.50|live|2|
2026-05-28|Edge CDN & Cloud-Native Developer Platforms|Fading|16.67||1|0|0.50|live|2|
2026-05-29|Edge CDN & Cloud-Native Developer Platforms|Retired|0.00||2|0||live|0|Edge Cloud & Developer CDN Platforms
2026-06-01|Edge CDN & Cloud-Native Developer Platforms|Fading|13.34||2|0|0.50|live|2|
2026-06-02|Edge CDN & Cloud-Native Developer Platforms|Retired|0.00||3|0||live|0|Edge Cloud & Developer CDN Platforms
2026-06-03|Edge CDN & Cloud-Native Developer Platforms|Retired|0.00||4|0||live|0|Edge Cloud & Developer CDN Platforms
2026-06-04|Edge CDN & Cloud-Native Developer Platforms|Retired|0.00||5|0||live|0|Edge Cloud & Developer CDN Platforms
2026-06-05|Edge CDN & Cloud-Native Developer Platforms|Retired|0.00||6|0||live|0|Edge Cloud & Developer CDN Platforms
2026-06-08|Edge CDN & Cloud-Native Developer Platforms|Retired|0.00||7|0||live|0|Edge Cloud & Developer CDN Platforms
2026-06-09|Edge CDN & Cloud-Native Developer Platforms|Mainstream|71.90|83.80|8|0|1.00|live|2|
2026-06-10|Edge CDN & Cloud-Native Developer Platforms|Retired|0.00||9|0||live|0|Edge Cloud & Developer CDN Platforms
2026-06-11|Edge CDN & Cloud-Native Developer Platforms|Accelerating|72.70|85.30|10|1|1.00|live|2|
2026-06-12|Edge CDN & Cloud-Native Developer Platforms|Retired|0.00||11|0||live|0|Edge Cloud & Developer CDN Platforms
2026-06-15|Edge CDN & Cloud-Native Developer Platforms|Accelerating|72.90|85.80|12|1|1.00|live|2|
2026-06-16|Edge CDN & Cloud-Native Developer Platforms|Fading|58.32||12|0|0.50|live|2|
2026-06-18|Edge CDN & Cloud-Native Developer Platforms|Retired|0.00||13|0||live|0|Edge Cloud & Developer CDN Platforms
2026-06-23|Edge CDN & Cloud-Native Developer Platforms|Fading|36.20||13|0|0.00|live|2|
2026-06-24|Edge CDN & Cloud-Native Developer Platforms|Retired|0.00||14|0||live|0|Edge Cloud & Developer CDN Platforms
2026-06-25|Edge CDN & Cloud-Native Developer Platforms|Fading|28.96||14|0|0.00|live|2|
2026-06-26|Edge CDN & Cloud-Native Developer Platforms|Retired|0.00||15|0||live|0|Edge Cloud & Developer CDN Platforms
2026-06-29|Edge CDN & Cloud-Native Developer Platforms|Fading|23.17||15|0|0.00|live|2|
2026-06-30|Edge CDN & Cloud-Native Developer Platforms|Retired|0.00||16|0||live|0|Edge Cloud & Developer CDN Platforms
2026-03-25|Edge Cloud & Developer CDN Platforms|Nascent|79.90||0|0||live|3|
2026-03-26|Edge Cloud & Developer CDN Platforms|Fading|63.92||0|0||live|3|
2026-03-30|Edge Cloud & Developer CDN Platforms|Accelerating|79.60||0|0||live|3|
2026-04-01|Edge Cloud & Developer CDN Platforms|Accelerating|79.80||0|0||live|4|
2026-04-10|Edge Cloud & Developer CDN Platforms|Accelerating|71.60|83.20|0|0||live|4|
2026-04-13|Edge Cloud & Developer CDN Platforms|Accelerating|67.70|75.40|0|0||live|4|
2026-04-14|Edge Cloud & Developer CDN Platforms|Accelerating|71.00|82.00|0|0||live|2|
2026-04-20|Edge Cloud & Developer CDN Platforms|Fading|40.60|81.20|0|0||live|2|
2026-04-21|Edge Cloud & Developer CDN Platforms|Accelerating|70.50|80.90|1|1|0.50|live|2|
2026-04-24|Edge Cloud & Developer CDN Platforms|Fading|56.40||1|0|0.50|live|2|
2026-04-27|Edge Cloud & Developer CDN Platforms|Accelerating|70.40|80.80|2|1|0.50|live|2|
2026-04-28|Edge Cloud & Developer CDN Platforms|Fading|56.32||2|0|0.50|live|2|
2026-04-29|Edge Cloud & Developer CDN Platforms|Accelerating|70.10|80.20|3|1|0.50|live|2|
2026-04-30|Edge Cloud & Developer CDN Platforms|Accelerating|70.20|80.50|4|2|0.50|live|2|
2026-05-01|Edge Cloud & Developer CDN Platforms|Accelerating|79.20|98.30|5|3|1.00|live|2|
2026-05-04|Edge Cloud & Developer CDN Platforms|Accelerating|48.50|96.90|6|4|1.00|live|2|
2026-05-05|Edge Cloud & Developer CDN Platforms|Accelerating|79.70|99.30|7|5|1.00|live|2|
2026-05-06|Edge Cloud & Developer CDN Platforms|Mainstream|79.50|98.90|8|0|1.00|live|2|
2026-05-07|Edge Cloud & Developer CDN Platforms|Fading|63.60||8|0|0.50|live|2|
2026-05-08|Edge Cloud & Developer CDN Platforms|Fading|50.88||8|0|0.50|live|2|
2026-05-11|Edge Cloud & Developer CDN Platforms|Fading|40.70||8|0|0.50|live|2|
2026-05-13|Edge Cloud & Developer CDN Platforms|Fading|32.56||8|0|0.50|live|2|
2026-05-14|Edge Cloud & Developer CDN Platforms|Fading|26.05||8|0|0.50|live|2|
2026-05-15|Edge Cloud & Developer CDN Platforms|Fading|26.05||8|0|0.50|live|2|
2026-05-18|Edge Cloud & Developer CDN Platforms|Fading|26.05||8|0|0.50|live|2|
2026-05-19|Edge Cloud & Developer CDN Platforms|Fading|26.05||8|0|0.50|live|2|
2026-05-27|Edge Cloud & Developer CDN Platforms|Fading|16.67||8|0|0.50|live|2|
2026-05-28|Edge Cloud & Developer CDN Platforms|Retired|0.00||9|0||live|0|Edge CDN & Cloud-Native Developer Platforms
2026-05-29|Edge Cloud & Developer CDN Platforms|Fading|13.34||9|0|0.50|live|2|
2026-06-01|Edge Cloud & Developer CDN Platforms|Retired|0.00||10|0||live|0|Edge CDN & Cloud-Native Developer Platforms
2026-06-02|Edge Cloud & Developer CDN Platforms|Fading|71.00|82.00|10|0|1.00|live|2|
2026-06-03|Edge Cloud & Developer CDN Platforms|Accelerating|72.20|84.50|11|1|1.00|live|2|
2026-06-04|Edge Cloud & Developer CDN Platforms|Accelerating|72.20|84.40|12|2|1.00|live|2|
2026-06-05|Edge Cloud & Developer CDN Platforms|Accelerating|70.30|80.60|13|3|0.50|live|2|
2026-06-08|Edge Cloud & Developer CDN Platforms|Accelerating|73.00|86.00|14|4|1.00|live|2|
2026-06-10|Edge Cloud & Developer CDN Platforms|Accelerating|71.50|83.10|15|5|1.00|live|2|
2026-06-12|Edge Cloud & Developer CDN Platforms|Accelerating|72.50|84.90|16|6|1.00|live|2|
2026-06-16|Edge Cloud & Developer CDN Platforms|Retired|0.00||17|0||live|0|Edge CDN & Cloud-Native Developer Platforms
2026-06-17|Edge Cloud & Developer CDN Platforms|Accelerating|70.70|81.30|18|1|0.50|live|2|
2026-06-18|Edge Cloud & Developer CDN Platforms|Fading|56.56||18|0|0.50|live|2|
2026-06-22|Edge Cloud & Developer CDN Platforms|Fading|45.25||18|0|0.00|live|2|
2026-06-24|Edge Cloud & Developer CDN Platforms|Fading|36.20||18|0|0.00|live|2|
2026-06-26|Edge Cloud & Developer CDN Platforms|Fading|28.96||18|0|0.00|live|2|
2026-06-30|Edge Cloud & Developer CDN Platforms|Fading|23.17||18|0|0.50|live|2|
2026-07-01|Edge Cloud & Developer CDN Platforms|Fading|18.53||18|0|0.50|live|2|
2026-07-02|Edge Cloud & Developer CDN Platforms|Retired|0.00||19|0||live|0|
2026-08-03|Electrical Infrastructure Products & Systems Installation|Nascent|77.00|93.90|1|0||live|2|
2026-07-10|Emerging Market Digital Commerce & Fintech Platforms|Nascent|73.10|86.20|1|0||live|2|
2026-07-13|Emerging Market Digital Commerce & Fintech Platforms|Nascent|75.10|90.20|2|0|1.00|live|2|
2026-07-14|Emerging Market Digital Commerce & Fintech Platforms|Nascent|73.70|87.40|3|0|1.00|live|2|
2026-07-15|Emerging Market Digital Commerce & Fintech Platforms|Nascent|72.80|85.60|4|0|1.00|live|2|
2026-07-16|Emerging Market Digital Commerce & Fintech Platforms|Nascent|73.30|86.70|5|0|1.00|live|2|
2026-07-17|Emerging Market Digital Commerce & Fintech Platforms|Mainstream|71.90|83.80|6|0|1.00|live|2|
2026-07-20|Emerging Market Digital Commerce & Fintech Platforms|Mainstream|73.40|86.80|7|0|1.00|live|2|
2026-07-21|Emerging Market Digital Commerce & Fintech Platforms|Mainstream|71.90|83.80|8|0|1.00|live|2|
2026-07-22|Emerging Market Digital Commerce & Fintech Platforms|Fading|57.52||8|0|1.00|live|2|
2026-07-23|Emerging Market Digital Commerce & Fintech Platforms|Fading|46.02||8|0|0.50|live|2|
2026-07-24|Emerging Market Digital Commerce & Fintech Platforms|Fading|36.81||8|0|0.50|live|2|
2026-07-27|Emerging Market Digital Commerce & Fintech Platforms|Fading|29.45||8|0|0.50|live|2|
2026-07-28|Emerging Market Digital Commerce & Fintech Platforms|Retired|0.00||9|0||live|0|
2026-03-30|Engineered Polymers & High-Performance Acetyl Chemicals|Nascent|79.40||0|0||live|9|
2026-03-31|Engineered Polymers & High-Performance Acetyl Chemicals|Nascent|79.50||0|0||live|9|
2026-04-01|Engineered Polymers & High-Performance Acetyl Chemicals|Nascent|79.30||0|0||live|11|
2026-04-07|Engineered Polymers & High-Performance Acetyl Chemicals|Nascent|78.80|97.70|0|0||live|15|
2026-04-09|Engineered Polymers & High-Performance Acetyl Chemicals|Nascent|72.60|85.10|0|0||live|15|
2026-04-14|Engineered Polymers & High-Performance Acetyl Chemicals|Nascent|70.10|80.10|0|0||live|6|
2026-04-16|Engineered Polymers & High-Performance Acetyl Chemicals|Nascent|69.50|79.00|1|0||live|6|
2026-04-17|Engineered Polymers & High-Performance Acetyl Chemicals|Fading|33.20|66.50|1|0||live|5|
2026-04-22|Engineered Polymers & High-Performance Acetyl Chemicals|Fading|39.40|78.70|1|0|0.60|live|6|
2026-04-27|Engineered Polymers & High-Performance Acetyl Chemicals|Accelerating|70.50|81.00|2|1|0.67|live|5|
2026-04-30|Engineered Polymers & High-Performance Acetyl Chemicals|Accelerating|77.30|94.60|3|2|1.00|live|7|
2026-05-01|Engineered Polymers & High-Performance Acetyl Chemicals|Accelerating|46.00|91.90|4|3|0.83|live|2|
2026-05-05|Engineered Polymers & High-Performance Acetyl Chemicals|Fading|36.80||4|0|0.00|live|2|
2026-05-07|Engineered Polymers & High-Performance Acetyl Chemicals|Fading|29.44||4|0|0.00|live|2|
2026-05-11|Engineered Polymers & High-Performance Acetyl Chemicals|Fading|23.55||4|0|0.50|live|2|
2026-05-15|Engineered Polymers & High-Performance Acetyl Chemicals|Fading|18.84||4|0|0.00|live|2|
2026-07-16|Enterprise HR & Workforce Management SaaS|Nascent|76.30|92.70|1|0||live|3|
2026-07-17|Enterprise HR & Workforce Management SaaS|Nascent|76.00|91.90|2|0|1.00|live|3|
2026-07-20|Enterprise HR & Workforce Management SaaS|Nascent|76.80|93.50|3|0|1.00|live|3|
2026-07-21|Enterprise HR & Workforce Management SaaS|Nascent|74.00|88.00|4|0|1.00|live|3|
2026-07-22|Enterprise HR & Workforce Management SaaS|Nascent|73.90|87.80|5|0|0.67|live|3|
2026-07-23|Enterprise HR & Workforce Management SaaS|Mainstream|72.50|85.10|6|0|0.67|live|3|
2026-07-24|Enterprise HR & Workforce Management SaaS|Mainstream|74.50|89.10|7|0|0.67|live|3|
2026-07-27|Enterprise HR & Workforce Management SaaS|Mainstream|76.40|92.80|8|0|1.00|live|3|
2026-07-28|Enterprise HR & Workforce Management SaaS|Mainstream|77.30|94.50|9|0|1.00|live|3|
2026-07-29|Enterprise HR & Workforce Management SaaS|Mainstream|78.70|97.40|10|0|1.00|live|3|
2026-07-30|Enterprise HR & Workforce Management SaaS|Mainstream|77.00|94.00|11|0|0.67|live|3|
2026-07-31|Enterprise HR & Workforce Management SaaS|Mainstream|76.20|92.30|12|0|0.67|live|3|
2026-08-03|Enterprise HR & Workforce Management SaaS|Mainstream|73.40|86.80|13|0|0.67|live|3|
2026-03-25|Enterprise Server & AI Infrastructure Hardware|Nascent|79.50||0|0||live|2|
2026-03-26|Enterprise Server & AI Infrastructure Hardware|Fading|50.88||0|0||live|2|
2026-03-27|Enterprise Server & AI Infrastructure Hardware|Fading|40.70||0|0||live|2|
2026-03-30|Enterprise Server & AI Infrastructure Hardware|Accelerating|76.40||0|0||live|2|
2026-03-31|Enterprise Server & AI Infrastructure Hardware|Accelerating|78.10||0|0||live|2|
2026-04-02|Enterprise Server & AI Infrastructure Hardware|Accelerating|79.00|97.90|0|0||live|51|
2026-04-06|Enterprise Server & AI Infrastructure Hardware|Accelerating|78.10|96.20|0|0||live|51|
2026-04-07|Enterprise Server & AI Infrastructure Hardware|Accelerating|77.80|95.50|0|0||live|52|
2026-04-14|Enterprise Server & AI Infrastructure Hardware|Fading|35.20|70.40|0|0||live|5|
2026-04-17|Enterprise Server & AI Infrastructure Hardware|Accelerating|42.60|85.30|1|1||live|3|
2026-04-20|Enterprise Server & AI Infrastructure Hardware|Accelerating|34.40|68.80|2|2||live|3|
2026-04-21|Enterprise Server & AI Infrastructure Hardware|Accelerating|64.20|68.30|3|3|0.00|live|3|
2026-04-22|Enterprise Server & AI Infrastructure Hardware|Fading|35.50|71.00|3|0|0.00|live|3|
2026-04-23|Enterprise Server & AI Infrastructure Hardware|Fading|35.70|71.40|3|0|0.67|live|3|
2026-04-24|Enterprise Server & AI Infrastructure Hardware|Fading|35.50|71.10|3|0|1.00|live|3|
2026-04-27|Enterprise Server & AI Infrastructure Hardware|Fading|38.80|77.70|3|0|1.00|live|3|
2026-04-28|Enterprise Server & AI Infrastructure Hardware|Fading|40.40|80.80|3|0|1.00|live|3|
2026-04-29|Enterprise Server & AI Infrastructure Hardware|Accelerating|75.20|90.50|4|1|0.67|live|4|
2026-04-30|Enterprise Server & AI Infrastructure Hardware|Accelerating|77.10|94.20|5|2|0.75|live|4|
2026-05-01|Enterprise Server & AI Infrastructure Hardware|Accelerating|47.10|94.20|6|3|1.00|live|4|
2026-05-04|Enterprise Server & AI Infrastructure Hardware|Accelerating|46.60|93.30|7|4|0.75|live|4|
2026-05-05|Enterprise Server & AI Infrastructure Hardware|Fading|47.60|95.10|7|0|1.00|live|3|
2026-05-06|Enterprise Server & AI Infrastructure Hardware|Fading|75.80|91.70|7|0|0.67|live|3|
2026-05-07|Enterprise Server & AI Infrastructure Hardware|Fading|46.10|92.30|7|0|0.67|live|3|
2026-05-08|Enterprise Server & AI Infrastructure Hardware|Fading|46.20|92.40|7|0|0.67|live|3|
2026-05-11|Enterprise Server & AI Infrastructure Hardware|Fading|45.80|91.70|7|0|0.67|live|3|
2026-05-12|Enterprise Server & AI Infrastructure Hardware|Fading|76.50|93.10|7|0|0.67|live|3|
2026-05-13|Enterprise Server & AI Infrastructure Hardware|Accelerating|75.80|91.70|8|1|1.00|live|3|
2026-05-14|Enterprise Server & AI Infrastructure Hardware|Accelerating|75.60|91.20|9|2|1.00|live|3|
2026-05-15|Enterprise Server & AI Infrastructure Hardware|Accelerating|78.50|97.00|10|3|1.00|live|3|
2026-05-18|Enterprise Server & AI Infrastructure Hardware|Accelerating|78.10|96.20|11|4|1.00|live|2|
2026-05-19|Enterprise Server & AI Infrastructure Hardware|Mainstream|77.20|94.40|12|0|1.00|live|2|
2026-05-20|Enterprise Server & AI Infrastructure Hardware|Mainstream|75.80|91.70|13|0|1.00|live|2|
2026-05-21|Enterprise Server & AI Infrastructure Hardware|Mainstream|75.40|90.80|14|0|1.00|live|2|
2026-05-22|Enterprise Server & AI Infrastructure Hardware|Mainstream|71.90|83.80|15|0|1.00|live|2|
2026-05-26|Enterprise Server & AI Infrastructure Hardware|Fading|57.52||15|0|0.00|live|2|
2026-05-27|Enterprise Server & AI Infrastructure Hardware|Fading|46.02||15|0|0.00|live|2|
2026-05-28|Enterprise Server & AI Infrastructure Hardware|Fading|36.81||15|0|0.00|live|2|
2026-05-29|Enterprise Server & AI Infrastructure Hardware|Fading|29.45||15|0|0.00|live|2|
2026-06-01|Enterprise Server & AI Infrastructure Hardware|Fading|23.56||15|0|0.00|live|2|
2026-06-02|Enterprise Server & AI Infrastructure Hardware|Retired|0.00||16|0||live|0|
2026-06-03|Enterprise Server & AI Infrastructure Hardware|Fading|18.85||16|0|0.00|live|2|
2026-06-04|Enterprise Server & AI Infrastructure Hardware|Fading|15.08||16|0|0.50|live|2|
2026-06-05|Enterprise Server & AI Infrastructure Hardware|Fading|3.95||16|0|0.00|live|2|
2026-06-08|Enterprise Server & AI Infrastructure Hardware|Fading|3.16||16|0|0.00|live|2|
2026-06-09|Enterprise Server & AI Infrastructure Hardware|Fading|2.53||16|0|0.00|live|2|
2026-06-10|Enterprise Server & AI Infrastructure Hardware|Retired|0.00||17|0||live|0|
2026-07-22|Enterprise Server, Storage & Data Infrastructure Hardware|Nascent|79.00|98.00|1|0||live|3|
2026-07-23|Enterprise Server, Storage & Data Infrastructure Hardware|Nascent|79.70|99.50|2|0|1.00|live|4|
2026-07-24|Enterprise Server, Storage & Data Infrastructure Hardware|Nascent|79.30|98.70|3|0|0.75|live|4|
2026-07-27|Enterprise Server, Storage & Data Infrastructure Hardware|Nascent|78.10|96.30|4|0|0.75|live|4|
2026-07-28|Enterprise Server, Storage & Data Infrastructure Hardware|Mainstream|76.10|92.20|5|0|0.25|live|4|
2026-07-29|Enterprise Server, Storage & Data Infrastructure Hardware|Fading|71.70|83.50|5|0|0.25|live|4|
2026-07-30|Enterprise Server, Storage & Data Infrastructure Hardware|Fading|70.60|81.20|5|0|0.75|live|4|
2026-07-31|Enterprise Server, Storage & Data Infrastructure Hardware|Fading|56.48||5|0|0.75|live|4|
2026-08-03|Enterprise Server, Storage & Data Infrastructure Hardware|Mainstream|73.10|86.20|6|0|0.75|live|4|
2026-06-22|European Bank Stocks|Nascent|30.00|0.00|1|0||live|6|
2026-06-23|European Bank Stocks|Nascent|69.20|78.40|2|0|1.00|live|6|
2026-06-24|European Bank Stocks|Accelerating|64.50|69.10|3|1|1.00|live|6|
2026-06-25|European Bank Stocks|Accelerating|67.30|74.50|4|2|1.00|live|6|
2026-06-26|European Bank Stocks|Accelerating|65.20|70.40|5|3|1.00|live|6|
2026-06-29|European Bank Stocks|Accelerating|66.50|73.00|6|4|1.00|live|6|
2026-06-30|European Bank Stocks|Mainstream|67.70|75.50|7|0|1.00|live|6|
2026-07-01|European Bank Stocks|Mainstream|68.80|77.70|8|0|1.00|live|6|
2026-07-02|European Bank Stocks|Mainstream|69.60|79.30|9|0|1.00|live|6|
2026-07-06|European Bank Stocks|Mainstream|72.90|85.70|10|0|1.00|live|6|
2026-07-07|European Bank Stocks|Mainstream|71.10|82.30|11|0|1.00|live|6|
2026-07-08|European Bank Stocks|Mainstream|65.70|71.30|12|0|1.00|live|6|
2026-07-09|European Bank Stocks|Mainstream|68.10|76.20|13|0|1.00|live|6|
2026-07-10|European Bank Stocks|Mainstream|68.90|77.70|14|0|1.00|live|6|
2026-07-13|European Bank Stocks|Mainstream|61.90|63.90|15|0|1.00|live|6|
2026-07-14|European Bank Stocks|Mainstream|65.60|71.20|16|0|0.67|live|6|
2026-07-15|European Bank Stocks|Mainstream|70.80|81.60|17|0|1.00|live|6|
2026-07-16|European Bank Stocks|Mainstream|67.60|75.20|18|0|0.83|live|6|
2026-07-17|European Bank Stocks|Mainstream|70.10|80.30|19|0|0.67|live|6|
2026-07-20|European Bank Stocks|Mainstream|68.10|76.20|20|0|0.33|live|6|
2026-07-21|European Bank Stocks|Mainstream|71.40|82.80|21|0|0.83|live|6|
2026-07-22|European Bank Stocks|Mainstream|73.70|87.40|22|0|1.00|live|6|
2026-07-23|European Bank Stocks|Mainstream|66.80|73.60|23|0|0.67|live|6|
2026-07-24|European Bank Stocks|Mainstream|70.50|81.00|24|0|0.83|live|6|
2026-07-27|European Bank Stocks|Nascent|69.60|79.20|25|0|1.00|live|6|
2026-07-28|European Bank Stocks|Nascent|62.90|65.80|26|0|0.67|live|6|
2026-07-29|European Bank Stocks|Nascent|59.50|58.90|27|0|0.00|live|6|
2026-07-30|European Bank Stocks|Nascent|74.00|88.00|28|0|1.00|live|6|
2026-07-31|European Bank Stocks|Mainstream|74.10|88.30|29|0|0.83|live|6|
2026-08-03|European Bank Stocks|Accelerating|75.50|91.00|30|1|1.00|live|6|
2026-07-31|Family Dining & Quick-Service Restaurant Chain Recovery|Nascent|79.20|98.30|1|0||live|2|
2026-08-03|Family Dining & Quick-Service Restaurant Chain Recovery|Nascent|78.70|97.50|2|0|1.00|live|2|
2026-07-20|Financial Compliance & Regulatory Reporting SaaS|Nascent|70.80|81.60|1|0||live|2|
2026-07-21|Financial Compliance & Regulatory Reporting SaaS|Fading|56.64||1|0|1.00|live|2|
2026-07-22|Financial Compliance & Regulatory Reporting SaaS|Fading|45.31||1|0|0.50|live|2|
2026-07-23|Financial Compliance & Regulatory Reporting SaaS|Fading|36.25||1|0|0.50|live|2|
2026-07-24|Financial Compliance & Regulatory Reporting SaaS|Fading|29.00||1|0|0.50|live|2|
2026-07-27|Financial Compliance & Regulatory Reporting SaaS|Fading|23.20||1|0|1.00|live|2|
2026-07-28|Financial Compliance & Regulatory Reporting SaaS|Accelerating|71.90|83.80|2|1|1.00|live|2|
2026-07-29|Financial Compliance & Regulatory Reporting SaaS|Accelerating|73.80|87.50|3|2|1.00|live|2|
2026-07-30|Financial Compliance & Regulatory Reporting SaaS|Fading|59.04||3|0|0.50|live|2|
2026-07-31|Financial Compliance & Regulatory Reporting SaaS|Fading|47.23||3|0|0.50|live|2|
2026-08-03|Financial Compliance & Regulatory Reporting SaaS|Fading|37.79||3|0|1.00|live|2|
2026-07-16|Financial Services Vertical SaaS|Nascent|71.17|71.17|1|0||shadow_promoted|3|
2026-07-17|Financial Services Vertical SaaS|Nascent|64.50|69.00|2|0|1.00|live|3|
2026-07-20|Financial Services Vertical SaaS|Nascent|64.90|69.80|3|0|1.00|live|3|
2026-07-21|Financial Services Vertical SaaS|Nascent|57.60|55.10|4|0|1.00|live|3|
2026-07-22|Financial Services Vertical SaaS|Fading|46.08||4|0|1.00|live|3|
2026-07-23|Financial Services Vertical SaaS|Fading|36.86||4|0|1.00|live|2|
2026-07-24|Financial Services Vertical SaaS|Fading|29.49||4|0|1.00|live|2|
2026-07-27|Financial Services Vertical SaaS|Fading|23.59||4|0|1.00|live|2|
2026-07-28|Financial Services Vertical SaaS|Retired|0.00||5|0||live|0|
2026-03-26|Firearms & Personal Defense Manufacturing|Nascent|49.30||0|0||live|2|
2026-03-27|Firearms & Personal Defense Manufacturing|Fading|39.44||0|0||live|2|
2026-03-30|Firearms & Personal Defense Manufacturing|Accelerating|48.10||0|0||live|2|
2026-03-31|Firearms & Personal Defense Manufacturing|Accelerating|47.60||0|0||live|2|
2026-04-01|Firearms & Personal Defense Manufacturing|Accelerating|48.60||0|0||live|2|
2026-04-02|Firearms & Personal Defense Manufacturing|Accelerating|48.10|96.20|0|0||live|2|
2026-04-06|Firearms & Personal Defense Manufacturing|Accelerating|48.10|96.20|0|0||live|2|
2026-04-07|Firearms & Personal Defense Manufacturing|Mainstream|77.00|94.00|0|0||live|2|
2026-04-08|Firearms & Personal Defense Manufacturing|Accelerating|74.70|89.30|0|0||live|2|
2026-04-09|Firearms & Personal Defense Manufacturing|Accelerating|72.60|85.20|0|0||live|2|
2026-04-10|Firearms & Personal Defense Manufacturing|Fading|41.50|83.00|0|0||live|2|
2026-04-13|Firearms & Personal Defense Manufacturing|Fading|33.20||0|0||live|2|
2026-04-14|Firearms & Personal Defense Manufacturing|Fading|26.56||0|0||live|2|
2026-04-15|Firearms & Personal Defense Manufacturing|Fading|21.25||0|0||live|2|
2026-04-16|Firearms & Personal Defense Manufacturing|Fading|17.00||0|0||live|2|
2026-04-21|Firearms & Personal Defense Manufacturing|Fading|13.60||0|0|0.50|live|2|
2026-04-24|Firearms & Personal Defense Manufacturing|Fading|10.88||0|0|0.50|live|2|
2026-04-27|Firearms & Personal Defense Manufacturing|Fading|8.70||0|0|0.50|live|2|
2026-04-28|Firearms & Personal Defense Manufacturing|Fading|6.96||0|0|0.50|live|2|
2026-04-29|Firearms & Personal Defense Manufacturing|Accelerating|42.00|83.90|1|1|0.50|live|2|
2026-04-30|Firearms & Personal Defense Manufacturing|Accelerating|73.30|86.60|2|2|1.00|live|2|
2026-05-01|Firearms & Personal Defense Manufacturing|Accelerating|41.20|82.30|3|3|1.00|live|2|
2026-05-04|Firearms & Personal Defense Manufacturing|Accelerating|41.90|83.80|4|4|1.00|live|2|
2026-05-05|Firearms & Personal Defense Manufacturing|Accelerating|73.50|87.00|5|5|1.00|live|2|
2026-05-06|Firearms & Personal Defense Manufacturing|Accelerating|72.30|84.50|6|6|0.50|live|2|
2026-05-07|Firearms & Personal Defense Manufacturing|Accelerating|71.20|82.30|7|7|0.50|live|2|
2026-05-08|Firearms & Personal Defense Manufacturing|Fading|56.96||7|0|0.50|live|2|
2026-05-11|Firearms & Personal Defense Manufacturing|Fading|45.57||7|0|0.50|live|2|
2026-05-12|Firearms & Personal Defense Manufacturing|Fading|36.45||7|0|0.50|live|2|
2026-05-13|Firearms & Personal Defense Manufacturing|Mainstream|70.80|81.70|8|0|0.50|live|2|
2026-05-14|Firearms & Personal Defense Manufacturing|Accelerating|72.10|84.20|9|1|1.00|live|2|
2026-05-15|Firearms & Personal Defense Manufacturing|Accelerating|74.60|89.20|10|2|1.00|live|2|
2026-05-18|Firearms & Personal Defense Manufacturing|Accelerating|75.00|90.10|11|3|1.00|live|2|
2026-05-19|Firearms & Personal Defense Manufacturing|Accelerating|73.00|86.00|12|4|1.00|live|2|
2026-05-20|Firearms & Personal Defense Manufacturing|Fading|58.40||12|0|1.00|live|2|
2026-05-21|Firearms & Personal Defense Manufacturing|Mainstream|70.00|80.10|13|0|1.00|live|2|
2026-05-22|Firearms & Personal Defense Manufacturing|Mainstream|70.90|81.80|14|0|1.00|live|2|
2026-05-26|Firearms & Personal Defense Manufacturing|Fading|56.72||14|0|1.00|live|2|
2026-05-27|Firearms & Personal Defense Manufacturing|Fading|70.70|81.30|14|0|1.00|live|2|
2026-05-28|Firearms & Personal Defense Manufacturing|Fading|71.00|82.00|14|0|1.00|live|2|
2026-05-29|Firearms & Personal Defense Manufacturing|Fading|70.80|81.70|14|0|0.50|live|2|
2026-06-01|Firearms & Personal Defense Manufacturing|Fading|56.64||14|0|1.00|live|2|
2026-06-02|Firearms & Personal Defense Manufacturing|Retired|0.00||15|0||live|0|
2026-06-03|Firearms & Personal Defense Manufacturing|Fading|45.31||15|0|0.50|live|2|
2026-06-04|Firearms & Personal Defense Manufacturing|Fading|36.25||15|0|1.00|live|2|
2026-06-05|Firearms & Personal Defense Manufacturing|Fading|9.50||15|0|0.00|live|2|
2026-06-08|Firearms & Personal Defense Manufacturing|Fading|7.60||15|0|0.00|live|2|
2026-06-09|Firearms & Personal Defense Manufacturing|Fading|6.08||15|0|0.00|live|2|
2026-06-10|Firearms & Personal Defense Manufacturing|Retired|0.00||16|0||live|0|
2026-07-23|For-Profit Education & Career Training Providers|Nascent|11.83|11.83|1|0||shadow_promoted|4|
2026-07-24|For-Profit Education & Career Training Providers|Fading|9.46||1|0|0.00|live|2|
2026-07-27|For-Profit Education & Career Training Providers|Fading|7.57||1|0|0.00|live|2|
2026-07-28|For-Profit Education & Career Training Providers|Fading|6.05||1|0|1.00|live|2|
2026-07-29|For-Profit Education & Career Training Providers|Fading|4.84||1|0|1.00|live|2|
2026-07-30|For-Profit Education & Career Training Providers|Fading|3.87||1|0|1.00|live|2|
2026-07-31|For-Profit Education & Career Training Providers|Retired|0.00||2|0||live|0|
2026-07-16|For-Profit Education & Workforce Training Providers|Nascent|30.00|0.00|1|0||live|6|
2026-07-17|For-Profit Education & Workforce Training Providers|Fading|24.00||1|0|0.00|live|2|
2026-07-20|For-Profit Education & Workforce Training Providers|Fading|19.20||1|0|0.00|live|2|
2026-07-21|For-Profit Education & Workforce Training Providers|Fading|15.36||1|0|0.00|live|2|
2026-07-22|For-Profit Education & Workforce Training Providers|Fading|12.29||1|0|0.00|live|2|
2026-07-23|For-Profit Education & Workforce Training Providers|Fading|9.83||1|0|0.00|live|2|
2026-07-24|For-Profit Education & Workforce Training Providers|Retired|0.00||2|0||live|0|
2026-07-31|For-Profit & Vocational Post-Secondary Education Operators|Nascent|47.50|35.10|1|0||live|6|
2026-08-03|For-Profit & Vocational Post-Secondary Education Operators|Fading|38.00||1|0|0.50|live|2|
2026-07-06|Franchise Auto Dealership Groups|Nascent|30.00|0.00|1|0||live|4|
2026-07-07|Franchise Auto Dealership Groups|Fading|24.00||1|0|1.00|live|3|
2026-07-08|Franchise Auto Dealership Groups|Fading|71.30|82.60|1|0|1.00|live|3|
2026-07-09|Franchise Auto Dealership Groups|Accelerating|74.20|88.30|2|1|1.00|live|3|
2026-07-10|Franchise Auto Dealership Groups|Accelerating|74.90|89.80|3|2|1.00|live|3|
2026-07-13|Franchise Auto Dealership Groups|Accelerating|73.70|87.40|4|3|1.00|live|3|
2026-07-14|Franchise Auto Dealership Groups|Accelerating|75.20|90.30|5|4|1.00|live|3|
2026-07-15|Franchise Auto Dealership Groups|Mainstream|76.80|93.70|6|0|1.00|live|3|
2026-07-16|Franchise Auto Dealership Groups|Mainstream|77.70|95.40|7|0|1.00|live|3|
2026-07-17|Franchise Auto Dealership Groups|Mainstream|78.50|96.90|8|0|1.00|live|3|
2026-07-20|Franchise Auto Dealership Groups|Mainstream|78.20|96.40|9|0|1.00|live|3|
2026-07-21|Franchise Auto Dealership Groups|Mainstream|78.20|96.40|10|0|1.00|live|3|
2026-07-22|Franchise Auto Dealership Groups|Mainstream|79.50|99.00|11|0|1.00|live|3|
2026-07-23|Franchise Auto Dealership Groups|Mainstream|79.40|98.80|12|0|1.00|live|3|
2026-07-24|Franchise Auto Dealership Groups|Mainstream|79.50|99.00|13|0|1.00|live|3|
2026-07-27|Franchise Auto Dealership Groups|Mainstream|79.30|98.70|14|0|1.00|live|3|
2026-07-28|Franchise Auto Dealership Groups|Mainstream|79.30|98.60|15|0|1.00|live|3|
2026-07-29|Franchise Auto Dealership Groups|Mainstream|79.40|98.80|16|0|1.00|live|3|
2026-07-30|Franchise Auto Dealership Groups|Mainstream|77.40|94.80|17|0|1.00|live|3|
2026-07-31|Franchise Auto Dealership Groups|Mainstream|76.70|93.30|18|0|0.67|live|3|
2026-08-03|Franchise Auto Dealership Groups|Mainstream|75.20|90.50|19|0|0.67|live|3|
2026-03-20|Genome Editing & CRISPR Therapeutics|Retired|41.00||0|0||live|2|
2026-06-30|Genomic Medicine & Synthetic DNA Tools|Nascent|78.60|97.20|1|0||live|2|
2026-07-01|Genomic Medicine & Synthetic DNA Tools|Nascent|79.10|98.20|2|0|1.00|live|2|
2026-07-02|Genomic Medicine & Synthetic DNA Tools|Nascent|79.50|99.10|3|0|1.00|live|2|
2026-07-06|Genomic Medicine & Synthetic DNA Tools|Nascent|79.30|98.70|4|0|1.00|live|2|
2026-07-07|Genomic Medicine & Synthetic DNA Tools|Nascent|77.80|95.70|5|0|1.00|live|2|
2026-07-08|Genomic Medicine & Synthetic DNA Tools|Nascent|77.10|94.20|6|0|1.00|live|2|
2026-07-09|Genomic Medicine & Synthetic DNA Tools|Nascent|77.40|94.80|7|0|1.00|live|2|
2026-07-10|Genomic Medicine & Synthetic DNA Tools|Nascent|73.90|87.80|8|0|1.00|live|2|
2026-07-13|Genomic Medicine & Synthetic DNA Tools|Mainstream|75.90|91.80|9|0|0.50|live|2|
2026-07-14|Genomic Medicine & Synthetic DNA Tools|Mainstream|76.50|93.10|10|0|1.00|live|2|
2026-07-15|Genomic Medicine & Synthetic DNA Tools|Mainstream|74.80|89.60|11|0|0.50|live|2|
2026-07-16|Genomic Medicine & Synthetic DNA Tools|Fading|59.84||11|0|0.00|live|2|
2026-07-17|Genomic Medicine & Synthetic DNA Tools|Fading|47.87||11|0|0.50|live|2|
2026-07-20|Genomic Medicine & Synthetic DNA Tools|Fading|38.30||11|0|0.00|live|2|
2026-07-21|Genomic Medicine & Synthetic DNA Tools|Fading|30.64||11|0|0.50|live|2|
2026-07-22|Genomic Medicine & Synthetic DNA Tools|Fading|24.51||11|0|0.00|live|2|
2026-07-23|Genomic Medicine & Synthetic DNA Tools|Retired|0.00||12|0||live|0|
2026-07-17|Global Crude & Product Tanker Fleet Operators|Nascent|55.55|55.55|1|0||shadow_promoted|8|
2026-07-20|Global Crude & Product Tanker Fleet Operators|Nascent|67.60|75.20|2|0|0.86|live|6|
2026-07-21|Global Crude & Product Tanker Fleet Operators|Accelerating|72.60|85.20|3|1|1.00|live|6|
2026-07-22|Global Crude & Product Tanker Fleet Operators|Accelerating|70.00|80.00|4|2|1.00|live|6|
2026-07-23|Global Crude & Product Tanker Fleet Operators|Accelerating|70.40|80.80|5|3|1.00|live|6|
2026-07-24|Global Crude & Product Tanker Fleet Operators|Mainstream|72.20|84.50|6|0|1.00|live|6|
2026-07-27|Global Crude & Product Tanker Fleet Operators|Mainstream|68.90|77.70|7|0|1.00|live|6|
2026-07-28|Global Crude & Product Tanker Fleet Operators|Mainstream|66.90|73.80|8|0|1.00|live|6|
2026-07-29|Global Crude & Product Tanker Fleet Operators|Mainstream|67.50|75.10|9|0|1.00|live|6|
2026-07-30|Global Crude & Product Tanker Fleet Operators|Mainstream|73.70|87.30|10|0|1.00|live|6|
2026-07-31|Global Crude & Product Tanker Fleet Operators|Mainstream|71.40|82.80|11|0|1.00|live|6|
2026-08-03|Global Crude & Product Tanker Fleet Operators|Mainstream|71.30|82.50|12|0|1.00|live|6|
2026-07-08|Global Digital Payments & Cross-Border Fintech|Nascent|73.70|87.40|1|0||live|3|
2026-07-09|Global Digital Payments & Cross-Border Fintech|Retired|0.00||2|0||live|0|Non-US & Frontier Market Digital Financial Services Re-Rating
2026-07-22|Global Steel & Metal Producers Recovery|Nascent|75.10|90.20|1|0||live|4|
2026-07-23|Global Steel & Metal Producers Recovery|Nascent|74.40|88.70|2|0|1.00|live|4|
2026-07-24|Global Steel & Metal Producers Recovery|Nascent|73.60|87.20|3|0|1.00|live|4|
2026-07-27|Global Steel & Metal Producers Recovery|Nascent|68.90|77.80|4|0|1.00|live|2|
2026-07-28|Global Steel & Metal Producers Recovery|Fading|55.12||4|0|1.00|live|2|
2026-07-29|Global Steel & Metal Producers Recovery|Fading|44.10||4|0|1.00|live|2|
2026-07-30|Global Steel & Metal Producers Recovery|Nascent|70.40|80.80|5|0|1.00|live|2|
2026-07-31|Global Steel & Metal Producers Recovery|Fading|56.32||5|0|1.00|live|2|
2026-08-03|Global Steel & Metal Producers Recovery|Fading|45.06||5|0|1.00|live|2|
2026-08-03|Gold & Precious Metals Miners Rotation|Nascent|52.50|45.10|1|0||live|18|
2026-04-07|Gold & Precious Metals Mining|Nascent|74.90|89.80|0|0||live|2|
2026-04-08|Gold & Precious Metals Mining|Nascent|77.80|95.60|0|0||live|6|
2026-04-09|Gold & Precious Metals Mining|Nascent|79.50|99.10|0|0||live|6|
2026-04-10|Gold & Precious Metals Mining|Fading|79.60|99.20|0|0||live|6|
2026-04-14|Gold & Precious Metals Mining|Fading|79.20|98.50|0|0||live|2|
2026-04-15|Gold & Precious Metals Mining|Fading|63.36||0|0||live|2|
2026-04-16|Gold & Precious Metals Mining|Fading|71.70|83.30|0|0||live|2|
2026-04-17|Gold & Precious Metals Mining|Fading|57.36||0|0||live|2|
2026-04-21|Gold & Precious Metals Mining|Fading|45.89||0|0|0.00|live|2|
2026-04-27|Gold & Precious Metals Mining|Fading|36.71||0|0|0.00|live|2|
2026-04-28|Gold & Precious Metals Mining|Fading|29.37||0|0|0.00|live|2|
2026-04-29|Gold & Precious Metals Mining|Fading|23.49||0|0|0.00|live|2|
2026-04-30|Gold & Precious Metals Mining|Fading|18.80||0|0|0.00|live|2|
2026-05-04|Gold & Precious Metals Mining|Fading|15.04||0|0|0.00|live|2|
2026-05-08|Gold & Precious Metals Mining|Fading|12.03||0|0|1.00|live|2|
2026-05-11|Gold & Precious Metals Mining|Fading|9.62||0|0|1.00|live|2|
2026-05-12|Gold & Precious Metals Mining|Fading|7.70||0|0|0.50|live|2|
2026-05-13|Gold & Precious Metals Mining|Fading|6.16||0|0|1.00|live|2|
2026-05-15|Gold & Precious Metals Mining|Fading|4.93||0|0|0.00|live|2|
2026-05-19|Gold & Precious Metals Mining|Fading|3.94||0|0|0.00|live|2|
2026-05-22|Gold & Precious Metals Mining|Fading|3.15||0|0|0.00|live|2|
2026-05-26|Gold & Precious Metals Mining|Fading|2.52||0|0|0.50|live|2|
2026-05-27|Gold & Precious Metals Mining|Fading|2.02||0|0|0.00|live|2|
2026-05-28|Gold & Precious Metals Mining|Fading|1.61||0|0|0.00|live|2|
2026-05-29|Gold & Precious Metals Mining|Retired|0.00||1|0||live|0|
2026-06-01|Gold & Precious Metals Mining|Fading|1.29||1|0|0.00|live|2|
2026-06-02|Gold & Precious Metals Mining|Fading|1.03||1|0|0.00|live|2|
2026-06-03|Gold & Precious Metals Mining|Fading|0.83||1|0|0.00|live|2|
2026-06-04|Gold & Precious Metals Mining|Fading|0.66||1|0|0.00|live|2|
2026-06-05|Gold & Precious Metals Mining|Retired|0.00||2|0||live|0|
2026-06-08|Gold & Precious Metals Mining|Fading|0.53||2|0|0.00|live|2|
2026-06-09|Gold & Precious Metals Mining|Fading|0.42||2|0|0.00|live|2|
2026-06-10|Gold & Precious Metals Mining|Fading|0.34||2|0|0.00|live|2|
2026-06-11|Gold & Precious Metals Mining|Fading|0.27||2|0|0.00|live|2|
2026-06-12|Gold & Precious Metals Mining|Fading|0.22||2|0|0.00|live|2|
2026-06-15|Gold & Precious Metals Mining|Retired|0.00||3|0||live|0|
2026-04-09|Gold & Silver Junior Miners Momentum|Nascent|77.90|95.80|0|0||live|5|
2026-04-10|Gold & Silver Junior Miners Momentum|Fading|47.00|94.00|0|0||live|5|
2026-04-13|Gold & Silver Junior Miners Momentum|Accelerating|75.30|90.60|0|0||live|5|
2026-04-14|Gold & Silver Junior Miners Momentum|Accelerating|76.40|92.80|0|0||live|5|
2026-04-15|Gold & Silver Junior Miners Momentum|Accelerating|74.20|88.30|0|0||live|5|
2026-04-16|Gold & Silver Junior Miners Momentum|Accelerating|75.50|91.00|1|1||live|5|
2026-04-17|Gold & Silver Junior Miners Momentum|Fading|43.90|87.80|1|0||live|5|
2026-04-20|Gold & Silver Junior Miners Momentum|Mainstream|75.40|90.70|2|0||live|5|
2026-04-21|Gold & Silver Junior Miners Momentum|Mainstream|70.80|81.70|3|0|1.00|live|4|
2026-04-22|Gold & Silver Junior Miners Momentum|Accelerating|75.50|91.10|4|1|1.00|live|4|
2026-04-23|Gold & Silver Junior Miners Momentum|Accelerating|73.50|87.00|5|2|1.00|live|3|
2026-04-24|Gold & Silver Junior Miners Momentum|Fading|40.90|81.80|5|0|0.67|live|3|
2026-04-27|Gold & Silver Junior Miners Momentum|Mainstream|68.90|77.80|6|0|0.33|live|3|
2026-04-28|Gold & Silver Junior Miners Momentum|Fading|55.12||6|0|0.50|live|2|
2026-04-29|Gold & Silver Junior Miners Momentum|Fading|44.10||6|0|0.00|live|2|
2026-04-30|Gold & Silver Junior Miners Momentum|Fading|35.28||6|0|0.00|live|2|
2026-05-01|Gold & Silver Junior Miners Momentum|Fading|28.22||6|0|0.00|live|2|
2026-05-04|Gold & Silver Junior Miners Momentum|Fading|22.58||6|0|0.00|live|2|
2026-05-11|Gold & Silver Junior Miners Momentum|Fading|18.06||6|0|1.00|live|2|
2026-05-12|Gold & Silver Junior Miners Momentum|Fading|14.45||6|0|1.00|live|2|
2026-05-13|Gold & Silver Junior Miners Momentum|Fading|70.30|80.70|6|0|1.00|live|2|
2026-05-14|Gold & Silver Junior Miners Momentum|Fading|56.24||6|0|0.50|live|2|
2026-05-15|Gold & Silver Junior Miners Momentum|Fading|44.99||6|0|0.00|live|2|
2026-05-22|Gold & Silver Junior Miners Momentum|Fading|35.99||6|0|0.50|live|2|
2026-05-26|Gold & Silver Junior Miners Momentum|Fading|28.79||6|0|0.50|live|2|
2026-05-27|Gold & Silver Junior Miners Momentum|Fading|23.04||6|0|0.50|live|2|
2026-05-28|Gold & Silver Junior Miners Momentum|Fading|18.43||6|0|0.50|live|2|
2026-05-29|Gold & Silver Junior Miners Momentum|Fading|14.74||6|0|0.50|live|2|
2026-06-01|Gold & Silver Junior Miners Momentum|Retired|0.00||7|0||live|0|
2026-06-02|Gold & Silver Junior Miners Momentum|Fading|11.79||7|0|0.50|live|2|
2026-06-03|Gold & Silver Junior Miners Momentum|Fading|9.44||7|0|0.50|live|2|
2026-06-04|Gold & Silver Junior Miners Momentum|Fading|7.55||7|0|0.50|live|2|
2026-06-05|Gold & Silver Junior Miners Momentum|Fading|1.98||7|0|0.00|live|2|
2026-06-08|Gold & Silver Junior Miners Momentum|Fading|1.58||7|0|0.00|live|2|
2026-06-09|Gold & Silver Junior Miners Momentum|Retired|0.00||8|0||live|0|
2026-06-26|Golf Equipment & Apparel|Nascent|75.60|91.20|1|0||live|2|
2026-06-29|Golf Equipment & Apparel|Nascent|75.00|90.10|2|0|1.00|live|2|
2026-06-30|Golf Equipment & Apparel|Nascent|74.00|88.00|3|0|1.00|live|2|
2026-07-01|Golf Equipment & Apparel|Nascent|74.10|88.20|4|0|1.00|live|2|
2026-07-02|Golf Equipment & Apparel|Nascent|73.60|87.20|5|0|1.00|live|2|
2026-07-06|Golf Equipment & Apparel|Nascent|74.10|88.20|6|0|1.00|live|2|
2026-07-07|Golf Equipment & Apparel|Nascent|74.00|88.00|7|0|1.00|live|2|
2026-07-08|Golf Equipment & Apparel|Nascent|72.70|85.30|8|0|1.00|live|2|
2026-07-09|Golf Equipment & Apparel|Fading|58.16||8|0|1.00|live|2|
2026-07-10|Golf Equipment & Apparel|Fading|46.53||8|0|1.00|live|2|
2026-07-13|Golf Equipment & Apparel|Fading|37.22||8|0|0.50|live|2|
2026-07-14|Golf Equipment & Apparel|Mainstream|71.80|83.60|9|0|1.00|live|2|
2026-07-15|Golf Equipment & Apparel|Accelerating|74.00|88.00|10|1|1.00|live|2|
2026-07-16|Golf Equipment & Apparel|Accelerating|72.00|83.90|11|2|1.00|live|2|
2026-07-17|Golf Equipment & Apparel|Fading|57.60||11|0|1.00|live|2|
2026-07-20|Golf Equipment & Apparel|Fading|46.08||11|0|0.50|live|2|
2026-07-21|Golf Equipment & Apparel|Fading|36.86||11|0|0.00|live|2|
2026-07-22|Golf Equipment & Apparel|Fading|29.49||11|0|0.00|live|2|
2026-07-23|Golf Equipment & Apparel|Fading|23.59||11|0|0.00|live|2|
2026-07-24|Golf Equipment & Apparel|Retired|0.00||12|0||live|0|
2026-07-16|Government & Commercial Management Consulting Services|Nascent|71.70|83.40|1|0||live|2|
2026-07-17|Government & Commercial Management Consulting Services|Fading|57.36||1|0|1.00|live|2|
2026-07-20|Government & Commercial Management Consulting Services|Fading|45.89||1|0|1.00|live|2|
2026-07-21|Government & Commercial Management Consulting Services|Fading|36.71||1|0|1.00|live|2|
2026-07-22|Government & Commercial Management Consulting Services|Fading|29.37||1|0|1.00|live|2|
2026-07-23|Government & Commercial Management Consulting Services|Fading|23.49||1|0|1.00|live|2|
2026-07-24|Government & Commercial Management Consulting Services|Retired|0.00||2|0||live|0|
2026-07-06|Government-Funded Senior & Post-Acute Care Re-Rating|Nascent|77.10|94.20|1|0||live|2|
2026-07-07|Government-Funded Senior & Post-Acute Care Re-Rating|Nascent|77.20|94.50|2|0|1.00|live|2|
2026-07-08|Government-Funded Senior & Post-Acute Care Re-Rating|Fading|61.76||2|0|0.50|live|2|
2026-07-09|Government-Funded Senior & Post-Acute Care Re-Rating|Fading|49.41||2|0|0.50|live|2|
2026-07-10|Government-Funded Senior & Post-Acute Care Re-Rating|Fading|39.53||2|0|0.50|live|2|
2026-07-13|Government-Funded Senior & Post-Acute Care Re-Rating|Fading|31.62||2|0|0.50|live|2|
2026-07-14|Government-Funded Senior & Post-Acute Care Re-Rating|Fading|25.30||2|0|0.50|live|2|
2026-07-15|Government-Funded Senior & Post-Acute Care Re-Rating|Retired|0.00||3|0||live|0|
2026-07-13|Health & Wellness Consumer Nutrition Brands|Nascent|74.37|74.37|1|0||shadow_promoted|3|
2026-07-14|Health & Wellness Consumer Nutrition Brands|Fading|59.49||1|0|0.67|live|3|
2026-07-15|Health & Wellness Consumer Nutrition Brands|Fading|47.59||1|0|1.00|live|2|
2026-07-16|Health & Wellness Consumer Nutrition Brands|Fading|38.08||1|0|0.50|live|2|
2026-07-17|Health & Wellness Consumer Nutrition Brands|Fading|30.46||1|0|0.50|live|2|
2026-07-20|Health & Wellness Consumer Nutrition Brands|Fading|24.37||1|0|0.50|live|2|
2026-07-21|Health & Wellness Consumer Nutrition Brands|Retired|0.00||2|0||live|0|
2026-07-24|Heavy Transportation Equipment Manufacturers|Nascent|76.90|93.80|1|0||live|2|
2026-07-27|Heavy Transportation Equipment Manufacturers|Retired|0.00||2|0||live|0|
2026-04-07|Hemp & Cannabis-Derived Wellness Beverages|Nascent|78.50|97.00|0|0||live|2|
2026-04-08|Hemp & Cannabis-Derived Wellness Beverages|Fading|41.00|82.00|0|0||live|2|
2026-04-09|Hemp & Cannabis-Derived Wellness Beverages|Fading|13.43||0|0||live|2|
2026-04-10|Hemp & Cannabis-Derived Wellness Beverages|Fading|5.50||0|0||live|2|
2026-04-13|Hemp & Cannabis-Derived Wellness Beverages|Fading|42.30|84.60|0|0||live|2|
2026-04-14|Hemp & Cannabis-Derived Wellness Beverages|Fading|47.70|95.40|0|0||live|2|
2026-04-15|Hemp & Cannabis-Derived Wellness Beverages|Accelerating|47.70|95.40|0|0||live|2|
2026-04-16|Hemp & Cannabis-Derived Wellness Beverages|Accelerating|46.80|93.60|1|1||live|2|
2026-04-17|Hemp & Cannabis-Derived Wellness Beverages|Fading|37.44||1|0||live|2|
2026-04-20|Hemp & Cannabis-Derived Wellness Beverages|Fading|29.95||1|0||live|2|
2026-04-21|Hemp & Cannabis-Derived Wellness Beverages|Accelerating|70.30|80.70|2|1|0.50|live|2|
2026-04-22|Hemp & Cannabis-Derived Wellness Beverages|Fading|56.24||2|0|0.50|live|2|
2026-04-23|Hemp & Cannabis-Derived Wellness Beverages|Fading|44.99||2|0|0.50|live|2|
2026-04-24|Hemp & Cannabis-Derived Wellness Beverages|Fading|35.99||2|0|0.50|live|2|
2026-04-27|Hemp & Cannabis-Derived Wellness Beverages|Fading|28.79||2|0|1.00|live|2|
2026-04-28|Hemp & Cannabis-Derived Wellness Beverages|Fading|23.04||2|0|1.00|live|2|
2026-04-30|Hemp & Cannabis-Derived Wellness Beverages|Accelerating|73.20|86.30|3|1|1.00|live|2|
2026-05-01|Hemp & Cannabis-Derived Wellness Beverages|Accelerating|73.60|87.20|4|2|1.00|live|2|
2026-05-04|Hemp & Cannabis-Derived Wellness Beverages|Accelerating|75.60|91.20|5|3|1.00|live|2|
2026-05-05|Hemp & Cannabis-Derived Wellness Beverages|Accelerating|74.30|88.60|6|4|0.50|live|2|
2026-05-06|Hemp & Cannabis-Derived Wellness Beverages|Accelerating|42.50|85.00|7|5|1.00|live|2|
2026-05-07|Hemp & Cannabis-Derived Wellness Beverages|Mainstream|71.20|82.30|8|0|0.50|live|2|
2026-05-08|Hemp & Cannabis-Derived Wellness Beverages|Mainstream|71.00|82.00|9|0|0.50|live|2|
2026-05-11|Hemp & Cannabis-Derived Wellness Beverages|Fading|56.80||9|0|0.00|live|2|
2026-05-12|Hemp & Cannabis-Derived Wellness Beverages|Fading|45.44||9|0|0.50|live|2|
2026-05-13|Hemp & Cannabis-Derived Wellness Beverages|Fading|36.35||9|0|0.00|live|2|
2026-05-14|Hemp & Cannabis-Derived Wellness Beverages|Fading|29.08||9|0|0.50|live|2|
2026-05-15|Hemp & Cannabis-Derived Wellness Beverages|Fading|23.27||9|0|0.50|live|2|
2026-05-22|Hemp & Cannabis-Derived Wellness Beverages|Fading|18.61||9|0|0.00|live|2|
2026-05-26|Hemp & Cannabis-Derived Wellness Beverages|Fading|14.89||9|0|0.00|live|2|
2026-05-27|Hemp & Cannabis-Derived Wellness Beverages|Fading|11.91||9|0|0.00|live|2|
2026-05-28|Hemp & Cannabis-Derived Wellness Beverages|Fading|9.53||9|0|0.00|live|2|
2026-05-29|Hemp & Cannabis-Derived Wellness Beverages|Fading|7.62||9|0|0.00|live|2|
2026-06-01|Hemp & Cannabis-Derived Wellness Beverages|Retired|0.00||10|0||live|0|
2026-06-02|Hemp & Cannabis-Derived Wellness Beverages|Fading|6.10||10|0|0.00|live|2|
2026-06-03|Hemp & Cannabis-Derived Wellness Beverages|Fading|4.88||10|0|0.50|live|2|
2026-06-04|Hemp & Cannabis-Derived Wellness Beverages|Fading|3.90||10|0|0.50|live|2|
2026-06-05|Hemp & Cannabis-Derived Wellness Beverages|Fading|1.02||10|0|0.00|live|2|
2026-06-08|Hemp & Cannabis-Derived Wellness Beverages|Fading|0.82||10|0|0.50|live|2|
2026-06-09|Hemp & Cannabis-Derived Wellness Beverages|Retired|0.00||11|0||live|0|
2026-07-27|Hospital & Behavioral Health Facility Procedure Volume Recovery|Nascent|38.73|38.73|1|0||shadow_promoted|4|
2026-07-28|Hospital & Behavioral Health Facility Procedure Volume Recovery|Fading|30.98||1|0|1.00|live|2|
2026-07-29|Hospital & Behavioral Health Facility Procedure Volume Recovery|Fading|24.78||1|0|1.00|live|2|
2026-07-30|Hospital & Behavioral Health Facility Procedure Volume Recovery|Fading|19.83||1|0|1.00|live|2|
2026-07-31|Hospital & Behavioral Health Facility Procedure Volume Recovery|Fading|71.70|83.30|1|0|1.00|live|2|
2026-08-03|Hospital & Behavioral Health Facility Procedure Volume Recovery|Accelerating|71.90|83.80|2|1|1.00|live|2|
2026-07-27|Hotel REIT Recovery & Re-Rating|Nascent|78.40|96.80|1|0||live|2|
2026-07-28|Hotel REIT Recovery & Re-Rating|Nascent|77.70|95.50|2|0|1.00|live|2|
2026-07-29|Hotel REIT Recovery & Re-Rating|Nascent|77.60|95.20|3|0|1.00|live|2|
2026-07-30|Hotel REIT Recovery & Re-Rating|Nascent|71.90|83.80|4|0|0.50|live|2|
2026-07-31|Hotel REIT Recovery & Re-Rating|Nascent|75.00|90.00|5|0|0.50|live|2|
2026-08-03|Hotel REIT Recovery & Re-Rating|Mainstream|73.80|87.70|6|0|0.50|live|2|
2026-04-22|Hydraulic Fracturing & Completion Services|Retired|45.80|91.70|1|0||live|5|Offshore Contract Drilling & Deepwater Services
2026-05-18|Hydraulic Fracturing & Completion Services|Nascent|76.50|92.90|2|0||live|4|Independent E&P Operators
2026-05-19|Hydraulic Fracturing & Completion Services|Nascent|75.90|91.70|3|0|1.00|live|27|
2026-05-26|Hydraulic Fracturing & Completion Services|Nascent|67.50|74.90|4|0|0.09|live|28|
2026-05-27|Hydraulic Fracturing & Completion Services|Nascent|60.40|60.90|5|0||live|5|U.S. Shale & Onshore E&P
2026-05-28|Hydraulic Fracturing & Completion Services|Retired|0.00||6|0||live|0|Pure-Play Hydraulic Fracturing & Completion Services
2026-05-29|Hydraulic Fracturing & Completion Services|Retired|0.00||7|0||live|0|
2026-06-01|Hydraulic Fracturing & Completion Services|Retired|0.00||8|0||live|0|
2026-06-02|Hydraulic Fracturing & Completion Services|Nascent|67.80|75.50|9|0|0.20|live|8|
2026-06-03|Hydraulic Fracturing & Completion Services|Accelerating|68.70|77.40|10|1|0.60|live|2|
2026-06-04|Hydraulic Fracturing & Completion Services|Retired|0.00||11|0||live|0|Pure-Play Frac & Completion Pressure Pumping Services
2026-06-05|Hydraulic Fracturing & Completion Services|Retired|0.00||12|0||live|0|U.S. Shale & Onshore E&P
2026-06-08|Hydraulic Fracturing & Completion Services|Retired|0.00||13|0||live|0|U.S. Shale & Onshore E&P
2026-06-09|Hydraulic Fracturing & Completion Services|Fading|54.96||13|0|0.00|live|2|
2026-06-10|Hydraulic Fracturing & Completion Services|Retired|0.00||14|0||live|0|Pure-Play Hydraulic Fracturing & Completion Services
2026-04-23|Hydraulic Fracturing & Well Completion Services|Nascent|47.90|95.80|1|0||live|5|Industrial Gas Compression & Midstream Processing Equipment
2026-04-27|Hydraulic Fracturing & Well Completion Services|Accelerating|78.40|96.70|2|1|1.00|live|43|
2026-05-04|Hydraulic Fracturing & Well Completion Services|Accelerating|75.30|90.60|3|2|1.00|live|43|
2026-05-05|Hydraulic Fracturing & Well Completion Services|Accelerating|75.10|90.20|4|3|0.95|live|40|
2026-05-07|Hydraulic Fracturing & Well Completion Services|Accelerating|67.60|75.10|5|4|0.24|live|4|
2026-05-08|Hydraulic Fracturing & Well Completion Services|Accelerating|77.60|95.20|6|5|0.50|live|35|
2026-05-11|Hydraulic Fracturing & Well Completion Services|Accelerating|71.80|83.60|7|6|0.38|live|37|
2026-05-14|Hydraulic Fracturing & Well Completion Services|Accelerating|69.10|78.20|8|7|0.69|live|36|
2026-05-08|Independent E&P Operators|Nascent|73.10|86.10|1|0||live|8|Hydraulic Fracturing & Well Completion Services
2026-05-13|Independent E&P Operators|Nascent|71.80|83.60|2|0|0.63|live|37|
2026-05-18|Independent E&P Operators|Nascent|73.90|87.80|3|0|0.93|live|28|
2026-07-22|Independent Power Producers & Nuclear Generation|Nascent|68.60|68.60|1|0||shadow_promoted|3|
2026-07-23|Independent Power Producers & Nuclear Generation|Nascent|68.00|76.10|2|0|0.67|live|3|
2026-07-24|Independent Power Producers & Nuclear Generation|Fading|54.40||2|0|0.67|live|3|
2026-07-27|Independent Power Producers & Nuclear Generation|Fading|43.52||2|0|0.50|live|2|
2026-07-28|Independent Power Producers & Nuclear Generation|Fading|34.82||2|0|0.50|live|2|
2026-07-29|Independent Power Producers & Nuclear Generation|Fading|27.85||2|0|0.50|live|2|
2026-07-30|Independent Power Producers & Nuclear Generation|Fading|22.28||2|0|0.50|live|2|
2026-07-31|Independent Power Producers & Nuclear Generation|Retired|0.00||3|0||live|0|
2026-03-27|Independent Semiconductor Foundry & Specialty IC Manufacturing|Nascent|49.00||0|0||live|2|
2026-03-30|Independent Semiconductor Foundry & Specialty IC Manufacturing|Nascent|48.20||0|0||live|2|
2026-03-31|Independent Semiconductor Foundry & Specialty IC Manufacturing|Accelerating|79.00||0|0||live|2|
2026-04-06|Independent Semiconductor Foundry & Specialty IC Manufacturing|Accelerating|78.90|97.80|0|0||live|17|
2026-04-10|Independent Semiconductor Foundry & Specialty IC Manufacturing|Accelerating|79.20|98.50|0|0||live|25|
2026-04-15|Independent Semiconductor Foundry & Specialty IC Manufacturing|Fading|47.60|95.20|0|0||live|5|
2026-04-17|Independent Semiconductor Foundry & Specialty IC Manufacturing|Fading|48.10|96.30|0|0||live|4|
2026-04-20|Independent Semiconductor Foundry & Specialty IC Manufacturing|Fading|48.00|95.90|0|0||live|4|
2026-04-21|Independent Semiconductor Foundry & Specialty IC Manufacturing|Fading|48.10|96.30|0|0|1.00|live|4|
2026-04-22|Independent Semiconductor Foundry & Specialty IC Manufacturing|Fading|47.80|95.50|0|0|1.00|live|4|
2026-04-23|Independent Semiconductor Foundry & Specialty IC Manufacturing|Fading|47.50|95.10|0|0|1.00|live|4|
2026-04-24|Independent Semiconductor Foundry & Specialty IC Manufacturing|Fading|47.10|94.20|0|0|1.00|live|2|
2026-04-27|Independent Semiconductor Foundry & Specialty IC Manufacturing|Fading|46.50|92.90|0|0|1.00|live|2|
2026-04-28|Independent Semiconductor Foundry & Specialty IC Manufacturing|Accelerating|74.20|88.30|1|1|0.50|live|2|
2026-07-20|Industrial Automation & Electrical Control Systems|Nascent|38.13|38.13|1|0||shadow_promoted|4|
2026-07-21|Industrial Automation & Electrical Control Systems|Fading|30.50||1|0|0.33|live|3|
2026-07-22|Industrial Automation & Electrical Control Systems|Fading|24.40||1|0|0.33|live|3|
2026-07-23|Industrial Automation & Electrical Control Systems|Fading|63.70|67.30|1|0|0.33|live|3|
2026-07-24|Industrial Automation & Electrical Control Systems|Fading|50.96||1|0|0.33|live|3|
2026-07-27|Industrial Automation & Electrical Control Systems|Fading|40.77||1|0|0.33|live|3|
2026-07-28|Industrial Automation & Electrical Control Systems|Fading|32.61||1|0|0.67|live|3|
2026-07-29|Industrial Automation & Electrical Control Systems|Retired|0.00||2|0||live|0|
2026-07-24|Industrial Construction Execution & On-Site Supply Chain|Nascent|86.38|86.38|1|0||shadow_promoted|4|
2026-07-27|Industrial Construction Execution & On-Site Supply Chain|Nascent|75.20|90.30|2|0|1.00|live|4|
2026-07-28|Industrial Construction Execution & On-Site Supply Chain|Nascent|70.50|80.90|3|0|1.00|live|4|
2026-07-29|Industrial Construction Execution & On-Site Supply Chain|Fading|56.40||3|0|0.50|live|4|
2026-07-30|Industrial Construction Execution & On-Site Supply Chain|Fading|67.50|75.00|3|0|0.50|live|4|
2026-07-31|Industrial Construction Execution & On-Site Supply Chain|Mainstream|70.80|81.50|4|0|0.67|live|3|
2026-08-03|Industrial Construction Execution & On-Site Supply Chain|Mainstream|72.00|83.90|5|0|0.67|live|3|
2026-07-23|Industrial Fluid Control, Filtration & Water Infrastructure Equipment|Nascent|30.00|0.00|1|0||live|6|
2026-07-24|Industrial Fluid Control, Filtration & Water Infrastructure Equipment|Nascent|65.30|70.60|2|0|0.80|live|5|
2026-07-27|Industrial Fluid Control, Filtration & Water Infrastructure Equipment|Accelerating|62.80|65.50|3|1|1.00|live|5|
2026-07-28|Industrial Fluid Control, Filtration & Water Infrastructure Equipment|Accelerating|67.70|75.40|4|2|1.00|live|5|
2026-07-29|Industrial Fluid Control, Filtration & Water Infrastructure Equipment|Accelerating|65.20|70.40|5|3|0.80|live|5|
2026-07-30|Industrial Fluid Control, Filtration & Water Infrastructure Equipment|Accelerating|68.20|76.40|6|4|0.80|live|5|
2026-07-31|Industrial Fluid Control, Filtration & Water Infrastructure Equipment|Mainstream|67.70|75.30|7|0|1.00|live|5|
2026-08-03|Industrial Fluid Control, Filtration & Water Infrastructure Equipment|Mainstream|70.90|81.80|8|0|1.00|live|4|
2026-03-21|Industrial Gas Compression & Midstream Processing Equipment|Nascent|79.90||0|0||live|28|
2026-03-23|Industrial Gas Compression & Midstream Processing Equipment|Nascent|79.40||0|0||live|29|
2026-04-23|Industrial Gas Compression & Midstream Processing Equipment|Retired|68.00|75.90|1|0|0.44|live|43|
2026-07-31|Industrial HVAC, Plumbing & Fabricated Copper Products|Nascent|73.10|86.20|1|0||live|2|
2026-08-03|Industrial HVAC, Plumbing & Fabricated Copper Products|Nascent|74.70|89.40|2|0|1.00|live|2|
2026-07-06|Industrial & Logistics REITs|Nascent|37.82|37.82|1|0||shadow_promoted|6|
2026-07-07|Industrial & Logistics REITs|Fading|30.25||1|0|1.00|live|4|
2026-07-08|Industrial & Logistics REITs|Fading|61.80|63.50|1|0|1.00|live|4|
2026-07-09|Industrial & Logistics REITs|Accelerating|60.20|60.50|2|1|1.00|live|4|
2026-07-10|Industrial & Logistics REITs|Accelerating|61.50|62.90|3|2|1.00|live|4|
2026-07-13|Industrial & Logistics REITs|Accelerating|61.20|62.50|4|3|1.00|live|4|
2026-07-14|Industrial & Logistics REITs|Fading|48.96||4|0|1.00|live|4|
2026-07-15|Industrial & Logistics REITs|Mainstream|64.50|69.00|5|0|1.00|live|4|
2026-07-16|Industrial & Logistics REITs|Mainstream|69.20|78.30|6|0|1.00|live|4|
2026-07-17|Industrial & Logistics REITs|Accelerating|70.50|80.90|7|1|1.00|live|4|
2026-07-20|Industrial & Logistics REITs|Accelerating|70.90|81.80|8|2|1.00|live|4|
2026-07-21|Industrial & Logistics REITs|Accelerating|72.20|84.30|9|3|1.00|live|4|
2026-07-22|Industrial & Logistics REITs|Mainstream|71.20|82.40|10|0|1.00|live|4|
2026-07-23|Industrial & Logistics REITs|Mainstream|68.30|76.70|11|0|1.00|live|4|
2026-07-24|Industrial & Logistics REITs|Mainstream|69.40|78.80|12|0|1.00|live|4|
2026-07-27|Industrial & Logistics REITs|Mainstream|68.80|77.70|13|0|0.75|live|4|
2026-07-28|Industrial & Logistics REITs|Mainstream|63.70|67.50|14|0|0.75|live|4|
2026-07-29|Industrial & Logistics REITs|Fading|50.96||14|0|0.25|live|4|
2026-07-30|Industrial & Logistics REITs|Fading|40.77||14|0|0.50|live|4|
2026-07-31|Industrial & Logistics REITs|Fading|32.61||14|0|0.00|live|4|
2026-08-03|Industrial & Logistics REITs|Fading|26.09||14|0|0.00|live|4|
2026-06-30|Industrial Power Equipment & Electrical Systems|Nascent|30.00|0.00|1|0||live|4|
2026-07-01|Industrial Power Equipment & Electrical Systems|Nascent|66.80|73.70|2|0|0.50|live|4|
2026-07-02|Industrial Power Equipment & Electrical Systems|Fading|53.44||2|0|0.00|live|4|
2026-07-06|Industrial Power Equipment & Electrical Systems|Fading|42.75||2|0|0.33|live|3|
2026-07-07|Industrial Power Equipment & Electrical Systems|Fading|34.20||2|0|0.00|live|2|
2026-07-08|Industrial Power Equipment & Electrical Systems|Fading|27.36||2|0|0.00|live|2|
2026-07-09|Industrial Power Equipment & Electrical Systems|Fading|21.89||2|0|0.00|live|2|
2026-07-10|Industrial Power Equipment & Electrical Systems|Retired|0.00||3|0||live|0|
2026-04-08|Inflammatory Disease & Immunology Biologics|Nascent|49.60|99.30|0|0||live|2|
2026-04-09|Inflammatory Disease & Immunology Biologics|Accelerating|79.60|99.20|0|0||live|3|
2026-04-10|Inflammatory Disease & Immunology Biologics|Accelerating|79.50|99.00|0|0||live|3|
2026-04-13|Inflammatory Disease & Immunology Biologics|Fading|49.80|99.70|0|0||live|3|
2026-04-14|Inflammatory Disease & Immunology Biologics|Fading|49.80|99.70|0|0||live|3|
2026-04-15|Inflammatory Disease & Immunology Biologics|Accelerating|79.80|99.70|0|0||live|3|
2026-04-16|Inflammatory Disease & Immunology Biologics|Accelerating|79.80|99.50|1|1||live|3|
2026-04-17|Inflammatory Disease & Immunology Biologics|Fading|49.80|99.70|1|0||live|3|
2026-04-20|Inflammatory Disease & Immunology Biologics|Fading|49.70|99.40|1|0||live|3|
2026-04-21|Inflammatory Disease & Immunology Biologics|Fading|49.60|99.20|1|0|1.00|live|3|
2026-04-22|Inflammatory Disease & Immunology Biologics|Fading|49.70|99.40|1|0|1.00|live|3|
2026-04-23|Inflammatory Disease & Immunology Biologics|Fading|49.60|99.20|1|0|1.00|live|3|
2026-04-24|Inflammatory Disease & Immunology Biologics|Accelerating|79.50|98.90|2|1|0.67|live|3|
2026-04-27|Inflammatory Disease & Immunology Biologics|Accelerating|79.50|99.10|3|2|0.67|live|3|
2026-04-28|Inflammatory Disease & Immunology Biologics|Accelerating|79.40|98.80|4|3|0.67|live|3|
2026-04-29|Inflammatory Disease & Immunology Biologics|Fading|48.90|97.80|4|0|0.67|live|3|
2026-04-30|Inflammatory Disease & Immunology Biologics|Fading|48.10|96.30|4|0|0.67|live|3|
2026-05-01|Inflammatory Disease & Immunology Biologics|Mainstream|77.30|94.60|5|0|0.33|live|3|
2026-05-04|Inflammatory Disease & Immunology Biologics|Fading|47.00|94.00|5|0|0.33|live|3|
2026-05-05|Inflammatory Disease & Immunology Biologics|Fading|45.80|91.50|5|0|1.00|live|3|
2026-05-06|Inflammatory Disease & Immunology Biologics|Fading|45.70|91.30|5|0|1.00|live|3|
2026-05-07|Inflammatory Disease & Immunology Biologics|Fading|71.60|83.20|5|0|0.33|live|3|
2026-05-08|Inflammatory Disease & Immunology Biologics|Fading|41.20|82.40|5|0|0.33|live|3|
2026-05-11|Inflammatory Disease & Immunology Biologics|Fading|42.60|85.20|5|0|0.33|live|3|
2026-05-12|Inflammatory Disease & Immunology Biologics|Fading|42.00|84.10|5|0|0.33|live|3|
2026-05-13|Inflammatory Disease & Immunology Biologics|Fading|71.10|82.20|5|0|0.33|live|3|
2026-05-14|Inflammatory Disease & Immunology Biologics|Fading|72.60|85.20|5|0|0.33|live|3|
2026-05-15|Inflammatory Disease & Immunology Biologics|Fading|73.00|86.10|5|0|0.33|live|3|
2026-05-18|Inflammatory Disease & Immunology Biologics|Fading|67.70|75.40|5|0|0.00|live|3|
2026-05-19|Inflammatory Disease & Immunology Biologics|Accelerating|71.90|83.80|6|1|0.00|live|3|
2026-05-20|Inflammatory Disease & Immunology Biologics|Mainstream|72.80|85.70|7|0|0.33|live|3|
2026-05-21|Inflammatory Disease & Immunology Biologics|Mainstream|72.50|84.90|8|0|0.67|live|3|
2026-05-22|Inflammatory Disease & Immunology Biologics|Mainstream|73.20|86.50|9|0|0.33|live|3|
2026-05-26|Inflammatory Disease & Immunology Biologics|Mainstream|69.00|78.10|10|0|0.67|live|3|
2026-05-27|Inflammatory Disease & Immunology Biologics|Mainstream|66.90|73.80|11|0|0.00|live|3|
2026-05-28|Inflammatory Disease & Immunology Biologics|Mainstream|71.40|82.80|12|0|0.33|live|3|
2026-05-29|Inflammatory Disease & Immunology Biologics|Mainstream|72.30|84.70|13|0|0.67|live|3|
2026-06-01|Inflammatory Disease & Immunology Biologics|Mainstream|68.40|76.80|14|0|0.33|live|3|
2026-06-02|Inflammatory Disease & Immunology Biologics|Fading|54.72||14|0|0.00|live|3|
2026-06-03|Inflammatory Disease & Immunology Biologics|Mainstream|64.70|69.30|15|0|0.33|live|3|
2026-06-04|Inflammatory Disease & Immunology Biologics|Mainstream|70.10|80.20|16|0|0.67|live|3|
2026-06-05|Inflammatory Disease & Immunology Biologics|Fading|18.38||16|0|0.33|live|3|
2026-06-08|Inflammatory Disease & Immunology Biologics|Fading|74.70|89.30|16|0|0.33|live|3|
2026-06-09|Inflammatory Disease & Immunology Biologics|Accelerating|76.90|93.80|17|1|0.67|live|3|
2026-06-10|Inflammatory Disease & Immunology Biologics|Nascent|74.00|88.10|18|0|0.67|live|3|
2026-06-11|Inflammatory Disease & Immunology Biologics|Nascent|76.30|92.70|19|0|1.00|live|2|
2026-06-12|Inflammatory Disease & Immunology Biologics|Accelerating|77.30|94.70|20|1|1.00|live|2|
2026-06-15|Inflammatory Disease & Immunology Biologics|Nascent|76.80|93.70|21|0|1.00|live|2|
2026-06-16|Inflammatory Disease & Immunology Biologics|Nascent|76.10|92.20|22|0|1.00|live|2|
2026-06-17|Inflammatory Disease & Immunology Biologics|Mainstream|77.70|95.50|23|0|1.00|live|2|
2026-06-18|Inflammatory Disease & Immunology Biologics|Mainstream|77.40|94.80|24|0|1.00|live|2|
2026-06-22|Inflammatory Disease & Immunology Biologics|Nascent|79.10|98.20|25|0|1.00|live|3|
2026-06-23|Inflammatory Disease & Immunology Biologics|Nascent|79.60|99.20|26|0|1.00|live|3|
2026-06-24|Inflammatory Disease & Immunology Biologics|Nascent|79.30|98.60|27|0|1.00|live|3|
2026-06-25|Inflammatory Disease & Immunology Biologics|Nascent|79.50|98.90|28|0|1.00|live|3|
2026-06-26|Inflammatory Disease & Immunology Biologics|Nascent|79.50|99.00|29|0|1.00|live|3|
2026-06-29|Inflammatory Disease & Immunology Biologics|Mainstream|78.80|97.60|30|0|1.00|live|3|
2026-06-30|Inflammatory Disease & Immunology Biologics|Mainstream|77.40|94.80|31|0|1.00|live|2|
2026-07-01|Inflammatory Disease & Immunology Biologics|Mainstream|77.60|95.20|32|0|1.00|live|2|
2026-07-02|Inflammatory Disease & Immunology Biologics|Mainstream|75.90|91.80|33|0|1.00|live|2|
2026-07-06|Inflammatory Disease & Immunology Biologics|Mainstream|76.50|93.00|34|0|1.00|live|2|
2026-07-07|Inflammatory Disease & Immunology Biologics|Mainstream|77.90|95.80|35|0|1.00|live|2|
2026-07-08|Inflammatory Disease & Immunology Biologics|Mainstream|77.50|95.10|36|0|1.00|live|2|
2026-07-09|Inflammatory Disease & Immunology Biologics|Mainstream|78.50|96.90|37|0|1.00|live|2|
2026-07-10|Inflammatory Disease & Immunology Biologics|Mainstream|78.40|96.80|38|0|1.00|live|2|
2026-07-13|Inflammatory Disease & Immunology Biologics|Fading|62.72||38|0|1.00|live|2|
2026-07-14|Inflammatory Disease & Immunology Biologics|Mainstream|74.30|88.70|39|0|1.00|live|2|
2026-07-15|Inflammatory Disease & Immunology Biologics|Mainstream|77.80|95.50|40|0|1.00|live|2|
2026-07-16|Inflammatory Disease & Immunology Biologics|Mainstream|72.00|84.00|41|0|0.50|live|2|
2026-07-17|Inflammatory Disease & Immunology Biologics|Mainstream|77.80|95.50|42|0|1.00|live|2|
2026-07-20|Inflammatory Disease & Immunology Biologics|Mainstream|76.50|93.10|43|0|1.00|live|2|
2026-07-21|Inflammatory Disease & Immunology Biologics|Mainstream|76.80|93.50|44|0|1.00|live|2|
2026-07-22|Inflammatory Disease & Immunology Biologics|Mainstream|77.30|94.60|45|0|1.00|live|2|
2026-07-23|Inflammatory Disease & Immunology Biologics|Mainstream|79.50|99.00|46|0|1.00|live|2|
2026-07-24|Inflammatory Disease & Immunology Biologics|Nascent|79.60|99.20|47|0|1.00|live|2|
2026-07-27|Inflammatory Disease & Immunology Biologics|Nascent|79.40|98.80|48|0|1.00|live|2|
2026-07-28|Inflammatory Disease & Immunology Biologics|Nascent|78.20|96.50|49|0|1.00|live|2|
2026-07-29|Inflammatory Disease & Immunology Biologics|Mainstream|75.50|91.00|50|0|0.50|live|2|
2026-07-30|Inflammatory Disease & Immunology Biologics|Mainstream|77.90|95.80|51|0|1.00|live|2|
2026-07-31|Inflammatory Disease & Immunology Biologics|Mainstream|77.00|94.00|52|0|1.00|live|2|
2026-08-03|Inflammatory Disease & Immunology Biologics|Mainstream|76.50|93.00|53|0|0.50|live|2|
2026-06-26|Insurance Brokerage & Distribution Services|Nascent|30.00|0.00|1|0||live|4|
2026-06-29|Insurance Brokerage & Distribution Services|Fading|24.00||1|0|1.00|live|3|
2026-06-30|Insurance Brokerage & Distribution Services|Fading|19.20||1|0|1.00|live|3|
2026-07-01|Insurance Brokerage & Distribution Services|Fading|15.36||1|0|1.00|live|3|
2026-07-02|Insurance Brokerage & Distribution Services|Fading|71.00|82.00|1|0|1.00|live|3|
2026-07-06|Insurance Brokerage & Distribution Services|Accelerating|69.90|79.80|2|1|1.00|live|3|
2026-07-07|Insurance Brokerage & Distribution Services|Accelerating|71.30|82.70|3|2|1.00|live|3|
2026-07-08|Insurance Brokerage & Distribution Services|Accelerating|72.70|85.40|4|3|1.00|live|3|
2026-07-09|Insurance Brokerage & Distribution Services|Accelerating|71.80|83.60|5|4|1.00|live|3|
2026-07-10|Insurance Brokerage & Distribution Services|Accelerating|72.20|84.50|6|5|1.00|live|3|
2026-07-13|Insurance Brokerage & Distribution Services|Mainstream|75.40|90.80|7|0|1.00|live|3|
2026-07-14|Insurance Brokerage & Distribution Services|Mainstream|73.50|87.10|8|0|1.00|live|3|
2026-07-15|Insurance Brokerage & Distribution Services|Mainstream|72.10|84.20|9|0|1.00|live|3|
2026-07-16|Insurance Brokerage & Distribution Services|Mainstream|75.30|90.60|10|0|1.00|live|3|
2026-07-17|Insurance Brokerage & Distribution Services|Mainstream|74.10|88.20|11|0|1.00|live|3|
2026-07-20|Insurance Brokerage & Distribution Services|Mainstream|73.70|87.30|12|0|1.00|live|3|
2026-07-21|Insurance Brokerage & Distribution Services|Mainstream|71.80|83.60|13|0|0.67|live|3|
2026-07-22|Insurance Brokerage & Distribution Services|Fading|57.44||13|0|0.33|live|3|
2026-07-23|Insurance Brokerage & Distribution Services|Fading|45.95||13|0|0.33|live|3|
2026-07-24|Insurance Brokerage & Distribution Services|Fading|36.76||13|0|1.00|live|3|
2026-07-27|Insurance Brokerage & Distribution Services|Mainstream|67.50|75.10|14|0|1.00|live|3|
2026-07-28|Insurance Brokerage & Distribution Services|Accelerating|71.50|82.90|15|1|1.00|live|3|
2026-07-29|Insurance Brokerage & Distribution Services|Accelerating|73.60|87.20|16|2|1.00|live|3|
2026-07-30|Insurance Brokerage & Distribution Services|Accelerating|68.50|77.00|17|3|1.00|live|3|
2026-07-31|Insurance Brokerage & Distribution Services|Mainstream|66.50|73.00|18|0|0.33|live|3|
2026-08-03|Insurance Brokerage & Distribution Services|Fading|53.20||18|0|0.33|live|3|
2026-06-30|Insurance Brokerage & Risk Advisory|Nascent|47.67|47.67|1|0||shadow_promoted|3|
2026-07-01|Insurance Brokerage & Risk Advisory|Fading|38.13||1|0|1.00|live|2|
2026-07-02|Insurance Brokerage & Risk Advisory|Fading|30.51||1|0|1.00|live|2|
2026-07-06|Insurance Brokerage & Risk Advisory|Fading|24.41||1|0|1.00|live|2|
2026-07-07|Insurance Brokerage & Risk Advisory|Fading|19.52||1|0|1.00|live|2|
2026-07-08|Insurance Brokerage & Risk Advisory|Fading|70.80|81.70|1|0|1.00|live|2|
2026-07-09|Insurance Brokerage & Risk Advisory|Retired|0.00||2|0||live|0|
2026-07-29|Investment Research & Financial Analytics Data Platforms|Nascent|71.60|83.20|1|0||live|2|
2026-07-30|Investment Research & Financial Analytics Data Platforms|Fading|57.28||1|0|1.00|live|2|
2026-07-31|Investment Research & Financial Analytics Data Platforms|Retired|0.00||2|0||live|0|
2026-07-08|In Vivo Gene & Engineered Cell Therapy Clinical Re-Rating|Nascent|89.58|89.58|1|0||shadow_promoted|5|
2026-07-09|In Vivo Gene & Engineered Cell Therapy Clinical Re-Rating|Retired|0.00||2|0||live|0|
2026-07-10|In Vivo Gene & Engineered Cell Therapy Clinical Re-Rating|Nascent|86.12|86.12|3|0||shadow_promoted|5|
2026-07-13|In Vivo Gene & Engineered Cell Therapy Clinical Re-Rating|Retired|0.00||4|0||live|0|
2026-06-30|In Vivo Gene Therapy & Genome Editing|Nascent|76.80|93.60|1|0||live|2|
2026-07-01|In Vivo Gene Therapy & Genome Editing|Nascent|77.90|95.80|2|0|1.00|live|2|
2026-07-02|In Vivo Gene Therapy & Genome Editing|Nascent|78.10|96.20|3|0|1.00|live|2|
2026-07-06|In Vivo Gene Therapy & Genome Editing|Retired|0.00||4|0||live|0|Rare & Orphan Disease Biotech Re-Rating
2026-03-23|IP Licensing & Ad-Tech Royalty Software|Nascent|79.50||0|0||live|2|
2026-03-24|IP Licensing & Ad-Tech Royalty Software|Fading|26.05||0|0||live|2|
2026-03-25|IP Licensing & Ad-Tech Royalty Software|Fading|16.67||0|0||live|2|
2026-03-26|IP Licensing & Ad-Tech Royalty Software|Fading|10.67||0|0||live|2|
2026-03-27|IP Licensing & Ad-Tech Royalty Software|Fading|8.54||0|0||live|2|
2026-03-30|IP Licensing & Ad-Tech Royalty Software|Accelerating|47.80||0|0||live|2|
2026-03-31|IP Licensing & Ad-Tech Royalty Software|Accelerating|77.50||0|0||live|3|
2026-04-01|IP Licensing & Ad-Tech Royalty Software|Fading|48.70||0|0||live|2|
2026-04-06|IP Licensing & Ad-Tech Royalty Software|Accelerating|78.60|97.20|0|0||live|6|
2026-04-09|IP Licensing & Ad-Tech Royalty Software|Accelerating|72.70|85.50|0|0||live|6|
2026-04-14|IP Licensing & Ad-Tech Royalty Software|Accelerating|70.50|81.10|0|0||live|2|
2026-04-15|IP Licensing & Ad-Tech Royalty Software|Fading|56.40||0|0||live|2|
2026-04-16|IP Licensing & Ad-Tech Royalty Software|Fading|45.12||0|0||live|2|
2026-04-17|IP Licensing & Ad-Tech Royalty Software|Accelerating|70.40|80.80|1|1||live|2|
2026-04-20|IP Licensing & Ad-Tech Royalty Software|Fading|56.32||1|0||live|2|
2026-04-21|IP Licensing & Ad-Tech Royalty Software|Fading|45.06||1|0|0.50|live|2|
2026-04-23|IP Licensing & Ad-Tech Royalty Software|Fading|40.40|80.70|1|0|0.50|live|2|
2026-04-24|IP Licensing & Ad-Tech Royalty Software|Fading|40.30|80.50|1|0|0.50|live|2|
2026-04-27|IP Licensing & Ad-Tech Royalty Software|Fading|42.90|85.80|1|0|0.50|live|2|
2026-04-28|IP Licensing & Ad-Tech Royalty Software|Accelerating|47.20|94.40|2|1|1.00|live|2|
2026-04-29|IP Licensing & Ad-Tech Royalty Software|Fading|37.76||2|0|0.50|live|2|
2026-05-12|IP Licensing & Ad-Tech Royalty Software|Fading|23.09||2|0|0.50|live|2|
2026-05-13|IP Licensing & Ad-Tech Royalty Software|Fading|23.09||2|0|1.00|live|2|
2026-03-24|IP Licensing & Patent Monetization Software Platforms|Fading|39.60||0|0||live|2|
2026-03-25|IP Licensing & Patent Monetization Software Platforms|Fading|25.34||0|0||live|2|
2026-03-26|IP Licensing & Patent Monetization Software Platforms|Fading|16.22||0|0||live|2|
2026-03-27|IP Licensing & Patent Monetization Software Platforms|Fading|12.98||0|0||live|2|
2026-03-30|IP Licensing & Patent Monetization Software Platforms|Accelerating|47.50||0|0||live|2|
2026-04-22|IP Licensing & Patent Monetization Software Platforms|Retired|38.00||0|0|0.50|live|2|
2026-07-22|IT Distribution & Technology Services Providers|Nascent|78.00|96.10|1|0||live|2|
2026-07-23|IT Distribution & Technology Services Providers|Nascent|76.60|93.20|2|0|1.00|live|2|
2026-07-24|IT Distribution & Technology Services Providers|Nascent|77.20|94.40|3|0|1.00|live|2|
2026-07-27|IT Distribution & Technology Services Providers|Nascent|77.20|94.30|4|0|1.00|live|2|
2026-07-28|IT Distribution & Technology Services Providers|Mainstream|77.40|94.80|5|0|1.00|live|2|
2026-07-29|IT Distribution & Technology Services Providers|Mainstream|76.20|92.30|6|0|1.00|live|2|
2026-07-30|IT Distribution & Technology Services Providers|Mainstream|76.00|92.10|7|0|1.00|live|2|
2026-07-31|IT Distribution & Technology Services Providers|Fading|60.80||7|0|0.50|live|2|
2026-08-03|IT Distribution & Technology Services Providers|Fading|48.64||7|0|0.50|live|2|
2026-04-01|IT Infrastructure Deployment & Data Center Systems Integration|Nascent|78.90||0|0||live|2|
2026-04-02|IT Infrastructure Deployment & Data Center Systems Integration|Nascent|77.30|94.70|0|0||live|2|
2026-04-06|IT Infrastructure Deployment & Data Center Systems Integration|Nascent|78.30|96.70|0|0||live|2|
2026-04-07|IT Infrastructure Deployment & Data Center Systems Integration|Nascent|79.00|98.00|0|0||live|2|
2026-04-08|IT Infrastructure Deployment & Data Center Systems Integration|Nascent|79.60|99.20|0|0||live|3|
2026-04-09|IT Infrastructure Deployment & Data Center Systems Integration|Mainstream|79.40|98.80|0|0||live|3|
2026-04-10|IT Infrastructure Deployment & Data Center Systems Integration|Mainstream|78.50|97.10|0|0||live|3|
2026-04-13|IT Infrastructure Deployment & Data Center Systems Integration|Fading|49.50|99.00|0|0||live|3|
2026-04-14|IT Infrastructure Deployment & Data Center Systems Integration|Fading|48.90|97.70|0|0||live|3|
2026-04-15|IT Infrastructure Deployment & Data Center Systems Integration|Fading|47.80|95.70|0|0||live|3|
2026-04-16|IT Infrastructure Deployment & Data Center Systems Integration|Accelerating|79.20|98.50|1|1||live|3|
2026-04-17|IT Infrastructure Deployment & Data Center Systems Integration|Accelerating|77.50|94.90|2|2||live|2|
2026-04-20|IT Infrastructure Deployment & Data Center Systems Integration|Accelerating|47.70|95.40|3|3||live|2|
2026-04-22|IT Infrastructure Deployment & Data Center Systems Integration|Fading|48.50|97.10|3|0|1.00|live|2|
2026-04-24|IT Infrastructure Deployment & Data Center Systems Integration|Fading|48.50|97.00|3|0|1.00|live|2|
2026-04-27|IT Infrastructure Deployment & Data Center Systems Integration|Accelerating|78.40|96.80|4|1|1.00|live|2|
2026-04-28|IT Infrastructure Deployment & Data Center Systems Integration|Accelerating|78.40|96.80|5|2|1.00|live|2|
2026-04-29|IT Infrastructure Deployment & Data Center Systems Integration|Accelerating|77.50|94.90|6|3|0.50|live|2|
2026-04-30|IT Infrastructure Deployment & Data Center Systems Integration|Accelerating|78.30|96.70|7|4|1.00|live|2|
2026-05-01|IT Infrastructure Deployment & Data Center Systems Integration|Accelerating|78.20|96.50|8|5|1.00|live|2|
2026-05-04|IT Infrastructure Deployment & Data Center Systems Integration|Mainstream|73.10|86.20|9|0|0.50|live|2|
2026-05-05|IT Infrastructure Deployment & Data Center Systems Integration|Mainstream|77.20|94.50|10|0|1.00|live|2|
2026-05-06|IT Infrastructure Deployment & Data Center Systems Integration|Mainstream|78.50|97.10|11|0|1.00|live|2|
2026-05-07|IT Infrastructure Deployment & Data Center Systems Integration|Mainstream|77.10|94.20|12|0|1.00|live|2|
2026-05-11|IT Infrastructure Deployment & Data Center Systems Integration|Fading|61.68||12|0|0.50|live|2|
2026-05-12|IT Infrastructure Deployment & Data Center Systems Integration|Fading|49.34||12|0|0.50|live|2|
2026-05-13|IT Infrastructure Deployment & Data Center Systems Integration|Fading|39.48||12|0|0.50|live|2|
2026-05-14|IT Infrastructure Deployment & Data Center Systems Integration|Fading|31.58||12|0|0.50|live|2|
2026-05-15|IT Infrastructure Deployment & Data Center Systems Integration|Fading|25.26||12|0|0.50|live|2|
2026-07-22|Korean Financial Sector Recovery|Nascent|74.90|89.80|1|0||live|2|
2026-07-23|Korean Financial Sector Recovery|Nascent|74.00|88.10|2|0|1.00|live|2|
2026-07-24|Korean Financial Sector Recovery|Nascent|71.70|83.50|3|0|1.00|live|2|
2026-07-27|Korean Financial Sector Recovery|Fading|57.36||3|0|1.00|live|2|
2026-07-28|Korean Financial Sector Recovery|Fading|45.89||3|0|0.00|live|2|
2026-07-29|Korean Financial Sector Recovery|Fading|36.71||3|0|0.00|live|2|
2026-07-30|Korean Financial Sector Recovery|Fading|29.37||3|0|1.00|live|2|
2026-07-31|Korean Financial Sector Recovery|Fading|23.49||3|0|0.00|live|2|
2026-08-03|Korean Financial Sector Recovery|Retired|0.00||4|0||live|0|
2026-03-19|Large-Cap Integrated & Upstream Oil & Gas|Nascent|75.00||0|0||live|3|
2026-03-20|Large-Cap Integrated & Upstream Oil & Gas|Retired|74.60||0|0||live|3|
2026-03-19|Large-Cap Upstream Oil & Gas E&P|Nascent|77.30||0|0||live|3|
2026-03-20|Large-Cap Upstream Oil & Gas E&P|Nascent|77.00||0|0||live|3|
2026-04-08|Large-Cap Upstream Oil & Gas E&P|Fading|67.60|75.20|0|0||live|52|
2026-04-17|Large-Cap Upstream Oil & Gas E&P|Fading|63.40|66.90|0|0||live|48|
2026-04-20|Large-Cap Upstream Oil & Gas E&P|Fading|64.50|69.10|0|0||live|47|
2026-04-24|Large-Cap Upstream Oil & Gas E&P|Fading|66.00|72.10|0|0|0.27|live|43|
2026-04-29|Large-Cap Upstream Oil & Gas E&P|Accelerating|75.60|91.10|1|1|1.00|live|43|
2026-05-01|Large-Cap Upstream Oil & Gas E&P|Accelerating|74.40|88.70|2|2|0.97|live|44|
2026-05-06|Large-Cap Upstream Oil & Gas E&P|Accelerating|71.00|82.00|3|3|0.43|live|9|
2026-05-07|Large-Cap Upstream Oil & Gas E&P|Accelerating|75.20|90.40|4|4|0.44|live|41|
2026-07-02|Large-Cap U.S. Defense Primes|Nascent|30.00|0.00|1|0||live|4|
2026-07-06|Large-Cap U.S. Defense Primes|Fading|24.00||1|0|1.00|live|2|
2026-07-07|Large-Cap U.S. Defense Primes|Fading|19.20||1|0|1.00|live|2|
2026-07-08|Large-Cap U.S. Defense Primes|Fading|15.36||1|0|1.00|live|2|
2026-07-09|Large-Cap U.S. Defense Primes|Fading|12.29||1|0|0.50|live|2|
2026-07-10|Large-Cap U.S. Defense Primes|Fading|9.83||1|0|1.00|live|2|
2026-07-13|Large-Cap U.S. Defense Primes|Retired|0.00||2|0||live|0|
2026-06-28|Large Defense Contractors & Aerospace Primes|Nascent|24.00|24.00|1|0||shadow_promoted|5|
2026-06-29|Large Defense Contractors & Aerospace Primes|Fading|19.20||1|0|0.50|live|2|
2026-06-30|Large Defense Contractors & Aerospace Primes|Fading|15.36||1|0|1.00|live|2|
2026-07-01|Large Defense Contractors & Aerospace Primes|Retired|0.00||2|0||live|0|
2026-06-26|Life Insurance & Annuity Providers|Nascent|30.00|0.00|1|0||live|5|
2026-06-29|Life Insurance & Annuity Providers|Nascent|62.60|65.20|2|0|1.00|live|5|
2026-06-30|Life Insurance & Annuity Providers|Accelerating|62.40|64.80|3|1|0.40|live|5|
2026-07-01|Life Insurance & Annuity Providers|Accelerating|60.00|59.90|4|2|0.80|live|5|
2026-07-02|Life Insurance & Annuity Providers|Accelerating|64.80|69.60|5|3|1.00|live|4|
2026-07-06|Life Insurance & Annuity Providers|Accelerating|65.00|69.90|6|4|0.75|live|4|
2026-07-07|Life Insurance & Annuity Providers|Accelerating|67.00|74.00|7|5|0.75|live|4|
2026-07-08|Life Insurance & Annuity Providers|Accelerating|66.50|73.10|8|6|0.75|live|4|
2026-07-09|Life Insurance & Annuity Providers|Accelerating|68.50|76.90|9|7|0.75|live|4|
2026-07-10|Life Insurance & Annuity Providers|Accelerating|69.50|78.90|10|8|0.75|live|4|
2026-07-13|Life Insurance & Annuity Providers|Mainstream|69.70|79.40|11|0|0.75|live|4|
2026-07-14|Life Insurance & Annuity Providers|Mainstream|70.30|80.50|12|0|0.75|live|4|
2026-07-15|Life Insurance & Annuity Providers|Mainstream|71.90|83.90|13|0|0.75|live|4|
2026-07-16|Life Insurance & Annuity Providers|Mainstream|73.10|86.20|14|0|0.75|live|4|
2026-07-17|Life Insurance & Annuity Providers|Mainstream|74.30|88.70|15|0|0.75|live|4|
2026-07-20|Life Insurance & Annuity Providers|Mainstream|73.30|86.70|16|0|0.75|live|4|
2026-07-21|Life Insurance & Annuity Providers|Mainstream|71.90|83.80|17|0|0.50|live|4|
2026-07-22|Life Insurance & Annuity Providers|Mainstream|75.90|91.80|18|0|0.50|live|4|
2026-07-23|Life Insurance & Annuity Providers|Mainstream|74.00|88.00|19|0|0.50|live|4|
2026-07-24|Life Insurance & Annuity Providers|Mainstream|75.50|90.90|20|0|0.50|live|4|
2026-07-27|Life Insurance & Annuity Providers|Mainstream|75.60|91.20|21|0|0.75|live|4|
2026-07-28|Life Insurance & Annuity Providers|Mainstream|75.20|90.30|22|0|0.75|live|4|
2026-07-29|Life Insurance & Annuity Providers|Mainstream|74.80|89.70|23|0|0.75|live|4|
2026-07-30|Life Insurance & Annuity Providers|Mainstream|75.50|91.00|24|0|0.75|live|4|
2026-07-31|Life Insurance & Annuity Providers|Mainstream|74.90|89.80|25|0|0.75|live|4|
2026-08-03|Life Insurance & Annuity Providers|Mainstream|72.70|85.40|26|0|1.00|live|3|
2026-07-10|Life Science Tools & Analytical Instruments|Nascent|30.00|0.00|1|0||live|4|
2026-07-13|Life Science Tools & Analytical Instruments|Nascent|69.90|79.80|2|0|1.00|live|4|
2026-07-14|Life Science Tools & Analytical Instruments|Accelerating|70.90|81.90|3|1|1.00|live|4|
2026-07-15|Life Science Tools & Analytical Instruments|Accelerating|69.20|78.50|4|2|1.00|live|4|
2026-07-16|Life Science Tools & Analytical Instruments|Accelerating|69.40|78.80|5|3|1.00|live|4|
2026-07-17|Life Science Tools & Analytical Instruments|Accelerating|67.60|75.30|6|4|0.75|live|4|
2026-07-20|Life Science Tools & Analytical Instruments|Mainstream|66.70|73.30|7|0|0.75|live|4|
2026-07-21|Life Science Tools & Analytical Instruments|Mainstream|66.10|72.20|8|0|0.67|live|3|
2026-07-22|Life Science Tools & Analytical Instruments|Mainstream|64.60|69.20|9|0|0.67|live|3|
2026-07-23|Life Science Tools & Analytical Instruments|Mainstream|74.00|88.00|10|0|1.00|live|3|
2026-07-24|Life Science Tools & Analytical Instruments|Mainstream|71.50|82.90|11|0|1.00|live|3|
2026-07-27|Life Science Tools & Analytical Instruments|Mainstream|71.40|82.80|12|0|0.67|live|3|
2026-07-28|Life Science Tools & Analytical Instruments|Mainstream|73.20|86.30|13|0|1.00|live|3|
2026-07-29|Life Science Tools & Analytical Instruments|Mainstream|73.90|87.80|14|0|1.00|live|3|
2026-07-30|Life Science Tools & Analytical Instruments|Mainstream|72.00|83.90|15|0|1.00|live|3|
2026-07-31|Life Science Tools & Analytical Instruments|Mainstream|73.70|87.30|16|0|1.00|live|3|
2026-08-03|Life Science Tools & Analytical Instruments|Mainstream|72.70|85.30|17|0|1.00|live|3|
2026-07-01|Liquid Biopsy & Multi-Cancer Early Detection|Nascent|77.00|94.00|1|0||live|2|
2026-07-02|Liquid Biopsy & Multi-Cancer Early Detection|Nascent|77.00|94.00|2|0|1.00|live|2|
2026-07-06|Liquid Biopsy & Multi-Cancer Early Detection|Nascent|77.60|95.20|3|0|1.00|live|2|
2026-07-07|Liquid Biopsy & Multi-Cancer Early Detection|Nascent|77.90|95.80|4|0|1.00|live|2|
2026-07-08|Liquid Biopsy & Multi-Cancer Early Detection|Nascent|77.10|94.20|5|0|1.00|live|2|
2026-07-09|Liquid Biopsy & Multi-Cancer Early Detection|Nascent|78.20|96.30|6|0|1.00|live|2|
2026-07-10|Liquid Biopsy & Multi-Cancer Early Detection|Nascent|77.70|95.40|7|0|1.00|live|2|
2026-07-13|Liquid Biopsy & Multi-Cancer Early Detection|Nascent|48.10|96.20|8|0|1.00|live|2|
2026-07-14|Liquid Biopsy & Multi-Cancer Early Detection|Mainstream|78.30|96.60|9|0|1.00|live|2|
2026-07-15|Liquid Biopsy & Multi-Cancer Early Detection|Mainstream|78.60|97.20|10|0|1.00|live|2|
2026-07-16|Liquid Biopsy & Multi-Cancer Early Detection|Accelerating|76.50|92.90|11|1|1.00|live|2|
2026-07-17|Liquid Biopsy & Multi-Cancer Early Detection|Accelerating|77.50|95.10|12|2|1.00|live|2|
2026-07-20|Liquid Biopsy & Multi-Cancer Early Detection|Mainstream|70.80|81.50|13|0|0.00|live|2|
2026-07-21|Liquid Biopsy & Multi-Cancer Early Detection|Mainstream|76.20|92.30|14|0|0.50|live|2|
2026-07-22|Liquid Biopsy & Multi-Cancer Early Detection|Fading|60.96||14|0|0.50|live|2|
2026-07-23|Liquid Biopsy & Multi-Cancer Early Detection|Fading|48.77||14|0|0.00|live|2|
2026-07-24|Liquid Biopsy & Multi-Cancer Early Detection|Fading|39.01||14|0|0.00|live|2|
2026-07-27|Liquid Biopsy & Multi-Cancer Early Detection|Fading|31.21||14|0|0.00|live|2|
2026-07-28|Liquid Biopsy & Multi-Cancer Early Detection|Retired|0.00||15|0||live|0|
2026-04-02|Lithium & Battery Critical Minerals Mining|Nascent|47.50|95.00|0|0||live|2|
2026-04-06|Lithium & Battery Critical Minerals Mining|Nascent|48.30|96.70|0|0||live|2|
2026-04-07|Lithium & Battery Critical Minerals Mining|Nascent|48.90|97.70|0|0||live|2|
2026-04-08|Lithium & Battery Critical Minerals Mining|Nascent|49.30|98.60|0|0||live|2|
2026-04-09|Lithium & Battery Critical Minerals Mining|Accelerating|79.20|98.30|0|0||live|2|
2026-04-10|Lithium & Battery Critical Minerals Mining|Accelerating|49.50|99.10|0|0||live|2|
2026-04-13|Lithium & Battery Critical Minerals Mining|Accelerating|49.70|99.40|0|0||live|2|
2026-04-14|Lithium & Battery Critical Minerals Mining|Fading|49.60|99.20|0|0||live|2|
2026-04-15|Lithium & Battery Critical Minerals Mining|Fading|49.60|99.20|0|0||live|2|
2026-04-16|Lithium & Battery Critical Minerals Mining|Fading|49.70|99.40|0|0||live|2|
2026-04-17|Lithium & Battery Critical Minerals Mining|Fading|49.30|98.70|0|0||live|2|
2026-04-20|Lithium & Battery Critical Minerals Mining|Fading|49.50|99.00|0|0||live|2|
2026-04-21|Lithium & Battery Critical Minerals Mining|Fading|48.30|96.60|0|0|1.00|live|2|
2026-04-22|Lithium & Battery Critical Minerals Mining|Fading|49.00|97.90|0|0|1.00|live|2|
2026-04-23|Lithium & Battery Critical Minerals Mining|Fading|48.50|97.00|0|0|1.00|live|2|
2026-04-24|Lithium & Battery Critical Minerals Mining|Fading|48.50|97.10|0|0|1.00|live|2|
2026-04-27|Lithium & Battery Critical Minerals Mining|Fading|48.70|97.30|0|0|1.00|live|2|
2026-04-28|Lithium & Battery Critical Minerals Mining|Fading|46.90|93.80|0|0|0.50|live|2|
2026-05-04|Lithium & Battery Critical Minerals Mining|Fading|37.52||0|0|0.50|live|2|
2026-05-05|Lithium & Battery Critical Minerals Mining|Fading|30.02||0|0|0.50|live|2|
2026-05-06|Lithium & Battery Critical Minerals Mining|Fading|24.01||0|0|0.50|live|2|
2026-05-08|Lithium & Battery Critical Minerals Mining|Fading|19.21||0|0|0.50|live|2|
2026-05-11|Lithium & Battery Critical Minerals Mining|Fading|15.37||0|0|0.00|live|2|
2026-05-15|Lithium & Battery Critical Minerals Mining|Fading|12.29||0|0|0.00|live|2|
2026-05-18|Lithium & Battery Critical Minerals Mining|Fading|9.84||0|0|0.00|live|2|
2026-05-19|Lithium & Battery Critical Minerals Mining|Fading|7.87||0|0|0.00|live|2|
2026-05-20|Lithium & Battery Critical Minerals Mining|Fading|6.29||0|0|0.00|live|2|
2026-05-22|Lithium & Battery Critical Minerals Mining|Fading|5.04||0|0|0.50|live|2|
2026-05-26|Lithium & Battery Critical Minerals Mining|Fading|4.03||0|0|0.50|live|2|
2026-05-27|Lithium & Battery Critical Minerals Mining|Retired|0.00||1|0||live|0|
2026-05-28|Lithium & Battery Critical Minerals Mining|Fading|3.22||1|0|0.50|live|2|
2026-05-29|Lithium & Battery Critical Minerals Mining|Fading|2.58||1|0|0.50|live|2|
2026-06-01|Lithium & Battery Critical Minerals Mining|Fading|2.06||1|0|0.50|live|2|
2026-06-02|Lithium & Battery Critical Minerals Mining|Fading|1.65||1|0|0.50|live|2|
2026-06-03|Lithium & Battery Critical Minerals Mining|Fading|1.32||1|0|0.50|live|2|
2026-06-04|Lithium & Battery Critical Minerals Mining|Retired|0.00||2|0||live|0|
2026-06-05|Lithium & Battery Critical Minerals Mining|Fading|0.35||2|0|0.50|live|2|
2026-06-08|Lithium & Battery Critical Minerals Mining|Fading|0.28||2|0|0.00|live|2|
2026-06-09|Lithium & Battery Critical Minerals Mining|Fading|0.22||2|0|0.00|live|2|
2026-06-10|Lithium & Battery Critical Minerals Mining|Fading|0.18||2|0|0.00|live|2|
2026-06-11|Lithium & Battery Critical Minerals Mining|Fading|0.14||2|0|0.00|live|2|
2026-06-12|Lithium & Battery Critical Minerals Mining|Retired|0.00||3|0||live|0|
2026-03-24|LNG Export Infrastructure & Floating LNG|Nascent|79.60||0|0||live|7|
2026-03-25|LNG Export Infrastructure & Floating LNG|Nascent|79.10||0|0||live|7|
2026-03-26|LNG Export Infrastructure & Floating LNG|Nascent|79.30||0|0||live|7|
2026-03-27|LNG Export Infrastructure & Floating LNG|Fading|49.30||0|0||live|7|
2026-04-08|LNG Export Infrastructure & Floating LNG|Retired|42.40|84.80|0|0||live|7|
2026-04-15|LNG Liquefaction & Export Infrastructure|Retired|65.70|71.30|0|0||live|4|Permian & U.S. Mid-Continent Pure-Play E&P
2026-04-01|LNG Liquefaction Infrastructure & Marine Export Terminals|Nascent|79.20||0|0||live|50|
2026-04-16|LNG Liquefaction Infrastructure & Marine Export Terminals|Retired|66.00|72.10|1|0||live|47|
2026-07-20|Medical Device Mean-Reversion & Rotation Recovery|Nascent|87.55|87.55|1|0||shadow_promoted|4|
2026-07-21|Medical Device Mean-Reversion & Rotation Recovery|Nascent|44.30|88.60|2|0|1.00|live|4|
2026-07-22|Medical Device Mean-Reversion & Rotation Recovery|Nascent|73.20|86.40|3|0|1.00|live|4|
2026-07-23|Medical Device Mean-Reversion & Rotation Recovery|Nascent|72.20|84.40|4|0|1.00|live|4|
2026-07-24|Medical Device Mean-Reversion & Rotation Recovery|Nascent|72.10|84.10|5|0|0.75|live|4|
2026-07-27|Medical Device Mean-Reversion & Rotation Recovery|Mainstream|71.10|82.20|6|0|1.00|live|4|
2026-07-28|Medical Device Mean-Reversion & Rotation Recovery|Accelerating|72.90|85.90|7|1|1.00|live|4|
2026-07-29|Medical Device Mean-Reversion & Rotation Recovery|Mainstream|73.60|87.20|8|0|1.00|live|4|
2026-07-30|Medical Device Mean-Reversion & Rotation Recovery|Mainstream|77.70|95.40|9|0|0.75|live|4|
2026-07-31|Medical Device Mean-Reversion & Rotation Recovery|Mainstream|76.50|93.00|10|0|0.75|live|4|
2026-08-03|Medical Device Mean-Reversion & Rotation Recovery|Mainstream|73.70|87.40|11|0|1.00|live|4|
2026-06-28|Medical Devices & Surgical Equipment|Nascent|34.38|34.38|1|0||shadow_promoted|4|
2026-06-29|Medical Devices & Surgical Equipment|Fading|27.50||1|0|1.00|live|2|
2026-06-30|Medical Devices & Surgical Equipment|Fading|22.00||1|0|1.00|live|2|
2026-07-01|Medical Devices & Surgical Equipment|Fading|17.60||1|0|1.00|live|2|
2026-07-02|Medical Devices & Surgical Equipment|Fading|14.08||1|0|1.00|live|2|
2026-07-06|Medical Devices & Surgical Equipment|Fading|11.26||1|0|1.00|live|2|
2026-07-07|Medical Devices & Surgical Equipment|Retired|0.00||2|0||live|0|
2026-07-23|Medical Device Sterilization & Surgical Supply Infrastructure|Nascent|39.40|39.40|1|0||shadow_promoted|4|
2026-07-24|Medical Device Sterilization & Surgical Supply Infrastructure|Fading|31.52||1|0|1.00|live|2|
2026-07-27|Medical Device Sterilization & Surgical Supply Infrastructure|Retired|0.00||2|0||live|0|
2026-06-26|Midstream Energy Infrastructure & Pipeline Operators|Nascent|30.00|0.00|1|0||live|11|
2026-06-29|Midstream Energy Infrastructure & Pipeline Operators|Nascent|59.80|59.60|2|0|0.60|live|10|
2026-06-30|Midstream Energy Infrastructure & Pipeline Operators|Accelerating|59.10|58.20|3|1|0.56|live|13|
2026-07-01|Midstream Energy Infrastructure & Pipeline Operators|Fading|47.28||3|0|0.29|live|9|
2026-07-02|Midstream Energy Infrastructure & Pipeline Operators|Fading|37.82||3|0|0.50|live|8|
2026-07-06|Midstream Energy Infrastructure & Pipeline Operators|Fading|30.26||3|0|0.67|live|3|
2026-07-07|Midstream Energy Infrastructure & Pipeline Operators|Fading|24.21||3|0|1.00|live|3|
2026-07-08|Midstream Energy Infrastructure & Pipeline Operators|Fading|19.37||3|0|1.00|live|3|
2026-07-09|Midstream Energy Infrastructure & Pipeline Operators|Retired|0.00||4|0||live|0|
2026-07-16|Minimally Invasive & Robotic Surgical Device Platforms|Nascent|17.07|17.07|1|0||shadow_promoted|3|
2026-07-17|Minimally Invasive & Robotic Surgical Device Platforms|Fading|13.65||1|0|0.50|live|2|
2026-07-20|Minimally Invasive & Robotic Surgical Device Platforms|Fading|10.92||1|0|0.50|live|2|
2026-07-21|Minimally Invasive & Robotic Surgical Device Platforms|Fading|8.74||1|0|0.00|live|2|
2026-07-22|Minimally Invasive & Robotic Surgical Device Platforms|Fading|6.99||1|0|0.00|live|2|
2026-07-23|Minimally Invasive & Robotic Surgical Device Platforms|Fading|5.59||1|0|0.50|live|2|
2026-07-24|Minimally Invasive & Robotic Surgical Device Platforms|Retired|0.00||2|0||live|0|
2026-07-09|Molecular Diagnostics & DNA-Based Genetic Testing|Nascent|84.20|84.20|1|0||shadow_promoted|3|
2026-07-10|Molecular Diagnostics & DNA-Based Genetic Testing|Nascent|73.70|87.30|2|0|1.00|live|3|
2026-07-13|Molecular Diagnostics & DNA-Based Genetic Testing|Nascent|73.70|87.40|3|0|0.67|live|3|
2026-07-14|Molecular Diagnostics & DNA-Based Genetic Testing|Nascent|73.70|87.40|4|0|0.67|live|3|
2026-07-15|Molecular Diagnostics & DNA-Based Genetic Testing|Nascent|73.10|86.20|5|0|1.00|live|3|
2026-07-16|Molecular Diagnostics & DNA-Based Genetic Testing|Mainstream|71.80|83.70|6|0|0.67|live|3|
2026-07-17|Molecular Diagnostics & DNA-Based Genetic Testing|Mainstream|71.70|83.40|7|0|0.67|live|3|
2026-07-20|Molecular Diagnostics & DNA-Based Genetic Testing|Fading|57.36||7|0|1.00|live|2|
2026-07-21|Molecular Diagnostics & DNA-Based Genetic Testing|Mainstream|70.60|81.20|8|0|1.00|live|2|
2026-07-22|Molecular Diagnostics & DNA-Based Genetic Testing|Mainstream|71.80|83.50|9|0|1.00|live|2|
2026-07-23|Molecular Diagnostics & DNA-Based Genetic Testing|Mainstream|73.60|87.20|10|0|1.00|live|2|
2026-07-24|Molecular Diagnostics & DNA-Based Genetic Testing|Mainstream|72.10|84.20|11|0|1.00|live|2|
2026-07-27|Molecular Diagnostics & DNA-Based Genetic Testing|Mainstream|72.40|84.80|12|0|1.00|live|2|
2026-07-28|Molecular Diagnostics & DNA-Based Genetic Testing|Mainstream|74.50|89.00|13|0|1.00|live|2|
2026-07-29|Molecular Diagnostics & DNA-Based Genetic Testing|Mainstream|72.80|85.70|14|0|1.00|live|2|
2026-07-30|Molecular Diagnostics & DNA-Based Genetic Testing|Fading|58.24||14|0|1.00|live|2|
2026-07-31|Molecular Diagnostics & DNA-Based Genetic Testing|Fading|46.59||14|0|1.00|live|2|
2026-08-03|Molecular Diagnostics & DNA-Based Genetic Testing|Fading|37.27||14|0|1.00|live|2|
2026-03-20|mRNA Platform & Next-Gen Therapeutics|Retired|43.10||0|0||live|2|
2026-06-26|Multifamily Apartment REITs|Nascent|30.00|0.00|1|0||live|4|
2026-06-29|Multifamily Apartment REITs|Nascent|60.60|61.10|2|0|1.00|live|4|
2026-06-30|Multifamily Apartment REITs|Fading|48.48||2|0|1.00|live|4|
2026-07-01|Multifamily Apartment REITs|Fading|38.78||2|0|1.00|live|4|
2026-07-02|Multifamily Apartment REITs|Fading|60.10|60.30|2|0|1.00|live|4|
2026-07-06|Multifamily Apartment REITs|Accelerating|62.00|63.90|3|1|1.00|live|4|
2026-07-07|Multifamily Apartment REITs|Accelerating|63.20|66.40|4|2|1.00|live|4|
2026-07-08|Multifamily Apartment REITs|Nascent|61.10|62.20|5|0|1.00|live|4|
2026-07-09|Multifamily Apartment REITs|Nascent|60.50|60.90|6|0|0.50|live|4|
2026-07-10|Multifamily Apartment REITs|Nascent|59.80|59.70|7|0|0.50|live|4|
2026-07-13|Multifamily Apartment REITs|Fading|47.84||7|0|0.75|live|4|
2026-07-14|Multifamily Apartment REITs|Fading|38.27||7|0|0.25|live|4|
2026-07-15|Multifamily Apartment REITs|Fading|30.62||7|0|0.00|live|4|
2026-07-16|Multifamily Apartment REITs|Fading|24.49||7|0|0.75|live|4|
2026-07-17|Multifamily Apartment REITs|Fading|19.60||7|0|0.33|live|3|
2026-07-20|Multifamily Apartment REITs|Retired|0.00||8|0||live|0|
2026-07-22|Multifamily Apartment REITs|Nascent|30.00|0.00|9|0||live|4|
2026-07-23|Multifamily Apartment REITs|Fading|24.00||9|0|0.00|live|2|
2026-07-24|Multifamily Apartment REITs|Fading|19.20||9|0|0.00|live|2|
2026-07-27|Multifamily Apartment REITs|Fading|15.36||9|0|0.00|live|2|
2026-07-28|Multifamily Apartment REITs|Fading|12.29||9|0|0.50|live|2|
2026-07-29|Multifamily Apartment REITs|Fading|9.83||9|0|0.50|live|2|
2026-07-30|Multifamily Apartment REITs|Retired|0.00||10|0||live|0|
2026-03-21|NAND Flash & Solid-State Storage Devices|Fading|63.68||0|0||live|2|
2026-03-23|NAND Flash & Solid-State Storage Devices|Fading|50.94||0|0||live|2|
2026-03-24|NAND Flash & Solid-State Storage Devices|Fading|16.69||0|0||live|2|
2026-03-25|NAND Flash & Solid-State Storage Devices|Fading|10.68||0|0||live|2|
2026-03-27|NAND Flash & Solid-State Storage Devices|Fading|8.55||0|0||live|2|
2026-03-30|NAND Flash & Solid-State Storage Devices|Accelerating|76.50||0|0||live|2|
2026-03-31|NAND Flash & Solid-State Storage Devices|Accelerating|78.30||0|0||live|2|
2026-04-17|NAND Flash & Solid-State Storage Devices|Fading|62.64||0|0||live|2|
2026-04-21|NAND Flash & Solid-State Storage Devices|Fading|50.11||0|0|1.00|live|2|
2026-04-24|NAND Flash & Solid-State Storage Devices|Retired|40.09||0|0|0.00|live|2|
2026-03-20|Network Security & Zero-Trust Edge|Nascent|68.90||0|0||live|2|
2026-03-21|Network Security & Zero-Trust Edge|Fading|55.12||0|0||live|2|
2026-03-23|Network Security & Zero-Trust Edge|Fading|44.10||0|0||live|2|
2026-03-24|Network Security & Zero-Trust Edge|Fading|28.22||0|0||live|2|
2026-03-25|Network Security & Zero-Trust Edge|Fading|22.58||0|0||live|2|
2026-03-27|Network Security & Zero-Trust Edge|Fading|18.06||0|0||live|2|
2026-04-01|Network Security & Zero-Trust Edge|Fading|14.45||0|0||live|2|
2026-04-06|Network Security & Zero-Trust Edge|Fading|11.56||0|0||live|2|
2026-04-07|Network Security & Zero-Trust Edge|Fading|9.25||0|0||live|2|
2026-04-09|Network Security & Zero-Trust Edge|Fading|7.40||0|0||live|2|
2026-04-10|Network Security & Zero-Trust Edge|Fading|5.92||0|0||live|2|
2026-04-14|Network Security & Zero-Trust Edge|Fading|4.73||0|0||live|2|
2026-04-21|Network Security & Zero-Trust Edge|Fading|3.79||0|0|1.00|live|2|
2026-04-22|Network Security & Zero-Trust Edge|Fading|3.03||0|0|1.00|live|2|
2026-04-23|Network Security & Zero-Trust Edge|Fading|2.42||0|0|1.00|live|2|
2026-04-24|Network Security & Zero-Trust Edge|Fading|1.94||0|0|1.00|live|2|
2026-04-27|Network Security & Zero-Trust Edge|Fading|1.55||0|0|1.00|live|2|
2026-05-01|Network Security & Zero-Trust Edge|Fading|41.60|83.20|0|0|1.00|live|2|
2026-05-04|Network Security & Zero-Trust Edge|Accelerating|73.30|86.60|1|1|1.00|live|2|
2026-05-05|Network Security & Zero-Trust Edge|Accelerating|72.00|84.10|2|2|1.00|live|2|
2026-05-06|Network Security & Zero-Trust Edge|Accelerating|70.80|81.50|3|3|1.00|live|2|
2026-05-07|Network Security & Zero-Trust Edge|Accelerating|77.60|95.20|4|4|1.00|live|2|
2026-05-08|Network Security & Zero-Trust Edge|Accelerating|78.00|96.10|5|5|1.00|live|2|
2026-05-11|Network Security & Zero-Trust Edge|Mainstream|78.00|96.10|6|0|1.00|live|2|
2026-05-15|Network Security & Zero-Trust Edge|Mainstream|78.80|97.70|7|0|1.00|live|2|
2026-05-18|Network Security & Zero-Trust Edge|Mainstream|79.20|98.30|8|0|1.00|live|2|
2026-05-19|Network Security & Zero-Trust Edge|Mainstream|79.20|98.50|9|0|1.00|live|2|
2026-05-20|Network Security & Zero-Trust Edge|Mainstream|79.20|98.30|10|0|1.00|live|2|
2026-05-21|Network Security & Zero-Trust Edge|Mainstream|79.20|98.30|11|0|1.00|live|2|
2026-05-22|Network Security & Zero-Trust Edge|Mainstream|79.20|98.50|12|0|1.00|live|2|
2026-05-27|Network Security & Zero-Trust Edge|Mainstream|79.00|98.10|13|0|1.00|live|2|
2026-05-28|Network Security & Zero-Trust Edge|Mainstream|78.10|96.20|14|0|1.00|live|2|
2026-05-29|Network Security & Zero-Trust Edge|Nascent|78.80|97.50|15|0|1.00|live|2|
2026-06-01|Network Security & Zero-Trust Edge|Nascent|79.20|98.40|16|0|1.00|live|5|
2026-06-02|Network Security & Zero-Trust Edge|Nascent|79.00|98.00|17|0|1.00|live|5|
2026-06-03|Network Security & Zero-Trust Edge|Mainstream|78.80|97.70|18|0|1.00|live|5|
2026-06-04|Network Security & Zero-Trust Edge|Mainstream|78.60|97.20|19|0|1.00|live|5|
2026-06-05|Network Security & Zero-Trust Edge|Nascent|78.70|97.40|20|0|1.00|live|6|
2026-06-08|Network Security & Zero-Trust Edge|Mainstream|78.00|95.90|21|0|1.00|live|6|
2026-06-09|Network Security & Zero-Trust Edge|Mainstream|77.30|94.70|22|0|0.67|live|6|
2026-06-10|Network Security & Zero-Trust Edge|Mainstream|77.70|95.50|23|0|0.60|live|5|
2026-06-11|Network Security & Zero-Trust Edge|Mainstream|78.20|96.50|24|0|1.00|live|5|
2026-06-12|Network Security & Zero-Trust Edge|Mainstream|77.80|95.70|25|0|1.00|live|5|
2026-06-15|Network Security & Zero-Trust Edge|Mainstream|77.90|95.80|26|0|1.00|live|5|
2026-06-16|Network Security & Zero-Trust Edge|Mainstream|77.70|95.40|27|0|0.80|live|5|
2026-06-17|Network Security & Zero-Trust Edge|Mainstream|78.10|96.10|28|0|0.60|live|5|
2026-06-18|Network Security & Zero-Trust Edge|Mainstream|76.90|93.80|29|0|0.60|live|5|
2026-06-22|Network Security & Zero-Trust Edge|Mainstream|65.80|71.50|30|0|0.60|live|5|
2026-06-23|Network Security & Zero-Trust Edge|Fading|67.90|75.80|30|0|0.60|live|5|
2026-06-24|Network Security & Zero-Trust Edge|Fading|68.70|77.40|30|0|0.60|live|5|
2026-06-25|Network Security & Zero-Trust Edge|Fading|70.30|80.50|30|0|0.60|live|5|
2026-06-26|Network Security & Zero-Trust Edge|Fading|73.40|86.80|30|0|0.80|live|6|
2026-06-29|Network Security & Zero-Trust Edge|Accelerating|78.00|96.00|31|1|1.00|live|6|
2026-06-30|Network Security & Zero-Trust Edge|Accelerating|78.70|97.40|32|2|1.00|live|7|
2026-07-01|Network Security & Zero-Trust Edge|Accelerating|79.10|98.10|33|3|1.00|live|7|
2026-07-02|Network Security & Zero-Trust Edge|Mainstream|79.10|98.20|34|0|1.00|live|9|
2026-07-06|Network Security & Zero-Trust Edge|Mainstream|79.40|98.90|35|0|1.00|live|11|
2026-07-07|Network Security & Zero-Trust Edge|Mainstream|79.20|98.50|36|0|1.00|live|12|
2026-07-08|Network Security & Zero-Trust Edge|Nascent|79.20|98.40|37|0|0.92|live|12|
2026-07-09|Network Security & Zero-Trust Edge|Nascent|79.30|98.60|38|0|1.00|live|12|
2026-07-10|Network Security & Zero-Trust Edge|Nascent|79.00|98.00|39|0|1.00|live|12|
2026-07-13|Network Security & Zero-Trust Edge|Mainstream|79.20|98.40|40|0|0.92|live|12|
2026-07-14|Network Security & Zero-Trust Edge|Mainstream|79.40|98.90|41|0|0.92|live|12|
2026-07-15|Network Security & Zero-Trust Edge|Mainstream|79.50|99.00|42|0|1.00|live|11|
2026-07-16|Network Security & Zero-Trust Edge|Mainstream|79.20|98.50|43|0|0.91|live|11|
2026-07-17|Network Security & Zero-Trust Edge|Mainstream|79.20|98.30|44|0|0.82|live|9|
2026-07-20|Network Security & Zero-Trust Edge|Mainstream|78.10|96.10|45|0|0.78|live|9|
2026-07-21|Network Security & Zero-Trust Edge|Mainstream|76.20|92.40|46|0|0.78|live|9|
2026-07-22|Network Security & Zero-Trust Edge|Mainstream|72.60|85.20|47|0|0.22|live|9|
2026-07-23|Network Security & Zero-Trust Edge|Fading|71.40|82.80|47|0|0.22|live|9|
2026-07-24|Network Security & Zero-Trust Edge|Fading|72.40|84.90|47|0|0.11|live|9|
2026-07-27|Network Security & Zero-Trust Edge|Fading|70.30|80.60|47|0|0.33|live|9|
2026-07-28|Network Security & Zero-Trust Edge|Fading|66.20|72.40|47|0|0.00|live|9|
2026-07-29|Network Security & Zero-Trust Edge|Mainstream|66.00|72.00|48|0|0.11|live|9|
2026-07-30|Network Security & Zero-Trust Edge|Fading|68.90|77.70|48|0|0.13|live|8|
2026-07-31|Network Security & Zero-Trust Edge|Fading|74.20|88.40|48|0|0.25|live|8|
2026-08-03|Network Security & Zero-Trust Edge|Mainstream|71.20|82.30|49|0|0.50|live|8|
2026-03-24|Niche Specialty Chemicals & Industrial Intermediates|Accelerating|79.60||0|0||live|5|
2026-03-25|Niche Specialty Chemicals & Industrial Intermediates|Fading|49.20||0|0||live|5|
2026-03-27|Niche Specialty Chemicals & Industrial Intermediates|Accelerating|49.40||0|0||live|8|
2026-04-13|Niche Specialty Chemicals & Industrial Intermediates|Fading|47.20|94.30|0|0||live|6|
2026-04-20|Niche Specialty Chemicals & Industrial Intermediates|Accelerating|63.40|66.80|1|1||live|6|
2026-04-21|Niche Specialty Chemicals & Industrial Intermediates|Accelerating|67.40|74.70|2|2|0.33|live|5|
2026-04-23|Niche Specialty Chemicals & Industrial Intermediates|Accelerating|70.10|80.20|3|3|0.60|live|6|
2026-04-28|Niche Specialty Chemicals & Industrial Intermediates|Accelerating|74.00|88.00|4|4|0.83|live|5|
2026-04-29|Niche Specialty Chemicals & Industrial Intermediates|Accelerating|75.30|90.70|5|5|1.00|live|5|
2026-05-04|Niche Specialty Chemicals & Industrial Intermediates|Accelerating|45.10|90.20|6|6|0.80|live|2|
2026-05-06|Niche Specialty Chemicals & Industrial Intermediates|Fading|36.08||6|0|0.50|live|2|
2026-05-08|Niche Specialty Chemicals & Industrial Intermediates|Fading|28.86||6|0|0.00|live|2|
2026-05-14|Niche Specialty Chemicals & Industrial Intermediates|Fading|23.09||6|0|0.50|live|2|
2026-03-24|Nitrogen Fertilizer & Ammonia Producers|Nascent|79.50||0|0||live|3|
2026-03-26|Nitrogen Fertilizer & Ammonia Producers|Nascent|79.70||0|0||live|3|
2026-03-31|Nitrogen Fertilizer & Ammonia Producers|Nascent|79.60||0|0||live|5|
2026-04-01|Nitrogen Fertilizer & Ammonia Producers|Nascent|79.00||0|0||live|4|
2026-04-24|Nitrogen Fertilizer & Ammonia Producers|Fading|63.20||0|0|0.00|live|12|
2026-05-01|Nitrogen Fertilizer & Ammonia Producers|Fading|72.30|84.60|0|0|0.82|live|12|
2026-05-06|Nitrogen Fertilizer & Ammonia Producers|Fading|71.80|83.60|0|0|0.56|live|8|
2026-05-08|Nitrogen Fertilizer & Ammonia Producers|Fading|69.30|78.70|0|0|0.00|live|4|
2026-05-11|Nitrogen Fertilizer & Ammonia Producers|Fading|41.20|82.40|0|0|0.50|live|2|
2026-05-12|Nitrogen Fertilizer & Ammonia Producers|Fading|70.30|80.70|0|0|0.50|live|6|
2026-05-13|Nitrogen Fertilizer & Ammonia Producers|Fading|56.24||0|0|0.50|live|2|
2026-05-27|Nitrogen Fertilizer & Ammonia Producers|Fading|23.92||0|0|0.50|live|2|
2026-05-28|Nitrogen Fertilizer & Ammonia Producers|Retired|0.00||1|0||live|0|Nitrogen Fertilizer & Crop Nutrient Producers
2026-05-29|Nitrogen Fertilizer & Ammonia Producers|Fading|19.14||1|0|0.50|live|2|
2026-06-01|Nitrogen Fertilizer & Ammonia Producers|Retired|0.00||2|0||live|0|Nitrogen Fertilizer & Crop Nutrient Producers
2026-06-02|Nitrogen Fertilizer & Ammonia Producers|Retired|0.00||3|0||live|0|Nitrogen Fertilizer & Crop Nutrient Producers
2026-06-03|Nitrogen Fertilizer & Ammonia Producers|Fading|15.31||3|0|0.50|live|2|
2026-06-04|Nitrogen Fertilizer & Ammonia Producers|Retired|0.00||4|0||live|0|Nitrogen Fertilizer & Crop Nutrient Producers
2026-06-05|Nitrogen Fertilizer & Ammonia Producers|Retired|0.00||5|0||live|0|Nitrogen Fertilizer & Crop Nutrient Producers
2026-06-08|Nitrogen Fertilizer & Ammonia Producers|Fading|12.25||5|0|0.50|live|2|
2026-06-09|Nitrogen Fertilizer & Ammonia Producers|Fading|9.80||5|0|0.50|live|2|
2026-06-10|Nitrogen Fertilizer & Ammonia Producers|Fading|7.84||5|0|0.50|live|2|
2026-06-12|Nitrogen Fertilizer & Ammonia Producers|Fading|6.27||5|0|0.00|live|2|
2026-06-16|Nitrogen Fertilizer & Ammonia Producers|Fading|5.02||5|0|0.00|live|2|
2026-06-17|Nitrogen Fertilizer & Ammonia Producers|Retired|0.00||6|0||live|0|
2026-03-25|Nitrogen Fertilizer & Ammonia Pure-Play Producers|Nascent|79.30||0|0||live|3|
2026-03-27|Nitrogen Fertilizer & Ammonia Pure-Play Producers|Nascent|79.40||0|0||live|3|
2026-04-06|Nitrogen Fertilizer & Ammonia Pure-Play Producers|Retired|77.30|94.70|0|0||live|4|
2026-03-21|Nitrogen Fertilizer & Crop Nutrient Producers|Nascent|79.60||0|0||live|2|
2026-03-30|Nitrogen Fertilizer & Crop Nutrient Producers|Nascent|79.70||0|0||live|3|
2026-04-23|Nitrogen Fertilizer & Crop Nutrient Producers|Fading|69.80|79.50|0|0|0.67|live|14|
2026-04-27|Nitrogen Fertilizer & Crop Nutrient Producers|Fading|65.90|71.80|0|0|0.25|live|11|
2026-04-29|Nitrogen Fertilizer & Crop Nutrient Producers|Fading|72.20|84.40|0|0|0.56|live|11|
2026-05-06|Nitrogen Fertilizer & Crop Nutrient Producers|Fading|71.80|83.60|0|0|0.63|live|3|
2026-05-12|Nitrogen Fertilizer & Crop Nutrient Producers|Fading|45.30|90.60|0|0|1.00|live|3|
2026-05-14|Nitrogen Fertilizer & Crop Nutrient Producers|Fading|72.20|84.40|0|0|1.00|live|3|
2026-05-15|Nitrogen Fertilizer & Crop Nutrient Producers|Accelerating|75.50|90.90|1|1|0.67|live|3|
2026-05-18|Nitrogen Fertilizer & Crop Nutrient Producers|Accelerating|75.10|90.20|2|2|0.67|live|2|
2026-05-19|Nitrogen Fertilizer & Crop Nutrient Producers|Accelerating|73.00|86.00|3|3|0.50|live|2|
2026-05-20|Nitrogen Fertilizer & Crop Nutrient Producers|Fading|58.40||3|0|0.00|live|2|
2026-05-21|Nitrogen Fertilizer & Crop Nutrient Producers|Fading|46.72||3|0|0.50|live|2|
2026-05-22|Nitrogen Fertilizer & Crop Nutrient Producers|Fading|37.38||3|0|0.50|live|2|
2026-05-26|Nitrogen Fertilizer & Crop Nutrient Producers|Fading|29.90||3|0|0.50|live|2|
2026-05-28|Nitrogen Fertilizer & Crop Nutrient Producers|Fading|23.92||3|0|0.50|live|2|
2026-05-29|Nitrogen Fertilizer & Crop Nutrient Producers|Retired|0.00||4|0||live|0|
2026-06-01|Nitrogen Fertilizer & Crop Nutrient Producers|Fading|19.14||4|0|0.50|live|2|
2026-06-02|Nitrogen Fertilizer & Crop Nutrient Producers|Fading|15.31||4|0|0.50|live|2|
2026-06-03|Nitrogen Fertilizer & Crop Nutrient Producers|Retired|0.00||5|0||live|0|Nitrogen Fertilizer & Ammonia Producers
2026-06-04|Nitrogen Fertilizer & Crop Nutrient Producers|Fading|12.25||5|0|0.50|live|2|
2026-06-05|Nitrogen Fertilizer & Crop Nutrient Producers|Fading|9.80||5|0|0.50|live|2|
2026-06-08|Nitrogen Fertilizer & Crop Nutrient Producers|Retired|0.00||6|0||live|0|Nitrogen Fertilizer & Ammonia Producers
2026-06-09|Nitrogen Fertilizer & Crop Nutrient Producers|Retired|0.00||7|0||live|0|Nitrogen Fertilizer & Ammonia Producers
2026-06-11|Nitrogen Fertilizer & Crop Nutrient Producers|Fading|6.27||7|0|0.50|live|2|
2026-06-12|Nitrogen Fertilizer & Crop Nutrient Producers|Retired|0.00||8|0||live|0|Nitrogen Fertilizer & Ammonia Producers
2026-06-15|Nitrogen Fertilizer & Crop Nutrient Producers|Fading|5.02||8|0|0.00|live|2|
2026-06-16|Nitrogen Fertilizer & Crop Nutrient Producers|Retired|0.00||9|0||live|0|Nitrogen Fertilizer & Ammonia Producers
2026-03-23|Nitrogen & Specialty Crop Nutrient Producers|Nascent|79.50||0|0||live|2|
2026-04-10|Nitrogen & Specialty Crop Nutrient Producers|Accelerating|75.00|90.00|0|0||live|15|
2026-04-15|Nitrogen & Specialty Crop Nutrient Producers|Accelerating|68.00|76.00|0|0||live|14|
2026-04-16|Nitrogen & Specialty Crop Nutrient Producers|Accelerating|69.20|78.50|1|1||live|14|
2026-04-17|Nitrogen & Specialty Crop Nutrient Producers|Retired|66.00|72.10|2|2||live|14|
2026-07-08|Non-US & Frontier Market Digital Financial Services Re-Rating|Nascent|85.70|85.70|1|0||shadow_promoted|4|
2026-07-09|Non-US & Frontier Market Digital Financial Services Re-Rating|Nascent|75.30|90.50|2|0|1.00|live|3|
2026-07-10|Non-US & Frontier Market Digital Financial Services Re-Rating|Nascent|74.00|88.10|3|0|1.00|live|2|
2026-07-13|Non-US & Frontier Market Digital Financial Services Re-Rating|Fading|59.20||3|0|1.00|live|2|
2026-07-14|Non-US & Frontier Market Digital Financial Services Re-Rating|Fading|47.36||3|0|1.00|live|2|
2026-07-15|Non-US & Frontier Market Digital Financial Services Re-Rating|Fading|37.89||3|0|1.00|live|2|
2026-07-16|Non-US & Frontier Market Digital Financial Services Re-Rating|Fading|30.31||3|0|1.00|live|2|
2026-07-17|Non-US & Frontier Market Digital Financial Services Re-Rating|Fading|24.25||3|0|1.00|live|2|
2026-07-20|Non-US & Frontier Market Digital Financial Services Re-Rating|Retired|0.00||4|0||live|0|
2026-06-28|Nucleic Acid Therapeutics & Gene Synthesis Platforms|Nascent|95.83|95.83|1|0||shadow_promoted|3|
2026-06-29|Nucleic Acid Therapeutics & Gene Synthesis Platforms|Retired|0.00||2|0||live|0|
2026-03-26|Nylon & Engineered Polymer Intermediates|Nascent|79.10||0|0||live|7|
2026-04-02|Nylon & Engineered Polymer Intermediates|Nascent|78.50|96.90|0|0||live|11|
2026-04-06|Nylon & Engineered Polymer Intermediates|Nascent|79.00|98.00|0|0||live|12|
2026-04-08|Nylon & Engineered Polymer Intermediates|Nascent|75.90|91.80|0|0||live|15|
2026-04-14|Nylon & Engineered Polymer Intermediates|Nascent|70.10|80.10|0|0||live|7|
2026-04-15|Nylon & Engineered Polymer Intermediates|Nascent|71.40|82.80|0|0||live|6|
2026-04-24|Nylon & Engineered Polymer Intermediates|Nascent|69.90|79.90|1|0|0.50|live|6|
2026-05-01|Nylon & Engineered Polymer Intermediates|Nascent|76.00|91.90|2|0|1.00|live|5|
2026-05-04|Nylon & Engineered Polymer Intermediates|Nascent|45.10|90.20|3|0|0.80|live|5|
2026-05-05|Nylon & Engineered Polymer Intermediates|Nascent|76.70|93.40|4|0|1.00|live|5|
2026-05-06|Nylon & Engineered Polymer Intermediates|Nascent|43.70|87.40|5|0|0.50|live|4|
2026-05-07|Nylon & Engineered Polymer Intermediates|Fading|38.40|76.80|5|0|0.50|live|4|
2026-05-08|Nylon & Engineered Polymer Intermediates|Mainstream|72.60|85.20|6|0|0.00|live|4|
2026-05-11|Nylon & Engineered Polymer Intermediates|Mainstream|44.10|88.20|7|0|0.50|live|4|
2026-05-12|Nylon & Engineered Polymer Intermediates|Fading|42.40|84.70|7|0|0.25|live|4|
2026-05-13|Nylon & Engineered Polymer Intermediates|Fading|71.40|82.90|7|0|0.50|live|4|
2026-05-14|Nylon & Engineered Polymer Intermediates|Accelerating|71.10|82.20|8|1|0.25|live|4|
2026-05-15|Nylon & Engineered Polymer Intermediates|Fading|56.88||8|0|0.25|live|4|
2026-05-18|Nylon & Engineered Polymer Intermediates|Fading|67.30|74.70|8|0|0.00|live|3|
2026-05-19|Nylon & Engineered Polymer Intermediates|Fading|53.84||8|0|0.00|live|3|
2026-05-20|Nylon & Engineered Polymer Intermediates|Fading|43.07||8|0|0.00|live|3|
2026-05-21|Nylon & Engineered Polymer Intermediates|Fading|34.46||8|0|0.00|live|3|
2026-05-26|Nylon & Engineered Polymer Intermediates|Fading|27.57||8|0|0.00|live|3|
2026-05-27|Nylon & Engineered Polymer Intermediates|Retired|0.00||9|0||live|0|
2026-05-28|Nylon & Engineered Polymer Intermediates|Fading|22.05||9|0|0.33|live|2|
2026-05-29|Nylon & Engineered Polymer Intermediates|Fading|17.64||9|0|0.00|live|2|
2026-06-01|Nylon & Engineered Polymer Intermediates|Fading|14.11||9|0|0.00|live|2|
2026-06-02|Nylon & Engineered Polymer Intermediates|Fading|11.29||9|0|1.00|live|2|
2026-06-03|Nylon & Engineered Polymer Intermediates|Fading|9.03||9|0|0.00|live|2|
2026-06-04|Nylon & Engineered Polymer Intermediates|Retired|0.00||10|0||live|0|
2026-06-05|Nylon & Engineered Polymer Intermediates|Fading|2.37||10|0|0.00|live|2|
2026-06-08|Nylon & Engineered Polymer Intermediates|Fading|1.89||10|0|0.00|live|2|
2026-06-09|Nylon & Engineered Polymer Intermediates|Fading|1.52||10|0|0.00|live|2|
2026-06-10|Nylon & Engineered Polymer Intermediates|Fading|1.21||10|0|0.00|live|2|
2026-06-11|Nylon & Engineered Polymer Intermediates|Fading|0.97||10|0|0.00|live|2|
2026-06-12|Nylon & Engineered Polymer Intermediates|Retired|0.00||11|0||live|0|
2026-07-06|Office REIT Recovery & Re-Rating|Nascent|82.90|82.90|1|0||shadow_promoted|3|
2026-07-07|Office REIT Recovery & Re-Rating|Nascent|73.20|86.30|2|0|0.67|live|3|
2026-07-08|Office REIT Recovery & Re-Rating|Nascent|72.90|85.80|3|0|0.67|live|3|
2026-07-09|Office REIT Recovery & Re-Rating|Nascent|72.10|84.20|4|0|0.67|live|3|
2026-07-10|Office REIT Recovery & Re-Rating|Nascent|72.50|85.00|5|0|0.67|live|3|
2026-07-13|Office REIT Recovery & Re-Rating|Mainstream|72.30|84.70|6|0|0.67|live|3|
2026-07-14|Office REIT Recovery & Re-Rating|Mainstream|72.20|84.40|7|0|0.67|live|3|
2026-07-15|Office REIT Recovery & Re-Rating|Mainstream|73.10|86.20|8|0|1.00|live|3|
2026-07-16|Office REIT Recovery & Re-Rating|Mainstream|74.10|88.20|9|0|1.00|live|3|
2026-07-17|Office REIT Recovery & Re-Rating|Mainstream|73.20|86.40|10|0|1.00|live|3|
2026-07-20|Office REIT Recovery & Re-Rating|Mainstream|73.10|86.20|11|0|1.00|live|3|
2026-07-21|Office REIT Recovery & Re-Rating|Mainstream|73.80|87.50|12|0|1.00|live|3|
2026-07-22|Office REIT Recovery & Re-Rating|Nascent|73.50|87.00|13|0|0.67|live|4|
2026-07-23|Office REIT Recovery & Re-Rating|Nascent|73.10|86.10|14|0|0.75|live|4|
2026-07-24|Office REIT Recovery & Re-Rating|Mainstream|74.80|89.50|15|0|1.00|live|4|
2026-07-27|Office REIT Recovery & Re-Rating|Mainstream|75.30|90.60|16|0|1.00|live|4|
2026-07-28|Office REIT Recovery & Re-Rating|Mainstream|73.40|86.80|17|0|1.00|live|4|
2026-07-29|Office REIT Recovery & Re-Rating|Mainstream|76.90|93.90|18|0|1.00|live|4|
2026-07-30|Office REIT Recovery & Re-Rating|Mainstream|77.10|94.20|19|0|1.00|live|4|
2026-07-31|Office REIT Recovery & Re-Rating|Mainstream|76.20|92.40|20|0|1.00|live|4|
2026-08-03|Office REIT Recovery & Re-Rating|Mainstream|75.70|91.40|21|0|1.00|live|4|
2026-03-27|Offshore Contract Drilling & Deepwater Services|Nascent|79.30||0|0||live|44|
2026-04-22|Offshore Contract Drilling & Deepwater Services|Retired|68.70|77.50|1|0|0.34|live|42|
2026-07-06|Oilfield Pressure Pumping & Completion Services|Nascent|19.56|19.56|1|0||shadow_promoted|5|
2026-07-07|Oilfield Pressure Pumping & Completion Services|Retired|0.00||2|0||live|0|
2026-07-08|Oilfield Pressure Pumping & Completion Services|Nascent|36.10|36.10|3|0||shadow_promoted|5|
2026-07-09|Oilfield Pressure Pumping & Completion Services|Fading|28.88||3|0|0.50|live|2|
2026-07-10|Oilfield Pressure Pumping & Completion Services|Fading|23.10||3|0|0.50|live|2|
2026-07-13|Oilfield Pressure Pumping & Completion Services|Fading|18.48||3|0|0.00|live|2|
2026-07-14|Oilfield Pressure Pumping & Completion Services|Fading|14.79||3|0|0.50|live|2|
2026-07-15|Oilfield Pressure Pumping & Completion Services|Retired|0.00||4|0||live|0|
2026-03-20|Oil & Gas|Retired|47.50||0|0||live|6|
2026-05-15|Oil Refiners & Downstream Fuel Processing|Nascent|73.20|86.30|1|0||live|8|Pure-Play Hydraulic Fracturing & Completion Services
2026-05-21|Oil Refiners & Downstream Fuel Processing|Nascent|68.30|76.70|2|0|0.63|live|26|
2026-05-26|Oil Refiners & Downstream Fuel Processing|Retired|0.00||3|0||live|0|Hydraulic Fracturing & Completion Services
2026-05-27|Oil Refiners & Downstream Fuel Processing|Retired|0.00||4|0||live|0|Hydraulic Fracturing & Completion Services
2026-05-28|Oil Refiners & Downstream Fuel Processing|Retired|0.00||5|0||live|0|U.S. Shale & Onshore E&P
2026-07-07|Oncology Targeted Therapy Biotechs|Nascent|91.02|91.02|1|0||shadow_promoted|5|
2026-07-08|Oncology Targeted Therapy Biotechs|Retired|0.00||2|0||live|0|
2026-07-09|Oncology Targeted Therapy Biotechs|Nascent|93.06|93.06|3|0||shadow_promoted|5|
2026-07-10|Oncology Targeted Therapy Biotechs|Retired|0.00||4|0||live|0|
2026-07-13|Online Insurance Comparison & Digital Marketplace Platforms|Nascent|79.00|98.10|1|0||live|2|
2026-07-14|Online Insurance Comparison & Digital Marketplace Platforms|Nascent|79.00|98.00|2|0|1.00|live|2|
2026-07-15|Online Insurance Comparison & Digital Marketplace Platforms|Nascent|78.90|97.80|3|0|1.00|live|2|
2026-07-16|Online Insurance Comparison & Digital Marketplace Platforms|Nascent|79.40|98.80|4|0|1.00|live|2|
2026-07-17|Online Insurance Comparison & Digital Marketplace Platforms|Nascent|79.00|98.00|5|0|1.00|live|2|
2026-07-20|Online Insurance Comparison & Digital Marketplace Platforms|Mainstream|79.40|98.80|6|0|1.00|live|2|
2026-07-21|Online Insurance Comparison & Digital Marketplace Platforms|Mainstream|79.20|98.30|7|0|1.00|live|2|
2026-07-22|Online Insurance Comparison & Digital Marketplace Platforms|Nascent|76.10|92.20|8|0|1.00|live|2|
2026-07-23|Online Insurance Comparison & Digital Marketplace Platforms|Nascent|72.70|85.50|9|0|0.00|live|2|
2026-07-24|Online Insurance Comparison & Digital Marketplace Platforms|Mainstream|73.40|86.80|10|0|0.00|live|2|
2026-07-27|Online Insurance Comparison & Digital Marketplace Platforms|Nascent|72.10|84.20|11|0|1.00|live|2|
2026-07-28|Online Insurance Comparison & Digital Marketplace Platforms|Nascent|75.60|91.20|12|0|1.00|live|2|
2026-07-29|Online Insurance Comparison & Digital Marketplace Platforms|Nascent|75.40|90.80|13|0|1.00|live|2|
2026-07-30|Online Insurance Comparison & Digital Marketplace Platforms|Nascent|73.50|87.00|14|0|0.00|live|2|
2026-07-31|Online Insurance Comparison & Digital Marketplace Platforms|Fading|58.80||14|0|0.00|live|2|
2026-08-03|Online Insurance Comparison & Digital Marketplace Platforms|Fading|47.04||14|0|0.00|live|2|
2026-07-06|Open-Air & Strip Mall Retail REITs|Nascent|41.13|41.13|1|0||shadow_promoted|8|
2026-07-07|Open-Air & Strip Mall Retail REITs|Nascent|56.00|52.00|2|0|0.75|live|8|
2026-07-08|Open-Air & Strip Mall Retail REITs|Accelerating|58.50|57.00|3|1|0.25|live|8|
2026-07-09|Open-Air & Strip Mall Retail REITs|Fading|56.60|53.10|3|0|0.13|live|8|
2026-07-10|Open-Air & Strip Mall Retail REITs|Fading|56.30|52.60|3|0|0.25|live|8|
2026-07-13|Open-Air & Strip Mall Retail REITs|Fading|56.60|53.30|3|0|0.38|live|8|
2026-07-14|Open-Air & Strip Mall Retail REITs|Fading|45.28||3|0|0.88|live|8|
2026-07-15|Open-Air & Strip Mall Retail REITs|Fading|36.22||3|0|0.50|live|8|
2026-07-16|Open-Air & Strip Mall Retail REITs|Mainstream|58.90|57.70|4|0|1.00|live|8|
2026-07-17|Open-Air & Strip Mall Retail REITs|Accelerating|62.90|65.70|5|1|1.00|live|8|
2026-07-20|Open-Air & Strip Mall Retail REITs|Accelerating|64.10|68.30|6|2|1.00|live|8|
2026-07-21|Open-Air & Strip Mall Retail REITs|Accelerating|65.90|71.90|7|3|1.00|live|8|
2026-07-22|Open-Air & Strip Mall Retail REITs|Accelerating|68.30|76.60|8|4|1.00|live|8|
2026-07-23|Open-Air & Strip Mall Retail REITs|Mainstream|64.80|69.50|9|0|0.88|live|8|
2026-07-24|Open-Air & Strip Mall Retail REITs|Mainstream|67.50|74.90|10|0|1.00|live|8|
2026-07-27|Open-Air & Strip Mall Retail REITs|Mainstream|68.30|76.70|11|0|1.00|live|8|
2026-07-28|Open-Air & Strip Mall Retail REITs|Mainstream|65.20|70.50|12|0|1.00|live|8|
2026-07-29|Open-Air & Strip Mall Retail REITs|Mainstream|63.50|67.10|13|0|0.63|live|8|
2026-07-30|Open-Air & Strip Mall Retail REITs|Mainstream|62.50|65.00|14|0|0.25|live|8|
2026-07-31|Open-Air & Strip Mall Retail REITs|Fading|61.90|63.70|14|0|0.13|live|8|
2026-08-03|Open-Air & Strip Mall Retail REITs|Fading|49.52||14|0|0.00|live|8|
2026-04-16|Optical Components & Transceiver Manufacturers|Nascent|78.60|97.30|1|0||live|6|Optical Networking & Photonics Infrastructure
2026-04-20|Optical Components & Transceiver Manufacturers|Nascent|78.70|97.50|2|0||live|18|
2026-04-21|Optical Components & Transceiver Manufacturers|Nascent|78.60|97.20|3|0|1.00|live|18|
2026-04-22|Optical Components & Transceiver Manufacturers|Nascent|78.30|96.50|4|0|0.93|live|19|
2026-04-23|Optical Components & Transceiver Manufacturers|Nascent|78.60|97.20|5|0|1.00|live|19|
2026-04-24|Optical Components & Transceiver Manufacturers|Nascent|78.90|97.70|6|0|1.00|live|17|
2026-04-27|Optical Components & Transceiver Manufacturers|Fading|48.60|97.20|6|0|1.00|live|14|
2026-04-28|Optical Components & Transceiver Manufacturers|Mainstream|77.60|95.30|7|0|0.77|live|14|
2026-04-29|Optical Components & Transceiver Manufacturers|Fading|47.60|95.10|7|0|0.64|live|12|
2026-04-30|Optical Components & Transceiver Manufacturers|Fading|47.90|95.80|7|0|1.00|live|11|
2026-05-01|Optical Components & Transceiver Manufacturers|Fading|47.80|95.60|7|0|0.86|live|10|
2026-05-04|Optical Components & Transceiver Manufacturers|Fading|78.30|96.60|7|0|0.89|live|10|
2026-05-05|Optical Components & Transceiver Manufacturers|Accelerating|77.50|95.00|8|1|0.70|live|10|
2026-05-06|Optical Components & Transceiver Manufacturers|Accelerating|47.90|95.80|9|2|0.89|live|9|
2026-05-07|Optical Components & Transceiver Manufacturers|Accelerating|77.70|95.40|10|3|0.78|live|9|
2026-05-08|Optical Components & Transceiver Manufacturers|Accelerating|78.20|96.30|11|4|0.88|live|9|
2026-05-11|Optical Components & Transceiver Manufacturers|Accelerating|48.90|97.80|12|5|0.88|live|8|
2026-05-12|Optical Components & Transceiver Manufacturers|Accelerating|78.80|97.50|13|6|0.88|live|8|
2026-05-13|Optical Components & Transceiver Manufacturers|Accelerating|79.00|98.00|14|7|0.86|live|7|
2026-05-14|Optical Components & Transceiver Manufacturers|Accelerating|78.50|97.00|15|8|0.86|live|8|
2026-05-15|Optical Components & Transceiver Manufacturers|Accelerating|77.80|95.70|16|9|0.75|live|9|
2026-05-18|Optical Components & Transceiver Manufacturers|Mainstream|76.60|93.20|17|0|0.38|live|8|
2026-05-19|Optical Components & Transceiver Manufacturers|Fading|77.30|94.60|17|0|0.38|live|8|
2026-05-20|Optical Components & Transceiver Manufacturers|Mainstream|78.50|97.00|18|0|0.57|live|8|
2026-05-21|Optical Components & Transceiver Manufacturers|Mainstream|76.00|92.00|19|0|0.63|live|7|
2026-05-22|Optical Components & Transceiver Manufacturers|Mainstream|78.80|97.70|20|0|0.83|live|6|
2026-05-26|Optical Components & Transceiver Manufacturers|Mainstream|78.30|96.70|21|0|1.00|live|6|
2026-05-27|Optical Components & Transceiver Manufacturers|Mainstream|77.30|94.60|22|0|1.00|live|6|
2026-05-28|Optical Components & Transceiver Manufacturers|Mainstream|77.30|94.70|23|0|0.67|live|6|
2026-05-29|Optical Components & Transceiver Manufacturers|Mainstream|73.00|86.00|24|0|0.17|live|6|
2026-06-01|Optical Components & Transceiver Manufacturers|Fading|67.80|75.60|24|0|0.33|live|7|
2026-06-02|Optical Components & Transceiver Manufacturers|Mainstream|74.50|88.90|25|0|0.86|live|7|
2026-06-03|Optical Components & Transceiver Manufacturers|Mainstream|73.60|87.20|26|0|0.83|live|6|
2026-06-04|Optical Components & Transceiver Manufacturers|Mainstream|70.60|81.20|27|0|0.50|live|6|
2026-06-05|Optical Components & Transceiver Manufacturers|Fading|67.00|74.00|27|0|0.17|live|6|
2026-06-08|Optical Components & Transceiver Manufacturers|Fading|69.50|79.10|27|0|0.20|live|5|
2026-06-09|Optical Components & Transceiver Manufacturers|Fading|68.50|77.00|27|0|0.20|live|5|
2026-06-10|Optical Components & Transceiver Manufacturers|Fading|71.10|82.20|27|0|0.20|live|5|
2026-06-11|Optical Components & Transceiver Manufacturers|Fading|66.20|72.40|27|0|0.25|live|4|
2026-06-12|Optical Components & Transceiver Manufacturers|Retired|0.00||28|0||live|0|
2026-04-08|Optical Fiber & Specialty Photonic Component Manufacturing|Retired|79.70|99.40|0|0||live|25|
2026-03-19|Optical Networking & AI Data Transmission Infrastructure|Accelerating|74.70||0|0||live|5|
2026-03-20|Optical Networking & AI Data Transmission Infrastructure|Accelerating|73.80||0|0||live|5|
2026-03-23|Optical Networking & AI Data Transmission Infrastructure|Accelerating|73.50||0|0||live|6|
2026-03-24|Optical Networking & AI Data Transmission Infrastructure|Accelerating|79.20||0|0||live|7|
2026-03-27|Optical Networking & AI Data Transmission Infrastructure|Accelerating|79.40||0|0||live|11|
2026-03-30|Optical Networking & AI Data Transmission Infrastructure|Accelerating|74.70||0|0||live|11|
2026-04-06|Optical Networking & AI Data Transmission Infrastructure|Fading|48.30|96.50|0|0||live|10|
2026-04-07|Optical Networking & AI Data Transmission Infrastructure|Retired|78.70|97.40|0|0||live|20|
2026-03-19|Optical Networking & Photonics Infrastructure|Nascent|78.60||0|0||live|3|
2026-03-20|Optical Networking & Photonics Infrastructure|Nascent|77.20||0|0||live|3|
2026-03-21|Optical Networking & Photonics Infrastructure|Nascent|79.10||0|0||live|5|
2026-03-31|Optical Networking & Photonics Infrastructure|Nascent|76.80||0|0||live|5|
2026-04-01|Optical Networking & Photonics Infrastructure|Nascent|78.90||0|0||live|17|
2026-04-16|Optical Networking & Photonics Infrastructure|Retired|78.90|97.90|1|0||live|15|
2026-03-27|Optical Network Test & Monitoring Equipment|Nascent|49.60||0|0||live|2|
2026-03-31|Optical Network Test & Monitoring Equipment|Accelerating|79.20||0|0||live|11|
2026-04-14|Optical Network Test & Monitoring Equipment|Retired|78.50|97.00|0|0||live|17|
2026-07-13|Orthopedic & Surgical Device Recovery|Nascent|68.60|77.20|1|0||live|2|
2026-07-14|Orthopedic & Surgical Device Recovery|Fading|54.88||1|0|0.50|live|2|
2026-07-15|Orthopedic & Surgical Device Recovery|Fading|43.90||1|0|0.50|live|2|
2026-07-16|Orthopedic & Surgical Device Recovery|Fading|35.12||1|0|1.00|live|2|
2026-07-17|Orthopedic & Surgical Device Recovery|Fading|28.10||1|0|0.50|live|2|
2026-07-20|Orthopedic & Surgical Device Recovery|Fading|22.48||1|0|0.50|live|2|
2026-07-21|Orthopedic & Surgical Device Recovery|Retired|0.00||2|0||live|0|
2026-07-16|Packaged & Shelf-Stable Food Manufacturers|Nascent|59.05|59.05|1|0||shadow_promoted|4|
2026-07-17|Packaged & Shelf-Stable Food Manufacturers|Fading|47.24||1|0|0.75|live|4|
2026-07-20|Packaged & Shelf-Stable Food Manufacturers|Fading|37.79||1|0|0.75|live|4|
2026-07-21|Packaged & Shelf-Stable Food Manufacturers|Fading|65.50|70.90|1|0|0.75|live|4|
2026-07-22|Packaged & Shelf-Stable Food Manufacturers|Fading|52.40||1|0|0.75|live|4|
2026-07-23|Packaged & Shelf-Stable Food Manufacturers|Fading|41.92||1|0|0.50|live|4|
2026-07-24|Packaged & Shelf-Stable Food Manufacturers|Retired|0.00||2|0||live|0|
2026-06-25|Peptide & Hormone Therapies for Metabolic & Endocrine Disorders|Nascent|76.10|92.20|1|0||live|4|
2026-06-26|Peptide & Hormone Therapies for Metabolic & Endocrine Disorders|Nascent|76.20|92.50|2|0|1.00|live|5|
2026-06-29|Peptide & Hormone Therapies for Metabolic & Endocrine Disorders|Nascent|76.50|93.00|3|0|1.00|live|5|
2026-06-30|Peptide & Hormone Therapies for Metabolic & Endocrine Disorders|Nascent|75.90|91.80|4|0|1.00|live|5|
2026-07-01|Peptide & Hormone Therapies for Metabolic & Endocrine Disorders|Nascent|76.20|92.30|5|0|1.00|live|5|
2026-07-02|Peptide & Hormone Therapies for Metabolic & Endocrine Disorders|Mainstream|77.00|94.00|6|0|1.00|live|5|
2026-07-06|Peptide & Hormone Therapies for Metabolic & Endocrine Disorders|Mainstream|77.50|95.00|7|0|1.00|live|5|
2026-07-07|Peptide & Hormone Therapies for Metabolic & Endocrine Disorders|Mainstream|78.70|97.40|8|0|1.00|live|6|
2026-07-08|Peptide & Hormone Therapies for Metabolic & Endocrine Disorders|Mainstream|79.00|98.00|9|0|1.00|live|6|
2026-07-09|Peptide & Hormone Therapies for Metabolic & Endocrine Disorders|Mainstream|78.90|97.80|10|0|1.00|live|6|
2026-07-10|Peptide & Hormone Therapies for Metabolic & Endocrine Disorders|Mainstream|78.70|97.30|11|0|1.00|live|6|
2026-07-13|Peptide & Hormone Therapies for Metabolic & Endocrine Disorders|Mainstream|78.10|96.20|12|0|0.83|live|7|
2026-07-14|Peptide & Hormone Therapies for Metabolic & Endocrine Disorders|Mainstream|78.10|96.20|13|0|1.00|live|6|
2026-07-15|Peptide & Hormone Therapies for Metabolic & Endocrine Disorders|Mainstream|78.30|96.70|14|0|1.00|live|6|
2026-07-16|Peptide & Hormone Therapies for Metabolic & Endocrine Disorders|Mainstream|78.50|97.00|15|0|0.83|live|6|
2026-07-17|Peptide & Hormone Therapies for Metabolic & Endocrine Disorders|Mainstream|78.70|97.40|16|0|0.83|live|6|
2026-07-20|Peptide & Hormone Therapies for Metabolic & Endocrine Disorders|Mainstream|78.90|97.80|17|0|0.67|live|6|
2026-07-21|Peptide & Hormone Therapies for Metabolic & Endocrine Disorders|Mainstream|79.00|98.00|18|0|0.67|live|6|
2026-07-22|Peptide & Hormone Therapies for Metabolic & Endocrine Disorders|Mainstream|78.10|96.20|19|0|0.67|live|6|
2026-07-23|Peptide & Hormone Therapies for Metabolic & Endocrine Disorders|Mainstream|78.60|97.10|20|0|0.67|live|6|
2026-07-24|Peptide & Hormone Therapies for Metabolic & Endocrine Disorders|Mainstream|78.50|96.90|21|0|0.60|live|5|
2026-07-27|Peptide & Hormone Therapies for Metabolic & Endocrine Disorders|Mainstream|76.70|93.40|22|0|0.40|live|5|
2026-07-28|Peptide & Hormone Therapies for Metabolic & Endocrine Disorders|Fading|70.30|80.50|22|0|0.50|live|4|
2026-07-29|Peptide & Hormone Therapies for Metabolic & Endocrine Disorders|Mainstream|72.10|84.20|23|0|0.50|live|4|
2026-07-30|Peptide & Hormone Therapies for Metabolic & Endocrine Disorders|Mainstream|75.80|91.70|24|0|0.75|live|4|
2026-07-31|Peptide & Hormone Therapies for Metabolic & Endocrine Disorders|Mainstream|78.30|96.50|25|0|0.75|live|4|
2026-08-03|Peptide & Hormone Therapies for Metabolic & Endocrine Disorders|Mainstream|76.30|92.60|26|0|0.50|live|4|
2026-03-20|Permian Basin Pure-Play E&P|Retired|77.70||0|0||live|3|
2026-05-22|Permian Basin Pure-Play E&P|Nascent|65.20|70.50|1|0||live|5|
2026-05-26|Permian Basin Pure-Play E&P|Retired|0.00||2|0||live|0|Hydraulic Fracturing & Completion Services
2026-05-27|Permian Basin Pure-Play E&P|Retired|0.00||3|0||live|0|Hydraulic Fracturing & Completion Services
2026-05-28|Permian Basin Pure-Play E&P|Retired|0.00||4|0||live|0|U.S. Shale & Onshore E&P
2026-05-29|Permian Basin Pure-Play E&P|Retired|0.00||5|0||live|0|
2026-03-26|Permian & U.S. Mid-Continent Pure-Play E&P|Nascent|79.30||0|0||live|44|
2026-04-13|Permian & U.S. Mid-Continent Pure-Play E&P|Nascent|68.80|77.70|0|0||live|58|
2026-04-14|Permian & U.S. Mid-Continent Pure-Play E&P|Nascent|67.00|73.90|0|0||live|48|
2026-04-15|Permian & U.S. Mid-Continent Pure-Play E&P|Nascent|65.40|70.80|0|0||live|43|
2026-04-21|Permian & U.S. Mid-Continent Pure-Play E&P|Nascent|65.90|71.80|1|0|0.27|live|45|
2026-04-27|Permian & U.S. Mid-Continent Pure-Play E&P|Nascent|64.90|69.70|2|0|0.44|live|2|
2026-04-28|Permian & U.S. Mid-Continent Pure-Play E&P|Accelerating|78.30|96.70|3|1|1.00|live|43|
2026-03-30|Permian & U.S. Onshore Pure-Play E&P Operators|Retired|79.40||0|0||live|47|
2026-05-05|Petroleum Refining & Downstream Fuels|Nascent|76.20|92.40|1|0||live|9|Hydraulic Fracturing & Well Completion Services
2026-05-06|Petroleum Refining & Downstream Fuels|Nascent|75.20|90.50|2|0|0.78|live|35|
2026-05-11|Petroleum Refining & Downstream Fuels|Nascent|71.30|82.60|3|0|0.41|live|7|
2026-05-12|Petroleum Refining & Downstream Fuels|Nascent|75.30|90.60|4|0|1.00|live|41|
2026-05-13|Petroleum Refining & Downstream Fuels|Nascent|70.80|81.50|5|0|0.57|live|5|
2026-03-19|Pharma & Biotech Large-Cap Turnaround|Nascent|72.60||0|0||live|3|
2026-03-20|Pharma & Biotech Large-Cap Turnaround|Retired|39.20||0|0||live|3|
2026-03-19|Physical AI & Robotics|Fading|0.00||0|0||live|8|
2026-03-20|Physical AI & Robotics|Fading|0.00||0|0||live|8|
2026-03-21|Physical AI & Robotics|Fading|0.00||0|0||live|8|
2026-03-23|Physical AI & Robotics|Fading|0.00||0|0||live|6|
2026-03-24|Physical AI & Robotics|Fading|0.00||0|0||live|6|
2026-03-30|Physical AI & Robotics|Fading|0.00||0|0||live|6|
2026-03-31|Physical AI & Robotics|Fading|0.00||0|0||live|6|
2026-04-01|Physical AI & Robotics|Fading|0.00||0|0||live|6|
2026-04-06|Physical AI & Robotics|Fading|0.00||0|0||live|6|
2026-04-07|Physical AI & Robotics|Fading|0.00||0|0||live|6|
2026-04-13|Physical AI & Robotics|Fading|0.00||0|0||live|5|
2026-04-14|Physical AI & Robotics|Fading|0.00||0|0||live|5|
2026-04-15|Physical AI & Robotics|Fading|0.00||0|0||live|5|
2026-04-17|Physical AI & Robotics|Fading|0.00||0|0||live|5|
2026-04-20|Physical AI & Robotics|Fading|0.00||0|0||live|5|
2026-04-24|Physical AI & Robotics|Fading|0.00||0|0||live|2|
2026-04-27|Physical AI & Robotics|Fading|0.00||0|0||live|2|
2026-04-28|Physical AI & Robotics|Fading|0.00||0|0||live|2|
2026-04-29|Physical AI & Robotics|Fading|0.00||0|0||live|2|
2026-05-01|Physical AI & Robotics|Fading|0.00||0|0||live|2|
2026-05-05|Physical AI & Robotics|Fading|0.00||0|0||live|2|
2026-05-08|Physical AI & Robotics|Fading|0.00||0|0||live|2|
2026-05-11|Physical AI & Robotics|Fading|0.00||0|0||live|2|
2026-05-12|Physical AI & Robotics|Fading|0.00||0|0||live|2|
2026-05-13|Physical AI & Robotics|Fading|0.00||0|0||live|2|
2026-05-18|Physical AI & Robotics|Fading|0.00||0|0||live|2|
2026-05-19|Physical AI & Robotics|Fading|0.00||0|0||live|2|
2026-05-22|Physical AI & Robotics|Fading|0.00||0|0|1.00|live|2|
2026-05-26|Physical AI & Robotics|Fading|0.00||0|0|1.00|live|2|
2026-05-27|Physical AI & Robotics|Fading|0.00||0|0|1.00|live|2|
2026-05-28|Physical AI & Robotics|Retired|0.00||1|0||live|0|
2026-05-29|Physical AI & Robotics|Fading|0.00||1|0|1.00|live|2|
2026-06-01|Physical AI & Robotics|Fading|0.00||1|0|1.00|live|2|
2026-06-02|Physical AI & Robotics|Fading|0.00||1|0|1.00|live|2|
2026-06-03|Physical AI & Robotics|Fading|0.00||1|0|1.00|live|2|
2026-06-04|Physical AI & Robotics|Fading|0.00||1|0|1.00|live|2|
2026-06-05|Physical AI & Robotics|Fading|0.00||1|0|1.00|live|2|
2026-06-08|Physical AI & Robotics|Retired|0.00||2|0||live|0|
2026-06-09|Physical AI & Robotics|Fading|0.00||2|0|1.00|live|2|
2026-06-10|Physical AI & Robotics|Fading|0.00||2|0|1.00|live|2|
2026-06-11|Physical AI & Robotics|Fading|0.00||2|0|1.00|live|2|
2026-06-12|Physical AI & Robotics|Fading|0.00||2|0|1.00|live|2|
2026-06-15|Physical AI & Robotics|Fading|0.00||2|0|1.00|live|2|
2026-06-16|Physical AI & Robotics|Retired|0.00||3|0||live|0|
2026-03-27|Power Semiconductor & Mixed-Signal Display Drivers|Nascent|42.10||0|0||live|2|
2026-03-30|Power Semiconductor & Mixed-Signal Display Drivers|Fading|33.68||0|0||live|2|
2026-03-31|Power Semiconductor & Mixed-Signal Display Drivers|Fading|26.94||0|0||live|2|
2026-04-01|Power Semiconductor & Mixed-Signal Display Drivers|Fading|21.56||0|0||live|2|
2026-04-02|Power Semiconductor & Mixed-Signal Display Drivers|Fading|17.24||0|0||live|2|
2026-04-06|Power Semiconductor & Mixed-Signal Display Drivers|Fading|13.80||0|0||live|2|
2026-04-10|Power Semiconductor & Mixed-Signal Display Drivers|Accelerating|71.20|82.40|0|0||live|2|
2026-04-13|Power Semiconductor & Mixed-Signal Display Drivers|Accelerating|71.10|82.20|0|0||live|2|
2026-04-14|Power Semiconductor & Mixed-Signal Display Drivers|Accelerating|76.30|92.60|0|0||live|2|
2026-04-15|Power Semiconductor & Mixed-Signal Display Drivers|Accelerating|76.30|92.70|0|0||live|2|
2026-04-16|Power Semiconductor & Mixed-Signal Display Drivers|Accelerating|78.50|97.10|1|1||live|2|
2026-04-17|Power Semiconductor & Mixed-Signal Display Drivers|Mainstream|78.70|97.30|2|0||live|2|
2026-04-20|Power Semiconductor & Mixed-Signal Display Drivers|Mainstream|78.70|97.40|3|0||live|2|
2026-04-21|Power Semiconductor & Mixed-Signal Display Drivers|Mainstream|79.20|98.50|4|0|1.00|live|2|
2026-04-22|Power Semiconductor & Mixed-Signal Display Drivers|Mainstream|79.10|98.20|5|0|1.00|live|2|
2026-04-23|Power Semiconductor & Mixed-Signal Display Drivers|Mainstream|79.00|98.00|6|0|1.00|live|2|
2026-04-24|Power Semiconductor & Mixed-Signal Display Drivers|Mainstream|79.40|98.80|7|0|1.00|live|2|
2026-04-27|Power Semiconductor & Mixed-Signal Display Drivers|Mainstream|79.00|97.90|8|0|1.00|live|2|
2026-04-28|Power Semiconductor & Mixed-Signal Display Drivers|Mainstream|78.90|97.80|9|0|1.00|live|2|
2026-04-29|Power Semiconductor & Mixed-Signal Display Drivers|Fading|49.10|98.20|9|0|1.00|live|2|
2026-04-30|Power Semiconductor & Mixed-Signal Display Drivers|Mainstream|79.10|98.20|10|0|1.00|live|2|
2026-05-01|Power Semiconductor & Mixed-Signal Display Drivers|Mainstream|79.30|98.50|11|0|1.00|live|2|
2026-05-04|Power Semiconductor & Mixed-Signal Display Drivers|Accelerating|78.80|97.60|12|1|1.00|live|2|
2026-05-05|Power Semiconductor & Mixed-Signal Display Drivers|Accelerating|78.70|97.40|13|2|1.00|live|2|
2026-05-06|Power Semiconductor & Mixed-Signal Display Drivers|Accelerating|78.60|97.20|14|3|1.00|live|2|
2026-05-07|Power Semiconductor & Mixed-Signal Display Drivers|Mainstream|79.00|98.10|15|0|0.50|live|2|
2026-05-08|Power Semiconductor & Mixed-Signal Display Drivers|Mainstream|78.50|97.10|16|0|0.50|live|2|
2026-05-11|Power Semiconductor & Mixed-Signal Display Drivers|Mainstream|74.90|89.80|17|0|0.50|live|2|
2026-05-12|Power Semiconductor & Mixed-Signal Display Drivers|Mainstream|74.20|88.40|18|0|0.50|live|2|
2026-05-13|Power Semiconductor & Mixed-Signal Display Drivers|Mainstream|77.20|94.30|19|0|1.00|live|2|
2026-05-14|Power Semiconductor & Mixed-Signal Display Drivers|Mainstream|77.10|94.20|20|0|1.00|live|2|
2026-05-15|Power Semiconductor & Mixed-Signal Display Drivers|Mainstream|72.30|84.70|21|0|0.50|live|2|
2026-05-18|Power Semiconductor & Mixed-Signal Display Drivers|Mainstream|73.20|86.50|22|0|0.50|live|2|
2026-05-19|Power Semiconductor & Mixed-Signal Display Drivers|Mainstream|75.80|91.70|23|0|0.50|live|2|
2026-05-20|Power Semiconductor & Mixed-Signal Display Drivers|Mainstream|76.90|93.80|24|0|0.50|live|2|
2026-05-21|Power Semiconductor & Mixed-Signal Display Drivers|Mainstream|72.30|84.60|25|0|0.50|live|3|
2026-05-22|Power Semiconductor & Mixed-Signal Display Drivers|Mainstream|79.80|99.60|26|0|1.00|live|4|
2026-05-26|Power Semiconductor & Mixed-Signal Display Drivers|Mainstream|79.60|99.20|27|0|1.00|live|4|
2026-05-27|Power Semiconductor & Mixed-Signal Display Drivers|Mainstream|79.50|99.00|28|0|1.00|live|4|
2026-05-28|Power Semiconductor & Mixed-Signal Display Drivers|Mainstream|79.50|99.10|29|0|1.00|live|4|
2026-05-29|Power Semiconductor & Mixed-Signal Display Drivers|Mainstream|79.20|98.40|30|0|1.00|live|4|
2026-06-01|Power Semiconductor & Mixed-Signal Display Drivers|Mainstream|77.80|95.70|31|0|1.00|live|4|
2026-06-02|Power Semiconductor & Mixed-Signal Display Drivers|Mainstream|79.50|98.90|32|0|1.00|live|4|
2026-06-03|Power Semiconductor & Mixed-Signal Display Drivers|Mainstream|79.40|98.80|33|0|1.00|live|4|
2026-06-04|Power Semiconductor & Mixed-Signal Display Drivers|Mainstream|79.30|98.60|34|0|1.00|live|4|
2026-06-05|Power Semiconductor & Mixed-Signal Display Drivers|Fading|78.00|96.00|34|0|0.25|live|4|
2026-06-08|Power Semiconductor & Mixed-Signal Display Drivers|Fading|79.00|98.00|34|0|0.33|live|3|
2026-06-09|Power Semiconductor & Mixed-Signal Display Drivers|Fading|77.40|94.80|34|0|0.00|live|3|
2026-06-10|Power Semiconductor & Mixed-Signal Display Drivers|Fading|66.50|72.90|34|0|0.00|live|3|
2026-06-11|Power Semiconductor & Mixed-Signal Display Drivers|Mainstream|71.80|83.70|35|0|0.00|live|3|
2026-06-12|Power Semiconductor & Mixed-Signal Display Drivers|Mainstream|70.40|80.80|36|0|0.33|live|3|
2026-06-15|Power Semiconductor & Mixed-Signal Display Drivers|Fading|71.00|82.10|36|0|0.33|live|3|
2026-06-16|Power Semiconductor & Mixed-Signal Display Drivers|Fading|65.00|69.90|36|0|0.33|live|3|
2026-06-17|Power Semiconductor & Mixed-Signal Display Drivers|Fading|63.10|66.20|36|0|0.00|live|3|
2026-06-18|Power Semiconductor & Mixed-Signal Display Drivers|Mainstream|66.50|73.00|37|0|0.33|live|4|
2026-06-22|Power Semiconductor & Mixed-Signal Display Drivers|Fading|73.40|86.80|37|0|0.33|live|3|
2026-06-23|Power Semiconductor & Mixed-Signal Display Drivers|Fading|62.50|65.00|37|0|0.00|live|3|
2026-06-24|Power Semiconductor & Mixed-Signal Display Drivers|Fading|50.00||37|0|0.00|live|3|
2026-06-25|Power Semiconductor & Mixed-Signal Display Drivers|Fading|40.00||37|0|0.00|live|3|
2026-06-26|Power Semiconductor & Mixed-Signal Display Drivers|Fading|32.00||37|0|0.00|live|3|
2026-06-29|Power Semiconductor & Mixed-Signal Display Drivers|Retired|0.00||38|0||live|0|
2026-07-22|Powersports & Recreational Vehicle Manufacturers|Nascent|78.50|97.00|1|0||live|2|
2026-07-23|Powersports & Recreational Vehicle Manufacturers|Nascent|77.20|94.50|2|0|1.00|live|2|
2026-07-24|Powersports & Recreational Vehicle Manufacturers|Nascent|73.90|87.80|3|0|0.50|live|2|
2026-07-27|Powersports & Recreational Vehicle Manufacturers|Fading|59.12||3|0|0.50|live|2|
2026-07-28|Powersports & Recreational Vehicle Manufacturers|Fading|47.30||3|0|0.50|live|2|
2026-07-29|Powersports & Recreational Vehicle Manufacturers|Fading|37.84||3|0|0.00|live|2|
2026-07-30|Powersports & Recreational Vehicle Manufacturers|Fading|30.27||3|0|0.00|live|2|
2026-07-31|Powersports & Recreational Vehicle Manufacturers|Fading|24.22||3|0|0.00|live|2|
2026-08-03|Powersports & Recreational Vehicle Manufacturers|Retired|0.00||4|0||live|0|
2026-06-30|Precious Metals Miners (Gold & Silver)|Nascent|16.38|16.38|1|0||shadow_promoted|21|
2026-07-01|Precious Metals Miners (Gold & Silver)|Fading|13.10||1|0|0.67|live|3|
2026-07-02|Precious Metals Miners (Gold & Silver)|Fading|10.48||1|0|1.00|live|3|
2026-07-06|Precious Metals Miners (Gold & Silver)|Fading|8.39||1|0|1.00|live|2|
2026-07-07|Precious Metals Miners (Gold & Silver)|Fading|6.71||1|0|1.00|live|2|
2026-07-08|Precious Metals Miners (Gold & Silver)|Fading|5.37||1|0|0.00|live|2|
2026-07-09|Precious Metals Miners (Gold & Silver)|Retired|0.00||2|0||live|0|
2026-07-14|Precious Metals Miners & Royalty Streamers|Nascent|6.17|6.17|1|0||shadow_promoted|27|
2026-07-15|Precious Metals Miners & Royalty Streamers|Fading|4.93||1|0|0.00|live|2|
2026-07-16|Precious Metals Miners & Royalty Streamers|Fading|3.95||1|0|0.00|live|2|
2026-07-17|Precious Metals Miners & Royalty Streamers|Fading|3.16||1|0|0.00|live|2|
2026-07-20|Precious Metals Miners & Royalty Streamers|Fading|2.53||1|0|0.00|live|2|
2026-07-21|Precious Metals Miners & Royalty Streamers|Fading|2.02||1|0|0.50|live|2|
2026-07-22|Precious Metals Miners & Royalty Streamers|Retired|0.00||2|0||live|0|
2026-07-24|Precious Metals Miners & Royalty Streamers|Nascent|30.00|0.00|3|0||live|22|
2026-07-27|Precious Metals Miners & Royalty Streamers|Fading|24.00||3|0|1.00|live|2|
2026-07-28|Precious Metals Miners & Royalty Streamers|Fading|19.20||3|0|0.50|live|2|
2026-07-29|Precious Metals Miners & Royalty Streamers|Fading|15.36||3|0|0.50|live|2|
2026-07-30|Precious Metals Miners & Royalty Streamers|Fading|12.29||3|0|1.00|live|2|
2026-07-31|Precious Metals Miners & Royalty Streamers|Fading|9.83||3|0|0.00|live|2|
2026-08-03|Precious Metals Miners & Royalty Streamers|Retired|0.00||4|0||live|0|
2026-07-24|Precious Metals Royalty & Streaming Companies|Nascent|30.00|0.00|1|0||live|4|Precious Metals Miners & Royalty Streamers
2026-07-27|Precious Metals Royalty & Streaming Companies|Fading|24.00||1|0|1.00|live|2|Precious Metals Miners & Royalty Streamers
2026-07-28|Precious Metals Royalty & Streaming Companies|Fading|19.20||1|0|0.50|live|2|Precious Metals Miners & Royalty Streamers
2026-07-29|Precious Metals Royalty & Streaming Companies|Fading|15.36||1|0|0.50|live|2|Precious Metals Miners & Royalty Streamers
2026-07-30|Precious Metals Royalty & Streaming Companies|Fading|12.29||1|0|1.00|live|2|Precious Metals Miners & Royalty Streamers
2026-07-31|Precious Metals Royalty & Streaming Companies|Fading|9.83||1|0|1.00|live|2|Precious Metals Miners & Royalty Streamers
2026-08-03|Precious Metals Royalty & Streaming Companies|Nascent|46.10|32.20|2|0||live|4|
2026-04-09|Precious & Streaming Metals Royalty & Junior Miners|Accelerating|74.20|88.40|0|0||live|4|
2026-04-10|Precious & Streaming Metals Royalty & Junior Miners|Accelerating|74.40|88.70|0|0||live|7|
2026-04-13|Precious & Streaming Metals Royalty & Junior Miners|Accelerating|77.00|93.90|0|0||live|7|
2026-04-14|Precious & Streaming Metals Royalty & Junior Miners|Accelerating|77.50|95.00|0|0||live|7|
2026-04-15|Precious & Streaming Metals Royalty & Junior Miners|Accelerating|76.10|92.30|0|0||live|7|
2026-04-16|Precious & Streaming Metals Royalty & Junior Miners|Mainstream|76.80|93.70|1|0||live|7|
2026-04-17|Precious & Streaming Metals Royalty & Junior Miners|Fading|45.80|91.60|1|0||live|7|
2026-04-20|Precious & Streaming Metals Royalty & Junior Miners|Mainstream|74.70|89.50|2|0||live|7|
2026-04-21|Precious & Streaming Metals Royalty & Junior Miners|Mainstream|70.90|81.70|3|0|0.67|live|6|
2026-04-22|Precious & Streaming Metals Royalty & Junior Miners|Mainstream|69.20|78.40|4|0|0.83|live|6|
2026-04-23|Precious & Streaming Metals Royalty & Junior Miners|Fading|55.36||4|0|0.20|live|5|
2026-04-24|Precious & Streaming Metals Royalty & Junior Miners|Fading|44.29||4|0|0.40|live|5|
2026-04-27|Precious & Streaming Metals Royalty & Junior Miners|Fading|35.43||4|0|0.00|live|3|
2026-04-28|Precious & Streaming Metals Royalty & Junior Miners|Fading|28.34||4|0|0.00|live|2|
2026-04-29|Precious & Streaming Metals Royalty & Junior Miners|Fading|22.68||4|0|0.00|live|2|
2026-05-04|Precious & Streaming Metals Royalty & Junior Miners|Fading|18.14||4|0|0.00|live|2|
2026-05-05|Precious & Streaming Metals Royalty & Junior Miners|Fading|14.51||4|0|0.00|live|2|
2026-05-08|Precious & Streaming Metals Royalty & Junior Miners|Fading|11.61||4|0|0.50|live|2|
2026-05-11|Precious & Streaming Metals Royalty & Junior Miners|Fading|9.29||4|0|0.50|live|2|
2026-05-12|Precious & Streaming Metals Royalty & Junior Miners|Fading|7.43||4|0|0.50|live|2|
2026-05-15|Precious & Streaming Metals Royalty & Junior Miners|Fading|5.94||4|0|0.50|live|2|
2026-05-18|Precious & Streaming Metals Royalty & Junior Miners|Fading|4.76||4|0|0.00|live|2|
2026-05-19|Precious & Streaming Metals Royalty & Junior Miners|Fading|3.80||4|0|0.00|live|2|
2026-05-22|Precious & Streaming Metals Royalty & Junior Miners|Fading|3.04||4|0|0.00|live|2|
2026-05-26|Precious & Streaming Metals Royalty & Junior Miners|Fading|2.43||4|0|0.00|live|2|
2026-05-27|Precious & Streaming Metals Royalty & Junior Miners|Fading|1.95||4|0|0.00|live|2|
2026-05-28|Precious & Streaming Metals Royalty & Junior Miners|Retired|0.00||5|0||live|0|
2026-05-29|Precious & Streaming Metals Royalty & Junior Miners|Fading|1.56||5|0|0.00|live|2|
2026-06-01|Precious & Streaming Metals Royalty & Junior Miners|Fading|1.25||5|0|0.00|live|2|
2026-06-02|Precious & Streaming Metals Royalty & Junior Miners|Fading|1.00||5|0|0.00|live|2|
2026-06-03|Precious & Streaming Metals Royalty & Junior Miners|Fading|0.80||5|0|0.00|live|2|
2026-06-04|Precious & Streaming Metals Royalty & Junior Miners|Fading|0.64||5|0|0.00|live|2|
2026-06-05|Precious & Streaming Metals Royalty & Junior Miners|Fading|0.51||5|0|0.00|live|2|
2026-06-08|Precious & Streaming Metals Royalty & Junior Miners|Retired|0.00||6|0||live|0|
2026-06-09|Precious & Streaming Metals Royalty & Junior Miners|Fading|0.41||6|0|0.00|live|2|
2026-06-10|Precious & Streaming Metals Royalty & Junior Miners|Fading|0.33||6|0|0.00|live|2|
2026-06-11|Precious & Streaming Metals Royalty & Junior Miners|Fading|0.26||6|0|0.00|live|2|
2026-06-12|Precious & Streaming Metals Royalty & Junior Miners|Fading|0.21||6|0|0.00|live|2|
2026-06-15|Precious & Streaming Metals Royalty & Junior Miners|Fading|0.17||6|0|0.50|live|2|
2026-06-16|Precious & Streaming Metals Royalty & Junior Miners|Retired|0.00||7|0||live|0|
2026-06-30|Precision Aerospace & Defense Component Manufacturers|Nascent|71.60|83.20|1|0||live|2|
2026-07-01|Precision Aerospace & Defense Component Manufacturers|Fading|57.28||1|0|1.00|live|2|
2026-07-02|Precision Aerospace & Defense Component Manufacturers|Fading|45.82||1|0|0.50|live|2|
2026-07-06|Precision Aerospace & Defense Component Manufacturers|Fading|36.66||1|0|1.00|live|2|
2026-07-07|Precision Aerospace & Defense Component Manufacturers|Fading|29.33||1|0|1.00|live|2|
2026-07-08|Precision Aerospace & Defense Component Manufacturers|Fading|23.46||1|0|1.00|live|2|
2026-07-09|Precision Aerospace & Defense Component Manufacturers|Retired|0.00||2|0||live|0|
2026-04-07|Precision Frequency & Timing Defense Electronics|Nascent|71.50|83.10|0|0||live|2|
2026-04-08|Precision Frequency & Timing Defense Electronics|Fading|57.20||0|0||live|2|
2026-04-09|Precision Frequency & Timing Defense Electronics|Fading|43.00|86.10|0|0||live|2|
2026-04-10|Precision Frequency & Timing Defense Electronics|Fading|17.61||0|0||live|2|
2026-04-13|Precision Frequency & Timing Defense Electronics|Fading|42.90|85.80|0|0||live|2|
2026-04-14|Precision Frequency & Timing Defense Electronics|Fading|45.50|91.00|0|0||live|2|
2026-04-15|Precision Frequency & Timing Defense Electronics|Fading|44.00|87.90|0|0||live|2|
2026-04-16|Precision Frequency & Timing Defense Electronics|Accelerating|47.10|94.20|1|1||live|2|
2026-04-17|Precision Frequency & Timing Defense Electronics|Accelerating|44.50|89.10|2|2||live|2|
2026-04-20|Precision Frequency & Timing Defense Electronics|Accelerating|43.30|86.60|3|3||live|2|
2026-04-21|Precision Frequency & Timing Defense Electronics|Fading|34.64||3|0|0.50|live|2|
2026-04-22|Precision Frequency & Timing Defense Electronics|Fading|27.71||3|0|0.50|live|2|
2026-04-23|Precision Frequency & Timing Defense Electronics|Fading|22.17||3|0|0.00|live|2|
2026-04-24|Precision Frequency & Timing Defense Electronics|Fading|17.74||3|0|0.00|live|2|
2026-04-27|Precision Frequency & Timing Defense Electronics|Fading|14.19||3|0|0.00|live|2|
2026-05-04|Precision Frequency & Timing Defense Electronics|Fading|11.35||3|0|0.50|live|2|
2026-05-05|Precision Frequency & Timing Defense Electronics|Fading|9.08||3|0|1.00|live|2|
2026-05-06|Precision Frequency & Timing Defense Electronics|Fading|7.26||3|0|1.00|live|2|
2026-05-07|Precision Frequency & Timing Defense Electronics|Fading|5.81||3|0|0.50|live|2|
2026-05-08|Precision Frequency & Timing Defense Electronics|Fading|4.65||3|0|0.50|live|2|
2026-05-11|Precision Frequency & Timing Defense Electronics|Fading|70.10|80.20|3|0|1.00|live|2|
2026-05-18|Precision Frequency & Timing Defense Electronics|Fading|56.08||3|0|0.50|live|2|
2026-05-19|Precision Frequency & Timing Defense Electronics|Fading|44.86||3|0|0.50|live|2|
2026-05-20|Precision Frequency & Timing Defense Electronics|Fading|35.89||3|0|0.50|live|2|
2026-05-21|Precision Frequency & Timing Defense Electronics|Fading|28.71||3|0|0.50|live|2|
2026-05-22|Precision Frequency & Timing Defense Electronics|Fading|22.97||3|0|1.00|live|2|
2026-05-26|Precision Frequency & Timing Defense Electronics|Fading|77.00|93.90|3|0|1.00|live|2|
2026-05-27|Precision Frequency & Timing Defense Electronics|Accelerating|77.10|94.20|4|1|1.00|live|2|
2026-05-28|Precision Frequency & Timing Defense Electronics|Accelerating|78.00|95.90|5|2|1.00|live|2|
2026-05-29|Precision Frequency & Timing Defense Electronics|Accelerating|78.10|96.20|6|3|1.00|live|2|
2026-06-01|Precision Frequency & Timing Defense Electronics|Accelerating|77.50|95.10|7|4|1.00|live|2|
2026-06-02|Precision Frequency & Timing Defense Electronics|Mainstream|76.80|93.50|8|0|1.00|live|2|
2026-06-03|Precision Frequency & Timing Defense Electronics|Mainstream|77.20|94.30|9|0|1.00|live|2|
2026-06-04|Precision Frequency & Timing Defense Electronics|Mainstream|77.40|94.80|10|0|1.00|live|2|
2026-06-05|Precision Frequency & Timing Defense Electronics|Mainstream|77.80|95.50|11|0|1.00|live|2|
2026-06-08|Precision Frequency & Timing Defense Electronics|Mainstream|77.70|95.30|12|0|1.00|live|2|
2026-06-09|Precision Frequency & Timing Defense Electronics|Mainstream|77.00|94.00|13|0|1.00|live|2|
2026-06-10|Precision Frequency & Timing Defense Electronics|Mainstream|77.80|95.50|14|0|1.00|live|2|
2026-06-11|Precision Frequency & Timing Defense Electronics|Mainstream|79.00|97.90|15|0|1.00|live|2|
2026-06-12|Precision Frequency & Timing Defense Electronics|Retired|0.00||16|0||live|0|
2026-06-30|Precision Optics & Photonic Components|Nascent|83.90|83.90|1|0||shadow_promoted|3|
2026-07-01|Precision Optics & Photonic Components|Nascent|69.10|78.20|2|0|1.00|live|3|
2026-07-02|Precision Optics & Photonic Components|Fading|55.28||2|0|0.00|live|2|
2026-07-06|Precision Optics & Photonic Components|Fading|44.22||2|0|0.00|live|2|
2026-07-07|Precision Optics & Photonic Components|Fading|35.38||2|0|0.00|live|2|
2026-07-08|Precision Optics & Photonic Components|Fading|28.30||2|0|0.00|live|2|
2026-07-09|Precision Optics & Photonic Components|Fading|22.64||2|0|0.00|live|2|
2026-07-10|Precision Optics & Photonic Components|Retired|0.00||3|0||live|0|
2026-04-28|Pressure Pumping & Completion Services|Nascent|48.40|96.90|1|0||live|5|Permian & U.S. Mid-Continent Pure-Play E&P
2026-04-30|Pressure Pumping & Completion Services|Accelerating|79.10|98.20|2|1|1.00|live|48|
2026-05-04|Pressure Pumping & Completion Services|Accelerating|75.10|90.20|3|2|0.97|live|2|
2026-04-09|Primary Aluminum Smelting & Rolling|Nascent|79.20|98.30|0|0||live|5|
2026-04-10|Primary Aluminum Smelting & Rolling|Nascent|79.00|98.00|0|0||live|5|
2026-04-13|Primary Aluminum Smelting & Rolling|Fading|48.90|97.70|0|0||live|5|
2026-04-14|Primary Aluminum Smelting & Rolling|Fading|48.40|96.70|0|0||live|2|
2026-04-15|Primary Aluminum Smelting & Rolling|Fading|48.00|95.90|0|0||live|2|
2026-04-16|Primary Aluminum Smelting & Rolling|Accelerating|77.70|95.30|1|1||live|3|
2026-04-17|Primary Aluminum Smelting & Rolling|Accelerating|78.00|96.00|2|2||live|3|
2026-04-20|Primary Aluminum Smelting & Rolling|Accelerating|76.50|93.10|3|3||live|3|
2026-04-21|Primary Aluminum Smelting & Rolling|Accelerating|74.70|89.30|4|4|0.67|live|3|
2026-04-22|Primary Aluminum Smelting & Rolling|Mainstream|70.90|81.80|5|0|1.00|live|3|
2026-04-23|Primary Aluminum Smelting & Rolling|Fading|68.50|77.00|5|0|0.33|live|3|
2026-04-24|Primary Aluminum Smelting & Rolling|Fading|69.80|79.70|5|0|0.33|live|3|
2026-04-27|Primary Aluminum Smelting & Rolling|Fading|69.20|78.40|5|0|0.33|live|3|
2026-04-28|Primary Aluminum Smelting & Rolling|Fading|55.36||5|0|0.33|live|3|
2026-04-29|Primary Aluminum Smelting & Rolling|Fading|44.29||5|0|0.33|live|3|
2026-05-06|Primary Aluminum Smelting & Rolling|Fading|70.00|80.00|5|0|0.67|live|4|
2026-05-08|Primary Aluminum Smelting & Rolling|Fading|56.00||5|0|0.33|live|4|
2026-05-11|Primary Aluminum Smelting & Rolling|Fading|70.80|81.60|5|0|0.33|live|4|
2026-05-12|Primary Aluminum Smelting & Rolling|Fading|41.20|82.40|5|0|1.00|live|4|
2026-05-19|Primary Aluminum Smelting & Rolling|Fading|68.20|76.50|5|0|0.00|live|3|
2026-05-20|Primary Aluminum Smelting & Rolling|Fading|65.30|70.70|5|0|0.00|live|3|
2026-05-22|Primary Aluminum Smelting & Rolling|Fading|75.50|91.10|5|0|1.00|live|3|
2026-05-26|Primary Aluminum Smelting & Rolling|Accelerating|75.70|91.30|6|1|1.00|live|3|
2026-05-27|Primary Aluminum Smelting & Rolling|Accelerating|74.70|89.50|7|2|1.00|live|3|
2026-05-28|Primary Aluminum Smelting & Rolling|Accelerating|75.90|91.80|8|3|1.00|live|3|
2026-06-01|Primary Aluminum Smelting & Rolling|Accelerating|74.20|88.50|9|4|1.00|live|3|
2026-06-02|Primary Aluminum Smelting & Rolling|Accelerating|75.80|91.70|10|5|1.00|live|3|
2026-06-03|Primary Aluminum Smelting & Rolling|Accelerating|74.70|89.30|11|6|1.00|live|3|
2026-06-04|Primary Aluminum Smelting & Rolling|Accelerating|74.60|89.20|12|7|1.00|live|3|
2026-06-05|Primary Aluminum Smelting & Rolling|Retired|0.00||13|0||live|0|Rare Earth Magnets & Critical Battery Materials
2026-06-08|Primary Aluminum Smelting & Rolling|Retired|0.00||14|0||live|0|Rare Earth Magnets & Critical Battery Materials
2026-06-09|Primary Aluminum Smelting & Rolling|Retired|0.00||15|0||live|0|Rare Earth Magnets & Critical Battery Materials
2026-06-26|Private Mortgage Insurance|Nascent|30.00|0.00|1|0||live|4|
2026-06-29|Private Mortgage Insurance|Nascent|64.00|68.00|2|0|1.00|live|4|
2026-06-30|Private Mortgage Insurance|Accelerating|62.20|64.30|3|1|1.00|live|4|
2026-07-01|Private Mortgage Insurance|Accelerating|58.60|57.20|4|2|1.00|live|4|
2026-07-02|Private Mortgage Insurance|Accelerating|65.90|71.90|5|3|1.00|live|4|
2026-07-06|Private Mortgage Insurance|Accelerating|65.90|71.90|6|4|1.00|live|4|
2026-07-07|Private Mortgage Insurance|Accelerating|64.60|69.20|7|5|1.00|live|4|
2026-07-08|Private Mortgage Insurance|Accelerating|65.20|70.40|8|6|1.00|live|4|
2026-07-09|Private Mortgage Insurance|Accelerating|64.80|69.60|9|7|1.00|live|4|
2026-07-10|Private Mortgage Insurance|Nascent|63.50|67.10|10|0|1.00|live|4|
2026-07-13|Private Mortgage Insurance|Mainstream|65.40|70.80|11|0|1.00|live|4|
2026-07-14|Private Mortgage Insurance|Mainstream|67.60|75.20|12|0|1.00|live|4|
2026-07-15|Private Mortgage Insurance|Mainstream|60.60|61.30|13|0|1.00|live|4|
2026-07-16|Private Mortgage Insurance|Mainstream|65.10|70.10|14|0|1.00|live|4|
2026-07-17|Private Mortgage Insurance|Nascent|65.90|71.80|15|0|1.00|live|4|
2026-07-20|Private Mortgage Insurance|Mainstream|64.20|68.50|16|0|1.00|live|4|
2026-07-21|Private Mortgage Insurance|Mainstream|60.90|61.80|17|0|1.00|live|4|
2026-07-22|Private Mortgage Insurance|Mainstream|62.20|64.50|18|0|1.00|live|4|
2026-07-23|Private Mortgage Insurance|Mainstream|64.00|68.00|19|0|0.75|live|4|
2026-07-24|Private Mortgage Insurance|Mainstream|68.60|77.30|20|0|1.00|live|4|
2026-07-27|Private Mortgage Insurance|Mainstream|69.10|78.10|21|0|1.00|live|4|
2026-07-28|Private Mortgage Insurance|Mainstream|70.00|80.00|22|0|1.00|live|4|
2026-07-29|Private Mortgage Insurance|Mainstream|71.10|82.10|23|0|1.00|live|4|
2026-07-30|Private Mortgage Insurance|Mainstream|70.10|80.10|24|0|1.00|live|4|
2026-07-31|Private Mortgage Insurance|Mainstream|71.60|83.10|25|0|1.00|live|4|
2026-08-03|Private Mortgage Insurance|Mainstream|70.20|80.40|26|0|1.00|live|4|
2026-07-13|Professional Advisory & Business Services|Nascent|91.83|91.83|1|0||shadow_promoted|3|
2026-07-14|Professional Advisory & Business Services|Nascent|79.20|98.30|2|0|1.00|live|3|
2026-07-15|Professional Advisory & Business Services|Nascent|75.00|90.10|3|0|1.00|live|2|
2026-07-16|Professional Advisory & Business Services|Nascent|77.00|93.90|4|0|1.00|live|2|
2026-07-17|Professional Advisory & Business Services|Nascent|77.00|94.00|5|0|1.00|live|2|
2026-07-20|Professional Advisory & Business Services|Mainstream|77.20|94.40|6|0|1.00|live|2|
2026-07-21|Professional Advisory & Business Services|Mainstream|76.00|92.00|7|0|1.00|live|2|
2026-07-22|Professional Advisory & Business Services|Mainstream|76.70|93.30|8|0|1.00|live|2|
2026-07-23|Professional Advisory & Business Services|Mainstream|75.60|91.20|9|0|1.00|live|2|
2026-07-24|Professional Advisory & Business Services|Mainstream|76.10|92.20|10|0|1.00|live|2|
2026-07-27|Professional Advisory & Business Services|Mainstream|76.80|93.50|11|0|1.00|live|2|
2026-07-28|Professional Advisory & Business Services|Mainstream|77.50|94.90|12|0|1.00|live|2|
2026-07-29|Professional Advisory & Business Services|Nascent|78.60|97.20|13|0|1.00|live|2|
2026-07-30|Professional Advisory & Business Services|Nascent|78.20|96.40|14|0|1.00|live|2|
2026-07-31|Professional Advisory & Business Services|Mainstream|77.80|95.50|15|0|1.00|live|2|
2026-08-03|Professional Advisory & Business Services|Mainstream|75.20|90.40|16|0|1.00|live|2|
2026-06-26|Property & Casualty Insurance Underwriters|Nascent|76.20|92.50|1|0||live|14|
2026-06-29|Property & Casualty Insurance Underwriters|Nascent|66.90|73.80|2|0|1.00|live|14|
2026-06-30|Property & Casualty Insurance Underwriters|Nascent|66.00|72.00|3|0|1.00|live|14|
2026-07-01|Property & Casualty Insurance Underwriters|Nascent|67.40|74.80|4|0|1.00|live|14|
2026-07-02|Property & Casualty Insurance Underwriters|Nascent|69.80|79.60|5|0|1.00|live|14|
2026-07-06|Property & Casualty Insurance Underwriters|Nascent|69.80|79.60|6|0|1.00|live|15|
2026-07-07|Property & Casualty Insurance Underwriters|Nascent|70.50|81.00|7|0|1.00|live|15|
2026-07-08|Property & Casualty Insurance Underwriters|Nascent|70.60|81.20|8|0|1.00|live|15|
2026-07-09|Property & Casualty Insurance Underwriters|Nascent|69.70|79.50|9|0|0.93|live|15|
2026-07-10|Property & Casualty Insurance Underwriters|Nascent|70.20|80.30|10|0|1.00|live|15|
2026-07-13|Property & Casualty Insurance Underwriters|Mainstream|71.50|83.00|11|0|1.00|live|15|
2026-07-14|Property & Casualty Insurance Underwriters|Mainstream|66.50|72.90|12|0|1.00|live|15|
2026-07-15|Property & Casualty Insurance Underwriters|Mainstream|65.30|70.70|13|0|0.29|live|14|
2026-07-16|Property & Casualty Insurance Underwriters|Mainstream|68.60|77.20|14|0|0.71|live|14|
2026-07-17|Property & Casualty Insurance Underwriters|Mainstream|66.80|73.60|15|0|0.93|live|14|
2026-07-20|Property & Casualty Insurance Underwriters|Mainstream|66.60|73.20|16|0|0.93|live|14|
2026-07-21|Property & Casualty Insurance Underwriters|Mainstream|67.50|75.00|17|0|0.93|live|14|
2026-07-22|Property & Casualty Insurance Underwriters|Mainstream|66.80|73.60|18|0|0.43|live|14|
2026-07-23|Property & Casualty Insurance Underwriters|Mainstream|69.10|78.10|19|0|0.62|live|13|
2026-07-24|Property & Casualty Insurance Underwriters|Mainstream|66.80|73.70|20|0|0.92|live|13|
2026-07-27|Property & Casualty Insurance Underwriters|Mainstream|69.00|78.00|21|0|0.92|live|13|
2026-07-28|Property & Casualty Insurance Underwriters|Mainstream|68.90|77.90|22|0|1.00|live|13|
2026-07-29|Property & Casualty Insurance Underwriters|Mainstream|69.60|79.10|23|0|0.85|live|13|
2026-07-30|Property & Casualty Insurance Underwriters|Mainstream|68.10|76.10|24|0|0.54|live|13|
2026-07-31|Property & Casualty Insurance Underwriters|Mainstream|66.80|73.60|25|0|0.39|live|13|
2026-08-03|Property & Casualty Insurance Underwriters|Mainstream|71.30|82.60|26|0|0.54|live|13|
2026-06-28|Protein Degradation & Targeted Molecular Therapeutics Re-rating|Nascent|91.48|91.48|1|0||shadow_promoted|4|
2026-06-29|Protein Degradation & Targeted Molecular Therapeutics Re-rating|Retired|0.00||2|0||live|0|
2026-05-29|Pure-Play Frac & Completion Pressure Pumping Services|Nascent|53.50|47.00|1|0||live|4|Pure-Play Hydraulic Fracturing & Completion Services
2026-06-01|Pure-Play Frac & Completion Pressure Pumping Services|Retired|0.00||2|0||live|0|U.S. Shale & Onshore E&P
2026-06-02|Pure-Play Frac & Completion Pressure Pumping Services|Retired|0.00||3|0||live|0|U.S. Shale & Onshore E&P
2026-06-03|Pure-Play Frac & Completion Pressure Pumping Services|Retired|0.00||4|0||live|0|Hydraulic Fracturing & Completion Services
2026-06-04|Pure-Play Frac & Completion Pressure Pumping Services|Retired|0.00||5|0||live|0|U.S. Shale & Onshore E&P
2026-06-05|Pure-Play Frac & Completion Pressure Pumping Services|Retired|0.00||6|0||live|0|U.S. Shale & Onshore E&P
2026-05-14|Pure-Play Hydraulic Fracturing & Completion Services|Nascent|71.50|83.10|1|0||live|5|Hydraulic Fracturing & Well Completion Services
2026-05-15|Pure-Play Hydraulic Fracturing & Completion Services|Nascent|73.00|86.00|2|0|1.00|live|33|
2026-05-19|Pure-Play Hydraulic Fracturing & Completion Services|Nascent|75.50|91.00|3|0||live|5|Hydraulic Fracturing & Completion Services
2026-05-20|Pure-Play Hydraulic Fracturing & Completion Services|Nascent|67.00|74.10|4|0|0.80|live|5|
2026-05-21|Pure-Play Hydraulic Fracturing & Completion Services|Nascent|68.30|76.70|5|0|0.80|live|5|
2026-05-22|Pure-Play Hydraulic Fracturing & Completion Services|Nascent|68.20|76.30|6|0|0.60|live|25|
2026-05-26|Pure-Play Hydraulic Fracturing & Completion Services|Retired|0.00||7|0||live|0|Hydraulic Fracturing & Completion Services
2026-05-27|Pure-Play Hydraulic Fracturing & Completion Services|Retired|0.00||8|0||live|0|U.S. Shale & Onshore E&P
2026-05-28|Pure-Play Hydraulic Fracturing & Completion Services|Retired|0.00||9|0||live|0|Oil Refiners & Downstream Fuel Processing
2026-05-29|Pure-Play Hydraulic Fracturing & Completion Services|Nascent|63.00|65.90|10|0|0.14|live|17|
2026-06-01|Pure-Play Hydraulic Fracturing & Completion Services|Fading|66.00|72.00|10|0|0.20|live|7|
2026-06-02|Pure-Play Hydraulic Fracturing & Completion Services|Retired|0.00||11|0||live|0|
2026-06-03|Pure-Play Hydraulic Fracturing & Completion Services|Fading|70.10|80.20|11|0|0.75|live|15|
2026-06-04|Pure-Play Hydraulic Fracturing & Completion Services|Retired|0.00||12|0||live|0|U.S. Shale & Onshore E&P
2026-06-05|Pure-Play Hydraulic Fracturing & Completion Services|Retired|0.00||13|0||live|0|U.S. Shale & Onshore E&P
2026-06-08|Pure-Play Hydraulic Fracturing & Completion Services|Retired|0.00||14|0||live|0|U.S. Shale & Onshore E&P
2026-06-09|Pure-Play Hydraulic Fracturing & Completion Services|Fading|56.08||14|0|0.00|live|10|
2026-06-10|Pure-Play Hydraulic Fracturing & Completion Services|Accelerating|65.00|69.90|15|1|0.50|live|5|
2026-06-11|Pure-Play Hydraulic Fracturing & Completion Services|Fading|52.00||15|0|0.00|live|4|
2026-06-12|Pure-Play Hydraulic Fracturing & Completion Services|Fading|41.60||15|0|0.50|live|2|
2026-06-15|Pure-Play Hydraulic Fracturing & Completion Services|Fading|33.28||15|0|0.00|live|2|
2026-06-16|Pure-Play Hydraulic Fracturing & Completion Services|Fading|26.62||15|0|0.00|live|2|
2026-06-17|Pure-Play Hydraulic Fracturing & Completion Services|Fading|21.30||15|0|0.00|live|2|
2026-06-18|Pure-Play Hydraulic Fracturing & Completion Services|Retired|0.00||16|0||live|0|
2026-04-21|Pure-Play Hydraulic Fracturing & Pressure Pumping Services|Retired|41.70|83.40|1|0||live|3|Permian & U.S. Mid-Continent Pure-Play E&P
2026-07-08|Pure-Play Quantum Computing Hardware|Nascent|30.00|0.00|1|0||live|2|
2026-07-09|Pure-Play Quantum Computing Hardware|Fading|24.00||1|0|0.00|live|2|
2026-07-10|Pure-Play Quantum Computing Hardware|Fading|19.20||1|0|0.00|live|2|
2026-07-13|Pure-Play Quantum Computing Hardware|Fading|15.36||1|0|0.00|live|2|
2026-07-14|Pure-Play Quantum Computing Hardware|Fading|12.29||1|0|0.00|live|2|
2026-07-15|Pure-Play Quantum Computing Hardware|Fading|9.83||1|0|0.00|live|2|
2026-07-16|Pure-Play Quantum Computing Hardware|Retired|0.00||2|0||live|0|
2026-06-30|Quantum Computing Hardware & Annealing Systems|Nascent|30.00|0.00|1|0||live|3|
2026-07-01|Quantum Computing Hardware & Annealing Systems|Fading|24.00||1|0|0.00|live|3|
2026-07-02|Quantum Computing Hardware & Annealing Systems|Fading|19.20||1|0|0.00|live|2|
2026-07-06|Quantum Computing Hardware & Annealing Systems|Fading|15.36||1|0|0.00|live|2|
2026-07-07|Quantum Computing Hardware & Annealing Systems|Fading|12.29||1|0|0.00|live|2|
2026-07-08|Quantum Computing Hardware & Annealing Systems|Fading|9.83||1|0|0.00|live|2|
2026-07-09|Quantum Computing Hardware & Annealing Systems|Retired|0.00||2|0||live|0|
2026-07-16|Quantum Computing Hardware & Software|Nascent|4.50|4.50|1|0||shadow_promoted|5|
2026-07-17|Quantum Computing Hardware & Software|Fading|3.60||1|0|0.00|live|2|
2026-07-20|Quantum Computing Hardware & Software|Fading|2.88||1|0|0.00|live|2|
2026-07-21|Quantum Computing Hardware & Software|Fading|2.30||1|0|0.00|live|2|
2026-07-22|Quantum Computing Hardware & Software|Fading|1.84||1|0|0.00|live|2|
2026-07-23|Quantum Computing Hardware & Software|Fading|1.47||1|0|0.00|live|2|
2026-07-24|Quantum Computing Hardware & Software|Retired|0.00||2|0||live|0|
2026-08-03|Quantum Computing Hardware & Software|Nascent|57.72|57.72|3|0||shadow_promoted|5|
2026-06-25|Quantum Computing & Quantum-Safe Networking|Nascent|78.90|97.80|1|0||live|2|
2026-06-26|Quantum Computing & Quantum-Safe Networking|Nascent|79.40|98.80|2|0|1.00|live|2|
2026-06-29|Quantum Computing & Quantum-Safe Networking|Nascent|78.50|97.00|3|0|1.00|live|3|
2026-06-30|Quantum Computing & Quantum-Safe Networking|Nascent|79.80|99.70|4|0|1.00|live|3|
2026-07-01|Quantum Computing & Quantum-Safe Networking|Nascent|79.70|99.30|5|0|1.00|live|2|
2026-07-02|Quantum Computing & Quantum-Safe Networking|Mainstream|79.20|98.40|6|0|1.00|live|2|
2026-07-06|Quantum Computing & Quantum-Safe Networking|Mainstream|78.80|97.70|7|0|1.00|live|2|
2026-07-07|Quantum Computing & Quantum-Safe Networking|Mainstream|73.10|86.20|8|0|0.50|live|2|
2026-07-08|Quantum Computing & Quantum-Safe Networking|Fading|58.48||8|0|0.50|live|2|
2026-07-09|Quantum Computing & Quantum-Safe Networking|Fading|46.78||8|0|0.50|live|2|
2026-07-10|Quantum Computing & Quantum-Safe Networking|Fading|37.43||8|0|0.00|live|2|
2026-07-13|Quantum Computing & Quantum-Safe Networking|Fading|29.94||8|0|0.00|live|2|
2026-07-14|Quantum Computing & Quantum-Safe Networking|Fading|23.95||8|0|0.00|live|2|
2026-07-15|Quantum Computing & Quantum-Safe Networking|Retired|0.00||9|0||live|0|
2026-07-07|Rare Cardiometabolic & Endocrine Specialty Pharma|Nascent|91.45|91.45|1|0||shadow_promoted|4|
2026-07-08|Rare Cardiometabolic & Endocrine Specialty Pharma|Retired|0.00||2|0||live|0|
2026-07-09|Rare Cardiometabolic & Endocrine Specialty Pharma|Nascent|87.38|87.38|3|0||shadow_promoted|4|
2026-07-10|Rare Cardiometabolic & Endocrine Specialty Pharma|Retired|0.00||4|0||live|0|
2026-07-07|Rare Disease Small Molecule Precision Therapeutics|Nascent|72.57|72.57|1|0||shadow_promoted|3|
2026-07-08|Rare Disease Small Molecule Precision Therapeutics|Retired|0.00||2|0||live|0|
2026-07-09|Rare Disease Small Molecule Precision Therapeutics|Nascent|76.33|76.33|3|0||shadow_promoted|3|
2026-07-10|Rare Disease Small Molecule Precision Therapeutics|Retired|0.00||4|0||live|0|
2026-04-01|Rare Earth Magnets & Critical Battery Materials|Nascent|78.30||0|0||live|2|
2026-04-02|Rare Earth Magnets & Critical Battery Materials|Nascent|75.40|90.80|0|0||live|2|
2026-04-06|Rare Earth Magnets & Critical Battery Materials|Fading|47.20|94.30|0|0||live|2|
2026-04-07|Rare Earth Magnets & Critical Battery Materials|Accelerating|78.50|97.10|0|0||live|2|
2026-04-08|Rare Earth Magnets & Critical Battery Materials|Fading|47.60|95.20|0|0||live|3|
2026-04-14|Rare Earth Magnets & Critical Battery Materials|Fading|48.00|96.00|0|0||live|3|
2026-04-15|Rare Earth Magnets & Critical Battery Materials|Fading|47.20|94.30|0|0||live|3|
2026-04-16|Rare Earth Magnets & Critical Battery Materials|Fading|46.80|93.70|0|0||live|3|
2026-04-17|Rare Earth Magnets & Critical Battery Materials|Accelerating|75.50|91.00|1|1||live|3|
2026-04-20|Rare Earth Magnets & Critical Battery Materials|Accelerating|43.00|86.00|2|2||live|3|
2026-04-21|Rare Earth Magnets & Critical Battery Materials|Accelerating|42.60|85.20|3|3|1.00|live|3|
2026-04-22|Rare Earth Magnets & Critical Battery Materials|Fading|39.80|79.70|3|0|1.00|live|3|
2026-04-23|Rare Earth Magnets & Critical Battery Materials|Fading|38.60|77.20|3|0|0.67|live|3|
2026-04-24|Rare Earth Magnets & Critical Battery Materials|Fading|40.00|80.00|3|0|0.67|live|3|
2026-04-27|Rare Earth Magnets & Critical Battery Materials|Accelerating|72.00|83.90|4|1|0.67|live|3|
2026-04-28|Rare Earth Magnets & Critical Battery Materials|Accelerating|69.80|79.50|5|2|0.67|live|3|
2026-04-29|Rare Earth Magnets & Critical Battery Materials|Accelerating|70.80|81.70|6|3|0.67|live|3|
2026-04-30|Rare Earth Magnets & Critical Battery Materials|Accelerating|74.70|89.50|7|4|0.67|live|3|
2026-05-01|Rare Earth Magnets & Critical Battery Materials|Accelerating|44.80|89.60|8|5|0.67|live|3|
2026-05-04|Rare Earth Magnets & Critical Battery Materials|Fading|35.84||8|0|0.50|live|3|
2026-05-05|Rare Earth Magnets & Critical Battery Materials|Fading|43.40|86.80|8|0|0.67|live|3|
2026-05-07|Rare Earth Magnets & Critical Battery Materials|Fading|45.20|90.30|8|0|0.67|live|3|
2026-05-13|Rare Earth Magnets & Critical Battery Materials|Fading|73.30|86.70|8|0|1.00|live|4|
2026-05-14|Rare Earth Magnets & Critical Battery Materials|Accelerating|71.90|83.80|9|1|1.00|live|3|
2026-05-15|Rare Earth Magnets & Critical Battery Materials|Fading|57.52||9|0|0.00|live|3|
2026-05-18|Rare Earth Magnets & Critical Battery Materials|Fading|46.02||9|0|0.50|live|2|
2026-05-21|Rare Earth Magnets & Critical Battery Materials|Fading|72.70|85.40|9|0|0.50|live|3|
2026-05-26|Rare Earth Magnets & Critical Battery Materials|Retired|0.00||10|0||live|0|Primary Aluminum Smelting & Rolling
2026-05-27|Rare Earth Magnets & Critical Battery Materials|Retired|0.00||11|0||live|0|Primary Aluminum Smelting & Rolling
2026-05-28|Rare Earth Magnets & Critical Battery Materials|Retired|0.00||12|0||live|0|Primary Aluminum Smelting & Rolling
2026-05-29|Rare Earth Magnets & Critical Battery Materials|Accelerating|76.20|92.30|13|1|1.00|live|3|
2026-06-01|Rare Earth Magnets & Critical Battery Materials|Retired|0.00||14|0||live|0|Primary Aluminum Smelting & Rolling
2026-06-02|Rare Earth Magnets & Critical Battery Materials|Retired|0.00||15|0||live|0|Primary Aluminum Smelting & Rolling
2026-06-03|Rare Earth Magnets & Critical Battery Materials|Retired|0.00||16|0||live|0|Primary Aluminum Smelting & Rolling
2026-06-04|Rare Earth Magnets & Critical Battery Materials|Retired|0.00||17|0||live|0|Primary Aluminum Smelting & Rolling
2026-06-05|Rare Earth Magnets & Critical Battery Materials|Accelerating|75.30|90.60|18|1|0.75|live|4|
2026-06-08|Rare Earth Magnets & Critical Battery Materials|Accelerating|75.40|90.80|19|2|1.00|live|4|
2026-06-09|Rare Earth Magnets & Critical Battery Materials|Accelerating|73.80|87.60|20|3|0.75|live|4|
2026-06-10|Rare Earth Magnets & Critical Battery Materials|Accelerating|69.10|78.20|21|4|0.25|live|4|
2026-06-11|Rare Earth Magnets & Critical Battery Materials|Accelerating|71.30|82.60|22|5|0.50|live|4|
2026-06-12|Rare Earth Magnets & Critical Battery Materials|Mainstream|76.60|93.20|23|0|0.50|live|4|
2026-06-15|Rare Earth Magnets & Critical Battery Materials|Mainstream|74.90|89.80|24|0|1.00|live|2|
2026-06-16|Rare Earth Magnets & Critical Battery Materials|Mainstream|70.20|80.50|25|0|1.00|live|2|
2026-06-17|Rare Earth Magnets & Critical Battery Materials|Mainstream|73.50|87.00|26|0|0.50|live|2|
2026-06-18|Rare Earth Magnets & Critical Battery Materials|Mainstream|72.80|85.70|27|0|0.50|live|2|
2026-06-22|Rare Earth Magnets & Critical Battery Materials|Mainstream|73.80|87.70|28|0|1.00|live|2|
2026-06-23|Rare Earth Magnets & Critical Battery Materials|Mainstream|70.20|80.50|29|0|0.50|live|2|
2026-06-24|Rare Earth Magnets & Critical Battery Materials|Fading|56.16||29|0|0.50|live|2|
2026-06-25|Rare Earth Magnets & Critical Battery Materials|Fading|44.93||29|0|0.00|live|2|
2026-06-26|Rare Earth Magnets & Critical Battery Materials|Fading|35.94||29|0|0.50|live|2|
2026-06-29|Rare Earth Magnets & Critical Battery Materials|Fading|28.75||29|0|0.00|live|2|
2026-06-30|Rare Earth Magnets & Critical Battery Materials|Fading|23.00||29|0|0.00|live|2|
2026-07-01|Rare Earth Magnets & Critical Battery Materials|Retired|0.00||30|0||live|0|
2026-07-09|Rare Neurological, Neuromuscular & Genetic Disease Biotech|Nascent|95.08|95.08|1|0||shadow_promoted|6|
2026-07-10|Rare Neurological, Neuromuscular & Genetic Disease Biotech|Retired|0.00||2|0||live|0|
2026-07-06|Rare & Orphan Disease Biotech|Nascent|93.90|93.90|1|0||shadow_promoted|5|
2026-07-07|Rare & Orphan Disease Biotech|Retired|0.00||2|0||live|0|
2026-07-08|Rare & Orphan Disease Biotech|Nascent|94.94|94.94|3|0||shadow_promoted|5|
2026-07-09|Rare & Orphan Disease Biotech|Retired|0.00||4|0||live|0|
2026-06-30|Rare & Orphan Disease Biotech Re-Rating|Nascent|90.90|90.90|1|0||shadow_promoted|5|
2026-07-01|Rare & Orphan Disease Biotech Re-Rating|Retired|0.00||2|0||live|0|
2026-07-02|Rare & Orphan Disease Biotech Re-Rating|Nascent|94.82|94.82|3|0||shadow_promoted|5|
2026-07-06|Rare & Orphan Disease Biotech Re-Rating|Retired|0.00||4|0||live|0|
2026-06-28|Rare & Orphan Disease Specialty Pharma|Nascent|92.30|92.30|1|0||shadow_promoted|4|
2026-06-29|Rare & Orphan Disease Specialty Pharma|Retired|0.00||2|0||live|0|
2026-07-27|Regulated Gas & Electric Distribution Utilities|Nascent|49.12|49.12|1|0||shadow_promoted|6|
2026-07-28|Regulated Gas & Electric Distribution Utilities|Retired|0.00||2|0||live|0|
2026-07-29|Regulated Gas & Electric Distribution Utilities|Nascent|35.47|35.47|3|0||shadow_promoted|6|
2026-07-30|Regulated Gas & Electric Distribution Utilities|Retired|0.00||4|0||live|0|
2026-04-07|Robo-Advisor & AI-Driven Wealth Management Platforms|Nascent|77.00|93.90|0|0||live|2|
2026-04-08|Robo-Advisor & AI-Driven Wealth Management Platforms|Nascent|74.40|88.80|0|0||live|2|
2026-04-10|Robo-Advisor & AI-Driven Wealth Management Platforms|Nascent|72.80|85.50|0|0||live|58|
2026-04-20|Robo-Advisor & AI-Driven Wealth Management Platforms|Fading|36.30|72.50|0|0||live|7|
2026-04-21|Robo-Advisor & AI-Driven Wealth Management Platforms|Accelerating|48.80|97.50|1|1|0.80|live|6|
2026-04-23|Robo-Advisor & AI-Driven Wealth Management Platforms|Accelerating|44.30|88.60|2|2|1.00|live|5|
2026-04-24|Robo-Advisor & AI-Driven Wealth Management Platforms|Accelerating|45.70|91.40|3|3|1.00|live|5|
2026-04-27|Robo-Advisor & AI-Driven Wealth Management Platforms|Accelerating|43.90|87.70|4|4|1.00|live|5|
2026-04-28|Robo-Advisor & AI-Driven Wealth Management Platforms|Accelerating|73.40|86.90|5|5|1.00|live|5|
2026-04-29|Robo-Advisor & AI-Driven Wealth Management Platforms|Accelerating|46.50|93.10|6|6|0.33|live|3|
2026-04-30|Robo-Advisor & AI-Driven Wealth Management Platforms|Accelerating|76.80|93.70|7|7|1.00|live|3|
2026-05-01|Robo-Advisor & AI-Driven Wealth Management Platforms|Accelerating|78.30|96.70|8|8|1.00|live|3|
2026-05-04|Robo-Advisor & AI-Driven Wealth Management Platforms|Accelerating|47.00|94.10|9|9|1.00|live|3|
2026-05-05|Robo-Advisor & AI-Driven Wealth Management Platforms|Accelerating|77.40|94.80|10|10|1.00|live|3|
2026-05-06|Robo-Advisor & AI-Driven Wealth Management Platforms|Accelerating|47.10|94.20|11|11|1.00|live|3|
2026-05-07|Robo-Advisor & AI-Driven Wealth Management Platforms|Mainstream|70.70|81.30|12|0|1.00|live|2|
2026-05-08|Robo-Advisor & AI-Driven Wealth Management Platforms|Mainstream|71.60|83.20|13|0|1.00|live|2|
2026-05-11|Robo-Advisor & AI-Driven Wealth Management Platforms|Mainstream|42.00|84.10|14|0|1.00|live|2|
2026-05-12|Robo-Advisor & AI-Driven Wealth Management Platforms|Fading|41.20|82.50|14|0|1.00|live|2|
2026-05-13|Robo-Advisor & AI-Driven Wealth Management Platforms|Fading|32.96||14|0|1.00|live|2|
2026-05-14|Robo-Advisor & AI-Driven Wealth Management Platforms|Fading|72.60|85.20|14|0|1.00|live|2|
2026-05-15|Robo-Advisor & AI-Driven Wealth Management Platforms|Accelerating|73.20|86.40|15|1|1.00|live|2|
2026-05-18|Robo-Advisor & AI-Driven Wealth Management Platforms|Accelerating|74.70|89.50|16|2|0.50|live|2|
2026-05-19|Robo-Advisor & AI-Driven Wealth Management Platforms|Accelerating|75.50|91.00|17|3|0.50|live|2|
2026-05-20|Robo-Advisor & AI-Driven Wealth Management Platforms|Accelerating|76.10|92.20|18|4|0.50|live|2|
2026-05-21|Robo-Advisor & AI-Driven Wealth Management Platforms|Mainstream|77.00|93.90|19|0|0.50|live|2|
2026-05-22|Robo-Advisor & AI-Driven Wealth Management Platforms|Fading|61.60||19|0|0.50|live|2|
2026-05-26|Robo-Advisor & AI-Driven Wealth Management Platforms|Fading|49.28||19|0|0.50|live|2|
2026-05-27|Robo-Advisor & AI-Driven Wealth Management Platforms|Fading|39.42||19|0|0.50|live|2|
2026-05-28|Robo-Advisor & AI-Driven Wealth Management Platforms|Fading|31.54||19|0|0.50|live|2|
2026-05-29|Robo-Advisor & AI-Driven Wealth Management Platforms|Fading|25.23||19|0|0.50|live|2|
2026-06-01|Robo-Advisor & AI-Driven Wealth Management Platforms|Retired|0.00||20|0||live|0|
2026-06-02|Robo-Advisor & AI-Driven Wealth Management Platforms|Fading|20.19||20|0|0.50|live|2|
2026-06-03|Robo-Advisor & AI-Driven Wealth Management Platforms|Fading|16.15||20|0|0.50|live|2|
2026-06-04|Robo-Advisor & AI-Driven Wealth Management Platforms|Fading|12.92||20|0|0.00|live|2|
2026-06-05|Robo-Advisor & AI-Driven Wealth Management Platforms|Fading|3.39||20|0|0.00|live|2|
2026-06-08|Robo-Advisor & AI-Driven Wealth Management Platforms|Fading|2.71||20|0|0.00|live|2|
2026-06-09|Robo-Advisor & AI-Driven Wealth Management Platforms|Retired|0.00||21|0||live|0|
2026-06-30|Satellite Communications & Space Data Services|Nascent|77.76|77.76|1|0||shadow_promoted|5|
2026-07-01|Satellite Communications & Space Data Services|Nascent|71.80|83.60|2|0|1.00|live|7|
2026-07-02|Satellite Communications & Space Data Services|Nascent|64.10|68.30|3|0|1.00|live|7|
2026-07-06|Satellite Communications & Space Data Services|Nascent|77.00|94.00|4|0|0.80|live|5|
2026-07-07|Satellite Communications & Space Data Services|Nascent|73.50|87.00|5|0|0.50|live|3|
2026-07-08|Satellite Communications & Space Data Services|Fading|58.80||5|0|0.00|live|2|
2026-07-09|Satellite Communications & Space Data Services|Fading|47.04||5|0|0.00|live|2|
2026-07-10|Satellite Communications & Space Data Services|Fading|37.63||5|0|0.00|live|2|
2026-07-13|Satellite Communications & Space Data Services|Fading|30.11||5|0|0.00|live|2|
2026-07-14|Satellite Communications & Space Data Services|Fading|24.08||5|0|0.00|live|2|
2026-07-15|Satellite Communications & Space Data Services|Retired|0.00||6|0||live|0|
2026-04-20|Satellite Earth Observation & Geospatial Intelligence|Nascent|49.70|99.30|1|0||live|3|Space Economy
2026-04-21|Satellite Earth Observation & Geospatial Intelligence|Accelerating|79.70|99.40|2|1|1.00|live|17|
2026-04-24|Satellite Earth Observation & Geospatial Intelligence|Accelerating|76.00|92.00|3|2|0.67|live|12|
2026-05-01|Satellite Earth Observation & Geospatial Intelligence|Accelerating|75.40|90.80|4|3|0.56|live|17|
2026-05-04|Satellite Earth Observation & Geospatial Intelligence|Accelerating|75.60|91.20|5|4|0.50|live|14|
2026-05-05|Satellite Earth Observation & Geospatial Intelligence|Accelerating|72.50|85.00|6|5|0.50|live|8|
2026-05-06|Satellite Earth Observation & Geospatial Intelligence|Accelerating|76.30|92.70|7|6|0.67|live|7|
2026-05-08|Satellite Earth Observation & Geospatial Intelligence|Accelerating|75.20|90.30|8|7|0.86|live|5|
2026-05-15|Satellite Earth Observation & Geospatial Intelligence|Fading|60.16||8|0|0.50|live|4|
2026-04-17|Satellite Imagery & Geospatial Intelligence|Nascent|49.60|99.30|1|0||live|4|Satellite & Space Intelligence Data Services
2026-04-22|Satellite Imagery & Geospatial Intelligence|Accelerating|79.40|98.90|2|1|1.00|live|21|
2026-04-28|Satellite Imagery & Geospatial Intelligence|Accelerating|74.50|89.00|3|2|0.65|live|5|
2026-04-30|Satellite Imagery & Geospatial Intelligence|Accelerating|78.80|97.50|4|3|1.00|live|13|
2026-05-05|Satellite Imagery & Geospatial Intelligence|Accelerating|75.10|90.20|5|4|0.50|live|9|
2026-05-06|Satellite Imagery & Geospatial Intelligence|Accelerating|77.00|94.10|6|5|1.00|live|9|
2026-05-07|Satellite Imagery & Geospatial Intelligence|Accelerating|71.80|83.70|7|6|0.50|live|11|
2026-05-08|Satellite Imagery & Geospatial Intelligence|Accelerating|73.80|87.50|8|7|0.75|live|8|
2026-05-11|Satellite Imagery & Geospatial Intelligence|Accelerating|77.70|95.30|9|8|1.00|live|13|
2026-05-12|Satellite Imagery & Geospatial Intelligence|Mainstream|73.10|86.10|10|0|0.78|live|11|
2026-05-13|Satellite Imagery & Geospatial Intelligence|Mainstream|76.30|92.70|11|0|1.00|live|11|
2026-05-14|Satellite Imagery & Geospatial Intelligence|Mainstream|77.50|95.00|12|0|0.78|live|11|
2026-05-15|Satellite Imagery & Geospatial Intelligence|Mainstream|78.90|97.80|13|0|1.00|live|6|
2026-05-18|Satellite Imagery & Geospatial Intelligence|Mainstream|79.10|98.10|14|0|1.00|live|4|
2026-05-19|Satellite Imagery & Geospatial Intelligence|Mainstream|79.10|98.20|15|0|1.00|live|4|
2026-05-20|Satellite Imagery & Geospatial Intelligence|Mainstream|79.10|98.20|16|0|1.00|live|4|
2026-05-21|Satellite Imagery & Geospatial Intelligence|Mainstream|78.40|96.80|17|0|1.00|live|4|
2026-05-22|Satellite Imagery & Geospatial Intelligence|Mainstream|78.60|97.20|18|0|1.00|live|4|
2026-05-26|Satellite Imagery & Geospatial Intelligence|Mainstream|79.30|98.70|19|0|1.00|live|4|
2026-05-27|Satellite Imagery & Geospatial Intelligence|Mainstream|79.30|98.50|20|0|1.00|live|4|
2026-05-28|Satellite Imagery & Geospatial Intelligence|Mainstream|79.20|98.30|21|0|1.00|live|4|
2026-05-29|Satellite Imagery & Geospatial Intelligence|Mainstream|78.80|97.70|22|0|1.00|live|4|
2026-06-01|Satellite Imagery & Geospatial Intelligence|Mainstream|76.40|92.90|23|0|0.50|live|4|
2026-06-02|Satellite Imagery & Geospatial Intelligence|Mainstream|77.90|95.80|24|0|1.00|live|3|
2026-06-03|Satellite Imagery & Geospatial Intelligence|Mainstream|75.00|90.00|25|0|0.00|live|3|
2026-06-04|Satellite Imagery & Geospatial Intelligence|Mainstream|73.20|86.30|26|0|0.00|live|3|
2026-06-05|Satellite Imagery & Geospatial Intelligence|Fading|19.19||26|0|0.00|live|2|
2026-06-08|Satellite Imagery & Geospatial Intelligence|Fading|15.35||26|0|0.00|live|2|
2026-06-09|Satellite Imagery & Geospatial Intelligence|Fading|12.28||26|0|0.00|live|2|
2026-06-10|Satellite Imagery & Geospatial Intelligence|Fading|9.82||26|0|0.00|live|2|
2026-06-11|Satellite Imagery & Geospatial Intelligence|Fading|7.86||26|0|0.00|live|2|
2026-06-12|Satellite Imagery & Geospatial Intelligence|Retired|0.00||27|0||live|0|
2026-03-20|Satellite Intelligence & Earth Observation|Accelerating|45.70||0|0||live|4|
2026-03-24|Satellite Intelligence & Earth Observation|Accelerating|77.10||0|0||live|8|
2026-03-26|Satellite Intelligence & Earth Observation|Accelerating|78.20||0|0||live|8|
2026-03-27|Satellite Intelligence & Earth Observation|Accelerating|73.20||0|0||live|8|
2026-03-30|Satellite Intelligence & Earth Observation|Fading|46.20||0|0||live|8|
2026-03-31|Satellite Intelligence & Earth Observation|Accelerating|73.90||0|0||live|8|
2026-04-01|Satellite Intelligence & Earth Observation|Fading|47.10||0|0||live|8|
2026-04-02|Satellite Intelligence & Earth Observation|Accelerating|79.30|98.60|0|0||live|9|
2026-04-06|Satellite Intelligence & Earth Observation|Fading|49.70|99.40|0|0||live|9|
2026-04-07|Satellite Intelligence & Earth Observation|Mainstream|79.70|99.30|0|0||live|9|
2026-04-08|Satellite Intelligence & Earth Observation|Fading|49.80|99.50|0|0||live|9|
2026-04-14|Satellite Intelligence & Earth Observation|Accelerating|79.50|99.00|0|0||live|16|
2026-04-15|Satellite Intelligence & Earth Observation|Retired|77.30|94.60|0|0||live|12|
2026-03-25|Satellite Mobile & IoT Connectivity Services|Nascent|79.50||0|0||live|6|
2026-03-26|Satellite Mobile & IoT Connectivity Services|Accelerating|71.80||0|0||live|6|
2026-03-27|Satellite Mobile & IoT Connectivity Services|Accelerating|73.10||0|0||live|6|
2026-03-31|Satellite Mobile & IoT Connectivity Services|Accelerating|71.20||0|0||live|6|
2026-04-01|Satellite Mobile & IoT Connectivity Services|Fading|39.40||0|0||live|6|
2026-04-02|Satellite Mobile & IoT Connectivity Services|Accelerating|72.60|85.10|0|0||live|6|
2026-04-06|Satellite Mobile & IoT Connectivity Services|Fading|40.10|80.20|0|0||live|6|
2026-04-07|Satellite Mobile & IoT Connectivity Services|Accelerating|79.80|99.50|0|0||live|6|
2026-04-08|Satellite Mobile & IoT Connectivity Services|Accelerating|42.90|85.90|0|0||live|6|
2026-04-16|Satellite Mobile & IoT Connectivity Services|Accelerating|79.50|99.00|1|1||live|4|
2026-04-23|Satellite Mobile & IoT Connectivity Services|Accelerating|78.30|96.70|2|2|1.00|live|19|
2026-04-28|Satellite Mobile & IoT Connectivity Services|Accelerating|74.60|89.10|3|3|0.50|live|12|
2026-04-29|Satellite Mobile & IoT Connectivity Services|Accelerating|70.50|81.00|4|4|0.11|live|15|
2026-04-30|Satellite Mobile & IoT Connectivity Services|Accelerating|77.00|94.00|5|5|0.67|live|5|
2026-05-07|Satellite Mobile & IoT Connectivity Services|Fading|61.60||5|0|0.33|live|5|
2026-03-20|Satellite & Space Intelligence Data Services|Accelerating|77.40||0|0||live|3|
2026-03-21|Satellite & Space Intelligence Data Services|Accelerating|79.00||0|0||live|10|
2026-03-23|Satellite & Space Intelligence Data Services|Accelerating|78.00||0|0||live|9|
2026-04-09|Satellite & Space Intelligence Data Services|Accelerating|79.80|99.50|0|0||live|15|
2026-04-10|Satellite & Space Intelligence Data Services|Accelerating|76.10|92.30|0|0||live|14|
2026-04-17|Satellite & Space Intelligence Data Services|Retired|79.40|98.80|1|1||live|22|
2026-07-06|Self-Storage REITs|Nascent|30.00|0.00|1|0||live|4|
2026-07-07|Self-Storage REITs|Fading|24.00||1|0|1.00|live|4|
2026-07-08|Self-Storage REITs|Fading|19.20||1|0|0.00|live|4|
2026-07-09|Self-Storage REITs|Fading|15.36||1|0|0.00|live|4|
2026-07-10|Self-Storage REITs|Fading|12.29||1|0|0.00|live|2|
2026-07-13|Self-Storage REITs|Fading|9.83||1|0|1.00|live|2|
2026-07-14|Self-Storage REITs|Retired|0.00||2|0||live|0|
2026-04-09|Semiconductor Burn-In & Final-Test Equipment Pure-Play|Nascent|79.10|98.10|0|0||live|10|
2026-04-20|Semiconductor Burn-In & Final-Test Equipment Pure-Play|Fading|48.50|97.00|0|0||live|9|
2026-04-23|Semiconductor Burn-In & Final-Test Equipment Pure-Play|Accelerating|78.50|97.00|1|1|1.00|live|2|
2026-04-27|Semiconductor Burn-In & Final-Test Equipment Pure-Play|Accelerating|78.60|97.20|2|2|1.00|live|2|
2026-04-28|Semiconductor Burn-In & Final-Test Equipment Pure-Play|Accelerating|78.00|95.90|3|3|1.00|live|2|
2026-05-01|Semiconductor Burn-In & Final-Test Equipment Pure-Play|Fading|62.40||3|0|0.50|live|2|
2026-05-08|Semiconductor Burn-In & Final-Test Equipment Pure-Play|Fading|49.92||3|0|0.00|live|2|
2026-05-12|Semiconductor Burn-In & Final-Test Equipment Pure-Play|Fading|39.94||3|0|0.00|live|2|
2026-05-15|Semiconductor Burn-In & Final-Test Equipment Pure-Play|Fading|31.95||3|0|0.00|live|2|
2026-05-22|Semiconductor Burn-In & Final-Test Equipment Pure-Play|Fading|25.56||3|0|0.50|live|2|
2026-05-26|Semiconductor Burn-In & Final-Test Equipment Pure-Play|Retired|0.00||4|0||live|0|Semiconductor Probe Card & Front-End Test Equipment
2026-05-27|Semiconductor Burn-In & Final-Test Equipment Pure-Play|Fading|20.45||4|0|0.50|live|2|
2026-05-28|Semiconductor Burn-In & Final-Test Equipment Pure-Play|Retired|0.00||5|0||live|0|Semiconductor Probe Card & Front-End Test Equipment
2026-05-29|Semiconductor Burn-In & Final-Test Equipment Pure-Play|Retired|0.00||6|0||live|0|Semiconductor Probe Card & Front-End Test Equipment
2026-06-01|Semiconductor Burn-In & Final-Test Equipment Pure-Play|Fading|16.36||6|0|0.50|live|2|
2026-06-02|Semiconductor Burn-In & Final-Test Equipment Pure-Play|Retired|0.00||7|0||live|0|Semiconductor Capital Equipment
2026-06-03|Semiconductor Burn-In & Final-Test Equipment Pure-Play|Retired|0.00||8|0||live|0|Semiconductor Capital Equipment
2026-06-04|Semiconductor Burn-In & Final-Test Equipment Pure-Play|Retired|0.00||9|0||live|0|Semiconductor Capital Equipment
2026-06-05|Semiconductor Burn-In & Final-Test Equipment Pure-Play|Retired|0.00||10|0||live|0|Semiconductor Probe Card & Front-End Test Equipment
2026-06-08|Semiconductor Burn-In & Final-Test Equipment Pure-Play|Retired|0.00||11|0||live|0|Semiconductor Probe Card & Front-End Test Equipment
2026-03-19|Semiconductor Capital Equipment|Nascent|68.10||0|0||live|3|
2026-03-20|Semiconductor Capital Equipment|Accelerating|71.20||0|0||live|3|
2026-03-21|Semiconductor Capital Equipment|Accelerating|75.30||0|0||live|3|
2026-03-23|Semiconductor Capital Equipment|Accelerating|76.50||0|0||live|3|
2026-03-24|Semiconductor Capital Equipment|Mainstream|78.30||0|0||live|5|
2026-03-25|Semiconductor Capital Equipment|Mainstream|77.00||0|0||live|6|
2026-03-26|Semiconductor Capital Equipment|Mainstream|76.60||0|0||live|6|
2026-03-27|Semiconductor Capital Equipment|Mainstream|77.90||0|0||live|6|
2026-03-30|Semiconductor Capital Equipment|Fading|45.10||0|0||live|6|
2026-03-31|Semiconductor Capital Equipment|Accelerating|76.20||0|0||live|6|
2026-04-02|Semiconductor Capital Equipment|Accelerating|77.00|94.00|0|0||live|7|
2026-04-06|Semiconductor Capital Equipment|Fading|48.30|96.60|0|0||live|7|
2026-04-13|Semiconductor Capital Equipment|Accelerating|78.90|97.80|0|0||live|10|
2026-04-22|Semiconductor Capital Equipment|Accelerating|77.70|95.50|1|1|1.00|live|2|
2026-04-27|Semiconductor Capital Equipment|Accelerating|78.60|97.20|2|2|1.00|live|2|
2026-04-28|Semiconductor Capital Equipment|Accelerating|78.00|95.90|3|3|1.00|live|2|
2026-04-30|Semiconductor Capital Equipment|Fading|62.40||3|0|0.50|live|2|
2026-05-14|Semiconductor Capital Equipment|Fading|31.95||3|0|0.00|live|2|
2026-05-28|Semiconductor Capital Equipment|Fading|16.36||3|0|0.50|live|2|
2026-05-29|Semiconductor Capital Equipment|Retired|0.00||4|0||live|0|Semiconductor Probe Card & Front-End Test Equipment
2026-06-01|Semiconductor Capital Equipment|Retired|0.00||5|0||live|0|Semiconductor Burn-In & Final-Test Equipment Pure-Play
2026-06-02|Semiconductor Capital Equipment|Retired|0.00||6|0||live|0|Semiconductor Probe Card & Front-End Test Equipment
2026-06-03|Semiconductor Capital Equipment|Retired|0.00||7|0||live|0|Semiconductor Probe Card & Front-End Test Equipment
2026-06-04|Semiconductor Capital Equipment|Retired|0.00||8|0||live|0|Semiconductor Probe Card & Front-End Test Equipment
2026-03-24|Semiconductor Front-End Interconnect & Wafer Processing Equipment|Fading|63.60||0|0||live|2|
2026-03-25|Semiconductor Front-End Interconnect & Wafer Processing Equipment|Fading|40.70||0|0||live|2|
2026-03-26|Semiconductor Front-End Interconnect & Wafer Processing Equipment|Fading|26.05||0|0||live|2|
2026-03-27|Semiconductor Front-End Interconnect & Wafer Processing Equipment|Fading|20.84||0|0||live|2|
2026-03-30|Semiconductor Front-End Interconnect & Wafer Processing Equipment|Accelerating|48.20||0|0||live|2|
2026-03-31|Semiconductor Front-End Interconnect & Wafer Processing Equipment|Accelerating|49.20||0|0||live|2|
2026-04-22|Semiconductor Front-End Interconnect & Wafer Processing Equipment|Accelerating|47.40|94.80|1|1|1.00|live|2|
2026-04-23|Semiconductor Front-End Interconnect & Wafer Processing Equipment|Accelerating|45.40|90.80|2|2|1.00|live|2|
2026-04-27|Semiconductor Front-End Interconnect & Wafer Processing Equipment|Accelerating|77.10|94.20|3|3|1.00|live|2|
2026-04-29|Semiconductor Front-End Interconnect & Wafer Processing Equipment|Accelerating|73.60|87.20|4|4|0.50|live|3|
2026-04-30|Semiconductor Front-End Interconnect & Wafer Processing Equipment|Accelerating|77.80|95.60|5|5|1.00|live|3|
2026-05-01|Semiconductor Front-End Interconnect & Wafer Processing Equipment|Accelerating|76.60|93.20|6|6|1.00|live|3|
2026-05-04|Semiconductor Front-End Interconnect & Wafer Processing Equipment|Accelerating|48.90|97.80|7|7|1.00|live|3|
2026-05-05|Semiconductor Front-End Interconnect & Wafer Processing Equipment|Accelerating|77.60|95.20|8|8|1.00|live|3|
2026-05-07|Semiconductor Front-End Interconnect & Wafer Processing Equipment|Accelerating|78.80|97.60|9|9|0.67|live|3|
2026-05-14|Semiconductor Front-End Interconnect & Wafer Processing Equipment|Accelerating|79.50|99.10|10|10|1.00|live|2|
2026-05-15|Semiconductor Front-End Interconnect & Wafer Processing Equipment|Accelerating|77.90|95.80|11|11|1.00|live|2|
2026-04-01|Semiconductor Probe Card & Front-End Test Equipment|Nascent|49.10||0|0||live|6|
2026-04-08|Semiconductor Probe Card & Front-End Test Equipment|Accelerating|79.00|97.90|0|0||live|10|
2026-04-10|Semiconductor Probe Card & Front-End Test Equipment|Accelerating|79.00|98.10|0|0||live|10|
2026-04-14|Semiconductor Probe Card & Front-End Test Equipment|Accelerating|78.50|96.90|0|0||live|10|
2026-04-15|Semiconductor Probe Card & Front-End Test Equipment|Accelerating|78.20|96.40|0|0||live|10|
2026-04-16|Semiconductor Probe Card & Front-End Test Equipment|Accelerating|78.30|96.60|1|1||live|9|
2026-04-17|Semiconductor Probe Card & Front-End Test Equipment|Accelerating|78.60|97.10|2|2||live|9|
2026-04-21|Semiconductor Probe Card & Front-End Test Equipment|Accelerating|78.20|96.40|3|3|1.00|live|2|
2026-04-24|Semiconductor Probe Card & Front-End Test Equipment|Accelerating|78.90|97.80|4|4|1.00|live|2|
2026-04-29|Semiconductor Probe Card & Front-End Test Equipment|Fading|63.12||4|0|0.50|live|2|
2026-05-04|Semiconductor Probe Card & Front-End Test Equipment|Fading|50.50||4|0|0.50|live|2|
2026-05-05|Semiconductor Probe Card & Front-End Test Equipment|Fading|71.80|83.50|4|0|0.50|live|2|
2026-05-06|Semiconductor Probe Card & Front-End Test Equipment|Accelerating|75.30|90.70|5|1|1.00|live|2|
2026-05-07|Semiconductor Probe Card & Front-End Test Equipment|Fading|60.24||5|0|0.00|live|2|
2026-05-11|Semiconductor Probe Card & Front-End Test Equipment|Fading|48.19||5|0|0.00|live|2|
2026-05-13|Semiconductor Probe Card & Front-End Test Equipment|Fading|38.55||5|0|0.00|live|2|
2026-05-18|Semiconductor Probe Card & Front-End Test Equipment|Fading|30.84||5|0|0.00|live|2|
2026-05-19|Semiconductor Probe Card & Front-End Test Equipment|Fading|25.56||5|0|0.00|live|2|
2026-05-20|Semiconductor Probe Card & Front-End Test Equipment|Fading|25.56||5|0|0.00|live|2|
2026-05-21|Semiconductor Probe Card & Front-End Test Equipment|Fading|25.56||5|0|0.00|live|2|
2026-05-26|Semiconductor Probe Card & Front-End Test Equipment|Fading|20.45||5|0|0.50|live|2|
2026-05-27|Semiconductor Probe Card & Front-End Test Equipment|Retired|0.00||6|0||live|0|
2026-05-29|Semiconductor Probe Card & Front-End Test Equipment|Fading|16.36||6|0|0.50|live|2|
2026-06-01|Semiconductor Probe Card & Front-End Test Equipment|Retired|0.00||7|0||live|0|Semiconductor Burn-In & Final-Test Equipment Pure-Play
2026-06-02|Semiconductor Probe Card & Front-End Test Equipment|Fading|72.00|84.00|7|0|1.00|live|2|
2026-06-03|Semiconductor Probe Card & Front-End Test Equipment|Accelerating|74.10|88.20|8|1|1.00|live|2|
2026-06-04|Semiconductor Probe Card & Front-End Test Equipment|Accelerating|71.50|83.00|9|2|1.00|live|2|
2026-06-05|Semiconductor Probe Card & Front-End Test Equipment|Fading|18.74||9|0|0.00|live|2|
2026-06-08|Semiconductor Probe Card & Front-End Test Equipment|Fading|74.80|89.70|9|0|1.00|live|2|
2026-06-09|Semiconductor Probe Card & Front-End Test Equipment|Mainstream|74.90|89.80|10|0|1.00|live|2|
2026-06-10|Semiconductor Probe Card & Front-End Test Equipment|Fading|59.92||10|0|0.50|live|2|
2026-06-11|Semiconductor Probe Card & Front-End Test Equipment|Fading|75.10|90.20|10|0|1.00|live|2|
2026-06-12|Semiconductor Probe Card & Front-End Test Equipment|Accelerating|76.60|93.20|11|1|1.00|live|2|
2026-06-15|Semiconductor Probe Card & Front-End Test Equipment|Accelerating|77.90|95.80|12|2|1.00|live|2|
2026-06-16|Semiconductor Probe Card & Front-End Test Equipment|Mainstream|75.80|91.60|13|0|1.00|live|2|
2026-06-17|Semiconductor Probe Card & Front-End Test Equipment|Mainstream|76.60|93.20|14|0|1.00|live|2|
2026-06-18|Semiconductor Probe Card & Front-End Test Equipment|Mainstream|77.70|95.50|15|0|1.00|live|2|
2026-06-22|Semiconductor Probe Card & Front-End Test Equipment|Mainstream|78.40|96.80|16|0|1.00|live|2|
2026-06-23|Semiconductor Probe Card & Front-End Test Equipment|Mainstream|76.10|92.20|17|0|1.00|live|2|
2026-06-24|Semiconductor Probe Card & Front-End Test Equipment|Mainstream|73.80|87.60|18|0|1.00|live|2|
2026-06-25|Semiconductor Probe Card & Front-End Test Equipment|Mainstream|77.70|95.40|19|0|1.00|live|2|
2026-06-26|Semiconductor Probe Card & Front-End Test Equipment|Mainstream|75.30|90.60|20|0|1.00|live|2|
2026-06-29|Semiconductor Probe Card & Front-End Test Equipment|Mainstream|76.90|93.80|21|0|1.00|live|2|
2026-06-30|Semiconductor Probe Card & Front-End Test Equipment|Mainstream|78.00|95.90|22|0|1.00|live|2|
2026-07-01|Semiconductor Probe Card & Front-End Test Equipment|Mainstream|77.20|94.40|23|0|1.00|live|2|
2026-07-02|Semiconductor Probe Card & Front-End Test Equipment|Fading|61.76||23|0|0.00|live|2|
2026-07-06|Semiconductor Probe Card & Front-End Test Equipment|Fading|49.41||23|0|0.00|live|2|
2026-07-07|Semiconductor Probe Card & Front-End Test Equipment|Fading|39.53||23|0|0.00|live|2|
2026-07-08|Semiconductor Probe Card & Front-End Test Equipment|Fading|31.62||23|0|0.00|live|2|
2026-07-09|Semiconductor Probe Card & Front-End Test Equipment|Fading|25.30||23|0|0.00|live|2|
2026-07-10|Semiconductor Probe Card & Front-End Test Equipment|Retired|0.00||24|0||live|0|
2026-03-26|Semiconductor Wafer Foundry & Advanced IC Manufacturing|Fading|39.52||0|0||live|2|
2026-04-07|Semiconductor Wafer Foundry & Advanced IC Manufacturing|Accelerating|78.20|96.40|0|0||live|8|
2026-04-21|Semiconductor Wafer Foundry & Advanced IC Manufacturing|Accelerating|78.20|96.30|1|1|1.00|live|8|
2026-04-22|Semiconductor Wafer Foundry & Advanced IC Manufacturing|Accelerating|77.50|95.10|2|2|1.00|live|8|
2026-04-23|Semiconductor Wafer Foundry & Advanced IC Manufacturing|Accelerating|77.80|95.60|3|3|1.00|live|8|
2026-04-24|Semiconductor Wafer Foundry & Advanced IC Manufacturing|Accelerating|78.20|96.30|4|4|0.86|live|8|
2026-04-27|Semiconductor Wafer Foundry & Advanced IC Manufacturing|Accelerating|78.10|96.10|5|5|1.00|live|8|
2026-04-28|Semiconductor Wafer Foundry & Advanced IC Manufacturing|Mainstream|77.10|94.30|6|0|0.63|live|8|
2026-04-29|Semiconductor Wafer Foundry & Advanced IC Manufacturing|Fading|45.20|90.40|6|0|0.50|live|8|
2026-04-30|Semiconductor Wafer Foundry & Advanced IC Manufacturing|Mainstream|75.20|90.40|7|0|0.86|live|8|
2026-05-01|Semiconductor Wafer Foundry & Advanced IC Manufacturing|Mainstream|42.10|84.20|8|0|0.43|live|8|
2026-05-04|Semiconductor Wafer Foundry & Advanced IC Manufacturing|Mainstream|72.10|84.20|9|0|0.50|live|8|
2026-05-05|Semiconductor Wafer Foundry & Advanced IC Manufacturing|Accelerating|75.80|91.60|10|1|0.88|live|8|
2026-05-06|Semiconductor Wafer Foundry & Advanced IC Manufacturing|Accelerating|76.90|93.70|11|2|1.00|live|9|
2026-05-07|Semiconductor Wafer Foundry & Advanced IC Manufacturing|Accelerating|76.40|92.70|12|3|0.78|live|9|
2026-05-08|Semiconductor Wafer Foundry & Advanced IC Manufacturing|Accelerating|47.10|94.10|13|4|0.89|live|9|
2026-05-11|Semiconductor Wafer Foundry & Advanced IC Manufacturing|Mainstream|77.10|94.20|14|0|1.00|live|9|
2026-05-12|Semiconductor Wafer Foundry & Advanced IC Manufacturing|Mainstream|75.60|91.10|15|0|0.89|live|9|
2026-05-13|Semiconductor Wafer Foundry & Advanced IC Manufacturing|Accelerating|76.60|93.10|16|1|0.89|live|9|
2026-05-14|Semiconductor Wafer Foundry & Advanced IC Manufacturing|Accelerating|76.80|93.50|17|2|0.89|live|10|
2026-05-15|Semiconductor Wafer Foundry & Advanced IC Manufacturing|Accelerating|75.70|91.30|18|3|0.70|live|10|
2026-05-18|Semiconductor Wafer Foundry & Advanced IC Manufacturing|Mainstream|72.30|84.60|19|0|0.40|live|8|
2026-05-19|Semiconductor Wafer Foundry & Advanced IC Manufacturing|Mainstream|74.30|88.50|20|0|0.25|live|8|
2026-05-20|Semiconductor Wafer Foundry & Advanced IC Manufacturing|Mainstream|76.90|93.80|21|0|0.50|live|8|
2026-05-21|Semiconductor Wafer Foundry & Advanced IC Manufacturing|Mainstream|76.40|92.80|22|0|0.63|live|9|
2026-05-22|Semiconductor Wafer Foundry & Advanced IC Manufacturing|Mainstream|77.20|94.40|23|0|0.89|live|9|
2026-05-26|Semiconductor Wafer Foundry & Advanced IC Manufacturing|Mainstream|77.50|95.00|24|0|1.00|live|10|
2026-05-27|Semiconductor Wafer Foundry & Advanced IC Manufacturing|Mainstream|77.40|94.80|25|0|0.90|live|11|
2026-05-28|Semiconductor Wafer Foundry & Advanced IC Manufacturing|Mainstream|78.20|96.40|26|0|0.90|live|10|
2026-05-29|Semiconductor Wafer Foundry & Advanced IC Manufacturing|Mainstream|76.40|92.70|27|0|0.80|live|10|
2026-06-01|Semiconductor Wafer Foundry & Advanced IC Manufacturing|Nascent|76.20|92.30|28|0|0.80|live|10|
2026-06-02|Semiconductor Wafer Foundry & Advanced IC Manufacturing|Nascent|78.10|96.20|29|0|0.90|live|10|
2026-06-03|Semiconductor Wafer Foundry & Advanced IC Manufacturing|Mainstream|77.10|94.10|30|0|0.80|live|10|
2026-06-04|Semiconductor Wafer Foundry & Advanced IC Manufacturing|Mainstream|76.40|92.90|31|0|0.80|live|10|
2026-06-05|Semiconductor Wafer Foundry & Advanced IC Manufacturing|Mainstream|73.70|87.40|32|0|0.40|live|10|
2026-06-08|Semiconductor Wafer Foundry & Advanced IC Manufacturing|Nascent|77.80|95.60|33|0|0.40|live|10|
2026-06-09|Semiconductor Wafer Foundry & Advanced IC Manufacturing|Nascent|78.50|96.90|34|0|0.60|live|11|
2026-06-10|Semiconductor Wafer Foundry & Advanced IC Manufacturing|Mainstream|78.40|96.90|35|0|0.55|live|11|
2026-06-11|Semiconductor Wafer Foundry & Advanced IC Manufacturing|Mainstream|77.90|95.90|36|0|0.91|live|12|
2026-06-12|Semiconductor Wafer Foundry & Advanced IC Manufacturing|Mainstream|78.60|97.20|37|0|1.00|live|12|
2026-06-15|Semiconductor Wafer Foundry & Advanced IC Manufacturing|Mainstream|79.00|97.90|38|0|1.00|live|12|
2026-06-16|Semiconductor Wafer Foundry & Advanced IC Manufacturing|Mainstream|76.20|92.40|39|0|0.92|live|12|
2026-06-17|Semiconductor Wafer Foundry & Advanced IC Manufacturing|Mainstream|77.50|95.00|40|0|0.92|live|12|
2026-06-18|Semiconductor Wafer Foundry & Advanced IC Manufacturing|Mainstream|78.70|97.40|41|0|1.00|live|12|
2026-06-22|Semiconductor Wafer Foundry & Advanced IC Manufacturing|Nascent|79.20|98.40|42|0|1.00|live|13|
2026-06-23|Semiconductor Wafer Foundry & Advanced IC Manufacturing|Nascent|77.80|95.50|43|0|0.92|live|13|
2026-06-24|Semiconductor Wafer Foundry & Advanced IC Manufacturing|Nascent|78.00|96.00|44|0|0.92|live|13|
2026-06-25|Semiconductor Wafer Foundry & Advanced IC Manufacturing|Nascent|78.60|97.20|45|0|0.92|live|15|
2026-06-26|Semiconductor Wafer Foundry & Advanced IC Manufacturing|Nascent|78.10|96.20|46|0|0.73|live|15|
2026-06-29|Semiconductor Wafer Foundry & Advanced IC Manufacturing|Mainstream|78.10|96.20|47|0|0.73|live|15|
2026-06-30|Semiconductor Wafer Foundry & Advanced IC Manufacturing|Mainstream|78.70|97.30|48|0|0.87|live|15|
2026-07-01|Semiconductor Wafer Foundry & Advanced IC Manufacturing|Mainstream|77.80|95.70|49|0|0.73|live|15|
2026-07-02|Semiconductor Wafer Foundry & Advanced IC Manufacturing|Mainstream|73.60|87.20|50|0|0.29|live|14|
2026-07-06|Semiconductor Wafer Foundry & Advanced IC Manufacturing|Fading|70.80|81.60|50|0|0.31|live|13|
2026-07-07|Semiconductor Wafer Foundry & Advanced IC Manufacturing|Fading|67.70|75.40|50|0|0.00|live|13|
2026-07-08|Semiconductor Wafer Foundry & Advanced IC Manufacturing|Fading|66.80|73.60|50|0|0.08|live|13|
2026-07-09|Semiconductor Wafer Foundry & Advanced IC Manufacturing|Fading|66.00|71.90|50|0|0.25|live|12|
2026-07-10|Semiconductor Wafer Foundry & Advanced IC Manufacturing|Fading|66.70|73.40|50|0|0.17|live|12|
2026-07-13|Semiconductor Wafer Foundry & Advanced IC Manufacturing|Fading|62.40|64.90|50|0|0.00|live|12|
2026-07-14|Semiconductor Wafer Foundry & Advanced IC Manufacturing|Mainstream|66.40|72.70|51|0|0.09|live|11|
2026-07-15|Semiconductor Wafer Foundry & Advanced IC Manufacturing|Fading|66.10|72.20|51|0|0.00|live|11|
2026-07-16|Semiconductor Wafer Foundry & Advanced IC Manufacturing|Mainstream|60.10|60.10|52|0|0.00|live|11|
2026-07-17|Semiconductor Wafer Foundry & Advanced IC Manufacturing|Mainstream|59.60|59.10|53|0|0.00|live|11|
2026-07-20|Semiconductor Wafer Foundry & Advanced IC Manufacturing|Nascent|60.10|60.30|54|0|0.00|live|9|
2026-07-21|Semiconductor Wafer Foundry & Advanced IC Manufacturing|Nascent|60.90|61.70|55|0|0.22|live|9|
2026-07-22|Semiconductor Wafer Foundry & Advanced IC Manufacturing|Fading|62.70|65.40|55|0|0.22|live|9|
2026-07-23|Semiconductor Wafer Foundry & Advanced IC Manufacturing|Fading|67.90|75.80|55|0|0.11|live|9|
2026-07-24|Semiconductor Wafer Foundry & Advanced IC Manufacturing|Fading|62.50|64.90|55|0|0.00|live|9|
2026-07-27|Semiconductor Wafer Foundry & Advanced IC Manufacturing|Mainstream|58.10|56.30|56|0|0.00|live|8|
2026-07-28|Semiconductor Wafer Foundry & Advanced IC Manufacturing|Fading|46.48||56|0|0.00|live|2|
2026-07-29|Semiconductor Wafer Foundry & Advanced IC Manufacturing|Retired|0.00||57|0||live|0|
2026-06-25|Senior Living & Housing Operators|Nascent|74.50|89.00|1|0||live|2|
2026-06-26|Senior Living & Housing Operators|Nascent|71.20|82.40|2|0|1.00|live|2|
2026-06-29|Senior Living & Housing Operators|Nascent|72.00|83.90|3|0|1.00|live|2|
2026-06-30|Senior Living & Housing Operators|Nascent|70.90|81.80|4|0|1.00|live|2|
2026-07-01|Senior Living & Housing Operators|Fading|56.72||4|0|1.00|live|2|
2026-07-02|Senior Living & Housing Operators|Mainstream|71.60|83.20|5|0|1.00|live|2|
2026-07-06|Senior Living & Housing Operators|Mainstream|71.10|82.20|6|0|1.00|live|2|
2026-07-07|Senior Living & Housing Operators|Mainstream|70.90|81.80|7|0|1.00|live|2|
2026-07-08|Senior Living & Housing Operators|Fading|56.72||7|0|1.00|live|2|
2026-07-09|Senior Living & Housing Operators|Fading|70.20|80.30|7|0|1.00|live|2|
2026-07-10|Senior Living & Housing Operators|Fading|56.16||7|0|0.50|live|2|
2026-07-13|Senior Living & Housing Operators|Fading|44.93||7|0|0.50|live|2|
2026-07-14|Senior Living & Housing Operators|Fading|35.94||7|0|0.50|live|2|
2026-07-15|Senior Living & Housing Operators|Retired|0.00||8|0||live|0|
2026-07-06|Senior & Long-Term Care Healthcare REITs|Nascent|52.56|52.56|1|0||shadow_promoted|5|
2026-07-07|Senior & Long-Term Care Healthcare REITs|Nascent|60.80|61.50|2|0|1.00|live|5|
2026-07-08|Senior & Long-Term Care Healthcare REITs|Nascent|63.70|67.40|3|0|1.00|live|5|
2026-07-09|Senior & Long-Term Care Healthcare REITs|Nascent|63.10|66.30|4|0|1.00|live|5|
2026-07-10|Senior & Long-Term Care Healthcare REITs|Fading|50.48||4|0|1.00|live|5|
2026-07-13|Senior & Long-Term Care Healthcare REITs|Mainstream|61.40|62.80|5|0|1.00|live|5|
2026-07-14|Senior & Long-Term Care Healthcare REITs|Fading|49.12||5|0|1.00|live|5|
2026-07-15|Senior & Long-Term Care Healthcare REITs|Fading|39.30||5|0|1.00|live|5|
2026-07-16|Senior & Long-Term Care Healthcare REITs|Fading|31.44||5|0|1.00|live|5|
2026-07-17|Senior & Long-Term Care Healthcare REITs|Fading|65.00|70.00|5|0|1.00|live|4|
2026-07-20|Senior & Long-Term Care Healthcare REITs|Fading|52.00||5|0|1.00|live|4|
2026-07-21|Senior & Long-Term Care Healthcare REITs|Accelerating|66.90|73.90|6|1|1.00|live|4|
2026-07-22|Senior & Long-Term Care Healthcare REITs|Accelerating|70.10|80.20|7|2|1.00|live|4|
2026-07-23|Senior & Long-Term Care Healthcare REITs|Accelerating|68.10|76.20|8|3|1.00|live|4|
2026-07-24|Senior & Long-Term Care Healthcare REITs|Accelerating|70.90|81.80|9|4|1.00|live|4|
2026-07-27|Senior & Long-Term Care Healthcare REITs|Mainstream|70.50|81.10|10|0|1.00|live|4|
2026-07-28|Senior & Long-Term Care Healthcare REITs|Mainstream|65.50|70.90|11|0|1.00|live|4|
2026-07-29|Senior & Long-Term Care Healthcare REITs|Mainstream|65.80|71.60|12|0|1.00|live|4|
2026-07-30|Senior & Long-Term Care Healthcare REITs|Mainstream|60.00|60.00|13|0|0.25|live|4|
2026-07-31|Senior & Long-Term Care Healthcare REITs|Fading|64.70|69.30|13|0|0.25|live|4|
2026-08-03|Senior & Long-Term Care Healthcare REITs|Fading|51.76||13|0|0.00|live|4|
2026-04-09|Silicon Carbide Power Semiconductors & EV Infrastructure|Accelerating|77.80|95.50|0|0||live|2|
2026-04-10|Silicon Carbide Power Semiconductors & EV Infrastructure|Accelerating|77.50|95.00|0|0||live|2|
2026-04-13|Silicon Carbide Power Semiconductors & EV Infrastructure|Fading|47.60|95.20|0|0||live|2|
2026-04-14|Silicon Carbide Power Semiconductors & EV Infrastructure|Accelerating|77.10|94.20|0|0||live|2|
2026-04-15|Silicon Carbide Power Semiconductors & EV Infrastructure|Accelerating|78.30|96.60|0|0||live|2|
2026-04-16|Silicon Carbide Power Semiconductors & EV Infrastructure|Accelerating|79.20|98.30|1|1||live|2|
2026-04-17|Silicon Carbide Power Semiconductors & EV Infrastructure|Accelerating|79.20|98.30|2|2||live|2|
2026-04-20|Silicon Carbide Power Semiconductors & EV Infrastructure|Accelerating|79.00|98.10|3|3||live|2|
2026-04-21|Silicon Carbide Power Semiconductors & EV Infrastructure|Mainstream|78.70|97.30|4|0|1.00|live|2|
2026-04-22|Silicon Carbide Power Semiconductors & EV Infrastructure|Mainstream|78.90|97.80|5|0|1.00|live|2|
2026-04-23|Silicon Carbide Power Semiconductors & EV Infrastructure|Mainstream|79.00|98.00|6|0|1.00|live|2|
2026-04-24|Silicon Carbide Power Semiconductors & EV Infrastructure|Mainstream|79.70|99.40|7|0|1.00|live|2|
2026-04-27|Silicon Carbide Power Semiconductors & EV Infrastructure|Mainstream|79.50|99.10|8|0|1.00|live|2|
2026-04-28|Silicon Carbide Power Semiconductors & EV Infrastructure|Mainstream|79.00|98.10|9|0|1.00|live|2|
2026-04-29|Silicon Carbide Power Semiconductors & EV Infrastructure|Fading|48.90|97.80|9|0|1.00|live|2|
2026-04-30|Silicon Carbide Power Semiconductors & EV Infrastructure|Fading|49.10|98.20|9|0|1.00|live|2|
2026-05-01|Silicon Carbide Power Semiconductors & EV Infrastructure|Fading|49.80|99.70|9|0|1.00|live|2|
2026-05-04|Silicon Carbide Power Semiconductors & EV Infrastructure|Fading|49.50|99.10|9|0|1.00|live|2|
2026-05-05|Silicon Carbide Power Semiconductors & EV Infrastructure|Fading|79.70|99.30|9|0|1.00|live|2|
2026-05-06|Silicon Carbide Power Semiconductors & EV Infrastructure|Fading|49.80|99.60|9|0|1.00|live|2|
2026-05-07|Silicon Carbide Power Semiconductors & EV Infrastructure|Fading|49.90|99.70|9|0|1.00|live|2|
2026-05-08|Silicon Carbide Power Semiconductors & EV Infrastructure|Fading|79.80|99.70|9|0|1.00|live|2|
2026-05-11|Silicon Carbide Power Semiconductors & EV Infrastructure|Accelerating|79.80|99.70|10|1|1.00|live|2|
2026-05-12|Silicon Carbide Power Semiconductors & EV Infrastructure|Accelerating|79.80|99.70|11|2|1.00|live|2|
2026-05-13|Silicon Carbide Power Semiconductors & EV Infrastructure|Accelerating|79.80|99.70|12|3|1.00|live|2|
2026-05-14|Silicon Carbide Power Semiconductors & EV Infrastructure|Accelerating|79.80|99.70|13|4|1.00|live|2|
2026-05-15|Silicon Carbide Power Semiconductors & EV Infrastructure|Mainstream|79.70|99.40|14|0|1.00|live|2|
2026-05-18|Silicon Carbide Power Semiconductors & EV Infrastructure|Mainstream|79.60|99.20|15|0|1.00|live|2|
2026-05-19|Silicon Carbide Power Semiconductors & EV Infrastructure|Mainstream|79.50|99.10|16|0|1.00|live|2|
2026-05-20|Silicon Carbide Power Semiconductors & EV Infrastructure|Mainstream|79.50|99.10|17|0|1.00|live|2|
2026-05-21|Silicon Carbide Power Semiconductors & EV Infrastructure|Mainstream|79.50|99.00|18|0|1.00|live|2|
2026-05-22|Silicon Carbide Power Semiconductors & EV Infrastructure|Mainstream|79.50|98.90|19|0|1.00|live|2|
2026-05-26|Silicon Carbide Power Semiconductors & EV Infrastructure|Mainstream|79.60|99.20|20|0|1.00|live|2|
2026-05-27|Silicon Carbide Power Semiconductors & EV Infrastructure|Mainstream|79.40|98.80|21|0|1.00|live|2|
2026-05-28|Silicon Carbide Power Semiconductors & EV Infrastructure|Mainstream|79.40|98.80|22|0|1.00|live|2|
2026-05-29|Silicon Carbide Power Semiconductors & EV Infrastructure|Mainstream|79.20|98.40|23|0|1.00|live|2|
2026-06-01|Silicon Carbide Power Semiconductors & EV Infrastructure|Mainstream|77.80|95.60|24|0|0.50|live|2|
2026-06-02|Silicon Carbide Power Semiconductors & EV Infrastructure|Mainstream|79.00|98.00|25|0|1.00|live|2|
2026-06-03|Silicon Carbide Power Semiconductors & EV Infrastructure|Mainstream|75.70|91.30|26|0|1.00|live|2|
2026-06-04|Silicon Carbide Power Semiconductors & EV Infrastructure|Mainstream|74.30|88.60|27|0|1.00|live|2|
2026-06-05|Silicon Carbide Power Semiconductors & EV Infrastructure|Mainstream|72.50|85.00|28|0|0.50|live|2|
2026-06-08|Silicon Carbide Power Semiconductors & EV Infrastructure|Mainstream|73.50|86.90|29|0|0.50|live|2|
2026-06-09|Silicon Carbide Power Semiconductors & EV Infrastructure|Mainstream|71.40|82.80|30|0|0.50|live|2|
2026-06-10|Silicon Carbide Power Semiconductors & EV Infrastructure|Mainstream|70.60|81.20|31|0|0.50|live|2|
2026-06-11|Silicon Carbide Power Semiconductors & EV Infrastructure|Mainstream|70.70|81.40|32|0|0.50|live|2|
2026-06-12|Silicon Carbide Power Semiconductors & EV Infrastructure|Mainstream|70.60|81.20|33|0|0.50|live|2|
2026-06-15|Silicon Carbide Power Semiconductors & EV Infrastructure|Mainstream|71.00|82.00|34|0|0.50|live|2|
2026-06-16|Silicon Carbide Power Semiconductors & EV Infrastructure|Fading|56.80||34|0|0.50|live|2|
2026-06-17|Silicon Carbide Power Semiconductors & EV Infrastructure|Mainstream|70.50|80.90|35|0|0.50|live|2|
2026-06-18|Silicon Carbide Power Semiconductors & EV Infrastructure|Mainstream|71.90|83.80|36|0|1.00|live|2|
2026-06-22|Silicon Carbide Power Semiconductors & EV Infrastructure|Accelerating|75.70|91.30|37|1|0.50|live|2|
2026-06-23|Silicon Carbide Power Semiconductors & EV Infrastructure|Fading|60.56||37|0|0.00|live|2|
2026-06-24|Silicon Carbide Power Semiconductors & EV Infrastructure|Fading|48.45||37|0|0.00|live|2|
2026-06-25|Silicon Carbide Power Semiconductors & EV Infrastructure|Fading|38.76||37|0|0.50|live|2|
2026-06-26|Silicon Carbide Power Semiconductors & EV Infrastructure|Fading|31.01||37|0|0.00|live|2|
2026-06-29|Silicon Carbide Power Semiconductors & EV Infrastructure|Fading|24.81||37|0|0.00|live|2|
2026-06-30|Silicon Carbide Power Semiconductors & EV Infrastructure|Retired|0.00||38|0||live|0|
2026-04-07|Single-Cell Genomics & Spatial Biology Instrumentation|Accelerating|75.30|90.70|0|0||live|2|
2026-04-08|Single-Cell Genomics & Spatial Biology Instrumentation|Fading|42.50|84.90|0|0||live|2|
2026-04-09|Single-Cell Genomics & Spatial Biology Instrumentation|Fading|42.20|84.40|0|0||live|2|
2026-04-10|Single-Cell Genomics & Spatial Biology Instrumentation|Accelerating|71.90|83.80|0|0||live|2|
2026-04-13|Single-Cell Genomics & Spatial Biology Instrumentation|Fading|44.00|88.00|0|0||live|2|
2026-04-14|Single-Cell Genomics & Spatial Biology Instrumentation|Fading|46.80|93.50|0|0||live|2|
2026-04-15|Single-Cell Genomics & Spatial Biology Instrumentation|Fading|46.70|93.40|0|0||live|2|
2026-04-16|Single-Cell Genomics & Spatial Biology Instrumentation|Fading|47.70|95.50|0|0||live|2|
2026-04-17|Single-Cell Genomics & Spatial Biology Instrumentation|Fading|47.30|94.70|0|0||live|2|
2026-04-20|Single-Cell Genomics & Spatial Biology Instrumentation|Fading|44.00|88.00|0|0||live|2|
2026-04-27|Single-Cell Genomics & Spatial Biology Instrumentation|Fading|35.20||0|0|0.00|live|2|
2026-04-28|Single-Cell Genomics & Spatial Biology Instrumentation|Fading|28.16||0|0|0.00|live|2|
2026-04-29|Single-Cell Genomics & Spatial Biology Instrumentation|Fading|22.53||0|0|0.50|live|2|
2026-04-30|Single-Cell Genomics & Spatial Biology Instrumentation|Fading|18.02||0|0|0.50|live|2|
2026-05-01|Single-Cell Genomics & Spatial Biology Instrumentation|Fading|14.42||0|0|0.00|live|2|
2026-05-08|Single-Cell Genomics & Spatial Biology Instrumentation|Fading|11.53||0|0|0.00|live|2|
2026-05-11|Single-Cell Genomics & Spatial Biology Instrumentation|Fading|9.23||0|0|0.00|live|2|
2026-05-12|Single-Cell Genomics & Spatial Biology Instrumentation|Fading|7.38||0|0|0.00|live|2|
2026-05-13|Single-Cell Genomics & Spatial Biology Instrumentation|Fading|5.91||0|0|0.00|live|2|
2026-05-14|Single-Cell Genomics & Spatial Biology Instrumentation|Fading|4.72||0|0|0.00|live|2|
2026-05-19|Single-Cell Genomics & Spatial Biology Instrumentation|Fading|3.78||0|0|0.50|live|2|
2026-05-22|Single-Cell Genomics & Spatial Biology Instrumentation|Fading|3.02||0|0|0.50|live|2|
2026-05-26|Single-Cell Genomics & Spatial Biology Instrumentation|Fading|2.42||0|0|0.50|live|2|
2026-05-27|Single-Cell Genomics & Spatial Biology Instrumentation|Fading|1.94||0|0|0.50|live|2|
2026-05-28|Single-Cell Genomics & Spatial Biology Instrumentation|Fading|73.00|86.00|0|0|1.00|live|2|
2026-05-29|Single-Cell Genomics & Spatial Biology Instrumentation|Accelerating|71.80|83.70|1|1|1.00|live|2|
2026-06-01|Single-Cell Genomics & Spatial Biology Instrumentation|Accelerating|73.00|86.00|2|2|1.00|live|2|
2026-06-02|Single-Cell Genomics & Spatial Biology Instrumentation|Fading|58.40||2|0|1.00|live|2|
2026-06-03|Single-Cell Genomics & Spatial Biology Instrumentation|Accelerating|75.30|90.70|3|1|1.00|live|2|
2026-06-04|Single-Cell Genomics & Spatial Biology Instrumentation|Mainstream|75.80|91.70|4|0|1.00|live|2|
2026-06-05|Single-Cell Genomics & Spatial Biology Instrumentation|Retired|0.00||5|0||live|0|
2026-06-08|Single-Cell Genomics & Spatial Biology Instrumentation|Retired|0.00||6|0||live|0|
2026-06-09|Single-Cell Genomics & Spatial Biology Instrumentation|Retired|0.00||7|0||live|0|
2026-08-03|Small Modular & Advanced Nuclear Reactor Development|Nascent|52.70|45.40|1|0||live|3|
2026-07-21|Smart Home Security & Comfort Systems|Nascent|73.30|86.50|1|0||live|2|
2026-07-22|Smart Home Security & Comfort Systems|Nascent|70.30|80.60|2|0|1.00|live|2|
2026-07-23|Smart Home Security & Comfort Systems|Fading|56.24||2|0|1.00|live|2|
2026-07-24|Smart Home Security & Comfort Systems|Fading|72.50|84.90|2|0|1.00|live|2|
2026-07-27|Smart Home Security & Comfort Systems|Accelerating|73.50|87.00|3|1|1.00|live|2|
2026-07-28|Smart Home Security & Comfort Systems|Mainstream|73.50|87.00|4|0|1.00|live|2|
2026-07-29|Smart Home Security & Comfort Systems|Mainstream|72.00|84.00|5|0|1.00|live|2|
2026-07-30|Smart Home Security & Comfort Systems|Mainstream|70.20|80.30|6|0|1.00|live|2|
2026-07-31|Smart Home Security & Comfort Systems|Fading|56.16||6|0|0.50|live|2|
2026-08-03|Smart Home Security & Comfort Systems|Fading|44.93||6|0|1.00|live|2|
2026-08-03|Smart Utility Metering & Water Infrastructure Hardware|Nascent|64.40|68.80|1|0||live|2|
2026-07-07|SMB & Workforce Business Services Platforms|Nascent|91.63|91.63|1|0||shadow_promoted|3|
2026-07-08|SMB & Workforce Business Services Platforms|Nascent|76.70|93.30|2|0|1.00|live|2|
2026-07-09|SMB & Workforce Business Services Platforms|Nascent|76.20|92.50|3|0|1.00|live|2|
2026-07-10|SMB & Workforce Business Services Platforms|Nascent|76.80|93.70|4|0|1.00|live|2|
2026-07-13|SMB & Workforce Business Services Platforms|Nascent|78.50|97.00|5|0|1.00|live|2|
2026-07-14|SMB & Workforce Business Services Platforms|Mainstream|77.90|95.80|6|0|1.00|live|2|
2026-07-15|SMB & Workforce Business Services Platforms|Mainstream|78.70|97.30|7|0|1.00|live|2|
2026-07-16|SMB & Workforce Business Services Platforms|Mainstream|79.00|98.10|8|0|1.00|live|2|
2026-07-17|SMB & Workforce Business Services Platforms|Nascent|78.80|97.70|9|0|1.00|live|2|
2026-07-20|SMB & Workforce Business Services Platforms|Mainstream|78.80|97.50|10|0|1.00|live|2|
2026-07-21|SMB & Workforce Business Services Platforms|Mainstream|77.40|94.80|11|0|1.00|live|2|
2026-07-22|SMB & Workforce Business Services Platforms|Mainstream|75.50|90.90|12|0|1.00|live|2|
2026-07-23|SMB & Workforce Business Services Platforms|Mainstream|72.70|85.40|13|0|0.50|live|2|
2026-07-24|SMB & Workforce Business Services Platforms|Mainstream|74.30|88.60|14|0|1.00|live|2|
2026-07-27|SMB & Workforce Business Services Platforms|Mainstream|77.30|94.70|15|0|1.00|live|2|
2026-07-28|SMB & Workforce Business Services Platforms|Mainstream|78.60|97.20|16|0|1.00|live|2|
2026-07-29|SMB & Workforce Business Services Platforms|Mainstream|79.20|98.30|17|0|1.00|live|2|
2026-07-30|SMB & Workforce Business Services Platforms|Mainstream|78.50|97.10|18|0|1.00|live|2|
2026-07-31|SMB & Workforce Business Services Platforms|Mainstream|78.40|96.80|19|0|1.00|live|2|
2026-08-03|SMB & Workforce Business Services Platforms|Mainstream|77.30|94.70|20|0|1.00|live|2|
2026-03-19|Space Economy|Accelerating|71.80||0|0||live|10|
2026-03-20|Space Economy|Accelerating|44.30||0|0||live|10|
2026-03-25|Space Economy|Accelerating|78.00||0|0||live|8|
2026-04-13|Space Economy|Accelerating|77.30|94.50|0|0||live|14|
2026-04-20|Space Economy|Retired|79.50|99.00|1|1||live|19|
2026-04-22|Space Launch & Orbital Services|Nascent|79.60|99.20|1|0||live|3|Satellite Imagery & Geospatial Intelligence
2026-04-27|Space Launch & Orbital Services|Nascent|74.90|89.80|2|0|0.67|live|12|
2026-04-21|Space Launch Services & Orbital Infrastructure|Retired|79.10|98.20|1|0||live|4|Satellite Earth Observation & Geospatial Intelligence
2026-06-29|Specialty Catastrophe Property Insurance Underwriters|Nascent|72.20|84.40|1|0||live|2|
2026-06-30|Specialty Catastrophe Property Insurance Underwriters|Nascent|70.70|81.40|2|0|1.00|live|2|
2026-07-01|Specialty Catastrophe Property Insurance Underwriters|Nascent|71.30|82.70|3|0|1.00|live|2|
2026-07-02|Specialty Catastrophe Property Insurance Underwriters|Nascent|75.30|90.50|4|0|1.00|live|2|
2026-07-06|Specialty Catastrophe Property Insurance Underwriters|Nascent|75.30|90.70|5|0|1.00|live|2|
2026-07-07|Specialty Catastrophe Property Insurance Underwriters|Nascent|74.60|89.20|6|0|1.00|live|2|
2026-07-08|Specialty Catastrophe Property Insurance Underwriters|Nascent|73.40|86.80|7|0|1.00|live|2|
2026-07-09|Specialty Catastrophe Property Insurance Underwriters|Nascent|72.10|84.20|8|0|1.00|live|2|
2026-07-10|Specialty Catastrophe Property Insurance Underwriters|Nascent|73.70|87.50|9|0|1.00|live|2|
2026-07-13|Specialty Catastrophe Property Insurance Underwriters|Mainstream|74.50|89.00|10|0|1.00|live|2|
2026-07-14|Specialty Catastrophe Property Insurance Underwriters|Mainstream|73.30|86.60|11|0|1.00|live|2|
2026-07-15|Specialty Catastrophe Property Insurance Underwriters|Fading|58.64||11|0|0.50|live|2|
2026-07-16|Specialty Catastrophe Property Insurance Underwriters|Mainstream|73.60|87.20|12|0|1.00|live|2|
2026-07-17|Specialty Catastrophe Property Insurance Underwriters|Fading|58.88||12|0|0.50|live|2|
2026-07-20|Specialty Catastrophe Property Insurance Underwriters|Mainstream|72.10|84.20|13|0|1.00|live|2|
2026-07-21|Specialty Catastrophe Property Insurance Underwriters|Fading|57.68||13|0|0.50|live|2|
2026-07-22|Specialty Catastrophe Property Insurance Underwriters|Fading|46.14||13|0|0.00|live|2|
2026-07-23|Specialty Catastrophe Property Insurance Underwriters|Fading|36.92||13|0|0.00|live|2|
2026-07-24|Specialty Catastrophe Property Insurance Underwriters|Fading|29.53||13|0|0.00|live|2|
2026-07-27|Specialty Catastrophe Property Insurance Underwriters|Retired|0.00||14|0||live|0|
2026-03-24|Specialty Cellulose & Bio-Based Materials|Fading|20.32||0|0||live|2|
2026-03-25|Specialty Cellulose & Bio-Based Materials|Fading|13.00||0|0||live|2|
2026-03-26|Specialty Cellulose & Bio-Based Materials|Fading|8.32||0|0||live|2|
2026-03-27|Specialty Cellulose & Bio-Based Materials|Fading|6.66||0|0||live|2|
2026-03-30|Specialty Cellulose & Bio-Based Materials|Accelerating|48.60||0|0||live|2|
2026-03-31|Specialty Cellulose & Bio-Based Materials|Accelerating|48.00||0|0||live|2|
2026-04-17|Specialty Cellulose & Bio-Based Materials|Fading|38.40||0|0||live|2|
2026-04-21|Specialty Cellulose & Bio-Based Materials|Retired|30.72||0|0|0.50|live|2|
2026-07-02|Specialty Insurance Underwriting & Brokerage|Nascent|74.00|87.90|1|0||live|4|
2026-07-06|Specialty Insurance Underwriting & Brokerage|Nascent|70.00|79.90|2|0|1.00|live|4|
2026-07-07|Specialty Insurance Underwriting & Brokerage|Nascent|71.50|83.00|3|0|1.00|live|4|
2026-07-08|Specialty Insurance Underwriting & Brokerage|Nascent|72.80|85.70|4|0|1.00|live|4|
2026-07-09|Specialty Insurance Underwriting & Brokerage|Nascent|71.00|82.00|5|0|1.00|live|4|
2026-07-10|Specialty Insurance Underwriting & Brokerage|Nascent|70.80|81.60|6|0|1.00|live|4|
2026-07-13|Specialty Insurance Underwriting & Brokerage|Mainstream|74.20|88.50|7|0|1.00|live|4|
2026-07-14|Specialty Insurance Underwriting & Brokerage|Mainstream|72.40|84.80|8|0|1.00|live|4|
2026-07-15|Specialty Insurance Underwriting & Brokerage|Mainstream|73.20|86.30|9|0|0.75|live|4|
2026-07-16|Specialty Insurance Underwriting & Brokerage|Mainstream|72.50|84.90|10|0|1.00|live|4|
2026-07-17|Specialty Insurance Underwriting & Brokerage|Mainstream|72.40|84.80|11|0|1.00|live|3|
2026-07-20|Specialty Insurance Underwriting & Brokerage|Mainstream|74.90|89.80|12|0|1.00|live|3|
2026-07-21|Specialty Insurance Underwriting & Brokerage|Mainstream|72.90|85.80|13|0|1.00|live|3|
2026-07-22|Specialty Insurance Underwriting & Brokerage|Fading|58.32||13|0|0.00|live|2|
2026-07-23|Specialty Insurance Underwriting & Brokerage|Fading|46.66||13|0|0.00|live|2|
2026-07-24|Specialty Insurance Underwriting & Brokerage|Fading|37.32||13|0|1.00|live|2|
2026-07-27|Specialty Insurance Underwriting & Brokerage|Mainstream|70.50|80.90|14|0|1.00|live|2|
2026-07-28|Specialty Insurance Underwriting & Brokerage|Fading|56.40||14|0|1.00|live|2|
2026-07-29|Specialty Insurance Underwriting & Brokerage|Accelerating|70.80|81.70|15|1|1.00|live|2|
2026-07-30|Specialty Insurance Underwriting & Brokerage|Fading|56.64||15|0|0.50|live|2|
2026-07-31|Specialty Insurance Underwriting & Brokerage|Fading|45.31||15|0|0.50|live|2|
2026-08-03|Specialty Insurance Underwriting & Brokerage|Fading|36.25||15|0|0.50|live|2|
2026-08-03|Specialty Pharmaceutical Commercialization & Rare Disease Drugs|Nascent|78.00|96.00|1|0||live|2|
2026-07-28|Specialty Pharma — Rare Disease & Cardiopulmonary Therapeutics|Nascent|79.00|98.10|1|0||live|2|
2026-07-29|Specialty Pharma — Rare Disease & Cardiopulmonary Therapeutics|Retired|0.00||2|0||live|0|
2026-07-30|Specialty Pharma — Rare Disease & Cardiopulmonary Therapeutics|Nascent|79.00|98.00|3|0||live|2|
2026-07-31|Specialty Pharma — Rare Disease & Cardiopulmonary Therapeutics|Retired|0.00||4|0||live|0|
2026-07-14|Speculative Space & Defense New Space Ventures|Nascent|6.48|6.48|1|0||shadow_promoted|4|
2026-07-15|Speculative Space & Defense New Space Ventures|Fading|5.18||1|0|0.00|live|2|
2026-07-16|Speculative Space & Defense New Space Ventures|Fading|4.14||1|0|0.00|live|2|
2026-07-17|Speculative Space & Defense New Space Ventures|Fading|3.32||1|0|0.00|live|2|
2026-07-20|Speculative Space & Defense New Space Ventures|Fading|2.65||1|0|0.00|live|2|
2026-07-21|Speculative Space & Defense New Space Ventures|Fading|2.12||1|0|0.00|live|2|
2026-07-22|Speculative Space & Defense New Space Ventures|Retired|0.00||2|0||live|0|
2026-06-30|Targeted Protein Degradation Oncology|Nascent|76.30|92.70|1|0||live|2|
2026-07-01|Targeted Protein Degradation Oncology|Nascent|76.80|93.70|2|0|1.00|live|2|
2026-07-02|Targeted Protein Degradation Oncology|Nascent|77.30|94.50|3|0|1.00|live|2|
2026-07-06|Targeted Protein Degradation Oncology|Nascent|76.80|93.50|4|0|1.00|live|2|
2026-07-07|Targeted Protein Degradation Oncology|Nascent|78.10|96.20|5|0|1.00|live|2|
2026-07-08|Targeted Protein Degradation Oncology|Nascent|77.60|95.20|6|0|1.00|live|2|
2026-07-09|Targeted Protein Degradation Oncology|Nascent|78.20|96.50|7|0|1.00|live|2|
2026-07-10|Targeted Protein Degradation Oncology|Nascent|77.90|95.80|8|0|1.00|live|2|
2026-07-13|Targeted Protein Degradation Oncology|Mainstream|75.00|90.10|9|0|1.00|live|2|
2026-07-14|Targeted Protein Degradation Oncology|Mainstream|77.00|93.90|10|0|1.00|live|2|
2026-07-15|Targeted Protein Degradation Oncology|Mainstream|77.20|94.30|11|0|1.00|live|2|
2026-07-16|Targeted Protein Degradation Oncology|Mainstream|71.40|82.80|12|0|1.00|live|2|
2026-07-17|Targeted Protein Degradation Oncology|Mainstream|78.00|96.00|13|0|1.00|live|2|
2026-07-20|Targeted Protein Degradation Oncology|Mainstream|72.60|85.20|14|0|0.50|live|2|
2026-07-21|Targeted Protein Degradation Oncology|Mainstream|70.40|80.80|15|0|1.00|live|2|
2026-07-22|Targeted Protein Degradation Oncology|Mainstream|71.00|82.10|16|0|0.50|live|2|
2026-07-23|Targeted Protein Degradation Oncology|Fading|56.80||16|0|0.00|live|2|
2026-07-24|Targeted Protein Degradation Oncology|Fading|45.44||16|0|0.00|live|2|
2026-07-27|Targeted Protein Degradation Oncology|Fading|36.35||16|0|0.00|live|2|Clinical-Stage Oncology Biotech
2026-07-28|Targeted Protein Degradation Oncology|Fading|29.08||16|0|0.00|live|2|Clinical-Stage Oncology Biotech
2026-07-29|Targeted Protein Degradation Oncology|Fading|23.27||16|0|0.00|live|2|Clinical-Stage Oncology Biotech
2026-07-30|Targeted Protein Degradation Oncology|Retired|0.00||17|0||live|0|
2026-07-29|Tax Preparation & Consumer Financial Software Platforms|Nascent|70.30|80.60|1|0||live|2|
2026-07-30|Tax Preparation & Consumer Financial Software Platforms|Fading|56.24||1|0|1.00|live|2|
2026-07-31|Tax Preparation & Consumer Financial Software Platforms|Fading|44.99||1|0|1.00|live|2|
2026-08-03|Tax Preparation & Consumer Financial Software Platforms|Fading|35.99||1|0|1.00|live|2|
2026-07-13|Traditional Staffing & Talent Placement Services|Nascent|79.00|97.90|1|0||live|2|
2026-07-14|Traditional Staffing & Talent Placement Services|Nascent|78.50|97.00|2|0|1.00|live|2|
2026-07-15|Traditional Staffing & Talent Placement Services|Nascent|79.00|97.90|3|0|1.00|live|2|
2026-07-16|Traditional Staffing & Talent Placement Services|Nascent|79.80|99.50|4|0|1.00|live|2|
2026-07-17|Traditional Staffing & Talent Placement Services|Nascent|79.80|99.50|5|0|1.00|live|2|
2026-07-20|Traditional Staffing & Talent Placement Services|Mainstream|79.80|99.70|6|0|1.00|live|2|
2026-07-21|Traditional Staffing & Talent Placement Services|Mainstream|79.80|99.70|7|0|1.00|live|2|
2026-07-22|Traditional Staffing & Talent Placement Services|Mainstream|79.80|99.70|8|0|1.00|live|2|
2026-07-23|Traditional Staffing & Talent Placement Services|Mainstream|79.60|99.20|9|0|1.00|live|2|
2026-07-24|Traditional Staffing & Talent Placement Services|Mainstream|79.00|98.10|10|0|0.50|live|2|
2026-07-27|Traditional Staffing & Talent Placement Services|Nascent|79.80|99.50|11|0|1.00|live|2|
2026-07-28|Traditional Staffing & Talent Placement Services|Nascent|79.70|99.30|12|0|1.00|live|2|
2026-07-29|Traditional Staffing & Talent Placement Services|Mainstream|79.70|99.50|13|0|1.00|live|2|
2026-07-30|Traditional Staffing & Talent Placement Services|Mainstream|79.40|98.80|14|0|1.00|live|2|
2026-07-31|Traditional Staffing & Talent Placement Services|Mainstream|79.50|99.00|15|0|1.00|live|2|
2026-08-03|Traditional Staffing & Talent Placement Services|Mainstream|78.40|96.80|16|0|1.00|live|2|
2026-06-30|Truckload & LTL Freight Carriers|Nascent|30.00|0.00|1|0||live|7|
2026-07-01|Truckload & LTL Freight Carriers|Nascent|62.00|64.10|2|0|0.17|live|6|
2026-07-02|Truckload & LTL Freight Carriers|Fading|59.10|58.20|2|0|0.17|live|6|
2026-07-06|Truckload & LTL Freight Carriers|Fading|59.90|59.80|2|0|0.17|live|6|
2026-07-07|Truckload & LTL Freight Carriers|Fading|63.00|66.00|2|0|0.17|live|6|
2026-07-08|Truckload & LTL Freight Carriers|Fading|69.10|78.20|2|0|0.17|live|6|
2026-07-09|Truckload & LTL Freight Carriers|Nascent|72.50|84.90|3|0|0.83|live|6|
2026-07-10|Truckload & LTL Freight Carriers|Nascent|70.50|81.00|4|0|0.50|live|6|
2026-07-13|Truckload & LTL Freight Carriers|Mainstream|72.00|84.10|5|0|0.83|live|6|
2026-07-14|Truckload & LTL Freight Carriers|Mainstream|73.70|87.50|6|0|0.83|live|6|
2026-07-15|Truckload & LTL Freight Carriers|Mainstream|72.00|84.00|7|0|0.67|live|6|
2026-07-16|Truckload & LTL Freight Carriers|Mainstream|74.60|89.20|8|0|1.00|live|6|
2026-07-17|Truckload & LTL Freight Carriers|Mainstream|76.20|92.40|9|0|1.00|live|8|
2026-07-20|Truckload & LTL Freight Carriers|Mainstream|76.30|92.60|10|0|0.88|live|8|
2026-07-21|Truckload & LTL Freight Carriers|Mainstream|77.30|94.50|11|0|1.00|live|8|
2026-07-22|Truckload & LTL Freight Carriers|Mainstream|77.00|94.00|12|0|1.00|live|8|
2026-07-23|Truckload & LTL Freight Carriers|Mainstream|76.90|93.70|13|0|0.63|live|8|
2026-07-24|Truckload & LTL Freight Carriers|Mainstream|72.10|84.30|14|0|0.50|live|8|
2026-07-27|Truckload & LTL Freight Carriers|Mainstream|74.70|89.50|15|0|0.13|live|8|
2026-07-28|Truckload & LTL Freight Carriers|Fading|68.00|76.00|15|0|0.00|live|7|
2026-07-29|Truckload & LTL Freight Carriers|Fading|63.90|67.80|15|0|0.00|live|7|
2026-07-30|Truckload & LTL Freight Carriers|Fading|51.12||15|0|0.00|live|5|
2026-07-31|Truckload & LTL Freight Carriers|Mainstream|64.20|68.30|16|0|0.00|live|5|
2026-08-03|Truckload & LTL Freight Carriers|Fading|51.36||16|0|0.00|live|2|
2026-07-16|Uniform Rental & Managed Workwear Services|Nascent|76.30|92.70|1|0||live|2|
2026-07-17|Uniform Rental & Managed Workwear Services|Nascent|75.80|91.70|2|0|1.00|live|2|
2026-07-20|Uniform Rental & Managed Workwear Services|Nascent|75.60|91.20|3|0|1.00|live|2|
2026-07-21|Uniform Rental & Managed Workwear Services|Nascent|75.50|90.90|4|0|1.00|live|2|
2026-07-22|Uniform Rental & Managed Workwear Services|Nascent|76.90|93.80|5|0|1.00|live|2|
2026-07-23|Uniform Rental & Managed Workwear Services|Mainstream|77.20|94.30|6|0|1.00|live|2|
2026-07-24|Uniform Rental & Managed Workwear Services|Mainstream|77.30|94.70|7|0|1.00|live|2|
2026-07-27|Uniform Rental & Managed Workwear Services|Mainstream|78.20|96.30|8|0|1.00|live|2|
2026-07-28|Uniform Rental & Managed Workwear Services|Mainstream|77.70|95.40|9|0|1.00|live|2|
2026-07-29|Uniform Rental & Managed Workwear Services|Mainstream|76.40|92.80|10|0|0.50|live|2|
2026-07-30|Uniform Rental & Managed Workwear Services|Mainstream|74.40|88.80|11|0|0.50|live|2|
2026-07-31|Uniform Rental & Managed Workwear Services|Mainstream|72.50|85.00|12|0|0.50|live|2|
2026-08-03|Uniform Rental & Managed Workwear Services|Fading|58.00||12|0|0.50|live|2|
2026-04-07|Uranium Mining & Nuclear Fuel Supply|Nascent|77.80|95.70|0|0||live|2|
2026-04-13|Uranium Mining & Nuclear Fuel Supply|Retired|78.30|96.70|0|0||live|1|
2026-07-21|Urban Gateway Office REITs|Nascent|70.90|81.80|1|0||live|3|
2026-07-22|Urban Gateway Office REITs|Retired|0.00||2|0||live|0|Office REIT Recovery & Re-Rating
2026-07-14|U.S. Apparel & Fashion Recovery|Nascent|71.80|83.70|1|0||live|2|
2026-07-15|U.S. Apparel & Fashion Recovery|Nascent|71.60|83.20|2|0|1.00|live|2|
2026-07-16|U.S. Apparel & Fashion Recovery|Nascent|74.80|89.50|3|0|1.00|live|3|
2026-07-17|U.S. Apparel & Fashion Recovery|Nascent|77.70|95.40|4|0|1.00|live|3|
2026-07-20|U.S. Apparel & Fashion Recovery|Nascent|78.10|96.20|5|0|1.00|live|3|
2026-07-21|U.S. Apparel & Fashion Recovery|Mainstream|78.30|96.70|6|0|1.00|live|3|
2026-07-22|U.S. Apparel & Fashion Recovery|Mainstream|78.20|96.50|7|0|1.00|live|3|
2026-07-23|U.S. Apparel & Fashion Recovery|Mainstream|76.20|92.30|8|0|1.00|live|3|
2026-07-24|U.S. Apparel & Fashion Recovery|Mainstream|77.10|94.20|9|0|1.00|live|3|
2026-07-27|U.S. Apparel & Fashion Recovery|Mainstream|77.70|95.50|10|0|1.00|live|3|
2026-07-28|U.S. Apparel & Fashion Recovery|Mainstream|77.60|95.20|11|0|1.00|live|3|
2026-07-29|U.S. Apparel & Fashion Recovery|Mainstream|75.30|90.70|12|0|1.00|live|3|
2026-07-30|U.S. Apparel & Fashion Recovery|Mainstream|70.90|81.80|13|0|0.33|live|3|
2026-07-31|U.S. Apparel & Fashion Recovery|Fading|66.50|73.00|13|0|0.33|live|3|
2026-08-03|U.S. Apparel & Fashion Recovery|Mainstream|72.50|85.00|14|0|0.67|live|3|
2026-07-22|U.S. Apparel & Lifestyle Brand Recovery|Nascent|76.80|93.70|1|0||live|2|
2026-07-23|U.S. Apparel & Lifestyle Brand Recovery|Nascent|71.20|82.50|2|0|1.00|live|2|
2026-07-24|U.S. Apparel & Lifestyle Brand Recovery|Fading|56.96||2|0|1.00|live|2|
2026-07-27|U.S. Apparel & Lifestyle Brand Recovery|Fading|72.80|85.70|2|0|1.00|live|2|
2026-07-28|U.S. Apparel & Lifestyle Brand Recovery|Mainstream|72.20|84.40|3|0|1.00|live|2|
2026-07-29|U.S. Apparel & Lifestyle Brand Recovery|Fading|57.76||3|0|1.00|live|2|
2026-07-30|U.S. Apparel & Lifestyle Brand Recovery|Fading|46.21||3|0|0.50|live|2|
2026-07-31|U.S. Apparel & Lifestyle Brand Recovery|Fading|36.97||3|0|0.50|live|2|
2026-08-03|U.S. Apparel & Lifestyle Brand Recovery|Fading|29.57||3|0|0.50|live|2|
2026-07-30|US-China Tariff Truce — Consumer Goods & Digital Beneficiaries|Nascent|70.58|70.58|1|0||shadow_promoted|4|
2026-07-31|US-China Tariff Truce — Consumer Goods & Digital Beneficiaries|Fading|56.46||1|0|0.67|live|2|
2026-08-03|US-China Tariff Truce — Consumer Goods & Digital Beneficiaries|Fading|45.17||1|0|1.00|live|2|
2026-07-14|U.S. Defense Prime Contractors|Nascent|25.76|25.76|1|0||shadow_promoted|5|
2026-07-15|U.S. Defense Prime Contractors|Fading|20.61||1|0|0.50|live|2|
2026-07-16|U.S. Defense Prime Contractors|Fading|16.49||1|0|0.50|live|2|
2026-07-17|U.S. Defense Prime Contractors|Fading|13.19||1|0|0.50|live|2|
2026-07-20|U.S. Defense Prime Contractors|Fading|10.55||1|0|0.50|live|2|
2026-07-21|U.S. Defense Prime Contractors|Fading|8.44||1|0|0.50|live|2|
2026-07-22|U.S. Defense Prime Contractors|Retired|0.00||2|0||live|0|
2026-03-19|U.S. Defense Primes & Aerospace|Nascent|70.90||0|0||live|4|
2026-03-20|U.S. Defense Primes & Aerospace|Nascent|68.10||0|0||live|4|
2026-03-21|U.S. Defense Primes & Aerospace|Accelerating|74.00||0|0||live|4|
2026-03-23|U.S. Defense Primes & Aerospace|Fading|59.20||0|0||live|4|
2026-03-24|U.S. Defense Primes & Aerospace|Mainstream|61.30||0|0||live|4|
2026-03-30|U.S. Defense Primes & Aerospace|Fading|49.04||0|0||live|6|
2026-04-13|U.S. Defense Primes & Aerospace|Retired|71.00|81.90|0|0||live|5|
2026-07-13|U.S. Domestic Steel Producers|Nascent|34.56|34.56|1|0||shadow_promoted|5|
2026-07-14|U.S. Domestic Steel Producers|Fading|27.65||1|0|0.00|live|3|
2026-07-15|U.S. Domestic Steel Producers|Nascent|40.96|40.96|2|0||shadow_promoted|5|
2026-07-16|U.S. Domestic Steel Producers|Fading|32.77||2|0|0.50|live|3|
2026-07-20|U.S. Domestic Steel Producers|Fading|26.21||2|0|0.00|live|2|
2026-07-22|U.S. Domestic Steel Producers|Fading|74.00|88.00|2|0|1.00|live|2|
2026-07-23|U.S. Domestic Steel Producers|Accelerating|75.20|90.50|3|1|1.00|live|2|
2026-07-27|U.S. Domestic Steel Producers|Accelerating|75.50|91.00|4|2|1.00|live|2|
2026-07-29|U.S. Domestic Steel Producers|Accelerating|71.80|83.50|5|3|1.00|live|2|
2026-07-30|U.S. Domestic Steel Producers|Accelerating|73.40|86.80|6|4|1.00|live|2|
2026-08-03|U.S. Domestic Steel Producers|Accelerating|72.20|84.30|7|5|1.00|live|2|
2026-07-22|Used Vehicle & Mobility Asset Rental Recovery|Nascent|77.80|95.70|1|0||live|2|
2026-07-23|Used Vehicle & Mobility Asset Rental Recovery|Fading|62.24||1|0|1.00|live|2|
2026-07-24|Used Vehicle & Mobility Asset Rental Recovery|Fading|49.79||1|0|1.00|live|2|
2026-07-27|Used Vehicle & Mobility Asset Rental Recovery|Retired|0.00||2|0||live|0|
2026-07-31|U.S. Multifamily & Residential Apartment REITs|Nascent|30.00|0.00|1|0||live|5|
2026-08-03|U.S. Multifamily & Residential Apartment REITs|Fading|24.00||1|0|0.00|live|5|
2026-06-25|U.S. Passenger Airlines|Nascent|30.00|0.00|1|0||live|6|
2026-06-26|U.S. Passenger Airlines|Nascent|74.90|89.80|2|0|1.00|live|6|
2026-06-29|U.S. Passenger Airlines|Accelerating|74.80|89.60|3|1|1.00|live|6|
2026-06-30|U.S. Passenger Airlines|Accelerating|74.20|88.30|4|2|1.00|live|6|
2026-07-01|U.S. Passenger Airlines|Accelerating|75.10|90.20|5|3|1.00|live|6|
2026-07-02|U.S. Passenger Airlines|Accelerating|74.50|89.10|6|4|1.00|live|6|
2026-07-06|U.S. Passenger Airlines|Accelerating|74.60|89.20|7|5|1.00|live|6|
2026-07-07|U.S. Passenger Airlines|Accelerating|72.00|83.90|8|6|1.00|live|6|
2026-07-08|U.S. Passenger Airlines|Accelerating|71.70|83.30|9|7|0.83|live|6|
2026-07-09|U.S. Passenger Airlines|Accelerating|73.10|86.20|10|8|1.00|live|6|
2026-07-10|U.S. Passenger Airlines|Accelerating|72.40|84.80|11|9|0.33|live|6|
2026-07-13|U.S. Passenger Airlines|Fading|67.90|75.70|11|0|0.17|live|6|
2026-07-14|U.S. Passenger Airlines|Fading|65.10|70.20|11|0|0.17|live|6|
2026-07-15|U.S. Passenger Airlines|Fading|63.90|67.70|11|0|0.17|live|6|
2026-07-16|U.S. Passenger Airlines|Fading|62.00|63.90|11|0|0.17|live|6|
2026-07-17|U.S. Passenger Airlines|Fading|58.90|57.80|11|0|0.00|live|6|
2026-07-20|U.S. Passenger Airlines|Mainstream|62.30|64.70|12|0|0.17|live|6|
2026-07-21|U.S. Passenger Airlines|Fading|59.40|58.80|12|0|0.00|live|6|
2026-07-22|U.S. Passenger Airlines|Mainstream|56.90|53.70|13|0|0.00|live|6|
2026-07-23|U.S. Passenger Airlines|Fading|45.52||13|0|0.00|live|6|
2026-07-24|U.S. Passenger Airlines|Mainstream|63.30|66.60|14|0|0.17|live|6|
2026-07-27|U.S. Passenger Airlines|Fading|65.70|71.40|14|0|0.17|live|6|
2026-07-28|U.S. Passenger Airlines|Accelerating|68.20|76.40|15|1|0.67|live|6|
2026-07-29|U.S. Passenger Airlines|Fading|54.56||15|0|0.17|live|6|
2026-07-30|U.S. Passenger Airlines|Fading|67.80|75.70|15|0|0.50|live|6|
2026-07-31|U.S. Passenger Airlines|Mainstream|68.20|76.40|16|0|0.50|live|6|
2026-08-03|U.S. Passenger Airlines|Accelerating|74.50|89.00|17|1|0.83|live|6|
2026-07-01|U.S. Petroleum Refining & Downstream Processing|Nascent|30.00|0.00|1|0||live|6|
2026-07-02|U.S. Petroleum Refining & Downstream Processing|Nascent|69.80|79.70|2|0|1.00|live|6|
2026-07-06|U.S. Petroleum Refining & Downstream Processing|Nascent|71.50|82.90|3|0|1.00|live|6|
2026-07-07|U.S. Petroleum Refining & Downstream Processing|Nascent|70.10|80.10|4|0|1.00|live|8|
2026-07-08|U.S. Petroleum Refining & Downstream Processing|Nascent|76.60|93.20|5|0|1.00|live|6|
2026-07-09|U.S. Petroleum Refining & Downstream Processing|Nascent|76.30|92.60|6|0|1.00|live|6|
2026-07-10|U.S. Petroleum Refining & Downstream Processing|Nascent|76.50|93.00|7|0|1.00|live|6|
2026-07-13|U.S. Petroleum Refining & Downstream Processing|Mainstream|78.10|96.30|8|0|1.00|live|6|
2026-07-14|U.S. Petroleum Refining & Downstream Processing|Mainstream|78.30|96.70|9|0|1.00|live|6|
2026-07-15|U.S. Petroleum Refining & Downstream Processing|Mainstream|78.20|96.50|10|0|1.00|live|8|
2026-07-16|U.S. Petroleum Refining & Downstream Processing|Mainstream|78.70|97.50|11|0|1.00|live|6|
2026-07-17|U.S. Petroleum Refining & Downstream Processing|Mainstream|79.00|98.00|12|0|1.00|live|7|
2026-07-20|U.S. Petroleum Refining & Downstream Processing|Mainstream|79.20|98.40|13|0|1.00|live|7|
2026-07-21|U.S. Petroleum Refining & Downstream Processing|Mainstream|79.20|98.40|14|0|1.00|live|7|
2026-07-22|U.S. Petroleum Refining & Downstream Processing|Mainstream|79.20|98.40|15|0|1.00|live|7|
2026-07-23|U.S. Petroleum Refining & Downstream Processing|Mainstream|79.10|98.20|16|0|1.00|live|13|
2026-07-24|U.S. Petroleum Refining & Downstream Processing|Mainstream|78.90|97.80|17|0|1.00|live|7|
2026-07-27|U.S. Petroleum Refining & Downstream Processing|Mainstream|79.10|98.30|18|0|1.00|live|7|
2026-07-28|U.S. Petroleum Refining & Downstream Processing|Mainstream|78.40|96.80|19|0|1.00|live|12|
2026-07-29|U.S. Petroleum Refining & Downstream Processing|Mainstream|78.30|96.50|20|0|1.00|live|7|
2026-07-30|U.S. Petroleum Refining & Downstream Processing|Mainstream|78.90|97.80|21|0|1.00|live|11|
2026-07-31|U.S. Petroleum Refining & Downstream Processing|Mainstream|78.40|96.90|22|0|1.00|live|6|
2026-08-03|U.S. Petroleum Refining & Downstream Processing|Mainstream|75.60|91.20|23|0|1.00|live|6|
2026-07-01|U.S. Regional & Mid-Cap Commercial Banks|Nascent|30.00|0.00|1|0||live|20|
2026-07-02|U.S. Regional & Mid-Cap Commercial Banks|Nascent|63.20|66.50|2|0|1.00|live|20|
2026-07-06|U.S. Regional & Mid-Cap Commercial Banks|Accelerating|65.80|71.70|3|1|1.00|live|20|
2026-07-07|U.S. Regional & Mid-Cap Commercial Banks|Accelerating|65.20|70.40|4|2|1.00|live|20|
2026-07-08|U.S. Regional & Mid-Cap Commercial Banks|Accelerating|63.60|67.30|5|3|0.50|live|20|
2026-07-09|U.S. Regional & Mid-Cap Commercial Banks|Accelerating|65.90|71.80|6|4|0.95|live|20|
2026-07-10|U.S. Regional & Mid-Cap Commercial Banks|Accelerating|68.00|76.10|7|5|0.95|live|20|
2026-07-13|U.S. Regional & Mid-Cap Commercial Banks|Mainstream|66.60|73.20|8|0|0.95|live|20|
2026-07-14|U.S. Regional & Mid-Cap Commercial Banks|Mainstream|65.20|70.30|9|0|0.95|live|20|
2026-07-15|U.S. Regional & Mid-Cap Commercial Banks|Mainstream|68.30|76.60|10|0|0.95|live|20|
2026-07-16|U.S. Regional & Mid-Cap Commercial Banks|Mainstream|69.20|78.30|11|0|0.95|live|20|
2026-07-17|U.S. Regional & Mid-Cap Commercial Banks|Mainstream|69.30|78.50|12|0|1.00|live|20|
2026-07-20|U.S. Regional & Mid-Cap Commercial Banks|Mainstream|69.20|78.50|13|0|0.85|live|20|
2026-07-21|U.S. Regional & Mid-Cap Commercial Banks|Mainstream|67.50|75.10|14|0|0.70|live|20|
2026-07-22|U.S. Regional & Mid-Cap Commercial Banks|Mainstream|67.20|74.50|15|0|0.75|live|20|
2026-07-23|U.S. Regional & Mid-Cap Commercial Banks|Mainstream|67.80|75.70|16|0|0.35|live|20|
2026-07-24|U.S. Regional & Mid-Cap Commercial Banks|Mainstream|67.70|75.30|17|0|0.60|live|20|
2026-07-27|U.S. Regional & Mid-Cap Commercial Banks|Mainstream|64.90|69.90|18|0|0.35|live|20|
2026-07-28|U.S. Regional & Mid-Cap Commercial Banks|Mainstream|63.80|67.50|19|0|0.70|live|20|
2026-07-29|U.S. Regional & Mid-Cap Commercial Banks|Mainstream|65.80|71.60|20|0|0.47|live|19|
2026-07-30|U.S. Regional & Mid-Cap Commercial Banks|Mainstream|64.70|69.30|21|0|0.42|live|19|
2026-07-31|U.S. Regional & Mid-Cap Commercial Banks|Mainstream|64.80|69.70|22|0|0.47|live|19|
2026-08-03|U.S. Regional & Mid-Cap Commercial Banks|Mainstream|66.00|72.00|23|0|0.84|live|19|
2026-05-20|U.S. Shale & Onshore E&P|Nascent|69.10|78.20|1|0||live|27|
2026-05-26|U.S. Shale & Onshore E&P|Retired|0.00||2|0||live|0|Hydraulic Fracturing & Completion Services
2026-05-27|U.S. Shale & Onshore E&P|Nascent|67.30|74.60|3|0|0.06|live|22|
2026-05-28|U.S. Shale & Onshore E&P|Fading|64.00|67.90|3|0|0.13|live|22|
2026-05-29|U.S. Shale & Onshore E&P|Retired|0.00||4|0||live|0|Pure-Play Hydraulic Fracturing & Completion Services
2026-06-01|U.S. Shale & Onshore E&P|Fading|64.60|69.30|4|0|0.16|live|17|
2026-06-02|U.S. Shale & Onshore E&P|Fading|66.00|72.00|4|0|0.38|live|17|
2026-06-03|U.S. Shale & Onshore E&P|Retired|0.00||5|0||live|0|Hydraulic Fracturing & Completion Services
2026-06-04|U.S. Shale & Onshore E&P|Fading|65.60|71.20|5|0|0.75|live|17|
2026-06-05|U.S. Shale & Onshore E&P|Fading|61.50|62.90|5|0|0.08|live|13|
2026-06-08|U.S. Shale & Onshore E&P|Fading|59.90|59.80|5|0|0.25|live|13|
2026-06-09|U.S. Shale & Onshore E&P|Retired|0.00||6|0||live|0|Pure-Play Hydraulic Fracturing & Completion Services
2026-07-30|Vacation Ownership & Timeshare Resort Recovery|Nascent|30.00|0.00|1|0||live|3|
2026-07-31|Vacation Ownership & Timeshare Resort Recovery|Fading|24.00||1|0|0.50|live|2|
2026-08-03|Vacation Ownership & Timeshare Resort Recovery|Fading|19.20||1|0|0.50|live|2|
2026-07-08|Wealth Management & Retail Brokerage Platforms|Nascent|30.00|0.00|1|0||live|6|
2026-07-09|Wealth Management & Retail Brokerage Platforms|Nascent|66.80|73.70|2|0|1.00|live|6|
2026-07-10|Wealth Management & Retail Brokerage Platforms|Nascent|67.40|74.80|3|0|1.00|live|6|
2026-07-13|Wealth Management & Retail Brokerage Platforms|Accelerating|67.10|74.10|4|1|1.00|live|6|
2026-07-14|Wealth Management & Retail Brokerage Platforms|Accelerating|67.10|74.30|5|2|1.00|live|6|
2026-07-15|Wealth Management & Retail Brokerage Platforms|Accelerating|70.40|80.80|6|3|1.00|live|7|
2026-07-16|Wealth Management & Retail Brokerage Platforms|Mainstream|72.90|85.70|7|0|0.86|live|7|
2026-07-17|Wealth Management & Retail Brokerage Platforms|Mainstream|71.40|82.70|8|0|0.86|live|7|
2026-07-20|Wealth Management & Retail Brokerage Platforms|Mainstream|73.60|87.20|9|0|0.86|live|7|
2026-07-21|Wealth Management & Retail Brokerage Platforms|Mainstream|74.00|87.90|10|0|0.86|live|7|
2026-07-22|Wealth Management & Retail Brokerage Platforms|Mainstream|73.80|87.50|11|0|0.86|live|7|
2026-07-23|Wealth Management & Retail Brokerage Platforms|Mainstream|72.50|84.90|12|0|0.86|live|7|
2026-07-24|Wealth Management & Retail Brokerage Platforms|Mainstream|73.00|85.90|13|0|0.86|live|7|
2026-07-27|Wealth Management & Retail Brokerage Platforms|Mainstream|73.00|86.10|14|0|0.86|live|7|
2026-07-28|Wealth Management & Retail Brokerage Platforms|Mainstream|73.40|86.80|15|0|0.86|live|7|
2026-07-29|Wealth Management & Retail Brokerage Platforms|Mainstream|73.70|87.40|16|0|0.86|live|7|
2026-07-30|Wealth Management & Retail Brokerage Platforms|Mainstream|74.30|88.70|17|0|0.86|live|7|
2026-07-31|Wealth Management & Retail Brokerage Platforms|Mainstream|75.30|90.60|18|0|1.00|live|6|
2026-08-03|Wealth Management & Retail Brokerage Platforms|Mainstream|74.30|88.70|19|0|1.00|live|6|
2026-04-02|Workforce Solutions & Technical Staffing Services|Nascent|78.80|97.60|0|0||live|2|
2026-04-06|Workforce Solutions & Technical Staffing Services|Fading|47.20|94.40|0|0||live|2|
2026-04-07|Workforce Solutions & Technical Staffing Services|Accelerating|77.50|94.90|0|0||live|3|
2026-04-08|Workforce Solutions & Technical Staffing Services|Fading|49.50|99.10|0|0||live|3|
2026-04-09|Workforce Solutions & Technical Staffing Services|Fading|49.50|98.90|0|0||live|3|
2026-04-10|Workforce Solutions & Technical Staffing Services|Fading|49.40|98.80|0|0||live|3|
2026-04-13|Workforce Solutions & Technical Staffing Services|Fading|49.40|98.80|0|0||live|3|
2026-04-14|Workforce Solutions & Technical Staffing Services|Fading|49.40|98.80|0|0||live|3|
2026-04-15|Workforce Solutions & Technical Staffing Services|Fading|49.60|99.20|0|0||live|2|
2026-04-16|Workforce Solutions & Technical Staffing Services|Fading|47.30|94.70|0|0||live|2|
2026-04-17|Workforce Solutions & Technical Staffing Services|Accelerating|75.90|91.80|1|1||live|2|
2026-04-20|Workforce Solutions & Technical Staffing Services|Accelerating|44.30|88.60|2|2||live|2|
2026-04-21|Workforce Solutions & Technical Staffing Services|Fading|35.44||2|0|1.00|live|2|
2026-04-22|Workforce Solutions & Technical Staffing Services|Fading|48.30|96.60|2|0|1.00|live|2|
2026-04-23|Workforce Solutions & Technical Staffing Services|Fading|46.50|93.00|2|0|1.00|live|2|
2026-04-24|Workforce Solutions & Technical Staffing Services|Fading|46.10|92.20|2|0|1.00|live|2|
2026-04-27|Workforce Solutions & Technical Staffing Services|Fading|47.20|94.30|2|0|1.00|live|2|
2026-04-28|Workforce Solutions & Technical Staffing Services|Fading|43.00|86.00|2|0|1.00|live|2|
2026-04-29|Workforce Solutions & Technical Staffing Services|Fading|44.00|88.00|2|0|0.50|live|2|
2026-04-30|Workforce Solutions & Technical Staffing Services|Fading|41.40|82.80|2|0|0.50|live|2|
2026-05-01|Workforce Solutions & Technical Staffing Services|Fading|43.80|87.50|2|0|1.00|live|2|
2026-05-04|Workforce Solutions & Technical Staffing Services|Fading|42.70|85.30|2|0|0.50|live|2|
2026-05-05|Workforce Solutions & Technical Staffing Services|Fading|70.20|80.30|2|0|0.50|live|2|
2026-05-11|Workforce Solutions & Technical Staffing Services|Fading|56.16||2|0|0.00|live|2|
2026-05-12|Workforce Solutions & Technical Staffing Services|Fading|40.90|81.80|2|0|0.50|live|2|
2026-05-13|Workforce Solutions & Technical Staffing Services|Fading|32.72||2|0|0.00|live|2|
2026-05-15|Workforce Solutions & Technical Staffing Services|Fading|26.18||2|0|0.00|live|2|
2026-05-18|Workforce Solutions & Technical Staffing Services|Fading|20.94||2|0|0.00|live|2|
2026-05-22|Workforce Solutions & Technical Staffing Services|Fading|16.75||2|0|0.50|live|2|
2026-05-26|Workforce Solutions & Technical Staffing Services|Fading|13.40||2|0|0.00|live|2|
2026-05-27|Workforce Solutions & Technical Staffing Services|Fading|10.72||2|0|0.50|live|2|
2026-05-28|Workforce Solutions & Technical Staffing Services|Fading|8.58||2|0|0.50|live|2|
2026-05-29|Workforce Solutions & Technical Staffing Services|Fading|6.86||2|0|0.50|live|2|
2026-06-01|Workforce Solutions & Technical Staffing Services|Retired|0.00||3|0||live|0|
2026-06-02|Workforce Solutions & Technical Staffing Services|Fading|5.49||3|0|0.50|live|2|
2026-06-03|Workforce Solutions & Technical Staffing Services|Fading|4.39||3|0|0.50|live|2|
2026-06-04|Workforce Solutions & Technical Staffing Services|Fading|3.51||3|0|0.50|live|2|
2026-06-05|Workforce Solutions & Technical Staffing Services|Accelerating|73.50|87.00|4|1|0.50|live|2|
2026-06-08|Workforce Solutions & Technical Staffing Services|Fading|58.80||4|0|0.00|live|2|
2026-06-09|Workforce Solutions & Technical Staffing Services|Fading|47.04||4|0|0.50|live|2|
2026-06-10|Workforce Solutions & Technical Staffing Services|Fading|37.63||4|0|0.50|live|2|
2026-06-11|Workforce Solutions & Technical Staffing Services|Fading|30.11||4|0|0.50|live|2|
2026-06-12|Workforce Solutions & Technical Staffing Services|Fading|24.08||4|0|0.50|live|2|
2026-06-15|Workforce Solutions & Technical Staffing Services|Retired|0.00||5|0||live|0|
