2026-06-08|Agricultural Commodities & Agri-Business|Fading|AGRO,DAR
2026-06-08|AI Datacenter Optical Transceivers & Components|Mainstream|MXL,AAOI,LITE,COHR
2026-06-08|AI Data Center Power Infrastructure|Fading|FCEL,VRT,AGX,PWR,BE,GEV
2026-06-08|AI Memory & Storage|Mainstream|STX,WDC,SNDK,MRAM,SIMO,MU
2026-06-08|Autonomous Military Drone Swarm & AI Defense Software|Retired|
2026-06-08|Cell & Genome Engineering Oncology|Fading|VOR,ARCT
2026-06-08|Consumer Discretionary Home Furnishings Rebound|Fading|SEAT,LOVE
2026-06-08|Crypto Asset Recovery|Mainstream|RIOT,HUT,WULF
2026-06-08|Custom AI Silicon & Chip Architecture Licensing|Mainstream|ARM,CRDO,AMD,QUIK,CEVA,MRVL,ALAB,AIP,INTC
2026-06-08|Cybersecurity Network Edge & SD-WAN|Retired|
2026-06-08|Defense Electronics & Avionics Mission Systems|Retired|
2026-06-08|Edge CDN & Cloud-Native Developer Platforms|Retired|
2026-06-08|Edge Cloud & Developer CDN Platforms|Accelerating|FSLY,DOCN
2026-06-08|Enterprise Server & AI Infrastructure Hardware|Fading|TEN,CVE
2026-06-08|Firearms & Personal Defense Manufacturing|Fading|SWBI,LINC
2026-06-08|Gold & Precious Metals Mining|Fading|AU,ORLA
2026-06-08|Gold & Silver Junior Miners Momentum|Fading|HYMC,VMET
2026-06-08|Hemp & Cannabis-Derived Wellness Beverages|Fading|RYM,MLEC
2026-06-08|Hydraulic Fracturing & Completion Services|Retired|
2026-06-08|Inflammatory Disease & Immunology Biologics|Fading|DNTH,SYRE,ORKA
2026-06-08|Lithium & Battery Critical Minerals Mining|Fading|SGML,BMM
2026-06-08|Network Security & Zero-Trust Edge|Mainstream|PANW,OKTA,DDOG,CRWD,GRRR,FTNT
2026-06-08|Nitrogen Fertilizer & Ammonia Producers|Fading|CF,CLMT
2026-06-08|Nitrogen Fertilizer & Crop Nutrient Producers|Retired|
2026-06-08|Nylon & Engineered Polymer Intermediates|Fading|ASIX,CC
2026-06-08|Optical Components & Transceiver Manufacturers|Fading|OPTX,AXTI,GLW,LASR,CIEN
2026-06-08|Physical AI & Robotics|Retired|
2026-06-08|Power Semiconductor & Mixed-Signal Display Drivers|Fading|NVTS,AOSL,HIMX
2026-06-08|Precious & Streaming Metals Royalty & Junior Miners|Retired|
2026-06-08|Precision Frequency & Timing Defense Electronics|Mainstream|FEIM,ECOR
2026-06-08|Primary Aluminum Smelting & Rolling|Retired|
2026-06-08|Pure-Play Hydraulic Fracturing & Completion Services|Retired|
2026-06-08|Rare Earth Magnets & Critical Battery Materials|Accelerating|CENX,CSTM,AA,ALOY
2026-06-08|Robo-Advisor & AI-Driven Wealth Management Platforms|Fading|WLTH,LIFE
2026-06-08|Satellite Imagery & Geospatial Intelligence|Fading|SPIR,BKSY
2026-06-08|Semiconductor Burn-In & Final-Test Equipment Pure-Play|Retired|
2026-06-08|Semiconductor Probe Card & Front-End Test Equipment|Fading|TER,ONTO
2026-06-08|Semiconductor Wafer Foundry & Advanced IC Manufacturing|Nascent|AMAT,KLAC,GFS,FORM,AEHR,UMC,UCTT,ACMR,TSEM,PDFS
2026-06-08|Silicon Carbide Power Semiconductors & EV Infrastructure|Mainstream|STM,WOLF
2026-06-08|Single-Cell Genomics & Spatial Biology Instrumentation|Retired|
2026-06-08|U.S. Shale & Onshore E&P|Fading|COP,ACDC,FANG,APA,SM,HAL,PTEN,EOG,LBRT,CHRD,BATL,PUMP,OXY
2026-06-08|Workforce Solutions & Technical Staffing Services|Fading|RCMT,KELYB
2026-06-09|Agricultural Commodities & Agri-Business|Fading|AGRO,DAR
2026-06-09|AI Datacenter Optical Transceivers & Components|Mainstream|MXL,COHR,LITE,AAOI
2026-06-09|AI Data Center Power Infrastructure|Mainstream|FCEL,PWR,BE,GEV,AGX,VRT
2026-06-09|AI Memory & Storage|Mainstream|SIMO,STX,WDC,SNDK,MRAM,MU
2026-06-09|Autonomous Military Drone Swarm & AI Defense Software|Fading|KYTX,SWMR
2026-06-09|Cell & Genome Engineering Oncology|Retired|
2026-06-09|Consumer Discretionary Home Furnishings Rebound|Fading|SEAT,LOVE
2026-06-09|Crypto Asset Recovery|Mainstream|RIOT,HUT,WULF
2026-06-09|Custom AI Silicon & Chip Architecture Licensing|Mainstream|CRDO,AIP,CEVA,ALAB,QUIK,INTC,ARM,MRVL,AMD
2026-06-09|Cybersecurity Network Edge & SD-WAN|Retired|
2026-06-09|Defense Electronics & Avionics Mission Systems|Fading|KTOS,AVEX
2026-06-09|Edge CDN & Cloud-Native Developer Platforms|Mainstream|FSLY,DOCN
2026-06-09|Enterprise Server & AI Infrastructure Hardware|Fading|TEN,CVE
2026-06-09|Firearms & Personal Defense Manufacturing|Fading|SWBI,LINC
2026-06-09|Gold & Precious Metals Mining|Fading|AU,ORLA
2026-06-09|Gold & Silver Junior Miners Momentum|Retired|
2026-06-09|Hemp & Cannabis-Derived Wellness Beverages|Retired|
2026-06-09|Hydraulic Fracturing & Completion Services|Fading|LBRT,ACDC
2026-06-09|Inflammatory Disease & Immunology Biologics|Accelerating|ORKA,DNTH,SYRE
2026-06-09|Lithium & Battery Critical Minerals Mining|Fading|SGML,BMM
2026-06-09|Network Security & Zero-Trust Edge|Mainstream|PANW,FTNT,DDOG,CRWD,GRRR,OKTA
2026-06-09|Nitrogen Fertilizer & Ammonia Producers|Fading|CLMT,CF
2026-06-09|Nitrogen Fertilizer & Crop Nutrient Producers|Retired|
2026-06-09|Nylon & Engineered Polymer Intermediates|Fading|ASIX,CC
2026-06-09|Optical Components & Transceiver Manufacturers|Fading|OPTX,AXTI,CIEN,GLW,LASR
2026-06-09|Physical AI & Robotics|Fading|IRBT,HYLN
2026-06-09|Power Semiconductor & Mixed-Signal Display Drivers|Fading|AOSL,NVTS,HIMX
2026-06-09|Precious & Streaming Metals Royalty & Junior Miners|Fading|AUGO,SSRM
2026-06-09|Precision Frequency & Timing Defense Electronics|Mainstream|ECOR,FEIM
2026-06-09|Primary Aluminum Smelting & Rolling|Retired|
2026-06-09|Pure-Play Hydraulic Fracturing & Completion Services|Fading|ACDC,HAL,PTEN,OXY,PUMP,EOG,SM,BATL,CHRD,FANG
2026-06-09|Rare Earth Magnets & Critical Battery Materials|Accelerating|AA,CENX,ALOY,CSTM
2026-06-09|Robo-Advisor & AI-Driven Wealth Management Platforms|Retired|
2026-06-09|Satellite Imagery & Geospatial Intelligence|Fading|SPIR,BKSY
2026-06-09|Semiconductor Probe Card & Front-End Test Equipment|Mainstream|TER,COHU
2026-06-09|Semiconductor Wafer Foundry & Advanced IC Manufacturing|Nascent|AMAT,GFS,ACMR,TSEM,UMC,UCTT,KLAC,FORM,AEHR,PDFS,VECO
2026-06-09|Silicon Carbide Power Semiconductors & EV Infrastructure|Mainstream|WOLF,STM
2026-06-09|Single-Cell Genomics & Spatial Biology Instrumentation|Retired|
2026-06-09|U.S. Shale & Onshore E&P|Retired|
2026-06-09|Workforce Solutions & Technical Staffing Services|Fading|RCMT,KELYB
2026-06-10|Agricultural Commodities & Agri-Business|Fading|AGRO,DAR
2026-06-10|AI Datacenter Optical Transceivers & Components|Mainstream|COHR,MXL,AAOI,LITE
2026-06-10|AI Data Center Power Infrastructure|Mainstream|PWR,VRT,BE,AGX,FCEL
2026-06-10|AI Memory & Storage|Mainstream|MRAM,MU,WDC,SNDK,STX,SIMO
2026-06-10|Autonomous Military Drone Swarm & AI Defense Software|Fading|KYTX,SWMR
2026-06-10|Consumer Discretionary Home Furnishings Rebound|Fading|SEAT,LOVE
2026-06-10|Crypto Asset Recovery|Fading|HUT,WULF,RIOT
2026-06-10|Custom AI Silicon & Chip Architecture Licensing|Mainstream|AIP,QUIK,AMD,CRDO,INTC,ARM,MRVL,ALAB,CEVA
2026-06-10|Defense Electronics & Avionics Mission Systems|Fading|KTOS,AVEX
2026-06-10|Edge CDN & Cloud-Native Developer Platforms|Retired|
2026-06-10|Edge Cloud & Developer CDN Platforms|Accelerating|FSLY,DOCN
2026-06-10|Enterprise Server & AI Infrastructure Hardware|Retired|
2026-06-10|Firearms & Personal Defense Manufacturing|Retired|
2026-06-10|Gold & Precious Metals Mining|Fading|AU,ORLA
2026-06-10|Hydraulic Fracturing & Completion Services|Retired|
2026-06-10|Inflammatory Disease & Immunology Biologics|Nascent|SYRE,ORKA,DNTH
2026-06-10|Lithium & Battery Critical Minerals Mining|Fading|SGML,BMM
2026-06-10|Network Security & Zero-Trust Edge|Mainstream|PANW,CRWD,GRRR,FTNT,OKTA
2026-06-10|Nitrogen Fertilizer & Ammonia Producers|Fading|CLMT,CF
2026-06-10|Nylon & Engineered Polymer Intermediates|Fading|ASIX,CC
2026-06-10|Optical Components & Transceiver Manufacturers|Fading|CIEN,GLW,AXTI,LASR,OPTX
2026-06-10|Physical AI & Robotics|Fading|IRBT,HYLN
2026-06-10|Power Semiconductor & Mixed-Signal Display Drivers|Fading|NVTS,AOSL,HIMX
2026-06-10|Precious & Streaming Metals Royalty & Junior Miners|Fading|AUGO,SSRM
2026-06-10|Precision Frequency & Timing Defense Electronics|Mainstream|FEIM,ECOR
2026-06-10|Pure-Play Hydraulic Fracturing & Completion Services|Accelerating|HAL,PTEN,ACDC,LBRT,PUMP
2026-06-10|Rare Earth Magnets & Critical Battery Materials|Accelerating|CENX,AA,ALOY,CSTM
2026-06-10|Satellite Imagery & Geospatial Intelligence|Fading|SPIR,BKSY
2026-06-10|Semiconductor Probe Card & Front-End Test Equipment|Fading|TER,COHU
2026-06-10|Semiconductor Wafer Foundry & Advanced IC Manufacturing|Mainstream|AMAT,UMC,KLAC,PDFS,GFS,FORM,UCTT,VECO,AEHR,ACMR,TSEM
2026-06-10|Silicon Carbide Power Semiconductors & EV Infrastructure|Mainstream|STM,WOLF
2026-06-10|Workforce Solutions & Technical Staffing Services|Fading|RCMT,KELYB
2026-06-11|Agricultural Commodities & Agri-Business|Fading|AGRO,DAR
2026-06-11|AI Datacenter Optical Transceivers & Components|Mainstream|COHR,MXL,AAOI,LITE
2026-06-11|AI Data Center Power Infrastructure|Mainstream|AGX,FCEL,BE,PWR,VRT
2026-06-11|AI Memory & Storage|Mainstream|MU,WDC,SNDK,STX,MRAM,SIMO
2026-06-11|Autonomous Military Drone Swarm & AI Defense Software|Fading|KYTX,SWMR
2026-06-11|Consumer Discretionary Home Furnishings Rebound|Fading|SEAT,LOVE
2026-06-11|Crypto Asset Recovery|Mainstream|HUT,RIOT,WULF
2026-06-11|Custom AI Silicon & Chip Architecture Licensing|Mainstream|CEVA,ARM,QUIK,INTC,AMD,MRVL,ALAB,AIP,CRDO
2026-06-11|Defense Electronics & Avionics Mission Systems|Fading|KTOS,AVEX
2026-06-11|Edge CDN & Cloud-Native Developer Platforms|Accelerating|DOCN,FSLY
2026-06-11|Gold & Precious Metals Mining|Fading|AU,ORLA
2026-06-11|Inflammatory Disease & Immunology Biologics|Nascent|SYRE,ORKA
2026-06-11|Lithium & Battery Critical Minerals Mining|Fading|SGML,BMM
2026-06-11|Network Security & Zero-Trust Edge|Mainstream|GRRR,PANW,FTNT,CRWD,OKTA
2026-06-11|Nitrogen Fertilizer & Crop Nutrient Producers|Fading|CLMT,CF
2026-06-11|Nylon & Engineered Polymer Intermediates|Fading|ASIX,CC
2026-06-11|Optical Components & Transceiver Manufacturers|Fading|LASR,GLW,OPTX,AXTI
2026-06-11|Physical AI & Robotics|Fading|IRBT,HYLN
2026-06-11|Power Semiconductor & Mixed-Signal Display Drivers|Mainstream|HIMX,AOSL,NVTS
2026-06-11|Precious & Streaming Metals Royalty & Junior Miners|Fading|AUGO,SSRM
2026-06-11|Precision Frequency & Timing Defense Electronics|Mainstream|ECOR,FEIM
2026-06-11|Pure-Play Hydraulic Fracturing & Completion Services|Fading|HAL,PTEN,ACDC,PUMP
2026-06-11|Rare Earth Magnets & Critical Battery Materials|Accelerating|ALOY,AA,CSTM,CENX
2026-06-11|Satellite Imagery & Geospatial Intelligence|Fading|SPIR,BKSY
2026-06-11|Semiconductor Probe Card & Front-End Test Equipment|Fading|TER,COHU
2026-06-11|Semiconductor Wafer Foundry & Advanced IC Manufacturing|Mainstream|KLAC,FORM,UCTT,AEHR,PDFS,ACMR,UMC,VECO,TSEM,GFS,AMAT,ICHR
2026-06-11|Silicon Carbide Power Semiconductors & EV Infrastructure|Mainstream|WOLF,STM
2026-06-11|Workforce Solutions & Technical Staffing Services|Fading|RCMT,KELYB
2026-06-12|Agricultural Commodities & Agri-Business|Retired|
2026-06-12|AI Datacenter Optical Transceivers & Components|Mainstream|LITE,COHR,AAOI
2026-06-12|AI Data Center Power Infrastructure|Mainstream|FCEL,AGX,VRT,PWR,BE
2026-06-12|AI Memory & Storage|Mainstream|WDC,STX,SNDK,MRAM,MU,SIMO
2026-06-12|Autonomous Military Drone Swarm & AI Defense Software|Fading|KYTX,SWMR
2026-06-12|Consumer Discretionary Home Furnishings Rebound|Retired|
2026-06-12|Crypto Asset Recovery|Mainstream|HUT,RIOT,WULF
2026-06-12|Custom AI Silicon & Chip Architecture Licensing|Mainstream|INTC,AIP,ARM,ALAB,AMD,MRVL,CRDO,CEVA,QUIK
2026-06-12|Defense Electronics & Avionics Mission Systems|Fading|KTOS,AVEX,ELMT
2026-06-12|Edge CDN & Cloud-Native Developer Platforms|Retired|
2026-06-12|Edge Cloud & Developer CDN Platforms|Accelerating|FSLY,DOCN
2026-06-12|Gold & Precious Metals Mining|Fading|AU,ORLA
2026-06-12|Inflammatory Disease & Immunology Biologics|Accelerating|ORKA,SYRE
2026-06-12|Lithium & Battery Critical Minerals Mining|Retired|
2026-06-12|Network Security & Zero-Trust Edge|Mainstream|GRRR,OKTA,CRWD,PANW,FTNT
2026-06-12|Nitrogen Fertilizer & Ammonia Producers|Fading|CF,CLMT
2026-06-12|Nitrogen Fertilizer & Crop Nutrient Producers|Retired|
2026-06-12|Nylon & Engineered Polymer Intermediates|Retired|
2026-06-12|Optical Components & Transceiver Manufacturers|Retired|
2026-06-12|Physical AI & Robotics|Fading|IRBT,HYLN
2026-06-12|Power Semiconductor & Mixed-Signal Display Drivers|Mainstream|NVTS,AOSL,HIMX
2026-06-12|Precious & Streaming Metals Royalty & Junior Miners|Fading|AUGO,SSRM
2026-06-12|Precision Frequency & Timing Defense Electronics|Retired|
2026-06-12|Pure-Play Hydraulic Fracturing & Completion Services|Fading|ACDC,PUMP
2026-06-12|Rare Earth Magnets & Critical Battery Materials|Mainstream|AA,CENX,ALOY,CSTM
2026-06-12|Satellite Imagery & Geospatial Intelligence|Retired|
2026-06-12|Semiconductor Probe Card & Front-End Test Equipment|Accelerating|COHU,TER
2026-06-12|Semiconductor Wafer Foundry & Advanced IC Manufacturing|Mainstream|PDFS,ICHR,UMC,FORM,TSEM,UCTT,AMAT,GFS,VECO,ACMR,KLAC,AEHR
2026-06-12|Silicon Carbide Power Semiconductors & EV Infrastructure|Mainstream|WOLF,STM
2026-06-12|Workforce Solutions & Technical Staffing Services|Fading|RCMT,KELYB
2026-06-15|AI Datacenter Optical Transceivers & Components|Mainstream|LITE,COHR,AAOI
2026-06-15|AI Data Center Power Infrastructure|Mainstream|FCEL,AGX,PWR,BE,VRT
2026-06-15|AI Memory & Storage|Mainstream|SNDK,STX,SIMO,MRAM,WDC,MU
2026-06-15|Autonomous Military Drone Swarm & AI Defense Software|Fading|KYTX,SWMR
2026-06-15|Crypto Asset Recovery|Mainstream|RIOT,WULF,HUT
2026-06-15|Custom AI Silicon & Chip Architecture Licensing|Mainstream|CRDO,INTC,ALAB,QUIK,AIP,AMD,ARM,MRVL,CEVA
2026-06-15|Defense Electronics & Avionics Mission Systems|Fading|KTOS,ELMT
2026-06-15|Edge CDN & Cloud-Native Developer Platforms|Accelerating|DOCN,FSLY
2026-06-15|Gold & Precious Metals Mining|Retired|
2026-06-15|Inflammatory Disease & Immunology Biologics|Nascent|SYRE,ORKA
2026-06-15|Network Security & Zero-Trust Edge|Mainstream|OKTA,PANW,CRWD,FTNT,GRRR
2026-06-15|Nitrogen Fertilizer & Crop Nutrient Producers|Fading|CF,CLMT
2026-06-15|Physical AI & Robotics|Fading|IRBT,HYLN
2026-06-15|Power Semiconductor & Mixed-Signal Display Drivers|Fading|NVTS,HIMX,AOSL
2026-06-15|Precious & Streaming Metals Royalty & Junior Miners|Fading|AUGO,SSRM
2026-06-15|Pure-Play Hydraulic Fracturing & Completion Services|Fading|ACDC,PUMP
2026-06-15|Rare Earth Magnets & Critical Battery Materials|Mainstream|CSTM,ALOY
2026-06-15|Semiconductor Probe Card & Front-End Test Equipment|Accelerating|COHU,TER
2026-06-15|Semiconductor Wafer Foundry & Advanced IC Manufacturing|Mainstream|UCTT,ACMR,AMAT,AEHR,PDFS,VECO,FORM,GFS,KLAC,UMC,ICHR,TSEM
2026-06-15|Silicon Carbide Power Semiconductors & EV Infrastructure|Mainstream|WOLF,STM
2026-06-15|Workforce Solutions & Technical Staffing Services|Retired|
2026-06-16|AI Datacenter Optical Transceivers & Components|Mainstream|LITE,COHR,AAOI
2026-06-16|AI Data Center Power Infrastructure|Mainstream|PWR,BE,FCEL,AGX,VRT
2026-06-16|AI Memory & Storage|Mainstream|MU,SNDK,WDC,STX,SIMO,MRAM
2026-06-16|Autonomous Military Drone Swarm & AI Defense Software|Retired|
2026-06-16|Crypto Asset Recovery|Mainstream|RIOT,WULF,HUT
2026-06-16|Custom AI Silicon & Chip Architecture Licensing|Mainstream|QUIK,CEVA,MRVL,AMD,INTC,ALAB,CRDO,ARM,AIP
2026-06-16|Defense Electronics & Avionics Mission Systems|Retired|
2026-06-16|Edge CDN & Cloud-Native Developer Platforms|Fading|DOCN,FSLY
2026-06-16|Edge Cloud & Developer CDN Platforms|Retired|
2026-06-16|Inflammatory Disease & Immunology Biologics|Nascent|ORKA,SYRE
2026-06-16|Network Security & Zero-Trust Edge|Mainstream|GRRR,OKTA,FTNT,CRWD,PANW
2026-06-16|Nitrogen Fertilizer & Ammonia Producers|Fading|CLMT,CF
2026-06-16|Nitrogen Fertilizer & Crop Nutrient Producers|Retired|
2026-06-16|Physical AI & Robotics|Retired|
2026-06-16|Power Semiconductor & Mixed-Signal Display Drivers|Fading|HIMX,AOSL,NVTS
2026-06-16|Precious & Streaming Metals Royalty & Junior Miners|Retired|
2026-06-16|Pure-Play Hydraulic Fracturing & Completion Services|Fading|ACDC,PUMP
2026-06-16|Rare Earth Magnets & Critical Battery Materials|Mainstream|CSTM,ALOY
2026-06-16|Semiconductor Probe Card & Front-End Test Equipment|Mainstream|COHU,TER
2026-06-16|Semiconductor Wafer Foundry & Advanced IC Manufacturing|Mainstream|PDFS,UCTT,AMAT,KLAC,TSEM,GFS,ICHR,ACMR,AEHR,FORM,VECO,UMC
2026-06-16|Silicon Carbide Power Semiconductors & EV Infrastructure|Fading|WOLF,STM
2026-06-17|AI Datacenter Optical Transceivers & Components|Fading|AAOI,COHR,LITE
2026-06-17|AI Data Center Power Infrastructure|Mainstream|PWR,FCEL,VRT,BE,AGX
2026-06-17|AI Memory & Storage|Mainstream|MRAM,MU,SNDK,WDC,STX,SIMO
2026-06-17|Crypto Asset Recovery|Mainstream|RIOT,WULF,HUT
2026-06-17|Custom AI Silicon & Chip Architecture Licensing|Mainstream|CRDO,QUIK,AMD,CEVA,INTC,AIP,ARM,ALAB,MRVL
2026-06-17|Edge Cloud & Developer CDN Platforms|Accelerating|DOCN,FSLY
2026-06-17|Inflammatory Disease & Immunology Biologics|Mainstream|SYRE,ORKA
2026-06-17|Network Security & Zero-Trust Edge|Mainstream|OKTA,CRWD,PANW,GRRR,FTNT
2026-06-17|Nitrogen Fertilizer & Ammonia Producers|Retired|
2026-06-17|Power Semiconductor & Mixed-Signal Display Drivers|Fading|AOSL,HIMX,NVTS
2026-06-17|Pure-Play Hydraulic Fracturing & Completion Services|Fading|ACDC,PUMP
2026-06-17|Rare Earth Magnets & Critical Battery Materials|Mainstream|CSTM,ALOY
2026-06-17|Semiconductor Probe Card & Front-End Test Equipment|Mainstream|TER,COHU
2026-06-17|Semiconductor Wafer Foundry & Advanced IC Manufacturing|Mainstream|KLAC,ACMR,FORM,UMC,AEHR,UCTT,VECO,ICHR,PDFS,TSEM,AMAT,GFS
2026-06-17|Silicon Carbide Power Semiconductors & EV Infrastructure|Mainstream|STM,WOLF
2026-06-18|AI Datacenter Optical Transceivers & Components|Mainstream|LITE,AAOI,COHR
2026-06-18|AI Data Center Power Infrastructure|Accelerating|VRT,FCEL,AGX,PWR,BE
2026-06-18|AI Memory & Storage|Mainstream|SIMO,MRAM,WDC,STX,SNDK,MU
2026-06-18|Crypto Asset Recovery|Mainstream|RIOT,HUT,WULF
2026-06-18|Custom AI Silicon & Chip Architecture Licensing|Mainstream|ARM,MRVL,AIP,CRDO,ALAB,CEVA,AMD,QUIK,INTC
2026-06-18|Edge CDN & Cloud-Native Developer Platforms|Retired|
2026-06-18|Edge Cloud & Developer CDN Platforms|Fading|FSLY,DOCN
2026-06-18|Inflammatory Disease & Immunology Biologics|Mainstream|ORKA,SYRE
2026-06-18|Network Security & Zero-Trust Edge|Mainstream|FTNT,PANW,GRRR,CRWD,OKTA
2026-06-18|Power Semiconductor & Mixed-Signal Display Drivers|Mainstream|NVTS,HIMX,AOSL,VSH
2026-06-18|Pure-Play Hydraulic Fracturing & Completion Services|Retired|
2026-06-18|Rare Earth Magnets & Critical Battery Materials|Mainstream|CSTM,ALOY
2026-06-18|Semiconductor Probe Card & Front-End Test Equipment|Mainstream|TER,COHU
2026-06-18|Semiconductor Wafer Foundry & Advanced IC Manufacturing|Mainstream|ACMR,AEHR,PDFS,UMC,VECO,KLAC,GFS,UCTT,FORM,ICHR,TSEM,AMAT
2026-06-18|Silicon Carbide Power Semiconductors & EV Infrastructure|Mainstream|WOLF,STM
2026-06-22|AI Datacenter Optical Transceivers & Components|Fading|AAOI,LITE,COHR
2026-06-22|AI Data Center Power Infrastructure|Accelerating|BE,AGX,PWR,VRT,FCEL
2026-06-22|AI Memory & Storage|Mainstream|MU,STX,MRAM,SNDK,SIMO,WDC,QMCO
2026-06-22|Crude & Product Tanker Shipping|Nascent|DHT,ECO,STNG,TNK,TRMD,NAT
2026-06-22|Crypto Asset Recovery|Mainstream|WULF,RIOT,HUT
2026-06-22|Custom AI Silicon & Chip Architecture Licensing|Mainstream|ALAB,QUIK,INTC,MRVL,AMD,CRDO,CEVA,AIP,ARM
2026-06-22|Edge Cloud & Developer CDN Platforms|Fading|FSLY,DOCN
2026-06-22|European Bank Stocks|Nascent|BBVA,BCS,ING,LYG,NWG,SAN
2026-06-22|Inflammatory Disease & Immunology Biologics|Nascent|ORKA,SYRE,APGE
2026-06-22|Network Security & Zero-Trust Edge|Mainstream|GRRR,PANW,CRWD,OKTA,FTNT
2026-06-22|Power Semiconductor & Mixed-Signal Display Drivers|Fading|NVTS,HIMX,AOSL
2026-06-22|Rare Earth Magnets & Critical Battery Materials|Mainstream|CSTM,ALOY
2026-06-22|Semiconductor Probe Card & Front-End Test Equipment|Mainstream|TER,COHU
2026-06-22|Semiconductor Wafer Foundry & Advanced IC Manufacturing|Nascent|PDFS,UMC,UCTT,VECO,KLAC,AMAT,ACMR,FORM,ICHR,TSEM,AEHR,GFS,LRCX
2026-06-22|Silicon Carbide Power Semiconductors & EV Infrastructure|Accelerating|WOLF,STM
2026-06-23|AI Datacenter Optical Transceivers & Components|Fading|AAOI,LITE,COHR
2026-06-23|AI Data Center Power Infrastructure|Accelerating|BE,FCEL,AGX,VRT,PWR
2026-06-23|AI Memory & Storage|Mainstream|QMCO,WDC,MU,SIMO,STX,MRAM,SNDK
2026-06-23|Crude & Product Tanker Shipping|Nascent|TRMD,TNK,NAT,STNG,DHT
2026-06-23|Crypto Asset Recovery|Mainstream|HUT,WULF,RIOT
2026-06-23|Custom AI Silicon & Chip Architecture Licensing|Mainstream|CEVA,ALAB,INTC,QUIK,CRDO,AIP,ARM,MRVL,AMD
2026-06-23|Edge CDN & Cloud-Native Developer Platforms|Fading|FSLY,DOCN
2026-06-23|European Bank Stocks|Nascent|ING,BCS,SAN,BBVA,LYG,NWG
2026-06-23|Inflammatory Disease & Immunology Biologics|Nascent|APGE,ORKA,SYRE
2026-06-23|Network Security & Zero-Trust Edge|Fading|PANW,OKTA,FTNT,CRWD,GRRR
2026-06-23|Power Semiconductor & Mixed-Signal Display Drivers|Fading|AOSL,NVTS,HIMX
2026-06-23|Rare Earth Magnets & Critical Battery Materials|Mainstream|CSTM,ALOY
2026-06-23|Semiconductor Probe Card & Front-End Test Equipment|Mainstream|COHU,TER
2026-06-23|Semiconductor Wafer Foundry & Advanced IC Manufacturing|Nascent|AMAT,ACMR,TSEM,GFS,UCTT,KLAC,UMC,AEHR,LRCX,VECO,ICHR,PDFS,FORM
2026-06-23|Silicon Carbide Power Semiconductors & EV Infrastructure|Fading|WOLF,STM
2026-06-24|AI Datacenter Optical Transceivers & Components|Fading|AAOI,LITE,COHR
2026-06-24|AI Data Center Power Infrastructure|Accelerating|AGX,VRT,PWR,FCEL,BE
2026-06-24|AI Memory & Storage|Mainstream|MRAM,SIMO,STX,SNDK,WDC,QMCO,MU
2026-06-24|Crude & Product Tanker Shipping|Nascent|NAT,DHT,TNK,TRMD,STNG
2026-06-24|Crypto Asset Recovery|Mainstream|HUT,RIOT,WULF
2026-06-24|Custom AI Silicon & Chip Architecture Licensing|Mainstream|INTC,AIP,ARM,CRDO,QUIK,AMD,MRVL,ALAB,CEVA
2026-06-24|Edge CDN & Cloud-Native Developer Platforms|Retired|
2026-06-24|Edge Cloud & Developer CDN Platforms|Fading|DOCN,FSLY
2026-06-24|European Bank Stocks|Accelerating|ING,LYG,SAN,NWG,BBVA,BCS
2026-06-24|Inflammatory Disease & Immunology Biologics|Nascent|ORKA,SYRE,APGE
2026-06-24|Network Security & Zero-Trust Edge|Fading|OKTA,FTNT,GRRR,CRWD,PANW
2026-06-24|Power Semiconductor & Mixed-Signal Display Drivers|Fading|AOSL,NVTS,HIMX
2026-06-24|Rare Earth Magnets & Critical Battery Materials|Fading|CSTM,ALOY
2026-06-24|Semiconductor Probe Card & Front-End Test Equipment|Mainstream|TER,COHU
2026-06-24|Semiconductor Wafer Foundry & Advanced IC Manufacturing|Nascent|GFS,UCTT,VECO,LRCX,TSEM,UMC,AEHR,PDFS,ICHR,KLAC,FORM,AMAT,ACMR
2026-06-24|Silicon Carbide Power Semiconductors & EV Infrastructure|Fading|WOLF,STM
2026-06-25|AI Datacenter Optical Transceivers & Components|Fading|AAOI,LITE,COHR
2026-06-25|AI Data Center Power Infrastructure|Accelerating|AGX,VRT,PWR,BE,FCEL
2026-06-25|AI Memory & Storage|Mainstream|STX,SIMO,QMCO,SNDK,MRAM,WDC,MU
2026-06-25|Casual Dining Restaurant Turnaround|Nascent|EAT,CBRL
2026-06-25|Crude & Product Tanker Shipping|Nascent|DHT,TRMD,NAT,STNG,TNK
2026-06-25|Crypto Asset Recovery|Mainstream|WULF,RIOT,HUT
2026-06-25|Custom AI Silicon & Chip Architecture Licensing|Mainstream|ARM,QUIK,AMD,INTC,MRVL,ALAB,CRDO,CEVA,AIP
2026-06-25|Edge CDN & Cloud-Native Developer Platforms|Fading|DOCN,FSLY
2026-06-25|European Bank Stocks|Accelerating|LYG,NWG,SAN,BBVA,BCS,ING
2026-06-25|Inflammatory Disease & Immunology Biologics|Nascent|ORKA,APGE,SYRE
2026-06-25|Network Security & Zero-Trust Edge|Fading|OKTA,CRWD,GRRR,FTNT,PANW
2026-06-25|Peptide & Hormone Therapies for Metabolic & Endocrine Disorders|Nascent|MBX,VKTX,ASND,XERS
2026-06-25|Power Semiconductor & Mixed-Signal Display Drivers|Fading|AOSL,NVTS,HIMX
2026-06-25|Quantum Computing & Quantum-Safe Networking|Nascent|QNT,ARQQ
2026-06-25|Rare Earth Magnets & Critical Battery Materials|Fading|CSTM,ALOY
2026-06-25|Semiconductor Probe Card & Front-End Test Equipment|Mainstream|TER,COHU
2026-06-25|Semiconductor Wafer Foundry & Advanced IC Manufacturing|Nascent|LRCX,UCTT,UMC,GFS,PDFS,ICHR,ACMR,AEHR,KLAC,AMAT,TSEM,FORM,VECO,KLIC,MKSI
2026-06-25|Senior Living & Housing Operators|Nascent|BKD,JAN
2026-06-25|Silicon Carbide Power Semiconductors & EV Infrastructure|Fading|WOLF,STM
2026-06-25|U.S. Passenger Airlines|Nascent|DAL,UAL,ALK,LUV,ALGT,SKYW
2026-06-26|AI Cloud GPU & Datacenter Colocation Platforms|Nascent|WYFI,SHAZ
2026-06-26|AI Datacenter Optical Transceivers & Components|Fading|AAOI,LITE,COHR
2026-06-26|AI Data Center Power Infrastructure|Accelerating|FCEL,BE,VRT,PWR,AGX
2026-06-26|AI Memory & Storage|Mainstream|MRAM,SNDK,QMCO,WDC,SIMO,STX,MU
2026-06-26|Casual Dining Restaurant Turnaround|Nascent|EAT,CBRL
2026-06-26|Commercial Real Estate Brokerage & Advisory Services|Nascent|CBRE,CWK,JLL,NMRK
2026-06-26|Construction Aggregates & Building Materials|Nascent|CRH,MLM,VMC
2026-06-26|Crude & Product Tanker Shipping|Fading|NAT,PUMP,LBRT,WTTR,DHT,AESI
2026-06-26|Crypto Asset Recovery|Mainstream|HUT,RIOT,WULF
2026-06-26|Custom AI Silicon & Chip Architecture Licensing|Mainstream|INTC,MRVL,ALAB,CEVA,ARM,AIP,CRDO,QUIK,AMD,MXL
2026-06-26|Edge CDN & Cloud-Native Developer Platforms|Retired|
2026-06-26|Edge Cloud & Developer CDN Platforms|Fading|DOCN,FSLY
2026-06-26|European Bank Stocks|Accelerating|BCS,LYG,BBVA,ING,SAN,NWG
2026-06-26|Golf Equipment & Apparel|Nascent|GOLF,CALY
2026-06-26|Inflammatory Disease & Immunology Biologics|Nascent|ORKA,SYRE,APGE
2026-06-26|Insurance Brokerage & Distribution Services|Nascent|AJG,AON,BRO,WTW
2026-06-26|Life Insurance & Annuity Providers|Nascent|LNC,MET,PFG,PRU,UNM
2026-06-26|Midstream Energy Infrastructure & Pipeline Operators|Nascent|AM,DTM,KMI,WMB,ENB,HESM,OKE,PBA,SOBO,TRGP,TRP
2026-06-26|Multifamily Apartment REITs|Nascent|CPT,IRT,MAA,UDR
2026-06-26|Network Security & Zero-Trust Edge|Fading|CRWD,PANW,FTNT,OKTA,GRRR,BB
2026-06-26|Peptide & Hormone Therapies for Metabolic & Endocrine Disorders|Nascent|ASND,XERS,VKTX,MBX,CORT
2026-06-26|Power Semiconductor & Mixed-Signal Display Drivers|Fading|AOSL,NVTS,HIMX
2026-06-26|Private Mortgage Insurance|Nascent|ESNT,MTG,NMIH,RDN
2026-06-26|Property & Casualty Insurance Underwriters|Nascent|ACGL,AFG,ALL,AXS,CB,CINF,HCI,HIG,ORI,PGR,THG,TRV,WRB,SKWD
2026-06-26|Quantum Computing & Quantum-Safe Networking|Nascent|QNT,ARQQ
2026-06-26|Rare Earth Magnets & Critical Battery Materials|Fading|CSTM,ALOY
2026-06-26|Semiconductor Probe Card & Front-End Test Equipment|Mainstream|TER,COHU
2026-06-26|Semiconductor Wafer Foundry & Advanced IC Manufacturing|Nascent|KLIC,AMAT,UMC,TSEM,PDFS,AEHR,MKSI,VECO,ICHR,GFS,UCTT,KLAC,ACMR,LRCX,FORM
2026-06-26|Senior Living & Housing Operators|Nascent|BKD,JAN
2026-06-26|Silicon Carbide Power Semiconductors & EV Infrastructure|Fading|WOLF,STM
2026-06-26|U.S. Passenger Airlines|Nascent|DAL,LUV,ALK,ALGT,UAL,SKYW
2026-06-28|Clinical-Stage Autoimmune & Inflammatory Disease Biologics|Nascent|VERA,VOR,ZBIO,ANAB,KNSA,AVTX
2026-06-28|Coal Mining & Export (Metallurgical & Thermal)|Nascent|AMR,BTU,HCC
2026-06-28|Defense Drones & Unmanned Aerial Systems|Nascent|AVAV,KTOS,ONDS,RCAT,UMAC
2026-06-28|Large Defense Contractors & Aerospace Primes|Nascent|GD,LHX,LMT,NOC,RTX
2026-06-28|Medical Devices & Surgical Equipment|Nascent|ATEC,BDX,STE,SYK
2026-06-28|Nucleic Acid Therapeutics & Gene Synthesis Platforms|Nascent|MRNA,RGNX,TWST
2026-06-28|Protein Degradation & Targeted Molecular Therapeutics Re-rating|Nascent|KYMR,GLUE,GENB,IDYA
2026-06-28|Rare & Orphan Disease Specialty Pharma|Nascent|LQDA,TVTX,SION,RYTM
2026-06-29|AI Cloud GPU & Datacenter Colocation Platforms|Nascent|WYFI,SHAZ
2026-06-29|AI Datacenter Optical Transceivers & Components|Retired|
2026-06-29|AI Data Center Power Infrastructure|Mainstream|FCEL,AGX,PWR,VRT,BE
2026-06-29|AI Interconnect & Semiconductor Connectivity|Nascent|ALAB,CRDO
2026-06-29|AI Memory & Storage|Nascent|STX,MU,QMCO,WDC,SNDK,SIMO,MRAM
2026-06-29|Automotive Electronics & Sensor Components|Nascent|MEI,ALGM
2026-06-29|Casual Dining Restaurant Turnaround|Nascent|CBRL,EAT
2026-06-29|Clinical-Stage Autoimmune & Inflammatory Disease Biologics|Retired|
2026-06-29|Coal Mining & Export (Metallurgical & Thermal)|Fading|AMR,HCC
2026-06-29|Commercial Real Estate Brokerage & Advisory Services|Fading|CWK,JLL,NMRK
2026-06-29|Construction Aggregates & Building Materials|Fading|CRH,MLM,VMC
2026-06-29|Crude & Product Tanker Shipping|Fading|NAT,DHT
2026-06-29|Crypto Asset Recovery|Mainstream|RIOT,WULF,HUT
2026-06-29|Custom AI Silicon & Chip Architecture Licensing|Mainstream|CEVA,ALAB,QUIK,INTC,AMD,MRVL,CRDO,MXL,ARM,AIP
2026-06-29|Defense Drones & Unmanned Aerial Systems|Fading|RCAT,UMAC
2026-06-29|Edge CDN & Cloud-Native Developer Platforms|Fading|DOCN,FSLY
2026-06-29|European Bank Stocks|Accelerating|SAN,ING,BBVA,NWG,LYG,BCS
2026-06-29|Golf Equipment & Apparel|Nascent|GOLF,CALY
2026-06-29|Inflammatory Disease & Immunology Biologics|Mainstream|ORKA,SYRE,APGE
2026-06-29|Insurance Brokerage & Distribution Services|Fading|AJG,AON,BRO
2026-06-29|Large Defense Contractors & Aerospace Primes|Fading|GD,RTX
2026-06-29|Life Insurance & Annuity Providers|Nascent|PRU,LNC,PFG,MET,UNM
2026-06-29|Medical Devices & Surgical Equipment|Fading|ATEC,SYK
2026-06-29|Midstream Energy Infrastructure & Pipeline Operators|Nascent|TRGP,KMI,DTM,TRP,OKE,HESM,AM,WMB,PBA,ENB
2026-06-29|Multifamily Apartment REITs|Nascent|MAA,IRT,UDR,CPT
2026-06-29|Network Security & Zero-Trust Edge|Accelerating|GRRR,OKTA,CRWD,BB,PANW,FTNT
2026-06-29|Nucleic Acid Therapeutics & Gene Synthesis Platforms|Retired|
2026-06-29|Peptide & Hormone Therapies for Metabolic & Endocrine Disorders|Nascent|ASND,XERS,MBX,VKTX,CORT
2026-06-29|Power Semiconductor & Mixed-Signal Display Drivers|Retired|
2026-06-29|Private Mortgage Insurance|Nascent|RDN,ESNT,MTG,NMIH
2026-06-29|Property & Casualty Insurance Underwriters|Nascent|AXS,CB,ORI,THG,HIG,WRB,ALL,TRV,HCI,ACGL,AFG,PGR,SKWD,CINF
2026-06-29|Protein Degradation & Targeted Molecular Therapeutics Re-rating|Retired|
2026-06-29|Quantum Computing & Quantum-Safe Networking|Nascent|QNT,ARQQ,HQ
2026-06-29|Rare Earth Magnets & Critical Battery Materials|Fading|CSTM,ALOY
2026-06-29|Rare & Orphan Disease Specialty Pharma|Retired|
2026-06-29|Semiconductor Probe Card & Front-End Test Equipment|Mainstream|COHU,TER
2026-06-29|Semiconductor Wafer Foundry & Advanced IC Manufacturing|Mainstream|FORM,UMC,TSEM,GFS,KLAC,ACMR,AMAT,VECO,KLIC,UCTT,AEHR,LRCX,ICHR,PDFS,MKSI
2026-06-29|Senior Living & Housing Operators|Nascent|JAN,BKD
2026-06-29|Silicon Carbide Power Semiconductors & EV Infrastructure|Fading|WOLF,STM
2026-06-29|Specialty Catastrophe Property Insurance Underwriters|Nascent|NP,SLDE
2026-06-29|U.S. Passenger Airlines|Accelerating|SKYW,ALK,DAL,LUV,UAL,ALGT
2026-06-30|AI Cloud GPU & Datacenter Colocation Platforms|Nascent|WYFI,SHAZ,BRUN,PENG
2026-06-30|AI Data Center Power Infrastructure|Mainstream|VRT,BE,PWR,AGX,FCEL
2026-06-30|AI Interconnect & Semiconductor Connectivity|Retired|
2026-06-30|AI Memory & Storage|Nascent|MRAM,QMCO,SNDK,WDC,MU,SIMO,STX
2026-06-30|Autoimmune & Inflammatory Disease Biopharmaceuticals|Nascent|VERA,VOR,ALMS,ABVX,CLDX,TRAX
2026-06-30|Automotive Electronics & Sensor Components|Nascent|ALGM,MEI,OUST,AEVA
2026-06-30|Casual Dining Restaurant Turnaround|Nascent|CBRL,EAT
2026-06-30|Clinical-Stage Oncology Therapeutics|Nascent|ELVN,CGON,SNDX
2026-06-30|Coal Mining & Export (Metallurgical & Thermal)|Fading|AMR,HCC
2026-06-30|Commercial Real Estate Brokerage & Advisory Services|Fading|JLL,NMRK
2026-06-30|Construction Aggregates & Building Materials|Fading|CRH,VMC
2026-06-30|Crude & Product Tanker Shipping|Fading|NAT,DHT
2026-06-30|Crypto Asset Recovery|Fading|WULF,RIOT,HUT
2026-06-30|Custom AI Silicon & Chip Architecture Licensing|Mainstream|QUIK,CRDO,MXL,ALAB,AIP,MRVL,CEVA,AMD,INTC,ARM
2026-06-30|Defense Drones & Unmanned Aerial Systems|Fading|RCAT,UMAC
2026-06-30|Domestic Steel Producers|Nascent|CMC,NUE,RS,STLD
2026-06-30|Edge CDN & Cloud-Native Developer Platforms|Retired|
2026-06-30|Edge Cloud & Developer CDN Platforms|Fading|DOCN,FSLY
2026-06-30|European Bank Stocks|Mainstream|SAN,NWG,BCS,LYG,BBVA,ING
2026-06-30|Genomic Medicine & Synthetic DNA Tools|Nascent|MRNA,TWST
2026-06-30|Golf Equipment & Apparel|Nascent|GOLF,CALY
2026-06-30|Industrial Power Equipment & Electrical Systems|Nascent|ETN,GNRC,HUBB,RRX
2026-06-30|Inflammatory Disease & Immunology Biologics|Mainstream|ORKA,SYRE
2026-06-30|Insurance Brokerage & Distribution Services|Fading|AJG,AON,BRO
2026-06-30|Insurance Brokerage & Risk Advisory|Nascent|BWIN,MRSH,WTW
2026-06-30|In Vivo Gene Therapy & Genome Editing|Nascent|RGNX,NTLA
2026-06-30|Large Defense Contractors & Aerospace Primes|Fading|GD,RTX
2026-06-30|Life Insurance & Annuity Providers|Accelerating|PRU,LNC,MET,PFG,UNM
2026-06-30|Medical Devices & Surgical Equipment|Fading|ATEC,SYK
2026-06-30|Midstream Energy Infrastructure & Pipeline Operators|Accelerating|AM,PUMP,PBA,AESI,OKE,DTM,TRGP,WMB,WTTR,LBRT,ENB,KMI,TRP
2026-06-30|Multifamily Apartment REITs|Fading|MAA,IRT,UDR,CPT
2026-06-30|Network Security & Zero-Trust Edge|Accelerating|GRRR,OKTA,CRWD,BB,FTNT,PANW,TENB
2026-06-30|Peptide & Hormone Therapies for Metabolic & Endocrine Disorders|Nascent|ASND,MBX,XERS,VKTX,CORT
2026-06-30|Precious Metals Miners (Gold & Silver)|Nascent|AEM,AG,AU,CDE,EGO,EXK,FNV,FSM,HL,HMY,IAG,KGC,MUX,NEM,NG,OR,PAAS,RGLD,SA,SSRM,WPM
2026-06-30|Precision Aerospace & Defense Component Manufacturers|Nascent|AADX,ELMT
2026-06-30|Precision Optics & Photonic Components|Nascent|OPTX,LPTH,LASR
2026-06-30|Private Mortgage Insurance|Accelerating|RDN,MTG,ESNT,NMIH
2026-06-30|Property & Casualty Insurance Underwriters|Nascent|PGR,CINF,WRB,AFG,HCI,ORI,SKWD,AXS,ACGL,CB,ALL,HIG,THG,TRV
2026-06-30|Quantum Computing Hardware & Annealing Systems|Nascent|QBTS,RGTI,INFQ
2026-06-30|Quantum Computing & Quantum-Safe Networking|Nascent|ARQQ,HQ,QNT
2026-06-30|Rare Earth Magnets & Critical Battery Materials|Fading|CSTM,ALOY
2026-06-30|Rare & Orphan Disease Biotech Re-Rating|Nascent|RARE,MIRM,RGNX,AGIO,AMLX
2026-06-30|Satellite Communications & Space Data Services|Nascent|VSAT,MDA,SPIR,PL,ASTS
2026-06-30|Semiconductor Probe Card & Front-End Test Equipment|Mainstream|TER,COHU
2026-06-30|Semiconductor Wafer Foundry & Advanced IC Manufacturing|Mainstream|AMAT,LRCX,VECO,UMC,KLAC,ACMR,AEHR,MKSI,ICHR,KLIC,PDFS,TSEM,FORM,GFS,UCTT
2026-06-30|Senior Living & Housing Operators|Nascent|BKD,JAN
2026-06-30|Silicon Carbide Power Semiconductors & EV Infrastructure|Retired|
2026-06-30|Specialty Catastrophe Property Insurance Underwriters|Nascent|NP,SLDE
2026-06-30|Targeted Protein Degradation Oncology|Nascent|KYMR,GLUE
2026-06-30|Truckload & LTL Freight Carriers|Nascent|ARCB,KNX,LSTR,SNDR,TFII,WERN,XPO
2026-06-30|U.S. Passenger Airlines|Accelerating|UAL,ALGT,ALK,SKYW,DAL,LUV
2026-07-01|AI Cloud GPU & Datacenter Colocation Platforms|Nascent|PENG,WYFI,BRUN,SHAZ
2026-07-01|AI Data Center Power Infrastructure|Mainstream|PWR,FCEL,BE,VRT,AGX
2026-07-01|AI Memory & Storage|Mainstream|MU,WDC,STX,MRAM,QMCO,SIMO,SNDK
2026-07-01|Autoimmune & Inflammatory Disease Biopharmaceuticals|Retired|
2026-07-01|Automotive Electronics & Sensor Components|Nascent|ALGM,MEI,AEVA,OUST
2026-07-01|Casual Dining Restaurant Turnaround|Nascent|EAT,CBRL
2026-07-01|Clinical-Stage Autoimmune & Inflammatory Disease Therapeutics|Nascent|VOR,VERA,ALMS,CLDX,ABVX
2026-07-01|Clinical-Stage Oncology Therapeutics|Retired|
2026-07-01|Coal Mining & Export (Metallurgical & Thermal)|Fading|AMR,HCC
2026-07-01|Commercial Real Estate Brokerage & Advisory Services|Fading|JLL,NMRK
2026-07-01|Construction Aggregates & Building Materials|Fading|CRH,VMC
2026-07-01|Consumer Fintech & Digital Credit Platforms|Nascent|DAVE,SEZL
2026-07-01|Crude & Product Tanker Shipping|Retired|
2026-07-01|Crypto Asset Recovery|Fading|WULF,HUT,RIOT
2026-07-01|Custom AI Silicon & Chip Architecture Licensing|Mainstream|AIP,ALAB,CEVA,CRDO,MXL,MRVL,QUIK,AMD,INTC,ARM
2026-07-01|Defense Drones & Unmanned Aerial Systems|Fading|RCAT,UMAC
2026-07-01|Domestic Steel Producers|Fading|NUE,STLD
2026-07-01|Edge Cloud & Developer CDN Platforms|Fading|DOCN,FSLY
2026-07-01|European Bank Stocks|Mainstream|LYG,BCS,SAN,BBVA,ING,NWG
2026-07-01|Genomic Medicine & Synthetic DNA Tools|Nascent|TWST,MRNA
2026-07-01|Golf Equipment & Apparel|Nascent|GOLF,CALY
2026-07-01|Industrial Power Equipment & Electrical Systems|Nascent|ETN,GNRC,HUBB,RRX
2026-07-01|Inflammatory Disease & Immunology Biologics|Mainstream|ORKA,SYRE
2026-07-01|Insurance Brokerage & Distribution Services|Fading|AJG,AON,BRO
2026-07-01|Insurance Brokerage & Risk Advisory|Fading|BWIN,MRSH
2026-07-01|In Vivo Gene Therapy & Genome Editing|Nascent|RGNX,NTLA
2026-07-01|Large Defense Contractors & Aerospace Primes|Retired|
2026-07-01|Life Insurance & Annuity Providers|Accelerating|PFG,UNM,LNC,MET,PRU
2026-07-01|Liquid Biopsy & Multi-Cancer Early Detection|Nascent|GH,GRAL
2026-07-01|Medical Devices & Surgical Equipment|Fading|ATEC,SYK
2026-07-01|Midstream Energy Infrastructure & Pipeline Operators|Fading|DTM,WMB,AM,DHT,PBA,TRP,TRGP,KMI,NAT
2026-07-01|Multifamily Apartment REITs|Fading|MAA,IRT,UDR,CPT
2026-07-01|Network Security & Zero-Trust Edge|Accelerating|GRRR,FTNT,BB,TENB,OKTA,PANW,CRWD
2026-07-01|Peptide & Hormone Therapies for Metabolic & Endocrine Disorders|Nascent|XERS,CORT,ASND,MBX,VKTX
2026-07-01|Precious Metals Miners (Gold & Silver)|Fading|EGO,EXK,SSRM
2026-07-01|Precision Aerospace & Defense Component Manufacturers|Fading|AADX,ELMT
2026-07-01|Precision Optics & Photonic Components|Nascent|OPTX,LPTH,LASR
2026-07-01|Private Mortgage Insurance|Accelerating|NMIH,MTG,ESNT,RDN
2026-07-01|Property & Casualty Insurance Underwriters|Nascent|WRB,CINF,PGR,ALL,ACGL,ORI,CB,AFG,TRV,SKWD,AXS,HCI,THG,HIG
2026-07-01|Quantum Computing Hardware & Annealing Systems|Fading|QBTS,RGTI,INFQ
2026-07-01|Quantum Computing & Quantum-Safe Networking|Nascent|QNT,ARQQ
2026-07-01|Rare Earth Magnets & Critical Battery Materials|Retired|
2026-07-01|Rare & Orphan Disease Biotech Re-Rating|Retired|
2026-07-01|Satellite Communications & Space Data Services|Nascent|VSAT,PL,ASTS,RTX,SPIR,MDA,GD
2026-07-01|Semiconductor Probe Card & Front-End Test Equipment|Mainstream|COHU,TER
2026-07-01|Semiconductor Wafer Foundry & Advanced IC Manufacturing|Mainstream|MKSI,KLIC,AMAT,VECO,LRCX,TSEM,KLAC,ACMR,AEHR,PDFS,UCTT,ICHR,GFS,UMC,FORM
2026-07-01|Senior Living & Housing Operators|Fading|BKD,JAN
2026-07-01|Specialty Catastrophe Property Insurance Underwriters|Nascent|NP,SLDE
2026-07-01|Targeted Protein Degradation Oncology|Nascent|KYMR,GLUE
2026-07-01|Truckload & LTL Freight Carriers|Nascent|SNDR,KNX,WERN,TFII,LSTR,ARCB
2026-07-01|U.S. Passenger Airlines|Accelerating|DAL,ALGT,SKYW,LUV,ALK,UAL
2026-07-01|U.S. Petroleum Refining & Downstream Processing|Nascent|DINO,DK,MPC,PBF,PSX,VLO
2026-07-01|U.S. Regional & Mid-Cap Commercial Banks|Nascent|EWBC,WTFC,WAL,BOKF,HBAN,FITB,KEY,RF,CFG,USB,TFC,PNC,MTB,ZION,FHN,GBCI,HWC,UMBF,SSB,WSFS
2026-07-02|AI Cloud GPU & Datacenter Colocation Platforms|Nascent|PENG,WYFI,BRUN,SHAZ
2026-07-02|AI Data Center Power Infrastructure|Mainstream|PWR,BE,VRT,AGX,FCEL
2026-07-02|AI Memory & Storage|Fading|MU,WDC,STX,MRAM,QMCO,SIMO,SNDK
2026-07-02|Autoimmune & Inflammatory Disease Biopharmaceuticals|Nascent|VERA,VOR,ALMS,ABVX,CLDX,TRAX
2026-07-02|Automotive Electronics & Sensor Components|Nascent|ALGM,MEI,AEVA,OUST
2026-07-02|B2B Digital Financial Infrastructure & Payment Rails Modernization|Nascent|ALKT,WSE,CXT,PAY
2026-07-02|Casual Dining Restaurant Turnaround|Mainstream|CBRL,EAT
2026-07-02|Clinical-Stage Autoimmune & Inflammatory Disease Therapeutics|Retired|
2026-07-02|Clinical-Stage Oncology Therapeutics|Nascent|ELVN,CGON,SNDX
2026-07-02|Coal Mining & Export (Metallurgical & Thermal)|Fading|AMR,HCC
2026-07-02|Commercial Real Estate Brokerage & Advisory Services|Fading|JLL,NMRK
2026-07-02|Construction Aggregates & Building Materials|Fading|CRH,VMC
2026-07-02|Consumer Fintech & Digital Credit Platforms|Nascent|DAVE,SEZL
2026-07-02|Crypto Asset Recovery|Fading|WULF,HUT,RIOT
2026-07-02|Custom AI Silicon & Chip Architecture Licensing|Mainstream|AIP,ALAB,CEVA,CRDO,MXL,MRVL,QUIK,AMD,INTC,ARM
2026-07-02|Defense Drones & Unmanned Aerial Systems|Fading|RCAT,UMAC
2026-07-02|Digital Advertising Technology Platforms|Nascent|APPS,MGNI
2026-07-02|Digital Banking Software Platforms|Nascent|ALKT,QTWO
2026-07-02|Domestic Steel Producers|Fading|NUE,STLD
2026-07-02|Edge Cloud & Developer CDN Platforms|Retired|
2026-07-02|European Bank Stocks|Mainstream|LYG,BCS,SAN,BBVA,ING,NWG
2026-07-02|Genomic Medicine & Synthetic DNA Tools|Nascent|TWST,MRNA
2026-07-02|Golf Equipment & Apparel|Nascent|GOLF,CALY
2026-07-02|Industrial Power Equipment & Electrical Systems|Fading|ETN,GNRC,HUBB,RRX
2026-07-02|Inflammatory Disease & Immunology Biologics|Mainstream|ORKA,SYRE
2026-07-02|Insurance Brokerage & Distribution Services|Fading|AON,BRO,AJG
2026-07-02|Insurance Brokerage & Risk Advisory|Fading|BWIN,MRSH
2026-07-02|In Vivo Gene Therapy & Genome Editing|Nascent|RGNX,NTLA
2026-07-02|Large-Cap U.S. Defense Primes|Nascent|HII,LHX,LMT,NOC
2026-07-02|Life Insurance & Annuity Providers|Accelerating|PFG,UNM,MET,PRU
2026-07-02|Liquid Biopsy & Multi-Cancer Early Detection|Nascent|GH,GRAL
2026-07-02|Medical Devices & Surgical Equipment|Fading|ATEC,SYK
2026-07-02|Midstream Energy Infrastructure & Pipeline Operators|Fading|DTM,WMB,AM,PBA,TRP,TRGP,KMI,NAT
2026-07-02|Multifamily Apartment REITs|Fading|MAA,UDR,IRT,CPT
2026-07-02|Network Security & Zero-Trust Edge|Mainstream|GRRR,CRWD,BB,TENB,OKTA,PANW,FTNT,VRNS,QLYS
2026-07-02|Peptide & Hormone Therapies for Metabolic & Endocrine Disorders|Mainstream|XERS,CORT,ASND,MBX,VKTX
2026-07-02|Precious Metals Miners (Gold & Silver)|Fading|EGO,EXK,SSRM
2026-07-02|Precision Aerospace & Defense Component Manufacturers|Fading|AADX,ELMT
2026-07-02|Precision Optics & Photonic Components|Fading|OPTX,LPTH
2026-07-02|Private Mortgage Insurance|Accelerating|NMIH,MTG,ESNT,RDN
2026-07-02|Property & Casualty Insurance Underwriters|Nascent|WRB,PGR,CINF,ALL,ACGL,ORI,CB,AFG,TRV,SKWD,AXS,HCI,THG,HIG
2026-07-02|Quantum Computing Hardware & Annealing Systems|Fading|QBTS,INFQ
2026-07-02|Quantum Computing & Quantum-Safe Networking|Mainstream|QNT,ARQQ
2026-07-02|Rare & Orphan Disease Biotech Re-Rating|Nascent|RARE,MIRM,RGNX,AGIO,AMLX
2026-07-02|Satellite Communications & Space Data Services|Nascent|GD,VSAT,PL,ASTS,RTX,SPIR,MDA
2026-07-02|Semiconductor Probe Card & Front-End Test Equipment|Fading|COHU,TER
2026-07-02|Semiconductor Wafer Foundry & Advanced IC Manufacturing|Mainstream|MKSI,KLIC,AMAT,VECO,LRCX,TSEM,KLAC,ACMR,PDFS,UCTT,ICHR,GFS,UMC,FORM
2026-07-02|Senior Living & Housing Operators|Mainstream|BKD,JAN
2026-07-02|Specialty Catastrophe Property Insurance Underwriters|Nascent|NP,SLDE
2026-07-02|Specialty Insurance Underwriting & Brokerage|Nascent|PLMR,KNSL,RYAN,WTW
2026-07-02|Targeted Protein Degradation Oncology|Nascent|KYMR,GLUE
2026-07-02|Truckload & LTL Freight Carriers|Fading|SNDR,KNX,WERN,TFII,LSTR,ARCB
2026-07-02|U.S. Passenger Airlines|Accelerating|DAL,ALGT,SKYW,LUV,ALK,UAL
2026-07-02|U.S. Petroleum Refining & Downstream Processing|Nascent|MPC,DK,PBF,DINO,PSX,VLO
2026-07-02|U.S. Regional & Mid-Cap Commercial Banks|Nascent|FITB,HBAN,WAL,TFC,MTB,WTFC,ZION,KEY,GBCI,USB,PNC,SSB,CFG,UMBF,WSFS,EWBC,RF,HWC,BOKF,FHN
2026-07-06|AI Cloud GPU & Datacenter Colocation Platforms|Nascent|WYFI,PENG,SHAZ
2026-07-06|AI Data Center Power Infrastructure|Mainstream|BE,VRT,PWR,FCEL,AGX
2026-07-06|AI Memory & Storage|Fading|STX,WDC,MU,MRAM,SIMO,SNDK,QMCO
2026-07-06|Alternative Asset Management Platforms|Nascent|BAM,BN,CG,KKR,TPG
2026-07-06|Autoimmune & Inflammatory Disease Biopharmaceuticals|Retired|
2026-07-06|Automotive Electronics & Sensor Components|Nascent|MEI,OUST,AEVA,ALGM
2026-07-06|B2B Digital Financial Infrastructure & Payment Rails Modernization|Nascent|ALKT,WSE,PAY,QTWO
2026-07-06|Casual Dining Restaurant Turnaround|Mainstream|CBRL,EAT
2026-07-06|Clinical-Stage Oncology Therapeutics|Retired|
2026-07-06|Coal Mining & Export (Metallurgical & Thermal)|Fading|AMR,HCC
2026-07-06|Coastal & Suburban Residential Rental REITs|Nascent|AVB,EQR,ESS,AMH,INVH
2026-07-06|Commercial Real Estate Brokerage & Advisory Services|Fading|JLL,NMRK
2026-07-06|Construction Aggregates & Building Materials|Fading|CRH,VMC
2026-07-06|Consumer Fintech & Digital Credit Platforms|Nascent|DAVE,SEZL
2026-07-06|Crypto Asset Recovery|Fading|WULF,HUT,RIOT
2026-07-06|Custom AI Silicon & Chip Architecture Licensing|Mainstream|CEVA,ALAB,QUIK,ARM,MXL,MRVL,AIP,CRDO
2026-07-06|Defense Drones & Unmanned Aerial Systems|Fading|RCAT,UMAC
2026-07-06|Digital Advertising Technology Platforms|Nascent|MGNI,APPS
2026-07-06|Digital Banking Software Platforms|Retired|
2026-07-06|Digital Insurance Distribution & Marketplace Platforms|Nascent|GSHD,PRCH
2026-07-06|Domestic Steel Producers|Fading|NUE,STLD
2026-07-06|European Bank Stocks|Mainstream|SAN,ING,BBVA,NWG,LYG,BCS
2026-07-06|Franchise Auto Dealership Groups|Nascent|ABG,AN,PAG,SAH
2026-07-06|Genomic Medicine & Synthetic DNA Tools|Nascent|MRNA,TWST
2026-07-06|Golf Equipment & Apparel|Nascent|GOLF,CALY
2026-07-06|Government-Funded Senior & Post-Acute Care Re-Rating|Nascent|ALHC,AVAH
2026-07-06|Industrial & Logistics REITs|Nascent|EGP,FR,PLD,REXR,STAG,TRNO
2026-07-06|Industrial Power Equipment & Electrical Systems|Fading|ETN,GNRC,RRX
2026-07-06|Inflammatory Disease & Immunology Biologics|Mainstream|ORKA,SYRE
2026-07-06|Insurance Brokerage & Distribution Services|Accelerating|AON,AJG,BRO
2026-07-06|Insurance Brokerage & Risk Advisory|Fading|BWIN,MRSH
2026-07-06|In Vivo Gene Therapy & Genome Editing|Retired|
2026-07-06|Large-Cap U.S. Defense Primes|Fading|LMT,NOC
2026-07-06|Life Insurance & Annuity Providers|Accelerating|PFG,PRU,UNM,MET
2026-07-06|Liquid Biopsy & Multi-Cancer Early Detection|Nascent|GRAL,GH
2026-07-06|Medical Devices & Surgical Equipment|Fading|ATEC,SYK
2026-07-06|Midstream Energy Infrastructure & Pipeline Operators|Fading|DTM,AM,TRGP
2026-07-06|Multifamily Apartment REITs|Accelerating|UDR,CPT,IRT,MAA
2026-07-06|Network Security & Zero-Trust Edge|Mainstream|GRRR,TENB,BB,VRNS,QLYS,PANW,CRWD,FTNT,OKTA,RPD,RBRK
2026-07-06|Office REIT Recovery & Re-Rating|Nascent|CDP,HIW,SLG
2026-07-06|Oilfield Pressure Pumping & Completion Services|Nascent|AESI,AROC,KGS,LBRT,PUMP
2026-07-06|Open-Air & Strip Mall Retail REITs|Nascent|BRX,FRT,KIM,KRG,PECO,REG,SKT,UE
2026-07-06|Peptide & Hormone Therapies for Metabolic & Endocrine Disorders|Mainstream|ASND,VKTX,XERS,MBX,CORT
2026-07-06|Precious Metals Miners (Gold & Silver)|Fading|EGO,SSRM
2026-07-06|Precision Aerospace & Defense Component Manufacturers|Fading|AADX,ELMT
2026-07-06|Precision Optics & Photonic Components|Fading|OPTX,LPTH
2026-07-06|Private Mortgage Insurance|Accelerating|ESNT,NMIH,RDN,MTG
2026-07-06|Property & Casualty Insurance Underwriters|Nascent|HCI,TRV,ALL,ORI,CINF,WRB,CB,ACGL,AXS,AFG,HIG,PGR,THG,SKWD,LMND
2026-07-06|Quantum Computing Hardware & Annealing Systems|Fading|QBTS,INFQ
2026-07-06|Quantum Computing & Quantum-Safe Networking|Mainstream|ARQQ,QNT
2026-07-06|Rare & Orphan Disease Biotech|Nascent|RARE,RGNX,RYTM,MIRM,SRRK
2026-07-06|Rare & Orphan Disease Biotech Re-Rating|Retired|
2026-07-06|Satellite Communications & Space Data Services|Nascent|MDA,SPIR,VSAT,ASTS,PL
2026-07-06|Self-Storage REITs|Nascent|PSA,EXR,CUBE,NSA
2026-07-06|Semiconductor Probe Card & Front-End Test Equipment|Fading|COHU,TER
2026-07-06|Semiconductor Wafer Foundry & Advanced IC Manufacturing|Fading|MKSI,PDFS,ACMR,UMC,KLAC,TSEM,GFS,VECO,AMAT,UCTT,LRCX,ICHR,KLIC
2026-07-06|Senior Living & Housing Operators|Mainstream|BKD,JAN
2026-07-06|Senior & Long-Term Care Healthcare REITs|Nascent|LTC,NHI,OHI,SBRA,VTR
2026-07-06|Specialty Catastrophe Property Insurance Underwriters|Nascent|SLDE,NP
2026-07-06|Specialty Insurance Underwriting & Brokerage|Nascent|WTW,KNSL,RYAN,PLMR
2026-07-06|Targeted Protein Degradation Oncology|Nascent|KYMR,GLUE
2026-07-06|Truckload & LTL Freight Carriers|Fading|WERN,LSTR,TFII,ARCB,SNDR,KNX
2026-07-06|U.S. Passenger Airlines|Accelerating|ALK,UAL,ALGT,DAL,LUV,SKYW
2026-07-06|U.S. Petroleum Refining & Downstream Processing|Nascent|DINO,PBF,DK,PSX,VLO,MPC
2026-07-06|U.S. Regional & Mid-Cap Commercial Banks|Accelerating|RF,BOKF,HBAN,FHN,MTB,FITB,USB,UMBF,WSFS,WAL,KEY,TFC,HWC,SSB,EWBC,ZION,GBCI,CFG,WTFC,PNC
2026-07-07|AI Cloud GPU & Datacenter Colocation Platforms|Nascent|WYFI,PENG,SHAZ
2026-07-07|AI Data Center Power Infrastructure|Fading|BE,VRT,FCEL,AGX
2026-07-07|AI Memory & Storage|Fading|STX,WDC,MU,MRAM,SIMO,SNDK,QMCO
2026-07-07|Alternative Asset Management Platforms|Fading|BN,KKR
2026-07-07|Automotive Electronics & Sensor Components|Nascent|MEI,OUST,AEVA,ALGM
2026-07-07|B2B Digital Financial Infrastructure & Payment Rails Modernization|Nascent|WSE,PAY,QTWO,ALKT
2026-07-07|Casual Dining Restaurant Turnaround|Mainstream|CBRL,EAT
2026-07-07|Coal Mining & Export (Metallurgical & Thermal)|Retired|
2026-07-07|Coastal & Suburban Residential Rental REITs|Nascent|INVH,EQR,AMH,AVB,ESS
2026-07-07|Commercial Real Estate Brokerage & Advisory Services|Retired|
2026-07-07|Construction Aggregates & Building Materials|Retired|
2026-07-07|Consumer Fintech & Digital Credit Platforms|Nascent|DAVE,SEZL
2026-07-07|Crypto Asset Recovery|Fading|HUT,RIOT
2026-07-07|Custom AI Silicon & Chip Architecture Licensing|Mainstream|CEVA,ALAB,QUIK,ARM,MXL,MRVL,AIP,CRDO
2026-07-07|Defense Drones & Unmanned Aerial Systems|Retired|
2026-07-07|Digital Advertising Technology Platforms|Nascent|MGNI,APPS
2026-07-07|Digital Insurance Distribution & Marketplace Platforms|Nascent|GSHD,PRCH
2026-07-07|Domestic Steel Producers|Fading|NUE,STLD
2026-07-07|European Bank Stocks|Mainstream|SAN,ING,BBVA,NWG,LYG,BCS
2026-07-07|Franchise Auto Dealership Groups|Fading|ABG,PAG,SAH
2026-07-07|Genomic Medicine & Synthetic DNA Tools|Nascent|MRNA,TWST
2026-07-07|Golf Equipment & Apparel|Nascent|GOLF,CALY
2026-07-07|Government-Funded Senior & Post-Acute Care Re-Rating|Nascent|AVAH,ALHC
2026-07-07|Industrial & Logistics REITs|Fading|EGP,FR,STAG,TRNO
2026-07-07|Industrial Power Equipment & Electrical Systems|Fading|ETN,RRX
2026-07-07|Inflammatory Disease & Immunology Biologics|Mainstream|ORKA,SYRE
2026-07-07|Insurance Brokerage & Distribution Services|Accelerating|AON,AJG,BRO
2026-07-07|Insurance Brokerage & Risk Advisory|Fading|BWIN,MRSH
2026-07-07|Large-Cap U.S. Defense Primes|Fading|LMT,NOC
2026-07-07|Life Insurance & Annuity Providers|Accelerating|PFG,PRU,UNM,MET
2026-07-07|Liquid Biopsy & Multi-Cancer Early Detection|Nascent|GRAL,GH
2026-07-07|Medical Devices & Surgical Equipment|Retired|
2026-07-07|Midstream Energy Infrastructure & Pipeline Operators|Fading|DTM,AM,TRGP
2026-07-07|Multifamily Apartment REITs|Accelerating|UDR,IRT,CPT,MAA
2026-07-07|Network Security & Zero-Trust Edge|Mainstream|GRRR,RPD,CRWD,FTNT,OKTA,TENB,VRNS,BB,QLYS,PANW,RBRK,CVLT
2026-07-07|Office REIT Recovery & Re-Rating|Nascent|SLG,CDP,HIW
2026-07-07|Oilfield Pressure Pumping & Completion Services|Retired|
2026-07-07|Oncology Targeted Therapy Biotechs|Nascent|TGTX,RVMD,ELVN,SNDX,IMNM
2026-07-07|Open-Air & Strip Mall Retail REITs|Nascent|FRT,KRG,PECO,BRX,SKT,KIM,UE,REG
2026-07-07|Peptide & Hormone Therapies for Metabolic & Endocrine Disorders|Mainstream|ASND,VKTX,XERS,MBX,CORT,PTGX
2026-07-07|Precious Metals Miners (Gold & Silver)|Fading|EGO,SSRM
2026-07-07|Precision Aerospace & Defense Component Manufacturers|Fading|AADX,ELMT
2026-07-07|Precision Optics & Photonic Components|Fading|OPTX,LPTH
2026-07-07|Private Mortgage Insurance|Accelerating|ESNT,NMIH,RDN,MTG
2026-07-07|Property & Casualty Insurance Underwriters|Nascent|HCI,TRV,ALL,ORI,CINF,WRB,CB,ACGL,AXS,AFG,HIG,PGR,LMND,THG,SKWD
2026-07-07|Quantum Computing Hardware & Annealing Systems|Fading|QBTS,INFQ
2026-07-07|Quantum Computing & Quantum-Safe Networking|Mainstream|ARQQ,QNT
2026-07-07|Rare Cardiometabolic & Endocrine Specialty Pharma|Nascent|CRNX,LQDA,MLYS,NAMS
2026-07-07|Rare Disease Small Molecule Precision Therapeutics|Nascent|GPCR,MAZE,VRDN
2026-07-07|Rare & Orphan Disease Biotech|Retired|
2026-07-07|Satellite Communications & Space Data Services|Nascent|MDA,SPIR,PL
2026-07-07|Self-Storage REITs|Fading|PSA,EXR,CUBE,NSA
2026-07-07|Semiconductor Probe Card & Front-End Test Equipment|Fading|COHU,TER
2026-07-07|Semiconductor Wafer Foundry & Advanced IC Manufacturing|Fading|MKSI,PDFS,ACMR,UMC,KLAC,TSEM,GFS,VECO,AMAT,UCTT,LRCX,ICHR,KLIC
2026-07-07|Senior Living & Housing Operators|Mainstream|BKD,JAN
2026-07-07|Senior & Long-Term Care Healthcare REITs|Nascent|SBRA,VTR,OHI,NHI,LTC
2026-07-07|SMB & Workforce Business Services Platforms|Nascent|NSP,FA,LZ
2026-07-07|Specialty Catastrophe Property Insurance Underwriters|Nascent|SLDE,NP
2026-07-07|Specialty Insurance Underwriting & Brokerage|Nascent|WTW,KNSL,RYAN,PLMR
2026-07-07|Targeted Protein Degradation Oncology|Nascent|KYMR,GLUE
2026-07-07|Truckload & LTL Freight Carriers|Fading|WERN,LSTR,TFII,ARCB,SNDR,KNX
2026-07-07|U.S. Passenger Airlines|Accelerating|ALK,UAL,ALGT,DAL,LUV,SKYW
2026-07-07|U.S. Petroleum Refining & Downstream Processing|Nascent|DINO,KGS,PBF,DK,VLO,PSX,MPC,AROC
2026-07-07|U.S. Regional & Mid-Cap Commercial Banks|Accelerating|RF,BOKF,HBAN,FHN,MTB,FITB,USB,UMBF,WSFS,WAL,KEY,TFC,HWC,SSB,EWBC,ZION,GBCI,CFG,WTFC,PNC
2026-07-08|AI Cloud GPU & Datacenter Colocation Platforms|Nascent|WYFI,SHAZ,PENG
2026-07-08|AI Data Center Power Infrastructure|Fading|BE,VRT,FCEL,AGX
2026-07-08|AI Memory & Storage|Fading|SIMO,SNDK,MU,QMCO,WDC,STX
2026-07-08|Alternative Asset Management Platforms|Fading|BN,KKR
2026-07-08|Automotive Electronics & Sensor Components|Fading|ALGM,AEVA,MEI,OUST
2026-07-08|B2B Digital Financial Infrastructure & Payment Rails Modernization|Nascent|QTWO,ALKT,PAY
2026-07-08|Bitcoin Mining & Crypto Infrastructure Operators|Nascent|CIFR,CORZ,HUT,IREN,WULF
2026-07-08|Casual Dining Restaurant Turnaround|Mainstream|CBRL,EAT
2026-07-08|Cloud Observability & AIOps Monitoring Platforms|Nascent|DDOG,DT
2026-07-08|Coastal & Suburban Residential Rental REITs|Accelerating|INVH,ESS,AMH,AVB,EQR
2026-07-08|Commercial Real Estate Brokerage & Advisory Services|Nascent|CBRE,CWK,JLL,NMRK
2026-07-08|Consumer Fintech & Digital Credit Platforms|Nascent|DAVE,SEZL
2026-07-08|Crypto Asset Recovery|Retired|
2026-07-08|Custom AI Silicon & Chip Architecture Licensing|Mainstream|ARM,MRVL,MXL,ALAB,CEVA,QUIK,CRDO
2026-07-08|Digital Advertising Technology Platforms|Nascent|MGNI,APPS
2026-07-08|Digital Insurance Distribution & Marketplace Platforms|Nascent|PRCH,GSHD
2026-07-08|Domestic Steel Producers|Fading|NUE,STLD
2026-07-08|European Bank Stocks|Mainstream|BCS,BBVA,LYG,SAN,NWG,ING
2026-07-08|Franchise Auto Dealership Groups|Fading|ABG,SAH,PAG
2026-07-08|Genomic Medicine & Synthetic DNA Tools|Nascent|MRNA,TWST
2026-07-08|Global Digital Payments & Cross-Border Fintech|Nascent|WSE,FOUR,PAYP
2026-07-08|Golf Equipment & Apparel|Nascent|CALY,GOLF
2026-07-08|Government-Funded Senior & Post-Acute Care Re-Rating|Fading|AVAH,ALHC
2026-07-08|Industrial & Logistics REITs|Fading|EGP,STAG,TRNO,FR
2026-07-08|Industrial Power Equipment & Electrical Systems|Fading|ETN,RRX
2026-07-08|Inflammatory Disease & Immunology Biologics|Mainstream|SYRE,ORKA
2026-07-08|Insurance Brokerage & Distribution Services|Accelerating|BRO,AON,AJG
2026-07-08|Insurance Brokerage & Risk Advisory|Fading|MRSH,BWIN
2026-07-08|In Vivo Gene & Engineered Cell Therapy Clinical Re-Rating|Nascent|RGNX,SRPT,IMMX,SRRK,VOR
2026-07-08|Large-Cap U.S. Defense Primes|Fading|LMT,NOC
2026-07-08|Life Insurance & Annuity Providers|Accelerating|PRU,UNM,MET,PFG
2026-07-08|Liquid Biopsy & Multi-Cancer Early Detection|Nascent|GH,GRAL
2026-07-08|Midstream Energy Infrastructure & Pipeline Operators|Fading|DTM,AM,TRGP
2026-07-08|Multifamily Apartment REITs|Nascent|CPT,MAA,IRT,UDR
2026-07-08|Network Security & Zero-Trust Edge|Nascent|CVLT,QLYS,CRWD,FTNT,VRNS,RBRK,RPD,TENB,GRRR,BB,PANW,OKTA
2026-07-08|Non-US & Frontier Market Digital Financial Services Re-Rating|Nascent|SE,WSE,PAYP,FRHC
2026-07-08|Office REIT Recovery & Re-Rating|Nascent|HIW,CDP,SLG
2026-07-08|Oilfield Pressure Pumping & Completion Services|Nascent|AESI,AROC,KGS,LBRT,PUMP
2026-07-08|Oncology Targeted Therapy Biotechs|Retired|
2026-07-08|Open-Air & Strip Mall Retail REITs|Accelerating|REG,UE,KRG,SKT,BRX,FRT,PECO,KIM
2026-07-08|Peptide & Hormone Therapies for Metabolic & Endocrine Disorders|Mainstream|VKTX,ASND,CORT,XERS,PTGX,MBX
2026-07-08|Precious Metals Miners (Gold & Silver)|Fading|EGO,SSRM
2026-07-08|Precision Aerospace & Defense Component Manufacturers|Fading|AADX,ELMT
2026-07-08|Precision Optics & Photonic Components|Fading|OPTX,LPTH
2026-07-08|Private Mortgage Insurance|Accelerating|RDN,ESNT,MTG,NMIH
2026-07-08|Property & Casualty Insurance Underwriters|Nascent|TRV,CB,HIG,THG,ORI,AFG,AXS,WRB,ACGL,PGR,CINF,SKWD,HCI,ALL,LMND
2026-07-08|Pure-Play Quantum Computing Hardware|Nascent|IONQ,RGTI
2026-07-08|Quantum Computing Hardware & Annealing Systems|Fading|QBTS,INFQ
2026-07-08|Quantum Computing & Quantum-Safe Networking|Fading|ARQQ,QNT
2026-07-08|Rare Cardiometabolic & Endocrine Specialty Pharma|Retired|
2026-07-08|Rare Disease Small Molecule Precision Therapeutics|Retired|
2026-07-08|Rare & Orphan Disease Biotech|Nascent|RARE,RGNX,RYTM,MIRM,SRRK
2026-07-08|Satellite Communications & Space Data Services|Fading|MDA,SPIR
2026-07-08|Self-Storage REITs|Fading|PSA,EXR,CUBE,NSA
2026-07-08|Semiconductor Probe Card & Front-End Test Equipment|Fading|COHU,TER
2026-07-08|Semiconductor Wafer Foundry & Advanced IC Manufacturing|Fading|GFS,PDFS,UMC,VECO,ACMR,ICHR,TSEM,AMAT,UCTT,LRCX,MKSI,KLIC,KLAC
2026-07-08|Senior Living & Housing Operators|Fading|BKD,JAN
2026-07-08|Senior & Long-Term Care Healthcare REITs|Nascent|NHI,OHI,VTR,SBRA,LTC
2026-07-08|SMB & Workforce Business Services Platforms|Nascent|LZ,NSP
2026-07-08|Specialty Catastrophe Property Insurance Underwriters|Nascent|NP,SLDE
2026-07-08|Specialty Insurance Underwriting & Brokerage|Nascent|WTW,PLMR,KNSL,RYAN
2026-07-08|Targeted Protein Degradation Oncology|Nascent|GLUE,KYMR
2026-07-08|Truckload & LTL Freight Carriers|Fading|LSTR,WERN,SNDR,TFII,KNX,ARCB
2026-07-08|U.S. Passenger Airlines|Accelerating|UAL,ALK,DAL,LUV,ALGT,SKYW
2026-07-08|U.S. Petroleum Refining & Downstream Processing|Nascent|MPC,DINO,VLO,DK,PBF,PSX
2026-07-08|U.S. Regional & Mid-Cap Commercial Banks|Accelerating|PNC,SSB,EWBC,WTFC,ZION,USB,WAL,MTB,UMBF,RF,GBCI,KEY,CFG,BOKF,HBAN,TFC,HWC,FITB,WSFS,FHN
2026-07-08|Wealth Management & Retail Brokerage Platforms|Nascent|AMP,LPLA,RJF,SCHW,SEIC,SF
2026-07-09|AI Cloud GPU & Datacenter Colocation Platforms|Nascent|WYFI,SHAZ,PENG
2026-07-09|AI Data Center Power Infrastructure|Fading|BE,VRT,FCEL,AGX
2026-07-09|AI Memory & Storage|Fading|SNDK,QMCO,MU,WDC,STX,SIMO
2026-07-09|Alternative Asset Management Platforms|Fading|BN,KKR
2026-07-09|Automotive Electronics & Sensor Components|Fading|OUST,ALGM,MEI,AEVA
2026-07-09|B2B Digital Financial Infrastructure & Payment Rails Modernization|Nascent|QTWO,PAY,ALKT
2026-07-09|Bitcoin Mining & Crypto Infrastructure Operators|Fading|CIFR,CORZ
2026-07-09|Casual Dining Restaurant Turnaround|Mainstream|EAT,CBRL
2026-07-09|Clinical-Stage Autoimmune & Inflammatory Disease Therapeutics|Nascent|DNTH,ZBIO,ALMS,VERA,ANNX
2026-07-09|Clinical-Stage Oncology Drug Development|Nascent|RVMD,KURA,IMNM,CRVS,SNDX,IMMX
2026-07-09|Cloud Observability & AIOps Monitoring Platforms|Nascent|DDOG,DT
2026-07-09|Coastal & Suburban Residential Rental REITs|Accelerating|AVB,AMH,INVH,EQR,ESS
2026-07-09|Commercial Real Estate Brokerage & Advisory Services|Fading|CBRE,CWK,JLL,NMRK
2026-07-09|Consumer Fintech & Digital Credit Platforms|Nascent|DAVE,SEZL
2026-07-09|Corporate Spend, Expense Management & Financial Operations Software|Nascent|NAVN,WEX,BILL
2026-07-09|Custom AI Silicon & Chip Architecture Licensing|Mainstream|MRVL,ALAB,MXL,QUIK,CRDO,ARM,CEVA
2026-07-09|Digital Advertising Technology Platforms|Nascent|MGNI,APPS
2026-07-09|Digital Insurance Distribution & Marketplace Platforms|Nascent|PRCH,GSHD
2026-07-09|Domestic Steel Producers|Retired|
2026-07-09|European Bank Stocks|Mainstream|BBVA,LYG,ING,BCS,SAN,NWG
2026-07-09|Franchise Auto Dealership Groups|Accelerating|PAG,SAH,ABG
2026-07-09|Genomic Medicine & Synthetic DNA Tools|Nascent|MRNA,TWST
2026-07-09|Global Digital Payments & Cross-Border Fintech|Retired|
2026-07-09|Golf Equipment & Apparel|Fading|CALY,GOLF
2026-07-09|Government-Funded Senior & Post-Acute Care Re-Rating|Fading|AVAH,ALHC
2026-07-09|Industrial & Logistics REITs|Accelerating|STAG,FR,TRNO,EGP
2026-07-09|Industrial Power Equipment & Electrical Systems|Fading|ETN,RRX
2026-07-09|Inflammatory Disease & Immunology Biologics|Mainstream|ORKA,SYRE
2026-07-09|Insurance Brokerage & Distribution Services|Accelerating|AON,AJG,BRO
2026-07-09|Insurance Brokerage & Risk Advisory|Retired|
2026-07-09|In Vivo Gene & Engineered Cell Therapy Clinical Re-Rating|Retired|
2026-07-09|Large-Cap U.S. Defense Primes|Fading|LMT,NOC
2026-07-09|Life Insurance & Annuity Providers|Accelerating|UNM,MET,PRU,PFG
2026-07-09|Liquid Biopsy & Multi-Cancer Early Detection|Nascent|GRAL,GH
2026-07-09|Midstream Energy Infrastructure & Pipeline Operators|Retired|
2026-07-09|Molecular Diagnostics & DNA-Based Genetic Testing|Nascent|BLLN,WGS,QGEN
2026-07-09|Multifamily Apartment REITs|Nascent|MAA,CPT,UDR,IRT
2026-07-09|Network Security & Zero-Trust Edge|Nascent|RPD,VRNS,OKTA,FTNT,CVLT,RBRK,GRRR,PANW,BB,CRWD,QLYS,TENB
2026-07-09|Non-US & Frontier Market Digital Financial Services Re-Rating|Nascent|FOUR,PAYP,WSE
2026-07-09|Office REIT Recovery & Re-Rating|Nascent|HIW,CDP,SLG
2026-07-09|Oilfield Pressure Pumping & Completion Services|Fading|AROC,KGS
2026-07-09|Oncology Targeted Therapy Biotechs|Nascent|TGTX,RVMD,ELVN,SNDX,IMNM
2026-07-09|Open-Air & Strip Mall Retail REITs|Fading|REG,KIM,BRX,KRG,UE,SKT,FRT,PECO
2026-07-09|Peptide & Hormone Therapies for Metabolic & Endocrine Disorders|Mainstream|PTGX,ASND,MBX,CORT,VKTX,XERS
2026-07-09|Precious Metals Miners (Gold & Silver)|Retired|
2026-07-09|Precision Aerospace & Defense Component Manufacturers|Retired|
2026-07-09|Precision Optics & Photonic Components|Fading|OPTX,LPTH
2026-07-09|Private Mortgage Insurance|Accelerating|NMIH,RDN,ESNT,MTG
2026-07-09|Property & Casualty Insurance Underwriters|Nascent|TRV,WRB,CINF,ORI,HIG,THG,ACGL,AXS,SKWD,HCI,CB,ALL,AFG,PGR,LMND
2026-07-09|Pure-Play Quantum Computing Hardware|Fading|IONQ,RGTI
2026-07-09|Quantum Computing Hardware & Annealing Systems|Retired|
2026-07-09|Quantum Computing & Quantum-Safe Networking|Fading|ARQQ,QNT
2026-07-09|Rare Cardiometabolic & Endocrine Specialty Pharma|Nascent|CRNX,LQDA,MLYS,NAMS
2026-07-09|Rare Disease Small Molecule Precision Therapeutics|Nascent|GPCR,MAZE,VRDN
2026-07-09|Rare Neurological, Neuromuscular & Genetic Disease Biotech|Nascent|CRNX,XENE,BBIO,SRRK,AMLX,ACAD
2026-07-09|Rare & Orphan Disease Biotech|Retired|
2026-07-09|Satellite Communications & Space Data Services|Fading|MDA,SPIR
2026-07-09|Self-Storage REITs|Fading|PSA,EXR,CUBE,NSA
2026-07-09|Semiconductor Probe Card & Front-End Test Equipment|Fading|COHU,TER
2026-07-09|Semiconductor Wafer Foundry & Advanced IC Manufacturing|Fading|UCTT,KLIC,KLAC,ACMR,VECO,LRCX,PDFS,UMC,ICHR,TSEM,AMAT,MKSI
2026-07-09|Senior Living & Housing Operators|Fading|JAN,BKD
2026-07-09|Senior & Long-Term Care Healthcare REITs|Nascent|VTR,LTC,NHI,SBRA,OHI
2026-07-09|SMB & Workforce Business Services Platforms|Nascent|NSP,LZ
2026-07-09|Specialty Catastrophe Property Insurance Underwriters|Nascent|NP,SLDE
2026-07-09|Specialty Insurance Underwriting & Brokerage|Nascent|KNSL,RYAN,WTW,PLMR
2026-07-09|Targeted Protein Degradation Oncology|Nascent|KYMR,GLUE
2026-07-09|Truckload & LTL Freight Carriers|Nascent|TFII,KNX,LSTR,SNDR,ARCB,WERN
2026-07-09|U.S. Passenger Airlines|Accelerating|SKYW,UAL,ALK,ALGT,LUV,DAL
2026-07-09|U.S. Petroleum Refining & Downstream Processing|Nascent|PSX,PBF,MPC,DINO,VLO,DK
2026-07-09|U.S. Regional & Mid-Cap Commercial Banks|Accelerating|TFC,EWBC,FITB,WSFS,PNC,CFG,HBAN,UMBF,KEY,MTB,GBCI,FHN,SSB,ZION,HWC,WAL,BOKF,WTFC,RF,USB
2026-07-09|Wealth Management & Retail Brokerage Platforms|Nascent|SEIC,SF,SCHW,AMP,LPLA,RJF
2026-07-10|AI Cloud GPU & Datacenter Colocation Platforms|Nascent|PENG,SHAZ,WYFI
2026-07-10|AI Data Center Power Infrastructure|Fading|BE,VRT,FCEL,AGX
2026-07-10|AI Memory & Storage|Fading|QMCO,MU,SNDK,WDC,STX,SIMO
2026-07-10|Alternative Asset Management Platforms|Fading|BN,KKR
2026-07-10|Antibody-Based Oncology & Autoimmune Biologics|Nascent|GMAB,ZYME,ABVX
2026-07-10|Automotive Electronics & Sensor Components|Fading|OUST,ALGM,MEI,AEVA
2026-07-10|B2B Digital Financial Infrastructure & Payment Rails Modernization|Nascent|QTWO,PAY,ALKT
2026-07-10|Bitcoin Mining & Crypto Infrastructure Operators|Fading|CIFR,CORZ
2026-07-10|Casual Dining Restaurant Turnaround|Mainstream|CBRL,EAT
2026-07-10|Clinical-Stage Autoimmune & Inflammatory Disease Therapeutics|Retired|
2026-07-10|Clinical-Stage Oncology Drug Development|Retired|
2026-07-10|Cloud Observability & AIOps Monitoring Platforms|Nascent|DT,DDOG
2026-07-10|Coastal & Suburban Residential Rental REITs|Accelerating|AMH,AVB,ESS,EQR,INVH
2026-07-10|Commercial Real Estate Brokerage & Advisory Services|Fading|CBRE,CWK,JLL,NMRK
2026-07-10|Consumer Fintech & Digital Credit Platforms|Nascent|DAVE,SEZL
2026-07-10|Corporate Spend, Expense Management & Financial Operations Software|Nascent|BILL,WEX,NAVN
2026-07-10|Custom AI Silicon & Chip Architecture Licensing|Nascent|MXL,ALAB,CRDO,ARM,MRVL,QUIK,CEVA
2026-07-10|Digital Advertising Technology Platforms|Nascent|MGNI,APPS
2026-07-10|Digital Insurance Distribution & Marketplace Platforms|Nascent|GSHD,PRCH
2026-07-10|Emerging Market Digital Commerce & Fintech Platforms|Nascent|SE,MELI
2026-07-10|European Bank Stocks|Mainstream|BCS,BBVA,LYG,ING,NWG,SAN
2026-07-10|Franchise Auto Dealership Groups|Accelerating|ABG,PAG,SAH
2026-07-10|Genomic Medicine & Synthetic DNA Tools|Nascent|MRNA,TWST
2026-07-10|Golf Equipment & Apparel|Fading|CALY,GOLF
2026-07-10|Government-Funded Senior & Post-Acute Care Re-Rating|Fading|AVAH,ALHC
2026-07-10|Industrial & Logistics REITs|Accelerating|EGP,FR,STAG,TRNO
2026-07-10|Industrial Power Equipment & Electrical Systems|Retired|
2026-07-10|Inflammatory Disease & Immunology Biologics|Mainstream|ORKA,SYRE
2026-07-10|Insurance Brokerage & Distribution Services|Accelerating|AJG,BRO,AON
2026-07-10|In Vivo Gene & Engineered Cell Therapy Clinical Re-Rating|Nascent|RGNX,SRPT,IMMX,SRRK,VOR
2026-07-10|Large-Cap U.S. Defense Primes|Fading|LMT,NOC
2026-07-10|Life Insurance & Annuity Providers|Accelerating|UNM,MET,PRU,PFG
2026-07-10|Life Science Tools & Analytical Instruments|Nascent|DHR,MTD,TMO,WAT
2026-07-10|Liquid Biopsy & Multi-Cancer Early Detection|Nascent|GRAL,GH
2026-07-10|Molecular Diagnostics & DNA-Based Genetic Testing|Nascent|QGEN,BLLN,WGS
2026-07-10|Multifamily Apartment REITs|Nascent|IRT,MAA,UDR,CPT
2026-07-10|Network Security & Zero-Trust Edge|Nascent|BB,TENB,CRWD,QLYS,RBRK,PANW,RPD,OKTA,GRRR,CVLT,FTNT,VRNS
2026-07-10|Non-US & Frontier Market Digital Financial Services Re-Rating|Nascent|PAYP,WSE
2026-07-10|Office REIT Recovery & Re-Rating|Nascent|HIW,CDP,SLG
2026-07-10|Oilfield Pressure Pumping & Completion Services|Fading|AROC,KGS
2026-07-10|Oncology Targeted Therapy Biotechs|Retired|
2026-07-10|Open-Air & Strip Mall Retail REITs|Fading|KRG,PECO,REG,BRX,FRT,UE,SKT,KIM
2026-07-10|Peptide & Hormone Therapies for Metabolic & Endocrine Disorders|Mainstream|VKTX,MBX,ASND,PTGX,XERS,CORT
2026-07-10|Precision Optics & Photonic Components|Retired|
2026-07-10|Private Mortgage Insurance|Nascent|MTG,NMIH,ESNT,RDN
2026-07-10|Property & Casualty Insurance Underwriters|Nascent|LMND,AFG,AXS,WRB,TRV,SKWD,ORI,PGR,CINF,ACGL,ALL,THG,HCI,HIG,CB
2026-07-10|Pure-Play Quantum Computing Hardware|Fading|IONQ,RGTI
2026-07-10|Quantum Computing & Quantum-Safe Networking|Fading|ARQQ,QNT
2026-07-10|Rare Cardiometabolic & Endocrine Specialty Pharma|Retired|
2026-07-10|Rare Disease Small Molecule Precision Therapeutics|Retired|
2026-07-10|Rare Neurological, Neuromuscular & Genetic Disease Biotech|Retired|
2026-07-10|Satellite Communications & Space Data Services|Fading|MDA,SPIR
2026-07-10|Self-Storage REITs|Fading|PSA,NSA
2026-07-10|Semiconductor Probe Card & Front-End Test Equipment|Retired|
2026-07-10|Semiconductor Wafer Foundry & Advanced IC Manufacturing|Fading|KLAC,ACMR,AMAT,MKSI,TSEM,PDFS,UCTT,KLIC,VECO,LRCX,UMC,ICHR
2026-07-10|Senior Living & Housing Operators|Fading|JAN,BKD
2026-07-10|Senior & Long-Term Care Healthcare REITs|Fading|VTR,LTC,NHI,SBRA,OHI
2026-07-10|SMB & Workforce Business Services Platforms|Nascent|NSP,LZ
2026-07-10|Specialty Catastrophe Property Insurance Underwriters|Nascent|SLDE,NP
2026-07-10|Specialty Insurance Underwriting & Brokerage|Nascent|RYAN,WTW,PLMR,KNSL
2026-07-10|Targeted Protein Degradation Oncology|Nascent|GLUE,KYMR
2026-07-10|Truckload & LTL Freight Carriers|Nascent|KNX,WERN,LSTR,ARCB,SNDR,TFII
2026-07-10|U.S. Passenger Airlines|Accelerating|ALGT,ALK,SKYW,LUV,DAL,UAL
2026-07-10|U.S. Petroleum Refining & Downstream Processing|Nascent|DINO,MPC,PSX,DK,PBF,VLO
2026-07-10|U.S. Regional & Mid-Cap Commercial Banks|Accelerating|BOKF,RF,PNC,KEY,HBAN,GBCI,ZION,MTB,CFG,SSB,FITB,WTFC,WAL,USB,FHN,WSFS,UMBF,HWC,TFC,EWBC
2026-07-10|Wealth Management & Retail Brokerage Platforms|Nascent|AMP,SEIC,SF,SCHW,LPLA,RJF
2026-07-13|AI Cloud GPU & Datacenter Colocation Platforms|Mainstream|WYFI,PENG,SHAZ
2026-07-13|AI Data Center Power Infrastructure|Fading|BE,FCEL
2026-07-13|AI Memory & Storage|Retired|
2026-07-13|Alternative Asset Management Platforms|Fading|BN,KKR
2026-07-13|Antibody-Based Oncology & Autoimmune Biologics|Nascent|ABVX,GMAB,ZYME
2026-07-13|Automotive Electronics & Sensor Components|Fading|ALGM,AEVA,OUST,MEI
2026-07-13|B2B Digital Financial Infrastructure & Payment Rails Modernization|Mainstream|QTWO,ALKT,PAY
2026-07-13|B2B Marketing Automation & Customer Engagement SaaS|Nascent|BRZE,KVYO,HUBS
2026-07-13|Bitcoin Mining & Crypto Infrastructure Operators|Fading|CIFR,CORZ
2026-07-13|Casual Dining Restaurant Turnaround|Mainstream|EAT,CBRL
2026-07-13|Cloud Observability & AIOps Monitoring Platforms|Nascent|DT,DDOG,PD
2026-07-13|Coastal & Suburban Residential Rental REITs|Accelerating|AVB,ESS,INVH,AMH,EQR
2026-07-13|Commercial Real Estate Brokerage & Advisory Services|Fading|CBRE,CWK,JLL,NMRK
2026-07-13|Consumer Fintech & Digital Credit Platforms|Mainstream|SEZL,DAVE
2026-07-13|Corporate Spend, Expense Management & Financial Operations Software|Nascent|NAVN,WEX,BILL
2026-07-13|Custom AI Silicon & Chip Architecture Licensing|Fading|CRDO,ARM,MRVL,QUIK,MXL,ALAB,CEVA
2026-07-13|Digital Advertising Technology Platforms|Mainstream|MGNI,APPS
2026-07-13|Digital Insurance Distribution & Marketplace Platforms|Mainstream|GSHD,PRCH
2026-07-13|Emerging Market Digital Commerce & Fintech Platforms|Nascent|SE,MELI
2026-07-13|European Bank Stocks|Mainstream|BCS,NWG,LYG,ING,BBVA,SAN
2026-07-13|Franchise Auto Dealership Groups|Accelerating|PAG,ABG,SAH
2026-07-13|Genomic Medicine & Synthetic DNA Tools|Mainstream|MRNA,TWST
2026-07-13|Golf Equipment & Apparel|Fading|CALY,GOLF
2026-07-13|Government-Funded Senior & Post-Acute Care Re-Rating|Fading|AVAH,ALHC
2026-07-13|Health & Wellness Consumer Nutrition Brands|Nascent|BRBR,VITL,SMPL
2026-07-13|Industrial & Logistics REITs|Accelerating|FR,TRNO,EGP,STAG
2026-07-13|Inflammatory Disease & Immunology Biologics|Fading|ORKA,SYRE
2026-07-13|Insurance Brokerage & Distribution Services|Mainstream|BRO,AJG,AON
2026-07-13|In Vivo Gene & Engineered Cell Therapy Clinical Re-Rating|Retired|
2026-07-13|Large-Cap U.S. Defense Primes|Retired|
2026-07-13|Life Insurance & Annuity Providers|Mainstream|PRU,MET,PFG,UNM
2026-07-13|Life Science Tools & Analytical Instruments|Nascent|WAT,DHR,TMO,MTD
2026-07-13|Liquid Biopsy & Multi-Cancer Early Detection|Nascent|GH,GRAL
2026-07-13|Molecular Diagnostics & DNA-Based Genetic Testing|Nascent|BLLN,WGS,QGEN
2026-07-13|Multifamily Apartment REITs|Fading|IRT,MAA,UDR,CPT
2026-07-13|Network Security & Zero-Trust Edge|Mainstream|RBRK,TENB,CRWD,OKTA,FTNT,BB,PANW,GRRR,RPD,CVLT,VRNS,QLYS
2026-07-13|Non-US & Frontier Market Digital Financial Services Re-Rating|Fading|PAYP,WSE
2026-07-13|Office REIT Recovery & Re-Rating|Mainstream|HIW,CDP,SLG
2026-07-13|Oilfield Pressure Pumping & Completion Services|Fading|AROC,KGS
2026-07-13|Online Insurance Comparison & Digital Marketplace Platforms|Nascent|MAX,EVER
2026-07-13|Open-Air & Strip Mall Retail REITs|Fading|SKT,KRG,UE,FRT,KIM,REG,PECO,BRX
2026-07-13|Orthopedic & Surgical Device Recovery|Nascent|CNMD,SYK
2026-07-13|Peptide & Hormone Therapies for Metabolic & Endocrine Disorders|Mainstream|VKTX,ASND,CORT,XERS,PTGX,MBX,CRNX
2026-07-13|Private Mortgage Insurance|Mainstream|NMIH,RDN,ESNT,MTG
2026-07-13|Professional Advisory & Business Services|Nascent|FA,CBZ,CRAI
2026-07-13|Property & Casualty Insurance Underwriters|Mainstream|SKWD,ACGL,TRV,ORI,ALL,THG,AFG,CB,WRB,LMND,CINF,HCI,PGR,AXS,HIG
2026-07-13|Pure-Play Quantum Computing Hardware|Fading|IONQ,RGTI
2026-07-13|Quantum Computing & Quantum-Safe Networking|Fading|ARQQ,QNT
2026-07-13|Satellite Communications & Space Data Services|Fading|MDA,SPIR
2026-07-13|Self-Storage REITs|Fading|PSA,NSA
2026-07-13|Semiconductor Wafer Foundry & Advanced IC Manufacturing|Fading|UMC,KLIC,LRCX,AMAT,TSEM,MKSI,UCTT,ICHR,KLAC,VECO,PDFS,ACMR
2026-07-13|Senior Living & Housing Operators|Fading|JAN,BKD
2026-07-13|Senior & Long-Term Care Healthcare REITs|Mainstream|LTC,NHI,OHI,SBRA,VTR
2026-07-13|SMB & Workforce Business Services Platforms|Nascent|LZ,NSP
2026-07-13|Specialty Catastrophe Property Insurance Underwriters|Mainstream|NP,SLDE
2026-07-13|Specialty Insurance Underwriting & Brokerage|Mainstream|KNSL,PLMR,WTW,RYAN
2026-07-13|Targeted Protein Degradation Oncology|Mainstream|GLUE,KYMR
2026-07-13|Traditional Staffing & Talent Placement Services|Nascent|MAN,RHI
2026-07-13|Truckload & LTL Freight Carriers|Mainstream|TFII,WERN,LSTR,KNX,ARCB,SNDR
2026-07-13|U.S. Domestic Steel Producers|Nascent|CMC,NUE,RS,STLD,TX
2026-07-13|U.S. Passenger Airlines|Fading|SKYW,LUV,ALGT,DAL,ALK,UAL
2026-07-13|U.S. Petroleum Refining & Downstream Processing|Mainstream|VLO,DINO,PBF,DK,MPC,PSX
2026-07-13|U.S. Regional & Mid-Cap Commercial Banks|Mainstream|RF,HBAN,UMBF,KEY,GBCI,WSFS,MTB,EWBC,TFC,WTFC,SSB,USB,BOKF,FHN,HWC,ZION,WAL,CFG,FITB,PNC
2026-07-13|Wealth Management & Retail Brokerage Platforms|Accelerating|SEIC,RJF,AMP,LPLA,SF,SCHW
2026-07-14|AI Cloud GPU & Datacenter Colocation Platforms|Fading|PENG,WYFI,SHAZ
2026-07-14|AI Data Center Power Infrastructure|Retired|
2026-07-14|Alternative Asset Management Platforms|Retired|
2026-07-14|Antibody-Based Oncology & Autoimmune Biologics|Fading|ABVX,GMAB,ZYME
2026-07-14|Automotive Electronics & Sensor Components|Fading|AEVA,OUST,MEI,ALGM
2026-07-14|B2B Digital Financial Infrastructure & Payment Rails Modernization|Mainstream|PAY,QTWO,ALKT
2026-07-14|B2B Marketing Automation & Customer Engagement SaaS|Nascent|KVYO,BRZE,HUBS
2026-07-14|Bitcoin Mining & Crypto Infrastructure Operators|Fading|CIFR,CORZ
2026-07-14|Casual Dining Restaurant Turnaround|Mainstream|EAT,CBRL
2026-07-14|Cloud Data Storage & Analytics Infrastructure|Nascent|SNOW,BLZE
2026-07-14|Cloud Observability & AIOps Monitoring Platforms|Nascent|PD,DDOG,DT
2026-07-14|Coastal & Suburban Residential Rental REITs|Mainstream|AVB,EQR,AMH,ESS,INVH
2026-07-14|Commercial Real Estate Brokerage & Advisory Services|Fading|CWK,JLL
2026-07-14|Consumer Fintech & Digital Credit Platforms|Mainstream|SEZL,DAVE
2026-07-14|Corporate Spend, Expense Management & Financial Operations Software|Nascent|NAVN,BILL,WEX
2026-07-14|Crude & Product Tanker Operators|Nascent|DHT,FRO,INSW,STNG,TNK,TRMD
2026-07-14|Custom AI Silicon & Chip Architecture Licensing|Mainstream|ALAB,ARM,CRDO,CEVA,MXL,QUIK,MRVL
2026-07-14|Digital Advertising Technology Platforms|Mainstream|APPS,MGNI
2026-07-14|Digital Insurance Distribution & Marketplace Platforms|Mainstream|PRCH,GSHD
2026-07-14|Diversified Medical Device & Life Science Instrument Manufacturers|Nascent|BDX,COO,PODD,STE,VLTO
2026-07-14|Emerging Market Digital Commerce & Fintech Platforms|Nascent|SE,MELI
2026-07-14|European Bank Stocks|Mainstream|SAN,NWG,ING,BBVA,LYG,BCS
2026-07-14|Franchise Auto Dealership Groups|Accelerating|PAG,SAH,ABG
2026-07-14|Genomic Medicine & Synthetic DNA Tools|Mainstream|TWST,MRNA
2026-07-14|Golf Equipment & Apparel|Mainstream|GOLF,CALY
2026-07-14|Government-Funded Senior & Post-Acute Care Re-Rating|Fading|AVAH,ALHC
2026-07-14|Health & Wellness Consumer Nutrition Brands|Fading|BRBR,VITL,SMPL
2026-07-14|Industrial & Logistics REITs|Fading|FR,TRNO,EGP,STAG
2026-07-14|Inflammatory Disease & Immunology Biologics|Mainstream|ORKA,SYRE
2026-07-14|Insurance Brokerage & Distribution Services|Mainstream|BRO,AON,AJG
2026-07-14|Life Insurance & Annuity Providers|Mainstream|UNM,PFG,MET,PRU
2026-07-14|Life Science Tools & Analytical Instruments|Accelerating|MTD,WAT,DHR,TMO
2026-07-14|Liquid Biopsy & Multi-Cancer Early Detection|Mainstream|GRAL,GH
2026-07-14|Molecular Diagnostics & DNA-Based Genetic Testing|Nascent|QGEN,BLLN,WGS
2026-07-14|Multifamily Apartment REITs|Fading|IRT,MAA,UDR,CPT
2026-07-14|Network Security & Zero-Trust Edge|Mainstream|TENB,CRWD,CVLT,QLYS,RPD,PANW,VRNS,FTNT,BB,GRRR,OKTA,RBRK
2026-07-14|Non-US & Frontier Market Digital Financial Services Re-Rating|Fading|PAYP,WSE
2026-07-14|Office REIT Recovery & Re-Rating|Mainstream|HIW,SLG,CDP
2026-07-14|Oilfield Pressure Pumping & Completion Services|Fading|AROC,KGS
2026-07-14|Online Insurance Comparison & Digital Marketplace Platforms|Nascent|MAX,EVER
2026-07-14|Open-Air & Strip Mall Retail REITs|Fading|SKT,KRG,UE,FRT,KIM,REG,PECO,BRX
2026-07-14|Orthopedic & Surgical Device Recovery|Fading|CNMD,SYK
2026-07-14|Peptide & Hormone Therapies for Metabolic & Endocrine Disorders|Mainstream|XERS,VKTX,ASND,PTGX,CORT,MBX
2026-07-14|Precious Metals Miners & Royalty Streamers|Nascent|AEM,AG,AGI,AU,CDE,EGO,EXK,FNV,FSM,GFI,HL,HMY,IAG,KGC,MUX,NEM,NG,OR,ORLA,PAAS,PPTA,RGLD,SA,SBSW,SSRM,TFPM,WPM
2026-07-14|Private Mortgage Insurance|Mainstream|ESNT,RDN,NMIH,MTG
2026-07-14|Professional Advisory & Business Services|Nascent|CRAI,CBZ,FA
2026-07-14|Property & Casualty Insurance Underwriters|Mainstream|ALL,ACGL,AFG,SKWD,WRB,LMND,HIG,TRV,PGR,ORI,AXS,CINF,HCI,THG,CB
2026-07-14|Pure-Play Quantum Computing Hardware|Fading|IONQ,RGTI
2026-07-14|Quantum Computing & Quantum-Safe Networking|Fading|ARQQ,QNT
2026-07-14|Satellite Communications & Space Data Services|Fading|MDA,SPIR
2026-07-14|Self-Storage REITs|Retired|
2026-07-14|Semiconductor Wafer Foundry & Advanced IC Manufacturing|Mainstream|UMC,LRCX,UCTT,KLIC,TSEM,PDFS,KLAC,AMAT,MKSI,ACMR,ICHR
2026-07-14|Senior Living & Housing Operators|Fading|JAN,BKD
2026-07-14|Senior & Long-Term Care Healthcare REITs|Fading|LTC,NHI,OHI,SBRA,VTR
2026-07-14|SMB & Workforce Business Services Platforms|Mainstream|NSP,LZ
2026-07-14|Specialty Catastrophe Property Insurance Underwriters|Mainstream|NP,SLDE
2026-07-14|Specialty Insurance Underwriting & Brokerage|Mainstream|WTW,PLMR,RYAN,KNSL
2026-07-14|Speculative Space & Defense New Space Ventures|Nascent|ASTS,LUNR,RCAT,RKLB
2026-07-14|Targeted Protein Degradation Oncology|Mainstream|GLUE,KYMR
2026-07-14|Traditional Staffing & Talent Placement Services|Nascent|RHI,MAN
2026-07-14|Truckload & LTL Freight Carriers|Mainstream|KNX,WERN,ARCB,SNDR,LSTR,TFII
2026-07-14|U.S. Apparel & Fashion Recovery|Nascent|UA,RVLV
2026-07-14|U.S. Defense Prime Contractors|Nascent|GD,HII,LHX,LMT,NOC
2026-07-14|U.S. Domestic Steel Producers|Fading|NUE,RS,STLD
2026-07-14|U.S. Passenger Airlines|Fading|LUV,SKYW,ALGT,ALK,DAL,UAL
2026-07-14|U.S. Petroleum Refining & Downstream Processing|Mainstream|DINO,DK,PBF,PSX,MPC,VLO
2026-07-14|U.S. Regional & Mid-Cap Commercial Banks|Mainstream|EWBC,FHN,ZION,WTFC,BOKF,MTB,USB,TFC,FITB,KEY,WAL,HWC,PNC,WSFS,CFG,GBCI,UMBF,SSB,HBAN,RF
2026-07-14|Wealth Management & Retail Brokerage Platforms|Accelerating|SCHW,SF,RJF,LPLA,SEIC,AMP
2026-07-15|AI Cloud GPU & Datacenter Colocation Platforms|Fading|WYFI,SHAZ,PENG
2026-07-15|Antibody-Based Oncology & Autoimmune Biologics|Fading|ZYME,ABVX,GMAB
2026-07-15|Automotive Electronics & Sensor Components|Retired|
2026-07-15|B2B Digital Financial Infrastructure & Payment Rails Modernization|Mainstream|QTWO,ALKT,PAY
2026-07-15|B2B Marketing Automation & Customer Engagement SaaS|Nascent|BRZE,HUBS,KVYO
2026-07-15|Bitcoin Mining & Crypto Infrastructure Operators|Fading|CIFR,CORZ
2026-07-15|Casual Dining Restaurant Turnaround|Mainstream|EAT,CBRL
2026-07-15|Cloud Data Storage & Analytics Infrastructure|Nascent|BLZE,SNOW
2026-07-15|Cloud Observability & AIOps Monitoring Platforms|Mainstream|PD,DDOG,DT
2026-07-15|Coastal & Suburban Residential Rental REITs|Mainstream|INVH,ESS,EQR,AVB,AMH
2026-07-15|Commercial Real Estate Brokerage & Advisory Services|Fading|CWK,JLL
2026-07-15|Consumer Fintech & Digital Credit Platforms|Mainstream|DAVE,SEZL
2026-07-15|Corporate Spend, Expense Management & Financial Operations Software|Nascent|WEX,BILL,NAVN
2026-07-15|Crude & Product Tanker Operators|Fading|INSW,TRMD
2026-07-15|Custom AI Silicon & Chip Architecture Licensing|Mainstream|CRDO,ALAB,ARM,MXL,MRVL,CEVA,QUIK
2026-07-15|Digital Advertising Technology Platforms|Mainstream|MGNI,APPS,QNST
2026-07-15|Digital Insurance Distribution & Marketplace Platforms|Mainstream|PRCH,GSHD
2026-07-15|Digital Payments Processing & Merchant Acquiring Networks|Nascent|PYPL,FOUR
2026-07-15|Diversified Medical Device & Life Science Instrument Manufacturers|Fading|BDX,COO,PODD,STE
2026-07-15|Domestic Steel Producers|Fading|NUE,STLD
2026-07-15|Emerging Market Digital Commerce & Fintech Platforms|Nascent|SE,MELI
2026-07-15|European Bank Stocks|Mainstream|ING,NWG,LYG,BCS,BBVA,SAN
2026-07-15|Franchise Auto Dealership Groups|Mainstream|PAG,ABG,SAH
2026-07-15|Genomic Medicine & Synthetic DNA Tools|Mainstream|TWST,MRNA
2026-07-15|Golf Equipment & Apparel|Accelerating|CALY,GOLF
2026-07-15|Government-Funded Senior & Post-Acute Care Re-Rating|Retired|
2026-07-15|Health & Wellness Consumer Nutrition Brands|Fading|BRBR,VITL
2026-07-15|Industrial & Logistics REITs|Mainstream|TRNO,FR,STAG,EGP
2026-07-15|Inflammatory Disease & Immunology Biologics|Mainstream|ORKA,SYRE
2026-07-15|Insurance Brokerage & Distribution Services|Mainstream|AJG,BRO,AON
2026-07-15|Life Insurance & Annuity Providers|Mainstream|PFG,UNM,MET,PRU
2026-07-15|Life Science Tools & Analytical Instruments|Accelerating|TMO,DHR,WAT,MTD
2026-07-15|Liquid Biopsy & Multi-Cancer Early Detection|Mainstream|GH,GRAL
2026-07-15|Molecular Diagnostics & DNA-Based Genetic Testing|Nascent|BLLN,QGEN,WGS
2026-07-15|Multifamily Apartment REITs|Fading|IRT,MAA,UDR,CPT
2026-07-15|Network Security & Zero-Trust Edge|Mainstream|CVLT,RBRK,RPD,BB,CRWD,FTNT,OKTA,QLYS,TENB,PANW,VRNS
2026-07-15|Non-US & Frontier Market Digital Financial Services Re-Rating|Fading|PAYP,WSE
2026-07-15|Office REIT Recovery & Re-Rating|Mainstream|SLG,CDP,HIW
2026-07-15|Oilfield Pressure Pumping & Completion Services|Retired|
2026-07-15|Online Insurance Comparison & Digital Marketplace Platforms|Nascent|EVER,MAX
2026-07-15|Open-Air & Strip Mall Retail REITs|Fading|SKT,KRG,UE,FRT,KIM,REG,PECO,BRX
2026-07-15|Orthopedic & Surgical Device Recovery|Fading|CNMD,SYK
2026-07-15|Peptide & Hormone Therapies for Metabolic & Endocrine Disorders|Mainstream|VKTX,XERS,CORT,ASND,MBX,PTGX
2026-07-15|Precious Metals Miners & Royalty Streamers|Fading|HL,HMY
2026-07-15|Private Mortgage Insurance|Mainstream|MTG,NMIH,ESNT,RDN
2026-07-15|Professional Advisory & Business Services|Nascent|CBZ,CRAI
2026-07-15|Property & Casualty Insurance Underwriters|Mainstream|WRB,LMND,ORI,ACGL,HIG,SKWD,CINF,AFG,AXS,HCI,THG,ALL,CB,TRV
2026-07-15|Pure-Play Quantum Computing Hardware|Fading|IONQ,RGTI
2026-07-15|Quantum Computing & Quantum-Safe Networking|Retired|
2026-07-15|Satellite Communications & Space Data Services|Retired|
2026-07-15|Semiconductor Wafer Foundry & Advanced IC Manufacturing|Fading|KLIC,ACMR,KLAC,UCTT,AMAT,PDFS,UMC,LRCX,ICHR,MKSI,TSEM
2026-07-15|Senior Living & Housing Operators|Retired|
2026-07-15|Senior & Long-Term Care Healthcare REITs|Fading|LTC,NHI,OHI,SBRA,VTR
2026-07-15|SMB & Workforce Business Services Platforms|Mainstream|NSP,LZ
2026-07-15|Specialty Catastrophe Property Insurance Underwriters|Fading|NP,SLDE
2026-07-15|Specialty Insurance Underwriting & Brokerage|Mainstream|KNSL,RYAN,PLMR,WTW
2026-07-15|Speculative Space & Defense New Space Ventures|Fading|ASTS,RKLB
2026-07-15|Targeted Protein Degradation Oncology|Mainstream|KYMR,GLUE
2026-07-15|Traditional Staffing & Talent Placement Services|Nascent|RHI,MAN
2026-07-15|Truckload & LTL Freight Carriers|Mainstream|SNDR,KNX,ARCB,WERN,TFII,LSTR
2026-07-15|U.S. Apparel & Fashion Recovery|Nascent|UA,RVLV
2026-07-15|U.S. Defense Prime Contractors|Fading|GD,LMT
2026-07-15|U.S. Domestic Steel Producers|Nascent|CMC,NUE,RS,STLD,TX
2026-07-15|U.S. Passenger Airlines|Fading|ALGT,UAL,DAL,LUV,ALK,SKYW
2026-07-15|U.S. Petroleum Refining & Downstream Processing|Mainstream|PBF,DINO,AROC,KGS,DK,PSX,VLO,MPC
2026-07-15|U.S. Regional & Mid-Cap Commercial Banks|Mainstream|MTB,SSB,HBAN,ZION,BOKF,WAL,GBCI,EWBC,WTFC,HWC,FHN,USB,WSFS,TFC,FITB,RF,CFG,KEY,UMBF,PNC
2026-07-15|Wealth Management & Retail Brokerage Platforms|Accelerating|SCHW,AMP,SF,RJF,LPLA,SEIC,HOOD
2026-07-16|AI Cloud GPU & Datacenter Colocation Platforms|Fading|SHAZ,PENG
2026-07-16|Antibody-Based Oncology & Autoimmune Biologics|Fading|ZYME,ABVX,GMAB
2026-07-16|B2B Digital Financial Infrastructure & Payment Rails Modernization|Mainstream|QTWO,PAY,ALKT,ACIW
2026-07-16|B2B Marketing Automation & Customer Engagement SaaS|Nascent|HUBS,BRZE,KVYO
2026-07-16|Bitcoin Mining & Crypto Infrastructure Operators|Retired|
2026-07-16|Casual Dining Restaurant Turnaround|Mainstream|CBRL,EAT
2026-07-16|Cloud Data Storage & Analytics Infrastructure|Nascent|SNOW,BLZE
2026-07-16|Cloud Observability & AIOps Monitoring Platforms|Mainstream|PD,DT,DDOG
2026-07-16|Cloud Supply Chain & Warehouse Management Software|Nascent|SPSC,MANH
2026-07-16|Coastal & Suburban Residential Rental REITs|Mainstream|INVH,AMH,ESS,AVB,EQR
2026-07-16|Commercial Real Estate Brokerage & Advisory Services|Nascent|CBRE,CIGI,CWK,JLL,NMRK
2026-07-16|Consumer Fintech & Digital Credit Platforms|Mainstream|DAVE,SEZL
2026-07-16|Corporate Spend, Expense Management & Financial Operations Software|Mainstream|BILL,NAVN,WEX
2026-07-16|Crude & Product Tanker Operators|Fading|INSW,TRMD
2026-07-16|Custom AI Silicon & Chip Architecture Licensing|Mainstream|ALAB,CRDO,CEVA,MXL,QUIK,ARM,MRVL
2026-07-16|Digital Advertising Technology Platforms|Mainstream|QNST,MGNI
2026-07-16|Digital Insurance Distribution & Marketplace Platforms|Mainstream|PRCH,GSHD
2026-07-16|Digital Payments Processing & Merchant Acquiring Networks|Nascent|FOUR,PYPL
2026-07-16|Diversified Medical Device & Life Science Instrument Manufacturers|Fading|BDX,COO,PODD,STE
2026-07-16|Domestic Steel Producers|Retired|
2026-07-16|Emerging Market Digital Commerce & Fintech Platforms|Nascent|MELI,SE
2026-07-16|Enterprise HR & Workforce Management SaaS|Nascent|WDAY,PCTY,ALIT
2026-07-16|European Bank Stocks|Mainstream|SAN,ING,NWG,BBVA,BCS,LYG
2026-07-16|Financial Services Vertical SaaS|Nascent|GWRE,JKHY,SSNC
2026-07-16|For-Profit Education & Workforce Training Providers|Nascent|CVSA,LAUR,LINC,PRDO,STRA,UTI
2026-07-16|Franchise Auto Dealership Groups|Mainstream|ABG,SAH,PAG
2026-07-16|Genomic Medicine & Synthetic DNA Tools|Fading|TWST,MRNA
2026-07-16|Golf Equipment & Apparel|Accelerating|CALY,GOLF
2026-07-16|Government & Commercial Management Consulting Services|Nascent|ICFI,HURN
2026-07-16|Health & Wellness Consumer Nutrition Brands|Fading|BRBR,VITL
2026-07-16|Industrial & Logistics REITs|Mainstream|TRNO,STAG,FR,EGP
2026-07-16|Inflammatory Disease & Immunology Biologics|Mainstream|ORKA,SYRE
2026-07-16|Insurance Brokerage & Distribution Services|Mainstream|BRO,AON,AJG
2026-07-16|Life Insurance & Annuity Providers|Mainstream|PRU,PFG,MET,UNM
2026-07-16|Life Science Tools & Analytical Instruments|Accelerating|WAT,DHR,MTD,TMO
2026-07-16|Liquid Biopsy & Multi-Cancer Early Detection|Accelerating|GRAL,GH
2026-07-16|Minimally Invasive & Robotic Surgical Device Platforms|Nascent|ISRG,BSX,PEN
2026-07-16|Molecular Diagnostics & DNA-Based Genetic Testing|Mainstream|BLLN,WGS,QGEN
2026-07-16|Multifamily Apartment REITs|Fading|IRT,MAA,UDR,CPT
2026-07-16|Network Security & Zero-Trust Edge|Mainstream|VRNS,BB,QLYS,CRWD,PANW,RPD,RBRK,TENB,CVLT,OKTA,FTNT
2026-07-16|Non-US & Frontier Market Digital Financial Services Re-Rating|Fading|PAYP,WSE
2026-07-16|Office REIT Recovery & Re-Rating|Mainstream|SLG,CDP,HIW
2026-07-16|Online Insurance Comparison & Digital Marketplace Platforms|Nascent|EVER,MAX
2026-07-16|Open-Air & Strip Mall Retail REITs|Mainstream|BRX,KIM,UE,SKT,KRG,REG,FRT,PECO
2026-07-16|Orthopedic & Surgical Device Recovery|Fading|CNMD,SYK
2026-07-16|Packaged & Shelf-Stable Food Manufacturers|Nascent|CAG,CPB,GIS,KHC
2026-07-16|Peptide & Hormone Therapies for Metabolic & Endocrine Disorders|Mainstream|ASND,PTGX,MBX,VKTX,CORT,XERS
2026-07-16|Precious Metals Miners & Royalty Streamers|Fading|HL,HMY
2026-07-16|Private Mortgage Insurance|Mainstream|ESNT,RDN,NMIH,MTG
2026-07-16|Professional Advisory & Business Services|Nascent|CBZ,CRAI
2026-07-16|Property & Casualty Insurance Underwriters|Mainstream|ORI,TRV,AFG,CINF,THG,LMND,SKWD,AXS,HIG,WRB,ACGL,HCI,ALL,CB
2026-07-16|Pure-Play Quantum Computing Hardware|Retired|
2026-07-16|Quantum Computing Hardware & Software|Nascent|IONQ,QBTS,QUBT,RGTI,INFQ
2026-07-16|Semiconductor Wafer Foundry & Advanced IC Manufacturing|Mainstream|PDFS,AMAT,MKSI,TSEM,KLAC,LRCX,UCTT,ACMR,ICHR,KLIC,UMC
2026-07-16|Senior & Long-Term Care Healthcare REITs|Fading|LTC,NHI,OHI,SBRA,VTR
2026-07-16|SMB & Workforce Business Services Platforms|Mainstream|NSP,LZ
2026-07-16|Specialty Catastrophe Property Insurance Underwriters|Mainstream|NP,SLDE
2026-07-16|Specialty Insurance Underwriting & Brokerage|Mainstream|PLMR,WTW,KNSL,RYAN
2026-07-16|Speculative Space & Defense New Space Ventures|Fading|ASTS,RKLB
2026-07-16|Targeted Protein Degradation Oncology|Mainstream|KYMR,GLUE
2026-07-16|Traditional Staffing & Talent Placement Services|Nascent|MAN,RHI
2026-07-16|Truckload & LTL Freight Carriers|Mainstream|WERN,LSTR,SNDR,KNX,TFII,ARCB
2026-07-16|Uniform Rental & Managed Workwear Services|Nascent|VSTS,CTAS
2026-07-16|U.S. Apparel & Fashion Recovery|Nascent|UA,RVLV,CROX
2026-07-16|U.S. Defense Prime Contractors|Fading|GD,LMT
2026-07-16|U.S. Domestic Steel Producers|Fading|NUE,STLD,TX
2026-07-16|U.S. Passenger Airlines|Fading|LUV,SKYW,ALGT,DAL,ALK,UAL
2026-07-16|U.S. Petroleum Refining & Downstream Processing|Mainstream|PSX,PBF,DINO,VLO,DK,MPC
2026-07-16|U.S. Regional & Mid-Cap Commercial Banks|Mainstream|GBCI,HBAN,KEY,MTB,SSB,TFC,ZION,BOKF,EWBC,FHN,USB,CFG,WSFS,WAL,HWC,WTFC,UMBF,PNC,FITB,RF
2026-07-16|Wealth Management & Retail Brokerage Platforms|Mainstream|RJF,AMP,SCHW,HOOD,LPLA,SF,SEIC
2026-07-17|AI Cloud GPU & Datacenter Colocation Platforms|Fading|SHAZ,PENG
2026-07-17|AI-Powered Software Development & DevOps Platforms|Nascent|PRGS,GTLB
2026-07-17|Antibody-Based Oncology & Autoimmune Biologics|Mainstream|ZYME,ABVX,GMAB
2026-07-17|B2B Data Intelligence & Professional Information Services|Nascent|NIQ,TRI
2026-07-17|B2B Digital Financial Infrastructure & Payment Rails Modernization|Mainstream|QTWO,PAY,ALKT,ACIW
2026-07-17|B2B Marketing Automation & Customer Engagement SaaS|Nascent|KVYO,BRZE,HUBS
2026-07-17|Bitcoin & Crypto Mining Infrastructure|Nascent|CIFR,CORZ,HUT,IREN,WULF
2026-07-17|Bitcoin Mining & Crypto Infrastructure Operators|Nascent|CIFR,CORZ,HUT,IREN,WULF
2026-07-17|Casual Dining Restaurant Turnaround|Mainstream|EAT,CBRL
2026-07-17|Cloud Data Storage & Analytics Infrastructure|Nascent|SNOW,BLZE
2026-07-17|Cloud Observability & AIOps Monitoring Platforms|Mainstream|DT,PD,DDOG
2026-07-17|Cloud Supply Chain & Warehouse Management Software|Nascent|SPSC,MANH
2026-07-17|Coastal & Suburban Residential Rental REITs|Mainstream|EQR,INVH,ESS,AVB,AMH
2026-07-17|Commercial Real Estate Brokerage & Advisory Services|Accelerating|CWK,JLL,CBRE,CIGI,NMRK
2026-07-17|Consumer Fintech & Digital Credit Platforms|Mainstream|SEZL,DAVE
2026-07-17|Corporate Spend, Expense Management & Financial Operations Software|Mainstream|NAVN,BILL,WEX
2026-07-17|Crude & Product Tanker Operators|Fading|INSW,TRMD
2026-07-17|Custom AI Silicon & Chip Architecture Licensing|Mainstream|ALAB,ARM,QUIK,CRDO,CEVA,MRVL
2026-07-17|Cyber Exposure Management & Vulnerability Assessment|Nascent|TENB,RPD,QLYS
2026-07-17|Digital Advertising Technology Platforms|Mainstream|MGNI,QNST
2026-07-17|Digital Insurance Distribution & Marketplace Platforms|Mainstream|PRCH,GSHD
2026-07-17|Digital Payments Processing & Merchant Acquiring Networks|Nascent|FOUR,PYPL
2026-07-17|Diversified Medical Device & Life Science Instrument Manufacturers|Fading|BDX,COO,PODD,STE
2026-07-17|Domestic Steel Producers|Fading|NUE,STLD
2026-07-17|Emerging Market Digital Commerce & Fintech Platforms|Mainstream|MELI,SE
2026-07-17|Enterprise HR & Workforce Management SaaS|Nascent|WDAY,PCTY,ALIT
2026-07-17|European Bank Stocks|Mainstream|BCS,LYG,SAN,BBVA,NWG,ING
2026-07-17|Financial Services Vertical SaaS|Nascent|JKHY,GWRE,SSNC
2026-07-17|For-Profit Education & Workforce Training Providers|Fading|LAUR,UTI
2026-07-17|Franchise Auto Dealership Groups|Mainstream|PAG,SAH,ABG
2026-07-17|Genomic Medicine & Synthetic DNA Tools|Fading|TWST,MRNA
2026-07-17|Global Crude & Product Tanker Fleet Operators|Nascent|DHT,ECO,NAT,STNG,TNK,FRO,INSW,TRMD
2026-07-17|Golf Equipment & Apparel|Fading|CALY,GOLF
2026-07-17|Government & Commercial Management Consulting Services|Fading|ICFI,HURN
2026-07-17|Health & Wellness Consumer Nutrition Brands|Fading|BRBR,VITL
2026-07-17|Industrial & Logistics REITs|Accelerating|STAG,FR,TRNO,EGP
2026-07-17|Inflammatory Disease & Immunology Biologics|Mainstream|ORKA,SYRE
2026-07-17|Insurance Brokerage & Distribution Services|Mainstream|AJG,AON,BRO
2026-07-17|Life Insurance & Annuity Providers|Mainstream|UNM,MET,PFG,PRU
2026-07-17|Life Science Tools & Analytical Instruments|Accelerating|MTD,WAT,TMO,DHR
2026-07-17|Liquid Biopsy & Multi-Cancer Early Detection|Accelerating|GH,GRAL
2026-07-17|Minimally Invasive & Robotic Surgical Device Platforms|Fading|BSX,PEN
2026-07-17|Molecular Diagnostics & DNA-Based Genetic Testing|Mainstream|QGEN,WGS,BLLN
2026-07-17|Multifamily Apartment REITs|Fading|IRT,UDR,CPT
2026-07-17|Network Security & Zero-Trust Edge|Mainstream|CVLT,BB,RBRK,VRNS,CRWD,PANW,FTNT,OKTA,NET
2026-07-17|Non-US & Frontier Market Digital Financial Services Re-Rating|Fading|PAYP,WSE
2026-07-17|Office REIT Recovery & Re-Rating|Mainstream|SLG,HIW,CDP
2026-07-17|Online Insurance Comparison & Digital Marketplace Platforms|Nascent|MAX,EVER
2026-07-17|Open-Air & Strip Mall Retail REITs|Accelerating|KIM,REG,FRT,UE,SKT,KRG,PECO,BRX
2026-07-17|Orthopedic & Surgical Device Recovery|Fading|CNMD,SYK
2026-07-17|Packaged & Shelf-Stable Food Manufacturers|Fading|CAG,CPB,GIS,KHC
2026-07-17|Peptide & Hormone Therapies for Metabolic & Endocrine Disorders|Mainstream|XERS,PTGX,ASND,VKTX,MBX,CORT
2026-07-17|Precious Metals Miners & Royalty Streamers|Fading|HL,HMY
2026-07-17|Private Mortgage Insurance|Nascent|ESNT,NMIH,MTG,RDN
2026-07-17|Professional Advisory & Business Services|Nascent|CBZ,CRAI
2026-07-17|Property & Casualty Insurance Underwriters|Mainstream|ACGL,THG,TRV,SKWD,WRB,AXS,ORI,CB,HIG,CINF,LMND,ALL,HCI,AFG
2026-07-17|Quantum Computing Hardware & Software|Fading|IONQ,QUBT
2026-07-17|Semiconductor Wafer Foundry & Advanced IC Manufacturing|Mainstream|TSEM,LRCX,PDFS,MKSI,AMAT,UMC,KLAC,ACMR,UCTT,ICHR,KLIC
2026-07-17|Senior & Long-Term Care Healthcare REITs|Fading|LTC,NHI,OHI,VTR
2026-07-17|SMB & Workforce Business Services Platforms|Nascent|LZ,NSP
2026-07-17|Specialty Catastrophe Property Insurance Underwriters|Fading|NP,SLDE
2026-07-17|Specialty Insurance Underwriting & Brokerage|Mainstream|PLMR,RYAN,KNSL
2026-07-17|Speculative Space & Defense New Space Ventures|Fading|ASTS,RKLB
2026-07-17|Targeted Protein Degradation Oncology|Mainstream|GLUE,KYMR
2026-07-17|Traditional Staffing & Talent Placement Services|Nascent|RHI,MAN
2026-07-17|Truckload & LTL Freight Carriers|Mainstream|TFII,SNDR,LSTR,WERN,ARCB,KNX,HUBG,RXO
2026-07-17|Uniform Rental & Managed Workwear Services|Nascent|VSTS,CTAS
2026-07-17|U.S. Apparel & Fashion Recovery|Nascent|CROX,RVLV,UA
2026-07-17|U.S. Defense Prime Contractors|Fading|GD,LMT
2026-07-17|U.S. Passenger Airlines|Fading|SKYW,UAL,DAL,ALGT,ALK,LUV
2026-07-17|U.S. Petroleum Refining & Downstream Processing|Mainstream|VLO,PBF,MPC,DK,PSX,DINO,PARR
2026-07-17|U.S. Regional & Mid-Cap Commercial Banks|Mainstream|FITB,EWBC,USB,CFG,WAL,BOKF,UMBF,GBCI,KEY,WTFC,RF,SSB,FHN,ZION,PNC,WSFS,HBAN,MTB,TFC,HWC
2026-07-17|Wealth Management & Retail Brokerage Platforms|Mainstream|HOOD,AMP,RJF,SF,SCHW,SEIC,LPLA
2026-07-20|AI Cloud GPU & Datacenter Colocation Platforms|Fading|SHAZ,PENG
2026-07-20|AI-Powered Enterprise Analytics & Intelligent Workflow SaaS|Nascent|AMPL,INTA,AVPT
2026-07-20|AI-Powered Software Development & DevOps Platforms|Nascent|PRGS,GTLB
2026-07-20|Antibody-Based Oncology & Autoimmune Biologics|Fading|ZYME,ABVX,GMAB
2026-07-20|B2B Data Intelligence & Professional Information Services|Fading|NIQ,TRI
2026-07-20|B2B Digital Financial Infrastructure & Payment Rails Modernization|Mainstream|PAY,ACIW,QTWO,ALKT
2026-07-20|B2B Marketing Automation & Customer Engagement SaaS|Mainstream|KVYO,BRZE,HUBS
2026-07-20|Bitcoin & Crypto Mining Infrastructure|Retired|
2026-07-20|Bitcoin Mining & Crypto Infrastructure Operators|Fading|HUT,CIFR
2026-07-20|Canadian Big Banks|Nascent|BMO,BNS,CM,RY,TD
2026-07-20|Casual Dining Restaurant Turnaround|Mainstream|EAT,CBRL
2026-07-20|Cloud Communications & Contact Center Platforms|Nascent|FIVN,BAND
2026-07-20|Cloud Data Storage & Analytics Infrastructure|Nascent|BLZE,SNOW
2026-07-20|Cloud Observability & AIOps Monitoring Platforms|Mainstream|DDOG,PD,DT
2026-07-20|Cloud Supply Chain & Warehouse Management Software|Nascent|SPSC,MANH
2026-07-20|Coastal & Suburban Residential Rental REITs|Mainstream|EQR,AMH,ESS,AVB,INVH
2026-07-20|Commercial Real Estate Brokerage & Advisory Services|Accelerating|CBRE,NMRK,CIGI,JLL,CWK
2026-07-20|Consumer Fintech & Digital Credit Platforms|Mainstream|DAVE,SEZL
2026-07-20|Corporate Spend, Expense Management & Financial Operations Software|Mainstream|WEX,BILL,NAVN
2026-07-20|Cross-Border & International Payments Processing|Nascent|GPN,EEFT
2026-07-20|Crude & Product Tanker Operators|Retired|
2026-07-20|Custom AI Silicon & Chip Architecture Licensing|Mainstream|CRDO,ALAB,ARM,MRVL,QUIK,CEVA
2026-07-20|Cyber Exposure Management & Vulnerability Assessment|Nascent|QLYS,TENB,RPD
2026-07-20|Digital Advertising Technology Platforms|Mainstream|QNST,MGNI
2026-07-20|Digital Insurance Distribution & Marketplace Platforms|Mainstream|PRCH,GSHD
2026-07-20|Digital Payments Processing & Merchant Acquiring Networks|Nascent|PYPL,FOUR
2026-07-20|Diversified Medical Device & Life Science Instrument Manufacturers|Fading|BDX,COO,PODD,STE
2026-07-20|Domestic Steel Producers|Retired|
2026-07-20|Emerging Market Digital Commerce & Fintech Platforms|Mainstream|SE,MELI
2026-07-20|Enterprise HR & Workforce Management SaaS|Nascent|ALIT,WDAY,PCTY
2026-07-20|European Bank Stocks|Mainstream|BBVA,LYG,ING,SAN,BCS,NWG
2026-07-20|Financial Compliance & Regulatory Reporting SaaS|Nascent|WK,DFIN
2026-07-20|Financial Services Vertical SaaS|Nascent|GWRE,SSNC,JKHY
2026-07-20|For-Profit Education & Workforce Training Providers|Fading|LAUR,UTI
2026-07-20|Franchise Auto Dealership Groups|Mainstream|ABG,PAG,SAH
2026-07-20|Genomic Medicine & Synthetic DNA Tools|Fading|TWST,MRNA
2026-07-20|Global Crude & Product Tanker Fleet Operators|Nascent|TRMD,NAT,TNK,DHT,INSW,FRO
2026-07-20|Golf Equipment & Apparel|Fading|CALY,GOLF
2026-07-20|Government & Commercial Management Consulting Services|Fading|ICFI,HURN
2026-07-20|Health & Wellness Consumer Nutrition Brands|Fading|BRBR,VITL
2026-07-20|Industrial Automation & Electrical Control Systems|Nascent|AME,HLIO,HUBB,ROK
2026-07-20|Industrial & Logistics REITs|Accelerating|FR,EGP,TRNO,STAG
2026-07-20|Inflammatory Disease & Immunology Biologics|Mainstream|ORKA,SYRE
2026-07-20|Insurance Brokerage & Distribution Services|Mainstream|BRO,AON,AJG
2026-07-20|Life Insurance & Annuity Providers|Mainstream|MET,PFG,UNM,PRU
2026-07-20|Life Science Tools & Analytical Instruments|Mainstream|WAT,MTD,DHR,TMO
2026-07-20|Liquid Biopsy & Multi-Cancer Early Detection|Mainstream|GRAL,GH
2026-07-20|Medical Device Mean-Reversion & Rotation Recovery|Nascent|XRAY,TNDM,INSP,CNMD
2026-07-20|Minimally Invasive & Robotic Surgical Device Platforms|Fading|BSX,PEN
2026-07-20|Molecular Diagnostics & DNA-Based Genetic Testing|Fading|QGEN,BLLN
2026-07-20|Multifamily Apartment REITs|Retired|
2026-07-20|Network Security & Zero-Trust Edge|Mainstream|CRWD,PANW,FTNT,BB,RBRK,CVLT,VRNS,OKTA,NET
2026-07-20|Non-US & Frontier Market Digital Financial Services Re-Rating|Retired|
2026-07-20|Office REIT Recovery & Re-Rating|Mainstream|SLG,CDP,HIW
2026-07-20|Online Insurance Comparison & Digital Marketplace Platforms|Mainstream|MAX,EVER
2026-07-20|Open-Air & Strip Mall Retail REITs|Accelerating|FRT,KRG,KIM,REG,BRX,SKT,PECO,UE
2026-07-20|Orthopedic & Surgical Device Recovery|Fading|CNMD,SYK
2026-07-20|Packaged & Shelf-Stable Food Manufacturers|Fading|CAG,CPB,GIS,KHC
2026-07-20|Peptide & Hormone Therapies for Metabolic & Endocrine Disorders|Mainstream|VKTX,PTGX,ASND,XERS,CORT,MBX
2026-07-20|Precious Metals Miners & Royalty Streamers|Fading|HL,HMY
2026-07-20|Private Mortgage Insurance|Mainstream|NMIH,ESNT,MTG,RDN
2026-07-20|Professional Advisory & Business Services|Mainstream|CRAI,CBZ
2026-07-20|Property & Casualty Insurance Underwriters|Mainstream|TRV,AXS,SKWD,HIG,ORI,CB,AFG,ALL,CINF,LMND,WRB,HCI,ACGL,THG
2026-07-20|Quantum Computing Hardware & Software|Fading|IONQ,QUBT
2026-07-20|Semiconductor Wafer Foundry & Advanced IC Manufacturing|Nascent|KLAC,TSEM,UCTT,UMC,ACMR,LRCX,MKSI,AMAT,ICHR
2026-07-20|Senior & Long-Term Care Healthcare REITs|Fading|LTC,NHI,OHI,VTR
2026-07-20|SMB & Workforce Business Services Platforms|Mainstream|LZ,NSP
2026-07-20|Specialty Catastrophe Property Insurance Underwriters|Mainstream|SLDE,NP
2026-07-20|Specialty Insurance Underwriting & Brokerage|Mainstream|KNSL,RYAN,PLMR
2026-07-20|Speculative Space & Defense New Space Ventures|Fading|ASTS,RKLB
2026-07-20|Targeted Protein Degradation Oncology|Mainstream|KYMR,GLUE
2026-07-20|Traditional Staffing & Talent Placement Services|Mainstream|RHI,MAN
2026-07-20|Truckload & LTL Freight Carriers|Mainstream|ARCB,RXO,SNDR,HUBG,KNX,TFII,WERN,LSTR
2026-07-20|Uniform Rental & Managed Workwear Services|Nascent|VSTS,CTAS
2026-07-20|U.S. Apparel & Fashion Recovery|Nascent|RVLV,UA,CROX
2026-07-20|U.S. Defense Prime Contractors|Fading|GD,LMT
2026-07-20|U.S. Domestic Steel Producers|Fading|NUE,STLD
2026-07-20|U.S. Passenger Airlines|Mainstream|ALK,ALGT,LUV,DAL,SKYW,UAL
2026-07-20|U.S. Petroleum Refining & Downstream Processing|Mainstream|PBF,DK,PARR,VLO,PSX,MPC,DINO
2026-07-20|U.S. Regional & Mid-Cap Commercial Banks|Mainstream|BOKF,WAL,CFG,WTFC,HBAN,WSFS,KEY,TFC,EWBC,USB,FHN,UMBF,ZION,RF,HWC,GBCI,PNC,SSB,FITB,MTB
2026-07-20|Wealth Management & Retail Brokerage Platforms|Mainstream|HOOD,LPLA,SEIC,SF,RJF,SCHW,AMP
2026-07-21|AI Cloud GPU & Datacenter Colocation Platforms|Retired|
2026-07-21|AI Compute & GPU Data Center Hosting Operators|Nascent|APLD,CORZ,IREN,WULF
2026-07-21|AI-Powered Enterprise Analytics & Intelligent Workflow SaaS|Nascent|AMPL,INTA,AVPT
2026-07-21|AI-Powered Software Development & DevOps Platforms|Nascent|PRGS,GTLB
2026-07-21|Antibody-Based Oncology & Autoimmune Biologics|Fading|ABVX,GMAB
2026-07-21|B2B Data Intelligence & Professional Information Services|Fading|NIQ,TRI
2026-07-21|B2B Digital Financial Infrastructure & Payment Rails Modernization|Mainstream|PAY,ACIW,QTWO
2026-07-21|B2B Marketing Automation & Customer Engagement SaaS|Mainstream|BRZE,KVYO,HUBS
2026-07-21|Bitcoin Mining & Crypto Infrastructure Operators|Fading|HUT,CIFR
2026-07-21|Canadian Big Banks|Nascent|CM,TD,BNS,RY,BMO
2026-07-21|Casual Dining Restaurant Turnaround|Mainstream|CBRL,EAT
2026-07-21|Cloud Communications & Contact Center Platforms|Nascent|BAND,FIVN
2026-07-21|Cloud Data Storage & Analytics Infrastructure|Mainstream|BLZE,SNOW
2026-07-21|Cloud Observability & AIOps Monitoring Platforms|Fading|DDOG,PD,DT
2026-07-21|Cloud Supply Chain & Warehouse Management Software|Nascent|SPSC,MANH
2026-07-21|Coastal & Suburban Residential Rental REITs|Fading|EQR,AMH,ESS,AVB,INVH
2026-07-21|Commercial Real Estate Brokerage & Advisory Services|Accelerating|CWK,CBRE,CIGI,NMRK,JLL
2026-07-21|Consumer Fintech & Digital Credit Platforms|Mainstream|SEZL,DAVE
2026-07-21|Copper Mining & Production|Nascent|ERO,FCX,HBM,SCCO,TGB
2026-07-21|Corporate Spend, Expense Management & Financial Operations Software|Mainstream|WEX,BILL,NAVN
2026-07-21|Cross-Border & International Payments Processing|Nascent|GPN,EEFT
2026-07-21|Custom AI Silicon & Chip Architecture Licensing|Mainstream|ARM,QUIK,CEVA,ALAB,CRDO,MRVL
2026-07-21|Cyber Exposure Management & Vulnerability Assessment|Nascent|RPD,TENB,QLYS
2026-07-21|Digital Advertising Technology Platforms|Mainstream|QNST,MGNI
2026-07-21|Digital Insurance Distribution & Marketplace Platforms|Mainstream|PRCH,GSHD
2026-07-21|Digital Payments Processing & Merchant Acquiring Networks|Nascent|PYPL,FOUR
2026-07-21|Diversified Medical Device & Life Science Instrument Manufacturers|Fading|BDX,COO,PODD,STE
2026-07-21|Domestic Steel Producers|Fading|NUE,STLD
2026-07-21|Emerging Market Digital Commerce & Fintech Platforms|Mainstream|SE,MELI
2026-07-21|Enterprise HR & Workforce Management SaaS|Nascent|WDAY,PCTY,ALIT
2026-07-21|European Bank Stocks|Mainstream|LYG,SAN,BBVA,ING,BCS,NWG
2026-07-21|Financial Compliance & Regulatory Reporting SaaS|Fading|WK,DFIN
2026-07-21|Financial Services Vertical SaaS|Nascent|SSNC,JKHY,GWRE
2026-07-21|For-Profit Education & Workforce Training Providers|Fading|LAUR,UTI
2026-07-21|Franchise Auto Dealership Groups|Mainstream|SAH,ABG,PAG
2026-07-21|Genomic Medicine & Synthetic DNA Tools|Fading|TWST,MRNA
2026-07-21|Global Crude & Product Tanker Fleet Operators|Accelerating|DHT,TNK,FRO,INSW,NAT,TRMD
2026-07-21|Golf Equipment & Apparel|Fading|CALY,GOLF
2026-07-21|Government & Commercial Management Consulting Services|Fading|ICFI,HURN
2026-07-21|Health & Wellness Consumer Nutrition Brands|Retired|
2026-07-21|Industrial Automation & Electrical Control Systems|Fading|AME,HLIO,ROK
2026-07-21|Industrial & Logistics REITs|Accelerating|FR,TRNO,EGP,STAG
2026-07-21|Inflammatory Disease & Immunology Biologics|Mainstream|ORKA,SYRE
2026-07-21|Insurance Brokerage & Distribution Services|Mainstream|AON,BRO,AJG
2026-07-21|Life Insurance & Annuity Providers|Mainstream|MET,PFG,PRU,UNM
2026-07-21|Life Science Tools & Analytical Instruments|Mainstream|TMO,WAT,MTD
2026-07-21|Liquid Biopsy & Multi-Cancer Early Detection|Mainstream|GRAL,GH
2026-07-21|Medical Device Mean-Reversion & Rotation Recovery|Nascent|CNMD,INSP,TNDM,XRAY
2026-07-21|Minimally Invasive & Robotic Surgical Device Platforms|Fading|BSX,PEN
2026-07-21|Molecular Diagnostics & DNA-Based Genetic Testing|Mainstream|QGEN,BLLN
2026-07-21|Network Security & Zero-Trust Edge|Mainstream|NET,PANW,OKTA,CRWD,VRNS,CVLT,BB,FTNT,RBRK
2026-07-21|Office REIT Recovery & Re-Rating|Mainstream|HIW,CDP,SLG
2026-07-21|Online Insurance Comparison & Digital Marketplace Platforms|Mainstream|EVER,MAX
2026-07-21|Open-Air & Strip Mall Retail REITs|Accelerating|SKT,UE,PECO,BRX,KRG,FRT,REG,KIM
2026-07-21|Orthopedic & Surgical Device Recovery|Retired|
2026-07-21|Packaged & Shelf-Stable Food Manufacturers|Fading|GIS,KHC,CAG,CPB
2026-07-21|Peptide & Hormone Therapies for Metabolic & Endocrine Disorders|Mainstream|ASND,MBX,CORT,PTGX,VKTX,XERS
2026-07-21|Precious Metals Miners & Royalty Streamers|Fading|HL,HMY
2026-07-21|Private Mortgage Insurance|Mainstream|RDN,NMIH,MTG,ESNT
2026-07-21|Professional Advisory & Business Services|Mainstream|CBZ,CRAI
2026-07-21|Property & Casualty Insurance Underwriters|Mainstream|THG,LMND,CINF,ACGL,SKWD,AFG,CB,ALL,TRV,HIG,WRB,ORI,HCI,AXS
2026-07-21|Quantum Computing Hardware & Software|Fading|IONQ,QUBT
2026-07-21|Semiconductor Wafer Foundry & Advanced IC Manufacturing|Nascent|UMC,LRCX,KLAC,ICHR,AMAT,TSEM,ACMR,MKSI,UCTT
2026-07-21|Senior & Long-Term Care Healthcare REITs|Accelerating|VTR,OHI,LTC,NHI
2026-07-21|Smart Home Security & Comfort Systems|Nascent|REZI,ALRM
2026-07-21|SMB & Workforce Business Services Platforms|Mainstream|LZ,NSP
2026-07-21|Specialty Catastrophe Property Insurance Underwriters|Fading|SLDE,NP
2026-07-21|Specialty Insurance Underwriting & Brokerage|Mainstream|PLMR,KNSL,RYAN
2026-07-21|Speculative Space & Defense New Space Ventures|Fading|ASTS,RKLB
2026-07-21|Targeted Protein Degradation Oncology|Mainstream|KYMR,GLUE
2026-07-21|Traditional Staffing & Talent Placement Services|Mainstream|MAN,RHI
2026-07-21|Truckload & LTL Freight Carriers|Mainstream|WERN,RXO,KNX,HUBG,TFII,LSTR,ARCB,SNDR
2026-07-21|Uniform Rental & Managed Workwear Services|Nascent|CTAS,VSTS
2026-07-21|Urban Gateway Office REITs|Nascent|BXP,DEI,SLG
2026-07-21|U.S. Apparel & Fashion Recovery|Mainstream|UA,CROX,RVLV
2026-07-21|U.S. Defense Prime Contractors|Fading|GD,LMT
2026-07-21|U.S. Passenger Airlines|Fading|UAL,SKYW,ALK,DAL,LUV,ALGT
2026-07-21|U.S. Petroleum Refining & Downstream Processing|Mainstream|VLO,PSX,PBF,DINO,MPC,PARR,DK
2026-07-21|U.S. Regional & Mid-Cap Commercial Banks|Mainstream|ZION,CFG,BOKF,GBCI,HBAN,EWBC,WTFC,UMBF,PNC,USB,RF,FHN,KEY,MTB,WSFS,TFC,WAL,SSB,HWC,FITB
2026-07-21|Wealth Management & Retail Brokerage Platforms|Mainstream|RJF,LPLA,SEIC,SCHW,SF,AMP,HOOD
2026-07-22|AI Compute & GPU Data Center Hosting Operators|Fading|CORZ,WULF
2026-07-22|AI-Powered Enterprise Analytics & Intelligent Workflow SaaS|Fading|INTA,AMPL,AVPT
2026-07-22|AI-Powered Software Development & DevOps Platforms|Fading|PRGS,GTLB
2026-07-22|Antibody-Based Oncology & Autoimmune Biologics|Fading|ABVX,GMAB
2026-07-22|Automotive Components & Tire Suppliers|Nascent|GT,ADNT
2026-07-22|B2B Data Intelligence & Professional Information Services|Fading|NIQ,TRI
2026-07-22|B2B Digital Financial Infrastructure & Payment Rails Modernization|Mainstream|PAY,QTWO,ACIW
2026-07-22|B2B Marketing Automation & Customer Engagement SaaS|Fading|BRZE,KVYO,HUBS
2026-07-22|Bitcoin Mining & Crypto Infrastructure Operators|Fading|CIFR,HUT
2026-07-22|Canadian Big Banks|Accelerating|RY,CM,BNS,BMO,TD
2026-07-22|Casual Dining Restaurant Turnaround|Mainstream|EAT,CBRL
2026-07-22|Cloud Communications & Contact Center Platforms|Fading|BAND,FIVN
2026-07-22|Cloud Data Storage & Analytics Infrastructure|Mainstream|BLZE,SNOW
2026-07-22|Cloud Observability & AIOps Monitoring Platforms|Fading|DDOG,PD
2026-07-22|Cloud Supply Chain & Warehouse Management Software|Fading|SPSC,MANH
2026-07-22|Coastal & Suburban Residential Rental REITs|Fading|EQR,AMH,ESS,AVB,INVH
2026-07-22|Commercial Real Estate Brokerage & Advisory Services|Fading|CBRE,CIGI,NMRK,JLL
2026-07-22|Consumer Fintech & Digital Credit Platforms|Mainstream|SEZL,DAVE
2026-07-22|Containerboard & Corrugated Packaging Producers|Nascent|IP,PKG,SW
2026-07-22|Copper Mining & Production|Nascent|TGB,FCX,HBM,ERO,SCCO
2026-07-22|Corporate Spend, Expense Management & Financial Operations Software|Mainstream|BILL,WEX,NAVN
2026-07-22|Cross-Border & International Payments Processing|Nascent|EEFT,GPN
2026-07-22|Custom AI Silicon & Chip Architecture Licensing|Mainstream|CRDO,ARM,QUIK,ALAB,MRVL,CEVA
2026-07-22|Cyber Exposure Management & Vulnerability Assessment|Fading|TENB,QLYS,RPD
2026-07-22|Digital Advertising Technology Platforms|Fading|QNST,MGNI
2026-07-22|Digital Insurance Distribution & Marketplace Platforms|Fading|PRCH,GSHD
2026-07-22|Digital Payments Processing & Merchant Acquiring Networks|Fading|PYPL,FOUR
2026-07-22|Diversified Medical Device & Life Science Instrument Manufacturers|Retired|
2026-07-22|Domestic Steel Producers|Retired|
2026-07-22|Emerging Market Digital Commerce & Fintech Platforms|Fading|SE,MELI
2026-07-22|Enterprise HR & Workforce Management SaaS|Nascent|PCTY,WDAY,ALIT
2026-07-22|Enterprise Server, Storage & Data Infrastructure Hardware|Nascent|DELL,HPE,NTAP
2026-07-22|European Bank Stocks|Mainstream|NWG,ING,BCS,BBVA,SAN,LYG
2026-07-22|Financial Compliance & Regulatory Reporting SaaS|Fading|WK,DFIN
2026-07-22|Financial Services Vertical SaaS|Fading|SSNC,JKHY,GWRE
2026-07-22|For-Profit Education & Workforce Training Providers|Fading|LAUR,UTI
2026-07-22|Franchise Auto Dealership Groups|Mainstream|SAH,ABG,PAG
2026-07-22|Genomic Medicine & Synthetic DNA Tools|Fading|TWST,MRNA
2026-07-22|Global Crude & Product Tanker Fleet Operators|Accelerating|TNK,INSW,DHT,NAT,TRMD,FRO
2026-07-22|Global Steel & Metal Producers Recovery|Nascent|MT,TX,RYZ,CMC
2026-07-22|Golf Equipment & Apparel|Fading|CALY,GOLF
2026-07-22|Government & Commercial Management Consulting Services|Fading|ICFI,HURN
2026-07-22|Independent Power Producers & Nuclear Generation|Nascent|VST,TLN,CEG
2026-07-22|Industrial Automation & Electrical Control Systems|Fading|AME,HLIO,ROK
2026-07-22|Industrial & Logistics REITs|Mainstream|STAG,EGP,FR,TRNO
2026-07-22|Inflammatory Disease & Immunology Biologics|Mainstream|SYRE,ORKA
2026-07-22|Insurance Brokerage & Distribution Services|Fading|AON,BRO,AJG
2026-07-22|IT Distribution & Technology Services Providers|Nascent|INGM,EFOR
2026-07-22|Korean Financial Sector Recovery|Nascent|KB,SHG
2026-07-22|Life Insurance & Annuity Providers|Mainstream|PFG,UNM,PRU,MET
2026-07-22|Life Science Tools & Analytical Instruments|Mainstream|TMO,MTD,WAT
2026-07-22|Liquid Biopsy & Multi-Cancer Early Detection|Fading|GRAL,GH
2026-07-22|Medical Device Mean-Reversion & Rotation Recovery|Nascent|INSP,TNDM,XRAY,CNMD
2026-07-22|Minimally Invasive & Robotic Surgical Device Platforms|Fading|BSX,PEN
2026-07-22|Molecular Diagnostics & DNA-Based Genetic Testing|Mainstream|QGEN,BLLN
2026-07-22|Multifamily Apartment REITs|Nascent|CPT,MAA,IRT,UDR
2026-07-22|Network Security & Zero-Trust Edge|Mainstream|CRWD,PANW,NET,OKTA,VRNS,CVLT,FTNT,RBRK,BB
2026-07-22|Office REIT Recovery & Re-Rating|Nascent|HIW,SLG,CDP,BXP
2026-07-22|Online Insurance Comparison & Digital Marketplace Platforms|Nascent|EVER,MAX
2026-07-22|Open-Air & Strip Mall Retail REITs|Accelerating|SKT,FRT,UE,KRG,REG,KIM,BRX,PECO
2026-07-22|Packaged & Shelf-Stable Food Manufacturers|Fading|GIS,KHC,CAG,CPB
2026-07-22|Peptide & Hormone Therapies for Metabolic & Endocrine Disorders|Mainstream|CORT,ASND,XERS,VKTX,MBX,PTGX
2026-07-22|Powersports & Recreational Vehicle Manufacturers|Nascent|HOG,PII
2026-07-22|Precious Metals Miners & Royalty Streamers|Retired|
2026-07-22|Private Mortgage Insurance|Mainstream|NMIH,MTG,ESNT,RDN
2026-07-22|Professional Advisory & Business Services|Mainstream|CBZ,CRAI
2026-07-22|Property & Casualty Insurance Underwriters|Mainstream|AFG,TRV,AXS,HIG,LMND,ALL,WRB,CINF,THG,SKWD,ORI,HCI,ACGL,CB
2026-07-22|Quantum Computing Hardware & Software|Fading|IONQ,QUBT
2026-07-22|Semiconductor Wafer Foundry & Advanced IC Manufacturing|Fading|TSEM,UMC,MKSI,AMAT,ICHR,UCTT,KLAC,ACMR,LRCX
2026-07-22|Senior & Long-Term Care Healthcare REITs|Accelerating|LTC,VTR,OHI,NHI
2026-07-22|Smart Home Security & Comfort Systems|Nascent|ALRM,REZI
2026-07-22|SMB & Workforce Business Services Platforms|Mainstream|LZ,NSP
2026-07-22|Specialty Catastrophe Property Insurance Underwriters|Fading|SLDE,NP
2026-07-22|Specialty Insurance Underwriting & Brokerage|Fading|PLMR,RYAN
2026-07-22|Speculative Space & Defense New Space Ventures|Retired|
2026-07-22|Targeted Protein Degradation Oncology|Mainstream|KYMR,GLUE
2026-07-22|Traditional Staffing & Talent Placement Services|Mainstream|RHI,MAN
2026-07-22|Truckload & LTL Freight Carriers|Mainstream|HUBG,RXO,SNDR,ARCB,KNX,TFII,WERN,LSTR
2026-07-22|Uniform Rental & Managed Workwear Services|Nascent|VSTS,CTAS
2026-07-22|Urban Gateway Office REITs|Retired|
2026-07-22|U.S. Apparel & Fashion Recovery|Mainstream|UA,CROX,RVLV
2026-07-22|U.S. Apparel & Lifestyle Brand Recovery|Nascent|OXM,VSXY
2026-07-22|U.S. Defense Prime Contractors|Retired|
2026-07-22|U.S. Domestic Steel Producers|Fading|STLD,NUE
2026-07-22|Used Vehicle & Mobility Asset Rental Recovery|Nascent|KMX,CAR
2026-07-22|U.S. Passenger Airlines|Mainstream|ALGT,ALK,SKYW,UAL,DAL,LUV
2026-07-22|U.S. Petroleum Refining & Downstream Processing|Mainstream|MPC,PSX,VLO,PBF,DINO,DK,PARR
2026-07-22|U.S. Regional & Mid-Cap Commercial Banks|Mainstream|UMBF,MTB,SSB,EWBC,RF,ZION,HBAN,USB,WAL,PNC,GBCI,CFG,WTFC,BOKF,TFC,WSFS,HWC,FHN,FITB,KEY
2026-07-22|Wealth Management & Retail Brokerage Platforms|Mainstream|RJF,SEIC,LPLA,HOOD,SF,AMP,SCHW
2026-07-23|Aerospace Structural Materials & Advanced Composites|Nascent|DPC,HXL
2026-07-23|AI Compute & GPU Data Center Hosting Operators|Fading|CORZ,WULF
2026-07-23|AI-Powered Enterprise Analytics & Intelligent Workflow SaaS|Fading|INTA,AMPL,AVPT
2026-07-23|AI-Powered Software Development & DevOps Platforms|Fading|PRGS,GTLB
2026-07-23|Analog & Microcontroller Semiconductors — Automotive & Industrial Cycle Recovery|Nascent|ADI,MCHP,NXPI,ON,TXN
2026-07-23|Antibody-Based Oncology & Autoimmune Biologics|Fading|ABVX,GMAB
2026-07-23|Automotive Components & Tire Suppliers|Fading|GT,ADNT
2026-07-23|B2B Data Intelligence & Professional Information Services|Fading|NIQ,TRI
2026-07-23|B2B Digital Financial Infrastructure & Payment Rails Modernization|Mainstream|PAY,QTWO,ACIW
2026-07-23|B2B Marketing Automation & Customer Engagement SaaS|Fading|KVYO,HUBS
2026-07-23|Bitcoin Mining & Crypto Infrastructure Operators|Accelerating|CIFR,HUT
2026-07-23|Canadian Big Banks|Accelerating|RY,CM,BNS,BMO,TD
2026-07-23|Casual Dining Restaurant Turnaround|Mainstream|EAT,CBRL
2026-07-23|Clinical-Stage Oncology Biotech|Nascent|TGTX,ELVN
2026-07-23|Cloud Communications & Contact Center Platforms|Fading|BAND,FIVN
2026-07-23|Cloud Data Storage & Analytics Infrastructure|Mainstream|BLZE,SNOW
2026-07-23|Cloud Observability & AIOps Monitoring Platforms|Fading|DDOG,PD
2026-07-23|Cloud Supply Chain & Warehouse Management Software|Fading|SPSC,MANH
2026-07-23|Coastal & Suburban Residential Rental REITs|Fading|EQR,AMH,ESS,AVB,INVH
2026-07-23|Commercial Real Estate Brokerage & Advisory Services|Fading|CBRE,NMRK,JLL
2026-07-23|Consumer Fintech & Digital Credit Platforms|Mainstream|SEZL,DAVE
2026-07-23|Containerboard & Corrugated Packaging Producers|Nascent|IP,PKG,SW
2026-07-23|Copper Mining & Production|Nascent|ERO,TGB,FCX,SCCO,HBM
2026-07-23|Corporate Spend, Expense Management & Financial Operations Software|Mainstream|BILL,WEX,NAVN
2026-07-23|Cross-Border & International Payments Processing|Fading|EEFT,GPN
2026-07-23|Custom AI Silicon & Chip Architecture Licensing|Mainstream|CRDO,ARM,QUIK,ALAB,MRVL,CEVA
2026-07-23|Cyber Exposure Management & Vulnerability Assessment|Fading|TENB,QLYS,RPD
2026-07-23|Defense Prime Contractors & Aerospace Systems|Nascent|HII,LHX,LMT,RTX
2026-07-23|Digital Advertising Technology Platforms|Fading|QNST,MGNI
2026-07-23|Digital Insurance Distribution & Marketplace Platforms|Fading|PRCH,GSHD
2026-07-23|Digital Payments Processing & Merchant Acquiring Networks|Fading|PYPL,FOUR
2026-07-23|Emerging Market Digital Commerce & Fintech Platforms|Fading|SE,MELI
2026-07-23|Enterprise HR & Workforce Management SaaS|Mainstream|PCTY,WDAY,ALIT
2026-07-23|Enterprise Server, Storage & Data Infrastructure Hardware|Nascent|STX,DELL,HPE,NTAP
2026-07-23|European Bank Stocks|Mainstream|NWG,ING,BCS,BBVA,SAN,LYG
2026-07-23|Financial Compliance & Regulatory Reporting SaaS|Fading|WK,DFIN
2026-07-23|Financial Services Vertical SaaS|Fading|SSNC,JKHY
2026-07-23|For-Profit Education & Career Training Providers|Nascent|CVSA,LINC,PRDO,STRA
2026-07-23|For-Profit Education & Workforce Training Providers|Fading|LAUR,UTI
2026-07-23|Franchise Auto Dealership Groups|Mainstream|SAH,ABG,PAG
2026-07-23|Genomic Medicine & Synthetic DNA Tools|Retired|
2026-07-23|Global Crude & Product Tanker Fleet Operators|Accelerating|TNK,INSW,DHT,NAT,TRMD,FRO
2026-07-23|Global Steel & Metal Producers Recovery|Nascent|RYZ,MT,TX,CMC
2026-07-23|Golf Equipment & Apparel|Fading|CALY,GOLF
2026-07-23|Government & Commercial Management Consulting Services|Fading|ICFI,HURN
2026-07-23|Independent Power Producers & Nuclear Generation|Nascent|VST,CEG,TLN
2026-07-23|Industrial Automation & Electrical Control Systems|Fading|HLIO,AME,ROK
2026-07-23|Industrial Fluid Control, Filtration & Water Infrastructure Equipment|Nascent|DCI,FELE,IEX,IR,KAI,MWA
2026-07-23|Industrial & Logistics REITs|Mainstream|STAG,EGP,FR,TRNO
2026-07-23|Inflammatory Disease & Immunology Biologics|Mainstream|SYRE,ORKA
2026-07-23|Insurance Brokerage & Distribution Services|Fading|AON,BRO,AJG
2026-07-23|IT Distribution & Technology Services Providers|Nascent|INGM,EFOR
2026-07-23|Korean Financial Sector Recovery|Nascent|SHG,KB
2026-07-23|Life Insurance & Annuity Providers|Mainstream|PFG,UNM,PRU,MET
2026-07-23|Life Science Tools & Analytical Instruments|Mainstream|TMO,MTD,WAT
2026-07-23|Liquid Biopsy & Multi-Cancer Early Detection|Fading|GRAL,GH
2026-07-23|Medical Device Mean-Reversion & Rotation Recovery|Nascent|INSP,TNDM,XRAY,CNMD
2026-07-23|Medical Device Sterilization & Surgical Supply Infrastructure|Nascent|BAX,BDX,COO,STE
2026-07-23|Minimally Invasive & Robotic Surgical Device Platforms|Fading|BSX,PEN
2026-07-23|Molecular Diagnostics & DNA-Based Genetic Testing|Mainstream|QGEN,BLLN
2026-07-23|Multifamily Apartment REITs|Fading|CPT,UDR
2026-07-23|Network Security & Zero-Trust Edge|Fading|CRWD,NET,PANW,OKTA,VRNS,CVLT,FTNT,RBRK,BB
2026-07-23|Office REIT Recovery & Re-Rating|Nascent|HIW,BXP,SLG,CDP
2026-07-23|Online Insurance Comparison & Digital Marketplace Platforms|Nascent|EVER,MAX
2026-07-23|Open-Air & Strip Mall Retail REITs|Mainstream|FRT,UE,KRG,REG,KIM,PECO,BRX,SKT
2026-07-23|Packaged & Shelf-Stable Food Manufacturers|Fading|GIS,KHC,CAG,CPB
2026-07-23|Peptide & Hormone Therapies for Metabolic & Endocrine Disorders|Mainstream|CORT,ASND,XERS,VKTX,MBX,PTGX
2026-07-23|Powersports & Recreational Vehicle Manufacturers|Nascent|HOG,PII
2026-07-23|Private Mortgage Insurance|Mainstream|NMIH,MTG,ESNT,RDN
2026-07-23|Professional Advisory & Business Services|Mainstream|CBZ,CRAI
2026-07-23|Property & Casualty Insurance Underwriters|Mainstream|AFG,TRV,AXS,HIG,ALL,WRB,CINF,THG,SKWD,ORI,HCI,ACGL,CB
2026-07-23|Quantum Computing Hardware & Software|Fading|IONQ,QUBT
2026-07-23|Semiconductor Wafer Foundry & Advanced IC Manufacturing|Fading|TSEM,UMC,MKSI,AMAT,ICHR,UCTT,KLAC,ACMR,LRCX
2026-07-23|Senior & Long-Term Care Healthcare REITs|Accelerating|VTR,OHI,LTC,NHI
2026-07-23|Smart Home Security & Comfort Systems|Fading|ALRM,REZI
2026-07-23|SMB & Workforce Business Services Platforms|Mainstream|LZ,NSP
2026-07-23|Specialty Catastrophe Property Insurance Underwriters|Fading|SLDE,NP
2026-07-23|Specialty Insurance Underwriting & Brokerage|Fading|PLMR,RYAN
2026-07-23|Targeted Protein Degradation Oncology|Fading|KYMR,GLUE
2026-07-23|Traditional Staffing & Talent Placement Services|Mainstream|RHI,MAN
2026-07-23|Truckload & LTL Freight Carriers|Mainstream|HUBG,RXO,SNDR,ARCB,KNX,TFII,WERN,LSTR
2026-07-23|Uniform Rental & Managed Workwear Services|Mainstream|VSTS,CTAS
2026-07-23|U.S. Apparel & Fashion Recovery|Mainstream|UA,CROX,RVLV
2026-07-23|U.S. Apparel & Lifestyle Brand Recovery|Nascent|OXM,VSXY
2026-07-23|U.S. Domestic Steel Producers|Accelerating|STLD,NUE
2026-07-23|Used Vehicle & Mobility Asset Rental Recovery|Fading|KMX,CAR
2026-07-23|U.S. Passenger Airlines|Fading|ALGT,ALK,SKYW,UAL,DAL,LUV
2026-07-23|U.S. Petroleum Refining & Downstream Processing|Mainstream|MPC,PSX,VLO,NWE,SR,PBF,DINO,BKH,AVA,POR,NJR,DK,PARR
2026-07-23|U.S. Regional & Mid-Cap Commercial Banks|Mainstream|UMBF,MTB,SSB,EWBC,RF,ZION,HBAN,USB,WAL,PNC,GBCI,CFG,WTFC,BOKF,TFC,WSFS,HWC,FHN,FITB,KEY
2026-07-23|Wealth Management & Retail Brokerage Platforms|Mainstream|RJF,SEIC,LPLA,HOOD,SF,AMP,SCHW
2026-07-24|Aerospace Structural Materials & Advanced Composites|Nascent|DPC,HXL
2026-07-24|AI Compute & GPU Data Center Hosting Operators|Fading|CORZ,WULF
2026-07-24|AI-Powered Enterprise Analytics & Intelligent Workflow SaaS|Fading|INTA,AMPL,AVPT
2026-07-24|AI-Powered Software Development & DevOps Platforms|Fading|PRGS,GTLB
2026-07-24|Analog & Microcontroller Semiconductors — Automotive & Industrial Cycle Recovery|Fading|ADI,NXPI,ON,TXN
2026-07-24|Antibody-Based Oncology & Autoimmune Biologics|Fading|ABVX,GMAB
2026-07-24|Automotive Components & Tire Suppliers|Fading|GT,ADNT
2026-07-24|B2B Data Intelligence & Professional Information Services|Fading|NIQ,TRI
2026-07-24|B2B Digital Financial Infrastructure & Payment Rails Modernization|Mainstream|PAY,QTWO,ACIW
2026-07-24|B2B Marketing Automation & Customer Engagement SaaS|Fading|KVYO,HUBS
2026-07-24|Bitcoin Mining & Crypto Infrastructure Operators|Accelerating|CIFR,HUT
2026-07-24|Canadian Big Banks|Accelerating|RY,TD,BNS,BMO,CM
2026-07-24|Casual Dining Restaurant Turnaround|Mainstream|EAT,CBRL
2026-07-24|Clinical-Stage Oncology Biotech|Nascent|TGTX,ELVN
2026-07-24|Cloud Communications & Contact Center Platforms|Fading|BAND,FIVN
2026-07-24|Cloud Data Storage & Analytics Infrastructure|Mainstream|BLZE,SNOW
2026-07-24|Cloud Observability & AIOps Monitoring Platforms|Fading|DDOG,PD
2026-07-24|Cloud Supply Chain & Warehouse Management Software|Fading|SPSC,MANH
2026-07-24|Coastal & Suburban Residential Rental REITs|Fading|EQR,AMH,ESS,AVB,INVH
2026-07-24|Commercial Real Estate Brokerage & Advisory Services|Fading|CBRE,NMRK,JLL
2026-07-24|Consumer Fintech & Digital Credit Platforms|Mainstream|SEZL,DAVE
2026-07-24|Containerboard & Corrugated Packaging Producers|Accelerating|IP,PKG,SW
2026-07-24|Copper Mining & Production|Nascent|HBM,ERO,TGB,FCX,SCCO
2026-07-24|Corporate Spend, Expense Management & Financial Operations Software|Mainstream|BILL,NAVN,WEX
2026-07-24|Cross-Border & International Payments Processing|Fading|EEFT,GPN
2026-07-24|Custom AI Silicon & Chip Architecture Licensing|Fading|CRDO,ARM,QUIK,ALAB,MRVL,CEVA
2026-07-24|Cyber Exposure Management & Vulnerability Assessment|Fading|RPD,TENB,QLYS
2026-07-24|Defense Precision Components & Mission-Critical Subsystems|Nascent|DPC,FEIM,VVX
2026-07-24|Defense Prime Contractors & Aerospace Systems|Fading|LMT,RTX
2026-07-24|Digital Advertising Technology Platforms|Fading|QNST,MGNI
2026-07-24|Digital Insurance Distribution & Marketplace Platforms|Fading|PRCH,GSHD
2026-07-24|Digital Payments Processing & Merchant Acquiring Networks|Fading|PYPL,FOUR
2026-07-24|Domestic Steel Producers|Accelerating|STLD,NUE
2026-07-24|Emerging Market Digital Commerce & Fintech Platforms|Fading|SE,MELI
2026-07-24|Enterprise HR & Workforce Management SaaS|Mainstream|PCTY,ALIT,WDAY
2026-07-24|Enterprise Server, Storage & Data Infrastructure Hardware|Nascent|HPE,STX,NTAP,DELL
2026-07-24|European Bank Stocks|Mainstream|SAN,NWG,LYG,BBVA,BCS,ING
2026-07-24|Financial Compliance & Regulatory Reporting SaaS|Fading|WK,DFIN
2026-07-24|Financial Services Vertical SaaS|Fading|SSNC,JKHY
2026-07-24|For-Profit Education & Career Training Providers|Fading|CVSA,STRA
2026-07-24|For-Profit Education & Workforce Training Providers|Retired|
2026-07-24|Franchise Auto Dealership Groups|Mainstream|ABG,SAH,PAG
2026-07-24|Global Crude & Product Tanker Fleet Operators|Mainstream|DHT,TRMD,FRO,INSW,NAT,TNK
2026-07-24|Global Steel & Metal Producers Recovery|Nascent|CMC,RYZ,TX,MT
2026-07-24|Golf Equipment & Apparel|Retired|
2026-07-24|Government & Commercial Management Consulting Services|Retired|
2026-07-24|Heavy Transportation Equipment Manufacturers|Nascent|WAB,PCAR
2026-07-24|Independent Power Producers & Nuclear Generation|Fading|VST,CEG,TLN
2026-07-24|Industrial Automation & Electrical Control Systems|Fading|HLIO,AME,ROK
2026-07-24|Industrial Construction Execution & On-Site Supply Chain|Nascent|TPC,SUNB,DNOW,RYZ
2026-07-24|Industrial Fluid Control, Filtration & Water Infrastructure Equipment|Nascent|IEX,IR,FELE,DCI,KAI
2026-07-24|Industrial & Logistics REITs|Mainstream|STAG,FR,TRNO,EGP
2026-07-24|Inflammatory Disease & Immunology Biologics|Nascent|SYRE,ORKA
2026-07-24|Insurance Brokerage & Distribution Services|Fading|AON,BRO,AJG
2026-07-24|IT Distribution & Technology Services Providers|Nascent|EFOR,INGM
2026-07-24|Korean Financial Sector Recovery|Nascent|SHG,KB
2026-07-24|Life Insurance & Annuity Providers|Mainstream|PFG,UNM,PRU,MET
2026-07-24|Life Science Tools & Analytical Instruments|Mainstream|MTD,TMO,WAT
2026-07-24|Liquid Biopsy & Multi-Cancer Early Detection|Fading|GRAL,GH
2026-07-24|Medical Device Mean-Reversion & Rotation Recovery|Nascent|INSP,TNDM,XRAY,CNMD
2026-07-24|Medical Device Sterilization & Surgical Supply Infrastructure|Fading|BAX,BDX
2026-07-24|Minimally Invasive & Robotic Surgical Device Platforms|Retired|
2026-07-24|Molecular Diagnostics & DNA-Based Genetic Testing|Mainstream|BLLN,QGEN
2026-07-24|Multifamily Apartment REITs|Fading|CPT,UDR
2026-07-24|Network Security & Zero-Trust Edge|Fading|FTNT,RBRK,CRWD,OKTA,CVLT,BB,VRNS,PANW,NET
2026-07-24|Office REIT Recovery & Re-Rating|Mainstream|SLG,BXP,HIW,CDP
2026-07-24|Online Insurance Comparison & Digital Marketplace Platforms|Mainstream|EVER,MAX
2026-07-24|Open-Air & Strip Mall Retail REITs|Mainstream|KIM,UE,REG,PECO,KRG,BRX,SKT,FRT
2026-07-24|Packaged & Shelf-Stable Food Manufacturers|Retired|
2026-07-24|Peptide & Hormone Therapies for Metabolic & Endocrine Disorders|Mainstream|CORT,XERS,MBX,VKTX,PTGX
2026-07-24|Powersports & Recreational Vehicle Manufacturers|Nascent|PII,HOG
2026-07-24|Precious Metals Miners & Royalty Streamers|Nascent|NEM,KGC,AU,GFI,AGI,EGO,EQX,IAG,SBSW,SSRM,ORLA,ARIS,MUX,NG,AUGO,PAAS,AG,EXK,FSM,HL,CDE,PPTA
2026-07-24|Precious Metals Royalty & Streaming Companies|Nascent|FNV,OR,RGLD,WPM
2026-07-24|Private Mortgage Insurance|Mainstream|RDN,NMIH,ESNT,MTG
2026-07-24|Professional Advisory & Business Services|Mainstream|CBZ,CRAI
2026-07-24|Property & Casualty Insurance Underwriters|Mainstream|THG,WRB,ACGL,CINF,AXS,ORI,HIG,AFG,CB,ALL,TRV,HCI,SKWD
2026-07-24|Quantum Computing Hardware & Software|Retired|
2026-07-24|Semiconductor Wafer Foundry & Advanced IC Manufacturing|Fading|MKSI,TSEM,KLAC,ICHR,AMAT,UCTT,ACMR,UMC,LRCX
2026-07-24|Senior & Long-Term Care Healthcare REITs|Accelerating|OHI,NHI,VTR,LTC
2026-07-24|Smart Home Security & Comfort Systems|Fading|ALRM,REZI
2026-07-24|SMB & Workforce Business Services Platforms|Mainstream|NSP,LZ
2026-07-24|Specialty Catastrophe Property Insurance Underwriters|Fading|SLDE,NP
2026-07-24|Specialty Insurance Underwriting & Brokerage|Fading|PLMR,RYAN
2026-07-24|Targeted Protein Degradation Oncology|Fading|KYMR,GLUE
2026-07-24|Traditional Staffing & Talent Placement Services|Mainstream|MAN,RHI
2026-07-24|Truckload & LTL Freight Carriers|Mainstream|HUBG,ARCB,LSTR,KNX,SNDR,RXO,WERN,TFII
2026-07-24|Uniform Rental & Managed Workwear Services|Mainstream|VSTS,CTAS
2026-07-24|U.S. Apparel & Fashion Recovery|Mainstream|RVLV,UA,CROX
2026-07-24|U.S. Apparel & Lifestyle Brand Recovery|Fading|OXM,VSXY
2026-07-24|Used Vehicle & Mobility Asset Rental Recovery|Fading|KMX,CAR
2026-07-24|U.S. Passenger Airlines|Mainstream|SKYW,LUV,UAL,ALGT,DAL,ALK
2026-07-24|U.S. Petroleum Refining & Downstream Processing|Mainstream|MPC,DK,PSX,PBF,DINO,PARR,VLO
2026-07-24|U.S. Regional & Mid-Cap Commercial Banks|Mainstream|MTB,HWC,TFC,UMBF,CFG,EWBC,PNC,BOKF,WTFC,GBCI,WSFS,ZION,FITB,SSB,USB,FHN,KEY,WAL,RF,HBAN
2026-07-24|Wealth Management & Retail Brokerage Platforms|Mainstream|RJF,SCHW,SEIC,SF,HOOD,AMP,LPLA
2026-07-27|Aerospace Structural Materials & Advanced Composites|Retired|
2026-07-27|AI Compute & GPU Data Center Hosting Operators|Retired|
2026-07-27|AI-Powered Enterprise Analytics & Intelligent Workflow SaaS|Mainstream|AMPL,INTA,AVPT
2026-07-27|AI-Powered Software Development & DevOps Platforms|Retired|
2026-07-27|Analog & Microcontroller Semiconductors — Automotive & Industrial Cycle Recovery|Fading|ADI,NXPI,ON,TXN
2026-07-27|Antibody-Based Oncology & Autoimmune Biologics|Retired|
2026-07-27|Automotive Components & Tire Suppliers|Fading|GT,ADNT
2026-07-27|B2B Data Intelligence & Professional Information Services|Retired|
2026-07-27|B2B Digital Financial Infrastructure & Payment Rails Modernization|Mainstream|ACIW,PAY,QTWO
2026-07-27|B2B Marketing Automation & Customer Engagement SaaS|Fading|KVYO,HUBS
2026-07-27|Bitcoin Mining & Crypto Infrastructure Operators|Fading|CIFR,HUT
2026-07-27|Canadian Big Banks|Accelerating|RY,BMO,TD,CM,BNS
2026-07-27|Casual Dining Restaurant Turnaround|Mainstream|EAT,CBRL
2026-07-27|Clinical-Stage Oncology Biotech|Nascent|ELVN,TGTX
2026-07-27|Cloud Communications & Contact Center Platforms|Fading|BAND,FIVN
2026-07-27|Cloud Data Storage & Analytics Infrastructure|Mainstream|BLZE,SNOW
2026-07-27|Cloud Observability & AIOps Monitoring Platforms|Fading|DDOG,PD
2026-07-27|Cloud Supply Chain & Warehouse Management Software|Mainstream|MANH,SPSC
2026-07-27|Coastal & Suburban Residential Rental REITs|Fading|EQR,AMH,ESS,AVB,INVH
2026-07-27|Commercial Real Estate Brokerage & Advisory Services|Mainstream|JLL,CBRE,NMRK
2026-07-27|Consumer Fintech & Digital Credit Platforms|Mainstream|DAVE,SEZL
2026-07-27|Containerboard & Corrugated Packaging Producers|Accelerating|SW,IP,PKG
2026-07-27|Copper Mining & Production|Nascent|SCCO,HBM,FCX,ERO,TGB
2026-07-27|Corporate Spend, Expense Management & Financial Operations Software|Mainstream|BILL,NAVN,WEX
2026-07-27|Cross-Border & International Payments Processing|Mainstream|GPN,EEFT
2026-07-27|Cruise Line & Ocean Travel Recovery|Nascent|LIND,RCL,NCLH
2026-07-27|Custom AI Silicon & Chip Architecture Licensing|Fading|CRDO,ARM,QUIK,ALAB,MRVL,CEVA
2026-07-27|Cyber Exposure Management & Vulnerability Assessment|Fading|TENB,RPD,QLYS
2026-07-27|Defense Precision Components & Mission-Critical Subsystems|Fading|DPC,HXL,FEIM
2026-07-27|Defense Prime Contractors & Aerospace Systems|Fading|LMT,RTX
2026-07-27|Department Store Retail Recovery|Nascent|KSS,DDS
2026-07-27|Digital Advertising Technology Platforms|Fading|QNST,MGNI
2026-07-27|Digital Insurance Distribution & Marketplace Platforms|Retired|
2026-07-27|Digital Payments Processing & Merchant Acquiring Networks|Fading|PYPL,FOUR
2026-07-27|Domestic Steel Producers|Retired|
2026-07-27|Emerging Market Digital Commerce & Fintech Platforms|Fading|SE,MELI
2026-07-27|Enterprise HR & Workforce Management SaaS|Mainstream|ALIT,WDAY,PCTY
2026-07-27|Enterprise Server, Storage & Data Infrastructure Hardware|Nascent|DELL,STX,NTAP,HPE
2026-07-27|European Bank Stocks|Nascent|BCS,SAN,BBVA,LYG,ING,NWG
2026-07-27|Financial Compliance & Regulatory Reporting SaaS|Fading|WK,DFIN
2026-07-27|Financial Services Vertical SaaS|Fading|SSNC,JKHY
2026-07-27|For-Profit Education & Career Training Providers|Fading|CVSA,STRA
2026-07-27|Franchise Auto Dealership Groups|Mainstream|ABG,PAG,SAH
2026-07-27|Global Crude & Product Tanker Fleet Operators|Mainstream|NAT,TNK,INSW,DHT,FRO,TRMD
2026-07-27|Global Steel & Metal Producers Recovery|Nascent|TX,MT
2026-07-27|Heavy Transportation Equipment Manufacturers|Retired|
2026-07-27|Hospital & Behavioral Health Facility Procedure Volume Recovery|Nascent|BSX,HCA,UHS,THC
2026-07-27|Hotel REIT Recovery & Re-Rating|Nascent|RLJ,XHR
2026-07-27|Independent Power Producers & Nuclear Generation|Fading|VST,CEG
2026-07-27|Industrial Automation & Electrical Control Systems|Fading|HLIO,AME,ROK
2026-07-27|Industrial Construction Execution & On-Site Supply Chain|Nascent|SUNB,DNOW,TPC,RYZ
2026-07-27|Industrial Fluid Control, Filtration & Water Infrastructure Equipment|Accelerating|DCI,FELE,IR,IEX,KAI
2026-07-27|Industrial & Logistics REITs|Mainstream|FR,TRNO,EGP,STAG
2026-07-27|Inflammatory Disease & Immunology Biologics|Nascent|ORKA,SYRE
2026-07-27|Insurance Brokerage & Distribution Services|Mainstream|AON,BRO,AJG
2026-07-27|IT Distribution & Technology Services Providers|Nascent|INGM,EFOR
2026-07-27|Korean Financial Sector Recovery|Fading|SHG,KB
2026-07-27|Life Insurance & Annuity Providers|Mainstream|UNM,PFG,MET,PRU
2026-07-27|Life Science Tools & Analytical Instruments|Mainstream|WAT,MTD,TMO
2026-07-27|Liquid Biopsy & Multi-Cancer Early Detection|Fading|GRAL,GH
2026-07-27|Medical Device Mean-Reversion & Rotation Recovery|Mainstream|XRAY,INSP,TNDM,CNMD
2026-07-27|Medical Device Sterilization & Surgical Supply Infrastructure|Retired|
2026-07-27|Molecular Diagnostics & DNA-Based Genetic Testing|Mainstream|QGEN,BLLN
2026-07-27|Multifamily Apartment REITs|Fading|CPT,UDR
2026-07-27|Network Security & Zero-Trust Edge|Fading|VRNS,OKTA,CRWD,BB,RBRK,NET,PANW,CVLT,FTNT
2026-07-27|Office REIT Recovery & Re-Rating|Mainstream|HIW,BXP,SLG,CDP
2026-07-27|Online Insurance Comparison & Digital Marketplace Platforms|Nascent|MAX,EVER
2026-07-27|Open-Air & Strip Mall Retail REITs|Mainstream|KRG,UE,FRT,BRX,SKT,PECO,KIM,REG
2026-07-27|Peptide & Hormone Therapies for Metabolic & Endocrine Disorders|Mainstream|MBX,PTGX,CORT,XERS,VKTX
2026-07-27|Powersports & Recreational Vehicle Manufacturers|Fading|PII,HOG
2026-07-27|Precious Metals Miners & Royalty Streamers|Fading|EGO,FSM
2026-07-27|Precious Metals Royalty & Streaming Companies|Fading|FNV,RGLD
2026-07-27|Private Mortgage Insurance|Mainstream|MTG,RDN,NMIH,ESNT
2026-07-27|Professional Advisory & Business Services|Mainstream|CBZ,CRAI
2026-07-27|Property & Casualty Insurance Underwriters|Mainstream|CINF,THG,CB,HIG,ALL,HCI,WRB,TRV,ORI,SKWD,AFG,AXS,ACGL
2026-07-27|Regulated Gas & Electric Distribution Utilities|Nascent|AVA,BKH,NJR,NWE,POR,SR
2026-07-27|Semiconductor Wafer Foundry & Advanced IC Manufacturing|Mainstream|MKSI,ACMR,KLAC,UCTT,AMAT,TSEM,UMC,ICHR
2026-07-27|Senior & Long-Term Care Healthcare REITs|Mainstream|VTR,NHI,OHI,LTC
2026-07-27|Smart Home Security & Comfort Systems|Accelerating|REZI,ALRM
2026-07-27|SMB & Workforce Business Services Platforms|Mainstream|LZ,NSP
2026-07-27|Specialty Catastrophe Property Insurance Underwriters|Retired|
2026-07-27|Specialty Insurance Underwriting & Brokerage|Mainstream|PLMR,RYAN
2026-07-27|Targeted Protein Degradation Oncology|Fading|KYMR,GLUE
2026-07-27|Traditional Staffing & Talent Placement Services|Nascent|MAN,RHI
2026-07-27|Truckload & LTL Freight Carriers|Mainstream|TFII,WERN,KNX,LSTR,ARCB,SNDR,RXO,HUBG
2026-07-27|Uniform Rental & Managed Workwear Services|Mainstream|CTAS,VSTS
2026-07-27|U.S. Apparel & Fashion Recovery|Mainstream|RVLV,UA,CROX
2026-07-27|U.S. Apparel & Lifestyle Brand Recovery|Fading|OXM,VSXY
2026-07-27|U.S. Domestic Steel Producers|Accelerating|STLD,NUE
2026-07-27|Used Vehicle & Mobility Asset Rental Recovery|Retired|
2026-07-27|U.S. Passenger Airlines|Fading|LUV,UAL,SKYW,DAL,ALK,ALGT
2026-07-27|U.S. Petroleum Refining & Downstream Processing|Mainstream|DK,PARR,PBF,VLO,PSX,MPC,DINO
2026-07-27|U.S. Regional & Mid-Cap Commercial Banks|Mainstream|HBAN,USB,ZION,UMBF,WAL,RF,WSFS,FITB,EWBC,KEY,CFG,HWC,MTB,TFC,WTFC,GBCI,SSB,FHN,PNC,BOKF
2026-07-27|Wealth Management & Retail Brokerage Platforms|Mainstream|HOOD,SF,SCHW,SEIC,RJF,LPLA,AMP
2026-07-28|AI-Powered Enterprise Analytics & Intelligent Workflow SaaS|Mainstream|INTA,AVPT,AMPL
2026-07-28|Analog & Microcontroller Semiconductors — Automotive & Industrial Cycle Recovery|Fading|NXPI,TXN
2026-07-28|Asset Management & Fund Administration Platform Ecosystem|Nascent|BX,SSNC
2026-07-28|Automotive Components & Tire Suppliers|Fading|GT,ADNT
2026-07-28|B2B Digital Financial Infrastructure & Payment Rails Modernization|Mainstream|PAY,QTWO,ACIW
2026-07-28|B2B Marketing Automation & Customer Engagement SaaS|Accelerating|HUBS,KVYO
2026-07-28|Bitcoin Mining & Crypto Infrastructure Operators|Fading|CIFR,HUT
2026-07-28|Canadian Big Banks|Mainstream|BMO,TD,CM,BNS,RY
2026-07-28|Casual Dining Restaurant Turnaround|Mainstream|CBRL,EAT
2026-07-28|Clinical-Stage Oncology Biotech|Nascent|TGTX,ELVN
2026-07-28|Cloud Communications & Contact Center Platforms|Retired|
2026-07-28|Cloud Data Storage & Analytics Infrastructure|Fading|BLZE,SNOW
2026-07-28|Cloud Observability & AIOps Monitoring Platforms|Fading|DDOG,PD
2026-07-28|Cloud Supply Chain & Warehouse Management Software|Accelerating|MANH,SPSC
2026-07-28|Coastal & Suburban Residential Rental REITs|Fading|EQR,AMH,ESS,AVB,INVH
2026-07-28|Commercial Real Estate Brokerage & Advisory Services|Accelerating|NMRK,CBRE,JLL
2026-07-28|Consumer Fintech & Digital Credit Platforms|Mainstream|SEZL,DAVE
2026-07-28|Consumer Staples Packaged Food & Snack Brand Recovery|Nascent|LW,UTZ,CAG
2026-07-28|Containerboard & Corrugated Packaging Producers|Accelerating|PKG,IP,SW
2026-07-28|Copper Mining & Production|Fading|SCCO,HBM,FCX,TGB
2026-07-28|Corporate Spend, Expense Management & Financial Operations Software|Mainstream|NAVN,BILL,WEX
2026-07-28|Cross-Border & International Payments Processing|Accelerating|EEFT,GPN
2026-07-28|Cruise Line & Ocean Travel Recovery|Nascent|NCLH,LIND,RCL
2026-07-28|Custom AI Silicon & Chip Architecture Licensing|Fading|CRDO,QUIK,MRVL
2026-07-28|Cyber Exposure Management & Vulnerability Assessment|Fading|RPD,TENB,QLYS
2026-07-28|Defense Precision Components & Mission-Critical Subsystems|Fading|HXL,FEIM
2026-07-28|Defense Prime Contractors & Aerospace Systems|Fading|LMT,RTX
2026-07-28|Department Store Retail Recovery|Nascent|DDS,KSS
2026-07-28|Digital Advertising Technology Platforms|Retired|
2026-07-28|Digital Payments Processing & Merchant Acquiring Networks|Accelerating|PYPL,FOUR
2026-07-28|Domestic Steel Producers|Accelerating|NUE,STLD
2026-07-28|Emerging Market Digital Commerce & Fintech Platforms|Retired|
2026-07-28|Enterprise HR & Workforce Management SaaS|Mainstream|PCTY,WDAY,ALIT
2026-07-28|Enterprise Server, Storage & Data Infrastructure Hardware|Mainstream|NTAP,HPE,STX,DELL
2026-07-28|European Bank Stocks|Nascent|NWG,ING,LYG,BCS,BBVA,SAN
2026-07-28|Financial Compliance & Regulatory Reporting SaaS|Accelerating|DFIN,WK
2026-07-28|Financial Services Vertical SaaS|Retired|
2026-07-28|For-Profit Education & Career Training Providers|Fading|CVSA,STRA
2026-07-28|Franchise Auto Dealership Groups|Mainstream|SAH,ABG,PAG
2026-07-28|Global Crude & Product Tanker Fleet Operators|Mainstream|TNK,TRMD,INSW,DHT,FRO,NAT
2026-07-28|Global Steel & Metal Producers Recovery|Fading|TX,MT
2026-07-28|Hospital & Behavioral Health Facility Procedure Volume Recovery|Fading|UHS,THC
2026-07-28|Hotel REIT Recovery & Re-Rating|Nascent|RLJ,XHR
2026-07-28|Independent Power Producers & Nuclear Generation|Fading|VST,CEG
2026-07-28|Industrial Automation & Electrical Control Systems|Fading|HLIO,AME,ROK
2026-07-28|Industrial Construction Execution & On-Site Supply Chain|Nascent|TPC,RYZ,DNOW,SUNB
2026-07-28|Industrial Fluid Control, Filtration & Water Infrastructure Equipment|Accelerating|DCI,FELE,KAI,IR,IEX
2026-07-28|Industrial & Logistics REITs|Mainstream|FR,EGP,STAG,TRNO
2026-07-28|Inflammatory Disease & Immunology Biologics|Nascent|SYRE,ORKA
2026-07-28|Insurance Brokerage & Distribution Services|Accelerating|AJG,AON,BRO
2026-07-28|IT Distribution & Technology Services Providers|Mainstream|INGM,EFOR
2026-07-28|Korean Financial Sector Recovery|Fading|SHG,KB
2026-07-28|Life Insurance & Annuity Providers|Mainstream|MET,UNM,PFG,PRU
2026-07-28|Life Science Tools & Analytical Instruments|Mainstream|MTD,WAT,TMO
2026-07-28|Liquid Biopsy & Multi-Cancer Early Detection|Retired|
2026-07-28|Medical Device Mean-Reversion & Rotation Recovery|Accelerating|XRAY,CNMD,INSP,TNDM
2026-07-28|Molecular Diagnostics & DNA-Based Genetic Testing|Mainstream|BLLN,QGEN
2026-07-28|Multifamily Apartment REITs|Fading|CPT,UDR
2026-07-28|Network Security & Zero-Trust Edge|Fading|NET,CVLT,OKTA,VRNS,RBRK,BB,CRWD,PANW,FTNT
2026-07-28|Office REIT Recovery & Re-Rating|Mainstream|CDP,HIW,SLG,BXP
2026-07-28|Online Insurance Comparison & Digital Marketplace Platforms|Nascent|MAX,EVER
2026-07-28|Open-Air & Strip Mall Retail REITs|Mainstream|UE,PECO,SKT,FRT,KRG,KIM,BRX,REG
2026-07-28|Peptide & Hormone Therapies for Metabolic & Endocrine Disorders|Fading|XERS,MBX,PTGX,CORT
2026-07-28|Powersports & Recreational Vehicle Manufacturers|Fading|PII,HOG
2026-07-28|Precious Metals Miners & Royalty Streamers|Fading|EGO,FSM
2026-07-28|Precious Metals Royalty & Streaming Companies|Fading|FNV,RGLD
2026-07-28|Private Mortgage Insurance|Mainstream|MTG,ESNT,RDN,NMIH
2026-07-28|Professional Advisory & Business Services|Mainstream|CRAI,CBZ
2026-07-28|Property & Casualty Insurance Underwriters|Mainstream|WRB,TRV,ALL,ACGL,CB,AFG,HCI,HIG,AXS,ORI,SKWD,THG,CINF
2026-07-28|Regulated Gas & Electric Distribution Utilities|Retired|
2026-07-28|Semiconductor Wafer Foundry & Advanced IC Manufacturing|Fading|AMAT,UMC
2026-07-28|Senior & Long-Term Care Healthcare REITs|Mainstream|LTC,NHI,OHI,VTR
2026-07-28|Smart Home Security & Comfort Systems|Mainstream|REZI,ALRM
2026-07-28|SMB & Workforce Business Services Platforms|Mainstream|NSP,LZ
2026-07-28|Specialty Insurance Underwriting & Brokerage|Fading|PLMR,RYAN
2026-07-28|Specialty Pharma — Rare Disease & Cardiopulmonary Therapeutics|Nascent|KNSA,LQDA
2026-07-28|Targeted Protein Degradation Oncology|Fading|KYMR,GLUE
2026-07-28|Traditional Staffing & Talent Placement Services|Nascent|RHI,MAN
2026-07-28|Truckload & LTL Freight Carriers|Fading|HUBG,KNX,TFII,ARCB,RXO,WERN,SNDR
2026-07-28|Uniform Rental & Managed Workwear Services|Mainstream|CTAS,VSTS
2026-07-28|U.S. Apparel & Fashion Recovery|Mainstream|UA,RVLV,CROX
2026-07-28|U.S. Apparel & Lifestyle Brand Recovery|Mainstream|VSXY,OXM
2026-07-28|U.S. Passenger Airlines|Accelerating|ALK,LUV,SKYW,UAL,ALGT,DAL
2026-07-28|U.S. Petroleum Refining & Downstream Processing|Mainstream|NJR,VLO,SR,DK,AVA,PBF,PSX,DINO,PARR,NWE,BKH,MPC
2026-07-28|U.S. Regional & Mid-Cap Commercial Banks|Mainstream|WAL,SSB,EWBC,KEY,USB,UMBF,WSFS,ZION,PNC,FITB,HWC,FHN,GBCI,RF,TFC,WTFC,HBAN,CFG,BOKF,MTB
2026-07-28|Wealth Management & Retail Brokerage Platforms|Mainstream|RJF,LPLA,AMP,SF,SCHW,HOOD,SEIC
2026-07-29|AI-Augmented Business Process Outsourcing & IT Services|Nascent|EXLS,G
2026-07-29|AI-Powered Enterprise Analytics & Intelligent Workflow SaaS|Accelerating|INTA,AMPL,AVPT
2026-07-29|Analog & Microcontroller Semiconductors — Automotive & Industrial Cycle Recovery|Fading|NXPI,TXN
2026-07-29|Asset Management & Fund Administration Platform Ecosystem|Nascent|BX,SSNC
2026-07-29|Automotive Components & Tire Suppliers|Fading|GT,ADNT
2026-07-29|B2B Digital Financial Infrastructure & Payment Rails Modernization|Mainstream|PAY,QTWO,ACIW
2026-07-29|B2B Marketing Automation & Customer Engagement SaaS|Accelerating|KVYO,HUBS
2026-07-29|Bitcoin Mining & Crypto Infrastructure Operators|Fading|CIFR,HUT
2026-07-29|Canadian Big Banks|Mainstream|RY,BMO,TD,BNS,CM
2026-07-29|Casual Dining & Full-Service Restaurant Chain Recovery|Nascent|EAT,CAKE
2026-07-29|Casual Dining Restaurant Turnaround|Retired|
2026-07-29|Clinical-Stage Oncology Biotech|Nascent|TGTX,ELVN
2026-07-29|Cloud Data Storage & Analytics Infrastructure|Mainstream|BLZE,SNOW
2026-07-29|Cloud Observability & AIOps Monitoring Platforms|Fading|PD,DDOG
2026-07-29|Cloud Supply Chain & Warehouse Management Software|Accelerating|MANH,SPSC
2026-07-29|Coastal & Suburban Residential Rental REITs|Fading|AMH,INVH,AVB,ESS,EQR
2026-07-29|Commercial Real Estate Brokerage & Advisory Services|Fading|NMRK,CBRE,JLL
2026-07-29|Consumer Fintech & Digital Credit Platforms|Fading|SEZL,DAVE
2026-07-29|Consumer Staples Packaged Food & Snack Brand Recovery|Nascent|CAG,LW
2026-07-29|Containerboard & Corrugated Packaging Producers|Accelerating|SW,IP,PKG
2026-07-29|Copper Mining & Production|Fading|SCCO,HBM,FCX,TGB
2026-07-29|Corporate Spend, Expense Management & Financial Operations Software|Mainstream|BILL,WEX,NAVN
2026-07-29|Cross-Border & International Payments Processing|Accelerating|EEFT,GPN
2026-07-29|Cruise Line & Ocean Travel Recovery|Nascent|RCL,NCLH
2026-07-29|Custom AI Silicon & Chip Architecture Licensing|Fading|QUIK,MRVL
2026-07-29|Cyber Exposure Management & Vulnerability Assessment|Fading|TENB,RPD,QLYS
2026-07-29|Defense Precision Components & Mission-Critical Subsystems|Fading|HXL,FEIM
2026-07-29|Defense Prime Contractors & Aerospace Systems|Fading|LMT,RTX
2026-07-29|Department Store Retail Recovery|Nascent|DDS,KSS
2026-07-29|Dermatology & Atopic Immunology Biologics|Nascent|FBRX,APGE
2026-07-29|Digital Payments Processing & Merchant Acquiring Networks|Accelerating|PYPL,FOUR
2026-07-29|Domestic Steel Producers|Retired|
2026-07-29|Enterprise HR & Workforce Management SaaS|Mainstream|WDAY,ALIT,PCTY
2026-07-29|Enterprise Server, Storage & Data Infrastructure Hardware|Fading|DELL,HPE,STX,NTAP
2026-07-29|European Bank Stocks|Nascent|BBVA,SAN,BCS,ING,NWG,LYG
2026-07-29|Financial Compliance & Regulatory Reporting SaaS|Accelerating|DFIN,WK
2026-07-29|For-Profit Education & Career Training Providers|Fading|CVSA,STRA
2026-07-29|Franchise Auto Dealership Groups|Mainstream|ABG,PAG,SAH
2026-07-29|Global Crude & Product Tanker Fleet Operators|Mainstream|NAT,FRO,INSW,DHT,TRMD,TNK
2026-07-29|Global Steel & Metal Producers Recovery|Fading|TX,MT
2026-07-29|Hospital & Behavioral Health Facility Procedure Volume Recovery|Fading|UHS,THC
2026-07-29|Hotel REIT Recovery & Re-Rating|Nascent|RLJ,XHR
2026-07-29|Independent Power Producers & Nuclear Generation|Fading|VST,CEG
2026-07-29|Industrial Automation & Electrical Control Systems|Retired|
2026-07-29|Industrial Construction Execution & On-Site Supply Chain|Fading|TPC,RYZ,DNOW,SUNB
2026-07-29|Industrial Fluid Control, Filtration & Water Infrastructure Equipment|Accelerating|FELE,IR,IEX,DCI,KAI
2026-07-29|Industrial & Logistics REITs|Fading|FR,EGP,STAG,TRNO
2026-07-29|Inflammatory Disease & Immunology Biologics|Mainstream|SYRE,ORKA
2026-07-29|Insurance Brokerage & Distribution Services|Accelerating|AON,BRO,AJG
2026-07-29|Investment Research & Financial Analytics Data Platforms|Nascent|MORN,IT
2026-07-29|IT Distribution & Technology Services Providers|Mainstream|EFOR,INGM
2026-07-29|Korean Financial Sector Recovery|Fading|SHG,KB
2026-07-29|Life Insurance & Annuity Providers|Mainstream|UNM,MET,PRU,PFG
2026-07-29|Life Science Tools & Analytical Instruments|Mainstream|MTD,TMO,WAT
2026-07-29|Medical Device Mean-Reversion & Rotation Recovery|Mainstream|INSP,TNDM,XRAY,CNMD
2026-07-29|Molecular Diagnostics & DNA-Based Genetic Testing|Mainstream|BLLN,QGEN
2026-07-29|Multifamily Apartment REITs|Fading|CPT,UDR
2026-07-29|Network Security & Zero-Trust Edge|Mainstream|PANW,FTNT,NET,CVLT,RBRK,BB,OKTA,CRWD,VRNS
2026-07-29|Office REIT Recovery & Re-Rating|Mainstream|CDP,BXP,HIW,SLG
2026-07-29|Online Insurance Comparison & Digital Marketplace Platforms|Nascent|EVER,MAX
2026-07-29|Open-Air & Strip Mall Retail REITs|Mainstream|BRX,REG,PECO,SKT,KRG,UE,FRT,KIM
2026-07-29|Peptide & Hormone Therapies for Metabolic & Endocrine Disorders|Mainstream|XERS,MBX,PTGX,CORT
2026-07-29|Powersports & Recreational Vehicle Manufacturers|Fading|PII,HOG
2026-07-29|Precious Metals Miners & Royalty Streamers|Fading|EGO,FSM
2026-07-29|Precious Metals Royalty & Streaming Companies|Fading|FNV,RGLD
2026-07-29|Private Mortgage Insurance|Mainstream|ESNT,NMIH,MTG,RDN
2026-07-29|Professional Advisory & Business Services|Nascent|CBZ,CRAI
2026-07-29|Property & Casualty Insurance Underwriters|Mainstream|SKWD,ORI,HCI,AXS,AFG,WRB,ALL,ACGL,THG,CB,HIG,TRV,CINF
2026-07-29|Regulated Gas & Electric Distribution Utilities|Nascent|AVA,BKH,NJR,NWE,POR,SR
2026-07-29|Semiconductor Wafer Foundry & Advanced IC Manufacturing|Retired|
2026-07-29|Senior & Long-Term Care Healthcare REITs|Mainstream|NHI,OHI,VTR,LTC
2026-07-29|Smart Home Security & Comfort Systems|Mainstream|ALRM,REZI
2026-07-29|SMB & Workforce Business Services Platforms|Mainstream|NSP,LZ
2026-07-29|Specialty Insurance Underwriting & Brokerage|Accelerating|PLMR,RYAN
2026-07-29|Specialty Pharma — Rare Disease & Cardiopulmonary Therapeutics|Retired|
2026-07-29|Targeted Protein Degradation Oncology|Fading|KYMR,GLUE
2026-07-29|Tax Preparation & Consumer Financial Software Platforms|Nascent|HRB,INTU
2026-07-29|Traditional Staffing & Talent Placement Services|Mainstream|RHI,MAN
2026-07-29|Truckload & LTL Freight Carriers|Fading|HUBG,ARCB,RXO,SNDR,TFII,WERN,KNX
2026-07-29|Uniform Rental & Managed Workwear Services|Mainstream|CTAS,VSTS
2026-07-29|U.S. Apparel & Fashion Recovery|Mainstream|CROX,UA,RVLV
2026-07-29|U.S. Apparel & Lifestyle Brand Recovery|Fading|VSXY,OXM
2026-07-29|U.S. Domestic Steel Producers|Accelerating|STLD,NUE
2026-07-29|U.S. Passenger Airlines|Fading|ALK,LUV,SKYW,UAL,ALGT,DAL
2026-07-29|U.S. Petroleum Refining & Downstream Processing|Mainstream|DINO,PBF,PARR,VLO,MPC,PSX,DK
2026-07-29|U.S. Regional & Mid-Cap Commercial Banks|Mainstream|USB,PNC,UMBF,ZION,FHN,HBAN,RF,WAL,BOKF,SSB,KEY,HWC,WSFS,MTB,CFG,FITB,EWBC,WTFC,TFC
2026-07-29|Wealth Management & Retail Brokerage Platforms|Mainstream|SEIC,SF,AMP,RJF,HOOD,LPLA,SCHW
2026-07-30|AI-Augmented Business Process Outsourcing & IT Services|Nascent|G,EXLS
2026-07-30|AI & Data Center Semiconductor Surge|Nascent|LRCX,SIMO,ARM
2026-07-30|AI-Powered Enterprise Analytics & Intelligent Workflow SaaS|Accelerating|AVPT,INTA,AMPL
2026-07-30|Analog & Microcontroller Semiconductors — Automotive & Industrial Cycle Recovery|Fading|NXPI,TXN
2026-07-30|Asset Management & Fund Administration Platform Ecosystem|Nascent|SSNC,BX
2026-07-30|Automotive Components & Tire Suppliers|Retired|
2026-07-30|B2B Digital Financial Infrastructure & Payment Rails Modernization|Mainstream|PAY,ACIW,QTWO
2026-07-30|B2B Marketing Automation & Customer Engagement SaaS|Fading|KVYO,HUBS
2026-07-30|Bitcoin Mining & Crypto Infrastructure Operators|Fading|CIFR,HUT
2026-07-30|Canadian Big Banks|Mainstream|CM,TD,BNS,RY,BMO
2026-07-30|Casual Dining & Full-Service Restaurant Chain Recovery|Nascent|CAKE,EAT
2026-07-30|China Consumer Internet & Digital Marketplace Platforms|Nascent|ATHM,BZ
2026-07-30|Cinema Exhibition & Premium Large-Format Recovery|Nascent|CNK,IMAX
2026-07-30|Clinical-Stage Oncology Biotech|Mainstream|ELVN,TGTX
2026-07-30|Cloud Contact Center & CCaaS Communication Platforms|Nascent|FIVN,RNG
2026-07-30|Cloud Data Storage & Analytics Infrastructure|Mainstream|BLZE,SNOW
2026-07-30|Cloud Observability & AIOps Monitoring Platforms|Accelerating|DDOG,PD
2026-07-30|Cloud Supply Chain & Warehouse Management Software|Accelerating|SPSC,MANH
2026-07-30|Coastal & Suburban Residential Rental REITs|Retired|
2026-07-30|Commercial Real Estate Brokerage & Advisory Services|Accelerating|NMRK,JLL,CBRE
2026-07-30|Consumer Fintech & Digital Credit Platforms|Fading|SEZL,DAVE
2026-07-30|Consumer Staples Packaged Food & Snack Brand Recovery|Fading|LW,CAG
2026-07-30|Containerboard & Corrugated Packaging Producers|Mainstream|PKG,IP,SW
2026-07-30|Copper Mining & Production|Mainstream|SCCO,FCX,TGB,HBM
2026-07-30|Corporate Spend, Expense Management & Financial Operations Software|Mainstream|WEX,BILL,NAVN
2026-07-30|Cross-Border & International Payments Processing|Fading|EEFT,GPN
2026-07-30|Cruise Line & Ocean Travel Recovery|Fading|RCL,NCLH
2026-07-30|Custom AI Silicon & Chip Architecture Licensing|Fading|QUIK,MRVL
2026-07-30|Cyber Exposure Management & Vulnerability Assessment|Nascent|TENB,QLYS,RPD
2026-07-30|Defense Precision Components & Mission-Critical Subsystems|Fading|HXL,FEIM
2026-07-30|Defense Prime Contractors & Aerospace Systems|Fading|LMT,RTX
2026-07-30|Department Store Retail Recovery|Nascent|DDS,KSS
2026-07-30|Dermatology & Atopic Immunology Biologics|Nascent|APGE,FBRX
2026-07-30|Digital Payments Processing & Merchant Acquiring Networks|Accelerating|PYPL,FOUR
2026-07-30|Enterprise HR & Workforce Management SaaS|Mainstream|WDAY,ALIT,PCTY
2026-07-30|Enterprise Server, Storage & Data Infrastructure Hardware|Fading|DELL,NTAP,HPE,STX
2026-07-30|European Bank Stocks|Nascent|ING,LYG,BBVA,BCS,SAN,NWG
2026-07-30|Financial Compliance & Regulatory Reporting SaaS|Fading|DFIN,WK
2026-07-30|For-Profit Education & Career Training Providers|Fading|CVSA,STRA
2026-07-30|Franchise Auto Dealership Groups|Mainstream|ABG,SAH,PAG
2026-07-30|Global Crude & Product Tanker Fleet Operators|Mainstream|DHT,FRO,TRMD,NAT,TNK,INSW
2026-07-30|Global Steel & Metal Producers Recovery|Nascent|MT,TX
2026-07-30|Hospital & Behavioral Health Facility Procedure Volume Recovery|Fading|UHS,THC
2026-07-30|Hotel REIT Recovery & Re-Rating|Nascent|RLJ,XHR
2026-07-30|Independent Power Producers & Nuclear Generation|Fading|VST,CEG
2026-07-30|Industrial Construction Execution & On-Site Supply Chain|Fading|TPC,DNOW,SUNB,RYZ
2026-07-30|Industrial Fluid Control, Filtration & Water Infrastructure Equipment|Accelerating|IEX,KAI,DCI,FELE,IR
2026-07-30|Industrial & Logistics REITs|Fading|FR,EGP,STAG,TRNO
2026-07-30|Inflammatory Disease & Immunology Biologics|Mainstream|SYRE,ORKA
2026-07-30|Insurance Brokerage & Distribution Services|Accelerating|AJG,AON,BRO
2026-07-30|Investment Research & Financial Analytics Data Platforms|Fading|MORN,IT
2026-07-30|IT Distribution & Technology Services Providers|Mainstream|EFOR,INGM
2026-07-30|Korean Financial Sector Recovery|Fading|SHG,KB
2026-07-30|Life Insurance & Annuity Providers|Mainstream|PRU,UNM,PFG,MET
2026-07-30|Life Science Tools & Analytical Instruments|Mainstream|WAT,MTD,TMO
2026-07-30|Medical Device Mean-Reversion & Rotation Recovery|Mainstream|XRAY,TNDM,CNMD,INSP
2026-07-30|Molecular Diagnostics & DNA-Based Genetic Testing|Fading|BLLN,QGEN
2026-07-30|Multifamily Apartment REITs|Retired|
2026-07-30|Network Security & Zero-Trust Edge|Fading|VRNS,FTNT,PANW,OKTA,CRWD,RBRK,NET,CVLT
2026-07-30|Office REIT Recovery & Re-Rating|Mainstream|BXP,SLG,HIW,CDP
2026-07-30|Online Insurance Comparison & Digital Marketplace Platforms|Nascent|EVER,MAX
2026-07-30|Open-Air & Strip Mall Retail REITs|Mainstream|KRG,FRT,KIM,SKT,BRX,REG,PECO,UE
2026-07-30|Peptide & Hormone Therapies for Metabolic & Endocrine Disorders|Mainstream|XERS,PTGX,MBX,CORT
2026-07-30|Powersports & Recreational Vehicle Manufacturers|Fading|PII,HOG
2026-07-30|Precious Metals Miners & Royalty Streamers|Fading|EGO,FSM
2026-07-30|Precious Metals Royalty & Streaming Companies|Fading|FNV,RGLD
2026-07-30|Private Mortgage Insurance|Mainstream|ESNT,NMIH,MTG,RDN
2026-07-30|Professional Advisory & Business Services|Nascent|CRAI,CBZ
2026-07-30|Property & Casualty Insurance Underwriters|Mainstream|HCI,CB,CINF,HIG,ORI,AFG,ACGL,SKWD,ALL,TRV,THG,AXS,WRB
2026-07-30|Regulated Gas & Electric Distribution Utilities|Retired|
2026-07-30|Senior & Long-Term Care Healthcare REITs|Mainstream|OHI,VTR,LTC,NHI
2026-07-30|Smart Home Security & Comfort Systems|Mainstream|ALRM,REZI
2026-07-30|SMB & Workforce Business Services Platforms|Mainstream|LZ,NSP
2026-07-30|Specialty Insurance Underwriting & Brokerage|Fading|PLMR,RYAN
2026-07-30|Specialty Pharma — Rare Disease & Cardiopulmonary Therapeutics|Nascent|KNSA,LQDA
2026-07-30|Targeted Protein Degradation Oncology|Retired|
2026-07-30|Tax Preparation & Consumer Financial Software Platforms|Fading|HRB,INTU
2026-07-30|Traditional Staffing & Talent Placement Services|Mainstream|MAN,RHI
2026-07-30|Truckload & LTL Freight Carriers|Fading|HUBG,ARCB,SNDR,TFII,KNX
2026-07-30|Uniform Rental & Managed Workwear Services|Mainstream|CTAS,VSTS
2026-07-30|U.S. Apparel & Fashion Recovery|Mainstream|RVLV,CROX,UA
2026-07-30|U.S. Apparel & Lifestyle Brand Recovery|Fading|VSXY,OXM
2026-07-30|US-China Tariff Truce — Consumer Goods & Digital Beneficiaries|Nascent|HAS,MAT,SONO,BZ
2026-07-30|U.S. Domestic Steel Producers|Accelerating|NUE,STLD
2026-07-30|U.S. Passenger Airlines|Fading|ALGT,ALK,SKYW,UAL,LUV,DAL
2026-07-30|U.S. Petroleum Refining & Downstream Processing|Mainstream|BKH,DK,VLO,PSX,MPC,PBF,AVA,NWE,PARR,DINO,NJR
2026-07-30|U.S. Regional & Mid-Cap Commercial Banks|Mainstream|UMBF,ZION,SSB,HWC,PNC,TFC,HBAN,MTB,FITB,WSFS,WAL,EWBC,WTFC,BOKF,KEY,RF,USB,CFG,FHN
2026-07-30|Vacation Ownership & Timeshare Resort Recovery|Nascent|HGV,TNL,VAC
2026-07-30|Wealth Management & Retail Brokerage Platforms|Mainstream|HOOD,AMP,SEIC,SF,SCHW,LPLA,RJF
2026-07-31|AI-Augmented Business Process Outsourcing & IT Services|Fading|G,EXLS
2026-07-31|AI data center infrastructure buildout|Nascent|BLZE,FLNC,MPWR
2026-07-31|AI & Data Center Semiconductor Surge|Retired|
2026-07-31|AI-Powered Enterprise Analytics & Intelligent Workflow SaaS|Accelerating|AMPL,AVPT,INTA
2026-07-31|Analog & Microcontroller Semiconductors — Automotive & Industrial Cycle Recovery|Retired|
2026-07-31|Asset Management & Fund Administration Platform Ecosystem|Nascent|SSNC,BX
2026-07-31|B2B Digital Financial Infrastructure & Payment Rails Modernization|Mainstream|PAY,ACIW
2026-07-31|B2B Marketing Automation & Customer Engagement SaaS|Fading|KVYO,HUBS
2026-07-31|Bitcoin Mining & Crypto Infrastructure Operators|Fading|CIFR,HUT
2026-07-31|Branded Packaged Food & Consumer Staples Producers|Nascent|CPB,GIS,KHC
2026-07-31|Canadian Big Banks|Mainstream|TD,RY,CM,BNS,BMO
2026-07-31|Casual Dining & Full-Service Restaurant Chain Recovery|Nascent|EAT,CAKE
2026-07-31|China Consumer Internet & Digital Marketplace Platforms|Nascent|BZ,ATHM
2026-07-31|Cinema Exhibition & Premium Large-Format Recovery|Nascent|IMAX,CNK
2026-07-31|Clinical-Stage Oncology Biotech|Mainstream|ELVN,TGTX
2026-07-31|Cloud Contact Center & CCaaS Communication Platforms|Nascent|FIVN,RNG
2026-07-31|Cloud Data Storage & Analytics Infrastructure|Mainstream|SNOW,BLZE
2026-07-31|Cloud Observability & AIOps Monitoring Platforms|Accelerating|PD,DDOG
2026-07-31|Cloud Supply Chain & Warehouse Management Software|Accelerating|SPSC,MANH
2026-07-31|Commercial Real Estate Brokerage & Advisory Services|Accelerating|NMRK,JLL,CBRE
2026-07-31|Consumer Fintech & Digital Credit Platforms|Fading|SEZL,DAVE
2026-07-31|Consumer Staples Packaged Food & Snack Brand Recovery|Fading|LW,CAG
2026-07-31|Containerboard & Corrugated Packaging Producers|Mainstream|PKG,IP,SW
2026-07-31|Copper Mining & Production|Fading|SCCO,FCX,HBM
2026-07-31|Corporate Spend, Expense Management & Financial Operations Software|Mainstream|WEX,NAVN,BILL
2026-07-31|Cross-Border & International Payments Processing|Retired|
2026-07-31|Cruise Line & Ocean Travel Recovery|Fading|RCL,NCLH
2026-07-31|Custom AI Silicon & Chip Architecture Licensing|Retired|
2026-07-31|Cyber Exposure Management & Vulnerability Assessment|Mainstream|RPD,QLYS,TENB
2026-07-31|Defense Precision Components & Mission-Critical Subsystems|Fading|HXL,FEIM
2026-07-31|Defense Prime Contractors & Aerospace Systems|Retired|
2026-07-31|Department Store Retail Recovery|Nascent|DDS,KSS
2026-07-31|Dermatology & Atopic Immunology Biologics|Nascent|APGE,FBRX
2026-07-31|Digital Payments Processing & Merchant Acquiring Networks|Accelerating|PYPL,FOUR
2026-07-31|Domestic Steel Producers|Accelerating|STLD,NUE
2026-07-31|Enterprise HR & Workforce Management SaaS|Mainstream|WDAY,PCTY,ALIT
2026-07-31|Enterprise Server, Storage & Data Infrastructure Hardware|Fading|DELL,NTAP,HPE,STX
2026-07-31|European Bank Stocks|Mainstream|LYG,ING,BBVA,SAN,BCS,NWG
2026-07-31|Family Dining & Quick-Service Restaurant Chain Recovery|Nascent|CBRL,JACK
2026-07-31|Financial Compliance & Regulatory Reporting SaaS|Fading|DFIN,WK
2026-07-31|For-Profit Education & Career Training Providers|Retired|
2026-07-31|For-Profit & Vocational Post-Secondary Education Operators|Nascent|LAUR,LINC,LOPE,PRDO,STRA,UTI
2026-07-31|Franchise Auto Dealership Groups|Mainstream|SAH,ABG,PAG
2026-07-31|Global Crude & Product Tanker Fleet Operators|Mainstream|INSW,TNK,TRMD,FRO,NAT,DHT
2026-07-31|Global Steel & Metal Producers Recovery|Fading|MT,TX
2026-07-31|Hospital & Behavioral Health Facility Procedure Volume Recovery|Fading|THC,UHS
2026-07-31|Hotel REIT Recovery & Re-Rating|Nascent|XHR,RLJ
2026-07-31|Independent Power Producers & Nuclear Generation|Retired|
2026-07-31|Industrial Construction Execution & On-Site Supply Chain|Mainstream|DNOW,TPC,RYZ
2026-07-31|Industrial Fluid Control, Filtration & Water Infrastructure Equipment|Mainstream|FELE,IR,DCI,KAI,IEX
2026-07-31|Industrial HVAC, Plumbing & Fabricated Copper Products|Nascent|CSW,MLI
2026-07-31|Industrial & Logistics REITs|Fading|FR,EGP,STAG,TRNO
2026-07-31|Inflammatory Disease & Immunology Biologics|Mainstream|ORKA,SYRE
2026-07-31|Insurance Brokerage & Distribution Services|Mainstream|BRO,AJG,AON
2026-07-31|Investment Research & Financial Analytics Data Platforms|Retired|
2026-07-31|IT Distribution & Technology Services Providers|Fading|EFOR,INGM
2026-07-31|Korean Financial Sector Recovery|Fading|SHG,KB
2026-07-31|Life Insurance & Annuity Providers|Mainstream|UNM,PFG,PRU,MET
2026-07-31|Life Science Tools & Analytical Instruments|Mainstream|TMO,WAT,MTD
2026-07-31|Medical Device Mean-Reversion & Rotation Recovery|Mainstream|TNDM,INSP,CNMD,XRAY
2026-07-31|Molecular Diagnostics & DNA-Based Genetic Testing|Fading|BLLN,QGEN
2026-07-31|Network Security & Zero-Trust Edge|Fading|FTNT,VRNS,CRWD,RBRK,CVLT,OKTA,NET,PANW
2026-07-31|Office REIT Recovery & Re-Rating|Mainstream|BXP,HIW,CDP,SLG
2026-07-31|Online Insurance Comparison & Digital Marketplace Platforms|Fading|EVER,MAX
2026-07-31|Open-Air & Strip Mall Retail REITs|Fading|KIM,FRT,KRG,PECO,REG,BRX,UE,SKT
2026-07-31|Peptide & Hormone Therapies for Metabolic & Endocrine Disorders|Mainstream|PTGX,XERS,CORT,MBX
2026-07-31|Powersports & Recreational Vehicle Manufacturers|Fading|PII,HOG
2026-07-31|Precious Metals Miners & Royalty Streamers|Fading|EGO,FSM
2026-07-31|Precious Metals Royalty & Streaming Companies|Fading|FNV,RGLD
2026-07-31|Private Mortgage Insurance|Mainstream|RDN,NMIH,ESNT,MTG
2026-07-31|Professional Advisory & Business Services|Mainstream|CRAI,CBZ
2026-07-31|Property & Casualty Insurance Underwriters|Mainstream|ALL,TRV,AFG,WRB,ACGL,AXS,HCI,CINF,SKWD,HIG,ORI,THG,CB
2026-07-31|Senior & Long-Term Care Healthcare REITs|Fading|VTR,LTC,OHI,NHI
2026-07-31|Smart Home Security & Comfort Systems|Fading|ALRM,REZI
2026-07-31|SMB & Workforce Business Services Platforms|Mainstream|NSP,LZ
2026-07-31|Specialty Insurance Underwriting & Brokerage|Fading|PLMR,RYAN
2026-07-31|Specialty Pharma — Rare Disease & Cardiopulmonary Therapeutics|Retired|
2026-07-31|Tax Preparation & Consumer Financial Software Platforms|Fading|HRB,INTU
2026-07-31|Traditional Staffing & Talent Placement Services|Mainstream|MAN,RHI
2026-07-31|Truckload & LTL Freight Carriers|Mainstream|TFII,ARCB,KNX,SNDR,HUBG
2026-07-31|Uniform Rental & Managed Workwear Services|Mainstream|CTAS,VSTS
2026-07-31|U.S. Apparel & Fashion Recovery|Fading|UA,RVLV,CROX
2026-07-31|U.S. Apparel & Lifestyle Brand Recovery|Fading|VSXY,OXM
2026-07-31|US-China Tariff Truce — Consumer Goods & Digital Beneficiaries|Fading|HAS,MAT
2026-07-31|U.S. Multifamily & Residential Apartment REITs|Nascent|AVB,CPT,EQR,MAA,UDR
2026-07-31|U.S. Passenger Airlines|Mainstream|DAL,ALGT,ALK,LUV,SKYW,UAL
2026-07-31|U.S. Petroleum Refining & Downstream Processing|Mainstream|VLO,PARR,MPC,PBF,DINO,PSX
2026-07-31|U.S. Regional & Mid-Cap Commercial Banks|Mainstream|EWBC,HWC,BOKF,PNC,FITB,USB,RF,FHN,KEY,HBAN,UMBF,CFG,SSB,ZION,WAL,MTB,WSFS,TFC,WTFC
2026-07-31|Vacation Ownership & Timeshare Resort Recovery|Fading|TNL,VAC
2026-07-31|Wealth Management & Retail Brokerage Platforms|Mainstream|SF,LPLA,AMP,SEIC,SCHW,RJF
2026-08-03|AI-Augmented Business Process Outsourcing & IT Services|Fading|G,EXLS
2026-08-03|AI data center infrastructure buildout|Retired|
2026-08-03|AI-Powered Enterprise Analytics & Intelligent Workflow SaaS|Mainstream|AVPT,AMPL,INTA
2026-08-03|Alphabet (Google) Platform Re-Rating|Nascent|GOOG,GOOGL,GOOGM,GOOGN
2026-08-03|Asset Management & Fund Administration Platform Ecosystem|Nascent|BX,SSNC
2026-08-03|B2B Digital Financial Infrastructure & Payment Rails Modernization|Mainstream|PAY,ACIW
2026-08-03|B2B Marketing Automation & Customer Engagement SaaS|Fading|KVYO,HUBS
2026-08-03|Bitcoin Mining & Crypto Infrastructure Operators|Fading|CIFR,HUT
2026-08-03|Branded Packaged Food & Consumer Staples Producers|Fading|CPB,GIS,KHC
2026-08-03|Canadian Big Banks|Mainstream|RY,BMO,TD,BNS,CM
2026-08-03|Casual Dining & Full-Service Restaurant Chain Recovery|Nascent|EAT,CAKE
2026-08-03|China Consumer Internet & Digital Marketplace Platforms|Nascent|BZ,ATHM
2026-08-03|Cinema Exhibition & Premium Large-Format Recovery|Nascent|IMAX,CNK
2026-08-03|Clinical-Stage Oncology Biotech|Fading|ELVN,TGTX
2026-08-03|Cloud Contact Center & CCaaS Communication Platforms|Nascent|RNG,FIVN
2026-08-03|Cloud Data Storage & Analytics Infrastructure|Mainstream|SNOW,BLZE
2026-08-03|Cloud Observability & AIOps Monitoring Platforms|Fading|PD,DDOG
2026-08-03|Cloud Supply Chain & Warehouse Management Software|Mainstream|MANH,SPSC
2026-08-03|Commercial, Office & Home Furniture Retailers and Manufacturers|Nascent|MLKN,HNI,BOBS
2026-08-03|Commercial Real Estate Brokerage & Advisory Services|Accelerating|NMRK,JLL,CBRE
2026-08-03|Consumer Fintech & Digital Credit Platforms|Fading|DAVE,SEZL
2026-08-03|Consumer Staples Packaged Food & Snack Brand Recovery|Fading|LW,CAG
2026-08-03|Containerboard & Corrugated Packaging Producers|Mainstream|SW,IP,PKG
2026-08-03|Copper Mining & Production|Fading|FCX,SCCO,HBM
2026-08-03|Corporate Spend, Expense Management & Financial Operations Software|Mainstream|WEX,NAVN,BILL
2026-08-03|Cruise Line & Ocean Travel Recovery|Fading|RCL,NCLH
2026-08-03|Cyber Exposure Management & Vulnerability Assessment|Mainstream|RPD,TENB,QLYS
2026-08-03|Defense Electronics & Aerospace Subsystem Suppliers|Nascent|ARXS,MRCY,DFNS,AADX
2026-08-03|Defense Precision Components & Mission-Critical Subsystems|Retired|
2026-08-03|Department Store Retail Recovery|Mainstream|KSS,DDS
2026-08-03|Dermatology & Atopic Immunology Biologics|Nascent|APGE,FBRX
2026-08-03|Digital Insurance Distribution & InsurTech Platforms|Nascent|GSHD,LIFE
2026-08-03|Digital Payments Processing & Merchant Acquiring Networks|Accelerating|FOUR,PYPL
2026-08-03|Domestic Steel Producers|Retired|
2026-08-03|Electrical Infrastructure Products & Systems Installation|Nascent|ATKR,IESC
2026-08-03|Enterprise HR & Workforce Management SaaS|Mainstream|PCTY,ALIT,WDAY
2026-08-03|Enterprise Server, Storage & Data Infrastructure Hardware|Mainstream|HPE,STX,NTAP,DELL
2026-08-03|European Bank Stocks|Accelerating|LYG,NWG,ING,BCS,SAN,BBVA
2026-08-03|Family Dining & Quick-Service Restaurant Chain Recovery|Nascent|CBRL,JACK
2026-08-03|Financial Compliance & Regulatory Reporting SaaS|Fading|DFIN,WK
2026-08-03|For-Profit & Vocational Post-Secondary Education Operators|Fading|LAUR,STRA
2026-08-03|Franchise Auto Dealership Groups|Mainstream|ABG,PAG,SAH
2026-08-03|Global Crude & Product Tanker Fleet Operators|Mainstream|INSW,TNK,FRO,DHT,TRMD,NAT
2026-08-03|Global Steel & Metal Producers Recovery|Fading|MT,TX
2026-08-03|Gold & Precious Metals Miners Rotation|Nascent|SBSW,KGC,NEM,GFI,IAG,AU,EGO,PAAS,HL,EXK,FSM,CDE,AGI,CGAU,HYMC,SSRM,PPTA,AG
2026-08-03|Hospital & Behavioral Health Facility Procedure Volume Recovery|Accelerating|THC,UHS
2026-08-03|Hotel REIT Recovery & Re-Rating|Mainstream|RLJ,XHR
2026-08-03|Industrial Construction Execution & On-Site Supply Chain|Mainstream|TPC,DNOW,RYZ
2026-08-03|Industrial Fluid Control, Filtration & Water Infrastructure Equipment|Mainstream|DCI,IEX,IR,FELE
2026-08-03|Industrial HVAC, Plumbing & Fabricated Copper Products|Nascent|CSW,MLI
2026-08-03|Industrial & Logistics REITs|Fading|FR,EGP,STAG,TRNO
2026-08-03|Inflammatory Disease & Immunology Biologics|Mainstream|SYRE,ORKA
2026-08-03|Insurance Brokerage & Distribution Services|Fading|BRO,AJG,AON
2026-08-03|IT Distribution & Technology Services Providers|Fading|EFOR,INGM
2026-08-03|Korean Financial Sector Recovery|Retired|
2026-08-03|Life Insurance & Annuity Providers|Mainstream|UNM,MET,PRU
2026-08-03|Life Science Tools & Analytical Instruments|Mainstream|MTD,WAT,TMO
2026-08-03|Medical Device Mean-Reversion & Rotation Recovery|Mainstream|XRAY,TNDM,INSP,CNMD
2026-08-03|Molecular Diagnostics & DNA-Based Genetic Testing|Fading|BLLN,QGEN
2026-08-03|Network Security & Zero-Trust Edge|Mainstream|NET,FTNT,CVLT,OKTA,PANW,VRNS,RBRK,CRWD
2026-08-03|Office REIT Recovery & Re-Rating|Mainstream|CDP,SLG,BXP,HIW
2026-08-03|Online Insurance Comparison & Digital Marketplace Platforms|Fading|EVER,MAX
2026-08-03|Open-Air & Strip Mall Retail REITs|Fading|KIM,FRT,KRG,PECO,REG,BRX,UE,SKT
2026-08-03|Peptide & Hormone Therapies for Metabolic & Endocrine Disorders|Mainstream|CORT,MBX,PTGX,XERS
2026-08-03|Powersports & Recreational Vehicle Manufacturers|Retired|
2026-08-03|Precious Metals Miners & Royalty Streamers|Retired|
2026-08-03|Precious Metals Royalty & Streaming Companies|Nascent|FNV,RGLD,WPM,OR
2026-08-03|Private Mortgage Insurance|Mainstream|MTG,ESNT,RDN,NMIH
2026-08-03|Professional Advisory & Business Services|Mainstream|CBZ,CRAI
2026-08-03|Property & Casualty Insurance Underwriters|Mainstream|ACGL,HCI,ORI,CINF,AXS,WRB,THG,TRV,HIG,AFG,ALL,CB,SKWD
2026-08-03|Quantum Computing Hardware & Software|Nascent|QBTS,QUBT,RGTI,INFQ,XNDU
2026-08-03|Senior & Long-Term Care Healthcare REITs|Fading|VTR,LTC,OHI,NHI
2026-08-03|Small Modular & Advanced Nuclear Reactor Development|Nascent|OKLO,NNE,SMR
2026-08-03|Smart Home Security & Comfort Systems|Fading|ALRM,REZI
2026-08-03|Smart Utility Metering & Water Infrastructure Hardware|Nascent|ITRI,MWA
2026-08-03|SMB & Workforce Business Services Platforms|Mainstream|NSP,LZ
2026-08-03|Specialty Insurance Underwriting & Brokerage|Fading|PLMR,RYAN
2026-08-03|Specialty Pharmaceutical Commercialization & Rare Disease Drugs|Nascent|KNSA,OMER
2026-08-03|Tax Preparation & Consumer Financial Software Platforms|Fading|HRB,INTU
2026-08-03|Traditional Staffing & Talent Placement Services|Mainstream|MAN,RHI
2026-08-03|Truckload & LTL Freight Carriers|Fading|ARCB,SNDR
2026-08-03|Uniform Rental & Managed Workwear Services|Fading|CTAS,VSTS
2026-08-03|U.S. Apparel & Fashion Recovery|Mainstream|RVLV,CROX,UA
2026-08-03|U.S. Apparel & Lifestyle Brand Recovery|Fading|VSXY,OXM
2026-08-03|US-China Tariff Truce — Consumer Goods & Digital Beneficiaries|Fading|HAS,MAT
2026-08-03|U.S. Domestic Steel Producers|Accelerating|NUE,STLD
2026-08-03|U.S. Multifamily & Residential Apartment REITs|Fading|AVB,CPT,EQR,MAA,UDR
2026-08-03|U.S. Passenger Airlines|Accelerating|ALK,DAL,ALGT,UAL,SKYW,LUV
2026-08-03|U.S. Petroleum Refining & Downstream Processing|Mainstream|PBF,DINO,VLO,PARR,MPC,PSX
2026-08-03|U.S. Regional & Mid-Cap Commercial Banks|Mainstream|EWBC,FHN,KEY,WSFS,SSB,FITB,HBAN,MTB,PNC,BOKF,WAL,HWC,CFG,UMBF,TFC,ZION,RF,USB,WTFC
2026-08-03|Vacation Ownership & Timeshare Resort Recovery|Fading|TNL,VAC
2026-08-03|Wealth Management & Retail Brokerage Platforms|Mainstream|LPLA,SCHW,RJF,SF,AMP,SEIC
