ticker|trade_date|o|h|l|c|v|pc|pv|raw_pc|raw_pv|split_factor|gap_pct|ext_pct|adv_dollar|atr_pct|vol_mult|sec_src
VYGR|2024-01-02|10.53|11.72|8.9|9.0|12027768.0|8.44|97711.0|8.44|97711.0|1.0|24.76|0.0|1184731.0|4.387440758293837|71.45|mi_security_types
DYN|2024-01-03|18.0|18.7272|12.33|14.77|20936866.0|13.06|1169318.0|13.06|1169318.0|1.0|37.83|3.24|7586555.0|6.893950995405818|28.12|mi_security_types
KROS|2024-01-04|45.29|49.575|44.905|48.88|1889296.0|41.26|335748.0|41.26|335748.0|1.0|9.77|3.77|13168438.0|6.285748909355306|4.06|mi_security_types
QS|2024-01-04|7.15|10.03|7.045|9.3|110024429.0|6.5|6244455.0|6.5|6244455.0|1.0|10.0|0.0|36075334.0|5.977802197802196|19.21|mi_security_types
AXGN|2024-01-05|7.43|8.74|7.3388|8.55|1417173.0|6.75|206411.0|6.75|206411.0|1.0|10.07|1.81|2431898.0|5.644656084656086|3.4|mi_security_types
AMAM|2024-01-08|27.04|27.6|26.9|27.47|31147656.0|13.63|1384057.0|13.63|1384057.0|1.0|98.39|2.02|12126061.0|6.95996226810607|24.74|polygon
AXNX|2024-01-08|68.955|69.68|68.38|69.36|14478107.0|57.57|1013153.0|57.57|1013153.0|1.0|19.78|1.59|27515603.0|4.046390729298494|28.08|polygon
CROX|2024-01-08|98.5|104.85|96.02|104.03|7257957.0|86.455|2857360.0|86.455|2857360.0|1.0|13.93|0.0|142746917.0|3.992993877905103|5.05|mi_security_types
HARP|2024-01-08|22.3|22.55|22.22|22.36|8282806.0|10.55|196902.0|10.55|196902.0|1.0|111.37|0.19|1353821.0|8.913811780636424|42.09|polygon
ACCD|2024-01-09|13.0|15.035|12.56|14.99|4518396.0|11.62|1084927.0|11.62|1084927.0|1.0|11.88|4.31|7447135.0|5.4585689697565725|6.53|polygon
JNPR|2024-01-09|36.36|37.27|36.25|36.81|32010186.0|30.22|3036115.0|30.22|3036115.0|1.0|20.32|3.0|78208352.0|1.3840172071475851|10.35|polygon
GDRX|2024-01-10|6.42|6.68|6.16|6.47|7809067.0|5.71|1502813.0|5.71|1502813.0|1.0|12.43|6.33|7918265.0|5.582937202902176|4.88|mi_security_types
SGH|2024-01-10|20.97|21.76|20.27|20.38|4541933.0|18.47|901046.0|18.47|901046.0|1.0|13.54|4.71|11699716.0|3.114974089256709|6.26|polygon
TTGT|2024-01-11|41.93|41.93|38.58|39.66|1399633.0|35.27|100231.0|35.27|100231.0|1.0|18.88|5.28|5604383.0|2.8296812345578974|7.2|mi_security_types
HMST|2024-01-16|13.658|15.82|13.65|14.87|5537644.0|10.77|195709.0|10.77|195709.0|1.0|26.82|3.96|1852567.0|5.1293938188088575|23.31|polygon
MOR|2024-01-16|9.65|11.06|9.51|10.77|4643608.0|8.6|422515.0|8.6|422515.0|1.0|12.21|0.0|7202129.0|6.420598006644516|4.44|polygon
TAST|2024-01-16|9.47|9.54|9.4|9.47|8902314.0|8.42|484823.0|8.42|484823.0|1.0|12.47|7.54|5043101.0|4.515015269765862|11.28|polygon
PI|2024-01-17|92.45|93.515|87.15|91.07|1224220.0|81.75|281992.0|81.75|281992.0|1.0|13.09|2.44|21666176.0|4.235954565312363|4.25|mi_security_types
MDC|2024-01-18|62.64|63.0|62.55|62.84|8975573.0|53.09|343710.0|53.09|343710.0|1.0|17.99|0.0|18358490.0|2.168823830153647|24.54|polygon
RAMP|2024-01-18|41.59|42.66|39.87|41.12|1412637.0|36.91|315743.0|36.91|315743.0|1.0|12.68|4.5|15278922.0|3.009946975268025|3.14|mi_security_types
EWTX|2024-01-19|12.31|13.75|11.91|13.04|8022421.0|9.69|1004990.0|9.69|1004990.0|1.0|27.04|4.76|6715997.0|10.297803331859061|8.58|mi_security_types
KAMN|2024-01-19|45.07|45.26|44.96|45.05|2636476.0|22.43|75309.0|22.43|75309.0|1.0|100.94|1.59|2244981.0|2.0774472963505537|25.33|polygon
SILK|2024-01-19|14.4|15.6|14.2401|14.85|2718595.0|13.18|696198.0|13.18|696198.0|1.0|9.26|1.93|9175890.0|6.118577931931496|3.8|polygon
SMCI|2024-01-19|34.756|42.869|33.888|42.336|231125170.0|31.144|48751260.0|311.44|4875126.0|10.0|11.6|0.0|777322789.0|6.229243880958499|7.06|mi_security_types
TCN|2024-01-19|11.14|11.15|11.02|11.07|95665676.0|8.63|664322.0|8.63|664322.0|1.0|29.08|0.0|10297283.0|2.583595431219993|64.46|polygon
W|2024-01-19|57.89|58.3|54.53|56.13|18487521.0|50.9|3440783.0|50.9|3440783.0|1.0|13.73|0.0|187941622.0|6.017120404153804|5.29|mi_security_types
NS|2024-01-22|21.39|21.52|20.06|21.32|8135319.0|18.03|653632.0|18.03|653632.0|1.0|18.64|0.0|5008826.0|1.850645749148247|20.81|polygon
PHVS|2024-01-22|30.75|30.76|27.8401|29.0|677299.0|27.29|155830.0|27.29|155830.0|1.0|12.68|0.0|1349126.0|6.031618070460138|8.59|mi_security_types
CSIQ|2024-01-23|23.45|25.43|22.93|24.04|4907684.0|21.05|1996483.0|21.05|1996483.0|1.0|11.4|6.1|21884498.0|5.408143875127245|4.4|mi_security_types
TKO|2024-01-23|95.44|95.92|86.75|89.63|11818029.0|77.41|878503.0|77.41|878503.0|1.0|23.29|2.07|73772194.0|2.2828353664163017|12.5|mi_security_types
KURA|2024-01-24|18.4|21.4|17.81|19.61|16113089.0|13.42|798051.0|13.42|798051.0|1.0|37.11|0.0|11447007.0|5.614754098360655|18.18|mi_security_types
LRN|2024-01-24|69.0|69.7|58.64|60.82|2318281.0|62.09|1388221.0|62.09|1388221.0|1.0|11.13|4.99|29457693.0|2.435071209994707|3.72|mi_security_types
NFLX|2024-01-24|53.775|56.25|53.707|54.487|263984970.0|49.219|155060240.0|492.19|15506024.0|10.0|9.26|2.47|1966897854.0|2.544139458339259|5.81|mi_security_types
AMSC|2024-01-25|12.57|13.8|11.0|13.25|13225694.0|9.75|533167.0|9.75|533167.0|1.0|28.92|0.83|4512233.0|6.573040293040293|26.57|mi_security_types
RMD|2024-01-25|189.56|190.04|181.1|186.35|2473154.0|171.78|1293324.0|171.78|1293324.0|1.0|10.35|0.92|123992951.0|2.879376444954512|3.21|mi_security_types
VERA|2024-01-25|22.26|26.6657|20.48|25.31|11508394.0|17.02|956555.0|17.02|956555.0|1.0|30.79|14.15|9172531.0|9.133120698338093|15.46|mi_security_types
APPF|2024-01-26|201.0|226.78|198.01|223.66|1858775.0|174.38|288350.0|174.38|288350.0|1.0|15.27|0.0|38355910.0|3.1559238444775755|8.61|mi_security_types
EHTH|2024-01-26|6.37|7.18|6.23|6.74|1994575.0|5.58|407876.0|5.58|407876.0|1.0|14.16|0.0|2127766.0|9.172427035330262|5.25|mi_security_types
SOFI|2024-01-29|8.82|9.45|8.62|9.16|286380920.0|7.62|72615655.0|7.62|72615655.0|1.0|15.75|1.74|341856918.0|5.164791901012371|6.36|mi_security_types
SANM|2024-01-30|60.0|69.69|59.11|64.91|4806066.0|50.63|650421.0|50.63|650421.0|1.0|18.51|0.62|19476786.0|2.058957140035553|11.74|mi_security_types
ASH|2024-01-31|89.74|96.21|89.74|93.62|3153490.0|80.77|658152.0|80.77|658152.0|1.0|11.11|3.09|35562488.0|1.7867843435504682|5.76|mi_security_types
MANH|2024-01-31|255.645|258.91|232.0|242.56|1063834.0|223.78|517338.0|223.78|517338.0|1.0|14.24|2.52|64663218.0|2.0741033923623964|3.02|mi_security_types
PARA|2024-01-31|313.2|314.0|291.4|291.8|3582789.0|273.6|435207.0|13.680000000000001|8704140.0|0.05|14.47|2.4|162313619.0|4.007309941520468|5.38|mi_security_types
POWL|2024-01-31|33.4167|41.83|33.4167|39.51|4709901.0|27.1967|842289.0|81.5901|280763.0|3.0|22.87|6.2|11927491.0|2.8741669813932265|9.84|mi_security_types
ALGN|2024-02-01|303.0|308.0|266.2975|273.38|4920727.0|267.32|1521034.0|267.32|1521034.0|1.0|13.35|3.99|204889879.0|3.235156901306084|5.9|mi_security_types
CMPR|2024-02-01|89.8|99.0|86.61|91.53|618618.0|75.22|77321.0|75.22|77321.0|1.0|19.38|1.72|6077814.0|3.7012857522695315|7.29|mi_security_types
CTVA|2024-02-01|56.49|57.76|52.36|54.06|12192919.0|45.48|5825326.0|45.48|5825326.0|1.0|24.21|1.13|151674781.0|1.843243497926878|3.43|mi_security_types
DGII|2024-02-01|26.5|28.26|26.1|27.68|716328.0|24.31|444494.0|24.31|444494.0|1.0|9.01|0.0|4466492.0|3.1571957454310398|3.65|mi_security_types
ETSY|2024-02-01|73.0|76.0|71.38|72.62|13694233.0|66.56|2815742.0|66.56|2815742.0|1.0|9.68|0.0|258489656.0|4.17173549107143|3.54|mi_security_types
NXT|2024-02-01|51.93|56.66|51.64|56.5|20650016.0|45.27|5258733.0|45.27|5258733.0|1.0|14.71|3.97|188284304.0|4.484205875855977|3.51|mi_security_types
META|2024-02-02|459.6|485.96|453.01|474.99|84699996.0|394.78|29707351.0|394.78|29707351.0|1.0|16.42|2.49|6057322395.0|2.248116491644534|4.97|mi_security_types
BOWL|2024-02-05|12.98|13.85|12.05|13.43|5121510.0|11.6|5343524.0|11.6|5343524.0|1.0|11.9|7.31|12561349.0|5.655788177339902|3.74|polygon
EL|2024-02-05|159.46|159.75|149.8596|150.28|12224587.0|134.12|6052690.0|134.12|6052690.0|1.0|18.89|2.54|349148916.0|3.4388607217417237|4.06|mi_security_types
EVBG|2024-02-05|28.11|28.25|28.05|28.17|16751528.0|23.79|462345.0|23.79|462345.0|1.0|18.16|7.84|7729671.0|3.422566504533717|44.29|polygon
FDMT|2024-02-05|30.05|35.6134|28.7501|32.29|19637650.0|17.49|930982.0|17.49|930982.0|1.0|71.81|1.39|7807901.0|6.422241280731848|41.48|mi_security_types
GHM|2024-02-05|22.69|23.5|20.71|21.96|181514.0|19.78|59338.0|19.78|59338.0|1.0|14.71|2.7|1045791.0|3.6855048389426575|3.07|mi_security_types
NSSC|2024-02-05|40.1|42.825|38.39|42.55|1570515.0|35.81|231651.0|35.81|231651.0|1.0|11.98|3.05|5507720.0|2.688115849523277|8.77|mi_security_types
COHR|2024-02-06|58.48|59.86|55.0|58.0|11648956.0|49.42|5497544.0|49.42|5497544.0|1.0|18.33|3.95|81393313.0|3.270451523385557|5.26|mi_security_types
PDS|2024-02-06|65.0|65.63|61.06|62.33|327085.0|58.96|133173.0|58.96|133173.0|1.0|10.24|0.0|5205369.0|4.060016476061254|3.38|mi_security_types
PLTR|2024-02-06|20.3|22.18|19.76|21.87|421220485.0|16.72|167698349.0|16.72|167698349.0|1.0|21.41|3.92|660176745.0|4.5655758714969235|8.78|mi_security_types
VRNS|2024-02-06|50.14|50.6|47.4119|48.6|5146654.0|45.54|2575725.0|45.54|2575725.0|1.0|10.1|1.47|53340267.0|2.6073153899240884|3.87|mi_security_types
AVNW|2024-02-07|36.01|37.8399|34.33|35.86|937320.0|30.08|170353.0|30.08|170353.0|1.0|19.71|4.41|2499766.0|4.1650360942249245|9.92|mi_security_types
CRTO|2024-02-07|32.23|32.82|30.11|30.83|1149092.0|26.175|221044.0|26.175|221044.0|1.0|23.13|0.94|3977454.0|1.9930140537590395|6.85|mi_security_types
CRUS|2024-02-07|90.01|93.035|87.69|89.86|2664132.0|78.42|859561.0|78.42|859561.0|1.0|14.78|2.24|24970794.0|2.5781415090902455|7.62|mi_security_types
CSL|2024-02-07|347.9|350.0|333.5|341.91|815904.0|317.61|476491.0|317.61|476491.0|1.0|9.54|1.15|67657686.0|1.9887373103581674|3.33|mi_security_types
ENPH|2024-02-07|119.54|124.1|114.7|117.51|16861254.0|100.51|7429060.0|100.51|7429060.0|1.0|18.93|2.77|423874234.0|6.53203661327231|3.95|mi_security_types
EPIX|2024-02-07|11.67|11.67|10.065|10.65|905145.0|10.54|446965.0|10.54|446965.0|1.0|10.72|27.14|1426224.0|8.370967741935484|4.35|polygon
FTNT|2024-02-07|73.83|73.91|67.22|70.03|25551135.0|67.48|13315838.0|67.48|13315838.0|1.0|9.41|4.64|445764778.0|2.6536645778643417|3.43|mi_security_types
GOGO|2024-02-07|10.15|11.17|9.86|9.93|2265658.0|9.25|541786.0|9.25|541786.0|1.0|9.73|4.52|6139103.0|2.8320463320463336|3.03|mi_security_types
RBLX|2024-02-07|44.61|46.6|42.93|44.74|43434034.0|40.6|11478342.0|40.6|11478342.0|1.0|9.88|4.61|253901322.0|3.5075650950035215|6.62|mi_security_types
SONO|2024-02-07|18.31|19.45|17.98|19.28|10313800.0|16.46|2783924.0|16.46|2783924.0|1.0|11.24|5.65|23920317.0|3.319172018746746|6.24|mi_security_types
ARM|2024-02-08|94.41|126.585|94.0|113.89|106505653.0|77.01|22802796.0|77.01|22802796.0|1.0|22.59|9.2|498490401.0|4.475049622498008|14.59|mi_security_types
CFLT|2024-02-08|31.34|32.8799|30.11|32.57|24395205.0|24.29|10657875.0|24.29|10657875.0|1.0|29.02|8.63|101272995.0|4.341116273598777|4.9|polygon
CYBR|2024-02-08|271.26|274.73|250.31|261.6|1771134.0|243.17|887140.0|243.17|887140.0|1.0|11.55|4.15|126149463.0|2.6351376755826346|3.02|polygon
NWSA|2024-02-08|26.88|28.0|25.43|25.84|9683668.0|24.27|5263697.0|24.27|5263697.0|1.0|10.75|0.5|56710459.0|1.9954087939254825|3.62|mi_security_types
OSCR|2024-02-08|17.43|17.55|15.91|16.68|12698308.0|13.41|4119683.0|13.41|4119683.0|1.0|29.98|7.11|37853588.0|4.823266219239375|3.43|mi_security_types
QNST|2024-02-08|14.09|15.15|13.75|14.69|1225210.0|12.91|439159.0|12.91|439159.0|1.0|9.14|4.03|3625873.0|4.114307845523959|3.54|mi_security_types
RL|2024-02-08|163.575|173.94|161.32|171.85|4428108.0|147.14|1170894.0|147.14|1170894.0|1.0|11.17|2.42|99655259.0|2.0276607312763346|5.82|mi_security_types
CENT|2024-02-09|43.7|44.4499|40.86|41.43|403153.0|39.856|241490.0|39.856|241490.0|1.0|9.64|7.46|3289255.0|2.260441159603142|4.3|mi_security_types
CLSK|2024-02-09|13.02|14.59|11.95|13.95|89228018.0|10.5|36373079.0|10.5|36373079.0|1.0|24.0|35.31|182751746.0|8.075578231292516|3.8|mi_security_types
CNTA|2024-02-09|9.0|9.404|8.35|9.26|3035610.0|7.46|132634.0|7.46|132634.0|1.0|20.64|0.0|2108457.0|8.253159708923782|6.68|mi_security_types
DOOR|2024-02-09|129.89|130.67|129.6|130.51|5085675.0|96.61|210071.0|96.61|210071.0|1.0|34.45|5.71|26386669.0|2.100492406878909|12.62|polygon
NET|2024-02-09|110.1|116.0|105.01|107.92|33191907.0|90.31|18061194.0|90.31|18061194.0|1.0|21.91|14.24|240254745.0|4.2382903332964235|8.83|mi_security_types
CBAY|2024-02-12|31.93|32.24|31.92|32.21|70874109.0|25.69|1403831.0|25.69|1403831.0|1.0|24.29|7.85|26243911.0|4.182033031196129|58.92|polygon
TRIP|2024-02-13|24.86|26.6683|24.615|25.46|11404019.0|22.37|3351233.0|22.37|3351233.0|1.0|11.13|3.85|39703133.0|2.935883517465993|5.14|mi_security_types
ZI|2024-02-13|17.78|18.475|16.4902|18.32|35064270.0|16.02|17587457.0|16.02|17587457.0|1.0|10.99|6.02|99145092.0|3.852327447833063|4.36|polygon
ALSN|2024-02-14|70.0|72.5|67.92|70.1|2645484.0|61.54|777243.0|61.54|777243.0|1.0|13.75|0.56|29892888.0|1.7839268304006672|5.09|mi_security_types
COGT|2024-02-14|8.5503|9.4148|7.95|8.7|10747799.0|5.46|1028077.0|5.46|1028077.0|1.0|56.6|0.0|8376082.0|9.179094714809|6.57|mi_security_types
GLDD|2024-02-14|9.09|9.63|8.92|9.52|1467373.0|8.08|574526.0|8.08|574526.0|1.0|12.5|5.35|2059387.0|3.9480198019801995|4.91|mi_security_types
HCSG|2024-02-14|11.9|12.115|10.6596|12.03|1776010.0|9.46|861673.0|9.46|861673.0|1.0|25.79|4.99|4671855.0|2.9750075505889506|3.48|mi_security_types
HOOD|2024-02-14|13.648|13.9|12.765|13.38|76339016.0|11.84|36725350.0|11.84|36725350.0|1.0|15.27|12.12|83151618.0|3.4316481660231677|7.82|mi_security_types
KTOS|2024-02-14|19.66|21.5999|19.46|20.82|4243311.0|17.8|1311085.0|17.8|1311085.0|1.0|10.45|2.06|14145778.0|2.878451043338683|5.0|mi_security_types
LRMR|2024-02-14|10.84|12.9191|10.33|11.96|6092399.0|8.74|1229393.0|8.74|1229393.0|1.0|24.03|46.89|1358910.0|10.480630925138932|16.23|mi_security_types
LYFT|2024-02-14|14.98|16.77|14.9|16.39|109310555.0|12.13|67047762.0|12.13|67047762.0|1.0|23.5|0.0|117151359.0|4.82139912848899|8.49|mi_security_types
PSN|2024-02-14|73.83|73.83|70.4|72.41|2411521.0|67.45|661696.0|67.45|661696.0|1.0|9.46|3.51|33820342.0|1.7434819442973604|4.14|mi_security_types
REZI|2024-02-14|18.7|21.1|18.7|21.09|2617553.0|17.08|1234569.0|17.08|1234569.0|1.0|9.48|1.97|10732481.0|2.6015807962529296|4.16|mi_security_types
SAGE|2024-02-14|25.25|27.39|23.63|25.75|2978940.0|23.02|1506797.0|23.02|1506797.0|1.0|9.69|0.0|20696863.0|4.761015266228124|3.58|polygon
APP|2024-02-15|54.685|59.14|52.75|58.5|16102545.0|46.87|6882487.0|46.87|6882487.0|1.0|16.67|3.06|146403047.0|4.747386387881372|4.06|mi_security_types
CLBT|2024-02-15|10.59|10.75|9.962|10.74|3036970.0|9.68|889971.0|9.68|889971.0|1.0|9.4|5.22|4133894.0|2.9650236127508816|4.68|mi_security_types
DNOW|2024-02-15|10.98|12.02|10.75|11.75|3106848.0|9.81|1005424.0|9.81|1005424.0|1.0|11.93|2.94|8524769.0|3.126401630988792|3.17|mi_security_types
FROG|2024-02-15|46.0|48.81|44.25|47.64|10412595.0|37.09|2493750.0|37.09|2493750.0|1.0|24.02|7.29|31222909.0|5.027442899510842|7.56|mi_security_types
INFA|2024-02-15|35.57|36.0|33.1|33.97|4700093.0|30.13|2271365.0|30.13|2271365.0|1.0|18.06|2.1|21438675.0|3.7051348916599474|3.64|polygon
KALV|2024-02-15|16.08|16.8793|14.65|14.76|7340298.0|14.4|1605075.0|14.4|1605075.0|1.0|11.67|0.0|7173344.0|8.225892857142854|9.64|mi_security_types
NNOX|2024-02-15|12.44|12.7|9.19|9.5|47077343.0|6.36|3587442.0|6.36|3587442.0|1.0|95.6|19.55|3013311.0|6.693620844564241|52.01|mi_security_types
OGN|2024-02-15|17.85|19.08|17.65|18.62|7744797.0|16.36|3559267.0|16.36|3559267.0|1.0|9.11|2.0|41482469.0|3.748690185120506|3.02|mi_security_types
PEGA|2024-02-15|30.55|34.6313|30.0|34.4|6787750.0|25.355|1749146.0|50.71|874573.0|2.0|20.49|4.84|16886940.0|2.709074006254051|9.39|mi_security_types
RXRX|2024-02-15|12.58|12.92|11.19|12.43|21767510.0|10.92|6160336.0|10.92|6160336.0|1.0|15.2|19.61|44419778.0|7.623757195185764|4.95|mi_security_types
SHAK|2024-02-15|94.76|98.9|91.0|98.4|6101245.0|78.07|1378306.0|78.07|1378306.0|1.0|21.38|4.89|66033990.0|3.9467785320865865|6.77|mi_security_types
SLVM|2024-02-15|50.0|57.29|50.0|56.48|1035461.0|45.52|274154.0|45.52|274154.0|1.0|9.84|0.0|9491367.0|2.8902680140597514|4.11|mi_security_types
BLZE|2024-02-16|9.2|11.83|9.0|11.83|3695824.0|8.15|355510.0|8.15|355510.0|1.0|12.88|1.24|1875698.0|5.6900964066608255|12.71|mi_security_types
HRT|2024-02-16|14.13|14.15|14.06|14.13|12936999.0|12.87|110499.0|12.87|110499.0|1.0|9.79|2.63|1720208.0|1.8642468642468644|84.02|polygon
PRAA|2024-02-16|29.77|31.43|27.17|28.0|912267.0|24.51|277640.0|24.51|277640.0|1.0|21.46|7.74|4606294.0|4.238940374191293|4.12|mi_security_types
TOST|2024-02-16|21.35|22.66|20.96|22.42|31248575.0|19.2|26362647.0|19.2|26362647.0|1.0|11.2|4.29|148795737.0|4.889025297619052|3.19|mi_security_types
TTD|2024-02-16|89.5|94.0|85.68|88.93|29562231.0|75.71|9614488.0|75.71|9614488.0|1.0|18.21|10.36|295986657.0|3.731531973507935|6.13|mi_security_types
TXRH|2024-02-16|151.89|152.55|145.45|147.7|2893175.0|133.89|1319834.0|133.89|1319834.0|1.0|13.44|3.65|90854922.0|2.0491394855051595|3.91|mi_security_types
DFS|2024-02-20|123.5|127.34|121.1|124.42|22451052.0|110.49|1327109.0|110.49|1327109.0|1.0|11.77|1.94|188377289.0|2.019575139314482|12.12|polygon
IOVA|2024-02-20|11.65|13.41|11.31|12.03|58801001.0|9.15|17667771.0|9.15|17667771.0|1.0|27.32|0.0|44064151.0|7.357611241217797|9.47|mi_security_types
LUNR|2024-02-20|9.49|12.05|8.77|10.99|64341117.0|7.32|15558157.0|7.32|15558157.0|1.0|29.64|46.99|9018978.0|12.919496487119437|11.77|mi_security_types
VZIO|2024-02-20|11.005|11.12|10.87|11.08|33864247.0|9.53|1097507.0|9.53|1097507.0|1.0|15.48|21.87|4421031.0|5.970244341178234|30.4|polygon
BLCO|2024-02-21|15.94|16.63|15.2|16.6|1478757.0|14.59|837821.0|14.59|837821.0|1.0|9.25|3.92|5154561.0|3.2665230588465684|3.53|mi_security_types
CSTM|2024-02-21|20.34|20.79|19.205|19.49|1996460.0|18.57|889634.0|18.57|889634.0|1.0|9.53|1.2|11479506.0|3.1425494268789897|3.44|mi_security_types
HCKT|2024-02-21|25.0|26.69|23.76|25.05|304412.0|22.92|104724.0|22.92|104724.0|1.0|9.08|0.0|1614367.0|2.592339815507356|3.81|mi_security_types
NEO|2024-02-21|16.4|16.5|15.09|16.48|4095290.0|14.7|1269360.0|14.7|1269360.0|1.0|11.56|2.8|14654050.0|4.721574344023324|4.29|mi_security_types
THRM|2024-02-21|56.24|62.93|56.0373|59.18|904458.0|49.3|143264.0|49.3|143264.0|1.0|14.08|2.18|7121804.0|3.231671979136478|5.59|mi_security_types
ACVA|2024-02-22|16.26|17.06|15.81|16.41|3628909.0|14.0|1925346.0|14.0|1925346.0|1.0|16.14|2.49|12629073.0|4.023367346938774|3.6|mi_security_types
CNNE|2024-02-22|22.74|22.92|22.095|22.21|2625090.0|20.08|849943.0|20.08|849943.0|1.0|13.25|0.0|10608979.0|2.449772339214571|5.05|mi_security_types
FCN|2024-02-22|208.89|226.93|205.36|221.67|699576.0|190.12|247511.0|190.12|247511.0|1.0|9.87|1.94|33852730.0|1.6001547894562835|3.65|mi_security_types
INDV|2024-02-22|20.06|21.48|19.65|21.3|435793.0|17.5|166577.0|17.5|166577.0|1.0|14.63|5.04|2060052.0|3.672448979591835|4.22|mi_security_types
OCUL|2024-02-22|9.08|9.91|8.83|9.7|11046587.0|7.52|1668453.0|7.52|1668453.0|1.0|20.74|33.81|7490055.0|6.752469604863222|6.75|mi_security_types
OLO|2024-02-22|6.84|6.84|5.775|5.92|3743897.0|5.78|1519081.0|5.78|1519081.0|1.0|18.34|3.4|4905826.0|4.0719228868017785|3.81|polygon
OUT|2024-02-22|13.4255|14.6263|13.4255|14.4984|9342561.0|12.2345|3427235.0|12.429950436685168|3373344.6340822317|1.015975351398518|9.73|0.0|18438207.0|3.5858783416918207|4.54|mi_security_types
RELY|2024-02-22|22.05|22.08|20.1503|20.87|5912362.0|17.69|1878340.0|17.69|1878340.0|1.0|24.65|0.11|20755302.0|3.197932649600256|4.63|mi_security_types
RILY|2024-02-22|18.65|19.8899|16.3|16.55|4350256.0|15.2|1557710.0|15.2|1557710.0|1.0|22.7|0.0|21872368.0|11.100281954887214|3.7|mi_security_types
AMSWA|2024-02-23|11.45|12.02|10.95|11.46|463745.0|10.3|226666.0|10.3|226666.0|1.0|11.17|0.0|1513718.0|2.7185852981969516|3.03|polygon
BLX|2024-02-23|26.97|28.34|26.37|27.28|455762.0|24.57|143175.0|24.57|143175.0|1.0|9.77|6.27|2340799.0|2.468166753881037|4.25|mi_security_types
CVNA|2024-02-23|13.567|15.266|13.29|13.846|195305840.0|10.482|60742155.0|52.41|12148431.0|5.0|29.43|6.09|303225005.0|7.535230463106825|6.03|mi_security_types
DCBO|2024-02-23|51.23|55.0|50.5|53.39|571888.0|45.88|90315.0|45.88|90315.0|1.0|11.66|3.52|2859709.0|3.168296176360693|8.09|mi_security_types
EVH|2024-02-23|32.75|34.07|31.3|34.07|3795413.0|29.77|1524838.0|29.77|1524838.0|1.0|10.01|0.0|26901619.0|3.0412927683670032|3.7|mi_security_types
INOD|2024-02-23|9.4|9.4|6.85|7.07|2016324.0|8.48|879825.0|8.48|879825.0|1.0|10.85|3.54|4801166.0|12.642941374663073|3.01|mi_security_types
MRVI|2024-02-23|6.95|8.62|6.77|8.36|25865152.0|5.11|2825477.0|5.11|2825477.0|1.0|36.01|0.0|13017005.0|5.898797875314512|11.1|mi_security_types
SNBR|2024-02-23|13.75|15.85|13.405|14.7|2758175.0|11.05|678479.0|11.05|678479.0|1.0|24.43|7.7|5699721.0|7.727601809954751|5.17|mi_security_types
SQ|2024-02-23|79.81|83.29|78.47|78.92|53427594.0|67.96|23913910.0|67.96|23913910.0|1.0|17.44|5.41|685995664.0|4.414140670982934|4.91|polygon
AGTI|2024-02-26|9.88|9.9|9.85|9.86|31049573.0|7.64|230079.0|7.64|230079.0|1.0|29.32|3.52|1522431.0|4.856862378459237|143.36|polygon
ALT|2024-02-26|10.45|11.97|10.09|11.32|17659301.0|9.2|2934634.0|9.2|2934634.0|1.0|13.59|11.92|35081197.0|9.523602484472049|4.19|mi_security_types
ALVO|2024-02-26|17.85|18.0|17.02|17.27|1819147.0|16.03|716351.0|16.03|716351.0|1.0|11.35|2.95|4574274.0|2.084261652259156|5.05|mi_security_types
FRPT|2024-02-26|108.47|112.0|103.22|110.12|3402471.0|92.01|1256116.0|92.01|1256116.0|1.0|17.89|3.08|36921870.0|2.9532038443026374|7.14|mi_security_types
ITRI|2024-02-26|93.37|93.97|83.6|91.46|2056560.0|74.93|566562.0|74.93|566562.0|1.0|24.61|0.69|19021845.0|2.5509809155211527|7.31|mi_security_types
KRYS|2024-02-26|126.77|162.28|125.85|157.0|2237230.0|111.33|521403.0|111.33|521403.0|1.0|13.87|3.07|36548611.0|3.762944142895636|6.67|mi_security_types
LI|2024-02-26|39.0|41.72|38.62|41.34|31115499.0|34.8|8027421.0|34.8|8027421.0|1.0|12.07|9.99|167940374.0|3.6761083743842375|4.96|mi_security_types
RCM|2024-02-26|14.055|14.59|13.7001|13.89|29930193.0|11.1|6895782.0|11.1|6895782.0|1.0|26.62|3.93|29877270.0|3.9317889317889327|9.88|polygon
AHCO|2024-02-27|8.91|10.165|8.69|10.0|5651870.0|7.63|1179524.0|7.63|1179524.0|1.0|16.78|7.46|7325980.0|5.457779442052052|4.77|mi_security_types
BEAM|2024-02-27|39.75|49.5|38.52|45.07|7426810.0|35.8|1476615.0|35.8|1476615.0|1.0|11.03|12.72|35576140.0|6.126097366320829|5.22|mi_security_types
DNLI|2024-02-27|19.94|23.52|18.665|23.35|5089751.0|16.89|1204514.0|16.89|1204514.0|1.0|18.06|2.18|19506397.0|5.688065634779665|4.12|mi_security_types
EVER|2024-02-27|20.22|20.34|16.44|17.63|1303302.0|17.14|840016.0|17.14|840016.0|1.0|17.97|15.03|3510139.0|4.6934905817636245|3.85|mi_security_types
HIMS|2024-02-27|12.33|13.915|11.38|13.43|34615273.0|10.25|9742936.0|10.25|9742936.0|1.0|20.29|8.93|23403573.0|4.367595818815328|11.98|mi_security_types
LGND|2024-02-27|85.18|94.57|80.0|89.2|797106.0|74.42|91797.0|74.42|91797.0|1.0|14.46|2.83|7550343.0|3.019541597880756|7.32|mi_security_types
NCLH|2024-02-27|17.69|19.15|17.55|19.09|50173303.0|15.93|15361714.0|15.93|15361714.0|1.0|11.05|0.0|184372958.0|3.5781992646399416|4.31|mi_security_types
PTLO|2024-02-27|15.93|16.17|14.66|15.9|2239614.0|13.75|1551620.0|13.75|1551620.0|1.0|15.85|3.23|8046379.0|3.6581818181818173|3.5|mi_security_types
PUBM|2024-02-27|20.49|21.8299|19.1|20.48|3941153.0|16.57|920815.0|16.57|920815.0|1.0|23.66|3.24|4599960.0|4.273126993706354|10.57|mi_security_types
TARS|2024-02-27|36.18|39.77|34.55|39.22|2519146.0|33.16|1212199.0|33.16|1212199.0|1.0|9.11|10.06|25695348.0|4.524599345166291|3.07|mi_security_types
TMDX|2024-02-27|90.455|92.63|82.955|88.71|2900355.0|77.74|2794333.0|77.74|2794333.0|1.0|16.36|0.0|34399634.0|5.138134440810024|5.33|mi_security_types
VKTX|2024-02-27|69.77|90.0|57.56|85.05|59033668.0|38.48|3219438.0|38.48|3219438.0|1.0|81.31|9.38|98523327.0|7.438576626076629|15.1|mi_security_types
ACMR|2024-02-28|25.2|31.005|25.17|30.68|12244428.0|21.79|3998401.0|21.79|3998401.0|1.0|15.65|18.81|21510904.0|6.068150527765034|8.52|mi_security_types
AMBA|2024-02-28|65.0|65.39|56.59|57.99|1629031.0|57.96|840067.0|57.96|840067.0|1.0|12.15|7.39|24440938.0|3.3184092477570752|3.13|mi_security_types
APLT|2024-02-28|8.08|9.39|6.93|7.4|13523060.0|5.58|993253.0|5.58|993253.0|1.0|44.8|8.77|3459991.0|10.482462877624169|5.21|polygon
BAND|2024-02-28|17.71|18.89|16.47|18.44|2994468.0|12.15|730347.0|12.15|730347.0|1.0|45.76|1.59|2772040.0|5.919753086419751|10.95|mi_security_types
BGS|2024-02-28|10.29|11.63|10.01|11.4|4990971.0|9.4|1859013.0|9.4|1859013.0|1.0|9.47|0.64|9590664.0|3.8196808510638314|4.91|mi_security_types
BYND|2024-02-28|339.0|363.597|288.6|294.9|1492198.0|225.6|523671.0|7.52|15710130.0|0.03333333333333333|50.27|4.74|14859514.0|7.336341185410335|14.67|mi_security_types
CRNX|2024-02-28|46.65|47.48|42.38|42.76|1856835.0|40.47|731800.0|40.47|731800.0|1.0|15.27|11.18|20311680.0|3.9779025027357138|3.04|mi_security_types
EDIT|2024-02-28|10.24|11.58|9.58|11.07|7179821.0|8.86|3199636.0|8.86|3199636.0|1.0|15.58|13.44|11454516.0|5.463398903579493|4.42|mi_security_types
FLYW|2024-02-28|31.47|31.54|28.15|28.85|6133574.0|24.52|2963077.0|24.52|2963077.0|1.0|28.34|10.65|26145137.0|3.299056164064323|4.83|mi_security_types
GTLS|2024-02-28|146.99|157.27|144.57|147.68|2166515.0|131.49|817018.0|131.49|817018.0|1.0|11.79|4.56|74263333.0|3.523353215344999|3.5|mi_security_types
LFST|2024-02-28|8.06|9.2|7.81|8.71|11525238.0|6.7|1245086.0|6.7|1245086.0|1.0|20.3|7.54|6822088.0|5.1066098081023465|8.68|mi_security_types
LTH|2024-02-28|15.78|15.788|13.29|13.71|4242021.0|12.42|1644958.0|12.42|1644958.0|1.0|27.05|3.85|9103466.0|3.7037037037037033|5.68|mi_security_types
MSTR|2024-02-28|95.2|100.888|91.55|96.295|48388190.0|87.18|22747610.0|871.8000000000001|2274761.0|10.0|9.2|29.58|701293617.0|7.835258742175463|3.49|mi_security_types
QUIK|2024-02-28|14.85|16.2|14.24|15.67|1150176.0|12.71|120824.0|12.71|120824.0|1.0|16.84|4.78|1535673.0|5.352197369899967|8.7|mi_security_types
RVLV|2024-02-28|21.02|21.51|19.69|21.35|5855761.0|17.49|2965027.0|17.49|2965027.0|1.0|20.18|8.3|18367166.0|4.0555827819978765|5.02|mi_security_types
TGTX|2024-02-28|16.18|18.89|15.9|17.63|16649222.0|13.91|6058954.0|13.91|6058954.0|1.0|16.32|6.84|53893665.0|4.859402279963027|4.36|mi_security_types
VIPS|2024-02-28|19.03|20.19|18.81|19.53|15136986.0|17.34|3075130.0|17.34|3075130.0|1.0|9.75|4.96|35809154.0|3.3782748393475024|6.72|mi_security_types
VTEX|2024-02-28|8.47|8.7|7.8144|8.41|1570462.0|7.73|447281.0|7.73|447281.0|1.0|9.57|7.81|2293663.0|2.86333394936241|4.89|mi_security_types
AI|2024-02-29|35.16|38.3|33.75|36.97|56242807.0|29.69|15944825.0|29.69|15944825.0|1.0|18.42|13.54|199342852.0|6.285906750709715|6.76|mi_security_types
AMRC|2024-02-29|22.9|24.6758|20.61|20.96|1359133.0|20.37|592001.0|20.37|592001.0|1.0|12.42|4.25|9806367.0|7.50227926222035|3.05|mi_security_types
ARIS|2024-02-29|10.8|12.19|10.56|12.04|766335.0|9.9|296016.0|9.9|296016.0|1.0|9.09|4.65|2035274.0|3.691991341991341|3.47|mi_security_types
CPRX|2024-02-29|16.29|16.5|15.28|16.03|4155099.0|14.56|1731558.0|14.56|1731558.0|1.0|11.88|6.2|15466120.0|2.8767170329670346|3.6|mi_security_types
DUOL|2024-02-29|240.61|240.77|221.95|239.0|3467533.0|195.51|1509954.0|195.51|1509954.0|1.0|23.07|12.19|96272123.0|4.183600400417956|5.66|mi_security_types
ESTA|2024-02-29|45.99|48.53|44.01|45.68|1600699.0|38.46|924494.0|38.46|924494.0|1.0|19.58|7.43|11088229.0|6.726376197905061|4.29|mi_security_types
HAYW|2024-02-29|14.66|16.04|14.605|14.79|7332744.0|13.09|1785226.0|13.09|1785226.0|1.0|11.99|3.15|13335481.0|2.714722252537378|6.62|mi_security_types
HRL|2024-02-29|34.76|36.0|34.0|35.32|14658857.0|30.83|4769620.0|30.83|4769620.0|1.0|12.75|4.72|104626995.0|1.9486817107640992|4.06|mi_security_types
MDXG|2024-02-29|9.0|9.0394|8.1|8.16|2090623.0|8.2|779527.0|8.2|779527.0|1.0|9.76|1.99|4946266.0|3.1097560975609766|3.12|mi_security_types
MEG|2024-02-29|37.75|42.15|36.5301|41.38|637276.0|33.01|126639.0|33.01|126639.0|1.0|14.36|2.23|4105330.0|4.245228718570133|4.65|mi_security_types
NTRA|2024-02-29|85.73|90.6|83.77|86.49|3878714.0|76.55|2350706.0|76.55|2350706.0|1.0|11.99|9.73|70061538.0|2.842203974993|3.12|mi_security_types
OKTA|2024-02-29|107.42|112.08|102.77|107.3|21550860.0|87.3|5748812.0|87.3|5748812.0|1.0|23.05|7.54|150758288.0|4.215954835542464|10.64|mi_security_types
OPRA|2024-02-29|12.75|12.8|11.67|12.18|2446388.0|11.625|1405036.0|11.625|1405036.0|1.0|9.68|9.98|6891799.0|4.574439324116744|3.51|mi_security_types
PSTG|2024-02-29|47.575|52.76|47.575|52.65|13450251.0|42.12|7035727.0|42.12|7035727.0|1.0|12.95|7.37|132918721.0|3.504443087776421|3.84|mi_security_types
RNA|2024-02-29|18.31|19.46|17.71|18.3|3963878.0|15.26|845356.0|15.26|845356.0|1.0|19.99|9.16|9110849.0|6.270735817262684|5.09|mi_security_types
STER|2024-02-29|15.46|15.74|15.03|15.67|6930995.0|12.42|152849.0|12.42|152849.0|1.0|24.48|0.0|1566324.0|2.613871635610766|48.29|polygon
TPC|2024-02-29|10.6|12.39|10.32|11.33|1397636.0|9.24|185075.0|9.24|185075.0|1.0|14.72|4.76|1448996.0|3.718305504019791|7.74|mi_security_types
VERX|2024-02-29|31.0|34.19|30.72|33.58|2939310.0|25.4|589065.0|25.4|589065.0|1.0|22.05|3.67|7763766.0|3.389876265466819|9.09|mi_security_types
AMRX|2024-03-01|6.12|6.15|5.01|5.47|5961596.0|5.52|3380857.0|5.52|3380857.0|1.0|10.87|0.0|6813090.0|4.703545548654242|4.53|mi_security_types
ANNX|2024-03-01|6.2|6.45|5.79|5.97|3761949.0|5.57|1801077.0|5.57|1801077.0|1.0|11.31|13.44|3757145.0|7.648756091305464|4.15|mi_security_types
DELL|2024-03-01|124.67|131.06|116.45|124.59|62169006.0|94.66|14317003.0|94.66|14317003.0|1.0|31.7|16.3|297304898.0|3.50224864930126|12.99|mi_security_types
FIHL|2024-03-01|18.61|18.61|16.51|16.91|1562837.0|14.96|552787.0|14.96|552787.0|1.0|24.4|13.25|3841217.0|2.5353323147440787|4.1|mi_security_types
MTZ|2024-03-01|84.0|87.19|80.47|84.85|3192544.0|75.46|1985943.0|75.46|1985943.0|1.0|11.32|8.87|61654241.0|3.450522509560413|3.55|mi_security_types
NTAP|2024-03-01|105.88|112.48|104.93|105.31|12759130.0|89.12|4798272.0|89.12|4798272.0|1.0|18.81|5.34|123228181.0|1.9072037701974864|8.25|mi_security_types
NVTS|2024-03-01|7.32|7.4|5.555|5.66|13591932.0|6.14|6839181.0|6.14|6839181.0|1.0|19.22|8.1|12041600.0|6.0287342950209375|5.13|mi_security_types
RPAY|2024-03-01|9.98|10.32|9.151|9.89|2626924.0|8.69|730188.0|8.69|730188.0|1.0|14.84|7.68|6116596.0|4.249547920433995|3.85|mi_security_types
SG|2024-03-01|15.905|17.2|15.38|16.36|10039353.0|12.74|4944267.0|12.74|4944267.0|1.0|24.84|13.45|20162109.0|4.807692307692308|4.57|mi_security_types
XPOF|2024-03-01|11.15|14.9|10.85|14.05|7054969.0|10.08|1888377.0|10.08|1888377.0|1.0|10.62|7.69|5279636.0|6.323696145124713|12.04|mi_security_types
AKRO|2024-03-04|35.508|37.0|29.8|31.07|8531973.0|27.81|2718174.0|27.81|2718174.0|1.0|27.68|16.36|29877152.0|8.055195972671703|6.01|polygon
ETNB|2024-03-04|16.63|16.63|13.5|13.77|6095683.0|12.62|2265000.0|12.62|2265000.0|1.0|31.77|14.42|13111995.0|6.281129726058412|4.09|polygon
SE|2024-03-04|56.0|58.0|49.7638|53.9|34712893.0|51.05|13112881.0|51.05|13112881.0|1.0|9.7|13.39|223835324.0|3.6416398488876434|5.58|mi_security_types
APGE|2024-03-05|59.91|65.41|52.89|59.3|6358077.0|41.74|1372617.0|41.74|1372617.0|1.0|43.53|19.94|11711950.0|5.23648093640906|15.83|mi_security_types
AVAV|2024-03-05|150.64|171.7|150.11|167.15|3307117.0|130.65|967521.0|130.65|967521.0|1.0|15.3|6.88|26116675.0|2.773172598545734|13.31|mi_security_types
DAVE|2024-03-05|27.38|36.49|25.24|36.0|811615.0|21.9|133916.0|21.9|133916.0|1.0|25.02|0.0|1462979.0|11.30688193085454|9.59|mi_security_types
PAY|2024-03-05|19.46|21.02|18.8|19.65|2500467.0|16.35|1092398.0|16.35|1092398.0|1.0|19.02|7.64|1441948.0|3.4287461773700283|16.52|mi_security_types
RGNX|2024-03-05|28.36|28.8|22.06|24.61|2805568.0|21.36|895357.0|21.36|895357.0|1.0|32.77|22.48|13995821.0|8.742776886035312|3.15|mi_security_types
TGT|2024-03-05|166.0566|170.47|165.21|168.58|22976255.0|150.49|9096141.0|150.49|9096141.0|1.0|10.34|0.23|484072070.0|2.0427128523015257|6.33|mi_security_types
VVX|2024-03-05|42.83|44.11|41.7|43.51|363478.0|38.64|106015.0|38.64|106015.0|1.0|10.84|2.14|3120703.0|2.7417738834664336|4.57|mi_security_types
ALNT|2024-03-06|35.0|36.18|33.3|36.18|337302.0|30.0|248172.0|30.0|248172.0|1.0|16.67|7.68|1282998.0|3.9988333333333332|5.08|mi_security_types
BASE|2024-03-06|31.12|32.0|27.52|27.98|1546977.0|26.9|740951.0|26.9|740951.0|1.0|15.69|0.0|10202905.0|3.960488582049923|3.97|polygon
CRWD|2024-03-06|90.0125|91.25|81.0025|82.3925|92170720.0|74.39|52950548.0|297.56|13237637.0|4.0|21.0|0.0|1235700319.0|5.007499087819022|5.4|mi_security_types
CXDO|2024-03-06|6.0|6.88|5.81|5.94|960185.0|5.36|310650.0|5.36|310650.0|1.0|11.94|0.0|1419099.0|11.0467750533049|3.47|mi_security_types
HIPO|2024-03-06|17.98|19.72|14.22|19.39|1246384.0|14.46|262088.0|14.46|262088.0|1.0|24.34|9.96|1717870.0|6.9648290851610355|5.79|mi_security_types
JD|2024-03-06|24.85|25.67|24.33|24.91|54459259.0|21.44|18612047.0|21.44|18612047.0|1.0|15.9|0.0|272696228.0|3.952858475479741|4.25|mi_security_types
PCT|2024-03-06|6.3|6.5|4.64|5.01|7885269.0|5.66|2503067.0|5.66|2503067.0|1.0|11.31|1.62|13058324.0|9.293664815749626|3.09|mi_security_types
AEO|2024-03-07|26.12|26.44|22.93|23.0|17409577.0|23.45|11123398.0|23.45|11123398.0|1.0|11.39|0.0|84331189.0|2.809473042948523|4.2|mi_security_types
AGR|2024-03-07|35.8|36.305|35.75|36.24|5317215.0|32.08|659052.0|32.08|659052.0|1.0|11.6|3.72|21223453.0|2.32701727823299|7.05|polygon
ARHS|2024-03-07|14.0|15.59|13.8|14.37|3614594.0|12.82|1631813.0|12.82|1631813.0|1.0|9.2|0.71|8404175.0|3.2064296857588626|5.05|mi_security_types
EHAB|2024-03-07|9.43|10.9|9.29|9.6|3607759.0|7.86|1433357.0|7.86|1433357.0|1.0|19.97|0.0|4770995.0|5.756997455470736|6.22|mi_security_types
GPRK|2024-03-07|9.1|9.25|9.0|9.11|1121494.0|8.33|247294.0|8.33|247294.0|1.0|9.24|0.0|1768309.0|3.138998456525472|4.71|mi_security_types
HG|2024-03-07|15.765|16.0|13.92|14.39|758901.0|14.46|263993.0|14.46|263993.0|1.0|9.02|7.03|2098004.0|3.5961272475795307|3.87|mi_security_types
ML|2024-03-07|59.46|70.8623|58.4101|67.36|764686.0|52.55|192143.0|52.55|192143.0|1.0|13.15|6.46|4687463.0|5.770259616691586|7.2|polygon
MLR|2024-03-07|50.45|51.37|48.43|49.95|185811.0|45.07|86625.0|45.07|86625.0|1.0|11.94|2.01|2096548.0|2.014152588037658|3.48|mi_security_types
MNMD|2024-03-07|7.42|11.1|7.4|9.0|38105521.0|5.94|571083.0|5.94|571083.0|1.0|24.92|19.28|4451039.0|8.447811447811446|37.56|polygon
OSPN|2024-03-07|12.0|12.4|11.04|11.79|2988044.0|9.58|398538.0|9.58|398538.0|1.0|25.26|1.16|2270314.0|3.7950342976438995|11.65|mi_security_types
RSI|2024-03-07|7.16|7.31|5.97|6.26|8025259.0|5.39|1438610.0|5.39|1438610.0|1.0|32.84|2.08|4629583.0|4.929499072356215|10.37|mi_security_types
YEXT|2024-03-07|7.49|7.53|5.99|6.45|3757627.0|5.96|1416255.0|5.96|1416255.0|1.0|25.67|3.65|4285971.0|4.010666347075739|4.88|mi_security_types
DOCU|2024-03-08|58.9|58.96|54.79|55.97|14756064.0|53.56|8449852.0|53.56|8449852.0|1.0|9.97|3.44|138392830.0|2.9561639816494187|4.97|mi_security_types
FNKO|2024-03-08|7.49|7.49|6.75|6.86|1392534.0|6.44|819054.0|6.44|819054.0|1.0|16.3|0.47|2779133.0|4.9254658385093135|3.15|mi_security_types
HCI|2024-03-08|113.52|117.65|108.0101|112.95|699102.0|99.21|96791.0|99.21|96791.0|1.0|14.42|2.19|7754247.0|2.518431321727361|7.13|mi_security_types
SWBI|2024-03-08|15.06|17.46|14.94|17.39|4411561.0|13.44|500108.0|13.44|500108.0|1.0|12.05|2.05|4018492.0|2.075042517006801|14.59|mi_security_types
AMPY|2024-03-11|5.88|5.98|5.62|5.97|2868596.0|5.15|7647587.0|5.15|7647587.0|1.0|14.17|0.0|2239583.0|7.337309292649101|3.66|mi_security_types
GDS|2024-03-11|7.59|8.55|7.545|7.82|5049885.0|6.41|856099.0|6.41|856099.0|1.0|18.41|8.28|7678593.0|6.468798751950078|3.85|mi_security_types
AVO|2024-03-12|11.68|12.1|11.14|12.0|800057.0|10.7|236448.0|10.7|236448.0|1.0|9.16|0.0|1732939.0|2.219559412550064|4.74|mi_security_types
GUTS|2024-03-12|9.01|9.04|6.585|7.11|1863397.0|7.93|317700.0|7.93|317700.0|1.0|13.62|0.0|2638318.0|13.175013511079085|4.39|mi_security_types
HRTG|2024-03-12|8.85|9.12|8.0|8.95|1858263.0|7.15|446040.0|7.15|446040.0|1.0|23.78|7.2|1802813.0|4.9134865134865136|6.38|mi_security_types
ORCL|2024-03-12|126.26|129.37|124.6|127.54|48536077.0|114.13|20438335.0|114.13|20438335.0|1.0|10.63|2.88|871925331.0|2.0582606301085224|5.77|mi_security_types
HCM|2024-03-13|18.5|19.4|18.25|18.56|633707.0|16.33|207286.0|16.33|207286.0|1.0|13.29|18.08|1076377.0|5.698495319744555|6.83|mi_security_types
SIGA|2024-03-13|5.99|6.6225|5.8|6.45|4978322.0|5.32|1767699.0|5.32|1767699.0|1.0|12.59|9.47|1461670.0|4.121911922663806|14.49|mi_security_types
TH|2024-03-13|10.02|10.24|8.54|8.67|1540667.0|8.54|556631.0|8.54|556631.0|1.0|17.33|0.35|2923642.0|3.035296085647377|4.25|mi_security_types
WSM|2024-03-13|131.555|144.9|130.605|141.935|10198690.0|120.525|3453952.0|241.05|1726976.0|2.0|9.15|2.62|184564658.0|2.7167926037870034|4.3|mi_security_types
DKS|2024-03-14|208.88|222.92|208.88|216.81|6651250.0|187.76|2248538.0|187.76|2248538.0|1.0|11.25|4.47|167552861.0|2.2895870107736345|5.98|mi_security_types
HEAR|2024-03-14|14.1|14.99|13.57|13.95|3608769.0|11.03|481474.0|11.03|481474.0|1.0|27.83|10.52|1540554.0|4.453762466001816|23.48|polygon
LAC|2024-03-14|6.83|7.65|5.9|5.99|21496564.0|5.73|3385932.0|5.73|3385932.0|1.0|19.2|15.52|14103111.0|6.835826477187734|6.97|mi_security_types
AVD|2024-03-15|13.3|14.2773|12.45|12.9|963578.0|10.59|241581.0|10.59|241581.0|1.0|25.59|0.0|1315074.0|3.1533791987049766|6.88|mi_security_types
CDLX|2024-03-15|125.0|147.5|118.0|145.0|1892301.0|81.85|116613.0|8.185|1166130.0|0.1|52.72|17.94|4501307.0|7.537306920324636|28.06|mi_security_types
DESP|2024-03-15|11.11|11.73|10.63|11.32|2286913.0|9.89|575858.0|9.89|575858.0|1.0|12.34|14.07|1695080.0|3.4722663585150935|8.85|polygon
GCT|2024-03-15|39.31|45.18|34.41|43.15|9010691.0|34.99|2676622.0|34.99|2676622.0|1.0|12.35|13.46|82851794.0|11.812109582329645|3.46|mi_security_types
MDGL|2024-03-15|293.9|299.98|262.001|270.37|2769376.0|243.57|1733110.0|243.57|1733110.0|1.0|20.66|0.0|121478703.0|7.252417902744302|4.76|mi_security_types
EH|2024-03-18|17.67|19.925|15.05|15.5|7552786.0|15.37|3266263.0|15.37|3266263.0|1.0|14.96|34.71|6096500.0|7.129705362951949|7.8|mi_security_types
NVEI|2024-03-18|27.28|29.29|26.6679|28.68|4905959.0|21.76|650050.0|21.76|650050.0|1.0|25.37|0.0|10902787.0|5.232405462184873|8.9|polygon
SMR|2024-03-18|8.68|11.21|8.67|10.1|19603423.0|7.85|8760408.0|7.85|8760408.0|1.0|10.57|43.25|9919178.0|11.769790718835308|4.71|mi_security_types
ATNM|2024-03-19|7.6|8.5|7.3|8.21|2036255.0|6.54|259951.0|6.54|259951.0|1.0|16.21|4.31|1474348.0|7.916994320664044|8.54|mi_security_types
FUSN|2024-03-19|20.96|21.21|20.85|21.18|41250531.0|10.64|1507332.0|10.64|1507332.0|1.0|96.99|13.92|12344598.0|7.674409237379162|37.87|polygon
SPIR|2024-03-19|14.285|19.4|14.16|16.01|7627828.0|12.28|178548.0|12.28|178548.0|1.0|16.33|3.89|2160127.0|8.910248953001393|37.48|mi_security_types
ANVS|2024-03-20|9.85|13.26|9.6|11.1|2141340.0|8.92|154433.0|8.92|154433.0|1.0|10.43|0.0|1086882.0|6.495195387572067|13.08|mi_security_types
BAK|2024-03-20|9.91|10.56|9.67|10.56|3961902.0|8.99|2378059.0|8.99|2378059.0|1.0|10.23|9.63|7824301.0|3.682663276656602|3.69|mi_security_types
PDD|2024-03-20|147.085|148.2999|127.64|132.17|45616075.0|127.68|10224963.0|127.68|10224963.0|1.0|15.2|14.11|1026214831.0|4.320874731471539|5.42|mi_security_types
SRAD|2024-03-20|11.47|12.51|10.78|11.23|2120983.0|10.09|733143.0|10.09|733143.0|1.0|13.68|0.0|2177390.0|2.178606824295628|8.13|mi_security_types
GES|2024-03-21|31.0|32.22|30.56|31.32|7035850.0|25.95|1724390.0|25.95|1724390.0|1.0|19.46|3.68|25034004.0|2.3176438205339935|7.16|polygon
MU|2024-03-21|113.365|113.5|108.7816|109.85|89554124.0|96.25|39771387.0|96.25|39771387.0|1.0|17.78|5.27|1559112772.0|3.770782931354359|4.42|mi_security_types
ATXS|2024-03-25|16.75|16.9|14.51|14.75|4508707.0|15.13|539887.0|15.13|539887.0|1.0|10.71|0.0|11768286.0|8.485506562175432|3.69|polygon
DWAC|2024-03-25|40.51|52.8|38.55|49.95|22155930.0|36.94|9915264.0|36.94|9915264.0|1.0|9.66|3.84|61149102.0|12.379495707324617|9.94|polygon
MASI|2024-03-25|153.76|153.93|138.11|139.43|1893934.0|134.93|339231.0|134.93|339231.0|1.0|13.96|1.7|66153818.0|2.9435897978846124|3.28|mi_security_types
DNUT|2024-03-26|14.84|17.84|14.3409|17.35|43605685.0|12.45|1370568.0|12.45|1370568.0|1.0|19.2|5.96|9758161.0|2.7476764199655777|48.12|mi_security_types
PRAX|2024-03-26|60.55|67.21|57.895|62.18|825928.0|50.5|105692.0|50.5|105692.0|1.0|19.9|0.0|6052127.0|7.474229137199434|6.28|mi_security_types
STOK|2024-03-26|11.07|13.0|10.16|10.29|19469012.0|6.5|2566652.0|6.5|2566652.0|1.0|70.31|12.07|2310969.0|10.942967032967035|41.3|mi_security_types
NCNO|2024-03-27|34.5|36.65|34.03|35.9|7722122.0|30.18|1281851.0|30.18|1281851.0|1.0|14.31|0.97|18643497.0|2.3386821925589314|11.61|mi_security_types
NVCR|2024-03-27|14.78|15.54|12.92|14.64|11939190.0|13.07|1093581.0|13.07|1093581.0|1.0|13.08|0.0|15229131.0|5.900316974532736|11.89|mi_security_types
ATLX|2024-03-28|16.92|17.6341|14.99|17.02|513241.0|14.92|412238.0|14.92|412238.0|1.0|13.4|23.66|1256336.0|10.552039448487168|4.31|mi_security_types
REX|2024-03-28|26.06|29.45|25.085|29.355|1415946.0|21.96|407810.0|43.92|203905.0|2.0|18.67|0.27|3844395.0|2.4479898516783773|5.84|mi_security_types
RH|2024-03-28|330.54|354.86|325.51|348.26|4873863.0|296.99|2415302.0|296.99|2415302.0|1.0|11.3|6.52|127097614.0|4.994112355875379|7.58|mi_security_types
VRNT|2024-03-28|35.0|36.48|31.92|33.15|2960798.0|31.09|967809.0|31.09|967809.0|1.0|12.58|0.65|11921784.0|2.7538482745944926|6.29|polygon
CHX|2024-04-02|39.1|39.28|37.59|39.08|16550298.0|35.4|983811.0|35.4|983811.0|1.0|10.45|3.12|34298188.0|2.235472154963682|13.7|polygon
EXAS|2024-04-02|79.59|79.62|73.16|73.74|11351714.0|70.41|3173531.0|70.41|3173531.0|1.0|13.04|10.43|112612714.0|3.7225739038691765|5.23|mi_security_types
GH|2024-04-02|22.25|22.57|19.62|20.79|6454821.0|20.25|2065103.0|20.25|2065103.0|1.0|9.88|18.21|28318762.0|4.7513227513227525|3.44|mi_security_types
LEVI|2024-04-04|21.51|22.39|20.95|20.97|27988019.0|18.66|9251787.0|18.66|9251787.0|1.0|15.27|0.11|28391783.0|3.1423977951309143|12.28|mi_security_types
MGNX|2024-04-04|15.07|18.9|15.07|17.78|6817570.0|13.67|1751071.0|13.67|1751071.0|1.0|10.24|2.7|24207362.0|6.425697565053818|4.1|mi_security_types
SLP|2024-04-04|44.91|48.74|42.84|47.54|621394.0|38.46|219966.0|38.46|219966.0|1.0|16.77|0.0|4058318.0|3.8750650026001052|5.93|mi_security_types
STAA|2024-04-04|43.96|46.93|43.085|45.51|2357078.0|39.07|765866.0|39.07|765866.0|1.0|12.52|8.53|28076796.0|4.365698928662841|3.25|mi_security_types
ZETA|2024-04-04|11.695|12.445|11.4|11.93|6177461.0|10.53|1188353.0|10.53|1188353.0|1.0|11.06|0.77|12513357.0|3.114231447564781|4.92|mi_security_types
ANGO|2024-04-05|6.98|7.52|6.79|7.03|2155711.0|6.4|1387816.0|6.4|1387816.0|1.0|9.06|18.52|2117334.0|4.877232142857143|4.37|mi_security_types
AIRC|2024-04-08|38.45|38.53|38.35|38.38|26053082.0|31.35|1031341.0|31.35|1031341.0|1.0|22.65|0.0|32233001.0|1.8922305764411051|23.96|polygon
MODN|2024-04-08|29.84|30.5|29.74|29.82|8663779.0|27.09|215253.0|27.09|215253.0|1.0|10.15|1.01|5940294.0|2.7566840689764294|31.59|polygon
ALPN|2024-04-11|64.18|64.45|64.15|64.4|34587931.0|47.04|12234018.0|47.04|12234018.0|1.0|36.44|34.75|50473322.0|7.204916788143831|17.28|polygon
ELVN|2024-04-11|24.015|26.0|22.62|23.82|3347739.0|19.82|832242.0|19.82|832242.0|1.0|21.17|8.31|2858988.0|8.190680409398874|13.57|mi_security_types
AGX|2024-04-12|55.2|61.79|54.8|59.77|557556.0|49.35|101534.0|49.35|101534.0|1.0|11.85|0.0|2664824.0|2.130554349399334|8.68|mi_security_types
GL|2024-04-12|59.75|61.45|52.1658|59.09|25735285.0|49.17|36577524.0|49.17|36577524.0|1.0|21.52|0.0|140870206.0|13.851186844475436|8.21|mi_security_types
PLL|2024-04-15|15.54|17.66|14.43|14.68|10006269.0|12.68|355168.0|12.68|355168.0|1.0|22.56|0.0|5053598.0|6.473298783235693|18.53|polygon
WIRE|2024-04-15|288.96|295.9|287.99|291.23|3098304.0|260.98|135959.0|260.98|135959.0|1.0|10.72|1.04|40974150.0|2.914013662787511|16.25|polygon
CGEM|2024-04-16|19.87|20.62|16.871|17.32|3354405.0|16.55|202457.0|16.55|202457.0|1.0|20.06|0.0|4449018.0|5.727880880448858|10.97|mi_security_types
ITCI|2024-04-16|75.29|84.89|75.0|79.84|7381356.0|64.76|503322.0|64.76|503322.0|1.0|16.26|0.0|35206111.0|3.4401636812847443|12.9|polygon
PLCE|2024-04-17|9.37|11.4|8.01|8.28|14075181.0|7.11|495835.0|7.11|495835.0|1.0|31.79|0.0|6693644.0|13.634920634920633|20.65|mi_security_types
CNS|2024-04-19|73.73|73.91|70.59|72.39|2006565.0|66.11|282877.0|66.11|282877.0|1.0|11.53|0.0|9570921.0|3.4601421872636524|14.08|mi_security_types
HIBB|2024-04-23|86.0|86.7|85.75|86.15|4148638.0|72.49|399048.0|72.49|399048.0|1.0|18.64|3.45|20568790.0|3.174960093017757|13.98|polygon
SPOT|2024-04-23|301.13|319.3|298.5|303.31|11386186.0|272.24|5589180.0|272.24|5589180.0|1.0|10.61|0.0|517300767.0|4.217604739515554|5.06|mi_security_types
HAS|2024-04-24|63.5|66.375|63.18|65.03|7253442.0|58.14|3189007.0|58.14|3189007.0|1.0|9.22|6.06|78324900.0|2.3760258489360657|4.88|mi_security_types
LRN|2024-04-24|64.65|64.95|62.0|63.23|2176894.0|58.2|1241366.0|58.2|1241366.0|1.0|11.08|2.95|32983426.0|1.9879111438389778|3.39|mi_security_types
RILY|2024-04-24|30.61|35.0|26.46|29.75|12195652.0|21.72|523096.0|21.72|523096.0|1.0|40.93|9.97|14655983.0|8.927782162588791|14.32|mi_security_types
VRT|2024-04-24|89.79|94.39|81.84|84.57|28787710.0|79.17|7385659.0|79.17|7385659.0|1.0|13.41|5.55|616159315.0|6.253369782926437|3.51|mi_security_types
WAB|2024-04-24|162.25|167.485|160.87|163.38|3772610.0|148.48|1090268.0|148.48|1090268.0|1.0|9.27|2.99|138530099.0|1.7828230834359606|4.01|mi_security_types
STRA|2024-04-25|110.0|118.85|109.52|117.04|486264.0|100.65|103871.0|100.65|103871.0|1.0|9.29|4.07|10121183.0|2.4358810588318773|4.79|mi_security_types
TRU|2024-04-25|76.36|76.395|72.32|74.29|6705100.0|68.68|1239901.0|68.68|1239901.0|1.0|11.18|2.97|108134510.0|3.321823779016555|3.89|mi_security_types
EXPO|2024-04-26|95.0|102.72|91.79|95.21|997258.0|79.68|473453.0|79.68|473453.0|1.0|19.23|2.51|16504759.0|1.9515382960413057|4.33|mi_security_types
RMD|2024-04-26|203.02|218.38|201.86|218.06|4330840.0|183.42|1124546.0|183.42|1124546.0|1.0|10.69|5.52|178896598.0|2.648488247114351|4.0|mi_security_types
ROG|2024-04-26|120.74|126.4|117.31|121.03|608477.0|109.54|265868.0|109.54|265868.0|1.0|10.22|3.52|12694659.0|2.9615861133571535|4.35|mi_security_types
SKX|2024-04-26|67.21|69.07|65.03|65.41|7731331.0|58.82|2580702.0|58.82|2580702.0|1.0|14.26|4.27|78310799.0|2.423252538009423|4.48|polygon
SLCA|2024-04-26|15.54|16.03|15.54|15.89|14825542.0|13.06|918186.0|13.06|918186.0|1.0|18.99|4.06|8719651.0|3.3717457886676865|19.18|polygon
SNAP|2024-04-26|14.48|14.94|13.78|14.55|159811902.0|11.4|75962215.0|11.4|75962215.0|1.0|27.02|9.51|239145371.0|5.383771929824559|6.07|mi_security_types
ULH|2024-04-26|40.55|48.63|39.58|45.84|484218.0|32.89|50019.0|32.89|50019.0|1.0|23.29|3.49|1054864.0|3.974243148156191|12.98|mi_security_types
DCPH|2024-04-29|25.2|25.4|25.165|25.28|50724470.0|14.65|330362.0|14.65|330362.0|1.0|72.01|3.31|6064882.0|4.1879570941004385|111.33|polygon
HTLF|2024-04-29|40.0|42.81|40.0|41.13|2828266.0|35.72|193895.0|35.72|193895.0|1.0|11.98|2.64|6971565.0|2.8455447128459443|12.77|polygon
PHG|2024-04-29|25.1176|26.3341|23.6685|23.8921|13799148.0|18.8471|1033186.0|21.069972491761323|924185.3480451418|1.1179424151069035|33.27|5.46|16575081.0|1.8053175289567083|13.38|mi_security_types
SLNO|2024-04-29|47.0|53.8|44.6701|45.53|3503649.0|37.89|138612.0|37.89|138612.0|1.0|24.04|1.47|10666682.0|4.862364740036948|12.8|mi_security_types
AMKR|2024-04-30|35.03|35.95|32.29|32.35|2916404.0|31.47|1465000.0|31.47|1465000.0|1.0|11.31|8.67|23501010.0|3.8031458531935125|3.1|mi_security_types
ST|2024-04-30|42.82|42.88|38.16|38.31|14624343.0|35.76|1865186.0|35.76|1865186.0|1.0|19.74|6.08|41063232.0|2.1862016618728|11.5|mi_security_types
TREE|2024-04-30|43.0|49.629|41.6924|48.27|1461272.0|37.35|213970.0|37.35|213970.0|1.0|15.13|5.12|5970293.0|5.363817173455726|8.2|mi_security_types
WGS|2024-04-30|14.28|18.24|13.9|17.07|7285998.0|11.0|241091.0|11.0|241091.0|1.0|29.82|5.87|1592256.0|9.725259740259743|47.38|mi_security_types
CDNA|2024-05-01|8.51|9.96|8.43|9.18|2600124.0|7.76|837179.0|7.76|837179.0|1.0|9.66|2.65|5033170.0|6.519053755522826|4.11|mi_security_types
EEFT|2024-05-01|114.0|114.0|101.5|104.37|729298.0|102.68|308713.0|102.68|308713.0|1.0|11.02|0.0|24822080.0|2.3138808503533865|3.06|mi_security_types
LC|2024-05-01|8.4|9.27|8.4|9.0|4477358.0|7.52|2865947.0|7.52|2865947.0|1.0|11.7|0.0|9474545.0|3.821238601823708|3.69|mi_security_types
PINS|2024-05-01|39.44|40.98|37.91|40.48|45488259.0|33.45|16906734.0|33.45|16906734.0|1.0|17.91|2.48|222416467.0|3.0055519965833866|5.81|mi_security_types
POWL|2024-05-01|61.0|61.1633|53.0367|56.67|3281760.0|47.6667|1122984.0|143.0001|374328.0|3.0|27.97|5.05|35320568.0|4.768648013932459|4.01|mi_security_types
ROOT|2024-05-01|84.68|86.57|68.0439|69.91|2256554.0|69.65|685360.0|69.65|685360.0|1.0|21.58|27.87|28380518.0|9.060475848630908|4.06|mi_security_types
TECH|2024-05-01|70.54|76.68|70.012|73.46|3117232.0|63.21|1329624.0|63.21|1329624.0|1.0|11.6|0.88|61447625.0|2.9521775487603685|3.0|mi_security_types
TGTX|2024-05-01|17.15|18.0|14.87|15.88|18588085.0|13.66|5206680.0|13.66|5206680.0|1.0|25.55|2.55|38184482.0|4.71763229449906|6.48|mi_security_types
TMDX|2024-05-01|110.0|124.18|105.46|117.6|4941000.0|94.13|1241503.0|94.13|1241503.0|1.0|16.86|8.81|72678653.0|4.964380567907605|5.45|mi_security_types
ASPN|2024-05-02|19.79|24.41|19.33|23.85|11894542.0|15.22|1084277.0|15.22|1084277.0|1.0|30.03|0.26|9189315.0|5.509714661160127|18.95|mi_security_types
BPMC|2024-05-02|103.88|110.1555|100.905|107.0|2003975.0|94.86|883687.0|94.86|883687.0|1.0|9.51|4.69|56146881.0|4.699316285654046|3.16|polygon
CHRW|2024-05-02|81.0|85.0|79.6|80.93|6430404.0|72.09|2842429.0|72.09|2842429.0|1.0|12.36|2.66|82388857.0|2.4763192834353887|4.39|mi_security_types
CVNA|2024-05-02|23.99|24.46|22.29|23.3|121103950.0|17.418|69532875.0|87.09|13906575.0|5.0|37.73|21.91|300534065.0|6.02984597214704|5.54|mi_security_types
ENVX|2024-05-02|7.7438|8.4131|7.1138|8.2863|29514520.0|5.6963|9141658.0|6.510057142857143|7998950.75|1.1428571428571428|35.94|11.47|23693183.0|7.732337532383175|5.73|mi_security_types
FORM|2024-05-02|48.0|51.9|47.715|51.75|1822948.0|43.99|544962.0|43.99|544962.0|1.0|9.12|9.29|16889659.0|3.6780437112330713|4.18|mi_security_types
IAC|2024-05-02|52.16|54.07|50.68|53.66|4934143.0|47.85|597569.0|47.85|597569.0|1.0|9.01|0.61|26503194.0|2.282430213464695|9.29|mi_security_types
LNTH|2024-05-02|75.0|79.25|74.825|78.18|3707110.0|67.39|1475955.0|67.39|1475955.0|1.0|11.29|6.85|39881748.0|3.1871197507048548|4.92|mi_security_types
MAX|2024-05-02|24.76|25.78|21.84|22.08|1286460.0|21.06|586366.0|21.06|586366.0|1.0|17.57|14.39|6170146.0|4.732804232804234|3.36|mi_security_types
SFM|2024-05-02|71.4|74.03|69.96|72.0|4309287.0|64.29|2007368.0|64.29|2007368.0|1.0|11.06|0.0|73226803.0|2.5679732462280316|3.24|mi_security_types
W|2024-05-02|60.0|60.0|55.32|58.64|14143812.0|50.53|7020633.0|50.53|7020633.0|1.0|18.74|0.76|205643662.0|6.27796782675073|3.27|mi_security_types
AMGN|2024-05-03|313.39|322.6|308.68|311.29|9644682.0|278.39|3177473.0|278.39|3177473.0|1.0|12.57|3.34|587374161.0|1.9429525896352995|4.23|mi_security_types
ARDX|2024-05-03|8.36|9.13|7.98|8.72|24971221.0|6.79|6971133.0|6.79|6971133.0|1.0|23.12|7.61|35892808.0|4.614454029034293|4.84|mi_security_types
CLFD|2024-05-03|39.9|40.0|35.46|36.13|687406.0|31.91|294668.0|31.91|294668.0|1.0|25.04|8.69|4164268.0|3.1739490531405297|4.52|mi_security_types
LOCO|2024-05-03|10.87|11.99|9.64|10.01|3281652.0|8.6|345195.0|8.6|345195.0|1.0|26.4|2.38|2175595.0|2.9900332225913604|10.63|mi_security_types
MTZ|2024-05-03|101.49|106.09|101.19|101.8|2348086.0|91.0|1741156.0|91.0|1741156.0|1.0|11.53|6.83|58229910.0|3.6418759811616943|3.23|mi_security_types
PCTY|2024-05-03|184.52|184.7726|166.38|167.63|2044545.0|149.6|1325704.0|149.6|1325704.0|1.0|23.34|0.24|57786986.0|3.2002005347593587|4.61|mi_security_types
TNDM|2024-05-03|42.92|47.0|42.4568|44.72|5986916.0|36.56|2473500.0|36.56|2473500.0|1.0|17.4|4.55|37232037.0|5.244783526101906|4.68|mi_security_types
TWST|2024-05-03|38.28|41.77|35.1752|41.21|4458430.0|32.01|1120281.0|32.01|1120281.0|1.0|19.59|4.1|24428058.0|5.243896996474315|4.9|mi_security_types
UDMY|2024-05-03|11.6|11.6|9.665|10.13|3323869.0|9.89|1080385.0|9.89|1080385.0|1.0|17.29|0.0|6851606.0|2.98642207135635|4.76|mi_security_types
FRPT|2024-05-06|124.62|127.25|116.5|121.03|2468304.0|109.58|768569.0|109.58|768569.0|1.0|13.73|3.68|45759587.0|2.2628607931582927|5.3|mi_security_types
PRFT|2024-05-06|73.7|73.85|73.17|73.26|11680106.0|48.11|675055.0|48.11|675055.0|1.0|53.19|11.91|17227265.0|3.927754847522046|22.79|polygon
AMBC|2024-05-07|16.69|18.19|16.55|18.04|1696206.0|15.12|388199.0|15.12|388199.0|1.0|10.38|4.64|4541792.0|2.3622448979591844|5.0|polygon
ATSG|2024-05-07|15.84|15.84|14.47|14.71|1312754.0|13.25|799039.0|13.25|799039.0|1.0|19.55|3.76|4577840.0|3.0456064690026943|3.08|polygon
DAVE|2024-05-07|52.96|63.5|49.51|52.3|926910.0|46.54|98234.0|46.54|98234.0|1.0|13.79|6.26|2742381.0|9.102722696298112|10.78|mi_security_types
GLDD|2024-05-07|8.0|9.46|8.0|8.75|1786011.0|7.04|209298.0|7.04|209298.0|1.0|13.64|6.67|1833740.0|3.6465097402597415|5.78|mi_security_types
HIMS|2024-05-07|13.635|13.635|12.07|12.35|25707767.0|11.65|18675973.0|11.65|18675973.0|1.0|17.04|3.46|50069325.0|5.165542611894544|4.89|mi_security_types
JMIA|2024-05-07|6.13|7.0|5.97|6.45|14788560.0|5.47|4190336.0|5.47|4190336.0|1.0|12.07|24.6|8319771.0|6.422956385479239|6.99|mi_security_types
MWA|2024-05-07|18.55|18.99|17.71|18.01|6115871.0|16.55|1117535.0|16.55|1117535.0|1.0|12.08|4.48|23353836.0|2.101553733275788|3.85|mi_security_types
SYM|2024-05-07|47.0|48.08|42.2145|46.5|3985729.0|41.94|2570951.0|41.94|2570951.0|1.0|12.06|9.16|36569177.0|4.619439335104575|4.09|mi_security_types
APEI|2024-05-08|16.72|21.04|16.205|17.87|442253.0|15.18|143658.0|15.18|143658.0|1.0|10.14|10.08|1390757.0|4.324298889516281|4.19|mi_security_types
BROS|2024-05-08|31.15|32.88|30.14|31.77|9792519.0|28.42|3576092.0|28.42|3576092.0|1.0|9.61|5.45|49394825.0|3.0793706645219667|5.18|mi_security_types
CRCT|2024-05-08|6.43|8.34|6.23|8.14|7855717.0|5.53|1367352.0|5.53|1367352.0|1.0|16.27|3.95|3622202.0|4.648411263239472|11.36|mi_security_types
CRUS|2024-05-08|102.885|103.3|97.7727|102.24|1551671.0|91.13|809815.0|91.13|809815.0|1.0|12.9|8.49|26567645.0|2.7535232242792875|4.32|mi_security_types
ELAN|2024-05-08|15.74|17.23|15.24|16.89|19729086.0|13.52|6466597.0|13.52|6466597.0|1.0|16.42|2.81|55788221.0|3.7811707523246003|4.61|mi_security_types
GMED|2024-05-08|58.2|65.74|58.2|61.73|6662790.0|51.36|1831092.0|51.36|1831092.0|1.0|13.32|3.15|45358666.0|2.4233700489541614|7.24|mi_security_types
INGN|2024-05-08|8.2|8.75|7.42|8.24|882018.0|7.3|359902.0|7.3|359902.0|1.0|12.33|7.35|1648252.0|5.839823874755385|3.23|mi_security_types
INOD|2024-05-08|8.65|10.54|8.2102|10.47|19162181.0|6.74|351117.0|6.74|351117.0|1.0|28.34|15.41|1402448.0|6.69563374311149|67.68|mi_security_types
KD|2024-05-08|23.0|26.7|22.6|26.55|7906755.0|20.77|2784937.0|20.77|2784937.0|1.0|10.74|5.65|30716928.0|2.967845106265904|4.82|mi_security_types
LPX|2024-05-08|83.5|88.16|80.82|88.14|3971241.0|72.97|1700619.0|72.97|1700619.0|1.0|14.43|0.14|62461952.0|2.4264472679574762|4.44|mi_security_types
MYGN|2024-05-08|23.448|24.2|22.13|23.95|2587966.0|19.78|884302.0|19.78|884302.0|1.0|18.54|2.91|11249451.0|3.90546006066734|3.86|mi_security_types
ODD|2024-05-08|35.44|37.11|34.5101|36.49|2562325.0|31.26|2213559.0|31.26|2213559.0|1.0|13.37|0.0|21983547.0|4.6785028790786924|3.26|mi_security_types
PAYO|2024-05-08|5.72|5.93|5.37|5.88|6517653.0|5.22|2060668.0|5.22|2060668.0|1.0|9.58|5.67|10019128.0|2.9493705528188268|3.07|mi_security_types
PCRX|2024-05-08|28.9|30.59|28.25|29.65|1933588.0|26.51|734470.0|26.51|734470.0|1.0|9.02|1.77|11954648.0|3.2238238939483757|4.1|mi_security_types
PWSC|2024-05-08|20.8|21.49|19.01|19.15|8807216.0|16.64|1534225.0|16.64|1534225.0|1.0|25.0|0.36|16748696.0|3.029232486263737|7.78|polygon
RDDT|2024-05-08|55.0|55.16|49.7|51.4|13509264.0|49.4|6241675.0|49.4|6241675.0|1.0|11.34|11.16|98732539.0|6.096182764603819|5.43|mi_security_types
RNG|2024-05-08|33.34|35.11|32.5|34.38|3263894.0|29.99|981259.0|29.99|981259.0|1.0|11.17|1.25|22177772.0|3.1308055065974347|4.25|mi_security_types
ACDC|2024-05-09|7.94|8.5041|7.77|8.25|3184720.0|7.09|1431668.0|7.09|1431668.0|1.0|11.99|3.81|6670976.0|5.56558533145275|3.15|mi_security_types
AGS|2024-05-09|11.24|11.51|10.65|11.34|9715725.0|8.96|225345.0|8.96|225345.0|1.0|25.45|7.95|2002936.0|3.6039540816326494|44.18|polygon
APP|2024-05-09|83.272|88.5|80.67|84.69|15126932.0|74.0|6353585.0|74.0|6353585.0|1.0|12.53|6.11|223270817.0|4.486969111969116|4.46|mi_security_types
ASLE|2024-05-09|8.74|9.4|8.04|8.25|1186169.0|7.55|474963.0|7.55|474963.0|1.0|15.76|6.49|1871440.0|3.4536423841059616|3.78|mi_security_types
BLBD|2024-05-09|44.34|49.0|42.9|46.72|2883238.0|37.54|693421.0|37.54|693421.0|1.0|18.11|14.35|12833272.0|3.9405776695334507|6.33|mi_security_types
BMBL|2024-05-09|11.7|12.34|10.51|11.45|10381890.0|10.27|6013618.0|10.27|6013618.0|1.0|13.92|1.68|27895746.0|3.731395187091386|3.74|mi_security_types
CCSI|2024-05-09|14.86|18.65|14.78|18.0|1101202.0|13.23|280816.0|13.23|280816.0|1.0|12.32|13.66|2997857.0|4.030342295648419|4.77|mi_security_types
EMBC|2024-05-09|13.28|15.2801|13.11|14.16|2585102.0|10.27|416093.0|10.27|416093.0|1.0|29.31|1.38|4007220.0|3.4288496313812784|6.52|mi_security_types
EQIX|2024-05-09|778.0|800.0|761.03|772.43|2353632.0|692.71|876081.0|692.71|876081.0|1.0|12.31|0.0|526415135.0|2.667679940275979|3.21|mi_security_types
KVYO|2024-05-09|24.1|24.95|23.0|24.08|3336250.0|21.53|3653851.0|21.53|3653851.0|1.0|11.94|0.0|20213479.0|4.340753765509921|3.52|mi_security_types
MGNI|2024-05-09|10.8|10.9|9.185|9.23|3776866.0|8.9|1893938.0|8.9|1893938.0|1.0|21.35|0.79|10233496.0|4.211878009630818|3.38|mi_security_types
PETQ|2024-05-09|19.24|19.4|18.06|18.69|866289.0|17.65|220812.0|17.65|220812.0|1.0|9.01|8.15|3529711.0|2.7466612707405904|4.02|polygon
PGY|2024-05-09|12.15|13.22|11.83|12.6|4247296.0|10.5|890506.0|10.5|890506.0|1.0|15.71|7.91|9299666.0|5.906190476190476|4.5|mi_security_types
SBGI|2024-05-09|14.67|16.35|14.58|16.26|1879937.0|13.28|286994.0|13.28|286994.0|1.0|10.47|7.97|3359870.0|3.8214823580034434|7.15|mi_security_types
SITM|2024-05-09|111.23|128.81|109.33|124.34|848337.0|96.92|148689.0|96.92|148689.0|1.0|14.76|11.04|16108207.0|4.027990684511529|4.36|mi_security_types
STKL|2024-05-09|6.87|7.59|5.825|5.86|3344046.0|5.65|1408504.0|5.65|1408504.0|1.0|21.59|3.1|5715673.0|5.309734513274335|3.21|mi_security_types
TARS|2024-05-09|42.5|42.5|33.765|34.04|1670570.0|37.35|917517.0|37.35|917517.0|1.0|13.79|18.84|15745118.0|5.2604513291260275|3.25|mi_security_types
VITL|2024-05-09|33.15|39.25|33.11|37.97|4006455.0|29.91|573091.0|29.91|573091.0|1.0|10.83|11.77|14733144.0|3.4949371925299713|7.08|mi_security_types
WRBY|2024-05-09|14.72|15.09|14.08|14.68|4549464.0|12.44|1339766.0|12.44|1339766.0|1.0|18.33|5.96|12130006.0|4.543523197060171|4.31|mi_security_types
XMTR|2024-05-09|16.96|17.84|14.41|15.75|2102969.0|15.47|1876505.0|15.47|1876505.0|1.0|9.63|0.0|10430576.0|6.174993074152734|3.03|mi_security_types
YETI|2024-05-09|40.7|41.61|37.625|39.26|6716140.0|34.81|5010653.0|34.81|5010653.0|1.0|16.92|1.22|60598340.0|3.1302581360036106|3.69|mi_security_types
ZIMV|2024-05-09|18.32|18.41|16.48|16.97|950527.0|15.38|400940.0|15.38|400940.0|1.0|19.12|1.18|3578706.0|3.3613226825190425|4.16|polygon
ZLAB|2024-05-09|20.05|21.49|19.76|21.01|4134390.0|16.57|487226.0|16.57|487226.0|1.0|21.0|4.87|6814304.0|4.7800241400120695|8.42|mi_security_types
ADMA|2024-05-10|8.2|9.02|7.96|8.81|11700342.0|6.93|3022713.0|6.93|3022713.0|1.0|18.33|6.29|13937356.0|2.8343640486497614|5.31|mi_security_types
CTLP|2024-05-10|6.44|7.03|6.22|6.74|1133915.0|5.85|314845.0|5.85|314845.0|1.0|10.09|1.04|1295782.0|2.7411477411477425|4.71|mi_security_types
FNKO|2024-05-10|7.82|7.82|6.83|7.21|2815852.0|6.82|530638.0|6.82|530638.0|1.0|14.66|13.48|2686197.0|4.013720150816927|6.19|mi_security_types
GEN|2024-05-10|22.47|23.65|22.09|23.46|13620337.0|20.34|5678104.0|20.34|5678104.0|1.0|10.47|3.35|70330837.0|2.162171653322093|3.54|mi_security_types
GRPN|2024-05-10|11.8|14.0|11.795|12.97|6093180.0|10.5|2204950.0|10.5|2204950.0|1.0|12.38|0.0|11984604.0|6.751360544217687|4.82|mi_security_types
ITOS|2024-05-10|16.75|18.75|16.58|17.44|5259062.0|12.19|84546.0|12.19|84546.0|1.0|37.41|13.5|2055665.0|4.3279620297667885|21.3|polygon
OUST|2024-05-10|11.98|14.17|11.98|12.4|4756718.0|10.35|1425993.0|10.35|1425993.0|1.0|15.75|14.11|7170224.0|6.440855762594895|5.47|mi_security_types
SG|2024-05-10|30.0|34.45|30.0|31.56|21444515.0|23.56|4105639.0|23.56|4105639.0|1.0|27.33|18.33|43311553.0|7.050448702401166|9.54|mi_security_types
FULC|2024-05-13|8.35|8.5|6.9214|7.35|2034525.0|7.47|313083.0|7.47|313083.0|1.0|11.78|0.0|2568601.0|4.204914897685982|5.43|mi_security_types
GME|2024-05-13|26.34|38.2|24.77|30.45|187241727.0|17.46|36793248.0|17.46|36793248.0|1.0|50.86|9.67|51977838.0|10.804041891670755|14.79|mi_security_types
RXRX|2024-05-13|9.42|10.396|9.06|9.48|15407565.0|8.6|7288262.0|8.6|7288262.0|1.0|9.53|0.12|31897472.0|6.284551495016608|3.61|mi_security_types
SQSP|2024-05-13|43.16|43.36|43.11|43.25|13112237.0|38.19|1505334.0|38.19|1505334.0|1.0|13.01|8.37|21855272.0|3.0654995698200715|18.39|polygon
BYND|2024-05-14|284.1|309.3|236.1|240.3|727770.0|238.8|180646.0|7.96|5419380.0|0.03333333333333333|18.97|13.23|14198976.0|7.9064967695620965|8.65|mi_security_types
HROW|2024-05-14|14.55|17.49|14.348|16.24|2820478.0|12.07|832176.0|12.07|832176.0|1.0|20.55|17.3|4171962.0|4.994555568706356|6.19|mi_security_types
MPW|2024-05-14|6.2|6.54|5.77|5.85|59708648.0|5.58|66224717.0|5.58|66224717.0|1.0|11.11|30.37|65251264.0|6.72388632872504|3.38|polygon
ONON|2024-05-14|35.34|37.31|33.55|36.3|24862699.0|30.69|10561392.0|30.69|10561392.0|1.0|15.15|0.95|91546905.0|3.99162128194386|6.51|mi_security_types
PSFE|2024-05-14|18.5|19.8341|18.02|18.84|1736948.0|15.67|528598.0|15.67|528598.0|1.0|18.06|5.1|3798144.0|3.25234752484274|6.23|mi_security_types
ARQT|2024-05-15|9.42|10.13|8.9|9.24|13896318.0|8.13|4658048.0|8.13|4658048.0|1.0|15.87|3.7|19063052.0|7.433403619750485|5.56|mi_security_types
MNDY|2024-05-15|217.77|226.43|215.22|220.72|4464302.0|181.86|1873583.0|181.86|1873583.0|1.0|19.75|0.48|150356960.0|3.7748974878635058|5.25|mi_security_types
NXT|2024-05-15|49.0|49.24|45.01|45.98|12442819.0|43.01|6043494.0|43.01|6043494.0|1.0|13.93|1.8|143107046.0|5.058624240209919|3.81|mi_security_types
OPRX|2024-05-15|13.95|14.13|12.5|13.17|663062.0|10.48|99408.0|10.48|99408.0|1.0|33.11|0.0|1331922.0|5.199768266085058|4.24|mi_security_types
CRBG|2024-05-16|33.1|34.66|32.21|32.51|22854646.0|30.16|2635453.0|30.16|2635453.0|1.0|9.75|3.96|95732713.0|3.0788177339901477|5.91|mi_security_types
GOOS|2024-05-16|12.98|14.31|12.95|13.19|8447805.0|11.42|1367791.0|11.42|1367791.0|1.0|13.66|4.48|5233851.0|3.338066049537152|15.18|mi_security_types
LSPD|2024-05-16|14.05|15.13|14.0|15.1|5041325.0|12.78|4045339.0|12.78|4045339.0|1.0|9.94|1.03|8624030.0|3.3792756539235427|4.84|mi_security_types
SBOW|2024-05-16|35.66|37.62|35.0|36.62|5415178.0|32.35|310113.0|32.35|310113.0|1.0|10.23|0.0|10613128.0|4.468381541179069|15.01|polygon
DESP|2024-05-17|14.05|15.54|13.7|14.94|4065216.0|12.54|961525.0|12.54|961525.0|1.0|12.04|3.47|8459317.0|4.217304625199359|4.7|polygon
DOCS|2024-05-17|28.81|29.0|26.21|28.03|9982890.0|23.74|4906106.0|23.74|4906106.0|1.0|21.36|3.26|32444918.0|3.0072511734264045|6.52|mi_security_types
DYN|2024-05-20|31.7|35.66|30.61|35.38|4597923.0|27.68|1318232.0|27.68|1318232.0|1.0|14.52|6.46|19090625.0|5.6925836085879435|5.67|mi_security_types
GLBE|2024-05-20|34.2|34.94|29.85|30.69|5572613.0|29.13|3796902.0|29.13|3796902.0|1.0|17.4|2.57|32795865.0|4.649060860183414|4.17|mi_security_types
OSG|2024-05-20|8.42|8.46|8.36|8.42|16433352.0|6.86|425383.0|6.86|425383.0|1.0|22.74|2.54|2201060.0|3.1884631403581847|45.01|mi_security_types
PTCT|2024-05-20|38.5|40.69|37.57|40.12|2858822.0|33.095|646621.0|33.095|646621.0|1.0|16.33|6.14|20412107.0|4.991517924589384|3.34|mi_security_types
WIX|2024-05-20|152.0|170.415|147.55|168.02|5038779.0|135.68|1017955.0|135.68|1017955.0|1.0|12.03|10.98|59662707.0|2.691806351078167|8.47|mi_security_types
LRMR|2024-05-21|8.05|8.678|7.45|7.89|3012463.0|7.27|773420.0|7.27|773420.0|1.0|10.73|0.0|1801216.0|7.121438396541559|10.35|mi_security_types
IGMS|2024-05-22|9.25|12.31|9.0|11.47|3181089.0|8.41|416095.0|8.41|416095.0|1.0|9.99|0.48|2305617.0|9.84576184813997|10.79|polygon
WSM|2024-05-22|172.805|174.255|138.8175|139.965|8580372.0|157.19|2698102.0|314.38|1349051.0|2.0|9.93|1.58|226719697.0|2.6444339425445116|5.25|mi_security_types
BCYC|2024-05-23|26.01|26.19|23.39|23.48|2073859.0|21.42|368315.0|21.42|368315.0|1.0|21.43|0.28|4286542.0|5.263905562224892|8.48|mi_security_types
BORR|2024-05-23|6.43|6.78|6.37|6.46|7016461.0|5.83|1934080.0|5.83|1934080.0|1.0|10.29|1.92|8193425.0|2.8974516049987757|4.32|mi_security_types
ELF|2024-05-23|172.79|191.1599|169.68|184.77|7666929.0|155.63|2871757.0|155.63|2871757.0|1.0|11.03|1.21|215713948.0|4.234856481948944|5.6|mi_security_types
RAMP|2024-05-23|37.9|38.0|33.825|34.28|2931207.0|32.34|672538.0|32.34|672538.0|1.0|17.19|0.4|12969820.0|2.3997261242159187|6.55|mi_security_types
DECK|2024-05-24|169.1533|172.83|165.75|172.15|5699898.0|150.775|3924600.0|904.6500000000001|654100.0|6.0|12.19|2.52|254905310.0|2.4070492929388676|3.15|mi_security_types
MRUS|2024-05-24|52.6|61.61|52.34|59.99|6908179.0|44.07|1613248.0|44.07|1613248.0|1.0|19.36|1.54|34126652.0|4.046322409154266|9.21|polygon
PAGS|2024-05-24|13.65|13.66|12.25|12.27|7680005.0|12.27|3008452.0|12.27|3008452.0|1.0|11.25|0.0|29528534.0|2.704040051228313|3.3|mi_security_types
AGIO|2024-05-28|38.5|39.7|37.4|38.81|3533131.0|31.5|605230.0|31.5|605230.0|1.0|22.22|0.0|22215437.0|3.479024943310654|5.43|mi_security_types
CORT|2024-05-28|32.0|32.83|28.505|31.61|3604324.0|27.52|594697.0|27.52|594697.0|1.0|16.28|0.0|26593614.0|4.076489825581396|3.21|mi_security_types
INSM|2024-05-28|49.65|50.1|44.51|48.06|33390628.0|22.0|2456739.0|22.0|2456739.0|1.0|125.68|0.0|41293396.0|5.420454545454546|19.12|mi_security_types
SMR|2024-05-28|8.81|9.5899|8.11|9.48|18035683.0|7.78|5366466.0|7.78|5366466.0|1.0|13.24|16.64|26247803.0|11.339974293059127|4.29|mi_security_types
USM|2024-05-28|47.12|48.72|41.25|48.22|1423285.0|42.98|151397.0|42.98|151397.0|1.0|9.63|0.0|12529553.0|6.492887057102969|3.11|polygon
ASTS|2024-05-29|6.17|9.35|5.68|9.02|109899281.0|5.33|10165643.0|5.33|10165643.0|1.0|15.76|28.74|7744267.0|12.810238541945859|10.15|mi_security_types
CHWY|2024-05-29|19.33|22.05|19.16|21.5|66623071.0|16.91|11231195.0|16.91|11231195.0|1.0|14.31|4.0|112700159.0|4.8537636225394944|8.87|mi_security_types
DKS|2024-05-29|212.97|229.56|212.3|226.03|5103329.0|195.0|2280820.0|195.0|2280820.0|1.0|9.22|6.13|172271634.0|2.645054945054944|5.49|mi_security_types
IMVT|2024-05-29|31.21|31.81|29.54|29.57|2784735.0|28.42|981099.0|28.42|981099.0|1.0|9.82|0.11|22965154.0|4.06152608826782|3.48|mi_security_types
MRO|2024-05-29|29.35|29.35|28.38|28.68|55100737.0|26.45|15046987.0|26.45|15046987.0|1.0|10.96|3.48|180362042.0|2.0240615716986228|6.79|polygon
AI|2024-05-30|26.46|29.19|25.15|28.57|41472494.0|23.92|11034138.0|23.92|11034138.0|1.0|10.62|0.0|93534967.0|4.443382704252268|9.13|mi_security_types
AMSC|2024-05-30|17.95|20.6866|16.59|17.44|3973262.0|15.79|887257.0|15.79|887257.0|1.0|13.68|10.11|4251393.0|4.261286528544289|9.52|mi_security_types
BIRK|2024-05-30|57.0|57.65|54.01|55.82|4801817.0|49.99|1432490.0|49.99|1432490.0|1.0|14.02|7.99|20896311.0|2.967736404423743|9.53|mi_security_types
BURL|2024-05-30|232.4|241.9699|230.0|235.55|4986590.0|200.36|1824628.0|200.36|1824628.0|1.0|15.99|8.19|173489937.0|2.827681601688391|4.89|mi_security_types
BWLP|2024-05-30|20.35|21.989|19.9103|21.65|1063738.0|18.26|82652.0|18.26|82652.0|1.0|11.45|8.18|1638530.0|2.8680175246440314|10.34|mi_security_types
FL|2024-05-30|25.7|29.72|25.7|25.89|19221087.0|22.52|5313944.0|22.52|5313944.0|1.0|14.12|2.78|59597084.0|4.289520426287743|6.51|polygon
RRGB|2024-05-30|8.0|8.6|7.34|7.73|2172276.0|6.73|844102.0|6.73|844102.0|1.0|18.87|0.0|1392656.0|5.286244958607515|8.65|mi_security_types
AMBA|2024-05-31|58.0|59.99|54.5|58.26|3407818.0|48.31|1011266.0|48.31|1011266.0|1.0|20.06|0.0|21888664.0|3.201289292367742|6.49|mi_security_types
ASAN|2024-05-31|14.89|15.43|12.85|13.05|6903392.0|13.13|5459518.0|13.13|5459518.0|1.0|13.4|0.0|23227734.0|4.1474268305951485|4.06|mi_security_types
ESTC|2024-05-31|107.0|107.0|100.5115|104.05|4330884.0|93.18|3261806.0|93.18|3261806.0|1.0|14.83|0.0|90646574.0|3.897464201392083|4.2|mi_security_types
GCO|2024-05-31|32.37|33.61|27.75|28.5|719632.0|27.3|326184.0|27.3|326184.0|1.0|18.57|5.0|3060447.0|3.3293825222396642|5.43|mi_security_types
GPS|2024-05-31|27.09|29.08|24.9201|28.96|53671495.0|22.52|24667588.0|22.52|24667588.0|1.0|20.29|10.66|137482685.0|3.6269982238010643|7.3|polygon
HUMA|2024-05-31|9.97|9.97|7.17|7.48|8814356.0|9.1|8180050.0|9.1|8180050.0|1.0|9.56|29.45|14854001.0|8.53485086342229|3.28|mi_security_types
PD|2024-05-31|21.15|21.26|18.52|18.97|3639592.0|17.95|2542804.0|17.95|2542804.0|1.0|17.83|0.0|18850394.0|4.4070831675288495|3.68|mi_security_types
ULTA|2024-05-31|421.21|421.21|382.12|395.09|3378148.0|385.58|2327392.0|385.58|2327392.0|1.0|9.24|2.51|286124060.0|2.1062110512548826|3.99|mi_security_types
ZS|2024-05-31|183.0|183.7|163.44|169.96|10109754.0|156.65|5161685.0|156.65|5161685.0|1.0|16.82|0.0|262284239.0|3.1989238976790855|5.18|mi_security_types
HZO|2024-06-03|34.13|36.63|32.18|36.17|2230636.0|28.48|328889.0|28.48|328889.0|1.0|19.84|7.39|6397897.0|4.0106089486356336|8.78|mi_security_types
OLMA|2024-06-03|10.6|12.22|10.27|11.76|4327106.0|9.68|992776.0|9.68|992776.0|1.0|9.5|6.84|6169969.0|6.7221812278630475|5.5|mi_security_types
SRCL|2024-06-03|59.16|59.45|58.87|59.05|21864915.0|51.54|859028.0|51.54|859028.0|1.0|14.78|4.54|17582292.0|3.457342424746383|38.89|polygon
CRWD|2024-06-05|83.6525|85.6475|79.0975|85.545|64082368.0|76.395|33883692.0|305.58|8470923.0|4.0|9.5|0.0|922364406.0|4.372939515488111|5.08|mi_security_types
ESTA|2024-06-05|57.5|58.0|53.62|53.89|1066274.0|50.8|255679.0|50.8|255679.0|1.0|13.19|0.0|11845809.0|4.15191226096738|4.35|mi_security_types
GWRE|2024-06-05|123.585|129.09|117.69|127.46|3369643.0|108.05|1440965.0|108.05|1440965.0|1.0|14.38|0.0|47881326.0|2.981437165333509|6.22|mi_security_types
HPE|2024-06-05|20.35|20.43|19.44|19.48|88492055.0|17.6|30743332.0|17.6|30743332.0|1.0|15.63|0.0|202675903.0|2.615259740259741|5.98|mi_security_types
VIR|2024-06-05|12.18|13.09|12.0|12.66|3486411.0|10.58|746964.0|10.58|746964.0|1.0|15.12|4.75|8018048.0|5.731771536591954|4.29|mi_security_types
VRNT|2024-06-05|31.36|34.96|30.56|34.72|3208968.0|28.22|1365521.0|28.22|1365521.0|1.0|11.13|0.0|12592569.0|3.0306773311734347|6.47|polygon
WKME|2024-06-05|13.72|13.805|13.67|13.78|20773472.0|9.64|116872.0|9.64|116872.0|1.0|42.32|5.93|1126060.0|4.628260225251926|125.41|polygon
LULU|2024-06-06|337.01|337.76|314.65|323.03|12071886.0|308.27|6603160.0|308.27|6603160.0|1.0|9.32|4.41|718674102.0|3.193770303398228|4.11|mi_security_types
SMAR|2024-06-06|43.99|45.34|42.63|44.27|7377072.0|37.78|2289895.0|37.78|2289895.0|1.0|16.44|2.11|48310458.0|2.6478484458897356|5.2|polygon
SMTC|2024-06-06|44.33|46.86|37.51|37.98|6638688.0|38.68|2310477.0|38.68|2310477.0|1.0|14.61|3.48|45859368.0|4.460463140788889|4.95|mi_security_types
VNDA|2024-06-06|6.47|6.5587|6.1285|6.27|9808951.0|5.05|507376.0|5.05|507376.0|1.0|28.12|2.64|4206695.0|4.4198019801980255|10.47|mi_security_types
BRZE|2024-06-07|41.48|41.55|36.37|36.65|3880040.0|36.78|2272208.0|36.78|2272208.0|1.0|12.78|2.02|25450744.0|4.09137341722986|4.66|mi_security_types
GHM|2024-06-07|28.51|29.09|27.26|27.65|176210.0|26.06|82555.0|26.06|82555.0|1.0|9.4|1.96|1378774.0|4.660563534700144|3.17|mi_security_types
OPRA|2024-06-10|15.75|17.25|14.73|15.17|10950511.0|13.76|779079.0|13.76|779079.0|1.0|14.46|3.3|6046691.0|3.7424210963455153|23.46|mi_security_types
VIRT|2024-06-10|24.61|25.68|23.46|24.27|4978221.0|22.01|968400.0|22.01|968400.0|1.0|11.81|0.05|20832605.0|3.027519958460439|4.76|mi_security_types
CVGW|2024-06-11|29.18|30.58|26.33|27.05|1037011.0|24.99|377051.0|24.99|377051.0|1.0|16.77|0.4|3414814.0|3.6763562567884303|7.21|mi_security_types
CASY|2024-06-12|363.0|389.435|350.0001|381.13|1643611.0|326.53|526347.0|326.53|526347.0|1.0|11.17|1.19|80799833.0|2.2975858704735117|6.0|mi_security_types
ESI|2024-06-12|25.96|27.01|25.58|26.95|5407344.0|23.73|789851.0|23.73|789851.0|1.0|9.4|2.46|29582723.0|1.9580398531093852|4.16|mi_security_types
RDFN|2024-06-12|6.85|7.6|6.535|6.57|11851310.0|6.24|3293806.0|6.24|3293806.0|1.0|9.78|0.0|24332447.0|5.36172161172161|3.11|polygon
RNA|2024-06-12|35.655|39.25|34.51|38.36|10169692.0|28.92|2068781.0|28.92|2068781.0|1.0|23.29|11.06|26421528.0|6.212828492392806|9.37|mi_security_types
RTO|2024-06-12|31.07|31.26|30.525|30.62|2192226.0|26.92|390471.0|26.92|390471.0|1.0|15.42|1.2|11388551.0|2.15187858204203|4.61|mi_security_types
SMLR|2024-06-12|43.45|46.0|38.82|40.57|1616749.0|39.72|1171758.0|39.72|1171758.0|1.0|9.39|42.26|6677004.0|10.032063731837146|3.66|polygon
AVGO|2024-06-13|171.0|173.585|165.252|167.899|88953650.0|149.551|56697370.0|1495.5099999999998|5669737.0|10.0|14.34|13.13|3473750949.0|2.7504759484819825|3.08|mi_security_types
WLY|2024-06-13|41.98|43.72|40.7947|40.9|1334940.0|36.48|314741.0|36.48|314741.0|1.0|15.08|2.67|7426324.0|2.387785870927321|6.44|mi_security_types
ADBE|2024-06-14|530.25|534.45|521.88|525.31|14846614.0|458.74|8557963.0|458.74|8557963.0|1.0|15.59|2.31|1427428042.0|2.759365716029623|4.36|mi_security_types
AAN|2024-06-17|9.98|10.065|9.96|10.06|7118888.0|7.54|265738.0|7.54|265738.0|1.0|32.36|0.0|2003665.0|5.233990147783253|28.01|polygon
PRMW|2024-06-17|24.73|25.605|22.35|22.79|7225330.0|22.33|768105.0|22.33|768105.0|1.0|10.75|0.0|24635516.0|2.022807242019067|6.67|polygon
XPOF|2024-06-17|12.34|15.66|12.33|15.13|2847872.0|11.27|550895.0|11.27|550895.0|1.0|9.49|1.62|6371467.0|5.40309291418431|3.71|mi_security_types
ITCI|2024-06-18|76.07|78.53|71.56|75.48|4706606.0|68.87|810969.0|68.87|810969.0|1.0|10.45|1.62|45543603.0|3.1242299155759308|6.66|polygon
LZB|2024-06-18|39.09|41.08|38.12|40.7|3001214.0|34.09|1005961.0|34.09|1005961.0|1.0|14.67|1.1|12290919.0|2.727025101621759|7.74|mi_security_types
SILK|2024-06-18|26.78|26.97|26.76|26.88|24912037.0|21.67|579454.0|21.67|579454.0|1.0|23.58|2.9|12413626.0|5.137121761487244|39.96|polygon
ACN|2024-06-20|314.63|317.73|298.0|306.16|11374572.0|285.35|5314911.0|285.35|5314911.0|1.0|10.26|1.07|877165352.0|2.1126210918921644|3.37|mi_security_types
SLDB|2024-06-21|7.15|7.398|6.11|6.46|2992703.0|6.3|507883.0|6.3|507883.0|1.0|13.49|0.0|1366455.0|9.97165532879819|14.56|mi_security_types
SRPT|2024-06-21|161.97|173.25|157.251|160.72|15011554.0|123.5|2155138.0|123.5|2155138.0|1.0|31.15|5.71|177856898.0|4.378253325621747|6.31|mi_security_types
ALNY|2024-06-24|219.37|231.64|209.23|222.9|9193815.0|165.7|2204886.0|165.7|2204886.0|1.0|32.39|7.7|107312309.0|2.9061772566600568|12.43|mi_security_types
ALT|2024-06-24|7.47|8.49|7.08|7.14|22610165.0|6.41|11137556.0|6.41|11137556.0|1.0|16.54|8.46|15869307.0|7.811343882326723|7.75|mi_security_types
ARGX|2024-06-24|439.99|445.245|428.92|440.59|932187.0|394.47|561048.0|394.47|561048.0|1.0|11.54|4.37|92398907.0|2.1356865812717976|3.38|mi_security_types
RXO|2024-06-24|22.32|25.14|22.32|24.85|5261901.0|20.21|1354629.0|20.21|1354629.0|1.0|10.44|0.75|8217273.0|3.0271435640065034|11.22|mi_security_types
DJT|2024-06-25|36.72|37.6|33.2|36.37|17231293.0|33.52|23045951.0|33.52|23045951.0|1.0|9.55|25.31|145358041.0|10.601581145584726|3.1|mi_security_types
DAKT|2024-06-26|12.92|14.15|11.9|13.3|3568070.0|10.92|424500.0|10.92|424500.0|1.0|18.32|1.96|3064093.0|3.551609105180533|12.56|mi_security_types
FDX|2024-06-26|288.425|296.86|284.0|296.19|11126144.0|256.38|6309559.0|256.38|6309559.0|1.0|12.5|3.34|314900378.0|1.9394537126809541|6.69|mi_security_types
RIVN|2024-06-26|16.33|16.35|14.17|14.74|261953225.0|11.96|103089181.0|11.96|103089181.0|1.0|36.54|15.89|308792461.0|5.018454371715242|8.2|mi_security_types
TGLS|2024-06-26|48.33|50.27|47.5|49.89|2098968.0|41.03|439571.0|41.03|439571.0|1.0|17.79|0.0|18536500.0|4.200323804881443|4.83|mi_security_types
WHR|2024-06-26|103.31|103.62|96.22|101.91|9743383.0|87.03|1712032.0|87.03|1712032.0|1.0|18.71|0.0|107202091.0|3.034438042711052|7.23|mi_security_types
ATEX|2024-06-27|34.0|37.6|33.61|36.29|638382.0|31.02|179712.0|31.02|179712.0|1.0|9.61|5.15|3932076.0|3.2446808510638316|4.54|mi_security_types
CNXC|2024-06-27|66.09|66.09|61.45|62.77|1761292.0|58.02|788930.0|58.02|788930.0|1.0|13.91|0.0|25094209.0|3.5069434185256307|3.94|mi_security_types
IIIV|2024-06-27|23.49|23.49|21.69|22.14|841984.0|19.75|126255.0|19.75|126255.0|1.0|18.94|1.23|3852935.0|2.656419529837252|3.94|mi_security_types
PHUN|2024-06-27|6.86|6.95|5.93|6.3|2660097.0|6.14|268022.0|6.14|268022.0|1.0|11.73|20.63|1123838.0|5.7218473708701705|12.83|mi_security_types
SUZ|2024-06-27|10.5|10.62|10.23|10.41|10072076.0|9.21|1537158.0|9.21|1537158.0|1.0|14.01|3.83|15054531.0|2.4740189235303207|4.94|mi_security_types
INFN|2024-06-28|6.22|6.29|6.075|6.09|51980306.0|5.26|3322708.0|5.26|3322708.0|1.0|18.25|3.75|11446346.0|4.133894622487778|22.49|polygon
PTGX|2024-06-28|35.46|35.49|33.38|34.65|4436237.0|31.88|449793.0|31.88|449793.0|1.0|11.23|1.43|17267404.0|5.064191611399893|5.88|mi_security_types
HOLI|2024-07-01|25.76|25.76|25.13|25.45|2681895.0|21.64|70242.0|21.64|70242.0|1.0|19.04|0.89|5772764.0|2.313836810139954|9.3|polygon
GRFS|2024-07-08|8.48|8.63|8.06|8.41|7580810.0|7.04|977280.0|7.04|977280.0|1.0|20.45|12.1|6935348.0|4.19541396103896|6.48|mi_security_types
IDYA|2024-07-08|39.28|41.33|35.58|39.51|5176750.0|34.26|534024.0|34.26|534024.0|1.0|14.65|2.91|28611321.0|3.6453173213243284|5.78|mi_security_types
MORF|2024-07-08|55.8|55.99|55.6|55.74|53241303.0|31.84|230274.0|31.84|230274.0|1.0|75.25|1.79|17347204.0|5.860777099784639|80.93|polygon
PLSE|2024-07-08|13.32|17.0499|13.05|15.51|1813943.0|12.05|163275.0|12.05|163275.0|1.0|10.54|11.27|1942524.0|7.25311203319502|8.22|mi_security_types
RCM|2024-07-08|12.62|12.8196|12.45|12.66|12011670.0|10.95|1914615.0|10.95|1914615.0|1.0|15.25|0.46|22928882.0|3.54853228962818|4.92|polygon
BYRN|2024-07-09|11.46|12.0|9.91|9.98|1317311.0|10.31|473672.0|10.31|473672.0|1.0|11.15|8.53|2159071.0|6.099695164195649|4.02|mi_security_types
KYMR|2024-07-09|35.67|39.95|34.6|39.44|2908349.0|31.96|498410.0|31.96|498410.0|1.0|11.61|5.97|15828780.0|4.444730019667442|4.92|mi_security_types
AEHR|2024-07-10|14.77|16.43|13.82|15.39|7180773.0|12.41|1488277.0|12.41|1488277.0|1.0|19.02|15.87|9553072.0|6.063658340048349|7.97|mi_security_types
LNTH|2024-07-10|95.04|106.99|92.51|106.18|7078748.0|77.7|619249.0|77.7|619249.0|1.0|22.32|0.0|50485998.0|3.6359624931053505|9.98|mi_security_types
SGH|2024-07-10|25.71|29.3494|24.96|29.32|7700822.0|23.22|2196757.0|23.22|2196757.0|1.0|10.72|3.57|16637785.0|3.642949427833147|6.56|polygon
LXEO|2024-07-11|19.5|19.5|16.48|17.44|936963.0|16.44|179087.0|16.44|179087.0|1.0|18.61|17.26|3011621.0|7.861878693083072|4.1|mi_security_types
MEI|2024-07-11|11.0|13.95|10.93|13.76|3883804.0|9.44|846617.0|9.44|846617.0|1.0|16.53|3.28|6805455.0|5.056371065375304|3.68|mi_security_types
QS|2024-07-11|7.14|7.28|6.5701|7.06|86011266.0|5.41|5196268.0|5.41|5196268.0|1.0|31.98|12.01|24868324.0|4.006469500924218|16.07|mi_security_types
WDFC|2024-07-11|248.0|248.7|220.0|228.63|473223.0|219.75|350963.0|219.75|350963.0|1.0|12.86|2.95|14717916.0|2.0250381927515058|4.98|mi_security_types
RUM|2024-07-15|6.71|7.6|6.06|7.17|17628478.0|5.94|1450060.0|5.94|1450060.0|1.0|12.96|6.83|4814842.0|4.136243386243387|17.05|mi_security_types
ANGO|2024-07-16|6.95|7.6|6.5805|7.51|3487950.0|5.93|681057.0|5.93|681057.0|1.0|17.2|7.62|2812753.0|3.9349554324259226|7.18|mi_security_types
BE|2024-07-17|16.44|17.225|15.23|15.28|17509648.0|15.08|7406786.0|15.08|7406786.0|1.0|9.02|23.0|64807231.0|5.9436339522546415|3.01|mi_security_types
CHUY|2024-07-18|37.25|37.56|37.15|37.34|3320202.0|25.27|274769.0|25.27|274769.0|1.0|47.41|7.44|3313915.0|2.888800949742776|19.15|polygon
ZIMV|2024-07-18|21.64|22.4|21.01|21.31|1678885.0|18.94|213825.0|18.94|213825.0|1.0|14.26|4.93|5287961.0|3.5883240307738684|4.13|polygon
HE|2024-07-19|17.62|18.19|16.54|17.51|23450410.0|12.75|8747006.0|12.75|8747006.0|1.0|38.2|48.77|37909429.0|6.624089635854342|3.97|mi_security_types
S|2024-07-19|22.45|22.49|20.765|21.72|15846348.0|20.14|4102913.0|20.14|4102913.0|1.0|11.47|1.92|82799154.0|3.9207334373670037|3.25|mi_security_types
CCK|2024-07-23|84.795|86.11|83.73|84.37|3986327.0|77.46|1434903.0|77.46|1434903.0|1.0|9.47|1.83|70679329.0|2.2578473682269204|3.87|mi_security_types
MESO|2024-07-23|8.42|8.47|8.02|8.27|881476.0|7.55|231282.0|7.55|231282.0|1.0|11.52|6.34|1104631.0|6.272469252601703|5.06|mi_security_types
SPOT|2024-07-23|339.5|343.4|326.5|330.79|6654226.0|295.45|3118196.0|295.45|3118196.0|1.0|14.91|1.82|459565452.0|2.9339022798152934|3.91|mi_security_types
PRG|2024-07-24|39.98|43.03|39.055|42.25|2377815.0|34.63|945202.0|34.63|945202.0|1.0|15.45|3.74|11481488.0|2.9782187203498216|6.0|mi_security_types
BALY|2024-07-25|16.7|16.99|16.66|16.91|9453191.0|13.52|152868.0|13.52|152868.0|1.0|23.52|0.0|2349608.0|3.807797971259509|42.98|mi_security_types
GSHD|2024-07-25|77.53|87.97|73.09|84.89|1565134.0|65.7|333666.0|65.7|333666.0|1.0|18.01|6.24|16476091.0|3.6379539030223937|5.65|mi_security_types
HOG|2024-07-25|37.16|37.67|34.92|36.39|5304923.0|33.87|2543070.0|33.87|2543070.0|1.0|9.71|0.0|46011696.0|3.6251845290817846|3.55|mi_security_types
IMAX|2024-07-25|19.63|20.3|18.86|19.4|2653862.0|17.83|1078646.0|17.83|1078646.0|1.0|10.1|3.3|9829803.0|3.1387709318163606|4.19|mi_security_types
MOH|2024-07-25|318.0|347.98|317.71|324.17|2894667.0|288.72|1244142.0|288.72|1244142.0|1.0|10.14|1.67|178582626.0|2.8804377944028827|4.32|mi_security_types
VKTX|2024-07-25|59.0|69.93|56.9|64.68|20631458.0|50.41|3625825.0|50.41|3625825.0|1.0|17.04|1.14|130267615.0|6.8379998299657085|5.79|mi_security_types
AEYE|2024-07-26|22.1|27.3099|21.5601|27.15|1365703.0|19.64|159297.0|19.64|159297.0|1.0|12.53|1.5|4697812.0|9.687845504800698|4.99|mi_security_types
CHTR|2024-07-26|357.74|378.0099|355.0|367.62|4962708.0|315.23|1554335.0|315.23|1554335.0|1.0|13.49|0.82|376376226.0|3.7250578942359516|3.34|mi_security_types
COUR|2024-07-26|10.33|11.74|9.995|10.72|24935554.0|7.41|4163463.0|7.41|4163463.0|1.0|39.41|4.07|16110058.0|4.1208791208791204|10.12|mi_security_types
DECK|2024-07-26|159.9683|163.3333|148.8333|149.1167|7816938.0|140.25|5345856.0|841.5|890976.0|6.0|14.06|0.0|328531495.0|3.54155844155844|3.36|mi_security_types
EVRI|2024-07-26|12.91|13.01|12.78|12.82|35460564.0|9.14|5604965.0|9.14|5604965.0|1.0|41.25|12.01|15936846.0|5.51703657392935|17.66|polygon
IGT|2024-07-26|23.53|23.91|22.23|23.77|6332580.0|20.16|1709722.0|20.16|1709722.0|1.0|16.72|0.1|24073379.0|2.616957199546485|4.51|polygon
MHK|2024-07-26|150.81|162.865|148.51|160.71|3436548.0|134.5|1459131.0|134.5|1459131.0|1.0|12.13|5.76|102608075.0|3.4014869888475836|4.21|mi_security_types
NOV|2024-07-26|20.69|20.98|19.19|19.85|10995190.0|18.67|7027189.0|18.67|7027189.0|1.0|10.82|2.3|48098131.0|2.6111408677021957|3.87|mi_security_types
NWL|2024-07-26|7.23|8.96|7.14|8.91|26323587.0|6.34|8511397.0|6.34|8511397.0|1.0|14.04|0.63|26888976.0|4.4321766561514195|5.5|mi_security_types
INSP|2024-07-29|138.0|138.0|125.01|133.61|1516837.0|125.79|956555.0|125.79|956555.0|1.0|9.71|0.0|58856505.0|5.187347393047368|3.2|mi_security_types
PHG|2024-07-29|26.5216|27.3171|26.466|26.9656|3836270.0|23.8296|769310.0|25.759990818337123|711659.786887432|1.0810081083332126|11.3|0.04|15380663.0|1.416455644600474|5.46|mi_security_types
FFIV|2024-07-30|199.64|202.4|193.25|200.66|2651330.0|177.59|1057044.0|177.59|1057044.0|1.0|12.42|4.2|63652792.0|2.107985488243387|6.32|mi_security_types
HAYW|2024-07-30|14.71|15.4|14.29|14.76|7292429.0|13.49|2132068.0|13.49|2132068.0|1.0|9.04|9.85|17662868.0|3.914222175156202|4.66|mi_security_types
HLIT|2024-07-30|14.81|15.31|13.64|14.24|6780707.0|11.75|1960766.0|11.75|1960766.0|1.0|26.04|0.0|13917058.0|2.7370820668693003|5.92|mi_security_types
PLOW|2024-07-30|29.03|30.725|28.0|30.71|868575.0|26.41|415020.0|26.41|415020.0|1.0|9.92|6.71|4507930.0|2.951587602098774|3.58|mi_security_types
RGEN|2024-07-30|152.68|161.53|148.87|160.59|2384903.0|138.0|1119002.0|138.0|1119002.0|1.0|10.64|6.5|91243066.0|5.630175983436849|3.18|mi_security_types
SFM|2024-07-30|102.09|103.8|95.025|95.88|6483054.0|84.66|2863650.0|84.66|2863650.0|1.0|20.59|1.82|89662310.0|2.738871452195336|5.42|mi_security_types
VRNS|2024-07-30|54.9|56.68|52.47|55.59|8559849.0|48.49|2177051.0|48.49|2177051.0|1.0|13.22|3.92|53970905.0|3.4889373361223206|7.12|mi_security_types
MTCH|2024-07-31|38.0|38.84|36.13|38.14|21731522.0|33.69|4331615.0|33.69|4331615.0|1.0|12.79|2.12|170737225.0|3.5752448797862844|3.61|mi_security_types
POWL|2024-07-31|56.3367|62.8167|54.0033|61.21|5279574.0|44.4167|1697802.0|133.2501|565934.0|3.0|26.84|0.0|43660648.0|5.923656771310918|4.77|mi_security_types
TLN|2024-07-31|130.0|130.95|122.16|124.65|3517719.0|110.86|1057096.0|110.86|1057096.0|1.0|17.27|1.63|104437673.0|7.072942707662171|3.55|mi_security_types
WGS|2024-07-31|35.0|35.19|29.49|32.72|1645839.0|30.13|715813.0|30.13|715813.0|1.0|16.16|0.0|14476486.0|8.897136219240432|3.83|mi_security_types
AFL|2024-08-01|104.38|104.905|100.86|101.65|7552769.0|95.38|4508632.0|95.38|4508632.0|1.0|9.44|1.34|143654964.0|1.4948551658029539|3.96|mi_security_types
APTV|2024-08-01|78.98|80.95|72.24|73.13|10013983.0|69.39|4139812.0|69.39|4139812.0|1.0|13.82|3.44|195260906.0|3.226329442282753|3.54|mi_security_types
CDNA|2024-08-01|26.0|26.5|21.5|23.58|4586177.0|19.99|1337344.0|19.99|1337344.0|1.0|30.07|8.52|9969373.0|6.596905595654967|6.84|mi_security_types
CVNA|2024-08-01|29.468|30.8|27.7554|29.304|72390235.0|26.646|41134770.0|133.23000000000002|8226954.0|5.0|10.59|7.95|486829944.0|7.030082242309217|3.41|mi_security_types
EOLS|2024-08-01|14.0|14.4093|13.08|14.04|1447727.0|12.42|738237.0|12.42|738237.0|1.0|12.72|2.39|3852210.0|3.289625028755463|4.25|mi_security_types
ERII|2024-08-01|16.03|17.73|15.2298|17.59|1772560.0|14.58|336760.0|14.58|336760.0|1.0|9.95|1.82|4058873.0|4.541397217323144|5.22|mi_security_types
EXAS|2024-08-01|55.23|58.18|52.31|57.91|10955943.0|45.68|3455137.0|45.68|3455137.0|1.0|20.91|0.84|110830733.0|5.0842819614711|4.21|mi_security_types
JAKK|2024-08-01|23.1|24.74|22.75|24.37|572827.0|21.04|109954.0|21.04|109954.0|1.0|9.79|8.34|1432992.0|3.5527566539923923|7.35|mi_security_types
LTH|2024-08-01|23.1|23.89|20.87|22.02|6152684.0|20.77|1312432.0|20.77|1312432.0|1.0|11.22|1.32|15418688.0|3.0778939404360663|7.84|mi_security_types
MAX|2024-08-01|18.24|19.25|15.47|16.59|2779235.0|14.67|1461224.0|14.67|1461224.0|1.0|24.34|1.66|9184443.0|4.285957736877983|4.21|mi_security_types
NOVA|2024-08-01|8.375|9.2|7.71|8.3|23214192.0|7.07|10254916.0|7.07|10254916.0|1.0|18.46|0.0|55686500.0|9.923014750454632|3.15|polygon
OMCL|2024-08-01|32.13|39.7|32.0|38.85|2313482.0|29.21|562063.0|29.21|562063.0|1.0|10.0|4.17|11036702.0|4.375262874749351|5.58|mi_security_types
SDGR|2024-08-01|24.32|24.77|21.61|22.6|1943346.0|22.28|787306.0|22.28|787306.0|1.0|9.16|2.01|14618464.0|5.387182610925881|3.03|mi_security_types
SHAK|2024-08-01|103.27|105.68|99.5|102.41|4250291.0|87.62|2002635.0|87.62|2002635.0|1.0|17.86|11.14|82421907.0|4.036912642253886|4.06|mi_security_types
TMDX|2024-08-01|164.84|171.98|150.68|151.51|3002973.0|142.26|1126313.0|142.26|1126313.0|1.0|15.87|2.77|85285094.0|5.100033138519015|5.02|mi_security_types
WEAV|2024-08-01|11.0|12.24|10.39|10.9|1123108.0|10.0|400214.0|10.0|400214.0|1.0|10.0|2.67|2050788.0|4.439928571428571|3.99|mi_security_types
GDYN|2024-08-02|13.5|14.66|13.1301|13.84|1338287.0|12.25|385536.0|12.25|385536.0|1.0|10.2|2.17|3594191.0|4.5067055393586015|4.03|mi_security_types
K|2024-08-05|75.11|75.4|70.315|73.2|16463869.0|62.98|4730736.0|62.98|4730736.0|1.0|19.26|10.24|104169293.0|2.374268475252917|7.37|polygon
ZVRA|2024-08-05|7.5|8.4399|7.35|7.88|8592411.0|6.3|1082041.0|6.3|1082041.0|1.0|19.05|14.55|3341834.0|8.62448979591837|10.93|mi_security_types
BMRN|2024-08-06|87.79|88.0|83.61|86.87|3952288.0|80.47|2230358.0|80.47|2230358.0|1.0|9.1|0.0|94346214.0|2.394113156633351|3.13|mi_security_types
CSTL|2024-08-06|26.25|28.22|23.8|24.9|1688534.0|21.85|605129.0|21.85|605129.0|1.0|20.14|0.0|8334946.0|6.5339326577312855|4.17|mi_security_types
EVER|2024-08-06|27.9|28.09|24.03|26.8|2206089.0|23.96|508424.0|23.96|508424.0|1.0|16.44|0.0|10301846.0|6.428988790841878|5.1|mi_security_types
NR|2024-08-06|8.22|8.22|7.8|8.01|1953589.0|6.98|779076.0|6.98|779076.0|1.0|17.77|0.0|4486894.0|4.374744167007775|3.34|polygon
OFIX|2024-08-06|16.42|17.62|15.5842|17.44|1176742.0|14.59|377607.0|14.59|377607.0|1.0|12.54|0.0|4526339.0|4.903211593067658|3.83|mi_security_types
TGTX|2024-08-06|19.07|21.53|18.65|20.58|10041999.0|17.21|4478494.0|17.21|4478494.0|1.0|10.81|0.0|53823097.0|6.702872084336348|3.72|mi_security_types
YOU|2024-08-06|22.01|25.15|21.925|24.18|6502907.0|19.47|2861425.0|19.47|2861425.0|1.0|13.05|0.83|21653938.0|4.319796023185853|5.4|mi_security_types
ACMR|2024-08-07|18.16|18.53|16.5|17.59|4659793.0|15.125|1997607.0|15.125|1997607.0|1.0|20.07|0.77|31323714.0|9.143046044864228|3.02|mi_security_types
AXON|2024-08-07|330.0|367.95|323.885|349.24|3407135.0|295.0|1070740.0|295.0|1070740.0|1.0|11.86|3.09|149144656.0|3.259225181598066|6.04|mi_security_types
DT|2024-08-07|45.005|47.32|44.85|46.44|8824565.0|40.49|5597443.0|40.49|5597443.0|1.0|11.15|0.0|94622397.0|2.998941537593054|3.4|mi_security_types
FTNT|2024-08-07|65.68|71.82|65.0|69.93|23535602.0|55.81|9433793.0|55.81|9433793.0|1.0|17.69|0.76|266683059.0|2.9230552640335836|4.38|mi_security_types
HHH|2024-08-07|71.95|72.34|66.19|66.31|1312488.0|62.37|385417.0|62.37|385417.0|1.0|15.36|1.48|22567490.0|4.799125037220278|3.66|mi_security_types
INGN|2024-08-07|9.9|11.3999|9.9|11.08|1155500.0|8.15|218121.0|8.15|218121.0|1.0|21.47|0.0|1412924.0|7.059596844872917|6.52|mi_security_types
PAYO|2024-08-07|5.9|6.56|5.81|6.47|14463636.0|5.25|4325505.0|5.25|4325505.0|1.0|12.38|0.77|15230794.0|2.993061224489793|5.33|mi_security_types
PETQ|2024-08-07|30.53|30.54|30.35|30.42|15957498.0|20.57|372657.0|20.57|372657.0|1.0|48.42|0.0|6098567.0|4.0245850406278185|61.9|polygon
RVLV|2024-08-07|20.99|23.49|20.41|23.31|3983264.0|17.57|1555785.0|17.57|1555785.0|1.0|19.46|0.0|14426885.0|5.421497682738432|4.18|mi_security_types
RYAM|2024-08-07|6.83|7.88|6.77|7.3|1690939.0|5.61|681318.0|5.61|681318.0|1.0|21.75|2.56|2629304.0|6.484466513878277|3.71|mi_security_types
SHLS|2024-08-07|6.04|6.6|5.095|5.15|15644707.0|5.5|7611468.0|5.5|7611468.0|1.0|9.82|0.73|32106257.0|6.70766233766234|3.14|mi_security_types
SHOP|2024-08-07|64.5|67.78|63.55|63.89|49976634.0|54.22|18567199.0|54.22|18567199.0|1.0|18.96|3.75|481027925.0|5.485587816830904|5.06|mi_security_types
SUPN|2024-08-07|30.87|33.93|30.0|31.92|1845736.0|27.88|619299.0|27.88|619299.0|1.0|10.72|0.0|13209696.0|3.632890961262554|3.67|mi_security_types
SWI|2024-08-07|12.265|12.76|12.16|12.63|3518826.0|11.04|714957.0|11.04|714957.0|1.0|11.1|2.32|4915256.0|3.5436723602484452|6.19|polygon
UPST|2024-08-07|30.0|36.4|28.84|33.3|46522521.0|23.87|8194737.0|23.87|8194737.0|1.0|25.68|0.46|136648469.0|9.362170087976539|7.0|mi_security_types
VCYT|2024-08-07|26.2|30.86|25.255|27.05|4352764.0|21.82|1168958.0|21.82|1168958.0|1.0|20.07|3.9|18043477.0|5.81249181615818|4.74|mi_security_types
ASPN|2024-08-08|24.41|24.41|20.76|21.46|5432865.0|18.5|2392551.0|18.5|2392551.0|1.0|31.95|0.0|28860968.0|7.9623166023166005|4.02|mi_security_types
AXGN|2024-08-08|10.5|10.8649|10.055|10.7|2630405.0|7.92|629097.0|7.92|629097.0|1.0|32.58|1.6|2489543.0|6.147186147186146|7.7|mi_security_types
CMPO|2024-08-08|9.1|9.79|8.58|9.7|5772390.0|7.51|457633.0|7.51|457633.0|1.0|21.17|0.0|2293150.0|3.865988206201254|18.2|polygon
FLNC|2024-08-08|15.83|16.67|13.9106|15.92|7394594.0|13.84|2148907.0|13.84|2148907.0|1.0|14.38|0.0|34021185.0|7.914430222956234|3.2|mi_security_types
HCAT|2024-08-08|6.5|7.85|6.46|7.55|2666629.0|5.48|818699.0|5.48|818699.0|1.0|18.61|0.0|3315367.0|8.46584984358707|5.29|mi_security_types
HROW|2024-08-08|31.48|35.23|30.0|33.92|4703851.0|21.98|677076.0|21.98|677076.0|1.0|43.22|0.0|8448794.0|6.05024047835695|12.65|mi_security_types
ICUI|2024-08-08|143.48|153.55|131.0|151.35|962909.0|121.79|301882.0|121.79|301882.0|1.0|17.81|1.76|29961588.0|4.1149343718109614|3.5|mi_security_types
KVYO|2024-08-08|28.75|31.45|28.07|30.78|5861434.0|23.08|2151202.0|23.08|2151202.0|1.0|24.57|4.1|18735720.0|5.918637038871009|5.53|mi_security_types
SEZL|2024-08-08|15.5|17.915|14.1667|17.75|1929744.0|13.1367|438870.0|78.8202|73145.0|6.0|17.99|6.87|3754411.0|7.81240994422387|6.31|mi_security_types
SKYT|2024-08-08|7.35|8.46|6.9427|8.44|2311607.0|5.72|398783.0|5.72|398783.0|1.0|28.5|0.0|2268257.0|8.269605394605392|7.79|mi_security_types
SN|2024-08-08|80.23|86.65|79.0|85.36|7140353.0|72.99|1507352.0|72.99|1507352.0|1.0|9.92|0.14|74699343.0|3.615730139158006|6.91|mi_security_types
STAA|2024-08-08|40.72|41.0|36.85|40.36|2770310.0|36.35|1444540.0|36.35|1444540.0|1.0|12.02|0.0|22822952.0|6.153468264885049|3.82|mi_security_types
TALO|2024-08-08|11.49|12.19|11.44|12.06|6589156.0|10.31|3120521.0|10.31|3120521.0|1.0|11.45|2.38|22040925.0|4.882568934460303|3.0|mi_security_types
UA|2024-08-08|7.06|7.52|7.06|7.42|9983049.0|6.27|3311026.0|6.27|3311026.0|1.0|12.6|1.46|14279687.0|3.4837092731829595|4.51|mi_security_types
UAA|2024-08-08|7.48|7.825|7.315|7.71|45365959.0|6.47|17653447.0|6.47|17653447.0|1.0|15.61|1.57|78061427.0|3.663060278207111|3.96|mi_security_types
VSAT|2024-08-08|20.52|26.7|20.2802|24.49|8346561.0|17.77|1358618.0|17.77|1358618.0|1.0|15.48|2.6|27816366.0|8.385561540316745|4.4|mi_security_types
XMTR|2024-08-08|15.53|16.4389|14.075|16.0|2825024.0|11.39|1072905.0|11.39|1072905.0|1.0|36.35|0.0|7243453.0|9.089928508716918|5.03|mi_security_types
XPEL|2024-08-08|38.19|48.58|38.16|46.89|1382730.0|31.75|293100.0|31.75|293100.0|1.0|20.28|0.0|7252282.0|6.403914510686162|7.15|mi_security_types
YETI|2024-08-08|42.0|44.0|40.5|43.12|5212904.0|37.03|2588706.0|37.03|2588706.0|1.0|13.42|0.0|48861255.0|4.437521700551675|3.86|mi_security_types
Z|2024-08-08|48.33|50.405|46.75|49.4|12987920.0|41.77|7188774.0|41.77|7188774.0|1.0|15.71|0.0|180450564.0|4.984763500803722|3.33|mi_security_types
ADMA|2024-08-09|15.1|16.64|14.95|15.96|14567792.0|12.19|4355445.0|12.19|4355445.0|1.0|23.87|7.88|40108155.0|5.871264502519629|4.18|mi_security_types
DOCS|2024-08-09|32.7|35.79|32.58|35.6|11796487.0|25.66|2467714.0|25.66|2467714.0|1.0|27.44|0.63|31472977.0|3.7682607727424573|9.44|mi_security_types
EVH|2024-08-09|27.61|29.3|25.46|26.4|9228710.0|20.87|1837059.0|20.87|1837059.0|1.0|32.3|2.15|43761111.0|6.183517010062289|4.22|mi_security_types
HEAR|2024-08-09|14.7|16.17|14.28|14.77|597857.0|12.82|241992.0|12.82|241992.0|1.0|14.66|2.56|2598713.0|5.178292845999555|3.08|polygon
IOVA|2024-08-09|9.39|10.16|8.66|9.92|23625123.0|7.94|10892635.0|7.94|10892635.0|1.0|18.26|8.32|51870013.0|8.327995681899964|3.61|mi_security_types
PBI|2024-08-09|7.11|7.6968|6.19|6.29|8719634.0|5.68|3864382.0|5.68|3864382.0|1.0|25.18|0.53|13673081.0|5.472585513078473|3.85|mi_security_types
RICK|2024-08-09|47.86|52.64|46.02|46.5|370464.0|43.85|117138.0|43.85|117138.0|1.0|9.14|1.6|4855339.0|4.203371884671774|3.66|mi_security_types
SG|2024-08-09|33.93|35.03|31.51|35.01|15864979.0|26.25|5440993.0|26.25|5440993.0|1.0|29.26|6.92|71415057.0|6.643918367346941|5.47|mi_security_types
TARS|2024-08-09|27.0|28.0|25.35|26.85|2902452.0|23.61|902855.0|23.61|902855.0|1.0|14.36|9.61|17819606.0|7.741029829975194|3.78|mi_security_types
MNDY|2024-08-12|248.44|260.58|240.3|259.05|2843487.0|225.7|1084566.0|225.7|1084566.0|1.0|10.08|11.51|106077009.0|5.190638648015698|5.57|mi_security_types
LWAY|2024-08-13|13.77|16.9639|13.67|16.66|1262709.0|11.21|112539.0|11.21|112539.0|1.0|22.84|3.8|1229237.0|5.228813559322032|11.37|mi_security_types
PACS|2024-08-13|36.5|38.82|36.33|38.43|934612.0|32.35|544780.0|32.35|544780.0|1.0|12.83|0.0|9445840.0|4.659947008169572|3.04|mi_security_types
SBUX|2024-08-13|91.02|96.01|90.29|95.9|157165663.0|77.03|13123036.0|77.03|13123036.0|1.0|18.16|4.29|913860326.0|3.141531128873724|11.4|mi_security_types
SPRY|2024-08-13|12.0|13.1|11.28|13.06|4358301.0|10.85|2588543.0|10.85|2588543.0|1.0|10.6|16.42|5939743.0|7.138775510204081|5.15|mi_security_types
ANAB|2024-08-14|36.92|41.3083|34.555|34.65|1690326.0|33.33|179659.0|33.33|179659.0|1.0|10.77|5.68|10116845.0|5.898268398268399|5.65|mi_security_types
FLUT|2024-08-14|209.11|215.19|205.49|206.88|7073737.0|191.39|3981097.0|191.39|3981097.0|1.0|9.26|5.83|210907671.0|3.473647675277852|5.74|mi_security_types
INTA|2024-08-14|38.0|39.195|35.7401|38.35|3504689.0|34.0|953775.0|34.0|953775.0|1.0|11.76|7.94|13305162.0|4.089789915966389|8.32|mi_security_types
MRCY|2024-08-14|40.48|42.72|39.12|40.0|5635435.0|34.0|983506.0|34.0|983506.0|1.0|19.06|3.44|18047267.0|4.179621848739499|9.21|mi_security_types
VSCO|2024-08-14|22.25|23.17|21.41|22.2|11211432.0|19.07|1391034.0|19.07|1391034.0|1.0|16.68|11.65|34553400.0|5.427297924938196|5.67|mi_security_types
CLBT|2024-08-15|15.6|16.42|14.43|14.96|6443868.0|13.94|1665261.0|13.94|1665261.0|1.0|11.91|12.42|16069718.0|3.7789506046321004|5.17|mi_security_types
GAMB|2024-08-15|10.49|11.2999|10.44|10.9|2067414.0|8.83|403124.0|8.83|403124.0|1.0|18.8|1.61|1378191.0|3.394515450574341|12.82|mi_security_types
LITE|2024-08-15|51.25|53.39|50.5875|52.26|7859676.0|45.53|2722600.0|45.53|2722600.0|1.0|12.56|13.03|74001261.0|6.645539832449561|4.56|mi_security_types
PYCR|2024-08-15|14.38|14.51|13.34|13.83|3927726.0|12.63|1639895.0|12.63|1639895.0|1.0|13.86|8.51|10689968.0|3.7976473249632403|4.25|polygon
ULTA|2024-08-15|371.64|373.0|358.35|365.8|4424858.0|329.05|970798.0|329.05|970798.0|1.0|12.94|2.65|316112454.0|3.128350011939128|4.75|mi_security_types
HRB|2024-08-16|64.8|68.45|63.05|64.45|9156296.0|57.49|1597725.0|57.49|1597725.0|1.0|12.72|5.78|43982319.0|2.47498943915712|10.2|mi_security_types
XPER|2024-08-19|8.93|8.93|8.44|8.78|1868082.0|7.55|484978.0|7.55|484978.0|1.0|18.28|6.34|3716026.0|4.732734153263956|3.34|mi_security_types
ZIM|2024-08-19|22.04|23.761|21.3201|22.25|27212046.0|19.06|4284511.0|19.06|4284511.0|1.0|15.63|4.04|57916603.0|5.1877529605756205|7.97|mi_security_types
AS|2024-08-20|13.64|14.25|13.37|13.63|6833682.0|12.35|2241111.0|12.35|2241111.0|1.0|10.45|10.86|10999280.0|4.4603817235396175|5.94|mi_security_types
FN|2024-08-20|262.0|278.38|259.05|268.0|1771489.0|231.55|678715.0|231.55|678715.0|1.0|13.15|11.69|73045606.0|4.624965295986671|4.55|mi_security_types
HA|2024-08-20|17.7|17.75|17.65|17.68|23654863.0|15.88|2174369.0|15.88|2174369.0|1.0|11.46|13.02|21138486.0|6.424748110831231|10.42|polygon
IMMR|2024-08-21|11.38|11.38|9.8|9.9|3527253.0|9.93|1397606.0|9.93|1397606.0|1.0|14.6|0.0|9653217.0|6.887857862178107|3.95|mi_security_types
TGT|2024-08-21|167.33|167.4|158.97|159.25|25521113.0|144.33|6815076.0|144.33|6815076.0|1.0|15.94|6.9|516820221.0|2.9592402331957524|6.13|mi_security_types
OPRA|2024-08-22|14.02|15.4|14.0|14.51|2896362.0|12.84|354738.0|12.84|354738.0|1.0|9.19|3.38|5117682.0|4.411771250556298|6.2|mi_security_types
ZUO|2024-08-22|9.53|9.555|8.31|8.49|5138368.0|8.5|3109596.0|8.5|3109596.0|1.0|12.12|0.59|7882560.0|3.63235294117647|4.41|polygon
WDAY|2024-08-23|264.99|265.7|254.51|259.95|9701850.0|231.08|5122954.0|231.08|5122954.0|1.0|14.67|6.79|433371618.0|2.5836352283686552|4.61|mi_security_types
CMPS|2024-08-26|8.3|8.5367|7.52|8.0|2989430.0|7.19|536468.0|7.19|536468.0|1.0|15.44|3.75|3172965.0|4.5083449235048665|7.22|mi_security_types
GLPG|2024-08-26|28.96|28.96|28.3|28.39|1308498.0|25.89|209557.0|25.89|209557.0|1.0|11.86|5.93|2904077.0|2.294046239585058|10.37|mi_security_types
AMBA|2024-08-28|63.5|63.98|57.0|58.4|5481314.0|52.79|2280885.0|52.79|2280885.0|1.0|20.29|9.61|25753764.0|4.150677888128161|8.71|mi_security_types
AVAV|2024-08-28|199.4|211.44|190.99|193.86|985082.0|177.76|157142.0|177.76|157142.0|1.0|12.17|0.21|36092265.0|3.32477979940851|4.63|mi_security_types
WEST|2024-08-28|9.43|9.7|8.62|8.67|1023981.0|8.51|170487.0|8.51|170487.0|1.0|10.81|0.71|1785721.0|3.552878965922445|4.97|mi_security_types
AFRM|2024-08-29|39.11|42.87|37.52|41.66|54415107.0|31.58|16394901.0|31.58|16394901.0|1.0|23.84|7.82|183557349.0|4.798425766760156|7.77|mi_security_types
BBW|2024-08-29|30.53|34.8|30.42|32.26|1200062.0|27.87|356630.0|27.87|356630.0|1.0|9.54|0.54|4428398.0|2.731124096570813|6.74|mi_security_types
BBY|2024-08-29|102.65|103.71|97.65|100.18|12091229.0|87.79|4293729.0|87.79|4293729.0|1.0|16.93|3.6|190352968.0|2.290628610482809|5.19|mi_security_types
ENLC|2024-08-29|14.72|14.8|14.02|14.4|12836347.0|13.16|1957124.0|13.16|1957124.0|1.0|11.85|0.15|28642847.0|2.803408597481544|4.3|polygon
NTNX|2024-08-29|60.99|63.63|60.36|62.91|7922343.0|52.29|3226104.0|52.29|3226104.0|1.0|16.64|0.54|90965530.0|2.432041089528183|3.92|mi_security_types
MDB|2024-08-30|290.1|293.28|275.1601|290.79|6877558.0|245.72|2447002.0|245.72|2447002.0|1.0|18.06|4.4|268799138.0|3.330756842864118|6.01|mi_security_types
PCVX|2024-09-03|107.67|119.27|107.62|110.15|7470839.0|80.76|427578.0|80.76|427578.0|1.0|33.32|2.97|34490660.0|2.510188919549992|16.12|mi_security_types
SOC|2024-09-03|20.095|24.36|20.09|23.43|9168774.0|16.84|359924.0|16.84|359924.0|1.0|19.33|9.49|4672809.0|4.082541567695961|27.82|mi_security_types
GTLB|2024-09-04|50.43|54.88|50.19|54.35|13611622.0|44.68|5198681.0|44.68|5198681.0|1.0|12.87|0.0|68877080.0|3.6960928507481783|7.57|mi_security_types
LE|2024-09-05|16.49|17.76|14.215|14.27|295738.0|15.11|89911.0|15.11|89911.0|1.0|9.13|0.0|1190790.0|4.5050108726481985|3.9|mi_security_types
PPTA|2024-09-05|8.9|9.7|8.7|9.02|1472237.0|8.09|192783.0|8.09|192783.0|1.0|10.01|2.93|2053785.0|7.646123962564013|3.53|mi_security_types
AGX|2024-09-06|89.09|95.7304|86.8|89.97|1332729.0|71.38|252447.0|71.38|252447.0|1.0|24.81|0.0|7868132.0|3.2138153944682397|9.9|mi_security_types
BOWL|2024-09-06|12.23|12.69|11.21|11.5|2084218.0|10.79|1655160.0|10.79|1655160.0|1.0|13.35|0.0|4002338.0|3.942142195154245|4.66|polygon
GWRE|2024-09-06|169.29|171.74|159.0001|161.72|3636970.0|143.93|1256970.0|143.93|1256970.0|1.0|17.62|0.0|77211678.0|1.8659864418219183|5.51|mi_security_types
IOT|2024-09-06|43.15|45.43|42.37|44.02|12523425.0|38.75|4481238.0|38.75|4481238.0|1.0|11.35|0.23|107245933.0|3.67135483870968|4.41|mi_security_types
NX|2024-09-06|30.0|30.93|28.21|30.29|2424339.0|24.86|554594.0|24.86|554594.0|1.0|20.68|0.0|17094211.0|3.424893690380416|3.3|mi_security_types
ZUMZ|2024-09-06|28.24|31.3651|26.61|26.69|1520472.0|25.67|428177.0|25.67|428177.0|1.0|10.01|0.0|6168917.0|3.617313150425732|5.49|mi_security_types
RLAY|2024-09-09|8.05|10.72|7.81|9.51|19068541.0|6.24|828473.0|6.24|828473.0|1.0|29.01|0.0|4460926.0|7.465201465201465|25.83|mi_security_types
SMMT|2024-09-09|16.06|21.5|15.9525|19.14|47841469.0|12.27|2090407.0|12.27|2090407.0|1.0|30.89|2.25|19969044.0|8.06828501571778|29.13|mi_security_types
TERN|2024-09-09|8.6|10.06|7.98|9.12|23479343.0|7.81|1351503.0|7.81|1351503.0|1.0|10.12|8.02|6242173.0|7.0681360892628495|24.63|mi_security_types
AVO|2024-09-10|13.0|13.14|12.05|12.99|2517888.0|10.69|271536.0|10.69|271536.0|1.0|21.61|0.47|1183484.0|2.100093545369507|21.3|mi_security_types
BOOT|2024-09-10|153.5|162.16|148.32|153.42|1995617.0|139.55|827224.0|139.55|827224.0|1.0|10.0|3.45|62648595.0|2.8192660080872165|4.2|mi_security_types
CVGW|2024-09-10|26.32|27.555|25.0|26.62|1252741.0|24.0|766394.0|24.0|766394.0|1.0|9.67|4.67|3973627.0|3.330505952380953|5.82|mi_security_types
ORCL|2024-09-10|154.23|160.52|153.12|155.89|37374210.0|139.89|20195428.0|139.89|20195428.0|1.0|10.25|0.28|641511979.0|1.9451967362111051|6.24|mi_security_types
VRDN|2024-09-10|16.1|18.98|15.1201|18.75|16590334.0|14.19|1624446.0|14.19|1624446.0|1.0|13.46|5.35|11435888.0|6.259589247961345|18.76|mi_security_types
PLAY|2024-09-11|34.24|34.91|29.31|31.25|8243370.0|29.86|5228853.0|29.86|5228853.0|1.0|14.67|0.0|30097067.0|3.3170749210601835|7.06|mi_security_types
NTGR|2024-09-12|19.67|21.9399|19.64|20.84|3260929.0|15.93|324552.0|15.93|324552.0|1.0|23.48|1.08|2961953.0|3.9951573849878965|16.41|mi_security_types
SIG|2024-09-12|89.85|93.2099|86.74|86.94|2925606.0|78.09|1319087.0|78.09|1319087.0|1.0|15.06|3.03|59505376.0|3.388946819603754|3.54|mi_security_types
CNTA|2024-09-13|17.0|17.59|15.8|16.99|3351116.0|15.1|1982429.0|15.1|1982429.0|1.0|12.58|11.85|6405763.0|8.481315042573323|4.14|mi_security_types
RH|2024-09-13|304.33|322.5|301.6|321.87|4553986.0|256.49|2171604.0|256.49|2171604.0|1.0|18.65|6.22|154026210.0|4.935722918743696|6.54|mi_security_types
ASND|2024-09-16|139.65|145.0|137.75|139.57|2913265.0|119.22|589551.0|119.22|589551.0|1.0|17.14|5.57|70286270.0|4.585160687324754|4.11|mi_security_types
BLCO|2024-09-16|18.15|18.3|17.47|17.8|6126591.0|15.55|150761.0|15.55|150761.0|1.0|16.72|0.0|2987486.0|2.5694533762057854|26.47|mi_security_types
NUVL|2024-09-16|102.7|113.51|93.02|112.17|2925575.0|87.45|519170.0|87.45|519170.0|1.0|17.44|7.06|23766116.0|3.8711181899861113|8.58|mi_security_types
BOOM|2024-09-17|12.6|13.6206|12.4|13.0|1355202.0|10.91|160088.0|10.91|160088.0|1.0|15.49|2.92|1829395.0|4.376653136048185|8.58|mi_security_types
CMP|2024-09-17|10.16|12.8|9.9|11.15|4490605.0|9.21|1146792.0|9.21|1146792.0|1.0|10.31|18.53|9123410.0|6.351791530944623|4.19|mi_security_types
LUNR|2024-09-18|8.38|8.95|7.44|7.47|141864555.0|5.4|25959392.0|5.4|25959392.0|1.0|55.19|0.0|52333227.0|10.500925925925925|8.07|mi_security_types
DRI|2024-09-19|173.51|173.7417|167.18|172.27|3660874.0|159.14|1256301.0|159.14|1256301.0|1.0|9.03|2.27|180090605.0|1.6915519129607375|3.38|mi_security_types
EWTX|2024-09-19|25.75|30.0|24.84|29.5|11932326.0|19.07|2315498.0|19.07|2315498.0|1.0|35.03|13.18|13930208.0|6.938347441755936|12.67|mi_security_types
MBLY|2024-09-19|12.85|13.79|12.65|13.35|18141409.0|11.61|6163475.0|11.61|6163475.0|1.0|10.68|9.84|63283293.0|6.874307862679957|3.54|mi_security_types
CEG|2024-09-20|235.16|255.24|233.0|254.98|15031402.0|208.5|3432608.0|208.5|3432608.0|1.0|12.79|15.67|473040476.0|3.593456663240834|5.9|mi_security_types
BHVN|2024-09-23|46.5|49.91|44.7128|45.94|6249793.0|40.39|1960909.0|40.39|1960909.0|1.0|15.13|6.07|33611825.0|4.2073709899904514|7.38|mi_security_types
BILI|2024-09-24|17.39|18.64|17.39|18.63|17413044.0|15.92|4404331.0|15.92|4404331.0|1.0|9.23|8.52|54322737.0|3.701319095477387|4.42|mi_security_types
FUTU|2024-09-24|74.88|76.28|73.633|74.88|5466194.0|67.29|2145846.0|67.29|2145846.0|1.0|11.28|16.94|61625624.0|3.811859117253676|4.05|mi_security_types
JD|2024-09-24|32.49|33.91|32.03|33.9|45861969.0|29.76|16394861.0|29.76|16394861.0|1.0|9.17|13.16|294882158.0|2.30522753456221|3.45|mi_security_types
LBRDA|2024-09-24|73.94|77.67|72.81|76.87|1353517.0|59.87|246852.0|59.87|246852.0|1.0|23.5|1.46|5651259.0|2.959471712519981|10.07|mi_security_types
LBRDK|2024-09-24|75.38|78.18|74.0|76.86|7866375.0|61.04|799445.0|61.04|799445.0|1.0|23.49|1.19|39229715.0|3.0776071896648562|10.43|mi_security_types
TME|2024-09-24|11.51|12.0084|11.095|11.85|30514575.0|10.18|8249342.0|10.18|8249342.0|1.0|13.06|7.61|82270273.0|3.3328655627280357|3.72|mi_security_types
WVE|2024-09-24|6.41|8.35|6.37|8.19|15727975.0|5.34|498987.0|5.34|498987.0|1.0|20.04|0.0|2398589.0|6.7549491706795095|28.53|mi_security_types
ELYM|2024-09-25|8.01|8.15|5.33|5.5|5350219.0|6.56|2330368.0|6.56|2330368.0|1.0|22.1|0.0|2464373.0|9.440331010452963|7.52|polygon
BEKE|2024-09-26|18.9|20.48|18.81|19.69|50645631.0|16.35|11669434.0|16.35|11669434.0|1.0|15.6|22.38|73690367.0|4.259501965923984|7.02|mi_security_types
BZ|2024-09-26|16.4|16.65|15.8|16.12|20979687.0|14.27|7832076.0|14.27|7832076.0|1.0|14.93|17.93|51930863.0|4.374812293522876|3.67|mi_security_types
MLCO|2024-09-26|7.2|7.64|7.19|7.57|12283961.0|6.53|3422214.0|6.53|3422214.0|1.0|10.26|16.4|16163991.0|3.883067162546489|3.94|mi_security_types
MU|2024-09-26|113.1|114.8|107.53|109.88|107954470.0|95.77|54736183.0|95.77|54736183.0|1.0|18.1|9.85|1935722516.0|3.687778755649694|4.53|mi_security_types
PDD|2024-09-26|127.56|131.88|123.12|129.4|48589834.0|113.94|12174998.0|113.94|12174998.0|1.0|11.95|17.22|1112609313.0|3.3958913212467703|3.12|mi_security_types
TAL|2024-09-26|9.74|11.95|9.705|10.28|33116896.0|8.32|4880172.0|8.32|4880172.0|1.0|17.07|12.13|32588620.0|3.8203983516483535|6.41|mi_security_types
VIPS|2024-09-26|15.62|15.9|14.465|15.28|14553422.0|13.84|6596111.0|13.84|6596111.0|1.0|12.86|7.79|42382317.0|2.982917010734927|4.04|mi_security_types
YUMC|2024-09-26|43.34|46.0|43.0|43.86|12289680.0|38.19|3237367.0|38.19|3237367.0|1.0|13.49|10.6|94570310.0|2.429562712752028|4.13|mi_security_types
BMEA|2024-09-27|11.48|12.0091|9.7|9.9|4092766.0|9.57|4290629.0|9.57|4290629.0|1.0|19.96|19.63|3623581.0|6.815644125988952|6.1|mi_security_types
ESTA|2024-09-27|49.61|50.0|45.61|47.04|3293787.0|41.195|375941.0|41.195|375941.0|1.0|20.43|3.58|6705803.0|5.396459348395266|16.48|mi_security_types
IONQ|2024-09-27|8.9|10.0|8.58|9.71|45245543.0|8.06|4472724.0|8.06|4472724.0|1.0|10.42|6.19|31513138.0|6.022952853598014|10.56|mi_security_types
ZK|2024-09-30|24.76|25.3|22.16|22.29|3228598.0|21.09|2594459.0|21.09|2594459.0|1.0|17.4|30.1|7174100.0|6.346948452211611|4.77|polygon
ARCO|2024-10-01|10.05|10.268|9.595|9.99|4594472.0|8.72|1307367.0|8.72|1307367.0|1.0|15.25|6.08|8319188.0|3.1576834862385312|4.57|mi_security_types
UNFI|2024-10-01|19.35|22.33|19.06|21.96|7287706.0|16.82|1011396.0|16.82|1011396.0|1.0|15.04|1.94|8214886.0|3.988916256157636|11.28|mi_security_types
APOG|2024-10-04|75.75|86.22|75.0253|83.93|883152.0|68.43|232999.0|68.43|232999.0|1.0|10.7|2.58|7151096.0|2.8392309137596263|6.27|mi_security_types
B|2024-10-04|44.07|45.308|43.62|45.26|1992159.0|40.06|514098.0|40.06|514098.0|1.0|10.01|3.84|11278969.0|2.76467441694601|4.85|mi_security_types
SILV|2024-10-04|10.18|10.58|9.69|10.13|14477763.0|9.29|972863.0|9.29|972863.0|1.0|9.58|0.65|12326158.0|4.643626018760575|9.29|polygon
AVNW|2024-10-07|22.5|25.74|22.5|22.74|624208.0|19.36|169378.0|19.36|169378.0|1.0|16.22|0.0|3165593.0|4.880976977567884|3.26|mi_security_types
NAPA|2024-10-07|10.89|11.0|10.86|10.95|46907106.0|5.4|1544458.0|5.4|1544458.0|1.0|101.67|0.0|6708593.0|3.6833333333333322|37.43|polygon
SRRK|2024-10-07|26.34|34.38|25.15|34.28|42667734.0|7.42|648616.0|7.42|648616.0|1.0|254.99|4.95|7535606.0|9.36561417019638|42.59|mi_security_types
VSTO|2024-10-07|43.755|44.06|43.59|44.01|4279016.0|39.84|299519.0|39.84|299519.0|1.0|9.83|2.55|23117352.0|1.6310778829604147|6.48|polygon
SLNO|2024-10-08|56.0|56.81|50.36|51.97|4532397.0|47.63|292031.0|47.63|292031.0|1.0|17.57|0.0|22061583.0|4.708137128460455|9.1|mi_security_types
ALAB|2024-10-09|61.16|63.15|59.45|61.22|12526268.0|52.96|1825468.0|52.96|1825468.0|1.0|15.48|8.61|127232177.0|4.609678463530428|3.99|mi_security_types
HELE|2024-10-09|73.66|77.95|71.85|73.52|3517491.0|62.37|823938.0|62.37|823938.0|1.0|18.1|2.58|29808656.0|3.3848690991548156|4.53|mi_security_types
NISN|2024-10-09|21.71|21.9799|11.39|14.23|1092540.0|19.18|191109.0|19.18|191109.0|1.0|13.19|19.88|1048582.0|12.613995233129746|11.97|polygon
CELH|2024-10-10|33.53|35.16|32.25|34.91|30172410.0|30.51|10850046.0|30.51|10850046.0|1.0|9.9|6.16|215712664.0|4.604836821650981|4.42|mi_security_types
GXO|2024-10-10|56.05|58.96|55.7|58.07|7241518.0|50.9|1335888.0|50.9|1335888.0|1.0|10.12|3.54|38339973.0|2.7365001403311826|8.52|mi_security_types
AEHR|2024-10-11|15.11|16.65|13.55|16.02|9397202.0|13.32|3315182.0|13.32|3315182.0|1.0|13.44|9.27|9649570.0|4.875375375375376|10.42|mi_security_types
ALAR|2024-10-14|11.42|13.05|11.38|12.94|666827.0|10.47|222924.0|10.47|222924.0|1.0|9.07|14.18|1650545.0|7.900600354755083|4.16|mi_security_types
LBPH|2024-10-14|58.93|59.12|58.7|58.99|43087695.0|38.9|1776660.0|38.9|1776660.0|1.0|51.49|16.64|20814470.0|8.320290121189863|48.54|polygon
ERIC|2024-10-15|8.22|8.6199|8.14|8.53|48781108.0|7.54|9965057.0|7.54|9965057.0|1.0|9.02|1.48|100174763.0|1.4970632815460396|3.7|mi_security_types
WOLF|2024-10-15|15.04|16.25|13.25|13.8|66672850.0|11.38|7588354.0|11.38|7588354.0|1.0|32.16|19.79|75930647.0|7.869319608335425|6.81|mi_security_types
ASPN|2024-10-16|25.31|26.9|24.2|25.41|6604043.0|22.44|1676230.0|22.44|1676230.0|1.0|12.79|2.0|42974631.0|8.92529284441049|3.03|mi_security_types
NVCR|2024-10-16|21.46|21.8165|17.69|17.87|6732625.0|17.78|2771847.0|17.78|2771847.0|1.0|20.7|21.7|10792723.0|5.376627028764261|8.17|mi_security_types
OKLO|2024-10-16|12.82|16.77|12.3|16.54|54401051.0|11.65|37138690.0|11.65|37138690.0|1.0|10.04|27.32|34579566.0|9.867933782955243|8.09|mi_security_types
SMR|2024-10-16|14.92|19.41|14.33|19.07|40323458.0|13.62|7550115.0|13.62|7550115.0|1.0|9.54|15.13|88655948.0|9.746696035242291|5.42|mi_security_types
AURA|2024-10-18|11.45|12.3782|11.2|11.74|1233006.0|10.29|249551.0|10.29|249551.0|1.0|11.27|23.68|1103698.0|4.471747882826603|9.03|mi_security_types
LUMN|2024-10-21|7.51|7.78|6.21|6.57|57089915.0|6.74|13460072.0|6.74|13460072.0|1.0|11.42|10.86|71424022.0|5.481877914370498|4.73|mi_security_types
IRTC|2024-10-22|70.11|76.27|69.16|75.59|2717034.0|62.1|667298.0|62.1|667298.0|1.0|12.9|7.19|34255754.0|4.738336783988957|5.09|mi_security_types
LRN|2024-10-23|84.53|89.84|82.86|89.71|8919985.0|64.49|3004884.0|64.49|3004884.0|1.0|31.07|0.7|74607242.0|4.464102961699488|6.02|mi_security_types
UPWK|2024-10-23|11.7|12.85|11.6|12.73|14743299.0|10.05|1113860.0|10.05|1113860.0|1.0|16.42|0.0|13033927.0|3.1265103056147825|10.91|mi_security_types
VICR|2024-10-23|47.84|51.89|47.12|49.39|1277272.0|43.44|425475.0|43.44|425475.0|1.0|10.13|7.98|6547033.0|3.3983655616942943|6.09|mi_security_types
CLS|2024-10-24|62.7|68.44|62.6|67.94|7506089.0|57.47|3585942.0|57.47|3585942.0|1.0|9.1|2.63|96692847.0|4.331427577120985|3.57|mi_security_types
LC|2024-10-24|14.72|15.515|13.54|13.82|8594855.0|12.46|2561780.0|12.46|2561780.0|1.0|18.14|1.47|13338158.0|4.149242719559732|6.12|mi_security_types
MOH|2024-10-24|325.0|341.99|318.05|323.59|2770504.0|275.0|1662230.0|275.0|1662230.0|1.0|18.18|0.0|142676781.0|3.853919480519482|4.28|mi_security_types
MXL|2024-10-24|17.0|17.095|14.93|15.09|4863221.0|14.87|1996271.0|14.87|1996271.0|1.0|14.32|6.98|14900179.0|4.634162743779421|4.2|mi_security_types
PEGA|2024-10-24|39.0|40.06|37.49|39.98|3461534.0|34.865|1538532.0|69.73|769266.0|2.0|11.86|0.0|34720946.0|2.41453770666448|3.83|mi_security_types
QS|2024-10-24|6.13|7.03|6.05|6.5|69175244.0|5.18|10008477.0|5.18|10008477.0|1.0|18.34|0.0|27874326.0|3.7280750137892955|12.84|mi_security_types
UPS|2024-10-24|145.0|145.01|136.57|138.35|11959772.0|131.41|3454470.0|131.41|3454470.0|1.0|10.34|0.06|447014474.0|1.5759835628947554|3.7|mi_security_types
WST|2024-10-24|327.5|352.33|325.0|330.65|2183536.0|286.44|671054.0|286.44|671054.0|1.0|14.33|0.01|150658159.0|2.2359781155864082|3.56|mi_security_types
ZLAB|2024-10-24|32.5|36.6|32.5|33.18|4227763.0|28.94|854762.0|28.94|854762.0|1.0|12.3|17.07|19807550.0|4.786084509823281|4.94|mi_security_types
APPF|2024-10-25|210.82|235.9999|209.31|212.34|894190.0|192.07|583123.0|192.07|583123.0|1.0|9.76|0.0|46435804.0|3.2260187877931426|3.42|mi_security_types
DECK|2024-10-25|169.95|172.5652|164.0|168.11|8426623.0|152.04|3673534.0|152.04|3673534.0|1.0|11.78|0.72|260481408.0|3.013694704401097|4.54|mi_security_types
DLR|2024-10-25|184.46|193.88|180.36|181.01|6093376.0|165.13|1479829.0|165.13|1479829.0|1.0|11.71|2.43|216058406.0|1.4138211452448721|4.44|mi_security_types
DQ|2024-10-25|24.655|26.48|24.42|25.54|4487921.0|22.0|987174.0|22.0|987174.0|1.0|12.07|22.97|21447598.0|8.437987012987016|3.03|mi_security_types
MGRC|2024-10-25|115.03|116.0|112.22|114.17|984895.0|105.22|243300.0|105.22|243300.0|1.0|9.32|0.57|23635142.0|2.212303472995359|4.28|mi_security_types
NWL|2024-10-25|8.68|9.125|8.2|8.73|21253426.0|7.18|7281522.0|7.18|7281522.0|1.0|20.89|0.0|37154778.0|3.5167130919220058|4.27|mi_security_types
TPR|2024-10-25|49.8|51.585|48.5|50.49|17253323.0|44.47|2901854.0|44.47|2901854.0|1.0|11.99|2.14|109188930.0|1.850894664139547|7.54|mi_security_types
WDC|2024-10-25|72.585|73.5|69.3201|69.45|17644446.0|66.32|8803145.0|66.32|8803145.0|1.0|9.45|0.0|285063843.0|2.522391435464414|3.86|mi_security_types
EYPT|2024-10-28|10.68|13.985|10.35|12.12|4565927.0|9.5|375049.0|9.5|375049.0|1.0|12.42|0.0|3745880.0|7.573834586466169|8.99|mi_security_types
PRCT|2024-10-28|87.98|91.24|84.05|91.0|5056143.0|68.77|1987239.0|68.77|1987239.0|1.0|27.93|2.9|47305855.0|3.946799891979478|6.53|mi_security_types
VERA|2024-10-28|49.9|50.0|45.45|47.34|2882612.0|41.09|834016.0|41.09|834016.0|1.0|21.44|3.27|20282950.0|4.717310433543095|5.02|mi_security_types
CVLT|2024-10-29|150.0|171.265|142.4225|169.79|1643452.0|136.97|565320.0|136.97|565320.0|1.0|9.51|3.56|42793726.0|3.3853555001616638|4.82|mi_security_types
CWH|2024-10-29|23.5|24.67|22.26|22.89|3731359.0|21.41|2225226.0|21.41|2225226.0|1.0|9.76|2.78|21936296.0|3.754920931473945|3.58|mi_security_types
FFIV|2024-10-29|242.03|250.46|236.85|240.33|3007580.0|218.36|1357792.0|218.36|1357792.0|1.0|10.84|2.24|104679364.0|1.3792753774893367|5.76|mi_security_types
NARI|2024-10-29|47.7|51.15|46.57|49.18|3682786.0|42.56|1661904.0|42.56|1661904.0|1.0|12.08|0.0|33467373.0|3.682834317937699|4.37|polygon
SSTK|2024-10-29|33.01|33.94|31.075|32.87|1870426.0|29.53|726563.0|29.53|726563.0|1.0|11.78|0.92|14825225.0|2.970296550723234|3.65|mi_security_types
VFC|2024-10-29|20.305|21.93|19.7|21.63|29999612.0|17.03|13435751.0|17.03|13435751.0|1.0|19.23|2.78|113839993.0|4.552889858233371|4.37|mi_security_types
WGS|2024-10-29|66.6|85.4637|64.13|84.02|3269820.0|56.06|714690.0|56.06|714690.0|1.0|18.8|0.0|28825097.0|6.7178405789715105|5.69|mi_security_types
ASPI|2024-10-30|8.55|9.23|6.8373|6.9|51265692.0|5.76|4414897.0|5.76|4414897.0|1.0|48.44|21.26|4925226.0|10.000992063492065|22.94|mi_security_types
ATRC|2024-10-30|34.4|36.61|33.7177|34.83|2740557.0|29.43|1167952.0|29.43|1167952.0|1.0|16.89|5.37|11405090.0|3.503470705305566|5.81|mi_security_types
BPMC|2024-10-30|90.92|94.98|88.8|89.24|1913963.0|83.4|1194051.0|83.4|1194051.0|1.0|9.02|1.13|49118768.0|3.0509421034600885|3.49|polygon
EXEL|2024-10-30|31.4|33.32|31.18|32.44|6738079.0|28.73|2807748.0|28.73|2807748.0|1.0|9.29|3.09|38490433.0|2.902093381731391|3.32|mi_security_types
EXTR|2024-10-30|16.5|17.0|15.865|15.92|4613202.0|14.22|1471375.0|14.22|1471375.0|1.0|16.03|0.0|10773604.0|2.414707655213984|5.61|mi_security_types
GRMN|2024-10-30|186.1|207.22|186.1|204.92|3031869.0|166.27|1378307.0|166.27|1378307.0|1.0|11.93|2.9|119684649.0|1.4706630351665524|3.99|mi_security_types
LXFR|2024-10-30|14.01|15.15|13.6502|14.59|712278.0|12.75|99203.0|12.75|99203.0|1.0|9.88|3.74|1318589.0|2.6192717086834754|5.93|mi_security_types
NRDS|2024-10-30|14.5|15.624|13.45|15.06|5561133.0|11.32|1135487.0|11.32|1135487.0|1.0|28.09|3.0|5910766.0|4.4201161029782945|10.15|mi_security_types
OMCL|2024-10-30|45.22|55.745|45.15|53.05|2647874.0|40.12|450049.0|40.12|450049.0|1.0|12.71|2.27|13377702.0|2.617878507335137|7.68|mi_security_types
PRO|2024-10-30|23.0|23.0|20.41|20.85|1554695.0|19.38|478264.0|19.38|478264.0|1.0|18.68|9.55|6366239.0|3.4645805690697316|4.35|polygon
RDDT|2024-10-30|104.9|118.2494|104.11|116.05|37764574.0|81.74|12718705.0|81.74|12718705.0|1.0|28.33|5.76|305511319.0|3.788047467580133|7.91|mi_security_types
UIS|2024-10-30|6.18|7.28|6.07|7.2|3175957.0|5.38|527609.0|5.38|527609.0|1.0|14.87|0.0|3066566.0|6.704726500265536|5.38|mi_security_types
ATEC|2024-10-31|6.975|8.42|6.97|7.85|16686336.0|5.62|3294134.0|5.62|3294134.0|1.0|24.11|9.55|9082732.0|5.452465683782409|8.69|mi_security_types
AVDL|2024-10-31|16.48|16.58|14.8|15.47|5112635.0|12.91|373811.0|12.91|373811.0|1.0|27.65|0.86|7739256.0|3.6792630297665148|8.48|polygon
BAND|2024-10-31|22.875|23.0|19.4926|19.5|900274.0|18.84|262256.0|18.84|262256.0|1.0|21.42|6.5|3200891.0|3.9926827418865627|4.05|mi_security_types
CFLT|2024-10-31|27.61|28.95|25.55|26.17|13757651.0|23.07|5491663.0|23.07|5491663.0|1.0|19.68|8.41|61683827.0|3.067062976035666|4.44|polygon
CVNA|2024-10-31|47.64|51.878|46.656|49.462|67455770.0|41.462|28700370.0|207.31|5740074.0|5.0|14.9|8.26|456672620.0|3.0246456307668983|5.2|mi_security_types
DAWN|2024-10-31|15.93|16.23|14.26|14.72|4071406.0|14.47|1124673.0|14.47|1124673.0|1.0|10.09|0.98|14146773.0|4.1759028531938|4.1|mi_security_types
ETSY|2024-10-31|52.46|55.48|50.85|51.44|10314640.0|47.99|5816912.0|47.99|5816912.0|1.0|9.31|1.07|146119600.0|3.5308099901765235|3.26|mi_security_types
FDP|2024-10-31|32.1|33.605|31.71|32.11|560076.0|29.09|195022.0|29.09|195022.0|1.0|10.35|1.25|4976881.0|1.8607032362618472|3.27|mi_security_types
GPRE|2024-10-31|12.93|14.036|12.19|12.23|2634446.0|11.64|1152185.0|11.64|1152185.0|1.0|11.08|7.08|10633452.0|6.230183480608739|3.03|mi_security_types
JAKK|2024-10-31|32.1|33.17|30.58|31.55|478807.0|27.46|112906.0|27.46|112906.0|1.0|16.9|10.1|1412084.0|2.8267870148787844|8.11|mi_security_types
KTB|2024-10-31|84.52|89.76|82.95|85.63|1489116.0|76.56|366504.0|76.56|366504.0|1.0|10.4|0.0|25135869.0|2.4042767577250372|4.57|mi_security_types
LMND|2024-10-31|20.88|25.4|20.42|23.77|9628524.0|18.75|2318745.0|18.75|2318745.0|1.0|11.36|3.76|18753224.0|4.166552380952378|7.89|mi_security_types
MCW|2024-10-31|7.51|7.69|7.28|7.51|4632489.0|6.65|1814582.0|6.65|1814582.0|1.0|12.93|5.56|5728534.0|2.3747583243823818|5.09|mi_security_types
MDGL|2024-10-31|245.66|263.54|238.0427|259.34|1353567.0|215.93|311898.0|215.93|311898.0|1.0|13.77|6.64|52682510.0|2.7164689615020734|4.69|mi_security_types
MDXG|2024-10-31|6.22|7.2|6.22|6.85|1670546.0|5.69|423785.0|5.69|423785.0|1.0|9.31|1.25|2252003.0|2.8419533015315093|4.38|mi_security_types
NVST|2024-10-31|22.0|23.0|20.93|20.97|6330581.0|19.23|4087917.0|19.23|4087917.0|1.0|14.4|3.55|35681204.0|2.9009731817844173|3.17|mi_security_types
NXT|2024-10-31|38.88|41.0|36.39|39.82|10332410.0|31.97|5568592.0|31.97|5568592.0|1.0|21.61|2.17|75942102.0|3.9200813262433534|4.44|mi_security_types
ORN|2024-10-31|6.93|7.46|6.01|6.11|1407220.0|5.42|414652.0|5.42|414652.0|1.0|27.86|1.31|1742390.0|4.733263046916184|4.42|mi_security_types
OSPN|2024-10-31|16.75|17.73|16.24|16.68|1839946.0|14.56|317589.0|14.56|317589.0|1.0|15.04|0.69|3662363.0|2.776147959183672|7.47|mi_security_types
PAYC|2024-10-31|189.68|222.3|189.195|209.03|2560033.0|172.25|1238154.0|172.25|1238154.0|1.0|10.12|4.78|84183113.0|2.2965415716359128|4.86|mi_security_types
PTON|2024-10-31|7.88|8.92|7.67|8.5|114868138.0|6.65|25425691.0|6.65|25425691.0|1.0|18.5|21.35|67357898.0|6.816186895810955|7.81|mi_security_types
RBLX|2024-10-31|51.12|52.65|48.0|51.72|37475785.0|43.14|6682811.0|43.14|6682811.0|1.0|18.5|7.02|249059415.0|2.7456288495926877|4.95|mi_security_types
RELY|2024-10-31|18.99|19.9|17.14|17.98|7509230.0|15.26|2713130.0|15.26|2713130.0|1.0|24.44|5.9|18670709.0|3.4052611870436253|4.68|mi_security_types
ROOT|2024-10-31|81.48|118.15|63.12|68.39|13509221.0|40.49|795366.0|40.49|795366.0|1.0|101.23|7.09|7356134.0|6.464329816886001|52.9|mi_security_types
SFM|2024-10-31|135.1|135.1|127.06|128.43|4316117.0|118.84|1629842.0|118.84|1629842.0|1.0|13.68|1.21|112135801.0|1.673672885512336|4.22|mi_security_types
SXC|2024-10-31|9.6|10.425|9.59|10.31|1630902.0|8.62|504304.0|8.62|504304.0|1.0|11.37|2.01|4548924.0|2.2497514086841264|3.0|mi_security_types
TWLO|2024-10-31|80.5|83.3|79.11|80.65|8497102.0|70.57|3337899.0|70.57|3337899.0|1.0|14.07|0.14|112425297.0|1.6315917326261653|5.0|mi_security_types
CHTR|2024-11-01|360.61|382.46|356.7801|366.49|4442323.0|327.61|2175377.0|327.61|2175377.0|1.0|10.07|0.1|285025297.0|3.0035560575074007|4.71|mi_security_types
CPS|2024-11-01|13.71|16.97|13.6676|14.75|858237.0|12.55|297068.0|12.55|297068.0|1.0|9.24|0.0|1206431.0|4.155321570859421|7.2|mi_security_types
GDYN|2024-11-01|17.66|17.66|15.215|15.24|957659.0|15.92|625194.0|15.92|625194.0|1.0|10.93|3.11|3456190.0|2.4478643216080402|3.16|mi_security_types
MD|2024-11-01|13.8|15.42|12.96|15.21|3254426.0|12.32|626036.0|12.32|626036.0|1.0|12.01|0.0|6048503.0|3.1076066790352503|5.97|mi_security_types
MTZ|2024-11-01|138.36|138.87|128.5|130.0|2451701.0|122.89|1454598.0|122.89|1454598.0|1.0|12.59|2.41|81892315.0|2.5430698766608946|3.59|mi_security_types
PESI|2024-11-01|15.15|16.25|14.5|14.84|350717.0|13.42|117606.0|13.42|117606.0|1.0|12.89|0.0|1039076.0|5.378379816904409|3.94|mi_security_types
PRLB|2024-11-01|33.75|38.23|32.71|38.0|1563789.0|27.4|239688.0|27.4|239688.0|1.0|23.18|2.58|4424370.0|2.898852971845674|9.45|mi_security_types
TEAM|2024-11-01|225.45|229.16|214.69|224.35|9591126.0|188.54|3718648.0|188.54|3718648.0|1.0|19.58|0.0|303633045.0|2.8543393595902353|5.01|mi_security_types
TILE|2024-11-01|20.42|23.4594|20.18|23.24|2159813.0|17.47|445341.0|17.47|445341.0|1.0|16.89|0.0|6293838.0|3.414015863930002|5.58|mi_security_types
WAT|2024-11-01|375.0|389.3538|372.15|387.21|1905943.0|323.11|660243.0|323.11|660243.0|1.0|16.06|0.0|126436404.0|2.5608903646259344|5.06|mi_security_types
ATSG|2024-11-04|22.04|22.1|21.85|22.0|15504523.0|17.4|421795.0|17.4|421795.0|1.0|26.67|4.44|6011038.0|3.0574712643678126|36.57|polygon
CC|2024-11-04|20.39|21.25|19.9|20.58|5529810.0|17.82|1621588.0|17.82|1621588.0|1.0|14.42|0.0|28030478.0|3.3409491742825077|3.84|mi_security_types
IART|2024-11-04|22.0|24.9|21.4785|24.12|3689107.0|19.28|2158353.0|19.28|2158353.0|1.0|14.11|2.77|13818151.0|3.3665530527563736|4.52|mi_security_types
IRON|2024-11-04|57.59|62.2599|55.27|58.25|2086530.0|47.13|212328.0|47.13|212328.0|1.0|22.19|5.15|12631363.0|4.871070898123726|7.4|mi_security_types
NGNE|2024-11-04|56.17|73.59|55.0|66.0|962458.0|46.07|91503.0|46.07|91503.0|1.0|21.92|5.33|5394995.0|6.4679349747279|8.66|mi_security_types
ROIC|2024-11-04|17.0|17.17|16.54|16.8|1896886.0|15.59|652719.0|15.59|652719.0|1.0|9.04|0.58|8375596.0|2.17859433702923|3.22|polygon
BOWL|2024-11-05|12.31|12.64|11.3|11.62|1873539.0|10.38|1666539.0|10.38|1666539.0|1.0|18.59|0.48|5742731.0|4.97784200385356|3.77|polygon
EVER|2024-11-05|19.0|19.2|17.11|18.01|1843535.0|17.31|1146810.0|17.31|1146810.0|1.0|9.76|0.52|8557080.0|6.225963522324009|3.35|mi_security_types
GFS|2024-11-05|41.952|42.068|38.6094|41.37|6780826.0|36.01|2592400.0|36.01|2592400.0|1.0|16.5|0.0|44656606.0|4.054151624548736|4.89|mi_security_types
GOGO|2024-11-05|7.73|9.02|7.68|8.53|9432054.0|6.55|1145385.0|6.55|1145385.0|1.0|18.02|0.0|7131599.0|4.304689203925844|7.98|mi_security_types
HCKT|2024-11-05|27.6|28.68|25.36|28.62|338472.0|24.35|102289.0|24.35|102289.0|1.0|13.35|0.54|1696465.0|1.7914344382516854|4.3|mi_security_types
LIND|2024-11-05|10.63|11.97|10.33|11.71|1751658.0|9.35|191927.0|9.35|191927.0|1.0|13.69|0.0|1501244.0|3.9624904507257432|10.49|mi_security_types
MED|2024-11-05|20.8|21.08|18.93|20.4|587717.0|18.81|206343.0|18.81|206343.0|1.0|10.58|5.44|2749857.0|3.3510290878711935|3.86|mi_security_types
PAYO|2024-11-05|9.315|10.35|8.82|10.3|13578521.0|8.52|4804880.0|8.52|4804880.0|1.0|9.33|0.71|14477560.0|2.174966465459425|5.72|mi_security_types
PLTR|2024-11-05|47.86|51.575|46.86|51.13|208868200.0|41.41|75410698.0|41.41|75410698.0|1.0|15.58|0.0|1716012150.0|3.214113223169008|4.51|mi_security_types
QNST|2024-11-05|26.0|26.27|19.37|21.32|3115011.0|20.2|492934.0|20.2|492934.0|1.0|28.71|7.28|4230366.0|4.282072135785006|10.44|mi_security_types
SUPN|2024-11-05|39.37|39.37|33.43|34.74|945125.0|34.7|450627.0|34.7|450627.0|1.0|13.46|2.15|9066379.0|2.456278303828736|3.08|mi_security_types
ABCB|2024-11-06|68.62|71.96|68.62|71.14|1086962.0|62.57|326185.0|62.57|326185.0|1.0|9.67|2.19|20332562.0|2.6250485170894313|3.16|mi_security_types
AIT|2024-11-06|259.65|269.05|255.86|268.64|650148.0|236.2|131649.0|236.2|131649.0|1.0|9.93|2.03|41658294.0|2.198360953187371|3.05|mi_security_types
ARCB|2024-11-06|113.98|123.255|113.98|120.81|1293570.0|104.1|223284.0|104.1|223284.0|1.0|9.49|4.08|19612271.0|3.4811582269795514|5.96|mi_security_types
AX|2024-11-06|73.92|82.95|73.92|81.55|2144553.0|67.61|483174.0|67.61|483174.0|1.0|9.33|3.68|23505308.0|3.3297483466097573|5.33|mi_security_types
BFH|2024-11-06|59.17|63.01|59.0|62.77|2725832.0|52.76|749144.0|52.76|749144.0|1.0|12.15|5.84|29863504.0|3.4637983320697527|4.15|mi_security_types
BKU|2024-11-06|38.54|40.44|38.275|40.43|2644285.0|35.09|579750.0|35.09|579750.0|1.0|9.83|1.24|27988599.0|3.1322924724178614|3.29|mi_security_types
CCB|2024-11-06|69.72|72.96|69.72|70.9|244868.0|63.91|51328.0|63.91|51328.0|1.0|9.09|1.74|3564887.0|3.7927666137648934|3.41|mi_security_types
CLF|2024-11-06|13.2|14.335|13.075|13.94|41247637.0|11.61|36545516.0|11.61|36545516.0|1.0|13.7|0.0|132169877.0|5.035560477420942|3.71|mi_security_types
COF|2024-11-06|190.29|198.3|185.97|190.97|12157316.0|166.05|2489647.0|166.05|2489647.0|1.0|14.6|2.96|394655547.0|2.7553146642577504|4.37|mi_security_types
COIN|2024-11-06|221.479|257.6799|221.11|254.31|35456033.0|193.96|9950753.0|193.96|9950753.0|1.0|14.19|8.21|2067474285.0|6.732610552985889|3.09|mi_security_types
CRL|2024-11-06|228.99|230.02|208.55|214.2|2284545.0|188.68|997754.0|188.68|997754.0|1.0|21.36|5.66|130820964.0|3.0291271692056094|3.27|mi_security_types
CTKB|2024-11-06|5.98|7.4|5.9|7.4|4297437.0|5.44|867845.0|5.44|867845.0|1.0|9.93|13.1|2239316.0|4.155724789915965|8.43|mi_security_types
CXW|2024-11-06|16.96|18.235|16.5|17.58|6542257.0|13.63|1181645.0|13.63|1181645.0|1.0|24.43|3.34|7142819.0|3.589770464311917|8.6|mi_security_types
DFS|2024-11-06|176.99|188.26|175.48|182.55|8220563.0|151.85|1468270.0|151.85|1468270.0|1.0|16.56|2.3|194417997.0|3.3909544193047614|5.6|polygon
EVR|2024-11-06|298.83|324.06|297.52|316.0|1340995.0|271.84|429525.0|271.84|429525.0|1.0|9.93|4.01|88146322.0|2.8968248129151593|3.59|mi_security_types
FHN|2024-11-06|19.1|20.11|19.05|20.1|21766146.0|17.26|3483108.0|17.26|3483108.0|1.0|10.66|1.59|91310773.0|2.282320807813273|3.33|mi_security_types
GBCI|2024-11-06|57.02|58.5|56.3|57.89|1893485.0|52.1|544565.0|52.1|544565.0|1.0|9.44|2.28|22220347.0|2.8256100904853314|3.27|mi_security_types
GEO|2024-11-06|19.34|21.54|19.06|21.5|20190734.0|15.13|5772433.0|15.13|5772433.0|1.0|27.83|6.7|33192237.0|4.452176376168446|7.96|mi_security_types
GPOR|2024-11-06|157.01|157.19|147.76|154.47|696120.0|140.54|212888.0|140.54|212888.0|1.0|11.72|2.14|22919102.0|2.422289536278439|3.95|mi_security_types
HOOD|2024-11-06|27.73|30.06|26.74|29.86|49591636.0|24.96|12947193.0|24.96|12947193.0|1.0|11.1|6.26|349940814.0|4.901156135531133|3.11|mi_security_types
IBOC|2024-11-06|68.82|73.11|68.81|72.52|753472.0|62.9|154902.0|62.9|154902.0|1.0|9.41|2.68|9797256.0|2.676345673404497|4.38|mi_security_types
KRNT|2024-11-06|27.5|29.885|27.03|29.4|1092571.0|24.23|272816.0|24.23|272816.0|1.0|13.5|5.85|5280762.0|4.025028005424206|4.5|mi_security_types
MASI|2024-11-06|173.9|173.9|152.98|167.63|2121457.0|151.56|1309949.0|151.56|1309949.0|1.0|14.74|7.71|88179681.0|2.528074689891794|3.59|mi_security_types
MBWM|2024-11-06|48.39|51.31|48.39|51.16|187474.0|43.9|50311.0|43.9|50311.0|1.0|10.23|2.43|2212053.0|2.8302798568174423|3.58|mi_security_types
MC|2024-11-06|75.44|80.61|74.68|80.49|2133150.0|68.0|542327.0|68.0|542327.0|1.0|10.94|3.44|36507598.0|2.650735294117648|3.83|mi_security_types
MCFT|2024-11-06|20.0|23.0|19.87|22.03|597827.0|17.63|142667.0|17.63|142667.0|1.0|13.44|1.97|2132613.0|2.7428895551413985|4.78|mi_security_types
MRCY|2024-11-06|41.135|42.9265|39.165|42.22|1547616.0|34.19|585775.0|34.19|585775.0|1.0|20.31|5.69|13441868.0|2.8329085363305917|3.88|mi_security_types
MS|2024-11-06|129.51|133.52|127.66|131.49|22598669.0|117.81|4795872.0|117.81|4795872.0|1.0|9.93|1.44|656167890.0|1.6793990323402106|3.38|mi_security_types
NBTB|2024-11-06|48.98|51.215|47.49|50.79|659074.0|44.93|173111.0|44.93|173111.0|1.0|9.01|2.51|6809510.0|2.414072684493338|3.89|mi_security_types
NEXT|2024-11-06|6.64|7.025|6.48|6.86|6258606.0|5.95|1345105.0|5.95|1345105.0|1.0|11.6|10.39|6471206.0|5.06590636254502|5.09|mi_security_types
NOG|2024-11-06|40.2|41.52|38.95|41.06|4983155.0|36.76|1821468.0|36.76|1821468.0|1.0|9.36|2.62|32136325.0|2.452529923830254|5.35|mi_security_types
NUE|2024-11-06|164.69|170.52|160.16|167.74|7506311.0|144.61|1227844.0|144.61|1227844.0|1.0|13.89|1.95|251748447.0|3.1711697472018323|4.0|mi_security_types
OCFC|2024-11-06|19.8|21.21|19.65|21.04|893726.0|17.91|189265.0|17.91|189265.0|1.0|10.55|1.02|3422929.0|3.397942091409431|4.3|mi_security_types
PFS|2024-11-06|20.78|22.0|20.665|21.79|1931498.0|19.04|473401.0|19.04|473401.0|1.0|9.14|2.64|9317825.0|2.5577731092436955|4.0|mi_security_types
QLYS|2024-11-06|153.745|170.0|141.7|159.23|3005964.0|128.23|1509640.0|128.23|1509640.0|1.0|19.9|7.54|45801669.0|2.428950212230254|6.87|mi_security_types
RVLV|2024-11-06|31.4|33.82|29.15|33.28|3986436.0|26.02|1316571.0|26.02|1316571.0|1.0|20.68|4.83|14911280.0|3.942022619962667|5.99|mi_security_types
SMLR|2024-11-06|44.5|44.52|38.91|40.11|828329.0|39.0|775540.0|39.0|775540.0|1.0|14.1|32.74|4393398.0|6.30485347985348|3.99|polygon
SNDX|2024-11-06|21.6|22.26|20.34|21.35|3839712.0|19.69|1733984.0|19.69|1733984.0|1.0|9.7|4.4|12774440.0|3.607668867445404|5.18|mi_security_types
SPIR|2024-11-06|11.81|11.9799|10.85|11.42|514067.0|10.8|219461.0|10.8|219461.0|1.0|9.35|14.53|1321791.0|4.6888227513227525|3.21|mi_security_types
SSB|2024-11-06|106.63|111.99|105.68|111.42|1889810.0|97.73|439446.0|97.73|439446.0|1.0|9.11|2.17|41629810.0|2.7247884112204184|4.05|mi_security_types
STLD|2024-11-06|148.5|155.56|146.98|154.32|4338151.0|135.65|926664.0|135.65|926664.0|1.0|9.47|3.95|139832673.0|3.0414986046021797|3.74|mi_security_types
STRA|2024-11-06|98.38|101.56|94.58|96.42|394073.0|88.1|174111.0|88.1|174111.0|1.0|11.67|1.7|9377926.0|2.15480784822442|3.8|mi_security_types
SYF|2024-11-06|64.58|67.76|64.53|67.51|10815878.0|56.82|3219864.0|56.82|3219864.0|1.0|13.66|3.2|172692764.0|2.357683411273697|3.23|mi_security_types
TMCI|2024-11-06|7.2|7.885|6.89|7.78|3207911.0|5.76|1336281.0|5.76|1336281.0|1.0|25.0|23.61|2241544.0|5.698164682539683|6.34|mi_security_types
UFCS|2024-11-06|21.92|25.28|21.9|24.74|345652.0|19.93|85668.0|19.93|85668.0|1.0|9.98|2.63|1428672.0|2.327790122571858|4.71|mi_security_types
UTI|2024-11-06|18.73|19.27|18.5|19.03|864637.0|17.12|445706.0|17.12|445706.0|1.0|9.4|3.44|4412513.0|2.772488317757012|3.23|mi_security_types
VTMX|2024-11-06|29.75|29.75|23.92|25.18|592429.0|25.51|141452.0|25.51|141452.0|1.0|16.62|2.41|4109825.0|2.964215713725709|3.6|mi_security_types
WBS|2024-11-06|56.28|60.13|55.44|60.11|4515496.0|50.85|547524.0|50.85|547524.0|1.0|10.68|1.21|52297789.0|3.166877370417197|3.3|mi_security_types
WFC|2024-11-06|73.3|74.27|69.95|72.47|63689141.0|64.07|13447215.0|64.07|13447215.0|1.0|14.41|0.58|984679422.0|1.7968628063056034|3.53|mi_security_types
APP|2024-11-07|230.0|257.43|228.1|246.53|18592811.0|168.55|6099615.0|168.55|6099615.0|1.0|36.46|5.93|568352346.0|4.1188922320633985|5.0|mi_security_types
BROS|2024-11-07|43.648|50.24|43.5|44.77|20545626.0|34.94|5989156.0|34.94|5989156.0|1.0|24.92|5.88|67951660.0|2.840747403712487|8.99|mi_security_types
CDMO|2024-11-07|12.28|12.33|12.17|12.24|35037800.0|10.98|1403991.0|10.98|1403991.0|1.0|11.84|10.24|4671774.0|4.151574290918553|61.11|polygon
CWAN|2024-11-07|32.86|35.71|32.25|32.79|6549283.0|28.58|2711522.0|28.58|2711522.0|1.0|14.98|9.46|28655961.0|2.298060581825452|5.53|mi_security_types
EBS|2024-11-07|11.43|12.73|10.9801|11.0|5624293.0|9.2|1618801.0|9.2|1618801.0|1.0|24.24|4.9|10269328.0|7.461723602484474|4.84|mi_security_types
FARO|2024-11-07|21.49|26.32|21.44|25.7|679075.0|18.83|278017.0|18.83|278017.0|1.0|14.13|7.35|1448309.0|3.1973674228055504|7.42|polygon
FRSH|2024-11-07|15.31|16.91|15.23|16.82|16531227.0|13.09|6352331.0|13.09|6352331.0|1.0|16.96|11.98|36469636.0|2.8484120921095704|4.62|mi_security_types
GH|2024-11-07|32.39|33.6379|28.24|28.59|5661884.0|25.29|4294716.0|25.29|4294716.0|1.0|28.07|16.06|29831164.0|4.471614980511779|3.43|mi_security_types
GOLF|2024-11-07|69.36|76.38|69.36|71.01|1345729.0|63.31|478724.0|63.31|478724.0|1.0|9.56|5.06|17311758.0|2.5024144233589825|4.59|mi_security_types
KLG|2024-11-07|18.38|20.02|17.6948|19.65|2560541.0|16.84|1344689.0|16.84|1344689.0|1.0|9.14|2.31|9700101.0|3.2245079742110625|3.93|polygon
LYFT|2024-11-07|17.78|18.82|17.4|17.69|73961421.0|14.4|33833068.0|14.4|33833068.0|1.0|23.47|11.03|142873767.0|3.733829365079365|5.61|mi_security_types
LZ|2024-11-07|9.12|9.305|8.4|9.22|2739628.0|8.15|2307094.0|8.15|2307094.0|1.0|11.9|14.63|5407969.0|2.904206836108675|3.03|mi_security_types
MEOH|2024-11-07|42.5|42.87|40.36|41.84|899322.0|38.97|430387.0|38.97|430387.0|1.0|9.06|0.0|9811661.0|2.5043989882327065|3.58|mi_security_types
MRNA|2024-11-07|56.6|56.695|49.94|50.28|18211730.0|51.81|10681548.0|51.81|10681548.0|1.0|9.25|0.0|234237622.0|4.027793862188767|3.73|mi_security_types
MTSI|2024-11-07|140.0|140.27|130.5|139.14|1479879.0|121.92|888331.0|121.92|888331.0|1.0|14.83|8.47|39000221.0|3.1249824240719914|3.49|mi_security_types
OPFI|2024-11-07|6.0|6.63|5.82|6.62|1237136.0|5.41|337087.0|5.41|337087.0|1.0|10.91|11.55|1397231.0|4.9544494322682855|4.3|mi_security_types
PLNT|2024-11-07|94.1|98.59|92.005|94.17|5418315.0|84.65|3108014.0|84.65|3108014.0|1.0|11.16|7.83|78719570.0|2.6063960847185883|4.91|mi_security_types
SRAD|2024-11-07|13.95|14.61|13.8|14.31|2735295.0|12.65|929406.0|12.65|929406.0|1.0|10.28|2.76|5350170.0|2.9545454545454524|5.22|mi_security_types
UA|2024-11-07|9.25|10.62|9.13|9.94|17982811.0|8.06|3691647.0|8.06|3691647.0|1.0|14.76|2.28|18373853.0|3.1868131868131893|6.87|mi_security_types
UAA|2024-11-07|10.41|11.89|10.16|11.13|37175203.0|8.75|14256655.0|8.75|14256655.0|1.0|18.97|2.7|95712728.0|3.319183673469387|3.48|mi_security_types
Z|2024-11-07|68.545|74.05|67.935|72.63|11628249.0|58.68|6997754.0|58.68|6997754.0|1.0|16.81|0.62|162576775.0|4.148590417762195|4.2|mi_security_types
ZG|2024-11-07|65.0|71.28|64.71|70.09|1573148.0|56.08|1941295.0|56.08|1941295.0|1.0|15.91|0.0|22708745.0|4.190429488485838|3.41|mi_security_types
AMCX|2024-11-08|9.34|9.42|8.4|8.56|2757174.0|8.35|1032326.0|8.35|1032326.0|1.0|11.86|3.09|4680899.0|5.037553464499574|3.88|mi_security_types
AXON|2024-11-08|540.0|611.88|515.0|603.18|3966980.0|468.75|832567.0|468.75|832567.0|1.0|15.2|10.68|201206589.0|2.129546666666668|8.12|mi_security_types
BILL|2024-11-08|78.23|78.9|73.65|77.31|4849115.0|65.9|2725887.0|65.9|2725887.0|1.0|18.71|16.23|65739340.0|3.157077823542164|3.78|mi_security_types
DCTH|2024-11-08|12.0|12.88|10.86|11.06|1119060.0|10.94|357803.0|10.94|357803.0|1.0|9.69|5.39|2959937.0|4.964089840689475|3.04|mi_security_types
DOCS|2024-11-08|58.89|60.9|55.25|58.25|8543154.0|43.42|2891295.0|43.42|2891295.0|1.0|35.63|4.02|46650046.0|2.417516615121405|6.98|mi_security_types
FIVN|2024-11-08|40.1|40.59|36.0001|36.82|6456363.0|32.81|3717121.0|32.81|3717121.0|1.0|22.22|11.11|39454384.0|4.002481821744242|4.34|mi_security_types
FLYW|2024-11-08|20.59|22.24|19.88|20.99|5427563.0|18.3|2452349.0|18.3|2452349.0|1.0|12.51|5.05|12940744.0|3.5346213895394225|5.57|mi_security_types
FTRE|2024-11-08|23.35|25.18|22.58|23.5|7122369.0|18.05|1962772.0|18.05|1962772.0|1.0|29.36|7.31|16941482.0|4.887218045112781|6.43|mi_security_types
INGN|2024-11-08|10.75|11.65|10.29|11.09|937866.0|9.46|261957.0|9.46|261957.0|1.0|13.64|8.86|1267944.0|3.9036544850498323|5.75|mi_security_types
INOD|2024-11-08|30.335|43.65|29.67|42.78|9608570.0|24.34|1250595.0|24.34|1250595.0|1.0|24.63|21.03|9443664.0|5.6606409202958075|17.17|mi_security_types
LITE|2024-11-08|86.5|88.0|81.03|83.85|7369004.0|73.64|2900903.0|73.64|2900903.0|1.0|17.46|15.3|90906542.0|3.318693256770386|4.68|mi_security_types
SEZL|2024-11-08|58.3333|75.6933|51.2833|71.9133|3793338.0|41.745|855594.0|250.46999999999997|142599.0|6.0|39.74|25.35|16854081.0|8.794586177985392|6.59|mi_security_types
TOST|2024-11-08|38.39|38.4|34.71|37.48|28795314.0|32.67|15792452.0|32.67|15792452.0|1.0|17.51|8.79|134094496.0|2.958264025536754|4.95|mi_security_types
UPST|2024-11-08|65.27|82.25|64.59|81.0|39961516.0|55.47|12705499.0|55.47|12705499.0|1.0|17.67|17.42|306606947.0|5.898284787143631|5.65|mi_security_types
WBTN|2024-11-08|12.92|13.1669|10.76|10.83|1361206.0|11.73|659680.0|11.73|659680.0|1.0|10.14|12.79|2816553.0|4.412251857264642|4.76|mi_security_types
XPOF|2024-11-08|14.435|16.51|14.24|16.4|2013531.0|12.7|1326563.0|12.7|1326563.0|1.0|13.66|6.63|3248635.0|5.51867266591676|5.09|mi_security_types
BMY|2024-11-11|60.72|61.08|59.53|59.82|27898366.0|54.14|9218631.0|54.14|9218631.0|1.0|12.15|0.0|444234489.0|2.354345875771809|3.03|mi_security_types
BTDR|2024-11-11|9.99|11.61|9.86|11.34|10464856.0|8.96|3390274.0|8.96|3390274.0|1.0|11.5|25.67|19769761.0|8.762197066326529|3.5|mi_security_types
ELMD|2024-11-11|28.0|28.0199|25.72|26.84|319780.0|25.49|116025.0|25.49|116025.0|1.0|9.85|11.95|1032728.0|2.752395897550863|6.49|mi_security_types
RDNT|2024-11-11|88.0|93.65|84.555|86.38|2676629.0|72.53|838939.0|72.53|838939.0|1.0|21.33|9.0|29021529.0|2.781597762502216|5.95|mi_security_types
RIOT|2024-11-11|14.06|15.87|13.825|14.97|82491023.0|12.81|29607063.0|12.81|29607063.0|1.0|9.76|42.65|224224371.0|7.08782201405152|3.25|mi_security_types
SDIG|2024-11-11|5.9|6.59|5.9|6.49|1567583.0|5.38|767321.0|5.38|767321.0|1.0|9.67|32.51|1943393.0|8.36654407859798|3.19|polygon
ALIT|2024-11-12|172.0|178.5|160.0|169.2|972723.0|149.2|237745.0|7.46|4754900.0|0.05|15.28|10.85|22650050.0|2.8341631558789744|5.74|mi_security_types
EVGO|2024-11-12|6.36|6.63|4.7501|4.89|25222571.0|5.4|8836578.0|5.4|8836578.0|1.0|17.78|0.0|41258477.0|11.46216931216931|4.21|mi_security_types
GENI|2024-11-12|9.0|9.855|8.94|9.47|11033511.0|8.08|3426861.0|8.08|3426861.0|1.0|11.39|19.88|13071126.0|3.841053748231965|5.32|mi_security_types
NVRO|2024-11-12|6.84|6.85|5.04|5.06|2057980.0|5.32|1038973.0|5.32|1038973.0|1.0|28.57|4.72|1803826.0|7.649301825993556|4.42|polygon
SDGR|2024-11-12|23.0|23.65|21.35|22.25|2961433.0|19.54|1279471.0|19.54|1279471.0|1.0|17.71|9.22|11010413.0|4.0365550519081745|4.49|mi_security_types
SE|2024-11-12|109.55|117.52|107.19|107.65|14162099.0|97.46|5975361.0|97.46|5975361.0|1.0|12.41|4.17|277579194.0|2.711288147518396|4.75|mi_security_types
SHOP|2024-11-12|107.52|114.51|106.0|108.92|63946173.0|89.99|19987288.0|89.99|19987288.0|1.0|19.48|14.72|377427398.0|2.5713095105805426|11.42|mi_security_types
AMBC|2024-11-13|13.25|13.25|11.79|12.89|2797807.0|11.7|648965.0|11.7|648965.0|1.0|13.25|4.37|5097102.0|3.029609279609282|5.82|polygon
CAE|2024-11-13|21.11|22.01|20.47|21.53|2118139.0|19.33|462348.0|19.33|462348.0|1.0|9.21|7.09|7751372.0|2.49054024092824|4.33|mi_security_types
CAVA|2024-11-13|168.16|172.4299|146.05|147.3|13077015.0|145.03|5322469.0|145.03|5322469.0|1.0|15.95|9.77|264592923.0|3.252829463854766|6.78|mi_security_types
ETON|2024-11-13|10.0|11.11|9.84|10.6|648520.0|9.17|290612.0|9.17|290612.0|1.0|9.05|9.82|1011502.0|5.526885028820689|3.97|mi_security_types
HNRG|2024-11-13|12.68|13.18|10.92|13.13|2719681.0|10.45|854292.0|10.45|854292.0|1.0|21.34|17.48|5040254.0|7.896787423103213|5.01|mi_security_types
LXEO|2024-11-13|8.65|11.72|7.64|7.64|5967565.0|7.69|183044.0|7.69|183044.0|1.0|12.48|0.0|1811495.0|8.046298532416872|18.51|mi_security_types
NTRA|2024-11-13|155.56|167.79|152.0|160.97|4524099.0|135.12|2496325.0|135.12|2496325.0|1.0|15.13|9.46|115092833.0|3.202666412923965|4.54|mi_security_types
PAY|2024-11-13|32.11|37.0|28.52|33.8|3040599.0|26.61|449540.0|26.61|449540.0|1.0|20.67|9.64|5986159.0|4.272400279164659|11.1|mi_security_types
RIVN|2024-11-13|11.75|13.1|11.46|12.03|119810166.0|10.58|32265833.0|10.58|32265833.0|1.0|11.06|8.96|241790309.0|5.625101269241157|3.94|mi_security_types
RKLB|2024-11-13|19.24|22.55|18.65|18.83|121001251.0|14.66|25153564.0|14.66|25153564.0|1.0|31.24|30.31|132729391.0|5.61021243422335|8.61|mi_security_types
SPOT|2024-11-13|460.26|473.0|445.0001|467.37|12048765.0|419.39|6596682.0|419.39|6596682.0|1.0|9.75|11.03|515190519.0|2.343708379176557|6.56|mi_security_types
SSYS|2024-11-13|10.3|10.6|9.66|10.11|3189949.0|8.39|640781.0|8.39|640781.0|1.0|22.77|17.67|3022929.0|5.606078665077471|5.71|mi_security_types
BZH|2024-11-14|36.35|38.2232|34.41|34.63|1317365.0|31.96|470838.0|31.96|470838.0|1.0|13.74|2.3|8044965.0|3.765376363311283|4.58|mi_security_types
DLO|2024-11-14|10.8|11.78|9.985|10.2|11473305.0|9.04|3050870.0|9.04|3050870.0|1.0|19.47|9.84|6462414.0|4.103192161820479|11.94|mi_security_types
EWCZ|2024-11-14|8.85|8.906|6.155|6.155|3177083.0|8.01|913534.0|8.01|913534.0|1.0|10.49|6.09|2407307.0|4.512216871767434|7.23|mi_security_types
GAMB|2024-11-14|13.0|13.0|11.13|12.43|1205431.0|10.31|271994.0|10.31|271994.0|1.0|26.09|8.76|1031908.0|3.0336705002078426|7.94|mi_security_types
HI|2024-11-14|33.62|35.33|32.97|33.7|1179187.0|30.17|538314.0|30.17|538314.0|1.0|11.44|7.83|10440426.0|3.6633363322126975|3.29|polygon
NN|2024-11-14|14.9|17.02|13.76|14.15|3825187.0|13.56|1641381.0|13.56|1641381.0|1.0|9.88|5.44|11447026.0|6.288453434471136|3.45|mi_security_types
SONO|2024-11-14|15.45|15.8899|13.685|13.75|6215783.0|14.08|4709322.0|14.08|4709322.0|1.0|9.73|4.45|18460336.0|3.621144480519481|3.72|mi_security_types
BE|2024-11-15|20.95|22.5|17.8|21.14|64764263.0|13.28|4366137.0|13.28|4366137.0|1.0|57.76|24.46|64452756.0|6.8257314974182455|8.25|mi_security_types
DESP|2024-11-15|16.73|18.0|16.4409|17.37|5184818.0|14.86|1001600.0|14.86|1001600.0|1.0|12.58|1.78|11948423.0|3.572245721976544|5.73|polygon
CYBN|2024-11-18|13.36|13.88|10.36|10.6|2977326.0|11.6|2158838.0|11.6|2158838.0|1.0|15.17|10.48|1467626.0|8.89433497536946|8.91|polygon
RGNX|2024-11-18|11.11|11.38|9.93|10.15|3073689.0|9.63|1284779.0|9.63|1284779.0|1.0|15.37|0.0|4721943.0|9.109924343569205|4.56|mi_security_types
SYM|2024-11-19|38.15|41.0|35.0|39.02|10132006.0|30.56|3159605.0|30.56|3159605.0|1.0|24.84|3.63|30013397.0|6.5670811518324586|8.68|mi_security_types
GLBE|2024-11-20|48.0|52.265|46.57|47.86|5684633.0|42.74|1992765.0|42.74|1992765.0|1.0|12.31|6.32|31984404.0|2.9365432181295543|6.24|mi_security_types
WIX|2024-11-20|209.0|213.86|198.0|210.27|2685966.0|183.95|826648.0|183.95|826648.0|1.0|13.62|2.19|58600485.0|3.1641284510542467|6.3|mi_security_types
WSM|2024-11-20|172.02|181.4245|167.0|175.04|8432876.0|137.24|4079949.0|137.24|4079949.0|1.0|25.34|6.28|232644050.0|3.4480732397884837|4.09|mi_security_types
ZIM|2024-11-20|29.67|30.15|26.92|27.01|25396764.0|26.78|6109794.0|26.78|6109794.0|1.0|10.79|12.47|105165716.0|5.265096553931503|5.47|mi_security_types
DFH|2024-11-21|30.87|32.38|30.43|30.56|2223508.0|27.91|364953.0|27.91|364953.0|1.0|10.61|2.42|12998699.0|5.531964989507088|5.19|mi_security_types
MSTR|2024-11-21|535.63|543.0|371.8401|397.28|100299591.0|473.83|70212633.0|473.83|70212633.0|1.0|13.04|44.61|6256431099.0|8.508955894368382|3.31|mi_security_types
SNOW|2024-11-21|161.26|174.6484|161.16|171.35|55121595.0|129.12|15555707.0|129.12|15555707.0|1.0|24.89|4.55|583763365.0|3.359615639936273|10.16|mi_security_types
AESI|2024-11-22|23.85|23.99|23.25|23.59|4675272.0|21.51|419566.0|21.51|419566.0|1.0|10.88|7.82|17362916.0|4.282293949657967|4.66|mi_security_types
ARQQ|2024-11-22|12.35|14.45|11.5|12.92|1943977.0|10.67|900378.0|10.67|900378.0|1.0|15.75|45.37|1088778.0|12.563261480787254|8.91|mi_security_types
ESTC|2024-11-22|117.6|118.18|106.53|108.03|7738508.0|94.13|5324914.0|94.13|5324914.0|1.0|24.93|9.38|70511891.0|3.1831509614363136|6.53|mi_security_types
GAP|2024-11-22|25.8|25.89|23.25|24.87|35444173.0|22.04|20166204.0|22.04|20166204.0|1.0|17.06|6.89|90610477.0|3.888028260305935|6.47|mi_security_types
MATW|2024-11-22|29.75|31.56|28.15|30.84|598201.0|25.49|341429.0|25.49|341429.0|1.0|16.71|7.51|3020689.0|3.3025556240542526|3.96|mi_security_types
REPL|2024-11-22|13.68|17.0|13.13|14.93|6068539.0|11.05|882273.0|11.05|882273.0|1.0|23.8|2.6|4818749.0|6.20633484162896|11.58|mi_security_types
ACHR|2024-11-25|6.645|7.9|6.415|7.48|79913268.0|6.04|46572257.0|6.04|46572257.0|1.0|10.02|46.96|80293712.0|7.953760643330179|3.19|mi_security_types
BBIO|2024-11-25|28.81|30.51|26.86|27.19|14615084.0|23.42|2088438.0|23.42|2088438.0|1.0|23.01|4.79|46690657.0|6.0143650115896055|8.01|mi_security_types
BBWI|2024-11-25|36.52|37.54|34.81|35.78|29582160.0|30.71|6853625.0|30.71|6853625.0|1.0|18.92|0.89|133716413.0|3.547588035539843|5.5|mi_security_types
PRTH|2024-11-25|8.88|9.85|8.34|8.74|570829.0|8.02|574825.0|8.02|574825.0|1.0|10.72|0.38|1030232.0|8.986462415390097|3.48|mi_security_types
ARWR|2024-11-26|22.95|24.23|20.847|21.05|8052165.0|18.79|1506078.0|18.79|1506078.0|1.0|22.14|2.79|19224923.0|5.0653843229681454|7.39|mi_security_types
EMBC|2024-11-26|17.18|20.8|17.0|18.7|1872782.0|14.41|572711.0|14.41|572711.0|1.0|19.22|6.9|3725609.0|5.9848319619311985|6.0|mi_security_types
SMTC|2024-11-26|63.5|66.64|57.51|63.11|6885047.0|53.44|3896707.0|53.44|3896707.0|1.0|18.82|16.58|54078793.0|5.294428999144569|5.35|mi_security_types
WWD|2024-11-26|198.51|201.6437|186.81|187.29|1729573.0|179.29|1052740.0|179.29|1052740.0|1.0|10.72|5.52|73950540.0|2.191377895349115|3.23|mi_security_types
AMBA|2024-11-27|79.78|81.32|71.1842|72.44|4987121.0|68.41|2367712.0|68.41|2367712.0|1.0|16.62|19.1|19372254.0|3.443439764445465|10.41|mi_security_types
KODK|2024-11-27|7.32|7.5|6.78|7.14|7583986.0|6.62|3768974.0|6.62|3768974.0|1.0|10.57|44.86|4726279.0|7.305351747949937|5.23|mi_security_types
URBN|2024-11-27|45.57|48.06|44.55|47.49|8113721.0|40.14|4335082.0|40.14|4335082.0|1.0|13.53|8.75|50105145.0|3.2532386646736446|5.37|mi_security_types
GRRR|2024-11-29|5.5|6.33|5.335|6.09|2751728.0|5.03|1528463.0|5.03|1528463.0|1.0|9.34|28.32|1704855.0|7.89477421187163|5.45|mi_security_types
MNSO|2024-12-02|23.01|23.26|22.145|22.82|8567511.0|20.01|2320852.0|20.01|2320852.0|1.0|14.99|19.96|33455942.0|4.3879845791390055|5.23|mi_security_types
NBIS|2024-12-02|26.12|27.9|24.76|25.75|17142170.0|21.99|2856209.0|21.99|2856209.0|1.0|18.78|2.61|60882129.0|8.063990125381666|4.67|mi_security_types
PTCT|2024-12-02|52.08|52.966|49.19|52.07|3542300.0|43.88|428781.0|43.88|428781.0|1.0|18.69|2.07|31131909.0|5.592948300559969|4.71|mi_security_types
CNM|2024-12-03|53.99|57.23|53.17|55.78|9744901.0|48.29|4514549.0|48.29|4514549.0|1.0|11.8|2.53|117872519.0|3.0978611365855078|3.46|mi_security_types
CRDO|2024-12-03|64.445|72.3|64.0|70.69|16634628.0|47.8|6631741.0|47.8|6631741.0|1.0|34.82|4.57|120661449.0|6.171413628212791|5.85|mi_security_types
JANX|2024-12-03|67.17|71.25|59.3043|59.86|7727758.0|40.18|3006372.0|40.18|3006372.0|1.0|67.17|0.0|32539427.0|7.352929673611605|9.72|mi_security_types
MP|2024-12-03|23.07|24.01|22.5028|23.11|12832531.0|20.81|2891346.0|20.81|2891346.0|1.0|10.86|2.77|45118387.0|4.526601221940003|5.22|mi_security_types
PPTA|2024-12-03|10.005|10.89|9.5701|10.59|2122307.0|9.03|608337.0|9.03|608337.0|1.0|10.8|0.0|4231814.0|6.776696725201714|4.28|mi_security_types
VIR|2024-12-03|10.0|10.0|8.95|9.2|4080799.0|8.15|1901575.0|8.15|1901575.0|1.0|22.7|9.54|9944511.0|6.647677475898332|3.15|mi_security_types
CCRN|2024-12-04|18.15|18.33|17.96|18.16|10688922.0|11.16|339338.0|11.16|339338.0|1.0|62.63|4.69|5981675.0|5.117127496159756|18.21|mi_security_types
CRM|2024-12-04|366.81|369.0|356.65|367.87|24733140.0|331.43|12619610.0|331.43|12619610.0|1.0|10.67|0.44|2007041731.0|2.673372097534064|3.62|mi_security_types
MRVL|2024-12-04|112.33|119.88|109.57|118.15|59995896.0|95.91|25015357.0|95.91|25015357.0|1.0|17.12|6.45|825310870.0|3.408321789773151|5.84|mi_security_types
OKTA|2024-12-04|91.0|91.43|82.79|86.11|21083591.0|81.71|9106535.0|81.71|9106535.0|1.0|11.37|6.92|165739992.0|3.2567092679686|7.43|mi_security_types
PSTG|2024-12-04|62.66|67.95|60.2801|65.35|13257254.0|53.54|5738570.0|53.54|5738570.0|1.0|17.03|1.23|119438030.0|3.916337584716366|4.43|mi_security_types
CRMT|2024-12-05|55.42|59.01|52.324|53.0|469041.0|45.7|80686.0|45.7|80686.0|1.0|21.27|0.0|4043405.0|3.6847452328852768|4.45|mi_security_types
FIVE|2024-12-05|119.2|121.9999|113.9|115.97|7271051.0|104.97|4159895.0|104.97|4159895.0|1.0|13.56|18.08|182567210.0|4.091978660569687|3.27|mi_security_types
MEI|2024-12-05|15.2|17.45|13.62|14.02|1876921.0|11.61|431584.0|11.61|431584.0|1.0|30.92|8.61|3034452.0|4.521840777654729|4.87|mi_security_types
NNOX|2024-12-05|7.13|7.8|6.22|6.24|20022230.0|6.28|1756525.0|6.28|1756525.0|1.0|13.54|4.41|8626150.0|7.26000909918107|12.24|mi_security_types
VRNT|2024-12-05|31.16|34.8|31.1|31.96|7156350.0|25.97|1958645.0|25.97|1958645.0|1.0|19.98|6.96|15287591.0|3.6030584740634817|9.32|polygon
ASAN|2024-12-06|20.0|22.54|19.01|22.19|23918113.0|15.46|4497557.0|15.46|4497557.0|1.0|29.37|2.25|23547157.0|3.674829051931251|12.44|mi_security_types
DOCU|2024-12-06|96.0|107.8599|95.33|106.99|19823661.0|83.68|5967296.0|83.68|5967296.0|1.0|14.72|5.01|199005650.0|3.1269632614039864|7.33|mi_security_types
GTLB|2024-12-06|73.5|73.5|65.78|67.19|12931924.0|66.04|5878645.0|66.04|5878645.0|1.0|11.3|4.84|132052202.0|3.983808514320325|5.76|mi_security_types
LULU|2024-12-06|377.0|409.7|377.0|399.6|10928326.0|344.81|4434684.0|344.81|4434684.0|1.0|9.34|8.15|594009501.0|3.097467756569871|6.0|mi_security_types
RBRK|2024-12-06|65.68|72.66|62.06|64.63|17262390.0|53.66|3940398.0|53.66|3940398.0|1.0|22.4|8.56|55434403.0|4.594576966082744|12.54|mi_security_types
ULTA|2024-12-06|428.25|447.67|424.82|428.17|3519063.0|392.87|1857912.0|392.87|1857912.0|1.0|9.01|8.99|370130328.0|3.4440836481715142|3.4|mi_security_types
BILI|2024-12-09|21.3|23.68|21.3|23.21|25005874.0|19.08|4377927.0|19.08|4377927.0|1.0|11.64|0.0|79615678.0|3.7608565438754105|4.6|mi_security_types
FUTU|2024-12-09|92.865|104.99|92.76|98.08|9746744.0|83.27|1787204.0|83.27|1787204.0|1.0|11.52|0.0|188582274.0|4.489955223112423|3.89|mi_security_types
IPG|2024-12-09|32.955|33.05|30.24|30.3|34738737.0|29.26|3557588.0|29.26|3557588.0|1.0|12.63|0.07|147646674.0|2.3862415779709005|6.42|polygon
KOD|2024-12-09|8.92|11.5999|8.775|10.15|1985847.0|7.83|251513.0|7.83|251513.0|1.0|13.92|17.39|2237949.0|6.2738551359241015|4.91|mi_security_types
PTVE|2024-12-09|17.58|17.61|17.34|17.36|10267888.0|14.68|399273.0|14.68|399273.0|1.0|19.75|8.18|4504079.0|4.140764889061894|24.06|polygon
REAL|2024-12-09|7.41|9.29|7.17|8.96|13681275.0|6.44|2199010.0|6.44|2199010.0|1.0|15.06|9.52|12971697.0|5.901952085181896|5.11|mi_security_types
SKY|2024-12-09|114.16|116.49|106.15|108.52|2541852.0|104.22|255934.0|104.22|255934.0|1.0|9.54|0.51|35644701.0|2.5804205389697623|6.48|mi_security_types
TIGR|2024-12-09|7.08|8.49|7.07|7.77|46063042.0|6.15|6054699.0|6.15|6054699.0|1.0|15.12|6.22|25828684.0|4.69883855981417|8.18|mi_security_types
WDAY|2024-12-09|291.6|294.0|278.48|279.91|11581031.0|266.42|3269670.0|266.42|3269670.0|1.0|9.45|6.57|672227515.0|3.33356837217283|3.9|mi_security_types
ALK|2024-12-10|61.45|63.9|60.0301|61.29|7566217.0|54.16|2504728.0|54.16|2504728.0|1.0|13.46|3.06|93082508.0|2.5642013082928905|4.08|mi_security_types
ML|2024-12-10|86.75|89.98|86.3|88.02|1668954.0|77.01|203334.0|77.01|203334.0|1.0|12.65|0.0|16028043.0|7.216994082401171|7.89|polygon
NAMS|2024-12-10|25.0|26.36|22.23|26.19|9602543.0|18.52|612638.0|18.52|612638.0|1.0|34.99|2.49|13592519.0|7.5887457574822585|12.27|mi_security_types
OLLI|2024-12-10|109.25|113.76|106.9|111.02|3750755.0|98.05|2041335.0|98.05|2041335.0|1.0|11.42|0.76|92923128.0|3.7496903911998247|3.39|mi_security_types
QURE|2024-12-10|13.72|17.39|12.8|15.3|61928113.0|7.295|690361.0|7.295|690361.0|1.0|88.07|15.98|5155006.0|7.293057867423873|72.16|mi_security_types
UNFI|2024-12-10|28.2|32.2|28.18|29.62|2751102.0|24.68|1190700.0|24.68|1190700.0|1.0|14.26|2.53|15517935.0|3.580226904376015|4.11|mi_security_types
PDCO|2024-12-11|31.02|31.43|30.95|31.4|9661956.0|23.11|1205277.0|23.11|1205277.0|1.0|34.23|6.94|23306869.0|3.3381343883291072|8.72|polygon
PLAB|2024-12-11|29.69|31.6|27.82|28.06|1974008.0|25.32|953798.0|25.32|953798.0|1.0|17.26|4.37|8200832.0|3.125761679079211|4.83|mi_security_types
REVG|2024-12-11|32.51|35.96|32.32|33.69|2756426.0|29.6|984633.0|29.6|984633.0|1.0|9.83|0.0|10734743.0|3.732504826254822|6.52|polygon
CIEN|2024-12-12|83.67|89.2499|82.0|84.52|11352608.0|73.21|3671862.0|73.21|3671862.0|1.0|14.29|5.31|99564473.0|2.831726735223528|7.24|mi_security_types
LQDT|2024-12-12|31.0|34.89|28.89|33.66|1474054.0|25.75|329160.0|25.75|329160.0|1.0|20.39|4.08|3850365.0|2.090152565880723|9.88|mi_security_types
AVGO|2024-12-13|213.9|228.7|211.11|224.8|121336628.0|180.66|46958170.0|180.66|46958170.0|1.0|18.4|7.44|3434632614.0|3.475917666967152|5.22|mi_security_types
RH|2024-12-13|443.97|457.26|429.07|446.04|3056518.0|381.38|1715390.0|381.38|1715390.0|1.0|16.41|2.88|197843732.0|4.099430264528067|4.86|mi_security_types
TASK|2024-12-13|18.0|18.5962|16.6401|18.46|929658.0|15.97|197436.0|15.97|197436.0|1.0|12.71|6.4|2100347.0|4.506082833884963|5.79|mi_security_types
AEHR|2024-12-16|14.05|15.05|12.62|14.49|7045167.0|11.53|521283.0|11.53|521283.0|1.0|21.86|0.0|7896318.0|6.093173088836579|9.56|mi_security_types
IMMR|2024-12-16|10.16|10.3199|9.31|9.73|2905038.0|9.155|1260166.0|9.155|1260166.0|1.0|10.98|5.84|5801436.0|4.4375438870250425|3.8|mi_security_types
VRDN|2024-12-16|21.01|23.65|20.9517|21.54|8844376.0|17.85|1558661.0|17.85|1558661.0|1.0|17.7|0.0|21476008.0|5.044817927170866|8.09|mi_security_types
CANG|2024-12-17|64.5|69.7|50.2|69.1|316757.0|54.9|175897.0|5.49|1758970.0|0.1|17.49|23.09|1624783.0|8.62581316679677|6.42|mi_security_types
MITK|2024-12-17|11.42|11.56|10.3101|10.93|4059578.0|9.49|2073479.0|9.49|2073479.0|1.0|20.34|8.09|3336586.0|3.305133222941444|8.35|mi_security_types
SEDG|2024-12-17|14.68|15.48|13.58|14.37|13792119.0|12.32|5161633.0|12.32|5161633.0|1.0|19.16|0.0|51931842.0|11.056296382189238|3.03|mi_security_types
TEVA|2024-12-17|19.83|21.05|19.03|20.88|55418888.0|16.51|6926757.0|16.51|6926757.0|1.0|20.11|0.06|136620311.0|3.5022064549623635|6.91|mi_security_types
JBL|2024-12-18|148.165|150.08|141.0|143.69|4765092.0|133.96|1818870.0|133.96|1818870.0|1.0|10.6|0.91|122776957.0|1.6351362880177431|4.44|mi_security_types
NTGR|2024-12-18|30.24|31.55|26.764|26.91|950835.0|25.68|372144.0|25.68|372144.0|1.0|17.76|6.25|8137920.0|3.429544948820652|3.08|mi_security_types
OKLO|2024-12-18|21.41|22.94|18.03|18.38|50038713.0|19.1|7785388.0|19.1|7785388.0|1.0|12.09|3.97|198772080.0|9.608339566192967|4.46|mi_security_types
WOR|2024-12-18|43.78|46.0|41.52|42.14|1033790.0|38.2|423147.0|38.2|423147.0|1.0|14.61|0.0|6792111.0|2.776757666417352|5.58|mi_security_types
XPRO|2024-12-18|12.4|12.4|11.3|11.54|3732003.0|11.09|1169953.0|11.09|1169953.0|1.0|11.81|0.36|14530989.0|4.970114646399583|3.04|mi_security_types
DRI|2024-12-19|177.715|188.82|176.84|183.44|4766160.0|159.87|2673159.0|159.87|2673159.0|1.0|11.16|0.0|206191047.0|2.2940514167761346|3.67|mi_security_types
MESO|2024-12-19|18.68|19.1489|14.35|16.76|3986857.0|12.25|863381.0|12.25|863381.0|1.0|52.49|18.07|2627475.0|5.849737609329446|14.27|mi_security_types
OMER|2024-12-19|9.71|13.6|9.7|10.24|6005354.0|7.46|836612.0|7.46|836612.0|1.0|30.16|0.0|8365326.0|14.078513979318268|5.68|mi_security_types
PRTA|2024-12-19|13.75|17.66|12.1979|16.01|3282601.0|11.95|856864.0|11.95|856864.0|1.0|15.06|0.0|7499143.0|9.518051404662286|6.37|mi_security_types
SOC|2024-12-19|24.045|24.73|21.83|22.26|4033563.0|19.64|1245022.0|19.64|1245022.0|1.0|22.43|0.0|23884569.0|7.716431480942684|3.24|mi_security_types
TRIP|2024-12-19|14.39|14.59|13.645|13.89|8615559.0|12.95|2575678.0|12.95|2575678.0|1.0|11.12|0.0|21762134.0|3.588692774407059|5.33|mi_security_types
AVO|2024-12-20|14.01|15.25|13.74|14.45|2712309.0|12.32|593592.0|12.32|593592.0|1.0|13.72|0.0|2366629.0|3.0638914656771785|12.71|mi_security_types
CLW|2024-12-20|30.0|31.31|28.27|30.26|3504092.0|24.71|643839.0|24.71|643839.0|1.0|21.41|0.73|7934196.0|4.951725732786031|11.21|mi_security_types
HMC|2024-12-23|27.33|27.49|26.32|26.93|6264285.0|23.89|2519569.0|23.89|2519569.0|1.0|14.4|0.8|37651017.0|2.14527895712492|3.81|mi_security_types
PLYA|2024-12-23|12.01|12.7|11.435|12.35|5234834.0|9.61|1086096.0|9.61|1086096.0|1.0|24.97|0.84|9461999.0|3.5946187007581405|4.8|polygon
RUM|2024-12-23|10.0|14.6284|9.66|13.03|86393708.0|7.19|9655917.0|7.19|9655917.0|1.0|39.08|0.0|24003758.0|9.542022650506658|20.82|mi_security_types
ACAD|2024-12-31|18.24|18.805|17.99|18.35|6193419.0|16.69|7347244.0|16.69|7347244.0|1.0|9.29|0.0|25164124.0|4.114396987075238|3.15|mi_security_types
MODG|2025-01-02|8.64|9.3032|8.64|9.0|8799635.0|7.86|2144960.0|7.86|2144960.0|1.0|9.92|2.48|17498718.0|4.552253725917846|3.68|polygon
U|2025-01-02|25.18|26.08|23.36|24.51|33318815.0|22.47|7438443.0|22.47|7438443.0|1.0|12.06|0.49|209508530.0|6.342583762476951|3.19|mi_security_types
CRNC|2025-01-03|10.79|19.89|10.3901|19.33|161799588.0|7.93|1647915.0|7.93|1647915.0|1.0|36.07|1.02|14041292.0|10.748693929021794|78.32|mi_security_types
NUS|2025-01-03|7.67|8.215|7.41|7.53|3450063.0|6.56|486333.0|6.56|486333.0|1.0|16.92|0.0|4477665.0|4.69969512195122|5.0|mi_security_types
IRBT|2025-01-06|10.94|13.06|10.81|12.7|8281540.0|9.91|2971508.0|9.91|2971508.0|1.0|10.39|27.87|7649772.0|7.386550382009515|7.57|polygon
KSCP|2025-01-06|17.3887|17.7877|14.81|15.31|759709.0|14.17|257810.0|14.17|257810.0|1.0|22.71|14.46|1888740.0|10.639479786268776|4.99|mi_security_types
PYCR|2025-01-06|23.36|23.488|22.51|22.86|6693194.0|18.54|813218.0|18.54|813218.0|1.0|26.0|1.09|14898190.0|3.085991678224687|7.32|polygon
AUR|2025-01-07|9.05|9.83|8.1505|8.39|98923737.0|6.5|12084335.0|6.5|12084335.0|1.0|39.23|6.56|72518257.0|9.719780219780223|9.03|mi_security_types
CRMD|2025-01-07|10.13|10.89|9.36|10.3|5658283.0|7.93|496341.0|7.93|496341.0|1.0|27.74|0.0|5857244.0|5.4614483876779|6.5|mi_security_types
ENVX|2025-01-07|12.3813|14.175|12.285|12.5388|24770472.0|10.9025|8880706.0|12.459999999999999|7770617.75|1.1428571428571428|13.56|14.63|49853405.0|8.038130179840794|3.48|mi_security_types
NARI|2025-01-07|78.97|79.5|78.85|79.45|24470507.0|65.0|13319754.0|65.0|13319754.0|1.0|21.49|30.6|68052387.0|5.202307692307693|14.26|polygon
SSTK|2025-01-07|37.04|38.8|34.35|34.5|5091805.0|30.05|774916.0|30.05|774916.0|1.0|23.26|3.02|10103677.0|5.576871880199667|11.36|mi_security_types
TIL|2025-01-07|22.39|27.6916|21.6|23.37|476029.0|20.35|69751.0|20.35|69751.0|1.0|10.02|7.16|1705615.0|8.375359775359778|5.41|mi_security_types
UNF|2025-01-07|236.775|243.7|195.5|204.69|1181852.0|169.33|71176.0|169.33|71176.0|1.0|39.83|0.0|11698225.0|2.6571614176882004|15.52|mi_security_types
ANGO|2025-01-08|11.76|13.129|11.5|12.94|4428200.0|9.4|908535.0|9.4|908535.0|1.0|25.11|4.68|4425213.0|4.56276595744681|6.56|mi_security_types
LFVN|2025-01-08|22.0|23.9999|19.21|19.97|741860.0|16.45|91380.0|16.45|91380.0|1.0|33.74|0.0|1434255.0|8.700390794615716|7.9|mi_security_types
ARHS|2025-01-10|10.86|11.285|10.5|10.88|4981063.0|9.46|1282435.0|9.46|1282435.0|1.0|14.8|2.94|12131835.0|5.874207188160673|4.04|mi_security_types
CEG|2025-01-10|282.49|310.0|280.13|305.19|14707183.0|243.84|8414175.0|243.84|8414175.0|1.0|15.85|9.0|587116001.0|4.5455363001499824|4.92|mi_security_types
OPFI|2025-01-10|9.38|9.48|8.65|9.29|4959331.0|8.22|3145878.0|8.22|3145878.0|1.0|14.11|13.85|4122857.0|8.336287799791451|6.13|mi_security_types
WBA|2025-01-10|10.6|12.0|10.5|11.76|104115879.0|9.22|22071539.0|9.22|22071539.0|1.0|14.97|0.33|195109258.0|4.535249457700648|4.02|polygon
ITCI|2025-01-13|127.95|128.0|126.9|127.19|35895074.0|94.87|4132139.0|94.87|4132139.0|1.0|34.87|16.01|41160480.0|3.3967534520923355|51.28|polygon
OPCH|2025-01-13|27.48|27.84|26.21|27.72|5928437.0|23.99|1842415.0|23.99|1842415.0|1.0|14.55|1.78|37819186.0|2.6266896921336302|3.5|mi_security_types
RRGB|2025-01-13|6.04|6.27|5.3|5.47|1191257.0|5.36|113147.0|5.36|113147.0|1.0|12.69|0.75|1093598.0|5.812100213219613|5.28|mi_security_types
SAGE|2025-01-13|7.7|7.88|7.355|7.5|12090986.0|5.55|2168557.0|5.55|2168557.0|1.0|38.74|0.0|6537377.0|7.7075933075933065|7.59|polygon
APLD|2025-01-14|9.53|9.715|8.25|8.54|69563284.0|7.765|14743968.0|7.765|14743968.0|1.0|22.73|0.0|120687195.0|11.049489467390302|4.36|mi_security_types
HEES|2025-01-14|90.47|90.66|90.21|90.29|13288156.0|43.94|310977.0|43.94|310977.0|1.0|105.89|0.02|11247581.0|3.356037453670587|56.37|polygon
KBH|2025-01-14|71.63|72.64|65.3|67.17|5900725.0|64.08|2889612.0|64.08|2889612.0|1.0|11.78|1.41|63833439.0|2.6766541822721566|4.71|mi_security_types
QTRX|2025-01-14|10.17|10.39|8.46|8.57|1763947.0|9.11|1280331.0|9.11|1280331.0|1.0|11.64|0.0|4724810.0|9.025795828759605|3.06|mi_security_types
BECN|2025-01-15|121.0|121.22|117.04|117.18|6309401.0|108.85|620934.0|108.85|620934.0|1.0|11.16|6.74|53184905.0|2.4942253428702665|11.66|polygon
COMP|2025-01-15|6.37|6.845|6.0|6.66|13892862.0|5.58|5429486.0|5.58|5429486.0|1.0|14.16|4.3|25320927.0|3.8463901689708146|3.13|mi_security_types
PROP|2025-01-15|5.56|7.79|5.34|7.72|1229745.0|5.045|235868.0|5.045|235868.0|1.0|10.21|0.0|1111775.0|12.661192127990939|6.76|mi_security_types
TIGO|2025-01-15|26.94|27.98|26.895|26.91|790121.0|24.61|286742.0|24.61|286742.0|1.0|9.47|3.23|4642366.0|2.1376037615371195|4.11|mi_security_types
FTAI|2025-01-16|126.86|131.2|118.5214|120.0|8449376.0|116.08|20029142.0|116.08|20029142.0|1.0|9.29|0.0|275485248.0|12.0296162744905|3.08|mi_security_types
EOLS|2025-01-21|12.98|14.49|12.74|13.48|2935318.0|10.51|563084.0|10.51|563084.0|1.0|23.5|10.98|6152744.0|5.402066059535137|4.22|mi_security_types
TEM|2025-01-21|42.84|49.83|41.75|47.64|33902978.0|35.15|2439022.0|35.15|2439022.0|1.0|21.88|10.43|112216568.0|9.804877057508639|8.65|mi_security_types
NFLX|2025-01-22|99.8025|99.9|95.076|95.399|142732050.0|86.968|98413510.0|869.6800000000001|9841351.0|10.0|14.76|4.98|2527921977.0|2.7849652417309465|4.28|mi_security_types
ORCL|2025-01-22|191.51|191.99|180.57|184.22|48028518.0|172.57|30232048.0|172.57|30232048.0|1.0|10.98|12.12|1146252390.0|2.4197013220308112|5.52|mi_security_types
HZO|2025-01-23|31.89|33.28|29.8|32.37|1083620.0|27.94|341766.0|27.94|341766.0|1.0|14.14|5.91|5466506.0|4.484098578586767|4.48|mi_security_types
KNX|2025-01-23|60.52|61.5099|57.0|57.59|6091608.0|55.0|3508490.0|55.0|3508490.0|1.0|10.04|1.42|96045004.0|2.788298701298701|3.29|mi_security_types
LYTS|2025-01-23|22.59|25.5|22.1659|24.72|1039210.0|19.78|184736.0|19.78|184736.0|1.0|14.21|7.85|1724489.0|2.848114979055322|8.47|mi_security_types
TAL|2025-01-23|10.75|11.09|10.24|11.07|28603173.0|9.13|11093291.0|9.13|11093291.0|1.0|17.74|0.0|44743316.0|4.815365357534029|5.46|mi_security_types
DAN|2025-01-24|15.3|16.1059|15.125|15.2|5889193.0|13.23|1771592.0|13.23|1771592.0|1.0|15.65|12.98|14417289.0|3.561710398445092|4.78|mi_security_types
NVO|2025-01-24|89.97|89.97|86.57|87.97|27095411.0|81.1|6765777.0|81.1|6765777.0|1.0|10.94|3.06|567944033.0|3.024775409547295|3.2|mi_security_types
TWLO|2025-01-24|137.54|141.4|133.51|136.23|17519408.0|113.4|3592121.0|113.4|3592121.0|1.0|21.29|4.33|217416769.0|3.563781809019905|8.97|mi_security_types
AKRO|2025-01-27|57.26|58.4|48.4705|51.71|15270330.0|26.18|1271188.0|26.18|1271188.0|1.0|118.72|4.64|24491097.0|5.635163156171559|18.14|polygon
ETNB|2025-01-27|10.6|11.77|8.71|9.0|26113277.0|7.13|1430837.0|7.13|1430837.0|1.0|48.67|13.0|6065391.0|5.737026647966341|27.02|polygon
LGTY|2025-01-27|14.19|14.195|14.09|14.12|2688091.0|11.32|163107.0|11.32|163107.0|1.0|25.35|2.72|1846371.0|3.090737001514386|17.0|polygon
BKSY|2025-01-28|15.81|17.39|13.76|14.02|7991883.0|13.16|1896207.0|13.16|1896207.0|1.0|20.14|12.57|11047740.0|9.1451367781155|6.34|mi_security_types
SGRY|2025-01-28|25.5|25.85|24.45|25.75|9133787.0|21.25|3017997.0|21.25|3017997.0|1.0|20.0|4.58|17173018.0|3.8339831932773105|9.29|mi_security_types
EAT|2025-01-29|176.58|181.09|171.2|179.79|4406909.0|154.61|1391882.0|154.61|1391882.0|1.0|14.21|3.42|140444345.0|3.357041218919493|4.18|mi_security_types
FFIV|2025-01-29|307.0|308.0|277.14|300.46|2423121.0|269.72|1321576.0|269.72|1321576.0|1.0|13.82|2.55|113112315.0|2.075909408698963|4.91|mi_security_types
FNA|2025-01-29|13.11|13.13|12.98|12.99|20937104.0|12.0|873893.0|12.0|873893.0|1.0|9.25|5.73|5317109.0|4.988035714285715|40.28|polygon
NXT|2025-01-29|49.9|49.99|46.43|49.24|11850759.0|39.62|4786209.0|39.62|4786209.0|1.0|25.95|0.0|109881529.0|5.952981899473573|4.35|mi_security_types
PACK|2025-01-29|7.01|8.6207|6.81|8.43|14745310.0|5.74|225762.0|5.74|225762.0|1.0|22.13|0.0|1106821.0|4.36411149825784|79.63|mi_security_types
PL|2025-01-29|6.25|6.25|5.18|5.55|24549197.0|5.46|7539719.0|5.46|7539719.0|1.0|14.47|22.97|14646882.0|7.284929356357928|5.01|mi_security_types
ABG|2025-01-30|300.02|312.56|293.07|305.86|915061.0|274.31|213614.0|274.31|213614.0|1.0|9.37|6.9|36043453.0|2.54193639104871|5.37|mi_security_types
ACMR|2025-01-30|19.53|21.1394|19.0|20.54|4648708.0|17.48|559715.0|17.48|559715.0|1.0|11.73|3.43|17752367.0|5.522719843085978|4.13|mi_security_types
FLG|2025-01-30|10.57|11.36|10.42|11.06|17188920.0|9.6|5267124.0|9.6|5267124.0|1.0|10.1|2.24|43096098.0|3.6322916666666627|3.45|mi_security_types
IBM|2025-01-30|250.0|261.8|247.01|258.27|15381890.0|228.63|7079804.0|228.63|7079804.0|1.0|9.35|2.41|784616716.0|1.898147974581513|4.15|mi_security_types
ONEW|2025-01-30|18.0|20.15|16.71|17.46|476677.0|15.35|195958.0|15.35|195958.0|1.0|17.26|0.0|2551607.0|6.070125639832482|3.12|mi_security_types
OSK|2025-01-30|108.01|114.73|106.26|113.26|2342210.0|95.63|785497.0|95.63|785497.0|1.0|12.95|0.0|49390211.0|2.1407956259990155|4.22|mi_security_types
TEAM|2025-01-31|320.51|324.37|300.79|306.78|8332696.0|266.95|4077010.0|266.95|4077010.0|1.0|20.06|4.2|448383950.0|3.547074090921253|4.56|mi_security_types
VIAV|2025-01-31|12.12|12.907|11.88|12.04|17601288.0|9.99|2408339.0|9.99|2408339.0|1.0|21.32|2.88|13565698.0|3.1989131989131967|12.03|mi_security_types
KC|2025-02-03|14.92|16.34|14.57|15.14|11322524.0|12.57|3002992.0|12.57|3002992.0|1.0|18.7|16.5|17162464.0|7.217297420161382|4.99|mi_security_types
SAIA|2025-02-03|532.99|532.99|461.8203|470.41|1139427.0|480.11|575254.0|480.11|575254.0|1.0|11.01|0.0|148510136.0|3.7791190709271962|3.33|mi_security_types
SSYS|2025-02-03|10.84|11.41|10.48|11.31|4668620.0|9.31|293138.0|9.31|293138.0|1.0|16.43|0.0|3742354.0|5.374251956421667|10.61|mi_security_types
TGI|2025-02-03|25.18|25.34|25.08|25.1|20855528.0|18.74|677489.0|18.74|677489.0|1.0|34.36|0.0|10068688.0|3.2228998322915086|35.62|polygon
ATI|2025-02-04|64.005|66.0|61.66|63.72|4646179.0|57.96|2400859.0|57.96|2400859.0|1.0|10.43|2.97|64275211.0|3.25798580301686|3.47|mi_security_types
PLTR|2025-02-04|102.8|106.91|100.51|103.83|230806694.0|83.74|126592731.0|83.74|126592731.0|1.0|22.76|11.0|5140248933.0|4.714021290388618|3.23|mi_security_types
AVNW|2025-02-05|25.0|26.83|24.68|26.35|1187439.0|20.55|484014.0|20.55|484014.0|1.0|21.65|13.66|2279256.0|4.347514772332294|7.42|mi_security_types
CRTO|2025-02-05|46.5|47.265|44.46|45.17|1428238.0|38.4|473669.0|38.4|473669.0|1.0|21.09|2.54|17012253.0|2.953962053571433|3.27|mi_security_types
MAT|2025-02-05|21.27|21.35|20.18|20.84|18416580.0|18.07|4922660.0|18.07|4922660.0|1.0|17.71|1.63|46733248.0|2.357893904656493|6.68|mi_security_types
MRCY|2025-02-05|52.25|52.25|48.06|49.88|3390913.0|42.09|658319.0|42.09|658319.0|1.0|24.14|6.1|14816528.0|3.5211960764348493|8.72|mi_security_types
NOV|2025-02-05|16.18|16.655|15.22|16.43|13471419.0|14.58|3961032.0|14.58|3961032.0|1.0|10.97|2.03|47237431.0|3.137370174407211|4.05|mi_security_types
PLCE|2025-02-05|10.13|11.5|9.86|11.11|1371277.0|9.15|265530.0|9.15|265530.0|1.0|10.71|0.0|2352396.0|4.80679156908665|5.0|mi_security_types
AMSC|2025-02-06|28.0|35.4399|26.8601|34.24|6587335.0|25.52|1493744.0|25.52|1493744.0|1.0|9.72|0.79|21658554.0|7.010775862068966|7.21|mi_security_types
HSAI|2025-02-06|15.33|17.55|15.3|16.81|7424970.0|13.89|3087874.0|13.89|3087874.0|1.0|10.37|0.0|32020155.0|8.426977270389795|3.47|mi_security_types
MATW|2025-02-06|30.5|30.9599|28.1|29.47|729067.0|26.74|1038244.0|26.74|1038244.0|1.0|14.06|0.0|4822233.0|4.465113794208786|3.28|mi_security_types
MBX|2025-02-06|12.9|14.23|12.21|12.26|942127.0|11.25|152720.0|11.25|152720.0|1.0|14.67|12.39|2984236.0|10.857587301587303|3.38|mi_security_types
NVST|2025-02-06|22.47|22.68|21.06|21.79|6847655.0|20.57|4921988.0|20.57|4921988.0|1.0|9.24|2.75|41677140.0|3.439613862073755|3.21|mi_security_types
PTON|2025-02-06|8.91|9.755|8.2|8.49|65068515.0|7.58|13817774.0|7.58|13817774.0|1.0|17.55|3.69|78477731.0|5.927252167357704|5.96|mi_security_types
RL|2025-02-06|285.5|289.33|270.53|273.14|2446928.0|249.0|936630.0|249.0|936630.0|1.0|14.66|1.22|164885831.0|2.88339070567986|3.46|mi_security_types
TPR|2025-02-06|87.75|87.8749|81.5|82.2|15057105.0|73.38|5293577.0|73.38|5293577.0|1.0|19.58|1.2|306823652.0|2.9804442627418894|3.28|mi_security_types
TTMI|2025-02-06|30.41|30.41|26.61|26.72|2539606.0|24.78|1166468.0|24.78|1166468.0|1.0|22.72|3.94|15044707.0|3.918165571313271|3.81|mi_security_types
AFRM|2025-02-07|69.9|76.88|68.3|75.22|28722462.0|61.75|11196315.0|61.75|11196315.0|1.0|13.2|7.13|284053960.0|4.777617119722381|5.04|mi_security_types
DOCS|2025-02-07|72.5|80.71|71.5|79.23|10264763.0|58.26|3209400.0|58.26|3209400.0|1.0|24.44|1.98|75710214.0|3.2645284684419575|6.42|mi_security_types
EXPE|2025-02-07|194.72|205.1152|194.0621|202.37|9383462.0|172.57|3907756.0|172.57|3907756.0|1.0|12.84|2.43|288575989.0|3.596672985703522|5.09|mi_security_types
G|2025-02-07|54.93|56.76|54.33|54.95|4185978.0|49.4|1261052.0|49.4|1261052.0|1.0|11.19|3.91|54613161.0|1.8568392134181593|3.01|mi_security_types
LEU|2025-02-07|94.9|111.9|86.9|108.91|4301548.0|81.81|669491.0|81.81|669491.0|1.0|16.0|3.66|53139957.0|8.961862852951958|5.8|mi_security_types
PGY|2025-02-07|12.16|12.88|11.85|12.5|5077758.0|11.07|4203164.0|11.07|4203164.0|1.0|9.85|23.27|13643854.0|6.171635049683831|3.2|mi_security_types
PINS|2025-02-07|40.89|40.9|38.85|40.0|50875917.0|33.59|21575693.0|33.59|21575693.0|1.0|21.73|2.1|355678110.0|2.984540466975718|4.57|mi_security_types
PRO|2025-02-07|28.83|29.84|26.65|27.29|1479041.0|24.92|672849.0|24.92|672849.0|1.0|15.69|6.22|9966992.0|3.84544829167622|3.4|polygon
SWI|2025-02-07|18.27|18.55|18.26|18.31|10073662.0|15.03|299330.0|15.03|299330.0|1.0|21.56|1.01|4900373.0|2.364318981085447|27.49|polygon
AXSM|2025-02-10|123.44|132.2491|116.81|127.08|4405305.0|105.76|868718.0|105.76|868718.0|1.0|16.72|0.0|98789094.0|4.319818659498595|4.41|mi_security_types
BOOM|2025-02-10|8.81|9.13|8.5|8.56|572126.0|7.92|181793.0|7.92|181793.0|1.0|11.24|0.13|1259127.0|5.9032287157287175|3.0|mi_security_types
CTRN|2025-02-10|26.48|28.29|25.7|27.83|251376.0|23.91|136602.0|23.91|136602.0|1.0|10.75|0.59|1802204.0|4.528828344386689|3.45|mi_security_types
MNDY|2025-02-10|315.11|342.64|295.47|326.58|6396473.0|258.24|1574402.0|258.24|1574402.0|1.0|22.02|3.99|222131727.0|4.911206629491942|6.41|mi_security_types
ATEX|2025-02-11|35.5|39.72|35.25|36.16|861878.0|28.52|57646.0|28.52|57646.0|1.0|24.47|0.71|2610464.0|3.950160288519333|6.4|mi_security_types
GOLF|2025-02-11|70.79|72.44|67.88|68.54|1892876.0|63.83|244221.0|63.83|244221.0|1.0|10.9|0.0|16421270.0|3.370560193370787|5.86|mi_security_types
LSCC|2025-02-11|62.62|63.7874|57.9406|58.64|7022509.0|54.47|4539485.0|54.47|4539485.0|1.0|14.96|2.21|112065483.0|4.776167746334814|3.27|mi_security_types
TVTX|2025-02-11|24.07|25.29|23.01|23.75|6409820.0|21.1|1796272.0|21.1|1796272.0|1.0|14.08|4.35|24827567.0|5.616046039268785|4.49|mi_security_types
CFLT|2025-02-12|33.0|37.9|32.33|37.65|22929134.0|30.1|10903934.0|30.1|10903934.0|1.0|9.63|3.94|109604796.0|5.258163265306125|4.7|polygon
CVS|2025-02-12|60.61|64.11|60.5|63.22|36562085.0|55.0|12665542.0|55.0|12665542.0|1.0|10.2|1.83|637429280.0|2.8850649350649347|3.19|mi_security_types
MCY|2025-02-12|59.97|62.84|52.59|54.74|3137899.0|50.09|1276595.0|50.09|1276595.0|1.0|19.72|1.5|45539520.0|4.722513760944582|3.05|mi_security_types
SMCI|2025-02-12|42.3|43.89|38.86|39.68|161454157.0|38.61|153179103.0|38.61|153179103.0|1.0|9.56|43.8|1055605166.0|7.521127021127021|3.19|mi_security_types
UPST|2025-02-12|83.44|90.44|80.0|88.77|35335895.0|67.34|13487903.0|67.34|13487903.0|1.0|23.91|6.6|248548235.0|6.229199372056515|8.04|mi_security_types
APP|2025-02-13|499.34|525.15|449.0|471.67|19398871.0|380.32|9393012.0|380.32|9393012.0|1.0|31.29|4.07|1429514615.0|5.36842846625398|4.61|mi_security_types
ASND|2025-02-13|138.75|147.68|137.87|142.49|1501934.0|126.14|838892.0|126.14|838892.0|1.0|10.0|5.57|54395871.0|4.4968515708170065|3.35|mi_security_types
BROS|2025-02-13|84.56|86.4192|80.17|83.54|13876795.0|64.71|5692537.0|64.71|5692537.0|1.0|30.68|2.2|131453191.0|3.312128838554429|5.96|mi_security_types
CROX|2025-02-13|110.65|111.6334|103.65|110.05|7482489.0|88.83|3039116.0|88.83|3039116.0|1.0|24.56|0.0|129244158.0|3.8006625818175968|4.62|mi_security_types
EEFT|2025-02-13|104.0|108.93|102.03|103.91|1206884.0|94.42|517530.0|94.42|517530.0|1.0|10.15|0.0|26258693.0|2.3914424909976697|4.14|mi_security_types
HOOD|2025-02-13|62.09|66.91|61.2|63.8|77989658.0|55.91|48482717.0|55.91|48482717.0|1.0|11.05|7.73|1010883158.0|4.959207399647394|3.39|mi_security_types
IRDM|2025-02-13|31.1|33.17|30.2|31.99|4361190.0|27.72|1353045.0|27.72|1353045.0|1.0|12.19|0.0|28916983.0|3.7466501752216037|3.99|mi_security_types
LECO|2025-02-13|217.87|220.36|208.59|213.81|881488.0|194.0|331654.0|194.0|331654.0|1.0|12.3|1.44|43871200.0|2.141870397643594|3.55|mi_security_types
MGM|2025-02-13|38.55|40.75|38.05|40.37|17992443.0|34.37|7460807.0|34.37|7460807.0|1.0|12.16|0.64|156307919.0|2.3837025645288645|3.88|mi_security_types
OPRT|2025-02-13|6.87|7.75|6.2|6.4|3988252.0|5.91|1291403.0|5.91|1291403.0|1.0|16.24|27.92|1103877.0|6.015349286922893|12.37|mi_security_types
ABNB|2025-02-14|158.185|163.93|156.93|161.42|21649318.0|141.04|12745328.0|141.04|12745328.0|1.0|12.16|8.83|528722835.0|2.771067984766228|4.62|mi_security_types
BILI|2025-02-14|22.0|22.7461|21.48|21.99|18343160.0|19.82|10269576.0|19.82|10269576.0|1.0|11.0|13.19|80966379.0|5.0739152371342096|3.23|mi_security_types
ELME|2025-02-14|17.3|18.08|17.05|17.23|2191601.0|15.49|659747.0|15.49|659747.0|1.0|11.68|1.71|7440251.0|2.0912109194872253|4.32|mi_security_types
FROG|2025-02-14|43.0|43.0|39.36|39.8|4889399.0|37.71|2657746.0|37.71|2657746.0|1.0|14.03|5.25|30956490.0|3.5590976247300836|4.44|mi_security_types
GT|2025-02-14|8.92|10.0179|8.88|9.58|21666543.0|8.17|9014347.0|8.17|9014347.0|1.0|9.18|0.0|42635754.0|3.6942647315964363|4.5|mi_security_types
KAI|2025-02-14|400.0|403.37|375.01|388.46|587273.0|354.19|125350.0|354.19|125350.0|1.0|12.93|0.0|25607454.0|3.0842828506088336|7.85|mi_security_types
PONY|2025-02-14|17.8|17.9|16.02|16.54|3480653.0|14.86|1009362.0|14.86|1009362.0|1.0|19.78|14.22|7827735.0|5.705633532013074|4.15|mi_security_types
RCEL|2025-02-14|9.92|11.25|9.7|10.57|952295.0|8.78|229628.0|8.78|229628.0|1.0|12.98|1.97|1230354.0|4.6172307191669395|6.62|mi_security_types
ROKU|2025-02-14|100.79|104.96|96.16|99.07|18474134.0|86.8|10325866.0|86.8|10325866.0|1.0|16.12|8.28|230089394.0|4.40707702435813|5.64|mi_security_types
THS|2025-02-14|38.33|40.77|32.58|33.06|2750687.0|33.26|1504157.0|33.26|1504157.0|1.0|15.24|0.85|16181220.0|2.7929301606391213|5.05|polygon
AGRO|2025-02-18|10.86|11.13|10.6|10.98|2955472.0|9.79|411060.0|9.79|411060.0|1.0|10.93|1.24|3697977.0|2.122063329928501|7.27|mi_security_types
OSCR|2025-02-18|15.12|16.6999|14.7112|15.85|13559787.0|13.46|3728349.0|13.46|3728349.0|1.0|12.33|3.06|54213371.0|7.793462109955421|3.06|mi_security_types
PCT|2025-02-18|10.72|11.525|10.02|10.9|7287347.0|9.31|2272678.0|9.31|2272678.0|1.0|15.15|9.85|18274183.0|5.883381924198251|3.51|mi_security_types
WGS|2025-02-18|94.97|113.9199|92.63|112.76|5041050.0|76.35|1267941.0|76.35|1267941.0|1.0|24.39|12.61|69203060.0|8.902292075965946|4.54|mi_security_types
ADEA|2025-02-19|14.99|17.27|14.66|16.39|2574927.0|13.47|463863.0|13.47|463863.0|1.0|11.28|3.94|5175274.0|2.4233746950896182|6.5|mi_security_types
ANDE|2025-02-19|47.13|51.584|46.39|47.81|927323.0|40.77|423765.0|40.77|423765.0|1.0|15.6|0.94|8880193.0|2.5785241248817408|4.11|mi_security_types
APPN|2025-02-19|38.11|41.05|36.55|37.23|2156712.0|32.04|809341.0|32.04|809341.0|1.0|18.95|1.23|10913890.0|4.908150526128057|5.4|mi_security_types
CVI|2025-02-19|20.71|22.2|19.49|19.86|3453443.0|18.49|1426468.0|18.49|1426468.0|1.0|12.01|1.48|14012383.0|4.444023796646834|4.61|mi_security_types
GRMN|2025-02-19|238.0|246.5|229.33|241.93|3142750.0|214.78|1358520.0|214.78|1358520.0|1.0|10.81|2.46|151445386.0|2.4967940616976825|4.16|mi_security_types
PEN|2025-02-19|296.1|310.0|290.11|303.76|1816341.0|271.14|716997.0|271.14|716997.0|1.0|9.21|3.87|103981664.0|2.267774159896311|3.95|mi_security_types
RBA|2025-02-19|106.21|106.9|103.44|104.72|3706383.0|96.56|1964145.0|96.56|1964145.0|1.0|9.99|3.31|81761064.0|1.8249201088886229|3.46|mi_security_types
ROCK|2025-02-19|65.37|71.07|64.64|64.8|560095.0|57.99|236875.0|57.99|236875.0|1.0|12.73|0.0|9654597.0|2.6605449215381967|3.17|mi_security_types
SEDG|2025-02-19|22.765|23.7697|19.5|19.63|30861293.0|16.93|7569814.0|16.93|7569814.0|1.0|34.47|27.39|43018425.0|6.125601215087335|8.73|mi_security_types
UIS|2025-02-19|7.4|7.54|5.88|5.94|1685552.0|6.69|595015.0|6.69|595015.0|1.0|10.61|0.0|2115420.0|4.500640614990392|4.88|mi_security_types
AMPL|2025-02-20|14.6|14.88|13.1059|14.44|4087662.0|11.85|1175346.0|11.85|1175346.0|1.0|23.21|0.0|5670309.0|4.1849909584086795|7.24|mi_security_types
BABA|2025-02-20|137.81|144.51|131.41|135.97|118848968.0|125.79|35155218.0|125.79|35155218.0|1.0|9.56|13.0|3608009004.0|4.214217573506865|3.46|mi_security_types
CADL|2025-02-20|11.625|13.68|11.1183|12.21|5068036.0|10.47|2456786.0|10.47|2456786.0|1.0|11.03|26.3|6085300.0|6.230386137262927|5.36|mi_security_types
CWAN|2025-02-20|31.77|32.0|29.36|29.94|13146088.0|27.04|3288060.0|27.04|3288060.0|1.0|17.49|0.48|45436220.0|2.8126056635672017|7.44|mi_security_types
GDS|2025-02-20|49.65|52.5|45.435|48.5|10590762.0|43.01|7321715.0|43.01|7321715.0|1.0|15.44|47.04|61189403.0|6.637675623609125|3.19|mi_security_types
HLF|2025-02-20|7.225|8.4|6.7849|8.02|23903769.0|5.62|3670099.0|5.62|3670099.0|1.0|28.56|9.98|12398612.0|4.942806304016271|10.25|mi_security_types
LUNG|2025-02-20|7.6|9.37|7.6|8.78|2983336.0|6.64|578485.0|6.64|578485.0|1.0|14.46|0.0|1156718.0|6.094987091222031|12.99|mi_security_types
SHAK|2025-02-20|127.79|129.0|119.1|123.61|4496413.0|111.23|2318016.0|111.23|2318016.0|1.0|14.89|4.38|127278330.0|3.916158282066757|3.67|mi_security_types
AMN|2025-02-21|28.626|30.49|26.25|27.58|2988778.0|25.84|2050169.0|25.84|2050169.0|1.0|10.78|12.01|19693183.0|4.688052852720033|3.14|mi_security_types
BJRI|2025-02-21|41.22|41.72|37.43|38.05|794145.0|35.74|370810.0|35.74|370810.0|1.0|15.33|3.21|8532932.0|3.1507314733391945|3.17|mi_security_types
CELH|2025-02-21|34.11|34.44|30.12|32.62|62380468.0|25.53|34240554.0|25.53|34240554.0|1.0|33.61|19.97|181534146.0|5.057075709249621|6.38|mi_security_types
FIVN|2025-02-21|49.75|49.9|41.5|42.09|7965474.0|41.69|3803742.0|41.69|3803742.0|1.0|19.33|3.91|46979049.0|4.097728129390397|5.93|mi_security_types
FND|2025-02-21|103.82|103.85|92.0|94.27|4835342.0|92.84|3291520.0|92.84|3291520.0|1.0|11.83|0.0|142173896.0|4.420816150673968|3.07|mi_security_types
GDYN|2025-02-21|25.33|25.5|21.1|21.37|2655743.0|20.48|844749.0|20.48|844749.0|1.0|23.68|0.0|14575421.0|4.646693638392857|3.66|mi_security_types
MELI|2025-02-21|2352.75|2374.54|2226.1921|2260.0|1257220.0|2110.47|731481.0|2110.47|731481.0|1.0|11.48|4.65|661833569.0|2.7808121955231364|3.6|mi_security_types
SEI|2025-02-21|35.0|39.025|34.05|35.96|3603066.0|29.34|924203.0|29.34|924203.0|1.0|19.29|8.07|22821132.0|5.519451747979353|3.46|mi_security_types
LINC|2025-02-24|18.49|19.79|16.28|18.55|832741.0|16.09|229612.0|16.09|229612.0|1.0|14.92|0.0|1854768.0|4.104101926662521|6.61|mi_security_types
AHCO|2025-02-25|9.7|11.02|9.55|10.64|9301272.0|8.55|1425167.0|8.55|1425167.0|1.0|13.45|1.18|9335919.0|4.402673350041768|8.94|mi_security_types
DFH|2025-02-25|23.37|26.08|22.61|24.76|1577281.0|21.0|411532.0|21.0|411532.0|1.0|11.29|0.0|8642878.0|4.853571428571429|4.1|mi_security_types
EVER|2025-02-25|26.25|26.25|23.8477|25.62|2828169.0|20.15|841850.0|20.15|841850.0|1.0|30.27|0.0|8494294.0|4.661786600496275|6.14|mi_security_types
FARO|2025-02-25|31.74|32.29|29.085|31.76|796550.0|27.07|255612.0|27.07|255612.0|1.0|17.25|1.54|6266039.0|4.362050767850544|3.75|polygon
HVT|2025-02-25|24.0|24.15|21.7|23.0|574840.0|21.09|197303.0|21.09|197303.0|1.0|13.8|0.0|2197780.0|2.6731016731016735|5.26|mi_security_types
ITRI|2025-02-25|102.5|105.295|100.58|101.81|2808142.0|92.6|1713558.0|92.6|1713558.0|1.0|10.69|0.0|52132359.0|2.8683199629743927|4.62|mi_security_types
LI|2025-02-25|29.59|30.255|29.015|29.84|24311722.0|26.36|5788111.0|26.36|5788111.0|1.0|12.25|2.85|119074357.0|5.298721005853025|4.46|mi_security_types
SIBN|2025-02-25|19.11|19.16|17.695|18.44|1649411.0|17.47|481708.0|17.47|481708.0|1.0|9.39|0.0|4740712.0|4.627933600457925|4.86|mi_security_types
YY|2025-02-25|55.3|55.305|49.815|52.08|2746671.0|50.1|931338.0|50.1|931338.0|1.0|10.38|4.09|12655594.0|4.1737667522098665|7.58|polygon
ASTE|2025-02-26|34.82|37.13|33.49|35.49|489043.0|31.17|239740.0|31.17|239740.0|1.0|11.71|2.53|3770762.0|3.3646134103304486|3.13|mi_security_types
AXON|2025-02-26|584.95|600.99|558.21|572.4|2837988.0|496.65|1360330.0|496.65|1360330.0|1.0|17.78|0.0|377804156.0|6.803227337446607|3.17|mi_security_types
CEVA|2025-02-26|35.44|38.925|35.2|38.44|1003411.0|32.5|215757.0|32.5|215757.0|1.0|9.05|0.0|8957786.0|5.636725274725278|3.29|mi_security_types
INGN|2025-02-26|11.94|11.94|7.78|8.11|1604197.0|9.52|355214.0|9.52|355214.0|1.0|25.42|0.0|3278066.0|5.8736494597839135|5.2|mi_security_types
JACK|2025-02-26|37.89|41.09|37.24|37.94|2368825.0|33.95|2283626.0|33.95|2283626.0|1.0|11.61|0.0|19771045.0|6.23164317273301|3.84|mi_security_types
JBI|2025-02-26|9.395|10.13|8.86|9.11|4368600.0|8.06|1460425.0|8.06|1460425.0|1.0|16.56|3.47|7646312.0|3.055122297057778|4.57|mi_security_types
MASI|2025-02-26|188.6|191.1|175.99|190.47|1509229.0|169.54|689636.0|169.54|689636.0|1.0|11.24|0.0|77533337.0|3.074491481150677|3.3|mi_security_types
ZI|2025-02-26|11.175|12.065|10.92|11.73|37434984.0|9.53|9251696.0|9.53|9251696.0|1.0|17.26|0.0|53488878.0|3.653050517163843|7.28|polygon
ARDT|2025-02-27|15.59|15.59|14.8205|15.16|1034481.0|14.01|501651.0|14.01|501651.0|1.0|11.28|0.79|3434971.0|4.226572856123178|3.03|mi_security_types
EVTC|2025-02-27|35.45|37.95|35.3271|37.55|1385416.0|32.34|396069.0|32.34|396069.0|1.0|9.62|0.0|8452361.0|1.9563123950879078|4.5|mi_security_types
GRBK|2025-02-27|63.72|65.125|61.09|61.2|914122.0|57.84|465368.0|57.84|465368.0|1.0|10.17|2.17|15327578.0|3.2508891523414336|3.27|mi_security_types
LZ|2025-02-27|9.66|10.6|9.5|10.02|9532872.0|8.85|4237073.0|8.85|4237073.0|1.0|9.15|2.08|16866321.0|3.4336561743341396|4.69|mi_security_types
MARA|2025-02-27|14.21|14.85|13.06|13.13|90411850.0|12.45|41327430.0|12.45|41327430.0|1.0|14.14|0.28|454704337.0|7.736660929432013|3.04|mi_security_types
NTNX|2025-02-27|79.9|79.9|74.64|76.54|9626394.0|69.35|3811677.0|69.35|3811677.0|1.0|15.21|3.63|119441435.0|3.0162838603357707|5.21|mi_security_types
NXST|2025-02-27|163.0|169.8|156.5101|162.58|1217863.0|146.34|547188.0|146.34|547188.0|1.0|11.38|0.0|43224448.0|2.649793045549505|3.91|mi_security_types
ROOT|2025-02-27|119.9|136.5099|111.65|123.95|2695478.0|98.71|894194.0|98.71|894194.0|1.0|21.47|1.67|45130042.0|10.534509457718864|5.63|mi_security_types
SNOW|2025-02-27|187.01|187.95|173.59|173.69|20555706.0|166.19|12950636.0|166.19|12950636.0|1.0|12.53|1.21|954537405.0|4.419081430032752|3.6|mi_security_types
TALO|2025-02-27|9.935|9.98|8.945|9.14|4857647.0|8.68|1850685.0|8.68|1850685.0|1.0|14.46|0.81|13051905.0|3.793614219881499|3.32|mi_security_types
ANIP|2025-02-28|61.64|62.617|58.0|61.89|714998.0|54.58|185388.0|54.58|185388.0|1.0|12.94|0.13|10118477.0|3.215513793644975|3.33|mi_security_types
ESTC|2025-02-28|113.0|117.49|111.13|116.36|4170857.0|101.28|2535907.0|101.28|2535907.0|1.0|11.57|0.0|124656952.0|4.877327352742047|3.57|mi_security_types
OMI|2025-02-28|7.74|9.83|7.57|9.58|12108619.0|6.89|1767319.0|6.89|1767319.0|1.0|12.34|10.77|13950794.0|6.389591540534935|5.82|polygon
PGNY|2025-02-28|26.55|26.76|21.59|22.53|5180934.0|22.88|2462514.0|22.88|2462514.0|1.0|16.04|0.39|34136849.0|3.458073176823174|3.34|mi_security_types
PRGO|2025-02-28|27.65|29.53|27.23|29.0|7581954.0|24.13|2461260.0|24.13|2461260.0|1.0|14.59|0.0|29694467.0|2.554082055532532|5.42|mi_security_types
TPC|2025-02-28|24.77|30.04|24.02|29.39|1870602.0|21.87|685882.0|21.87|685882.0|1.0|13.26|1.67|11326733.0|4.713893787967859|3.21|mi_security_types
ALGM|2025-03-03|26.75|27.31|24.8|25.62|11111729.0|22.3|4121597.0|22.3|4121597.0|1.0|19.96|2.43|60898405.0|6.880204996796925|3.84|mi_security_types
CAPR|2025-03-04|15.11|16.17|13.61|13.7|4578438.0|13.67|1540055.0|13.67|1540055.0|1.0|10.53|0.0|15553965.0|9.968282997178394|4.09|mi_security_types
JFIN|2025-03-04|8.87|9.79|8.3101|8.92|758115.0|7.07|378170.0|7.07|378170.0|1.0|25.46|0.0|1000283.0|12.48888664376642|5.21|mi_security_types
OKTA|2025-03-04|100.055|108.6|97.6|108.31|17352128.0|87.16|7421926.0|87.16|7421926.0|1.0|14.79|0.0|215761730.0|3.9931161083065616|6.88|mi_security_types
ATRO|2025-03-05|18.175|21.2833|17.9|20.7583|4302486.0|16.6333|697060.0|19.95996|580883.3333333334|1.2|9.27|0.71|5597375.0|2.861127978212383|10.84|mi_security_types
CDXC|2025-03-05|6.71|9.18|6.67|8.55|18709491.0|5.6|1136583.0|5.6|1136583.0|1.0|19.82|2.94|1987345.0|5.375127551020411|43.34|polygon
CYRX|2025-03-05|5.57|6.69|5.57|6.61|1163660.0|5.06|965660.0|5.06|965660.0|1.0|10.08|5.53|1666264.0|8.58681535855449|3.87|mi_security_types
DB|2025-03-05|22.91|23.96|22.89|23.88|10998591.0|20.99|8728732.0|20.99|8728732.0|1.0|9.15|1.89|41947574.0|2.863744640304909|3.03|mi_security_types
TKNO|2025-03-05|6.62|6.62|5.6|5.97|1344169.0|6.04|1158853.0|6.04|1158853.0|1.0|9.6|3.07|2258065.0|10.081717123935665|3.81|mi_security_types
BURL|2025-03-06|268.6|268.6|255.96|257.65|3713602.0|236.95|2484136.0|236.95|2484136.0|1.0|13.36|2.9|269397526.0|4.06882102915021|3.1|mi_security_types
CBRL|2025-03-06|50.96|51.04|42.62|43.34|2830715.0|40.29|1193231.0|40.29|1193231.0|1.0|26.48|0.95|34563616.0|5.559266744672552|3.8|mi_security_types
CLMB|2025-03-06|32.3975|36.2488|31.525|33.4988|555472.0|29.7025|271264.0|118.81|67816.0|4.0|9.07|1.32|3186421.0|4.672550410619595|5.03|mi_security_types
CRMT|2025-03-06|44.18|46.74|41.12|44.47|334658.0|38.36|174421.0|38.36|174421.0|1.0|15.17|0.95|3353798.0|6.418516311634143|3.72|mi_security_types
MYE|2025-03-06|11.12|12.69|11.12|12.48|1376197.0|9.74|513932.0|9.74|513932.0|1.0|14.17|0.0|2423756.0|4.88002346729246|4.13|mi_security_types
TREE|2025-03-06|47.84|50.95|43.8|49.34|1339499.0|40.27|412892.0|40.27|412892.0|1.0|18.8|5.58|6575513.0|6.257440845719961|7.5|mi_security_types
WLY|2025-03-06|42.52|44.28|40.9|43.7|1603753.0|37.91|482215.0|37.91|482215.0|1.0|12.16|0.0|14337245.0|2.4736217356897936|4.22|mi_security_types
APEI|2025-03-07|23.8|25.6|21.1268|23.5|393362.0|19.25|109263.0|19.25|109263.0|1.0|23.64|0.0|1552620.0|4.796066790352504|4.58|mi_security_types
GAP|2025-03-07|22.46|23.315|21.46|23.15|30489855.0|19.48|16280438.0|19.48|16280438.0|1.0|15.3|0.0|129019179.0|5.703652097389264|4.46|mi_security_types
WLDN|2025-03-07|36.0|42.245|34.99|41.8|607268.0|32.22|253589.0|32.22|253589.0|1.0|11.73|4.34|3742835.0|3.2703068191895044|4.86|mi_security_types
MLYS|2025-03-10|14.13|18.29|13.5|14.96|15229716.0|10.52|717906.0|10.52|717906.0|1.0|34.32|17.67|3054282.0|7.627308527973926|39.65|mi_security_types
PTGX|2025-03-10|50.08|57.9727|48.5001|55.95|5227810.0|38.35|1598931.0|38.35|1598931.0|1.0|30.59|2.02|33591470.0|5.340826969640527|5.38|mi_security_types
RDFN|2025-03-10|10.03|10.47|9.44|9.77|94381872.0|5.82|8539711.0|5.82|8539711.0|1.0|72.34|0.0|54397439.0|11.162125675012275|11.85|polygon
BVS|2025-03-11|10.94|11.25|10.082|10.8|1726807.0|8.76|707408.0|8.76|707408.0|1.0|24.89|0.0|2294873.0|5.722439660795824|6.39|mi_security_types
LUV|2025-03-11|32.28|32.74|29.58|30.53|41161525.0|28.18|14082351.0|28.18|14082351.0|1.0|14.55|0.0|256480213.0|3.3085521646557847|4.09|mi_security_types
TXNM|2025-03-11|53.74|53.75|50.85|51.18|3819889.0|47.87|1635902.0|47.87|1635902.0|1.0|12.26|0.19|38779312.0|3.025903488614995|4.23|mi_security_types
CXM|2025-03-12|8.93|9.685|8.81|9.42|7012929.0|8.08|2472499.0|8.08|2472499.0|1.0|10.52|0.0|14502601.0|3.5757602545968914|4.29|mi_security_types
GRPN|2025-03-12|12.25|14.1399|12.09|13.98|11165043.0|9.77|2821946.0|9.77|2821946.0|1.0|25.38|0.0|10630382.0|7.400204708290686|10.9|mi_security_types
TBCH|2025-03-12|15.64|15.64|14.09|14.41|477090.0|14.1|249436.0|14.1|249436.0|1.0|10.92|0.0|2260597.0|6.746048632218843|3.07|mi_security_types
GIII|2025-03-13|29.3|30.2489|25.99|26.1|1653908.0|25.34|676246.0|25.34|676246.0|1.0|15.63|0.0|13875516.0|5.598150862554968|3.15|mi_security_types
MGTX|2025-03-13|7.73|8.49|7.4001|8.25|6307093.0|6.41|273205.0|6.41|273205.0|1.0|20.59|5.25|2231370.0|7.655337642077112|18.13|mi_security_types
RAIL|2025-03-13|7.45|8.3|7.22|7.32|1199017.0|6.23|381345.0|6.23|381345.0|1.0|19.58|0.0|2058358.0|10.778720476954827|4.78|mi_security_types
DOCU|2025-03-14|81.52|88.7|80.75|85.76|11933868.0|74.7|7260687.0|74.7|7260687.0|1.0|9.13|0.0|166959189.0|5.061503155479058|5.15|mi_security_types
GOGO|2025-03-14|7.58|7.73|6.27|6.86|4955773.0|6.87|1321727.0|6.87|1321727.0|1.0|10.33|2.54|8992810.0|6.993969640257849|3.81|mi_security_types
QBTS|2025-03-14|7.7|10.2|7.62|10.15|261242342.0|6.91|130890772.0|6.91|130890772.0|1.0|11.43|49.24|288733697.0|11.644614430432082|4.28|mi_security_types
QMCO|2025-03-14|16.5|18.66|14.98|15.34|6363626.0|14.82|4136576.0|14.82|4136576.0|1.0|11.34|44.87|6862371.0|10.37873529978793|6.29|mi_security_types
QUBT|2025-03-14|6.025|7.11|5.82|7.09|43895653.0|5.49|16455461.0|5.49|16455461.0|1.0|9.74|21.46|61170768.0|10.766978922716628|3.7|mi_security_types
RBRK|2025-03-14|67.8|71.2|64.8001|70.64|7273318.0|55.28|2710814.0|55.28|2710814.0|1.0|22.65|6.64|123589126.0|8.112854041761421|3.84|mi_security_types
RDUS|2025-03-14|28.345|28.5|26.57|27.81|8534952.0|13.66|291821.0|13.66|291821.0|1.0|107.5|7.9|3457502.0|5.91131562434637|27.77|polygon
SMTC|2025-03-14|37.26|39.78|35.45|39.6|8103943.0|32.71|3298105.0|32.71|3298105.0|1.0|13.91|4.04|88773732.0|8.714787963488664|3.22|mi_security_types
ARQQ|2025-03-17|17.09|23.8899|16.03|23.54|2858870.0|15.0|609269.0|15.0|609269.0|1.0|13.93|33.33|3352783.0|9.376666666666663|9.25|mi_security_types
GES|2025-03-17|12.165|12.82|12.01|12.62|7050794.0|9.7|1648553.0|9.7|1648553.0|1.0|25.41|4.64|16178740.0|7.243078055964651|4.57|polygon
FINV|2025-03-18|10.0|11.08|9.76|10.72|4598755.0|9.12|2347866.0|9.12|2347866.0|1.0|9.65|13.29|7211564.0|3.482612781954887|5.08|mi_security_types
HROW|2025-03-18|28.93|31.7399|25.73|26.98|2106372.0|23.32|1036561.0|23.32|1036561.0|1.0|24.06|4.95|8274431.0|7.190517030139672|5.05|mi_security_types
JILL|2025-03-19|20.295|22.24|18.29|19.49|359854.0|18.61|165323.0|18.61|165323.0|1.0|9.05|2.31|1884716.0|5.917670991018653|3.6|mi_security_types
SIG|2025-03-19|58.525|60.25|56.0|56.65|4990116.0|48.3|1910392.0|48.3|1910392.0|1.0|21.17|4.05|68645689.0|5.99642117716652|3.55|mi_security_types
PRA|2025-03-20|23.26|23.29|22.87|23.02|17277398.0|15.54|452115.0|15.54|452115.0|1.0|49.68|2.85|3955823.0|2.9651130722559293|64.01|mi_security_types
AZEK|2025-03-24|49.8|50.205|45.53|48.56|26826561.0|41.39|1688861.0|41.39|1688861.0|1.0|20.32|1.35|73477017.0|4.06499154385117|14.25|polygon
PSIX|2025-03-25|33.06|37.31|27.764|31.96|1318177.0|29.83|334569.0|29.83|334569.0|1.0|10.83|0.0|8061826.0|10.007063837938796|5.03|mi_security_types
GME|2025-03-26|28.84|29.8|27.32|28.36|53312955.0|25.4|10106783.0|25.4|10106783.0|1.0|13.54|9.01|93430565.0|3.787232845894261|12.45|mi_security_types
CNXC|2025-03-27|51.49|66.0|51.06|65.04|5756755.0|45.68|1118914.0|45.68|1118914.0|1.0|12.72|1.67|32060366.0|3.916108956717538|7.56|mi_security_types
SLNO|2025-03-27|66.39|72.9572|65.0|67.39|15191787.0|48.97|2603147.0|48.97|2603147.0|1.0|35.57|1.18|29901072.0|4.6251495084454035|18.18|mi_security_types
AGX|2025-03-28|138.1|150.841|135.0|138.12|1399704.0|115.23|434149.0|115.23|434149.0|1.0|19.85|0.0|38043630.0|5.767198522210236|4.25|mi_security_types
BRZE|2025-03-28|41.46|43.89|37.03|37.51|5431263.0|36.7|2227554.0|36.7|2227554.0|1.0|12.97|3.41|46454834.0|4.931880108991826|3.94|mi_security_types
COOP|2025-03-31|125.18|125.855|118.0|119.6|6439437.0|104.49|436412.0|104.49|436412.0|1.0|19.8|0.29|76390912.0|2.654580752771966|9.06|polygon
CORT|2025-03-31|94.93|117.33|87.5821|114.22|14339351.0|54.63|653632.0|54.63|653632.0|1.0|73.77|0.0|53968832.0|4.644726863837242|13.17|mi_security_types
NUTX|2025-04-01|65.0|72.9899|64.6|71.4|315260.0|47.03|62889.0|47.03|62889.0|1.0|38.21|0.0|2210366.0|11.114896266820567|6.89|mi_security_types
OMER|2025-04-01|9.16|9.16|7.715|7.91|1877015.0|8.22|769355.0|8.22|769355.0|1.0|11.44|0.0|3902950.0|6.349930483142158|3.67|mi_security_types
PVH|2025-04-01|75.14|77.52|74.03|76.43|5055220.0|64.64|2611814.0|64.64|2611814.0|1.0|16.24|0.0|73212246.0|4.053715081329559|3.55|mi_security_types
ANGO|2025-04-02|10.91|11.72|10.21|10.86|2523339.0|9.66|883156.0|9.66|883156.0|1.0|12.94|2.88|4687975.0|4.102336586808638|4.84|mi_security_types
CGNT|2025-04-02|9.2|10.315|9.1376|9.95|1979719.0|8.22|761665.0|8.22|761665.0|1.0|11.92|5.38|2194387.0|3.3498435870698646|6.23|mi_security_types
LW|2025-04-03|59.94|60.92|57.5001|59.57|10401352.0|54.15|3691416.0|54.15|3691416.0|1.0|10.69|2.15|126022297.0|2.943226487270809|4.11|mi_security_types
ALHC|2025-04-08|19.725|21.06|18.39|18.95|9684678.0|17.82|3604386.0|17.82|3604386.0|1.0|10.69|0.0|48016569.0|4.736211319544654|3.37|mi_security_types
HUM|2025-04-08|292.12|292.74|274.6201|281.95|4637924.0|254.71|1838800.0|254.71|1838800.0|1.0|14.69|0.37|340420870.0|3.198034739788105|3.39|mi_security_types
LEVI|2025-04-08|15.71|15.71|12.33|12.42|15071090.0|13.5|6423793.0|13.5|6423793.0|1.0|16.37|0.0|31062310.0|5.638571428571431|6.15|mi_security_types
LOCO|2025-04-08|10.5|10.6|9.97|10.17|911720.0|9.28|496862.0|9.28|496862.0|1.0|13.15|0.0|2572342.0|4.346520935960591|3.28|mi_security_types
PCRX|2025-04-08|27.6|27.64|25.51|26.27|3715547.0|22.91|981055.0|22.91|981055.0|1.0|20.47|0.0|15420494.0|4.619785496040409|4.32|mi_security_types
PLAY|2025-04-08|18.53|19.56|15.502|16.06|4281502.0|16.19|3150575.0|16.19|3150575.0|1.0|14.45|0.0|23382086.0|8.327230212653314|3.15|mi_security_types
SMFG|2025-04-08|13.34|13.34|12.11|12.25|5854943.0|12.23|5049759.0|12.23|5049759.0|1.0|9.08|0.0|16963245.0|4.786765564770469|3.89|mi_security_types
SPIR|2025-04-08|9.35|9.96|8.55|8.75|2088374.0|7.48|777940.0|7.48|777940.0|1.0|25.0|0.0|4258655.0|9.064362108479756|3.5|mi_security_types
BTU|2025-04-09|12.59|13.66|11.06|12.26|24449990.0|11.26|12439955.0|11.26|12439955.0|1.0|11.81|9.21|64325340.0|8.11976655671149|4.58|mi_security_types
KROS|2025-04-10|11.67|12.5|11.6|12.24|3967741.0|10.33|2701400.0|10.33|2701400.0|1.0|12.97|8.17|7665357.0|6.516318628128889|4.02|mi_security_types
LOVE|2025-04-10|18.32|19.3|16.42|18.49|2601715.0|15.93|1902113.0|15.93|1902113.0|1.0|15.0|27.75|7971334.0|9.048515828176845|4.19|mi_security_types
CERT|2025-04-11|11.84|13.1799|11.44|12.91|9673359.0|10.51|3707229.0|10.51|3707229.0|1.0|12.65|16.13|15264044.0|7.1870327579176285|5.52|mi_security_types
SLP|2025-04-11|28.68|33.59|27.43|32.65|1775871.0|25.74|694190.0|25.74|694190.0|1.0|11.42|8.08|5856732.0|6.973970473970473|6.31|mi_security_types
BMA|2025-04-14|88.31|94.6202|86.5|91.0|1400831.0|78.85|727019.0|78.85|727019.0|1.0|12.0|21.53|24807560.0|7.756101096113781|3.66|mi_security_types
CEPU|2025-04-14|11.99|12.22|11.27|11.41|882733.0|10.7|404094.0|10.7|404094.0|1.0|12.06|15.93|3074355.0|8.180574098798399|3.14|mi_security_types
GGAL|2025-04-14|60.9|63.42|59.51|61.43|4338834.0|53.87|2398547.0|53.87|2398547.0|1.0|13.05|18.89|61835468.0|7.612811265215198|3.12|mi_security_types
MP|2025-04-14|25.19|28.403|24.58|27.59|23657243.0|22.68|9026467.0|22.68|9026467.0|1.0|11.07|3.37|91282305.0|9.357016880826402|5.69|mi_security_types
PAM|2025-04-14|77.37|82.11|75.0|76.91|804546.0|69.59|210725.0|69.59|210725.0|1.0|11.18|10.72|15715307.0|7.516063473816023|3.52|mi_security_types
IE|2025-04-15|5.75|6.5826|5.65|6.48|3858466.0|5.05|1051482.0|5.05|1051482.0|1.0|13.86|4.99|5309984.0|11.599151343705799|3.9|mi_security_types
GPCR|2025-04-17|21.5|24.17|19.74|21.76|5812170.0|18.53|663322.0|18.53|663322.0|1.0|16.03|30.95|14173023.0|9.136997918433426|6.19|mi_security_types
QURE|2025-04-17|13.005|14.16|12.54|13.0|14456116.0|9.39|851315.0|9.39|851315.0|1.0|38.5|12.59|12149964.0|13.042750646584514|9.75|mi_security_types
CALX|2025-04-22|37.5|38.3178|35.7|37.61|3551650.0|33.25|1890455.0|33.25|1890455.0|1.0|12.78|0.0|23553669.0|6.28356605800215|4.6|mi_security_types
HCSG|2025-04-23|11.1|12.2|10.86|12.19|3007375.0|9.41|742317.0|9.41|742317.0|1.0|17.96|0.43|4781497.0|3.956657051768637|6.16|mi_security_types
PEGA|2025-04-23|44.2275|46.54|43.28|44.275|7706318.0|34.38|2214924.0|68.76|1107462.0|2.0|28.64|3.57|51023304.0|5.900939084185156|4.41|mi_security_types
TIL|2025-04-23|20.25|24.4|20.18|20.52|500129.0|16.49|59762.0|16.49|59762.0|1.0|22.8|7.78|1058725.0|11.356709694186957|6.86|mi_security_types
EPSM|2025-04-24|6.39|7.2|6.38|6.94|2162260.0|5.38|3969728.0|5.38|3969728.0|1.0|18.77|7.82|1455234.0|11.870286776420608|3.93|mi_security_types
PONY|2025-04-24|6.11|7.7|5.91|7.57|20989864.0|5.43|9917055.0|5.43|9917055.0|1.0|12.52|30.53|17090585.0|14.14561957379637|7.84|mi_security_types
HONE|2025-04-25|11.48|11.74|11.12|11.3|2550736.0|10.06|205875.0|10.06|205875.0|1.0|14.12|8.64|2349970.0|4.724936097699517|10.17|polygon
SPHR|2025-04-25|29.685|30.49|27.52|28.88|3208171.0|26.47|653479.0|26.47|653479.0|1.0|12.15|9.02|25472920.0|9.195018619461385|3.3|mi_security_types
CGON|2025-04-28|31.0|32.3|27.57|27.97|9040370.0|22.37|1658267.0|22.37|1658267.0|1.0|38.58|9.6|29265606.0|7.889680056197709|6.15|mi_security_types
HIMS|2025-04-29|37.94|37.94|32.95|35.04|152176234.0|28.48|32802307.0|28.48|32802307.0|1.0|33.22|12.35|556942123.0|9.395239767255218|6.83|mi_security_types
LEG|2025-04-29|8.875|9.67|8.655|9.57|10805121.0|7.27|3246972.0|7.27|3246972.0|1.0|22.08|5.36|20142962.0|5.565533503635291|3.9|mi_security_types
LFMD|2025-04-29|8.03|8.69|7.02|8.62|21255233.0|6.1|541467.0|6.1|541467.0|1.0|31.64|13.07|3097079.0|5.807962529274004|32.02|mi_security_types
MYRG|2025-05-01|139.7|147.86|131.96|147.1|655763.0|122.32|241078.0|122.32|241078.0|1.0|14.21|11.58|19814745.0|4.727570540969821|3.54|mi_security_types
NTGR|2025-05-01|28.1|30.3136|26.62|28.0|1337607.0|24.12|537173.0|24.12|537173.0|1.0|16.5|11.61|8956121.0|4.195184790334043|3.07|mi_security_types
OLO|2025-05-01|6.9|7.225|6.68|7.12|4104057.0|6.2|1001652.0|6.2|1001652.0|1.0|11.29|5.8|6553330.0|3.365322580645158|3.31|polygon
OSIS|2025-05-01|225.21|226.49|210.3|224.33|683307.0|204.74|182262.0|204.74|182262.0|1.0|10.0|8.88|33044605.0|3.7125866953208964|3.35|mi_security_types
TTMI|2025-05-01|24.425|24.425|22.58|23.35|2127620.0|20.02|1090556.0|20.02|1090556.0|1.0|22.0|9.94|11728158.0|4.134579706008275|3.31|mi_security_types
ADPT|2025-05-02|8.81|10.28|8.57|9.84|15572026.0|7.36|2016780.0|7.36|2016780.0|1.0|19.7|4.99|15774192.0|6.798621894409937|7.02|mi_security_types
BTSG|2025-05-02|20.36|20.95|19.4|20.87|4015675.0|17.9|2342089.0|17.9|2342089.0|1.0|13.74|11.25|19783539.0|4.26033519553073|3.2|mi_security_types
CPS|2025-05-02|16.94|22.2|16.79|21.88|2351652.0|15.22|257093.0|15.22|257093.0|1.0|11.3|22.94|4147714.0|5.525295663600524|6.21|mi_security_types
DUOL|2025-05-02|436.925|487.0|433.0|486.42|3054911.0|400.0|1428951.0|400.0|1428951.0|1.0|9.23|18.93|270492599.0|4.8002714285714285|3.34|mi_security_types
IRTC|2025-05-02|119.75|133.2|119.08|131.12|2131889.0|108.59|622736.0|108.59|622736.0|1.0|10.28|9.16|36027739.0|3.6661492113191163|5.51|mi_security_types
BCRX|2025-05-05|9.795|11.11|9.59|11.03|26301795.0|8.93|4422015.0|8.93|4422015.0|1.0|9.69|7.33|28460542.0|4.237721964485682|6.9|mi_security_types
NSSC|2025-05-05|26.56|27.735|24.61|24.65|1826088.0|23.78|457514.0|23.78|457514.0|1.0|11.69|4.39|9832842.0|2.8545296167247396|3.76|mi_security_types
SKX|2025-05-05|61.785|61.94|61.36|61.39|75898363.0|49.37|3605355.0|49.37|3605355.0|1.0|25.15|3.44|187330869.0|4.48725368210886|16.54|polygon
FARO|2025-05-06|42.28|42.4|41.94|42.36|10244522.0|31.45|236722.0|31.45|236722.0|1.0|34.44|6.94|7100919.0|4.878491937315467|36.57|polygon
SEDG|2025-05-06|14.85|15.54|14.23|14.37|14247503.0|12.92|3795742.0|12.92|3795742.0|1.0|14.94|5.6|47345650.0|7.8986620964175165|3.72|mi_security_types
SIBN|2025-05-06|15.84|16.624|14.8072|16.45|1288908.0|14.25|758805.0|14.25|758805.0|1.0|11.16|4.4|4757563.0|4.409573934837092|3.66|mi_security_types
UPWK|2025-05-06|14.7|16.43|14.6156|15.72|10166982.0|13.32|3093415.0|13.32|3093415.0|1.0|10.36|1.29|18305036.0|3.1358858858858834|6.02|mi_security_types
WRD|2025-05-06|7.665|9.12|6.93|9.02|49849032.0|6.85|10755995.0|6.85|10755995.0|1.0|11.9|5.55|23967778.0|12.429405630865489|9.78|mi_security_types
ANGI|2025-05-07|14.99|15.5875|13.95|15.15|4678838.0|11.25|1446891.0|11.25|1446891.0|1.0|33.24|0.45|16277524.0|5.6761904761904765|3.21|mi_security_types
AVDX|2025-05-07|9.705|9.74|9.69|9.74|78221279.0|8.2|2012155.0|8.2|2012155.0|1.0|18.35|3.8|9329293.0|3.230836236933797|56.37|polygon
CDRE|2025-05-07|32.54|36.35|30.69|35.42|972818.0|29.61|444119.0|29.61|444119.0|1.0|9.9|1.58|8939433.0|4.0491388044579555|3.3|mi_security_types
DIS|2025-05-07|102.42|103.3099|100.1411|102.09|36174940.0|92.17|11839405.0|92.17|11839405.0|1.0|11.12|2.23|917825051.0|2.667648289651111|3.22|mi_security_types
ELAN|2025-05-07|10.83|12.14|10.75|12.01|22255381.0|9.51|6908522.0|9.51|6908522.0|1.0|13.88|0.42|49887625.0|3.8937208952981797|3.91|mi_security_types
EYE|2025-05-07|14.95|15.63|14.38|15.61|11381580.0|13.33|4353535.0|13.33|4353535.0|1.0|12.15|8.46|24071517.0|4.233201157432216|5.3|mi_security_types
FOA|2025-05-07|22.3|23.3358|20.1238|21.29|320732.0|19.45|95800.0|19.45|95800.0|1.0|14.65|0.0|1591125.0|5.068968049944916|3.83|mi_security_types
KE|2025-05-07|16.33|18.505|16.33|18.38|574199.0|14.71|154482.0|14.71|154482.0|1.0|11.01|2.58|1882862.0|3.548363601048848|4.24|mi_security_types
LION|2025-05-07|7.75|8.5|7.4101|8.15|5809386.0|6.79|1178624.0|6.79|1178624.0|1.0|14.14|0.0|2229755.0|4.965285083105407|11.27|mi_security_types
LIVN|2025-05-07|39.42|44.0|39.36|43.5|3152454.0|35.16|2386957.0|35.16|2386957.0|1.0|12.12|0.0|22908486.0|3.3154558751828356|3.86|mi_security_types
NRDS|2025-05-07|10.6|11.4|10.2|10.91|1899089.0|8.46|622517.0|8.46|622517.0|1.0|25.3|0.0|3068360.0|4.023134076325563|4.6|mi_security_types
OSCR|2025-05-07|16.06|17.4|15.31|17.02|29208370.0|13.07|6939382.0|13.07|6939382.0|1.0|22.88|3.57|49733590.0|4.469476445513171|6.7|mi_security_types
PGY|2025-05-07|12.57|12.89|10.68|11.25|6042653.0|11.49|2922712.0|11.49|2922712.0|1.0|9.4|4.84|14251938.0|5.9336068631107795|3.95|mi_security_types
PRCH|2025-05-07|8.01|10.87|7.5|10.65|24033105.0|6.34|2741950.0|6.34|2741950.0|1.0|26.34|9.5|10247511.0|7.489296980621904|12.0|mi_security_types
RIGL|2025-05-07|22.55|25.42|18.0|18.47|711344.0|18.26|325344.0|18.26|325344.0|1.0|23.49|0.0|2789153.0|5.18936786105461|4.02|mi_security_types
TPB|2025-05-07|74.025|81.05|72.25|81.0|689482.0|64.89|188359.0|64.89|188359.0|1.0|14.08|9.33|8795386.0|2.9623275653303387|4.65|mi_security_types
ZK|2025-05-07|24.94|25.2|24.58|25.19|4989948.0|22.59|313480.0|22.59|313480.0|1.0|10.4|5.36|15255369.0|4.625782583949917|7.4|polygon
DAVE|2025-05-08|134.7|153.31|126.8925|152.73|2618323.0|107.83|573009.0|107.83|573009.0|1.0|24.92|15.1|28186762.0|4.64585789801407|7.71|mi_security_types
DCTH|2025-05-08|14.0|14.658|13.01|14.355|1318832.0|11.61|413923.0|11.61|413923.0|1.0|20.59|0.0|3972669.0|4.465054755752432|3.47|mi_security_types
ECPG|2025-05-08|38.95|41.02|38.01|40.77|1544378.0|32.92|345350.0|32.92|345350.0|1.0|18.32|0.0|9287440.0|4.5799557368512405|4.85|mi_security_types
EPAM|2025-05-08|179.0|185.61|173.38|179.71|2026545.0|159.21|1373793.0|159.21|1373793.0|1.0|12.43|1.47|95257359.0|2.898274516137715|3.01|mi_security_types
FSLY|2025-05-08|6.77|7.66|6.71|7.62|10135531.0|6.03|6930287.0|6.03|6930287.0|1.0|12.27|4.87|10439393.0|4.179933665008291|4.34|mi_security_types
LEU|2025-05-08|80.75|89.9|80.45|88.46|1899830.0|72.5|701093.0|72.5|701093.0|1.0|11.38|4.63|27843591.0|5.239162561576354|4.05|mi_security_types
LZ|2025-05-08|8.61|9.5|8.5172|8.96|6164797.0|7.25|2560532.0|7.25|2560532.0|1.0|18.76|0.55|13523459.0|3.3399014778325133|3.08|mi_security_types
NVAX|2025-05-08|7.19|7.5|6.48|6.66|36866423.0|5.95|4515894.0|5.95|4515894.0|1.0|20.84|0.0|34938614.0|9.019087635054023|5.21|mi_security_types
QDEL|2025-05-08|28.66|37.24|28.5401|36.46|6903349.0|25.85|4314873.0|25.85|4314873.0|1.0|10.87|0.0|42349613.0|5.635368886432719|3.93|mi_security_types
RELY|2025-05-08|23.26|24.56|22.4401|24.16|6778249.0|21.09|3831576.0|21.09|3831576.0|1.0|10.29|5.4|40553769.0|3.120944252523201|3.02|mi_security_types
SEZL|2025-05-08|68.82|81.8294|64.6|74.98|6284895.0|52.75|1366334.0|52.75|1366334.0|1.0|30.46|6.46|32103551.0|7.306729857819902|8.2|mi_security_types
SSYS|2025-05-08|10.6|11.55|10.51|11.13|2070270.0|9.72|411258.0|9.72|411258.0|1.0|9.05|2.97|3760910.0|3.281819517930631|5.0|mi_security_types
TTEK|2025-05-08|34.27|35.335|33.1|34.88|6569631.0|30.88|3203722.0|30.88|3203722.0|1.0|10.98|1.01|48291324.0|2.270887305699482|3.81|mi_security_types
CARG|2025-05-09|31.67|32.05|30.525|31.08|2891567.0|27.95|2123472.0|27.95|2123472.0|1.0|13.31|0.18|25197367.0|3.4932021466905208|3.2|mi_security_types
CLFD|2025-05-09|36.0|36.495|32.45|34.31|315259.0|31.82|171775.0|31.82|171775.0|1.0|13.14|10.99|2388240.0|3.41308251773368|3.48|mi_security_types
FOXF|2025-05-09|24.25|25.61|23.3561|23.78|2051259.0|21.35|722651.0|21.35|722651.0|1.0|13.58|6.01|12171247.0|4.700301104048181|3.66|mi_security_types
FROG|2025-05-09|38.675|39.19|36.5|39.0|3227308.0|35.26|1603458.0|35.26|1603458.0|1.0|9.69|5.95|25659706.0|3.6980390568025308|3.67|mi_security_types
GDOT|2025-05-09|11.17|11.83|10.24|10.94|3920653.0|8.7|948523.0|8.7|948523.0|1.0|28.39|7.14|4311670.0|3.554351395730705|6.16|mi_security_types
IBEX|2025-05-09|28.02|32.08|27.66|30.55|759162.0|25.66|103465.0|25.66|103465.0|1.0|9.2|4.78|3217450.0|3.5136677430130283|5.23|mi_security_types
LASR|2025-05-09|11.45|11.75|10.55|11.67|1456231.0|8.61|332119.0|8.61|332119.0|1.0|32.98|11.67|2050781.0|4.4093247054919535|5.43|mi_security_types
LYFT|2025-05-09|14.655|16.78|14.63|16.65|107486139.0|13.0|23502101.0|13.0|23502101.0|1.0|12.73|4.84|133105808.0|3.9093406593406583|8.75|mi_security_types
MITK|2025-05-09|11.39|11.39|9.675|9.74|1478641.0|8.81|425059.0|8.81|425059.0|1.0|29.28|8.77|2534704.0|2.862007459056266|4.45|mi_security_types
NGVC|2025-05-09|51.48|60.84|51.4|59.74|678084.0|45.87|329237.0|45.87|329237.0|1.0|12.23|0.0|7575706.0|4.780092808869787|4.13|mi_security_types
PINS|2025-05-09|30.3738|31.26|29.13|29.22|44159574.0|27.86|27596712.0|27.86|27596712.0|1.0|9.02|10.03|284782329.0|4.426469080094351|3.69|mi_security_types
PODD|2025-05-09|293.03|312.16|293.03|310.67|3216236.0|257.0|1284528.0|257.0|1284528.0|1.0|14.02|2.7|153902752.0|3.353112840466923|4.62|mi_security_types
TASK|2025-05-09|16.32|17.05|16.28|16.85|7548743.0|14.38|157988.0|14.38|157988.0|1.0|13.49|6.44|2831733.0|3.3642956487184588|32.62|mi_security_types
TMDX|2025-05-09|114.6|120.9299|108.84|111.5|4544014.0|93.2|2216490.0|93.2|2216490.0|1.0|22.96|3.58|92022525.0|4.520439914163092|4.12|mi_security_types
TTD|2025-05-09|69.75|75.77|68.98|71.04|48903743.0|59.9|26501969.0|59.9|26501969.0|1.0|16.44|12.89|469007528.0|4.362401621750537|5.16|mi_security_types
ARHS|2025-05-12|8.75|9.11|8.475|8.5|4883560.0|7.96|3147939.0|7.96|3147939.0|1.0|9.92|0.38|9215442.0|5.75197415649677|3.53|mi_security_types
FTRE|2025-05-12|7.89|7.99|4.99|5.19|8560874.0|6.15|4132781.0|6.15|4132781.0|1.0|28.29|11.62|11521541.0|7.511730545876888|3.62|mi_security_types
GCT|2025-05-12|16.785|16.98|15.37|15.9|2380135.0|14.5|630259.0|14.5|630259.0|1.0|15.76|9.85|7741762.0|5.019408866995074|3.81|mi_security_types
MAG|2025-05-12|19.0|19.17|17.9|17.95|13679455.0|16.92|1322109.0|16.92|1322109.0|1.0|12.29|16.13|8975517.0|4.1633316447146225|19.5|polygon
NRG|2025-05-12|137.0|150.81|136.95|150.61|10257926.0|119.33|3028467.0|119.33|3028467.0|1.0|14.81|2.67|217514085.0|3.4708551316277774|4.56|mi_security_types
RGTI|2025-05-12|11.78|11.98|11.08|11.55|87924808.0|10.58|58545523.0|10.58|58545523.0|1.0|11.34|14.38|202545419.0|7.612071293545777|3.12|mi_security_types
ZIM|2025-05-12|16.7|17.515|16.01|16.26|15962887.0|14.27|2459956.0|14.27|2459956.0|1.0|17.03|6.02|55612970.0|5.278956852537793|3.55|mi_security_types
BKKT|2025-05-13|12.63|15.49|11.5801|14.75|3667554.0|10.01|431970.0|10.01|431970.0|1.0|26.17|11.59|1825534.0|8.391322962751534|17.04|mi_security_types
COIN|2025-05-13|231.71|260.42|231.49|256.9|39119016.0|207.22|14944202.0|207.22|14944202.0|1.0|11.82|5.42|1194732841.0|4.6433776386724945|5.08|mi_security_types
FSLR|2025-05-13|176.12|195.44|175.24|191.6|20211151.0|156.21|12000791.0|156.21|12000791.0|1.0|12.75|23.23|442882738.0|5.271516365332383|4.5|mi_security_types
ITOS|2025-05-13|8.49|8.5|7.72|7.85|11238319.0|6.92|1002809.0|6.92|1002809.0|1.0|22.69|7.45|2986304.0|7.073080099091659|19.01|polygon
LSEA|2025-05-13|11.23|11.27|11.21|11.27|24383118.0|7.015|626877.0|7.015|626877.0|1.0|60.09|20.95|1142233.0|6.14489359535689|87.91|polygon
LUNR|2025-05-13|11.1|12.8|11.01|11.63|35779626.0|9.5|6421537.0|9.5|6421537.0|1.0|16.84|6.38|34029146.0|6.334586466165415|7.27|mi_security_types
OPRX|2025-05-13|11.5|12.7752|10.445|11.01|1416631.0|9.2|479907.0|9.2|479907.0|1.0|25.0|0.0|1227681.0|8.065605590062114|8.44|mi_security_types
ECG|2025-05-14|59.3|65.0|56.4975|60.3|3734477.0|51.42|1148354.0|51.42|1148354.0|1.0|15.32|13.38|22874798.0|4.437711840862364|6.31|mi_security_types
EXEL|2025-05-14|40.65|45.29|40.47|44.65|12919106.0|36.95|3145867.0|36.95|3145867.0|1.0|10.01|2.16|81971242.0|3.4624589213222494|5.46|mi_security_types
NPCE|2025-05-14|14.3|16.3568|13.31|15.6|811152.0|12.95|211998.0|12.95|211998.0|1.0|10.42|12.32|1541074.0|5.271980143408713|5.7|mi_security_types
SEPN|2025-05-14|10.82|11.36|8.51|10.16|37815761.0|6.73|227944.0|6.73|227944.0|1.0|60.77|4.34|1250546.0|7.880917002759498|195.24|mi_security_types
SMCI|2025-05-14|45.925|46.57|43.08|45.0|169224142.0|38.89|96751993.0|38.89|96751993.0|1.0|18.09|21.57|1471623454.0|6.756566138926646|3.56|mi_security_types
DLO|2025-05-15|12.43|12.58|11.095|11.24|4437444.0|10.19|1890558.0|10.19|1890558.0|1.0|21.98|15.93|4177842.0|3.279475676433478|7.53|mi_security_types
FL|2025-05-15|23.6|23.96|23.405|23.9|83206173.0|12.87|10530497.0|12.87|10530497.0|1.0|83.37|10.0|43718339.0|5.7997002997003|20.34|polygon
NVEE|2025-05-15|21.53|22.61|20.265|22.19|6230949.0|18.85|475439.0|18.85|475439.0|1.0|14.22|2.33|6719120.0|4.206555513452063|12.51|polygon
QUBT|2025-05-16|10.53|12.96|10.26|12.87|92117476.0|9.24|23345186.0|9.24|23345186.0|1.0|13.96|30.51|58894527.0|7.390151515151515|8.06|mi_security_types
TSSI|2025-05-16|13.0|16.4|12.4401|15.44|29157873.0|8.87|4603306.0|8.87|4603306.0|1.0|46.56|27.63|4954113.0|7.721855371235304|30.76|mi_security_types
SOC|2025-05-19|32.84|35.0|31.32|33.02|8778305.0|28.86|1982835.0|28.86|1982835.0|1.0|13.79|25.48|28815570.0|5.411295911295912|5.22|mi_security_types
AS|2025-05-20|36.0|37.99|35.595|37.37|19816161.0|31.39|6668671.0|31.39|6668671.0|1.0|14.69|4.49|89724481.0|4.309265917262094|5.12|mi_security_types
QBTS|2025-05-20|15.34|17.59|14.6|16.56|308820196.0|13.15|113476220.0|13.15|113476220.0|1.0|16.65|22.67|287555645.0|9.561162411732756|4.84|mi_security_types
TRNS|2025-05-20|89.65|97.08|86.9898|94.36|549433.0|81.18|152995.0|81.18|152995.0|1.0|10.43|2.38|6785507.0|4.0412839193327015|5.37|mi_security_types
XYF|2025-05-20|17.3|18.4|15.4106|15.84|1577993.0|15.0|401964.0|15.0|401964.0|1.0|15.33|3.88|1767291.0|7.813523809523809|8.47|mi_security_types
DY|2025-05-21|215.0|228.66|212.26|224.13|1282440.0|193.62|840732.0|193.62|840732.0|1.0|11.04|0.79|62011778.0|3.0420226658993315|3.44|mi_security_types
GOOS|2025-05-21|10.32|11.56|10.19|10.67|13713475.0|8.92|958945.0|8.92|958945.0|1.0|15.7|0.0|6428940.0|2.8270339525944923|17.59|mi_security_types
AAP|2025-05-22|43.07|50.04|41.62|49.17|27499829.0|31.31|4740938.0|31.31|4740938.0|1.0|37.56|0.0|60482335.0|4.5450335356116245|13.19|mi_security_types
RAMP|2025-05-22|32.08|35.2|31.22|33.5|2661924.0|28.07|659852.0|28.07|659852.0|1.0|14.29|0.0|12841287.0|2.631940556771336|5.46|mi_security_types
URBN|2025-05-22|70.95|73.68|70.0201|73.21|10604534.0|59.6|4415574.0|59.6|4415574.0|1.0|19.04|4.09|96168627.0|3.5198945349952084|5.33|mi_security_types
LTBR|2025-05-23|12.07|16.14|11.6|15.2|19607208.0|10.66|1134103.0|10.66|1134103.0|1.0|13.23|6.49|6616769.0|8.471388367729832|23.68|mi_security_types
MRUS|2025-05-23|50.2|57.45|49.0|55.14|7883815.0|41.6|1935116.0|41.6|1935116.0|1.0|20.67|3.79|33201644.0|6.670278159340658|8.69|polygon
NNE|2025-05-23|30.11|37.23|29.0401|35.86|19939986.0|27.57|3533068.0|27.57|3533068.0|1.0|9.21|7.28|40213207.0|7.868749676149026|10.6|mi_security_types
OKLO|2025-05-23|44.66|52.17|43.63|48.87|92503108.0|39.72|19220420.0|39.72|19220420.0|1.0|12.44|24.01|442994449.0|9.289095094231042|6.12|mi_security_types
SMR|2025-05-23|28.5|31.38|26.71|30.24|48870367.0|25.32|12221666.0|25.32|12221666.0|1.0|12.56|17.01|132330074.0|7.503582712705937|5.61|mi_security_types
UEC|2025-05-23|6.0|6.53|5.76|6.45|67071044.0|5.16|12240141.0|5.16|12240141.0|1.0|16.28|0.0|47151397.0|5.6951827242524935|7.6|mi_security_types
ARQQ|2025-05-27|27.63|32.9|25.5|26.4|3080311.0|25.11|1726768.0|25.11|1726768.0|1.0|10.04|3.46|7842309.0|12.046509643283834|3.03|mi_security_types
ATS|2025-05-27|29.895|31.5|29.67|30.62|744809.0|25.55|85683.0|25.55|85683.0|1.0|17.01|0.0|2760101.0|3.3645233435840103|7.02|mi_security_types
GYRE|2025-05-27|10.2|11.61|9.8|10.18|1976658.0|8.68|2106389.0|8.68|2106389.0|1.0|17.51|0.0|1073470.0|11.958278472679394|9.46|mi_security_types
MTAL|2025-05-27|12.03|12.795|11.97|12.29|2937620.0|10.15|229938.0|10.15|229938.0|1.0|18.52|2.22|2808977.0|2.9189303307529935|7.75|mi_security_types
VVPR|2025-05-27|6.75|6.75|5.63|6.04|1351638.0|6.13|1280801.0|6.13|1280801.0|1.0|10.11|34.43|1319739.0|8.94619319505943|3.02|polygon
ANF|2025-05-28|103.88|104.99|87.12|88.47|20394808.0|77.15|4373645.0|77.15|4373645.0|1.0|34.65|6.25|130596930.0|4.851393389500972|10.13|mi_security_types
BOX|2025-05-28|34.86|37.66|34.85|36.87|16887050.0|31.45|4116933.0|31.45|4116933.0|1.0|10.84|1.16|44360841.0|1.591006132182603|11.69|mi_security_types
JOBY|2025-05-28|8.02|9.06|7.99|8.86|98587665.0|6.88|11499494.0|6.88|11499494.0|1.0|16.57|3.77|73150966.0|4.612333887043187|8.6|mi_security_types
MNRO|2025-05-28|16.7|17.9499|16.14|16.75|3952128.0|12.77|1136526.0|12.77|1136526.0|1.0|30.78|3.23|11319728.0|5.220606331804453|4.48|mi_security_types
MTN|2025-05-28|170.33|175.51|163.368|164.64|3425976.0|151.5|777250.0|151.5|777250.0|1.0|12.43|4.48|74951769.0|2.51150400754361|6.69|mi_security_types
AI|2025-05-29|26.59|30.24|26.21|27.8|54978090.0|23.02|13115545.0|23.02|13115545.0|1.0|15.51|5.26|86006459.0|4.9349323569566845|12.86|mi_security_types
BBW|2025-05-29|51.99|55.565|48.05|52.03|873808.0|42.78|342532.0|42.78|342532.0|1.0|21.53|5.63|8186206.0|3.9356842316169085|3.65|mi_security_types
ELF|2025-05-29|108.87|120.81|108.58|111.84|16438228.0|90.5|6225705.0|90.5|6225705.0|1.0|20.3|14.47|149855972.0|4.546503551696921|6.56|mi_security_types
ORIC|2025-05-29|7.29|8.439|6.89|7.97|14471373.0|5.97|2167325.0|5.97|2167325.0|1.0|22.11|16.15|3964991.0|9.446159368269921|18.41|mi_security_types
VEEV|2025-05-29|268.59|285.7|264.33|279.04|6131275.0|234.49|2207479.0|234.49|2207479.0|1.0|14.54|0.64|261230611.0|2.4886410020530896|4.98|mi_security_types
PATH|2025-05-30|14.86|14.985|12.91|13.31|47394650.0|12.94|27435909.0|12.94|27435909.0|1.0|14.84|6.07|112939694.0|2.689114594833298|4.93|mi_security_types
ULTA|2025-05-30|468.16|491.98|466.83|471.46|4594522.0|421.79|1960045.0|421.79|1960045.0|1.0|10.99|4.21|247471216.0|2.5055562517569663|6.23|mi_security_types
APLD|2025-06-02|8.27|10.54|8.03|10.14|239746469.0|6.83|23461504.0|6.83|23461504.0|1.0|21.08|0.0|183891015.0|8.818657184689396|6.63|mi_security_types
BNTX|2025-06-02|106.66|115.99|106.3|113.1|5275478.0|95.81|1493649.0|95.81|1493649.0|1.0|11.32|0.0|76362925.0|4.101644624032684|5.88|mi_security_types
BPMC|2025-06-02|128.01|128.15|127.43|127.79|46416826.0|101.35|903308.0|101.35|903308.0|1.0|26.3|6.35|60424581.0|3.737578405807316|58.8|polygon
CENX|2025-06-02|19.17|20.43|18.13|18.79|7006633.0|15.49|1284744.0|15.49|1284744.0|1.0|23.76|0.0|20770738.0|4.666144056073045|4.54|mi_security_types
CLF|2025-06-02|7.19|7.52|6.96|7.18|119579783.0|5.83|47846305.0|5.83|47846305.0|1.0|23.33|0.0|177672123.0|7.045699583435434|4.12|mi_security_types
KYMR|2025-06-02|40.0|43.965|36.86|43.13|6320263.0|29.64|651485.0|29.64|651485.0|1.0|34.95|5.33|17263978.0|5.9021351455561994|9.71|mi_security_types
NUE|2025-06-02|122.91|125.75|117.89|120.4|7457326.0|109.36|3548189.0|109.36|3548189.0|1.0|12.39|0.8|229488591.0|2.7392948583969052|3.48|mi_security_types
TBPH|2025-06-02|10.0|11.21|9.975|11.15|1805918.0|9.16|200738.0|9.16|200738.0|1.0|9.17|0.11|2656472.0|3.9324703680598887|6.32|mi_security_types
VERA|2025-06-02|31.74|32.83|28.9|31.74|13253867.0|18.95|2214512.0|18.95|2214512.0|1.0|67.49|0.42|20300571.0|5.078062570674705|10.22|mi_security_types
CEG|2025-06-03|342.0|342.0|309.5|313.03|10696101.0|313.43|2097119.0|313.43|2097119.0|1.0|9.12|3.32|798630850.0|3.130560024794781|3.28|mi_security_types
CRDO|2025-06-03|74.95|80.99|71.33|71.92|22645770.0|62.65|7245109.0|62.65|7245109.0|1.0|19.63|2.77|193230570.0|5.2665830578041275|5.82|mi_security_types
CTRN|2025-06-03|31.455|33.21|30.01|32.87|708090.0|27.01|86263.0|27.01|86263.0|1.0|16.46|2.74|1280675.0|5.377902364203732|11.57|mi_security_types
DG|2025-06-03|106.96|113.61|106.08|112.57|15320275.0|97.17|4877964.0|97.17|4877964.0|1.0|10.08|0.1|303844325.0|2.7668078037019073|4.31|mi_security_types
FERG|2025-06-03|201.36|211.84|200.96|211.36|5199026.0|180.29|2121690.0|180.29|2121690.0|1.0|11.69|0.0|209615465.0|2.0011410188347343|3.66|mi_security_types
MLTX|2025-06-03|47.82|49.8246|47.0|48.55|3954008.0|41.16|529524.0|41.16|529524.0|1.0|16.18|7.83|10560354.0|4.453699847285857|12.78|mi_security_types
SIG|2025-06-03|77.94|78.09|72.11|75.13|3505104.0|66.81|2482063.0|66.81|2482063.0|1.0|16.66|0.66|64185727.0|3.379829794513222|3.26|mi_security_types
STR|2025-06-03|18.935|20.21|18.6401|19.97|10184601.0|17.32|747536.0|17.32|747536.0|1.0|9.32|1.46|10797916.0|2.7443912900033016|16.13|polygon
GCO|2025-06-04|26.17|26.17|21.0|22.29|916089.0|22.35|371789.0|22.35|371789.0|1.0|17.09|4.88|5050310.0|4.697986577181206|4.02|mi_security_types
GWRE|2025-06-04|246.95|263.2|238.6001|253.98|4554995.0|218.18|1566553.0|218.18|1566553.0|1.0|13.19|4.52|144101529.0|1.9110433063132675|5.87|mi_security_types
JFIN|2025-06-04|16.8|17.68|15.6|16.46|765577.0|15.2|309530.0|15.2|309530.0|1.0|10.53|19.12|1687044.0|6.7995300751879695|4.82|mi_security_types
REVG|2025-06-04|42.2|44.625|41.88|42.94|3554754.0|37.22|1002448.0|37.22|1002448.0|1.0|13.38|1.89|22330554.0|2.364320257925846|5.46|polygon
YEXT|2025-06-04|7.86|9.15|7.825|8.97|7667920.0|6.82|2368815.0|6.82|2368815.0|1.0|15.25|2.71|4044346.0|3.092794302471722|10.78|mi_security_types
GEF|2025-06-05|60.395|64.32|59.69|63.68|747404.0|55.07|153114.0|55.07|153114.0|1.0|9.67|0.42|6362975.0|1.8411761653998802|6.03|mi_security_types
MDB|2025-06-05|234.75|237.1799|222.06|225.38|13177632.0|199.73|6495235.0|199.73|6495235.0|1.0|17.53|5.99|374104750.0|3.037868980266217|5.2|mi_security_types
VRNT|2025-06-05|21.94|22.04|18.75|18.78|4370984.0|18.335|2076178.0|18.335|2076178.0|1.0|19.66|6.97|10410461.0|3.29381744516732|5.9|polygon
MANU|2025-06-06|15.35|16.48|14.16|16.41|1152831.0|13.81|152377.0|13.81|152377.0|1.0|11.15|0.0|2829587.0|3.2791455467052852|4.42|mi_security_types
NX|2025-06-06|20.8|21.815|18.825|18.9|1872610.0|17.09|383047.0|17.09|383047.0|1.0|21.71|4.85|5599347.0|3.853506645490259|5.69|mi_security_types
EVTL|2025-06-09|6.2|6.22|5.71|6.2|3004956.0|5.38|1405739.0|5.38|1405739.0|1.0|15.24|9.13|2841272.0|10.872145512480087|5.2|mi_security_types
GHM|2025-06-09|49.5|50.97|44.21|44.66|399122.0|42.0|63301.0|42.0|63301.0|1.0|17.86|6.71|2578748.0|3.614489795918367|6.24|mi_security_types
MTSR|2025-06-09|31.6|35.19|28.445|30.39|3182106.0|27.49|391897.0|27.49|391897.0|1.0|14.95|2.88|22401426.0|7.765784960764953|3.78|polygon
UMAC|2025-06-09|8.9|9.47|8.1|9.18|11437670.0|7.42|10186195.0|7.42|10186195.0|1.0|19.95|49.6|7261162.0|9.437042741624952|4.23|mi_security_types
CASY|2025-06-10|496.02|509.08|481.3001|490.2|1341457.0|439.29|693549.0|439.29|693549.0|1.0|12.91|0.14|178381963.0|1.9768246163452055|3.19|mi_security_types
INSM|2025-06-10|88.64|91.8599|86.0|90.93|15711546.0|70.68|1923201.0|70.68|1923201.0|1.0|25.41|0.0|141603157.0|3.5461536906783095|6.89|mi_security_types
QTRX|2025-06-10|5.62|6.61|5.54|6.58|2935137.0|5.06|812969.0|5.06|812969.0|1.0|11.07|0.0|3143961.0|7.346555618294751|4.0|mi_security_types
OUST|2025-06-11|18.22|20.8998|17.75|20.36|17407528.0|16.03|4544089.0|16.03|4544089.0|1.0|13.66|25.33|24854181.0|6.629667587559042|8.25|mi_security_types
PLAY|2025-06-11|28.85|30.8399|28.2|30.46|5464873.0|25.87|3346781.0|25.87|3346781.0|1.0|11.52|19.33|21026888.0|5.421862057540451|4.94|mi_security_types
SAIL|2025-06-11|22.57|23.83|22.0101|22.53|9691734.0|19.65|2608961.0|19.65|2608961.0|1.0|14.86|13.32|21581337.0|3.543475099963653|6.84|mi_security_types
CVGW|2025-06-12|26.36|27.88|25.09|27.68|2487384.0|23.58|803995.0|23.58|803995.0|1.0|11.79|1.73|5943530.0|4.849206349206346|7.09|mi_security_types
PL|2025-06-12|6.25|6.28|5.26|5.46|27345319.0|5.43|6863295.0|5.43|6863295.0|1.0|15.1|43.27|16273756.0|7.92449355432781|3.05|mi_security_types
NUKK|2025-06-13|15.38|17.28|13.13|13.99|5871468.0|12.12|253875.0|12.12|253875.0|1.0|26.9|0.0|3076965.0|13.478901461574727|19.7|polygon
RH|2025-06-13|211.0|221.88|187.2567|189.12|6802617.0|176.87|3606062.0|176.87|3606062.0|1.0|19.3|0.78|196448137.0|5.072203959324442|5.39|mi_security_types
CTLP|2025-06-16|10.85|11.01|10.8361|10.99|26096743.0|9.5|717400.0|9.5|717400.0|1.0|14.21|6.86|5957020.0|5.101503759398496|29.46|mi_security_types
SAGE|2025-06-16|9.09|9.15|8.96|9.07|27629683.0|6.7|647392.0|6.7|647392.0|1.0|35.67|1.52|4736243.0|3.970682302771854|39.81|polygon
SATS|2025-06-16|24.27|25.2899|23.87|25.11|15844856.0|16.84|5896035.0|16.84|5896035.0|1.0|44.12|5.32|65659769.0|9.01170682049542|3.8|mi_security_types
FEIM|2025-06-17|21.99|24.77|21.83|22.335|884300.0|19.6|138292.0|19.6|138292.0|1.0|12.19|6.35|2590924.0|5.718476676384839|5.77|mi_security_types
PCT|2025-06-17|13.75|15.47|13.48|14.12|20881143.0|11.87|2986359.0|11.87|2986359.0|1.0|15.84|9.7|31770537.0|5.41761944879047|6.61|mi_security_types
VERV|2025-06-17|11.035|11.405|10.85|11.38|83439303.0|6.27|3012420.0|6.27|3012420.0|1.0|76.0|2.79|12561863.0|8.520619731146049|28.02|polygon
WLY|2025-06-17|40.8|42.6|38.25|40.72|1703584.0|37.03|1079895.0|37.03|1079895.0|1.0|10.18|0.0|13687643.0|2.291539678253151|4.4|mi_security_types
GMS|2025-06-18|83.48|85.84|79.16|81.01|2170558.0|73.24|927840.0|73.24|927840.0|1.0|13.98|0.0|25989999.0|2.722448700944059|5.96|polygon
GOGO|2025-06-18|13.89|15.1|12.8801|14.4|7330640.0|12.53|1462304.0|12.53|1462304.0|1.0|10.85|7.83|16048648.0|4.706418880401324|4.26|mi_security_types
KFY|2025-06-18|76.7|77.98|71.01|71.07|1940309.0|66.76|403912.0|66.76|403912.0|1.0|14.89|0.26|22651154.0|2.063864161602326|5.97|mi_security_types
TMC|2025-06-18|6.065|7.3|5.91|6.75|47177221.0|5.44|13568984.0|5.44|13568984.0|1.0|11.49|28.3|38094720.0|8.90861344537815|4.98|mi_security_types
BASE|2025-06-20|24.45|25.16|24.05|24.49|13425023.0|18.93|567509.0|18.93|567509.0|1.0|29.16|0.0|12931507.0|4.102445098483133|18.63|polygon
GRRR|2025-06-20|22.1|27.8999|22.0|25.23|12300891.0|18.81|2443208.0|18.81|2443208.0|1.0|17.49|1.95|21156974.0|9.667724234829494|8.63|mi_security_types
KMX|2025-06-20|70.27|70.43|65.5|68.57|12458091.0|64.33|5626536.0|64.33|5626536.0|1.0|9.23|0.0|191040262.0|2.7914880859852063|3.44|mi_security_types
ZETA|2025-06-20|14.0|15.025|13.975|14.18|17994839.0|12.59|2969349.0|12.59|2969349.0|1.0|11.2|3.54|47874883.0|4.073527743106772|4.64|mi_security_types
CDTX|2025-06-23|40.63|45.39|37.76|44.95|6741757.0|21.02|397004.0|21.02|397004.0|1.0|93.29|0.0|4654163.0|7.496533913279871|33.35|polygon
CRMD|2025-06-23|16.74|17.43|15.75|16.56|7091502.0|13.61|1678393.0|13.61|1678393.0|1.0|23.0|0.22|17537104.0|5.153248661698332|4.95|mi_security_types
SPTN|2025-06-23|26.315|26.65|26.26|26.57|9138878.0|17.64|1283114.0|17.64|1283114.0|1.0|49.18|0.11|6337005.0|3.171161321671528|21.07|polygon
NKTR|2025-06-24|19.92|27.68|16.56|24.45|37172732.0|9.54|1527004.0|9.54|1527004.0|1.0|108.81|12.1|3161499.0|14.602575621443547|87.35|mi_security_types
AVAV|2025-06-25|223.84|250.0|223.5|234.94|6343615.0|193.28|1576279.0|193.28|1576279.0|1.0|15.81|3.54|133999266.0|4.3705098450804165|8.12|mi_security_types
BMBL|2025-06-25|6.02|6.6291|5.96|6.52|12167019.0|5.21|2280776.0|5.21|2280776.0|1.0|15.55|2.16|11947669.0|4.447491088565945|5.06|mi_security_types
KEP|2025-06-25|13.83|13.95|13.665|13.7|1891688.0|12.61|1389256.0|12.61|1389256.0|1.0|9.67|21.48|5026330.0|4.164155432196668|3.07|mi_security_types
TIGR|2025-06-25|9.15|10.21|9.1219|9.95|36504810.0|8.13|3479612.0|8.13|3479612.0|1.0|12.55|1.25|27266521.0|4.348093480934809|10.36|mi_security_types
WOR|2025-06-25|70.225|70.91|60.05|61.35|950454.0|60.15|523515.0|60.15|523515.0|1.0|16.75|3.03|11893167.0|1.7810236313976961|4.39|mi_security_types
MLKN|2025-06-26|19.21|20.34|18.605|19.82|2102000.0|17.62|1138926.0|17.62|1138926.0|1.0|9.02|4.2|7249964.0|2.941462623641965|4.63|mi_security_types
WS|2025-06-26|31.66|32.45|29.13|31.64|1024698.0|26.26|501866.0|26.26|501866.0|1.0|20.56|7.23|6359234.0|3.48030682189098|3.69|mi_security_types
APOG|2025-06-27|48.86|49.99|41.085|41.99|1517463.0|39.67|320933.0|39.67|320933.0|1.0|23.17|5.56|6750133.0|2.667362886672188|7.52|mi_security_types
INMB|2025-06-27|9.3|11.64|5.01|5.33|59890910.0|6.28|5564592.0|6.28|5564592.0|1.0|48.09|0.96|5730183.0|12.502161055505006|55.77|mi_security_types
MRC|2025-06-27|14.77|15.59|14.45|14.89|6385306.0|13.32|504908.0|13.32|504908.0|1.0|10.89|4.72|6736924.0|2.364864864864864|11.63|polygon
NKE|2025-06-27|69.79|74.19|69.69|72.04|117530345.0|62.54|39659773.0|62.54|39659773.0|1.0|11.59|5.09|818982960.0|2.670393805107588|7.97|mi_security_types
HPE|2025-06-30|20.69|20.97|20.12|20.45|58082007.0|18.41|17126458.0|18.41|17126458.0|1.0|12.38|3.37|258301536.0|2.2757041980290245|3.05|mi_security_types
DQ|2025-07-02|17.08|18.42|17.02|17.71|4331348.0|15.3|579214.0|15.3|579214.0|1.0|11.63|8.97|7834782.0|4.444444444444444|6.86|mi_security_types
GBX|2025-07-02|53.75|57.4|52.7916|56.91|2442891.0|47.0|1177266.0|47.0|1177266.0|1.0|14.36|3.84|9760148.0|2.2257750759878436|7.45|mi_security_types
DDOG|2025-07-03|147.45|156.53|146.91|155.15|29996896.0|135.01|4959225.0|135.01|4959225.0|1.0|9.21|4.24|582907551.0|2.898959865406791|6.45|mi_security_types
OLO|2025-07-03|10.1|10.14|10.07|10.12|43516475.0|8.91|1952022.0|8.91|1952022.0|1.0|13.36|4.7|9404369.0|3.6363636363636354|28.76|polygon
XPOF|2025-07-03|9.06|10.139|8.98|10.1|2684045.0|7.46|1739499.0|7.46|1739499.0|1.0|21.45|1.22|3660062.0|5.290788969743394|4.81|mi_security_types
COGT|2025-07-07|8.97|10.23|8.8|9.35|31658895.0|7.58|1862978.0|7.58|1862978.0|1.0|18.34|6.76|15819993.0|5.835469280060309|12.9|mi_security_types
KALV|2025-07-07|14.02|15.91|13.34|15.06|11302676.0|11.98|338543.0|11.98|338543.0|1.0|17.03|5.97|10221862.0|7.124314333412833|10.2|mi_security_types
WNS|2025-07-07|74.69|74.84|74.5|74.7|22593152.0|65.38|707465.0|65.38|707465.0|1.0|14.24|8.17|42584428.0|3.708692042127346|29.14|polygon
AES|2025-07-09|12.755|13.335|12.5|13.26|70142243.0|11.07|19675215.0|11.07|19675215.0|1.0|15.22|5.23|184279273.0|4.455284552845532|4.18|mi_security_types
KZIA|2025-07-09|9.8|10.79|7.8|9.53|10698233.0|6.825|322673.0|6.825|322673.0|1.0|43.59|8.85|1075890.0|12.490842490842489|4.02|mi_security_types
RYTM|2025-07-09|76.75|89.05|75.01|89.0|4796918.0|65.14|553711.0|65.14|553711.0|1.0|17.82|3.09|40346597.0|3.089938155182244|7.61|mi_security_types
VRNA|2025-07-09|104.85|104.93|104.73|104.77|65646572.0|86.86|1360752.0|86.86|1360752.0|1.0|20.71|0.0|91027222.0|3.9215486332686456|60.37|polygon
DAL|2025-07-10|56.2|57.82|54.8|56.78|46966379.0|50.7|12870393.0|50.7|12870393.0|1.0|10.85|3.47|503241927.0|3.2472809242040017|4.62|mi_security_types
IDR|2025-07-10|14.6|16.39|14.31|16.18|1914956.0|13.37|261737.0|13.37|261737.0|1.0|9.2|3.97|3562337.0|4.481301421091996|5.51|mi_security_types
KLG|2025-07-10|22.85|22.96|22.81|22.86|37353363.0|17.5|6407974.0|17.5|6407974.0|1.0|30.57|9.79|13577132.0|4.068857142857144|26.82|polygon
METC|2025-07-10|14.53|17.3294|14.4|16.63|7731650.0|12.7|1108572.0|12.7|1108572.0|1.0|14.41|27.25|13875955.0|10.165410573678292|4.63|mi_security_types
MP|2025-07-10|48.1|48.115|42.86|45.23|86416225.0|30.03|10367370.0|30.03|10367370.0|1.0|60.17|0.0|333882553.0|7.249726464012178|7.1|mi_security_types
NRIX|2025-07-10|14.48|14.5604|12.08|12.67|4412003.0|13.18|980173.0|13.18|980173.0|1.0|9.86|15.72|7386245.0|5.318339475395622|6.06|mi_security_types
POET|2025-07-10|6.8|7.28|6.56|7.01|8575410.0|6.1|4405087.0|6.1|4405087.0|1.0|11.48|18.33|7226842.0|8.673770491803277|4.02|mi_security_types
USAR|2025-07-10|11.64|11.71|10.81|11.0|8116348.0|9.79|666818.0|9.79|666818.0|1.0|18.9|1.87|22306744.0|9.485699693564865|3.19|mi_security_types
HOLO|2025-07-11|9.65|9.99|6.3101|6.91|52506130.0|6.04|2976583.0|6.04|2976583.0|1.0|59.77|25.96|6573398.0|7.8994796594134336|30.22|mi_security_types
LEVI|2025-07-11|21.75|22.19|20.96|21.95|16554484.0|19.73|8242719.0|19.73|8242719.0|1.0|10.24|4.56|39685844.0|2.6293172109188325|6.42|mi_security_types
RCAT|2025-07-11|8.1|9.06|7.71|8.57|42750231.0|6.78|7892867.0|6.78|7892867.0|1.0|19.47|0.0|57333784.0|5.937842393594604|4.69|mi_security_types
VEON|2025-07-11|56.95|59.68|49.05|49.4|1003184.0|45.48|109675.0|45.48|109675.0|1.0|25.22|5.13|7264731.0|5.07315617539892|3.55|mi_security_types
VBTX|2025-07-14|32.18|33.69|32.18|32.82|11069715.0|27.46|188097.0|27.46|188097.0|1.0|17.19|0.88|8913754.0|2.603787327021121|30.13|polygon
ANGO|2025-07-15|10.5|10.8|8.625|8.65|3040937.0|9.63|1320142.0|9.63|1320142.0|1.0|9.03|4.9|5031733.0|4.37798546209761|5.11|mi_security_types
GDS|2025-07-15|39.25|39.6799|37.39|37.72|7495358.0|35.0|3486856.0|35.0|3486856.0|1.0|12.14|8.59|53643346.0|4.659387755102039|4.42|mi_security_types
KC|2025-07-15|14.75|15.17|14.4495|15.09|6992091.0|12.71|3003880.0|12.71|3003880.0|1.0|16.05|10.33|20010090.0|4.776329099696527|3.84|mi_security_types
TTD|2025-07-15|85.26|86.0|80.32|80.4|43674070.0|75.43|8322969.0|75.43|8322969.0|1.0|13.03|2.54|448614120.0|3.4937311793337256|6.51|mi_security_types
VNET|2025-07-15|9.008|9.12|8.37|9.04|23994110.0|7.92|9659871.0|7.92|9659871.0|1.0|13.74|13.63|37898376.0|7.049963924963924|3.32|mi_security_types
ABVX|2025-07-16|10.02|10.255|9.25|9.88|2315571.0|8.85|738159.0|8.85|738159.0|1.0|13.22|14.19|2520786.0|5.84297659402744|5.9|mi_security_types
VCTR|2025-07-16|69.75|70.6006|68.07|69.67|2282399.0|63.69|297723.0|63.69|297723.0|1.0|9.51|0.0|18090904.0|2.4362088688513555|6.37|mi_security_types
MAN|2025-07-17|47.19|47.335|42.81|44.36|3000748.0|43.1|1501549.0|43.1|1501549.0|1.0|9.49|1.82|39115109.0|3.639144845873385|3.0|mi_security_types
MCRI|2025-07-17|107.42|113.88|101.38|104.83|678008.0|87.36|234641.0|87.36|234641.0|1.0|22.96|1.75|8697686.0|2.2999084249084283|5.66|mi_security_types
PGY|2025-07-17|26.0|29.85|25.8465|29.5|9603859.0|23.53|1885632.0|23.53|1885632.0|1.0|10.5|7.15|43018747.0|5.548054155788963|4.02|mi_security_types
SRPT|2025-07-17|22.54|22.86|20.94|21.97|19730520.0|18.38|13013977.0|18.38|13013977.0|1.0|22.63|6.12|100923930.0|5.813733872221361|3.03|mi_security_types
EOSE|2025-07-18|5.95|6.5|5.76|5.87|42044201.0|5.3|17475041.0|5.3|17475041.0|1.0|12.26|14.47|59200759.0|7.89245283018868|3.04|mi_security_types
KSCP|2025-07-18|9.24|10.14|8.36|10.09|2963535.0|8.2|2604690.0|8.2|2604690.0|1.0|12.68|25.19|2249748.0|9.03432055749129|4.93|mi_security_types
MESO|2025-07-18|15.4|16.07|14.88|15.62|2032747.0|12.34|499830.0|12.34|499830.0|1.0|24.8|18.09|1932120.0|4.80406344061125|8.97|mi_security_types
TLN|2025-07-18|310.0|330.99|302.49|328.63|4495262.0|264.0|903983.0|264.0|903983.0|1.0|17.42|0.0|245070876.0|4.284770021645018|4.06|mi_security_types
GCTK|2025-07-21|145.65|146.25|115.95|119.55|1242438.0|87.45|155059.0|5.83|2325885.0|0.06666666666666667|66.55|9.07|1289933.0|10.906150453320265|10.59|mi_security_types
NVTS|2025-07-21|7.48|9.48|7.3913|8.47|120768520.0|6.79|30469096.0|6.79|30469096.0|1.0|10.16|16.27|139212876.0|6.085104144750685|4.78|mi_security_types
UPXI|2025-07-21|8.53|10.62|8.01|8.15|36543300.0|7.48|27649822.0|7.48|27649822.0|1.0|14.04|43.85|23204265.0|14.037433155080215|4.21|mi_security_types
ZIMV|2025-07-21|18.755|18.805|18.72|18.76|10654397.0|8.44|201418.0|8.44|201418.0|1.0|122.22|0.0|1063098.0|5.491960054163847|70.15|polygon
AEHR|2025-07-22|19.25|21.8199|19.0601|20.1|6844054.0|16.45|1613975.0|16.45|1613975.0|1.0|17.02|18.69|21774840.0|7.854494138080765|3.53|mi_security_types
DHI|2025-07-22|144.63|153.75|141.0|153.5|13102861.0|131.22|6883887.0|131.22|6883887.0|1.0|10.22|1.08|541298118.0|3.351019008426411|3.02|mi_security_types
KSS|2025-07-22|19.75|21.39|12.3744|14.34|209344034.0|10.42|9403582.0|10.42|9403582.0|1.0|89.54|12.41|61406247.0|4.880038387715931|27.92|mi_security_types
MEDP|2025-07-22|445.59|501.2999|436.01|477.73|4473366.0|308.88|1120335.0|308.88|1120335.0|1.0|44.26|0.0|117826626.0|3.005304880304879|10.88|mi_security_types
PLCE|2025-07-22|6.03|7.23|5.52|6.94|6611920.0|5.22|547985.0|5.22|547985.0|1.0|15.52|4.61|2230775.0|5.7142857142857135|11.28|mi_security_types
STOK|2025-07-22|13.5|14.7818|13.31|13.57|2540195.0|12.31|617292.0|12.31|617292.0|1.0|9.67|4.77|6507156.0|5.160612742253683|4.11|mi_security_types
ATYR|2025-07-23|5.93|7.1|5.8|6.61|19355088.0|5.24|5448731.0|5.24|5448731.0|1.0|13.17|0.0|20573393.0|8.028353326063247|4.44|mi_security_types
FLWS|2025-07-23|7.68|8.44|6.82|6.94|4011793.0|6.65|4009732.0|6.65|4009732.0|1.0|15.49|29.13|1973210.0|5.019011815252418|6.45|mi_security_types
HMC|2025-07-23|33.51|34.51|33.51|34.4|3760122.0|30.41|732416.0|30.41|732416.0|1.0|10.19|1.37|26393294.0|1.8189975102175053|3.69|mi_security_types
LII|2025-07-23|679.44|689.44|657.89|660.8|1168258.0|619.97|598577.0|619.97|598577.0|1.0|9.59|3.82|180609508.0|2.1750015553748|3.57|mi_security_types
LW|2025-07-23|56.06|59.5|54.98|57.19|10537918.0|49.17|3397331.0|49.17|3397331.0|1.0|14.01|2.35|128217670.0|3.213951596501932|4.22|mi_security_types
MANH|2025-07-23|245.0|247.22|212.34|217.71|1903666.0|202.79|649061.0|202.79|649061.0|1.0|20.81|3.38|99807354.0|2.0057096362880675|3.69|mi_security_types
PRG|2025-07-23|33.85|35.4373|30.83|33.37|1127354.0|28.61|414053.0|28.61|414053.0|1.0|18.32|1.45|11022068.0|2.9446497228741193|3.02|mi_security_types
TM|2025-07-23|191.06|193.19|190.64|193.18|1922969.0|169.99|415000.0|169.99|415000.0|1.0|12.39|0.79|68737179.0|1.3019925541838586|4.27|mi_security_types
TMO|2025-07-23|473.255|487.93|465.5501|466.71|8928524.0|427.62|3674199.0|427.62|3674199.0|1.0|10.67|5.6|1116929775.0|3.1722423780793347|3.24|mi_security_types
VICR|2025-07-23|62.65|63.0|51.12|52.68|2479014.0|45.2|690617.0|45.2|690617.0|1.0|38.61|0.0|9074225.0|3.416450695322378|8.76|mi_security_types
AEO|2025-07-24|12.0|12.135|11.16|11.28|44649561.0|10.82|17514018.0|10.82|17514018.0|1.0|10.91|10.07|66446523.0|3.9908238711381023|6.06|mi_security_types
BE|2025-07-24|30.45|33.91|29.9|33.06|39241177.0|26.89|6069066.0|26.89|6069066.0|1.0|13.24|10.61|157401441.0|6.3132338097008995|5.12|mi_security_types
ICLR|2025-07-24|202.04|210.9999|190.28|195.01|4523747.0|167.89|2868803.0|167.89|2868803.0|1.0|20.34|20.24|175351569.0|4.030062200590524|3.1|mi_security_types
MXL|2025-07-24|19.8|20.0|16.71|17.25|11124590.0|15.32|2066481.0|15.32|2066481.0|1.0|29.24|6.39|12115150.0|4.821801566579633|10.33|mi_security_types
SEI|2025-07-24|33.95|36.4|32.36|33.84|4581476.0|29.41|2546165.0|29.41|2546165.0|1.0|15.44|4.03|35252012.0|5.678316413270511|3.24|mi_security_types
WST|2025-07-24|281.86|291.0|270.59|279.1|2765222.0|227.31|1126698.0|227.31|1126698.0|1.0|24.0|8.2|142299556.0|2.9191978229856015|3.93|mi_security_types
COUR|2025-07-25|11.55|12.49|11.0|12.37|26712544.0|9.08|5015723.0|9.08|5015723.0|1.0|27.2|7.71|14789119.0|3.3304751415984857|13.1|mi_security_types
DECK|2025-07-25|123.435|126.5|116.6|116.85|15343381.0|104.94|8710877.0|104.94|8710877.0|1.0|17.62|10.09|335201512.0|2.958942524980261|4.06|mi_security_types
FIX|2025-07-25|665.3|699.39|648.23|688.74|1254317.0|562.83|511007.0|562.83|511007.0|1.0|18.21|5.77|171982670.0|3.0587452186780597|3.84|mi_security_types
KN|2025-07-25|20.4|20.8|19.28|20.39|2017944.0|18.66|1159390.0|18.66|1159390.0|1.0|9.32|6.51|8598660.0|2.517838003368549|3.39|mi_security_types
SAIA|2025-07-25|349.21|355.0|312.8868|333.61|2068697.0|311.79|1189622.0|311.79|1189622.0|1.0|12.0|9.1|174776919.0|3.6300715224991196|3.31|mi_security_types
SCHL|2025-07-25|24.78|27.025|23.8|26.7|1164403.0|21.55|331252.0|21.55|331252.0|1.0|14.99|2.47|4574532.0|3.175339741465028|5.16|mi_security_types
CELC|2025-07-28|45.96|46.42|35.0|36.79|27636771.0|13.77|1422329.0|13.77|1422329.0|1.0|233.77|1.7|3017013.0|4.762630978317251|88.91|mi_security_types
AMKR|2025-07-29|24.52|26.31|24.375|25.08|9435078.0|21.23|4101951.0|21.23|4101951.0|1.0|15.5|0.43|32837257.0|2.832817441625728|5.69|mi_security_types
CECO|2025-07-29|38.9|41.05|37.15|40.35|1020416.0|34.71|435222.0|34.71|435222.0|1.0|12.07|10.02|7147823.0|3.551282051282051|4.48|mi_security_types
GTLS|2025-07-29|198.8|199.5|198.1|198.8|21043883.0|171.65|389332.0|171.65|389332.0|1.0|15.82|2.61|85418564.0|2.301065290666224|33.04|mi_security_types
PHG|2025-07-29|27.3448|27.4315|26.7662|27.0169|3357082.0|24.7414|1941522.0|25.6599901881584|1872018.3467945242|1.037127656|10.52|4.56|21697456.0|1.8054469720503157|3.22|mi_security_types
PII|2025-07-29|56.15|61.28|53.78|57.81|6167812.0|49.48|1762157.0|49.48|1762157.0|1.0|13.48|5.12|59700672.0|4.4494167917773435|4.25|mi_security_types
SOFI|2025-07-29|23.11|25.11|22.255|22.4|236127444.0|21.02|59105947.0|21.02|59105947.0|1.0|9.94|0.19|1294060316.0|4.147410629332607|3.39|mi_security_types
TRS|2025-07-29|36.47|36.77|33.7|34.87|1403175.0|31.48|358333.0|31.48|358333.0|1.0|15.85|3.01|9936440.0|2.3820793247413317|4.55|mi_security_types
WGS|2025-07-29|105.31|106.68|89.0001|91.78|3322683.0|84.91|1499977.0|84.91|1499977.0|1.0|24.03|8.38|53039453.0|5.028610125006307|4.64|mi_security_types
XPRO|2025-07-29|11.0|12.1|10.51|11.89|6398947.0|9.0|1497304.0|9.0|1497304.0|1.0|22.22|7.78|8166424.0|4.630079365079367|6.73|mi_security_types
ATRC|2025-07-30|37.7|38.11|34.4|35.13|2850054.0|31.73|841767.0|31.73|841767.0|1.0|18.82|8.52|12094139.0|4.049750123812525|6.07|mi_security_types
BLKB|2025-07-30|71.0|74.88|70.22|71.61|721984.0|64.5|312315.0|64.5|312315.0|1.0|10.08|0.69|13367957.0|2.090808416389807|3.22|mi_security_types
FSS|2025-07-30|117.495|128.5|116.44|123.95|2589633.0|104.86|1230001.0|104.86|1230001.0|1.0|12.05|0.0|63998260.0|2.5026225443448418|3.78|mi_security_types
FTAI|2025-07-30|126.45|146.4999|126.2|144.46|7157646.0|114.14|1213011.0|114.14|1213011.0|1.0|10.79|3.84|143867369.0|3.7612330721670104|5.34|mi_security_types
GNRC|2025-07-30|165.0|181.9|154.49|181.0|4934687.0|151.32|1721224.0|151.32|1721224.0|1.0|9.04|0.71|129296428.0|2.4330463351081932|5.5|mi_security_types
HOG|2025-07-30|26.79|28.55|25.69|26.02|13785878.0|22.95|4113926.0|22.95|4113926.0|1.0|16.73|0.0|31832046.0|3.9052287581699345|8.97|mi_security_types
LC|2025-07-30|16.7|17.24|14.9|15.89|10107995.0|13.11|4797381.0|13.11|4797381.0|1.0|27.38|2.34|19435328.0|3.179960771493953|6.02|mi_security_types
PTON|2025-07-30|6.815|7.48|6.59|7.34|44271018.0|6.18|10308981.0|6.18|10308981.0|1.0|10.28|0.0|57742899.0|5.075011558021267|4.71|mi_security_types
TER|2025-07-30|105.73|110.495|102.48|107.65|19844252.0|90.55|6754466.0|90.55|6754466.0|1.0|16.76|0.44|285518844.0|3.7085745838920867|5.56|mi_security_types
VFC|2025-07-30|15.0|15.4|12.7|12.72|28631971.0|12.4|14263034.0|12.4|14263034.0|1.0|20.97|0.0|88335157.0|4.31451612903226|3.75|mi_security_types
WING|2025-07-30|371.0|375.0|351.1|368.26|2957916.0|290.3|1424468.0|290.3|1424468.0|1.0|27.8|0.3|190117414.0|3.8605875695093745|4.6|mi_security_types
ZWS|2025-07-30|42.0|44.14|41.48|42.94|4094116.0|38.27|1664326.0|38.27|1664326.0|1.0|9.75|4.02|31463228.0|2.014502221060882|4.49|mi_security_types
AGCO|2025-07-31|116.25|121.16|111.87|117.97|3156310.0|106.64|1451248.0|106.64|1451248.0|1.0|9.01|0.22|74064686.0|2.823913567677633|4.05|mi_security_types
ALHC|2025-07-31|15.0|16.24|13.49|13.78|14901966.0|13.0|9027194.0|13.0|9027194.0|1.0|15.38|11.68|41514711.0|4.420329670329671|4.6|mi_security_types
ARGX|2025-07-31|688.375|689.13|665.0|670.33|1377330.0|598.89|565265.0|598.89|565265.0|1.0|14.94|5.78|220868462.0|2.01930118337973|3.57|mi_security_types
CCRD|2025-07-31|29.02|29.75|28.75|28.95|815992.0|26.31|65628.0|26.31|65628.0|1.0|10.3|0.0|1723307.0|5.059293044469781|14.47|polygon
CGNX|2025-07-31|38.52|42.14|38.47|40.77|7008204.0|33.76|2167766.0|33.76|2167766.0|1.0|14.1|0.09|56933644.0|2.5149162153012905|4.0|mi_security_types
CHRW|2025-07-31|110.47|116.159|104.95|115.32|6470089.0|97.65|2255299.0|97.65|2255299.0|1.0|13.13|0.86|102657225.0|2.2144685831321773|5.87|mi_security_types
CVNA|2025-07-31|78.047|82.667|76.7|78.034|54420920.0|66.718|19931805.0|333.59000000000003|3986361.0|5.0|16.98|2.3|898609179.0|3.79061337056181|4.2|mi_security_types
DSP|2025-07-31|14.98|15.06|13.88|14.5|526140.0|13.53|324379.0|13.53|324379.0|1.0|10.72|0.15|2182667.0|4.262960616619153|3.24|mi_security_types
EBAY|2025-07-31|88.2|92.79|87.75|91.75|20280217.0|77.56|8042903.0|77.56|8042903.0|1.0|13.72|0.0|337368265.0|2.0751768216311812|4.29|mi_security_types
EVTC|2025-07-31|35.74|36.75|34.8162|36.15|1185040.0|32.77|408662.0|32.77|408662.0|1.0|9.06|0.0|11848091.0|2.3292427743144835|3.46|mi_security_types
HDSN|2025-07-31|9.33|9.7|9.1|9.39|2995388.0|8.32|568343.0|8.32|568343.0|1.0|12.14|2.84|2139696.0|3.113152472527475|10.73|mi_security_types
INDV|2025-07-31|20.865|21.01|19.31|20.2|24098629.0|17.4|8828416.0|17.4|8828416.0|1.0|19.91|11.54|25859292.0|3.263546798029557|9.58|mi_security_types
MDXG|2025-07-31|7.6|7.99|7.11|7.19|2778937.0|6.52|1389715.0|6.52|1389715.0|1.0|16.56|0.0|4503510.0|4.687445223488167|3.0|mi_security_types
META|2025-07-31|775.2|784.75|765.51|773.44|38831098.0|695.21|27077286.0|695.21|27077286.0|1.0|11.51|0.0|7215856363.0|1.9586774397047573|3.52|mi_security_types
MOD|2025-07-31|125.0|139.12|123.87|134.56|4508237.0|113.62|2625391.0|113.62|2625391.0|1.0|10.02|21.25|95197583.0|4.131968717781074|3.54|mi_security_types
PI|2025-07-31|145.0|164.351615|142.0|154.58|2704083.0|122.21|927385.0|122.21|927385.0|1.0|18.65|7.93|50045842.0|4.513372765848013|5.92|mi_security_types
RBLX|2025-07-31|149.6|150.59|135.65|137.79|24665775.0|124.94|11351652.0|124.94|11351652.0|1.0|19.74|5.77|911752194.0|3.981356765533169|3.07|mi_security_types
RSI|2025-07-31|18.55|20.32|17.46|20.16|11199490.0|16.06|2964528.0|16.06|2964528.0|1.0|15.5|10.38|17178940.0|3.1103006582458628|8.76|mi_security_types
RTO|2025-07-31|25.14|25.51|24.75|24.77|2572957.0|23.04|870367.0|23.04|870367.0|1.0|9.11|0.0|17478872.0|2.4150855654761934|3.41|mi_security_types
TENB|2025-07-31|35.57|35.57|31.2|31.31|4457746.0|32.24|2818188.0|32.24|2818188.0|1.0|10.33|0.0|37254133.0|2.6674937965260557|3.33|mi_security_types
TMDX|2025-07-31|123.61|124.5|111.3|118.97|3869076.0|107.7|2162867.0|107.7|2162867.0|1.0|14.77|3.95|92217629.0|5.6350245390635365|3.65|mi_security_types
ATEC|2025-08-01|11.975|13.89|11.66|13.77|13007890.0|10.58|3497375.0|10.58|3497375.0|1.0|13.19|0.0|14698423.0|3.7868620037807212|8.82|mi_security_types
BFAM|2025-08-01|127.37|130.76|120.36|125.1|1620844.0|113.1|550504.0|113.1|550504.0|1.0|12.62|1.18|61025073.0|1.8272956928129338|3.1|mi_security_types
BIO|2025-08-01|270.93|291.865|270.93|284.6|1108352.0|241.95|431119.0|241.95|431119.0|1.0|11.98|0.0|64615578.0|3.37409441147817|3.97|mi_security_types
CPS|2025-08-01|28.565|30.815|26.15|26.34|947014.0|24.1|265786.0|24.1|265786.0|1.0|18.53|4.97|3674150.0|4.872999407231773|5.78|mi_security_types
FLGT|2025-08-01|19.25|19.51|18.32|18.53|1079760.0|17.18|442240.0|17.18|442240.0|1.0|12.05|0.0|4605677.0|3.8294528521536657|4.07|mi_security_types
IRTC|2025-08-01|156.45|168.32|152.16|164.97|1883850.0|140.18|861461.0|140.18|861461.0|1.0|11.61|5.96|58412940.0|2.577502394880052|4.42|mi_security_types
NVT|2025-08-01|88.455|89.91|84.99|89.88|6166397.0|78.42|3964556.0|78.42|3964556.0|1.0|12.8|5.08|125571889.0|2.7129558786023957|3.04|mi_security_types
RDDT|2025-08-01|182.0|196.6799|177.77|188.64|27258289.0|160.59|19988941.0|160.59|19988941.0|1.0|13.33|10.87|755699042.0|4.730040119914954|4.66|mi_security_types
TILE|2025-08-01|23.97|25.505|23.37|24.61|1189107.0|20.62|430103.0|20.62|430103.0|1.0|16.25|0.0|6209683.0|2.7608078148815296|3.67|mi_security_types
WK|2025-08-01|74.4|84.94|73.09|84.3|3792589.0|63.83|723441.0|63.83|723441.0|1.0|16.56|0.0|33617146.0|2.831181038920348|7.16|mi_security_types
COMM|2025-08-04|13.83|15.15|12.89|14.51|75863941.0|7.79|7327699.0|7.79|7327699.0|1.0|77.54|0.0|35645612.0|5.936548688795154|16.96|polygon
ENR|2025-08-04|27.33|28.6181|26.77|28.05|4240221.0|22.14|1122304.0|22.14|1122304.0|1.0|23.44|0.0|24400670.0|3.4323783714027605|3.73|mi_security_types
IDXX|2025-08-04|662.24|688.12|643.73|682.78|3331906.0|535.54|760497.0|535.54|760497.0|1.0|23.66|0.23|257715693.0|2.4956319122487884|5.99|mi_security_types
SCS|2025-08-04|14.7|17.13|14.62|16.58|20811621.0|10.18|837842.0|10.18|837842.0|1.0|44.4|0.0|8686285.0|2.8978388998035394|23.67|polygon
VSAT|2025-08-04|18.38|20.6362|18.31|20.28|10203852.0|16.58|4508746.0|16.58|4508746.0|1.0|10.86|12.87|33563920.0|6.388936756849907|4.07|mi_security_types
ACLS|2025-08-05|80.0|84.37|75.9824|78.01|1579647.0|70.88|649115.0|70.88|649115.0|1.0|12.87|4.71|31608749.0|4.455256368913255|3.45|mi_security_types
AIP|2025-08-05|14.28|14.29|12.3|13.0|21920225.0|9.45|3393077.0|9.45|3393077.0|1.0|51.11|4.42|3680881.0|6.652532123960696|37.93|mi_security_types
AMRC|2025-08-05|21.65|25.07|20.79|24.88|3224588.0|16.7|670212.0|16.7|670212.0|1.0|29.64|5.23|10736693.0|6.004704875962362|3.8|mi_security_types
AXGN|2025-08-05|14.9|14.915|12.75|13.72|4950147.0|12.55|1553167.0|12.55|1553167.0|1.0|18.73|0.0|13631153.0|6.172453044963007|3.32|mi_security_types
AXON|2025-08-05|818.0|885.915|802.9601|867.12|2534971.0|744.88|769837.0|744.88|769837.0|1.0|9.82|2.21|388030241.0|3.030447857373|4.01|mi_security_types
BWXT|2025-08-05|176.045|189.25|173.5|182.0|4758221.0|154.51|1642119.0|154.51|1642119.0|1.0|13.94|3.35|137158150.0|2.6214207124827813|4.51|mi_security_types
CSTL|2025-08-05|19.85|21.3325|18.68|20.35|2024883.0|15.32|884159.0|15.32|884159.0|1.0|29.57|4.57|6176587.0|5.236059306229017|5.14|mi_security_types
DOCN|2025-08-05|30.99|35.28|29.51|34.81|10661062.0|27.01|3440008.0|27.01|3440008.0|1.0|14.74|4.93|42646570.0|4.462103982651929|6.34|mi_security_types
FTDR|2025-08-05|64.61|64.91|50.75|56.16|1946756.0|58.49|699352.0|58.49|699352.0|1.0|10.46|0.67|33423130.0|2.311017756393033|3.48|mi_security_types
FWRG|2025-08-05|19.465|19.5|16.695|17.85|2625497.0|17.24|1465129.0|17.24|1465129.0|1.0|12.91|2.74|9937027.0|5.008493536625788|3.6|mi_security_types
HLIO|2025-08-05|44.29|48.715|44.0301|48.12|1306725.0|36.71|412124.0|36.71|412124.0|1.0|20.65|3.61|13292366.0|3.6103241623535793|3.68|mi_security_types
LMND|2025-08-05|41.38|49.3|40.98|47.93|13260431.0|37.0|2530720.0|37.0|2530720.0|1.0|11.84|1.98|72846701.0|5.719864864864864|6.6|mi_security_types
LSCC|2025-08-05|54.565|57.14|53.0625|56.14|8074631.0|48.73|4952780.0|48.73|4952780.0|1.0|11.97|0.0|97850274.0|4.316466828882178|3.9|mi_security_types
MDGL|2025-08-05|350.0|350.0|314.795|338.91|1233153.0|312.11|404945.0|312.11|404945.0|1.0|12.14|7.67|101432376.0|5.225490555069867|3.22|mi_security_types
NGVT|2025-08-05|46.83|49.73|45.66|49.56|1240845.0|40.85|318874.0|40.85|318874.0|1.0|14.64|1.11|8524722.0|3.271218744535758|5.86|mi_security_types
PRAA|2025-08-05|18.57|18.57|15.45|15.56|951314.0|15.63|370466.0|15.63|370466.0|1.0|18.81|3.78|4529278.0|3.2748377662005286|3.12|mi_security_types
PRIM|2025-08-05|110.69|112.98|100.34|108.59|2765037.0|93.09|1338046.0|93.09|1338046.0|1.0|18.91|2.14|71773185.0|3.0002532111781193|3.13|mi_security_types
SNDX|2025-08-05|12.41|12.99|11.9104|12.57|9129764.0|10.38|3199456.0|10.38|3199456.0|1.0|19.56|8.46|17295500.0|5.670244976603356|4.8|mi_security_types
SNN|2025-08-05|35.32|35.88|34.73|35.48|3882381.0|30.79|1622607.0|30.79|1622607.0|1.0|14.71|0.75|26970087.0|1.68034612350949|3.4|mi_security_types
STAA|2025-08-05|26.77|27.17|26.71|27.02|40320087.0|18.49|1228138.0|18.49|1228138.0|1.0|44.78|4.11|10841016.0|3.934520590280463|60.45|mi_security_types
TCMD|2025-08-05|13.39|13.825|11.02|12.54|1044848.0|9.89|204152.0|9.89|204152.0|1.0|35.39|2.49|1822315.0|3.9392156579517565|5.67|mi_security_types
TDW|2025-08-05|55.0|64.07|54.505|63.19|4518058.0|48.91|950869.0|48.91|950869.0|1.0|12.45|2.9|36758517.0|4.0358384204223485|5.45|mi_security_types
VVX|2025-08-05|53.83|57.04|53.045|55.88|1165537.0|48.5|302039.0|48.5|302039.0|1.0|10.99|2.65|8608033.0|2.871914580265093|6.31|mi_security_types
XMTR|2025-08-05|38.67|47.4595|37.6001|44.28|6212262.0|30.97|716425.0|30.97|716425.0|1.0|24.86|0.0|20081361.0|5.023340559988931|9.94|mi_security_types
ANGI|2025-08-06|18.26|18.9499|17.79|18.26|2283872.0|15.67|1568957.0|15.67|1568957.0|1.0|16.53|0.0|10866182.0|3.742410429391922|3.36|mi_security_types
CPRI|2025-08-06|20.6|21.5|19.609|20.84|12219176.0|18.2|4753957.0|18.2|4753957.0|1.0|13.19|7.12|47364625.0|4.686028257456828|4.56|mi_security_types
CYRX|2025-08-06|8.6|9.35|8.24|8.75|9690858.0|6.74|651537.0|6.74|651537.0|1.0|27.6|0.0|3121267.0|6.626642645188638|21.83|mi_security_types
DCTH|2025-08-06|12.43|13.44|10.595|10.64|2771262.0|10.52|1459359.0|10.52|1459359.0|1.0|18.16|0.0|7218130.0|4.918794133623032|3.73|mi_security_types
EXTR|2025-08-06|20.5|21.345|18.83|20.15|4427177.0|17.67|1251742.0|17.67|1251742.0|1.0|16.02|2.32|18497644.0|2.960021020292665|4.28|mi_security_types
FLYW|2025-08-06|13.095|13.23|11.85|12.12|7243113.0|10.38|4015484.0|10.38|4015484.0|1.0|26.16|0.48|25914341.0|4.304225158271399|3.11|mi_security_types
GO|2025-08-06|15.95|18.9|15.65|18.58|22567700.0|13.02|3880554.0|13.02|3880554.0|1.0|22.5|0.0|33170654.0|3.6567368883037124|8.88|mi_security_types
HNGE|2025-08-06|54.845|62.0|52.25|60.55|2983340.0|48.22|1674377.0|48.22|1674377.0|1.0|13.74|10.57|24142040.0|5.501555371215263|4.77|mi_security_types
INTR|2025-08-06|7.35|7.51|7.02|7.46|6974656.0|6.53|1820490.0|6.53|1820490.0|1.0|12.56|0.62|14239526.0|3.564537300371911|3.62|mi_security_types
KVYO|2025-08-06|35.47|36.5|34.82|35.31|6093088.0|30.7|4508881.0|30.7|4508881.0|1.0|15.54|3.3|35142473.0|3.5224755700325745|4.36|mi_security_types
LRN|2025-08-06|149.0|161.31|145.95|148.32|2365629.0|128.23|823320.0|128.23|823320.0|1.0|16.2|0.0|73292060.0|2.2214101892804248|4.22|mi_security_types
PAYO|2025-08-06|7.28|7.6194|7.15|7.42|11248371.0|6.5|5174852.0|6.5|5174852.0|1.0|12.0|3.5|15734712.0|2.7626373626373626|3.98|mi_security_types
PRCH|2025-08-06|15.3|17.38|15.01|16.04|7010025.0|13.16|2827194.0|13.16|2827194.0|1.0|16.26|6.99|23162459.0|5.52317629179331|3.94|mi_security_types
RIGL|2025-08-06|27.18|30.4298|26.0|29.81|2295167.0|24.24|1170134.0|24.24|1170134.0|1.0|12.13|21.81|3935714.0|4.50097241867044|9.45|mi_security_types
RNG|2025-08-06|29.65|30.5999|28.03|29.99|6545484.0|23.62|1776884.0|23.62|1776884.0|1.0|25.53|0.0|37681073.0|3.68483125680416|4.4|mi_security_types
SHOP|2025-08-06|145.16|156.3899|145.11|154.9|38572096.0|127.0|9223309.0|127.0|9223309.0|1.0|14.3|7.08|862308391.0|3.6074184476940383|4.93|mi_security_types
U|2025-08-06|37.95|38.9|29.75|31.92|46063560.0|33.94|16419956.0|33.94|16419956.0|1.0|11.81|6.63|437792940.0|5.9786387743076|3.14|mi_security_types
WIX|2025-08-06|144.25|145.0|127.23|128.49|3513401.0|128.09|2570430.0|128.09|2570430.0|1.0|12.62|0.0|99910421.0|3.677787939283768|3.83|mi_security_types
XPEL|2025-08-06|36.98|36.98|32.75|34.52|533119.0|32.75|237192.0|32.75|237192.0|1.0|12.92|4.0|5052960.0|3.8222464558342417|3.29|mi_security_types
ALNT|2025-08-07|46.86|48.22|39.365|42.285|553622.0|40.11|178045.0|40.11|178045.0|1.0|16.83|5.5|6412420.0|3.7969868575702512|3.29|mi_security_types
AMPL|2025-08-07|13.81|14.49|11.92|12.6|4769117.0|12.22|1766495.0|12.22|1766495.0|1.0|13.01|5.8|14040909.0|4.067044657470189|4.04|mi_security_types
APPN|2025-08-07|31.0|32.42|28.87|29.18|3981674.0|26.95|840968.0|26.95|840968.0|1.0|15.03|0.0|22590914.0|4.102835939570635|4.89|mi_security_types
ARIS|2025-08-07|24.41|24.78|23.775|23.78|6812455.0|19.93|509510.0|19.93|509510.0|1.0|22.48|1.22|11851482.0|3.656942154684253|10.84|mi_security_types
ASLE|2025-08-07|7.54|7.9425|6.88|7.59|1601619.0|6.16|366402.0|6.16|366402.0|1.0|22.4|4.23|1650114.0|3.6120129870129887|5.55|mi_security_types
AVDL|2025-08-07|14.0|14.23|11.625|12.74|3983687.0|11.1|1611449.0|11.1|1611449.0|1.0|26.13|5.61|9859840.0|3.91917631917632|3.98|polygon
BLBD|2025-08-07|51.765|55.7|50.97|52.31|2491745.0|44.14|726405.0|44.14|726405.0|1.0|17.27|1.87|17176732.0|3.066832804712278|5.83|mi_security_types
BROS|2025-08-07|69.56|71.8|66.5|70.27|13974741.0|57.79|7256607.0|57.79|7256607.0|1.0|20.37|1.9|137874699.0|3.705510098138581|4.93|mi_security_types
CELH|2025-08-07|51.01|53.0728|49.77|50.12|23737629.0|42.74|12816512.0|42.74|12816512.0|1.0|19.35|0.0|201864398.0|3.807072665285114|4.62|mi_security_types
CIVI|2025-08-07|31.0|32.83|29.4|30.09|5986012.0|27.85|3227679.0|27.85|3227679.0|1.0|11.31|0.0|52484265.0|4.81033598358553|3.26|polygon
CRNC|2025-08-07|9.94|9.98|8.961|9.12|5433692.0|8.58|1852019.0|8.58|1852019.0|1.0|15.85|5.41|14340438.0|5.742174492174494|3.69|mi_security_types
DUOL|2025-08-07|446.0|468.0|378.0001|390.84|8187946.0|343.61|3158553.0|343.61|3158553.0|1.0|29.8|2.97|338139805.0|4.240056209905747|7.71|mi_security_types
EPAM|2025-08-07|164.97|166.35|153.85|157.74|2386080.0|151.31|1183117.0|151.31|1183117.0|1.0|9.03|1.33|96605436.0|2.984199892368548|3.7|mi_security_types
FSLY|2025-08-07|7.53|7.779|7.2001|7.46|10471270.0|6.52|4252111.0|6.52|4252111.0|1.0|15.49|2.52|14465446.0|4.303790534618755|4.73|mi_security_types
GH|2025-08-07|52.03|53.6807|48.25|50.39|8584685.0|44.59|3142918.0|44.59|3142918.0|1.0|16.69|8.81|89904934.0|4.768814276102908|3.47|mi_security_types
GRPN|2025-08-07|39.0|43.08|35.83|36.89|4222055.0|30.67|1814765.0|30.67|1814765.0|1.0|27.16|5.54|37286585.0|5.801248311518934|3.77|mi_security_types
HL|2025-08-07|6.96|7.405|6.94|7.22|67811966.0|6.11|21875536.0|6.11|21875536.0|1.0|13.91|7.38|111758583.0|3.8292027121814334|3.51|mi_security_types
IBP|2025-08-07|230.925|263.195|230.925|255.21|1764782.0|211.82|696916.0|211.82|696916.0|1.0|9.02|4.71|77656381.0|3.731712909883055|3.66|mi_security_types
MATV|2025-08-07|7.795|8.6|7.78|8.46|1515102.0|6.28|360230.0|6.28|360230.0|1.0|24.12|0.32|2853118.0|5.131369426751589|3.02|mi_security_types
MEG|2025-08-07|29.7|32.0|22.85|24.53|1334464.0|22.61|404649.0|22.61|404649.0|1.0|31.36|9.92|6568800.0|5.438775510204081|4.54|mi_security_types
MQ|2025-08-07|25.78|27.36|25.44|27.32|4640489.0|22.72|1553350.0|5.68|6213400.0|0.25|13.47|2.71|28229031.0|2.6071428571428577|4.15|mi_security_types
NBIS|2025-08-07|64.37|70.54|63.38|65.31|44064989.0|55.09|9731086.0|55.09|9731086.0|1.0|16.85|9.31|489674087.0|5.964120530041749|3.83|mi_security_types
OM|2025-08-07|15.57|17.2|14.09|14.18|1191047.0|13.17|449412.0|13.17|449412.0|1.0|18.22|0.0|5357756.0|8.408721119427266|3.83|mi_security_types
PODD|2025-08-07|317.0|322.8|286.68|303.55|1787833.0|277.3|1016719.0|277.3|1016719.0|1.0|14.32|0.0|157295819.0|2.0220493534593804|3.23|mi_security_types
PRSU|2025-08-07|35.645|37.93|33.99|35.01|829815.0|30.05|642418.0|30.05|642418.0|1.0|18.62|6.22|6982359.0|3.579938198241027|3.12|mi_security_types
RUN|2025-08-07|11.2|12.33|10.81|12.0|48256341.0|9.07|13059011.0|9.07|13059011.0|1.0|23.48|0.0|136857076.0|7.425893841549852|3.69|mi_security_types
SKYT|2025-08-07|11.24|12.96|10.65|12.85|6216479.0|8.87|708699.0|8.87|708699.0|1.0|26.72|1.03|6018785.0|6.267837010790786|9.73|mi_security_types
TPC|2025-08-07|63.87|63.96|54.78|55.07|2656831.0|47.28|613674.0|47.28|613674.0|1.0|35.09|3.57|29633294.0|3.9144609620497914|4.18|mi_security_types
UPWK|2025-08-07|13.63|13.76|12.42|13.58|9242153.0|11.95|5746743.0|11.95|5746743.0|1.0|14.06|1.7|34010717.0|3.6597130902570227|3.19|mi_security_types
USPH|2025-08-07|79.52|86.98|79.52|83.75|535676.0|72.69|152448.0|72.69|152448.0|1.0|9.4|3.87|12438002.0|2.909940451624314|3.03|mi_security_types
WMS|2025-08-07|125.1|134.83|125.1|133.52|2589198.0|113.91|896920.0|113.91|896920.0|1.0|9.82|0.77|71763333.0|2.8336907583681343|4.13|mi_security_types
WRBY|2025-08-07|26.99|29.73|22.535|23.48|5748147.0|24.3|1815942.0|24.3|1815942.0|1.0|11.07|2.97|37396789.0|3.5067019400352715|3.7|mi_security_types
XERS|2025-08-07|6.725|7.085|6.1|6.6|10175494.0|5.49|3027827.0|5.49|3027827.0|1.0|22.5|9.8|8772350.0|4.37405672651574|5.19|mi_security_types
AMCX|2025-08-08|7.38|8.18|6.28|6.53|3153300.0|6.0|560445.0|6.0|560445.0|1.0|23.0|6.57|2787546.0|4.496428571428571|6.49|mi_security_types
ANIP|2025-08-08|77.86|83.8|76.985|81.48|2104214.0|69.01|780567.0|69.01|780567.0|1.0|12.82|8.93|21315481.0|3.584956631544082|5.73|mi_security_types
AORT|2025-08-08|38.49|40.96|38.05|40.95|1728996.0|32.7|556384.0|32.7|556384.0|1.0|17.71|5.79|8656103.0|2.428986456968108|5.6|mi_security_types
ARLO|2025-08-08|19.25|19.25|16.71|16.71|4649207.0|16.43|1569293.0|16.43|1569293.0|1.0|17.16|4.25|17665246.0|3.759846969828709|4.09|mi_security_types
ASTH|2025-08-08|24.0|29.76|23.85|28.08|1809087.0|21.46|457677.0|21.46|457677.0|1.0|11.84|0.0|7803423.0|4.673312475036613|4.92|mi_security_types
CRSR|2025-08-08|9.79|10.29|8.69|9.03|1870403.0|8.86|747222.0|8.86|747222.0|1.0|10.5|3.38|3800763.0|4.186713963237662|4.07|mi_security_types
DCBO|2025-08-08|32.5|33.42|30.37|30.56|192165.0|29.08|100232.0|29.08|100232.0|1.0|11.76|0.0|1529551.0|3.08282570249558|3.16|mi_security_types
DVAX|2025-08-08|12.06|12.06|9.855|10.33|4776516.0|11.06|1618504.0|11.06|1618504.0|1.0|9.04|1.84|12412599.0|2.8174890209248247|3.82|polygon
EMBC|2025-08-08|12.9|12.96|11.6|12.28|2062599.0|10.36|742449.0|10.36|742449.0|1.0|24.52|5.82|5463991.0|4.718146718146719|3.72|mi_security_types
EXPE|2025-08-08|211.6|213.0|191.15|195.26|6980139.0|187.61|4382864.0|187.61|4382864.0|1.0|12.79|5.36|254317363.0|2.639952180435094|4.42|mi_security_types
FROG|2025-08-08|45.5|46.64|40.7101|43.62|4878954.0|38.79|4036017.0|38.79|4036017.0|1.0|17.3|0.0|34843559.0|4.8072588664236|4.63|mi_security_types
GCT|2025-08-08|25.258|28.98|24.86|28.91|4403908.0|22.15|873646.0|22.15|873646.0|1.0|14.03|5.63|10173420.0|5.0680103192518535|7.7|mi_security_types
JAMF|2025-08-08|8.51|8.89|7.87|7.91|4237765.0|7.33|2666235.0|7.33|2666235.0|1.0|16.1|2.66|10052591.0|4.273046189826549|3.07|polygon
LASR|2025-08-08|27.0|27.0|23.61|26.15|2731881.0|20.47|854770.0|20.47|854770.0|1.0|31.9|4.07|12293588.0|5.3324377137274075|3.66|mi_security_types
LZ|2025-08-08|10.75|11.93|10.68|10.98|12939762.0|8.37|3509473.0|8.37|3509473.0|1.0|28.43|0.84|14845480.0|3.374381293736131|7.07|mi_security_types
OPRX|2025-08-08|16.25|18.22|14.31|17.3|2337969.0|12.84|464383.0|12.84|464383.0|1.0|26.56|2.88|2686800.0|6.821150422785937|10.28|mi_security_types
PSIX|2025-08-08|110.22|121.78|94.07|99.7|2177226.0|87.79|565460.0|87.79|565460.0|1.0|25.55|0.92|51662906.0|9.118944559256663|3.35|mi_security_types
REAL|2025-08-08|7.05|7.37|6.32|6.4|15810302.0|5.51|7560893.0|5.51|7560893.0|1.0|27.95|5.15|12498910.0|7.329789992221936|5.51|mi_security_types
SHC|2025-08-08|13.5|14.05|12.945|13.97|4337271.0|11.22|1515997.0|11.22|1515997.0|1.0|20.32|1.45|10619469.0|3.8801247771836|4.18|mi_security_types
SOUN|2025-08-08|13.16|14.2467|12.75|13.55|206653464.0|10.72|53233753.0|10.72|53233753.0|1.0|22.76|6.03|444005658.0|7.219349680170575|5.69|mi_security_types
TEM|2025-08-08|64.2|65.73|57.88|60.87|26148129.0|58.74|8344738.0|58.74|8344738.0|1.0|9.3|7.01|474805999.0|5.861155698234349|3.17|mi_security_types
VIAV|2025-08-08|12.4|12.5|10.81|10.93|10212464.0|10.16|2849962.0|10.16|2849962.0|1.0|22.05|4.1|15131630.0|2.307859955005623|6.08|mi_security_types
VREX|2025-08-08|8.59|9.94|8.42|9.48|1980435.0|7.81|1107607.0|7.81|1107607.0|1.0|9.99|12.21|2162363.0|4.585330162794952|5.5|mi_security_types
GPRE|2025-08-11|8.115|9.18|8.115|8.835|3846162.0|7.4|1372930.0|7.4|1372930.0|1.0|9.66|1.23|9906432.0|5.702220077220075|3.05|mi_security_types
IMXI|2025-08-11|15.215|15.27|14.89|14.9|10209578.0|9.28|320313.0|9.28|320313.0|1.0|63.95|6.54|2829429.0|3.766394704433498|30.76|mi_security_types
LENZ|2025-08-11|39.27|40.95|36.45|38.77|2772328.0|34.68|1146774.0|34.68|1146774.0|1.0|13.24|18.24|9715257.0|6.330285055198551|6.65|mi_security_types
MLNK|2025-08-11|19.77|19.83|19.6611|19.78|15328525.0|15.88|289606.0|15.88|289606.0|1.0|24.5|1.99|3163180.0|2.60210507376754|70.99|polygon
MPAA|2025-08-11|13.29|14.9628|12.49|13.81|546752.0|11.28|58914.0|11.28|58914.0|1.0|17.82|11.13|1347134.0|5.237335359675785|4.57|mi_security_types
RUM|2025-08-11|8.98|9.4|8.105|8.12|9125139.0|7.88|3563594.0|7.88|3563594.0|1.0|13.96|0.0|20357251.0|5.733502538071067|3.26|mi_security_types
SPNS|2025-08-11|31.6|31.87|28.58|28.77|915387.0|26.52|209955.0|26.52|209955.0|1.0|19.16|0.11|6171101.0|2.486263736263736|3.91|polygon
TGNA|2025-08-11|19.32|20.04|19.32|19.87|13381939.0|15.31|2839456.0|15.31|2839456.0|1.0|26.19|1.8|24033913.0|3.2051880190351727|8.59|mi_security_types
ZIM|2025-08-11|17.84|18.36|17.233|17.81|23441486.0|15.5|3326258.0|15.5|3326258.0|1.0|15.1|0.52|53068822.0|3.246451612903225|6.7|mi_security_types
GDOT|2025-08-12|11.98|13.665|11.75|13.43|4025497.0|9.93|1499076.0|9.93|1499076.0|1.0|20.64|3.01|6770873.0|4.042583800891955|5.58|mi_security_types
LIF|2025-08-12|80.51|84.02|76.69|83.55|2172075.0|73.74|950188.0|73.74|950188.0|1.0|9.18|0.0|51707801.0|3.4573404626293125|3.16|mi_security_types
ONON|2025-08-12|52.2|52.2|48.6546|49.81|19392539.0|45.72|15463852.0|45.72|15463852.0|1.0|14.17|1.24|280164064.0|3.5327459067616536|3.17|mi_security_types
SBGI|2025-08-12|14.9|15.43|14.0|14.97|2411797.0|12.56|1021072.0|12.56|1021072.0|1.0|18.63|5.32|5341291.0|5.291287534121928|4.91|mi_security_types
SE|2025-08-12|166.5|178.0|165.8|174.12|19418596.0|146.23|7008431.0|146.23|7008431.0|1.0|13.86|0.0|582566598.0|3.3199509578843522|4.48|mi_security_types
CAI|2025-08-13|39.8|39.8|33.02|34.28|1833409.0|32.46|1254216.0|32.46|1254216.0|1.0|22.61|13.54|15746389.0|6.12604524249626|3.09|mi_security_types
DFDV|2025-08-13|18.8545|19.8182|16.5365|16.9455|9489915.0|16.2182|5547887.0|17.840020000000003|5043533.636363636|1.1|16.26|32.54|44841435.0|11.118197016755426|3.14|mi_security_types
ECG|2025-08-13|83.6|90.0|77.07|79.16|3150709.0|75.8|866702.0|75.8|866702.0|1.0|10.29|6.94|33797904.0|3.8489728609121747|5.98|mi_security_types
HBM|2025-08-13|11.57|12.1|11.02|11.33|30836437.0|9.85|9227038.0|9.85|9227038.0|1.0|17.46|7.18|58671833.0|3.596954314720812|4.51|mi_security_types
INTA|2025-08-13|44.38|44.71|39.5701|42.65|5123646.0|36.92|1957789.0|36.92|1957789.0|1.0|20.21|3.59|36645271.0|4.254856059433522|5.12|mi_security_types
WBTN|2025-08-13|12.75|18.45|12.725|16.96|15143810.0|9.36|1317413.0|9.36|1317413.0|1.0|36.22|4.93|2031755.0|4.506181318681318|54.87|mi_security_types
AIRO|2025-08-14|24.0|24.0|21.3426|22.94|2130802.0|21.74|572641.0|21.74|572641.0|1.0|10.4|6.57|13384878.0|6.56518596399001|3.07|mi_security_types
BKTI|2025-08-14|53.5|62.45|52.0|61.97|501583.0|43.44|54803.0|43.44|54803.0|1.0|23.16|13.51|1810698.0|5.115232833464878|11.19|mi_security_types
DLO|2025-08-14|13.62|15.74|13.22|15.35|20049403.0|11.69|8513351.0|11.69|8513351.0|1.0|16.51|13.77|10710395.0|3.62226567273616|13.36|mi_security_types
WULF|2025-08-14|7.2|8.76|6.74|8.71|289277452.0|5.46|38876096.0|5.46|38876096.0|1.0|31.87|11.66|193321282.0|7.502354788069078|7.49|mi_security_types
EVLV|2025-08-15|8.06|8.91|7.65|7.75|12509283.0|7.37|3702537.0|7.37|3702537.0|1.0|9.36|5.59|17454694.0|4.467338631517735|4.27|mi_security_types
KULR|2025-08-15|6.22|6.3|5.16|5.25|9017006.0|5.27|4408528.0|5.27|4408528.0|1.0|18.03|2.53|8618985.0|5.878286798590404|4.98|mi_security_types
NU|2025-08-15|13.4|14.07|12.92|13.1|130527235.0|12.01|62405853.0|12.01|62405853.0|1.0|11.57|0.76|502183748.0|2.896395860592363|3.01|mi_security_types
UNH|2025-08-15|301.71|310.3|294.71|304.01|68198475.0|271.49|25011098.0|271.49|25011098.0|1.0|11.13|10.96|4247679523.0|3.872257857432265|3.54|mi_security_types
XNET|2025-08-15|5.74|6.74|5.74|6.39|6665143.0|5.05|1985900.0|5.05|1985900.0|1.0|13.66|15.3|1511589.0|6.144695898161245|15.33|mi_security_types
DAY|2025-08-18|65.95|68.29|64.7277|66.62|11383288.0|52.88|2161226.0|52.88|2161226.0|1.0|24.72|5.93|97348062.0|4.235992543764855|6.09|polygon
SHCO|2025-08-18|8.865|8.88|8.755|8.78|27170121.0|7.64|120811.0|7.64|120811.0|1.0|16.03|5.09|1599376.0|4.004394166043382|91.64|polygon
INSG|2025-08-19|9.7|10.9|9.4|9.83|1390148.0|8.81|223162.0|8.81|223162.0|1.0|10.1|23.56|1112898.0|6.644154370034053|7.2|mi_security_types
PLYM|2025-08-19|22.11|22.65|21.02|21.53|6827199.0|14.64|559810.0|14.64|559810.0|1.0|51.02|1.88|5384219.0|2.487460967993755|18.08|polygon
TH|2025-08-19|8.87|8.88|8.43|8.6|1180122.0|8.05|331764.0|8.05|331764.0|1.0|10.19|0.88|2089612.0|4.258473824312334|3.16|mi_security_types
AHL|2025-08-20|32.07|32.9799|31.0|32.27|814228.0|27.66|249263.0|27.66|249263.0|1.0|15.94|0.55|5323927.0|4.377776056192545|3.96|polygon
GES|2025-08-20|16.77|16.85|16.76|16.85|13071280.0|13.34|354138.0|13.34|354138.0|1.0|25.71|1.06|6316966.0|3.8224459198971954|26.06|polygon
HTZ|2025-08-20|5.84|6.1|5.32|5.51|42259531.0|5.2|10549491.0|5.2|10549491.0|1.0|12.31|1.76|40013323.0|7.131730769230766|5.76|mi_security_types
LYTS|2025-08-21|22.36|23.15|20.06|20.4|618814.0|19.3|179612.0|19.3|179612.0|1.0|15.85|4.95|1814312.0|2.9163582531458188|5.41|mi_security_types
ACMR|2025-08-22|28.4|31.85|28.4|30.53|5775490.0|25.61|1196642.0|25.61|1196642.0|1.0|10.89|2.73|29326269.0|5.8752719361856425|4.44|mi_security_types
FMFC|2025-08-22|8.5|9.4|8.3|9.4|6311707.0|7.21|1007629.0|7.21|1007629.0|1.0|17.89|4.19|1368323.0|9.805230830196157|13.48|mi_security_types
MNSO|2025-08-22|24.365|26.74|24.3|26.63|6841104.0|22.17|5352148.0|22.17|5352148.0|1.0|9.9|13.58|11090000.0|3.1020362136735575|8.24|mi_security_types
UI|2025-08-22|452.56|514.0|440.0001|510.23|701942.0|390.57|167098.0|390.57|167098.0|1.0|15.87|0.45|44368389.0|5.782863141416028|5.85|mi_security_types
DOMO|2025-08-26|15.31|17.1|15.28|16.11|1769323.0|13.84|361976.0|13.84|361976.0|1.0|10.62|2.22|7322597.0|5.807751857968619|3.12|mi_security_types
SATS|2025-08-26|54.11|55.19|50.62|50.87|46579122.0|29.88|2493846.0|29.88|2493846.0|1.0|81.09|8.69|51204104.0|3.3535092751960227|17.69|mi_security_types
GOOS|2025-08-27|13.5|14.32|13.38|14.14|10583748.0|12.17|2129728.0|12.17|2129728.0|1.0|10.93|9.54|14313206.0|3.626305904448878|7.16|mi_security_types
MCFT|2025-08-27|23.46|23.5|21.3|22.9|727833.0|20.9|256566.0|20.9|256566.0|1.0|12.25|3.88|1650649.0|3.1544771018455244|6.58|mi_security_types
MDB|2025-08-27|282.05|297.26|275.66|295.7|20747031.0|214.34|7908499.0|214.34|7908499.0|1.0|31.59|1.12|487266067.0|5.352919327103801|7.85|mi_security_types
NCNO|2025-08-27|31.84|33.92|30.88|32.69|8193203.0|28.69|3201145.0|28.69|3201145.0|1.0|10.98|3.2|39965101.0|3.01648160135438|5.7|mi_security_types
BBW|2025-08-28|70.0|70.01|63.1601|67.01|801988.0|58.56|377448.0|58.56|377448.0|1.0|19.54|8.59|11854024.0|4.329515515222482|3.25|mi_security_types
MTA|2025-08-28|5.5|5.6|5.16|5.19|2407259.0|5.02|708747.0|5.02|708747.0|1.0|9.56|21.55|1306313.0|3.62037564029596|6.02|mi_security_types
PAHC|2025-08-28|37.91|38.83|33.8625|38.46|1069914.0|32.2|423236.0|32.2|423236.0|1.0|17.73|3.4|7310430.0|3.7299911268855386|3.99|mi_security_types
PSTG|2025-08-28|69.715|80.68|69.0|80.54|20382349.0|60.86|7431790.0|60.86|7431790.0|1.0|14.55|9.6|116994718.0|2.9718440448805232|8.77|mi_security_types
SNOW|2025-08-28|222.0|249.99|218.09|241.0|42167445.0|200.39|17841893.0|200.39|17841893.0|1.0|10.78|4.03|747820498.0|3.1293905455789766|8.3|mi_security_types
ADSK|2025-08-29|318.0|326.45|307.26|314.7|4904604.0|288.49|4151634.0|288.49|4151634.0|1.0|10.23|2.14|376180834.0|1.899917303397492|3.23|mi_security_types
AFRM|2025-08-29|92.0|100.0|86.76|88.46|43192918.0|79.99|13987415.0|79.99|13987415.0|1.0|15.01|9.61|409455663.0|4.353937099280267|6.24|mi_security_types
AMBA|2025-08-29|83.5|93.44|80.8|82.48|7163471.0|70.63|1996149.0|70.63|1996149.0|1.0|18.22|7.72|33301185.0|3.9494953581036003|11.83|mi_security_types
IREN|2025-08-29|27.5|29.5|25.6203|26.48|76548790.0|23.04|32177007.0|23.04|32177007.0|1.0|19.36|23.01|381729055.0|7.781498015873016|3.52|mi_security_types
NEO|2025-08-29|8.78|9.06|8.1|8.78|9453545.0|7.21|2545287.0|7.21|2545287.0|1.0|21.78|18.2|11664027.0|3.9075688527838333|4.57|mi_security_types
CYTK|2025-09-02|44.91|50.22|44.91|49.62|13130509.0|35.33|3222031.0|35.33|3222031.0|1.0|27.12|0.0|60009463.0|5.3653107436011505|7.66|mi_security_types
IONS|2025-09-02|49.14|57.92|49.13|57.49|16461729.0|42.635|1152750.0|42.635|1152750.0|1.0|15.26|1.95|80267475.0|2.923067901958488|8.34|mi_security_types
MLYS|2025-09-02|22.64|30.14|22.0|28.86|15718579.0|15.48|942527.0|15.48|942527.0|1.0|46.25|5.02|13074932.0|5.8367017349575505|16.97|mi_security_types
MUX|2025-09-02|12.6|13.96|12.38|13.79|6217473.0|11.55|1120122.0|11.55|1120122.0|1.0|9.09|6.45|12076027.0|4.0910946196660465|5.8|mi_security_types
UTHR|2025-09-02|419.63|436.95|402.28|404.81|3142325.0|304.76|418774.0|304.76|418774.0|1.0|37.69|0.0|187808064.0|2.269938405865039|4.52|mi_security_types
M|2025-09-03|15.43|16.43|15.3|16.28|48533558.0|13.49|13292614.0|13.49|13292614.0|1.0|14.38|1.97|80541119.0|3.303769988351158|6.98|mi_security_types
REVG|2025-09-03|62.73|63.38|53.56|58.32|3666930.0|51.8|1845193.0|51.8|1845193.0|1.0|21.1|0.0|29649181.0|2.733535576392719|5.41|polygon
CIEN|2025-09-04|115.0|122.0|110.9|116.92|11296480.0|94.82|5741194.0|94.82|5741194.0|1.0|21.28|4.5|146523646.0|3.4648356284087134|5.77|mi_security_types
CRDO|2025-09-04|137.995|141.09|132.73|134.0|14059120.0|124.77|9170309.0|124.77|9170309.0|1.0|10.6|8.11|428490858.0|6.068692107763999|3.31|mi_security_types
NKTR|2025-09-04|32.83|36.38|31.85|35.98|3509253.0|28.55|446556.0|28.55|446556.0|1.0|14.99|5.2|15232912.0|5.704803602702025|5.29|mi_security_types
SCVL|2025-09-04|25.0|26.05|24.35|25.89|1669557.0|21.53|426973.0|21.53|426973.0|1.0|16.12|3.01|7199966.0|4.067414239267465|4.6|mi_security_types
TROW|2025-09-04|115.28|118.22|110.51|111.52|5280310.0|105.37|994549.0|105.37|994549.0|1.0|9.4|0.0|124167153.0|1.826922816198703|4.62|mi_security_types
AVGO|2025-09-05|355.78|356.34|331.42|334.89|78401554.0|306.1|31220803.0|306.1|31220803.0|1.0|16.23|2.93|5369254008.0|3.1636790031268935|4.25|mi_security_types
BRZE|2025-09-05|32.675|33.48|29.93|31.42|10816881.0|27.66|4477493.0|27.66|4477493.0|1.0|18.13|7.21|32893080.0|3.860448300795374|7.52|mi_security_types
GWRE|2025-09-05|263.99|272.6|243.3607|260.71|3220484.0|216.99|1391240.0|216.99|1391240.0|1.0|21.66|2.29|124572064.0|2.1362044333840298|4.92|mi_security_types
IOT|2025-09-05|40.39|42.8716|38.39|42.09|23981779.0|35.84|9995414.0|35.84|9995414.0|1.0|12.7|6.67|169902221.0|3.6964485012755106|4.45|mi_security_types
TTAN|2025-09-05|112.17|114.759|107.71|113.99|3614472.0|100.31|2495259.0|100.31|2495259.0|1.0|11.82|0.0|72719288.0|3.4005369070168214|4.39|mi_security_types
APP|2025-09-08|537.075|555.5|535.7|547.04|16516921.0|490.24|8290545.0|490.24|8290545.0|1.0|9.55|2.43|2463806207.0|4.963127389500187|3.03|mi_security_types
DMAC|2025-09-08|6.98|7.4899|6.57|7.16|2130679.0|6.14|754561.0|6.14|754561.0|1.0|13.68|15.85|1459898.0|5.681247091670545|6.17|mi_security_types
MCRB|2025-09-08|23.85|24.6651|21.0|22.85|1006553.0|19.36|91159.0|19.36|91159.0|1.0|23.19|4.65|1764838.0|6.906545159386071|9.0|mi_security_types
PL|2025-09-08|7.705|9.7081|7.29|9.66|64238873.0|6.53|8951303.0|6.53|8951303.0|1.0|17.99|1.4|39352961.0|5.862065193611902|10.1|mi_security_types
QS|2025-09-08|10.06|10.68|9.26|9.49|102502681.0|7.84|9675403.0|7.84|9675403.0|1.0|28.32|2.48|108512307.0|5.4907981049562675|6.12|mi_security_types
RAPP|2025-09-08|38.42|42.2685|27.052|31.47|13877633.0|14.36|389359.0|14.36|389359.0|1.0|167.55|0.0|2367938.0|10.870672502984483|62.7|mi_security_types
BHF|2025-09-09|48.58|49.61|47.44|48.81|2328377.0|43.38|1066974.0|43.38|1066974.0|1.0|11.99|0.05|26423440.0|2.609958506224064|3.63|mi_security_types
HYPD|2025-09-09|7.09|9.0|6.64|8.75|1757407.0|6.48|436127.0|6.48|436127.0|1.0|9.41|10.2|2373213.0|11.957010582010577|4.24|mi_security_types
TECK|2025-09-09|40.65|41.55|38.56|39.07|41720653.0|35.11|6389378.0|35.11|6389378.0|1.0|15.78|7.14|117919923.0|3.2550758839565423|10.2|mi_security_types
TRML|2025-09-09|47.62|47.69|47.57|47.64|22671078.0|30.18|1071644.0|30.18|1071644.0|1.0|57.79|28.04|3235257.0|5.065085676417682|103.94|polygon
AMLX|2025-09-10|11.5|12.25|11.03|11.83|6964192.0|10.51|963622.0|10.51|963622.0|1.0|9.42|6.81|10385825.0|5.227198586380321|5.05|mi_security_types
DAKT|2025-09-10|19.91|22.25|19.72|20.98|2217942.0|17.43|491983.0|17.43|491983.0|1.0|14.23|2.29|4029261.0|2.8368576346201158|7.46|mi_security_types
IMRX|2025-09-10|7.99|9.37|7.5|8.14|3329691.0|7.05|1667547.0|7.05|1667547.0|1.0|13.33|31.28|3273034.0|9.88206686930091|3.13|mi_security_types
ORCL|2025-09-10|319.19|345.72|312.09|328.33|131618085.0|241.51|41178697.0|241.51|41178697.0|1.0|32.16|8.3|2519549553.0|2.9478371200246047|10.46|mi_security_types
PBPB|2025-09-10|17.005|17.04|16.98|16.98|19242210.0|12.93|178250.0|12.93|178250.0|1.0|31.52|4.53|2304773.0|3.166998121754506|99.68|polygon
SOC|2025-09-10|22.22|24.65|20.86|24.59|10883592.0|20.06|12858957.0|20.06|12858957.0|1.0|10.77|0.0|52223452.0|7.839873237430566|3.54|mi_security_types
TVTX|2025-09-10|25.31|28.6927|24.91|27.31|12491380.0|21.64|1806957.0|21.64|1806957.0|1.0|16.96|19.23|31668686.0|4.573475046210721|6.27|mi_security_types
KALV|2025-09-11|16.99|17.28|13.255|14.81|2892782.0|15.39|939164.0|15.39|939164.0|1.0|10.4|8.69|9485180.0|4.418314304279216|3.49|mi_security_types
MAZE|2025-09-11|21.1|25.5|20.0|24.8|5085356.0|16.02|301599.0|16.02|301599.0|1.0|31.71|7.01|4831616.0|7.903156768325307|13.97|mi_security_types
OXM|2025-09-11|47.06|51.61|45.61|51.58|2165278.0|40.41|1254293.0|40.41|1254293.0|1.0|16.46|0.0|15190422.0|4.578958532187931|5.15|mi_security_types
ZLAB|2025-09-11|31.17|32.645|31.0952|32.48|2463867.0|28.4|2264616.0|28.4|2264616.0|1.0|9.75|0.0|18475194.0|5.6746730382293755|3.59|mi_security_types
IBEX|2025-09-12|38.94|42.99|38.22|41.58|1473499.0|30.46|392008.0|30.46|392008.0|1.0|27.84|5.33|2318950.0|2.519686943063504|15.15|mi_security_types
JMIA|2025-09-16|11.11|12.37|10.9725|11.91|13829519.0|9.79|2840839.0|9.79|2840839.0|1.0|13.48|9.51|32570725.0|6.2664526484751235|3.41|mi_security_types
GRRR|2025-09-17|19.88|21.4799|17.5|20.07|10743737.0|17.74|487023.0|17.74|487023.0|1.0|12.06|0.0|16752262.0|4.799927524561122|11.93|mi_security_types
LYFT|2025-09-17|23.38|23.5|21.91|22.84|101377100.0|20.19|25554893.0|20.19|25554893.0|1.0|15.8|14.0|316250019.0|4.638045708625203|4.75|mi_security_types
ORKA|2025-09-17|17.72|18.5|15.66|16.21|1799522.0|14.9|134754.0|14.9|134754.0|1.0|18.93|0.0|1875607.0|6.486529242569511|12.98|mi_security_types
ROIV|2025-09-17|15.87|16.05|15.22|15.28|26933795.0|14.18|6167676.0|14.18|6167676.0|1.0|11.92|9.84|70530691.0|3.0717308079790464|3.91|mi_security_types
AKRO|2025-09-18|47.0|47.85|42.71|46.2|3096376.0|42.18|1187998.0|42.18|1187998.0|1.0|11.43|0.0|38755012.0|4.1955056560319735|3.27|polygon
ETNB|2025-09-18|14.975|15.06|14.94|14.96|84800023.0|8.08|1521431.0|8.08|1521431.0|1.0|85.33|1.38|8383617.0|5.587075671852899|63.21|polygon
INTC|2025-09-18|31.78|32.3771|30.16|30.57|523907959.0|24.9|63093682.0|24.9|63093682.0|1.0|27.63|3.41|1525849463.0|2.6792598967297763|6.55|mi_security_types
MLGO|2025-09-18|12.55|13.6|11.77|12.11|2372561.0|11.45|3491315.0|11.45|3491315.0|1.0|9.61|36.8|2207356.0|7.20174672489083|4.84|mi_security_types
BKKT|2025-09-22|14.3|15.88|12.25|14.7|19521779.0|10.44|2710837.0|10.44|2710837.0|1.0|36.97|9.66|8976340.0|7.47687465790914|16.85|mi_security_types
DGNX|2025-09-22|136.0|156.3448|125.6|142.0|181820.0|108.8|113658.0|13.6|909264.0|0.125|25.0|44.68|2514816.0|11.852146796218488|3.48|mi_security_types
HOUS|2025-09-22|11.1|12.03|9.935|10.29|31042095.0|7.07|3478530.0|7.07|3478530.0|1.0|57.0|0.86|8692526.0|5.272176197211558|20.38|polygon
MBX|2025-09-22|22.4|26.47|17.76|20.0|28303510.0|10.0|1649364.0|10.0|1649364.0|1.0|124.0|2.62|4112997.0|12.074571428571426|66.07|mi_security_types
MTSR|2025-09-22|52.55|54.47|52.25|53.58|20036865.0|33.32|12043128.0|33.32|12043128.0|1.0|57.71|1.46|54585459.0|7.486923340764876|9.59|polygon
ODP|2025-09-22|27.73|27.86|27.61|27.68|6286127.0|20.82|963174.0|20.82|963174.0|1.0|33.19|1.71|8618327.0|4.749828461644022|13.08|polygon
PRO|2025-09-22|22.97|23.04|22.93|23.02|15784789.0|16.41|1895086.0|16.41|1895086.0|1.0|39.98|12.94|9643022.0|3.6813354226516943|20.23|polygon
SMLR|2025-09-22|34.615|36.07|30.03|32.06|8281200.0|29.18|1306277.0|29.18|1306277.0|1.0|18.63|5.42|13793413.0|4.869308724175073|14.17|polygon
HOLO|2025-09-23|7.08|7.08|5.24|5.28|26880571.0|5.56|5133092.0|5.56|5133092.0|1.0|27.34|6.92|5912150.0|7.958119218910588|13.15|mi_security_types
HOND|2025-09-23|15.29|16.48|14.52|15.78|7431231.0|13.94|1659254.0|13.94|1659254.0|1.0|9.68|13.29|4828242.0|2.555954088952655|10.02|polygon
UAMY|2025-09-23|7.07|8.1695|6.99|7.3|29007539.0|6.45|6826470.0|6.45|6826470.0|1.0|9.61|27.22|25230785.0|6.70531561461794|4.6|mi_security_types
CLPT|2025-09-24|16.28|20.94|16.2|19.28|12431042.0|12.16|359030.0|12.16|359030.0|1.0|33.88|16.14|2725783.0|5.507812499999997|42.66|mi_security_types
IAS|2025-09-24|10.175|10.2|10.17|10.19|56997368.0|8.46|1112185.0|8.46|1112185.0|1.0|20.27|1.44|9065487.0|2.934566024991555|55.21|polygon
POET|2025-09-24|6.575|6.7|6.01|6.05|6711659.0|6.0|8297865.0|6.0|8297865.0|1.0|9.58|17.42|6190490.0|4.825833333333332|4.35|mi_security_types
QURE|2025-09-24|39.36|51.21|37.12|47.5|70079687.0|13.66|1004022.0|13.66|1004022.0|1.0|188.14|0.0|17654702.0|7.0271386739175865|53.52|mi_security_types
CAPR|2025-09-25|6.81|7.33|6.4|6.52|5977312.0|6.19|867005.0|6.19|867005.0|1.0|10.02|2.48|5690880.0|6.686299330717748|5.64|mi_security_types
LUXE|2025-09-25|9.46|9.46|7.81|8.42|4063026.0|8.17|413570.0|8.17|413570.0|1.0|15.79|0.0|1527620.0|6.550708165763249|17.59|mi_security_types
PSTV|2025-09-25|15.5525|15.5525|12.125|14.075|13003504.0|10.105|150985.0|10.105|150985.0|1.0|53.91|0.07|2231605.0|9.616879903866545|55.24|mi_security_types
AMPY|2025-09-26|6.55|6.55|5.9414|6.07|7478368.0|5.84|14034068.0|5.84|14034068.0|1.0|12.16|33.33|1561846.0|5.244985322896283|6.68|mi_security_types
AQST|2025-09-26|5.89|6.43|5.815|5.99|12135272.0|5.26|3608146.0|5.26|3608146.0|1.0|11.98|8.9|9729097.0|7.183595871808798|3.44|mi_security_types
CRNX|2025-09-26|41.07|46.94|39.99|45.91|10218170.0|35.89|1700450.0|35.89|1700450.0|1.0|14.43|6.44|45300660.0|4.513800899574092|7.32|mi_security_types
GFS|2025-09-26|36.61|36.98|34.23|35.59|8497009.0|32.84|1498774.0|32.84|1498774.0|1.0|11.48|2.56|75876812.0|2.8253871585174855|3.11|mi_security_types
AVTX|2025-09-29|13.3|14.07|12.5|13.02|3057673.0|10.8|304634.0|10.8|304634.0|1.0|23.15|0.0|2578692.0|8.544642857142854|11.1|mi_security_types
MRUS|2025-09-29|94.43|94.56|92.75|93.67|38028936.0|68.89|605702.0|68.89|605702.0|1.0|37.07|1.16|41726811.0|3.3072185471662885|61.0|polygon
ANAB|2025-09-30|25.66|32.5|25.0|30.62|3748277.0|23.27|474341.0|23.27|474341.0|1.0|10.27|11.07|11194677.0|6.868868561605989|6.53|mi_security_types
DPRO|2025-09-30|8.26|9.55|7.85|8.14|60249898.0|6.95|5097705.0|6.95|5097705.0|1.0|18.85|14.12|7676517.0|8.380781089414183|25.77|mi_security_types
PATH|2025-09-30|15.18|15.18|13.34|13.38|80835381.0|12.56|13659617.0|12.56|13659617.0|1.0|20.86|3.46|142910050.0|3.826091901728844|5.49|mi_security_types
AES|2025-10-01|14.92|15.51|14.74|15.37|58988466.0|13.16|6187815.0|13.16|6187815.0|1.0|13.37|1.0|105160022.0|2.6972427268779837|6.26|mi_security_types
ANGO|2025-10-02|12.73|12.7599|11.3537|11.74|3254329.0|11.07|1290076.0|11.07|1290076.0|1.0|15.0|4.53|4212971.0|3.330042586140148|7.87|mi_security_types
FICO|2025-10-02|1785.5|1998.01|1692.325|1784.68|1710152.0|1512.71|238689.0|1512.71|238689.0|1.0|18.03|1.08|376775842.0|3.216664604772702|6.66|mi_security_types
USAR|2025-10-03|26.09|28.25|25.01|25.96|41452643.0|22.71|24643136.0|22.71|24643136.0|1.0|14.88|36.31|86713818.0|8.580235264515318|5.79|mi_security_types
AIP|2025-10-06|12.805|14.58|12.1544|13.58|4403307.0|10.98|394929.0|10.98|394929.0|1.0|16.62|13.43|4386798.0|5.286104605776739|8.59|mi_security_types
AMD|2025-10-06|226.445|226.709|203.01|203.71|248859576.0|164.67|42699147.0|164.67|42699147.0|1.0|37.51|3.27|6599945336.0|3.2953439346224926|5.7|mi_security_types
CMA|2025-10-06|81.0|83.22|79.06|80.2|23294686.0|70.55|1359640.0|70.55|1359640.0|1.0|14.81|2.96|100683219.0|2.3295332590867637|15.25|polygon
CRML|2025-10-06|11.495|16.68|9.15|11.59|159297448.0|7.98|12806474.0|7.98|12806474.0|1.0|44.05|28.3|27786840.0|10.22636949516649|33.03|mi_security_types
HSII|2025-10-06|58.15|58.4|58.02|58.22|1855939.0|48.68|102365.0|48.68|102365.0|1.0|19.45|0.12|4392306.0|2.3719773447587746|16.86|polygon
SANM|2025-10-06|160.25|160.25|133.06|140.0|4394705.0|114.08|603463.0|114.08|603463.0|1.0|40.47|0.43|69172506.0|2.806445351632943|6.84|mi_security_types
STEX|2025-10-06|5.8|7.19|5.78|6.31|5990800.0|5.24|1266503.0|5.24|1266503.0|1.0|10.69|0.0|6203868.0|13.644492911668484|5.27|mi_security_types
CCCX|2025-10-07|17.5|19.14|16.27|18.23|12917215.0|15.99|11372463.0|15.99|11372463.0|1.0|9.44|24.34|28122649.0|5.938979719467525|4.17|polygon
LXEO|2025-10-07|8.25|8.88|7.88|8.34|9569048.0|6.47|261021.0|6.47|261021.0|1.0|27.51|0.0|2628695.0|7.935195407374697|12.34|mi_security_types
CFLT|2025-10-08|23.72|24.07|21.98|22.3|35663422.0|20.73|7627783.0|20.73|7627783.0|1.0|14.42|5.12|116731821.0|4.261387912618017|5.81|polygon
KYTX|2025-10-08|5.98|7.7299|5.935|7.18|6641267.0|5.41|580749.0|5.41|580749.0|1.0|10.54|0.0|1660541.0|11.714945867441248|13.44|mi_security_types
SEM|2025-10-08|14.325|15.35|14.24|14.24|3882155.0|13.04|1748093.0|13.04|1748093.0|1.0|9.85|4.32|13673363.0|2.6457055214723915|3.37|mi_security_types
ZBIO|2025-10-08|23.51|26.589|19.12|25.9|1009541.0|20.85|411170.0|20.85|411170.0|1.0|12.76|1.36|4528946.0|9.67153134635149|3.64|mi_security_types
BYRN|2025-10-09|25.175|27.65|23.26|27.63|2567242.0|22.8|705983.0|22.8|705983.0|1.0|10.42|5.12|10145214.0|5.211497493734334|5.08|mi_security_types
SERV|2025-10-09|15.11|17.9|14.68|17.68|72402478.0|13.745|10793985.0|13.745|10793985.0|1.0|9.93|18.19|133602726.0|9.045990749883074|5.97|mi_security_types
AEC|2025-10-10|10.32|11.43|9.8|10.29|780085.0|9.02|270135.0|9.02|270135.0|1.0|14.41|5.01|1499185.0|12.708108964206522|4.02|mi_security_types
APLD|2025-10-10|37.02|39.0697|32.8301|33.99|108028081.0|29.29|43613729.0|29.29|43613729.0|1.0|26.39|27.68|623573563.0|8.298395356777055|3.69|mi_security_types
CODI|2025-10-10|8.47|8.94|7.49|8.35|10754558.0|7.35|4614918.0|7.35|4614918.0|1.0|15.24|13.25|5644181.0|3.899319727891157|9.67|mi_security_types
ESTC|2025-10-10|91.07|92.9595|84.85|86.48|4824497.0|81.55|1564390.0|81.55|1564390.0|1.0|11.67|1.43|124661676.0|3.6392484890952135|3.2|mi_security_types
ABAT|2025-10-13|7.9|10.18|7.74|9.22|45562864.0|6.75|23592995.0|6.75|23592995.0|1.0|17.04|38.32|66976234.0|10.13227513227513|3.23|mi_security_types
ASPI|2025-10-13|11.05|13.49|11.01|13.32|25092222.0|10.13|19265711.0|10.13|19265711.0|1.0|9.08|14.46|60079403.0|9.050486532223943|3.62|mi_security_types
NVA|2025-10-13|6.44|7.32|6.316|6.832|2737500.0|5.382|1530300.0|26.909999999999997|306060.0|5.0|19.66|23.05|2250654.0|8.981393003132137|3.72|mi_security_types
ALM|2025-10-14|9.495|10.27|8.5101|9.96|8955938.0|8.64|4813115.0|8.64|4813115.0|1.0|9.9|29.15|9080623.0|5.691302910052909|4.29|mi_security_types
ATXS|2025-10-14|11.93|12.17|11.53|11.61|34669932.0|8.47|312777.0|8.47|312777.0|1.0|40.85|13.39|2830124.0|5.158121099679542|74.72|polygon
CYN|2025-10-14|6.715|6.73|5.65|5.7|24419472.0|5.5|245941.0|5.5|245941.0|1.0|22.09|4.36|1652859.0|8.759610389610389|73.74|mi_security_types
ERIC|2025-10-14|9.42|9.87|9.41|9.85|62693443.0|8.17|20617032.0|8.17|20617032.0|1.0|15.3|0.0|100456281.0|1.950253540828815|4.66|mi_security_types
NVTS|2025-10-14|12.45|13.33|10.92|12.57|157929925.0|9.97|147107417.0|9.97|147107417.0|1.0|24.87|28.81|219774506.0|9.04162487462387|3.46|mi_security_types
BTDR|2025-10-15|24.8|27.8|24.15|25.9|32869940.0|20.12|7373878.0|20.12|7373878.0|1.0|23.26|13.16|124220371.0|9.901270945754046|4.44|mi_security_types
BZAI|2025-10-15|5.68|6.76|5.48|6.29|14778433.0|5.01|2331791.0|5.01|2331791.0|1.0|13.37|6.14|12099373.0|10.525805531793559|3.84|mi_security_types
HI|2025-10-15|31.41|31.44|31.16|31.31|32096294.0|26.49|500476.0|26.49|500476.0|1.0|18.57|7.81|13464138.0|4.367443240036671|47.52|polygon
PZZA|2025-10-15|54.0|54.95|51.7234|53.25|5059547.0|48.68|3958287.0|48.68|3958287.0|1.0|10.93|17.05|37912021.0|4.764335602770279|3.54|mi_security_types
VERI|2025-10-15|7.925|9.42|7.47|8.39|46724971.0|5.46|13741291.0|5.46|13741291.0|1.0|45.15|14.47|35034280.0|10.897828362114078|5.81|mi_security_types
JBHT|2025-10-16|162.99|169.71|158.87|169.57|6505974.0|138.83|2240660.0|138.83|2240660.0|1.0|17.4|1.27|166499160.0|3.2347732581471687|4.69|mi_security_types
PRAX|2025-10-16|158.29|205.89|156.41|162.71|13741857.0|57.35|341377.0|57.35|341377.0|1.0|176.01|12.5|20359693.0|5.9266035620874336|33.26|mi_security_types
IRON|2025-10-17|85.5|95.95|83.88|89.94|2255612.0|74.36|274344.0|74.36|274344.0|1.0|14.98|9.53|24904539.0|4.028164143548761|5.84|mi_security_types
PDEX|2025-10-17|26.48|28.0|25.08|26.22|196705.0|23.905|82989.0|23.905|82989.0|1.0|10.77|0.0|1070276.0|9.260465533211821|3.18|mi_security_types
ANRO|2025-10-20|6.75|12.19|6.72|11.0|17764866.0|6.08|354230.0|6.08|354230.0|1.0|11.02|8.19|1579261.0|13.67199248120301|5.21|mi_security_types
CELC|2025-10-20|79.23|83.0|70.35|70.58|7339933.0|51.96|1730524.0|51.96|1730524.0|1.0|52.48|12.78|47957086.0|6.863796326844825|6.64|mi_security_types
CRMD|2025-10-20|11.78|12.5632|11.22|12.16|8135067.0|10.18|1945039.0|10.18|1945039.0|1.0|15.72|0.99|21899938.0|4.610791467864161|3.75|mi_security_types
GRAL|2025-10-20|89.54|102.9999|88.18|91.85|3547593.0|78.0|1235283.0|78.0|1235283.0|1.0|14.79|17.95|68192925.0|9.00577838827839|3.08|mi_security_types
RAPT|2025-10-20|42.25|42.3918|25.5001|33.67|3967042.0|29.34|100685.0|29.34|100685.0|1.0|44.0|17.36|6050368.0|9.534910896874088|12.97|polygon
FLXS|2025-10-21|45.0|45.0|36.0|36.49|127657.0|39.985|85869.0|39.985|85869.0|1.0|12.54|3.94|1239136.0|4.870344236231444|4.38|mi_security_types
GM|2025-10-21|63.76|67.55|62.36|66.62|43706533.0|58.0|10184608.0|58.0|10184608.0|1.0|9.93|4.28|468972659.0|2.8048029556650236|5.41|mi_security_types
MEC|2025-10-21|14.61|16.49|14.5|15.72|1442070.0|13.01|174468.0|13.01|174468.0|1.0|12.3|3.58|1612101.0|3.900845503458878|11.47|mi_security_types
FLWS|2025-10-22|6.81|7.1|4.21|4.39|35749005.0|5.15|3148377.0|5.15|3148377.0|1.0|32.23|19.49|2052101.0|4.707489597780858|58.58|mi_security_types
ISRG|2025-10-22|543.0|549.85|522.1656|527.03|8347517.0|462.74|4779628.0|462.74|4779628.0|1.0|17.34|6.47|989858729.0|2.424362029896455|3.48|mi_security_types
NRIX|2025-10-22|11.69|11.7|10.37|10.63|5597869.0|10.42|727899.0|10.42|727899.0|1.0|12.19|13.51|9639380.0|7.3368522072936635|4.55|mi_security_types
PEGA|2025-10-22|62.615|67.0|61.731|65.59|4923945.0|57.05|2741939.0|57.05|2741939.0|1.0|9.75|6.88|58904111.0|3.579992487792663|4.21|mi_security_types
VICR|2025-10-22|79.73|89.89|79.0|85.76|3388728.0|65.8|1627310.0|65.8|1627310.0|1.0|21.17|26.64|14891276.0|5.6019105514546235|8.75|mi_security_types
WGO|2025-10-22|36.31|40.85|36.03|40.64|3387944.0|31.62|549833.0|31.62|549833.0|1.0|14.83|5.89|15659356.0|3.7101743923375814|7.18|mi_security_types
CLB|2025-10-23|15.065|16.95|14.45|16.45|1663363.0|12.77|545642.0|12.77|545642.0|1.0|17.97|16.62|5118466.0|5.039042398478576|3.2|mi_security_types
CRS|2025-10-23|267.62|307.7175|262.25|300.27|3932572.0|244.79|1263875.0|244.79|1263875.0|1.0|9.33|2.8|196588793.0|3.5705473496232925|5.08|mi_security_types
ETHZ|2025-10-23|17.83|17.94|15.31|15.36|4716023.0|15.64|1864242.0|15.64|1864242.0|1.0|14.0|0.0|22124474.0|11.834490317866274|4.44|polygon
GTX|2025-10-23|14.85|15.7487|13.99|14.93|7920450.0|12.51|2782856.0|12.51|2782856.0|1.0|18.71|0.16|30412007.0|2.7184538083818666|3.34|mi_security_types
INBX|2025-10-23|35.01|36.3092|28.16|28.36|1595796.0|31.52|370140.0|31.52|370140.0|1.0|11.07|0.0|4043090.0|8.779912980420598|10.16|mi_security_types
KALU|2025-10-23|87.14|97.565|85.8201|93.12|925931.0|77.895|155876.0|77.895|155876.0|1.0|11.87|0.0|8119246.0|3.8640844360081785|9.27|mi_security_types
LC|2025-10-23|18.9|19.88|17.69|18.25|9909515.0|16.52|3740288.0|16.52|3740288.0|1.0|14.41|7.76|23484019.0|4.644759598754758|6.16|mi_security_types
RTO|2025-10-23|29.98|30.1|29.27|29.68|1676646.0|27.09|456962.0|27.09|456962.0|1.0|10.67|1.54|14421660.0|1.8496545905183788|3.0|mi_security_types
FIX|2025-10-24|955.0|1002.64|950.0|981.66|1052128.0|825.0|652993.0|825.0|652993.0|1.0|15.76|4.34|254526762.0|4.364779220779222|3.06|mi_security_types
GRND|2025-10-24|14.55|16.2193|14.45|15.06|11484293.0|12.67|1335370.0|12.67|1335370.0|1.0|14.84|0.0|30623867.0|6.427049272747776|3.81|mi_security_types
MOFG|2025-10-24|37.7|39.645|36.3503|39.54|1637179.0|28.37|95496.0|28.37|95496.0|1.0|32.89|3.46|2594599.0|2.6398610201923556|14.22|polygon
SLM|2025-10-24|29.805|30.0|27.32|27.62|10041717.0|26.73|6673961.0|26.73|6673961.0|1.0|11.5|6.11|80873316.0|3.0209235209235206|3.16|mi_security_types
BBAR|2025-10-27|14.54|14.98|13.7625|14.23|6618809.0|10.11|1454428.0|10.11|1454428.0|1.0|43.82|7.67|13271850.0|7.287056662427579|4.43|mi_security_types
BMA|2025-10-27|79.87|84.48|74.19|79.11|3558561.0|57.48|924945.0|57.48|924945.0|1.0|38.95|8.97|35036188.0|6.599079307088178|4.69|mi_security_types
CEPU|2025-10-27|12.445|13.7|11.86|13.16|1844401.0|9.45|355274.0|9.45|355274.0|1.0|31.69|5.94|3569368.0|8.19191232048375|3.77|mi_security_types
CRESY|2025-10-27|10.7986|13.4066|10.7887|11.7803|1530984.0|9.2914|185221.0|9.3700011743668|183667.25546502377|1.008459562|16.22|1.41|2238957.0|4.581348651133618|6.16|mi_security_types
DYN|2025-10-27|23.4|24.95|23.0|24.17|12671820.0|17.12|1776076.0|17.12|1776076.0|1.0|36.68|4.71|33429332.0|5.163968624833112|5.45|mi_security_types
EDN|2025-10-27|25.405|29.97|25.03|26.54|1302905.0|19.38|144831.0|19.38|144831.0|1.0|31.09|11.96|2664561.0|9.443387881468377|5.98|mi_security_types
GGAL|2025-10-27|49.998|52.13|47.07|49.14|14619369.0|35.43|2775026.0|35.43|2775026.0|1.0|41.12|10.41|87778101.0|6.922563606306197|4.31|mi_security_types
IRS|2025-10-27|14.615|16.3|14.2581|15.36|1278458.0|11.79|170616.0|11.79|170616.0|1.0|23.96|3.6|3404053.0|5.216769659517752|4.17|mi_security_types
JHG|2025-10-27|48.49|49.42|45.99|46.35|6945244.0|41.63|1269570.0|41.63|1269570.0|1.0|16.48|1.22|48300723.0|3.155348134930168|5.87|mi_security_types
KDP|2025-10-27|29.75|30.005|28.38|29.23|53680816.0|27.16|10213540.0|27.16|10213540.0|1.0|9.54|0.0|395047023.0|2.240690090469178|3.23|mi_security_types
LOMA|2025-10-27|9.58|11.06|9.52|10.36|4741989.0|7.85|457557.0|7.85|457557.0|1.0|22.04|3.15|3889907.0|6.214740673339399|8.12|mi_security_types
PAM|2025-10-27|81.365|87.5414|76.0|77.49|2059042.0|62.62|222182.0|62.62|222182.0|1.0|29.93|5.6|22925658.0|5.877515170871927|5.9|mi_security_types
RNA|2025-10-27|70.315|70.51|69.88|70.0|70586390.0|49.15|1269675.0|49.15|1269675.0|1.0|43.06|4.89|71657032.0|5.271021653829386|43.44|mi_security_types
SUPV|2025-10-27|9.17|10.5|9.17|9.96|16572128.0|6.73|3922373.0|6.73|3922373.0|1.0|36.26|11.42|16633488.0|9.651878582042029|5.18|mi_security_types
TEO|2025-10-27|9.88|10.98|9.62|10.89|2312045.0|7.92|473195.0|7.92|473195.0|1.0|24.75|9.09|1975338.0|6.037518037518037|7.88|mi_security_types
TGS|2025-10-27|28.87|32.74|28.41|30.75|2317344.0|22.48|483388.0|22.48|483388.0|1.0|28.43|4.56|10854325.0|6.084583121504828|4.66|mi_security_types
UMAC|2025-10-27|15.5|16.45|14.54|15.13|16049623.0|12.84|16890551.0|12.84|16890551.0|1.0|20.72|10.03|51435280.0|13.185358255451712|3.58|mi_security_types
VIST|2025-10-27|49.5|50.78|46.735|47.5|8094994.0|40.03|2095211.0|40.03|2095211.0|1.0|23.66|14.31|42554785.0|4.7759894364940605|5.48|mi_security_types
YPF|2025-10-27|34.89|37.29|32.995|33.36|15631834.0|26.95|3975646.0|26.95|3975646.0|1.0|29.46|9.07|67383290.0|6.257275377683542|5.48|mi_security_types
AGYS|2025-10-28|130.0|145.25|125.25|141.12|1261925.0|115.14|314518.0|115.14|314518.0|1.0|12.91|3.94|18006881.0|2.712015186481053|6.19|mi_security_types
ARQT|2025-10-28|22.5|25.75|22.0|24.95|12063173.0|19.64|1826475.0|19.64|1826475.0|1.0|14.56|0.0|36583270.0|4.510583357579283|6.41|mi_security_types
CCJ|2025-10-28|100.53|110.155|98.0|106.91|24708035.0|86.62|4116063.0|86.62|4116063.0|1.0|16.06|4.65|376876987.0|5.739799452452419|4.97|mi_security_types
CYBN|2025-10-28|7.6|8.0|6.96|7.15|6911390.0|6.51|965822.0|6.51|965822.0|1.0|16.74|12.05|3522407.0|4.888962036427473|10.49|polygon
QRVO|2025-10-28|100.5|106.3|97.31|97.42|9398465.0|92.13|748009.0|92.13|748009.0|1.0|9.08|1.61|94010742.0|3.7567179916577507|8.84|mi_security_types
SWKS|2025-10-28|85.66|90.9|80.14|80.26|11143942.0|75.84|1853343.0|75.84|1853343.0|1.0|12.95|2.53|152691203.0|3.721179927667271|5.41|mi_security_types
UPS|2025-10-28|98.45|100.57|95.0|96.36|30026986.0|89.22|12012892.0|89.22|12012892.0|1.0|10.35|2.66|544341745.0|2.0383562301854177|4.34|mi_security_types
W|2025-10-28|98.5|108.44|96.5|106.52|17480216.0|86.45|6017829.0|86.45|6017829.0|1.0|13.94|6.85|253398895.0|4.544997108155002|5.58|mi_security_types
BBNX|2025-10-29|28.1|30.47|26.57|26.79|2945047.0|24.28|1105029.0|24.28|1105029.0|1.0|15.73|21.31|11694984.0|6.543480819016239|5.1|mi_security_types
COCO|2025-10-29|46.38|48.6699|42.2|45.28|3882891.0|42.24|973557.0|42.24|973557.0|1.0|9.8|6.49|31109899.0|3.9569636093073566|5.33|mi_security_types
CSGS|2025-10-29|78.82|79.2|78.28|78.68|2692252.0|68.75|228565.0|68.75|228565.0|1.0|14.65|4.83|10038636.0|1.9443740259740212|16.03|mi_security_types
CSIQ|2025-10-29|16.56|18.64|16.52|17.57|8538860.0|15.16|1720753.0|15.16|1720753.0|1.0|9.23|8.29|31675543.0|8.891773464003018|3.24|mi_security_types
FLS|2025-10-29|57.51|70.32|57.51|68.95|10871692.0|52.66|3741534.0|52.66|3741534.0|1.0|9.21|2.79|83400526.0|2.785239542075851|5.95|mi_security_types
FTV|2025-10-29|54.92|55.93|49.77|50.34|9478977.0|49.16|4205490.0|49.16|4205490.0|1.0|11.72|0.16|96528134.0|2.002935022666512|4.09|mi_security_types
HAYW|2025-10-29|17.0|17.645|16.73|17.17|7883398.0|15.33|1842951.0|15.33|1842951.0|1.0|10.89|1.93|21924528.0|2.8254123567235134|5.28|mi_security_types
JAMF|2025-10-29|12.87|12.88|12.82|12.85|37534852.0|11.15|1533837.0|11.15|1533837.0|1.0|15.43|7.73|13712782.0|3.1286354900704696|26.99|polygon
PUMP|2025-10-29|9.0|11.28|8.55|11.1|25627018.0|7.3|4708311.0|7.3|4708311.0|1.0|23.29|26.52|11026350.0|6.336594911937381|11.3|mi_security_types
TER|2025-10-29|170.01|177.24|162.16|173.94|12203768.0|144.38|5016831.0|144.38|5016831.0|1.0|17.75|3.99|411478956.0|4.097673797320561|3.95|mi_security_types
ZEUS|2025-10-29|34.21|38.46|32.56|36.84|1016783.0|29.85|72797.0|29.85|72797.0|1.0|14.61|5.25|1932261.0|4.024982053122759|14.82|polygon
ALGN|2025-10-30|145.22|150.78|137.62|138.43|3842830.0|131.91|2200099.0|131.91|2200099.0|1.0|10.09|0.0|146140261.0|3.0850688239817226|3.15|mi_security_types
CAH|2025-10-30|181.44|195.1475|181.44|189.84|7173517.0|164.47|2816509.0|164.47|2816509.0|1.0|10.32|4.58|288141847.0|1.7255426521554058|3.46|mi_security_types
CHRW|2025-10-30|149.61|158.7|149.22|154.88|5571970.0|129.38|2913732.0|129.38|2913732.0|1.0|15.64|3.17|186047961.0|2.302823355343064|3.8|mi_security_types
EBS|2025-10-30|10.86|13.4099|10.84|12.84|8917211.0|9.4|1131319.0|9.4|1131319.0|1.0|15.53|0.0|7063062.0|5.311550151975678|10.94|mi_security_types
FORM|2025-10-30|54.35|61.1|53.0|59.25|5119593.0|47.72|2874728.0|47.72|2874728.0|1.0|13.89|15.57|40059241.0|4.978400790324513|4.63|mi_security_types
GH|2025-10-30|89.99|95.88|88.22|92.41|11095411.0|72.27|4725062.0|72.27|4725062.0|1.0|24.52|7.05|127394884.0|4.702247524165335|5.26|mi_security_types
GKOS|2025-10-30|95.07|102.8|85.85|87.8|4834361.0|77.09|2372113.0|77.09|2372113.0|1.0|23.32|3.24|67804788.0|5.7315290106183845|3.81|mi_security_types
GPRK|2025-10-30|8.07|8.27|7.84|8.21|5362781.0|6.6|1222797.0|6.6|1222797.0|1.0|22.27|10.55|8019323.0|5.205519480519483|3.67|mi_security_types
INDV|2025-10-30|30.0|30.55|28.0|29.13|10663285.0|25.24|2562004.0|25.24|2562004.0|1.0|18.86|4.77|33076864.0|3.251613085804845|7.4|mi_security_types
JBSS|2025-10-30|65.73|69.97|65.0|68.58|298683.0|59.5|119409.0|59.5|119409.0|1.0|10.47|0.0|4055285.0|2.1387995198079217|4.44|mi_security_types
MAX|2025-10-30|13.24|13.25|12.16|12.23|1812601.0|11.12|742854.0|11.12|742854.0|1.0|19.06|2.49|4452779.0|3.836395169578625|4.14|mi_security_types
PRM|2025-10-30|23.4|27.74|22.72|25.85|3405704.0|21.34|890726.0|21.34|890726.0|1.0|9.65|1.57|19507633.0|5.366849645200161|3.2|mi_security_types
TECX|2025-10-30|23.44|26.0|17.32|17.6|3345559.0|18.62|909382.0|18.62|909382.0|1.0|25.89|8.57|7312576.0|7.982814178302903|6.66|mi_security_types
VIAV|2025-10-30|15.85|17.43|15.8|17.1|19891029.0|13.98|7558860.0|13.98|7558860.0|1.0|13.38|6.23|27489633.0|2.9940731657469857|6.56|mi_security_types
AMZN|2025-10-31|250.1|250.5|243.98|244.22|166340683.0|222.86|102252888.0|222.86|102252888.0|1.0|12.22|2.25|9675083826.0|2.3113453673670867|3.52|mi_security_types
ARDX|2025-10-31|6.43|6.73|5.86|6.06|18733329.0|5.01|6067285.0|5.01|6067285.0|1.0|28.34|1.01|16492818.0|3.984459652124324|5.4|mi_security_types
ATEC|2025-10-31|20.025|20.15|18.69|18.99|11584801.0|16.33|4115542.0|16.33|4115542.0|1.0|22.63|5.35|31378843.0|3.7966932026944287|5.47|mi_security_types
AXTI|2025-10-31|8.25|9.84|7.9|7.95|10669499.0|7.32|4077489.0|7.32|4077489.0|1.0|12.7|48.18|10847061.0|8.100214676034351|4.36|mi_security_types
BJRI|2025-10-31|34.57|35.0|32.3|33.96|1514322.0|28.69|809163.0|28.69|809163.0|1.0|20.49|0.0|13948537.0|4.256087237962453|3.36|mi_security_types
IRTC|2025-10-31|207.44|212.0|185.9|187.3|1384918.0|184.12|562198.0|184.12|562198.0|1.0|12.67|4.1|57349085.0|3.4267015300580397|4.19|mi_security_types
LOCO|2025-10-31|9.88|10.85|9.6897|10.22|1406628.0|9.06|628122.0|9.06|628122.0|1.0|9.05|0.0|1801680.0|3.4289656259854957|5.45|mi_security_types
LPLA|2025-10-31|375.65|395.75|368.38|377.31|2714796.0|338.49|1444120.0|338.49|1444120.0|1.0|10.98|0.09|236012315.0|2.4838758688798572|3.08|mi_security_types
RDDT|2025-10-31|219.2|230.97|208.41|208.95|17708306.0|194.42|12953265.0|194.42|12953265.0|1.0|12.75|0.0|1043406778.0|5.527139330168855|3.41|mi_security_types
SSTK|2025-10-31|28.28|29.5|24.46|25.03|1268158.0|24.53|195818.0|24.53|195818.0|1.0|15.29|0.0|6537186.0|6.721361598043213|3.45|mi_security_types
TWLO|2025-10-31|126.85|138.1854|124.0|134.88|10240152.0|112.86|4818725.0|112.86|4818725.0|1.0|12.4|3.15|224819788.0|3.0964279385332003|4.4|mi_security_types
CHAC|2025-11-03|13.1|13.27|12.18|12.47|6930670.0|11.1556|1183030.0|11.1556|1183030.0|1.0|17.43|1.41|1762305.0|1.7154100695102523|25.31|mi_security_types
CMPO|2025-11-03|23.01|26.78|19.65|20.54|5203705.0|19.86|444895.0|19.86|444895.0|1.0|15.86|1.48|9897045.0|3.722881599769819|9.86|polygon
IDXX|2025-11-03|693.0|735.0|691.73|722.94|1652764.0|629.51|974387.0|629.51|974387.0|1.0|10.09|0.29|249677384.0|2.0094994519546954|3.84|mi_security_types
KVUE|2025-11-03|17.065|17.18|16.135|16.14|203525296.0|14.37|46597148.0|14.37|46597148.0|1.0|18.75|0.91|387553565.0|4.798588328859728|6.31|mi_security_types
LQDA|2025-11-03|27.115|27.23|22.2052|25.22|7284048.0|24.36|3088521.0|24.36|3088521.0|1.0|11.31|8.85|48497668.0|5.6163499882711685|3.27|mi_security_types
MD|2025-11-03|19.52|21.24|18.73|21.08|2991819.0|16.97|968126.0|16.97|968126.0|1.0|15.03|0.0|10850725.0|2.6977439178382028|4.13|mi_security_types
RHLD|2025-11-03|132.01|148.5697|118.77|144.97|282057.0|73.66|56119.0|73.66|56119.0|1.0|79.22|1.22|4557839.0|7.981662852488269|4.53|mi_security_types
TERN|2025-11-03|14.05|16.27|12.77|14.03|33971488.0|8.26|1030044.0|8.26|1030044.0|1.0|70.1|6.31|12748774.0|8.27343479764787|19.17|mi_security_types
CMPS|2025-11-04|6.52|6.88|6.12|6.63|12414513.0|5.95|1796561.0|5.95|1796561.0|1.0|9.58|0.0|9733951.0|6.5208883553421355|8.4|mi_security_types
KFRC|2025-11-04|29.3|34.9786|29.3|31.58|1086464.0|24.54|461046.0|24.54|461046.0|1.0|19.4|0.0|6106123.0|3.7179240889509835|4.36|mi_security_types
PAY|2025-11-04|33.67|36.2699|33.02|36.1|2681757.0|28.61|1233070.0|28.61|1233070.0|1.0|17.69|0.35|18883373.0|3.515504069506169|3.82|mi_security_types
TCMD|2025-11-04|21.3|23.84|20.7596|22.18|3549857.0|15.77|1171561.0|15.77|1171561.0|1.0|35.07|5.13|1975975.0|2.879971011867017|18.02|mi_security_types
UPWK|2025-11-04|18.83|18.835|16.1|17.7|10802157.0|15.63|4016986.0|15.63|4016986.0|1.0|20.47|0.0|34954744.0|4.35974773786674|5.02|mi_security_types
VITL|2025-11-04|37.93|38.075|34.78|37.37|3673204.0|32.18|2666421.0|32.18|2666421.0|1.0|17.87|0.0|40782018.0|5.795414188049368|3.11|mi_security_types
XMTR|2025-11-04|55.46|62.72|50.94|62.62|3147524.0|48.57|706617.0|48.57|706617.0|1.0|14.19|0.1|29406817.0|4.654372187417277|5.6|mi_security_types
AEIS|2025-11-05|221.56|232.05|205.78|225.8|2805880.0|195.05|554387.0|195.05|554387.0|1.0|13.59|0.0|78514276.0|3.871047716702678|6.31|mi_security_types
APPS|2025-11-05|7.975|8.2799|6.98|7.29|32089913.0|5.92|4319865.0|5.92|4319865.0|1.0|34.71|0.0|16134272.0|7.3962355212355195|12.72|mi_security_types
DOCN|2025-11-05|45.32|46.68|42.5|45.81|11256321.0|38.82|4639783.0|38.82|4639783.0|1.0|16.74|2.32|100965307.0|5.033175093839697|3.87|mi_security_types
ESTA|2025-11-05|53.91|62.25|52.25|60.51|2389739.0|49.4|469730.0|49.4|469730.0|1.0|9.13|3.35|17349114.0|5.315919606709081|5.98|mi_security_types
FTRE|2025-11-05|10.68|12.77|10.53|11.95|3701687.0|9.7|1739781.0|9.7|1739781.0|1.0|10.1|0.0|10284478.0|6.8566273932253345|3.48|mi_security_types
KMT|2025-11-05|24.7|26.72|24.0|25.27|3135236.0|22.11|872230.0|22.11|872230.0|1.0|11.71|0.73|15775155.0|2.242618078438975|4.02|mi_security_types
KW|2025-11-05|9.755|9.85|9.6|9.8|5387731.0|7.47|1091646.0|7.47|1091646.0|1.0|30.59|0.67|5280552.0|2.9447313061770903|7.66|mi_security_types
LITE|2025-11-05|218.5|240.7099|213.0|232.75|11152676.0|188.36|5864261.0|188.36|5864261.0|1.0|16.0|0.0|443162347.0|7.2433979006765155|3.32|mi_security_types
LMND|2025-11-05|67.7|79.71|65.69|78.73|13344356.0|58.66|2687829.0|58.66|2687829.0|1.0|15.41|2.37|116593789.0|5.928522721737861|5.51|mi_security_types
NPCE|2025-11-05|11.63|13.8099|10.7701|12.98|1302817.0|9.4|296458.0|9.4|296458.0|1.0|23.72|0.0|1272382.0|4.961212765957449|9.44|mi_security_types
OI|2025-11-05|13.12|13.87|12.75|13.47|4813800.0|11.8|2194182.0|11.8|2194182.0|1.0|11.19|4.52|16900016.0|3.141707021791768|3.06|mi_security_types
QLYS|2025-11-05|141.46|147.19|135.6601|146.13|1433266.0|121.21|507659.0|121.21|507659.0|1.0|16.71|0.0|40394161.0|2.5596662227303275|4.43|mi_security_types
RIGL|2025-11-05|34.87|39.56|34.39|37.85|2326568.0|28.38|913225.0|28.38|913225.0|1.0|22.87|0.0|12713075.0|5.8181818181818175|4.74|mi_security_types
SLDP|2025-11-05|6.24|8.86|6.02|8.51|82376008.0|5.615|13872226.0|5.615|13872226.0|1.0|11.13|5.35|88580729.0|12.449942755374634|5.52|mi_security_types
TDC|2025-11-05|24.9|27.66|24.58|27.46|6802455.0|20.71|1715986.0|20.71|1715986.0|1.0|20.23|0.0|25641238.0|2.7574670621507877|5.29|mi_security_types
TEVA|2025-11-05|23.06|25.0|22.7|24.6|56470122.0|20.46|10956651.0|20.46|10956651.0|1.0|12.71|4.33|170112597.0|2.6064795419634144|6.29|mi_security_types
TPB|2025-11-05|110.33|110.55|94.495|101.16|1459277.0|95.18|1121946.0|95.18|1121946.0|1.0|15.92|7.96|29083592.0|4.273842043646623|3.74|mi_security_types
U|2025-11-05|42.1|42.66|37.6628|42.36|41067847.0|35.87|13205295.0|35.87|13205295.0|1.0|17.37|0.0|308504951.0|5.475148353180135|4.67|mi_security_types
VCYT|2025-11-05|40.0|46.44|39.77|46.04|4438960.0|36.12|1297832.0|36.12|1297832.0|1.0|10.74|2.24|25791357.0|3.5816524284132276|5.89|mi_security_types
APPN|2025-11-06|32.01|39.49|31.6|38.36|3557460.0|29.33|737794.0|29.33|737794.0|1.0|9.14|1.49|16554119.0|3.2828405825337317|5.47|mi_security_types
COLL|2025-11-06|40.03|41.81|39.08|40.66|1822556.0|35.85|506639.0|35.85|506639.0|1.0|11.66|2.99|10841647.0|3.0827256425582776|5.38|mi_security_types
DDOG|2025-11-06|178.89|194.87|177.57|190.82|21307233.0|154.98|5345383.0|154.98|5345383.0|1.0|15.43|0.0|502821423.0|3.030321884851508|6.43|mi_security_types
ECPG|2025-11-06|49.83|51.47|46.8|47.22|720736.0|42.75|352957.0|42.75|352957.0|1.0|16.56|4.52|9340934.0|3.309941520467837|3.24|mi_security_types
EOLS|2025-11-06|7.685|7.76|7.105|7.18|5596468.0|6.81|2336871.0|6.81|2336871.0|1.0|12.85|6.57|6587231.0|5.4992657856093965|4.65|mi_security_types
FRGE|2025-11-06|43.7|44.08|43.4501|44.07|4517430.0|26.12|434700.0|26.12|434700.0|1.0|67.3|40.81|1359645.0|7.158964121636403|27.64|polygon
FSLY|2025-11-06|9.7|11.22|9.665|10.97|21971180.0|8.07|5338212.0|8.07|5338212.0|1.0|20.2|1.38|19004274.0|3.5669144981412613|8.73|mi_security_types
GDEN|2025-11-06|29.78|29.95|28.255|28.52|3060972.0|21.23|331561.0|21.23|331561.0|1.0|40.27|5.57|4461793.0|3.3813336922145214|13.52|mi_security_types
HAE|2025-11-06|56.875|67.88|56.83|67.11|4469314.0|50.72|801073.0|50.72|801073.0|1.0|12.14|2.59|30285558.0|2.2765040558810297|7.25|mi_security_types
HCC|2025-11-06|73.77|82.29|72.92|81.3|3326403.0|66.06|668865.0|66.06|668865.0|1.0|11.67|2.87|41158776.0|4.4391354180182505|4.64|mi_security_types
LZ|2025-11-06|12.13|12.4|10.475|10.93|6803636.0|10.175|2778092.0|10.175|2778092.0|1.0|19.21|2.57|20053843.0|3.0221130221130204|3.45|mi_security_types
PENN|2025-11-06|17.88|17.88|14.4201|14.65|13383670.0|16.35|4600515.0|16.35|4600515.0|1.0|9.36|1.05|53059715.0|3.7745303626037554|4.35|mi_security_types
QTWO|2025-11-06|66.68|70.82|64.89|70.17|3747191.0|61.12|1178581.0|61.12|1178581.0|1.0|9.1|0.97|58093447.0|2.9901715594614817|3.97|mi_security_types
SBGI|2025-11-06|14.97|16.215|14.12|16.07|1637647.0|13.63|586499.0|13.63|586499.0|1.0|9.83|3.49|4827588.0|2.696782307934178|4.03|mi_security_types
SITM|2025-11-06|329.0|386.0|327.0|339.81|1556330.0|279.07|396497.0|279.07|396497.0|1.0|17.89|2.88|81063069.0|5.503501425653575|5.44|mi_security_types
SKYT|2025-11-06|18.06|19.59|15.5391|18.71|7243628.0|14.71|2283142.0|14.71|2283142.0|1.0|22.77|2.44|31096520.0|8.375594833446634|3.83|mi_security_types
SNAP|2025-11-06|8.58|8.63|7.87|8.01|162069748.0|7.3|130484219.0|7.3|130484219.0|1.0|17.53|0.0|332714133.0|3.403913894324854|3.27|mi_security_types
EXPE|2025-11-07|247.0|264.2|245.77|258.25|7653631.0|219.7|4325099.0|219.7|4325099.0|1.0|12.43|3.57|324321842.0|3.5208661161323866|4.38|mi_security_types
EXPI|2025-11-07|10.82|11.45|9.85|10.8|3208971.0|9.7|1807733.0|9.7|1807733.0|1.0|11.55|0.0|9951195.0|3.6628129602356396|3.29|mi_security_types
FIGS|2025-11-07|8.36|8.8977|8.0|8.55|5891099.0|7.52|3879441.0|7.52|3879441.0|1.0|11.17|1.9|11099550.0|4.091280395136776|3.51|mi_security_types
FROG|2025-11-07|56.41|60.6799|53.5|60.0|7763555.0|47.26|3358335.0|47.26|3358335.0|1.0|19.36|2.47|31911592.0|3.6009007919714646|8.91|mi_security_types
G|2025-11-07|43.09|45.29|43.09|44.49|7042691.0|38.39|3494941.0|38.39|3494941.0|1.0|12.24|1.32|65153588.0|1.872414691325867|3.8|mi_security_types
GCT|2025-11-07|27.79|33.28|27.564|33.11|3406338.0|25.46|1080458.0|25.46|1080458.0|1.0|9.15|0.0|15109185.0|5.186398832903153|5.78|mi_security_types
GMED|2025-11-07|80.0|84.9799|79.51|83.89|12478426.0|61.71|2663091.0|61.71|2663091.0|1.0|29.64|2.19|75640449.0|2.5991388290853545|9.8|mi_security_types
ICUI|2025-11-07|145.6|149.48|136.0|140.16|838675.0|129.67|429998.0|129.67|429998.0|1.0|12.29|10.2|29726387.0|3.541054765393472|3.25|mi_security_types
KODK|2025-11-07|6.55|7.97|6.4|7.79|8811742.0|5.85|1062101.0|5.85|1062101.0|1.0|11.97|1.04|6130246.0|4.7433455433455425|8.99|mi_security_types
LASR|2025-11-07|34.765|36.59|32.28|34.16|2393363.0|29.79|1057102.0|29.79|1057102.0|1.0|16.7|0.0|19266131.0|5.679614443964898|3.58|mi_security_types
NATR|2025-11-07|16.37|17.94|16.005|17.92|319189.0|13.73|127478.0|13.73|127478.0|1.0|19.23|4.49|1128445.0|3.117729684736239|4.09|mi_security_types
NRDS|2025-11-07|13.5|14.0|12.93|13.64|1803060.0|11.98|839135.0|11.98|839135.0|1.0|12.69|3.45|5368129.0|3.2762938230383982|3.36|mi_security_types
TNDM|2025-11-07|16.0|16.705|15.2|16.26|6035292.0|13.33|2814966.0|13.33|2814966.0|1.0|20.03|0.0|25424895.0|6.301468224198907|3.44|mi_security_types
WEN|2025-11-07|9.8|10.12|8.51|8.97|20330243.0|8.83|12060774.0|8.83|12060774.0|1.0|10.99|4.74|57934570.0|3.3700048535835614|3.14|mi_security_types
XPOF|2025-11-07|6.97|6.97|5.91|6.4|1875040.0|6.3|798330.0|6.3|798330.0|1.0|10.63|0.0|3401888.0|5.401927437641723|3.57|mi_security_types
COGT|2025-11-10|32.76|36.15|31.0|32.46|23291127.0|14.82|3195979.0|14.82|3195979.0|1.0|121.05|4.88|35768977.0|6.627241179872757|8.91|mi_security_types
PGY|2025-11-10|29.5|29.75|27.18|27.58|13250804.0|24.45|6630572.0|24.45|6630572.0|1.0|20.65|4.53|103364754.0|7.306456324861232|3.23|mi_security_types
PSNL|2025-11-10|7.64|9.885|7.64|8.63|6575827.0|6.93|1436218.0|6.93|1436218.0|1.0|10.25|0.0|10455083.0|10.646361574933005|4.74|mi_security_types
RUM|2025-11-10|6.56|6.84|6.2|6.56|12081477.0|5.89|2975887.0|5.89|2975887.0|1.0|11.38|0.0|17282090.0|5.3872180451127845|4.49|mi_security_types
THS|2025-11-10|23.08|24.06|22.95|23.37|8914093.0|19.05|936975.0|19.05|936975.0|1.0|21.15|4.67|10771683.0|3.523022122234721|14.39|polygon
TLS|2025-11-10|7.1|8.36|6.112|7.76|3816879.0|6.38|820479.0|6.38|820479.0|1.0|11.29|0.0|4700848.0|5.42756381549485|5.05|mi_security_types
VEON|2025-11-10|49.18|51.5|48.15|50.0|321764.0|43.565|192909.0|43.565|192909.0|1.0|12.89|0.0|4503922.0|4.710531061959963|3.09|mi_security_types
DSP|2025-11-11|10.0|10.72|9.1101|10.48|987014.0|8.74|282881.0|8.74|282881.0|1.0|14.42|2.82|1887631.0|4.6905034324942765|3.96|mi_security_types
ENGN|2025-11-11|8.55|11.14|7.83|8.82|51454131.0|6.01|85526.0|6.01|85526.0|1.0|42.26|0.0|1374775.0|12.651652008557162|188.24|mi_security_types
HNRG|2025-11-11|23.5|24.7|21.551|23.81|2069675.0|20.01|483809.0|20.01|483809.0|1.0|17.44|1.73|7946629.0|5.3668879845791375|4.78|mi_security_types
LPSN|2025-11-11|6.18|7.54|5.43|6.0|8692198.0|5.24|402113.0|5.24|402113.0|1.0|17.94|0.0|1749686.0|10.072382769901854|27.88|mi_security_types
PUBM|2025-11-11|9.2|11.08|9.13|10.97|7449325.0|7.65|1042457.0|7.65|1042457.0|1.0|20.26|3.66|4809455.0|4.407096171802053|12.09|mi_security_types
REAL|2025-11-11|13.59|15.56|12.8|15.48|22409354.0|11.21|7721285.0|11.21|7721285.0|1.0|21.23|3.6|34049804.0|5.944246208742192|6.54|mi_security_types
SRDX|2025-11-11|41.05|41.2|40.63|40.94|2753426.0|27.345|138316.0|27.345|138316.0|1.0|50.12|3.5|2615424.0|3.864639657289138|28.9|polygon
CWAN|2025-11-12|20.365|20.7|19.67|19.79|16646876.0|18.4|11532672.0|18.4|11532672.0|1.0|10.68|15.8|80774710.0|4.11875|3.09|mi_security_types
IHS|2025-11-12|7.57|8.0|6.78|6.88|2127772.0|6.73|514076.0|6.73|514076.0|1.0|12.48|4.99|2313111.0|3.5560369348333722|6.06|mi_security_types
MH|2025-11-12|13.32|14.135|12.6|14.09|1969684.0|11.37|416026.0|11.37|416026.0|1.0|17.15|4.31|4905117.0|4.705302173639905|4.52|mi_security_types
ONON|2025-11-12|43.84|44.87|41.01|41.51|48483022.0|35.18|12317916.0|35.18|12317916.0|1.0|24.62|0.63|259176510.0|4.490172987898965|7.11|mi_security_types
PAL|2025-11-12|7.42|8.75|7.39|8.55|1251034.0|6.58|272985.0|6.58|272985.0|1.0|12.77|2.02|1074921.0|7.716456795484151|6.59|mi_security_types
CLBT|2025-11-13|18.8|19.98|18.204|19.28|5000967.0|15.97|1613689.0|15.97|1613689.0|1.0|17.72|4.65|20318447.0|3.4864478039180606|4.03|mi_security_types
DGII|2025-11-13|42.95|44.79|38.25|38.53|429233.0|35.97|257629.0|35.97|257629.0|1.0|19.41|1.61|4862675.0|3.526629333968788|3.03|mi_security_types
FLY|2025-11-13|22.67|24.22|20.41|21.42|8164845.0|18.31|2410312.0|18.31|2410312.0|1.0|23.81|0.0|35050585.0|7.91152375750956|5.44|mi_security_types
ONDS|2025-11-13|6.32|7.34|6.31|6.56|220750768.0|5.51|78885047.0|5.51|78885047.0|1.0|14.7|4.95|401683604.0|12.911589318122896|3.08|mi_security_types
SEE|2025-11-13|44.27|44.27|42.15|42.5|12712146.0|36.38|2201076.0|36.38|2201076.0|1.0|21.69|7.06|43830741.0|2.7691039032435416|8.26|mi_security_types
SPB|2025-11-13|59.03|63.671|58.03|58.41|946256.0|53.24|481227.0|53.24|481227.0|1.0|10.88|3.22|14580394.0|2.9101105506064204|3.4|mi_security_types
CDTX|2025-11-14|217.2|218.85|216.8|217.71|17289018.0|105.99|654575.0|105.99|654575.0|1.0|104.92|8.55|75296923.0|6.32950547895354|21.27|polygon
SRRK|2025-11-14|34.98|39.5|34.25|37.41|7132707.0|30.07|1427517.0|30.07|1427517.0|1.0|16.33|7.43|51628150.0|4.952159247470191|3.53|mi_security_types
CDZI|2025-11-17|5.84|6.01|5.47|5.67|4321067.0|5.2|883996.0|5.2|883996.0|1.0|12.31|13.04|3800851.0|6.651785714285713|5.11|mi_security_types
CTKB|2025-11-17|6.18|6.18|5.21|5.29|4832003.0|5.5|6944166.0|5.5|6944166.0|1.0|12.36|20.35|3323596.0|6.104415584415586|3.93|mi_security_types
JAZZ|2025-11-17|168.0|172.91|162.5996|170.09|6719133.0|141.07|811970.0|141.07|811970.0|1.0|19.09|7.56|99996016.0|3.475397219212348|8.58|mi_security_types
PACS|2025-11-17|12.85|16.82|12.71|15.7|11860420.0|10.58|868148.0|10.58|868148.0|1.0|21.46|0.0|7309191.0|6.632257628949503|19.04|mi_security_types
SGML|2025-11-17|8.21|8.52|6.86|8.02|44744466.0|6.06|8297449.0|6.06|8297449.0|1.0|35.48|13.91|24731485.0|11.708038661008962|8.76|mi_security_types
WPP|2025-11-17|20.69|21.37|19.81|20.23|2292963.0|18.95|599305.0|18.95|599305.0|1.0|9.18|2.27|11767381.0|5.048624199019974|3.62|mi_security_types
ZYME|2025-11-17|24.002|26.19|22.5535|23.9|11163627.0|18.52|824807.0|18.52|824807.0|1.0|29.6|12.52|16347934.0|5.348696390003086|10.23|mi_security_types
ARVN|2025-11-18|12.9|14.22|11.63|12.99|16303770.0|11.04|2929474.0|11.04|2929474.0|1.0|16.85|9.09|21895500.0|5.328804347826085|6.94|mi_security_types
GRRR|2025-11-18|14.43|15.15|12.85|13.81|3477090.0|12.62|1806924.0|12.62|1806924.0|1.0|14.34|0.0|13921047.0|6.661534978492188|3.31|mi_security_types
OLMA|2025-11-18|26.455|27.17|18.11|20.14|87327743.0|8.52|626521.0|8.52|626521.0|1.0|210.5|7.3|8299951.0|7.362508383635145|88.0|mi_security_types
DY|2025-11-19|324.48|350.0|317.09|325.29|1106659.0|296.2|480004.0|296.2|480004.0|1.0|9.55|4.78|79129804.0|3.7762226294974437|3.29|mi_security_types
FULC|2025-11-19|10.65|12.19|10.45|11.51|3862363.0|9.73|774628.0|9.73|774628.0|1.0|9.46|26.86|5054239.0|7.9907502569373055|5.17|mi_security_types
KYIV|2025-11-19|12.26|12.44|11.795|12.19|1276567.0|11.21|288014.0|11.21|288014.0|1.0|9.37|1.63|4382199.0|5.962788326749072|3.21|mi_security_types
LZB|2025-11-19|34.29|35.94|33.78|35.57|2229947.0|29.59|905660.0|29.59|905660.0|1.0|15.88|0.85|13394465.0|2.470501617341768|4.85|mi_security_types
SEMR|2025-11-19|11.787|11.83|11.76|11.76|43528126.0|6.76|1453719.0|6.76|1453719.0|1.0|74.36|0.15|9476003.0|5.939243448858835|28.94|mi_security_types
ADUR|2025-11-20|11.5|12.7743|10.61|10.65|858921.0|9.89|318751.0|9.89|318751.0|1.0|16.28|0.0|2480088.0|10.390654340603787|4.03|mi_security_types
ALLT|2025-11-20|10.0|10.23|8.6001|8.67|1347107.0|8.54|571817.0|8.54|571817.0|1.0|17.1|0.0|3259141.0|5.061475409836065|3.75|mi_security_types
CRNC|2025-11-20|10.48|12.02|10.01|10.1|11532203.0|7.92|4791864.0|7.92|4791864.0|1.0|32.32|1.28|11143676.0|7.9354256854256855|8.57|mi_security_types
EXAS|2025-11-20|101.63|101.87|100.56|100.67|67812161.0|86.18|20012038.0|86.18|20012038.0|1.0|17.93|29.44|157583832.0|4.593127341444816|17.29|mi_security_types
KLIC|2025-11-20|40.0|41.37|38.67|39.03|1509981.0|35.29|676545.0|35.29|676545.0|1.0|13.35|0.0|14647997.0|3.7021211998542665|3.83|mi_security_types
LQDT|2025-11-20|25.45|27.64|25.075|25.71|643293.0|22.68|165896.0|22.68|165896.0|1.0|12.21|1.89|3349344.0|3.2879818594104293|4.02|mi_security_types
MAGN|2025-11-20|11.0|12.5|10.0|10.18|9417850.0|7.96|1409211.0|7.96|1409211.0|1.0|38.19|0.0|4995976.0|5.499551328068914|14.23|mi_security_types
NUTX|2025-11-20|125.0|158.0|125.0|142.34|528652.0|112.19|301408.0|112.19|301408.0|1.0|11.42|13.09|12237361.0|10.000980479543632|4.71|mi_security_types
AZTA|2025-11-21|34.0|35.29|31.5601|34.89|1681110.0|30.0|488408.0|30.0|488408.0|1.0|13.33|2.15|12500976.0|3.5416190476190463|3.63|mi_security_types
NVRI|2025-11-21|18.55|18.59|17.13|17.4|12710931.0|13.57|1149298.0|13.57|1149298.0|1.0|36.7|3.59|14931566.0|4.927939783135069|8.92|mi_security_types
INSP|2025-11-24|105.74|117.7499|104.01|117.29|5264006.0|89.87|1391655.0|89.87|1391655.0|1.0|17.66|7.93|90190168.0|5.234942536044128|4.16|mi_security_types
OSCR|2025-11-24|16.25|16.95|15.53|16.49|58668532.0|13.48|11354493.0|13.48|11354493.0|1.0|20.55|3.45|164912393.0|9.57905892327257|4.06|mi_security_types
AMTM|2025-11-25|28.35|31.871|27.56|30.0|10550014.0|25.37|2982692.0|25.37|2982692.0|1.0|11.75|18.05|34199237.0|5.251055802691592|4.96|mi_security_types
ANF|2025-11-25|78.28|90.59|76.37|90.24|12810124.0|65.61|3996941.0|65.61|3996941.0|1.0|19.31|0.0|111462338.0|4.069610468787423|8.14|mi_security_types
BNED|2025-11-25|8.62|9.6|8.5|9.12|5706865.0|6.69|488710.0|6.69|488710.0|1.0|28.85|9.31|1611558.0|6.338778560751654|24.89|mi_security_types
KSS|2025-11-25|19.49|22.455|19.37|22.42|35526948.0|15.73|8683693.0|15.73|8683693.0|1.0|23.9|4.87|58313909.0|6.539233493778951|8.58|mi_security_types
SYM|2025-11-25|73.468|78.33|69.13|77.29|10182478.0|55.46|4085131.0|55.46|4085131.0|1.0|32.47|4.76|135162186.0|9.912948843439287|4.48|mi_security_types
URBN|2025-11-26|75.65|79.3434|74.0|77.56|10073722.0|68.31|6926034.0|68.31|6926034.0|1.0|10.75|14.67|129205247.0|3.7816048685613888|4.04|mi_security_types
BLTE|2025-12-01|153.5|154.99|130.06|154.02|753209.0|137.44|75294.0|137.44|75294.0|1.0|11.69|14.0|15338972.0|8.65319412107101|5.08|mi_security_types
CDLR|2025-12-02|19.44|20.645|17.1|17.39|1938187.0|17.43|229445.0|17.43|229445.0|1.0|11.53|9.28|3437362.0|4.023809523809523|9.71|mi_security_types
CTRN|2025-12-02|49.32|49.5|37.85|43.47|413673.0|44.07|195914.0|44.07|195914.0|1.0|11.91|0.55|3821695.0|4.583600765016695|3.86|mi_security_types
MDB|2025-12-02|406.82|419.5|399.51|401.99|9487545.0|328.87|4997628.0|328.87|4997628.0|1.0|23.7|0.8|542242516.0|4.398516130994011|5.06|mi_security_types
AARD|2025-12-03|10.43|12.0873|10.36|11.93|542022.0|9.26|206074.0|9.26|206074.0|1.0|12.63|0.0|1423940.0|9.059163838321505|3.53|mi_security_types
AEO|2025-12-03|23.855|24.4099|23.07|23.97|33426616.0|20.83|17165700.0|20.83|17165700.0|1.0|14.52|9.06|106282838.0|3.8222001234483223|4.89|mi_security_types
AEVA|2025-12-03|11.89|13.8|11.5701|13.69|6816375.0|10.89|1498893.0|10.89|1498893.0|1.0|9.18|5.52|21891628.0|7.89098780007871|3.25|mi_security_types
CAPR|2025-12-03|30.0|40.37|21.5|29.96|56956689.0|6.36|2742977.0|6.36|2742977.0|1.0|371.7|38.26|9667021.0|9.987533692722375|24.68|mi_security_types
MPLT|2025-12-03|14.11|17.25|14.11|16.92|879836.0|12.89|135011.0|12.89|135011.0|1.0|9.46|0.62|3313563.0|10.695444973955446|4.15|mi_security_types
AXGN|2025-12-04|31.07|34.24|30.24|32.855|3165397.0|28.33|1070342.0|28.33|1070342.0|1.0|9.67|2.31|16955916.0|4.355882204629117|4.06|mi_security_types
HY|2025-12-04|38.27|38.78|33.51|35.03|540575.0|34.4|520228.0|34.4|520228.0|1.0|11.25|21.21|3883757.0|4.1400539867109645|3.69|mi_security_types
COO|2025-12-05|89.66|89.83|80.89|81.4|10745760.0|77.03|5125367.0|77.03|5125367.0|1.0|16.4|1.57|197644344.0|2.579699931381094|3.7|mi_security_types
RBRK|2025-12-05|87.04|90.26|84.33|86.27|17138615.0|70.43|8937124.0|70.43|8937124.0|1.0|23.58|3.32|151035539.0|4.144003164236018|6.91|mi_security_types
VSCO|2025-12-05|48.57|50.2199|45.915|49.05|12135116.0|41.57|4367725.0|41.57|4367725.0|1.0|16.84|8.91|76287472.0|5.427557648029144|5.18|mi_security_types
ZUMZ|2025-12-05|30.005|30.65|28.41|30.62|1134951.0|27.26|624275.0|27.26|624275.0|1.0|10.07|8.61|4903622.0|4.273032176920658|5.26|mi_security_types
CFLT|2025-12-08|29.84|29.95|29.7|29.87|146309754.0|23.14|5551882.0|23.14|5551882.0|1.0|28.95|5.81|122409870.0|4.078898629460426|27.57|polygon
GPCR|2025-12-08|45.33|94.9|44.74|69.98|19519994.0|34.56|1170530.0|34.56|1170530.0|1.0|31.16|9.3|36122747.0|7.313368055555554|15.22|mi_security_types
KYMR|2025-12-08|89.17|103.0|86.611|94.3|7495437.0|66.62|392717.0|66.62|392717.0|1.0|33.85|3.66|44629964.0|4.2833662134923|10.72|mi_security_types
OCUL|2025-12-08|14.58|16.44|14.58|16.11|16926927.0|12.58|2684712.0|12.58|2684712.0|1.0|15.9|11.82|27707734.0|5.16676129911424|6.35|mi_security_types
WVE|2025-12-08|12.825|19.6|12.72|18.52|147247924.0|7.49|2543000.0|7.49|2543000.0|1.0|71.23|7.15|16373534.0|5.32861815754339|60.47|mi_security_types
ALEX|2025-12-09|20.92|20.97|20.85|20.85|12375328.0|15.14|728437.0|15.14|728437.0|1.0|38.18|0.0|6481589.0|1.5095301000188732|27.7|polygon
CBLL|2025-12-09|22.21|24.25|21.08|21.22|1953033.0|20.22|669944.0|20.22|669944.0|1.0|9.84|21.37|6742826.0|4.718489472940514|3.96|mi_security_types
MAMA|2025-12-09|13.94|14.5|12.3175|14.32|3197482.0|11.18|1098487.0|11.18|1098487.0|1.0|24.69|0.0|2614456.0|4.113851265014057|10.78|mi_security_types
STAA|2025-12-09|27.25|27.53|25.03|25.385|6500132.0|23.54|1430898.0|23.54|1430898.0|1.0|15.76|0.0|17168456.0|4.534136424323338|8.79|mi_security_types
TFX|2025-12-09|131.0|136.95|129.37|131.25|2997289.0|119.82|494246.0|119.82|494246.0|1.0|9.33|4.73|64385972.0|3.1190356964017467|5.14|mi_security_types
VOR|2025-12-09|10.555|12.82|8.9477|10.72|41895039.0|8.36|245705.0|8.36|245705.0|1.0|26.26|11.02|5361390.0|11.012816131237184|39.68|mi_security_types
BRZE|2025-12-10|35.19|37.0|33.94|36.19|9733474.0|30.65|5220298.0|30.65|5220298.0|1.0|14.81|8.19|34003808.0|3.4244232113726403|6.6|mi_security_types
GEV|2025-12-10|692.15|731.0|679.0001|723.0|11396015.0|625.3|3017483.0|625.3|3017483.0|1.0|10.69|8.39|1657021535.0|5.055566470951088|3.75|mi_security_types
PLAB|2025-12-10|32.18|38.15|31.75|37.35|15484512.0|25.69|1567629.0|25.69|1567629.0|1.0|25.26|14.48|13894316.0|3.269754768392369|21.09|mi_security_types
VELO|2025-12-10|8.01|9.25|6.8|8.6|4221568.0|6.59|1079769.0|6.59|1079769.0|1.0|21.55|33.54|2082956.0|10.779102536310425|9.11|mi_security_types
GEMI|2025-12-11|12.82|15.27|11.77|14.99|11872874.0|11.36|2766970.0|11.36|2766970.0|1.0|12.85|17.11|23141984.0|8.418511066398395|6.07|mi_security_types
PL|2025-12-11|15.79|17.975|15.01|17.47|58974271.0|12.94|17658802.0|12.94|17658802.0|1.0|22.02|10.6|81896774.0|5.041234268050342|7.87|mi_security_types
JOUT|2025-12-12|48.18|48.5025|40.15|42.05|147826.0|43.0|66433.0|43.0|66433.0|1.0|12.05|6.12|1603560.0|3.3749833887043224|3.45|mi_security_types
LULU|2025-12-12|204.575|213.22|202.11|204.97|20263800.0|187.01|9925735.0|187.01|9925735.0|1.0|9.39|2.59|556409622.0|3.3709618278625295|5.58|mi_security_types
MITK|2025-12-12|10.99|11.2|9.9115|10.06|3576548.0|9.24|2517389.0|9.24|2517389.0|1.0|18.94|1.2|3876625.0|2.820964749536178|6.37|mi_security_types
NX|2025-12-12|20.0|20.42|16.25|16.52|3440055.0|15.08|1596855.0|15.08|1596855.0|1.0|32.63|13.64|9605974.0|4.148825312618417|4.42|mi_security_types
PPIH|2025-12-12|33.0|36.4761|31.2932|32.59|286206.0|29.29|52833.0|29.29|52833.0|1.0|12.67|14.46|1547479.0|4.549309857094084|4.02|mi_security_types
TLRY|2025-12-12|11.64|12.41|10.28|12.15|84198046.0|8.43|6525305.0|8.43|6525305.0|1.0|38.08|19.41|53186611.0|10.526266734451786|14.16|mi_security_types
IMNM|2025-12-15|22.92|25.3|21.22|22.64|12946788.0|19.57|1424576.0|19.57|1424576.0|1.0|17.12|2.68|19633452.0|6.212132272428645|11.16|mi_security_types
KYTX|2025-12-15|12.2|13.67|10.4|10.82|19449405.0|8.78|1105789.0|8.78|1105789.0|1.0|38.95|12.56|3088022.0|7.289212495932315|37.42|mi_security_types
PVLA|2025-12-15|109.66|112.0|84.25|88.98|817664.0|98.58|192735.0|98.58|192735.0|1.0|11.24|1.86|21912432.0|6.525244181665364|3.12|mi_security_types
COUR|2025-12-17|8.84|8.89|7.705|7.84|15565115.0|7.94|2392896.0|7.94|2392896.0|1.0|11.34|1.15|19437569.0|2.755847427132061|6.27|mi_security_types
DBVT|2025-12-17|25.3|26.185|20.91|22.55|3951140.0|17.98|867411.0|17.98|867411.0|1.0|40.71|5.89|5719702.0|7.327665660257428|7.88|mi_security_types
HUT|2025-12-17|41.93|44.6999|39.77|40.16|22652537.0|36.85|4509980.0|36.85|4509980.0|1.0|13.79|3.98|214146151.0|10.956309362279514|3.82|mi_security_types
KOD|2025-12-17|26.52|28.79|25.7|26.97|2179681.0|24.13|1130406.0|24.13|1130406.0|1.0|9.9|4.82|15751364.0|7.1733171511455796|3.03|mi_security_types
TWO|2025-12-17|10.835|11.24|10.73|11.11|22924873.0|9.91|1190967.0|9.91|1190967.0|1.0|9.33|0.0|11802483.0|1.8368891451636147|17.39|mi_security_types
UDMY|2025-12-17|7.07|7.16|6.015|6.05|31552717.0|5.37|1707106.0|5.37|1707106.0|1.0|31.66|2.29|9167159.0|3.439079542431501|18.35|mi_security_types
DJT|2025-12-18|13.435|15.2|12.71|14.86|100542155.0|10.47|2929817.0|10.47|2929817.0|1.0|28.32|0.1|42222214.0|4.5690407968344955|24.45|mi_security_types
FCEL|2025-12-18|9.29|10.9|9.25|9.64|12938966.0|7.9|3417549.0|7.9|3417549.0|1.0|17.59|0.0|12516411.0|8.533725135623866|6.31|mi_security_types
ISSC|2025-12-18|13.77|15.4|13.0|14.37|3265099.0|10.99|514931.0|10.99|514931.0|1.0|25.3|5.77|2810091.0|4.454374106330432|11.16|mi_security_types
SOC|2025-12-18|8.05|9.47|7.85|8.25|50103967.0|5.28|10575500.0|5.28|10575500.0|1.0|52.46|0.0|27654061.0|11.575351731601732|8.99|mi_security_types
FOLD|2025-12-19|14.18|14.36|14.16|14.18|188236354.0|10.89|4148964.0|10.89|4148964.0|1.0|30.21|11.01|39577330.0|3.4057457693821345|33.21|mi_security_types
LUNR|2025-12-19|11.84|15.05|11.706|14.94|44068662.0|10.85|6443967.0|10.85|6443967.0|1.0|9.12|6.27|59560330.0|8.086306780776825|7.83|mi_security_types
WYFI|2025-12-19|17.0|17.5|15.35|16.74|5442143.0|14.3|1881491.0|14.3|1881491.0|1.0|18.88|0.92|16002529.0|12.63666333666333|5.32|mi_security_types
ADEA|2025-12-22|16.2|17.24|15.6|16.67|3601697.0|12.77|2422731.0|12.77|2422731.0|1.0|26.86|0.0|8701599.0|3.1564492672558444|4.49|mi_security_types
HYMC|2025-12-22|20.935|26.25|20.15|24.52|20310136.0|16.42|4823350.0|16.42|4823350.0|1.0|27.5|25.63|18979529.0|7.870280146163217|10.82|mi_security_types
UNF|2025-12-22|213.22|218.52|191.9|197.64|1406741.0|170.16|526381.0|170.16|526381.0|1.0|25.31|0.0|36347230.0|3.144233998253745|6.21|mi_security_types
NVO|2025-12-23|52.67|53.2|51.04|51.61|67449153.0|48.1|16028639.0|48.1|16028639.0|1.0|9.5|1.03|692734296.0|2.6083902583902607|3.89|mi_security_types
AGIO|2025-12-24|28.0|30.0399|27.1|29.17|6310491.0|24.59|915709.0|24.59|915709.0|1.0|13.87|0.53|33609160.0|4.2874281066635636|4.25|mi_security_types
DVAX|2025-12-24|15.49|15.49|15.38|15.38|30746958.0|11.13|1380843.0|11.13|1380843.0|1.0|39.17|3.25|16637804.0|2.194968553459121|18.88|polygon
OMER|2025-12-24|16.44|17.65|13.92|15.36|24509175.0|8.75|2520345.0|8.75|2520345.0|1.0|87.89|0.0|13981154.0|8.181224489795918|15.51|mi_security_types
GSIT|2025-12-26|6.65|8.72|6.51|7.65|19529555.0|6.06|346942.0|6.06|346942.0|1.0|9.74|14.77|4986681.0|7.474658180103725|24.67|mi_security_types
DBRG|2025-12-29|15.275|15.32|15.25|15.26|86863660.0|13.92|2082741.0|13.92|2082741.0|1.0|9.73|6.83|36948061.0|5.859246715927751|13.0|mi_security_types
VNDA|2025-12-31|8.53|9.6|8.5|8.82|23812449.0|7.03|3047904.0|7.03|3047904.0|1.0|21.34|2.78|9998000.0|6.324527535053851|14.77|mi_security_types
BIDU|2026-01-02|144.54|151.08|143.5|150.3|11990594.0|130.66|2362967.0|130.66|2362967.0|1.0|10.62|5.92|288886861.0|2.8743357897268806|4.8|mi_security_types
BKKT|2026-01-05|12.36|15.3|11.99|14.79|3818123.0|11.25|1129145.0|11.25|1129145.0|1.0|9.87|12.05|11512388.0|8.238857142857146|3.42|mi_security_types
CRNX|2026-01-05|55.0|57.99|46.8569|48.18|4635665.0|46.73|750249.0|46.73|750249.0|1.0|17.7|0.39|44903450.0|4.022958637767114|4.94|mi_security_types
GHRS|2026-01-05|18.8159|19.0|15.0|15.46|5580174.0|13.24|891284.0|13.24|891284.0|1.0|42.11|5.92|3065044.0|4.875917134225291|20.81|mi_security_types
RGC|2026-01-05|24.17|29.43|23.26|27.04|1862757.0|20.54|200589.0|20.54|200589.0|1.0|17.67|0.0|3879132.0|13.45423563777994|5.7|mi_security_types
TENX|2026-01-05|13.29|13.85|11.76|12.32|635722.0|11.05|85615.0|11.05|85615.0|1.0|20.27|0.0|2123667.0|9.950678733031676|3.16|mi_security_types
ALMS|2026-01-06|22.2|22.3|15.27|16.23|65139559.0|8.31|1925955.0|8.31|1925955.0|1.0|167.15|0.0|9188404.0|8.133488052260619|52.51|mi_security_types
ARWR|2026-01-06|72.065|76.76|69.11|70.81|8165302.0|63.88|2693589.0|63.88|2693589.0|1.0|12.81|0.0|128301996.0|5.449827802128991|3.34|mi_security_types
DRUG|2026-01-06|119.8|123.75|89.2869|93.21|1122996.0|80.01|261781.0|80.01|261781.0|1.0|49.73|5.48|13615343.0|9.077579588265753|6.14|mi_security_types
IMSR|2026-01-06|8.635|9.2599|8.16|9.11|21887760.0|6.99|1977534.0|6.99|1977534.0|1.0|23.53|14.4|11825343.0|8.543735949315346|12.43|mi_security_types
OS|2026-01-06|23.39|23.87|22.31|23.61|43123920.0|18.39|1336759.0|18.39|1336759.0|1.0|27.19|3.78|22489396.0|3.8617649343587366|34.86|mi_security_types
GLUE|2026-01-07|21.91|25.15|21.11|23.28|23208664.0|16.01|1679188.0|16.01|1679188.0|1.0|36.85|11.18|14564095.0|9.183590613009727|19.41|mi_security_types
HOUS|2026-01-07|16.93|18.03|16.23|17.03|29217658.0|14.45|1483619.0|14.45|1483619.0|1.0|17.16|3.51|20938924.0|3.7543746910528926|19.94|polygon
MBLY|2026-01-07|14.09|14.33|12.1|12.24|51469705.0|12.18|14858993.0|12.18|14858993.0|1.0|15.68|16.67|52618438.0|3.496305418719211|9.21|mi_security_types
PENG|2026-01-07|23.66|23.99|18.123|18.58|7020174.0|21.55|2394117.0|21.55|2394117.0|1.0|9.79|10.17|18626378.0|2.793039443155456|7.42|mi_security_types
GMED|2026-01-08|100.1|101.3975|94.02|94.62|4669227.0|90.54|1780300.0|90.54|1780300.0|1.0|10.56|3.71|119390496.0|2.267214175265867|3.39|mi_security_types
MLTX|2026-01-08|16.19|16.39|13.7101|14.34|24534578.0|11.29|2005054.0|11.29|2005054.0|1.0|43.4|1.07|19202455.0|6.187713526508923|16.24|mi_security_types
NEOG|2026-01-08|9.24|10.24|9.115|9.71|22996919.0|7.38|3319408.0|7.38|3319408.0|1.0|25.2|5.58|22269024.0|3.3720480061943476|6.26|mi_security_types
OSS|2026-01-08|8.61|9.94|8.53|8.79|6040352.0|7.87|4491958.0|7.87|4491958.0|1.0|9.4|22.2|4895115.0|7.507442367035759|7.1|mi_security_types
ASPI|2026-01-09|7.26|8.08|7.26|7.51|19154904.0|6.44|3640230.0|6.44|3640230.0|1.0|12.73|20.37|26652807.0|6.431011535048803|4.01|mi_security_types
KALV|2026-01-09|18.6|19.0|16.01|16.8|5016198.0|15.82|2464623.0|15.82|2464623.0|1.0|17.57|2.33|14129640.0|5.381298537113961|4.9|mi_security_types
OKLO|2026-01-09|114.35|115.72|104.03|105.31|33942746.0|97.6|9803723.0|97.6|9803723.0|1.0|17.16|36.27|807629085.0|6.01212675644028|3.24|mi_security_types
RVMD|2026-01-09|120.0|121.615|109.77|118.64|20793757.0|107.39|13607298.0|107.39|13607298.0|1.0|11.74|37.1|177216324.0|4.6401567052000035|5.83|mi_security_types
SPRY|2026-01-09|12.325|13.14|12.2|13.06|6066637.0|10.95|1292436.0|10.95|1292436.0|1.0|12.56|0.0|15690946.0|5.593542074363996|3.8|mi_security_types
DAWN|2026-01-12|10.825|11.55|10.45|11.33|8026212.0|8.94|1229611.0|8.94|1229611.0|1.0|21.09|4.56|13642241.0|5.648050495365934|3.64|mi_security_types
KC|2026-01-12|12.75|13.66|12.65|13.4|4991767.0|11.02|649163.0|11.02|649163.0|1.0|15.7|3.67|8754561.0|3.3672543427534367|5.46|mi_security_types
SNCY|2026-01-12|17.525|17.9183|17.07|17.44|10559246.0|15.77|1057367.0|15.77|1057367.0|1.0|11.13|8.83|10616979.0|3.338164688830509|13.94|mi_security_types
TEM|2026-01-12|75.34|76.33|68.32|69.26|16043679.0|66.27|3145479.0|66.27|3145479.0|1.0|13.69|6.27|245935413.0|4.225764728707237|3.91|mi_security_types
KELYA|2026-01-13|10.85|10.86|9.705|10.09|1441689.0|9.56|738554.0|9.56|738554.0|1.0|13.49|10.01|2870062.0|2.9425433353257624|3.47|mi_security_types
OPCH|2026-01-13|35.25|35.47|34.265|34.75|5366476.0|32.06|1517727.0|32.06|1517727.0|1.0|9.95|0.82|50545687.0|2.453123607521612|3.11|mi_security_types
PDYN|2026-01-13|7.14|7.65|6.62|7.13|9365478.0|6.27|1918728.0|6.27|1918728.0|1.0|13.88|11.37|6953687.0|7.158236500341765|5.36|mi_security_types
TGTX|2026-01-14|31.16|33.24|28.45|29.54|8728244.0|27.87|3398732.0|27.87|3398732.0|1.0|11.8|0.54|47623676.0|3.826797888154185|4.65|mi_security_types
CVGW|2026-01-15|24.9|25.67|23.395|25.62|2641555.0|22.58|379564.0|22.58|379564.0|1.0|10.27|5.51|4989795.0|2.250379602682527|10.84|mi_security_types
PEN|2026-01-15|348.11|352.15|345.2|350.49|9675405.0|313.43|918783.0|313.43|918783.0|1.0|11.06|4.14|153908929.0|3.4387195135847133|17.96|mi_security_types
RILY|2026-01-15|10.042|10.97|9.14|9.5|17933886.0|7.54|6109224.0|7.54|6109224.0|1.0|33.18|40.15|6779100.0|8.138404698749525|6.15|mi_security_types
SHCO|2026-01-15|8.905|8.91|8.86|8.88|6252128.0|7.92|631352.0|7.92|631352.0|1.0|12.44|1.8|3374614.0|2.786796536796544|3.73|polygon
CRVS|2026-01-20|13.51|22.1|12.6901|21.41|83969882.0|8.05|3147006.0|8.05|3147006.0|1.0|67.83|23.85|10073710.0|6.225288376220053|49.16|mi_security_types
RAPT|2026-01-20|57.47|57.61|57.46|57.57|31928553.0|35.1|430144.0|35.1|430144.0|1.0|63.73|9.04|8679910.0|6.422507122507122|86.98|polygon
RMBS|2026-01-21|120.81|131.12|120.0|125.93|5947591.0|110.1|2841242.0|110.1|2841242.0|1.0|9.73|18.51|158664928.0|4.776930063578566|3.92|mi_security_types
EGBN|2026-01-22|26.3|29.26|26.3|27.88|1681040.0|24.03|644353.0|24.03|644353.0|1.0|9.45|10.99|6028882.0|3.325396825396825|5.47|mi_security_types
TMC|2026-01-22|9.075|10.05|8.29|8.32|35534627.0|8.17|21206497.0|8.17|21206497.0|1.0|11.08|13.31|52613555.0|7.212012589613568|4.36|mi_security_types
BAH|2026-01-23|106.095|109.1|100.59|102.23|6129031.0|95.76|2173500.0|95.76|2173500.0|1.0|10.79|2.46|167414431.0|3.1805704738035567|3.43|mi_security_types
LIF|2026-01-23|67.9|71.26|65.8|68.1|3579707.0|54.81|1224966.0|54.81|1224966.0|1.0|23.88|3.28|47833912.0|4.660789219902516|4.47|mi_security_types
SLM|2026-01-23|29.32|29.33|27.37|27.62|8487410.0|26.7|2600404.0|26.7|2600404.0|1.0|9.81|2.69|52866496.0|2.815676832530767|4.33|mi_security_types
INMD|2026-01-26|15.7|15.9|15.2|15.43|3404243.0|13.95|453561.0|13.95|453561.0|1.0|12.54|0.94|10396693.0|3.081157194060418|4.78|mi_security_types
LE|2026-01-26|16.835|20.04|16.64|18.76|2537940.0|14.05|183797.0|14.05|183797.0|1.0|19.82|0.0|1991853.0|4.605592272496187|17.97|mi_security_types
TMQ|2026-01-26|7.15|7.15|6.41|6.52|19770029.0|6.21|5727241.0|6.21|5727241.0|1.0|15.14|13.32|20399496.0|6.590752242926154|4.88|mi_security_types
USAR|2026-01-26|30.56|32.07|25.8|26.72|122598255.0|24.77|26609898.0|24.77|26609898.0|1.0|23.38|40.02|201525984.0|9.62030682276948|8.99|mi_security_types
NET|2026-01-27|212.025|218.22|205.2|205.95|12530674.0|189.35|7867835.0|189.35|7867835.0|1.0|11.98|11.4|490497441.0|4.65724093704025|4.41|mi_security_types
RDW|2026-01-27|12.225|14.55|11.73|14.2|96120613.0|10.96|38187943.0|10.96|38187943.0|1.0|11.54|7.45|282544414.0|13.01818300312826|3.59|mi_security_types
AI|2026-01-28|14.09|14.2|12.81|13.13|19329266.0|12.6|3990245.0|12.6|3990245.0|1.0|11.83|0.88|70233834.0|4.573809523809523|3.46|mi_security_types
ARI|2026-01-28|11.19|11.205|10.49|10.68|5338739.0|10.12|637494.0|10.12|637494.0|1.0|10.57|2.02|9043293.0|1.9304065499717658|5.52|mi_security_types
CPSH|2026-01-28|6.345|6.85|5.92|6.38|1774248.0|5.6|491516.0|5.6|491516.0|1.0|13.3|7.9|1583508.0|10.81938775510204|4.63|mi_security_types
EDU|2026-01-28|61.035|63.78|57.42|58.95|3698252.0|55.97|733520.0|55.97|733520.0|1.0|9.05|3.42|35109196.0|2.813497026468263|5.18|mi_security_types
LRN|2026-01-28|90.0|92.455|82.69|82.75|6859279.0|72.43|2348631.0|72.43|2348631.0|1.0|24.26|4.37|71607246.0|3.029565491804895|5.84|mi_security_types
LTRX|2026-01-28|8.13|8.24|6.909|7.16|8071891.0|6.89|1437884.0|6.89|1437884.0|1.0|18.0|9.19|5491340.0|7.448061372589676|10.07|mi_security_types
NXT|2026-01-28|122.97|131.585|115.3476|119.97|6266111.0|105.91|3552297.0|105.91|3552297.0|1.0|16.11|10.0|161438037.0|4.823050568542024|3.54|mi_security_types
STEL|2026-01-28|36.15|36.78|35.5|36.42|3007203.0|32.63|255117.0|32.63|255117.0|1.0|10.79|2.38|6679514.0|2.440764414868001|13.88|mi_security_types
SUPX|2026-01-28|19.66|21.99|16.825|17.52|1332270.0|16.59|1151293.0|16.59|1151293.0|1.0|18.51|31.15|3271114.0|7.140919659002844|4.59|mi_security_types
DLX|2026-01-29|26.875|27.26|25.56|27.12|1638082.0|23.9|907005.0|23.9|907005.0|1.0|12.45|1.01|9088636.0|3.187358039450088|3.94|mi_security_types
KRRO|2026-01-29|14.8|14.944|13.0054|13.31|1208598.0|11.69|502655.0|11.69|502655.0|1.0|26.6|36.25|1550976.0|7.502810705120369|5.03|mi_security_types
LBRT|2026-01-29|23.98|27.21|23.89|25.34|10564201.0|21.8|4641457.0|21.8|4641457.0|1.0|10.0|8.3|65525417.0|4.862516382699867|3.03|mi_security_types
META|2026-01-29|737.43|744.0|712.55|738.31|59852903.0|668.73|25709600.0|668.73|25709600.0|1.0|10.27|10.69|8938290776.0|2.558660232295331|4.01|mi_security_types
TAL|2026-01-29|11.86|12.88|11.6|12.7|15093154.0|10.76|3197290.0|10.76|3197290.0|1.0|10.22|1.03|37920808.0|4.477562400424856|4.47|mi_security_types
VIAV|2026-01-29|23.01|24.95|22.8|24.7|15626199.0|21.03|9101284.0|21.03|9101284.0|1.0|9.42|12.82|71297417.0|4.35048570069968|3.87|mi_security_types
VPG|2026-01-29|48.5|50.55|47.99|50.38|910556.0|44.37|330064.0|44.37|330064.0|1.0|9.31|3.31|8455851.0|5.834703789561804|3.18|mi_security_types
DECK|2026-01-30|114.9|119.65|110.51|119.34|9768810.0|99.9|5941649.0|99.9|5941649.0|1.0|15.02|2.34|270178866.0|3.662584012584015|3.45|mi_security_types
RHI|2026-01-30|32.96|35.575|31.405|34.61|11401059.0|27.09|4423329.0|27.09|4423329.0|1.0|21.67|0.52|61737046.0|4.119865000263672|5.04|mi_security_types
NFBK|2026-02-02|13.89|13.99|13.35|13.79|1708990.0|12.32|175499.0|12.32|175499.0|1.0|12.74|3.88|1648261.0|2.4743738404452684|11.67|mi_security_types
PKST|2026-02-02|20.73|20.85|20.67|20.79|10288826.0|15.62|383449.0|15.62|383449.0|1.0|32.71|9.38|2554785.0|2.5750868849460407|46.72|mi_security_types
DVA|2026-02-03|128.0|139.86|125.0|134.73|4809663.0|111.19|2443007.0|111.19|2443007.0|1.0|15.12|5.28|100650368.0|2.7148124831369715|4.78|mi_security_types
WWD|2026-02-03|373.01|384.6644|363.765226|371.17|2398568.0|327.25|1034035.0|327.25|1034035.0|1.0|13.98|2.96|169989233.0|2.8740805413074355|4.33|mi_security_types
COLM|2026-02-04|65.955|67.91|64.04|65.69|2687930.0|57.4|1537892.0|57.4|1537892.0|1.0|14.9|7.31|28833101.0|2.834743653558984|4.62|mi_security_types
ENPH|2026-02-04|48.0|52.93|47.77|51.67|50002236.0|37.28|11415398.0|37.28|11415398.0|1.0|28.76|2.22|223934613.0|6.043742335990188|7.34|mi_security_types
KMT|2026-02-04|39.5|40.9|36.51|38.35|3863747.0|35.76|1566898.0|35.76|1566898.0|1.0|10.46|4.29|32432407.0|2.592941035474595|3.4|mi_security_types
MTCH|2026-02-04|33.18|33.4|28.81|30.61|13896859.0|28.9|9993740.0|28.9|9993740.0|1.0|14.81|0.0|112022876.0|3.217993079584774|3.41|mi_security_types
SLAB|2026-02-04|205.24|207.4999|201.7|203.41|8442687.0|136.62|554085.0|136.62|554085.0|1.0|50.23|0.0|47143288.0|4.6480906372210695|24.25|mi_security_types
SMCI|2026-02-04|32.95|34.94|31.7|33.76|115558234.0|29.67|42513873.0|29.67|42513873.0|1.0|11.05|1.92|847440447.0|5.986133179257545|3.59|mi_security_types
SONO|2026-02-04|16.1|17.4424|14.7001|15.56|7276814.0|14.63|4345265.0|14.63|4345265.0|1.0|10.05|2.02|21508481.0|4.285177228786252|4.74|mi_security_types
AMSC|2026-02-05|31.755|31.8499|24.87|25.95|3549139.0|27.61|1912055.0|27.61|1912055.0|1.0|15.01|0.0|22883399.0|7.063926113726911|4.23|mi_security_types
BYRN|2026-02-05|13.89|13.948|11.13|13.16|1913916.0|12.22|1172457.0|12.22|1172457.0|1.0|13.67|0.0|7094325.0|7.515256020575174|3.74|mi_security_types
HIMS|2026-02-05|26.8|27.77|22.95|23.48|71253475.0|24.4|31675951.0|24.4|31675951.0|1.0|9.84|0.0|491446768.0|7.656908665105385|3.91|mi_security_types
SITM|2026-02-05|384.42|438.19|337.5054|410.29|1329872.0|347.96|633641.0|347.96|633641.0|1.0|10.48|0.71|79779740.0|7.541490811751762|4.79|mi_security_types
XPO|2026-02-05|200.08|200.13|184.31|185.62|7504239.0|179.54|4669501.0|179.54|4669501.0|1.0|11.44|21.22|196886991.0|3.4814167953022794|4.78|mi_security_types
BILL|2026-02-06|41.14|52.35|40.3|48.94|23457127.0|35.68|5123701.0|35.68|5123701.0|1.0|15.3|0.0|143271851.0|7.175548526585519|7.53|mi_security_types
IIIV|2026-02-06|21.87|23.0|19.89|20.97|1729825.0|19.92|393529.0|19.92|393529.0|1.0|9.79|0.0|7839098.0|5.905156339644291|4.99|mi_security_types
NVST|2026-02-06|27.905|29.275|26.74|29.1|9981076.0|24.71|9458614.0|24.71|9458614.0|1.0|12.93|7.86|64722226.0|3.425449499913281|3.17|mi_security_types
PLSE|2026-02-06|14.95|20.8|14.61|20.75|2837456.0|13.69|399400.0|13.69|399400.0|1.0|9.2|1.03|2374544.0|6.064384848168632|15.98|mi_security_types
PRLB|2026-02-06|57.6|67.57|56.97|67.17|869120.0|52.48|180034.0|52.48|180034.0|1.0|9.76|1.2|8886644.0|3.331201001742159|5.51|mi_security_types
QNST|2026-02-06|13.98|14.4|12.0|12.24|2528318.0|11.06|1717959.0|11.06|1717959.0|1.0|26.4|0.0|7985995.0|6.449302505812453|3.55|mi_security_types
ROIV|2026-02-06|24.475|25.95|23.973|25.82|24052001.0|21.14|5085343.0|21.14|5085343.0|1.0|15.78|0.0|115618009.0|3.490302743614002|4.31|mi_security_types
VAL|2026-02-09|74.11|84.37|74.09|83.82|15805409.0|62.41|1553705.0|62.41|1553705.0|1.0|18.75|8.11|59375382.0|4.748540755831254|14.15|mi_security_types
ACRE|2026-02-10|5.61|5.89|5.32|5.71|2141495.0|5.11|582423.0|5.11|582423.0|1.0|9.78|0.0|2629564.0|3.52460162147051|4.02|mi_security_types
CCCX|2026-02-10|12.29|13.64|12.01|12.665|7163128.0|11.0|3364201.0|11.0|3364201.0|1.0|11.73|2.42|25242934.0|13.16733766233766|3.61|polygon
ESOA|2026-02-10|12.225|13.2|11.75|12.68|1492066.0|9.5|96670.0|9.5|96670.0|1.0|28.68|5.67|1066030.0|4.911278195488721|10.62|mi_security_types
EVMN|2026-02-10|29.52|33.2|21.8|29.03|15984311.0|16.99|208695.0|16.99|208695.0|1.0|73.75|1.98|4173611.0|12.244555620953502|55.28|mi_security_types
GCMG|2026-02-10|10.89|11.83|10.672|11.3|1607624.0|9.9|793954.0|9.9|793954.0|1.0|10.0|0.1|5636489.0|3.8564213564213556|3.02|mi_security_types
ICHR|2026-02-10|42.22|47.46|40.3941|45.27|5700015.0|34.11|1605303.0|34.11|1605303.0|1.0|23.78|21.78|29244904.0|7.687712024123633|5.49|mi_security_types
LUXE|2026-02-10|9.0|9.44|8.69|9.36|1253753.0|7.73|487320.0|7.73|487320.0|1.0|16.43|5.17|1558554.0|5.518665681020141|5.41|mi_security_types
NKTR|2026-02-10|47.15|56.76|47.05|56.0|8721517.0|37.07|477428.0|37.07|477428.0|1.0|27.19|5.55|22376506.0|6.509634282631318|12.34|mi_security_types
SPOT|2026-02-10|462.78|495.94|462.78|476.02|10859504.0|414.84|4726404.0|414.84|4726404.0|1.0|11.56|0.51|1453493914.0|4.871485736325192|3.19|mi_security_types
STRO|2026-02-10|17.01|17.8005|15.0|15.64|559308.0|13.98|63044.0|13.98|63044.0|1.0|21.67|0.0|1447459.0|11.518853464132434|4.74|mi_security_types
VSTS|2026-02-10|8.99|9.7999|8.49|8.5|7983931.0|7.32|2236862.0|7.32|2236862.0|1.0|22.81|9.58|11374373.0|4.274004683840748|4.46|mi_security_types
AEHR|2026-02-11|31.805|37.49|31.7|33.85|5020879.0|26.83|517054.0|26.83|517054.0|1.0|18.54|16.65|28871332.0|9.940391885416117|4.47|mi_security_types
BETA|2026-02-11|19.98|20.8999|18.13|19.39|4346047.0|16.77|1791525.0|16.77|1791525.0|1.0|19.14|6.14|19961153.0|10.343896413663858|4.52|mi_security_types
DIOD|2026-02-11|72.04|81.7099|71.83|78.0|1865084.0|61.7|298960.0|61.7|298960.0|1.0|16.76|5.69|18101233.0|4.260071775874046|5.86|mi_security_types
HNGE|2026-02-11|38.5|39.95|34.01|38.76|5867039.0|33.05|3019506.0|33.05|3019506.0|1.0|16.49|6.03|34381415.0|7.2862113680570575|5.25|mi_security_types
MNTN|2026-02-11|11.5|11.75|10.27|11.15|9320238.0|8.13|1877379.0|8.13|1877379.0|1.0|41.45|3.17|6040523.0|6.776840625549112|13.1|mi_security_types
SHOP|2026-02-11|138.9|139.1|109.6|118.71|53300384.0|127.24|26855356.0|127.24|26855356.0|1.0|9.16|14.38|1620844181.0|5.810161898773967|4.12|mi_security_types
TDC|2026-02-11|38.68|41.7799|35.21|37.88|11375279.0|29.23|3437311.0|29.23|3437311.0|1.0|32.33|12.29|36125264.0|3.602316602316603|7.8|mi_security_types
VRT|2026-02-11|233.25|249.9499|233.0|248.51|19793450.0|199.62|6707752.0|199.62|6707752.0|1.0|16.85|12.3|838307659.0|5.859042895787713|3.87|mi_security_types
CGNX|2026-02-12|56.5|59.88|55.0|58.67|12613108.0|43.03|3075045.0|43.03|3075045.0|1.0|31.3|8.96|64082865.0|3.9472461073669516|6.7|mi_security_types
CROX|2026-02-12|96.5|101.585|94.71|98.46|4693305.0|82.73|2093073.0|82.73|2093073.0|1.0|16.64|0.0|85634159.0|3.281932620745624|4.33|mi_security_types
EQIX|2026-02-12|956.44|992.9|940.9|957.87|2685260.0|867.52|652401.0|867.52|652401.0|1.0|10.25|8.19|437490854.0|2.3363891157717225|5.02|mi_security_types
FSLY|2026-02-12|13.49|17.8599|13.38|16.04|116491671.0|9.31|16890627.0|9.31|16890627.0|1.0|44.9|16.96|28497134.0|6.597360748810798|27.71|mi_security_types
MH|2026-02-12|14.95|15.9|14.24|14.31|4079182.0|12.34|1107387.0|12.34|1107387.0|1.0|21.15|1.73|7897079.0|6.015049780041674|6.48|mi_security_types
NVCR|2026-02-12|14.4|14.97|12.0128|12.53|16691120.0|10.5|2815665.0|10.5|2815665.0|1.0|37.14|4.69|16198157.0|5.9353741496598635|11.2|mi_security_types
RWT|2026-02-12|6.15|6.97|6.05|6.68|7764284.0|5.54|1124769.0|5.54|1124769.0|1.0|11.01|1.84|6420023.0|3.511346054667355|6.56|mi_security_types
SPHR|2026-02-12|108.56|117.055|106.08|115.72|2524320.0|94.8|936169.0|94.8|936169.0|1.0|14.51|7.23|59706487.0|4.385729355033152|3.71|mi_security_types
VNT|2026-02-12|44.73|48.2|41.7|42.1|4533353.0|40.71|1995120.0|40.71|1995120.0|1.0|9.87|7.78|44791051.0|3.3266659648384054|3.65|mi_security_types
BROS|2026-02-13|59.5|59.83|49.94|53.2|20280142.0|50.82|7813931.0|50.82|7813931.0|1.0|17.08|0.0|294033472.0|5.89445943666723|3.4|mi_security_types
CART|2026-02-13|38.0|39.7|34.59|36.3|18461709.0|33.24|9594294.0|33.24|9594294.0|1.0|14.32|0.94|205204028.0|4.673392642255461|3.19|mi_security_types
HASI|2026-02-13|39.17|39.8|38.0|39.7|4047470.0|35.83|1408099.0|35.83|1408099.0|1.0|9.32|1.93|29903208.0|2.829293090387146|4.4|mi_security_types
MGA|2026-02-13|63.19|69.94|63.005|68.73|8624888.0|57.82|2856628.0|57.82|2856628.0|1.0|9.29|12.38|82241946.0|2.363776745565053|4.75|mi_security_types
RIVN|2026-02-13|17.77|18.48|16.4|17.73|127927317.0|14.0|38024324.0|14.0|38024324.0|1.0|26.93|1.97|388716441.0|5.213469387755101|4.91|mi_security_types
ROKU|2026-02-13|96.55|96.55|86.5801|90.06|14460952.0|82.93|11347532.0|82.93|11347532.0|1.0|16.42|0.0|293914257.0|5.99934540317996|3.98|mi_security_types
TPH|2026-02-13|46.33|46.47|46.25|46.37|22331782.0|36.57|676914.0|36.57|676914.0|1.0|26.69|8.55|24754745.0|3.205203328255008|28.7|mi_security_types
CMPS|2026-02-17|7.83|8.7951|7.31|7.63|35093188.0|5.81|912560.0|5.81|912560.0|1.0|34.77|0.0|6990553.0|7.263830833538236|27.75|mi_security_types
ETOR|2026-02-17|31.41|33.88|30.92|33.07|5102173.0|27.46|2217352.0|27.46|2217352.0|1.0|14.38|2.69|41135115.0|5.601368223910103|3.54|mi_security_types
ITRI|2026-02-17|98.89|104.51|95.3|96.43|2764160.0|89.36|2273221.0|89.36|2273221.0|1.0|10.66|0.0|54159607.0|4.552612226627446|4.29|mi_security_types
JFB|2026-02-17|17.505|17.5498|6.58|8.5|1926910.0|14.935|112486.0|29.87|56243.0|2.0|17.21|6.19|1679978.0|13.877947295423024|13.61|mi_security_types
KW|2026-02-17|10.83|10.89|10.82|10.86|6912147.0|9.89|556040.0|9.89|556040.0|1.0|9.5|1.75|6040195.0|1.4987722085800954|10.32|mi_security_types
MASI|2026-02-17|175.0|175.25|174.37|174.69|14818218.0|130.15|905991.0|130.15|905991.0|1.0|34.46|0.0|93669788.0|3.277262499313977|20.22|mi_security_types
ZIM|2026-02-17|29.97|29.97|27.58|27.85|39624526.0|22.2|2049929.0|22.2|2049929.0|1.0|35.0|7.09|53874608.0|4.691924066924068|14.47|mi_security_types
CSTM|2026-02-18|25.685|27.25|24.91|25.64|5855130.0|23.41|4700640.0|23.41|4700640.0|1.0|9.72|0.52|35203995.0|5.13202538597669|3.44|mi_security_types
GLBE|2026-02-18|36.48|36.67|32.71|34.81|8421518.0|29.7|5966392.0|29.7|5966392.0|1.0|22.83|0.0|50402995.0|5.678427128427129|4.43|mi_security_types
MCW|2026-02-18|6.97|7.01|6.94|6.98|41267617.0|6.01|1399291.0|6.01|1399291.0|1.0|15.97|2.04|6204293.0|3.6010221060137897|36.85|mi_security_types
MSGS|2026-02-18|323.79|345.46|320.705|341.76|1045016.0|293.78|189340.0|293.78|189340.0|1.0|10.22|5.6|56848415.0|3.2514539548544628|4.56|mi_security_types
PBI|2026-02-18|11.285|11.615|10.875|11.12|6378396.0|10.24|2790369.0|10.24|2790369.0|1.0|10.21|0.69|17932605.0|2.607212611607142|3.62|mi_security_types
TCMD|2026-02-18|35.74|37.77|32.82|33.05|1828669.0|28.05|633577.0|28.05|633577.0|1.0|27.42|6.05|6604472.0|4.3904252610134975|6.87|mi_security_types
WING|2026-02-18|281.0|302.8|268.54|279.08|2874505.0|251.78|2073964.0|251.78|2073964.0|1.0|11.61|13.59|155762740.0|6.724436299263532|3.87|mi_security_types
WTTR|2026-02-18|14.595|15.425|14.15|14.41|3318483.0|13.26|1860026.0|13.26|1860026.0|1.0|10.07|7.37|10325722.0|4.46746390864038|3.81|mi_security_types
BAND|2026-02-19|15.24|16.58|14.46|14.54|1518519.0|12.99|721121.0|12.99|721121.0|1.0|17.32|1.33|3440395.0|5.040800615858351|4.92|mi_security_types
CDNL|2026-02-19|26.95|33.08|26.0|32.25|968613.0|24.56|136162.0|24.56|136162.0|1.0|9.73|0.78|3378231.0|7.205531642624476|7.29|mi_security_types
ETSY|2026-02-19|48.56|49.67|44.965|48.14|13378647.0|44.05|7448212.0|44.05|7448212.0|1.0|10.24|0.0|201923471.0|6.670293497648777|3.27|mi_security_types
HLF|2026-02-19|18.98|20.34|18.1|19.57|7529589.0|16.54|3550277.0|16.54|3550277.0|1.0|14.75|4.03|20973770.0|3.7433494558645677|5.19|mi_security_types
RELY|2026-02-19|16.35|17.8786|16.03|17.14|22866103.0|13.61|9409308.0|13.61|9409308.0|1.0|20.13|6.66|42950953.0|4.389104649942268|6.61|mi_security_types
ASIC|2026-02-20|19.22|21.64|18.2|21.63|880498.0|17.5|220242.0|17.5|220242.0|1.0|9.83|2.34|1594881.0|4.138775510204083|8.71|mi_security_types
JAKK|2026-02-20|20.33|23.6|20.18|22.47|756183.0|18.16|199926.0|18.16|199926.0|1.0|11.95|4.37|1834921.0|3.730844870988043|7.11|mi_security_types
RNG|2026-02-20|34.36|40.64|34.36|39.5|14567855.0|29.39|3831128.0|29.39|3831128.0|1.0|16.91|4.55|55250620.0|5.888761969571767|4.85|mi_security_types
TLX|2026-02-20|7.46|7.9|7.33|7.69|760307.0|6.71|147420.0|6.71|147420.0|1.0|11.18|4.68|1316880.0|4.572280178837555|4.11|mi_security_types
TNDM|2026-02-20|22.748|26.21|22.0|24.57|12698964.0|18.52|1992106.0|18.52|1992106.0|1.0|22.83|0.0|22844861.0|6.141545819191609|10.36|mi_security_types
WK|2026-02-20|65.22|67.89|60.0|61.43|3392676.0|59.26|1932382.0|59.26|1932382.0|1.0|10.06|2.17|69654339.0|6.287365604358521|3.36|mi_security_types
ACLX|2026-02-23|114.14|114.26|113.7|113.75|32901971.0|64.11|890337.0|64.11|890337.0|1.0|78.04|0.0|48142296.0|4.475555407001361|44.06|mi_security_types
EHAB|2026-02-23|13.58|13.64|13.55|13.6|12898825.0|11.09|1362426.0|11.09|1362426.0|1.0|22.45|0.18|3907896.0|3.1559319850573213|18.11|mi_security_types
SSTK|2026-02-23|18.0|18.05|15.53|15.53|1091667.0|16.05|708207.0|16.05|708207.0|1.0|12.15|6.57|5739846.0|7.240409434801956|3.09|mi_security_types
VRE|2026-02-23|18.89|18.89|18.755|18.81|20036523.0|16.77|751490.0|16.77|751490.0|1.0|12.64|0.84|12495289.0|2.670585228724765|20.81|mi_security_types
KEYS|2026-02-24|277.72|305.37|277.72|301.48|6148117.0|245.0|2817871.0|245.0|2817871.0|1.0|13.36|4.53|256664923.0|3.324632653061224|4.95|mi_security_types
PVLA|2026-02-24|113.0|127.69|109.0|120.41|1195985.0|87.84|335288.0|87.84|335288.0|1.0|28.64|10.35|21892752.0|6.963960447567004|3.99|mi_security_types
THR|2026-02-24|58.51|58.56|50.17|50.48|3583985.0|49.77|387466.0|49.77|387466.0|1.0|17.56|0.0|19687839.0|5.317948276356955|7.85|mi_security_types
VIR|2026-02-24|9.835|10.29|8.95|9.49|38364275.0|7.43|12322601.0|7.43|12322601.0|1.0|32.37|0.0|11634497.0|6.448663718515671|18.7|mi_security_types
ACHC|2026-02-25|20.305|21.98|20.305|20.84|11696644.0|17.17|3407535.0|17.17|3407535.0|1.0|18.26|4.6|46332399.0|5.2721524253265635|3.13|mi_security_types
AXON|2026-02-25|498.43|551.97|498.3|520.18|4422029.0|442.51|1458353.0|442.51|1458353.0|1.0|12.64|4.5|528655007.0|5.169252026588582|3.72|mi_security_types
BCAX|2026-02-25|18.105|18.135|17.01|17.51|1712563.0|16.24|221509.0|16.24|221509.0|1.0|11.48|15.34|5361419.0|6.438071780436312|4.42|mi_security_types
CAVA|2026-02-25|78.55|86.48|77.22|85.67|17766965.0|67.8|4816242.0|67.8|4816242.0|1.0|15.86|7.09|201062341.0|6.023588284871469|5.46|mi_security_types
CRCL|2026-02-25|73.77|83.35|71.19|83.14|63849858.0|61.37|8283492.0|61.37|8283492.0|1.0|20.21|0.33|646401103.0|7.2976209874531515|5.41|mi_security_types
ECG|2026-02-25|117.32|137.64|114.7|130.1|2975442.0|104.21|885460.0|104.21|885460.0|1.0|12.58|2.64|52849802.0|5.719213949854003|4.82|mi_security_types
LFST|2026-02-25|7.985|8.09|7.33|7.41|6149995.0|7.14|2530506.0|7.14|2530506.0|1.0|11.83|1.42|11134029.0|3.9050620248099257|3.53|mi_security_types
RYAM|2026-02-25|8.42|10.45|8.21|10.23|6532080.0|7.17|426283.0|7.17|426283.0|1.0|17.43|0.0|5062584.0|5.4243873281530135|10.02|mi_security_types
SGML|2026-02-25|14.91|16.88|14.4|16.37|18055776.0|12.6|4262184.0|12.6|4262184.0|1.0|18.33|1.2|36548415.0|8.474036281179139|5.74|mi_security_types
YOU|2026-02-25|40.06|46.63|38.0626|46.51|9453790.0|33.47|1609834.0|33.47|1609834.0|1.0|19.69|2.98|44344567.0|3.5015152161850707|6.85|mi_security_types
ARHS|2026-02-26|10.55|10.6|8.795|9.26|3841079.0|8.38|1200441.0|8.38|1200441.0|1.0|25.89|0.0|10344300.0|6.925502898056594|3.17|mi_security_types
CBZ|2026-02-26|29.81|32.09|29.07|31.8|7094890.0|27.28|2605082.0|27.28|2605082.0|1.0|9.27|0.0|39212918.0|7.83410138248848|5.7|mi_security_types
CELH|2026-02-26|58.67|59.3095|53.0501|54.12|15333954.0|50.61|5638262.0|50.61|5638262.0|1.0|15.93|16.53|215430526.0|4.4391706890224985|3.35|mi_security_types
FA|2026-02-26|11.58|11.97|10.36|11.69|4516547.0|9.52|1388965.0|9.52|1388965.0|1.0|21.64|6.37|12019222.0|8.380852340936372|3.69|mi_security_types
GCT|2026-02-26|42.585|47.24|41.09|46.98|2673166.0|35.31|506446.0|35.31|506446.0|1.0|20.6|4.41|16842428.0|4.661083464821782|5.71|mi_security_types
IBTA|2026-02-26|24.52|29.82|24.2|26.35|1728943.0|20.5|340623.0|20.5|340623.0|1.0|19.61|1.59|6299081.0|6.110034843205575|5.81|mi_security_types
IONQ|2026-02-26|39.05|41.9|38.75|40.88|70334580.0|33.59|26860143.0|33.59|26860143.0|1.0|16.25|9.13|735653508.0|8.456641007102455|3.48|mi_security_types
LMAT|2026-02-26|102.0|115.33|101.9191|113.69|1266630.0|91.38|203160.0|91.38|203160.0|1.0|11.62|2.39|11808430.0|2.584599631053995|8.67|mi_security_types
NTNX|2026-02-26|42.16|42.4|37.83|39.97|18125969.0|38.44|9607150.0|38.44|9607150.0|1.0|9.68|2.84|155767110.0|4.513508993607844|3.89|mi_security_types
OPRA|2026-02-26|14.4|15.55|14.0|15.41|3042160.0|12.49|735617.0|12.49|735617.0|1.0|15.29|4.34|8070102.0|4.527965229326316|4.09|mi_security_types
PRMB|2026-02-26|21.5|23.25|20.85|22.65|19471160.0|19.63|9168465.0|19.63|9168465.0|1.0|9.53|7.39|95954141.0|3.231205880212499|3.55|mi_security_types
Q|2026-02-26|139.94|140.6|117.0001|124.78|8400001.0|119.86|4119513.0|119.86|4119513.0|1.0|16.75|7.42|245065101.0|4.942337488975235|3.35|mi_security_types
SEZL|2026-02-26|78.3|86.68|76.4596|84.7|4470963.0|62.62|980371.0|62.62|980371.0|1.0|25.04|10.83|47053322.0|7.83281242870831|5.94|mi_security_types
SHAK|2026-02-26|104.41|107.46|98.335|98.61|4465366.0|92.13|2105462.0|92.13|2105462.0|1.0|13.33|3.07|113339436.0|4.76994464343862|3.41|mi_security_types
SJM|2026-02-26|117.69|119.39|112.67|116.0|6466629.0|106.6|3060450.0|106.6|3060450.0|1.0|10.4|0.36|179453707.0|3.061953899758778|3.48|mi_security_types
AAOI|2026-02-27|65.93|84.31|65.568|84.23|24886245.0|53.69|5508372.0|53.69|5508372.0|1.0|22.8|23.6|239680188.0|9.481946624803767|4.59|mi_security_types
ARLO|2026-02-27|14.58|16.37|14.5|15.69|6231840.0|12.34|1730207.0|12.34|1730207.0|1.0|18.15|8.06|14064490.0|4.349386432044457|4.34|mi_security_types
DELL|2026-02-27|137.37|148.86|136.11|148.08|33475578.0|121.45|14418103.0|121.45|14418103.0|1.0|13.11|4.62|949238010.0|4.981491501499734|4.15|mi_security_types
FIGS|2026-02-27|14.57|15.8999|14.3|15.45|26067961.0|12.47|9791589.0|12.47|9791589.0|1.0|16.84|21.66|31795377.0|4.482185817390307|7.86|mi_security_types
NFLX|2026-02-27|94.295|96.75|90.58|96.24|200766960.0|84.59|85642486.0|84.59|85642486.0|1.0|11.47|11.27|3438051272.0|3.466046307398712|4.33|mi_security_types
NGNE|2026-02-27|22.96|26.3999|20.5|23.49|1261276.0|19.68|322810.0|19.68|322810.0|1.0|16.67|14.35|1880464.0|6.081119337979094|10.71|mi_security_types
PRAA|2026-02-27|15.275|16.51|14.5|15.75|2627386.0|12.67|844509.0|12.67|844509.0|1.0|20.56|21.59|7367764.0|4.947006426880147|4.26|mi_security_types
REAL|2026-02-27|13.99|14.0545|11.88|12.26|11996666.0|12.39|7596008.0|12.39|7596008.0|1.0|12.91|13.67|40259289.0|6.263115415657787|3.55|mi_security_types
XYZ|2026-02-27|63.09|66.12|61.2|63.7|40658065.0|54.53|18400435.0|54.53|18400435.0|1.0|15.7|7.45|486258949.0|4.868997406408006|4.21|mi_security_types
ASTH|2026-03-02|24.04|26.535|23.99|26.32|2436383.0|20.33|566601.0|20.33|566601.0|1.0|18.25|5.78|10575237.0|5.686599676762|4.65|mi_security_types
AVAV|2026-03-02|284.24|303.0|196.22|208.32|13461945.0|252.25|890619.0|252.25|890619.0|1.0|12.68|0.0|295509939.0|7.002681580065129|11.74|mi_security_types
BATL|2026-03-02|10.7|13.61|8.2001|11.8|90764725.0|5.52|56084689.0|5.52|56084689.0|1.0|93.84|35.29|6588013.0|13.983566252587993|10.69|mi_security_types
INDO|2026-03-02|8.5|8.5|5.86|6.74|28375845.0|5.88|4617510.0|5.88|4617510.0|1.0|44.56|33.03|4239879.0|8.782798833819243|18.68|mi_security_types
NAT|2026-03-02|6.3396|6.34|5.83|5.96|13061158.0|5.73|7338926.0|5.73|7338926.0|1.0|10.64|16.46|14256671.0|3.339566192969333|3.43|mi_security_types
VG|2026-03-02|11.2|11.915|10.94|11.38|46305504.0|9.69|11751099.0|9.69|11751099.0|1.0|15.58|4.08|94585760.0|5.910069290874241|4.92|mi_security_types
INGM|2026-03-03|24.13|25.5099|23.26|24.41|3994422.0|21.35|1022457.0|21.35|1022457.0|1.0|13.02|5.48|8394035.0|3.608230177316827|8.94|mi_security_types
KTB|2026-03-03|71.88|80.31|70.815|78.18|2907603.0|64.82|1275284.0|64.82|1275284.0|1.0|10.89|0.0|49687326.0|4.0656543394895746|3.61|mi_security_types
OUST|2026-03-03|22.96|23.65|20.53|21.72|5444895.0|20.25|3680133.0|20.25|3680133.0|1.0|13.38|12.13|30410404.0|7.4679012345679014|3.36|mi_security_types
ZD|2026-03-03|44.76|50.55|41.11|41.48|10602078.0|28.01|1504874.0|28.01|1504874.0|1.0|59.8|5.66|20854562.0|7.879328811138876|11.21|mi_security_types
ACEL|2026-03-04|13.0|13.31|12.34|13.06|1460753.0|11.07|404781.0|11.07|404781.0|1.0|17.43|1.93|3704407.0|3.151374370886565|3.99|mi_security_types
BGS|2026-03-04|5.51|6.3799|5.46|5.87|7938705.0|5.05|3141414.0|5.05|3141414.0|1.0|9.11|0.0|12024883.0|4.111032531824612|3.15|mi_security_types
BW|2026-03-04|9.73|12.03|9.28|11.8|19042480.0|8.1|3044530.0|8.1|3044530.0|1.0|20.12|0.0|19186371.0|9.379629629629624|8.15|mi_security_types
NPCE|2026-03-04|15.59|15.71|13.01|13.95|510452.0|13.83|260154.0|13.83|260154.0|1.0|12.73|0.0|2287650.0|5.282253899390561|3.14|mi_security_types
SWIM|2026-03-04|7.94|8.9662|7.17|7.2|4109272.0|6.44|1351708.0|6.44|1351708.0|1.0|23.29|0.0|3130532.0|5.43478260869565|3.48|mi_security_types
OOMA|2026-03-05|14.34|14.83|14.07|14.5|711955.0|12.99|343493.0|12.99|343493.0|1.0|10.39|12.86|1903247.0|3.473441108545035|4.09|mi_security_types
SOC|2026-03-05|11.0|14.45|10.72|13.85|20147428.0|10.09|5578560.0|10.09|5578560.0|1.0|9.02|27.56|36579507.0|9.94598612487611|4.12|mi_security_types
STEM|2026-03-05|12.174|13.7166|11.62|12.18|1001534.0|10.05|376427.0|10.05|376427.0|1.0|21.13|5.79|1752297.0|8.359630419331912|5.45|mi_security_types
TTD|2026-03-05|31.489|32.9|29.2522|29.79|82707390.0|25.17|22542822.0|25.17|22542822.0|1.0|25.11|5.67|441947589.0|5.754015551393383|4.37|mi_security_types
MRVL|2026-03-06|84.715|93.4|83.4|89.57|90071099.0|75.68|42620182.0|75.68|42620182.0|1.0|11.94|0.0|977366361.0|4.176834793113863|6.33|mi_security_types
SLDB|2026-03-06|6.25|6.78|5.78|6.75|4808013.0|5.61|1140271.0|5.61|1140271.0|1.0|11.41|0.0|6396920.0|8.170486376368729|4.07|mi_security_types
SWBI|2026-03-06|12.88|13.99|12.72|13.99|3437126.0|11.79|519394.0|11.79|519394.0|1.0|9.25|0.26|4632173.0|2.571186235308374|8.98|mi_security_types
VEON|2026-03-06|62.86|62.86|52.9114|54.0|324148.0|53.18|99451.0|53.18|99451.0|1.0|18.2|0.23|3201804.0|3.8969134475903937|4.76|mi_security_types
DNTH|2026-03-09|78.9|84.86|76.07|79.23|4611152.0|65.2|1184671.0|65.2|1184671.0|1.0|21.01|18.14|33120779.0|5.948378615249782|6.55|mi_security_types
XENE|2026-03-09|60.56|62.9149|58.0|62.76|11518077.0|41.94|1084871.0|41.94|1084871.0|1.0|44.4|0.0|34277352.0|4.685264663805435|12.36|mi_security_types
AGCC|2026-03-10|21.3|23.66|17.0|18.59|310982.0|18.2|184473.0|18.2|184473.0|1.0|17.03|33.63|1036927.0|13.064835164835165|3.37|mi_security_types
STGW|2026-03-10|6.455|6.56|5.75|6.16|6505124.0|5.24|1907740.0|5.24|1907740.0|1.0|23.19|8.71|8529566.0|5.3380588876772075|4.09|mi_security_types
ZVRA|2026-03-10|10.95|11.4|10.51|11.06|9386906.0|9.12|1965861.0|9.12|1965861.0|1.0|20.07|3.75|5211866.0|4.056234335839597|12.52|mi_security_types
BNED|2026-03-11|9.19|10.3099|8.33|8.38|781442.0|8.36|163373.0|8.36|163373.0|1.0|9.93|0.0|2167307.0|4.822795625427208|3.0|mi_security_types
ORCL|2026-03-11|166.38|171.76|160.58|163.12|83247484.0|149.4|51544623.0|149.4|51544623.0|1.0|11.37|0.26|3729630841.0|4.913095238095239|3.15|mi_security_types
SERV|2026-03-11|10.776|11.6|10.25|10.65|18063553.0|9.67|4105410.0|9.67|4105410.0|1.0|11.44|2.44|31222023.0|6.862018023341705|5.56|mi_security_types
TSSI|2026-03-11|12.875|14.39|11.4|11.94|13513286.0|11.05|2439407.0|11.05|2439407.0|1.0|16.52|21.96|6186907.0|7.0256625727213935|15.35|mi_security_types
VTVT|2026-03-11|38.44|38.44|32.9|35.1|137898.0|35.02|104868.0|35.02|104868.0|1.0|9.77|1.01|1515240.0|9.076609284490496|3.08|mi_security_types
FLY|2026-03-12|23.7|25.17|22.9101|23.23|14211550.0|20.6|2608764.0|20.6|2608764.0|1.0|15.05|6.24|48455664.0|8.755825242718448|5.71|mi_security_types
HIMX|2026-03-12|11.77|12.0|10.05|10.13|35903519.0|9.15|2771279.0|9.15|2771279.0|1.0|28.63|25.17|8230066.0|4.597892271662762|25.15|mi_security_types
IPI|2026-03-12|48.96|50.34|46.2|48.84|1009877.0|44.15|515657.0|44.15|515657.0|1.0|10.89|22.71|7468192.0|6.177802944507359|3.21|mi_security_types
LWLG|2026-03-12|6.0|7.55|5.9|7.08|31613810.0|5.02|7545009.0|5.02|7545009.0|1.0|19.52|19.52|7000008.0|10.60216277746159|13.47|mi_security_types
XNET|2026-03-12|6.9|6.94|6.18|6.56|624923.0|6.04|305736.0|6.04|305736.0|1.0|14.24|10.83|1062039.0|4.962275307473983|3.44|mi_security_types
KODK|2026-03-13|7.53|7.99|6.939|6.97|2407594.0|6.89|1179411.0|6.89|1179411.0|1.0|9.29|2.99|4197988.0|4.213041675305827|3.83|mi_security_types
LOCO|2026-03-13|12.48|13.07|12.24|12.72|2152063.0|10.88|315818.0|10.88|315818.0|1.0|14.71|0.0|1799023.0|2.9738051470588234|12.37|mi_security_types
CING|2026-03-16|10.0|10.9|9.252|10.72|2110522.0|8.69|540258.0|8.69|540258.0|1.0|15.07|35.15|2187377.0|8.016028275521949|5.64|mi_security_types
DSGR|2026-03-16|25.99|26.14|24.53|26.07|1273428.0|19.31|203439.0|19.31|203439.0|1.0|34.59|0.0|2632495.0|8.72419915661759|9.01|mi_security_types
NSA|2026-03-16|40.2|40.95|39.08|40.23|18846876.0|30.94|1851698.0|30.94|1851698.0|1.0|29.93|0.0|57292250.0|3.3844076091975275|10.78|mi_security_types
CTRN|2026-03-17|54.04|56.78|49.32|51.66|365598.0|44.17|86287.0|44.17|86287.0|1.0|22.35|2.13|3220015.0|5.759937255409295|5.04|mi_security_types
KC|2026-03-18|15.18|15.41|14.58|14.78|4751323.0|13.12|575366.0|13.12|575366.0|1.0|15.7|0.0|14108148.0|6.813425522648087|3.11|mi_security_types
PDYN|2026-03-18|7.71|7.89|6.23|6.3|15324217.0|6.77|1176725.0|6.77|1176725.0|1.0|13.88|1.65|10758967.0|11.37539565309137|3.85|mi_security_types
TWO|2026-03-19|10.53|10.95|10.36|10.77|16627280.0|9.53|5302241.0|9.53|5302241.0|1.0|10.49|6.96|27917961.0|5.460125918153195|4.96|mi_security_types
PL|2026-03-20|33.55|36.28|32.2606|33.83|63703381.0|26.96|28706714.0|26.96|28706714.0|1.0|24.44|9.59|236654510.0|8.401494277236116|5.95|mi_security_types
SCHL|2026-03-20|37.76|38.9399|36.9154|37.25|2353146.0|34.24|467870.0|34.24|467870.0|1.0|10.28|2.55|13505415.0|3.8527828771695645|5.85|mi_security_types
YSS|2026-03-20|19.89|23.75|18.275|21.07|8694005.0|17.68|1533233.0|17.68|1533233.0|1.0|12.5|0.0|14433045.0|9.08346800258565|10.75|mi_security_types
APGE|2026-03-23|77.32|81.4625|76.175|79.24|3485529.0|66.04|2846568.0|66.04|2846568.0|1.0|17.08|0.0|52873459.0|6.050445617374755|3.89|mi_security_types
NTGR|2026-03-24|24.75|26.15|23.8001|24.46|3238935.0|22.06|664714.0|22.06|664714.0|1.0|12.19|5.85|8812328.0|3.668566247895351|7.51|mi_security_types
ARM|2026-03-25|148.255|166.69|148.25|157.07|29337854.0|134.96|10490349.0|134.96|10490349.0|1.0|9.85|10.9|485986581.0|4.635976797357949|6.09|mi_security_types
BRZE|2026-03-25|22.54|22.68|20.2833|21.6|11743680.0|18.02|4602308.0|18.02|4602308.0|1.0|25.08|0.0|42647039.0|6.012763596004443|4.67|mi_security_types
CGNT|2026-03-25|8.805|9.33|8.21|8.45|1509300.0|7.88|535237.0|7.88|535237.0|1.0|11.74|0.0|3255549.0|4.994923857868017|3.7|mi_security_types
MPTI|2026-03-25|70.28|77.2|69.8|77.06|484195.0|63.89|139897.0|63.89|139897.0|1.0|10.0|7.54|1954088.0|5.390380788408647|8.84|mi_security_types
SRPT|2026-03-25|19.76|23.85|19.67|23.77|16982546.0|17.61|2189104.0|17.61|2189104.0|1.0|12.21|5.77|41747549.0|4.992171655715094|6.48|mi_security_types
KOD|2026-03-26|35.41|40.4637|33.5|39.76|13060402.0|22.75|757464.0|22.75|757464.0|1.0|55.65|4.12|13221286.0|7.624803767660909|20.32|mi_security_types
LOVE|2026-03-26|13.7|14.413|13.23|13.76|1229696.0|11.29|570171.0|11.29|570171.0|1.0|21.35|7.12|2519111.0|6.557636340630145|4.32|mi_security_types
NAVN|2026-03-26|11.26|13.78|10.5|13.11|21069618.0|9.15|3482924.0|9.15|3482924.0|1.0|23.06|7.52|12246979.0|6.982591725214673|12.64|mi_security_types
AGX|2026-03-27|505.6|579.0|505.6|566.62|1963025.0|410.85|576430.0|410.85|576430.0|1.0|23.06|0.0|173388188.0|7.009979311184132|3.58|mi_security_types
LGN|2026-03-27|59.01|60.4999|52.1375|54.75|2669134.0|52.98|1579936.0|52.98|1579936.0|1.0|11.38|8.5|42127684.0|5.663862373941648|3.05|mi_security_types
NMAX|2026-03-27|6.9|6.9125|5.65|5.88|2447226.0|5.98|894325.0|5.98|894325.0|1.0|15.38|0.0|4489492.0|7.102962255136165|3.4|mi_security_types
OXM|2026-03-27|34.93|37.36|32.5|34.66|1025191.0|31.89|470051.0|31.89|470051.0|1.0|9.53|0.0|9801748.0|6.3633696187788376|3.05|mi_security_types
U|2026-03-27|20.225|20.33|18.15|19.45|53772413.0|17.13|12041474.0|17.13|12041474.0|1.0|18.07|0.0|258007595.0|6.4671003252439325|3.96|mi_security_types
AGIO|2026-03-31|33.72|36.35|33.67|33.83|3595294.0|29.61|813808.0|29.61|813808.0|1.0|13.88|5.34|22300705.0|3.681164664447339|4.66|mi_security_types
ALKS|2026-03-31|32.96|36.2199|32.54|35.39|12022087.0|30.15|2473270.0|30.15|2473270.0|1.0|9.32|8.81|63323836.0|3.2774224117507704|5.07|mi_security_types
APLS|2026-03-31|40.4|40.45|40.22|40.23|90310176.0|17.09|2158577.0|17.09|2158577.0|1.0|136.4|0.71|33204330.0|4.223438936721561|39.53|mi_security_types
CNTA|2026-03-31|40.025|40.26|39.57|39.72|47733262.0|27.58|1654529.0|27.58|1654529.0|1.0|45.12|6.32|35867700.0|6.524888635657311|31.78|mi_security_types
NCNO|2026-04-01|18.37|18.44|16.094|16.57|12800479.0|14.98|4733384.0|14.98|4733384.0|1.0|22.63|7.05|29637509.0|5.43496090024795|5.76|mi_security_types
SHAZ|2026-04-01|25.8|28.88|22.54|27.62|742931.0|22.73|81592.0|22.73|81592.0|1.0|13.51|4.6|2798834.0|11.005876437684622|5.74|mi_security_types
TH|2026-04-01|12.42|13.29|11.89|12.66|9692688.0|9.28|496684.0|9.28|496684.0|1.0|33.84|0.32|4333374.0|4.858374384236455|18.07|mi_security_types
FC|2026-04-02|17.63|23.9|17.63|23.32|2000303.0|16.15|127897.0|16.15|127897.0|1.0|9.16|18.84|1776953.0|4.736134453781515|10.23|mi_security_types
GSAT|2026-04-02|76.075|78.2999|72.5|77.73|4812679.0|68.53|1329025.0|68.53|1329025.0|1.0|11.01|13.7|33457547.0|7.645191886764921|5.49|mi_security_types
FUBO|2026-04-06|10.95|12.57|10.66|12.07|7206602.0|9.77|1817672.0|9.77|1817672.0|1.0|12.08|12.82|16540284.0|10.326802164059075|3.97|mi_security_types
SLNO|2026-04-06|52.31|52.38|52.15|52.25|58010890.0|39.49|3568434.0|39.49|3568434.0|1.0|32.46|31.41|52419250.0|5.651521180769093|31.54|mi_security_types
HUM|2026-04-07|202.0|203.5|190.05|197.15|5125557.0|182.65|1634530.0|182.65|1634530.0|1.0|10.59|10.03|252671710.0|3.4825583669000015|3.22|mi_security_types
LEVI|2026-04-08|22.65|22.96|21.4|21.81|11528296.0|19.71|7185858.0|19.71|7185858.0|1.0|14.92|8.54|43193573.0|3.4137856055664244|4.5|mi_security_types
SMTOY|2026-04-08|8.1413|8.4399|8.1413|8.3588|2157416.0|7.2888|1142640.0|58.3104|142830.0|8.0|11.7|8.02|4010698.0|5.309123978863854|3.59|polygon
FBRX|2026-04-09|29.14|35.7999|27.9|33.9|2736222.0|26.27|107981.0|26.27|107981.0|1.0|10.93|5.67|4923074.0|10.344417858502368|12.1|mi_security_types
STAA|2026-04-09|24.85|26.7|24.1|25.21|5570396.0|20.88|904960.0|20.88|904960.0|1.0|19.01|13.85|18895565.0|4.775588396278049|4.59|mi_security_types
WSR|2026-04-09|18.885|18.95|18.875|18.93|5449611.0|16.94|235259.0|16.94|235259.0|1.0|11.48|5.22|3791920.0|1.894501602293812|20.65|mi_security_types
OGN|2026-04-10|8.01|8.93|7.94|8.83|39087211.0|6.91|9998522.0|6.91|9998522.0|1.0|15.92|17.92|20654886.0|5.447488112466405|9.82|mi_security_types
SLP|2026-04-10|15.555|15.555|12.62|13.04|1370518.0|12.99|534799.0|12.99|534799.0|1.0|19.75|9.9|2323831.0|4.34713515891345|5.97|mi_security_types
ALMU|2026-04-13|14.03|16.56|13.95|15.35|13264419.0|10.755|949253.0|10.755|949253.0|1.0|30.45|0.23|7654686.0|10.38852361028093|22.86|mi_security_types
IDYA|2026-04-13|34.92|38.1|31.2|32.82|10021156.0|30.5|1083107.0|30.5|1083107.0|1.0|14.49|0.0|26814531.0|5.804660421545669|9.46|mi_security_types
OPTX|2026-04-13|10.34|12.2|10.31|11.66|5645875.0|9.35|1218260.0|9.35|1218260.0|1.0|10.59|12.92|5265276.0|12.160809778456837|8.58|mi_security_types
RVMD|2026-04-13|132.26|136.8|127.0|136.3|14423042.0|96.43|1974040.0|96.43|1974040.0|1.0|37.16|1.12|152686116.0|3.384349861483534|8.09|mi_security_types
SYRE|2026-04-13|67.0|75.0|59.0201|63.27|5336322.0|51.29|497842.0|51.29|497842.0|1.0|30.63|4.72|34383841.0|5.720274071804584|6.51|mi_security_types
AVNS|2026-04-14|24.55|24.7|24.51|24.63|23857636.0|14.53|413166.0|14.53|413166.0|1.0|68.96|6.14|5831496.0|2.770130763936682|51.13|mi_security_types
CHPT|2026-04-14|5.95|6.5|5.94|6.26|1799923.0|5.43|488278.0|5.43|488278.0|1.0|9.58|11.27|2269783.0|6.184819784267299|4.04|mi_security_types
TVTX|2026-04-14|41.53|43.31|39.9|42.13|14311453.0|30.7|2484578.0|30.7|2484578.0|1.0|35.28|6.01|36472845.0|6.152815262912984|9.38|mi_security_types
ARQQ|2026-04-15|15.25|16.6|15.01|16.23|1164601.0|13.97|376624.0|13.97|376624.0|1.0|9.16|12.3|2194701.0|7.889661519582777|6.31|mi_security_types
QBTS|2026-04-15|18.525|21.04|17.77|20.81|96401887.0|16.97|42534248.0|16.97|42534248.0|1.0|9.16|23.51|295825169.0|7.252714874989478|4.74|mi_security_types
WATT|2026-04-15|19.0|23.65|18.9|22.13|1957779.0|16.4|326846.0|16.4|326846.0|1.0|15.85|8.83|7021066.0|13.823824041811847|3.53|mi_security_types
CDNA|2026-04-16|21.75|22.81|20.1001|22.42|2975985.0|17.57|525760.0|17.57|525760.0|1.0|23.79|9.47|10337485.0|5.7870965119115425|4.73|mi_security_types
NEXA|2026-04-16|16.455|16.5535|14.55|14.87|4459610.0|14.65|8804564.0|14.65|8804564.0|1.0|12.32|34.03|4913644.0|5.174695270599709|4.84|mi_security_types
NN|2026-04-16|18.665|21.57|18.48|21.49|8234658.0|16.97|1319016.0|16.97|1319016.0|1.0|9.99|16.31|25940408.0|7.497011532957319|4.54|mi_security_types
ALV|2026-04-17|125.15|126.06|118.66|118.92|2656433.0|111.33|1366170.0|111.33|1366170.0|1.0|12.41|6.91|72016278.0|2.595122608461332|3.05|mi_security_types
CRML|2026-04-17|11.31|13.75|11.15|12.56|73207770.0|9.27|9010668.0|9.27|9010668.0|1.0|22.01|19.15|64361858.0|9.508244721836954|9.7|mi_security_types
BLD|2026-04-20|489.0|491.15|474.62|489.83|3732724.0|410.31|382374.0|410.31|382374.0|1.0|19.18|5.78|143077435.0|4.515312464095091|9.02|mi_security_types
CMPS|2026-04-20|8.645|10.21|8.63|9.46|39441696.0|6.66|1947002.0|6.66|1947002.0|1.0|29.8|20.43|9948144.0|4.996782496782499|17.92|mi_security_types
DFTX|2026-04-20|25.63|26.25|22.5|23.18|5721885.0|22.68|2114548.0|22.68|2114548.0|1.0|13.01|5.34|33209872.0|4.99014235323759|3.17|mi_security_types
GHRS|2026-04-20|21.44|24.6599|19.8|21.5|1450199.0|18.34|138771.0|18.34|138771.0|1.0|16.9|16.67|1495960.0|5.054564573921172|10.69|mi_security_types
LZM|2026-04-20|5.69|6.4|5.38|5.45|2591882.0|5.18|3797148.0|5.18|3797148.0|1.0|9.85|41.53|1196371.0|7.172642029784885|4.43|mi_security_types
NKTR|2026-04-20|97.48|109.0|95.4|100.35|4715918.0|84.86|507805.0|84.86|507805.0|1.0|14.87|9.5|50057466.0|5.272777010875056|6.26|mi_security_types
SILA|2026-04-20|30.505|30.55|30.355|30.4|9906597.0|25.53|223784.0|25.53|223784.0|1.0|19.49|2.78|6446686.0|1.76400313356835|29.41|mi_security_types
VMET|2026-04-20|12.33|13.73|11.64|13.37|1132748.0|11.03|81100.0|11.03|81100.0|1.0|11.79|0.0|1381056.0|5.6274446315244155|7.31|mi_security_types
GRPN|2026-04-21|17.48|18.69|15.71|16.66|8751625.0|14.95|1743648.0|14.95|1743648.0|1.0|16.92|24.17|14157335.0|7.021070234113715|5.49|mi_security_types
NVTS|2026-04-21|14.445|16.61|14.19|15.33|87272742.0|13.2|30497869.0|13.2|30497869.0|1.0|9.43|34.54|167193015.0|7.162770562770565|4.23|mi_security_types
UNH|2026-04-21|353.01|357.68|345.23|346.01|25750006.0|323.48|8985384.0|323.48|8985384.0|1.0|9.13|3.35|1897767246.0|2.6774916532706827|3.28|mi_security_types
HCSG|2026-04-22|24.0|24.39|21.87|22.89|2594495.0|19.35|946849.0|19.35|946849.0|1.0|24.03|3.37|10267864.0|3.2671834625322984|4.38|mi_security_types
INBX|2026-04-22|147.5|155.29|100.0|115.09|2730770.0|84.08|697910.0|84.08|697910.0|1.0|75.43|8.55|16668115.0|6.684016922658692|10.03|mi_security_types
KYTX|2026-04-22|11.08|11.1405|8.65|10.23|6081068.0|9.71|1276129.0|9.71|1276129.0|1.0|14.11|3.74|5752667.0|7.939311460938649|7.53|mi_security_types
MAS|2026-04-22|74.17|76.1|72.93|73.96|8453803.0|66.76|6557729.0|66.76|6557729.0|1.0|11.1|5.68|153624658.0|3.1033339039630228|3.14|mi_security_types
TFX|2026-04-22|136.0|139.67|133.7|138.81|3381503.0|124.75|684445.0|124.75|684445.0|1.0|9.02|1.27|90536611.0|3.4151102204408796|4.27|mi_security_types
HELE|2026-04-23|24.81|25.0|22.35|23.82|2223744.0|19.77|607767.0|19.77|607767.0|1.0|25.49|17.19|7966214.0|4.62822458270106|3.86|mi_security_types
MBLY|2026-04-23|8.95|9.06|8.33|8.7|22477840.0|7.9|5905917.0|7.9|5905917.0|1.0|13.29|5.76|42714327.0|4.158951175406875|3.32|mi_security_types
QS|2026-04-23|9.657|9.657|7.13|7.41|112371206.0|7.31|19886902.0|7.31|19886902.0|1.0|32.11|13.51|58488267.0|5.372190736759819|10.23|mi_security_types
TBRG|2026-04-23|25.7|25.85|25.6|25.76|2241158.0|22.88|132207.0|22.88|132207.0|1.0|12.33|7.82|2991049.0|4.8702547452547496|8.54|mi_security_types
TLRY|2026-04-23|9.3|9.34|6.82|6.94|42828691.0|7.87|29406444.0|7.87|29406444.0|1.0|18.17|17.11|20248019.0|5.831366854238523|9.32|mi_security_types
TXN|2026-04-23|260.31|284.12|259.31|282.23|25151796.0|236.31|11010580.0|236.31|11010580.0|1.0|10.16|9.26|1180348699.0|2.5141611805316284|4.32|mi_security_types
URI|2026-04-23|943.01|993.96|935.0|986.78|1633406.0|802.79|565335.0|802.79|565335.0|1.0|17.47|4.9|358790121.0|2.8304235407587464|3.34|mi_security_types
WST|2026-04-23|308.005|320.33|303.2|309.7|2727625.0|274.41|1007039.0|274.41|1007039.0|1.0|12.24|5.56|202924944.0|2.4956920562036986|3.34|mi_security_types
PDFS|2026-04-24|50.12|50.45|44.5|46.49|1339014.0|43.86|264480.0|43.86|264480.0|1.0|14.27|6.12|11709904.0|3.843381538661979|3.28|mi_security_types
SXT|2026-04-24|108.47|124.0|104.99|123.15|1758890.0|99.23|662378.0|99.23|662378.0|1.0|9.31|7.85|26108218.0|3.036056204200918|5.44|mi_security_types
WKC|2026-04-24|28.745|29.8|24.96|26.11|3155539.0|23.54|751922.0|23.54|751922.0|1.0|22.11|1.55|13036702.0|2.3865153538050734|5.26|mi_security_types
HTCO|2026-04-27|13.0|56.59|12.5|38.22|13996612.0|11.25|715276.0|11.25|715276.0|1.0|15.56|12.61|2744890.0|11.929460317460315|33.6|mi_security_types
MANE|2026-04-27|81.07|101.81|73.4|100.1|3347953.0|67.84|345126.0|67.84|345126.0|1.0|19.5|0.0|30501111.0|8.71509644541779|7.62|mi_security_types
ORKA|2026-04-27|90.02|91.0|74.73|76.39|6869658.0|69.03|1071433.0|69.03|1071433.0|1.0|30.41|1.9|87185999.0|5.261521905589702|5.43|mi_security_types
QUIK|2026-04-27|14.61|16.89|14.39|15.7|2195519.0|13.08|1346738.0|13.08|1346738.0|1.0|11.7|10.1|2075103.0|6.033912188728702|8.83|mi_security_types
RMAX|2026-04-27|9.57|10.3|9.5201|9.94|13993972.0|7.99|1394195.0|7.99|1394195.0|1.0|19.77|24.65|1296101.0|4.353209368853922|46.41|mi_security_types
SGMT|2026-04-27|7.21|9.3699|7.13|8.12|49294216.0|5.86|252133.0|5.86|252133.0|1.0|23.04|0.0|1787809.0|6.89809848854217|130.99|mi_security_types
BBBY|2026-04-28|7.12|7.7|4.64|4.74|43075212.0|5.34|13622477.0|5.34|13622477.0|1.0|33.33|0.0|8525881.0|7.855002675227399|18.12|mi_security_types
BBIO|2026-04-28|83.2|84.75|69.1183|69.71|12913318.0|74.52|3011898.0|74.52|3011898.0|1.0|11.65|3.98|123610448.0|4.290794417606012|6.89|mi_security_types
KFRC|2026-04-28|40.0|46.74|39.24|45.87|1767183.0|32.01|473124.0|32.01|473124.0|1.0|24.96|3.53|5484361.0|4.982483152586246|7.61|mi_security_types
OMCL|2026-04-28|45.13|46.89|43.07|45.51|2192385.0|37.63|767235.0|37.63|767235.0|1.0|19.93|3.46|12383818.0|4.464466041532212|5.25|mi_security_types
COCO|2026-04-29|60.63|67.21|56.3307|66.95|5747973.0|51.63|1605464.0|51.63|1605464.0|1.0|17.43|10.84|51812328.0|5.098088044049695|5.09|mi_security_types
EAT|2026-04-29|143.0|150.7|141.0|147.8|3906846.0|129.14|2141706.0|129.14|2141706.0|1.0|10.73|0.0|142067398.0|5.722471736100357|3.47|mi_security_types
FCEL|2026-04-29|11.395|13.66|10.99|13.64|17939471.0|9.94|3523099.0|9.94|3523099.0|1.0|14.64|14.91|12514856.0|10.522420235699919|4.22|mi_security_types
FVRR|2026-04-29|12.15|13.235|11.72|12.12|4198858.0|10.36|900624.0|10.36|900624.0|1.0|17.28|1.47|6713965.0|4.846938775510204|5.92|mi_security_types
GNRC|2026-04-29|243.77|255.88|238.0|252.92|2275638.0|217.12|1189210.0|217.12|1189210.0|1.0|12.27|1.61|143463547.0|3.546087088114538|3.33|mi_security_types
ICLR|2026-04-29|116.25|119.43|110.375|116.17|4095856.0|102.49|1580305.0|102.49|1580305.0|1.0|13.43|0.31|116521517.0|5.055336409127025|3.45|mi_security_types
KALV|2026-04-29|26.7|26.76|26.66|26.67|71958771.0|19.24|712434.0|19.24|712434.0|1.0|38.77|0.84|20543199.0|5.742055242055242|64.23|mi_security_types
NEO|2026-04-29|10.25|10.33|8.18|8.96|10799427.0|9.02|2883827.0|9.02|2883827.0|1.0|13.64|14.03|14335690.0|5.62242635413367|5.01|mi_security_types
NXPI|2026-04-29|281.41|292.85|278.07|289.25|10660847.0|230.39|4624094.0|230.39|4624094.0|1.0|22.15|4.09|577786141.0|3.234884326576674|3.47|mi_security_types
PRCH|2026-04-29|10.1|10.83|9.9|10.13|6943029.0|8.59|3456393.0|8.59|3456393.0|1.0|17.58|11.7|10931377.0|5.567104606685516|4.25|mi_security_types
PRG|2026-04-29|32.38|36.5|31.89|35.84|1309832.0|28.88|604656.0|28.88|604656.0|1.0|12.12|0.0|11313682.0|3.8954046299960425|3.48|mi_security_types
RSI|2026-04-29|28.64|29.0|26.3|27.98|6107824.0|24.0|1917213.0|24.0|1917213.0|1.0|19.33|4.48|28719295.0|3.5834523809523797|4.44|mi_security_types
SIMO|2026-04-29|195.0|217.98|192.8|217.5|4291724.0|149.18|1205700.0|149.18|1205700.0|1.0|30.71|7.56|67751584.0|4.989126271235132|7.19|mi_security_types
STX|2026-04-29|667.98|697.0|632.0|643.3|10819464.0|579.03|5326690.0|579.03|5326690.0|1.0|15.36|7.28|1723347542.0|4.493956641772819|3.11|mi_security_types
VRNS|2026-04-29|29.72|29.72|26.15|27.29|6862238.0|25.44|3554937.0|25.44|3554937.0|1.0|16.82|6.35|49862274.0|5.282681940700806|3.08|mi_security_types
BAND|2026-04-30|30.955|36.88|30.875|36.81|4139886.0|24.2|565784.0|24.2|565784.0|1.0|27.91|5.45|8371535.0|6.300295159386068|9.31|mi_security_types
DRVN|2026-04-30|14.16|14.21|13.075|13.57|6539420.0|12.74|1832311.0|12.74|1832311.0|1.0|11.15|2.82|14776541.0|4.733124018838307|4.74|mi_security_types
FIP|2026-04-30|6.41|6.57|5.77|6.145|5576427.0|5.67|982791.0|5.67|982791.0|1.0|13.05|4.81|3358284.0|5.44016124968506|8.73|mi_security_types
GKOS|2026-04-30|141.5|145.5|130.899|143.67|2667712.0|116.96|1128633.0|116.96|1128633.0|1.0|20.98|0.0|66694997.0|3.5911627296267326|4.21|mi_security_types
INSG|2026-04-30|17.29|20.2|17.21|18.23|688752.0|14.79|59802.0|14.79|59802.0|1.0|16.9|1.65|1269126.0|5.355162754757073|5.91|mi_security_types
MRAM|2026-04-30|18.06|19.71|16.5|18.28|14216615.0|13.19|681305.0|13.19|681305.0|1.0|36.92|6.03|4892981.0|6.400790642261453|27.89|mi_security_types
NVCR|2026-04-30|13.36|15.5153|13.3|15.21|7454382.0|11.93|1092222.0|11.93|1092222.0|1.0|11.99|0.0|10838518.0|5.245120344868876|6.97|mi_security_types
PI|2026-04-30|155.0|163.4|137.27|144.92|1602031.0|120.04|1013621.0|120.04|1013621.0|1.0|29.12|6.36|39660584.0|5.310884467082402|3.66|mi_security_types
PRCT|2026-04-30|24.08|26.13|21.7|24.04|4090723.0|21.71|2124306.0|21.71|2124306.0|1.0|10.92|0.0|28500975.0|6.163650720536949|3.25|mi_security_types
QCOM|2026-04-30|172.05|186.8899|163.56|179.58|60995696.0|156.0|33300911.0|156.0|33300911.0|1.0|10.29|16.46|1287870647.0|3.523864468864469|4.45|mi_security_types
TTMI|2026-04-30|178.715|180.0|148.41|158.22|5703052.0|137.5|3433401.0|137.5|3433401.0|1.0|29.97|9.78|202984049.0|6.906753246753248|3.07|mi_security_types
VIAV|2026-04-30|59.99|60.43|49.26|52.4|21159378.0|45.53|7355460.0|45.53|7355460.0|1.0|31.76|5.47|233067952.0|5.748156631420414|3.78|mi_security_types
VISN|2026-04-30|12.748|13.22|12.6|12.795|29853784.0|10.47|16222073.0|10.47|16222073.0|1.0|21.76|5.76|84936165.0|12.177855096193207|4.93|mi_security_types
