ticker,alert_date,scan_date,stage,reason,universe_sources,base_age,runup_pct,flag_depth_pct,pivot_high_date,pivot_high_price,sma_10,sma_20,held_from_stage,score
BIO,2026-05-18,2026-05-22,unqualified,runup_19%_below_50%,{rs_1m_80},21,0.19088627148098092,,2026-04-22,308.38,,,,0
BIO,2026-05-18,2026-05-26,unqualified,runup_19%_below_50%,{rs_1m_80},22,0.19088627148098092,,2026-04-22,308.38,,,,0
BIO,2026-05-18,2026-05-27,unqualified,runup_19%_below_50%,"{rs_1m_80,momentum_25pct}",23,0.19088627148098092,,2026-04-22,308.38,,,,0
BIO,2026-05-18,2026-05-28,unqualified,runup_19%_below_50%,"{rs_1m_80,momentum_25pct}",24,0.19088627148098092,,2026-04-22,308.38,,,,0
BIO,2026-05-18,2026-05-29,unqualified,base_age_0_below_3,"{rs_1m_80,momentum_25pct}",0,,,2026-05-28,319.86,,,,0
BIO,2026-05-18,2026-06-01,unqualified,base_age_1_below_3,{rs_1m_80},1,,,2026-05-28,319.86,,,,0
BIO,2026-05-18,2026-06-02,unqualified,base_age_2_below_3,{rs_1m_80},2,,,2026-05-28,319.86,,,,0
BIO,2026-05-18,2026-06-03,unqualified,runup_35%_below_50%,{rs_1m_80},3,0.35115954885312384,,2026-05-28,319.86,,,,0
BIO,2026-05-18,2026-06-04,unqualified,runup_35%_below_50%,{rs_1m_80},4,0.35115954885312384,,2026-05-28,319.86,,,,0
BIO,2026-05-18,2026-06-05,unqualified,runup_35%_below_50%,{rs_1m_80},5,0.35115954885312384,,2026-05-28,319.86,,,,0
CMPS,2026-05-18,2026-05-19,unqualified,base_age_0_below_3,"{rs_top200,rs_1m_80,ninem_universe_watch}",0,,,2026-05-18,11.65,,,,0
CMPS,2026-05-18,2026-05-20,unqualified,base_age_1_below_3,"{rs_top200,rs_1m_80,ninem_universe_watch}",1,,,2026-05-18,11.65,,,,0
CMPS,2026-05-18,2026-05-21,unqualified,base_age_2_below_3,"{rs_top200,rs_1m_80,ninem_universe_watch}",2,,,2026-05-18,11.65,,,,0
CMPS,2026-05-18,2026-05-22,unqualified,base_age_0_below_3,"{rs_top200,rs_1m_80,momentum_25pct,ninem_universe_watch}",0,,,2026-05-21,12.03,,,,0
CMPS,2026-05-18,2026-05-25,unqualified,base_age_0_below_3,{ninem_universe_watch},0,,,2026-05-21,12.03,,,,0
CMPS,2026-05-18,2026-05-26,unqualified,base_age_1_below_3,"{rs_top200,rs_1m_80,momentum_25pct,ninem_universe_watch}",1,,,2026-05-21,12.03,,,,0
CMPS,2026-05-18,2026-05-27,unqualified,base_age_1_below_3,"{rs_top200,rs_1m_80,ninem_universe_watch}",1,,,2026-05-22,12.235,,,,0
CMPS,2026-05-18,2026-05-28,unqualified,base_age_2_below_3,"{rs_top200,rs_1m_80,ninem_universe_watch}",2,,,2026-05-22,12.235,,,,0
CMPS,2026-05-18,2026-05-29,WATCH,runup_151% base_3d close_vs_pivot_+6.7%,"{rs_top200,rs_1m_80,momentum_25pct,ninem_universe_watch}",3,1.507172131147541,,2026-05-22,12.235,11.432500000000001,10.591750000000001,,1
CMPS,2026-05-18,2026-06-01,unqualified,base_age_0_below_3,"{rs_top200,rs_1m_80,momentum_25pct,ninem_universe_watch}",0,,,2026-05-29,13.1,,,,0
CMPS,2026-05-18,2026-06-02,unqualified,base_age_0_below_3,"{rs_top200,rs_1m_80,momentum_25pct}",0,,,2026-06-01,14.76,,,,0
CMPS,2026-05-18,2026-06-03,unqualified,base_age_1_below_3,"{rs_top200,rs_1m_80}",1,,,2026-06-01,14.76,,,,0
CMPS,2026-05-18,2026-06-04,unqualified,base_age_2_below_3,"{rs_top200,rs_1m_80}",2,,,2026-06-01,14.76,,,,0
CMPS,2026-05-18,2026-06-05,INVALIDATED,close_12.11_below_base_low_close_12.69,"{rs_top200,rs_1m_80}",3,2.0245901639344264,,2026-06-01,14.76,12.6235,11.51025,,0
CMPS,2026-05-18,2026-06-08,INVALIDATED,close_11.73_below_base_low_close_12.11,"{rs_top200,rs_1m_80}",4,2.0245901639344264,,2026-06-01,14.76,12.6155,11.60125,,0
D,2026-05-18,2026-05-19,unqualified,base_age_0_below_3,"{rs_1m_80,ninem_universe_watch}",0,,,2026-05-18,68.97,,,,0
D,2026-05-18,2026-05-20,unqualified,base_age_1_below_3,"{rs_1m_80,ninem_universe_watch}",1,,,2026-05-18,68.97,,,,0
D,2026-05-18,2026-05-21,unqualified,base_age_2_below_3,{ninem_universe_watch},2,,,2026-05-18,68.97,,,,0
D,2026-05-18,2026-05-22,unqualified,runup_17%_below_50%,{ninem_universe_watch},3,0.16720257234726676,,2026-05-18,68.97,,,,0
D,2026-05-18,2026-05-25,unqualified,runup_17%_below_50%,{ninem_universe_watch},3,0.16720257234726676,,2026-05-18,68.97,,,,0
D,2026-05-18,2026-05-26,unqualified,runup_17%_below_50%,{ninem_universe_watch},4,0.16720257234726676,,2026-05-18,68.97,,,,0
D,2026-05-18,2026-05-27,unqualified,runup_17%_below_50%,"{rs_1m_80,ninem_universe_watch}",5,0.16720257234726676,,2026-05-18,68.97,,,,0
D,2026-05-18,2026-05-28,unqualified,runup_17%_below_50%,"{rs_1m_80,ninem_universe_watch}",6,0.16720257234726676,,2026-05-18,68.97,,,,0
D,2026-05-18,2026-05-29,unqualified,runup_17%_below_50%,"{rs_1m_80,ninem_universe_watch}",7,0.16720257234726676,,2026-05-18,68.97,,,,0
D,2026-05-18,2026-06-01,unqualified,runup_17%_below_50%,{ninem_universe_watch},8,0.16720257234726676,,2026-05-18,68.97,,,,0
D,2026-05-18,2026-06-05,unqualified,runup_17%_below_50%,{rs_1m_80},12,0.16720257234726676,,2026-05-18,68.97,,,,0
RAMP,2026-05-18,2026-05-19,unqualified,base_age_0_below_3,"{rs_top200,rs_1m_80,momentum_25pct}",0,,,2026-05-18,37.91,,,,0
RAMP,2026-05-18,2026-05-20,unqualified,base_age_1_below_3,"{rs_top200,rs_1m_80,momentum_25pct}",1,,,2026-05-18,37.91,,,,0
RAMP,2026-05-18,2026-05-21,unqualified,base_age_2_below_3,"{rs_top200,rs_1m_80,momentum_25pct}",2,,,2026-05-18,37.91,,,,0
RAMP,2026-05-18,2026-05-22,WATCH,runup_56% base_3d close_vs_pivot_-0.6%,"{rs_top200,rs_1m_80,momentum_25pct}",3,0.5639438943894388,,2026-05-18,37.91,33.412,31.649,,2
RAMP,2026-05-18,2026-05-26,INVALIDATED,close_37.66_below_base_low_close_37.68,"{rs_top200,momentum_25pct}",4,0.5073558648111332,,2026-05-18,37.91,34.243,32.051,,0
RAMP,2026-05-18,2026-05-27,WATCH,runup_51% base_5d close_vs_pivot_-0.6%,"{rs_top200,momentum_25pct}",5,0.5073558648111332,,2026-05-18,37.91,35.144,32.448,,2
RAMP,2026-05-18,2026-05-28,INVALIDATED,close_37.59_below_base_low_close_37.66,"{rs_top200,momentum_25pct}",6,0.5073558648111332,,2026-05-18,37.91,36.044,32.8455,,0
RAMP,2026-05-18,2026-05-29,INVALIDATED,close_37.56_below_base_low_close_37.59,"{rs_top200,momentum_25pct}",7,0.5073558648111332,,2026-05-18,37.91,36.887,33.262,,0
RAMP,2026-05-18,2026-06-01,WATCH,runup_51% base_8d close_vs_pivot_-0.9%,{rs_top200},8,0.5073558648111332,,2026-05-18,37.91,37.679,33.6305,,3
RAMP,2026-05-18,2026-06-02,TIGHTENING,range_1.27 vol_0.83 fresh,{rs_top200},9,0.5073558648111332,,2026-05-18,37.91,37.660000000000004,33.994,,3
RAMP,2026-05-18,2026-06-03,INVALIDATED,close_37.40_below_base_low_close_37.56,"{rs_top200,flag_stage_carryforward}",10,0.5073558648111332,,2026-05-18,37.91,37.632,34.3585,,0
RAMP,2026-05-18,2026-06-04,INVALIDATED,close_37.38_below_base_low_close_37.40,"{rs_top200,flag_stage_carryforward}",11,0.5073558648111332,,2026-05-18,37.91,37.597,34.7555,,0
RAMP,2026-05-18,2026-06-05,TIGHTENING,range_1.27 vol_0.77 fresh,"{rs_top200,flag_stage_carryforward}",12,0.5073558648111332,,2026-05-18,37.91,37.556,35.118,,3
RAMP,2026-05-18,2026-06-08,TIGHTENING,range_1.04 vol_0.60,{flag_stage_carryforward},13,0.5073558648111332,,2026-05-18,37.91,37.535000000000004,35.4735,,4
SHAZ,2026-05-18,2026-05-19,WATCH,runup_261% base_5d close_vs_pivot_-12.2%,"{rs_top200,rs_1m_80}",5,2.6108761329305135,,2026-05-11,59.76,54.093,48.7845,,1
SHAZ,2026-05-18,2026-05-20,INVALIDATED,close_50.24_below_base_low_close_52.10,{rs_1m_80},6,2.6108761329305135,,2026-05-11,59.76,53.717499999999994,49.25675,,0
SHAZ,2026-05-18,2026-05-21,WATCH,runup_261% base_7d close_vs_pivot_-3.4%,"{rs_top200,rs_1m_80}",7,2.6108761329305135,,2026-05-11,59.76,54.11749999999999,50.00925,,2
SHAZ,2026-05-18,2026-05-22,WATCH,runup_261% base_8d close_vs_pivot_+13.9%,"{rs_top200,rs_1m_80,momentum_25pct}",8,2.6108761329305135,,2026-05-11,59.76,55.6485,51.30275,,2
SHAZ,2026-05-18,2026-05-26,unqualified,base_age_0_below_3,"{rs_top200,rs_1m_80,momentum_25pct}",0,,,2026-05-22,68.55,,,,0
SHAZ,2026-05-18,2026-05-27,unqualified,base_age_1_below_3,"{rs_top200,rs_1m_80,momentum_25pct}",1,,,2026-05-22,68.55,,,,0
SHAZ,2026-05-18,2026-05-28,unqualified,base_age_2_below_3,"{rs_top200,rs_1m_80,momentum_25pct}",2,,,2026-05-22,68.55,,,,0
SHAZ,2026-05-18,2026-05-29,unqualified,base_age_0_below_3,"{rs_top200,rs_1m_80,momentum_25pct}",0,,,2026-05-28,74.98,,,,0
SHAZ,2026-05-18,2026-06-01,unqualified,base_age_0_below_3,"{rs_top200,rs_1m_80,momentum_25pct}",0,,,2026-05-29,79.5,,,,0
SHAZ,2026-05-18,2026-06-02,unqualified,base_age_0_below_3,"{rs_top200,rs_1m_80,momentum_25pct}",0,,,2026-06-01,82,,,,0
SHAZ,2026-05-18,2026-06-03,unqualified,base_age_0_below_3,"{rs_top200,rs_1m_80,momentum_25pct}",0,,,2026-06-02,86,,,,0
SHAZ,2026-05-18,2026-06-04,unqualified,base_age_1_below_3,"{rs_top200,rs_1m_80,momentum_25pct}",1,,,2026-06-02,86,,,,0
SHAZ,2026-05-18,2026-06-05,unqualified,base_age_2_below_3,"{rs_top200,rs_1m_80}",2,,,2026-06-02,86,,,,0
TE,2026-05-18,2026-05-19,unqualified,base_age_0_below_3,"{rs_1m_80,momentum_25pct,ninem_universe_watch}",0,,,2026-05-18,7.18,,,,0
TE,2026-05-18,2026-05-20,unqualified,base_age_1_below_3,"{rs_1m_80,momentum_25pct,ninem_universe_watch}",1,,,2026-05-18,7.18,,,,0
TE,2026-05-18,2026-05-21,unqualified,base_age_0_below_3,"{rs_1m_80,momentum_25pct,ninem_universe_watch}",0,,,2026-05-20,9.42,,,,0
TE,2026-05-18,2026-05-22,unqualified,base_age_1_below_3,"{rs_1m_80,momentum_25pct,ninem_universe_watch}",1,,,2026-05-20,9.42,,,,0
TE,2026-05-18,2026-05-25,unqualified,base_age_1_below_3,{ninem_universe_watch},1,,,2026-05-20,9.42,,,,0
TE,2026-05-18,2026-05-26,unqualified,base_age_2_below_3,"{rs_top200,rs_1m_80,momentum_25pct,ninem_universe_watch}",2,,,2026-05-20,9.42,,,,0
TE,2026-05-18,2026-05-27,unqualified,base_age_0_below_3,"{rs_top200,rs_1m_80,momentum_25pct,ninem_universe_watch}",0,,,2026-05-26,10.8,,,,0
TE,2026-05-18,2026-05-28,unqualified,base_age_0_below_3,"{rs_top200,rs_1m_80,momentum_25pct,ninem_universe_watch}",0,,,2026-05-27,11.275,,,,0
TE,2026-05-18,2026-05-29,unqualified,base_age_1_below_3,"{rs_top200,rs_1m_80,momentum_25pct,ninem_universe_watch}",1,,,2026-05-27,11.275,,,,0
TE,2026-05-18,2026-06-01,unqualified,base_age_2_below_3,"{rs_top200,rs_1m_80,momentum_25pct,ninem_universe_watch}",2,,,2026-05-27,11.275,,,,0
TE,2026-05-18,2026-06-02,WATCH,runup_201% base_3d close_vs_pivot_+6.8%,"{rs_top200,rs_1m_80,momentum_25pct,ninem_universe_watch}",3,2.014705882352941,,2026-05-27,11.275,9.762,7.772,,1
TE,2026-05-18,2026-06-03,unqualified,base_age_0_below_3,"{rs_top200,rs_1m_80,momentum_25pct,ninem_universe_watch}",0,,,2026-06-02,12.25,,,,0
TE,2026-05-18,2026-06-04,unqualified,base_age_1_below_3,"{rs_top200,rs_1m_80,momentum_25pct,ninem_universe_watch}",1,,,2026-06-02,12.25,,,,0
TE,2026-05-18,2026-06-05,unqualified,base_age_2_below_3,"{rs_top200,rs_1m_80,ninem_universe_watch}",2,,,2026-06-02,12.25,,,,0
TE,2026-05-18,2026-06-08,INVALIDATED,close_9.13_below_base_low_close_9.43,"{rs_1m_80,ninem_universe_watch}",3,2.2754010695187166,,2026-06-02,12.25,10.696000000000002,8.762,,0
AGYS,2026-05-19,2026-05-20,unqualified,base_age_0_below_3,{rs_1m_80},0,,,2026-05-19,94.77,,,,0
AGYS,2026-05-19,2026-05-21,unqualified,base_age_1_below_3,{rs_1m_80},1,,,2026-05-19,94.77,,,,0
AGYS,2026-05-19,2026-05-22,unqualified,base_age_2_below_3,{rs_1m_80},2,,,2026-05-19,94.77,,,,0
AGYS,2026-05-19,2026-05-26,INVALIDATED,close_79.25_below_base_low_close_79.50,{rs_1m_80},3,0.5409756097560976,,2026-05-19,94.77,73.72,71.1195,,0
AGYS,2026-05-19,2026-05-27,WATCH,runup_54% base_4d close_vs_pivot_-16.2%,{rs_1m_80},4,0.5409756097560976,,2026-05-19,94.77,74.733,71.7635,,2
AGYS,2026-05-19,2026-05-28,WATCH,runup_54% base_5d close_vs_pivot_-12.8%,"{rs_1m_80,momentum_25pct}",5,0.5409756097560976,,2026-05-19,94.77,76.439,72.608,,2
AGYS,2026-05-19,2026-05-29,WATCH,runup_54% base_6d close_vs_pivot_-8.7%,"{rs_1m_80,momentum_25pct}",6,0.5409756097560976,,2026-05-19,94.77,78.499,73.733,,2
AGYS,2026-05-19,2026-06-01,WATCH,runup_54% base_7d close_vs_pivot_-1.3%,"{rs_1m_80,momentum_25pct}",7,0.5409756097560976,,2026-05-19,94.77,81.12,75.018,,2
AGYS,2026-05-19,2026-06-02,WATCH,runup_54% base_8d close_vs_pivot_-5.3%,{rs_1m_80},8,0.5409756097560976,,2026-05-19,94.77,83.074,76.022,,2
AGYS,2026-05-19,2026-06-03,WATCH,runup_54% base_9d close_vs_pivot_-6.8%,{rs_1m_80},9,0.5409756097560976,,2026-05-19,94.77,84.015,76.978,,3
AGYS,2026-05-19,2026-06-04,WATCH,runup_54% base_10d close_vs_pivot_-5.6%,{rs_1m_80},10,0.5409756097560976,,2026-05-19,94.77,84.82000000000001,78.021,,3
AGYS,2026-05-19,2026-06-05,WATCH,runup_54% base_11d close_vs_pivot_-6.6%,{rs_1m_80},11,0.5409756097560976,,2026-05-19,94.77,85.72200000000001,78.8005,,3
AGYS,2026-05-19,2026-06-08,WATCH,runup_54% base_12d close_vs_pivot_-6.0%,{rs_1m_80},12,0.5409756097560976,,2026-05-19,94.77,86.647,79.6755,,3
AGYS,2026-05-19,2026-06-09,TIGHTENING,range_0.94 vol_0.61,{rs_1m_80},13,0.5409756097560976,,2026-05-19,94.77,87.736,80.728,,4
BKKT,2026-05-19,2026-05-20,unqualified,base_age_0_below_3,"{rs_1m_80,momentum_25pct,ninem_universe_watch}",0,,,2026-05-19,10.99,,,,0
BKKT,2026-05-19,2026-05-21,unqualified,base_age_1_below_3,"{rs_1m_80,momentum_25pct,ninem_universe_watch}",1,,,2026-05-19,10.99,,,,0
BKKT,2026-05-19,2026-05-22,unqualified,base_age_0_below_3,"{rs_1m_80,momentum_25pct,ninem_universe_watch}",0,,,2026-05-21,12.58,,,,0
BKKT,2026-05-19,2026-05-25,unqualified,base_age_0_below_3,{ninem_universe_watch},0,,,2026-05-21,12.58,,,,0
BKKT,2026-05-19,2026-05-26,unqualified,base_age_0_below_3,"{rs_1m_80,momentum_25pct,ninem_universe_watch}",0,,,2026-05-22,13.02,,,,0
BKKT,2026-05-19,2026-05-27,unqualified,base_age_1_below_3,"{rs_1m_80,momentum_25pct,ninem_universe_watch}",1,,,2026-05-22,13.02,,,,0
BKKT,2026-05-19,2026-05-28,unqualified,base_age_2_below_3,"{rs_1m_80,momentum_25pct,ninem_universe_watch}",2,,,2026-05-22,13.02,,,,0
BKKT,2026-05-19,2026-05-29,INVALIDATED,close_10.87_below_base_low_close_11.00,"{rs_1m_80,momentum_25pct,ninem_universe_watch}",3,0.8951965065502183,,2026-05-22,13.02,10.623000000000001,9.794,,0
BKKT,2026-05-19,2026-06-01,INVALIDATED,close_10.50_below_base_low_close_10.87,{ninem_universe_watch},4,0.8951965065502183,,2026-05-22,13.02,10.845,9.8905,,0
BKKT,2026-05-19,2026-06-02,INVALIDATED,close_9.80_below_base_low_close_10.50,"{rs_1m_80,ninem_universe_watch}",5,0.8951965065502183,,2026-05-22,13.02,10.953,9.932500000000001,,0
BKKT,2026-05-19,2026-06-03,INVALIDATED,close_8.92_below_base_low_close_9.80,{rs_1m_80},6,0.8951965065502183,,2026-05-22,13.02,10.876999999999999,9.924,,0
ALAB,2026-05-20,2026-05-21,unqualified,base_age_0_below_3,"{rs_top200,rs_1m_80,momentum_25pct,ninem_universe_watch}",0,,,2026-05-20,287.6999,,,,0
ALAB,2026-05-20,2026-05-22,unqualified,base_age_0_below_3,"{rs_top200,rs_1m_80,momentum_25pct,ninem_universe_watch}",0,,,2026-05-21,298.3568,,,,0
ALAB,2026-05-20,2026-05-25,unqualified,base_age_0_below_3,{ninem_universe_watch},0,,,2026-05-21,298.3568,,,,0
ALAB,2026-05-20,2026-05-26,unqualified,base_age_0_below_3,"{rs_top200,rs_1m_80,momentum_25pct,ninem_universe_watch}",0,,,2026-05-22,315.81,,,,0
ALAB,2026-05-20,2026-05-27,unqualified,base_age_0_below_3,"{rs_top200,rs_1m_80,momentum_25pct,ninem_universe_watch}",0,,,2026-05-26,321.99,,,,0
ALAB,2026-05-20,2026-05-28,unqualified,base_age_1_below_3,"{rs_top200,rs_1m_80,momentum_25pct,ninem_universe_watch}",1,,,2026-05-26,321.99,,,,0
ALAB,2026-05-20,2026-05-29,unqualified,base_age_0_below_3,"{rs_top200,rs_1m_80,momentum_25pct,ninem_universe_watch}",0,,,2026-05-28,354.53,,,,0
ALAB,2026-05-20,2026-06-01,unqualified,base_age_1_below_3,"{rs_top200,rs_1m_80,momentum_25pct,ninem_universe_watch}",1,,,2026-05-28,354.53,,,,0
ALAB,2026-05-20,2026-06-02,unqualified,base_age_2_below_3,"{rs_top200,rs_1m_80,momentum_25pct,ninem_universe_watch}",2,,,2026-05-28,354.53,,,,0
ALAB,2026-05-20,2026-06-03,WATCH,runup_262% base_3d close_vs_pivot_+2.5%,"{rs_top200,rs_1m_80,momentum_25pct,ninem_universe_watch}",3,2.6217182551843905,,2026-05-28,354.53,326.76599999999996,271.7015,,1
ALAB,2026-05-20,2026-06-04,unqualified,base_age_0_below_3,"{rs_top200,rs_1m_80}",0,,,2026-06-03,372.37,,,,0
ALAB,2026-05-20,2026-06-05,unqualified,base_age_1_below_3,"{rs_top200,rs_1m_80}",1,,,2026-06-03,372.37,,,,0
ALAB,2026-05-20,2026-06-08,unqualified,base_age_2_below_3,"{rs_top200,rs_1m_80}",2,,,2026-06-03,372.37,,,,0
ALAB,2026-05-20,2026-06-09,WATCH,runup_280% base_3d close_vs_pivot_-8.2%,"{rs_top200,rs_1m_80}",3,2.8039636326488915,,2026-06-03,372.37,341.988,299.0235,,2
ALAB,2026-05-20,2026-06-10,WATCH,runup_280% base_4d close_vs_pivot_-11.1%,"{rs_top200,rs_1m_80}",4,2.8039636326488915,,2026-06-03,372.37,342.541,305.3455,,2
ARM,2026-05-20,2026-05-21,unqualified,base_age_0_below_3,"{rs_top200,rs_1m_80,momentum_25pct,ninem_universe_watch}",0,,,2026-05-20,259.44,,,,0
ARM,2026-05-20,2026-05-22,unqualified,base_age_0_below_3,"{rs_top200,rs_1m_80,momentum_25pct,ninem_universe_watch}",0,,,2026-05-21,298.7,,,,0
ARM,2026-05-20,2026-05-25,unqualified,base_age_0_below_3,{ninem_universe_watch},0,,,2026-05-21,298.7,,,,0
ARM,2026-05-20,2026-05-26,unqualified,base_age_0_below_3,"{rs_top200,rs_1m_80,momentum_25pct,ninem_universe_watch}",0,,,2026-05-22,315,,,,0
ARM,2026-05-20,2026-05-27,unqualified,base_age_0_below_3,"{rs_top200,rs_1m_80,momentum_25pct,ninem_universe_watch}",0,,,2026-05-26,324.9999,,,,0
ARM,2026-05-20,2026-05-28,unqualified,base_age_1_below_3,"{rs_top200,rs_1m_80,momentum_25pct,ninem_universe_watch}",1,,,2026-05-26,324.9999,,,,0
ARM,2026-05-20,2026-05-29,unqualified,base_age_0_below_3,"{rs_top200,rs_1m_80,momentum_25pct,ninem_universe_watch}",0,,,2026-05-28,349.42,,,,0
ARM,2026-05-20,2026-06-01,unqualified,base_age_1_below_3,"{rs_top200,rs_1m_80,momentum_25pct,ninem_universe_watch}",1,,,2026-05-28,349.42,,,,0
ARM,2026-05-20,2026-06-02,unqualified,base_age_0_below_3,"{rs_top200,rs_1m_80,momentum_25pct,ninem_universe_watch}",0,,,2026-06-01,421.6899,,,,0
ARM,2026-05-20,2026-06-03,unqualified,base_age_1_below_3,"{rs_top200,rs_1m_80,momentum_25pct,ninem_universe_watch}",1,,,2026-06-01,421.6899,,,,0
ARM,2026-05-20,2026-06-04,unqualified,base_age_2_below_3,"{rs_top200,rs_1m_80,momentum_25pct,ninem_universe_watch}",2,,,2026-06-01,421.6899,,,,0
ARM,2026-05-20,2026-06-05,INVALIDATED,close_342.93_below_base_low_close_393.44,"{rs_top200,rs_1m_80}",3,2.790126918814562,,2026-06-01,421.6899,357.87600000000003,293.235,,0
ARM,2026-05-20,2026-06-08,WATCH,runup_268% base_4d close_vs_pivot_-17.9%,"{rs_top200,rs_1m_80}",4,2.6843292123542004,,2026-06-01,421.6899,361.864,299.89099999999996,,1
ARM,2026-05-20,2026-06-09,INVALIDATED,close_324.86_below_base_low_close_342.93,"{rs_top200,rs_1m_80}",5,2.6843292123542004,,2026-06-01,421.6899,362.22799999999995,305.50149999999996,,0
ARM,2026-05-20,2026-06-10,INVALIDATED,close_307.43_below_base_low_close_324.86,"{rs_top200,rs_1m_80}",6,2.6843292123542004,,2026-06-01,421.6899,362.7,310.477,,0
DYN,2026-05-20,2026-05-29,unqualified,runup_39%_below_50%,{rs_1m_80},24,0.3906428571428573,,2026-04-23,19.469,,,,0
DYN,2026-05-20,2026-06-09,unqualified,runup_24%_below_50%,{rs_1m_80},6,0.23566477630749838,,2026-05-29,19.61,,,,0
GH,2026-05-20,2026-05-21,unqualified,base_age_0_below_3,{rs_1m_80},0,,,2026-05-20,115.08,,,,0
GH,2026-05-20,2026-05-22,unqualified,base_age_0_below_3,"{rs_1m_80,momentum_25pct}",0,,,2026-05-21,121.01,,,,0
GH,2026-05-20,2026-05-26,unqualified,base_age_1_below_3,"{rs_1m_80,momentum_25pct}",1,,,2026-05-21,121.01,,,,0
GH,2026-05-20,2026-05-27,unqualified,base_age_2_below_3,"{rs_1m_80,momentum_25pct}",2,,,2026-05-21,121.01,,,,0
GH,2026-05-20,2026-05-28,unqualified,base_age_0_below_3,"{rs_1m_80,momentum_25pct}",0,,,2026-05-27,128,,,,0
GH,2026-05-20,2026-05-29,unqualified,base_age_0_below_3,"{rs_1m_80,momentum_25pct}",0,,,2026-05-28,133.705,,,,0
GH,2026-05-20,2026-06-01,unqualified,base_age_1_below_3,"{rs_1m_80,momentum_25pct}",1,,,2026-05-28,133.705,,,,0
GH,2026-05-20,2026-06-02,unqualified,base_age_2_below_3,"{rs_1m_80,momentum_25pct}",2,,,2026-05-28,133.705,,,,0
GH,2026-05-20,2026-06-03,INVALIDATED,close_127.03_below_base_low_close_129.14,{rs_1m_80},3,0.7934942991281022,,2026-05-28,133.705,124.854,110.56500000000001,,0
GH,2026-05-20,2026-06-04,WATCH,runup_79% base_4d close_vs_pivot_-0.5%,{rs_1m_80},4,0.7934942991281022,,2026-05-28,133.705,126.66299999999998,112.6055,,1
GH,2026-05-20,2026-06-05,INVALIDATED,close_125.61_below_base_low_close_127.03,{rs_1m_80},5,0.7934942991281022,,2026-05-28,133.705,127.423,114.273,,0
GH,2026-05-20,2026-06-08,INVALIDATED,close_124.89_below_base_low_close_125.61,{rs_1m_80},6,0.7934942991281022,,2026-05-28,133.705,128.017,115.7325,,0
GH,2026-05-20,2026-06-09,WATCH,runup_79% base_7d close_vs_pivot_-2.7%,{rs_1m_80},7,0.7934942991281022,,2026-05-28,133.705,129.044,117.40299999999999,,2
GH,2026-05-20,2026-06-10,WATCH,runup_79% base_8d close_vs_pivot_-2.2%,{rs_1m_80},8,0.7934942991281022,,2026-05-28,133.705,129.363,118.941,,2
IBRX,2026-05-20,2026-05-21,unqualified,runup_31%_below_50%,"{rs_1m_80,ninem_universe_watch}",8,0.308868501529052,,2026-05-08,8.56,,,,0
IBRX,2026-05-20,2026-05-22,unqualified,runup_31%_below_50%,{ninem_universe_watch},9,0.308868501529052,,2026-05-08,8.56,,,,0
IBRX,2026-05-20,2026-05-25,unqualified,runup_31%_below_50%,{ninem_universe_watch},9,0.308868501529052,,2026-05-08,8.56,,,,0
IBRX,2026-05-20,2026-05-26,unqualified,runup_31%_below_50%,{ninem_universe_watch},10,0.308868501529052,,2026-05-08,8.56,,,,0
IBRX,2026-05-20,2026-05-27,unqualified,runup_31%_below_50%,{ninem_universe_watch},11,0.308868501529052,,2026-05-08,8.56,,,,0
IBRX,2026-05-20,2026-05-28,unqualified,runup_31%_below_50%,{ninem_universe_watch},12,0.308868501529052,,2026-05-08,8.56,,,,0
IBRX,2026-05-20,2026-05-29,unqualified,runup_31%_below_50%,{ninem_universe_watch},13,0.308868501529052,,2026-05-08,8.56,,,,0
IBRX,2026-05-20,2026-06-01,unqualified,runup_31%_below_50%,{ninem_universe_watch},14,0.308868501529052,,2026-05-08,8.56,,,,0
IBRX,2026-05-20,2026-06-02,unqualified,runup_31%_below_50%,{ninem_universe_watch},15,0.308868501529052,,2026-05-08,8.56,,,,0
IBRX,2026-05-20,2026-06-03,unqualified,runup_31%_below_50%,{ninem_universe_watch},16,0.308868501529052,,2026-05-08,8.56,,,,0
IMVT,2026-05-20,2026-05-21,unqualified,base_age_0_below_3,"{rs_top200,rs_1m_80,momentum_25pct,ninem_universe_watch}",0,,,2026-05-20,36.285,,,,0
IMVT,2026-05-20,2026-05-22,unqualified,base_age_1_below_3,"{rs_1m_80,momentum_25pct,ninem_universe_watch}",1,,,2026-05-20,36.285,,,,0
IMVT,2026-05-20,2026-05-25,unqualified,base_age_1_below_3,{ninem_universe_watch},1,,,2026-05-20,36.285,,,,0
IMVT,2026-05-20,2026-05-26,unqualified,base_age_2_below_3,"{rs_1m_80,momentum_25pct,ninem_universe_watch}",2,,,2026-05-20,36.285,,,,0
IMVT,2026-05-20,2026-05-27,INVALIDATED,close_33.41_below_base_low_close_33.83,"{rs_1m_80,momentum_25pct,ninem_universe_watch}",3,0.592145677928916,,2026-05-20,36.285,30.96,29.45225,,0
IMVT,2026-05-20,2026-05-28,WATCH,runup_59% base_4d close_vs_pivot_-7.7%,"{rs_1m_80,momentum_25pct,ninem_universe_watch}",4,0.592145677928916,,2026-05-20,36.285,31.385,29.77975,,2
IMVT,2026-05-20,2026-05-29,INVALIDATED,close_33.30_below_base_low_close_33.41,"{rs_1m_80,momentum_25pct,ninem_universe_watch}",5,0.592145677928916,,2026-05-20,36.285,31.819,30.0875,,0
IMVT,2026-05-20,2026-06-01,INVALIDATED,close_32.86_below_base_low_close_33.30,"{rs_1m_80,ninem_universe_watch}",6,0.592145677928916,,2026-05-20,36.285,32.356,30.3745,,0
IMVT,2026-05-20,2026-06-02,INVALIDATED,close_30.92_below_base_low_close_32.86,{ninem_universe_watch},7,0.592145677928916,,2026-05-20,36.285,32.795,30.528,,0
IMVT,2026-05-20,2026-06-03,WATCH,runup_59% base_8d close_vs_pivot_-14.2%,{ninem_universe_watch},8,0.592145677928916,,2026-05-20,36.285,33.281,30.6935,,2
IMVT,2026-05-20,2026-06-04,TIGHTENING,range_0.62 vol_0.76,{rs_1m_80},9,0.592145677928916,,2026-05-20,36.285,32.992000000000004,30.8935,,3
IMVT,2026-05-20,2026-06-05,TIGHTENING,range_0.62 vol_0.70,"{rs_1m_80,flag_stage_carryforward}",10,0.592145677928916,,2026-05-20,36.285,32.69,31.088,,3
IMVT,2026-05-20,2026-06-08,INVALIDATED,close_30.80_below_base_low_close_30.92,"{rs_1m_80,flag_stage_carryforward}",11,0.592145677928916,,2026-05-20,36.285,32.355000000000004,31.181,,0
IMVT,2026-05-20,2026-06-09,TIGHTENING,range_1.04 vol_0.59,"{rs_1m_80,flag_stage_carryforward}",12,0.592145677928916,,2026-05-20,36.285,32.132999999999996,31.3085,,4
IMVT,2026-05-20,2026-06-10,INVALIDATED,close_31.18_below_sma20_31.44,{flag_stage_carryforward},13,0.592145677928916,,2026-05-20,36.285,31.910000000000004,31.435000000000002,,0
SLS,2026-05-20,2026-05-21,unqualified,base_age_0_below_3,"{rs_top200,rs_1m_80,momentum_25pct,ninem_universe_watch}",0,,,2026-05-20,9.0999,,,,0
SLS,2026-05-20,2026-05-22,unqualified,base_age_1_below_3,"{rs_top200,rs_1m_80,momentum_25pct,ninem_universe_watch}",1,,,2026-05-20,9.0999,,,,0
SLS,2026-05-20,2026-05-25,unqualified,base_age_1_below_3,{ninem_universe_watch},1,,,2026-05-20,9.0999,,,,0
SLS,2026-05-20,2026-05-26,unqualified,base_age_2_below_3,"{rs_top200,rs_1m_80,momentum_25pct,ninem_universe_watch}",2,,,2026-05-20,9.0999,,,,0
SLS,2026-05-20,2026-05-27,WATCH,runup_130% base_3d close_vs_pivot_-5.7%,"{rs_top200,rs_1m_80,momentum_25pct,ninem_universe_watch}",3,1.303772151898734,,2026-05-20,9.0999,7.692,6.346,,1
SLS,2026-05-20,2026-05-28,WATCH,runup_130% base_4d close_vs_pivot_+0.9%,"{rs_top200,rs_1m_80,momentum_25pct,ninem_universe_watch}",4,1.303772151898734,,2026-05-20,9.0999,7.956999999999999,6.5715,,1
SLS,2026-05-20,2026-05-29,WATCH,runup_130% base_5d close_vs_pivot_+2.3%,"{rs_top200,rs_1m_80,momentum_25pct,ninem_universe_watch}",5,1.303772151898734,,2026-05-20,9.0999,8.145999999999999,6.789499999999999,,1
SLS,2026-05-20,2026-06-01,unqualified,base_age_0_below_3,"{rs_top200,rs_1m_80,ninem_universe_watch}",0,,,2026-05-29,9.51,,,,0
SLS,2026-05-20,2026-06-02,unqualified,base_age_1_below_3,"{rs_top200,rs_1m_80,ninem_universe_watch}",1,,,2026-05-29,9.51,,,,0
SLS,2026-05-20,2026-06-03,unqualified,base_age_2_below_3,"{rs_top200,rs_1m_80,ninem_universe_watch}",2,,,2026-05-29,9.51,,,,0
SLS,2026-05-20,2026-06-04,WATCH,runup_141% base_3d close_vs_pivot_-4.9%,"{rs_top200,rs_1m_80,ninem_universe_watch}",3,1.4075949367088607,,2026-05-29,9.51,8.516,7.522499999999999,,1
SLS,2026-05-20,2026-06-05,WATCH,runup_141% base_4d close_vs_pivot_-13.5%,"{rs_top200,rs_1m_80,ninem_universe_watch}",4,1.4075949367088607,,2026-05-29,9.51,8.583,7.6875,,1
SLS,2026-05-20,2026-06-08,INVALIDATED,close_7.98_below_base_low_close_8.19,"{rs_top200,rs_1m_80}",5,1.4075949367088607,,2026-05-29,9.51,8.603,7.836,,0
TATT,2026-05-20,2026-05-26,unqualified,base_age_2_below_3,{rs_1m_80},2,,,2026-05-20,40.73,,,,0
TATT,2026-05-20,2026-05-27,unqualified,runup_29%_below_50%,"{rs_1m_80,momentum_25pct}",3,0.29219543147208116,,2026-05-20,40.73,,,,0
TATT,2026-05-20,2026-05-28,unqualified,base_age_0_below_3,"{rs_1m_80,momentum_25pct}",0,,,2026-05-27,41.86,,,,0
TATT,2026-05-20,2026-05-29,unqualified,base_age_1_below_3,"{rs_1m_80,momentum_25pct}",1,,,2026-05-27,41.86,,,,0
TATT,2026-05-20,2026-06-01,unqualified,base_age_0_below_3,"{rs_1m_80,momentum_25pct}",0,,,2026-05-29,43.7699,,,,0
TATT,2026-05-20,2026-06-02,unqualified,base_age_1_below_3,{rs_1m_80},1,,,2026-05-29,43.7699,,,,0
TATT,2026-05-20,2026-06-03,unqualified,base_age_2_below_3,{rs_1m_80},2,,,2026-05-29,43.7699,,,,0
TATT,2026-05-20,2026-06-04,unqualified,base_age_0_below_3,{rs_1m_80},0,,,2026-06-03,44.66,,,,0
TATT,2026-05-20,2026-06-05,unqualified,base_age_0_below_3,{rs_1m_80},0,,,2026-06-04,47.05,,,,0
TATT,2026-05-20,2026-06-08,unqualified,base_age_1_below_3,{rs_1m_80},1,,,2026-06-04,47.05,,,,0
TATT,2026-05-20,2026-06-09,unqualified,base_age_2_below_3,{rs_1m_80},2,,,2026-06-04,47.05,,,,0
AAP,2026-05-21,2026-05-28,unqualified,runup_34%_below_50%,{momentum_25pct},3,0.3362698753760207,,2026-05-21,62.19,,,,0
AAP,2026-05-21,2026-05-29,unqualified,runup_34%_below_50%,"{rs_1m_80,momentum_25pct}",4,0.3362698753760207,,2026-05-21,62.19,,,,0
AAP,2026-05-21,2026-06-01,unqualified,runup_34%_below_50%,{rs_1m_80},5,0.3362698753760207,,2026-05-21,62.19,,,,0
AAP,2026-05-21,2026-06-02,unqualified,runup_34%_below_50%,{rs_1m_80},6,0.3362698753760207,,2026-05-21,62.19,,,,0
AAP,2026-05-21,2026-06-03,unqualified,runup_34%_below_50%,{rs_1m_80},7,0.3362698753760207,,2026-05-21,62.19,,,,0
AAP,2026-05-21,2026-06-04,unqualified,runup_34%_below_50%,{rs_1m_80},8,0.3362698753760207,,2026-05-21,62.19,,,,0
AAP,2026-05-21,2026-06-05,unqualified,runup_34%_below_50%,{rs_1m_80},9,0.3362698753760207,,2026-05-21,62.19,,,,0
AAP,2026-05-21,2026-06-08,unqualified,runup_34%_below_50%,{rs_1m_80},10,0.3362698753760207,,2026-05-21,62.19,,,,0
AAP,2026-05-21,2026-06-09,unqualified,runup_34%_below_50%,{rs_1m_80},11,0.3362698753760207,,2026-05-21,62.19,,,,0
AAP,2026-05-21,2026-06-10,unqualified,runup_34%_below_50%,{rs_1m_80},12,0.3362698753760207,,2026-05-21,62.19,,,,0
BIRK,2026-05-21,2026-05-22,unqualified,runup_27%_below_50%,"{rs_1m_80,momentum_25pct}",21,0.27495462794918324,,2026-04-22,42.15,,,,0
BIRK,2026-05-21,2026-05-26,unqualified,runup_27%_below_50%,"{rs_1m_80,momentum_25pct}",22,0.27495462794918324,,2026-04-22,42.15,,,,0
BIRK,2026-05-21,2026-05-27,unqualified,base_age_0_below_3,"{rs_1m_80,momentum_25pct}",0,,,2026-05-26,43.58,,,,0
BIRK,2026-05-21,2026-05-28,unqualified,base_age_0_below_3,"{rs_1m_80,momentum_25pct}",0,,,2026-05-27,44.76,,,,0
BIRK,2026-05-21,2026-05-29,unqualified,base_age_1_below_3,"{rs_1m_80,momentum_25pct}",1,,,2026-05-27,44.76,,,,0
BIRK,2026-05-21,2026-06-01,unqualified,base_age_2_below_3,"{rs_1m_80,momentum_25pct}",2,,,2026-05-27,44.76,,,,0
BIRK,2026-05-21,2026-06-02,unqualified,runup_44%_below_50%,"{rs_1m_80,momentum_25pct}",3,0.43830334190231346,,2026-05-27,44.76,,,,0
BIRK,2026-05-21,2026-06-03,unqualified,runup_44%_below_50%,"{rs_1m_80,momentum_25pct}",4,0.43830334190231346,,2026-05-27,44.76,,,,0
BIRK,2026-05-21,2026-06-04,unqualified,runup_44%_below_50%,{rs_1m_80},5,0.43830334190231346,,2026-05-27,44.76,,,,0
BIRK,2026-05-21,2026-06-05,unqualified,runup_44%_below_50%,{rs_1m_80},6,0.43830334190231346,,2026-05-27,44.76,,,,0
BIRK,2026-05-21,2026-06-08,unqualified,runup_44%_below_50%,{rs_1m_80},7,0.43830334190231346,,2026-05-27,44.76,,,,0
BIRK,2026-05-21,2026-06-09,unqualified,runup_44%_below_50%,{rs_1m_80},8,0.43830334190231346,,2026-05-27,44.76,,,,0
BIRK,2026-05-21,2026-06-10,unqualified,runup_46%_below_50%,{rs_1m_80},7,0.4628856041131104,,2026-05-29,45.525,,,,0
BIRK,2026-05-21,2026-06-11,unqualified,runup_46%_below_50%,{rs_1m_80},8,0.4628856041131104,,2026-05-29,45.525,,,,0
GFS,2026-05-21,2026-05-22,unqualified,base_age_0_below_3,"{rs_top200,rs_1m_80,momentum_25pct,ninem_universe_watch}",0,,,2026-05-21,81.46,,,,0
GFS,2026-05-21,2026-05-25,unqualified,base_age_0_below_3,{ninem_universe_watch},0,,,2026-05-21,81.46,,,,0
GFS,2026-05-21,2026-05-26,unqualified,base_age_0_below_3,"{rs_top200,rs_1m_80,momentum_25pct,ninem_universe_watch}",0,,,2026-05-22,89.9,,,,0
GFS,2026-05-21,2026-05-27,unqualified,base_age_0_below_3,"{rs_top200,rs_1m_80,ninem_universe_watch}",0,,,2026-05-26,92.55,,,,0
GFS,2026-05-21,2026-05-28,unqualified,base_age_1_below_3,"{rs_top200,rs_1m_80,ninem_universe_watch}",1,,,2026-05-26,92.55,,,,0
GFS,2026-05-21,2026-05-29,unqualified,base_age_2_below_3,"{rs_1m_80,ninem_universe_watch}",2,,,2026-05-26,92.55,,,,0
GFS,2026-05-21,2026-06-01,INVALIDATED,close_79.93_below_base_low_close_79.97,{ninem_universe_watch},3,1.282930439072521,,2026-05-26,92.55,78.39,75.502,,0
GFS,2026-05-21,2026-06-02,WATCH,runup_128% base_4d close_vs_pivot_-8.6%,"{rs_top200,rs_1m_80,momentum_25pct,ninem_universe_watch}",4,1.282930439072521,,2026-05-26,92.55,80.066,76.34450000000001,,1
GFS,2026-05-21,2026-06-03,WATCH,runup_128% base_5d close_vs_pivot_-7.1%,"{rs_top200,rs_1m_80,ninem_universe_watch}",5,1.282930439072521,,2026-05-26,92.55,81.997,76.942,,1
GFS,2026-05-21,2026-06-04,TIGHTENING,range_1.00 vol_0.67,"{rs_top200,rs_1m_80,ninem_universe_watch}",6,1.282930439072521,,2026-05-26,92.55,83.388,77.562,,4
GFS,2026-05-21,2026-06-05,INVALIDATED,close_75.53_below_base_low_close_79.93,"{ninem_universe_watch,flag_stage_carryforward}",7,1.282930439072521,,2026-05-26,92.55,82.806,77.792,,0
GFS,2026-05-21,2026-06-08,INVALIDATED,close_77.31_below_sma20_77.95,"{rs_top200,rs_1m_80,flag_stage_carryforward}",8,1.282930439072521,,2026-05-26,92.55,81.973,77.9515,,0
GFS,2026-05-21,2026-06-09,INVALIDATED,close_75.26_below_base_low_close_75.53,"{rs_top200,rs_1m_80,flag_stage_carryforward}",9,1.282930439072521,,2026-05-26,92.55,80.503,77.965,,0
INFQ,2026-05-21,2026-05-22,TIGHTENING,runup_150% base_24d close_vs_pivot_-23.2%,"{rs_top200,rs_1m_80,momentum_25pct,ninem_universe_watch,flag_stage_carryforward}",24,1.4976525821596245,,2026-04-17,21.28,12.987,12.7155,WATCH,2
INFQ,2026-05-21,2026-05-25,TIGHTENING,runup_150% base_24d close_vs_pivot_-23.2%,"{ninem_universe_watch,flag_stage_carryforward}",24,1.4976525821596245,,2026-04-17,21.28,12.987,12.7155,WATCH,2
INFQ,2026-05-21,2026-05-26,TIGHTENING,runup_125% base_24d close_vs_pivot_-17.1%,"{rs_top200,rs_1m_80,momentum_25pct,ninem_universe_watch,flag_stage_carryforward}",24,1.2488262910798125,,2026-04-20,19.16,13.291,12.8445,WATCH,3
INFQ,2026-05-21,2026-05-27,unqualified,base_age_1_below_3,"{rs_1m_80,momentum_25pct,flag_stage_carryforward}",1,,,2026-05-22,18.2,,,,0
INFQ,2026-05-21,2026-05-28,unqualified,base_age_2_below_3,"{rs_top200,rs_1m_80,momentum_25pct,ninem_universe_watch,flag_stage_carryforward}",2,,,2026-05-22,18.2,,,,0
INFQ,2026-05-21,2026-05-29,WATCH,runup_114% base_3d close_vs_pivot_-10.9%,"{rs_top200,rs_1m_80,momentum_25pct,ninem_universe_watch,flag_stage_carryforward}",3,1.136150234741784,,2026-05-22,18.2,14.2,13.488499999999998,,1
INFQ,2026-05-21,2026-06-01,WATCH,runup_114% base_4d close_vs_pivot_-2.8%,"{rs_top200,rs_1m_80,momentum_25pct,ninem_universe_watch}",4,1.136150234741784,,2026-05-22,18.2,14.725,13.752500000000001,,1
INFQ,2026-05-21,2026-06-02,WATCH,runup_114% base_5d close_vs_pivot_+9.2%,"{rs_top200,rs_1m_80,momentum_25pct,ninem_universe_watch}",5,1.136150234741784,,2026-05-22,18.2,15.575,14.132,,1
INFQ,2026-05-21,2026-06-03,unqualified,base_age_0_below_3,"{rs_top200,rs_1m_80,momentum_25pct,ninem_universe_watch}",0,,,2026-06-02,20.75,,,,0
INFQ,2026-05-21,2026-06-04,unqualified,base_age_1_below_3,"{rs_top200,rs_1m_80,ninem_universe_watch}",1,,,2026-06-02,20.75,,,,0
INFQ,2026-05-21,2026-06-05,unqualified,base_age_2_below_3,"{rs_top200,rs_1m_80,ninem_universe_watch}",2,,,2026-06-02,20.75,,,,0
INFQ,2026-05-21,2026-06-08,INVALIDATED,close_14.81_below_sma20_14.82,"{rs_top200,rs_1m_80,ninem_universe_watch}",3,1.4354460093896715,,2026-06-02,20.75,16.662,14.8245,,0
INFQ,2026-05-21,2026-06-09,INVALIDATED,close_13.71_below_base_low_close_14.56,"{rs_top200,rs_1m_80,ninem_universe_watch}",4,1.4354460093896715,,2026-06-02,20.75,16.445,14.868,,0
INFQ,2026-05-21,2026-06-10,INVALIDATED,close_13.58_below_base_low_close_13.71,"{rs_top200,rs_1m_80,ninem_universe_watch}",5,1.4354460093896715,,2026-06-02,20.75,16.256999999999998,14.892000000000001,,0
INFQ,2026-05-21,2026-06-11,INVALIDATED,close_14.12_below_sma20_14.93,{ninem_universe_watch},6,1.4354460093896715,,2026-06-02,20.75,15.892000000000001,14.9335,,0
QBTS,2026-05-21,2026-05-22,unqualified,base_age_0_below_3,"{rs_1m_80,momentum_25pct}",0,,,2026-05-21,25.83,,,,0
QBTS,2026-05-21,2026-05-26,unqualified,base_age_0_below_3,"{rs_1m_80,momentum_25pct}",0,,,2026-05-22,31.55,,,,0
QBTS,2026-05-21,2026-05-27,unqualified,base_age_1_below_3,"{rs_1m_80,momentum_25pct}",1,,,2026-05-22,31.55,,,,0
QBTS,2026-05-21,2026-05-28,unqualified,base_age_2_below_3,"{rs_1m_80,momentum_25pct}",2,,,2026-05-22,31.55,,,,0
QBTS,2026-05-21,2026-05-29,WATCH,runup_147% base_3d close_vs_pivot_-4.5%,"{rs_1m_80,momentum_25pct}",3,1.4745098039215687,,2026-05-22,31.55,24.697,23.413,,1
QBTS,2026-05-21,2026-06-01,WATCH,runup_147% base_4d close_vs_pivot_-7.5%,"{rs_1m_80,momentum_25pct}",4,1.4745098039215687,,2026-05-22,31.55,25.580000000000002,23.8475,,2
QBTS,2026-05-21,2026-06-02,WATCH,runup_147% base_5d close_vs_pivot_-5.2%,"{rs_1m_80,momentum_25pct,ninem_universe_watch}",5,1.4745098039215687,,2026-05-22,31.55,26.665,24.297,,2
QBTS,2026-05-21,2026-06-03,WATCH,runup_147% base_6d close_vs_pivot_-12.7%,"{rs_1m_80,momentum_25pct,ninem_universe_watch}",6,1.4745098039215687,,2026-05-22,31.55,27.601,24.5975,,2
QBTS,2026-05-21,2026-06-04,WATCH,runup_147% base_7d close_vs_pivot_-12.4%,"{rs_1m_80,ninem_universe_watch}",7,1.4745098039215687,,2026-05-22,31.55,28.435000000000002,24.788,,2
QBTS,2026-05-21,2026-06-05,INVALIDATED,close_23.85_below_base_low_close_27.48,"{rs_1m_80,ninem_universe_watch}",8,1.4745098039215687,,2026-05-22,31.55,28.246,24.881,,0
QBTS,2026-05-21,2026-06-08,WATCH,runup_147% base_9d close_vs_pivot_-18.1%,"{rs_top200,rs_1m_80,ninem_universe_watch}",9,1.4745098039215687,,2026-05-22,31.55,27.889,25.044,,2
QBTS,2026-05-21,2026-06-09,INVALIDATED,close_23.52_below_base_low_close_23.85,"{rs_1m_80,ninem_universe_watch}",10,1.4745098039215687,,2026-05-22,31.55,27.458999999999996,25.0185,,0
QBTS,2026-05-21,2026-06-10,INVALIDATED,close_23.25_below_base_low_close_23.52,"{rs_1m_80,ninem_universe_watch}",11,1.4745098039215687,,2026-05-22,31.55,27.036,25.063499999999998,,0
QBTS,2026-05-21,2026-06-11,INVALIDATED,close_23.82_below_sma20_25.18,{ninem_universe_watch},12,1.4745098039215687,,2026-05-22,31.55,26.469,25.182499999999997,,0
RGTI,2026-05-21,2026-05-22,unqualified,base_age_0_below_3,"{rs_1m_80,momentum_25pct}",0,,,2026-05-21,22.1,,,,0
RGTI,2026-05-21,2026-05-26,unqualified,base_age_0_below_3,"{rs_1m_80,momentum_25pct}",0,,,2026-05-22,27.785,,,,0
RGTI,2026-05-21,2026-05-27,unqualified,base_age_1_below_3,"{rs_1m_80,momentum_25pct}",1,,,2026-05-22,27.785,,,,0
RGTI,2026-05-21,2026-05-28,unqualified,base_age_2_below_3,"{rs_1m_80,momentum_25pct}",2,,,2026-05-22,27.785,,,,0
RGTI,2026-05-21,2026-05-29,WATCH,runup_122% base_3d close_vs_pivot_-8.1%,"{rs_1m_80,momentum_25pct}",3,1.2174780526735836,,2026-05-22,27.785,21.802500000000002,20.3065,,1
RGTI,2026-05-21,2026-06-01,WATCH,runup_122% base_4d close_vs_pivot_-7.8%,"{rs_1m_80,momentum_25pct}",4,1.2174780526735836,,2026-05-22,27.785,22.5805,20.713,,2
RGTI,2026-05-21,2026-06-02,WATCH,runup_122% base_5d close_vs_pivot_-3.3%,"{rs_1m_80,momentum_25pct}",5,1.2174780526735836,,2026-05-22,27.785,23.6065,21.172,,1
RGTI,2026-05-21,2026-06-03,INVALIDATED,close_24.09_below_base_low_close_24.62,"{rs_1m_80,momentum_25pct}",6,1.2174780526735836,,2026-05-22,27.785,24.419999999999998,21.46325,,0
RGTI,2026-05-21,2026-06-04,WATCH,runup_122% base_7d close_vs_pivot_-13.0%,{rs_1m_80},7,1.2174780526735836,,2026-05-22,27.785,25.148,21.66675,,2
RGTI,2026-05-21,2026-06-05,INVALIDATED,close_20.68_below_base_low_close_24.09,{rs_1m_80},8,1.2174780526735836,,2026-05-22,27.785,25.012,21.78375,,0
RGTI,2026-05-21,2026-06-08,INVALIDATED,close_21.77_below_sma20_21.93,{rs_1m_80},9,1.2174780526735836,,2026-05-22,27.785,24.5465,21.925,,0
RGTI,2026-05-21,2026-06-09,INVALIDATED,close_19.69_below_base_low_close_20.68,{rs_1m_80},10,1.2174780526735836,,2026-05-22,27.785,24.009,21.884,,0
RGTI,2026-05-21,2026-06-10,INVALIDATED,close_19.45_below_base_low_close_19.69,{rs_1m_80},11,1.2174780526735836,,2026-05-22,27.785,23.4915,21.90275,,0
RLAY,2026-05-21,2026-05-22,WATCH,runup_97% base_22d close_vs_pivot_-20.6%,"{magna53_failed_r3,ninem_universe_watch}",22,0.9699248120300754,,2026-04-21,17.03,12.835999999999999,12.9435,,2
RLAY,2026-05-21,2026-05-25,WATCH,runup_93% base_22d close_vs_pivot_-20.6%,"{magna53_failed_r3,ninem_universe_watch}",22,0.9264705882352944,,2026-04-21,17.03,12.835999999999999,12.9435,,2
RLAY,2026-05-21,2026-05-26,WATCH,runup_93% base_23d close_vs_pivot_-16.8%,"{rs_1m_80,magna53_failed_r3,ninem_universe_watch}",23,0.9264705882352944,,2026-04-21,17.03,12.968,12.904499999999999,,3
RLAY,2026-05-21,2026-05-27,WATCH,runup_93% base_24d close_vs_pivot_-15.3%,"{rs_top200,rs_1m_80,magna53_failed_r3,ninem_universe_watch}",24,0.9264705882352944,,2026-04-21,17.03,13.118,12.9745,,3
RLAY,2026-05-21,2026-05-28,WATCH,runup_89% base_24d close_vs_pivot_-19.0%,"{rs_1m_80,magna53_failed_r3,ninem_universe_watch}",24,0.8929359823399556,,2026-04-22,17.15,13.185999999999998,13.041,,2
RLAY,2026-05-21,2026-05-29,WATCH,runup_82% base_24d close_vs_pivot_-14.9%,"{rs_1m_80,ninem_universe_watch}",24,0.8217439293598232,,2026-04-23,16.505,13.312999999999999,13.095500000000001,,2
RLAY,2026-05-21,2026-06-01,WATCH,runup_71% base_5d close_vs_pivot_-7.7%,"{rs_1m_80,ninem_universe_watch}",5,0.705298013245033,,2026-05-21,15.45,13.519,13.1725,,2
RLAY,2026-05-21,2026-06-02,WATCH,runup_71% base_6d close_vs_pivot_+1.6%,"{rs_top200,rs_1m_80,momentum_25pct,ninem_universe_watch}",6,0.705298013245033,,2026-05-21,15.45,13.879,13.303,,2
RLAY,2026-05-21,2026-06-03,unqualified,base_age_0_below_3,"{rs_top200,rs_1m_80,ninem_universe_watch}",0,,,2026-06-02,17.47,,,,0
RLAY,2026-05-21,2026-06-04,unqualified,base_age_1_below_3,"{rs_1m_80,ninem_universe_watch}",1,,,2026-06-02,17.47,,,,0
RLAY,2026-05-21,2026-06-05,unqualified,base_age_2_below_3,"{rs_1m_80,ninem_universe_watch}",2,,,2026-06-02,17.47,,,,0
RLAY,2026-05-21,2026-06-08,WATCH,runup_89% base_3d close_vs_pivot_-21.8%,"{rs_1m_80,ninem_universe_watch}",3,0.8855909336211547,,2026-06-02,17.47,14.353,13.5945,,1
RLAY,2026-05-21,2026-06-09,WATCH,runup_89% base_4d close_vs_pivot_-19.3%,"{rs_1m_80,ninem_universe_watch}",4,0.8855909336211547,,2026-06-02,17.47,14.344999999999999,13.6565,,2
RLAY,2026-05-21,2026-06-10,INVALIDATED,close_13.49_below_base_low_close_13.52,{ninem_universe_watch},5,0.8855909336211547,,2026-06-02,17.47,14.251,13.6845,,0
RLAY,2026-05-21,2026-06-11,WATCH,runup_89% base_6d close_vs_pivot_-18.5%,{ninem_universe_watch},6,0.8855909336211547,,2026-06-02,17.47,14.285,13.735499999999998,,2
EL,2026-05-22,2026-06-09,unqualified,runup_37%_below_50%,{rs_1m_80},10,0.36771368166717,,2026-05-22,90.57,,,,0
EL,2026-05-22,2026-06-10,unqualified,runup_37%_below_50%,{rs_1m_80},11,0.36771368166717,,2026-05-22,90.57,,,,0
EL,2026-05-22,2026-06-11,unqualified,runup_37%_below_50%,{rs_1m_80},12,0.36771368166717,,2026-05-22,90.57,,,,0
HLIT,2026-05-22,2026-05-25,TIGHTENING,range_0.68 vol_0.86,"{ninem_universe_watch,flag_stage_carryforward}",7,0.8180744240992321,,2026-05-12,15.39,13,12.2585,,3
HLIT,2026-05-22,2026-05-26,unqualified,close_16.90_off_pivot_close_12.95_>24%(scaled_for_runup_0.8x),"{rs_top200,rs_1m_80,momentum_25pct,ninem_universe_watch,flag_stage_carryforward}",8,0.8180744240992321,,2026-05-12,15.39,13.407,12.578999999999999,,0
HLIT,2026-05-22,2026-05-27,unqualified,base_age_0_below_3,"{rs_top200,rs_1m_80,momentum_25pct,ninem_universe_watch,flag_stage_carryforward}",0,,,2026-05-26,17.59,,,,0
HLIT,2026-05-22,2026-05-28,unqualified,base_age_1_below_3,"{rs_top200,rs_1m_80,momentum_25pct,ninem_universe_watch,flag_stage_carryforward}",1,,,2026-05-26,17.59,,,,0
HLIT,2026-05-22,2026-05-29,unqualified,base_age_2_below_3,"{rs_top200,rs_1m_80,ninem_universe_watch,flag_stage_carryforward}",2,,,2026-05-26,17.59,,,,0
HLIT,2026-05-22,2026-06-01,WATCH,runup_108% base_3d close_vs_pivot_-10.1%,"{rs_top200,rs_1m_80,momentum_25pct,ninem_universe_watch}",3,1.0779681039574718,,2026-05-26,17.59,14.691999999999998,13.644499999999999,,1
HLIT,2026-05-22,2026-06-02,WATCH,runup_108% base_4d close_vs_pivot_-11.4%,"{rs_top200,rs_1m_80,momentum_25pct,ninem_universe_watch}",4,1.0779681039574718,,2026-05-26,17.59,15.002,13.8335,,2
HLIT,2026-05-22,2026-06-03,INVALIDATED,close_14.66_below_base_low_close_15.11,"{rs_1m_80,ninem_universe_watch}",5,1.0779681039574718,,2026-05-26,17.59,15.238,13.972,,0
HLIT,2026-05-22,2026-06-04,INVALIDATED,close_14.61_below_base_low_close_14.66,"{rs_1m_80,ninem_universe_watch}",6,1.0779681039574718,,2026-05-26,17.59,15.468,14.0935,,0
HLIT,2026-05-22,2026-06-05,INVALIDATED,close_13.27_below_base_low_close_14.61,{ninem_universe_watch},7,1.0779681039574718,,2026-05-26,17.59,15.525,14.143,,0
HLIT,2026-05-22,2026-06-08,INVALIDATED,close_14.09_below_sma20_14.21,"{rs_1m_80,ninem_universe_watch}",8,1.0779681039574718,,2026-05-26,17.59,15.413999999999998,14.206999999999999,,0
HLIT,2026-05-22,2026-06-09,INVALIDATED,close_13.41_below_sma20_14.24,{ninem_universe_watch},9,1.0779681039574718,,2026-05-26,17.59,15.065000000000001,14.235999999999999,,0
HLIT,2026-05-22,2026-06-10,INVALIDATED,close_13.50_below_sma20_14.26,{rs_1m_80},10,1.0779681039574718,,2026-05-26,17.59,14.703999999999999,14.263499999999999,,0
HLIT,2026-05-22,2026-06-11,TIGHTENING,range_1.03 vol_0.44,{rs_1m_80},11,1.0779681039574718,,2026-05-26,17.59,14.455000000000002,14.3215,,3
HLIT,2026-05-22,2026-06-12,TIGHTENING,range_1.03 vol_0.42,{flag_stage_carryforward},12,1.0779681039574718,,2026-05-26,17.59,14.437000000000001,14.401,,3
IMAX,2026-05-22,2026-05-26,unqualified,base_age_0_below_3,{rs_1m_80},0,,,2026-05-22,39.72,,,,0
IMAX,2026-05-22,2026-05-27,unqualified,base_age_0_below_3,{rs_1m_80},0,,,2026-05-26,40.79,,,,0
IMAX,2026-05-22,2026-05-28,unqualified,base_age_1_below_3,{rs_1m_80},1,,,2026-05-26,40.79,,,,0
IMAX,2026-05-22,2026-05-29,unqualified,base_age_2_below_3,{rs_1m_80},2,,,2026-05-26,40.79,,,,0
IMAX,2026-05-22,2026-06-01,unqualified,runup_25%_below_50%,{rs_1m_80},3,0.24701926016508713,,2026-05-26,40.79,,,,0
IMAX,2026-05-22,2026-06-02,unqualified,runup_25%_below_50%,{rs_1m_80},4,0.24701926016508713,,2026-05-26,40.79,,,,0
IMAX,2026-05-22,2026-06-03,unqualified,runup_25%_below_50%,{rs_1m_80},5,0.24701926016508713,,2026-05-26,40.79,,,,0
IMAX,2026-05-22,2026-06-04,unqualified,runup_25%_below_50%,{rs_1m_80},6,0.24701926016508713,,2026-05-26,40.79,,,,0
IMAX,2026-05-22,2026-06-05,unqualified,runup_25%_below_50%,{rs_1m_80},7,0.24701926016508713,,2026-05-26,40.79,,,,0
IMAX,2026-05-22,2026-06-08,unqualified,runup_25%_below_50%,{rs_1m_80},8,0.24701926016508713,,2026-05-26,40.79,,,,0
IMAX,2026-05-22,2026-06-09,unqualified,runup_25%_below_50%,{rs_1m_80},9,0.24701926016508713,,2026-05-26,40.79,,,,0
IMAX,2026-05-22,2026-06-10,unqualified,runup_25%_below_50%,{rs_1m_80},10,0.24701926016508713,,2026-05-26,40.79,,,,0
IMAX,2026-05-22,2026-06-11,unqualified,base_age_0_below_3,{rs_1m_80},0,,,2026-06-10,42.57,,,,0
IMRX,2026-05-22,2026-05-25,unqualified,runup_32%_below_50%,{ninem_universe_watch},20,0.31691648822269824,,2026-04-23,6.15,,,,0
IMRX,2026-05-22,2026-05-26,unqualified,base_age_0_below_3,{ninem_universe_watch},0,,,2026-05-22,6.89,,,,0
IMRX,2026-05-22,2026-05-27,unqualified,base_age_1_below_3,{ninem_universe_watch},1,,,2026-05-22,6.89,,,,0
IMRX,2026-05-22,2026-05-28,unqualified,base_age_2_below_3,{ninem_universe_watch},2,,,2026-05-22,6.89,,,,0
IMRX,2026-05-22,2026-05-29,unqualified,runup_48%_below_50%,"{rs_1m_80,ninem_universe_watch}",3,0.47537473233404715,,2026-05-22,6.89,,,,0
IMRX,2026-05-22,2026-06-01,unqualified,runup_48%_below_50%,{ninem_universe_watch},4,0.47537473233404715,,2026-05-22,6.89,,,,0
IMRX,2026-05-22,2026-06-02,unqualified,runup_48%_below_50%,{ninem_universe_watch},5,0.47537473233404715,,2026-05-22,6.89,,,,0
IMRX,2026-05-22,2026-06-03,unqualified,runup_48%_below_50%,{ninem_universe_watch},6,0.47537473233404715,,2026-05-22,6.89,,,,0
IMRX,2026-05-22,2026-06-04,unqualified,runup_48%_below_50%,{ninem_universe_watch},7,0.47537473233404715,,2026-05-22,6.89,,,,0
IMRX,2026-05-22,2026-06-05,unqualified,runup_48%_below_50%,{ninem_universe_watch},8,0.47537473233404715,,2026-05-22,6.89,,,,0
SG,2026-05-22,2026-05-25,unqualified,base_age_1_below_3,{ninem_universe_watch},1,,,2026-05-20,9.12,,,,0
SG,2026-05-22,2026-05-26,unqualified,base_age_0_below_3,"{rs_top200,rs_1m_80,momentum_25pct,ninem_universe_watch}",0,,,2026-05-22,10.63,,,,0
SG,2026-05-22,2026-05-27,unqualified,base_age_1_below_3,"{rs_top200,rs_1m_80,momentum_25pct,ninem_universe_watch}",1,,,2026-05-22,10.63,,,,0
SG,2026-05-22,2026-05-28,unqualified,base_age_2_below_3,"{rs_top200,rs_1m_80,momentum_25pct,ninem_universe_watch}",2,,,2026-05-22,10.63,,,,0
SG,2026-05-22,2026-05-29,WATCH,runup_137% base_3d close_vs_pivot_-6.3%,"{rs_top200,rs_1m_80,ninem_universe_watch}",3,1.3674832962138086,,2026-05-22,10.63,9.267,8.039,,2
SG,2026-05-22,2026-06-01,WATCH,runup_137% base_4d close_vs_pivot_-10.0%,"{rs_top200,rs_1m_80,ninem_universe_watch}",4,1.3674832962138086,,2026-05-22,10.63,9.415000000000001,8.1625,,2
SG,2026-05-22,2026-06-02,INVALIDATED,close_8.48_below_base_low_close_9.26,"{rs_1m_80,ninem_universe_watch}",5,1.3674832962138086,,2026-05-22,10.63,9.398,8.25,,0
SG,2026-05-22,2026-06-03,INVALIDATED,close_7.69_below_base_low_close_8.48,"{rs_1m_80,ninem_universe_watch}",6,1.3674832962138086,,2026-05-22,10.63,9.304,8.2935,,0
SG,2026-05-22,2026-06-04,INVALIDATED,close_7.37_below_base_low_close_7.69,{ninem_universe_watch},7,1.3674832962138086,,2026-05-22,10.63,9.14,8.3185,,0
SG,2026-05-22,2026-06-05,INVALIDATED,close_7.42_below_sma20_8.35,{ninem_universe_watch},8,1.3674832962138086,,2026-05-22,10.63,8.984,8.346,,0
SG,2026-05-22,2026-06-08,INVALIDATED,close_7.51_below_sma20_8.37,{ninem_universe_watch},9,1.3674832962138086,,2026-05-22,10.63,8.757000000000001,8.371500000000001,,0
SG,2026-05-22,2026-06-09,INVALIDATED,close_8.00_below_sma20_8.43,{ninem_universe_watch},10,1.3674832962138086,,2026-05-22,10.63,8.631,8.4345,,0
SG,2026-05-22,2026-06-10,WATCH,runup_137% base_11d close_vs_pivot_-19.1%,{ninem_universe_watch},11,1.3674832962138086,,2026-05-22,10.63,8.481,8.539,,2
ASPI,2026-05-26,2026-05-27,unqualified,base_age_0_below_3,"{rs_1m_80,momentum_25pct,ninem_universe_watch}",0,,,2026-05-26,7.04,,,,0
ASPI,2026-05-26,2026-05-28,unqualified,base_age_1_below_3,"{rs_1m_80,momentum_25pct,ninem_universe_watch}",1,,,2026-05-26,7.04,,,,0
ASPI,2026-05-26,2026-05-29,unqualified,base_age_0_below_3,"{rs_1m_80,momentum_25pct,ninem_universe_watch}",0,,,2026-05-28,7.98,,,,0
ASPI,2026-05-26,2026-06-01,unqualified,base_age_1_below_3,"{rs_1m_80,momentum_25pct,ninem_universe_watch}",1,,,2026-05-28,7.98,,,,0
ASPI,2026-05-26,2026-06-02,unqualified,base_age_0_below_3,"{rs_1m_80,momentum_25pct,ninem_universe_watch}",0,,,2026-06-01,8.15,,,,0
ASPI,2026-05-26,2026-06-03,unqualified,base_age_0_below_3,"{rs_1m_80,momentum_25pct,ninem_universe_watch}",0,,,2026-06-02,8.54,,,,0
ASPI,2026-05-26,2026-06-04,unqualified,base_age_1_below_3,"{rs_1m_80,momentum_25pct,ninem_universe_watch}",1,,,2026-06-02,8.54,,,,0
ASPI,2026-05-26,2026-06-05,unqualified,base_age_2_below_3,"{rs_1m_80,ninem_universe_watch}",2,,,2026-06-02,8.54,,,,0
ASPI,2026-05-26,2026-06-08,WATCH,runup_118% base_3d close_vs_pivot_-20.0%,"{rs_1m_80,ninem_universe_watch}",3,1.1785714285714284,,2026-06-02,8.54,7.455,6.552249999999999,,1
ASPI,2026-05-26,2026-06-09,INVALIDATED,close_6.40_below_base_low_close_6.71,"{rs_1m_80,ninem_universe_watch}",4,1.1785714285714284,,2026-06-02,8.54,7.401999999999999,6.561249999999999,,0
ASPI,2026-05-26,2026-06-10,INVALIDATED,close_5.85_below_base_low_close_6.40,"{rs_1m_80,ninem_universe_watch}",5,1.1785714285714284,,2026-06-02,8.54,7.32,6.555249999999999,,0
ASPI,2026-05-26,2026-06-11,INVALIDATED,close_6.23_below_sma20_6.55,"{rs_1m_80,ninem_universe_watch}",6,1.1785714285714284,,2026-06-02,8.54,7.1659999999999995,6.550749999999999,,0
ASPI,2026-05-26,2026-06-12,INVALIDATED,close_6.55_below_sma20_6.57,{rs_1m_80},7,1.1785714285714284,,2026-06-02,8.54,7.043000000000001,6.5737499999999995,,0
ASPI,2026-05-26,2026-06-15,WATCH,runup_118% base_8d close_vs_pivot_-22.2%,{rs_1m_80},8,1.1785714285714284,,2026-06-02,8.54,6.906000000000001,6.61575,,3
CCOI,2026-05-26,2026-05-27,unqualified,runup_46%_below_50%,"{rs_1m_80,momentum_25pct}",20,0.46399535423925675,,2026-04-27,25.21,,,,0
CCOI,2026-05-26,2026-05-28,unqualified,runup_46%_below_50%,{rs_1m_80},21,0.46399535423925675,,2026-04-27,25.21,,,,0
CCOI,2026-05-26,2026-05-29,unqualified,runup_46%_below_50%,{rs_1m_80},22,0.46399535423925675,,2026-04-27,25.21,,,,0
ESLT,2026-05-26,2026-05-28,unqualified,runup_17%_below_50%,{rs_1m_80},24,0.168788338500099,,2026-04-22,886,,,,0
ESLT,2026-05-26,2026-05-29,unqualified,base_age_0_below_3,{rs_1m_80},0,,,2026-05-28,902.18,,,,0
ESLT,2026-05-26,2026-06-05,unqualified,runup_21%_below_50%,{rs_1m_80},5,0.21038685744568086,,2026-05-28,902.18,,,,0
ESLT,2026-05-26,2026-06-08,unqualified,runup_21%_below_50%,{rs_1m_80},6,0.21038685744568086,,2026-05-28,902.18,,,,0
ESLT,2026-05-26,2026-06-11,unqualified,runup_21%_below_50%,{rs_1m_80},9,0.21038685744568086,,2026-05-28,902.18,,,,0
ESLT,2026-05-26,2026-06-12,unqualified,runup_21%_below_50%,{rs_1m_80},10,0.21038685744568086,,2026-05-28,902.18,,,,0
IPWR,2026-05-26,2026-05-27,unqualified,base_age_0_below_3,"{rs_top200,rs_1m_80,momentum_25pct,ninem_universe_watch}",0,,,2026-05-26,7.89,,,,0
IPWR,2026-05-26,2026-05-28,unqualified,base_age_0_below_3,"{rs_top200,rs_1m_80,momentum_25pct,ninem_universe_watch}",0,,,2026-05-27,9.3,,,,0
IPWR,2026-05-26,2026-05-29,unqualified,base_age_1_below_3,"{rs_top200,rs_1m_80,momentum_25pct,ninem_universe_watch}",1,,,2026-05-27,9.3,,,,0
IPWR,2026-05-26,2026-06-01,unqualified,base_age_2_below_3,"{rs_top200,rs_1m_80,momentum_25pct,ninem_universe_watch}",2,,,2026-05-27,9.3,,,,0
IPWR,2026-05-26,2026-06-02,WATCH,runup_251% base_3d close_vs_pivot_-17.8%,"{rs_top200,rs_1m_80,momentum_25pct,ninem_universe_watch}",3,2.5094339622641515,,2026-05-27,9.3,7.069,6.2565,,2
IPWR,2026-05-26,2026-06-03,WATCH,runup_251% base_4d close_vs_pivot_-19.8%,"{rs_top200,rs_1m_80,momentum_25pct,ninem_universe_watch}",4,2.5094339622641515,,2026-05-27,9.3,7.212000000000001,6.3865,,2
IPWR,2026-05-26,2026-06-04,WATCH,runup_251% base_5d close_vs_pivot_-20.3%,"{momentum_25pct,ninem_universe_watch}",5,2.5094339622641515,,2026-05-27,9.3,7.3790000000000004,6.5205,,2
IPWR,2026-05-26,2026-06-05,INVALIDATED,close_6.03_below_base_low_close_7.30,{ninem_universe_watch},6,2.5094339622641515,,2026-05-27,9.3,7.294,6.591500000000001,,0
IPWR,2026-05-26,2026-06-08,INVALIDATED,close_5.98_below_base_low_close_6.03,{ninem_universe_watch},7,2.5094339622641515,,2026-05-27,9.3,7.319,6.670999999999999,,0
IPWR,2026-05-26,2026-06-09,INVALIDATED,close_5.72_below_base_low_close_5.98,{ninem_universe_watch},8,2.5094339622641515,,2026-05-27,9.3,7.199,6.669499999999999,,0
IPWR,2026-05-26,2026-06-10,INVALIDATED,close_5.78_below_sma20_6.69,{ninem_universe_watch},9,2.5094339622641515,,2026-05-27,9.3,6.878,6.686,,0
JOYY,2026-05-26,2026-05-27,unqualified,base_age_0_below_3,{rs_1m_80},0,,,2026-05-26,65.8,,,,0
JOYY,2026-05-26,2026-05-28,unqualified,base_age_0_below_3,{rs_1m_80},0,,,2026-05-27,67.51,,,,0
JOYY,2026-05-26,2026-05-29,unqualified,base_age_1_below_3,{rs_1m_80},1,,,2026-05-27,67.51,,,,0
JOYY,2026-05-26,2026-06-01,unqualified,base_age_2_below_3,"{rs_1m_80,momentum_25pct}",2,,,2026-05-27,67.51,,,,0
JOYY,2026-05-26,2026-06-02,unqualified,base_age_1_below_3,"{rs_1m_80,momentum_25pct}",1,,,2026-05-29,68.37,,,,0
JOYY,2026-05-26,2026-06-03,unqualified,base_age_2_below_3,{rs_1m_80},2,,,2026-05-29,68.37,,,,0
JOYY,2026-05-26,2026-06-04,unqualified,runup_26%_below_50%,"{rs_1m_80,momentum_25pct}",3,0.26050884955752207,,2026-05-29,68.37,,,,0
JOYY,2026-05-26,2026-06-05,unqualified,runup_26%_below_50%,{rs_1m_80},4,0.26050884955752207,,2026-05-29,68.37,,,,0
JOYY,2026-05-26,2026-06-08,unqualified,runup_26%_below_50%,{rs_1m_80},5,0.26050884955752207,,2026-05-29,68.37,,,,0
JOYY,2026-05-26,2026-06-09,unqualified,runup_26%_below_50%,{rs_1m_80},6,0.26050884955752207,,2026-05-29,68.37,,,,0
JOYY,2026-05-26,2026-06-10,unqualified,runup_26%_below_50%,{rs_1m_80},7,0.26050884955752207,,2026-05-29,68.37,,,,0
JOYY,2026-05-26,2026-06-11,unqualified,runup_26%_below_50%,{rs_1m_80},8,0.26050884955752207,,2026-05-29,68.37,,,,0
JOYY,2026-05-26,2026-06-12,unqualified,runup_26%_below_50%,{rs_1m_80},9,0.26050884955752207,,2026-05-29,68.37,,,,0
JOYY,2026-05-26,2026-06-15,unqualified,runup_26%_below_50%,{rs_1m_80},10,0.26050884955752207,,2026-05-29,68.37,,,,0
LUNR,2026-05-26,2026-05-27,unqualified,base_age_0_below_3,"{rs_top200,rs_1m_80,ninem_universe_watch}",0,,,2026-05-26,45.52,,,,0
LUNR,2026-05-26,2026-05-28,unqualified,base_age_1_below_3,"{rs_top200,rs_1m_80,momentum_25pct,ninem_universe_watch}",1,,,2026-05-26,45.52,,,,0
LUNR,2026-05-26,2026-05-29,unqualified,base_age_0_below_3,"{rs_top200,rs_1m_80,momentum_25pct,ninem_universe_watch}",0,,,2026-05-28,46.75,,,,0
LUNR,2026-05-26,2026-06-01,unqualified,base_age_1_below_3,"{rs_top200,rs_1m_80,ninem_universe_watch}",1,,,2026-05-28,46.75,,,,0
LUNR,2026-05-26,2026-06-02,unqualified,base_age_2_below_3,"{rs_top200,rs_1m_80,ninem_universe_watch}",2,,,2026-05-28,46.75,,,,0
LUNR,2026-05-26,2026-06-03,INVALIDATED,close_33.83_below_base_low_close_38.21,{ninem_universe_watch},3,1.949526813880126,,2026-05-28,46.75,38.251,34.9285,,0
LUNR,2026-05-26,2026-06-04,INVALIDATED,close_33.63_below_base_low_close_33.83,{ninem_universe_watch},4,1.949526813880126,,2026-05-28,46.75,38.247,35.2935,,0
LUNR,2026-05-26,2026-06-05,INVALIDATED,close_29.36_below_base_low_close_33.63,{ninem_universe_watch},5,1.949526813880126,,2026-05-28,46.75,37.759,35.556,,0
LUNR,2026-05-26,2026-06-08,INVALIDATED,close_29.73_below_sma20_35.59,{ninem_universe_watch},6,1.949526813880126,,2026-05-28,46.75,36.9065,35.59425,,0
LUNR,2026-05-26,2026-06-09,INVALIDATED,close_27.47_below_base_low_close_29.36,{ninem_universe_watch},7,1.949526813880126,,2026-05-28,46.75,36.167500000000004,35.34675,,0
LUNR,2026-05-26,2026-06-10,INVALIDATED,close_26.54_below_base_low_close_27.47,{ninem_universe_watch},8,1.949526813880126,,2026-05-28,46.75,34.787,35.069,,0
LUNR,2026-05-26,2026-06-11,INVALIDATED,close_30.64_below_sma20_34.82,{ninem_universe_watch},9,1.949526813880126,,2026-05-28,46.75,33.281,34.817,,0
MNTS,2026-05-26,2026-05-27,unqualified,base_age_0_below_3,"{rs_top200,rs_1m_80,momentum_25pct,flag_stage_carryforward}",0,,,2026-05-26,16.28,,,,0
MNTS,2026-05-26,2026-05-28,unqualified,base_age_0_below_3,"{rs_top200,rs_1m_80,momentum_25pct,flag_stage_carryforward}",0,,,2026-05-27,22.2,,,,0
MNTS,2026-05-26,2026-05-29,unqualified,base_age_1_below_3,"{rs_top200,rs_1m_80,momentum_25pct,flag_stage_carryforward}",1,,,2026-05-27,22.2,,,,0
MNTS,2026-05-26,2026-06-01,unqualified,base_age_2_below_3,"{rs_top200,rs_1m_80,momentum_25pct}",2,,,2026-05-27,22.2,,,,0
MNTS,2026-05-26,2026-06-02,INVALIDATED,close_14.08_below_base_low_close_16.71,"{rs_top200,rs_1m_80,momentum_25pct}",3,6.138263665594855,,2026-05-27,22.2,12.898,9.118500000000001,,0
MNTS,2026-05-26,2026-06-03,INVALIDATED,close_13.12_below_base_low_close_14.08,"{rs_top200,rs_1m_80,momentum_25pct}",4,6.138263665594855,,2026-05-27,22.2,13.629,9.5375,,0
MNTS,2026-05-26,2026-06-04,WATCH,runup_614% base_5d close_vs_pivot_-28.9%,"{rs_top200,rs_1m_80,momentum_25pct,ninem_universe_watch}",5,6.138263665594855,,2026-05-27,22.2,14.586000000000002,10.087,,1
MNTS,2026-05-26,2026-06-05,WATCH,runup_614% base_6d close_vs_pivot_-32.8%,"{rs_top200,rs_1m_80,momentum_25pct,ninem_universe_watch}",6,6.138263665594855,,2026-05-27,22.2,15.322,10.612,,2
MNTS,2026-05-26,2026-06-08,INVALIDATED,close_12.22_below_base_low_close_13.12,"{rs_top200,rs_1m_80,ninem_universe_watch}",7,6.138263665594855,,2026-05-27,22.2,15.806000000000001,10.95,,0
MNTS,2026-05-26,2026-06-09,WATCH,runup_614% base_8d close_vs_pivot_-42.8%,"{rs_top200,rs_1m_80,ninem_universe_watch}",8,6.138263665594855,,2026-05-27,22.2,15.527000000000001,11.3035,,2
MNTS,2026-05-26,2026-06-10,INVALIDATED,close_11.34_below_base_low_close_12.22,"{rs_top200,rs_1m_80,ninem_universe_watch}",9,6.138263665594855,,2026-05-27,22.2,14.711000000000002,11.6035,,0
MNTS,2026-05-26,2026-06-11,WATCH,runup_614% base_10d close_vs_pivot_-26.6%,"{rs_top200,rs_1m_80,momentum_25pct,ninem_universe_watch}",10,6.138263665594855,,2026-05-27,22.2,14.401,12.124500000000001,,2
MNTS,2026-05-26,2026-06-12,INVALIDATED,close_11.95_below_sma20_12.44,"{rs_top200,rs_1m_80,ninem_universe_watch}",11,6.138263665594855,,2026-05-27,22.2,13.911000000000001,12.443999999999999,,0
MNTS,2026-05-26,2026-06-15,INVALIDATED,close_10.23_below_base_low_close_11.34,"{rs_top200,rs_1m_80,ninem_universe_watch}",12,6.138263665594855,,2026-05-27,22.2,13.263,12.683,,0
MNTS,2026-05-26,2026-06-16,INVALIDATED,close_9.31_below_base_low_close_10.23,{ninem_universe_watch},13,6.138263665594855,,2026-05-27,22.2,12.786,12.841999999999999,,0
MOD,2026-05-26,2026-06-02,WATCH,runup_79% base_4d close_vs_pivot_-5.1%,"{rs_1m_80,momentum_25pct}",4,0.7876894148877338,,2026-05-26,323.25,273.328,273.6285,,2
MOD,2026-05-26,2026-06-08,INVALIDATED,close_275.23_below_sma20_276.95,{rs_1m_80},8,0.7320366500562612,,2026-05-26,323.25,287.581,276.954,,0
MOD,2026-05-26,2026-06-09,TIGHTENING,range_0.82 vol_0.64,{rs_1m_80},9,0.7320366500562612,,2026-05-26,323.25,285.81100000000004,276.623,,4
MOD,2026-05-26,2026-06-10,INVALIDATED,close_258.17_below_base_low_close_270.70,{flag_stage_carryforward},10,0.7320366500562612,,2026-05-26,323.25,283.635,275.71799999999996,,0
MOD,2026-05-26,2026-06-11,INVALIDATED,close_271.51_below_sma20_275.33,{flag_stage_carryforward},11,0.7225301076414794,,2026-05-26,323.25,283.716,275.3335,,0
MOD,2026-05-26,2026-06-12,TIGHTENING,range_1.20 vol_0.68,{flag_stage_carryforward},12,0.7193234402425404,,2026-05-26,323.25,283.275,274.45050000000003,,4
MOD,2026-05-26,2026-06-15,TIGHTENING,range_0.76 vol_0.69,"{rs_1m_80,flag_stage_carryforward}",13,0.7193234402425404,,2026-05-26,323.25,282.995,275.1735,,4
MOD,2026-05-26,2026-06-16,TIGHTENING,runup_72% base_14d close_vs_pivot_-11.8%,{flag_stage_carryforward},14,0.7193234402425404,,2026-05-26,323.25,280.803,277.06550000000004,WATCH,3
PONY,2026-05-26,2026-05-27,unqualified,runup_43%_below_50%,{ninem_universe_watch},24,0.43203883495145634,,2026-04-21,11.8,,,,0
PONY,2026-05-26,2026-05-28,unqualified,runup_39%_below_50%,{ninem_universe_watch},24,0.3850970873786408,,2026-04-22,11.4132,,,,0
PONY,2026-05-26,2026-05-29,unqualified,runup_29%_below_50%,"{rs_1m_80,ninem_universe_watch}",15,0.29247572815533984,,2026-05-06,10.65,,,,0
PONY,2026-05-26,2026-06-01,unqualified,runup_29%_below_50%,"{rs_1m_80,momentum_25pct,ninem_universe_watch}",16,0.29247572815533984,,2026-05-06,10.65,,,,0
PONY,2026-05-26,2026-06-02,unqualified,base_age_0_below_3,"{rs_1m_80,momentum_25pct,ninem_universe_watch}",0,,,2026-06-01,10.85,,,,0
PONY,2026-05-26,2026-06-03,unqualified,base_age_0_below_3,"{rs_1m_80,ninem_universe_watch}",0,,,2026-06-02,11.28,,,,0
PONY,2026-05-26,2026-06-04,unqualified,base_age_1_below_3,{ninem_universe_watch},1,,,2026-06-02,11.28,,,,0
PONY,2026-05-26,2026-06-05,unqualified,base_age_2_below_3,{ninem_universe_watch},2,,,2026-06-02,11.28,,,,0
PONY,2026-05-26,2026-06-08,unqualified,runup_41%_below_50%,"{rs_1m_80,ninem_universe_watch}",3,0.4117647058823528,,2026-06-02,11.28,,,,0
PONY,2026-05-26,2026-06-09,unqualified,runup_41%_below_50%,{ninem_universe_watch},4,0.4117647058823528,,2026-06-02,11.28,,,,0
POWI,2026-05-26,2026-05-27,unqualified,base_age_0_below_3,"{rs_top200,rs_1m_80,momentum_25pct,flag_stage_carryforward}",0,,,2026-05-26,84.9,,,,0
POWI,2026-05-26,2026-05-28,unqualified,base_age_0_below_3,"{rs_top200,rs_1m_80,momentum_25pct,flag_stage_carryforward}",0,,,2026-05-27,88.17,,,,0
POWI,2026-05-26,2026-05-29,unqualified,base_age_1_below_3,"{rs_top200,rs_1m_80,flag_stage_carryforward}",1,,,2026-05-27,88.17,,,,0
POWI,2026-05-26,2026-06-01,unqualified,base_age_2_below_3,{rs_1m_80},2,,,2026-05-27,88.17,,,,0
POWI,2026-05-26,2026-06-02,WATCH,runup_98% base_3d close_vs_pivot_-4.5%,"{rs_top200,rs_1m_80}",3,0.9835770528683914,,2026-05-27,88.17,78.69,75.8125,,2
POWI,2026-05-26,2026-06-03,WATCH,runup_98% base_4d close_vs_pivot_-3.6%,"{rs_top200,rs_1m_80}",4,0.9835770528683914,,2026-05-27,88.17,80.361,76.208,,2
POWI,2026-05-26,2026-06-04,WATCH,runup_98% base_5d close_vs_pivot_-3.3%,"{rs_top200,rs_1m_80}",5,0.9835770528683914,,2026-05-27,88.17,81.978,76.5615,,1
POWI,2026-05-26,2026-06-08,INVALIDATED,close_76.68_below_base_low_close_77.02,"{rs_top200,rs_1m_80}",7,0.9835770528683914,,2026-05-27,88.17,83.215,76.991,,0
POWI,2026-05-26,2026-06-10,INVALIDATED,close_74.63_below_base_low_close_74.71,{rs_1m_80},9,0.9817936614969656,,2026-05-27,88.17,81.05,77.19550000000001,,0
POWI,2026-05-26,2026-06-11,WATCH,runup_98% base_10d close_vs_pivot_-11.8%,{rs_1m_80},10,0.9817936614969656,,2026-05-27,88.17,80.119,77.526,,3
POWI,2026-05-26,2026-06-12,WATCH,runup_98% base_11d close_vs_pivot_-11.1%,{rs_1m_80},11,0.9817936614969656,,2026-05-27,88.17,79.55699999999999,77.8615,,3
POWI,2026-05-26,2026-06-15,WATCH,runup_98% base_12d close_vs_pivot_-5.5%,"{rs_top200,rs_1m_80}",12,0.9817936614969656,,2026-05-27,88.17,79.697,78.365,,3
RDW,2026-05-26,2026-05-27,unqualified,base_age_0_below_3,"{rs_top200,rs_1m_80,momentum_25pct,ninem_universe_watch}",0,,,2026-05-26,23.1,,,,0
RDW,2026-05-26,2026-05-28,unqualified,base_age_0_below_3,"{rs_top200,rs_1m_80,momentum_25pct,ninem_universe_watch}",0,,,2026-05-27,24.9199,,,,0
RDW,2026-05-26,2026-05-29,unqualified,base_age_0_below_3,"{rs_top200,rs_1m_80,momentum_25pct,ninem_universe_watch}",0,,,2026-05-28,26.64,,,,0
RDW,2026-05-26,2026-06-01,unqualified,base_age_1_below_3,"{rs_top200,rs_1m_80,momentum_25pct,ninem_universe_watch}",1,,,2026-05-28,26.64,,,,0
RDW,2026-05-26,2026-06-02,unqualified,base_age_2_below_3,"{rs_top200,rs_1m_80,momentum_25pct,ninem_universe_watch}",2,,,2026-05-28,26.64,,,,0
RDW,2026-05-26,2026-06-03,INVALIDATED,close_18.62_below_base_low_close_20.58,"{rs_top200,rs_1m_80,momentum_25pct,ninem_universe_watch}",3,2.585464333781965,,2026-05-28,26.64,20.4,16.2505,,0
RDW,2026-05-26,2026-06-04,WATCH,runup_259% base_4d close_vs_pivot_-19.6%,"{rs_top200,rs_1m_80,momentum_25pct,ninem_universe_watch}",4,2.585464333781965,,2026-05-28,26.64,21.066,16.84,,1
RDW,2026-05-26,2026-06-05,INVALIDATED,close_18.45_below_base_low_close_18.62,"{rs_top200,rs_1m_80,ninem_universe_watch}",5,2.585464333781965,,2026-05-28,26.64,21.375999999999998,17.302500000000002,,0
RDW,2026-05-26,2026-06-08,WATCH,runup_259% base_6d close_vs_pivot_-30.3%,"{rs_top200,rs_1m_80}",6,2.585464333781965,,2026-05-28,26.64,21.484,17.677500000000002,,2
RDW,2026-05-26,2026-06-09,INVALIDATED,close_15.75_below_base_low_close_18.45,{rs_1m_80},7,2.585464333781965,,2026-05-28,26.64,20.855,17.857,,0
RDW,2026-05-26,2026-06-11,INVALIDATED,close_17.09_below_sma20_18.30,"{rs_top200,rs_1m_80}",9,2.585464333781965,,2026-05-28,26.64,19.061,18.304,,0
ANF,2026-05-27,2026-06-08,unqualified,runup_25%_below_50%,{rs_1m_80},7,0.25143513203214685,,2026-05-27,87.2,,,,0
ANF,2026-05-27,2026-06-09,unqualified,runup_25%_below_50%,{rs_1m_80},8,0.25143513203214685,,2026-05-27,87.2,,,,0
ANF,2026-05-27,2026-06-10,unqualified,runup_25%_below_50%,{rs_1m_80},9,0.25143513203214685,,2026-05-27,87.2,,,,0
ANF,2026-05-27,2026-06-11,unqualified,runup_25%_below_50%,{rs_1m_80},10,0.25143513203214685,,2026-05-27,87.2,,,,0
ANF,2026-05-27,2026-06-12,unqualified,base_age_0_below_3,{rs_1m_80},0,,,2026-06-11,90.825,,,,0
ANF,2026-05-27,2026-06-15,unqualified,base_age_0_below_3,{rs_1m_80},0,,,2026-06-12,93.12,,,,0
ANF,2026-05-27,2026-06-16,unqualified,base_age_0_below_3,{rs_1m_80},0,,,2026-06-15,94.805,,,,0
APPS,2026-05-27,2026-05-28,unqualified,base_age_0_below_3,"{rs_top200,rs_1m_80,momentum_25pct,ninem_universe_watch}",0,,,2026-05-27,7.62,,,,0
APPS,2026-05-27,2026-05-29,unqualified,base_age_0_below_3,"{rs_top200,rs_1m_80,momentum_25pct,ninem_universe_watch}",0,,,2026-05-28,8.545,,,,0
APPS,2026-05-27,2026-06-01,unqualified,base_age_0_below_3,"{rs_top200,rs_1m_80,momentum_25pct,ninem_universe_watch}",0,,,2026-05-29,9.26,,,,0
APPS,2026-05-27,2026-06-02,unqualified,base_age_0_below_3,"{rs_top200,rs_1m_80,momentum_25pct,ninem_universe_watch}",0,,,2026-06-01,9.7999,,,,0
APPS,2026-05-27,2026-06-03,unqualified,base_age_1_below_3,"{rs_top200,rs_1m_80,momentum_25pct,ninem_universe_watch}",1,,,2026-06-01,9.7999,,,,0
APPS,2026-05-27,2026-06-04,unqualified,base_age_2_below_3,"{rs_top200,rs_1m_80,momentum_25pct,ninem_universe_watch}",2,,,2026-06-01,9.7999,,,,0
APPS,2026-05-27,2026-06-05,WATCH,runup_258% base_3d close_vs_pivot_-8.1%,"{rs_top200,rs_1m_80,momentum_25pct,ninem_universe_watch}",3,2.576605839416058,,2026-06-01,9.7999,7.8075,5.98775,,1
APPS,2026-05-27,2026-06-08,WATCH,runup_258% base_4d close_vs_pivot_-4.6%,"{rs_top200,rs_1m_80,momentum_25pct,ninem_universe_watch}",4,2.576605839416058,,2026-06-01,9.7999,8.2875,6.2532499999999995,,2
APPS,2026-05-27,2026-06-09,unqualified,base_age_0_below_3,"{rs_top200,rs_1m_80,momentum_25pct,ninem_universe_watch}",0,,,2026-06-08,10.07,,,,0
APPS,2026-05-27,2026-06-10,unqualified,base_age_0_below_3,"{rs_top200,rs_1m_80,ninem_universe_watch}",0,,,2026-06-09,10.395,,,,0
APPS,2026-05-27,2026-06-11,unqualified,base_age_0_below_3,"{rs_top200,rs_1m_80,ninem_universe_watch}",0,,,2026-06-10,10.8,,,,0
APPS,2026-05-27,2026-06-12,unqualified,base_age_1_below_3,"{rs_top200,rs_1m_80,ninem_universe_watch}",1,,,2026-06-10,10.8,,,,0
APPS,2026-05-27,2026-06-15,unqualified,base_age_2_below_3,"{rs_top200,rs_1m_80,ninem_universe_watch}",2,,,2026-06-10,10.8,,,,0
APPS,2026-05-27,2026-06-16,INVALIDATED,close_9.40_below_base_low_close_9.76,"{rs_top200,rs_1m_80,ninem_universe_watch}",3,2.9416058394160585,,2026-06-10,10.8,9.555,7.9902500000000005,,0
APPS,2026-05-27,2026-06-17,INVALIDATED,close_8.62_below_base_low_close_9.40,"{rs_top200,rs_1m_80,ninem_universe_watch}",4,2.9416058394160585,,2026-06-10,10.8,9.55,8.21275,,0
ASTI,2026-05-27,2026-05-28,unqualified,base_age_0_below_3,"{rs_1m_80,momentum_25pct}",0,,,2026-05-27,7.44,,,,0
ASTI,2026-05-27,2026-05-29,unqualified,base_age_0_below_3,"{rs_1m_80,momentum_25pct}",0,,,2026-05-28,8.35,,,,0
ASTI,2026-05-27,2026-06-01,unqualified,base_age_0_below_3,"{rs_top200,rs_1m_80,momentum_25pct}",0,,,2026-05-29,9.8,,,,0
ASTI,2026-05-27,2026-06-02,unqualified,base_age_1_below_3,"{rs_top200,rs_1m_80,momentum_25pct}",1,,,2026-05-29,9.8,,,,0
ASTI,2026-05-27,2026-06-03,unqualified,base_age_2_below_3,"{rs_top200,rs_1m_80,momentum_25pct}",2,,,2026-05-29,9.8,,,,0
ASTI,2026-05-27,2026-06-04,WATCH,runup_197% base_3d close_vs_pivot_-20.2%,"{rs_top200,rs_1m_80,momentum_25pct}",3,1.9696969696969702,,2026-05-29,9.8,6.925,5.692,,1
ASTI,2026-05-27,2026-06-05,INVALIDATED,close_6.45_below_base_low_close_6.91,"{rs_top200,rs_1m_80}",4,1.9696969696969702,,2026-05-29,9.8,7.0969999999999995,5.8205,,0
ASTI,2026-05-27,2026-06-08,WATCH,runup_197% base_5d close_vs_pivot_-23.7%,"{rs_top200,rs_1m_80,momentum_25pct}",5,1.9696969696969702,,2026-05-29,9.8,7.309,5.9785,,1
ASTI,2026-05-27,2026-06-09,WATCH,runup_197% base_6d close_vs_pivot_-30.4%,{rs_1m_80},6,1.9696969696969702,,2026-05-29,9.8,7.427,6.087,,3
ASTI,2026-05-27,2026-06-10,WATCH,runup_197% base_7d close_vs_pivot_-28.7%,"{rs_top200,rs_1m_80}",7,1.9696969696969702,,2026-05-29,9.8,7.449,6.204,,3
ASTI,2026-05-27,2026-06-11,TIGHTENING,range_0.98 vol_0.69,"{rs_top200,rs_1m_80,momentum_25pct}",8,1.9696969696969702,,2026-05-29,9.8,7.5329999999999995,6.393,,3
ASTI,2026-05-27,2026-06-12,TIGHTENING,runup_197% base_9d close_vs_pivot_-21.6%,"{rs_top200,rs_1m_80,flag_stage_carryforward}",9,1.9696969696969702,,2026-05-29,9.8,7.558,6.526999999999999,WATCH,2
ASTI,2026-05-27,2026-06-15,TIGHTENING,runup_197% base_10d close_vs_pivot_-31.4%,"{rs_1m_80,flag_stage_carryforward}",10,1.9696969696969702,,2026-05-29,9.8,7.444,6.634,WATCH,2
ASTI,2026-05-27,2026-06-16,TIGHTENING,runup_197% base_11d close_vs_pivot_-30.7%,"{rs_1m_80,flag_stage_carryforward}",11,1.9696969696969702,,2026-05-29,9.8,7.237,6.7700000000000005,WATCH,2
ASTI,2026-05-27,2026-06-17,INVALIDATED,close_6.19_below_base_low_close_6.45,{flag_stage_carryforward},12,1.9696969696969702,,2026-05-29,9.8,7.165000000000001,6.8725,,0
BBWI,2026-05-27,2026-05-28,unqualified,runup_28%_below_50%,"{momentum_25pct,ninem_universe_watch}",24,0.2769138755980862,,2026-04-22,21.35,,,,0
BBWI,2026-05-27,2026-05-29,unqualified,base_age_1_below_3,{ninem_universe_watch},1,,,2026-05-27,20.9,,,,0
BBWI,2026-05-27,2026-06-01,unqualified,base_age_2_below_3,{ninem_universe_watch},2,,,2026-05-27,20.9,,,,0
BBWI,2026-05-27,2026-06-02,unqualified,runup_33%_below_50%,{ninem_universe_watch},3,0.3278271918678526,,2026-05-27,20.9,,,,0
BBWI,2026-05-27,2026-06-03,unqualified,runup_33%_below_50%,{ninem_universe_watch},4,0.3278271918678526,,2026-05-27,20.9,,,,0
BBWI,2026-05-27,2026-06-04,unqualified,runup_33%_below_50%,{ninem_universe_watch},5,0.3278271918678526,,2026-05-27,20.9,,,,0
BBWI,2026-05-27,2026-06-05,unqualified,runup_33%_below_50%,{ninem_universe_watch},6,0.3278271918678526,,2026-05-27,20.9,,,,0
BBWI,2026-05-27,2026-06-08,unqualified,runup_33%_below_50%,"{rs_1m_80,ninem_universe_watch}",7,0.3278271918678526,,2026-05-27,20.9,,,,0
BBWI,2026-05-27,2026-06-09,unqualified,runup_33%_below_50%,"{rs_1m_80,ninem_universe_watch}",8,0.3278271918678526,,2026-05-27,20.9,,,,0
BBWI,2026-05-27,2026-06-10,unqualified,runup_33%_below_50%,"{rs_1m_80,ninem_universe_watch}",9,0.3278271918678526,,2026-05-27,20.9,,,,0
BBWI,2026-05-27,2026-06-11,unqualified,runup_33%_below_50%,{rs_1m_80},10,0.3278271918678526,,2026-05-27,20.9,,,,0
BBWI,2026-05-27,2026-06-12,unqualified,runup_33%_below_50%,{rs_1m_80},11,0.3278271918678526,,2026-05-27,20.9,,,,0
BBWI,2026-05-27,2026-06-15,unqualified,runup_33%_below_50%,{rs_1m_80},12,0.3278271918678526,,2026-05-27,20.9,,,,0
BBWI,2026-05-27,2026-06-16,unqualified,runup_33%_below_50%,{rs_1m_80},13,0.3278271918678526,,2026-05-27,20.9,,,,0
CRSR,2026-05-27,2026-05-28,unqualified,base_age_0_below_3,"{rs_top200,rs_1m_80,momentum_25pct,flag_stage_carryforward}",0,,,2026-05-27,9.9,,,,0
CRSR,2026-05-27,2026-05-29,unqualified,base_age_0_below_3,"{rs_top200,rs_1m_80,momentum_25pct,flag_stage_carryforward}",0,,,2026-05-28,13.1,,,,0
CRSR,2026-05-27,2026-06-01,unqualified,base_age_1_below_3,"{rs_top200,rs_1m_80,momentum_25pct}",1,,,2026-05-28,13.1,,,,0
CRSR,2026-05-27,2026-06-02,unqualified,base_age_2_below_3,"{rs_top200,rs_1m_80,momentum_25pct}",2,,,2026-05-28,13.1,,,,0
CRSR,2026-05-27,2026-06-03,INVALIDATED,close_10.47_below_base_low_close_11.48,"{rs_top200,rs_1m_80,momentum_25pct}",3,1.5363020329138433,,2026-05-28,13.1,9.6995,8.48625,,0
CRSR,2026-05-27,2026-06-04,INVALIDATED,close_9.92_below_base_low_close_10.47,"{rs_top200,rs_1m_80,momentum_25pct}",4,1.5363020329138433,,2026-05-28,13.1,10.003499999999999,8.61925,,0
CRSR,2026-05-27,2026-06-05,INVALIDATED,close_9.01_below_base_low_close_9.92,"{rs_top200,rs_1m_80}",5,1.5363020329138433,,2026-05-28,13.1,10.2115,8.715250000000001,,0
CRSR,2026-05-27,2026-06-08,INVALIDATED,close_8.69_below_base_low_close_9.01,"{rs_top200,rs_1m_80}",6,1.5363020329138433,,2026-05-28,13.1,10.310500000000001,8.75575,,0
CRSR,2026-05-27,2026-06-09,INVALIDATED,close_8.41_below_base_low_close_8.69,"{rs_top200,rs_1m_80}",7,1.5363020329138433,,2026-05-28,13.1,10.3425,8.780750000000001,,0
CRSR,2026-05-27,2026-06-10,INVALIDATED,close_8.63_below_sma20_8.84,"{rs_top200,rs_1m_80}",8,1.5363020329138433,,2026-05-28,13.1,10.2235,8.837250000000001,,0
CRSR,2026-05-27,2026-06-11,TIGHTENING,range_0.68 vol_0.49 fresh,"{rs_top200,rs_1m_80}",9,1.5363020329138433,,2026-05-28,13.1,9.9235,8.91375,,5
CRSR,2026-05-27,2026-06-12,INVALIDATED,close_8.43_below_sma20_8.97,"{rs_1m_80,flag_stage_carryforward}",10,1.5363020329138433,,2026-05-28,13.1,9.5525,8.96725,,0
CRSR,2026-05-27,2026-06-15,INVALIDATED,close_8.52_below_sma20_9.06,"{rs_1m_80,flag_stage_carryforward}",11,1.5363020329138433,,2026-05-28,13.1,9.256499999999999,9.05725,,0
CRSR,2026-05-27,2026-06-16,INVALIDATED,close_8.39_below_base_low_close_8.41,{flag_stage_carryforward},12,1.5363020329138433,,2026-05-28,13.1,8.942499999999999,9.13275,,0
DY,2026-05-27,2026-05-28,unqualified,base_age_0_below_3,"{rs_top200,rs_1m_80,momentum_25pct,magna53_failed_r3}",0,,,2026-05-27,566.465,,,,0
DY,2026-05-27,2026-05-29,unqualified,base_age_1_below_3,"{rs_1m_80,magna53_failed_r3}",1,,,2026-05-27,566.465,,,,0
DY,2026-05-27,2026-06-01,unqualified,base_age_2_below_3,"{rs_1m_80,magna53_failed_r3}",2,,,2026-05-27,566.465,,,,0
DY,2026-05-27,2026-06-02,INVALIDATED,close_485.97_below_base_low_close_493.89,"{rs_1m_80,magna53_failed_r3}",3,0.7495097055144617,,2026-05-27,566.465,462.642,450.459,,0
DY,2026-05-27,2026-06-03,INVALIDATED,close_484.11_below_base_low_close_485.97,"{rs_1m_80,magna53_failed_r3}",4,0.7495097055144617,,2026-05-27,566.465,469.718,451.8075,,0
DY,2026-05-27,2026-06-08,INVALIDATED,close_458.86_below_base_low_close_466.28,{rs_1m_80},7,0.7495097055144617,,2026-05-27,566.465,487.24800000000005,456.8705,,0
DY,2026-05-27,2026-06-10,INVALIDATED,close_445.89_below_base_low_close_453.79,{rs_1m_80},9,0.7495097055144617,,2026-05-27,566.465,482.25600000000003,458.837,,0
DY,2026-05-27,2026-06-11,TIGHTENING,range_0.94 vol_0.53,{rs_1m_80},10,0.7495097055144617,,2026-05-27,566.465,475.19300000000004,459.825,,4
DY,2026-05-27,2026-06-12,TIGHTENING,range_0.94 vol_0.53,"{rs_1m_80,flag_stage_carryforward}",11,0.7495097055144617,,2026-05-27,566.465,471.093,460.726,,4
DY,2026-05-27,2026-06-15,TIGHTENING,range_0.79 vol_0.52,"{rs_1m_80,flag_stage_carryforward}",12,0.7495097055144617,,2026-05-27,566.465,468.834,462.4225,,4
DY,2026-05-27,2026-06-16,TIGHTENING,range_0.79 vol_0.53,"{rs_1m_80,flag_stage_carryforward}",13,0.7495097055144617,,2026-05-27,566.465,467.409,465.0255,,4
DY,2026-05-27,2026-06-17,INVALIDATED,close_461.38_below_sma20_467.43,{flag_stage_carryforward},14,0.7495097055144617,,2026-05-27,566.465,465.13599999999997,467.427,,0
IPWR,2026-05-27,2026-05-28,unqualified,base_age_0_below_3,"{rs_top200,rs_1m_80,momentum_25pct,ninem_universe_watch}",0,,,2026-05-27,9.3,,,,0
IPWR,2026-05-27,2026-05-29,unqualified,base_age_1_below_3,"{rs_top200,rs_1m_80,momentum_25pct,ninem_universe_watch}",1,,,2026-05-27,9.3,,,,0
IPWR,2026-05-27,2026-06-01,unqualified,base_age_2_below_3,"{rs_top200,rs_1m_80,momentum_25pct,ninem_universe_watch}",2,,,2026-05-27,9.3,,,,0
IPWR,2026-05-27,2026-06-02,WATCH,runup_251% base_3d close_vs_pivot_-17.8%,"{rs_top200,rs_1m_80,momentum_25pct,ninem_universe_watch}",3,2.5094339622641515,,2026-05-27,9.3,7.069,6.2565,,2
IPWR,2026-05-27,2026-06-03,WATCH,runup_251% base_4d close_vs_pivot_-19.8%,"{rs_top200,rs_1m_80,momentum_25pct,ninem_universe_watch}",4,2.5094339622641515,,2026-05-27,9.3,7.212000000000001,6.3865,,2
IPWR,2026-05-27,2026-06-04,WATCH,runup_251% base_5d close_vs_pivot_-20.3%,"{momentum_25pct,ninem_universe_watch}",5,2.5094339622641515,,2026-05-27,9.3,7.3790000000000004,6.5205,,2
IPWR,2026-05-27,2026-06-05,INVALIDATED,close_6.03_below_base_low_close_7.30,{ninem_universe_watch},6,2.5094339622641515,,2026-05-27,9.3,7.294,6.591500000000001,,0
IPWR,2026-05-27,2026-06-08,INVALIDATED,close_5.98_below_base_low_close_6.03,{ninem_universe_watch},7,2.5094339622641515,,2026-05-27,9.3,7.319,6.670999999999999,,0
IPWR,2026-05-27,2026-06-09,INVALIDATED,close_5.72_below_base_low_close_5.98,{ninem_universe_watch},8,2.5094339622641515,,2026-05-27,9.3,7.199,6.669499999999999,,0
IPWR,2026-05-27,2026-06-10,INVALIDATED,close_5.78_below_sma20_6.69,{ninem_universe_watch},9,2.5094339622641515,,2026-05-27,9.3,6.878,6.686,,0
QFIN,2026-05-27,2026-05-28,unqualified,base_age_0_below_3,"{rs_1m_80,momentum_25pct,ninem_universe_watch}",0,,,2026-05-27,16.47,,,,0
QFIN,2026-05-27,2026-05-29,unqualified,base_age_1_below_3,"{rs_1m_80,momentum_25pct,ninem_universe_watch}",1,,,2026-05-27,16.47,,,,0
QFIN,2026-05-27,2026-06-01,unqualified,base_age_2_below_3,"{rs_1m_80,momentum_25pct,ninem_universe_watch}",2,,,2026-05-27,16.47,,,,0
QFIN,2026-05-27,2026-06-02,unqualified,base_age_0_below_3,"{rs_1m_80,momentum_25pct,ninem_universe_watch}",0,,,2026-06-01,17.2501,,,,0
QFIN,2026-05-27,2026-06-03,unqualified,base_age_1_below_3,"{rs_1m_80,momentum_25pct,ninem_universe_watch}",1,,,2026-06-01,17.2501,,,,0
QFIN,2026-05-27,2026-06-04,unqualified,base_age_2_below_3,"{rs_1m_80,momentum_25pct,ninem_universe_watch}",2,,,2026-06-01,17.2501,,,,0
QFIN,2026-05-27,2026-06-05,INVALIDATED,close_14.53_below_base_low_close_15.20,"{rs_1m_80,ninem_universe_watch}",3,0.5252077807250219,,2026-06-01,17.2501,14.991999999999999,13.979,,0
QFIN,2026-05-27,2026-06-08,INVALIDATED,close_14.27_below_base_low_close_14.53,"{rs_1m_80,ninem_universe_watch}",4,0.5252077807250219,,2026-06-01,17.2501,15.254,14.035,,0
QFIN,2026-05-27,2026-06-09,INVALIDATED,close_14.24_below_base_low_close_14.27,"{rs_1m_80,ninem_universe_watch}",5,0.5252077807250219,,2026-06-01,17.2501,15.419,14.088,,0
QFIN,2026-05-27,2026-06-10,WATCH,runup_53% base_6d close_vs_pivot_-14.0%,"{rs_1m_80,ninem_universe_watch}",6,0.5252077807250219,,2026-06-01,17.2501,15.328,14.172999999999998,,3
QFIN,2026-05-27,2026-06-11,WATCH,runup_53% base_7d close_vs_pivot_-13.0%,{rs_1m_80},7,0.5252077807250219,,2026-06-01,17.2501,15.291,14.2245,,3
QFIN,2026-05-27,2026-06-12,WATCH,runup_53% base_8d close_vs_pivot_-10.7%,{rs_1m_80},8,0.5252077807250219,,2026-06-01,17.2501,15.222999999999999,14.339500000000001,,3
QFIN,2026-05-27,2026-06-15,WATCH,runup_53% base_9d close_vs_pivot_-9.6%,{rs_1m_80},9,0.5252077807250219,,2026-06-01,17.2501,15.091,14.479499999999998,,3
QFIN,2026-05-27,2026-06-16,WATCH,runup_53% base_10d close_vs_pivot_-12.6%,{rs_1m_80},10,0.5252077807250219,,2026-06-01,17.2501,14.941999999999998,14.5995,,2
A,2026-05-28,2026-05-29,unqualified,base_age_0_below_3,{rs_1m_80},0,,,2026-05-28,139.35,,,,0
A,2026-05-28,2026-06-01,unqualified,base_age_1_below_3,{rs_1m_80},1,,,2026-05-28,139.35,,,,0
A,2026-05-28,2026-06-02,unqualified,base_age_2_below_3,{rs_1m_80},2,,,2026-05-28,139.35,,,,0
A,2026-05-28,2026-06-03,unqualified,runup_29%_below_50%,{rs_1m_80},3,0.28610982925703743,,2026-05-28,139.35,,,,0
A,2026-05-28,2026-06-04,unqualified,runup_29%_below_50%,{rs_1m_80},4,0.28610982925703743,,2026-05-28,139.35,,,,0
A,2026-05-28,2026-06-05,unqualified,runup_29%_below_50%,{rs_1m_80},5,0.28610982925703743,,2026-05-28,139.35,,,,0
A,2026-05-28,2026-06-08,unqualified,runup_29%_below_50%,{rs_1m_80},6,0.28610982925703743,,2026-05-28,139.35,,,,0
A,2026-05-28,2026-06-09,unqualified,runup_29%_below_50%,{rs_1m_80},7,0.28610982925703743,,2026-05-28,139.35,,,,0
A,2026-05-28,2026-06-10,unqualified,runup_29%_below_50%,{rs_1m_80},8,0.28610982925703743,,2026-05-28,139.35,,,,0
A,2026-05-28,2026-06-11,unqualified,runup_29%_below_50%,{rs_1m_80},9,0.28610982925703743,,2026-05-28,139.35,,,,0
A,2026-05-28,2026-06-12,unqualified,runup_29%_below_50%,{rs_1m_80},10,0.28610982925703743,,2026-05-28,139.35,,,,0
A,2026-05-28,2026-06-15,unqualified,runup_29%_below_50%,{rs_1m_80},11,0.28610982925703743,,2026-05-28,139.35,,,,0
A,2026-05-28,2026-06-16,unqualified,runup_29%_below_50%,{rs_1m_80},12,0.28610982925703743,,2026-05-28,139.35,,,,0
A,2026-05-28,2026-06-17,unqualified,runup_29%_below_50%,{rs_1m_80},13,0.28610982925703743,,2026-05-28,139.35,,,,0
AIRO,2026-05-28,2026-05-29,unqualified,base_age_0_below_3,"{rs_1m_80,momentum_25pct}",0,,,2026-05-28,9.17,,,,0
AIRO,2026-05-28,2026-06-01,unqualified,base_age_1_below_3,"{rs_1m_80,momentum_25pct}",1,,,2026-05-28,9.17,,,,0
AIRO,2026-05-28,2026-06-02,unqualified,base_age_2_below_3,"{rs_1m_80,momentum_25pct}",2,,,2026-05-28,9.17,,,,0
AIRO,2026-05-28,2026-06-03,unqualified,base_age_0_below_3,"{rs_1m_80,momentum_25pct}",0,,,2026-06-02,9.88,,,,0
AIRO,2026-05-28,2026-06-04,unqualified,base_age_1_below_3,"{rs_1m_80,momentum_25pct}",1,,,2026-06-02,9.88,,,,0
AIRO,2026-05-28,2026-06-05,unqualified,base_age_2_below_3,"{rs_1m_80,momentum_25pct}",2,,,2026-06-02,9.88,,,,0
AIRO,2026-05-28,2026-06-08,WATCH,runup_73% base_3d close_vs_pivot_-15.2%,{rs_1m_80},3,0.7302977232924694,,2026-06-02,9.88,8.623000000000001,7.67325,,1
AIRO,2026-05-28,2026-06-09,WATCH,runup_73% base_4d close_vs_pivot_-12.7%,{rs_1m_80},4,0.7302977232924694,,2026-06-02,9.88,8.786,7.70825,,2
AIRO,2026-05-28,2026-06-10,INVALIDATED,close_7.96_below_base_low_close_8.29,{rs_1m_80},5,0.7302977232924694,,2026-06-02,9.88,8.853,7.71475,,0
AIRO,2026-05-28,2026-06-11,WATCH,runup_73% base_6d close_vs_pivot_-14.4%,{rs_1m_80},6,0.7302977232924694,,2026-06-02,9.88,8.81,7.746250000000001,,2
AIRO,2026-05-28,2026-06-12,WATCH,runup_73% base_7d close_vs_pivot_-18.7%,{rs_1m_80},7,0.7302977232924694,,2026-06-02,9.88,8.715,7.817,,2
AIRO,2026-05-28,2026-06-15,WATCH,runup_73% base_8d close_vs_pivot_-17.4%,{rs_1m_80},8,0.7302977232924694,,2026-06-02,9.88,8.608,7.906499999999999,,2
AVAV,2026-05-28,2026-05-29,unqualified,base_age_0_below_3,"{rs_1m_80,momentum_25pct}",0,,,2026-05-28,217.77,,,,0
AVAV,2026-05-28,2026-06-01,unqualified,base_age_1_below_3,"{rs_1m_80,momentum_25pct}",1,,,2026-05-28,217.77,,,,0
AVAV,2026-05-28,2026-06-02,unqualified,base_age_2_below_3,"{rs_1m_80,momentum_25pct}",2,,,2026-05-28,217.77,,,,0
AVAV,2026-05-28,2026-06-03,unqualified,runup_40%_below_50%,{rs_1m_80},3,0.3959615384615385,,2026-05-28,217.77,,,,0
AVAV,2026-05-28,2026-06-04,unqualified,runup_40%_below_50%,"{rs_1m_80,momentum_25pct}",4,0.3959615384615385,,2026-05-28,217.77,,,,0
AVAV,2026-05-28,2026-06-05,unqualified,runup_40%_below_50%,{rs_1m_80},5,0.3959615384615385,,2026-05-28,217.77,,,,0
AVAV,2026-05-28,2026-06-08,unqualified,runup_40%_below_50%,{rs_1m_80},6,0.3959615384615385,,2026-05-28,217.77,,,,0
AVAV,2026-05-28,2026-06-11,unqualified,runup_40%_below_50%,{rs_1m_80},9,0.3959615384615385,,2026-05-28,217.77,,,,0
CRSR,2026-05-28,2026-05-29,unqualified,base_age_0_below_3,"{rs_top200,rs_1m_80,momentum_25pct,flag_stage_carryforward}",0,,,2026-05-28,13.1,,,,0
CRSR,2026-05-28,2026-06-01,unqualified,base_age_1_below_3,"{rs_top200,rs_1m_80,momentum_25pct}",1,,,2026-05-28,13.1,,,,0
CRSR,2026-05-28,2026-06-02,unqualified,base_age_2_below_3,"{rs_top200,rs_1m_80,momentum_25pct}",2,,,2026-05-28,13.1,,,,0
CRSR,2026-05-28,2026-06-03,INVALIDATED,close_10.47_below_base_low_close_11.48,"{rs_top200,rs_1m_80,momentum_25pct}",3,1.5363020329138433,,2026-05-28,13.1,9.6995,8.48625,,0
CRSR,2026-05-28,2026-06-04,INVALIDATED,close_9.92_below_base_low_close_10.47,"{rs_top200,rs_1m_80,momentum_25pct}",4,1.5363020329138433,,2026-05-28,13.1,10.003499999999999,8.61925,,0
CRSR,2026-05-28,2026-06-05,INVALIDATED,close_9.01_below_base_low_close_9.92,"{rs_top200,rs_1m_80}",5,1.5363020329138433,,2026-05-28,13.1,10.2115,8.715250000000001,,0
CRSR,2026-05-28,2026-06-08,INVALIDATED,close_8.69_below_base_low_close_9.01,"{rs_top200,rs_1m_80}",6,1.5363020329138433,,2026-05-28,13.1,10.310500000000001,8.75575,,0
CRSR,2026-05-28,2026-06-09,INVALIDATED,close_8.41_below_base_low_close_8.69,"{rs_top200,rs_1m_80}",7,1.5363020329138433,,2026-05-28,13.1,10.3425,8.780750000000001,,0
CRSR,2026-05-28,2026-06-10,INVALIDATED,close_8.63_below_sma20_8.84,"{rs_top200,rs_1m_80}",8,1.5363020329138433,,2026-05-28,13.1,10.2235,8.837250000000001,,0
CRSR,2026-05-28,2026-06-11,TIGHTENING,range_0.68 vol_0.49 fresh,"{rs_top200,rs_1m_80}",9,1.5363020329138433,,2026-05-28,13.1,9.9235,8.91375,,5
CRSR,2026-05-28,2026-06-12,INVALIDATED,close_8.43_below_sma20_8.97,"{rs_1m_80,flag_stage_carryforward}",10,1.5363020329138433,,2026-05-28,13.1,9.5525,8.96725,,0
CRSR,2026-05-28,2026-06-15,INVALIDATED,close_8.52_below_sma20_9.06,"{rs_1m_80,flag_stage_carryforward}",11,1.5363020329138433,,2026-05-28,13.1,9.256499999999999,9.05725,,0
CRSR,2026-05-28,2026-06-16,INVALIDATED,close_8.39_below_base_low_close_8.41,{flag_stage_carryforward},12,1.5363020329138433,,2026-05-28,13.1,8.942499999999999,9.13275,,0
CTRN,2026-05-28,2026-05-29,unqualified,runup_30%_below_50%,{momentum_25pct},18,0.29800844900422474,,2026-05-01,53.77,,,,0
CTRN,2026-05-28,2026-06-02,unqualified,runup_30%_below_50%,{momentum_25pct},20,0.29800844900422474,,2026-05-01,53.77,,,,0
CTRN,2026-05-28,2026-06-03,unqualified,runup_30%_below_50%,"{rs_1m_80,momentum_25pct}",21,0.29800844900422474,,2026-05-01,53.77,,,,0
CTRN,2026-05-28,2026-06-09,WATCH,runup_51% base_7d close_vs_pivot_-19.5%,{rs_1m_80},7,0.5062413314840499,,2026-05-28,54.3,45.592,43.201499999999996,,3
CTRN,2026-05-28,2026-06-10,WATCH,runup_51% base_8d close_vs_pivot_-15.9%,{rs_1m_80},8,0.5062413314840499,,2026-05-28,54.3,45.498000000000005,43.313,,2
CTRN,2026-05-28,2026-06-11,TIGHTENING,range_0.89 vol_0.68,{rs_1m_80},9,0.5062413314840499,,2026-05-28,54.3,45.245,43.6365,,3
CTRN,2026-05-28,2026-06-12,TIGHTENING,runup_51% base_10d close_vs_pivot_-6.7%,"{rs_1m_80,flag_stage_carryforward}",10,0.5062413314840499,,2026-05-28,54.3,45.708,44.024,WATCH,3
CTRN,2026-05-28,2026-06-15,TIGHTENING,runup_51% base_11d close_vs_pivot_+1.7%,"{rs_1m_80,momentum_25pct,flag_stage_carryforward}",11,0.5062413314840499,,2026-05-28,54.3,46.805,44.7165,WATCH,2
CTRN,2026-05-28,2026-06-16,unqualified,base_age_0_below_3,{flag_stage_carryforward},0,,,2026-06-15,55.86,,,,0
CTRN,2026-05-28,2026-06-17,unqualified,base_age_0_below_3,{flag_stage_carryforward},0,,,2026-06-16,58.26,,,,0
CTRN,2026-05-28,2026-06-18,unqualified,base_age_1_below_3,"{rs_top200,rs_1m_80,momentum_25pct,flag_stage_carryforward}",1,,,2026-06-16,58.26,,,,0
DLTR,2026-05-28,2026-05-29,unqualified,base_age_0_below_3,"{rs_1m_80,momentum_25pct,ninem_universe_watch}",0,,,2026-05-28,114.639,,,,0
DLTR,2026-05-28,2026-06-01,unqualified,base_age_1_below_3,"{rs_1m_80,ninem_universe_watch}",1,,,2026-05-28,114.639,,,,0
DLTR,2026-05-28,2026-06-02,unqualified,base_age_2_below_3,"{rs_1m_80,ninem_universe_watch}",2,,,2026-05-28,114.639,,,,0
DLTR,2026-05-28,2026-06-03,unqualified,runup_33%_below_50%,"{rs_1m_80,ninem_universe_watch}",3,0.33485559121204633,,2026-05-28,114.639,,,,0
DLTR,2026-05-28,2026-06-04,unqualified,runup_33%_below_50%,"{rs_1m_80,ninem_universe_watch}",4,0.33485559121204633,,2026-05-28,114.639,,,,0
DLTR,2026-05-28,2026-06-05,unqualified,runup_33%_below_50%,"{rs_1m_80,ninem_universe_watch}",5,0.33485559121204633,,2026-05-28,114.639,,,,0
DLTR,2026-05-28,2026-06-08,unqualified,runup_33%_below_50%,"{rs_1m_80,ninem_universe_watch}",6,0.33485559121204633,,2026-05-28,114.639,,,,0
DLTR,2026-05-28,2026-06-09,unqualified,runup_33%_below_50%,"{rs_1m_80,ninem_universe_watch}",7,0.33485559121204633,,2026-05-28,114.639,,,,0
DLTR,2026-05-28,2026-06-10,unqualified,runup_33%_below_50%,"{rs_1m_80,ninem_universe_watch}",8,0.33485559121204633,,2026-05-28,114.639,,,,0
DLTR,2026-05-28,2026-06-11,unqualified,runup_33%_below_50%,"{rs_1m_80,ninem_universe_watch}",9,0.33485559121204633,,2026-05-28,114.639,,,,0
DLTR,2026-05-28,2026-06-12,unqualified,runup_33%_below_50%,{rs_1m_80},10,0.33485559121204633,,2026-05-28,114.639,,,,0
DLTR,2026-05-28,2026-06-15,unqualified,runup_33%_below_50%,{rs_1m_80},11,0.33485559121204633,,2026-05-28,114.639,,,,0
DLTR,2026-05-28,2026-06-16,unqualified,runup_36%_below_50%,{rs_1m_80},11,0.36094977713399423,,2026-05-29,116.88,,,,0
DLTR,2026-05-28,2026-06-17,unqualified,runup_36%_below_50%,{rs_1m_80},12,0.36094977713399423,,2026-05-29,116.88,,,,0
DOO,2026-05-28,2026-06-03,unqualified,runup_31%_below_50%,{rs_1m_80},3,0.3077838327117981,,2026-05-28,63.86,,,,0
DOO,2026-05-28,2026-06-04,unqualified,runup_31%_below_50%,{rs_1m_80},4,0.3077838327117981,,2026-05-28,63.86,,,,0
DOO,2026-05-28,2026-06-05,unqualified,runup_31%_below_50%,{rs_1m_80},5,0.3077838327117981,,2026-05-28,63.86,,,,0
DOO,2026-05-28,2026-06-08,unqualified,runup_31%_below_50%,{rs_1m_80},6,0.3077838327117981,,2026-05-28,63.86,,,,0
DOO,2026-05-28,2026-06-09,unqualified,runup_31%_below_50%,{rs_1m_80},7,0.3077838327117981,,2026-05-28,63.86,,,,0
DOO,2026-05-28,2026-06-12,unqualified,runup_31%_below_50%,{rs_1m_80},10,0.3077838327117981,,2026-05-28,63.86,,,,0
DOO,2026-05-28,2026-06-15,unqualified,runup_31%_below_50%,{rs_1m_80},11,0.3077838327117981,,2026-05-28,63.86,,,,0
DPRO,2026-05-28,2026-05-29,unqualified,base_age_0_below_3,"{rs_1m_80,momentum_25pct,ninem_universe_watch}",0,,,2026-05-28,8.28,,,,0
DPRO,2026-05-28,2026-06-01,unqualified,base_age_1_below_3,"{rs_1m_80,momentum_25pct,ninem_universe_watch}",1,,,2026-05-28,8.28,,,,0
DPRO,2026-05-28,2026-06-02,unqualified,base_age_2_below_3,"{rs_1m_80,momentum_25pct,ninem_universe_watch}",2,,,2026-05-28,8.28,,,,0
DPRO,2026-05-28,2026-06-03,INVALIDATED,close_6.99_below_base_low_close_7.47,"{rs_1m_80,momentum_25pct,ninem_universe_watch}",3,0.903448275862069,,2026-05-28,8.28,6.861,6.1240000000000006,,0
DPRO,2026-05-28,2026-06-04,WATCH,runup_90% base_4d close_vs_pivot_-13.9%,"{rs_1m_80,ninem_universe_watch}",4,0.903448275862069,,2026-05-28,8.28,7.026000000000001,6.2095,,2
DPRO,2026-05-28,2026-06-05,INVALIDATED,close_6.26_below_base_low_close_6.99,"{rs_1m_80,ninem_universe_watch}",5,0.903448275862069,,2026-05-28,8.28,7.0280000000000005,6.2615,,0
DPRO,2026-05-28,2026-06-08,WATCH,runup_90% base_6d close_vs_pivot_-22.5%,"{rs_1m_80,ninem_universe_watch}",6,0.903448275862069,,2026-05-28,8.28,7.0280000000000005,6.3085,,2
DPRO,2026-05-28,2026-06-09,INVALIDATED,close_5.98_below_base_low_close_6.26,"{rs_1m_80,ninem_universe_watch}",7,0.903448275862069,,2026-05-28,8.28,6.973999999999999,6.3305,,0
DPRO,2026-05-28,2026-06-10,INVALIDATED,close_5.72_below_base_low_close_5.98,{ninem_universe_watch},8,0.903448275862069,,2026-05-28,8.28,6.8795,6.34725,,0
DPRO,2026-05-28,2026-06-11,TIGHTENING,range_1.00 vol_0.52,{ninem_universe_watch},9,0.903448275862069,,2026-05-28,8.28,6.7515,6.40725,,3
DPRO,2026-05-28,2026-06-12,INVALIDATED,close_6.00_below_sma20_6.43,{flag_stage_carryforward},10,0.903448275862069,,2026-05-28,8.28,6.6045,6.425749999999999,,0
DPRO,2026-05-28,2026-06-15,INVALIDATED,close_5.88_below_sma20_6.45,{flag_stage_carryforward},11,0.903448275862069,,2026-05-28,8.28,6.437,6.453,,0
DPRO,2026-05-28,2026-06-16,INVALIDATED,close_5.71_below_base_low_close_5.72,{flag_stage_carryforward},12,0.903448275862069,,2026-05-28,8.28,6.261,6.475,,0
KSS,2026-05-28,2026-05-29,unqualified,base_age_0_below_3,{ninem_universe_watch},0,,,2026-05-28,16.22,,,,0
KSS,2026-05-28,2026-06-01,unqualified,base_age_1_below_3,"{rs_1m_80,momentum_25pct,ninem_universe_watch}",1,,,2026-05-28,16.22,,,,0
KSS,2026-05-28,2026-06-02,unqualified,base_age_2_below_3,"{rs_1m_80,momentum_25pct,ninem_universe_watch}",2,,,2026-05-28,16.22,,,,0
KSS,2026-05-28,2026-06-03,unqualified,runup_43%_below_50%,"{rs_1m_80,momentum_25pct,ninem_universe_watch}",3,0.42530755711775026,,2026-05-28,16.22,,,,0
KSS,2026-05-28,2026-06-04,unqualified,runup_43%_below_50%,"{rs_1m_80,momentum_25pct,ninem_universe_watch}",4,0.42530755711775026,,2026-05-28,16.22,,,,0
KSS,2026-05-28,2026-06-05,unqualified,runup_43%_below_50%,"{rs_1m_80,ninem_universe_watch}",5,0.42530755711775026,,2026-05-28,16.22,,,,0
KSS,2026-05-28,2026-06-08,unqualified,runup_43%_below_50%,"{rs_1m_80,momentum_25pct,ninem_universe_watch}",6,0.42530755711775026,,2026-05-28,16.22,,,,0
KSS,2026-05-28,2026-06-09,unqualified,runup_43%_below_50%,"{rs_1m_80,ninem_universe_watch}",7,0.42530755711775026,,2026-05-28,16.22,,,,0
KSS,2026-05-28,2026-06-10,unqualified,base_age_1_below_3,"{rs_1m_80,ninem_universe_watch}",1,,,2026-06-08,16.475,,,,0
KSS,2026-05-28,2026-06-11,unqualified,base_age_2_below_3,"{rs_1m_80,ninem_universe_watch}",2,,,2026-06-08,16.475,,,,0
KSS,2026-05-28,2026-06-12,unqualified,base_age_0_below_3,{rs_1m_80},0,,,2026-06-11,17.66,,,,0
KSS,2026-05-28,2026-06-15,unqualified,base_age_0_below_3,{rs_1m_80},0,,,2026-06-12,18.12,,,,0
KSS,2026-05-28,2026-06-16,unqualified,base_age_1_below_3,{rs_1m_80},1,,,2026-06-12,18.12,,,,0
KSS,2026-05-28,2026-06-17,unqualified,base_age_2_below_3,{rs_1m_80},2,,,2026-06-12,18.12,,,,0
KSS,2026-05-28,2026-06-18,WATCH,runup_59% base_3d close_vs_pivot_-4.8%,{rs_1m_80},3,0.5922671353251319,,2026-06-12,18.12,16.654,15.535,,1
KTOS,2026-05-28,2026-05-29,unqualified,runup_8%_below_50%,"{rs_1m_80,ninem_universe_watch}",24,0.07759836965041544,,2026-04-23,68.74,,,,0
KTOS,2026-05-28,2026-06-01,unqualified,base_age_1_below_3,"{rs_1m_80,ninem_universe_watch}",1,,,2026-05-28,66.83,,,,0
KTOS,2026-05-28,2026-06-02,unqualified,base_age_2_below_3,"{rs_1m_80,ninem_universe_watch}",2,,,2026-05-28,66.83,,,,0
KTOS,2026-05-28,2026-06-03,unqualified,runup_29%_below_50%,"{rs_1m_80,ninem_universe_watch}",3,0.2936507936507937,,2026-05-28,66.83,,,,0
KTOS,2026-05-28,2026-06-04,unqualified,runup_29%_below_50%,"{rs_1m_80,ninem_universe_watch}",4,0.2936507936507937,,2026-05-28,66.83,,,,0
KTOS,2026-05-28,2026-06-05,unqualified,runup_29%_below_50%,"{rs_1m_80,ninem_universe_watch}",5,0.2936507936507937,,2026-05-28,66.83,,,,0
KTOS,2026-05-28,2026-06-08,unqualified,runup_29%_below_50%,{ninem_universe_watch},6,0.2936507936507937,,2026-05-28,66.83,,,,0
KTOS,2026-05-28,2026-06-09,unqualified,runup_29%_below_50%,{ninem_universe_watch},7,0.2936507936507937,,2026-05-28,66.83,,,,0
KTOS,2026-05-28,2026-06-10,unqualified,runup_29%_below_50%,{ninem_universe_watch},8,0.2936507936507937,,2026-05-28,66.83,,,,0
KTOS,2026-05-28,2026-06-11,unqualified,runup_29%_below_50%,{ninem_universe_watch},9,0.2936507936507937,,2026-05-28,66.83,,,,0
LTRX,2026-05-28,2026-05-29,unqualified,base_age_0_below_3,{rs_1m_80},0,,,2026-05-28,8.75,,,,0
LTRX,2026-05-28,2026-06-01,unqualified,base_age_1_below_3,{rs_1m_80},1,,,2026-05-28,8.75,,,,0
LTRX,2026-05-28,2026-06-02,unqualified,base_age_2_below_3,{rs_1m_80},2,,,2026-05-28,8.75,,,,0
LTRX,2026-05-28,2026-06-03,INVALIDATED,close_7.50_below_base_low_close_7.55,{rs_1m_80},3,0.7605633802816902,,2026-05-28,8.75,7.345000000000001,6.8045,,0
LTRX,2026-05-28,2026-06-04,INVALIDATED,close_7.45_below_base_low_close_7.50,{rs_1m_80},4,0.7605633802816902,,2026-05-28,8.75,7.452,6.838500000000001,,0
PHR,2026-05-28,2026-06-01,unqualified,base_age_1_below_3,{rs_1m_80},1,,,2026-05-28,10.96,,,,0
PHR,2026-05-28,2026-06-04,unqualified,runup_41%_below_50%,{rs_1m_80},4,0.41055341055341077,,2026-05-28,10.96,,,,0
PHR,2026-05-28,2026-06-05,unqualified,runup_41%_below_50%,{rs_1m_80},5,0.41055341055341077,,2026-05-28,10.96,,,,0
RCAT,2026-05-28,2026-05-29,unqualified,base_age_0_below_3,"{rs_1m_80,momentum_25pct,ninem_universe_watch}",0,,,2026-05-28,15.06,,,,0
RCAT,2026-05-28,2026-06-01,unqualified,base_age_1_below_3,"{rs_1m_80,momentum_25pct,ninem_universe_watch}",1,,,2026-05-28,15.06,,,,0
RCAT,2026-05-28,2026-06-02,unqualified,base_age_0_below_3,"{rs_1m_80,momentum_25pct,ninem_universe_watch}",0,,,2026-06-01,15.79,,,,0
RCAT,2026-05-28,2026-06-03,unqualified,base_age_1_below_3,"{rs_1m_80,momentum_25pct,ninem_universe_watch}",1,,,2026-06-01,15.79,,,,0
RCAT,2026-05-28,2026-06-04,unqualified,base_age_2_below_3,"{rs_1m_80,momentum_25pct,ninem_universe_watch}",2,,,2026-06-01,15.79,,,,0
RCAT,2026-05-28,2026-06-05,INVALIDATED,close_12.68_below_base_low_close_13.79,"{rs_1m_80,momentum_25pct,ninem_universe_watch}",3,0.8898862956313582,,2026-06-01,15.79,12.95,11.311499999999999,,0
RCAT,2026-05-28,2026-06-08,INVALIDATED,close_12.46_below_base_low_close_12.68,"{rs_1m_80,momentum_25pct,ninem_universe_watch}",4,0.8898862956313582,,2026-06-01,15.79,13.255,11.416,,0
RCAT,2026-05-28,2026-06-09,INVALIDATED,close_11.49_below_base_low_close_12.46,"{rs_1m_80,ninem_universe_watch}",5,0.8898862956313582,,2026-06-01,15.79,13.4275,11.42825,,0
RCAT,2026-05-28,2026-06-10,INVALIDATED,close_10.89_below_base_low_close_11.49,"{rs_1m_80,ninem_universe_watch}",6,0.8898862956313582,,2026-06-01,15.79,13.45,11.4215,,0
RCAT,2026-05-28,2026-06-11,WATCH,runup_89% base_7d close_vs_pivot_-23.9%,"{rs_1m_80,ninem_universe_watch}",7,0.8898862956313582,,2026-06-01,15.79,13.235999999999999,11.552,,2
RCAT,2026-05-28,2026-06-12,INVALIDATED,close_11.18_below_sma20_11.62,{rs_1m_80},8,0.8898862956313582,,2026-06-01,15.79,12.904,11.623999999999999,,0
RCAT,2026-05-28,2026-06-15,TIGHTENING,range_0.93 vol_0.61,{rs_1m_80},9,0.8898862956313582,,2026-06-01,15.79,12.617,11.748000000000001,,4
RCAT,2026-05-28,2026-06-16,INVALIDATED,close_10.90_below_sma20_11.85,"{rs_1m_80,flag_stage_carryforward}",10,0.8898862956313582,,2026-06-01,15.79,12.212,11.8465,,0
RCAT,2026-05-28,2026-06-17,INVALIDATED,close_11.20_below_sma20_11.98,{flag_stage_carryforward},11,0.8898862956313582,,2026-06-01,15.79,11.953,11.979,,0
RCAT,2026-05-28,2026-06-18,INVALIDATED,close_11.44_below_sma20_12.10,{flag_stage_carryforward},12,0.8898862956313582,,2026-06-01,15.79,11.623000000000001,12.104,,0
SNOW,2026-05-28,2026-05-29,unqualified,base_age_0_below_3,"{rs_top200,rs_1m_80,momentum_25pct,ninem_universe_watch}",0,,,2026-05-28,244.92,,,,0
SNOW,2026-05-28,2026-06-01,unqualified,base_age_0_below_3,"{rs_top200,rs_1m_80,momentum_25pct,ninem_universe_watch}",0,,,2026-05-29,256.21,,,,0
SNOW,2026-05-28,2026-06-02,unqualified,base_age_0_below_3,"{rs_top200,rs_1m_80,momentum_25pct,ninem_universe_watch}",0,,,2026-06-01,284.99,,,,0
SNOW,2026-05-28,2026-06-03,unqualified,base_age_1_below_3,"{rs_1m_80,momentum_25pct,ninem_universe_watch}",1,,,2026-06-01,284.99,,,,0
SNOW,2026-05-28,2026-06-04,unqualified,base_age_2_below_3,"{rs_top200,rs_1m_80,momentum_25pct,ninem_universe_watch}",2,,,2026-06-01,284.99,,,,0
SNOW,2026-05-28,2026-06-05,INVALIDATED,close_238.26_below_base_low_close_241.28,"{rs_top200,rs_1m_80,momentum_25pct,ninem_universe_watch}",3,1.4090448013524939,,2026-06-01,284.99,228.483,193.38299999999998,,0
SNOW,2026-05-28,2026-06-08,WATCH,runup_141% base_4d close_vs_pivot_-15.6%,"{rs_top200,rs_1m_80,momentum_25pct,ninem_universe_watch}",4,1.4090448013524939,,2026-06-01,284.99,235.308,197.783,,2
SNOW,2026-05-28,2026-06-09,WATCH,runup_141% base_5d close_vs_pivot_-15.9%,"{rs_top200,rs_1m_80,momentum_25pct,ninem_universe_watch}",5,1.4090448013524939,,2026-06-01,284.99,241.51399999999998,202.191,,2
SNOW,2026-05-28,2026-06-10,WATCH,runup_141% base_6d close_vs_pivot_-15.8%,"{rs_top200,rs_1m_80,ninem_universe_watch}",6,1.4090448013524939,,2026-06-01,284.99,247.978,206.587,,3
SNOW,2026-05-28,2026-06-11,WATCH,runup_141% base_7d close_vs_pivot_-15.6%,"{rs_top200,rs_1m_80,ninem_universe_watch}",7,1.4090448013524939,,2026-06-01,284.99,248.09699999999998,210.988,,3
SNOW,2026-05-28,2026-06-12,INVALIDATED,close_232.78_below_base_low_close_238.26,"{rs_top200,rs_1m_80}",8,1.4090448013524939,,2026-06-01,284.99,245.82,215.089,,0
SNOW,2026-05-28,2026-06-15,TIGHTENING,range_1.01 vol_0.70,"{rs_top200,rs_1m_80}",9,1.4090448013524939,,2026-06-01,284.99,241.882,219.2545,,4
SNOW,2026-05-28,2026-06-16,TIGHTENING,runup_141% base_10d close_vs_pivot_-16.4%,"{rs_top200,rs_1m_80,flag_stage_carryforward}",10,1.4090448013524939,,2026-06-01,284.99,239.6,222.95850000000002,WATCH,3
SNOW,2026-05-28,2026-06-17,TIGHTENING,runup_141% base_11d close_vs_pivot_-17.7%,"{rs_top200,rs_1m_80,flag_stage_carryforward}",11,1.4090448013524939,,2026-06-01,284.99,238.92399999999998,226.20700000000002,WATCH,3
SNOW,2026-05-28,2026-06-18,INVALIDATED,close_232.29_below_base_low_close_232.78,{flag_stage_carryforward},12,1.4090448013524939,,2026-06-01,284.99,237.73499999999999,229.473,,0
UMAC,2026-05-28,2026-05-29,unqualified,base_age_0_below_3,"{rs_top200,rs_1m_80,momentum_25pct,ninem_universe_watch}",0,,,2026-05-28,32,,,,0
UMAC,2026-05-28,2026-06-01,unqualified,base_age_1_below_3,"{rs_top200,rs_1m_80,momentum_25pct,ninem_universe_watch}",1,,,2026-05-28,32,,,,0
UMAC,2026-05-28,2026-06-02,unqualified,base_age_2_below_3,"{rs_top200,rs_1m_80,momentum_25pct,ninem_universe_watch}",2,,,2026-05-28,32,,,,0
UMAC,2026-05-28,2026-06-03,unqualified,base_age_0_below_3,"{rs_top200,rs_1m_80,momentum_25pct,ninem_universe_watch}",0,,,2026-06-02,34.36,,,,0
UMAC,2026-05-28,2026-06-04,unqualified,base_age_1_below_3,"{rs_top200,rs_1m_80,momentum_25pct,ninem_universe_watch}",1,,,2026-06-02,34.36,,,,0
UMAC,2026-05-28,2026-06-05,unqualified,base_age_2_below_3,"{rs_top200,rs_1m_80,momentum_25pct,ninem_universe_watch}",2,,,2026-06-02,34.36,,,,0
UMAC,2026-05-28,2026-06-08,INVALIDATED,close_25.85_below_base_low_close_26.70,"{rs_top200,rs_1m_80,momentum_25pct,ninem_universe_watch}",3,2.2293233082706765,,2026-06-02,34.36,27.35,21.256,,0
UMAC,2026-05-28,2026-06-09,INVALIDATED,close_23.90_below_base_low_close_25.85,"{rs_top200,rs_1m_80,momentum_25pct,ninem_universe_watch}",4,2.2293233082706765,,2026-06-02,34.36,28.012,21.684,,0
UMAC,2026-05-28,2026-06-10,INVALIDATED,close_22.85_below_base_low_close_23.90,"{rs_top200,rs_1m_80,ninem_universe_watch}",5,2.2293233082706765,,2026-06-02,34.36,28.413999999999998,22.1205,,0
UMAC,2026-05-28,2026-06-11,WATCH,runup_223% base_6d close_vs_pivot_-25.1%,"{rs_top200,rs_1m_80,ninem_universe_watch}",6,2.2293233082706765,,2026-06-02,34.36,28.026,22.658,,2
UMAC,2026-05-28,2026-06-12,WATCH,runup_223% base_7d close_vs_pivot_-28.9%,"{rs_top200,rs_1m_80}",7,2.2293233082706765,,2026-06-02,34.36,27.290999999999997,23.033,,2
UMAC,2026-05-28,2026-06-15,TIGHTENING,range_0.70 vol_0.73,"{rs_top200,rs_1m_80}",8,2.2293233082706765,,2026-06-02,34.36,26.875999999999998,23.4595,,4
UMAC,2026-05-28,2026-06-16,TIGHTENING,range_0.70 vol_0.72,"{rs_top200,rs_1m_80,flag_stage_carryforward}",9,2.2293233082706765,,2026-06-02,34.36,26.054000000000002,23.997,,4
UMAC,2026-05-28,2026-06-17,INVALIDATED,close_24.45_below_sma20_24.54,"{rs_top200,rs_1m_80,flag_stage_carryforward}",10,2.2293233082706765,,2026-06-02,34.36,25.613,24.5365,,0
UMAC,2026-05-28,2026-06-18,INVALIDATED,close_24.98_below_sma20_25.07,{flag_stage_carryforward},11,2.2293233082706765,,2026-06-02,34.36,24.881,25.067,,0
CHA,2026-05-29,2026-06-01,unqualified,base_age_0_below_3,"{rs_1m_80,momentum_25pct}",0,,,2026-05-29,12.96,,,,0
CHA,2026-05-29,2026-06-02,unqualified,base_age_0_below_3,"{rs_1m_80,momentum_25pct}",0,,,2026-06-01,13.4,,,,0
CHA,2026-05-29,2026-06-03,unqualified,base_age_1_below_3,{rs_1m_80},1,,,2026-06-01,13.4,,,,0
CHA,2026-05-29,2026-06-04,unqualified,base_age_2_below_3,{rs_1m_80},2,,,2026-06-01,13.4,,,,0
CHA,2026-05-29,2026-06-05,unqualified,runup_49%_below_50%,{rs_1m_80},3,0.49220489977728277,,2026-06-01,13.4,,,,0
CHA,2026-05-29,2026-06-08,unqualified,runup_49%_below_50%,{rs_1m_80},4,0.49220489977728277,,2026-06-01,13.4,,,,0
CHA,2026-05-29,2026-06-10,unqualified,runup_49%_below_50%,{rs_1m_80},6,0.49220489977728277,,2026-06-01,13.4,,,,0
CHA,2026-05-29,2026-06-11,unqualified,runup_49%_below_50%,{rs_1m_80},7,0.49220489977728277,,2026-06-01,13.4,,,,0
CHA,2026-05-29,2026-06-12,unqualified,runup_49%_below_50%,{rs_1m_80},8,0.49220489977728277,,2026-06-01,13.4,,,,0
CHA,2026-05-29,2026-06-15,unqualified,runup_49%_below_50%,{rs_1m_80},9,0.49220489977728277,,2026-06-01,13.4,,,,0
DELL,2026-05-29,2026-06-01,unqualified,base_age_0_below_3,"{rs_top200,rs_1m_80,momentum_25pct,magna53_failed_r3,ninem_universe_watch}",0,,,2026-05-29,429.151,,,,0
DELL,2026-05-29,2026-06-02,unqualified,base_age_0_below_3,"{rs_top200,rs_1m_80,momentum_25pct,magna53_failed_r3,ninem_universe_watch}",0,,,2026-06-01,469.47,,,,0
DELL,2026-05-29,2026-06-03,unqualified,base_age_1_below_3,"{rs_top200,rs_1m_80,momentum_25pct,magna53_failed_r3,ninem_universe_watch}",1,,,2026-06-01,469.47,,,,0
DELL,2026-05-29,2026-06-04,unqualified,base_age_2_below_3,"{rs_top200,rs_1m_80,momentum_25pct,magna53_failed_r3,ninem_universe_watch}",2,,,2026-06-01,469.47,,,,0
DELL,2026-05-29,2026-06-05,INVALIDATED,close_394.39_below_base_low_close_421.08,"{rs_top200,rs_1m_80,momentum_25pct,magna53_failed_r3,ninem_universe_watch}",3,2.414451434597622,,2026-06-01,469.47,378.23400000000004,311.5775,,0
DELL,2026-05-29,2026-06-08,WATCH,runup_241% base_4d close_vs_pivot_-14.6%,"{rs_top200,rs_1m_80,momentum_25pct,ninem_universe_watch}",4,2.414451434597622,,2026-06-01,469.47,388.79200000000003,318.59299999999996,,2
DELL,2026-05-29,2026-06-09,INVALIDATED,close_381.78_below_base_low_close_394.39,"{rs_top200,rs_1m_80,momentum_25pct,ninem_universe_watch}",5,2.234378229417844,,2026-06-01,469.47,396.462,325.33000000000004,,0
DELL,2026-05-29,2026-06-10,INVALIDATED,close_369.83_below_base_low_close_381.78,"{rs_top200,rs_1m_80,ninem_universe_watch}",6,2.2030429146482913,,2026-06-01,469.47,402.913,331.8745,,0
DELL,2026-05-29,2026-06-11,WATCH,runup_220% base_7d close_vs_pivot_-16.6%,"{rs_top200,rs_1m_80,ninem_universe_watch}",7,2.2030429146482913,,2026-06-01,469.47,410.35299999999995,339.2535,,2
DELL,2026-05-29,2026-06-12,WATCH,runup_220% base_8d close_vs_pivot_-15.7%,"{rs_top200,rs_1m_80,ninem_universe_watch}",8,2.2030429146482913,,2026-06-01,469.47,407.819,346.6375,,2
DELL,2026-05-29,2026-06-15,TIGHTENING,range_0.94 vol_0.68,"{rs_top200,rs_1m_80}",9,2.2030429146482913,,2026-06-01,469.47,402.13,354.9915,,4
DELL,2026-05-29,2026-06-16,COILED,fresh_2bar 5.3%/atr 9.1% bodies_0.25/0.06,"{rs_top200,rs_1m_80,flag_stage_carryforward}",10,2.2030429146482913,,2026-06-01,469.47,399.00699999999995,363.294,,4
DELL,2026-05-29,2026-06-17,COILED,range_0.92 vol_0.59,"{rs_top200,rs_1m_80,flag_stage_carryforward}",11,2.2030429146482913,,2026-06-01,469.47,398.831,372.49699999999996,TIGHTENING,4
DELL,2026-05-29,2026-06-18,COILED,range_0.92 vol_0.58,"{rs_top200,rs_1m_80,flag_stage_carryforward}",12,2.021625796485808,,2026-06-01,469.47,397.57599999999996,380.82550000000003,TIGHTENING,3
DELL,2026-05-29,2026-06-19,COILED,range_0.92 vol_0.58,{flag_stage_carryforward},12,2.021625796485808,,2026-06-01,469.47,397.57599999999996,380.82550000000003,TIGHTENING,3
HPE,2026-05-29,2026-06-01,unqualified,base_age_0_below_3,"{rs_top200,rs_1m_80,momentum_25pct,ninem_universe_watch}",0,,,2026-05-29,44.575,,,,0
HPE,2026-05-29,2026-06-02,unqualified,base_age_0_below_3,"{rs_top200,rs_1m_80,momentum_25pct,ninem_universe_watch}",0,,,2026-06-01,47.97,,,,0
HPE,2026-05-29,2026-06-03,unqualified,base_age_0_below_3,"{rs_top200,rs_1m_80,momentum_25pct,ninem_universe_watch}",0,,,2026-06-02,64.25,,,,0
HPE,2026-05-29,2026-06-04,unqualified,base_age_1_below_3,"{rs_top200,rs_1m_80,momentum_25pct,ninem_universe_watch}",1,,,2026-06-02,64.25,,,,0
HPE,2026-05-29,2026-06-05,unqualified,base_age_2_below_3,"{rs_top200,rs_1m_80,momentum_25pct,ninem_universe_watch}",2,,,2026-06-02,64.25,,,,0
HPE,2026-05-29,2026-06-08,WATCH,runup_206% base_3d close_vs_pivot_-22.4%,"{rs_top200,rs_1m_80,momentum_25pct,ninem_universe_watch}",3,2.0558858501783592,,2026-06-02,64.25,46.757,39.946,,1
HPE,2026-05-29,2026-06-09,INVALIDATED,close_48.27_below_base_low_close_49.20,"{rs_top200,rs_1m_80,momentum_25pct,ninem_universe_watch}",4,2.037825059101655,,2026-06-02,64.25,47.778,40.816,,0
HPE,2026-05-29,2026-06-10,INVALIDATED,close_45.49_below_base_low_close_48.27,"{rs_top200,rs_1m_80,ninem_universe_watch}",5,2.037825059101655,,2026-06-02,64.25,48.607,41.58,,0
HPE,2026-05-29,2026-06-11,WATCH,runup_204% base_6d close_vs_pivot_-27.2%,"{rs_top200,rs_1m_80,ninem_universe_watch}",6,2.036389413988658,,2026-06-02,64.25,49.465999999999994,42.316500000000005,,2
HPE,2026-05-29,2026-06-12,WATCH,runup_204% base_7d close_vs_pivot_-25.0%,"{rs_top200,rs_1m_80,ninem_universe_watch}",7,2.036389413988658,,2026-06-02,64.25,49.979,43.0185,,3
HPE,2026-05-29,2026-06-15,WATCH,runup_204% base_8d close_vs_pivot_-23.7%,"{rs_top200,rs_1m_80,ninem_universe_watch}",8,2.036389413988658,,2026-06-02,64.25,50.181,43.814499999999995,,3
HPE,2026-05-29,2026-06-16,WATCH,runup_204% base_9d close_vs_pivot_-24.7%,"{rs_top200,rs_1m_80}",9,2.036389413988658,,2026-06-02,64.25,49.404,44.5835,,3
HPE,2026-05-29,2026-06-17,WATCH,runup_204% base_10d close_vs_pivot_-25.0%,"{rs_top200,rs_1m_80}",10,2.036389413988658,,2026-06-02,64.25,48.709,45.3625,,3
HPE,2026-05-29,2026-06-18,WATCH,runup_199% base_11d close_vs_pivot_-26.2%,"{rs_top200,rs_1m_80}",11,1.993244817144188,,2026-06-02,64.25,48.081,46.043,,3
MX,2026-05-29,2026-06-01,unqualified,base_age_0_below_3,"{rs_top200,rs_1m_80,momentum_25pct}",0,,,2026-05-29,9.67,,,,0
MX,2026-05-29,2026-06-02,unqualified,base_age_1_below_3,"{rs_top200,rs_1m_80,momentum_25pct}",1,,,2026-05-29,9.67,,,,0
MX,2026-05-29,2026-06-03,unqualified,base_age_2_below_3,"{rs_top200,rs_1m_80,momentum_25pct}",2,,,2026-05-29,9.67,,,,0
MX,2026-05-29,2026-06-04,WATCH,runup_269% base_3d close_vs_pivot_-11.6%,"{rs_top200,rs_1m_80,momentum_25pct}",3,2.6908396946564883,,2026-05-29,9.67,7.284999999999999,5.7829999999999995,,2
MX,2026-05-29,2026-06-05,INVALIDATED,close_6.93_below_base_low_close_7.83,"{rs_top200,rs_1m_80,momentum_25pct}",4,2.6908396946564883,,2026-05-29,9.67,7.401999999999999,5.9365000000000006,,0
MX,2026-05-29,2026-06-08,INVALIDATED,close_6.89_below_base_low_close_6.93,"{rs_top200,rs_1m_80}",5,2.676945891478763,,2026-05-29,9.67,7.539,6.0545,,0
MX,2026-05-29,2026-06-09,INVALIDATED,close_6.28_below_base_low_close_6.89,"{rs_top200,rs_1m_80}",6,2.676945891478763,,2026-05-29,9.67,7.529000000000001,6.153499999999999,,0
MX,2026-05-29,2026-06-10,INVALIDATED,close_6.08_below_base_low_close_6.28,"{rs_top200,rs_1m_80}",7,2.676945891478763,,2026-05-29,9.67,7.542,6.2604999999999995,,0
MX,2026-05-29,2026-06-12,INVALIDATED,close_6.25_below_sma20_6.47,"{rs_top200,rs_1m_80}",9,2.676945891478763,,2026-05-29,9.67,7.233,6.4655000000000005,,0
NTAP,2026-05-29,2026-06-01,unqualified,base_age_0_below_3,"{rs_top200,rs_1m_80,momentum_25pct,ninem_universe_watch}",0,,,2026-05-29,192.83,,,,0
NTAP,2026-05-29,2026-06-02,unqualified,base_age_1_below_3,"{rs_top200,rs_1m_80,momentum_25pct,ninem_universe_watch}",1,,,2026-05-29,192.83,,,,0
NTAP,2026-05-29,2026-06-03,unqualified,base_age_2_below_3,"{rs_top200,rs_1m_80,momentum_25pct,ninem_universe_watch}",2,,,2026-05-29,192.83,,,,0
NTAP,2026-05-29,2026-06-04,WATCH,runup_103% base_3d close_vs_pivot_-7.2%,"{rs_top200,rs_1m_80,momentum_25pct,ninem_universe_watch}",3,1.0321424807672042,,2026-05-29,192.83,157.6975,138.02675,,2
NTAP,2026-05-29,2026-06-05,INVALIDATED,close_167.04_below_base_low_close_175.64,"{rs_top200,rs_1m_80,ninem_universe_watch}",4,1.0321424807672042,,2026-05-29,192.83,162.007,140.72875,,0
NTAP,2026-05-29,2026-06-08,WATCH,runup_103% base_5d close_vs_pivot_-11.7%,"{rs_top200,rs_1m_80,ninem_universe_watch}",5,1.0321424807672042,,2026-05-29,192.83,165.102,143.34425000000002,,1
NTAP,2026-05-29,2026-06-09,INVALIDATED,close_165.00_below_base_low_close_167.04,"{rs_top200,rs_1m_80,ninem_universe_watch}",6,1.0321424807672042,,2026-05-29,192.83,167.707,145.70775,,0
NTAP,2026-05-29,2026-06-10,INVALIDATED,close_160.66_below_base_low_close_165.00,"{rs_top200,rs_1m_80,ninem_universe_watch}",7,1.0321424807672042,,2026-05-29,192.83,169.499,147.92925,,0
NTAP,2026-05-29,2026-06-11,INVALIDATED,close_160.47_below_base_low_close_160.66,"{rs_top200,rs_1m_80,ninem_universe_watch}",8,1.0321424807672042,,2026-05-29,192.83,171.30599999999998,150.02375,,0
NTAP,2026-05-29,2026-06-12,TIGHTENING,range_0.72 vol_0.69,"{rs_top200,rs_1m_80,ninem_universe_watch}",9,1.0321424807672042,,2026-05-29,192.83,170.038,152.10775,,5
NTAP,2026-05-29,2026-06-15,TIGHTENING,range_0.72 vol_0.62,"{rs_top200,rs_1m_80,flag_stage_carryforward}",10,1.0321424807672042,,2026-05-29,192.83,168.25,154.20225,,5
NTAP,2026-05-29,2026-06-16,TIGHTENING,range_0.68 vol_0.64,"{rs_top200,rs_1m_80,flag_stage_carryforward}",11,1.0321424807672042,,2026-05-29,192.83,166.81199999999998,156.23525,,5
NTAP,2026-05-29,2026-06-17,INVALIDATED,close_154.81_below_base_low_close_160.47,"{rs_top200,rs_1m_80,flag_stage_carryforward}",12,1.0321424807672042,,2026-05-29,192.83,164.185,157.94625000000002,,0
NTAP,2026-05-29,2026-06-18,INVALIDATED,close_159.71_below_sma20_159.98,"{rs_top200,rs_1m_80,flag_stage_carryforward}",13,1.0321424807672042,,2026-05-29,192.83,162.269,159.98325,,0
NTAP,2026-05-29,2026-06-19,INVALIDATED,close_159.71_below_sma20_159.98,{flag_stage_carryforward},13,1.0321424807672042,,2026-05-29,192.83,162.269,159.98325,,0
NXT,2026-05-29,2026-06-01,unqualified,base_age_0_below_3,"{rs_1m_80,flag_stage_carryforward}",0,,,2026-05-29,163.13,,,,0
NXT,2026-05-29,2026-06-02,unqualified,base_age_1_below_3,"{rs_1m_80,momentum_25pct,flag_stage_carryforward}",1,,,2026-05-29,163.13,,,,0
NXT,2026-05-29,2026-06-03,unqualified,base_age_2_below_3,{flag_stage_carryforward},2,,,2026-05-29,163.13,,,,0
PD,2026-05-29,2026-06-01,unqualified,base_age_0_below_3,"{rs_1m_80,momentum_25pct}",0,,,2026-05-29,10.015,,,,0
PD,2026-05-29,2026-06-02,unqualified,base_age_0_below_3,"{rs_1m_80,momentum_25pct}",0,,,2026-06-01,10.7,,,,0
PD,2026-05-29,2026-06-03,unqualified,base_age_1_below_3,"{rs_1m_80,momentum_25pct}",1,,,2026-06-01,10.7,,,,0
PD,2026-05-29,2026-06-04,unqualified,base_age_2_below_3,"{rs_1m_80,momentum_25pct}",2,,,2026-06-01,10.7,,,,0
PD,2026-05-29,2026-06-05,INVALIDATED,close_9.25_below_base_low_close_9.30,"{rs_1m_80,momentum_25pct}",3,0.8771929824561402,,2026-06-01,10.7,8.785,7.850499999999999,,0
PD,2026-05-29,2026-06-08,INVALIDATED,close_9.04_below_base_low_close_9.25,"{rs_1m_80,momentum_25pct}",4,0.8771929824561402,,2026-06-01,10.7,8.969,7.938,,0
PD,2026-05-29,2026-06-09,INVALIDATED,close_8.74_below_base_low_close_9.04,{rs_1m_80},5,0.8771929824561402,,2026-06-01,10.7,9.123999999999999,8.03,,0
PD,2026-05-29,2026-06-10,WATCH,runup_88% base_6d close_vs_pivot_-17.8%,{rs_1m_80},6,0.8771929824561402,,2026-06-01,10.7,9.285,8.1325,,3
PD,2026-05-29,2026-06-11,WATCH,runup_88% base_7d close_vs_pivot_-18.0%,{rs_1m_80},7,0.8771929824561402,,2026-06-01,10.7,9.418000000000001,8.2375,,3
PD,2026-05-29,2026-06-12,WATCH,runup_88% base_8d close_vs_pivot_-16.3%,{rs_1m_80},8,0.8771929824561402,,2026-06-01,10.7,9.318999999999999,8.349,,3
PD,2026-05-29,2026-06-15,WATCH,runup_88% base_9d close_vs_pivot_-16.2%,{rs_1m_80},9,0.8771929824561402,,2026-06-01,10.7,9.147,8.459,,3
PD,2026-05-29,2026-06-16,WATCH,runup_88% base_10d close_vs_pivot_-17.6%,"{rs_top200,rs_1m_80}",10,0.8771929824561402,,2026-06-01,10.7,9.015,8.5525,,3
PD,2026-05-29,2026-06-17,INVALIDATED,close_8.62_below_base_low_close_8.74,"{rs_top200,rs_1m_80}",11,0.8771929824561402,,2026-06-01,10.7,8.947,8.639,,0
PD,2026-05-29,2026-06-18,INVALIDATED,close_8.48_below_base_low_close_8.62,"{rs_top200,rs_1m_80}",12,0.8771929824561402,,2026-06-01,10.7,8.845,8.705,,0
QURE,2026-05-29,2026-06-01,TIGHTENING,range_0.69 vol_0.57,{flag_stage_carryforward},14,2.3780068728522332,,2026-05-08,29.49,25.509,25.6135,,5
QURE,2026-05-29,2026-06-02,TIGHTENING,range_0.73 vol_0.63,{flag_stage_carryforward},15,2.2876254180602005,,2026-05-08,29.49,25.692,25.9175,,5
QURE,2026-05-29,2026-06-03,TIGHTENING,range_0.89 vol_0.60,{flag_stage_carryforward},16,2.2876254180602005,,2026-05-08,29.49,26.211000000000002,26.353500000000004,,3
QURE,2026-05-29,2026-06-04,unqualified,base_age_0_below_3,{flag_stage_carryforward},0,,,2026-06-03,30.4499,,,,0
QURE,2026-05-29,2026-06-05,unqualified,base_age_1_below_3,{flag_stage_carryforward},1,,,2026-06-03,30.4499,,,,0
QURE,2026-05-29,2026-06-08,unqualified,base_age_2_below_3,"{rs_1m_80,flag_stage_carryforward}",2,,,2026-06-03,30.4499,,,,0
QURE,2026-05-29,2026-06-10,WATCH,runup_131% base_4d close_vs_pivot_-11.9%,{rs_1m_80},4,1.3050643451930353,,2026-06-03,30.4499,27.296,26.520999999999997,,2
QURE,2026-05-29,2026-06-12,WATCH,runup_131% base_6d close_vs_pivot_-9.5%,{rs_1m_80},6,1.3050643451930353,,2026-06-03,30.4499,27.397000000000002,26.3945,,3
QURE,2026-05-29,2026-06-15,WATCH,runup_131% base_7d close_vs_pivot_-8.5%,{rs_1m_80},7,1.3050643451930353,,2026-06-03,30.4499,27.362000000000002,26.4355,,3
QURE,2026-05-29,2026-06-17,unqualified,close_48.16_off_pivot_close_29.88_>27%(scaled_for_runup_1.3x),"{rs_top200,rs_1m_80,momentum_25pct,ninem_universe_watch}",9,1.3050643451930353,,2026-06-03,30.4499,29.213,27.712,,0
QURE,2026-05-29,2026-06-18,unqualified,base_age_0_below_3,"{rs_top200,rs_1m_80,momentum_25pct,ninem_universe_watch}",0,,,2026-06-17,49.7,,,,0
QURE,2026-05-29,2026-06-19,unqualified,base_age_0_below_3,{ninem_universe_watch},0,,,2026-06-17,49.7,,,,0
REPL,2026-05-29,2026-06-01,unqualified,base_age_0_below_3,"{rs_1m_80,momentum_25pct,ninem_universe_watch}",0,,,2026-05-29,9.0664,,,,0
REPL,2026-05-29,2026-06-02,unqualified,base_age_0_below_3,"{rs_1m_80,momentum_25pct,ninem_universe_watch}",0,,,2026-06-01,10,,,,0
REPL,2026-05-29,2026-06-03,unqualified,base_age_1_below_3,"{rs_top200,rs_1m_80,momentum_25pct,ninem_universe_watch}",1,,,2026-06-01,10,,,,0
REPL,2026-05-29,2026-06-04,unqualified,base_age_0_below_3,"{rs_1m_80,momentum_25pct,ninem_universe_watch}",0,,,2026-06-03,10.415,,,,0
REPL,2026-05-29,2026-06-05,unqualified,base_age_0_below_3,"{rs_1m_80,momentum_25pct,ninem_universe_watch}",0,,,2026-06-04,10.86,,,,0
REPL,2026-05-29,2026-06-08,unqualified,base_age_1_below_3,"{rs_1m_80,momentum_25pct,ninem_universe_watch}",1,,,2026-06-04,10.86,,,,0
REPL,2026-05-29,2026-06-09,unqualified,base_age_2_below_3,"{rs_1m_80,momentum_25pct,ninem_universe_watch}",2,,,2026-06-04,10.86,,,,0
REPL,2026-05-29,2026-06-10,INVALIDATED,close_8.47_below_base_low_close_8.97,"{rs_top200,rs_1m_80,momentum_25pct,ninem_universe_watch}",3,6.239999999999999,,2026-06-04,10.86,8.724,6.849500000000001,,0
REPL,2026-05-29,2026-06-11,WATCH,runup_624% base_4d close_vs_pivot_-20.6%,"{rs_top200,rs_1m_80,ninem_universe_watch}",4,6.239999999999999,,2026-06-04,10.86,9.118,7.0155,,1
REPL,2026-05-29,2026-06-12,WATCH,runup_624% base_5d close_vs_pivot_-18.2%,"{rs_top200,rs_1m_80,ninem_universe_watch}",5,6.239999999999999,,2026-06-04,10.86,9.137,7.212999999999999,,2
REPL,2026-05-29,2026-06-15,WATCH,runup_624% base_6d close_vs_pivot_-17.5%,"{rs_top200,rs_1m_80}",6,6.239999999999999,,2026-06-04,10.86,9.133,7.4,,3
REPL,2026-05-29,2026-06-16,TIGHTENING,range_0.89 vol_0.76 fresh,"{rs_top200,rs_1m_80}",7,6.239999999999999,,2026-06-04,10.86,9.124,7.588500000000001,,3
REPL,2026-05-29,2026-06-17,TIGHTENING,range_0.83 vol_0.69,"{rs_top200,rs_1m_80,flag_stage_carryforward}",8,6.239999999999999,,2026-06-04,10.86,9.126000000000001,7.8534999999999995,,4
REPL,2026-05-29,2026-06-18,TIGHTENING,runup_624% base_9d close_vs_pivot_-6.2%,"{rs_top200,rs_1m_80,flag_stage_carryforward}",9,6.239999999999999,,2026-06-04,10.86,9.158,8.105,WATCH,2
REPL,2026-05-29,2026-06-19,TIGHTENING,runup_624% base_9d close_vs_pivot_-6.2%,{flag_stage_carryforward},9,6.239999999999999,,2026-06-04,10.86,9.158,8.105,WATCH,2
TSSI,2026-05-29,2026-06-01,TIGHTENING,runup_101% base_16d close_vs_pivot_-9.9%,"{rs_1m_80,momentum_25pct,ninem_universe_watch,flag_stage_carryforward}",16,1.0092485549132948,,2026-05-06,17.38,12.76,13.043000000000001,WATCH,2
TSSI,2026-05-29,2026-06-02,TIGHTENING,runup_101% base_17d close_vs_pivot_-13.2%,"{rs_1m_80,momentum_25pct,ninem_universe_watch,flag_stage_carryforward}",17,1.0092485549132948,,2026-05-06,17.38,13.2,13.0695,WATCH,3
TSSI,2026-05-29,2026-06-03,TIGHTENING,runup_101% base_18d close_vs_pivot_-19.9%,"{rs_1m_80,momentum_25pct,ninem_universe_watch,flag_stage_carryforward}",18,1.0092485549132948,,2026-05-06,17.38,13.495,12.971,WATCH,2
TSSI,2026-05-29,2026-06-04,TIGHTENING,runup_101% base_19d close_vs_pivot_-16.6%,"{rs_1m_80,momentum_25pct,ninem_universe_watch,flag_stage_carryforward}",19,1.0092485549132948,,2026-05-06,17.38,13.831,12.841,WATCH,2
TSSI,2026-05-29,2026-06-05,TIGHTENING,runup_101% base_20d close_vs_pivot_-23.0%,"{rs_1m_80,ninem_universe_watch,flag_stage_carryforward}",20,1.0092485549132948,,2026-05-06,17.38,14.01,12.718,WATCH,2
TSSI,2026-05-29,2026-06-08,TIGHTENING,range_0.99 vol_0.60,"{rs_1m_80,ninem_universe_watch,flag_stage_carryforward}",21,0.7224975222993062,,2026-05-06,17.38,14.142,12.7835,,3
TSSI,2026-05-29,2026-06-09,INVALIDATED,close_12.43_below_sma20_12.79,"{rs_1m_80,ninem_universe_watch,flag_stage_carryforward}",22,0.6906614785992218,,2026-05-06,17.38,14.087,12.795,,0
TSSI,2026-05-29,2026-06-10,INVALIDATED,close_11.85_below_sma20_12.81,"{ninem_universe_watch,flag_stage_carryforward}",23,0.6906614785992218,,2026-05-06,17.38,14.018,12.806000000000001,,0
TSSI,2026-05-29,2026-06-11,INVALIDATED,close_12.26_below_sma20_12.84,"{ninem_universe_watch,flag_stage_carryforward}",24,0.6906614785992218,,2026-05-06,17.38,13.89,12.84,,0
TSSI,2026-05-29,2026-06-12,INVALIDATED,close_12.78_below_sma20_12.91,"{ninem_universe_watch,flag_stage_carryforward}",9,0.7013618677042801,,2026-05-29,17.49,13.52,12.913,,0
TSSI,2026-05-29,2026-06-15,COILED,range_0.57 vol_0.58 bodies_0.06/0.41,{rs_1m_80},10,0.7013618677042801,,2026-05-29,17.49,13.296000000000001,13.028,,5
TSSI,2026-05-29,2026-06-16,INVALIDATED,close_12.40_below_sma20_13.11,{flag_stage_carryforward},11,0.7013618677042801,,2026-05-29,17.49,13.027000000000001,13.113499999999998,,0
TSSI,2026-05-29,2026-06-17,INVALIDATED,close_12.85_below_sma20_13.21,{flag_stage_carryforward},12,0.7013618677042801,,2026-05-29,17.49,12.919,13.206999999999999,,0
TSSI,2026-05-29,2026-06-18,TIGHTENING,range_0.75 vol_0.58,{flag_stage_carryforward},13,0.696411251212415,,2026-05-29,17.49,12.825999999999999,13.3285,,5
TSSI,2026-05-29,2026-06-19,TIGHTENING,range_0.75 vol_0.58,{flag_stage_carryforward},13,0.696411251212415,,2026-05-29,17.49,12.825999999999999,13.3285,,5
ALOY,2026-06-01,2026-06-02,unqualified,base_age_0_below_3,"{rs_1m_80,momentum_25pct}",0,,,2026-06-01,11.47,,,,0
ALOY,2026-06-01,2026-06-03,unqualified,base_age_0_below_3,"{rs_top200,rs_1m_80,momentum_25pct}",0,,,2026-06-02,12.173,,,,0
ALOY,2026-06-01,2026-06-04,unqualified,base_age_0_below_3,"{rs_top200,rs_1m_80,momentum_25pct}",0,,,2026-06-03,13.83,,,,0
ALOY,2026-06-01,2026-06-05,unqualified,base_age_0_below_3,"{rs_top200,rs_1m_80,momentum_25pct}",0,,,2026-06-04,14.13,,,,0
ALOY,2026-06-01,2026-06-08,unqualified,base_age_1_below_3,"{rs_top200,rs_1m_80,momentum_25pct}",1,,,2026-06-04,14.13,,,,0
ALOY,2026-06-01,2026-06-09,unqualified,base_age_0_below_3,"{rs_top200,rs_1m_80,momentum_25pct}",0,,,2026-06-08,14.67,,,,0
ALOY,2026-06-01,2026-06-10,unqualified,base_age_1_below_3,"{rs_top200,rs_1m_80,momentum_25pct}",1,,,2026-06-08,14.67,,,,0
ALOY,2026-06-01,2026-06-11,unqualified,base_age_2_below_3,"{rs_top200,rs_1m_80,momentum_25pct}",2,,,2026-06-08,14.67,,,,0
ALOY,2026-06-01,2026-06-12,WATCH,runup_97% base_3d close_vs_pivot_+3.7%,"{rs_top200,rs_1m_80,momentum_25pct}",3,0.97442799461642,,2026-06-08,14.67,13.254,11.3085,,2
ALOY,2026-06-01,2026-06-15,unqualified,base_age_0_below_3,"{rs_top200,rs_1m_80,momentum_25pct}",0,,,2026-06-12,16.71,,,,0
ALOY,2026-06-01,2026-06-16,unqualified,base_age_0_below_3,"{rs_top200,rs_1m_80}",0,,,2026-06-15,17.7843,,,,0
ALOY,2026-06-01,2026-06-17,unqualified,base_age_1_below_3,"{rs_top200,rs_1m_80,momentum_25pct}",1,,,2026-06-15,17.7843,,,,0
ALOY,2026-06-01,2026-06-18,unqualified,base_age_2_below_3,"{rs_top200,rs_1m_80,momentum_25pct}",2,,,2026-06-15,17.7843,,,,0
ALOY,2026-06-01,2026-06-22,unqualified,close_19.70_off_pivot_close_15.40_>27%(scaled_for_runup_1.4x),"{rs_top200,rs_1m_80,momentum_25pct}",3,1.3935800807537015,,2026-06-15,17.7843,15.397,13.2655,,0
EWTX,2026-06-01,2026-06-02,unqualified,runup_49%_below_50%,{rs_1m_80},18,0.489721814209769,,2026-05-05,39.96,,,,0
EWTX,2026-06-01,2026-06-04,unqualified,runup_49%_below_50%,{rs_1m_80},20,0.489721814209769,,2026-05-05,39.96,,,,0
EWTX,2026-06-01,2026-06-08,unqualified,runup_41%_below_50%,{rs_1m_80},22,0.4115153655951962,,2026-05-05,39.96,,,,0
EWTX,2026-06-01,2026-06-18,unqualified,runup_41%_below_50%,{rs_1m_80},12,0.41201939729823334,,2026-06-01,40.765,,,,0
FLNC,2026-06-01,2026-06-02,unqualified,base_age_0_below_3,"{rs_1m_80,momentum_25pct,ninem_universe_watch,flag_stage_carryforward}",0,,,2026-06-01,28.88,,,,0
FLNC,2026-06-01,2026-06-03,unqualified,base_age_0_below_3,"{rs_1m_80,momentum_25pct,ninem_universe_watch}",0,,,2026-06-02,29.97,,,,0
FLNC,2026-06-01,2026-06-04,unqualified,base_age_1_below_3,"{rs_1m_80,momentum_25pct,ninem_universe_watch}",1,,,2026-06-02,29.97,,,,0
FLNC,2026-06-01,2026-06-05,unqualified,base_age_2_below_3,"{rs_1m_80,ninem_universe_watch}",2,,,2026-06-02,29.97,,,,0
FLNC,2026-06-01,2026-06-08,WATCH,runup_164% base_3d close_vs_pivot_-19.7%,"{rs_1m_80,momentum_25pct,ninem_universe_watch}",3,1.644022937803264,,2026-06-02,29.97,23.683,22.261000000000003,,1
FLNC,2026-06-01,2026-06-09,WATCH,runup_164% base_4d close_vs_pivot_-21.7%,"{rs_1m_80,ninem_universe_watch}",4,1.644022937803264,,2026-06-02,29.97,23.896,22.1725,,2
FLNC,2026-06-01,2026-06-10,INVALIDATED,close_21.62_below_base_low_close_22.91,"{rs_1m_80,ninem_universe_watch}",5,1.644022937803264,,2026-06-02,29.97,23.936,22.189500000000002,,0
FLNC,2026-06-01,2026-06-11,WATCH,runup_164% base_6d close_vs_pivot_-19.0%,"{rs_top200,rs_1m_80,momentum_25pct,ninem_universe_watch}",6,1.644022937803264,,2026-06-02,29.97,24.228,22.2985,,2
FLNC,2026-06-01,2026-06-12,WATCH,runup_164% base_7d close_vs_pivot_-20.9%,"{rs_1m_80,ninem_universe_watch}",7,1.644022937803264,,2026-06-02,29.97,24.711000000000002,22.437,,2
FLNC,2026-06-01,2026-06-15,WATCH,runup_164% base_8d close_vs_pivot_-19.3%,"{rs_1m_80,ninem_universe_watch}",8,1.644022937803264,,2026-06-02,29.97,24.414,22.607499999999998,,3
FLNC,2026-06-01,2026-06-16,WATCH,runup_164% base_9d close_vs_pivot_-20.2%,"{rs_top200,rs_1m_80,ninem_universe_watch}",9,1.644022937803264,,2026-06-02,29.97,24.015,22.8265,,3
FLNC,2026-06-01,2026-06-17,WATCH,runup_164% base_10d close_vs_pivot_-21.9%,"{rs_top200,rs_1m_80,ninem_universe_watch}",10,1.644022937803264,,2026-06-02,29.97,23.872,23.102,,3
FLNC,2026-06-01,2026-06-18,WATCH,runup_164% base_11d close_vs_pivot_-17.3%,"{rs_top200,rs_1m_80,ninem_universe_watch}",11,1.644022937803264,,2026-06-02,29.97,23.637,23.395,,3
FLNC,2026-06-01,2026-06-19,WATCH,runup_164% base_11d close_vs_pivot_-17.3%,{ninem_universe_watch},11,1.644022937803264,,2026-06-02,29.97,23.637,23.395,,3
FLNC,2026-06-01,2026-06-22,WATCH,runup_164% base_12d close_vs_pivot_-15.9%,{ninem_universe_watch},12,1.644022937803264,,2026-06-02,29.97,23.865000000000002,23.645,,3
MGM,2026-06-01,2026-06-02,unqualified,base_age_0_below_3,"{rs_1m_80,momentum_25pct,ninem_universe_watch}",0,,,2026-06-01,51.59,,,,0
MGM,2026-06-01,2026-06-03,unqualified,base_age_1_below_3,"{rs_top200,rs_1m_80,momentum_25pct,ninem_universe_watch}",1,,,2026-06-01,51.59,,,,0
MGM,2026-06-01,2026-06-04,unqualified,base_age_2_below_3,"{rs_1m_80,momentum_25pct,ninem_universe_watch}",2,,,2026-06-01,51.59,,,,0
MGM,2026-06-01,2026-06-05,INVALIDATED,close_47.51_below_base_low_close_47.94,"{rs_top200,rs_1m_80,ninem_universe_watch}",3,0.5425325160711616,,2026-06-01,51.59,44.82,40.983,,0
MGM,2026-06-01,2026-06-08,unqualified,runup_48%_below_50%,"{rs_1m_80,ninem_universe_watch}",4,0.47928315412186384,,2026-06-01,51.59,,,,0
MGM,2026-06-01,2026-06-09,unqualified,runup_47%_below_50%,"{rs_1m_80,ninem_universe_watch}",5,0.4748427672955977,,2026-06-01,51.59,,,,0
MGM,2026-06-01,2026-06-10,unqualified,runup_47%_below_50%,"{rs_top200,rs_1m_80,ninem_universe_watch}",6,0.46562499999999996,,2026-06-01,51.59,,,,0
MGM,2026-06-01,2026-06-11,unqualified,runup_47%_below_50%,"{rs_1m_80,ninem_universe_watch}",7,0.46562499999999996,,2026-06-01,51.59,,,,0
MGM,2026-06-01,2026-06-12,unqualified,runup_47%_below_50%,"{rs_top200,rs_1m_80,ninem_universe_watch}",8,0.46562499999999996,,2026-06-01,51.59,,,,0
MGM,2026-06-01,2026-06-15,unqualified,runup_47%_below_50%,"{rs_1m_80,ninem_universe_watch}",9,0.46562499999999996,,2026-06-01,51.59,,,,0
MGM,2026-06-01,2026-06-16,unqualified,runup_47%_below_50%,"{rs_top200,rs_1m_80}",10,0.46562499999999996,,2026-06-01,51.59,,,,0
MGM,2026-06-01,2026-06-17,unqualified,runup_47%_below_50%,"{rs_top200,rs_1m_80}",11,0.46562499999999996,,2026-06-01,51.59,,,,0
MGM,2026-06-01,2026-06-18,unqualified,runup_47%_below_50%,{rs_1m_80},12,0.46562499999999996,,2026-06-01,51.59,,,,0
SAIC,2026-06-01,2026-06-02,unqualified,base_age_0_below_3,{rs_1m_80},0,,,2026-06-01,123.41,,,,0
SAIC,2026-06-01,2026-06-03,unqualified,base_age_1_below_3,{rs_1m_80},1,,,2026-06-01,123.41,,,,0
SAIC,2026-06-01,2026-06-04,unqualified,base_age_2_below_3,{rs_1m_80},2,,,2026-06-01,123.41,,,,0
SAIC,2026-06-01,2026-06-05,unqualified,runup_42%_below_50%,{rs_1m_80},3,0.4165518824609733,,2026-06-01,123.41,,,,0
SAIC,2026-06-01,2026-06-08,unqualified,runup_42%_below_50%,{rs_1m_80},4,0.4165518824609733,,2026-06-01,123.41,,,,0
SAIC,2026-06-01,2026-06-09,unqualified,runup_42%_below_50%,{rs_1m_80},5,0.4165518824609733,,2026-06-01,123.41,,,,0
SAIC,2026-06-01,2026-06-10,unqualified,runup_42%_below_50%,{rs_1m_80},6,0.4165518824609733,,2026-06-01,123.41,,,,0
SAIC,2026-06-01,2026-06-11,unqualified,runup_42%_below_50%,{rs_1m_80},7,0.4165518824609733,,2026-06-01,123.41,,,,0
SAIC,2026-06-01,2026-06-12,unqualified,runup_42%_below_50%,{rs_1m_80},8,0.4165518824609733,,2026-06-01,123.41,,,,0
SAIC,2026-06-01,2026-06-15,unqualified,runup_42%_below_50%,{rs_1m_80},9,0.4165518824609733,,2026-06-01,123.41,,,,0
TMHC,2026-06-01,2026-06-02,unqualified,base_age_0_below_3,"{rs_1m_80,momentum_25pct}",0,,,2026-06-01,71.81,,,,0
TMHC,2026-06-01,2026-06-03,unqualified,base_age_1_below_3,{rs_1m_80},1,,,2026-06-01,71.81,,,,0
TMHC,2026-06-01,2026-06-04,unqualified,base_age_2_below_3,{rs_1m_80},2,,,2026-06-01,71.81,,,,0
TMHC,2026-06-01,2026-06-05,unqualified,runup_33%_below_50%,{rs_1m_80},3,0.3261311172668515,,2026-06-01,71.81,,,,0
GRRR,2026-06-02,2026-06-03,unqualified,base_age_0_below_3,"{rs_top200,rs_1m_80,momentum_25pct}",0,,,2026-06-02,23.49,,,,0
GRRR,2026-06-02,2026-06-04,unqualified,base_age_1_below_3,"{rs_top200,rs_1m_80,momentum_25pct}",1,,,2026-06-02,23.49,,,,0
GRRR,2026-06-02,2026-06-05,unqualified,base_age_2_below_3,"{rs_top200,rs_1m_80}",2,,,2026-06-02,23.49,,,,0
GRRR,2026-06-02,2026-06-08,INVALIDATED,close_17.02_below_base_low_close_17.14,"{rs_top200,rs_1m_80}",3,1.5984513274336285,,2026-06-02,23.49,18.541,16.1215,,0
GRRR,2026-06-02,2026-06-09,INVALIDATED,close_16.08_below_base_low_close_17.02,"{rs_top200,rs_1m_80}",4,1.5984513274336285,,2026-06-02,23.49,18.503,16.216,,0
GRRR,2026-06-02,2026-06-10,INVALIDATED,close_16.11_below_sma20_16.33,"{rs_top200,rs_1m_80}",5,1.5984513274336285,,2026-06-02,23.49,18.481,16.333,,0
GRRR,2026-06-02,2026-06-11,TIGHTENING,range_0.83 vol_0.67,"{rs_top200,rs_1m_80}",6,1.5984513274336285,,2026-06-02,23.49,18.485,16.529,,3
GRRR,2026-06-02,2026-06-12,TIGHTENING,range_0.83 vol_0.59,"{rs_top200,rs_1m_80,flag_stage_carryforward}",7,1.5984513274336285,,2026-06-02,23.49,18.177,16.697499999999998,,3
GRRR,2026-06-02,2026-06-15,TIGHTENING,range_0.61 vol_0.51 fresh,"{rs_top200,rs_1m_80,flag_stage_carryforward}",8,1.5984513274336285,,2026-06-02,23.49,17.812,16.9145,,5
GRRR,2026-06-02,2026-06-16,COILED,range_0.49 vol_0.47 bodies_0.25/0.23,"{rs_top200,flag_stage_carryforward}",9,1.5984513274336285,,2026-06-02,23.49,17.404,17.15,,5
GRRR,2026-06-02,2026-06-17,INVALIDATED,close_17.26_below_sma20_17.37,{flag_stage_carryforward},10,1.5984513274336285,,2026-06-02,23.49,17.301,17.374000000000002,,0
GRRR,2026-06-02,2026-06-18,INVALIDATED,close_16.54_below_sma20_17.53,{flag_stage_carryforward},11,1.5984513274336285,,2026-06-02,23.49,17.052,17.5305,,0
GRRR,2026-06-02,2026-06-19,INVALIDATED,close_16.54_below_sma20_17.53,{flag_stage_carryforward},11,1.5984513274336285,,2026-06-02,23.49,17.052,17.5305,,0
HPE,2026-06-02,2026-06-03,unqualified,base_age_0_below_3,"{rs_top200,rs_1m_80,momentum_25pct,ninem_universe_watch}",0,,,2026-06-02,64.25,,,,0
HPE,2026-06-02,2026-06-04,unqualified,base_age_1_below_3,"{rs_top200,rs_1m_80,momentum_25pct,ninem_universe_watch}",1,,,2026-06-02,64.25,,,,0
HPE,2026-06-02,2026-06-05,unqualified,base_age_2_below_3,"{rs_top200,rs_1m_80,momentum_25pct,ninem_universe_watch}",2,,,2026-06-02,64.25,,,,0
HPE,2026-06-02,2026-06-08,WATCH,runup_206% base_3d close_vs_pivot_-22.4%,"{rs_top200,rs_1m_80,momentum_25pct,ninem_universe_watch}",3,2.0558858501783592,,2026-06-02,64.25,46.757,39.946,,1
HPE,2026-06-02,2026-06-09,INVALIDATED,close_48.27_below_base_low_close_49.20,"{rs_top200,rs_1m_80,momentum_25pct,ninem_universe_watch}",4,2.037825059101655,,2026-06-02,64.25,47.778,40.816,,0
HPE,2026-06-02,2026-06-10,INVALIDATED,close_45.49_below_base_low_close_48.27,"{rs_top200,rs_1m_80,ninem_universe_watch}",5,2.037825059101655,,2026-06-02,64.25,48.607,41.58,,0
HPE,2026-06-02,2026-06-11,WATCH,runup_204% base_6d close_vs_pivot_-27.2%,"{rs_top200,rs_1m_80,ninem_universe_watch}",6,2.036389413988658,,2026-06-02,64.25,49.465999999999994,42.316500000000005,,2
HPE,2026-06-02,2026-06-12,WATCH,runup_204% base_7d close_vs_pivot_-25.0%,"{rs_top200,rs_1m_80,ninem_universe_watch}",7,2.036389413988658,,2026-06-02,64.25,49.979,43.0185,,3
HPE,2026-06-02,2026-06-15,WATCH,runup_204% base_8d close_vs_pivot_-23.7%,"{rs_top200,rs_1m_80,ninem_universe_watch}",8,2.036389413988658,,2026-06-02,64.25,50.181,43.814499999999995,,3
HPE,2026-06-02,2026-06-16,WATCH,runup_204% base_9d close_vs_pivot_-24.7%,"{rs_top200,rs_1m_80}",9,2.036389413988658,,2026-06-02,64.25,49.404,44.5835,,3
HPE,2026-06-02,2026-06-17,WATCH,runup_204% base_10d close_vs_pivot_-25.0%,"{rs_top200,rs_1m_80}",10,2.036389413988658,,2026-06-02,64.25,48.709,45.3625,,3
HPE,2026-06-02,2026-06-18,WATCH,runup_199% base_11d close_vs_pivot_-26.2%,"{rs_top200,rs_1m_80}",11,1.993244817144188,,2026-06-02,64.25,48.081,46.043,,3
MRVL,2026-06-02,2026-06-03,unqualified,base_age_0_below_3,"{rs_top200,rs_1m_80,momentum_25pct,ninem_universe_watch}",0,,,2026-06-02,291.3,,,,0
MRVL,2026-06-02,2026-06-04,unqualified,base_age_0_below_3,"{rs_top200,rs_1m_80,momentum_25pct,ninem_universe_watch}",0,,,2026-06-03,324.2,,,,0
MRVL,2026-06-02,2026-06-05,unqualified,base_age_1_below_3,"{rs_top200,rs_1m_80,momentum_25pct,ninem_universe_watch}",1,,,2026-06-03,324.2,,,,0
MRVL,2026-06-02,2026-06-08,unqualified,base_age_2_below_3,"{rs_top200,rs_1m_80,momentum_25pct,ninem_universe_watch}",2,,,2026-06-03,324.2,,,,0
MRVL,2026-06-02,2026-06-09,WATCH,runup_281% base_3d close_vs_pivot_-17.7%,"{rs_top200,rs_1m_80,momentum_25pct,ninem_universe_watch}",3,2.808293198637378,,2026-06-03,324.2,255.603,219.2615,,1
MRVL,2026-06-02,2026-06-10,INVALIDATED,close_252.59_below_base_low_close_263.47,"{rs_top200,rs_1m_80,ninem_universe_watch}",4,2.808293198637378,,2026-06-03,324.2,260.992,223.666,,0
MRVL,2026-06-02,2026-06-11,WATCH,runup_281% base_5d close_vs_pivot_-13.4%,"{rs_top200,rs_1m_80,momentum_25pct,ninem_universe_watch}",5,2.808293198637378,,2026-06-03,324.2,268.58000000000004,228.804,,1
MRVL,2026-06-02,2026-06-12,WATCH,runup_281% base_6d close_vs_pivot_-13.7%,"{rs_top200,rs_1m_80,momentum_25pct,ninem_universe_watch}",6,2.808293198637378,,2026-06-03,324.2,276.05,233.66,,2
MRVL,2026-06-02,2026-06-15,TIGHTENING,range_0.74 vol_0.81,"{rs_top200,rs_1m_80,ninem_universe_watch}",7,2.808293198637378,,2026-06-03,324.2,284.995,240.25950000000003,,4
MRVL,2026-06-02,2026-06-16,TIGHTENING,range_0.74 vol_0.74,"{rs_top200,rs_1m_80,ninem_universe_watch,flag_stage_carryforward}",8,2.808293198637378,,2026-06-03,324.2,283.783,245.74650000000003,,3
MRVL,2026-06-02,2026-06-17,TIGHTENING,range_0.74 vol_0.65,"{rs_top200,rs_1m_80,flag_stage_carryforward}",9,2.808293198637378,,2026-06-03,324.2,282.572,251.41,,4
MRVL,2026-06-02,2026-06-18,COILED,range_0.74 vol_0.65 bodies_0.13/0.09,"{rs_top200,rs_1m_80,flag_stage_carryforward}",10,2.7432167186237155,,2026-06-03,324.2,281.98699999999997,257.59900000000005,,5
MRVL,2026-06-02,2026-06-19,COILED,range_0.74 vol_0.65 bodies_0.13/0.09,{flag_stage_carryforward},10,2.7432167186237155,,2026-06-03,324.2,281.98699999999997,257.59900000000005,,5
MRVL,2026-06-02,2026-06-22,unqualified,base_age_0_below_3,"{rs_top200,rs_1m_80,flag_stage_carryforward}",0,,,2026-06-18,329.88,,,,0
MRVL,2026-06-02,2026-06-23,unqualified,base_age_1_below_3,{flag_stage_carryforward},1,,,2026-06-18,329.88,,,,0
RLAY,2026-06-02,2026-06-03,unqualified,base_age_0_below_3,"{rs_top200,rs_1m_80,ninem_universe_watch}",0,,,2026-06-02,17.47,,,,0
RLAY,2026-06-02,2026-06-04,unqualified,base_age_1_below_3,"{rs_1m_80,ninem_universe_watch}",1,,,2026-06-02,17.47,,,,0
RLAY,2026-06-02,2026-06-05,unqualified,base_age_2_below_3,"{rs_1m_80,ninem_universe_watch}",2,,,2026-06-02,17.47,,,,0
RLAY,2026-06-02,2026-06-08,WATCH,runup_89% base_3d close_vs_pivot_-21.8%,"{rs_1m_80,ninem_universe_watch}",3,0.8855909336211547,,2026-06-02,17.47,14.353,13.5945,,1
RLAY,2026-06-02,2026-06-09,WATCH,runup_89% base_4d close_vs_pivot_-19.3%,"{rs_1m_80,ninem_universe_watch}",4,0.8855909336211547,,2026-06-02,17.47,14.344999999999999,13.6565,,2
RLAY,2026-06-02,2026-06-10,INVALIDATED,close_13.49_below_base_low_close_13.52,{ninem_universe_watch},5,0.8855909336211547,,2026-06-02,17.47,14.251,13.6845,,0
RLAY,2026-06-02,2026-06-11,WATCH,runup_89% base_6d close_vs_pivot_-18.5%,{ninem_universe_watch},6,0.8855909336211547,,2026-06-02,17.47,14.285,13.735499999999998,,2
RLAY,2026-06-02,2026-06-12,WATCH,runup_89% base_7d close_vs_pivot_-15.2%,"{rs_1m_80,ninem_universe_watch}",7,0.8855909336211547,,2026-06-02,17.47,14.361,13.837,,2
RLAY,2026-06-02,2026-06-15,TIGHTENING,range_0.96 vol_0.58,"{rs_1m_80,ninem_universe_watch}",8,0.8855909336211547,,2026-06-02,17.47,14.431000000000001,13.975,,3
RLAY,2026-06-02,2026-06-16,COILED,fresh_2bar 3.6%/atr 7.2% bodies_0.06/0.07,"{ninem_universe_watch,flag_stage_carryforward}",9,0.8855909336211547,,2026-06-02,17.47,14.366,14.122499999999999,,4
RLAY,2026-06-02,2026-06-17,COILED,range_0.86 vol_0.50,"{rs_1m_80,flag_stage_carryforward}",10,0.8855909336211547,,2026-06-02,17.47,14.392000000000001,14.297,TIGHTENING,4
RLAY,2026-06-02,2026-06-18,TRIGGERED,close_15.88>base_high_close_15.56 vol_4.90x,"{rs_1m_80,flag_stage_carryforward}",11,0.8855909336211547,,2026-06-02,17.47,14.526,14.440000000000001,,4
RLAY,2026-06-02,2026-06-19,TRIGGERED,close_15.88>base_high_close_15.56 vol_4.90x,{flag_stage_carryforward},11,0.8855909336211547,,2026-06-02,17.47,14.526,14.440000000000001,,4
RLAY,2026-06-02,2026-06-22,TRIGGERED,runup_89% base_12d close_vs_pivot_-1.1%,"{rs_1m_80,momentum_25pct,flag_stage_carryforward}",12,0.8855909336211547,,2026-06-02,17.47,14.902000000000001,14.621,WATCH,2
RLAY,2026-06-02,2026-06-23,TRIGGERED,runup_88% base_13d close_vs_pivot_-0.2%,"{rs_1m_80,momentum_25pct}",13,0.8835579514824796,,2026-06-02,17.47,15.280000000000001,14.8165,WATCH,2
GME,2026-06-03,2026-06-04,unqualified,runup_22%_below_50%,{ninem_universe_watch},22,0.22015433499773018,,2026-05-01,26.88,,,,0
GME,2026-06-03,2026-06-05,unqualified,runup_22%_below_50%,{ninem_universe_watch},23,0.22015433499773018,,2026-05-01,26.88,,,,0
GME,2026-06-03,2026-06-08,unqualified,runup_22%_below_50%,{ninem_universe_watch},24,0.22015433499773018,,2026-05-01,26.88,,,,0
GME,2026-06-03,2026-06-09,unqualified,runup_19%_below_50%,{ninem_universe_watch},24,0.18701770313209254,,2026-05-04,26.15,,,,0
GME,2026-06-03,2026-06-10,unqualified,runup_15%_below_50%,{ninem_universe_watch},23,0.1546799818429414,,2026-05-06,25.4376,,,,0
GME,2026-06-03,2026-06-11,unqualified,runup_15%_below_50%,{ninem_universe_watch},24,0.1546799818429414,,2026-05-06,25.4376,,,,0
GME,2026-06-03,2026-06-12,unqualified,runup_15%_below_50%,{ninem_universe_watch},24,0.1461643213799364,,2026-05-07,25.25,,,,0
GME,2026-06-03,2026-06-15,unqualified,runup_11%_below_50%,{ninem_universe_watch},23,0.10621879255560596,,2026-05-11,24.37,,,,0
GME,2026-06-03,2026-06-16,unqualified,runup_11%_below_50%,{ninem_universe_watch},24,0.10621879255560596,,2026-05-11,24.37,,,,0
GME,2026-06-03,2026-06-17,unqualified,runup_13%_below_50%,{ninem_universe_watch},9,0.13382810629638486,,2026-06-03,23.68,,,,0
NVTS,2026-06-03,2026-06-04,WATCH,runup_342% base_6d close_vs_pivot_-9.3%,"{rs_top200,rs_1m_80,momentum_25pct,magna53_failed_r3}",6,3.415143603133159,,2026-05-26,33.82,28.163999999999998,24.2215,,2
NVTS,2026-06-03,2026-06-05,WATCH,runup_342% base_7d close_vs_pivot_-25.8%,"{rs_top200,rs_1m_80,magna53_failed_r3}",7,3.415143603133159,,2026-05-26,33.82,28.233999999999998,24.686,,2
NVTS,2026-06-03,2026-06-08,INVALIDATED,close_24.48_below_base_low_close_24.86,"{rs_top200,rs_1m_80,magna53_failed_r3}",8,3.415143603133159,,2026-05-26,33.82,27.756999999999998,25,,0
NVTS,2026-06-03,2026-06-09,INVALIDATED,close_22.85_below_base_low_close_24.48,"{rs_top200,rs_1m_80,magna53_failed_r3}",9,3.415143603133159,,2026-05-26,33.82,26.863,25.009999999999998,,0
NVTS,2026-06-03,2026-06-10,INVALIDATED,close_20.50_below_base_low_close_22.85,{magna53_failed_r3},10,3.415143603133159,,2026-05-26,33.82,26.025,25.072499999999998,,0
PGY,2026-06-04,2026-06-05,WATCH,runup_65% base_19d close_vs_pivot_-15.1%,{ninem_universe_watch},19,0.648076923076923,,2026-05-07,17.14,14.379,13.969,,2
PGY,2026-06-04,2026-06-08,WATCH,runup_65% base_20d close_vs_pivot_-10.9%,"{rs_1m_80,ninem_universe_watch}",20,0.648076923076923,,2026-05-07,17.14,14.631,13.973500000000001,,2
PGY,2026-06-04,2026-06-09,WATCH,runup_65% base_21d close_vs_pivot_-13.7%,"{rs_1m_80,ninem_universe_watch}",21,0.648076923076923,,2026-05-07,17.14,14.772,13.986500000000001,,3
PGY,2026-06-04,2026-06-10,WATCH,runup_65% base_22d close_vs_pivot_-15.4%,"{rs_1m_80,ninem_universe_watch}",22,0.648076923076923,,2026-05-07,17.14,14.857,14.035,,3
PGY,2026-06-04,2026-06-11,WATCH,runup_65% base_23d close_vs_pivot_-8.1%,"{rs_1m_80,ninem_universe_watch}",23,0.648076923076923,,2026-05-07,17.14,15.036000000000001,14.1645,,2
PGY,2026-06-04,2026-06-12,WATCH,runup_65% base_24d close_vs_pivot_-10.0%,"{rs_1m_80,ninem_universe_watch}",24,0.648076923076923,,2026-05-07,17.14,15.065999999999999,14.255500000000001,,2
PGY,2026-06-04,2026-06-15,WATCH,runup_56% base_6d close_vs_pivot_-3.6%,"{rs_1m_80,ninem_universe_watch}",6,0.5644230769230769,,2026-06-04,16.27,15.069999999999999,14.3625,,3
PGY,2026-06-04,2026-06-16,unqualified,base_age_0_below_3,"{rs_1m_80,ninem_universe_watch}",0,,,2026-06-15,16.68,,,,0
PGY,2026-06-04,2026-06-17,unqualified,base_age_1_below_3,"{rs_1m_80,ninem_universe_watch}",1,,,2026-06-15,16.68,,,,0
PGY,2026-06-04,2026-06-18,unqualified,base_age_2_below_3,"{rs_1m_80,ninem_universe_watch}",2,,,2026-06-15,16.68,,,,0
RUM,2026-06-04,2026-06-05,unqualified,base_age_0_below_3,"{magna53_failed_r3,ninem_universe_watch}",0,,,2026-06-04,10.54,,,,0
RUM,2026-06-04,2026-06-08,unqualified,base_age_1_below_3,"{magna53_failed_r3,ninem_universe_watch}",1,,,2026-06-04,10.54,,,,0
RUM,2026-06-04,2026-06-09,unqualified,base_age_2_below_3,"{magna53_failed_r3,ninem_universe_watch}",2,,,2026-06-04,10.54,,,,0
RUM,2026-06-04,2026-06-10,INVALIDATED,close_7.00_below_base_low_close_7.49,"{magna53_failed_r3,ninem_universe_watch}",3,1.2815334329068984,,2026-06-04,10.54,8.364,8.20975,,0
RUM,2026-06-04,2026-06-11,INVALIDATED,close_7.54_below_sma20_8.17,"{magna53_failed_r3,ninem_universe_watch}",4,1.2815334329068984,,2026-06-04,10.54,8.172,8.17075,,0
RUM,2026-06-04,2026-06-12,INVALIDATED,close_7.16_below_sma20_8.12,{ninem_universe_watch},5,1.2815334329068984,,2026-06-04,10.54,7.968999999999999,8.12025,,0
RUM,2026-06-04,2026-06-15,INVALIDATED,close_7.75_below_sma20_8.15,{ninem_universe_watch},6,1.2815334329068984,,2026-06-04,10.54,7.787000000000001,8.147499999999999,,0
RUM,2026-06-04,2026-06-16,INVALIDATED,close_7.39_below_sma20_8.14,{ninem_universe_watch},7,1.2815334329068984,,2026-06-04,10.54,7.6290000000000004,8.142,,0
RUM,2026-06-04,2026-06-17,INVALIDATED,close_7.29_below_sma20_8.15,{ninem_universe_watch},8,1.2815334329068984,,2026-06-04,10.54,7.525,8.153,,0
RUM,2026-06-04,2026-06-18,INVALIDATED,close_7.36_below_sma20_8.15,{ninem_universe_watch},9,1.2815334329068984,,2026-06-04,10.54,7.4430000000000005,8.1525,,0
RUM,2026-06-04,2026-06-19,INVALIDATED,close_7.36_below_sma20_8.15,{ninem_universe_watch},9,1.2815334329068984,,2026-06-04,10.54,7.4430000000000005,8.1525,,0
RUM,2026-06-04,2026-06-22,INVALIDATED,close_6.80_below_base_low_close_7.00,{ninem_universe_watch},10,1.2815334329068984,,2026-06-04,10.54,7.365,8.0895,,0
RUM,2026-06-04,2026-06-23,INVALIDATED,close_6.73_below_base_low_close_6.80,{ninem_universe_watch},11,1.2815334329068984,,2026-06-04,10.54,7.251,8.016,,0
RUM,2026-06-04,2026-06-24,INVALIDATED,close_6.20_below_base_low_close_6.73,{ninem_universe_watch},12,1.2815334329068984,,2026-06-04,10.54,7.122,7.8805000000000005,,0
RUM,2026-06-04,2026-06-25,INVALIDATED,close_6.24_below_sma20_7.71,{ninem_universe_watch},13,1.2815334329068984,,2026-06-04,10.54,7.046000000000001,7.705,,0
AGX,2026-06-05,2026-06-17,WATCH,runup_95% base_7d close_vs_pivot_-7.6%,{rs_1m_80},7,0.9526256423110666,,2026-06-05,779,657.108,659.3805,,3
AGX,2026-06-05,2026-06-18,WATCH,runup_95% base_8d close_vs_pivot_-5.2%,"{rs_top200,rs_1m_80,momentum_25pct}",8,0.9526256423110666,,2026-06-05,779,662.05,664.798,,3
AGX,2026-06-05,2026-06-22,WATCH,runup_95% base_9d close_vs_pivot_+1.4%,"{rs_top200,rs_1m_80,momentum_25pct}",9,0.9526256423110666,,2026-06-05,779,671.578,672.066,,2
AGX,2026-06-05,2026-06-23,WATCH,runup_95% base_10d close_vs_pivot_-5.4%,"{rs_top200,rs_1m_80,momentum_25pct}",10,0.9526256423110666,,2026-06-05,779,683.257,676.087,,2
GIII,2026-06-05,2026-06-08,unqualified,base_age_0_below_3,{rs_1m_80},0,,,2026-06-05,35.84,,,,0
GIII,2026-06-05,2026-06-09,unqualified,base_age_1_below_3,{rs_1m_80},1,,,2026-06-05,35.84,,,,0
GIII,2026-06-05,2026-06-10,unqualified,base_age_2_below_3,{rs_1m_80},2,,,2026-06-05,35.84,,,,0
GIII,2026-06-05,2026-06-11,unqualified,runup_43%_below_50%,{rs_1m_80},3,0.4321678321678324,,2026-06-05,35.84,,,,0
GIII,2026-06-05,2026-06-12,unqualified,runup_40%_below_50%,{rs_1m_80},4,0.40219092331768413,,2026-06-05,35.84,,,,0
GIII,2026-06-05,2026-06-15,unqualified,runup_40%_below_50%,{rs_1m_80},5,0.40219092331768413,,2026-06-05,35.84,,,,0
GIII,2026-06-05,2026-06-16,unqualified,runup_39%_below_50%,{rs_1m_80},6,0.3926559160676124,,2026-06-05,35.84,,,,0
MRLN,2026-06-05,2026-06-10,unqualified,base_age_2_below_3,{ninem_universe_watch},2,,,2026-06-05,10.2499,,,,0
MRLN,2026-06-05,2026-06-11,INVALIDATED,close_7.02_below_base_low_close_7.05,{ninem_universe_watch},3,0.7733391003460208,,2026-06-05,10.2499,7.5280000000000005,7.301,,0
MRLN,2026-06-05,2026-06-12,INVALIDATED,close_6.81_below_base_low_close_7.02,{ninem_universe_watch},4,0.7733391003460208,,2026-06-05,10.2499,7.403999999999999,7.288500000000001,,0
MRLN,2026-06-05,2026-06-15,INVALIDATED,close_6.99_below_sma20_7.31,{ninem_universe_watch},5,0.7733391003460208,,2026-06-05,10.2499,7.385,7.3075,,0
MRLN,2026-06-05,2026-06-16,INVALIDATED,close_6.36_below_base_low_close_6.81,{ninem_universe_watch},6,0.7733391003460208,,2026-06-05,10.2499,7.26,7.3105,,0
MRLN,2026-06-05,2026-06-17,INVALIDATED,close_6.54_below_sma20_7.34,{ninem_universe_watch},7,0.7733391003460208,,2026-06-05,10.2499,7.187,7.338500000000001,,0
MRLN,2026-06-05,2026-06-18,INVALIDATED,close_6.69_below_sma20_7.34,{ninem_universe_watch},8,0.7733391003460208,,2026-06-05,10.2499,7.138,7.340999999999999,,0
MRLN,2026-06-05,2026-06-19,INVALIDATED,close_6.69_below_sma20_7.34,{ninem_universe_watch},8,0.7733391003460208,,2026-06-05,10.2499,7.138,7.340999999999999,,0
MRLN,2026-06-05,2026-06-22,INVALIDATED,close_6.30_below_base_low_close_6.36,{ninem_universe_watch},9,0.7733391003460208,,2026-06-05,10.2499,6.9079999999999995,7.3,,0
TTAN,2026-06-05,2026-06-08,unqualified,base_age_0_below_3,{rs_1m_80},0,,,2026-06-05,84.09,,,,0
TTAN,2026-06-05,2026-06-09,unqualified,base_age_1_below_3,{rs_1m_80},1,,,2026-06-05,84.09,,,,0
TTAN,2026-06-05,2026-06-10,unqualified,base_age_2_below_3,{rs_1m_80},2,,,2026-06-05,84.09,,,,0
TTAN,2026-06-05,2026-06-11,INVALIDATED,close_68.24_below_base_low_close_70.71,{rs_1m_80},3,0.5523352409082518,,2026-06-05,84.09,73.27000000000001,67.6205,,0
TTAN,2026-06-05,2026-06-15,WATCH,runup_55% base_5d close_vs_pivot_-18.2%,{rs_1m_80},5,0.5523352409082518,,2026-06-05,84.09,71.82300000000001,68.6155,,2
NRIX,2026-06-08,2026-06-09,unqualified,runup_28%_below_50%,"{magna53_failed_r3,ninem_universe_watch}",6,0.2847965738758029,,2026-05-29,18,,,,0
NRIX,2026-06-08,2026-06-10,unqualified,runup_28%_below_50%,"{magna53_failed_r3,ninem_universe_watch}",7,0.2847965738758029,,2026-05-29,18,,,,0
NRIX,2026-06-08,2026-06-11,unqualified,runup_28%_below_50%,"{magna53_failed_r3,ninem_universe_watch}",8,0.2847965738758029,,2026-05-29,18,,,,0
NRIX,2026-06-08,2026-06-12,unqualified,runup_28%_below_50%,"{magna53_failed_r3,ninem_universe_watch}",9,0.2847965738758029,,2026-05-29,18,,,,0
NRIX,2026-06-08,2026-06-15,unqualified,base_age_0_below_3,"{magna53_failed_r3,ninem_universe_watch}",0,,,2026-06-12,18.91,,,,0
NRIX,2026-06-08,2026-06-16,unqualified,base_age_1_below_3,{ninem_universe_watch},1,,,2026-06-12,18.91,,,,0
NRIX,2026-06-08,2026-06-17,unqualified,base_age_2_below_3,{ninem_universe_watch},2,,,2026-06-12,18.91,,,,0
NRIX,2026-06-08,2026-06-18,unqualified,runup_35%_below_50%,{ninem_universe_watch},3,0.3497501784439687,,2026-06-12,18.91,,,,0
NRIX,2026-06-08,2026-06-19,unqualified,runup_35%_below_50%,{ninem_universe_watch},3,0.3497501784439687,,2026-06-12,18.91,,,,0
NRIX,2026-06-08,2026-06-22,unqualified,runup_35%_below_50%,{ninem_universe_watch},4,0.3497501784439687,,2026-06-12,18.91,,,,0
NRIX,2026-06-08,2026-06-23,unqualified,runup_33%_below_50%,{rs_1m_80},5,0.3279494382022472,,2026-06-12,18.91,,,,0
NRIX,2026-06-08,2026-06-24,unqualified,runup_33%_below_50%,"{rs_top200,rs_1m_80,momentum_25pct}",6,0.3279494382022472,,2026-06-12,18.91,,,,0
NRIX,2026-06-08,2026-06-25,unqualified,base_age_0_below_3,"{rs_top200,rs_1m_80,momentum_25pct}",0,,,2026-06-24,19.99,,,,0
NRIX,2026-06-08,2026-06-26,unqualified,base_age_0_below_3,"{rs_top200,rs_1m_80,momentum_25pct}",0,,,2026-06-25,23.09,,,,0
NRIX,2026-06-08,2026-06-29,unqualified,base_age_0_below_3,"{rs_top200,rs_1m_80,momentum_25pct}",0,,,2026-06-26,23.715,,,,0
ELVN,2026-06-11,2026-06-12,unqualified,base_age_0_below_3,"{rs_1m_80,momentum_25pct}",0,,,2026-06-11,45.5171,,,,0
ELVN,2026-06-11,2026-06-15,unqualified,base_age_0_below_3,{momentum_25pct},0,,,2026-06-12,47.36,,,,0
ELVN,2026-06-11,2026-06-16,unqualified,base_age_1_below_3,{momentum_25pct},1,,,2026-06-12,47.36,,,,0
ELVN,2026-06-11,2026-06-17,unqualified,base_age_2_below_3,"{rs_1m_80,momentum_25pct}",2,,,2026-06-12,47.36,,,,0
ELVN,2026-06-11,2026-06-18,WATCH,runup_65% base_3d close_vs_pivot_-4.8%,"{rs_1m_80,momentum_25pct}",3,0.654786862334032,,2026-06-12,47.36,40.281,39.765499999999996,,1
ELVN,2026-06-11,2026-06-22,WATCH,runup_61% base_4d close_vs_pivot_-3.0%,"{rs_1m_80,momentum_25pct}",4,0.6125297923050732,,2026-06-12,47.36,41.406,39.951,,2
ELVN,2026-06-11,2026-06-23,unqualified,base_age_0_below_3,"{rs_top200,rs_1m_80,momentum_25pct}",0,,,2026-06-22,48.52,,,,0
ELVN,2026-06-11,2026-06-24,unqualified,base_age_1_below_3,"{rs_top200,rs_1m_80,momentum_25pct}",1,,,2026-06-22,48.52,,,,0
ELVN,2026-06-11,2026-06-25,unqualified,base_age_0_below_3,"{rs_top200,rs_1m_80}",0,,,2026-06-24,49.94,,,,0
ELVN,2026-06-11,2026-06-26,unqualified,base_age_1_below_3,"{rs_top200,rs_1m_80}",1,,,2026-06-24,49.94,,,,0
ELVN,2026-06-11,2026-06-29,unqualified,base_age_2_below_3,"{rs_top200,rs_1m_80}",2,,,2026-06-24,49.94,,,,0
ELVN,2026-06-11,2026-06-30,unqualified,base_age_1_below_3,"{rs_top200,rs_1m_80}",1,,,2026-06-26,50.45,,,,0
ELVN,2026-06-11,2026-07-01,unqualified,base_age_0_below_3,{rs_1m_80},0,,,2026-06-30,52.39,,,,0
ELVN,2026-06-11,2026-07-02,unqualified,base_age_1_below_3,"{rs_top200,rs_1m_80}",1,,,2026-06-30,52.39,,,,0
IDCC,2026-06-11,2026-06-12,unqualified,base_age_0_below_3,{rs_1m_80},0,,,2026-06-11,298.8,,,,0
IDCC,2026-06-11,2026-06-15,unqualified,base_age_1_below_3,{rs_1m_80},1,,,2026-06-11,298.8,,,,0
IDCC,2026-06-11,2026-06-16,unqualified,base_age_2_below_3,{rs_1m_80},2,,,2026-06-11,298.8,,,,0
IDCC,2026-06-11,2026-06-17,unqualified,runup_20%_below_50%,{rs_1m_80},3,0.1993256803403709,,2026-06-11,298.8,,,,0
IDCC,2026-06-11,2026-06-18,unqualified,runup_20%_below_50%,{rs_1m_80},4,0.1993256803403709,,2026-06-11,298.8,,,,0
IDCC,2026-06-11,2026-06-22,unqualified,runup_20%_below_50%,{rs_1m_80},5,0.1993256803403709,,2026-06-11,298.8,,,,0
NAVN,2026-06-11,2026-06-12,unqualified,base_age_0_below_3,"{magna53_failed_r3,ninem_universe_watch}",0,,,2026-06-11,24.5,,,,0
NAVN,2026-06-11,2026-06-15,unqualified,base_age_1_below_3,"{magna53_failed_r3,ninem_universe_watch}",1,,,2026-06-11,24.5,,,,0
NAVN,2026-06-11,2026-06-16,unqualified,base_age_2_below_3,"{magna53_failed_r3,ninem_universe_watch}",2,,,2026-06-11,24.5,,,,0
NAVN,2026-06-11,2026-06-17,WATCH,runup_202% base_3d close_vs_pivot_-14.3%,"{rs_top200,magna53_failed_r3,ninem_universe_watch}",3,2.0228254164096233,,2026-06-11,24.5,20.913,20.725,,1
NAVN,2026-06-11,2026-06-18,WATCH,runup_202% base_4d close_vs_pivot_-10.6%,"{rs_top200,rs_1m_80,magna53_failed_r3,ninem_universe_watch}",4,2.0228254164096233,,2026-06-11,24.5,20.878,20.8935,,1
NAVN,2026-06-11,2026-06-19,WATCH,runup_193% base_4d close_vs_pivot_-10.6%,{ninem_universe_watch},4,1.9341317365269464,,2026-06-11,24.5,20.878,20.8935,,1
NAVN,2026-06-11,2026-06-22,WATCH,runup_193% base_5d close_vs_pivot_-11.6%,{ninem_universe_watch},5,1.9341317365269464,,2026-06-11,24.5,20.924,21.049,,2
NAVN,2026-06-11,2026-06-23,WATCH,runup_188% base_6d close_vs_pivot_-13.1%,{ninem_universe_watch},6,1.8772753963593658,,2026-06-11,24.5,20.908,21.119,,3
NAVN,2026-06-11,2026-06-24,WATCH,runup_133% base_7d close_vs_pivot_-11.1%,{ninem_universe_watch},7,1.3333333333333335,,2026-06-11,24.5,21.018,21.2515,,3
NAVN,2026-06-11,2026-06-25,WATCH,runup_113% base_8d close_vs_pivot_-11.9%,{ninem_universe_watch},8,1.1285838401390098,,2026-06-11,24.5,21.09,21.343,,3
NAVN,2026-06-11,2026-07-01,unqualified,runup_72%_below_90%,"{rs_top200,rs_1m_80}",12,0.7180925666199158,,2026-06-11,24.5,,,,0
NAVN,2026-06-11,2026-07-02,unqualified,runup_72%_below_90%,"{rs_top200,rs_1m_80}",13,0.7180925666199158,,2026-06-11,24.5,,,,0
AKTS,2026-06-12,2026-06-29,unqualified,adv_416k_below_500k_shares,"{rs_top200,rs_1m_80,momentum_25pct}",,,,,,,,,0
AKTS,2026-06-12,2026-06-30,unqualified,adv_472k_below_500k_shares,"{rs_top200,rs_1m_80,momentum_25pct}",,,,,,,,,0
AKTS,2026-06-12,2026-07-01,unqualified,adv_483k_below_500k_shares,"{rs_top200,rs_1m_80,momentum_25pct}",,,,,,,,,0
AKTS,2026-06-12,2026-07-02,unqualified,base_age_1_below_3,"{rs_top200,rs_1m_80,momentum_25pct}",1,,,2026-06-30,34.1899,,,,0
SHAZ,2026-06-12,2026-06-16,WATCH,runup_306% base_9d close_vs_pivot_-10.8%,"{rs_top200,rs_1m_80,momentum_25pct}",9,3.06235238545111,,2026-06-02,86,69.001,68.18825,,2
SHAZ,2026-06-12,2026-06-17,WATCH,runup_306% base_10d close_vs_pivot_-1.1%,"{rs_top200,rs_1m_80,momentum_25pct}",10,3.06235238545111,,2026-06-02,86,69.497,69.81675,,2
SHAZ,2026-06-12,2026-06-18,unqualified,base_age_0_below_3,"{rs_top200,rs_1m_80,momentum_25pct}",0,,,2026-06-17,97.48,,,,0
SHAZ,2026-06-12,2026-06-22,unqualified,base_age_1_below_3,"{rs_top200,rs_1m_80,momentum_25pct}",1,,,2026-06-17,97.48,,,,0
SHAZ,2026-06-12,2026-06-23,unqualified,base_age_2_below_3,{momentum_25pct},2,,,2026-06-17,97.48,,,,0
SHAZ,2026-06-12,2026-06-24,INVALIDATED,close_83.69_below_base_low_close_84.36,{momentum_25pct},3,3.6046291922531886,,2026-06-17,97.48,78.132,75.3995,,0
SHAZ,2026-06-12,2026-06-25,INVALIDATED,close_80.77_below_base_low_close_83.69,"{rs_top200,momentum_25pct}",4,3.6046291922531886,,2026-06-17,97.48,79.92,76.1535,,0
SHAZ,2026-06-12,2026-06-26,WATCH,runup_157% base_5d close_vs_pivot_-15.8%,"{rs_top200,rs_1m_80,momentum_25pct}",5,1.5693199789140753,,2026-06-17,97.48,80.974,76.515,,2
SHAZ,2026-06-12,2026-06-29,WATCH,runup_157% base_6d close_vs_pivot_-16.9%,"{rs_top200,rs_1m_80}",6,1.5693199789140753,,2026-06-17,97.48,82.842,76.7735,,3
SHAZ,2026-06-12,2026-06-30,WATCH,runup_157% base_7d close_vs_pivot_-13.2%,"{rs_top200,rs_1m_80}",7,1.5693199789140753,,2026-06-17,97.48,84.287,77.029,,3
SHAZ,2026-06-12,2026-07-01,INVALIDATED,close_79.11_below_base_low_close_80.77,"{rs_top200,rs_1m_80}",8,1.5693199789140753,,2026-06-17,97.48,84.53,76.7655,,0
RXT,2026-06-16,2026-06-17,TIGHTENING,runup_788% base_22d close_vs_pivot_-1.6%,"{rs_top200,rs_1m_80,momentum_25pct,ninem_universe_watch,flag_stage_carryforward}",22,7.877799698270859,,2026-05-14,7.65,5.5445,5.20625,WATCH,2
RXT,2026-06-16,2026-06-18,unqualified,base_age_0_below_3,"{rs_top200,rs_1m_80,momentum_25pct,ninem_universe_watch,flag_stage_carryforward}",0,,,2026-06-17,8.6,,,,0
RXT,2026-06-16,2026-06-19,unqualified,base_age_0_below_3,"{ninem_universe_watch,flag_stage_carryforward}",0,,,2026-06-17,8.6,,,,0
RXT,2026-06-16,2026-06-22,unqualified,base_age_1_below_3,"{rs_top200,rs_1m_80,momentum_25pct,ninem_universe_watch,flag_stage_carryforward}",1,,,2026-06-17,8.6,,,,0
RXT,2026-06-16,2026-06-23,unqualified,base_age_2_below_3,"{rs_top200,rs_1m_80,momentum_25pct,ninem_universe_watch}",2,,,2026-06-17,8.6,,,,0
RXT,2026-06-16,2026-06-24,INVALIDATED,close_6.82_below_base_low_close_6.83,"{rs_top200,rs_1m_80,momentum_25pct,ninem_universe_watch}",3,8.980271556226064,,2026-06-17,8.6,6.4125,5.741,,0
RXT,2026-06-16,2026-06-25,INVALIDATED,close_6.36_below_base_low_close_6.82,"{rs_top200,rs_1m_80,ninem_universe_watch}",4,8.980271556226064,,2026-06-17,8.6,6.5200000000000005,5.8275,,0
RXT,2026-06-16,2026-06-26,INVALIDATED,close_5.98_below_base_low_close_6.36,"{rs_top200,rs_1m_80,ninem_universe_watch}",5,5.142857142857143,,2026-06-17,8.6,6.558,5.884,,0
RXT,2026-06-16,2026-06-29,unqualified,flag_low_5.71_below_75%_of_pole_8.60,"{rs_top200,rs_1m_80,ninem_universe_watch}",6,5.142857142857143,,2026-06-17,8.6,6.6715,5.95425,,0
RXT,2026-06-16,2026-06-30,unqualified,flag_low_5.71_below_75%_of_pole_8.60,"{rs_top200,rs_1m_80,ninem_universe_watch}",7,5.142857142857143,,2026-06-17,8.6,6.733,5.98475,,0
RXT,2026-06-16,2026-07-01,unqualified,flag_low_5.71_below_75%_of_pole_8.60,"{rs_top200,rs_1m_80,ninem_universe_watch}",8,5.142857142857143,,2026-06-17,8.6,6.761,6.03675,,0
RXT,2026-06-16,2026-07-06,unqualified,flag_low_5.63_below_75%_of_pole_8.60,{rs_top200},10,5.142857142857143,,2026-06-17,8.6,6.5005,6.104,,0
RXT,2026-06-16,2026-07-07,unqualified,flag_low_5.63_below_75%_of_pole_8.60,{rs_top200},11,5.142857142857143,,2026-06-17,8.6,6.493,6.20675,,0
JBL,2026-06-17,2026-06-18,unqualified,base_age_0_below_3,{magna53_failed_r3},0,,,2026-06-17,428.9322,,,,0
JBL,2026-06-17,2026-06-19,unqualified,base_age_0_below_3,{magna53_failed_r3},0,,,2026-06-17,428.9322,,,,0
JBL,2026-06-17,2026-06-22,unqualified,base_age_1_below_3,{magna53_failed_r3},1,,,2026-06-17,428.9322,,,,0
JBL,2026-06-17,2026-06-23,unqualified,base_age_2_below_3,{magna53_failed_r3},2,,,2026-06-17,428.9322,,,,0
JBL,2026-06-17,2026-06-24,INVALIDATED,close_371.80_below_base_low_close_371.88,{magna53_failed_r3},3,0.7493513326128185,,2026-06-17,428.9322,374.40999999999997,370.4625,,0
LZB,2026-06-17,2026-06-23,unqualified,base_age_2_below_3,{rs_1m_80},2,,,2026-06-17,44.9,,,,0
LZB,2026-06-17,2026-06-24,unqualified,runup_44%_below_50%,{rs_1m_80},3,0.43679999999999986,,2026-06-17,44.9,,,,0
LZB,2026-06-17,2026-06-25,unqualified,runup_44%_below_50%,{rs_1m_80},4,0.43679999999999986,,2026-06-17,44.9,,,,0
LZB,2026-06-17,2026-07-07,unqualified,adr_3.9pct_below_4pct,{rs_1m_80},,,,,,,,,0
QURE,2026-06-17,2026-06-18,unqualified,base_age_0_below_3,"{rs_top200,rs_1m_80,momentum_25pct,ninem_universe_watch}",0,,,2026-06-17,49.7,,,,0
QURE,2026-06-17,2026-06-19,unqualified,base_age_0_below_3,{ninem_universe_watch},0,,,2026-06-17,49.7,,,,0
QURE,2026-06-17,2026-06-22,unqualified,base_age_1_below_3,"{rs_top200,rs_1m_80,momentum_25pct,ninem_universe_watch}",1,,,2026-06-17,49.7,,,,0
QURE,2026-06-17,2026-06-23,unqualified,base_age_2_below_3,"{rs_top200,rs_1m_80,momentum_25pct,ninem_universe_watch}",2,,,2026-06-17,49.7,,,,0
QURE,2026-06-17,2026-06-24,WATCH,runup_276% base_3d close_vs_pivot_-1.7%,"{rs_top200,rs_1m_80,momentum_25pct,ninem_universe_watch}",3,2.7623012869038606,,2026-06-17,49.7,37.28,32.2055,,1
QURE,2026-06-17,2026-06-25,WATCH,runup_276% base_4d close_vs_pivot_-1.2%,"{rs_top200,rs_1m_80,momentum_25pct,ninem_universe_watch}",4,2.7623012869038606,,2026-06-17,49.7,39.507999999999996,33.402,,2
QURE,2026-06-17,2026-06-26,unqualified,pole_49.70_only_70%_of_52w_high_71.50_(not_stage2),"{rs_top200,rs_1m_80,momentum_25pct,ninem_universe_watch}",5,1.9939759036144578,,2026-06-17,49.7,41.577,34.535000000000004,,0
QURE,2026-06-17,2026-06-29,unqualified,pole_49.70_only_70%_of_52w_high_71.50_(not_stage2),"{rs_top200,rs_1m_80,momentum_25pct,ninem_universe_watch}",6,1.9939759036144578,,2026-06-17,49.7,43.559,35.477999999999994,,0
QURE,2026-06-17,2026-06-30,unqualified,pole_49.70_only_70%_of_52w_high_71.50_(not_stage2),"{rs_top200,rs_1m_80,momentum_25pct,ninem_universe_watch}",7,1.9939759036144578,,2026-06-17,49.7,45.378,36.37,,0
QURE,2026-06-17,2026-07-01,unqualified,pole_49.70_only_70%_of_52w_high_71.50_(not_stage2),"{rs_top200,rs_1m_80,ninem_universe_watch}",8,1.9939759036144578,,2026-06-17,49.7,47.196,37.290499999999994,,0
QURE,2026-06-17,2026-07-02,INVALIDATED,close_41.81_below_base_low_close_44.39,"{rs_top200,rs_1m_80}",9,1.9939759036144578,,2026-06-17,49.7,46.561,37.887,,0
QURE,2026-06-17,2026-07-06,INVALIDATED,close_41.36_below_base_low_close_41.81,"{rs_top200,rs_1m_80}",10,1.9939759036144578,,2026-06-17,49.7,46.068,38.5555,,0
QURE,2026-06-17,2026-07-07,unqualified,pole_49.70_only_70%_of_52w_high_71.50_(not_stage2),"{rs_top200,rs_1m_80}",11,1.9939759036144578,,2026-06-17,49.7,45.769999999999996,39.3035,,0
SWBI,2026-06-18,2026-06-22,unqualified,base_age_0_below_3,{rs_1m_80},0,,,2026-06-18,17.5625,,,,0
SWBI,2026-06-18,2026-06-23,unqualified,base_age_1_below_3,{rs_1m_80},1,,,2026-06-18,17.5625,,,,0
SWBI,2026-06-18,2026-07-07,unqualified,runup_29%_below_90%,{rs_1m_80},10,0.28946402349486067,,2026-06-18,17.5625,,,,0
SWBI,2026-06-18,2026-07-08,unqualified,runup_29%_below_90%,{rs_1m_80},11,0.28946402349486067,,2026-06-18,17.5625,,,,0
UUUU,2026-06-18,2026-06-19,unqualified,runup_29%_below_50%,{ninem_universe_watch},24,0.2860665844636252,,2026-05-13,20.86,,,,0
UUUU,2026-06-18,2026-06-22,unqualified,runup_25%_below_50%,{ninem_universe_watch},24,0.24660912453760786,,2026-05-14,20.22,,,,0
UUUU,2026-06-18,2026-06-23,unqualified,runup_23%_below_50%,{ninem_universe_watch},13,0.23206487835308787,,2026-06-02,19.75,,,,0
UUUU,2026-06-18,2026-06-24,unqualified,runup_23%_below_50%,{ninem_universe_watch},14,0.23206487835308787,,2026-06-02,19.75,,,,0
UUUU,2026-06-18,2026-06-25,unqualified,runup_23%_below_50%,{ninem_universe_watch},15,0.23206487835308787,,2026-06-02,19.75,,,,0
UUUU,2026-06-18,2026-06-26,unqualified,runup_23%_below_90%,{ninem_universe_watch},16,0.23206487835308787,,2026-06-02,19.75,,,,0
UUUU,2026-06-18,2026-06-29,unqualified,runup_23%_below_90%,{ninem_universe_watch},17,0.23206487835308787,,2026-06-02,19.75,,,,0
UUUU,2026-06-18,2026-06-30,unqualified,runup_23%_below_90%,{ninem_universe_watch},18,0.23206487835308787,,2026-06-02,19.75,,,,0
UUUU,2026-06-18,2026-07-01,unqualified,runup_23%_below_90%,{ninem_universe_watch},19,0.23206487835308787,,2026-06-02,19.75,,,,0
UUUU,2026-06-18,2026-07-02,unqualified,runup_23%_below_90%,{ninem_universe_watch},20,0.23206487835308787,,2026-06-02,19.75,,,,0
DFTX,2026-06-22,2026-06-23,unqualified,base_age_0_below_3,"{rs_top200,rs_1m_80,momentum_25pct,ninem_universe_watch}",0,,,2026-06-22,39.16,,,,0
DFTX,2026-06-22,2026-06-24,unqualified,base_age_1_below_3,"{rs_top200,rs_1m_80,momentum_25pct,ninem_universe_watch}",1,,,2026-06-22,39.16,,,,0
DFTX,2026-06-22,2026-06-25,unqualified,base_age_0_below_3,"{rs_top200,rs_1m_80,momentum_25pct,ninem_universe_watch}",0,,,2026-06-24,44.535,,,,0
DFTX,2026-06-22,2026-06-26,unqualified,base_age_0_below_3,"{rs_top200,rs_1m_80,momentum_25pct,ninem_universe_watch}",0,,,2026-06-25,47.01,,,,0
DFTX,2026-06-22,2026-06-29,unqualified,base_age_1_below_3,"{rs_top200,rs_1m_80,momentum_25pct,ninem_universe_watch}",1,,,2026-06-25,47.01,,,,0
DFTX,2026-06-22,2026-06-30,unqualified,base_age_2_below_3,"{rs_top200,rs_1m_80,momentum_25pct,ninem_universe_watch}",2,,,2026-06-25,47.01,,,,0
DFTX,2026-06-22,2026-07-01,unqualified,base_age_0_below_3,"{rs_top200,rs_1m_80,momentum_25pct,ninem_universe_watch}",0,,,2026-06-30,49.2,,,,0
DFTX,2026-06-22,2026-07-02,unqualified,base_age_1_below_3,"{rs_top200,rs_1m_80,momentum_25pct,ninem_universe_watch}",1,,,2026-06-30,49.2,,,,0
DFTX,2026-06-22,2026-07-03,unqualified,base_age_1_below_3,{ninem_universe_watch},1,,,2026-06-30,49.2,,,,0
DFTX,2026-06-22,2026-07-06,unqualified,base_age_2_below_3,"{rs_top200,rs_1m_80,ninem_universe_watch}",2,,,2026-06-30,49.2,,,,0
DFTX,2026-06-22,2026-07-07,WATCH,runup_155% base_3d close_vs_pivot_-9.6%,"{rs_top200,rs_1m_80}",3,1.5452664252457322,,2026-06-30,49.2,43.803999999999995,34.481,,2
DFTX,2026-06-22,2026-07-08,WATCH,runup_155% base_4d close_vs_pivot_-7.9%,"{rs_top200,rs_1m_80}",4,1.5452664252457322,,2026-06-30,49.2,44.718,35.596,,2
DFTX,2026-06-22,2026-07-09,WATCH,runup_155% base_5d close_vs_pivot_-1.5%,"{rs_top200,rs_1m_80}",5,1.5452664252457322,,2026-06-30,49.2,45.35,36.870999999999995,,1
DFTX,2026-06-22,2026-07-10,WATCH,runup_155% base_6d close_vs_pivot_-4.3%,"{rs_top200,rs_1m_80}",6,1.5452664252457322,,2026-06-30,49.2,45.577999999999996,38.0625,,2
DFTX,2026-06-22,2026-07-13,WATCH,runup_155% base_7d close_vs_pivot_-11.3%,"{rs_top200,rs_1m_80}",7,1.5452664252457322,,2026-06-30,49.2,45.448,39.0395,,2
MLTX,2026-06-22,2026-06-23,unqualified,base_age_0_below_3,"{rs_top200,rs_1m_80}",0,,,2026-06-22,23.29,,,,0
SYRE,2026-06-22,2026-06-23,unqualified,base_age_0_below_3,"{rs_top200,rs_1m_80,momentum_25pct}",0,,,2026-06-22,101.705,,,,0
SYRE,2026-06-22,2026-06-24,unqualified,base_age_1_below_3,"{rs_top200,rs_1m_80}",1,,,2026-06-22,101.705,,,,0
SYRE,2026-06-22,2026-06-25,unqualified,base_age_2_below_3,"{rs_top200,rs_1m_80}",2,,,2026-06-22,101.705,,,,0
SYRE,2026-06-22,2026-06-26,unqualified,runup_57%_below_90%,"{rs_top200,rs_1m_80}",3,0.5726766661512293,,2026-06-22,101.705,,,,0
SYRE,2026-06-22,2026-06-29,unqualified,runup_57%_below_90%,"{rs_top200,rs_1m_80}",4,0.5726766661512293,,2026-06-22,101.705,,,,0
SYRE,2026-06-22,2026-06-30,unqualified,runup_57%_below_90%,"{rs_top200,rs_1m_80}",5,0.5726766661512293,,2026-06-22,101.705,,,,0
SYRE,2026-06-22,2026-07-01,unqualified,runup_57%_below_90%,"{rs_top200,rs_1m_80}",6,0.5726766661512293,,2026-06-22,101.705,,,,0
SYRE,2026-06-22,2026-07-07,unqualified,runup_57%_below_90%,"{rs_top200,rs_1m_80}",9,0.5726766661512293,,2026-06-22,101.705,,,,0
SYRE,2026-06-22,2026-07-08,unqualified,runup_57%_below_90%,{rs_top200},10,0.5726766661512293,,2026-06-22,101.705,,,,0
SYRE,2026-06-22,2026-07-09,unqualified,runup_57%_below_90%,"{rs_top200,rs_1m_80}",11,0.5726766661512293,,2026-06-22,101.705,,,,0
SYRE,2026-06-22,2026-07-10,unqualified,runup_57%_below_90%,"{rs_top200,rs_1m_80}",12,0.5726766661512293,,2026-06-22,101.705,,,,0
ABSI,2026-06-24,2026-06-25,unqualified,base_age_0_below_3,"{rs_top200,rs_1m_80,momentum_25pct,ninem_universe_watch}",0,,,2026-06-24,11,,,,0
ABSI,2026-06-24,2026-06-26,unqualified,base_age_1_below_3,"{rs_top200,rs_1m_80,momentum_25pct,ninem_universe_watch}",1,,,2026-06-24,11,,,,0
ABSI,2026-06-24,2026-06-29,unqualified,base_age_0_below_3,"{rs_top200,rs_1m_80,momentum_25pct,ninem_universe_watch}",0,,,2026-06-26,11.36,,,,0
ABSI,2026-06-24,2026-06-30,unqualified,base_age_0_below_3,"{rs_top200,rs_1m_80,momentum_25pct,ninem_universe_watch}",0,,,2026-06-29,12.055,,,,0
ABSI,2026-06-24,2026-07-01,unqualified,base_age_1_below_3,"{rs_top200,rs_1m_80,momentum_25pct,ninem_universe_watch}",1,,,2026-06-29,12.055,,,,0
ABSI,2026-06-24,2026-07-02,unqualified,base_age_2_below_3,"{rs_top200,rs_1m_80,momentum_25pct,ninem_universe_watch}",2,,,2026-06-29,12.055,,,,0
ABSI,2026-06-24,2026-07-03,unqualified,base_age_2_below_3,{ninem_universe_watch},2,,,2026-06-29,12.055,,,,0
ABSI,2026-06-24,2026-07-06,WATCH,runup_168% base_3d close_vs_pivot_-4.3%,"{rs_top200,rs_1m_80,momentum_25pct,ninem_universe_watch}",3,1.6848552338530065,,2026-06-29,12.055,10.4195,8.62625,,2
ABSI,2026-06-24,2026-07-07,WATCH,runup_168% base_4d close_vs_pivot_-6.0%,"{rs_top200,rs_1m_80,momentum_25pct,ninem_universe_watch}",4,1.6848552338530065,,2026-06-29,12.055,10.7125,8.87275,,2
ABSI,2026-06-24,2026-07-08,INVALIDATED,close_11.10_below_base_low_close_11.11,"{rs_top200,rs_1m_80,ninem_universe_watch}",5,1.6848552338530065,,2026-06-29,12.055,11.0815,9.100249999999999,,0
ABSI,2026-06-24,2026-07-09,WATCH,runup_168% base_6d close_vs_pivot_-4.9%,"{rs_top200,rs_1m_80}",6,1.6848552338530065,,2026-06-29,12.055,11.221,9.33225,,3
ABSI,2026-06-24,2026-07-10,INVALIDATED,close_10.60_below_base_low_close_11.10,"{rs_top200,rs_1m_80}",7,1.6848552338530065,,2026-06-29,12.055,11.26,9.54325,,0
ABSI,2026-06-24,2026-07-13,INVALIDATED,close_10.21_below_base_low_close_10.60,"{rs_top200,rs_1m_80}",8,1.6848552338530065,,2026-06-29,12.055,11.192,9.72825,,0
ABSI,2026-06-24,2026-07-14,TIGHTENING,range_1.22 vol_0.91 fresh,"{rs_top200,rs_1m_80}",9,1.6848552338530065,,2026-06-29,12.055,11.08,9.899750000000001,,3
ABSI,2026-06-24,2026-07-15,INVALIDATED,close_9.76_below_base_low_close_10.21,{flag_stage_carryforward},10,1.6848552338530065,,2026-06-29,12.055,10.897,10.02425,,0
FCEL,2026-06-24,2026-06-25,INVALIDATED,close_19.65_below_sma20_20.26,{ninem_universe_watch},20,3.4841943319838062,,2026-05-26,27.6899,20.338,20.256,,0
FCEL,2026-06-24,2026-06-26,unqualified,flag_low_15.06_below_75%_of_pole_27.69,"{rs_top200,rs_1m_80,momentum_25pct,ninem_universe_watch}",21,3.4841943319838062,,2026-05-26,27.6899,20.969,20.2365,,0
FCEL,2026-06-24,2026-06-29,unqualified,flag_low_15.06_below_75%_of_pole_27.69,"{rs_top200,rs_1m_80,momentum_25pct,ninem_universe_watch}",22,3.4841943319838062,,2026-05-26,27.6899,22.255000000000003,20.6435,,0
FCEL,2026-06-24,2026-06-30,unqualified,base_age_0_below_3,"{rs_top200,rs_1m_80,momentum_25pct,ninem_universe_watch}",0,,,2026-06-29,30.8,,,,0
FCEL,2026-06-24,2026-07-01,unqualified,base_age_0_below_3,"{rs_top200,rs_1m_80,momentum_25pct,ninem_universe_watch}",0,,,2026-06-30,37.88,,,,0
FCEL,2026-06-24,2026-07-02,unqualified,base_age_1_below_3,"{rs_top200,rs_1m_80,momentum_25pct,ninem_universe_watch}",1,,,2026-06-30,37.88,,,,0
FCEL,2026-06-24,2026-07-03,unqualified,base_age_1_below_3,{ninem_universe_watch},1,,,2026-06-30,37.88,,,,0
FCEL,2026-06-24,2026-07-06,unqualified,base_age_2_below_3,"{rs_top200,rs_1m_80,momentum_25pct,ninem_universe_watch}",2,,,2026-06-30,37.88,,,,0
FCEL,2026-06-24,2026-07-07,INVALIDATED,close_25.96_below_base_low_close_28.11,"{rs_top200,rs_1m_80,momentum_25pct,ninem_universe_watch}",3,2.2320819112627985,,2026-06-30,37.88,26.852999999999998,22.904,,0
FCEL,2026-06-24,2026-07-08,INVALIDATED,close_22.54_below_base_low_close_25.96,"{rs_top200,rs_1m_80,ninem_universe_watch}",4,2.2320819112627985,,2026-06-30,37.88,26.925,23.256,,0
FCEL,2026-06-24,2026-07-09,INVALIDATED,close_23.00_below_sma20_23.53,{ninem_universe_watch},5,2.2320819112627985,,2026-06-30,37.88,27.069,23.5315,,0
FCEL,2026-06-24,2026-07-10,INVALIDATED,close_21.03_below_base_low_close_22.54,{ninem_universe_watch},6,2.2320819112627985,,2026-06-30,37.88,27.207,23.7725,,0
FCEL,2026-06-24,2026-07-13,INVALIDATED,close_19.08_below_base_low_close_21.03,{ninem_universe_watch},7,2.2320819112627985,,2026-06-30,37.88,26.714999999999996,23.842,,0
FCEL,2026-06-24,2026-07-14,INVALIDATED,close_21.35_below_sma20_24.06,{ninem_universe_watch},8,2.2320819112627985,,2026-06-30,37.88,25.869999999999997,24.0625,,0
FCEL,2026-06-24,2026-07-15,INVALIDATED,close_20.25_below_sma20_24.20,{ninem_universe_watch},9,2.2320819112627985,,2026-06-30,37.88,24.294,24.2,,0
MU,2026-06-25,2026-06-26,unqualified,base_age_0_below_3,"{rs_top200,rs_1m_80}",0,,,2026-06-25,1255,,,,0
MU,2026-06-25,2026-06-29,unqualified,base_age_1_below_3,"{rs_top200,rs_1m_80}",1,,,2026-06-25,1255,,,,0
MU,2026-06-25,2026-06-30,unqualified,base_age_2_below_3,"{rs_top200,rs_1m_80}",2,,,2026-06-25,1255,,,,0
MU,2026-06-25,2026-07-01,unqualified,flagpole_no_volume_confirmation_grinder,"{rs_top200,rs_1m_80}",3,1.4971397303884992,,2026-06-25,1255,,,,0
SNX,2026-06-25,2026-06-26,unqualified,base_age_2_below_3,{flag_stage_carryforward},2,,,2026-06-23,294.98,,,,0
ACAD,2026-06-26,2026-06-29,unqualified,adr_3.4pct_below_4pct,{rs_1m_80},,,,,,,,,0
ACAD,2026-06-26,2026-06-30,unqualified,adr_3.4pct_below_4pct,{rs_1m_80},,,,,,,,,0
ACAD,2026-06-26,2026-07-01,unqualified,adr_3.4pct_below_4pct,{rs_1m_80},,,,,,,,,0
ACAD,2026-06-26,2026-07-02,unqualified,adr_3.4pct_below_4pct,{rs_1m_80},,,,,,,,,0
ACAD,2026-06-26,2026-07-06,unqualified,adr_3.5pct_below_4pct,{rs_1m_80},,,,,,,,,0
ACAD,2026-06-26,2026-07-07,unqualified,adr_3.5pct_below_4pct,{rs_1m_80},,,,,,,,,0
ACAD,2026-06-26,2026-07-08,unqualified,adr_3.5pct_below_4pct,{rs_1m_80},,,,,,,,,0
ACAD,2026-06-26,2026-07-09,unqualified,adr_3.6pct_below_4pct,{rs_1m_80},,,,,,,,,0
ACAD,2026-06-26,2026-07-10,unqualified,adr_3.5pct_below_4pct,{rs_1m_80},,,,,,,,,0
ACAD,2026-06-26,2026-07-13,unqualified,adr_3.5pct_below_4pct,{rs_1m_80},,,,,,,,,0
ACAD,2026-06-26,2026-07-14,unqualified,adr_3.5pct_below_4pct,{rs_1m_80},,,,,,,,,0
ACAD,2026-06-26,2026-07-15,unqualified,adr_3.6pct_below_4pct,{rs_1m_80},,,,,,,,,0
AVAV,2026-06-30,2026-07-01,unqualified,runup_40%_below_90%,"{momentum_25pct,ninem_universe_watch}",22,0.3959615384615385,,2026-05-28,217.77,,,,0
AVAV,2026-06-30,2026-07-02,unqualified,runup_40%_below_90%,"{momentum_25pct,ninem_universe_watch}",23,0.3959615384615385,,2026-05-28,217.77,,,,0
AVAV,2026-06-30,2026-07-03,unqualified,runup_40%_below_90%,{ninem_universe_watch},23,0.3959615384615385,,2026-05-28,217.77,,,,0
AVAV,2026-06-30,2026-07-06,unqualified,runup_40%_below_90%,"{momentum_25pct,ninem_universe_watch}",24,0.3959615384615385,,2026-05-28,217.77,,,,0
AVAV,2026-06-30,2026-07-07,unqualified,runup_39%_below_90%,{ninem_universe_watch},24,0.3863782051282052,,2026-05-29,216.275,,,,0
AVAV,2026-06-30,2026-07-08,unqualified,runup_34%_below_90%,{ninem_universe_watch},24,0.33935897435897444,,2026-06-01,208.94,,,,0
AVAV,2026-06-30,2026-07-09,unqualified,runup_29%_below_90%,{ninem_universe_watch},23,0.2917307692307691,,2026-06-03,201.51,,,,0
AVAV,2026-06-30,2026-07-10,unqualified,runup_29%_below_90%,{ninem_universe_watch},24,0.2917307692307691,,2026-06-03,201.51,,,,0
AVAV,2026-06-30,2026-07-13,unqualified,runup_32%_below_90%,{ninem_universe_watch},24,0.3176410256410256,,2026-06-04,205.552,,,,0
AVAV,2026-06-30,2026-07-14,unqualified,runup_48%_below_90%,{ninem_universe_watch},6,0.4821005917159764,,2026-07-02,200.38,,,,0
WULF,2026-07-06,2026-07-08,unqualified,runup_52%_below_90%,{ninem_universe_watch},11,0.5160960654062341,,2026-06-18,29.67,,,,0
WULF,2026-07-06,2026-07-09,unqualified,runup_52%_below_90%,{ninem_universe_watch},12,0.5160960654062341,,2026-06-18,29.67,,,,0
WULF,2026-07-06,2026-07-10,unqualified,runup_52%_below_90%,{ninem_universe_watch},13,0.5160960654062341,,2026-06-18,29.67,,,,0
WULF,2026-07-06,2026-07-13,unqualified,runup_52%_below_90%,{ninem_universe_watch},14,0.5160960654062341,,2026-06-18,29.67,,,,0
WULF,2026-07-06,2026-07-14,unqualified,runup_52%_below_90%,{ninem_universe_watch},15,0.5160960654062341,,2026-06-18,29.67,,,,0
WULF,2026-07-06,2026-07-15,unqualified,runup_52%_below_90%,{ninem_universe_watch},16,0.5160960654062341,,2026-06-18,29.67,,,,0
WULF,2026-07-06,2026-07-16,unqualified,runup_52%_below_90%,{ninem_universe_watch},17,0.5160960654062341,,2026-06-18,29.67,,,,0
WULF,2026-07-06,2026-07-17,unqualified,runup_52%_below_90%,{ninem_universe_watch},18,0.5160960654062341,,2026-06-18,29.67,,,,0
WULF,2026-07-06,2026-07-20,unqualified,runup_52%_below_90%,{ninem_universe_watch},19,0.5160960654062341,,2026-06-18,29.67,,,,0
WULF,2026-07-06,2026-07-21,unqualified,runup_52%_below_90%,{ninem_universe_watch},20,0.5160960654062341,,2026-06-18,29.67,,,,0
WULF,2026-07-06,2026-07-22,unqualified,runup_52%_below_90%,{ninem_universe_watch},21,0.5160960654062341,,2026-06-18,29.67,,,,0
PENG,2026-07-08,2026-07-09,unqualified,base_age_0_below_3,"{rs_top200,rs_1m_80,momentum_25pct,ninem_universe_watch}",0,,,2026-07-08,80,,,,0
PENG,2026-07-08,2026-07-10,unqualified,base_age_0_below_3,"{rs_top200,rs_1m_80,momentum_25pct,ninem_universe_watch}",0,,,2026-07-09,89.86,,,,0
PENG,2026-07-08,2026-07-13,unqualified,base_age_1_below_3,"{rs_top200,rs_1m_80,momentum_25pct,ninem_universe_watch}",1,,,2026-07-09,89.86,,,,0
PENG,2026-07-08,2026-07-14,unqualified,base_age_2_below_3,"{rs_top200,rs_1m_80,momentum_25pct,ninem_universe_watch}",2,,,2026-07-09,89.86,,,,0
PENG,2026-07-08,2026-07-15,INVALIDATED,close_72.85_below_base_low_close_77.21,"{rs_top200,rs_1m_80,ninem_universe_watch}",3,1.2623363544813695,,2026-07-09,89.86,72.67699999999999,69.33,,0
PENG,2026-07-08,2026-07-16,INVALIDATED,close_65.97_below_base_low_close_72.85,{ninem_universe_watch},4,1.2623363544813695,,2026-07-09,89.86,72.393,69.6095,,0
PENG,2026-07-08,2026-07-17,INVALIDATED,close_60.41_below_base_low_close_65.97,{ninem_universe_watch},5,1.2623363544813695,,2026-07-09,89.86,72.287,69.646,,0
PENG,2026-07-08,2026-07-20,INVALIDATED,close_53.23_below_base_low_close_60.41,{ninem_universe_watch},6,1.2623363544813695,,2026-07-09,89.86,70.839,68.95,,0
PENG,2026-07-08,2026-07-21,INVALIDATED,close_58.10_below_sma20_68.46,{ninem_universe_watch},7,1.2623363544813695,,2026-07-09,89.86,70.378,68.458,,0
PENG,2026-07-08,2026-07-22,INVALIDATED,close_59.20_below_sma20_68.07,{ninem_universe_watch},8,1.2623363544813695,,2026-07-09,89.86,68.451,68.07,,0
PENG,2026-07-08,2026-07-23,INVALIDATED,close_58.41_below_sma20_67.75,{ninem_universe_watch},9,1.2623363544813695,,2026-07-09,89.86,66.15299999999999,67.7545,,0
PENG,2026-07-08,2026-07-24,INVALIDATED,close_53.85_below_sma20_67.11,{ninem_universe_watch},10,1.2623363544813695,,2026-07-09,89.86,63.702999999999996,67.1085,,0
PENG,2026-07-08,2026-07-27,INVALIDATED,close_52.49_below_base_low_close_53.23,{ninem_universe_watch},11,1.2623363544813695,,2026-07-09,89.86,61.230999999999995,66.619,,0
PENG,2026-07-08,2026-07-28,INVALIDATED,close_48.13_below_base_low_close_52.49,{ninem_universe_watch},12,1.2623363544813695,,2026-07-09,89.86,58.263999999999996,65.6285,,0
PENG,2026-07-08,2026-07-29,INVALIDATED,close_43.70_below_base_low_close_48.13,{ninem_universe_watch},13,1.2623363544813695,,2026-07-09,89.86,55.349000000000004,64.013,,0
CRCL,2026-07-10,2026-07-13,unqualified,runup_13%_below_90%,{ninem_universe_watch},24,0.12505910165484657,,2026-06-04,95.18,,,,0
CRCL,2026-07-10,2026-07-14,unqualified,runup_12%_below_90%,{ninem_universe_watch},24,0.12370871062364497,,2026-06-05,88.11,,,,0
CRCL,2026-07-10,2026-07-15,unqualified,runup_12%_below_90%,{ninem_universe_watch},19,0.1248550444530343,,2026-06-15,87.3,,,,0
CRCL,2026-07-10,2026-07-16,unqualified,runup_12%_below_90%,{ninem_universe_watch},20,0.1248550444530343,,2026-06-15,87.3,,,,0
CRCL,2026-07-10,2026-07-17,unqualified,runup_12%_below_90%,{ninem_universe_watch},21,0.1248550444530343,,2026-06-15,87.3,,,,0
CRCL,2026-07-10,2026-07-20,unqualified,runup_12%_below_90%,{ninem_universe_watch},22,0.1248550444530343,,2026-06-15,87.3,,,,0
CRCL,2026-07-10,2026-07-21,unqualified,runup_12%_below_90%,"{rs_1m_80,ninem_universe_watch}",23,0.1248550444530343,,2026-06-15,87.3,,,,0
CRCL,2026-07-10,2026-07-22,unqualified,runup_12%_below_90%,"{rs_1m_80,ninem_universe_watch}",24,0.1248550444530343,,2026-06-15,87.3,,,,0
CRCL,2026-07-10,2026-07-23,unqualified,runup_10%_below_90%,{ninem_universe_watch},23,0.09831207318644508,,2026-06-17,85.24,,,,0
CRCL,2026-07-10,2026-07-24,unqualified,runup_10%_below_90%,{ninem_universe_watch},24,0.09831207318644508,,2026-06-17,85.24,,,,0
CRCL,2026-07-10,2026-07-27,unqualified,runup_10%_below_90%,{ninem_universe_watch},23,0.10437272254034347,,2026-06-22,84.86,,,,0
CRCL,2026-07-10,2026-07-28,unqualified,runup_10%_below_90%,{ninem_universe_watch},24,0.10437272254034347,,2026-06-22,84.86,,,,0
CRCL,2026-07-10,2026-07-29,unqualified,runup_5%_below_90%,{ninem_universe_watch},24,0.047113788487282315,,2026-06-23,78.2194,,,,0
CRCL,2026-07-10,2026-07-30,unqualified,runup_8%_below_90%,{ninem_universe_watch},24,0.07892107892107902,,2026-06-24,75.6,,,,0
CRCL,2026-07-10,2026-07-31,unqualified,runup_13%_below_90%,{ninem_universe_watch},22,0.13040896608030894,,2026-06-29,76.15,,,,0
WDFC,2026-07-10,2026-07-13,unqualified,adv_227k_below_500k_shares,{rs_1m_80},,,,,,,,,0
WDFC,2026-07-10,2026-07-14,unqualified,adv_225k_below_500k_shares,{rs_1m_80},,,,,,,,,0
CLSK,2026-07-14,2026-07-15,unqualified,runup_71%_below_90%,{ninem_universe_watch},15,0.7115902964959568,,2026-06-22,19.05,,,,0
CLSK,2026-07-14,2026-07-16,unqualified,runup_71%_below_90%,{ninem_universe_watch},16,0.7115902964959568,,2026-06-22,19.05,,,,0
CLSK,2026-07-14,2026-07-17,unqualified,runup_71%_below_90%,{ninem_universe_watch},17,0.7115902964959568,,2026-06-22,19.05,,,,0
CLSK,2026-07-14,2026-07-20,unqualified,runup_71%_below_90%,{ninem_universe_watch},18,0.7115902964959568,,2026-06-22,19.05,,,,0
CLSK,2026-07-14,2026-07-21,unqualified,runup_71%_below_90%,{ninem_universe_watch},19,0.7115902964959568,,2026-06-22,19.05,,,,0
CLSK,2026-07-14,2026-07-22,unqualified,runup_71%_below_90%,"{rs_1m_80,ninem_universe_watch}",20,0.7115902964959568,,2026-06-22,19.05,,,,0
CLSK,2026-07-14,2026-07-23,unqualified,runup_71%_below_90%,"{rs_1m_80,momentum_25pct,ninem_universe_watch}",21,0.7115902964959568,,2026-06-22,19.05,,,,0
CLSK,2026-07-14,2026-07-24,unqualified,runup_71%_below_90%,"{rs_1m_80,ninem_universe_watch}",22,0.7115902964959568,,2026-06-22,19.05,,,,0
CLSK,2026-07-14,2026-07-27,unqualified,runup_71%_below_90%,{ninem_universe_watch},23,0.7115902964959568,,2026-06-22,19.05,,,,0
CLSK,2026-07-14,2026-07-28,unqualified,runup_71%_below_90%,"{rs_1m_80,ninem_universe_watch}",24,0.7115902964959568,,2026-06-22,19.05,,,,0
CLSK,2026-07-14,2026-07-29,unqualified,runup_66%_below_90%,{ninem_universe_watch},24,0.6648697214734951,,2026-06-23,18.53,,,,0
CLSK,2026-07-14,2026-07-30,unqualified,runup_60%_below_90%,"{rs_1m_80,ninem_universe_watch}",24,0.604672057502246,,2026-06-24,17.86,,,,0
CLSK,2026-07-14,2026-07-31,unqualified,runup_53%_below_90%,"{rs_1m_80,ninem_universe_watch}",24,0.5332434860736748,,2026-06-25,17.065,,,,0
CLSK,2026-07-14,2026-08-04,unqualified,runup_40%_below_90%,{ninem_universe_watch},24,0.39851485148514865,,2026-06-29,16.95,,,,0
TSEM,2026-07-14,2026-07-23,unqualified,runup_74%_below_90%,{rs_1m_80},21,0.7374823503855763,,2026-06-22,319.94,,,,0
TSEM,2026-07-14,2026-07-24,unqualified,runup_74%_below_90%,{rs_1m_80},22,0.7374823503855763,,2026-06-22,319.94,,,,0
TSEM,2026-07-14,2026-08-04,unqualified,runup_37%_below_90%,{momentum_25pct},14,0.37253232213433796,,2026-07-14,274,,,,0
AEHR,2026-07-15,2026-07-16,unqualified,runup_65%_below_90%,"{momentum_25pct,ninem_universe_watch}",20,0.6506300995566425,,2026-06-15,126.62,,,,0
AEHR,2026-07-15,2026-07-17,unqualified,runup_65%_below_90%,{ninem_universe_watch},21,0.6506300995566425,,2026-06-15,126.62,,,,0
AEHR,2026-07-15,2026-07-20,unqualified,runup_65%_below_90%,{ninem_universe_watch},22,0.6506300995566425,,2026-06-15,126.62,,,,0
AEHR,2026-07-15,2026-07-21,unqualified,runup_65%_below_90%,"{momentum_25pct,ninem_universe_watch}",23,0.6506300995566425,,2026-06-15,126.62,,,,0
AEHR,2026-07-15,2026-07-22,unqualified,runup_65%_below_90%,"{rs_top200,rs_1m_80,momentum_25pct,ninem_universe_watch}",24,0.6506300995566425,,2026-06-15,126.62,,,,0
AEHR,2026-07-15,2026-07-23,unqualified,runup_61%_below_90%,"{rs_1m_80,momentum_25pct,ninem_universe_watch}",23,0.6096967674400113,,2026-06-17,123.48,,,,0
AEHR,2026-07-15,2026-07-24,unqualified,runup_61%_below_90%,"{rs_1m_80,ninem_universe_watch}",24,0.6096967674400113,,2026-06-17,123.48,,,,0
AEHR,2026-07-15,2026-07-27,unqualified,runup_58%_below_90%,"{rs_1m_80,ninem_universe_watch}",24,0.5780190613752296,,2026-06-18,121.05,,,,0
AEHR,2026-07-15,2026-07-28,unqualified,runup_53%_below_90%,{ninem_universe_watch},24,0.5295247953007491,,2026-06-22,117.33,,,,0
AEHR,2026-07-15,2026-07-29,unqualified,runup_74%_below_90%,{ninem_universe_watch},9,0.7403663929248263,,2026-07-15,110.2,,,,0
AEHR,2026-07-15,2026-07-31,unqualified,runup_74%_below_90%,{rs_1m_80},11,0.7403663929248263,,2026-07-15,110.2,,,,0
AEHR,2026-07-15,2026-08-04,unqualified,runup_74%_below_90%,"{rs_1m_80,momentum_25pct}",13,0.7403663929248263,,2026-07-15,110.2,,,,0
AEHR,2026-07-15,2026-08-05,unqualified,runup_74%_below_90%,"{rs_1m_80,momentum_25pct}",14,0.7403663929248263,,2026-07-15,110.2,,,,0
HUT,2026-07-20,2026-07-21,unqualified,runup_87%_below_90%,{ninem_universe_watch},19,0.8741702741702742,,2026-06-22,129.88,,,,0
HUT,2026-07-20,2026-07-22,unqualified,runup_87%_below_90%,"{rs_top200,ninem_universe_watch}",20,0.8741702741702742,,2026-06-22,129.88,,,,0
HUT,2026-07-20,2026-07-23,unqualified,runup_87%_below_90%,"{rs_top200,rs_1m_80,momentum_25pct,ninem_universe_watch}",21,0.8741702741702742,,2026-06-22,129.88,,,,0
HUT,2026-07-20,2026-07-24,unqualified,runup_87%_below_90%,"{rs_top200,rs_1m_80,ninem_universe_watch}",22,0.8741702741702742,,2026-06-22,129.88,,,,0
HUT,2026-07-20,2026-07-27,unqualified,runup_87%_below_90%,{ninem_universe_watch},23,0.8741702741702742,,2026-06-22,129.88,,,,0
HUT,2026-07-20,2026-07-28,unqualified,runup_87%_below_90%,{ninem_universe_watch},24,0.8741702741702742,,2026-06-22,129.88,,,,0
HUT,2026-07-20,2026-07-29,unqualified,runup_69%_below_90%,{ninem_universe_watch},20,0.6883644859813083,,2026-06-29,126.4585,,,,0
HUT,2026-07-20,2026-07-30,unqualified,runup_69%_below_90%,{ninem_universe_watch},21,0.6883644859813083,,2026-06-29,126.4585,,,,0
HUT,2026-07-20,2026-07-31,unqualified,runup_69%_below_90%,{ninem_universe_watch},22,0.6883644859813083,,2026-06-29,126.4585,,,,0
IREN,2026-07-20,2026-07-23,unqualified,runup_46%_below_90%,{rs_1m_80},22,0.45771144278606957,,2026-06-18,61.53,,,,0
IREN,2026-07-20,2026-07-30,unqualified,runup_30%_below_90%,{momentum_25pct},24,0.2980336413172233,,2026-06-24,54.79,,,,0
IREN,2026-07-20,2026-07-31,unqualified,runup_24%_below_90%,{momentum_25pct},24,0.23880597014925375,,2026-06-25,52.29,,,,0
IREN,2026-07-20,2026-08-04,unqualified,runup_12%_below_90%,{momentum_25pct},24,0.11600136705399855,,2026-06-29,48.9813,,,,0
IREN,2026-07-20,2026-08-05,unqualified,runup_7%_below_90%,{momentum_25pct},24,0.06539074960127578,,2026-06-30,46.76,,,,0
IREN,2026-07-20,2026-08-06,unqualified,runup_19%_below_90%,{momentum_25pct},22,0.19410249601699436,,2026-07-06,44.9699,,,,0
IREN,2026-07-20,2026-08-07,unqualified,runup_19%_below_90%,"{rs_1m_80,momentum_25pct}",23,0.19410249601699436,,2026-07-06,44.9699,,,,0
IREN,2026-07-20,2026-08-10,unqualified,runup_19%_below_90%,{momentum_25pct},24,0.19410249601699436,,2026-07-06,44.9699,,,,0
HAS,2026-07-21,2026-07-22,unqualified,adr_2.9pct_below_4pct,"{rs_1m_80,ninem_universe_watch}",,,,,,,,,0
HAS,2026-07-21,2026-07-23,unqualified,adr_2.9pct_below_4pct,"{rs_1m_80,ninem_universe_watch}",,,,,,,,,0
HAS,2026-07-21,2026-07-24,unqualified,adr_2.9pct_below_4pct,"{rs_1m_80,ninem_universe_watch}",,,,,,,,,0
HAS,2026-07-21,2026-07-27,unqualified,adr_2.9pct_below_4pct,"{rs_1m_80,ninem_universe_watch}",,,,,,,,,0
HAS,2026-07-21,2026-07-28,unqualified,adr_3.0pct_below_4pct,"{rs_1m_80,ninem_universe_watch}",,,,,,,,,0
HAS,2026-07-21,2026-07-29,unqualified,adr_3.0pct_below_4pct,"{rs_1m_80,ninem_universe_watch}",,,,,,,,,0
HAS,2026-07-21,2026-07-30,unqualified,adr_3.0pct_below_4pct,"{rs_1m_80,ninem_universe_watch}",,,,,,,,,0
HAS,2026-07-21,2026-07-31,unqualified,adr_2.9pct_below_4pct,"{rs_1m_80,ninem_universe_watch}",,,,,,,,,0
HAS,2026-07-21,2026-08-04,unqualified,adr_2.9pct_below_4pct,"{rs_1m_80,ninem_universe_watch}",,,,,,,,,0
HAS,2026-07-21,2026-08-05,unqualified,adr_3.0pct_below_4pct,{rs_1m_80},,,,,,,,,0
HAS,2026-07-21,2026-08-06,unqualified,adr_3.0pct_below_4pct,{rs_1m_80},,,,,,,,,0
HAS,2026-07-21,2026-08-07,unqualified,adr_2.9pct_below_4pct,{rs_1m_80},,,,,,,,,0
HAS,2026-07-21,2026-08-10,unqualified,adr_2.9pct_below_4pct,{rs_1m_80},,,,,,,,,0
ARWR,2026-07-22,2026-07-23,unqualified,base_age_0_below_3,"{rs_top200,ninem_universe_watch}",0,,,2026-07-22,95.4899,,,,0
ARWR,2026-07-22,2026-07-24,unqualified,base_age_1_below_3,{ninem_universe_watch},1,,,2026-07-22,95.4899,,,,0
ARWR,2026-07-22,2026-07-27,unqualified,base_age_2_below_3,{ninem_universe_watch},2,,,2026-07-22,95.4899,,,,0
ARWR,2026-07-22,2026-07-28,unqualified,runup_38%_below_90%,{ninem_universe_watch},3,0.377920634920635,,2026-07-22,95.4899,,,,0
ARWR,2026-07-22,2026-07-29,unqualified,runup_38%_below_90%,{ninem_universe_watch},4,0.377920634920635,,2026-07-22,95.4899,,,,0
ARWR,2026-07-22,2026-07-30,unqualified,runup_38%_below_90%,{ninem_universe_watch},5,0.377920634920635,,2026-07-22,95.4899,,,,0
ARWR,2026-07-22,2026-07-31,unqualified,runup_38%_below_90%,"{rs_1m_80,ninem_universe_watch}",6,0.377920634920635,,2026-07-22,95.4899,,,,0
ARWR,2026-07-22,2026-08-04,unqualified,runup_38%_below_90%,"{rs_top200,rs_1m_80,ninem_universe_watch}",8,0.377920634920635,,2026-07-22,95.4899,,,,0
ARWR,2026-07-22,2026-08-05,unqualified,runup_38%_below_90%,"{rs_top200,rs_1m_80,ninem_universe_watch}",9,0.377920634920635,,2026-07-22,95.4899,,,,0
ARWR,2026-07-22,2026-08-06,unqualified,runup_38%_below_90%,"{rs_top200,rs_1m_80}",10,0.377920634920635,,2026-07-22,95.4899,,,,0
ARWR,2026-07-22,2026-08-07,unqualified,runup_38%_below_90%,"{rs_top200,rs_1m_80}",11,0.377920634920635,,2026-07-22,95.4899,,,,0
ARWR,2026-07-22,2026-08-10,unqualified,runup_38%_below_90%,"{rs_top200,rs_1m_80}",12,0.377920634920635,,2026-07-22,95.4899,,,,0
ARWR,2026-07-22,2026-08-11,unqualified,runup_38%_below_90%,"{rs_top200,rs_1m_80}",13,0.377920634920635,,2026-07-22,95.4899,,,,0
SMCI,2026-07-22,2026-07-23,unqualified,runup_45%_below_90%,"{rs_1m_80,momentum_25pct,ninem_universe_watch}",21,0.4454045561665356,,2026-06-22,36.8,,,,0
SMCI,2026-07-22,2026-07-24,unqualified,runup_45%_below_90%,"{rs_1m_80,momentum_25pct,ninem_universe_watch}",22,0.4454045561665356,,2026-06-22,36.8,,,,0
SMCI,2026-07-22,2026-07-27,unqualified,runup_45%_below_90%,"{rs_1m_80,momentum_25pct,ninem_universe_watch}",23,0.4454045561665356,,2026-06-22,36.8,,,,0
SMCI,2026-07-22,2026-07-28,unqualified,runup_45%_below_90%,"{rs_1m_80,ninem_universe_watch}",24,0.4454045561665356,,2026-06-22,36.8,,,,0
SMCI,2026-07-22,2026-07-29,unqualified,runup_35%_below_90%,{ninem_universe_watch},24,0.35153181461115457,,2026-06-23,34.41,,,,0
SMCI,2026-07-22,2026-07-30,unqualified,runup_33%_below_90%,{ninem_universe_watch},24,0.3346425765907304,,2026-06-24,33.98,,,,0
SMCI,2026-07-22,2026-07-31,unqualified,runup_32%_below_90%,{ninem_universe_watch},24,0.3228593872741554,,2026-06-25,33.68,,,,0
SMCI,2026-07-22,2026-08-04,unqualified,runup_38%_below_90%,"{rs_1m_80,ninem_universe_watch}",8,0.3808554319931565,,2026-07-22,32.2844,,,,0
SMCI,2026-07-22,2026-08-05,unqualified,runup_38%_below_90%,"{rs_1m_80,ninem_universe_watch}",9,0.3808554319931565,,2026-07-22,32.2844,,,,0
SMCI,2026-07-22,2026-08-06,unqualified,runup_38%_below_90%,{rs_1m_80},10,0.3808554319931565,,2026-07-22,32.2844,,,,0
SMCI,2026-07-22,2026-08-07,unqualified,runup_38%_below_90%,{rs_1m_80},11,0.3808554319931565,,2026-07-22,32.2844,,,,0
SMCI,2026-07-22,2026-08-10,unqualified,runup_38%_below_90%,{rs_1m_80},12,0.3808554319931565,,2026-07-22,32.2844,,,,0
SMCI,2026-07-22,2026-08-11,unqualified,base_age_0_below_3,{rs_1m_80},0,,,2026-08-10,33.3856,,,,0
SMCI,2026-07-22,2026-08-12,unqualified,base_age_1_below_3,"{rs_top200,rs_1m_80,momentum_25pct,ninem_universe_watch}",1,,,2026-08-10,33.3856,,,,0
NVCR,2026-07-23,2026-07-24,unqualified,base_age_0_below_3,{ninem_universe_watch},0,,,2026-07-23,20.55,,,,0
NVCR,2026-07-23,2026-07-27,unqualified,base_age_0_below_3,{ninem_universe_watch},0,,,2026-07-24,21.4506,,,,0
NVCR,2026-07-23,2026-07-28,unqualified,base_age_1_below_3,{ninem_universe_watch},1,,,2026-07-24,21.4506,,,,0
NVCR,2026-07-23,2026-07-29,unqualified,base_age_2_below_3,{ninem_universe_watch},2,,,2026-07-24,21.4506,,,,0
NVCR,2026-07-23,2026-07-30,unqualified,runup_60%_below_90%,{ninem_universe_watch},3,0.5972151898734179,,2026-07-24,21.4506,,,,0
NVCR,2026-07-23,2026-07-31,unqualified,runup_60%_below_90%,{ninem_universe_watch},4,0.5972151898734179,,2026-07-24,21.4506,,,,0
NVCR,2026-07-23,2026-08-04,unqualified,runup_60%_below_90%,{ninem_universe_watch},6,0.5972151898734179,,2026-07-24,21.4506,,,,0
NVCR,2026-07-23,2026-08-05,unqualified,runup_60%_below_90%,{ninem_universe_watch},7,0.5972151898734179,,2026-07-24,21.4506,,,,0
NVCR,2026-07-23,2026-08-06,unqualified,runup_60%_below_90%,{ninem_universe_watch},8,0.5972151898734179,,2026-07-24,21.4506,,,,0
THC,2026-07-24,2026-07-27,unqualified,adr_3.9pct_below_4pct,"{rs_top200,rs_1m_80,momentum_25pct}",,,,,,,,,0
THC,2026-07-24,2026-07-28,unqualified,base_age_1_below_3,"{rs_top200,rs_1m_80,momentum_25pct}",1,,,2026-07-24,246.815,,,,0
THC,2026-07-24,2026-07-29,unqualified,base_age_0_below_3,"{rs_top200,rs_1m_80,momentum_25pct}",0,,,2026-07-28,262.68,,,,0
THC,2026-07-24,2026-07-30,unqualified,base_age_1_below_3,"{rs_top200,rs_1m_80,momentum_25pct}",1,,,2026-07-28,262.68,,,,0
THC,2026-07-24,2026-07-31,unqualified,adr_3.9pct_below_4pct,"{rs_top200,rs_1m_80,momentum_25pct}",,,,,,,,,0
THC,2026-07-24,2026-08-04,unqualified,runup_67%_below_90%,"{rs_top200,rs_1m_80,momentum_25pct}",4,0.6669628125396623,,2026-07-28,262.68,,,,0
THC,2026-07-24,2026-08-05,unqualified,runup_67%_below_90%,"{rs_top200,rs_1m_80,momentum_25pct}",5,0.6669628125396623,,2026-07-28,262.68,,,,0
THC,2026-07-24,2026-08-06,unqualified,runup_67%_below_90%,"{rs_top200,rs_1m_80}",6,0.6669628125396623,,2026-07-28,262.68,,,,0
THC,2026-07-24,2026-08-07,unqualified,runup_67%_below_90%,"{rs_top200,rs_1m_80}",7,0.6669628125396623,,2026-07-28,262.68,,,,0
THC,2026-07-24,2026-08-10,unqualified,runup_67%_below_90%,"{rs_top200,rs_1m_80}",8,0.6669628125396623,,2026-07-28,262.68,,,,0
THC,2026-07-24,2026-08-11,unqualified,adr_4.0pct_below_4pct,"{rs_top200,rs_1m_80}",,,,,,,,,0
THC,2026-07-24,2026-08-12,unqualified,adr_3.9pct_below_4pct,"{rs_top200,rs_1m_80}",,,,,,,,,0
THC,2026-07-24,2026-08-13,unqualified,adr_3.8pct_below_4pct,"{rs_top200,rs_1m_80}",,,,,,,,,0
WKC,2026-07-24,2026-07-27,unqualified,adr_3.0pct_below_4pct,"{rs_top200,rs_1m_80}",,,,,,,,,0
WKC,2026-07-24,2026-07-28,unqualified,adr_3.0pct_below_4pct,"{rs_top200,rs_1m_80}",,,,,,,,,0
WKC,2026-07-24,2026-07-29,unqualified,adr_3.0pct_below_4pct,"{rs_top200,rs_1m_80}",,,,,,,,,0
WKC,2026-07-24,2026-07-30,unqualified,adr_3.0pct_below_4pct,"{rs_top200,rs_1m_80}",,,,,,,,,0
WKC,2026-07-24,2026-07-31,unqualified,adr_3.0pct_below_4pct,"{rs_top200,rs_1m_80}",,,,,,,,,0
WKC,2026-07-24,2026-08-04,unqualified,adr_3.1pct_below_4pct,{rs_top200},,,,,,,,,0
NNE,2026-07-27,2026-08-07,unqualified,runup_14%_below_90%,"{rs_1m_80,momentum_25pct}",24,0.14117737003058095,,2026-07-02,22.3899,,,,0
NNE,2026-07-27,2026-08-11,unqualified,runup_11%_below_90%,{momentum_25pct},24,0.10613632152565944,,2026-07-07,19.999,,,,0
NNE,2026-07-27,2026-08-13,unqualified,base_age_0_below_3,"{rs_1m_80,momentum_25pct}",0,,,2026-08-12,19.96,,,,0
NNE,2026-07-27,2026-08-14,unqualified,base_age_0_below_3,{rs_1m_80},0,,,2026-08-13,20.77,,,,0
NNE,2026-07-27,2026-08-17,unqualified,base_age_1_below_3,{rs_1m_80},1,,,2026-08-13,20.77,,,,0
QBTS,2026-07-27,2026-08-04,unqualified,runup_38%_below_90%,"{rs_1m_80,momentum_25pct}",22,0.3837045390470821,,2026-07-01,24.54,,,,0
QBTS,2026-07-27,2026-08-05,unqualified,runup_38%_below_90%,"{rs_1m_80,momentum_25pct}",23,0.3837045390470821,,2026-07-01,24.54,,,,0
QBTS,2026-07-27,2026-08-06,unqualified,runup_38%_below_90%,{rs_1m_80},24,0.3837045390470821,,2026-07-01,24.54,,,,0
QBTS,2026-07-27,2026-08-07,unqualified,runup_39%_below_90%,"{rs_1m_80,momentum_25pct}",24,0.3915928954045673,,2026-07-02,24.6799,,,,0
QBTS,2026-07-27,2026-08-10,unqualified,runup_33%_below_90%,{rs_1m_80},24,0.3321116436425149,,2026-07-06,23.625,,,,0
QBTS,2026-07-27,2026-08-11,unqualified,runup_26%_below_90%,"{rs_1m_80,momentum_25pct}",24,0.26247533126585854,,2026-07-07,22.39,,,,0
QBTS,2026-07-27,2026-08-12,unqualified,runup_37%_below_90%,{rs_1m_80},5,0.36661466458658354,,2026-08-04,21.9,,,,0
QBTS,2026-07-27,2026-08-13,unqualified,runup_37%_below_90%,{rs_1m_80},6,0.36661466458658354,,2026-08-04,21.9,,,,0
QBTS,2026-07-27,2026-08-14,unqualified,runup_37%_below_90%,{rs_1m_80},7,0.36661466458658354,,2026-08-04,21.9,,,,0
CORZ,2026-07-28,2026-07-30,unqualified,runup_52%_below_90%,{ninem_universe_watch},24,0.5179687500000001,,2026-06-24,29.145,,,,0
CORZ,2026-07-28,2026-07-31,unqualified,runup_41%_below_90%,{ninem_universe_watch},22,0.40763052208835315,,2026-06-29,28.04,,,,0
CORZ,2026-07-28,2026-08-04,unqualified,runup_41%_below_90%,"{momentum_25pct,ninem_universe_watch}",24,0.40763052208835315,,2026-06-29,28.04,,,,0
CORZ,2026-07-28,2026-08-05,unqualified,runup_29%_below_90%,{ninem_universe_watch},24,0.29376674937965275,,2026-06-30,26.0694,,,,0
CORZ,2026-07-28,2026-08-06,unqualified,runup_20%_below_90%,{ninem_universe_watch},24,0.19846227775108138,,2026-07-01,24.94,,,,0
CORZ,2026-07-28,2026-08-07,unqualified,runup_24%_below_90%,{ninem_universe_watch},12,0.2398039215686274,,2026-07-21,24.6597,,,,0
CORZ,2026-07-28,2026-08-10,unqualified,runup_24%_below_90%,{ninem_universe_watch},13,0.2398039215686274,,2026-07-21,24.6597,,,,0
CORZ,2026-07-28,2026-08-11,unqualified,runup_24%_below_90%,{ninem_universe_watch},14,0.2398039215686274,,2026-07-21,24.6597,,,,0
CORZ,2026-07-28,2026-08-12,unqualified,runup_24%_below_90%,{ninem_universe_watch},15,0.2398039215686274,,2026-07-21,24.6597,,,,0
CORZ,2026-07-28,2026-08-13,unqualified,runup_24%_below_90%,{ninem_universe_watch},16,0.2398039215686274,,2026-07-21,24.6597,,,,0
TER,2026-07-29,2026-07-30,unqualified,runup_58%_below_90%,{ninem_universe_watch},20,0.5769044310138651,,2026-06-30,487.91,,,,0
TER,2026-07-29,2026-07-31,unqualified,runup_58%_below_90%,{ninem_universe_watch},21,0.5769044310138651,,2026-06-30,487.91,,,,0
TER,2026-07-29,2026-08-04,unqualified,runup_58%_below_90%,"{rs_1m_80,momentum_25pct,ninem_universe_watch}",23,0.5769044310138651,,2026-06-30,487.91,,,,0
TER,2026-07-29,2026-08-05,unqualified,runup_58%_below_90%,"{rs_1m_80,ninem_universe_watch}",24,0.5769044310138651,,2026-06-30,487.91,,,,0
TER,2026-07-29,2026-08-06,unqualified,runup_50%_below_90%,"{rs_1m_80,ninem_universe_watch}",24,0.4985294592934941,,2026-07-01,463.66,,,,0
TER,2026-07-29,2026-08-07,unqualified,runup_39%_below_90%,"{rs_1m_80,ninem_universe_watch}",24,0.388901457612876,,2026-07-02,429.74,,,,0
TER,2026-07-29,2026-08-10,unqualified,runup_38%_below_90%,{ninem_universe_watch},3,0.3803605540039283,,2026-08-04,409.72,,,,0
TER,2026-07-29,2026-08-11,unqualified,runup_38%_below_90%,{ninem_universe_watch},4,0.3803605540039283,,2026-08-04,409.72,,,,0
TER,2026-07-29,2026-08-12,unqualified,runup_38%_below_90%,{ninem_universe_watch},5,0.3803605540039283,,2026-08-04,409.72,,,,0
TER,2026-07-29,2026-08-14,unqualified,base_age_0_below_3,{rs_1m_80},0,,,2026-08-13,422.32,,,,0
TER,2026-07-29,2026-08-17,unqualified,base_age_1_below_3,{rs_1m_80},1,,,2026-08-13,422.32,,,,0
TER,2026-07-29,2026-08-18,unqualified,base_age_0_below_3,{rs_1m_80},0,,,2026-08-17,444.17,,,,0
TER,2026-07-29,2026-08-19,unqualified,base_age_1_below_3,{rs_1m_80},1,,,2026-08-17,444.17,,,,0
TEVA,2026-07-29,2026-07-30,unqualified,adr_3.2pct_below_4pct,{ninem_universe_watch},,,,,,,,,0
TEVA,2026-07-29,2026-07-31,unqualified,adr_3.1pct_below_4pct,{ninem_universe_watch},,,,,,,,,0
TEVA,2026-07-29,2026-08-04,unqualified,adr_3.1pct_below_4pct,{ninem_universe_watch},,,,,,,,,0
TEVA,2026-07-29,2026-08-05,unqualified,adr_3.1pct_below_4pct,"{rs_1m_80,ninem_universe_watch}",,,,,,,,,0
TEVA,2026-07-29,2026-08-06,unqualified,adr_3.0pct_below_4pct,{ninem_universe_watch},,,,,,,,,0
TEVA,2026-07-29,2026-08-07,unqualified,adr_3.0pct_below_4pct,{ninem_universe_watch},,,,,,,,,0
TEVA,2026-07-29,2026-08-10,unqualified,adr_3.1pct_below_4pct,"{rs_1m_80,ninem_universe_watch}",,,,,,,,,0
TEVA,2026-07-29,2026-08-11,unqualified,adr_3.1pct_below_4pct,"{rs_1m_80,ninem_universe_watch}",,,,,,,,,0
TEVA,2026-07-29,2026-08-12,unqualified,adr_3.1pct_below_4pct,"{rs_1m_80,ninem_universe_watch}",,,,,,,,,0
TEVA,2026-07-29,2026-08-13,unqualified,adr_3.1pct_below_4pct,{rs_1m_80},,,,,,,,,0
TEVA,2026-07-29,2026-08-14,unqualified,adr_3.1pct_below_4pct,{rs_1m_80},,,,,,,,,0
TEVA,2026-07-29,2026-08-17,unqualified,adr_3.0pct_below_4pct,{rs_1m_80},,,,,,,,,0
TEVA,2026-07-29,2026-08-18,unqualified,adr_3.0pct_below_4pct,{rs_1m_80},,,,,,,,,0
ARM,2026-07-30,2026-07-31,INVALIDATED,close_239.69_below_sma20_278.18,{ninem_universe_watch},24,0.9595173018410605,,2026-06-25,379.97,260.298,278.17600000000004,,0
ARM,2026-07-30,2026-08-04,unqualified,runup_78%_below_90%,{ninem_universe_watch},21,0.7845089352381902,,2026-07-02,358.49,,,,0
ARM,2026-07-30,2026-08-05,unqualified,runup_78%_below_90%,{ninem_universe_watch},22,0.7845089352381902,,2026-07-02,358.49,,,,0
ARM,2026-07-30,2026-08-06,unqualified,runup_78%_below_90%,"{momentum_25pct,ninem_universe_watch}",23,0.7845089352381902,,2026-07-02,358.49,,,,0
ARM,2026-07-30,2026-08-07,unqualified,runup_78%_below_90%,"{momentum_25pct,ninem_universe_watch}",24,0.7845089352381902,,2026-07-02,358.49,,,,0
ARM,2026-07-30,2026-08-10,unqualified,runup_69%_below_90%,{ninem_universe_watch},21,0.6896809199064164,,2026-07-09,339.44,,,,0
ARM,2026-07-30,2026-08-11,unqualified,runup_69%_below_90%,{ninem_universe_watch},22,0.6896809199064164,,2026-07-09,339.44,,,,0
ARM,2026-07-30,2026-08-12,unqualified,runup_69%_below_90%,{ninem_universe_watch},23,0.6896809199064164,,2026-07-09,339.44,,,,0
ARM,2026-07-30,2026-08-13,unqualified,runup_69%_below_90%,{ninem_universe_watch},24,0.6896809199064164,,2026-07-09,339.44,,,,0
CORT,2026-07-30,2026-07-31,unqualified,base_age_0_below_3,"{rs_top200,rs_1m_80,momentum_25pct}",0,,,2026-07-30,122.21,,,,0
CORT,2026-07-30,2026-08-04,unqualified,base_age_2_below_3,"{rs_top200,rs_1m_80}",2,,,2026-07-30,122.21,,,,0
CORT,2026-07-30,2026-08-05,unqualified,runup_74%_below_90%,"{rs_top200,rs_1m_80}",3,0.7441130298273155,,2026-07-30,122.21,,,,0
CORT,2026-07-30,2026-08-06,unqualified,runup_74%_below_90%,"{rs_top200,rs_1m_80}",4,0.7441130298273155,,2026-07-30,122.21,,,,0
CORT,2026-07-30,2026-08-07,unqualified,runup_74%_below_90%,"{rs_top200,rs_1m_80}",5,0.7441130298273155,,2026-07-30,122.21,,,,0
CORT,2026-07-30,2026-08-10,unqualified,runup_74%_below_90%,"{rs_top200,rs_1m_80}",6,0.7441130298273155,,2026-07-30,122.21,,,,0
CORT,2026-07-30,2026-08-11,unqualified,runup_74%_below_90%,"{rs_top200,rs_1m_80}",7,0.7441130298273155,,2026-07-30,122.21,,,,0
CORT,2026-07-30,2026-08-12,unqualified,runup_74%_below_90%,"{rs_top200,rs_1m_80}",8,0.7441130298273155,,2026-07-30,122.21,,,,0
CORT,2026-07-30,2026-08-13,unqualified,runup_74%_below_90%,{rs_top200},9,0.7441130298273155,,2026-07-30,122.21,,,,0
CORT,2026-07-30,2026-08-14,unqualified,runup_74%_below_90%,"{rs_top200,rs_1m_80}",10,0.7441130298273155,,2026-07-30,122.21,,,,0
CORT,2026-07-30,2026-08-17,unqualified,runup_74%_below_90%,"{rs_top200,rs_1m_80}",11,0.7441130298273155,,2026-07-30,122.21,,,,0
CORT,2026-07-30,2026-08-18,unqualified,runup_74%_below_90%,"{rs_top200,rs_1m_80}",12,0.7441130298273155,,2026-07-30,122.21,,,,0
CORT,2026-07-30,2026-08-19,unqualified,runup_74%_below_90%,"{rs_top200,rs_1m_80}",13,0.7441130298273155,,2026-07-30,122.21,,,,0
EME,2026-07-30,2026-08-17,unqualified,adv_335k_below_500k_shares,{rs_1m_80},,,,,,,,,0
EME,2026-07-30,2026-08-18,unqualified,adv_335k_below_500k_shares,{rs_1m_80},,,,,,,,,0
EME,2026-07-30,2026-08-19,unqualified,adv_350k_below_500k_shares,{rs_1m_80},,,,,,,,,0
FTNT,2026-07-30,2026-07-31,unqualified,runup_41%_below_90%,{ninem_universe_watch},11,0.4093106332425229,,2026-07-15,170.35,,,,0
FTNT,2026-07-30,2026-08-04,unqualified,runup_41%_below_90%,{ninem_universe_watch},13,0.4093106332425229,,2026-07-15,170.35,,,,0
FTNT,2026-07-30,2026-08-05,unqualified,runup_41%_below_90%,{ninem_universe_watch},14,0.4093106332425229,,2026-07-15,170.35,,,,0
FTNT,2026-07-30,2026-08-06,unqualified,runup_41%_below_90%,{ninem_universe_watch},15,0.4093106332425229,,2026-07-15,170.35,,,,0
FTNT,2026-07-30,2026-08-07,unqualified,runup_41%_below_90%,{ninem_universe_watch},16,0.4093106332425229,,2026-07-15,170.35,,,,0
FTNT,2026-07-30,2026-08-10,unqualified,runup_41%_below_90%,{ninem_universe_watch},17,0.4093106332425229,,2026-07-15,170.35,,,,0
FTNT,2026-07-30,2026-08-11,unqualified,runup_41%_below_90%,{ninem_universe_watch},18,0.4093106332425229,,2026-07-15,170.35,,,,0
FTNT,2026-07-30,2026-08-12,unqualified,runup_41%_below_90%,{ninem_universe_watch},19,0.4093106332425229,,2026-07-15,170.35,,,,0
FTNT,2026-07-30,2026-08-13,unqualified,runup_41%_below_90%,{ninem_universe_watch},20,0.4093106332425229,,2026-07-15,170.35,,,,0
LRCX,2026-07-30,2026-07-31,unqualified,runup_72%_below_90%,{ninem_universe_watch},21,0.7199450872720141,,2026-06-30,438.5,,,,0
LRCX,2026-07-30,2026-08-04,unqualified,runup_72%_below_90%,"{momentum_25pct,ninem_universe_watch}",23,0.7199450872720141,,2026-06-30,438.5,,,,0
LRCX,2026-07-30,2026-08-05,unqualified,runup_72%_below_90%,{ninem_universe_watch},24,0.7199450872720141,,2026-06-30,438.5,,,,0
LRCX,2026-07-30,2026-08-06,unqualified,runup_58%_below_90%,{ninem_universe_watch},24,0.5755564824997157,,2026-07-01,415.49,,,,0
LRCX,2026-07-30,2026-08-07,unqualified,runup_49%_below_90%,{ninem_universe_watch},24,0.48837738424784805,,2026-07-02,392.5,,,,0
LRCX,2026-07-30,2026-08-10,unqualified,runup_40%_below_90%,{ninem_universe_watch},21,0.4028667854840544,,2026-07-09,369.95,,,,0
LRCX,2026-07-30,2026-08-11,unqualified,runup_40%_below_90%,{ninem_universe_watch},22,0.4028667854840544,,2026-07-09,369.95,,,,0
LRCX,2026-07-30,2026-08-12,unqualified,runup_40%_below_90%,{ninem_universe_watch},23,0.4028667854840544,,2026-07-09,369.95,,,,0
LRCX,2026-07-30,2026-08-13,unqualified,runup_40%_below_90%,{ninem_universe_watch},24,0.4028667854840544,,2026-07-09,369.95,,,,0
LRCX,2026-07-30,2026-08-17,unqualified,runup_35%_below_90%,{rs_1m_80},22,0.3547078229873726,,2026-07-15,357.25,,,,0
LRCX,2026-07-30,2026-08-18,unqualified,runup_35%_below_90%,{rs_1m_80},23,0.3547078229873726,,2026-07-15,357.25,,,,0
LRCX,2026-07-30,2026-08-19,unqualified,runup_35%_below_90%,{rs_1m_80},24,0.3547078229873726,,2026-07-15,357.25,,,,0
PWR,2026-07-30,2026-08-17,unqualified,runup_28%_below_90%,{rs_1m_80},8,0.277809860679997,,2026-08-04,708.06,,,,0
PWR,2026-07-30,2026-08-18,unqualified,base_age_0_below_3,{rs_1m_80},0,,,2026-08-17,724.8,,,,0
PWR,2026-07-30,2026-08-19,unqualified,base_age_1_below_3,{rs_1m_80},1,,,2026-08-17,724.8,,,,0
SIMO,2026-07-30,2026-08-04,unqualified,runup_61%_below_90%,{momentum_25pct},24,0.6055714285714286,,2026-06-29,337.17,,,,0
SIMO,2026-07-30,2026-08-06,unqualified,runup_46%_below_90%,{momentum_25pct},19,0.4648985003260162,,2026-07-09,336.9999,,,,0
SIMO,2026-07-30,2026-08-18,unqualified,runup_37%_below_90%,{rs_1m_80},23,0.36926755053249294,,2026-07-15,315,,,,0
SIMO,2026-07-30,2026-08-19,unqualified,runup_37%_below_90%,{rs_1m_80},24,0.36926755053249294,,2026-07-15,315,,,,0
BLZE,2026-07-31,2026-08-04,unqualified,ma_stack_not_stage2_13.5/14.4/11.9,"{rs_top200,rs_1m_80,momentum_25pct}",17,1.679611650485437,,2026-07-09,17.94,13.528,14.422,,0
BLZE,2026-07-31,2026-08-05,unqualified,base_age_0_below_3,"{rs_top200,rs_1m_80,momentum_25pct}",0,,,2026-08-04,23.99,,,,0
BLZE,2026-07-31,2026-08-06,unqualified,base_age_1_below_3,"{rs_top200,rs_1m_80,momentum_25pct}",1,,,2026-08-04,23.99,,,,0
BLZE,2026-07-31,2026-08-07,unqualified,base_age_2_below_3,"{rs_top200,rs_1m_80,momentum_25pct}",2,,,2026-08-04,23.99,,,,0
BLZE,2026-07-31,2026-08-10,unqualified,flag_low_17.47_below_75%_of_pole_23.99,"{rs_top200,rs_1m_80,momentum_25pct}",3,2.393210749646393,,2026-08-04,23.99,16,14.761000000000001,,0
BLZE,2026-07-31,2026-08-11,unqualified,flag_low_17.47_below_75%_of_pole_23.99,"{rs_top200,rs_1m_80,momentum_25pct}",4,2.393210749646393,,2026-08-04,23.99,16.664,14.869,,0
BLZE,2026-07-31,2026-08-12,unqualified,flag_low_17.47_below_75%_of_pole_23.99,"{rs_top200,rs_1m_80,momentum_25pct}",5,2.393210749646393,,2026-08-04,23.99,17.46,15.087,,0
BLZE,2026-07-31,2026-08-13,unqualified,flag_low_17.47_below_75%_of_pole_23.99,"{rs_top200,rs_1m_80,momentum_25pct}",6,2.393210749646393,,2026-08-04,23.99,18.240000000000002,15.422,,0
BLZE,2026-07-31,2026-08-14,unqualified,flag_low_17.47_below_75%_of_pole_23.99,"{rs_top200,rs_1m_80}",7,2.393210749646393,,2026-08-04,23.99,18.77,15.712,,0
BLZE,2026-07-31,2026-08-17,unqualified,flag_low_17.47_below_75%_of_pole_23.99,"{rs_top200,rs_1m_80}",8,2.393210749646393,,2026-08-04,23.99,19.15,16.023500000000002,,0
BLZE,2026-07-31,2026-08-18,unqualified,flag_low_17.47_below_75%_of_pole_23.99,"{rs_top200,rs_1m_80}",9,2.393210749646393,,2026-08-04,23.99,19.091,16.3095,,0
BLZE,2026-07-31,2026-08-19,INVALIDATED,close_16.88_below_base_low_close_18.11,"{rs_top200,rs_1m_80}",10,2.393210749646393,,2026-08-04,23.99,18.916999999999998,16.482499999999998,,0
BLZE,2026-07-31,2026-08-20,INVALIDATED,close_16.24_below_base_low_close_16.88,"{rs_top200,rs_1m_80}",11,2.393210749646393,,2026-08-04,23.99,18.73,16.6565,,0
BLZE,2026-07-31,2026-08-21,INVALIDATED,close_15.80_below_base_low_close_16.24,"{rs_top200,rs_1m_80}",12,2.393210749646393,,2026-08-04,23.99,18.428,16.866,,0
COHU,2026-07-31,2026-08-04,unqualified,runup_80%_below_90%,{momentum_25pct},23,0.7954271961492179,,2026-06-30,74.6,,,,0
COHU,2026-07-31,2026-08-05,unqualified,runup_80%_below_90%,{momentum_25pct},24,0.7954271961492179,,2026-06-30,74.6,,,,0
COHU,2026-07-31,2026-08-06,unqualified,runup_75%_below_90%,{momentum_25pct},24,0.7460890493381469,,2026-07-01,72.55,,,,0
COHU,2026-07-31,2026-08-07,unqualified,runup_65%_below_90%,{momentum_25pct},24,0.6543922984356196,,2026-07-02,68.74,,,,0
COHU,2026-07-31,2026-08-10,unqualified,runup_52%_below_90%,{momentum_25pct},24,0.5181708784596872,,2026-07-06,63.08,,,,0
COHU,2026-07-31,2026-08-11,unqualified,runup_48%_below_90%,{momentum_25pct},6,0.476530612244898,,2026-07-31,57.88,,,,0
COHU,2026-07-31,2026-08-14,unqualified,base_age_1_below_3,{rs_1m_80},1,,,2026-08-12,59.45,,,,0
COHU,2026-07-31,2026-08-17,unqualified,base_age_2_below_3,"{rs_1m_80,momentum_25pct}",2,,,2026-08-12,59.45,,,,0
COHU,2026-07-31,2026-08-18,unqualified,base_age_0_below_3,{rs_1m_80},0,,,2026-08-17,63.53,,,,0
COHU,2026-07-31,2026-08-19,unqualified,base_age_1_below_3,{rs_1m_80},1,,,2026-08-17,63.53,,,,0
COHU,2026-07-31,2026-08-20,unqualified,base_age_2_below_3,{rs_1m_80},2,,,2026-08-17,63.53,,,,0
COHU,2026-07-31,2026-08-21,unqualified,runup_62%_below_90%,{rs_1m_80},3,0.6206632653061224,,2026-08-17,63.53,,,,0
FET,2026-07-31,2026-08-04,unqualified,adv_147k_below_500k_shares,"{rs_top200,rs_1m_80,momentum_25pct}",,,,,,,,,0
FET,2026-07-31,2026-08-05,unqualified,adv_154k_below_500k_shares,"{rs_top200,rs_1m_80,momentum_25pct}",,,,,,,,,0
FET,2026-07-31,2026-08-06,unqualified,adv_159k_below_500k_shares,"{rs_top200,rs_1m_80,momentum_25pct}",,,,,,,,,0
FET,2026-07-31,2026-08-07,unqualified,adv_162k_below_500k_shares,"{rs_top200,rs_1m_80,momentum_25pct}",,,,,,,,,0
FET,2026-07-31,2026-08-10,unqualified,adv_168k_below_500k_shares,"{rs_top200,rs_1m_80,momentum_25pct}",,,,,,,,,0
FET,2026-07-31,2026-08-11,unqualified,adv_178k_below_500k_shares,"{rs_top200,rs_1m_80,momentum_25pct}",,,,,,,,,0
FET,2026-07-31,2026-08-12,unqualified,adv_179k_below_500k_shares,"{rs_top200,rs_1m_80,momentum_25pct}",,,,,,,,,0
FET,2026-07-31,2026-08-13,unqualified,adv_184k_below_500k_shares,"{rs_top200,rs_1m_80,momentum_25pct}",,,,,,,,,0
FET,2026-07-31,2026-08-14,unqualified,adv_184k_below_500k_shares,"{rs_top200,rs_1m_80}",,,,,,,,,0
FET,2026-07-31,2026-08-17,unqualified,adv_184k_below_500k_shares,"{rs_top200,rs_1m_80}",,,,,,,,,0
FET,2026-07-31,2026-08-18,unqualified,adv_184k_below_500k_shares,"{rs_top200,rs_1m_80}",,,,,,,,,0
FET,2026-07-31,2026-08-19,unqualified,adv_179k_below_500k_shares,"{rs_top200,rs_1m_80}",,,,,,,,,0
FET,2026-07-31,2026-08-20,unqualified,adv_179k_below_500k_shares,"{rs_top200,rs_1m_80}",,,,,,,,,0
FET,2026-07-31,2026-08-21,unqualified,adv_192k_below_500k_shares,"{rs_top200,rs_1m_80}",,,,,,,,,0
FLNC,2026-07-31,2026-08-04,unqualified,runup_76%_below_90%,{momentum_25pct},23,0.7628259041211101,,2026-06-30,20.96,,,,0
NWL,2026-07-31,2026-08-04,unqualified,base_age_1_below_3,"{rs_top200,rs_1m_80,ninem_universe_watch}",1,,,2026-07-31,7.1299,,,,0
NWL,2026-07-31,2026-08-05,unqualified,base_age_2_below_3,"{rs_top200,rs_1m_80,ninem_universe_watch}",2,,,2026-07-31,7.1299,,,,0
NWL,2026-07-31,2026-08-06,INVALIDATED,close_6.02_below_base_low_close_6.13,"{rs_top200,rs_1m_80,ninem_universe_watch}",3,1.0517697841726616,,2026-07-31,7.1299,5.6129999999999995,5.40175,,0
NWL,2026-07-31,2026-08-07,INVALIDATED,close_6.01_below_base_low_close_6.02,"{rs_top200,rs_1m_80,ninem_universe_watch}",4,1.0517697841726616,,2026-07-31,7.1299,5.706,5.44375,,0
NWL,2026-07-31,2026-08-10,INVALIDATED,close_5.90_below_base_low_close_6.01,"{rs_top200,rs_1m_80,ninem_universe_watch}",5,1.0517697841726616,,2026-07-31,7.1299,5.7780000000000005,5.48175,,0
NWL,2026-07-31,2026-08-11,TIGHTENING,range_0.67 vol_0.71,"{rs_top200,rs_1m_80,ninem_universe_watch}",6,1.0517697841726616,,2026-07-31,7.1299,5.867,5.53825,,3
NWL,2026-07-31,2026-08-12,TIGHTENING,range_0.67 vol_0.71,"{rs_top200,rs_1m_80,ninem_universe_watch,flag_stage_carryforward}",7,1.0517697841726616,,2026-07-31,7.1299,5.964,5.58825,,3
NWL,2026-07-31,2026-08-13,COILED,range_0.67 vol_0.61 bodies_0.09/0.11,"{rs_top200,rs_1m_80,ninem_universe_watch,flag_stage_carryforward}",8,1.0517697841726616,,2026-07-31,7.1299,6.067,5.625249999999999,,5
NWL,2026-07-31,2026-08-14,COILED,range_0.64 vol_0.59 bodies_0.27/0.09,"{rs_top200,rs_1m_80,ninem_universe_watch,flag_stage_carryforward}",9,1.0517697841726616,,2026-07-31,7.1299,6.131,5.67575,,5
NWL,2026-07-31,2026-08-17,COILED,range_0.64 vol_0.56 fresh,"{rs_top200,rs_1m_80,flag_stage_carryforward}",10,1.0517697841726616,,2026-07-31,7.1299,6.099,5.721500000000001,TIGHTENING,5
NWL,2026-07-31,2026-08-18,COILED,range_0.60 vol_0.54 fresh,"{rs_1m_80,flag_stage_carryforward}",11,1.0517697841726616,,2026-07-31,7.1299,6.079,5.7575,TIGHTENING,5
NWL,2026-07-31,2026-08-19,COILED,range_0.47 vol_0.44 bodies_0.40/0.22,"{rs_top200,rs_1m_80,flag_stage_carryforward}",12,1.0517697841726616,,2026-07-31,7.1299,6.078,5.796,,5
NWL,2026-07-31,2026-08-20,INVALIDATED,close_5.79_below_base_low_close_5.90,"{rs_1m_80,flag_stage_carryforward}",13,1.0517697841726616,,2026-07-31,7.1299,6.055,5.8340000000000005,,0
NWL,2026-07-31,2026-08-21,TIGHTENING,range_0.60 vol_0.43,{flag_stage_carryforward},14,1.0517697841726616,,2026-07-31,7.1299,6.063000000000001,5.8845,,4
FTK,2026-08-03,2026-08-05,unqualified,adv_329k_below_500k_shares,"{rs_top200,rs_1m_80,momentum_25pct}",,,,,,,,,0
FTK,2026-08-03,2026-08-06,unqualified,adv_372k_below_500k_shares,"{rs_top200,rs_1m_80,momentum_25pct}",,,,,,,,,0
FTK,2026-08-03,2026-08-07,unqualified,adv_412k_below_500k_shares,"{rs_top200,rs_1m_80,momentum_25pct}",,,,,,,,,0
FTK,2026-08-03,2026-08-10,unqualified,adv_412k_below_500k_shares,"{rs_top200,rs_1m_80,momentum_25pct}",,,,,,,,,0
FTK,2026-08-03,2026-08-11,unqualified,adv_414k_below_500k_shares,"{rs_top200,rs_1m_80,momentum_25pct}",,,,,,,,,0
FTK,2026-08-03,2026-08-12,unqualified,adv_412k_below_500k_shares,"{rs_top200,rs_1m_80,momentum_25pct}",,,,,,,,,0
FTK,2026-08-03,2026-08-13,unqualified,adv_414k_below_500k_shares,"{rs_top200,rs_1m_80,momentum_25pct}",,,,,,,,,0
FTK,2026-08-03,2026-08-14,unqualified,adv_423k_below_500k_shares,"{rs_top200,rs_1m_80,momentum_25pct}",,,,,,,,,0
FTK,2026-08-03,2026-08-17,unqualified,adv_447k_below_500k_shares,"{rs_top200,rs_1m_80}",,,,,,,,,0
FTK,2026-08-03,2026-08-18,unqualified,adv_473k_below_500k_shares,{rs_1m_80},,,,,,,,,0
FTK,2026-08-03,2026-08-19,unqualified,runup_83%_below_90%,{rs_1m_80},5,0.8335690711928336,,2026-08-11,38.89,,,,0
LIND,2026-08-03,2026-08-04,unqualified,base_age_0_below_3,"{rs_top200,rs_1m_80,momentum_25pct}",0,,,2026-08-03,34.5,,,,0
LIND,2026-08-03,2026-08-05,unqualified,base_age_1_below_3,"{rs_top200,rs_1m_80,momentum_25pct}",1,,,2026-08-03,34.5,,,,0
LIND,2026-08-03,2026-08-06,unqualified,base_age_2_below_3,"{rs_top200,rs_1m_80,momentum_25pct}",2,,,2026-08-03,34.5,,,,0
LIND,2026-08-03,2026-08-07,unqualified,runup_62%_below_90%,"{rs_top200,rs_1m_80}",3,0.6189582355701551,,2026-08-03,34.5,,,,0
LIND,2026-08-03,2026-08-10,unqualified,runup_62%_below_90%,"{rs_top200,rs_1m_80}",4,0.6189582355701551,,2026-08-03,34.5,,,,0
LIND,2026-08-03,2026-08-11,unqualified,runup_62%_below_90%,"{rs_top200,rs_1m_80}",5,0.6189582355701551,,2026-08-03,34.5,,,,0
LIND,2026-08-03,2026-08-12,unqualified,runup_62%_below_90%,"{rs_top200,rs_1m_80}",6,0.6189582355701551,,2026-08-03,34.5,,,,0
LIND,2026-08-03,2026-08-13,unqualified,runup_62%_below_90%,"{rs_top200,rs_1m_80}",7,0.6189582355701551,,2026-08-03,34.5,,,,0
LIND,2026-08-03,2026-08-14,unqualified,runup_62%_below_90%,"{rs_top200,rs_1m_80}",8,0.6189582355701551,,2026-08-03,34.5,,,,0
LIND,2026-08-03,2026-08-17,unqualified,runup_62%_below_90%,"{rs_top200,rs_1m_80}",9,0.6189582355701551,,2026-08-03,34.5,,,,0
AEIS,2026-08-04,2026-08-05,unqualified,runup_31%_below_90%,{momentum_25pct},24,0.30573756283584674,,2026-06-30,376.64,,,,0
AEIS,2026-08-04,2026-08-06,unqualified,runup_27%_below_90%,"{rs_1m_80,momentum_25pct}",24,0.26775871034841403,,2026-07-01,365.685,,,,0
AEIS,2026-08-04,2026-08-07,unqualified,runup_24%_below_90%,"{rs_1m_80,momentum_25pct}",24,0.23539608250996724,,2026-07-02,356.35,,,,0
AEIS,2026-08-04,2026-08-11,unqualified,runup_38%_below_90%,{momentum_25pct},4,0.3845612765786406,,2026-08-04,344.465,,,,0
AEIS,2026-08-04,2026-08-17,unqualified,runup_38%_below_90%,{rs_1m_80},8,0.3845612765786406,,2026-08-04,344.465,,,,0
AEIS,2026-08-04,2026-08-18,unqualified,runup_38%_below_90%,{rs_1m_80},9,0.3845612765786406,,2026-08-04,344.465,,,,0
AEIS,2026-08-04,2026-08-19,unqualified,runup_38%_below_90%,{rs_1m_80},10,0.3845612765786406,,2026-08-04,344.465,,,,0
AMRC,2026-08-04,2026-08-05,unqualified,base_age_0_below_3,{momentum_25pct},0,,,2026-08-04,31.93,,,,0
AMRC,2026-08-04,2026-08-06,unqualified,base_age_1_below_3,{momentum_25pct},1,,,2026-08-04,31.93,,,,0
AMRC,2026-08-04,2026-08-07,unqualified,base_age_2_below_3,{momentum_25pct},2,,,2026-08-04,31.93,,,,0
AMRC,2026-08-04,2026-08-10,unqualified,runup_74%_below_90%,{momentum_25pct},3,0.737687074829932,,2026-08-04,31.93,,,,0
AMRC,2026-08-04,2026-08-11,unqualified,runup_74%_below_90%,{momentum_25pct},4,0.737687074829932,,2026-08-04,31.93,,,,0
AMRC,2026-08-04,2026-08-12,unqualified,runup_74%_below_90%,"{rs_1m_80,momentum_25pct}",5,0.737687074829932,,2026-08-04,31.93,,,,0
AMRC,2026-08-04,2026-08-13,unqualified,runup_74%_below_90%,"{rs_1m_80,momentum_25pct}",6,0.737687074829932,,2026-08-04,31.93,,,,0
AMRC,2026-08-04,2026-08-14,unqualified,runup_74%_below_90%,{rs_1m_80},7,0.737687074829932,,2026-08-04,31.93,,,,0
AMRC,2026-08-04,2026-08-17,unqualified,runup_74%_below_90%,{rs_1m_80},8,0.737687074829932,,2026-08-04,31.93,,,,0
AMRC,2026-08-04,2026-08-18,unqualified,runup_74%_below_90%,{rs_1m_80},9,0.737687074829932,,2026-08-04,31.93,,,,0
AMRC,2026-08-04,2026-08-19,unqualified,runup_74%_below_90%,{rs_1m_80},10,0.737687074829932,,2026-08-04,31.93,,,,0
BLZE,2026-08-04,2026-08-05,unqualified,base_age_0_below_3,"{rs_top200,rs_1m_80,momentum_25pct}",0,,,2026-08-04,23.99,,,,0
BLZE,2026-08-04,2026-08-06,unqualified,base_age_1_below_3,"{rs_top200,rs_1m_80,momentum_25pct}",1,,,2026-08-04,23.99,,,,0
BLZE,2026-08-04,2026-08-07,unqualified,base_age_2_below_3,"{rs_top200,rs_1m_80,momentum_25pct}",2,,,2026-08-04,23.99,,,,0
BLZE,2026-08-04,2026-08-10,unqualified,flag_low_17.47_below_75%_of_pole_23.99,"{rs_top200,rs_1m_80,momentum_25pct}",3,2.393210749646393,,2026-08-04,23.99,16,14.761000000000001,,0
BLZE,2026-08-04,2026-08-11,unqualified,flag_low_17.47_below_75%_of_pole_23.99,"{rs_top200,rs_1m_80,momentum_25pct}",4,2.393210749646393,,2026-08-04,23.99,16.664,14.869,,0
BLZE,2026-08-04,2026-08-12,unqualified,flag_low_17.47_below_75%_of_pole_23.99,"{rs_top200,rs_1m_80,momentum_25pct}",5,2.393210749646393,,2026-08-04,23.99,17.46,15.087,,0
BLZE,2026-08-04,2026-08-13,unqualified,flag_low_17.47_below_75%_of_pole_23.99,"{rs_top200,rs_1m_80,momentum_25pct}",6,2.393210749646393,,2026-08-04,23.99,18.240000000000002,15.422,,0
BLZE,2026-08-04,2026-08-14,unqualified,flag_low_17.47_below_75%_of_pole_23.99,"{rs_top200,rs_1m_80}",7,2.393210749646393,,2026-08-04,23.99,18.77,15.712,,0
BLZE,2026-08-04,2026-08-17,unqualified,flag_low_17.47_below_75%_of_pole_23.99,"{rs_top200,rs_1m_80}",8,2.393210749646393,,2026-08-04,23.99,19.15,16.023500000000002,,0
BLZE,2026-08-04,2026-08-18,unqualified,flag_low_17.47_below_75%_of_pole_23.99,"{rs_top200,rs_1m_80}",9,2.393210749646393,,2026-08-04,23.99,19.091,16.3095,,0
BLZE,2026-08-04,2026-08-19,INVALIDATED,close_16.88_below_base_low_close_18.11,"{rs_top200,rs_1m_80}",10,2.393210749646393,,2026-08-04,23.99,18.916999999999998,16.482499999999998,,0
BLZE,2026-08-04,2026-08-20,INVALIDATED,close_16.24_below_base_low_close_16.88,"{rs_top200,rs_1m_80}",11,2.393210749646393,,2026-08-04,23.99,18.73,16.6565,,0
BLZE,2026-08-04,2026-08-21,INVALIDATED,close_15.80_below_base_low_close_16.24,"{rs_top200,rs_1m_80}",12,2.393210749646393,,2026-08-04,23.99,18.428,16.866,,0
BTDR,2026-08-04,2026-08-05,unqualified,runup_30%_below_90%,{ninem_universe_watch},22,0.2987868852459017,,2026-07-02,15.8452,,,,0
BTDR,2026-08-04,2026-08-06,unqualified,runup_30%_below_90%,{ninem_universe_watch},23,0.2987868852459017,,2026-07-02,15.8452,,,,0
BTDR,2026-08-04,2026-08-07,unqualified,runup_30%_below_90%,{ninem_universe_watch},24,0.2987868852459017,,2026-07-02,15.8452,,,,0
BTDR,2026-08-04,2026-08-10,unqualified,runup_28%_below_90%,{ninem_universe_watch},24,0.27704918032786896,,2026-07-06,15.58,,,,0
BTDR,2026-08-04,2026-08-11,unqualified,runup_22%_below_90%,{ninem_universe_watch},22,0.2238493723849373,,2026-07-09,14.625,,,,0
BTDR,2026-08-04,2026-08-12,unqualified,runup_22%_below_90%,{ninem_universe_watch},23,0.2238493723849373,,2026-07-09,14.625,,,,0
BTDR,2026-08-04,2026-08-13,unqualified,runup_22%_below_90%,{ninem_universe_watch},24,0.2238493723849373,,2026-07-09,14.625,,,,0
BTDR,2026-08-04,2026-08-14,unqualified,runup_24%_below_90%,{ninem_universe_watch},24,0.23682008368200846,,2026-07-10,14.78,,,,0
BTDR,2026-08-04,2026-08-17,unqualified,runup_11%_below_90%,{ninem_universe_watch},24,0.10794979079497913,,2026-07-13,13.24,,,,0
BTDR,2026-08-04,2026-08-18,unqualified,runup_47%_below_90%,{ninem_universe_watch},9,0.47266514806378135,,2026-08-04,12.93,,,,0
BTDR,2026-08-04,2026-08-19,unqualified,runup_47%_below_90%,{ninem_universe_watch},10,0.47266514806378135,,2026-08-04,12.93,,,,0
BTDR,2026-08-04,2026-08-20,unqualified,runup_47%_below_90%,{ninem_universe_watch},11,0.47266514806378135,,2026-08-04,12.93,,,,0
BTDR,2026-08-04,2026-08-21,unqualified,runup_47%_below_90%,"{momentum_25pct,ninem_universe_watch}",12,0.47266514806378135,,2026-08-04,12.93,,,,0
BTDR,2026-08-04,2026-08-24,unqualified,runup_47%_below_90%,"{momentum_25pct,ninem_universe_watch}",13,0.47266514806378135,,2026-08-04,12.93,,,,0
BTDR,2026-08-04,2026-08-25,unqualified,runup_47%_below_90%,"{momentum_25pct,ninem_universe_watch}",14,0.47266514806378135,,2026-08-04,12.93,,,,0
LIFE,2026-08-04,2026-08-05,unqualified,base_age_0_below_3,"{rs_top200,rs_1m_80,momentum_25pct}",0,,,2026-08-04,29.39,,,,0
LIFE,2026-08-04,2026-08-06,unqualified,base_age_1_below_3,"{rs_top200,rs_1m_80,momentum_25pct}",1,,,2026-08-04,29.39,,,,0
LIFE,2026-08-04,2026-08-07,unqualified,base_age_0_below_3,"{rs_top200,rs_1m_80,momentum_25pct}",0,,,2026-08-06,31.7596,,,,0
LIFE,2026-08-04,2026-08-10,unqualified,base_age_1_below_3,"{rs_top200,rs_1m_80,momentum_25pct}",1,,,2026-08-06,31.7596,,,,0
LIFE,2026-08-04,2026-08-11,unqualified,base_age_0_below_3,"{rs_top200,rs_1m_80,momentum_25pct}",0,,,2026-08-10,32.86,,,,0
LIFE,2026-08-04,2026-08-12,unqualified,base_age_0_below_3,"{rs_top200,rs_1m_80,momentum_25pct}",0,,,2026-08-11,33.8,,,,0
LIFE,2026-08-04,2026-08-13,unqualified,base_age_1_below_3,"{rs_top200,rs_1m_80,momentum_25pct}",1,,,2026-08-11,33.8,,,,0
LIFE,2026-08-04,2026-08-14,unqualified,base_age_0_below_3,"{rs_top200,rs_1m_80,momentum_25pct}",0,,,2026-08-13,35.3,,,,0
LIFE,2026-08-04,2026-08-17,unqualified,base_age_1_below_3,"{rs_top200,rs_1m_80,momentum_25pct}",1,,,2026-08-13,35.3,,,,0
LIFE,2026-08-04,2026-08-18,unqualified,base_age_2_below_3,"{rs_top200,rs_1m_80}",2,,,2026-08-13,35.3,,,,0
LIFE,2026-08-04,2026-08-19,INVALIDATED,close_32.85_below_base_low_close_34.01,"{rs_top200,rs_1m_80}",3,1.3362011912640632,,2026-08-13,35.3,33.173500000000004,27.31375,,0
LIFE,2026-08-04,2026-08-20,WATCH,runup_134% base_4d close_vs_pivot_-5.0%,"{rs_top200,rs_1m_80}",4,1.3362011912640632,,2026-08-13,35.3,33.545,28.038249999999998,,1
LIFE,2026-08-04,2026-08-21,WATCH,runup_134% base_5d close_vs_pivot_-3.2%,"{rs_top200,rs_1m_80}",5,1.3362011912640632,,2026-08-13,35.3,33.8,28.82125,,2
LIFE,2026-08-04,2026-08-24,WATCH,runup_134% base_6d close_vs_pivot_+4.0%,"{rs_top200,rs_1m_80}",6,1.3362011912640632,,2026-08-13,35.3,34.229,29.683249999999997,,2
LIFE,2026-08-04,2026-08-25,unqualified,base_age_0_below_3,"{rs_top200,rs_1m_80}",0,,,2026-08-24,37.17,,,,0
PLTR,2026-08-04,2026-08-05,unqualified,base_age_0_below_3,"{rs_1m_80,momentum_25pct,ninem_universe_watch}",0,,,2026-08-04,164.52,,,,0
PLTR,2026-08-04,2026-08-06,unqualified,base_age_1_below_3,"{rs_1m_80,momentum_25pct,ninem_universe_watch}",1,,,2026-08-04,164.52,,,,0
PLTR,2026-08-04,2026-08-07,unqualified,base_age_2_below_3,"{rs_1m_80,momentum_25pct,ninem_universe_watch}",2,,,2026-08-04,164.52,,,,0
PLTR,2026-08-04,2026-08-10,unqualified,base_age_0_below_3,"{rs_1m_80,momentum_25pct,ninem_universe_watch}",0,,,2026-08-07,172.41,,,,0
PLTR,2026-08-04,2026-08-11,unqualified,base_age_0_below_3,"{rs_1m_80,momentum_25pct,ninem_universe_watch}",0,,,2026-08-10,179.6,,,,0
PLTR,2026-08-04,2026-08-12,unqualified,base_age_1_below_3,"{rs_top200,rs_1m_80,momentum_25pct,ninem_universe_watch}",1,,,2026-08-10,179.6,,,,0
PLTR,2026-08-04,2026-08-13,unqualified,base_age_2_below_3,"{rs_top200,rs_1m_80,momentum_25pct,ninem_universe_watch}",2,,,2026-08-10,179.6,,,,0
PLTR,2026-08-04,2026-08-14,unqualified,runup_69%_below_90%,"{rs_top200,rs_1m_80,momentum_25pct,ninem_universe_watch}",3,0.68844599041083,,2026-08-10,179.6,,,,0
PLTR,2026-08-04,2026-08-17,unqualified,runup_69%_below_90%,"{rs_top200,rs_1m_80,ninem_universe_watch}",4,0.68844599041083,,2026-08-10,179.6,,,,0
PLTR,2026-08-04,2026-08-18,unqualified,runup_69%_below_90%,"{rs_top200,rs_1m_80,ninem_universe_watch}",5,0.68844599041083,,2026-08-10,179.6,,,,0
PLTR,2026-08-04,2026-08-19,unqualified,runup_69%_below_90%,"{rs_top200,rs_1m_80}",6,0.68844599041083,,2026-08-10,179.6,,,,0
PLTR,2026-08-04,2026-08-20,unqualified,runup_69%_below_90%,"{rs_top200,rs_1m_80}",7,0.68844599041083,,2026-08-10,179.6,,,,0
PLTR,2026-08-04,2026-08-21,unqualified,runup_69%_below_90%,"{rs_top200,rs_1m_80}",8,0.68844599041083,,2026-08-10,179.6,,,,0
PLTR,2026-08-04,2026-08-24,unqualified,runup_69%_below_90%,"{rs_top200,rs_1m_80}",9,0.68844599041083,,2026-08-10,179.6,,,,0
TSAT,2026-08-04,2026-08-06,unqualified,adv_198k_below_500k_shares,"{rs_1m_80,momentum_25pct}",,,,,,,,,0
TSAT,2026-08-04,2026-08-07,unqualified,adv_200k_below_500k_shares,"{rs_top200,rs_1m_80,momentum_25pct}",,,,,,,,,0
TSAT,2026-08-04,2026-08-10,unqualified,adv_200k_below_500k_shares,"{rs_top200,rs_1m_80,momentum_25pct}",,,,,,,,,0
TSAT,2026-08-04,2026-08-11,unqualified,adv_200k_below_500k_shares,"{rs_top200,rs_1m_80,momentum_25pct}",,,,,,,,,0
TSAT,2026-08-04,2026-08-12,unqualified,adv_209k_below_500k_shares,"{rs_top200,rs_1m_80,momentum_25pct}",,,,,,,,,0
TSAT,2026-08-04,2026-08-13,unqualified,adv_209k_below_500k_shares,"{rs_1m_80,momentum_25pct}",,,,,,,,,0
TSAT,2026-08-04,2026-08-14,unqualified,adv_210k_below_500k_shares,"{rs_1m_80,momentum_25pct}",,,,,,,,,0
TSAT,2026-08-04,2026-08-17,unqualified,adv_217k_below_500k_shares,{rs_1m_80},,,,,,,,,0
TSAT,2026-08-04,2026-08-18,unqualified,adv_217k_below_500k_shares,{rs_1m_80},,,,,,,,,0
VOYG,2026-08-04,2026-08-05,unqualified,runup_47%_below_90%,"{rs_1m_80,momentum_25pct}",22,0.4691603660962993,,2026-07-02,36.92,,,,0
VOYG,2026-08-04,2026-08-06,unqualified,runup_47%_below_90%,"{rs_1m_80,momentum_25pct}",23,0.4691603660962993,,2026-07-02,36.92,,,,0
VOYG,2026-08-04,2026-08-07,unqualified,base_age_0_below_3,"{rs_1m_80,momentum_25pct}",0,,,2026-08-06,38.77,,,,0
VOYG,2026-08-04,2026-08-10,unqualified,base_age_0_below_3,"{rs_1m_80,momentum_25pct}",0,,,2026-08-07,42.01,,,,0
VOYG,2026-08-04,2026-08-11,unqualified,base_age_0_below_3,"{rs_1m_80,momentum_25pct}",0,,,2026-08-10,43.58,,,,0
VOYG,2026-08-04,2026-08-12,unqualified,base_age_1_below_3,"{rs_1m_80,momentum_25pct}",1,,,2026-08-10,43.58,,,,0
VOYG,2026-08-04,2026-08-13,unqualified,base_age_2_below_3,"{rs_1m_80,momentum_25pct}",2,,,2026-08-10,43.58,,,,0
VOYG,2026-08-04,2026-08-14,unqualified,base_age_0_below_3,"{rs_1m_80,momentum_25pct}",0,,,2026-08-13,45.33,,,,0
VOYG,2026-08-04,2026-08-17,unqualified,base_age_1_below_3,"{rs_1m_80,momentum_25pct}",1,,,2026-08-13,45.33,,,,0
VOYG,2026-08-04,2026-08-18,unqualified,base_age_2_below_3,"{rs_top200,rs_1m_80}",2,,,2026-08-13,45.33,,,,0
VOYG,2026-08-04,2026-08-19,INVALIDATED,close_38.85_below_base_low_close_42.24,{rs_1m_80},3,1.0318242940385476,,2026-08-13,45.33,42.138999999999996,34.613,,0
VOYG,2026-08-04,2026-08-20,INVALIDATED,close_37.92_below_base_low_close_38.85,{rs_1m_80},4,1.0318242940385476,,2026-08-13,45.33,42.1,35.19,,0
VOYG,2026-08-04,2026-08-21,WATCH,runup_103% base_5d close_vs_pivot_-15.3%,{rs_1m_80},5,1.0318242940385476,,2026-08-13,45.33,41.755,35.848,,2
VOYG,2026-08-04,2026-08-24,INVALIDATED,close_35.50_below_base_low_close_37.92,{rs_1m_80},6,1.0318242940385476,,2026-08-13,45.33,41.005,36.310500000000005,,0
ZBRA,2026-08-04,2026-08-05,unqualified,base_age_0_below_3,"{rs_top200,rs_1m_80,momentum_25pct}",0,,,2026-08-04,369.79,,,,0
ZBRA,2026-08-04,2026-08-06,unqualified,base_age_1_below_3,"{rs_top200,rs_1m_80,momentum_25pct}",1,,,2026-08-04,369.79,,,,0
ZBRA,2026-08-04,2026-08-07,unqualified,base_age_2_below_3,"{rs_top200,rs_1m_80,momentum_25pct}",2,,,2026-08-04,369.79,,,,0
ZBRA,2026-08-04,2026-08-10,unqualified,base_age_2_below_3,"{rs_top200,rs_1m_80,momentum_25pct}",2,,,2026-08-05,376.697,,,,0
ZBRA,2026-08-04,2026-08-11,unqualified,runup_78%_below_90%,"{rs_top200,rs_1m_80,momentum_25pct}",3,0.7780468233739262,,2026-08-05,376.697,,,,0
ZBRA,2026-08-04,2026-08-12,unqualified,base_age_2_below_3,"{rs_top200,rs_1m_80,momentum_25pct}",2,,,2026-08-07,383.63,,,,0
ZBRA,2026-08-04,2026-08-13,unqualified,adr_3.9pct_below_4pct,"{rs_top200,rs_1m_80,momentum_25pct}",,,,,,,,,0
ZBRA,2026-08-04,2026-08-14,unqualified,adr_3.9pct_below_4pct,"{rs_top200,rs_1m_80,momentum_25pct}",,,,,,,,,0
ZBRA,2026-08-04,2026-08-17,unqualified,adr_3.8pct_below_4pct,"{rs_top200,rs_1m_80}",,,,,,,,,0
ZBRA,2026-08-04,2026-08-18,unqualified,adr_3.8pct_below_4pct,"{rs_top200,rs_1m_80}",,,,,,,,,0
ZBRA,2026-08-04,2026-08-19,unqualified,adr_3.9pct_below_4pct,"{rs_top200,rs_1m_80}",,,,,,,,,0
ZBRA,2026-08-04,2026-08-20,unqualified,adr_3.9pct_below_4pct,"{rs_top200,rs_1m_80}",,,,,,,,,0
ZBRA,2026-08-04,2026-08-21,unqualified,adr_3.9pct_below_4pct,"{rs_top200,rs_1m_80}",,,,,,,,,0
ZBRA,2026-08-04,2026-08-24,unqualified,adr_3.9pct_below_4pct,"{rs_top200,rs_1m_80}",,,,,,,,,0
APPS,2026-08-05,2026-08-06,unqualified,base_age_0_below_3,"{rs_top200,rs_1m_80,momentum_25pct,ninem_universe_watch}",0,,,2026-08-05,14.1,,,,0
APPS,2026-08-05,2026-08-07,unqualified,base_age_1_below_3,"{rs_top200,rs_1m_80,momentum_25pct,ninem_universe_watch}",1,,,2026-08-05,14.1,,,,0
APPS,2026-08-05,2026-08-10,unqualified,base_age_0_below_3,"{rs_top200,rs_1m_80,momentum_25pct,ninem_universe_watch}",0,,,2026-08-07,15.335,,,,0
APPS,2026-08-05,2026-08-11,unqualified,base_age_1_below_3,"{rs_top200,rs_1m_80,momentum_25pct,ninem_universe_watch}",1,,,2026-08-07,15.335,,,,0
APPS,2026-08-05,2026-08-12,unqualified,base_age_2_below_3,"{rs_top200,rs_1m_80,momentum_25pct,ninem_universe_watch}",2,,,2026-08-07,15.335,,,,0
APPS,2026-08-05,2026-08-13,WATCH,runup_95% base_3d close_vs_pivot_-17.7%,"{rs_top200,rs_1m_80,momentum_25pct,ninem_universe_watch}",3,0.9547482472912685,,2026-08-07,15.335,12.081,10.24975,,1
APPS,2026-08-05,2026-08-14,TIGHTENING,range_1.00 vol_1.00 fresh,"{rs_top200,rs_1m_80,momentum_25pct,ninem_universe_watch}",4,0.9547482472912685,,2026-08-07,15.335,12.519,10.455,,2
APPS,2026-08-05,2026-08-17,INVALIDATED,close_12.24_below_base_low_close_12.41,"{rs_top200,rs_1m_80,momentum_25pct,ninem_universe_watch,flag_stage_carryforward}",5,0.9547482472912685,,2026-08-07,15.335,12.843,10.65,,0
APPS,2026-08-05,2026-08-18,INVALIDATED,close_12.12_below_base_low_close_12.24,"{rs_top200,rs_1m_80,ninem_universe_watch,flag_stage_carryforward}",6,0.9547482472912685,,2026-08-07,15.335,13.104,10.797,,0
APPS,2026-08-05,2026-08-19,INVALIDATED,close_11.23_below_base_low_close_12.12,"{rs_top200,rs_1m_80,ninem_universe_watch,flag_stage_carryforward}",7,0.9547482472912685,,2026-08-07,15.335,12.91,10.934000000000001,,0
APPS,2026-08-05,2026-08-20,INVALIDATED,close_10.71_below_base_low_close_11.23,"{rs_top200,rs_1m_80}",8,0.9547482472912685,,2026-08-07,15.335,12.553999999999998,11.068,,0
APPS,2026-08-05,2026-08-21,INVALIDATED,close_10.87_below_sma20_11.19,"{rs_top200,rs_1m_80}",9,0.9547482472912685,,2026-08-07,15.335,12.206999999999999,11.189,,0
APPS,2026-08-05,2026-08-24,INVALIDATED,close_10.74_below_sma20_11.30,"{rs_top200,rs_1m_80}",10,0.9547482472912685,,2026-08-07,15.335,11.842,11.2965,,0
APPS,2026-08-05,2026-08-25,INVALIDATED,close_10.83_below_sma20_11.42,"{rs_top200,rs_1m_80}",11,0.9547482472912685,,2026-08-07,15.335,11.620999999999999,11.415000000000001,,0
ECG,2026-08-05,2026-08-06,unqualified,runup_20%_below_90%,{momentum_25pct},24,0.2035090316849273,,2026-07-01,162.57,,,,0
ECG,2026-08-05,2026-08-07,unqualified,base_age_1_below_3,{momentum_25pct},1,,,2026-08-05,155.9898,,,,0
ECG,2026-08-05,2026-08-19,unqualified,runup_45%_below_90%,{rs_1m_80},9,0.44669418038488296,,2026-08-05,155.9898,,,,0
KTOS,2026-08-05,2026-08-06,unqualified,base_age_0_below_3,"{rs_1m_80,momentum_25pct,ninem_universe_watch}",0,,,2026-08-05,62.34,,,,0
KTOS,2026-08-05,2026-08-07,unqualified,base_age_1_below_3,"{rs_1m_80,momentum_25pct,ninem_universe_watch}",1,,,2026-08-05,62.34,,,,0
KTOS,2026-08-05,2026-08-10,unqualified,base_age_2_below_3,"{rs_1m_80,momentum_25pct,ninem_universe_watch}",2,,,2026-08-05,62.34,,,,0
KTOS,2026-08-05,2026-08-11,unqualified,runup_45%_below_90%,"{rs_1m_80,momentum_25pct,ninem_universe_watch}",3,0.44673938268739843,,2026-08-05,62.34,,,,0
KTOS,2026-08-05,2026-08-12,unqualified,base_age_1_below_3,"{rs_1m_80,momentum_25pct,ninem_universe_watch}",1,,,2026-08-10,63.17,,,,0
KTOS,2026-08-05,2026-08-13,unqualified,base_age_2_below_3,"{rs_1m_80,momentum_25pct,ninem_universe_watch}",2,,,2026-08-10,63.17,,,,0
KTOS,2026-08-05,2026-08-14,unqualified,base_age_1_below_3,"{rs_1m_80,momentum_25pct,ninem_universe_watch}",1,,,2026-08-12,64.22,,,,0
KTOS,2026-08-05,2026-08-17,unqualified,base_age_0_below_3,"{rs_1m_80,ninem_universe_watch}",0,,,2026-08-14,67.1,,,,0
KTOS,2026-08-05,2026-08-18,unqualified,base_age_1_below_3,"{rs_1m_80,ninem_universe_watch}",1,,,2026-08-14,67.1,,,,0
KTOS,2026-08-05,2026-08-19,unqualified,base_age_2_below_3,"{rs_1m_80,ninem_universe_watch}",2,,,2026-08-14,67.1,,,,0
KTOS,2026-08-05,2026-08-20,unqualified,runup_56%_below_90%,{rs_1m_80},3,0.5572058482246458,,2026-08-14,67.1,,,,0
KTOS,2026-08-05,2026-08-21,unqualified,runup_56%_below_90%,{rs_1m_80},4,0.5572058482246458,,2026-08-14,67.1,,,,0
AEVA,2026-08-06,2026-08-07,unqualified,base_age_0_below_3,"{rs_top200,rs_1m_80,momentum_25pct,ninem_universe_watch}",0,,,2026-08-06,28.42,,,,0
AEVA,2026-08-06,2026-08-10,unqualified,base_age_1_below_3,"{rs_1m_80,momentum_25pct,ninem_universe_watch}",1,,,2026-08-06,28.42,,,,0
AEVA,2026-08-06,2026-08-11,unqualified,base_age_2_below_3,"{rs_1m_80,momentum_25pct,ninem_universe_watch}",2,,,2026-08-06,28.42,,,,0
AEVA,2026-08-06,2026-08-12,unqualified,ma_stack_not_stage2_21.7/18.8/21.5,"{rs_top200,rs_1m_80,momentum_25pct,ninem_universe_watch}",3,1.1036269430051817,,2026-08-06,28.42,21.724,18.81175,,0
AEVA,2026-08-06,2026-08-13,INVALIDATED,close_22.42_below_base_low_close_23.69,"{rs_1m_80,momentum_25pct,ninem_universe_watch}",4,1.1036269430051817,,2026-08-06,28.42,22.32,19.094,,0
AEVA,2026-08-06,2026-08-14,unqualified,ma_stack_not_stage2_22.9/19.4/21.4,"{rs_1m_80,momentum_25pct,ninem_universe_watch}",5,1.1036269430051817,,2026-08-06,28.42,22.894,19.4225,,0
AEVA,2026-08-06,2026-08-17,unqualified,ma_stack_not_stage2_23.4/19.8/21.3,"{rs_1m_80,ninem_universe_watch}",6,1.1036269430051817,,2026-08-06,28.42,23.428,19.815,,0
AEVA,2026-08-06,2026-08-18,INVALIDATED,close_21.03_below_base_low_close_22.42,"{rs_1m_80,ninem_universe_watch}",7,1.1036269430051817,,2026-08-06,28.42,23.488,19.982,,0
AEVA,2026-08-06,2026-08-19,INVALIDATED,close_19.78_below_base_low_close_21.03,"{rs_1m_80,ninem_universe_watch}",8,1.1036269430051817,,2026-08-06,28.42,23.505000000000003,20.1335,,0
AEVA,2026-08-06,2026-08-20,INVALIDATED,close_18.87_below_base_low_close_19.78,"{rs_1m_80,ninem_universe_watch}",9,1.1036269430051817,,2026-08-06,28.42,22.866,20.272,,0
CAI,2026-08-06,2026-08-07,unqualified,base_age_0_below_3,"{rs_top200,rs_1m_80,momentum_25pct,ninem_universe_watch}",0,,,2026-08-06,20.11,,,,0
CAI,2026-08-06,2026-08-10,unqualified,base_age_0_below_3,"{rs_top200,rs_1m_80,momentum_25pct,ninem_universe_watch}",0,,,2026-08-07,22.77,,,,0
CAI,2026-08-06,2026-08-11,unqualified,base_age_0_below_3,"{rs_top200,rs_1m_80,momentum_25pct,ninem_universe_watch}",0,,,2026-08-10,23.44,,,,0
CAI,2026-08-06,2026-08-12,unqualified,base_age_1_below_3,"{rs_1m_80,momentum_25pct,ninem_universe_watch}",1,,,2026-08-10,23.44,,,,0
CAI,2026-08-06,2026-08-13,unqualified,base_age_2_below_3,"{rs_1m_80,momentum_25pct,ninem_universe_watch}",2,,,2026-08-10,23.44,,,,0
CAI,2026-08-06,2026-08-14,unqualified,runup_55%_below_90%,"{rs_1m_80,momentum_25pct,ninem_universe_watch}",3,0.5512905360688287,,2026-08-10,23.44,,,,0
CAI,2026-08-06,2026-08-17,unqualified,runup_55%_below_90%,"{rs_1m_80,momentum_25pct,ninem_universe_watch}",4,0.5512905360688287,,2026-08-10,23.44,,,,0
CAI,2026-08-06,2026-08-18,unqualified,runup_55%_below_90%,"{rs_1m_80,momentum_25pct,ninem_universe_watch}",5,0.5512905360688287,,2026-08-10,23.44,,,,0
CAI,2026-08-06,2026-08-19,unqualified,runup_55%_below_90%,"{rs_1m_80,ninem_universe_watch}",6,0.5512905360688287,,2026-08-10,23.44,,,,0
CAI,2026-08-06,2026-08-20,unqualified,runup_55%_below_90%,"{rs_top200,rs_1m_80,ninem_universe_watch}",7,0.5512905360688287,,2026-08-10,23.44,,,,0
CAI,2026-08-06,2026-08-21,unqualified,base_age_0_below_3,"{rs_top200,rs_1m_80,momentum_25pct}",0,,,2026-08-20,24.765,,,,0
CAI,2026-08-06,2026-08-24,unqualified,base_age_0_below_3,"{rs_top200,rs_1m_80}",0,,,2026-08-21,26.6,,,,0
CAI,2026-08-06,2026-08-25,unqualified,base_age_1_below_3,"{rs_top200,rs_1m_80,momentum_25pct}",1,,,2026-08-21,26.6,,,,0
CAI,2026-08-06,2026-08-26,unqualified,base_age_0_below_3,"{rs_top200,rs_1m_80,momentum_25pct}",0,,,2026-08-25,28.32,,,,0
CAI,2026-08-06,2026-08-27,unqualified,base_age_1_below_3,"{rs_top200,rs_1m_80,momentum_25pct}",1,,,2026-08-25,28.32,,,,0
INSM,2026-08-06,2026-08-07,unqualified,adr_3.8pct_below_4pct,"{rs_1m_80,momentum_25pct,ninem_universe_watch}",,,,,,,,,0
INSM,2026-08-06,2026-08-10,unqualified,adr_3.7pct_below_4pct,"{rs_1m_80,momentum_25pct,ninem_universe_watch}",,,,,,,,,0
INSM,2026-08-06,2026-08-11,unqualified,adr_3.7pct_below_4pct,"{rs_1m_80,momentum_25pct,ninem_universe_watch}",,,,,,,,,0
INSM,2026-08-06,2026-08-12,unqualified,adr_3.7pct_below_4pct,"{rs_1m_80,momentum_25pct,ninem_universe_watch}",,,,,,,,,0
INSM,2026-08-06,2026-08-13,unqualified,adr_3.8pct_below_4pct,"{rs_1m_80,momentum_25pct,ninem_universe_watch}",,,,,,,,,0
INSM,2026-08-06,2026-08-14,unqualified,adr_3.7pct_below_4pct,"{rs_1m_80,momentum_25pct,ninem_universe_watch}",,,,,,,,,0
INSM,2026-08-06,2026-08-17,unqualified,adr_3.7pct_below_4pct,"{rs_1m_80,momentum_25pct,ninem_universe_watch}",,,,,,,,,0
INSM,2026-08-06,2026-08-18,unqualified,adr_3.7pct_below_4pct,"{rs_1m_80,momentum_25pct,ninem_universe_watch}",,,,,,,,,0
INSM,2026-08-06,2026-08-19,unqualified,adr_3.6pct_below_4pct,"{rs_1m_80,ninem_universe_watch}",,,,,,,,,0
INSM,2026-08-06,2026-08-20,unqualified,adr_3.7pct_below_4pct,"{rs_1m_80,ninem_universe_watch}",,,,,,,,,0
INSM,2026-08-06,2026-08-21,unqualified,adr_3.7pct_below_4pct,{rs_1m_80},,,,,,,,,0
INSM,2026-08-06,2026-08-24,unqualified,adr_3.7pct_below_4pct,{rs_1m_80},,,,,,,,,0
INSM,2026-08-06,2026-08-25,unqualified,adr_3.7pct_below_4pct,{rs_1m_80},,,,,,,,,0
INSM,2026-08-06,2026-08-26,unqualified,adr_3.7pct_below_4pct,{rs_1m_80},,,,,,,,,0
LFST,2026-08-06,2026-08-10,unqualified,runup_61%_below_90%,{ninem_universe_watch},15,0.6132596685082872,,2026-07-17,11.68,,,,0
LFST,2026-08-06,2026-08-11,unqualified,base_age_0_below_3,{ninem_universe_watch},0,,,2026-08-10,12.425,,,,0
LFST,2026-08-06,2026-08-12,unqualified,base_age_1_below_3,"{rs_top200,ninem_universe_watch}",1,,,2026-08-10,12.425,,,,0
LFST,2026-08-06,2026-08-13,unqualified,base_age_2_below_3,{ninem_universe_watch},2,,,2026-08-10,12.425,,,,0
LFST,2026-08-06,2026-08-14,unqualified,runup_49%_below_90%,"{rs_top200,ninem_universe_watch}",3,0.48624401913875626,,2026-08-10,12.425,,,,0
LFST,2026-08-06,2026-08-17,unqualified,base_age_0_below_3,"{rs_top200,rs_1m_80,ninem_universe_watch}",0,,,2026-08-14,12.755,,,,0
LFST,2026-08-06,2026-08-18,unqualified,base_age_1_below_3,"{rs_top200,ninem_universe_watch}",1,,,2026-08-14,12.755,,,,0
LFST,2026-08-06,2026-08-19,unqualified,base_age_2_below_3,"{rs_top200,rs_1m_80,ninem_universe_watch}",2,,,2026-08-14,12.755,,,,0
LFST,2026-08-06,2026-08-20,unqualified,runup_48%_below_90%,"{rs_top200,rs_1m_80,ninem_universe_watch}",3,0.4814169570267133,,2026-08-14,12.755,,,,0
LFST,2026-08-06,2026-08-21,unqualified,runup_48%_below_90%,"{rs_top200,rs_1m_80,ninem_universe_watch}",4,0.4814169570267133,,2026-08-14,12.755,,,,0
LFST,2026-08-06,2026-08-24,unqualified,runup_48%_below_90%,"{rs_top200,rs_1m_80,ninem_universe_watch}",5,0.4814169570267133,,2026-08-14,12.755,,,,0
LFST,2026-08-06,2026-08-25,unqualified,runup_48%_below_90%,"{rs_top200,rs_1m_80}",6,0.4814169570267133,,2026-08-14,12.755,,,,0
LFST,2026-08-06,2026-08-26,unqualified,runup_48%_below_90%,"{rs_top200,rs_1m_80}",7,0.4814169570267133,,2026-08-14,12.755,,,,0
LFST,2026-08-06,2026-08-27,unqualified,runup_48%_below_90%,"{rs_top200,rs_1m_80}",8,0.4814169570267133,,2026-08-14,12.755,,,,0
RDW,2026-08-06,2026-08-07,unqualified,base_age_0_below_3,"{rs_1m_80,momentum_25pct,ninem_universe_watch}",0,,,2026-08-06,12.75,,,,0
RDW,2026-08-06,2026-08-10,unqualified,base_age_0_below_3,"{rs_1m_80,momentum_25pct,ninem_universe_watch}",0,,,2026-08-07,13.6787,,,,0
RDW,2026-08-06,2026-08-11,unqualified,base_age_1_below_3,"{rs_1m_80,momentum_25pct,ninem_universe_watch}",1,,,2026-08-07,13.6787,,,,0
RDW,2026-08-06,2026-08-12,unqualified,base_age_2_below_3,"{rs_1m_80,momentum_25pct,ninem_universe_watch}",2,,,2026-08-07,13.6787,,,,0
RDW,2026-08-06,2026-08-13,unqualified,runup_76%_below_90%,"{rs_1m_80,momentum_25pct,ninem_universe_watch}",3,0.7627190721649484,,2026-08-07,13.6787,,,,0
RDW,2026-08-06,2026-08-14,unqualified,runup_76%_below_90%,"{rs_1m_80,momentum_25pct,ninem_universe_watch}",4,0.7627190721649484,,2026-08-07,13.6787,,,,0
RDW,2026-08-06,2026-08-17,unqualified,runup_79%_below_90%,"{rs_1m_80,momentum_25pct,ninem_universe_watch}",4,0.786082474226804,,2026-08-10,13.86,,,,0
RDW,2026-08-06,2026-08-18,unqualified,base_age_0_below_3,"{rs_1m_80,ninem_universe_watch}",0,,,2026-08-17,14.19,,,,0
RDW,2026-08-06,2026-08-19,unqualified,base_age_1_below_3,"{rs_1m_80,ninem_universe_watch}",1,,,2026-08-17,14.19,,,,0
RDW,2026-08-06,2026-08-20,unqualified,base_age_2_below_3,"{rs_1m_80,ninem_universe_watch}",2,,,2026-08-17,14.19,,,,0
RDW,2026-08-06,2026-08-21,unqualified,runup_83%_below_90%,{rs_1m_80},3,0.8286082474226804,,2026-08-17,14.19,,,,0
RDW,2026-08-06,2026-08-24,unqualified,runup_83%_below_90%,{rs_1m_80},4,0.8286082474226804,,2026-08-17,14.19,,,,0
RDW,2026-08-06,2026-08-25,unqualified,runup_83%_below_90%,{rs_1m_80},5,0.8286082474226804,,2026-08-17,14.19,,,,0
SITM,2026-08-06,2026-08-07,unqualified,adv_464k_below_500k_shares,"{rs_top200,rs_1m_80,momentum_25pct}",,,,,,,,,0
SITM,2026-08-06,2026-08-10,unqualified,adv_480k_below_500k_shares,"{rs_1m_80,momentum_25pct}",,,,,,,,,0
SITM,2026-08-06,2026-08-11,unqualified,adv_480k_below_500k_shares,"{rs_1m_80,momentum_25pct}",,,,,,,,,0
SITM,2026-08-06,2026-08-12,unqualified,adv_480k_below_500k_shares,"{rs_1m_80,momentum_25pct}",,,,,,,,,0
SITM,2026-08-06,2026-08-13,unqualified,adv_464k_below_500k_shares,"{rs_1m_80,momentum_25pct}",,,,,,,,,0
SITM,2026-08-06,2026-08-14,unqualified,adv_444k_below_500k_shares,"{rs_1m_80,momentum_25pct}",,,,,,,,,0
SITM,2026-08-06,2026-08-17,unqualified,adv_464k_below_500k_shares,"{rs_1m_80,momentum_25pct}",,,,,,,,,0
SITM,2026-08-06,2026-08-18,unqualified,adv_444k_below_500k_shares,"{rs_1m_80,momentum_25pct}",,,,,,,,,0
SITM,2026-08-06,2026-08-19,unqualified,adv_464k_below_500k_shares,{rs_1m_80},,,,,,,,,0
SITM,2026-08-06,2026-08-20,unqualified,adv_464k_below_500k_shares,{rs_1m_80},,,,,,,,,0
SITM,2026-08-06,2026-08-21,unqualified,adv_464k_below_500k_shares,{rs_1m_80},,,,,,,,,0
SITM,2026-08-06,2026-08-26,unqualified,adv_414k_below_500k_shares,{rs_1m_80},,,,,,,,,0
U,2026-08-06,2026-08-07,unqualified,base_age_0_below_3,"{rs_top200,rs_1m_80,momentum_25pct,ninem_universe_watch}",0,,,2026-08-06,41.66,,,,0
U,2026-08-06,2026-08-10,unqualified,base_age_0_below_3,"{rs_top200,rs_1m_80,momentum_25pct,ninem_universe_watch}",0,,,2026-08-07,44.38,,,,0
U,2026-08-06,2026-08-11,unqualified,base_age_1_below_3,"{rs_top200,rs_1m_80,momentum_25pct,ninem_universe_watch}",1,,,2026-08-07,44.38,,,,0
U,2026-08-06,2026-08-12,unqualified,base_age_2_below_3,"{rs_top200,rs_1m_80,momentum_25pct,ninem_universe_watch}",2,,,2026-08-07,44.38,,,,0
U,2026-08-06,2026-08-13,unqualified,runup_74%_below_90%,"{rs_top200,rs_1m_80,momentum_25pct,ninem_universe_watch}",3,0.7356276886976927,,2026-08-07,44.38,,,,0
U,2026-08-06,2026-08-14,unqualified,base_age_0_below_3,"{rs_top200,rs_1m_80,momentum_25pct,ninem_universe_watch}",0,,,2026-08-13,45.84,,,,0
U,2026-08-06,2026-08-17,unqualified,base_age_1_below_3,"{rs_top200,rs_1m_80,momentum_25pct,ninem_universe_watch}",1,,,2026-08-13,45.84,,,,0
U,2026-08-06,2026-08-18,unqualified,base_age_2_below_3,"{rs_top200,rs_1m_80,momentum_25pct,ninem_universe_watch}",2,,,2026-08-13,45.84,,,,0
U,2026-08-06,2026-08-19,unqualified,base_age_0_below_3,"{rs_top200,rs_1m_80,ninem_universe_watch}",0,,,2026-08-18,47.25,,,,0
U,2026-08-06,2026-08-20,unqualified,base_age_1_below_3,"{rs_top200,rs_1m_80,ninem_universe_watch}",1,,,2026-08-18,47.25,,,,0
U,2026-08-06,2026-08-21,unqualified,base_age_0_below_3,"{rs_top200,rs_1m_80}",0,,,2026-08-20,48.46,,,,0
U,2026-08-06,2026-08-24,unqualified,base_age_1_below_3,"{rs_top200,rs_1m_80}",1,,,2026-08-20,48.46,,,,0
U,2026-08-06,2026-08-25,unqualified,base_age_2_below_3,"{rs_top200,rs_1m_80}",2,,,2026-08-20,48.46,,,,0
U,2026-08-06,2026-08-26,unqualified,runup_87%_below_90%,"{rs_top200,rs_1m_80}",3,0.8703203396372057,,2026-08-20,48.46,,,,0
U,2026-08-06,2026-08-27,unqualified,runup_87%_below_90%,{rs_top200},4,0.8703203396372057,,2026-08-20,48.46,,,,0
ACMR,2026-08-07,2026-08-18,unqualified,runup_65%_below_90%,{rs_1m_80},23,0.6543816543816545,,2026-07-15,101,,,,0
ACMR,2026-08-07,2026-08-19,unqualified,runup_65%_below_90%,{rs_1m_80},24,0.6543816543816545,,2026-07-15,101,,,,0
FIGS,2026-08-07,2026-08-10,unqualified,base_age_0_below_3,"{rs_1m_80,momentum_25pct,ninem_universe_watch}",0,,,2026-08-07,16.38,,,,0
FIGS,2026-08-07,2026-08-11,unqualified,base_age_1_below_3,"{rs_1m_80,momentum_25pct,ninem_universe_watch}",1,,,2026-08-07,16.38,,,,0
FIGS,2026-08-07,2026-08-12,unqualified,base_age_2_below_3,"{rs_1m_80,momentum_25pct,magna53_failed_r3,ninem_universe_watch}",2,,,2026-08-07,16.38,,,,0
FIGS,2026-08-07,2026-08-13,unqualified,runup_79%_below_90%,"{rs_1m_80,momentum_25pct,magna53_failed_r3,ninem_universe_watch}",3,0.7862595419847327,,2026-08-07,16.38,,,,0
FIGS,2026-08-07,2026-08-14,unqualified,runup_79%_below_90%,"{rs_1m_80,momentum_25pct,magna53_failed_r3,ninem_universe_watch}",4,0.7862595419847327,,2026-08-07,16.38,,,,0
FIGS,2026-08-07,2026-08-17,unqualified,runup_79%_below_90%,"{rs_1m_80,momentum_25pct,ninem_universe_watch}",5,0.7862595419847327,,2026-08-07,16.38,,,,0
FIGS,2026-08-07,2026-08-18,unqualified,runup_79%_below_90%,"{rs_1m_80,momentum_25pct,ninem_universe_watch}",6,0.7862595419847327,,2026-08-07,16.38,,,,0
FIGS,2026-08-07,2026-08-19,unqualified,runup_79%_below_90%,"{rs_1m_80,momentum_25pct,ninem_universe_watch}",7,0.7862595419847327,,2026-08-07,16.38,,,,0
FIGS,2026-08-07,2026-08-20,unqualified,runup_79%_below_90%,"{rs_1m_80,ninem_universe_watch}",8,0.7862595419847327,,2026-08-07,16.38,,,,0
FIGS,2026-08-07,2026-08-21,unqualified,runup_79%_below_90%,"{rs_1m_80,ninem_universe_watch}",9,0.7862595419847327,,2026-08-07,16.38,,,,0
FIGS,2026-08-07,2026-08-24,unqualified,runup_79%_below_90%,{rs_1m_80},10,0.7862595419847327,,2026-08-07,16.38,,,,0
FIGS,2026-08-07,2026-08-25,unqualified,runup_79%_below_90%,{rs_1m_80},11,0.7862595419847327,,2026-08-07,16.38,,,,0
FIGS,2026-08-07,2026-08-26,unqualified,runup_79%_below_90%,{rs_1m_80},12,0.7862595419847327,,2026-08-07,16.38,,,,0
FIGS,2026-08-07,2026-08-27,unqualified,runup_79%_below_90%,{rs_1m_80},13,0.7862595419847327,,2026-08-07,16.38,,,,0
FIGS,2026-08-07,2026-08-28,unqualified,runup_79%_below_90%,{rs_1m_80},14,0.7862595419847327,,2026-08-07,16.38,,,,0
FROG,2026-08-07,2026-08-13,unqualified,runup_33%_below_90%,{rs_1m_80},3,0.3342805655669532,,2026-08-07,96.255,,,,0
FROG,2026-08-07,2026-08-14,unqualified,runup_33%_below_90%,"{rs_top200,rs_1m_80}",4,0.3342805655669532,,2026-08-07,96.255,,,,0
FROG,2026-08-07,2026-08-17,unqualified,base_age_0_below_3,"{rs_top200,rs_1m_80}",0,,,2026-08-14,98.47,,,,0
FROG,2026-08-07,2026-08-18,unqualified,base_age_1_below_3,"{rs_top200,rs_1m_80}",1,,,2026-08-14,98.47,,,,0
FROG,2026-08-07,2026-08-19,unqualified,base_age_2_below_3,"{rs_top200,rs_1m_80}",2,,,2026-08-14,98.47,,,,0
FROG,2026-08-07,2026-08-20,unqualified,runup_36%_below_90%,{rs_1m_80},3,0.36498475187136115,,2026-08-14,98.47,,,,0
FROG,2026-08-07,2026-08-21,unqualified,runup_36%_below_90%,{rs_1m_80},4,0.36498475187136115,,2026-08-14,98.47,,,,0
FROG,2026-08-07,2026-08-24,unqualified,runup_36%_below_90%,{rs_1m_80},5,0.36498475187136115,,2026-08-14,98.47,,,,0
FROG,2026-08-07,2026-08-26,unqualified,runup_36%_below_90%,"{rs_top200,rs_1m_80}",7,0.36498475187136115,,2026-08-14,98.47,,,,0
FROG,2026-08-07,2026-08-27,unqualified,runup_36%_below_90%,"{rs_top200,rs_1m_80}",8,0.36498475187136115,,2026-08-14,98.47,,,,0
FROG,2026-08-07,2026-08-28,unqualified,base_age_0_below_3,"{rs_top200,rs_1m_80}",0,,,2026-08-27,104.83,,,,0
NET,2026-08-07,2026-08-10,unqualified,base_age_0_below_3,"{rs_1m_80,ninem_universe_watch}",0,,,2026-08-07,324.73,,,,0
NET,2026-08-07,2026-08-11,unqualified,base_age_1_below_3,{ninem_universe_watch},1,,,2026-08-07,324.73,,,,0
NET,2026-08-07,2026-08-12,unqualified,base_age_2_below_3,"{rs_top200,rs_1m_80,magna53_failed_r3,ninem_universe_watch}",2,,,2026-08-07,324.73,,,,0
NET,2026-08-07,2026-08-13,unqualified,runup_53%_below_90%,"{rs_top200,rs_1m_80,magna53_failed_r3,ninem_universe_watch}",3,0.5294366993217785,,2026-08-07,324.73,,,,0
NET,2026-08-07,2026-08-14,unqualified,base_age_0_below_3,"{rs_top200,rs_1m_80,magna53_failed_r3,ninem_universe_watch}",0,,,2026-08-13,332.22,,,,0
NET,2026-08-07,2026-08-17,unqualified,base_age_1_below_3,"{rs_top200,rs_1m_80,ninem_universe_watch}",1,,,2026-08-13,332.22,,,,0
NET,2026-08-07,2026-08-18,unqualified,base_age_2_below_3,"{rs_top200,rs_1m_80,ninem_universe_watch}",2,,,2026-08-13,332.22,,,,0
NET,2026-08-07,2026-08-19,unqualified,runup_56%_below_90%,{ninem_universe_watch},3,0.564713639788998,,2026-08-13,332.22,,,,0
NET,2026-08-07,2026-08-20,unqualified,runup_56%_below_90%,{ninem_universe_watch},4,0.564713639788998,,2026-08-13,332.22,,,,0
NET,2026-08-07,2026-08-21,unqualified,runup_56%_below_90%,{ninem_universe_watch},5,0.564713639788998,,2026-08-13,332.22,,,,0
NET,2026-08-07,2026-08-27,unqualified,runup_56%_below_90%,"{rs_top200,rs_1m_80}",9,0.564713639788998,,2026-08-13,332.22,,,,0
ONTO,2026-08-07,2026-08-10,unqualified,runup_40%_below_90%,{momentum_25pct},21,0.4007013270619857,,2026-07-09,333.535,,,,0
ONTO,2026-08-07,2026-08-11,unqualified,runup_40%_below_90%,{momentum_25pct},22,0.4007013270619857,,2026-07-09,333.535,,,,0
ONTO,2026-08-07,2026-08-12,unqualified,runup_40%_below_90%,"{rs_1m_80,momentum_25pct}",23,0.4007013270619857,,2026-07-09,333.535,,,,0
ONTO,2026-08-07,2026-08-13,unqualified,base_age_0_below_3,"{rs_1m_80,momentum_25pct}",0,,,2026-08-12,343.58,,,,0
ONTO,2026-08-07,2026-08-14,unqualified,base_age_1_below_3,{rs_1m_80},1,,,2026-08-12,343.58,,,,0
ONTO,2026-08-07,2026-08-17,unqualified,base_age_2_below_3,"{rs_1m_80,momentum_25pct}",2,,,2026-08-12,343.58,,,,0
ONTO,2026-08-07,2026-08-18,unqualified,base_age_0_below_3,{rs_1m_80},0,,,2026-08-17,353.8362,,,,0
ONTO,2026-08-07,2026-08-19,unqualified,base_age_1_below_3,{rs_1m_80},1,,,2026-08-17,353.8362,,,,0
ONTO,2026-08-07,2026-08-20,unqualified,base_age_2_below_3,{rs_1m_80},2,,,2026-08-17,353.8362,,,,0
ONTO,2026-08-07,2026-08-21,unqualified,runup_65%_below_90%,{rs_1m_80},3,0.6452133513677634,,2026-08-17,353.8362,,,,0
ONTO,2026-08-07,2026-08-27,unqualified,runup_65%_below_90%,{rs_1m_80},7,0.6452133513677634,,2026-08-17,353.8362,,,,0
QNST,2026-08-07,2026-08-10,unqualified,base_age_0_below_3,"{rs_top200,rs_1m_80,momentum_25pct}",0,,,2026-08-07,21.28,,,,0
QNST,2026-08-07,2026-08-11,unqualified,base_age_0_below_3,"{rs_top200,rs_1m_80,momentum_25pct}",0,,,2026-08-10,22.29,,,,0
QNST,2026-08-07,2026-08-12,unqualified,base_age_1_below_3,"{rs_top200,rs_1m_80,momentum_25pct}",1,,,2026-08-10,22.29,,,,0
QNST,2026-08-07,2026-08-13,unqualified,base_age_2_below_3,"{rs_top200,rs_1m_80,momentum_25pct}",2,,,2026-08-10,22.29,,,,0
QNST,2026-08-07,2026-08-14,unqualified,runup_85%_below_90%,"{rs_top200,rs_1m_80,momentum_25pct}",3,0.8528678304239401,,2026-08-10,22.29,,,,0
QNST,2026-08-07,2026-08-17,unqualified,runup_85%_below_90%,"{rs_top200,rs_1m_80,momentum_25pct}",4,0.8528678304239401,,2026-08-10,22.29,,,,0
QNST,2026-08-07,2026-08-18,unqualified,runup_85%_below_90%,"{rs_top200,rs_1m_80,momentum_25pct}",5,0.8528678304239401,,2026-08-10,22.29,,,,0
QNST,2026-08-07,2026-08-19,unqualified,adr_4.0pct_below_4pct,"{rs_top200,rs_1m_80,momentum_25pct}",,,,,,,,,0
QNST,2026-08-07,2026-08-20,unqualified,adr_4.0pct_below_4pct,"{rs_top200,rs_1m_80}",,,,,,,,,0
QNST,2026-08-07,2026-08-21,unqualified,adr_4.0pct_below_4pct,"{rs_top200,rs_1m_80}",,,,,,,,,0
QNST,2026-08-07,2026-08-24,unqualified,adr_4.0pct_below_4pct,"{rs_top200,rs_1m_80}",,,,,,,,,0
QNST,2026-08-07,2026-08-25,unqualified,runup_81%_below_90%,"{rs_top200,rs_1m_80}",9,0.8125516102394716,,2026-08-11,21.95,,,,0
QNST,2026-08-07,2026-08-26,unqualified,runup_81%_below_90%,"{rs_top200,rs_1m_80}",10,0.8125516102394716,,2026-08-11,21.95,,,,0
QNST,2026-08-07,2026-08-27,unqualified,runup_81%_below_90%,"{rs_top200,rs_1m_80}",11,0.8125516102394716,,2026-08-11,21.95,,,,0
TEAM,2026-08-07,2026-08-10,unqualified,base_age_0_below_3,"{rs_top200,rs_1m_80,momentum_25pct,ninem_universe_watch}",0,,,2026-08-07,153.2,,,,0
TEAM,2026-08-07,2026-08-11,unqualified,base_age_1_below_3,"{rs_top200,rs_1m_80,momentum_25pct,ninem_universe_watch}",1,,,2026-08-07,153.2,,,,0
TEAM,2026-08-07,2026-08-12,unqualified,base_age_2_below_3,"{rs_top200,rs_1m_80,momentum_25pct,magna53_failed_r3,ninem_universe_watch}",2,,,2026-08-07,153.2,,,,0
TEAM,2026-08-07,2026-08-13,unqualified,base_age_2_below_3,"{rs_top200,rs_1m_80,momentum_25pct,magna53_failed_r3,ninem_universe_watch}",2,,,2026-08-10,153.99,,,,0
TEAM,2026-08-07,2026-08-14,unqualified,base_age_0_below_3,"{rs_top200,rs_1m_80,momentum_25pct,magna53_failed_r3,ninem_universe_watch}",0,,,2026-08-13,167.11,,,,0
TEAM,2026-08-07,2026-08-17,unqualified,base_age_1_below_3,"{rs_top200,rs_1m_80,momentum_25pct,ninem_universe_watch}",1,,,2026-08-13,167.11,,,,0
TEAM,2026-08-07,2026-08-18,unqualified,base_age_2_below_3,"{rs_top200,rs_1m_80,momentum_25pct,ninem_universe_watch}",2,,,2026-08-13,167.11,,,,0
TEAM,2026-08-07,2026-08-19,WATCH,runup_125% base_3d close_vs_pivot_+4.3%,"{rs_top200,rs_1m_80,momentum_25pct,ninem_universe_watch}",3,1.245800295659186,,2026-08-13,167.11,154.42000000000002,126.89175,,1
TEAM,2026-08-07,2026-08-20,unqualified,base_age_0_below_3,"{rs_top200,rs_1m_80,ninem_universe_watch}",0,,,2026-08-19,176.15,,,,0
TEAM,2026-08-07,2026-08-21,unqualified,base_age_1_below_3,"{rs_top200,rs_1m_80,ninem_universe_watch}",1,,,2026-08-19,176.15,,,,0
TEAM,2026-08-07,2026-08-24,unqualified,base_age_2_below_3,"{rs_top200,rs_1m_80}",2,,,2026-08-19,176.15,,,,0
TEAM,2026-08-07,2026-08-25,INVALIDATED,close_166.49_below_base_low_close_171.33,"{rs_top200,rs_1m_80}",3,1.367289342830265,,2026-08-19,176.15,166.355,142.97475,,0
TEAM,2026-08-07,2026-08-26,WATCH,runup_137% base_4d close_vs_pivot_-4.4%,"{rs_top200,rs_1m_80}",4,1.367289342830265,,2026-08-19,176.15,167.678,146.18425,,1
TEAM,2026-08-07,2026-08-27,WATCH,runup_137% base_5d close_vs_pivot_+5.4%,"{rs_top200,rs_1m_80}",5,1.367289342830265,,2026-08-19,176.15,169.642,150.55925,,1
TEAM,2026-08-07,2026-08-28,unqualified,base_age_0_below_3,"{rs_top200,rs_1m_80}",0,,,2026-08-27,185.73,,,,0
TWLO,2026-08-07,2026-08-10,unqualified,base_age_0_below_3,"{rs_top200,rs_1m_80,momentum_25pct}",0,,,2026-08-07,254.5,,,,0
TWLO,2026-08-07,2026-08-11,unqualified,base_age_1_below_3,"{rs_top200,rs_1m_80,momentum_25pct}",1,,,2026-08-07,254.5,,,,0
TWLO,2026-08-07,2026-08-12,unqualified,base_age_2_below_3,"{rs_top200,rs_1m_80,momentum_25pct}",2,,,2026-08-07,254.5,,,,0
TWLO,2026-08-07,2026-08-13,unqualified,runup_42%_below_90%,"{rs_top200,rs_1m_80,momentum_25pct}",3,0.420200892857143,,2026-08-07,254.5,,,,0
TWLO,2026-08-07,2026-08-14,unqualified,runup_42%_below_90%,"{rs_top200,rs_1m_80}",4,0.420200892857143,,2026-08-07,254.5,,,,0
TWLO,2026-08-07,2026-08-17,unqualified,runup_42%_below_90%,{rs_1m_80},5,0.420200892857143,,2026-08-07,254.5,,,,0
TWLO,2026-08-07,2026-08-18,unqualified,runup_42%_below_90%,"{rs_top200,rs_1m_80}",6,0.420200892857143,,2026-08-07,254.5,,,,0
TWLO,2026-08-07,2026-08-19,unqualified,runup_42%_below_90%,"{rs_top200,rs_1m_80}",7,0.420200892857143,,2026-08-07,254.5,,,,0
TWLO,2026-08-07,2026-08-20,unqualified,runup_42%_below_90%,"{rs_top200,rs_1m_80}",8,0.420200892857143,,2026-08-07,254.5,,,,0
TWLO,2026-08-07,2026-08-21,unqualified,runup_42%_below_90%,{rs_1m_80},9,0.420200892857143,,2026-08-07,254.5,,,,0
TWLO,2026-08-07,2026-08-24,unqualified,runup_42%_below_90%,"{rs_top200,rs_1m_80}",10,0.420200892857143,,2026-08-07,254.5,,,,0
TWLO,2026-08-07,2026-08-25,unqualified,runup_42%_below_90%,"{rs_top200,rs_1m_80}",11,0.420200892857143,,2026-08-07,254.5,,,,0
TWLO,2026-08-07,2026-08-26,unqualified,runup_42%_below_90%,"{rs_top200,rs_1m_80}",12,0.420200892857143,,2026-08-07,254.5,,,,0
TWLO,2026-08-07,2026-08-27,unqualified,runup_42%_below_90%,"{rs_top200,rs_1m_80}",13,0.420200892857143,,2026-08-07,254.5,,,,0
ABCL,2026-08-10,2026-08-11,unqualified,base_age_0_below_3,"{rs_top200,rs_1m_80,momentum_25pct,ninem_universe_watch}",0,,,2026-08-10,10.01,,,,0
ABCL,2026-08-10,2026-08-12,unqualified,base_age_0_below_3,"{rs_top200,rs_1m_80,momentum_25pct,ninem_universe_watch}",0,,,2026-08-11,10.29,,,,0
ABCL,2026-08-10,2026-08-13,unqualified,base_age_1_below_3,"{rs_top200,rs_1m_80,momentum_25pct,ninem_universe_watch}",1,,,2026-08-11,10.29,,,,0
ABCL,2026-08-10,2026-08-14,unqualified,base_age_0_below_3,"{rs_top200,rs_1m_80,momentum_25pct,ninem_universe_watch}",0,,,2026-08-13,11.065,,,,0
ABCL,2026-08-10,2026-08-17,unqualified,base_age_0_below_3,"{rs_top200,rs_1m_80,momentum_25pct,ninem_universe_watch}",0,,,2026-08-14,11.5,,,,0
ABCL,2026-08-10,2026-08-18,unqualified,base_age_1_below_3,"{rs_top200,rs_1m_80,momentum_25pct,ninem_universe_watch}",1,,,2026-08-14,11.5,,,,0
ABCL,2026-08-10,2026-08-19,unqualified,base_age_2_below_3,"{rs_top200,rs_1m_80,momentum_25pct,ninem_universe_watch}",2,,,2026-08-14,11.5,,,,0
ABCL,2026-08-10,2026-08-20,unqualified,base_age_0_below_3,"{rs_top200,rs_1m_80,momentum_25pct,ninem_universe_watch}",0,,,2026-08-19,12.15,,,,0
ABCL,2026-08-10,2026-08-21,unqualified,base_age_1_below_3,"{rs_top200,rs_1m_80,ninem_universe_watch}",1,,,2026-08-19,12.15,,,,0
ABCL,2026-08-10,2026-08-24,unqualified,base_age_2_below_3,"{rs_top200,rs_1m_80,ninem_universe_watch}",2,,,2026-08-19,12.15,,,,0
ABCL,2026-08-10,2026-08-25,WATCH,runup_144% base_3d close_vs_pivot_+2.9%,"{rs_top200,rs_1m_80}",3,1.439759036144578,,2026-08-19,12.15,11.3035,9.01125,,1
ABCL,2026-08-10,2026-08-26,unqualified,base_age_0_below_3,"{rs_top200,rs_1m_80}",0,,,2026-08-25,12.5,,,,0
ABCL,2026-08-10,2026-08-27,unqualified,base_age_1_below_3,"{rs_top200,rs_1m_80}",1,,,2026-08-25,12.5,,,,0
ABCL,2026-08-10,2026-08-28,unqualified,base_age_2_below_3,"{rs_top200,rs_1m_80}",2,,,2026-08-25,12.5,,,,0
ABCL,2026-08-10,2026-08-31,WATCH,runup_151% base_3d close_vs_pivot_-8.2%,"{rs_top200,rs_1m_80}",3,1.51004016064257,,2026-08-25,12.5,11.66,10.25375,,1
ACHR,2026-08-10,2026-08-11,unqualified,base_age_0_below_3,"{rs_top200,rs_1m_80,momentum_25pct,ninem_universe_watch}",0,,,2026-08-10,6.87,,,,0
ACHR,2026-08-10,2026-08-12,unqualified,base_age_0_below_3,"{rs_1m_80,momentum_25pct,ninem_universe_watch}",0,,,2026-08-11,7.08,,,,0
ACHR,2026-08-10,2026-08-13,unqualified,base_age_1_below_3,"{rs_top200,rs_1m_80,momentum_25pct,ninem_universe_watch}",1,,,2026-08-11,7.08,,,,0
ACHR,2026-08-10,2026-08-14,unqualified,base_age_2_below_3,"{rs_1m_80,momentum_25pct,ninem_universe_watch}",2,,,2026-08-11,7.08,,,,0
ACHR,2026-08-10,2026-08-17,unqualified,base_age_0_below_3,"{rs_1m_80,ninem_universe_watch}",0,,,2026-08-14,7.29,,,,0
ACHR,2026-08-10,2026-08-18,unqualified,base_age_1_below_3,"{rs_1m_80,ninem_universe_watch}",1,,,2026-08-14,7.29,,,,0
ACHR,2026-08-10,2026-08-19,unqualified,base_age_2_below_3,"{rs_1m_80,ninem_universe_watch}",2,,,2026-08-14,7.29,,,,0
ACHR,2026-08-10,2026-08-20,unqualified,runup_70%_below_90%,"{rs_1m_80,ninem_universe_watch}",3,0.6953488372093024,,2026-08-14,7.29,,,,0
ACHR,2026-08-10,2026-08-21,unqualified,runup_70%_below_90%,"{rs_1m_80,ninem_universe_watch}",4,0.6953488372093024,,2026-08-14,7.29,,,,0
ACHR,2026-08-10,2026-08-24,unqualified,runup_70%_below_90%,"{rs_1m_80,ninem_universe_watch}",5,0.6953488372093024,,2026-08-14,7.29,,,,0
ACHR,2026-08-10,2026-08-25,unqualified,runup_70%_below_90%,{rs_1m_80},6,0.6953488372093024,,2026-08-14,7.29,,,,0
ACHR,2026-08-10,2026-08-26,unqualified,runup_70%_below_90%,{rs_1m_80},7,0.6953488372093024,,2026-08-14,7.29,,,,0
ACHR,2026-08-10,2026-08-27,unqualified,runup_70%_below_90%,{rs_1m_80},8,0.6953488372093024,,2026-08-14,7.29,,,,0
NESR,2026-08-10,2026-08-11,unqualified,base_age_0_below_3,"{rs_top200,rs_1m_80,momentum_25pct}",0,,,2026-08-10,36.6,,,,0
NESR,2026-08-10,2026-08-12,unqualified,base_age_1_below_3,"{rs_top200,rs_1m_80,momentum_25pct}",1,,,2026-08-10,36.6,,,,0
NESR,2026-08-10,2026-08-13,unqualified,base_age_2_below_3,"{rs_top200,rs_1m_80,momentum_25pct}",2,,,2026-08-10,36.6,,,,0
NESR,2026-08-10,2026-08-14,unqualified,runup_55%_below_90%,"{rs_top200,rs_1m_80,momentum_25pct}",3,0.5534804753820035,,2026-08-10,36.6,,,,0
NESR,2026-08-10,2026-08-17,unqualified,runup_55%_below_90%,"{rs_top200,rs_1m_80,momentum_25pct}",4,0.5534804753820035,,2026-08-10,36.6,,,,0
NESR,2026-08-10,2026-08-18,unqualified,runup_55%_below_90%,"{rs_top200,rs_1m_80,momentum_25pct}",5,0.5534804753820035,,2026-08-10,36.6,,,,0
NESR,2026-08-10,2026-08-19,unqualified,runup_55%_below_90%,"{rs_top200,rs_1m_80}",6,0.5534804753820035,,2026-08-10,36.6,,,,0
NESR,2026-08-10,2026-08-20,unqualified,runup_55%_below_90%,"{rs_top200,rs_1m_80}",7,0.5534804753820035,,2026-08-10,36.6,,,,0
NESR,2026-08-10,2026-08-21,unqualified,runup_55%_below_90%,"{rs_top200,rs_1m_80}",8,0.5534804753820035,,2026-08-10,36.6,,,,0
NESR,2026-08-10,2026-08-24,unqualified,runup_55%_below_90%,"{rs_top200,rs_1m_80}",9,0.5534804753820035,,2026-08-10,36.6,,,,0
NESR,2026-08-10,2026-08-25,unqualified,runup_55%_below_90%,"{rs_top200,rs_1m_80}",10,0.5534804753820035,,2026-08-10,36.6,,,,0
NESR,2026-08-10,2026-08-26,unqualified,runup_55%_below_90%,"{rs_top200,rs_1m_80}",11,0.5534804753820035,,2026-08-10,36.6,,,,0
NESR,2026-08-10,2026-08-27,unqualified,runup_55%_below_90%,"{rs_top200,rs_1m_80}",12,0.5534804753820035,,2026-08-10,36.6,,,,0
NESR,2026-08-10,2026-08-28,unqualified,runup_55%_below_90%,"{rs_top200,rs_1m_80}",13,0.5534804753820035,,2026-08-10,36.6,,,,0
TH,2026-08-10,2026-08-18,unqualified,base_age_0_below_3,{rs_1m_80},0,,,2026-08-17,18.16,,,,0
TH,2026-08-10,2026-08-19,unqualified,base_age_1_below_3,{rs_1m_80},1,,,2026-08-17,18.16,,,,0
TH,2026-08-10,2026-08-20,unqualified,base_age_2_below_3,{rs_1m_80},2,,,2026-08-17,18.16,,,,0
TH,2026-08-10,2026-08-21,unqualified,runup_29%_below_90%,{rs_1m_80},3,0.2897727272727273,,2026-08-17,18.16,,,,0
TH,2026-08-10,2026-08-24,unqualified,runup_29%_below_90%,{rs_1m_80},4,0.2897727272727273,,2026-08-17,18.16,,,,0
TH,2026-08-10,2026-08-25,unqualified,runup_29%_below_90%,{rs_1m_80},5,0.2897727272727273,,2026-08-17,18.16,,,,0
TH,2026-08-10,2026-08-27,unqualified,base_age_0_below_3,{rs_1m_80},0,,,2026-08-26,18.6794,,,,0
TH,2026-08-10,2026-08-28,unqualified,base_age_0_below_3,{rs_1m_80},0,,,2026-08-27,19.06,,,,0
TH,2026-08-10,2026-08-31,unqualified,base_age_0_below_3,{rs_1m_80},0,,,2026-08-28,19.65,,,,0
BW,2026-08-11,2026-08-12,unqualified,runup_21%_below_90%,"{magna53_failed_r3,ninem_universe_watch}",21,0.2064264849074977,,2026-07-13,12.39,,,,0
BW,2026-08-11,2026-08-13,unqualified,runup_21%_below_90%,"{magna53_failed_r3,ninem_universe_watch}",22,0.2064264849074977,,2026-07-13,12.39,,,,0
BW,2026-08-11,2026-08-14,unqualified,runup_21%_below_90%,"{magna53_failed_r3,ninem_universe_watch}",23,0.2064264849074977,,2026-07-13,12.39,,,,0
BW,2026-08-11,2026-08-17,unqualified,runup_21%_below_90%,"{magna53_failed_r3,ninem_universe_watch}",24,0.2064264849074977,,2026-07-13,12.39,,,,0
BW,2026-08-11,2026-08-18,unqualified,runup_52%_below_90%,"{magna53_failed_r3,ninem_universe_watch}",4,0.523329129886507,,2026-08-11,12.08,,,,0
BW,2026-08-11,2026-08-19,unqualified,runup_52%_below_90%,{ninem_universe_watch},5,0.523329129886507,,2026-08-11,12.08,,,,0
BW,2026-08-11,2026-08-20,unqualified,runup_52%_below_90%,{ninem_universe_watch},6,0.523329129886507,,2026-08-11,12.08,,,,0
BW,2026-08-11,2026-08-21,unqualified,runup_52%_below_90%,{ninem_universe_watch},7,0.523329129886507,,2026-08-11,12.08,,,,0
BW,2026-08-11,2026-08-24,unqualified,runup_52%_below_90%,{ninem_universe_watch},8,0.523329129886507,,2026-08-11,12.08,,,,0
BW,2026-08-11,2026-08-25,unqualified,runup_52%_below_90%,{ninem_universe_watch},9,0.523329129886507,,2026-08-11,12.08,,,,0
FRMI,2026-08-11,2026-08-12,unqualified,runup_41%_below_90%,"{rs_1m_80,momentum_25pct,magna53_failed_r3,ninem_universe_watch}",12,0.4129213483146068,,2026-07-24,7.545,,,,0
FRMI,2026-08-11,2026-08-13,unqualified,runup_41%_below_90%,"{magna53_failed_r3,ninem_universe_watch}",13,0.4129213483146068,,2026-07-24,7.545,,,,0
FRMI,2026-08-11,2026-08-14,unqualified,runup_41%_below_90%,"{magna53_failed_r3,ninem_universe_watch}",14,0.4129213483146068,,2026-07-24,7.545,,,,0
FRMI,2026-08-11,2026-08-17,unqualified,runup_41%_below_90%,"{magna53_failed_r3,ninem_universe_watch}",15,0.4129213483146068,,2026-07-24,7.545,,,,0
FRMI,2026-08-11,2026-08-18,unqualified,runup_41%_below_90%,"{magna53_failed_r3,ninem_universe_watch}",16,0.4129213483146068,,2026-07-24,7.545,,,,0
FRMI,2026-08-11,2026-08-19,unqualified,runup_41%_below_90%,{ninem_universe_watch},17,0.4129213483146068,,2026-07-24,7.545,,,,0
FRMI,2026-08-11,2026-08-20,unqualified,runup_41%_below_90%,{ninem_universe_watch},18,0.4129213483146068,,2026-07-24,7.545,,,,0
FRMI,2026-08-11,2026-08-21,unqualified,runup_41%_below_90%,{ninem_universe_watch},19,0.4129213483146068,,2026-07-24,7.545,,,,0
FRMI,2026-08-11,2026-08-24,unqualified,runup_41%_below_90%,{ninem_universe_watch},20,0.4129213483146068,,2026-07-24,7.545,,,,0
FRMI,2026-08-11,2026-08-25,unqualified,runup_41%_below_90%,{ninem_universe_watch},21,0.4129213483146068,,2026-07-24,7.545,,,,0
FRMI,2026-08-11,2026-08-26,unqualified,runup_41%_below_90%,{ninem_universe_watch},22,0.4129213483146068,,2026-07-24,7.545,,,,0
RIOT,2026-08-11,2026-08-12,unqualified,runup_44%_below_90%,{ninem_universe_watch},13,0.4432339449541285,,2026-07-23,25.17,,,,0
RIOT,2026-08-11,2026-08-13,unqualified,runup_44%_below_90%,{ninem_universe_watch},14,0.4432339449541285,,2026-07-23,25.17,,,,0
RIOT,2026-08-11,2026-08-14,unqualified,runup_44%_below_90%,{ninem_universe_watch},15,0.4432339449541285,,2026-07-23,25.17,,,,0
RIOT,2026-08-11,2026-08-17,unqualified,runup_44%_below_90%,{ninem_universe_watch},16,0.4432339449541285,,2026-07-23,25.17,,,,0
RIOT,2026-08-11,2026-08-18,unqualified,runup_44%_below_90%,{ninem_universe_watch},17,0.4432339449541285,,2026-07-23,25.17,,,,0
RIOT,2026-08-11,2026-08-19,unqualified,runup_44%_below_90%,{ninem_universe_watch},18,0.4432339449541285,,2026-07-23,25.17,,,,0
RIOT,2026-08-11,2026-08-20,unqualified,runup_44%_below_90%,{ninem_universe_watch},19,0.4432339449541285,,2026-07-23,25.17,,,,0
RIOT,2026-08-11,2026-08-21,unqualified,runup_44%_below_90%,{ninem_universe_watch},20,0.4432339449541285,,2026-07-23,25.17,,,,0
RIOT,2026-08-11,2026-08-24,unqualified,runup_44%_below_90%,{ninem_universe_watch},21,0.4432339449541285,,2026-07-23,25.17,,,,0
RIOT,2026-08-11,2026-08-25,unqualified,runup_44%_below_90%,{ninem_universe_watch},22,0.4432339449541285,,2026-07-23,25.17,,,,0
RIOT,2026-08-11,2026-08-26,unqualified,runup_44%_below_90%,{ninem_universe_watch},23,0.4432339449541285,,2026-07-23,25.17,,,,0
SE,2026-08-11,2026-08-12,unqualified,adr_3.5pct_below_4pct,"{rs_top200,rs_1m_80,ninem_universe_watch}",,,,,,,,,0
SE,2026-08-11,2026-08-13,unqualified,adr_3.4pct_below_4pct,"{rs_top200,rs_1m_80,ninem_universe_watch}",,,,,,,,,0
SE,2026-08-11,2026-08-14,unqualified,adr_3.4pct_below_4pct,"{rs_top200,rs_1m_80,ninem_universe_watch}",,,,,,,,,0
SE,2026-08-11,2026-08-17,unqualified,adr_3.3pct_below_4pct,"{rs_top200,rs_1m_80,ninem_universe_watch}",,,,,,,,,0
SE,2026-08-11,2026-08-18,unqualified,adr_3.3pct_below_4pct,{ninem_universe_watch},,,,,,,,,0
SE,2026-08-11,2026-08-19,unqualified,adr_3.3pct_below_4pct,{ninem_universe_watch},,,,,,,,,0
SE,2026-08-11,2026-08-20,unqualified,adr_3.2pct_below_4pct,{ninem_universe_watch},,,,,,,,,0
SE,2026-08-11,2026-08-21,unqualified,adr_3.2pct_below_4pct,{ninem_universe_watch},,,,,,,,,0
SE,2026-08-11,2026-08-24,unqualified,adr_3.2pct_below_4pct,{ninem_universe_watch},,,,,,,,,0
SE,2026-08-11,2026-08-25,unqualified,adr_3.2pct_below_4pct,"{rs_top200,rs_1m_80,ninem_universe_watch}",,,,,,,,,0
ATRO,2026-08-12,2026-08-13,unqualified,adv_474k_below_500k_shares,"{rs_1m_80,momentum_25pct}",,,,,,,,,0
ATRO,2026-08-12,2026-08-14,unqualified,adv_494k_below_500k_shares,"{rs_top200,rs_1m_80,momentum_25pct}",,,,,,,,,0
ATRO,2026-08-12,2026-08-17,unqualified,base_age_1_below_3,"{rs_top200,rs_1m_80}",1,,,2026-08-13,94.46,,,,0
ATRO,2026-08-12,2026-08-18,unqualified,base_age_2_below_3,{rs_1m_80},2,,,2026-08-13,94.46,,,,0
ATRO,2026-08-12,2026-08-19,unqualified,runup_47%_below_90%,{rs_1m_80},3,0.4708813453752725,,2026-08-13,94.46,,,,0
ATRO,2026-08-12,2026-08-20,unqualified,runup_47%_below_90%,{rs_1m_80},4,0.4708813453752725,,2026-08-13,94.46,,,,0
ATRO,2026-08-12,2026-08-21,unqualified,runup_47%_below_90%,{rs_1m_80},5,0.4708813453752725,,2026-08-13,94.46,,,,0
BE,2026-08-12,2026-08-13,unqualified,runup_20%_below_90%,{ninem_universe_watch},24,0.19719867305565786,,2026-07-09,276.08,,,,0
BE,2026-08-12,2026-08-14,unqualified,base_age_1_below_3,"{rs_1m_80,ninem_universe_watch}",1,,,2026-08-12,249.99,,,,0
BE,2026-08-12,2026-08-17,unqualified,base_age_2_below_3,"{rs_1m_80,ninem_universe_watch}",2,,,2026-08-12,249.99,,,,0
BE,2026-08-12,2026-08-18,unqualified,runup_59%_below_90%,"{rs_1m_80,ninem_universe_watch}",3,0.5889137687427821,,2026-08-12,249.99,,,,0
BE,2026-08-12,2026-08-19,unqualified,runup_59%_below_90%,"{rs_1m_80,ninem_universe_watch}",4,0.5889137687427821,,2026-08-12,249.99,,,,0
BE,2026-08-12,2026-08-20,unqualified,runup_59%_below_90%,{ninem_universe_watch},5,0.5889137687427821,,2026-08-12,249.99,,,,0
BE,2026-08-12,2026-08-21,unqualified,runup_59%_below_90%,{ninem_universe_watch},6,0.5889137687427821,,2026-08-12,249.99,,,,0
BE,2026-08-12,2026-08-24,unqualified,runup_59%_below_90%,{ninem_universe_watch},7,0.5889137687427821,,2026-08-12,249.99,,,,0
BE,2026-08-12,2026-08-25,unqualified,runup_59%_below_90%,{ninem_universe_watch},8,0.5889137687427821,,2026-08-12,249.99,,,,0
BE,2026-08-12,2026-08-26,unqualified,runup_59%_below_90%,{ninem_universe_watch},9,0.5889137687427821,,2026-08-12,249.99,,,,0
BE,2026-08-12,2026-08-27,unqualified,runup_59%_below_90%,{ninem_universe_watch},10,0.5889137687427821,,2026-08-12,249.99,,,,0
BE,2026-08-12,2026-08-28,unqualified,runup_59%_below_90%,{ninem_universe_watch},11,0.5889137687427821,,2026-08-12,249.99,,,,0
BE,2026-08-12,2026-08-31,unqualified,runup_59%_below_90%,{ninem_universe_watch},12,0.5889137687427821,,2026-08-12,249.99,,,,0
BE,2026-08-12,2026-09-01,unqualified,runup_59%_below_90%,{ninem_universe_watch},13,0.5889137687427821,,2026-08-12,249.99,,,,0
BE,2026-08-12,2026-09-02,unqualified,runup_59%_below_90%,{ninem_universe_watch},14,0.5889137687427821,,2026-08-12,249.99,,,,0
CRWV,2026-08-12,2026-08-13,unqualified,base_age_0_below_3,"{rs_1m_80,momentum_25pct,ninem_universe_watch}",0,,,2026-08-12,111.83,,,,0
CRWV,2026-08-12,2026-08-14,unqualified,base_age_0_below_3,"{rs_1m_80,ninem_universe_watch}",0,,,2026-08-13,117.49,,,,0
CRWV,2026-08-12,2026-08-17,unqualified,base_age_1_below_3,"{rs_1m_80,ninem_universe_watch}",1,,,2026-08-13,117.49,,,,0
CRWV,2026-08-12,2026-08-18,unqualified,base_age_2_below_3,"{rs_1m_80,ninem_universe_watch}",2,,,2026-08-13,117.49,,,,0
CRWV,2026-08-12,2026-08-19,INVALIDATED,close_90.87_below_base_low_close_93.17,"{rs_1m_80,ninem_universe_watch}",3,0.9403798513625103,,2026-08-13,117.49,96.38300000000001,86.447,,0
CRWV,2026-08-12,2026-08-20,INVALIDATED,close_89.76_below_base_low_close_90.87,"{rs_1m_80,ninem_universe_watch}",4,0.9403798513625103,,2026-08-13,117.49,96.826,86.88000000000001,,0
CRWV,2026-08-12,2026-08-21,INVALIDATED,close_87.85_below_base_low_close_89.76,"{rs_1m_80,ninem_universe_watch}",5,0.9403798513625103,,2026-08-13,117.49,96.54400000000001,87.6785,,0
CRWV,2026-08-12,2026-08-24,INVALIDATED,close_86.25_below_base_low_close_87.85,{ninem_universe_watch},6,0.9403798513625103,,2026-08-13,117.49,96.35,88.4515,,0
CRWV,2026-08-12,2026-08-25,INVALIDATED,close_88.04_below_sma20_89.49,{ninem_universe_watch},7,0.9403798513625103,,2026-08-13,117.49,96.122,89.4885,,0
CRWV,2026-08-12,2026-08-26,INVALIDATED,close_88.01_below_sma20_90.85,{ninem_universe_watch},8,0.9403798513625103,,2026-08-13,117.49,94.15,90.848,,0
GLBE,2026-08-12,2026-08-13,unqualified,adr_3.8pct_below_4pct,{rs_1m_80},,,,,,,,,0
GLBE,2026-08-12,2026-08-14,unqualified,adr_3.9pct_below_4pct,{rs_1m_80},,,,,,,,,0
MRX,2026-08-12,2026-08-18,unqualified,base_age_2_below_3,{rs_1m_80},2,,,2026-08-13,75.4,,,,0
MRX,2026-08-12,2026-08-21,unqualified,runup_30%_below_90%,{rs_1m_80},5,0.30000000000000004,,2026-08-13,75.4,,,,0
MRX,2026-08-12,2026-08-24,unqualified,runup_30%_below_90%,{rs_1m_80},6,0.30000000000000004,,2026-08-13,75.4,,,,0
MRX,2026-08-12,2026-08-25,unqualified,runup_30%_below_90%,{rs_1m_80},7,0.30000000000000004,,2026-08-13,75.4,,,,0
MRX,2026-08-12,2026-08-26,unqualified,runup_30%_below_90%,{rs_1m_80},8,0.30000000000000004,,2026-08-13,75.4,,,,0
MRX,2026-08-12,2026-08-27,unqualified,runup_30%_below_90%,{rs_1m_80},9,0.30000000000000004,,2026-08-13,75.4,,,,0
MRX,2026-08-12,2026-08-28,unqualified,runup_30%_below_90%,"{rs_top200,rs_1m_80}",10,0.30000000000000004,,2026-08-13,75.4,,,,0
MRX,2026-08-12,2026-08-31,unqualified,runup_30%_below_90%,"{rs_top200,rs_1m_80}",11,0.30000000000000004,,2026-08-13,75.4,,,,0
MRX,2026-08-12,2026-09-01,unqualified,runup_30%_below_90%,"{rs_top200,rs_1m_80}",12,0.30000000000000004,,2026-08-13,75.4,,,,0
CGEM,2026-08-13,2026-08-14,unqualified,base_age_0_below_3,"{rs_top200,rs_1m_80,momentum_25pct}",0,,,2026-08-13,21,,,,0
CGEM,2026-08-13,2026-08-17,unqualified,base_age_1_below_3,"{rs_top200,rs_1m_80}",1,,,2026-08-13,21,,,,0
CGEM,2026-08-13,2026-08-18,unqualified,base_age_2_below_3,"{rs_top200,rs_1m_80}",2,,,2026-08-13,21,,,,0
CGEM,2026-08-13,2026-08-19,unqualified,runup_54%_below_90%,"{rs_top200,rs_1m_80,momentum_25pct}",3,0.5407190022010271,,2026-08-13,21,,,,0
CGEM,2026-08-13,2026-08-20,unqualified,base_age_0_below_3,"{rs_top200,rs_1m_80}",0,,,2026-08-19,22.54,,,,0
CGEM,2026-08-13,2026-08-21,unqualified,base_age_1_below_3,"{rs_top200,rs_1m_80}",1,,,2026-08-19,22.54,,,,0
CGEM,2026-08-13,2026-08-24,unqualified,base_age_2_below_3,"{rs_top200,rs_1m_80}",2,,,2026-08-19,22.54,,,,0
CGEM,2026-08-13,2026-08-25,unqualified,runup_41%_below_90%,"{rs_top200,rs_1m_80}",3,0.40874999999999995,,2026-08-19,22.54,,,,0
CGEM,2026-08-13,2026-08-26,unqualified,base_age_0_below_3,"{rs_top200,rs_1m_80}",0,,,2026-08-25,23.06,,,,0
CGEM,2026-08-13,2026-08-27,unqualified,base_age_1_below_3,"{rs_top200,rs_1m_80}",1,,,2026-08-25,23.06,,,,0
CGEM,2026-08-13,2026-08-28,unqualified,base_age_2_below_3,"{rs_top200,rs_1m_80}",2,,,2026-08-25,23.06,,,,0
CGEM,2026-08-13,2026-08-31,unqualified,runup_44%_below_90%,"{rs_top200,rs_1m_80}",3,0.4412499999999999,,2026-08-25,23.06,,,,0
CGEM,2026-08-13,2026-09-01,unqualified,runup_44%_below_90%,"{rs_top200,rs_1m_80}",4,0.4412499999999999,,2026-08-25,23.06,,,,0
CGEM,2026-08-13,2026-09-02,unqualified,runup_44%_below_90%,"{rs_top200,rs_1m_80}",5,0.4412499999999999,,2026-08-25,23.06,,,,0
CGEM,2026-08-13,2026-09-03,unqualified,runup_44%_below_90%,"{rs_top200,rs_1m_80}",6,0.4412499999999999,,2026-08-25,23.06,,,,0
CRMD,2026-08-13,2026-08-25,unqualified,runup_26%_below_90%,{rs_1m_80},7,0.2647887323943663,,2026-08-13,8.98,,,,0
HLIT,2026-08-13,2026-08-14,unqualified,base_age_0_below_3,"{rs_1m_80,ninem_universe_watch}",0,,,2026-08-13,15.06,,,,0
HLIT,2026-08-13,2026-08-17,unqualified,base_age_1_below_3,"{rs_1m_80,ninem_universe_watch}",1,,,2026-08-13,15.06,,,,0
HLIT,2026-08-13,2026-08-18,unqualified,base_age_2_below_3,"{rs_1m_80,ninem_universe_watch}",2,,,2026-08-13,15.06,,,,0
HLIT,2026-08-13,2026-08-19,unqualified,runup_44%_below_90%,"{rs_1m_80,ninem_universe_watch}",3,0.44114832535885173,,2026-08-13,15.06,,,,0
HLIT,2026-08-13,2026-08-20,unqualified,runup_44%_below_90%,{ninem_universe_watch},4,0.44114832535885173,,2026-08-13,15.06,,,,0
HLIT,2026-08-13,2026-08-21,unqualified,runup_44%_below_90%,{ninem_universe_watch},5,0.44114832535885173,,2026-08-13,15.06,,,,0
HLIT,2026-08-13,2026-08-24,unqualified,runup_44%_below_90%,{ninem_universe_watch},6,0.44114832535885173,,2026-08-13,15.06,,,,0
HLIT,2026-08-13,2026-08-25,unqualified,runup_44%_below_90%,{ninem_universe_watch},7,0.44114832535885173,,2026-08-13,15.06,,,,0
HLIT,2026-08-13,2026-08-26,unqualified,runup_44%_below_90%,{ninem_universe_watch},8,0.44114832535885173,,2026-08-13,15.06,,,,0
HLIT,2026-08-13,2026-08-27,unqualified,runup_44%_below_90%,{ninem_universe_watch},9,0.44114832535885173,,2026-08-13,15.06,,,,0
KURA,2026-08-13,2026-08-18,unqualified,base_age_2_below_3,"{rs_top200,rs_1m_80,momentum_25pct}",2,,,2026-08-13,11.31,,,,0
KURA,2026-08-13,2026-08-19,unqualified,base_age_0_below_3,"{rs_top200,rs_1m_80,momentum_25pct}",0,,,2026-08-18,12.845,,,,0
KURA,2026-08-13,2026-08-20,unqualified,base_age_1_below_3,"{rs_top200,rs_1m_80}",1,,,2026-08-18,12.845,,,,0
KURA,2026-08-13,2026-08-21,unqualified,base_age_2_below_3,{rs_1m_80},2,,,2026-08-18,12.845,,,,0
KURA,2026-08-13,2026-08-24,unqualified,runup_46%_below_90%,"{rs_top200,rs_1m_80}",3,0.4563492063492063,,2026-08-18,12.845,,,,0
KURA,2026-08-13,2026-08-25,unqualified,runup_46%_below_90%,"{rs_top200,rs_1m_80,momentum_25pct}",4,0.4563492063492063,,2026-08-18,12.845,,,,0
KURA,2026-08-13,2026-08-26,unqualified,base_age_0_below_3,"{rs_top200,rs_1m_80,momentum_25pct}",0,,,2026-08-25,13.9,,,,0
KURA,2026-08-13,2026-08-27,unqualified,base_age_1_below_3,"{rs_top200,rs_1m_80}",1,,,2026-08-25,13.9,,,,0
KURA,2026-08-13,2026-08-28,unqualified,base_age_2_below_3,"{rs_top200,rs_1m_80}",2,,,2026-08-25,13.9,,,,0
KURA,2026-08-13,2026-08-31,unqualified,runup_58%_below_90%,"{rs_top200,rs_1m_80}",3,0.5759637188208617,,2026-08-25,13.9,,,,0
KURA,2026-08-13,2026-09-01,unqualified,runup_58%_below_90%,"{rs_top200,rs_1m_80}",4,0.5759637188208617,,2026-08-25,13.9,,,,0
KURA,2026-08-13,2026-09-02,unqualified,runup_58%_below_90%,"{rs_top200,rs_1m_80}",5,0.5759637188208617,,2026-08-25,13.9,,,,0
KURA,2026-08-13,2026-09-03,unqualified,runup_58%_below_90%,"{rs_top200,rs_1m_80}",6,0.5759637188208617,,2026-08-25,13.9,,,,0
OMER,2026-08-13,2026-08-14,unqualified,base_age_0_below_3,"{rs_top200,rs_1m_80,momentum_25pct,ninem_universe_watch}",0,,,2026-08-13,18.14,,,,0
OMER,2026-08-13,2026-08-17,unqualified,base_age_1_below_3,"{rs_top200,rs_1m_80,momentum_25pct,ninem_universe_watch}",1,,,2026-08-13,18.14,,,,0
OMER,2026-08-13,2026-08-18,unqualified,base_age_2_below_3,"{rs_top200,rs_1m_80,momentum_25pct,ninem_universe_watch}",2,,,2026-08-13,18.14,,,,0
OMER,2026-08-13,2026-08-19,WATCH,runup_145% base_3d close_vs_pivot_+1.4%,"{rs_top200,rs_1m_80,momentum_25pct,ninem_universe_watch}",3,1.4546684709066309,,2026-08-13,18.14,15.481,13.554499999999999,,1
OMER,2026-08-13,2026-08-20,unqualified,base_age_0_below_3,"{rs_top200,rs_1m_80,momentum_25pct,ninem_universe_watch}",0,,,2026-08-19,18.89,,,,0
OMER,2026-08-13,2026-08-21,unqualified,base_age_1_below_3,"{rs_top200,rs_1m_80,momentum_25pct,ninem_universe_watch}",1,,,2026-08-19,18.89,,,,0
OMER,2026-08-13,2026-08-24,unqualified,base_age_0_below_3,"{rs_top200,rs_1m_80,momentum_25pct,ninem_universe_watch}",0,,,2026-08-21,19.58,,,,0
OMER,2026-08-13,2026-08-25,unqualified,base_age_1_below_3,"{rs_top200,rs_1m_80,momentum_25pct,ninem_universe_watch}",1,,,2026-08-21,19.58,,,,0
OMER,2026-08-13,2026-08-26,unqualified,base_age_2_below_3,"{rs_top200,rs_1m_80,ninem_universe_watch}",2,,,2026-08-21,19.58,,,,0
OMER,2026-08-13,2026-08-27,WATCH,runup_165% base_3d close_vs_pivot_-1.7%,"{rs_top200,rs_1m_80,ninem_universe_watch}",3,1.6495263870094723,,2026-08-21,19.58,18.41,15.9385,,1
OMER,2026-08-13,2026-08-28,WATCH,runup_165% base_4d close_vs_pivot_-5.0%,"{rs_top200,rs_1m_80}",4,1.6495263870094723,,2026-08-21,19.58,18.552,16.277,,1
OMER,2026-08-13,2026-08-31,WATCH,runup_165% base_5d close_vs_pivot_-4.0%,"{rs_top200,rs_1m_80}",5,1.6495263870094723,,2026-08-21,19.58,18.695,16.5885,,2
OMER,2026-08-13,2026-09-01,WATCH,runup_165% base_6d close_vs_pivot_-4.2%,"{rs_top200,rs_1m_80}",6,1.6495263870094723,,2026-08-21,19.58,18.851,16.878999999999998,,3
OMER,2026-08-13,2026-09-02,WATCH,runup_165% base_7d close_vs_pivot_-3.7%,"{rs_top200,rs_1m_80}",7,1.6495263870094723,,2026-08-21,19.58,18.898,17.189500000000002,,3
OMER,2026-08-13,2026-09-03,WATCH,runup_165% base_8d close_vs_pivot_-2.4%,"{rs_top200,rs_1m_80}",8,1.6495263870094723,,2026-08-21,19.58,18.946,17.4875,,3
ETON,2026-08-14,2026-08-17,unqualified,base_age_0_below_3,"{rs_top200,rs_1m_80,momentum_25pct,magna53_failed_r3}",0,,,2026-08-14,59.79,,,,0
ETON,2026-08-14,2026-08-18,unqualified,base_age_0_below_3,"{rs_top200,rs_1m_80,momentum_25pct,magna53_failed_r3}",0,,,2026-08-17,62.87,,,,0
ETON,2026-08-14,2026-08-19,unqualified,base_age_1_below_3,"{rs_top200,rs_1m_80,momentum_25pct,magna53_failed_r3}",1,,,2026-08-17,62.87,,,,0
ETON,2026-08-14,2026-08-20,unqualified,base_age_2_below_3,"{rs_top200,rs_1m_80,momentum_25pct,magna53_failed_r3}",2,,,2026-08-17,62.87,,,,0
ETON,2026-08-14,2026-08-21,WATCH,runup_97% base_3d close_vs_pivot_+1.0%,"{rs_top200,rs_1m_80,momentum_25pct,magna53_failed_r3}",3,0.9720828105395232,,2026-08-17,62.87,53.698,49.8625,,1
ETON,2026-08-14,2026-08-24,WATCH,runup_97% base_4d close_vs_pivot_+2.5%,"{rs_top200,rs_1m_80,momentum_25pct}",4,0.9720828105395232,,2026-08-17,62.87,55.774,50.9685,,1
ETON,2026-08-14,2026-08-25,unqualified,base_age_0_below_3,"{rs_top200,rs_1m_80,momentum_25pct}",0,,,2026-08-24,66.37,,,,0
ETON,2026-08-14,2026-08-26,unqualified,base_age_1_below_3,"{rs_top200,rs_1m_80,momentum_25pct}",1,,,2026-08-24,66.37,,,,0
ETON,2026-08-14,2026-08-27,unqualified,base_age_2_below_3,"{rs_top200,rs_1m_80}",2,,,2026-08-24,66.37,,,,0
ETON,2026-08-14,2026-08-28,INVALIDATED,close_59.78_below_base_low_close_62.62,"{rs_top200,rs_1m_80}",3,0.9044476327116213,,2026-08-24,66.37,62.25699999999999,53.8625,,0
ETON,2026-08-14,2026-08-31,WATCH,runup_90% base_4d close_vs_pivot_-8.9%,"{rs_top200,rs_1m_80}",4,0.9044476327116213,,2026-08-24,66.37,62.128,54.6275,,2
ETON,2026-08-14,2026-09-01,WATCH,runup_90% base_5d close_vs_pivot_-8.9%,"{rs_top200,rs_1m_80}",5,0.9044476327116213,,2026-08-24,66.37,61.827999999999996,55.3575,,2
ETON,2026-08-14,2026-09-02,WATCH,runup_90% base_6d close_vs_pivot_-6.6%,"{rs_top200,rs_1m_80}",6,0.9044476327116213,,2026-08-24,66.37,61.876,56.157,,3
ETON,2026-08-14,2026-09-03,WATCH,runup_90% base_7d close_vs_pivot_-9.7%,"{rs_top200,rs_1m_80}",7,0.9044476327116213,,2026-08-24,66.37,61.875,56.842999999999996,,2
HTFL,2026-08-14,2026-08-17,unqualified,base_age_0_below_3,"{rs_top200,rs_1m_80,momentum_25pct,ninem_universe_watch}",0,,,2026-08-14,43,,,,0
HTFL,2026-08-14,2026-08-18,unqualified,base_age_1_below_3,"{rs_top200,rs_1m_80,momentum_25pct,ninem_universe_watch}",1,,,2026-08-14,43,,,,0
HTFL,2026-08-14,2026-08-19,unqualified,base_age_0_below_3,"{rs_top200,rs_1m_80,momentum_25pct,ninem_universe_watch}",0,,,2026-08-18,45.33,,,,0
HTFL,2026-08-14,2026-08-20,unqualified,base_age_0_below_3,"{rs_top200,rs_1m_80,momentum_25pct,ninem_universe_watch}",0,,,2026-08-19,47.225,,,,0
HTFL,2026-08-14,2026-08-21,unqualified,base_age_1_below_3,"{rs_top200,rs_1m_80,momentum_25pct,ninem_universe_watch}",1,,,2026-08-19,47.225,,,,0
HTFL,2026-08-14,2026-08-24,unqualified,base_age_0_below_3,"{rs_top200,rs_1m_80,momentum_25pct,ninem_universe_watch}",0,,,2026-08-21,50.48,,,,0
HTFL,2026-08-14,2026-08-25,unqualified,base_age_1_below_3,"{rs_top200,rs_1m_80,momentum_25pct,ninem_universe_watch}",1,,,2026-08-21,50.48,,,,0
HTFL,2026-08-14,2026-08-26,unqualified,base_age_2_below_3,"{rs_top200,rs_1m_80,momentum_25pct,ninem_universe_watch}",2,,,2026-08-21,50.48,,,,0
HTFL,2026-08-14,2026-08-27,INVALIDATED,close_48.10_below_base_low_close_48.94,"{rs_top200,rs_1m_80,ninem_universe_watch}",3,1.1147884373690822,,2026-08-21,50.48,46.846,37.533,,0
HTFL,2026-08-14,2026-08-28,INVALIDATED,close_47.78_below_base_low_close_48.10,"{rs_top200,rs_1m_80,ninem_universe_watch}",4,1.1147884373690822,,2026-08-21,50.48,47.416,38.6605,,0
HTFL,2026-08-14,2026-08-31,WATCH,runup_111% base_5d close_vs_pivot_-0.2%,"{rs_top200,rs_1m_80}",5,1.1147884373690822,,2026-08-21,50.48,48.261,39.842,,1
HTFL,2026-08-14,2026-09-01,unqualified,base_age_0_below_3,"{rs_top200,rs_1m_80}",0,,,2026-08-31,50.99,,,,0
HTFL,2026-08-14,2026-09-02,unqualified,base_age_1_below_3,"{rs_top200,rs_1m_80}",1,,,2026-08-31,50.99,,,,0
HTFL,2026-08-14,2026-09-03,unqualified,base_age_2_below_3,"{rs_top200,rs_1m_80}",2,,,2026-08-31,50.99,,,,0
HTFL,2026-08-14,2026-09-04,INVALIDATED,close_48.91_below_base_low_close_49.71,"{rs_top200,rs_1m_80}",3,1.136154168412233,,2026-08-31,50.99,49.435,44.271499999999996,,0
VERA,2026-08-14,2026-08-25,unqualified,runup_23%_below_90%,{rs_1m_80},24,0.22654462242562934,,2026-07-21,37.52,,,,0
VERA,2026-08-14,2026-08-26,unqualified,runup_22%_below_90%,"{rs_1m_80,momentum_25pct}",24,0.22392938868911405,,2026-07-22,37.44,,,,0
VERA,2026-08-14,2026-08-27,unqualified,runup_20%_below_90%,{rs_1m_80},24,0.1990846681922196,,2026-07-23,36.68,,,,0
VERA,2026-08-14,2026-08-31,unqualified,base_age_1_below_3,{rs_1m_80},1,,,2026-08-27,36.7,,,,0
VERA,2026-08-14,2026-09-01,unqualified,base_age_2_below_3,{rs_1m_80},2,,,2026-08-27,36.7,,,,0
VERA,2026-08-14,2026-09-02,unqualified,runup_27%_below_90%,{rs_1m_80},3,0.2716562716562718,,2026-08-27,36.7,,,,0
VERA,2026-08-14,2026-09-03,unqualified,runup_27%_below_90%,{rs_1m_80},4,0.2716562716562718,,2026-08-27,36.7,,,,0
VERA,2026-08-14,2026-09-04,unqualified,runup_27%_below_90%,{rs_1m_80},5,0.2716562716562718,,2026-08-27,36.7,,,,0
ARGX,2026-08-17,2026-08-18,unqualified,adv_272k_below_500k_shares,{rs_1m_80},,,,,,,,,0
ARGX,2026-08-17,2026-08-19,unqualified,adv_286k_below_500k_shares,{rs_1m_80},,,,,,,,,0
ARGX,2026-08-17,2026-08-20,unqualified,adv_272k_below_500k_shares,{rs_1m_80},,,,,,,,,0
ARGX,2026-08-17,2026-08-21,unqualified,adv_272k_below_500k_shares,{rs_1m_80},,,,,,,,,0
ARGX,2026-08-17,2026-08-24,unqualified,adv_286k_below_500k_shares,{rs_1m_80},,,,,,,,,0
ARGX,2026-08-17,2026-08-25,unqualified,adv_272k_below_500k_shares,{rs_1m_80},,,,,,,,,0
ARGX,2026-08-17,2026-08-26,unqualified,adv_287k_below_500k_shares,"{rs_top200,rs_1m_80}",,,,,,,,,0
ARGX,2026-08-17,2026-08-27,unqualified,adv_307k_below_500k_shares,{rs_1m_80},,,,,,,,,0
ARGX,2026-08-17,2026-08-28,unqualified,adv_299k_below_500k_shares,"{rs_top200,rs_1m_80}",,,,,,,,,0
ARGX,2026-08-17,2026-08-31,unqualified,adv_299k_below_500k_shares,"{rs_top200,rs_1m_80}",,,,,,,,,0
ARGX,2026-08-17,2026-09-01,unqualified,adv_299k_below_500k_shares,"{rs_top200,rs_1m_80}",,,,,,,,,0
ARGX,2026-08-17,2026-09-02,unqualified,adv_268k_below_500k_shares,"{rs_top200,rs_1m_80}",,,,,,,,,0
ARGX,2026-08-17,2026-09-03,unqualified,adv_268k_below_500k_shares,"{rs_top200,rs_1m_80}",,,,,,,,,0
ARGX,2026-08-17,2026-09-04,unqualified,adv_268k_below_500k_shares,"{rs_top200,rs_1m_80}",,,,,,,,,0
AMLX,2026-08-18,2026-08-19,unqualified,base_age_0_below_3,"{rs_top200,rs_1m_80,momentum_25pct,ninem_universe_watch}",0,,,2026-08-18,35.39,,,,0
AMLX,2026-08-18,2026-08-20,unqualified,base_age_0_below_3,"{rs_top200,rs_1m_80,momentum_25pct,ninem_universe_watch}",0,,,2026-08-19,39.07,,,,0
AMLX,2026-08-18,2026-08-21,unqualified,base_age_0_below_3,"{rs_top200,rs_1m_80,momentum_25pct,ninem_universe_watch}",0,,,2026-08-20,40.4388,,,,0
AMLX,2026-08-18,2026-08-24,unqualified,base_age_1_below_3,"{rs_top200,rs_1m_80,momentum_25pct,ninem_universe_watch}",1,,,2026-08-20,40.4388,,,,0
AMLX,2026-08-18,2026-08-25,unqualified,base_age_2_below_3,"{rs_top200,rs_1m_80,momentum_25pct,ninem_universe_watch}",2,,,2026-08-20,40.4388,,,,0
AMLX,2026-08-18,2026-08-26,INVALIDATED,close_37.08_below_base_low_close_37.46,"{rs_top200,rs_1m_80,momentum_25pct,ninem_universe_watch}",3,1.4478692493946732,,2026-08-20,40.4388,33.025999999999996,27.5935,,0
AMLX,2026-08-18,2026-08-27,WATCH,runup_145% base_4d close_vs_pivot_-8.1%,"{rs_top200,rs_1m_80,momentum_25pct,ninem_universe_watch}",4,1.4478692493946732,,2026-08-20,40.4388,34.495999999999995,28.415,,2
AMLX,2026-08-18,2026-08-28,INVALIDATED,close_34.74_below_base_low_close_37.08,"{rs_top200,rs_1m_80,momentum_25pct,ninem_universe_watch}",5,1.4478692493946732,,2026-08-20,40.4388,35.807,29.1365,,0
AMLX,2026-08-18,2026-08-31,INVALIDATED,close_33.75_below_base_low_close_34.74,"{rs_top200,rs_1m_80,ninem_universe_watch}",6,1.4478692493946732,,2026-08-20,40.4388,37.039,29.815499999999997,,0
AMLX,2026-08-18,2026-09-01,WATCH,runup_145% base_7d close_vs_pivot_-16.4%,"{rs_top200,rs_1m_80,ninem_universe_watch}",7,1.4478692493946732,,2026-08-20,40.4388,36.909,30.4125,,3
AMLX,2026-08-18,2026-09-02,TIGHTENING,range_1.00 vol_0.69 fresh,"{rs_top200,rs_1m_80}",8,1.4478692493946732,,2026-08-20,40.4388,36.498000000000005,31.0445,,4
AMLX,2026-08-18,2026-09-03,TIGHTENING,range_0.94 vol_0.64 fresh,"{rs_top200,rs_1m_80,flag_stage_carryforward}",9,1.4478692493946732,,2026-08-20,40.4388,35.928,31.532999999999998,,4
AMLX,2026-08-18,2026-09-04,TIGHTENING,range_0.94 vol_0.60 fresh,"{rs_top200,rs_1m_80,flag_stage_carryforward}",10,1.4478692493946732,,2026-08-20,40.4388,35.472,32.097,,4
AMLX,2026-08-18,2026-09-07,TIGHTENING,range_0.94 vol_0.60 fresh,{flag_stage_carryforward},10,1.4478692493946732,0.18444662057232175,2026-08-20,40.4388,35.472,32.097,,4
AMLX,2026-08-18,2026-09-08,TIGHTENING,range_0.91 vol_0.57,{flag_stage_carryforward},11,1.4478692493946732,0.18444662057232175,2026-08-20,40.4388,35.045,32.6575,,4
MRNA,2026-08-19,2026-08-20,unqualified,base_age_0_below_3,"{rs_top200,rs_1m_80,momentum_25pct,ninem_universe_watch}",0,,,2026-08-19,176.66,,,,0
MRNA,2026-08-19,2026-08-21,unqualified,base_age_1_below_3,"{rs_top200,rs_1m_80,momentum_25pct,ninem_universe_watch}",1,,,2026-08-19,176.66,,,,0
MRNA,2026-08-19,2026-08-24,unqualified,base_age_2_below_3,"{rs_top200,rs_1m_80,momentum_25pct,ninem_universe_watch}",2,,,2026-08-19,176.66,,,,0
MRNA,2026-08-19,2026-08-25,unqualified,flag_low_128.61_below_75%_of_pole_176.66,"{rs_top200,rs_1m_80,momentum_25pct,ninem_universe_watch}",3,2.3547220761069574,,2026-08-19,176.66,106.86099999999999,81.88175,,0
MRNA,2026-08-19,2026-08-26,unqualified,flag_low_128.61_below_75%_of_pole_176.66,"{rs_top200,rs_1m_80,momentum_25pct,ninem_universe_watch}",4,2.3547220761069574,,2026-08-19,176.66,115.46,86.64025000000001,,0
MRNA,2026-08-19,2026-08-27,unqualified,flag_low_128.61_below_75%_of_pole_176.66,"{rs_top200,rs_1m_80,momentum_25pct,ninem_universe_watch}",5,2.3547220761069574,,2026-08-19,176.66,123.372,90.88275,,0
MRNA,2026-08-19,2026-08-28,unqualified,flag_low_128.61_below_75%_of_pole_176.66,"{rs_top200,rs_1m_80,momentum_25pct,ninem_universe_watch}",6,2.3547220761069574,,2026-08-19,176.66,130.839,95.04125,,0
MRNA,2026-08-19,2026-08-31,unqualified,flag_low_128.61_below_75%_of_pole_176.66,"{rs_top200,rs_1m_80,momentum_25pct,ninem_universe_watch}",7,2.3547220761069574,,2026-08-19,176.66,138.427,99.30125000000001,,0
MRNA,2026-08-19,2026-09-01,unqualified,flag_low_128.61_below_75%_of_pole_176.66,"{rs_top200,rs_1m_80,ninem_universe_watch}",8,2.3547220761069574,,2026-08-19,176.66,147.558,104.16524999999999,,0
MRNA,2026-08-19,2026-09-02,unqualified,flag_low_128.61_below_75%_of_pole_176.66,"{rs_top200,rs_1m_80,ninem_universe_watch}",9,2.3547220761069574,,2026-08-19,176.66,145.201,108.893,,0
MRNA,2026-08-19,2026-09-03,unqualified,flag_low_128.61_below_75%_of_pole_176.66,"{rs_top200,rs_1m_80,ninem_universe_watch}",10,2.3547220761069574,,2026-08-19,176.66,146.756,113.64349999999999,,0
MRNA,2026-08-19,2026-09-04,unqualified,flag_low_128.61_below_75%_of_pole_176.66,"{rs_top200,rs_1m_80,ninem_universe_watch}",11,2.3547220761069574,,2026-08-19,176.66,146.798,117.9625,,0
MRNA,2026-08-19,2026-09-07,unqualified,flag_low_128.61_below_75%_of_pole_176.66,{ninem_universe_watch},11,2.3547220761069574,0.27199139590173205,2026-08-19,176.66,146.798,117.9625,,0
MRNA,2026-08-19,2026-09-08,unqualified,flag_low_128.61_below_75%_of_pole_176.66,"{rs_top200,rs_1m_80,ninem_universe_watch}",12,2.3547220761069574,0.27199139590173205,2026-08-19,176.66,146.942,121.9885,,0
MRNA,2026-08-19,2026-09-09,unqualified,flag_low_128.61_below_75%_of_pole_176.66,{ninem_universe_watch},13,2.3547220761069574,0.27199139590173205,2026-08-19,176.66,144.62,125.7405,,0
MRVL,2026-08-19,2026-08-20,unqualified,base_age_0_below_3,"{rs_1m_80,magna53_failed_r3,ninem_universe_watch}",0,,,2026-08-19,245.489,,,,0
MRVL,2026-08-19,2026-08-21,unqualified,base_age_0_below_3,"{rs_1m_80,magna53_failed_r3,ninem_universe_watch}",0,,,2026-08-20,251.73,,,,0
MRVL,2026-08-19,2026-08-24,unqualified,base_age_1_below_3,"{rs_1m_80,magna53_failed_r3,ninem_universe_watch}",1,,,2026-08-20,251.73,,,,0
MRVL,2026-08-19,2026-08-25,unqualified,base_age_2_below_3,"{rs_1m_80,magna53_failed_r3,ninem_universe_watch}",2,,,2026-08-20,251.73,,,,0
MRVL,2026-08-19,2026-08-26,unqualified,runup_55%_below_90%,"{rs_1m_80,magna53_failed_r3,ninem_universe_watch}",3,0.5453038674033148,,2026-08-20,251.73,,,,0
MRVL,2026-08-19,2026-08-27,unqualified,runup_55%_below_90%,{rs_1m_80},4,0.5453038674033148,,2026-08-20,251.73,,,,0
MRVL,2026-08-19,2026-09-08,unqualified,runup_56%_below_90%,{rs_1m_80},6,0.5629220380601596,0.21201885310290647,2026-08-27,254.6,,,,0
TWST,2026-08-19,2026-08-20,unqualified,base_age_0_below_3,"{rs_top200,rs_1m_80}",0,,,2026-08-19,142.84,,,,0
TWST,2026-08-19,2026-08-21,unqualified,base_age_1_below_3,"{rs_top200,rs_1m_80,momentum_25pct}",1,,,2026-08-19,142.84,,,,0
TWST,2026-08-19,2026-08-24,unqualified,base_age_1_below_3,"{rs_top200,rs_1m_80}",1,,,2026-08-20,145.51,,,,0
TWST,2026-08-19,2026-08-25,unqualified,base_age_2_below_3,"{rs_top200,rs_1m_80,momentum_25pct}",2,,,2026-08-20,145.51,,,,0
TWST,2026-08-19,2026-08-26,unqualified,base_age_0_below_3,"{rs_top200,rs_1m_80,momentum_25pct}",0,,,2026-08-25,154.96,,,,0
TWST,2026-08-19,2026-08-27,unqualified,base_age_1_below_3,"{rs_top200,rs_1m_80,momentum_25pct}",1,,,2026-08-25,154.96,,,,0
TWST,2026-08-19,2026-08-28,unqualified,base_age_2_below_3,"{rs_top200,rs_1m_80}",2,,,2026-08-25,154.96,,,,0
TWST,2026-08-19,2026-08-31,INVALIDATED,close_139.00_below_base_low_close_141.38,"{rs_top200,rs_1m_80}",3,0.9228192083385036,,2026-08-25,154.96,141.61700000000002,129.84275,,0
TWST,2026-08-19,2026-09-01,INVALIDATED,close_132.06_below_base_low_close_139.00,"{rs_top200,rs_1m_80}",4,0.9228192083385036,,2026-08-25,154.96,143.21300000000002,131.4735,,0
TWST,2026-08-19,2026-09-02,INVALIDATED,close_131.00_below_base_low_close_132.06,{rs_top200},5,0.9228192083385036,,2026-08-25,154.96,142.074,132.273,,0
TWST,2026-08-19,2026-09-03,INVALIDATED,close_128.71_below_base_low_close_131.00,{rs_top200},6,0.9228192083385036,,2026-08-25,154.96,141.31199999999998,133.2545,,0
TWST,2026-08-19,2026-09-04,INVALIDATED,close_124.72_below_base_low_close_128.71,"{rs_top200,rs_1m_80}",7,0.9228192083385036,,2026-08-25,154.96,139.225,133.707,,0
TWST,2026-08-19,2026-09-08,INVALIDATED,close_128.06_below_sma20_133.87,"{rs_top200,rs_1m_80}",8,0.9228192083385036,0.2014068146618483,2026-08-25,154.96,137.951,133.866,,0
BULL,2026-08-20,2026-08-21,unqualified,base_age_0_below_3,"{rs_top200,rs_1m_80,ninem_universe_watch}",0,,,2026-08-20,9.95,,,,0
BULL,2026-08-20,2026-08-24,unqualified,base_age_1_below_3,"{rs_1m_80,ninem_universe_watch}",1,,,2026-08-20,9.95,,,,0
BULL,2026-08-20,2026-08-25,unqualified,base_age_2_below_3,"{rs_top200,rs_1m_80,ninem_universe_watch}",2,,,2026-08-20,9.95,,,,0
BULL,2026-08-20,2026-08-26,unqualified,runup_57%_below_90%,"{rs_top200,rs_1m_80,ninem_universe_watch}",3,0.5743670886075947,,2026-08-20,9.95,,,,0
BULL,2026-08-20,2026-08-27,unqualified,runup_57%_below_90%,"{rs_top200,rs_1m_80,ninem_universe_watch}",4,0.5743670886075947,,2026-08-20,9.95,,,,0
BULL,2026-08-20,2026-08-28,unqualified,runup_57%_below_90%,"{rs_top200,rs_1m_80,ninem_universe_watch}",5,0.5743670886075947,,2026-08-20,9.95,,,,0
BULL,2026-08-20,2026-08-31,unqualified,runup_57%_below_90%,"{rs_top200,rs_1m_80,ninem_universe_watch}",6,0.5743670886075947,,2026-08-20,9.95,,,,0
BULL,2026-08-20,2026-09-01,unqualified,runup_57%_below_90%,"{rs_top200,rs_1m_80,ninem_universe_watch}",7,0.5743670886075947,,2026-08-20,9.95,,,,0
BULL,2026-08-20,2026-09-02,unqualified,runup_57%_below_90%,"{rs_top200,rs_1m_80,ninem_universe_watch}",8,0.5743670886075947,,2026-08-20,9.95,,,,0
BULL,2026-08-20,2026-09-03,unqualified,runup_57%_below_90%,"{rs_top200,rs_1m_80,ninem_universe_watch}",9,0.5743670886075947,,2026-08-20,9.95,,,,0
BULL,2026-08-20,2026-09-04,unqualified,base_age_0_below_3,"{rs_top200,rs_1m_80,ninem_universe_watch}",0,,,2026-09-03,10.19,,,,0
BULL,2026-08-20,2026-09-07,unqualified,base_age_0_below_3,{ninem_universe_watch},0,,,2026-09-03,10.19,,,,0
BULL,2026-08-20,2026-09-08,unqualified,base_age_1_below_3,"{rs_top200,rs_1m_80,ninem_universe_watch}",1,,,2026-09-03,10.19,,,,0
BULL,2026-08-20,2026-09-09,unqualified,base_age_2_below_3,"{rs_top200,rs_1m_80,ninem_universe_watch}",2,,,2026-09-03,10.19,,,,0
BULL,2026-08-20,2026-09-10,unqualified,runup_48%_below_90%,"{rs_top200,rs_1m_80,ninem_universe_watch}",3,0.4768115942028983,0.0794896957801765,2026-09-03,10.19,,,,0
RARE,2026-08-20,2026-09-04,unqualified,runup_19%_below_90%,{ninem_universe_watch},10,0.1870054144106621,,2026-08-20,28.5,,,,0
RARE,2026-08-20,2026-09-07,unqualified,runup_19%_below_90%,{ninem_universe_watch},10,0.1870054144106621,0.515438596491228,2026-08-20,28.5,,,,0
RARE,2026-08-20,2026-09-08,unqualified,runup_19%_below_90%,{ninem_universe_watch},11,0.1870054144106621,0.515438596491228,2026-08-20,28.5,,,,0
RARE,2026-08-20,2026-09-09,unqualified,runup_19%_below_90%,{ninem_universe_watch},12,0.1870054144106621,0.515438596491228,2026-08-20,28.5,,,,0
RARE,2026-08-20,2026-09-10,unqualified,runup_19%_below_90%,{ninem_universe_watch},13,0.1870054144106621,0.515438596491228,2026-08-20,28.5,,,,0
UUUU,2026-08-21,2026-08-24,unqualified,base_age_0_below_3,"{rs_1m_80,ninem_universe_watch}",0,,,2026-08-21,15.55,,,,0
UUUU,2026-08-21,2026-08-25,unqualified,base_age_1_below_3,"{rs_1m_80,ninem_universe_watch}",1,,,2026-08-21,15.55,,,,0
UUUU,2026-08-21,2026-08-26,unqualified,base_age_0_below_3,"{rs_1m_80,ninem_universe_watch}",0,,,2026-08-25,16.2,,,,0
UUUU,2026-08-21,2026-08-27,unqualified,base_age_1_below_3,"{rs_1m_80,ninem_universe_watch}",1,,,2026-08-25,16.2,,,,0
UUUU,2026-08-21,2026-08-28,unqualified,base_age_2_below_3,{ninem_universe_watch},2,,,2026-08-25,16.2,,,,0
UUUU,2026-08-21,2026-08-31,unqualified,runup_52%_below_90%,{ninem_universe_watch},3,0.5154349859681946,,2026-08-25,16.2,,,,0
UUUU,2026-08-21,2026-09-01,unqualified,runup_52%_below_90%,{ninem_universe_watch},4,0.5154349859681946,,2026-08-25,16.2,,,,0
UUUU,2026-08-21,2026-09-02,unqualified,runup_52%_below_90%,{ninem_universe_watch},5,0.5154349859681946,,2026-08-25,16.2,,,,0
UUUU,2026-08-21,2026-09-03,unqualified,runup_52%_below_90%,{ninem_universe_watch},6,0.5154349859681946,,2026-08-25,16.2,,,,0
UUUU,2026-08-21,2026-09-04,unqualified,runup_52%_below_90%,{ninem_universe_watch},7,0.5154349859681946,,2026-08-25,16.2,,,,0
UUUU,2026-08-21,2026-09-08,unqualified,runup_52%_below_90%,{rs_1m_80},8,0.5154349859681946,0.1358024691358024,2026-08-25,16.2,,,,0
CRWD,2026-08-27,2026-08-28,unqualified,runup_37%_below_90%,{ninem_universe_watch},13,0.37323730557404833,,2026-08-10,226.9,,,,0
CRWD,2026-08-27,2026-08-31,unqualified,runup_37%_below_90%,{ninem_universe_watch},14,0.37323730557404833,,2026-08-10,226.9,,,,0
CRWD,2026-08-27,2026-09-01,unqualified,base_age_0_below_3,{ninem_universe_watch},0,,,2026-08-31,233.88,,,,0
CRWD,2026-08-27,2026-09-02,unqualified,base_age_1_below_3,{ninem_universe_watch},1,,,2026-08-31,233.88,,,,0
CRWD,2026-08-27,2026-09-03,unqualified,base_age_2_below_3,{ninem_universe_watch},2,,,2026-08-31,233.88,,,,0
CRWD,2026-08-27,2026-09-04,unqualified,runup_34%_below_90%,{ninem_universe_watch},3,0.3430573102101757,,2026-08-31,233.88,,,,0
CRWD,2026-08-27,2026-09-07,unqualified,runup_34%_below_90%,{ninem_universe_watch},3,0.3430573102101757,0.14229519411664104,2026-08-31,233.88,,,,0
CRWD,2026-08-27,2026-09-08,unqualified,runup_34%_below_90%,{ninem_universe_watch},4,0.3430573102101757,0.14229519411664104,2026-08-31,233.88,,,,0
CRWD,2026-08-27,2026-09-09,unqualified,runup_34%_below_90%,"{rs_top200,rs_1m_80,ninem_universe_watch}",5,0.3430573102101757,0.14229519411664104,2026-08-31,233.88,,,,0
CRWD,2026-08-27,2026-09-10,unqualified,runup_34%_below_90%,"{rs_top200,rs_1m_80,ninem_universe_watch}",6,0.3430573102101757,0.14229519411664104,2026-08-31,233.88,,,,0
CRWD,2026-08-27,2026-09-11,unqualified,runup_34%_below_90%,"{rs_top200,rs_1m_80,ninem_universe_watch}",7,0.3430573102101757,0.14229519411664104,2026-08-31,233.88,,,,0
CRWD,2026-08-27,2026-09-14,unqualified,runup_34%_below_90%,"{rs_top200,rs_1m_80,ninem_universe_watch}",8,0.3430573102101757,0.14229519411664104,2026-08-31,233.88,,,,0
CRWD,2026-08-27,2026-09-15,unqualified,base_age_0_below_3,"{rs_top200,rs_1m_80}",0,,,2026-09-14,239.37,,,,0
CRWD,2026-08-27,2026-09-16,unqualified,base_age_1_below_3,"{rs_top200,rs_1m_80}",1,,,2026-09-14,239.37,,,,0
CRWD,2026-08-27,2026-09-17,unqualified,base_age_1_below_3,"{rs_top200,rs_1m_80}",1,,,2026-09-15,243.98,,,,0
DG,2026-08-27,2026-09-01,unqualified,adr_2.9pct_below_4pct,{rs_1m_80},,,,,,,,,0
DG,2026-08-27,2026-09-02,unqualified,adr_2.9pct_below_4pct,{rs_1m_80},,,,,,,,,0
DG,2026-08-27,2026-09-03,unqualified,adr_3.0pct_below_4pct,{rs_1m_80},,,,,,,,,0
DG,2026-08-27,2026-09-04,unqualified,adr_3.0pct_below_4pct,{rs_1m_80},,,,,,,,,0
DG,2026-08-27,2026-09-08,unqualified,adr_3.0pct_below_4pct,{rs_1m_80},,,,,,,,,0
DG,2026-08-27,2026-09-10,unqualified,adr_3.1pct_below_4pct,{rs_1m_80},,,,,,,,,0
DG,2026-08-27,2026-09-14,unqualified,adr_3.1pct_below_4pct,{rs_1m_80},,,,,,,,,0
DG,2026-08-27,2026-09-15,unqualified,adr_3.3pct_below_4pct,{rs_1m_80},,,,,,,,,0
OKTA,2026-08-27,2026-08-28,unqualified,base_age_0_below_3,"{rs_top200,rs_1m_80,momentum_25pct,ninem_universe_watch}",0,,,2026-08-27,174.85,,,,0
OKTA,2026-08-27,2026-08-31,unqualified,base_age_1_below_3,"{rs_top200,rs_1m_80,momentum_25pct,ninem_universe_watch}",1,,,2026-08-27,174.85,,,,0
OKTA,2026-08-27,2026-09-01,unqualified,base_age_2_below_3,"{rs_top200,rs_1m_80,momentum_25pct,ninem_universe_watch}",2,,,2026-08-27,174.85,,,,0
OKTA,2026-08-27,2026-09-02,unqualified,runup_37%_below_90%,"{rs_top200,rs_1m_80,ninem_universe_watch}",3,0.37029780564263315,,2026-08-27,174.85,,,,0
OKTA,2026-08-27,2026-09-03,unqualified,runup_37%_below_90%,"{rs_top200,rs_1m_80,momentum_25pct,ninem_universe_watch}",4,0.37029780564263315,,2026-08-27,174.85,,,,0
OKTA,2026-08-27,2026-09-04,unqualified,runup_37%_below_90%,"{rs_top200,rs_1m_80,momentum_25pct,ninem_universe_watch}",5,0.37029780564263315,,2026-08-27,174.85,,,,0
OKTA,2026-08-27,2026-09-07,unqualified,runup_37%_below_90%,{ninem_universe_watch},5,0.37029780564263315,0.09791249642550759,2026-08-27,174.85,,,,0
OKTA,2026-08-27,2026-09-08,unqualified,runup_37%_below_90%,"{rs_top200,rs_1m_80,momentum_25pct,ninem_universe_watch}",6,0.37029780564263315,0.09791249642550759,2026-08-27,174.85,,,,0
OKTA,2026-08-27,2026-09-09,unqualified,runup_37%_below_90%,"{rs_top200,rs_1m_80,momentum_25pct,ninem_universe_watch}",7,0.37029780564263315,0.09791249642550759,2026-08-27,174.85,,,,0
OKTA,2026-08-27,2026-09-10,unqualified,runup_37%_below_90%,"{rs_top200,rs_1m_80,ninem_universe_watch}",8,0.37029780564263315,0.09791249642550759,2026-08-27,174.85,,,,0
OKTA,2026-08-27,2026-09-11,unqualified,runup_37%_below_90%,"{rs_top200,rs_1m_80}",9,0.37029780564263315,0.09791249642550759,2026-08-27,174.85,,,,0
OKTA,2026-08-27,2026-09-14,unqualified,runup_37%_below_90%,"{rs_top200,rs_1m_80}",10,0.37029780564263315,0.09791249642550759,2026-08-27,174.85,,,,0
OKTA,2026-08-27,2026-09-15,unqualified,base_age_0_below_3,"{rs_top200,rs_1m_80}",0,,,2026-09-14,189.72,,,,0
OKTA,2026-08-27,2026-09-16,unqualified,base_age_1_below_3,"{rs_top200,rs_1m_80}",1,,,2026-09-14,189.72,,,,0
OKTA,2026-08-27,2026-09-17,unqualified,base_age_2_below_3,"{rs_top200,rs_1m_80}",2,,,2026-09-14,189.72,,,,0
VEEV,2026-08-27,2026-08-28,unqualified,adr_3.5pct_below_4pct,"{rs_top200,rs_1m_80}",,,,,,,,,0
VEEV,2026-08-27,2026-08-31,unqualified,adr_3.6pct_below_4pct,"{rs_top200,rs_1m_80}",,,,,,,,,0
VEEV,2026-08-27,2026-09-01,unqualified,adr_3.6pct_below_4pct,"{rs_top200,rs_1m_80}",,,,,,,,,0
VEEV,2026-08-27,2026-09-02,unqualified,adr_3.6pct_below_4pct,"{rs_top200,rs_1m_80}",,,,,,,,,0
VEEV,2026-08-27,2026-09-03,unqualified,adr_3.6pct_below_4pct,"{rs_top200,rs_1m_80}",,,,,,,,,0
VEEV,2026-08-27,2026-09-04,unqualified,adr_3.5pct_below_4pct,"{rs_top200,rs_1m_80}",,,,,,,,,0
VEEV,2026-08-27,2026-09-08,unqualified,adr_3.5pct_below_4pct,"{rs_top200,rs_1m_80}",,,,,,,,,0
VEEV,2026-08-27,2026-09-09,unqualified,adr_3.5pct_below_4pct,"{rs_top200,rs_1m_80}",,,,,,,,,0
VEEV,2026-08-27,2026-09-10,unqualified,adr_3.4pct_below_4pct,"{rs_top200,rs_1m_80}",,,,,,,,,0
VEEV,2026-08-27,2026-09-11,unqualified,adr_3.2pct_below_4pct,"{rs_top200,rs_1m_80}",,,,,,,,,0
VEEV,2026-08-27,2026-09-14,unqualified,adr_3.1pct_below_4pct,"{rs_top200,rs_1m_80}",,,,,,,,,0
VEEV,2026-08-27,2026-09-15,unqualified,adr_3.2pct_below_4pct,"{rs_top200,rs_1m_80}",,,,,,,,,0
VEEV,2026-08-27,2026-09-16,unqualified,adr_3.2pct_below_4pct,"{rs_top200,rs_1m_80}",,,,,,,,,0
SOLS,2026-08-28,2026-08-31,unqualified,adr_3.3pct_below_4pct,"{rs_1m_80,ninem_universe_watch}",,,,,,,,,0
SOLS,2026-08-28,2026-09-01,unqualified,adr_3.4pct_below_4pct,{ninem_universe_watch},,,,,,,,,0
SOLS,2026-08-28,2026-09-02,unqualified,adr_3.4pct_below_4pct,{ninem_universe_watch},,,,,,,,,0
SOLS,2026-08-28,2026-09-03,unqualified,adr_3.4pct_below_4pct,{ninem_universe_watch},,,,,,,,,0
SOLS,2026-08-28,2026-09-04,unqualified,adr_3.5pct_below_4pct,{ninem_universe_watch},,,,,,,,,0
SOLS,2026-08-28,2026-09-07,unqualified,adr_3.5pct_below_4pct,{ninem_universe_watch},,,,,,,,,0
SOLS,2026-08-28,2026-09-08,unqualified,adr_3.5pct_below_4pct,"{rs_1m_80,ninem_universe_watch}",,,,,,,,,0
SOLS,2026-08-28,2026-09-09,unqualified,adr_3.5pct_below_4pct,"{rs_1m_80,ninem_universe_watch}",,,,,,,,,0
SOLS,2026-08-28,2026-09-10,unqualified,adr_3.6pct_below_4pct,"{rs_1m_80,ninem_universe_watch}",,,,,,,,,0
SOLS,2026-08-28,2026-09-11,unqualified,adr_3.6pct_below_4pct,"{rs_1m_80,ninem_universe_watch}",,,,,,,,,0
SOLS,2026-08-28,2026-09-14,unqualified,adr_3.7pct_below_4pct,{rs_1m_80},,,,,,,,,0
SOLS,2026-08-28,2026-09-15,unqualified,adr_3.7pct_below_4pct,{rs_1m_80},,,,,,,,,0
SOLS,2026-08-28,2026-09-16,unqualified,adr_3.8pct_below_4pct,{rs_1m_80},,,,,,,,,0
SOLS,2026-08-28,2026-09-17,unqualified,adr_3.6pct_below_4pct,{rs_1m_80},,,,,,,,,0
HOOD,2026-09-03,2026-09-04,unqualified,base_age_0_below_3,"{rs_top200,rs_1m_80}",0,,,2026-09-03,124.88,,,,0
HOOD,2026-09-03,2026-09-08,unqualified,base_age_1_below_3,"{rs_top200,rs_1m_80}",1,,,2026-09-03,124.88,,,,0
HOOD,2026-09-03,2026-09-09,unqualified,base_age_2_below_3,"{rs_top200,rs_1m_80}",2,,,2026-09-03,124.88,,,,0
HOOD,2026-09-03,2026-09-10,unqualified,runup_49%_below_90%,{rs_1m_80},3,0.4923518164435945,0.078395259449071,2026-09-03,124.88,,,,0
HOOD,2026-09-03,2026-09-11,unqualified,runup_49%_below_90%,{rs_1m_80},4,0.4923518164435945,0.10353939782190902,2026-09-03,124.88,,,,0
HOOD,2026-09-03,2026-09-14,unqualified,runup_49%_below_90%,"{rs_top200,rs_1m_80}",5,0.4923518164435945,0.11098654708520184,2026-09-03,124.88,,,,0
HOOD,2026-09-03,2026-09-18,unqualified,runup_49%_below_90%,"{rs_top200,rs_1m_80}",9,0.4923518164435945,0.1855821588725176,2026-09-03,124.88,,,,0
HOOD,2026-09-03,2026-09-21,unqualified,runup_49%_below_90%,"{rs_top200,rs_1m_80}",10,0.4923518164435945,0.1855821588725176,2026-09-03,124.88,,,,0
HOOD,2026-09-03,2026-09-22,unqualified,runup_49%_below_90%,"{rs_top200,rs_1m_80}",11,0.4923518164435945,0.1855821588725176,2026-09-03,124.88,,,,0
HOOD,2026-09-03,2026-09-23,unqualified,runup_49%_below_90%,"{rs_top200,rs_1m_80}",12,0.4923518164435945,0.1855821588725176,2026-09-03,124.88,,,,0
SNOW,2026-09-03,2026-09-04,unqualified,adr_4.0pct_below_4pct,"{rs_top200,ninem_universe_watch}",,,,,,,,,0
SNOW,2026-09-03,2026-09-07,unqualified,adr_4.0pct_below_4pct,{ninem_universe_watch},,,,,,,,,0
SNOW,2026-09-03,2026-09-08,unqualified,adr_3.9pct_below_4pct,"{rs_top200,ninem_universe_watch}",,,,,,,,,0
SNOW,2026-09-03,2026-09-09,unqualified,adr_3.9pct_below_4pct,"{rs_top200,ninem_universe_watch}",,,,,,,,,0
SNOW,2026-09-03,2026-09-10,unqualified,adr_4.0pct_below_4pct,"{rs_top200,rs_1m_80,ninem_universe_watch}",,,,,,,,,0
SNOW,2026-09-03,2026-09-11,unqualified,adr_4.0pct_below_4pct,{ninem_universe_watch},,,,,,,,,0
SNOW,2026-09-03,2026-09-14,unqualified,runup_52%_below_90%,"{rs_top200,rs_1m_80,ninem_universe_watch}",5,0.5164629849509108,0.15898689411275224,2026-09-03,384.56,,,,0
SNOW,2026-09-03,2026-09-15,unqualified,runup_52%_below_90%,"{rs_top200,rs_1m_80,ninem_universe_watch}",6,0.5164629849509108,0.17048054919908462,2026-09-03,384.56,,,,0
SNOW,2026-09-03,2026-09-16,unqualified,runup_52%_below_90%,"{rs_top200,rs_1m_80,ninem_universe_watch}",7,0.5164629849509108,0.17178047638860006,2026-09-03,384.56,,,,0
SNOW,2026-09-03,2026-09-17,unqualified,runup_52%_below_90%,"{rs_top200,rs_1m_80,ninem_universe_watch}",8,0.5164629849509108,0.1745111296026628,2026-09-03,384.56,,,,0
SNOW,2026-09-03,2026-09-18,unqualified,runup_52%_below_90%,{rs_top200},9,0.5164629849509108,0.1745111296026628,2026-09-03,384.56,,,,0
SNOW,2026-09-03,2026-09-21,unqualified,runup_52%_below_90%,{rs_top200},10,0.5164629849509108,0.1745111296026628,2026-09-03,384.56,,,,0
SNOW,2026-09-03,2026-09-22,unqualified,runup_52%_below_90%,"{rs_top200,rs_1m_80}",11,0.5164629849509108,0.1745111296026628,2026-09-03,384.56,,,,0
SNOW,2026-09-03,2026-09-23,unqualified,runup_52%_below_90%,"{rs_top200,rs_1m_80}",12,0.5164629849509108,0.1745111296026628,2026-09-03,384.56,,,,0
