scan_date,ticker,tick_et,pool,label,rank_by_gap_logged,rank_by_prescore_logged,reject_stage,filter_reason,prev_close,gap_pct,tick_price,in_theme,theme_src,score_date_P,adv20_P,k1_adv_dollar,k2_pm_dollar,k2_src,k3_pm_rvol,k4_rs_composite,k4_rs_rank,k5_zones,k5_note,k6_gap
2026-05-01,CUE,09:25:00,1,,1,,,already up 2560% in prior 5 days (extended),14.74,121.98,32.719852,0,rebuilt,2026-04-30,,,201809650.26403448,derived,,,,,not_computed_day,121.98
2026-05-01,AKAN,09:25:00,1,,2,,,already up 1406% in prior 5 days (extended),48.96,26.86,62.110656,0,rebuilt,2026-04-30,,,80355613.50410926,derived,,,,,not_computed_day,26.86
2026-05-01,TWLO,09:25:00,1,,3,,,already scored earlier today,148.06,21.48,179.86328799999998,0,rebuilt,2026-04-30,2139443.0,316765930.58,27618877.72365954,derived,16.989,86.4,534.0,,not_computed_day,21.48
2026-05-01,TEAM,09:25:00,1,,4,,,already scored earlier today,68.59,20.28,82.50005200000001,0,rebuilt,2026-04-30,7144088.0,490012995.92,43483362.05565198,derived,9.981,35.6,2517.0,,not_computed_day,20.28
2026-05-01,FIVN,09:25:00,1,,5,,,already scored earlier today,17.2,19.44,20.54368,0,rebuilt,2026-04-30,2039867.0,35085712.4,3661152.2194801476,derived,,56.1,1716.0,,not_computed_day,19.44
2026-05-01,ISPC,09:25:00,1,,6,,,already up 4149% in prior 5 days (extended),5.23,16.64,6.1002719999999995,0,rebuilt,2026-04-30,,,27661839.82427533,derived,,,,,not_computed_day,16.64
2026-05-01,AIOS,09:25:00,1,,7,,,already up 2264% in prior 5 days (extended),9.32,15.34,10.749688,0,rebuilt,2026-04-30,,,2454897.5625550714,derived,,,,,not_computed_day,15.34
2026-05-01,NVT,09:25:00,1,,8,,,score 18 < 50 (catalyst=routine),142.9,14.07,163.00603,0,rebuilt,2026-04-30,2080105.5,297247075.95,21345921.500605404,derived,37.926,90.0,392.0,,not_computed_day,14.07
2026-05-01,RDDT,09:25:00,1,,9,,,already scored earlier today,147.23,13.72,167.42995599999998,0,rebuilt,2026-04-30,3727870.5,548854373.7149999,103502513.35726921,derived,9.948,37.0,2464.0,,not_computed_day,13.72
2026-05-01,EL,09:25:00,1,,10,,,score 46 < 50 (catalyst=strong),76.71,11.98,85.89985799999998,0,rebuilt,2026-04-30,3842593.5,294765347.385,29236786.19604661,derived,43.33,19.6,3142.0,,not_computed_day,11.98
2026-05-01,VEEV,09:25:00,1,,11,,,M&A/buyout catalyst — no momentum trade,155.97,11.25,173.516625,0,rebuilt,2026-04-30,1821461.0,284093272.17,20968968.579276722,derived,18.484,11.8,3449.0,,not_computed_day,11.25
2026-05-01,ROKU,09:25:00,1,,12,,,score 43 < 50 (catalyst=strong),116.56,10.36,128.635616,0,rebuilt,2026-04-30,2325501.5,271060454.84000003,13119250.320803795,derived,12.381,85.7,559.0,,not_computed_day,10.36
2026-05-01,TMC,09:25:00,1,,13,,,"routine catalyst, gap 9.7%",5.24,9.73,5.749852,0,rebuilt,2026-04-30,4768215.5,24985449.220000003,6164189.528811412,derived,,36.0,2504.0,,not_computed_day,9.73
2026-05-01,MTZ,09:25:00,1,,14,,,"pre-mkt volume 6,178 < 25,000 shares",394.05,8.59,427.89889500000004,0,rebuilt,2026-04-30,661666.5,260729684.32500002,3902712.7540147323,derived,8.486,93.7,248.0,,not_computed_day,8.59
2026-05-01,BOOM,09:25:00,1,,15,,,"pre-mkt volume 1,901 < 25,000 shares",6.18,8.37,6.697265999999999,0,rebuilt,2026-04-30,251638.0,1555122.8399999999,19038.637728048863,derived,,74.0,1016.0,,not_computed_day,8.37
2026-05-01,ANIK,09:25:00,1,,16,,,"pre-mkt volume 1,369 < 25,000 shares",12.45,8.2,13.4709,0,rebuilt,2026-04-30,108340.0,1348833.0,17261.671485093528,derived,,30.9,2700.0,,not_computed_day,8.2
2026-05-04,GBTG,07:55:00,1,,1,,,score 48 < 50 (catalyst=routine),5.93,56.49,9.279857,0,rebuilt,2026-05-01,1074499.5,6371782.035,12898776.515153436,derived,,52.9,1835.0,,not_computed_day,56.49
2026-05-04,RLYB,07:55:00,1,,2,,,"quality filter: filter:adv_too_low: $400,789",9.41,41.76,13.339616,0,rebuilt,2026-05-01,39740.0,373953.4,60880437.17281599,derived,,92.4,298.0,,not_computed_day,41.76
2026-05-04,ADVB,07:55:00,1,,3,,,"quality filter: filter:adv_too_low: $139,809",5.27,30.17,6.859959,0,rebuilt,2026-05-01,19707.5,103858.525,21662453.982063722,derived,,21.1,3072.0,,not_computed_day,30.17
2026-05-04,CELC,07:55:00,1,,4,,,"pre-mkt volume 23,148 < 25,000 shares",125.65,15.4,145.0001,0,rebuilt,2026-05-01,722739.5,90812218.175,3700499.6436769096,derived,74.26,82.4,686.0,,not_computed_day,15.4
2026-05-04,BB,07:55:00,1,,5,,,score -14 < 50 (catalyst=routine),5.42,13.19,6.134898,0,rebuilt,2026-05-01,15001289.5,81306989.09,12882373.787462905,derived,18.681,96.9,120.0,,not_computed_day,13.19
2026-05-04,INNV,07:55:00,1,,6,,,"pre-mkt volume 715 < 25,000 shares",8.32,10.46,9.190272,0,rebuilt,2026-05-01,248108.0,2064258.56,0.0,derived,,57.2,1668.0,,not_computed_day,10.46
2026-05-04,NICE,07:55:00,1,,7,,,"routine catalyst, gap 9.6%",112.9,9.61,123.74969000000002,0,rebuilt,2026-05-01,455683.0,51446610.7,7147697.432274709,derived,26.807,63.9,1407.0,,not_computed_day,9.61
2026-05-04,SSM,07:55:00,1,,8,,,"quality filter: filter:adv_too_low: $17,799",6.0,9.0,6.540000000000001,0,rebuilt,2026-05-01,2680.0,16080.0,765735.1407087469,derived,,8.8,3554.0,,not_computed_day,9.0
2026-05-04,OUST,07:55:00,1,,9,,,"routine catalyst, gap 8.5%",26.45,8.51,28.700895,0,rebuilt,2026-05-01,1571100.0,41555595.0,3473642.982996468,derived,4.847,93.6,250.0,,not_computed_day,8.51
2026-05-04,EBAY,07:55:00,1,,10,,,M&A/buyout catalyst — no momentum trade,104.07,8.48,112.895136,0,rebuilt,2026-05-01,4674419.0,486466785.33,83435258.61926754,derived,465.0,84.7,596.0,,not_computed_day,8.48
2026-05-04,AKTX,07:55:00,1,,11,,,"pre-mkt volume 1,017 < 25,000 shares",5.47,8.23,5.920181,0,rebuilt,2026-05-01,,,5405.193519672744,derived,,,,,not_computed_day,8.23
2026-05-05,VRDN,09:25:00,1,,1,,,already scored earlier today,14.06,31.58,18.500148,0,rebuilt,2026-05-04,1694489.0,23824515.34,67410512.30001439,derived,,3.5,3841.0,3,CLEARED_DECISIVE_NOHOLDDATA,31.58
2026-05-05,STRL,09:25:00,1,,2,,,already scored earlier today,529.49,29.43,685.318907,0,rebuilt,2026-05-04,428876.0,227085553.24,34174866.00041703,derived,19.304,93.5,260.0,0,BLUE_SKY_NOHOLDDATA,29.43
2026-05-05,EVER,09:25:00,1,,3,,,already scored earlier today,14.61,24.23,18.150002999999998,0,rebuilt,2026-05-04,608433.0,8889206.129999999,1049893.2314669027,derived,,8.2,3653.0,8,CLEARED_DECISIVE_NOHOLDDATA,24.23
2026-05-05,CYTK,09:25:00,1,,4,,,score 36 < 50 (catalyst=routine),66.05,23.13,81.327365,0,rebuilt,2026-05-04,1492709.0,98593429.45,248341443.69114485,derived,2833.2,57.4,1694.0,7,BLUE_SKY_NOHOLDDATA,23.13
2026-05-05,EWTX,09:25:00,1,,5,,,score 30 < 50 (catalyst=routine),31.45,22.42,38.50109,0,rebuilt,2026-05-04,689136.0,21673327.2,6816597.591705817,derived,,52.4,1893.0,5,BLUE_SKY_NOHOLDDATA,22.42
2026-05-05,DOCN,09:25:00,1,,6,,,score -6 < 50 (catalyst=routine),108.81,19.77,130.321737,1,rebuilt,2026-05-04,3395355.0,369448577.55,132284914.73904674,derived,90.973,98.9,44.0,0,BLUE_SKY_NOHOLDDATA,19.77
2026-05-05,PINS,09:25:00,1,,7,,,M&A/buyout catalyst — no momentum trade,20.85,19.14,24.840690000000002,0,rebuilt,2026-05-04,12271592.0,255862693.20000002,58070175.87485551,derived,101.302,73.0,1077.0,1,CLEARED_DECISIVE_NOHOLDDATA,19.14
2026-05-05,BDSX,09:25:00,1,,8,,,"pre-mkt volume 20,413 < 25,000 shares",11.27,17.75,13.270425,0,rebuilt,2026-05-04,50065.0,564232.5499999999,266949.4512148134,derived,,22.4,3087.0,2,CLEARED_DECISIVE_NOHOLDDATA,17.75
2026-05-05,SEAT,09:25:00,1,,9,,,"pre-mkt volume 5,122 < 25,000 shares",6.43,16.64,7.499951999999999,0,rebuilt,2026-05-04,89085.0,572816.5499999999,40033.34960542274,derived,,47.0,2111.0,1,CLEARED_DECISIVE_NOHOLDDATA,16.64
2026-05-05,FTRE,09:25:00,1,,10,,,already scored earlier today,12.25,15.1,14.09975,0,rebuilt,2026-05-04,1129059.0,13830972.75,842795.1931682042,derived,,73.3,1062.0,0,NEVER_BREACHED,15.1
2026-05-05,SHLS,09:25:00,1,,11,,,score 18 < 50 (catalyst=routine),8.27,14.63,9.479901,0,rebuilt,2026-05-04,3978300.0,32900541.0,3359549.924199331,derived,35.141,82.1,715.0,2,CLEARED_DECISIVE_NOHOLDDATA,14.63
2026-05-05,WYY,09:25:00,1,,12,,,already up 62% in prior 5 days (extended),8.85,13.33,10.029705,0,rebuilt,2026-05-04,30579.0,270624.14999999997,585809.2136038666,derived,,98.6,58.0,0,BLUE_SKY_NOHOLDDATA,13.33
2026-05-05,ACNT,09:25:00,1,,13,,,"pre-mkt volume 134 < 25,000 shares",14.92,12.67,16.810364,0,rebuilt,2026-05-04,85429.0,1274600.68,0.0,derived,,41.1,2343.0,0,NEVER_BREACHED,12.67
2026-05-05,IART,09:25:00,1,,14,,,"pre-mkt volume 14,828 < 25,000 shares",10.65,12.49,11.980185,0,rebuilt,2026-05-04,763248.0,8128591.2,197249.4201215627,derived,,50.6,1967.0,2,CLEARED_DECISIVE_NOHOLDDATA,12.49
2026-05-05,FLY,09:25:00,1,,15,,,EP cooldown — alerted within last 60 days,33.37,12.38,37.501205999999996,1,rebuilt,2026-05-04,4986382.0,166395567.33999997,8239418.769168267,derived,2.012,62.8,1480.0,1,CLEARED_DECISIVE_NOHOLDDATA,12.38
2026-05-05,FGNX,09:25:00,1,,16,,,"pre-mkt volume 1,116 < 25,000 shares",6.04,11.42,6.729768000000001,0,rebuilt,2026-05-04,52110.0,314744.4,5559.226717630068,derived,,26.4,2927.0,0,NEVER_BREACHED,11.42
2026-05-05,PLOW,09:25:00,1,,17,,,"pre-mkt volume 8,455 < 25,000 shares",44.58,10.81,49.399098,0,rebuilt,2026-05-04,179214.0,7989360.12,459983.34483784606,derived,,39.4,2412.0,2,BLUE_SKY_NOHOLDDATA,10.81
2026-05-05,TRT,09:25:00,1,,18,,,"quality filter: filter:adv_too_low: $628,513",11.67,10.72,12.921024,0,rebuilt,2026-05-04,93113.0,1086628.71,372318.3492908193,derived,,98.9,45.0,0,NO_LEVEL,10.72
2026-05-05,WAT,09:25:00,1,,19,,,"pre-mkt volume 3,158 < 25,000 shares",301.88,9.65,331.01142,0,rebuilt,2026-05-04,850881.0,256863956.28,0.0,derived,2.393,14.7,3396.0,2,CLEARED_DECISIVE_NOHOLDDATA,9.65
2026-05-05,RAAQ,09:25:00,1,,20,,,"pre-mkt volume 488 < 25,000 shares",10.865,9.53,11.9004345,0,rebuilt,2026-05-04,149206.0,1621123.19,0.0,derived,,69.3,1223.0,1,BLUE_SKY_NOHOLDDATA,9.53
2026-05-05,ROK,09:25:00,1,,21,,,outside top-20 gap cap (gap 9.2%),400.31,9.17,437.018427,0,rebuilt,2026-05-04,665783.0,266519592.73,6564825.520098846,derived,,31.7,2719.0,5,CLEARED_DECISIVE_NOHOLDDATA,9.17
2026-05-05,WOLF,09:25:00,1,,22,,,outside top-20 gap cap (gap 8.9%),35.94,8.9,39.138659999999994,0,rebuilt,2026-05-04,3536673.0,127108027.61999999,18963039.29112591,derived,,98.9,46.0,0,BLUE_SKY_NOHOLDDATA,8.9
2026-05-05,SILC,09:25:00,1,,23,,,outside top-20 gap cap (gap 8.3%),41.44,8.35,44.90024,0,rebuilt,2026-05-04,54663.0,2265234.7199999997,249533.40108305594,derived,,99.6,17.0,0,NEAR_ATH_NOHOLDDATA,8.35
2026-05-05,GPK,09:25:00,1,,24,,,outside top-20 gap cap (gap 8.3%),9.56,8.26,10.349656000000001,0,rebuilt,2026-05-04,5505449.0,52632092.440000005,635664.2823109542,derived,,8.8,3627.0,5,CLEARED_DECISIVE_NOHOLDDATA,8.26
2026-05-05,RYTM,09:25:00,1,,25,,,outside top-20 gap cap (gap 8.1%),85.58,8.07,92.486306,0,rebuilt,2026-05-04,534874.0,45774516.92,3321493.794155126,derived,,16.1,3339.0,6,CLEARED_DECISIVE_NOHOLDDATA,8.07
2026-05-05,IMOS,09:25:00,1,,26,,,outside top-20 gap cap (gap 8.0%),48.14,8.02,52.000828000000006,0,rebuilt,2026-05-04,66231.0,3188360.34,197683.93161032864,derived,,92.0,320.0,0,BLUE_SKY_NOHOLDDATA,8.02
2026-05-06,AVTX,07:10:00,1,,1,,,quality filter: filter:mcap_too_small: $371M < $500M,16.26,44.96,23.570496000000002,0,rebuilt,2026-05-05,692422.0,11258781.72,21617675.23640545,derived,5065.798,48.3,2041.0,11,BLUE_SKY_NOHOLDDATA,44.96
2026-05-06,COMP,07:10:00,1,,2,,,already scored earlier today,7.26,37.33,9.970158,0,rebuilt,2026-05-05,10987174.0,79766883.24,11317119.339992108,derived,506.065,18.5,3218.0,11,CLEARED_DECISIVE_NOHOLDDATA,37.33
2026-05-06,SKK,07:10:00,1,,3,,,already up 227% in prior 5 days (extended),5.56,22.3,6.79988,0,rebuilt,2026-05-05,37795.0,210140.19999999998,18360306.318174537,derived,,99.3,29.0,0,NO_LEVEL,22.3
2026-05-06,FLEX,07:10:00,1,,4,,,already scored earlier today,96.45,22.28,117.93906,0,rebuilt,2026-05-05,3617397.5,348897988.875,8926380.009789977,derived,24.028,95.4,183.0,0,BLUE_SKY_NOHOLDDATA,22.28
2026-05-06,AMD,07:10:00,1,,5,,,already scored earlier today,355.26,20.14,426.809364,1,rebuilt,2026-05-05,37278274.0,13243479621.24,1076978239.6657877,derived,5.965,97.9,82.0,1,BLUE_SKY_NOHOLDDATA,20.14
2026-05-06,VECO,07:10:00,1,,6,,,M&A/buyout catalyst — no momentum trade,49.54,20.1,59.49754,0,rebuilt,2026-05-05,1062213.0,52622032.019999996,2803836.102044398,derived,5.516,96.1,156.0,1,BLUE_SKY_NOHOLDDATA,20.1
2026-05-06,GEO,07:10:00,1,,7,,,already scored earlier today,18.36,17.59,21.589523999999997,0,rebuilt,2026-05-05,1390792.5,25534950.3,1824556.5046418307,derived,134.635,75.8,957.0,2,CLEARED_DECISIVE_NOHOLDDATA,17.59
2026-05-06,FLYW,07:10:00,1,,8,,,"pre-mkt volume 8,911 < 25,000 shares",14.53,15.9,16.84027,0,rebuilt,2026-05-05,1428045.0,20749493.849999998,244720.38414510962,derived,0.97,80.7,762.0,5,BLUE_SKY_NOHOLDDATA,15.9
2026-05-06,NVAX,07:10:00,1,,9,,,score 34 < 50 (catalyst=routine),8.1,15.43,9.34983,0,rebuilt,2026-05-05,2886725.0,23382472.5,4550686.983103848,derived,40.687,29.1,2800.0,10,CLEARED_DECISIVE_NOHOLDDATA,15.43
2026-05-06,ELPW,07:10:00,1,,10,,,"filter:pm_rvol_too_low: pm_rvol=0.45x (today 277,770 / baseline 613,313 n=22) < ",5.87,14.82,6.739934000000001,0,rebuilt,2026-05-05,557028.0,3269754.36,1849720.0845032402,derived,0.453,83.9,636.0,0,NEVER_BREACHED,14.82
2026-05-06,SMCI,07:10:00,1,,11,,,already scored earlier today,27.83,14.7,31.92101,0,rebuilt,2026-05-05,28533205.5,794079109.0649999,59699052.55801725,derived,5.081,32.0,2687.0,3,CLEARED_DECISIVE_NOHOLDDATA,14.7
2026-05-06,HUT,07:10:00,1,,12,,,score 7 < 50 (catalyst=strong),80.51,14.27,91.998777,1,rebuilt,2026-05-05,4356202.0,350717823.02000004,8720182.313833758,derived,8.764,94.2,231.0,1,BLUE_SKY_NOHOLDDATA,14.27
2026-05-06,ARTV,07:10:00,1,,13,,,"pre-mkt volume 11,783 < 25,000 shares",10.6,14.06,12.09036,0,rebuilt,2026-05-05,226401.5,2399855.9,142806.6571733496,derived,,99.1,36.0,0,NEAR_ATH_NOHOLDDATA,14.06
2026-05-06,UMC,07:10:00,1,REAL_EP,14,,,score 22 < 50 (catalyst=strong),14.01,13.13,15.849513,0,rebuilt,2026-05-05,11246949.0,157569755.49,3864629.252448674,derived,3.421,97.5,101.0,0,BLUE_SKY_NOHOLDDATA,13.13
2026-05-06,MASS,07:10:00,1,,15,,,"pre-mkt volume 153 < 25,000 shares",7.09,12.55,7.979794999999999,0,rebuilt,2026-05-05,245921.5,1743583.435,0.0,derived,,64.0,1422.0,8,CLEARED_DECISIVE_NOHOLDDATA,12.55
2026-05-06,SSRM,07:10:00,1,,16,,,"pre-mkt volume 6,619 < 25,000 shares",28.25,12.35,31.738875,0,rebuilt,2026-05-05,2912841.0,82287758.25,0.0,derived,1.088,30.4,2751.0,4,CLEARED_DECISIVE_NOHOLDDATA,12.35
2026-05-06,VCYT,07:10:00,1,,17,,,"filter:pm_rvol_too_low: pm_rvol=0.40x (today 404 / baseline 1,001 n=15) < 1.0x",32.97,12.22,36.998934,0,rebuilt,2026-05-05,639096.0,21070995.12,0.0,derived,0.404,14.0,3398.0,8,CLEARED_DECISIVE_NOHOLDDATA,12.22
2026-05-06,CVKD,07:10:00,1,,18,,,"pre-mkt volume 500 < 25,000 shares",6.32,12.18,7.089776,0,rebuilt,2026-05-05,49146.5,310605.88,3816.962878591278,derived,,51.8,1906.0,0,NEVER_BREACHED,12.18
2026-05-06,POET,07:10:00,1,,19,,,quality filter: filter:atr_too_high: 22.9% > 15.0%,9.21,12.05,10.319805,0,rebuilt,2026-05-05,27316286.5,251582998.66500002,25840858.56175552,derived,1.703,94.5,220.0,1,CLEARED_DECISIVE_NOHOLDDATA,12.05
2026-05-06,KMT,07:10:00,1,,20,,,"pre-mkt volume 2,711 < 25,000 shares",37.51,11.97,41.99994699999999,0,rebuilt,2026-05-05,968783.5,36339069.085,0.0,derived,3.641,35.1,2565.0,6,CLEARED_DECISIVE_NOHOLDDATA,11.97
2026-05-06,PENG,07:10:00,1,,21,,,outside top-20 gap cap (gap 11.8%),36.45,11.82,40.758390000000006,0,rebuilt,2026-05-05,1642327.5,59862837.37500001,1578027.7257189315,derived,,98.6,58.0,0,BLUE_SKY_NOHOLDDATA,11.82
2026-05-06,SBSW,07:10:00,1,,22,,,outside top-20 gap cap (gap 11.8%),11.72,11.77,13.099444,0,rebuilt,2026-05-05,4186696.0,49068077.120000005,1953227.2991873315,derived,,4.0,3794.0,4,CLEARED_DECISIVE_NOHOLDDATA,11.77
2026-05-06,YOU,07:10:00,1,,23,,,outside top-20 gap cap (gap 11.8%),58.77,11.76,65.681352,0,rebuilt,2026-05-05,1286210.5,75590591.08500001,0.0,derived,,93.3,267.0,1,BLUE_SKY_NOHOLDDATA,11.76
2026-05-06,CXDO,07:10:00,1,,24,,,outside top-20 gap cap (gap 11.7%),8.31,11.72,9.283932,0,rebuilt,2026-05-05,115397.5,958953.2250000001,74701.41671744412,derived,,92.1,311.0,0,BLUE_SKY_NOHOLDDATA,11.72
2026-05-06,ARM,07:10:00,1,REAL_EP,25,,,outside top-20 gap cap (gap 11.7%),208.84,11.67,233.21162800000002,1,rebuilt,2026-05-05,6545213.5,1366902387.34,113457949.70108165,derived,,97.8,87.0,1,CLEARED_DECISIVE_NOHOLDDATA,11.67
2026-05-06,PN,07:10:00,1,,26,,,outside top-20 gap cap (gap 11.3%),6.88,11.34,7.6601919999999994,0,rebuilt,2026-05-05,47820.0,329001.6,5563664.278484421,derived,,36.7,2502.0,0,NEVER_BREACHED,11.34
2026-05-06,HMY,07:10:00,1,,27,,,outside top-20 gap cap (gap 11.3%),15.58,11.3,17.34054,0,rebuilt,2026-05-05,5037727.5,78487794.45,3039419.3550260123,derived,,4.8,3760.0,2,CLEARED_DECISIVE_NOHOLDDATA,11.3
2026-05-06,LFVN,07:10:00,1,,28,,,outside top-20 gap cap (gap 10.8%),5.49,10.75,6.080175,0,rebuilt,2026-05-05,169426.5,930151.485,290042.05030247045,derived,,76.2,940.0,1,CLEARED_MARGINAL_NOHOLDDATA,10.75
2026-05-06,DRD,07:10:00,1,,29,,,outside top-20 gap cap (gap 10.7%),26.42,10.71,29.249582,0,rebuilt,2026-05-05,197880.5,5228002.8100000005,320769.09021747886,derived,,3.7,3803.0,1,CLEARED_MARGINAL_NOHOLDDATA,10.71
2026-05-06,OSCR,07:10:00,1,,30,,,outside top-20 gap cap (gap 10.7%),17.94,10.65,19.850610000000003,0,rebuilt,2026-05-05,5766154.5,103444811.73,8788976.297674406,derived,,90.1,392.0,3,CLEARED_DECISIVE_NOHOLDDATA,10.65
2026-05-06,AMWL,07:10:00,1,,31,,,outside top-20 gap cap (gap 10.2%),6.36,10.22,7.0099920000000004,0,rebuilt,2026-05-05,44483.5,282915.06,3974.6835693722883,derived,,89.9,398.0,4,CLEARED_DECISIVE_NOHOLDDATA,10.22
2026-05-06,GFI,07:10:00,1,,32,,,outside top-20 gap cap (gap 10.2%),41.75,10.2,46.008500000000005,0,rebuilt,2026-05-05,2461769.0,102778855.75,7362758.409068438,derived,,7.0,3675.0,4,CLEARED_DECISIVE_NOHOLDDATA,10.2
2026-05-06,TWIN,07:10:00,1,,33,,,outside top-20 gap cap (gap 9.8%),15.84,9.85,17.40024,0,rebuilt,2026-05-05,49514.5,784309.6799999999,0.0,derived,,10.5,3537.0,7,CLEARED_DECISIVE_NOHOLDDATA,9.85
2026-05-06,SCZM,07:10:00,1,,34,,,outside top-20 gap cap (gap 9.6%),7.78,9.64,8.529992,0,rebuilt,2026-05-05,408845.5,3180817.99,79131.76196053412,derived,,1.7,3884.0,0,NEVER_BREACHED,9.64
2026-05-06,VCX,07:10:00,1,,35,,,outside top-20 gap cap (gap 9.6%),137.79,9.59,151.004061,0,rebuilt,2026-05-05,253762.0,34965865.98,1666109.6106068536,derived,,98.8,50.0,0,NO_LEVEL,9.59
2026-05-06,DGXX,07:10:00,1,,36,,,outside top-20 gap cap (gap 9.4%),5.11,9.39,5.589829000000001,0,rebuilt,2026-05-05,1714349.5,8760325.945,5577884.661766113,derived,,99.2,33.0,0,NEVER_BREACHED,9.39
2026-05-06,MT,07:10:00,1,,37,,,outside top-20 gap cap (gap 9.2%),58.18,9.16,63.50928799999999,0,rebuilt,2026-05-05,1454727.5,84636045.95,3290313.4532421716,derived,,35.7,2541.0,2,CLEARED_DECISIVE_NOHOLDDATA,9.16
2026-05-06,TECK,07:10:00,1,,38,,,outside top-20 gap cap (gap 9.1%),57.8,9.07,63.04246,0,rebuilt,2026-05-05,2553747.0,147606576.6,3976538.369661733,derived,,55.5,1760.0,4,CLEARED_DECISIVE_NOHOLDDATA,9.07
2026-05-06,STLA,07:10:00,1,,39,,,outside top-20 gap cap (gap 9.0%),7.2,9.03,7.850160000000001,0,rebuilt,2026-05-05,18541099.5,133495916.4,7404857.221055168,derived,,7.4,3659.0,1,CLEARED_DECISIVE_NOHOLDDATA,9.03
2026-05-06,HNGE,07:10:00,1,,40,,,outside top-20 gap cap (gap 8.9%),49.75,8.94,54.197649999999996,0,rebuilt,2026-05-05,760343.0,37827064.25,971157.0685314181,derived,,83.5,652.0,7,CLEARED_DECISIVE_NOHOLDDATA,8.94
2026-05-06,NG,07:10:00,1,,41,,,outside top-20 gap cap (gap 8.9%),7.93,8.91,8.636562999999999,0,rebuilt,2026-05-05,2356418.0,18686394.74,279817.8535138448,derived,,2.9,3837.0,2,CLEARED_DECISIVE_NOHOLDDATA,8.91
2026-05-06,ADPT,07:10:00,1,,42,,,outside top-20 gap cap (gap 8.8%),13.78,8.85,14.99953,0,rebuilt,2026-05-05,1380919.5,19029070.71,0.0,derived,,9.9,3558.0,1,CLEARED_DECISIVE_NOHOLDDATA,8.85
2026-05-06,HYMC,07:10:00,1,,43,,,outside top-20 gap cap (gap 8.8%),35.37,8.79,38.479023,0,rebuilt,2026-05-05,1914424.5,67713194.565,917533.4249242105,derived,,21.9,3087.0,0,NEVER_BREACHED,8.79
2026-05-06,AU,07:10:00,1,,44,,,outside top-20 gap cap (gap 8.8%),90.9,8.75,98.85375,0,rebuilt,2026-05-05,2010419.0,182747087.10000002,4793573.3284757165,derived,,12.0,3475.0,2,CLEARED_DECISIVE_NOHOLDDATA,8.75
2026-05-06,NBTX,07:10:00,1,,45,,,outside top-20 gap cap (gap 8.6%),34.77,8.57,37.74978900000001,0,rebuilt,2026-05-05,65470.0,2276391.9000000004,152723.8662703812,derived,,87.2,508.0,1,CLEARED_DECISIVE_NOHOLDDATA,8.57
2026-05-06,DBVT,07:10:00,1,,46,,,outside top-20 gap cap (gap 8.5%),19.49,8.52,21.150547999999997,0,rebuilt,2026-05-05,181379.0,3535076.7099999995,166467.53954441327,derived,,15.5,3338.0,2,CLEARED_DECISIVE_NOHOLDDATA,8.52
2026-05-06,IAG,07:10:00,1,,47,,,outside top-20 gap cap (gap 8.5%),16.31,8.52,17.699612,0,rebuilt,2026-05-05,6014502.5,98096535.77499999,0.0,derived,,6.6,3690.0,1,CLEARED_DECISIVE_NOHOLDDATA,8.52
2026-05-06,USNA,07:10:00,1,,48,,,outside top-20 gap cap (gap 8.5%),19.26,8.46,20.889396,0,rebuilt,2026-05-05,90509.0,1743203.34,0.0,derived,,48.6,2032.0,2,CLEARED_DECISIVE_NOHOLDDATA,8.46
2026-05-06,BCS,07:10:00,1,,49,,,outside top-20 gap cap (gap 8.4%),22.83,8.45,24.759134999999997,0,rebuilt,2026-05-05,6694968.5,152846130.855,5571475.622139117,derived,,19.7,3171.0,4,CLEARED_DECISIVE_NOHOLDDATA,8.45
2026-05-06,RCL,07:10:00,1,,50,,,outside top-20 gap cap (gap 8.3%),263.98,8.34,285.995932,0,rebuilt,2026-05-05,2256996.5,595801936.07,6780858.63747102,derived,,13.6,3412.0,6,CLEARED_DECISIVE_NOHOLDDATA,8.34
2026-05-06,GIG,07:10:00,1,,51,,,outside top-20 gap cap (gap 8.2%),8.32,8.17,8.999744000000002,0,rebuilt,2026-05-05,17908.0,148994.56,0.0,derived,,2.9,3834.0,0,NEVER_BREACHED,8.17
2026-05-07,AGL,09:25:00,1,,1,,,quality filter: filter:mcap_too_small: $464M < $500M,27.85,51.6,42.220600000000005,0,rebuilt,2026-05-06,372057.0,10361787.450000001,8416532.668044748,derived,128.618,86.4,541.0,7,CLEARED_DECISIVE_NOHOLDDATA,51.6
2026-05-07,ATRA,09:25:00,1,,2,,,"quality filter: filter:adv_too_low: $289,411",5.15,44.27,7.429905000000001,0,rebuilt,2026-05-06,60564.0,311904.60000000003,115780307.69313058,derived,,13.5,3447.0,10,CLEARED_DECISIVE_NOHOLDDATA,44.27
2026-05-07,AAON,09:25:00,1,,3,,,score 30 < 50 (catalyst=routine),98.3,41.91,139.49753,0,rebuilt,2026-05-06,669372.0,65799267.6,17444293.128968406,derived,176.537,75.1,992.0,7,BLUE_SKY_NOHOLDDATA,41.91
2026-05-07,FLNC,09:25:00,1,,4,,,already scored earlier today,13.56,38.64,18.799584000000003,0,rebuilt,2026-05-06,4635658.0,62859522.480000004,32533552.914847184,derived,10.714,4.4,3810.0,9,CLEARED_DECISIVE_NOHOLDDATA,38.64
2026-05-07,SITM,09:25:00,1,,5,,,already scored earlier today,623.33,31.55,819.9906150000002,0,rebuilt,2026-05-06,352211.0,219543682.63000003,27465327.37321724,derived,58.965,97.2,114.0,0,BLUE_SKY_NOHOLDDATA,31.55
2026-05-07,JMIA,09:25:00,1,,6,,,already scored earlier today,7.46,31.54,9.812883999999999,0,rebuilt,2026-05-06,1887981.0,14084338.26,5576070.17530443,derived,45.7,23.8,3038.0,8,CLEARED_DECISIVE_NOHOLDDATA,31.54
2026-05-07,DDOG,09:25:00,1,,7,,,score 30 < 50 (catalyst=routine),143.71,30.82,188.00142200000002,1,rebuilt,2026-05-06,4625272.0,664697839.12,471937690.74697495,derived,87.534,82.6,693.0,9,CLEARED_DECISIVE_NOHOLDDATA,30.82
2026-05-07,CCRN,09:25:00,1,,8,,,quality filter: filter:mcap_too_small: $326M < $500M,10.11,28.78,13.019658,0,rebuilt,2026-05-06,316523.0,3200047.53,2207995.033153819,derived,,69.9,1199.0,0,NEVER_BREACHED,28.78
2026-05-07,HIMX,09:25:00,1,,9,,,EP cooldown — alerted within last 60 days,12.33,28.57,15.852681,1,rebuilt,2026-05-06,2791009.0,34413140.97,52153386.208008625,derived,60.232,94.9,204.0,0,BLUE_SKY_NOHOLDDATA,28.57
2026-05-07,PCT,09:25:00,1,,10,,,already scored earlier today,7.62,23.3,9.395460000000002,0,rebuilt,2026-05-06,3409192.0,25978043.04,1061978.7813713246,derived,11.676,72.9,1081.0,4,CLEARED_DECISIVE_NOHOLDDATA,23.3
2026-05-07,XMTR,09:25:00,1,,11,,,"pre-mkt volume 18,640 < 25,000 shares",56.4,21.09,68.29476,0,rebuilt,2026-05-06,687200.0,38758080.0,1072569.9768854023,derived,18.652,78.9,843.0,4,CLEARED_DECISIVE_NOHOLDDATA,21.09
2026-05-07,HNRG,09:25:00,1,,12,,,score 36 < 50 (catalyst=routine),18.55,17.41,21.779555,0,rebuilt,2026-05-06,803789.0,14910285.950000001,633609.3916033957,derived,2.291,60.1,1591.0,11,CLEARED_DECISIVE_NOHOLDDATA,17.41
2026-05-07,BLBD,09:25:00,1,,13,,,"pre-mkt volume 11,675 < 25,000 shares",65.04,16.85,75.99924000000001,0,rebuilt,2026-05-06,365694.0,23784737.76,841655.6950880428,derived,9.213,81.2,750.0,2,BLUE_SKY_NOHOLDDATA,16.85
2026-05-07,MTSI,09:25:00,1,,14,,,already scored earlier today,309.81,16.85,362.012985,0,rebuilt,2026-05-06,908063.0,281326998.03000003,15712586.373446384,derived,30.526,94.6,216.0,0,BLUE_SKY_NOHOLDDATA,16.85
2026-05-07,SEZL,09:25:00,1,,15,,,already scored earlier today,86.02,16.83,100.49716599999999,0,rebuilt,2026-05-06,720713.0,61995732.26,3752243.624930995,derived,9.997,89.9,405.0,11,CLEARED_DECISIVE_NOHOLDDATA,16.83
2026-05-07,NDLS,09:25:00,1,,16,,,"pre-mkt volume 1,285 < 25,000 shares",11.32,16.61,13.200251999999999,0,rebuilt,2026-05-06,51186.0,579425.52,17464.346104782835,derived,,97.7,93.0,0,NEVER_BREACHED,16.61
2026-05-07,FTNT,09:25:00,1,,17,,,already scored earlier today,89.95,15.0,103.4425,1,rebuilt,2026-05-06,5485571.0,493427111.45,35962212.053175636,derived,35.63,80.4,781.0,1,CLEARED_DECISIVE_NOHOLDDATA,15.0
2026-05-07,ERNA,09:25:00,1,,18,,,already up 64% in prior 5 days (extended),6.04,14.9,6.93996,0,rebuilt,2026-05-06,342758.0,2070258.32,19583194.105271995,derived,,100.0,1.0,0,NEVER_BREACHED,14.9
2026-05-07,PGY,09:25:00,1,,19,,,score 36 < 50 (catalyst=routine),14.83,14.57,16.990731,0,rebuilt,2026-05-06,3216095.0,47694688.85,19189934.372044865,derived,14.097,58.8,1642.0,2,CLEARED_DECISIVE_NOHOLDDATA,14.57
2026-05-07,ELA,09:25:00,1,,20,,,"pre-mkt volume 15,791 < 25,000 shares",19.19,13.91,21.859329000000002,0,rebuilt,2026-05-06,54055.0,1037315.4500000001,345652.71461803623,derived,,89.4,422.0,0,BLUE_SKY_NOHOLDDATA,13.91
2026-05-07,KLIC,09:25:00,1,,21,,,outside top-20 gap cap (gap 13.8%),93.78,13.83,106.74977400000002,0,rebuilt,2026-05-06,615252.0,57698332.56,4149905.777677942,derived,,95.4,183.0,0,BLUE_SKY_NOHOLDDATA,13.83
2026-05-07,AKAN,09:25:00,1,,22,,,outside top-20 gap cap (gap 13.1%),31.0,13.1,35.061,0,rebuilt,2026-05-06,188778.0,5852118.0,27672865.894518305,derived,,99.8,7.0,0,NEVER_BREACHED,13.1
2026-05-07,CPS,09:25:00,1,,23,,,outside top-20 gap cap (gap 12.8%),30.69,12.81,34.621389,0,rebuilt,2026-05-06,156011.0,4787977.59,181123.8127316464,derived,,22.3,3097.0,11,CLEARED_DECISIVE_NOHOLDDATA,12.81
2026-05-07,FOUR,09:25:00,1,,24,,,outside top-20 gap cap (gap 12.2%),42.88,12.17,48.098496,0,rebuilt,2026-05-06,1395359.0,59832993.92,4245117.976801807,derived,,5.5,3765.0,4,CLEARED_DECISIVE_NOHOLDDATA,12.17
2026-05-07,PTON,09:25:00,1,,25,,,outside top-20 gap cap (gap 11.5%),5.2,11.54,5.80008,0,rebuilt,2026-05-06,11157714.0,58020112.800000004,10742515.6568898,derived,,68.0,1278.0,1,CLEARED_DECISIVE_NOHOLDDATA,11.54
2026-05-07,LFST,09:25:00,1,,26,,,outside top-20 gap cap (gap 11.4%),7.36,11.41,8.199776000000002,0,rebuilt,2026-05-06,1933018.0,14227012.48,165081.90996424516,derived,,67.1,1312.0,5,BLUE_SKY_NOHOLDDATA,11.41
2026-05-07,U,09:25:00,1,,27,,,outside top-20 gap cap (gap 10.7%),27.28,10.7,30.19896,0,rebuilt,2026-05-06,10222323.0,278864971.44,38391739.44368359,derived,,64.5,1416.0,3,CLEARED_DECISIVE_NOHOLDDATA,10.7
2026-05-07,EZPW,09:25:00,1,,28,,,outside top-20 gap cap (gap 10.7%),33.44,10.65,37.00136,0,rebuilt,2026-05-06,553480.0,18508371.2,277610.4928162281,derived,,92.5,299.0,0,BLUE_SKY_NOHOLDDATA,10.65
2026-05-07,SNOW,09:25:00,1,REAL_EP,29,,,outside top-20 gap cap (gap 10.2%),139.74,10.23,154.035402,0,rebuilt,2026-05-06,6841969.0,956096748.0600001,115965331.87750176,derived,,7.7,3680.0,2,CLEARED_DECISIVE_NOHOLDDATA,10.23
2026-05-07,ICL,09:25:00,1,,30,,,outside top-20 gap cap (gap 10.1%),5.62,10.14,6.189868,0,rebuilt,2026-05-06,1263841.0,7102786.42,337660.5120082188,derived,,67.9,1280.0,4,CLEARED_DECISIVE_NOHOLDDATA,10.14
2026-05-07,VCX,09:25:00,1,,31,,,outside top-20 gap cap (gap 10.1%),158.98,10.08,175.00518399999999,0,rebuilt,2026-05-06,265289.0,42175645.22,7080065.678173226,derived,,99.6,18.0,1,CLEARED_MARGINAL_NOHOLDDATA,10.08
2026-05-07,MDB,09:25:00,1,,32,,,outside top-20 gap cap (gap 9.9%),265.26,9.89,291.494214,0,rebuilt,2026-05-06,1410606.0,374177347.56,51753623.19916187,derived,,55.0,1795.0,5,CLEARED_DECISIVE_NOHOLDDATA,9.89
2026-05-07,MKSI,09:25:00,1,,33,,,outside top-20 gap cap (gap 9.4%),293.77,9.44,321.501888,0,rebuilt,2026-05-06,987403.0,290069379.31,3928624.6726735593,derived,,90.6,376.0,1,BLUE_SKY_NOHOLDDATA,9.44
2026-05-07,RUN,09:25:00,1,,34,,,outside top-20 gap cap (gap 9.2%),12.83,9.2,14.01036,0,rebuilt,2026-05-06,7675652.0,98478615.16,3750162.314679211,derived,,51.1,1949.0,1,CLEARED_DECISIVE_NOHOLDDATA,9.2
2026-05-07,DGII,09:25:00,1,,35,,,outside top-20 gap cap (gap 9.1%),58.85,9.11,64.211235,0,rebuilt,2026-05-06,238606.0,14041963.1,0.0,derived,,86.1,554.0,0,BLUE_SKY_NOHOLDDATA,9.11
2026-05-07,GWW,09:25:00,1,,36,,,outside top-20 gap cap (gap 8.9%),1169.86,8.94,1274.4454839999999,0,rebuilt,2026-05-06,242237.0,283383376.82,10139150.788389318,derived,,62.2,1506.0,4,BLUE_SKY_NOHOLDDATA,8.94
2026-05-07,DASH,09:25:00,1,,37,,,outside top-20 gap cap (gap 8.9%),167.97,8.94,182.986518,0,rebuilt,2026-05-06,3713432.0,623745173.04,68934493.44582912,derived,,9.9,3591.0,2,CLEARED_DECISIVE_NOHOLDDATA,8.94
2026-05-07,ALB,09:25:00,1,,38,,,outside top-20 gap cap (gap 8.9%),192.61,8.92,209.79081200000002,0,rebuilt,2026-05-06,1614002.0,310872925.22,15550787.80908747,derived,,80.6,773.0,3,CLEARED_DECISIVE_NOHOLDDATA,8.92
2026-05-07,IMOS,09:25:00,1,,39,,,outside top-20 gap cap (gap 8.9%),55.5,8.9,60.439499999999995,0,rebuilt,2026-05-06,67221.0,3730765.5,817426.6672100154,derived,,96.7,132.0,0,BLUE_SKY_NOHOLDDATA,8.9
2026-05-07,ARRY,09:25:00,1,,40,,,outside top-20 gap cap (gap 8.9%),8.13,8.86,8.850318000000001,0,rebuilt,2026-05-06,4842369.0,39368459.970000006,1390954.953724237,derived,,62.1,1510.0,3,CLEARED_DECISIVE_NOHOLDDATA,8.86
2026-05-07,TAOX,09:25:00,1,,41,,,outside top-20 gap cap (gap 8.7%),6.44,8.7,7.00028,0,rebuilt,2026-05-06,159338.0,1026136.7200000001,143956.42724086856,derived,,96.6,138.0,5,CLEARED_DECISIVE_NOHOLDDATA,8.7
2026-05-07,MRNA,09:25:00,1,,42,,,outside top-20 gap cap (gap 8.6%),48.79,8.63,53.000577,0,rebuilt,2026-05-06,5075172.0,247617641.88,15296563.567204684,derived,,27.4,2894.0,2,CLEARED_DECISIVE_NOHOLDDATA,8.63
2026-05-07,EXK,09:25:00,1,,43,,,outside top-20 gap cap (gap 8.5%),9.31,8.49,10.100419,0,rebuilt,2026-05-06,6983893.0,65020043.830000006,2372395.476165965,derived,,11.8,3515.0,6,CLEARED_DECISIVE_NOHOLDDATA,8.49
2026-05-07,PTC,09:25:00,1,,44,,,outside top-20 gap cap (gap 8.4%),136.765,8.41,148.26693649999999,0,rebuilt,2026-05-06,1212017.0,165761505.005,11119179.16551748,derived,,15.3,3378.0,6,CLEARED_DECISIVE_NOHOLDDATA,8.41
2026-05-07,TREX,09:25:00,1,,45,,,outside top-20 gap cap (gap 8.4%),39.91,8.39,43.258449,0,rebuilt,2026-05-06,1736036.0,69285196.75999999,2365216.3896535053,derived,,38.1,2469.0,2,CLEARED_DECISIVE_NOHOLDDATA,8.39
2026-05-07,ORA,09:25:00,1,,46,,,outside top-20 gap cap (gap 8.4%),114.86,8.38,124.485268,0,rebuilt,2026-05-06,683488.0,78505431.67999999,2657665.874398548,derived,,55.8,1763.0,4,CLEARED_DECISIVE_NOHOLDDATA,8.38
2026-05-07,BBSI,09:25:00,1,,47,,,outside top-20 gap cap (gap 8.3%),29.44,8.29,31.880576,0,rebuilt,2026-05-06,148946.0,4384970.24,0.0,derived,,30.5,2769.0,1,CLEARED_DECISIVE_NOHOLDDATA,8.29
2026-05-07,BLLN,09:25:00,1,,48,,,outside top-20 gap cap (gap 8.3%),81.4,8.29,88.14806,0,rebuilt,2026-05-06,395491.0,32192967.400000002,0.0,derived,,43.1,2267.0,1,CLEARED_DECISIVE_NOHOLDDATA,8.29
2026-05-07,NVST,09:25:00,1,,49,,,outside top-20 gap cap (gap 8.2%),27.07,8.24,29.300568000000002,0,rebuilt,2026-05-06,2096671.0,56756883.97,1450898.7357959768,derived,,48.6,2049.0,2,CLEARED_DECISIVE_NOHOLDDATA,8.24
2026-05-07,HAE,09:25:00,1,,50,,,outside top-20 gap cap (gap 8.2%),52.67,8.22,56.999474000000006,0,rebuilt,2026-05-06,584262.0,30773079.540000003,0.0,derived,,2.8,3875.0,1,CLEARED_MARGINAL_NOHOLDDATA,8.22
2026-05-07,NAMS,09:25:00,1,,51,,,outside top-20 gap cap (gap 8.2%),30.99,8.2,33.53118,0,rebuilt,2026-05-06,935822.0,29001123.779999997,706557.884939659,derived,,14.7,3402.0,5,CLEARED_DECISIVE_NOHOLDDATA,8.2
2026-05-07,PICS,09:25:00,1,,52,,,outside top-20 gap cap (gap 8.2%),13.08,8.18,14.149944000000001,0,rebuilt,2026-05-06,323451.0,4230739.08,63075.652314701285,derived,,21.3,3139.0,0,NEVER_BREACHED,8.18
2026-05-07,HWM,09:25:00,1,,53,,,outside top-20 gap cap (gap 8.0%),256.43,8.03,277.02132900000004,0,rebuilt,2026-05-06,1867444.0,478868664.92,23756299.27386006,derived,,56.3,1742.0,3,BLUE_SKY_NOHOLDDATA,8.03
2026-05-07,PSTV,09:25:00,1,,54,,,outside top-20 gap cap (gap 8.0%),6.0,8.0,6.48,0,rebuilt,2026-05-06,340879.0,2045274.0,136816.7306783616,derived,,23.9,3035.0,2,CLEARED_MARGINAL_NOHOLDDATA,8.0
2026-05-08,PHOE,07:55:00,1,,1,,,"quality filter: filter:adv_too_low: $39,031",19.06,96.07,37.37094199999999,0,rebuilt,2026-05-07,2265.0,43170.899999999994,26617715.69458625,derived,,84.7,608.0,0,NO_LEVEL,96.07
2026-05-08,INOD,07:55:00,1,,2,,,already scored earlier today,45.64,39.46,63.649544000000006,0,rebuilt,2026-05-07,1014041.0,46280831.24,24903187.78286707,derived,29.819,52.6,1879.0,6,CLEARED_DECISIVE_NOHOLDDATA,39.46
2026-05-08,AKAM,07:55:00,1,,3,,,already scored earlier today,116.69,25.12,146.002528,0,rebuilt,2026-05-07,4939958.0,576443699.02,22654135.402148187,derived,30.793,90.3,384.0,0,BLUE_SKY_NOHOLDDATA,25.12
2026-05-08,FLNC,07:55:00,1,,4,,,EP cooldown — alerted within last 60 days,18.97,24.14,23.549357999999998,0,rebuilt,2026-05-07,4891123.0,92784603.30999999,65662077.948893964,derived,37.466,80.0,794.0,4,CLEARED_DECISIVE_NOHOLDDATA,24.14
2026-05-08,VCX,07:55:00,1,,5,,,"pre-mkt volume 20,537 < 25,000 shares",144.14,19.32,171.98784799999999,0,rebuilt,2026-05-07,265289.0,38238756.45999999,3851337.822123521,derived,3.501,99.8,10.0,1,CLEARED_MARGINAL_NOHOLDDATA,19.32
2026-05-08,AMLX,07:55:00,1,,6,,,filter:pm_rvol_too_low: pm_rvol=0.15x (today 150 / baseline 995 n=12) < 1.0x,15.2,18.42,17.999840000000003,0,rebuilt,2026-05-07,974367.0,14810378.399999999,0.0,derived,0.151,45.0,2179.0,4,CLEARED_DECISIVE_NOHOLDDATA,18.42
2026-05-08,FROG,07:55:00,1,,7,,,score 43 < 50 (catalyst=strong),57.02,14.87,65.498874,0,rebuilt,2026-05-07,2216324.0,126374794.48,1719540.0900439203,derived,13.063,81.2,744.0,5,CLEARED_DECISIVE_NOHOLDDATA,14.87
2026-05-08,LASR,07:55:00,1,,8,,,already scored earlier today,66.19,13.97,75.43674299999999,1,rebuilt,2026-05-07,1010054.0,66855474.26,1893077.8453057539,derived,8.677,58.0,1667.0,4,CLEARED_DECISIVE_NOHOLDDATA,13.97
2026-05-08,ARTV,07:55:00,1,,9,,,quality filter: filter:mcap_too_small: $309M < $500M,12.52,13.02,14.150103999999997,0,rebuilt,2026-05-07,222622.0,2787227.44,21723490.8754782,derived,,89.9,401.0,0,NEAR_ATH_NOHOLDDATA,13.02
2026-05-08,PGNY,07:55:00,1,,10,,,"pre-mkt volume 2,575 < 25,000 shares",19.16,12.21,21.499436000000003,0,rebuilt,2026-05-07,1350214.0,25870100.24,0.0,derived,0.418,56.0,1745.0,0,NEVER_BREACHED,12.21
2026-05-08,ASYS,07:55:00,1,,11,,,quality filter: filter:mcap_too_small: $262M < $500M,18.21,11.81,20.360601000000003,0,rebuilt,2026-05-07,196070.0,3570434.7,985039.8445332221,derived,,90.9,360.0,2,BLUE_SKY_NOHOLDDATA,11.81
2026-05-08,ALGS,07:55:00,1,,12,,,"quality filter: filter:adv_too_low: $830,963",6.03,11.77,6.739731,0,rebuilt,2026-05-07,118550.0,714856.5,745707.3382892347,derived,,4.1,3799.0,0,NEVER_BREACHED,11.77
2026-05-08,XNDX,07:55:00,1,,13,,,"pre-mkt volume 14,553 < 25,000 shares",33.66,11.71,37.601586,0,rebuilt,2026-05-07,,,531008.981217046,derived,,,,,history_too_thin(1d),11.71
2026-05-08,ARLO,07:55:00,1,,14,,,score 36 < 50 (catalyst=strong),14.9,10.74,16.50026,0,rebuilt,2026-05-07,1107865.0,16507188.5,0.0,derived,11.311,54.7,1794.0,7,CLEARED_DECISIVE_NOHOLDDATA,10.74
2026-05-08,TILE,07:55:00,1,,15,,,"pre-mkt volume 1,011 < 25,000 shares",27.55,10.42,30.420710000000003,0,rebuilt,2026-05-07,481756.0,13272377.8,0.0,derived,,43.8,2229.0,5,CLEARED_DECISIVE_NOHOLDDATA,10.42
2026-05-08,AMCI,07:55:00,1,,16,,,"pre-mkt volume 1,958 < 25,000 shares",5.57,10.23,6.139811000000001,0,rebuilt,2026-05-07,36516.0,203394.12000000002,10810.632674428867,derived,,4.6,3780.0,0,NEVER_BREACHED,10.23
2026-05-08,AXTU,07:55:00,1,,17,,,"pre-mkt volume 2,295 < 25,000 shares",26.07,9.7,28.59879,0,rebuilt,2026-05-07,,,67836.78517273681,derived,,,,,history_too_thin(3d),9.7
2026-05-08,REA,07:55:00,1,,18,,,"pre-mkt volume 20,752 < 25,000 shares",22.69,9.39,24.820591000000004,0,rebuilt,2026-05-07,,,395435.8673443892,derived,,,,,history_too_thin(2d),9.39
2026-05-08,IREN,07:55:00,1,,19,,,M&A/buyout catalyst — no momentum trade,56.85,8.71,61.801635,0,rebuilt,2026-05-07,35210095.0,2001693900.75,212345892.43847996,derived,3.85,94.7,212.0,0,NEVER_BREACHED,8.71
2026-05-08,TNDM,07:55:00,1,,20,,,"pre-mkt volume 14,349 < 25,000 shares",18.47,8.28,19.999315999999997,0,rebuilt,2026-05-07,1624528.0,30005032.159999996,378992.7815346712,derived,3.607,7.1,3683.0,1,CLEARED_DECISIVE_NOHOLDDATA,8.28
2026-05-08,CALY,07:55:00,1,,21,,,outside top-20 gap cap (gap 8.3%),14.77,8.26,15.990002,0,rebuilt,2026-05-07,2122956.0,31356060.119999997,0.0,derived,,69.3,1217.0,3,CLEARED_DECISIVE_NOHOLDDATA,8.26
2026-05-08,PAR,07:55:00,1,,22,,,outside top-20 gap cap (gap 8.1%),14.99,8.07,16.199693,0,rebuilt,2026-05-07,1333849.0,19994396.51,273803.70701278263,derived,,27.4,2877.0,2,CLEARED_DECISIVE_NOHOLDDATA,8.07
2026-05-08,XYZ,07:55:00,1,,23,,,outside top-20 gap cap (gap 8.0%),70.14,8.04,75.779256,0,rebuilt,2026-05-07,4877771.0,342126857.94,4272720.01498109,derived,,60.2,1579.0,3,CLEARED_DECISIVE_NOHOLDDATA,8.04
2026-05-11,BZH,09:25:00,1,,1,,,already scored earlier today,18.77,34.26,25.200602,0,rebuilt,2026-05-08,385657.0,7238781.89,6800797.456137006,derived,203.977,8.5,3624.0,13,CLEARED_DECISIVE_NOHOLDDATA,34.26
2026-05-11,MRAM,09:25:00,1,,2,,,already scored earlier today,26.99,33.3,35.977669999999996,1,rebuilt,2026-05-08,681305.0,18388421.95,79766975.23479249,derived,12.454,99.7,13.0,0,BLUE_SKY_NOHOLDDATA,33.3
2026-05-11,VCX,09:25:00,1,,3,,,EP cooldown — alerted within last 60 days,190.99,21.99,232.98870100000002,0,rebuilt,2026-05-08,307027.0,58639086.730000004,14567246.497830752,derived,4.699,99.9,6.0,0,NO_LEVEL,21.99
2026-05-11,HTCO,09:25:00,1,,4,,,quality filter: filter:atr_too_high: 122.4% > 15.0%,5.84,20.89,7.059976000000001,0,rebuilt,2026-05-08,350309.0,2045804.56,2113652.241532465,derived,,1.7,3894.0,0,NEVER_BREACHED,20.89
2026-05-11,NVEC,09:25:00,1,,5,,,quality filter: filter:mcap_too_small: $436M < $500M,90.21,20.83,109.00074299999999,0,rebuilt,2026-05-08,59647.0,5380755.869999999,3487862.5187775204,derived,31.481,90.1,393.0,0,BLUE_SKY_NOHOLDDATA,20.83
2026-05-11,INBX,09:25:00,1,,6,,,EP cooldown — alerted within last 60 days,134.35,18.32,158.96292,0,rebuilt,2026-05-08,411954.0,55346019.9,28922835.09318989,derived,6.675,98.6,56.0,1,BLUE_SKY_NOHOLDDATA,18.32
2026-05-11,MNDY,09:25:00,1,,7,,,already scored earlier today,72.07,17.94,84.99935799999999,0,rebuilt,2026-05-08,1580995.0,113942309.64999999,64437864.88332198,derived,76.625,34.5,2595.0,5,CLEARED_DECISIVE_NOHOLDDATA,17.94
2026-05-11,DRTS,09:25:00,1,,8,,,already scored earlier today,8.51,14.57,9.749906999999999,0,rebuilt,2026-05-08,363890.0,3096703.9,14244220.839683203,derived,,89.3,423.0,2,BLUE_SKY_NOHOLDDATA,14.57
2026-05-11,BW,09:25:00,1,,9,,,already scored earlier today,14.54,13.2,16.45928,1,rebuilt,2026-05-08,2618529.0,38073411.66,12241345.260986358,derived,22.266,52.7,1874.0,3,CLEARED_DECISIVE_NOHOLDDATA,13.2
2026-05-11,POET,09:25:00,1,,10,,,already up 54% in prior 5 days (extended),10.95,13.15,12.389924999999998,0,rebuilt,2026-05-08,42377122.0,464029485.9,50677151.88078248,derived,1.039,97.2,113.0,0,NO_LEVEL,13.15
2026-05-11,DGXX,09:25:00,1,,11,,,already up 76% in prior 5 days (extended),6.63,12.66,7.469358000000001,0,rebuilt,2026-05-08,2000903.0,13265986.89,53960999.77577403,derived,3.027,99.6,15.0,1,BLUE_SKY_NOHOLDDATA,12.66
2026-05-11,DXYZ,09:25:00,1,,12,,,EP cooldown — alerted within last 60 days,54.6,12.0,61.15200000000001,0,rebuilt,2026-05-08,1874775.0,102362715.0,40577502.52863177,derived,8.707,98.8,48.0,0,BLUE_SKY_NOHOLDDATA,12.0
2026-05-11,MNTS,09:25:00,1,,13,,,quality filter: filter:atr_too_high: 15.7% > 15.0%,5.46,12.0,6.115200000000001,1,rebuilt,2026-05-08,2021646.0,11038187.16,4203516.265576599,derived,3.607,30.3,2762.0,0,NEVER_BREACHED,12.0
2026-05-11,WYFI,09:25:00,1,,14,,,already scored earlier today,21.25,12.0,23.8,0,rebuilt,2026-05-08,811668.0,17247945.0,5814152.279548229,derived,15.1,92.3,307.0,2,CLEARED_DECISIVE_NOHOLDDATA,12.0
2026-05-11,GSIT,09:25:00,1,,15,,,quality filter: filter:mcap_too_small: $306M < $500M,8.45,10.53,9.339785,0,rebuilt,2026-05-08,837566.0,7077432.699999999,1483673.5266808923,derived,8.192,84.2,625.0,5,CLEARED_DECISIVE_NOHOLDDATA,10.53
2026-05-11,GLIBK,09:25:00,1,,16,,,"pre-mkt volume 23,379 < 25,000 shares",26.26,10.43,28.998918000000003,0,rebuilt,2026-05-08,393558.0,10334833.08,730708.8320648073,derived,,2.1,3876.0,0,NEVER_BREACHED,10.43
2026-05-11,WYY,09:25:00,1,,17,,,"pre-mkt volume 2,661 < 25,000 shares",7.94,10.2,8.749880000000001,0,rebuilt,2026-05-08,50013.0,397103.22000000003,23813.852305202774,derived,,96.6,137.0,0,NO_LEVEL,10.2
2026-05-11,HIMX,09:25:00,1,,18,,,EP cooldown — alerted within last 60 days,17.79,10.16,19.597464,1,rebuilt,2026-05-08,2856166.0,50811193.14,14073272.900898188,derived,12.97,99.2,33.0,0,BLUE_SKY_NOHOLDDATA,10.16
2026-05-11,BNAI,09:25:00,1,,19,,,quality filter: filter:mcap_too_small: $145M < $500M,22.26,10.06,24.499356000000002,0,rebuilt,2026-05-08,387013.0,8614909.38,8504817.60339994,derived,2.311,23.4,3034.0,0,NEVER_BREACHED,10.06
2026-05-11,FORM,09:25:00,1,,20,,,score 0 < 50 (catalyst=strong),147.87,9.39,161.754993,1,rebuilt,2026-05-08,1776115.0,262634125.05,15918834.43402577,derived,4.269,93.7,250.0,2,BLUE_SKY_NOHOLDDATA,9.39
2026-05-11,AIXI,09:25:00,1,,21,,,outside top-20 gap cap (gap 9.1%),12.202,9.08,13.3099416,0,rebuilt,2026-05-08,,,955695.0865610107,derived,,,,0,NEVER_BREACHED,9.08
2026-05-11,IX,09:25:00,1,,22,,,outside top-20 gap cap (gap 9.1%),33.73,9.07,36.789311,0,rebuilt,2026-05-08,250929.0,8463835.17,116015.92545330047,derived,,74.0,1029.0,2,CLEARED_DECISIVE_NOHOLDDATA,9.07
2026-05-11,QCOM,09:25:00,1,,23,,,outside top-20 gap cap (gap 8.8%),219.09,8.81,238.39182900000003,0,rebuilt,2026-05-08,12478092.0,2733825176.28,472359406.1435697,derived,,94.8,207.0,0,BLUE_SKY_NOHOLDDATA,8.81
2026-05-11,MRNA,09:25:00,1,,24,,,outside top-20 gap cap (gap 8.7%),54.35,8.65,59.051275000000004,0,rebuilt,2026-05-08,5435150.0,295400402.5,82445748.93577994,derived,,74.4,1016.0,5,CLEARED_DECISIVE_NOHOLDDATA,8.65
2026-05-11,ATRA,09:25:00,1,,25,,,outside top-20 gap cap (gap 8.5%),8.34,8.51,9.049733999999999,0,rebuilt,2026-05-08,62941.0,524927.94,813935.5149304168,derived,,75.7,962.0,0,NEVER_BREACHED,8.51
2026-05-11,KGS,09:25:00,1,,26,,,outside top-20 gap cap (gap 8.5%),69.65,8.47,75.549355,0,rebuilt,2026-05-08,1130274.0,78723584.10000001,2936671.2287892173,derived,,90.9,362.0,1,BLUE_SKY_NOHOLDDATA,8.47
2026-05-11,CEVA,09:25:00,1,,27,,,outside top-20 gap cap (gap 8.2%),36.97,8.2,40.00154,0,rebuilt,2026-05-08,597298.0,22082107.06,3423881.4386213333,derived,,98.1,76.0,0,BLUE_SKY_NOHOLDDATA,8.2
2026-05-11,RDNT,09:25:00,1,,28,,,outside top-20 gap cap (gap 8.2%),58.19,8.16,62.93830399999999,0,rebuilt,2026-05-08,711848.0,41422435.12,0.0,derived,,18.0,3250.0,5,CLEARED_DECISIVE_NOHOLDDATA,8.16
2026-05-11,P,09:25:00,1,,29,,,outside top-20 gap cap (gap 8.1%),78.16,8.05,84.45188,0,rebuilt,2026-05-08,2404660.5,187948264.67999998,16271706.835635751,derived,,93.7,252.0,0,BLUE_SKY_NOHOLDDATA,8.05
2026-05-12,VSTS,09:25:00,1,,1,,,already scored earlier today,9.3,27.42,11.850060000000001,0,rebuilt,2026-05-11,1064968.0,9904202.4,2030529.5018610035,derived,81.091,61.7,1527.0,,not_computed_day,27.42
2026-05-12,HTCO,09:25:00,1,,2,,,quality filter: filter:atr_too_high: 102.1% > 15.0%,7.05,27.09,8.959845,0,rebuilt,2026-05-11,350309.0,2469678.4499999997,44930930.83537366,derived,,4.7,3793.0,,not_computed_day,27.09
2026-05-12,QUBT,09:25:00,1,,3,,,M&A/buyout catalyst — no momentum trade,10.18,24.56,12.680208,0,rebuilt,2026-05-11,13342070.0,135822272.6,199809301.9806212,derived,24.261,67.1,1312.0,,not_computed_day,24.56
2026-05-12,AMBQ,09:25:00,1,,4,,,already scored earlier today,45.67,20.45,55.009515,0,rebuilt,2026-05-11,325379.0,14860058.93,3715901.1481772657,derived,48.037,95.8,167.0,,not_computed_day,20.45
2026-05-12,VPG,09:25:00,1,,5,,,already scored earlier today,66.6,17.57,78.30161999999999,0,rebuilt,2026-05-11,253976.0,16914801.599999998,4580139.864480301,derived,48.079,96.2,154.0,,not_computed_day,17.57
2026-05-12,PACS,09:25:00,1,,6,,,already scored earlier today,31.9,16.61,37.198589999999996,0,rebuilt,2026-05-11,706199.0,22527748.099999998,1087029.1151902522,derived,30.521,12.0,3505.0,,not_computed_day,16.61
2026-05-12,WEN,09:25:00,1,,7,,,M&A/buyout catalyst — no momentum trade,6.76,15.83,7.830108,0,rebuilt,2026-05-11,8174581.0,55260167.559999995,46343891.609239146,derived,63.227,18.1,3261.0,,not_computed_day,15.83
2026-05-12,DSP,09:25:00,1,,8,,,"pre-mkt volume 20,374 < 25,000 shares",10.59,14.64,12.140376000000002,0,rebuilt,2026-05-11,187595.0,1986631.05,255294.62966449218,derived,,30.0,2786.0,,not_computed_day,14.64
2026-05-12,TE,09:25:00,1,,9,,,already scored earlier today,6.04,13.58,6.860232,0,rebuilt,2026-05-11,14928880.0,90170435.2,46753384.102345206,derived,26.99,40.2,2382.0,,not_computed_day,13.58
2026-05-12,ZBRA,09:25:00,1,,10,,,already scored earlier today,216.96,13.29,245.79398400000002,0,rebuilt,2026-05-11,770872.0,167248389.12,19568082.44932697,derived,227.438,21.8,3115.0,,not_computed_day,13.29
2026-05-12,HLIT,09:25:00,1,,11,,,already scored earlier today,12.83,13.02,14.500465999999998,0,rebuilt,2026-05-11,908887.0,11661020.21,2755964.1093434603,derived,72.248,91.4,342.0,,not_computed_day,13.02
2026-05-12,RAL,09:25:00,1,,12,,,M&A/buyout catalyst — no momentum trade,49.56,12.41,55.71039600000001,0,rebuilt,2026-05-11,943865.0,46777949.4,31653578.6197679,derived,110.452,68.3,1263.0,,not_computed_day,12.41
2026-05-12,SE,09:25:00,1,,13,,,already scored earlier today,84.87,11.81,94.89314700000001,0,rebuilt,2026-05-11,3523436.0,299034013.32,93736610.99475235,derived,34.867,15.6,3361.0,,not_computed_day,11.81
2026-05-12,GDOT,09:25:00,1,,14,,,"pre-mkt volume 8,712 < 25,000 shares",12.42,9.5,13.5999,0,rebuilt,2026-05-11,329522.0,4092663.2399999998,115862.33766545435,derived,,48.3,2060.0,,not_computed_day,9.5
2026-05-12,ARMK,09:25:00,1,,15,,,"pre-mkt volume 7,210 < 25,000 shares",44.56,9.18,48.650608000000005,0,rebuilt,2026-05-11,2430298.0,108294078.88000001,0.0,derived,0.332,63.9,1436.0,,not_computed_day,9.18
2026-05-12,ELTX,09:25:00,1,,16,,,"pre-mkt volume 1,126 < 25,000 shares",11.61,8.53,12.600333,0,rebuilt,2026-05-11,105626.0,1226317.8599999999,16123.577106931727,derived,,49.3,2018.0,,not_computed_day,8.53
2026-05-12,SGHC,09:25:00,1,,17,,,score 0 < 50 (catalyst=strong),13.18,8.27,14.269986,0,rebuilt,2026-05-11,3284885.0,43294784.3,1038686.6876501861,derived,2.708,82.5,698.0,,not_computed_day,8.27
2026-05-12,VG,09:25:00,1,,18,,,already scored earlier today,11.62,8.17,12.569354,1,rebuilt,2026-05-11,18686588.0,217138152.55999997,23722230.10719044,derived,5.493,73.9,1041.0,,not_computed_day,8.17
2026-05-12,ENHA,09:25:00,1,,19,,,"pre-mkt volume 2,863 < 25,000 shares",7.31,8.07,7.899916999999999,0,rebuilt,2026-05-11,,,20877.051369866884,derived,,0.2,3975.0,,not_computed_day,8.07
2026-05-13,EOSE,07:55:00,1,,1,,,already scored earlier today,8.1,26.63,10.257029999999999,0,rebuilt,2026-05-12,21650463.0,175368750.29999998,157269733.45567146,derived,50.707,68.5,1242.0,0,NEVER_BREACHED,26.63
2026-05-13,WOLF,07:55:00,1,,2,,,score 6 < 50 (catalyst=routine),53.72,21.11,65.060292,1,rebuilt,2026-05-12,5688005.5,305559655.46,116835524.06510787,derived,21.45,99.7,14.0,0,BLUE_SKY_NOHOLDDATA,21.11
2026-05-13,BRUNW,07:55:00,1,,3,,,"pre-mkt volume 4,961 < 25,000 shares",8.16,21.08,9.880128,0,rebuilt,2026-05-12,,,53709.568260408574,derived,,,,,history_too_thin(2d),21.08
2026-05-13,VELO,07:55:00,1,,4,,,quality filter: filter:mcap_too_small: $419M < $500M,14.06,20.95,17.005570000000002,0,rebuilt,2026-05-12,1944074.0,27333680.44,3262259.0792125403,derived,3.927,28.1,2834.0,6,CLEARED_DECISIVE_NOHOLDDATA,20.95
2026-05-13,SLS,07:55:00,1,,5,,,score 7 < 50 (catalyst=routine),5.22,18.77,6.199794,0,rebuilt,2026-05-12,3825746.0,19970394.119999997,5188973.358750312,derived,16.209,61.1,1533.0,5,BLUE_SKY_NOHOLDDATA,18.77
2026-05-13,PENG,07:55:00,1,,6,,,score 0 < 50 (catalyst=routine),44.13,18.54,52.311702000000004,0,rebuilt,2026-05-12,2079519.5,91769195.53500001,18868191.989019614,derived,18.068,99.1,37.0,0,BLUE_SKY_NOHOLDDATA,18.54
2026-05-13,NXT,07:55:00,1,,7,,,M&A/buyout catalyst — no momentum trade,125.37,16.22,145.705014,0,rebuilt,2026-05-12,1738385.0,217941327.45000002,7900599.128305627,derived,41.3,86.8,522.0,2,BLUE_SKY_NOHOLDDATA,16.22
2026-05-13,NBIS,07:55:00,1,,8,,,M&A/buyout catalyst — no momentum trade,179.11,15.79,207.391469,0,rebuilt,2026-05-12,14154427.0,2535199419.9700003,413859587.1624502,derived,6.388,96.0,158.0,1,BLUE_SKY_NOHOLDDATA,15.79
2026-05-13,PSNL,07:55:00,1,,9,,,score 46 < 50 (catalyst=strong),6.04,14.74,6.930296,0,rebuilt,2026-05-12,1842573.0,11129140.92,559892.2442074413,derived,19.614,12.2,3459.0,6,CLEARED_DECISIVE_NOHOLDDATA,14.74
2026-05-13,MRAM,07:55:00,1,BAD_CHART,10,,,EP cooldown — alerted within last 60 days,44.01,13.61,49.99976099999999,1,rebuilt,2026-05-12,855974.5,37671437.745,33410122.44937081,derived,3.115,99.8,10.0,0,BLUE_SKY_NOHOLDDATA,13.61
2026-05-13,TSEM,07:55:00,1,,11,,,score 6 < 50 (catalyst=strong),220.83,13.21,250.001643,1,rebuilt,2026-05-12,2297757.0,507413678.31,52417606.367975086,derived,8.134,87.6,491.0,2,BLUE_SKY_NOHOLDDATA,13.21
2026-05-13,VNET,07:55:00,1,,12,,,score 28 < 50 (catalyst=routine),9.02,12.86,10.179972,0,rebuilt,2026-05-12,5017992.5,45262292.35,5016434.716652206,derived,6.687,37.3,2472.0,8,CLEARED_DECISIVE_NOHOLDDATA,12.86
2026-05-13,DXYZ,07:55:00,1,,13,,,EP cooldown — alerted within last 60 days,53.4,12.83,60.25122,0,rebuilt,2026-05-12,1946345.5,103934849.7,25793411.99404919,derived,7.039,99.0,40.0,0,NO_LEVEL,12.83
2026-05-13,BRUN,07:55:00,1,,14,,,quality filter: filter:adv_no_data,18.42,12.21,20.669082000000003,0,rebuilt,2026-05-12,,,2195778.507469803,derived,,,,,history_too_thin(2d),12.21
2026-05-13,ENHA,07:55:00,1,,15,,,"pre-mkt volume 3,978 < 25,000 shares",5.84,10.53,6.454952,0,rebuilt,2026-05-12,,,26310.326298614593,derived,,0.2,3933.0,,history_too_thin(3d),10.53
2026-05-13,HTLD,07:55:00,1,,16,,,"pre-mkt volume 100 < 25,000 shares",12.34,10.28,13.608552,0,rebuilt,2026-05-12,395402.0,4879260.68,0.0,derived,,81.8,717.0,1,CLEARED_DECISIVE_NOHOLDDATA,10.28
2026-05-13,AIP,07:55:00,1,,17,,,already scored earlier today,32.43,9.65,35.559495,0,rebuilt,2026-05-12,737050.5,23902547.715,3831526.1916654026,derived,22.58,98.8,47.0,0,BLUE_SKY_NOHOLDDATA,9.65
2026-05-13,PSFE,07:55:00,1,,18,,,"pre-mkt volume 8,217 < 25,000 shares",8.69,9.32,9.499908,0,rebuilt,2026-05-12,266327.5,2314385.975,63573.938937209066,derived,,56.1,1730.0,1,CLEARED_DECISIVE_NOHOLDDATA,9.32
2026-05-13,ERNA,07:55:00,1,,19,,,already up 221% in prior 5 days (extended),12.01,8.91,13.080091,0,rebuilt,2026-05-12,37087.0,445414.87,2111026.9816168924,derived,,75.5,964.0,0,NEVER_BREACHED,8.91
2026-05-13,IPWR,07:55:00,1,,20,,,"pre-mkt volume 5,821 < 25,000 shares",5.45,8.87,5.933415,0,rebuilt,2026-05-12,246352.0,1342618.4000000001,32550.8183458107,derived,,98.0,79.0,2,CLEARED_MARGINAL_NOHOLDDATA,8.87
2026-05-13,HIMX,07:55:00,1,,21,,,outside top-20 gap cap (gap 8.4%),19.11,8.42,20.719062,1,rebuilt,2026-05-12,2986045.0,57063319.949999996,4893913.785213163,derived,,99.3,28.0,0,NEAR_ATH_NOHOLDDATA,8.42
2026-05-13,NVTS,07:55:00,1,,22,,,outside top-20 gap cap (gap 8.3%),19.25,8.31,20.849674999999998,0,rebuilt,2026-05-12,35352965.0,680544576.25,30571418.18023291,derived,,98.3,67.0,0,NEAR_ATH_NOHOLDDATA,8.31
2026-05-13,REA,07:55:00,1,,23,,,outside top-20 gap cap (gap 8.3%),27.6,8.28,29.88528,0,rebuilt,2026-05-12,,,342301.2388191899,derived,,0.5,3921.0,,history_too_thin(5d),8.28
2026-05-13,COHR,07:55:00,1,,24,,,outside top-20 gap cap (gap 8.2%),374.01,8.25,404.865825,1,rebuilt,2026-05-12,5940181.5,2221687282.815,103377772.0269834,derived,,93.1,271.0,0,BLUE_SKY_NOHOLDDATA,8.25
2026-05-13,FCEL,07:55:00,1,,25,,,outside top-20 gap cap (gap 8.2%),17.09,8.15,18.482834999999998,0,rebuilt,2026-05-12,8600862.0,146988731.58,3578134.5325177093,derived,,99.4,24.0,0,BLUE_SKY_NOHOLDDATA,8.15
2026-05-13,QS,07:55:00,1,,26,,,outside top-20 gap cap (gap 8.1%),8.42,8.08,9.100336,0,rebuilt,2026-05-12,18737212.0,157767325.04,9291919.380933248,derived,,72.7,1077.0,1,CLEARED_DECISIVE_NOHOLDDATA,8.08
2026-05-14,POET,09:25:00,1,,1,,,already up 102% in prior 5 days (extended),14.37,28.46,18.459702,0,rebuilt,2026-05-13,49566293.0,712267630.41,328453453.9550238,derived,3.909,96.0,160.0,1,BLUE_SKY_NOHOLDDATA,28.46
2026-05-14,HTCO,09:25:00,1,,2,,,quality filter: filter:atr_too_high: 105.7% > 15.0%,7.25,20.41,8.729725,0,rebuilt,2026-05-13,372447.0,2700240.75,2063585.6472736083,derived,,3.5,3799.0,0,NEVER_BREACHED,20.41
2026-05-14,STAA,09:25:00,1,,3,,,already scored earlier today,29.4,20.1,35.309400000000004,0,rebuilt,2026-05-13,739186.0,21732068.4,4310535.949637203,derived,27.497,94.3,226.0,0,BLUE_SKY_NOHOLDDATA,20.1
2026-05-14,KLAR,09:25:00,1,,4,,,already scored earlier today,13.69,17.31,16.059739,0,rebuilt,2026-05-13,4074263.0,55776660.47,52919665.53126608,derived,90.413,8.7,3597.0,5,CLEARED_DECISIVE_NOHOLDDATA,17.31
2026-05-14,GO,09:25:00,1,,5,,,already scored earlier today,7.74,16.28,9.000072000000001,0,rebuilt,2026-05-13,2532263.0,19599715.62,544329.911721417,derived,27.385,43.4,2229.0,3,CLEARED_DECISIVE_NOHOLDDATA,16.28
2026-05-14,STUB,09:25:00,1,,6,,,already scored earlier today,7.52,15.76,8.705152,0,rebuilt,2026-05-13,2855188.0,21471013.759999998,2011480.0298356963,derived,32.737,38.5,2424.0,2,CLEARED_DECISIVE_NOHOLDDATA,15.76
2026-05-14,PCT,09:25:00,1,,7,,,EP cooldown — alerted within last 60 days,10.2,15.2,11.750399999999999,0,rebuilt,2026-05-13,3409192.0,34773758.4,8493150.846106423,derived,39.413,92.5,296.0,3,CLEARED_DECISIVE_NOHOLDDATA,15.2
2026-05-14,CSCO,09:25:00,1,,8,,,already scored earlier today,101.87,14.75,116.895825,0,rebuilt,2026-05-13,17028875.0,1734731496.25,360865721.78529596,derived,24.764,91.5,334.0,0,BLUE_SKY_NOHOLDDATA,14.75
2026-05-14,CRMD,09:25:00,1,,9,,,already scored earlier today,7.5,14.53,8.58975,0,rebuilt,2026-05-13,978792.0,7340940.0,4102478.807837334,derived,70.067,43.6,2220.0,3,CLEARED_DECISIVE_NOHOLDDATA,14.53
2026-05-14,IPST,09:25:00,1,,10,,,"quality filter: filter:adv_too_low: $284,600",5.8,13.79,6.599819999999999,0,rebuilt,2026-05-13,39237.0,227574.6,648511.5964185365,derived,,19.0,3190.0,2,CLEARED_DECISIVE_NOHOLDDATA,13.79
2026-05-14,ONDS,09:25:00,1,,11,,,M&A/buyout catalyst — no momentum trade,8.86,13.66,10.070276,0,rebuilt,2026-05-13,51263723.0,454196585.78,161191196.9113727,derived,12.414,7.5,3644.0,4,CLEARED_DECISIVE_NOHOLDDATA,13.66
2026-05-14,FPS,09:25:00,1,,12,,,already scored earlier today,45.52,13.14,51.501328,0,rebuilt,2026-05-13,4032171.0,183544423.92000002,29902334.98705241,derived,23.768,96.2,151.0,0,BLUE_SKY_NOHOLDDATA,13.14
2026-05-14,TRT,09:25:00,1,,13,,,"filter:pm_rvol_too_low: pm_rvol=0.41x (today 101,601 / baseline 245,542 n=21) < ",10.74,11.22,11.945028,0,rebuilt,2026-05-13,655516.0,7040241.84,1232165.416256525,derived,0.414,96.5,139.0,0,NEVER_BREACHED,11.22
2026-05-14,WWW,09:25:00,1,,14,,,"pre-mkt volume 3,501 < 25,000 shares",15.53,10.75,17.199475,0,rebuilt,2026-05-13,935284.0,14524960.52,0.0,derived,0.777,14.5,3369.0,3,CLEARED_DECISIVE_NOHOLDDATA,10.75
2026-05-14,AVAH,09:25:00,1,,15,,,"routine catalyst, gap 10.0%",6.77,10.04,7.449708,0,rebuilt,2026-05-13,978199.0,6622407.2299999995,901232.5979525956,derived,61.041,39.2,2393.0,5,CLEARED_DECISIVE_NOHOLDDATA,10.04
2026-05-14,MTSI,09:25:00,1,,16,,,"pre-mkt volume 12,542 < 25,000 shares",381.55,9.96,419.55237999999997,0,rebuilt,2026-05-13,1053032.0,401784359.6,4943667.431338827,derived,3.729,98.6,56.0,0,BLUE_SKY_NOHOLDDATA,9.96
2026-05-14,JLHL,09:25:00,1,,17,,,"pre-mkt volume 1,512 < 25,000 shares",17.0,9.94,18.689799999999998,0,rebuilt,2026-05-13,51354.0,873018.0,32022.119688161267,derived,,99.6,17.0,0,NEVER_BREACHED,9.94
2026-05-14,YETI,09:25:00,1,,18,,,score 30 < 50 (catalyst=strong),38.33,9.86,42.109338,0,rebuilt,2026-05-13,1365229.0,52329227.57,1897871.3692979708,derived,28.087,25.9,2920.0,1,CLEARED_DECISIVE_NOHOLDDATA,9.86
2026-05-14,LICN,09:25:00,1,,19,,,"pre-mkt volume 13,488 < 25,000 shares",8.33,9.24,9.099692000000001,0,rebuilt,2026-05-13,32209.0,268300.97000000003,123322.32500713048,derived,,98.9,45.0,0,NEAR_ATH_NOHOLDDATA,9.24
2026-05-14,VIK,09:25:00,1,,20,,,score 36 < 50 (catalyst=strong),82.17,8.91,89.491347,0,rebuilt,2026-05-13,2626083.0,215785240.11,16684201.489174556,derived,30.02,75.2,978.0,2,BLUE_SKY_NOHOLDDATA,8.91
2026-05-14,LGN,09:25:00,1,,21,,,outside top-20 gap cap (gap 8.5%),100.0,8.5,108.5,0,rebuilt,2026-05-13,1589658.0,158965800.0,4140119.7662494257,derived,,98.2,72.0,1,BLUE_SKY_NOHOLDDATA,8.5
2026-05-14,UMC,09:25:00,1,,22,,,outside top-20 gap cap (gap 8.4%),15.92,8.42,17.260464000000002,0,rebuilt,2026-05-13,12880933.0,205064453.35999998,7416060.87519231,derived,,97.3,108.0,0,BLUE_SKY_NOHOLDDATA,8.42
2026-05-14,SPCB,09:25:00,1,,23,,,outside top-20 gap cap (gap 8.1%),11.32,8.13,12.240316,0,rebuilt,2026-05-13,52483.0,594107.56,113510.77260896922,derived,,93.8,246.0,3,CLEARED_DECISIVE_NOHOLDDATA,8.13
2026-05-15,GEMI,09:25:00,1,,1,,,already scored earlier today,5.26,28.14,6.740164,0,rebuilt,2026-05-14,1504833.0,7915421.58,18420894.506409727,derived,89.265,32.3,2678.0,,not_computed_day,28.14
2026-05-15,BRUNW,09:25:00,1,,2,,,"pre-mkt volume 23,685 < 25,000 shares",14.06,15.5,16.2393,0,rebuilt,2026-05-14,,,377044.0674,derived,,,,,not_computed_day,15.5
2026-05-15,PZZA,09:25:00,1,,3,,,M&A/buyout catalyst — no momentum trade,32.72,11.55,36.499159999999996,0,rebuilt,2026-05-14,834930.0,27318909.599999998,4141884.0886829034,derived,13.865,11.5,3502.0,,not_computed_day,11.55
2026-05-15,MICC,09:25:00,1,,4,,,EP cooldown — alerted within last 60 days,15.02,11.45,16.73979,0,rebuilt,2026-05-14,1164016.0,17483520.32,21951131.013438765,derived,96.699,61.2,1535.0,,not_computed_day,11.45
2026-05-15,WYY,09:25:00,1,,5,,,"quality filter: filter:adv_too_low: $477,973",8.98,11.36,10.000128,0,rebuilt,2026-05-14,58612.0,526335.76,378907.4038370897,derived,,97.4,105.0,,not_computed_day,11.36
2026-05-15,AERO,09:25:00,1,,6,,,"pre-mkt volume 374 < 25,000 shares",14.95,10.37,16.500314999999997,0,rebuilt,2026-05-14,267343.0,3996777.8499999996,0.0,derived,0.324,39.0,2411.0,,not_computed_day,10.37
2026-05-15,TRT,09:25:00,1,,7,,,"filter:pm_rvol_too_low: pm_rvol=0.84x (today 191,183 / baseline 226,492 n=23) < ",14.02,9.13,15.300025999999999,0,rebuilt,2026-05-14,710073.0,9955223.459999999,2978461.46831516,derived,0.844,88.0,477.0,,not_computed_day,9.13
2026-05-15,TRST,09:25:00,1,,8,,,"pre-mkt volume 100 < 25,000 shares",49.04,9.12,53.512448,0,rebuilt,2026-05-14,81564.0,3999898.56,0.0,derived,,78.9,836.0,,not_computed_day,9.12
2026-05-15,FIG,09:25:00,1,,9,,,already scored earlier today,20.24,8.2,21.89968,0,rebuilt,2026-05-14,15220697.0,308066907.28,84696585.15216784,derived,12.884,32.6,2665.0,,not_computed_day,8.2
2026-05-18,HCAI,09:25:00,1,,1,,,"quality filter: filter:adv_too_low: $929,069",5.54,70.58,9.450132,0,rebuilt,2026-05-15,92120.0,510344.8,46908258.02349768,derived,,11.2,3475.0,,not_computed_day,70.58
2026-05-18,RAMP,09:25:00,1,,2,,,M&A/buyout catalyst — no momentum trade,29.66,27.28,37.751248,0,rebuilt,2026-05-15,481411.0,14278650.26,50842566.702235416,derived,1151.331,69.4,1199.0,,not_computed_day,27.28
2026-05-18,TE,09:25:00,1,,3,,,EP cooldown — alerted within last 60 days,5.67,19.05,6.750135,0,rebuilt,2026-05-15,15641011.0,88684532.37,70683062.19643117,derived,18.076,35.3,2534.0,,not_computed_day,19.05
2026-05-18,SHAZ,09:25:00,1,,4,,,score 30 < 50 (catalyst=routine),53.93,16.6,62.88238,0,rebuilt,2026-05-15,377850.0,20377450.5,14325587.5543462,derived,47.242,98.6,57.0,,not_computed_day,16.6
2026-05-18,DSGN,09:25:00,1,,5,,,score 12 < 50 (catalyst=routine),14.37,14.13,16.400481,0,rebuilt,2026-05-15,491546.0,7063516.02,7184405.570354928,derived,856.879,94.8,203.0,,not_computed_day,14.13
2026-05-18,D,09:25:00,1,,6,,,M&A/buyout catalyst — no momentum trade,61.73,13.48,70.051204,0,rebuilt,2026-05-15,4674533.0,288558922.09,112459196.14306884,derived,589.062,46.3,2103.0,,not_computed_day,13.48
2026-05-18,CMPS,09:25:00,1,,7,,,EP cooldown — alerted within last 60 days,10.37,13.4,11.759579999999998,0,rebuilt,2026-05-15,3455086.0,35829241.82,6130293.63744444,derived,2.549,93.0,276.0,,not_computed_day,13.4
2026-05-18,DXYZ,09:25:00,1,,8,,,EP cooldown — alerted within last 60 days,47.62,11.93,53.301066,0,rebuilt,2026-05-15,2005795.0,95515957.89999999,46126198.30390482,derived,4.385,98.7,50.0,,not_computed_day,11.93
2026-05-18,GHRS,09:25:00,1,,9,,,EP cooldown — alerted within last 60 days,21.39,11.75,23.903325,0,rebuilt,2026-05-15,198490.0,4245701.100000001,153152.34011860835,derived,1.195,90.3,380.0,,not_computed_day,11.75
2026-05-18,JLHL,09:25:00,1,,10,,,"quality filter: filter:adv_too_low: $846,876",23.26,11.35,25.90001,0,rebuilt,2026-05-15,55128.0,1282277.28,73998.91485797458,derived,,100.0,1.0,,not_computed_day,11.35
2026-05-18,POET,09:25:00,1,,11,,,score 18 < 50 (catalyst=strong),15.97,10.21,17.600537000000003,1,rebuilt,2026-05-15,67574267.0,1079161043.99,113249146.59629337,derived,1.226,94.5,218.0,,not_computed_day,10.21
2026-05-19,AGYS,09:25:00,1,,1,,,already scored earlier today,70.2,26.61,88.88022000000001,0,rebuilt,2026-05-18,247041.0,17342278.2,7752586.786563955,derived,620.45,46.6,2100.0,,not_computed_day,26.61
2026-05-19,BKKT,09:25:00,1,,2,,,quality filter: filter:mcap_too_small: $389M < $500M,8.72,16.74,10.179728,0,rebuilt,2026-05-18,1100994.0,9600667.680000002,2909018.0847835126,derived,7.534,15.7,3315.0,,not_computed_day,16.74
2026-05-19,ENHA,09:25:00,1,,3,,,quality filter: filter:adv_no_data,5.0,16.0,5.8,0,rebuilt,2026-05-18,,,3275953.84567932,derived,,0.3,3922.0,,not_computed_day,16.0
2026-05-19,RLAY,09:25:00,1,,4,,,score 33 < 50 (catalyst=strong),12.1,11.32,13.469719999999999,0,rebuilt,2026-05-18,2469203.0,29877356.3,19952150.911357265,derived,72.704,57.4,1677.0,,not_computed_day,11.32
2026-05-19,EVTC,09:25:00,1,,5,,,already scored earlier today,24.27,11.25,27.000375000000002,0,rebuilt,2026-05-18,329413.0,7994853.51,0.0,derived,0.075,6.9,3661.0,,not_computed_day,11.25
2026-05-19,STC,09:25:00,1,,6,,,already scored earlier today,68.76,10.54,76.007304,0,rebuilt,2026-05-18,157187.0,10808178.120000001,0.0,derived,0.747,43.7,2215.0,,not_computed_day,10.54
2026-05-20,IMVT,09:25:00,1,,1,,,score 30 < 50 (catalyst=routine),26.29,20.27,31.618983,0,rebuilt,2026-05-19,1251121.0,32891971.09,38657580.14150198,derived,73.099,48.4,2006.0,,not_computed_day,20.27
2026-05-20,POET,09:25:00,1,,2,,,"filter:pm_rvol_too_low: pm_rvol=0.84x (today 5,512,426 / baseline 6,576,184 n=21",13.07,15.46,15.090622000000002,0,rebuilt,2026-05-19,73047538.5,954731328.195,80260144.97545034,derived,0.838,99.3,28.0,,not_computed_day,15.46
2026-05-20,TATT,09:25:00,1,,3,,,quality filter: filter:mcap_too_small: $424M < $500M,32.69,12.57,36.799133,0,rebuilt,2026-05-19,149794.0,4896765.859999999,1546269.9895582935,derived,20.465,9.2,3532.0,,not_computed_day,12.57
2026-05-20,EMAT,09:25:00,1,,4,,,"quality filter: filter:adv_too_low: $907,759",7.0,11.43,7.8001000000000005,0,rebuilt,2026-05-19,105045.0,735315.0,0.0,derived,,12.4,3406.0,,not_computed_day,11.43
2026-05-20,CAVA,09:25:00,1,,5,,,score 22 < 50 (catalyst=routine),78.12,10.79,86.549148,0,rebuilt,2026-05-19,2808786.5,219422401.38000003,21616170.536017068,derived,47.089,24.8,2923.0,,not_computed_day,10.79
2026-05-21,INFQ,09:25:00,1,,1,,,already scored earlier today,11.18,20.39,13.459601999999999,0,rebuilt,2026-05-20,8747176.0,97793427.67999999,111339549.96382272,derived,16.552,26.4,2890.0,,not_computed_day,20.39
2026-05-21,QBTS,09:25:00,1,,2,,,M&A/buyout catalyst — no momentum trade,19.3,13.42,21.89006,0,rebuilt,2026-05-20,24679216.0,476308868.8,209234029.00659642,derived,9.927,58.0,1650.0,,not_computed_day,13.42
2026-05-21,GFS,09:25:00,1,,3,,,score -12 < 50 (catalyst=routine),70.79,12.97,79.971463,0,rebuilt,2026-05-20,3905401.0,276463336.79,59973742.67597438,derived,9.371,95.9,163.0,,not_computed_day,12.97
2026-05-21,RL,09:25:00,1,,4,,,score 29 < 50 (catalyst=routine),329.24,12.25,369.5719,0,rebuilt,2026-05-20,504765.0,166188828.6,19984094.244485144,derived,106.895,16.1,3295.0,,not_computed_day,12.25
2026-05-21,RGTI,09:25:00,1,,5,,,M&A/buyout catalyst — no momentum trade,16.88,11.79,18.870151999999997,0,rebuilt,2026-05-20,26997990.0,455726071.2,179389684.03408578,derived,9.708,50.5,1944.0,,not_computed_day,11.79
2026-05-21,NBIS,09:25:00,1,,6,,,score 6 < 50 (catalyst=strong),191.82,10.75,212.44064999999998,0,rebuilt,2026-05-20,14624542.0,2805279646.44,302430555.48793846,derived,2.087,98.2,71.0,,not_computed_day,10.75
2026-05-22,AKTX,09:25:00,1,,1,,,already up 68% in prior 5 days (extended),5.14,99.42,10.250188,0,rebuilt,2026-05-21,16911.0,86922.54,80889810.57070784,derived,,9.1,3573.0,,not_computed_day,99.42
2026-05-22,AKAN,09:25:00,1,,2,,,already up 73% in prior 5 days (extended),23.46,20.97,28.379562,0,rebuilt,2026-05-21,1305091.0,30617434.86,45772609.03293246,derived,1.413,65.5,1356.0,,not_computed_day,20.97
2026-05-22,IMAX,09:25:00,1,,3,,,score 29 < 50 (catalyst=routine),33.88,13.64,38.50123200000001,0,rebuilt,2026-05-21,1004861.0,34044690.68,1786819.845925715,derived,18.784,13.2,3414.0,,not_computed_day,13.64
2026-05-22,LEE,09:25:00,1,,4,,,"quality filter: filter:adv_too_low: $447,362",9.45,13.23,10.700235,0,rebuilt,2026-05-21,55156.0,521224.19999999995,0.0,derived,,90.4,378.0,,not_computed_day,13.23
2026-05-22,IMRX,09:25:00,1,,5,,,quality filter: filter:mcap_too_small: $338M < $500M,5.22,13.22,5.910084,0,rebuilt,2026-05-21,719239.0,3754427.5799999996,755310.9205515187,derived,,61.6,1510.0,,not_computed_day,13.22
2026-05-22,EL,09:25:00,1,,6,,,M&A/buyout catalyst — no momentum trade,78.91,12.66,88.900006,0,rebuilt,2026-05-21,3208565.0,253187864.14999998,16668014.482228119,derived,8.996,28.9,2796.0,,not_computed_day,12.66
2026-05-22,HLIT,09:25:00,1,,7,,,EP cooldown — alerted within last 60 days,12.7,12.44,14.27988,0,rebuilt,2026-05-21,1770488.0,22485197.599999998,2130666.686684874,derived,7.759,92.0,316.0,,not_computed_day,12.44
2026-05-22,TTMI,09:25:00,1,,8,,,EP cooldown — alerted within last 60 days,174.55,10.99,193.73304500000003,0,rebuilt,2026-05-21,2091919.0,365144461.45000005,27731596.520086553,derived,8.359,95.7,171.0,,not_computed_day,10.99
2026-05-22,CITR,09:25:00,1,,9,,,"quality filter: filter:adv_too_low: $251,532",7.2,10.83,7.979760000000001,0,rebuilt,2026-05-21,38427.0,276674.4,0.0,derived,,48.9,2009.0,,not_computed_day,10.83
2026-05-22,SG,09:25:00,1,,10,,,"routine catalyst, gap 10.8%",8.98,10.8,9.949840000000002,0,rebuilt,2026-05-21,3946703.0,35441392.940000005,2451012.0385962534,derived,22.554,93.3,266.0,,not_computed_day,10.8
2026-05-22,GSIT,09:25:00,1,,11,,,quality filter: filter:mcap_too_small: $335M < $500M,9.27,10.57,10.249838999999998,0,rebuilt,2026-05-21,1414230.0,13109912.1,2109227.3970267638,derived,3.153,94.1,233.0,,not_computed_day,10.57
2026-05-26,MNTS,09:25:00,1,,1,,,quality filter: filter:mcap_too_small: $74M < $500M,7.38,64.09,12.109842,0,rebuilt,2026-05-22,2095512.0,15464878.56,236133411.88652816,derived,143.599,82.4,694.0,6,CLEARED_DECISIVE_NOHOLDDATA,64.09
2026-05-26,CODX,09:25:00,1,,2,,,already up 270% in prior 5 days (extended),5.07,37.87,6.990009000000001,0,rebuilt,2026-05-22,269181.0,1364747.6700000002,45156353.93165856,derived,,99.4,25.0,1,CLEARED_DECISIVE_NOHOLDDATA,37.87
2026-05-26,COAG,09:25:00,1,,3,,,"pre-mkt volume 609 < 25,000 shares",25.89,29.12,33.429168,0,rebuilt,2026-05-22,185541.5,4803669.4350000005,0.0,derived,0.016,1.5,3880.0,1,CLEARED_DECISIVE_NOHOLDDATA,29.12
2026-05-26,QNTM,09:25:00,1,,4,,,quality filter: filter:mcap_too_small: $59M < $500M,9.24,20.38,11.123112,0,rebuilt,2026-05-22,341580.0,3156199.2,1072669.0883099092,derived,,97.3,109.0,1,CLEARED_MARGINAL_NOHOLDDATA,20.38
2026-05-26,PONY,09:25:00,1,,5,,,already scored earlier today,8.92,19.96,10.700432,0,rebuilt,2026-05-22,3965851.0,35375390.92,15902632.557246158,derived,10.512,4.7,3756.0,2,CLEARED_DECISIVE_NOHOLDDATA,19.96
2026-05-26,CPSH,09:25:00,1,,6,,,quality filter: filter:mcap_too_small: $108M < $500M,6.0,19.19,7.1514,0,rebuilt,2026-05-22,379627.0,2277762.0,2134756.4816577877,derived,,91.4,338.0,2,BLUE_SKY_NOHOLDDATA,19.19
2026-05-26,HLIT,09:25:00,1,,7,,,EP cooldown — alerted within last 60 days,15.2,18.95,18.0804,0,rebuilt,2026-05-22,1790911.0,27221847.2,21515486.10578112,derived,39.891,96.9,123.0,1,BLUE_SKY_NOHOLDDATA,18.95
2026-05-26,MOD,09:25:00,1,,8,,,score 29 < 50 (catalyst=routine),260.52,18.61,309.00277199999994,0,rebuilt,2026-05-22,999499.0,260389479.48,72216890.42630427,derived,55.749,78.1,863.0,1,BLUE_SKY_NOHOLDDATA,18.61
2026-05-26,UMC,09:25:00,1,,9,,,score 0 < 50 (catalyst=routine),18.22,14.82,20.920204000000002,1,rebuilt,2026-05-22,13843429.0,252227276.38,40190557.86935048,derived,5.257,98.9,46.0,0,BLUE_SKY_NOHOLDDATA,14.82
2026-05-26,RDW,09:25:00,1,,10,,,already scored earlier today,17.49,13.72,19.889628,0,rebuilt,2026-05-22,31541262.0,551656672.38,182801815.33973932,derived,5.423,97.9,84.0,0,NEVER_BREACHED,13.72
2026-05-26,ASPI,09:25:00,1,,11,,,already scored earlier today,5.55,13.69,6.309795,0,rebuilt,2026-05-22,3928671.0,21804124.05,3483098.749963019,derived,6.185,68.3,1249.0,5,CLEARED_DECISIVE_NOHOLDDATA,13.69
2026-05-26,QTI,09:25:00,1,,12,,,"quality filter: filter:adv_too_low: $305,869",5.03,13.32,5.6999960000000005,0,rebuilt,2026-05-22,42544.0,213996.32,2795.2610047884536,derived,,1.5,3882.0,0,NEVER_BREACHED,13.32
2026-05-26,QUIK,09:25:00,1,,13,,,"filter:pm_rvol_too_low: pm_rvol=0.98x (today 38,143 / baseline 38,802 n=21) < 1.",20.11,12.48,22.619728,1,rebuilt,2026-05-22,724151.0,14562676.61,873116.2925205419,derived,0.983,98.3,69.0,0,NEVER_BREACHED,12.48
2026-05-26,ESLT,09:25:00,1,,14,,,score 29 < 50 (catalyst=routine),767.82,11.92,859.344144,0,rebuilt,2026-05-22,109069.0,83745359.58,15149760.046118682,derived,41.117,18.7,3206.0,3,CLEARED_DECISIVE_NOHOLDDATA,11.92
2026-05-26,IPWR,09:25:00,1,,15,,,quality filter: filter:atr_too_high: 19.2% > 15.0%,5.73,11.69,6.399837000000001,0,rebuilt,2026-05-22,529515.0,3034120.95,586566.2675606349,derived,,97.6,95.0,0,NEVER_BREACHED,11.69
2026-05-26,BTGO,09:25:00,1,,16,,,already scored earlier today,6.93,11.11,7.699922999999999,0,rebuilt,2026-05-22,573962.0,3977556.6599999997,2027116.307255368,derived,26.134,1.1,3896.0,0,NEVER_BREACHED,11.11
2026-05-26,FJET,09:25:00,1,,17,,,quality filter: filter:mcap_too_small: $318M < $500M,7.2,10.56,7.960319999999999,0,rebuilt,2026-05-22,1038427.0,7476674.4,4995980.036931562,derived,24.215,57.6,1672.0,2,CLEARED_DECISIVE_NOHOLDDATA,10.56
2026-05-26,JOYY,09:25:00,1,,18,,,score 18 < 50 (catalyst=routine),54.42,10.44,60.101448000000005,0,rebuilt,2026-05-22,257521.0,14014292.82,837655.2188199665,derived,7.453,9.7,3557.0,2,CLEARED_DECISIVE_NOHOLDDATA,10.44
2026-05-26,TRT,09:25:00,1,,19,,,"filter:pm_rvol_too_low: pm_rvol=0.76x (today 84,678 / baseline 111,754 n=21) < 1",13.82,10.42,15.260044,0,rebuilt,2026-05-22,1012815.0,13997103.3,1322633.876629081,derived,0.758,82.8,679.0,0,NEVER_BREACHED,10.42
2026-05-26,ASX,09:25:00,1,,20,,,"routine catalyst, gap 10.3%",34.81,10.34,38.409354,0,rebuilt,2026-05-22,8200203.0,285449066.43,13616989.743674835,derived,1.966,94.9,200.0,1,BLUE_SKY_NOHOLDDATA,10.34
2026-05-26,CCOI,09:25:00,1,,21,,,outside top-20 gap cap (gap 10.1%),18.16,10.13,19.999608,0,rebuilt,2026-05-22,972632.0,17662997.12,1053126.5912497346,derived,,8.5,3606.0,0,NEVER_BREACHED,10.13
2026-05-27,QTTB,09:25:00,1,,1,,,quality filter: filter:mcap_too_small: $120M < $500M,7.09,31.87,9.349582999999999,0,rebuilt,2026-05-26,244936.0,1736596.24,41287313.75534601,derived,87.763,82.6,691.0,,not_computed_day,31.87
2026-05-27,DY,09:25:00,1,,2,,,already scored earlier today,420.47,27.24,535.006028,0,rebuilt,2026-05-26,442676.0,186131977.72,20903852.307921655,derived,115.897,52.6,1878.0,,not_computed_day,27.24
2026-05-27,CPSH,09:25:00,1,,3,,,already up 159% in prior 5 days (extended),11.12,22.48,13.619776,0,rebuilt,2026-05-26,446506.0,4965146.72,14592409.499645578,derived,,99.5,20.0,,not_computed_day,22.48
2026-05-27,LFVN,09:25:00,1,,4,,,"quality filter: filter:adv_too_low: $899,152",6.93,20.03,8.318079,0,rebuilt,2026-05-26,169724.0,1176187.32,846617.8482767477,derived,,92.3,306.0,,not_computed_day,20.03
2026-05-27,IPWR,09:25:00,1,,5,,,quality filter: filter:atr_too_high: 17.0% > 15.0%,6.92,16.0,8.027199999999999,0,rebuilt,2026-05-26,490725.0,3395817.0,23004610.360271752,derived,,98.8,50.0,,not_computed_day,16.0
2026-05-27,UMC,09:25:00,1,,6,,,score 6 < 50 (catalyst=routine),21.08,15.23,24.290483999999996,1,rebuilt,2026-05-26,15467483.0,326054541.64,28556155.378852308,derived,3.003,99.0,42.0,,not_computed_day,15.23
2026-05-27,MBI,09:25:00,1,,7,,,quality filter: filter:mcap_too_small: $312M < $500M,6.12,12.75,6.9003,0,rebuilt,2026-05-26,301798.0,1847003.76,0.0,derived,,53.1,1857.0,,not_computed_day,12.75
2026-05-27,CRSR,09:25:00,1,,8,,,already scored earlier today,8.09,12.24,9.080216,0,rebuilt,2026-05-26,1016549.0,8223881.41,2232353.1372975702,derived,55.223,94.0,237.0,,not_computed_day,12.24
2026-05-27,MNTS,09:25:00,1,,9,,,already up 166% in prior 5 days (extended),15.48,12.02,17.340696,0,rebuilt,2026-05-26,2163118.0,33485066.64,204543211.4494917,derived,83.803,99.4,24.0,,not_computed_day,12.02
2026-05-27,ASTI,09:25:00,1,,10,,,score 40 < 50 (catalyst=routine),5.64,11.88,6.310032,0,rebuilt,2026-05-26,819034.0,4619351.76,4408009.030738746,derived,,92.0,316.0,,not_computed_day,11.88
2026-05-27,CLFD,09:25:00,1,,11,,,"routine catalyst, gap 11.5%",47.04,11.5,52.4496,0,rebuilt,2026-05-26,325668.0,15319422.719999999,1297990.512502509,derived,10.859,97.0,118.0,,not_computed_day,11.5
2026-05-27,RDW,09:25:00,1,,12,,,EP cooldown — alerted within last 60 days,22.04,10.93,24.448971999999998,0,rebuilt,2026-05-26,31541262.0,695169414.48,433244587.29769874,derived,10.306,99.5,22.0,,not_computed_day,10.93
2026-05-27,DTIL,09:25:00,1,,13,,,quality filter: filter:mcap_too_small: $196M < $500M,7.58,10.82,8.400156,0,rebuilt,2026-05-26,189465.0,1436144.7,771090.5956390843,derived,,83.2,665.0,,not_computed_day,10.82
2026-05-27,MX,09:25:00,1,,14,,,already up 57% in prior 5 days (extended),6.38,10.66,7.0601080000000005,0,rebuilt,2026-05-26,2239672.0,14289107.36,1910511.5721857925,derived,2.013,99.2,34.0,,not_computed_day,10.66
2026-05-27,BBWI,09:25:00,1,,15,,,score 33 < 50 (catalyst=routine),17.73,10.55,19.600514999999998,0,rebuilt,2026-05-26,5413816.0,95986957.68,8230110.849894589,derived,99.002,15.3,3353.0,,not_computed_day,10.55
2026-05-27,AMRN,09:25:00,1,,16,,,"quality filter: filter:adv_too_low: $730,948",14.3,10.49,15.80007,0,rebuilt,2026-05-26,48665.0,695909.5,0.0,derived,,24.1,3004.0,,not_computed_day,10.49
2026-05-27,SIDU,09:25:00,1,,17,,,already up 72% in prior 5 days (extended),6.2,10.26,6.83612,0,rebuilt,2026-05-26,17088824.0,105950708.8,50951931.49469507,derived,8.976,98.9,44.0,,not_computed_day,10.26
2026-05-28,ASTC,09:25:00,1,,1,,,already up 506% in prior 5 days (extended),13.81,65.1,22.80031,0,rebuilt,2026-05-27,31073.0,429118.13,296555855.3448624,derived,,99.9,3.0,0,BLUE_SKY_NOHOLDDATA,65.1
2026-05-28,SNOW,09:25:00,1,,2,,,score 48 < 50 (catalyst=routine),175.26,36.14,238.59896399999997,0,rebuilt,2026-05-27,6511337.5,1141177010.25,538886665.4021798,derived,19.93,70.6,1165.0,12,CLEARED_DECISIVE_NOHOLDDATA,36.14
2026-05-28,UMAC,09:25:00,1,,3,,,score 18 < 50 (catalyst=routine),18.83,30.32,24.539255999999995,0,rebuilt,2026-05-27,3658529.5,68890110.485,102283859.44405189,derived,51.332,90.2,391.0,2,BLUE_SKY_NOHOLDDATA,30.32
2026-05-28,CRSR,09:25:00,1,,4,,,EP cooldown — alerted within last 60 days,9.82,25.59,12.332938,0,rebuilt,2026-05-27,1061405.5,10423002.01,24611438.854330875,derived,398.554,97.9,84.0,2,BLUE_SKY_NOHOLDDATA,25.59
2026-05-28,PHR,09:25:00,1,,5,,,score 48 < 50 (catalyst=routine),9.13,18.29,10.799877000000002,0,rebuilt,2026-05-27,1293155.0,11806505.15,468524.8442793113,derived,16.493,7.1,3683.0,3,CLEARED_DECISIVE_NOHOLDDATA,18.29
2026-05-28,LTRX,09:25:00,1,,6,,,quality filter: filter:mcap_too_small: $289M < $500M,7.25,18.21,8.570224999999999,0,rebuilt,2026-05-27,818497.0,5934103.25,3813251.9358902206,derived,68.441,84.0,636.0,1,BLUE_SKY_NOHOLDDATA,18.21
2026-05-28,RCAT,09:25:00,1,,7,,,already scored earlier today,10.67,18.19,12.610873,0,rebuilt,2026-05-27,8600855.0,91771122.85,68318632.97545694,derived,15.285,16.9,3294.0,4,CLEARED_DECISIVE_NOHOLDDATA,18.19
2026-05-28,DLTR,09:25:00,1,,8,,,score 40 < 50 (catalyst=routine),95.87,18.13,113.251231,0,rebuilt,2026-05-27,3624688.5,347498886.495,112217778.93062487,derived,457.267,16.6,3304.0,12,CLEARED_DECISIVE_NOHOLDDATA,18.13
2026-05-28,KSS,09:25:00,1,,9,,,score 40 < 50 (catalyst=routine),12.93,17.94,15.249642,0,rebuilt,2026-05-27,4279845.0,55338395.85,13191308.295056773,derived,56.477,11.9,3490.0,4,CLEARED_DECISIVE_NOHOLDDATA,17.94
2026-05-28,CTRN,09:25:00,1,,10,,,quality filter: filter:mcap_too_small: $390M < $500M,46.6,16.95,54.4987,0,rebuilt,2026-05-27,105768.0,4928788.8,68655.84072747968,derived,,57.5,1683.0,11,CLEARED_DECISIVE_NOHOLDDATA,16.95
2026-05-28,DPRO,09:25:00,1,,11,,,quality filter: filter:mcap_too_small: $243M < $500M,6.67,13.19,7.549772999999999,0,rebuilt,2026-05-27,1461692.5,9749488.975,3766365.096998205,derived,10.315,76.1,947.0,3,CLEARED_DECISIVE_NOHOLDDATA,13.19
2026-05-28,KTOS,09:25:00,1,,12,,,already scored earlier today,57.3,13.09,64.80057,0,rebuilt,2026-05-27,3929359.5,225152299.35,46530590.70520949,derived,14.359,4.0,3804.0,3,CLEARED_DECISIVE_NOHOLDDATA,13.09
2026-05-28,A,09:25:00,1,,13,,,score 18 < 50 (catalyst=routine),115.84,11.79,129.497536,0,rebuilt,2026-05-27,2144218.0,248386213.12,2985093.5574931386,derived,37.107,28.0,2852.0,9,CLEARED_DECISIVE_NOHOLDDATA,11.79
2026-05-28,DUKR,09:25:00,1,,14,,,"quality filter: filter:adv_too_low: $311,815",6.72,11.61,7.500192,0,rebuilt,2026-05-27,42118.0,283032.95999999996,18397.14595488,derived,,2.4,3866.0,0,NEVER_BREACHED,11.61
2026-05-28,AIRO,09:25:00,1,,15,,,quality filter: filter:mcap_too_small: $229M < $500M,7.29,11.39,8.120331,0,rebuilt,2026-05-27,436698.0,3183528.42,1186891.3233885695,derived,,10.5,3547.0,1,CLEARED_MARGINAL_NOHOLDDATA,11.39
2026-05-28,NBIS,09:25:00,1,,16,,,score 7 < 50 (catalyst=strong),208.37,10.85,230.978145,0,rebuilt,2026-05-27,15193330.5,3165834276.285,341843481.27516437,derived,1.84,94.7,212.0,1,CLEARED_MARGINAL_NOHOLDDATA,10.85
2026-05-28,CODX,09:25:00,1,,17,,,already up 433% in prior 5 days (extended),7.3,10.84,8.09132,0,rebuilt,2026-05-27,344645.0,2515908.5,3158036.374561626,derived,,99.9,4.0,0,NEVER_BREACHED,10.84
2026-05-28,AVAV,09:25:00,1,,18,,,already scored earlier today,181.28,10.55,200.40503999999999,0,rebuilt,2026-05-27,1077709.0,195367087.52,47974289.10068028,derived,20.127,28.2,2844.0,4,CLEARED_DECISIVE_NOHOLDDATA,10.55
2026-05-28,JFB,09:25:00,1,,19,,,quality filter: filter:mcap_too_small: $79M < $500M,5.18,10.51,5.724417999999999,0,rebuilt,2026-05-27,225693.0,1169089.74,12576217.804888079,derived,,2.5,3864.0,0,NEVER_BREACHED,10.51
2026-05-28,MWC,09:25:00,1,,20,,,quality filter: filter:adv_no_data,6.02,10.47,6.650294,0,rebuilt,2026-05-27,,,698301.3830629406,derived,,0.3,3953.0,,history_too_thin(9d),10.47
2026-05-28,PDYN,09:25:00,1,,21,,,outside top-20 gap cap (gap 10.2%),7.52,10.24,8.290048,0,rebuilt,2026-05-27,1185857.5,8917648.4,4166975.7745816875,derived,,87.8,486.0,5,CLEARED_DECISIVE_NOHOLDDATA,10.24
2026-05-29,DELL,09:25:00,1,,1,,,already scored earlier today,317.05,33.29,422.59594500000003,0,rebuilt,2026-05-28,5077812.0,1609920294.6000001,1471522668.5292554,derived,30.27,98.6,56.0,0,BLUE_SKY_NOHOLDDATA,33.29
2026-05-29,PD,09:25:00,1,,2,,,already scored earlier today,7.44,22.72,9.130368,0,rebuilt,2026-05-28,1639246.5,12195993.96,1604043.364548925,derived,33.304,43.0,2273.0,3,CLEARED_DECISIVE_NOHOLDDATA,22.72
2026-05-29,ASTC,09:25:00,1,,3,,,already up 1191% in prior 5 days (extended),29.43,21.3,35.69859,0,rebuilt,2026-05-28,31073.0,914478.39,75839928.40525733,derived,,100.0,1.0,0,NEAR_ATH_NOHOLDDATA,21.3
2026-05-29,MX,09:25:00,1,,4,,,already up 58% in prior 5 days (extended),6.79,20.77,8.200283,0,rebuilt,2026-05-28,2321868.5,15765487.115,7594788.451810914,derived,6.923,99.4,25.0,0,BLUE_SKY_NOHOLDDATA,20.77
2026-05-29,NTAP,09:25:00,1,,5,,,score 14 < 50 (catalyst=routine),142.4,20.01,170.89424,0,rebuilt,2026-05-28,2101948.5,299317466.40000004,20245898.333098587,derived,47.655,94.6,217.0,0,BLUE_SKY_NOHOLDDATA,20.01
2026-05-29,BRUN,09:25:00,1,,6,,,score 36 < 50 (catalyst=routine),32.91,16.53,38.35002299999999,0,rebuilt,2026-05-28,1653971.0,54432185.60999999,5082109.759259799,derived,1.45,0.1,3979.0,0,BLUE_SKY_NOHOLDDATA,16.53
2026-05-29,QURE,09:25:00,1,REAL_EP,7,,,M&A/buyout catalyst — no momentum trade,24.85,16.22,28.88067,0,rebuilt,2026-05-28,1534037.5,38120831.875,13577750.593812382,derived,33.795,82.6,696.0,2,CLEARED_MARGINAL_NOHOLDDATA,16.22
2026-05-29,TSSI,09:25:00,1,,8,,,quality filter: filter:mcap_too_small: $380M < $500M,13.54,14.92,15.560167999999999,0,rebuilt,2026-05-28,1256913.5,17018608.79,9594204.953344926,derived,18.525,36.0,2550.0,2,CLEARED_DECISIVE_NOHOLDDATA,14.92
2026-05-29,CHA,09:25:00,1,,9,,,already scored earlier today,10.16,13.58,11.539728,0,rebuilt,2026-05-28,414420.5,4210512.28,3243643.681699743,derived,,14.1,3422.0,9,CLEARED_DECISIVE_NOHOLDDATA,13.58
2026-05-29,PENG,09:25:00,1,,10,,,score 14 < 50 (catalyst=strong),54.07,12.63,60.899041000000004,0,rebuilt,2026-05-28,3193815.5,172689604.085,20336186.491330788,derived,2.745,99.4,26.0,1,BLUE_SKY_NOHOLDDATA,12.63
2026-05-29,HPE,09:25:00,1,,11,,,score -14 < 50 (catalyst=routine),38.21,12.43,42.959503000000005,0,rebuilt,2026-05-28,14475777.0,553119439.17,100623854.21922562,derived,30.623,96.6,138.0,1,BLUE_SKY_NOHOLDDATA,12.43
2026-05-29,SMCI,09:25:00,1,,12,,,EP cooldown — alerted within last 60 days,41.3,10.68,45.71084,0,rebuilt,2026-05-28,33638339.5,1389263421.35,175342079.67231593,derived,3.738,94.8,209.0,0,NEVER_BREACHED,10.68
2026-05-29,CGCT,09:25:00,1,,13,,,M&A/buyout catalyst — no momentum trade,13.5,10.67,14.94045,0,rebuilt,2026-05-28,114061.0,1539823.5,20458.242628234413,derived,,93.6,255.0,0,NEAR_ATH_NOHOLDDATA,10.67
2026-05-29,NXT,09:25:00,1,,14,,,"routine catalyst, gap 10.4%",137.17,10.43,151.476831,0,rebuilt,2026-05-28,1911939.0,262260672.62999997,7458119.198475077,derived,4.626,88.2,472.0,0,NEAR_ATH_NOHOLDDATA,10.43
2026-05-29,SOFI,09:25:00,1,,15,,,score 28 < 50 (catalyst=routine),16.97,10.08,18.680576,0,rebuilt,2026-05-28,64371507.0,1092384473.79,334260241.29230845,derived,6.717,49.7,2006.0,0,NEVER_BREACHED,10.08
2026-05-29,VWAV,09:25:00,1,,16,,,quality filter: filter:mcap_too_small: $154M < $500M,6.07,10.05,6.680035,0,rebuilt,2026-05-28,510007.0,3095742.49,827572.9198241269,derived,,26.0,2949.0,0,NEVER_BREACHED,10.05
2026-06-01,ELMT,09:25:00,1,,1,,,quality filter: filter:mcap_too_small: $460M < $500M,15.28,25.46,19.170288,0,rebuilt,2026-05-29,434098.5,6633025.08,8597563.859754242,derived,122.203,23.2,3079.0,,not_computed_day,25.46
2026-06-01,SPCE,09:25:00,1,,2,,,already up 91% in prior 5 days (extended),6.18,23.62,7.639715999999999,0,rebuilt,2026-05-29,11390268.0,70391856.24,178285277.90580535,derived,61.863,99.6,19.0,,not_computed_day,23.62
2026-06-01,TMHC,09:25:00,1,,3,,,M&A/buyout catalyst — no momentum trade,58.5,22.34,71.5689,0,rebuilt,2026-05-29,1027242.5,60093686.25,131763775.65418102,derived,1673.937,26.2,2960.0,,not_computed_day,22.34
2026-06-01,EWTX,09:25:00,1,,4,,,score 30 < 50 (catalyst=routine),34.16,22.31,41.781096,0,rebuilt,2026-05-29,1055931.0,36070602.95999999,12787135.844225582,derived,11.398,55.6,1779.0,,not_computed_day,22.31
2026-06-01,FLNC,09:25:00,1,,5,,,EP cooldown — alerted within last 60 days,18.88,21.24,22.890112,0,rebuilt,2026-05-29,8780056.5,165767466.72,60913515.78486987,derived,3.755,18.2,3278.0,,not_computed_day,21.24
2026-06-01,PURR,09:25:00,1,,6,,,score 0 < 50 (catalyst=routine),9.99,21.02,12.089898,0,rebuilt,2026-05-29,9477648.5,94681708.515,24858749.380812306,derived,7.39,99.2,35.0,,not_computed_day,21.02
2026-06-01,SLMT,09:25:00,1,,7,,,"quality filter: filter:adv_too_low: $518,268",5.77,14.21,6.589917,0,rebuilt,2026-05-29,77543.5,447425.995,50778.48218104655,derived,,1.5,3948.0,,not_computed_day,14.21
2026-06-01,SAIC,09:25:00,1,,8,,,score 29 < 50 (catalyst=routine),104.2,14.09,118.88178,0,rebuilt,2026-05-29,489814.0,51038618.800000004,3054418.0615098965,derived,,67.5,1304.0,,not_computed_day,14.09
2026-06-01,CIA,09:25:00,1,,9,,,"quality filter: filter:adv_too_low: $410,308",5.19,13.68,5.899992000000001,0,rebuilt,2026-05-29,79522.5,412721.775,0.0,derived,,44.7,2215.0,,not_computed_day,13.68
2026-06-01,TNDM,09:25:00,1,,10,,,already scored earlier today,17.2,13.37,19.49964,0,rebuilt,2026-05-29,2697824.0,46402572.8,1078232.8229086802,derived,6.057,38.9,2450.0,,not_computed_day,13.37
2026-06-01,MGM,09:25:00,1,,11,,,M&A/buyout catalyst — no momentum trade,43.67,11.98,48.901666,0,rebuilt,2026-05-29,4878531.5,213045470.60500002,89223276.61750227,derived,71.855,89.3,429.0,,not_computed_day,11.98
2026-06-01,ARM,09:25:00,1,,12,,,EP cooldown — alerted within last 60 days,353.29,11.24,392.99979600000006,1,rebuilt,2026-05-29,10162589.5,3590341244.4550004,694638334.5413171,derived,3.678,99.7,12.0,,not_computed_day,11.24
2026-06-01,SKM,09:25:00,1,,13,,,score 36 < 50 (catalyst=strong),37.34,10.63,41.309242000000005,0,rebuilt,2026-05-29,2163048.0,80768212.32000001,29226187.173467718,derived,7.191,76.2,956.0,,not_computed_day,10.63
2026-06-01,LILA,09:25:00,1,,14,,,"routine catalyst, gap 10.3%",7.3364,10.27,8.08984828,0,rebuilt,2026-05-29,352112.0,2583234.4768000003,35358.35489087216,derived,,61.1,1558.0,,not_computed_day,10.27
2026-06-01,FSSL,09:25:00,1,,15,,,"routine catalyst, gap 10.3%",11.79,10.26,12.999654,0,rebuilt,2026-05-29,300935.0,3548023.65,0.0,derived,,21.3,3154.0,,not_computed_day,10.26
2026-06-01,LILAK,09:25:00,1,,16,,,"routine catalyst, gap 10.0%",7.4545,10.0,8.199950000000001,0,rebuilt,2026-05-29,739316.0,5511231.122,0.0,derived,1.172,59.7,1616.0,,not_computed_day,10.0
2026-06-02,HPE,09:25:00,1,OKISH_CHART,1,,,already scored earlier today,47.0,26.62,59.5114,0,rebuilt,2026-06-01,16510365.0,775987155.0,388309877.86217916,derived,74.687,98.9,45.0,,not_computed_day,26.62
2026-06-02,LFVN,09:25:00,1,,2,,,"quality filter: filter:adv_too_low: $975,370",9.43,21.77,11.482911,0,rebuilt,2026-06-01,189959.5,1791318.085,1491510.7898081439,derived,,98.6,59.0,,not_computed_day,21.77
2026-06-02,RLAY,09:25:00,1,,3,,,EP cooldown — alerted within last 60 days,14.26,19.21,16.999346,0,rebuilt,2026-06-01,2970400.0,42357904.0,2964217.616836653,derived,1.364,94.1,238.0,,not_computed_day,19.21
2026-06-02,MRVL,09:25:00,1,,4,,,already scored earlier today,219.43,16.22,255.02154599999997,1,rebuilt,2026-06-01,24509027.0,5378015794.610001,3204364099.950084,derived,11.296,98.7,53.0,,not_computed_day,16.22
2026-06-02,GRRR,09:25:00,1,,5,,,already scored earlier today,21.14,15.61,24.439954,0,rebuilt,2026-06-01,890533.5,18825878.19,15944932.570060868,derived,12.661,98.4,65.0,,not_computed_day,15.61
2026-06-02,CNXU,09:25:00,1,,6,,,quality filter: filter:adv_no_data,14.12,13.24,15.989488,0,rebuilt,2026-06-01,,,198044.47906894932,derived,,0.3,3997.0,,not_computed_day,13.24
2026-06-02,NCSM,09:25:00,1,,7,,,"quality filter: filter:adv_too_low: $965,820",46.51,12.75,52.440025,0,rebuilt,2026-06-01,22185.5,1031847.605,800322.9241959023,derived,,63.0,1485.0,,not_computed_day,12.75
2026-06-02,CTRN,09:25:00,1,,8,,,quality filter: filter:mcap_too_small: $370M < $500M,44.28,11.2,49.239360000000005,0,rebuilt,2026-06-01,139916.0,6195480.48,140758.9570788896,derived,,53.0,1885.0,,not_computed_day,11.2
2026-06-02,RLMD,09:25:00,1,,9,,,"filter:pm_rvol_too_low: pm_rvol=0.39x (today 714 / baseline 1,854 n=16) < 1.0x",6.85,10.95,7.6000749999999995,0,rebuilt,2026-06-01,747856.0,5122813.6,0.0,derived,0.385,53.3,1874.0,,not_computed_day,10.95
2026-06-02,CAMT,09:25:00,1,,10,,,already scored earlier today,163.09,10.67,180.491703,0,rebuilt,2026-06-01,461945.5,75338691.595,6227148.844890561,derived,6.914,35.3,2594.0,,not_computed_day,10.67
2026-06-02,TNK,09:25:00,1,,11,,,filter:pm_rvol_too_low: pm_rvol=0.21x (today 150 / baseline 697 n=11) < 1.0x,72.21,10.1,79.50321,0,rebuilt,2026-06-01,375343.0,27103518.029999997,0.0,derived,0.215,26.2,2962.0,,not_computed_day,10.1
2026-06-03,NVTS,09:25:00,1,BAD_CHART,1,,,already scored earlier today,25.86,22.54,31.688844,1,rebuilt,2026-06-02,35828552.0,926526354.72,319757152.7777861,derived,11.088,99.1,36.0,,not_computed_day,22.54
2026-06-03,NN,09:25:00,1,,2,,,score 18 < 50 (catalyst=routine),20.05,13.37,22.730685,0,rebuilt,2026-06-02,2035926.0,40820316.300000004,6257205.900578779,derived,51.578,75.7,967.0,,not_computed_day,13.37
2026-06-03,SVCO,09:25:00,1,,3,,,quality filter: filter:mcap_too_small: $407M < $500M,12.17,12.24,13.659608,0,rebuilt,2026-06-02,438429.0,5335680.93,1617094.3129011998,derived,,95.5,179.0,,not_computed_day,12.24
2026-06-03,ABVX,09:25:00,1,BAD_CHART,4,,,already scored earlier today,72.5,11.81,81.06225,0,rebuilt,2026-06-02,1165652.0,84509770.0,78452243.40229353,derived,18.978,1.1,3932.0,,not_computed_day,11.81
2026-06-04,STI,09:25:00,1,,1,,,"quality filter: filter:adv_too_low: $258,256",5.04,310.71,20.699784,0,rebuilt,2026-06-03,56427.0,284392.08,947811322.1928167,derived,,2.7,3863.0,,not_computed_day,310.71
2026-06-04,ROLR,09:25:00,1,,2,,,quality filter: filter:mcap_too_small: $61M < $500M,5.6,46.79,8.220239999999999,0,rebuilt,2026-06-03,216255.0,1211028.0,35564678.85509008,derived,2.357,26.7,2911.0,,not_computed_day,46.79
2026-06-04,SPRC,09:25:00,1,,3,,,already up 115% in prior 5 days (extended),9.46,40.8,13.31968,0,rebuilt,2026-06-03,15017.5,142065.55000000002,76014093.69523884,derived,,97.2,113.0,,not_computed_day,40.8
2026-06-04,FOFO,09:25:00,1,,4,,,already up 262% in prior 5 days (extended),6.59,22.15,8.049685,0,rebuilt,2026-06-03,38390.5,252993.395,1482179.3889795924,derived,,93.9,243.0,,not_computed_day,22.15
2026-06-04,ELPC,09:25:00,1,,5,,,score 18 < 50 (catalyst=routine),11.36,14.52,13.009471999999999,0,rebuilt,2026-06-03,246334.0,2798354.2399999998,0.0,derived,,33.0,2658.0,,not_computed_day,14.52
2026-06-04,CVV,09:25:00,1,,6,,,"quality filter: filter:adv_too_low: $945,008",5.84,10.14,6.432175999999999,0,rebuilt,2026-06-03,163851.5,956892.76,0.0,derived,,50.2,1978.0,,not_computed_day,10.14
2026-06-05,STI,09:25:00,1,,1,,,already up 388% in prior 5 days (extended),22.71,80.16,40.914336000000006,0,rebuilt,2026-06-04,56427.0,1281457.1700000002,685295358.5936581,derived,,99.8,9.0,,not_computed_day,80.16
2026-06-05,BBCP,09:25:00,1,,2,,,"quality filter: filter:adv_too_low: $851,850",7.98,33.83,10.679634,0,rebuilt,2026-06-04,114438.5,913219.2300000001,2782134.270422439,derived,,87.6,490.0,,not_computed_day,33.83
2026-06-05,MRLN,09:25:00,1,BAD_CHART,3,,,already scored earlier today,7.18,30.36,9.359848,0,rebuilt,2026-06-04,1526295.0,10958798.1,66910157.19949334,derived,266.84,36.5,2515.0,,not_computed_day,30.36
2026-06-05,MCRB,09:25:00,1,,4,,,"quality filter: filter:adv_too_low: $268,794",6.85,14.74,7.85969,0,rebuilt,2026-06-04,34862.5,238808.125,146949.0035712973,derived,,1.3,3908.0,,not_computed_day,14.74
2026-06-05,TTAN,09:25:00,1,,5,,,already scored earlier today,74.33,13.9,84.66187,0,rebuilt,2026-06-04,1291335.0,95984930.55,6075453.939726554,derived,20.266,79.4,818.0,,not_computed_day,13.9
2026-06-08,OCC,09:25:00,1,,1,,,quality filter: filter:mcap_too_small: $109M < $500M,12.3,49.35,18.370050000000003,0,rebuilt,2026-06-05,321074.0,3949210.2,83978697.2937699,derived,,90.8,361.0,,not_computed_day,49.35
2026-06-08,TNGX,09:25:00,1,,2,,,score 25 < 50 (catalyst=routine),20.22,47.33,29.790126,0,rebuilt,2026-06-05,2726731.0,55134500.82,82594599.0161562,derived,223.901,49.3,1986.0,,not_computed_day,47.33
2026-06-08,SDOT,09:25:00,1,,3,,,already up 345% in prior 5 days (extended),12.14,19.44,14.500015999999999,0,rebuilt,2026-06-05,162431.0,1971912.34,3497341.869133972,derived,,34.0,2584.0,,not_computed_day,19.44
2026-06-08,WEAV,09:25:00,1,,4,,,"filter:pm_rvol_too_low: pm_rvol=0.12x (today 276 / baseline 2,312 n=16) < 1.0x",5.69,15.99,6.599831,0,rebuilt,2026-06-05,945632.0,5380646.08,0.0,derived,0.119,68.9,1219.0,,not_computed_day,15.99
2026-06-08,ARTV,09:25:00,1,,5,,,quality filter: filter:mcap_too_small: $333M < $500M,6.85,14.89,7.869965,0,rebuilt,2026-06-05,423985.0,2904297.25,110640.37715495878,derived,,37.9,2431.0,,not_computed_day,14.89
2026-06-08,NRIX,09:25:00,1,,6,,,already scored earlier today,14.64,14.62,16.780368,0,rebuilt,2026-06-05,1039986.0,15225395.040000001,91707170.06383012,derived,401.492,12.4,3428.0,,not_computed_day,14.62
2026-06-08,IPWR,09:25:00,1,,7,,,"filter:pm_rvol_too_low: pm_rvol=0.61x (today 104,416 / baseline 172,341 n=22) < ",6.03,14.43,6.900129,0,rebuilt,2026-06-05,850330.0,5127489.9,695145.0552135925,derived,0.606,75.7,952.0,,not_computed_day,14.43
2026-06-08,WOLF,09:25:00,1,,8,,,quality filter: filter:atr_too_high: 20.3% > 15.0%,55.06,12.95,62.19027,1,rebuilt,2026-06-05,9605034.0,528853172.04,32423229.786117595,derived,1.323,71.5,1118.0,,not_computed_day,12.95
2026-06-08,SRI,09:25:00,1,,9,,,quality filter: filter:mcap_too_small: $200M < $500M,7.09,12.83,7.999647,0,rebuilt,2026-06-05,165714.5,1174915.805,0.0,derived,,85.1,585.0,,not_computed_day,12.83
2026-06-08,INTC,09:25:00,1,,10,,,EP cooldown — alerted within last 60 days,99.17,12.69,111.754673,1,rebuilt,2026-06-05,124887886.0,12385131654.62,1031040055.6801002,derived,1.232,72.3,1084.0,,not_computed_day,12.69
2026-06-08,VRCA,09:25:00,1,,11,,,"quality filter: filter:adv_too_low: $255,984",6.04,10.68,6.685072,0,rebuilt,2026-06-05,42960.0,259478.4,0.0,derived,,29.9,2745.0,,not_computed_day,10.68
2026-06-08,NNE,09:25:00,1,,12,,,EP cooldown — alerted within last 60 days,23.56,10.4,26.01024,0,rebuilt,2026-06-05,2496098.0,58808068.879999995,11102530.184901817,derived,3.551,24.2,2969.0,,not_computed_day,10.4
2026-06-09,NUVL,09:25:00,1,,1,,,M&A/buyout catalyst — no momentum trade,88.49,38.8,122.82411999999998,0,rebuilt,2026-06-08,652556.5,57744724.684999995,1830374555.4980505,derived,31424.487,7.3,3666.0,,not_computed_day,38.8
2026-06-09,RNAC,09:25:00,1,,2,,,"quality filter: filter:adv_too_low: $998,861",5.86,22.35,7.16971,0,rebuilt,2026-06-08,147226.0,862744.3600000001,2343239.0512196193,derived,,9.6,3575.0,,not_computed_day,22.35
2026-06-09,BNAI,09:25:00,1,,3,,,quality filter: filter:atr_too_high: 19.0% > 15.0%,18.27,19.89,21.903903,0,rebuilt,2026-06-08,286695.5,5237926.785,27464694.393783882,derived,24.614,3.6,3810.0,,not_computed_day,19.89
2026-06-09,STAK,09:25:00,1,,4,,,already up 426% in prior 5 days (extended),5.13,19.1,6.1098300000000005,0,rebuilt,2026-06-08,992223.0,5090103.99,4023650.6344939605,derived,,100.0,2.0,,not_computed_day,19.1
2026-06-09,ADUR,09:25:00,1,,5,,,quality filter: filter:mcap_too_small: $486M < $500M,14.4,14.58,16.49952,0,rebuilt,2026-06-08,469544.0,6761433.600000001,1337183.4870138008,derived,7.247,80.0,790.0,,not_computed_day,14.58
2026-06-09,APLD,09:25:00,1,,6,,,EP cooldown — alerted within last 60 days,40.945,13.08,46.300606,0,rebuilt,2026-06-08,19312543.5,790752093.6075,81603342.2228152,derived,3.361,86.3,541.0,,not_computed_day,13.08
2026-06-09,FCEL,09:25:00,1,,7,,,quality filter: filter:atr_too_high: 22.9% > 15.0%,15.5,12.52,17.4406,0,rebuilt,2026-06-08,12054689.0,186847679.5,11067776.136524342,derived,1.92,68.6,1242.0,,not_computed_day,12.52
2026-06-09,AMPG,09:25:00,1,,8,,,quality filter: filter:mcap_too_small: $166M < $500M,6.57,11.11,7.299927,0,rebuilt,2026-06-08,6185756.0,40640416.92,4542830.696428143,derived,1.952,99.6,15.0,,not_computed_day,11.11
2026-06-09,CECO,09:25:00,1,,9,,,score 6 < 50 (catalyst=routine),80.53,10.58,89.050074,0,rebuilt,2026-06-08,731279.0,58889897.87,4235531.389645095,derived,19.325,79.9,794.0,,not_computed_day,10.58
2026-06-10,STAK,09:25:00,1,,1,,,"filter:pm_rvol_too_low: pm_rvol=0.44x (today 160,635 / baseline 366,973 n=20) < ",5.65,21.06,6.83989,0,rebuilt,2026-06-09,1022100.0,5774865.0,1161448.3240214207,derived,0.438,100.0,2.0,,not_computed_day,21.06
2026-06-10,CBRL,09:25:00,1,,2,,,score 26 < 50 (catalyst=routine),36.3,17.63,42.69968999999999,0,rebuilt,2026-06-09,936756.0,34004242.8,6800939.931740347,derived,169.955,91.8,324.0,,not_computed_day,17.63
2026-06-10,SUJA,09:25:00,1,,3,,,quality filter: filter:mcap_too_small: $370M < $500M,15.55,14.53,17.809415,0,rebuilt,2026-06-09,235031.0,3654732.0500000003,105754.7296020857,derived,15.356,17.0,3262.0,,not_computed_day,14.53
2026-06-11,ELVN,09:25:00,1,,1,,,already scored earlier today,37.0,22.15,45.1955,0,rebuilt,2026-06-10,700605.0,25922385.0,9851873.6085227,derived,85.122,26.1,2929.0,,not_computed_day,22.15
2026-06-11,NAVN,09:25:00,1,,2,,,already scored earlier today,20.87,20.36,25.119132,0,rebuilt,2026-06-10,3269470.0,68233838.9,11746585.325469848,derived,54.625,97.2,111.0,,not_computed_day,20.36
2026-06-11,DXC,09:25:00,1,,3,,,"routine catalyst, gap 10.9%",8.82,10.88,9.779616,0,rebuilt,2026-06-10,4535479.0,40002924.78,4962617.401977081,derived,67.165,8.5,3626.0,,not_computed_day,10.88
2026-06-11,IMOS,09:25:00,1,,4,,,score 20 < 50 (catalyst=strong),55.12,10.67,61.001304,0,rebuilt,2026-06-10,105087.5,5792423.0,465797.0101247489,derived,2.31,96.5,139.0,,not_computed_day,10.67
2026-06-11,BGDE,09:25:00,1,,5,,,"quality filter: filter:adv_too_low: $641,350",6.38,10.5,7.0499,0,rebuilt,2026-06-10,99395.5,634143.29,122257.60518860581,derived,,97.9,83.0,,not_computed_day,10.5
2026-06-12,EDHL,09:25:00,1,,1,,,already up 129% in prior 5 days (extended),5.98,39.13,8.319974,0,rebuilt,2026-06-11,53932.5,322516.35000000003,48620766.904448934,derived,,99.5,20.0,,not_computed_day,39.13
2026-06-12,SHAZ,09:25:00,1,,2,,,already scored earlier today,71.51,10.14,78.761114,0,rebuilt,2026-06-11,571172.0,40844509.720000006,44927422.84333927,derived,25.169,98.6,57.0,,not_computed_day,10.14
2026-06-15,SDOT,09:25:00,1,,1,,,quality filter: filter:atr_too_high: 44.8% > 15.0%,16.21,35.72,22.000212,0,rebuilt,2026-06-12,234507.0,3801358.47,5082809.795609922,derived,,35.0,2565.0,,not_computed_day,35.72
2026-06-15,WOLF,09:25:00,1,,2,,,quality filter: filter:atr_too_high: 22.7% > 15.0%,43.14,17.27,50.590278000000005,1,rebuilt,2026-06-12,8225341.5,354841232.31,31237443.452759106,derived,1.614,64.3,1410.0,,not_computed_day,17.27
2026-06-15,SNSE,09:25:00,1,,3,,,"quality filter: filter:adv_too_low: $711,480",13.0,17.23,15.239899999999999,0,rebuilt,2026-06-12,48454.0,629902.0,91790.27839155243,derived,,18.9,3200.0,,not_computed_day,17.23
2026-06-15,IDR,09:25:00,1,,4,,,score 40 < 50 (catalyst=routine),36.39,14.07,41.510073000000006,0,rebuilt,2026-06-12,210773.5,7670047.665,668087.7171060289,derived,12.503,32.1,2679.0,,not_computed_day,14.07
2026-06-15,LII,09:25:00,1,,5,,,"pre-mkt volume 451 < 25,000 shares",512.15,13.25,580.009875,0,rebuilt,2026-06-12,370045.0,189518546.75,0.0,derived,1.559,54.9,1779.0,,not_computed_day,13.25
2026-06-15,TRIP,09:25:00,1,,6,,,M&A/buyout catalyst — no momentum trade,12.41,12.01,13.900441,0,rebuilt,2026-06-12,3697498.0,45885950.18,8678043.475234546,derived,43.644,79.8,799.0,,not_computed_day,12.01
2026-06-15,PRLB,09:25:00,1,,7,,,"routine catalyst, gap 11.5%",78.94,11.46,87.986524,0,rebuilt,2026-06-12,202331.5,15972048.61,188241.71429114405,derived,8.287,89.3,421.0,,not_computed_day,11.46
2026-06-15,HYMC,09:25:00,1,,8,,,"routine catalyst, gap 10.8%",25.76,10.83,28.549808000000002,0,rebuilt,2026-06-12,2092932.0,53913928.32,2040845.4963867816,derived,2.062,1.8,3873.0,,not_computed_day,10.83
2026-06-15,SBSW,09:25:00,1,,9,,,"routine catalyst, gap 10.3%",9.86,10.34,10.879523999999998,0,rebuilt,2026-06-12,4922561.5,48536456.39,4450628.206706287,derived,3.488,1.9,3870.0,,not_computed_day,10.34
2026-06-15,HMY,09:25:00,1,,10,,,"routine catalyst, gap 10.3%",15.86,10.28,17.490408,0,rebuilt,2026-06-12,4466421.5,70837444.99,6778205.331188713,derived,3.35,11.5,3489.0,,not_computed_day,10.28
2026-06-16,TDIC,09:25:00,1,,1,,,quality filter: filter:atr_too_high: 66.0% > 15.0%,5.43,103.5,11.05005,0,rebuilt,2026-06-15,392066.5,2128921.0949999997,124618478.97349355,derived,,0.9,3932.0,,not_computed_day,103.5
2026-06-16,RXT,09:25:00,1,,2,,,already scored earlier today,5.915,21.07,7.161290500000001,0,rebuilt,2026-06-15,20156698.5,119226871.6275,116045873.70518284,derived,32.406,99.9,5.0,,not_computed_day,21.07
2026-06-16,AIBZ,09:25:00,1,,3,,,quality filter: filter:adv_no_data,6.25,14.56,7.16,0,rebuilt,2026-06-15,,,231713.251470378,derived,,0.1,3965.0,,not_computed_day,14.56
2026-06-16,PURR,09:25:00,1,,4,,,score 0 < 50 (catalyst=routine),9.34,13.49,10.599966,0,rebuilt,2026-06-15,18616331.0,173876531.54,14653162.11236814,derived,2.209,97.2,113.0,,not_computed_day,13.49
2026-06-16,EOSE,09:25:00,1,,5,,,EP cooldown — alerted within last 60 days,6.38,11.76,7.130287999999999,0,rebuilt,2026-06-15,21347533.5,136197263.73,16499881.045183579,derived,3.861,11.1,3528.0,,not_computed_day,11.76
2026-06-16,SHMD,09:25:00,1,,6,,,quality filter: filter:mcap_too_small: $360M < $500M,6.23,11.56,6.950188,0,rebuilt,2026-06-15,1169242.5,7284380.775,3207048.8187071034,derived,15.964,13.4,3439.0,,not_computed_day,11.56
2026-06-16,CNXU,09:25:00,1,,7,,,"quality filter: filter:adv_too_low: $891,911",9.82,10.59,10.859938000000001,0,rebuilt,2026-06-15,76862.0,754784.84,0.0,derived,,1.1,3924.0,,not_computed_day,10.59
2026-06-17,ALOT,09:25:00,1,,1,,,"quality filter: filter:adv_too_low: $989,524",16.69,70.5,28.456450000000004,0,rebuilt,2026-06-16,,,259762.52061627677,derived,,,,,not_computed_day,70.5
2026-06-17,QURE,09:25:00,1,,2,,,already scored earlier today,26.99,66.21,44.86007899999999,0,rebuilt,2026-06-16,1090280.0,29426657.2,147740586.08185077,derived,98.961,87.7,303.0,,not_computed_day,66.21
2026-06-17,SDOT,09:25:00,1,,3,,,"filter:pm_rvol_too_low: pm_rvol=0.41x (today 434,923 / baseline 1,069,779 n=20) ",8.67,45.33,12.600111,0,rebuilt,2026-06-16,,,5491328.25546731,derived,0.407,,,,not_computed_day,45.33
2026-06-17,CLPT,09:25:00,1,,4,,,quality filter: filter:mcap_too_small: $400M < $500M,13.34,35.53,18.079701999999997,0,rebuilt,2026-06-16,,,45639953.079802826,derived,83.985,,,,not_computed_day,35.53
2026-06-17,LZB,09:25:00,1,,5,,,score 30 < 50 (catalyst=routine),35.06,18.25,41.458450000000006,0,rebuilt,2026-06-16,360187.0,12628156.22,2216929.520728989,derived,224.48,23.4,1877.0,,not_computed_day,18.25
2026-06-17,MNTS,09:25:00,1,,6,,,"filter:pm_rvol_too_low: pm_rvol=0.97x (today 2,000,409 / baseline 2,060,208 n=20",9.31,17.94,10.980214,0,rebuilt,2026-06-16,5597380.0,52111607.800000004,21877380.757593628,derived,0.971,63.6,893.0,,not_computed_day,17.94
2026-06-17,BRAI,09:25:00,1,,7,,,"quality filter: filter:adv_too_low: $469,016",7.49,16.56,8.730344,0,rebuilt,2026-06-16,,,846864.5915840801,derived,,,,,not_computed_day,16.56
2026-06-17,SMHI,09:25:00,1,,8,,,"quality filter: filter:adv_too_low: $493,585",7.11,14.91,8.170101,0,rebuilt,2026-06-16,,,0.0,derived,,,,,not_computed_day,14.91
2026-06-17,PBLS,09:25:00,1,,9,,,quality filter: filter:adv_no_data,26.59,13.16,30.089243999999997,0,rebuilt,2026-06-16,,,1444686.2130403523,derived,,0.8,2431.0,,not_computed_day,13.16
2026-06-17,RGNT,09:25:00,1,,10,,,already up 377% in prior 5 days (extended),6.1,10.32,6.729519999999999,0,rebuilt,2026-06-16,,,16438994.33801993,derived,,,,,not_computed_day,10.32
2026-06-18,CAST,09:25:00,1,,1,,,already up 771% in prior 5 days (extended),5.15,130.68,11.88002,0,rebuilt,2026-06-17,,,622951261.4459997,derived,,,,0,NO_LEVEL,130.68
2026-06-18,BFLY,09:25:00,1,REAL_EP,2,,,score 10 < 50 (catalyst=routine),5.71,25.22,7.150062,0,rebuilt,2026-06-17,4440072.0,25352811.12,8650606.437489955,derived,85.188,95.6,107.0,2,BLUE_SKY_NOHOLDDATA,25.22
2026-06-18,QS,09:25:00,1,,3,,,EP cooldown — alerted within last 60 days,6.9,18.71,8.190990000000001,0,rebuilt,2026-06-17,20353672.0,140440336.8,35813746.829790406,derived,10.449,8.9,2213.0,4,CLEARED_DECISIVE_NOHOLDDATA,18.71
2026-06-18,BGDE,09:25:00,1,,4,,,already up 52% in prior 5 days (extended),9.7,18.56,11.500319999999999,0,rebuilt,2026-06-17,,,452157.3531793608,derived,,,,0,BLUE_SKY_NOHOLDDATA,18.56
2026-06-18,UUUU,09:25:00,1,,5,,,already scored earlier today,15.3,16.86,17.87958,0,rebuilt,2026-06-17,8939022.0,136767036.6,37678830.9468617,derived,14.01,2.1,2378.0,5,CLEARED_DECISIVE_NOHOLDDATA,16.86
2026-06-18,RUM,09:25:00,1,,6,,,EP cooldown — alerted within last 60 days,7.29,15.91,8.449839,0,rebuilt,2026-06-17,2717579.5,19811154.555,5283304.071953834,derived,10.823,51.3,1183.0,4,CLEARED_DECISIVE_NOHOLDDATA,15.91
2026-06-18,SWBI,09:25:00,1,,7,,,already scored earlier today,13.73,13.11,15.530003,0,rebuilt,2026-06-17,,,1548786.4618925105,derived,76.875,,,5,CLEARED_DECISIVE_NOHOLDDATA,13.11
2026-06-18,IMOS,09:25:00,1,,8,,,"pre-mkt volume 7,340 < 25,000 shares",59.0,12.25,66.2275,0,rebuilt,2026-06-17,,,520998.39973895584,derived,1.716,,,1,CLEARED_DECISIVE_NOHOLDDATA,12.25
2026-06-18,BIRD,09:25:00,1,,9,,,quality filter: filter:mcap_too_small: $48M < $500M,5.48,11.13,6.089924,0,rebuilt,2026-06-17,,,20209148.45708088,derived,,,,0,NEVER_BREACHED,11.13
2026-06-22,NXTS,09:25:00,1,,1,,,"quality filter: filter:adv_too_low: $87,304",5.08,98.65,10.09142,0,rebuilt,2026-06-18,,,151491120.28465927,derived,,,,,not_computed_day,98.65
2026-06-22,DFTX,09:25:00,1,,2,,,already scored earlier today,24.48,63.73,40.081104,0,rebuilt,2026-06-18,2039359.0,49923508.32,115615720.42818575,derived,492.258,81.3,459.0,,not_computed_day,63.73
2026-06-22,APGE,09:25:00,1,,3,,,M&A/buyout catalyst — no momentum trade,90.38,46.8,132.67784,0,rebuilt,2026-06-18,1034733.5,93519213.72999999,1031067796.7024585,derived,406.792,81.7,449.0,,not_computed_day,46.8
2026-06-22,ICCM,09:25:00,1,,4,,,already up 154% in prior 5 days (extended),5.4,28.44,6.93576,0,rebuilt,2026-06-18,,,54750923.054499306,derived,,,,,not_computed_day,28.44
2026-06-22,SSTK,09:25:00,1,,5,,,quality filter: filter:mcap_too_small: $486M < $500M,13.22,19.82,15.840204,0,rebuilt,2026-06-18,,,1770171.468493771,derived,36.28,,,,not_computed_day,19.82
2026-06-22,ORKA,09:25:00,1,,6,,,EP cooldown — alerted within last 60 days,72.34,13.77,82.301218,1,rebuilt,2026-06-18,1129574.0,81713383.16,2010885.7599702606,derived,14.966,92.6,182.0,,not_computed_day,13.77
2026-06-22,RGNX,09:25:00,1,,7,,,quality filter: filter:mcap_too_small: $403M < $500M,7.8,13.08,8.82024,0,rebuilt,2026-06-18,1501340.0,11710452.0,15210310.653671876,derived,86.132,51.4,1194.0,,not_computed_day,13.08
2026-06-22,UMC,09:25:00,1,,8,,,score 0 < 50 (catalyst=routine),24.08,12.96,27.200767999999997,1,rebuilt,2026-06-18,15908333.0,383072658.64,28641986.43129822,derived,2.046,94.0,149.0,,not_computed_day,12.96
2026-06-22,HQ,09:25:00,1,,9,,,EP cooldown — alerted within last 60 days,32.0,12.5,36.0,0,rebuilt,2026-06-18,,,2677458.13294608,derived,,,,,not_computed_day,12.5
2026-06-22,PENG,09:25:00,1,,10,,,score -5 < 50 (catalyst=routine),67.15,12.42,75.49003000000002,0,rebuilt,2026-06-18,3065421.0,205843020.15,17744500.699888512,derived,3.105,99.5,14.0,,not_computed_day,12.42
2026-06-22,BWIN,09:25:00,1,,11,,,score 36 < 50 (catalyst=routine),20.24,12.15,22.699159999999996,0,rebuilt,2026-06-18,1414255.0,28624521.2,349952.3127385554,derived,9.855,50.5,1215.0,,not_computed_day,12.15
2026-06-22,KEEL,09:25:00,1,,12,,,score 15 < 50 (catalyst=routine),6.29,10.17,6.929692999999999,0,rebuilt,2026-06-18,47798389.0,300651866.81,27641792.933569077,derived,2.408,95.6,108.0,,not_computed_day,10.17
2026-06-23,BLZE,09:25:00,1,,1,,,quality filter: filter:mcap_too_small: $487M < $500M,8.12,28.45,10.430139999999998,0,rebuilt,2026-06-22,1358053.0,11027390.36,41370500.80991038,derived,427.686,71.5,709.0,,not_computed_day,28.45
2026-06-23,ICCM,09:25:00,1,,2,,,already up 178% in prior 5 days (extended),5.93,10.02,6.524186,0,rebuilt,2026-06-22,,,33796420.050115846,derived,,,,,not_computed_day,10.02
2026-06-24,WEN,09:25:00,1,,1,,,already scored earlier today,6.255,28.88,8.061444,0,rebuilt,2026-06-23,7702783.5,48180910.7925,213317440.66226998,derived,739.281,11.5,2197.0,,not_computed_day,28.88
2026-06-24,ABSI,09:25:00,1,,2,,,already scored earlier today,7.41,19.77,8.874957,0,rebuilt,2026-06-23,5146926.5,38138725.365,36732282.547307946,derived,77.951,98.8,30.0,,not_computed_day,19.77
2026-06-24,RUN,09:25:00,1,,3,,,score 34 < 50 (catalyst=routine),12.81,18.26,15.149106000000002,0,rebuilt,2026-06-23,7938382.0,101690673.42,82313437.80175412,derived,89.945,17.5,2048.0,,not_computed_day,18.26
2026-06-24,FCEL,09:25:00,1,,4,,,already scored earlier today,21.82,14.16,24.909712,1,rebuilt,2026-06-23,9048077.5,197429051.05,53027959.17251294,derived,8.004,74.2,641.0,,not_computed_day,14.16
2026-06-24,ENRD,09:25:00,1,,5,,,quality filter: filter:adv_no_data,6.13,12.29,6.883377,0,rebuilt,2026-06-23,,,117291.34274146022,derived,,0.2,2476.0,,not_computed_day,12.29
2026-06-24,INMD,09:25:00,1,,6,,,M&A/buyout catalyst — no momentum trade,13.35,11.99,14.950664999999999,0,rebuilt,2026-06-23,,,2789668.5297477273,derived,131.902,,,,not_computed_day,11.99
2026-06-24,FISN,09:25:00,1,,7,,,quality filter: filter:adv_no_data,12.44,10.93,13.799691999999999,0,rebuilt,2026-06-23,,,555617.8383339766,derived,,0.3,2474.0,,not_computed_day,10.93
2026-06-24,PLRZ,09:25:00,1,,8,,,"quality filter: filter:adv_too_low: $419,932",11.8,10.08,12.98944,0,rebuilt,2026-06-23,,,33578.52073556432,derived,,,,,not_computed_day,10.08
2026-06-25,WYY,09:25:00,1,,1,,,quality filter: filter:mcap_too_small: $174M < $500M,17.62,45.69,25.670578000000003,0,rebuilt,2026-06-24,,,75500959.78841525,derived,,,,,not_computed_day,45.69
2026-06-25,TECH,09:25:00,1,,2,,,M&A/buyout catalyst — no momentum trade,58.875,19.41,70.3026375,0,rebuilt,2026-06-24,2588195.0,152379980.625,499854759.85328114,derived,3010.286,66.9,823.0,,not_computed_day,19.41
2026-06-25,MU,09:25:00,1,,3,,,already scored earlier today,1048.51,17.74,1234.515674,1,rebuilt,2026-06-24,53570542.0,56169248992.42,5161693738.457111,derived,1.285,81.5,461.0,,not_computed_day,17.74
2026-06-25,SNDK,09:25:00,1,,4,,,score 5 < 50 (catalyst=routine),1914.46,15.91,2219.0505860000003,1,rebuilt,2026-06-24,10228830.0,19582685881.8,1323063346.7355986,derived,1.171,90.3,242.0,,not_computed_day,15.91
2026-06-25,WAVE,09:25:00,1,,5,,,"quality filter: filter:adv_too_low: $160,241",9.02,15.85,10.449670000000001,0,rebuilt,2026-06-24,,,17959464.59710689,derived,,,,,not_computed_day,15.85
2026-06-25,JLHL,09:25:00,1,,6,,,quality filter: filter:atr_too_high: 90.9% > 15.0%,13.25,14.34,15.15005,0,rebuilt,2026-06-24,,,111859.59209256887,derived,,,,,not_computed_day,14.34
2026-06-25,MEI,09:25:00,1,,7,,,quality filter: filter:mcap_too_small: $464M < $500M,13.09,13.37,14.840133,0,rebuilt,2026-06-24,,,97609.4028696768,derived,3.878,,,,not_computed_day,13.37
2026-06-25,WDC,09:25:00,1,,8,,,score 0 < 50 (catalyst=routine),643.83,13.02,727.656666,1,rebuilt,2026-06-24,7515880.0,4838949020.400001,295385049.36800075,derived,1.684,94.2,146.0,,not_computed_day,13.02
2026-06-25,STX,09:25:00,1,,9,,,EP cooldown — alerted within last 60 days,993.25,11.14,1103.89805,1,rebuilt,2026-06-24,3409321.0,3386308083.25,164267172.4897557,derived,1.907,91.3,218.0,,not_computed_day,11.14
2026-06-25,BB,09:25:00,1,,10,,,score -12 < 50 (catalyst=routine),8.62,11.12,9.578543999999999,0,rebuilt,2026-06-24,32954710.0,284069600.2,36262308.12909924,derived,2.662,67.9,797.0,,not_computed_day,11.12
2026-06-25,KYMR,09:25:00,1,,11,,,score 30 < 50 (catalyst=strong),99.87,10.94,110.795778,0,rebuilt,2026-06-24,639436.0,63860473.32,750972.1053777805,derived,11.375,91.5,213.0,,not_computed_day,10.94
2026-06-25,WEN,09:25:00,1,,12,,,EP cooldown — alerted within last 60 days,7.86,10.68,8.699448,0,rebuilt,2026-06-24,7790437.0,61232834.82,115323401.70809092,derived,332.135,75.5,610.0,,not_computed_day,10.68
2026-06-26,SDOT,09:25:00,1,,1,,,quality filter: filter:atr_too_high: 168.9% > 15.0%,6.18,49.84,9.260112,0,rebuilt,2026-06-25,,,33100645.43921464,derived,3.338,,,,not_computed_day,49.84
2026-06-26,RUBI,09:25:00,1,,2,,,already up 2400% in prior 5 days (extended),5.975,17.15,6.999712499999999,0,rebuilt,2026-06-25,,,73618.263965911,derived,,,,,not_computed_day,17.15
2026-06-26,ACAD,09:25:00,1,,3,,,already scored earlier today,23.72,12.06,26.580632,0,rebuilt,2026-06-25,1220718.5,28955442.82,1517160.7257987193,derived,13.223,65.0,863.0,,not_computed_day,12.06
2026-06-26,FTH,09:25:00,1,,4,,,already up 70% in prior 5 days (extended),24.67,11.03,27.391101000000003,0,rebuilt,2026-06-25,,,0.0,derived,,0.2,2462.0,,not_computed_day,11.03
2026-06-26,ZSQR,09:25:00,1,,5,,,score 43 < 50 (catalyst=strong),12.2,10.66,13.50052,0,rebuilt,2026-06-25,,,0.0,derived,,,,,not_computed_day,10.66
2026-06-29,LBRDK,09:25:00,1,,1,,,score 40 < 50 (catalyst=routine),31.33,25.31,39.25962299999999,0,rebuilt,2026-06-26,1948773.5,61055073.754999995,2461826.526770947,derived,38.958,10.3,2227.0,,not_computed_day,25.31
2026-06-29,CHTR,09:25:00,1,,2,,,score 40 < 50 (catalyst=routine),133.64,24.41,166.26152399999998,0,rebuilt,2026-06-26,2751099.0,367656870.35999995,238238360.0712753,derived,392.002,10.1,2232.0,,not_computed_day,24.41
2026-06-29,LBRDA,09:25:00,1,,3,,,M&A/buyout catalyst — no momentum trade,31.31,23.92,38.799352,0,rebuilt,2026-06-26,,,837979.0433515114,derived,57.773,,,,not_computed_day,23.92
2026-06-29,CMCSA,09:25:00,1,,4,,,M&A/buyout catalyst — no momentum trade,23.17,22.73,28.436541000000002,0,rebuilt,2026-06-26,31185560.0,722569425.2,261772355.42961857,derived,120.44,9.5,2247.0,,not_computed_day,22.73
2026-06-29,QDEL,09:25:00,1,,5,,,score 48 < 50 (catalyst=routine),13.79,22.55,16.899645,0,rebuilt,2026-06-26,1505517.5,20761086.325,1171891.340266912,derived,63.829,28.5,1776.0,,not_computed_day,22.55
2026-06-29,IRDM,09:25:00,1,,6,,,M&A/buyout catalyst — no momentum trade,43.52,19.99,52.219648,0,rebuilt,2026-06-26,2691128.5,117117912.32000001,23249123.6542995,derived,20.094,56.6,1077.0,,not_computed_day,19.99
2026-06-29,POCI,09:25:00,1,,7,,,"quality filter: filter:adv_too_low: $183,749",5.29,17.39,6.209931,0,rebuilt,2026-06-26,,,3243.122805230524,derived,,,,,not_computed_day,17.39
2026-06-29,RGC,09:25:00,1,,8,,,quality filter: filter:atr_too_high: 36.5% > 15.0%,6.48,14.35,7.40988,0,rebuilt,2026-06-26,,,154939.4656867107,derived,,,,,not_computed_day,14.35
2026-06-29,QH,09:25:00,1,,9,,,quality filter: filter:atr_too_high: 39.2% > 15.0%,5.51,11.07,6.119957,0,rebuilt,2026-06-26,,,9138977.155314527,derived,,,,,not_computed_day,11.07
2026-06-29,FUL,09:25:00,1,,10,,,M&A/buyout catalyst — no momentum trade,63.25,10.67,69.998775,0,rebuilt,2026-06-26,715558.5,45259075.125,0.0,derived,0.166,43.4,1406.0,,not_computed_day,10.67
2026-06-29,CCXI,09:25:00,1,,11,,,"quality filter: filter:adv_too_low: $43,565",13.86,10.53,15.319458,0,rebuilt,2026-06-26,,,15739286.9805171,derived,,,,,not_computed_day,10.53
2026-06-30,ABVX,09:25:00,1,,1,,,EP cooldown — alerted within last 60 days,96.15,36.25,131.004375,0,rebuilt,2026-06-29,1780086.5,171155316.97500002,127994016.81473169,derived,3.995,8.1,2302.0,,not_computed_day,36.25
2026-06-30,AVAV,09:25:00,1,,2,,,already scored earlier today,139.0,28.76,178.9764,0,rebuilt,2026-06-29,1087081.0,151104259.0,134252858.717099,derived,50.963,1.2,2476.0,,not_computed_day,28.76
2026-06-30,PAVS,09:25:00,1,,3,,,quality filter: filter:atr_too_high: 3163.8% > 15.0%,6.15,27.97,7.8701550000000005,0,rebuilt,2026-06-29,,,25428976.65493146,derived,,,,,not_computed_day,27.97
2026-06-30,CAST,09:25:00,1,,4,,,quality filter: filter:atr_too_high: 36.6% > 15.0%,5.6,12.86,6.32016,0,rebuilt,2026-06-29,,,24696376.927741807,derived,,,,,not_computed_day,12.86
2026-06-30,ENPH,09:25:00,1,,5,,,score 28 < 50 (catalyst=routine),48.34,11.11,53.710574,0,rebuilt,2026-06-29,6439701.5,311295170.51000005,57528274.717206046,derived,15.022,40.0,1503.0,,not_computed_day,11.11
2026-06-30,UBXG,09:25:00,1,,6,,,quality filter: filter:atr_too_high: 32.1% > 15.0%,7.5,10.53,8.28975,0,rebuilt,2026-06-29,,,0.0,derived,,,,,not_computed_day,10.53
2026-07-01,CEPO,09:25:00,1,,1,,,"quality filter: filter:adv_too_low: $759,309",8.83,18.69,10.480327,0,rebuilt,2026-06-30,,,227511.3030534193,derived,,,,,not_computed_day,18.69
2026-07-01,RAAQ,09:25:00,1,,2,,,quality filter: filter:mcap_too_small: $248M < $500M,10.8,12.41,12.140280000000002,0,rebuilt,2026-06-30,,,3795189.6055542817,derived,,,,,not_computed_day,12.41
2026-07-01,SDOT,09:25:00,1,,3,,,"filter:pm_rvol_too_low: pm_rvol=0.10x (today 131,054 / baseline 1,314,849 n=20) ",35.09,11.17,39.009553000000004,0,rebuilt,2026-06-30,1016636.0,35673757.24,5303577.250774537,derived,0.1,76.2,602.0,,not_computed_day,11.17
2026-07-01,KLAR,09:25:00,1,,4,,,EP cooldown — alerted within last 60 days,20.24,10.28,22.320672,0,rebuilt,2026-06-30,4956870.0,100327048.8,19286100.19362484,derived,27.988,93.5,166.0,,not_computed_day,10.28
2026-07-02,WCC,09:25:00,1,,1,,,filter:pm_rvol_too_low: pm_rvol=0.55x (today 423 / baseline 763 n=20) < 1.0x,320.71,14.62,367.59780199999994,0,rebuilt,2026-07-01,519519.5,166615098.845,0.0,derived,0.554,36.9,1587.0,,not_computed_day,14.62
2026-07-02,NEXA,09:25:00,1,,2,,,score 24 < 50 (catalyst=routine),12.04,11.96,13.479983999999998,0,rebuilt,2026-07-01,,,738764.9836143958,derived,5.333,,,,not_computed_day,11.96
2026-07-02,HQ,09:25:00,1,,3,,,"filter:pm_rvol_too_low: pm_rvol=0.20x (today 2,561 / baseline 13,087 n=21) < 1.0",27.03,11.87,30.238461,0,rebuilt,2026-07-01,654639.0,17694892.17,0.0,derived,0.196,100.0,2.0,,not_computed_day,11.87
2026-07-02,TENX,09:25:00,1,,4,,,quality filter: filter:mcap_too_small: $353M < $500M,13.29,11.38,14.802401999999997,0,rebuilt,2026-07-01,877397.5,11660612.774999999,3232830.0048034857,derived,69.178,74.9,632.0,,not_computed_day,11.38
2026-07-02,MYE,09:25:00,1,,5,,,filter:pm_rvol_too_low: pm_rvol=0.67x (today 265 / baseline 396 n=11) < 1.0x,34.08,10.12,37.528895999999996,0,rebuilt,2026-07-01,414565.5,14128392.24,0.0,derived,0.669,97.7,59.0,,not_computed_day,10.12
2026-07-02,SDOT,09:25:00,1,,6,,,"filter:pm_rvol_too_low: pm_rvol=0.22x (today 279,628 / baseline 1,261,143 n=21) ",72.0,10.06,79.2432,0,rebuilt,2026-07-01,1488397.0,107164584.0,21926915.888455197,derived,0.222,99.4,17.0,,not_computed_day,10.06
2026-07-06,JLHL,09:25:00,1,,1,,,quality filter: filter:atr_too_high: 100.5% > 15.0%,7.33,29.47,9.490151,0,rebuilt,2026-07-02,,,14161083.271215789,derived,,,,,not_computed_day,29.47
2026-07-06,BGDE,09:25:00,1,,2,,,quality filter: filter:atr_too_high: 17.7% > 15.0%,7.45,20.81,9.000345,0,rebuilt,2026-07-02,,,271297.26238552545,derived,,,,,not_computed_day,20.81
2026-07-06,SDOT,09:25:00,1,,3,,,"filter:pm_rvol_too_low: pm_rvol=0.14x (today 163,862 / baseline 1,160,598 n=22) ",50.55,18.5,59.90175,0,rebuilt,2026-07-02,1857111.0,93876961.05,10355612.687413745,derived,0.141,95.5,114.0,,not_computed_day,18.5
2026-07-06,WULF,09:25:00,1,,4,,,already scored earlier today,21.18,16.81,24.740357999999997,0,rebuilt,2026-07-02,26144109.0,553732228.62,146370016.25984192,derived,21.218,27.8,1807.0,,not_computed_day,16.81
2026-07-07,CRNX,09:25:00,1,,1,,,M&A/buyout catalyst — no momentum trade,42.03,98.81,83.559843,0,rebuilt,2026-07-06,993833.0,41770800.99,2267552403.369664,derived,6690.241,68.7,790.0,,not_computed_day,98.81
2026-07-07,CLRO,09:25:00,1,,2,,,already up 117% in prior 5 days (extended),7.0,20.14,8.4098,0,rebuilt,2026-07-06,,,36448333.51190333,derived,,,,,not_computed_day,20.14
2026-07-07,DOCN,09:25:00,1,,3,,,already scored earlier today,131.37,13.42,148.999854,0,rebuilt,2026-07-06,2820168.0,370485470.16,9859380.184889408,derived,7.299,55.2,1131.0,,not_computed_day,13.42
2026-07-07,AMPG,09:25:00,1,,4,,,quality filter: filter:atr_too_high: 18.4% > 15.0%,5.92,12.85,6.68072,0,rebuilt,2026-07-06,4182366.0,24759606.72,19008799.271038238,derived,12.327,64.9,887.0,,not_computed_day,12.85
2026-07-08,BZH,09:25:00,1,,1,,,EP cooldown — alerted within last 60 days,27.42,14.33,31.349286000000003,0,rebuilt,2026-07-07,395892.5,10855372.350000001,2651524.9115735767,derived,187.477,72.9,680.0,,not_computed_day,14.33
2026-07-08,MSLE,09:25:00,1,,2,,,"quality filter: filter:adv_too_low: $233,983",8.21,10.72,9.090112000000001,0,rebuilt,2026-07-07,,,749886.9098548166,derived,,,,,not_computed_day,10.72
2026-07-08,BBOT,09:25:00,1,,3,,,score 43 < 50 (catalyst=strong),8.29,10.49,9.159621,0,rebuilt,2026-07-07,,,36594.86531589394,derived,,,,,not_computed_day,10.49
2026-07-08,KC,09:25:00,1,,4,,,score 38 < 50 (catalyst=strong),9.44,10.38,10.419872,0,rebuilt,2026-07-07,1311815.0,12383533.6,2034159.819982009,derived,5.892,3.2,2429.0,,not_computed_day,10.38
2026-07-09,SDOT,09:25:00,1,,1,,,quality filter: filter:atr_too_high: 101.2% > 15.0%,20.31,22.65,24.910214999999997,0,rebuilt,2026-07-08,1016636.0,20647877.16,13791135.985201621,derived,1.711,75.1,623.0,,not_computed_day,22.65
2026-07-09,SMPL,09:25:00,1,,2,,,score 35 < 50 (catalyst=routine),12.84,18.38,15.199992,0,rebuilt,2026-07-08,1815298.0,23308426.32,2744795.353800018,derived,417.028,40.4,1492.0,,not_computed_day,18.38
2026-07-09,ALNY,09:25:00,1,,3,,,score 28 < 50 (catalyst=routine),323.5,17.54,380.2419,0,rebuilt,2026-07-08,1213087.0,392433644.5,159878984.63437307,derived,221.852,73.0,675.0,,not_computed_day,17.54
2026-07-09,AEHR,09:25:00,1,,4,,,EP cooldown — alerted within last 60 days,67.89,15.92,78.698088,0,rebuilt,2026-07-08,1492059.0,101295885.51,25690742.617069665,derived,8.111,22.4,1940.0,,not_computed_day,15.92
2026-07-09,AP,09:25:00,1,,5,,,quality filter: filter:mcap_too_small: $146M < $500M,7.17,11.91,8.023947,0,rebuilt,2026-07-08,,,844967.4482399047,derived,,,,,not_computed_day,11.91
2026-07-09,ENVX,09:25:00,1,,6,,,M&A/buyout catalyst — no momentum trade,5.125,11.41,5.7097625,0,rebuilt,2026-07-08,4828725.0,24747215.625,8178223.6793920575,derived,21.561,8.8,2280.0,,not_computed_day,11.41
2026-07-09,AIBZ,09:25:00,1,,7,,,quality filter: filter:atr_too_high: 15.2% > 15.0%,7.07,11.03,7.849821,0,rebuilt,2026-07-08,,,630602.7524664922,derived,,,,,not_computed_day,11.03
2026-07-10,JLHL,09:25:00,1,,1,,,already up 318% in prior 5 days (extended),12.79,22.05,15.610194999999997,0,rebuilt,2026-07-09,,,47864326.62955468,derived,,,,,not_computed_day,22.05
2026-07-10,WDFC,09:25:00,1,,2,,,already scored earlier today,239.42,16.32,278.493344,0,rebuilt,2026-07-09,132372.0,31692504.24,5221961.115033362,derived,21.029,64.5,890.0,,not_computed_day,16.32
2026-07-10,VOD,09:25:00,1,,3,,,score 30 < 50 (catalyst=strong),13.08,13.07,14.789556000000001,0,rebuilt,2026-07-09,3522995.0,46080774.6,6505386.955778484,derived,15.397,7.7,2312.0,,not_computed_day,13.07
2026-07-10,CRCL,09:25:00,1,,4,,,already scored earlier today,63.01,12.9,71.13829,0,rebuilt,2026-07-09,10707391.0,674672706.91,445524107.44701606,derived,10.289,0.9,2481.0,,not_computed_day,12.9
2026-07-10,CUE,09:25:00,1,,5,,,"filter:pm_rvol_too_low: pm_rvol=0.03x (today 9,274 / baseline 352,658 n=21) < 1.",36.51,12.3,41.00073,0,rebuilt,2026-07-09,,,379060.2442463568,derived,0.026,,,,not_computed_day,12.3
2026-07-10,PNTG,09:25:00,1,,6,,,"routine catalyst, gap 11.2%",40.46,11.22,44.999612000000006,0,rebuilt,2026-07-09,315462.0,12763592.52,0.0,derived,0.032,89.1,275.0,,not_computed_day,11.22
2026-07-10,CCC,09:25:00,1,,7,,,M&A/buyout catalyst — no momentum trade,5.38,10.59,5.9497420000000005,0,rebuilt,2026-07-09,7880893.0,42399204.339999996,611078.6468817879,derived,8.352,61.7,959.0,,not_computed_day,10.59
2026-07-10,EQPT,09:25:00,1,,8,,,score 30 < 50 (catalyst=routine),16.0,10.31,17.6496,0,rebuilt,2026-07-09,2529214.0,40467424.0,4175341.891852415,derived,68.399,1.0,2478.0,,not_computed_day,10.31
2026-07-13,QTTB,09:25:00,1,BAD_CHART,1,,,quality filter: filter:mcap_too_small: $190M < $500M,11.21,65.97,18.605237000000002,0,rebuilt,2026-07-10,,,145320660.24929038,derived,30.768,,,,not_computed_day,65.97
2026-07-14,UBXG,09:25:00,1,,1,,,already up 57% in prior 5 days (extended),6.3,54.13,9.71019,0,rebuilt,2026-07-13,,,11401459.219253398,derived,,,,,not_computed_day,54.13
2026-07-14,TSEM,09:25:00,1,,2,,,already scored earlier today,229.68,20.0,275.616,0,rebuilt,2026-07-13,1600649.0,367637062.32,68069586.46850392,derived,8.357,37.9,1553.0,,not_computed_day,20.0
2026-07-14,CLSK,09:25:00,1,,3,,,already scored earlier today,12.36,19.09,14.719524,0,rebuilt,2026-07-13,18721009.0,231391671.23999998,92380230.47082594,derived,20.096,20.0,1999.0,,not_computed_day,19.09
2026-07-14,JEM,09:25:00,1,,4,,,already up 1100% in prior 5 days (extended),6.0396,14.25,6.900243000000001,0,rebuilt,2026-07-13,,,24475.036334852342,derived,,,,,not_computed_day,14.25
2026-07-14,LVLU,09:25:00,1,,5,,,"quality filter: filter:adv_too_low: $68,429",8.32,11.61,9.285952000000002,0,rebuilt,2026-07-13,,,593848.1354746368,derived,,,,,not_computed_day,11.61
2026-07-14,SMTC,09:25:00,1,,6,,,"routine catalyst, gap 10.5%",132.15,10.5,146.02575000000002,0,rebuilt,2026-07-13,2996593.0,395999764.95,14880624.53464126,derived,3.98,32.7,1684.0,,not_computed_day,10.5
2026-07-14,FCEL,09:25:00,1,,7,,,"filter:pm_rvol_too_low: pm_rvol=0.85x (today 489,691 / baseline 576,607 n=19) < ",19.08,10.01,20.989908,0,rebuilt,2026-07-13,12317092.0,235010115.35999998,9221618.205187973,derived,0.849,60.4,990.0,,not_computed_day,10.01
2026-07-15,ELVA,09:25:00,1,,1,,,quality filter: filter:mcap_too_small: $391M < $500M,7.89,56.28,12.330492,0,rebuilt,2026-07-14,,,35178559.835836396,derived,606.213,,,,not_computed_day,56.28
2026-07-15,AEHR,09:25:00,1,,2,,,already scored earlier today,72.01,34.78,97.055078,0,rebuilt,2026-07-14,1470779.5,105910831.795,52184298.526506215,derived,9.61,21.8,1954.0,,not_computed_day,34.78
2026-07-15,PYPL,09:25:00,1,,3,,,M&A/buyout catalyst — no momentum trade,47.37,19.04,56.389247999999995,0,rebuilt,2026-07-14,13249232.0,627616119.8399999,849113831.5528493,derived,64.563,70.4,741.0,,not_computed_day,19.04
2026-07-15,TRT,09:25:00,1,,4,,,quality filter: filter:mcap_too_small: $104M < $500M,10.26,18.81,12.189905999999999,0,rebuilt,2026-07-14,,,935817.7255624421,derived,1.854,,,,not_computed_day,18.81
2026-07-15,JLHL,09:25:00,1,,5,,,already up 158% in prior 5 days (extended),7.9,13.31,8.95149,0,rebuilt,2026-07-14,,,19386226.974774614,derived,,,,,not_computed_day,13.31
2026-07-15,PRG,09:25:00,1,,6,,,already scored earlier today,45.21,10.55,49.979655,0,rebuilt,2026-07-14,504872.0,22825263.12,0.0,derived,0.431,95.4,116.0,,not_computed_day,10.55
2026-07-16,VEEE,09:25:00,1,,1,,,already up 479% in prior 5 days (extended),26.59,38.75,36.893625,0,rebuilt,2026-07-15,,,79102703.78275141,derived,17.303,,,,not_computed_day,38.75
2026-07-16,ATAI,09:25:00,1,,2,,,M&A/buyout catalyst — no momentum trade,5.36,33.4,7.150240000000001,0,rebuilt,2026-07-15,7995456.0,42855644.160000004,163459844.4129807,derived,480.885,95.8,105.0,,not_computed_day,33.4
2026-07-16,CDNA,09:25:00,1,GOOD_CHART,3,,,score 10 < 50 (catalyst=routine),29.75,18.18,35.15855,0,rebuilt,2026-07-15,733869.0,21832602.75,5066858.019273673,derived,71.048,95.7,107.0,,not_computed_day,18.18
2026-07-16,MAN,09:25:00,1,GOOD_CHART,4,,,score 25 < 50 (catalyst=routine),39.02,17.12,45.700224000000006,0,rebuilt,2026-07-15,1046950.0,40851989.0,1018855.7622395658,derived,66.805,97.5,62.0,,not_computed_day,17.12
2026-07-16,GHRS,09:25:00,1,,5,,,score 5 < 50 (catalyst=routine),26.92,11.44,29.999648000000004,0,rebuilt,2026-07-15,,,1288171.7736307436,derived,30.904,,,,not_computed_day,11.44
2026-07-17,SDOT,09:25:00,1,,1,,,quality filter: filter:atr_too_high: 146.6% > 15.0%,14.25,53.01,21.803925,0,rebuilt,2026-07-16,762924.0,10871667.0,129604049.03443858,derived,18.626,100.0,1.0,,not_computed_day,53.01
2026-07-17,JLHL,09:25:00,1,,2,,,already up 176% in prior 5 days (extended),8.44,16.71,9.850324,0,rebuilt,2026-07-16,,,16299743.704974174,derived,,,,,not_computed_day,16.71
2026-07-17,VEEE,09:25:00,1,,3,,,already up 688% in prior 5 days (extended),36.18,10.7,40.05126,0,rebuilt,2026-07-16,,,43262064.87047951,derived,8.716,,,,not_computed_day,10.7
2026-07-20,SDOT,09:25:00,1,,1,,,already up 78% in prior 5 days (extended),25.3,28.7,32.561099999999996,0,rebuilt,2026-07-17,852180.0,21560154.0,62188372.994957685,derived,6.072,78.4,532.0,,not_computed_day,28.7
2026-07-20,ADVB,09:25:00,1,,2,,,"quality filter: filter:adv_too_low: $61,575",5.03,27.83,6.429849,0,rebuilt,2026-07-17,,,35506804.06532155,derived,,,,,not_computed_day,27.83
2026-07-20,HUT,09:25:00,1,,3,,,already scored earlier today,91.45,13.71,103.987795,0,rebuilt,2026-07-17,3917147.0,358223093.15000004,47453898.07293576,derived,15.53,25.9,1819.0,,not_computed_day,13.71
2026-07-21,UTZ,09:25:00,1,,1,,,M&A/buyout catalyst — no momentum trade,7.45,88.72,14.05964,0,rebuilt,2026-07-20,1888058.0,14066032.1,328282604.2498621,derived,8815.266,22.2,1911.0,,not_computed_day,88.72
2026-07-21,FWRD,09:25:00,1,,2,,,quality filter: filter:mcap_too_small: $417M < $500M,13.2,16.93,15.434759999999999,0,rebuilt,2026-07-20,,,833963.8785355354,derived,4.701,,,,not_computed_day,16.93
2026-07-21,RPT,09:25:00,1,,3,,,"quality filter: filter:adv_too_low: $859,672",10.63,14.77,12.200051,0,rebuilt,2026-07-20,,,1217194.377382994,derived,,,,,not_computed_day,14.77
2026-07-21,AKTX,09:25:00,1,,4,,,"quality filter: filter:adv_too_low: $804,934",10.66,10.69,11.799554,0,rebuilt,2026-07-20,,,40721.94380928359,derived,,,,,not_computed_day,10.69
2026-07-21,BGDE,09:25:00,1,,5,,,"quality filter: filter:adv_too_low: $823,485",5.7,10.66,6.30762,0,rebuilt,2026-07-20,,,0.0,derived,,,,,not_computed_day,10.66
2026-07-22,ADVB,09:25:00,1,,1,,,"quality filter: filter:adv_too_low: $64,341",7.08,22.74,8.689992,0,rebuilt,2026-07-21,,,35563878.81158107,derived,,,,,not_computed_day,22.74
2026-07-22,ARWR,09:25:00,1,,2,,,already scored earlier today,74.52,18.6,88.38072,0,rebuilt,2026-07-21,1975591.0,147221041.32,29948042.670671094,derived,156.679,36.1,1569.0,,not_computed_day,18.6
2026-07-22,OTLY,09:25:00,1,,3,,,"quality filter: filter:adv_too_low: $545,992",9.05,13.98,10.31519,0,rebuilt,2026-07-21,,,126355.84408257698,derived,,,,,not_computed_day,13.98
2026-07-22,SMCI,09:25:00,1,,4,,,already scored earlier today,25.5,12.43,28.66965,0,rebuilt,2026-07-21,38672900.0,986158950.0,268579371.38906026,derived,6.457,3.4,2373.0,,not_computed_day,12.43
2026-07-23,ADVB,09:25:00,1,,1,,,already up 150% in prior 5 days (extended),12.25,27.35,15.600375000000001,0,rebuilt,2026-07-22,,,33002027.636001203,derived,,,,,not_computed_day,27.35
2026-07-23,NVEC,09:25:00,1,,2,,,quality filter: filter:mcap_too_small: $419M < $500M,86.68,19.0,103.14920000000001,0,rebuilt,2026-07-22,247871.0,21485458.28,1163012.91779336,derived,14.473,30.9,1688.0,,not_computed_day,19.0
2026-07-23,MEDP,09:25:00,1,,3,,,score 25 < 50 (catalyst=routine),528.12,18.92,628.040304,0,rebuilt,2026-07-22,324048.5,171136493.82,2210793.602657947,derived,8.256,64.9,858.0,,not_computed_day,18.92
2026-07-23,RELL,09:25:00,1,,4,,,quality filter: filter:mcap_too_small: $262M < $500M,18.01,16.05,20.900605000000002,0,rebuilt,2026-07-22,,,665357.5284108948,derived,,,,,not_computed_day,16.05
2026-07-23,NVCR,09:25:00,1,,5,,,already scored earlier today,15.57,14.0,17.749800000000004,0,rebuilt,2026-07-22,1182231.0,18407336.67,788526.1609223891,derived,8.196,38.7,1497.0,,not_computed_day,14.0
2026-07-23,CLF,09:25:00,1,,6,,,already scored earlier today,9.45,11.53,10.539584999999999,0,rebuilt,2026-07-22,18295917.5,172896420.375,21413981.8995638,derived,30.504,37.7,1521.0,,not_computed_day,11.53
2026-07-23,TRAX,09:25:00,1,,7,,,"filter:pm_rvol_too_low: pm_rvol=0.80x (today 2,014 / baseline 2,522 n=12) < 1.0x",38.17,10.03,41.998451,0,rebuilt,2026-07-22,587031.0,22406973.27,0.0,derived,0.799,100.0,2.0,,not_computed_day,10.03
2026-07-24,SAFT,09:25:00,1,,1,,,M&A/buyout catalyst — no momentum trade,72.94,41.21,102.998574,0,rebuilt,2026-07-23,,,3942112.2115683705,derived,,,,,not_computed_day,41.21
2026-07-24,ADVB,09:25:00,1,BAD_CHART,2,,,already up 242% in prior 5 days (extended),16.78,33.55,22.40969,0,rebuilt,2026-07-23,,,31545637.36443232,derived,,,,,not_computed_day,33.55
2026-07-24,AKAN,09:25:00,1,,3,,,"filter:pm_rvol_too_low: pm_rvol=0.96x (today 494,487 / baseline 513,294 n=22) < ",8.07,18.71,9.579897,0,rebuilt,2026-07-23,,,4737316.7952219555,derived,0.963,,,,not_computed_day,18.71
2026-07-24,SKYQ,09:25:00,1,,4,,,already up 66% in prior 5 days (extended),5.64,18.16,6.664224,0,rebuilt,2026-07-23,7008121.0,39525802.44,48811963.18596508,derived,1.396,99.6,11.0,,not_computed_day,18.16
2026-07-24,THC,09:25:00,1,,5,,,already scored earlier today,199.02,16.08,231.02241600000002,0,rebuilt,2026-07-23,1111993.5,221308946.37,5731684.159675778,derived,10.194,44.2,1356.0,,not_computed_day,16.08
2026-07-24,PN,09:25:00,1,,6,,,already up 151% in prior 5 days (extended),9.44,13.45,10.70968,0,rebuilt,2026-07-23,,,8766366.123173421,derived,,,,,not_computed_day,13.45
2026-07-24,AMKR,09:25:00,1,,7,,,score 46 < 50 (catalyst=strong),65.33,11.13,72.60122899999999,0,rebuilt,2026-07-23,4523825.0,295541487.25,23951644.749194037,derived,3.834,42.1,1407.0,,not_computed_day,11.13
2026-07-27,FBRX,09:25:00,1,,1,,,M&A/buyout catalyst — no momentum trade,54.78,39.52,76.429056,0,rebuilt,2026-07-24,592874.5,32477665.11,335166594.5254716,derived,154.283,99.9,4.0,,not_computed_day,39.52
2026-07-27,TRAX,09:25:00,1,,2,,,score 5 < 50 (catalyst=routine),35.52,26.77,45.028704000000005,0,rebuilt,2026-07-24,587031.0,20851341.12,13633224.081613364,derived,133.291,100.0,2.0,,not_computed_day,26.77
2026-07-27,AGPU,09:25:00,1,,3,,,quality filter: filter:mcap_too_small: $78M < $500M,6.85,22.04,8.359739999999999,0,rebuilt,2026-07-24,,,5213038.37819155,derived,,,,,not_computed_day,22.04
2026-07-27,VEEE,09:25:00,1,,4,,,quality filter: filter:atr_too_high: 86.3% > 15.0%,12.97,17.81,15.279957,0,rebuilt,2026-07-24,,,8074325.541802003,derived,4.248,,,,not_computed_day,17.81
2026-07-27,PN,09:25:00,1,,5,,,already up 98% in prior 5 days (extended),7.98,16.54,9.299892,0,rebuilt,2026-07-24,,,138565.8423808199,derived,,,,,not_computed_day,16.54
2026-07-27,OMER,09:25:00,1,OKISH_CHART,6,,,score 23 < 50 (catalyst=routine),9.79,14.4,11.19976,0,rebuilt,2026-07-24,1232818.0,12069288.219999999,1115844.0467015458,derived,2.128,33.7,1605.0,,not_computed_day,14.4
2026-07-27,PLRZ,09:25:00,1,,7,,,"quality filter: filter:adv_too_low: $341,872",14.68,12.26,16.479768,0,rebuilt,2026-07-24,,,480686.26554193953,derived,,,,,not_computed_day,12.26
2026-07-27,PNW,09:25:00,1,,8,,,"routine catalyst, gap 10.6%",106.06,10.55,117.24933,0,rebuilt,2026-07-24,1132629.0,120126631.74000001,1508006.562399551,derived,22.146,34.8,1579.0,,not_computed_day,10.55
2026-07-27,BNAI,09:25:00,1,,9,,,"filter:pm_rvol_too_low: pm_rvol=0.38x (today 39,477 / baseline 104,481 n=20) < 1",11.16,10.04,12.280464,0,rebuilt,2026-07-24,,,470508.8477674403,derived,0.378,,,,not_computed_day,10.04
2026-07-27,KZIA,09:25:00,1,,10,,,quality filter: filter:mcap_too_small: $140M < $500M,12.26,10.03,13.489678,0,rebuilt,2026-07-24,,,103016.52021999683,derived,,,,,not_computed_day,10.03
2026-07-28,DFNS,09:25:00,1,,1,,,already up 236% in prior 5 days (extended),13.1,52.67,19.999769999999998,0,rebuilt,2026-07-27,,,178129538.81136045,derived,,,,,not_computed_day,52.67
2026-07-28,FIRY,09:25:00,1,,2,,,"quality filter: filter:adv_too_low: $806,620",8.36,48.68,12.429648,0,rebuilt,2026-07-27,,,78181833.56762983,derived,,,,,not_computed_day,48.68
2026-07-28,PMN,09:25:00,1,,3,,,quality filter: filter:mcap_too_small: $105M < $500M,11.72,20.73,14.149556,0,rebuilt,2026-07-27,,,4732570.069117537,derived,,,,,not_computed_day,20.73
2026-07-28,IQV,09:25:00,1,,4,,,score 0 < 50 (catalyst=routine),213.22,10.21,234.989762,0,rebuilt,2026-07-27,1121326.0,239089129.72,9509496.318536155,derived,22.594,89.7,249.0,,not_computed_day,10.21
2026-07-29,DFNS,09:25:00,1,,1,,,already up 515% in prior 5 days (extended),24.0,48.16,35.5584,0,rebuilt,2026-07-28,,,137130541.28687724,derived,,,,,not_computed_day,48.16
2026-07-29,INVX,09:25:00,1,,2,,,"pre-mkt volume 180 < 25,000 shares",25.62,30.09,33.329058,0,rebuilt,2026-07-28,,,0.0,derived,0.136,,,,not_computed_day,30.09
2026-07-29,PN,09:25:00,1,,3,,,already up 126% in prior 5 days (extended),9.12,22.81,11.200271999999998,0,rebuilt,2026-07-28,,,430277.87637384696,derived,,,,,not_computed_day,22.81
2026-07-29,CBZ,09:25:00,1,,4,,,score 18 < 50 (catalyst=routine),46.7,16.4,54.3588,1,rebuilt,2026-07-28,719875.0,33618162.5,11599101.523385145,derived,456.691,99.5,12.0,,not_computed_day,16.4
2026-07-29,SILC,09:25:00,1,,5,,,quality filter: filter:mcap_too_small: $219M < $500M,38.02,14.94,43.700188000000004,0,rebuilt,2026-07-28,,,321043.71108016034,derived,4.919,,,,not_computed_day,14.94
2026-07-29,AVTR,09:25:00,1,,6,,,score -10 < 50 (catalyst=routine),12.42,14.5,14.2209,0,rebuilt,2026-07-28,9382257.0,116527631.94,21230705.767411977,derived,111.129,99.2,20.0,,not_computed_day,14.5
2026-07-29,TER,09:25:00,1,,7,,,already scored earlier today,320.65,14.12,365.92578,0,rebuilt,2026-07-28,3516490.0,1127562518.5,139766082.7468943,derived,5.925,11.9,2133.0,,not_computed_day,14.12
2026-07-29,RCKY,09:25:00,1,,8,,,quality filter: filter:mcap_too_small: $322M < $500M,42.73,13.81,48.631013,0,rebuilt,2026-07-28,,,296229.852223995,derived,,,,,not_computed_day,13.81
2026-07-29,NEO,09:25:00,1,,9,,,"filter:pm_rvol_too_low: pm_rvol=0.23x (today 7,568 / baseline 33,202 n=19) < 1.0",13.4,13.58,15.219719999999999,0,rebuilt,2026-07-28,2177893.0,29183766.2,0.0,derived,0.228,71.8,683.0,,not_computed_day,13.58
2026-07-29,BRAI,09:25:00,1,,10,,,"quality filter: filter:adv_too_low: $454,862",5.795,13.03,6.5500885,0,rebuilt,2026-07-28,,,492982.1924721324,derived,,,,,not_computed_day,13.03
2026-07-29,MANH,09:25:00,1,,11,,,score 25 < 50 (catalyst=routine),168.17,12.39,189.00626299999996,1,rebuilt,2026-07-28,669945.0,112664650.64999999,2883500.8628458977,derived,14.299,87.7,298.0,,not_computed_day,12.39
2026-07-29,LFUS,09:25:00,1,,12,,,score 20 < 50 (catalyst=routine),392.05,10.96,435.01867999999996,0,rebuilt,2026-07-28,340800.0,133610640.0,0.0,derived,2.636,20.2,1932.0,,not_computed_day,10.96
2026-07-29,BE,09:25:00,1,,13,,,quality filter: filter:atr_too_high: 15.1% > 15.0%,166.84,10.67,184.641828,0,rebuilt,2026-07-28,14779186.0,2465759392.2400002,464428951.02374434,derived,6.517,9.2,2197.0,,not_computed_day,10.67
2026-07-29,ANIK,09:25:00,1,,14,,,"quality filter: filter:adv_too_low: $858,542",15.15,10.56,16.74984,0,rebuilt,2026-07-28,,,9955.64473191689,derived,,,,,not_computed_day,10.56
2026-07-29,GNRC,09:25:00,1,,15,,,score 23 < 50 (catalyst=routine),195.6,10.03,215.21868,0,rebuilt,2026-07-28,855058.0,167249344.79999998,11477687.01615106,derived,22.846,4.6,2308.0,,not_computed_day,10.03
2026-07-30,PN,09:25:00,1,,1,,,already up 166% in prior 5 days (extended),10.72,80.69,19.369968,0,rebuilt,2026-07-29,,,39970165.58162087,derived,,,,6,CLEARED_DECISIVE_NOHOLDDATA,80.69
2026-07-30,DFNS,09:25:00,1,,2,,,already up 1188% in prior 5 days (extended),50.22,76.22,88.49768399999999,0,rebuilt,2026-07-29,229503.5,11525665.77,183098709.9815801,derived,1.496,52.7,1137.0,4,CLEARED_DECISIVE_NOHOLDDATA,76.22
2026-07-30,MKTX,09:25:00,1,,3,,,score 38 < 50 (catalyst=routine),125.73,29.76,163.14724800000002,0,rebuilt,2026-07-29,469460.0,59025205.800000004,73969856.65815859,derived,1692.416,36.4,1530.0,2,CLEARED_DECISIVE_NOHOLDDATA,29.76
2026-07-30,CMCO,09:25:00,1,,4,,,quality filter: filter:mcap_too_small: $422M < $500M,14.62,29.62,18.950444,0,rebuilt,2026-07-29,,,344897.08822852024,derived,16.536,,,5,CLEARED_DECISIVE_NOHOLDDATA,29.62
2026-07-30,BOOM,09:25:00,1,,5,,,"quality filter: filter:adv_too_low: $974,955",5.42,25.26,6.789091999999999,0,rebuilt,2026-07-29,,,813612.8274461161,derived,,,,7,CLEARED_DECISIVE_NOHOLDDATA,25.26
2026-07-30,SMHI,09:25:00,1,,6,,,"quality filter: filter:adv_too_low: $854,407",7.72,23.06,9.500231999999999,0,rebuilt,2026-07-29,,,104222.41651585865,derived,,,,2,BLUE_SKY_NOHOLDDATA,23.06
2026-07-30,FORM,09:25:00,1,,7,,,"pre-mkt volume 20,926 < 25,000 shares",83.45,21.03,100.999535,0,rebuilt,2026-07-29,1346630.0,112376273.5,1711303.5361150154,derived,2.548,2.7,2340.0,0,NEVER_BREACHED,21.03
2026-07-30,SIMO,09:25:00,1,,8,,,already scored earlier today,209.68,20.66,252.999888,0,rebuilt,2026-07-29,701561.5,147103415.32,6581488.05515537,derived,4.412,25.5,1793.0,0,NEVER_BREACHED,20.66
2026-07-30,PRCH,09:25:00,1,,9,,,score 28 < 50 (catalyst=routine),12.36,19.34,14.750423999999999,0,rebuilt,2026-07-29,1584602.0,19585680.72,850560.5064725757,derived,33.169,60.8,943.0,3,CLEARED_DECISIVE_NOHOLDDATA,19.34
2026-07-30,TAL,09:25:00,1,,10,,,score 20 < 50 (catalyst=routine),10.89,16.16,12.649824,0,rebuilt,2026-07-29,2785350.5,30332466.945,9747041.342958057,derived,337.82,60.9,942.0,8,CLEARED_DECISIVE_NOHOLDDATA,16.16
2026-07-30,BAX,09:25:00,1,,11,,,score 5 < 50 (catalyst=routine),24.77,15.26,28.549902,0,rebuilt,2026-07-29,5583082.5,138292953.525,16758799.938187588,derived,90.303,96.1,94.0,1,CLEARED_DECISIVE_NOHOLDDATA,15.26
2026-07-30,CORT,09:25:00,1,,12,,,already scored earlier today,92.95,15.17,107.050515,1,rebuilt,2026-07-29,1078369.0,100234398.55,7358891.124902454,derived,73.204,84.4,375.0,2,BLUE_SKY_NOHOLDDATA,15.17
2026-07-30,LRCX,09:25:00,1,,13,,,score 46 < 50 (catalyst=strong),252.35,14.33,288.511755,0,rebuilt,2026-07-29,11375937.5,2870717828.125,82965193.90319514,derived,1.823,11.7,2124.0,2,CLEARED_DECISIVE_NOHOLDDATA,14.33
2026-07-30,EME,09:25:00,1,,14,,,already scored earlier today,672.48,13.59,763.8700319999999,0,rebuilt,2026-07-29,405730.0,272845310.40000004,3499618.488903983,derived,9.401,7.5,2225.0,0,NEVER_BREACHED,13.59
2026-07-30,NBIS,09:25:00,1,,15,,,quality filter: filter:atr_too_high: 15.6% > 15.0%,148.22,13.37,168.037014,0,rebuilt,2026-07-29,17620188.5,2611664339.47,403438288.8626169,derived,3.297,18.6,1958.0,0,NEVER_BREACHED,13.37
2026-07-30,PWR,09:25:00,1,,16,,,already scored earlier today,561.14,12.82,633.078148,0,rebuilt,2026-07-29,937022.0,525800525.08,22921861.891570948,derived,18.861,8.8,2194.0,1,CLEARED_DECISIVE_NOHOLDDATA,12.82
2026-07-30,SHAZ,09:25:00,1,,17,,,EP cooldown — alerted within last 60 days,40.09,12.75,45.201475,0,rebuilt,2026-07-29,2062677.0,82692720.93,8721071.229498226,derived,2.822,21.9,1879.0,0,NEVER_BREACHED,12.75
2026-07-30,ARM,09:25:00,1,,18,,,already scored earlier today,224.89,11.79,251.40453099999996,0,rebuilt,2026-07-29,5727720.0,1288106950.8,192250491.14007294,derived,6.247,23.8,1832.0,0,NEVER_BREACHED,11.79
2026-07-30,FTNT,09:25:00,1,,19,,,already scored earlier today,153.22,11.77,171.25399399999998,1,rebuilt,2026-07-29,4707301.0,721252659.22,19105471.200928055,derived,5.989,75.2,597.0,3,BLUE_SKY_NOHOLDDATA,11.77
2026-07-30,NEOG,09:25:00,1,,20,,,"filter:pm_rvol_too_low: pm_rvol=0.72x (today 956 / baseline 1,335 n=10) < 1.0x",9.4,11.38,10.469719999999999,0,rebuilt,2026-07-29,1553928.5,14606927.9,0.0,derived,0.716,40.7,1427.0,10,CLEARED_DECISIVE_NOHOLDDATA,11.38
2026-07-30,HII,09:25:00,1,,21,,,outside top-20 gap cap (gap 11.3%),280.4,11.27,312.00108,0,rebuilt,2026-07-29,375125.5,105185190.19999999,3059366.719999391,derived,,12.1,2113.0,2,CLEARED_DECISIVE_NOHOLDDATA,11.27
2026-07-30,SMTI,09:25:00,1,,22,,,outside top-20 gap cap (gap 11.2%),30.25,11.24,33.6501,0,rebuilt,2026-07-29,,,1379972.7788319194,derived,,,,4,CLEARED_DECISIVE_NOHOLDDATA,11.24
2026-07-30,STGW,09:25:00,1,,23,,,outside top-20 gap cap (gap 11.1%),8.08,11.14,8.980112,0,rebuilt,2026-07-29,,,380753.3862628858,derived,,,,0,BLUE_SKY_NOHOLDDATA,11.14
2026-07-30,MXL,09:25:00,1,,24,,,outside top-20 gap cap (gap 10.7%),57.25,10.66,63.352850000000004,0,rebuilt,2026-07-29,4036833.5,231108717.875,8962819.322547724,derived,,24.2,1824.0,0,NEVER_BREACHED,10.66
2026-07-30,CRWV,09:25:00,1,,25,,,outside top-20 gap cap (gap 10.6%),60.82,10.57,67.248674,0,rebuilt,2026-07-29,23850761.0,1450603284.02,152376686.65534705,derived,,1.4,2371.0,0,NEVER_BREACHED,10.57
2026-07-30,AXTI,09:25:00,1,,26,,,outside top-20 gap cap (gap 10.4%),36.97,10.39,40.811183,0,rebuilt,2026-07-29,7699900.0,284665303.0,18850220.663298834,derived,,0.6,2390.0,0,NEVER_BREACHED,10.39
2026-07-30,IREN,09:25:00,1,,27,,,outside top-20 gap cap (gap 10.3%),29.31,10.3,32.32893,0,rebuilt,2026-07-29,40590760.0,1189715175.6,94642161.68718904,derived,,1.3,2373.0,0,NEVER_BREACHED,10.3
2026-07-30,GKOS,09:25:00,1,,28,,,outside top-20 gap cap (gap 10.1%),161.66,10.11,178.003826,0,rebuilt,2026-07-29,705912.0,114117733.92,2745627.831753531,derived,,92.3,185.0,0,BLUE_SKY_NOHOLDDATA,10.11
2026-07-30,SMTC,09:25:00,1,,29,,,outside top-20 gap cap (gap 10.1%),103.55,10.09,113.998195,0,rebuilt,2026-07-29,2597350.0,268955592.5,0.0,derived,,21.3,1893.0,1,CLEARED_MARGINAL_NOHOLDDATA,10.09
2026-07-30,PGY,09:25:00,1,,30,,,outside top-20 gap cap (gap 10.1%),16.19,10.07,17.820333,0,rebuilt,2026-07-29,2348414.0,38020822.660000004,7376980.861147085,derived,,65.7,825.0,2,CLEARED_DECISIVE_NOHOLDDATA,10.07
2026-07-31,REPL,09:25:00,1,,1,,,quality filter: filter:atr_too_high: 20.0% > 15.0%,5.41,129.39,12.409999,0,rebuilt,2026-07-30,,,71790379.54624821,derived,21.169,,,,not_computed_day,129.39
2026-07-31,AXTI,09:25:00,1,,2,,,quality filter: filter:atr_too_high: 15.8% > 15.0%,46.94,42.95,67.10073,0,rebuilt,2026-07-30,7814702.5,366822135.34999996,143595068.9033275,derived,8.995,1.3,2369.0,,not_computed_day,42.95
2026-07-31,DAAQ,09:25:00,1,,3,,,"quality filter: filter:adv_too_low: $216,890",8.4002,25.0,10.50025,0,rebuilt,2026-07-30,,,4344.850580850345,derived,,,,,not_computed_day,25.0
2026-07-31,COHU,09:25:00,1,,4,,,already scored earlier today,46.45,23.83,57.519035,0,rebuilt,2026-07-30,1057026.5,49098880.925000004,3672434.0478417515,derived,10.006,28.4,1719.0,,not_computed_day,23.83
2026-07-31,NWL,09:25:00,1,,5,,,already scored earlier today,5.14,22.37,6.2898179999999995,0,rebuilt,2026-07-30,7594781.5,39037176.91,1994942.2822483904,derived,89.299,85.7,345.0,,not_computed_day,22.37
2026-07-31,IESC,09:25:00,1,,6,,,"pre-mkt volume 2,617 < 25,000 shares",571.54,18.98,680.018292,0,rebuilt,2026-07-30,190311.0,108770348.94,1688825.993440405,derived,4.139,19.3,1937.0,,not_computed_day,18.98
2026-07-31,FET,09:25:00,1,,7,,,already scored earlier today,51.43,16.04,59.67937200000001,0,rebuilt,2026-07-30,,,0.0,derived,0.674,,,,not_computed_day,16.04
2026-07-31,GFUZ,09:25:00,1,,8,,,quality filter: filter:atr_too_high: 19.0% > 15.0%,9.38,14.38,10.728844,0,rebuilt,2026-07-30,,,191924.71325761225,derived,,,,,not_computed_day,14.38
2026-07-31,DUOT,09:25:00,1,,9,,,quality filter: filter:mcap_too_small: $256M < $500M,8.14,14.25,9.29995,0,rebuilt,2026-07-30,,,140769.6704933536,derived,1.205,,,,not_computed_day,14.25
2026-07-31,TCX,09:25:00,1,,10,,,"quality filter: filter:adv_too_low: $885,409",9.7,13.92,11.050239999999999,0,rebuilt,2026-07-30,,,120251.99702331831,derived,,,,,not_computed_day,13.92
2026-07-31,BGDE,09:25:00,1,,11,,,"quality filter: filter:adv_too_low: $529,814",5.64,13.83,6.420012,0,rebuilt,2026-07-30,,,15424.181834470131,derived,,,,,not_computed_day,13.83
2026-07-31,MPWR,09:25:00,1,,12,,,"pre-mkt volume 23,414 < 25,000 shares",1316.18,13.59,1495.0488619999999,0,rebuilt,2026-07-30,844127.0,1111023074.8600001,31486180.684109032,derived,3.045,28.0,1729.0,,not_computed_day,13.59
2026-07-31,FLNC,09:25:00,1,,13,,,already scored earlier today,13.47,11.95,15.079665,0,rebuilt,2026-07-30,7143275.5,96219920.985,6608199.632912971,derived,2.811,2.9,2331.0,,not_computed_day,11.95
2026-07-31,AMZN,09:25:00,1,,14,,,score 15 < 50 (catalyst=routine),235.5,11.55,262.70025,0,rebuilt,2026-07-30,38964082.5,9176041428.75,1383639887.1490526,derived,8.214,21.6,1882.0,,not_computed_day,11.55
2026-07-31,EROC,09:25:00,1,,15,,,"routine catalyst, gap 11.4%",9.88,11.44,11.010272000000002,0,rebuilt,2026-07-30,1439718.0,14224413.840000002,568964.4178709823,derived,9.212,0.7,2384.0,,not_computed_day,11.44
2026-07-31,PWP,09:25:00,1,,16,,,"routine catalyst, gap 11.3%",14.91,11.33,16.599303,0,rebuilt,2026-07-30,1014790.5,15130526.355,0.0,derived,1.869,10.1,2159.0,,not_computed_day,11.33
2026-07-31,BSBR,09:25:00,1,,17,,,M&A/buyout catalyst — no momentum trade,5.05,11.09,5.6100449999999995,0,rebuilt,2026-07-30,,,106865.69556439552,derived,2.814,,,,not_computed_day,11.09
2026-07-31,NVT,09:25:00,1,,18,,,score 15 < 50 (catalyst=routine),144.8,10.7,160.2936,0,rebuilt,2026-07-30,1869633.0,270722858.40000004,24572574.42973037,derived,98.945,24.1,1822.0,,not_computed_day,10.7
2026-07-31,NXT,09:25:00,1,,19,,,score 23 < 50 (catalyst=routine),96.9,10.42,106.99698000000001,0,rebuilt,2026-07-30,2570987.0,249128640.3,3104054.65935173,derived,4.053,3.0,2330.0,,not_computed_day,10.42
2026-07-31,CDNA,09:25:00,1,,20,,,"pre-mkt volume 13,055 < 25,000 shares",38.1,10.24,42.00144,0,rebuilt,2026-07-30,747164.5,28466967.45,414511.03173485707,derived,1.059,99.8,6.0,,not_computed_day,10.24
2026-08-03,DFNS,09:25:00,1,,1,,,"filter:pm_rvol_too_low: pm_rvol=0.60x (today 917,254 / baseline 1,520,075 n=22) ",27.68,36.01,37.647568,0,rebuilt,2026-07-31,452579.5,12527400.56,34579919.505101465,derived,0.603,79.9,482.0,,not_computed_day,36.01
2026-08-03,FCUV,09:25:00,1,,2,,,already up 548% in prior 5 days (extended),11.6,31.22,15.22152,0,rebuilt,2026-07-31,,,77479157.02982382,derived,,,,,not_computed_day,31.22
2026-08-03,ATKR,09:25:00,1,,3,,,M&A/buyout catalyst — no momentum trade,72.96,27.89,93.30854399999998,0,rebuilt,2026-07-31,281308.0,20524231.68,108180896.64175095,derived,2532.289,44.1,1335.0,,not_computed_day,27.89
2026-08-03,SUPN,09:25:00,1,,4,,,M&A/buyout catalyst — no momentum trade,44.63,13.22,50.530086000000004,0,rebuilt,2026-07-31,582712.5,26006458.875,4258148.298280544,derived,42.23,11.9,2106.0,,not_computed_day,13.22
2026-08-03,ALGT,09:25:00,1,,5,,,"filter:pm_rvol_too_low: pm_rvol=0.63x (today 693 / baseline 1,098 n=21) < 1.0x",98.08,12.15,109.99672,1,rebuilt,2026-07-31,454000.5,44528369.04,0.0,derived,0.631,38.3,1474.0,,not_computed_day,12.15
2026-08-03,FTH,09:25:00,1,,6,,,score 42 < 50 (catalyst=strong),27.24,10.13,29.999411999999996,0,rebuilt,2026-07-31,,,0.0,derived,,,,,not_computed_day,10.13
2026-08-03,BOW,09:25:00,1,,7,,,M&A/buyout catalyst — no momentum trade,30.59,10.13,33.688767,0,rebuilt,2026-07-31,,,1238962.8839432972,derived,,,,,not_computed_day,10.13
2026-08-04,AMRC,09:25:00,1,,1,,,score 38 < 50 (catalyst=routine),22.73,42.94,32.490262,0,rebuilt,2026-08-03,484804.0,11019594.92,4248955.246827652,derived,37.108,6.3,2262.0,13,CLEARED_DECISIVE_NOHOLDDATA,42.94
2026-08-04,IBTA,09:25:00,1,BAD_CHART,2,,,score 38 < 50 (catalyst=routine),24.58,24.86,30.690587999999995,0,rebuilt,2026-08-03,,,265166.1780247933,derived,27.363,,,6,CLEARED_DECISIVE_NOHOLDDATA,24.86
2026-08-04,LIFE,09:25:00,1,,3,,,already scored earlier today,22.83,22.65,28.000994999999996,0,rebuilt,2026-08-03,559782.0,12779823.059999999,1308141.148546315,derived,13.263,98.0,50.0,0,NEVER_BREACHED,22.65
2026-08-04,BLZE,09:25:00,1,GOOD_CHART,4,,,already scored earlier today,15.59,22.19,19.049421,1,rebuilt,2026-08-03,2109827.0,32892202.93,2518054.112862112,derived,12.372,79.0,508.0,2,BLUE_SKY_NOHOLDDATA,22.19
2026-08-04,VOYG,09:25:00,1,,5,,,already scored earlier today,28.01,20.31,33.698831000000006,0,rebuilt,2026-08-03,1239858.0,34728422.580000006,2234086.9722517235,derived,4.869,18.5,1969.0,11,CLEARED_DECISIVE_NOHOLDDATA,20.31
2026-08-04,AAOI,09:25:00,1,,6,,,score 35 < 50 (catalyst=routine),110.21,18.27,130.345367,0,rebuilt,2026-08-03,9163801.0,1009942508.2099999,422345597.27347517,derived,9.164,26.8,1767.0,4,CLEARED_DECISIVE_NOHOLDDATA,18.27
2026-08-04,MED,09:25:00,1,,7,,,"pre-mkt volume 3,381 < 25,000 shares",9.74,17.97,11.490278,0,rebuilt,2026-08-03,,,46709.643404826435,derived,,,,9,CLEARED_DECISIVE_NOHOLDDATA,17.97
2026-08-04,W,09:25:00,1,,8,,,score 5 < 50 (catalyst=routine),89.31,17.57,105.001767,0,rebuilt,2026-08-03,2721940.0,243096461.4,107051305.33669552,derived,139.588,82.1,434.0,6,CLEARED_DECISIVE_NOHOLDDATA,17.57
2026-08-04,PLTR,09:25:00,1,REAL_EP,9,,,already scored earlier today,125.65,16.49,146.369685,0,rebuilt,2026-08-03,31616539.0,3972618125.3500004,941148698.525947,derived,8.281,7.7,2230.0,6,CLEARED_DECISIVE_NOHOLDDATA,16.49
2026-08-04,MRAM,09:25:00,1,,10,,,quality filter: filter:mcap_too_small: $362M < $500M,15.45,16.47,17.994615,0,rebuilt,2026-08-03,1024567.0,15829560.149999999,3407178.530144897,derived,7.165,25.0,1812.0,3,CLEARED_DECISIVE_NOHOLDDATA,16.47
2026-08-04,INSP,09:25:00,1,,11,,,"pre-mkt volume 7,572 < 25,000 shares",52.22,15.86,60.502092000000005,1,rebuilt,2026-08-03,831467.0,43419206.74,585737.172893753,derived,1.996,62.1,916.0,7,CLEARED_DECISIVE_NOHOLDDATA,15.86
2026-08-04,POET,09:25:00,1,,12,,,score 30 < 50 (catalyst=routine),7.36,14.92,8.458112,0,rebuilt,2026-08-03,11641946.0,85684722.56,29923368.459517147,derived,8.703,21.3,1901.0,7,CLEARED_DECISIVE_NOHOLDDATA,14.92
2026-08-04,COHR,09:25:00,1,,13,,,score 23 < 50 (catalyst=routine),288.14,14.53,330.006742,0,rebuilt,2026-08-03,4485791.0,1292535818.74,422264985.41491365,derived,10.578,21.7,1890.0,2,CLEARED_DECISIVE_NOHOLDDATA,14.53
2026-08-04,WGS,09:25:00,1,,14,,,score 10 < 50 (catalyst=routine),67.86,14.07,77.407902,0,rebuilt,2026-08-03,690332.0,46845929.52,2498618.9435110176,derived,14.445,81.5,447.0,6,CLEARED_DECISIVE_NOHOLDDATA,14.07
2026-08-04,LWLG,09:25:00,1,,15,,,score 30 < 50 (catalyst=routine),6.82,14.04,7.777528000000001,0,rebuilt,2026-08-03,2826196.0,19274656.720000003,2608527.5932323453,derived,5.933,30.4,1681.0,2,CLEARED_DECISIVE_NOHOLDDATA,14.04
2026-08-04,AIOS,09:25:00,1,,16,,,"quality filter: filter:adv_too_low: $212,486",12.21,13.84,13.899864000000003,0,rebuilt,2026-08-03,,,10125.224923330814,derived,,,,2,CLEARED_MARGINAL_NOHOLDDATA,13.84
2026-08-04,OCC,09:25:00,1,,17,,,"filter:pm_rvol_too_low: pm_rvol=0.17x (today 49,174 / baseline 291,680 n=20) < 1",14.35,13.73,16.320255,0,rebuilt,2026-08-03,,,823448.991768403,derived,0.169,,,2,CLEARED_MARGINAL_NOHOLDDATA,13.73
2026-08-04,AEIS,09:25:00,1,,18,,,already scored earlier today,296.38,13.51,336.420938,0,rebuilt,2026-08-03,684676.0,202924272.88,2674701.67546841,derived,5.773,24.5,1823.0,6,CLEARED_DECISIVE_NOHOLDDATA,13.51
2026-08-04,FN,09:25:00,1,,19,,,score 28 < 50 (catalyst=routine),455.94,13.19,516.078486,0,rebuilt,2026-08-03,787443.0,359026761.42,13591063.42296136,derived,5.182,6.9,2248.0,3,CLEARED_DECISIVE_NOHOLDDATA,13.19
2026-08-04,LITE,09:25:00,1,,20,,,score 15 < 50 (catalyst=routine),779.89,12.42,876.752338,0,rebuilt,2026-08-03,4020035.0,3135185096.15,557064432.2947599,derived,6.374,35.3,1564.0,5,CLEARED_DECISIVE_NOHOLDDATA,12.42
2026-08-04,IPGP,09:25:00,1,,21,,,outside top-20 gap cap (gap 12.4%),87.2,12.39,98.00407999999999,0,rebuilt,2026-08-03,338170.0,29488424.0,392349.0758362115,derived,,1.9,2369.0,4,CLEARED_DECISIVE_NOHOLDDATA,12.39
2026-08-04,CAT,09:25:00,1,,22,,,outside top-20 gap cap (gap 12.2%),830.03,12.21,931.376663,0,rebuilt,2026-08-03,2686648.0,2229998439.44,289175630.6962919,derived,,21.3,1900.0,3,CLEARED_DECISIVE_NOHOLDDATA,12.21
2026-08-04,IMC,09:25:00,1,,23,,,outside top-20 gap cap (gap 12.2%),6.33,12.16,7.099728,0,rebuilt,2026-08-03,,,0.0,derived,,0.3,2408.0,,history_too_thin(4d),12.16
2026-08-04,INFU,09:25:00,1,,24,,,outside top-20 gap cap (gap 11.4%),9.22,11.39,10.270158000000002,0,rebuilt,2026-08-03,,,32251.139547165163,derived,,,,12,CLEARED_DECISIVE_NOHOLDDATA,11.39
2026-08-04,UFPT,09:25:00,1,,25,,,outside top-20 gap cap (gap 11.2%),267.53,11.2,297.49336,0,rebuilt,2026-08-03,205001.0,54843917.529999994,649613.8694093735,derived,,94.9,125.0,3,BLUE_SKY_NOHOLDDATA,11.2
2026-08-04,ALMU,09:25:00,1,,26,,,outside top-20 gap cap (gap 10.9%),16.67,10.92,18.490364,0,rebuilt,2026-08-03,,,704412.6366556619,derived,,,,8,CLEARED_DECISIVE_NOHOLDDATA,10.92
2026-08-04,ALAB,09:25:00,1,,27,,,outside top-20 gap cap (gap 10.8%),321.05,10.82,355.78761000000003,0,rebuilt,2026-08-03,4113517.0,1320644632.8500001,114177845.11942343,derived,,41.2,1420.0,2,CLEARED_DECISIVE_NOHOLDDATA,10.82
2026-08-04,VGNT,09:25:00,1,,28,,,outside top-20 gap cap (gap 10.6%),42.04,10.61,46.500444,0,rebuilt,2026-08-03,906815.0,38122502.6,0.0,derived,,50.0,1209.0,4,CLEARED_DECISIVE_NOHOLDDATA,10.61
2026-08-04,RFIL,09:25:00,1,,29,,,outside top-20 gap cap (gap 10.5%),12.44,10.53,13.749932,0,rebuilt,2026-08-03,,,0.0,derived,,,,2,CLEARED_DECISIVE_NOHOLDDATA,10.53
2026-08-05,GTE,09:25:00,1,,1,,,quality filter: filter:mcap_too_small: $242M < $500M,6.83,49.19,10.189677,0,rebuilt,2026-08-04,,,66598042.58904385,derived,,,,16,BLUE_SKY_NOHOLDDATA,49.19
2026-08-05,DBGI,09:25:00,1,,2,,,already up 80% in prior 5 days (extended),21.63,45.31,31.430553,0,rebuilt,2026-08-04,,,38404899.17002126,derived,,,,2,CLEARED_DECISIVE_NOHOLDDATA,45.31
2026-08-05,BLMN,09:25:00,1,,3,,,score 30 < 50 (catalyst=routine),8.92,32.74,11.840407999999998,0,rebuilt,2026-08-04,1662673.5,14831047.62,3724796.5690098302,derived,196.571,87.4,306.0,2,BLUE_SKY_NOHOLDDATA,32.74
2026-08-05,JLHL,09:25:00,1,,4,,,quality filter: filter:atr_too_high: 22.5% > 15.0%,5.42,30.26,7.060092,0,rebuilt,2026-08-04,,,24101898.528637204,derived,,,,0,NEVER_BREACHED,30.26
2026-08-05,APPS,09:25:00,1,,5,,,already scored earlier today,9.51,25.66,11.950266,0,rebuilt,2026-08-04,2388191.0,22711696.41,7142778.683018132,derived,35.486,62.2,917.0,3,CLEARED_DECISIVE_NOHOLDDATA,25.66
2026-08-05,DFNS,09:25:00,1,,6,,,"filter:pm_rvol_too_low: pm_rvol=0.52x (today 936,196 / baseline 1,796,028 n=21) ",47.36,22.93,58.219648,0,rebuilt,2026-08-04,1168600.5,55344919.68,54892278.65127488,derived,0.521,67.4,791.0,0,NEVER_BREACHED,22.93
2026-08-05,SHOP,09:25:00,1,,7,,,score 40 < 50 (catalyst=routine),123.3,22.55,151.10415,0,rebuilt,2026-08-04,7315103.5,901952261.55,598100464.8833065,derived,71.849,27.2,1767.0,13,CLEARED_DECISIVE_NOHOLDDATA,22.55
2026-08-05,UPST,09:25:00,1,,8,,,score 42 < 50 (catalyst=routine),30.32,18.6,35.95952,0,rebuilt,2026-08-04,3344660.0,101410091.2,14831764.47597694,derived,11.405,20.3,1933.0,9,CLEARED_DECISIVE_NOHOLDDATA,18.6
2026-08-05,PRGO,09:25:00,1,,9,,,already scored earlier today,10.78,16.42,12.550076,0,rebuilt,2026-08-04,2806025.5,30248954.889999997,1163075.7009386686,derived,68.052,50.7,1197.0,8,CLEARED_DECISIVE_NOHOLDDATA,16.42
2026-08-05,KTOS,09:25:00,1,,10,,,already scored earlier today,51.87,16.05,60.195135,0,rebuilt,2026-08-04,3261935.0,169196568.45,39697841.58381827,derived,12.89,14.1,2084.0,4,CLEARED_DECISIVE_NOHOLDDATA,16.05
2026-08-05,KMT,09:25:00,1,,11,,,already scored earlier today,36.06,15.53,41.660118000000004,0,rebuilt,2026-08-04,868824.0,31329793.44,840025.9165754298,derived,14.661,46.1,1309.0,5,CLEARED_DECISIVE_NOHOLDDATA,15.53
2026-08-05,SWIM,09:25:00,1,,12,,,score 34 < 50 (catalyst=routine),5.7,15.09,6.56013,0,rebuilt,2026-08-04,,,90599.35565874676,derived,8.112,,,13,CLEARED_DECISIVE_NOHOLDDATA,15.09
2026-08-05,TBI,09:25:00,1,,13,,,score 30 < 50 (catalyst=routine),7.69,15.08,8.849652,0,rebuilt,2026-08-04,,,50426.81322029104,derived,,,,4,CLEARED_DECISIVE_NOHOLDDATA,15.08
2026-08-05,YOU,09:25:00,1,BAD_CHART,14,,,score 36 < 50 (catalyst=strong),55.73,14.57,63.84986099999999,0,rebuilt,2026-08-04,1058957.0,59015673.61,1796615.9047504314,derived,26.531,43.5,1372.0,7,BLUE_SKY_NOHOLDDATA,14.57
2026-08-05,KODK,09:25:00,1,,15,,,already scored earlier today,8.93,14.33,10.209669,0,rebuilt,2026-08-04,,,432424.98765783844,derived,15.175,,,7,CLEARED_DECISIVE_NOHOLDDATA,14.33
2026-08-05,QLYS,09:25:00,1,,16,,,score -6 < 50 (catalyst=routine),161.06,13.72,183.157432,0,rebuilt,2026-08-04,734476.5,118294785.09,0.0,derived,6.597,77.2,555.0,2,BLUE_SKY_NOHOLDDATA,13.72
2026-08-05,TVTX,09:25:00,1,,17,,,"filter:pm_rvol_too_low: pm_rvol=0.55x (today 5,140 / baseline 9,405 n=19) < 1.0x",56.02,11.91,62.691982,0,rebuilt,2026-08-04,1251023.0,70082308.46000001,0.0,derived,0.547,75.9,586.0,5,BLUE_SKY_NOHOLDDATA,11.91
2026-08-05,TATT,09:25:00,1,,18,,,already scored earlier today,41.65,11.67,46.510555,0,rebuilt,2026-08-04,,,2367316.4564460795,derived,12.751,,,12,CLEARED_DECISIVE_NOHOLDDATA,11.67
2026-08-05,OSPN,09:25:00,1,,19,,,"filter:pm_rvol_too_low: pm_rvol=0.37x (today 1,002 / baseline 2,718 n=12) < 1.0x",16.21,11.1,18.00931,0,rebuilt,2026-08-04,,,0.0,derived,0.369,,,2,CLEARED_DECISIVE_NOHOLDDATA,11.1
2026-08-05,DT,09:25:00,1,,20,,,score 18 < 50 (catalyst=routine),45.71,10.82,50.65582200000001,0,rebuilt,2026-08-04,3916164.5,179007879.29500002,14293491.534631906,derived,72.954,45.6,1321.0,5,CLEARED_DECISIVE_NOHOLDDATA,10.82
2026-08-05,FTK,09:25:00,1,,21,,,outside top-20 gap cap (gap 10.1%),28.21,10.1,31.05921,0,rebuilt,2026-08-04,,,217674.5265750345,derived,,,,1,BLUE_SKY_NOHOLDDATA,10.1
2026-08-06,FVN,09:25:00,1,,1,,,"quality filter: filter:adv_too_low: $175,840",10.79,49.21,16.099759,0,rebuilt,2026-08-05,,,1101504.2953969599,derived,,,,,not_computed_day,49.21
2026-08-06,AEVA,09:25:00,1,BAD_CHART,2,,,already scored earlier today,19.61,34.53,26.381332999999998,0,rebuilt,2026-08-05,1352805.0,26528506.05,10864730.262734998,derived,35.548,56.1,1064.0,,not_computed_day,34.53
2026-08-06,ASPN,09:25:00,1,,3,,,quality filter: filter:mcap_too_small: $415M < $500M,5.01,29.74,6.499974,0,rebuilt,2026-08-05,,,2778986.6640463197,derived,76.804,,,,not_computed_day,29.74
2026-08-06,INSM,09:25:00,1,,4,,,already scored earlier today,99.02,28.34,127.08226799999998,0,rebuilt,2026-08-05,2204534.0,218292956.67999998,60453658.55631287,derived,323.826,4.4,2317.0,,not_computed_day,28.34
2026-08-06,SITM,09:25:00,1,,5,,,already scored earlier today,543.12,27.96,694.976352,0,rebuilt,2026-08-05,457382.0,248413311.84,24920343.193365194,derived,19.586,23.8,1846.0,,not_computed_day,27.96
2026-08-06,SOUN,09:25:00,1,,6,,,M&A/buyout catalyst — no momentum trade,6.43,27.53,8.200179,0,rebuilt,2026-08-05,32059744.0,206144153.92,54467215.83766511,derived,20.943,12.4,2123.0,,not_computed_day,27.53
2026-08-06,WPP,09:25:00,1,,7,,,score 30 < 50 (catalyst=routine),20.61,26.2,26.00982,0,rebuilt,2026-08-05,,,8800752.236641351,derived,41.158,,,,not_computed_day,26.2
2026-08-06,CAI,09:25:00,1,,8,,,score 42 < 50 (catalyst=routine),16.45,15.68,19.02936,0,rebuilt,2026-08-05,3511207.0,57759355.15,717194.8802526591,derived,3.692,14.2,2080.0,,not_computed_day,15.68
2026-08-06,PAYC,09:25:00,1,,9,,,score 24 < 50 (catalyst=routine),174.8,14.93,200.89764000000002,0,rebuilt,2026-08-05,810770.0,141722596.0,1826945.1033196994,derived,1.79,96.1,96.0,,not_computed_day,14.93
2026-08-06,FET,09:25:00,1,,10,,,EP cooldown — alerted within last 60 days,75.52,13.74,85.89644799999999,0,rebuilt,2026-08-05,157018.0,11857999.36,0.0,derived,1.729,96.4,89.0,,not_computed_day,13.74
2026-08-06,PN,09:25:00,1,,11,,,"quality filter: filter:adv_too_low: $556,166",6.89,13.45,7.816705,0,rebuilt,2026-08-05,,,382608.36990463705,derived,,,,,not_computed_day,13.45
2026-08-06,RDW,09:25:00,1,,12,,,already scored earlier today,10.72,11.01,11.900272000000001,0,rebuilt,2026-08-05,16432419.0,176155531.68,26841776.647625767,derived,4.398,56.5,1055.0,,not_computed_day,11.01
2026-08-06,DCTH,09:25:00,1,,13,,,quality filter: filter:mcap_too_small: $436M < $500M,12.63,10.85,14.000355,0,rebuilt,2026-08-05,,,163683.96393596334,derived,2.177,,,,not_computed_day,10.85
2026-08-06,EOLS,09:25:00,1,,14,,,quality filter: filter:mcap_too_small: $407M < $500M,6.18,10.19,6.809742,0,rebuilt,2026-08-05,,,92797.82014863784,derived,4.046,,,,not_computed_day,10.19
2026-08-06,ORA,09:25:00,1,,15,,,score 28 < 50 (catalyst=routine),98.02,10.06,107.88081199999999,0,rebuilt,2026-08-05,746518.0,73173694.36,1026286.0137716386,derived,2.036,2.6,2361.0,,not_computed_day,10.06
2026-08-07,DOCS,09:25:00,1,,1,,,already scored earlier today,20.66,77.78,36.729348,0,rebuilt,2026-08-06,2658929.0,54933473.14,576977134.6255566,derived,5650.912,10.8,2154.0,7,CLEARED_DECISIVE_NOHOLDDATA,77.78
2026-08-07,VATE,09:25:00,1,,2,,,"quality filter: filter:adv_too_low: $745,625",7.41,48.72,11.020152000000001,0,rebuilt,2026-08-06,,,63902892.55457979,derived,,,,3,CLEARED_DECISIVE_NOHOLDDATA,48.72
2026-08-07,PUBM,09:25:00,1,,3,,,already scored earlier today,13.48,35.01,18.199347999999997,0,rebuilt,2026-08-06,,,1071046.3086486512,derived,78.055,,,4,BLUE_SKY_NOHOLDDATA,35.01
2026-08-07,TEAM,09:25:00,1,REAL_EP,4,,,already scored earlier today,110.17,34.34,148.002378,0,rebuilt,2026-08-06,3714177.0,409190880.09000003,113154080.17406763,derived,24.167,91.5,207.0,2,CLEARED_DECISIVE_NOHOLDDATA,34.34
2026-08-07,QNST,09:25:00,1,,5,,,already scored earlier today,15.22,29.37,19.690114,0,rebuilt,2026-08-06,,,265926.34708746785,derived,28.091,,,9,BLUE_SKY_NOHOLDDATA,29.37
2026-08-07,FIGS,09:25:00,1,,6,,,already scored earlier today,11.24,27.31,14.309643999999999,0,rebuilt,2026-08-06,2914390.0,32757743.6,2481736.7118027015,derived,52.076,35.5,1559.0,11,CLEARED_DECISIVE_NOHOLDDATA,27.31
2026-08-07,FRD,09:25:00,1,,7,,,quality filter: filter:mcap_too_small: $272M < $500M,37.72,27.25,47.9987,0,rebuilt,2026-08-06,,,169515.88329152306,derived,,,,2,BLUE_SKY_NOHOLDDATA,27.25
2026-08-07,TWLO,09:25:00,1,,8,,,already scored earlier today,193.2,19.84,231.53087999999997,0,rebuilt,2026-08-06,1686884.0,325905988.79999995,16993346.112052184,derived,29.422,29.2,1711.0,10,CLEARED_DECISIVE_NOHOLDDATA,19.84
2026-08-07,MTW,09:25:00,1,,9,,,"pre-mkt volume 1,554 < 25,000 shares",14.21,19.63,16.999423,0,rebuilt,2026-08-06,,,38375.06525166352,derived,,,,5,BLUE_SKY_NOHOLDDATA,19.63
2026-08-07,CRSR,09:25:00,1,,10,,,already scored earlier today,10.61,18.85,12.609984999999998,0,rebuilt,2026-08-06,1439415.0,15272193.149999999,1038297.055151447,derived,13.861,89.9,244.0,0,NEVER_BREACHED,18.85
2026-08-07,FNKO,09:25:00,1,,11,,,quality filter: filter:mcap_too_small: $295M < $500M,5.28,18.56,6.259968000000001,0,rebuilt,2026-08-06,,,185492.66265421844,derived,,,,3,CLEARED_DECISIVE_NOHOLDDATA,18.56
2026-08-07,MITK,09:25:00,1,,12,,,"filter:pm_rvol_too_low: pm_rvol=0.67x (today 1,111 / baseline 1,658 n=21) < 1.0x",16.81,18.56,19.929935999999998,0,rebuilt,2026-08-06,,,0.0,derived,0.67,,,3,CLEARED_DECISIVE_NOHOLDDATA,18.56
2026-08-07,FROG,09:25:00,1,,13,,,already scored earlier today,83.04,18.02,98.003808,0,rebuilt,2026-08-06,1983770.0,164732260.8,2367429.7072808403,derived,6.845,45.6,1314.0,4,CLEARED_DECISIVE_NOHOLDDATA,18.02
2026-08-07,PSIX,09:25:00,1,,14,,,score 48 < 50 (catalyst=routine),33.02,17.29,38.729158000000005,0,rebuilt,2026-08-06,431860.0,14260017.200000001,894397.7515969415,derived,8.004,17.1,2003.0,3,CLEARED_DECISIVE_NOHOLDDATA,17.29
2026-08-07,NTRA,09:25:00,1,,15,,,score 6 < 50 (catalyst=routine),265.38,16.81,309.99037799999996,0,rebuilt,2026-08-06,1012543.0,268708661.34,4169360.571533236,derived,6.978,67.6,783.0,3,BLUE_SKY_NOHOLDDATA,16.81
2026-08-07,ACMR,09:25:00,1,,16,,,already scored earlier today,78.98,16.3,91.85374,0,rebuilt,2026-08-06,962233.0,75997162.34,9721477.139585668,derived,3.914,34.8,1574.0,1,CLEARED_DECISIVE_NOHOLDDATA,16.3
2026-08-07,WLDN,09:25:00,1,,17,,,already scored earlier today,73.69,16.03,85.502507,0,rebuilt,2026-08-06,236337.0,17415673.53,274792.960105685,derived,12.308,10.1,2172.0,8,CLEARED_DECISIVE_NOHOLDDATA,16.03
2026-08-07,SPT,09:25:00,1,,18,,,quality filter: filter:mcap_too_small: $492M < $500M,8.19,15.63,9.470096999999999,0,rebuilt,2026-08-06,,,97462.60419629423,derived,4.377,,,4,CLEARED_DECISIVE_NOHOLDDATA,15.63
2026-08-07,INOD,09:25:00,1,,19,,,already scored earlier today,65.48,14.63,75.05972400000002,0,rebuilt,2026-08-06,923870.0,60495007.6,8363472.699326308,derived,8.278,63.8,875.0,4,CLEARED_DECISIVE_NOHOLDDATA,14.63
2026-08-07,NET,09:25:00,1,,20,,,already scored earlier today,284.43,14.46,325.558578,1,rebuilt,2026-08-06,3092989.0,879738861.27,52453521.4147045,derived,7.954,74.0,628.0,0,BLUE_SKY_NOHOLDDATA,14.46
2026-08-07,CART,09:25:00,1,,21,,,outside top-20 gap cap (gap 14.1%),45.03,14.06,51.361218,0,rebuilt,2026-08-06,3413167.0,153694910.01,6470076.0578754535,derived,,47.0,1280.0,7,CLEARED_DECISIVE_NOHOLDDATA,14.06
2026-08-07,AAOI,09:25:00,1,,22,,,outside top-20 gap cap (gap 13.5%),124.22,13.5,140.9897,0,rebuilt,2026-08-06,9654912.0,1199333168.64,290531603.6189171,derived,,63.5,881.0,1,CLEARED_MARGINAL_NOHOLDDATA,13.5
2026-08-07,DV,09:25:00,1,,23,,,outside top-20 gap cap (gap 12.9%),11.71,12.89,13.219419,0,rebuilt,2026-08-06,1868029.0,21874619.59,119482769.10621539,derived,,56.0,1064.0,3,CLEARED_DECISIVE_NOHOLDDATA,12.89
2026-08-07,ONTO,09:25:00,1,,24,,,outside top-20 gap cap (gap 12.0%),268.7,12.02,300.99774,0,rebuilt,2026-08-06,1059059.0,284569153.3,4301080.921644151,derived,,34.4,1585.0,2,CLEARED_DECISIVE_NOHOLDDATA,12.02
2026-08-07,FLR,09:25:00,1,,25,,,outside top-20 gap cap (gap 11.8%),48.75,11.79,54.49762499999999,0,rebuilt,2026-08-06,2124240.0,103556700.0,2431409.0488417116,derived,,25.1,1809.0,6,CLEARED_DECISIVE_NOHOLDDATA,11.79
2026-08-07,ULBI,09:25:00,1,,26,,,outside top-20 gap cap (gap 11.1%),5.32,11.09,5.909988,0,rebuilt,2026-08-06,,,139935.27620066507,derived,,,,4,CLEARED_DECISIVE_NOHOLDDATA,11.09
2026-08-07,HMY,09:25:00,1,,27,,,outside top-20 gap cap (gap 10.9%),18.05,10.86,20.01023,0,rebuilt,2026-08-06,2734238.0,49352995.9,8913138.098647073,derived,,76.7,563.0,7,CLEARED_DECISIVE_NOHOLDDATA,10.86
2026-08-07,MCHP,09:25:00,1,,28,,,outside top-20 gap cap (gap 10.3%),74.36,10.27,81.996772,0,rebuilt,2026-08-06,10849275.0,806752089.0,20938596.378309056,derived,,11.3,2143.0,5,CLEARED_DECISIVE_NOHOLDDATA,10.27
2026-08-10,BWMN,09:25:00,1,,1,,,quality filter: filter:mcap_too_small: $477M < $500M,27.23,55.38,42.309974000000004,0,rebuilt,2026-08-07,,,1302824.0910918298,derived,,,,,not_computed_day,55.38
2026-08-10,VREX,09:25:00,1,,2,,,M&A/buyout catalyst — no momentum trade,12.41,48.27,18.400306999999998,0,rebuilt,2026-08-07,,,24305570.78949085,derived,,,,,not_computed_day,48.27
2026-08-10,HZO,09:25:00,1,,3,,,M&A/buyout catalyst — no momentum trade,35.68,45.57,51.939376,0,rebuilt,2026-08-07,,,87044637.86613603,derived,3013.137,,,,not_computed_day,45.57
2026-08-10,SLN,09:25:00,1,,4,,,already scored earlier today,11.95,33.89,15.999854999999998,0,rebuilt,2026-08-07,,,79170763.54529342,derived,,,,,not_computed_day,33.89
2026-08-10,ABCL,09:25:00,1,,5,,,already scored earlier today,6.93,31.49,9.112257,0,rebuilt,2026-08-07,4434165.0,30728763.45,76244244.71972845,derived,60.576,89.5,253.0,,not_computed_day,31.49
2026-08-10,ACHR,09:25:00,1,,6,,,score 42 < 50 (catalyst=routine),5.59,17.88,6.589492,0,rebuilt,2026-08-07,28305703.0,158228879.77,83769174.47001772,derived,23.946,61.9,919.0,,not_computed_day,17.88
2026-08-10,NXTC,09:25:00,1,,7,,,quality filter: filter:atr_too_high: 15.7% > 15.0%,5.84,14.73,6.700232,0,rebuilt,2026-08-07,,,1861681.5896332744,derived,,,,,not_computed_day,14.73
2026-08-10,RNA,09:25:00,1,,8,,,quality filter: filter:mcap_too_small: $211M < $500M,12.34,13.45,13.999730000000001,0,rebuilt,2026-08-07,,,0.0,derived,,,,,not_computed_day,13.45
2026-08-10,INHD,09:25:00,1,,9,,,quality filter: filter:adv_no_data,5.145,12.73,5.7999585,0,rebuilt,2026-08-07,,,7748014.214562225,derived,,21.6,1891.0,,not_computed_day,12.73
2026-08-11,BW,09:25:00,1,BAD_CHART,1,,,already scored earlier today,8.88,36.72,12.140736,0,rebuilt,2026-08-10,3029365.0,26900761.200000003,10007328.311338611,derived,65.071,1.5,2397.0,,not_computed_day,36.72
2026-08-11,WYHG,09:25:00,1,,2,,,already up 71% in prior 5 days (extended),5.72,34.61,7.699692,0,rebuilt,2026-08-10,,,44947796.81877227,derived,,,,,not_computed_day,34.61
2026-08-11,FRMI,09:25:00,1,BAD_CHART,3,,,already scored earlier today,5.88,21.94,7.170072,0,rebuilt,2026-08-10,15450385.0,90848263.8,24375770.155086294,derived,6.56,31.7,1661.0,,not_computed_day,21.94
2026-08-11,QMCO,09:25:00,1,,4,,,quality filter: filter:mcap_too_small: $464M < $500M,11.78,20.37,14.179585999999999,0,rebuilt,2026-08-10,,,1255280.4160928885,derived,6.213,,,,not_computed_day,20.37
2026-08-11,FF,09:25:00,1,,5,,,quality filter: filter:mcap_too_small: $226M < $500M,5.16,19.57,6.169812,0,rebuilt,2026-08-10,,,2601895.7934312266,derived,,,,,not_computed_day,19.57
2026-08-11,RIOT,09:25:00,1,,6,,,already scored earlier today,19.4,17.78,22.84932,0,rebuilt,2026-08-10,16505027.0,320197523.79999995,80434477.4286671,derived,16.285,32.6,1641.0,,not_computed_day,17.78
2026-08-11,NIQ,09:25:00,1,OKISH_CHART,7,,,score 34 < 50 (catalyst=routine),11.68,15.07,13.440176000000001,0,rebuilt,2026-08-10,1439918.0,16818242.24,211659.97484752422,derived,4.063,73.9,636.0,,not_computed_day,15.07
2026-08-11,APEI,09:25:00,1,,8,,,score 24 < 50 (catalyst=routine),47.39,12.89,53.498571,0,rebuilt,2026-08-10,291329.0,13806081.31,702146.5569607979,derived,32.631,7.4,2252.0,,not_computed_day,12.89
2026-08-11,RNW,09:25:00,1,,9,,,M&A/buyout catalyst — no momentum trade,6.13,11.42,6.830046,0,rebuilt,2026-08-10,,,3478350.8213268574,derived,43.77,,,,not_computed_day,11.42
2026-08-11,ACVA,09:25:00,1,,10,,,score 28 < 50 (catalyst=routine),7.26,11.16,8.070215999999999,0,rebuilt,2026-08-10,2777643.0,20165688.18,11906841.682702258,derived,701.048,73.6,642.0,,not_computed_day,11.16
2026-08-12,VELO,09:25:00,1,,1,,,quality filter: filter:mcap_too_small: $408M < $500M,13.69,22.72,16.800368,0,rebuilt,2026-08-11,1759790.5,24091531.945,3706625.308287515,derived,6.595,69.8,737.0,,not_computed_day,22.72
2026-08-12,RSKD,09:25:00,1,,2,,,score 30 < 50 (catalyst=routine),5.27,20.93,6.373011,0,rebuilt,2026-08-11,,,420864.24372378807,derived,,,,,not_computed_day,20.93
2026-08-12,CRWV,09:25:00,1,,3,,,score 34 < 50 (catalyst=routine),90.32,18.95,107.43563999999999,0,rebuilt,2026-08-11,24546178.0,2217010796.96,704326216.8451939,derived,7.276,49.7,1225.0,,not_computed_day,18.95
2026-08-12,CAVA,09:25:00,1,,4,,,score 34 < 50 (catalyst=routine),60.81,18.6,72.12066,0,rebuilt,2026-08-11,3332917.5,202674713.175,21416631.25225698,derived,28.673,5.9,2292.0,,not_computed_day,18.6
2026-08-12,NBIS,09:25:00,1,,5,,,already scored earlier today,193.23,16.61,225.32550299999997,0,rebuilt,2026-08-11,21986501.0,4248451588.2299995,1480061454.3666027,derived,6.82,28.5,1742.0,,not_computed_day,16.61
2026-08-12,EROC,09:25:00,1,,6,,,already scored earlier today,11.25,16.0,13.049999999999999,0,rebuilt,2026-08-11,1406850.0,15827062.5,1034227.3194224212,derived,7.972,2.6,2373.0,,not_computed_day,16.0
2026-08-12,DFTX,09:25:00,1,,7,,,EP cooldown — alerted within last 60 days,40.91,15.91,47.418780999999996,0,rebuilt,2026-08-11,1765145.5,72212102.405,39912273.90782575,derived,149.794,71.7,690.0,,not_computed_day,15.91
2026-08-12,SMWB,09:25:00,1,,8,,,score 10 < 50 (catalyst=routine),7.25,15.31,8.359975,0,rebuilt,2026-08-11,,,958911.1287232399,derived,,,,,not_computed_day,15.31
2026-08-12,WYFI,09:25:00,1,OKISH_CHART,9,,,already scored earlier today,24.22,14.37,27.700414,0,rebuilt,2026-08-11,1889314.5,45759197.19,8711180.364290165,derived,7.213,44.4,1356.0,,not_computed_day,14.37
2026-08-12,LENZ,09:25:00,1,,10,,,quality filter: filter:mcap_too_small: $163M < $500M,5.21,12.83,5.878443000000001,0,rebuilt,2026-08-11,,,129101.75109214615,derived,1.716,,,,not_computed_day,12.83
2026-08-12,HRB,09:25:00,1,,11,,,score 22 < 50 (catalyst=strong),46.67,11.74,52.149058,0,rebuilt,2026-08-11,1709258.5,79771094.19500001,3354301.8046010025,derived,1.306,91.0,220.0,,not_computed_day,11.74
2026-08-12,AII,09:25:00,1,,12,,,quality filter: filter:mcap_too_small: $396M < $500M,20.19,10.66,22.342254,0,rebuilt,2026-08-11,,,82618.94681070227,derived,,,,,not_computed_day,10.66
2026-08-12,ATRO,09:25:00,1,,13,,,already scored earlier today,74.91,10.28,82.610748,0,rebuilt,2026-08-11,461683.5,34584710.985,915462.4241428488,derived,10.371,72.5,670.0,,not_computed_day,10.28
2026-08-13,ARX,09:25:00,1,,1,,,M&A/buyout catalyst — no momentum trade,13.61,44.45,19.659645,0,rebuilt,2026-08-12,1312038.0,17856837.18,259739203.38200745,derived,18789.683,29.2,1717.0,,not_computed_day,44.45
2026-08-13,OMER,09:25:00,1,,2,,,score 42 < 50 (catalyst=routine),13.71,23.69,16.957899,1,rebuilt,2026-08-12,1324422.0,18157825.62,5738680.9819968045,derived,26.977,91.3,212.0,,not_computed_day,23.69
2026-08-13,HLIT,09:25:00,1,,3,,,already scored earlier today,12.0,23.67,14.840399999999999,0,rebuilt,2026-08-12,1267517.0,15210204.0,5506593.717103267,derived,89.461,36.1,1550.0,,not_computed_day,23.67
2026-08-13,LNSR,09:25:00,1,,4,,,"quality filter: filter:adv_too_low: $208,597",6.29,18.1,7.42849,0,rebuilt,2026-08-12,,,5530085.917036523,derived,,,,,not_computed_day,18.1
2026-08-13,JACK,09:25:00,1,,5,,,quality filter: filter:mcap_too_small: $358M < $500M,18.77,17.05,21.970285,1,rebuilt,2026-08-12,700214.0,13143016.78,1343025.334948991,derived,17.775,97.9,53.0,,not_computed_day,17.05
2026-08-13,AIRO,09:25:00,1,,6,,,quality filter: filter:mcap_too_small: $267M < $500M,8.49,15.31,9.789819,0,rebuilt,2026-08-12,,,2707293.2086969945,derived,11.733,,,,not_computed_day,15.31
2026-08-13,CRMD,09:25:00,1,,7,,,already scored earlier today,7.1,15.21,8.17991,0,rebuilt,2026-08-12,,,1296356.1773149697,derived,47.429,,,,not_computed_day,15.21
2026-08-13,ENS,09:25:00,1,,8,,,score 30 < 50 (catalyst=routine),186.72,15.15,215.00808,0,rebuilt,2026-08-12,419578.0,78343604.16,5739734.905696864,derived,67.784,8.9,2209.0,,not_computed_day,15.15
2026-08-13,DERM,09:25:00,1,,9,,,quality filter: filter:mcap_too_small: $177M < $500M,6.43,12.75,7.2498249999999995,0,rebuilt,2026-08-12,,,181069.35583594436,derived,,,,,not_computed_day,12.75
2026-08-13,BIRK,09:25:00,1,,10,,,score 28 < 50 (catalyst=routine),36.74,12.41,41.299434000000005,0,rebuilt,2026-08-12,1374908.0,50514119.92,5645954.528563021,derived,49.443,6.8,2260.0,,not_computed_day,12.41
2026-08-13,AVAH,09:25:00,1,GOOD_CHART,11,,,score 18 < 50 (catalyst=routine),9.05,11.05,10.050025000000002,0,rebuilt,2026-08-12,1806399.0,16347910.950000001,407365.7475689291,derived,14.461,65.2,844.0,,not_computed_day,11.05
2026-08-14,AKAN,09:25:00,1,,1,,,"quality filter: filter:adv_too_low: $287,912",5.01,58.22,7.926821999999999,0,rebuilt,2026-08-13,,,52458360.77191714,derived,12.893,,,0,NEVER_BREACHED,58.22
2026-08-14,DAAQ,09:25:00,1,,2,,,"quality filter: filter:adv_too_low: $130,594",7.26,43.66,10.429715999999999,0,rebuilt,2026-08-13,,,374230.4703363145,derived,,,,1,CLEARED_DECISIVE_NOHOLDDATA,43.66
2026-08-14,BOXL,09:25:00,1,,3,,,already up 132% in prior 5 days (extended),6.8,29.06,8.77608,0,rebuilt,2026-08-13,,,20474946.429240696,derived,,,,4,CLEARED_DECISIVE_NOHOLDDATA,29.06
2026-08-14,ETON,09:25:00,1,,4,,,already scored earlier today,40.8,28.19,52.30152,1,rebuilt,2026-08-13,532104.0,21709843.2,2115770.6940095318,derived,21.725,62.8,907.0,3,BLUE_SKY_NOHOLDDATA,28.19
2026-08-14,HTFL,09:25:00,1,REAL_EP,5,,,already scored earlier today,31.01,23.67,38.350066999999996,0,rebuilt,2026-08-13,914876.0,28370304.76,5031689.092878542,derived,30.93,73.8,639.0,9,CLEARED_DECISIVE_NOHOLDDATA,23.67
2026-08-14,IMXI,09:25:00,1,,6,,,quality filter: filter:mcap_too_small: $353M < $500M,11.7,22.14,14.290379999999999,0,rebuilt,2026-08-13,,,10975219.330899546,derived,,,,2,CLEARED_DECISIVE_NOHOLDDATA,22.14
2026-08-14,BRUN,09:25:00,1,,7,,,EP cooldown — alerted within last 60 days,22.55,19.17,26.872835000000002,0,rebuilt,2026-08-13,1450664.0,32712473.2,9872521.76643666,derived,36.344,5.3,2308.0,2,CLEARED_DECISIVE_NOHOLDDATA,19.17
2026-08-14,UMAC,09:25:00,1,,8,,,score 0 < 50 (catalyst=routine),27.24,16.75,31.802699999999998,0,rebuilt,2026-08-13,3603026.0,98146428.24,31020436.67461358,derived,13.612,87.7,301.0,1,CLEARED_DECISIVE_NOHOLDDATA,16.75
2026-08-14,VERA,09:25:00,1,,9,,,already scored earlier today,28.89,14.4,33.050160000000005,0,rebuilt,2026-08-13,1473178.0,42560112.42,23901226.36598143,derived,86.942,1.9,2392.0,2,CLEARED_DECISIVE_NOHOLDDATA,14.4
2026-08-14,NU,09:25:00,1,,10,,,score 18 < 50 (catalyst=routine),13.93,14.14,15.899702,0,rebuilt,2026-08-13,64896070.0,904002255.1,152859493.75929487,derived,108.238,34.9,1587.0,14,CLEARED_DECISIVE_NOHOLDDATA,14.14
2026-08-14,ACOG,09:25:00,1,,11,,,"quality filter: filter:adv_too_low: $637,552",8.63,12.05,9.669915000000001,0,rebuilt,2026-08-13,,,21240.236227733556,derived,,,,2,CLEARED_DECISIVE_NOHOLDDATA,12.05
2026-08-14,OBX,09:25:00,1,,12,,,quality filter: filter:adv_no_data,18.92,10.99,20.999308000000003,0,rebuilt,2026-08-13,,,9595.040025296626,derived,,0.5,2425.0,,history_too_thin(8d),10.99
2026-08-14,CPS,09:25:00,1,,13,,,quality filter: filter:mcap_too_small: $484M < $500M,27.23,10.91,30.200793,0,rebuilt,2026-08-13,,,118639.69440712729,derived,,,,2,CLEARED_DECISIVE_NOHOLDDATA,10.91
2026-08-14,RDDT,09:25:00,1,,14,,,already scored earlier today,158.12,10.85,175.27602000000002,0,rebuilt,2026-08-13,3756613.0,593995647.5600001,163789306.47040838,derived,7.542,19.4,1966.0,4,CLEARED_DECISIVE_NOHOLDDATA,10.85
2026-08-14,LPTH,09:25:00,1,BAD_CHART,15,,,already scored earlier today,13.12,10.44,14.489728,0,rebuilt,2026-08-13,2250037.0,29520485.439999998,3426402.727439786,derived,5.323,36.3,1553.0,2,CLEARED_DECISIVE_NOHOLDDATA,10.44
2026-08-17,WETO,09:25:00,1,,1,,,already up 128% in prior 5 days (extended),8.22,20.8,9.92976,0,rebuilt,2026-08-14,,,21317173.900786906,derived,,,,,not_computed_day,20.8
2026-08-17,JLHL,09:25:00,1,,2,,,quality filter: filter:atr_too_high: 23.1% > 15.0%,7.19,18.32,8.507208,0,rebuilt,2026-08-14,,,2757516.491153879,derived,,,,,not_computed_day,18.32
2026-08-17,FIEE,09:25:00,1,,3,,,already up 51% in prior 5 days (extended),5.0,17.29,5.8645000000000005,0,rebuilt,2026-08-14,,,12005125.823295908,derived,,,,,not_computed_day,17.29
2026-08-17,NNNN,09:25:00,1,,4,,,"quality filter: filter:adv_too_low: $324,976",8.74,14.42,10.000308,0,rebuilt,2026-08-14,,,487525.14414236794,derived,,,,,not_computed_day,14.42
2026-08-17,DUOT,09:25:00,1,,5,,,quality filter: filter:mcap_too_small: $286M < $500M,9.11,13.61,10.349870999999998,0,rebuilt,2026-08-14,,,1331626.2353785862,derived,8.333,,,,not_computed_day,13.61
2026-08-17,ARGX,09:25:00,1,,6,,,already scored earlier today,851.29,11.91,952.678639,0,rebuilt,2026-08-14,256568.0,218413772.72,10783321.386773692,derived,9.236,14.6,2087.0,,not_computed_day,11.91
2026-08-18,WETO,09:25:00,1,,1,,,already up 581% in prior 5 days (extended),24.59,77.67,43.689053,0,rebuilt,2026-08-17,,,139162147.80702755,derived,,,,,not_computed_day,77.67
2026-08-18,AMLX,09:25:00,1,,2,,,already scored earlier today,21.43,34.67,28.859780999999998,0,rebuilt,2026-08-17,1624678.0,34816849.54,104551729.82886876,derived,1177.05,88.6,280.0,,not_computed_day,34.67
2026-08-18,HAE,09:25:00,1,GOOD_CHART,3,,,score -6 < 50 (catalyst=routine),90.27,12.99,101.99607300000001,0,rebuilt,2026-08-17,745391.0,67286445.57,2436873.802489039,derived,35.694,89.5,259.0,,not_computed_day,12.99
2026-08-18,DUOT,09:25:00,1,,4,,,quality filter: filter:mcap_too_small: $323M < $500M,10.28,11.87,11.500236,0,rebuilt,2026-08-17,,,2959267.0228730952,derived,17.15,,,,not_computed_day,11.87
2026-08-18,BANL,09:25:00,1,,5,,,already up 169% in prior 5 days (extended),10.35,11.11,11.499884999999999,0,rebuilt,2026-08-17,,,30217.50638770434,derived,,,,,not_computed_day,11.11
2026-08-18,AIRG,09:25:00,1,,6,,,"quality filter: filter:adv_too_low: $388,341",5.41,10.54,5.980214,0,rebuilt,2026-08-17,,,5334.985570832818,derived,,,,,not_computed_day,10.54
2026-08-19,TNON,09:25:00,1,,1,,,"quality filter: filter:adv_too_low: $159,684",5.45,116.51,11.799795,0,rebuilt,2026-08-18,,,176344421.22141984,derived,,,,4,CLEARED_DECISIVE_NOHOLDDATA,116.51
2026-08-19,MRNA,09:25:00,1,REAL_EP,2,,,already scored earlier today,62.96,92.19,121.002824,0,rebuilt,2026-08-18,4990228.0,314184754.88,2392322193.0101748,derived,275.137,84.8,370.0,0,BLUE_SKY_NOHOLDDATA,92.19
2026-08-19,MRVI,09:25:00,1,OKISH_CHART,3,,,score 30 < 50 (catalyst=routine),5.74,21.26,6.960324000000001,0,rebuilt,2026-08-18,2096977.0,12036647.98,1847401.627814122,derived,128.678,56.3,1060.0,2,CLEARED_DECISIVE_NOHOLDDATA,21.26
2026-08-19,ARCT,09:25:00,1,,4,,,quality filter: filter:mcap_too_small: $233M < $500M,8.21,18.27,9.709967000000002,0,rebuilt,2026-08-18,,,13154755.569671983,derived,,,,7,CLEARED_DECISIVE_NOHOLDDATA,18.27
2026-08-19,EIKN,09:25:00,1,,5,,,"pre-mkt volume 23,130 < 25,000 shares",11.65,15.88,13.500020000000001,0,rebuilt,2026-08-18,,,294271.96891903656,derived,,,,2,CLEARED_DECISIVE_NOHOLDDATA,15.88
2026-08-19,BNTX,09:25:00,1,,6,,,score 30 < 50 (catalyst=routine),92.75,15.26,106.90365000000001,0,rebuilt,2026-08-18,720999.5,66872703.625,118173459.14855957,derived,179.957,36.5,1541.0,12,CLEARED_DECISIVE_NOHOLDDATA,15.26
2026-08-19,KC,09:25:00,1,,7,,,EP cooldown — alerted within last 60 days,10.84,13.47,12.300148,0,rebuilt,2026-08-18,1065986.0,11555288.24,2709720.756874228,derived,7.003,36.8,1534.0,1,CLEARED_DECISIVE_NOHOLDDATA,13.47
2026-08-19,EL,09:25:00,1,,8,,,score 28 < 50 (catalyst=routine),84.27,13.27,95.452629,0,rebuilt,2026-08-18,2079944.5,175276923.015,29693247.238056038,derived,218.754,38.7,1487.0,10,CLEARED_DECISIVE_NOHOLDDATA,13.27
2026-08-19,MRVL,09:25:00,1,,9,,,already scored earlier today,216.0,12.5,243.0,1,rebuilt,2026-08-18,20495698.5,4427070876.0,1294875925.4260795,derived,4.772,75.5,596.0,1,CLEARED_DECISIVE_NOHOLDDATA,12.5
2026-08-19,TEM,09:25:00,1,,10,,,score 36 < 50 (catalyst=routine),49.36,12.36,55.460896,0,rebuilt,2026-08-18,4359284.5,215174282.92,55883656.933698505,derived,9.774,56.9,1047.0,3,CLEARED_DECISIVE_NOHOLDDATA,12.36
2026-08-19,AXIL,09:25:00,1,,11,,,"quality filter: filter:adv_too_low: $44,620",6.65,10.98,7.38017,0,rebuilt,2026-08-18,,,11589.299957544747,derived,,,,8,CLEARED_DECISIVE_NOHOLDDATA,10.98
2026-08-20,WETO,09:25:00,1,,1,,,already up 475% in prior 5 days (extended),20.76,49.61,31.059036000000003,0,rebuilt,2026-08-19,,,53729069.38229436,derived,,,,,not_computed_day,49.61
2026-08-20,BANF,09:25:00,1,,2,,,M&A/buyout catalyst — no momentum trade,112.92,22.49,138.315708,0,rebuilt,2026-08-19,117504.0,13268551.68,0.0,derived,0.873,28.6,1746.0,,not_computed_day,22.49
2026-08-20,SCSC,09:25:00,1,,3,,,,51.42,20.58,62.002236,0,rebuilt,2026-08-19,235304.0,12099331.68,763481.9732927036,derived,5.171,40.1,1466.0,,not_computed_day,20.58
2026-08-20,TMS,09:25:00,1,,4,,,"quality filter: filter:adv_too_low: $436,523",7.71,14.14,8.800194,0,rebuilt,2026-08-19,,,6965.528922322055,derived,,,,,not_computed_day,14.14
2026-08-20,BULL,09:25:00,1,,5,,,already scored earlier today,8.64,13.77,9.829728,0,rebuilt,2026-08-19,8167524.0,70567407.36,31811536.139788948,derived,37.871,92.0,196.0,,not_computed_day,13.77
2026-08-20,ELOX,09:25:00,1,,6,,,"quality filter: filter:adv_too_low: $758,925",18.155,10.16,19.999548,0,rebuilt,2026-08-19,,,32109.366344020073,derived,,,,,not_computed_day,10.16
2026-08-20,MSTR,09:25:00,1,,7,,,"routine catalyst, gap 9.4%",104.25,9.39,114.03907500000001,0,rebuilt,2026-08-19,14915519.0,1554942855.75,641593037.6063765,derived,11.945,28.0,1762.0,,not_computed_day,9.39
2026-08-21,RFAI,09:25:00,1,,1,,,"quality filter: filter:adv_too_low: $67,037",12.73,204.01,38.700472999999995,0,rebuilt,2026-08-20,,,33276185.440535497,derived,,,,,not_computed_day,204.01
2026-08-21,PAL,09:25:00,1,,2,,,quality filter: filter:mcap_too_small: $146M < $500M,5.21,16.89,6.089969,0,rebuilt,2026-08-20,,,0.0,derived,,,,,not_computed_day,16.89
2026-08-21,IPST,09:25:00,1,,3,,,already up 413% in prior 5 days (extended),10.31,13.87,11.739997,0,rebuilt,2026-08-20,,,2553712.117641806,derived,,,,,not_computed_day,13.87
2026-08-21,RPC,09:25:00,1,,4,,,"routine catalyst, gap 10.2%",8.63,10.2,9.510260000000002,0,rebuilt,2026-08-20,,,0.0,derived,,,,,not_computed_day,10.2
2026-08-21,ELAB,09:25:00,1,,5,,,already up 989% in prior 5 days (extended),6.1,9.67,6.68987,0,rebuilt,2026-08-20,,,0.0,derived,,,,,not_computed_day,9.67
2026-08-24,SDOT,09:25:00,1,,1,,,quality filter: filter:atr_too_high: 16.2% > 15.0%,13.18,65.33,21.790494,0,rebuilt,2026-08-21,,,181993883.20560235,derived,17.006,,,,not_computed_day,65.33
2026-08-24,NSSC,09:25:00,1,,2,,,score 60 < bar 65 (catalyst=strong),38.09,20.14,45.761326000000004,0,rebuilt,2026-08-21,,,3492179.464031149,derived,99.409,,,,not_computed_day,20.14
2026-08-24,HVII,09:25:00,1,,3,,,"quality filter: filter:adv_too_low: $600,114",6.385,19.97,7.6600845,0,rebuilt,2026-08-21,,,354737.42186410184,derived,,,,,not_computed_day,19.97
2026-08-24,SUPX,09:25:00,1,,4,,,quality filter: filter:mcap_too_small: $368M < $500M,8.52,13.26,9.649752,0,rebuilt,2026-08-21,,,564485.1867754571,derived,15.392,,,,not_computed_day,13.26
2026-08-24,AERO,09:25:00,1,,5,,,"pre-mkt volume 3,037 < 25,000 shares",13.72,9.18,14.979496000000003,0,rebuilt,2026-08-21,,,37882.0218357428,derived,2.634,,,,not_computed_day,9.18
2026-08-25,AMIX,09:25:00,1,,1,,,quality filter: filter:atr_too_high: 32.5% > 15.0%,5.37,48.03,7.949211,0,rebuilt,2026-08-24,,,48843452.79178255,derived,,,,,not_computed_day,48.03
2026-08-25,DFNS,09:25:00,1,,2,,,quality filter: filter:atr_too_high: 57.6% > 15.0%,11.01,38.69,15.269769,0,rebuilt,2026-08-24,,,90225359.34428775,derived,3.567,,,,not_computed_day,38.69
2026-08-25,NBBK,09:25:00,1,,3,,,score 60 < bar 65 (catalyst=strong),22.51,24.39,28.000189000000002,0,rebuilt,2026-08-24,,,0.0,derived,1.255,,,,not_computed_day,24.39
2026-08-25,GRML,09:25:00,1,,4,,,"quality filter: filter:adv_too_low: $533,390",8.55,19.88,10.24974,0,rebuilt,2026-08-24,,,5615070.742812506,derived,,,,,not_computed_day,19.88
2026-08-25,PMI,09:25:00,1,,5,,,"quality filter: filter:adv_too_low: $248,885",5.13,17.33,6.019029,0,rebuilt,2026-08-24,,,5102675.920286781,derived,,,,,not_computed_day,17.33
2026-08-25,MEI,09:25:00,1,,6,,,"filter:pm_rvol_too_low: pm_rvol=0.52x (today 2,422 / baseline 4,697 n=19) < 1.0x",14.03,10.48,15.500344,0,rebuilt,2026-08-24,,,0.0,derived,0.516,,,,not_computed_day,10.48
2026-08-25,KURA,09:25:00,1,,7,,,EP cooldown — alerted within last 60 days,12.4,9.68,13.60032,0,rebuilt,2026-08-24,1464806.0,18163594.400000002,1946119.8876691572,derived,8.117,93.0,174.0,,not_computed_day,9.68
2026-08-26,PLAB,09:25:00,1,,1,,,score 28 < bar 65 (catalyst=routine),29.32,22.61,35.949252,0,rebuilt,2026-08-25,857270.0,25135156.4,18345087.386767663,derived,66.225,7.8,2270.0,,not_computed_day,22.61
2026-08-26,XPON,09:25:00,1,,2,,,"quality filter: filter:adv_too_low: $133,051",5.27,21.06,6.379861999999999,0,rebuilt,2026-08-25,,,11874292.384741774,derived,,,,,not_computed_day,21.06
2026-08-26,SDOT,09:25:00,1,,3,,,already up 94% in prior 5 days (extended),16.35,20.8,19.7508,0,rebuilt,2026-08-25,,,12594990.34583379,derived,1.296,,,,not_computed_day,20.8
2026-08-26,ANF,09:25:00,1,,4,,,score 46 < bar 65 (catalyst=routine),108.9,13.52,123.62328000000001,0,rebuilt,2026-08-25,1053873.5,114766824.15,58627426.22529441,derived,180.56,69.9,741.0,,not_computed_day,13.52
2026-08-26,SMMT,09:25:00,1,,5,,,score 55 < bar 65 (catalyst=strong),13.36,12.65,15.050040000000001,0,rebuilt,2026-08-25,4307435.0,57547331.599999994,15114133.469638031,derived,62.177,15.2,2090.0,,not_computed_day,12.65
2026-08-26,BRNX,09:25:00,1,,6,,,already up 110% in prior 5 days (extended),5.56,12.41,6.249996,0,rebuilt,2026-08-25,,,1295374.9631740556,derived,,0.0,2463.0,,not_computed_day,12.41
2026-08-27,OKTA,09:25:00,1,,1,,,already scored earlier today,134.42,20.09,161.42497799999998,0,rebuilt,2026-08-26,2536291.0,340928236.21999997,62812366.81848979,derived,42.723,58.6,1008.0,,not_computed_day,20.09
2026-08-27,LTRX,09:25:00,1,,2,,,quality filter: filter:mcap_too_small: $252M < $500M,5.66,14.3,6.46938,0,rebuilt,2026-08-26,,,803979.5505240521,derived,2.792,,,,not_computed_day,14.3
2026-08-27,DAIC,09:25:00,1,,3,,,already up 1126% in prior 5 days (extended),5.15,13.2,5.829800000000001,0,rebuilt,2026-08-26,,,23264917.089521986,derived,,,,,not_computed_day,13.2
2026-08-27,BRNX,09:25:00,1,,4,,,already up 135% in prior 5 days (extended),6.24,12.53,7.021872,0,rebuilt,2026-08-26,,,22729311.804533467,derived,,0.0,2432.0,,not_computed_day,12.53
2026-08-27,MBUU,09:25:00,1,,5,,,score 60 < bar 65 (catalyst=strong),26.64,11.3,29.65032,0,rebuilt,2026-08-26,,,53098.41160185139,derived,5.944,,,,not_computed_day,11.3
2026-08-27,CRM,09:25:00,1,,6,,,score 59 < bar 65 (catalyst=routine),205.62,10.31,226.819422,1,rebuilt,2026-08-26,10811488.0,2223058162.56,210596725.380235,derived,9.235,81.8,443.0,,not_computed_day,10.31
2026-08-27,CRWD,09:25:00,1,,7,,,already scored earlier today,189.18,9.35,206.86833,0,rebuilt,2026-08-26,7154708.0,1353527659.44,85579027.03835747,derived,5.165,56.1,1067.0,,not_computed_day,9.35
2026-08-27,AMKR,09:25:00,1,,8,,,"routine catalyst, gap 9.3%",48.4,9.3,52.901199999999996,0,rebuilt,2026-08-26,4563258.0,220861687.2,11107917.037182195,derived,1.85,2.1,2380.0,,not_computed_day,9.3
2026-08-28,ESTC,09:25:00,1,,1,,,score 60 < bar 65 (catalyst=routine),83.74,24.56,104.306544,1,rebuilt,2026-08-27,2169538.0,181677112.11999997,37943077.48614504,derived,77.585,98.0,49.0,,not_computed_day,24.56
2026-08-28,GAP,09:25:00,1,,2,,,score 45 < bar 65 (catalyst=routine),20.79,16.31,24.180849,0,rebuilt,2026-08-27,5446648.0,113235811.92,30419843.436343584,derived,77.191,39.4,1463.0,,not_computed_day,16.31
2026-08-28,SOLS,09:25:00,1,,3,,,already scored earlier today,56.34,15.5,65.07270000000001,0,rebuilt,2026-08-27,2122562.0,119585143.08000001,35113881.55020859,derived,41.341,2.1,2365.0,,not_computed_day,15.5
2026-08-28,AFRM,09:25:00,1,,4,,,score 60 < bar 65 (catalyst=routine),77.49,11.63,86.502087,1,rebuilt,2026-08-27,2867491.0,222201877.58999997,50813801.66140207,derived,53.747,64.0,869.0,,not_computed_day,11.63
2026-08-28,EROK,09:25:00,1,,5,,,score 60 < bar 65 (catalyst=strong),24.74,11.56,27.599943999999997,0,rebuilt,2026-08-27,,,0.0,derived,0.077,,,,not_computed_day,11.56
2026-08-28,UMC,09:25:00,1,,6,,,"routine catalyst, gap 9.6%",19.07,9.6,20.900720000000003,0,rebuilt,2026-08-27,11826028.0,225522353.96,15911636.502172131,derived,2.53,47.9,1259.0,,not_computed_day,9.6
2026-08-28,XPON,09:25:00,1,,7,,,already up 132% in prior 5 days (extended),7.97,9.03,8.689691,0,rebuilt,2026-08-27,,,7600475.491903341,derived,,,,,not_computed_day,9.03
2026-08-31,MOVE,09:25:00,1,,1,3,quality_filter,"quality filter: filter:adv_too_low: $883,651",11.49,32.38,15.21,0,logged,2026-08-28,,,60354192.6,logged,611.095,,,,not_computed_day,32.38
2026-08-31,WETO,09:25:00,1,,2,5,quality_filter,quality filter: filter:atr_too_high: 167.3% > 15.0%,5.72,24.3,7.11,0,logged,2026-08-28,,,16672814.91,logged,,,,,not_computed_day,24.3
2026-08-31,SAIC,09:25:00,1,,3,4,score_bar,score 42 < bar 65 (catalyst=routine),125.96,13.01,142.3417,0,logged,2026-08-28,385700.0,48582772.0,7234516.9025,logged,53.256,76.0,581.0,,not_computed_day,13.01
2026-08-31,BY,09:25:00,1,,4,1,rvol_gate,filter:pm_rvol_too_low: pm_rvol=0.60x (today 200 / baseline 336 n=11) < 1.0x,38.3,9.66,42.0,0,logged,2026-08-28,,,8400.0,logged,0.596,,,,not_computed_day,9.66
2026-08-31,CNXU,09:25:00,1,,5,2,quality_filter,quality filter: filter:mcap_too_small: $189M < $500M,7.07,9.02,7.7077,0,logged,2026-08-28,,,7522.7152,logged,,,,,not_computed_day,9.02
2026-09-01,WETO,09:25:00,1,,1,3,quality_filter,quality filter: filter:atr_too_high: 185.0% > 15.0%,5.48,38.87,7.61,0,logged,2026-08-31,,,32848047.52,logged,,,,,not_computed_day,38.87
2026-09-01,YEXT,09:25:00,1,,2,4,score_bar,score 28 < bar 65 (catalyst=routine),6.77,16.1,7.86,0,logged,2026-08-31,,,696891.18,logged,1.773,,,,not_computed_day,16.1
2026-09-01,BLSM,09:25:00,1,,3,1,post_grade_filter,"pre-mkt volume 1,000 < 25,000 shares",18.3,9.29,20.0,0,logged,2026-08-31,,,20000.0,logged,,,,,not_computed_day,9.29
2026-09-01,PXS,09:25:00,1,,4,2,quality_filter,"quality filter: filter:adv_too_low: $189,562",5.36,9.14,5.85,0,logged,2026-08-31,,,742797.8999999999,logged,,,,,not_computed_day,9.14
2026-09-02,JLHL,09:25:00,1,,1,4,quality_filter,quality filter: filter:mcap_too_small: $121M < $500M,5.62,27.05,7.14,0,logged,2026-09-01,,,56328666.66,logged,,,,,not_computed_day,27.05
2026-09-02,GTLB,09:25:00,1,,2,1,score_bar,score 52 < bar 65 (catalyst=routine),45.09,22.58,55.27,1,logged,2026-09-01,4024724.5,181474827.705,70038144.0,logged,84.761,96.9,75.0,,not_computed_day,22.58
2026-09-02,BIAF,09:25:00,1,,3,2,quality_filter,"quality filter: filter:adv_too_low: $232,409",6.59,14.94,7.5743,0,logged,2026-09-01,,,4109739.437,logged,,,,,not_computed_day,14.94
2026-09-02,VLRS,09:25:00,1,,4,5,post_grade_filter,"pre-mkt volume 4,551 < 25,000 shares",6.39,13.24,7.2362,0,logged,2026-09-01,,,32931.9462,logged,,,,,not_computed_day,13.24
2026-09-02,DELL,09:25:00,1,,5,3,score_bar,score 46 < bar 65 (catalyst=routine),425.0,10.17,468.21,0,logged,2026-09-01,4970277.0,2112367725.0,521010041.7,logged,12.064,64.6,848.0,,not_computed_day,10.17
2026-09-03,AEHL,09:25:00,1,,1,4,extension,already up 53% in prior 5 days (extended),5.43,49.87,8.1379,0,logged,2026-09-02,,,74413413.3224,logged,,,,3,CLEARED_DECISIVE_NOHOLDDATA,49.87
2026-09-03,BIAF,09:25:00,1,,2,5,extension,already up 114% in prior 5 days (extended),9.75,34.87,13.15,0,logged,2026-09-02,,,79862737.8,logged,,,,1,CLEARED_DECISIVE_NOHOLDDATA,34.87
2026-09-03,CHPT,09:25:00,1,REAL_EP,3,6,quality_filter,quality filter: filter:mcap_too_small: $134M < $500M,5.19,29.09,6.7,0,logged,2026-09-02,,,5614680.4,logged,,,,11,CLEARED_DECISIVE_NOHOLDDATA,29.09
2026-09-03,SNOW,09:25:00,1,,4,3,duplicate,already scored earlier today,305.84,22.94,376.01,1,logged,2026-09-02,4034498.0,1233910868.32,382363816.98,logged,23.918,67.8,773.0,3,BLUE_SKY_NOHOLDDATA,22.94
2026-09-03,NTSK,09:25:00,1,,5,2,score_bar,score 49 < bar 65 (catalyst=routine),13.75,14.69,15.77,1,logged,2026-09-02,4023560.0,55323950.0,3810032.0,logged,21.72,63.0,889.0,1,CLEARED_MARGINAL_NOHOLDDATA,14.69
2026-09-03,HCM,09:25:00,1,,6,7,quality_filter,"quality filter: filter:adv_too_low: $690,715",12.04,12.54,13.55,0,logged,2026-09-02,,,558422.6,logged,,,,2,CLEARED_DECISIVE_NOHOLDDATA,12.54
2026-09-03,REA,09:25:00,1,,7,8,rvol_gate,"filter:pm_rvol_too_low: pm_rvol=0.04x (today 803 / baseline 21,878 n=12) < 1.0x",11.9,11.34,13.25,0,logged,2026-09-02,,,10639.75,logged,0.037,,,0,NEVER_BREACHED,11.34
2026-09-03,USDE,09:25:00,1,,8,9,quality_filter,quality filter: filter:atr_too_high: 20.7% > 15.0%,7.5,9.6,8.22,0,logged,2026-09-02,,,5722246.140000001,logged,,,,0,NEVER_BREACHED,9.6
2026-09-03,CGAU,09:25:00,1,,9,1,rvol_gate,"filter:pm_rvol_too_low: pm_rvol=0.65x (today 4,686 / baseline 7,257 n=22) < 1.0x",22.26,9.02,24.2689,1,logged,2026-09-02,1312839.0,29223796.14,113724.06539999999,logged,0.646,89.4,255.0,0,NEVER_BREACHED,9.02
2026-09-04,AOUT,09:25:00,1,,1,1,quality_filter,"quality filter: filter:adv_too_low: $528,169",10.01,27.37,12.75,0,logged,2026-09-03,,,1820980.5,logged,,,,,not_computed_day,27.37
2026-09-04,IOT,09:25:00,1,,2,3,score_bar,score 40 < bar 65 (catalyst=routine),38.75,14.97,44.55,0,logged,2026-09-03,4757703.0,184360991.25,22023292.5,logged,44.039,60.9,938.0,,not_computed_day,14.97
2026-09-04,SWBI,09:25:00,1,,3,6,score_bar,score 52 < bar 65 (catalyst=strong),12.27,14.1,14.0,0,logged,2026-09-03,,,624246.0,logged,4.329,,,,not_computed_day,14.1
2026-09-04,BBCP,09:25:00,1,,4,2,quality_filter,quality filter: filter:mcap_too_small: $456M < $500M,9.05,14.03,10.32,0,logged,2026-09-03,,,586919.04,logged,,,,,not_computed_day,14.03
2026-09-04,PDEX,09:25:00,1,,5,4,quality_filter,quality filter: filter:mcap_too_small: $197M < $500M,61.75,10.11,67.99,0,logged,2026-09-03,,,45145.35999999999,logged,,,,,not_computed_day,10.11
2026-09-04,PL,09:25:00,1,,6,5,score_bar,score 59 < bar 65 (catalyst=strong),18.35,10.08,20.2,0,logged,2026-09-03,4773229.0,87588752.15,40370528.199999996,logged,21.806,0.4,2388.0,,not_computed_day,10.08
2026-09-08,PHVS,09:25:00,1,,1,3,duplicate,already scored earlier today,35.25,17.73,41.5,0,logged,2026-09-04,570431.0,20107692.75,23897982.5,logged,495.537,72.0,672.0,,not_computed_day,17.73
2026-09-08,EAF,09:25:00,1,,2,2,quality_filter,quality filter: filter:mcap_too_small: $162M < $500M,6.2,17.58,7.29,0,logged,2026-09-04,,,298467.18,logged,,,,,not_computed_day,17.58
2026-09-08,ROIV,09:25:00,1,,3,4,duplicate,already scored earlier today,34.93,17.43,41.02,0,logged,2026-09-04,5854685.0,204504147.05,33445821.080000002,logged,78.717,56.2,1050.0,,not_computed_day,17.43
2026-09-08,SEI,09:25:00,1,,4,5,duplicate,already scored earlier today,55.0,11.71,61.44,0,logged,2026-09-04,2071269.0,113919795.0,5298892.8,logged,26.982,4.3,2292.0,,not_computed_day,11.71
2026-09-08,ATRA,09:25:00,1,,5,1,quality_filter,"quality filter: filter:adv_too_low: $329,662",9.76,9.84,10.72,0,logged,2026-09-04,,,8040.000000000001,logged,,,,,not_computed_day,9.84
2026-09-09,ODD,09:25:00,1,,1,6,score_bar,score 40 < bar 65 (catalyst=routine),13.025,34.2,17.48,0,logged,2026-09-08,812552.0,10583489.8,32556709.76,logged,969.527,36.7,1521.0,,not_computed_day,34.2
2026-09-09,BIAF,09:25:00,1,,2,1,extension,already up 96% in prior 5 days (extended),8.93,19.93,10.71,0,logged,2026-09-08,,,33213166.560000002,logged,,,,,not_computed_day,19.93
2026-09-09,SIG,09:25:00,1,,3,8,score_bar,score 42 < bar 65 (catalyst=routine),82.67,13.69,93.99,0,logged,2026-09-08,643782.0,53221457.94,30735951.869999997,logged,533.463,41.6,1404.0,,not_computed_day,13.69
2026-09-09,FGL,09:25:00,1,,4,3,quality_filter,quality filter: filter:atr_too_high: 82.8% > 15.0%,7.57,12.42,8.51,0,logged,2026-09-08,,,20267560.669999998,logged,,,,,not_computed_day,12.42
2026-09-09,RTB,09:25:00,1,,5,7,quality_filter,"quality filter: filter:adv_too_low: $571,257",8.89,12.26,9.98,0,logged,2026-09-08,,,57285.200000000004,logged,,,,,not_computed_day,12.26
2026-09-09,JILL,09:25:00,1,,6,5,quality_filter,quality filter: filter:mcap_too_small: $297M < $500M,19.84,10.79,21.98,0,logged,2026-09-08,,,6228714.38,logged,,,,,not_computed_day,10.79
2026-09-09,FBYD,09:25:00,1,,7,2,quality_filter,"quality filter: filter:adv_too_low: $755,726",8.07,9.48,8.8348,0,logged,2026-09-08,,,39191.1728,logged,23.524,,,,not_computed_day,9.48
2026-09-09,INNV,09:25:00,1,,8,4,score_bar,score 34 < bar 65 (catalyst=routine),10.52,9.41,11.51,0,logged,2026-09-08,,,440729.41,logged,,,,,not_computed_day,9.41
2026-09-10,PCLA,09:25:00,1,,1,1,quality_filter,"quality filter: filter:adv_too_low: $388,285",7.42,23.45,9.16,0,logged,2026-09-09,,,14319828.0,logged,,,,,not_computed_day,23.45
2026-09-11,TNON,09:25:00,1,,1,7,extension,already up 117% in prior 5 days (extended),5.3,54.22,8.1736,0,logged,2026-09-10,,,246612224.48000002,logged,,,,,not_computed_day,54.22
2026-09-11,ACVA,09:25:00,1,,2,1,post_grade_filter,M&A/buyout catalyst — no momentum trade,7.22,44.74,10.45,0,logged,2026-09-10,3337113.5,24093959.47,389204481.59999996,logged,293.159,54.2,1084.0,,not_computed_day,44.74
2026-09-11,FEIM,09:25:00,1,,3,3,score_bar,score 52 < bar 65 (catalyst=strong),62.06,32.58,82.28,0,logged,2026-09-10,227718.0,14132179.08,3609376.7600000002,logged,39.959,55.1,1063.0,,not_computed_day,32.58
2026-09-11,PCLA,09:25:00,1,,4,5,extension,already up 54% in prior 5 days (extended),9.72,28.81,12.52,0,logged,2026-09-10,,,18679476.919999998,logged,,,,,not_computed_day,28.81
2026-09-11,COLA,09:25:00,1,,5,2,quality_filter,"quality filter: filter:adv_too_low: $93,011",8.3,27.95,10.62,0,logged,2026-09-10,,,557942.94,logged,,,,,not_computed_day,27.95
2026-09-11,HOFT,09:25:00,1,,6,4,quality_filter,"quality filter: filter:adv_too_low: $426,864",12.565,12.02,14.0754,0,logged,2026-09-10,,,137333.6778,logged,,,,,not_computed_day,12.02
2026-09-11,STN,09:25:00,1,,7,6,post_grade_filter,"routine catalyst, gap 10.3%",70.04,10.29,77.25,0,logged,2026-09-10,282759.5,19804475.380000003,27346.5,logged,1.884,27.6,1715.0,,not_computed_day,10.29
2026-09-14,ELMT,09:25:00,1,,1,4,quality_filter,quality filter: filter:mcap_too_small: $493M < $500M,16.19,42.31,23.04,0,logged,2026-09-11,,,84021972.48,logged,417.266,,,,not_computed_day,42.31
2026-09-14,BMM,09:25:00,1,,2,1,score_bar,score 46 < bar 65 (catalyst=strong),5.455,20.99,6.6,0,logged,2026-09-11,,,3178903.1999999997,logged,,,,,not_computed_day,20.99
2026-09-14,DFTX,09:25:00,1,,3,3,duplicate,already scored earlier today,38.89,13.88,44.2897,0,logged,2026-09-11,1628618.0,63336954.02,22395352.5432,logged,10.347,28.6,1688.0,,not_computed_day,13.88
2026-09-14,DERM,09:25:00,1,,4,2,quality_filter,quality filter: filter:mcap_too_small: $204M < $500M,7.23,10.65,8.0,0,logged,2026-09-11,,,3600.0,logged,,,,,not_computed_day,10.65
2026-09-14,MLEC,09:25:00,1,,5,5,quality_filter,"quality filter: filter:adv_too_low: $58,412",7.03,9.82,7.72,0,logged,2026-09-11,,,138388.72,logged,,,,,not_computed_day,9.82
2026-09-15,RLGT,09:25:00,1,,1,1,quality_filter,"quality filter: filter:adv_too_low: $984,175",8.21,13.52,9.32,0,logged,2026-09-14,,,1581147.32,logged,,,,,not_computed_day,13.52
2026-09-15,TNON,09:25:00,1,,2,2,extension,already up 128% in prior 5 days (extended),5.56,13.49,6.31,0,logged,2026-09-14,,,25854953.669999998,logged,,,,,not_computed_day,13.49
2026-09-15,VERA,09:25:00,1,,3,3,cooldown,EP cooldown — alerted within last 60 days,34.05,11.6,38.0,0,logged,2026-09-14,1514973.5,51584847.675,49717300.0,logged,22.93,40.4,1429.0,,not_computed_day,11.6
2026-09-15,WAY,09:25:00,1,,4,4,post_grade_filter,M&A/buyout catalyst — no momentum trade,24.9,9.56,27.28,0,logged,2026-09-14,1688234.0,42037026.599999994,3500869.68,logged,34.93,78.5,517.0,,not_computed_day,9.56
2026-09-16,FTFT,09:25:00,1,,1,1,extension,already up 338% in prior 5 days (extended),5.74,22.47,7.0298,0,logged,2026-09-15,,,12621858.2742,logged,,,,,not_computed_day,22.47
2026-09-16,LUXE,09:25:00,1,,2,2,quality_filter,"quality filter: filter:adv_too_low: $680,082",7.15,17.76,8.42,0,logged,2026-09-15,,,682289.44,logged,,,,,not_computed_day,17.76
2026-09-16,NRXS,09:25:00,1,,3,3,quality_filter,"quality filter: filter:adv_too_low: $375,629",5.7,11.05,6.33,0,logged,2026-09-15,,,192742.17,logged,,,,,not_computed_day,11.05
2026-09-17,GNRC,09:25:00,1,,1,3,score_bar,score 59 < bar 65 (catalyst=strong),175.11,30.92,229.25,0,logged,2026-09-16,750596.0,131436865.56000002,78728347.25,logged,188.369,2.7,2301.0,,not_computed_day,30.92
2026-09-17,BIAF,09:25:00,1,,2,2,quality_filter,quality filter: filter:atr_too_high: 54.6% > 15.0%,5.35,30.47,6.98,0,logged,2026-09-16,,,44179246.900000006,logged,,,,,not_computed_day,30.47
2026-09-17,AEHL,09:25:00,1,,3,1,extension,already up 79% in prior 5 days (extended),9.22,26.9,11.7,0,logged,2026-09-16,,,12511874.7,logged,,,,,not_computed_day,26.9
2026-09-17,VEEA,09:25:00,1,,4,10,extension,already up 291% in prior 5 days (extended),6.1,26.89,7.74,0,logged,2026-09-16,,,47482616.7,logged,,,,,not_computed_day,26.89
2026-09-17,RTB,09:25:00,1,,5,8,quality_filter,"quality filter: filter:adv_too_low: $650,641",8.89,23.96,11.02,0,logged,2026-09-16,,,633771.22,logged,,,,,not_computed_day,23.96
2026-09-17,MKDW,09:25:00,1,,6,6,extension,already up 53% in prior 5 days (extended),7.79,14.25,8.9,0,logged,2026-09-16,,,6306308.600000001,logged,,,,,not_computed_day,14.25
2026-09-17,INIO,09:25:00,1,,7,4,score_bar,score 55 < bar 65 (catalyst=strong),18.71,12.24,21.0,0,logged,2026-09-16,3572024.0,66832569.04000001,1619142.0,logged,9.57,0.8,2346.0,,not_computed_day,12.24
2026-09-17,VICR,09:25:00,1,,8,11,duplicate,already scored earlier today,183.91,12.02,206.02,0,logged,2026-09-16,637993.0,117333292.63,2226252.12,logged,3.029,9.3,2145.0,,not_computed_day,12.02
2026-09-17,MGNI,09:25:00,1,,9,5,score_bar,score 55 < bar 65 (catalyst=strong),23.78,11.02,26.4,0,logged,2026-09-16,1738192.0,41334205.760000005,4134372.0,logged,75.467,94.6,128.0,,not_computed_day,11.02
2026-09-17,NBIS,09:25:00,1,,10,7,cooldown,EP cooldown — alerted within last 60 days,209.37,10.04,230.4,0,logged,2026-09-16,13283273.0,2781118868.01,395579520.0,logged,1.605,67.4,771.0,,not_computed_day,10.04
2026-09-17,SCZM,09:25:00,1,,11,9,post_grade_filter,"pre-mkt volume 10,473 < 25,000 shares",8.31,9.03,9.06,0,logged,2026-09-16,,,94885.38,logged,,,,,not_computed_day,9.03
2026-09-18,USDE,09:25:00,1,,1,6,quality_filter,quality filter: filter:atr_too_high: 19.3% > 15.0%,7.71,23.87,9.55,0,logged,2026-09-17,3520837.5,27145657.125,32623907.8,logged,3.234,69.6,726.0,,not_computed_day,23.87
2026-09-18,SVRN,09:25:00,1,,2,5,quality_filter,"quality filter: filter:adv_too_low: $216,643",14.19,17.48,16.67,0,logged,2026-09-17,,,255101.01000000004,logged,,,,,not_computed_day,17.48
2026-09-18,BIAF,09:25:00,1,,3,1,extension,already up 64% in prior 5 days (extended),8.75,17.38,10.271,0,logged,2026-09-17,,,12685732.642,logged,,,,,not_computed_day,17.38
2026-09-18,DSP,09:25:00,1,,4,3,score_bar,score 52 < bar 65 (catalyst=strong),10.02,16.07,11.63,0,logged,2026-09-17,,,3582644.7600000002,logged,,,,,not_computed_day,16.07
2026-09-18,NXTC,09:25:00,1,,5,4,quality_filter,"quality filter: filter:adv_too_low: $603,974",5.67,12.52,6.38,0,logged,2026-09-17,,,3828.0,logged,,,,,not_computed_day,12.52
2026-09-18,BNC,09:25:00,1,,6,2,quality_filter,quality filter: filter:mcap_too_small: $223M < $500M,5.42,9.23,5.92,0,logged,2026-09-17,,,10029373.92,logged,,,,,not_computed_day,9.23
2026-09-21,VEEE,09:25:00,1,,1,14,quality_filter,"quality filter: filter:adv_too_low: $117,939",8.58,69.81,14.57,0,logged,2026-09-18,,,68598168.03,logged,37.992,,,,not_computed_day,69.81
2026-09-21,PRTH,09:25:00,1,,2,11,quality_filter,quality filter: filter:mcap_too_small: $481M < $500M,5.83,33.53,7.785,0,logged,2026-09-18,,,16765729.290000001,logged,,,,,not_computed_day,33.53
2026-09-21,CRML,09:25:00,1,,3,5,score_bar,score 46 < bar 65 (catalyst=strong),6.73,29.72,8.73,0,logged,2026-09-18,6085503.0,40955435.190000005,48732090.93,logged,21.264,32.9,1598.0,,not_computed_day,29.72
2026-09-21,SVRN,09:25:00,1,,4,12,extension,already up 83% in prior 5 days (extended),20.32,26.23,25.65,0,logged,2026-09-18,,,1108593.0,logged,,,,,not_computed_day,26.23
2026-09-21,USDE,09:25:00,1,,5,13,extension,already up 67% in prior 5 days (extended),10.19,25.61,12.8,0,logged,2026-09-18,3877155.0,39508209.449999996,46706252.800000004,logged,2.83,100.0,2.0,,not_computed_day,25.61
2026-09-21,NUAI,09:25:00,1,,6,8,score_bar,score 28 < bar 65 (catalyst=routine),5.86,17.75,6.9,0,logged,2026-09-18,5247521.5,30750475.990000002,20923746.3,logged,33.213,96.3,89.0,,not_computed_day,17.75
2026-09-21,OPTX,09:25:00,1,,7,10,quality_filter,quality filter: filter:mcap_too_small: $274M < $500M,6.79,15.61,7.85,0,logged,2026-09-18,,,1362948.4,logged,1.337,,,,not_computed_day,15.61
2026-09-21,GRAL,09:25:00,1,,8,1,score_bar,score 55 < bar 65 (catalyst=routine),80.77,13.9,92.0,1,logged,2026-09-18,658230.5,53165277.485,2895424.0,logged,18.536,90.0,239.0,,not_computed_day,13.9
2026-09-21,ARHS,09:25:00,1,,9,4,score_bar,score 46 < bar 65 (catalyst=strong),7.79,10.91,8.64,0,logged,2026-09-18,,,247872.96000000002,logged,3.684,,,,not_computed_day,10.91
2026-09-21,NXTT,09:25:00,1,,10,9,quality_filter,"quality filter: filter:adv_too_low: $285,447",5.36,10.82,5.94,0,logged,2026-09-18,,,51868.08,logged,,,,,not_computed_day,10.82
2026-09-21,MBIN,09:25:00,1,,11,7,post_grade_filter,"routine catalyst, gap 10.7%",52.07,10.72,57.65,0,logged,2026-09-18,,,10549.949999999999,logged,0.398,,,,not_computed_day,10.72
2026-09-21,XXI,09:25:00,1,,12,15,post_grade_filter,"routine catalyst, gap 10.5%",5.81,10.5,6.42,0,logged,2026-09-18,,,1550076.9,logged,15.492,,,,not_computed_day,10.5
2026-09-21,AEMD,09:25:00,1,,13,2,extension,already up 341% in prior 5 days (extended),6.31,10.46,6.97,0,logged,2026-09-18,,,1628645.05,logged,,,,,not_computed_day,10.46
2026-09-21,DFDV,09:25:00,1,,14,6,quality_filter,quality filter: filter:mcap_too_small: $198M < $500M,6.06,10.23,6.68,0,logged,2026-09-18,1962454.5,11892474.27,3230007.1199999996,logged,6.192,97.5,61.0,,not_computed_day,10.23
2026-09-21,ALMR,09:25:00,1,,15,3,post_grade_filter,"routine catalyst, gap 9.0%",34.85,9.04,38.0,0,logged,2026-09-18,313797.0,10935825.450000001,34998.0,logged,1.469,98.2,43.0,,not_computed_day,9.04
2026-09-22,GRML,09:25:00,1,,1,3,extension,already up 231% in prior 5 days (extended),9.42,38.96,13.09,0,logged,2026-09-21,,,289024280.93,logged,,,,,not_computed_day,38.96
2026-09-22,VKTX,09:25:00,1,,2,9,post_grade_filter,M&A/buyout catalyst — no momentum trade,30.11,27.86,38.5,0,logged,2026-09-21,1944883.0,58560427.129999995,316045152.5,logged,794.303,19.6,1939.0,,not_computed_day,27.86
2026-09-22,NCT,09:25:00,1,,3,5,quality_filter,quality filter: filter:atr_too_high: 252.7% > 15.0%,5.7,22.63,6.99,0,logged,2026-09-21,,,14266345.35,logged,,,,,not_computed_day,22.63
2026-09-22,SVRN,09:25:00,1,,4,8,extension,already up 166% in prior 5 days (extended),29.5,12.24,33.11,0,logged,2026-09-21,,,700938.7,logged,,,,,not_computed_day,12.24
2026-09-22,ONON,09:25:00,1,,5,6,score_bar,score 59 < bar 65 (catalyst=strong),27.32,12.12,30.63,0,logged,2026-09-21,7289560.0,199150779.2,79628535.33,logged,21.552,10.2,2165.0,,not_computed_day,12.12
2026-09-22,AEHL,09:25:00,1,,6,1,quality_filter,quality filter: filter:atr_too_high: 38.0% > 15.0%,6.92,11.27,7.7,0,logged,2026-09-21,,,260044.4,logged,,,,,not_computed_day,11.27
2026-09-22,STI,09:25:00,1,,7,7,quality_filter,"quality filter: filter:adv_too_low: $380,197",7.26,10.19,8.0,0,logged,2026-09-21,,,36791576.0,logged,,,,,not_computed_day,10.19
2026-09-22,MAZE,09:25:00,1,,8,4,post_grade_filter,"pre-mkt volume 2,656 < 25,000 shares",22.39,9.42,24.5,0,logged,2026-09-21,,,65072.0,logged,1.502,,,,not_computed_day,9.42
2026-09-22,BIAF,09:25:00,1,,9,2,quality_filter,quality filter: filter:atr_too_high: 47.8% > 15.0%,7.7,9.35,8.42,0,logged,2026-09-21,,,1688487.8599999999,logged,,,,,not_computed_day,9.35
2026-09-23,GRML,09:25:00,1,,1,1,extension,already up 396% in prior 5 days (extended),14.15,27.05,17.9776,0,logged,2026-09-22,,,232976302.688,logged,,,,,not_computed_day,27.05
2026-09-23,RTB,09:25:00,1,,2,3,quality_filter,"quality filter: filter:adv_too_low: $762,522",9.55,23.14,11.76,0,logged,2026-09-22,,,110191.2,logged,,,,,not_computed_day,23.14
2026-09-23,WOR,09:25:00,1,,3,4,score_bar,score 34 < bar 65 (catalyst=routine),58.94,15.9,68.31,0,logged,2026-09-22,335230.0,19758456.2,2245691.25,logged,,81.7,443.0,,not_computed_day,15.9
2026-09-23,IONQ,09:25:00,1,,4,2,cooldown,EP cooldown — alerted within last 60 days,40.74,11.44,45.4021,0,logged,2026-09-22,15253364.0,621422049.36,333771495.0555,logged,8.736,71.1,697.0,,not_computed_day,11.44
2026-09-24,SRZN,09:25:00,1,,1,4,quality_filter,quality filter: filter:mcap_too_small: $190M < $500M,16.16,86.63,30.16,0,logged,2026-09-23,,,101518348.88,logged,,,,,not_computed_day,86.63
2026-09-24,GRML,09:25:00,1,,2,2,extension,already up 293% in prior 5 days (extended),11.19,14.01,12.7577,0,logged,2026-09-23,,,77685449.8523,logged,,,,,not_computed_day,14.01
2026-09-24,KYTX,09:25:00,1,,3,3,quality_filter,quality filter: filter:mcap_too_small: $437M < $500M,7.07,11.6,7.89,0,logged,2026-09-23,,,2511513.2399999998,logged,38.339,,,,not_computed_day,11.6
2026-09-24,FRVO,09:25:00,1,,4,1,score_bar,score 55 < bar 65 (catalyst=strong),16.35,11.25,18.19,0,logged,2026-09-23,4420012.5,72267204.375,10134776.780000001,logged,2.85,3.5,2302.0,,not_computed_day,11.25
2026-09-24,SWIM,09:25:00,1,,5,5,post_grade_filter,"routine catalyst, gap 10.4%",6.34,10.41,7.0,0,logged,2026-09-23,,,728.0,logged,0.07,,,,not_computed_day,10.41
2026-09-24,TSSI,09:25:00,1,,6,6,quality_filter,quality filter: filter:mcap_too_small: $262M < $500M,9.28,9.59,10.17,0,logged,2026-09-23,,,2159101.17,logged,19.318,,,,not_computed_day,9.59
2026-09-25,FBK,09:25:00,1,,1,4,post_grade_filter,"pre-mkt volume 425 < 25,000 shares",52.81,28.76,68.0,0,logged,2026-09-24,454852.5,24020760.525000002,28900.0,logged,0.641,32.8,1609.0,,not_computed_day,28.76
2026-09-25,JAGX,09:25:00,1,,2,7,extension,already up 164% in prior 5 days (extended),7.06,28.75,9.09,0,logged,2026-09-24,,,68720872.67999999,logged,,,,,not_computed_day,28.75
2026-09-25,SVRN,09:25:00,1,,3,8,extension,already up 280% in prior 5 days (extended),42.23,23.14,52.0,0,logged,2026-09-24,,,1181492.0,logged,,,,,not_computed_day,23.14
2026-09-25,AKAM,09:25:00,1,,4,2,duplicate,already scored earlier today,110.41,17.06,129.25,0,logged,2026-09-24,3196265.5,352899673.85499996,479066934.5,logged,113.117,49.3,1214.0,,not_computed_day,17.06
2026-09-25,GLND,09:25:00,1,,5,5,extension,already up 346% in prior 5 days (extended),5.35,15.7,6.19,0,logged,2026-09-24,,,97259124.62,logged,22.065,,,,not_computed_day,15.7
2026-09-25,GRML,09:25:00,1,,6,6,extension,already up 422% in prior 5 days (extended),14.89,12.49,16.75,0,logged,2026-09-24,,,54140154.0,logged,,,,,not_computed_day,12.49
2026-09-25,AESI,09:25:00,1,,7,1,score_bar,score 46 < bar 65 (catalyst=strong),10.99,12.37,12.35,0,logged,2026-09-24,2773020.5,30475495.295,1847424.15,logged,18.931,3.0,2322.0,,not_computed_day,12.37
2026-09-25,CUE,09:25:00,1,,8,3,rvol_gate,"filter:pm_rvol_too_low: pm_rvol=0.00x (today 283 / baseline 352,658 n=21) < 1.0x",32.85,11.09,36.4934,0,logged,2026-09-24,,,10327.6322,logged,0.001,,,,not_computed_day,11.09
2026-09-25,USDE,09:25:00,1,,9,9,rvol_gate,"filter:pm_rvol_too_low: pm_rvol=0.89x (today 922,688 / baseline 1,032,561 n=22) ",14.22,9.56,15.58,0,logged,2026-09-24,4191178.0,59598551.160000004,14375479.040000001,logged,0.894,100.0,2.0,,not_computed_day,9.56
2026-09-28,KOD,09:25:00,1,,1,2,duplicate,already scored earlier today,32.35,93.04,62.45,0,logged,2026-09-25,672269.0,21747902.150000002,334576749.3,logged,1081.65,12.1,2107.0,,not_computed_day,93.04
2026-09-28,AMPX,09:25:00,1,,2,1,score_bar,score 46 < bar 65 (catalyst=strong),9.75,11.72,10.893,0,logged,2026-09-25,4287996.5,41807965.875,20245315.866,logged,29.993,51.7,1158.0,,not_computed_day,11.72
2026-09-29,SMMT,09:25:00,1,,1,8,score_bar,score 55 < bar 65 (catalyst=strong),15.48,22.74,19.0,0,logged,2026-09-28,5224113.5,80869276.98,46173230.0,logged,60.199,42.9,1369.0,,not_computed_day,22.74
2026-09-29,IOVA,09:25:00,1,,2,5,post_grade_filter,M&A/buyout catalyst — no momentum trade,10.99,17.38,12.9,0,logged,2026-09-28,12323518.5,135435468.315,33493353.6,logged,27.172,99.5,14.0,,not_computed_day,17.38
2026-09-29,XRPN,09:25:00,1,,3,9,quality_filter,quality filter: filter:mcap_too_small: $334M < $500M,10.575,17.26,12.4,0,logged,2026-09-28,,,4045016.4,logged,,,,,not_computed_day,17.26
2026-09-29,QMLS,09:25:00,1,,4,7,quality_filter,quality filter: filter:mcap_too_small: $240M < $500M,7.16,12.99,8.09,0,logged,2026-09-28,,,3508568.28,logged,,,,,not_computed_day,12.99
2026-09-29,CCL,09:25:00,1,,5,3,score_bar,score 42 < bar 65 (catalyst=routine),22.14,10.69,24.5074,0,logged,2026-09-28,21060081.5,466270204.41,89442305.0696,logged,13.552,21.4,1882.0,,not_computed_day,10.69
2026-09-29,CBOE,09:25:00,1,,6,2,score_bar,score 61 < bar 65 (catalyst=strong),253.26,10.0,278.59,0,logged,2026-09-28,879361.5,222707093.48999998,7040526.4799999995,logged,50.105,7.4,2218.0,,not_computed_day,10.0
2026-09-29,FCEL,09:25:00,1,,7,4,post_grade_filter,"routine catalyst, gap 10.0%",16.14,9.98,17.75,0,logged,2026-09-28,5793975.5,93514764.57000001,6002286.75,logged,2.163,36.8,1514.0,,not_computed_day,9.98
2026-09-29,ONMD,09:25:00,1,,8,6,extension,already up 900% in prior 5 days (extended),6.33,9.95,6.96,0,logged,2026-09-28,,,2088.0,logged,,,,,not_computed_day,9.95
2026-09-29,AVX,09:25:00,1,,9,1,extension,already up 54% in prior 5 days (extended),6.32,9.18,6.9,0,logged,2026-09-28,,,290227.8,logged,,,,,not_computed_day,9.18
2026-09-30,CAPR,09:25:00,1,,1,2,quality_filter,quality filter: filter:mcap_too_small: $498M < $500M,8.57,19.02,10.2,0,logged,2026-09-29,2707474.0,23203052.18,70622841.6,logged,108.105,45.2,1308.0,,not_computed_day,19.02
2026-09-30,QTTB,09:25:00,1,,2,3,quality_filter,quality filter: filter:mcap_too_small: $284M < $500M,9.53,17.42,11.19,0,logged,2026-09-29,,,6306034.9799999995,logged,1.408,,,,not_computed_day,17.42
2026-09-30,XRPN,09:25:00,1,,3,7,quality_filter,quality filter: filter:mcap_too_small: $408M < $500M,12.9,12.56,14.52,0,logged,2026-09-29,,,3154382.88,logged,,,,,not_computed_day,12.56
2026-09-30,SVRN,09:25:00,1,,4,5,extension,already up 128% in prior 5 days (extended),67.33,11.39,75.0,0,logged,2026-09-29,272256.0,18330996.48,1738950.0,logged,2.341,100.0,1.0,,not_computed_day,11.39
2026-09-30,SGMT,09:25:00,1,,5,4,score_bar,score 28 < bar 65 (catalyst=routine),9.33,11.36,10.39,0,logged,2026-09-29,,,4257614.2,logged,65.203,,,,not_computed_day,11.36
2026-09-30,WKC,09:25:00,1,,6,6,rvol_gate,filter:pm_rvol_too_low: pm_rvol=0.99x (today 559 / baseline 563 n=12) < 1.0x,35.84,10.26,39.5167,0,logged,2026-09-29,818634.0,29339842.560000002,22089.8353,logged,0.993,75.9,577.0,,not_computed_day,10.26
2026-09-30,ATRA,09:25:00,1,,7,1,quality_filter,"quality filter: filter:adv_too_low: $277,948",8.05,9.69,8.83,0,logged,2026-09-29,,,1041.94,logged,,,,,not_computed_day,9.69
2026-10-01,ACN,09:25:00,1,,1,1,score_bar,score 59 < bar 65 (catalyst=routine),183.37,17.31,215.12,1,logged,2026-09-30,4705497.0,862846984.89,617929833.6800001,logged,131.158,84.1,378.0,,not_computed_day,17.31
2026-10-01,VICR,09:25:00,1,,2,2,cooldown,EP cooldown — alerted within last 60 days,288.94,13.3,327.3781,1,logged,2026-09-30,714141.0,206343900.54,12181739.101,logged,4.178,83.6,392.0,,not_computed_day,13.3
2026-10-01,EFXT,09:25:00,1,,3,4,score_bar,score 28 < bar 65 (catalyst=routine),22.79,12.99,25.75,0,logged,2026-09-30,,,2029898.25,logged,64.902,,,,not_computed_day,12.99
2026-10-01,MRDN,09:25:00,1,,4,5,quality_filter,"quality filter: filter:adv_too_low: $734,625",12.18,11.72,13.6077,0,logged,2026-09-30,,,48116.8272,logged,,,,,not_computed_day,11.72
2026-10-01,DMRC,09:25:00,1,,5,3,quality_filter,"quality filter: filter:adv_too_low: $737,364",5.82,11.68,6.5,0,logged,2026-09-30,,,650.0,logged,,,,,not_computed_day,11.68
2026-10-01,USGO,09:25:00,1,,6,6,quality_filter,"quality filter: filter:adv_too_low: $565,058",6.66,10.51,7.36,0,logged,2026-09-30,,,10304.0,logged,,,,,not_computed_day,10.51
2026-10-02,XRPN,09:25:00,1,,1,4,extension,already up 122% in prior 5 days (extended),23.43,22.79,28.77,0,logged,2026-10-01,,,7334767.649999999,logged,,,,,not_computed_day,22.79
2026-10-02,SYNA,09:25:00,1,,2,3,post_grade_filter,M&A/buyout catalyst — no momentum trade,106.15,14.38,121.41,0,logged,2026-10-01,527782.0,56024059.300000004,135108204.66,logged,301.702,63.2,880.0,,not_computed_day,14.38
2026-10-02,ECOR,09:25:00,1,,3,1,quality_filter,"quality filter: filter:adv_too_low: $781,903",10.315,10.52,11.4,0,logged,2026-10-01,,,1140.0,logged,,,,,not_computed_day,10.52
2026-10-02,IMOS,09:25:00,1,,4,2,post_grade_filter,"routine catalyst, gap 10.1%",72.68,10.07,80.0,0,logged,2026-10-01,,,1210480.0,logged,3.537,,,,not_computed_day,10.07
2026-10-05,PCVX,09:25:00,1,,1,16,score_bar,score 42 < bar 65 (catalyst=routine),56.48,55.4,87.77,0,logged,2026-10-02,1279061.5,72241393.52,189575651.78,logged,271.295,64.1,860.0,15,BLUE_SKY_NOHOLDDATA,55.4
2026-10-05,PTC,09:25:00,1,,2,19,post_grade_filter,M&A/buyout catalyst — no momentum trade,144.03,36.07,195.98,0,logged,2026-10-02,1377550.0,198408526.5,439467707.78,logged,3241.33,84.9,362.0,15,CLEARED_DECISIVE_NOHOLDDATA,36.07
2026-10-05,SDEV,09:25:00,1,,3,22,shortlist_cap,"outside top-20 shortlist (prescore rank 22, gap 27.3%)",7.48,27.28,9.5203,0,logged,2026-10-02,,,270486165.29510003,logged,,,,0,BLUE_SKY_NOHOLDDATA,27.28
2026-10-05,RXO,09:25:00,1,,4,20,score_bar,score 46 < bar 65 (catalyst=strong),23.38,22.63,28.67,0,logged,2026-10-02,1685423.5,39405201.43,17858313.64,logged,166.514,82.2,427.0,1,CLEARED_DECISIVE_NOHOLDDATA,22.63
2026-10-05,XP,09:25:00,1,,5,2,score_bar,score 52 < bar 65 (catalyst=routine),21.5,18.56,25.49,1,logged,2026-10-02,7611419.0,163645508.5,17953397.189999998,logged,88.468,95.0,121.0,3,BLUE_SKY_NOHOLDDATA,18.56
2026-10-05,INTR,09:25:00,1,,6,10,score_bar,score 28 < bar 65 (catalyst=routine),5.48,17.34,6.43,0,logged,2026-10-02,3908525.5,21418719.740000002,4686711.26,logged,37.906,41.1,1410.0,10,CLEARED_DECISIVE_NOHOLDDATA,17.34
2026-10-05,SBS,09:25:00,1,,7,21,shortlist_cap,"outside top-20 shortlist (prescore rank 21, gap 15.1%)",5.38,15.06,6.19,0,logged,2026-10-02,6932565.0,37297199.7,1916294.01,logged,,68.0,767.0,11,CLEARED_DECISIVE_NOHOLDDATA,15.06
2026-10-05,CMC,09:25:00,1,,8,6,rvol_gate,"filter:pm_rvol_too_low: pm_rvol=0.11x (today 128 / baseline 1,210 n=16) < 1.0x",63.58,15.02,73.13,0,logged,2026-10-02,1005892.0,63954613.36,9360.64,logged,0.106,25.5,1783.0,10,CLEARED_DECISIVE_NOHOLDDATA,15.02
2026-10-05,STNE,09:25:00,1,,9,23,shortlist_cap,"outside top-20 shortlist (prescore rank 23, gap 15.0%)",9.55,14.97,10.98,0,logged,2026-10-02,4461583.0,42608117.650000006,5660530.38,logged,,16.3,2003.0,3,CLEARED_DECISIVE_NOHOLDDATA,14.97
2026-10-05,ITUB,09:25:00,1,,10,12,score_bar,score 59 < bar 65 (catalyst=strong),8.59,14.67,9.85,0,logged,2026-10-02,21992616.5,188916575.73499998,14390702.25,logged,31.356,81.5,443.0,9,BLUE_SKY_NOHOLDDATA,14.67
2026-10-05,AGBK,09:25:00,1,,11,4,quality_filter,"quality filter: filter:adv_too_low: $909,954",5.46,14.58,6.2559,0,logged,2026-10-02,,,128608.7922,logged,,,,0,NEVER_BREACHED,14.58
2026-10-05,PAGS,09:25:00,1,,12,14,score_bar,score 28 < bar 65 (catalyst=routine),9.02,14.08,10.29,0,logged,2026-10-02,2776491.5,25043953.33,3469952.6399999997,logged,56.378,24.8,1799.0,14,CLEARED_DECISIVE_NOHOLDDATA,14.08
2026-10-05,AFYA,09:25:00,1,,13,3,score_bar,score 40 < bar 65 (catalyst=routine),12.22,12.93,13.8,0,logged,2026-10-02,,,835907.4,logged,,,,2,CLEARED_MARGINAL_NOHOLDDATA,12.93
2026-10-05,PICS,09:25:00,1,,14,17,post_grade_filter,"pre-mkt volume 20,356 < 25,000 shares",9.09,12.21,10.2,0,logged,2026-10-02,,,207631.19999999998,logged,,,,1,CLEARED_DECISIVE_NOHOLDDATA,12.21
2026-10-05,NU,09:25:00,1,,15,13,duplicate,already scored earlier today,13.43,12.14,15.06,0,logged,2026-10-02,72992335.5,980287065.765,85156619.4,logged,21.509,36.3,1524.0,8,CLEARED_DECISIVE_NOHOLDDATA,12.14
2026-10-05,VIV,09:25:00,1,,16,25,shortlist_cap,"outside top-20 shortlist (prescore rank 25, gap 11.4%)",11.54,11.44,12.86,0,logged,2026-10-02,1030840.5,11895899.37,732055.5,logged,,33.1,1601.0,9,CLEARED_DECISIVE_NOHOLDDATA,11.44
2026-10-05,ELPC,09:25:00,1,,17,8,post_grade_filter,"routine catalyst, gap 11.3%",12.86,11.28,14.31,0,logged,2026-10-02,,,3697503.66,logged,,,,4,BLUE_SKY_NOHOLDDATA,11.28
2026-10-05,PBR,09:25:00,1,,18,1,duplicate,already scored earlier today,21.65,10.9,24.01,1,logged,2026-10-02,20991590.5,454467934.325,83235130.86,logged,23.231,86.9,315.0,2,BLUE_SKY_NOHOLDDATA,10.9
2026-10-05,GRML,09:25:00,1,,19,9,rvol_gate,"filter:pm_rvol_too_low: pm_rvol=0.22x (today 994,728 / baseline 4,613,771 n=22) ",7.88,10.28,8.69,0,logged,2026-10-02,2441849.0,19241770.12,8644186.32,logged,0.216,40.6,1421.0,0,NEVER_BREACHED,10.28
2026-10-05,ARCO,09:25:00,1,,20,5,post_grade_filter,"routine catalyst, gap 10.3%",7.11,10.27,7.84,0,logged,2026-10-02,,,588243.04,logged,59.703,,,8,CLEARED_DECISIVE_NOHOLDDATA,10.27
2026-10-05,CRML,09:25:00,1,,21,7,score_bar,score 55 < bar 65 (catalyst=strong),7.03,10.24,7.75,0,logged,2026-10-02,5479962.0,38524132.86,17216276.25,logged,4.442,72.8,651.0,0,NEVER_BREACHED,10.24
2026-10-05,PBM,09:25:00,1,,22,15,quality_filter,"quality filter: filter:adv_too_low: $418,752",5.16,10.16,5.6844,0,logged,2026-10-02,,,165052.2384,logged,,,,0,NEVER_BREACHED,10.16
2026-10-05,PLRZ,09:25:00,1,,23,18,quality_filter,"quality filter: filter:adv_too_low: $161,898",9.61,9.89,10.56,0,logged,2026-10-02,,,3960.0,logged,,,,0,NEVER_BREACHED,9.89
2026-10-05,INTT,09:25:00,1,,24,11,quality_filter,quality filter: filter:mcap_too_small: $158M < $500M,12.3,9.76,13.5,0,logged,2026-10-02,,,266706.0,logged,4.442,,,0,NEVER_BREACHED,9.76
2026-10-05,TIMB,09:25:00,1,,25,24,shortlist_cap,"outside top-20 shortlist (prescore rank 24, gap 9.4%)",17.83,9.37,19.5,0,logged,2026-10-02,,,105592.5,logged,,,,7,CLEARED_DECISIVE_NOHOLDDATA,9.37
2026-10-06,OPCH,09:25:00,1,,1,1,post_grade_filter,M&A/buyout catalyst — no momentum trade,23.37,32.91,31.06,1,logged,2026-10-05,1741938.0,40709091.06,325885682.03999996,logged,758.157,69.0,753.0,,not_computed_day,32.91
2026-10-06,APOG,09:25:00,1,,2,4,score_bar,score 52 < bar 65 (catalyst=strong),35.66,18.9,42.4,0,logged,2026-10-05,,,3909704.0,logged,37.667,,,,not_computed_day,18.9
2026-10-06,AIFA,09:25:00,1,,3,2,quality_filter,"quality filter: filter:adv_too_low: $187,036",5.88,13.61,6.68,0,logged,2026-10-05,,,596590.7999999999,logged,,,,,not_computed_day,13.61
2026-10-06,ANRO,09:25:00,1,,4,3,post_grade_filter,"routine catalyst, gap 10.4%",24.01,10.37,26.5,0,logged,2026-10-05,566277.5,13596322.775,11501.0,logged,1.162,27.4,1759.0,,not_computed_day,10.37
2026-10-06,BRUN,09:25:00,1,,5,5,cooldown,EP cooldown — alerted within last 60 days,14.33,10.26,15.8,0,logged,2026-10-05,1710168.5,24506714.605,9614347.4,logged,20.192,16.1,2032.0,,not_computed_day,10.26
2026-10-06,CGEM,09:25:00,1,,6,6,cooldown,EP cooldown — alerted within last 60 days,16.04,9.1,17.5,0,logged,2026-10-05,1086398.0,17425823.919999998,413227.5,logged,2.946,26.3,1785.0,,not_computed_day,9.1
2026-10-07,NEOG,09:25:00,1,,1,2,score_bar,score 28 < bar 65 (catalyst=routine),11.96,10.37,13.2,0,logged,2026-10-06,3827775.0,45780189.0,2858684.4,logged,54.414,78.2,525.0,,not_computed_day,10.37
2026-10-07,APUS,09:25:00,1,,2,1,extension,already up 121% in prior 5 days (extended),7.13,9.82,7.83,0,logged,2026-10-06,,,17654089.59,logged,,,,,not_computed_day,9.82
2026-10-08,PCRX,09:25:00,1,,1,6,post_grade_filter,M&A/buyout catalyst — no momentum trade,25.2,44.17,36.33,0,logged,2026-10-07,515841.5,12999205.799999999,217507855.32,logged,1755.848,82.9,411.0,,not_computed_day,44.17
2026-10-08,HELE,09:25:00,1,,2,3,score_bar,score 34 < bar 65 (catalyst=routine),25.55,21.33,31.001,0,logged,2026-10-07,398184.0,10173601.200000001,4807201.066000001,logged,1192.815,27.4,1739.0,,not_computed_day,21.33
2026-10-08,PROF,09:25:00,1,,3,7,quality_filter,"quality filter: filter:adv_too_low: $682,998",5.68,15.32,6.55,0,logged,2026-10-07,,,5164229.6,logged,,,,,not_computed_day,15.32
2026-10-08,WOLF,09:25:00,1,,4,1,duplicate,already scored earlier today,31.37,14.92,36.05,1,logged,2026-10-07,2534247.0,79499328.39,51204807.15,logged,28.333,76.7,560.0,,not_computed_day,14.92
2026-10-08,HAE,09:25:00,1,,5,2,score_bar,score 61 < bar 65 (catalyst=strong),101.71,13.34,115.28,0,logged,2026-10-07,497936.5,50645121.415,11041287.84,logged,26.377,81.8,438.0,,not_computed_day,13.34
2026-10-08,NGNE,09:25:00,1,,6,5,score_bar,score 52 < bar 65 (catalyst=strong),25.87,12.1,29.0,0,logged,2026-10-07,,,75458.0,logged,1.791,,,,not_computed_day,12.1
2026-10-08,TRAX,09:25:00,1,,7,8,post_grade_filter,"routine catalyst, gap 10.2%",30.59,10.2,33.71,0,logged,2026-10-07,616015.0,18843898.85,1057280.44,logged,2.59,22.8,1851.0,,not_computed_day,10.2
2026-10-08,NAKA,09:25:00,1,,8,4,quality_filter,quality filter: filter:mcap_too_small: $167M < $500M,9.34,9.53,10.23,0,logged,2026-10-07,,,11253.0,logged,,,,,not_computed_day,9.53
2026-04-17,UMC,,0,REAL_EP,,,,,,,,,,,,,,,,,,,,
2026-04-21,CAR,,0,BAD_CHART,,,,,,,,,,,,,,,,,,,,
2026-04-22,CAR,,0,BAD_CHART,,,,,,,,,,,,,,,,,,,,
2026-04-24,AMD,,0,REAL_EP,,,,,,,,,,,,,,,,,,,,
2026-04-24,INTC,,0,REAL_EP,,,,,,,,,,,,,,,,,,,,
2026-04-24,QCOM,,0,REAL_EP,,,,,,,,,,,,,,,,,,,,
2026-05-06,GDC,,0,BAD_CHART,,,,,,,,,,,,,,,,,,,,
2026-05-12,TDIC,,0,REAL_EP,,,,,,,,,,,,,,,,,,,,
2026-06-01,CRWG,,0,BAD_CHART,,,,,,,,,,,,,,,,,,,,
2026-06-02,AVGU,,0,BAD_CHART,,,,,,,,,,,,,,,,,,,,
2026-06-03,NVTX,,0,BAD_CHART,,,,,,,,,,,,,,,,,,,,
2026-06-04,RUM,,0,BAD_CHART,,,,,,,,,,,,,,,,,,,,
2026-06-08,JLHL,,0,BAD_CHART,,,,,,,,,,,,,,,,,,,,
2026-06-18,QH,,0,BAD_CHART,,,,,,,,,,,,,,,,,,,,
2026-07-24,RNG,,0,GOOD_CHART,,,,,,,,,,,,,,,,,,,,
2026-07-29,HURN,,0,BAD_CHART,,,,,,,,,,,,,,,,,,,,
2026-07-29,IPCX,,0,BAD_CHART,,,,,,,,,,,,,,,,,,,,
2026-08-06,KRO,,0,GOOD_CHART,,,,,,,,,,,,,,,,,,,,
2026-08-07,ABNB,,0,REAL_EP,,,,,,,,,,,,,,,,,,,,
2026-08-13,TBBB,,0,GOOD_CHART,,,,,,,,,,,,,,,,,,,,
2026-08-14,AEHR,,0,BAD_CHART,,,,,,,,,,,,,,,,,,,,
2026-08-20,RARE,,0,BAD_CHART,,,,,,,,,,,,,,,,,,,,
2026-10-07,PENG,,0,REAL_EP,,,,,,,,,,,,,,,,,,,,
