scan_date|t_et|n_rows|n_rank_gap|max_rank_gap|n_tickers|n_rank_pre|n_no_rank
2026-05-01|07:00:00.082392|11|11|11|11|0|0
2026-05-01|07:05:00.011197|12|12|12|12|0|0
2026-05-01|07:10:00.099227|11|11|11|11|0|0
2026-05-01|07:15:00.016678|11|11|11|11|0|0
2026-05-01|07:20:00.018086|12|12|12|12|0|0
2026-05-01|07:25:00.024121|13|13|13|13|0|0
2026-05-01|07:30:00.016987|13|13|13|13|0|0
2026-05-01|07:35:00.020156|12|12|12|12|0|0
2026-05-01|07:40:00.023373|15|15|15|15|0|0
2026-05-01|07:45:00.016806|15|15|15|15|0|0
2026-05-01|07:50:00.019699|14|14|14|14|0|0
2026-05-01|07:55:00.020709|14|14|14|14|0|0
2026-05-01|08:00:00.013626|13|13|13|13|0|0
2026-05-01|08:05:00.017665|13|13|13|13|0|0
2026-05-01|08:10:00.011935|14|14|14|14|0|0
2026-05-01|08:15:00.018743|15|15|15|15|0|0
2026-05-01|08:20:00.016102|14|14|14|14|0|0
2026-05-01|08:25:00.012845|14|14|14|14|0|0
2026-05-01|08:30:00.012096|16|16|16|16|0|0
2026-05-01|08:35:00.022620|15|15|15|15|0|0
2026-05-01|08:40:00.023648|15|15|15|15|0|0
2026-05-01|08:45:00.016057|13|13|13|13|0|0
2026-05-01|08:50:00.017425|15|15|15|15|0|0
2026-05-01|08:55:00.022721|16|16|16|16|0|0
2026-05-01|09:00:00.114623|17|17|17|17|0|0
2026-05-01|09:00:00.129960|18|18|18|18|0|0
2026-05-01|09:05:00.033067|18|18|18|18|0|0
2026-05-01|09:10:00.026268|16|16|16|16|0|0
2026-05-01|09:15:00.026088|17|17|17|17|0|0
2026-05-01|09:20:00.034257|17|17|17|17|0|0
2026-05-01|09:25:00.032752|16|16|16|16|0|0
2026-05-01|09:30:00.027575|17|17|17|17|0|0
2026-05-01|09:31:00.068965|17|17|17|17|0|0
2026-05-01|09:35:00.113406|17|17|17|17|0|0
2026-05-01|09:40:00.028190|14|14|14|14|0|0
2026-05-01|09:50:00.033586|28|28|28|28|0|0
2026-05-01|09:55:00.043385|26|26|26|26|0|0
2026-05-04|07:00:00.062075|13|13|13|13|0|0
2026-05-04|07:05:00.013784|15|15|15|15|0|0
2026-05-04|07:10:00.010891|15|15|15|15|0|0
2026-05-04|07:15:00.009812|12|12|12|12|0|0
2026-05-04|07:20:00.015920|14|14|14|14|0|0
2026-05-04|07:25:00.013962|13|13|13|13|0|0
2026-05-04|07:30:00.012961|14|14|14|14|0|0
2026-05-04|07:35:00.017348|14|14|14|14|0|0
2026-05-04|07:40:00.014628|15|15|15|15|0|0
2026-05-04|07:45:00.016128|14|14|14|14|0|0
2026-05-04|07:50:00.016432|15|15|15|15|0|0
2026-05-04|07:55:00.013091|11|11|11|11|0|0
2026-05-05|07:00:00.144523|12|12|12|12|0|0
2026-05-05|07:05:00.014360|13|13|13|13|0|0
2026-05-05|07:10:00.015890|12|12|12|12|0|0
2026-05-05|07:15:00.014740|13|13|13|13|0|0
2026-05-05|07:20:00.013609|15|15|15|15|0|0
2026-05-05|07:25:00.014457|20|20|20|20|0|0
2026-05-05|07:30:00.013507|19|19|19|19|0|0
2026-05-05|07:35:00.011721|20|20|20|20|0|0
2026-05-05|07:40:00.012860|22|22|22|22|0|0
2026-05-05|07:45:00.024516|22|22|22|22|0|0
2026-05-05|07:50:00.024627|24|24|24|24|0|0
2026-05-05|07:55:00.024029|24|24|24|24|0|0
2026-05-05|08:00:00.019865|25|25|25|25|0|0
2026-05-05|08:05:00.020366|28|28|28|28|0|0
2026-05-05|08:10:00.032457|27|27|27|27|0|0
2026-05-05|08:15:00.020552|26|26|26|26|0|0
2026-05-05|08:20:00.019037|26|26|26|26|0|0
2026-05-05|08:25:00.018432|26|26|26|26|0|0
2026-05-05|08:30:00.014920|27|27|27|27|0|0
2026-05-05|08:35:00.026799|27|27|27|27|0|0
2026-05-05|08:40:00.024221|27|27|27|27|0|0
2026-05-05|08:45:00.027482|27|27|27|27|0|0
2026-05-05|08:50:00.020977|26|26|26|26|0|0
2026-05-05|08:55:00.016911|28|28|28|28|0|0
2026-05-05|09:00:00.129827|28|28|28|28|0|0
2026-05-05|09:00:00.162255|28|28|28|28|0|0
2026-05-05|09:05:00.023597|27|27|27|27|0|0
2026-05-05|09:10:00.039562|27|27|27|27|0|0
2026-05-05|09:15:00.031870|27|27|27|27|0|0
2026-05-05|09:20:00.032172|27|27|27|27|0|0
2026-05-05|09:25:00.028938|26|26|26|26|0|0
2026-05-05|09:30:00.043601|27|27|27|27|0|0
2026-05-05|09:31:00.045463|27|27|27|27|0|0
2026-05-05|09:35:00.114540|26|26|26|26|0|0
2026-05-05|09:40:00.046463|27|27|27|27|0|0
2026-05-05|09:45:00.027863|28|28|28|28|0|0
2026-05-05|09:50:00.038358|35|35|35|35|0|0
2026-05-05|09:55:00.053604|42|42|42|42|0|0
2026-05-06|07:00:00.138467|49|49|49|49|0|0
2026-05-06|07:05:00.112898|49|49|49|49|0|0
2026-05-06|07:10:00.016909|51|51|51|51|0|0
2026-05-06|09:30:00.049855|51|51|51|51|0|0
2026-05-06|09:31:00.093666|54|54|54|54|0|0
2026-05-06|09:35:00.094353|54|54|54|54|0|0
2026-05-06|09:40:00.047063|55|55|55|55|0|0
2026-05-06|09:50:00.038604|77|77|77|77|0|0
2026-05-06|09:55:00.036499|98|98|98|98|0|0
2026-05-07|07:00:00.141497|28|28|28|28|0|0
2026-05-07|07:05:00.015719|28|28|28|28|0|0
2026-05-07|07:10:00.021420|28|28|28|28|0|0
2026-05-07|07:15:00.019271|29|29|29|29|0|0
2026-05-07|07:20:00.020849|34|34|34|34|0|0
2026-05-07|07:25:00.018095|38|38|38|38|0|0
2026-05-07|07:30:00.021796|36|36|36|36|0|0
2026-05-07|07:35:00.014649|39|39|39|39|0|0
2026-05-07|07:40:00.019917|38|38|38|38|0|0
2026-05-07|07:45:00.023097|39|39|39|39|0|0
2026-05-07|08:00:00.025233|45|45|45|45|0|0
2026-05-07|08:05:00.036663|45|45|45|45|0|0
2026-05-07|08:10:00.022077|46|46|46|46|0|0
2026-05-07|08:20:00.045051|47|47|47|47|0|0
2026-05-07|08:25:00.019041|48|48|48|48|0|0
2026-05-07|09:15:00.034883|54|54|54|54|0|0
2026-05-07|09:20:00.050402|53|53|53|53|0|0
2026-05-07|09:25:00.042461|54|54|54|54|0|0
2026-05-07|09:30:00.031114|58|58|58|58|0|0
2026-05-07|09:31:00.102495|58|58|58|58|0|0
2026-05-07|09:35:00.192872|56|56|56|56|0|0
2026-05-07|09:40:00.028230|58|58|58|58|0|0
2026-05-07|09:45:00.037234|62|62|62|62|0|0
2026-05-08|07:00:00.151910|20|20|20|20|0|0
2026-05-08|07:05:00.013701|18|18|18|18|0|0
2026-05-08|07:10:00.023804|18|18|18|18|0|0
2026-05-08|07:15:00.029038|21|21|21|21|0|0
2026-05-08|07:20:00.024929|22|22|22|22|0|0
2026-05-08|07:25:00.015240|22|22|22|22|0|0
2026-05-08|07:40:00.025604|24|24|24|24|0|0
2026-05-08|07:45:00.024562|22|22|22|22|0|0
2026-05-08|07:50:00.027745|22|22|22|22|0|0
2026-05-08|07:55:00.024447|23|23|23|23|0|0
2026-05-08|09:45:00.049853|35|35|35|35|0|0
2026-05-08|09:50:00.039677|39|39|39|39|0|0
2026-05-08|09:55:00.025110|38|38|38|38|0|0
2026-05-11|07:00:00.071801|18|18|18|18|0|0
2026-05-11|07:05:00.010817|17|17|17|17|0|0
2026-05-11|07:10:00.021874|17|17|17|17|0|0
2026-05-11|07:15:00.012980|19|19|19|19|0|0
2026-05-11|07:20:00.017815|22|22|22|22|0|0
2026-05-11|07:25:00.019626|23|23|23|23|0|0
2026-05-11|07:30:00.019358|26|26|26|26|0|0
2026-05-11|07:35:00.019289|25|25|25|25|0|0
2026-05-11|07:40:00.012400|21|21|21|21|0|0
2026-05-11|07:45:00.023895|24|24|24|24|0|0
2026-05-11|07:50:00.024491|25|25|25|25|0|0
2026-05-11|07:55:00.031173|26|26|26|26|0|0
2026-05-11|08:00:00.016064|26|26|26|26|0|0
2026-05-11|08:05:00.019124|28|28|28|28|0|0
2026-05-11|08:15:00.019113|30|30|30|30|0|0
2026-05-11|08:20:00.020073|27|27|27|27|0|0
2026-05-11|08:25:00.020743|27|27|27|27|0|0
2026-05-11|08:30:00.019419|22|22|22|22|0|0
2026-05-11|08:35:00.017383|26|26|26|26|0|0
2026-05-11|08:40:00.018458|24|24|24|24|0|0
2026-05-11|08:45:00.024670|24|24|24|24|0|0
2026-05-11|08:50:00.038127|26|26|26|26|0|0
2026-05-11|08:55:00.028277|24|24|24|24|0|0
2026-05-11|09:00:00.740715|24|24|24|24|0|0
2026-05-11|09:00:00.755279|24|24|24|24|0|0
2026-05-11|09:05:00.024241|24|24|24|24|0|0
2026-05-11|09:10:00.044842|28|28|28|28|0|0
2026-05-11|09:15:00.041229|28|28|28|28|0|0
2026-05-11|09:20:00.026515|27|27|27|27|0|0
2026-05-11|09:25:00.030420|29|29|29|29|0|0
2026-05-11|09:30:00.026100|27|27|27|27|0|0
2026-05-11|09:31:00.081961|29|29|29|29|0|0
2026-05-11|09:35:00.081913|30|30|30|30|0|0
2026-05-11|09:40:00.062154|27|27|27|27|0|0
2026-05-11|09:45:00.032586|23|23|23|23|0|0
2026-05-11|09:50:00.050028|35|35|35|35|0|0
2026-05-12|07:00:00.089330|16|16|16|16|0|0
2026-05-12|07:05:00.014133|15|15|15|15|0|0
2026-05-12|07:10:00.020318|15|15|15|15|0|0
2026-05-12|07:15:00.018273|16|16|16|16|0|0
2026-05-12|07:25:00.013185|16|16|16|16|0|0
2026-05-12|07:30:00.014399|18|18|18|18|0|0
2026-05-12|07:55:00.018348|21|21|21|21|0|0
2026-05-12|08:00:00.022336|21|21|21|21|0|0
2026-05-12|08:05:00.018122|24|24|24|24|0|0
2026-05-12|08:10:00.015030|23|23|23|23|0|0
2026-05-12|08:15:00.013181|21|21|21|21|0|0
2026-05-12|08:20:00.015071|21|21|21|21|0|0
2026-05-12|08:25:00.030190|22|22|22|22|0|0
2026-05-12|08:30:00.015774|22|22|22|22|0|0
2026-05-12|08:35:00.031338|21|21|21|21|0|0
2026-05-12|08:40:00.015510|21|21|21|21|0|0
2026-05-12|08:45:00.014173|21|21|21|21|0|0
2026-05-12|08:50:00.021597|19|19|19|19|0|0
2026-05-12|08:55:00.028598|20|20|20|20|0|0
2026-05-12|09:00:00.169157|21|21|21|21|0|0
2026-05-12|09:00:00.184393|20|20|20|20|0|0
2026-05-12|09:05:00.046366|21|21|21|21|0|0
2026-05-12|09:10:00.031762|21|21|21|21|0|0
2026-05-12|09:15:00.030198|22|22|22|22|0|0
2026-05-12|09:20:00.029618|19|19|19|19|0|0
2026-05-12|09:25:00.027995|19|19|19|19|0|0
2026-05-12|09:30:00.027956|20|20|20|20|0|0
2026-05-12|09:35:00.100072|20|20|20|20|0|0
2026-05-12|09:40:00.030944|19|19|19|19|0|0
2026-05-13|07:00:00.068436|18|18|18|18|0|0
2026-05-13|07:05:00.011235|19|19|19|19|0|0
2026-05-13|07:10:00.021802|20|20|20|20|0|0
2026-05-13|07:15:00.017739|15|15|15|15|0|0
2026-05-13|07:20:00.014776|19|19|19|19|0|0
2026-05-13|07:25:00.019857|21|21|21|21|0|0
2026-05-13|07:30:00.014705|20|20|20|20|0|0
2026-05-13|07:35:00.018601|23|23|23|23|0|0
2026-05-13|07:55:00.018831|26|26|26|26|0|0
2026-05-14|07:00:00.063194|11|11|11|11|0|0
2026-05-14|07:05:00.013836|12|12|12|12|0|0
2026-05-14|07:10:00.034223|13|13|13|13|0|0
2026-05-14|07:15:00.017117|13|13|13|13|0|0
2026-05-14|07:20:00.019881|13|13|13|13|0|0
2026-05-14|07:25:00.015537|15|15|15|15|0|0
2026-05-14|07:30:00.019026|15|15|15|15|0|0
2026-05-14|07:35:00.018580|15|15|15|15|0|0
2026-05-14|07:40:00.015596|15|15|15|15|0|0
2026-05-14|07:45:00.015911|16|16|16|16|0|0
2026-05-14|07:50:00.022093|18|18|18|18|0|0
2026-05-14|07:55:00.019198|19|19|19|19|0|0
2026-05-14|08:00:00.020171|19|19|19|19|0|0
2026-05-14|08:05:00.019566|17|17|17|17|0|0
2026-05-14|08:10:00.016516|17|17|17|17|0|0
2026-05-14|08:15:00.022602|15|15|15|15|0|0
2026-05-14|08:20:00.032447|16|16|16|16|0|0
2026-05-14|08:25:00.028530|16|16|16|16|0|0
2026-05-14|08:30:00.021046|16|16|16|16|0|0
2026-05-14|08:35:00.014909|16|16|16|16|0|0
2026-05-14|08:40:00.021734|18|18|18|18|0|0
2026-05-14|08:45:00.022960|20|20|20|20|0|0
2026-05-14|08:50:00.024891|19|19|19|19|0|0
2026-05-14|08:55:00.025698|19|19|19|19|0|0
2026-05-14|09:00:00.111573|19|19|19|19|0|0
2026-05-14|09:00:00.127339|19|19|19|19|0|0
2026-05-14|09:05:00.031098|18|18|18|18|0|0
2026-05-14|09:10:00.030615|20|20|20|20|0|0
2026-05-14|09:15:00.032752|18|18|18|18|0|0
2026-05-14|09:20:00.030264|18|18|18|18|0|0
2026-05-14|09:25:00.038159|23|23|23|23|0|0
2026-05-14|09:30:00.032681|24|24|24|24|0|0
2026-05-14|09:31:00.017374|25|25|25|25|0|0
2026-05-14|09:35:00.068109|23|23|23|23|0|0
2026-05-14|09:40:00.032612|27|27|27|27|0|0
2026-05-14|09:50:00.050162|27|27|27|27|0|0
2026-05-14|09:55:00.033271|25|25|25|25|0|0
2026-05-15|07:00:00.068136|8|8|8|8|0|0
2026-05-15|07:05:00.008826|8|8|8|8|0|0
2026-05-15|07:10:00.017174|7|7|7|7|0|0
2026-05-15|07:15:00.018066|8|8|8|8|0|0
2026-05-15|07:20:00.021695|9|9|9|9|0|0
2026-05-15|07:25:00.029484|8|8|8|8|0|0
2026-05-15|07:30:00.015932|8|8|8|8|0|0
2026-05-15|07:35:00.026281|8|8|8|8|0|0
2026-05-15|07:40:00.013755|8|8|8|8|0|0
2026-05-15|07:45:00.022362|9|9|9|9|0|0
2026-05-15|07:50:00.021953|9|9|9|9|0|0
2026-05-15|07:55:00.014654|9|9|9|9|0|0
2026-05-15|08:00:00.017689|10|10|10|10|0|0
2026-05-15|08:05:00.028351|11|11|11|11|0|0
2026-05-15|08:10:00.025483|12|12|12|12|0|0
2026-05-15|08:15:00.015174|11|11|11|11|0|0
2026-05-15|08:20:00.122251|11|11|11|11|0|0
2026-05-15|08:25:00.017484|11|11|11|11|0|0
2026-05-15|08:30:00.020015|10|10|10|10|0|0
2026-05-15|08:35:00.021425|10|10|10|10|0|0
2026-05-15|08:40:00.024632|10|10|10|10|0|0
2026-05-15|08:45:00.025216|9|9|9|9|0|0
2026-05-15|08:50:00.020869|9|9|9|9|0|0
2026-05-15|08:55:00.019126|8|8|8|8|0|0
2026-05-15|09:00:00.138003|9|9|9|9|0|0
2026-05-15|09:00:00.139867|9|9|9|9|0|0
2026-05-15|09:05:00.040503|9|9|9|9|0|0
2026-05-15|09:10:00.038202|9|9|9|9|0|0
2026-05-15|09:15:00.026928|9|9|9|9|0|0
2026-05-15|09:20:00.051761|9|9|9|9|0|0
2026-05-15|09:25:00.081853|9|9|9|9|0|0
2026-05-15|09:30:00.031964|9|9|9|9|0|0
2026-05-15|09:31:00.015549|9|9|9|9|0|0
2026-05-15|09:35:00.071497|9|9|9|9|0|0
2026-05-15|09:40:00.044585|9|9|9|9|0|0
2026-05-15|09:45:00.030995|9|9|9|9|0|0
2026-05-15|09:50:00.036548|9|9|9|9|0|0
2026-05-15|09:55:00.030998|9|9|9|9|0|0
2026-05-18|07:00:00.080436|9|9|9|9|0|0
2026-05-18|07:05:00.015514|9|9|9|9|0|0
2026-05-18|07:10:00.027616|10|10|10|10|0|0
2026-05-18|07:15:00.021364|8|8|8|8|0|0
2026-05-18|07:20:00.020476|8|8|8|8|0|0
2026-05-18|07:25:00.022221|10|10|10|10|0|0
2026-05-18|07:30:00.018269|9|9|9|9|0|0
2026-05-18|07:35:00.015793|9|9|9|9|0|0
2026-05-18|07:40:00.017436|9|9|9|9|0|0
2026-05-18|07:45:00.021808|8|8|8|8|0|0
2026-05-18|07:50:00.018408|9|9|9|9|0|0
2026-05-18|07:55:00.017702|9|9|9|9|0|0
2026-05-18|08:00:00.019245|10|10|10|10|0|0
2026-05-18|08:05:00.020370|10|10|10|10|0|0
2026-05-18|08:10:00.021386|10|10|10|10|0|0
2026-05-18|08:15:00.021201|10|10|10|10|0|0
2026-05-18|08:20:00.019517|9|9|9|9|0|0
2026-05-18|08:25:00.022111|10|10|10|10|0|0
2026-05-18|08:30:00.022808|9|9|9|9|0|0
2026-05-18|08:35:00.025209|10|10|10|10|0|0
2026-05-18|08:40:00.019729|9|9|9|9|0|0
2026-05-18|08:45:00.020997|9|9|9|9|0|0
2026-05-18|08:50:00.022463|9|9|9|9|0|0
2026-05-18|08:55:00.023834|9|9|9|9|0|0
2026-05-18|09:00:00.643860|9|9|9|9|0|0
2026-05-18|09:00:00.650561|9|9|9|9|0|0
2026-05-18|09:05:00.039879|11|11|11|11|0|0
2026-05-18|09:10:00.035272|11|11|11|11|0|0
2026-05-18|09:15:00.032525|12|12|12|12|0|0
2026-05-18|09:20:00.038318|13|13|13|13|0|0
2026-05-18|09:25:00.032668|11|11|11|11|0|0
2026-05-18|09:30:00.042392|10|10|10|10|0|0
2026-05-18|09:31:00.026728|10|10|10|10|0|0
2026-05-18|09:35:00.131575|12|12|12|12|0|0
2026-05-18|09:40:00.041285|11|11|11|11|0|0
2026-05-18|09:45:00.033722|12|12|12|12|0|0
2026-05-18|09:50:00.138073|14|14|14|14|0|0
2026-05-18|09:55:00.033586|9|9|9|9|0|0
2026-05-19|07:00:00.105573|6|6|6|6|0|0
2026-05-19|07:10:00.030237|6|6|6|6|0|0
2026-05-19|07:15:00.023764|5|5|5|5|0|0
2026-05-19|07:20:00.021935|6|6|6|6|0|0
2026-05-19|07:25:00.017856|7|7|7|7|0|0
2026-05-19|07:30:00.040373|7|7|7|7|0|0
2026-05-19|07:40:00.031508|5|5|5|5|0|0
2026-05-19|07:45:00.037097|7|7|7|7|0|0
2026-05-19|07:50:00.024512|7|7|7|7|0|0
2026-05-19|08:00:00.028165|5|5|5|5|0|0
2026-05-19|08:05:00.042913|7|7|7|7|0|0
2026-05-19|08:10:00.029768|5|5|5|5|0|0
2026-05-19|08:15:00.024865|5|5|5|5|0|0
2026-05-19|08:20:00.032268|6|6|6|6|0|0
2026-05-19|08:25:00.028232|6|6|6|6|0|0
2026-05-19|08:30:00.031312|5|5|5|5|0|0
2026-05-19|08:35:00.036431|6|6|6|6|0|0
2026-05-19|08:40:00.122945|6|6|6|6|0|0
2026-05-19|08:45:00.030354|6|6|6|6|0|0
2026-05-19|08:50:00.041152|7|7|7|7|0|0
2026-05-19|08:55:00.024208|7|7|7|7|0|0
2026-05-19|09:00:00.144667|7|7|7|7|0|0
2026-05-19|09:00:00.153154|7|7|7|7|0|0
2026-05-19|09:05:00.038104|7|7|7|7|0|0
2026-05-19|09:10:00.060114|7|7|7|7|0|0
2026-05-19|09:15:00.051958|7|7|7|7|0|0
2026-05-19|09:20:00.046276|7|7|7|7|0|0
2026-05-19|09:25:00.063530|6|6|6|6|0|0
2026-05-19|09:30:00.039695|6|6|6|6|0|0
2026-05-19|09:31:00.036793|6|6|6|6|0|0
2026-05-19|09:35:00.078209|6|6|6|6|0|0
2026-05-19|09:40:00.062776|6|6|6|6|0|0
2026-05-19|09:45:00.042403|5|5|5|5|0|0
2026-05-19|09:50:00.070855|5|5|5|5|0|0
2026-05-19|09:55:00.039062|5|5|5|5|0|0
2026-05-20|07:00:00.071805|1|1|1|1|0|0
2026-05-20|07:05:00.017606|1|1|1|1|0|0
2026-05-20|07:10:00.020770|1|1|1|1|0|0
2026-05-20|07:15:00.015681|1|1|1|1|0|0
2026-05-20|07:20:00.023658|1|1|1|1|0|0
2026-05-20|08:25:00.018590|5|5|5|5|0|0
2026-05-20|08:30:00.024178|5|5|5|5|0|0
2026-05-20|08:40:00.017229|6|6|6|6|0|0
2026-05-20|08:45:00.018432|7|7|7|7|0|0
2026-05-20|08:50:00.021226|5|5|5|5|0|0
2026-05-20|08:55:00.103560|5|5|5|5|0|0
2026-05-20|09:00:00.147193|4|4|4|4|0|0
2026-05-20|09:00:00.149132|4|4|4|4|0|0
2026-05-20|09:05:00.031596|4|4|4|4|0|0
2026-05-20|09:10:00.042508|4|4|4|4|0|0
2026-05-20|09:15:00.036235|4|4|4|4|0|0
2026-05-20|09:20:00.038376|5|5|5|5|0|0
2026-05-20|09:25:00.032676|5|5|5|5|0|0
2026-05-20|09:30:00.032939|5|5|5|5|0|0
2026-05-20|09:31:00.034598|5|5|5|5|0|0
2026-05-20|09:35:00.058275|5|5|5|5|0|0
2026-05-20|09:40:00.081468|4|4|4|4|0|0
2026-05-20|09:45:00.086203|5|5|5|5|0|0
2026-05-20|09:50:00.029945|8|8|8|8|0|0
2026-05-20|09:55:00.032962|6|6|6|6|0|0
2026-05-21|07:00:00.076687|7|7|7|7|0|0
2026-05-21|07:05:00.016599|6|6|6|6|0|0
2026-05-21|07:10:00.026467|4|4|4|4|0|0
2026-05-21|07:15:00.024998|5|5|5|5|0|0
2026-05-21|07:20:00.030903|5|5|5|5|0|0
2026-05-21|07:25:00.026920|6|6|6|6|0|0
2026-05-21|07:30:00.025935|8|8|8|8|0|0
2026-05-21|07:35:00.138858|9|9|9|9|0|0
2026-05-21|07:40:00.021816|8|8|8|8|0|0
2026-05-21|07:45:00.023240|8|8|8|8|0|0
2026-05-21|07:50:00.026628|8|8|8|8|0|0
2026-05-21|07:55:00.021883|8|8|8|8|0|0
2026-05-21|08:00:00.025665|7|7|7|7|0|0
2026-05-21|08:05:00.025998|8|8|8|8|0|0
2026-05-21|08:10:00.026412|10|10|10|10|0|0
2026-05-21|08:15:00.023335|8|8|8|8|0|0
2026-05-21|08:20:00.026643|8|8|8|8|0|0
2026-05-21|08:25:00.026060|8|8|8|8|0|0
2026-05-21|08:30:00.037155|7|7|7|7|0|0
2026-05-21|08:35:00.029701|6|6|6|6|0|0
2026-05-21|08:40:00.027401|5|5|5|5|0|0
2026-05-21|08:45:00.024643|6|6|6|6|0|0
2026-05-21|08:50:00.022021|6|6|6|6|0|0
2026-05-21|08:55:00.026645|6|6|6|6|0|0
2026-05-21|09:00:00.177754|7|7|7|7|0|0
2026-05-21|09:00:00.177893|7|7|7|7|0|0
2026-05-21|09:05:00.058895|8|8|8|8|0|0
2026-05-21|09:10:00.037448|9|9|9|9|0|0
2026-05-21|09:15:00.031924|8|8|8|8|0|0
2026-05-21|09:20:00.040975|7|7|7|7|0|0
2026-05-21|09:25:00.050658|6|6|6|6|0|0
2026-05-21|09:30:00.037363|6|6|6|6|0|0
2026-05-21|09:31:00.027901|6|6|6|6|0|0
2026-05-21|09:35:00.138388|6|6|6|6|0|0
2026-05-21|09:40:00.049112|8|8|8|8|0|0
2026-05-21|09:45:00.064200|8|8|8|8|0|0
2026-05-21|09:50:00.047819|14|14|14|14|0|0
2026-05-21|09:55:00.063783|13|13|13|13|0|0
2026-05-22|07:00:00.085705|6|6|6|6|0|0
2026-05-22|07:05:00.024202|6|6|6|6|0|0
2026-05-22|07:10:00.148019|5|5|5|5|0|0
2026-05-22|07:15:00.023065|5|5|5|5|0|0
2026-05-22|07:20:00.026190|7|7|7|7|0|0
2026-05-22|07:25:00.029550|6|6|6|6|0|0
2026-05-22|07:30:00.022612|7|7|7|7|0|0
2026-05-22|07:35:00.044033|7|7|7|7|0|0
2026-05-22|07:40:00.023533|7|7|7|7|0|0
2026-05-22|07:45:00.028604|8|8|8|8|0|0
2026-05-22|07:50:00.039209|8|8|8|8|0|0
2026-05-22|07:55:00.020807|8|8|8|8|0|0
2026-05-22|08:00:00.051961|9|9|9|9|0|0
2026-05-22|08:05:00.030257|8|8|8|8|0|0
2026-05-22|08:10:00.021064|9|9|9|9|0|0
2026-05-22|08:15:00.032894|10|10|10|10|0|0
2026-05-22|08:20:00.017365|7|7|7|7|0|0
2026-05-22|08:25:00.031009|8|8|8|8|0|0
2026-05-22|08:30:00.026858|9|9|9|9|0|0
2026-05-22|08:35:00.028471|9|9|9|9|0|0
2026-05-22|08:40:00.032547|10|10|10|10|0|0
2026-05-22|08:45:00.021908|9|9|9|9|0|0
2026-05-22|08:50:00.043624|9|9|9|9|0|0
2026-05-22|08:55:00.021446|9|9|9|9|0|0
2026-05-22|09:00:00.154667|10|10|10|10|0|0
2026-05-22|09:00:00.161320|10|10|10|10|0|0
2026-05-22|09:05:00.038943|10|10|10|10|0|0
2026-05-22|09:10:00.044342|11|11|11|11|0|0
2026-05-22|09:15:00.040925|11|11|11|11|0|0
2026-05-22|09:20:00.039060|11|11|11|11|0|0
2026-05-22|09:25:00.143197|11|11|11|11|0|0
2026-05-22|09:30:00.041533|12|12|12|12|0|0
2026-05-22|09:31:00.043433|12|12|12|12|0|0
2026-05-22|09:35:00.151881|10|10|10|10|0|0
2026-05-22|09:40:00.047447|10|10|10|10|0|0
2026-05-22|09:45:00.068465|11|11|11|11|0|0
2026-05-22|09:50:00.045085|17|17|17|17|0|0
2026-05-22|09:55:00.033614|25|25|25|25|0|0
2026-05-26|07:00:00.079674|20|20|20|20|0|0
2026-05-26|07:05:00.017946|17|17|17|17|0|0
2026-05-26|07:10:00.023901|16|16|16|16|0|0
2026-05-26|07:15:00.023580|15|15|15|15|0|0
2026-05-26|07:20:00.031718|16|16|16|16|0|0
2026-05-26|07:25:00.024184|18|18|18|18|0|0
2026-05-26|07:30:00.025772|17|17|17|17|0|0
2026-05-26|07:35:00.015122|19|19|19|19|0|0
2026-05-26|07:40:00.016537|21|21|21|21|0|0
2026-05-26|07:50:00.015616|25|25|25|25|0|0
2026-05-26|07:55:00.031659|25|25|25|25|0|0
2026-05-26|08:00:00.025364|26|26|26|26|0|0
2026-05-26|08:05:00.031628|22|22|22|22|0|0
2026-05-26|08:10:00.033029|25|25|25|25|0|0
2026-05-26|08:15:00.026137|26|26|26|26|0|0
2026-05-26|08:20:00.025508|27|27|27|27|0|0
2026-05-26|08:25:00.028550|28|28|28|28|0|0
2026-05-26|08:30:00.029135|28|28|28|28|0|0
2026-05-26|08:35:00.029268|27|27|27|27|0|0
2026-05-26|08:40:00.026039|27|27|27|27|0|0
2026-05-26|08:45:00.032186|24|24|24|24|0|0
2026-05-26|08:50:00.034876|26|26|26|26|0|0
2026-05-26|08:55:00.032736|24|24|24|24|0|0
2026-05-26|09:00:00.148407|24|24|24|24|0|0
2026-05-26|09:00:00.153176|23|23|23|23|0|0
2026-05-26|09:05:00.036850|23|23|23|23|0|0
2026-05-26|09:10:00.055989|22|22|22|22|0|0
2026-05-26|09:15:00.041692|22|22|22|22|0|0
2026-05-26|09:20:00.047320|20|20|20|20|0|0
2026-05-26|09:25:00.041409|21|21|21|21|0|0
2026-05-26|09:30:00.071850|22|22|22|22|0|0
2026-05-26|09:31:00.159879|22|22|22|22|0|0
2026-05-26|09:35:01.932921|21|21|21|21|0|0
2026-05-26|09:40:00.052958|22|22|22|22|0|0
2026-05-26|09:45:00.082769|21|21|21|21|0|0
2026-05-26|09:50:00.059429|42|42|42|42|0|0
2026-05-27|07:00:00.077018|15|15|15|15|0|0
2026-05-27|07:05:00.120710|16|16|16|16|0|0
2026-05-27|07:10:00.019947|17|17|17|17|0|0
2026-05-27|07:15:00.020875|18|18|18|18|0|0
2026-05-27|07:20:00.018782|18|18|18|18|0|0
2026-05-27|07:25:00.033429|16|16|16|16|0|0
2026-05-27|07:30:00.022401|19|19|19|19|0|0
2026-05-27|07:35:00.026003|19|19|19|19|0|0
2026-05-27|07:40:00.023577|20|20|20|20|0|0
2026-05-27|07:45:00.026243|20|20|20|20|0|0
2026-05-27|07:50:00.023209|21|21|21|21|0|0
2026-05-27|07:55:00.032215|20|20|20|20|0|0
2026-05-27|08:00:00.023523|18|18|18|18|0|0
2026-05-27|08:05:00.036106|19|19|19|19|0|0
2026-05-27|08:10:00.045100|20|20|20|20|0|0
2026-05-27|08:15:00.021615|19|19|19|19|0|0
2026-05-27|08:20:00.045264|21|21|21|21|0|0
2026-05-27|08:25:00.023452|19|19|19|19|0|0
2026-05-27|08:30:00.029436|18|18|18|18|0|0
2026-05-27|08:35:00.018807|19|19|19|19|0|0
2026-05-27|08:40:00.016624|20|20|20|20|0|0
2026-05-27|08:45:00.021764|20|20|20|20|0|0
2026-05-27|08:50:00.036888|20|20|20|20|0|0
2026-05-27|08:55:00.016949|21|21|21|21|0|0
2026-05-27|09:00:00.206772|19|19|19|19|0|0
2026-05-27|09:00:00.218831|19|19|19|19|0|0
2026-05-27|09:05:00.043931|19|19|19|19|0|0
2026-05-27|09:10:00.057512|19|19|19|19|0|0
2026-05-27|09:15:00.090026|18|18|18|18|0|0
2026-05-27|09:20:00.052758|18|18|18|18|0|0
2026-05-27|09:25:00.044175|17|17|17|17|0|0
2026-05-27|09:30:00.107110|16|16|16|16|0|0
2026-05-27|09:31:00.029036|17|17|17|17|0|0
2026-05-27|09:35:00.141959|17|17|17|17|0|0
2026-05-27|09:40:00.070408|18|18|18|18|0|0
2026-05-27|09:45:00.928432|13|13|13|13|0|0
2026-05-27|09:50:00.069745|12|12|12|12|0|0
2026-05-27|09:55:00.058275|8|8|8|8|0|0
2026-05-28|07:00:00.083420|18|18|18|18|0|0
2026-05-28|07:05:00.015040|17|17|17|17|0|0
2026-05-28|07:10:00.035035|15|15|15|15|0|0
2026-05-28|07:15:00.023498|15|15|15|15|0|0
2026-05-28|07:20:00.026015|16|16|16|16|0|0
2026-05-28|07:25:00.021395|16|16|16|16|0|0
2026-05-28|07:30:00.028014|17|17|17|17|0|0
2026-05-28|07:35:00.038405|12|12|12|12|0|0
2026-05-28|07:40:00.138002|17|17|17|17|0|0
2026-05-28|07:45:00.024488|14|14|14|14|0|0
2026-05-28|07:50:00.019600|14|14|14|14|0|0
2026-05-28|07:55:00.021377|14|14|14|14|0|0
2026-05-28|08:00:00.021760|17|17|17|17|0|0
2026-05-28|08:05:00.029787|18|18|18|18|0|0
2026-05-28|08:10:00.028887|18|18|18|18|0|0
2026-05-28|08:15:00.031448|17|17|17|17|0|0
2026-05-28|08:20:00.023620|20|20|20|20|0|0
2026-05-28|08:25:00.037033|22|22|22|22|0|0
2026-05-28|08:30:00.041863|19|19|19|19|0|0
2026-05-28|08:35:00.030524|18|18|18|18|0|0
2026-05-28|08:40:00.026638|19|19|19|19|0|0
2026-05-28|08:45:00.023417|20|20|20|20|0|0
2026-05-28|08:50:00.019729|20|20|20|20|0|0
2026-05-28|08:55:00.021944|20|20|20|20|0|0
2026-05-28|09:00:00.258067|21|21|21|21|0|0
2026-05-28|09:00:00.258734|21|21|21|21|0|0
2026-05-28|09:05:00.059540|22|22|22|22|0|0
2026-05-28|09:10:00.045666|21|21|21|21|0|0
2026-05-28|09:15:00.069412|22|22|22|22|0|0
2026-05-28|09:20:00.047926|22|22|22|22|0|0
2026-05-28|09:25:00.038246|21|21|21|21|0|0
2026-05-28|09:30:00.083269|20|20|20|20|0|0
2026-05-28|09:31:00.040780|20|20|20|20|0|0
2026-05-28|09:35:00.147542|19|19|19|19|0|0
2026-05-28|09:40:00.067795|21|21|21|21|0|0
2026-05-28|09:45:00.407549|22|22|22|22|0|0
2026-05-28|09:50:00.067505|25|25|25|25|0|0
2026-05-28|09:55:00.068188|25|25|25|25|0|0
2026-05-29|07:00:00.084797|11|11|11|11|0|0
2026-05-29|07:05:00.019981|14|14|14|14|0|0
2026-05-29|07:10:00.025199|13|13|13|13|0|0
2026-05-29|07:15:00.020166|11|11|11|11|0|0
2026-05-29|07:20:00.019324|9|9|9|9|0|0
2026-05-29|07:25:00.020973|11|11|11|11|0|0
2026-05-29|07:30:00.022815|12|12|12|12|0|0
2026-05-29|07:35:00.024500|10|10|10|10|0|0
2026-05-29|07:40:00.027949|11|11|11|11|0|0
2026-05-29|07:45:00.023617|12|12|12|12|0|0
2026-05-29|07:50:00.039226|11|11|11|11|0|0
2026-05-29|07:55:00.019599|12|12|12|12|0|0
2026-05-29|08:00:00.021592|12|12|12|12|0|0
2026-05-29|08:05:00.024530|13|13|13|13|0|0
2026-05-29|08:10:00.019493|13|13|13|13|0|0
2026-05-29|08:15:00.029853|13|13|13|13|0|0
2026-05-29|08:20:00.019970|14|14|14|14|0|0
2026-05-29|08:25:00.019855|12|12|12|12|0|0
2026-05-29|08:30:00.028837|14|14|14|14|0|0
2026-05-29|08:35:00.025600|13|13|13|13|0|0
2026-05-29|08:40:00.019948|15|15|15|15|0|0
2026-05-29|08:45:00.039545|17|17|17|17|0|0
2026-05-29|08:50:00.021084|15|15|15|15|0|0
2026-05-29|08:55:00.029791|16|16|16|16|0|0
2026-05-29|09:00:00.347440|16|16|16|16|0|0
2026-05-29|09:00:00.349195|15|15|15|15|0|0
2026-05-29|09:05:00.047916|16|16|16|16|0|0
2026-05-29|09:10:00.053860|16|16|16|16|0|0
2026-05-29|09:15:00.057717|16|16|16|16|0|0
2026-05-29|09:20:00.058129|17|17|17|17|0|0
2026-05-29|09:25:00.052430|16|16|16|16|0|0
2026-05-29|09:30:00.052228|16|16|16|16|0|0
2026-05-29|09:31:00.035237|15|15|15|15|0|0
2026-05-29|09:35:00.191597|16|16|16|16|0|0
2026-05-29|09:40:00.051011|14|14|14|14|0|0
2026-05-29|09:45:00.168323|18|18|18|18|0|0
2026-05-29|09:50:00.058966|15|15|15|15|0|0
2026-05-29|09:55:00.062684|16|16|16|16|0|0
2026-06-01|07:00:00.065449|17|17|17|17|0|0
2026-06-01|07:05:00.024487|17|17|17|17|0|0
2026-06-01|07:10:00.024335|17|17|17|17|0|0
2026-06-01|07:15:00.022256|17|17|17|17|0|0
2026-06-01|07:20:00.024641|16|16|16|16|0|0
2026-06-01|07:25:00.018596|18|18|18|18|0|0
2026-06-01|07:30:00.026019|18|18|18|18|0|0
2026-06-01|07:35:00.020764|16|16|16|16|0|0
2026-06-01|07:40:00.024823|16|16|16|16|0|0
2026-06-01|07:45:00.027183|16|16|16|16|0|0
2026-06-01|07:50:00.027104|15|15|15|15|0|0
2026-06-01|07:55:00.026845|14|14|14|14|0|0
2026-06-01|08:00:00.036879|14|14|14|14|0|0
2026-06-01|08:05:00.031482|15|15|15|15|0|0
2026-06-01|08:10:00.143348|15|15|15|15|0|0
2026-06-01|08:15:00.020780|14|14|14|14|0|0
2026-06-01|08:20:00.017645|12|12|12|12|0|0
2026-06-01|08:25:00.028606|14|14|14|14|0|0
2026-06-01|08:30:00.031531|15|15|15|15|0|0
2026-06-01|08:35:00.029599|14|14|14|14|0|0
2026-06-01|08:40:00.023714|14|14|14|14|0|0
2026-06-01|08:45:00.124555|15|15|15|15|0|0
2026-06-01|08:50:00.017733|16|16|16|16|0|0
2026-06-01|08:55:00.022736|16|16|16|16|0|0
2026-06-01|09:00:00.325723|16|16|16|16|0|0
2026-06-01|09:00:00.333471|16|16|16|16|0|0
2026-06-01|09:05:00.040653|17|17|17|17|0|0
2026-06-01|09:10:00.043228|18|18|18|18|0|0
2026-06-01|09:15:00.073359|16|16|16|16|0|0
2026-06-01|09:20:00.050358|16|16|16|16|0|0
2026-06-01|09:25:00.034364|16|16|16|16|0|0
2026-06-01|09:30:00.085526|16|16|16|16|0|0
2026-06-01|09:31:00.147113|16|16|16|16|0|0
2026-06-01|09:35:00.331755|16|16|16|16|0|0
2026-06-01|09:40:00.069907|15|15|15|15|0|0
2026-06-01|09:45:00.201490|17|17|17|17|0|0
2026-06-01|09:50:00.065916|18|18|18|18|0|0
2026-06-01|09:55:00.055438|19|19|19|19|0|0
2026-06-02|07:00:00.070713|6|6|6|6|0|0
2026-06-02|07:05:00.017849|6|6|6|6|0|0
2026-06-02|07:10:00.028682|6|6|6|6|0|0
2026-06-02|07:15:00.027387|5|5|5|5|0|0
2026-06-02|07:20:00.029751|8|8|8|8|0|0
2026-06-02|07:25:00.020930|8|8|8|8|0|0
2026-06-02|07:30:00.039978|8|8|8|8|0|0
2026-06-02|07:35:00.026997|8|8|8|8|0|0
2026-06-02|07:40:00.026544|9|9|9|9|0|0
2026-06-02|07:45:00.031440|8|8|8|8|0|0
2026-06-02|07:50:00.021707|9|9|9|9|0|0
2026-06-02|07:55:00.034493|10|10|10|10|0|0
2026-06-02|08:00:00.027973|9|9|9|9|0|0
2026-06-02|08:05:00.025722|8|8|8|8|0|0
2026-06-02|08:10:00.029003|7|7|7|7|0|0
2026-06-02|08:15:00.023065|9|9|9|9|0|0
2026-06-02|08:20:00.022481|10|10|10|10|0|0
2026-06-02|08:25:00.027881|12|12|12|12|0|0
2026-06-02|08:30:00.024359|12|12|12|12|0|0
2026-06-02|08:35:00.024191|11|11|11|11|0|0
2026-06-02|08:40:00.028612|11|11|11|11|0|0
2026-06-02|08:45:00.023049|11|11|11|11|0|0
2026-06-02|08:50:00.030634|12|12|12|12|0|0
2026-06-02|08:55:00.033098|10|10|10|10|0|0
2026-06-02|09:00:00.274732|11|11|11|11|0|0
2026-06-02|09:00:00.275787|11|11|11|11|0|0
2026-06-02|09:05:00.052922|12|12|12|12|0|0
2026-06-02|09:10:00.045058|11|11|11|11|0|0
2026-06-02|09:15:00.096234|10|10|10|10|0|0
2026-06-02|09:20:00.043968|12|12|12|12|0|0
2026-06-02|09:25:00.042757|11|11|11|11|0|0
2026-06-02|09:30:00.118695|12|12|12|12|0|0
2026-06-02|09:31:00.042922|12|12|12|12|0|0
2026-06-02|09:35:00.272648|10|10|10|10|0|0
2026-06-02|09:40:00.064390|11|11|11|11|0|0
2026-06-02|09:45:00.534324|10|10|10|10|0|0
2026-06-02|09:50:00.099626|14|14|14|14|0|0
2026-06-02|09:55:00.111142|14|14|14|14|0|0
2026-06-03|07:00:00.097130|3|3|3|3|0|0
2026-06-03|07:05:00.017831|3|3|3|3|0|0
2026-06-03|07:10:00.019435|3|3|3|3|0|0
2026-06-03|07:15:00.020377|4|4|4|4|0|0
2026-06-03|07:20:00.108110|4|4|4|4|0|0
2026-06-03|07:25:00.017996|2|2|2|2|0|0
2026-06-03|07:30:00.020501|3|3|3|3|0|0
2026-06-03|07:35:00.018514|3|3|3|3|0|0
2026-06-03|07:40:00.017459|4|4|4|4|0|0
2026-06-03|07:45:00.019391|4|4|4|4|0|0
2026-06-03|07:50:00.025401|4|4|4|4|0|0
2026-06-03|07:55:00.017058|5|5|5|5|0|0
2026-06-03|08:00:00.024159|6|6|6|6|0|0
2026-06-03|08:05:00.023154|6|6|6|6|0|0
2026-06-03|08:10:00.021171|6|6|6|6|0|0
2026-06-03|08:15:00.022346|5|5|5|5|0|0
2026-06-03|08:20:00.019684|6|6|6|6|0|0
2026-06-03|08:25:00.019507|6|6|6|6|0|0
2026-06-03|08:30:00.026884|6|6|6|6|0|0
2026-06-03|08:35:00.019961|5|5|5|5|0|0
2026-06-03|08:40:00.020603|5|5|5|5|0|0
2026-06-03|08:45:00.106348|5|5|5|5|0|0
2026-06-03|08:50:00.027533|6|6|6|6|0|0
2026-06-03|08:55:00.027265|6|6|6|6|0|0
2026-06-03|09:00:00.241389|6|6|6|6|0|0
2026-06-03|09:00:00.242964|6|6|6|6|0|0
2026-06-03|09:05:00.039969|6|6|6|6|0|0
2026-06-03|09:10:00.164047|4|4|4|4|0|0
2026-06-03|09:15:00.156160|5|5|5|5|0|0
2026-06-03|09:20:00.052404|5|5|5|5|0|0
2026-06-03|09:25:00.042451|4|4|4|4|0|0
2026-06-03|09:30:00.109190|4|4|4|4|0|0
2026-06-03|09:31:00.029588|4|4|4|4|0|0
2026-06-03|09:35:00.175381|5|5|5|5|0|0
2026-06-03|09:40:00.128532|5|5|5|5|0|0
2026-06-03|09:45:00.257281|4|4|4|4|0|0
2026-06-03|09:55:00.069842|5|5|5|5|0|0
2026-06-04|07:00:00.181879|4|4|4|4|0|0
2026-06-04|07:05:00.018124|4|4|4|4|0|0
2026-06-04|07:10:00.018710|2|2|2|2|0|0
2026-06-04|07:15:00.019101|3|3|3|3|0|0
2026-06-04|07:20:00.022647|3|3|3|3|0|0
2026-06-04|07:25:00.021869|3|3|3|3|0|0
2026-06-04|07:30:00.018263|4|4|4|4|0|0
2026-06-04|07:35:00.029091|4|4|4|4|0|0
2026-06-04|07:40:00.019093|4|4|4|4|0|0
2026-06-04|07:45:00.022770|4|4|4|4|0|0
2026-06-04|07:50:00.016714|5|5|5|5|0|0
2026-06-04|07:55:00.021371|4|4|4|4|0|0
2026-06-04|08:00:00.027482|4|4|4|4|0|0
2026-06-04|08:05:00.022080|5|5|5|5|0|0
2026-06-04|08:10:00.024071|5|5|5|5|0|0
2026-06-04|08:15:00.020408|6|6|6|6|0|0
2026-06-04|08:20:00.029719|6|6|6|6|0|0
2026-06-04|08:25:00.023445|5|5|5|5|0|0
2026-06-04|08:30:00.020571|5|5|5|5|0|0
2026-06-04|08:35:00.024864|5|5|5|5|0|0
2026-06-04|08:40:00.019660|5|5|5|5|0|0
2026-06-04|08:45:00.120893|6|6|6|6|0|0
2026-06-04|08:50:00.022159|5|5|5|5|0|0
2026-06-04|08:55:00.026055|5|5|5|5|0|0
2026-06-04|09:00:00.190447|5|5|5|5|0|0
2026-06-04|09:00:00.194259|5|5|5|5|0|0
2026-06-04|09:05:00.028838|5|5|5|5|0|0
2026-06-04|09:10:00.049568|5|5|5|5|0|0
2026-06-04|09:15:00.083021|5|5|5|5|0|0
2026-06-04|09:20:00.046237|5|5|5|5|0|0
2026-06-04|09:25:00.037808|6|6|6|6|0|0
2026-06-04|09:30:00.100660|7|7|7|7|0|0
2026-06-04|09:31:00.022646|7|7|7|7|0|0
2026-06-04|09:35:00.503563|7|7|7|7|0|0
2026-06-04|09:40:00.074651|8|8|8|8|0|0
2026-06-04|09:45:00.335940|8|8|8|8|0|0
2026-06-04|09:50:00.068839|6|6|6|6|0|0
2026-06-04|09:55:00.200225|11|11|11|11|0|0
2026-06-05|07:00:00.071997|6|6|6|6|0|0
2026-06-05|07:05:00.017856|6|6|6|6|0|0
2026-06-05|07:10:00.024538|6|6|6|6|0|0
2026-06-05|07:15:00.025668|5|5|5|5|0|0
2026-06-05|07:20:00.030804|5|5|5|5|0|0
2026-06-05|07:25:00.039341|6|6|6|6|0|0
2026-06-05|07:30:00.032527|6|6|6|6|0|0
2026-06-05|07:35:00.028790|6|6|6|6|0|0
2026-06-05|07:40:00.034356|6|6|6|6|0|0
2026-06-05|07:45:00.037218|5|5|5|5|0|0
2026-06-05|07:50:00.043907|6|6|6|6|0|0
2026-06-05|07:55:00.029152|5|5|5|5|0|0
2026-06-05|08:00:00.033165|5|5|5|5|0|0
2026-06-05|08:05:00.033025|6|6|6|6|0|0
2026-06-05|08:10:00.050909|6|6|6|6|0|0
2026-06-05|08:15:00.040128|6|6|6|6|0|0
2026-06-05|08:20:00.032514|6|6|6|6|0|0
2026-06-05|08:25:00.037807|6|6|6|6|0|0
2026-06-05|08:30:00.041402|6|6|6|6|0|0
2026-06-05|08:35:00.038167|7|7|7|7|0|0
2026-06-05|08:40:00.038558|6|6|6|6|0|0
2026-06-05|08:45:00.055453|5|5|5|5|0|0
2026-06-05|08:50:00.030782|5|5|5|5|0|0
2026-06-05|08:55:00.026318|5|5|5|5|0|0
2026-06-05|09:00:00.482089|6|6|6|6|0|0
2026-06-05|09:00:00.484657|6|6|6|6|0|0
2026-06-05|09:05:00.042224|6|6|6|6|0|0
2026-06-05|09:10:00.069670|5|5|5|5|0|0
2026-06-05|09:15:00.115002|5|5|5|5|0|0
2026-06-05|09:20:00.048602|6|6|6|6|0|0
2026-06-05|09:25:00.048495|5|5|5|5|0|0
2026-06-05|09:30:00.243866|5|5|5|5|0|0
2026-06-05|09:31:00.045089|5|5|5|5|0|0
2026-06-05|09:35:00.211256|5|5|5|5|0|0
2026-06-05|09:40:00.165100|6|6|6|6|0|0
2026-06-05|09:45:00.375251|8|8|8|8|0|0
2026-06-05|09:50:00.088652|4|4|4|4|0|0
2026-06-05|09:55:00.064227|5|5|5|5|0|0
2026-06-08|07:00:00.080851|3|3|3|3|0|0
2026-06-08|07:05:00.023653|4|4|4|4|0|0
2026-06-08|07:10:00.020084|2|2|2|2|0|0
2026-06-08|07:15:00.024290|3|3|3|3|0|0
2026-06-08|07:20:00.034099|3|3|3|3|0|0
2026-06-08|07:25:00.024704|4|4|4|4|0|0
2026-06-08|07:30:00.029796|6|6|6|6|0|0
2026-06-08|07:35:00.032503|8|8|8|8|0|0
2026-06-08|07:40:00.030011|8|8|8|8|0|0
2026-06-08|07:45:00.149757|8|8|8|8|0|0
2026-06-08|07:50:00.038789|8|8|8|8|0|0
2026-06-08|07:55:00.022066|8|8|8|8|0|0
2026-06-08|08:00:00.029637|7|7|7|7|0|0
2026-06-08|08:05:00.037123|9|9|9|9|0|0
2026-06-08|08:10:00.025910|9|9|9|9|0|0
2026-06-08|08:15:00.034868|8|8|8|8|0|0
2026-06-08|08:20:00.037159|10|10|10|10|0|0
2026-06-08|08:25:00.031478|9|9|9|9|0|0
2026-06-08|08:30:00.028522|9|9|9|9|0|0
2026-06-08|08:35:00.025671|9|9|9|9|0|0
2026-06-08|08:40:00.025422|8|8|8|8|0|0
2026-06-08|08:45:00.023152|9|9|9|9|0|0
2026-06-08|08:50:00.027280|10|10|10|10|0|0
2026-06-08|08:55:00.042440|10|10|10|10|0|0
2026-06-08|09:00:00.480330|10|10|10|10|0|0
2026-06-08|09:00:00.480778|10|10|10|10|0|0
2026-06-08|09:05:00.042244|10|10|10|10|0|0
2026-06-08|09:10:00.062942|10|10|10|10|0|0
2026-06-08|09:15:00.123510|10|10|10|10|0|0
2026-06-08|09:20:00.073010|13|13|13|13|0|0
2026-06-08|09:25:00.064482|12|12|12|12|0|0
2026-06-08|09:30:00.910204|12|12|12|12|0|0
2026-06-08|09:31:00.045456|12|12|12|12|0|0
2026-06-08|09:35:00.429934|11|11|11|11|0|0
2026-06-08|09:40:00.116751|12|12|12|12|0|0
2026-06-08|09:45:00.594828|12|12|12|12|0|0
2026-06-08|09:50:00.076455|9|9|9|9|0|0
2026-06-08|09:55:00.058525|8|8|8|8|0|0
2026-06-09|07:00:00.082858|7|7|7|7|0|0
2026-06-09|07:05:00.014030|8|8|8|8|0|0
2026-06-09|07:10:00.025412|10|10|10|10|0|0
2026-06-09|07:15:00.021942|9|9|9|9|0|0
2026-06-09|07:20:00.020106|9|9|9|9|0|0
2026-06-09|07:25:00.018630|11|11|11|11|0|0
2026-06-09|07:30:00.019164|12|12|12|12|0|0
2026-06-09|07:35:00.020528|11|11|11|11|0|0
2026-06-09|07:40:00.022590|11|11|11|11|0|0
2026-06-09|07:45:00.020765|11|11|11|11|0|0
2026-06-09|07:50:00.021946|12|12|12|12|0|0
2026-06-09|07:55:00.114098|11|11|11|11|0|0
2026-06-09|08:00:00.024574|11|11|11|11|0|0
2026-06-09|08:05:00.022266|12|12|12|12|0|0
2026-06-09|08:10:00.023415|11|11|11|11|0|0
2026-06-09|08:15:00.017694|9|9|9|9|0|0
2026-06-09|08:20:00.025577|10|10|10|10|0|0
2026-06-09|08:25:00.019557|9|9|9|9|0|0
2026-06-09|08:30:00.019542|9|9|9|9|0|0
2026-06-09|08:35:00.118091|9|9|9|9|0|0
2026-06-09|08:40:00.017783|11|11|11|11|0|0
2026-06-09|08:45:00.025455|10|10|10|10|0|0
2026-06-09|08:50:00.028399|11|11|11|11|0|0
2026-06-09|08:55:00.022330|11|11|11|11|0|0
2026-06-09|09:00:00.317889|10|10|10|10|0|0
2026-06-09|09:00:00.318043|10|10|10|10|0|0
2026-06-09|09:05:00.037440|9|9|9|9|0|0
2026-06-09|09:10:00.047560|9|9|9|9|0|0
2026-06-09|09:15:00.084093|11|11|11|11|0|0
2026-06-09|09:20:00.146230|9|9|9|9|0|0
2026-06-09|09:25:00.039558|9|9|9|9|0|0
2026-06-09|09:30:00.099079|9|9|9|9|0|0
2026-06-09|09:31:00.033997|9|9|9|9|0|0
2026-06-09|09:35:00.164158|9|9|9|9|0|0
2026-06-09|09:40:00.071622|10|10|10|10|0|0
2026-06-09|09:45:01.006102|9|9|9|9|0|0
2026-06-09|09:50:00.058668|11|11|11|11|0|0
2026-06-09|09:55:00.060953|12|12|12|12|0|0
2026-06-10|07:00:00.090099|2|2|2|2|0|0
2026-06-10|07:05:00.015568|2|2|2|2|0|0
2026-06-10|07:10:00.028608|2|2|2|2|0|0
2026-06-10|07:15:00.024612|2|2|2|2|0|0
2026-06-10|07:20:00.019639|3|3|3|3|0|0
2026-06-10|07:25:00.121420|4|4|4|4|0|0
2026-06-10|07:30:00.023045|3|3|3|3|0|0
2026-06-10|07:35:00.024616|2|2|2|2|0|0
2026-06-10|07:40:00.021159|2|2|2|2|0|0
2026-06-10|07:45:00.023019|2|2|2|2|0|0
2026-06-10|07:50:00.025024|2|2|2|2|0|0
2026-06-10|07:55:00.019937|1|1|1|1|0|0
2026-06-10|08:00:00.023741|2|2|2|2|0|0
2026-06-10|08:05:00.026056|3|3|3|3|0|0
2026-06-10|08:10:00.021647|2|2|2|2|0|0
2026-06-10|08:15:00.109345|2|2|2|2|0|0
2026-06-10|08:20:00.022786|2|2|2|2|0|0
2026-06-10|08:25:00.023225|2|2|2|2|0|0
2026-06-10|08:30:00.028891|2|2|2|2|0|0
2026-06-10|08:35:00.024081|2|2|2|2|0|0
2026-06-10|08:40:00.018777|2|2|2|2|0|0
2026-06-10|08:45:00.018078|2|2|2|2|0|0
2026-06-10|08:50:00.023075|2|2|2|2|0|0
2026-06-10|08:55:00.131432|3|3|3|3|0|0
2026-06-10|09:00:00.244791|4|4|4|4|0|0
2026-06-10|09:00:00.247146|4|4|4|4|0|0
2026-06-10|09:05:00.034275|4|4|4|4|0|0
2026-06-10|09:10:00.043084|3|3|3|3|0|0
2026-06-10|09:15:00.066921|3|3|3|3|0|0
2026-06-10|09:20:00.037430|3|3|3|3|0|0
2026-06-10|09:25:00.034341|3|3|3|3|0|0
2026-06-10|09:30:00.126049|3|3|3|3|0|0
2026-06-10|09:31:00.040470|3|3|3|3|0|0
2026-06-10|09:35:00.640105|3|3|3|3|0|0
2026-06-10|09:40:00.178919|3|3|3|3|0|0
2026-06-10|09:45:00.337046|4|4|4|4|0|0
2026-06-10|09:50:00.073238|7|7|7|7|0|0
2026-06-10|09:55:00.056844|8|8|8|8|0|0
2026-06-11|07:00:00.090820|5|5|5|5|0|0
2026-06-11|07:05:00.028081|5|5|5|5|0|0
2026-06-11|07:10:00.025088|4|4|4|4|0|0
2026-06-11|07:15:00.022605|3|3|3|3|0|0
2026-06-11|07:20:00.021027|1|1|1|1|0|0
2026-06-11|07:25:00.023239|1|1|1|1|0|0
2026-06-11|07:30:00.032426|1|1|1|1|0|0
2026-06-11|07:35:00.037939|1|1|1|1|0|0
2026-06-11|07:40:00.026266|1|1|1|1|0|0
2026-06-11|07:45:00.030125|1|1|1|1|0|0
2026-06-11|07:50:00.024222|1|1|1|1|0|0
2026-06-11|07:55:00.022767|1|1|1|1|0|0
2026-06-11|08:00:00.031134|2|2|2|2|0|0
2026-06-11|08:05:00.024044|2|2|2|2|0|0
2026-06-11|08:10:00.037807|1|1|1|1|0|0
2026-06-11|08:15:00.019016|1|1|1|1|0|0
2026-06-11|08:20:00.019823|3|3|3|3|0|0
2026-06-11|08:25:00.028789|4|4|4|4|0|0
2026-06-11|08:30:00.027458|5|5|5|5|0|0
2026-06-11|08:35:00.033463|5|5|5|5|0|0
2026-06-11|08:40:00.027400|4|4|4|4|0|0
2026-06-11|08:45:00.022834|4|4|4|4|0|0
2026-06-11|08:50:00.029616|6|6|6|6|0|0
2026-06-11|08:55:00.030195|6|6|6|6|0|0
2026-06-11|09:00:00.207196|6|6|6|6|0|0
2026-06-11|09:00:00.208124|6|6|6|6|0|0
2026-06-11|09:05:00.053448|4|4|4|4|0|0
2026-06-11|09:10:00.054773|5|5|5|5|0|0
2026-06-11|09:15:00.066729|5|5|5|5|0|0
2026-06-11|09:20:00.052127|5|5|5|5|0|0
2026-06-11|09:25:00.051288|5|5|5|5|0|0
2026-06-11|09:30:00.236800|6|6|6|6|0|0
2026-06-11|09:31:00.035277|6|6|6|6|0|0
2026-06-11|09:35:00.757455|5|5|5|5|0|0
2026-06-11|09:40:00.165485|5|5|5|5|0|0
2026-06-11|09:45:00.245552|3|3|3|3|0|0
2026-06-11|09:50:00.084524|7|7|7|7|0|0
2026-06-11|09:55:00.070639|8|8|8|8|0|0
2026-06-12|07:00:00.096092|4|4|4|4|0|0
2026-06-12|07:05:00.013577|4|4|4|4|0|0
2026-06-12|07:10:00.019076|2|2|2|2|0|0
2026-06-12|07:15:00.015528|2|2|2|2|0|0
2026-06-12|07:20:00.019691|3|3|3|3|0|0
2026-06-12|07:25:00.025114|5|5|5|5|0|0
2026-06-12|07:30:00.023275|4|4|4|4|0|0
2026-06-12|07:35:00.018252|2|2|2|2|0|0
2026-06-12|07:40:00.016777|5|5|5|5|0|0
2026-06-12|07:45:00.021193|6|6|6|6|0|0
2026-06-12|07:50:00.020528|6|6|6|6|0|0
2026-06-12|07:55:00.028943|6|6|6|6|0|0
2026-06-12|08:00:00.025011|6|6|6|6|0|0
2026-06-12|08:05:00.026407|6|6|6|6|0|0
2026-06-12|08:10:00.037757|6|6|6|6|0|0
2026-06-12|08:15:00.029498|5|5|5|5|0|0
2026-06-12|08:20:00.023234|5|5|5|5|0|0
2026-06-12|08:25:00.050590|5|5|5|5|0|0
2026-06-12|08:30:00.024840|5|5|5|5|0|0
2026-06-12|08:35:00.038363|4|4|4|4|0|0
2026-06-12|08:40:00.032557|4|4|4|4|0|0
2026-06-12|08:45:00.034262|3|3|3|3|0|0
2026-06-12|08:50:00.024854|4|4|4|4|0|0
2026-06-12|08:55:00.028416|5|5|5|5|0|0
2026-06-12|09:00:00.201539|4|4|4|4|0|0
2026-06-12|09:00:00.202094|3|3|3|3|0|0
2026-06-12|09:05:00.067584|3|3|3|3|0|0
2026-06-12|09:10:00.046790|3|3|3|3|0|0
2026-06-12|09:15:00.080851|2|2|2|2|0|0
2026-06-12|09:20:00.053880|2|2|2|2|0|0
2026-06-12|09:25:00.040901|2|2|2|2|0|0
2026-06-12|09:30:00.096028|2|2|2|2|0|0
2026-06-12|09:31:00.032930|2|2|2|2|0|0
2026-06-12|09:35:00.251844|2|2|2|2|0|0
2026-06-12|09:40:00.388331|1|1|1|1|0|0
2026-06-12|09:45:00.144466|2|2|2|2|0|0
2026-06-12|09:50:00.076601|4|4|4|4|0|0
2026-06-12|09:55:00.192583|7|7|7|7|0|0
2026-06-15|07:00:00.195602|8|8|8|8|0|0
2026-06-15|07:05:00.018280|8|8|8|8|0|0
2026-06-15|07:10:00.023559|8|8|8|8|0|0
2026-06-15|07:15:00.023702|8|8|8|8|0|0
2026-06-15|07:20:00.030417|10|10|10|10|0|0
2026-06-15|07:25:00.030078|12|12|12|12|0|0
2026-06-15|07:30:00.023968|9|9|9|9|0|0
2026-06-15|07:35:00.024441|10|10|10|10|0|0
2026-06-15|07:40:00.024629|11|11|11|11|0|0
2026-06-15|07:45:00.020264|9|9|9|9|0|0
2026-06-15|07:50:00.024684|11|11|11|11|0|0
2026-06-15|07:55:00.021888|10|10|10|10|0|0
2026-06-15|08:00:00.031263|11|11|11|11|0|0
2026-06-15|08:05:00.023100|10|10|10|10|0|0
2026-06-15|08:10:00.026644|10|10|10|10|0|0
2026-06-15|08:15:00.023481|10|10|10|10|0|0
2026-06-15|08:20:00.024522|10|10|10|10|0|0
2026-06-15|08:25:00.022876|11|11|11|11|0|0
2026-06-15|08:30:00.022199|10|10|10|10|0|0
2026-06-15|08:35:00.028198|10|10|10|10|0|0
2026-06-15|08:40:00.020977|11|11|11|11|0|0
2026-06-15|08:45:00.024262|11|11|11|11|0|0
2026-06-15|08:50:00.033456|11|11|11|11|0|0
2026-06-15|08:55:00.027477|10|10|10|10|0|0
2026-06-15|09:00:00.169839|13|13|13|13|0|0
2026-06-15|09:00:00.171733|12|12|12|12|0|0
2026-06-15|09:05:00.065704|14|14|14|14|0|0
2026-06-15|09:10:00.055243|14|14|14|14|0|0
2026-06-15|09:15:00.042059|12|12|12|12|0|0
2026-06-15|09:20:00.049457|12|12|12|12|0|0
2026-06-15|09:25:00.038049|10|10|10|10|0|0
2026-06-15|09:30:00.052037|12|12|12|12|0|0
2026-06-15|09:31:00.017537|12|12|12|12|0|0
2026-06-15|09:35:00.076336|12|12|12|12|0|0
2026-06-15|09:40:00.080275|14|14|14|14|0|0
2026-06-15|09:45:00.060123|18|18|18|18|0|0
2026-06-15|09:50:00.081677|52|52|52|52|0|0
2026-06-15|09:55:00.063376|66|66|66|66|0|0
2026-06-16|07:00:00.108778|4|4|4|4|0|0
2026-06-16|07:05:00.018395|2|2|2|2|0|0
2026-06-16|07:10:00.033966|2|2|2|2|0|0
2026-06-16|07:15:00.028953|3|3|3|3|0|0
2026-06-16|07:20:00.021635|4|4|4|4|0|0
2026-06-16|07:25:00.021939|5|5|5|5|0|0
2026-06-16|07:30:00.016626|4|4|4|4|0|0
2026-06-16|07:35:00.020071|4|4|4|4|0|0
2026-06-16|07:40:00.021417|5|5|5|5|0|0
2026-06-16|07:45:00.037656|5|5|5|5|0|0
2026-06-16|07:50:00.024831|5|5|5|5|0|0
2026-06-16|07:55:00.022503|5|5|5|5|0|0
2026-06-16|08:00:00.021215|6|6|6|6|0|0
2026-06-16|08:05:00.050560|7|7|7|7|0|0
2026-06-16|08:10:00.033613|7|7|7|7|0|0
2026-06-16|08:15:00.148172|6|6|6|6|0|0
2026-06-16|08:20:00.022765|5|5|5|5|0|0
2026-06-16|08:25:00.029626|6|6|6|6|0|0
2026-06-16|08:30:00.031756|6|6|6|6|0|0
2026-06-16|08:35:00.032440|6|6|6|6|0|0
2026-06-16|08:40:00.021559|7|7|7|7|0|0
2026-06-16|08:45:00.027060|6|6|6|6|0|0
2026-06-16|08:50:00.020117|6|6|6|6|0|0
2026-06-16|08:55:00.028498|5|5|5|5|0|0
2026-06-16|09:00:00.167523|5|5|5|5|0|0
2026-06-16|09:00:00.169609|5|5|5|5|0|0
2026-06-16|09:05:00.042583|6|6|6|6|0|0
2026-06-16|09:10:00.044683|6|6|6|6|0|0
2026-06-16|09:15:00.047853|6|6|6|6|0|0
2026-06-16|09:20:00.043726|6|6|6|6|0|0
2026-06-16|09:25:00.052171|7|7|7|7|0|0
2026-06-16|09:30:00.033999|6|6|6|6|0|0
2026-06-16|09:31:00.024540|7|7|7|7|0|0
2026-06-16|09:35:00.080071|7|7|7|7|0|0
2026-06-16|09:40:00.067237|7|7|7|7|0|0
2026-06-16|09:45:00.068128|7|7|7|7|0|0
2026-06-16|09:50:00.177055|5|5|5|5|0|0
2026-06-16|09:55:00.081415|10|10|10|10|0|0
2026-06-17|07:00:00.175706|5|5|5|5|0|0
2026-06-17|07:05:00.128578|5|5|5|5|0|0
2026-06-17|07:10:00.017171|5|5|5|5|0|0
2026-06-17|07:15:00.021735|5|5|5|5|0|0
2026-06-17|07:20:00.016852|6|6|6|6|0|0
2026-06-17|07:25:00.025817|6|6|6|6|0|0
2026-06-17|07:30:00.020703|7|7|7|7|0|0
2026-06-17|07:35:00.018712|7|7|7|7|0|0
2026-06-17|07:40:00.019171|6|6|6|6|0|0
2026-06-17|07:45:00.021360|8|8|8|8|0|0
2026-06-17|07:50:00.019771|9|9|9|9|0|0
2026-06-17|07:55:00.019050|9|9|9|9|0|0
2026-06-17|08:00:00.035536|9|9|9|9|0|0
2026-06-17|08:05:00.032455|8|8|8|8|0|0
2026-06-17|08:10:00.021537|10|10|10|10|0|0
2026-06-17|08:15:00.023497|10|10|10|10|0|0
2026-06-17|08:20:00.019391|12|12|12|12|0|0
2026-06-17|08:25:00.022722|9|9|9|9|0|0
2026-06-17|08:30:00.034814|10|10|10|10|0|0
2026-06-17|08:35:00.023125|9|9|9|9|0|0
2026-06-17|08:40:00.020493|10|10|10|10|0|0
2026-06-17|08:45:00.023340|9|9|9|9|0|0
2026-06-17|08:50:00.018695|7|7|7|7|0|0
2026-06-17|08:55:00.017034|7|7|7|7|0|0
2026-06-17|09:00:00.170945|8|8|8|8|0|0
2026-06-17|09:00:00.171086|8|8|8|8|0|0
2026-06-17|09:05:00.042187|9|9|9|9|0|0
2026-06-17|09:10:00.054582|9|9|9|9|0|0
2026-06-17|09:15:00.053552|9|9|9|9|0|0
2026-06-17|09:20:00.050847|9|9|9|9|0|0
2026-06-17|09:25:00.040007|10|10|10|10|0|0
2026-06-17|09:30:00.046035|11|11|11|11|0|0
2026-06-17|09:31:00.022097|11|11|11|11|0|0
2026-06-17|09:35:00.074971|12|12|12|12|0|0
2026-06-17|09:40:00.074426|13|13|13|13|0|0
2026-06-17|09:45:00.178013|12|12|12|12|0|0
2026-06-17|09:50:00.067935|17|17|17|17|0|0
2026-06-17|09:55:00.061825|20|20|20|20|0|0
2026-06-18|07:00:00.129430|7|7|7|7|0|0
2026-06-18|07:05:00.020846|8|8|8|8|0|0
2026-06-18|07:10:00.029187|8|8|8|8|0|0
2026-06-18|07:15:00.019388|9|9|9|9|0|0
2026-06-18|07:20:00.026169|9|9|9|9|0|0
2026-06-18|07:25:00.027831|8|8|8|8|0|0
2026-06-18|07:30:00.022518|8|8|8|8|0|0
2026-06-18|07:35:00.036993|8|8|8|8|0|0
2026-06-18|07:40:00.026921|9|9|9|9|0|0
2026-06-18|07:45:00.023395|9|9|9|9|0|0
2026-06-18|07:50:00.025554|9|9|9|9|0|0
2026-06-18|07:55:00.045826|8|8|8|8|0|0
2026-06-18|08:00:00.026554|9|9|9|9|0|0
2026-06-18|08:05:00.024552|9|9|9|9|0|0
2026-06-18|08:10:00.025888|10|10|10|10|0|0
2026-06-18|08:15:00.024651|10|10|10|10|0|0
2026-06-18|08:20:00.029531|10|10|10|10|0|0
2026-06-18|08:25:00.023320|8|8|8|8|0|0
2026-06-18|08:30:00.025435|8|8|8|8|0|0
2026-06-18|08:35:00.026011|11|11|11|11|0|0
2026-06-18|08:40:00.040819|11|11|11|11|0|0
2026-06-18|08:45:00.025183|10|10|10|10|0|0
2026-06-18|08:50:00.028648|8|8|8|8|0|0
2026-06-18|08:55:00.020643|8|8|8|8|0|0
2026-06-18|09:00:00.155928|9|9|9|9|0|0
2026-06-18|09:00:00.156511|9|9|9|9|0|0
2026-06-18|09:05:00.046257|10|10|10|10|0|0
2026-06-18|09:10:00.071284|10|10|10|10|0|0
2026-06-18|09:15:00.162463|10|10|10|10|0|0
2026-06-18|09:20:00.042578|10|10|10|10|0|0
2026-06-18|09:25:00.035544|9|9|9|9|0|0
2026-06-18|09:30:00.055335|11|11|11|11|0|0
2026-06-18|09:31:00.023146|11|11|11|11|0|0
2026-06-18|09:35:00.078523|11|11|11|11|0|0
2026-06-18|09:40:00.060573|10|10|10|10|0|0
2026-06-18|09:45:00.061425|11|11|11|11|0|0
2026-06-18|09:50:00.073286|16|16|16|16|0|0
2026-06-18|09:55:00.061171|12|12|12|12|0|0
2026-06-22|07:00:00.110865|11|11|11|11|0|0
2026-06-22|07:05:00.028325|11|11|11|11|0|0
2026-06-22|07:10:00.017021|12|12|12|12|0|0
2026-06-22|07:15:00.023256|12|12|12|12|0|0
2026-06-22|07:20:00.021642|10|10|10|10|0|0
2026-06-22|07:25:00.019380|10|10|10|10|0|0
2026-06-22|07:30:00.019347|10|10|10|10|0|0
2026-06-22|07:35:00.144553|11|11|11|11|0|0
2026-06-22|07:40:00.028568|11|11|11|11|0|0
2026-06-22|07:45:00.020028|11|11|11|11|0|0
2026-06-22|07:50:00.022779|11|11|11|11|0|0
2026-06-22|07:55:00.021954|11|11|11|11|0|0
2026-06-22|08:00:00.028215|10|10|10|10|0|0
2026-06-22|08:05:00.027977|8|8|8|8|0|0
2026-06-22|08:10:00.021285|8|8|8|8|0|0
2026-06-22|08:15:00.032007|10|10|10|10|0|0
2026-06-22|08:20:00.022258|11|11|11|11|0|0
2026-06-22|08:25:00.022025|10|10|10|10|0|0
2026-06-22|08:30:00.045947|10|10|10|10|0|0
2026-06-22|08:35:00.026825|10|10|10|10|0|0
2026-06-22|08:40:00.019447|12|12|12|12|0|0
2026-06-22|08:45:00.020009|12|12|12|12|0|0
2026-06-22|08:50:00.018367|12|12|12|12|0|0
2026-06-22|08:55:00.022877|12|12|12|12|0|0
2026-06-22|09:00:00.131877|12|12|12|12|0|0
2026-06-22|09:00:00.140551|12|12|12|12|0|0
2026-06-22|09:05:00.148699|11|11|11|11|0|0
2026-06-22|09:10:00.065719|12|12|12|12|0|0
2026-06-22|09:15:00.036829|12|12|12|12|0|0
2026-06-22|09:20:00.044670|12|12|12|12|0|0
2026-06-22|09:25:00.034940|12|12|12|12|0|0
2026-06-22|09:30:00.049392|12|12|12|12|0|0
2026-06-22|09:31:00.021432|13|13|13|13|0|0
2026-06-22|09:35:00.066841|13|13|13|13|0|0
2026-06-22|09:40:00.069127|11|11|11|11|0|0
2026-06-22|09:45:00.065210|15|15|15|15|0|0
2026-06-22|09:50:00.098241|16|16|16|16|0|0
2026-06-22|09:55:00.063426|17|17|17|17|0|0
2026-06-23|07:00:00.098924|1|1|1|1|0|0
2026-06-23|07:05:00.018264|2|2|2|2|0|0
2026-06-23|07:10:00.027262|1|1|1|1|0|0
2026-06-23|07:55:00.017784|1|1|1|1|0|0
2026-06-23|08:05:00.019414|1|1|1|1|0|0
2026-06-23|08:10:00.028851|1|1|1|1|0|0
2026-06-23|08:15:00.018758|1|1|1|1|0|0
2026-06-23|08:20:00.032525|1|1|1|1|0|0
2026-06-23|08:25:00.022342|1|1|1|1|0|0
2026-06-23|08:30:00.024669|1|1|1|1|0|0
2026-06-23|08:35:00.030689|2|2|2|2|0|0
2026-06-23|08:40:00.037462|2|2|2|2|0|0
2026-06-23|08:45:00.030345|2|2|2|2|0|0
2026-06-23|08:50:00.024632|2|2|2|2|0|0
2026-06-23|08:55:00.020653|2|2|2|2|0|0
2026-06-23|09:00:00.204014|1|1|1|1|0|0
2026-06-23|09:00:00.204399|1|1|1|1|0|0
2026-06-23|09:05:00.036018|2|2|2|2|0|0
2026-06-23|09:10:00.198910|1|1|1|1|0|0
2026-06-23|09:15:00.034137|1|1|1|1|0|0
2026-06-23|09:20:00.049438|2|2|2|2|0|0
2026-06-23|09:25:00.042236|2|2|2|2|0|0
2026-06-23|09:30:00.071530|1|1|1|1|0|0
2026-06-23|09:31:00.017577|1|1|1|1|0|0
2026-06-23|09:35:00.033844|1|1|1|1|0|0
2026-06-23|09:40:00.079077|2|2|2|2|0|0
2026-06-23|09:45:00.052036|2|2|2|2|0|0
2026-06-23|09:50:00.091991|4|4|4|4|0|0
2026-06-23|09:55:00.107933|5|5|5|5|0|0
2026-06-24|07:00:00.101142|2|2|2|2|0|0
2026-06-24|07:05:00.020739|2|2|2|2|0|0
2026-06-24|07:10:00.028196|3|3|3|3|0|0
2026-06-24|07:15:00.023140|2|2|2|2|0|0
2026-06-24|07:20:00.028701|3|3|3|3|0|0
2026-06-24|07:25:00.020188|3|3|3|3|0|0
2026-06-24|07:30:00.025465|3|3|3|3|0|0
2026-06-24|07:35:00.029267|3|3|3|3|0|0
2026-06-24|07:40:00.039583|3|3|3|3|0|0
2026-06-24|07:45:00.023835|5|5|5|5|0|0
2026-06-24|07:50:00.032218|3|3|3|3|0|0
2026-06-24|07:55:00.035981|3|3|3|3|0|0
2026-06-24|08:00:00.028291|5|5|5|5|0|0
2026-06-24|08:05:00.029703|5|5|5|5|0|0
2026-06-24|08:10:00.023266|5|5|5|5|0|0
2026-06-24|08:15:00.017944|5|5|5|5|0|0
2026-06-24|08:20:00.027557|6|6|6|6|0|0
2026-06-24|08:25:00.020445|6|6|6|6|0|0
2026-06-24|08:30:00.032214|6|6|6|6|0|0
2026-06-24|08:35:00.019183|7|7|7|7|0|0
2026-06-24|08:40:00.032257|7|7|7|7|0|0
2026-06-24|08:45:00.018842|8|8|8|8|0|0
2026-06-24|08:50:00.023316|9|9|9|9|0|0
2026-06-24|08:55:00.020271|6|6|6|6|0|0
2026-06-24|09:00:00.156986|7|7|7|7|0|0
2026-06-24|09:00:00.157411|7|7|7|7|0|0
2026-06-24|09:05:00.039889|8|8|8|8|0|0
2026-06-24|09:10:00.048442|8|8|8|8|0|0
2026-06-24|09:15:00.047154|7|7|7|7|0|0
2026-06-24|09:20:00.036872|7|7|7|7|0|0
2026-06-24|09:25:00.042452|8|8|8|8|0|0
2026-06-24|09:30:00.045554|8|8|8|8|0|0
2026-06-24|09:31:00.023572|8|8|8|8|0|0
2026-06-24|09:35:00.186451|9|9|9|9|0|0
2026-06-24|09:40:00.067955|9|9|9|9|0|0
2026-06-24|09:45:00.082724|9|9|9|9|0|0
2026-06-24|09:50:00.061251|11|11|11|11|0|0
2026-06-24|09:55:00.054346|11|11|11|11|0|0
2026-06-25|07:00:00.109863|10|10|10|10|0|0
2026-06-25|07:05:00.025220|10|10|10|10|0|0
2026-06-25|07:10:00.022382|11|11|11|11|0|0
2026-06-25|07:15:00.025064|10|10|10|10|0|0
2026-06-25|07:20:00.016527|12|12|12|12|0|0
2026-06-25|07:25:00.142257|12|12|12|12|0|0
2026-06-25|07:30:00.023234|14|14|14|14|0|0
2026-06-25|07:35:00.024871|13|13|13|13|0|0
2026-06-25|07:40:00.016882|14|14|14|14|0|0
2026-06-25|07:45:00.021600|15|15|15|15|0|0
2026-06-25|07:50:00.017958|14|14|14|14|0|0
2026-06-25|07:55:00.019027|14|14|14|14|0|0
2026-06-25|08:00:00.027020|15|15|15|15|0|0
2026-06-25|08:05:00.037565|13|13|13|13|0|0
2026-06-25|08:10:00.020484|15|15|15|15|0|0
2026-06-25|08:15:00.022057|14|14|14|14|0|0
2026-06-25|08:20:00.021175|13|13|13|13|0|0
2026-06-25|08:25:00.016749|15|15|15|15|0|0
2026-06-25|08:30:00.019687|15|15|15|15|0|0
2026-06-25|08:35:00.017908|15|15|15|15|0|0
2026-06-25|08:40:00.021319|15|15|15|15|0|0
2026-06-25|08:45:00.025510|15|15|15|15|0|0
2026-06-25|08:50:00.023233|15|15|15|15|0|0
2026-06-25|08:55:00.019765|14|14|14|14|0|0
2026-06-25|09:00:00.137320|14|14|14|14|0|0
2026-06-25|09:00:00.138529|14|14|14|14|0|0
2026-06-25|09:05:00.035635|15|15|15|15|0|0
2026-06-25|09:10:00.048173|15|15|15|15|0|0
2026-06-25|09:15:00.045146|12|12|12|12|0|0
2026-06-25|09:20:00.065539|11|11|11|11|0|0
2026-06-25|09:25:00.040790|12|12|12|12|0|0
2026-06-25|09:30:00.043870|10|10|10|10|0|0
2026-06-25|09:31:00.020067|10|10|10|10|0|0
2026-06-25|09:35:00.066804|11|11|11|11|0|0
2026-06-25|09:40:00.082246|12|12|12|12|0|0
2026-06-25|09:45:00.065642|14|14|14|14|0|0
2026-06-25|09:50:00.187993|10|10|10|10|0|0
2026-06-25|09:55:00.082659|16|16|16|16|0|0
2026-06-26|07:00:00.095205|2|2|2|2|0|0
2026-06-26|07:05:00.016270|2|2|2|2|0|0
2026-06-26|07:10:00.017677|2|2|2|2|0|0
2026-06-26|07:15:00.031419|2|2|2|2|0|0
2026-06-26|07:20:00.018878|2|2|2|2|0|0
2026-06-26|07:25:00.022649|2|2|2|2|0|0
2026-06-26|07:30:00.025057|2|2|2|2|0|0
2026-06-26|07:35:00.032249|3|3|3|3|0|0
2026-06-26|07:40:00.019554|3|3|3|3|0|0
2026-06-26|07:45:00.025675|3|3|3|3|0|0
2026-06-26|07:50:00.026615|4|4|4|4|0|0
2026-06-26|07:55:00.024587|4|4|4|4|0|0
2026-06-26|08:00:00.034377|4|4|4|4|0|0
2026-06-26|08:05:00.027388|4|4|4|4|0|0
2026-06-26|08:10:00.023133|4|4|4|4|0|0
2026-06-26|08:15:00.026948|3|3|3|3|0|0
2026-06-26|08:20:00.022719|3|3|3|3|0|0
2026-06-26|08:25:00.021410|3|3|3|3|0|0
2026-06-26|08:30:00.185822|3|3|3|3|0|0
2026-06-26|08:35:00.023939|3|3|3|3|0|0
2026-06-26|08:40:00.021553|3|3|3|3|0|0
2026-06-26|08:45:00.036437|3|3|3|3|0|0
2026-06-26|08:50:00.023888|3|3|3|3|0|0
2026-06-26|08:55:00.022744|3|3|3|3|0|0
2026-06-26|09:00:00.155560|3|3|3|3|0|0
2026-06-26|09:00:00.160912|3|3|3|3|0|0
2026-06-26|09:05:00.035677|4|4|4|4|0|0
2026-06-26|09:10:00.047357|4|4|4|4|0|0
2026-06-26|09:15:00.043456|4|4|4|4|0|0
2026-06-26|09:20:00.045329|4|4|4|4|0|0
2026-06-26|09:25:00.074245|5|5|5|5|0|0
2026-06-26|09:30:00.053162|4|4|4|4|0|0
2026-06-26|09:31:00.035358|4|4|4|4|0|0
2026-06-26|09:35:00.080994|4|4|4|4|0|0
2026-06-26|09:40:00.065207|4|4|4|4|0|0
2026-06-26|09:45:00.053143|3|3|3|3|0|0
2026-06-26|09:50:00.085001|2|2|2|2|0|0
2026-06-26|09:55:00.051377|5|5|5|5|0|0
2026-06-29|07:00:00.168392|7|7|7|7|0|0
2026-06-29|07:05:00.018168|8|8|8|8|0|0
2026-06-29|07:10:00.023631|8|8|8|8|0|0
2026-06-29|07:15:00.020579|8|8|8|8|0|0
2026-06-29|07:20:00.019326|9|9|9|9|0|0
2026-06-29|07:25:00.019695|7|7|7|7|0|0
2026-06-29|07:30:00.021043|8|8|8|8|0|0
2026-06-29|07:35:00.024328|7|7|7|7|0|0
2026-06-29|07:40:00.020349|8|8|8|8|0|0
2026-06-29|07:45:00.019517|8|8|8|8|0|0
2026-06-29|07:50:00.017907|7|7|7|7|0|0
2026-06-29|07:55:00.016898|9|9|9|9|0|0
2026-06-29|08:00:00.021698|11|11|11|11|0|0
2026-06-29|08:05:00.018285|12|12|12|12|0|0
2026-06-29|08:10:00.023520|13|13|13|13|0|0
2026-06-29|08:15:00.016180|14|14|14|14|0|0
2026-06-29|08:20:00.152910|12|12|12|12|0|0
2026-06-29|08:25:00.017964|11|11|11|11|0|0
2026-06-29|08:30:00.019188|11|11|11|11|0|0
2026-06-29|08:35:00.022425|13|13|13|13|0|0
2026-06-29|08:40:00.021020|12|12|12|12|0|0
2026-06-29|08:45:00.016739|12|12|12|12|0|0
2026-06-29|08:50:00.016346|13|13|13|13|0|0
2026-06-29|08:55:00.018614|8|8|8|8|0|0
2026-06-29|09:00:00.166092|7|7|7|7|0|0
2026-06-29|09:00:00.166476|7|7|7|7|0|0
2026-06-29|09:05:00.047826|10|10|10|10|0|0
2026-06-29|09:10:00.046164|11|11|11|11|0|0
2026-06-29|09:15:00.042582|12|12|12|12|0|0
2026-06-29|09:20:00.043438|12|12|12|12|0|0
2026-06-29|09:25:00.047851|11|11|11|11|0|0
2026-06-29|09:30:00.036122|11|11|11|11|0|0
2026-06-29|09:31:00.018572|11|11|11|11|0|0
2026-06-29|09:35:00.082444|10|10|10|10|0|0
2026-06-29|09:40:00.070438|9|9|9|9|0|0
2026-06-29|09:45:00.043788|7|7|7|7|0|0
2026-06-29|09:50:00.049513|15|15|15|15|0|0
2026-06-29|09:55:00.054859|19|19|19|19|0|0
2026-06-30|07:00:00.156026|9|9|9|9|0|0
2026-06-30|07:05:00.031354|8|8|8|8|0|0
2026-06-30|07:10:00.031023|8|8|8|8|0|0
2026-06-30|07:15:00.021363|8|8|8|8|0|0
2026-06-30|07:20:00.029838|8|8|8|8|0|0
2026-06-30|07:25:00.023943|9|9|9|9|0|0
2026-06-30|07:30:00.033072|11|11|11|11|0|0
2026-06-30|07:35:00.035805|12|12|12|12|0|0
2026-06-30|07:40:00.017538|11|11|11|11|0|0
2026-06-30|07:45:00.024637|12|12|12|12|0|0
2026-06-30|07:50:00.022829|11|11|11|11|0|0
2026-06-30|07:55:00.019863|11|11|11|11|0|0
2026-06-30|08:00:00.024424|11|11|11|11|0|0
2026-06-30|08:05:00.032594|10|10|10|10|0|0
2026-06-30|08:10:00.023591|11|11|11|11|0|0
2026-06-30|08:15:00.022379|11|11|11|11|0|0
2026-06-30|08:20:00.026493|9|9|9|9|0|0
2026-06-30|08:25:00.029053|9|9|9|9|0|0
2026-06-30|08:30:00.022933|10|10|10|10|0|0
2026-06-30|08:35:00.021187|10|10|10|10|0|0
2026-06-30|08:40:00.026728|10|10|10|10|0|0
2026-06-30|08:45:00.036459|8|8|8|8|0|0
2026-06-30|08:50:00.044847|7|7|7|7|0|0
2026-06-30|08:55:00.017854|7|7|7|7|0|0
2026-06-30|09:00:00.147919|8|8|8|8|0|0
2026-06-30|09:00:00.151360|8|8|8|8|0|0
2026-06-30|09:05:00.032635|6|6|6|6|0|0
2026-06-30|09:10:00.045774|6|6|6|6|0|0
2026-06-30|09:15:00.056203|5|5|5|5|0|0
2026-06-30|09:20:00.054548|5|5|5|5|0|0
2026-06-30|09:25:00.039926|6|6|6|6|0|0
2026-06-30|09:30:00.053477|6|6|6|6|0|0
2026-06-30|09:31:00.016952|6|6|6|6|0|0
2026-06-30|09:35:00.079835|8|8|8|8|0|0
2026-06-30|09:40:00.040098|7|7|7|7|0|0
2026-06-30|09:45:00.049837|8|8|8|8|0|0
2026-06-30|09:50:00.046815|9|9|9|9|0|0
2026-06-30|09:55:00.054755|7|7|7|7|0|0
2026-07-01|07:00:00.119339|3|3|3|3|0|0
2026-07-01|07:05:00.025790|3|3|3|3|0|0
2026-07-01|07:10:00.027910|3|3|3|3|0|0
2026-07-01|07:15:00.176639|3|3|3|3|0|0
2026-07-01|07:20:00.026653|2|2|2|2|0|0
2026-07-01|07:25:00.020121|2|2|2|2|0|0
2026-07-01|07:30:00.037831|3|3|3|3|0|0
2026-07-01|07:35:00.027974|4|4|4|4|0|0
2026-07-01|07:40:00.022898|3|3|3|3|0|0
2026-07-01|07:45:00.035689|4|4|4|4|0|0
2026-07-01|07:50:00.044992|3|3|3|3|0|0
2026-07-01|07:55:00.046010|3|3|3|3|0|0
2026-07-01|08:00:00.050821|3|3|3|3|0|0
2026-07-01|08:05:00.042120|2|2|2|2|0|0
2026-07-01|08:10:00.035516|1|1|1|1|0|0
2026-07-01|08:15:00.033888|2|2|2|2|0|0
2026-07-01|08:20:00.022493|2|2|2|2|0|0
2026-07-01|08:25:00.017781|2|2|2|2|0|0
2026-07-01|08:30:00.021377|2|2|2|2|0|0
2026-07-01|08:35:00.024130|2|2|2|2|0|0
2026-07-01|08:40:00.019053|4|4|4|4|0|0
2026-07-01|08:45:00.031758|4|4|4|4|0|0
2026-07-01|08:50:00.024949|3|3|3|3|0|0
2026-07-01|08:55:00.025409|4|4|4|4|0|0
2026-07-01|09:00:00.150946|5|5|5|5|0|0
2026-07-01|09:00:00.153146|5|5|5|5|0|0
2026-07-01|09:05:00.036554|3|3|3|3|0|0
2026-07-01|09:10:00.048770|3|3|3|3|0|0
2026-07-01|09:15:00.036589|4|4|4|4|0|0
2026-07-01|09:20:00.060703|4|4|4|4|0|0
2026-07-01|09:25:00.048921|4|4|4|4|0|0
2026-07-01|09:30:00.057718|4|4|4|4|0|0
2026-07-01|09:31:00.046743|4|4|4|4|0|0
2026-07-01|09:35:00.073332|4|4|4|4|0|0
2026-07-01|09:40:00.052825|4|4|4|4|0|0
2026-07-01|09:45:00.046552|4|4|4|4|0|0
2026-07-01|09:50:00.076368|5|5|5|5|0|0
2026-07-01|09:55:00.065945|6|6|6|6|0|0
2026-07-02|07:00:00.094016|1|1|1|1|0|0
2026-07-02|07:05:00.034112|1|1|1|1|0|0
2026-07-02|07:10:00.021526|1|1|1|1|0|0
2026-07-02|07:15:00.017564|1|1|1|1|0|0
2026-07-02|07:20:00.043848|1|1|1|1|0|0
2026-07-02|07:25:00.161930|1|1|1|1|0|0
2026-07-02|07:30:00.028258|1|1|1|1|0|0
2026-07-02|07:35:00.020979|1|1|1|1|0|0
2026-07-02|07:40:00.023423|2|2|2|2|0|0
2026-07-02|07:45:00.036882|2|2|2|2|0|0
2026-07-02|07:50:00.018457|2|2|2|2|0|0
2026-07-02|07:55:00.019673|2|2|2|2|0|0
2026-07-02|08:00:00.028167|2|2|2|2|0|0
2026-07-02|08:05:00.025519|2|2|2|2|0|0
2026-07-02|08:10:00.033821|3|3|3|3|0|0
2026-07-02|08:15:00.036329|3|3|3|3|0|0
2026-07-02|08:20:00.027469|4|4|4|4|0|0
2026-07-02|08:25:00.034590|4|4|4|4|0|0
2026-07-02|08:30:00.025937|4|4|4|4|0|0
2026-07-02|08:35:00.023143|5|5|5|5|0|0
2026-07-02|08:40:00.024790|5|5|5|5|0|0
2026-07-02|08:45:00.020355|4|4|4|4|0|0
2026-07-02|08:50:00.032705|3|3|3|3|0|0
2026-07-02|08:55:00.036954|3|3|3|3|0|0
2026-07-02|09:00:00.194755|5|5|5|5|0|0
2026-07-02|09:00:00.196152|5|5|5|5|0|0
2026-07-02|09:05:00.041974|6|6|6|6|0|0
2026-07-02|09:10:00.053258|6|6|6|6|0|0
2026-07-02|09:15:00.051659|5|5|5|5|0|0
2026-07-02|09:20:00.041394|5|5|5|5|0|0
2026-07-02|09:25:00.031454|6|6|6|6|0|0
2026-07-02|09:30:00.051922|6|6|6|6|0|0
2026-07-02|09:31:00.030692|6|6|6|6|0|0
2026-07-02|09:35:00.056120|7|7|7|7|0|0
2026-07-02|09:40:00.066530|7|7|7|7|0|0
2026-07-02|09:45:00.054218|7|7|7|7|0|0
2026-07-02|09:50:00.060282|4|4|4|4|0|0
2026-07-02|09:55:00.056555|5|5|5|5|0|0
2026-07-06|07:00:00.200879|4|4|4|4|0|0
2026-07-06|07:05:00.017425|3|3|3|3|0|0
2026-07-06|07:10:00.022735|3|3|3|3|0|0
2026-07-06|07:15:00.020453|3|3|3|3|0|0
2026-07-06|07:20:00.026217|4|4|4|4|0|0
2026-07-06|07:25:00.026502|4|4|4|4|0|0
2026-07-06|07:30:00.026805|5|5|5|5|0|0
2026-07-06|07:35:00.026167|4|4|4|4|0|0
2026-07-06|07:40:00.022681|4|4|4|4|0|0
2026-07-06|07:45:00.036647|4|4|4|4|0|0
2026-07-06|07:50:00.031270|5|5|5|5|0|0
2026-07-06|07:55:00.025228|4|4|4|4|0|0
2026-07-06|08:00:00.021318|4|4|4|4|0|0
2026-07-06|08:05:00.021645|5|5|5|5|0|0
2026-07-06|08:10:00.107222|5|5|5|5|0|0
2026-07-06|08:15:00.024569|5|5|5|5|0|0
2026-07-06|08:20:00.024013|6|6|6|6|0|0
2026-07-06|08:25:00.020339|7|7|7|7|0|0
2026-07-06|08:30:00.019451|6|6|6|6|0|0
2026-07-06|08:35:00.024993|5|5|5|5|0|0
2026-07-06|08:40:00.024167|5|5|5|5|0|0
2026-07-06|08:45:00.055996|5|5|5|5|0|0
2026-07-06|08:50:00.022032|5|5|5|5|0|0
2026-07-06|08:55:00.021164|5|5|5|5|0|0
2026-07-06|09:00:00.163785|5|5|5|5|0|0
2026-07-06|09:00:00.164150|5|5|5|5|0|0
2026-07-06|09:05:00.035174|5|5|5|5|0|0
2026-07-06|09:10:00.050926|5|5|5|5|0|0
2026-07-06|09:15:00.057736|6|6|6|6|0|0
2026-07-06|09:20:00.042954|5|5|5|5|0|0
2026-07-06|09:25:00.037003|4|4|4|4|0|0
2026-07-06|09:30:00.156610|4|4|4|4|0|0
2026-07-06|09:31:00.036841|4|4|4|4|0|0
2026-07-06|09:35:00.082130|4|4|4|4|0|0
2026-07-06|09:40:00.067858|4|4|4|4|0|0
2026-07-06|09:45:00.064526|4|4|4|4|0|0
2026-07-06|09:50:00.061343|11|11|11|11|0|0
2026-07-06|09:55:00.054695|15|15|15|15|0|0
2026-07-07|07:00:00.121532|2|2|2|2|0|0
2026-07-07|07:05:00.025495|2|2|2|2|0|0
2026-07-07|07:10:00.037953|2|2|2|2|0|0
2026-07-07|07:15:00.025787|2|2|2|2|0|0
2026-07-07|07:20:00.023848|2|2|2|2|0|0
2026-07-07|07:25:00.030547|2|2|2|2|0|0
2026-07-07|07:30:00.024246|2|2|2|2|0|0
2026-07-07|07:35:00.035031|1|1|1|1|0|0
2026-07-07|07:40:00.163607|1|1|1|1|0|0
2026-07-07|07:45:00.023124|2|2|2|2|0|0
2026-07-07|07:50:00.042161|2|2|2|2|0|0
2026-07-07|07:55:00.030689|2|2|2|2|0|0
2026-07-07|08:00:00.022008|2|2|2|2|0|0
2026-07-07|08:05:00.024227|2|2|2|2|0|0
2026-07-07|08:10:00.023811|2|2|2|2|0|0
2026-07-07|08:15:00.033828|2|2|2|2|0|0
2026-07-07|08:20:00.030225|2|2|2|2|0|0
2026-07-07|08:25:00.023365|1|1|1|1|0|0
2026-07-07|08:30:00.025778|3|3|3|3|0|0
2026-07-07|08:35:00.026785|3|3|3|3|0|0
2026-07-07|08:40:00.028117|2|2|2|2|0|0
2026-07-07|08:45:00.054371|3|3|3|3|0|0
2026-07-07|08:50:00.026043|2|2|2|2|0|0
2026-07-07|08:55:00.022661|3|3|3|3|0|0
2026-07-07|09:00:00.153779|3|3|3|3|0|0
2026-07-07|09:00:00.155004|3|3|3|3|0|0
2026-07-07|09:05:00.041544|4|4|4|4|0|0
2026-07-07|09:10:00.065494|3|3|3|3|0|0
2026-07-07|09:15:00.051577|3|3|3|3|0|0
2026-07-07|09:20:00.057608|4|4|4|4|0|0
2026-07-07|09:25:00.037442|4|4|4|4|0|0
2026-07-07|09:30:00.197517|4|4|4|4|0|0
2026-07-07|09:31:00.022533|4|4|4|4|0|0
2026-07-07|09:35:00.042466|4|4|4|4|0|0
2026-07-07|09:40:00.076611|4|4|4|4|0|0
2026-07-07|09:45:00.072513|4|4|4|4|0|0
2026-07-07|09:50:00.038895|5|5|5|5|0|0
2026-07-07|09:55:00.039672|5|5|5|5|0|0
2026-07-08|07:00:00.104641|2|2|2|2|0|0
2026-07-08|07:05:00.023545|3|3|3|3|0|0
2026-07-08|07:10:00.027161|2|2|2|2|0|0
2026-07-08|07:15:00.017369|2|2|2|2|0|0
2026-07-08|07:20:00.026580|2|2|2|2|0|0
2026-07-08|07:25:00.038459|3|3|3|3|0|0
2026-07-08|07:30:00.035164|4|4|4|4|0|0
2026-07-08|07:35:00.023782|3|3|3|3|0|0
2026-07-08|07:40:00.029971|3|3|3|3|0|0
2026-07-08|07:45:00.028291|2|2|2|2|0|0
2026-07-08|07:50:00.021107|2|2|2|2|0|0
2026-07-08|07:55:00.029018|2|2|2|2|0|0
2026-07-08|08:00:00.025107|1|1|1|1|0|0
2026-07-08|08:05:00.021909|1|1|1|1|0|0
2026-07-08|08:10:00.028554|1|1|1|1|0|0
2026-07-08|08:15:00.023750|2|2|2|2|0|0
2026-07-08|08:20:00.022396|1|1|1|1|0|0
2026-07-08|08:25:00.042727|3|3|3|3|0|0
2026-07-08|08:30:00.025884|3|3|3|3|0|0
2026-07-08|08:35:00.035094|2|2|2|2|0|0
2026-07-08|08:40:00.022314|2|2|2|2|0|0
2026-07-08|08:45:00.022276|1|1|1|1|0|0
2026-07-08|08:50:00.170485|2|2|2|2|0|0
2026-07-08|08:55:00.021281|3|3|3|3|0|0
2026-07-08|09:00:00.169677|2|2|2|2|0|0
2026-07-08|09:00:00.170515|2|2|2|2|0|0
2026-07-08|09:05:00.037943|2|2|2|2|0|0
2026-07-08|09:10:00.063413|1|1|1|1|0|0
2026-07-08|09:15:00.044289|2|2|2|2|0|0
2026-07-08|09:20:00.050390|3|3|3|3|0|0
2026-07-08|09:25:00.037642|4|4|4|4|0|0
2026-07-08|09:30:00.050124|4|4|4|4|0|0
2026-07-08|09:31:00.027870|4|4|4|4|0|0
2026-07-08|09:35:00.055021|4|4|4|4|0|0
2026-07-08|09:40:00.073866|3|3|3|3|0|0
2026-07-08|09:45:00.057806|3|3|3|3|0|0
2026-07-08|09:50:00.211974|3|3|3|3|0|0
2026-07-08|09:55:00.050452|4|4|4|4|0|0
2026-07-09|07:00:00.099532|6|6|6|6|0|0
2026-07-09|07:05:00.016491|6|6|6|6|0|0
2026-07-09|07:10:00.018472|6|6|6|6|0|0
2026-07-09|07:15:00.014926|6|6|6|6|0|0
2026-07-09|07:20:00.022713|7|7|7|7|0|0
2026-07-09|07:25:00.027158|8|8|8|8|0|0
2026-07-09|07:30:00.024642|8|8|8|8|0|0
2026-07-09|07:35:00.020953|8|8|8|8|0|0
2026-07-09|07:40:00.022535|8|8|8|8|0|0
2026-07-09|07:45:00.026755|8|8|8|8|0|0
2026-07-09|07:50:00.029488|9|9|9|9|0|0
2026-07-09|07:55:00.017201|9|9|9|9|0|0
2026-07-09|08:00:00.019066|10|10|10|10|0|0
2026-07-09|08:05:00.023171|10|10|10|10|0|0
2026-07-09|08:10:00.035905|10|10|10|10|0|0
2026-07-09|08:15:00.017321|10|10|10|10|0|0
2026-07-09|08:20:00.020586|11|11|11|11|0|0
2026-07-09|08:25:00.021463|10|10|10|10|0|0
2026-07-09|08:30:00.018841|12|12|12|12|0|0
2026-07-09|08:35:00.024154|11|11|11|11|0|0
2026-07-09|08:40:00.023051|10|10|10|10|0|0
2026-07-09|08:45:00.021888|10|10|10|10|0|0
2026-07-09|08:50:00.034451|9|9|9|9|0|0
2026-07-09|08:55:00.020320|9|9|9|9|0|0
2026-07-09|09:00:00.167252|9|9|9|9|0|0
2026-07-09|09:00:00.167353|9|9|9|9|0|0
2026-07-09|09:05:00.036681|9|9|9|9|0|0
2026-07-09|09:10:00.049260|10|10|10|10|0|0
2026-07-09|09:15:00.163326|9|9|9|9|0|0
2026-07-09|09:20:00.044831|9|9|9|9|0|0
2026-07-09|09:25:00.038054|7|7|7|7|0|0
2026-07-09|09:30:00.047545|7|7|7|7|0|0
2026-07-09|09:31:00.029172|7|7|7|7|0|0
2026-07-09|09:35:00.045380|7|7|7|7|0|0
2026-07-09|09:40:00.076393|6|6|6|6|0|0
2026-07-09|09:45:00.046999|8|8|8|8|0|0
2026-07-09|09:50:00.062106|12|12|12|12|0|0
2026-07-09|09:55:00.070251|14|14|14|14|0|0
2026-07-10|07:00:00.133158|5|5|5|5|0|0
2026-07-10|07:05:00.018184|6|6|6|6|0|0
2026-07-10|07:10:00.029579|6|6|6|6|0|0
2026-07-10|07:15:00.024191|6|6|6|6|0|0
2026-07-10|07:20:00.029663|6|6|6|6|0|0
2026-07-10|07:25:00.021038|5|5|5|5|0|0
2026-07-10|07:30:00.036339|6|6|6|6|0|0
2026-07-10|07:35:00.023898|5|5|5|5|0|0
2026-07-10|07:40:00.020897|5|5|5|5|0|0
2026-07-10|07:45:00.024156|5|5|5|5|0|0
2026-07-10|07:50:00.020361|5|5|5|5|0|0
2026-07-10|07:55:00.016641|5|5|5|5|0|0
2026-07-10|08:00:00.023966|7|7|7|7|0|0
2026-07-10|08:05:00.030141|7|7|7|7|0|0
2026-07-10|08:10:00.153438|7|7|7|7|0|0
2026-07-10|08:15:00.031891|6|6|6|6|0|0
2026-07-10|08:20:00.033335|6|6|6|6|0|0
2026-07-10|08:25:00.027452|6|6|6|6|0|0
2026-07-10|08:30:00.019490|6|6|6|6|0|0
2026-07-10|08:35:00.028267|7|7|7|7|0|0
2026-07-10|08:40:00.021263|7|7|7|7|0|0
2026-07-10|08:45:00.021075|6|6|6|6|0|0
2026-07-10|08:50:00.031860|6|6|6|6|0|0
2026-07-10|08:55:00.018530|6|6|6|6|0|0
2026-07-10|09:00:00.170340|6|6|6|6|0|0
2026-07-10|09:00:00.170460|6|6|6|6|0|0
2026-07-10|09:05:00.063098|8|8|8|8|0|0
2026-07-10|09:10:00.052469|8|8|8|8|0|0
2026-07-10|09:15:00.044552|8|8|8|8|0|0
2026-07-10|09:20:00.055048|8|8|8|8|0|0
2026-07-10|09:25:00.034436|8|8|8|8|0|0
2026-07-10|09:30:00.066429|8|8|8|8|0|0
2026-07-10|09:31:00.033064|8|8|8|8|0|0
2026-07-10|09:35:00.158735|8|8|8|8|0|0
2026-07-10|09:40:00.070028|8|8|8|8|0|0
2026-07-10|09:45:00.070327|6|6|6|6|0|0
2026-07-10|09:50:00.047873|7|7|7|7|0|0
2026-07-10|09:55:00.072580|7|7|7|7|0|0
2026-07-13|07:00:00.130787|1|1|1|1|0|0
2026-07-13|07:05:00.027389|1|1|1|1|0|0
2026-07-13|07:10:00.028312|1|1|1|1|0|0
2026-07-13|07:15:00.023800|1|1|1|1|0|0
2026-07-13|07:20:00.033612|1|1|1|1|0|0
2026-07-13|07:25:00.022529|1|1|1|1|0|0
2026-07-13|07:30:00.041439|1|1|1|1|0|0
2026-07-13|07:35:00.024278|1|1|1|1|0|0
2026-07-13|07:40:00.021614|1|1|1|1|0|0
2026-07-13|07:45:00.018630|1|1|1|1|0|0
2026-07-13|07:50:00.021543|1|1|1|1|0|0
2026-07-13|07:55:00.020143|1|1|1|1|0|0
2026-07-13|08:00:00.025583|1|1|1|1|0|0
2026-07-13|08:05:00.021370|1|1|1|1|0|0
2026-07-13|08:10:00.034647|1|1|1|1|0|0
2026-07-13|08:15:00.021244|1|1|1|1|0|0
2026-07-13|08:20:00.025629|1|1|1|1|0|0
2026-07-13|08:25:00.019745|1|1|1|1|0|0
2026-07-13|08:30:00.027985|1|1|1|1|0|0
2026-07-13|08:35:00.034259|1|1|1|1|0|0
2026-07-13|08:40:00.018552|1|1|1|1|0|0
2026-07-13|08:45:00.115534|1|1|1|1|0|0
2026-07-13|08:50:00.031866|1|1|1|1|0|0
2026-07-13|08:55:00.020843|1|1|1|1|0|0
2026-07-13|09:00:00.146991|1|1|1|1|0|0
2026-07-13|09:00:00.149260|1|1|1|1|0|0
2026-07-13|09:05:00.039763|1|1|1|1|0|0
2026-07-13|09:10:00.053391|1|1|1|1|0|0
2026-07-13|09:15:00.031107|1|1|1|1|0|0
2026-07-13|09:20:00.068044|1|1|1|1|0|0
2026-07-13|09:25:00.060072|1|1|1|1|0|0
2026-07-13|09:30:00.048751|1|1|1|1|0|0
2026-07-13|09:31:00.037272|1|1|1|1|0|0
2026-07-13|09:35:00.102841|1|1|1|1|0|0
2026-07-13|09:40:00.055838|1|1|1|1|0|0
2026-07-13|09:45:00.038834|1|1|1|1|0|0
2026-07-13|09:50:00.053759|1|1|1|1|0|0
2026-07-13|09:55:00.057942|1|1|1|1|0|0
2026-07-14|07:00:00.104766|3|3|3|3|0|0
2026-07-14|07:05:00.034571|3|3|3|3|0|0
2026-07-14|07:10:00.027385|3|3|3|3|0|0
2026-07-14|07:15:00.020231|3|3|3|3|0|0
2026-07-14|07:20:00.031451|4|4|4|4|0|0
2026-07-14|07:25:00.024192|4|4|4|4|0|0
2026-07-14|07:30:00.031577|4|4|4|4|0|0
2026-07-14|07:35:00.026370|4|4|4|4|0|0
2026-07-14|07:40:00.050904|4|4|4|4|0|0
2026-07-14|07:45:00.021866|4|4|4|4|0|0
2026-07-14|07:50:00.025826|4|4|4|4|0|0
2026-07-14|07:55:00.049054|4|4|4|4|0|0
2026-07-14|08:00:00.051530|4|4|4|4|0|0
2026-07-14|08:05:00.020705|4|4|4|4|0|0
2026-07-14|08:10:00.034025|3|3|3|3|0|0
2026-07-14|08:15:00.024261|3|3|3|3|0|0
2026-07-14|08:20:00.027151|3|3|3|3|0|0
2026-07-14|08:25:00.025199|3|3|3|3|0|0
2026-07-14|08:30:00.029199|4|4|4|4|0|0
2026-07-14|08:35:00.025426|3|3|3|3|0|0
2026-07-14|08:40:00.030089|3|3|3|3|0|0
2026-07-14|08:45:00.021790|3|3|3|3|0|0
2026-07-14|08:50:00.040135|3|3|3|3|0|0
2026-07-14|08:55:00.021099|4|4|4|4|0|0
2026-07-14|09:00:00.165677|4|4|4|4|0|0
2026-07-14|09:00:00.167478|4|4|4|4|0|0
2026-07-14|09:05:00.064966|5|5|5|5|0|0
2026-07-14|09:10:00.043771|5|5|5|5|0|0
2026-07-14|09:15:00.068352|4|4|4|4|0|0
2026-07-14|09:20:00.050739|5|5|5|5|0|0
2026-07-14|09:25:00.046030|7|7|7|7|0|0
2026-07-14|09:30:00.046537|5|5|5|5|0|0
2026-07-14|09:31:00.020994|6|6|6|6|0|0
2026-07-14|09:35:00.102455|4|4|4|4|0|0
2026-07-14|09:40:00.055255|5|5|5|5|0|0
2026-07-14|09:45:00.044528|6|6|6|6|0|0
2026-07-14|09:50:00.074791|6|6|6|6|0|0
2026-07-14|09:55:00.079152|5|5|5|5|0|0
2026-07-15|07:00:00.086309|4|4|4|4|0|0
2026-07-15|07:05:00.022684|4|4|4|4|0|0
2026-07-15|07:10:00.035121|4|4|4|4|0|0
2026-07-15|07:15:00.021953|5|5|5|5|0|0
2026-07-15|07:20:00.052050|7|7|7|7|0|0
2026-07-15|07:25:00.019662|7|7|7|7|0|0
2026-07-15|07:30:00.022506|7|7|7|7|0|0
2026-07-15|07:35:00.017718|7|7|7|7|0|0
2026-07-15|07:40:00.029638|7|7|7|7|0|0
2026-07-15|07:45:00.024885|7|7|7|7|0|0
2026-07-15|07:50:00.027764|7|7|7|7|0|0
2026-07-15|07:55:00.031345|7|7|7|7|0|0
2026-07-15|08:00:00.024793|7|7|7|7|0|0
2026-07-15|08:05:00.045252|7|7|7|7|0|0
2026-07-15|08:10:00.032782|7|7|7|7|0|0
2026-07-15|08:15:00.021598|7|7|7|7|0|0
2026-07-15|08:20:00.030019|7|7|7|7|0|0
2026-07-15|08:25:00.028740|7|7|7|7|0|0
2026-07-15|08:30:00.023027|8|8|8|8|0|0
2026-07-15|08:35:00.033350|9|9|9|9|0|0
2026-07-15|08:40:00.028261|7|7|7|7|0|0
2026-07-15|08:45:00.039029|6|6|6|6|0|0
2026-07-15|08:50:00.129519|8|8|8|8|0|0
2026-07-15|08:55:00.025959|6|6|6|6|0|0
2026-07-15|09:00:00.140246|7|7|7|7|0|0
2026-07-15|09:00:00.156182|7|7|7|7|0|0
2026-07-15|09:05:00.034677|7|7|7|7|0|0
2026-07-15|09:10:00.043257|8|8|8|8|0|0
2026-07-15|09:15:00.044028|7|7|7|7|0|0
2026-07-15|09:20:00.045011|6|6|6|6|0|0
2026-07-15|09:25:00.046320|6|6|6|6|0|0
2026-07-15|09:30:00.066385|6|6|6|6|0|0
2026-07-15|09:31:00.039144|6|6|6|6|0|0
2026-07-15|09:35:00.095141|7|7|7|7|0|0
2026-07-15|09:40:00.070566|8|8|8|8|0|0
2026-07-15|09:45:00.041606|7|7|7|7|0|0
2026-07-15|09:50:00.069573|8|8|8|8|0|0
2026-07-15|09:55:00.063425|12|12|12|12|0|0
2026-07-16|07:00:00.122392|6|6|6|6|0|0
2026-07-16|07:05:00.014561|6|6|6|6|0|0
2026-07-16|07:10:00.023680|6|6|6|6|0|0
2026-07-16|07:15:00.020394|5|5|5|5|0|0
2026-07-16|07:20:00.030201|6|6|6|6|0|0
2026-07-16|07:25:00.030645|6|6|6|6|0|0
2026-07-16|07:30:00.024016|6|6|6|6|0|0
2026-07-16|07:35:00.035695|5|5|5|5|0|0
2026-07-16|07:40:00.023055|7|7|7|7|0|0
2026-07-16|07:45:00.036362|7|7|7|7|0|0
2026-07-16|07:50:00.047006|6|6|6|6|0|0
2026-07-16|07:55:00.016004|6|6|6|6|0|0
2026-07-16|08:00:00.025736|7|7|7|7|0|0
2026-07-16|08:05:00.020517|6|6|6|6|0|0
2026-07-16|08:10:00.041662|6|6|6|6|0|0
2026-07-16|08:15:00.022066|8|8|8|8|0|0
2026-07-16|08:20:00.030457|7|7|7|7|0|0
2026-07-16|08:25:00.018912|7|7|7|7|0|0
2026-07-16|08:30:00.023359|6|6|6|6|0|0
2026-07-16|08:35:00.018497|7|7|7|7|0|0
2026-07-16|08:40:00.018286|6|6|6|6|0|0
2026-07-16|08:45:00.032231|6|6|6|6|0|0
2026-07-16|08:50:00.042228|6|6|6|6|0|0
2026-07-16|08:55:00.019817|6|6|6|6|0|0
2026-07-16|09:00:00.196721|6|6|6|6|0|0
2026-07-16|09:00:00.199918|6|6|6|6|0|0
2026-07-16|09:05:00.036034|5|5|5|5|0|0
2026-07-16|09:10:00.055634|5|5|5|5|0|0
2026-07-16|09:15:00.039535|5|5|5|5|0|0
2026-07-16|09:20:00.051591|5|5|5|5|0|0
2026-07-16|09:25:00.035024|5|5|5|5|0|0
2026-07-16|09:30:00.061827|5|5|5|5|0|0
2026-07-16|09:31:00.022244|5|5|5|5|0|0
2026-07-16|09:35:00.063600|5|5|5|5|0|0
2026-07-16|09:40:00.061625|5|5|5|5|0|0
2026-07-16|09:45:00.069453|7|7|7|7|0|0
2026-07-16|09:50:00.047213|6|6|6|6|0|0
2026-07-16|09:55:00.179014|7|7|7|7|0|0
2026-07-17|07:00:00.098410|3|3|3|3|0|0
2026-07-17|07:05:00.021453|3|3|3|3|0|0
2026-07-17|07:10:00.032709|3|3|3|3|0|0
2026-07-17|07:15:00.032488|4|4|4|4|0|0
2026-07-17|07:20:00.027176|4|4|4|4|0|0
2026-07-17|07:25:00.019016|4|4|4|4|0|0
2026-07-17|07:30:00.019521|4|4|4|4|0|0
2026-07-17|07:35:00.019141|4|4|4|4|0|0
2026-07-17|07:40:00.018471|4|4|4|4|0|0
2026-07-17|07:45:00.020654|4|4|4|4|0|0
2026-07-17|07:50:00.035681|3|3|3|3|0|0
2026-07-17|07:55:00.025202|3|3|3|3|0|0
2026-07-17|08:00:00.050424|3|3|3|3|0|0
2026-07-17|08:05:00.022578|3|3|3|3|0|0
2026-07-17|08:10:00.047189|3|3|3|3|0|0
2026-07-17|08:15:00.031196|2|2|2|2|0|0
2026-07-17|08:20:00.040018|3|3|3|3|0|0
2026-07-17|08:25:00.027414|3|3|3|3|0|0
2026-07-17|08:30:00.030807|3|3|3|3|0|0
2026-07-17|08:35:00.032849|2|2|2|2|0|0
2026-07-17|08:40:00.020963|2|2|2|2|0|0
2026-07-17|08:45:00.024257|3|3|3|3|0|0
2026-07-17|08:50:00.026754|3|3|3|3|0|0
2026-07-17|08:55:00.021192|2|2|2|2|0|0
2026-07-17|09:00:00.169721|2|2|2|2|0|0
2026-07-17|09:00:00.177763|3|3|3|3|0|0
2026-07-17|09:05:00.041483|3|3|3|3|0|0
2026-07-17|09:10:00.066832|3|3|3|3|0|0
2026-07-17|09:15:00.060957|3|3|3|3|0|0
2026-07-17|09:20:00.070167|3|3|3|3|0|0
2026-07-17|09:25:00.046242|3|3|3|3|0|0
2026-07-17|09:30:00.046820|2|2|2|2|0|0
2026-07-17|09:31:00.020473|2|2|2|2|0|0
2026-07-17|09:35:00.083803|3|3|3|3|0|0
2026-07-17|09:40:00.066572|3|3|3|3|0|0
2026-07-17|09:45:00.070881|3|3|3|3|0|0
2026-07-17|09:50:00.058656|5|5|5|5|0|0
2026-07-17|09:55:00.044471|4|4|4|4|0|0
2026-07-20|07:00:00.158254|1|1|1|1|0|0
2026-07-20|07:05:00.016583|2|2|2|2|0|0
2026-07-20|07:10:00.032403|2|2|2|2|0|0
2026-07-20|07:15:00.017038|2|2|2|2|0|0
2026-07-20|07:20:00.034902|2|2|2|2|0|0
2026-07-20|07:25:00.020018|4|4|4|4|0|0
2026-07-20|07:30:00.030027|4|4|4|4|0|0
2026-07-20|07:35:00.034702|4|4|4|4|0|0
2026-07-20|07:40:00.031461|4|4|4|4|0|0
2026-07-20|07:45:00.024410|6|6|6|6|0|0
2026-07-20|07:50:00.047570|6|6|6|6|0|0
2026-07-20|07:55:00.017893|5|5|5|5|0|0
2026-07-20|08:00:00.033707|5|5|5|5|0|0
2026-07-20|08:05:00.037488|5|5|5|5|0|0
2026-07-20|08:10:00.024043|3|3|3|3|0|0
2026-07-20|08:15:00.039465|5|5|5|5|0|0
2026-07-20|08:20:00.022695|5|5|5|5|0|0
2026-07-20|08:25:00.026963|4|4|4|4|0|0
2026-07-20|08:30:00.022163|4|4|4|4|0|0
2026-07-20|08:35:00.026401|4|4|4|4|0|0
2026-07-20|08:40:00.021014|4|4|4|4|0|0
2026-07-20|08:45:00.027758|3|3|3|3|0|0
2026-07-20|08:50:00.039732|4|4|4|4|0|0
2026-07-20|08:55:00.020114|4|4|4|4|0|0
2026-07-20|09:00:00.144396|3|3|3|3|0|0
2026-07-20|09:00:00.154590|3|3|3|3|0|0
2026-07-20|09:05:00.032595|3|3|3|3|0|0
2026-07-20|09:10:00.084454|3|3|3|3|0|0
2026-07-20|09:15:00.037058|4|4|4|4|0|0
2026-07-20|09:20:00.047351|5|5|5|5|0|0
2026-07-20|09:25:00.038897|3|3|3|3|0|0
2026-07-20|09:30:00.040333|3|3|3|3|0|0
2026-07-20|09:31:00.024927|3|3|3|3|0|0
2026-07-20|09:35:00.054961|4|4|4|4|0|0
2026-07-20|09:40:00.052931|4|4|4|4|0|0
2026-07-20|09:45:00.049229|4|4|4|4|0|0
2026-07-20|09:50:00.073436|7|7|7|7|0|0
2026-07-20|09:55:00.051751|7|7|7|7|0|0
2026-07-21|07:00:00.112957|1|1|1|1|0|0
2026-07-21|07:05:00.016555|1|1|1|1|0|0
2026-07-21|07:10:00.020665|1|1|1|1|0|0
2026-07-21|07:15:00.043859|1|1|1|1|0|0
2026-07-21|07:20:00.018338|1|1|1|1|0|0
2026-07-21|07:25:00.031844|2|2|2|2|0|0
2026-07-21|07:30:00.029430|2|2|2|2|0|0
2026-07-21|07:35:00.036926|2|2|2|2|0|0
2026-07-21|07:40:00.025129|3|3|3|3|0|0
2026-07-21|07:45:00.021807|3|3|3|3|0|0
2026-07-21|07:50:00.034916|2|2|2|2|0|0
2026-07-21|07:55:00.028370|2|2|2|2|0|0
2026-07-21|08:00:00.021928|2|2|2|2|0|0
2026-07-21|08:05:00.040290|2|2|2|2|0|0
2026-07-21|08:10:00.023474|2|2|2|2|0|0
2026-07-21|08:15:00.021574|3|3|3|3|0|0
2026-07-21|08:20:00.032079|4|4|4|4|0|0
2026-07-21|08:25:00.020617|4|4|4|4|0|0
2026-07-21|08:30:00.029219|4|4|4|4|0|0
2026-07-21|08:35:00.022178|5|5|5|5|0|0
2026-07-21|08:40:00.021979|5|5|5|5|0|0
2026-07-21|08:45:00.025025|5|5|5|5|0|0
2026-07-21|08:50:00.025202|5|5|5|5|0|0
2026-07-21|08:55:00.031013|6|6|6|6|0|0
2026-07-21|09:00:00.221171|5|5|5|5|0|0
2026-07-21|09:00:00.221700|5|5|5|5|0|0
2026-07-21|09:05:00.036715|5|5|5|5|0|0
2026-07-21|09:10:00.068220|5|5|5|5|0|0
2026-07-21|09:15:00.046497|5|5|5|5|0|0
2026-07-21|09:20:00.050039|5|5|5|5|0|0
2026-07-21|09:25:00.043627|5|5|5|5|0|0
2026-07-21|09:30:00.043193|6|6|6|6|0|0
2026-07-21|09:31:00.026115|6|6|6|6|0|0
2026-07-21|09:35:00.098874|5|5|5|5|0|0
2026-07-21|09:40:00.064263|5|5|5|5|0|0
2026-07-21|09:45:00.047582|5|5|5|5|0|0
2026-07-21|09:50:00.039628|7|7|7|7|0|0
2026-07-21|09:55:00.063342|7|7|7|7|0|0
2026-07-22|07:00:00.109713|2|2|2|2|0|0
2026-07-22|07:05:00.021716|2|2|2|2|0|0
2026-07-22|07:10:00.026915|2|2|2|2|0|0
2026-07-22|07:15:00.018385|2|2|2|2|0|0
2026-07-22|07:20:00.025325|2|2|2|2|0|0
2026-07-22|07:25:00.014928|3|3|3|3|0|0
2026-07-22|07:30:00.023870|2|2|2|2|0|0
2026-07-22|07:35:00.019493|3|3|3|3|0|0
2026-07-22|07:40:00.034403|4|4|4|4|0|0
2026-07-22|07:45:00.040833|5|5|5|5|0|0
2026-07-22|07:50:00.040727|5|5|5|5|0|0
2026-07-22|07:55:00.017081|7|7|7|7|0|0
2026-07-22|08:00:00.019680|7|7|7|7|0|0
2026-07-22|08:05:00.016881|7|7|7|7|0|0
2026-07-22|08:10:00.026562|8|8|8|8|0|0
2026-07-22|08:15:00.022128|8|8|8|8|0|0
2026-07-22|08:20:00.022971|7|7|7|7|0|0
2026-07-22|08:25:00.030556|6|6|6|6|0|0
2026-07-22|08:30:00.027326|7|7|7|7|0|0
2026-07-22|08:35:00.034683|7|7|7|7|0|0
2026-07-22|08:40:00.022052|5|5|5|5|0|0
2026-07-22|08:45:00.038962|4|4|4|4|0|0
2026-07-22|08:50:00.023247|5|5|5|5|0|0
2026-07-22|08:55:00.029404|5|5|5|5|0|0
2026-07-22|09:00:00.146110|5|5|5|5|0|0
2026-07-22|09:00:00.148144|4|4|4|4|0|0
2026-07-22|09:05:00.040149|4|4|4|4|0|0
2026-07-22|09:10:00.050429|4|4|4|4|0|0
2026-07-22|09:15:00.047416|4|4|4|4|0|0
2026-07-22|09:20:00.070724|4|4|4|4|0|0
2026-07-22|09:25:00.070552|4|4|4|4|0|0
2026-07-22|09:30:00.045855|4|4|4|4|0|0
2026-07-22|09:31:00.026075|4|4|4|4|0|0
2026-07-22|09:35:00.142569|4|4|4|4|0|0
2026-07-22|09:40:00.066030|4|4|4|4|0|0
2026-07-22|09:45:00.065205|4|4|4|4|0|0
2026-07-22|09:50:00.055244|7|7|7|7|0|0
2026-07-22|09:55:00.067451|6|6|6|6|0|0
2026-07-23|07:00:00.104657|2|2|2|2|0|0
2026-07-23|07:05:00.021002|3|3|3|3|0|0
2026-07-23|07:10:00.022504|3|3|3|3|0|0
2026-07-23|07:15:00.033628|3|3|3|3|0|0
2026-07-23|07:20:00.019327|4|4|4|4|0|0
2026-07-23|07:25:00.020906|5|5|5|5|0|0
2026-07-23|07:30:00.020984|6|6|6|6|0|0
2026-07-23|07:35:00.026895|7|7|7|7|0|0
2026-07-23|07:40:00.018804|6|6|6|6|0|0
2026-07-23|07:45:00.197082|7|7|7|7|0|0
2026-07-23|07:50:00.024530|5|5|5|5|0|0
2026-07-23|07:55:00.020480|7|7|7|7|0|0
2026-07-23|08:00:00.020660|6|6|6|6|0|0
2026-07-23|08:05:00.023878|6|6|6|6|0|0
2026-07-23|08:10:00.021671|8|8|8|8|0|0
2026-07-23|08:15:00.033737|8|8|8|8|0|0
2026-07-23|08:20:00.022458|8|8|8|8|0|0
2026-07-23|08:25:00.017972|8|8|8|8|0|0
2026-07-23|08:30:00.020601|8|8|8|8|0|0
2026-07-23|08:35:00.022212|8|8|8|8|0|0
2026-07-23|08:40:00.020019|8|8|8|8|0|0
2026-07-23|08:45:00.020192|9|9|9|9|0|0
2026-07-23|08:50:00.032469|9|9|9|9|0|0
2026-07-23|08:55:00.023262|9|9|9|9|0|0
2026-07-23|09:00:00.161519|9|9|9|9|0|0
2026-07-23|09:00:00.161731|9|9|9|9|0|0
2026-07-23|09:05:00.036150|9|9|9|9|0|0
2026-07-23|09:10:00.046112|8|8|8|8|0|0
2026-07-23|09:15:00.058110|8|8|8|8|0|0
2026-07-23|09:20:00.068640|8|8|8|8|0|0
2026-07-23|09:25:00.165040|7|7|7|7|0|0
2026-07-23|09:30:00.046890|7|7|7|7|0|0
2026-07-23|09:31:00.026712|7|7|7|7|0|0
2026-07-23|09:35:00.075265|7|7|7|7|0|0
2026-07-23|09:40:00.051380|9|9|9|9|0|0
2026-07-23|09:45:00.061054|9|9|9|9|0|0
2026-07-23|09:50:00.044140|10|10|10|10|0|0
2026-07-23|09:55:00.041943|10|10|10|10|0|0
2026-07-24|07:00:00.096166|6|6|6|6|0|0
2026-07-24|07:05:00.021902|6|6|6|6|0|0
2026-07-24|07:10:00.026666|6|6|6|6|0|0
2026-07-24|07:15:00.035673|6|6|6|6|0|0
2026-07-24|07:20:00.025344|6|6|6|6|0|0
2026-07-24|07:25:00.036362|6|6|6|6|0|0
2026-07-24|07:30:00.021357|7|7|7|7|0|0
2026-07-24|07:35:00.034612|7|7|7|7|0|0
2026-07-24|07:40:00.029943|7|7|7|7|0|0
2026-07-24|07:45:00.033207|7|7|7|7|0|0
2026-07-24|07:50:00.020737|7|7|7|7|0|0
2026-07-24|07:55:00.024453|6|6|6|6|0|0
2026-07-24|08:00:00.032851|6|6|6|6|0|0
2026-07-24|08:05:00.030591|6|6|6|6|0|0
2026-07-24|08:10:00.038084|6|6|6|6|0|0
2026-07-24|08:15:00.041143|7|7|7|7|0|0
2026-07-24|08:20:00.019974|7|7|7|7|0|0
2026-07-24|08:25:00.029101|7|7|7|7|0|0
2026-07-24|08:30:00.028597|7|7|7|7|0|0
2026-07-24|08:35:00.031680|7|7|7|7|0|0
2026-07-24|08:40:00.045748|7|7|7|7|0|0
2026-07-24|08:45:00.041450|7|7|7|7|0|0
2026-07-24|08:50:00.028133|7|7|7|7|0|0
2026-07-24|08:55:00.044916|7|7|7|7|0|0
2026-07-24|09:00:00.205253|7|7|7|7|0|0
2026-07-24|09:00:00.207041|7|7|7|7|0|0
2026-07-24|09:05:00.057141|8|8|8|8|0|0
2026-07-24|09:10:00.037043|8|8|8|8|0|0
2026-07-24|09:15:00.154208|7|7|7|7|0|0
2026-07-24|09:20:00.040804|7|7|7|7|0|0
2026-07-24|09:25:00.038396|7|7|7|7|0|0
2026-07-24|09:30:00.058139|7|7|7|7|0|0
2026-07-24|09:31:00.026691|7|7|7|7|0|0
2026-07-24|09:35:00.046375|9|9|9|9|0|0
2026-07-24|09:40:00.061160|9|9|9|9|0|0
2026-07-24|09:45:00.049638|8|8|8|8|0|0
2026-07-24|09:50:00.062828|9|9|9|9|0|0
2026-07-24|09:55:00.042149|11|11|11|11|0|0
2026-07-27|07:00:00.105970|5|5|5|5|0|0
2026-07-27|07:05:00.020923|5|5|5|5|0|0
2026-07-27|07:10:00.021200|6|6|6|6|0|0
2026-07-27|07:15:00.024447|6|6|6|6|0|0
2026-07-27|07:20:00.020695|7|7|7|7|0|0
2026-07-27|07:25:00.024422|6|6|6|6|0|0
2026-07-27|07:30:00.041267|6|6|6|6|0|0
2026-07-27|07:35:00.033188|6|6|6|6|0|0
2026-07-27|07:40:00.025868|6|6|6|6|0|0
2026-07-27|07:45:00.021250|8|8|8|8|0|0
2026-07-27|07:50:00.021437|8|8|8|8|0|0
2026-07-27|07:55:00.019078|8|8|8|8|0|0
2026-07-27|08:00:00.019872|8|8|8|8|0|0
2026-07-27|08:05:00.022559|8|8|8|8|0|0
2026-07-27|08:10:00.026839|8|8|8|8|0|0
2026-07-27|08:15:00.026837|7|7|7|7|0|0
2026-07-27|08:20:00.020714|7|7|7|7|0|0
2026-07-27|08:25:00.023546|7|7|7|7|0|0
2026-07-27|08:30:00.036870|8|8|8|8|0|0
2026-07-27|08:35:00.021407|7|7|7|7|0|0
2026-07-27|08:40:00.019996|6|6|6|6|0|0
2026-07-27|08:45:00.028058|6|6|6|6|0|0
2026-07-27|08:50:00.041618|7|7|7|7|0|0
2026-07-27|08:55:00.043076|8|8|8|8|0|0
2026-07-27|09:00:00.317366|8|8|8|8|0|0
2026-07-27|09:00:00.318441|8|8|8|8|0|0
2026-07-27|09:05:00.051866|9|9|9|9|0|0
2026-07-27|09:10:00.071818|8|8|8|8|0|0
2026-07-27|09:15:00.044537|9|9|9|9|0|0
2026-07-27|09:20:00.063744|10|10|10|10|0|0
2026-07-27|09:25:00.083169|10|10|10|10|0|0
2026-07-27|09:30:00.047743|9|9|9|9|0|0
2026-07-27|09:31:00.020337|9|9|9|9|0|0
2026-07-27|09:35:00.074552|9|9|9|9|0|0
2026-07-27|09:40:00.049682|9|9|9|9|0|0
2026-07-27|09:45:00.041052|10|10|10|10|0|0
2026-07-27|09:50:00.079181|8|8|8|8|0|0
2026-07-27|09:55:00.056168|20|20|20|20|0|0
2026-07-28|07:00:00.101500|2|2|2|2|0|0
2026-07-28|07:05:00.017906|3|3|3|3|0|0
2026-07-28|07:10:00.023543|3|3|3|3|0|0
2026-07-28|07:15:00.017616|3|3|3|3|0|0
2026-07-28|07:20:00.019424|3|3|3|3|0|0
2026-07-28|07:25:00.024882|3|3|3|3|0|0
2026-07-28|07:30:00.024778|3|3|3|3|0|0
2026-07-28|07:35:00.025344|4|4|4|4|0|0
2026-07-28|07:40:00.032485|2|2|2|2|0|0
2026-07-28|07:45:00.022210|3|3|3|3|0|0
2026-07-28|07:50:00.023580|3|3|3|3|0|0
2026-07-28|07:55:00.026553|3|3|3|3|0|0
2026-07-28|08:00:00.025613|3|3|3|3|0|0
2026-07-28|08:05:00.026616|3|3|3|3|0|0
2026-07-28|08:10:00.026314|3|3|3|3|0|0
2026-07-28|08:15:00.025081|3|3|3|3|0|0
2026-07-28|08:20:00.031278|3|3|3|3|0|0
2026-07-28|08:25:00.028858|3|3|3|3|0|0
2026-07-28|08:30:00.023008|4|4|4|4|0|0
2026-07-28|08:35:00.025854|4|4|4|4|0|0
2026-07-28|08:40:00.022198|6|6|6|6|0|0
2026-07-28|08:45:00.021896|5|5|5|5|0|0
2026-07-28|08:50:00.021713|5|5|5|5|0|0
2026-07-28|08:55:00.033656|5|5|5|5|0|0
2026-07-28|09:00:00.156515|4|4|4|4|0|0
2026-07-28|09:00:00.157125|4|4|4|4|0|0
2026-07-28|09:05:00.041929|4|4|4|4|0|0
2026-07-28|09:10:00.041184|3|3|3|3|0|0
2026-07-28|09:15:00.059168|3|3|3|3|0|0
2026-07-28|09:20:00.062906|4|4|4|4|0|0
2026-07-28|09:25:00.033177|4|4|4|4|0|0
2026-07-28|09:30:00.060335|4|4|4|4|0|0
2026-07-28|09:31:00.032173|4|4|4|4|0|0
2026-07-28|09:35:00.040745|4|4|4|4|0|0
2026-07-28|09:40:00.182818|4|4|4|4|0|0
2026-07-28|09:45:00.145930|4|4|4|4|0|0
2026-07-28|09:50:00.046552|5|5|5|5|0|0
2026-07-28|09:55:00.058906|8|8|8|8|0|0
2026-07-29|07:00:00.136254|6|6|6|6|0|0
2026-07-29|07:05:00.018912|7|7|7|7|0|0
2026-07-29|07:10:00.028143|7|7|7|7|0|0
2026-07-29|07:15:00.024948|5|5|5|5|0|0
2026-07-29|07:20:00.021800|8|8|8|8|0|0
2026-07-29|07:25:00.028876|6|6|6|6|0|0
2026-07-29|07:30:00.022182|7|7|7|7|0|0
2026-07-29|07:35:00.023712|7|7|7|7|0|0
2026-07-29|07:40:00.017203|8|8|8|8|0|0
2026-07-29|07:45:00.024161|8|8|8|8|0|0
2026-07-29|07:50:00.031588|8|8|8|8|0|0
2026-07-29|07:55:00.131434|10|10|10|10|0|0
2026-07-29|08:00:00.023426|10|10|10|10|0|0
2026-07-29|08:05:00.023145|10|10|10|10|0|0
2026-07-29|08:10:00.022429|9|9|9|9|0|0
2026-07-29|08:15:00.020472|10|10|10|10|0|0
2026-07-29|08:20:00.028043|9|9|9|9|0|0
2026-07-29|08:25:00.023496|10|10|10|10|0|0
2026-07-29|08:30:00.017926|11|11|11|11|0|0
2026-07-29|08:35:00.021544|11|11|11|11|0|0
2026-07-29|08:40:00.023216|11|11|11|11|0|0
2026-07-29|08:45:00.021332|9|9|9|9|0|0
2026-07-29|08:50:00.031930|10|10|10|10|0|0
2026-07-29|08:55:00.022448|10|10|10|10|0|0
2026-07-29|09:00:00.256921|11|11|11|11|0|0
2026-07-29|09:00:00.259046|11|11|11|11|0|0
2026-07-29|09:05:00.160476|11|11|11|11|0|0
2026-07-29|09:10:00.046940|12|12|12|12|0|0
2026-07-29|09:15:00.057498|12|12|12|12|0|0
2026-07-29|09:20:00.044447|13|13|13|13|0|0
2026-07-29|09:25:00.033579|15|15|15|15|0|0
2026-07-29|09:30:00.045246|14|14|14|14|0|0
2026-07-29|09:31:00.019691|14|14|14|14|0|0
2026-07-29|09:35:00.043678|14|14|14|14|0|0
2026-07-29|09:40:00.040159|15|15|15|15|0|0
2026-07-29|09:45:00.053966|14|14|14|14|0|0
2026-07-29|09:50:00.049020|19|19|19|19|0|0
2026-07-29|09:55:00.039657|21|21|21|21|0|0
2026-07-30|07:00:00.118731|11|11|11|11|0|0
2026-07-30|07:05:00.029934|10|10|10|10|0|0
2026-07-30|07:10:00.021435|10|10|10|10|0|0
2026-07-30|07:15:00.021263|11|11|11|11|0|0
2026-07-30|07:20:00.030382|13|13|13|13|0|0
2026-07-30|07:25:00.023985|14|14|14|14|0|0
2026-07-30|07:30:00.021485|15|15|15|15|0|0
2026-07-30|07:35:00.026114|19|19|19|19|0|0
2026-07-30|07:40:00.022799|19|19|19|19|0|0
2026-07-30|07:45:00.019184|17|17|17|17|0|0
2026-07-30|07:50:00.034204|15|15|15|15|0|0
2026-07-30|07:55:00.027707|17|17|17|17|0|0
2026-07-30|08:00:00.022924|19|19|19|19|0|0
2026-07-30|08:05:00.030792|19|19|19|19|0|0
2026-07-30|08:10:00.025681|23|23|23|23|0|0
2026-07-30|08:15:00.023595|22|22|22|22|0|0
2026-07-30|08:20:00.024579|22|22|22|22|0|0
2026-07-30|08:25:00.027781|22|22|22|22|0|0
2026-07-30|08:30:00.022420|22|22|22|22|0|0
2026-07-30|08:35:00.173899|22|22|22|22|0|0
2026-07-30|08:40:00.022703|21|21|21|21|0|0
2026-07-30|08:45:00.022364|22|22|22|22|0|0
2026-07-30|08:50:00.029671|22|22|22|22|0|0
2026-07-30|08:55:00.024729|23|23|23|23|0|0
2026-07-30|09:00:00.173673|24|24|24|24|0|0
2026-07-30|09:00:00.173813|24|24|24|24|0|0
2026-07-30|09:05:00.047368|23|23|23|23|0|0
2026-07-30|09:10:00.044467|23|23|23|23|0|0
2026-07-30|09:15:00.042708|26|26|26|26|0|0
2026-07-30|09:20:00.042613|28|28|28|28|0|0
2026-07-30|09:25:00.047846|30|30|30|30|0|0
2026-07-30|09:30:00.064834|28|28|28|28|0|0
2026-07-30|09:31:00.019485|28|28|28|28|0|0
2026-07-30|09:35:00.067967|28|28|28|28|0|0
2026-07-30|09:40:00.070695|30|30|30|30|0|0
2026-07-30|09:45:00.055644|52|52|52|52|0|0
2026-07-30|09:50:00.045916|64|64|64|64|0|0
2026-07-30|09:55:00.059027|66|66|66|66|0|0
2026-07-31|07:00:00.136648|14|14|14|14|0|0
2026-07-31|07:05:00.029150|14|14|14|14|0|0
2026-07-31|07:10:00.026020|13|13|13|13|0|0
2026-07-31|07:15:00.026460|14|14|14|14|0|0
2026-07-31|07:20:00.031073|15|15|15|15|0|0
2026-07-31|07:25:00.032667|14|14|14|14|0|0
2026-07-31|07:30:00.039678|14|14|14|14|0|0
2026-07-31|07:35:00.028352|14|14|14|14|0|0
2026-07-31|07:40:00.030652|15|15|15|15|0|0
2026-07-31|07:45:00.024646|15|15|15|15|0|0
2026-07-31|07:50:00.029800|16|16|16|16|0|0
2026-07-31|07:55:00.034753|15|15|15|15|0|0
2026-07-31|08:00:00.028398|16|16|16|16|0|0
2026-07-31|08:05:00.029660|15|15|15|15|0|0
2026-07-31|08:10:00.027487|16|16|16|16|0|0
2026-07-31|08:15:00.027622|19|19|19|19|0|0
2026-07-31|08:20:00.042007|17|17|17|17|0|0
2026-07-31|08:25:00.020516|17|17|17|17|0|0
2026-07-31|08:30:00.028960|17|17|17|17|0|0
2026-07-31|08:35:00.027234|16|16|16|16|0|0
2026-07-31|08:40:00.166324|17|17|17|17|0|0
2026-07-31|08:45:00.027979|16|16|16|16|0|0
2026-07-31|08:50:00.024394|15|15|15|15|0|0
2026-07-31|08:55:00.022460|16|16|16|16|0|0
2026-07-31|09:00:00.223069|16|16|16|16|0|0
2026-07-31|09:00:00.232486|16|16|16|16|0|0
2026-07-31|09:05:00.044762|17|17|17|17|0|0
2026-07-31|09:10:00.052874|19|19|19|19|0|0
2026-07-31|09:15:00.038465|20|20|20|20|0|0
2026-07-31|09:20:00.059443|19|19|19|19|0|0
2026-07-31|09:25:00.061888|20|20|20|20|0|0
2026-07-31|09:30:00.049632|21|21|21|21|0|0
2026-07-31|09:31:00.023691|21|21|21|21|0|0
2026-07-31|09:35:00.047260|22|22|22|22|0|0
2026-07-31|09:40:00.060085|22|22|22|22|0|0
2026-07-31|09:45:00.049846|21|21|21|21|0|0
2026-07-31|09:50:00.050391|28|28|28|28|0|0
2026-07-31|09:55:00.216269|21|21|21|21|0|0
2026-08-03|07:00:00.121770|5|5|5|5|0|0
2026-08-03|07:05:00.028777|5|5|5|5|0|0
2026-08-03|07:10:00.023722|5|5|5|5|0|0
2026-08-03|07:15:00.023087|5|5|5|5|0|0
2026-08-03|07:20:00.018908|5|5|5|5|0|0
2026-08-03|07:25:00.017179|5|5|5|5|0|0
2026-08-03|07:30:00.020072|5|5|5|5|0|0
2026-08-03|07:35:00.023741|5|5|5|5|0|0
2026-08-03|07:40:00.026632|5|5|5|5|0|0
2026-08-03|07:45:00.019577|5|5|5|5|0|0
2026-08-03|07:50:00.031443|5|5|5|5|0|0
2026-08-03|07:55:00.022967|5|5|5|5|0|0
2026-08-03|08:00:00.021726|5|5|5|5|0|0
2026-08-03|08:05:00.026796|4|4|4|4|0|0
2026-08-03|08:10:00.026581|5|5|5|5|0|0
2026-08-03|08:15:00.020429|5|5|5|5|0|0
2026-08-03|08:20:00.023475|5|5|5|5|0|0
2026-08-03|08:25:00.018270|5|5|5|5|0|0
2026-08-03|08:30:00.031122|5|5|5|5|0|0
2026-08-03|08:35:00.039233|6|6|6|6|0|0
2026-08-03|08:40:00.023051|6|6|6|6|0|0
2026-08-03|08:45:00.029686|7|7|7|7|0|0
2026-08-03|08:50:00.122843|6|6|6|6|0|0
2026-08-03|08:55:00.023903|6|6|6|6|0|0
2026-08-03|09:00:00.164056|7|7|7|7|0|0
2026-08-03|09:00:00.169877|7|7|7|7|0|0
2026-08-03|09:05:00.045821|7|7|7|7|0|0
2026-08-03|09:10:00.072004|7|7|7|7|0|0
2026-08-03|09:15:00.052071|7|7|7|7|0|0
2026-08-03|09:20:00.045892|7|7|7|7|0|0
2026-08-03|09:25:00.062256|7|7|7|7|0|0
2026-08-03|09:30:00.035013|5|5|5|5|0|0
2026-08-03|09:31:00.024934|5|5|5|5|0|0
2026-08-03|09:35:00.054405|5|5|5|5|0|0
2026-08-03|09:40:00.060539|6|6|6|6|0|0
2026-08-03|09:45:00.070750|5|5|5|5|0|0
2026-08-03|09:50:00.074366|7|7|7|7|0|0
2026-08-03|09:55:00.041660|8|8|8|8|0|0
2026-08-04|07:00:00.134235|13|13|13|13|0|0
2026-08-04|07:05:00.021105|14|14|14|14|0|0
2026-08-04|07:10:00.034143|14|14|14|14|0|0
2026-08-04|07:15:00.027190|16|16|16|16|0|0
2026-08-04|07:20:00.027484|15|15|15|15|0|0
2026-08-04|07:25:00.019505|16|16|16|16|0|0
2026-08-04|07:30:00.032383|16|16|16|16|0|0
2026-08-04|07:35:00.020954|18|18|18|18|0|0
2026-08-04|07:40:00.050686|17|17|17|17|0|0
2026-08-04|07:45:00.022253|17|17|17|17|0|0
2026-08-04|07:50:00.028500|17|17|17|17|0|0
2026-08-04|07:55:00.027779|17|17|17|17|0|0
2026-08-04|08:00:00.019082|19|19|19|19|0|0
2026-08-04|08:05:00.022799|20|20|20|20|0|0
2026-08-04|08:10:00.040222|20|20|20|20|0|0
2026-08-04|08:15:00.031714|20|20|20|20|0|0
2026-08-04|08:20:00.037992|21|21|21|21|0|0
2026-08-04|08:25:00.041833|21|21|21|21|0|0
2026-08-04|08:30:00.027611|21|21|21|21|0|0
2026-08-04|08:35:00.028857|22|22|22|22|0|0
2026-08-04|08:40:00.025312|23|23|23|23|0|0
2026-08-04|08:45:00.022947|25|25|25|25|0|0
2026-08-04|08:50:00.030130|24|24|24|24|0|0
2026-08-04|08:55:00.017919|26|26|26|26|0|0
2026-08-04|09:00:00.156985|26|26|26|26|0|0
2026-08-04|09:00:00.157885|25|25|25|25|0|0
2026-08-04|09:05:00.042375|25|25|25|25|0|0
2026-08-04|09:10:00.053121|26|26|26|26|0|0
2026-08-04|09:15:00.043550|26|26|26|26|0|0
2026-08-04|09:20:00.048600|27|27|27|27|0|0
2026-08-04|09:25:00.038324|29|29|29|29|0|0
2026-08-04|09:30:00.053125|23|23|23|23|0|0
2026-08-04|09:31:00.028431|21|21|21|21|0|0
2026-08-04|09:35:00.046445|21|21|21|21|0|0
2026-08-04|09:40:00.059805|21|21|21|21|0|0
2026-08-04|09:45:00.045150|23|23|23|23|0|0
2026-08-04|09:50:00.056009|29|29|29|29|0|0
2026-08-04|09:55:00.048389|31|31|31|31|0|0
2026-08-05|07:00:00.125835|9|9|9|9|0|0
2026-08-05|07:05:00.027880|10|10|10|10|0|0
2026-08-05|07:10:00.031835|9|9|9|9|0|0
2026-08-05|07:15:00.026458|10|10|10|10|0|0
2026-08-05|07:20:00.028986|16|16|16|16|0|0
2026-08-05|07:25:00.018428|17|17|17|17|0|0
2026-08-05|07:30:00.031270|17|17|17|17|0|0
2026-08-05|07:35:00.018919|19|19|19|19|0|0
2026-08-05|07:40:00.026706|18|18|18|18|0|0
2026-08-05|07:45:00.026372|19|19|19|19|0|0
2026-08-05|07:50:00.025395|20|20|20|20|0|0
2026-08-05|07:55:00.022879|20|20|20|20|0|0
2026-08-05|08:00:00.023802|19|19|19|19|0|0
2026-08-05|08:05:00.022763|20|20|20|20|0|0
2026-08-05|08:10:00.021174|21|21|21|21|0|0
2026-08-05|08:15:00.018931|22|22|22|22|0|0
2026-08-05|08:20:00.021170|22|22|22|22|0|0
2026-08-05|08:25:00.017726|21|21|21|21|0|0
2026-08-05|08:30:00.021750|22|22|22|22|0|0
2026-08-05|08:35:00.022632|22|22|22|22|0|0
2026-08-05|08:40:00.025405|23|23|23|23|0|0
2026-08-05|08:45:00.024372|22|22|22|22|0|0
2026-08-05|08:50:00.021801|23|23|23|23|0|0
2026-08-05|08:55:00.021271|22|22|22|22|0|0
2026-08-05|09:00:00.201264|22|22|22|22|0|0
2026-08-05|09:00:00.201440|21|21|21|21|0|0
2026-08-05|09:05:00.036964|23|23|23|23|0|0
2026-08-05|09:10:00.049023|22|22|22|22|0|0
2026-08-05|09:15:00.055395|21|21|21|21|0|0
2026-08-05|09:20:00.048642|21|21|21|21|0|0
2026-08-05|09:25:00.039368|21|21|21|21|0|0
2026-08-05|09:30:00.057697|21|21|21|21|0|0
2026-08-05|09:31:00.025537|18|18|18|18|0|0
2026-08-05|09:35:00.044894|19|19|19|19|0|0
2026-08-05|09:40:00.052841|18|18|18|18|0|0
2026-08-05|09:45:00.052957|20|20|20|20|0|0
2026-08-05|09:50:00.055624|21|21|21|21|0|0
2026-08-05|09:55:00.052223|25|25|25|25|0|0
2026-08-06|07:00:00.122181|10|10|10|10|0|0
2026-08-06|07:05:00.025437|9|9|9|9|0|0
2026-08-06|07:10:00.024160|9|9|9|9|0|0
2026-08-06|07:15:00.016456|9|9|9|9|0|0
2026-08-06|07:20:00.034426|11|11|11|11|0|0
2026-08-06|07:25:00.024467|12|12|12|12|0|0
2026-08-06|07:30:00.022973|13|13|13|13|0|0
2026-08-06|07:35:00.021157|13|13|13|13|0|0
2026-08-06|07:40:00.035165|12|12|12|12|0|0
2026-08-06|07:45:00.016420|13|13|13|13|0|0
2026-08-06|07:50:00.029123|13|13|13|13|0|0
2026-08-06|07:55:00.022017|14|14|14|14|0|0
2026-08-06|08:00:00.020766|12|12|12|12|0|0
2026-08-06|08:05:00.030840|13|13|13|13|0|0
2026-08-06|08:10:00.020967|14|14|14|14|0|0
2026-08-06|08:15:00.026106|11|11|11|11|0|0
2026-08-06|08:20:00.021396|13|13|13|13|0|0
2026-08-06|08:25:00.020677|14|14|14|14|0|0
2026-08-06|08:30:00.025996|13|13|13|13|0|0
2026-08-06|08:35:00.027877|13|13|13|13|0|0
2026-08-06|08:40:00.027405|14|14|14|14|0|0
2026-08-06|08:45:00.018811|13|13|13|13|0|0
2026-08-06|08:50:00.035051|12|12|12|12|0|0
2026-08-06|08:55:00.023915|13|13|13|13|0|0
2026-08-06|09:00:00.247671|11|11|11|11|0|0
2026-08-06|09:00:00.250514|11|11|11|11|0|0
2026-08-06|09:05:00.051158|14|14|14|14|0|0
2026-08-06|09:10:00.043965|14|14|14|14|0|0
2026-08-06|09:15:00.037807|13|13|13|13|0|0
2026-08-06|09:20:00.045026|13|13|13|13|0|0
2026-08-06|09:25:00.040933|15|15|15|15|0|0
2026-08-06|09:30:00.053846|14|14|14|14|0|0
2026-08-06|09:35:00.244882|12|12|12|12|0|0
2026-08-06|09:40:00.298368|14|14|14|14|0|0
2026-08-06|09:45:00.062163|19|19|19|19|0|0
2026-08-06|09:50:00.050490|37|37|37|37|0|0
2026-08-06|09:55:00.071253|39|39|39|39|0|0
2026-08-07|07:00:00.126664|25|25|25|25|0|0
2026-08-07|07:10:00.028513|24|24|24|24|0|0
2026-08-07|07:15:00.021768|23|23|23|23|0|0
2026-08-07|07:20:00.024716|24|24|24|24|0|0
2026-08-07|07:25:00.049053|23|23|23|23|0|0
2026-08-07|07:30:00.024494|24|24|24|24|0|0
2026-08-07|07:35:00.026790|25|25|25|25|0|0
2026-08-07|07:40:00.023577|25|25|25|25|0|0
2026-08-07|07:45:00.026188|25|25|25|25|0|0
2026-08-07|07:50:00.024606|25|25|25|25|0|0
2026-08-07|07:55:00.027783|24|24|24|24|0|0
2026-08-07|08:00:00.023930|24|24|24|24|0|0
2026-08-07|08:05:00.029813|25|25|25|25|0|0
2026-08-07|08:10:00.024767|25|25|25|25|0|0
2026-08-07|08:15:00.032078|24|24|24|24|0|0
2026-08-07|08:20:00.044738|24|24|24|24|0|0
2026-08-07|08:25:00.019334|24|24|24|24|0|0
2026-08-07|08:30:00.026475|25|25|25|25|0|0
2026-08-07|08:35:00.037250|25|25|25|25|0|0
2026-08-07|08:40:00.029878|24|24|24|24|0|0
2026-08-07|08:45:00.033353|24|24|24|24|0|0
2026-08-07|08:50:00.281727|25|25|25|25|0|0
2026-08-07|08:55:00.069252|27|27|27|27|0|0
2026-08-07|09:00:00.160274|29|29|29|29|0|0
2026-08-07|09:00:00.160932|29|29|29|29|0|0
2026-08-07|09:05:00.051595|29|29|29|29|0|0
2026-08-07|09:10:00.087196|32|32|32|32|0|0
2026-08-07|09:15:00.049618|27|27|27|27|0|0
2026-08-07|09:20:00.158947|25|25|25|25|0|0
2026-08-07|09:25:00.061556|28|28|28|28|0|0
2026-08-07|09:30:00.043444|27|27|27|27|0|0
2026-08-07|09:31:00.032058|25|25|25|25|0|0
2026-08-07|09:35:00.088365|23|23|23|23|0|0
2026-08-07|09:40:00.049363|24|24|24|24|0|0
2026-08-07|09:45:00.063370|28|28|28|28|0|0
2026-08-07|09:50:00.049820|38|38|38|38|0|0
2026-08-07|09:55:00.045280|50|50|50|50|0|0
2026-08-10|07:00:00.107559|3|3|3|3|0|0
2026-08-10|07:05:00.018538|4|4|4|4|0|0
2026-08-10|07:10:00.038672|4|4|4|4|0|0
2026-08-10|07:15:00.020827|3|3|3|3|0|0
2026-08-10|07:20:00.041878|8|8|8|8|0|0
2026-08-10|07:25:00.036743|6|6|6|6|0|0
2026-08-10|07:30:00.036110|7|7|7|7|0|0
2026-08-10|07:35:00.021021|8|8|8|8|0|0
2026-08-10|07:40:00.031843|7|7|7|7|0|0
2026-08-10|07:45:00.034554|5|5|5|5|0|0
2026-08-10|07:50:00.023728|7|7|7|7|0|0
2026-08-10|07:55:00.035736|7|7|7|7|0|0
2026-08-10|08:00:00.028641|7|7|7|7|0|0
2026-08-10|08:05:00.036232|7|7|7|7|0|0
2026-08-10|08:10:00.033642|8|8|8|8|0|0
2026-08-10|08:15:00.041076|7|7|7|7|0|0
2026-08-10|08:20:00.021038|9|9|9|9|0|0
2026-08-10|08:25:00.026936|9|9|9|9|0|0
2026-08-10|08:30:00.018965|9|9|9|9|0|0
2026-08-10|08:35:00.021782|9|9|9|9|0|0
2026-08-10|08:40:00.022497|9|9|9|9|0|0
2026-08-10|08:45:00.021892|9|9|9|9|0|0
2026-08-10|08:50:00.022237|9|9|9|9|0|0
2026-08-10|08:55:00.032976|8|8|8|8|0|0
2026-08-10|09:00:00.218904|9|9|9|9|0|0
2026-08-10|09:00:00.223598|9|9|9|9|0|0
2026-08-10|09:05:00.035782|9|9|9|9|0|0
2026-08-10|09:10:00.054051|9|9|9|9|0|0
2026-08-10|09:15:00.041457|9|9|9|9|0|0
2026-08-10|09:20:00.039852|9|9|9|9|0|0
2026-08-10|09:25:00.036775|9|9|9|9|0|0
2026-08-10|09:30:00.062429|7|7|7|7|0|0
2026-08-10|09:31:00.024161|7|7|7|7|0|0
2026-08-10|09:35:00.086816|7|7|7|7|0|0
2026-08-10|09:40:00.069911|7|7|7|7|0|0
2026-08-10|09:45:00.056891|8|8|8|8|0|0
2026-08-10|09:50:00.054666|10|10|10|10|0|0
2026-08-10|09:55:00.055457|11|11|11|11|0|0
2026-08-11|07:00:00.124398|10|10|10|10|0|0
2026-08-11|07:05:00.028573|11|11|11|11|0|0
2026-08-11|07:10:00.023627|10|10|10|10|0|0
2026-08-11|07:15:00.024891|10|10|10|10|0|0
2026-08-11|07:20:00.024486|9|9|9|9|0|0
2026-08-11|07:25:00.024770|10|10|10|10|0|0
2026-08-11|07:30:00.022672|10|10|10|10|0|0
2026-08-11|07:35:00.032728|10|10|10|10|0|0
2026-08-11|07:40:00.026215|10|10|10|10|0|0
2026-08-11|07:45:00.023541|10|10|10|10|0|0
2026-08-11|07:50:00.030064|10|10|10|10|0|0
2026-08-11|07:55:00.026548|10|10|10|10|0|0
2026-08-11|08:00:00.036065|10|10|10|10|0|0
2026-08-11|08:05:00.022846|9|9|9|9|0|0
2026-08-11|08:10:00.104921|9|9|9|9|0|0
2026-08-11|08:15:00.032955|9|9|9|9|0|0
2026-08-11|08:20:00.024387|9|9|9|9|0|0
2026-08-11|08:25:00.022202|9|9|9|9|0|0
2026-08-11|08:30:00.024591|9|9|9|9|0|0
2026-08-11|08:35:00.022401|9|9|9|9|0|0
2026-08-11|08:40:00.023321|9|9|9|9|0|0
2026-08-11|08:45:00.022956|9|9|9|9|0|0
2026-08-11|08:50:00.026126|9|9|9|9|0|0
2026-08-11|08:55:00.028546|11|11|11|11|0|0
2026-08-11|09:00:00.170525|11|11|11|11|0|0
2026-08-11|09:00:00.171658|11|11|11|11|0|0
2026-08-11|09:05:00.049114|11|11|11|11|0|0
2026-08-11|09:10:00.043584|10|10|10|10|0|0
2026-08-11|09:15:00.039248|10|10|10|10|0|0
2026-08-11|09:20:00.046983|10|10|10|10|0|0
2026-08-11|09:25:00.047416|10|10|10|10|0|0
2026-08-11|09:30:00.066424|9|9|9|9|0|0
2026-08-11|09:31:00.020599|9|9|9|9|0|0
2026-08-11|09:35:00.062394|9|9|9|9|0|0
2026-08-11|09:40:00.054035|9|9|9|9|0|0
2026-08-11|09:45:00.046758|10|10|10|10|0|0
2026-08-11|09:50:00.077066|13|13|13|13|0|0
2026-08-11|09:55:00.047749|14|14|14|14|0|0
2026-08-12|07:00:00.106585|6|6|6|6|0|0
2026-08-12|07:05:00.027783|8|8|8|8|0|0
2026-08-12|07:10:00.023078|7|7|7|7|0|0
2026-08-12|07:15:00.035625|7|7|7|7|0|0
2026-08-12|07:20:00.026053|10|10|10|10|0|0
2026-08-12|07:25:00.016138|8|8|8|8|0|0
2026-08-12|07:30:00.022666|8|8|8|8|0|0
2026-08-12|07:35:00.026405|8|8|8|8|0|0
2026-08-12|07:40:00.022864|8|8|8|8|0|0
2026-08-12|07:45:00.023674|8|8|8|8|0|0
2026-08-12|07:50:00.017642|7|7|7|7|0|0
2026-08-12|07:55:00.018463|9|9|9|9|0|0
2026-08-12|08:00:00.024043|12|12|12|12|0|0
2026-08-12|08:05:00.024826|11|11|11|11|0|0
2026-08-12|08:10:00.039551|12|12|12|12|0|0
2026-08-12|08:15:00.022954|12|12|12|12|0|0
2026-08-12|08:20:00.036783|12|12|12|12|0|0
2026-08-12|08:25:00.110266|10|10|10|10|0|0
2026-08-12|08:30:00.022234|10|10|10|10|0|0
2026-08-12|08:35:00.022439|10|10|10|10|0|0
2026-08-12|08:40:00.028502|10|10|10|10|0|0
2026-08-12|08:45:00.019633|11|11|11|11|0|0
2026-08-12|08:50:00.029233|11|11|11|11|0|0
2026-08-12|08:55:00.033175|11|11|11|11|0|0
2026-08-12|09:00:00.166595|13|13|13|13|0|0
2026-08-12|09:00:00.168655|13|13|13|13|0|0
2026-08-12|09:05:00.032104|14|14|14|14|0|0
2026-08-12|09:10:00.060461|15|15|15|15|0|0
2026-08-12|09:15:00.037039|14|14|14|14|0|0
2026-08-12|09:20:00.043048|15|15|15|15|0|0
2026-08-12|09:25:00.046820|13|13|13|13|0|0
2026-08-12|09:30:00.049451|14|14|14|14|0|0
2026-08-12|09:31:00.028806|14|14|14|14|0|0
2026-08-12|09:35:00.053257|13|13|13|13|0|0
2026-08-12|09:40:00.059147|12|12|12|12|0|0
2026-08-12|09:45:00.051658|14|14|14|14|0|0
2026-08-12|09:50:00.050626|17|17|17|17|0|0
2026-08-12|09:55:00.046138|19|19|19|19|0|0
2026-08-13|07:00:00.204033|4|4|4|4|0|0
2026-08-13|07:05:00.031095|5|5|5|5|0|0
2026-08-13|07:10:00.022911|6|6|6|6|0|0
2026-08-13|07:15:00.022479|6|6|6|6|0|0
2026-08-13|07:20:00.022432|7|7|7|7|0|0
2026-08-13|07:25:00.021595|9|9|9|9|0|0
2026-08-13|07:30:00.021246|9|9|9|9|0|0
2026-08-13|07:35:00.017174|10|10|10|10|0|0
2026-08-13|07:40:00.028094|10|10|10|10|0|0
2026-08-13|07:45:00.036485|11|11|11|11|0|0
2026-08-13|07:50:00.023652|10|10|10|10|0|0
2026-08-13|07:55:00.018662|11|11|11|11|0|0
2026-08-13|08:00:00.023872|11|11|11|11|0|0
2026-08-13|08:05:00.021976|10|10|10|10|0|0
2026-08-13|08:10:00.022873|11|11|11|11|0|0
2026-08-13|08:15:00.041881|13|13|13|13|0|0
2026-08-13|08:20:00.018381|11|11|11|11|0|0
2026-08-13|08:25:00.024151|12|12|12|12|0|0
2026-08-13|08:30:00.023714|14|14|14|14|0|0
2026-08-13|08:35:00.018862|14|14|14|14|0|0
2026-08-13|08:40:00.023124|14|14|14|14|0|0
2026-08-13|08:45:00.033464|15|15|15|15|0|0
2026-08-13|08:50:00.021013|14|14|14|14|0|0
2026-08-13|08:55:00.036041|14|14|14|14|0|0
2026-08-13|09:00:00.176538|13|13|13|13|0|0
2026-08-13|09:00:00.176889|13|13|13|13|0|0
2026-08-13|09:05:00.156962|13|13|13|13|0|0
2026-08-13|09:10:00.042113|12|12|12|12|0|0
2026-08-13|09:15:00.036796|11|11|11|11|0|0
2026-08-13|09:20:00.043017|11|11|11|11|0|0
2026-08-13|09:25:00.034427|11|11|11|11|0|0
2026-08-13|09:30:00.056721|12|12|12|12|0|0
2026-08-13|09:31:00.022007|11|11|11|11|0|0
2026-08-13|09:35:00.055685|12|12|12|12|0|0
2026-08-13|09:40:00.053580|10|10|10|10|0|0
2026-08-13|09:45:00.073100|11|11|11|11|0|0
2026-08-13|09:50:00.059164|14|14|14|14|0|0
2026-08-13|09:55:00.051234|18|18|18|18|0|0
2026-08-14|07:00:00.110845|12|12|12|12|0|0
2026-08-14|07:05:00.022518|12|12|12|12|0|0
2026-08-14|07:10:00.026009|11|11|11|11|0|0
2026-08-14|07:15:00.016925|11|11|11|11|0|0
2026-08-14|07:20:00.017993|10|10|10|10|0|0
2026-08-14|07:25:00.040638|11|11|11|11|0|0
2026-08-14|07:30:00.018788|12|12|12|12|0|0
2026-08-14|07:35:00.029279|11|11|11|11|0|0
2026-08-14|07:40:00.023471|11|11|11|11|0|0
2026-08-14|07:45:00.019693|12|12|12|12|0|0
2026-08-14|07:50:00.040574|12|12|12|12|0|0
2026-08-14|07:55:00.020328|13|13|13|13|0|0
2026-08-14|08:00:00.022991|13|13|13|13|0|0
2026-08-14|08:05:00.032204|14|14|14|14|0|0
2026-08-14|08:10:00.020602|13|13|13|13|0|0
2026-08-14|08:15:00.016636|13|13|13|13|0|0
2026-08-14|08:20:00.023745|13|13|13|13|0|0
2026-08-14|08:25:00.020747|13|13|13|13|0|0
2026-08-14|08:30:00.024766|14|14|14|14|0|0
2026-08-14|08:35:00.034516|13|13|13|13|0|0
2026-08-14|08:40:00.022760|15|15|15|15|0|0
2026-08-14|08:45:00.026284|15|15|15|15|0|0
2026-08-14|08:50:00.027572|15|15|15|15|0|0
2026-08-14|08:55:00.024779|15|15|15|15|0|0
2026-08-14|09:00:00.159506|15|15|15|15|0|0
2026-08-14|09:00:00.159864|15|15|15|15|0|0
2026-08-14|09:05:00.035912|15|15|15|15|0|0
2026-08-14|09:10:00.038791|16|16|16|16|0|0
2026-08-14|09:15:00.034909|16|16|16|16|0|0
2026-08-14|09:20:00.057090|16|16|16|16|0|0
2026-08-14|09:25:00.042924|15|15|15|15|0|0
2026-08-14|09:30:00.044907|12|12|12|12|0|0
2026-08-14|09:31:00.020907|13|13|13|13|0|0
2026-08-14|09:35:00.057440|11|11|11|11|0|0
2026-08-14|09:40:00.058170|10|10|10|10|0|0
2026-08-14|09:45:00.066222|11|11|11|11|0|0
2026-08-14|09:50:00.044338|15|15|15|15|0|0
2026-08-14|09:55:00.059502|14|14|14|14|0|0
2026-08-17|07:00:00.125950|5|5|5|5|0|0
2026-08-17|07:05:00.017228|4|4|4|4|0|0
2026-08-17|07:10:00.020592|3|3|3|3|0|0
2026-08-17|07:15:00.020027|4|4|4|4|0|0
2026-08-17|07:20:00.050604|4|4|4|4|0|0
2026-08-17|07:25:00.019531|6|6|6|6|0|0
2026-08-17|07:30:00.128217|7|7|7|7|0|0
2026-08-17|07:35:00.025289|8|8|8|8|0|0
2026-08-17|07:40:00.134911|8|8|8|8|0|0
2026-08-17|07:45:00.022398|8|8|8|8|0|0
2026-08-17|07:50:00.025989|8|8|8|8|0|0
2026-08-17|07:55:00.021374|8|8|8|8|0|0
2026-08-17|08:00:00.023329|8|8|8|8|0|0
2026-08-17|08:05:00.021576|7|7|7|7|0|0
2026-08-17|08:10:00.024390|7|7|7|7|0|0
2026-08-17|08:15:00.019288|7|7|7|7|0|0
2026-08-17|08:20:00.119633|7|7|7|7|0|0
2026-08-17|08:25:00.022925|7|7|7|7|0|0
2026-08-17|08:30:00.026142|7|7|7|7|0|0
2026-08-17|08:35:00.019720|7|7|7|7|0|0
2026-08-17|08:40:00.019614|7|7|7|7|0|0
2026-08-17|08:45:00.024990|7|7|7|7|0|0
2026-08-17|08:50:00.037629|7|7|7|7|0|0
2026-08-17|08:55:00.019646|8|8|8|8|0|0
2026-08-17|09:00:00.181705|8|8|8|8|0|0
2026-08-17|09:00:00.181904|8|8|8|8|0|0
2026-08-17|09:05:00.037803|8|8|8|8|0|0
2026-08-17|09:10:00.139986|5|5|5|5|0|0
2026-08-17|09:15:00.041527|6|6|6|6|0|0
2026-08-17|09:20:00.045184|7|7|7|7|0|0
2026-08-17|09:25:00.035436|6|6|6|6|0|0
2026-08-17|09:30:00.049998|5|5|5|5|0|0
2026-08-17|09:31:00.030027|3|3|3|3|0|0
2026-08-17|09:35:00.058459|6|6|6|6|0|0
2026-08-17|09:40:00.062920|6|6|6|6|0|0
2026-08-17|09:45:00.046314|6|6|6|6|0|0
2026-08-17|09:50:00.052053|5|5|5|5|0|0
2026-08-17|09:55:00.058707|9|9|9|9|0|0
2026-08-18|07:00:00.149882|2|2|2|2|0|0
2026-08-18|07:05:00.035942|2|2|2|2|0|0
2026-08-18|07:10:00.021744|2|2|2|2|0|0
2026-08-18|07:15:00.019402|2|2|2|2|0|0
2026-08-18|07:20:00.026965|2|2|2|2|0|0
2026-08-18|07:25:00.020141|2|2|2|2|0|0
2026-08-18|07:30:00.020715|2|2|2|2|0|0
2026-08-18|07:35:00.019028|2|2|2|2|0|0
2026-08-18|07:40:00.020258|2|2|2|2|0|0
2026-08-18|07:45:00.020524|2|2|2|2|0|0
2026-08-18|07:50:00.037832|2|2|2|2|0|0
2026-08-18|07:55:00.035735|2|2|2|2|0|0
2026-08-18|08:00:00.020799|2|2|2|2|0|0
2026-08-18|08:05:00.123742|2|2|2|2|0|0
2026-08-18|08:10:00.032260|2|2|2|2|0|0
2026-08-18|08:15:00.018830|2|2|2|2|0|0
2026-08-18|08:20:00.024698|2|2|2|2|0|0
2026-08-18|08:25:00.022744|2|2|2|2|0|0
2026-08-18|08:30:00.026176|2|2|2|2|0|0
2026-08-18|08:35:00.023669|2|2|2|2|0|0
2026-08-18|08:40:00.022774|2|2|2|2|0|0
2026-08-18|08:45:00.022817|2|2|2|2|0|0
2026-08-18|08:50:00.026757|2|2|2|2|0|0
2026-08-18|08:55:00.021772|2|2|2|2|0|0
2026-08-18|09:00:00.178139|4|4|4|4|0|0
2026-08-18|09:00:00.180208|4|4|4|4|0|0
2026-08-18|09:05:00.053927|5|5|5|5|0|0
2026-08-18|09:10:00.038773|5|5|5|5|0|0
2026-08-18|09:15:00.046014|5|5|5|5|0|0
2026-08-18|09:20:00.045318|5|5|5|5|0|0
2026-08-18|09:25:00.042637|6|6|6|6|0|0
2026-08-18|09:30:00.054256|7|7|7|7|0|0
2026-08-18|09:31:00.024019|6|6|6|6|0|0
2026-08-18|09:35:00.052383|6|6|6|6|0|0
2026-08-18|09:40:00.057766|7|7|7|7|0|0
2026-08-18|09:45:00.045778|6|6|6|6|0|0
2026-08-18|09:50:00.052343|6|6|6|6|0|0
2026-08-18|09:55:00.051108|8|8|8|8|0|0
2026-08-19|07:00:00.114256|2|2|2|2|0|0
2026-08-19|07:05:00.025866|3|3|3|3|0|0
2026-08-19|07:10:00.022050|3|3|3|3|0|0
2026-08-19|07:15:00.017929|3|3|3|3|0|0
2026-08-19|07:20:00.026032|4|4|4|4|0|0
2026-08-19|07:25:00.031288|5|5|5|5|0|0
2026-08-19|07:30:00.030991|4|4|4|4|0|0
2026-08-19|07:35:00.020262|4|4|4|4|0|0
2026-08-19|07:40:00.019746|4|4|4|4|0|0
2026-08-19|07:45:00.022427|6|6|6|6|0|0
2026-08-19|07:50:00.052621|5|5|5|5|0|0
2026-08-19|07:55:00.026151|5|5|5|5|0|0
2026-08-19|08:00:00.026569|5|5|5|5|0|0
2026-08-19|08:05:00.032280|5|5|5|5|0|0
2026-08-19|08:10:00.021388|6|6|6|6|0|0
2026-08-19|08:15:00.026454|7|7|7|7|0|0
2026-08-19|08:20:00.025886|6|6|6|6|0|0
2026-08-19|08:25:00.020999|7|7|7|7|0|0
2026-08-19|08:30:00.027366|7|7|7|7|0|0
2026-08-19|08:35:00.026017|8|8|8|8|0|0
2026-08-19|08:40:00.023700|8|8|8|8|0|0
2026-08-19|08:45:00.021479|8|8|8|8|0|0
2026-08-19|08:50:00.023471|9|9|9|9|0|0
2026-08-19|08:55:00.019745|9|9|9|9|0|0
2026-08-19|09:00:00.165662|10|10|10|10|0|0
2026-08-19|09:00:00.166037|11|11|11|11|0|0
2026-08-19|09:05:00.035116|10|10|10|10|0|0
2026-08-19|09:10:00.039602|11|11|11|11|0|0
2026-08-19|09:15:00.041053|11|11|11|11|0|0
2026-08-19|09:20:00.050665|11|11|11|11|0|0
2026-08-19|09:25:00.039043|11|11|11|11|0|0
2026-08-19|09:30:00.046512|11|11|11|11|0|0
2026-08-19|09:31:00.021398|12|12|12|12|0|0
2026-08-19|09:35:00.061428|10|10|10|10|0|0
2026-08-19|09:40:00.047691|10|10|10|10|0|0
2026-08-19|09:45:00.054358|12|12|12|12|0|0
2026-08-19|09:50:00.057171|12|12|12|12|0|0
2026-08-19|09:55:00.055908|13|13|13|13|0|0
2026-08-20|07:00:00.188687|8|8|8|8|0|0
2026-08-20|07:05:00.018018|8|8|8|8|0|0
2026-08-20|07:10:00.047449|8|8|8|8|0|0
2026-08-20|07:15:00.021965|7|7|7|7|0|0
2026-08-20|07:20:00.026380|8|8|8|8|0|0
2026-08-20|07:25:00.025180|7|7|7|7|0|0
2026-08-20|07:30:00.025546|8|8|8|8|0|0
2026-08-20|07:35:00.025795|7|7|7|7|0|0
2026-08-20|07:40:00.022457|6|6|6|6|0|0
2026-08-20|07:45:00.033827|8|8|8|8|0|0
2026-08-20|07:50:00.024398|8|8|8|8|0|0
2026-08-20|07:55:00.023076|8|8|8|8|0|0
2026-08-20|08:00:00.021812|7|7|7|7|0|0
2026-08-20|08:05:00.018507|6|6|6|6|0|0
2026-08-20|08:10:00.022981|5|5|5|5|0|0
2026-08-20|08:15:00.020263|6|6|6|6|0|0
2026-08-20|08:20:00.026613|5|5|5|5|0|0
2026-08-20|08:25:00.024668|6|6|6|6|0|0
2026-08-20|08:30:00.027500|4|4|4|4|0|0
2026-08-20|08:35:00.020171|4|4|4|4|0|0
2026-08-20|08:40:00.042094|4|4|4|4|0|0
2026-08-20|08:45:00.026988|5|5|5|5|0|0
2026-08-20|08:50:00.022609|5|5|5|5|0|0
2026-08-20|08:55:00.023219|4|4|4|4|0|0
2026-08-20|09:00:00.179502|7|7|7|7|0|0
2026-08-20|09:00:00.179693|7|7|7|7|0|0
2026-08-20|09:05:00.041553|6|6|6|6|0|0
2026-08-20|09:10:00.046150|7|7|7|7|0|0
2026-08-20|09:15:00.044830|7|7|7|7|0|0
2026-08-20|09:20:00.068244|7|7|7|7|0|0
2026-08-20|09:25:00.041244|7|7|7|7|0|0
2026-08-20|09:30:00.062222|3|3|3|3|0|0
2026-08-20|09:31:00.035711|3|3|3|3|0|0
2026-08-20|09:35:00.055707|3|3|3|3|0|0
2026-08-20|09:40:00.055693|3|3|3|3|0|0
2026-08-20|09:45:00.059559|3|3|3|3|0|0
2026-08-20|09:50:00.059554|3|3|3|3|0|0
2026-08-20|09:55:00.052513|6|6|6|6|0|0
2026-08-21|07:00:00.105017|6|6|6|6|0|0
2026-08-21|07:05:00.021423|6|6|6|6|0|0
2026-08-21|07:10:00.030994|6|6|6|6|0|0
2026-08-21|07:15:00.024818|4|4|4|4|0|0
2026-08-21|07:20:00.024700|2|2|2|2|0|0
2026-08-21|07:25:00.019934|5|5|5|5|0|0
2026-08-21|07:30:00.025476|3|3|3|3|0|0
2026-08-21|07:35:00.021862|2|2|2|2|0|0
2026-08-21|07:40:00.021075|2|2|2|2|0|0
2026-08-21|07:45:00.047655|1|1|1|1|0|0
2026-08-21|07:50:00.023922|1|1|1|1|0|0
2026-08-21|07:55:00.021584|1|1|1|1|0|0
2026-08-21|08:00:00.025366|1|1|1|1|0|0
2026-08-21|08:05:00.023124|1|1|1|1|0|0
2026-08-21|08:10:00.014543|2|2|2|2|0|0
2026-08-21|08:15:00.024533|3|3|3|3|0|0
2026-08-21|08:20:00.022634|3|3|3|3|0|0
2026-08-21|08:25:00.019659|2|2|2|2|0|0
2026-08-21|08:30:00.022466|2|2|2|2|0|0
2026-08-21|08:35:00.025820|2|2|2|2|0|0
2026-08-21|08:40:00.020893|3|3|3|3|0|0
2026-08-21|08:45:00.046860|3|3|3|3|0|0
2026-08-21|08:50:00.028278|4|4|4|4|0|0
2026-08-21|08:55:00.020399|4|4|4|4|0|0
2026-08-21|09:00:00.175659|4|4|4|4|0|0
2026-08-21|09:00:00.177655|4|4|4|4|0|0
2026-08-21|09:05:00.035460|4|4|4|4|0|0
2026-08-21|09:10:00.057718|4|4|4|4|0|0
2026-08-21|09:15:00.067602|4|4|4|4|0|0
2026-08-21|09:20:00.074777|4|4|4|4|0|0
2026-08-21|09:25:00.039920|5|5|5|5|0|0
2026-08-21|09:30:00.059959|2|2|2|2|0|0
2026-08-21|09:31:00.018173|2|2|2|2|0|0
2026-08-21|09:35:00.206991|1|1|1|1|0|0
2026-08-21|09:40:00.059993|1|1|1|1|0|0
2026-08-21|09:45:00.068882|2|2|2|2|0|0
2026-08-21|09:50:00.065858|3|3|3|3|0|0
2026-08-21|09:55:00.061647|11|11|11|11|0|0
2026-08-24|07:00:00.106847|57|3|3|57|0|54
2026-08-24|07:05:00.027658|58|3|3|58|0|55
2026-08-24|07:10:00.024761|61|4|4|61|0|57
2026-08-24|07:15:00.020602|62|3|3|62|0|59
2026-08-24|07:20:00.021275|57|4|4|57|0|53
2026-08-24|07:25:00.023042|55|5|5|55|0|50
2026-08-24|07:30:00.039475|55|4|4|55|0|51
2026-08-24|07:35:00.032736|53|4|4|53|0|49
2026-08-24|07:40:00.123047|53|4|4|53|0|49
2026-08-24|07:45:00.022675|55|4|4|55|0|51
2026-08-24|07:50:00.021621|58|5|5|58|0|53
2026-08-24|07:55:00.023419|52|4|4|52|0|48
2026-08-24|08:00:00.019954|57|5|5|57|0|52
2026-08-24|08:05:00.027447|55|4|4|55|0|51
2026-08-24|08:10:00.024705|57|4|4|57|0|53
2026-08-24|08:15:00.019043|56|4|4|56|0|52
2026-08-24|08:20:00.032969|56|4|4|56|0|52
2026-08-24|08:25:00.018514|56|4|4|56|0|52
2026-08-24|08:30:00.034716|56|4|4|56|0|52
2026-08-24|08:35:00.025773|57|4|4|57|0|53
2026-08-24|08:40:00.024828|59|4|4|59|0|55
2026-08-24|08:45:00.024463|58|4|4|58|0|54
2026-08-24|08:50:00.020434|61|4|4|61|0|57
2026-08-24|08:55:00.020687|57|4|4|57|0|53
2026-08-24|09:00:00.088191|62|4|4|62|0|58
2026-08-24|09:00:00.089559|61|4|4|61|0|57
2026-08-24|09:05:00.044387|63|4|4|63|0|59
2026-08-24|09:10:00.050086|62|5|5|62|0|57
2026-08-24|09:15:00.065684|65|5|5|65|0|60
2026-08-24|09:20:00.055551|66|5|5|66|0|61
2026-08-24|09:25:00.043167|68|5|5|68|0|63
2026-08-24|09:30:00.058620|66|5|5|66|0|61
2026-08-24|09:31:00.026922|62|4|4|62|0|58
2026-08-24|09:35:00.087859|70|4|4|70|0|66
2026-08-24|09:40:00.063109|73|3|3|73|0|70
2026-08-24|09:45:00.061999|81|4|4|81|0|77
2026-08-24|09:50:00.062143|67|4|4|67|0|63
2026-08-24|09:55:00.077765|82|2|2|82|0|80
2026-08-25|07:00:00.107883|56|5|5|56|0|51
2026-08-25|07:05:00.024150|53|5|5|53|0|48
2026-08-25|07:10:00.025728|50|4|4|50|0|46
2026-08-25|07:15:00.022281|47|4|4|47|0|43
2026-08-25|07:20:00.019990|55|6|6|55|0|49
2026-08-25|07:25:00.035591|61|7|7|61|0|54
2026-08-25|07:30:00.025003|61|7|7|61|0|54
2026-08-25|07:35:00.031439|60|7|7|60|0|53
2026-08-25|07:40:00.025270|58|6|6|58|0|52
2026-08-25|07:45:00.016431|60|5|5|60|0|55
2026-08-25|07:50:00.035638|61|6|6|61|0|55
2026-08-25|07:55:00.026628|57|6|6|57|0|51
2026-08-25|08:00:00.020390|59|6|6|59|0|53
2026-08-25|08:05:00.035027|57|6|6|57|0|51
2026-08-25|08:10:00.020773|63|6|6|63|0|57
2026-08-25|08:15:00.025092|60|5|5|60|0|55
2026-08-25|08:20:00.041533|67|8|8|67|0|59
2026-08-25|08:25:00.030892|67|7|7|67|0|60
2026-08-25|08:30:00.021735|64|7|7|64|0|57
2026-08-25|08:35:00.035261|64|8|8|64|0|56
2026-08-25|08:40:00.028794|61|8|8|61|0|53
2026-08-25|08:45:00.021464|62|7|7|62|0|55
2026-08-25|08:50:00.029120|69|8|8|69|0|61
2026-08-25|08:55:00.024732|71|9|9|71|0|62
2026-08-25|09:00:00.110691|68|8|8|68|0|60
2026-08-25|09:00:00.113405|69|8|8|69|0|61
2026-08-25|09:05:00.081772|66|7|7|66|0|59
2026-08-25|09:10:00.076330|66|7|7|66|0|59
2026-08-25|09:15:00.044715|65|7|7|65|0|58
2026-08-25|09:20:00.081474|63|6|6|63|0|57
2026-08-25|09:25:00.042959|67|7|7|67|0|60
2026-08-25|09:30:00.047118|69|6|6|69|0|63
2026-08-25|09:31:00.021114|68|5|5|68|0|63
2026-08-25|09:35:00.103678|71|5|5|71|0|66
2026-08-25|09:40:00.053668|72|7|7|72|0|65
2026-08-25|09:45:00.066899|74|6|6|74|0|68
2026-08-25|09:50:00.062874|71|6|6|71|0|65
2026-08-25|09:55:00.084060|81|8|8|81|0|73
2026-08-26|07:00:00.117487|55|4|4|55|0|51
2026-08-26|07:05:00.041969|54|5|5|54|0|49
2026-08-26|07:10:00.024164|57|6|6|57|0|51
2026-08-26|07:15:00.024177|61|6|6|61|0|55
2026-08-26|07:20:00.024473|56|4|4|56|0|52
2026-08-26|07:25:00.017980|57|5|5|57|0|52
2026-08-26|07:30:00.033648|54|4|4|54|0|50
2026-08-26|07:35:00.020050|63|4|4|63|0|59
2026-08-26|07:40:00.023048|61|5|5|61|0|56
2026-08-26|07:45:00.026003|60|5|5|60|0|55
2026-08-26|07:50:00.022544|65|5|5|65|0|60
2026-08-26|07:55:00.023824|65|4|4|65|0|61
2026-08-26|08:00:00.030830|68|6|6|68|0|62
2026-08-26|08:05:00.025066|66|6|6|66|0|60
2026-08-26|08:10:00.022100|67|6|6|67|0|61
2026-08-26|08:15:00.023144|68|6|6|68|0|62
2026-08-26|08:20:00.040026|76|7|7|76|0|69
2026-08-26|08:25:00.021752|71|7|7|71|0|64
2026-08-26|08:30:00.025127|71|6|6|71|0|65
2026-08-26|08:35:00.019834|69|7|7|69|0|62
2026-08-26|08:40:00.026089|70|7|7|70|0|63
2026-08-26|08:45:00.027824|66|7|7|66|0|59
2026-08-26|08:50:00.023813|72|7|7|72|0|65
2026-08-26|08:55:00.024195|72|7|7|72|0|65
2026-08-26|09:00:00.091865|75|7|7|75|0|68
2026-08-26|09:00:00.093840|75|7|7|75|0|68
2026-08-26|09:05:00.046801|74|7|7|74|0|67
2026-08-26|09:10:00.038805|68|7|7|68|0|61
2026-08-26|09:15:00.050473|73|7|7|73|0|66
2026-08-26|09:20:00.053789|75|6|6|75|0|69
2026-08-26|09:25:00.034077|77|6|6|77|0|71
2026-08-26|09:30:00.060417|80|6|6|80|0|74
2026-08-26|09:31:00.026337|80|8|8|80|0|72
2026-08-26|09:35:00.076325|76|7|7|76|0|69
2026-08-26|09:40:00.067839|74|5|5|74|0|69
2026-08-26|09:45:00.066020|81|6|6|81|0|75
2026-08-26|09:50:00.093153|73|6|6|73|0|67
2026-08-26|09:55:00.058316|71|7|7|71|0|64
2026-08-27|07:00:00.111825|57|8|8|57|0|49
2026-08-27|07:05:00.021708|58|10|10|58|0|48
2026-08-27|07:10:00.029709|59|10|10|59|0|49
2026-08-27|07:15:00.019936|55|8|8|55|0|47
2026-08-27|07:20:00.026420|49|6|6|49|0|43
2026-08-27|07:25:00.018186|55|7|7|55|0|48
2026-08-27|07:30:00.026482|58|7|7|58|0|51
2026-08-27|07:35:00.027737|58|6|6|58|0|52
2026-08-27|07:40:00.037504|53|6|6|53|0|47
2026-08-27|07:45:00.027096|52|6|6|52|0|46
2026-08-27|07:50:00.025932|53|6|6|53|0|47
2026-08-27|07:55:00.028157|59|7|7|59|0|52
2026-08-27|08:00:00.023858|58|6|6|58|0|52
2026-08-27|08:05:00.029533|63|4|4|63|0|59
2026-08-27|08:10:00.023168|62|5|5|62|0|57
2026-08-27|08:15:00.027595|66|6|6|66|0|60
2026-08-27|08:20:00.023736|70|7|7|70|0|63
2026-08-27|08:25:00.027036|66|5|5|66|0|61
2026-08-27|08:30:00.040907|66|7|7|66|0|59
2026-08-27|08:35:00.025732|66|7|7|66|0|59
2026-08-27|08:40:00.022379|71|6|6|71|0|65
2026-08-27|08:45:00.035624|70|6|6|70|0|64
2026-08-27|08:50:00.023572|78|8|8|78|0|70
2026-08-27|08:55:00.028931|76|9|9|76|0|67
2026-08-27|09:00:00.100772|77|8|8|77|0|69
2026-08-27|09:00:00.101703|77|8|8|77|0|69
2026-08-27|09:05:00.037536|75|8|8|75|0|67
2026-08-27|09:10:00.066839|74|8|8|74|0|66
2026-08-27|09:15:00.048813|71|8|8|71|0|63
2026-08-27|09:20:00.040114|74|8|8|74|0|66
2026-08-27|09:25:00.036017|77|8|8|77|0|69
2026-08-27|09:30:00.069749|69|6|6|69|0|63
2026-08-27|09:31:00.019977|72|6|6|72|0|66
2026-08-27|09:35:00.048641|73|7|7|73|0|66
2026-08-27|09:40:00.070124|73|8|8|73|0|65
2026-08-27|09:45:00.052216|71|8|8|71|0|63
2026-08-27|09:50:00.054880|82|7|7|82|0|75
2026-08-27|09:55:00.065793|105|13|13|105|0|92
2026-08-28|07:00:00.128919|48|6|6|48|0|42
2026-08-28|07:05:00.019132|48|6|6|48|0|42
2026-08-28|07:10:00.031144|49|6|6|49|0|43
2026-08-28|07:15:00.022426|49|6|6|49|0|43
2026-08-28|07:20:00.026269|49|5|5|49|0|44
2026-08-28|07:25:00.028792|49|6|6|49|0|43
2026-08-28|07:30:00.029042|53|6|6|53|0|47
2026-08-28|07:35:00.021054|54|7|7|54|0|47
2026-08-28|07:40:00.031077|54|8|8|54|0|46
2026-08-28|07:45:00.026781|53|7|7|53|0|46
2026-08-28|07:50:00.021481|52|6|6|52|0|46
2026-08-28|07:55:00.035735|58|6|6|58|0|52
2026-08-28|08:00:00.025973|57|6|6|57|0|51
2026-08-28|08:05:00.040606|57|6|6|57|0|51
2026-08-28|08:10:00.029272|60|7|7|60|0|53
2026-08-28|08:15:00.032890|60|7|7|60|0|53
2026-08-28|08:20:00.022909|58|7|7|58|0|51
2026-08-28|08:25:00.027615|61|7|7|61|0|54
2026-08-28|08:30:00.021434|61|7|7|61|0|54
2026-08-28|08:35:00.024624|57|6|6|57|0|51
2026-08-28|08:40:00.026149|53|6|6|53|0|47
2026-08-28|08:45:00.028741|51|5|5|51|0|46
2026-08-28|08:50:00.023135|54|6|6|54|0|48
2026-08-28|08:55:00.043339|53|6|6|53|0|47
2026-08-28|09:00:00.080223|56|6|6|56|0|50
2026-08-28|09:00:00.082574|56|6|6|56|0|50
2026-08-28|09:05:00.045663|50|5|5|50|0|45
2026-08-28|09:10:00.048171|56|6|6|56|0|50
2026-08-28|09:15:00.052352|55|6|6|55|0|49
2026-08-28|09:20:00.044630|55|6|6|55|0|49
2026-08-28|09:25:00.044752|58|7|7|58|0|51
2026-08-28|09:30:00.051859|52|5|5|52|0|47
2026-08-28|09:31:00.026511|52|5|5|52|0|47
2026-08-28|09:35:00.049883|54|4|4|54|0|50
2026-08-28|09:40:00.056753|51|4|4|51|0|47
2026-08-28|09:45:00.042354|55|5|5|55|0|50
2026-08-28|09:50:00.046562|52|4|4|52|0|48
2026-08-28|09:55:00.051210|57|5|5|57|0|52
2026-08-31|07:00:00.121510|75|2|2|75|2|73
2026-08-31|07:05:00.023896|77|3|3|77|3|74
2026-08-31|07:10:00.028267|77|2|2|77|2|75
2026-08-31|07:15:00.019169|76|2|2|76|2|74
2026-08-31|07:20:00.028425|74|2|2|74|2|72
2026-08-31|07:25:00.039554|72|1|1|72|1|71
2026-08-31|07:30:00.019311|72|1|1|72|1|71
2026-08-31|07:35:00.020851|68|1|1|68|1|67
2026-08-31|07:40:00.026497|70|2|2|70|2|68
2026-08-31|07:45:00.031503|67|2|2|67|2|65
2026-08-31|07:50:00.030762|69|3|3|69|3|66
2026-08-31|07:55:00.021410|73|4|4|73|4|69
2026-08-31|08:00:00.023136|78|4|4|78|4|74
2026-08-31|08:05:00.022733|77|4|4|77|4|73
2026-08-31|08:10:00.029232|70|4|4|70|4|66
2026-08-31|08:15:00.021429|68|5|5|68|5|63
2026-08-31|08:20:00.023632|73|5|5|73|5|68
2026-08-31|08:25:00.030990|71|5|5|71|5|66
2026-08-31|08:30:00.041747|73|5|5|73|5|68
2026-08-31|08:35:00.029341|72|5|5|72|5|67
2026-08-31|08:40:00.024414|71|5|5|71|5|66
2026-08-31|08:45:00.020105|70|5|5|70|5|65
2026-08-31|08:50:00.021452|73|5|5|73|5|68
2026-08-31|08:55:00.023464|72|5|5|72|5|67
2026-08-31|09:00:00.095078|74|5|5|74|5|69
2026-08-31|09:00:00.100028|74|5|5|74|5|69
2026-08-31|09:05:00.039088|70|5|5|70|5|65
2026-08-31|09:10:00.052629|73|5|5|73|5|68
2026-08-31|09:15:00.077366|72|5|5|72|5|67
2026-08-31|09:20:00.043649|75|6|6|75|6|69
2026-08-31|09:25:00.045914|69|5|5|69|5|64
2026-08-31|09:30:00.053869|69|4|4|69|4|65
2026-08-31|09:31:00.022062|71|4|4|71|4|67
2026-08-31|09:35:00.075164|74|4|4|74|4|70
2026-08-31|09:40:00.055921|75|4|4|75|4|71
2026-08-31|09:45:00.068402|80|3|3|80|3|77
2026-08-31|09:50:00.056775|84|3|3|84|3|81
2026-08-31|09:55:00.039571|90|5|5|90|5|85
2026-09-01|07:00:00.120915|39|4|4|39|4|35
2026-09-01|07:05:00.038588|38|3|3|38|3|35
2026-09-01|07:10:00.037128|41|3|3|41|3|38
2026-09-01|07:15:00.023334|45|2|2|45|2|43
2026-09-01|07:20:00.026091|42|3|3|42|3|39
2026-09-01|07:25:00.036532|47|3|3|47|3|44
2026-09-01|07:30:00.018019|46|2|2|46|2|44
2026-09-01|07:35:00.038021|49|3|3|49|3|46
2026-09-01|07:40:00.023800|48|2|2|48|2|46
2026-09-01|07:45:00.017932|49|2|2|49|2|47
2026-09-01|07:50:00.024386|47|2|2|47|2|45
2026-09-01|07:55:00.021345|45|2|2|45|2|43
2026-09-01|08:00:00.027501|46|3|3|46|3|43
2026-09-01|08:05:00.023590|44|3|3|44|3|41
2026-09-01|08:10:00.022680|41|2|2|41|2|39
2026-09-01|08:15:00.029089|47|3|3|47|3|44
2026-09-01|08:20:00.024681|43|3|3|43|3|40
2026-09-01|08:25:00.017614|46|3|3|46|3|43
2026-09-01|08:30:00.023061|45|4|4|45|4|41
2026-09-01|08:35:00.028897|46|4|4|46|4|42
2026-09-01|08:40:00.054112|51|3|3|51|3|48
2026-09-01|08:45:00.023191|54|4|4|54|4|50
2026-09-01|08:50:00.023066|53|3|3|53|3|50
2026-09-01|08:55:00.021860|53|5|5|53|5|48
2026-09-01|09:00:00.116492|55|4|4|55|4|51
2026-09-01|09:00:00.118397|55|4|4|55|4|51
2026-09-01|09:05:00.041472|51|3|3|51|3|48
2026-09-01|09:10:00.057158|57|4|4|57|4|53
2026-09-01|09:15:00.071197|54|3|3|54|3|51
2026-09-01|09:20:00.047738|54|3|3|54|3|51
2026-09-01|09:25:00.036359|58|4|4|58|4|54
2026-09-01|09:30:00.046973|60|3|3|60|3|57
2026-09-01|09:31:00.022069|60|5|5|60|5|55
2026-09-01|09:35:00.093400|57|5|5|57|5|52
2026-09-01|09:40:00.059727|54|4|4|54|4|50
2026-09-01|09:45:00.059429|59|5|5|59|5|54
2026-09-01|09:50:00.059308|51|3|3|51|3|48
2026-09-01|09:55:00.057753|51|3|3|51|3|48
2026-09-02|07:00:00.127062|43|3|3|43|3|40
2026-09-02|07:05:00.037386|47|4|4|47|4|43
2026-09-02|07:10:00.025404|43|4|4|43|4|39
2026-09-02|07:15:00.022253|45|3|3|45|3|42
2026-09-02|07:20:00.020575|47|4|4|47|4|43
2026-09-02|07:25:00.023898|47|4|4|47|4|43
2026-09-02|07:30:00.023842|46|4|4|46|4|42
2026-09-02|07:35:00.023291|43|4|4|43|4|39
2026-09-02|07:40:00.020949|42|4|4|42|4|38
2026-09-02|07:45:00.033456|45|4|4|45|4|41
2026-09-02|07:50:00.025787|46|5|5|46|5|41
2026-09-02|07:55:00.023173|51|5|5|51|5|46
2026-09-02|08:00:00.019701|50|5|5|50|5|45
2026-09-02|08:05:00.022407|51|5|5|51|5|46
2026-09-02|08:10:00.029609|53|6|6|53|6|47
2026-09-02|08:15:00.023637|53|5|5|53|5|48
2026-09-02|08:20:00.041619|60|5|5|60|5|55
2026-09-02|08:25:00.029837|56|4|4|56|4|52
2026-09-02|08:30:00.022390|57|3|3|57|3|54
2026-09-02|08:35:00.021870|59|3|3|59|3|56
2026-09-02|08:40:00.028325|61|3|3|61|3|58
2026-09-02|08:45:00.023153|59|3|3|59|3|56
2026-09-02|08:50:00.030173|60|3|3|60|3|57
2026-09-02|08:55:00.019734|64|4|4|64|4|60
2026-09-02|09:00:00.082814|71|3|3|71|3|68
2026-09-02|09:00:00.083016|70|3|3|70|3|67
2026-09-02|09:05:00.038663|68|3|3|68|3|65
2026-09-02|09:10:00.050087|75|4|4|75|4|71
2026-09-02|09:15:00.051916|78|4|4|78|4|74
2026-09-02|09:20:00.049001|75|3|3|75|3|72
2026-09-02|09:25:00.049785|79|5|5|79|5|74
2026-09-02|09:30:00.057529|87|4|4|87|4|83
2026-09-02|09:31:00.034633|87|3|3|87|3|84
2026-09-02|09:35:00.087155|88|8|8|88|8|80
2026-09-02|09:40:00.066816|85|7|7|85|7|78
2026-09-02|09:45:00.049903|87|9|9|87|9|78
2026-09-02|09:50:00.065354|127|10|10|127|10|117
2026-09-02|09:55:00.044207|137|9|9|137|9|128
2026-09-03|07:00:00.112569|59|6|6|59|6|53
2026-09-03|07:05:00.022840|59|6|6|59|6|53
2026-09-03|07:10:00.030018|57|6|6|57|6|51
2026-09-03|07:15:00.027658|58|7|7|58|7|51
2026-09-03|07:20:00.034916|55|9|9|55|9|46
2026-09-03|07:25:00.029414|63|8|8|63|8|55
2026-09-03|07:30:00.027244|56|9|9|56|9|47
2026-09-03|07:35:00.026444|63|9|9|63|9|54
2026-09-03|07:40:00.025373|63|8|8|63|8|55
2026-09-03|07:45:00.024458|63|8|8|63|8|55
2026-09-03|07:50:00.031865|65|8|8|65|8|57
2026-09-03|07:55:00.033621|66|7|7|66|7|59
2026-09-03|08:00:00.028385|70|7|7|70|7|63
2026-09-03|08:05:00.028192|66|7|7|66|7|59
2026-09-03|08:10:00.025178|68|7|7|68|7|61
2026-09-03|08:15:00.021809|70|7|7|70|7|63
2026-09-03|08:20:00.025874|73|7|7|73|7|66
2026-09-03|08:25:00.028611|68|7|7|68|7|61
2026-09-03|08:30:00.025143|69|7|7|69|7|62
2026-09-03|08:35:00.028748|69|8|8|69|8|61
2026-09-03|08:40:00.022626|65|8|8|65|8|57
2026-09-03|08:45:00.028215|69|8|8|69|8|61
2026-09-03|08:50:00.041093|79|7|7|79|7|72
2026-09-03|08:55:00.032497|78|7|7|78|7|71
2026-09-03|09:00:00.081468|87|7|7|87|7|80
2026-09-03|09:00:00.082087|87|7|7|87|7|80
2026-09-03|09:05:00.035837|90|7|7|90|7|83
2026-09-03|09:10:00.046324|91|8|8|91|8|83
2026-09-03|09:15:00.044886|94|9|9|94|9|85
2026-09-03|09:20:00.040955|87|9|9|87|9|78
2026-09-03|09:25:00.050060|95|9|9|95|9|86
2026-09-03|09:30:00.048247|98|7|7|98|7|91
2026-09-03|09:31:00.027376|99|7|7|99|7|92
2026-09-03|09:35:00.048284|96|7|7|96|7|89
2026-09-03|09:40:00.053809|94|8|8|94|8|86
2026-09-03|09:45:00.045541|110|9|9|110|9|101
2026-09-03|09:50:00.051794|153|9|9|153|9|144
2026-09-03|09:55:00.042375|150|12|12|150|12|138
2026-09-04|07:00:00.133270|54|5|5|54|5|49
2026-09-04|07:05:00.025198|56|5|5|56|5|51
2026-09-04|07:10:00.027508|59|5|5|59|5|54
2026-09-04|07:15:00.023209|58|5|5|58|5|53
2026-09-04|07:20:00.126898|58|5|5|58|5|53
2026-09-04|07:25:00.023406|62|5|5|62|5|57
2026-09-04|07:30:00.025615|61|5|5|61|5|56
2026-09-04|07:35:00.023898|61|6|6|61|6|55
2026-09-04|07:40:00.025728|62|6|6|62|6|56
2026-09-04|07:45:00.025552|71|6|6|71|6|65
2026-09-04|07:50:00.029903|72|6|6|72|6|66
2026-09-04|07:55:00.030474|75|6|6|75|6|69
2026-09-04|08:00:00.115247|73|6|6|73|6|67
2026-09-04|08:05:00.027703|74|6|6|74|6|68
2026-09-04|08:10:00.022004|79|6|6|79|6|73
2026-09-04|08:15:00.024606|78|6|6|78|6|72
2026-09-04|08:20:00.030875|80|6|6|80|6|74
2026-09-04|08:25:00.031083|77|6|6|77|6|71
2026-09-04|08:30:00.023063|76|6|6|76|6|70
2026-09-04|08:35:00.023340|74|5|5|74|5|69
2026-09-04|08:40:00.022493|75|5|5|75|5|70
2026-09-04|08:45:00.043922|74|5|5|74|5|69
2026-09-04|08:50:00.029166|66|5|5|66|5|61
2026-09-04|08:55:00.020972|58|5|5|58|5|53
2026-09-04|09:00:00.090334|63|5|5|63|5|58
2026-09-04|09:00:00.091326|65|5|5|65|5|60
2026-09-04|09:05:00.041054|61|5|5|61|5|56
2026-09-04|09:10:00.053029|67|6|6|67|6|61
2026-09-04|09:15:00.053903|67|6|6|67|6|61
2026-09-04|09:20:00.058031|70|6|6|70|6|64
2026-09-04|09:25:00.047013|68|6|6|68|6|62
2026-09-04|09:30:00.058735|70|5|5|70|5|65
2026-09-04|09:31:00.031664|69|5|5|69|5|64
2026-09-04|09:35:00.085587|73|3|3|73|3|70
2026-09-04|09:40:00.062598|73|5|5|73|5|68
2026-09-04|09:45:00.054499|74|5|5|74|5|69
2026-09-04|09:50:00.054933|64|6|6|64|6|58
2026-09-04|09:55:00.149167|66|7|7|66|7|59
2026-09-08|07:00:00.130994|58|2|2|58|2|56
2026-09-08|07:05:00.024330|57|3|3|57|3|54
2026-09-08|07:10:00.022599|60|4|4|60|4|56
2026-09-08|07:15:00.022578|60|3|3|60|3|57
2026-09-08|07:20:00.024113|70|5|5|70|5|65
2026-09-08|07:25:00.029980|69|3|3|69|3|66
2026-09-08|07:30:00.025391|74|3|3|74|3|71
2026-09-08|07:35:00.020872|74|3|3|74|3|71
2026-09-08|07:40:00.024854|75|2|2|75|2|73
2026-09-08|07:45:00.022642|70|2|2|70|2|68
2026-09-08|07:50:00.020014|72|2|2|72|2|70
2026-09-08|07:55:00.031357|75|3|3|75|3|72
2026-09-08|08:00:00.024880|74|4|4|74|4|70
2026-09-08|08:05:00.135702|70|3|3|70|3|67
2026-09-08|08:10:00.021716|71|3|3|71|3|68
2026-09-08|08:15:00.018321|70|4|4|70|4|66
2026-09-08|08:20:00.025715|76|4|4|76|4|72
2026-09-08|08:25:00.023650|72|4|4|72|4|68
2026-09-08|08:30:00.021363|72|5|5|72|5|67
2026-09-08|08:35:00.046244|70|4|4|70|4|66
2026-09-08|08:40:00.022253|72|4|4|72|4|68
2026-09-08|08:45:00.017874|72|4|4|72|4|68
2026-09-08|08:50:00.020836|78|4|4|78|4|74
2026-09-08|08:55:00.025221|76|3|3|76|3|73
2026-09-08|09:00:00.130219|73|4|4|73|4|69
2026-09-08|09:00:00.130380|74|4|4|74|4|70
2026-09-08|09:05:00.039573|79|4|4|79|4|75
2026-09-08|09:10:00.047978|82|5|5|82|5|77
2026-09-08|09:15:00.037071|78|4|4|78|4|74
2026-09-08|09:20:00.056359|80|5|5|80|5|75
2026-09-08|09:25:00.077167|79|5|5|79|5|74
2026-09-08|09:30:00.083117|78|4|4|78|4|74
2026-09-08|09:31:00.021571|80|6|6|80|6|74
2026-09-08|09:35:00.151804|84|8|8|84|8|76
2026-09-08|09:40:00.053210|86|8|8|86|8|78
2026-09-08|09:45:00.054738|95|9|9|95|9|86
2026-09-08|09:50:00.057000|121|15|15|121|15|106
2026-09-08|09:55:00.054260|138|14|14|138|14|124
2026-09-09|07:00:00.115110|49|5|5|49|5|44
2026-09-09|07:05:00.023839|50|5|5|50|5|45
2026-09-09|07:10:00.029101|48|6|6|48|6|42
2026-09-09|07:15:00.028762|43|6|6|43|6|37
2026-09-09|07:20:00.025635|58|6|6|58|6|52
2026-09-09|07:25:00.022385|57|6|6|57|6|51
2026-09-09|07:30:00.027144|53|7|7|53|7|46
2026-09-09|07:35:00.026490|51|7|7|51|7|44
2026-09-09|07:40:00.020050|54|7|7|54|7|47
2026-09-09|07:45:00.024284|54|7|7|54|7|47
2026-09-09|07:50:00.024718|55|8|8|55|8|47
2026-09-09|07:55:00.034543|54|8|8|54|8|46
2026-09-09|08:00:00.024836|54|6|6|54|6|48
2026-09-09|08:05:00.018465|57|7|7|57|7|50
2026-09-09|08:10:00.022156|62|7|7|62|7|55
2026-09-09|08:15:00.023660|64|7|7|64|7|57
2026-09-09|08:20:00.020782|57|6|6|57|6|51
2026-09-09|08:25:00.041107|56|6|6|56|6|50
2026-09-09|08:30:00.028846|58|6|6|58|6|52
2026-09-09|08:35:00.028864|59|6|6|59|6|53
2026-09-09|08:40:00.024660|56|7|7|56|7|49
2026-09-09|08:45:00.023718|57|7|7|57|7|50
2026-09-09|08:50:00.020011|62|5|5|62|5|57
2026-09-09|08:55:00.021074|66|8|8|66|8|58
2026-09-09|09:00:00.113359|67|7|7|67|7|60
2026-09-09|09:00:00.113794|67|7|7|67|7|60
2026-09-09|09:05:00.032441|66|9|9|66|9|57
2026-09-09|09:10:00.026719|70|10|10|70|10|60
2026-09-09|09:15:00.035791|68|10|10|68|10|58
2026-09-09|09:20:00.031213|69|9|9|69|9|60
2026-09-09|09:25:00.030472|68|8|8|68|8|60
2026-09-09|09:30:00.046689|66|6|6|66|6|60
2026-09-09|09:31:00.023429|68|7|7|68|7|61
2026-09-09|09:35:00.060028|72|8|8|72|8|64
2026-09-09|09:40:00.059463|71|10|10|71|10|61
2026-09-09|09:45:00.055353|71|9|9|71|9|62
2026-09-09|09:50:00.077995|67|11|11|67|11|56
2026-09-09|09:55:00.048940|74|13|13|74|13|61
2026-09-10|07:00:00.125004|51|2|2|51|2|49
2026-09-10|07:05:00.026726|51|1|1|51|1|50
2026-09-10|07:10:00.019324|52|1|1|52|1|51
2026-09-10|07:15:00.023340|52|1|1|52|1|51
2026-09-10|07:20:00.024602|53|1|1|53|1|52
2026-09-10|07:25:00.029909|54|1|1|54|1|53
2026-09-10|07:30:00.023845|52|1|1|52|1|51
2026-09-10|07:35:00.019390|55|1|1|55|1|54
2026-09-10|07:40:00.020032|59|1|1|59|1|58
2026-09-10|07:45:00.022043|59|1|1|59|1|58
2026-09-10|07:50:00.188997|57|1|1|57|1|56
2026-09-10|07:55:00.018551|57|1|1|57|1|56
2026-09-10|08:00:00.043944|61|1|1|61|1|60
2026-09-10|08:05:00.040479|64|1|1|64|1|63
2026-09-10|08:10:00.022586|62|1|1|62|1|61
2026-09-10|08:15:00.026959|63|1|1|63|1|62
2026-09-10|08:20:00.021961|59|1|1|59|1|58
2026-09-10|08:25:00.026904|58|1|1|58|1|57
2026-09-10|08:30:00.031040|59|1|1|59|1|58
2026-09-10|08:35:00.024870|61|1|1|61|1|60
2026-09-10|08:40:00.021973|58|1|1|58|1|57
2026-09-10|08:45:00.018697|63|1|1|63|1|62
2026-09-10|08:50:00.019624|67|1|1|67|1|66
2026-09-10|08:55:00.025118|67|1|1|67|1|66
2026-09-10|09:00:00.121706|64|1|1|64|1|63
2026-09-10|09:00:00.124635|64|1|1|64|1|63
2026-09-10|09:05:00.024937|70|1|1|70|1|69
2026-09-10|09:10:00.038023|67|1|1|67|1|66
2026-09-10|09:15:00.035580|71|1|1|71|1|70
2026-09-10|09:20:00.026233|69|1|1|69|1|68
2026-09-10|09:25:00.027620|67|1|1|67|1|66
2026-09-10|09:30:00.036487|63|1|1|63|1|62
2026-09-10|09:31:00.028059|64|1|1|64|1|63
2026-09-10|09:35:00.085039|68|1|1|68|1|67
2026-09-10|09:40:00.066488|66|3|3|66|3|63
2026-09-10|09:45:00.075796|68|1|1|68|1|67
2026-09-10|09:50:00.040683|61|3|3|61|3|58
2026-09-10|09:55:00.077554|69|4|4|69|4|65
2026-09-11|07:00:00.113384|53|4|4|53|4|49
2026-09-11|07:05:00.023274|54|4|4|54|4|50
2026-09-11|07:10:00.028265|57|4|4|57|4|53
2026-09-11|07:15:00.023429|56|5|5|56|5|51
2026-09-11|07:20:00.048032|56|5|5|56|5|51
2026-09-11|07:25:00.025142|59|5|5|59|5|54
2026-09-11|07:30:00.027337|59|5|5|59|5|54
2026-09-11|07:35:00.025822|61|5|5|61|5|56
2026-09-11|07:40:00.023725|61|5|5|61|5|56
2026-09-11|07:45:00.018823|62|5|5|62|5|57
2026-09-11|07:50:00.023709|64|5|5|64|5|59
2026-09-11|07:55:00.027011|63|5|5|63|5|58
2026-09-11|08:00:00.021888|62|5|5|62|5|57
2026-09-11|08:05:00.023626|62|5|5|62|5|57
2026-09-11|08:10:00.028002|68|7|7|68|7|61
2026-09-11|08:15:00.025645|68|7|7|68|7|61
2026-09-11|08:20:00.022739|70|7|7|70|7|63
2026-09-11|08:25:00.023965|69|6|6|69|6|63
2026-09-11|08:30:00.025936|69|6|6|69|6|63
2026-09-11|08:35:00.024722|76|6|6|76|6|70
2026-09-11|08:40:00.025382|74|6|6|74|6|68
2026-09-11|08:45:00.031187|73|6|6|73|6|67
2026-09-11|08:50:00.028337|73|7|7|73|7|66
2026-09-11|08:55:00.026560|74|7|7|74|7|67
2026-09-11|09:00:00.079959|80|6|6|80|6|74
2026-09-11|09:00:00.080071|80|6|6|80|6|74
2026-09-11|09:05:00.051036|80|7|7|80|7|73
2026-09-11|09:10:00.042811|84|7|7|84|7|77
2026-09-11|09:15:00.039686|89|7|7|89|7|82
2026-09-11|09:20:00.029585|94|7|7|94|7|87
2026-09-11|09:25:00.031539|93|7|7|93|7|86
2026-09-11|09:30:00.045185|92|6|6|92|6|86
2026-09-11|09:31:00.028022|93|7|7|93|7|86
2026-09-11|09:35:00.088972|94|10|10|94|10|84
2026-09-11|09:40:00.069642|95|9|9|95|9|86
2026-09-11|09:45:00.072373|102|8|8|102|8|94
2026-09-11|09:50:00.054501|111|10|10|111|10|101
2026-09-11|09:55:00.054833|116|11|11|116|11|105
2026-09-14|07:00:00.123060|56|5|5|56|5|51
2026-09-14|07:05:00.020326|52|6|6|52|6|46
2026-09-14|07:10:00.022931|56|4|4|56|4|52
2026-09-14|07:15:00.019473|58|7|7|58|7|51
2026-09-14|07:20:00.027870|60|7|7|60|7|53
2026-09-14|07:25:00.036226|66|8|8|66|8|58
2026-09-14|07:30:00.029920|66|7|7|66|7|59
2026-09-14|07:35:00.024492|72|8|8|72|8|64
2026-09-14|07:40:00.026750|70|8|8|70|8|62
2026-09-14|07:45:00.027541|72|8|8|72|8|64
2026-09-14|07:50:00.028423|72|8|8|72|8|64
2026-09-14|07:55:00.024436|75|9|9|75|9|66
2026-09-14|08:00:00.035351|78|8|8|78|8|70
2026-09-14|08:05:00.029480|78|8|8|78|8|70
2026-09-14|08:10:00.028342|77|8|8|77|8|69
2026-09-14|08:15:00.021776|77|7|7|77|7|70
2026-09-14|08:20:00.025125|75|5|5|75|5|70
2026-09-14|08:25:00.029575|75|5|5|75|5|70
2026-09-14|08:30:00.028687|76|6|6|76|6|70
2026-09-14|08:35:00.028328|76|6|6|76|6|70
2026-09-14|08:40:00.021290|73|5|5|73|5|68
2026-09-14|08:45:00.021425|74|6|6|74|6|68
2026-09-14|08:50:00.028593|78|6|6|78|6|72
2026-09-14|08:55:00.032076|77|6|6|77|6|71
2026-09-14|09:00:00.080661|78|6|6|78|6|72
2026-09-14|09:00:00.083960|78|6|6|78|6|72
2026-09-14|09:05:00.033903|77|6|6|77|6|71
2026-09-14|09:10:00.036001|77|6|6|77|6|71
2026-09-14|09:15:00.031401|77|6|6|77|6|71
2026-09-14|09:20:00.033805|79|6|6|79|6|73
2026-09-14|09:25:00.030825|83|5|5|83|5|78
2026-09-14|09:30:00.075079|72|6|6|72|6|66
2026-09-14|09:31:00.020357|73|5|5|73|5|68
2026-09-14|09:35:00.043799|78|6|6|78|6|72
2026-09-14|09:40:00.053404|78|7|7|78|7|71
2026-09-14|09:45:00.048450|89|11|11|89|11|78
2026-09-14|09:50:00.061393|104|10|10|104|10|94
2026-09-14|09:55:00.048511|120|16|16|120|16|104
2026-09-15|07:00:01.434416|51|6|6|51|6|45
2026-09-15|07:05:00.031213|56|6|6|56|6|50
2026-09-15|07:10:00.021158|56|6|6|56|6|50
2026-09-15|07:15:00.023645|59|5|5|59|5|54
2026-09-15|07:20:00.022173|55|6|6|55|6|49
2026-09-15|07:25:00.025956|60|6|6|60|6|54
2026-09-15|07:30:00.024135|67|6|6|67|6|61
2026-09-15|07:35:00.031783|65|6|6|65|6|59
2026-09-15|07:40:00.028880|61|5|5|61|5|56
2026-09-15|07:45:00.023921|61|3|3|61|3|58
2026-09-15|07:50:00.026105|58|5|5|58|5|53
2026-09-15|07:55:00.027133|56|4|4|56|4|52
2026-09-15|08:00:00.027854|55|5|5|55|5|50
2026-09-15|08:05:00.028707|55|4|4|55|4|51
2026-09-15|08:10:00.021543|57|4|4|57|4|53
2026-09-15|08:15:00.023430|57|4|4|57|4|53
2026-09-15|08:20:00.028780|61|4|4|61|4|57
2026-09-15|08:25:00.127998|56|4|4|56|4|52
2026-09-15|08:30:00.028896|58|4|4|58|4|54
2026-09-15|08:35:00.048122|61|4|4|61|4|57
2026-09-15|08:40:00.022950|58|4|4|58|4|54
2026-09-15|08:45:00.029949|58|4|4|58|4|54
2026-09-15|08:50:00.027827|60|4|4|60|4|56
2026-09-15|08:55:00.028602|62|6|6|62|6|56
2026-09-15|09:00:00.090455|63|5|5|63|5|58
2026-09-15|09:00:00.091053|63|5|5|63|5|58
2026-09-15|09:05:00.030421|66|5|5|66|5|61
2026-09-15|09:10:00.045216|65|4|4|65|4|61
2026-09-15|09:15:00.039167|64|4|4|64|4|60
2026-09-15|09:20:00.030792|63|4|4|63|4|59
2026-09-15|09:25:00.043985|59|4|4|59|4|55
2026-09-15|09:30:00.055462|60|4|4|60|4|56
2026-09-15|09:31:00.024204|65|4|4|65|4|61
2026-09-15|09:35:00.075337|63|2|2|63|2|61
2026-09-15|09:40:00.057809|63|2|2|63|2|61
2026-09-15|09:45:00.066728|63|3|3|63|3|60
2026-09-15|09:50:00.053005|65|5|5|65|5|60
2026-09-15|09:55:00.074226|71|5|5|71|5|66
2026-09-16|07:00:01.990485|68|2|2|68|2|66
2026-09-16|07:05:00.029368|68|2|2|68|2|66
2026-09-16|07:10:00.021975|66|2|2|66|2|64
2026-09-16|07:15:00.027123|71|2|2|71|2|69
2026-09-16|07:20:00.023407|70|2|2|70|2|68
2026-09-16|07:25:00.034947|64|2|2|64|2|62
2026-09-16|07:30:00.026529|66|2|2|66|2|64
2026-09-16|07:35:00.023106|62|2|2|62|2|60
2026-09-16|07:40:00.023186|63|2|2|63|2|61
2026-09-16|07:45:00.030532|61|1|1|61|1|60
2026-09-16|07:50:00.026134|61|1|1|61|1|60
2026-09-16|07:55:00.034086|63|1|1|63|1|62
2026-09-16|08:00:00.034820|63|1|1|63|1|62
2026-09-16|08:05:00.027128|68|1|1|68|1|67
2026-09-16|08:10:00.030888|72|1|1|72|1|71
2026-09-16|08:15:00.027915|73|1|1|73|1|72
2026-09-16|08:20:00.027150|68|1|1|68|1|67
2026-09-16|08:25:00.030724|65|1|1|65|1|64
2026-09-16|08:30:00.029444|67|2|2|67|2|65
2026-09-16|08:35:00.027269|63|2|2|63|2|61
2026-09-16|08:40:00.025038|63|2|2|63|2|61
2026-09-16|08:45:00.027482|63|2|2|63|2|61
2026-09-16|08:50:00.024358|67|2|2|67|2|65
2026-09-16|08:55:00.138924|66|2|2|66|2|64
2026-09-16|09:00:00.149601|72|2|2|72|2|70
2026-09-16|09:00:00.149714|72|2|2|72|2|70
2026-09-16|09:05:00.029579|70|2|2|70|2|68
2026-09-16|09:10:00.043953|73|2|2|73|2|71
2026-09-16|09:15:00.037102|72|3|3|72|3|69
2026-09-16|09:20:00.032907|72|3|3|72|3|69
2026-09-16|09:25:00.026456|70|3|3|70|3|67
2026-09-16|09:30:00.047484|76|2|2|76|2|74
2026-09-16|09:31:00.025107|74|3|3|74|3|71
2026-09-16|09:35:00.080218|73|3|3|73|3|70
2026-09-16|09:40:00.076826|77|4|4|77|4|73
2026-09-16|09:45:00.051743|87|6|6|87|6|81
2026-09-16|09:50:00.058099|90|5|5|90|5|85
2026-09-16|09:55:00.055492|91|6|6|91|6|85
2026-09-17|07:00:01.754715|106|6|6|106|6|100
2026-09-17|07:05:00.025866|107|6|6|107|6|101
2026-09-17|07:10:00.032014|114|6|6|114|6|108
2026-09-17|07:15:00.027562|116|8|8|116|8|108
2026-09-17|07:20:00.023345|121|8|8|121|8|113
2026-09-17|07:25:00.028858|112|8|8|112|8|104
2026-09-17|07:30:00.023403|116|7|7|116|7|109
2026-09-17|07:35:00.021712|116|8|8|116|8|108
2026-09-17|07:40:00.029122|119|8|8|119|8|111
2026-09-17|07:45:00.025268|118|7|7|118|7|111
2026-09-17|07:50:00.019553|120|8|8|120|8|112
2026-09-17|07:55:00.023769|117|8|8|117|8|109
2026-09-17|08:00:00.023581|118|9|9|118|9|109
2026-09-17|08:05:00.025816|113|8|8|113|8|105
2026-09-17|08:10:00.020452|118|9|9|118|9|109
2026-09-17|08:15:00.023636|125|8|8|125|8|117
2026-09-17|08:20:00.035162|131|9|9|131|9|122
2026-09-17|08:25:00.025194|133|9|9|133|9|124
2026-09-17|08:30:00.027175|139|9|9|139|9|130
2026-09-17|08:35:00.028956|136|9|9|136|9|127
2026-09-17|08:40:00.020124|138|9|9|138|9|129
2026-09-17|08:45:00.023639|141|10|10|141|10|131
2026-09-17|08:50:00.034241|165|9|9|165|9|156
2026-09-17|08:55:00.030013|168|10|10|168|10|158
2026-09-17|09:00:00.103407|178|10|10|178|10|168
2026-09-17|09:00:00.103748|178|10|10|178|10|168
2026-09-17|09:05:00.031212|180|11|11|180|11|169
2026-09-17|09:10:00.049867|184|12|12|184|12|172
2026-09-17|09:15:00.027279|186|11|11|186|11|175
2026-09-17|09:20:00.056041|203|11|11|203|11|192
2026-09-17|09:25:00.036012|206|11|11|206|11|195
2026-09-17|09:30:00.042435|206|12|12|206|12|194
2026-09-17|09:31:00.029181|207|15|15|207|15|192
2026-09-17|09:35:00.070069|205|13|13|205|13|192
2026-09-17|09:40:00.067491|217|14|14|217|14|203
2026-09-17|09:45:00.049137|230|21|21|230|21|209
2026-09-17|09:50:00.064969|265|23|23|265|23|242
2026-09-17|09:55:00.062748|250|20|20|250|20|230
2026-09-18|07:00:02.273875|80|3|3|80|3|77
2026-09-18|07:05:00.032748|79|4|4|79|4|75
2026-09-18|07:10:00.160879|79|3|3|79|3|76
2026-09-18|07:15:00.020563|75|1|1|75|1|74
2026-09-18|07:20:00.024130|78|1|1|78|1|77
2026-09-18|07:25:00.027251|74|1|1|74|1|73
2026-09-18|07:30:00.022908|74|1|1|74|1|73
2026-09-18|07:35:00.022378|76|3|3|76|3|73
2026-09-18|07:40:00.048505|79|3|3|79|3|76
2026-09-18|07:45:00.135207|77|3|3|77|3|74
2026-09-18|07:50:00.029962|75|3|3|75|3|72
2026-09-18|07:55:00.030607|80|4|4|80|4|76
2026-09-18|08:00:00.023572|83|4|4|83|4|79
2026-09-18|08:05:00.020784|85|4|4|85|4|81
2026-09-18|08:10:00.034621|83|4|4|83|4|79
2026-09-18|08:15:00.027676|81|4|4|81|4|77
2026-09-18|08:20:00.025819|86|5|5|86|5|81
2026-09-18|08:25:00.023926|83|5|5|83|5|78
2026-09-18|08:30:00.027195|83|4|4|83|4|79
2026-09-18|08:35:00.026704|86|5|5|86|5|81
2026-09-18|08:40:00.036865|86|6|6|86|6|80
2026-09-18|08:45:00.026314|90|6|6|90|6|84
2026-09-18|08:50:00.027942|90|6|6|90|6|84
2026-09-18|08:55:00.025494|91|6|6|91|6|85
2026-09-18|09:00:00.087704|87|5|5|87|5|82
2026-09-18|09:00:00.088191|87|5|5|87|5|82
2026-09-18|09:05:00.036933|87|5|5|87|5|82
2026-09-18|09:10:00.039404|86|5|5|86|5|81
2026-09-18|09:15:00.032768|90|6|6|90|6|84
2026-09-18|09:20:00.033426|87|6|6|87|6|81
2026-09-18|09:25:00.035655|85|6|6|85|6|79
2026-09-18|09:30:00.037543|87|4|4|87|4|83
2026-09-18|09:31:00.023544|91|6|6|91|6|85
2026-09-18|09:35:00.091671|91|7|7|91|7|84
2026-09-18|09:40:00.064137|89|8|8|89|8|81
2026-09-18|09:45:00.065065|99|8|8|99|8|91
2026-09-18|09:50:00.052258|93|8|8|93|8|85
2026-09-18|09:55:00.057844|115|10|10|115|10|105
2026-09-21|07:00:01.520176|115|10|10|115|10|105
2026-09-21|07:05:00.031473|118|10|10|118|10|108
2026-09-21|07:10:00.031163|119|11|11|119|11|108
2026-09-21|07:15:00.024925|116|10|10|116|10|106
2026-09-21|07:20:00.106008|126|10|10|126|10|116
2026-09-21|07:25:00.031531|127|11|11|127|11|116
2026-09-21|07:30:00.036338|128|10|10|128|10|118
2026-09-21|07:35:00.035671|125|12|12|125|12|113
2026-09-21|07:40:00.039113|130|13|13|130|13|117
2026-09-21|07:45:00.038162|138|14|14|138|14|124
2026-09-21|07:50:00.082900|144|14|14|144|14|130
2026-09-21|07:55:00.036836|145|16|16|145|16|129
2026-09-21|08:00:00.034394|147|15|15|147|15|132
2026-09-21|08:05:00.033329|142|15|15|142|15|127
2026-09-21|08:10:00.033272|143|15|15|143|15|128
2026-09-21|08:15:00.027740|146|17|17|146|17|129
2026-09-21|08:20:00.084619|152|16|16|152|16|136
2026-09-21|08:25:00.036514|154|16|16|154|16|138
2026-09-21|08:30:00.034759|150|17|17|150|17|133
2026-09-21|08:35:00.035207|149|14|14|149|14|135
2026-09-21|08:40:00.040334|149|14|14|149|14|135
2026-09-21|08:45:00.024558|141|15|15|141|15|126
2026-09-21|08:50:00.081000|143|14|14|143|14|129
2026-09-21|08:55:00.034501|148|13|13|148|13|135
2026-09-21|09:00:00.215239|148|14|14|148|14|134
2026-09-21|09:00:00.217333|148|14|14|148|14|134
2026-09-21|09:05:00.039896|145|14|14|145|14|131
2026-09-21|09:10:00.041809|147|14|14|147|14|133
2026-09-21|09:15:00.050695|149|14|14|149|14|135
2026-09-21|09:20:00.081557|156|14|14|156|14|142
2026-09-21|09:25:00.074441|163|15|15|163|15|148
2026-09-21|09:30:00.060867|158|14|14|158|14|144
2026-09-21|09:31:00.040268|156|13|13|156|13|143
2026-09-21|09:35:00.168350|156|11|11|156|11|145
2026-09-21|09:40:00.079812|161|12|12|161|12|149
2026-09-21|09:45:00.069968|171|10|10|171|10|161
2026-09-21|09:50:00.089445|174|15|15|174|15|159
2026-09-21|09:55:00.057398|172|15|15|172|15|157
2026-09-22|07:00:01.800216|75|4|4|75|4|71
2026-09-22|07:05:00.029231|73|5|5|73|5|68
2026-09-22|07:10:00.024769|71|6|6|71|6|65
2026-09-22|07:15:00.036749|70|3|3|70|3|67
2026-09-22|07:20:00.074105|74|5|5|74|5|69
2026-09-22|07:25:00.142562|78|5|5|78|5|73
2026-09-22|07:30:00.031198|79|5|5|79|5|74
2026-09-22|07:35:00.029603|72|7|7|72|7|65
2026-09-22|07:40:00.026925|73|7|7|73|7|66
2026-09-22|07:45:00.032588|76|7|7|76|7|69
2026-09-22|07:50:00.072056|79|7|7|79|7|72
2026-09-22|07:55:00.050970|79|7|7|79|7|72
2026-09-22|08:00:00.029934|81|8|8|81|8|73
2026-09-22|08:05:00.027441|76|6|6|76|6|70
2026-09-22|08:10:00.032093|77|7|7|77|7|70
2026-09-22|08:15:00.030170|82|5|5|82|5|77
2026-09-22|08:20:00.096753|85|7|7|85|7|78
2026-09-22|08:25:00.027159|86|6|6|86|6|80
2026-09-22|08:30:00.027674|82|7|7|82|7|75
2026-09-22|08:35:00.028117|82|7|7|82|7|75
2026-09-22|08:40:00.029698|86|7|7|86|7|79
2026-09-22|08:45:00.034081|93|7|7|93|7|86
2026-09-22|08:50:00.094819|99|7|7|99|7|92
2026-09-22|08:55:00.035443|103|7|7|103|7|96
2026-09-22|09:00:00.122512|100|7|7|100|7|93
2026-09-22|09:00:00.123278|100|7|7|100|7|93
2026-09-22|09:05:00.030820|96|8|8|96|8|88
2026-09-22|09:10:00.043648|98|9|9|98|9|89
2026-09-22|09:15:00.033491|90|8|8|90|8|82
2026-09-22|09:20:00.084277|95|8|8|95|8|87
2026-09-22|09:25:00.050168|98|9|9|98|9|89
2026-09-22|09:30:00.044749|100|8|8|100|8|92
2026-09-22|09:31:00.032072|101|8|8|101|8|93
2026-09-22|09:35:00.097251|104|8|8|104|8|96
2026-09-22|09:40:00.060856|109|12|12|109|12|97
2026-09-22|09:45:00.053415|106|8|8|106|8|98
2026-09-22|09:50:00.058513|94|10|10|94|10|84
2026-09-22|09:55:00.054182|114|12|12|114|12|102
2026-09-23|07:00:01.348199|69|3|3|69|3|66
2026-09-23|07:05:00.027432|74|3|3|74|3|71
2026-09-23|07:10:00.028215|74|3|3|74|3|71
2026-09-23|07:15:00.030093|74|3|3|74|3|71
2026-09-23|07:20:00.073579|68|3|3|68|3|65
2026-09-23|07:25:00.031638|70|5|5|70|5|65
2026-09-23|07:30:00.023581|71|4|4|71|4|67
2026-09-23|07:35:00.035603|72|4|4|72|4|68
2026-09-23|07:40:00.028377|79|4|4|79|4|75
2026-09-23|07:45:00.023428|80|3|3|80|3|77
2026-09-23|07:50:00.071935|81|3|3|81|3|78
2026-09-23|07:55:00.023793|80|4|4|80|4|76
2026-09-23|08:00:00.033720|79|3|3|79|3|76
2026-09-23|08:05:00.024924|78|3|3|78|3|75
2026-09-23|08:10:00.023383|84|3|3|84|3|81
2026-09-23|08:15:00.030959|76|3|3|76|3|73
2026-09-23|08:20:00.071581|78|3|3|78|3|75
2026-09-23|08:25:00.028140|75|3|3|75|3|72
2026-09-23|08:30:00.025430|74|3|3|74|3|71
2026-09-23|08:35:00.021529|85|4|4|85|4|81
2026-09-23|08:40:00.027286|79|4|4|79|4|75
2026-09-23|08:45:00.030542|81|4|4|81|4|77
2026-09-23|08:50:00.073761|84|4|4|84|4|80
2026-09-23|08:55:00.026037|85|5|5|85|5|80
2026-09-23|09:00:00.096888|84|5|5|84|5|79
2026-09-23|09:00:00.099079|84|5|5|84|5|79
2026-09-23|09:05:00.038538|85|5|5|85|5|80
2026-09-23|09:10:00.034459|87|4|4|87|4|83
2026-09-23|09:15:00.046367|90|4|4|90|4|86
2026-09-23|09:20:00.082810|88|4|4|88|4|84
2026-09-23|09:25:00.031910|88|4|4|88|4|84
2026-09-23|09:30:00.039804|94|3|3|94|3|91
2026-09-23|09:31:00.028538|95|5|5|95|5|90
2026-09-23|09:35:00.107481|100|2|2|100|2|98
2026-09-23|09:40:00.056225|99|2|2|99|2|97
2026-09-23|09:45:00.059613|101|2|2|101|2|99
2026-09-23|09:50:00.197372|80|2|2|80|2|78
2026-09-23|09:55:00.078559|74|1|1|74|1|73
2026-09-24|07:00:01.617573|42|2|2|42|2|40
2026-09-24|07:05:00.036919|42|2|2|42|2|40
2026-09-24|07:10:00.026517|44|2|2|44|2|42
2026-09-24|07:15:00.027179|46|2|2|46|2|44
2026-09-24|07:20:00.073858|51|3|3|51|3|48
2026-09-24|07:25:00.030242|53|3|3|53|3|50
2026-09-24|07:30:00.047022|56|4|4|56|4|52
2026-09-24|07:35:00.030728|53|4|4|53|4|49
2026-09-24|07:40:00.024551|52|5|5|52|5|47
2026-09-24|07:45:00.032212|52|5|5|52|5|47
2026-09-24|07:50:00.100975|58|5|5|58|5|53
2026-09-24|07:55:00.033010|57|5|5|57|5|52
2026-09-24|08:00:00.026911|55|5|5|55|5|50
2026-09-24|08:05:00.055511|55|5|5|55|5|50
2026-09-24|08:10:00.027814|57|5|5|57|5|52
2026-09-24|08:15:00.039126|60|6|6|60|6|54
2026-09-24|08:20:00.085794|68|7|7|68|7|61
2026-09-24|08:25:00.041168|70|8|8|70|8|62
2026-09-24|08:30:00.032108|66|7|7|66|7|59
2026-09-24|08:35:00.024222|66|6|6|66|6|60
2026-09-24|08:40:00.143706|67|6|6|67|6|61
2026-09-24|08:45:00.034017|64|7|7|64|7|57
2026-09-24|08:50:00.080200|70|7|7|70|7|63
2026-09-24|08:55:00.026563|65|6|6|65|6|59
2026-09-24|09:00:00.072647|63|6|6|63|6|57
2026-09-24|09:00:00.073287|63|6|6|63|6|57
2026-09-24|09:05:00.029758|66|6|6|66|6|60
2026-09-24|09:10:00.031426|62|6|6|62|6|56
2026-09-24|09:15:00.047071|64|7|7|64|7|57
2026-09-24|09:20:00.100539|65|6|6|65|6|59
2026-09-24|09:25:00.037362|66|6|6|66|6|60
2026-09-24|09:30:00.041262|67|5|5|67|5|62
2026-09-24|09:31:00.039115|69|2|2|69|2|67
2026-09-24|09:35:00.078278|68|6|6|68|6|62
2026-09-24|09:40:00.051644|71|5|5|71|5|66
2026-09-24|09:45:00.051320|75|6|6|75|6|69
2026-09-24|09:50:00.054815|67|4|4|67|4|63
2026-09-24|09:55:00.061243|63|4|4|63|4|59
2026-09-25|07:00:01.833284|71|7|7|71|7|64
2026-09-25|07:05:00.026844|71|7|7|71|7|64
2026-09-25|07:10:00.025954|71|7|7|71|7|64
2026-09-25|07:15:00.025842|69|7|7|69|7|62
2026-09-25|07:20:00.083387|74|7|7|74|7|67
2026-09-25|07:25:00.033337|77|8|8|77|8|69
2026-09-25|07:30:00.030476|79|7|7|79|7|72
2026-09-25|07:35:00.023128|77|7|7|77|7|70
2026-09-25|07:40:00.032385|77|6|6|77|6|71
2026-09-25|07:45:00.021514|81|6|6|81|6|75
2026-09-25|07:50:00.091797|84|6|6|84|6|78
2026-09-25|07:55:00.023793|85|6|6|85|6|79
2026-09-25|08:00:00.031568|84|6|6|84|6|78
2026-09-25|08:05:00.027448|84|6|6|84|6|78
2026-09-25|08:10:00.028808|81|6|6|81|6|75
2026-09-25|08:15:00.026406|82|6|6|82|6|76
2026-09-25|08:20:00.091569|83|6|6|83|6|77
2026-09-25|08:25:00.029789|84|6|6|84|6|78
2026-09-25|08:30:00.025262|82|8|8|82|8|74
2026-09-25|08:35:00.026761|81|7|7|81|7|74
2026-09-25|08:40:00.019155|81|8|8|81|8|73
2026-09-25|08:45:00.032945|82|8|8|82|8|74
2026-09-25|08:50:00.096315|82|8|8|82|8|74
2026-09-25|08:55:00.027001|85|9|9|85|9|76
2026-09-25|09:00:00.100807|91|10|10|91|10|81
2026-09-25|09:00:00.101534|91|10|10|91|10|81
2026-09-25|09:05:00.038596|96|8|8|96|8|88
2026-09-25|09:10:00.051185|95|8|8|95|8|87
2026-09-25|09:15:00.046460|96|9|9|96|9|87
2026-09-25|09:20:00.099118|94|9|9|94|9|85
2026-09-25|09:25:00.052120|89|9|9|89|9|80
2026-09-25|09:30:00.044031|89|6|6|89|6|83
2026-09-25|09:31:00.028911|89|6|6|89|6|83
2026-09-25|09:35:00.052982|95|5|5|95|5|90
2026-09-25|09:40:00.054478|92|5|5|92|5|87
2026-09-25|09:45:00.067970|103|6|6|103|6|97
2026-09-25|09:50:00.057409|87|6|6|87|6|81
2026-09-25|09:55:00.052095|95|5|5|95|5|90
2026-09-28|07:00:00.222238|72|1|1|72|1|71
2026-09-28|07:05:00.021024|71|2|2|71|2|69
2026-09-28|07:10:00.033701|72|2|2|72|2|70
2026-09-28|07:15:00.036413|68|1|1|68|1|67
2026-09-28|07:20:00.108135|73|2|2|73|2|71
2026-09-28|07:25:00.029190|73|2|2|73|2|71
2026-09-28|07:30:00.027769|72|2|2|72|2|70
2026-09-28|07:35:00.024880|69|3|3|69|3|66
2026-09-28|07:40:00.047591|72|3|3|72|3|69
2026-09-28|07:45:00.023825|74|3|3|74|3|71
2026-09-28|07:50:00.108404|71|3|3|71|3|68
2026-09-28|07:55:00.034552|72|3|3|72|3|69
2026-09-28|08:00:00.027247|70|3|3|70|3|67
2026-09-28|08:05:00.026789|66|3|3|66|3|63
2026-09-28|08:10:00.024385|71|4|4|71|4|67
2026-09-28|08:15:00.026206|68|3|3|68|3|65
2026-09-28|08:20:00.075014|70|3|3|70|3|67
2026-09-28|08:25:00.036810|69|3|3|69|3|66
2026-09-28|08:30:00.028096|73|3|3|73|3|70
2026-09-28|08:35:00.027056|76|5|5|76|5|71
2026-09-28|08:40:00.028901|79|5|5|79|5|74
2026-09-28|08:45:00.026909|85|4|4|85|4|81
2026-09-28|08:50:00.073847|87|4|4|87|4|83
2026-09-28|08:55:00.037218|90|4|4|90|4|86
2026-09-28|09:00:00.080666|92|4|4|92|4|88
2026-09-28|09:00:00.081920|92|4|4|92|4|88
2026-09-28|09:05:00.031267|90|2|2|90|2|88
2026-09-28|09:10:00.064608|92|2|2|92|2|90
2026-09-28|09:15:00.041994|92|3|3|92|3|89
2026-09-28|09:20:00.088070|90|3|3|90|3|87
2026-09-28|09:25:00.037470|87|2|2|87|2|85
2026-09-28|09:30:00.080985|85|3|3|85|3|82
2026-09-28|09:31:00.027950|84|2|2|84|2|82
2026-09-28|09:35:00.042809|87|3|3|87|3|84
2026-09-28|09:40:00.054840|87|3|3|87|3|84
2026-09-28|09:45:00.046899|94|3|3|94|3|91
2026-09-28|09:50:00.046487|70|4|4|70|4|66
2026-09-28|09:55:00.036583|72|3|3|72|3|69
2026-09-29|07:00:01.631425|59|2|2|59|2|57
2026-09-29|07:05:00.028870|62|2|2|62|2|60
2026-09-29|07:10:00.021687|64|2|2|64|2|62
2026-09-29|07:15:00.024365|64|2|2|64|2|62
2026-09-29|07:20:00.099199|64|2|2|64|2|62
2026-09-29|07:25:00.036068|70|2|2|70|2|68
2026-09-29|07:30:00.052652|71|3|3|71|3|68
2026-09-29|07:35:00.028388|70|3|3|70|3|67
2026-09-29|07:40:00.027243|72|4|4|72|4|68
2026-09-29|07:45:00.025373|65|3|3|65|3|62
2026-09-29|07:50:00.075682|66|3|3|66|3|63
2026-09-29|07:55:00.027120|64|5|5|64|5|59
2026-09-29|08:00:00.046842|66|5|5|66|5|61
2026-09-29|08:05:00.027952|63|7|7|63|7|56
2026-09-29|08:10:00.037403|70|5|5|70|5|65
2026-09-29|08:15:00.030709|75|5|5|75|5|70
2026-09-29|08:20:00.077279|82|5|5|82|5|77
2026-09-29|08:25:00.023948|81|5|5|81|5|76
2026-09-29|08:30:00.035764|83|5|5|83|5|78
2026-09-29|08:35:00.025905|87|7|7|87|7|80
2026-09-29|08:40:00.023225|82|7|7|82|7|75
2026-09-29|08:45:00.030387|84|9|9|84|9|75
2026-09-29|08:50:00.086587|86|9|9|86|9|77
2026-09-29|08:55:00.033876|77|7|7|77|7|70
2026-09-29|09:00:00.104281|87|8|8|87|8|79
2026-09-29|09:00:00.104749|87|8|8|87|8|79
2026-09-29|09:05:00.034851|90|8|8|90|8|82
2026-09-29|09:10:00.040892|88|8|8|88|8|80
2026-09-29|09:15:00.044133|94|9|9|94|9|85
2026-09-29|09:20:00.098210|90|9|9|90|9|81
2026-09-29|09:25:00.082844|96|9|9|96|9|87
2026-09-29|09:30:00.048838|95|8|8|95|8|87
2026-09-29|09:31:00.028991|95|7|7|95|7|88
2026-09-29|09:35:00.080655|100|5|5|100|5|95
2026-09-29|09:40:00.056423|100|4|4|100|4|96
2026-09-29|09:45:00.065607|103|6|6|103|6|97
2026-09-29|09:50:00.065591|89|6|6|89|6|83
2026-09-29|09:55:00.072435|93|9|9|93|9|84
2026-09-30|07:00:01.642245|65|3|3|65|3|62
2026-09-30|07:05:00.048061|64|3|3|64|3|61
2026-09-30|07:10:00.044242|65|3|3|65|3|62
2026-09-30|07:15:00.027026|62|3|3|62|3|59
2026-09-30|07:20:00.072681|67|4|4|67|4|63
2026-09-30|07:25:00.044581|67|4|4|67|4|63
2026-09-30|07:30:00.032383|69|3|3|69|3|66
2026-09-30|07:35:00.033766|66|3|3|66|3|63
2026-09-30|07:40:00.021597|69|4|4|69|4|65
2026-09-30|07:45:00.025056|70|4|4|70|4|66
2026-09-30|07:50:00.180205|70|5|5|70|5|65
2026-09-30|07:55:00.027608|71|6|6|71|6|65
2026-09-30|08:00:00.039869|65|5|5|65|5|60
2026-09-30|08:05:00.020698|72|5|5|72|5|67
2026-09-30|08:10:00.033853|74|5|5|74|5|69
2026-09-30|08:15:00.030009|80|6|6|80|6|74
2026-09-30|08:20:00.075210|78|4|4|78|4|74
2026-09-30|08:25:00.033548|80|5|5|80|5|75
2026-09-30|08:30:00.021980|82|5|5|82|5|77
2026-09-30|08:35:00.027760|85|5|5|85|5|80
2026-09-30|08:40:00.029916|80|5|5|80|5|75
2026-09-30|08:45:00.025658|85|6|6|85|6|79
2026-09-30|08:50:00.078434|93|5|5|93|5|88
2026-09-30|08:55:00.025102|93|6|6|93|6|87
2026-09-30|09:00:00.128756|100|7|7|100|7|93
2026-09-30|09:00:00.129178|100|7|7|100|7|93
2026-09-30|09:05:00.031445|102|7|7|102|7|95
2026-09-30|09:10:00.041237|104|7|7|104|7|97
2026-09-30|09:15:00.035916|109|7|7|109|7|102
2026-09-30|09:20:00.076851|104|6|6|104|6|98
2026-09-30|09:25:00.043646|105|7|7|105|7|98
2026-09-30|09:30:00.066225|106|3|3|106|3|103
2026-09-30|09:31:00.027131|105|3|3|105|3|102
2026-09-30|09:35:00.082202|109|4|4|109|4|105
2026-09-30|09:40:00.066806|116|4|4|116|4|112
2026-09-30|09:45:00.072197|123|7|7|123|7|116
2026-09-30|09:50:00.062807|112|6|6|112|6|106
2026-09-30|09:55:00.059018|110|5|5|110|5|105
2026-10-01|07:00:01.688627|53|4|4|53|4|49
2026-10-01|07:05:00.035688|56|4|4|56|4|52
2026-10-01|07:10:00.029831|56|3|3|56|3|53
2026-10-01|07:15:00.030642|60|3|3|60|3|57
2026-10-01|07:20:00.097908|58|4|4|58|4|54
2026-10-01|07:25:00.042964|61|4|4|61|4|57
2026-10-01|07:30:00.043710|63|4|4|63|4|59
2026-10-01|07:35:00.031261|67|5|5|67|5|62
2026-10-01|07:40:00.033731|68|6|6|68|6|62
2026-10-01|07:45:00.153686|68|5|5|68|5|63
2026-10-01|07:50:00.106119|69|5|5|69|5|64
2026-10-01|07:55:00.036724|68|6|6|68|6|62
2026-10-01|08:00:00.054870|70|6|6|70|6|64
2026-10-01|08:05:00.047913|73|4|4|73|4|69
2026-10-01|08:10:00.047158|73|4|4|73|4|69
2026-10-01|08:15:00.024896|72|5|5|72|5|67
2026-10-01|08:20:00.108477|72|5|5|72|5|67
2026-10-01|08:25:00.028275|75|4|4|75|4|71
2026-10-01|08:30:00.029563|76|4|4|76|4|72
2026-10-01|08:35:00.052707|71|5|5|71|5|66
2026-10-01|08:40:00.029247|72|5|5|72|5|67
2026-10-01|08:45:00.031961|75|5|5|75|5|70
2026-10-01|08:50:00.103904|76|5|5|76|5|71
2026-10-01|08:55:00.028344|72|5|5|72|5|67
2026-10-01|09:00:00.080483|74|5|5|74|5|69
2026-10-01|09:00:00.085110|74|5|5|74|5|69
2026-10-01|09:05:00.029729|77|5|5|77|5|72
2026-10-01|09:10:00.040963|79|6|6|79|6|73
2026-10-01|09:15:00.051226|78|6|6|78|6|72
2026-10-01|09:20:00.084480|82|7|7|82|7|75
2026-10-01|09:25:00.042629|82|6|6|82|6|76
2026-10-01|09:30:00.047827|77|5|5|77|5|72
2026-10-01|09:31:00.027907|79|8|8|79|8|71
2026-10-01|09:35:00.097805|87|11|11|87|11|76
2026-10-01|09:40:00.065788|83|9|9|83|9|74
2026-10-01|09:45:00.088903|95|11|11|95|11|84
2026-10-01|09:50:00.073255|108|10|10|108|10|98
2026-10-01|09:55:00.069681|111|11|11|111|11|100
2026-10-02|07:00:01.694504|51|1|1|51|1|50
2026-10-02|07:05:00.028619|51|1|1|51|1|50
2026-10-02|07:10:00.022438|51|1|1|51|1|50
2026-10-02|07:15:00.027048|54|1|1|54|1|53
2026-10-02|07:20:00.091607|55|1|1|55|1|54
2026-10-02|07:25:00.025085|60|1|1|60|1|59
2026-10-02|07:30:00.023289|65|1|1|65|1|64
2026-10-02|07:35:00.026020|62|1|1|62|1|61
2026-10-02|07:40:00.033181|70|1|1|70|1|69
2026-10-02|07:45:00.024871|67|1|1|67|1|66
2026-10-02|07:50:00.087878|68|1|1|68|1|67
2026-10-02|07:55:00.027693|69|1|1|69|1|68
2026-10-02|08:00:00.024135|67|1|1|67|1|66
2026-10-02|08:05:00.026373|75|1|1|75|1|74
2026-10-02|08:10:00.033223|76|1|1|76|1|75
2026-10-02|08:15:00.025940|76|1|1|76|1|75
2026-10-02|08:20:00.103209|73|1|1|73|1|72
2026-10-02|08:25:00.031361|71|1|1|71|1|70
2026-10-02|08:30:00.042652|68|1|1|68|1|67
2026-10-02|08:35:00.051251|68|1|1|68|1|67
2026-10-02|08:40:00.037997|66|1|1|66|1|65
2026-10-02|08:45:00.025634|65|3|3|65|3|62
2026-10-02|08:50:00.099586|67|3|3|67|3|64
2026-10-02|08:55:00.032505|74|2|2|74|2|72
2026-10-02|09:00:00.114032|76|3|3|76|3|73
2026-10-02|09:00:00.114166|76|3|3|76|3|73
2026-10-02|09:05:00.041433|77|4|4|77|4|73
2026-10-02|09:10:00.038940|82|4|4|82|4|78
2026-10-02|09:15:00.033355|93|4|4|93|4|89
2026-10-02|09:20:00.102161|101|4|4|101|4|97
2026-10-02|09:25:00.051376|92|4|4|92|4|88
2026-10-02|09:30:00.050495|101|4|4|101|4|97
2026-10-02|09:31:00.022663|100|4|4|100|4|96
2026-10-02|09:35:00.080038|104|6|6|104|6|98
2026-10-02|09:40:00.060229|99|8|8|99|8|91
2026-10-02|09:45:00.086490|108|7|7|108|7|101
2026-10-02|09:50:00.064084|136|8|8|136|8|128
2026-10-02|09:55:00.057740|161|8|8|161|8|153
2026-10-05|07:00:01.634062|101|14|14|101|14|87
2026-10-05|07:05:00.035569|103|20|20|103|20|83
2026-10-05|07:10:00.040480|103|19|19|103|19|84
2026-10-05|07:15:00.032804|103|20|20|103|20|83
2026-10-05|07:20:00.091133|109|20|20|109|20|89
2026-10-05|07:25:00.046501|108|21|21|108|21|87
2026-10-05|07:30:00.027665|105|20|20|105|20|85
2026-10-05|07:35:00.032772|111|22|22|111|22|89
2026-10-05|07:40:00.025445|108|21|21|108|21|87
2026-10-05|07:45:00.179038|110|19|19|110|19|91
2026-10-05|07:50:00.208963|112|19|19|112|19|93
2026-10-05|07:55:00.038853|112|22|22|112|22|90
2026-10-05|08:00:00.037613|112|23|23|112|23|89
2026-10-05|08:05:00.031049|119|24|24|119|24|95
2026-10-05|08:10:00.021669|114|22|22|114|22|92
2026-10-05|08:15:00.031346|116|22|22|116|22|94
2026-10-05|08:20:00.095603|119|24|24|119|24|95
2026-10-05|08:25:00.031140|119|24|24|119|24|95
2026-10-05|08:30:00.036370|117|24|24|117|24|93
2026-10-05|08:35:00.034571|122|25|25|122|25|97
2026-10-05|08:40:00.030698|124|23|23|124|23|101
2026-10-05|08:45:00.033402|128|23|23|128|23|105
2026-10-05|08:50:00.077249|129|23|23|129|23|106
2026-10-05|08:55:00.028171|129|24|24|129|24|105
2026-10-05|09:00:00.090071|125|27|27|125|27|98
2026-10-05|09:00:00.090236|125|27|27|125|27|98
2026-10-05|09:05:00.032227|128|21|21|128|21|107
2026-10-05|09:10:00.051495|131|19|19|131|19|112
2026-10-05|09:15:00.043437|130|23|23|130|23|107
2026-10-05|09:20:00.087678|133|24|24|133|24|109
2026-10-05|09:25:00.037288|132|25|25|132|25|107
2026-10-05|09:30:00.047703|134|22|22|134|22|112
2026-10-05|09:31:00.031906|137|22|22|137|22|115
2026-10-05|09:35:00.058509|143|21|21|143|21|122
2026-10-05|09:40:00.087126|139|24|24|139|24|115
2026-10-05|09:45:00.051893|139|25|25|139|25|114
2026-10-05|09:50:00.062526|145|23|23|145|23|122
2026-10-05|09:55:00.053835|144|23|23|144|23|121
2026-10-06|07:00:01.710082|66|4|4|66|4|62
2026-10-06|07:05:00.026811|71|3|3|71|3|68
2026-10-06|07:10:00.039498|68|2|2|68|2|66
2026-10-06|07:15:00.041508|70|3|3|70|3|67
2026-10-06|07:20:00.075738|73|3|3|73|3|70
2026-10-06|07:25:00.021477|73|3|3|73|3|70
2026-10-06|07:30:00.031356|69|4|4|69|4|65
2026-10-06|07:35:00.183432|68|4|4|68|4|64
2026-10-06|07:40:00.025609|76|3|3|76|3|73
2026-10-06|07:45:00.021886|81|4|4|81|4|77
2026-10-06|07:50:00.085911|90|4|4|90|4|86
2026-10-06|07:55:00.030024|87|4|4|87|4|83
2026-10-06|08:00:00.025114|80|4|4|80|4|76
2026-10-06|08:05:00.028545|86|4|4|86|4|82
2026-10-06|08:10:00.169382|92|5|5|92|5|87
2026-10-06|08:15:00.027796|93|5|5|93|5|88
2026-10-06|08:20:00.090326|102|5|5|102|5|97
2026-10-06|08:25:00.031615|100|6|6|100|6|94
2026-10-06|08:30:00.026621|100|6|6|100|6|94
2026-10-06|08:35:00.021737|106|6|6|106|6|100
2026-10-06|08:40:00.022194|106|6|6|106|6|100
2026-10-06|08:45:00.025592|106|5|5|106|5|101
2026-10-06|08:50:00.093058|105|6|6|105|6|99
2026-10-06|08:55:00.027448|106|6|6|106|6|100
2026-10-06|09:00:00.234427|110|6|6|110|6|104
2026-10-06|09:00:00.240225|110|6|6|110|6|104
2026-10-06|09:05:00.034576|101|6|6|101|6|95
2026-10-06|09:10:00.039895|101|5|5|101|5|96
2026-10-06|09:15:00.039776|102|5|5|102|5|97
2026-10-06|09:20:00.079105|102|6|6|102|6|96
2026-10-06|09:25:00.053656|102|6|6|102|6|96
2026-10-06|09:30:00.059435|98|5|5|98|5|93
2026-10-06|09:31:00.024832|100|5|5|100|5|95
2026-10-06|09:35:00.052320|106|5|5|106|5|101
2026-10-06|09:40:00.066916|111|6|6|111|6|105
2026-10-06|09:45:00.216661|112|8|8|112|8|104
2026-10-06|09:50:00.073706|116|8|8|116|8|108
2026-10-06|09:55:00.079966|146|13|13|146|13|133
2026-10-07|07:00:01.563315|63|2|2|63|2|61
2026-10-07|07:05:00.057062|66|2|2|66|2|64
2026-10-07|07:10:00.031132|68|2|2|68|2|66
2026-10-07|07:15:00.032962|68|3|3|68|3|65
2026-10-07|07:20:00.079536|66|3|3|66|3|63
2026-10-07|07:25:00.023150|62|3|3|62|3|59
2026-10-07|07:30:00.028381|64|3|3|64|3|61
2026-10-07|07:35:00.033058|61|3|3|61|3|58
2026-10-07|07:40:00.026640|60|3|3|60|3|57
2026-10-07|07:45:00.037994|58|3|3|58|3|55
2026-10-07|07:50:00.065580|63|3|3|63|3|60
2026-10-07|07:55:00.029976|61|2|2|61|2|59
2026-10-07|08:00:00.023788|64|2|2|64|2|62
2026-10-07|08:05:00.027196|64|2|2|64|2|62
2026-10-07|08:10:00.029341|60|3|3|60|3|57
2026-10-07|08:15:00.033414|60|2|2|60|2|58
2026-10-07|08:20:00.094863|61|1|1|61|1|60
2026-10-07|08:25:00.025758|61|2|2|61|2|59
2026-10-07|08:30:00.033010|57|2|2|57|2|55
2026-10-07|08:35:00.025979|55|1|1|55|1|54
2026-10-07|08:40:00.028366|53|1|1|53|1|52
2026-10-07|08:45:00.035772|51|1|1|51|1|50
2026-10-07|08:50:00.076569|53|1|1|53|1|52
2026-10-07|08:55:00.038981|55|1|1|55|1|54
2026-10-07|09:00:00.099840|46|1|1|46|1|45
2026-10-07|09:00:00.100507|46|1|1|46|1|45
2026-10-07|09:05:00.057283|44|2|2|44|2|42
2026-10-07|09:10:00.028783|45|2|2|45|2|43
2026-10-07|09:15:00.058081|48|1|1|48|1|47
2026-10-07|09:20:00.078190|52|1|1|52|1|51
2026-10-07|09:25:00.054615|56|2|2|56|2|54
2026-10-07|09:30:00.045245|62|1|1|62|1|61
2026-10-07|09:31:00.027378|62|1|1|62|1|61
2026-10-07|09:35:00.054203|64|2|2|64|2|62
2026-10-07|09:40:00.069206|61|2|2|61|2|59
2026-10-07|09:45:00.072534|61|2|2|61|2|59
2026-10-07|09:50:00.049174|57|4|4|57|4|53
2026-10-07|09:55:00.082419|66|4|4|66|4|62
2026-10-08|07:00:01.545826|56|4|4|56|4|52
2026-10-08|07:05:00.046569|55|4|4|55|4|51
2026-10-08|07:10:00.038562|57|4|4|57|4|53
2026-10-08|07:15:00.041647|54|6|6|54|6|48
2026-10-08|07:20:00.082443|53|5|5|53|5|48
2026-10-08|07:25:00.044397|53|7|7|53|7|46
2026-10-08|07:30:00.048630|52|7|7|52|7|45
2026-10-08|07:35:00.030626|53|7|7|53|7|46
2026-10-08|07:40:00.024126|51|6|6|51|6|45
2026-10-08|07:45:00.027437|52|6|6|52|6|46
2026-10-08|07:50:00.079943|55|6|6|55|6|49
2026-10-08|07:55:00.032793|57|6|6|57|6|51
2026-10-08|08:00:00.030339|62|4|4|62|4|58
2026-10-08|08:05:00.028429|65|5|5|65|5|60
2026-10-08|08:10:00.047020|64|7|7|64|7|57
2026-10-08|08:15:00.034474|65|6|6|65|6|59
2026-10-08|08:20:00.089869|69|6|6|69|6|63
2026-10-08|08:25:00.038568|70|7|7|70|7|63
2026-10-08|08:30:00.023104|67|7|7|67|7|60
2026-10-08|08:35:00.032573|70|8|8|70|8|62
2026-10-08|08:40:00.033356|69|7|7|69|7|62
2026-10-08|08:45:00.028424|68|8|8|68|8|60
2026-10-08|08:50:00.115087|68|8|8|68|8|60
2026-10-08|08:55:00.031846|66|7|7|66|7|59
2026-10-08|09:00:00.088177|64|7|7|64|7|57
2026-10-08|09:00:00.091678|64|7|7|64|7|57
2026-10-08|09:05:00.030900|57|7|7|57|7|50
2026-10-08|09:10:00.036015|60|7|7|60|7|53
2026-10-08|09:15:00.047386|66|7|7|66|7|59
2026-10-08|09:20:00.097022|65|7|7|65|7|58
2026-10-08|09:25:00.035284|65|8|8|65|8|57
2026-10-08|09:30:00.064434|69|5|5|69|5|64
2026-10-08|09:31:00.027153|70|6|6|70|6|64
2026-10-08|09:35:00.038088|72|6|6|72|6|66
2026-10-08|09:40:00.063763|72|7|7|72|7|65
2026-10-08|09:45:00.049423|71|8|8|71|8|63
2026-10-08|09:50:00.061986|56|8|8|56|8|48
2026-10-08|09:55:00.064356|57|7|7|57|7|50
(4051 rows)
