scan_date|ticker|tick_et|rank_by_gap|rank_by_prescore|gap_pct|gap_pct_rt|gap_pct_delayed|prev_close|current_price|today_volume|rel_volume|adv|adv_source|pm_rvol|pm_rvol_baseline_n|in_active_theme|price_source|reject_stage|filter_reason|ep_score|score_tier|quality_adv_dollar|market_cap|minutes_since_open
2026-05-01|CUE|09:25:00|1||121.98|||14.74|||14.88|414502.99030199996|polygon_20d||||||already up 2560% in prior 5 days (extended)|||||
2026-05-01|AKAN|09:25:00|2||26.86|||48.96|||15.8|81882.86279|polygon_20d||||||already up 1406% in prior 5 days (extended)|||||
2026-05-01|TWLO|09:25:00|3||21.48|||148.06|||0.07|2193640.516859|polygon_20d|16.989|||||already scored earlier today|||||
2026-05-01|TEAM|09:25:00|4||20.28|||68.59|||0.07|7529581.757224999|polygon_20d|9.981|||||already scored earlier today|||||
2026-05-01|FIVN|09:25:00|5||19.44|||17.2|||0.08|2227663.3370215|polygon_20d||||||already scored earlier today|||||
2026-05-01|ISPC|09:25:00|6||16.64|||5.23|||8.74|518824.4444855|polygon_20d||||||already up 4149% in prior 5 days (extended)|||||
2026-05-01|AIOS|09:25:00|7||15.34|||9.32|||47.82|4775.5999995|polygon_20d||||||already up 2264% in prior 5 days (extended)|||||
2026-05-01|NVT|09:25:00|8||14.07|||142.9|||0.06|2182528.8202125|polygon_20d|37.926|||||score 18 < 50 (catalyst=routine)|18||||
2026-05-01|RDDT|09:25:00|9||13.72|||147.23|||0.15|4121226.405358|polygon_20d|9.948|||||already scored earlier today|||||
2026-05-01|EL|09:25:00|10||11.98|||76.71|||0.07|4862270.834362|polygon_20d|43.33|||||score 46 < 50 (catalyst=strong)|45.6||||
2026-05-01|VEEV|09:25:00|11||11.25|||155.97|||0.06|2014117.1467264998|polygon_20d|18.484|||||M&A/buyout catalyst — no momentum trade|||||
2026-05-01|ROKU|09:25:00|12||10.36|||116.56|||0.04|2549692.443033|polygon_20d|12.381|||||score 43 < 50 (catalyst=strong)|43.2||||
2026-05-01|TMC|09:25:00|13||9.73|||5.24|||0.18|5955891.9746605|polygon_20d||||||routine catalyst, gap 9.7%|||||
2026-05-01|MTZ|09:25:00|14||8.59|||394.05|||0.01|912064.2281665|polygon_20d|8.486|||||pre-mkt volume 6,178 < 25,000 shares|||||
2026-05-01|BOOM|09:25:00|15||8.37|||6.18|||0.01|284274.7731395|polygon_20d||||||pre-mkt volume 1,901 < 25,000 shares|||||
2026-05-01|ANIK|09:25:00|16||8.2|||12.45|||0.01|128140.4470755|polygon_20d||||||pre-mkt volume 1,369 < 25,000 shares|||||
2026-05-04|GBTG|07:55:00|1||56.49|||5.93|||1.08|1287014.6154305|polygon_20d||||||score 48 < 50 (catalyst=routine)|47.5||||
2026-05-04|RLYB|07:55:00|2||41.76|||9.41|||63.34|72053.714661|polygon_20d||||||quality filter: filter:adv_too_low: $400,789|||||
2026-05-04|ADVB|07:55:00|3||30.17|||5.27|||52.38|60286.5788255|polygon_20d||||||quality filter: filter:adv_too_low: $139,809|||||
2026-05-04|CELC|07:55:00|4||15.4|||125.65|||0.03|850688.986577|polygon_20d|74.26|||||pre-mkt volume 23,148 < 25,000 shares|||||
2026-05-04|BB|07:55:00|5||13.19|||5.42|||0.13|16152702.6171395|polygon_20d|18.681|||||score -14 < 50 (catalyst=routine)|-14.4||||
2026-05-04|INNV|07:55:00|6||10.46|||8.32|||0|269389.5066315|polygon_20d||||||pre-mkt volume 715 < 25,000 shares|||||
2026-05-04|NICE|07:55:00|7||9.61|||112.9|||0.1|577593.158599|polygon_20d|26.807|||||routine catalyst, gap 9.6%|||||
2026-05-04|SSM|07:55:00|8||9|||6|||37.48|3123.9296665|polygon_20d||||||quality filter: filter:adv_too_low: $17,799|||||
2026-05-04|OUST|07:55:00|9||8.51|||26.45|||0.07|1728986.889979|polygon_20d|4.847|||||routine catalyst, gap 8.5%|||||
2026-05-04|EBAY|07:55:00|10||8.48|||104.07|||0.15|4927006.398768|polygon_20d|465|||||M&A/buyout catalyst — no momentum trade|||||
2026-05-04|AKTX|07:55:00|11||8.23|||5.47|||0.04|22825.2882795|polygon_20d||||||pre-mkt volume 1,017 < 25,000 shares|||||
2026-05-05|VRDN|09:25:00|1||31.58|||14.06|||1.54|2366092.4191025|polygon_20d||||||already scored earlier today|||||
2026-05-05|STRL|09:25:00|2||29.43|||529.49|||0.11|453337.2665345|polygon_20d|19.304|||||already scored earlier today|||||
2026-05-05|EVER|09:25:00|3||24.23|||14.61|||0.08|723066.844305|polygon_20d||||||already scored earlier today|||||
2026-05-05|CYTK|09:25:00|4||23.13|||66.05|||1.49|2049397.6395255|polygon_20d|2833.2|||||score 36 < 50 (catalyst=routine)|36||||
2026-05-05|EWTX|09:25:00|5||22.42|||31.45|||0.19|931839.3175369999|polygon_20d||||||score 30 < 50 (catalyst=routine)|30||||
2026-05-05|DOCN|09:25:00|6||19.77|||108.81|||0.21|4833638.5005675|polygon_20d|90.973|||||score -6 < 50 (catalyst=routine)|-6||||
2026-05-05|PINS|09:25:00|7||19.14|||20.85|||0.16|14610648.8675575|polygon_20d|101.302|||||M&A/buyout catalyst — no momentum trade|||||
2026-05-05|BDSX|09:25:00|8||17.75|||11.27|||0.33|60957.936988|polygon_20d||||||pre-mkt volume 20,413 < 25,000 shares|||||
2026-05-05|SEAT|09:25:00|9||16.64|||6.43|||0.05|106756.282188|polygon_20d||||||pre-mkt volume 5,122 < 25,000 shares|||||
2026-05-05|FTRE|09:25:00|10||15.1|||12.25|||0.05|1195475.3710785|polygon_20d||||||already scored earlier today|||||
2026-05-05|SHLS|09:25:00|11||14.63|||8.27|||0.07|5062665.775276|polygon_20d|35.141|||||score 18 < 50 (catalyst=routine)|18||||
2026-05-05|WYY|09:25:00|12||13.33|||8.85|||1.18|49497.815350000004|polygon_20d||||||already up 62% in prior 5 days (extended)|||||
2026-05-05|ACNT|09:25:00|13||12.67|||14.92|||0|97594.07054|polygon_20d||||||pre-mkt volume 134 < 25,000 shares|||||
2026-05-05|IART|09:25:00|14||12.49|||10.65|||0.02|823231.94559|polygon_20d||||||pre-mkt volume 14,828 < 25,000 shares|||||
2026-05-05|FLY|09:25:00|15||12.38|||33.37|||0.03|7323692.264873|polygon_20d|2.012|||||EP cooldown — alerted within last 60 days|||||
2026-05-05|FGNX|09:25:00|16||11.42|||6.04|||0.01|82606.513592|polygon_20d||||||pre-mkt volume 1,116 < 25,000 shares|||||
2026-05-05|PLOW|09:25:00|17||10.81|||44.58|||0.04|232789.3440675|polygon_20d||||||pre-mkt volume 8,455 < 25,000 shares|||||
2026-05-05|TRT|09:25:00|18||10.72|||11.67|||0.27|106721.947829|polygon_20d||||||quality filter: filter:adv_too_low: $628,513|||||
2026-05-05|WAT|09:25:00|19||9.65|||301.88|||0|918943.1517195001|polygon_20d|2.393|||||pre-mkt volume 3,158 < 25,000 shares|||||
2026-05-05|RAAQ|09:25:00|20||9.53|||10.865|||0|160050.9501805|polygon_20d||||||pre-mkt volume 488 < 25,000 shares|||||
2026-05-05|ROK|09:25:00|21||9.17|||400.31|||0.02|751092.5300295|polygon_20d||||||outside top-20 gap cap (gap 9.2%)|||||
2026-05-05|WOLF|09:25:00|22||8.9|||35.94|||0.12|4037576.3356755|polygon_20d||||||outside top-20 gap cap (gap 8.9%)|||||
2026-05-05|SILC|09:25:00|23||8.35|||41.44|||0.1|55575.070664|polygon_20d||||||outside top-20 gap cap (gap 8.3%)|||||
2026-05-05|GPK|09:25:00|24||8.26|||9.56|||0.01|6141888.023244|polygon_20d||||||outside top-20 gap cap (gap 8.3%)|||||
2026-05-05|RYTM|09:25:00|25||8.07|||85.58|||0.05|718267.1549569999|polygon_20d||||||outside top-20 gap cap (gap 8.1%)|||||
2026-05-05|IMOS|09:25:00|26||8.02|||48.14|||0.05|76031.07074|polygon_20d||||||outside top-20 gap cap (gap 8.0%)|||||
2026-05-06|AVTX|07:10:00|1||44.96|||16.26|||1.18|777245.5768289999|polygon_20d|5065.798|||||quality filter: filter:mcap_too_small: $371M < $500M|||||
2026-05-06|COMP|07:10:00|2||37.33|||7.26|||0.08|14188741.2165285|polygon_20d|506.065|||||already scored earlier today|||||
2026-05-06|SKK|07:10:00|3||22.3|||5.56|||39.01|69215.3985|polygon_20d||||||already up 227% in prior 5 days (extended)|||||
2026-05-06|FLEX|07:10:00|4||22.28|||96.45|||0.02|3784318.787088|polygon_20d|24.028|||||already scored earlier today|||||
2026-05-06|AMD|07:10:00|5||20.14|||355.26|||0.06|42055397.190777496|polygon_20d|5.965|||||already scored earlier today|||||
2026-05-06|VECO|07:10:00|6||20.1|||49.54|||0.04|1178131.105103|polygon_20d|5.516|||||M&A/buyout catalyst — no momentum trade|||||
2026-05-06|GEO|07:10:00|7||17.59|||18.36|||0.05|1690223.9295705|polygon_20d|134.635|||||already scored earlier today|||||
2026-05-06|FLYW|07:10:00|8||15.9|||14.53|||0.01|1453185.6326835|polygon_20d|0.97|||||pre-mkt volume 8,911 < 25,000 shares|||||
2026-05-06|NVAX|07:10:00|9||15.43|||8.1|||0.14|3476523.853607|polygon_20d|40.687|||||score 34 < 50 (catalyst=routine)|33.6||||
2026-05-06|ELPW|07:10:00|10||14.82|||5.87|||0.4|686104.672725|polygon_20d|0.453|||||filter:pm_rvol_too_low: pm_rvol=0.45x (today 277,770 / baseline 613,313 n=22) < 1.0x|||||
2026-05-06|SMCI|07:10:00|11||14.7|||27.83|||0.06|31170198.2268195|polygon_20d|5.081|||||already scored earlier today|||||
2026-05-06|HUT|07:10:00|12||14.27|||80.51|||0.02|4739292.52007|polygon_20d|8.764|||||score 7 < 50 (catalyst=strong)|7.2||||
2026-05-06|ARTV|07:10:00|13||14.06|||10.6|||0.05|236232.26632350002|polygon_20d||||||pre-mkt volume 11,783 < 25,000 shares|||||
2026-05-06|UMC|07:10:00|14||13.13|||14.01|||0.02|12191634.066134|polygon_20d|3.421|||||score 22 < 50 (catalyst=strong)|21.6||||
2026-05-06|MASS|07:10:00|15||12.55|||7.09|||0|253665.817952|polygon_20d||||||pre-mkt volume 153 < 25,000 shares|||||
2026-05-06|SSRM|07:10:00|16||12.35|||28.25|||0|3607965.6310940003|polygon_20d|1.088|||||pre-mkt volume 6,619 < 25,000 shares|||||
2026-05-06|VCYT|07:10:00|17||12.22|||32.97|||0|783161.9724765001|polygon_20d|0.404|||||filter:pm_rvol_too_low: pm_rvol=0.40x (today 404 / baseline 1,001 n=15) < 1.0x|||||
2026-05-06|CVKD|07:10:00|18||12.18|||6.32|||0.01|53837.5666395|polygon_20d||||||pre-mkt volume 500 < 25,000 shares|||||
2026-05-06|POET|07:10:00|19||12.05|||9.21|||0.08|31300080.9629585|polygon_20d|1.703|||||quality filter: filter:atr_too_high: 22.9% > 15.0%|||||
2026-05-06|KMT|07:10:00|20||11.97|||37.51|||0|1078876.4519725|polygon_20d|3.641|||||pre-mkt volume 2,711 < 25,000 shares|||||
2026-05-06|PENG|07:10:00|21||11.82|||36.45|||0.02|1935831.7707335|polygon_20d||||||outside top-20 gap cap (gap 11.8%)|||||
2026-05-06|SBSW|07:10:00|22||11.77|||11.72|||0.03|4970254.969568|polygon_20d||||||outside top-20 gap cap (gap 11.8%)|||||
2026-05-06|YOU|07:10:00|23||11.76|||58.77|||0|1660817.3577555|polygon_20d||||||outside top-20 gap cap (gap 11.8%)|||||
2026-05-06|CXDO|07:10:00|24||11.72|||8.31|||0.06|134105.20585|polygon_20d||||||outside top-20 gap cap (gap 11.7%)|||||
2026-05-06|ARM|07:10:00|25||11.67|||208.84|||0.06|8108368.5430615|polygon_20d||||||outside top-20 gap cap (gap 11.7%)|||||
2026-05-06|PN|07:10:00|26||11.34|||6.88|||7.23|100457.63819900001|polygon_20d||||||outside top-20 gap cap (gap 11.3%)|||||
2026-05-06|HMY|07:10:00|27||11.3|||15.58|||0.03|5842608.0445515|polygon_20d||||||outside top-20 gap cap (gap 11.3%)|||||
2026-05-06|LFVN|07:10:00|28||10.75|||5.49|||0.28|170367.5412905|polygon_20d||||||outside top-20 gap cap (gap 10.8%)|||||
2026-05-06|DRD|07:10:00|29||10.71|||26.42|||0.05|219332.42684799997|polygon_20d||||||outside top-20 gap cap (gap 10.7%)|||||
2026-05-06|OSCR|07:10:00|30||10.65|||17.94|||0.07|6325085.438306|polygon_20d||||||outside top-20 gap cap (gap 10.7%)|||||
2026-05-06|AMWL|07:10:00|31||10.22|||6.36|||0.01|56700.258279500005|polygon_20d||||||outside top-20 gap cap (gap 10.2%)|||||
2026-05-06|GFI|07:10:00|32||10.2|||41.75|||0.05|3200607.891615|polygon_20d||||||outside top-20 gap cap (gap 10.2%)|||||
2026-05-06|TWIN|07:10:00|33||9.85|||15.84|||0|52214.204035999996|polygon_20d||||||outside top-20 gap cap (gap 9.8%)|||||
2026-05-06|SCZM|07:10:00|34||9.64|||7.78|||0.02|463844.291768|polygon_20d||||||outside top-20 gap cap (gap 9.6%)|||||
2026-05-06|VCX|07:10:00|35||9.59|||137.79|||0.03|367784.724811|polygon_20d||||||outside top-20 gap cap (gap 9.6%)|||||
2026-05-06|DGXX|07:10:00|36||9.39|||5.11|||0.47|2123113.1946765|polygon_20d||||||outside top-20 gap cap (gap 9.4%)|||||
2026-05-06|MT|07:10:00|37||9.16|||58.18|||0.03|1726946.0666615|polygon_20d||||||outside top-20 gap cap (gap 9.2%)|||||
2026-05-06|TECK|07:10:00|38||9.07|||57.8|||0.02|3153857.233412|polygon_20d||||||outside top-20 gap cap (gap 9.1%)|||||
2026-05-06|STLA|07:10:00|39||9.03|||7.2|||0.04|23581867.188233|polygon_20d||||||outside top-20 gap cap (gap 9.0%)|||||
2026-05-06|HNGE|07:10:00|40||8.94|||49.75|||0.02|895940.2008495|polygon_20d||||||outside top-20 gap cap (gap 8.9%)|||||
2026-05-06|NG|07:10:00|41||8.91|||7.93|||0.01|3239921.4075535|polygon_20d||||||outside top-20 gap cap (gap 8.9%)|||||
2026-05-06|ADPT|07:10:00|42||8.85|||13.78|||0|1666437.68341|polygon_20d||||||outside top-20 gap cap (gap 8.8%)|||||
2026-05-06|HYMC|07:10:00|43||8.79|||35.37|||0.01|2384502.914547|polygon_20d||||||outside top-20 gap cap (gap 8.8%)|||||
2026-05-06|AU|07:10:00|44||8.75|||90.9|||0.02|2424578.39408|polygon_20d||||||outside top-20 gap cap (gap 8.8%)|||||
2026-05-06|NBTX|07:10:00|45||8.57|||34.77|||0.05|80913.75889299999|polygon_20d||||||outside top-20 gap cap (gap 8.6%)|||||
2026-05-06|DBVT|07:10:00|46||8.52|||19.49|||0.03|262353.3907875|polygon_20d||||||outside top-20 gap cap (gap 8.5%)|||||
2026-05-06|IAG|07:10:00|47||8.52|||16.31|||0|6851061.4128845|polygon_20d||||||outside top-20 gap cap (gap 8.5%)|||||
2026-05-06|USNA|07:10:00|48||8.46|||19.26|||0|118834.7587725|polygon_20d||||||outside top-20 gap cap (gap 8.5%)|||||
2026-05-06|BCS|07:10:00|49||8.45|||22.83|||0.03|7500902.356698|polygon_20d||||||outside top-20 gap cap (gap 8.4%)|||||
2026-05-06|RCL|07:10:00|50||8.34|||263.98|||0.01|2370963.3175729997|polygon_20d||||||outside top-20 gap cap (gap 8.3%)|||||
2026-05-06|GIG|07:10:00|51||8.17|||8.32|||0|54355.820815|pending||||||outside top-20 gap cap (gap 8.2%)|||||
2026-05-07|AGL|09:25:00|1||51.6|||27.85|||0.48|415305.39732800005|polygon_20d|128.618|||||quality filter: filter:mcap_too_small: $464M < $500M|||||
2026-05-07|ATRA|09:25:00|2||44.27|||5.15|||203.23|76676.7367045|polygon_20d||||||quality filter: filter:adv_too_low: $289,411|||||
2026-05-07|AAON|09:25:00|3||41.91|||98.3|||0.16|781568.1901755|polygon_20d|176.537|||||score 30 < 50 (catalyst=routine)|30||||
2026-05-07|FLNC|09:25:00|4||38.64|||13.56|||0.35|4944418.362030501|polygon_20d|10.714|||||already scored earlier today|||||
2026-05-07|SITM|09:25:00|5||31.55|||623.33|||0.09|372163.166949|polygon_20d|58.965|||||already scored earlier today|||||
2026-05-07|JMIA|09:25:00|6||31.54|||7.46|||0.28|2029427.4690675|polygon_20d|45.7|||||already scored earlier today|||||
2026-05-07|DDOG|09:25:00|7||30.82|||143.71|||0.46|5457147.5614895|polygon_20d|87.534|||||score 30 < 50 (catalyst=routine)|30||||
2026-05-07|CCRN|09:25:00|8||28.78|||10.11|||0.51|332528.0914285|polygon_20d||||||quality filter: filter:mcap_too_small: $326M < $500M|||||
2026-05-07|HIMX|09:25:00|9||28.57|||12.33|||1.13|2911396.445947|polygon_20d|60.232|||||EP cooldown — alerted within last 60 days|||||
2026-05-07|PCT|09:25:00|10||23.3|||7.62|||0.03|3767701.9233095003|polygon_20d|11.676|||||already scored earlier today|||||
2026-05-07|XMTR|09:25:00|11||21.09|||56.4|||0.02|785250.5645275|polygon_20d|18.652|||||pre-mkt volume 18,640 < 25,000 shares|||||
2026-05-07|HNRG|09:25:00|12||17.41|||18.55|||0.03|969731.1562815|polygon_20d|2.291|||||score 36 < 50 (catalyst=routine)|36||||
2026-05-07|BLBD|09:25:00|13||16.85|||65.04|||0.03|369150.92619699996|polygon_20d|9.213|||||pre-mkt volume 11,675 < 25,000 shares|||||
2026-05-07|MTSI|09:25:00|14||16.85|||309.81|||0.04|1085084.4461730001|polygon_20d|30.526|||||already scored earlier today|||||
2026-05-07|SEZL|09:25:00|15||16.83|||86.02|||0.05|746736.206458|polygon_20d|9.997|||||already scored earlier today|||||
2026-05-07|NDLS|09:25:00|16||16.61|||11.32|||0.02|66151.563261|polygon_20d||||||pre-mkt volume 1,285 < 25,000 shares|||||
2026-05-07|FTNT|09:25:00|17||15|||89.95|||0.06|5794235.45338|polygon_20d|35.63|||||already scored earlier today|||||
2026-05-07|ERNA|09:25:00|18||14.9|||6.04|||121.97|23135.2148735|polygon_20d||||||already up 64% in prior 5 days (extended)|||||
2026-05-07|PGY|09:25:00|19||14.57|||14.83|||0.32|3529485.8657135|polygon_20d|14.097|||||score 36 < 50 (catalyst=routine)|36||||
2026-05-07|ELA|09:25:00|20||13.91|||19.19|||0.25|63250.379665|polygon_20d||||||pre-mkt volume 15,791 < 25,000 shares|||||
2026-05-07|KLIC|09:25:00|21||13.83|||93.78|||0.06|647917.9646284999|polygon_20d||||||outside top-20 gap cap (gap 13.8%)|||||
2026-05-07|AKAN|09:25:00|22||13.1|||31|||0.62|1273028.56931|polygon_20d||||||outside top-20 gap cap (gap 13.1%)|||||
2026-05-07|CPS|09:25:00|23||12.81|||30.69|||0.03|174385.2745015|polygon_20d||||||outside top-20 gap cap (gap 12.8%)|||||
2026-05-07|FOUR|09:25:00|24||12.17|||42.88|||0.05|1765177.0137685002|polygon_20d||||||outside top-20 gap cap (gap 12.2%)|||||
2026-05-07|PTON|09:25:00|25||11.54|||5.2|||0.14|13229516.6087485|polygon_20d||||||outside top-20 gap cap (gap 11.5%)|||||
2026-05-07|LFST|09:25:00|26||11.41|||7.36|||0.01|2013249.020025|polygon_20d||||||outside top-20 gap cap (gap 11.4%)|||||
2026-05-07|U|09:25:00|27||10.7|||27.28|||0.1|12712934.300944|polygon_20d||||||outside top-20 gap cap (gap 10.7%)|||||
2026-05-07|EZPW|09:25:00|28||10.65|||33.44|||0.01|750271.0517025|polygon_20d||||||outside top-20 gap cap (gap 10.7%)|||||
2026-05-07|SNOW|09:25:00|29||10.23|||139.74|||0.1|7528485.683927501|polygon_20d||||||outside top-20 gap cap (gap 10.2%)|||||
2026-05-07|ICL|09:25:00|30||10.14|||5.62|||0.04|1363762.9752695002|polygon_20d||||||outside top-20 gap cap (gap 10.1%)|||||
2026-05-07|VCX|09:25:00|31||10.08|||158.98|||0.11|367784.724811|polygon_20d||||||outside top-20 gap cap (gap 10.1%)|||||
2026-05-07|MDB|09:25:00|32||9.89|||265.26|||0.12|1479549.7564365|polygon_20d||||||outside top-20 gap cap (gap 9.9%)|||||
2026-05-07|MKSI|09:25:00|33||9.44|||293.77|||0.01|1221960.0628515|polygon_20d||||||outside top-20 gap cap (gap 9.4%)|||||
2026-05-07|RUN|09:25:00|34||9.2|||12.83|||0.03|8922355.349135|polygon_20d||||||outside top-20 gap cap (gap 9.2%)|||||
2026-05-07|DGII|09:25:00|35||9.11|||58.85|||0|269443.5882705|polygon_20d||||||outside top-20 gap cap (gap 9.1%)|||||
2026-05-07|GWW|09:25:00|36||8.94|||1169.86|||0.03|265191.173094|polygon_20d||||||outside top-20 gap cap (gap 8.9%)|||||
2026-05-07|DASH|09:25:00|37||8.94|||167.97|||0.09|4185766.385613|polygon_20d||||||outside top-20 gap cap (gap 8.9%)|||||
2026-05-07|ALB|09:25:00|38||8.92|||192.61|||0.04|1853130.2277775002|polygon_20d||||||outside top-20 gap cap (gap 8.9%)|||||
2026-05-07|IMOS|09:25:00|39||8.9|||55.5|||0.15|90164.72860850001|polygon_20d||||||outside top-20 gap cap (gap 8.9%)|||||
2026-05-07|ARRY|09:25:00|40||8.86|||8.13|||0.03|5238813.4668315|polygon_20d||||||outside top-20 gap cap (gap 8.9%)|||||
2026-05-07|TAOX|09:25:00|41||8.7|||6.44|||0.12|171369.84430250002|polygon_20d||||||outside top-20 gap cap (gap 8.7%)|||||
2026-05-07|MRNA|09:25:00|42||8.63|||48.79|||0.05|5772225.297549|polygon_20d||||||outside top-20 gap cap (gap 8.6%)|||||
2026-05-07|EXK|09:25:00|43||8.49|||9.31|||0.03|7829363.237855|polygon_20d||||||outside top-20 gap cap (gap 8.5%)|||||
2026-05-07|PTC|09:25:00|44||8.41|||136.765|||0.06|1249905.45521|polygon_20d||||||outside top-20 gap cap (gap 8.4%)|||||
2026-05-07|TREX|09:25:00|45||8.39|||39.91|||0.03|1822546.7658765|polygon_20d||||||outside top-20 gap cap (gap 8.4%)|||||
2026-05-07|ORA|09:25:00|46||8.38|||114.86|||0.03|711641.3363864999|polygon_20d||||||outside top-20 gap cap (gap 8.4%)|||||
2026-05-07|BBSI|09:25:00|47||8.29|||29.44|||0|179342.701902|polygon_20d||||||outside top-20 gap cap (gap 8.3%)|||||
2026-05-07|BLLN|09:25:00|48||8.29|||81.4|||0|446100.4867095|polygon_20d||||||outside top-20 gap cap (gap 8.3%)|||||
2026-05-07|NVST|09:25:00|49||8.24|||27.07|||0.02|2475888.4124635|polygon_20d||||||outside top-20 gap cap (gap 8.2%)|||||
2026-05-07|HAE|09:25:00|50||8.22|||52.67|||0|600100.3585105|polygon_20d||||||outside top-20 gap cap (gap 8.2%)|||||
2026-05-07|NAMS|09:25:00|51||8.2|||30.99|||0.02|1053583.388565|pending||||||outside top-20 gap cap (gap 8.2%)|||||
2026-05-07|PICS|09:25:00|52||8.18|||13.08|||0.01|445766.091475|pending||||||outside top-20 gap cap (gap 8.2%)|||||
2026-05-07|HWM|09:25:00|53||8.03|||256.43|||0.02|4287810.501743|pending||||||outside top-20 gap cap (gap 8.0%)|||||
2026-05-07|PSTV|09:25:00|54||8|||6|||0.12|175947.441716|pending||||||outside top-20 gap cap (gap 8.0%)|||||
2026-05-08|PHOE|07:55:00|1||96.07|||19.06|||186.37|3821.7364255|polygon_20d||||||quality filter: filter:adv_too_low: $39,031|||||
2026-05-08|INOD|07:55:00|2||39.46|||45.64|||0.33|1185620.5191765|polygon_20d|29.819|||||already scored earlier today|||||
2026-05-08|AKAM|07:55:00|3||25.12|||116.69|||0.03|5172087.477405|polygon_20d|30.793|||||already scored earlier today|||||
2026-05-08|FLNC|07:55:00|4||24.14|||18.97|||0.55|5069590.2737865|polygon_20d|37.466|||||EP cooldown — alerted within last 60 days|||||
2026-05-08|VCX|07:55:00|5||19.32|||144.14|||0.06|373218.0177175|polygon_20d|3.501|||||pre-mkt volume 20,537 < 25,000 shares|||||
2026-05-08|AMLX|07:55:00|6||18.42|||15.2|||0|1207013.1263785|polygon_20d|0.151|||||filter:pm_rvol_too_low: pm_rvol=0.15x (today 150 / baseline 995 n=12) < 1.0x|||||
2026-05-08|FROG|07:55:00|7||14.87|||57.02|||0.01|2625297.1769315|polygon_20d|13.063|||||score 43 < 50 (catalyst=strong)|43.2||||
2026-05-08|LASR|07:55:00|8||13.97|||66.19|||0.02|1254745.2143485|polygon_20d|8.677|||||already scored earlier today|||||
2026-05-08|ARTV|07:55:00|9||13.02|||12.52|||5.98|256725.376849|polygon_20d||||||quality filter: filter:mcap_too_small: $309M < $500M|||||
2026-05-08|PGNY|07:55:00|10||12.21|||19.16|||0|1454767.005069|polygon_20d|0.418|||||pre-mkt volume 2,575 < 25,000 shares|||||
2026-05-08|ASYS|07:55:00|11||11.81|||18.21|||0.22|219907.744314|polygon_20d||||||quality filter: filter:mcap_too_small: $262M < $500M|||||
2026-05-08|ALGS|07:55:00|12||11.77|||6.03|||0.76|145583.5353325|polygon_20d||||||quality filter: filter:adv_too_low: $830,963|||||
2026-05-08|XNDX|07:55:00|13||11.71|||33.66|||0.05|282439.672208|pending||||||pre-mkt volume 14,553 < 25,000 shares|||||
2026-05-08|ARLO|07:55:00|14||10.74|||14.9|||0|1174610.922702|polygon_20d|11.311|||||score 36 < 50 (catalyst=strong)|36||||
2026-05-08|TILE|07:55:00|15||10.42|||27.55|||0|606316.5581685|polygon_20d||||||pre-mkt volume 1,011 < 25,000 shares|||||
2026-05-08|AMCI|07:55:00|16||10.23|||5.57|||0.04|44018.588986|polygon_20d||||||pre-mkt volume 1,958 < 25,000 shares|||||
2026-05-08|AXTU|07:55:00|17||9.7|||26.07|||0.04|59300.398|pending||||||pre-mkt volume 2,295 < 25,000 shares|||||
2026-05-08|REA|07:55:00|18||9.39|||22.69|||0.01|1593176.678768|pending||||||pre-mkt volume 20,752 < 25,000 shares|||||
2026-05-08|IREN|07:55:00|19||8.71|||56.85|||0.09|38176964.1672425|polygon_20d|3.85|||||M&A/buyout catalyst — no momentum trade|||||
2026-05-08|TNDM|07:55:00|20||8.28|||18.47|||0.01|1895028.7176555|polygon_20d|3.607|||||pre-mkt volume 14,349 < 25,000 shares|||||
2026-05-08|CALY|07:55:00|21||8.26|||14.77|||0|2493695.117694|polygon_20d||||||outside top-20 gap cap (gap 8.3%)|||||
2026-05-08|PAR|07:55:00|22||8.07|||14.99|||0.01|1690178.3695085|polygon_20d||||||outside top-20 gap cap (gap 8.1%)|||||
2026-05-08|XYZ|07:55:00|23||8.04|||70.14|||0.01|5638376.833603499|polygon_20d||||||outside top-20 gap cap (gap 8.0%)|||||
2026-05-11|BZH|09:25:00|1||34.26|||18.77|||0.6|449777.44686|polygon_20d|203.977|||||already scored earlier today|||||
2026-05-11|MRAM|09:25:00|2||33.3|||26.99|||2.57|862694.37555|polygon_20d|12.454|||||already scored earlier today|||||
2026-05-11|VCX|09:25:00|3||21.99|||190.99|||0.17|367784.724811|polygon_20d|4.699|||||EP cooldown — alerted within last 60 days|||||
2026-05-11|HTCO|09:25:00|4||20.89|||5.84|||0.55|544336.705325|polygon_20d||||||quality filter: filter:atr_too_high: 122.4% > 15.0%|||||
2026-05-11|NVEC|09:25:00|5||20.83|||90.21|||0.35|91424.34453150001|polygon_20d|31.481|||||quality filter: filter:mcap_too_small: $436M < $500M|||||
2026-05-11|INBX|09:25:00|6||18.32|||134.35|||0.41|443773.30403400003|polygon_20d|6.675|||||EP cooldown — alerted within last 60 days|||||
2026-05-11|MNDY|09:25:00|7||17.94|||72.07|||0.45|1684662.786468|polygon_20d|76.625|||||already scored earlier today|||||
2026-05-11|DRTS|09:25:00|8||14.57|||8.51|||3.63|402468.2265715|polygon_20d||||||already scored earlier today|||||
2026-05-11|BW|09:25:00|9||13.2|||14.54|||0.24|3098896.5042279996|polygon_20d|22.266|||||already scored earlier today|||||
2026-05-11|POET|09:25:00|10||13.15|||10.95|||0.09|45446559.631477|polygon_20d|1.039|||||already up 54% in prior 5 days (extended)|||||
2026-05-11|DGXX|09:25:00|11||12.66|||6.63|||3.26|2216047.7405085|polygon_20d|3.027|||||already up 76% in prior 5 days (extended)|||||
2026-05-11|DXYZ|09:25:00|12||12|||54.6|||0.31|2140488.7730115|polygon_20d|8.707|||||EP cooldown — alerted within last 60 days|||||
2026-05-11|MNTS|09:25:00|13||12|||5.46|||0.3|2291293.9699855|polygon_20d|3.607|||||quality filter: filter:atr_too_high: 15.7% > 15.0%|||||
2026-05-11|WYFI|09:25:00|14||12|||21.25|||0.28|872471.8306645|polygon_20d|15.1|||||already scored earlier today|||||
2026-05-11|GSIT|09:25:00|15||10.53|||8.45|||0.18|882528.955836|polygon_20d|8.192|||||quality filter: filter:mcap_too_small: $306M < $500M|||||
2026-05-11|GLIBK|09:25:00|16||10.43|||26.26|||0.06|419963.27360950003|polygon_20d||||||pre-mkt volume 23,379 < 25,000 shares|||||
2026-05-11|WYY|09:25:00|17||10.2|||7.94|||0.05|54432.4089135|polygon_20d||||||pre-mkt volume 2,661 < 25,000 shares|||||
2026-05-11|HIMX|09:25:00|18||10.16|||17.79|||0.24|2992154.346454|polygon_20d|12.97|||||EP cooldown — alerted within last 60 days|||||
2026-05-11|BNAI|09:25:00|19||10.06|||22.26|||0.71|488935.9680645|polygon_20d|2.311|||||quality filter: filter:mcap_too_small: $145M < $500M|||||
2026-05-11|FORM|09:25:00|20||9.39|||147.87|||0.05|1968264.9838235|polygon_20d|4.269|||||score 0 < 50 (catalyst=strong)|0||||
2026-05-11|AIXI|09:25:00|21||9.08|||12.202|||0.04|1795077.5354285|polygon_20d||||||outside top-20 gap cap (gap 9.1%)|||||
2026-05-11|IX|09:25:00|22||9.07|||33.73|||0.01|315352.2648285|polygon_20d||||||outside top-20 gap cap (gap 9.1%)|||||
2026-05-11|QCOM|09:25:00|23||8.81|||219.09|||0.09|22016014.0054115|polygon_20d||||||outside top-20 gap cap (gap 8.8%)|||||
2026-05-11|MRNA|09:25:00|24||8.65|||54.35|||0.23|6070313.942953|polygon_20d||||||outside top-20 gap cap (gap 8.7%)|||||
2026-05-11|ATRA|09:25:00|25||8.51|||8.34|||1.11|81027.2698265|polygon_20d||||||outside top-20 gap cap (gap 8.5%)|||||
2026-05-11|KGS|09:25:00|26||8.47|||69.65|||0.03|1295696.5808595|polygon_20d||||||outside top-20 gap cap (gap 8.5%)|||||
2026-05-11|CEVA|09:25:00|27||8.2|||36.97|||0.12|713281.171721|polygon_20d||||||outside top-20 gap cap (gap 8.2%)|||||
2026-05-11|RDNT|09:25:00|28||8.16|||58.19|||0|878609.8335755|polygon_20d||||||outside top-20 gap cap (gap 8.2%)|||||
2026-05-11|P|09:25:00|29||8.05|||78.16|||0.08|2408428.7459965|polygon_20d||||||outside top-20 gap cap (gap 8.1%)|||||
2026-05-12|VSTS|09:25:00|1||27.42|||9.3|||0.14|1223941.6641055|polygon_20d|81.091|||||already scored earlier today|||||
2026-05-12|HTCO|09:25:00|2||27.09|||7.05|||7.84|639630.0467185|polygon_20d||||||quality filter: filter:atr_too_high: 102.1% > 15.0%|||||
2026-05-12|QUBT|09:25:00|3||24.56|||10.18|||1.06|14865634.813809998|polygon_20d|24.261|||||M&A/buyout catalyst — no momentum trade|||||
2026-05-12|AMBQ|09:25:00|4||20.45|||45.67|||0.19|355527.120428|polygon_20d|48.037|||||already scored earlier today|||||
2026-05-12|VPG|09:25:00|5||17.57|||66.6|||0.23|254319.7903785|polygon_20d|48.079|||||already scored earlier today|||||
2026-05-12|PACS|09:25:00|6||16.61|||31.9|||0.04|730558.0098534999|polygon_20d|30.521|||||already scored earlier today|||||
2026-05-12|WEN|09:25:00|7||15.83|||6.76|||0.71|8336166.8540940005|polygon_20d|63.227|||||M&A/buyout catalyst — no momentum trade|||||
2026-05-12|DSP|09:25:00|8||14.64|||10.59|||0.1|210285.603728|polygon_20d||||||pre-mkt volume 20,374 < 25,000 shares|||||
2026-05-12|TE|09:25:00|9||13.58|||6.04|||0.41|16622272.2718505|polygon_20d|26.99|||||already scored earlier today|||||
2026-05-12|ZBRA|09:25:00|10||13.29|||216.96|||0.1|796117.22512|polygon_20d|227.438|||||already scored earlier today|||||
2026-05-12|HLIT|09:25:00|11||13.02|||12.83|||0.17|1118002.2479535001|polygon_20d|72.248|||||already scored earlier today|||||
2026-05-12|RAL|09:25:00|12||12.41|||49.56|||0.49|1159552.6989315|polygon_20d|110.452|||||M&A/buyout catalyst — no momentum trade|||||
2026-05-12|SE|09:25:00|13||11.81|||84.87|||0.26|3799277.8014085|polygon_20d|34.867|||||already scored earlier today|||||
2026-05-12|GDOT|09:25:00|14||9.5|||12.42|||0.02|425967.608826|polygon_20d||||||pre-mkt volume 8,712 < 25,000 shares|||||
2026-05-12|ARMK|09:25:00|15||9.18|||44.56|||0|2734586.4900350003|polygon_20d|0.332|||||pre-mkt volume 7,210 < 25,000 shares|||||
2026-05-12|ELTX|09:25:00|16||8.53|||11.61|||0.01|127961.515834|polygon_20d||||||pre-mkt volume 1,126 < 25,000 shares|||||
2026-05-12|SGHC|09:25:00|17||8.27|||13.18|||0.02|3639410.324755|polygon_20d|2.708|||||score 0 < 50 (catalyst=strong)|0||||
2026-05-12|VG|09:25:00|18||8.17|||11.62|||0.08|23591337.8157605|polygon_20d|5.493|||||already scored earlier today|||||
2026-05-12|ENHA|09:25:00|19||8.07|||7.31|||0.01|264269.249536|pending||||||pre-mkt volume 2,863 < 25,000 shares|||||
2026-05-13|EOSE|07:55:00|1||26.63|||8.1|||0.56|27380129.505546|polygon_20d|50.707|||||already scored earlier today|||||
2026-05-13|WOLF|07:55:00|2||21.11|||53.72|||0.28|6413585.2449595|polygon_20d|21.45|||||score 6 < 50 (catalyst=routine)|6||||
2026-05-13|BRUNW|07:55:00|3||21.08|||8.16|||0.04|135903.0173|pending||||||pre-mkt volume 4,961 < 25,000 shares|||||
2026-05-13|VELO|07:55:00|4||20.95|||14.06|||0.09|2131497.0978545|polygon_20d|3.927|||||quality filter: filter:mcap_too_small: $419M < $500M|||||
2026-05-13|SLS|07:55:00|5||18.77|||5.22|||0.19|4405047.3449095|polygon_20d|16.209|||||score 7 < 50 (catalyst=routine)|7.2||||
2026-05-13|PENG|07:55:00|6||18.54|||44.13|||0.17|2121692.8602569997|polygon_20d|18.068|||||score 0 < 50 (catalyst=routine)|0||||
2026-05-13|NXT|07:55:00|7||16.22|||125.37|||0.03|1807441.6044245|polygon_20d|41.3|||||M&A/buyout catalyst — no momentum trade|||||
2026-05-13|NBIS|07:55:00|8||15.79|||179.11|||0.12|16629564.897967998|polygon_20d|6.388|||||M&A/buyout catalyst — no momentum trade|||||
2026-05-13|PSNL|07:55:00|9||14.74|||6.04|||0.04|2019727.022509|polygon_20d|19.614|||||score 46 < 50 (catalyst=strong)|45.6||||
2026-05-13|MRAM|07:55:00|10||13.61|||44.01|||0.58|1152078.6948455|polygon_20d|3.115|||||EP cooldown — alerted within last 60 days|||||
2026-05-13|TSEM|07:55:00|11||13.21|||220.83|||0.08|2620863.0940865|polygon_20d|8.134|||||score 6 < 50 (catalyst=strong)|6||||
2026-05-13|VNET|07:55:00|12||12.86|||9.02|||0.09|5475276.701975|polygon_20d|6.687|||||score 28 < 50 (catalyst=routine)|27.6||||
2026-05-13|DXYZ|07:55:00|13||12.83|||53.4|||0.2|2140488.7730115|polygon_20d|7.039|||||EP cooldown — alerted within last 60 days|||||
2026-05-13|BRUN|07:55:00|14||12.21|||18.42|||0.07|1517641.87652|pending||||||quality filter: filter:adv_no_data|||||
2026-05-13|ENHA|07:55:00|15||10.53|||5.84|||0.02|203799.550319|pending||||||pre-mkt volume 3,978 < 25,000 shares|||||
2026-05-13|HTLD|07:55:00|16||10.28|||12.34|||0|444333.278675|polygon_20d||||||pre-mkt volume 100 < 25,000 shares|||||
2026-05-13|AIP|07:55:00|17||9.65|||32.43|||0.14|769640.970047|polygon_20d|22.58|||||already scored earlier today|||||
2026-05-13|PSFE|07:55:00|18||9.32|||8.69|||0.02|334602.918982|polygon_20d||||||pre-mkt volume 8,217 < 25,000 shares|||||
2026-05-13|ERNA|07:55:00|19||8.91|||12.01|||2.92|55271.3620845|polygon_20d||||||already up 221% in prior 5 days (extended)|||||
2026-05-13|IPWR|07:55:00|20||8.87|||5.45|||0.02|274300.873492|polygon_20d||||||pre-mkt volume 5,821 < 25,000 shares|||||
2026-05-13|HIMX|07:55:00|21||8.42|||19.11|||0.07|3374334.9035045|polygon_20d||||||outside top-20 gap cap (gap 8.4%)|||||
2026-05-13|NVTS|07:55:00|22||8.31|||19.25|||0.04|36656948.106185004|polygon_20d||||||outside top-20 gap cap (gap 8.3%)|||||
2026-05-13|REA|07:55:00|23||8.28|||27.6|||0.01|1145384.078112|polygon_20d||||||outside top-20 gap cap (gap 8.3%)|||||
2026-05-13|COHR|07:55:00|24||8.25|||374.01|||0.04|6383458.7685305|polygon_20d||||||outside top-20 gap cap (gap 8.2%)|||||
2026-05-13|FCEL|07:55:00|25||8.15|||17.09|||0.02|9679614.984708|polygon_20d||||||outside top-20 gap cap (gap 8.2%)|||||
2026-05-13|QS|07:55:00|26||8.08|||8.42|||0.05|20421046.829333|polygon_20d||||||outside top-20 gap cap (gap 8.1%)|||||
2026-05-14|POET|09:25:00|1||28.46|||14.37|||0.28|63546423.980158|polygon_20d|3.909|||||already up 102% in prior 5 days (extended)|||||
2026-05-14|HTCO|09:25:00|2||20.41|||7.25|||0.35|675388.8572905|polygon_20d||||||quality filter: filter:atr_too_high: 105.7% > 15.0%|||||
2026-05-14|STAA|09:25:00|3||20.1|||29.4|||0.13|939069.166946|polygon_20d|27.497|||||already scored earlier today|||||
2026-05-14|KLAR|09:25:00|4||17.31|||13.69|||0.62|5314799.900794|polygon_20d|90.413|||||already scored earlier today|||||
2026-05-14|GO|09:25:00|5||16.28|||7.74|||0.02|3024030.8728719996|polygon_20d|27.385|||||already scored earlier today|||||
2026-05-14|STUB|09:25:00|6||15.76|||7.52|||0.06|3851129.441959|polygon_20d|32.737|||||already scored earlier today|||||
2026-05-14|PCT|09:25:00|7||15.2|||10.2|||0.18|4015537.459768|polygon_20d|39.413|||||EP cooldown — alerted within last 60 days|||||
2026-05-14|CSCO|09:25:00|8||14.75|||101.87|||0.16|19294194.30641|polygon_20d|24.764|||||already scored earlier today|||||
2026-05-14|CRMD|09:25:00|9||14.53|||7.5|||0.45|1061337.00899|polygon_20d|70.067|||||already scored earlier today|||||
2026-05-14|IPST|09:25:00|10||13.79|||5.8|||0.88|111661.378027|polygon_20d||||||quality filter: filter:adv_too_low: $284,600|||||
2026-05-14|ONDS|09:25:00|11||13.66|||8.86|||0.3|53355438.2923145|polygon_20d|12.414|||||M&A/buyout catalyst — no momentum trade|||||
2026-05-14|FPS|09:25:00|12||13.14|||45.52|||0.13|4466253.014657499|polygon_20d|23.768|||||already scored earlier today|||||
2026-05-14|TRT|09:25:00|13||11.22|||10.74|||0.14|736807.108756|polygon_20d|0.414|||||filter:pm_rvol_too_low: pm_rvol=0.41x (today 101,601 / baseline 245,542 n=21) < 1.0x|||||
2026-05-14|WWW|09:25:00|14||10.75|||15.53|||0|961934.2145695|polygon_20d|0.777|||||pre-mkt volume 3,501 < 25,000 shares|||||
2026-05-14|AVAH|09:25:00|15||10.04|||6.77|||0.1|1209755.6010955|polygon_20d|61.041|||||routine catalyst, gap 10.0%|||||
2026-05-14|MTSI|09:25:00|16||9.96|||381.55|||0.01|1178319.482144|polygon_20d|3.729|||||pre-mkt volume 12,542 < 25,000 shares|||||
2026-05-14|JLHL|09:25:00|17||9.94|||17|||0.03|57111.579022000005|polygon_20d||||||pre-mkt volume 1,512 < 25,000 shares|||||
2026-05-14|YETI|09:25:00|18||9.86|||38.33|||0.03|1502336.1083614998|polygon_20d|28.087|||||score 30 < 50 (catalyst=strong)|30||||
2026-05-14|LICN|09:25:00|19||9.24|||8.33|||0.31|43717.298523499994|polygon_20d||||||pre-mkt volume 13,488 < 25,000 shares|||||
2026-05-14|VIK|09:25:00|20||8.91|||82.17|||0.06|3107228.063285|polygon_20d|30.02|||||score 36 < 50 (catalyst=strong)|36||||
2026-05-14|LGN|09:25:00|21||8.5|||100|||0.02|1907889.2932025|polygon_20d||||||outside top-20 gap cap (gap 8.5%)|||||
2026-05-14|UMC|09:25:00|22||8.42|||15.92|||0.03|14321864.648196999|polygon_20d||||||outside top-20 gap cap (gap 8.4%)|||||
2026-05-14|SPCB|09:25:00|23||8.13|||11.32|||0.14|66239.4036985|polygon_20d||||||outside top-20 gap cap (gap 8.1%)|||||
2026-05-15|GEMI|09:25:00|1||28.14|||5.26|||1.53|1786277.0595769999|polygon_20d|89.265|||||already scored earlier today|||||
2026-05-15|BRUNW|09:25:00|2||15.5|||14.06|||0.08|290225|pending||||||pre-mkt volume 23,685 < 25,000 shares|||||
2026-05-15|PZZA|09:25:00|3||11.55|||32.72|||0.12|945657.39976|polygon_20d|13.865|||||M&A/buyout catalyst — no momentum trade|||||
2026-05-15|MICC|09:25:00|4||11.45|||15.02|||0.91|1441005.0539935|polygon_20d|96.699|||||EP cooldown — alerted within last 60 days|||||
2026-05-15|WYY|09:25:00|5||11.36|||8.98|||0.52|72865.875747|polygon_20d||||||quality filter: filter:adv_too_low: $477,973|||||
2026-05-15|AERO|09:25:00|6||10.37|||14.95|||0|380376.1559385|polygon_20d|0.324|||||pre-mkt volume 374 < 25,000 shares|||||
2026-05-15|TRT|09:25:00|7||9.13|||14.02|||0.24|811126.4724635|polygon_20d|0.844|||||filter:pm_rvol_too_low: pm_rvol=0.84x (today 191,183 / baseline 226,492 n=23) < 1.0x|||||
2026-05-15|TRST|09:25:00|8||9.12|||49.04|||0|94435.5685285|polygon_20d||||||pre-mkt volume 100 < 25,000 shares|||||
2026-05-15|FIG|09:25:00|9||8.2|||20.24|||0.21|18416573.765150003|polygon_20d|12.884|||||already scored earlier today|||||
2026-05-18|HCAI|09:25:00|1||70.58|||5.54|||31.69|156635.13703749998|polygon_20d||||||quality filter: filter:adv_too_low: $929,069|||||
2026-05-18|RAMP|09:25:00|2||27.28|||29.66|||2.59|519991.67376050004|polygon_20d|1151.331|||||M&A/buyout catalyst — no momentum trade|||||
2026-05-18|TE|09:25:00|3||19.05|||5.67|||0.6|17452258.904558003|polygon_20d|18.076|||||EP cooldown — alerted within last 60 days|||||
2026-05-18|SHAZ|09:25:00|4||16.6|||53.93|||0.52|438106.936081|polygon_20d|47.242|||||score 30 < 50 (catalyst=routine)|30||||
2026-05-18|DSGN|09:25:00|5||14.13|||14.37|||0.88|497796.20726|polygon_20d|856.879|||||score 12 < 50 (catalyst=routine)|12||||
2026-05-18|D|09:25:00|6||13.48|||61.73|||0.32|5016830.088275|polygon_20d|589.062|||||M&A/buyout catalyst — no momentum trade|||||
2026-05-18|CMPS|09:25:00|7||13.4|||10.37|||0.13|4010016.080797|polygon_20d|2.549|||||EP cooldown — alerted within last 60 days|||||
2026-05-18|DXYZ|09:25:00|8||11.93|||47.62|||0.36|2403860.5273289997|polygon_20d|4.385|||||EP cooldown — alerted within last 60 days|||||
2026-05-18|GHRS|09:25:00|9||11.75|||21.39|||0.03|213571.877718|polygon_20d|1.195|||||EP cooldown — alerted within last 60 days|||||
2026-05-18|JLHL|09:25:00|10||11.35|||23.26|||0.04|71427.49641600001|polygon_20d||||||quality filter: filter:adv_too_low: $846,876|||||
2026-05-18|POET|09:25:00|11||10.21|||15.97|||0.09|71493491.992314|polygon_20d|1.226|||||score 18 < 50 (catalyst=strong)|18||||
2026-05-19|AGYS|09:25:00|1||26.61|||70.2|||0.3|290750.359925|polygon_20d|620.45|||||already scored earlier today|||||
2026-05-19|BKKT|09:25:00|2||16.74|||8.72|||0.2|1428828.9848135|polygon_20d|7.534|||||quality filter: filter:mcap_too_small: $389M < $500M|||||
2026-05-19|ENHA|09:25:00|3||16|||5|||1.3|434476.637358|polygon_20d||||||quality filter: filter:adv_no_data|||||
2026-05-19|RLAY|09:25:00|4||11.32|||12.1|||0.46|3220129.379946|polygon_20d|72.704|||||score 33 < 50 (catalyst=strong)|33.1||||
2026-05-19|EVTC|09:25:00|5||11.25|||24.27|||0|360773.9268165|polygon_20d|0.075|||||already scored earlier today|||||
2026-05-19|STC|09:25:00|6||10.54|||68.76|||0|178686.78280400002|polygon_20d|0.747|||||already scored earlier today|||||
2026-05-20|IMVT|09:25:00|1||20.27|||26.29|||0.83|1473020.108232|polygon_20d|73.099|||||score 30 < 50 (catalyst=routine)|30||||
2026-05-20|POET|09:25:00|2||15.46|||13.07|||0.07|75979207.460719|polygon_20d|0.838|||||filter:pm_rvol_too_low: pm_rvol=0.84x (today 5,512,426 / baseline 6,576,184 n=21) < 1.0x|||||
2026-05-20|TATT|09:25:00|3||12.57|||32.69|||0.25|168076.7848045|polygon_20d|20.465|||||quality filter: filter:mcap_too_small: $424M < $500M|||||
2026-05-20|EMAT|09:25:00|4||11.43|||7|||0|135777.406838|polygon_20d||||||quality filter: filter:adv_too_low: $907,759|||||
2026-05-20|CAVA|09:25:00|5||10.79|||78.12|||0.08|3121950.2207025|polygon_20d|47.089|||||score 22 < 50 (catalyst=routine)|21.6||||
2026-05-21|INFQ|09:25:00|1||20.39|||11.18|||0.74|11178551.290184|polygon_20d|16.552|||||already scored earlier today|||||
2026-05-21|QBTS|09:25:00|2||13.42|||19.3|||0.3|31861345.43968|polygon_20d|9.927|||||M&A/buyout catalyst — no momentum trade|||||
2026-05-21|GFS|09:25:00|3||12.97|||70.79|||0.17|4411407.6245345|polygon_20d|9.371|||||score -12 < 50 (catalyst=routine)|-12||||
2026-05-21|RL|09:25:00|4||12.25|||329.24|||0.09|600818.11308|polygon_20d|106.895|||||score 29 < 50 (catalyst=routine)|28.8||||
2026-05-21|RGTI|09:25:00|5||11.79|||16.88|||0.28|33951896.2528165|polygon_20d|9.708|||||M&A/buyout catalyst — no momentum trade|||||
2026-05-21|NBIS|09:25:00|6||10.75|||191.82|||0.08|17795002.715343|polygon_20d|2.087|||||score 6 < 50 (catalyst=strong)|6||||
2026-05-22|AKTX|09:25:00|1||99.42|||5.14|||310.68|25400.875800499998|polygon_20d||||||already up 68% in prior 5 days (extended)|||||
2026-05-22|AKAN|09:25:00|2||20.97|||23.46|||1.19|1355354.8620165|polygon_20d|1.413|||||already up 73% in prior 5 days (extended)|||||
2026-05-22|IMAX|09:25:00|3||13.64|||33.88|||0.04|1160235.4996885|polygon_20d|18.784|||||score 29 < 50 (catalyst=routine)|28.8||||
2026-05-22|LEE|09:25:00|4||13.23|||9.45|||0|56856.579637999996|polygon_20d||||||quality filter: filter:adv_too_low: $447,362|||||
2026-05-22|IMRX|09:25:00|5||13.22|||5.22|||0.15|852002.4651105|polygon_20d||||||quality filter: filter:mcap_too_small: $338M < $500M|||||
2026-05-22|EL|09:25:00|6||12.66|||78.91|||0.05|3749834.276103|polygon_20d|8.996|||||M&A/buyout catalyst — no momentum trade|||||
2026-05-22|HLIT|09:25:00|7||12.44|||12.7|||0.08|1865095.0556700001|polygon_20d|7.759|||||EP cooldown — alerted within last 60 days|||||
2026-05-22|TTMI|09:25:00|8||10.99|||174.55|||0.06|2385722.4529494997|polygon_20d|8.359|||||EP cooldown — alerted within last 60 days|||||
2026-05-22|CITR|09:25:00|9||10.83|||7.2|||0|48695.329756499996|polygon_20d||||||quality filter: filter:adv_too_low: $251,532|||||
2026-05-22|SG|09:25:00|10||10.8|||8.98|||0.05|4926736.5879175|polygon_20d|22.554|||||routine catalyst, gap 10.8%|||||
2026-05-22|GSIT|09:25:00|11||10.57|||9.27|||0.14|1469867.9636590001|polygon_20d|3.153|||||quality filter: filter:mcap_too_small: $335M < $500M|||||
2026-05-26|MNTS|09:25:00|1||64.09|||7.38|||7.72|2525815.7388824997|polygon_20d|143.599|||||quality filter: filter:mcap_too_small: $74M < $500M|||||
2026-05-26|CODX|09:25:00|2||37.87|||5.07|||20.07|321879.82825849997|polygon_20d||||||already up 270% in prior 5 days (extended)|||||
2026-05-26|COAG|09:25:00|3||29.12|||25.89|||0|197799.8733185|polygon_20d|0.016|||||pre-mkt volume 609 < 25,000 shares|||||
2026-05-26|QNTM|09:25:00|4||20.38|||9.24|||0.21|459219.3299475|polygon_20d||||||quality filter: filter:mcap_too_small: $59M < $500M|||||
2026-05-26|PONY|09:25:00|5||19.96|||8.92|||0.35|4246192.398653|polygon_20d|10.512|||||already scored earlier today|||||
2026-05-26|CPSH|09:25:00|6||19.19|||6|||0.67|445535.6579085|polygon_20d||||||quality filter: filter:mcap_too_small: $108M < $500M|||||
2026-05-26|HLIT|09:25:00|7||18.95|||15.2|||0.63|1888872.217831|polygon_20d|39.891|||||EP cooldown — alerted within last 60 days|||||
2026-05-26|MOD|09:25:00|8||18.61|||260.52|||0.23|1016128.360539|polygon_20d|55.749|||||score 29 < 50 (catalyst=routine)|28.8||||
2026-05-26|UMC|09:25:00|9||14.82|||18.22|||0.12|16009467.000318|polygon_20d|5.257|||||score 0 < 50 (catalyst=routine)|0||||
2026-05-26|RDW|09:25:00|10||13.72|||17.49|||0.2|45954055.887757|polygon_20d|5.423|||||already scored earlier today|||||
2026-05-26|ASPI|09:25:00|11||13.69|||5.55|||0.13|4246265.894123|polygon_20d|6.185|||||already scored earlier today|||||
2026-05-26|QTI|09:25:00|12||13.32|||5.03|||0.01|49039.7011645|polygon_20d||||||quality filter: filter:adv_too_low: $305,869|||||
2026-05-26|QUIK|09:25:00|13||12.48|||20.11|||0.05|771995.394923|polygon_20d|0.983|||||filter:pm_rvol_too_low: pm_rvol=0.98x (today 38,143 / baseline 38,802 n=21) < 1.0x|||||
2026-05-26|ESLT|09:25:00|14||11.92|||767.82|||0.15|117529.6311875|polygon_20d|41.117|||||score 29 < 50 (catalyst=routine)|28.8||||
2026-05-26|IPWR|09:25:00|15||11.69|||5.73|||0.16|572833.2100104999|polygon_20d||||||quality filter: filter:atr_too_high: 19.2% > 15.0%|||||
2026-05-26|BTGO|09:25:00|16||11.11|||6.93|||0.39|675037.155718|polygon_20d|26.134|||||already scored earlier today|||||
2026-05-26|FJET|09:25:00|17||10.56|||7.2|||0.46|1364370.5488275|polygon_20d|24.215|||||quality filter: filter:mcap_too_small: $318M < $500M|||||
2026-05-26|JOYY|09:25:00|18||10.44|||54.42|||0.05|278747.1006755|polygon_20d|7.453|||||score 18 < 50 (catalyst=routine)|18||||
2026-05-26|TRT|09:25:00|19||10.42|||13.82|||0.08|1083412.568002|polygon_20d|0.758|||||filter:pm_rvol_too_low: pm_rvol=0.76x (today 84,678 / baseline 111,754 n=21) < 1.0x|||||
2026-05-26|ASX|09:25:00|20||10.34|||34.81|||0.04|8863068.7095615|polygon_20d|1.966|||||routine catalyst, gap 10.3%|||||
2026-05-26|CCOI|09:25:00|21||10.13|||18.16|||0.05|1053147.2329355|polygon_20d||||||outside top-20 gap cap (gap 10.1%)|||||
2026-05-27|QTTB|09:25:00|1||31.87|||7.09|||14.72|299996.768248|polygon_20d|87.763|||||quality filter: filter:mcap_too_small: $120M < $500M|||||
2026-05-27|DY|09:25:00|2||27.24|||420.47|||0.08|488402.261234|polygon_20d|115.897|||||already scored earlier today|||||
2026-05-27|CPSH|09:25:00|3||22.48|||11.12|||2.33|459834.045371|polygon_20d||||||already up 159% in prior 5 days (extended)|||||
2026-05-27|LFVN|09:25:00|4||20.03|||6.93|||0.52|195731.6402845|polygon_20d||||||quality filter: filter:adv_too_low: $899,152|||||
2026-05-27|IPWR|09:25:00|5||16|||6.92|||4.69|611051.6982205|polygon_20d||||||quality filter: filter:atr_too_high: 17.0% > 15.0%|||||
2026-05-27|UMC|09:25:00|6||15.23|||21.08|||0.07|16794440.0301265|polygon_20d|3.003|||||score 6 < 50 (catalyst=routine)|6||||
2026-05-27|MBI|09:25:00|7||12.75|||6.12|||0|312098.254892|polygon_20d||||||quality filter: filter:mcap_too_small: $312M < $500M|||||
2026-05-27|CRSR|09:25:00|8||12.24|||8.09|||0.23|1068904.44078|polygon_20d|55.223|||||already scored earlier today|||||
2026-05-27|MNTS|09:25:00|9||12.02|||15.48|||4.67|2525815.7388824997|polygon_20d|83.803|||||already up 166% in prior 5 days (extended)|||||
2026-05-27|ASTI|09:25:00|10||11.88|||5.64|||0.57|1225564.177287|polygon_20d||||||score 40 < 50 (catalyst=routine)|40.3||||
2026-05-27|CLFD|09:25:00|11||11.5|||47.04|||0.07|353534.090006|polygon_20d|10.859|||||routine catalyst, gap 11.5%|||||
2026-05-27|RDW|09:25:00|12||10.93|||22.04|||0.37|47892865.066916004|polygon_20d|10.306|||||EP cooldown — alerted within last 60 days|||||
2026-05-27|DTIL|09:25:00|13||10.82|||7.58|||0.42|218559.0350485|polygon_20d||||||quality filter: filter:mcap_too_small: $196M < $500M|||||
2026-05-27|MX|09:25:00|14||10.66|||6.38|||0.1|2706065.6468510004|polygon_20d|2.013|||||already up 57% in prior 5 days (extended)|||||
2026-05-27|BBWI|09:25:00|15||10.55|||17.73|||0.07|5998465.455696|polygon_20d|99.002|||||score 33 < 50 (catalyst=routine)|33.1||||
2026-05-27|AMRN|09:25:00|16||10.49|||14.3|||0|61468.875565|polygon_20d||||||quality filter: filter:adv_too_low: $730,948|||||
2026-05-27|SIDU|09:25:00|17||10.26|||6.2|||0.31|24043034.548505|polygon_20d|8.976|||||already up 72% in prior 5 days (extended)|||||
2026-05-28|ASTC|09:25:00|1||65.1|||13.81|||238.95|54432.5545755|polygon_20d||||||already up 506% in prior 5 days (extended)|||||
2026-05-28|SNOW|09:25:00|2||36.14|||175.26|||0.3|7528485.683927501|polygon_20d|19.93|||||score 48 < 50 (catalyst=routine)|47.5||||
2026-05-28|UMAC|09:25:00|3||30.32|||18.83|||0.84|4962110.478743|polygon_20d|51.332|||||score 18 < 50 (catalyst=routine)|18||||
2026-05-28|CRSR|09:25:00|4||25.59|||9.82|||1.69|1180820.1395815|polygon_20d|398.554|||||EP cooldown — alerted within last 60 days|||||
2026-05-28|PHR|09:25:00|5||18.29|||9.13|||0.03|1446080.803449|polygon_20d|16.493|||||score 48 < 50 (catalyst=routine)|48||||
2026-05-28|LTRX|09:25:00|6||18.21|||7.25|||0.52|855657.4418745|polygon_20d|68.441|||||quality filter: filter:mcap_too_small: $289M < $500M|||||
2026-05-28|RCAT|09:25:00|7||18.19|||10.67|||0.51|10622429.063669499|polygon_20d|15.285|||||already scored earlier today|||||
2026-05-28|DLTR|09:25:00|8||18.13|||95.87|||0.24|4128644.560849|polygon_20d|457.267|||||score 40 < 50 (catalyst=routine)|40.3||||
2026-05-28|KSS|09:25:00|9||17.94|||12.93|||0.18|4805689.6079035|polygon_20d|56.477|||||score 40 < 50 (catalyst=routine)|40.3||||
2026-05-28|CTRN|09:25:00|10||16.95|||46.6|||0.01|125977.02463999999|polygon_20d||||||quality filter: filter:mcap_too_small: $390M < $500M|||||
2026-05-28|DPRO|09:25:00|11||13.19|||6.67|||0.31|1609262.269081|polygon_20d|10.315|||||quality filter: filter:mcap_too_small: $243M < $500M|||||
2026-05-28|KTOS|09:25:00|12||13.09|||57.3|||0.17|4223872.677192001|polygon_20d|14.359|||||already scored earlier today|||||
2026-05-28|A|09:25:00|13||11.79|||115.84|||0.01|2305135.4100615|polygon_20d|37.107|||||score 18 < 50 (catalyst=routine)|18||||
2026-05-28|DUKR|09:25:00|14||11.61|||6.72|||0.33|7433|polygon_20d||||||quality filter: filter:adv_too_low: $311,815|||||
2026-05-28|AIRO|09:25:00|15||11.39|||7.29|||0.31|471493.3034565|polygon_20d||||||quality filter: filter:mcap_too_small: $229M < $500M|||||
2026-05-28|NBIS|09:25:00|16||10.85|||208.37|||0.09|16444243.688325498|polygon_20d|1.84|||||score 7 < 50 (catalyst=strong)|7.2||||
2026-05-28|CODX|09:25:00|17||10.84|||7.3|||0.99|394241.69750799995|polygon_20d||||||already up 433% in prior 5 days (extended)|||||
2026-05-28|AVAV|09:25:00|18||10.55|||181.28|||0.21|1139936.379432|polygon_20d|20.127|||||already scored earlier today|||||
2026-05-28|JFB|09:25:00|19||10.51|||5.18|||8.69|252812.72808650002|polygon_20d||||||quality filter: filter:mcap_too_small: $79M < $500M|||||
2026-05-28|MWC|09:25:00|20||10.47|||6.02|||0.15|700020.563565|polygon_20d||||||quality filter: filter:adv_no_data|||||
2026-05-28|PDYN|09:25:00|21||10.24|||7.52|||0.37|1358508.019261|polygon_20d||||||outside top-20 gap cap (gap 10.2%)|||||
2026-05-29|DELL|09:25:00|1||33.29|||317.05|||0.52|6696352.199104|polygon_20d|30.27|||||already scored earlier today|||||
2026-05-29|PD|09:25:00|2||22.72|||7.44|||0.09|1952024.7212975|polygon_20d|33.304|||||already scored earlier today|||||
2026-05-29|ASTC|09:25:00|3||21.3|||29.43|||35.11|60508.449141499994|polygon_20d||||||already up 1191% in prior 5 days (extended)|||||
2026-05-29|MX|09:25:00|4||20.77|||6.79|||0.27|3430228.7028165|polygon_20d|6.923|||||already up 58% in prior 5 days (extended)|||||
2026-05-29|NTAP|09:25:00|5||20.01|||142.4|||0.05|2369406.75509|polygon_20d|47.655|||||score 14 < 50 (catalyst=routine)|14.4||||
2026-05-29|BRUN|09:25:00|6||16.53|||32.91|||0.08|1656488.497823|polygon_20d|1.45|||||score 36 < 50 (catalyst=routine)|36||||
2026-05-29|QURE|09:25:00|7||16.22|||24.85|||0.27|1741232.636302|polygon_20d|33.795|||||M&A/buyout catalyst — no momentum trade|||||
2026-05-29|TSSI|09:25:00|8||14.92|||13.54|||0.39|1580993.5677685002|polygon_20d|18.525|||||quality filter: filter:mcap_too_small: $380M < $500M|||||
2026-05-29|CHA|09:25:00|9||13.58|||10.16|||0.54|520527.6553055|polygon_20d||||||already scored earlier today|||||
2026-05-29|PENG|09:25:00|10||12.63|||54.07|||0.1|3339327.870751|polygon_20d|2.745|||||score 14 < 50 (catalyst=strong)|14.4||||
2026-05-29|HPE|09:25:00|11||12.43|||38.21|||0.14|16730682.751418501|polygon_20d|30.623|||||score -14 < 50 (catalyst=routine)|-14.4||||
2026-05-29|SMCI|09:25:00|12||10.68|||41.3|||0.1|38358971.23577601|polygon_20d|3.738|||||EP cooldown — alerted within last 60 days|||||
2026-05-29|CGCT|09:25:00|13||10.67|||13.5|||0.01|136931.9038465|polygon_20d||||||M&A/buyout catalyst — no momentum trade|||||
2026-05-29|NXT|09:25:00|14||10.43|||137.17|||0.02|2461801.963125|polygon_20d|4.626|||||routine catalyst, gap 10.4%|||||
2026-05-29|SOFI|09:25:00|15||10.08|||16.97|||0.27|66272094.269214004|polygon_20d|6.717|||||score 28 < 50 (catalyst=routine)|27.6||||
2026-05-29|VWAV|09:25:00|16||10.05|||6.07|||0.2|619437.5626955|polygon_20d||||||quality filter: filter:mcap_too_small: $154M < $500M|||||
2026-06-01|ELMT|09:25:00|1||25.46|||15.28|||0.87|515498.6357045|polygon_20d|122.203|||||quality filter: filter:mcap_too_small: $460M < $500M|||||
2026-06-01|SPCE|09:25:00|2||23.62|||6.18|||1.84|12682954.808123|polygon_20d|61.863|||||already up 91% in prior 5 days (extended)|||||
2026-06-01|TMHC|09:25:00|3||22.34|||58.5|||1.59|1157909.3594225|polygon_20d|1673.937|||||M&A/buyout catalyst — no momentum trade|||||
2026-06-01|EWTX|09:25:00|4||22.31|||34.16|||0.27|1133521.3031755001|polygon_20d|11.398|||||score 30 < 50 (catalyst=routine)|30||||
2026-06-01|FLNC|09:25:00|5||21.24|||18.88|||0.24|11088032.936243001|polygon_20d|3.755|||||EP cooldown — alerted within last 60 days|||||
2026-06-01|PURR|09:25:00|6||21.02|||9.99|||0.19|10821888.0801895|polygon_20d|7.39|||||score 0 < 50 (catalyst=routine)|0||||
2026-06-01|SLMT|09:25:00|7||14.21|||5.77|||0.07|110078.30421850001|polygon_20d||||||quality filter: filter:adv_too_low: $518,268|||||
2026-06-01|SAIC|09:25:00|8||14.09|||104.2|||0.05|513858.063281|polygon_20d||||||score 29 < 50 (catalyst=routine)|28.8||||
2026-06-01|CIA|09:25:00|9||13.68|||5.19|||0|81267.05836550001|polygon_20d||||||quality filter: filter:adv_too_low: $410,308|||||
2026-06-01|TNDM|09:25:00|10||13.37|||17.2|||0.02|2764750.587469|polygon_20d|6.057|||||already scored earlier today|||||
2026-06-01|MGM|09:25:00|11||11.98|||43.67|||0.34|5366308.007097|polygon_20d|71.855|||||M&A/buyout catalyst — no momentum trade|||||
2026-06-01|ARM|09:25:00|12||11.24|||353.29|||0.13|13596372.971562501|polygon_20d|3.678|||||EP cooldown — alerted within last 60 days|||||
2026-06-01|SKM|09:25:00|13||10.63|||37.34|||0.28|2526776.9354189998|polygon_20d|7.191|||||score 36 < 50 (catalyst=strong)|36||||
2026-06-01|LILA|09:25:00|14||10.27|||7.3364|||0.01|437070.680031|polygon_20d||||||routine catalyst, gap 10.3%|||||
2026-06-01|FSSL|09:25:00|15||10.26|||11.79|||0|325703.60565000004|polygon_20d||||||routine catalyst, gap 10.3%|||||
2026-06-01|LILAK|09:25:00|16||10|||7.4545|||0|856534.113891|polygon_20d|1.172|||||routine catalyst, gap 10.0%|||||
2026-06-02|HPE|09:25:00|1||26.62|||47|||0.39|16730682.751418501|polygon_20d|74.687|||||already scored earlier today|||||
2026-06-02|LFVN|09:25:00|2||21.77|||9.43|||0.49|265080.829333|polygon_20d||||||quality filter: filter:adv_too_low: $975,370|||||
2026-06-02|RLAY|09:25:00|3||19.21|||14.26|||0.05|3487449.0075519998|polygon_20d|1.364|||||EP cooldown — alerted within last 60 days|||||
2026-06-02|MRVL|09:25:00|4||16.22|||219.43|||0.42|29916838.215758|polygon_20d|11.296|||||already scored earlier today|||||
2026-06-02|GRRR|09:25:00|5||15.61|||21.14|||0.64|1019394.6003630001|polygon_20d|12.661|||||already scored earlier today|||||
2026-06-02|CNXU|09:25:00|6||13.24|||14.12|||0.27|45873.76848|polygon_20d||||||quality filter: filter:adv_no_data|||||
2026-06-02|NCSM|09:25:00|7||12.75|||46.51|||0.48|31795.168393|polygon_20d||||||quality filter: filter:adv_too_low: $965,820|||||
2026-06-02|CTRN|09:25:00|8||11.2|||44.28|||0.02|142933.37390950002|polygon_20d||||||quality filter: filter:mcap_too_small: $370M < $500M|||||
2026-06-02|RLMD|09:25:00|9||10.95|||6.85|||0|908717.791457|polygon_20d|0.385|||||filter:pm_rvol_too_low: pm_rvol=0.39x (today 714 / baseline 1,854 n=16) < 1.0x|||||
2026-06-02|CAMT|09:25:00|10||10.67|||163.09|||0.07|492871.7926315|polygon_20d|6.914|||||already scored earlier today|||||
2026-06-02|TNK|09:25:00|11||10.1|||72.21|||0|404743.332343|polygon_20d|0.215|||||filter:pm_rvol_too_low: pm_rvol=0.21x (today 150 / baseline 697 n=11) < 1.0x|||||
2026-06-03|NVTS|09:25:00|1||22.54|||25.86|||0.27|37372324.1854085|polygon_20d|11.088|||||already scored earlier today|||||
2026-06-03|NN|09:25:00|2||13.37|||20.05|||0.11|2502506.6338855|polygon_20d|51.578|||||score 18 < 50 (catalyst=routine)|18||||
2026-06-03|SVCO|09:25:00|3||12.24|||12.17|||0.25|473540.474339|polygon_20d||||||quality filter: filter:mcap_too_small: $407M < $500M|||||
2026-06-03|ABVX|09:25:00|4||11.81|||72.5|||0.82|1180246.8789575|polygon_20d|18.978|||||already scored earlier today|||||
2026-06-04|STI|09:25:00|1||310.71|||5.04|||726.28|63045.195202999996|polygon_20d||||||quality filter: filter:adv_too_low: $258,256|||||
2026-06-04|ROLR|09:25:00|2||46.79|||5.6|||15.62|276983.15919|polygon_20d|2.357|||||quality filter: filter:mcap_too_small: $61M < $500M|||||
2026-06-04|SPRC|09:25:00|3||40.8|||9.46|||147.26|38753.910727|polygon_20d||||||already up 115% in prior 5 days (extended)|||||
2026-06-04|FOFO|09:25:00|4||22.15|||6.59|||2.57|71645.47403499999|polygon_20d||||||already up 262% in prior 5 days (extended)|||||
2026-06-04|ELPC|09:25:00|5||14.52|||11.36|||0|275885.0279745|polygon_20d||||||score 18 < 50 (catalyst=routine)|18||||
2026-06-04|CVV|09:25:00|6||10.14|||5.84|||0|224349.505536|polygon_20d||||||quality filter: filter:adv_too_low: $945,008|||||
2026-06-05|STI|09:25:00|1||80.16|||22.71|||249.2|67213.149317|polygon_20d||||||already up 388% in prior 5 days (extended)|||||
2026-06-05|BBCP|09:25:00|2||33.83|||7.98|||2.14|121732.8930175|polygon_20d||||||quality filter: filter:adv_too_low: $851,850|||||
2026-06-05|MRLN|09:25:00|3||30.36|||7.18|||3.33|2146737.8850755002|polygon_20d|266.84|||||already scored earlier today|||||
2026-06-05|MCRB|09:25:00|4||14.74|||6.85|||0.4|46741.348440999995|polygon_20d||||||quality filter: filter:adv_too_low: $268,794|||||
2026-06-05|TTAN|09:25:00|5||13.9|||74.33|||0.05|1435227.910682|polygon_20d|20.266|||||already scored earlier today|||||
2026-06-08|OCC|09:25:00|1||49.35|||12.3|||12.98|352195.743205|polygon_20d||||||quality filter: filter:mcap_too_small: $109M < $500M|||||
2026-06-08|TNGX|09:25:00|2||47.33|||20.22|||0.86|3223894.7701709997|polygon_20d|223.901|||||score 25 < 50 (catalyst=routine)|25||||
2026-06-08|SDOT|09:25:00|3||19.44|||12.14|||0.77|313241.201075|polygon_20d||||||already up 345% in prior 5 days (extended)|||||
2026-06-08|WEAV|09:25:00|4||15.99|||5.69|||0|1279102.314692|polygon_20d|0.119|||||filter:pm_rvol_too_low: pm_rvol=0.12x (today 276 / baseline 2,312 n=16) < 1.0x|||||
2026-06-08|ARTV|09:25:00|5||14.89|||6.85|||0.03|468618.675157|polygon_20d||||||quality filter: filter:mcap_too_small: $333M < $500M|||||
2026-06-08|NRIX|09:25:00|6||14.62|||14.64|||5.17|1057088.3050179998|polygon_20d|401.492|||||already scored earlier today|||||
2026-06-08|IPWR|09:25:00|7||14.43|||6.03|||0.11|915852.5155025|polygon_20d|0.606|||||filter:pm_rvol_too_low: pm_rvol=0.61x (today 104,416 / baseline 172,341 n=22) < 1.0x|||||
2026-06-08|WOLF|09:25:00|8||12.95|||55.06|||0.05|10427106.9368625|polygon_20d|1.323|||||quality filter: filter:atr_too_high: 20.3% > 15.0%|||||
2026-06-08|SRI|09:25:00|9||12.83|||7.09|||0|205942.750684|polygon_20d||||||quality filter: filter:mcap_too_small: $200M < $500M|||||
2026-06-08|INTC|09:25:00|10||12.69|||99.17|||0.06|153765390.445925|polygon_20d|1.232|||||EP cooldown — alerted within last 60 days|||||
2026-06-08|VRCA|09:25:00|11||10.68|||6.04|||0|54771.0678855|polygon_20d||||||quality filter: filter:adv_too_low: $255,984|||||
2026-06-08|NNE|09:25:00|12||10.4|||23.56|||0.16|2667826.734995|polygon_20d|3.551|||||EP cooldown — alerted within last 60 days|||||
2026-06-09|NUVL|09:25:00|1||38.8|||88.49|||22.83|652755.285681|polygon_20d|31424.487|||||M&A/buyout catalyst — no momentum trade|||||
2026-06-09|RNAC|09:25:00|2||22.35|||5.86|||1.82|179574.06703849998|polygon_20d||||||quality filter: filter:adv_too_low: $998,861|||||
2026-06-09|BNAI|09:25:00|3||19.89|||18.27|||3.41|367704.4487835|polygon_20d|24.614|||||quality filter: filter:atr_too_high: 19.0% > 15.0%|||||
2026-06-09|STAK|09:25:00|4||19.1|||5.13|||0.36|1829315.597658|polygon_20d||||||already up 426% in prior 5 days (extended)|||||
2026-06-09|ADUR|09:25:00|5||14.58|||14.4|||0.15|540291.873951|polygon_20d|7.247|||||quality filter: filter:mcap_too_small: $486M < $500M|||||
2026-06-09|APLD|09:25:00|6||13.08|||40.945|||0.08|22030851.557001002|polygon_20d|3.361|||||EP cooldown — alerted within last 60 days|||||
2026-06-09|FCEL|09:25:00|7||12.52|||15.5|||0.05|12691967.1760425|polygon_20d|1.92|||||quality filter: filter:atr_too_high: 22.9% > 15.0%|||||
2026-06-09|AMPG|09:25:00|8||11.11|||6.57|||0.1|6223117.9797115|polygon_20d|1.952|||||quality filter: filter:mcap_too_small: $166M < $500M|||||
2026-06-09|CECO|09:25:00|9||10.58|||80.53|||0.05|951269.5945979999|polygon_20d|19.325|||||score 6 < 50 (catalyst=routine)|6||||
2026-06-10|STAK|09:25:00|1||21.06|||5.65|||0.07|2425787.390527|polygon_20d|0.438|||||filter:pm_rvol_too_low: pm_rvol=0.44x (today 160,635 / baseline 366,973 n=20) < 1.0x|||||
2026-06-10|CBRL|09:25:00|2||17.63|||36.3|||0.15|1061825.0283535|polygon_20d|169.955|||||score 26 < 50 (catalyst=routine)|25.9||||
2026-06-10|SUJA|09:25:00|3||14.53|||15.55|||0.02|296906.803514|polygon_20d|15.356|||||quality filter: filter:mcap_too_small: $370M < $500M|||||
2026-06-11|ELVN|09:25:00|1||22.15|||37|||0.3|726611.6913205001|polygon_20d|85.122|||||already scored earlier today|||||
2026-06-11|NAVN|09:25:00|2||20.36|||20.87|||0.12|3896958.344165|polygon_20d|54.625|||||already scored earlier today|||||
2026-06-11|DXC|09:25:00|3||10.88|||8.82|||0.1|5074450.164482|polygon_20d|67.165|||||routine catalyst, gap 10.9%|||||
2026-06-11|IMOS|09:25:00|4||10.67|||55.12|||0.06|127264.2221235|polygon_20d|2.31|||||score 20 < 50 (catalyst=strong)|20||||
2026-06-11|BGDE|09:25:00|5||10.5|||6.38|||0.13|133398.0789565|polygon_20d||||||quality filter: filter:adv_too_low: $641,350|||||
2026-06-12|EDHL|09:25:00|1||39.13|||5.98|||64.01|91296.0543365|polygon_20d||||||already up 129% in prior 5 days (extended)|||||
2026-06-12|SHAZ|09:25:00|2||10.14|||71.51|||0.81|704230.188105|polygon_20d|25.169|||||already scored earlier today|||||
2026-06-15|SDOT|09:25:00|1||35.72|||16.21|||0.47|491562.941613|polygon_20d||||||quality filter: filter:atr_too_high: 44.8% > 15.0%|||||
2026-06-15|WOLF|09:25:00|2||17.27|||43.14|||0.06|10290990.2480865|polygon_20d|1.614|||||quality filter: filter:atr_too_high: 22.7% > 15.0%|||||
2026-06-15|SNSE|09:25:00|3||17.23|||13|||0.12|50191.8638965|polygon_20d||||||quality filter: filter:adv_too_low: $711,480|||||
2026-06-15|IDR|09:25:00|4||14.07|||36.39|||0.06|268243.21135500004|polygon_20d|12.503|||||score 40 < 50 (catalyst=routine)|40.3||||
2026-06-15|LII|09:25:00|5||13.25|||512.15|||0|397030.2344535|polygon_20d|1.559|||||pre-mkt volume 451 < 25,000 shares|||||
2026-06-15|TRIP|09:25:00|6||12.01|||12.41|||0.15|4161999.117023|polygon_20d|43.644|||||M&A/buyout catalyst — no momentum trade|||||
2026-06-15|PRLB|09:25:00|7||11.46|||78.94|||0.01|213943.80154299998|polygon_20d|8.287|||||routine catalyst, gap 11.5%|||||
2026-06-15|HYMC|09:25:00|8||10.83|||25.76|||0.03|2382789.5169345|polygon_20d|2.062|||||routine catalyst, gap 10.8%|||||
2026-06-15|SBSW|09:25:00|9||10.34|||9.86|||0.08|5113537.373862|polygon_20d|3.488|||||routine catalyst, gap 10.3%|||||
2026-06-15|HMY|09:25:00|10||10.28|||15.86|||0.08|4844230.4284645|polygon_20d|3.35|||||routine catalyst, gap 10.3%|||||
2026-06-16|TDIC|09:25:00|1||103.5|||5.43|||17.25|653776.1956404999|polygon_20d||||||quality filter: filter:atr_too_high: 66.0% > 15.0%|||||
2026-06-16|RXT|09:25:00|2||21.07|||5.915|||0.62|26136457.394183|polygon_20d|32.406|||||already scored earlier today|||||
2026-06-16|AIBZ|09:25:00|3||14.56|||6.25|||0.09|359579.843995|polygon_20d||||||quality filter: filter:adv_no_data|||||
2026-06-16|PURR|09:25:00|4||13.49|||9.34|||0.07|19748260.2604145|polygon_20d|2.209|||||score 0 < 50 (catalyst=routine)|0||||
2026-06-16|EOSE|09:25:00|5||11.76|||6.38|||0.09|25711726.035912|polygon_20d|3.861|||||EP cooldown — alerted within last 60 days|||||
2026-06-16|SHMD|09:25:00|6||11.56|||6.23|||0.37|1247117.273665|polygon_20d|15.964|||||quality filter: filter:mcap_too_small: $360M < $500M|||||
2026-06-16|CNXU|09:25:00|7||10.59|||9.82|||0|76995.574366|polygon_20d||||||quality filter: filter:adv_too_low: $891,911|||||
2026-06-17|ALOT|09:25:00|1||70.5|||16.69|||0.15|60856.155193|polygon_20d||||||quality filter: filter:adv_too_low: $989,524|||||
2026-06-17|QURE|09:25:00|2||66.21|||26.99|||2.27|1450821.3110004999|polygon_20d|98.961|||||already scored earlier today|||||
2026-06-17|SDOT|09:25:00|3||45.33|||8.67|||0.69|631617.193456|polygon_20d|0.407|||||filter:pm_rvol_too_low: pm_rvol=0.41x (today 434,923 / baseline 1,069,779 n=20) < 1.0x|||||
2026-06-17|CLPT|09:25:00|4||35.53|||13.34|||4.16|606820.9845085|polygon_20d|83.985|||||quality filter: filter:mcap_too_small: $400M < $500M|||||
2026-06-17|LZB|09:25:00|5||18.25|||35.06|||0.14|381953.760026|polygon_20d|224.48|||||score 30 < 50 (catalyst=routine)|30||||
2026-06-17|MNTS|09:25:00|6||17.94|||9.31|||0.29|6870471.194068|polygon_20d|0.971|||||filter:pm_rvol_too_low: pm_rvol=0.97x (today 2,000,409 / baseline 2,060,208 n=20) < 1.0x|||||
2026-06-17|BRAI|09:25:00|7||16.56|||7.49|||1.47|65988.0483085|polygon_20d||||||quality filter: filter:adv_too_low: $469,016|||||
2026-06-17|SMHI|09:25:00|8||14.91|||7.11|||0|73414.84079300001|polygon_20d||||||quality filter: filter:adv_too_low: $493,585|||||
2026-06-17|PBLS|09:25:00|9||13.16|||26.59|||0.03|1600445.896924|polygon_20d||||||quality filter: filter:adv_no_data|||||
2026-06-17|RGNT|09:25:00|10||10.32|||6.1|||34.74|70317.1635045|polygon_20d||||||already up 377% in prior 5 days (extended)|||||
2026-06-18|CAST|09:25:00|1||130.68|||5.15|||150.36|348742.262514|polygon_20d||||||already up 771% in prior 5 days (extended)|||||
2026-06-18|BFLY|09:25:00|2||25.22|||5.71|||0.26|4653325.134958999|polygon_20d|85.188|||||score 10 < 50 (catalyst=routine)|10||||
2026-06-18|QS|09:25:00|3||18.71|||6.9|||0.16|27327089.605309002|polygon_20d|10.449|||||EP cooldown — alerted within last 60 days|||||
2026-06-18|BGDE|09:25:00|4||18.56|||9.7|||0.3|131056.4555825|polygon_20d||||||already up 52% in prior 5 days (extended)|||||
2026-06-18|UUUU|09:25:00|5||16.86|||15.3|||0.22|9578939.4043275|polygon_20d|14.01|||||already scored earlier today|||||
2026-06-18|RUM|09:25:00|6||15.91|||7.29|||0.2|3126274.9929045|polygon_20d|10.823|||||EP cooldown — alerted within last 60 days|||||
2026-06-18|SWBI|09:25:00|7||13.11|||13.73|||0.18|554048.1371919999|polygon_20d|76.875|||||already scored earlier today|||||
2026-06-18|IMOS|09:25:00|8||12.25|||59|||0.07|112382.836163|polygon_20d|1.716|||||pre-mkt volume 7,340 < 25,000 shares|||||
2026-06-18|BIRD|09:25:00|9||11.13|||5.48|||7.01|473388.95782899996|polygon_20d||||||quality filter: filter:mcap_too_small: $48M < $500M|||||
2026-06-22|NXTS|09:25:00|1||98.65|||5.08|||692.63|21673.7269265|polygon_20d||||||quality filter: filter:adv_too_low: $87,304|||||
2026-06-22|DFTX|09:25:00|2||63.73|||24.48|||1.31|2201942.2203545|polygon_20d|492.258|||||already scored earlier today|||||
2026-06-22|APGE|09:25:00|3||46.8|||90.38|||6.93|1121387.202621|polygon_20d|406.792|||||M&A/buyout catalyst — no momentum trade|||||
2026-06-22|ICCM|09:25:00|4||28.44|||5.4|||72.06|109547.66648|polygon_20d||||||already up 154% in prior 5 days (extended)|||||
2026-06-22|SSTK|09:25:00|5||19.82|||13.22|||0.27|413895.59276200004|polygon_20d|36.28|||||quality filter: filter:mcap_too_small: $486M < $500M|||||
2026-06-22|ORKA|09:25:00|6||13.77|||72.34|||0.02|1221662.211591|polygon_20d|14.966|||||EP cooldown — alerted within last 60 days|||||
2026-06-22|RGNX|09:25:00|7||13.08|||7.8|||0.99|1741897.063484|polygon_20d|86.132|||||quality filter: filter:mcap_too_small: $403M < $500M|||||
2026-06-22|UMC|09:25:00|8||12.96|||24.08|||0.06|17549741.261777498|polygon_20d|2.046|||||score 0 < 50 (catalyst=routine)|0||||
2026-06-22|HQ|09:25:00|9||12.5|||32|||0.24|309890.9876095|polygon_20d||||||EP cooldown — alerted within last 60 days|||||
2026-06-22|PENG|09:25:00|10||12.42|||67.15|||0.07|3357964.848355|polygon_20d|3.105|||||score -5 < 50 (catalyst=routine)|-5||||
2026-06-22|BWIN|09:25:00|11||12.15|||20.24|||0.01|1541697.1938105|polygon_20d|9.855|||||score 36 < 50 (catalyst=routine)|36||||
2026-06-22|KEEL|09:25:00|12||10.17|||6.29|||0.08|49861142.7186765|polygon_20d|2.408|||||score 15 < 50 (catalyst=routine)|15||||
2026-06-23|BLZE|09:25:00|1||28.45|||8.12|||2.8|1416584.9030485|polygon_20d|427.686|||||quality filter: filter:mcap_too_small: $487M < $500M|||||
2026-06-23|ICCM|09:25:00|2||10.02|||5.93|||45.08|114910.69673299999|polygon_20d||||||already up 178% in prior 5 days (extended)|||||
2026-06-24|WEN|09:25:00|1||28.88|||6.255|||2.68|9873672.7500195|polygon_20d|739.281|||||already scored earlier today|||||
2026-06-24|ABSI|09:25:00|2||19.77|||7.41|||0.8|5173585.9885444995|polygon_20d|77.951|||||already scored earlier today|||||
2026-06-24|RUN|09:25:00|3||18.26|||12.81|||0.66|8232652.804902|polygon_20d|89.945|||||score 34 < 50 (catalyst=routine)|33.6||||
2026-06-24|FCEL|09:25:00|4||14.16|||21.82|||0.18|11826703.302737|polygon_20d|8.004|||||already scored earlier today|||||
2026-06-24|ENRD|09:25:00|5||12.29|||6.13|||0.21|81141.8877|polygon_20d||||||quality filter: filter:adv_no_data|||||
2026-06-24|INMD|09:25:00|6||11.99|||13.35|||0.25|746366.4070455|polygon_20d|131.902|||||M&A/buyout catalyst — no momentum trade|||||
2026-06-24|FISN|09:25:00|7||10.93|||12.44|||0.05|805261.216459|pending||||||quality filter: filter:adv_no_data|||||
2026-06-24|PLRZ|09:25:00|8||10.08|||11.8|||0.07|36929.4714295|polygon_20d||||||quality filter: filter:adv_too_low: $419,932|||||
2026-06-25|WYY|09:25:00|1||45.69|||17.62|||18|163397.09086499998|polygon_20d||||||quality filter: filter:mcap_too_small: $174M < $500M|||||
2026-06-25|TECH|09:25:00|2||19.41|||58.875|||2.46|2890261.290841|polygon_20d|3010.286|||||M&A/buyout catalyst — no momentum trade|||||
2026-06-25|MU|09:25:00|3||17.74|||1048.51|||0.07|59730697.253147006|polygon_20d|1.285|||||already scored earlier today|||||
2026-06-25|SNDK|09:25:00|4||15.91|||1914.46|||0.05|11924589.327371001|polygon_20d|1.171|||||score 5 < 50 (catalyst=routine)|5||||
2026-06-25|WAVE|09:25:00|5||15.85|||9.02|||61.76|27828.097894|polygon_20d||||||quality filter: filter:adv_too_low: $160,241|||||
2026-06-25|JLHL|09:25:00|6||14.34|||13.25|||0.16|46146.544108999995|polygon_20d||||||quality filter: filter:atr_too_high: 90.9% > 15.0%|||||
2026-06-25|MEI|09:25:00|7||13.37|||13.09|||0.01|657739.4075219999|polygon_20d|3.878|||||quality filter: filter:mcap_too_small: $464M < $500M|||||
2026-06-25|WDC|09:25:00|8||13.02|||643.83|||0.05|8118802.8137435|polygon_20d|1.684|||||score 0 < 50 (catalyst=routine)|0||||
2026-06-25|STX|09:25:00|9||11.14|||993.25|||0.04|3720161.759724|polygon_20d|1.907|||||EP cooldown — alerted within last 60 days|||||
2026-06-25|BB|09:25:00|10||11.12|||8.62|||0.09|42064277.6989665|polygon_20d|2.662|||||score -12 < 50 (catalyst=routine)|-12||||
2026-06-25|KYMR|09:25:00|11||10.94|||99.87|||0.01|677798.4855865|polygon_20d|11.375|||||score 30 < 50 (catalyst=strong)|30||||
2026-06-25|WEN|09:25:00|12||10.68|||7.86|||1.34|9892839.1871145|polygon_20d|332.135|||||EP cooldown — alerted within last 60 days|||||
2026-06-26|SDOT|09:25:00|1||49.84|||6.18|||4.02|889189.1807345|polygon_20d|3.338|||||quality filter: filter:atr_too_high: 168.9% > 15.0%|||||
2026-06-26|RUBI|09:25:00|2||17.15|||5.975|||0.07|150247.525913|polygon_20d||||||already up 2400% in prior 5 days (extended)|||||
2026-06-26|ACAD|09:25:00|3||12.06|||23.72|||0.04|1426941.923163|polygon_20d|13.223|||||already scored earlier today|||||
2026-06-26|FTH|09:25:00|4||11.03|||24.67|||0|103024.162598|polygon_20d||||||already up 70% in prior 5 days (extended)|||||
2026-06-26|ZSQR|09:25:00|5||10.66|||12.2|||0|338191.19402249996|polygon_20d||||||score 43 < 50 (catalyst=strong)|43||||
2026-06-29|LBRDK|09:25:00|1||25.31|||31.33|||0.03|2090210.7039005|polygon_20d|38.958|||||score 40 < 50 (catalyst=routine)|40||||
2026-06-29|CHTR|09:25:00|2||24.41|||133.64|||0.49|2924312.9928205|polygon_20d|392.002|||||score 40 < 50 (catalyst=routine)|40||||
2026-06-29|LBRDA|09:25:00|3||23.92|||31.31|||0.11|196343.261176|polygon_20d|57.773|||||M&A/buyout catalyst — no momentum trade|||||
2026-06-29|CMCSA|09:25:00|4||22.73|||23.17|||0.26|35405739.103514|polygon_20d|120.44|||||M&A/buyout catalyst — no momentum trade|||||
2026-06-29|QDEL|09:25:00|5||22.55|||13.79|||0.04|1733603.487332|polygon_20d|63.829|||||score 48 < 50 (catalyst=routine)|48||||
2026-06-29|IRDM|09:25:00|6||19.99|||43.52|||0.16|2782612.0704485|polygon_20d|20.094|||||M&A/buyout catalyst — no momentum trade|||||
2026-06-29|POCI|09:25:00|7||17.39|||5.29|||0.01|52224.78003749999|polygon_20d||||||quality filter: filter:adv_too_low: $183,749|||||
2026-06-29|RGC|09:25:00|8||14.35|||6.48|||0.14|149356.0582885|polygon_20d||||||quality filter: filter:atr_too_high: 36.5% > 15.0%|||||
2026-06-29|QH|09:25:00|9||11.07|||5.51|||10.39|143725.4487965|polygon_20d||||||quality filter: filter:atr_too_high: 39.2% > 15.0%|||||
2026-06-29|FUL|09:25:00|10||10.67|||63.25|||0|814183.0995505|polygon_20d|0.166|||||M&A/buyout catalyst — no momentum trade|||||
2026-06-29|CCXI|09:25:00|11||10.53|||13.86|||157.3|6531.5|polygon_20d||||||quality filter: filter:adv_too_low: $43,565|||||
2026-06-30|ABVX|09:25:00|1||36.25|||96.15|||0.51|1915727.3214810002|polygon_20d|3.995|||||EP cooldown — alerted within last 60 days|||||
2026-06-30|AVAV|09:25:00|2||28.76|||139|||0.6|1250191.447188|polygon_20d|50.963|||||already scored earlier today|||||
2026-06-30|PAVS|09:25:00|3||27.97|||6.15|||9.45|341911.5634345|polygon_20d||||||quality filter: filter:atr_too_high: 3163.8% > 15.0%|||||
2026-06-30|CAST|09:25:00|4||12.86|||5.6|||2.4|1628148.1882145|polygon_20d||||||quality filter: filter:atr_too_high: 36.6% > 15.0%|||||
2026-06-30|ENPH|09:25:00|5||11.11|||48.34|||0.13|8239070.20864|polygon_20d|15.022|||||score 28 < 50 (catalyst=routine)|27.6||||
2026-06-30|UBXG|09:25:00|6||10.53|||7.5|||0|963105.638608|polygon_20d||||||quality filter: filter:atr_too_high: 32.1% > 15.0%|||||
2026-07-01|CEPO|09:25:00|1||18.69|||8.83|||0.29|74856.60845|polygon_20d||||||quality filter: filter:adv_too_low: $759,309|||||
2026-07-01|RAAQ|09:25:00|2||12.41|||10.8|||0.63|496208.5293755|polygon_20d||||||quality filter: filter:mcap_too_small: $248M < $500M|||||
2026-07-01|SDOT|09:25:00|3||11.17|||35.09|||0.09|1510620.645146|polygon_20d|0.1|||||filter:pm_rvol_too_low: pm_rvol=0.10x (today 131,054 / baseline 1,314,849 n=20) < 1.0x|||||
2026-07-01|KLAR|09:25:00|4||10.28|||20.24|||0.15|5760310.5000975|polygon_20d|27.988|||||EP cooldown — alerted within last 60 days|||||
2026-07-02|WCC|09:25:00|1||14.62|||320.71|||0|559352.653444|polygon_20d|0.554|||||filter:pm_rvol_too_low: pm_rvol=0.55x (today 423 / baseline 763 n=20) < 1.0x|||||
2026-07-02|NEXA|09:25:00|2||11.96|||12.04|||0.06|913409.8176160001|polygon_20d|5.333|||||score 24 < 50 (catalyst=routine)|24||||
2026-07-02|HQ|09:25:00|3||11.87|||27.03|||0|749649.8657785|polygon_20d|0.196|||||filter:pm_rvol_too_low: pm_rvol=0.20x (today 2,561 / baseline 13,087 n=21) < 1.0x|||||
2026-07-02|TENX|09:25:00|4||11.38|||13.29|||0.24|909995.8925595|polygon_20d|69.178|||||quality filter: filter:mcap_too_small: $353M < $500M|||||
2026-07-02|MYE|09:25:00|5||10.12|||34.08|||0|453755.275359|polygon_20d|0.669|||||filter:pm_rvol_too_low: pm_rvol=0.67x (today 265 / baseline 396 n=11) < 1.0x|||||
2026-07-02|SDOT|09:25:00|6||10.06|||72|||0.11|2515491.537267|polygon_20d|0.222|||||filter:pm_rvol_too_low: pm_rvol=0.22x (today 279,628 / baseline 1,261,143 n=21) < 1.0x|||||
2026-07-06|JLHL|09:25:00|1||29.47|||7.33|||24.99|59711.378549|polygon_20d||||||quality filter: filter:atr_too_high: 100.5% > 15.0%|||||
2026-07-06|BGDE|09:25:00|2||20.81|||7.45|||0.23|131056.4555825|polygon_20d||||||quality filter: filter:atr_too_high: 17.7% > 15.0%|||||
2026-07-06|SDOT|09:25:00|3||18.5|||50.55|||0.06|2881277.171205|polygon_20d|0.141|||||filter:pm_rvol_too_low: pm_rvol=0.14x (today 163,862 / baseline 1,160,598 n=22) < 1.0x|||||
2026-07-06|WULF|09:25:00|4||16.81|||21.18|||0.21|28172594.6499165|polygon_20d|21.218|||||already scored earlier today|||||
2026-07-07|CRNX|09:25:00|1||98.81|||42.03|||25.48|1065026.2043245|polygon_20d|6690.241|||||M&A/buyout catalyst — no momentum trade|||||
2026-07-07|CLRO|09:25:00|2||20.14|||7|||459.89|9424.060000000001|polygon_20d||||||already up 117% in prior 5 days (extended)|||||
2026-07-07|DOCN|09:25:00|3||13.42|||131.37|||0.02|3308520.0824725|polygon_20d|7.299|||||already scored earlier today|||||
2026-07-07|AMPG|09:25:00|4||12.85|||5.92|||0.48|5927754.0666269995|polygon_20d|12.327|||||quality filter: filter:atr_too_high: 18.4% > 15.0%|||||
2026-07-08|BZH|09:25:00|1||14.33|||27.42|||0.17|497529.8436525|polygon_20d|187.477|||||EP cooldown — alerted within last 60 days|||||
2026-07-08|MSLE|09:25:00|2||10.72|||8.21|||1.9|43418.312225|polygon_20d||||||quality filter: filter:adv_too_low: $233,983|||||
2026-07-08|BBOT|09:25:00|3||10.49|||8.29|||0.01|399523.793789|polygon_20d||||||score 43 < 50 (catalyst=strong)|43||||
2026-07-08|KC|09:25:00|4||10.38|||9.44|||0.14|1394423.3671845002|polygon_20d|5.892|||||score 38 < 50 (catalyst=strong)|38||||
2026-07-09|SDOT|09:25:00|1||22.65|||20.31|||0.17|3256669.1746625|polygon_20d|1.711|||||quality filter: filter:atr_too_high: 101.2% > 15.0%|||||
2026-07-09|SMPL|09:25:00|2||18.38|||12.84|||0.09|2006430.408209|polygon_20d|417.028|||||score 35 < 50 (catalyst=routine)|35||||
2026-07-09|ALNY|09:25:00|3||17.54|||323.5|||0.34|1236666.2057710001|polygon_20d|221.852|||||score 28 < 50 (catalyst=routine)|28||||
2026-07-09|AEHR|09:25:00|4||15.92|||67.89|||0.17|1920275.564948|polygon_20d|8.111|||||EP cooldown — alerted within last 60 days|||||
2026-07-09|AP|09:25:00|5||11.91|||7.17|||0.58|181561.57163050002|polygon_20d||||||quality filter: filter:mcap_too_small: $146M < $500M|||||
2026-07-09|ENVX|09:25:00|6||11.41|||5.125|||0.24|5968012.1541775|polygon_20d|21.561|||||M&A/buyout catalyst — no momentum trade|||||
2026-07-09|AIBZ|09:25:00|7||11.03|||7.07|||0.12|669444.9385815|polygon_20d||||||quality filter: filter:atr_too_high: 15.2% > 15.0%|||||
2026-07-10|JLHL|09:25:00|1||22.05|||12.79|||34.12|89865.83268349999|polygon_20d||||||already up 318% in prior 5 days (extended)|||||
2026-07-10|WDFC|09:25:00|2||16.32|||239.42|||0.13|144236.5949475|polygon_20d|21.029|||||already scored earlier today|||||
2026-07-10|VOD|09:25:00|3||13.07|||13.08|||0.12|3665529.780936|polygon_20d|15.397|||||score 30 < 50 (catalyst=strong)|30||||
2026-07-10|CRCL|09:25:00|4||12.9|||63.01|||0.45|13917309.1186825|polygon_20d|10.289|||||already scored earlier today|||||
2026-07-10|CUE|09:25:00|5||12.3|||36.51|||0.1|92452.072011|polygon_20d|0.026|||||filter:pm_rvol_too_low: pm_rvol=0.03x (today 9,274 / baseline 352,658 n=21) < 1.0x|||||
2026-07-10|PNTG|09:25:00|6||11.22|||40.46|||0|334978.1563195|polygon_20d|0.032|||||routine catalyst, gap 11.2%|||||
2026-07-10|CCC|09:25:00|7||10.59|||5.38|||0.01|10270674.709622499|polygon_20d|8.352|||||M&A/buyout catalyst — no momentum trade|||||
2026-07-10|EQPT|09:25:00|8||10.31|||16|||0.09|2628540.459118|polygon_20d|68.399|||||score 30 < 50 (catalyst=routine)|30||||
2026-07-13|QTTB|09:25:00|1||65.97|||11.21|||16.66|468831.9050405|polygon_20d|30.768|||||quality filter: filter:mcap_too_small: $190M < $500M|||||
2026-07-14|UBXG|09:25:00|1||54.13|||6.3|||1.09|1077224.475483|polygon_20d||||||already up 57% in prior 5 days (extended)|||||
2026-07-14|TSEM|09:25:00|2||20|||229.68|||0.13|1899788.849718|polygon_20d|8.357|||||already scored earlier today|||||
2026-07-14|CLSK|09:25:00|3||19.09|||12.36|||0.32|19612605.694405|polygon_20d|20.096|||||already scored earlier today|||||
2026-07-14|JEM|09:25:00|4||14.25|||6.0396|||0.01|354698.179975|polygon_20d||||||already up 1100% in prior 5 days (extended)|||||
2026-07-14|LVLU|09:25:00|5||11.61|||8.32|||6.41|9976.792352|polygon_20d||||||quality filter: filter:adv_too_low: $68,429|||||
2026-07-14|SMTC|09:25:00|6||10.5|||132.15|||0.03|3396803.7679749997|polygon_20d|3.98|||||routine catalyst, gap 10.5%|||||
2026-07-14|FCEL|09:25:00|7||10.01|||19.08|||0.03|14644526.955823999|polygon_20d|0.849|||||filter:pm_rvol_too_low: pm_rvol=0.85x (today 489,691 / baseline 576,607 n=19) < 1.0x|||||
2026-07-15|ELVA|09:25:00|1||56.28|||7.89|||8.32|342905.39971649996|polygon_20d|606.213|||||quality filter: filter:mcap_too_small: $391M < $500M|||||
2026-07-15|AEHR|09:25:00|2||34.78|||72.01|||0.28|1920275.564948|polygon_20d|9.61|||||already scored earlier today|||||
2026-07-15|PYPL|09:25:00|3||19.04|||47.37|||0.9|16731200.473475|polygon_20d|64.563|||||M&A/buyout catalyst — no momentum trade|||||
2026-07-15|TRT|09:25:00|4||18.81|||10.26|||0.13|590537.604551|polygon_20d|1.854|||||quality filter: filter:mcap_too_small: $104M < $500M|||||
2026-07-15|JLHL|09:25:00|5||13.31|||7.9|||15.99|135440.7963375|polygon_20d||||||already up 158% in prior 5 days (extended)|||||
2026-07-15|PRG|09:25:00|6||10.55|||45.21|||0|536983.400619|polygon_20d|0.431|||||already scored earlier today|||||
2026-07-16|VEEE|09:25:00|1||38.75|||26.59|||45.17|47466.7949755|polygon_20d|17.303|||||already up 479% in prior 5 days (extended)|||||
2026-07-16|ATAI|09:25:00|2||33.4|||5.36|||2.77|8252978.1037155|polygon_20d|480.885|||||M&A/buyout catalyst — no momentum trade|||||
2026-07-16|CDNA|09:25:00|3||18.18|||29.75|||0.17|847732.5479065|polygon_20d|71.048|||||score 10 < 50 (catalyst=routine)|10||||
2026-07-16|MAN|09:25:00|4||17.12|||39.02|||0.02|1114716.376707|polygon_20d|66.805|||||score 25 < 50 (catalyst=routine)|25||||
2026-07-16|GHRS|09:25:00|5||11.44|||26.92|||0.21|204474.10926300002|polygon_20d|30.904|||||score 5 < 50 (catalyst=routine)|5||||
2026-07-17|SDOT|09:25:00|1||53.01|||14.25|||3.05|1948875.2979549998|polygon_20d|18.626|||||quality filter: filter:atr_too_high: 146.6% > 15.0%|||||
2026-07-17|JLHL|09:25:00|2||16.71|||8.44|||9.2|179863.2483845|polygon_20d||||||already up 176% in prior 5 days (extended)|||||
2026-07-17|VEEE|09:25:00|3||10.7|||36.18|||16.28|66349.3481115|polygon_20d|8.716|||||already up 688% in prior 5 days (extended)|||||
2026-07-20|SDOT|09:25:00|1||28.7|||25.3|||0.98|1948875.2979549998|polygon_20d|6.072|||||already up 78% in prior 5 days (extended)|||||
2026-07-20|ADVB|09:25:00|2||27.83|||5.03|||346.25|15948.5435105|polygon_20d||||||quality filter: filter:adv_too_low: $61,575|||||
2026-07-20|HUT|09:25:00|3||13.71|||91.45|||0.11|4148554.8702165|polygon_20d|15.53|||||already scored earlier today|||||
2026-07-21|UTZ|09:25:00|1||88.72|||7.45|||11.97|1950650.749646|polygon_20d|8815.266|||||M&A/buyout catalyst — no momentum trade|||||
2026-07-21|FWRD|09:25:00|2||16.93|||13.2|||0.05|1080630.833956|polygon_20d|4.701|||||quality filter: filter:mcap_too_small: $417M < $500M|||||
2026-07-21|RPT|09:25:00|3||14.77|||10.63|||1.67|59742.2837505|polygon_20d||||||quality filter: filter:adv_too_low: $859,672|||||
2026-07-21|AKTX|09:25:00|4||10.69|||10.66|||0.04|86278.565718|polygon_20d||||||quality filter: filter:adv_too_low: $804,934|||||
2026-07-21|BGDE|09:25:00|5||10.66|||5.7|||0|128589.642813|polygon_20d||||||quality filter: filter:adv_too_low: $823,485|||||
2026-07-22|ADVB|09:25:00|1||22.74|||7.08|||235.94|17345.5537845|polygon_20d||||||quality filter: filter:adv_too_low: $64,341|||||
2026-07-22|ARWR|09:25:00|2||18.6|||74.52|||0.14|2420376.19183|polygon_20d|156.679|||||already scored earlier today|||||
2026-07-22|OTLY|09:25:00|3||13.98|||9.05|||0.16|76559.329059|polygon_20d||||||quality filter: filter:adv_too_low: $545,992|||||
2026-07-22|SMCI|09:25:00|4||12.43|||25.5|||0.18|52044849.477692|polygon_20d|6.457|||||already scored earlier today|||||
2026-07-23|ADVB|09:25:00|1||27.35|||12.25|||121.96|17345.5537845|polygon_20d||||||already up 150% in prior 5 days (extended)|||||
2026-07-23|NVEC|09:25:00|2||19|||86.68|||0.04|281876.3785355|polygon_20d|14.473|||||quality filter: filter:mcap_too_small: $419M < $500M|||||
2026-07-23|MEDP|09:25:00|3||18.92|||528.12|||0.01|352014.606161|polygon_20d|8.256|||||score 25 < 50 (catalyst=routine)|25||||
2026-07-23|RELL|09:25:00|4||16.05|||18.01|||0.21|151592.2234265|polygon_20d||||||quality filter: filter:mcap_too_small: $262M < $500M|||||
2026-07-23|NVCR|09:25:00|5||14|||15.57|||0.03|1480816.9874635|polygon_20d|8.196|||||already scored earlier today|||||
2026-07-23|CLF|09:25:00|6||11.53|||9.45|||0.1|20317670.8566455|polygon_20d|30.504|||||already scored earlier today|||||
2026-07-23|TRAX|09:25:00|7||10.03|||38.17|||0|704110.255601|polygon_20d|0.799|||||filter:pm_rvol_too_low: pm_rvol=0.80x (today 2,014 / baseline 2,522 n=12) < 1.0x|||||
2026-07-24|SAFT|09:25:00|1||41.21|||72.94|||0.32|119604.574925|polygon_20d||||||M&A/buyout catalyst — no momentum trade|||||
2026-07-24|ADVB|09:25:00|2||33.55|||16.78|||59.86|23516.178345|polygon_20d||||||already up 242% in prior 5 days (extended)|||||
2026-07-24|AKAN|09:25:00|3||18.71|||8.07|||13.27|37264.9605145|polygon_20d|0.963|||||filter:pm_rvol_too_low: pm_rvol=0.96x (today 494,487 / baseline 513,294 n=22) < 1.0x|||||
2026-07-24|SKYQ|09:25:00|4||18.16|||5.64|||0.64|11444497.135460999|polygon_20d|1.396|||||already up 66% in prior 5 days (extended)|||||
2026-07-24|THC|09:25:00|5||16.08|||199.02|||0.02|1240503.8997765|polygon_20d|10.194|||||already scored earlier today|||||
2026-07-24|PN|09:25:00|6||13.45|||9.44|||24.29|33698.889961|polygon_20d||||||already up 151% in prior 5 days (extended)|||||
2026-07-24|AMKR|09:25:00|7||11.13|||65.33|||0.06|5498447.9553815|polygon_20d|3.834|||||score 46 < 50 (catalyst=strong)|45.6||||
2026-07-27|FBRX|09:25:00|1||39.52|39.49|39.52|54.78|||7.32|599088.7305655|polygon_20d|154.283|||polygon_delayed||M&A/buyout catalyst — no momentum trade|||||
2026-07-27|TRAX|09:25:00|2||26.77|25.11|26.77|35.52|||0.43|704110.255601|polygon_20d|133.291|||polygon_delayed||score 5 < 50 (catalyst=routine)|5||||
2026-07-27|AGPU|09:25:00|3||22.04|18.1|22.04|6.85|||2.19|284743.6428755|polygon_20d||||polygon_delayed||quality filter: filter:mcap_too_small: $78M < $500M|||||
2026-07-27|VEEE|09:25:00|4||17.81|18.2|17.81|12.97|||1.28|412832.76055899996|polygon_20d|4.248|||polygon_delayed||quality filter: filter:atr_too_high: 86.3% > 15.0%|||||
2026-07-27|PN|09:25:00|5||16.54|15.29|16.54|7.98|||0.46|32390.7086375|polygon_20d||||polygon_delayed||already up 98% in prior 5 days (extended)|||||
2026-07-27|OMER|09:25:00|6||14.4|14.61|14.4|9.79|||0.07|1423300.967038|polygon_20d|2.128|||polygon_delayed||score 23 < 50 (catalyst=routine)|23||||
2026-07-27|PLRZ|09:25:00|7||12.26|11.99|12.26|14.68|||0.49|59527.0745715|polygon_20d||||polygon_delayed||quality filter: filter:adv_too_low: $341,872|||||
2026-07-27|PNW|09:25:00|8||10.55|10.55|10.55|106.06|||0.01|1286153.6713255001|polygon_20d|22.146|||polygon_delayed||routine catalyst, gap 10.6%|||||
2026-07-27|BNAI|09:25:00|9||10.04|6.63|10.04|11.16|||0.16|239460.031685|polygon_20d|0.378|||polygon_delayed||filter:pm_rvol_too_low: pm_rvol=0.38x (today 39,477 / baseline 104,481 n=20) < 1.0x|||||
2026-07-27|KZIA|09:25:00|10||10.03|10.03|10.03|12.26|||0.04|190917.3077|polygon_20d||||polygon_delayed||quality filter: filter:mcap_too_small: $140M < $500M|||||
2026-07-28|DFNS|09:25:00|1||52.67|58.32|52.67|13.1|||44.57|199833.5060855|polygon_20d||||polygon_delayed||already up 236% in prior 5 days (extended)|||||
2026-07-28|FIRY|09:25:00|2||48.68|58.85|48.68|8.36|||60.15|104571.0310295|polygon_20d||||polygon_delayed||quality filter: filter:adv_too_low: $806,620|||||
2026-07-28|PMN|09:25:00|3||20.73|21.33|20.73|11.72|||3.45|96947.1720755|polygon_20d||||polygon_delayed||quality filter: filter:mcap_too_small: $105M < $500M|||||
2026-07-28|IQV|09:25:00|4||10.21|10.31|10.21|213.22|||0.03|1348923.493177|polygon_20d|22.594|||polygon_delayed||score 0 < 50 (catalyst=routine)|0||||
2026-07-29|DFNS|09:25:00|1||48.16|56.96|48.16|24|||16.19|238201.850195|polygon_20d||||polygon_delayed||already up 515% in prior 5 days (extended)|||||
2026-07-29|INVX|09:25:00|2||30.09|30.09|30.09|25.62|||0|355356.86578750005|polygon_20d|0.136|||polygon_delayed||pre-mkt volume 180 < 25,000 shares|||||
2026-07-29|PN|09:25:00|3||22.81|11.29|22.81|9.12|||1.14|33698.889961|polygon_20d||||polygon_delayed||already up 126% in prior 5 days (extended)|||||
2026-07-29|CBZ|09:25:00|4||16.4|16.49|16.4|46.7|||0.25|853521.529054|polygon_20d|456.691|||polygon_delayed||score 18 < 50 (catalyst=routine)|18||||
2026-07-29|SILC|09:25:00|5||14.94|10.07|14.94|38.02|||0.04|183662.660147|polygon_20d|4.919|||polygon_delayed||quality filter: filter:mcap_too_small: $219M < $500M|||||
2026-07-29|AVTR|09:25:00|6||14.5|12.64|14.5|12.42|||0.14|10663734.245979998|polygon_20d|111.129|||polygon_delayed||score -10 < 50 (catalyst=routine)|-10||||
2026-07-29|TER|09:25:00|7||14.12|13.52|14.12|320.65|||0.09|4243911.0875585005|polygon_20d|5.925|||polygon_delayed||already scored earlier today|||||
2026-07-29|RCKY|09:25:00|8||13.81|13.81|13.81|42.73|||0.12|50761.47811|polygon_20d||||polygon_delayed||quality filter: filter:mcap_too_small: $322M < $500M|||||
2026-07-29|NEO|09:25:00|9||13.58|13.06|13.58|13.4|||0|3088511.8908695|polygon_20d|0.228|||polygon_delayed||filter:pm_rvol_too_low: pm_rvol=0.23x (today 7,568 / baseline 33,202 n=19) < 1.0x|||||
2026-07-29|BRAI|09:25:00|10||13.03|17.34|13.03|5.795|||0.76|99030.84203649999|polygon_20d||||polygon_delayed||quality filter: filter:adv_too_low: $454,862|||||
2026-07-29|MANH|09:25:00|11||12.39|12.39|12.39|168.17|||0.02|762805.6385745001|polygon_20d|14.299|||polygon_delayed||score 25 < 50 (catalyst=routine)|25||||
2026-07-29|LFUS|09:25:00|12||10.96|10.96|10.96|392.05|||0|378655.5706985|polygon_20d|2.636|||polygon_delayed||score 20 < 50 (catalyst=routine)|20||||
2026-07-29|BE|09:25:00|13||10.67|11.11|10.67|166.84|||0.16|15720603.372159|polygon_20d|6.517|||polygon_delayed||quality filter: filter:atr_too_high: 15.1% > 15.0%|||||
2026-07-29|ANIK|09:25:00|14||10.56|10.56|10.56|15.15|||0.01|59437.2527255|polygon_20d||||polygon_delayed||quality filter: filter:adv_too_low: $858,542|||||
2026-07-29|GNRC|09:25:00|15||10.03|7.42|10.03|195.6|||0.05|1066606.9521615|polygon_20d|22.846|||polygon_delayed||score 23 < 50 (catalyst=routine)|23||||
2026-07-30|PN|09:25:00|1||80.69|85.63|80.69|10.72|||57.69|35768.975827500006|polygon_20d||||polygon_delayed||already up 166% in prior 5 days (extended)|||||
2026-07-30|DFNS|09:25:00|2||76.22|77.04|76.22|50.22|||7.33|282260.0437905|polygon_20d|1.496|||polygon_delayed||already up 1188% in prior 5 days (extended)|||||
2026-07-30|MKTX|09:25:00|3||29.76|29.75|29.76|125.73|||0.69|657091.6281035|polygon_20d|1692.416|||polygon_delayed||score 38 < 50 (catalyst=routine)|38||||
2026-07-30|CMCO|09:25:00|4||29.62|28.59|29.62|14.62|||0.03|606664.9207595|polygon_20d|16.536|||polygon_delayed||quality filter: filter:mcap_too_small: $422M < $500M|||||
2026-07-30|BOOM|09:25:00|5||25.26|23.62|25.26|5.42|||0.44|272366.328572|polygon_20d||||polygon_delayed||quality filter: filter:adv_too_low: $974,955|||||
2026-07-30|SMHI|09:25:00|6||23.06|17.62|23.06|7.72|||0.07|156721.611063|polygon_20d||||polygon_delayed||quality filter: filter:adv_too_low: $854,407|||||
2026-07-30|FORM|09:25:00|7||21.03|21.03|21.03|83.45|||0.01|1694367.7375495|polygon_20d|2.548|||polygon_delayed||pre-mkt volume 20,926 < 25,000 shares|||||
2026-07-30|SIMO|09:25:00|8||20.66|21.14|20.66|209.68|||0.03|867126.6098420001|polygon_20d|4.412|||polygon_delayed||already scored earlier today|||||
2026-07-30|PRCH|09:25:00|9||19.34|24.51|19.34|12.36|||0.03|1922115.3834235|polygon_20d|33.169|||polygon_delayed||score 28 < 50 (catalyst=routine)|28||||
2026-07-30|TAL|09:25:00|10||16.16|12.03|16.16|10.89|||0.23|3350120.9678140003|polygon_20d|337.82|||polygon_delayed||score 20 < 50 (catalyst=routine)|20||||
2026-07-30|BAX|09:25:00|11||15.26|16.35|15.26|24.77|||0.09|6522225.1271505|polygon_20d|90.303|||polygon_delayed||score 5 < 50 (catalyst=routine)|5||||
2026-07-30|CORT|09:25:00|12||15.17|14.85|15.17|92.95|||0.06|1145703.833513|polygon_20d|73.204|||polygon_delayed||already scored earlier today|||||
2026-07-30|LRCX|09:25:00|13||14.33|16.8|14.33|252.35|||0.02|14378130.6073985|polygon_20d|1.823|||polygon_delayed||score 46 < 50 (catalyst=strong)|45.6||||
2026-07-30|EME|09:25:00|14||13.59|13.59|13.59|672.48|||0.01|458143.1843505|polygon_20d|9.401|||polygon_delayed||already scored earlier today|||||
2026-07-30|NBIS|09:25:00|15||13.37|13.49|13.37|148.22|||0.13|18468380.1438495|polygon_20d|3.297|||polygon_delayed||quality filter: filter:atr_too_high: 15.6% > 15.0%|||||
2026-07-30|PWR|09:25:00|16||12.82|13.42|12.82|561.14|||0.03|1206900.073026|polygon_20d|18.861|||polygon_delayed||already scored earlier today|||||
2026-07-30|SHAZ|09:25:00|17||12.75|13|12.75|40.09|||0.09|2143752.862907|polygon_20d|2.822|||polygon_delayed||EP cooldown — alerted within last 60 days|||||
2026-07-30|ARM|09:25:00|18||11.79|11.89|11.79|224.89|||0.1|7647057.528174501|polygon_20d|6.247|||polygon_delayed||already scored earlier today|||||
2026-07-30|FTNT|09:25:00|19||11.77|10.95|11.77|153.22|||0.02|5578109.670519|polygon_20d|5.989|||polygon_delayed||already scored earlier today|||||
2026-07-30|NEOG|09:25:00|20||11.38|6.38|11.38|9.4|||0|1656907.9425085|polygon_20d|0.716|||polygon_delayed||filter:pm_rvol_too_low: pm_rvol=0.72x (today 956 / baseline 1,335 n=10) < 1.0x|||||
2026-07-30|HII|09:25:00|21||11.27|11.35|11.27|280.4|||0.02|490281.431077|polygon_20d||||polygon_delayed||outside top-20 gap cap (gap 11.3%)|||||
2026-07-30|SMTI|09:25:00|22||11.24|10.71|11.24|30.25|||0.59|69507.576895|polygon_20d||||polygon_delayed||outside top-20 gap cap (gap 11.2%)|||||
2026-07-30|STGW|09:25:00|23||11.14|7.18|11.14|8.08|||0.03|1413320.851911|polygon_20d||||polygon_delayed||outside top-20 gap cap (gap 11.1%)|||||
2026-07-30|MXL|09:25:00|24||10.66|9.24|10.66|57.25|||0.03|4715820.1104595|polygon_20d||||polygon_delayed||outside top-20 gap cap (gap 10.7%)|||||
2026-07-30|CRWV|09:25:00|25||10.57|10.86|10.57|60.82|||0.09|25176322.378795497|polygon_20d||||polygon_delayed||outside top-20 gap cap (gap 10.6%)|||||
2026-07-30|AXTI|09:25:00|26||10.39|10.58|10.39|36.97|||0.05|9237772.2367415|polygon_20d||||polygon_delayed||outside top-20 gap cap (gap 10.4%)|||||
2026-07-30|IREN|09:25:00|27||10.3|10.58|10.3|29.31|||0.07|41821083.50773|polygon_20d||||polygon_delayed||outside top-20 gap cap (gap 10.3%)|||||
2026-07-30|GKOS|09:25:00|28||10.11|10.85|10.11|161.66|||0.02|771227.1959124999|polygon_20d||||polygon_delayed||outside top-20 gap cap (gap 10.1%)|||||
2026-07-30|SMTC|09:25:00|29||10.09|9.13|10.09|103.55|||0|3168727.4808805|polygon_20d||||polygon_delayed||outside top-20 gap cap (gap 10.1%)|||||
2026-07-30|PGY|09:25:00|30||10.07|9.39|10.07|16.19|||0.12|3449702.1188975|polygon_20d||||polygon_delayed||outside top-20 gap cap (gap 10.1%)|||||
2026-07-31|REPL|09:25:00|1||129.39|126.25|129.39|5.41|||1.59|3638290.5513979997|polygon_20d|21.169|||polygon_delayed||quality filter: filter:atr_too_high: 20.0% > 15.0%|||||
2026-07-31|AXTI|09:25:00|2||42.95|43.46|42.95|46.94|||0.23|9304315.862677|polygon_20d|8.995|||polygon_delayed||quality filter: filter:atr_too_high: 15.8% > 15.0%|||||
2026-07-31|DAAQ|09:25:00|3||25|25|25|8.4002|||0.01|41378.544138|polygon_20d||||polygon_delayed||quality filter: filter:adv_too_low: $216,890|||||
2026-07-31|COHU|09:25:00|4||23.83|26.8|23.83|46.45|||0.05|1276945.6399405|polygon_20d|10.006|||polygon_delayed||already scored earlier today|||||
2026-07-31|NWL|09:25:00|5||22.37|21.54|22.37|5.14|||0.03|10572337.081128001|polygon_20d|89.299|||polygon_delayed||already scored earlier today|||||
2026-07-31|IESC|09:25:00|6||18.98|18.98|18.98|571.54|||0.01|248350.083124|polygon_20d|4.139|||polygon_delayed||pre-mkt volume 2,617 < 25,000 shares|||||
2026-07-31|FET|09:25:00|7||16.04|16.04|16.04|51.43|||0|157896.5033165|polygon_20d|0.674|||polygon_delayed||already scored earlier today|||||
2026-07-31|GFUZ|09:25:00|8||14.38|14.41|14.38|9.38|||0.04|447216.664856|polygon_20d||||polygon_delayed||quality filter: filter:atr_too_high: 19.0% > 15.0%|||||
2026-07-31|DUOT|09:25:00|9||14.25|13.64|14.25|8.14|||0.02|756830.254428|polygon_20d|1.205|||polygon_delayed||quality filter: filter:mcap_too_small: $256M < $500M|||||
2026-07-31|TCX|09:25:00|10||13.92|13.92|13.92|9.7|||0.12|90685.810914|polygon_20d||||polygon_delayed||quality filter: filter:adv_too_low: $885,409|||||
2026-07-31|BGDE|09:25:00|11||13.83|13.83|13.83|5.64|||0.02|120125.802214|polygon_20d||||polygon_delayed||quality filter: filter:adv_too_low: $529,814|||||
2026-07-31|MPWR|09:25:00|12||13.59|14.61|13.59|1316.18|||0.02|1053015.1048705|polygon_20d|3.045|||polygon_delayed||pre-mkt volume 23,414 < 25,000 shares|||||
2026-07-31|FLNC|09:25:00|13||11.95|12.84|11.95|13.47|||0.05|8764385.194118|polygon_20d|2.811|||polygon_delayed||already scored earlier today|||||
2026-07-31|AMZN|09:25:00|14||11.55|12.31|11.55|235.5|||0.11|47881737.564496994|polygon_20d|8.214|||polygon_delayed||score 15 < 50 (catalyst=routine)|15||||
2026-07-31|EROC|09:25:00|15||11.44|11.44|11.44|9.88|||0.03|1722526.073443|polygon_20d|9.212|||polygon_delayed||routine catalyst, gap 11.4%|||||
2026-07-31|PWP|09:25:00|16||11.33|11.33|11.33|14.91|||0|1174266.0363059998|polygon_20d|1.869|||polygon_delayed||routine catalyst, gap 11.3%|||||
2026-07-31|BSBR|09:25:00|17||11.09|11.09|11.09|5.05|||0.01|1904899.0794975|polygon_20d|2.814|||polygon_delayed||M&A/buyout catalyst — no momentum trade|||||
2026-07-31|NVT|09:25:00|18||10.7|13.65|10.7|144.8|||0.07|2189961.280847|polygon_20d|98.945|||polygon_delayed||score 15 < 50 (catalyst=routine)|15||||
2026-07-31|NXT|09:25:00|19||10.42|12.49|10.42|96.9|||0.01|2901067.5435435|polygon_20d|4.053|||polygon_delayed||score 23 < 50 (catalyst=routine)|23||||
2026-07-31|CDNA|09:25:00|20||10.24|10.79|10.24|38.1|||0.01|986897.1914649999|polygon_20d|1.059|||polygon_delayed||pre-mkt volume 13,055 < 25,000 shares|||||
2026-08-03|DFNS|09:25:00|1||36.01|60.77|36.01|27.68|||1.08|850478.415663|polygon_20d|0.603|||polygon_delayed||filter:pm_rvol_too_low: pm_rvol=0.60x (today 917,254 / baseline 1,520,075 n=22) < 1.0x|||||
2026-08-03|FCUV|09:25:00|2||31.22|32.24|31.22|11.6|||100.99|50402.083804|polygon_20d||||polygon_delayed||already up 548% in prior 5 days (extended)|||||
2026-08-03|ATKR|09:25:00|3||27.89|27.95|27.89|72.96|||2.97|390366.656282|polygon_20d|2532.289|||polygon_delayed||M&A/buyout catalyst — no momentum trade|||||
2026-08-03|SUPN|09:25:00|4||13.22|12.03|13.22|44.63|||0.1|842695.636473|polygon_20d|42.23|||polygon_delayed||M&A/buyout catalyst — no momentum trade|||||
2026-08-03|ALGT|09:25:00|5||12.15|12.15|12.15|98.08|||0|553691.9129550001|polygon_20d|0.631|||polygon_delayed||filter:pm_rvol_too_low: pm_rvol=0.63x (today 693 / baseline 1,098 n=21) < 1.0x|||||
2026-08-03|FTH|09:25:00|6||10.13|10.13|10.13|27.24|||0|229893.9000895|polygon_20d||||polygon_delayed||score 42 < 50 (catalyst=strong)|42||||
2026-08-03|BOW|09:25:00|7||10.13|10.13|10.13|30.59|||0.24|153236.39923550002|polygon_20d||||polygon_delayed||M&A/buyout catalyst — no momentum trade|||||
2026-08-04|AMRC|09:25:00|1||42.94|40.7|42.94|22.73|||0.23|568592.4743995001|polygon_20d|37.108|||polygon_delayed||score 38 < 50 (catalyst=routine)|38||||
2026-08-04|IBTA|09:25:00|2||24.86|26.08|24.86|24.58|||0.05|172799.6726715|polygon_20d|27.363|||polygon_delayed||score 38 < 50 (catalyst=routine)|38||||
2026-08-04|LIFE|09:25:00|3||22.65|20.46|22.65|22.83|||0.07|667395.2369735|polygon_20d|13.263|||polygon_delayed||already scored earlier today|||||
2026-08-04|BLZE|09:25:00|4||22.19|25.08|22.19|15.59|||0.05|2643706.7172405|polygon_20d|12.372|||polygon_delayed||already scored earlier today|||||
2026-08-04|VOYG|09:25:00|5||20.31|23.49|20.31|28.01|||0.04|1657392.0414715|polygon_20d|4.869|||polygon_delayed||already scored earlier today|||||
2026-08-04|AAOI|09:25:00|6||18.27|19.25|18.27|110.21|||0.32|10125637.925278999|polygon_20d|9.164|||polygon_delayed||score 35 < 50 (catalyst=routine)|35||||
2026-08-04|MED|09:25:00|7||17.97|23.2|17.97|9.74|||0.02|203257.23800950003|polygon_20d||||polygon_delayed||pre-mkt volume 3,381 < 25,000 shares|||||
2026-08-04|W|09:25:00|8||17.57|19.35|17.57|89.31|||0.31|3288771.239523|polygon_20d|139.588|||polygon_delayed||score 5 < 50 (catalyst=routine)|5||||
2026-08-04|PLTR|09:25:00|9||16.49|14.48|16.49|125.65|||0.16|40187142.342946|polygon_20d|8.281|||polygon_delayed||already scored earlier today|||||
2026-08-04|MRAM|09:25:00|10||16.47|17.35|16.47|15.45|||0.15|1262295.610898|polygon_20d|7.165|||polygon_delayed||quality filter: filter:mcap_too_small: $362M < $500M|||||
2026-08-04|INSP|09:25:00|11||15.86|22.06|15.86|52.22|||0.01|968127.139957|polygon_20d|1.996|||polygon_delayed||pre-mkt volume 7,572 < 25,000 shares|||||
2026-08-04|POET|09:25:00|12||14.92|15.08|14.92|7.36|||0.25|14151322.8765555|polygon_20d|8.703|||polygon_delayed||score 30 < 50 (catalyst=routine)|30||||
2026-08-04|COHR|09:25:00|13||14.53|14.58|14.53|288.14|||0.24|5331519.679161|polygon_20d|10.578|||polygon_delayed||score 23 < 50 (catalyst=routine)|23||||
2026-08-04|WGS|09:25:00|14||14.07|10.54|14.07|67.86|||0.04|806965.07687|polygon_20d|14.445|||polygon_delayed||score 10 < 50 (catalyst=routine)|10||||
2026-08-04|LWLG|09:25:00|15||14.04|14.37|14.04|6.82|||0.09|3726587.667033|polygon_20d|5.933|||polygon_delayed||score 30 < 50 (catalyst=routine)|30||||
2026-08-04|AIOS|09:25:00|16||13.84|13.84|13.84|12.21|||0.02|36422.0287455|polygon_20d||||polygon_delayed||quality filter: filter:adv_too_low: $212,486|||||
2026-08-04|OCC|09:25:00|17||13.73|11.5|13.73|14.35|||0.19|265556.026051|polygon_20d|0.169|||polygon_delayed||filter:pm_rvol_too_low: pm_rvol=0.17x (today 49,174 / baseline 291,680 n=20) < 1.0x|||||
2026-08-04|AEIS|09:25:00|18||13.51|14.04|13.51|296.38|||0.01|795046.1381415001|polygon_20d|5.773|||polygon_delayed||already scored earlier today|||||
2026-08-04|FN|09:25:00|19||13.19|15.37|13.19|455.94|||0.03|877842.1494440001|polygon_20d|5.182|||polygon_delayed||score 28 < 50 (catalyst=routine)|28||||
2026-08-04|LITE|09:25:00|20||12.42|11.55|12.42|779.89|||0.14|4538375.875136|polygon_20d|6.374|||polygon_delayed||score 15 < 50 (catalyst=routine)|15||||
2026-08-04|IPGP|09:25:00|21||12.39|12.39|12.39|87.2|||0.01|400339.532636|polygon_20d||||polygon_delayed||outside top-20 gap cap (gap 12.4%)|||||
2026-08-04|CAT|09:25:00|22||12.21|12.56|12.21|830.03|||0.09|3449799.303477|polygon_20d||||polygon_delayed||outside top-20 gap cap (gap 12.2%)|||||
2026-08-04|IMC|09:25:00|23||12.16|12.16|12.16|6.33|||0|442282.310412|pending||||polygon_delayed||outside top-20 gap cap (gap 12.2%)|||||
2026-08-04|INFU|09:25:00|24||11.39|11.39|11.39|9.22|||0.02|157013.843152|polygon_20d||||polygon_delayed||outside top-20 gap cap (gap 11.4%)|||||
2026-08-04|UFPT|09:25:00|25||11.2|11.95|11.2|267.53|||0.01|218362.4768665|polygon_20d||||polygon_delayed||outside top-20 gap cap (gap 11.2%)|||||
2026-08-04|ALMU|09:25:00|26||10.92|11.22|10.92|16.67|||0.06|634936.6951850001|polygon_20d||||polygon_delayed||outside top-20 gap cap (gap 10.9%)|||||
2026-08-04|ALAB|09:25:00|27||10.82|11.2|10.82|321.05|||0.06|5348595.712267|polygon_20d||||polygon_delayed||outside top-20 gap cap (gap 10.8%)|||||
2026-08-04|VGNT|09:25:00|28||10.61|10.61|10.61|42.04|||0|1230472.3870445|polygon_20d||||polygon_delayed||outside top-20 gap cap (gap 10.6%)|||||
2026-08-04|RFIL|09:25:00|29||10.53|10.53|10.53|12.44|||0|281052.8912825|polygon_20d||||polygon_delayed||outside top-20 gap cap (gap 10.5%)|||||
2026-08-05|GTE|09:25:00|1||49.19|48.61|49.19|6.83|||22.33|292692.99196849996|polygon_20d||||polygon_delayed||quality filter: filter:mcap_too_small: $242M < $500M|||||
2026-08-05|DBGI|09:25:00|2||45.31|33.63|45.31|21.63|||33.78|36172.203194|polygon_20d||||polygon_delayed||already up 80% in prior 5 days (extended)|||||
2026-08-05|BLMN|09:25:00|3||32.74|33.63|32.74|8.92|||0.16|1966146.652743|polygon_20d|196.571|||polygon_delayed||score 30 < 50 (catalyst=routine)|30||||
2026-08-05|JLHL|09:25:00|4||30.26|35.42|30.26|5.42|||5.13|665462.4095610001|polygon_20d||||polygon_delayed||quality filter: filter:atr_too_high: 22.5% > 15.0%|||||
2026-08-05|APPS|09:25:00|5||25.66|23.66|25.66|9.51|||0.17|3515933.8875155|polygon_20d|35.486|||polygon_delayed||already scored earlier today|||||
2026-08-05|DFNS|09:25:00|6||22.93|20.78|22.93|47.36|||0.53|1778958.489716|polygon_20d|0.521|||polygon_delayed||filter:pm_rvol_too_low: pm_rvol=0.52x (today 936,196 / baseline 1,796,028 n=21) < 1.0x|||||
2026-08-05|SHOP|09:25:00|7||22.55|19.76|22.55|123.3|||0.45|8796000.269914|polygon_20d|71.849|||polygon_delayed||score 40 < 50 (catalyst=routine)|39.6||||
2026-08-05|UPST|09:25:00|8||18.6|16.92|18.6|30.32|||0.1|4124572.429214|polygon_20d|11.405|||polygon_delayed||score 42 < 50 (catalyst=routine)|42||||
2026-08-05|PRGO|09:25:00|9||16.42|18.27|16.42|10.78|||0.03|3089159.7812865|polygon_20d|68.052|||polygon_delayed||already scored earlier today|||||
2026-08-05|KTOS|09:25:00|10||16.05|13.67|16.05|51.87|||0.15|4396572.534067|polygon_20d|12.89|||polygon_delayed||already scored earlier today|||||
2026-08-05|KMT|09:25:00|11||15.53|15.53|15.53|36.06|||0.02|1008189.5550265|polygon_20d|14.661|||polygon_delayed||already scored earlier today|||||
2026-08-05|SWIM|09:25:00|12||15.09|18.42|15.09|5.7|||0.02|690530.185063|polygon_20d|8.112|||polygon_delayed||score 34 < 50 (catalyst=routine)|33.6||||
2026-08-05|TBI|09:25:00|13||15.08|15.08|15.08|7.69|||0.02|284908.453012|polygon_20d||||polygon_delayed||score 30 < 50 (catalyst=routine)|30||||
2026-08-05|YOU|09:25:00|14||14.57|13.05|14.57|55.73|||0.02|1406906.6687165|polygon_20d|26.531|||polygon_delayed||score 36 < 50 (catalyst=strong)|36||||
2026-08-05|KODK|09:25:00|15||14.33|13.66|14.33|8.93|||0.06|705907.6183205|polygon_20d|15.175|||polygon_delayed||already scored earlier today|||||
2026-08-05|QLYS|09:25:00|16||13.72|13.72|13.72|161.06|||0|833600.4491425001|polygon_20d|6.597|||polygon_delayed||score -6 < 50 (catalyst=routine)|-6||||
2026-08-05|TVTX|09:25:00|17||11.91|10.67|11.91|56.02|||0|1545170.0426715|polygon_20d|0.547|||polygon_delayed||filter:pm_rvol_too_low: pm_rvol=0.55x (today 5,140 / baseline 9,405 n=19) < 1.0x|||||
2026-08-05|TATT|09:25:00|18||11.67|13.57|11.67|41.65|||0.31|164188.63843300001|polygon_20d|12.751|||polygon_delayed||already scored earlier today|||||
2026-08-05|OSPN|09:25:00|19||11.1|11.6|11.1|16.21|||0|380820.7451715|polygon_20d|0.369|||polygon_delayed||filter:pm_rvol_too_low: pm_rvol=0.37x (today 1,002 / baseline 2,718 n=12) < 1.0x|||||
2026-08-05|DT|09:25:00|20||10.82|11.04|10.82|45.71|||0.06|4702813.013488|polygon_20d|72.954|||polygon_delayed||score 18 < 50 (catalyst=routine)|18||||
2026-08-05|FTK|09:25:00|21||10.1|16.18|10.1|28.21|||0.02|350418.646474|polygon_20d||||polygon_delayed||outside top-20 gap cap (gap 10.1%)|||||
2026-08-06|FVN|09:25:00|1||49.21|37.07|49.21|10.79|||2.54|26936|polygon_20d||||polygon_delayed||quality filter: filter:adv_too_low: $175,840|||||
2026-08-06|AEVA|09:25:00|2||34.53|31.46|34.53|19.61|||0.25|1647336.055799|polygon_20d|35.548|||polygon_delayed||already scored earlier today|||||
2026-08-06|ASPN|09:25:00|3||29.74|38.52|29.74|5.01|||0.37|1155508.432448|polygon_20d|76.804|||polygon_delayed||quality filter: filter:mcap_too_small: $415M < $500M|||||
2026-08-06|INSM|09:25:00|4||28.34|29.28|28.34|99.02|||0.17|2798264.1623425|polygon_20d|323.826|||polygon_delayed||already scored earlier today|||||
2026-08-06|SITM|09:25:00|5||27.96|27.6|27.96|543.12|||0.07|512254.70008850005|polygon_20d|19.586|||polygon_delayed||already scored earlier today|||||
2026-08-06|SOUN|09:25:00|6||27.53|24.49|27.53|6.43|||0.19|34958938.950033|polygon_20d|20.943|||polygon_delayed||M&A/buyout catalyst — no momentum trade|||||
2026-08-06|WPP|09:25:00|7||26.2|26.39|26.2|20.61|||0.75|451150.231548|polygon_20d|41.158|||polygon_delayed||score 30 < 50 (catalyst=routine)|30||||
2026-08-06|CAI|09:25:00|8||15.68|16.11|15.68|16.45|||0.01|3768885.9754225|polygon_20d|3.692|||polygon_delayed||score 42 < 50 (catalyst=routine)|42||||
2026-08-06|PAYC|09:25:00|9||14.93|21.85|14.93|174.8|||0.01|909391.022871|polygon_20d|1.79|||polygon_delayed||score 24 < 50 (catalyst=routine)|24||||
2026-08-06|FET|09:25:00|10||13.74|13.74|13.74|75.52|||0|160089.1955615|polygon_20d|1.729|||polygon_delayed||EP cooldown — alerted within last 60 days|||||
2026-08-06|PN|09:25:00|11||13.45|16.84|13.45|6.89|||0.33|148325.835853|polygon_20d||||polygon_delayed||quality filter: filter:adv_too_low: $556,166|||||
2026-08-06|RDW|09:25:00|12||11.01|13.67|11.01|10.72|||0.12|18796332.727819|polygon_20d|4.398|||polygon_delayed||already scored earlier today|||||
2026-08-06|DCTH|09:25:00|13||10.85|12.08|10.85|12.63|||0.03|389713.8416275|polygon_20d|2.177|||polygon_delayed||quality filter: filter:mcap_too_small: $436M < $500M|||||
2026-08-06|EOLS|09:25:00|14||10.19|10.19|10.19|6.18|||0.02|681360.763364|polygon_20d|4.046|||polygon_delayed||quality filter: filter:mcap_too_small: $407M < $500M|||||
2026-08-06|ORA|09:25:00|15||10.06|11.08|10.06|98.02|||0.01|951314.691413|polygon_20d|2.036|||polygon_delayed||score 28 < 50 (catalyst=routine)|27.6||||
2026-08-07|DOCS|09:25:00|1||77.78|92.5|77.78|20.66|||4.41|3562105.632134|polygon_20d|5650.912|||polygon_delayed||already scored earlier today|||||
2026-08-07|VATE|09:25:00|2||48.72|53.85|48.72|7.41|||52.96|109492.6471705|polygon_20d||||polygon_delayed||quality filter: filter:adv_too_low: $745,625|||||
2026-08-07|PUBM|09:25:00|3||35.01|27.67|35.01|13.48|||0.12|490423.387992|polygon_20d|78.055|||polygon_delayed||already scored earlier today|||||
2026-08-07|TEAM|09:25:00|4||34.34|33.87|34.34|110.17|||0.19|4023906.902292|polygon_20d|24.167|||polygon_delayed||already scored earlier today|||||
2026-08-07|QNST|09:25:00|5||29.37|29.76|29.37|15.22|||0.02|675278.8406595|polygon_20d|28.091|||polygon_delayed||already scored earlier today|||||
2026-08-07|FIGS|09:25:00|6||27.31|33.45|27.31|11.24|||0.05|3468621.17856|polygon_20d|52.076|||polygon_delayed||already scored earlier today|||||
2026-08-07|FRD|09:25:00|7||27.25|27.25|27.25|37.72|||0.04|88291.913787|polygon_20d||||polygon_delayed||quality filter: filter:mcap_too_small: $272M < $500M|||||
2026-08-07|TWLO|09:25:00|8||19.84|21.95|19.84|193.2|||0.04|1834889.81168|polygon_20d|29.422|||polygon_delayed||already scored earlier today|||||
2026-08-07|MTW|09:25:00|9||19.63|19.63|19.63|14.21|||0.01|225743.33994550002|polygon_20d||||polygon_delayed||pre-mkt volume 1,554 < 25,000 shares|||||
2026-08-07|CRSR|09:25:00|10||18.85|13.57|18.85|10.61|||0.05|1646785.5515315|polygon_20d|13.861|||polygon_delayed||already scored earlier today|||||
2026-08-07|FNKO|09:25:00|11||18.56|23.11|18.56|5.28|||0.03|987718.907691|polygon_20d||||polygon_delayed||quality filter: filter:mcap_too_small: $295M < $500M|||||
2026-08-07|MITK|09:25:00|12||18.56|18.19|18.56|16.81|||0|729584.1050994999|polygon_20d|0.67|||polygon_delayed||filter:pm_rvol_too_low: pm_rvol=0.67x (today 1,111 / baseline 1,658 n=21) < 1.0x|||||
2026-08-07|FROG|09:25:00|13||18.02|16.81|18.02|83.04|||0.01|2415650.7339805|polygon_20d|6.845|||polygon_delayed||already scored earlier today|||||
2026-08-07|PSIX|09:25:00|14||17.29|18.72|17.29|33.02|||0.05|461873.06814|polygon_20d|8.004|||polygon_delayed||score 48 < 50 (catalyst=routine)|48||||
2026-08-07|NTRA|09:25:00|15||16.81|16.51|16.81|265.38|||0.01|1344996.7700395|polygon_20d|6.978|||polygon_delayed||score 6 < 50 (catalyst=routine)|6||||
2026-08-07|ACMR|09:25:00|16||16.3|15.45|16.3|78.98|||0.08|1322956.0848019999|polygon_20d|3.914|||polygon_delayed||already scored earlier today|||||
2026-08-07|WLDN|09:25:00|17||16.03|16.01|16.03|73.69|||0.01|321385.85141799995|polygon_20d|12.308|||polygon_delayed||already scored earlier today|||||
2026-08-07|SPT|09:25:00|18||15.63|15.14|15.63|8.19|||0.01|1029161.6252325|polygon_20d|4.377|||polygon_delayed||quality filter: filter:mcap_too_small: $492M < $500M|||||
2026-08-07|INOD|09:25:00|19||14.63|14.03|14.63|65.48|||0.09|1238047.1108175|polygon_20d|8.278|||polygon_delayed||already scored earlier today|||||
2026-08-07|NET|09:25:00|20||14.46|14.96|14.46|284.43|||0.05|3222370.7166275|polygon_20d|7.954|||polygon_delayed||already scored earlier today|||||
2026-08-07|CART|09:25:00|21||14.06|12.21|14.06|45.03|||0.03|4199067.123548|polygon_20d||||polygon_delayed||outside top-20 gap cap (gap 14.1%)|||||
2026-08-07|AAOI|09:25:00|22||13.5|13.27|13.5|124.22|||0.2|10303291.787234|polygon_20d||||polygon_delayed||outside top-20 gap cap (gap 13.5%)|||||
2026-08-07|DV|09:25:00|23||12.89|12.98|12.89|11.71|||4.07|2220744.0225885|polygon_20d||||polygon_delayed||outside top-20 gap cap (gap 12.9%)|||||
2026-08-07|ONTO|09:25:00|24||12.02|12.02|12.02|268.7|||0.01|1428941.26768|polygon_20d||||polygon_delayed||outside top-20 gap cap (gap 12.0%)|||||
2026-08-07|FLR|09:25:00|25||11.79|13.44|11.79|48.75|||0.02|2230747.7150075|polygon_20d||||polygon_delayed||outside top-20 gap cap (gap 11.8%)|||||
2026-08-07|ULBI|09:25:00|26||11.09|11.09|11.09|5.32|||0.7|33825.3711225|polygon_20d||||polygon_delayed||outside top-20 gap cap (gap 11.1%)|||||
2026-08-07|HMY|09:25:00|27||10.86|10.19|10.86|18.05|||0.14|3181636.1997435|polygon_20d||||polygon_delayed||outside top-20 gap cap (gap 10.9%)|||||
2026-08-07|MCHP|09:25:00|28||10.27|11.62|10.27|74.36|||0.02|12767939.4368775|polygon_20d||||polygon_delayed||outside top-20 gap cap (gap 10.3%)|||||
2026-08-10|BWMN|09:25:00|1||55.38|55.27|55.38|27.23|||0.21|146630.3014815|polygon_20d||||polygon_delayed||quality filter: filter:mcap_too_small: $477M < $500M|||||
2026-08-10|VREX|09:25:00|2||48.27|48.27|48.27|12.41|||3.57|370009.214211|polygon_20d||||polygon_delayed||M&A/buyout catalyst — no momentum trade|||||
2026-08-10|HZO|09:25:00|3||45.57|45.43|45.57|35.68|||5.4|310349.846764|polygon_20d|3013.137|||polygon_delayed||M&A/buyout catalyst — no momentum trade|||||
2026-08-10|SLN|09:25:00|4||33.89|40.17|33.89|11.95|||8.63|573373.993604|polygon_20d||||polygon_delayed||already scored earlier today|||||
2026-08-10|ABCL|09:25:00|5||31.49|26.98|31.49|6.93|||1.33|6291141.6775525|polygon_20d|60.576|||polygon_delayed||already scored earlier today|||||
2026-08-10|ACHR|09:25:00|6||17.88|14.49|17.88|5.59|||0.42|30267950.1553085|polygon_20d|23.946|||polygon_delayed||score 42 < 50 (catalyst=routine)|42||||
2026-08-10|NXTC|09:25:00|7||14.73|14.38|14.73|5.84|||0.63|441036.9883125|polygon_20d||||polygon_delayed||quality filter: filter:atr_too_high: 15.7% > 15.0%|||||
2026-08-10|RNA|09:25:00|8||13.45|13.45|13.45|12.34|||0|182336.97995900002|polygon_20d||||polygon_delayed||quality filter: filter:mcap_too_small: $211M < $500M|||||
2026-08-10|INHD|09:25:00|9||12.73|21.87|12.73|5.145|||0.79|1690979.845774|polygon_20d||||polygon_delayed||quality filter: filter:adv_no_data|||||
2026-08-11|BW|09:25:00|1||36.72|34.91|36.72|8.88|||0.22|3746713.210849|polygon_20d|65.071|||polygon_delayed||already scored earlier today|||||
2026-08-11|WYHG|09:25:00|2||34.61|33.57|34.61|5.72|||146.5|39847.1652875|polygon_20d||||polygon_delayed||already up 71% in prior 5 days (extended)|||||
2026-08-11|FRMI|09:25:00|3||21.94|21.6|21.94|5.88|||0.19|17892920.3405535|polygon_20d|6.56|||polygon_delayed||already scored earlier today|||||
2026-08-11|QMCO|09:25:00|4||20.37|20.12|20.37|11.78|||0.09|983636.6293635|polygon_20d|6.213|||polygon_delayed||quality filter: filter:mcap_too_small: $464M < $500M|||||
2026-08-11|FF|09:25:00|5||19.57|25.37|19.57|5.16|||1.34|314711.90348750004|polygon_20d||||polygon_delayed||quality filter: filter:mcap_too_small: $226M < $500M|||||
2026-08-11|RIOT|09:25:00|6||17.78|19.33|17.78|19.4|||0.2|17601065.902326|polygon_20d|16.285|||polygon_delayed||already scored earlier today|||||
2026-08-11|NIQ|09:25:00|7||15.07|15.07|15.07|11.68|||0.01|1574830.3805510001|polygon_20d|4.063|||polygon_delayed||score 34 < 50 (catalyst=routine)|33.6||||
2026-08-11|APEI|09:25:00|8||12.89|12.89|12.89|47.39|||0.04|328114.6317725|polygon_20d|32.631|||polygon_delayed||score 24 < 50 (catalyst=routine)|24||||
2026-08-11|RNW|09:25:00|9||11.42|10.28|11.42|6.13|||0.45|1131715.436739|polygon_20d|43.77|||polygon_delayed||M&A/buyout catalyst — no momentum trade|||||
2026-08-11|ACVA|09:25:00|10||11.16|10.19|11.16|7.26|||0.47|3139160.7991505|polygon_20d|701.048|||polygon_delayed||score 28 < 50 (catalyst=routine)|27.6||||
2026-08-12|VELO|09:25:00|1||22.72|25.13|22.72|13.69|||0.12|1838563.5502585|polygon_20d|6.595|||polygon_delayed||quality filter: filter:mcap_too_small: $408M < $500M|||||
2026-08-12|RSKD|09:25:00|2||20.93|17.46|20.93|5.27|||0.1|660385.246038|polygon_20d||||polygon_delayed||score 30 < 50 (catalyst=routine)|30||||
2026-08-12|CRWV|09:25:00|3||18.95|19.34|18.95|90.32|||0.26|25214602.7879215|polygon_20d|7.276|||polygon_delayed||score 34 < 50 (catalyst=routine)|33.6||||
2026-08-12|CAVA|09:25:00|4||18.6|17.17|18.6|60.81|||0.08|3711944.547557|polygon_20d|28.673|||polygon_delayed||score 34 < 50 (catalyst=routine)|33.6||||
2026-08-12|NBIS|09:25:00|5||16.61|18.07|16.61|193.23|||0.28|23459101.1457545|polygon_20d|6.82|||polygon_delayed||already scored earlier today|||||
2026-08-12|EROC|09:25:00|6||16|16.89|16|11.25|||0.05|1585022.7117585|polygon_20d|7.972|||polygon_delayed||already scored earlier today|||||
2026-08-12|DFTX|09:25:00|7||15.91|16.11|15.91|40.91|||0.43|1957436.2665735|polygon_20d|149.794|||polygon_delayed||EP cooldown — alerted within last 60 days|||||
2026-08-12|SMWB|09:25:00|8||15.31|13.1|15.31|7.25|||0.14|819304.5081075|polygon_20d||||polygon_delayed||score 10 < 50 (catalyst=routine)|9.6||||
2026-08-12|WYFI|09:25:00|9||14.37|11.07|14.37|24.22|||0.13|2419064.1961275004|polygon_20d|7.213|||polygon_delayed||already scored earlier today|||||
2026-08-12|LENZ|09:25:00|10||12.83|13.78|12.83|5.21|||0.02|1098094.7769005|polygon_20d|1.716|||polygon_delayed||quality filter: filter:mcap_too_small: $163M < $500M|||||
2026-08-12|HRB|09:25:00|11||11.74|14.18|11.74|46.67|||0.03|2144047.5521795|polygon_20d|1.306|||polygon_delayed||score 22 < 50 (catalyst=strong)|21.6||||
2026-08-12|AII|09:25:00|12||10.66|10.66|10.66|20.19|||0.04|92446.96932850001|polygon_20d||||polygon_delayed||quality filter: filter:mcap_too_small: $396M < $500M|||||
2026-08-12|ATRO|09:25:00|13||10.28|10.05|10.28|74.91|||0.02|554081.912043|polygon_20d|10.371|||polygon_delayed||already scored earlier today|||||
2026-08-13|ARX|09:25:00|1||44.45|44.01|44.45|13.61|||6.99|1890099.45591|polygon_20d|18789.683|||polygon_delayed||M&A/buyout catalyst — no momentum trade|||||
2026-08-13|OMER|09:25:00|2||23.69|21.95|23.69|13.71|||0.23|1471337.1555195|polygon_20d|26.977|||polygon_delayed||score 42 < 50 (catalyst=routine)|42||||
2026-08-13|HLIT|09:25:00|3||23.67|22.33|23.67|12|||0.26|1427131.7891865|polygon_20d|89.461|||polygon_delayed||already scored earlier today|||||
2026-08-13|LNSR|09:25:00|4||18.1|16.85|18.1|6.29|||16.46|45227.3877835|polygon_20d||||polygon_delayed||quality filter: filter:adv_too_low: $208,597|||||
2026-08-13|JACK|09:25:00|5||17.05|15.18|17.05|18.77|||0.07|873273.8885069999|polygon_20d|17.775|||polygon_delayed||quality filter: filter:mcap_too_small: $358M < $500M|||||
2026-08-13|AIRO|09:25:00|6||15.31|15.31|15.31|8.49|||0.76|363870.6605485|polygon_20d|11.733|||polygon_delayed||quality filter: filter:mcap_too_small: $267M < $500M|||||
2026-08-13|CRMD|09:25:00|7||15.21|15.77|15.21|7.1|||0.18|880447.1886440001|polygon_20d|47.429|||polygon_delayed||already scored earlier today|||||
2026-08-13|ENS|09:25:00|8||15.15|11.28|15.15|186.72|||0.06|444923.9695005|polygon_20d|67.784|||polygon_delayed||score 30 < 50 (catalyst=routine)|30||||
2026-08-13|DERM|09:25:00|9||12.75|12.91|12.75|6.43|||0.13|192120.6648075|polygon_20d||||polygon_delayed||quality filter: filter:mcap_too_small: $177M < $500M|||||
2026-08-13|BIRK|09:25:00|10||12.41|15.95|12.41|36.74|||0.09|1518975.4923795|polygon_20d|49.443|||polygon_delayed||score 28 < 50 (catalyst=routine)|27.6||||
2026-08-13|AVAH|09:25:00|11||11.05|11.27|11.05|9.05|||0.02|2026690.2200190001|polygon_20d|14.461|||polygon_delayed||score 18 < 50 (catalyst=routine)|18||||
2026-08-14|AKAN|09:25:00|1||58.22|60.48|58.22|5.01|||112.16|59003.477553|polygon_20d|12.893|||polygon_delayed||quality filter: filter:adv_too_low: $287,912|||||
2026-08-14|DAAQ|09:25:00|2||43.66|43.39|43.66|7.26|||1.22|29410.7996|polygon_20d||||polygon_delayed||quality filter: filter:adv_too_low: $130,594|||||
2026-08-14|BOXL|09:25:00|3||29.06|29.56|29.06|6.8|||69.56|33539.9667195|polygon_20d||||polygon_delayed||already up 132% in prior 5 days (extended)|||||
2026-08-14|ETON|09:25:00|4||28.19|37.25|28.19|40.8|||0.07|577904.726836|polygon_20d|21.725|||polygon_delayed||already scored earlier today|||||
2026-08-14|HTFL|09:25:00|5||23.67|23.28|23.67|31.01|||0.12|1093368.1664924999|polygon_20d|30.93|||polygon_delayed||already scored earlier today|||||
2026-08-14|IMXI|09:25:00|6||22.14|21.79|22.14|11.7|||2.04|376477.7056965|polygon_20d||||polygon_delayed||quality filter: filter:mcap_too_small: $353M < $500M|||||
2026-08-14|BRUN|09:25:00|7||19.17|18.18|19.17|22.55|||0.21|1749424.9643405|polygon_20d|36.344|||polygon_delayed||EP cooldown — alerted within last 60 days|||||
2026-08-14|UMAC|09:25:00|8||16.75|16.19|16.75|27.24|||0.26|3751548.510832|polygon_20d|13.612|||polygon_delayed||score 0 < 50 (catalyst=routine)|0||||
2026-08-14|VERA|09:25:00|9||14.4|13.4|14.4|28.89|||0.3|2410601.175706|polygon_20d|86.942|||polygon_delayed||already scored earlier today|||||
2026-08-14|NU|09:25:00|10||14.14|11.49|14.14|13.93|||0.1|96139848.255832|polygon_20d|108.238|||polygon_delayed||score 18 < 50 (catalyst=routine)|18||||
2026-08-14|ACOG|09:25:00|11||12.05|12.98|12.05|8.63|||0.02|109826.3853805|polygon_20d||||polygon_delayed||quality filter: filter:adv_too_low: $637,552|||||
2026-08-14|OBX|09:25:00|12||10.99|10.99|10.99|18.92|||0.02|22846.0862265|polygon_20d||||polygon_delayed||quality filter: filter:adv_no_data|||||
2026-08-14|CPS|09:25:00|13||10.91|10.91|10.91|27.23|||0.02|196418.177508|polygon_20d||||polygon_delayed||quality filter: filter:mcap_too_small: $484M < $500M|||||
2026-08-14|RDDT|09:25:00|14||10.85|10.67|10.85|158.12|||0.22|4247568.1932574995|polygon_20d|7.542|||polygon_delayed||already scored earlier today|||||
2026-08-14|LPTH|09:25:00|15||10.44|10.98|10.44|13.12|||0.08|2955889.4475450004|polygon_20d|5.323|||polygon_delayed||already scored earlier today|||||
2026-08-17|WETO|09:25:00|1||20.8|21.17|20.8|8.22|||10.42|206026.534416|polygon_20d||||polygon_delayed||already up 128% in prior 5 days (extended)|||||
2026-08-17|JLHL|09:25:00|2||18.32|20.86|18.32|7.19|||0.42|771759.131213|polygon_20d||||polygon_delayed||quality filter: filter:atr_too_high: 23.1% > 15.0%|||||
2026-08-17|FIEE|09:25:00|3||17.29|16.8|17.29|5|||21.46|95390.6938855|polygon_20d||||polygon_delayed||already up 51% in prior 5 days (extended)|||||
2026-08-17|NNNN|09:25:00|4||14.42|16.59|14.42|8.74|||0.96|50782.3050865|polygon_20d||||polygon_delayed||quality filter: filter:adv_too_low: $324,976|||||
2026-08-17|DUOT|09:25:00|5||13.61|13.61|13.61|9.11|||0.17|756830.254428|polygon_20d|8.333|||polygon_delayed||quality filter: filter:mcap_too_small: $286M < $500M|||||
2026-08-17|ARGX|09:25:00|6||11.91|10.61|11.91|851.29|||0.04|282973.737033|polygon_20d|9.236|||polygon_delayed||already scored earlier today|||||
2026-08-18|WETO|09:25:00|1||77.67|73.4|77.67|24.59|||12.05|264339.12309999997|polygon_20d||||polygon_delayed||already up 581% in prior 5 days (extended)|||||
2026-08-18|AMLX|09:25:00|2||34.67|36.49|34.67|21.43|||2.01|1802362.4636829998|polygon_20d|1177.05|||polygon_delayed||already scored earlier today|||||
2026-08-18|HAE|09:25:00|3||12.99|15.93|12.99|90.27|||0.03|796394.6489355|polygon_20d|35.694|||polygon_delayed||score -6 < 50 (catalyst=routine)|-6||||
2026-08-18|DUOT|09:25:00|4||11.87|11.68|11.87|10.28|||0.34|756830.254428|polygon_20d|17.15|||polygon_delayed||quality filter: filter:mcap_too_small: $323M < $500M|||||
2026-08-18|BANL|09:25:00|5||11.11|14.01|11.11|10.35|||0.04|65690.8881865|polygon_20d||||polygon_delayed||already up 169% in prior 5 days (extended)|||||
2026-08-18|AIRG|09:25:00|6||10.54|10.54|10.54|5.41|||0.01|89210.61304550001|polygon_20d||||polygon_delayed||quality filter: filter:adv_too_low: $388,341|||||
2026-08-19|TNON|09:25:00|1||116.51|114.13|116.51|5.45|||396.85|37658.314499|polygon_20d||||polygon_delayed||quality filter: filter:adv_too_low: $159,684|||||
2026-08-19|MRNA|09:25:00|2||92.19|89.01|92.19|62.96|||3.52|5616703.513057|polygon_20d|275.137|||polygon_delayed||already scored earlier today|||||
2026-08-19|MRVI|09:25:00|3||21.26|18.47|21.26|5.74|||0.11|2412899.2059645|polygon_20d|128.678|||polygon_delayed||score 30 < 50 (catalyst=routine)|30||||
2026-08-19|ARCT|09:25:00|4||18.27|15.96|18.27|8.21|||2.78|487326.72973150003|polygon_20d||||polygon_delayed||quality filter: filter:mcap_too_small: $233M < $500M|||||
2026-08-19|EIKN|09:25:00|5||15.88|15.88|15.88|11.65|||0.06|363298.18884099997|polygon_20d||||polygon_delayed||pre-mkt volume 23,130 < 25,000 shares|||||
2026-08-19|BNTX|09:25:00|6||15.26|16.66|15.26|92.75|||1.23|898715.6476660001|polygon_20d|179.957|||polygon_delayed||score 30 < 50 (catalyst=routine)|30||||
2026-08-19|KC|09:25:00|7||13.47|12.45|13.47|10.84|||0.14|1573570.3556889999|polygon_20d|7.003|||polygon_delayed||EP cooldown — alerted within last 60 days|||||
2026-08-19|EL|09:25:00|8||13.27|12.89|13.27|84.27|||0.13|2392910.4575934997|polygon_20d|218.754|||polygon_delayed||score 28 < 50 (catalyst=routine)|27.6||||
2026-08-19|MRVL|09:25:00|9||12.5|13.99|12.5|216|||0.21|25374797.676388|polygon_20d|4.772|||polygon_delayed||already scored earlier today|||||
2026-08-19|TEM|09:25:00|10||12.36|14.77|12.36|49.36|||0.21|4798203.2613615|polygon_20d|9.774|||polygon_delayed||score 36 < 50 (catalyst=routine)|36||||
2026-08-19|AXIL|09:25:00|11||10.98|10.98|10.98|6.65|||0.09|17448.1075|polygon_20d||||polygon_delayed||quality filter: filter:adv_too_low: $44,620|||||
2026-08-20|WETO|09:25:00|1||49.61|51.73|49.61|20.76|||4.83|358157.6365735|polygon_20d||||polygon_delayed||already up 475% in prior 5 days (extended)|||||
2026-08-20|BANF|09:25:00|2||22.49|22.49|22.49|112.92|||0|126834.8638965|polygon_20d|0.873|||polygon_delayed||M&A/buyout catalyst — no momentum trade|||||
2026-08-20|SCSC|09:25:00|3||20.58|21.55|20.58|51.42|||0.05|246275.6257025|polygon_20d|5.171|||polygon_delayed|||96|HIGH|||
2026-08-20|TMS|09:25:00|4||14.14|14.14|14.14|7.71|||0.01|79151.992812|polygon_20d||||polygon_delayed||quality filter: filter:adv_too_low: $436,523|||||
2026-08-20|BULL|09:25:00|5||13.77|14.33|13.77|8.64|||0.31|10439542.0214525|polygon_20d|37.871|||polygon_delayed||already scored earlier today|||||
2026-08-20|ELOX|09:25:00|6||10.16|10.16|10.16|18.155|||0.03|53516.8200535|polygon_20d||||polygon_delayed||quality filter: filter:adv_too_low: $758,925|||||
2026-08-20|MSTR|09:25:00|7||9.39|9.37|9.39|104.25|||0.33|17048729.3594755|polygon_20d|11.945|||polygon_delayed||routine catalyst, gap 9.4%|||||
2026-08-21|RFAI|09:25:00|1||204.01|230.32|204.01|12.73|||121.8|7059.435499499999|polygon_20d||||polygon_delayed||quality filter: filter:adv_too_low: $67,037|||||
2026-08-21|PAL|09:25:00|2||16.89|16.89|16.89|5.21|||0|360455.8676735|polygon_20d||||polygon_delayed||quality filter: filter:mcap_too_small: $146M < $500M|||||
2026-08-21|IPST|09:25:00|3||13.87|10.1|13.87|10.31|||7.45|29197.635231|polygon_20d||||polygon_delayed||already up 413% in prior 5 days (extended)|||||
2026-08-21|RPC|09:25:00|4||10.2|10.2|10.2|8.63|||0|594675.6591274999|polygon_20d||||polygon_delayed||routine catalyst, gap 10.2%|||||
2026-08-21|ELAB|09:25:00|5||9.67||9.67|6.1|||0|88622.4923575|polygon_20d||||polygon_delayed||already up 989% in prior 5 days (extended)|||||
2026-08-24|SDOT|09:25:00|1||65.33|60.55|65.33|13.18|||27.77|300755.6784875|polygon_20d|17.006|||polygon_delayed||quality filter: filter:atr_too_high: 16.2% > 15.0%|||||
2026-08-24|NSSC|09:25:00|2||20.14|19.45|20.14|38.09|||0.28|272546.069019|polygon_20d|99.409|||polygon_delayed||score 60 < bar 65 (catalyst=strong)|60||||
2026-08-24|HVII|09:25:00|3||19.97|25.14|19.97|6.385|||0.83|55795.009072500005|polygon_20d||||polygon_delayed||quality filter: filter:adv_too_low: $600,114|||||
2026-08-24|SUPX|09:25:00|4||13.26|14.56|13.26|8.52|||0.27|216656.9541835|polygon_20d|15.392|||polygon_delayed||quality filter: filter:mcap_too_small: $368M < $500M|||||
2026-08-24|AERO|09:25:00|5||9.18|9.18|9.18|13.72|||0.01|252892.4994255|polygon_20d|2.634|||polygon_delayed||pre-mkt volume 3,037 < 25,000 shares|||||
2026-08-25|AMIX|09:25:00|1||48.03|48.23|48.03|5.37|||9.19|668600.6905949999|polygon_20d||||polygon_delayed||quality filter: filter:atr_too_high: 32.5% > 15.0%|||||
2026-08-25|DFNS|09:25:00|2||38.69|41.96|38.69|11.01|||2.57|2299127.361634|polygon_20d|3.567|||polygon_delayed||quality filter: filter:atr_too_high: 57.6% > 15.0%|||||
2026-08-25|NBBK|09:25:00|3||24.39|24.39|24.39|22.51|||0|394131.377805|polygon_20d|1.255|||polygon_delayed||score 60 < bar 65 (catalyst=strong)|60||||
2026-08-25|GRML|09:25:00|4||19.88|18.95|19.88|8.55|||4.73|115819.38178699999|polygon_20d||||polygon_delayed||quality filter: filter:adv_too_low: $533,390|||||
2026-08-25|PMI|09:25:00|5||17.33|16.95|17.33|5.13|||5.99|141528.7686745|polygon_20d||||polygon_delayed||quality filter: filter:adv_too_low: $248,885|||||
2026-08-25|MEI|09:25:00|6||10.48|10.48|10.48|14.03|||0|557340.4455945|polygon_20d|0.516|||polygon_delayed||filter:pm_rvol_too_low: pm_rvol=0.52x (today 2,422 / baseline 4,697 n=19) < 1.0x|||||
2026-08-25|KURA|09:25:00|7||9.68|9.19|9.68|12.4|||0.09|1589929.8183745|polygon_20d|8.117|||polygon_delayed||EP cooldown — alerted within last 60 days|||||
2026-08-26|PLAB|09:25:00|1||22.61|26.19|22.61|29.32|||0.53|962839.8506835001|polygon_20d|66.225|||polygon_delayed||score 28 < bar 65 (catalyst=routine)|27.5||||
2026-08-26|XPON|09:25:00|2||21.06|18.32|21.06|5.27|||36.32|51244.895738499996|polygon_20d||||polygon_delayed||quality filter: filter:adv_too_low: $133,051|||||
2026-08-26|SDOT|09:25:00|3||20.8|25.38|20.8|16.35|||1.85|344700.1078255|polygon_20d|1.296|||polygon_delayed||already up 94% in prior 5 days (extended)|||||
2026-08-26|ANF|09:25:00|4||13.52|16.71|13.52|108.9|||0.44|1077824.1000565002|polygon_20d|180.56|||polygon_delayed||score 46 < bar 65 (catalyst=routine)|46.2||||
2026-08-26|SMMT|09:25:00|5||12.65|9.66|12.65|13.36|||0.21|4782184.242775001|polygon_20d|62.177|||polygon_delayed||score 55 < bar 65 (catalyst=strong)|55||||
2026-08-26|BRNX|09:25:00|6||12.41|12.62|12.41|5.56|||0.13|1594308.667341|polygon_20d||||polygon_delayed||already up 110% in prior 5 days (extended)|||||
2026-08-27|OKTA|09:25:00|1||20.09|20.52|20.09|134.42|||0.14|2779370.135576|polygon_20d|42.723|||polygon_delayed||already scored earlier today|||||
2026-08-27|LTRX|09:25:00|2||14.3|13.63|14.3|5.66|||0.17|731027.003155|polygon_20d|2.792|||polygon_delayed||quality filter: filter:mcap_too_small: $252M < $500M|||||
2026-08-27|DAIC|09:25:00|3||13.2|14.37|13.2|5.15|||6.36|627466.7795955|polygon_20d||||polygon_delayed||already up 1126% in prior 5 days (extended)|||||
2026-08-27|BRNX|09:25:00|4||12.53|14.9|12.53|6.24|||2.19|1478050.467067|polygon_20d||||polygon_delayed||already up 135% in prior 5 days (extended)|||||
2026-08-27|MBUU|09:25:00|5||11.3|13.04|11.3|26.64|||0.01|179082.0861355|polygon_20d|5.944|||polygon_delayed||score 60 < bar 65 (catalyst=strong)|60||||
2026-08-27|CRM|09:25:00|6||10.31|11.51|10.31|205.62|||0.07|13263964.0016765|polygon_20d|9.235|||polygon_delayed||score 59 < bar 65 (catalyst=routine)|58.8||||
2026-08-27|CRWD|09:25:00|7||9.35|9.63|9.35|189.18|||0.05|8273767.86368|polygon_20d|5.165|||polygon_delayed||already scored earlier today|||||
2026-08-27|AMKR|09:25:00|8||9.3|10.43|9.3|48.4|||0.04|5249369.124510501|polygon_20d|1.85|||polygon_delayed||routine catalyst, gap 9.3%|||||
2026-08-28|ESTC|09:25:00|1||24.56|24.56|25.6|83.74|||0.16|2273531.699875|polygon_20d|77.585|||alpaca_sip||score 60 < bar 65 (catalyst=routine)|60||||
2026-08-28|GAP|09:25:00|2||16.31|16.31|18.43|20.79|||0.21|5990542.2392705|polygon_20d|77.191|||alpaca_sip||score 45 < bar 65 (catalyst=routine)|45||||
2026-08-28|SOLS|09:25:00|3||15.5|15.5|16.01|56.34|||0.18|2997833.4958189996|polygon_20d|41.341|||alpaca_sip||already scored earlier today|||||
2026-08-28|AFRM|09:25:00|4||11.63|11.63|11.51|77.49|||0.19|3091729.583077|polygon_20d|53.747|||alpaca_sip||score 60 < bar 65 (catalyst=routine)|60||||
2026-08-28|EROK|09:25:00|5||11.56|11.56|11.56|24.74|||0|165427.859086|polygon_20d|0.077|||alpaca_sip||score 60 < bar 65 (catalyst=strong)|60||||
2026-08-28|UMC|09:25:00|6||9.6|9.6|9.91|19.07|||0.05|15225921.8841955|polygon_20d|2.53|||alpaca_sip||routine catalyst, gap 9.6%|||||
2026-08-28|XPON|09:25:00|7||9.03|9.03|9.16|7.97|||14.16|61769.370599999995|polygon_20d||||alpaca_sip||already up 132% in prior 5 days (extended)|||||
2026-08-31|MOVE|09:25:00|1|3|32.38|32.38|28.29|11.49|15.21|3968060|45.38|87440.35815300001|polygon_20d|611.095|14|f|alpaca_sip|quality_filter|quality filter: filter:adv_too_low: $883,651|||883651||
2026-08-31|WETO|09:25:00|2|5|24.3|24.3|22.56|5.72|7.11|2344981|3.89|603267.204069|polygon_20d|||f|alpaca_sip|quality_filter|quality filter: filter:atr_too_high: 167.3% > 15.0%|||5923583.945||
2026-08-31|SAIC|09:25:00|3|4|13.01|13.01|12.75|125.96|142.3417|50825|0.12|422793.431464|polygon_20d|53.256|17|f|alpaca_sip|score_bar|score 42 < bar 65 (catalyst=routine)|42.5||48795386.78|5325188096|
2026-08-31|BY|09:25:00|4|1|9.66|9.66|9.66|38.3|42|200|0|268494.670844|polygon_20d|0.596|11|f|alpaca_sip|rvol_gate|filter:pm_rvol_too_low: pm_rvol=0.60x (today 200 / baseline 336 n=11) < 1.0x|||||
2026-08-31|CNXU|09:25:00|5|2|9.02|9.02|9.02|7.07|7.7077|976|0|209902.7429515|polygon_20d|||f|alpaca_sip|quality_filter|quality filter: filter:mcap_too_small: $189M < $500M|||1600050.6500000001|189181392|
2026-09-01|WETO|09:25:00|1|3|38.87|38.87|36.68|5.48|7.61|4316432|7.16|603267.204069|polygon_20d|||f|alpaca_sip|quality_filter|quality filter: filter:atr_too_high: 185.0% > 15.0%|||8009209.5||
2026-09-01|YEXT|09:25:00|2|4|16.1|16.1|13|6.77|7.86|88663|0.12|766190.8916615|polygon_20d|1.773|17|f|alpaca_sip|score_bar|score 28 < bar 65 (catalyst=routine)|27.5||4232149.350000001|678679744|
2026-09-01|BLSM|09:25:00|3|1|9.29|9.29|9.29|18.3|20|1000|0.01|193547.685939|polygon_20d|||f|alpaca_sip|post_grade_filter|pre-mkt volume 1,000 < 25,000 shares|||3349916|532185216|
2026-09-01|PXS|09:25:00|4|2|9.14|9.14|7.84|5.36|5.85|126974|2.92|43425.820410500004|polygon_20d|||f|alpaca_sip|quality_filter|quality filter: filter:adv_too_low: $189,562|||189561.6||
2026-09-02|JLHL|09:25:00|1|4|27.05|27.05|26.87|5.62|7.14|7889169|44.74|176315.17981200002|polygon_20d|||f|alpaca_sip|quality_filter|quality filter: filter:mcap_too_small: $121M < $500M|||1053686.47|120541312|
2026-09-02|GTLB|09:25:00|2|1|22.58|22.58|26.64|45.09|55.27|1267200|0.29|4351968.847511999|polygon_20d|84.761|21|t|alpaca_sip|score_bar|score 52 < bar 65 (catalyst=routine)|52.5||168774627.01|7615700992|
2026-09-02|BIAF|09:25:00|3|2|14.94|14.94|-0.42|6.59|7.5743|542590|12.09|44864.8173945|polygon_20d|||f|alpaca_sip_universe|quality_filter|quality filter: filter:adv_too_low: $232,409|||232409.19975||
2026-09-02|VLRS|09:25:00|4|5|13.24|13.24|13.24|6.39|7.2362|4551|0.01|489732.8811345|polygon_20d|||f|alpaca_sip|post_grade_filter|pre-mkt volume 4,551 < 25,000 shares|||3216104.825|734539200|
2026-09-02|DELL|09:25:00|5|3|10.17|10.17|9.25|425|468.21|1112770|0.18|6144087.857919|polygon_20d|12.064|21|f|alpaca_sip|score_bar|score 46 < bar 65 (catalyst=routine)|46.2||2265285578.955|274610520064|
2026-09-03|AEHL|09:25:00|1|4|49.87|49.87|34.54|5.43|8.1379|9144056|28.83|317180.91117850004|polygon_20d|||f|alpaca_sip|extension|already up 53% in prior 5 days (extended)|||||
2026-09-03|BIAF|09:25:00|2|5|34.87|34.87|31.38|9.75|13.15|6073212|118.48|51258.422329|polygon_20d|||f|alpaca_sip|extension|already up 114% in prior 5 days (extended)|||||
2026-09-03|CHPT|09:25:00|3|6|29.09|29.09|27.78|5.19|6.7|838012|2.12|395317.2473405|polygon_20d|||f|alpaca_sip|quality_filter|quality filter: filter:mcap_too_small: $134M < $500M|||2122094.99|134408704|
2026-09-03|SNOW|09:25:00|4|3|22.94|22.94|23.27|305.84|376.01|1016898|0.21|4907752.287437|polygon_20d|23.918|22|t|alpaca_sip|duplicate|already scored earlier today|||||
2026-09-03|NTSK|09:25:00|5|2|14.69|14.69|14.14|13.75|15.77|241600|0.06|4173419.5490985|polygon_20d|21.72|22|t|alpaca_sip|score_bar|score 49 < bar 65 (catalyst=routine)|48.8||58408373.405|5553950208|
2026-09-03|HCM|09:25:00|6|7|12.54|12.54|12.29|12.04|13.55|41212|0.66|62526.158752999996|polygon_20d|||f|alpaca_sip|quality_filter|quality filter: filter:adv_too_low: $690,715|||690714.64||
2026-09-03|REA|09:25:00|7|8|11.34|11.34|11.34|11.9|13.25|803|0.01|136497.246338|polygon_20d|0.037|12|f|alpaca_sip|rvol_gate|filter:pm_rvol_too_low: pm_rvol=0.04x (today 803 / baseline 21,878 n=12) < 1.0x|||||
2026-09-03|USDE|09:25:00|8|9|9.6|9.6|10.12|7.5|8.22|696137|0.54|1285245.5447325|polygon_20d|||f|alpaca_sip|quality_filter|quality filter: filter:atr_too_high: 20.7% > 15.0%|||2043732.42||
2026-09-03|CGAU|09:25:00|9|1|9.02|9.02|3.77|22.26|24.2689|4686|0|1958413.1638604999|polygon_20d|0.646|22|t|alpaca_sip_universe|rvol_gate|filter:pm_rvol_too_low: pm_rvol=0.65x (today 4,686 / baseline 7,257 n=22) < 1.0x|||||
2026-09-04|AOUT|09:25:00|1|1|27.37|27.37|27.17|10.01|12.75|142822|2.79|51189.4170565|polygon_20d|||f|alpaca_sip|quality_filter|quality filter: filter:adv_too_low: $528,169|||528168.53||
2026-09-04|IOT|09:25:00|2|3|14.97|14.97|13.94|38.75|44.55|494350|0.09|5475136.789249|polygon_20d|44.039|23|f|alpaca_sip|score_bar|score 40 < bar 65 (catalyst=routine)|40||187729110.435|22580015104|
2026-09-04|SWBI|09:25:00|3|6|14.1|14.1|12.63|12.27|14|44589|0.1|452858.4738875|polygon_20d|4.329|16|f|alpaca_sip|score_bar|score 52 < bar 65 (catalyst=strong)|52.5||5919519.8100000005|550182912|
2026-09-04|BBCP|09:25:00|4|2|14.03|14.03|15.69|9.05|10.32|56872|0.34|167655.01027700002|polygon_20d|||f|alpaca_sip|quality_filter|quality filter: filter:mcap_too_small: $456M < $500M|||1097123.55|456060448|
2026-09-04|PDEX|09:25:00|5|4|10.11|10.11|6.91|61.75|67.99|664|0.01|81478.8532315|polygon_20d|||f|alpaca_sip|quality_filter|quality filter: filter:mcap_too_small: $197M < $500M|||3655317.57|197152864|
2026-09-04|PL|09:25:00|6|5|10.08|10.08|10.37|18.35|20.2|1998541|0.33|6073798.4446685|polygon_20d|21.806|23|f|alpaca_sip|score_bar|score 59 < bar 65 (catalyst=strong)|58.8||108601471.71000001|6539986432|
2026-09-08|PHVS|09:25:00|1|3|17.73|17.73|19.69|35.25|41.5|575855|0.93|618615.4259955|polygon_20d|495.537|12|f|alpaca_sip|duplicate|already scored earlier today|||||
2026-09-08|EAF|09:25:00|2|2|17.58|17.58|8.87|6.2|7.29|40942|0.16|249633.79317750002|polygon_20d|||f|alpaca_sip|quality_filter|quality filter: filter:mcap_too_small: $162M < $500M|||1599753.78|161771408|
2026-09-08|ROIV|09:25:00|3|4|17.43|17.43|19.1|34.93|41.02|815354|0.13|6190825.2586485|polygon_20d|78.717|21|f|alpaca_sip|duplicate|already scored earlier today|||||
2026-09-08|SEI|09:25:00|4|5|11.71|11.71|10.71|55|61.44|86245|0.03|2786073.740972|polygon_20d|26.982|21|f|alpaca_sip|duplicate|already scored earlier today|||||
2026-09-08|ATRA|09:25:00|5|1|9.84|9.84|9.84|9.76|10.72|750|0.01|50229.5694695|polygon_20d|||f|alpaca_sip|quality_filter|quality filter: filter:adv_too_low: $329,662|||329662.135||
2026-09-09|ODD|09:25:00|1|6|34.2|34.2|33.97|13.025|17.48|1862512|2.23|836198.593434|polygon_20d|969.527|19|f|alpaca_sip|score_bar|score 40 < bar 65 (catalyst=routine)|40||10941106.9|600772288|
2026-09-09|BIAF|09:25:00|2|1|19.93|19.93|19.15|8.93|10.71|3101136|36.82|84225.7863085|polygon_20d|||f|alpaca_sip|extension|already up 96% in prior 5 days (extended)|||||
2026-09-09|SIG|09:25:00|3|8|13.69|13.69|15.66|82.67|93.99|327013|0.49|672775.193089|polygon_20d|533.463|11|f|alpaca_sip|score_bar|score 42 < bar 65 (catalyst=routine)|42.5||52797466.1||
2026-09-09|FGL|09:25:00|4|3|12.42|12.42|12.92|7.57|8.51|2381617|26.85|88685.54705950001|polygon_20d|||f|alpaca_sip|quality_filter|quality filter: filter:atr_too_high: 82.8% > 15.0%|||1280727.8||
2026-09-09|RTB|09:25:00|5|7|12.26|12.26|3.49|8.89|9.98|5740|0.12|49005.796036|polygon_20d|||f|alpaca_sip_universe|quality_filter|quality filter: filter:adv_too_low: $571,257|||571256.64||
2026-09-09|JILL|09:25:00|6|5|10.79|10.79|11.86|19.84|21.98|283381|3.51|80702.7394|polygon_20d|||f|alpaca_sip|quality_filter|quality filter: filter:mcap_too_small: $297M < $500M|||1329656.32|296636064|
2026-09-09|FBYD|09:25:00|7|2|9.48|9.48|9.48|8.07|8.8348|4436|0.04|99045.3501715|polygon_20d|23.524|7|f|alpaca_sip|quality_filter|quality filter: filter:adv_too_low: $755,726|||755726.1599999999||
2026-09-09|INNV|09:25:00|8|4|9.41|9.41|10.36|10.52|11.51|38291|0.18|209682.7511585|polygon_20d|||f|alpaca_sip|score_bar|score 34 < bar 65 (catalyst=routine)|33.8||2001416.49|1427947008|
2026-09-10|PCLA|09:25:00|1|1|23.45|23.45|23.18|7.42|9.16|1563300|17.2|90873.450528|polygon_20d|||f|alpaca_sip|quality_filter|quality filter: filter:adv_too_low: $388,285|||388284.76||
2026-09-11|TNON|09:25:00|1|7|54.22|54.22|54.34|5.3|8.1736|30171800|103.23|292272.22404|polygon_20d|||f|alpaca_sip|extension|already up 117% in prior 5 days (extended)|||||
2026-09-11|ACVA|09:25:00|2|1|44.74|44.74|44.74|7.22|10.45|37244448|9.42|3953901.5210515|polygon_20d|293.159|18|f|alpaca_sip|post_grade_filter|M&A/buyout catalyst — no momentum trade|||23819049.419999998|1226013568|
2026-09-11|FEIM|09:25:00|3|3|32.58|32.58|31.37|62.06|82.28|43867|0.18|241465.423327|polygon_20d|39.959|16|f|alpaca_sip|score_bar|score 52 < bar 65 (catalyst=strong)|52.5||13946912.000000002|693677504|
2026-09-11|PCLA|09:25:00|4|5|28.81|28.81|26.34|9.72|12.52|1491971|8.89|167802.70721750002|polygon_20d|||f|alpaca_sip|extension|already up 54% in prior 5 days (extended)|||||
2026-09-11|COLA|09:25:00|5|2|27.95|27.95|26.14|8.3|10.62|52537|5.61|9370.5436|polygon_20d|||f|alpaca_sip|quality_filter|quality filter: filter:adv_too_low: $93,011|||93011.035||
2026-09-11|HOFT|09:25:00|6|4|12.02|12.02|14.16|12.565|14.0754|9757|0.21|45563.858685|polygon_20d|||f|alpaca_sip|quality_filter|quality filter: filter:adv_too_low: $426,864|||426863.57999999996||
2026-09-11|STN|09:25:00|7|6|10.29|10.29|10.29|70.04|77.25|354|0|386470.37729750003|polygon_20d|1.884|7|f|alpaca_sip|post_grade_filter|routine catalyst, gap 10.3%|||20181678.3|7872475136|
2026-09-14|ELMT|09:25:00|1|4|42.31|42.31|41.94|16.19|23.04|3646787|14.31|254852.7019985|polygon_20d|417.266|21|f|alpaca_sip|quality_filter|quality filter: filter:mcap_too_small: $493M < $500M|||3627603|493139296|
2026-09-14|BMM|09:25:00|2|1|20.99|20.99|17.68|5.455|6.6|481652|1.71|282267.477967|polygon_20d|||f|alpaca_sip|score_bar|score 46 < bar 65 (catalyst=strong)|46.2||1092143.58|572027648|
2026-09-14|DFTX|09:25:00|3|3|13.88|13.88|13.29|38.89|44.2897|505656|0.29|1768280.3793859999|polygon_20d|10.347|22|f|alpaca_sip|duplicate|already scored earlier today|||||
2026-09-14|DERM|09:25:00|4|2|10.65|10.65|10.65|7.23|8|450|0|211482.8100075|polygon_20d|||f|alpaca_sip|quality_filter|quality filter: filter:mcap_too_small: $204M < $500M|||1013198.61|204062384|
2026-09-14|MLEC|09:25:00|5|5|9.82|9.82|16.5|7.03|7.72|17926|2.16|8302.91023|polygon_20d|||f|alpaca_sip|quality_filter|quality filter: filter:adv_too_low: $58,412|||58412.42||
2026-09-15|RLGT|09:25:00|1|1|13.52|13.52|13.4|8.21|9.32|169651|1.4|121493.7921665|polygon_20d|||f|alpaca_sip|quality_filter|quality filter: filter:adv_too_low: $984,175|||984175.15||
2026-09-15|TNON|09:25:00|2|2|13.49|13.49|12.42|5.56|6.31|4097457|10.41|393581.957504|polygon_20d|||f|alpaca_sip|extension|already up 128% in prior 5 days (extended)|||||
2026-09-15|VERA|09:25:00|3|3|11.6|11.6|13.8|34.05|38|1308350|0.68|1929822.3800555002|polygon_20d|22.93|19|f|alpaca_sip|cooldown|EP cooldown — alerted within last 60 days|||||
2026-09-15|WAY|09:25:00|4|4|9.56|9.56|10.24|24.9|27.28|128331|0.05|2426003.792026|polygon_20d|34.93|20|f|alpaca_sip|post_grade_filter|M&A/buyout catalyst — no momentum trade|||41473610.855000004|4774535680|
2026-09-16|FTFT|09:25:00|1|1|22.47|22.47|16.03|5.74|7.0298|1795479|4.7|381834.46262949996|polygon_20d|||f|alpaca_sip|extension|already up 338% in prior 5 days (extended)|||||
2026-09-16|LUXE|09:25:00|2|2|17.76|17.76|15.38|7.15|8.42|81032|0.69|117844.3812755|polygon_20d|||f|alpaca_sip|quality_filter|quality filter: filter:adv_too_low: $680,082|||680082||
2026-09-16|NRXS|09:25:00|3|3|11.05|11.05|7.37|5.7|6.33|30449|0.4|75606.0097615|polygon_20d|||f|alpaca_sip|quality_filter|quality filter: filter:adv_too_low: $375,629|||375628.88||
2026-09-17|GNRC|09:25:00|1|3|30.92|30.92|33.06|175.11|229.25|343417|0.38|901272.898575|polygon_20d|188.369|18|f|alpaca_sip|score_bar|score 59 < bar 65 (catalyst=strong)|58.8||154729498.26|10332603392|
2026-09-17|BIAF|09:25:00|2|2|30.47|30.47|26.32|5.35|6.98|6329405|17.34|364965.8877435|polygon_20d|||f|alpaca_sip|quality_filter|quality filter: filter:atr_too_high: 54.6% > 15.0%|||2274011.64||
2026-09-17|AEHL|09:25:00|3|1|26.9|26.9|25.54|9.22|11.7|1069391|1.58|676768.603248|polygon_20d|||f|alpaca_sip|extension|already up 79% in prior 5 days (extended)|||||
2026-09-17|VEEA|09:25:00|4|10|26.89|26.89|25.87|6.1|7.74|6134705|59.52|103068.8296955|polygon_20d|||f|alpaca_sip|extension|already up 291% in prior 5 days (extended)|||||
2026-09-17|RTB|09:25:00|5|8|23.96|23.96|27.26|8.89|11.02|57511|0.84|68520.776901|polygon_20d|||f|alpaca_sip|quality_filter|quality filter: filter:adv_too_low: $650,641|||650641.2||
2026-09-17|MKDW|09:25:00|6|6|14.25|14.25|18.57|7.79|8.9|708574|255.47|2773.610165|polygon_20d|||f|alpaca_sip|extension|already up 53% in prior 5 days (extended)|||||
2026-09-17|INIO|09:25:00|7|4|12.24|12.24|6.89|18.71|21|77102|0.02|3809179.5437065|polygon_20d|9.57|21|f|alpaca_sip|score_bar|score 55 < bar 65 (catalyst=strong)|55||77244945.84|14032499712|
2026-09-17|VICR|09:25:00|8|11|12.02|12.02|12.48|183.91|206.02|10806|0.01|754778.13066|polygon_20d|3.029|20|f|alpaca_sip|duplicate|already scored earlier today|||||
2026-09-17|MGNI|09:25:00|9|5|11.02|11.02|10.47|23.78|26.4|156605|0.07|2383221.3008315|polygon_20d|75.467|13|f|alpaca_sip|score_bar|score 55 < bar 65 (catalyst=strong)|55||39311569.199999996|3410626560|
2026-09-17|NBIS|09:25:00|10|7|10.04|10.04|9.95|209.37|230.4|1716925|0.09|18302299.1079735|polygon_20d|1.605|21|f|alpaca_sip|cooldown|EP cooldown — alerted within last 60 days|||||
2026-09-17|SCZM|09:25:00|11|9|9.03|9.03|9.03|8.31|9.06|10473|0.02|516285.406504|polygon_20d|||f|alpaca_sip|post_grade_filter|pre-mkt volume 10,473 < 25,000 shares|||4510870.399999999|772749312|
2026-09-18|USDE|09:25:00|1|6|23.87|23.87|23.55|7.71|9.55|3416116|0.8|4250952.926798|polygon_20d|3.234|22|f|alpaca_sip|quality_filter|quality filter: filter:atr_too_high: 19.3% > 15.0%|||25926807.06||
2026-09-18|SVRN|09:25:00|2|5|17.48|17.48|17.48|14.19|16.67|15303|0.51|29789.034667|polygon_20d|||f|alpaca_sip|quality_filter|quality filter: filter:adv_too_low: $216,643|||216643.28||
2026-09-18|BIAF|09:25:00|3|1|17.38|17.38|14.97|8.75|10.271|1235102|2.13|580374.374982|polygon_20d|||f|alpaca_sip|extension|already up 64% in prior 5 days (extended)|||||
2026-09-18|DSP|09:25:00|4|3|16.07|16.07|18.56|10.02|11.63|308052|1.26|245167.170094|polygon_20d|||f|alpaca_sip|score_bar|score 52 < bar 65 (catalyst=strong)|52.5||2490143.43|666568640|
2026-09-18|NXTC|09:25:00|5|4|12.52|12.52|12.52|5.67|6.38|600|0|157306.40728400002|polygon_20d|||f|alpaca_sip|quality_filter|quality filter: filter:adv_too_low: $603,974|||603974.07||
2026-09-18|BNC|09:25:00|6|2|9.23|9.23|8.49|5.42|5.92|1694151|2.45|691851.6861614999|polygon_20d|||f|alpaca_sip|quality_filter|quality filter: filter:mcap_too_small: $223M < $500M|||2151222.04|223162256|
2026-09-21|VEEE|09:25:00|1|14|69.81|69.81|73.08|8.58|14.57|4708179|212.76|22128.7414365|polygon_20d|37.992|22|f|alpaca_sip|quality_filter|quality filter: filter:adv_too_low: $117,939|||117938.60500000001||
2026-09-21|PRTH|09:25:00|2|11|33.53|33.53|34.27|5.83|7.785|2153594|4.97|433399.71947849996|polygon_20d|||f|alpaca_sip|quality_filter|quality filter: filter:mcap_too_small: $481M < $500M|||2016253.0199999998|480627328|
2026-09-21|CRML|09:25:00|3|5|29.72|29.72|27.19|6.73|8.73|5582141|0.83|6727353.871753|polygon_20d|21.264|21|f|alpaca_sip|score_bar|score 46 < bar 65 (catalyst=strong)|46.2||41376155.1|988561280|
2026-09-21|SVRN|09:25:00|4|12|26.23|26.23|25.96|20.32|25.65|43220|1.21|35803.104755|polygon_20d|||f|alpaca_sip|extension|already up 83% in prior 5 days (extended)|||||
2026-09-21|USDE|09:25:00|5|13|25.61|25.61|25.02|10.19|12.8|3648926|0.79|4611820.320267|polygon_20d|2.83|21|f|alpaca_sip|extension|already up 67% in prior 5 days (extended)|||||
2026-09-21|NUAI|09:25:00|6|8|17.75|17.75|16.89|5.86|6.9|3032427|0.45|6741678.4332885|polygon_20d|33.213|22|f|alpaca_sip|score_bar|score 28 < bar 65 (catalyst=routine)|27.5||27408654|624437696|
2026-09-21|OPTX|09:25:00|7|10|15.61|15.61|12.08|6.79|7.85|173624|0.71|244323.542098|polygon_20d|1.337|21|f|alpaca_sip|quality_filter|quality filter: filter:mcap_too_small: $274M < $500M|||1430447.2|273500384|
2026-09-21|GRAL|09:25:00|8|1|13.9|13.9|0.89|80.77|92|31472|0.04|718289.2925845|polygon_20d|18.536|16|t|alpaca_sip_universe|score_bar|score 55 < bar 65 (catalyst=routine)|55||52667360|3607691520|
2026-09-21|ARHS|09:25:00|9|4|10.91|10.91|9.11|7.79|8.64|28689|0.03|1125156.7430535|polygon_20d|3.684|16|f|alpaca_sip|score_bar|score 46 < bar 65 (catalyst=strong)|46.2||8028611.36|1102597120|
2026-09-21|NXTT|09:25:00|10|9|10.82|10.82|10.82|5.36|5.94|8732|0.1|86454.861651|polygon_20d|||f|alpaca_sip|quality_filter|quality filter: filter:adv_too_low: $285,447|||285447||
2026-09-21|MBIN|09:25:00|11|7|10.72|10.72|10.72|52.07|57.65|183|0|197015.848515|polygon_20d|0.398|5|f|alpaca_sip|post_grade_filter|routine catalyst, gap 10.7%|||7945619.04|2391995648|
2026-09-21|XXI|09:25:00|12|15|10.5|10.5|10.84|5.81|6.42|241445|0.14|1773678.6485825|polygon_20d|15.492|23|f|alpaca_sip|post_grade_filter|routine catalyst, gap 10.5%|||8686549.52|2013956480|
2026-09-21|AEMD|09:25:00|13|2|10.46|10.46|7.77|6.31|6.97|233665|1.68|139003.1399005|polygon_20d|||f|alpaca_sip|extension|already up 341% in prior 5 days (extended)|||||
2026-09-21|DFDV|09:25:00|14|6|10.23|10.23|10.23|6.06|6.68|483534|0.23|2119459.16463|polygon_20d|6.192|20|f|alpaca_sip|quality_filter|quality filter: filter:mcap_too_small: $198M < $500M|||9627625.7|197681984|
2026-09-21|ALMR|09:25:00|15|3|9.04|9.04|9.04|34.85|38|921|0|347724.112818|polygon_20d|1.469|7|f|alpaca_sip|post_grade_filter|routine catalyst, gap 9.0%|||9441716.69|2418337792|
2026-09-22|GRML|09:25:00|1|3|38.96|38.96|41.58|9.42|13.09|22079777|35.24|626611.7198135001|polygon_20d|||f|alpaca_sip|extension|already up 231% in prior 5 days (extended)|||||
2026-09-22|VKTX|09:25:00|2|9|27.86|27.86|25.01|30.11|38.5|8208965|3.93|2091362.2630905001|polygon_20d|794.303|20|f|alpaca_sip|post_grade_filter|M&A/buyout catalyst — no momentum trade|||61934377.16|3512420096|
2026-09-22|NCT|09:25:00|3|5|22.63|22.63|17.37|5.7|6.99|2040965|18.15|112427.8291295|polygon_20d|||f|alpaca_sip|quality_filter|quality filter: filter:atr_too_high: 252.7% > 15.0%|||4334737.125||
2026-09-22|SVRN|09:25:00|4|8|12.24|12.24|12.68|29.5|33.11|21170|0.31|68146.519356|polygon_20d|||f|alpaca_sip|extension|already up 166% in prior 5 days (extended)|||||
2026-09-22|ONON|09:25:00|5|6|12.12|12.12|11.57|27.32|30.63|2599691|0.29|9109584.148017|polygon_20d|21.552|20|f|alpaca_sip|score_bar|score 59 < bar 65 (catalyst=strong)|58.8||212077697.05|9130744832|
2026-09-22|AEHL|09:25:00|6|1|11.27|11.27|11.27|6.92|7.7|33772|0.05|737392.5886015|polygon_20d|||f|alpaca_sip|quality_filter|quality filter: filter:atr_too_high: 38.0% > 15.0%|||2189865.51||
2026-09-22|STI|09:25:00|7|7|10.19|10.19|10.83|7.26|8|4598947|69.02|66629.7778805|polygon_20d|||f|alpaca_sip|quality_filter|quality filter: filter:adv_too_low: $380,197|||380196.58499999996||
2026-09-22|MAZE|09:25:00|8|4|9.42|9.42|7.01|22.39|24.5|2656|0.01|439048.12471350003|polygon_20d|1.502|8|f|alpaca_sip|post_grade_filter|pre-mkt volume 2,656 < 25,000 shares|||10232086.129999999|1243745792|
2026-09-22|BIAF|09:25:00|9|2|9.35|9.35|11.63|7.7|8.42|200533|0.25|810870.3786780001|polygon_20d|||f|alpaca_sip|quality_filter|quality filter: filter:atr_too_high: 47.8% > 15.0%|||6081456.7||
2026-09-23|GRML|09:25:00|1|1|27.05|27.05|19.08|14.15|17.9776|12959255|18.06|717634.3912424999|polygon_20d|||f|alpaca_sip|extension|already up 396% in prior 5 days (extended)|||||
2026-09-23|RTB|09:25:00|2|3|23.14|23.14|10.05|9.55|11.76|9370|0.09|109826.20818049999|polygon_20d|||f|alpaca_sip|quality_filter|quality filter: filter:adv_too_low: $762,522|||762522.5||
2026-09-23|WOR|09:25:00|3|4|15.9|15.9|18.34|58.94|68.31|32875|0.1|342227.4025805|polygon_20d|||f|alpaca_sip|score_bar|score 34 < bar 65 (catalyst=routine)|33.8||19708314.3|2883744512|
2026-09-23|IONQ|09:25:00|4|2|11.44|11.44|11.27|40.74|45.4021|7351455|0.41|17847202.1715975|polygon_20d|8.736|20|f|alpaca_sip|cooldown|EP cooldown — alerted within last 60 days|||||
2026-09-24|SRZN|09:25:00|1|4|86.63|86.63|86.57|16.16|30.16|3365993|17.33|194185.80999500002|polygon_20d|||f|alpaca_sip|quality_filter|quality filter: filter:mcap_too_small: $190M < $500M|||3419348.6|189937488|
2026-09-24|GRML|09:25:00|2|2|14.01|14.01|16.71|11.19|12.7577|6089299|7.36|827404.9079755|polygon_20d|||f|alpaca_sip|extension|already up 293% in prior 5 days (extended)|||||
2026-09-24|KYTX|09:25:00|3|3|11.6|11.6|13.15|7.07|7.89|318316|0.39|816760.7391335|polygon_20d|38.339|18|f|alpaca_sip|quality_filter|quality filter: filter:mcap_too_small: $437M < $500M|||4967824.149999999|437233152|
2026-09-24|FRVO|09:25:00|4|1|11.25|11.25|12.78|16.35|18.19|557162|0.11|5015448.755315499|polygon_20d|2.85|21|f|alpaca_sip|score_bar|score 55 < bar 65 (catalyst=strong)|55||69308601.18|4819378688|
2026-09-24|SWIM|09:25:00|5|5|10.41|10.41|10.41|6.34|7|104|0|759563.1924425|polygon_20d|0.07|7|f|alpaca_sip|post_grade_filter|routine catalyst, gap 10.4%|||4941308.399999999|745876224|
2026-09-24|TSSI|09:25:00|6|6|9.59|9.59|9.05|9.28|10.17|212301|0.26|829597.742013|polygon_20d|19.318|22|f|alpaca_sip|quality_filter|quality filter: filter:mcap_too_small: $262M < $500M|||6285557.85|261872960|
2026-09-25|FBK|09:25:00|1|4|28.76|28.76|28.76|52.81|68|425|0|480010.58042949997|polygon_20d|0.641|7|f|alpaca_sip|post_grade_filter|pre-mkt volume 425 < 25,000 shares|||25398746.97|2639345408|
2026-09-25|JAGX|09:25:00|2|7|28.75|28.75|28.9|7.06|9.09|7560052|130.84|57780.716939|polygon_20d|||f|alpaca_sip|extension|already up 164% in prior 5 days (extended)|||||
2026-09-25|SVRN|09:25:00|3|8|23.14|23.14|24.32|42.23|52|22721|0.12|196107.7720915|polygon_20d|||f|alpaca_sip|extension|already up 280% in prior 5 days (extended)|||||
2026-09-25|AKAM|09:25:00|4|2|17.06|17.06|15.48|110.41|129.25|3706514|1.04|3548120.3721525|polygon_20d|113.117|21|f|alpaca_sip|duplicate|already scored earlier today|||||
2026-09-25|GLND|09:25:00|5|5|15.7|15.7|13.18|5.35|6.19|15712298|21.19|741616.7731295|polygon_20d|22.065|22|f|alpaca_sip|extension|already up 346% in prior 5 days (extended)|||||
2026-09-25|GRML|09:25:00|6|6|12.49|12.49|6.87|14.89|16.75|3232248|3.36|962837.6153795|polygon_20d|||f|alpaca_sip|extension|already up 422% in prior 5 days (extended)|||||
2026-09-25|AESI|09:25:00|7|1|12.37|12.37|15.29|10.99|12.35|149589|0.04|3459349.7723505|polygon_20d|18.931|19|f|alpaca_sip|score_bar|score 46 < bar 65 (catalyst=strong)|46.2||39709361.77|1372712320|
2026-09-25|CUE|09:25:00|8|3|11.09|11.09|11.09|32.85|36.4934|283|0|215303.1535075|polygon_20d|0.001|21|f|alpaca_sip|rvol_gate|filter:pm_rvol_too_low: pm_rvol=0.00x (today 283 / baseline 352,658 n=21) < 1.0x|||||
2026-09-25|USDE|09:25:00|9|9|9.56|9.56|9.69|14.22|15.58|922688|0.16|5598805.7063065|polygon_20d|0.894|22|f|alpaca_sip|rvol_gate|filter:pm_rvol_too_low: pm_rvol=0.89x (today 922,688 / baseline 1,032,561 n=22) < 1.0x|||||
2026-09-28|KOD|09:25:00|1|2|93.04|93.04|98.45|32.35|62.45|5357514|7.71|695256.371303|polygon_20d|1081.65|21|f|alpaca_sip|duplicate|already scored earlier today|||||
2026-09-28|AMPX|09:25:00|2|1|11.72|11.72|8.1|9.75|10.893|1858562|0.41|4559497.566682|polygon_20d|29.993|22|f|alpaca_sip|score_bar|score 46 < bar 65 (catalyst=strong)|46.2||41031107.830000006|1424286080|
2026-09-29|SMMT|09:25:00|1|8|22.74|22.74|22.67|15.48|19|2430170|0.4|6143009.8823454995|polygon_20d|60.199|20|f|alpaca_sip|score_bar|score 55 < bar 65 (catalyst=strong)|55||82878844.53999999|12349163520|
2026-09-29|IOVA|09:25:00|2|5|17.38|17.38|20.29|10.99|12.9|2596384|0.19|13883360.735718|polygon_20d|27.172|20|f|alpaca_sip|post_grade_filter|M&A/buyout catalyst — no momentum trade|||120217725.9|4978156032|
2026-09-29|XRPN|09:25:00|3|9|17.26|17.26|17.07|10.575|12.4|326211|2.93|111382.715203|polygon_20d|||f|alpaca_sip|quality_filter|quality filter: filter:mcap_too_small: $334M < $500M|||1154766.5949999997|334064256|
2026-09-29|QMLS|09:25:00|4|7|12.99|12.99|13.27|7.16|8.09|433692|1.02|424127.9206635|polygon_20d|||f|alpaca_sip|quality_filter|quality filter: filter:mcap_too_small: $240M < $500M|||1652208.45|239562976|
2026-09-29|CCL|09:25:00|5|3|10.69|10.69|-0.99|22.14|24.5074|3649604|0.16|22451518.716943502|polygon_20d|13.552|20|f|alpaca_sip_universe|score_bar|score 42 < bar 65 (catalyst=routine)|42.5||473645806.48|30324031488|
2026-09-29|CBOE|09:25:00|6|2|10|10|9.95|253.26|278.59|25272|0.02|1048304.772269|polygon_20d|50.105|13|f|alpaca_sip|score_bar|score 61 < bar 65 (catalyst=strong)|61.2||253955729.87|26448197632|
2026-09-29|FCEL|09:25:00|7|4|9.98|9.98|9.67|16.14|17.75|338157|0.05|6842752.2887415|polygon_20d|2.163|20|f|alpaca_sip|post_grade_filter|routine catalyst, gap 10.0%|||88465551.005|1290460672|
2026-09-29|ONMD|09:25:00|8|6|9.95||9.95|6.33|6.96|300|0.01|26333.1797085|polygon_20d|||f|polygon_delayed|extension|already up 900% in prior 5 days (extended)|||||
2026-09-29|AVX|09:25:00|9|1|9.18|9.18|10.13|6.32|6.9|42062|0.26|161461.69759|polygon_20d|||f|alpaca_sip|extension|already up 54% in prior 5 days (extended)|||||
2026-09-30|CAPR|09:25:00|1|2|19.02|19.02|15.99|8.57|10.2|6923808|1.73|4002203.691956|polygon_20d|108.105|20|f|alpaca_sip|quality_filter|quality filter: filter:mcap_too_small: $498M < $500M|||23849924.400000002|498251104|
2026-09-30|QTTB|09:25:00|2|3|17.42|17.42|7.14|9.53|11.19|563542|0.87|646830.6308474999|polygon_20d|1.408|22|f|alpaca_sip|quality_filter|quality filter: filter:mcap_too_small: $284M < $500M|||6727612.81|283703008|
2026-09-30|XRPN|09:25:00|3|7|12.56|12.56|12.25|12.9|14.52|217244|1.87|116226.88527299999|polygon_20d|||f|alpaca_sip|quality_filter|quality filter: filter:mcap_too_small: $408M < $500M|||1200535.8299999998|407510976|
2026-09-30|SVRN|09:25:00|4|5|11.39|11.39|10.14|67.33|75|23186|0.08|276664.289506|polygon_20d|2.341|14|f|alpaca_sip|extension|already up 128% in prior 5 days (extended)|||||
2026-09-30|SGMT|09:25:00|5|4|11.36|11.36|13.11|9.33|10.39|409780|0.36|1128993.6975335|polygon_20d|65.203|22|f|alpaca_sip|score_bar|score 28 < bar 65 (catalyst=routine)|27.5||10370630.200000001|579940224|
2026-09-30|WKC|09:25:00|6|6|10.26|10.26|8.45|35.84|39.5167|559|0|1053721.9603005|polygon_20d|0.993|12|f|alpaca_sip|rvol_gate|filter:pm_rvol_too_low: pm_rvol=0.99x (today 559 / baseline 563 n=12) < 1.0x|||||
2026-09-30|ATRA|09:25:00|7|1|9.69|9.69|9.69|8.05|8.83|118|0|44493.574879499996|polygon_20d|||f|alpaca_sip|quality_filter|quality filter: filter:adv_too_low: $277,948|||277948.16000000003||
2026-10-01|ACN|09:25:00|1|1|17.31|17.31|18.11|183.37|215.12|2872489|0.55|5214605.4395145|polygon_20d|131.158|21|t|alpaca_sip|score_bar|score 59 < bar 65 (catalyst=routine)|58.8||865414402.1600001|112211812352|
2026-10-01|VICR|09:25:00|2|2|13.3|13.3|13.52|288.94|327.3781|37210|0.05|772919.390139|polygon_20d|4.178|20|t|alpaca_sip|cooldown|EP cooldown — alerted within last 60 days|||||
2026-10-01|EFXT|09:25:00|3|4|12.99|12.99|11.51|22.79|25.75|78831|0.15|535126.54039|polygon_20d|64.902|13|f|alpaca_sip|score_bar|score 28 < bar 65 (catalyst=routine)|27.5||7892027.2|2782724864|
2026-10-01|MRDN|09:25:00|4|5|11.72|11.72|0|12.18|13.6077|3536|0.05|70339.9868065|polygon_20d|||f|alpaca_sip_universe|quality_filter|quality filter: filter:adv_too_low: $734,625|||734624.52||
2026-10-01|DMRC|09:25:00|5|3|11.68|11.68|11.68|5.82|6.5|100|0|170542.49344549997|polygon_20d|||f|alpaca_sip|quality_filter|quality filter: filter:adv_too_low: $737,364|||737364.16||
2026-10-01|USGO|09:25:00|6|6|10.51|10.51||6.66|7.36|1400|0.02|81804.3528855|polygon_20d|||f|alpaca_sip_universe|quality_filter|quality filter: filter:adv_too_low: $565,058|||565058.13||
2026-10-02|XRPN|09:25:00|1|4|22.79|22.79|18.44|23.43|28.77|254945|1.86|137429.351997|polygon_20d|||f|alpaca_sip|extension|already up 122% in prior 5 days (extended)|||||
2026-10-02|SYNA|09:25:00|2|3|14.38|14.38|14.55|106.15|121.41|1112826|1.48|750290.2937650001|polygon_20d|301.702|20|f|alpaca_sip|post_grade_filter|M&A/buyout catalyst — no momentum trade|||53563681.28|4213349632|
2026-10-02|ECOR|09:25:00|3|1|10.52|10.52|10.52|10.315|11.4|100|0|96984.90532250001|polygon_20d|||f|alpaca_sip|quality_filter|quality filter: filter:adv_too_low: $781,903|||781902.69||
2026-10-02|IMOS|09:25:00|4|2|10.07|10.07|10.07|72.68|80|15131|0.19|79572.03867400001|polygon_20d|3.537|15|f|alpaca_sip|post_grade_filter|routine catalyst, gap 10.1%|||5350552.98|2527149312|
2026-10-05|PCVX|09:25:00|1|16|55.4|55.4|57.73|56.48|87.77|2159914|1.47|1467477.1282835002|polygon_20d|271.295|20|f|alpaca_sip|score_bar|score 42 < bar 65 (catalyst=routine)|42.5||82773055.89999999|8404521984|
2026-10-05|PTC|09:25:00|2|19|36.07|36.07|36.08|144.03|195.98|2242411|1.36|1644246.1372635001|polygon_20d|3241.33|11|f|alpaca_sip|post_grade_filter|M&A/buyout catalyst — no momentum trade|||190954692.10999998|15628156928|
2026-10-05|SDEV|09:25:00|3|22|27.28|27.28|37.83|7.48|9.5203|28411517|21.38|1329161.7975705|polygon_20d|||f|alpaca_sip|shortlist_cap|outside top-20 shortlist (prescore rank 22, gap 27.3%)|||||
2026-10-05|RXO|09:25:00|4|20|22.63|22.63|22.97|23.38|28.67|622892|0.34|1851933.6176585|polygon_20d|166.514|18|f|alpaca_sip|score_bar|score 46 < bar 65 (catalyst=strong)|46.2||37032999.9|3855972608|
2026-10-05|XP|09:25:00|5|2|18.56|18.56|16.88|21.5|25.49|704331|0.09|7880801.664809|polygon_20d|88.468|22|t|alpaca_sip|score_bar|score 52 < bar 65 (catalyst=routine)|52.5||155021431.98000002|10910023680|
2026-10-05|INTR|09:25:00|6|10|17.34|17.34|14.96|5.48|6.43|728882|0.18|4036972.6113585|polygon_20d|37.906|21|f|alpaca_sip|score_bar|score 28 < bar 65 (catalyst=routine)|27.5||21402698.96|2419493888|
2026-10-05|SBS|09:25:00|7|21|15.06|15.06|18.03|5.38|6.19|309579|0.04|7983121.005983001|polygon_20d|||f|alpaca_sip|shortlist_cap|outside top-20 shortlist (prescore rank 21, gap 15.1%)|||||
2026-10-05|CMC|09:25:00|8|6|15.02|15.02|15.02|63.58|73.13|128|0|1079056.60384|polygon_20d|0.106|16|f|alpaca_sip|rvol_gate|filter:pm_rvol_too_low: pm_rvol=0.11x (today 128 / baseline 1,210 n=16) < 1.0x|||||
2026-10-05|STNE|09:25:00|9|23|14.97|14.97|15.08|9.55|10.98|515531|0.1|5046305.6953315|polygon_20d|||f|alpaca_sip|shortlist_cap|outside top-20 shortlist (prescore rank 23, gap 15.0%)|||||
2026-10-05|ITUB|09:25:00|10|12|14.67|14.67|14.09|8.59|9.85|1460985|0.06|24725503.531237|polygon_20d|31.356|22|f|alpaca_sip|score_bar|score 59 < bar 65 (catalyst=strong)|58.8||186110441.96999997|94677884928|
2026-10-05|AGBK|09:25:00|11|4|14.58|14.58|14.58|5.46|6.2559|20558|0.11|180875.5424945|polygon_20d|||f|alpaca_sip|quality_filter|quality filter: filter:adv_too_low: $909,954|||909954.24||
2026-10-05|PAGS|09:25:00|12|14|14.08|14.08|15.19|9.02|10.29|337216|0.1|3473914.9601135002|polygon_20d|56.378|19|f|alpaca_sip|score_bar|score 28 < bar 65 (catalyst=routine)|27.5||27235030.86|2486327296|
2026-10-05|AFYA|09:25:00|13|3|12.93|12.93|7.53|12.22|13.8|60573|0.18|341076.042083|polygon_20d|||f|alpaca_sip|score_bar|score 40 < bar 65 (catalyst=routine)|40||4034916.7600000002|1081203840|
2026-10-05|PICS|09:25:00|14|17|12.21|12.21|12.49|9.09|10.2|20356|0.04|472178.406126|polygon_20d|||f|alpaca_sip|post_grade_filter|pre-mkt volume 20,356 < 25,000 shares|||3767383.0399999996|1177950848|
2026-10-05|NU|09:25:00|15|13|12.14|12.14|12.51|13.43|15.06|5654490|0.07|78166866.406747|polygon_20d|21.509|22|f|alpaca_sip|duplicate|already scored earlier today|||||
2026-10-05|VIV|09:25:00|16|25|11.44|11.44|8.15|11.54|12.86|56925|0.04|1374880.8177985|polygon_20d|||f|alpaca_sip|shortlist_cap|outside top-20 shortlist (prescore rank 25, gap 11.4%)|||||
2026-10-05|ELPC|09:25:00|17|8|11.28|11.28|8.55|12.86|14.31|258386|0.45|573874.713525|polygon_20d|||f|alpaca_sip|post_grade_filter|routine catalyst, gap 11.3%|||6532618.4399999995|9547297792|
2026-10-05|PBR|09:25:00|18|1|10.9|10.9|9.01|21.65|24.01|3466686|0.14|24075429.9056665|polygon_20d|23.231|22|t|alpaca_sip|duplicate|already scored earlier today|||||
2026-10-05|GRML|09:25:00|19|9|10.28|10.28|6.9|7.88|8.69|994728|0.25|3957265.9478475|polygon_20d|0.216|22|f|alpaca_sip|rvol_gate|filter:pm_rvol_too_low: pm_rvol=0.22x (today 994,728 / baseline 4,613,771 n=22) < 1.0x|||||
2026-10-05|ARCO|09:25:00|20|5|10.27|10.27|7.88|7.11|7.84|75031|0.06|1312273.4420275|polygon_20d|59.703|15|f|alpaca_sip|post_grade_filter|routine catalyst, gap 10.3%|||9130765.05|1497814400|
2026-10-05|CRML|09:25:00|21|7|10.24|10.24|9.67|7.03|7.75|2221455|0.3|7353799.158819|polygon_20d|4.442|22|f|alpaca_sip|score_bar|score 55 < bar 65 (catalyst=strong)|55||35687093.52|1032627968|
2026-10-05|PBM|09:25:00|22|15|10.16|10.16|6.59|5.16|5.6844|29036|0.36|80833.4940955|polygon_20d|||f|alpaca_sip|quality_filter|quality filter: filter:adv_too_low: $418,752|||418751.95999999996||
2026-10-05|PLRZ|09:25:00|23|18|9.89|9.89|9.89|9.61|10.56|375|0.01|62892.626069|polygon_20d|||f|alpaca_sip|quality_filter|quality filter: filter:adv_too_low: $161,898|||161897.7||
2026-10-05|INTT|09:25:00|24|11|9.76|9.76|10.16|12.3|13.5|19756|0.18|108893.49425399999|polygon_20d|4.442|19|f|alpaca_sip|quality_filter|quality filter: filter:mcap_too_small: $158M < $500M|||1083229.84|157757168|
2026-10-05|TIMB|09:25:00|25|24|9.37|9.37|9.25|17.83|19.5|5415|0.01|483615.484298|polygon_20d|||f|alpaca_sip|shortlist_cap|outside top-20 shortlist (prescore rank 24, gap 9.4%)|||||
2026-10-06|OPCH|09:25:00|1|1|32.91|32.91|33.03|23.37|31.06|10492134|5.95|1762999.437445|polygon_20d|758.157|14|t|alpaca_sip|post_grade_filter|M&A/buyout catalyst — no momentum trade|||40311789.65|3500481280|
2026-10-06|APOG|09:25:00|2|4|18.9|18.9|22.77|35.66|42.4|92210|0.34|271421.4804745|polygon_20d|37.667|12|f|alpaca_sip|score_bar|score 52 < bar 65 (catalyst=strong)|52.5||8772919.095|744163392|
2026-10-06|AIFA|09:25:00|3|2|13.61|13.61|14.79|5.88|6.68|89310|1.48|60423.783815|polygon_20d|||f|alpaca_sip|quality_filter|quality filter: filter:adv_too_low: $187,036|||187035.745||
2026-10-06|ANRO|09:25:00|4|3|10.37|10.37|10.37|24.01|26.5|434|0|578378.9743359999|polygon_20d|1.162|10|f|alpaca_sip|post_grade_filter|routine catalyst, gap 10.4%|||16017147.89|942202944|
2026-10-06|BRUN|09:25:00|5|5|10.26|10.26|12|14.33|15.8|608503|0.26|2343811.2806905|polygon_20d|20.192|20|f|alpaca_sip|cooldown|EP cooldown — alerted within last 60 days|||||
2026-10-06|CGEM|09:25:00|6|6|9.1|9.1|11.42|16.04|17.5|23613|0.02|1086900.9936080002|polygon_20d|2.946|18|f|alpaca_sip|cooldown|EP cooldown — alerted within last 60 days|||||
2026-10-07|NEOG|09:25:00|1|2|10.37|10.37|14.97|11.96|13.2|216567|0.05|4113149.6857575|polygon_20d|54.414|17|f|alpaca_sip|score_bar|score 28 < bar 65 (catalyst=routine)|27.5||52287406.5|2608547840|
2026-10-07|APUS|09:25:00|2|1|9.82|9.82|3.51|7.13|7.83|2254673|15.08|149519.56182300003|polygon_20d|||f|alpaca_sip_universe|extension|already up 121% in prior 5 days (extended)|||||
2026-10-08|PCRX|09:25:00|1|6|44.17|44.17|44.17|25.2|36.33|5987004|9.9|604655.2964175|polygon_20d|1755.848|16|f|alpaca_sip|post_grade_filter|M&A/buyout catalyst — no momentum trade|||13065308.82|1004519616|
2026-10-08|HELE|09:25:00|2|3|21.33|21.33|17.81|25.55|31.001|155066|0.35|438050.0185705|polygon_20d|1192.815|5|f|alpaca_sip|score_bar|score 34 < bar 65 (catalyst=routine)|33.8||10912336.77|595112128|
2026-10-08|PROF|09:25:00|3|7|15.32|15.32|16.2|5.68|6.55|788432|6.06|130120.4065385|polygon_20d|||f|alpaca_sip|quality_filter|quality filter: filter:adv_too_low: $682,998|||682997.915||
2026-10-08|WOLF|09:25:00|4|1|14.92|14.92|13.77|31.37|36.05|1420383|0.53|2695804.7077949997|polygon_20d|28.333|21|t|alpaca_sip|duplicate|already scored earlier today|||||
2026-10-08|HAE|09:25:00|5|2|13.34|13.34|17|101.71|115.28|95778|0.16|602191.9120285|polygon_20d|26.377|12|f|alpaca_sip|score_bar|score 61 < bar 65 (catalyst=strong)|61.2||52432713.45|4627505152|
2026-10-08|NGNE|09:25:00|6|5|12.1|12.1|8.23|25.87|29|2602|0.01|220123.8948435|polygon_20d|1.791|7|f|alpaca_sip|score_bar|score 52 < bar 65 (catalyst=strong)|52.5||6409108.14|517694464|
2026-10-08|TRAX|09:25:00|7|8|10.2|10.2|11.15|30.59|33.71|31364|0.05|660347.404715|polygon_20d|2.59|16|f|alpaca_sip|post_grade_filter|routine catalyst, gap 10.2%|||21998760.96|1093006464|
2026-10-08|NAKA|09:25:00|8|4|9.53|9.53|9.53|9.34|10.23|1100|0.01|216388.53400400002|polygon_20d|||f|alpaca_sip|quality_filter|quality filter: filter:mcap_too_small: $167M < $500M|||1687563.04|167138784|
(1147 rows)
