name|theme_date|stage|tickers
Agri-Chemical & Crop Input Distributors|2026-04-20|Retired|CLMT,DOW,YOU,OLN,WLK,ADEA,LYB,GPRE,KODK,SSL,LXU,CF,DAR,AGRO
AI Data Center Power Infrastructure|2026-04-20|Accelerating|BE,GEV,AGX,PWR,VRT
AI Datacenter Silicon|2026-04-20|Nascent|MRVL,AMD,ARM
AI Memory & Storage|2026-04-20|Mainstream|STX,WDC
AI-Native Enterprise Software & Agentic Platforms|2026-04-20|Retired|BNAI,SVCO
Autonomous Military Drone Swarm & AI Defense Software|2026-04-20|Fading|KYTX,SWMR
Cell & Genome Engineering Oncology|2026-04-20|Fading|ARCT,VOR
Chip Architecture Licensing & CPU/GPU Compute Revival|2026-04-20|Fading|INFQ,STM,ZBAI
Compound Semiconductor & III-V Materials|2026-04-20|Fading|AXTI,SVCO
Consumer Discretionary Home Furnishings Rebound|2026-04-20|Accelerating|SEAT,LOVE
Crypto Asset Recovery|2026-04-20|Accelerating|HUT,RIOT
Cybersecurity Network Edge & SD-WAN|2026-04-20|Fading|FTNT,DDOG
Defense Electronics & Avionics Mission Systems|2026-04-20|Fading|ISSC,KTOS
Distributed & Utility-Scale Energy Storage Systems|2026-04-20|Fading|AMPX,SEDG
Edge Cloud & Developer CDN Platforms|2026-04-20|Fading|FSLY,DOCN
Enterprise Server & AI Infrastructure Hardware|2026-04-20|Accelerating|CVE,SEDG,TEN
Gold & Silver Junior Miners Momentum|2026-04-20|Mainstream|VMET,SA,HYMC,HSLV,EQX
Hemp & Cannabis-Derived Wellness Beverages|2026-04-20|Fading|MLEC,RYM
Independent Semiconductor Foundry & Specialty IC Manufacturing|2026-04-20|Fading|FN,AEIS,VSAT,MTZ
Inflammatory Disease & Immunology Biologics|2026-04-20|Fading|DNTH,SYRE,ORKA
IP Licensing & Ad-Tech Royalty Software|2026-04-20|Fading|RYAM,ADEA
IT Infrastructure Deployment & Data Center Systems Integration|2026-04-20|Accelerating|TSSI,DELL
Large-Cap Upstream Oil & Gas E&P|2026-04-20|Fading|MTDR,ANNA,LNG,VLO,LYB,GLNG,VIST,CHRD,VAL,WDS,EQNR,FANG,VG,CRGY,DBO,ICHR,AESI,BATL,USO,PTEN,SM,VET,LRCX,MPC,CVX,HAL,DOW,BW,OXY,GTE,OVV,XOM,PARR,AMPX,COP,E,PUMP,PBR,TALO,APA,XLE,LBRT,ACDC,PBF,BNO,SOC,EOG
Lithium & Battery Critical Minerals Mining|2026-04-20|Fading|SGML,BMM
Niche Specialty Chemicals & Industrial Intermediates|2026-04-20|Accelerating|LXU,ASIX,CE,RYAM,MEOH,CC
Optical Components & Transceiver Manufacturers|2026-04-20|Nascent|UNIT,ADTN,AAOI,COHR,LWLG,LASR,CIEN,FN,TSEM,ICHR,GLW,PARK,SBAC,RJET,PLAB,VIAV,SNDK,LITE
Physical AI & Robotics|2026-04-20|Fading|IRBT,NVEI,HYLN,BFLY,EDIT
Power Semiconductor & Mixed-Signal Display Drivers|2026-04-20|Mainstream|AOSL,HIMX
Precious & Streaming Metals Royalty & Junior Miners|2026-04-20|Mainstream|FSM,PPTA,AUGO,ARIS,SSRM,KGC,OR
Precision Frequency & Timing Defense Electronics|2026-04-20|Accelerating|ECOR,FEIM
Primary Aluminum Smelting & Rolling|2026-04-20|Accelerating|AA,CSTM,CENX
Rare Earth Magnets & Critical Battery Materials|2026-04-20|Accelerating|RYZ,EMAT,CENX
Robo-Advisor & AI-Driven Wealth Management Platforms|2026-04-20|Fading|LIFE,TH,VSEC,BETR,SNDK,WLTH,DCH
Satellite Earth Observation & Geospatial Intelligence|2026-04-20|Nascent|BKSY,PL,SPIR
Semiconductor Burn-In & Final-Test Equipment Pure-Play|2026-04-20|Fading|AEHR,UCTT,FORM,TER,ONTO,PLAB,LRCX,AMAT,KLAC
Silicon Carbide Power Semiconductors & EV Infrastructure|2026-04-20|Accelerating|WOLF,INTC
Single-Cell Genomics & Spatial Biology Instrumentation|2026-04-20|Fading|INKT,TXG
Space Economy|2026-04-20|Retired|ALM,IRDM,LUNR,RTX,DELL,GMTL,YSS,DAWN,FLY,RKLB,MNTS,AVBP,INFQ,IONQ,RVMD,ASTS,INKT,MDA,AJRD
Workforce Solutions & Technical Staffing Services|2026-04-20|Accelerating|KELYB,RCMT
Agricultural Commodities & Agri-Business|2026-04-21|Accelerating|ADEA,AGRO,CLMT,LXU,WLK,LYB,GPRE,KODK,YOU,DOW,CF,SSL,OLN,DAR
AI Data Center Power Infrastructure|2026-04-21|Accelerating|AGX,PWR,BE,GEV,VRT
AI Memory & Storage|2026-04-21|Mainstream|STX,WDC
Autonomous Military Drone Swarm & AI Defense Software|2026-04-21|Fading|KYTX,SWMR
Cell & Genome Engineering Oncology|2026-04-21|Fading|ARCT,VOR
Chip Architecture Licensing & CPU/GPU Compute Revival|2026-04-21|Fading|INFQ,ZBAI,STM
Consumer Discretionary Home Furnishings Rebound|2026-04-21|Fading|SEAT,LOVE
Crypto Asset Recovery|2026-04-21|Mainstream|RIOT,HUT
Custom AI Silicon & Chip Architecture Licensing|2026-04-21|Accelerating|MRVL,ARM
Defense Electronics & Avionics Mission Systems|2026-04-21|Fading|ISSC,KTOS
Edge Cloud & Developer CDN Platforms|2026-04-21|Accelerating|DOCN,FSLY
Enterprise Server & AI Infrastructure Hardware|2026-04-21|Accelerating|CVE,TEN,SEDG
Firearms & Personal Defense Manufacturing|2026-04-21|Fading|SWBI,LINC
Gold & Precious Metals Mining|2026-04-21|Fading|AU,ORLA
Gold & Silver Junior Miners Momentum|2026-04-21|Mainstream|SA,HSLV,VMET,HYMC
Hemp & Cannabis-Derived Wellness Beverages|2026-04-21|Accelerating|RYM,MLEC
Independent Semiconductor Foundry & Specialty IC Manufacturing|2026-04-21|Fading|VSAT,AEIS,FN,MTZ
Inflammatory Disease & Immunology Biologics|2026-04-21|Fading|SYRE,DNTH,ORKA
IP Licensing & Ad-Tech Royalty Software|2026-04-21|Fading|ADEA,RYAM
Lithium & Battery Critical Minerals Mining|2026-04-21|Fading|BMM,SGML
NAND Flash & Solid-State Storage Devices|2026-04-21|Fading|TSEM,SNDK
Network Security & Zero-Trust Edge|2026-04-21|Fading|DDOG,FTNT
Niche Specialty Chemicals & Industrial Intermediates|2026-04-21|Accelerating|LXU,MEOH,CC,ASIX,CE
Optical Components & Transceiver Manufacturers|2026-04-21|Nascent|UNIT,CIEN,COHR,VIAV,LWLG,ADTN,AMD,PARK,PLAB,AAOI,SVCO,SBAC,LITE,RJET,AXTI,GLW,ICHR,LASR
Permian & U.S. Mid-Continent Pure-Play E&P|2026-04-21|Nascent|DBO,BNO,PBR,GLNG,LYB,AESI,VAL,VLO,MPC,DELL,ICHR,LBRT,VET,AMPX,BW,APA,SOC,XOM,ANNA,PARR,MTDR,XLE,CHRD,CRGY,LRCX,E,VG,SM,OVV,TALO,OXY,DOW,FANG,PBF,GTE,BATL,EQNR,VIST,EOG,USO,HAL,LNG,WDS,COP,CVX
Power Semiconductor & Mixed-Signal Display Drivers|2026-04-21|Mainstream|HIMX,AOSL
Precious & Streaming Metals Royalty & Junior Miners|2026-04-21|Mainstream|KGC,AUGO,OR,PPTA,FSM,SSRM
Precision Frequency & Timing Defense Electronics|2026-04-21|Fading|ECOR,FEIM
Primary Aluminum Smelting & Rolling|2026-04-21|Accelerating|AA,CENX,CSTM
Pure-Play Hydraulic Fracturing & Pressure Pumping Services|2026-04-21|Retired|ACDC,PUMP,PTEN
Rare Earth Magnets & Critical Battery Materials|2026-04-21|Accelerating|EMAT,CENX,RYZ
Robo-Advisor & AI-Driven Wealth Management Platforms|2026-04-21|Accelerating|SNDK,LIFE,WLTH,VSEC,BETR,TH
Satellite Earth Observation & Geospatial Intelligence|2026-04-21|Accelerating|IONQ,INFQ,DAWN,AJRD,AVBP,IRDM,SPIR,DELL,ALM,GMTL,BKSY,PL,MDA,RVMD,YSS,INKT,ASTS
Semiconductor Probe Card & Front-End Test Equipment|2026-04-21|Accelerating|ONTO,TER
Semiconductor Wafer Foundry & Advanced IC Manufacturing|2026-04-21|Accelerating|UCTT,AEHR,AMAT,TSEM,LRCX,FORM,PLAB,KLAC
Silicon Carbide Power Semiconductors & EV Infrastructure|2026-04-21|Mainstream|INTC,WOLF
Space Launch Services & Orbital Infrastructure|2026-04-21|Retired|RKLB,FLY,LUNR,MNTS
Specialty Cellulose & Bio-Based Materials|2026-04-21|Retired|SSL,RYAM
Workforce Solutions & Technical Staffing Services|2026-04-21|Fading|KELYB,RCMT
Agricultural Commodities & Agri-Business|2026-04-22|Accelerating|LYB,CLMT,KODK,WLK,CF,AGRO,DOW,DAR,GPRE,LXU,ADEA,OLN,YOU,SSL
AI Data Center Power Infrastructure|2026-04-22|Accelerating|PWR,BE,VRT,AGX,GEV
AI Memory & Storage|2026-04-22|Mainstream|WDC,STX
Autonomous Military Drone Swarm & AI Defense Software|2026-04-22|Fading|KYTX,SWMR
Cell & Genome Engineering Oncology|2026-04-22|Fading|ARCT,VOR
Chip Architecture Licensing & CPU/GPU Compute Revival|2026-04-22|Mainstream|ZBAI,STM,INFQ
Consumer Discretionary Home Furnishings Rebound|2026-04-22|Fading|SEAT,LOVE
Crypto Asset Recovery|2026-04-22|Accelerating|RIOT,HUT
Defense Electronics & Avionics Mission Systems|2026-04-22|Fading|ISSC,KTOS
Edge CDN & Cloud-Native Developer Platforms|2026-04-22|Fading|DOCN,FSLY
Engineered Polymers & High-Performance Acetyl Chemicals|2026-04-22|Fading|RYAM,CC,ASIX,LXU,CE,MEOH
Enterprise Server & AI Infrastructure Hardware|2026-04-22|Fading|TEN,SEDG,CVE
Gold & Silver Junior Miners Momentum|2026-04-22|Accelerating|HYMC,HSLV,SA,VMET
Hemp & Cannabis-Derived Wellness Beverages|2026-04-22|Fading|RYM,MLEC
Hydraulic Fracturing & Completion Services|2026-04-22|Retired|AESI,ACDC,PUMP,PTEN,LBRT
Independent Semiconductor Foundry & Specialty IC Manufacturing|2026-04-22|Fading|FN,AEIS,VSAT,MTZ
Inflammatory Disease & Immunology Biologics|2026-04-22|Fading|ORKA,SYRE,DNTH
IP Licensing & Patent Monetization Software Platforms|2026-04-22|Retired|RYAM,ADEA
IT Infrastructure Deployment & Data Center Systems Integration|2026-04-22|Fading|TSSI,DELL
Lithium & Battery Critical Minerals Mining|2026-04-22|Fading|BMM,SGML
Network Security & Zero-Trust Edge|2026-04-22|Fading|DDOG,FTNT
Offshore Contract Drilling & Deepwater Services|2026-04-22|Retired|USO,HAL,CRGY,VET,XOM,OXY,OVV,DBO,PBR,SM,SOC,GLNG,MPC,MTDR,AMPX,GTE,LNG,CVX,BATL,XLE,TALO,ICHR,E,DOW,ANNA,COP,APA,PARR,LRCX,FANG,CHRD,BNO,LYB,WDS,BW,EQNR,VAL,VG,PBF,VIST,EOG,VLO
Optical Components & Transceiver Manufacturers|2026-04-22|Nascent|LASR,LWLG,AAOI,ADTN,LITE,AXTI,ARM,CIEN,SBAC,AMD,MRVL,VIAV,RJET,GLW,COHR,PLAB,UNIT,PARK,SVCO
Power Semiconductor & Mixed-Signal Display Drivers|2026-04-22|Mainstream|HIMX,AOSL
Precious & Streaming Metals Royalty & Junior Miners|2026-04-22|Mainstream|OR,AUGO,FSM,SSRM,PPTA,KGC
Precision Frequency & Timing Defense Electronics|2026-04-22|Fading|ECOR,FEIM
Primary Aluminum Smelting & Rolling|2026-04-22|Mainstream|CSTM,AA,CENX
Rare Earth Magnets & Critical Battery Materials|2026-04-22|Fading|EMAT,RYZ,CENX
Satellite Imagery & Geospatial Intelligence|2026-04-22|Accelerating|MNTS,PL,SPIR,BKSY,LIFE,IONQ,INKT,BETR,ASTS,WLTH,AVBP,DELL,TH,YSS,IRDM,ALM,MDA,RVMD,INFQ,DAWN,AJRD
Semiconductor Capital Equipment|2026-04-22|Accelerating|ONTO,TER
Semiconductor Front-End Interconnect & Wafer Processing Equipment|2026-04-22|Accelerating|TSEM,ICHR
Semiconductor Wafer Foundry & Advanced IC Manufacturing|2026-04-22|Accelerating|FORM,AEHR,PLAB,TSEM,AMAT,LRCX,UCTT,KLAC
Silicon Carbide Power Semiconductors & EV Infrastructure|2026-04-22|Mainstream|WOLF,INTC
Space Launch & Orbital Services|2026-04-22|Nascent|FLY,RKLB,LUNR
Workforce Solutions & Technical Staffing Services|2026-04-22|Fading|KELYB,RCMT
AI Data Center Power Infrastructure|2026-04-23|Accelerating|PWR,AGX,GEV,BE,VRT
AI Memory & Storage|2026-04-23|Mainstream|WDC,STX
Autonomous Military Drone Swarm & AI Defense Software|2026-04-23|Fading|KYTX,SWMR
Cell & Genome Engineering Oncology|2026-04-23|Fading|ARCT,VOR
Chip Architecture Licensing & CPU/GPU Compute Revival|2026-04-23|Accelerating|STM,INFQ,ZBAI
Consumer Discretionary Home Furnishings Rebound|2026-04-23|Fading|SEAT,LOVE
Crypto Asset Recovery|2026-04-23|Accelerating|HUT,RIOT
Distributed & Utility-Scale Energy Storage Systems|2026-04-23|Accelerating|SEDG,AMPX
Edge CDN & Cloud-Native Developer Platforms|2026-04-23|Fading|DOCN,FSLY
Enterprise Server & AI Infrastructure Hardware|2026-04-23|Fading|CVE,TEN,SEDG
Gold & Silver Junior Miners Momentum|2026-04-23|Accelerating|HYMC,HSLV,VMET
Hemp & Cannabis-Derived Wellness Beverages|2026-04-23|Fading|RYM,MLEC
Hydraulic Fracturing & Well Completion Services|2026-04-23|Nascent|ACDC,PUMP,LBRT,AESI,PTEN
Independent Semiconductor Foundry & Specialty IC Manufacturing|2026-04-23|Fading|FN,VSAT,MTZ,AEIS
Industrial Gas Compression & Midstream Processing Equipment|2026-04-23|Retired|VET,ICHR,SM,DELL,FANG,XLE,COP,EQNR,WDS,XOM,PBR,BNO,LYB,OXY,SOC,PBF,VG,DBO,HAL,PARR,CVX,MTDR,BATL,GLNG,AMPX,TALO,EOG,CRGY,VIST,VAL,E,OVV,APA,DOW,GTE,USO,VLO,LRCX,CHRD,ANNA,LNG,BW,MPC
Inflammatory Disease & Immunology Biologics|2026-04-23|Fading|SYRE,DNTH,ORKA
IP Licensing & Ad-Tech Royalty Software|2026-04-23|Fading|ADEA,RYAM
Lithium & Battery Critical Minerals Mining|2026-04-23|Fading|BMM,SGML
Network Security & Zero-Trust Edge|2026-04-23|Fading|DDOG,FTNT
Niche Specialty Chemicals & Industrial Intermediates|2026-04-23|Accelerating|MEOH,CC,CE,ASIX,RYAM,LXU
Nitrogen Fertilizer & Crop Nutrient Producers|2026-04-23|Fading|LYB,ADEA,LXU,WLK,SSL,OLN,AGRO,DAR,DOW,YOU,GPRE,CF,KODK,CLMT
Optical Components & Transceiver Manufacturers|2026-04-23|Nascent|PLAB,GLW,SNDK,LASR,COHR,AMD,AAOI,SBAC,AXTI,MRVL,ADTN,SVCO,PARK,LITE,CIEN,ARM,UNIT,LWLG,VIAV
Power Semiconductor & Mixed-Signal Display Drivers|2026-04-23|Mainstream|HIMX,AOSL
Precious & Streaming Metals Royalty & Junior Miners|2026-04-23|Fading|OR,AUGO,SSRM,PPTA,KGC
Precision Frequency & Timing Defense Electronics|2026-04-23|Fading|ECOR,FEIM
Primary Aluminum Smelting & Rolling|2026-04-23|Fading|AA,CSTM,CENX
Rare Earth Magnets & Critical Battery Materials|2026-04-23|Fading|RYZ,EMAT,CENX
Robo-Advisor & AI-Driven Wealth Management Platforms|2026-04-23|Accelerating|TH,WLTH,SNDK,LIFE,BETR
Satellite Mobile & IoT Connectivity Services|2026-04-23|Accelerating|SPIR,AJRD,RKLB,DELL,ALM,PL,MDA,DAWN,RVMD,LUNR,YSS,INFQ,BKSY,IONQ,IRDM,MNTS,AVBP,FLY,GMTL
Semiconductor Burn-In & Final-Test Equipment Pure-Play|2026-04-23|Accelerating|TER,ONTO
Semiconductor Front-End Interconnect & Wafer Processing Equipment|2026-04-23|Accelerating|ICHR,TSEM
Semiconductor Wafer Foundry & Advanced IC Manufacturing|2026-04-23|Accelerating|KLAC,PLAB,AMAT,FORM,UCTT,AEHR,TSEM,LRCX
Silicon Carbide Power Semiconductors & EV Infrastructure|2026-04-23|Mainstream|WOLF,INTC
Workforce Solutions & Technical Staffing Services|2026-04-23|Fading|RCMT,KELYB
AI Datacenter Optical Transceivers & Components|2026-04-24|Nascent|COHR,LITE,FN,AAOI,MRVL
AI Data Center Power Infrastructure|2026-04-24|Accelerating|VRT,BE,PWR,GEV,AGX
AI Memory & Storage|2026-04-24|Mainstream|STX,WDC
Cell & Genome Engineering Oncology|2026-04-24|Fading|ARCT,VOR
Chip Architecture Licensing & CPU/GPU Compute Revival|2026-04-24|Accelerating|STM,INFQ
Consumer Discretionary Home Furnishings Rebound|2026-04-24|Fading|SEAT,LOVE
Crypto Asset Recovery|2026-04-24|Accelerating|HUT,RIOT
Defense Electronics & Avionics Mission Systems|2026-04-24|Fading|ISSC,KTOS
Distributed & Utility-Scale Energy Storage Systems|2026-04-24|Accelerating|AMPX,SEDG
Edge Cloud & Developer CDN Platforms|2026-04-24|Fading|DOCN,FSLY
Enterprise Server & AI Infrastructure Hardware|2026-04-24|Fading|SEDG,TEN,CVE
Firearms & Personal Defense Manufacturing|2026-04-24|Fading|SWBI,LINC
Gold & Silver Junior Miners Momentum|2026-04-24|Fading|HYMC,HSLV,VMET
Hemp & Cannabis-Derived Wellness Beverages|2026-04-24|Fading|RYM,MLEC
Independent Semiconductor Foundry & Specialty IC Manufacturing|2026-04-24|Fading|AEIS,FN
Inflammatory Disease & Immunology Biologics|2026-04-24|Accelerating|SYRE,DNTH,ORKA
IP Licensing & Ad-Tech Royalty Software|2026-04-24|Fading|ADEA,RYAM
IT Infrastructure Deployment & Data Center Systems Integration|2026-04-24|Fading|DELL,TSSI
Large-Cap Upstream Oil & Gas E&P|2026-04-24|Fading|PARR,USO,LNG,XLE,VIST,ANNA,SM,VG,E,LBRT,PBF,OXY,BATL,LYB,SOC,AESI,EQNR,GTE,VAL,VET,TALO,HAL,XOM,FANG,BW,PBR,ACDC,EOG,PUMP,BNO,GLNG,VLO,OVV,MPC,PTEN,CHRD,MTDR,CRGY,CVX,COP,APA,WDS,DBO
Lithium & Battery Critical Minerals Mining|2026-04-24|Fading|BMM,SGML
NAND Flash & Solid-State Storage Devices|2026-04-24|Retired|TSEM,SNDK
Network Security & Zero-Trust Edge|2026-04-24|Fading|DDOG,FTNT
Nitrogen Fertilizer & Ammonia Producers|2026-04-24|Fading|LYB,GPRE,SSL,KODK,CLMT,CF,OLN,AGRO,LXU,WLK,DOW,DAR
Nylon & Engineered Polymer Intermediates|2026-04-24|Nascent|ASIX,RYAM,LXU,CE,CC,MEOH
Optical Components & Transceiver Manufacturers|2026-04-24|Nascent|PLAB,AMD,ADTN,SVCO,ICHR,MTZ,LASR,AXTI,LWLG,ARM,VSAT,VIAV,UNIT,AEIS,GLW,CIEN,SBAC
Physical AI & Robotics|2026-04-24|Fading|IRBT,HYLN
Power Semiconductor & Mixed-Signal Display Drivers|2026-04-24|Mainstream|HIMX,AOSL
Precious & Streaming Metals Royalty & Junior Miners|2026-04-24|Fading|OR,AUGO,SSRM,PPTA,KGC
Precision Frequency & Timing Defense Electronics|2026-04-24|Fading|ECOR,FEIM
Primary Aluminum Smelting & Rolling|2026-04-24|Fading|CSTM,CENX,AA
Rare Earth Magnets & Critical Battery Materials|2026-04-24|Fading|CENX,EMAT,RYZ
Robo-Advisor & AI-Driven Wealth Management Platforms|2026-04-24|Accelerating|WLTH,BETR,TH,LIFE,SNDK
Satellite Earth Observation & Geospatial Intelligence|2026-04-24|Accelerating|IONQ,MNTS,LUNR,RKLB,YSS,MDA,PL,FLY,IRDM,INFQ,BKSY,SPIR
Semiconductor Probe Card & Front-End Test Equipment|2026-04-24|Accelerating|ONTO,TER
Semiconductor Wafer Foundry & Advanced IC Manufacturing|2026-04-24|Accelerating|PLAB,KLAC,TSEM,AMAT,FORM,UCTT,LRCX,AEHR
Silicon Carbide Power Semiconductors & EV Infrastructure|2026-04-24|Mainstream|INTC,WOLF
Workforce Solutions & Technical Staffing Services|2026-04-24|Fading|RCMT,KELYB
AI Datacenter Optical Transceivers & Components|2026-04-27|Nascent|LITE,AAOI,FN,COHR
AI Data Center Power Infrastructure|2026-04-27|Mainstream|PWR,BE,AGX,VRT,GEV
AI Datacenter Silicon|2026-04-27|Nascent|MRVL,AMD,ARM
AI Memory & Storage|2026-04-27|Mainstream|WDC,STX
Chip Architecture Licensing & CPU/GPU Compute Revival|2026-04-27|Accelerating|INFQ,STM
Compound Semiconductor & III-V Materials|2026-04-27|Fading|AXTI,SVCO
Consumer Discretionary Home Furnishings Rebound|2026-04-27|Fading|SEAT,LOVE
Crypto Asset Recovery|2026-04-27|Accelerating|HUT,RIOT
Custom AI Silicon & Chip Architecture Licensing|2026-04-27|Accelerating|ARM,MRVL
Cybersecurity Network Edge & SD-WAN|2026-04-27|Fading|FTNT,DDOG
Distributed & Utility-Scale Energy Storage Systems|2026-04-27|Accelerating|AMPX,SEDG
Edge CDN & Cloud-Native Developer Platforms|2026-04-27|Accelerating|DOCN,FSLY
Edge Cloud & Developer CDN Platforms|2026-04-27|Accelerating|DOCN,FSLY
Engineered Polymers & High-Performance Acetyl Chemicals|2026-04-27|Accelerating|CE,LXU,CC,ASIX,MEOH
Enterprise Server & AI Infrastructure Hardware|2026-04-27|Fading|CVE,SEDG,TEN
Firearms & Personal Defense Manufacturing|2026-04-27|Fading|SWBI,LINC
Gold & Precious Metals Mining|2026-04-27|Fading|AU,ORLA
Gold & Silver Junior Miners Momentum|2026-04-27|Mainstream|HSLV,HYMC,VMET
Hemp & Cannabis-Derived Wellness Beverages|2026-04-27|Fading|RYM,MLEC
Hydraulic Fracturing & Well Completion Services|2026-04-27|Accelerating|SM,EOG,BW,VG,XOM,PTEN,DBO,WDS,BATL,VIST,CRGY,E,EQNR,LBRT,SOC,LYB,PBR,AESI,GLNG,MPC,TALO,CHRD,OXY,COP,OVV,MTDR,BNO,APA,PARR,USO,VLO,ACDC,ANNA,CVX,XLE,PUMP,GTE,VAL,VET,HAL,PBF,FANG,LNG
Independent Semiconductor Foundry & Specialty IC Manufacturing|2026-04-27|Fading|FN,AEIS
Inflammatory Disease & Immunology Biologics|2026-04-27|Accelerating|ORKA,DNTH,SYRE
IP Licensing & Ad-Tech Royalty Software|2026-04-27|Fading|RYAM,ADEA
IT Infrastructure Deployment & Data Center Systems Integration|2026-04-27|Accelerating|TSSI,DELL
Lithium & Battery Critical Minerals Mining|2026-04-27|Fading|BMM,SGML
Network Security & Zero-Trust Edge|2026-04-27|Fading|DDOG,FTNT
Nitrogen Fertilizer & Crop Nutrient Producers|2026-04-27|Fading|CLMT,OLN,LXU,DOW,CF,WLK,DAR,AGRO,LYB,SSL,GPRE
Optical Components & Transceiver Manufacturers|2026-04-27|Fading|AEIS,ADTN,UNIT,PLAB,CIEN,LASR,AXTI,VSAT,VIAV,ICHR,AMD,SVCO,GLW,LWLG
Permian & U.S. Mid-Continent Pure-Play E&P|2026-04-27|Nascent|LBRT,AESI
Physical AI & Robotics|2026-04-27|Fading|IRBT,HYLN
Power Semiconductor & Mixed-Signal Display Drivers|2026-04-27|Mainstream|AOSL,HIMX
Precious & Streaming Metals Royalty & Junior Miners|2026-04-27|Fading|AUGO,SSRM,KGC
Precision Frequency & Timing Defense Electronics|2026-04-27|Fading|ECOR,FEIM
Primary Aluminum Smelting & Rolling|2026-04-27|Fading|AA,CSTM,CENX
Rare Earth Magnets & Critical Battery Materials|2026-04-27|Accelerating|RYZ,EMAT,CENX
Robo-Advisor & AI-Driven Wealth Management Platforms|2026-04-27|Accelerating|LIFE,BETR,SNDK,TH,WLTH
Semiconductor Burn-In & Final-Test Equipment Pure-Play|2026-04-27|Accelerating|ONTO,TER
Semiconductor Capital Equipment|2026-04-27|Accelerating|ONTO,TER
Semiconductor Front-End Interconnect & Wafer Processing Equipment|2026-04-27|Accelerating|TSEM,ICHR
Semiconductor Wafer Foundry & Advanced IC Manufacturing|2026-04-27|Accelerating|PLAB,AEHR,FORM,TSEM,LRCX,AMAT,KLAC,UCTT
Silicon Carbide Power Semiconductors & EV Infrastructure|2026-04-27|Mainstream|INTC,WOLF
Single-Cell Genomics & Spatial Biology Instrumentation|2026-04-27|Fading|INKT,TXG
Space Launch & Orbital Services|2026-04-27|Nascent|LUNR,FLY,YSS,MDA,MNTS,RKLB,INFQ,PL,SPIR,IONQ,BKSY,IRDM
Workforce Solutions & Technical Staffing Services|2026-04-27|Fading|RCMT,KELYB
Agricultural Commodities & Agri-Business|2026-04-28|Accelerating|WLK,YOU,DAR,DOW,ADEA,KODK,OLN,AGRO,LXU,LYB,CLMT,GPRE,CF,SSL
AI Datacenter Optical Transceivers & Components|2026-04-28|Nascent|LITE,AAOI,COHR,FN
AI Data Center Power Infrastructure|2026-04-28|Mainstream|AGX,BE,GEV,VRT,PWR
AI Datacenter Silicon|2026-04-28|Nascent|ARM,AMD,MRVL
AI Memory & Storage|2026-04-28|Mainstream|STX,WDC
Autonomous Military Drone Swarm & AI Defense Software|2026-04-28|Fading|KYTX,SWMR
Chip Architecture Licensing & CPU/GPU Compute Revival|2026-04-28|Accelerating|STM,INFQ
Compound Semiconductor & III-V Materials|2026-04-28|Fading|AXTI,SVCO
Crypto Asset Recovery|2026-04-28|Mainstream|RIOT,HUT
Custom AI Silicon & Chip Architecture Licensing|2026-04-28|Accelerating|ARM,MRVL
Cybersecurity Network Edge & SD-WAN|2026-04-28|Fading|FTNT,DDOG
Defense Electronics & Avionics Mission Systems|2026-04-28|Fading|ISSC,KTOS
Distributed & Utility-Scale Energy Storage Systems|2026-04-28|Accelerating|AMPX,SEDG
Edge CDN & Cloud-Native Developer Platforms|2026-04-28|Fading|DOCN,FSLY
Edge Cloud & Developer CDN Platforms|2026-04-28|Fading|DOCN,FSLY
Enterprise Server & AI Infrastructure Hardware|2026-04-28|Fading|TEN,SEDG,CVE
Firearms & Personal Defense Manufacturing|2026-04-28|Fading|SWBI,LINC
Gold & Precious Metals Mining|2026-04-28|Fading|AU,ORLA
Gold & Silver Junior Miners Momentum|2026-04-28|Fading|HYMC,VMET
Hemp & Cannabis-Derived Wellness Beverages|2026-04-28|Fading|RYM,MLEC
Independent Semiconductor Foundry & Specialty IC Manufacturing|2026-04-28|Accelerating|FN,AEIS
Inflammatory Disease & Immunology Biologics|2026-04-28|Accelerating|ORKA,DNTH,SYRE
IP Licensing & Ad-Tech Royalty Software|2026-04-28|Accelerating|ADEA,RYAM
IT Infrastructure Deployment & Data Center Systems Integration|2026-04-28|Accelerating|DELL,TSSI
Lithium & Battery Critical Minerals Mining|2026-04-28|Fading|SGML,BMM
Niche Specialty Chemicals & Industrial Intermediates|2026-04-28|Accelerating|ASIX,CC,CE,MEOH,LXU
Optical Components & Transceiver Manufacturers|2026-04-28|Mainstream|CIEN,VIAV,ADTN,ICHR,AMD,AXTI,LASR,VSAT,LWLG,UNIT,AEIS,PLAB,SVCO,GLW
Permian & U.S. Mid-Continent Pure-Play E&P|2026-04-28|Accelerating|AMPX,CVX,DBO,SOC,DOW,GTE,LNG,MTDR,PBR,ANNA,TALO,BW,EOG,PARR,USO,VAL,COP,VET,GLNG,XLE,OXY,LRCX,ICHR,FANG,PBF,VIST,OVV,VLO,EQNR,HAL,CRGY,APA,LYB,WDS,SM,CHRD,E,XOM,DELL,BNO,MPC,BATL,VG
Physical AI & Robotics|2026-04-28|Fading|IRBT,HYLN
Power Semiconductor & Mixed-Signal Display Drivers|2026-04-28|Mainstream|AOSL,HIMX
Precious & Streaming Metals Royalty & Junior Miners|2026-04-28|Fading|AUGO,SSRM
Pressure Pumping & Completion Services|2026-04-28|Nascent|PUMP,ACDC,LBRT,PTEN,AESI
Primary Aluminum Smelting & Rolling|2026-04-28|Fading|AA,CSTM,CENX
Rare Earth Magnets & Critical Battery Materials|2026-04-28|Accelerating|EMAT,CENX,RYZ
Robo-Advisor & AI-Driven Wealth Management Platforms|2026-04-28|Accelerating|WLTH,LIFE,SNDK,TH,BETR
Satellite Imagery & Geospatial Intelligence|2026-04-28|Accelerating|ALM,RVMD,AJRD,DAWN,AVBP
Satellite Mobile & IoT Connectivity Services|2026-04-28|Accelerating|PL,RKLB,BKSY,MDA,FLY,IRDM,IONQ,INFQ,SPIR,LUNR,MNTS,YSS
Semiconductor Burn-In & Final-Test Equipment Pure-Play|2026-04-28|Accelerating|TER,ONTO
Semiconductor Capital Equipment|2026-04-28|Accelerating|TER,ONTO
Semiconductor Wafer Foundry & Advanced IC Manufacturing|2026-04-28|Mainstream|AEHR,AMAT,UCTT,TSEM,PLAB,FORM,KLAC,LRCX
Silicon Carbide Power Semiconductors & EV Infrastructure|2026-04-28|Mainstream|WOLF,INTC
Single-Cell Genomics & Spatial Biology Instrumentation|2026-04-28|Fading|INKT,TXG
Workforce Solutions & Technical Staffing Services|2026-04-28|Fading|RCMT,KELYB
AI Datacenter Optical Transceivers & Components|2026-04-29|Nascent|LITE,AAOI,FN,COHR,AEIS
AI Data Center Power Infrastructure|2026-04-29|Mainstream|GEV,BE,PWR,VRT,AGX
AI Memory & Storage|2026-04-29|Mainstream|STX,WDC
Chip Architecture Licensing & CPU/GPU Compute Revival|2026-04-29|Mainstream|STM,INFQ
Crypto Asset Recovery|2026-04-29|Fading|RIOT,HUT
Custom AI Silicon & Chip Architecture Licensing|2026-04-29|Accelerating|ARM,MRVL,AMD
Cybersecurity Network Edge & SD-WAN|2026-04-29|Fading|FTNT,DDOG
Edge Cloud & Developer CDN Platforms|2026-04-29|Accelerating|FSLY,DOCN
Enterprise Server & AI Infrastructure Hardware|2026-04-29|Accelerating|AMPX,CVE,TEN,SEDG
Firearms & Personal Defense Manufacturing|2026-04-29|Accelerating|LINC,SWBI
Gold & Precious Metals Mining|2026-04-29|Fading|AU,ORLA
Gold & Silver Junior Miners Momentum|2026-04-29|Fading|HYMC,VMET
Inflammatory Disease & Immunology Biologics|2026-04-29|Fading|SYRE,DNTH,ORKA
IP Licensing & Ad-Tech Royalty Software|2026-04-29|Fading|ADEA,RYAM
IT Infrastructure Deployment & Data Center Systems Integration|2026-04-29|Accelerating|DELL,TSSI
Large-Cap Upstream Oil & Gas E&P|2026-04-29|Accelerating|CVX,VIST,EOG,MPC,SOC,VAL,PUMP,SM,VET,PARR,BATL,BNO,PTEN,XOM,APA,OVV,ACDC,COP,TALO,PBF,GLNG,CHRD,DBO,OXY,VLO,CRGY,LYB,GTE,EQNR,E,HAL,FANG,ANNA,MTDR,WDS,USO,VG,PBR,LNG,BW,AESI,XLE,LBRT
Niche Specialty Chemicals & Industrial Intermediates|2026-04-29|Accelerating|CC,ASIX,CE,MEOH,LXU
Nitrogen Fertilizer & Crop Nutrient Producers|2026-04-29|Fading|CF,DAR,SSL,WLK,LYB,AGRO,DOW,GPRE,LXU,CLMT,OLN
Optical Components & Transceiver Manufacturers|2026-04-29|Fading|VSAT,CIEN,GLW,AEIS,LASR,ICHR,PLAB,SVCO,AXTI,VIAV,LWLG,ADTN
Physical AI & Robotics|2026-04-29|Fading|IRBT,HYLN
Power Semiconductor & Mixed-Signal Display Drivers|2026-04-29|Fading|HIMX,AOSL
Precious & Streaming Metals Royalty & Junior Miners|2026-04-29|Fading|AUGO,SSRM
Primary Aluminum Smelting & Rolling|2026-04-29|Fading|AA,CSTM,CENX
Rare Earth Magnets & Critical Battery Materials|2026-04-29|Accelerating|EMAT,RYZ,CENX
Robo-Advisor & AI-Driven Wealth Management Platforms|2026-04-29|Accelerating|WLTH,BETR,LIFE
Satellite Mobile & IoT Connectivity Services|2026-04-29|Accelerating|RVMD,PL,DAWN,FLY,LUNR,AJRD,MNTS,BKSY,YSS,SPIR,IRDM,MDA,ALM,RKLB,AVBP
Semiconductor Front-End Interconnect & Wafer Processing Equipment|2026-04-29|Accelerating|SNDK,TSEM,ICHR
Semiconductor Probe Card & Front-End Test Equipment|2026-04-29|Fading|TER,ONTO
Semiconductor Wafer Foundry & Advanced IC Manufacturing|2026-04-29|Fading|KLAC,AMAT,FORM,AEHR,LRCX,PLAB,UCTT,TSEM
Silicon Carbide Power Semiconductors & EV Infrastructure|2026-04-29|Fading|INTC,WOLF
Single-Cell Genomics & Spatial Biology Instrumentation|2026-04-29|Fading|INKT,TXG
Workforce Solutions & Technical Staffing Services|2026-04-29|Fading|RCMT,KELYB
Agricultural Commodities & Agri-Business|2026-04-30|Accelerating|DAR,ADEA,YOU,DOW,LXU,AGRO,LYB,CF,CLMT,GPRE,OLN,KODK,WLK,SSL
AI Datacenter Optical Transceivers & Components|2026-04-30|Nascent|FN,LITE,COHR,AAOI,AEIS
AI Data Center Power Infrastructure|2026-04-30|Mainstream|BE,PWR,GEV,VRT,AGX
AI Memory & Storage|2026-04-30|Mainstream|WDC,STX
Crypto Asset Recovery|2026-04-30|Mainstream|RIOT,HUT
Custom AI Silicon & Chip Architecture Licensing|2026-04-30|Accelerating|MRVL,AMD,ARM
Cybersecurity Network Edge & SD-WAN|2026-04-30|Fading|FTNT,DDOG
Edge Cloud & Developer CDN Platforms|2026-04-30|Accelerating|DOCN,FSLY
Engineered Polymers & High-Performance Acetyl Chemicals|2026-04-30|Accelerating|CC,CE,ADEA,RYAM,LXU,ASIX,MEOH
Enterprise Server & AI Infrastructure Hardware|2026-04-30|Accelerating|CVE,AMPX,SEDG,TEN
Firearms & Personal Defense Manufacturing|2026-04-30|Accelerating|SWBI,LINC
Gold & Precious Metals Mining|2026-04-30|Fading|AU,ORLA
Gold & Silver Junior Miners Momentum|2026-04-30|Fading|HYMC,VMET
Hemp & Cannabis-Derived Wellness Beverages|2026-04-30|Accelerating|MLEC,RYM
Inflammatory Disease & Immunology Biologics|2026-04-30|Fading|DNTH,SYRE,ORKA
IT Infrastructure Deployment & Data Center Systems Integration|2026-04-30|Accelerating|DELL,TSSI
Optical Components & Transceiver Manufacturers|2026-04-30|Fading|GLW,LWLG,LASR,AEIS,VIAV,CIEN,PLAB,ADTN,VSAT,AXTI,SVCO
Power Semiconductor & Mixed-Signal Display Drivers|2026-04-30|Mainstream|AOSL,HIMX
Pressure Pumping & Completion Services|2026-04-30|Accelerating|PUMP,XLE,GLNG,OXY,MTDR,COP,MPC,SOC,ICHR,LBRT,VIST,OVV,DBO,VLO,ACDC,AMPX,PTEN,FANG,WDS,TALO,LYB,ANNA,PARR,USO,XOM,SM,BW,APA,EOG,CHRD,DOW,AESI,LNG,VG,CRGY,LRCX,DELL,CVX,BATL,E,VAL,BNO,VET,GTE,EQNR,PBR,PBF,HAL
Rare Earth Magnets & Critical Battery Materials|2026-04-30|Accelerating|EMAT,RYZ,CENX
Robo-Advisor & AI-Driven Wealth Management Platforms|2026-04-30|Accelerating|WLTH,LIFE,BETR
Satellite Imagery & Geospatial Intelligence|2026-04-30|Accelerating|YSS,FLY,INFQ,BKSY,SPIR,IONQ,IRDM,MDA,STM,RKLB,LUNR,MNTS,PL
Satellite Mobile & IoT Connectivity Services|2026-04-30|Accelerating|ALM,DAWN,AJRD,AVBP,RVMD
Semiconductor Capital Equipment|2026-04-30|Fading|TER,ONTO
Semiconductor Front-End Interconnect & Wafer Processing Equipment|2026-04-30|Accelerating|TSEM,SNDK,ICHR
Semiconductor Wafer Foundry & Advanced IC Manufacturing|2026-04-30|Mainstream|AEHR,TSEM,LRCX,PLAB,FORM,AMAT,KLAC,UCTT
Silicon Carbide Power Semiconductors & EV Infrastructure|2026-04-30|Fading|INTC,WOLF
Single-Cell Genomics & Spatial Biology Instrumentation|2026-04-30|Fading|INKT,TXG
Workforce Solutions & Technical Staffing Services|2026-04-30|Fading|KELYB,RCMT
AI Datacenter Optical Transceivers & Components|2026-05-01|Mainstream|LITE,AAOI,AEIS,COHR,FN
AI Data Center Power Infrastructure|2026-05-01|Mainstream|BE,VRT,GEV,PWR,AGX
AI Memory & Storage|2026-05-01|Mainstream|WDC,STX
Autonomous Military Drone Swarm & AI Defense Software|2026-05-01|Fading|KYTX,SWMR
Cell & Genome Engineering Oncology|2026-05-01|Fading|ARCT,VOR
Chip Architecture Licensing & CPU/GPU Compute Revival|2026-05-01|Fading|STM,INFQ
Crypto Asset Recovery|2026-05-01|Mainstream|RIOT,HUT
Custom AI Silicon & Chip Architecture Licensing|2026-05-01|Accelerating|MRVL,AMD,ARM
Defense Electronics & Avionics Mission Systems|2026-05-01|Fading|ISSC,KTOS
Edge Cloud & Developer CDN Platforms|2026-05-01|Accelerating|DOCN,FSLY
Engineered Polymers & High-Performance Acetyl Chemicals|2026-05-01|Accelerating|ADEA,RYAM
Enterprise Server & AI Infrastructure Hardware|2026-05-01|Accelerating|AMPX,TEN,SEDG,CVE
Firearms & Personal Defense Manufacturing|2026-05-01|Accelerating|SWBI,LINC
Gold & Silver Junior Miners Momentum|2026-05-01|Fading|HYMC,VMET
Hemp & Cannabis-Derived Wellness Beverages|2026-05-01|Accelerating|RYM,MLEC
Inflammatory Disease & Immunology Biologics|2026-05-01|Mainstream|SYRE,ORKA,DNTH
IT Infrastructure Deployment & Data Center Systems Integration|2026-05-01|Accelerating|TSSI,DELL
Large-Cap Upstream Oil & Gas E&P|2026-05-01|Accelerating|GTE,PBF,EQNR,BATL,APA,XOM,MTDR,AESI,FANG,CVX,E,ICHR,PTEN,COP,MPC,SOC,VG,WDS,OVV,PBR,SM,GLNG,BW,BNO,VAL,EOG,LBRT,VLO,USO,TALO,CRGY,LNG,HAL,XLE,CHRD,PUMP,VIST,ACDC,PARR,ANNA,VET,DBO,OXY,LYB
Network Security & Zero-Trust Edge|2026-05-01|Fading|DDOG,FTNT
Nitrogen Fertilizer & Ammonia Producers|2026-05-01|Fading|SSL,GPRE,LXU,CF,CLMT,DOW,KODK,AGRO,LYB,OLN,DAR,WLK
Nylon & Engineered Polymer Intermediates|2026-05-01|Nascent|CC,LXU,MEOH,CE,ASIX
Optical Components & Transceiver Manufacturers|2026-05-01|Fading|LWLG,VSAT,GLW,ADTN,CIEN,PLAB,AXTI,LASR,VIAV,SVCO
Physical AI & Robotics|2026-05-01|Fading|IRBT,HYLN
Power Semiconductor & Mixed-Signal Display Drivers|2026-05-01|Mainstream|HIMX,AOSL
Rare Earth Magnets & Critical Battery Materials|2026-05-01|Accelerating|EMAT,CENX,RYZ
Robo-Advisor & AI-Driven Wealth Management Platforms|2026-05-01|Accelerating|LIFE,BETR,WLTH
Satellite Earth Observation & Geospatial Intelligence|2026-05-01|Accelerating|FLY,RVMD,SPIR,AVBP,IRDM,LUNR,AJRD,RKLB,IONQ,YSS,MNTS,INFQ,PL,BKSY,DAWN,MDA,ALM
Semiconductor Burn-In & Final-Test Equipment Pure-Play|2026-05-01|Fading|TER,ONTO
Semiconductor Front-End Interconnect & Wafer Processing Equipment|2026-05-01|Accelerating|ICHR,SNDK,TSEM
Semiconductor Wafer Foundry & Advanced IC Manufacturing|2026-05-01|Mainstream|KLAC,AMAT,PLAB,LRCX,FORM,AEHR,TSEM,UCTT
Silicon Carbide Power Semiconductors & EV Infrastructure|2026-05-01|Fading|WOLF,INTC
Single-Cell Genomics & Spatial Biology Instrumentation|2026-05-01|Fading|INKT,TXG
Workforce Solutions & Technical Staffing Services|2026-05-01|Fading|KELYB,RCMT
Agricultural Commodities & Agri-Business|2026-05-04|Accelerating|KODK,DAR,CF,SSL,DOW,WLK,LXU,GPRE,CLMT,OLN
AI Datacenter Optical Transceivers & Components|2026-05-04|Mainstream|AAOI,COHR,FN,LITE,AEIS
AI Data Center Power Infrastructure|2026-05-04|Mainstream|VRT,GEV,AGX,PWR,BE
AI Memory & Storage|2026-05-04|Mainstream|STX,WDC
Autonomous Military Drone Swarm & AI Defense Software|2026-05-04|Fading|KYTX,SWMR
Cell & Genome Engineering Oncology|2026-05-04|Fading|ARCT,VOR
Chip Architecture Licensing & CPU/GPU Compute Revival|2026-05-04|Fading|STM,INFQ
Consumer Discretionary Home Furnishings Rebound|2026-05-04|Fading|SEAT,LOVE
Crypto Asset Recovery|2026-05-04|Mainstream|HUT,RIOT
Custom AI Silicon & Chip Architecture Licensing|2026-05-04|Mainstream|MRVL,AMD,ARM
Defense Electronics & Avionics Mission Systems|2026-05-04|Fading|ISSC,KTOS
Edge Cloud & Developer CDN Platforms|2026-05-04|Accelerating|FSLY,DOCN
Enterprise Server & AI Infrastructure Hardware|2026-05-04|Accelerating|TEN,SEDG,CVE,AMPX
Firearms & Personal Defense Manufacturing|2026-05-04|Accelerating|LINC,SWBI
Gold & Precious Metals Mining|2026-05-04|Fading|AU,ORLA
Gold & Silver Junior Miners Momentum|2026-05-04|Fading|HYMC,VMET
Hemp & Cannabis-Derived Wellness Beverages|2026-05-04|Accelerating|MLEC,RYM
Hydraulic Fracturing & Well Completion Services|2026-05-04|Accelerating|VG,CHRD,CVX,FANG,ACDC,WDS,XOM,BW,VLO,BNO,HAL,VIST,VET,BATL,EOG,GLNG,ANNA,LNG,LBRT,CRGY,SOC,EQNR,E,PTEN,TALO,COP,DBO,OXY,LYB,PBR,SM,MTDR,PBF,AESI,MPC,XLE,APA,GTE,VAL,USO,OVV,PUMP,PARR
Inflammatory Disease & Immunology Biologics|2026-05-04|Fading|DNTH,SYRE,ORKA
IT Infrastructure Deployment & Data Center Systems Integration|2026-05-04|Mainstream|TSSI,DELL
Lithium & Battery Critical Minerals Mining|2026-05-04|Fading|SGML,BMM
Network Security & Zero-Trust Edge|2026-05-04|Accelerating|FTNT,DDOG
Niche Specialty Chemicals & Industrial Intermediates|2026-05-04|Accelerating|RYAM,ADEA
Nylon & Engineered Polymer Intermediates|2026-05-04|Nascent|MEOH,CC,ASIX,LXU,CE
Optical Components & Transceiver Manufacturers|2026-05-04|Fading|VSAT,PLAB,LWLG,CIEN,ADTN,AXTI,GLW,SVCO,LASR,VIAV
Power Semiconductor & Mixed-Signal Display Drivers|2026-05-04|Accelerating|AOSL,HIMX
Precious & Streaming Metals Royalty & Junior Miners|2026-05-04|Fading|AUGO,SSRM
Precision Frequency & Timing Defense Electronics|2026-05-04|Fading|ECOR,FEIM
Pressure Pumping & Completion Services|2026-05-04|Accelerating|LYB,BW
Rare Earth Magnets & Critical Battery Materials|2026-05-04|Fading|CENX,EMAT,CSTM
Robo-Advisor & AI-Driven Wealth Management Platforms|2026-05-04|Accelerating|WLTH,LIFE,BETR
Satellite Earth Observation & Geospatial Intelligence|2026-05-04|Accelerating|AJRD,MNTS,IRDM,RKLB,ALM,RVMD,DAWN,FLY,SPIR,PL,AVBP,BKSY,MDA,LUNR
Semiconductor Front-End Interconnect & Wafer Processing Equipment|2026-05-04|Accelerating|ICHR,SNDK,TSEM
Semiconductor Probe Card & Front-End Test Equipment|2026-05-04|Fading|TER,ONTO
Semiconductor Wafer Foundry & Advanced IC Manufacturing|2026-05-04|Mainstream|FORM,AMAT,PLAB,LRCX,AEHR,TSEM,KLAC,UCTT
Silicon Carbide Power Semiconductors & EV Infrastructure|2026-05-04|Fading|INTC,WOLF
Workforce Solutions & Technical Staffing Services|2026-05-04|Fading|KELYB,RCMT
Agricultural Commodities & Agri-Business|2026-05-05|Accelerating|LXU,CF,CLMT,DOW,DAR,AGRO,OLN,LYB,GPRE,SSL,WLK
AI Datacenter Optical Transceivers & Components|2026-05-05|Mainstream|LITE,COHR,AEIS,AAOI,FN
AI Data Center Power Infrastructure|2026-05-05|Mainstream|BE,AGX,PWR,VRT,GEV
AI Memory & Storage|2026-05-05|Mainstream|WDC,STX
Autonomous Military Drone Swarm & AI Defense Software|2026-05-05|Fading|KYTX,SWMR
Cell & Genome Engineering Oncology|2026-05-05|Fading|ARCT,VOR
Compound Semiconductor & III-V Materials|2026-05-05|Fading|SVCO,AXTI
Consumer Discretionary Home Furnishings Rebound|2026-05-05|Fading|SEAT,LOVE
Crypto Asset Recovery|2026-05-05|Mainstream|RIOT,HUT
Custom AI Silicon & Chip Architecture Licensing|2026-05-05|Mainstream|MRVL,ARM,AMD
Defense Electronics & Avionics Mission Systems|2026-05-05|Fading|ISSC,KTOS
Edge Cloud & Developer CDN Platforms|2026-05-05|Accelerating|DOCN,FSLY
Engineered Polymers & High-Performance Acetyl Chemicals|2026-05-05|Fading|ADEA,RYAM
Enterprise Server & AI Infrastructure Hardware|2026-05-05|Fading|CVE,SEDG,TEN
Firearms & Personal Defense Manufacturing|2026-05-05|Accelerating|LINC,SWBI
Hemp & Cannabis-Derived Wellness Beverages|2026-05-05|Accelerating|RYM,MLEC
Hydraulic Fracturing & Well Completion Services|2026-05-05|Accelerating|TALO,EQNR,BW,CVX,XOM,VET,SOC,DOW,DELL,DBO,AMPX,LYB,OVV,E,BNO,GLNG,MTDR,CRGY,SEDG,HAL,ANNA,APA,WDS,ICHR,LNG,LRCX,BATL,CHRD,USO,FANG,VG,EOG,VIST,SM,VAL,COP,GTE,PBR,XLE,OXY
Inflammatory Disease & Immunology Biologics|2026-05-05|Fading|ORKA,DNTH,SYRE
IT Infrastructure Deployment & Data Center Systems Integration|2026-05-05|Mainstream|TSSI,DELL
Lithium & Battery Critical Minerals Mining|2026-05-05|Fading|SGML,BMM
Network Security & Zero-Trust Edge|2026-05-05|Accelerating|FTNT,DDOG
Nylon & Engineered Polymer Intermediates|2026-05-05|Nascent|CC,LXU,ASIX,CE,MEOH
Optical Components & Transceiver Manufacturers|2026-05-05|Accelerating|GLW,LASR,SVCO,AXTI,VSAT,CIEN,PLAB,ADTN,VIAV,LWLG
Petroleum Refining & Downstream Fuels|2026-05-05|Nascent|LBRT,VLO,MPC,PARR,PUMP,PBF,PTEN,AESI,ACDC
Physical AI & Robotics|2026-05-05|Fading|IRBT,HYLN
Power Semiconductor & Mixed-Signal Display Drivers|2026-05-05|Accelerating|HIMX,AOSL
Precious & Streaming Metals Royalty & Junior Miners|2026-05-05|Fading|AUGO,SSRM
Precision Frequency & Timing Defense Electronics|2026-05-05|Fading|ECOR,FEIM
Rare Earth Magnets & Critical Battery Materials|2026-05-05|Fading|CSTM,CENX,EMAT
Robo-Advisor & AI-Driven Wealth Management Platforms|2026-05-05|Accelerating|BETR,WLTH,LIFE
Satellite Earth Observation & Geospatial Intelligence|2026-05-05|Accelerating|SPIR,BKSY,LUNR,MNTS,IRDM,RKLB,PL,FLY
Satellite Imagery & Geospatial Intelligence|2026-05-05|Accelerating|RVMD,IONQ,STM,DAWN,AVBP,YSS,INFQ,AJRD,ALM
Semiconductor Front-End Interconnect & Wafer Processing Equipment|2026-05-05|Accelerating|ICHR,TSEM,SNDK
Semiconductor Probe Card & Front-End Test Equipment|2026-05-05|Fading|TER,ONTO
Semiconductor Wafer Foundry & Advanced IC Manufacturing|2026-05-05|Accelerating|KLAC,PLAB,AMAT,TSEM,AEHR,UCTT,LRCX,FORM
Silicon Carbide Power Semiconductors & EV Infrastructure|2026-05-05|Fading|WOLF,INTC
Workforce Solutions & Technical Staffing Services|2026-05-05|Fading|KELYB,RCMT
AI Datacenter Optical Transceivers & Components|2026-05-06|Mainstream|COHR,LITE,FN,AAOI
AI Data Center Power Infrastructure|2026-05-06|Accelerating|AGX,BE,VRT,PWR,GEV
AI Memory & Storage|2026-05-06|Mainstream|WDC,STX
Autonomous Military Drone Swarm & AI Defense Software|2026-05-06|Fading|KYTX,SWMR
Cell & Genome Engineering Oncology|2026-05-06|Fading|ARCT,VOR
Compound Semiconductor & III-V Materials|2026-05-06|Fading|AXTI,SVCO
Consumer Discretionary Home Furnishings Rebound|2026-05-06|Fading|SEAT,LOVE
Crypto Asset Recovery|2026-05-06|Accelerating|RIOT,HUT
Custom AI Silicon & Chip Architecture Licensing|2026-05-06|Mainstream|ARM,AMD,MRVL
Defense Electronics & Avionics Mission Systems|2026-05-06|Fading|ISSC,KTOS
Edge Cloud & Developer CDN Platforms|2026-05-06|Mainstream|DOCN,FSLY
Enterprise Server & AI Infrastructure Hardware|2026-05-06|Fading|TEN,SEDG,CVE
Firearms & Personal Defense Manufacturing|2026-05-06|Accelerating|LINC,SWBI
Hemp & Cannabis-Derived Wellness Beverages|2026-05-06|Accelerating|MLEC,RYM
Inflammatory Disease & Immunology Biologics|2026-05-06|Fading|SYRE,DNTH,ORKA
IT Infrastructure Deployment & Data Center Systems Integration|2026-05-06|Mainstream|TSSI,DELL
Large-Cap Upstream Oil & Gas E&P|2026-05-06|Accelerating|ACDC,PTEN,VLO,PBF,LBRT,PARR,MPC,PUMP,AESI
Lithium & Battery Critical Minerals Mining|2026-05-06|Fading|SGML,BMM
Network Security & Zero-Trust Edge|2026-05-06|Accelerating|DDOG,FTNT
Niche Specialty Chemicals & Industrial Intermediates|2026-05-06|Fading|RYAM,ADEA
Nitrogen Fertilizer & Ammonia Producers|2026-05-06|Fading|DAR,CLMT,WLK,SSL,GPRE,AGRO,CF,LXU
Nitrogen Fertilizer & Crop Nutrient Producers|2026-05-06|Fading|DOW,LYB,BW
Nylon & Engineered Polymer Intermediates|2026-05-06|Nascent|CE,CC,MEOH,ASIX
Optical Components & Transceiver Manufacturers|2026-05-06|Accelerating|CIEN,AXTI,PLAB,LASR,VIAV,LWLG,ADTN,GLW,VSAT
Petroleum Refining & Downstream Fuels|2026-05-06|Nascent|WDS,CRGY,LNG,FANG,APA,GTE,GLNG,LYB,DBO,CHRD,OXY,BW,XOM,COP,E,VG,SM,USO,BNO,MTDR,VAL,ANNA,EQNR,TALO,SOC,HAL,CVX,PBR,VET,DOW,BATL,EOG,XLE,VIST,OVV
Power Semiconductor & Mixed-Signal Display Drivers|2026-05-06|Accelerating|AOSL,HIMX
Precision Frequency & Timing Defense Electronics|2026-05-06|Fading|ECOR,FEIM
Primary Aluminum Smelting & Rolling|2026-05-06|Fading|CENX,CSTM,EMAT,AA
Robo-Advisor & AI-Driven Wealth Management Platforms|2026-05-06|Accelerating|BETR,LIFE,WLTH
Satellite Earth Observation & Geospatial Intelligence|2026-05-06|Accelerating|FLY,SPIR,RKLB,MNTS,LUNR,BKSY,PL
Satellite Imagery & Geospatial Intelligence|2026-05-06|Accelerating|DAWN,RVMD,AJRD,AVBP,ALM,INFQ,STM,YSS,IONQ
Semiconductor Probe Card & Front-End Test Equipment|2026-05-06|Accelerating|ONTO,TER
Semiconductor Wafer Foundry & Advanced IC Manufacturing|2026-05-06|Accelerating|FORM,KLAC,UCTT,PLAB,AMAT,TSEM,AEHR,LRCX,ICHR
Silicon Carbide Power Semiconductors & EV Infrastructure|2026-05-06|Fading|WOLF,INTC
Agricultural Commodities & Agri-Business|2026-05-07|Accelerating|SSL,LXU,AGRO,GPRE,OLN,CF,DAR,LYB,BW,CLMT,DOW
AI Datacenter Optical Transceivers & Components|2026-05-07|Mainstream|AAOI,COHR,LITE,FN
AI Data Center Power Infrastructure|2026-05-07|Accelerating|AGX,PWR,BE,VRT,GEV
AI Memory & Storage|2026-05-07|Mainstream|WDC,STX
Cell & Genome Engineering Oncology|2026-05-07|Fading|ARCT,VOR
Compound Semiconductor & III-V Materials|2026-05-07|Fading|SVCO,AXTI
Consumer Discretionary Home Furnishings Rebound|2026-05-07|Fading|SEAT,LOVE
Crypto Asset Recovery|2026-05-07|Mainstream|HUT,RIOT
Custom AI Silicon & Chip Architecture Licensing|2026-05-07|Mainstream|AMD,MRVL,ARM
Edge Cloud & Developer CDN Platforms|2026-05-07|Fading|DOCN,FSLY
Engineered Polymers & High-Performance Acetyl Chemicals|2026-05-07|Fading|RYAM,ADEA
Enterprise Server & AI Infrastructure Hardware|2026-05-07|Fading|SEDG,TEN,CVE
Firearms & Personal Defense Manufacturing|2026-05-07|Accelerating|LINC,SWBI
Hemp & Cannabis-Derived Wellness Beverages|2026-05-07|Mainstream|MLEC,RYM
Hydraulic Fracturing & Well Completion Services|2026-05-07|Accelerating|DELL,LRCX,SEDG,AMPX
Inflammatory Disease & Immunology Biologics|2026-05-07|Fading|SYRE,ORKA,DNTH
IT Infrastructure Deployment & Data Center Systems Integration|2026-05-07|Mainstream|DELL,TSSI
Large-Cap Upstream Oil & Gas E&P|2026-05-07|Accelerating|APA,VG,VET,SOC,XOM,AESI,GLNG,ANNA,EQNR,VIST,MPC,COP,WDS,PBF,OVV,LNG,PUMP,HAL,CHRD,VLO,GTE,DBO,PARR,BATL,LBRT,FANG,USO,BNO,XLE,TALO,PBR,EOG,MTDR,ACDC,OXY,CRGY,E,PTEN,CVX,VAL,SM
Network Security & Zero-Trust Edge|2026-05-07|Accelerating|DDOG,FTNT
Nylon & Engineered Polymer Intermediates|2026-05-07|Fading|CE,CC,ASIX,MEOH
Optical Components & Transceiver Manufacturers|2026-05-07|Accelerating|CIEN,ADTN,VSAT,AXTI,GLW,VIAV,LASR,PLAB,LWLG
Power Semiconductor & Mixed-Signal Display Drivers|2026-05-07|Mainstream|AOSL,HIMX
Precision Frequency & Timing Defense Electronics|2026-05-07|Fading|ECOR,FEIM
Rare Earth Magnets & Critical Battery Materials|2026-05-07|Fading|CENX,EMAT,CSTM
Robo-Advisor & AI-Driven Wealth Management Platforms|2026-05-07|Mainstream|WLTH,LIFE
Satellite Imagery & Geospatial Intelligence|2026-05-07|Accelerating|LUNR,MNTS,IONQ,FLY,SPIR,STM,RKLB,BKSY,INFQ,YSS,PL
Satellite Mobile & IoT Connectivity Services|2026-05-07|Fading|ALM,DAWN,AJRD,AVBP,RVMD
Semiconductor Front-End Interconnect & Wafer Processing Equipment|2026-05-07|Accelerating|ICHR,SNDK,TSEM
Semiconductor Probe Card & Front-End Test Equipment|2026-05-07|Fading|ONTO,TER
Semiconductor Wafer Foundry & Advanced IC Manufacturing|2026-05-07|Accelerating|AEHR,ICHR,TSEM,UCTT,LRCX,FORM,AMAT,PLAB,KLAC
Silicon Carbide Power Semiconductors & EV Infrastructure|2026-05-07|Fading|INTC,WOLF
Agricultural Commodities & Agri-Business|2026-05-08|Fading|AGRO,LYB,DAR,OLN,BW,GPRE,DOW
AI Datacenter Optical Transceivers & Components|2026-05-08|Mainstream|MXL,AAOI,COHR,LITE
AI Data Center Power Infrastructure|2026-05-08|Accelerating|GEV,VRT,AGX,BE,PWR
AI Memory & Storage|2026-05-08|Mainstream|WDC,SIMO,SNDK,MRAM,MU,STX
Cell & Genome Engineering Oncology|2026-05-08|Accelerating|VOR,ARCT
Chip Architecture Licensing & CPU/GPU Compute Revival|2026-05-08|Fading|STM,INFQ
Consumer Discretionary Home Furnishings Rebound|2026-05-08|Fading|SEAT,LOVE
Crypto Asset Recovery|2026-05-08|Mainstream|RIOT,HUT
Custom AI Silicon & Chip Architecture Licensing|2026-05-08|Mainstream|MRVL,AMD,ARM
Edge Cloud & Developer CDN Platforms|2026-05-08|Fading|DOCN,FSLY
Enterprise Server & AI Infrastructure Hardware|2026-05-08|Fading|TEN,CVE,SEDG
Firearms & Personal Defense Manufacturing|2026-05-08|Fading|LINC,SWBI
Gold & Precious Metals Mining|2026-05-08|Fading|AU,ORLA
Hemp & Cannabis-Derived Wellness Beverages|2026-05-08|Mainstream|RYM,MLEC
Hydraulic Fracturing & Well Completion Services|2026-05-08|Accelerating|VET,PBR,LNG,GLNG,DELL,EQNR,VAL,E,USO,PTEN,CVX,LBRT,XOM,PUMP,LRCX,ANNA,ACDC,SOC,TSSI,VG,SEDG,COP,DBO,HAL,BNO,XLE,AMPX,LYB,WDS,OXY,MTDR,EOG,AESI,BATL,VIST
Independent E&P Operators|2026-05-08|Nascent|GTE,SM,CHRD,TALO,OVV,CRGY,FANG,APA
Inflammatory Disease & Immunology Biologics|2026-05-08|Fading|SYRE,DNTH,ORKA
Lithium & Battery Critical Minerals Mining|2026-05-08|Fading|SGML,BMM
Network Security & Zero-Trust Edge|2026-05-08|Accelerating|DDOG,FTNT
Niche Specialty Chemicals & Industrial Intermediates|2026-05-08|Fading|ADEA,RYAM
Nitrogen Fertilizer & Ammonia Producers|2026-05-08|Fading|LXU,CF,CLMT,SSL
Nylon & Engineered Polymer Intermediates|2026-05-08|Mainstream|MEOH,CC,CE,ASIX
Optical Components & Transceiver Manufacturers|2026-05-08|Accelerating|GLW,VIAV,ADTN,CIEN,AXTI,LWLG,LASR,PLAB,SVCO
Physical AI & Robotics|2026-05-08|Fading|IRBT,HYLN
Power Semiconductor & Mixed-Signal Display Drivers|2026-05-08|Mainstream|AOSL,HIMX
Precious & Streaming Metals Royalty & Junior Miners|2026-05-08|Fading|AUGO,SSRM
Precision Frequency & Timing Defense Electronics|2026-05-08|Fading|ECOR,FEIM
Primary Aluminum Smelting & Rolling|2026-05-08|Fading|CSTM,EMAT,CENX,AA
Robo-Advisor & AI-Driven Wealth Management Platforms|2026-05-08|Mainstream|LIFE,WLTH
Satellite Earth Observation & Geospatial Intelligence|2026-05-08|Accelerating|ALM,RVMD,AJRD,DAWN,AVBP
Satellite Imagery & Geospatial Intelligence|2026-05-08|Accelerating|LUNR,FLY,SPIR,RKLB,BKSY,YSS,MNTS,PL
Semiconductor Burn-In & Final-Test Equipment Pure-Play|2026-05-08|Fading|ONTO,TER
Semiconductor Wafer Foundry & Advanced IC Manufacturing|2026-05-08|Accelerating|UCTT,PLAB,AMAT,TSEM,AEHR,LRCX,ICHR,FORM,KLAC
Silicon Carbide Power Semiconductors & EV Infrastructure|2026-05-08|Fading|WOLF,INTC
Single-Cell Genomics & Spatial Biology Instrumentation|2026-05-08|Fading|INKT,TXG
Agricultural Commodities & Agri-Business|2026-05-11|Fading|GPRE,AGRO,DAR,BW
AI Datacenter Optical Transceivers & Components|2026-05-11|Accelerating|LITE,AAOI,MXL,COHR
AI Data Center Power Infrastructure|2026-05-11|Accelerating|PWR,BE,AGX,GEV,VRT
AI Memory & Storage|2026-05-11|Mainstream|SNDK,MU,SIMO,STX,WDC,MRAM
Autonomous Military Drone Swarm & AI Defense Software|2026-05-11|Fading|KYTX,SWMR
Cell & Genome Engineering Oncology|2026-05-11|Fading|VOR,ARCT
Chip Architecture Licensing & CPU/GPU Compute Revival|2026-05-11|Fading|STM,INFQ
Compound Semiconductor & III-V Materials|2026-05-11|Fading|SVCO,AXTI
Crypto Asset Recovery|2026-05-11|Mainstream|HUT,RIOT
Custom AI Silicon & Chip Architecture Licensing|2026-05-11|Mainstream|ARM,AMD,MRVL
Defense Electronics & Avionics Mission Systems|2026-05-11|Fading|ISSC,KTOS
Edge Cloud & Developer CDN Platforms|2026-05-11|Fading|DOCN,FSLY
Engineered Polymers & High-Performance Acetyl Chemicals|2026-05-11|Fading|ADEA,RYAM
Enterprise Server & AI Infrastructure Hardware|2026-05-11|Fading|CVE,TEN,SEDG
Firearms & Personal Defense Manufacturing|2026-05-11|Fading|LINC,SWBI
Gold & Precious Metals Mining|2026-05-11|Fading|AU,ORLA
Gold & Silver Junior Miners Momentum|2026-05-11|Fading|HYMC,VMET
Hemp & Cannabis-Derived Wellness Beverages|2026-05-11|Fading|RYM,MLEC
Hydraulic Fracturing & Well Completion Services|2026-05-11|Accelerating|TALO,GLNG,ACDC,FANG,PUMP,HAL,BATL,EOG,SOC,COP,XOM,VET,CHRD,PARR,VG,VLO,VIST,LBRT,MTDR,CVX,ANNA,GTE,CRGY,OVV,MPC,AESI,PBR,OXY,PBF,E,EQNR,APA,WDS,PTEN,VAL,SM,LNG
Inflammatory Disease & Immunology Biologics|2026-05-11|Fading|ORKA,DNTH,SYRE
IT Infrastructure Deployment & Data Center Systems Integration|2026-05-11|Fading|DELL,TSSI
Lithium & Battery Critical Minerals Mining|2026-05-11|Fading|SGML,BMM
Network Security & Zero-Trust Edge|2026-05-11|Mainstream|FTNT,DDOG
Nitrogen Fertilizer & Ammonia Producers|2026-05-11|Fading|CF,CLMT
Nylon & Engineered Polymer Intermediates|2026-05-11|Mainstream|MEOH,CC,ASIX,CE
Optical Components & Transceiver Manufacturers|2026-05-11|Accelerating|LWLG,LASR,PLAB,AXTI,CIEN,VIAV,GLW,ADTN
Petroleum Refining & Downstream Fuels|2026-05-11|Nascent|XLE,USO,LYB,DOW,DBO,BNO,BW
Physical AI & Robotics|2026-05-11|Fading|IRBT,HYLN
Power Semiconductor & Mixed-Signal Display Drivers|2026-05-11|Mainstream|HIMX,AOSL
Precious & Streaming Metals Royalty & Junior Miners|2026-05-11|Fading|AUGO,SSRM
Precision Frequency & Timing Defense Electronics|2026-05-11|Fading|ECOR,FEIM
Primary Aluminum Smelting & Rolling|2026-05-11|Fading|CENX,EMAT,CSTM,AA
Robo-Advisor & AI-Driven Wealth Management Platforms|2026-05-11|Mainstream|WLTH,LIFE
Satellite Imagery & Geospatial Intelligence|2026-05-11|Accelerating|PL,AVBP,BKSY,FLY,ALM,AJRD,RKLB,SPIR,RVMD,LUNR,YSS,DAWN,MNTS
Semiconductor Probe Card & Front-End Test Equipment|2026-05-11|Fading|TER,ONTO
Semiconductor Wafer Foundry & Advanced IC Manufacturing|2026-05-11|Mainstream|LRCX,UCTT,ICHR,PLAB,AMAT,KLAC,FORM,AEHR,TSEM
Silicon Carbide Power Semiconductors & EV Infrastructure|2026-05-11|Accelerating|WOLF,INTC
Single-Cell Genomics & Spatial Biology Instrumentation|2026-05-11|Fading|INKT,TXG
Workforce Solutions & Technical Staffing Services|2026-05-11|Fading|KELYB,RCMT
AI Datacenter Optical Transceivers & Components|2026-05-12|Mainstream|MXL,AAOI,COHR,LITE
AI Data Center Power Infrastructure|2026-05-12|Fading|VRT,GEV,AGX,BE,PWR
AI Datacenter Silicon|2026-05-12|Mainstream|AMD,MRVL,ARM
AI Memory & Storage|2026-05-12|Mainstream|WDC,MRAM,SNDK,ICHR,SIMO,STX,MU,TSEM
Autonomous Military Drone Swarm & AI Defense Software|2026-05-12|Fading|KYTX,SWMR
Cell & Genome Engineering Oncology|2026-05-12|Fading|VOR,ARCT
Chip Architecture Licensing & CPU/GPU Compute Revival|2026-05-12|Fading|STM,INFQ
Compound Semiconductor & III-V Materials|2026-05-12|Fading|SVCO,AXTI
Crypto Asset Recovery|2026-05-12|Mainstream|HUT,RIOT
Cybersecurity Network Edge & SD-WAN|2026-05-12|Mainstream|DDOG,FTNT
Defense Electronics & Avionics Mission Systems|2026-05-12|Fading|ISSC,KTOS
Edge CDN & Cloud-Native Developer Platforms|2026-05-12|Fading|DOCN,FSLY
Enterprise Server & AI Infrastructure Hardware|2026-05-12|Fading|CVE,TEN,SEDG
Firearms & Personal Defense Manufacturing|2026-05-12|Fading|LINC,SWBI
Gold & Precious Metals Mining|2026-05-12|Fading|AU,ORLA
Gold & Silver Junior Miners Momentum|2026-05-12|Fading|HYMC,VMET
Hemp & Cannabis-Derived Wellness Beverages|2026-05-12|Fading|RYM,MLEC
Inflammatory Disease & Immunology Biologics|2026-05-12|Fading|ORKA,SYRE,DNTH
IP Licensing & Ad-Tech Royalty Software|2026-05-12|Fading|RYAM,ADEA
IT Infrastructure Deployment & Data Center Systems Integration|2026-05-12|Fading|DELL,TSSI
Nitrogen Fertilizer & Ammonia Producers|2026-05-12|Fading|CLMT,CF,DAR,BW,GPRE,AGRO
Nitrogen Fertilizer & Crop Nutrient Producers|2026-05-12|Fading|DOW,LYB,BW
Nylon & Engineered Polymer Intermediates|2026-05-12|Fading|CE,CC,ASIX,MEOH
Optical Components & Transceiver Manufacturers|2026-05-12|Accelerating|ADTN,VIAV,GLW,PLAB,LASR,CIEN,AXTI,LWLG
Petroleum Refining & Downstream Fuels|2026-05-12|Nascent|EQNR,TALO,LNG,PUMP,GTE,VAL,APA,VLO,VG,USO,XLE,AESI,GLNG,XOM,BATL,SM,CRGY,E,EOG,PTEN,PBR,WDS,VIST,MPC,ANNA,PARR,ACDC,OXY,LBRT,BNO,FANG,CVX,CHRD,DBO,MTDR,COP,OVV,SOC,HAL,VET,PBF
Physical AI & Robotics|2026-05-12|Fading|IRBT,HYLN
Power Semiconductor & Mixed-Signal Display Drivers|2026-05-12|Mainstream|HIMX,AOSL
Precious & Streaming Metals Royalty & Junior Miners|2026-05-12|Fading|AUGO,SSRM
Primary Aluminum Smelting & Rolling|2026-05-12|Fading|AA,CSTM,EMAT,CENX
Robo-Advisor & AI-Driven Wealth Management Platforms|2026-05-12|Fading|WLTH,LIFE
Satellite Imagery & Geospatial Intelligence|2026-05-12|Mainstream|ALM,FLY,DAWN,RVMD,AJRD,LUNR,AVBP,BKSY,SPIR,PL,RKLB
Semiconductor Burn-In & Final-Test Equipment Pure-Play|2026-05-12|Fading|TER,ONTO
Semiconductor Wafer Foundry & Advanced IC Manufacturing|2026-05-12|Mainstream|LRCX,KLAC,UCTT,FORM,PLAB,ICHR,AMAT,AEHR,TSEM
Silicon Carbide Power Semiconductors & EV Infrastructure|2026-05-12|Accelerating|INTC,WOLF
Single-Cell Genomics & Spatial Biology Instrumentation|2026-05-12|Fading|INKT,TXG
Workforce Solutions & Technical Staffing Services|2026-05-12|Fading|KELYB,RCMT
Agricultural Commodities & Agri-Business|2026-05-13|Fading|AGRO,LYB,DOW,DAR,GPRE
AI Datacenter Optical Transceivers & Components|2026-05-13|Mainstream|COHR,LITE,AAOI,MXL
AI Data Center Power Infrastructure|2026-05-13|Mainstream|VRT,BE,AGX,PWR,GEV
AI Memory & Storage|2026-05-13|Mainstream|SIMO,MRAM,TSEM,STX,MU,ICHR,WDC,SNDK
Cell & Genome Engineering Oncology|2026-05-13|Fading|VOR,ARCT
Chip Architecture Licensing & CPU/GPU Compute Revival|2026-05-13|Fading|STM,INFQ
Compound Semiconductor & III-V Materials|2026-05-13|Fading|AXTI,SVCO
Crypto Asset Recovery|2026-05-13|Mainstream|HUT,RIOT
Custom AI Silicon & Chip Architecture Licensing|2026-05-13|Mainstream|ARM,MRVL,AMD
Cybersecurity Network Edge & SD-WAN|2026-05-13|Mainstream|DDOG,FTNT
Edge Cloud & Developer CDN Platforms|2026-05-13|Fading|FSLY,DOCN
Enterprise Server & AI Infrastructure Hardware|2026-05-13|Accelerating|SEDG,CVE,TEN
Firearms & Personal Defense Manufacturing|2026-05-13|Mainstream|SWBI,LINC
Gold & Precious Metals Mining|2026-05-13|Fading|AU,ORLA
Gold & Silver Junior Miners Momentum|2026-05-13|Fading|HYMC,VMET
Hemp & Cannabis-Derived Wellness Beverages|2026-05-13|Fading|RYM,MLEC
Independent E&P Operators|2026-05-13|Nascent|SOC,AESI,PTEN,MTDR,MPC,FANG,VIST,LNG,COP,SM,APA,GLNG,PARR,LBRT,XOM,BATL,EOG,PUMP,ACDC,VLO,ANNA,CVX,PBR,OXY,PBF,VET,CRGY,EQNR,WDS,VG,HAL,VAL,CHRD,E,TALO,OVV,GTE
Inflammatory Disease & Immunology Biologics|2026-05-13|Fading|DNTH,ORKA,SYRE
IP Licensing & Ad-Tech Royalty Software|2026-05-13|Fading|RYAM,ADEA
IT Infrastructure Deployment & Data Center Systems Integration|2026-05-13|Fading|DELL,TSSI
Nitrogen Fertilizer & Ammonia Producers|2026-05-13|Fading|CLMT,CF
Nylon & Engineered Polymer Intermediates|2026-05-13|Fading|CE,ASIX,CC,MEOH
Optical Components & Transceiver Manufacturers|2026-05-13|Accelerating|AXTI,VIAV,LWLG,GLW,LASR,CIEN,ADTN
Petroleum Refining & Downstream Fuels|2026-05-13|Nascent|DBO,XLE,USO,AESI,BNO
Physical AI & Robotics|2026-05-13|Fading|IRBT,HYLN
Power Semiconductor & Mixed-Signal Display Drivers|2026-05-13|Mainstream|AOSL,HIMX
Rare Earth Magnets & Critical Battery Materials|2026-05-13|Fading|EMAT,CENX,CSTM,AA
Robo-Advisor & AI-Driven Wealth Management Platforms|2026-05-13|Fading|WLTH,LIFE
Satellite Imagery & Geospatial Intelligence|2026-05-13|Mainstream|FLY,RKLB,RVMD,LUNR,AJRD,DAWN,PL,BKSY,AVBP,SPIR,ALM
Semiconductor Probe Card & Front-End Test Equipment|2026-05-13|Fading|ONTO,TER
Semiconductor Wafer Foundry & Advanced IC Manufacturing|2026-05-13|Accelerating|AEHR,UCTT,FORM,KLAC,PLAB,TSEM,AMAT,ICHR,LRCX
Silicon Carbide Power Semiconductors & EV Infrastructure|2026-05-13|Accelerating|WOLF,INTC
Single-Cell Genomics & Spatial Biology Instrumentation|2026-05-13|Fading|INKT,TXG
Workforce Solutions & Technical Staffing Services|2026-05-13|Fading|KELYB,RCMT
Agricultural Commodities & Agri-Business|2026-05-14|Accelerating|LYB,AGRO,DOW,DAR,GPRE
AI Datacenter Optical Transceivers & Components|2026-05-14|Mainstream|COHR,MXL,AAOI,LITE
AI Data Center Power Infrastructure|2026-05-14|Accelerating|VRT,AGX,BE,PWR,GEV,FCEL
AI Memory & Storage|2026-05-14|Mainstream|MRAM,MU,SIMO,SNDK,STX,WDC
Cell & Genome Engineering Oncology|2026-05-14|Fading|VOR,ARCT
Chip Architecture Licensing & CPU/GPU Compute Revival|2026-05-14|Fading|INFQ,STM
Compound Semiconductor & III-V Materials|2026-05-14|Fading|SVCO,AXTI
Crypto Asset Recovery|2026-05-14|Mainstream|RIOT,HUT
Custom AI Silicon & Chip Architecture Licensing|2026-05-14|Mainstream|ARM,MRVL,AMD,AIP,CEVA
Cybersecurity Network Edge & SD-WAN|2026-05-14|Mainstream|DDOG,FTNT
Edge Cloud & Developer CDN Platforms|2026-05-14|Fading|DOCN,FSLY
Enterprise Server & AI Infrastructure Hardware|2026-05-14|Accelerating|SEDG,TEN,CVE
Firearms & Personal Defense Manufacturing|2026-05-14|Accelerating|LINC,SWBI
Gold & Silver Junior Miners Momentum|2026-05-14|Fading|HYMC,VMET
Hemp & Cannabis-Derived Wellness Beverages|2026-05-14|Fading|RYM,MLEC
Hydraulic Fracturing & Well Completion Services|2026-05-14|Accelerating|ANNA,MTDR,XOM,SOC,CVX,VET,VIST,GTE,BATL,XLE,BNO,MPC,PBR,DBO,LNG,VLO,OVV,COP,PBF,CRGY,APA,GLNG,TALO,USO,VG,PARR,SM,EQNR,CHRD,FANG,EOG,VAL,E,AESI,WDS,OXY
Inflammatory Disease & Immunology Biologics|2026-05-14|Fading|ORKA,SYRE,DNTH
IT Infrastructure Deployment & Data Center Systems Integration|2026-05-14|Fading|DELL,TSSI
Niche Specialty Chemicals & Industrial Intermediates|2026-05-14|Fading|ADEA,RYAM
Nitrogen Fertilizer & Crop Nutrient Producers|2026-05-14|Fading|DOW,BW,LYB
Nylon & Engineered Polymer Intermediates|2026-05-14|Accelerating|CE,CC,ASIX,MEOH
Optical Components & Transceiver Manufacturers|2026-05-14|Accelerating|CIEN,ADTN,GLW,LASR,LWLG,AXTI,VIAV,POET
Power Semiconductor & Mixed-Signal Display Drivers|2026-05-14|Mainstream|HIMX,AOSL
Pure-Play Hydraulic Fracturing & Completion Services|2026-05-14|Nascent|ACDC,LBRT,PUMP,HAL,PTEN
Rare Earth Magnets & Critical Battery Materials|2026-05-14|Accelerating|AA,CSTM,CENX
Robo-Advisor & AI-Driven Wealth Management Platforms|2026-05-14|Fading|LIFE,WLTH
Satellite Imagery & Geospatial Intelligence|2026-05-14|Mainstream|LUNR,RVMD,PL,DAWN,AJRD,RKLB,AVBP,ALM,BKSY,FLY,SPIR
Semiconductor Capital Equipment|2026-05-14|Fading|TER,ONTO
Semiconductor Front-End Interconnect & Wafer Processing Equipment|2026-05-14|Accelerating|TSEM,ICHR
Semiconductor Wafer Foundry & Advanced IC Manufacturing|2026-05-14|Accelerating|AMAT,AEHR,UCTT,KLAC,ICHR,FORM,LRCX,TSEM,PLAB,UMC
Silicon Carbide Power Semiconductors & EV Infrastructure|2026-05-14|Accelerating|INTC,WOLF
Single-Cell Genomics & Spatial Biology Instrumentation|2026-05-14|Fading|INKT,TXG
Agricultural Commodities & Agri-Business|2026-05-15|Accelerating|GPRE,DAR,AGRO
AI Datacenter Optical Transceivers & Components|2026-05-15|Mainstream|MXL,LITE,COHR,AAOI
AI Data Center Power Infrastructure|2026-05-15|Accelerating|AGX,GEV,BE,VRT,PWR,FCEL
AI Memory & Storage|2026-05-15|Mainstream|SIMO,SNDK,MRAM,MU,STX,WDC
Autonomous Military Drone Swarm & AI Defense Software|2026-05-15|Fading|KYTX,SWMR
Cell & Genome Engineering Oncology|2026-05-15|Fading|VOR,ARCT
Consumer Discretionary Home Furnishings Rebound|2026-05-15|Fading|SEAT,LOVE
Crypto Asset Recovery|2026-05-15|Mainstream|HUT,RIOT
Custom AI Silicon & Chip Architecture Licensing|2026-05-15|Mainstream|MRVL,AIP,CEVA,ARM,AMD,QUIK
Defense Electronics & Avionics Mission Systems|2026-05-15|Fading|ISSC,KTOS
Edge Cloud & Developer CDN Platforms|2026-05-15|Fading|DOCN,FSLY
Engineered Polymers & High-Performance Acetyl Chemicals|2026-05-15|Fading|RYAM,ADEA
Enterprise Server & AI Infrastructure Hardware|2026-05-15|Accelerating|SEDG,TEN,CVE
Firearms & Personal Defense Manufacturing|2026-05-15|Accelerating|LINC,SWBI
Gold & Precious Metals Mining|2026-05-15|Fading|AU,ORLA
Gold & Silver Junior Miners Momentum|2026-05-15|Fading|HYMC,VMET
Hemp & Cannabis-Derived Wellness Beverages|2026-05-15|Fading|RYM,MLEC
Inflammatory Disease & Immunology Biologics|2026-05-15|Fading|SYRE,DNTH,ORKA
IT Infrastructure Deployment & Data Center Systems Integration|2026-05-15|Fading|DELL,TSSI
Lithium & Battery Critical Minerals Mining|2026-05-15|Fading|SGML,BMM
Network Security & Zero-Trust Edge|2026-05-15|Mainstream|DDOG,FTNT
Nitrogen Fertilizer & Crop Nutrient Producers|2026-05-15|Accelerating|LYB,BW,DOW
Nylon & Engineered Polymer Intermediates|2026-05-15|Fading|CE,CC,ASIX,MEOH
Oil Refiners & Downstream Fuel Processing|2026-05-15|Nascent|PBF,ACDC,PUMP,VLO,LBRT,MPC,PTEN,HAL
Optical Components & Transceiver Manufacturers|2026-05-15|Accelerating|LWLG,LASR,GLW,ADTN,VIAV,CIEN,AXTI,SVCO,POET
Power Semiconductor & Mixed-Signal Display Drivers|2026-05-15|Mainstream|HIMX,AOSL
Precious & Streaming Metals Royalty & Junior Miners|2026-05-15|Fading|AUGO,SSRM
Pure-Play Hydraulic Fracturing & Completion Services|2026-05-15|Nascent|USO,SM,VAL,EQNR,GLNG,APA,CVX,BNO,GTE,PARR,TALO,ANNA,CRGY,PBR,MTDR,DBO,VIST,EOG,XOM,VET,E,FANG,SOC,XLE,OVV,AESI,OXY,CHRD,COP,VG,LNG,BATL,WDS
Rare Earth Magnets & Critical Battery Materials|2026-05-15|Fading|AA,CSTM,CENX
Robo-Advisor & AI-Driven Wealth Management Platforms|2026-05-15|Accelerating|WLTH,LIFE
Satellite Earth Observation & Geospatial Intelligence|2026-05-15|Fading|RVMD,AJRD,DAWN,AVBP
Satellite Imagery & Geospatial Intelligence|2026-05-15|Mainstream|BKSY,PL,SPIR,FLY,LUNR,RKLB
Semiconductor Burn-In & Final-Test Equipment Pure-Play|2026-05-15|Fading|TER,ONTO
Semiconductor Front-End Interconnect & Wafer Processing Equipment|2026-05-15|Accelerating|ICHR,TSEM
Semiconductor Wafer Foundry & Advanced IC Manufacturing|2026-05-15|Accelerating|FORM,AEHR,UCTT,ICHR,PLAB,KLAC,TSEM,UMC,LRCX,AMAT
Silicon Carbide Power Semiconductors & EV Infrastructure|2026-05-15|Mainstream|WOLF,STM
Workforce Solutions & Technical Staffing Services|2026-05-15|Fading|KELYB,RCMT
Agricultural Commodities & Agri-Business|2026-05-18|Accelerating|AGRO,DAR
AI Datacenter Optical Transceivers & Components|2026-05-18|Mainstream|AAOI,MXL,LITE,COHR
AI Data Center Power Infrastructure|2026-05-18|Accelerating|AGX,BE,GEV,VRT,PWR,FCEL
AI Memory & Storage|2026-05-18|Mainstream|MRAM,SNDK,SIMO,MU,STX,WDC
Autonomous Military Drone Swarm & AI Defense Software|2026-05-18|Fading|KYTX,SWMR
Consumer Discretionary Home Furnishings Rebound|2026-05-18|Fading|SEAT,LOVE
Crypto Asset Recovery|2026-05-18|Mainstream|HUT,RIOT
Custom AI Silicon & Chip Architecture Licensing|2026-05-18|Mainstream|MRVL,CEVA,AIP,AMD,ARM,QUIK
Defense Electronics & Avionics Mission Systems|2026-05-18|Fading|ISSC,KTOS
Edge Cloud & Developer CDN Platforms|2026-05-18|Fading|DOCN,FSLY
Enterprise Server & AI Infrastructure Hardware|2026-05-18|Accelerating|CVE,TEN
Firearms & Personal Defense Manufacturing|2026-05-18|Accelerating|LINC,SWBI
Hydraulic Fracturing & Completion Services|2026-05-18|Nascent|ACDC,LBRT,PUMP,PTEN
Independent E&P Operators|2026-05-18|Nascent|PBR,OVV,FANG,SOC,SM,VET,CRGY,VIST,GLNG,VG,MTDR,OXY,GTE,VAL,EOG,TALO,BATL,COP,E,WDS,CVX,LNG,CHRD,HAL,EQNR,XOM,APA,ANNA
Inflammatory Disease & Immunology Biologics|2026-05-18|Fading|ORKA,DNTH,SYRE
Lithium & Battery Critical Minerals Mining|2026-05-18|Fading|SGML,BMM
Network Security & Zero-Trust Edge|2026-05-18|Mainstream|FTNT,DDOG
Nitrogen Fertilizer & Crop Nutrient Producers|2026-05-18|Accelerating|CLMT,CF
Nylon & Engineered Polymer Intermediates|2026-05-18|Fading|ASIX,CC,MEOH
Optical Components & Transceiver Manufacturers|2026-05-18|Mainstream|AXTI,GLW,CIEN,SVCO,POET,LASR,VIAV,ADTN
Physical AI & Robotics|2026-05-18|Fading|IRBT,HYLN
Power Semiconductor & Mixed-Signal Display Drivers|2026-05-18|Mainstream|HIMX,AOSL
Precious & Streaming Metals Royalty & Junior Miners|2026-05-18|Fading|AUGO,SSRM
Precision Frequency & Timing Defense Electronics|2026-05-18|Fading|ECOR,FEIM
Rare Earth Magnets & Critical Battery Materials|2026-05-18|Fading|CENX,CSTM
Robo-Advisor & AI-Driven Wealth Management Platforms|2026-05-18|Accelerating|LIFE,WLTH
Satellite Imagery & Geospatial Intelligence|2026-05-18|Mainstream|BKSY,RKLB,PL,SPIR
Semiconductor Probe Card & Front-End Test Equipment|2026-05-18|Fading|ONTO,TER
Semiconductor Wafer Foundry & Advanced IC Manufacturing|2026-05-18|Mainstream|KLAC,UMC,TSEM,FORM,UCTT,PLAB,AEHR,AMAT
Silicon Carbide Power Semiconductors & EV Infrastructure|2026-05-18|Mainstream|WOLF,STM
Workforce Solutions & Technical Staffing Services|2026-05-18|Fading|KELYB,RCMT
Agricultural Commodities & Agri-Business|2026-05-19|Fading|AGRO,DAR
AI Datacenter Optical Transceivers & Components|2026-05-19|Mainstream|LITE,COHR,MXL,AAOI
AI Data Center Power Infrastructure|2026-05-19|Accelerating|AGX,VRT,BE,PWR,FCEL,GEV
AI Memory & Storage|2026-05-19|Mainstream|MU,STX,SNDK,MRAM,WDC,SIMO
Autonomous Military Drone Swarm & AI Defense Software|2026-05-19|Fading|KYTX,SWMR
Consumer Discretionary Home Furnishings Rebound|2026-05-19|Fading|SEAT,LOVE
Crypto Asset Recovery|2026-05-19|Mainstream|HUT,RIOT
Custom AI Silicon & Chip Architecture Licensing|2026-05-19|Mainstream|QUIK,ARM,MRVL,CEVA,AMD,AIP,INTC
Defense Electronics & Avionics Mission Systems|2026-05-19|Fading|ISSC,KTOS
Edge Cloud & Developer CDN Platforms|2026-05-19|Fading|DOCN,FSLY
Enterprise Server & AI Infrastructure Hardware|2026-05-19|Mainstream|CVE,TEN
Firearms & Personal Defense Manufacturing|2026-05-19|Accelerating|LINC,SWBI
Gold & Precious Metals Mining|2026-05-19|Fading|AU,ORLA
Hydraulic Fracturing & Completion Services|2026-05-19|Nascent|COP,EQNR,E,VET,ANNA,GLNG,VG,OVV,XOM,WDS,MTDR,APA,OXY,VIST,CVX,LNG,VAL,SOC,FANG,CHRD,SM,CRGY,PBR,GTE,TALO,EOG,BATL
Inflammatory Disease & Immunology Biologics|2026-05-19|Accelerating|SYRE,ORKA,DNTH
Lithium & Battery Critical Minerals Mining|2026-05-19|Fading|SGML,BMM
Network Security & Zero-Trust Edge|2026-05-19|Mainstream|DDOG,FTNT
Nitrogen Fertilizer & Crop Nutrient Producers|2026-05-19|Accelerating|CLMT,CF
Nylon & Engineered Polymer Intermediates|2026-05-19|Fading|ASIX,CC,MEOH
Optical Components & Transceiver Manufacturers|2026-05-19|Fading|AXTI,SVCO,POET,ADTN,CIEN,VIAV,LASR,GLW
Physical AI & Robotics|2026-05-19|Fading|IRBT,HYLN
Power Semiconductor & Mixed-Signal Display Drivers|2026-05-19|Mainstream|AOSL,HIMX
Precious & Streaming Metals Royalty & Junior Miners|2026-05-19|Fading|AUGO,SSRM
Precision Frequency & Timing Defense Electronics|2026-05-19|Fading|ECOR,FEIM
Primary Aluminum Smelting & Rolling|2026-05-19|Fading|AA,CENX,CSTM
Pure-Play Hydraulic Fracturing & Completion Services|2026-05-19|Nascent|ACDC,HAL,LBRT,PTEN,PUMP
Robo-Advisor & AI-Driven Wealth Management Platforms|2026-05-19|Accelerating|WLTH,LIFE
Satellite Imagery & Geospatial Intelligence|2026-05-19|Mainstream|RKLB,BKSY,SPIR,PL
Semiconductor Probe Card & Front-End Test Equipment|2026-05-19|Fading|ONTO,TER
Semiconductor Wafer Foundry & Advanced IC Manufacturing|2026-05-19|Mainstream|UCTT,TSEM,AEHR,UMC,AMAT,KLAC,PLAB,FORM
Silicon Carbide Power Semiconductors & EV Infrastructure|2026-05-19|Mainstream|WOLF,STM
Single-Cell Genomics & Spatial Biology Instrumentation|2026-05-19|Fading|INKT,TXG
Agricultural Commodities & Agri-Business|2026-05-20|Fading|AGRO,DAR
AI Datacenter Optical Transceivers & Components|2026-05-20|Mainstream|COHR,MXL,AAOI,LITE
AI Data Center Power Infrastructure|2026-05-20|Fading|PWR,AGX,VRT,GEV,FCEL,BE
AI Memory & Storage|2026-05-20|Mainstream|SNDK,SIMO,STX,MU,WDC,MRAM
Consumer Discretionary Home Furnishings Rebound|2026-05-20|Fading|SEAT,LOVE
Crypto Asset Recovery|2026-05-20|Mainstream|RIOT,HUT
Custom AI Silicon & Chip Architecture Licensing|2026-05-20|Mainstream|INTC,QUIK,AMD,MRVL,AIP,ARM,CEVA,ALAB
Enterprise Server & AI Infrastructure Hardware|2026-05-20|Mainstream|CVE,TEN
Firearms & Personal Defense Manufacturing|2026-05-20|Fading|LINC,SWBI
Inflammatory Disease & Immunology Biologics|2026-05-20|Mainstream|ORKA,SYRE,DNTH
Lithium & Battery Critical Minerals Mining|2026-05-20|Fading|SGML,BMM
Network Security & Zero-Trust Edge|2026-05-20|Mainstream|FTNT,DDOG
Nitrogen Fertilizer & Crop Nutrient Producers|2026-05-20|Fading|CLMT,CF
Nylon & Engineered Polymer Intermediates|2026-05-20|Fading|ASIX,CC,MEOH
Optical Components & Transceiver Manufacturers|2026-05-20|Mainstream|VIAV,GLW,CIEN,AXTI,POET,LASR,ADTN,SVCO
Power Semiconductor & Mixed-Signal Display Drivers|2026-05-20|Mainstream|HIMX,AOSL
Precision Frequency & Timing Defense Electronics|2026-05-20|Fading|ECOR,FEIM
Primary Aluminum Smelting & Rolling|2026-05-20|Fading|AA,CENX,CSTM
Pure-Play Hydraulic Fracturing & Completion Services|2026-05-20|Nascent|PUMP,ACDC,PTEN,HAL,LBRT
Robo-Advisor & AI-Driven Wealth Management Platforms|2026-05-20|Accelerating|WLTH,LIFE
Satellite Imagery & Geospatial Intelligence|2026-05-20|Mainstream|SPIR,BKSY,RKLB,PL
Semiconductor Probe Card & Front-End Test Equipment|2026-05-20|Fading|ONTO,TER
Semiconductor Wafer Foundry & Advanced IC Manufacturing|2026-05-20|Mainstream|AMAT,KLAC,AEHR,UMC,PLAB,TSEM,UCTT,FORM
Silicon Carbide Power Semiconductors & EV Infrastructure|2026-05-20|Mainstream|WOLF,STM
U.S. Shale & Onshore E&P|2026-05-20|Nascent|SM,VAL,VET,OVV,VIST,E,CRGY,GLNG,TALO,FANG,SOC,COP,APA,LNG,BATL,ANNA,GTE,CVX,EQNR,CHRD,PBR,VG,MTDR,XOM,EOG,WDS,OXY
Agricultural Commodities & Agri-Business|2026-05-21|Fading|AGRO,DAR
AI Datacenter Optical Transceivers & Components|2026-05-21|Mainstream|COHR,AAOI,MXL,LITE
AI Data Center Power Infrastructure|2026-05-21|Fading|FCEL,BE,VRT,AGX,PWR,GEV
AI Memory & Storage|2026-05-21|Mainstream|STX,MRAM,MU,SIMO,SNDK,WDC
Consumer Discretionary Home Furnishings Rebound|2026-05-21|Accelerating|LOVE,SEAT
Crypto Asset Recovery|2026-05-21|Mainstream|RIOT,HUT
Custom AI Silicon & Chip Architecture Licensing|2026-05-21|Mainstream|AMD,QUIK,MRVL,CEVA,AIP,ARM,ALAB,INTC
Enterprise Server & AI Infrastructure Hardware|2026-05-21|Mainstream|TEN,CVE
Firearms & Personal Defense Manufacturing|2026-05-21|Mainstream|LINC,SWBI
Inflammatory Disease & Immunology Biologics|2026-05-21|Mainstream|SYRE,ORKA,DNTH
Network Security & Zero-Trust Edge|2026-05-21|Mainstream|FTNT,DDOG
Nitrogen Fertilizer & Crop Nutrient Producers|2026-05-21|Fading|CLMT,CF
Nylon & Engineered Polymer Intermediates|2026-05-21|Fading|ASIX,CC,MEOH
Oil Refiners & Downstream Fuel Processing|2026-05-21|Nascent|VET,VIST,CVX,EOG,PBR,VG,MTDR,GTE,OXY,CHRD,WDS,FANG,VAL,GLNG,CRGY,COP,SOC,TALO,E,ANNA,EQNR,OVV,SM,BATL,APA,XOM
Optical Components & Transceiver Manufacturers|2026-05-21|Mainstream|GLW,POET,LASR,AXTI,SVCO,CIEN,VIAV
Power Semiconductor & Mixed-Signal Display Drivers|2026-05-21|Mainstream|AOSL,HIMX,NVTS
Precision Frequency & Timing Defense Electronics|2026-05-21|Fading|ECOR,FEIM
Pure-Play Hydraulic Fracturing & Completion Services|2026-05-21|Nascent|PUMP,ACDC,LBRT,HAL,PTEN
Rare Earth Magnets & Critical Battery Materials|2026-05-21|Fading|CENX,CSTM,AA
Robo-Advisor & AI-Driven Wealth Management Platforms|2026-05-21|Mainstream|WLTH,LIFE
Satellite Imagery & Geospatial Intelligence|2026-05-21|Mainstream|RKLB,SPIR,BKSY,PL
Semiconductor Probe Card & Front-End Test Equipment|2026-05-21|Fading|ONTO,TER
Semiconductor Wafer Foundry & Advanced IC Manufacturing|2026-05-21|Mainstream|KLAC,UCTT,TSEM,AEHR,GFS,AMAT,UMC,FORM,PLAB
Silicon Carbide Power Semiconductors & EV Infrastructure|2026-05-21|Mainstream|WOLF,STM
Agricultural Commodities & Agri-Business|2026-05-22|Fading|AGRO,DAR
AI Datacenter Optical Transceivers & Components|2026-05-22|Mainstream|LITE,AAOI,COHR,MXL
AI Data Center Power Infrastructure|2026-05-22|Fading|PWR,GEV,BE,AGX,VRT,FCEL
AI Datacenter Silicon|2026-05-22|Retired|
AI Memory & Storage|2026-05-22|Mainstream|SNDK,SIMO,MRAM,WDC,MU,STX
Autonomous Military Drone Swarm & AI Defense Software|2026-05-22|Fading|KYTX,SWMR
Cell & Genome Engineering Oncology|2026-05-22|Fading|VOR,ARCT
Consumer Discretionary Home Furnishings Rebound|2026-05-22|Accelerating|SEAT,LOVE
Crypto Asset Recovery|2026-05-22|Mainstream|HUT,RIOT
Custom AI Silicon & Chip Architecture Licensing|2026-05-22|Mainstream|ARM,AIP,QUIK,AMD,MRVL,ALAB,CEVA,INTC
Cybersecurity Network Edge & SD-WAN|2026-05-22|Retired|
Defense Electronics & Avionics Mission Systems|2026-05-22|Fading|ISSC,KTOS
Enterprise Server & AI Infrastructure Hardware|2026-05-22|Mainstream|TEN,CVE
Firearms & Personal Defense Manufacturing|2026-05-22|Mainstream|LINC,SWBI
Gold & Precious Metals Mining|2026-05-22|Fading|AU,ORLA
Gold & Silver Junior Miners Momentum|2026-05-22|Fading|HYMC,VMET
Hemp & Cannabis-Derived Wellness Beverages|2026-05-22|Fading|RYM,MLEC
Inflammatory Disease & Immunology Biologics|2026-05-22|Mainstream|ORKA,DNTH,SYRE
Lithium & Battery Critical Minerals Mining|2026-05-22|Fading|SGML,BMM
Network Security & Zero-Trust Edge|2026-05-22|Mainstream|FTNT,DDOG
Nitrogen Fertilizer & Crop Nutrient Producers|2026-05-22|Fading|CLMT,CF
Optical Components & Transceiver Manufacturers|2026-05-22|Mainstream|AXTI,GLW,LASR,CIEN,POET,VIAV
Permian Basin Pure-Play E&P|2026-05-22|Nascent|SM,CHRD,EOG,FANG,MTDR
Physical AI & Robotics|2026-05-22|Fading|IRBT,HYLN
Power Semiconductor & Mixed-Signal Display Drivers|2026-05-22|Mainstream|AOSL,NVTS,HIMX,SYNA
Precious & Streaming Metals Royalty & Junior Miners|2026-05-22|Fading|AUGO,SSRM
Precision Frequency & Timing Defense Electronics|2026-05-22|Fading|ECOR,FEIM
Primary Aluminum Smelting & Rolling|2026-05-22|Fading|CSTM,CENX,AA
Pure-Play Hydraulic Fracturing & Completion Services|2026-05-22|Nascent|GLNG,GTE,COP,LBRT,HAL,EQNR,PTEN,E,WDS,PBR,OXY,OVV,APA,CVX,SOC,TALO,CRGY,XOM,BATL,VIST,PUMP,ACDC,ANNA,VET,VG
Robo-Advisor & AI-Driven Wealth Management Platforms|2026-05-22|Fading|WLTH,LIFE
Satellite Imagery & Geospatial Intelligence|2026-05-22|Mainstream|PL,SPIR,BKSY,SATL
Semiconductor Burn-In & Final-Test Equipment Pure-Play|2026-05-22|Fading|TER,ONTO
Semiconductor Wafer Foundry & Advanced IC Manufacturing|2026-05-22|Mainstream|GFS,AMAT,KLAC,AEHR,UMC,TSEM,FORM,PLAB,UCTT
Silicon Carbide Power Semiconductors & EV Infrastructure|2026-05-22|Mainstream|STM,WOLF
Single-Cell Genomics & Spatial Biology Instrumentation|2026-05-22|Fading|INKT,TXG
Workforce Solutions & Technical Staffing Services|2026-05-22|Fading|KELYB,RCMT
Agricultural Commodities & Agri-Business|2026-05-26|Fading|AGRO,DAR
AI Datacenter Optical Transceivers & Components|2026-05-26|Mainstream|MXL,AAOI,LITE,COHR
AI Data Center Power Infrastructure|2026-05-26|Fading|PWR,VRT,FCEL,AGX,BE,GEV
AI Memory & Storage|2026-05-26|Mainstream|MRAM,SNDK,WDC,MU,STX,SIMO
Autonomous Military Drone Swarm & AI Defense Software|2026-05-26|Fading|KYTX,SWMR
Cell & Genome Engineering Oncology|2026-05-26|Fading|VOR,ARCT
Consumer Discretionary Home Furnishings Rebound|2026-05-26|Accelerating|LOVE,SEAT
Crypto Asset Recovery|2026-05-26|Mainstream|RIOT,HUT
Custom AI Silicon & Chip Architecture Licensing|2026-05-26|Mainstream|INTC,ALAB,AIP,CEVA,AMD,MRVL,QUIK,ARM
Cybersecurity Network Edge & SD-WAN|2026-05-26|Mainstream|DDOG,FTNT
Defense Electronics & Avionics Mission Systems|2026-05-26|Fading|ISSC,KTOS
Edge CDN & Cloud-Native Developer Platforms|2026-05-26|Fading|DOCN,FSLY
Enterprise Server & AI Infrastructure Hardware|2026-05-26|Fading|TEN,CVE
Firearms & Personal Defense Manufacturing|2026-05-26|Fading|LINC,SWBI
Gold & Precious Metals Mining|2026-05-26|Fading|AU,ORLA
Gold & Silver Junior Miners Momentum|2026-05-26|Fading|HYMC,VMET
Hemp & Cannabis-Derived Wellness Beverages|2026-05-26|Fading|RYM,MLEC
Hydraulic Fracturing & Completion Services|2026-05-26|Nascent|GLNG,GTE,WDS,PTEN,FANG,ANNA,OXY,PUMP,ACDC,CVX,VIST,SOC,HAL,EQNR,LBRT,VG,SM,BATL,XOM,CRGY,EOG,TALO,E,CHRD,PBR,COP,APA,OVV
Inflammatory Disease & Immunology Biologics|2026-05-26|Mainstream|SYRE,ORKA,DNTH
Lithium & Battery Critical Minerals Mining|2026-05-26|Fading|SGML,BMM
Nitrogen Fertilizer & Crop Nutrient Producers|2026-05-26|Fading|CLMT,CF
Nylon & Engineered Polymer Intermediates|2026-05-26|Fading|ASIX,CC,MEOH
Oil Refiners & Downstream Fuel Processing|2026-05-26|Retired|
Optical Components & Transceiver Manufacturers|2026-05-26|Mainstream|AXTI,CIEN,VIAV,POET,GLW,LASR
Permian Basin Pure-Play E&P|2026-05-26|Retired|
Physical AI & Robotics|2026-05-26|Fading|IRBT,HYLN
Power Semiconductor & Mixed-Signal Display Drivers|2026-05-26|Mainstream|HIMX,AOSL,SYNA,NVTS
Precious & Streaming Metals Royalty & Junior Miners|2026-05-26|Fading|AUGO,SSRM
Precision Frequency & Timing Defense Electronics|2026-05-26|Fading|ECOR,FEIM
Primary Aluminum Smelting & Rolling|2026-05-26|Accelerating|AA,CSTM,CENX
Pure-Play Hydraulic Fracturing & Completion Services|2026-05-26|Retired|
Rare Earth Magnets & Critical Battery Materials|2026-05-26|Retired|
Robo-Advisor & AI-Driven Wealth Management Platforms|2026-05-26|Fading|WLTH,LIFE
Satellite Imagery & Geospatial Intelligence|2026-05-26|Mainstream|BKSY,PL,SATL,SPIR
Semiconductor Burn-In & Final-Test Equipment Pure-Play|2026-05-26|Retired|
Semiconductor Probe Card & Front-End Test Equipment|2026-05-26|Fading|TER,ONTO
Semiconductor Wafer Foundry & Advanced IC Manufacturing|2026-05-26|Mainstream|KLAC,AEHR,AMAT,TSEM,UCTT,UMC,FORM,GFS,PLAB,ACMR
Silicon Carbide Power Semiconductors & EV Infrastructure|2026-05-26|Mainstream|WOLF,STM
Single-Cell Genomics & Spatial Biology Instrumentation|2026-05-26|Fading|INKT,TXG
U.S. Shale & Onshore E&P|2026-05-26|Retired|
Workforce Solutions & Technical Staffing Services|2026-05-26|Fading|KELYB,RCMT
Agricultural Commodities & Agri-Business|2026-05-27|Retired|
AI Datacenter Optical Transceivers & Components|2026-05-27|Mainstream|LITE,AAOI,MXL,COHR
AI Data Center Power Infrastructure|2026-05-27|Fading|FCEL,GEV,PWR,VRT,AGX,BE
AI Memory & Storage|2026-05-27|Mainstream|SIMO,MRAM,WDC,STX,SNDK,MU
Autonomous Military Drone Swarm & AI Defense Software|2026-05-27|Fading|KYTX,SWMR
Cell & Genome Engineering Oncology|2026-05-27|Fading|VOR,ARCT
Consumer Discretionary Home Furnishings Rebound|2026-05-27|Accelerating|SEAT,LOVE
Crypto Asset Recovery|2026-05-27|Mainstream|HUT,RIOT
Custom AI Silicon & Chip Architecture Licensing|2026-05-27|Mainstream|QUIK,ARM,MRVL,INTC,AIP,ALAB,AMD,CEVA
Cybersecurity Network Edge & SD-WAN|2026-05-27|Retired|
Defense Electronics & Avionics Mission Systems|2026-05-27|Fading|ISSC,KTOS
Edge Cloud & Developer CDN Platforms|2026-05-27|Fading|DOCN,FSLY
Enterprise Server & AI Infrastructure Hardware|2026-05-27|Fading|TEN,CVE
Firearms & Personal Defense Manufacturing|2026-05-27|Fading|SWBI,LINC
Gold & Precious Metals Mining|2026-05-27|Fading|AU,ORLA
Gold & Silver Junior Miners Momentum|2026-05-27|Fading|HYMC,VMET
Hemp & Cannabis-Derived Wellness Beverages|2026-05-27|Fading|RYM,MLEC
Hydraulic Fracturing & Completion Services|2026-05-27|Nascent|PUMP,PTEN,LBRT,HAL,ACDC
Inflammatory Disease & Immunology Biologics|2026-05-27|Mainstream|ORKA,DNTH,SYRE
Lithium & Battery Critical Minerals Mining|2026-05-27|Retired|
Network Security & Zero-Trust Edge|2026-05-27|Mainstream|DDOG,FTNT
Nitrogen Fertilizer & Ammonia Producers|2026-05-27|Fading|CLMT,CF
Nylon & Engineered Polymer Intermediates|2026-05-27|Retired|
Oil Refiners & Downstream Fuel Processing|2026-05-27|Retired|
Optical Components & Transceiver Manufacturers|2026-05-27|Mainstream|CIEN,POET,AXTI,VIAV,GLW,LASR
Permian Basin Pure-Play E&P|2026-05-27|Retired|
Physical AI & Robotics|2026-05-27|Fading|IRBT,HYLN
Power Semiconductor & Mixed-Signal Display Drivers|2026-05-27|Mainstream|AOSL,HIMX,SYNA,NVTS
Precious & Streaming Metals Royalty & Junior Miners|2026-05-27|Fading|AUGO,SSRM
Precision Frequency & Timing Defense Electronics|2026-05-27|Accelerating|FEIM,ECOR
Primary Aluminum Smelting & Rolling|2026-05-27|Accelerating|CSTM,CENX,AA
Pure-Play Hydraulic Fracturing & Completion Services|2026-05-27|Retired|
Rare Earth Magnets & Critical Battery Materials|2026-05-27|Retired|
Robo-Advisor & AI-Driven Wealth Management Platforms|2026-05-27|Fading|WLTH,LIFE
Satellite Imagery & Geospatial Intelligence|2026-05-27|Mainstream|BKSY,SATL,PL,SPIR
Semiconductor Burn-In & Final-Test Equipment Pure-Play|2026-05-27|Fading|TER,ONTO
Semiconductor Probe Card & Front-End Test Equipment|2026-05-27|Retired|
Semiconductor Wafer Foundry & Advanced IC Manufacturing|2026-05-27|Mainstream|KLAC,FORM,TSEM,PLAB,ACMR,GFS,AMAT,AEHR,UMC,UCTT,ATOM
Silicon Carbide Power Semiconductors & EV Infrastructure|2026-05-27|Mainstream|WOLF,STM
Single-Cell Genomics & Spatial Biology Instrumentation|2026-05-27|Fading|INKT,TXG
U.S. Shale & Onshore E&P|2026-05-27|Nascent|VG,SOC,BATL,COP,SM,EOG,GTE,WDS,CRGY,CHRD,OXY,PBR,VIST,E,CVX,OVV,ANNA,XOM,TALO,EQNR,APA,FANG
Workforce Solutions & Technical Staffing Services|2026-05-27|Fading|KELYB,RCMT
Agricultural Commodities & Agri-Business|2026-05-28|Fading|AGRO,DAR
AI Datacenter Optical Transceivers & Components|2026-05-28|Mainstream|MXL,AAOI,COHR,LITE
AI Data Center Power Infrastructure|2026-05-28|Fading|VRT,FCEL,AGX,BE,GEV,PWR
AI Memory & Storage|2026-05-28|Mainstream|MRAM,SNDK,SIMO,MU,STX,WDC
Autonomous Military Drone Swarm & AI Defense Software|2026-05-28|Retired|
Cell & Genome Engineering Oncology|2026-05-28|Fading|VOR,ARCT
Consumer Discretionary Home Furnishings Rebound|2026-05-28|Fading|SEAT,LOVE
Crypto Asset Recovery|2026-05-28|Mainstream|RIOT,HUT
Custom AI Silicon & Chip Architecture Licensing|2026-05-28|Mainstream|INTC,ALAB,CEVA,ARM,MRVL,AIP,AMD,QUIK
Cybersecurity Network Edge & SD-WAN|2026-05-28|Retired|
Defense Electronics & Avionics Mission Systems|2026-05-28|Retired|
Edge CDN & Cloud-Native Developer Platforms|2026-05-28|Fading|FSLY,DOCN
Edge Cloud & Developer CDN Platforms|2026-05-28|Retired|
Enterprise Server & AI Infrastructure Hardware|2026-05-28|Fading|TEN,CVE
Firearms & Personal Defense Manufacturing|2026-05-28|Fading|LINC,SWBI
Gold & Precious Metals Mining|2026-05-28|Fading|AU,ORLA
Gold & Silver Junior Miners Momentum|2026-05-28|Fading|HYMC,VMET
Hemp & Cannabis-Derived Wellness Beverages|2026-05-28|Fading|RYM,MLEC
Hydraulic Fracturing & Completion Services|2026-05-28|Retired|
Inflammatory Disease & Immunology Biologics|2026-05-28|Mainstream|DNTH,ORKA,SYRE
Lithium & Battery Critical Minerals Mining|2026-05-28|Fading|SGML,BMM
Network Security & Zero-Trust Edge|2026-05-28|Mainstream|DDOG,FTNT
Nitrogen Fertilizer & Ammonia Producers|2026-05-28|Retired|
Nitrogen Fertilizer & Crop Nutrient Producers|2026-05-28|Fading|CF,CLMT
Nylon & Engineered Polymer Intermediates|2026-05-28|Fading|ASIX,CC
Oil Refiners & Downstream Fuel Processing|2026-05-28|Retired|
Optical Components & Transceiver Manufacturers|2026-05-28|Mainstream|LASR,VIAV,POET,AXTI,GLW,CIEN
Permian Basin Pure-Play E&P|2026-05-28|Retired|
Physical AI & Robotics|2026-05-28|Retired|
Power Semiconductor & Mixed-Signal Display Drivers|2026-05-28|Mainstream|AOSL,NVTS,SYNA,HIMX
Precious & Streaming Metals Royalty & Junior Miners|2026-05-28|Retired|
Precision Frequency & Timing Defense Electronics|2026-05-28|Accelerating|ECOR,FEIM
Primary Aluminum Smelting & Rolling|2026-05-28|Accelerating|CSTM,CENX,AA
Pure-Play Hydraulic Fracturing & Completion Services|2026-05-28|Retired|
Rare Earth Magnets & Critical Battery Materials|2026-05-28|Retired|
Robo-Advisor & AI-Driven Wealth Management Platforms|2026-05-28|Fading|WLTH,LIFE
Satellite Imagery & Geospatial Intelligence|2026-05-28|Mainstream|SATL,PL,SPIR,BKSY
Semiconductor Burn-In & Final-Test Equipment Pure-Play|2026-05-28|Retired|
Semiconductor Capital Equipment|2026-05-28|Fading|ONTO,TER
Semiconductor Wafer Foundry & Advanced IC Manufacturing|2026-05-28|Mainstream|TSEM,ACMR,AMAT,UCTT,AEHR,GFS,KLAC,FORM,ATOM,UMC
Silicon Carbide Power Semiconductors & EV Infrastructure|2026-05-28|Mainstream|STM,WOLF
Single-Cell Genomics & Spatial Biology Instrumentation|2026-05-28|Fading|TXG,INKT
U.S. Shale & Onshore E&P|2026-05-28|Fading|CHRD,EQNR,BATL,WDS,OXY,E,PUMP,FANG,CVX,TALO,EOG,XOM,APA,LBRT,VIST,ANNA,HAL,VG,COP,SOC,SM,PTEN
Workforce Solutions & Technical Staffing Services|2026-05-28|Fading|KELYB,RCMT
Agricultural Commodities & Agri-Business|2026-05-29|Fading|AGRO,DAR
AI Datacenter Optical Transceivers & Components|2026-05-29|Mainstream|AAOI,LITE,MXL,COHR
AI Data Center Power Infrastructure|2026-05-29|Fading|BE,AGX,VRT,GEV,PWR,FCEL
AI Memory & Storage|2026-05-29|Nascent|MU,MRAM,SNDK,STX,WDC,SIMO
Autonomous Military Drone Swarm & AI Defense Software|2026-05-29|Fading|KYTX,SWMR
Cell & Genome Engineering Oncology|2026-05-29|Fading|VOR,ARCT
Consumer Discretionary Home Furnishings Rebound|2026-05-29|Fading|SEAT,LOVE
Crypto Asset Recovery|2026-05-29|Mainstream|RIOT,HUT
Custom AI Silicon & Chip Architecture Licensing|2026-05-29|Mainstream|ALAB,INTC,QUIK,ARM,MRVL,CEVA,AMD,AIP
Cybersecurity Network Edge & SD-WAN|2026-05-29|Retired|
Defense Electronics & Avionics Mission Systems|2026-05-29|Fading|ISSC,KTOS
Edge CDN & Cloud-Native Developer Platforms|2026-05-29|Retired|
Edge Cloud & Developer CDN Platforms|2026-05-29|Fading|DOCN,FSLY
Enterprise Server & AI Infrastructure Hardware|2026-05-29|Fading|TEN,CVE
Firearms & Personal Defense Manufacturing|2026-05-29|Fading|SWBI,LINC
Gold & Precious Metals Mining|2026-05-29|Retired|
Gold & Silver Junior Miners Momentum|2026-05-29|Fading|HYMC,VMET
Hemp & Cannabis-Derived Wellness Beverages|2026-05-29|Fading|RYM,MLEC
Hydraulic Fracturing & Completion Services|2026-05-29|Retired|
Inflammatory Disease & Immunology Biologics|2026-05-29|Mainstream|DNTH,SYRE,ORKA
Lithium & Battery Critical Minerals Mining|2026-05-29|Fading|SGML,BMM
Network Security & Zero-Trust Edge|2026-05-29|Nascent|DDOG,FTNT
Nitrogen Fertilizer & Ammonia Producers|2026-05-29|Fading|CLMT,CF
Nitrogen Fertilizer & Crop Nutrient Producers|2026-05-29|Retired|
Nylon & Engineered Polymer Intermediates|2026-05-29|Fading|ASIX,CC
Optical Components & Transceiver Manufacturers|2026-05-29|Mainstream|VIAV,CIEN,AXTI,GLW,POET,LASR
Permian Basin Pure-Play E&P|2026-05-29|Retired|
Physical AI & Robotics|2026-05-29|Fading|IRBT,HYLN
Power Semiconductor & Mixed-Signal Display Drivers|2026-05-29|Mainstream|SYNA,NVTS,AOSL,HIMX
Precious & Streaming Metals Royalty & Junior Miners|2026-05-29|Fading|AUGO,SSRM
Precision Frequency & Timing Defense Electronics|2026-05-29|Accelerating|ECOR,FEIM
Pure-Play Frac & Completion Pressure Pumping Services|2026-05-29|Nascent|HAL,LBRT,PTEN,PUMP
Pure-Play Hydraulic Fracturing & Completion Services|2026-05-29|Nascent|ANNA,CHRD,OVV,VIST,XOM,CVX,EOG,APA,TALO,SM,WDS,E,OXY,BATL,COP,FANG,SOC
Rare Earth Magnets & Critical Battery Materials|2026-05-29|Accelerating|AA,CSTM,CENX
Robo-Advisor & AI-Driven Wealth Management Platforms|2026-05-29|Fading|WLTH,LIFE
Satellite Imagery & Geospatial Intelligence|2026-05-29|Mainstream|BKSY,SATL,PL,SPIR
Semiconductor Burn-In & Final-Test Equipment Pure-Play|2026-05-29|Retired|
Semiconductor Capital Equipment|2026-05-29|Retired|
Semiconductor Probe Card & Front-End Test Equipment|2026-05-29|Fading|TER,ONTO
Semiconductor Wafer Foundry & Advanced IC Manufacturing|2026-05-29|Mainstream|UCTT,FORM,AEHR,ACMR,GFS,ATOM,TSEM,UMC,AMAT,KLAC
Silicon Carbide Power Semiconductors & EV Infrastructure|2026-05-29|Mainstream|WOLF,STM
Single-Cell Genomics & Spatial Biology Instrumentation|2026-05-29|Accelerating|INKT,TXG
U.S. Shale & Onshore E&P|2026-05-29|Retired|
Workforce Solutions & Technical Staffing Services|2026-05-29|Fading|KELYB,RCMT
Agricultural Commodities & Agri-Business|2026-06-01|Fading|AGRO,DAR
AI Datacenter Optical Transceivers & Components|2026-06-01|Fading|LITE,MXL,AAOI,COHR
AI Data Center Power Infrastructure|2026-06-01|Fading|GEV,VRT,BE,PWR,AGX,FCEL,FPS
AI Memory & Storage|2026-06-01|Nascent|SIMO,MRAM,WDC,STX,SNDK,MU
Autonomous Military Drone Swarm & AI Defense Software|2026-06-01|Fading|KYTX,SWMR
Cell & Genome Engineering Oncology|2026-06-01|Retired|
Consumer Discretionary Home Furnishings Rebound|2026-06-01|Fading|SEAT,LOVE
Crypto Asset Recovery|2026-06-01|Mainstream|HUT,RIOT
Custom AI Silicon & Chip Architecture Licensing|2026-06-01|Mainstream|INTC,MRVL,QUIK,AIP,AMD,CEVA,ALAB,ARM
Cybersecurity Network Edge & SD-WAN|2026-06-01|Retired|
Defense Electronics & Avionics Mission Systems|2026-06-01|Fading|ISSC,KTOS,AVEX
Edge CDN & Cloud-Native Developer Platforms|2026-06-01|Fading|FSLY,DOCN
Edge Cloud & Developer CDN Platforms|2026-06-01|Retired|
Enterprise Server & AI Infrastructure Hardware|2026-06-01|Fading|TEN,CVE
Firearms & Personal Defense Manufacturing|2026-06-01|Fading|SWBI,LINC
Gold & Precious Metals Mining|2026-06-01|Fading|AU,ORLA
Gold & Silver Junior Miners Momentum|2026-06-01|Retired|
Hemp & Cannabis-Derived Wellness Beverages|2026-06-01|Retired|
Hydraulic Fracturing & Completion Services|2026-06-01|Retired|
Inflammatory Disease & Immunology Biologics|2026-06-01|Mainstream|DNTH,SYRE,ORKA
Lithium & Battery Critical Minerals Mining|2026-06-01|Fading|SGML,BMM
Network Security & Zero-Trust Edge|2026-06-01|Nascent|DDOG,PANW,CRWD,FTNT,GRRR
Nitrogen Fertilizer & Ammonia Producers|2026-06-01|Retired|
Nitrogen Fertilizer & Crop Nutrient Producers|2026-06-01|Fading|CLMT,CF
Nylon & Engineered Polymer Intermediates|2026-06-01|Fading|ASIX,CC
Optical Components & Transceiver Manufacturers|2026-06-01|Fading|POET,CIEN,VIAV,AXTI,LASR,GLW,OPTX
Physical AI & Robotics|2026-06-01|Fading|IRBT,HYLN
Power Semiconductor & Mixed-Signal Display Drivers|2026-06-01|Mainstream|SYNA,NVTS,AOSL,HIMX
Precious & Streaming Metals Royalty & Junior Miners|2026-06-01|Fading|AUGO,SSRM
Precision Frequency & Timing Defense Electronics|2026-06-01|Accelerating|FEIM,ECOR
Primary Aluminum Smelting & Rolling|2026-06-01|Accelerating|CENX,CSTM,AA
Pure-Play Frac & Completion Pressure Pumping Services|2026-06-01|Retired|
Pure-Play Hydraulic Fracturing & Completion Services|2026-06-01|Fading|HAL,WDS,PTEN,ACDC,ANNA,OVV,PUMP
Rare Earth Magnets & Critical Battery Materials|2026-06-01|Retired|
Robo-Advisor & AI-Driven Wealth Management Platforms|2026-06-01|Retired|
Satellite Imagery & Geospatial Intelligence|2026-06-01|Mainstream|SPIR,PL,SATL,BKSY
Semiconductor Burn-In & Final-Test Equipment Pure-Play|2026-06-01|Fading|TER,ONTO
Semiconductor Capital Equipment|2026-06-01|Retired|
Semiconductor Probe Card & Front-End Test Equipment|2026-06-01|Retired|
Semiconductor Wafer Foundry & Advanced IC Manufacturing|2026-06-01|Nascent|UCTT,UMC,AEHR,ACMR,AMAT,GFS,KLAC,FORM,ATOM,TSEM
Silicon Carbide Power Semiconductors & EV Infrastructure|2026-06-01|Mainstream|WOLF,STM
Single-Cell Genomics & Spatial Biology Instrumentation|2026-06-01|Accelerating|INKT,TXG
U.S. Shale & Onshore E&P|2026-06-01|Fading|CVX,SOC,APA,XOM,COP,BATL,EOG,PTEN,PUMP,CHRD,E,SM,FANG,OXY,VIST,TALO,HAL
Workforce Solutions & Technical Staffing Services|2026-06-01|Retired|
Agricultural Commodities & Agri-Business|2026-06-02|Fading|AGRO,DAR
AI Datacenter Optical Transceivers & Components|2026-06-02|Mainstream|COHR,AAOI,MXL,LITE
AI Data Center Power Infrastructure|2026-06-02|Nascent|VRT,AGX,FPS,GEV,PWR,BE,FCEL
AI Memory & Storage|2026-06-02|Mainstream|MU,WDC,SIMO,SNDK,MRAM,STX
Autonomous Military Drone Swarm & AI Defense Software|2026-06-02|Fading|KYTX,SWMR
Cell & Genome Engineering Oncology|2026-06-02|Fading|VOR,ARCT
Consumer Discretionary Home Furnishings Rebound|2026-06-02|Fading|SEAT,LOVE
Crypto Asset Recovery|2026-06-02|Mainstream|HUT,RIOT
Custom AI Silicon & Chip Architecture Licensing|2026-06-02|Mainstream|CEVA,AMD,ALAB,MRVL,INTC,ARM,AIP,QUIK
Cybersecurity Network Edge & SD-WAN|2026-06-02|Mainstream|FTNT,DDOG
Defense Electronics & Avionics Mission Systems|2026-06-02|Fading|KTOS,AVEX
Edge CDN & Cloud-Native Developer Platforms|2026-06-02|Retired|
Edge Cloud & Developer CDN Platforms|2026-06-02|Fading|DOCN,FSLY
Enterprise Server & AI Infrastructure Hardware|2026-06-02|Retired|
Firearms & Personal Defense Manufacturing|2026-06-02|Retired|
Gold & Precious Metals Mining|2026-06-02|Fading|AU,ORLA
Gold & Silver Junior Miners Momentum|2026-06-02|Fading|HYMC,VMET
Hemp & Cannabis-Derived Wellness Beverages|2026-06-02|Fading|RYM,MLEC
Hydraulic Fracturing & Completion Services|2026-06-02|Nascent|PTEN,LBRT,PUMP,ACDC,OVV,ANNA,HAL,WDS
Inflammatory Disease & Immunology Biologics|2026-06-02|Fading|DNTH,SYRE,ORKA
Lithium & Battery Critical Minerals Mining|2026-06-02|Fading|SGML,BMM
Network Security & Zero-Trust Edge|2026-06-02|Nascent|DDOG,FTNT,PANW,GRRR,CRWD
Nitrogen Fertilizer & Ammonia Producers|2026-06-02|Retired|
Nitrogen Fertilizer & Crop Nutrient Producers|2026-06-02|Fading|CLMT,CF
Nylon & Engineered Polymer Intermediates|2026-06-02|Fading|ASIX,CC
Optical Components & Transceiver Manufacturers|2026-06-02|Mainstream|LASR,CIEN,GLW,VIAV,POET,OPTX,AXTI
Physical AI & Robotics|2026-06-02|Fading|IRBT,HYLN
Power Semiconductor & Mixed-Signal Display Drivers|2026-06-02|Mainstream|NVTS,HIMX,AOSL,SYNA
Precious & Streaming Metals Royalty & Junior Miners|2026-06-02|Fading|AUGO,SSRM
Precision Frequency & Timing Defense Electronics|2026-06-02|Mainstream|ECOR,FEIM
Primary Aluminum Smelting & Rolling|2026-06-02|Accelerating|CSTM,CENX,AA
Pure-Play Frac & Completion Pressure Pumping Services|2026-06-02|Retired|
Pure-Play Hydraulic Fracturing & Completion Services|2026-06-02|Retired|
Rare Earth Magnets & Critical Battery Materials|2026-06-02|Retired|
Robo-Advisor & AI-Driven Wealth Management Platforms|2026-06-02|Fading|WLTH,LIFE
Satellite Imagery & Geospatial Intelligence|2026-06-02|Mainstream|BKSY,SPIR,PL
Semiconductor Burn-In & Final-Test Equipment Pure-Play|2026-06-02|Retired|
Semiconductor Capital Equipment|2026-06-02|Retired|
Semiconductor Probe Card & Front-End Test Equipment|2026-06-02|Fading|TER,ONTO
Semiconductor Wafer Foundry & Advanced IC Manufacturing|2026-06-02|Nascent|ATOM,FORM,GFS,ACMR,TSEM,AEHR,KLAC,UCTT,AMAT,UMC
Silicon Carbide Power Semiconductors & EV Infrastructure|2026-06-02|Mainstream|STM,WOLF
Single-Cell Genomics & Spatial Biology Instrumentation|2026-06-02|Fading|INKT,TXG
U.S. Shale & Onshore E&P|2026-06-02|Fading|CHRD,PTEN,OXY,BATL,COP,EOG,FANG,E,HAL,SM,XOM,VIST,CVX,PUMP,APA,SOC,TALO
Workforce Solutions & Technical Staffing Services|2026-06-02|Fading|KELYB,RCMT
Agricultural Commodities & Agri-Business|2026-06-03|Fading|AGRO,DAR
AI Datacenter Optical Transceivers & Components|2026-06-03|Mainstream|MXL,COHR,AAOI,LITE
AI Data Center Power Infrastructure|2026-06-03|Mainstream|FCEL,AGX,BE,VRT,PWR,GEV,FPS
AI Memory & Storage|2026-06-03|Mainstream|MRAM,MU,WDC,SIMO,SNDK,STX
Autonomous Military Drone Swarm & AI Defense Software|2026-06-03|Fading|KYTX,SWMR
Cell & Genome Engineering Oncology|2026-06-03|Fading|VOR,ARCT
Consumer Discretionary Home Furnishings Rebound|2026-06-03|Fading|SEAT,LOVE
Crypto Asset Recovery|2026-06-03|Mainstream|RIOT,HUT
Custom AI Silicon & Chip Architecture Licensing|2026-06-03|Mainstream|AIP,ARM,INTC,MRVL,CEVA,QUIK,ALAB,AMD
Cybersecurity Network Edge & SD-WAN|2026-06-03|Accelerating|FTNT,DDOG
Defense Electronics & Avionics Mission Systems|2026-06-03|Fading|KTOS,AVEX
Edge CDN & Cloud-Native Developer Platforms|2026-06-03|Retired|
Edge Cloud & Developer CDN Platforms|2026-06-03|Accelerating|DOCN,FSLY
Enterprise Server & AI Infrastructure Hardware|2026-06-03|Fading|TEN,CVE
Firearms & Personal Defense Manufacturing|2026-06-03|Fading|SWBI,LINC
Gold & Precious Metals Mining|2026-06-03|Fading|AU,ORLA
Gold & Silver Junior Miners Momentum|2026-06-03|Fading|HYMC,VMET
Hemp & Cannabis-Derived Wellness Beverages|2026-06-03|Fading|RYM,MLEC
Hydraulic Fracturing & Completion Services|2026-06-03|Accelerating|LBRT,ACDC
Inflammatory Disease & Immunology Biologics|2026-06-03|Mainstream|SYRE,DNTH,ORKA
Lithium & Battery Critical Minerals Mining|2026-06-03|Fading|SGML,BMM
Network Security & Zero-Trust Edge|2026-06-03|Mainstream|PANW,CRWD,FTNT,GRRR,DDOG
Nitrogen Fertilizer & Ammonia Producers|2026-06-03|Fading|CLMT,CF
Nitrogen Fertilizer & Crop Nutrient Producers|2026-06-03|Retired|
Nylon & Engineered Polymer Intermediates|2026-06-03|Fading|ASIX,CC
Optical Components & Transceiver Manufacturers|2026-06-03|Mainstream|GLW,AXTI,OPTX,LASR,VIAV,CIEN
Physical AI & Robotics|2026-06-03|Fading|IRBT,HYLN
Power Semiconductor & Mixed-Signal Display Drivers|2026-06-03|Mainstream|HIMX,AOSL,SYNA,NVTS
Precious & Streaming Metals Royalty & Junior Miners|2026-06-03|Fading|AUGO,SSRM
Precision Frequency & Timing Defense Electronics|2026-06-03|Mainstream|ECOR,FEIM
Primary Aluminum Smelting & Rolling|2026-06-03|Accelerating|AA,CENX,CSTM
Pure-Play Frac & Completion Pressure Pumping Services|2026-06-03|Retired|
Pure-Play Hydraulic Fracturing & Completion Services|2026-06-03|Fading|HAL,TALO,PUMP,APA,FANG,OXY,PTEN,CHRD,E,COP,EOG,BATL,SM,XOM,CVX
Rare Earth Magnets & Critical Battery Materials|2026-06-03|Retired|
Robo-Advisor & AI-Driven Wealth Management Platforms|2026-06-03|Fading|WLTH,LIFE
Satellite Imagery & Geospatial Intelligence|2026-06-03|Mainstream|SPIR,BKSY,PL
Semiconductor Burn-In & Final-Test Equipment Pure-Play|2026-06-03|Retired|
Semiconductor Capital Equipment|2026-06-03|Retired|
Semiconductor Probe Card & Front-End Test Equipment|2026-06-03|Accelerating|ONTO,TER
Semiconductor Wafer Foundry & Advanced IC Manufacturing|2026-06-03|Mainstream|FORM,AMAT,UMC,AEHR,KLAC,UCTT,ACMR,ATOM,GFS,TSEM
Silicon Carbide Power Semiconductors & EV Infrastructure|2026-06-03|Mainstream|WOLF,STM
Single-Cell Genomics & Spatial Biology Instrumentation|2026-06-03|Accelerating|INKT,TXG
U.S. Shale & Onshore E&P|2026-06-03|Retired|
Workforce Solutions & Technical Staffing Services|2026-06-03|Fading|KELYB,RCMT
Agricultural Commodities & Agri-Business|2026-06-04|Retired|
AI Datacenter Optical Transceivers & Components|2026-06-04|Mainstream|COHR,MXL,AAOI,LITE
AI Data Center Power Infrastructure|2026-06-04|Mainstream|AGX,BE,FPS,VRT,FCEL,GEV,PWR
AI Memory & Storage|2026-06-04|Mainstream|MU,SNDK,WDC,SIMO,STX,MRAM
Autonomous Military Drone Swarm & AI Defense Software|2026-06-04|Fading|KYTX,SWMR
Cell & Genome Engineering Oncology|2026-06-04|Fading|VOR,ARCT
Consumer Discretionary Home Furnishings Rebound|2026-06-04|Retired|
Crypto Asset Recovery|2026-06-04|Mainstream|RIOT,HUT
Custom AI Silicon & Chip Architecture Licensing|2026-06-04|Mainstream|AMD,ALAB,ARM,AIP,INTC,QUIK,MRVL,CEVA
Cybersecurity Network Edge & SD-WAN|2026-06-04|Accelerating|DDOG,FTNT
Defense Electronics & Avionics Mission Systems|2026-06-04|Fading|KTOS,AVEX
Edge CDN & Cloud-Native Developer Platforms|2026-06-04|Retired|
Edge Cloud & Developer CDN Platforms|2026-06-04|Accelerating|FSLY,DOCN
Enterprise Server & AI Infrastructure Hardware|2026-06-04|Fading|TEN,CVE
Firearms & Personal Defense Manufacturing|2026-06-04|Fading|SWBI,LINC
Gold & Precious Metals Mining|2026-06-04|Fading|AU,ORLA
Gold & Silver Junior Miners Momentum|2026-06-04|Fading|HYMC,VMET
Hemp & Cannabis-Derived Wellness Beverages|2026-06-04|Fading|RYM,MLEC
Hydraulic Fracturing & Completion Services|2026-06-04|Retired|
Inflammatory Disease & Immunology Biologics|2026-06-04|Mainstream|DNTH,SYRE,ORKA
Lithium & Battery Critical Minerals Mining|2026-06-04|Retired|
Network Security & Zero-Trust Edge|2026-06-04|Mainstream|PANW,GRRR,FTNT,CRWD,DDOG
Nitrogen Fertilizer & Ammonia Producers|2026-06-04|Retired|
Nitrogen Fertilizer & Crop Nutrient Producers|2026-06-04|Fading|CF,CLMT
Nylon & Engineered Polymer Intermediates|2026-06-04|Retired|
Optical Components & Transceiver Manufacturers|2026-06-04|Mainstream|VIAV,AXTI,OPTX,GLW,CIEN,LASR
Physical AI & Robotics|2026-06-04|Fading|IRBT,HYLN
Power Semiconductor & Mixed-Signal Display Drivers|2026-06-04|Mainstream|HIMX,SYNA,NVTS,AOSL
Precious & Streaming Metals Royalty & Junior Miners|2026-06-04|Fading|AUGO,SSRM
Precision Frequency & Timing Defense Electronics|2026-06-04|Mainstream|ECOR,FEIM
Primary Aluminum Smelting & Rolling|2026-06-04|Accelerating|CENX,AA,CSTM
Pure-Play Frac & Completion Pressure Pumping Services|2026-06-04|Retired|
Pure-Play Hydraulic Fracturing & Completion Services|2026-06-04|Retired|
Rare Earth Magnets & Critical Battery Materials|2026-06-04|Retired|
Robo-Advisor & AI-Driven Wealth Management Platforms|2026-06-04|Fading|WLTH,LIFE
Satellite Imagery & Geospatial Intelligence|2026-06-04|Mainstream|SPIR,PL,BKSY
Semiconductor Burn-In & Final-Test Equipment Pure-Play|2026-06-04|Retired|
Semiconductor Capital Equipment|2026-06-04|Retired|
Semiconductor Probe Card & Front-End Test Equipment|2026-06-04|Accelerating|ONTO,TER
Semiconductor Wafer Foundry & Advanced IC Manufacturing|2026-06-04|Mainstream|GFS,ACMR,FORM,AMAT,KLAC,UCTT,TSEM,AEHR,UMC,ATOM
Silicon Carbide Power Semiconductors & EV Infrastructure|2026-06-04|Mainstream|WOLF,STM
Single-Cell Genomics & Spatial Biology Instrumentation|2026-06-04|Mainstream|TXG,INKT
U.S. Shale & Onshore E&P|2026-06-04|Fading|EOG,PUMP,XOM,CHRD,HAL,SM,OXY,COP,APA,E,PTEN,BATL,LBRT,FANG,TALO,CVX,ACDC
Workforce Solutions & Technical Staffing Services|2026-06-04|Fading|KELYB,RCMT
Agricultural Commodities & Agri-Business|2026-06-05|Fading|AGRO,DAR
AI Datacenter Optical Transceivers & Components|2026-06-05|Mainstream|MXL,COHR,LITE,AAOI
AI Data Center Power Infrastructure|2026-06-05|Fading|PWR,FCEL,GEV,BE,FPS,AGX,VRT
AI Memory & Storage|2026-06-05|Mainstream|MRAM,WDC,STX,MU,SNDK,SIMO
Autonomous Military Drone Swarm & AI Defense Software|2026-06-05|Fading|KYTX,SWMR
Cell & Genome Engineering Oncology|2026-06-05|Fading|VOR,ARCT
Consumer Discretionary Home Furnishings Rebound|2026-06-05|Fading|SEAT,LOVE
Crypto Asset Recovery|2026-06-05|Mainstream|RIOT,HUT
Custom AI Silicon & Chip Architecture Licensing|2026-06-05|Mainstream|CRDO,AMD,CEVA,ALAB,INTC,QUIK,MRVL,AIP,ARM
Cybersecurity Network Edge & SD-WAN|2026-06-05|Accelerating|FTNT,DDOG
Defense Electronics & Avionics Mission Systems|2026-06-05|Fading|KTOS,AVEX
Edge CDN & Cloud-Native Developer Platforms|2026-06-05|Retired|
Edge Cloud & Developer CDN Platforms|2026-06-05|Accelerating|DOCN,FSLY
Enterprise Server & AI Infrastructure Hardware|2026-06-05|Fading|TEN,CVE
Firearms & Personal Defense Manufacturing|2026-06-05|Fading|SWBI,LINC
Gold & Precious Metals Mining|2026-06-05|Retired|
Gold & Silver Junior Miners Momentum|2026-06-05|Fading|HYMC,VMET
Hemp & Cannabis-Derived Wellness Beverages|2026-06-05|Fading|RYM,MLEC
Hydraulic Fracturing & Completion Services|2026-06-05|Retired|
Inflammatory Disease & Immunology Biologics|2026-06-05|Fading|DNTH,SYRE,ORKA
Lithium & Battery Critical Minerals Mining|2026-06-05|Fading|SGML,BMM
Network Security & Zero-Trust Edge|2026-06-05|Nascent|CRWD,OKTA,FTNT,DDOG,PANW,GRRR
Nitrogen Fertilizer & Ammonia Producers|2026-06-05|Retired|
Nitrogen Fertilizer & Crop Nutrient Producers|2026-06-05|Fading|CLMT,CF
Nylon & Engineered Polymer Intermediates|2026-06-05|Fading|ASIX,CC
Optical Components & Transceiver Manufacturers|2026-06-05|Fading|VIAV,AXTI,CIEN,GLW,LASR,OPTX
Physical AI & Robotics|2026-06-05|Fading|IRBT,HYLN
Power Semiconductor & Mixed-Signal Display Drivers|2026-06-05|Fading|SYNA,HIMX,NVTS,AOSL
Precious & Streaming Metals Royalty & Junior Miners|2026-06-05|Fading|AUGO,SSRM
Precision Frequency & Timing Defense Electronics|2026-06-05|Mainstream|FEIM,ECOR
Primary Aluminum Smelting & Rolling|2026-06-05|Retired|
Pure-Play Frac & Completion Pressure Pumping Services|2026-06-05|Retired|
Pure-Play Hydraulic Fracturing & Completion Services|2026-06-05|Retired|
Rare Earth Magnets & Critical Battery Materials|2026-06-05|Accelerating|AA,ALOY,CENX,CSTM
Robo-Advisor & AI-Driven Wealth Management Platforms|2026-06-05|Fading|WLTH,LIFE
Satellite Imagery & Geospatial Intelligence|2026-06-05|Fading|SPIR,BKSY
Semiconductor Burn-In & Final-Test Equipment Pure-Play|2026-06-05|Retired|
Semiconductor Probe Card & Front-End Test Equipment|2026-06-05|Fading|TER,ONTO
Semiconductor Wafer Foundry & Advanced IC Manufacturing|2026-06-05|Mainstream|KLAC,ATOM,UMC,AEHR,UCTT,TSEM,AMAT,ACMR,FORM,GFS
Silicon Carbide Power Semiconductors & EV Infrastructure|2026-06-05|Mainstream|STM,WOLF
Single-Cell Genomics & Spatial Biology Instrumentation|2026-06-05|Retired|
U.S. Shale & Onshore E&P|2026-06-05|Fading|EOG,CHRD,PUMP,OXY,APA,FANG,COP,LBRT,BATL,PTEN,ACDC,SM,HAL
Workforce Solutions & Technical Staffing Services|2026-06-05|Accelerating|RCMT,KELYB
Agricultural Commodities & Agri-Business|2026-06-08|Fading|AGRO,DAR
AI Datacenter Optical Transceivers & Components|2026-06-08|Mainstream|MXL,AAOI,LITE,COHR
AI Data Center Power Infrastructure|2026-06-08|Fading|FCEL,VRT,AGX,PWR,BE,GEV
AI Memory & Storage|2026-06-08|Mainstream|STX,WDC,SNDK,MRAM,SIMO,MU
Autonomous Military Drone Swarm & AI Defense Software|2026-06-08|Retired|
Cell & Genome Engineering Oncology|2026-06-08|Fading|VOR,ARCT
Consumer Discretionary Home Furnishings Rebound|2026-06-08|Fading|SEAT,LOVE
Crypto Asset Recovery|2026-06-08|Mainstream|RIOT,HUT,WULF
Custom AI Silicon & Chip Architecture Licensing|2026-06-08|Mainstream|ARM,CRDO,AMD,QUIK,CEVA,MRVL,ALAB,AIP,INTC
Cybersecurity Network Edge & SD-WAN|2026-06-08|Retired|
Defense Electronics & Avionics Mission Systems|2026-06-08|Retired|
Edge CDN & Cloud-Native Developer Platforms|2026-06-08|Retired|
Edge Cloud & Developer CDN Platforms|2026-06-08|Accelerating|FSLY,DOCN
Enterprise Server & AI Infrastructure Hardware|2026-06-08|Fading|TEN,CVE
Firearms & Personal Defense Manufacturing|2026-06-08|Fading|SWBI,LINC
Gold & Precious Metals Mining|2026-06-08|Fading|AU,ORLA
Gold & Silver Junior Miners Momentum|2026-06-08|Fading|HYMC,VMET
Hemp & Cannabis-Derived Wellness Beverages|2026-06-08|Fading|RYM,MLEC
Hydraulic Fracturing & Completion Services|2026-06-08|Retired|
Inflammatory Disease & Immunology Biologics|2026-06-08|Fading|DNTH,SYRE,ORKA
Lithium & Battery Critical Minerals Mining|2026-06-08|Fading|SGML,BMM
Network Security & Zero-Trust Edge|2026-06-08|Mainstream|PANW,OKTA,DDOG,CRWD,GRRR,FTNT
Nitrogen Fertilizer & Ammonia Producers|2026-06-08|Fading|CF,CLMT
Nitrogen Fertilizer & Crop Nutrient Producers|2026-06-08|Retired|
Nylon & Engineered Polymer Intermediates|2026-06-08|Fading|ASIX,CC
Optical Components & Transceiver Manufacturers|2026-06-08|Fading|OPTX,AXTI,GLW,LASR,CIEN
Physical AI & Robotics|2026-06-08|Retired|
Power Semiconductor & Mixed-Signal Display Drivers|2026-06-08|Fading|NVTS,AOSL,HIMX
Precious & Streaming Metals Royalty & Junior Miners|2026-06-08|Retired|
Precision Frequency & Timing Defense Electronics|2026-06-08|Mainstream|FEIM,ECOR
Primary Aluminum Smelting & Rolling|2026-06-08|Retired|
Pure-Play Hydraulic Fracturing & Completion Services|2026-06-08|Retired|
Rare Earth Magnets & Critical Battery Materials|2026-06-08|Accelerating|CENX,CSTM,AA,ALOY
Robo-Advisor & AI-Driven Wealth Management Platforms|2026-06-08|Fading|WLTH,LIFE
Satellite Imagery & Geospatial Intelligence|2026-06-08|Fading|SPIR,BKSY
Semiconductor Burn-In & Final-Test Equipment Pure-Play|2026-06-08|Retired|
Semiconductor Probe Card & Front-End Test Equipment|2026-06-08|Fading|TER,ONTO
Semiconductor Wafer Foundry & Advanced IC Manufacturing|2026-06-08|Nascent|AMAT,KLAC,GFS,FORM,AEHR,UMC,UCTT,ACMR,TSEM,PDFS
Silicon Carbide Power Semiconductors & EV Infrastructure|2026-06-08|Mainstream|STM,WOLF
Single-Cell Genomics & Spatial Biology Instrumentation|2026-06-08|Retired|
U.S. Shale & Onshore E&P|2026-06-08|Fading|COP,ACDC,FANG,APA,SM,HAL,PTEN,EOG,LBRT,CHRD,BATL,PUMP,OXY
Workforce Solutions & Technical Staffing Services|2026-06-08|Fading|RCMT,KELYB
Agricultural Commodities & Agri-Business|2026-06-09|Fading|AGRO,DAR
AI Datacenter Optical Transceivers & Components|2026-06-09|Mainstream|MXL,COHR,LITE,AAOI
AI Data Center Power Infrastructure|2026-06-09|Mainstream|FCEL,PWR,BE,GEV,AGX,VRT
AI Memory & Storage|2026-06-09|Mainstream|SIMO,STX,WDC,SNDK,MRAM,MU
Autonomous Military Drone Swarm & AI Defense Software|2026-06-09|Fading|KYTX,SWMR
Cell & Genome Engineering Oncology|2026-06-09|Retired|
Consumer Discretionary Home Furnishings Rebound|2026-06-09|Fading|SEAT,LOVE
Crypto Asset Recovery|2026-06-09|Mainstream|RIOT,HUT,WULF
Custom AI Silicon & Chip Architecture Licensing|2026-06-09|Mainstream|CRDO,AIP,CEVA,ALAB,QUIK,INTC,ARM,MRVL,AMD
Cybersecurity Network Edge & SD-WAN|2026-06-09|Retired|
Defense Electronics & Avionics Mission Systems|2026-06-09|Fading|KTOS,AVEX
Edge CDN & Cloud-Native Developer Platforms|2026-06-09|Mainstream|FSLY,DOCN
Enterprise Server & AI Infrastructure Hardware|2026-06-09|Fading|TEN,CVE
Firearms & Personal Defense Manufacturing|2026-06-09|Fading|SWBI,LINC
Gold & Precious Metals Mining|2026-06-09|Fading|AU,ORLA
Gold & Silver Junior Miners Momentum|2026-06-09|Retired|
Hemp & Cannabis-Derived Wellness Beverages|2026-06-09|Retired|
Hydraulic Fracturing & Completion Services|2026-06-09|Fading|LBRT,ACDC
Inflammatory Disease & Immunology Biologics|2026-06-09|Accelerating|ORKA,DNTH,SYRE
Lithium & Battery Critical Minerals Mining|2026-06-09|Fading|SGML,BMM
Network Security & Zero-Trust Edge|2026-06-09|Mainstream|PANW,FTNT,DDOG,CRWD,GRRR,OKTA
Nitrogen Fertilizer & Ammonia Producers|2026-06-09|Fading|CLMT,CF
Nitrogen Fertilizer & Crop Nutrient Producers|2026-06-09|Retired|
Nylon & Engineered Polymer Intermediates|2026-06-09|Fading|ASIX,CC
Optical Components & Transceiver Manufacturers|2026-06-09|Fading|OPTX,AXTI,CIEN,GLW,LASR
Physical AI & Robotics|2026-06-09|Fading|IRBT,HYLN
Power Semiconductor & Mixed-Signal Display Drivers|2026-06-09|Fading|AOSL,NVTS,HIMX
Precious & Streaming Metals Royalty & Junior Miners|2026-06-09|Fading|AUGO,SSRM
Precision Frequency & Timing Defense Electronics|2026-06-09|Mainstream|ECOR,FEIM
Primary Aluminum Smelting & Rolling|2026-06-09|Retired|
Pure-Play Hydraulic Fracturing & Completion Services|2026-06-09|Fading|ACDC,HAL,PTEN,OXY,PUMP,EOG,SM,BATL,CHRD,FANG
Rare Earth Magnets & Critical Battery Materials|2026-06-09|Accelerating|AA,CENX,ALOY,CSTM
Robo-Advisor & AI-Driven Wealth Management Platforms|2026-06-09|Retired|
Satellite Imagery & Geospatial Intelligence|2026-06-09|Fading|SPIR,BKSY
Semiconductor Probe Card & Front-End Test Equipment|2026-06-09|Mainstream|TER,COHU
Semiconductor Wafer Foundry & Advanced IC Manufacturing|2026-06-09|Nascent|AMAT,GFS,ACMR,TSEM,UMC,UCTT,KLAC,FORM,AEHR,PDFS,VECO
Silicon Carbide Power Semiconductors & EV Infrastructure|2026-06-09|Mainstream|WOLF,STM
Single-Cell Genomics & Spatial Biology Instrumentation|2026-06-09|Retired|
U.S. Shale & Onshore E&P|2026-06-09|Retired|
Workforce Solutions & Technical Staffing Services|2026-06-09|Fading|RCMT,KELYB
Agricultural Commodities & Agri-Business|2026-06-10|Fading|AGRO,DAR
AI Datacenter Optical Transceivers & Components|2026-06-10|Mainstream|COHR,MXL,AAOI,LITE
AI Data Center Power Infrastructure|2026-06-10|Mainstream|PWR,VRT,BE,AGX,FCEL
AI Memory & Storage|2026-06-10|Mainstream|MRAM,MU,WDC,SNDK,STX,SIMO
Autonomous Military Drone Swarm & AI Defense Software|2026-06-10|Fading|KYTX,SWMR
Consumer Discretionary Home Furnishings Rebound|2026-06-10|Fading|SEAT,LOVE
Crypto Asset Recovery|2026-06-10|Fading|HUT,WULF,RIOT
Custom AI Silicon & Chip Architecture Licensing|2026-06-10|Mainstream|AIP,QUIK,AMD,CRDO,INTC,ARM,MRVL,ALAB,CEVA
Defense Electronics & Avionics Mission Systems|2026-06-10|Fading|KTOS,AVEX
Edge CDN & Cloud-Native Developer Platforms|2026-06-10|Retired|
Edge Cloud & Developer CDN Platforms|2026-06-10|Accelerating|FSLY,DOCN
Enterprise Server & AI Infrastructure Hardware|2026-06-10|Retired|
Firearms & Personal Defense Manufacturing|2026-06-10|Retired|
Gold & Precious Metals Mining|2026-06-10|Fading|AU,ORLA
Hydraulic Fracturing & Completion Services|2026-06-10|Retired|
Inflammatory Disease & Immunology Biologics|2026-06-10|Nascent|SYRE,ORKA,DNTH
Lithium & Battery Critical Minerals Mining|2026-06-10|Fading|SGML,BMM
Network Security & Zero-Trust Edge|2026-06-10|Mainstream|PANW,CRWD,GRRR,FTNT,OKTA
Nitrogen Fertilizer & Ammonia Producers|2026-06-10|Fading|CLMT,CF
Nylon & Engineered Polymer Intermediates|2026-06-10|Fading|ASIX,CC
Optical Components & Transceiver Manufacturers|2026-06-10|Fading|CIEN,GLW,AXTI,LASR,OPTX
Physical AI & Robotics|2026-06-10|Fading|IRBT,HYLN
Power Semiconductor & Mixed-Signal Display Drivers|2026-06-10|Fading|NVTS,AOSL,HIMX
Precious & Streaming Metals Royalty & Junior Miners|2026-06-10|Fading|AUGO,SSRM
Precision Frequency & Timing Defense Electronics|2026-06-10|Mainstream|FEIM,ECOR
Pure-Play Hydraulic Fracturing & Completion Services|2026-06-10|Accelerating|HAL,PTEN,ACDC,LBRT,PUMP
Rare Earth Magnets & Critical Battery Materials|2026-06-10|Accelerating|CENX,AA,ALOY,CSTM
Satellite Imagery & Geospatial Intelligence|2026-06-10|Fading|SPIR,BKSY
Semiconductor Probe Card & Front-End Test Equipment|2026-06-10|Fading|TER,COHU
Semiconductor Wafer Foundry & Advanced IC Manufacturing|2026-06-10|Mainstream|AMAT,UMC,KLAC,PDFS,GFS,FORM,UCTT,VECO,AEHR,ACMR,TSEM
Silicon Carbide Power Semiconductors & EV Infrastructure|2026-06-10|Mainstream|STM,WOLF
Workforce Solutions & Technical Staffing Services|2026-06-10|Fading|RCMT,KELYB
Agricultural Commodities & Agri-Business|2026-06-11|Fading|AGRO,DAR
AI Datacenter Optical Transceivers & Components|2026-06-11|Mainstream|COHR,MXL,AAOI,LITE
AI Data Center Power Infrastructure|2026-06-11|Mainstream|AGX,FCEL,BE,PWR,VRT
AI Memory & Storage|2026-06-11|Mainstream|MU,WDC,SNDK,STX,MRAM,SIMO
Autonomous Military Drone Swarm & AI Defense Software|2026-06-11|Fading|KYTX,SWMR
Consumer Discretionary Home Furnishings Rebound|2026-06-11|Fading|SEAT,LOVE
Crypto Asset Recovery|2026-06-11|Mainstream|HUT,RIOT,WULF
Custom AI Silicon & Chip Architecture Licensing|2026-06-11|Mainstream|CEVA,ARM,QUIK,INTC,AMD,MRVL,ALAB,AIP,CRDO
Defense Electronics & Avionics Mission Systems|2026-06-11|Fading|KTOS,AVEX
Edge CDN & Cloud-Native Developer Platforms|2026-06-11|Accelerating|DOCN,FSLY
Gold & Precious Metals Mining|2026-06-11|Fading|AU,ORLA
Inflammatory Disease & Immunology Biologics|2026-06-11|Nascent|SYRE,ORKA
Lithium & Battery Critical Minerals Mining|2026-06-11|Fading|SGML,BMM
Network Security & Zero-Trust Edge|2026-06-11|Mainstream|GRRR,PANW,FTNT,CRWD,OKTA
Nitrogen Fertilizer & Crop Nutrient Producers|2026-06-11|Fading|CLMT,CF
Nylon & Engineered Polymer Intermediates|2026-06-11|Fading|ASIX,CC
Optical Components & Transceiver Manufacturers|2026-06-11|Fading|LASR,GLW,OPTX,AXTI
Physical AI & Robotics|2026-06-11|Fading|IRBT,HYLN
Power Semiconductor & Mixed-Signal Display Drivers|2026-06-11|Mainstream|HIMX,AOSL,NVTS
Precious & Streaming Metals Royalty & Junior Miners|2026-06-11|Fading|AUGO,SSRM
Precision Frequency & Timing Defense Electronics|2026-06-11|Mainstream|ECOR,FEIM
Pure-Play Hydraulic Fracturing & Completion Services|2026-06-11|Fading|HAL,PTEN,ACDC,PUMP
Rare Earth Magnets & Critical Battery Materials|2026-06-11|Accelerating|ALOY,AA,CSTM,CENX
Satellite Imagery & Geospatial Intelligence|2026-06-11|Fading|SPIR,BKSY
Semiconductor Probe Card & Front-End Test Equipment|2026-06-11|Fading|TER,COHU
Semiconductor Wafer Foundry & Advanced IC Manufacturing|2026-06-11|Mainstream|KLAC,FORM,UCTT,AEHR,PDFS,ACMR,UMC,VECO,TSEM,GFS,AMAT,ICHR
Silicon Carbide Power Semiconductors & EV Infrastructure|2026-06-11|Mainstream|WOLF,STM
Workforce Solutions & Technical Staffing Services|2026-06-11|Fading|RCMT,KELYB
Agricultural Commodities & Agri-Business|2026-06-12|Retired|
AI Datacenter Optical Transceivers & Components|2026-06-12|Mainstream|LITE,COHR,AAOI
AI Data Center Power Infrastructure|2026-06-12|Mainstream|FCEL,AGX,VRT,PWR,BE
AI Memory & Storage|2026-06-12|Mainstream|WDC,STX,SNDK,MRAM,MU,SIMO
Autonomous Military Drone Swarm & AI Defense Software|2026-06-12|Fading|KYTX,SWMR
Consumer Discretionary Home Furnishings Rebound|2026-06-12|Retired|
Crypto Asset Recovery|2026-06-12|Mainstream|HUT,RIOT,WULF
Custom AI Silicon & Chip Architecture Licensing|2026-06-12|Mainstream|INTC,AIP,ARM,ALAB,AMD,MRVL,CRDO,CEVA,QUIK
Defense Electronics & Avionics Mission Systems|2026-06-12|Fading|KTOS,AVEX,ELMT
Edge CDN & Cloud-Native Developer Platforms|2026-06-12|Retired|
Edge Cloud & Developer CDN Platforms|2026-06-12|Accelerating|FSLY,DOCN
Gold & Precious Metals Mining|2026-06-12|Fading|AU,ORLA
Inflammatory Disease & Immunology Biologics|2026-06-12|Accelerating|ORKA,SYRE
Lithium & Battery Critical Minerals Mining|2026-06-12|Retired|
Network Security & Zero-Trust Edge|2026-06-12|Mainstream|GRRR,OKTA,CRWD,PANW,FTNT
Nitrogen Fertilizer & Ammonia Producers|2026-06-12|Fading|CF,CLMT
Nitrogen Fertilizer & Crop Nutrient Producers|2026-06-12|Retired|
Nylon & Engineered Polymer Intermediates|2026-06-12|Retired|
Optical Components & Transceiver Manufacturers|2026-06-12|Retired|
Physical AI & Robotics|2026-06-12|Fading|IRBT,HYLN
Power Semiconductor & Mixed-Signal Display Drivers|2026-06-12|Mainstream|NVTS,AOSL,HIMX
Precious & Streaming Metals Royalty & Junior Miners|2026-06-12|Fading|AUGO,SSRM
Precision Frequency & Timing Defense Electronics|2026-06-12|Retired|
Pure-Play Hydraulic Fracturing & Completion Services|2026-06-12|Fading|ACDC,PUMP
Rare Earth Magnets & Critical Battery Materials|2026-06-12|Mainstream|AA,CENX,ALOY,CSTM
Satellite Imagery & Geospatial Intelligence|2026-06-12|Retired|
Semiconductor Probe Card & Front-End Test Equipment|2026-06-12|Accelerating|COHU,TER
Semiconductor Wafer Foundry & Advanced IC Manufacturing|2026-06-12|Mainstream|PDFS,ICHR,UMC,FORM,TSEM,UCTT,AMAT,GFS,VECO,ACMR,KLAC,AEHR
Silicon Carbide Power Semiconductors & EV Infrastructure|2026-06-12|Mainstream|WOLF,STM
Workforce Solutions & Technical Staffing Services|2026-06-12|Fading|RCMT,KELYB
AI Datacenter Optical Transceivers & Components|2026-06-15|Mainstream|LITE,COHR,AAOI
AI Data Center Power Infrastructure|2026-06-15|Mainstream|FCEL,AGX,PWR,BE,VRT
AI Memory & Storage|2026-06-15|Mainstream|SNDK,STX,SIMO,MRAM,WDC,MU
Autonomous Military Drone Swarm & AI Defense Software|2026-06-15|Fading|KYTX,SWMR
Crypto Asset Recovery|2026-06-15|Mainstream|RIOT,WULF,HUT
Custom AI Silicon & Chip Architecture Licensing|2026-06-15|Mainstream|CRDO,INTC,ALAB,QUIK,AIP,AMD,ARM,MRVL,CEVA
Defense Electronics & Avionics Mission Systems|2026-06-15|Fading|KTOS,ELMT
Edge CDN & Cloud-Native Developer Platforms|2026-06-15|Accelerating|DOCN,FSLY
Gold & Precious Metals Mining|2026-06-15|Retired|
Inflammatory Disease & Immunology Biologics|2026-06-15|Nascent|SYRE,ORKA
Network Security & Zero-Trust Edge|2026-06-15|Mainstream|OKTA,PANW,CRWD,FTNT,GRRR
Nitrogen Fertilizer & Crop Nutrient Producers|2026-06-15|Fading|CF,CLMT
Physical AI & Robotics|2026-06-15|Fading|IRBT,HYLN
Power Semiconductor & Mixed-Signal Display Drivers|2026-06-15|Fading|NVTS,HIMX,AOSL
Precious & Streaming Metals Royalty & Junior Miners|2026-06-15|Fading|AUGO,SSRM
Pure-Play Hydraulic Fracturing & Completion Services|2026-06-15|Fading|ACDC,PUMP
Rare Earth Magnets & Critical Battery Materials|2026-06-15|Mainstream|CSTM,ALOY
Semiconductor Probe Card & Front-End Test Equipment|2026-06-15|Accelerating|COHU,TER
Semiconductor Wafer Foundry & Advanced IC Manufacturing|2026-06-15|Mainstream|UCTT,ACMR,AMAT,AEHR,PDFS,VECO,FORM,GFS,KLAC,UMC,ICHR,TSEM
Silicon Carbide Power Semiconductors & EV Infrastructure|2026-06-15|Mainstream|WOLF,STM
Workforce Solutions & Technical Staffing Services|2026-06-15|Retired|
AI Datacenter Optical Transceivers & Components|2026-06-16|Mainstream|LITE,COHR,AAOI
AI Data Center Power Infrastructure|2026-06-16|Mainstream|PWR,BE,FCEL,AGX,VRT
AI Memory & Storage|2026-06-16|Mainstream|MU,SNDK,WDC,STX,SIMO,MRAM
Autonomous Military Drone Swarm & AI Defense Software|2026-06-16|Retired|
Crypto Asset Recovery|2026-06-16|Mainstream|RIOT,WULF,HUT
Custom AI Silicon & Chip Architecture Licensing|2026-06-16|Mainstream|QUIK,CEVA,MRVL,AMD,INTC,ALAB,CRDO,ARM,AIP
Defense Electronics & Avionics Mission Systems|2026-06-16|Retired|
Edge CDN & Cloud-Native Developer Platforms|2026-06-16|Fading|DOCN,FSLY
Edge Cloud & Developer CDN Platforms|2026-06-16|Retired|
Inflammatory Disease & Immunology Biologics|2026-06-16|Nascent|ORKA,SYRE
Network Security & Zero-Trust Edge|2026-06-16|Mainstream|GRRR,OKTA,FTNT,CRWD,PANW
Nitrogen Fertilizer & Ammonia Producers|2026-06-16|Fading|CLMT,CF
Nitrogen Fertilizer & Crop Nutrient Producers|2026-06-16|Retired|
Physical AI & Robotics|2026-06-16|Retired|
Power Semiconductor & Mixed-Signal Display Drivers|2026-06-16|Fading|HIMX,AOSL,NVTS
Precious & Streaming Metals Royalty & Junior Miners|2026-06-16|Retired|
Pure-Play Hydraulic Fracturing & Completion Services|2026-06-16|Fading|ACDC,PUMP
Rare Earth Magnets & Critical Battery Materials|2026-06-16|Mainstream|CSTM,ALOY
Semiconductor Probe Card & Front-End Test Equipment|2026-06-16|Mainstream|COHU,TER
Semiconductor Wafer Foundry & Advanced IC Manufacturing|2026-06-16|Mainstream|PDFS,UCTT,AMAT,KLAC,TSEM,GFS,ICHR,ACMR,AEHR,FORM,VECO,UMC
Silicon Carbide Power Semiconductors & EV Infrastructure|2026-06-16|Fading|WOLF,STM
AI Datacenter Optical Transceivers & Components|2026-06-17|Fading|AAOI,COHR,LITE
AI Data Center Power Infrastructure|2026-06-17|Mainstream|PWR,FCEL,VRT,BE,AGX
AI Memory & Storage|2026-06-17|Mainstream|MRAM,MU,SNDK,WDC,STX,SIMO
Crypto Asset Recovery|2026-06-17|Mainstream|RIOT,WULF,HUT
Custom AI Silicon & Chip Architecture Licensing|2026-06-17|Mainstream|CRDO,QUIK,AMD,CEVA,INTC,AIP,ARM,ALAB,MRVL
Edge Cloud & Developer CDN Platforms|2026-06-17|Accelerating|DOCN,FSLY
Inflammatory Disease & Immunology Biologics|2026-06-17|Mainstream|SYRE,ORKA
Network Security & Zero-Trust Edge|2026-06-17|Mainstream|OKTA,CRWD,PANW,GRRR,FTNT
Nitrogen Fertilizer & Ammonia Producers|2026-06-17|Retired|
Power Semiconductor & Mixed-Signal Display Drivers|2026-06-17|Fading|AOSL,HIMX,NVTS
Pure-Play Hydraulic Fracturing & Completion Services|2026-06-17|Fading|ACDC,PUMP
Rare Earth Magnets & Critical Battery Materials|2026-06-17|Mainstream|CSTM,ALOY
Semiconductor Probe Card & Front-End Test Equipment|2026-06-17|Mainstream|TER,COHU
Semiconductor Wafer Foundry & Advanced IC Manufacturing|2026-06-17|Mainstream|KLAC,ACMR,FORM,UMC,AEHR,UCTT,VECO,ICHR,PDFS,TSEM,AMAT,GFS
Silicon Carbide Power Semiconductors & EV Infrastructure|2026-06-17|Mainstream|STM,WOLF
AI Datacenter Optical Transceivers & Components|2026-06-18|Mainstream|LITE,AAOI,COHR
AI Data Center Power Infrastructure|2026-06-18|Accelerating|VRT,FCEL,AGX,PWR,BE
AI Memory & Storage|2026-06-18|Mainstream|SIMO,MRAM,WDC,STX,SNDK,MU
Crypto Asset Recovery|2026-06-18|Mainstream|RIOT,HUT,WULF
Custom AI Silicon & Chip Architecture Licensing|2026-06-18|Mainstream|ARM,MRVL,AIP,CRDO,ALAB,CEVA,AMD,QUIK,INTC
Edge CDN & Cloud-Native Developer Platforms|2026-06-18|Retired|
Edge Cloud & Developer CDN Platforms|2026-06-18|Fading|FSLY,DOCN
Inflammatory Disease & Immunology Biologics|2026-06-18|Mainstream|ORKA,SYRE
Network Security & Zero-Trust Edge|2026-06-18|Mainstream|FTNT,PANW,GRRR,CRWD,OKTA
Power Semiconductor & Mixed-Signal Display Drivers|2026-06-18|Mainstream|NVTS,HIMX,AOSL,VSH
Pure-Play Hydraulic Fracturing & Completion Services|2026-06-18|Retired|
Rare Earth Magnets & Critical Battery Materials|2026-06-18|Mainstream|CSTM,ALOY
Semiconductor Probe Card & Front-End Test Equipment|2026-06-18|Mainstream|TER,COHU
Semiconductor Wafer Foundry & Advanced IC Manufacturing|2026-06-18|Mainstream|ACMR,AEHR,PDFS,UMC,VECO,KLAC,GFS,UCTT,FORM,ICHR,TSEM,AMAT
Silicon Carbide Power Semiconductors & EV Infrastructure|2026-06-18|Mainstream|WOLF,STM
AI Datacenter Optical Transceivers & Components|2026-06-22|Fading|AAOI,LITE,COHR
AI Data Center Power Infrastructure|2026-06-22|Accelerating|BE,AGX,PWR,VRT,FCEL
AI Memory & Storage|2026-06-22|Mainstream|MU,STX,MRAM,SNDK,SIMO,WDC,QMCO
Crude & Product Tanker Shipping|2026-06-22|Nascent|DHT,ECO,STNG,TNK,TRMD,NAT
Crypto Asset Recovery|2026-06-22|Mainstream|WULF,RIOT,HUT
Custom AI Silicon & Chip Architecture Licensing|2026-06-22|Mainstream|ALAB,QUIK,INTC,MRVL,AMD,CRDO,CEVA,AIP,ARM
Edge Cloud & Developer CDN Platforms|2026-06-22|Fading|FSLY,DOCN
European Bank Stocks|2026-06-22|Nascent|BBVA,BCS,ING,LYG,NWG,SAN
Inflammatory Disease & Immunology Biologics|2026-06-22|Nascent|ORKA,SYRE,APGE
Network Security & Zero-Trust Edge|2026-06-22|Mainstream|GRRR,PANW,CRWD,OKTA,FTNT
Power Semiconductor & Mixed-Signal Display Drivers|2026-06-22|Fading|NVTS,HIMX,AOSL
Rare Earth Magnets & Critical Battery Materials|2026-06-22|Mainstream|CSTM,ALOY
Semiconductor Probe Card & Front-End Test Equipment|2026-06-22|Mainstream|TER,COHU
Semiconductor Wafer Foundry & Advanced IC Manufacturing|2026-06-22|Nascent|PDFS,UMC,UCTT,VECO,KLAC,AMAT,ACMR,FORM,ICHR,TSEM,AEHR,GFS,LRCX
Silicon Carbide Power Semiconductors & EV Infrastructure|2026-06-22|Accelerating|WOLF,STM
AI Datacenter Optical Transceivers & Components|2026-06-23|Fading|AAOI,LITE,COHR
AI Data Center Power Infrastructure|2026-06-23|Accelerating|BE,FCEL,AGX,VRT,PWR
AI Memory & Storage|2026-06-23|Mainstream|QMCO,WDC,MU,SIMO,STX,MRAM,SNDK
Crude & Product Tanker Shipping|2026-06-23|Nascent|TRMD,TNK,NAT,STNG,DHT
Crypto Asset Recovery|2026-06-23|Mainstream|HUT,WULF,RIOT
Custom AI Silicon & Chip Architecture Licensing|2026-06-23|Mainstream|CEVA,ALAB,INTC,QUIK,CRDO,AIP,ARM,MRVL,AMD
Edge CDN & Cloud-Native Developer Platforms|2026-06-23|Fading|FSLY,DOCN
European Bank Stocks|2026-06-23|Nascent|ING,BCS,SAN,BBVA,LYG,NWG
Inflammatory Disease & Immunology Biologics|2026-06-23|Nascent|APGE,ORKA,SYRE
Network Security & Zero-Trust Edge|2026-06-23|Fading|PANW,OKTA,FTNT,CRWD,GRRR
Power Semiconductor & Mixed-Signal Display Drivers|2026-06-23|Fading|AOSL,NVTS,HIMX
Rare Earth Magnets & Critical Battery Materials|2026-06-23|Mainstream|CSTM,ALOY
Semiconductor Probe Card & Front-End Test Equipment|2026-06-23|Mainstream|COHU,TER
Semiconductor Wafer Foundry & Advanced IC Manufacturing|2026-06-23|Nascent|AMAT,ACMR,TSEM,GFS,UCTT,KLAC,UMC,AEHR,LRCX,VECO,ICHR,PDFS,FORM
Silicon Carbide Power Semiconductors & EV Infrastructure|2026-06-23|Fading|WOLF,STM
AI Datacenter Optical Transceivers & Components|2026-06-24|Fading|AAOI,LITE,COHR
AI Data Center Power Infrastructure|2026-06-24|Accelerating|AGX,VRT,PWR,FCEL,BE
AI Memory & Storage|2026-06-24|Mainstream|MRAM,SIMO,STX,SNDK,WDC,QMCO,MU
Crude & Product Tanker Shipping|2026-06-24|Nascent|NAT,DHT,TNK,TRMD,STNG
Crypto Asset Recovery|2026-06-24|Mainstream|HUT,RIOT,WULF
Custom AI Silicon & Chip Architecture Licensing|2026-06-24|Mainstream|INTC,AIP,ARM,CRDO,QUIK,AMD,MRVL,ALAB,CEVA
Edge CDN & Cloud-Native Developer Platforms|2026-06-24|Retired|
Edge Cloud & Developer CDN Platforms|2026-06-24|Fading|DOCN,FSLY
European Bank Stocks|2026-06-24|Accelerating|ING,LYG,SAN,NWG,BBVA,BCS
Inflammatory Disease & Immunology Biologics|2026-06-24|Nascent|ORKA,SYRE,APGE
Network Security & Zero-Trust Edge|2026-06-24|Fading|OKTA,FTNT,GRRR,CRWD,PANW
Power Semiconductor & Mixed-Signal Display Drivers|2026-06-24|Fading|AOSL,NVTS,HIMX
Rare Earth Magnets & Critical Battery Materials|2026-06-24|Fading|CSTM,ALOY
Semiconductor Probe Card & Front-End Test Equipment|2026-06-24|Mainstream|TER,COHU
Semiconductor Wafer Foundry & Advanced IC Manufacturing|2026-06-24|Nascent|GFS,UCTT,VECO,LRCX,TSEM,UMC,AEHR,PDFS,ICHR,KLAC,FORM,AMAT,ACMR
Silicon Carbide Power Semiconductors & EV Infrastructure|2026-06-24|Fading|WOLF,STM
AI Datacenter Optical Transceivers & Components|2026-06-25|Fading|AAOI,LITE,COHR
AI Data Center Power Infrastructure|2026-06-25|Accelerating|AGX,VRT,PWR,BE,FCEL
AI Memory & Storage|2026-06-25|Mainstream|STX,SIMO,QMCO,SNDK,MRAM,WDC,MU
Casual Dining Restaurant Turnaround|2026-06-25|Nascent|EAT,CBRL
Crude & Product Tanker Shipping|2026-06-25|Nascent|DHT,TRMD,NAT,STNG,TNK
Crypto Asset Recovery|2026-06-25|Mainstream|WULF,RIOT,HUT
Custom AI Silicon & Chip Architecture Licensing|2026-06-25|Mainstream|ARM,QUIK,AMD,INTC,MRVL,ALAB,CRDO,CEVA,AIP
Edge CDN & Cloud-Native Developer Platforms|2026-06-25|Fading|DOCN,FSLY
European Bank Stocks|2026-06-25|Accelerating|LYG,NWG,SAN,BBVA,BCS,ING
Inflammatory Disease & Immunology Biologics|2026-06-25|Nascent|ORKA,APGE,SYRE
Network Security & Zero-Trust Edge|2026-06-25|Fading|OKTA,CRWD,GRRR,FTNT,PANW
Peptide & Hormone Therapies for Metabolic & Endocrine Disorders|2026-06-25|Nascent|MBX,VKTX,ASND,XERS
Power Semiconductor & Mixed-Signal Display Drivers|2026-06-25|Fading|AOSL,NVTS,HIMX
Quantum Computing & Quantum-Safe Networking|2026-06-25|Nascent|QNT,ARQQ
Rare Earth Magnets & Critical Battery Materials|2026-06-25|Fading|CSTM,ALOY
Semiconductor Probe Card & Front-End Test Equipment|2026-06-25|Mainstream|TER,COHU
Semiconductor Wafer Foundry & Advanced IC Manufacturing|2026-06-25|Nascent|LRCX,UCTT,UMC,GFS,PDFS,ICHR,ACMR,AEHR,KLAC,AMAT,TSEM,FORM,VECO,KLIC,MKSI
Senior Living & Housing Operators|2026-06-25|Nascent|BKD,JAN
Silicon Carbide Power Semiconductors & EV Infrastructure|2026-06-25|Fading|WOLF,STM
U.S. Passenger Airlines|2026-06-25|Nascent|DAL,UAL,ALK,LUV,ALGT,SKYW
AI Cloud GPU & Datacenter Colocation Platforms|2026-06-26|Nascent|WYFI,SHAZ
AI Datacenter Optical Transceivers & Components|2026-06-26|Fading|AAOI,LITE,COHR
AI Data Center Power Infrastructure|2026-06-26|Accelerating|FCEL,BE,VRT,PWR,AGX
AI Memory & Storage|2026-06-26|Mainstream|MRAM,SNDK,QMCO,WDC,SIMO,STX,MU
Casual Dining Restaurant Turnaround|2026-06-26|Nascent|EAT,CBRL
Commercial Real Estate Brokerage & Advisory Services|2026-06-26|Nascent|CBRE,CWK,JLL,NMRK
Construction Aggregates & Building Materials|2026-06-26|Nascent|CRH,MLM,VMC
Crude & Product Tanker Shipping|2026-06-26|Fading|NAT,PUMP,LBRT,WTTR,DHT,AESI
Crypto Asset Recovery|2026-06-26|Mainstream|HUT,RIOT,WULF
Custom AI Silicon & Chip Architecture Licensing|2026-06-26|Mainstream|INTC,MRVL,ALAB,CEVA,ARM,AIP,CRDO,QUIK,AMD,MXL
Edge CDN & Cloud-Native Developer Platforms|2026-06-26|Retired|
Edge Cloud & Developer CDN Platforms|2026-06-26|Fading|DOCN,FSLY
European Bank Stocks|2026-06-26|Accelerating|BCS,LYG,BBVA,ING,SAN,NWG
Golf Equipment & Apparel|2026-06-26|Nascent|GOLF,CALY
Inflammatory Disease & Immunology Biologics|2026-06-26|Nascent|ORKA,SYRE,APGE
Insurance Brokerage & Distribution Services|2026-06-26|Nascent|AJG,AON,BRO,WTW
Life Insurance & Annuity Providers|2026-06-26|Nascent|LNC,MET,PFG,PRU,UNM
Midstream Energy Infrastructure & Pipeline Operators|2026-06-26|Nascent|AM,DTM,KMI,WMB,ENB,HESM,OKE,PBA,SOBO,TRGP,TRP
Multifamily Apartment REITs|2026-06-26|Nascent|CPT,IRT,MAA,UDR
Network Security & Zero-Trust Edge|2026-06-26|Fading|CRWD,PANW,FTNT,OKTA,GRRR,BB
Peptide & Hormone Therapies for Metabolic & Endocrine Disorders|2026-06-26|Nascent|ASND,XERS,VKTX,MBX,CORT
Power Semiconductor & Mixed-Signal Display Drivers|2026-06-26|Fading|AOSL,NVTS,HIMX
Private Mortgage Insurance|2026-06-26|Nascent|ESNT,MTG,NMIH,RDN
Property & Casualty Insurance Underwriters|2026-06-26|Nascent|ACGL,AFG,ALL,AXS,CB,CINF,HCI,HIG,ORI,PGR,THG,TRV,WRB,SKWD
Quantum Computing & Quantum-Safe Networking|2026-06-26|Nascent|QNT,ARQQ
Rare Earth Magnets & Critical Battery Materials|2026-06-26|Fading|CSTM,ALOY
Semiconductor Probe Card & Front-End Test Equipment|2026-06-26|Mainstream|TER,COHU
Semiconductor Wafer Foundry & Advanced IC Manufacturing|2026-06-26|Nascent|KLIC,AMAT,UMC,TSEM,PDFS,AEHR,MKSI,VECO,ICHR,GFS,UCTT,KLAC,ACMR,LRCX,FORM
Senior Living & Housing Operators|2026-06-26|Nascent|BKD,JAN
Silicon Carbide Power Semiconductors & EV Infrastructure|2026-06-26|Fading|WOLF,STM
U.S. Passenger Airlines|2026-06-26|Nascent|DAL,LUV,ALK,ALGT,UAL,SKYW
Clinical-Stage Autoimmune & Inflammatory Disease Biologics|2026-06-28|Nascent|VERA,VOR,ZBIO,ANAB,KNSA,AVTX
Coal Mining & Export (Metallurgical & Thermal)|2026-06-28|Nascent|AMR,BTU,HCC
Defense Drones & Unmanned Aerial Systems|2026-06-28|Nascent|AVAV,KTOS,ONDS,RCAT,UMAC
Large Defense Contractors & Aerospace Primes|2026-06-28|Nascent|GD,LHX,LMT,NOC,RTX
Medical Devices & Surgical Equipment|2026-06-28|Nascent|ATEC,BDX,STE,SYK
Nucleic Acid Therapeutics & Gene Synthesis Platforms|2026-06-28|Nascent|MRNA,RGNX,TWST
Protein Degradation & Targeted Molecular Therapeutics Re-rating|2026-06-28|Nascent|KYMR,GLUE,GENB,IDYA
Rare & Orphan Disease Specialty Pharma|2026-06-28|Nascent|LQDA,TVTX,SION,RYTM
AI Cloud GPU & Datacenter Colocation Platforms|2026-06-29|Nascent|WYFI,SHAZ
AI Datacenter Optical Transceivers & Components|2026-06-29|Retired|
AI Data Center Power Infrastructure|2026-06-29|Mainstream|FCEL,AGX,PWR,VRT,BE
AI Interconnect & Semiconductor Connectivity|2026-06-29|Nascent|ALAB,CRDO
AI Memory & Storage|2026-06-29|Nascent|STX,MU,QMCO,WDC,SNDK,SIMO,MRAM
Automotive Electronics & Sensor Components|2026-06-29|Nascent|MEI,ALGM
Casual Dining Restaurant Turnaround|2026-06-29|Nascent|CBRL,EAT
Clinical-Stage Autoimmune & Inflammatory Disease Biologics|2026-06-29|Retired|
Coal Mining & Export (Metallurgical & Thermal)|2026-06-29|Fading|AMR,HCC
Commercial Real Estate Brokerage & Advisory Services|2026-06-29|Fading|CWK,JLL,NMRK
Construction Aggregates & Building Materials|2026-06-29|Fading|CRH,MLM,VMC
Crude & Product Tanker Shipping|2026-06-29|Fading|NAT,DHT
Crypto Asset Recovery|2026-06-29|Mainstream|RIOT,WULF,HUT
Custom AI Silicon & Chip Architecture Licensing|2026-06-29|Mainstream|CEVA,ALAB,QUIK,INTC,AMD,MRVL,CRDO,MXL,ARM,AIP
Defense Drones & Unmanned Aerial Systems|2026-06-29|Fading|RCAT,UMAC
Edge CDN & Cloud-Native Developer Platforms|2026-06-29|Fading|DOCN,FSLY
European Bank Stocks|2026-06-29|Accelerating|SAN,ING,BBVA,NWG,LYG,BCS
Golf Equipment & Apparel|2026-06-29|Nascent|GOLF,CALY
Inflammatory Disease & Immunology Biologics|2026-06-29|Mainstream|ORKA,SYRE,APGE
Insurance Brokerage & Distribution Services|2026-06-29|Fading|AJG,AON,BRO
Large Defense Contractors & Aerospace Primes|2026-06-29|Fading|GD,RTX
Life Insurance & Annuity Providers|2026-06-29|Nascent|PRU,LNC,PFG,MET,UNM
Medical Devices & Surgical Equipment|2026-06-29|Fading|ATEC,SYK
Midstream Energy Infrastructure & Pipeline Operators|2026-06-29|Nascent|TRGP,KMI,DTM,TRP,OKE,HESM,AM,WMB,PBA,ENB
Multifamily Apartment REITs|2026-06-29|Nascent|MAA,IRT,UDR,CPT
Network Security & Zero-Trust Edge|2026-06-29|Accelerating|GRRR,OKTA,CRWD,BB,PANW,FTNT
Nucleic Acid Therapeutics & Gene Synthesis Platforms|2026-06-29|Retired|
Peptide & Hormone Therapies for Metabolic & Endocrine Disorders|2026-06-29|Nascent|ASND,XERS,MBX,VKTX,CORT
Power Semiconductor & Mixed-Signal Display Drivers|2026-06-29|Retired|
Private Mortgage Insurance|2026-06-29|Nascent|RDN,ESNT,MTG,NMIH
Property & Casualty Insurance Underwriters|2026-06-29|Nascent|AXS,CB,ORI,THG,HIG,WRB,ALL,TRV,HCI,ACGL,AFG,PGR,SKWD,CINF
Protein Degradation & Targeted Molecular Therapeutics Re-rating|2026-06-29|Retired|
Quantum Computing & Quantum-Safe Networking|2026-06-29|Nascent|QNT,ARQQ,HQ
Rare Earth Magnets & Critical Battery Materials|2026-06-29|Fading|CSTM,ALOY
Rare & Orphan Disease Specialty Pharma|2026-06-29|Retired|
Semiconductor Probe Card & Front-End Test Equipment|2026-06-29|Mainstream|COHU,TER
Semiconductor Wafer Foundry & Advanced IC Manufacturing|2026-06-29|Mainstream|FORM,UMC,TSEM,GFS,KLAC,ACMR,AMAT,VECO,KLIC,UCTT,AEHR,LRCX,ICHR,PDFS,MKSI
Senior Living & Housing Operators|2026-06-29|Nascent|JAN,BKD
Silicon Carbide Power Semiconductors & EV Infrastructure|2026-06-29|Fading|WOLF,STM
Specialty Catastrophe Property Insurance Underwriters|2026-06-29|Nascent|NP,SLDE
U.S. Passenger Airlines|2026-06-29|Accelerating|SKYW,ALK,DAL,LUV,UAL,ALGT
AI Cloud GPU & Datacenter Colocation Platforms|2026-06-30|Nascent|WYFI,SHAZ,BRUN,PENG
AI Data Center Power Infrastructure|2026-06-30|Mainstream|VRT,BE,PWR,AGX,FCEL
AI Interconnect & Semiconductor Connectivity|2026-06-30|Retired|
AI Memory & Storage|2026-06-30|Nascent|MRAM,QMCO,SNDK,WDC,MU,SIMO,STX
Autoimmune & Inflammatory Disease Biopharmaceuticals|2026-06-30|Nascent|VERA,VOR,ALMS,ABVX,CLDX,TRAX
Automotive Electronics & Sensor Components|2026-06-30|Nascent|ALGM,MEI,OUST,AEVA
Casual Dining Restaurant Turnaround|2026-06-30|Nascent|CBRL,EAT
Clinical-Stage Oncology Therapeutics|2026-06-30|Nascent|ELVN,CGON,SNDX
Coal Mining & Export (Metallurgical & Thermal)|2026-06-30|Fading|AMR,HCC
Commercial Real Estate Brokerage & Advisory Services|2026-06-30|Fading|JLL,NMRK
Construction Aggregates & Building Materials|2026-06-30|Fading|CRH,VMC
Crude & Product Tanker Shipping|2026-06-30|Fading|NAT,DHT
Crypto Asset Recovery|2026-06-30|Fading|WULF,RIOT,HUT
Custom AI Silicon & Chip Architecture Licensing|2026-06-30|Mainstream|QUIK,CRDO,MXL,ALAB,AIP,MRVL,CEVA,AMD,INTC,ARM
Defense Drones & Unmanned Aerial Systems|2026-06-30|Fading|RCAT,UMAC
Domestic Steel Producers|2026-06-30|Nascent|CMC,NUE,RS,STLD
Edge CDN & Cloud-Native Developer Platforms|2026-06-30|Retired|
Edge Cloud & Developer CDN Platforms|2026-06-30|Fading|DOCN,FSLY
European Bank Stocks|2026-06-30|Mainstream|SAN,NWG,BCS,LYG,BBVA,ING
Genomic Medicine & Synthetic DNA Tools|2026-06-30|Nascent|MRNA,TWST
Golf Equipment & Apparel|2026-06-30|Nascent|GOLF,CALY
Industrial Power Equipment & Electrical Systems|2026-06-30|Nascent|ETN,GNRC,HUBB,RRX
Inflammatory Disease & Immunology Biologics|2026-06-30|Mainstream|ORKA,SYRE
Insurance Brokerage & Distribution Services|2026-06-30|Fading|AJG,AON,BRO
Insurance Brokerage & Risk Advisory|2026-06-30|Nascent|BWIN,MRSH,WTW
In Vivo Gene Therapy & Genome Editing|2026-06-30|Nascent|RGNX,NTLA
Large Defense Contractors & Aerospace Primes|2026-06-30|Fading|GD,RTX
Life Insurance & Annuity Providers|2026-06-30|Accelerating|PRU,LNC,MET,PFG,UNM
Medical Devices & Surgical Equipment|2026-06-30|Fading|ATEC,SYK
Midstream Energy Infrastructure & Pipeline Operators|2026-06-30|Accelerating|AM,PUMP,PBA,AESI,OKE,DTM,TRGP,WMB,WTTR,LBRT,ENB,KMI,TRP
Multifamily Apartment REITs|2026-06-30|Fading|MAA,IRT,UDR,CPT
Network Security & Zero-Trust Edge|2026-06-30|Accelerating|GRRR,OKTA,CRWD,BB,FTNT,PANW,TENB
Peptide & Hormone Therapies for Metabolic & Endocrine Disorders|2026-06-30|Nascent|ASND,MBX,XERS,VKTX,CORT
Precious Metals Miners (Gold & Silver)|2026-06-30|Nascent|AEM,AG,AU,CDE,EGO,EXK,FNV,FSM,HL,HMY,IAG,KGC,MUX,NEM,NG,OR,PAAS,RGLD,SA,SSRM,WPM
Precision Aerospace & Defense Component Manufacturers|2026-06-30|Nascent|AADX,ELMT
Precision Optics & Photonic Components|2026-06-30|Nascent|OPTX,LPTH,LASR
Private Mortgage Insurance|2026-06-30|Accelerating|RDN,MTG,ESNT,NMIH
Property & Casualty Insurance Underwriters|2026-06-30|Nascent|PGR,CINF,WRB,AFG,HCI,ORI,SKWD,AXS,ACGL,CB,ALL,HIG,THG,TRV
Quantum Computing Hardware & Annealing Systems|2026-06-30|Nascent|QBTS,RGTI,INFQ
Quantum Computing & Quantum-Safe Networking|2026-06-30|Nascent|ARQQ,HQ,QNT
Rare Earth Magnets & Critical Battery Materials|2026-06-30|Fading|CSTM,ALOY
Rare & Orphan Disease Biotech Re-Rating|2026-06-30|Nascent|RARE,MIRM,RGNX,AGIO,AMLX
Satellite Communications & Space Data Services|2026-06-30|Nascent|VSAT,MDA,SPIR,PL,ASTS
Semiconductor Probe Card & Front-End Test Equipment|2026-06-30|Mainstream|TER,COHU
Semiconductor Wafer Foundry & Advanced IC Manufacturing|2026-06-30|Mainstream|AMAT,LRCX,VECO,UMC,KLAC,ACMR,AEHR,MKSI,ICHR,KLIC,PDFS,TSEM,FORM,GFS,UCTT
Senior Living & Housing Operators|2026-06-30|Nascent|BKD,JAN
Silicon Carbide Power Semiconductors & EV Infrastructure|2026-06-30|Retired|
Specialty Catastrophe Property Insurance Underwriters|2026-06-30|Nascent|NP,SLDE
Targeted Protein Degradation Oncology|2026-06-30|Nascent|KYMR,GLUE
Truckload & LTL Freight Carriers|2026-06-30|Nascent|ARCB,KNX,LSTR,SNDR,TFII,WERN,XPO
U.S. Passenger Airlines|2026-06-30|Accelerating|UAL,ALGT,ALK,SKYW,DAL,LUV
AI Cloud GPU & Datacenter Colocation Platforms|2026-07-01|Nascent|PENG,WYFI,BRUN,SHAZ
AI Data Center Power Infrastructure|2026-07-01|Mainstream|PWR,FCEL,BE,VRT,AGX
AI Memory & Storage|2026-07-01|Mainstream|MU,WDC,STX,MRAM,QMCO,SIMO,SNDK
Autoimmune & Inflammatory Disease Biopharmaceuticals|2026-07-01|Retired|
Automotive Electronics & Sensor Components|2026-07-01|Nascent|ALGM,MEI,AEVA,OUST
Casual Dining Restaurant Turnaround|2026-07-01|Nascent|EAT,CBRL
Clinical-Stage Autoimmune & Inflammatory Disease Therapeutics|2026-07-01|Nascent|VOR,VERA,ALMS,CLDX,ABVX
Clinical-Stage Oncology Therapeutics|2026-07-01|Retired|
Coal Mining & Export (Metallurgical & Thermal)|2026-07-01|Fading|AMR,HCC
Commercial Real Estate Brokerage & Advisory Services|2026-07-01|Fading|JLL,NMRK
Construction Aggregates & Building Materials|2026-07-01|Fading|CRH,VMC
Consumer Fintech & Digital Credit Platforms|2026-07-01|Nascent|DAVE,SEZL
Crude & Product Tanker Shipping|2026-07-01|Retired|
Crypto Asset Recovery|2026-07-01|Fading|WULF,HUT,RIOT
Custom AI Silicon & Chip Architecture Licensing|2026-07-01|Mainstream|AIP,ALAB,CEVA,CRDO,MXL,MRVL,QUIK,AMD,INTC,ARM
Defense Drones & Unmanned Aerial Systems|2026-07-01|Fading|RCAT,UMAC
Domestic Steel Producers|2026-07-01|Fading|NUE,STLD
Edge Cloud & Developer CDN Platforms|2026-07-01|Fading|DOCN,FSLY
European Bank Stocks|2026-07-01|Mainstream|LYG,BCS,SAN,BBVA,ING,NWG
Genomic Medicine & Synthetic DNA Tools|2026-07-01|Nascent|TWST,MRNA
Golf Equipment & Apparel|2026-07-01|Nascent|GOLF,CALY
Industrial Power Equipment & Electrical Systems|2026-07-01|Nascent|ETN,GNRC,HUBB,RRX
Inflammatory Disease & Immunology Biologics|2026-07-01|Mainstream|ORKA,SYRE
Insurance Brokerage & Distribution Services|2026-07-01|Fading|AJG,AON,BRO
Insurance Brokerage & Risk Advisory|2026-07-01|Fading|BWIN,MRSH
In Vivo Gene Therapy & Genome Editing|2026-07-01|Nascent|RGNX,NTLA
Large Defense Contractors & Aerospace Primes|2026-07-01|Retired|
Life Insurance & Annuity Providers|2026-07-01|Accelerating|PFG,UNM,LNC,MET,PRU
Liquid Biopsy & Multi-Cancer Early Detection|2026-07-01|Nascent|GH,GRAL
Medical Devices & Surgical Equipment|2026-07-01|Fading|ATEC,SYK
Midstream Energy Infrastructure & Pipeline Operators|2026-07-01|Fading|DTM,WMB,AM,DHT,PBA,TRP,TRGP,KMI,NAT
Multifamily Apartment REITs|2026-07-01|Fading|MAA,IRT,UDR,CPT
Network Security & Zero-Trust Edge|2026-07-01|Accelerating|GRRR,FTNT,BB,TENB,OKTA,PANW,CRWD
Peptide & Hormone Therapies for Metabolic & Endocrine Disorders|2026-07-01|Nascent|XERS,CORT,ASND,MBX,VKTX
Precious Metals Miners (Gold & Silver)|2026-07-01|Fading|EGO,EXK,SSRM
Precision Aerospace & Defense Component Manufacturers|2026-07-01|Fading|AADX,ELMT
Precision Optics & Photonic Components|2026-07-01|Nascent|OPTX,LPTH,LASR
Private Mortgage Insurance|2026-07-01|Accelerating|NMIH,MTG,ESNT,RDN
Property & Casualty Insurance Underwriters|2026-07-01|Nascent|WRB,CINF,PGR,ALL,ACGL,ORI,CB,AFG,TRV,SKWD,AXS,HCI,THG,HIG
Quantum Computing Hardware & Annealing Systems|2026-07-01|Fading|QBTS,RGTI,INFQ
Quantum Computing & Quantum-Safe Networking|2026-07-01|Nascent|QNT,ARQQ
Rare Earth Magnets & Critical Battery Materials|2026-07-01|Retired|
Rare & Orphan Disease Biotech Re-Rating|2026-07-01|Retired|
Satellite Communications & Space Data Services|2026-07-01|Nascent|VSAT,PL,ASTS,RTX,SPIR,MDA,GD
Semiconductor Probe Card & Front-End Test Equipment|2026-07-01|Mainstream|COHU,TER
Semiconductor Wafer Foundry & Advanced IC Manufacturing|2026-07-01|Mainstream|MKSI,KLIC,AMAT,VECO,LRCX,TSEM,KLAC,ACMR,AEHR,PDFS,UCTT,ICHR,GFS,UMC,FORM
Senior Living & Housing Operators|2026-07-01|Fading|BKD,JAN
Specialty Catastrophe Property Insurance Underwriters|2026-07-01|Nascent|NP,SLDE
Targeted Protein Degradation Oncology|2026-07-01|Nascent|KYMR,GLUE
Truckload & LTL Freight Carriers|2026-07-01|Nascent|SNDR,KNX,WERN,TFII,LSTR,ARCB
U.S. Passenger Airlines|2026-07-01|Accelerating|DAL,ALGT,SKYW,LUV,ALK,UAL
U.S. Petroleum Refining & Downstream Processing|2026-07-01|Nascent|DINO,DK,MPC,PBF,PSX,VLO
U.S. Regional & Mid-Cap Commercial Banks|2026-07-01|Nascent|EWBC,WTFC,WAL,BOKF,HBAN,FITB,KEY,RF,CFG,USB,TFC,PNC,MTB,ZION,FHN,GBCI,HWC,UMBF,SSB,WSFS
AI Cloud GPU & Datacenter Colocation Platforms|2026-07-02|Nascent|PENG,WYFI,BRUN,SHAZ
AI Data Center Power Infrastructure|2026-07-02|Mainstream|PWR,BE,VRT,AGX,FCEL
AI Memory & Storage|2026-07-02|Fading|MU,WDC,STX,MRAM,QMCO,SIMO,SNDK
Autoimmune & Inflammatory Disease Biopharmaceuticals|2026-07-02|Nascent|VERA,VOR,ALMS,ABVX,CLDX,TRAX
Automotive Electronics & Sensor Components|2026-07-02|Nascent|ALGM,MEI,AEVA,OUST
B2B Digital Financial Infrastructure & Payment Rails Modernization|2026-07-02|Nascent|ALKT,WSE,CXT,PAY
Casual Dining Restaurant Turnaround|2026-07-02|Mainstream|CBRL,EAT
Clinical-Stage Autoimmune & Inflammatory Disease Therapeutics|2026-07-02|Retired|
Clinical-Stage Oncology Therapeutics|2026-07-02|Nascent|ELVN,CGON,SNDX
Coal Mining & Export (Metallurgical & Thermal)|2026-07-02|Fading|AMR,HCC
Commercial Real Estate Brokerage & Advisory Services|2026-07-02|Fading|JLL,NMRK
Construction Aggregates & Building Materials|2026-07-02|Fading|CRH,VMC
Consumer Fintech & Digital Credit Platforms|2026-07-02|Nascent|DAVE,SEZL
Crypto Asset Recovery|2026-07-02|Fading|WULF,HUT,RIOT
Custom AI Silicon & Chip Architecture Licensing|2026-07-02|Mainstream|AIP,ALAB,CEVA,CRDO,MXL,MRVL,QUIK,AMD,INTC,ARM
Defense Drones & Unmanned Aerial Systems|2026-07-02|Fading|RCAT,UMAC
Digital Advertising Technology Platforms|2026-07-02|Nascent|APPS,MGNI
Digital Banking Software Platforms|2026-07-02|Nascent|ALKT,QTWO
Domestic Steel Producers|2026-07-02|Fading|NUE,STLD
Edge Cloud & Developer CDN Platforms|2026-07-02|Retired|
European Bank Stocks|2026-07-02|Mainstream|LYG,BCS,SAN,BBVA,ING,NWG
Genomic Medicine & Synthetic DNA Tools|2026-07-02|Nascent|TWST,MRNA
Golf Equipment & Apparel|2026-07-02|Nascent|GOLF,CALY
Industrial Power Equipment & Electrical Systems|2026-07-02|Fading|ETN,GNRC,HUBB,RRX
Inflammatory Disease & Immunology Biologics|2026-07-02|Mainstream|ORKA,SYRE
Insurance Brokerage & Distribution Services|2026-07-02|Fading|AON,BRO,AJG
Insurance Brokerage & Risk Advisory|2026-07-02|Fading|BWIN,MRSH
In Vivo Gene Therapy & Genome Editing|2026-07-02|Nascent|RGNX,NTLA
Large-Cap U.S. Defense Primes|2026-07-02|Nascent|HII,LHX,LMT,NOC
Life Insurance & Annuity Providers|2026-07-02|Accelerating|PFG,UNM,MET,PRU
Liquid Biopsy & Multi-Cancer Early Detection|2026-07-02|Nascent|GH,GRAL
Medical Devices & Surgical Equipment|2026-07-02|Fading|ATEC,SYK
Midstream Energy Infrastructure & Pipeline Operators|2026-07-02|Fading|DTM,WMB,AM,PBA,TRP,TRGP,KMI,NAT
Multifamily Apartment REITs|2026-07-02|Fading|MAA,UDR,IRT,CPT
Network Security & Zero-Trust Edge|2026-07-02|Mainstream|GRRR,CRWD,BB,TENB,OKTA,PANW,FTNT,VRNS,QLYS
Peptide & Hormone Therapies for Metabolic & Endocrine Disorders|2026-07-02|Mainstream|XERS,CORT,ASND,MBX,VKTX
Precious Metals Miners (Gold & Silver)|2026-07-02|Fading|EGO,EXK,SSRM
Precision Aerospace & Defense Component Manufacturers|2026-07-02|Fading|AADX,ELMT
Precision Optics & Photonic Components|2026-07-02|Fading|OPTX,LPTH
Private Mortgage Insurance|2026-07-02|Accelerating|NMIH,MTG,ESNT,RDN
Property & Casualty Insurance Underwriters|2026-07-02|Nascent|WRB,PGR,CINF,ALL,ACGL,ORI,CB,AFG,TRV,SKWD,AXS,HCI,THG,HIG
Quantum Computing Hardware & Annealing Systems|2026-07-02|Fading|QBTS,INFQ
Quantum Computing & Quantum-Safe Networking|2026-07-02|Mainstream|QNT,ARQQ
Rare & Orphan Disease Biotech Re-Rating|2026-07-02|Nascent|RARE,MIRM,RGNX,AGIO,AMLX
Satellite Communications & Space Data Services|2026-07-02|Nascent|GD,VSAT,PL,ASTS,RTX,SPIR,MDA
Semiconductor Probe Card & Front-End Test Equipment|2026-07-02|Fading|COHU,TER
Semiconductor Wafer Foundry & Advanced IC Manufacturing|2026-07-02|Mainstream|MKSI,KLIC,AMAT,VECO,LRCX,TSEM,KLAC,ACMR,PDFS,UCTT,ICHR,GFS,UMC,FORM
Senior Living & Housing Operators|2026-07-02|Mainstream|BKD,JAN
Specialty Catastrophe Property Insurance Underwriters|2026-07-02|Nascent|NP,SLDE
Specialty Insurance Underwriting & Brokerage|2026-07-02|Nascent|PLMR,KNSL,RYAN,WTW
Targeted Protein Degradation Oncology|2026-07-02|Nascent|KYMR,GLUE
Truckload & LTL Freight Carriers|2026-07-02|Fading|SNDR,KNX,WERN,TFII,LSTR,ARCB
U.S. Passenger Airlines|2026-07-02|Accelerating|DAL,ALGT,SKYW,LUV,ALK,UAL
U.S. Petroleum Refining & Downstream Processing|2026-07-02|Nascent|MPC,DK,PBF,DINO,PSX,VLO
U.S. Regional & Mid-Cap Commercial Banks|2026-07-02|Nascent|FITB,HBAN,WAL,TFC,MTB,WTFC,ZION,KEY,GBCI,USB,PNC,SSB,CFG,UMBF,WSFS,EWBC,RF,HWC,BOKF,FHN
AI Cloud GPU & Datacenter Colocation Platforms|2026-07-06|Nascent|WYFI,PENG,SHAZ
AI Data Center Power Infrastructure|2026-07-06|Mainstream|BE,VRT,PWR,FCEL,AGX
AI Memory & Storage|2026-07-06|Fading|STX,WDC,MU,MRAM,SIMO,SNDK,QMCO
Alternative Asset Management Platforms|2026-07-06|Nascent|BAM,BN,CG,KKR,TPG
Autoimmune & Inflammatory Disease Biopharmaceuticals|2026-07-06|Retired|
Automotive Electronics & Sensor Components|2026-07-06|Nascent|MEI,OUST,AEVA,ALGM
B2B Digital Financial Infrastructure & Payment Rails Modernization|2026-07-06|Nascent|ALKT,WSE,PAY,QTWO
Casual Dining Restaurant Turnaround|2026-07-06|Mainstream|CBRL,EAT
Clinical-Stage Oncology Therapeutics|2026-07-06|Retired|
Coal Mining & Export (Metallurgical & Thermal)|2026-07-06|Fading|AMR,HCC
Coastal & Suburban Residential Rental REITs|2026-07-06|Nascent|AVB,EQR,ESS,AMH,INVH
Commercial Real Estate Brokerage & Advisory Services|2026-07-06|Fading|JLL,NMRK
Construction Aggregates & Building Materials|2026-07-06|Fading|CRH,VMC
Consumer Fintech & Digital Credit Platforms|2026-07-06|Nascent|DAVE,SEZL
Crypto Asset Recovery|2026-07-06|Fading|WULF,HUT,RIOT
Custom AI Silicon & Chip Architecture Licensing|2026-07-06|Mainstream|CEVA,ALAB,QUIK,ARM,MXL,MRVL,AIP,CRDO
Defense Drones & Unmanned Aerial Systems|2026-07-06|Fading|RCAT,UMAC
Digital Advertising Technology Platforms|2026-07-06|Nascent|MGNI,APPS
Digital Banking Software Platforms|2026-07-06|Retired|
Digital Insurance Distribution & Marketplace Platforms|2026-07-06|Nascent|GSHD,PRCH
Domestic Steel Producers|2026-07-06|Fading|NUE,STLD
European Bank Stocks|2026-07-06|Mainstream|SAN,ING,BBVA,NWG,LYG,BCS
Franchise Auto Dealership Groups|2026-07-06|Nascent|ABG,AN,PAG,SAH
Genomic Medicine & Synthetic DNA Tools|2026-07-06|Nascent|MRNA,TWST
Golf Equipment & Apparel|2026-07-06|Nascent|GOLF,CALY
Government-Funded Senior & Post-Acute Care Re-Rating|2026-07-06|Nascent|ALHC,AVAH
Industrial & Logistics REITs|2026-07-06|Nascent|EGP,FR,PLD,REXR,STAG,TRNO
Industrial Power Equipment & Electrical Systems|2026-07-06|Fading|ETN,GNRC,RRX
Inflammatory Disease & Immunology Biologics|2026-07-06|Mainstream|ORKA,SYRE
Insurance Brokerage & Distribution Services|2026-07-06|Accelerating|AON,AJG,BRO
Insurance Brokerage & Risk Advisory|2026-07-06|Fading|BWIN,MRSH
In Vivo Gene Therapy & Genome Editing|2026-07-06|Retired|
Large-Cap U.S. Defense Primes|2026-07-06|Fading|LMT,NOC
Life Insurance & Annuity Providers|2026-07-06|Accelerating|PFG,PRU,UNM,MET
Liquid Biopsy & Multi-Cancer Early Detection|2026-07-06|Nascent|GRAL,GH
Medical Devices & Surgical Equipment|2026-07-06|Fading|ATEC,SYK
Midstream Energy Infrastructure & Pipeline Operators|2026-07-06|Fading|DTM,AM,TRGP
Multifamily Apartment REITs|2026-07-06|Accelerating|UDR,CPT,IRT,MAA
Network Security & Zero-Trust Edge|2026-07-06|Mainstream|GRRR,TENB,BB,VRNS,QLYS,PANW,CRWD,FTNT,OKTA,RPD,RBRK
Office REIT Recovery & Re-Rating|2026-07-06|Nascent|CDP,HIW,SLG
Oilfield Pressure Pumping & Completion Services|2026-07-06|Nascent|AESI,AROC,KGS,LBRT,PUMP
Open-Air & Strip Mall Retail REITs|2026-07-06|Nascent|BRX,FRT,KIM,KRG,PECO,REG,SKT,UE
Peptide & Hormone Therapies for Metabolic & Endocrine Disorders|2026-07-06|Mainstream|ASND,VKTX,XERS,MBX,CORT
Precious Metals Miners (Gold & Silver)|2026-07-06|Fading|EGO,SSRM
Precision Aerospace & Defense Component Manufacturers|2026-07-06|Fading|AADX,ELMT
Precision Optics & Photonic Components|2026-07-06|Fading|OPTX,LPTH
Private Mortgage Insurance|2026-07-06|Accelerating|ESNT,NMIH,RDN,MTG
Property & Casualty Insurance Underwriters|2026-07-06|Nascent|HCI,TRV,ALL,ORI,CINF,WRB,CB,ACGL,AXS,AFG,HIG,PGR,THG,SKWD,LMND
Quantum Computing Hardware & Annealing Systems|2026-07-06|Fading|QBTS,INFQ
Quantum Computing & Quantum-Safe Networking|2026-07-06|Mainstream|ARQQ,QNT
Rare & Orphan Disease Biotech|2026-07-06|Nascent|RARE,RGNX,RYTM,MIRM,SRRK
Rare & Orphan Disease Biotech Re-Rating|2026-07-06|Retired|
Satellite Communications & Space Data Services|2026-07-06|Nascent|MDA,SPIR,VSAT,ASTS,PL
Self-Storage REITs|2026-07-06|Nascent|PSA,EXR,CUBE,NSA
Semiconductor Probe Card & Front-End Test Equipment|2026-07-06|Fading|COHU,TER
Semiconductor Wafer Foundry & Advanced IC Manufacturing|2026-07-06|Fading|MKSI,PDFS,ACMR,UMC,KLAC,TSEM,GFS,VECO,AMAT,UCTT,LRCX,ICHR,KLIC
Senior Living & Housing Operators|2026-07-06|Mainstream|BKD,JAN
Senior & Long-Term Care Healthcare REITs|2026-07-06|Nascent|LTC,NHI,OHI,SBRA,VTR
Specialty Catastrophe Property Insurance Underwriters|2026-07-06|Nascent|SLDE,NP
Specialty Insurance Underwriting & Brokerage|2026-07-06|Nascent|WTW,KNSL,RYAN,PLMR
Targeted Protein Degradation Oncology|2026-07-06|Nascent|KYMR,GLUE
Truckload & LTL Freight Carriers|2026-07-06|Fading|WERN,LSTR,TFII,ARCB,SNDR,KNX
U.S. Passenger Airlines|2026-07-06|Accelerating|ALK,UAL,ALGT,DAL,LUV,SKYW
U.S. Petroleum Refining & Downstream Processing|2026-07-06|Nascent|DINO,PBF,DK,PSX,VLO,MPC
U.S. Regional & Mid-Cap Commercial Banks|2026-07-06|Accelerating|RF,BOKF,HBAN,FHN,MTB,FITB,USB,UMBF,WSFS,WAL,KEY,TFC,HWC,SSB,EWBC,ZION,GBCI,CFG,WTFC,PNC
AI Cloud GPU & Datacenter Colocation Platforms|2026-07-07|Nascent|WYFI,PENG,SHAZ
AI Data Center Power Infrastructure|2026-07-07|Fading|BE,VRT,FCEL,AGX
AI Memory & Storage|2026-07-07|Fading|STX,WDC,MU,MRAM,SIMO,SNDK,QMCO
Alternative Asset Management Platforms|2026-07-07|Fading|BN,KKR
Automotive Electronics & Sensor Components|2026-07-07|Nascent|MEI,OUST,AEVA,ALGM
B2B Digital Financial Infrastructure & Payment Rails Modernization|2026-07-07|Nascent|WSE,PAY,QTWO,ALKT
Casual Dining Restaurant Turnaround|2026-07-07|Mainstream|CBRL,EAT
Coal Mining & Export (Metallurgical & Thermal)|2026-07-07|Retired|
Coastal & Suburban Residential Rental REITs|2026-07-07|Nascent|INVH,EQR,AMH,AVB,ESS
Commercial Real Estate Brokerage & Advisory Services|2026-07-07|Retired|
Construction Aggregates & Building Materials|2026-07-07|Retired|
Consumer Fintech & Digital Credit Platforms|2026-07-07|Nascent|DAVE,SEZL
Crypto Asset Recovery|2026-07-07|Fading|HUT,RIOT
Custom AI Silicon & Chip Architecture Licensing|2026-07-07|Mainstream|CEVA,ALAB,QUIK,ARM,MXL,MRVL,AIP,CRDO
Defense Drones & Unmanned Aerial Systems|2026-07-07|Retired|
Digital Advertising Technology Platforms|2026-07-07|Nascent|MGNI,APPS
Digital Insurance Distribution & Marketplace Platforms|2026-07-07|Nascent|GSHD,PRCH
Domestic Steel Producers|2026-07-07|Fading|NUE,STLD
European Bank Stocks|2026-07-07|Mainstream|SAN,ING,BBVA,NWG,LYG,BCS
Franchise Auto Dealership Groups|2026-07-07|Fading|ABG,PAG,SAH
Genomic Medicine & Synthetic DNA Tools|2026-07-07|Nascent|MRNA,TWST
Golf Equipment & Apparel|2026-07-07|Nascent|GOLF,CALY
Government-Funded Senior & Post-Acute Care Re-Rating|2026-07-07|Nascent|AVAH,ALHC
Industrial & Logistics REITs|2026-07-07|Fading|EGP,FR,STAG,TRNO
Industrial Power Equipment & Electrical Systems|2026-07-07|Fading|ETN,RRX
Inflammatory Disease & Immunology Biologics|2026-07-07|Mainstream|ORKA,SYRE
Insurance Brokerage & Distribution Services|2026-07-07|Accelerating|AON,AJG,BRO
Insurance Brokerage & Risk Advisory|2026-07-07|Fading|BWIN,MRSH
Large-Cap U.S. Defense Primes|2026-07-07|Fading|LMT,NOC
Life Insurance & Annuity Providers|2026-07-07|Accelerating|PFG,PRU,UNM,MET
Liquid Biopsy & Multi-Cancer Early Detection|2026-07-07|Nascent|GRAL,GH
Medical Devices & Surgical Equipment|2026-07-07|Retired|
Midstream Energy Infrastructure & Pipeline Operators|2026-07-07|Fading|DTM,AM,TRGP
Multifamily Apartment REITs|2026-07-07|Accelerating|UDR,IRT,CPT,MAA
Network Security & Zero-Trust Edge|2026-07-07|Mainstream|GRRR,RPD,CRWD,FTNT,OKTA,TENB,VRNS,BB,QLYS,PANW,RBRK,CVLT
Office REIT Recovery & Re-Rating|2026-07-07|Nascent|SLG,CDP,HIW
Oilfield Pressure Pumping & Completion Services|2026-07-07|Retired|
Oncology Targeted Therapy Biotechs|2026-07-07|Nascent|TGTX,RVMD,ELVN,SNDX,IMNM
Open-Air & Strip Mall Retail REITs|2026-07-07|Nascent|FRT,KRG,PECO,BRX,SKT,KIM,UE,REG
Peptide & Hormone Therapies for Metabolic & Endocrine Disorders|2026-07-07|Mainstream|ASND,VKTX,XERS,MBX,CORT,PTGX
Precious Metals Miners (Gold & Silver)|2026-07-07|Fading|EGO,SSRM
Precision Aerospace & Defense Component Manufacturers|2026-07-07|Fading|AADX,ELMT
Precision Optics & Photonic Components|2026-07-07|Fading|OPTX,LPTH
Private Mortgage Insurance|2026-07-07|Accelerating|ESNT,NMIH,RDN,MTG
Property & Casualty Insurance Underwriters|2026-07-07|Nascent|HCI,TRV,ALL,ORI,CINF,WRB,CB,ACGL,AXS,AFG,HIG,PGR,LMND,THG,SKWD
Quantum Computing Hardware & Annealing Systems|2026-07-07|Fading|QBTS,INFQ
Quantum Computing & Quantum-Safe Networking|2026-07-07|Mainstream|ARQQ,QNT
Rare Cardiometabolic & Endocrine Specialty Pharma|2026-07-07|Nascent|CRNX,LQDA,MLYS,NAMS
Rare Disease Small Molecule Precision Therapeutics|2026-07-07|Nascent|GPCR,MAZE,VRDN
Rare & Orphan Disease Biotech|2026-07-07|Retired|
Satellite Communications & Space Data Services|2026-07-07|Nascent|MDA,SPIR,PL
Self-Storage REITs|2026-07-07|Fading|PSA,EXR,CUBE,NSA
Semiconductor Probe Card & Front-End Test Equipment|2026-07-07|Fading|COHU,TER
Semiconductor Wafer Foundry & Advanced IC Manufacturing|2026-07-07|Fading|MKSI,PDFS,ACMR,UMC,KLAC,TSEM,GFS,VECO,AMAT,UCTT,LRCX,ICHR,KLIC
Senior Living & Housing Operators|2026-07-07|Mainstream|BKD,JAN
Senior & Long-Term Care Healthcare REITs|2026-07-07|Nascent|SBRA,VTR,OHI,NHI,LTC
SMB & Workforce Business Services Platforms|2026-07-07|Nascent|NSP,FA,LZ
Specialty Catastrophe Property Insurance Underwriters|2026-07-07|Nascent|SLDE,NP
Specialty Insurance Underwriting & Brokerage|2026-07-07|Nascent|WTW,KNSL,RYAN,PLMR
Targeted Protein Degradation Oncology|2026-07-07|Nascent|KYMR,GLUE
Truckload & LTL Freight Carriers|2026-07-07|Fading|WERN,LSTR,TFII,ARCB,SNDR,KNX
U.S. Passenger Airlines|2026-07-07|Accelerating|ALK,UAL,ALGT,DAL,LUV,SKYW
U.S. Petroleum Refining & Downstream Processing|2026-07-07|Nascent|DINO,KGS,PBF,DK,VLO,PSX,MPC,AROC
U.S. Regional & Mid-Cap Commercial Banks|2026-07-07|Accelerating|RF,BOKF,HBAN,FHN,MTB,FITB,USB,UMBF,WSFS,WAL,KEY,TFC,HWC,SSB,EWBC,ZION,GBCI,CFG,WTFC,PNC
AI Cloud GPU & Datacenter Colocation Platforms|2026-07-08|Nascent|WYFI,SHAZ,PENG
AI Data Center Power Infrastructure|2026-07-08|Fading|BE,VRT,FCEL,AGX
AI Memory & Storage|2026-07-08|Fading|SIMO,SNDK,MU,QMCO,WDC,STX
Alternative Asset Management Platforms|2026-07-08|Fading|BN,KKR
Automotive Electronics & Sensor Components|2026-07-08|Fading|ALGM,AEVA,MEI,OUST
B2B Digital Financial Infrastructure & Payment Rails Modernization|2026-07-08|Nascent|QTWO,ALKT,PAY
Bitcoin Mining & Crypto Infrastructure Operators|2026-07-08|Nascent|CIFR,CORZ,HUT,IREN,WULF
Casual Dining Restaurant Turnaround|2026-07-08|Mainstream|CBRL,EAT
Cloud Observability & AIOps Monitoring Platforms|2026-07-08|Nascent|DDOG,DT
Coastal & Suburban Residential Rental REITs|2026-07-08|Accelerating|INVH,ESS,AMH,AVB,EQR
Commercial Real Estate Brokerage & Advisory Services|2026-07-08|Nascent|CBRE,CWK,JLL,NMRK
Consumer Fintech & Digital Credit Platforms|2026-07-08|Nascent|DAVE,SEZL
Crypto Asset Recovery|2026-07-08|Retired|
Custom AI Silicon & Chip Architecture Licensing|2026-07-08|Mainstream|ARM,MRVL,MXL,ALAB,CEVA,QUIK,CRDO
Digital Advertising Technology Platforms|2026-07-08|Nascent|MGNI,APPS
Digital Insurance Distribution & Marketplace Platforms|2026-07-08|Nascent|PRCH,GSHD
Domestic Steel Producers|2026-07-08|Fading|NUE,STLD
European Bank Stocks|2026-07-08|Mainstream|BCS,BBVA,LYG,SAN,NWG,ING
Franchise Auto Dealership Groups|2026-07-08|Fading|ABG,SAH,PAG
Genomic Medicine & Synthetic DNA Tools|2026-07-08|Nascent|MRNA,TWST
Global Digital Payments & Cross-Border Fintech|2026-07-08|Nascent|WSE,FOUR,PAYP
Golf Equipment & Apparel|2026-07-08|Nascent|CALY,GOLF
Government-Funded Senior & Post-Acute Care Re-Rating|2026-07-08|Fading|AVAH,ALHC
Industrial & Logistics REITs|2026-07-08|Fading|EGP,STAG,TRNO,FR
Industrial Power Equipment & Electrical Systems|2026-07-08|Fading|ETN,RRX
Inflammatory Disease & Immunology Biologics|2026-07-08|Mainstream|SYRE,ORKA
Insurance Brokerage & Distribution Services|2026-07-08|Accelerating|BRO,AON,AJG
Insurance Brokerage & Risk Advisory|2026-07-08|Fading|MRSH,BWIN
In Vivo Gene & Engineered Cell Therapy Clinical Re-Rating|2026-07-08|Nascent|RGNX,SRPT,IMMX,SRRK,VOR
Large-Cap U.S. Defense Primes|2026-07-08|Fading|LMT,NOC
Life Insurance & Annuity Providers|2026-07-08|Accelerating|PRU,UNM,MET,PFG
Liquid Biopsy & Multi-Cancer Early Detection|2026-07-08|Nascent|GH,GRAL
Midstream Energy Infrastructure & Pipeline Operators|2026-07-08|Fading|DTM,AM,TRGP
Multifamily Apartment REITs|2026-07-08|Nascent|CPT,MAA,IRT,UDR
Network Security & Zero-Trust Edge|2026-07-08|Nascent|CVLT,QLYS,CRWD,FTNT,VRNS,RBRK,RPD,TENB,GRRR,BB,PANW,OKTA
Non-US & Frontier Market Digital Financial Services Re-Rating|2026-07-08|Nascent|SE,WSE,PAYP,FRHC
Office REIT Recovery & Re-Rating|2026-07-08|Nascent|HIW,CDP,SLG
Oilfield Pressure Pumping & Completion Services|2026-07-08|Nascent|AESI,AROC,KGS,LBRT,PUMP
Oncology Targeted Therapy Biotechs|2026-07-08|Retired|
Open-Air & Strip Mall Retail REITs|2026-07-08|Accelerating|REG,UE,KRG,SKT,BRX,FRT,PECO,KIM
Peptide & Hormone Therapies for Metabolic & Endocrine Disorders|2026-07-08|Mainstream|VKTX,ASND,CORT,XERS,PTGX,MBX
Precious Metals Miners (Gold & Silver)|2026-07-08|Fading|EGO,SSRM
Precision Aerospace & Defense Component Manufacturers|2026-07-08|Fading|AADX,ELMT
Precision Optics & Photonic Components|2026-07-08|Fading|OPTX,LPTH
Private Mortgage Insurance|2026-07-08|Accelerating|RDN,ESNT,MTG,NMIH
Property & Casualty Insurance Underwriters|2026-07-08|Nascent|TRV,CB,HIG,THG,ORI,AFG,AXS,WRB,ACGL,PGR,CINF,SKWD,HCI,ALL,LMND
Pure-Play Quantum Computing Hardware|2026-07-08|Nascent|IONQ,RGTI
Quantum Computing Hardware & Annealing Systems|2026-07-08|Fading|QBTS,INFQ
Quantum Computing & Quantum-Safe Networking|2026-07-08|Fading|ARQQ,QNT
Rare Cardiometabolic & Endocrine Specialty Pharma|2026-07-08|Retired|
Rare Disease Small Molecule Precision Therapeutics|2026-07-08|Retired|
Rare & Orphan Disease Biotech|2026-07-08|Nascent|RARE,RGNX,RYTM,MIRM,SRRK
Satellite Communications & Space Data Services|2026-07-08|Fading|MDA,SPIR
Self-Storage REITs|2026-07-08|Fading|PSA,EXR,CUBE,NSA
Semiconductor Probe Card & Front-End Test Equipment|2026-07-08|Fading|COHU,TER
Semiconductor Wafer Foundry & Advanced IC Manufacturing|2026-07-08|Fading|GFS,PDFS,UMC,VECO,ACMR,ICHR,TSEM,AMAT,UCTT,LRCX,MKSI,KLIC,KLAC
Senior Living & Housing Operators|2026-07-08|Fading|BKD,JAN
Senior & Long-Term Care Healthcare REITs|2026-07-08|Nascent|NHI,OHI,VTR,SBRA,LTC
SMB & Workforce Business Services Platforms|2026-07-08|Nascent|LZ,NSP
Specialty Catastrophe Property Insurance Underwriters|2026-07-08|Nascent|NP,SLDE
Specialty Insurance Underwriting & Brokerage|2026-07-08|Nascent|WTW,PLMR,KNSL,RYAN
Targeted Protein Degradation Oncology|2026-07-08|Nascent|GLUE,KYMR
Truckload & LTL Freight Carriers|2026-07-08|Fading|LSTR,WERN,SNDR,TFII,KNX,ARCB
U.S. Passenger Airlines|2026-07-08|Accelerating|UAL,ALK,DAL,LUV,ALGT,SKYW
U.S. Petroleum Refining & Downstream Processing|2026-07-08|Nascent|MPC,DINO,VLO,DK,PBF,PSX
U.S. Regional & Mid-Cap Commercial Banks|2026-07-08|Accelerating|PNC,SSB,EWBC,WTFC,ZION,USB,WAL,MTB,UMBF,RF,GBCI,KEY,CFG,BOKF,HBAN,TFC,HWC,FITB,WSFS,FHN
Wealth Management & Retail Brokerage Platforms|2026-07-08|Nascent|AMP,LPLA,RJF,SCHW,SEIC,SF
AI Cloud GPU & Datacenter Colocation Platforms|2026-07-09|Nascent|WYFI,SHAZ,PENG
AI Data Center Power Infrastructure|2026-07-09|Fading|BE,VRT,FCEL,AGX
AI Memory & Storage|2026-07-09|Fading|SNDK,QMCO,MU,WDC,STX,SIMO
Alternative Asset Management Platforms|2026-07-09|Fading|BN,KKR
Automotive Electronics & Sensor Components|2026-07-09|Fading|OUST,ALGM,MEI,AEVA
B2B Digital Financial Infrastructure & Payment Rails Modernization|2026-07-09|Nascent|QTWO,PAY,ALKT
Bitcoin Mining & Crypto Infrastructure Operators|2026-07-09|Fading|CIFR,CORZ
Casual Dining Restaurant Turnaround|2026-07-09|Mainstream|EAT,CBRL
Clinical-Stage Autoimmune & Inflammatory Disease Therapeutics|2026-07-09|Nascent|DNTH,ZBIO,ALMS,VERA,ANNX
Clinical-Stage Oncology Drug Development|2026-07-09|Nascent|RVMD,KURA,IMNM,CRVS,SNDX,IMMX
Cloud Observability & AIOps Monitoring Platforms|2026-07-09|Nascent|DDOG,DT
Coastal & Suburban Residential Rental REITs|2026-07-09|Accelerating|AVB,AMH,INVH,EQR,ESS
Commercial Real Estate Brokerage & Advisory Services|2026-07-09|Fading|CBRE,CWK,JLL,NMRK
Consumer Fintech & Digital Credit Platforms|2026-07-09|Nascent|DAVE,SEZL
Corporate Spend, Expense Management & Financial Operations Software|2026-07-09|Nascent|NAVN,WEX,BILL
Custom AI Silicon & Chip Architecture Licensing|2026-07-09|Mainstream|MRVL,ALAB,MXL,QUIK,CRDO,ARM,CEVA
Digital Advertising Technology Platforms|2026-07-09|Nascent|MGNI,APPS
Digital Insurance Distribution & Marketplace Platforms|2026-07-09|Nascent|PRCH,GSHD
Domestic Steel Producers|2026-07-09|Retired|
European Bank Stocks|2026-07-09|Mainstream|BBVA,LYG,ING,BCS,SAN,NWG
Franchise Auto Dealership Groups|2026-07-09|Accelerating|PAG,SAH,ABG
Genomic Medicine & Synthetic DNA Tools|2026-07-09|Nascent|MRNA,TWST
Global Digital Payments & Cross-Border Fintech|2026-07-09|Retired|
Golf Equipment & Apparel|2026-07-09|Fading|CALY,GOLF
Government-Funded Senior & Post-Acute Care Re-Rating|2026-07-09|Fading|AVAH,ALHC
Industrial & Logistics REITs|2026-07-09|Accelerating|STAG,FR,TRNO,EGP
Industrial Power Equipment & Electrical Systems|2026-07-09|Fading|ETN,RRX
Inflammatory Disease & Immunology Biologics|2026-07-09|Mainstream|ORKA,SYRE
Insurance Brokerage & Distribution Services|2026-07-09|Accelerating|AON,AJG,BRO
Insurance Brokerage & Risk Advisory|2026-07-09|Retired|
In Vivo Gene & Engineered Cell Therapy Clinical Re-Rating|2026-07-09|Retired|
Large-Cap U.S. Defense Primes|2026-07-09|Fading|LMT,NOC
Life Insurance & Annuity Providers|2026-07-09|Accelerating|UNM,MET,PRU,PFG
Liquid Biopsy & Multi-Cancer Early Detection|2026-07-09|Nascent|GRAL,GH
Midstream Energy Infrastructure & Pipeline Operators|2026-07-09|Retired|
Molecular Diagnostics & DNA-Based Genetic Testing|2026-07-09|Nascent|BLLN,WGS,QGEN
Multifamily Apartment REITs|2026-07-09|Nascent|MAA,CPT,UDR,IRT
Network Security & Zero-Trust Edge|2026-07-09|Nascent|RPD,VRNS,OKTA,FTNT,CVLT,RBRK,GRRR,PANW,BB,CRWD,QLYS,TENB
Non-US & Frontier Market Digital Financial Services Re-Rating|2026-07-09|Nascent|FOUR,PAYP,WSE
Office REIT Recovery & Re-Rating|2026-07-09|Nascent|HIW,CDP,SLG
Oilfield Pressure Pumping & Completion Services|2026-07-09|Fading|AROC,KGS
Oncology Targeted Therapy Biotechs|2026-07-09|Nascent|TGTX,RVMD,ELVN,SNDX,IMNM
Open-Air & Strip Mall Retail REITs|2026-07-09|Fading|REG,KIM,BRX,KRG,UE,SKT,FRT,PECO
Peptide & Hormone Therapies for Metabolic & Endocrine Disorders|2026-07-09|Mainstream|PTGX,ASND,MBX,CORT,VKTX,XERS
Precious Metals Miners (Gold & Silver)|2026-07-09|Retired|
Precision Aerospace & Defense Component Manufacturers|2026-07-09|Retired|
Precision Optics & Photonic Components|2026-07-09|Fading|OPTX,LPTH
Private Mortgage Insurance|2026-07-09|Accelerating|NMIH,RDN,ESNT,MTG
Property & Casualty Insurance Underwriters|2026-07-09|Nascent|TRV,WRB,CINF,ORI,HIG,THG,ACGL,AXS,SKWD,HCI,CB,ALL,AFG,PGR,LMND
Pure-Play Quantum Computing Hardware|2026-07-09|Fading|IONQ,RGTI
Quantum Computing Hardware & Annealing Systems|2026-07-09|Retired|
Quantum Computing & Quantum-Safe Networking|2026-07-09|Fading|ARQQ,QNT
Rare Cardiometabolic & Endocrine Specialty Pharma|2026-07-09|Nascent|CRNX,LQDA,MLYS,NAMS
Rare Disease Small Molecule Precision Therapeutics|2026-07-09|Nascent|GPCR,MAZE,VRDN
Rare Neurological, Neuromuscular & Genetic Disease Biotech|2026-07-09|Nascent|CRNX,XENE,BBIO,SRRK,AMLX,ACAD
Rare & Orphan Disease Biotech|2026-07-09|Retired|
Satellite Communications & Space Data Services|2026-07-09|Fading|MDA,SPIR
Self-Storage REITs|2026-07-09|Fading|PSA,EXR,CUBE,NSA
Semiconductor Probe Card & Front-End Test Equipment|2026-07-09|Fading|COHU,TER
Semiconductor Wafer Foundry & Advanced IC Manufacturing|2026-07-09|Fading|UCTT,KLIC,KLAC,ACMR,VECO,LRCX,PDFS,UMC,ICHR,TSEM,AMAT,MKSI
Senior Living & Housing Operators|2026-07-09|Fading|JAN,BKD
Senior & Long-Term Care Healthcare REITs|2026-07-09|Nascent|VTR,LTC,NHI,SBRA,OHI
SMB & Workforce Business Services Platforms|2026-07-09|Nascent|NSP,LZ
Specialty Catastrophe Property Insurance Underwriters|2026-07-09|Nascent|NP,SLDE
Specialty Insurance Underwriting & Brokerage|2026-07-09|Nascent|KNSL,RYAN,WTW,PLMR
Targeted Protein Degradation Oncology|2026-07-09|Nascent|KYMR,GLUE
Truckload & LTL Freight Carriers|2026-07-09|Nascent|TFII,KNX,LSTR,SNDR,ARCB,WERN
U.S. Passenger Airlines|2026-07-09|Accelerating|SKYW,UAL,ALK,ALGT,LUV,DAL
U.S. Petroleum Refining & Downstream Processing|2026-07-09|Nascent|PSX,PBF,MPC,DINO,VLO,DK
U.S. Regional & Mid-Cap Commercial Banks|2026-07-09|Accelerating|TFC,EWBC,FITB,WSFS,PNC,CFG,HBAN,UMBF,KEY,MTB,GBCI,FHN,SSB,ZION,HWC,WAL,BOKF,WTFC,RF,USB
Wealth Management & Retail Brokerage Platforms|2026-07-09|Nascent|SEIC,SF,SCHW,AMP,LPLA,RJF
AI Cloud GPU & Datacenter Colocation Platforms|2026-07-10|Nascent|PENG,SHAZ,WYFI
AI Data Center Power Infrastructure|2026-07-10|Fading|BE,VRT,FCEL,AGX
AI Memory & Storage|2026-07-10|Fading|QMCO,MU,SNDK,WDC,STX,SIMO
Alternative Asset Management Platforms|2026-07-10|Fading|BN,KKR
Antibody-Based Oncology & Autoimmune Biologics|2026-07-10|Nascent|GMAB,ZYME,ABVX
Automotive Electronics & Sensor Components|2026-07-10|Fading|OUST,ALGM,MEI,AEVA
B2B Digital Financial Infrastructure & Payment Rails Modernization|2026-07-10|Nascent|QTWO,PAY,ALKT
Bitcoin Mining & Crypto Infrastructure Operators|2026-07-10|Fading|CIFR,CORZ
Casual Dining Restaurant Turnaround|2026-07-10|Mainstream|CBRL,EAT
Clinical-Stage Autoimmune & Inflammatory Disease Therapeutics|2026-07-10|Retired|
Clinical-Stage Oncology Drug Development|2026-07-10|Retired|
Cloud Observability & AIOps Monitoring Platforms|2026-07-10|Nascent|DT,DDOG
Coastal & Suburban Residential Rental REITs|2026-07-10|Accelerating|AMH,AVB,ESS,EQR,INVH
Commercial Real Estate Brokerage & Advisory Services|2026-07-10|Fading|CBRE,CWK,JLL,NMRK
Consumer Fintech & Digital Credit Platforms|2026-07-10|Nascent|DAVE,SEZL
Corporate Spend, Expense Management & Financial Operations Software|2026-07-10|Nascent|BILL,WEX,NAVN
Custom AI Silicon & Chip Architecture Licensing|2026-07-10|Nascent|MXL,ALAB,CRDO,ARM,MRVL,QUIK,CEVA
Digital Advertising Technology Platforms|2026-07-10|Nascent|MGNI,APPS
Digital Insurance Distribution & Marketplace Platforms|2026-07-10|Nascent|GSHD,PRCH
Emerging Market Digital Commerce & Fintech Platforms|2026-07-10|Nascent|SE,MELI
European Bank Stocks|2026-07-10|Mainstream|BCS,BBVA,LYG,ING,NWG,SAN
Franchise Auto Dealership Groups|2026-07-10|Accelerating|ABG,PAG,SAH
Genomic Medicine & Synthetic DNA Tools|2026-07-10|Nascent|MRNA,TWST
Golf Equipment & Apparel|2026-07-10|Fading|CALY,GOLF
Government-Funded Senior & Post-Acute Care Re-Rating|2026-07-10|Fading|AVAH,ALHC
Industrial & Logistics REITs|2026-07-10|Accelerating|EGP,FR,STAG,TRNO
Industrial Power Equipment & Electrical Systems|2026-07-10|Retired|
Inflammatory Disease & Immunology Biologics|2026-07-10|Mainstream|ORKA,SYRE
Insurance Brokerage & Distribution Services|2026-07-10|Accelerating|AJG,BRO,AON
In Vivo Gene & Engineered Cell Therapy Clinical Re-Rating|2026-07-10|Nascent|RGNX,SRPT,IMMX,SRRK,VOR
Large-Cap U.S. Defense Primes|2026-07-10|Fading|LMT,NOC
Life Insurance & Annuity Providers|2026-07-10|Accelerating|UNM,MET,PRU,PFG
Life Science Tools & Analytical Instruments|2026-07-10|Nascent|DHR,MTD,TMO,WAT
Liquid Biopsy & Multi-Cancer Early Detection|2026-07-10|Nascent|GRAL,GH
Molecular Diagnostics & DNA-Based Genetic Testing|2026-07-10|Nascent|QGEN,BLLN,WGS
Multifamily Apartment REITs|2026-07-10|Nascent|IRT,MAA,UDR,CPT
Network Security & Zero-Trust Edge|2026-07-10|Nascent|BB,TENB,CRWD,QLYS,RBRK,PANW,RPD,OKTA,GRRR,CVLT,FTNT,VRNS
Non-US & Frontier Market Digital Financial Services Re-Rating|2026-07-10|Nascent|PAYP,WSE
Office REIT Recovery & Re-Rating|2026-07-10|Nascent|HIW,CDP,SLG
Oilfield Pressure Pumping & Completion Services|2026-07-10|Fading|AROC,KGS
Oncology Targeted Therapy Biotechs|2026-07-10|Retired|
Open-Air & Strip Mall Retail REITs|2026-07-10|Fading|KRG,PECO,REG,BRX,FRT,UE,SKT,KIM
Peptide & Hormone Therapies for Metabolic & Endocrine Disorders|2026-07-10|Mainstream|VKTX,MBX,ASND,PTGX,XERS,CORT
Precision Optics & Photonic Components|2026-07-10|Retired|
Private Mortgage Insurance|2026-07-10|Nascent|MTG,NMIH,ESNT,RDN
Property & Casualty Insurance Underwriters|2026-07-10|Nascent|LMND,AFG,AXS,WRB,TRV,SKWD,ORI,PGR,CINF,ACGL,ALL,THG,HCI,HIG,CB
Pure-Play Quantum Computing Hardware|2026-07-10|Fading|IONQ,RGTI
Quantum Computing & Quantum-Safe Networking|2026-07-10|Fading|ARQQ,QNT
Rare Cardiometabolic & Endocrine Specialty Pharma|2026-07-10|Retired|
Rare Disease Small Molecule Precision Therapeutics|2026-07-10|Retired|
Rare Neurological, Neuromuscular & Genetic Disease Biotech|2026-07-10|Retired|
Satellite Communications & Space Data Services|2026-07-10|Fading|MDA,SPIR
Self-Storage REITs|2026-07-10|Fading|PSA,NSA
Semiconductor Probe Card & Front-End Test Equipment|2026-07-10|Retired|
Semiconductor Wafer Foundry & Advanced IC Manufacturing|2026-07-10|Fading|KLAC,ACMR,AMAT,MKSI,TSEM,PDFS,UCTT,KLIC,VECO,LRCX,UMC,ICHR
Senior Living & Housing Operators|2026-07-10|Fading|JAN,BKD
Senior & Long-Term Care Healthcare REITs|2026-07-10|Fading|VTR,LTC,NHI,SBRA,OHI
SMB & Workforce Business Services Platforms|2026-07-10|Nascent|NSP,LZ
Specialty Catastrophe Property Insurance Underwriters|2026-07-10|Nascent|SLDE,NP
Specialty Insurance Underwriting & Brokerage|2026-07-10|Nascent|RYAN,WTW,PLMR,KNSL
Targeted Protein Degradation Oncology|2026-07-10|Nascent|GLUE,KYMR
Truckload & LTL Freight Carriers|2026-07-10|Nascent|KNX,WERN,LSTR,ARCB,SNDR,TFII
U.S. Passenger Airlines|2026-07-10|Accelerating|ALGT,ALK,SKYW,LUV,DAL,UAL
U.S. Petroleum Refining & Downstream Processing|2026-07-10|Nascent|DINO,MPC,PSX,DK,PBF,VLO
U.S. Regional & Mid-Cap Commercial Banks|2026-07-10|Accelerating|BOKF,RF,PNC,KEY,HBAN,GBCI,ZION,MTB,CFG,SSB,FITB,WTFC,WAL,USB,FHN,WSFS,UMBF,HWC,TFC,EWBC
Wealth Management & Retail Brokerage Platforms|2026-07-10|Nascent|AMP,SEIC,SF,SCHW,LPLA,RJF
AI Cloud GPU & Datacenter Colocation Platforms|2026-07-13|Mainstream|WYFI,PENG,SHAZ
AI Data Center Power Infrastructure|2026-07-13|Fading|BE,FCEL
AI Memory & Storage|2026-07-13|Retired|
Alternative Asset Management Platforms|2026-07-13|Fading|BN,KKR
Antibody-Based Oncology & Autoimmune Biologics|2026-07-13|Nascent|ABVX,GMAB,ZYME
Automotive Electronics & Sensor Components|2026-07-13|Fading|ALGM,AEVA,OUST,MEI
B2B Digital Financial Infrastructure & Payment Rails Modernization|2026-07-13|Mainstream|QTWO,ALKT,PAY
B2B Marketing Automation & Customer Engagement SaaS|2026-07-13|Nascent|BRZE,KVYO,HUBS
Bitcoin Mining & Crypto Infrastructure Operators|2026-07-13|Fading|CIFR,CORZ
Casual Dining Restaurant Turnaround|2026-07-13|Mainstream|EAT,CBRL
Cloud Observability & AIOps Monitoring Platforms|2026-07-13|Nascent|DT,DDOG,PD
Coastal & Suburban Residential Rental REITs|2026-07-13|Accelerating|AVB,ESS,INVH,AMH,EQR
Commercial Real Estate Brokerage & Advisory Services|2026-07-13|Fading|CBRE,CWK,JLL,NMRK
Consumer Fintech & Digital Credit Platforms|2026-07-13|Mainstream|SEZL,DAVE
Corporate Spend, Expense Management & Financial Operations Software|2026-07-13|Nascent|NAVN,WEX,BILL
Custom AI Silicon & Chip Architecture Licensing|2026-07-13|Fading|CRDO,ARM,MRVL,QUIK,MXL,ALAB,CEVA
Digital Advertising Technology Platforms|2026-07-13|Mainstream|MGNI,APPS
Digital Insurance Distribution & Marketplace Platforms|2026-07-13|Mainstream|GSHD,PRCH
Emerging Market Digital Commerce & Fintech Platforms|2026-07-13|Nascent|SE,MELI
European Bank Stocks|2026-07-13|Mainstream|BCS,NWG,LYG,ING,BBVA,SAN
Franchise Auto Dealership Groups|2026-07-13|Accelerating|PAG,ABG,SAH
Genomic Medicine & Synthetic DNA Tools|2026-07-13|Mainstream|MRNA,TWST
Golf Equipment & Apparel|2026-07-13|Fading|CALY,GOLF
Government-Funded Senior & Post-Acute Care Re-Rating|2026-07-13|Fading|AVAH,ALHC
Health & Wellness Consumer Nutrition Brands|2026-07-13|Nascent|BRBR,VITL,SMPL
Industrial & Logistics REITs|2026-07-13|Accelerating|FR,TRNO,EGP,STAG
Inflammatory Disease & Immunology Biologics|2026-07-13|Fading|ORKA,SYRE
Insurance Brokerage & Distribution Services|2026-07-13|Mainstream|BRO,AJG,AON
In Vivo Gene & Engineered Cell Therapy Clinical Re-Rating|2026-07-13|Retired|
Large-Cap U.S. Defense Primes|2026-07-13|Retired|
Life Insurance & Annuity Providers|2026-07-13|Mainstream|PRU,MET,PFG,UNM
Life Science Tools & Analytical Instruments|2026-07-13|Nascent|WAT,DHR,TMO,MTD
Liquid Biopsy & Multi-Cancer Early Detection|2026-07-13|Nascent|GH,GRAL
Molecular Diagnostics & DNA-Based Genetic Testing|2026-07-13|Nascent|BLLN,WGS,QGEN
Multifamily Apartment REITs|2026-07-13|Fading|IRT,MAA,UDR,CPT
Network Security & Zero-Trust Edge|2026-07-13|Mainstream|RBRK,TENB,CRWD,OKTA,FTNT,BB,PANW,GRRR,RPD,CVLT,VRNS,QLYS
Non-US & Frontier Market Digital Financial Services Re-Rating|2026-07-13|Fading|PAYP,WSE
Office REIT Recovery & Re-Rating|2026-07-13|Mainstream|HIW,CDP,SLG
Oilfield Pressure Pumping & Completion Services|2026-07-13|Fading|AROC,KGS
Online Insurance Comparison & Digital Marketplace Platforms|2026-07-13|Nascent|MAX,EVER
Open-Air & Strip Mall Retail REITs|2026-07-13|Fading|SKT,KRG,UE,FRT,KIM,REG,PECO,BRX
Orthopedic & Surgical Device Recovery|2026-07-13|Nascent|CNMD,SYK
Peptide & Hormone Therapies for Metabolic & Endocrine Disorders|2026-07-13|Mainstream|VKTX,ASND,CORT,XERS,PTGX,MBX,CRNX
Private Mortgage Insurance|2026-07-13|Mainstream|NMIH,RDN,ESNT,MTG
Professional Advisory & Business Services|2026-07-13|Nascent|FA,CBZ,CRAI
Property & Casualty Insurance Underwriters|2026-07-13|Mainstream|SKWD,ACGL,TRV,ORI,ALL,THG,AFG,CB,WRB,LMND,CINF,HCI,PGR,AXS,HIG
Pure-Play Quantum Computing Hardware|2026-07-13|Fading|IONQ,RGTI
Quantum Computing & Quantum-Safe Networking|2026-07-13|Fading|ARQQ,QNT
Satellite Communications & Space Data Services|2026-07-13|Fading|MDA,SPIR
Self-Storage REITs|2026-07-13|Fading|PSA,NSA
Semiconductor Wafer Foundry & Advanced IC Manufacturing|2026-07-13|Fading|UMC,KLIC,LRCX,AMAT,TSEM,MKSI,UCTT,ICHR,KLAC,VECO,PDFS,ACMR
Senior Living & Housing Operators|2026-07-13|Fading|JAN,BKD
Senior & Long-Term Care Healthcare REITs|2026-07-13|Mainstream|LTC,NHI,OHI,SBRA,VTR
SMB & Workforce Business Services Platforms|2026-07-13|Nascent|LZ,NSP
Specialty Catastrophe Property Insurance Underwriters|2026-07-13|Mainstream|NP,SLDE
Specialty Insurance Underwriting & Brokerage|2026-07-13|Mainstream|KNSL,PLMR,WTW,RYAN
Targeted Protein Degradation Oncology|2026-07-13|Mainstream|GLUE,KYMR
Traditional Staffing & Talent Placement Services|2026-07-13|Nascent|MAN,RHI
Truckload & LTL Freight Carriers|2026-07-13|Mainstream|TFII,WERN,LSTR,KNX,ARCB,SNDR
U.S. Domestic Steel Producers|2026-07-13|Nascent|CMC,NUE,RS,STLD,TX
U.S. Passenger Airlines|2026-07-13|Fading|SKYW,LUV,ALGT,DAL,ALK,UAL
U.S. Petroleum Refining & Downstream Processing|2026-07-13|Mainstream|VLO,DINO,PBF,DK,MPC,PSX
U.S. Regional & Mid-Cap Commercial Banks|2026-07-13|Mainstream|RF,HBAN,UMBF,KEY,GBCI,WSFS,MTB,EWBC,TFC,WTFC,SSB,USB,BOKF,FHN,HWC,ZION,WAL,CFG,FITB,PNC
Wealth Management & Retail Brokerage Platforms|2026-07-13|Accelerating|SEIC,RJF,AMP,LPLA,SF,SCHW
AI Cloud GPU & Datacenter Colocation Platforms|2026-07-14|Fading|PENG,WYFI,SHAZ
AI Data Center Power Infrastructure|2026-07-14|Retired|
Alternative Asset Management Platforms|2026-07-14|Retired|
Antibody-Based Oncology & Autoimmune Biologics|2026-07-14|Fading|ABVX,GMAB,ZYME
Automotive Electronics & Sensor Components|2026-07-14|Fading|AEVA,OUST,MEI,ALGM
B2B Digital Financial Infrastructure & Payment Rails Modernization|2026-07-14|Mainstream|PAY,QTWO,ALKT
B2B Marketing Automation & Customer Engagement SaaS|2026-07-14|Nascent|KVYO,BRZE,HUBS
Bitcoin Mining & Crypto Infrastructure Operators|2026-07-14|Fading|CIFR,CORZ
Casual Dining Restaurant Turnaround|2026-07-14|Mainstream|EAT,CBRL
Cloud Data Storage & Analytics Infrastructure|2026-07-14|Nascent|SNOW,BLZE
Cloud Observability & AIOps Monitoring Platforms|2026-07-14|Nascent|PD,DDOG,DT
Coastal & Suburban Residential Rental REITs|2026-07-14|Mainstream|AVB,EQR,AMH,ESS,INVH
Commercial Real Estate Brokerage & Advisory Services|2026-07-14|Fading|CWK,JLL
Consumer Fintech & Digital Credit Platforms|2026-07-14|Mainstream|SEZL,DAVE
Corporate Spend, Expense Management & Financial Operations Software|2026-07-14|Nascent|NAVN,BILL,WEX
Crude & Product Tanker Operators|2026-07-14|Nascent|DHT,FRO,INSW,STNG,TNK,TRMD
Custom AI Silicon & Chip Architecture Licensing|2026-07-14|Mainstream|ALAB,ARM,CRDO,CEVA,MXL,QUIK,MRVL
Digital Advertising Technology Platforms|2026-07-14|Mainstream|APPS,MGNI
Digital Insurance Distribution & Marketplace Platforms|2026-07-14|Mainstream|PRCH,GSHD
Diversified Medical Device & Life Science Instrument Manufacturers|2026-07-14|Nascent|BDX,COO,PODD,STE,VLTO
Emerging Market Digital Commerce & Fintech Platforms|2026-07-14|Nascent|SE,MELI
European Bank Stocks|2026-07-14|Mainstream|SAN,NWG,ING,BBVA,LYG,BCS
Franchise Auto Dealership Groups|2026-07-14|Accelerating|PAG,SAH,ABG
Genomic Medicine & Synthetic DNA Tools|2026-07-14|Mainstream|TWST,MRNA
Golf Equipment & Apparel|2026-07-14|Mainstream|GOLF,CALY
Government-Funded Senior & Post-Acute Care Re-Rating|2026-07-14|Fading|AVAH,ALHC
Health & Wellness Consumer Nutrition Brands|2026-07-14|Fading|BRBR,VITL,SMPL
Industrial & Logistics REITs|2026-07-14|Fading|FR,TRNO,EGP,STAG
Inflammatory Disease & Immunology Biologics|2026-07-14|Mainstream|ORKA,SYRE
Insurance Brokerage & Distribution Services|2026-07-14|Mainstream|BRO,AON,AJG
Life Insurance & Annuity Providers|2026-07-14|Mainstream|UNM,PFG,MET,PRU
Life Science Tools & Analytical Instruments|2026-07-14|Accelerating|MTD,WAT,DHR,TMO
Liquid Biopsy & Multi-Cancer Early Detection|2026-07-14|Mainstream|GRAL,GH
Molecular Diagnostics & DNA-Based Genetic Testing|2026-07-14|Nascent|QGEN,BLLN,WGS
Multifamily Apartment REITs|2026-07-14|Fading|IRT,MAA,UDR,CPT
Network Security & Zero-Trust Edge|2026-07-14|Mainstream|TENB,CRWD,CVLT,QLYS,RPD,PANW,VRNS,FTNT,BB,GRRR,OKTA,RBRK
Non-US & Frontier Market Digital Financial Services Re-Rating|2026-07-14|Fading|PAYP,WSE
Office REIT Recovery & Re-Rating|2026-07-14|Mainstream|HIW,SLG,CDP
Oilfield Pressure Pumping & Completion Services|2026-07-14|Fading|AROC,KGS
Online Insurance Comparison & Digital Marketplace Platforms|2026-07-14|Nascent|MAX,EVER
Open-Air & Strip Mall Retail REITs|2026-07-14|Fading|SKT,KRG,UE,FRT,KIM,REG,PECO,BRX
Orthopedic & Surgical Device Recovery|2026-07-14|Fading|CNMD,SYK
Peptide & Hormone Therapies for Metabolic & Endocrine Disorders|2026-07-14|Mainstream|XERS,VKTX,ASND,PTGX,CORT,MBX
Precious Metals Miners & Royalty Streamers|2026-07-14|Nascent|AEM,AG,AGI,AU,CDE,EGO,EXK,FNV,FSM,GFI,HL,HMY,IAG,KGC,MUX,NEM,NG,OR,ORLA,PAAS,PPTA,RGLD,SA,SBSW,SSRM,TFPM,WPM
Private Mortgage Insurance|2026-07-14|Mainstream|ESNT,RDN,NMIH,MTG
Professional Advisory & Business Services|2026-07-14|Nascent|CRAI,CBZ,FA
Property & Casualty Insurance Underwriters|2026-07-14|Mainstream|ALL,ACGL,AFG,SKWD,WRB,LMND,HIG,TRV,PGR,ORI,AXS,CINF,HCI,THG,CB
Pure-Play Quantum Computing Hardware|2026-07-14|Fading|IONQ,RGTI
Quantum Computing & Quantum-Safe Networking|2026-07-14|Fading|ARQQ,QNT
Satellite Communications & Space Data Services|2026-07-14|Fading|MDA,SPIR
Self-Storage REITs|2026-07-14|Retired|
Semiconductor Wafer Foundry & Advanced IC Manufacturing|2026-07-14|Mainstream|UMC,LRCX,UCTT,KLIC,TSEM,PDFS,KLAC,AMAT,MKSI,ACMR,ICHR
Senior Living & Housing Operators|2026-07-14|Fading|JAN,BKD
Senior & Long-Term Care Healthcare REITs|2026-07-14|Fading|LTC,NHI,OHI,SBRA,VTR
SMB & Workforce Business Services Platforms|2026-07-14|Mainstream|NSP,LZ
Specialty Catastrophe Property Insurance Underwriters|2026-07-14|Mainstream|NP,SLDE
Specialty Insurance Underwriting & Brokerage|2026-07-14|Mainstream|WTW,PLMR,RYAN,KNSL
Speculative Space & Defense New Space Ventures|2026-07-14|Nascent|ASTS,LUNR,RCAT,RKLB
Targeted Protein Degradation Oncology|2026-07-14|Mainstream|GLUE,KYMR
Traditional Staffing & Talent Placement Services|2026-07-14|Nascent|RHI,MAN
Truckload & LTL Freight Carriers|2026-07-14|Mainstream|KNX,WERN,ARCB,SNDR,LSTR,TFII
U.S. Apparel & Fashion Recovery|2026-07-14|Nascent|UA,RVLV
U.S. Defense Prime Contractors|2026-07-14|Nascent|GD,HII,LHX,LMT,NOC
U.S. Domestic Steel Producers|2026-07-14|Fading|NUE,RS,STLD
U.S. Passenger Airlines|2026-07-14|Fading|LUV,SKYW,ALGT,ALK,DAL,UAL
U.S. Petroleum Refining & Downstream Processing|2026-07-14|Mainstream|DINO,DK,PBF,PSX,MPC,VLO
U.S. Regional & Mid-Cap Commercial Banks|2026-07-14|Mainstream|EWBC,FHN,ZION,WTFC,BOKF,MTB,USB,TFC,FITB,KEY,WAL,HWC,PNC,WSFS,CFG,GBCI,UMBF,SSB,HBAN,RF
Wealth Management & Retail Brokerage Platforms|2026-07-14|Accelerating|SCHW,SF,RJF,LPLA,SEIC,AMP
AI Cloud GPU & Datacenter Colocation Platforms|2026-07-15|Fading|WYFI,SHAZ,PENG
Antibody-Based Oncology & Autoimmune Biologics|2026-07-15|Fading|ZYME,ABVX,GMAB
Automotive Electronics & Sensor Components|2026-07-15|Retired|
B2B Digital Financial Infrastructure & Payment Rails Modernization|2026-07-15|Mainstream|QTWO,ALKT,PAY
B2B Marketing Automation & Customer Engagement SaaS|2026-07-15|Nascent|BRZE,HUBS,KVYO
Bitcoin Mining & Crypto Infrastructure Operators|2026-07-15|Fading|CIFR,CORZ
Casual Dining Restaurant Turnaround|2026-07-15|Mainstream|EAT,CBRL
Cloud Data Storage & Analytics Infrastructure|2026-07-15|Nascent|BLZE,SNOW
Cloud Observability & AIOps Monitoring Platforms|2026-07-15|Mainstream|PD,DDOG,DT
Coastal & Suburban Residential Rental REITs|2026-07-15|Mainstream|INVH,ESS,EQR,AVB,AMH
Commercial Real Estate Brokerage & Advisory Services|2026-07-15|Fading|CWK,JLL
Consumer Fintech & Digital Credit Platforms|2026-07-15|Mainstream|DAVE,SEZL
Corporate Spend, Expense Management & Financial Operations Software|2026-07-15|Nascent|WEX,BILL,NAVN
Crude & Product Tanker Operators|2026-07-15|Fading|INSW,TRMD
Custom AI Silicon & Chip Architecture Licensing|2026-07-15|Mainstream|CRDO,ALAB,ARM,MXL,MRVL,CEVA,QUIK
Digital Advertising Technology Platforms|2026-07-15|Mainstream|MGNI,APPS,QNST
Digital Insurance Distribution & Marketplace Platforms|2026-07-15|Mainstream|PRCH,GSHD
Digital Payments Processing & Merchant Acquiring Networks|2026-07-15|Nascent|PYPL,FOUR
Diversified Medical Device & Life Science Instrument Manufacturers|2026-07-15|Fading|BDX,COO,PODD,STE
Domestic Steel Producers|2026-07-15|Fading|NUE,STLD
Emerging Market Digital Commerce & Fintech Platforms|2026-07-15|Nascent|SE,MELI
European Bank Stocks|2026-07-15|Mainstream|ING,NWG,LYG,BCS,BBVA,SAN
Franchise Auto Dealership Groups|2026-07-15|Mainstream|PAG,ABG,SAH
Genomic Medicine & Synthetic DNA Tools|2026-07-15|Mainstream|TWST,MRNA
Golf Equipment & Apparel|2026-07-15|Accelerating|CALY,GOLF
Government-Funded Senior & Post-Acute Care Re-Rating|2026-07-15|Retired|
Health & Wellness Consumer Nutrition Brands|2026-07-15|Fading|BRBR,VITL
Industrial & Logistics REITs|2026-07-15|Mainstream|TRNO,FR,STAG,EGP
Inflammatory Disease & Immunology Biologics|2026-07-15|Mainstream|ORKA,SYRE
Insurance Brokerage & Distribution Services|2026-07-15|Mainstream|AJG,BRO,AON
Life Insurance & Annuity Providers|2026-07-15|Mainstream|PFG,UNM,MET,PRU
Life Science Tools & Analytical Instruments|2026-07-15|Accelerating|TMO,DHR,WAT,MTD
Liquid Biopsy & Multi-Cancer Early Detection|2026-07-15|Mainstream|GH,GRAL
Molecular Diagnostics & DNA-Based Genetic Testing|2026-07-15|Nascent|BLLN,QGEN,WGS
Multifamily Apartment REITs|2026-07-15|Fading|IRT,MAA,UDR,CPT
Network Security & Zero-Trust Edge|2026-07-15|Mainstream|CVLT,RBRK,RPD,BB,CRWD,FTNT,OKTA,QLYS,TENB,PANW,VRNS
Non-US & Frontier Market Digital Financial Services Re-Rating|2026-07-15|Fading|PAYP,WSE
Office REIT Recovery & Re-Rating|2026-07-15|Mainstream|SLG,CDP,HIW
Oilfield Pressure Pumping & Completion Services|2026-07-15|Retired|
Online Insurance Comparison & Digital Marketplace Platforms|2026-07-15|Nascent|EVER,MAX
Open-Air & Strip Mall Retail REITs|2026-07-15|Fading|SKT,KRG,UE,FRT,KIM,REG,PECO,BRX
Orthopedic & Surgical Device Recovery|2026-07-15|Fading|CNMD,SYK
Peptide & Hormone Therapies for Metabolic & Endocrine Disorders|2026-07-15|Mainstream|VKTX,XERS,CORT,ASND,MBX,PTGX
Precious Metals Miners & Royalty Streamers|2026-07-15|Fading|HL,HMY
Private Mortgage Insurance|2026-07-15|Mainstream|MTG,NMIH,ESNT,RDN
Professional Advisory & Business Services|2026-07-15|Nascent|CBZ,CRAI
Property & Casualty Insurance Underwriters|2026-07-15|Mainstream|WRB,LMND,ORI,ACGL,HIG,SKWD,CINF,AFG,AXS,HCI,THG,ALL,CB,TRV
Pure-Play Quantum Computing Hardware|2026-07-15|Fading|IONQ,RGTI
Quantum Computing & Quantum-Safe Networking|2026-07-15|Retired|
Satellite Communications & Space Data Services|2026-07-15|Retired|
Semiconductor Wafer Foundry & Advanced IC Manufacturing|2026-07-15|Fading|KLIC,ACMR,KLAC,UCTT,AMAT,PDFS,UMC,LRCX,ICHR,MKSI,TSEM
Senior Living & Housing Operators|2026-07-15|Retired|
Senior & Long-Term Care Healthcare REITs|2026-07-15|Fading|LTC,NHI,OHI,SBRA,VTR
SMB & Workforce Business Services Platforms|2026-07-15|Mainstream|NSP,LZ
Specialty Catastrophe Property Insurance Underwriters|2026-07-15|Fading|NP,SLDE
Specialty Insurance Underwriting & Brokerage|2026-07-15|Mainstream|KNSL,RYAN,PLMR,WTW
Speculative Space & Defense New Space Ventures|2026-07-15|Fading|ASTS,RKLB
Targeted Protein Degradation Oncology|2026-07-15|Mainstream|KYMR,GLUE
Traditional Staffing & Talent Placement Services|2026-07-15|Nascent|RHI,MAN
Truckload & LTL Freight Carriers|2026-07-15|Mainstream|SNDR,KNX,ARCB,WERN,TFII,LSTR
U.S. Apparel & Fashion Recovery|2026-07-15|Nascent|UA,RVLV
U.S. Defense Prime Contractors|2026-07-15|Fading|GD,LMT
U.S. Domestic Steel Producers|2026-07-15|Nascent|CMC,NUE,RS,STLD,TX
U.S. Passenger Airlines|2026-07-15|Fading|ALGT,UAL,DAL,LUV,ALK,SKYW
U.S. Petroleum Refining & Downstream Processing|2026-07-15|Mainstream|PBF,DINO,AROC,KGS,DK,PSX,VLO,MPC
U.S. Regional & Mid-Cap Commercial Banks|2026-07-15|Mainstream|MTB,SSB,HBAN,ZION,BOKF,WAL,GBCI,EWBC,WTFC,HWC,FHN,USB,WSFS,TFC,FITB,RF,CFG,KEY,UMBF,PNC
Wealth Management & Retail Brokerage Platforms|2026-07-15|Accelerating|SCHW,AMP,SF,RJF,LPLA,SEIC,HOOD
AI Cloud GPU & Datacenter Colocation Platforms|2026-07-16|Fading|SHAZ,PENG
Antibody-Based Oncology & Autoimmune Biologics|2026-07-16|Fading|ZYME,ABVX,GMAB
B2B Digital Financial Infrastructure & Payment Rails Modernization|2026-07-16|Mainstream|QTWO,PAY,ALKT,ACIW
B2B Marketing Automation & Customer Engagement SaaS|2026-07-16|Nascent|HUBS,BRZE,KVYO
Bitcoin Mining & Crypto Infrastructure Operators|2026-07-16|Retired|
Casual Dining Restaurant Turnaround|2026-07-16|Mainstream|CBRL,EAT
Cloud Data Storage & Analytics Infrastructure|2026-07-16|Nascent|SNOW,BLZE
Cloud Observability & AIOps Monitoring Platforms|2026-07-16|Mainstream|PD,DT,DDOG
Cloud Supply Chain & Warehouse Management Software|2026-07-16|Nascent|SPSC,MANH
Coastal & Suburban Residential Rental REITs|2026-07-16|Mainstream|INVH,AMH,ESS,AVB,EQR
Commercial Real Estate Brokerage & Advisory Services|2026-07-16|Nascent|CBRE,CIGI,CWK,JLL,NMRK
Consumer Fintech & Digital Credit Platforms|2026-07-16|Mainstream|DAVE,SEZL
Corporate Spend, Expense Management & Financial Operations Software|2026-07-16|Mainstream|BILL,NAVN,WEX
Crude & Product Tanker Operators|2026-07-16|Fading|INSW,TRMD
Custom AI Silicon & Chip Architecture Licensing|2026-07-16|Mainstream|ALAB,CRDO,CEVA,MXL,QUIK,ARM,MRVL
Digital Advertising Technology Platforms|2026-07-16|Mainstream|QNST,MGNI
Digital Insurance Distribution & Marketplace Platforms|2026-07-16|Mainstream|PRCH,GSHD
Digital Payments Processing & Merchant Acquiring Networks|2026-07-16|Nascent|FOUR,PYPL
Diversified Medical Device & Life Science Instrument Manufacturers|2026-07-16|Fading|BDX,COO,PODD,STE
Domestic Steel Producers|2026-07-16|Retired|
Emerging Market Digital Commerce & Fintech Platforms|2026-07-16|Nascent|MELI,SE
Enterprise HR & Workforce Management SaaS|2026-07-16|Nascent|WDAY,PCTY,ALIT
European Bank Stocks|2026-07-16|Mainstream|SAN,ING,NWG,BBVA,BCS,LYG
Financial Services Vertical SaaS|2026-07-16|Nascent|GWRE,JKHY,SSNC
For-Profit Education & Workforce Training Providers|2026-07-16|Nascent|CVSA,LAUR,LINC,PRDO,STRA,UTI
Franchise Auto Dealership Groups|2026-07-16|Mainstream|ABG,SAH,PAG
Genomic Medicine & Synthetic DNA Tools|2026-07-16|Fading|TWST,MRNA
Golf Equipment & Apparel|2026-07-16|Accelerating|CALY,GOLF
Government & Commercial Management Consulting Services|2026-07-16|Nascent|ICFI,HURN
Health & Wellness Consumer Nutrition Brands|2026-07-16|Fading|BRBR,VITL
Industrial & Logistics REITs|2026-07-16|Mainstream|TRNO,STAG,FR,EGP
Inflammatory Disease & Immunology Biologics|2026-07-16|Mainstream|ORKA,SYRE
Insurance Brokerage & Distribution Services|2026-07-16|Mainstream|BRO,AON,AJG
Life Insurance & Annuity Providers|2026-07-16|Mainstream|PRU,PFG,MET,UNM
Life Science Tools & Analytical Instruments|2026-07-16|Accelerating|WAT,DHR,MTD,TMO
Liquid Biopsy & Multi-Cancer Early Detection|2026-07-16|Accelerating|GRAL,GH
Minimally Invasive & Robotic Surgical Device Platforms|2026-07-16|Nascent|ISRG,BSX,PEN
Molecular Diagnostics & DNA-Based Genetic Testing|2026-07-16|Mainstream|BLLN,WGS,QGEN
Multifamily Apartment REITs|2026-07-16|Fading|IRT,MAA,UDR,CPT
Network Security & Zero-Trust Edge|2026-07-16|Mainstream|VRNS,BB,QLYS,CRWD,PANW,RPD,RBRK,TENB,CVLT,OKTA,FTNT
Non-US & Frontier Market Digital Financial Services Re-Rating|2026-07-16|Fading|PAYP,WSE
Office REIT Recovery & Re-Rating|2026-07-16|Mainstream|SLG,CDP,HIW
Online Insurance Comparison & Digital Marketplace Platforms|2026-07-16|Nascent|EVER,MAX
Open-Air & Strip Mall Retail REITs|2026-07-16|Mainstream|BRX,KIM,UE,SKT,KRG,REG,FRT,PECO
Orthopedic & Surgical Device Recovery|2026-07-16|Fading|CNMD,SYK
Packaged & Shelf-Stable Food Manufacturers|2026-07-16|Nascent|CAG,CPB,GIS,KHC
Peptide & Hormone Therapies for Metabolic & Endocrine Disorders|2026-07-16|Mainstream|ASND,PTGX,MBX,VKTX,CORT,XERS
Precious Metals Miners & Royalty Streamers|2026-07-16|Fading|HL,HMY
Private Mortgage Insurance|2026-07-16|Mainstream|ESNT,RDN,NMIH,MTG
Professional Advisory & Business Services|2026-07-16|Nascent|CBZ,CRAI
Property & Casualty Insurance Underwriters|2026-07-16|Mainstream|ORI,TRV,AFG,CINF,THG,LMND,SKWD,AXS,HIG,WRB,ACGL,HCI,ALL,CB
Pure-Play Quantum Computing Hardware|2026-07-16|Retired|
Quantum Computing Hardware & Software|2026-07-16|Nascent|IONQ,QBTS,QUBT,RGTI,INFQ
Semiconductor Wafer Foundry & Advanced IC Manufacturing|2026-07-16|Mainstream|PDFS,AMAT,MKSI,TSEM,KLAC,LRCX,UCTT,ACMR,ICHR,KLIC,UMC
Senior & Long-Term Care Healthcare REITs|2026-07-16|Fading|LTC,NHI,OHI,SBRA,VTR
SMB & Workforce Business Services Platforms|2026-07-16|Mainstream|NSP,LZ
Specialty Catastrophe Property Insurance Underwriters|2026-07-16|Mainstream|NP,SLDE
Specialty Insurance Underwriting & Brokerage|2026-07-16|Mainstream|PLMR,WTW,KNSL,RYAN
Speculative Space & Defense New Space Ventures|2026-07-16|Fading|ASTS,RKLB
Targeted Protein Degradation Oncology|2026-07-16|Mainstream|KYMR,GLUE
Traditional Staffing & Talent Placement Services|2026-07-16|Nascent|MAN,RHI
Truckload & LTL Freight Carriers|2026-07-16|Mainstream|WERN,LSTR,SNDR,KNX,TFII,ARCB
Uniform Rental & Managed Workwear Services|2026-07-16|Nascent|VSTS,CTAS
U.S. Apparel & Fashion Recovery|2026-07-16|Nascent|UA,RVLV,CROX
U.S. Defense Prime Contractors|2026-07-16|Fading|GD,LMT
U.S. Domestic Steel Producers|2026-07-16|Fading|NUE,STLD,TX
U.S. Passenger Airlines|2026-07-16|Fading|LUV,SKYW,ALGT,DAL,ALK,UAL
U.S. Petroleum Refining & Downstream Processing|2026-07-16|Mainstream|PSX,PBF,DINO,VLO,DK,MPC
U.S. Regional & Mid-Cap Commercial Banks|2026-07-16|Mainstream|GBCI,HBAN,KEY,MTB,SSB,TFC,ZION,BOKF,EWBC,FHN,USB,CFG,WSFS,WAL,HWC,WTFC,UMBF,PNC,FITB,RF
Wealth Management & Retail Brokerage Platforms|2026-07-16|Mainstream|RJF,AMP,SCHW,HOOD,LPLA,SF,SEIC
AI Cloud GPU & Datacenter Colocation Platforms|2026-07-17|Fading|SHAZ,PENG
AI-Powered Software Development & DevOps Platforms|2026-07-17|Nascent|PRGS,GTLB
Antibody-Based Oncology & Autoimmune Biologics|2026-07-17|Mainstream|ZYME,ABVX,GMAB
B2B Data Intelligence & Professional Information Services|2026-07-17|Nascent|NIQ,TRI
B2B Digital Financial Infrastructure & Payment Rails Modernization|2026-07-17|Mainstream|QTWO,PAY,ALKT,ACIW
B2B Marketing Automation & Customer Engagement SaaS|2026-07-17|Nascent|KVYO,BRZE,HUBS
Bitcoin & Crypto Mining Infrastructure|2026-07-17|Nascent|CIFR,CORZ,HUT,IREN,WULF
Bitcoin Mining & Crypto Infrastructure Operators|2026-07-17|Nascent|CIFR,CORZ,HUT,IREN,WULF
Casual Dining Restaurant Turnaround|2026-07-17|Mainstream|EAT,CBRL
Cloud Data Storage & Analytics Infrastructure|2026-07-17|Nascent|SNOW,BLZE
Cloud Observability & AIOps Monitoring Platforms|2026-07-17|Mainstream|DT,PD,DDOG
Cloud Supply Chain & Warehouse Management Software|2026-07-17|Nascent|SPSC,MANH
Coastal & Suburban Residential Rental REITs|2026-07-17|Mainstream|EQR,INVH,ESS,AVB,AMH
Commercial Real Estate Brokerage & Advisory Services|2026-07-17|Accelerating|CWK,JLL,CBRE,CIGI,NMRK
Consumer Fintech & Digital Credit Platforms|2026-07-17|Mainstream|SEZL,DAVE
Corporate Spend, Expense Management & Financial Operations Software|2026-07-17|Mainstream|NAVN,BILL,WEX
Crude & Product Tanker Operators|2026-07-17|Fading|INSW,TRMD
Custom AI Silicon & Chip Architecture Licensing|2026-07-17|Mainstream|ALAB,ARM,QUIK,CRDO,CEVA,MRVL
Cyber Exposure Management & Vulnerability Assessment|2026-07-17|Nascent|TENB,RPD,QLYS
Digital Advertising Technology Platforms|2026-07-17|Mainstream|MGNI,QNST
Digital Insurance Distribution & Marketplace Platforms|2026-07-17|Mainstream|PRCH,GSHD
Digital Payments Processing & Merchant Acquiring Networks|2026-07-17|Nascent|FOUR,PYPL
Diversified Medical Device & Life Science Instrument Manufacturers|2026-07-17|Fading|BDX,COO,PODD,STE
Domestic Steel Producers|2026-07-17|Fading|NUE,STLD
Emerging Market Digital Commerce & Fintech Platforms|2026-07-17|Mainstream|MELI,SE
Enterprise HR & Workforce Management SaaS|2026-07-17|Nascent|WDAY,PCTY,ALIT
European Bank Stocks|2026-07-17|Mainstream|BCS,LYG,SAN,BBVA,NWG,ING
Financial Services Vertical SaaS|2026-07-17|Nascent|JKHY,GWRE,SSNC
For-Profit Education & Workforce Training Providers|2026-07-17|Fading|LAUR,UTI
Franchise Auto Dealership Groups|2026-07-17|Mainstream|PAG,SAH,ABG
Genomic Medicine & Synthetic DNA Tools|2026-07-17|Fading|TWST,MRNA
Global Crude & Product Tanker Fleet Operators|2026-07-17|Nascent|DHT,ECO,NAT,STNG,TNK,FRO,INSW,TRMD
Golf Equipment & Apparel|2026-07-17|Fading|CALY,GOLF
Government & Commercial Management Consulting Services|2026-07-17|Fading|ICFI,HURN
Health & Wellness Consumer Nutrition Brands|2026-07-17|Fading|BRBR,VITL
Industrial & Logistics REITs|2026-07-17|Accelerating|STAG,FR,TRNO,EGP
Inflammatory Disease & Immunology Biologics|2026-07-17|Mainstream|ORKA,SYRE
Insurance Brokerage & Distribution Services|2026-07-17|Mainstream|AJG,AON,BRO
Life Insurance & Annuity Providers|2026-07-17|Mainstream|UNM,MET,PFG,PRU
Life Science Tools & Analytical Instruments|2026-07-17|Accelerating|MTD,WAT,TMO,DHR
Liquid Biopsy & Multi-Cancer Early Detection|2026-07-17|Accelerating|GH,GRAL
Minimally Invasive & Robotic Surgical Device Platforms|2026-07-17|Fading|BSX,PEN
Molecular Diagnostics & DNA-Based Genetic Testing|2026-07-17|Mainstream|QGEN,WGS,BLLN
Multifamily Apartment REITs|2026-07-17|Fading|IRT,UDR,CPT
Network Security & Zero-Trust Edge|2026-07-17|Mainstream|CVLT,BB,RBRK,VRNS,CRWD,PANW,FTNT,OKTA,NET
Non-US & Frontier Market Digital Financial Services Re-Rating|2026-07-17|Fading|PAYP,WSE
Office REIT Recovery & Re-Rating|2026-07-17|Mainstream|SLG,HIW,CDP
Online Insurance Comparison & Digital Marketplace Platforms|2026-07-17|Nascent|MAX,EVER
Open-Air & Strip Mall Retail REITs|2026-07-17|Accelerating|KIM,REG,FRT,UE,SKT,KRG,PECO,BRX
Orthopedic & Surgical Device Recovery|2026-07-17|Fading|CNMD,SYK
Packaged & Shelf-Stable Food Manufacturers|2026-07-17|Fading|CAG,CPB,GIS,KHC
Peptide & Hormone Therapies for Metabolic & Endocrine Disorders|2026-07-17|Mainstream|XERS,PTGX,ASND,VKTX,MBX,CORT
Precious Metals Miners & Royalty Streamers|2026-07-17|Fading|HL,HMY
Private Mortgage Insurance|2026-07-17|Nascent|ESNT,NMIH,MTG,RDN
Professional Advisory & Business Services|2026-07-17|Nascent|CBZ,CRAI
Property & Casualty Insurance Underwriters|2026-07-17|Mainstream|ACGL,THG,TRV,SKWD,WRB,AXS,ORI,CB,HIG,CINF,LMND,ALL,HCI,AFG
Quantum Computing Hardware & Software|2026-07-17|Fading|IONQ,QUBT
Semiconductor Wafer Foundry & Advanced IC Manufacturing|2026-07-17|Mainstream|TSEM,LRCX,PDFS,MKSI,AMAT,UMC,KLAC,ACMR,UCTT,ICHR,KLIC
Senior & Long-Term Care Healthcare REITs|2026-07-17|Fading|LTC,NHI,OHI,VTR
SMB & Workforce Business Services Platforms|2026-07-17|Nascent|LZ,NSP
Specialty Catastrophe Property Insurance Underwriters|2026-07-17|Fading|NP,SLDE
Specialty Insurance Underwriting & Brokerage|2026-07-17|Mainstream|PLMR,RYAN,KNSL
Speculative Space & Defense New Space Ventures|2026-07-17|Fading|ASTS,RKLB
Targeted Protein Degradation Oncology|2026-07-17|Mainstream|GLUE,KYMR
Traditional Staffing & Talent Placement Services|2026-07-17|Nascent|RHI,MAN
Truckload & LTL Freight Carriers|2026-07-17|Mainstream|TFII,SNDR,LSTR,WERN,ARCB,KNX,HUBG,RXO
Uniform Rental & Managed Workwear Services|2026-07-17|Nascent|VSTS,CTAS
U.S. Apparel & Fashion Recovery|2026-07-17|Nascent|CROX,RVLV,UA
U.S. Defense Prime Contractors|2026-07-17|Fading|GD,LMT
U.S. Passenger Airlines|2026-07-17|Fading|SKYW,UAL,DAL,ALGT,ALK,LUV
U.S. Petroleum Refining & Downstream Processing|2026-07-17|Mainstream|VLO,PBF,MPC,DK,PSX,DINO,PARR
U.S. Regional & Mid-Cap Commercial Banks|2026-07-17|Mainstream|FITB,EWBC,USB,CFG,WAL,BOKF,UMBF,GBCI,KEY,WTFC,RF,SSB,FHN,ZION,PNC,WSFS,HBAN,MTB,TFC,HWC
Wealth Management & Retail Brokerage Platforms|2026-07-17|Mainstream|HOOD,AMP,RJF,SF,SCHW,SEIC,LPLA
AI Cloud GPU & Datacenter Colocation Platforms|2026-07-20|Fading|SHAZ,PENG
AI-Powered Enterprise Analytics & Intelligent Workflow SaaS|2026-07-20|Nascent|AMPL,INTA,AVPT
AI-Powered Software Development & DevOps Platforms|2026-07-20|Nascent|PRGS,GTLB
Antibody-Based Oncology & Autoimmune Biologics|2026-07-20|Fading|ZYME,ABVX,GMAB
B2B Data Intelligence & Professional Information Services|2026-07-20|Fading|NIQ,TRI
B2B Digital Financial Infrastructure & Payment Rails Modernization|2026-07-20|Mainstream|PAY,ACIW,QTWO,ALKT
B2B Marketing Automation & Customer Engagement SaaS|2026-07-20|Mainstream|KVYO,BRZE,HUBS
Bitcoin & Crypto Mining Infrastructure|2026-07-20|Retired|
Bitcoin Mining & Crypto Infrastructure Operators|2026-07-20|Fading|HUT,CIFR
Canadian Big Banks|2026-07-20|Nascent|BMO,BNS,CM,RY,TD
Casual Dining Restaurant Turnaround|2026-07-20|Mainstream|EAT,CBRL
Cloud Communications & Contact Center Platforms|2026-07-20|Nascent|FIVN,BAND
Cloud Data Storage & Analytics Infrastructure|2026-07-20|Nascent|BLZE,SNOW
Cloud Observability & AIOps Monitoring Platforms|2026-07-20|Mainstream|DDOG,PD,DT
Cloud Supply Chain & Warehouse Management Software|2026-07-20|Nascent|SPSC,MANH
Coastal & Suburban Residential Rental REITs|2026-07-20|Mainstream|EQR,AMH,ESS,AVB,INVH
Commercial Real Estate Brokerage & Advisory Services|2026-07-20|Accelerating|CBRE,NMRK,CIGI,JLL,CWK
Consumer Fintech & Digital Credit Platforms|2026-07-20|Mainstream|DAVE,SEZL
Corporate Spend, Expense Management & Financial Operations Software|2026-07-20|Mainstream|WEX,BILL,NAVN
Cross-Border & International Payments Processing|2026-07-20|Nascent|GPN,EEFT
Crude & Product Tanker Operators|2026-07-20|Retired|
Custom AI Silicon & Chip Architecture Licensing|2026-07-20|Mainstream|CRDO,ALAB,ARM,MRVL,QUIK,CEVA
Cyber Exposure Management & Vulnerability Assessment|2026-07-20|Nascent|QLYS,TENB,RPD
Digital Advertising Technology Platforms|2026-07-20|Mainstream|QNST,MGNI
Digital Insurance Distribution & Marketplace Platforms|2026-07-20|Mainstream|PRCH,GSHD
Digital Payments Processing & Merchant Acquiring Networks|2026-07-20|Nascent|PYPL,FOUR
Diversified Medical Device & Life Science Instrument Manufacturers|2026-07-20|Fading|BDX,COO,PODD,STE
Domestic Steel Producers|2026-07-20|Retired|
Emerging Market Digital Commerce & Fintech Platforms|2026-07-20|Mainstream|SE,MELI
Enterprise HR & Workforce Management SaaS|2026-07-20|Nascent|ALIT,WDAY,PCTY
European Bank Stocks|2026-07-20|Mainstream|BBVA,LYG,ING,SAN,BCS,NWG
Financial Compliance & Regulatory Reporting SaaS|2026-07-20|Nascent|WK,DFIN
Financial Services Vertical SaaS|2026-07-20|Nascent|GWRE,SSNC,JKHY
For-Profit Education & Workforce Training Providers|2026-07-20|Fading|LAUR,UTI
Franchise Auto Dealership Groups|2026-07-20|Mainstream|ABG,PAG,SAH
Genomic Medicine & Synthetic DNA Tools|2026-07-20|Fading|TWST,MRNA
Global Crude & Product Tanker Fleet Operators|2026-07-20|Nascent|TRMD,NAT,TNK,DHT,INSW,FRO
Golf Equipment & Apparel|2026-07-20|Fading|CALY,GOLF
Government & Commercial Management Consulting Services|2026-07-20|Fading|ICFI,HURN
Health & Wellness Consumer Nutrition Brands|2026-07-20|Fading|BRBR,VITL
Industrial Automation & Electrical Control Systems|2026-07-20|Nascent|AME,HLIO,HUBB,ROK
Industrial & Logistics REITs|2026-07-20|Accelerating|FR,EGP,TRNO,STAG
Inflammatory Disease & Immunology Biologics|2026-07-20|Mainstream|ORKA,SYRE
Insurance Brokerage & Distribution Services|2026-07-20|Mainstream|BRO,AON,AJG
Life Insurance & Annuity Providers|2026-07-20|Mainstream|MET,PFG,UNM,PRU
Life Science Tools & Analytical Instruments|2026-07-20|Mainstream|WAT,MTD,DHR,TMO
Liquid Biopsy & Multi-Cancer Early Detection|2026-07-20|Mainstream|GRAL,GH
Medical Device Mean-Reversion & Rotation Recovery|2026-07-20|Nascent|XRAY,TNDM,INSP,CNMD
Minimally Invasive & Robotic Surgical Device Platforms|2026-07-20|Fading|BSX,PEN
Molecular Diagnostics & DNA-Based Genetic Testing|2026-07-20|Fading|QGEN,BLLN
Multifamily Apartment REITs|2026-07-20|Retired|
Network Security & Zero-Trust Edge|2026-07-20|Mainstream|CRWD,PANW,FTNT,BB,RBRK,CVLT,VRNS,OKTA,NET
Non-US & Frontier Market Digital Financial Services Re-Rating|2026-07-20|Retired|
Office REIT Recovery & Re-Rating|2026-07-20|Mainstream|SLG,CDP,HIW
Online Insurance Comparison & Digital Marketplace Platforms|2026-07-20|Mainstream|MAX,EVER
Open-Air & Strip Mall Retail REITs|2026-07-20|Accelerating|FRT,KRG,KIM,REG,BRX,SKT,PECO,UE
Orthopedic & Surgical Device Recovery|2026-07-20|Fading|CNMD,SYK
Packaged & Shelf-Stable Food Manufacturers|2026-07-20|Fading|CAG,CPB,GIS,KHC
Peptide & Hormone Therapies for Metabolic & Endocrine Disorders|2026-07-20|Mainstream|VKTX,PTGX,ASND,XERS,CORT,MBX
Precious Metals Miners & Royalty Streamers|2026-07-20|Fading|HL,HMY
Private Mortgage Insurance|2026-07-20|Mainstream|NMIH,ESNT,MTG,RDN
Professional Advisory & Business Services|2026-07-20|Mainstream|CRAI,CBZ
Property & Casualty Insurance Underwriters|2026-07-20|Mainstream|TRV,AXS,SKWD,HIG,ORI,CB,AFG,ALL,CINF,LMND,WRB,HCI,ACGL,THG
Quantum Computing Hardware & Software|2026-07-20|Fading|IONQ,QUBT
Semiconductor Wafer Foundry & Advanced IC Manufacturing|2026-07-20|Nascent|KLAC,TSEM,UCTT,UMC,ACMR,LRCX,MKSI,AMAT,ICHR
Senior & Long-Term Care Healthcare REITs|2026-07-20|Fading|LTC,NHI,OHI,VTR
SMB & Workforce Business Services Platforms|2026-07-20|Mainstream|LZ,NSP
Specialty Catastrophe Property Insurance Underwriters|2026-07-20|Mainstream|SLDE,NP
Specialty Insurance Underwriting & Brokerage|2026-07-20|Mainstream|KNSL,RYAN,PLMR
Speculative Space & Defense New Space Ventures|2026-07-20|Fading|ASTS,RKLB
Targeted Protein Degradation Oncology|2026-07-20|Mainstream|KYMR,GLUE
Traditional Staffing & Talent Placement Services|2026-07-20|Mainstream|RHI,MAN
Truckload & LTL Freight Carriers|2026-07-20|Mainstream|ARCB,RXO,SNDR,HUBG,KNX,TFII,WERN,LSTR
Uniform Rental & Managed Workwear Services|2026-07-20|Nascent|VSTS,CTAS
U.S. Apparel & Fashion Recovery|2026-07-20|Nascent|RVLV,UA,CROX
U.S. Defense Prime Contractors|2026-07-20|Fading|GD,LMT
U.S. Domestic Steel Producers|2026-07-20|Fading|NUE,STLD
U.S. Passenger Airlines|2026-07-20|Mainstream|ALK,ALGT,LUV,DAL,SKYW,UAL
U.S. Petroleum Refining & Downstream Processing|2026-07-20|Mainstream|PBF,DK,PARR,VLO,PSX,MPC,DINO
U.S. Regional & Mid-Cap Commercial Banks|2026-07-20|Mainstream|BOKF,WAL,CFG,WTFC,HBAN,WSFS,KEY,TFC,EWBC,USB,FHN,UMBF,ZION,RF,HWC,GBCI,PNC,SSB,FITB,MTB
Wealth Management & Retail Brokerage Platforms|2026-07-20|Mainstream|HOOD,LPLA,SEIC,SF,RJF,SCHW,AMP
AI Cloud GPU & Datacenter Colocation Platforms|2026-07-21|Retired|
AI Compute & GPU Data Center Hosting Operators|2026-07-21|Nascent|APLD,CORZ,IREN,WULF
AI-Powered Enterprise Analytics & Intelligent Workflow SaaS|2026-07-21|Nascent|AMPL,INTA,AVPT
AI-Powered Software Development & DevOps Platforms|2026-07-21|Nascent|PRGS,GTLB
Antibody-Based Oncology & Autoimmune Biologics|2026-07-21|Fading|ABVX,GMAB
B2B Data Intelligence & Professional Information Services|2026-07-21|Fading|NIQ,TRI
B2B Digital Financial Infrastructure & Payment Rails Modernization|2026-07-21|Mainstream|PAY,ACIW,QTWO
B2B Marketing Automation & Customer Engagement SaaS|2026-07-21|Mainstream|BRZE,KVYO,HUBS
Bitcoin Mining & Crypto Infrastructure Operators|2026-07-21|Fading|HUT,CIFR
Canadian Big Banks|2026-07-21|Nascent|CM,TD,BNS,RY,BMO
Casual Dining Restaurant Turnaround|2026-07-21|Mainstream|CBRL,EAT
Cloud Communications & Contact Center Platforms|2026-07-21|Nascent|BAND,FIVN
Cloud Data Storage & Analytics Infrastructure|2026-07-21|Mainstream|BLZE,SNOW
Cloud Observability & AIOps Monitoring Platforms|2026-07-21|Fading|DDOG,PD,DT
Cloud Supply Chain & Warehouse Management Software|2026-07-21|Nascent|SPSC,MANH
Coastal & Suburban Residential Rental REITs|2026-07-21|Fading|EQR,AMH,ESS,AVB,INVH
Commercial Real Estate Brokerage & Advisory Services|2026-07-21|Accelerating|CWK,CBRE,CIGI,NMRK,JLL
Consumer Fintech & Digital Credit Platforms|2026-07-21|Mainstream|SEZL,DAVE
Copper Mining & Production|2026-07-21|Nascent|ERO,FCX,HBM,SCCO,TGB
Corporate Spend, Expense Management & Financial Operations Software|2026-07-21|Mainstream|WEX,BILL,NAVN
Cross-Border & International Payments Processing|2026-07-21|Nascent|GPN,EEFT
Custom AI Silicon & Chip Architecture Licensing|2026-07-21|Mainstream|ARM,QUIK,CEVA,ALAB,CRDO,MRVL
Cyber Exposure Management & Vulnerability Assessment|2026-07-21|Nascent|RPD,TENB,QLYS
Digital Advertising Technology Platforms|2026-07-21|Mainstream|QNST,MGNI
Digital Insurance Distribution & Marketplace Platforms|2026-07-21|Mainstream|PRCH,GSHD
Digital Payments Processing & Merchant Acquiring Networks|2026-07-21|Nascent|PYPL,FOUR
Diversified Medical Device & Life Science Instrument Manufacturers|2026-07-21|Fading|BDX,COO,PODD,STE
Domestic Steel Producers|2026-07-21|Fading|NUE,STLD
Emerging Market Digital Commerce & Fintech Platforms|2026-07-21|Mainstream|SE,MELI
Enterprise HR & Workforce Management SaaS|2026-07-21|Nascent|WDAY,PCTY,ALIT
European Bank Stocks|2026-07-21|Mainstream|LYG,SAN,BBVA,ING,BCS,NWG
Financial Compliance & Regulatory Reporting SaaS|2026-07-21|Fading|WK,DFIN
Financial Services Vertical SaaS|2026-07-21|Nascent|SSNC,JKHY,GWRE
For-Profit Education & Workforce Training Providers|2026-07-21|Fading|LAUR,UTI
Franchise Auto Dealership Groups|2026-07-21|Mainstream|SAH,ABG,PAG
Genomic Medicine & Synthetic DNA Tools|2026-07-21|Fading|TWST,MRNA
Global Crude & Product Tanker Fleet Operators|2026-07-21|Accelerating|DHT,TNK,FRO,INSW,NAT,TRMD
Golf Equipment & Apparel|2026-07-21|Fading|CALY,GOLF
Government & Commercial Management Consulting Services|2026-07-21|Fading|ICFI,HURN
Health & Wellness Consumer Nutrition Brands|2026-07-21|Retired|
Industrial Automation & Electrical Control Systems|2026-07-21|Fading|AME,HLIO,ROK
Industrial & Logistics REITs|2026-07-21|Accelerating|FR,TRNO,EGP,STAG
Inflammatory Disease & Immunology Biologics|2026-07-21|Mainstream|ORKA,SYRE
Insurance Brokerage & Distribution Services|2026-07-21|Mainstream|AON,BRO,AJG
Life Insurance & Annuity Providers|2026-07-21|Mainstream|MET,PFG,PRU,UNM
Life Science Tools & Analytical Instruments|2026-07-21|Mainstream|TMO,WAT,MTD
Liquid Biopsy & Multi-Cancer Early Detection|2026-07-21|Mainstream|GRAL,GH
Medical Device Mean-Reversion & Rotation Recovery|2026-07-21|Nascent|CNMD,INSP,TNDM,XRAY
Minimally Invasive & Robotic Surgical Device Platforms|2026-07-21|Fading|BSX,PEN
Molecular Diagnostics & DNA-Based Genetic Testing|2026-07-21|Mainstream|QGEN,BLLN
Network Security & Zero-Trust Edge|2026-07-21|Mainstream|NET,PANW,OKTA,CRWD,VRNS,CVLT,BB,FTNT,RBRK
Office REIT Recovery & Re-Rating|2026-07-21|Mainstream|HIW,CDP,SLG
Online Insurance Comparison & Digital Marketplace Platforms|2026-07-21|Mainstream|EVER,MAX
Open-Air & Strip Mall Retail REITs|2026-07-21|Accelerating|SKT,UE,PECO,BRX,KRG,FRT,REG,KIM
Orthopedic & Surgical Device Recovery|2026-07-21|Retired|
Packaged & Shelf-Stable Food Manufacturers|2026-07-21|Fading|GIS,KHC,CAG,CPB
Peptide & Hormone Therapies for Metabolic & Endocrine Disorders|2026-07-21|Mainstream|ASND,MBX,CORT,PTGX,VKTX,XERS
Precious Metals Miners & Royalty Streamers|2026-07-21|Fading|HL,HMY
Private Mortgage Insurance|2026-07-21|Mainstream|RDN,NMIH,MTG,ESNT
Professional Advisory & Business Services|2026-07-21|Mainstream|CBZ,CRAI
Property & Casualty Insurance Underwriters|2026-07-21|Mainstream|THG,LMND,CINF,ACGL,SKWD,AFG,CB,ALL,TRV,HIG,WRB,ORI,HCI,AXS
Quantum Computing Hardware & Software|2026-07-21|Fading|IONQ,QUBT
Semiconductor Wafer Foundry & Advanced IC Manufacturing|2026-07-21|Nascent|UMC,LRCX,KLAC,ICHR,AMAT,TSEM,ACMR,MKSI,UCTT
Senior & Long-Term Care Healthcare REITs|2026-07-21|Accelerating|VTR,OHI,LTC,NHI
Smart Home Security & Comfort Systems|2026-07-21|Nascent|REZI,ALRM
SMB & Workforce Business Services Platforms|2026-07-21|Mainstream|LZ,NSP
Specialty Catastrophe Property Insurance Underwriters|2026-07-21|Fading|SLDE,NP
Specialty Insurance Underwriting & Brokerage|2026-07-21|Mainstream|PLMR,KNSL,RYAN
Speculative Space & Defense New Space Ventures|2026-07-21|Fading|ASTS,RKLB
Targeted Protein Degradation Oncology|2026-07-21|Mainstream|KYMR,GLUE
Traditional Staffing & Talent Placement Services|2026-07-21|Mainstream|MAN,RHI
Truckload & LTL Freight Carriers|2026-07-21|Mainstream|WERN,RXO,KNX,HUBG,TFII,LSTR,ARCB,SNDR
Uniform Rental & Managed Workwear Services|2026-07-21|Nascent|CTAS,VSTS
Urban Gateway Office REITs|2026-07-21|Nascent|BXP,DEI,SLG
U.S. Apparel & Fashion Recovery|2026-07-21|Mainstream|UA,CROX,RVLV
U.S. Defense Prime Contractors|2026-07-21|Fading|GD,LMT
U.S. Passenger Airlines|2026-07-21|Fading|UAL,SKYW,ALK,DAL,LUV,ALGT
U.S. Petroleum Refining & Downstream Processing|2026-07-21|Mainstream|VLO,PSX,PBF,DINO,MPC,PARR,DK
U.S. Regional & Mid-Cap Commercial Banks|2026-07-21|Mainstream|ZION,CFG,BOKF,GBCI,HBAN,EWBC,WTFC,UMBF,PNC,USB,RF,FHN,KEY,MTB,WSFS,TFC,WAL,SSB,HWC,FITB
Wealth Management & Retail Brokerage Platforms|2026-07-21|Mainstream|RJF,LPLA,SEIC,SCHW,SF,AMP,HOOD
AI Compute & GPU Data Center Hosting Operators|2026-07-22|Fading|CORZ,WULF
AI-Powered Enterprise Analytics & Intelligent Workflow SaaS|2026-07-22|Fading|INTA,AMPL,AVPT
AI-Powered Software Development & DevOps Platforms|2026-07-22|Fading|PRGS,GTLB
Antibody-Based Oncology & Autoimmune Biologics|2026-07-22|Fading|ABVX,GMAB
Automotive Components & Tire Suppliers|2026-07-22|Nascent|GT,ADNT
B2B Data Intelligence & Professional Information Services|2026-07-22|Fading|NIQ,TRI
B2B Digital Financial Infrastructure & Payment Rails Modernization|2026-07-22|Mainstream|PAY,QTWO,ACIW
B2B Marketing Automation & Customer Engagement SaaS|2026-07-22|Fading|BRZE,KVYO,HUBS
Bitcoin Mining & Crypto Infrastructure Operators|2026-07-22|Fading|CIFR,HUT
Canadian Big Banks|2026-07-22|Accelerating|RY,CM,BNS,BMO,TD
Casual Dining Restaurant Turnaround|2026-07-22|Mainstream|EAT,CBRL
Cloud Communications & Contact Center Platforms|2026-07-22|Fading|BAND,FIVN
Cloud Data Storage & Analytics Infrastructure|2026-07-22|Mainstream|BLZE,SNOW
Cloud Observability & AIOps Monitoring Platforms|2026-07-22|Fading|DDOG,PD
Cloud Supply Chain & Warehouse Management Software|2026-07-22|Fading|SPSC,MANH
Coastal & Suburban Residential Rental REITs|2026-07-22|Fading|EQR,AMH,ESS,AVB,INVH
Commercial Real Estate Brokerage & Advisory Services|2026-07-22|Fading|CBRE,CIGI,NMRK,JLL
Consumer Fintech & Digital Credit Platforms|2026-07-22|Mainstream|SEZL,DAVE
Containerboard & Corrugated Packaging Producers|2026-07-22|Nascent|IP,PKG,SW
Copper Mining & Production|2026-07-22|Nascent|TGB,FCX,HBM,ERO,SCCO
Corporate Spend, Expense Management & Financial Operations Software|2026-07-22|Mainstream|BILL,WEX,NAVN
Cross-Border & International Payments Processing|2026-07-22|Nascent|EEFT,GPN
Custom AI Silicon & Chip Architecture Licensing|2026-07-22|Mainstream|CRDO,ARM,QUIK,ALAB,MRVL,CEVA
Cyber Exposure Management & Vulnerability Assessment|2026-07-22|Fading|TENB,QLYS,RPD
Digital Advertising Technology Platforms|2026-07-22|Fading|QNST,MGNI
Digital Insurance Distribution & Marketplace Platforms|2026-07-22|Fading|PRCH,GSHD
Digital Payments Processing & Merchant Acquiring Networks|2026-07-22|Fading|PYPL,FOUR
Diversified Medical Device & Life Science Instrument Manufacturers|2026-07-22|Retired|
Domestic Steel Producers|2026-07-22|Retired|
Emerging Market Digital Commerce & Fintech Platforms|2026-07-22|Fading|SE,MELI
Enterprise HR & Workforce Management SaaS|2026-07-22|Nascent|PCTY,WDAY,ALIT
Enterprise Server, Storage & Data Infrastructure Hardware|2026-07-22|Nascent|DELL,HPE,NTAP
European Bank Stocks|2026-07-22|Mainstream|NWG,ING,BCS,BBVA,SAN,LYG
Financial Compliance & Regulatory Reporting SaaS|2026-07-22|Fading|WK,DFIN
Financial Services Vertical SaaS|2026-07-22|Fading|SSNC,JKHY,GWRE
For-Profit Education & Workforce Training Providers|2026-07-22|Fading|LAUR,UTI
Franchise Auto Dealership Groups|2026-07-22|Mainstream|SAH,ABG,PAG
Genomic Medicine & Synthetic DNA Tools|2026-07-22|Fading|TWST,MRNA
Global Crude & Product Tanker Fleet Operators|2026-07-22|Accelerating|TNK,INSW,DHT,NAT,TRMD,FRO
Global Steel & Metal Producers Recovery|2026-07-22|Nascent|MT,TX,RYZ,CMC
Golf Equipment & Apparel|2026-07-22|Fading|CALY,GOLF
Government & Commercial Management Consulting Services|2026-07-22|Fading|ICFI,HURN
Independent Power Producers & Nuclear Generation|2026-07-22|Nascent|VST,TLN,CEG
Industrial Automation & Electrical Control Systems|2026-07-22|Fading|AME,HLIO,ROK
Industrial & Logistics REITs|2026-07-22|Mainstream|STAG,EGP,FR,TRNO
Inflammatory Disease & Immunology Biologics|2026-07-22|Mainstream|SYRE,ORKA
Insurance Brokerage & Distribution Services|2026-07-22|Fading|AON,BRO,AJG
IT Distribution & Technology Services Providers|2026-07-22|Nascent|INGM,EFOR
Korean Financial Sector Recovery|2026-07-22|Nascent|KB,SHG
Life Insurance & Annuity Providers|2026-07-22|Mainstream|PFG,UNM,PRU,MET
Life Science Tools & Analytical Instruments|2026-07-22|Mainstream|TMO,MTD,WAT
Liquid Biopsy & Multi-Cancer Early Detection|2026-07-22|Fading|GRAL,GH
Medical Device Mean-Reversion & Rotation Recovery|2026-07-22|Nascent|INSP,TNDM,XRAY,CNMD
Minimally Invasive & Robotic Surgical Device Platforms|2026-07-22|Fading|BSX,PEN
Molecular Diagnostics & DNA-Based Genetic Testing|2026-07-22|Mainstream|QGEN,BLLN
Multifamily Apartment REITs|2026-07-22|Nascent|CPT,MAA,IRT,UDR
Network Security & Zero-Trust Edge|2026-07-22|Mainstream|CRWD,PANW,NET,OKTA,VRNS,CVLT,FTNT,RBRK,BB
Office REIT Recovery & Re-Rating|2026-07-22|Nascent|HIW,SLG,CDP,BXP
Online Insurance Comparison & Digital Marketplace Platforms|2026-07-22|Nascent|EVER,MAX
Open-Air & Strip Mall Retail REITs|2026-07-22|Accelerating|SKT,FRT,UE,KRG,REG,KIM,BRX,PECO
Packaged & Shelf-Stable Food Manufacturers|2026-07-22|Fading|GIS,KHC,CAG,CPB
Peptide & Hormone Therapies for Metabolic & Endocrine Disorders|2026-07-22|Mainstream|CORT,ASND,XERS,VKTX,MBX,PTGX
Powersports & Recreational Vehicle Manufacturers|2026-07-22|Nascent|HOG,PII
Precious Metals Miners & Royalty Streamers|2026-07-22|Retired|
Private Mortgage Insurance|2026-07-22|Mainstream|NMIH,MTG,ESNT,RDN
Professional Advisory & Business Services|2026-07-22|Mainstream|CBZ,CRAI
Property & Casualty Insurance Underwriters|2026-07-22|Mainstream|AFG,TRV,AXS,HIG,LMND,ALL,WRB,CINF,THG,SKWD,ORI,HCI,ACGL,CB
Quantum Computing Hardware & Software|2026-07-22|Fading|IONQ,QUBT
Semiconductor Wafer Foundry & Advanced IC Manufacturing|2026-07-22|Fading|TSEM,UMC,MKSI,AMAT,ICHR,UCTT,KLAC,ACMR,LRCX
Senior & Long-Term Care Healthcare REITs|2026-07-22|Accelerating|LTC,VTR,OHI,NHI
Smart Home Security & Comfort Systems|2026-07-22|Nascent|ALRM,REZI
SMB & Workforce Business Services Platforms|2026-07-22|Mainstream|LZ,NSP
Specialty Catastrophe Property Insurance Underwriters|2026-07-22|Fading|SLDE,NP
Specialty Insurance Underwriting & Brokerage|2026-07-22|Fading|PLMR,RYAN
Speculative Space & Defense New Space Ventures|2026-07-22|Retired|
Targeted Protein Degradation Oncology|2026-07-22|Mainstream|KYMR,GLUE
Traditional Staffing & Talent Placement Services|2026-07-22|Mainstream|RHI,MAN
Truckload & LTL Freight Carriers|2026-07-22|Mainstream|HUBG,RXO,SNDR,ARCB,KNX,TFII,WERN,LSTR
Uniform Rental & Managed Workwear Services|2026-07-22|Nascent|VSTS,CTAS
Urban Gateway Office REITs|2026-07-22|Retired|
U.S. Apparel & Fashion Recovery|2026-07-22|Mainstream|UA,CROX,RVLV
U.S. Apparel & Lifestyle Brand Recovery|2026-07-22|Nascent|OXM,VSXY
U.S. Defense Prime Contractors|2026-07-22|Retired|
U.S. Domestic Steel Producers|2026-07-22|Fading|STLD,NUE
Used Vehicle & Mobility Asset Rental Recovery|2026-07-22|Nascent|KMX,CAR
U.S. Passenger Airlines|2026-07-22|Mainstream|ALGT,ALK,SKYW,UAL,DAL,LUV
U.S. Petroleum Refining & Downstream Processing|2026-07-22|Mainstream|MPC,PSX,VLO,PBF,DINO,DK,PARR
U.S. Regional & Mid-Cap Commercial Banks|2026-07-22|Mainstream|UMBF,MTB,SSB,EWBC,RF,ZION,HBAN,USB,WAL,PNC,GBCI,CFG,WTFC,BOKF,TFC,WSFS,HWC,FHN,FITB,KEY
Wealth Management & Retail Brokerage Platforms|2026-07-22|Mainstream|RJF,SEIC,LPLA,HOOD,SF,AMP,SCHW
Aerospace Structural Materials & Advanced Composites|2026-07-23|Nascent|DPC,HXL
AI Compute & GPU Data Center Hosting Operators|2026-07-23|Fading|CORZ,WULF
AI-Powered Enterprise Analytics & Intelligent Workflow SaaS|2026-07-23|Fading|INTA,AMPL,AVPT
AI-Powered Software Development & DevOps Platforms|2026-07-23|Fading|PRGS,GTLB
Analog & Microcontroller Semiconductors — Automotive & Industrial Cycle Recovery|2026-07-23|Nascent|ADI,MCHP,NXPI,ON,TXN
Antibody-Based Oncology & Autoimmune Biologics|2026-07-23|Fading|ABVX,GMAB
Automotive Components & Tire Suppliers|2026-07-23|Fading|GT,ADNT
B2B Data Intelligence & Professional Information Services|2026-07-23|Fading|NIQ,TRI
B2B Digital Financial Infrastructure & Payment Rails Modernization|2026-07-23|Mainstream|PAY,QTWO,ACIW
B2B Marketing Automation & Customer Engagement SaaS|2026-07-23|Fading|KVYO,HUBS
Bitcoin Mining & Crypto Infrastructure Operators|2026-07-23|Accelerating|CIFR,HUT
Canadian Big Banks|2026-07-23|Accelerating|RY,CM,BNS,BMO,TD
Casual Dining Restaurant Turnaround|2026-07-23|Mainstream|EAT,CBRL
Clinical-Stage Oncology Biotech|2026-07-23|Nascent|TGTX,ELVN
Cloud Communications & Contact Center Platforms|2026-07-23|Fading|BAND,FIVN
Cloud Data Storage & Analytics Infrastructure|2026-07-23|Mainstream|BLZE,SNOW
Cloud Observability & AIOps Monitoring Platforms|2026-07-23|Fading|DDOG,PD
Cloud Supply Chain & Warehouse Management Software|2026-07-23|Fading|SPSC,MANH
Coastal & Suburban Residential Rental REITs|2026-07-23|Fading|EQR,AMH,ESS,AVB,INVH
Commercial Real Estate Brokerage & Advisory Services|2026-07-23|Fading|CBRE,NMRK,JLL
Consumer Fintech & Digital Credit Platforms|2026-07-23|Mainstream|SEZL,DAVE
Containerboard & Corrugated Packaging Producers|2026-07-23|Nascent|IP,PKG,SW
Copper Mining & Production|2026-07-23|Nascent|ERO,TGB,FCX,SCCO,HBM
Corporate Spend, Expense Management & Financial Operations Software|2026-07-23|Mainstream|BILL,WEX,NAVN
Cross-Border & International Payments Processing|2026-07-23|Fading|EEFT,GPN
Custom AI Silicon & Chip Architecture Licensing|2026-07-23|Mainstream|CRDO,ARM,QUIK,ALAB,MRVL,CEVA
Cyber Exposure Management & Vulnerability Assessment|2026-07-23|Fading|TENB,QLYS,RPD
Defense Prime Contractors & Aerospace Systems|2026-07-23|Nascent|HII,LHX,LMT,RTX
Digital Advertising Technology Platforms|2026-07-23|Fading|QNST,MGNI
Digital Insurance Distribution & Marketplace Platforms|2026-07-23|Fading|PRCH,GSHD
Digital Payments Processing & Merchant Acquiring Networks|2026-07-23|Fading|PYPL,FOUR
Emerging Market Digital Commerce & Fintech Platforms|2026-07-23|Fading|SE,MELI
Enterprise HR & Workforce Management SaaS|2026-07-23|Mainstream|PCTY,WDAY,ALIT
Enterprise Server, Storage & Data Infrastructure Hardware|2026-07-23|Nascent|STX,DELL,HPE,NTAP
European Bank Stocks|2026-07-23|Mainstream|NWG,ING,BCS,BBVA,SAN,LYG
Financial Compliance & Regulatory Reporting SaaS|2026-07-23|Fading|WK,DFIN
Financial Services Vertical SaaS|2026-07-23|Fading|SSNC,JKHY
For-Profit Education & Career Training Providers|2026-07-23|Nascent|CVSA,LINC,PRDO,STRA
For-Profit Education & Workforce Training Providers|2026-07-23|Fading|LAUR,UTI
Franchise Auto Dealership Groups|2026-07-23|Mainstream|SAH,ABG,PAG
Genomic Medicine & Synthetic DNA Tools|2026-07-23|Retired|
Global Crude & Product Tanker Fleet Operators|2026-07-23|Accelerating|TNK,INSW,DHT,NAT,TRMD,FRO
Global Steel & Metal Producers Recovery|2026-07-23|Nascent|RYZ,MT,TX,CMC
Golf Equipment & Apparel|2026-07-23|Fading|CALY,GOLF
Government & Commercial Management Consulting Services|2026-07-23|Fading|ICFI,HURN
Independent Power Producers & Nuclear Generation|2026-07-23|Nascent|VST,CEG,TLN
Industrial Automation & Electrical Control Systems|2026-07-23|Fading|HLIO,AME,ROK
Industrial Fluid Control, Filtration & Water Infrastructure Equipment|2026-07-23|Nascent|DCI,FELE,IEX,IR,KAI,MWA
Industrial & Logistics REITs|2026-07-23|Mainstream|STAG,EGP,FR,TRNO
Inflammatory Disease & Immunology Biologics|2026-07-23|Mainstream|SYRE,ORKA
Insurance Brokerage & Distribution Services|2026-07-23|Fading|AON,BRO,AJG
IT Distribution & Technology Services Providers|2026-07-23|Nascent|INGM,EFOR
Korean Financial Sector Recovery|2026-07-23|Nascent|SHG,KB
Life Insurance & Annuity Providers|2026-07-23|Mainstream|PFG,UNM,PRU,MET
Life Science Tools & Analytical Instruments|2026-07-23|Mainstream|TMO,MTD,WAT
Liquid Biopsy & Multi-Cancer Early Detection|2026-07-23|Fading|GRAL,GH
Medical Device Mean-Reversion & Rotation Recovery|2026-07-23|Nascent|INSP,TNDM,XRAY,CNMD
Medical Device Sterilization & Surgical Supply Infrastructure|2026-07-23|Nascent|BAX,BDX,COO,STE
Minimally Invasive & Robotic Surgical Device Platforms|2026-07-23|Fading|BSX,PEN
Molecular Diagnostics & DNA-Based Genetic Testing|2026-07-23|Mainstream|QGEN,BLLN
Multifamily Apartment REITs|2026-07-23|Fading|CPT,UDR
Network Security & Zero-Trust Edge|2026-07-23|Fading|CRWD,NET,PANW,OKTA,VRNS,CVLT,FTNT,RBRK,BB
Office REIT Recovery & Re-Rating|2026-07-23|Nascent|HIW,BXP,SLG,CDP
Online Insurance Comparison & Digital Marketplace Platforms|2026-07-23|Nascent|EVER,MAX
Open-Air & Strip Mall Retail REITs|2026-07-23|Mainstream|FRT,UE,KRG,REG,KIM,PECO,BRX,SKT
Packaged & Shelf-Stable Food Manufacturers|2026-07-23|Fading|GIS,KHC,CAG,CPB
Peptide & Hormone Therapies for Metabolic & Endocrine Disorders|2026-07-23|Mainstream|CORT,ASND,XERS,VKTX,MBX,PTGX
Powersports & Recreational Vehicle Manufacturers|2026-07-23|Nascent|HOG,PII
Private Mortgage Insurance|2026-07-23|Mainstream|NMIH,MTG,ESNT,RDN
Professional Advisory & Business Services|2026-07-23|Mainstream|CBZ,CRAI
Property & Casualty Insurance Underwriters|2026-07-23|Mainstream|AFG,TRV,AXS,HIG,ALL,WRB,CINF,THG,SKWD,ORI,HCI,ACGL,CB
Quantum Computing Hardware & Software|2026-07-23|Fading|IONQ,QUBT
Semiconductor Wafer Foundry & Advanced IC Manufacturing|2026-07-23|Fading|TSEM,UMC,MKSI,AMAT,ICHR,UCTT,KLAC,ACMR,LRCX
Senior & Long-Term Care Healthcare REITs|2026-07-23|Accelerating|VTR,OHI,LTC,NHI
Smart Home Security & Comfort Systems|2026-07-23|Fading|ALRM,REZI
SMB & Workforce Business Services Platforms|2026-07-23|Mainstream|LZ,NSP
Specialty Catastrophe Property Insurance Underwriters|2026-07-23|Fading|SLDE,NP
Specialty Insurance Underwriting & Brokerage|2026-07-23|Fading|PLMR,RYAN
Targeted Protein Degradation Oncology|2026-07-23|Fading|KYMR,GLUE
Traditional Staffing & Talent Placement Services|2026-07-23|Mainstream|RHI,MAN
Truckload & LTL Freight Carriers|2026-07-23|Mainstream|HUBG,RXO,SNDR,ARCB,KNX,TFII,WERN,LSTR
Uniform Rental & Managed Workwear Services|2026-07-23|Mainstream|VSTS,CTAS
U.S. Apparel & Fashion Recovery|2026-07-23|Mainstream|UA,CROX,RVLV
U.S. Apparel & Lifestyle Brand Recovery|2026-07-23|Nascent|OXM,VSXY
U.S. Domestic Steel Producers|2026-07-23|Accelerating|STLD,NUE
Used Vehicle & Mobility Asset Rental Recovery|2026-07-23|Fading|KMX,CAR
U.S. Passenger Airlines|2026-07-23|Fading|ALGT,ALK,SKYW,UAL,DAL,LUV
U.S. Petroleum Refining & Downstream Processing|2026-07-23|Mainstream|MPC,PSX,VLO,NWE,SR,PBF,DINO,BKH,AVA,POR,NJR,DK,PARR
U.S. Regional & Mid-Cap Commercial Banks|2026-07-23|Mainstream|UMBF,MTB,SSB,EWBC,RF,ZION,HBAN,USB,WAL,PNC,GBCI,CFG,WTFC,BOKF,TFC,WSFS,HWC,FHN,FITB,KEY
Wealth Management & Retail Brokerage Platforms|2026-07-23|Mainstream|RJF,SEIC,LPLA,HOOD,SF,AMP,SCHW
Aerospace Structural Materials & Advanced Composites|2026-07-24|Nascent|DPC,HXL
AI Compute & GPU Data Center Hosting Operators|2026-07-24|Fading|CORZ,WULF
AI-Powered Enterprise Analytics & Intelligent Workflow SaaS|2026-07-24|Fading|INTA,AMPL,AVPT
AI-Powered Software Development & DevOps Platforms|2026-07-24|Fading|PRGS,GTLB
Analog & Microcontroller Semiconductors — Automotive & Industrial Cycle Recovery|2026-07-24|Fading|ADI,NXPI,ON,TXN
Antibody-Based Oncology & Autoimmune Biologics|2026-07-24|Fading|ABVX,GMAB
Automotive Components & Tire Suppliers|2026-07-24|Fading|GT,ADNT
B2B Data Intelligence & Professional Information Services|2026-07-24|Fading|NIQ,TRI
B2B Digital Financial Infrastructure & Payment Rails Modernization|2026-07-24|Mainstream|PAY,QTWO,ACIW
B2B Marketing Automation & Customer Engagement SaaS|2026-07-24|Fading|KVYO,HUBS
Bitcoin Mining & Crypto Infrastructure Operators|2026-07-24|Accelerating|CIFR,HUT
Canadian Big Banks|2026-07-24|Accelerating|RY,TD,BNS,BMO,CM
Casual Dining Restaurant Turnaround|2026-07-24|Mainstream|EAT,CBRL
Clinical-Stage Oncology Biotech|2026-07-24|Nascent|TGTX,ELVN
Cloud Communications & Contact Center Platforms|2026-07-24|Fading|BAND,FIVN
Cloud Data Storage & Analytics Infrastructure|2026-07-24|Mainstream|BLZE,SNOW
Cloud Observability & AIOps Monitoring Platforms|2026-07-24|Fading|DDOG,PD
Cloud Supply Chain & Warehouse Management Software|2026-07-24|Fading|SPSC,MANH
Coastal & Suburban Residential Rental REITs|2026-07-24|Fading|EQR,AMH,ESS,AVB,INVH
Commercial Real Estate Brokerage & Advisory Services|2026-07-24|Fading|CBRE,NMRK,JLL
Consumer Fintech & Digital Credit Platforms|2026-07-24|Mainstream|SEZL,DAVE
Containerboard & Corrugated Packaging Producers|2026-07-24|Accelerating|IP,PKG,SW
Copper Mining & Production|2026-07-24|Nascent|HBM,ERO,TGB,FCX,SCCO
Corporate Spend, Expense Management & Financial Operations Software|2026-07-24|Mainstream|BILL,NAVN,WEX
Cross-Border & International Payments Processing|2026-07-24|Fading|EEFT,GPN
Custom AI Silicon & Chip Architecture Licensing|2026-07-24|Fading|CRDO,ARM,QUIK,ALAB,MRVL,CEVA
Cyber Exposure Management & Vulnerability Assessment|2026-07-24|Fading|RPD,TENB,QLYS
Defense Precision Components & Mission-Critical Subsystems|2026-07-24|Nascent|DPC,FEIM,VVX
Defense Prime Contractors & Aerospace Systems|2026-07-24|Fading|LMT,RTX
Digital Advertising Technology Platforms|2026-07-24|Fading|QNST,MGNI
Digital Insurance Distribution & Marketplace Platforms|2026-07-24|Fading|PRCH,GSHD
Digital Payments Processing & Merchant Acquiring Networks|2026-07-24|Fading|PYPL,FOUR
Domestic Steel Producers|2026-07-24|Accelerating|STLD,NUE
Emerging Market Digital Commerce & Fintech Platforms|2026-07-24|Fading|SE,MELI
Enterprise HR & Workforce Management SaaS|2026-07-24|Mainstream|PCTY,ALIT,WDAY
Enterprise Server, Storage & Data Infrastructure Hardware|2026-07-24|Nascent|HPE,STX,NTAP,DELL
European Bank Stocks|2026-07-24|Mainstream|SAN,NWG,LYG,BBVA,BCS,ING
Financial Compliance & Regulatory Reporting SaaS|2026-07-24|Fading|WK,DFIN
Financial Services Vertical SaaS|2026-07-24|Fading|SSNC,JKHY
For-Profit Education & Career Training Providers|2026-07-24|Fading|CVSA,STRA
For-Profit Education & Workforce Training Providers|2026-07-24|Retired|
Franchise Auto Dealership Groups|2026-07-24|Mainstream|ABG,SAH,PAG
Global Crude & Product Tanker Fleet Operators|2026-07-24|Mainstream|DHT,TRMD,FRO,INSW,NAT,TNK
Global Steel & Metal Producers Recovery|2026-07-24|Nascent|CMC,RYZ,TX,MT
Golf Equipment & Apparel|2026-07-24|Retired|
Government & Commercial Management Consulting Services|2026-07-24|Retired|
Heavy Transportation Equipment Manufacturers|2026-07-24|Nascent|WAB,PCAR
Independent Power Producers & Nuclear Generation|2026-07-24|Fading|VST,CEG,TLN
Industrial Automation & Electrical Control Systems|2026-07-24|Fading|HLIO,AME,ROK
Industrial Construction Execution & On-Site Supply Chain|2026-07-24|Nascent|TPC,SUNB,DNOW,RYZ
Industrial Fluid Control, Filtration & Water Infrastructure Equipment|2026-07-24|Nascent|IEX,IR,FELE,DCI,KAI
Industrial & Logistics REITs|2026-07-24|Mainstream|STAG,FR,TRNO,EGP
Inflammatory Disease & Immunology Biologics|2026-07-24|Nascent|SYRE,ORKA
Insurance Brokerage & Distribution Services|2026-07-24|Fading|AON,BRO,AJG
IT Distribution & Technology Services Providers|2026-07-24|Nascent|EFOR,INGM
Korean Financial Sector Recovery|2026-07-24|Nascent|SHG,KB
Life Insurance & Annuity Providers|2026-07-24|Mainstream|PFG,UNM,PRU,MET
Life Science Tools & Analytical Instruments|2026-07-24|Mainstream|MTD,TMO,WAT
Liquid Biopsy & Multi-Cancer Early Detection|2026-07-24|Fading|GRAL,GH
Medical Device Mean-Reversion & Rotation Recovery|2026-07-24|Nascent|INSP,TNDM,XRAY,CNMD
Medical Device Sterilization & Surgical Supply Infrastructure|2026-07-24|Fading|BAX,BDX
Minimally Invasive & Robotic Surgical Device Platforms|2026-07-24|Retired|
Molecular Diagnostics & DNA-Based Genetic Testing|2026-07-24|Mainstream|BLLN,QGEN
Multifamily Apartment REITs|2026-07-24|Fading|CPT,UDR
Network Security & Zero-Trust Edge|2026-07-24|Fading|FTNT,RBRK,CRWD,OKTA,CVLT,BB,VRNS,PANW,NET
Office REIT Recovery & Re-Rating|2026-07-24|Mainstream|SLG,BXP,HIW,CDP
Online Insurance Comparison & Digital Marketplace Platforms|2026-07-24|Mainstream|EVER,MAX
Open-Air & Strip Mall Retail REITs|2026-07-24|Mainstream|KIM,UE,REG,PECO,KRG,BRX,SKT,FRT
Packaged & Shelf-Stable Food Manufacturers|2026-07-24|Retired|
Peptide & Hormone Therapies for Metabolic & Endocrine Disorders|2026-07-24|Mainstream|CORT,XERS,MBX,VKTX,PTGX
Powersports & Recreational Vehicle Manufacturers|2026-07-24|Nascent|PII,HOG
Precious Metals Miners & Royalty Streamers|2026-07-24|Nascent|NEM,KGC,AU,GFI,AGI,EGO,EQX,IAG,SBSW,SSRM,ORLA,ARIS,MUX,NG,AUGO,PAAS,AG,EXK,FSM,HL,CDE,PPTA
Precious Metals Royalty & Streaming Companies|2026-07-24|Nascent|FNV,OR,RGLD,WPM
Private Mortgage Insurance|2026-07-24|Mainstream|RDN,NMIH,ESNT,MTG
Professional Advisory & Business Services|2026-07-24|Mainstream|CBZ,CRAI
Property & Casualty Insurance Underwriters|2026-07-24|Mainstream|THG,WRB,ACGL,CINF,AXS,ORI,HIG,AFG,CB,ALL,TRV,HCI,SKWD
Quantum Computing Hardware & Software|2026-07-24|Retired|
Semiconductor Wafer Foundry & Advanced IC Manufacturing|2026-07-24|Fading|MKSI,TSEM,KLAC,ICHR,AMAT,UCTT,ACMR,UMC,LRCX
Senior & Long-Term Care Healthcare REITs|2026-07-24|Accelerating|OHI,NHI,VTR,LTC
Smart Home Security & Comfort Systems|2026-07-24|Fading|ALRM,REZI
SMB & Workforce Business Services Platforms|2026-07-24|Mainstream|NSP,LZ
Specialty Catastrophe Property Insurance Underwriters|2026-07-24|Fading|SLDE,NP
Specialty Insurance Underwriting & Brokerage|2026-07-24|Fading|PLMR,RYAN
Targeted Protein Degradation Oncology|2026-07-24|Fading|KYMR,GLUE
Traditional Staffing & Talent Placement Services|2026-07-24|Mainstream|MAN,RHI
Truckload & LTL Freight Carriers|2026-07-24|Mainstream|HUBG,ARCB,LSTR,KNX,SNDR,RXO,WERN,TFII
Uniform Rental & Managed Workwear Services|2026-07-24|Mainstream|VSTS,CTAS
U.S. Apparel & Fashion Recovery|2026-07-24|Mainstream|RVLV,UA,CROX
U.S. Apparel & Lifestyle Brand Recovery|2026-07-24|Fading|OXM,VSXY
Used Vehicle & Mobility Asset Rental Recovery|2026-07-24|Fading|KMX,CAR
U.S. Passenger Airlines|2026-07-24|Mainstream|SKYW,LUV,UAL,ALGT,DAL,ALK
U.S. Petroleum Refining & Downstream Processing|2026-07-24|Mainstream|MPC,DK,PSX,PBF,DINO,PARR,VLO
U.S. Regional & Mid-Cap Commercial Banks|2026-07-24|Mainstream|MTB,HWC,TFC,UMBF,CFG,EWBC,PNC,BOKF,WTFC,GBCI,WSFS,ZION,FITB,SSB,USB,FHN,KEY,WAL,RF,HBAN
Wealth Management & Retail Brokerage Platforms|2026-07-24|Mainstream|RJF,SCHW,SEIC,SF,HOOD,AMP,LPLA
Aerospace Structural Materials & Advanced Composites|2026-07-27|Retired|
AI Compute & GPU Data Center Hosting Operators|2026-07-27|Retired|
AI-Powered Enterprise Analytics & Intelligent Workflow SaaS|2026-07-27|Mainstream|AMPL,INTA,AVPT
AI-Powered Software Development & DevOps Platforms|2026-07-27|Retired|
Analog & Microcontroller Semiconductors — Automotive & Industrial Cycle Recovery|2026-07-27|Fading|ADI,NXPI,ON,TXN
Antibody-Based Oncology & Autoimmune Biologics|2026-07-27|Retired|
Automotive Components & Tire Suppliers|2026-07-27|Fading|GT,ADNT
B2B Data Intelligence & Professional Information Services|2026-07-27|Retired|
B2B Digital Financial Infrastructure & Payment Rails Modernization|2026-07-27|Mainstream|ACIW,PAY,QTWO
B2B Marketing Automation & Customer Engagement SaaS|2026-07-27|Fading|KVYO,HUBS
Bitcoin Mining & Crypto Infrastructure Operators|2026-07-27|Fading|CIFR,HUT
Canadian Big Banks|2026-07-27|Accelerating|RY,BMO,TD,CM,BNS
Casual Dining Restaurant Turnaround|2026-07-27|Mainstream|EAT,CBRL
Clinical-Stage Oncology Biotech|2026-07-27|Nascent|ELVN,TGTX
Cloud Communications & Contact Center Platforms|2026-07-27|Fading|BAND,FIVN
Cloud Data Storage & Analytics Infrastructure|2026-07-27|Mainstream|BLZE,SNOW
Cloud Observability & AIOps Monitoring Platforms|2026-07-27|Fading|DDOG,PD
Cloud Supply Chain & Warehouse Management Software|2026-07-27|Mainstream|MANH,SPSC
Coastal & Suburban Residential Rental REITs|2026-07-27|Fading|EQR,AMH,ESS,AVB,INVH
Commercial Real Estate Brokerage & Advisory Services|2026-07-27|Mainstream|JLL,CBRE,NMRK
Consumer Fintech & Digital Credit Platforms|2026-07-27|Mainstream|DAVE,SEZL
Containerboard & Corrugated Packaging Producers|2026-07-27|Accelerating|SW,IP,PKG
Copper Mining & Production|2026-07-27|Nascent|SCCO,HBM,FCX,ERO,TGB
Corporate Spend, Expense Management & Financial Operations Software|2026-07-27|Mainstream|BILL,NAVN,WEX
Cross-Border & International Payments Processing|2026-07-27|Mainstream|GPN,EEFT
Cruise Line & Ocean Travel Recovery|2026-07-27|Nascent|LIND,RCL,NCLH
Custom AI Silicon & Chip Architecture Licensing|2026-07-27|Fading|CRDO,ARM,QUIK,ALAB,MRVL,CEVA
Cyber Exposure Management & Vulnerability Assessment|2026-07-27|Fading|TENB,RPD,QLYS
Defense Precision Components & Mission-Critical Subsystems|2026-07-27|Fading|DPC,HXL,FEIM
Defense Prime Contractors & Aerospace Systems|2026-07-27|Fading|LMT,RTX
Department Store Retail Recovery|2026-07-27|Nascent|KSS,DDS
Digital Advertising Technology Platforms|2026-07-27|Fading|QNST,MGNI
Digital Insurance Distribution & Marketplace Platforms|2026-07-27|Retired|
Digital Payments Processing & Merchant Acquiring Networks|2026-07-27|Fading|PYPL,FOUR
Domestic Steel Producers|2026-07-27|Retired|
Emerging Market Digital Commerce & Fintech Platforms|2026-07-27|Fading|SE,MELI
Enterprise HR & Workforce Management SaaS|2026-07-27|Mainstream|ALIT,WDAY,PCTY
Enterprise Server, Storage & Data Infrastructure Hardware|2026-07-27|Nascent|DELL,STX,NTAP,HPE
European Bank Stocks|2026-07-27|Nascent|BCS,SAN,BBVA,LYG,ING,NWG
Financial Compliance & Regulatory Reporting SaaS|2026-07-27|Fading|WK,DFIN
Financial Services Vertical SaaS|2026-07-27|Fading|SSNC,JKHY
For-Profit Education & Career Training Providers|2026-07-27|Fading|CVSA,STRA
Franchise Auto Dealership Groups|2026-07-27|Mainstream|ABG,PAG,SAH
Global Crude & Product Tanker Fleet Operators|2026-07-27|Mainstream|NAT,TNK,INSW,DHT,FRO,TRMD
Global Steel & Metal Producers Recovery|2026-07-27|Nascent|TX,MT
Heavy Transportation Equipment Manufacturers|2026-07-27|Retired|
Hospital & Behavioral Health Facility Procedure Volume Recovery|2026-07-27|Nascent|BSX,HCA,UHS,THC
Hotel REIT Recovery & Re-Rating|2026-07-27|Nascent|RLJ,XHR
Independent Power Producers & Nuclear Generation|2026-07-27|Fading|VST,CEG
Industrial Automation & Electrical Control Systems|2026-07-27|Fading|HLIO,AME,ROK
Industrial Construction Execution & On-Site Supply Chain|2026-07-27|Nascent|SUNB,DNOW,TPC,RYZ
Industrial Fluid Control, Filtration & Water Infrastructure Equipment|2026-07-27|Accelerating|DCI,FELE,IR,IEX,KAI
Industrial & Logistics REITs|2026-07-27|Mainstream|FR,TRNO,EGP,STAG
Inflammatory Disease & Immunology Biologics|2026-07-27|Nascent|ORKA,SYRE
Insurance Brokerage & Distribution Services|2026-07-27|Mainstream|AON,BRO,AJG
IT Distribution & Technology Services Providers|2026-07-27|Nascent|INGM,EFOR
Korean Financial Sector Recovery|2026-07-27|Fading|SHG,KB
Life Insurance & Annuity Providers|2026-07-27|Mainstream|UNM,PFG,MET,PRU
Life Science Tools & Analytical Instruments|2026-07-27|Mainstream|WAT,MTD,TMO
Liquid Biopsy & Multi-Cancer Early Detection|2026-07-27|Fading|GRAL,GH
Medical Device Mean-Reversion & Rotation Recovery|2026-07-27|Mainstream|XRAY,INSP,TNDM,CNMD
Medical Device Sterilization & Surgical Supply Infrastructure|2026-07-27|Retired|
Molecular Diagnostics & DNA-Based Genetic Testing|2026-07-27|Mainstream|QGEN,BLLN
Multifamily Apartment REITs|2026-07-27|Fading|CPT,UDR
Network Security & Zero-Trust Edge|2026-07-27|Fading|VRNS,OKTA,CRWD,BB,RBRK,NET,PANW,CVLT,FTNT
Office REIT Recovery & Re-Rating|2026-07-27|Mainstream|HIW,BXP,SLG,CDP
Online Insurance Comparison & Digital Marketplace Platforms|2026-07-27|Nascent|MAX,EVER
Open-Air & Strip Mall Retail REITs|2026-07-27|Mainstream|KRG,UE,FRT,BRX,SKT,PECO,KIM,REG
Peptide & Hormone Therapies for Metabolic & Endocrine Disorders|2026-07-27|Mainstream|MBX,PTGX,CORT,XERS,VKTX
Powersports & Recreational Vehicle Manufacturers|2026-07-27|Fading|PII,HOG
Precious Metals Miners & Royalty Streamers|2026-07-27|Fading|EGO,FSM
Precious Metals Royalty & Streaming Companies|2026-07-27|Fading|FNV,RGLD
Private Mortgage Insurance|2026-07-27|Mainstream|MTG,RDN,NMIH,ESNT
Professional Advisory & Business Services|2026-07-27|Mainstream|CBZ,CRAI
Property & Casualty Insurance Underwriters|2026-07-27|Mainstream|CINF,THG,CB,HIG,ALL,HCI,WRB,TRV,ORI,SKWD,AFG,AXS,ACGL
Regulated Gas & Electric Distribution Utilities|2026-07-27|Nascent|AVA,BKH,NJR,NWE,POR,SR
Semiconductor Wafer Foundry & Advanced IC Manufacturing|2026-07-27|Mainstream|MKSI,ACMR,KLAC,UCTT,AMAT,TSEM,UMC,ICHR
Senior & Long-Term Care Healthcare REITs|2026-07-27|Mainstream|VTR,NHI,OHI,LTC
Smart Home Security & Comfort Systems|2026-07-27|Accelerating|REZI,ALRM
SMB & Workforce Business Services Platforms|2026-07-27|Mainstream|LZ,NSP
Specialty Catastrophe Property Insurance Underwriters|2026-07-27|Retired|
Specialty Insurance Underwriting & Brokerage|2026-07-27|Mainstream|PLMR,RYAN
Targeted Protein Degradation Oncology|2026-07-27|Fading|KYMR,GLUE
Traditional Staffing & Talent Placement Services|2026-07-27|Nascent|MAN,RHI
Truckload & LTL Freight Carriers|2026-07-27|Mainstream|TFII,WERN,KNX,LSTR,ARCB,SNDR,RXO,HUBG
Uniform Rental & Managed Workwear Services|2026-07-27|Mainstream|CTAS,VSTS
U.S. Apparel & Fashion Recovery|2026-07-27|Mainstream|RVLV,UA,CROX
U.S. Apparel & Lifestyle Brand Recovery|2026-07-27|Fading|OXM,VSXY
U.S. Domestic Steel Producers|2026-07-27|Accelerating|STLD,NUE
Used Vehicle & Mobility Asset Rental Recovery|2026-07-27|Retired|
U.S. Passenger Airlines|2026-07-27|Fading|LUV,UAL,SKYW,DAL,ALK,ALGT
U.S. Petroleum Refining & Downstream Processing|2026-07-27|Mainstream|DK,PARR,PBF,VLO,PSX,MPC,DINO
U.S. Regional & Mid-Cap Commercial Banks|2026-07-27|Mainstream|HBAN,USB,ZION,UMBF,WAL,RF,WSFS,FITB,EWBC,KEY,CFG,HWC,MTB,TFC,WTFC,GBCI,SSB,FHN,PNC,BOKF
Wealth Management & Retail Brokerage Platforms|2026-07-27|Mainstream|HOOD,SF,SCHW,SEIC,RJF,LPLA,AMP
AI-Powered Enterprise Analytics & Intelligent Workflow SaaS|2026-07-28|Mainstream|INTA,AVPT,AMPL
Analog & Microcontroller Semiconductors — Automotive & Industrial Cycle Recovery|2026-07-28|Fading|NXPI,TXN
Asset Management & Fund Administration Platform Ecosystem|2026-07-28|Nascent|BX,SSNC
Automotive Components & Tire Suppliers|2026-07-28|Fading|GT,ADNT
B2B Digital Financial Infrastructure & Payment Rails Modernization|2026-07-28|Mainstream|PAY,QTWO,ACIW
B2B Marketing Automation & Customer Engagement SaaS|2026-07-28|Accelerating|HUBS,KVYO
Bitcoin Mining & Crypto Infrastructure Operators|2026-07-28|Fading|CIFR,HUT
Canadian Big Banks|2026-07-28|Mainstream|BMO,TD,CM,BNS,RY
Casual Dining Restaurant Turnaround|2026-07-28|Mainstream|CBRL,EAT
Clinical-Stage Oncology Biotech|2026-07-28|Nascent|TGTX,ELVN
Cloud Communications & Contact Center Platforms|2026-07-28|Retired|
Cloud Data Storage & Analytics Infrastructure|2026-07-28|Fading|BLZE,SNOW
Cloud Observability & AIOps Monitoring Platforms|2026-07-28|Fading|DDOG,PD
Cloud Supply Chain & Warehouse Management Software|2026-07-28|Accelerating|MANH,SPSC
Coastal & Suburban Residential Rental REITs|2026-07-28|Fading|EQR,AMH,ESS,AVB,INVH
Commercial Real Estate Brokerage & Advisory Services|2026-07-28|Accelerating|NMRK,CBRE,JLL
Consumer Fintech & Digital Credit Platforms|2026-07-28|Mainstream|SEZL,DAVE
Consumer Staples Packaged Food & Snack Brand Recovery|2026-07-28|Nascent|LW,UTZ,CAG
Containerboard & Corrugated Packaging Producers|2026-07-28|Accelerating|PKG,IP,SW
Copper Mining & Production|2026-07-28|Fading|SCCO,HBM,FCX,TGB
Corporate Spend, Expense Management & Financial Operations Software|2026-07-28|Mainstream|NAVN,BILL,WEX
Cross-Border & International Payments Processing|2026-07-28|Accelerating|EEFT,GPN
Cruise Line & Ocean Travel Recovery|2026-07-28|Nascent|NCLH,LIND,RCL
Custom AI Silicon & Chip Architecture Licensing|2026-07-28|Fading|CRDO,QUIK,MRVL
Cyber Exposure Management & Vulnerability Assessment|2026-07-28|Fading|RPD,TENB,QLYS
Defense Precision Components & Mission-Critical Subsystems|2026-07-28|Fading|HXL,FEIM
Defense Prime Contractors & Aerospace Systems|2026-07-28|Fading|LMT,RTX
Department Store Retail Recovery|2026-07-28|Nascent|DDS,KSS
Digital Advertising Technology Platforms|2026-07-28|Retired|
Digital Payments Processing & Merchant Acquiring Networks|2026-07-28|Accelerating|PYPL,FOUR
Domestic Steel Producers|2026-07-28|Accelerating|NUE,STLD
Emerging Market Digital Commerce & Fintech Platforms|2026-07-28|Retired|
Enterprise HR & Workforce Management SaaS|2026-07-28|Mainstream|PCTY,WDAY,ALIT
Enterprise Server, Storage & Data Infrastructure Hardware|2026-07-28|Mainstream|NTAP,HPE,STX,DELL
European Bank Stocks|2026-07-28|Nascent|NWG,ING,LYG,BCS,BBVA,SAN
Financial Compliance & Regulatory Reporting SaaS|2026-07-28|Accelerating|DFIN,WK
Financial Services Vertical SaaS|2026-07-28|Retired|
For-Profit Education & Career Training Providers|2026-07-28|Fading|CVSA,STRA
Franchise Auto Dealership Groups|2026-07-28|Mainstream|SAH,ABG,PAG
Global Crude & Product Tanker Fleet Operators|2026-07-28|Mainstream|TNK,TRMD,INSW,DHT,FRO,NAT
Global Steel & Metal Producers Recovery|2026-07-28|Fading|TX,MT
Hospital & Behavioral Health Facility Procedure Volume Recovery|2026-07-28|Fading|UHS,THC
Hotel REIT Recovery & Re-Rating|2026-07-28|Nascent|RLJ,XHR
Independent Power Producers & Nuclear Generation|2026-07-28|Fading|VST,CEG
Industrial Automation & Electrical Control Systems|2026-07-28|Fading|HLIO,AME,ROK
Industrial Construction Execution & On-Site Supply Chain|2026-07-28|Nascent|TPC,RYZ,DNOW,SUNB
Industrial Fluid Control, Filtration & Water Infrastructure Equipment|2026-07-28|Accelerating|DCI,FELE,KAI,IR,IEX
Industrial & Logistics REITs|2026-07-28|Mainstream|FR,EGP,STAG,TRNO
Inflammatory Disease & Immunology Biologics|2026-07-28|Nascent|SYRE,ORKA
Insurance Brokerage & Distribution Services|2026-07-28|Accelerating|AJG,AON,BRO
IT Distribution & Technology Services Providers|2026-07-28|Mainstream|INGM,EFOR
Korean Financial Sector Recovery|2026-07-28|Fading|SHG,KB
Life Insurance & Annuity Providers|2026-07-28|Mainstream|MET,UNM,PFG,PRU
Life Science Tools & Analytical Instruments|2026-07-28|Mainstream|MTD,WAT,TMO
Liquid Biopsy & Multi-Cancer Early Detection|2026-07-28|Retired|
Medical Device Mean-Reversion & Rotation Recovery|2026-07-28|Accelerating|XRAY,CNMD,INSP,TNDM
Molecular Diagnostics & DNA-Based Genetic Testing|2026-07-28|Mainstream|BLLN,QGEN
Multifamily Apartment REITs|2026-07-28|Fading|CPT,UDR
Network Security & Zero-Trust Edge|2026-07-28|Fading|NET,CVLT,OKTA,VRNS,RBRK,BB,CRWD,PANW,FTNT
Office REIT Recovery & Re-Rating|2026-07-28|Mainstream|CDP,HIW,SLG,BXP
Online Insurance Comparison & Digital Marketplace Platforms|2026-07-28|Nascent|MAX,EVER
Open-Air & Strip Mall Retail REITs|2026-07-28|Mainstream|UE,PECO,SKT,FRT,KRG,KIM,BRX,REG
Peptide & Hormone Therapies for Metabolic & Endocrine Disorders|2026-07-28|Fading|XERS,MBX,PTGX,CORT
Powersports & Recreational Vehicle Manufacturers|2026-07-28|Fading|PII,HOG
Precious Metals Miners & Royalty Streamers|2026-07-28|Fading|EGO,FSM
Precious Metals Royalty & Streaming Companies|2026-07-28|Fading|FNV,RGLD
Private Mortgage Insurance|2026-07-28|Mainstream|MTG,ESNT,RDN,NMIH
Professional Advisory & Business Services|2026-07-28|Mainstream|CRAI,CBZ
Property & Casualty Insurance Underwriters|2026-07-28|Mainstream|WRB,TRV,ALL,ACGL,CB,AFG,HCI,HIG,AXS,ORI,SKWD,THG,CINF
Regulated Gas & Electric Distribution Utilities|2026-07-28|Retired|
Semiconductor Wafer Foundry & Advanced IC Manufacturing|2026-07-28|Fading|AMAT,UMC
Senior & Long-Term Care Healthcare REITs|2026-07-28|Mainstream|LTC,NHI,OHI,VTR
Smart Home Security & Comfort Systems|2026-07-28|Mainstream|REZI,ALRM
SMB & Workforce Business Services Platforms|2026-07-28|Mainstream|NSP,LZ
Specialty Insurance Underwriting & Brokerage|2026-07-28|Fading|PLMR,RYAN
Specialty Pharma — Rare Disease & Cardiopulmonary Therapeutics|2026-07-28|Nascent|KNSA,LQDA
Targeted Protein Degradation Oncology|2026-07-28|Fading|KYMR,GLUE
Traditional Staffing & Talent Placement Services|2026-07-28|Nascent|RHI,MAN
Truckload & LTL Freight Carriers|2026-07-28|Fading|HUBG,KNX,TFII,ARCB,RXO,WERN,SNDR
Uniform Rental & Managed Workwear Services|2026-07-28|Mainstream|CTAS,VSTS
U.S. Apparel & Fashion Recovery|2026-07-28|Mainstream|UA,RVLV,CROX
U.S. Apparel & Lifestyle Brand Recovery|2026-07-28|Mainstream|VSXY,OXM
U.S. Passenger Airlines|2026-07-28|Accelerating|ALK,LUV,SKYW,UAL,ALGT,DAL
U.S. Petroleum Refining & Downstream Processing|2026-07-28|Mainstream|NJR,VLO,SR,DK,AVA,PBF,PSX,DINO,PARR,NWE,BKH,MPC
U.S. Regional & Mid-Cap Commercial Banks|2026-07-28|Mainstream|WAL,SSB,EWBC,KEY,USB,UMBF,WSFS,ZION,PNC,FITB,HWC,FHN,GBCI,RF,TFC,WTFC,HBAN,CFG,BOKF,MTB
Wealth Management & Retail Brokerage Platforms|2026-07-28|Mainstream|RJF,LPLA,AMP,SF,SCHW,HOOD,SEIC
AI-Augmented Business Process Outsourcing & IT Services|2026-07-29|Nascent|EXLS,G
AI-Powered Enterprise Analytics & Intelligent Workflow SaaS|2026-07-29|Accelerating|INTA,AMPL,AVPT
Analog & Microcontroller Semiconductors — Automotive & Industrial Cycle Recovery|2026-07-29|Fading|NXPI,TXN
Asset Management & Fund Administration Platform Ecosystem|2026-07-29|Nascent|BX,SSNC
Automotive Components & Tire Suppliers|2026-07-29|Fading|GT,ADNT
B2B Digital Financial Infrastructure & Payment Rails Modernization|2026-07-29|Mainstream|PAY,QTWO,ACIW
B2B Marketing Automation & Customer Engagement SaaS|2026-07-29|Accelerating|KVYO,HUBS
Bitcoin Mining & Crypto Infrastructure Operators|2026-07-29|Fading|CIFR,HUT
Canadian Big Banks|2026-07-29|Mainstream|RY,BMO,TD,BNS,CM
Casual Dining & Full-Service Restaurant Chain Recovery|2026-07-29|Nascent|EAT,CAKE
Casual Dining Restaurant Turnaround|2026-07-29|Retired|
Clinical-Stage Oncology Biotech|2026-07-29|Nascent|TGTX,ELVN
Cloud Data Storage & Analytics Infrastructure|2026-07-29|Mainstream|BLZE,SNOW
Cloud Observability & AIOps Monitoring Platforms|2026-07-29|Fading|PD,DDOG
Cloud Supply Chain & Warehouse Management Software|2026-07-29|Accelerating|MANH,SPSC
Coastal & Suburban Residential Rental REITs|2026-07-29|Fading|AMH,INVH,AVB,ESS,EQR
Commercial Real Estate Brokerage & Advisory Services|2026-07-29|Fading|NMRK,CBRE,JLL
Consumer Fintech & Digital Credit Platforms|2026-07-29|Fading|SEZL,DAVE
Consumer Staples Packaged Food & Snack Brand Recovery|2026-07-29|Nascent|CAG,LW
Containerboard & Corrugated Packaging Producers|2026-07-29|Accelerating|SW,IP,PKG
Copper Mining & Production|2026-07-29|Fading|SCCO,HBM,FCX,TGB
Corporate Spend, Expense Management & Financial Operations Software|2026-07-29|Mainstream|BILL,WEX,NAVN
Cross-Border & International Payments Processing|2026-07-29|Accelerating|EEFT,GPN
Cruise Line & Ocean Travel Recovery|2026-07-29|Nascent|RCL,NCLH
Custom AI Silicon & Chip Architecture Licensing|2026-07-29|Fading|QUIK,MRVL
Cyber Exposure Management & Vulnerability Assessment|2026-07-29|Fading|TENB,RPD,QLYS
Defense Precision Components & Mission-Critical Subsystems|2026-07-29|Fading|HXL,FEIM
Defense Prime Contractors & Aerospace Systems|2026-07-29|Fading|LMT,RTX
Department Store Retail Recovery|2026-07-29|Nascent|DDS,KSS
Dermatology & Atopic Immunology Biologics|2026-07-29|Nascent|FBRX,APGE
Digital Payments Processing & Merchant Acquiring Networks|2026-07-29|Accelerating|PYPL,FOUR
Domestic Steel Producers|2026-07-29|Retired|
Enterprise HR & Workforce Management SaaS|2026-07-29|Mainstream|WDAY,ALIT,PCTY
Enterprise Server, Storage & Data Infrastructure Hardware|2026-07-29|Fading|DELL,HPE,STX,NTAP
European Bank Stocks|2026-07-29|Nascent|BBVA,SAN,BCS,ING,NWG,LYG
Financial Compliance & Regulatory Reporting SaaS|2026-07-29|Accelerating|DFIN,WK
For-Profit Education & Career Training Providers|2026-07-29|Fading|CVSA,STRA
Franchise Auto Dealership Groups|2026-07-29|Mainstream|ABG,PAG,SAH
Global Crude & Product Tanker Fleet Operators|2026-07-29|Mainstream|NAT,FRO,INSW,DHT,TRMD,TNK
Global Steel & Metal Producers Recovery|2026-07-29|Fading|TX,MT
Hospital & Behavioral Health Facility Procedure Volume Recovery|2026-07-29|Fading|UHS,THC
Hotel REIT Recovery & Re-Rating|2026-07-29|Nascent|RLJ,XHR
Independent Power Producers & Nuclear Generation|2026-07-29|Fading|VST,CEG
Industrial Automation & Electrical Control Systems|2026-07-29|Retired|
Industrial Construction Execution & On-Site Supply Chain|2026-07-29|Fading|TPC,RYZ,DNOW,SUNB
Industrial Fluid Control, Filtration & Water Infrastructure Equipment|2026-07-29|Accelerating|FELE,IR,IEX,DCI,KAI
Industrial & Logistics REITs|2026-07-29|Fading|FR,EGP,STAG,TRNO
Inflammatory Disease & Immunology Biologics|2026-07-29|Mainstream|SYRE,ORKA
Insurance Brokerage & Distribution Services|2026-07-29|Accelerating|AON,BRO,AJG
Investment Research & Financial Analytics Data Platforms|2026-07-29|Nascent|MORN,IT
IT Distribution & Technology Services Providers|2026-07-29|Mainstream|EFOR,INGM
Korean Financial Sector Recovery|2026-07-29|Fading|SHG,KB
Life Insurance & Annuity Providers|2026-07-29|Mainstream|UNM,MET,PRU,PFG
Life Science Tools & Analytical Instruments|2026-07-29|Mainstream|MTD,TMO,WAT
Medical Device Mean-Reversion & Rotation Recovery|2026-07-29|Mainstream|INSP,TNDM,XRAY,CNMD
Molecular Diagnostics & DNA-Based Genetic Testing|2026-07-29|Mainstream|BLLN,QGEN
Multifamily Apartment REITs|2026-07-29|Fading|CPT,UDR
Network Security & Zero-Trust Edge|2026-07-29|Mainstream|PANW,FTNT,NET,CVLT,RBRK,BB,OKTA,CRWD,VRNS
Office REIT Recovery & Re-Rating|2026-07-29|Mainstream|CDP,BXP,HIW,SLG
Online Insurance Comparison & Digital Marketplace Platforms|2026-07-29|Nascent|EVER,MAX
Open-Air & Strip Mall Retail REITs|2026-07-29|Mainstream|BRX,REG,PECO,SKT,KRG,UE,FRT,KIM
Peptide & Hormone Therapies for Metabolic & Endocrine Disorders|2026-07-29|Mainstream|XERS,MBX,PTGX,CORT
Powersports & Recreational Vehicle Manufacturers|2026-07-29|Fading|PII,HOG
Precious Metals Miners & Royalty Streamers|2026-07-29|Fading|EGO,FSM
Precious Metals Royalty & Streaming Companies|2026-07-29|Fading|FNV,RGLD
Private Mortgage Insurance|2026-07-29|Mainstream|ESNT,NMIH,MTG,RDN
Professional Advisory & Business Services|2026-07-29|Nascent|CBZ,CRAI
Property & Casualty Insurance Underwriters|2026-07-29|Mainstream|SKWD,ORI,HCI,AXS,AFG,WRB,ALL,ACGL,THG,CB,HIG,TRV,CINF
Regulated Gas & Electric Distribution Utilities|2026-07-29|Nascent|AVA,BKH,NJR,NWE,POR,SR
Semiconductor Wafer Foundry & Advanced IC Manufacturing|2026-07-29|Retired|
Senior & Long-Term Care Healthcare REITs|2026-07-29|Mainstream|NHI,OHI,VTR,LTC
Smart Home Security & Comfort Systems|2026-07-29|Mainstream|ALRM,REZI
SMB & Workforce Business Services Platforms|2026-07-29|Mainstream|NSP,LZ
Specialty Insurance Underwriting & Brokerage|2026-07-29|Accelerating|PLMR,RYAN
Specialty Pharma — Rare Disease & Cardiopulmonary Therapeutics|2026-07-29|Retired|
Targeted Protein Degradation Oncology|2026-07-29|Fading|KYMR,GLUE
Tax Preparation & Consumer Financial Software Platforms|2026-07-29|Nascent|HRB,INTU
Traditional Staffing & Talent Placement Services|2026-07-29|Mainstream|RHI,MAN
Truckload & LTL Freight Carriers|2026-07-29|Fading|HUBG,ARCB,RXO,SNDR,TFII,WERN,KNX
Uniform Rental & Managed Workwear Services|2026-07-29|Mainstream|CTAS,VSTS
U.S. Apparel & Fashion Recovery|2026-07-29|Mainstream|CROX,UA,RVLV
U.S. Apparel & Lifestyle Brand Recovery|2026-07-29|Fading|VSXY,OXM
U.S. Domestic Steel Producers|2026-07-29|Accelerating|STLD,NUE
U.S. Passenger Airlines|2026-07-29|Fading|ALK,LUV,SKYW,UAL,ALGT,DAL
U.S. Petroleum Refining & Downstream Processing|2026-07-29|Mainstream|DINO,PBF,PARR,VLO,MPC,PSX,DK
U.S. Regional & Mid-Cap Commercial Banks|2026-07-29|Mainstream|USB,PNC,UMBF,ZION,FHN,HBAN,RF,WAL,BOKF,SSB,KEY,HWC,WSFS,MTB,CFG,FITB,EWBC,WTFC,TFC
Wealth Management & Retail Brokerage Platforms|2026-07-29|Mainstream|SEIC,SF,AMP,RJF,HOOD,LPLA,SCHW
AI-Augmented Business Process Outsourcing & IT Services|2026-07-30|Nascent|G,EXLS
AI & Data Center Semiconductor Surge|2026-07-30|Nascent|LRCX,SIMO,ARM
AI-Powered Enterprise Analytics & Intelligent Workflow SaaS|2026-07-30|Accelerating|AVPT,INTA,AMPL
Analog & Microcontroller Semiconductors — Automotive & Industrial Cycle Recovery|2026-07-30|Fading|NXPI,TXN
Asset Management & Fund Administration Platform Ecosystem|2026-07-30|Nascent|SSNC,BX
Automotive Components & Tire Suppliers|2026-07-30|Retired|
B2B Digital Financial Infrastructure & Payment Rails Modernization|2026-07-30|Mainstream|PAY,ACIW,QTWO
B2B Marketing Automation & Customer Engagement SaaS|2026-07-30|Fading|KVYO,HUBS
Bitcoin Mining & Crypto Infrastructure Operators|2026-07-30|Fading|CIFR,HUT
Canadian Big Banks|2026-07-30|Mainstream|CM,TD,BNS,RY,BMO
Casual Dining & Full-Service Restaurant Chain Recovery|2026-07-30|Nascent|CAKE,EAT
China Consumer Internet & Digital Marketplace Platforms|2026-07-30|Nascent|ATHM,BZ
Cinema Exhibition & Premium Large-Format Recovery|2026-07-30|Nascent|CNK,IMAX
Clinical-Stage Oncology Biotech|2026-07-30|Mainstream|ELVN,TGTX
Cloud Contact Center & CCaaS Communication Platforms|2026-07-30|Nascent|FIVN,RNG
Cloud Data Storage & Analytics Infrastructure|2026-07-30|Mainstream|BLZE,SNOW
Cloud Observability & AIOps Monitoring Platforms|2026-07-30|Accelerating|DDOG,PD
Cloud Supply Chain & Warehouse Management Software|2026-07-30|Accelerating|SPSC,MANH
Coastal & Suburban Residential Rental REITs|2026-07-30|Retired|
Commercial Real Estate Brokerage & Advisory Services|2026-07-30|Accelerating|NMRK,JLL,CBRE
Consumer Fintech & Digital Credit Platforms|2026-07-30|Fading|SEZL,DAVE
Consumer Staples Packaged Food & Snack Brand Recovery|2026-07-30|Fading|LW,CAG
Containerboard & Corrugated Packaging Producers|2026-07-30|Mainstream|PKG,IP,SW
Copper Mining & Production|2026-07-30|Mainstream|SCCO,FCX,TGB,HBM
Corporate Spend, Expense Management & Financial Operations Software|2026-07-30|Mainstream|WEX,BILL,NAVN
Cross-Border & International Payments Processing|2026-07-30|Fading|EEFT,GPN
Cruise Line & Ocean Travel Recovery|2026-07-30|Fading|RCL,NCLH
Custom AI Silicon & Chip Architecture Licensing|2026-07-30|Fading|QUIK,MRVL
Cyber Exposure Management & Vulnerability Assessment|2026-07-30|Nascent|TENB,QLYS,RPD
Defense Precision Components & Mission-Critical Subsystems|2026-07-30|Fading|HXL,FEIM
Defense Prime Contractors & Aerospace Systems|2026-07-30|Fading|LMT,RTX
Department Store Retail Recovery|2026-07-30|Nascent|DDS,KSS
Dermatology & Atopic Immunology Biologics|2026-07-30|Nascent|APGE,FBRX
Digital Payments Processing & Merchant Acquiring Networks|2026-07-30|Accelerating|PYPL,FOUR
Enterprise HR & Workforce Management SaaS|2026-07-30|Mainstream|WDAY,ALIT,PCTY
Enterprise Server, Storage & Data Infrastructure Hardware|2026-07-30|Fading|DELL,NTAP,HPE,STX
European Bank Stocks|2026-07-30|Nascent|ING,LYG,BBVA,BCS,SAN,NWG
Financial Compliance & Regulatory Reporting SaaS|2026-07-30|Fading|DFIN,WK
For-Profit Education & Career Training Providers|2026-07-30|Fading|CVSA,STRA
Franchise Auto Dealership Groups|2026-07-30|Mainstream|ABG,SAH,PAG
Global Crude & Product Tanker Fleet Operators|2026-07-30|Mainstream|DHT,FRO,TRMD,NAT,TNK,INSW
Global Steel & Metal Producers Recovery|2026-07-30|Nascent|MT,TX
Hospital & Behavioral Health Facility Procedure Volume Recovery|2026-07-30|Fading|UHS,THC
Hotel REIT Recovery & Re-Rating|2026-07-30|Nascent|RLJ,XHR
Independent Power Producers & Nuclear Generation|2026-07-30|Fading|VST,CEG
Industrial Construction Execution & On-Site Supply Chain|2026-07-30|Fading|TPC,DNOW,SUNB,RYZ
Industrial Fluid Control, Filtration & Water Infrastructure Equipment|2026-07-30|Accelerating|IEX,KAI,DCI,FELE,IR
Industrial & Logistics REITs|2026-07-30|Fading|FR,EGP,STAG,TRNO
Inflammatory Disease & Immunology Biologics|2026-07-30|Mainstream|SYRE,ORKA
Insurance Brokerage & Distribution Services|2026-07-30|Accelerating|AJG,AON,BRO
Investment Research & Financial Analytics Data Platforms|2026-07-30|Fading|MORN,IT
IT Distribution & Technology Services Providers|2026-07-30|Mainstream|EFOR,INGM
Korean Financial Sector Recovery|2026-07-30|Fading|SHG,KB
Life Insurance & Annuity Providers|2026-07-30|Mainstream|PRU,UNM,PFG,MET
Life Science Tools & Analytical Instruments|2026-07-30|Mainstream|WAT,MTD,TMO
Medical Device Mean-Reversion & Rotation Recovery|2026-07-30|Mainstream|XRAY,TNDM,CNMD,INSP
Molecular Diagnostics & DNA-Based Genetic Testing|2026-07-30|Fading|BLLN,QGEN
Multifamily Apartment REITs|2026-07-30|Retired|
Network Security & Zero-Trust Edge|2026-07-30|Fading|VRNS,FTNT,PANW,OKTA,CRWD,RBRK,NET,CVLT
Office REIT Recovery & Re-Rating|2026-07-30|Mainstream|BXP,SLG,HIW,CDP
Online Insurance Comparison & Digital Marketplace Platforms|2026-07-30|Nascent|EVER,MAX
Open-Air & Strip Mall Retail REITs|2026-07-30|Mainstream|KRG,FRT,KIM,SKT,BRX,REG,PECO,UE
Peptide & Hormone Therapies for Metabolic & Endocrine Disorders|2026-07-30|Mainstream|XERS,PTGX,MBX,CORT
Powersports & Recreational Vehicle Manufacturers|2026-07-30|Fading|PII,HOG
Precious Metals Miners & Royalty Streamers|2026-07-30|Fading|EGO,FSM
Precious Metals Royalty & Streaming Companies|2026-07-30|Fading|FNV,RGLD
Private Mortgage Insurance|2026-07-30|Mainstream|ESNT,NMIH,MTG,RDN
Professional Advisory & Business Services|2026-07-30|Nascent|CRAI,CBZ
Property & Casualty Insurance Underwriters|2026-07-30|Mainstream|HCI,CB,CINF,HIG,ORI,AFG,ACGL,SKWD,ALL,TRV,THG,AXS,WRB
Regulated Gas & Electric Distribution Utilities|2026-07-30|Retired|
Senior & Long-Term Care Healthcare REITs|2026-07-30|Mainstream|OHI,VTR,LTC,NHI
Smart Home Security & Comfort Systems|2026-07-30|Mainstream|ALRM,REZI
SMB & Workforce Business Services Platforms|2026-07-30|Mainstream|LZ,NSP
Specialty Insurance Underwriting & Brokerage|2026-07-30|Fading|PLMR,RYAN
Specialty Pharma — Rare Disease & Cardiopulmonary Therapeutics|2026-07-30|Nascent|KNSA,LQDA
Targeted Protein Degradation Oncology|2026-07-30|Retired|
Tax Preparation & Consumer Financial Software Platforms|2026-07-30|Fading|HRB,INTU
Traditional Staffing & Talent Placement Services|2026-07-30|Mainstream|MAN,RHI
Truckload & LTL Freight Carriers|2026-07-30|Fading|HUBG,ARCB,SNDR,TFII,KNX
Uniform Rental & Managed Workwear Services|2026-07-30|Mainstream|CTAS,VSTS
U.S. Apparel & Fashion Recovery|2026-07-30|Mainstream|RVLV,CROX,UA
U.S. Apparel & Lifestyle Brand Recovery|2026-07-30|Fading|VSXY,OXM
US-China Tariff Truce — Consumer Goods & Digital Beneficiaries|2026-07-30|Nascent|HAS,MAT,SONO,BZ
U.S. Domestic Steel Producers|2026-07-30|Accelerating|NUE,STLD
U.S. Passenger Airlines|2026-07-30|Fading|ALGT,ALK,SKYW,UAL,LUV,DAL
U.S. Petroleum Refining & Downstream Processing|2026-07-30|Mainstream|BKH,DK,VLO,PSX,MPC,PBF,AVA,NWE,PARR,DINO,NJR
U.S. Regional & Mid-Cap Commercial Banks|2026-07-30|Mainstream|UMBF,ZION,SSB,HWC,PNC,TFC,HBAN,MTB,FITB,WSFS,WAL,EWBC,WTFC,BOKF,KEY,RF,USB,CFG,FHN
Vacation Ownership & Timeshare Resort Recovery|2026-07-30|Nascent|HGV,TNL,VAC
Wealth Management & Retail Brokerage Platforms|2026-07-30|Mainstream|HOOD,AMP,SEIC,SF,SCHW,LPLA,RJF
AI-Augmented Business Process Outsourcing & IT Services|2026-07-31|Fading|G,EXLS
AI data center infrastructure buildout|2026-07-31|Nascent|BLZE,FLNC,MPWR
AI & Data Center Semiconductor Surge|2026-07-31|Retired|
AI-Powered Enterprise Analytics & Intelligent Workflow SaaS|2026-07-31|Accelerating|AMPL,AVPT,INTA
Analog & Microcontroller Semiconductors — Automotive & Industrial Cycle Recovery|2026-07-31|Retired|
Asset Management & Fund Administration Platform Ecosystem|2026-07-31|Nascent|SSNC,BX
B2B Digital Financial Infrastructure & Payment Rails Modernization|2026-07-31|Mainstream|PAY,ACIW
B2B Marketing Automation & Customer Engagement SaaS|2026-07-31|Fading|KVYO,HUBS
Bitcoin Mining & Crypto Infrastructure Operators|2026-07-31|Fading|CIFR,HUT
Branded Packaged Food & Consumer Staples Producers|2026-07-31|Nascent|CPB,GIS,KHC
Canadian Big Banks|2026-07-31|Mainstream|TD,RY,CM,BNS,BMO
Casual Dining & Full-Service Restaurant Chain Recovery|2026-07-31|Nascent|EAT,CAKE
China Consumer Internet & Digital Marketplace Platforms|2026-07-31|Nascent|BZ,ATHM
Cinema Exhibition & Premium Large-Format Recovery|2026-07-31|Nascent|IMAX,CNK
Clinical-Stage Oncology Biotech|2026-07-31|Mainstream|ELVN,TGTX
Cloud Contact Center & CCaaS Communication Platforms|2026-07-31|Nascent|FIVN,RNG
Cloud Data Storage & Analytics Infrastructure|2026-07-31|Mainstream|SNOW,BLZE
Cloud Observability & AIOps Monitoring Platforms|2026-07-31|Accelerating|PD,DDOG
Cloud Supply Chain & Warehouse Management Software|2026-07-31|Accelerating|SPSC,MANH
Commercial Real Estate Brokerage & Advisory Services|2026-07-31|Accelerating|NMRK,JLL,CBRE
Consumer Fintech & Digital Credit Platforms|2026-07-31|Fading|SEZL,DAVE
Consumer Staples Packaged Food & Snack Brand Recovery|2026-07-31|Fading|LW,CAG
Containerboard & Corrugated Packaging Producers|2026-07-31|Mainstream|PKG,IP,SW
Copper Mining & Production|2026-07-31|Fading|SCCO,FCX,HBM
Corporate Spend, Expense Management & Financial Operations Software|2026-07-31|Mainstream|WEX,NAVN,BILL
Cross-Border & International Payments Processing|2026-07-31|Retired|
Cruise Line & Ocean Travel Recovery|2026-07-31|Fading|RCL,NCLH
Custom AI Silicon & Chip Architecture Licensing|2026-07-31|Retired|
Cyber Exposure Management & Vulnerability Assessment|2026-07-31|Mainstream|RPD,QLYS,TENB
Defense Precision Components & Mission-Critical Subsystems|2026-07-31|Fading|HXL,FEIM
Defense Prime Contractors & Aerospace Systems|2026-07-31|Retired|
Department Store Retail Recovery|2026-07-31|Nascent|DDS,KSS
Dermatology & Atopic Immunology Biologics|2026-07-31|Nascent|APGE,FBRX
Digital Payments Processing & Merchant Acquiring Networks|2026-07-31|Accelerating|PYPL,FOUR
Domestic Steel Producers|2026-07-31|Accelerating|STLD,NUE
Enterprise HR & Workforce Management SaaS|2026-07-31|Mainstream|WDAY,PCTY,ALIT
Enterprise Server, Storage & Data Infrastructure Hardware|2026-07-31|Fading|DELL,NTAP,HPE,STX
European Bank Stocks|2026-07-31|Mainstream|LYG,ING,BBVA,SAN,BCS,NWG
Family Dining & Quick-Service Restaurant Chain Recovery|2026-07-31|Nascent|CBRL,JACK
Financial Compliance & Regulatory Reporting SaaS|2026-07-31|Fading|DFIN,WK
For-Profit Education & Career Training Providers|2026-07-31|Retired|
For-Profit & Vocational Post-Secondary Education Operators|2026-07-31|Nascent|LAUR,LINC,LOPE,PRDO,STRA,UTI
Franchise Auto Dealership Groups|2026-07-31|Mainstream|SAH,ABG,PAG
Global Crude & Product Tanker Fleet Operators|2026-07-31|Mainstream|INSW,TNK,TRMD,FRO,NAT,DHT
Global Steel & Metal Producers Recovery|2026-07-31|Fading|MT,TX
Hospital & Behavioral Health Facility Procedure Volume Recovery|2026-07-31|Fading|THC,UHS
Hotel REIT Recovery & Re-Rating|2026-07-31|Nascent|XHR,RLJ
Independent Power Producers & Nuclear Generation|2026-07-31|Retired|
Industrial Construction Execution & On-Site Supply Chain|2026-07-31|Mainstream|DNOW,TPC,RYZ
Industrial Fluid Control, Filtration & Water Infrastructure Equipment|2026-07-31|Mainstream|FELE,IR,DCI,KAI,IEX
Industrial HVAC, Plumbing & Fabricated Copper Products|2026-07-31|Nascent|CSW,MLI
Industrial & Logistics REITs|2026-07-31|Fading|FR,EGP,STAG,TRNO
Inflammatory Disease & Immunology Biologics|2026-07-31|Mainstream|ORKA,SYRE
Insurance Brokerage & Distribution Services|2026-07-31|Mainstream|BRO,AJG,AON
Investment Research & Financial Analytics Data Platforms|2026-07-31|Retired|
IT Distribution & Technology Services Providers|2026-07-31|Fading|EFOR,INGM
Korean Financial Sector Recovery|2026-07-31|Fading|SHG,KB
Life Insurance & Annuity Providers|2026-07-31|Mainstream|UNM,PFG,PRU,MET
Life Science Tools & Analytical Instruments|2026-07-31|Mainstream|TMO,WAT,MTD
Medical Device Mean-Reversion & Rotation Recovery|2026-07-31|Mainstream|TNDM,INSP,CNMD,XRAY
Molecular Diagnostics & DNA-Based Genetic Testing|2026-07-31|Fading|BLLN,QGEN
Network Security & Zero-Trust Edge|2026-07-31|Fading|FTNT,VRNS,CRWD,RBRK,CVLT,OKTA,NET,PANW
Office REIT Recovery & Re-Rating|2026-07-31|Mainstream|BXP,HIW,CDP,SLG
Online Insurance Comparison & Digital Marketplace Platforms|2026-07-31|Fading|EVER,MAX
Open-Air & Strip Mall Retail REITs|2026-07-31|Fading|KIM,FRT,KRG,PECO,REG,BRX,UE,SKT
Peptide & Hormone Therapies for Metabolic & Endocrine Disorders|2026-07-31|Mainstream|PTGX,XERS,CORT,MBX
Powersports & Recreational Vehicle Manufacturers|2026-07-31|Fading|PII,HOG
Precious Metals Miners & Royalty Streamers|2026-07-31|Fading|EGO,FSM
Precious Metals Royalty & Streaming Companies|2026-07-31|Fading|FNV,RGLD
Private Mortgage Insurance|2026-07-31|Mainstream|RDN,NMIH,ESNT,MTG
Professional Advisory & Business Services|2026-07-31|Mainstream|CRAI,CBZ
Property & Casualty Insurance Underwriters|2026-07-31|Mainstream|ALL,TRV,AFG,WRB,ACGL,AXS,HCI,CINF,SKWD,HIG,ORI,THG,CB
Senior & Long-Term Care Healthcare REITs|2026-07-31|Fading|VTR,LTC,OHI,NHI
Smart Home Security & Comfort Systems|2026-07-31|Fading|ALRM,REZI
SMB & Workforce Business Services Platforms|2026-07-31|Mainstream|NSP,LZ
Specialty Insurance Underwriting & Brokerage|2026-07-31|Fading|PLMR,RYAN
Specialty Pharma — Rare Disease & Cardiopulmonary Therapeutics|2026-07-31|Retired|
Tax Preparation & Consumer Financial Software Platforms|2026-07-31|Fading|HRB,INTU
Traditional Staffing & Talent Placement Services|2026-07-31|Mainstream|MAN,RHI
Truckload & LTL Freight Carriers|2026-07-31|Mainstream|TFII,ARCB,KNX,SNDR,HUBG
Uniform Rental & Managed Workwear Services|2026-07-31|Mainstream|CTAS,VSTS
U.S. Apparel & Fashion Recovery|2026-07-31|Fading|UA,RVLV,CROX
U.S. Apparel & Lifestyle Brand Recovery|2026-07-31|Fading|VSXY,OXM
US-China Tariff Truce — Consumer Goods & Digital Beneficiaries|2026-07-31|Fading|HAS,MAT
U.S. Multifamily & Residential Apartment REITs|2026-07-31|Nascent|AVB,CPT,EQR,MAA,UDR
U.S. Passenger Airlines|2026-07-31|Mainstream|DAL,ALGT,ALK,LUV,SKYW,UAL
U.S. Petroleum Refining & Downstream Processing|2026-07-31|Mainstream|VLO,PARR,MPC,PBF,DINO,PSX
U.S. Regional & Mid-Cap Commercial Banks|2026-07-31|Mainstream|EWBC,HWC,BOKF,PNC,FITB,USB,RF,FHN,KEY,HBAN,UMBF,CFG,SSB,ZION,WAL,MTB,WSFS,TFC,WTFC
Vacation Ownership & Timeshare Resort Recovery|2026-07-31|Fading|TNL,VAC
Wealth Management & Retail Brokerage Platforms|2026-07-31|Mainstream|SF,LPLA,AMP,SEIC,SCHW,RJF
AI-Augmented Business Process Outsourcing & IT Services|2026-08-03|Fading|G,EXLS
AI data center infrastructure buildout|2026-08-03|Retired|
AI-Powered Enterprise Analytics & Intelligent Workflow SaaS|2026-08-03|Mainstream|AVPT,AMPL,INTA
Alphabet (Google) Platform Re-Rating|2026-08-03|Nascent|GOOG,GOOGL,GOOGM,GOOGN
Asset Management & Fund Administration Platform Ecosystem|2026-08-03|Nascent|BX,SSNC
B2B Digital Financial Infrastructure & Payment Rails Modernization|2026-08-03|Mainstream|PAY,ACIW
B2B Marketing Automation & Customer Engagement SaaS|2026-08-03|Fading|KVYO,HUBS
Bitcoin Mining & Crypto Infrastructure Operators|2026-08-03|Fading|CIFR,HUT
Branded Packaged Food & Consumer Staples Producers|2026-08-03|Fading|CPB,GIS,KHC
Canadian Big Banks|2026-08-03|Mainstream|RY,BMO,TD,BNS,CM
Casual Dining & Full-Service Restaurant Chain Recovery|2026-08-03|Nascent|EAT,CAKE
China Consumer Internet & Digital Marketplace Platforms|2026-08-03|Nascent|BZ,ATHM
Cinema Exhibition & Premium Large-Format Recovery|2026-08-03|Nascent|IMAX,CNK
Clinical-Stage Oncology Biotech|2026-08-03|Fading|ELVN,TGTX
Cloud Contact Center & CCaaS Communication Platforms|2026-08-03|Nascent|RNG,FIVN
Cloud Data Storage & Analytics Infrastructure|2026-08-03|Mainstream|SNOW,BLZE
Cloud Observability & AIOps Monitoring Platforms|2026-08-03|Fading|PD,DDOG
Cloud Supply Chain & Warehouse Management Software|2026-08-03|Mainstream|MANH,SPSC
Commercial, Office & Home Furniture Retailers and Manufacturers|2026-08-03|Nascent|MLKN,HNI,BOBS
Commercial Real Estate Brokerage & Advisory Services|2026-08-03|Accelerating|NMRK,JLL,CBRE
Consumer Fintech & Digital Credit Platforms|2026-08-03|Fading|DAVE,SEZL
Consumer Staples Packaged Food & Snack Brand Recovery|2026-08-03|Fading|LW,CAG
Containerboard & Corrugated Packaging Producers|2026-08-03|Mainstream|SW,IP,PKG
Copper Mining & Production|2026-08-03|Fading|FCX,SCCO,HBM
Corporate Spend, Expense Management & Financial Operations Software|2026-08-03|Mainstream|WEX,NAVN,BILL
Cruise Line & Ocean Travel Recovery|2026-08-03|Fading|RCL,NCLH
Cyber Exposure Management & Vulnerability Assessment|2026-08-03|Mainstream|RPD,TENB,QLYS
Defense Electronics & Aerospace Subsystem Suppliers|2026-08-03|Nascent|ARXS,MRCY,DFNS,AADX
Defense Precision Components & Mission-Critical Subsystems|2026-08-03|Retired|
Department Store Retail Recovery|2026-08-03|Mainstream|KSS,DDS
Dermatology & Atopic Immunology Biologics|2026-08-03|Nascent|APGE,FBRX
Digital Insurance Distribution & InsurTech Platforms|2026-08-03|Nascent|GSHD,LIFE
Digital Payments Processing & Merchant Acquiring Networks|2026-08-03|Accelerating|FOUR,PYPL
Domestic Steel Producers|2026-08-03|Retired|
Electrical Infrastructure Products & Systems Installation|2026-08-03|Nascent|ATKR,IESC
Enterprise HR & Workforce Management SaaS|2026-08-03|Mainstream|PCTY,ALIT,WDAY
Enterprise Server, Storage & Data Infrastructure Hardware|2026-08-03|Mainstream|HPE,STX,NTAP,DELL
European Bank Stocks|2026-08-03|Accelerating|LYG,NWG,ING,BCS,SAN,BBVA
Family Dining & Quick-Service Restaurant Chain Recovery|2026-08-03|Nascent|CBRL,JACK
Financial Compliance & Regulatory Reporting SaaS|2026-08-03|Fading|DFIN,WK
For-Profit & Vocational Post-Secondary Education Operators|2026-08-03|Fading|LAUR,STRA
Franchise Auto Dealership Groups|2026-08-03|Mainstream|ABG,PAG,SAH
Global Crude & Product Tanker Fleet Operators|2026-08-03|Mainstream|INSW,TNK,FRO,DHT,TRMD,NAT
Global Steel & Metal Producers Recovery|2026-08-03|Fading|MT,TX
Gold & Precious Metals Miners Rotation|2026-08-03|Nascent|SBSW,KGC,NEM,GFI,IAG,AU,EGO,PAAS,HL,EXK,FSM,CDE,AGI,CGAU,HYMC,SSRM,PPTA,AG
Hospital & Behavioral Health Facility Procedure Volume Recovery|2026-08-03|Accelerating|THC,UHS
Hotel REIT Recovery & Re-Rating|2026-08-03|Mainstream|RLJ,XHR
Industrial Construction Execution & On-Site Supply Chain|2026-08-03|Mainstream|TPC,DNOW,RYZ
Industrial Fluid Control, Filtration & Water Infrastructure Equipment|2026-08-03|Mainstream|DCI,IEX,IR,FELE
Industrial HVAC, Plumbing & Fabricated Copper Products|2026-08-03|Nascent|CSW,MLI
Industrial & Logistics REITs|2026-08-03|Fading|FR,EGP,STAG,TRNO
Inflammatory Disease & Immunology Biologics|2026-08-03|Mainstream|SYRE,ORKA
Insurance Brokerage & Distribution Services|2026-08-03|Fading|BRO,AJG,AON
IT Distribution & Technology Services Providers|2026-08-03|Fading|EFOR,INGM
Korean Financial Sector Recovery|2026-08-03|Retired|
Life Insurance & Annuity Providers|2026-08-03|Mainstream|UNM,MET,PRU
Life Science Tools & Analytical Instruments|2026-08-03|Mainstream|MTD,WAT,TMO
Medical Device Mean-Reversion & Rotation Recovery|2026-08-03|Mainstream|XRAY,TNDM,INSP,CNMD
Molecular Diagnostics & DNA-Based Genetic Testing|2026-08-03|Fading|BLLN,QGEN
Network Security & Zero-Trust Edge|2026-08-03|Mainstream|NET,FTNT,CVLT,OKTA,PANW,VRNS,RBRK,CRWD
Office REIT Recovery & Re-Rating|2026-08-03|Mainstream|CDP,SLG,BXP,HIW
Online Insurance Comparison & Digital Marketplace Platforms|2026-08-03|Fading|EVER,MAX
Open-Air & Strip Mall Retail REITs|2026-08-03|Fading|KIM,FRT,KRG,PECO,REG,BRX,UE,SKT
Peptide & Hormone Therapies for Metabolic & Endocrine Disorders|2026-08-03|Mainstream|CORT,MBX,PTGX,XERS
Powersports & Recreational Vehicle Manufacturers|2026-08-03|Retired|
Precious Metals Miners & Royalty Streamers|2026-08-03|Retired|
Precious Metals Royalty & Streaming Companies|2026-08-03|Nascent|FNV,RGLD,WPM,OR
Private Mortgage Insurance|2026-08-03|Mainstream|MTG,ESNT,RDN,NMIH
Professional Advisory & Business Services|2026-08-03|Mainstream|CBZ,CRAI
Property & Casualty Insurance Underwriters|2026-08-03|Mainstream|ACGL,HCI,ORI,CINF,AXS,WRB,THG,TRV,HIG,AFG,ALL,CB,SKWD
Quantum Computing Hardware & Software|2026-08-03|Nascent|QBTS,QUBT,RGTI,INFQ,XNDU
Senior & Long-Term Care Healthcare REITs|2026-08-03|Fading|VTR,LTC,OHI,NHI
Small Modular & Advanced Nuclear Reactor Development|2026-08-03|Nascent|OKLO,NNE,SMR
Smart Home Security & Comfort Systems|2026-08-03|Fading|ALRM,REZI
Smart Utility Metering & Water Infrastructure Hardware|2026-08-03|Nascent|ITRI,MWA
SMB & Workforce Business Services Platforms|2026-08-03|Mainstream|NSP,LZ
Specialty Insurance Underwriting & Brokerage|2026-08-03|Fading|PLMR,RYAN
Specialty Pharmaceutical Commercialization & Rare Disease Drugs|2026-08-03|Nascent|KNSA,OMER
Tax Preparation & Consumer Financial Software Platforms|2026-08-03|Fading|HRB,INTU
Traditional Staffing & Talent Placement Services|2026-08-03|Mainstream|MAN,RHI
Truckload & LTL Freight Carriers|2026-08-03|Fading|ARCB,SNDR
Uniform Rental & Managed Workwear Services|2026-08-03|Fading|CTAS,VSTS
U.S. Apparel & Fashion Recovery|2026-08-03|Mainstream|RVLV,CROX,UA
U.S. Apparel & Lifestyle Brand Recovery|2026-08-03|Fading|VSXY,OXM
US-China Tariff Truce — Consumer Goods & Digital Beneficiaries|2026-08-03|Fading|HAS,MAT
U.S. Domestic Steel Producers|2026-08-03|Accelerating|NUE,STLD
U.S. Multifamily & Residential Apartment REITs|2026-08-03|Fading|AVB,CPT,EQR,MAA,UDR
U.S. Passenger Airlines|2026-08-03|Accelerating|ALK,DAL,ALGT,UAL,SKYW,LUV
U.S. Petroleum Refining & Downstream Processing|2026-08-03|Mainstream|PBF,DINO,VLO,PARR,MPC,PSX
U.S. Regional & Mid-Cap Commercial Banks|2026-08-03|Mainstream|EWBC,FHN,KEY,WSFS,SSB,FITB,HBAN,MTB,PNC,BOKF,WAL,HWC,CFG,UMBF,TFC,ZION,RF,USB,WTFC
Vacation Ownership & Timeshare Resort Recovery|2026-08-03|Fading|TNL,VAC
Wealth Management & Retail Brokerage Platforms|2026-08-03|Mainstream|LPLA,SCHW,RJF,SF,AMP,SEIC
Aerospace Precision Components & Supply Chain|2026-08-04|Nascent|DPC,BA,HONA
AI-Augmented Business Process Outsourcing & IT Services|2026-08-04|Fading|G,EXLS
AI Data Center Infrastructure Buildout|2026-08-04|Retired|BTDR,AMRC,BLZE
AI GPU Compute Infrastructure & Cloud Services|2026-08-04|Nascent|APLD,CBRS,CRWV
AI-Powered Enterprise Analytics & Intelligent Workflow SaaS|2026-08-04|Mainstream|AVPT,AMPL,INTA
Alphabet (Google) Platform Re-Rating|2026-08-04|Nascent|GOOGL,GOOGM,GOOG,GOOGN
Asset Management & Fund Administration Platform Ecosystem|2026-08-04|Mainstream|BX,SSNC
B2B Digital Financial Infrastructure & Payment Rails Modernization|2026-08-04|Mainstream|ACIW,PAY
B2B Marketing Automation & Customer Engagement SaaS|2026-08-04|Fading|KVYO,HUBS
Branded Packaged Food & Consumer Staples Producers|2026-08-04|Fading|CPB,KHC
Canadian Big Banks|2026-08-04|Fading|RY,BMO,TD,BNS,CM
Casual Dining & Full-Service Restaurant Chain Recovery|2026-08-04|Nascent|EAT,CAKE
China Consumer Internet & Digital Marketplace Platforms|2026-08-04|Nascent|BZ,ATHM
Cinema Exhibition & Premium Large-Format Recovery|2026-08-04|Nascent|CNK,IMAX
Clinical-Stage Oncology Biotech|2026-08-04|Fading|ELVN,TGTX
Cloud Contact Center & CCaaS Communication Platforms|2026-08-04|Nascent|FIVN,RNG
Cloud Data Storage & Analytics Infrastructure|2026-08-04|Accelerating|SNOW,BLZE,AMRC
Cloud Observability & AIOps Monitoring Platforms|2026-08-04|Fading|PD,DDOG
Cloud Supply Chain & Warehouse Management Software|2026-08-04|Mainstream|MANH,SPSC
Commercial, Office & Home Furniture Retailers and Manufacturers|2026-08-04|Nascent|BOBS,HNI,MLKN
Commercial Real Estate Brokerage & Advisory Services|2026-08-04|Accelerating|NMRK,JLL,CBRE
Consumer Fintech & Digital Credit Platforms|2026-08-04|Accelerating|DAVE,SEZL
Consumer Staples Packaged Food & Snack Brand Recovery|2026-08-04|Fading|LW,CAG
Containerboard & Corrugated Packaging Producers|2026-08-04|Mainstream|PKG,SW,IP
Copper Mining & Production|2026-08-04|Fading|FCX,SCCO,HBM
Corporate Spend, Expense Management & Financial Operations Software|2026-08-04|Mainstream|NAVN,BILL,WEX
Cruise Line & Ocean Travel Recovery|2026-08-04|Fading|RCL,NCLH
Cyber Exposure Management & Vulnerability Assessment|2026-08-04|Fading|QLYS,RPD,TENB
Defense Electronics & Aerospace Subsystem Suppliers|2026-08-04|Nascent|DFNS,AADX,ARXS,MRCY
Defense ISR & Unmanned Systems Intelligence|2026-08-04|Nascent|HAWK,AVEX
Department Store Retail Recovery|2026-08-04|Mainstream|KSS,DDS
Dermatology & Atopic Immunology Biologics|2026-08-04|Fading|APGE,FBRX
Digital Insurance Distribution & InsurTech Platforms|2026-08-04|Nascent|GSHD,LIFE
Digital Payments Processing & Merchant Acquiring Networks|2026-08-04|Mainstream|PYPL,FOUR
Domestic Steel Producers|2026-08-04|Retired|
Electrical Connectivity & Utility Network Hardware|2026-08-04|Nascent|PLPC,BDC
Electrical Infrastructure Products & Systems Installation|2026-08-04|Nascent|IESC,ATKR
Enterprise HR & Workforce Management SaaS|2026-08-04|Mainstream|ALIT,WDAY,PCTY
Enterprise Server, Storage & Data Infrastructure Hardware|2026-08-04|Mainstream|HPE,NTAP,STX,DELL
European Bank Stocks|2026-08-04|Mainstream|BBVA,NWG,ING,BCS,SAN,LYG
Family Dining & Quick-Service Restaurant Chain Recovery|2026-08-04|Nascent|JACK,CBRL
Financial Compliance & Regulatory Reporting SaaS|2026-08-04|Fading|DFIN,WK
For-Profit & Vocational Education Operators|2026-08-04|Nascent|LINC,LOPE,PRDO,UTI,CVSA
For-Profit & Vocational Post-Secondary Education Operators|2026-08-04|Fading|LAUR,STRA
Franchise Auto Dealership Groups|2026-08-04|Mainstream|PAG,SAH,ABG
Global Crude & Product Tanker Fleet Operators|2026-08-04|Mainstream|FRO,TNK,INSW,TRMD,DHT,NAT
Global Steel & Metal Producers Recovery|2026-08-04|Fading|MT,TX
Gold & Precious Metals Miners Rotation|2026-08-04|Fading|EGO,CGAU
Government & Defense IT Services Providers|2026-08-04|Nascent|EFOR,LDOS,DXC
Hospital & Behavioral Health Facility Procedure Volume Recovery|2026-08-04|Accelerating|UHS,THC
Hotel REIT Recovery & Re-Rating|2026-08-04|Fading|RLJ,XHR
Industrial Construction Execution & On-Site Supply Chain|2026-08-04|Fading|TPC,DNOW
Industrial Equipment Rental & Material Handling|2026-08-04|Nascent|HRI,SUNB,CMCO
Industrial Fluid Control, Filtration & Water Infrastructure Equipment|2026-08-04|Mainstream|FELE,IEX,DCI,IR
Industrial HVAC, Plumbing & Fabricated Copper Products|2026-08-04|Nascent|MLI,CSW
Industrial Lifting, Material Handling & Equipment Rental|2026-08-04|Nascent|HRI,CMCO
Industrial & Logistics REITs|2026-08-04|Retired|
Inflammatory Disease & Immunology Biologics|2026-08-04|Mainstream|ORKA,SYRE
Insurance Brokerage & Distribution Services|2026-08-04|Fading|BRO,AJG,AON
IT Distribution & Technology Services Providers|2026-08-04|Fading|EFOR,INGM
Junior Precious Metals Miners Rotation|2026-08-04|Fading|PPTA,FSM
Life Insurance & Annuity Providers|2026-08-04|Mainstream|MET,UNM,PRU
Life Science Tools & Analytical Instruments|2026-08-04|Mainstream|MTD,WAT,TMO
Management Consulting & Research Advisory Services|2026-08-04|Nascent|IT,HURN
Medical Device Mean-Reversion & Rotation Recovery|2026-08-04|Mainstream|TNDM,CNMD,INSP,XRAY
Molecular Diagnostics & DNA-Based Genetic Testing|2026-08-04|Fading|BLLN,QGEN
Net Lease Single-Tenant REIT Recovery|2026-08-04|Fading|NNN,O,WPC
Network Security & Zero-Trust Edge|2026-08-04|Mainstream|CRWD,OKTA,NET,FTNT,VRNS,CVLT,PANW,RBRK
Office REIT Recovery & Re-Rating|2026-08-04|Mainstream|HIW,CDP,BXP,SLG
Online Insurance Comparison & Digital Marketplace Platforms|2026-08-04|Fading|EVER,MAX
Open-Air & Strip Mall Retail REITs|2026-08-04|Fading|KIM,FRT,PECO,REG,BRX,SKT
Peptide & Hormone Therapies for Metabolic & Endocrine Disorders|2026-08-04|Mainstream|CORT,PTGX,MBX,XERS
Precious Metals Royalty & Streaming Companies|2026-08-04|Fading|FNV,RGLD
Private Equity & Alternative Asset Management Platforms|2026-08-04|Nascent|ARES,HLNE
Private Mortgage Insurance|2026-08-04|Mainstream|RDN,ESNT,MTG,NMIH
Professional Advisory & Business Services|2026-08-04|Mainstream|CRAI,CBZ
Property & Casualty Insurance Underwriters|2026-08-04|Mainstream|THG,HCI,ACGL,WRB,AFG,CB,TRV,ORI,CINF,SKWD,ALL,HIG
Quantum Computing Hardware & Software|2026-08-04|Nascent|RGTI,QUBT,INFQ,XNDU,QBTS
Regulated Water Utility Infrastructure|2026-08-04|Fading|AWK,AWR,CWT,WTRG
Senior & Long-Term Care Healthcare REITs|2026-08-04|Fading|VTR,OHI
Senior & Mid-Tier Gold & Silver Miners|2026-08-04|Nascent|NEM,AEM,KGC,AU,GFI,HMY,AGI,SBSW,SSRM,PAAS,HL,CDE,IAG,EQX,OR,AG,EXK,SVM
Small Modular & Advanced Nuclear Reactor Development|2026-08-04|Fading|NNE,SMR
Smart Home Security & Comfort Systems|2026-08-04|Fading|ALRM,REZI
Smart Utility Metering & Water Infrastructure Hardware|2026-08-04|Fading|ITRI,MWA
SMB & Workforce Business Services Platforms|2026-08-04|Mainstream|NSP,LZ
Specialty Insurance Underwriting & Brokerage|2026-08-04|Fading|PLMR,RYAN
Specialty Pharmaceutical Commercialization & Rare Disease Drugs|2026-08-04|Nascent|KNSA,OMER
Tax Preparation & Consumer Financial Software Platforms|2026-08-04|Fading|HRB,INTU
Technology Intellectual Property Licensing|2026-08-04|Nascent|DLB,IDCC
Traditional Staffing & Talent Placement Services|2026-08-04|Mainstream|MAN,RHI
Truckload & LTL Freight Carriers|2026-08-04|Fading|ARCB,SNDR
Uniform Rental & Managed Workwear Services|2026-08-04|Fading|CTAS,VSTS
U.S. Apparel & Fashion Recovery|2026-08-04|Mainstream|UA,CROX,RVLV
U.S. Apparel & Lifestyle Brand Recovery|2026-08-04|Retired|
US-China Tariff Truce — Consumer Goods & Digital Beneficiaries|2026-08-04|Fading|HAS,MAT
U.S. Domestic Steel Producers|2026-08-04|Accelerating|STLD,NUE
U.S. Government/Defense Contract Surge|2026-08-04|Nascent|PLTR,TSAT,VOYG,AMRC
U.S. Government/Defense Spending Surge|2026-08-04|Nascent|PLTR,TSAT,VOYG,AMRC
U.S. Multifamily & Residential Apartment REITs|2026-08-04|Fading|AVB,CPT,EQR,MAA,UDR
U.S. Passenger Airlines|2026-08-04|Accelerating|LUV,DAL,ALK,SKYW,UAL,ALGT
U.S. Petroleum Refining & Downstream Processing|2026-08-04|Mainstream|PBF,MPC,PARR,VLO,DINO,PSX
U.S. Regional & Mid-Cap Commercial Banks|2026-08-04|Mainstream|MTB,CFG,WSFS,SSB,WAL,FHN,HBAN,ZION,HWC,TFC,WTFC,USB,UMBF,FITB,BOKF,PNC,EWBC,RF,KEY
Vacation Ownership & Timeshare Resort Recovery|2026-08-04|Fading|TNL,VAC
Wealth Management & Retail Brokerage Platforms|2026-08-04|Mainstream|SF,SEIC,LPLA,AMP,RJF,SCHW
Aerospace Precision Components & Supply Chain|2026-08-05|Nascent|BA,DPC
AI-Augmented Business Process Outsourcing & IT Services|2026-08-05|Retired|
AI Data Center Infrastructure Buildout|2026-08-05|Nascent|BTDR,AMRC,BLZE
AI GPU Compute Infrastructure & Cloud Services|2026-08-05|Fading|APLD,CRWV
AI-Powered Enterprise Analytics & Intelligent Workflow SaaS|2026-08-05|Mainstream|AMPL,AVPT,INTA
Alphabet (Google) Platform Re-Rating|2026-08-05|Fading|GOOGL,GOOG
Asset Management & Fund Administration Platform Ecosystem|2026-08-05|Retired|
B2B Digital Financial Infrastructure & Payment Rails Modernization|2026-08-05|Mainstream|PAY,ACIW
B2B Marketing Automation & Customer Engagement SaaS|2026-08-05|Fading|KVYO,HUBS
Bitcoin Mining & Crypto Infrastructure Operators|2026-08-05|Fading|CIFR,HUT
Branded Packaged Food & Consumer Staples Producers|2026-08-05|Fading|CPB,KHC
Building Envelope, Ceilings & Interior Construction Products|2026-08-05|Nascent|AWI,CSL
Canadian Big Banks|2026-08-05|Fading|RY,BMO,TD,BNS,CM
Casual Dining & Full-Service Restaurant Chain Recovery|2026-08-05|Mainstream|EAT,CAKE
China Consumer Internet & Digital Marketplace Platforms|2026-08-05|Nascent|ATHM,BZ
Cinema Exhibition & Premium Large-Format Recovery|2026-08-05|Nascent|CNK,IMAX
Clinical-Stage Oncology Biotech|2026-08-05|Fading|ELVN,TGTX
Cloud Contact Center & CCaaS Communication Platforms|2026-08-05|Nascent|RNG,FIVN
Cloud Data Storage & Analytics Infrastructure|2026-08-05|Accelerating|SNOW,BLZE
Cloud Observability & AIOps Monitoring Platforms|2026-08-05|Mainstream|PD,DDOG
Cloud Supply Chain & Warehouse Management Software|2026-08-05|Mainstream|MANH,SPSC
Commercial, Office & Home Furniture Retailers and Manufacturers|2026-08-05|Nascent|MLKN,BOBS,HNI
Commercial Real Estate Brokerage & Advisory Services|2026-08-05|Mainstream|JLL,NMRK,CBRE
Consumer Fintech & Digital Credit Platforms|2026-08-05|Fading|DAVE,SEZL
Consumer Staples Packaged Food & Snack Brand Recovery|2026-08-05|Fading|LW,CAG
Containerboard & Corrugated Packaging Producers|2026-08-05|Mainstream|PKG,SW,IP
Copper Mining & Production|2026-08-05|Fading|FCX,SCCO,HBM
Corporate Spend, Expense Management & Financial Operations Software|2026-08-05|Mainstream|WEX,BILL
Cruise Line & Ocean Travel Recovery|2026-08-05|Fading|RCL,NCLH
Cyber Exposure Management & Vulnerability Assessment|2026-08-05|Mainstream|RPD,QLYS,TENB
Defense Electronics & Aerospace Subsystem Suppliers|2026-08-05|Nascent|AADX,DFNS,ARXS,MRCY
Defense ISR & Unmanned Systems Intelligence|2026-08-05|Fading|HAWK,AVEX
Department Store Retail Recovery|2026-08-05|Fading|KSS,DDS
Dermatology & Atopic Immunology Biologics|2026-08-05|Fading|APGE,FBRX
Digital Insurance Distribution & InsurTech Platforms|2026-08-05|Nascent|LIFE,GSHD
Digital Payments Processing & Merchant Acquiring Networks|2026-08-05|Mainstream|FOUR,PYPL
Electrical Connectivity & Utility Network Hardware|2026-08-05|Nascent|BDC,PLPC
Electrical Infrastructure Products & Systems Installation|2026-08-05|Nascent|IESC,ATKR
Enterprise HR & Workforce Management SaaS|2026-08-05|Mainstream|WDAY,ALIT,PCTY
Enterprise Server, Storage & Data Infrastructure Hardware|2026-08-05|Mainstream|HPE,NTAP,STX,DELL
European Bank Stocks|2026-08-05|Mainstream|LYG,BBVA,SAN,BCS,NWG,ING
Family Dining & Quick-Service Restaurant Chain Recovery|2026-08-05|Nascent|JACK,CBRL
Financial Compliance & Regulatory Reporting SaaS|2026-08-05|Fading|DFIN,WK
For-Profit & Vocational Education Operators|2026-08-05|Fading|LOPE,UTI,CVSA
For-Profit & Vocational Post-Secondary Education Operators|2026-08-05|Fading|LAUR,STRA
Franchise Auto Dealership Groups|2026-08-05|Fading|PAG,SAH,ABG
Global Crude & Product Tanker Fleet Operators|2026-08-05|Fading|FRO,TNK,INSW,DHT,NAT
Global Steel & Metal Producers Recovery|2026-08-05|Fading|MT,TX
Gold & Precious Metals Miners Rotation|2026-08-05|Fading|EGO,CGAU
Government & Defense IT Services Providers|2026-08-05|Fading|INGM,LDOS,EFOR
Hospital & Behavioral Health Facility Procedure Volume Recovery|2026-08-05|Accelerating|UHS,THC
Hotel REIT Recovery & Re-Rating|2026-08-05|Fading|RLJ,XHR
Industrial Construction Execution & On-Site Supply Chain|2026-08-05|Fading|TPC,DNOW
Industrial Equipment Rental & Material Handling|2026-08-05|Retired|
Industrial Fluid Control, Filtration & Water Infrastructure Equipment|2026-08-05|Mainstream|DCI,FELE,IR,IEX
Industrial HVAC, Plumbing & Fabricated Copper Products|2026-08-05|Nascent|MLI,CSW
Industrial Lifting, Material Handling & Equipment Rental|2026-08-05|Nascent|SUNB,CMCO,HRI
Industrial Process Equipment, Automation & Flow Control|2026-08-05|Nascent|EMR,FLS,LECO
Inflammatory Disease & Immunology Biologics|2026-08-05|Nascent|ORKA,SYRE
Insurance Brokerage & Distribution Services|2026-08-05|Fading|AON,AJG,BRO
IT Distribution & Technology Services Providers|2026-08-05|Retired|
Junior Precious Metals Miners Rotation|2026-08-05|Fading|PPTA,FSM
Life Insurance & Annuity Providers|2026-08-05|Fading|MET,UNM,PRU
Life Science Tools & Analytical Instruments|2026-08-05|Mainstream|TMO,MTD,WAT
Management Consulting & Research Advisory Services|2026-08-05|Retired|
Medical Device Mean-Reversion & Rotation Recovery|2026-08-05|Mainstream|INSP,TNDM,XRAY,CNMD
Mobile App Platform & Advertising Monetization|2026-08-05|Nascent|BSP,APPS
Molecular Diagnostics & DNA-Based Genetic Testing|2026-08-05|Fading|BLLN,QGEN
Net Lease Single-Tenant REIT Recovery|2026-08-05|Fading|NNN,O
Network Security & Zero-Trust Edge|2026-08-05|Mainstream|CRWD,NET,PANW,OKTA,VRNS,CVLT,RBRK,FTNT
Office REIT Recovery & Re-Rating|2026-08-05|Mainstream|CDP,BXP,HIW,SLG
Online Insurance Comparison & Digital Marketplace Platforms|2026-08-05|Fading|EVER,MAX
Open-Air & Strip Mall Retail REITs|2026-08-05|Fading|KIM,FRT,PECO,REG,BRX,SKT
Peptide & Hormone Therapies for Metabolic & Endocrine Disorders|2026-08-05|Mainstream|CORT,XERS,PTGX,MBX
Precious Metals Miners Rotation|2026-08-05|Nascent|SBSW,HYMC,AUGO,NEM,AEM,KGC,AU,GFI,HMY,AGI,SSRM,PAAS,HL,CDE,IAG,EQX,AG,EXK,SVM
Precious Metals Royalty & Streaming Companies|2026-08-05|Fading|FNV,RGLD
Private Equity & Alternative Asset Management Platforms|2026-08-05|Nascent|HLNE,ARES
Private Mortgage Insurance|2026-08-05|Mainstream|ESNT,NMIH,MTG,RDN
Professional Advisory & Business Services|2026-08-05|Fading|CRAI,CBZ
Property & Casualty Insurance Underwriters|2026-08-05|Mainstream|THG,TRV,SKWD,ORI,HIG,HCI,ACGL,ALL,AFG,WRB,CINF,CB
Quantum Computing Hardware & Software|2026-08-05|Nascent|QBTS,RGTI,XNDU,QUBT,INFQ
Regulated Water Utility Infrastructure|2026-08-05|Fading|AWK,AWR,CWT,WTRG
Senior & Long-Term Care Healthcare REITs|2026-08-05|Fading|VTR,OHI
Senior & Mid-Tier Gold & Silver Miners|2026-08-05|Retired|
Small Modular & Advanced Nuclear Reactor Development|2026-08-05|Fading|NNE,SMR
Smart Home Security & Comfort Systems|2026-08-05|Fading|ALRM,REZI
Smart Utility Metering & Water Infrastructure Hardware|2026-08-05|Fading|ITRI,MWA
SMB & Workforce Business Services Platforms|2026-08-05|Mainstream|NSP,LZ
Specialty Insurance Underwriting & Brokerage|2026-08-05|Fading|PLMR,RYAN
Specialty Pharmaceutical Commercialization & Rare Disease Drugs|2026-08-05|Nascent|KNSA,OMER
Tax Preparation & Consumer Financial Software Platforms|2026-08-05|Fading|HRB,INTU
Technology Intellectual Property Licensing|2026-08-05|Nascent|IDCC,DLB
Traditional Staffing & Talent Placement Services|2026-08-05|Mainstream|RHI,MAN
Truckload & LTL Freight Carriers|2026-08-05|Fading|ARCB,SNDR
Uniform Rental & Managed Workwear Services|2026-08-05|Fading|CTAS,VSTS
U.S. Apparel & Fashion Recovery|2026-08-05|Fading|CROX,RVLV
US-China Tariff Truce — Consumer Goods & Digital Beneficiaries|2026-08-05|Fading|HAS,MAT
U.S. Domestic Steel Producers|2026-08-05|Accelerating|STLD,NUE
U.S. Government/Defense Contract Surge|2026-08-05|Retired|
U.S. Government/Defense Spending Surge|2026-08-05|Retired|
U.S. Multifamily & Residential Apartment REITs|2026-08-05|Fading|AVB,CPT,EQR,MAA
U.S. Passenger Airlines|2026-08-05|Accelerating|DAL,UAL,ALGT,SKYW,ALK,LUV
U.S. Petroleum Refining & Downstream Processing|2026-08-05|Mainstream|PARR,PBF,PSX,MPC,DINO,VLO
U.S. Regional & Mid-Cap Commercial Banks|2026-08-05|Mainstream|KEY,MTB,RF,EWBC,CFG,WSFS,HBAN,FITB,ZION,HWC,FHN,SSB,USB,PNC,BOKF,UMBF,TFC,WTFC,WAL
Vacation Ownership & Timeshare Resort Recovery|2026-08-05|Fading|TNL,VAC
Wealth Management & Retail Brokerage Platforms|2026-08-05|Mainstream|RJF,LPLA,AMP,SCHW,SEIC,SF
Aerospace Precision Components & Supply Chain|2026-08-06|Nascent|BA,DPC
AI Data Center Infrastructure Buildout|2026-08-06|Retired|
AI GPU Compute Infrastructure & Cloud Services|2026-08-06|Fading|APLD,CRWV
AI-Powered Enterprise Analytics & Intelligent Workflow SaaS|2026-08-06|Mainstream|INTA,AVPT,AMPL
Alphabet (Google) Platform Re-Rating|2026-08-06|Fading|GOOGL,GOOG
B2B Digital Financial Infrastructure & Payment Rails Modernization|2026-08-06|Mainstream|PAY,ACIW
B2B Marketing Automation & Customer Engagement SaaS|2026-08-06|Retired|
Bitcoin Mining & Crypto Infrastructure Operators|2026-08-06|Fading|CIFR,HUT
Branded Packaged Food & Consumer Staples Producers|2026-08-06|Fading|CPB,KHC
Building Envelope, Ceilings & Interior Construction Products|2026-08-06|Nascent|AWI,CSL
Canadian Big Banks|2026-08-06|Mainstream|TD,BNS,BMO,RY,CM
Casual Dining & Full-Service Restaurant Chain Recovery|2026-08-06|Mainstream|CAKE,EAT
China Consumer Internet & Digital Marketplace Platforms|2026-08-06|Mainstream|BZ,ATHM
Cinema Exhibition & Premium Large-Format Recovery|2026-08-06|Mainstream|CNK,IMAX
Clinical-Stage Oncology Biotech|2026-08-06|Fading|ELVN,TGTX
Cloud Contact Center & CCaaS Communication Platforms|2026-08-06|Mainstream|RNG,FIVN
Cloud Data Storage & Analytics Infrastructure|2026-08-06|Mainstream|BLZE,SNOW
Cloud Observability & AIOps Monitoring Platforms|2026-08-06|Fading|PD,DDOG
Cloud Supply Chain & Warehouse Management Software|2026-08-06|Mainstream|MANH,SPSC
Commercial, Office & Home Furniture Retailers and Manufacturers|2026-08-06|Nascent|MLKN,BOBS,HNI
Commercial Real Estate Brokerage & Advisory Services|2026-08-06|Fading|JLL,CBRE
Consumer Fintech & Digital Credit Platforms|2026-08-06|Fading|DAVE,SEZL
Consumer Staples Packaged Food & Snack Brand Recovery|2026-08-06|Fading|LW,CAG
Containerboard & Corrugated Packaging Producers|2026-08-06|Mainstream|IP,SW,PKG
Copper Mining & Production|2026-08-06|Accelerating|SCCO,FCX,HBM
Corporate Spend, Expense Management & Financial Operations Software|2026-08-06|Mainstream|BILL,WEX
Cruise Line & Ocean Travel Recovery|2026-08-06|Retired|
Cyber Exposure Management & Vulnerability Assessment|2026-08-06|Mainstream|TENB,RPD,QLYS
Defense Electronics & Aerospace Subsystem Suppliers|2026-08-06|Nascent|AADX,MRCY,ARXS,DFNS
Defense ISR & Unmanned Systems Intelligence|2026-08-06|Fading|AVEX,HAWK
Department Store Retail Recovery|2026-08-06|Fading|KSS,DDS
Dermatology & Atopic Immunology Biologics|2026-08-06|Fading|APGE,FBRX
Digital Insurance Distribution & InsurTech Platforms|2026-08-06|Nascent|LIFE,GSHD
Digital Payments Processing & Merchant Acquiring Networks|2026-08-06|Fading|FOUR,PYPL
Electrical Connectivity & Utility Network Hardware|2026-08-06|Nascent|PLPC,BDC
Electrical Infrastructure Products & Systems Installation|2026-08-06|Nascent|IESC,ATKR
Enterprise HR & Workforce Management SaaS|2026-08-06|Mainstream|ALIT,WDAY,PCTY
Enterprise Server, Storage & Data Infrastructure Hardware|2026-08-06|Mainstream|HPE,STX,DELL,NTAP
European Bank Stocks|2026-08-06|Mainstream|ING,LYG,SAN,NWG,BBVA,BCS
Family Dining & Quick-Service Restaurant Chain Recovery|2026-08-06|Nascent|CBRL,JACK
Financial Compliance & Regulatory Reporting SaaS|2026-08-06|Retired|
For-Profit & Vocational Education Operators|2026-08-06|Fading|LOPE,CVSA
For-Profit & Vocational Post-Secondary Education Operators|2026-08-06|Fading|LAUR,STRA
Franchise Auto Dealership Groups|2026-08-06|Fading|PAG,SAH,ABG
Global Crude & Product Tanker Fleet Operators|2026-08-06|Mainstream|NAT,FRO,INSW,TNK,DHT
Global Steel & Metal Producers Recovery|2026-08-06|Accelerating|MT,TX
Gold & Precious Metals Miners Rotation|2026-08-06|Fading|CGAU,EGO
Government & Defense IT Services Providers|2026-08-06|Fading|INGM,EFOR,LDOS
Hospital & Behavioral Health Facility Procedure Volume Recovery|2026-08-06|Accelerating|UHS,THC
Hotel REIT Recovery & Re-Rating|2026-08-06|Fading|RLJ,XHR
Industrial Construction Execution & On-Site Supply Chain|2026-08-06|Mainstream|DNOW,TPC
Industrial Equipment Rental & Material Handling|2026-08-06|Nascent|HRI,CMCO,SUNB
Industrial Fluid Control, Filtration & Water Infrastructure Equipment|2026-08-06|Mainstream|DCI,FELE,IR,IEX
Industrial HVAC, Plumbing & Fabricated Copper Products|2026-08-06|Nascent|CSW,MLI
Industrial Process Equipment, Automation & Flow Control|2026-08-06|Nascent|LECO,EMR,FLS
Inflammatory Disease & Immunology Biologics|2026-08-06|Nascent|SYRE,ORKA
Insurance Brokerage & Distribution Services|2026-08-06|Fading|AON,AJG,BRO
Junior Precious Metals Miners Rotation|2026-08-06|Fading|PPTA,FSM
Life Insurance & Annuity Providers|2026-08-06|Mainstream|PRU,UNM,MET
Life Science Tools & Analytical Instruments|2026-08-06|Mainstream|WAT,MTD,TMO
Medical Device Mean-Reversion & Rotation Recovery|2026-08-06|Mainstream|CNMD,XRAY,INSP,TNDM
Mobile App Platform & Advertising Monetization|2026-08-06|Nascent|APPS,BSP
Molecular Diagnostics & DNA-Based Genetic Testing|2026-08-06|Retired|
Net Lease Single-Tenant REIT Recovery|2026-08-06|Fading|NNN,O
Network Security & Zero-Trust Edge|2026-08-06|Mainstream|RBRK,OKTA,FTNT,NET,VRNS,PANW,CRWD,CVLT
Office REIT Recovery & Re-Rating|2026-08-06|Mainstream|HIW,BXP,CDP,SLG
Online Insurance Comparison & Digital Marketplace Platforms|2026-08-06|Fading|EVER,MAX
Open-Air & Strip Mall Retail REITs|2026-08-06|Fading|PECO,SKT
Peptide & Hormone Therapies for Metabolic & Endocrine Disorders|2026-08-06|Mainstream|PTGX,MBX,XERS,CORT
Precious Metals Equities Rally|2026-08-06|Nascent|NEM,PAAS,AU,GFI,HL,KGC,HYMC,EXK,CDE,SVM,IAG,AGI,HMY,EQX,AG,SSRM,SBSW,AUGO,AEM,FNV,RGLD
Precious Metals Miners Rotation|2026-08-06|Retired|
Precious Metals Royalty & Streaming Companies|2026-08-06|Retired|
Private Equity & Alternative Asset Management Platforms|2026-08-06|Nascent|ARES,HLNE
Private Mortgage Insurance|2026-08-06|Mainstream|NMIH,MTG,RDN,ESNT
Professional Advisory & Business Services|2026-08-06|Fading|CRAI,CBZ
Property & Casualty Insurance Underwriters|2026-08-06|Mainstream|CB,ALL,ACGL,HIG,SKWD,HCI,ORI,CINF,THG,TRV,WRB,AFG
Quantum Computing Hardware & Software|2026-08-06|Nascent|XNDU,QBTS,QUBT,RGTI,INFQ
Regulated Water Utility Infrastructure|2026-08-06|Fading|AWK,AWR,CWT,WTRG
Senior & Long-Term Care Healthcare REITs|2026-08-06|Fading|VTR,OHI
Small Modular & Advanced Nuclear Reactor Development|2026-08-06|Fading|NNE,SMR
Smart Home Security & Comfort Systems|2026-08-06|Fading|ALRM,REZI
Smart Utility Metering & Water Infrastructure Hardware|2026-08-06|Fading|ITRI,MWA
SMB & Workforce Business Services Platforms|2026-08-06|Fading|NSP,LZ
Specialty Insurance Underwriting & Brokerage|2026-08-06|Accelerating|RYAN,PLMR
Specialty Pharmaceutical Commercialization & Rare Disease Drugs|2026-08-06|Nascent|OMER,KNSA
Tax Preparation & Consumer Financial Software Platforms|2026-08-06|Retired|
Technology Intellectual Property Licensing|2026-08-06|Retired|
Traditional Staffing & Talent Placement Services|2026-08-06|Mainstream|RHI,MAN
Truckload & LTL Freight Carriers|2026-08-06|Fading|ARCB,SNDR
Uniform Rental & Managed Workwear Services|2026-08-06|Fading|CTAS,VSTS
U.S. Apparel & Fashion Recovery|2026-08-06|Fading|CROX,RVLV
US-China Tariff Truce — Consumer Goods & Digital Beneficiaries|2026-08-06|Fading|HAS,MAT
U.S. Domestic Steel Producers|2026-08-06|Accelerating|NUE,STLD
U.S. Government/Defense Contract Surge|2026-08-06|Nascent|PLTR,TSAT,VOYG,AMRC
U.S. Multifamily & Residential Apartment REITs|2026-08-06|Fading|AVB,CPT,MAA
U.S. Passenger Airlines|2026-08-06|Mainstream|LUV,ALGT,DAL,ALK,UAL,SKYW
U.S. Petroleum Refining & Downstream Processing|2026-08-06|Fading|PBF,MPC,PSX,PARR,VLO,DINO
U.S. Regional & Mid-Cap Commercial Banks|2026-08-06|Mainstream|CFG,SSB,FHN,UMBF,USB,HBAN,FITB,KEY,WTFC,TFC,WSFS,HWC,PNC,BOKF,WAL,EWBC,ZION,RF,MTB
Vacation Ownership & Timeshare Resort Recovery|2026-08-06|Fading|TNL,VAC
Wealth Management & Retail Brokerage Platforms|2026-08-06|Mainstream|SEIC,AMP,RJF,LPLA,SCHW,SF
Aerospace Precision Components & Supply Chain|2026-08-07|Fading|BA,DPC
AI Data Center Infrastructure Buildout|2026-08-07|Nascent|BTDR,AMRC,BLZE
AI GPU Compute Infrastructure & Cloud Services|2026-08-07|Fading|APLD,CRWV
AI-Powered Enterprise Analytics & Intelligent Workflow SaaS|2026-08-07|Mainstream|AVPT,INTA,AMPL
Alphabet (Google) Platform Re-Rating|2026-08-07|Fading|GOOGL,GOOG
B2B Digital Financial Infrastructure & Payment Rails Modernization|2026-08-07|Fading|PAY,ACIW
Bitcoin Mining & Crypto Infrastructure Operators|2026-08-07|Fading|CIFR,HUT
Branded Packaged Food & Consumer Staples Producers|2026-08-07|Fading|CPB,KHC
Building Envelope, Ceilings & Interior Construction Products|2026-08-07|Nascent|AWI,CSL
Canadian Big Banks|2026-08-07|Mainstream|BMO,CM,RY,BNS,TD
Casual Dining & Full-Service Restaurant Chain Recovery|2026-08-07|Mainstream|CAKE,EAT
China Consumer Internet & Digital Marketplace Platforms|2026-08-07|Retired|
Cinema Exhibition & Premium Large-Format Recovery|2026-08-07|Mainstream|CNK,IMAX
Clinical-Stage Oncology Biotech|2026-08-07|Fading|ELVN,TGTX
Cloud Contact Center & CCaaS Communication Platforms|2026-08-07|Nascent|RNG,FIVN
Cloud Data Storage & Analytics Infrastructure|2026-08-07|Mainstream|SNOW,BLZE
Cloud Observability & AIOps Monitoring Platforms|2026-08-07|Fading|PD,DDOG
Cloud Supply Chain & Warehouse Management Software|2026-08-07|Mainstream|MANH,SPSC
Commercial, Office & Home Furniture Retailers and Manufacturers|2026-08-07|Nascent|BOBS,MLKN,HNI
Commercial Real Estate Brokerage & Advisory Services|2026-08-07|Fading|JLL,CBRE
Consumer Fintech & Digital Credit Platforms|2026-08-07|Fading|DAVE,SEZL
Consumer Staples Packaged Food & Snack Brand Recovery|2026-08-07|Retired|
Containerboard & Corrugated Packaging Producers|2026-08-07|Mainstream|IP,SW,PKG
Copper Mining & Production|2026-08-07|Accelerating|HBM,SCCO,FCX
Corporate Spend, Expense Management & Financial Operations Software|2026-08-07|Mainstream|WEX,BILL
Cyber Exposure Management & Vulnerability Assessment|2026-08-07|Mainstream|RPD,TENB,QLYS
Defense Electronics & Aerospace Subsystem Suppliers|2026-08-07|Nascent|AADX,ARXS,DFNS,MRCY
Defense ISR & Unmanned Systems Intelligence|2026-08-07|Accelerating|HAWK,AVEX
Department Store Retail Recovery|2026-08-07|Fading|KSS,DDS
Dermatology & Atopic Immunology Biologics|2026-08-07|Fading|APGE,FBRX
Digital Insurance Distribution & InsurTech Platforms|2026-08-07|Nascent|LIFE,GSHD
Digital Payments Processing & Merchant Acquiring Networks|2026-08-07|Fading|FOUR,PYPL
Domestic Steel Producers|2026-08-07|Fading|NUE,STLD
Electrical Connectivity & Utility Network Hardware|2026-08-07|Nascent|PLPC,BDC
Electrical Infrastructure Products & Systems Installation|2026-08-07|Nascent|IESC,ATKR
Enterprise HR & Workforce Management SaaS|2026-08-07|Mainstream|WDAY,PCTY,ALIT
Enterprise Server, Storage & Data Infrastructure Hardware|2026-08-07|Accelerating|NTAP,STX,DELL,HPE
European Bank Stocks|2026-08-07|Mainstream|ING,LYG,NWG,BCS,BBVA,SAN
Family Dining & Quick-Service Restaurant Chain Recovery|2026-08-07|Mainstream|CBRL,JACK
For-Profit & Vocational Education Operators|2026-08-07|Fading|LOPE,CVSA
For-Profit & Vocational Post-Secondary Education Operators|2026-08-07|Fading|LAUR,STRA
Franchise Auto Dealership Groups|2026-08-07|Fading|PAG,ABG
Global Crude & Product Tanker Fleet Operators|2026-08-07|Mainstream|NAT,DHT,INSW,TNK,FRO
Global Steel & Metal Producers Recovery|2026-08-07|Accelerating|MT,TX
Gold & Precious Metals Miners Rotation|2026-08-07|Accelerating|CGAU,EGO,CDE,FNV,RGLD,IAG,EQX,AG,SVM,AEM,KGC,HYMC,AU,HMY,NEM,PAAS,SSRM,AGI,GFI,SBSW,AUGO,HL,EXK
Government & Defense IT Services Providers|2026-08-07|Fading|LDOS,EFOR
Hospital & Behavioral Health Facility Procedure Volume Recovery|2026-08-07|Mainstream|THC,UHS
Hotel REIT Recovery & Re-Rating|2026-08-07|Fading|RLJ,XHR
Industrial Construction Execution & On-Site Supply Chain|2026-08-07|Accelerating|TPC,DNOW
Industrial Equipment Rental & Material Handling|2026-08-07|Accelerating|HRI,SUNB,CMCO
Industrial Fluid Control, Filtration & Water Infrastructure Equipment|2026-08-07|Mainstream|FELE,IEX,DCI,IR
Industrial HVAC, Plumbing & Fabricated Copper Products|2026-08-07|Mainstream|CSW,MLI
Industrial Lifting, Material Handling & Equipment Rental|2026-08-07|Retired|
Industrial Process Equipment, Automation & Flow Control|2026-08-07|Nascent|LECO,EMR,FLS
Inflammatory Disease & Immunology Biologics|2026-08-07|Mainstream|SYRE,ORKA
Insurance Brokerage & Distribution Services|2026-08-07|Fading|AON,AJG,BRO
Junior Precious Metals Miners Rotation|2026-08-07|Fading|PPTA,FSM
Life Insurance & Annuity Providers|2026-08-07|Mainstream|PRU,MET,UNM
Life Science Tools & Analytical Instruments|2026-08-07|Mainstream|WAT,TMO,MTD
Medical Device Mean-Reversion & Rotation Recovery|2026-08-07|Mainstream|CNMD,TNDM,INSP,XRAY
Mobile App Platform & Advertising Monetization|2026-08-07|Nascent|BSP,APPS
Net Lease Single-Tenant REIT Recovery|2026-08-07|Fading|NNN,O
Network Security & Zero-Trust Edge|2026-08-07|Mainstream|VRNS,NET,FTNT,CVLT,PANW,CRWD,RBRK,OKTA
Office REIT Recovery & Re-Rating|2026-08-07|Fading|CDP,SLG,HIW,BXP
Online Insurance Comparison & Digital Marketplace Platforms|2026-08-07|Retired|
Open-Air & Strip Mall Retail REITs|2026-08-07|Fading|PECO,SKT
Peptide & Hormone Therapies for Metabolic & Endocrine Disorders|2026-08-07|Mainstream|CORT,MBX,XERS,PTGX
Precious Metals Equities Rally|2026-08-07|Retired|
Private Equity & Alternative Asset Management Platforms|2026-08-07|Fading|ARES,HLNE
Private Mortgage Insurance|2026-08-07|Mainstream|ESNT,NMIH,MTG,RDN
Professional Advisory & Business Services|2026-08-07|Fading|CRAI,CBZ
Property & Casualty Insurance Underwriters|2026-08-07|Mainstream|ORI,SKWD,WRB,CINF,AFG,CB,THG,HIG,ACGL,TRV,ALL,HCI
Quantum Computing Hardware & Software|2026-08-07|Nascent|QUBT,RGTI,INFQ,XNDU,QBTS
Regulated Water Utility Infrastructure|2026-08-07|Fading|AWK,AWR,CWT,WTRG
Senior & Long-Term Care Healthcare REITs|2026-08-07|Fading|VTR,OHI
Small Modular & Advanced Nuclear Reactor Development|2026-08-07|Fading|NNE,SMR
Smart Home Security & Comfort Systems|2026-08-07|Retired|
Smart Utility Metering & Water Infrastructure Hardware|2026-08-07|Fading|ITRI,MWA
SMB & Workforce Business Services Platforms|2026-08-07|Fading|NSP,LZ
Specialty Insurance Underwriting & Brokerage|2026-08-07|Fading|RYAN,PLMR
Specialty Pharmaceutical Commercialization & Rare Disease Drugs|2026-08-07|Nascent|KNSA,OMER
Traditional Staffing & Talent Placement Services|2026-08-07|Mainstream|MAN,RHI
Truckload & LTL Freight Carriers|2026-08-07|Fading|ARCB,SNDR
Uniform Rental & Managed Workwear Services|2026-08-07|Fading|CTAS,VSTS
U.S. Apparel & Fashion Recovery|2026-08-07|Fading|CROX,RVLV
US-China Tariff Truce — Consumer Goods & Digital Beneficiaries|2026-08-07|Retired|
U.S. Government/Defense Contract Surge|2026-08-07|Accelerating|PLTR,VOYG,TSAT
U.S. Multifamily & Residential Apartment REITs|2026-08-07|Fading|AVB,CPT,MAA
U.S. Passenger Airlines|2026-08-07|Mainstream|UAL,ALK,SKYW,LUV,DAL,ALGT
U.S. Petroleum Refining & Downstream Processing|2026-08-07|Fading|PBF,MPC,PSX,PARR,VLO,DINO
U.S. Regional & Mid-Cap Commercial Banks|2026-08-07|Mainstream|TFC,HBAN,RF,ZION,USB,EWBC,WSFS,UMBF,BOKF,FHN,SSB,MTB,HWC,PNC,WTFC,WAL,FITB,KEY,CFG
Vacation Ownership & Timeshare Resort Recovery|2026-08-07|Retired|
Wealth Management & Retail Brokerage Platforms|2026-08-07|Mainstream|LPLA,SCHW,AMP,RJF,SF
Aerospace Precision Components & Supply Chain|2026-08-10|Fading|BA,DPC
AI Chip Enablement: Test, Substrate & Photonic/Timing Component Suppliers|2026-08-10|Nascent|AEHR,AXTI,SITM,COHR,CBRS
AI Data Center Infrastructure Buildout|2026-08-10|Retired|
AI GPU Compute Infrastructure & Cloud Services|2026-08-10|Fading|APLD,CRWV
AI-Powered Enterprise Analytics & Intelligent Workflow SaaS|2026-08-10|Mainstream|AMPL,AVPT,INTA
Alphabet (Google) Platform Re-Rating|2026-08-10|Fading|GOOGL,GOOG
B2B Digital Financial Infrastructure & Payment Rails Modernization|2026-08-10|Fading|PAY,ACIW
Bitcoin Mining & Crypto Infrastructure Operators|2026-08-10|Fading|CIFR,HUT
Branded Packaged Food & Consumer Staples Producers|2026-08-10|Retired|
Building Envelope, Ceilings & Interior Construction Products|2026-08-10|Nascent|AWI,CSL
Canadian Big Banks|2026-08-10|Accelerating|TD,RY,BMO,CM,BNS
Casual Dining & Full-Service Restaurant Chain Recovery|2026-08-10|Mainstream|EAT,CAKE
Cinema Exhibition & Premium Large-Format Recovery|2026-08-10|Mainstream|CNK,IMAX
Clinical-Stage Oncology Biotech|2026-08-10|Retired|
Cloud Contact Center & CCaaS Communication Platforms|2026-08-10|Mainstream|FIVN,RNG
Cloud Data Storage & Analytics Infrastructure|2026-08-10|Mainstream|SNOW,BLZE
Cloud Observability & AIOps Monitoring Platforms|2026-08-10|Fading|DDOG,PD
Cloud Supply Chain & Warehouse Management Software|2026-08-10|Mainstream|SPSC,MANH
Commercial, Office & Home Furniture Retailers and Manufacturers|2026-08-10|Mainstream|BOBS,MLKN,HNI
Commercial Real Estate Brokerage & Advisory Services|2026-08-10|Fading|JLL,CBRE
Consumer Fintech & Digital Credit Platforms|2026-08-10|Fading|DAVE,SEZL
Containerboard & Corrugated Packaging Producers|2026-08-10|Mainstream|PKG,IP,SW
Copper Mining & Production|2026-08-10|Accelerating|HBM,SCCO,FCX
Corporate Spend, Expense Management & Financial Operations Software|2026-08-10|Mainstream|BILL,WEX
Cyber Exposure Management & Vulnerability Assessment|2026-08-10|Mainstream|QLYS,RPD,TENB
Defense Electronics & Aerospace Subsystem Suppliers|2026-08-10|Mainstream|ARXS,DFNS,AADX,MRCY
Defense ISR & Unmanned Systems Intelligence|2026-08-10|Accelerating|HAWK,AVEX
Department Store Retail Recovery|2026-08-10|Fading|KSS,DDS
Dermatology & Atopic Immunology Biologics|2026-08-10|Fading|APGE,FBRX
Digital Insurance Distribution & InsurTech Platforms|2026-08-10|Nascent|GSHD,LIFE
Digital Payments Processing & Merchant Acquiring Networks|2026-08-10|Fading|FOUR,PYPL
Domestic Steel Producers|2026-08-10|Retired|
Electrical Connectivity & Utility Network Hardware|2026-08-10|Nascent|PLPC,BDC
Electrical Infrastructure Products & Systems Installation|2026-08-10|Mainstream|IESC,ATKR
Electronics Manufacturing & Semiconductor Packaging Supply Chain|2026-08-10|Nascent|AMKR,SANM,TTMI,AMSC
Emerging Bitcoin & AI Cloud Compute Miners|2026-08-10|Nascent|CLSK,CORZ,IREN,MARA,NBIS,RIOT,WULF
Enterprise HR & Workforce Management SaaS|2026-08-10|Mainstream|PCTY,WDAY,ALIT
Enterprise Server, Storage & Data Infrastructure Hardware|2026-08-10|Mainstream|HPE,DELL,STX,NTAP
European Bank Stocks|2026-08-10|Mainstream|BCS,ING,LYG,BBVA,NWG
Family Dining & Quick-Service Restaurant Chain Recovery|2026-08-10|Mainstream|CBRL,JACK
For-Profit & Vocational Education Operators|2026-08-10|Fading|LOPE,CVSA
For-Profit & Vocational Post-Secondary Education Operators|2026-08-10|Retired|
Franchise Auto Dealership Groups|2026-08-10|Fading|PAG,ABG
Genomics & DNA Sequencing Tools|2026-08-10|Nascent|TWST,TXG,BRKR
Global Crude & Product Tanker Fleet Operators|2026-08-10|Mainstream|INSW,NAT,FRO,DHT,TNK
Global Steel & Metal Producers Recovery|2026-08-10|Accelerating|TX,MT
Gold & Precious Metals Miners Rotation|2026-08-10|Accelerating|GFI,EXK,EQX,IAG,HL,EGO,FNV,AEM,KGC,AU,CDE,CGAU,AG,SSRM,HYMC,SVM,NEM,AUGO,HMY,AGI,SBSW,RGLD,PAAS
Government & Defense IT Services Providers|2026-08-10|Fading|EFOR,LDOS
Hospital & Behavioral Health Facility Procedure Volume Recovery|2026-08-10|Mainstream|THC,UHS
Hotel REIT Recovery & Re-Rating|2026-08-10|Fading|RLJ,XHR
Industrial Construction Execution & On-Site Supply Chain|2026-08-10|Accelerating|DNOW,TPC
Industrial Equipment Rental & Material Handling|2026-08-10|Accelerating|SUNB,CMCO,HRI
Industrial Fluid Control, Filtration & Water Infrastructure Equipment|2026-08-10|Mainstream|DCI,FELE,IEX,IR
Industrial HVAC, Plumbing & Fabricated Copper Products|2026-08-10|Mainstream|CSW,MLI
Industrial Process Equipment, Automation & Flow Control|2026-08-10|Nascent|FLS,LECO,EMR
Inflammatory Disease & Immunology Biologics|2026-08-10|Mainstream|ORKA,SYRE
Insurance Brokerage & Distribution Services|2026-08-10|Fading|AON,AJG,BRO
Junior Precious Metals Miners Rotation|2026-08-10|Fading|PPTA,FSM
Life Insurance & Annuity Providers|2026-08-10|Mainstream|UNM,PRU,MET
Life Science Tools & Analytical Instruments|2026-08-10|Mainstream|TMO,MTD,WAT
Medical Device Mean-Reversion & Rotation Recovery|2026-08-10|Mainstream|INSP,CNMD,TNDM
Mobile App Platform & Advertising Monetization|2026-08-10|Nascent|BSP,APPS
Net Lease Single-Tenant REIT Recovery|2026-08-10|Fading|NNN,O
Network Security & Zero-Trust Edge|2026-08-10|Mainstream|CVLT,CRWD,OKTA,NET,FTNT,PANW,VRNS,RBRK
Office REIT Recovery & Re-Rating|2026-08-10|Fading|CDP,SLG,HIW,BXP
Oilfield Services & Drilling Rigs|2026-08-10|Nascent|HP,SDRL,NESR
Open-Air & Strip Mall Retail REITs|2026-08-10|Retired|
Peptide & Hormone Therapies for Metabolic & Endocrine Disorders|2026-08-10|Mainstream|MBX,CORT,PTGX,XERS
Precious Metals Miners Velocity Breakout|2026-08-10|Nascent|FSM,SKE,ASM,WPM,SA,AYA,PPTA
Private Equity & Alternative Asset Management Platforms|2026-08-10|Fading|ARES,HLNE
Private Mortgage Insurance|2026-08-10|Mainstream|MTG,ESNT,NMIH
Professional Advisory & Business Services|2026-08-10|Fading|CRAI,CBZ
Property & Casualty Insurance Underwriters|2026-08-10|Mainstream|HIG,HCI,ACGL,WRB,ORI,CINF,ALL,TRV,CB,SKWD,THG,AFG
Quantum Computing Hardware & Software|2026-08-10|Mainstream|RGTI,QBTS,QUBT,XNDU,INFQ
Regulated Water Utility Infrastructure|2026-08-10|Fading|AWK,AWR,CWT,WTRG
Semiconductor Components & Optical Interconnect|2026-08-10|Nascent|CEVA,COHR,ENTG,GFS,RMBS
Senior & Long-Term Care Healthcare REITs|2026-08-10|Retired|
Small Modular & Advanced Nuclear Reactor Development|2026-08-10|Fading|NNE,SMR
Smart Utility Metering & Water Infrastructure Hardware|2026-08-10|Fading|ITRI,MWA
SMB & Workforce Business Services Platforms|2026-08-10|Fading|NSP,LZ
Space & Unmanned Defense Systems|2026-08-10|Nascent|VOYG,SPCX,KTOS,AVAV,KRMN
Specialty Insurance Underwriting & Brokerage|2026-08-10|Fading|RYAN,PLMR
Specialty Pharmaceutical Commercialization & Rare Disease Drugs|2026-08-10|Mainstream|OMER,KNSA
Traditional Staffing & Talent Placement Services|2026-08-10|Retired|
Trucking & Freight Logistics|2026-08-10|Nascent|HUBG,JBHT,ODFL,SNDR,XPO
Truckload & LTL Freight Carriers|2026-08-10|Retired|
Uniform Rental & Managed Workwear Services|2026-08-10|Retired|
U.S. Apparel & Fashion Recovery|2026-08-10|Fading|CROX,RVLV
U.S. Domestic Steel Producers|2026-08-10|Accelerating|STLD,NUE
U.S. Government/Defense Contract Surge|2026-08-10|Accelerating|PLTR,TSAT
U.S. Multifamily & Residential Apartment REITs|2026-08-10|Retired|
U.S. Oil & Gas E&P Recovery|2026-08-10|Nascent|TALO,CRK,OVV,NOG,APA
U.S. Passenger Airlines|2026-08-10|Mainstream|ALK,LUV,UAL,DAL,ALGT,SKYW
U.S. Petroleum Refining & Downstream Processing|2026-08-10|Mainstream|MPC,VLO,PSX,DINO,PARR,PBF
U.S. Regional & Mid-Cap Commercial Banks|2026-08-10|Mainstream|TFC,BOKF,RF,HWC,UMBF,WSFS,FHN,CFG,EWBC,FITB,WTFC,HBAN,USB,PNC,ZION,MTB,SSB
Wealth Management & Retail Brokerage Platforms|2026-08-10|Mainstream|RJF,LPLA,SCHW,SF,AMP
Advanced & Small Modular Nuclear Reactor Technology|2026-08-11|Nascent|XE,SMR
Aerospace Precision Components & Supply Chain|2026-08-11|Retired|
AI Chip Enablement: Test, Substrate & Photonic/Timing Component Suppliers|2026-08-11|Retired|
AI Chip & Interconnect Supply Chain Enablement|2026-08-11|Nascent|AXTI,SITM,COHR,AEHR,ONTO,COHU,ENTG,GFS,CRDO
AI GPU Compute Infrastructure & Cloud Services|2026-08-11|Fading|APLD,CRWV,SMCI
AI-Powered Enterprise Analytics & Intelligent Workflow SaaS|2026-08-11|Mainstream|AVPT,AMPL,INTA,APPN,PATH,MNDY,AI
Alphabet (Google) Platform Re-Rating|2026-08-11|Fading|GOOGL,GOOG
B2B Digital Financial Infrastructure & Payment Rails Modernization|2026-08-11|Fading|PAY,ACIW
Bitcoin Mining & Crypto Infrastructure Operators|2026-08-11|Fading|CIFR,HUT
Building Envelope, Ceilings & Interior Construction Products|2026-08-11|Nascent|CSL,AWI,OC
Canadian Big Banks|2026-08-11|Accelerating|BMO,BNS,TD,CM,RY
Casual Dining & Full-Service Restaurant Chain Recovery|2026-08-11|Mainstream|CAKE,EAT,BLMN,TXRH,DRI
Cinema Exhibition & Premium Large-Format Recovery|2026-08-11|Mainstream|CNK,IMAX
Cloud Contact Center & CCaaS Communication Platforms|2026-08-11|Mainstream|FIVN,RNG
Cloud Data Storage & Analytics Infrastructure|2026-08-11|Mainstream|SNOW,BLZE
Cloud Observability & AIOps Monitoring Platforms|2026-08-11|Fading|DDOG,PD,DT
Cloud Supply Chain & Warehouse Management Software|2026-08-11|Mainstream|SPSC,MANH
Commercial, Office & Home Furniture Retailers and Manufacturers|2026-08-11|Mainstream|BOBS,HNI,MLKN
Commercial Real Estate Brokerage & Advisory Services|2026-08-11|Fading|JLL,CBRE
Consumer Fintech & Digital Credit Platforms|2026-08-11|Fading|DAVE,SEZL,CHYM,PGY,AFRM,KLAR
Containerboard & Corrugated Packaging Producers|2026-08-11|Mainstream|PKG,SW,IP,GPK
Copper Mining & Production|2026-08-11|Accelerating|HBM,FCX,SCCO,ERO,TECK
Corporate Spend, Expense Management & Financial Operations Software|2026-08-11|Mainstream|WEX,BILL
Cyber Exposure Management & Vulnerability Assessment|2026-08-11|Mainstream|QLYS,TENB,RPD
Defense Electronics & Aerospace Subsystem Suppliers|2026-08-11|Mainstream|BA,DPC,ATI,RTX,AADX,EMBJ,MRCY,ARXS,DFNS
Defense ISR & Unmanned Systems Intelligence|2026-08-11|Accelerating|AVEX,HAWK
Department Store Retail Recovery|2026-08-11|Fading|KSS,DDS,M
Dermatology & Atopic Immunology Biologics|2026-08-11|Retired|
Digital Insurance Distribution & InsurTech Platforms|2026-08-11|Nascent|GSHD,LIFE
Digital Payments Processing & Merchant Acquiring Networks|2026-08-11|Fading|FOUR,PYPL,FLYW
Electrical Connectivity & Utility Network Hardware|2026-08-11|Mainstream|PLPC,BDC
Electrical Infrastructure Products & Systems Installation|2026-08-11|Fading|IESC,ATKR
Electronics Manufacturing & Semiconductor Packaging Supply Chain|2026-08-11|Fading|SANM,JBL
Emerging Bitcoin & AI Cloud Compute Miners|2026-08-11|Fading|NBIS,RIOT
Enterprise HR & Workforce Management SaaS|2026-08-11|Mainstream|PCTY,WDAY,ALIT,PAYC,ADP,PAYX
Enterprise Server, Storage & Data Infrastructure Hardware|2026-08-11|Mainstream|HPE,NTAP,DELL,STX,ANET
Enterprise Unstructured Data Storage Infrastructure|2026-08-11|Nascent|QMCO,P
European Bank Stocks|2026-08-11|Mainstream|BBVA,NWG,BCS,LYG,ING,DB,UBS
Family Dining & Quick-Service Restaurant Chain Recovery|2026-08-11|Mainstream|JACK,CBRL
For-Profit & Vocational Education Operators|2026-08-11|Fading|LOPE,CVSA
Franchise Auto Dealership Groups|2026-08-11|Fading|PAG,ABG
Genomics & DNA Sequencing Tools|2026-08-11|Nascent|BRKR,TXG,TWST,ILMN
Global Crude & Product Tanker Fleet Operators|2026-08-11|Retired|
Global Steel & Metal Producers Recovery|2026-08-11|Accelerating|MT,TX
Gold & Precious Metals Miners Rotation|2026-08-11|Accelerating|AGI,SSRM,EQX,IAG,HYMC,EGO,CGAU,AU,SBSW,FNV,KGC,GFI,NEM,HMY,AUGO,AEM,RGLD
Government & Defense IT Services Providers|2026-08-11|Mainstream|LDOS,EFOR
Hospital & Behavioral Health Facility Procedure Volume Recovery|2026-08-11|Mainstream|UHS,THC,EHC
Hotel REIT Recovery & Re-Rating|2026-08-11|Retired|
Industrial Construction Execution & On-Site Supply Chain|2026-08-11|Accelerating|DNOW,TPC,J,ROAD
Industrial Equipment Rental & Material Handling|2026-08-11|Accelerating|CMCO,SUNB,HRI
Industrial Fluid Control, Filtration & Water Infrastructure Equipment|2026-08-11|Mainstream|DCI,IEX,IR,FELE,VLTO
Industrial HVAC, Plumbing & Fabricated Copper Products|2026-08-11|Fading|CSW,MLI
Industrial Process Equipment, Automation & Flow Control|2026-08-11|Nascent|LECO,FLS,EMR,PH,ITT
Inflammatory Disease & Immunology Biologics|2026-08-11|Mainstream|SYRE,ORKA,CLYM,IMVT,DNTH
Insurance Brokerage & Distribution Services|2026-08-11|Fading|AON,AJG,BRO,BWIN,WTW
IT Consulting & Business Process Outsourcing Services|2026-08-11|Nascent|CTSH,ACN,IT
Junior Precious Metals Miners Rotation|2026-08-11|Retired|
Life Insurance & Annuity Providers|2026-08-11|Mainstream|UNM,MET,PRU,EQH,CRBG,LNC,JXN,CNO
Life Science Tools & Analytical Instruments|2026-08-11|Mainstream|MTD,WAT,TMO,RGEN,A,TECH,RVTY,DHR
Lodging & Hotel REITs|2026-08-11|Nascent|DRH,HST,PEB,SHO
Medical Device Mean-Reversion & Rotation Recovery|2026-08-11|Mainstream|CNMD,INSP,TNDM
Mobile App Platform & Advertising Monetization|2026-08-11|Nascent|APPS,BSP
Net Lease Single-Tenant REIT Recovery|2026-08-11|Retired|
Network Security & Zero-Trust Edge|2026-08-11|Mainstream|PANW,VRNS,NET,FTNT,CRWD,RBRK,OKTA,CVLT,S,SAIL,ZS
Office REIT Recovery & Re-Rating|2026-08-11|Fading|CDP,SLG,HIW,BXP
Oilfield Equipment & Contract Drilling Services|2026-08-11|Nascent|DINO,VLO,PSX,MPC,PARR,NESR,HP,XPRO,PBF
Oilfield Services & Drilling Rigs|2026-08-11|Nascent|WEC,AEP,APA,SO,PNW,CRK,LNT,NAT,SDRL,ED,AEE,NOG,INSW,FE,EVRG,XEL,TNK,DTE,ETR,OVV,CMS,FRO,OTTR,EXC,OGE,DHT,CNP,DUK,TALO,IDA
Peptide & Hormone Therapies for Metabolic & Endocrine Disorders|2026-08-11|Mainstream|XERS,MBX,CORT,PTGX,CRNX
Precious Metals Miners Velocity Breakout|2026-08-11|Nascent|WPM,SKE,ASM,SA,PPTA,AYA,FSM
Precious Metals Royalty & Streaming Companies|2026-08-11|Nascent|OR,WPM,FNV,RGLD
Private Equity & Alternative Asset Management Platforms|2026-08-11|Mainstream|ARES,HLNE,OWL,BX,TPG,BAM,KKR,APO,FSK,STEP,MAIN
Private Mortgage Insurance|2026-08-11|Mainstream|MTG,NMIH,ESNT
Professional Advisory & Business Services|2026-08-11|Fading|CRAI,CBZ
Programmatic Digital Advertising Platforms|2026-08-11|Nascent|MGNI,QNST
Property & Casualty Insurance Underwriters|2026-08-11|Mainstream|HIG,TRV,ALL,SKWD,AFG,THG,WRB,HCI,ORI,CB,CINF,RLI
Quantum Computing Hardware & Software|2026-08-11|Mainstream|RGTI,QBTS,XNDU,INFQ,QUBT,IONQ
Regulated Water Utility Infrastructure|2026-08-11|Retired|
Semiconductor Components & Optical Interconnect|2026-08-11|Retired|
Silver-Focused Primary Miners|2026-08-11|Nascent|AG,CDE,EXK,HL,SVM,PAAS
Small Modular & Advanced Nuclear Reactor Development|2026-08-11|Retired|
Smart Utility Metering & Water Infrastructure Hardware|2026-08-11|Retired|
SMB & Workforce Business Services Platforms|2026-08-11|Fading|NSP,LZ
Software Development & DevOps Collaboration Platforms|2026-08-11|Nascent|TEAM,GTLB
Space & Unmanned Defense Systems|2026-08-11|Nascent|VOYG,KRMN,SPCX,AVAV,KTOS,RDW
Specialty Insurance Underwriting & Brokerage|2026-08-11|Fading|RYAN,PLMR
Specialty Pharmaceutical Commercialization & Rare Disease Drugs|2026-08-11|Mainstream|OMER,KNSA,LQDA,HRMY,RYTM,ETON,BCRX,INSM,ROIV
Trucking & Freight Logistics|2026-08-11|Fading|JBHT,SNDR
U.S. Apparel & Fashion Recovery|2026-08-11|Fading|CROX,RVLV,ANF,SHOO,URBN
U.S. Domestic Steel Producers|2026-08-11|Accelerating|STLD,NUE,CLF
U.S. Government/Defense Contract Surge|2026-08-11|Accelerating|TSAT,PLTR
U.S. Oil & Gas E&P Recovery|2026-08-11|Retired|
U.S. Passenger Airlines|2026-08-11|Mainstream|UAL,SKYW,ALK,LUV,DAL
U.S. Petroleum Refining & Downstream Processing|2026-08-11|Retired|
U.S. Regional & Mid-Cap Commercial Banks|2026-08-11|Mainstream|TFC,HWC,FITB,EWBC,WTFC,UMBF,CFG,PNC,HBAN,SSB,ZION,BOKF,FHN,USB,RF,WSFS,MTB,FBP,PNFP,WSBC,MCHB
Wealth Management & Retail Brokerage Platforms|2026-08-11|Mainstream|LPLA,AMP,RJF,SF,SCHW
Advanced & Small Modular Nuclear Reactor Technology|2026-08-12|Fading|XE,SMR
AI Chip & Interconnect Supply Chain Enablement|2026-08-12|Nascent|SITM,ONTO,ENTG,AEHR,GFS,CRDO,COHR,COHU,AXTI,APH,TER,FORM
AI data center infrastructure buildout|2026-08-12|Nascent|BLZE,FLNC,MPWR,EROC,BE,WYFI,NBIS,CRWV
AI Data-Center Power & Physical Infrastructure Buildout|2026-08-12|Nascent|FRMI,CSQR,SMR,XE,STDN
AI-Driven Power & Grid Infrastructure Boom|2026-08-12|Nascent|EME,PWR,EROC,BE
AI GPU Compute Infrastructure & Cloud Services|2026-08-12|Fading|SMCI,CRWV,APLD
AI-Powered Enterprise Analytics & Intelligent Workflow SaaS|2026-08-12|Mainstream|APPN,AI,AVPT,INTA,AMPL,MNDY,PATH,NOW,CRM
Alphabet (Google) Platform Re-Rating|2026-08-12|Retired|
Apartment & Residential REITs|2026-08-12|Nascent|AVB,ELS,EQR,UDR
B2B Digital Financial Infrastructure & Payment Rails Modernization|2026-08-12|Fading|PAY,ACIW
Bitcoin Mining & Crypto Infrastructure Operators|2026-08-12|Retired|
Bitcoin Mining & HPC Compute Pivot Operators|2026-08-12|Nascent|CIFR,CLSK,CORZ,HUT,MARA,WULF,APLD,RIOT
Building Envelope, Ceilings & Interior Construction Products|2026-08-12|Mainstream|AWI,OC,CSL
Canadian Big Banks|2026-08-12|Accelerating|BNS,TD,BMO,CM,RY
Casual Dining & Full-Service Restaurant Chain Recovery|2026-08-12|Retired|
Cinema Exhibition & Premium Large-Format Recovery|2026-08-12|Mainstream|IMAX,CNK
Cloud Contact Center & CCaaS Communication Platforms|2026-08-12|Mainstream|RNG,FIVN
Cloud Data Storage & Analytics Infrastructure|2026-08-12|Mainstream|SNOW,BLZE,MDB
Cloud Observability & AIOps Monitoring Platforms|2026-08-12|Fading|DDOG,DT,PD
Cloud Supply Chain & Warehouse Management Software|2026-08-12|Mainstream|SPSC,MANH
Commercial, Office & Home Furniture Retailers and Manufacturers|2026-08-12|Mainstream|HNI,BOBS,MLKN,WSM,RH
Commercial Real Estate Brokerage & Advisory Services|2026-08-12|Fading|JLL,CBRE
Consumer Fintech & Digital Credit Platforms|2026-08-12|Fading|PGY,KLAR,AFRM,DAVE,CHYM,SEZL,BFH
Containerboard & Corrugated Packaging Producers|2026-08-12|Mainstream|GPK,IP,SW,PKG
Copper Mining & Production|2026-08-12|Mainstream|HBM,TECK,ERO,FCX,SCCO
Corporate Spend, Expense Management & Financial Operations Software|2026-08-12|Mainstream|WEX,BILL
Cyber Exposure Management & Vulnerability Assessment|2026-08-12|Mainstream|TENB,QLYS,RPD
Defense Electronics & Aerospace Subsystem Suppliers|2026-08-12|Mainstream|DFNS,MRCY,DPC,EMBJ,AADX,ARXS,BA,ATI,RTX
Defense ISR & Unmanned Systems Intelligence|2026-08-12|Accelerating|AVEX,HAWK
Department Store Retail Recovery|2026-08-12|Retired|
Development-Stage Gold Exploration & Project Juniors|2026-08-12|Nascent|HYMC,NG,AUGO
Digital Insurance Distribution & InsurTech Platforms|2026-08-12|Mainstream|LIFE,GSHD
Digital Payments Processing & Merchant Acquiring Networks|2026-08-12|Fading|FOUR,FLYW
Electrical Connectivity & Utility Network Hardware|2026-08-12|Mainstream|PLPC,BDC,NVT
Electrical Infrastructure Products & Systems Installation|2026-08-12|Fading|IESC,ATKR
Electronics Manufacturing & Semiconductor Packaging Supply Chain|2026-08-12|Fading|SANM,JBL
Emerging Bitcoin & AI Cloud Compute Miners|2026-08-12|Fading|NBIS,RIOT
Enterprise HR & Workforce Management SaaS|2026-08-12|Mainstream|PAYX,PAYC,PCTY,WDAY,ADP,ALIT
Enterprise Server, Storage & Data Infrastructure Hardware|2026-08-12|Mainstream|DELL,ANET,HPE,STX,NTAP,CSCO
Enterprise Unstructured Data Storage Infrastructure|2026-08-12|Nascent|P,QMCO,DBX
European Bank Stocks|2026-08-12|Mainstream|NWG,DB,ING,BCS,LYG,BBVA,UBS
Family Dining & Quick-Service Restaurant Chain Recovery|2026-08-12|Retired|
For-Profit Postsecondary Education|2026-08-12|Nascent|LOPE,PRDO,STRA
For-Profit & Vocational Education Operators|2026-08-12|Retired|
Franchise Auto Dealership Groups|2026-08-12|Retired|
Genomics & DNA Sequencing Tools|2026-08-12|Nascent|TWST,ILMN,TXG,BRKR
Global Steel & Metal Producers Recovery|2026-08-12|Mainstream|MT,TX
Gold & Precious Metals Miners Rotation|2026-08-12|Accelerating|SBSW,NEM,CGAU,HMY,GFI,EGO,AUGO,EQX,AEM,IAG,KGC,HYMC,RGLD,AGI,SSRM,FNV,AU,ARIS
Government & Defense IT Services Providers|2026-08-12|Mainstream|EFOR,LDOS
Hospital & Behavioral Health Facility Procedure Volume Recovery|2026-08-12|Mainstream|THC,EHC,UHS
Industrial Construction Execution & On-Site Supply Chain|2026-08-12|Accelerating|DNOW,J,ROAD,TPC
Industrial Equipment & Flow Control – Capex Cycle Recovery|2026-08-12|Mainstream|LECO,ITT,FLS,PH,EMR,VLTO,IR,FELE,DCI,IEX
Industrial Equipment Rental & Material Handling|2026-08-12|Accelerating|CMCO,SUNB,HRI,EQPT
Industrial Fluid Control, Filtration & Water Infrastructure Equipment|2026-08-12|Retired|
Industrial HVAC, Plumbing & Fabricated Copper Products|2026-08-12|Fading|CSW,MLI
Industrial Process Equipment, Automation & Flow Control|2026-08-12|Retired|
Inflammatory Disease & Immunology Biologics|2026-08-12|Mainstream|CLYM,SYRE,ORKA,IMVT,DNTH,AVTX,APGE,ZBIO
Insurance Brokerage & Distribution Services|2026-08-12|Fading|WTW,AJG,AON,BRO,BWIN
IT Consulting & Business Process Outsourcing Services|2026-08-12|Nascent|IT,ACN,CTSH,EXLS
Life Insurance & Annuity Providers|2026-08-12|Mainstream|UNM,EQH,LNC,MET,CRBG,CNO,PRU,JXN
Life Science Tools & Analytical Instruments|2026-08-12|Nascent|DHR,RVTY,WAT,RGEN,MTD,A,TMO,TECH
Lodging & Hotel REITs|2026-08-12|Fading|DRH,PEB
Medical Device Mean-Reversion & Rotation Recovery|2026-08-12|Mainstream|INSP,TNDM,CNMD,BBNX
Mobile App Platform & Advertising Monetization|2026-08-12|Mainstream|APPS,BSP
Network Security & Zero-Trust Edge|2026-08-12|Mainstream|OKTA,NET,S,FTNT,PANW,RBRK,ZS,CRWD,VRNS,CVLT,SAIL,NTSK,FFIV
Nuclear Fuel Cycle & Microreactor Development|2026-08-12|Nascent|NNE,OKLO,SMR,UUUU
Office REIT Recovery & Re-Rating|2026-08-12|Fading|CDP,SLG,HIW,BXP
Oilfield Equipment & Contract Drilling Services|2026-08-12|Nascent|NESR,XPRO,HP,OII
Oilfield Services & Drilling Rigs|2026-08-12|Nascent|INSW,SDRL,OVV,NAT,APA,DHT,NOG,FRO,TNK,TALO,CRK,TDW
Optical Interconnect & Photonics for AI Data Center Networking|2026-08-12|Nascent|LITE,COHR,CRDO
Peptide & Hormone Therapies for Metabolic & Endocrine Disorders|2026-08-12|Mainstream|CRNX,CORT,XERS,MBX,PTGX
Power Generation & Grid Infrastructure for AI Data Centers|2026-08-12|Nascent|GEV,EROC,AMRC
Precious Metals Miners Velocity Breakout|2026-08-12|Nascent|SKE,AYA,PPTA,WPM,ASM,SA,FSM
Precious Metals Royalty & Streaming Companies|2026-08-12|Nascent|RGLD,WPM,OR,FNV
Private Equity & Alternative Asset Management Platforms|2026-08-12|Mainstream|BAM,APO,HLNE,KKR,OWL,FSK,STEP,MAIN,TPG,ARES,BX
Private Mortgage Insurance|2026-08-12|Mainstream|MTG,ESNT,NMIH
Professional Advisory & Business Services|2026-08-12|Retired|
Programmatic Digital Advertising Platforms|2026-08-12|Nascent|MGNI,QNST
Property & Casualty Insurance Underwriters|2026-08-12|Mainstream|HIG,AFG,THG,ORI,CB,ALL,SKWD,HCI,RLI,TRV,SLDE
Quantum Computing Hardware & Software|2026-08-12|Mainstream|RGTI,IONQ,QUBT,INFQ,QBTS
Restaurant Chain Recovery|2026-08-12|Mainstream|TXRH,CAKE,EAT,BLMN,DRI,JACK,CBRL,SHAK
Semiconductor Components & Optical Interconnect|2026-08-12|Nascent|CEVA,COHR,ENTG,GFS,RMBS
Silver-Focused Primary Miners|2026-08-12|Nascent|AG,HL,EXK,PAAS,SVM,CDE
Skilled Nursing & Senior Housing REITs|2026-08-12|Nascent|CTRE,LTC,NHI,OHI
SMB & Workforce Business Services Platforms|2026-08-12|Fading|NSP,LZ
Software Development & DevOps Collaboration Platforms|2026-08-12|Nascent|TEAM,GTLB,FROG
Space & Unmanned Defense Systems|2026-08-12|Nascent|AVAV,VOYG,KTOS,SPCX,RDW,KRMN
Specialty Insurance Underwriting & Brokerage|2026-08-12|Fading|RYAN,PLMR
Specialty Pharmaceutical Commercialization & Rare Disease Drugs|2026-08-12|Mainstream|LQDA,ROIV,OMER,HRMY,ETON,INSM,BCRX,KNSA,RYTM,BMRN
Trucking & Freight Logistics|2026-08-12|Fading|JBHT,SNDR
Uranium Feedstock & Mining Supply|2026-08-12|Nascent|UEC,UUUU
U.S. Apparel & Fashion Recovery|2026-08-12|Fading|SHOO,RVLV,CROX,ANF,URBN
U.S. Domestic Steel Producers|2026-08-12|Nascent|NUE,CLF,STLD
U.S. Government/Defense Contract Surge|2026-08-12|Accelerating|TSAT,PLTR
U.S. Oil & Gas E&P Recovery|2026-08-12|Nascent|TALO,CRK,OVV,NOG,APA
U.S. Passenger Airlines|2026-08-12|Mainstream|SKYW,ALK,DAL,UAL,LUV
U.S. Regional & Mid-Cap Commercial Banks|2026-08-12|Mainstream|FBP,HWC,FHN,WSFS,MCHB,USB,HBAN,BOKF,RF,UMBF,TFC,CFG,WTFC,EWBC,PNFP,ZION,PNC,SSB,MTB,FITB,WSBC,CBC
Wealth Management & Retail Brokerage Platforms|2026-08-12|Mainstream|SCHW,SF,LPLA,AMP,RJF,NTRS
Advanced & Small Modular Nuclear Reactor Technology|2026-08-13|Retired|
AI Chip & Interconnect Supply Chain Enablement|2026-08-13|Nascent|FORM,APH,COHR,LITE,ENTG,SITM,COHU,TER,AXTI,GFS,AEHR,ONTO,LRCX,CRDO
AI data center infrastructure buildout|2026-08-13|Nascent|GEV,CRWV,WYFI,BE,EROC
AI Data-Center Power & Physical Infrastructure Buildout|2026-08-13|Nascent|NNE,SMR,XE
AI-Driven Power & Grid Infrastructure Boom|2026-08-13|Nascent|PWR,EME,BE,EROC,ETN
AI GPU Compute Infrastructure & Cloud Services|2026-08-13|Accelerating|SMCI,CRWV
AI-Powered Enterprise Analytics & Intelligent Workflow SaaS|2026-08-13|Mainstream|AI,CRM,AMPL,INTA,NOW,MNDY,AVPT,PATH,APPN
Apartment & Residential REITs|2026-08-13|Fading|EQR,UDR
Automotive Dealership Groups|2026-08-13|Nascent|ABG,AN,GPI
B2B Digital Financial Infrastructure & Payment Rails Modernization|2026-08-13|Fading|PAY,ACIW,ALKT
Bitcoin Mining & HPC Compute Pivot Operators|2026-08-13|Fading|HUT,APLD
Building Envelope, Ceilings & Interior Construction Products|2026-08-13|Mainstream|CSL,OC,AWI
Building Products & Home Improvement Suppliers|2026-08-13|Nascent|LII,MAS,PPG,SITE
Canadian Big Banks|2026-08-13|Mainstream|BMO,BNS,RY,TD,CM
Cinema Exhibition & Premium Large-Format Recovery|2026-08-13|Mainstream|IMAX,CNK
Cloud Contact Center & CCaaS Communication Platforms|2026-08-13|Mainstream|FIVN,RNG,TWLO,NICE
Cloud Data Storage & Analytics Infrastructure|2026-08-13|Mainstream|BLZE,MDB,SNOW,ESTC
Cloud Observability & AIOps Monitoring Platforms|2026-08-13|Accelerating|PD,DDOG,DT
Cloud Supply Chain & Warehouse Management Software|2026-08-13|Mainstream|MANH,SPSC
Commercial, Office & Home Furniture Retailers and Manufacturers|2026-08-13|Mainstream|MLKN,BOBS,HNI,WSM,RH,W
Commercial Real Estate Brokerage & Advisory Services|2026-08-13|Retired|
Consumer Fintech & Digital Credit Platforms|2026-08-13|Accelerating|CHYM,DAVE,SEZL,BFH,PGY,KLAR,AFRM,SOFI
Containerboard & Corrugated Packaging Producers|2026-08-13|Mainstream|GPK,SW,IP,PKG
Copper Mining & Production|2026-08-13|Mainstream|HBM,TECK,SCCO,ERO,FCX
Corporate Spend, Expense Management & Financial Operations Software|2026-08-13|Mainstream|WEX,BILL
Cyber Exposure Management & Vulnerability Assessment|2026-08-13|Mainstream|RPD,TENB,QLYS
Defense Electronics & Aerospace Subsystem Suppliers|2026-08-13|Mainstream|DFNS,BA,DPC,ATI,EMBJ,MRCY,ARXS,RTX
Defense ISR & Unmanned Systems Intelligence|2026-08-13|Fading|AVEX,HAWK
Development-Stage Gold Exploration & Project Juniors|2026-08-13|Nascent|AUGO,HYMC,NG
Digital Insurance Distribution & InsurTech Platforms|2026-08-13|Mainstream|GSHD,LIFE
Digital Payments Processing & Merchant Acquiring Networks|2026-08-13|Fading|FOUR,FLYW
Electrical Connectivity & Utility Network Hardware|2026-08-13|Mainstream|NVT,PLPC
Electrical Infrastructure Products & Systems Installation|2026-08-13|Fading|IESC,ATKR
Electronics Manufacturing & Semiconductor Packaging Supply Chain|2026-08-13|Fading|SANM,JBL
Emerging Bitcoin & AI Cloud Compute Miners|2026-08-13|Fading|NBIS,RIOT
Emerging Cloud GPU Rental & AI Infrastructure Hardware Providers|2026-08-13|Nascent|SHAZ,CRWV,SMCI
Enterprise HR & Workforce Management SaaS|2026-08-13|Mainstream|PCTY,ALIT,WDAY,PAYX,PAYC,ADP
Enterprise Server, Storage & Data Infrastructure Hardware|2026-08-13|Mainstream|CSCO,ANET,HPE,NTAP,STX,DELL
Enterprise Unstructured Data Storage Infrastructure|2026-08-13|Nascent|DBX,P,QMCO,BOX
European Bank Stocks|2026-08-13|Mainstream|UBS,NWG,DB,ING,BCS,LYG,BBVA
For-Profit Postsecondary Education|2026-08-13|Fading|PRDO,STRA
Genomics & DNA Sequencing Tools|2026-08-13|Nascent|ILMN,TWST,BRKR,TXG
Global Steel & Metal Producers Recovery|2026-08-13|Fading|MT,TX
Gold & Precious Metals Miners Rotation|2026-08-13|Mainstream|ARIS,EQX,HMY,KGC,AGI,GFI,AEM,FNV,AU,AUGO,HYMC,SBSW,IAG,NEM,RGLD,SSRM,CGAU,EGO
Government & Defense IT Services Providers|2026-08-13|Mainstream|LDOS,EFOR
Hospital & Behavioral Health Facility Procedure Volume Recovery|2026-08-13|Mainstream|THC,UHS,EHC
Independent Oil Refiners|2026-08-13|Nascent|DINO,DK,MPC,PARR,PSX,VLO
Industrial Construction Execution & On-Site Supply Chain|2026-08-13|Mainstream|J,TPC,DNOW,ROAD
Industrial Equipment & Flow Control – Capex Cycle Recovery|2026-08-13|Mainstream|IEX,DCI,FELE,IR,PH,EMR,LECO,FLS,VLTO,ITT
Industrial Equipment Rental & Material Handling|2026-08-13|Accelerating|CMCO,HRI,EQPT,SUNB
Industrial HVAC, Plumbing & Fabricated Copper Products|2026-08-13|Fading|CSW,MLI
Industrial & Logistics Warehouse REITs|2026-08-13|Nascent|EGP,FR,PLD,TRNO
Inflammatory Disease & Immunology Biologics|2026-08-13|Mainstream|CLYM,ZBIO,AVTX,ORKA,SYRE,APGE,IMVT,DNTH
Insurance Brokerage & Distribution Services|2026-08-13|Accelerating|WTW,AJG,BWIN,AON,BRO
IT Consulting & Business Process Outsourcing Services|2026-08-13|Nascent|ACN,EXLS,IT,CTSH,KD,DXC
Life Insurance & Annuity Providers|2026-08-13|Mainstream|PRU,CRBG,EQH,LNC,MET,CNO,UNM,JXN,GL
Life Sciences & Healthcare Data/CRM Platforms|2026-08-13|Nascent|TEM,DOCS,VEEV
Life Science Tools & Analytical Instruments|2026-08-13|Nascent|TMO,DHR,MTD,A,TECH,RVTY,WAT,RGEN
Lodging & Hotel REITs|2026-08-13|Fading|DRH,PEB
Medical Device Mean-Reversion & Rotation Recovery|2026-08-13|Mainstream|TNDM,BBNX,INSP,CNMD,DXCM,EW
Mobile App Platform & Advertising Monetization|2026-08-13|Mainstream|APPS,BSP
Network Security & Zero-Trust Edge|2026-08-13|Mainstream|VRNS,FTNT,FFIV,ZS,OKTA,S,CVLT,PANW,CRWD,NET,RBRK,SAIL,NTSK
Nuclear Fuel Cycle & Microreactor Development|2026-08-13|Retired|
Office REIT Recovery & Re-Rating|2026-08-13|Fading|CDP,HIW,BXP,SLG
Oilfield Equipment & Contract Drilling Services|2026-08-13|Nascent|WHD,HP,XPRO,OII,NESR
Oilfield Services & Drilling Rigs|2026-08-13|Nascent|TNK,DHT,APA,NOG,FRO,TDW,SDRL,NAT,TALO,INSW,CRK,OVV
Optical Interconnect & Photonics for AI Data Center Networking|2026-08-13|Retired|
Peptide & Hormone Therapies for Metabolic & Endocrine Disorders|2026-08-13|Mainstream|CRNX,PTGX,CORT,MBX,XERS
Power Generation & Grid Infrastructure for AI Data Centers|2026-08-13|Retired|
Precious Metals Miners Velocity Breakout|2026-08-13|Nascent|AYA,SKE,ASM,SA,WPM,PPTA,FSM
Precious Metals Royalty & Streaming Companies|2026-08-13|Nascent|FNV,WPM,OR,RGLD
Private Equity & Alternative Asset Management Platforms|2026-08-13|Accelerating|APO,HLNE,FSK,KKR,STEP,BAM,TPG,OWL,MAIN,BX,ARES,CG
Private Mortgage Insurance|2026-08-13|Mainstream|ESNT,NMIH,MTG
Programmatic Digital Advertising Platforms|2026-08-13|Nascent|QNST,MGNI
Property & Casualty Insurance Underwriters|2026-08-13|Mainstream|RLI,CB,SLDE,AFG,THG,SKWD,TRV,HCI,ORI,ALL
Quantum Computing Hardware & Software|2026-08-13|Mainstream|QUBT,RGTI,IONQ,QBTS,INFQ
Regulated Electric Utility Holding Companies|2026-08-13|Nascent|AEE,AEP,CMS,CNP,DTE,ED,ETR,EVRG,EXC,FE,IDA,LNT,OGE,SO,WEC,XEL
Restaurant Chain Recovery|2026-08-13|Mainstream|BLMN,EAT,TXRH,SHAK,CBRL,JACK,CAKE,DRI
Semiconductor Components & Optical Interconnect|2026-08-13|Retired|
Silver-Focused Primary Miners|2026-08-13|Nascent|CDE,EXK,SVM,AG,PAAS,HL
Skilled Nursing & Senior Housing REITs|2026-08-13|Fading|CTRE,LTC
SMB & Workforce Business Services Platforms|2026-08-13|Retired|
Software Development & DevOps Collaboration Platforms|2026-08-13|Accelerating|GTLB,TEAM,FROG
Space & Unmanned Defense Systems|2026-08-13|Nascent|SPCX,RDW,VOYG,KRMN,AVAV,KTOS
Specialty Insurance Underwriting & Brokerage|2026-08-13|Fading|RYAN,PLMR
Specialty Pharmaceutical Commercialization & Rare Disease Drugs|2026-08-13|Mainstream|ROIV,BCRX,HRMY,BMRN,LQDA,INSM,KNSA,RYTM,ETON,OMER,SRRK
Trucking & Freight Logistics|2026-08-13|Fading|JBHT,SNDR
Uranium Feedstock & Mining Supply|2026-08-13|Fading|UEC,UUUU
U.S. Apparel & Fashion Recovery|2026-08-13|Accelerating|ANF,CROX,URBN,RVLV,SHOO,VSXY
U.S. Domestic Steel Producers|2026-08-13|Nascent|NUE,CLF,STLD
U.S. Government/Defense Contract Surge|2026-08-13|Mainstream|PLTR,TSAT
U.S. Oil & Gas E&P Recovery|2026-08-13|Retired|
U.S. Passenger Airlines|2026-08-13|Mainstream|DAL,UAL,SKYW,LUV,ALK,AAL
U.S. Regional & Mid-Cap Commercial Banks|2026-08-13|Mainstream|RF,CBC,PNC,TFC,EWBC,FHN,ZION,MTB,BOKF,MCHB,CFG,WSFS,HBAN,FBP,FITB,WSBC,WTFC,PNFP,USB,SSB,UMBF,HWC,HAPN
Wealth Management & Retail Brokerage Platforms|2026-08-13|Mainstream|LPLA,SF,AMP,NTRS,SCHW,RJF
AI Chip & Interconnect Supply Chain Enablement|2026-08-14|Nascent|COHR,LITE,APH,CRDO,FORM,ONTO,COHU,GFS,ENTG,LRCX,SITM,AEHR,AXTI,TER,AMBA,TSEM,SKHY,MPWR
AI data center infrastructure buildout|2026-08-14|Nascent|GEV,BE,EROC,CRWV,WYFI
AI Data-Center Power & Physical Infrastructure Buildout|2026-08-14|Nascent|NNE,SMR
AI-Driven Power & Grid Infrastructure Boom|2026-08-14|Nascent|BE,PWR,ETN,EROC,EME
AI GPU Compute Infrastructure & Cloud Services|2026-08-14|Retired|
AI-Powered Enterprise Analytics & Intelligent Workflow SaaS|2026-08-14|Mainstream|MNDY,INTA,NOW,APPN,AVPT,AI,CRM,AMPL,PATH,BRZE,FRSH,PLTR,DOCU,HUBS
Apartment & Residential REITs|2026-08-14|Fading|EQR,UDR
Automotive Dealership Groups|2026-08-14|Fading|ABG,AN
B2B Digital Financial Infrastructure & Payment Rails Modernization|2026-08-14|Accelerating|PAY,ALKT,ACIW,QTWO
Bitcoin Mining & HPC Compute Pivot Operators|2026-08-14|Fading|HUT,APLD,BTDR
Broadband & Telecom Network Infrastructure Equipment|2026-08-14|Nascent|HLIT,MXL,NOK
Building Envelope, Ceilings & Interior Construction Products|2026-08-14|Mainstream|CSL,OC,AWI
Building Products & Home Improvement Suppliers|2026-08-14|Fading|MAS,PPG,TREX
Canadian Big Banks|2026-08-14|Mainstream|CM,BNS,RY,BMO,TD
Cinema Exhibition & Premium Large-Format Recovery|2026-08-14|Mainstream|CNK,IMAX
Cloud Contact Center & CCaaS Communication Platforms|2026-08-14|Mainstream|TWLO,NICE,RNG,FIVN
Cloud Data Storage & Analytics Infrastructure|2026-08-14|Mainstream|BLZE,MDB,ESTC,SNOW
Cloud Observability & AIOps Monitoring Platforms|2026-08-14|Accelerating|DDOG,PD,DT
Cloud Supply Chain & Warehouse Management Software|2026-08-14|Mainstream|SPSC,MANH
Commercial, Office & Home Furniture Retailers and Manufacturers|2026-08-14|Mainstream|BOBS,RH,WSM,HNI,W,MLKN
Consumer Fintech & Digital Credit Platforms|2026-08-14|Accelerating|PGY,AFRM,SOFI,CHYM,BFH,KLAR,DAVE,SEZL
Containerboard & Corrugated Packaging Producers|2026-08-14|Mainstream|PKG,IP,GPK,SW
Copper Mining & Production|2026-08-14|Fading|HBM,TECK,SCCO,ERO,FCX
Corporate Spend, Expense Management & Financial Operations Software|2026-08-14|Mainstream|WEX,BILL
Cyber Exposure Management & Vulnerability Assessment|2026-08-14|Mainstream|TENB,QLYS,RPD
Defense Electronics & Aerospace Subsystem Suppliers|2026-08-14|Mainstream|MRCY,RTX,DFNS,BA,EMBJ,ARXS,ATI,DPC,LOAR
Defense ISR & Unmanned Systems Intelligence|2026-08-14|Mainstream|HAWK,AVEX
Development-Stage Gold Exploration & Project Juniors|2026-08-14|Nascent|NG,HYMC,AUGO
Digital Insurance Distribution & InsurTech Platforms|2026-08-14|Mainstream|LIFE,GSHD,NP
Digital Payments Processing & Merchant Acquiring Networks|2026-08-14|Fading|FOUR,FLYW
Electrical Connectivity & Utility Network Hardware|2026-08-14|Mainstream|PLPC,NVT
Electrical Infrastructure Products & Systems Installation|2026-08-14|Fading|IESC,ATKR
Electronics Manufacturing & Semiconductor Packaging Supply Chain|2026-08-14|Fading|SANM,JBL,ASX
Emerging Bitcoin & AI Cloud Compute Miners|2026-08-14|Fading|NBIS,RIOT
Emerging Cloud GPU Rental & AI Infrastructure Hardware Providers|2026-08-14|Nascent|SMCI,SHAZ,CRWV
Emerging Defense & Aerospace Hardware Suppliers|2026-08-14|Nascent|VELO,NN,LPTH,UMAC
Enterprise HR & Workforce Management SaaS|2026-08-14|Mainstream|WDAY,ALIT,PAYX,ADP,PCTY,PAYC
Enterprise Server, Storage & Data Infrastructure Hardware|2026-08-14|Mainstream|DELL,STX,ANET,HPE,NTAP,CSCO
Enterprise Unstructured Data Storage Infrastructure|2026-08-14|Nascent|QMCO,BOX,P,DBX
European Bank Stocks|2026-08-14|Mainstream|NWG,LYG,BBVA,BCS,DB,ING,UBS,SAN
For-Profit Postsecondary Education|2026-08-14|Fading|PRDO,STRA
Genomics & DNA Sequencing Tools|2026-08-14|Nascent|BRKR,TXG,TWST,ILMN
Global Steel & Metal Producers Recovery|2026-08-14|Fading|MT,TX
Gold & Precious Metals Miners Rotation|2026-08-14|Mainstream|EQX,HYMC,AU,IAG,CGAU,SBSW,AGI,AUGO,KGC,RGLD,SSRM,HMY,ARIS,FNV,EGO,AEM,GFI,NEM
Government & Defense IT Services Providers|2026-08-14|Mainstream|LDOS,EFOR
Hospital & Behavioral Health Facility Procedure Volume Recovery|2026-08-14|Mainstream|EHC,THC,UHS
Independent Oil Refiners|2026-08-14|Nascent|PARR,VLO,DINO,DK,PSX,MPC,PBF
Industrial Construction Execution & On-Site Supply Chain|2026-08-14|Mainstream|J,TPC,DNOW,ROAD
Industrial Equipment & Flow Control – Capex Cycle Recovery|2026-08-14|Mainstream|IEX,IR,LECO,PH,ITT,DCI,EMR,VLTO,FLS,FELE
Industrial Equipment Rental & Material Handling|2026-08-14|Mainstream|CMCO,HRI,EQPT,SUNB
Industrial HVAC, Plumbing & Fabricated Copper Products|2026-08-14|Fading|CSW,MLI
Industrial & Logistics Warehouse REITs|2026-08-14|Fading|EGP,PLD
Inflammatory Disease & Immunology Biologics|2026-08-14|Mainstream|DNTH,IMVT,CLYM,AVTX,APGE,ZBIO,SYRE,ORKA
Insurance Brokerage & Distribution Services|2026-08-14|Accelerating|WTW,BWIN,AJG,BRO,AON
IT Consulting & Business Process Outsourcing Services|2026-08-14|Nascent|KD,EXLS,CTSH,DXC,ACN,IT
Life Insurance & Annuity Providers|2026-08-14|Mainstream|MET,LNC,PRU,CRBG,CNO,UNM,GL,JXN,EQH,VOYA
Life Sciences & Healthcare Data/CRM Platforms|2026-08-14|Nascent|TEM,DOCS,VEEV
Life Science Tools & Analytical Instruments|2026-08-14|Nascent|RGEN,DHR,TMO,WAT,RVTY,A,MTD,TECH
Lodging & Hotel REITs|2026-08-14|Fading|DRH,PEB
Medical Device Mean-Reversion & Rotation Recovery|2026-08-14|Mainstream|TNDM,EW,DXCM,INSP,BBNX,CNMD,BDX,ZBH,AORT
Mobile App Platform & Advertising Monetization|2026-08-14|Nascent|APPS,BSP
Network Security & Zero-Trust Edge|2026-08-14|Mainstream|VRNS,ZS,FFIV,CRWD,NTSK,FTNT,RBRK,S,NET,PANW,SAIL,OKTA,CVLT,GEN
Nuclear Fuel Cycle & Microreactor Development|2026-08-14|Nascent|NNE,OKLO,SMR,UUUU
Office REIT Recovery & Re-Rating|2026-08-14|Fading|CDP,HIW,BXP,SLG
Oilfield Equipment & Contract Drilling Services|2026-08-14|Nascent|HP,TDW,OII,APA,XPRO,INSW,SDRL,OVV,WHD,CRK,FRO,DHT,NESR,TNK,NOG,TALO,NAT
Oilfield Services & Drilling Rigs|2026-08-14|Retired|
Optical Interconnect & Photonics for AI Data Center Networking|2026-08-14|Nascent|LITE,COHR,CRDO
Optical Transceiver & Interconnect Components for AI Networking|2026-08-14|Nascent|AAOI,LITE,COHR,CRDO
Peptide & Hormone Therapies for Metabolic & Endocrine Disorders|2026-08-14|Mainstream|CORT,PTGX,XERS,CRNX,MBX
Power Generation & Grid Infrastructure for AI Data Centers|2026-08-14|Nascent|GEV,EROC,AMRC
Precious Metals Miners Velocity Breakout|2026-08-14|Nascent|ASM,FSM,SKE,PPTA,AYA,SA,WPM
Precious Metals Royalty & Streaming Companies|2026-08-14|Nascent|FNV,WPM,OR,RGLD
Private Equity & Alternative Asset Management Platforms|2026-08-14|Mainstream|BX,OWL,KKR,HLNE,BAM,TPG,ARES,MAIN,APO,FSK,CG,STEP
Private Mortgage Insurance|2026-08-14|Mainstream|NMIH,MTG,ESNT
Programmatic Digital Advertising Platforms|2026-08-14|Nascent|MGNI,QNST
Property & Casualty Insurance Underwriters|2026-08-14|Mainstream|TRV,SLDE,HCI,THG,ORI,SKWD,AFG,ALL,RLI,ARX
Quantum Computing Hardware & Software|2026-08-14|Mainstream|QUBT,QBTS,IONQ,INFQ,RGTI
Rare disease/specialty pharma earnings beats|2026-08-14|Nascent|ETON,VERA,CRMD,KURA,OMER
Regulated Electric Utility Holding Companies|2026-08-14|Fading|AEE,CNP,DTE,ED,ETR,IDA,LNT,OGE,WEC
Restaurant Chain Recovery|2026-08-14|Mainstream|CAKE,SHAK,JACK,TXRH,CBRL,WEN,BLMN,EAT,DRI
Silver-Focused Primary Miners|2026-08-14|Nascent|CDE,PAAS,HL,AG,EXK,SVM
Skilled Nursing & Senior Housing REITs|2026-08-14|Fading|CTRE,LTC
Software Development & DevOps Collaboration Platforms|2026-08-14|Accelerating|FROG,TEAM,GTLB
Space & Unmanned Defense Systems|2026-08-14|Nascent|VOYG,AVAV,SPCX,RDW,KRMN,KTOS
Specialty Insurance Underwriting & Brokerage|2026-08-14|Retired|
Specialty Pharmaceutical Commercialization & Rare Disease Drugs|2026-08-14|Mainstream|BCRX,BMRN,ETON,INSM,KNSA,LQDA,OMER,RYTM,ROIV,HRMY,SRRK,TVTX
Trucking & Freight Logistics|2026-08-14|Fading|JBHT,SNDR
Uranium Feedstock & Mining Supply|2026-08-14|Fading|UEC,UUUU
U.S. Apparel & Fashion Recovery|2026-08-14|Accelerating|CROX,RVLV,VSXY,URBN,ANF,SHOO,WWW
U.S. Domestic Steel Producers|2026-08-14|Fading|NUE,CLF,STLD
U.S. Government/Defense Contract Surge|2026-08-14|Retired|
U.S. Passenger Airlines|2026-08-14|Mainstream|AAL,LUV,DAL,SKYW,ALK,UAL
U.S. Regional & Mid-Cap Commercial Banks|2026-08-14|Mainstream|FHN,SSB,PNFP,EWBC,TFC,FBP,USB,WSFS,HBAN,HAPN,WTFC,CFG,UMBF,WSBC,RF,BOKF,CBC,HWC,MCHB,PNC,MTB,ZION,FITB,HOPE,SBCF
Wealth Management & Retail Brokerage Platforms|2026-08-14|Mainstream|SCHW,NTRS,SF,RJF,AMP,LPLA
Advanced Nuclear Fuel & Reactor Design Manufacturers|2026-08-17|Nascent|STDN,XE
AI Chip & Interconnect Supply Chain Enablement|2026-08-17|Nascent|CRDO,LRCX,APH,AMBA,TSEM,MPWR,ENTG,GFS,FORM,COHR,AXTI,LITE,SKHY,SITM,MRVL,ASML,ALAB
AI data center infrastructure buildout|2026-08-17|Nascent|EROC,GEV,CRWV,BE,WYFI
AI Data-Center Power & Physical Infrastructure Buildout|2026-08-17|Fading|SMR,XE,NNE
AI-Driven Power & Grid Infrastructure Boom|2026-08-17|Nascent|PWR,ETN,EME,BE
AI-Powered Enterprise Analytics & Intelligent Workflow SaaS|2026-08-17|Mainstream|PLTR,AMPL,MNDY,NOW,FRSH,BRZE,INTA,AI,HUBS,CRM,AVPT,DOCU,APPN,PATH
Apartment & Residential REITs|2026-08-17|Fading|EQR,UDR
Automotive Dealership Groups|2026-08-17|Fading|ABG,AN
B2B Digital Financial Infrastructure & Payment Rails Modernization|2026-08-17|Accelerating|ACIW,QTWO,PAY,ALKT,RELY,NCNO,WSE
Bitcoin Mining & HPC Compute Pivot Operators|2026-08-17|Fading|HUT,APLD,BTDR
Broadband & Telecom Network Infrastructure Equipment|2026-08-17|Fading|HLIT,MXL,NOK
Building Envelope, Ceilings & Interior Construction Products|2026-08-17|Mainstream|CSL,OC,AWI
Building Products & Home Improvement Suppliers|2026-08-17|Fading|MAS,TREX
Canadian Big Banks|2026-08-17|Mainstream|TD,BMO,RY,CM,BNS
Cinema Exhibition & Premium Large-Format Recovery|2026-08-17|Mainstream|IMAX,CNK
Cloud Contact Center & CCaaS Communication Platforms|2026-08-17|Mainstream|NICE,FIVN,RNG,TWLO
Cloud Data Storage & Analytics Infrastructure|2026-08-17|Mainstream|SNOW,MDB,BLZE,ESTC
Cloud Observability & AIOps Monitoring Platforms|2026-08-17|Mainstream|PD,DDOG,DT
Cloud Supply Chain & Warehouse Management Software|2026-08-17|Mainstream|MANH,SPSC
Commercial, Office & Home Furniture Retailers and Manufacturers|2026-08-17|Mainstream|BOBS,HNI,WSM,W,MLKN,RH
Consumer Fintech & Digital Credit Platforms|2026-08-17|Accelerating|BFH,AFRM,SOFI,KLAR,DAVE,CHYM,PGY,OMF
Containerboard & Corrugated Packaging Producers|2026-08-17|Fading|PKG,IP,GPK,SW
Copper Mining & Production|2026-08-17|Mainstream|FCX,TECK,SCCO,HBM,ERO
Corporate Spend, Expense Management & Financial Operations Software|2026-08-17|Mainstream|WEX,BILL,WK,CPAY
Cyber Exposure Management & Vulnerability Assessment|2026-08-17|Mainstream|QLYS,TENB,RPD
Defense Electronics & Aerospace Subsystem Suppliers|2026-08-17|Mainstream|RTX,EMBJ,MRCY,DFNS,BA,ARXS,DPC,LOAR,ATI
Defense ISR & Unmanned Systems Intelligence|2026-08-17|Fading|HAWK,AVEX
Development-Stage Gold Exploration & Project Juniors|2026-08-17|Fading|NG,HYMC,AUGO
Digital Insurance Distribution & InsurTech Platforms|2026-08-17|Mainstream|NP,LIFE,GSHD
Digital Payments Processing & Merchant Acquiring Networks|2026-08-17|Fading|FOUR,FLYW
Electrical Connectivity & Utility Network Hardware|2026-08-17|Mainstream|NVT,PLPC
Electrical Infrastructure Products & Systems Installation|2026-08-17|Fading|IESC,ATKR
Electronics Manufacturing & Semiconductor Packaging Supply Chain|2026-08-17|Fading|JBL,ASX,SANM
Emerging Bitcoin & AI Cloud Compute Miners|2026-08-17|Fading|NBIS,RIOT
Emerging Cloud GPU Rental & AI Infrastructure Hardware Providers|2026-08-17|Nascent|CRWV,SMCI,SHAZ
Emerging Defense & Aerospace Hardware Suppliers|2026-08-17|Nascent|UMAC,SPCX,AVAV,VELO,VOYG,NN,KRMN,RDW,LPTH,KTOS
Emerging Immunotherapy & Cell Therapy Biotech|2026-08-17|Nascent|IMMX,IBRX,JBIO
Emerging Memory & Storage Semiconductor Makers|2026-08-17|Nascent|MRAM,SIMO,SNDK
Enterprise HR & Workforce Management SaaS|2026-08-17|Mainstream|WDAY,PAYC,PAYX,ADP,PCTY,ALIT
Enterprise Server, Storage & Data Infrastructure Hardware|2026-08-17|Mainstream|HPE,STX,CSCO,ANET,NTAP,DELL,NTNX
Enterprise Unstructured Data Storage Infrastructure|2026-08-17|Nascent|BOX,P,QMCO,DBX
European Bank Stocks|2026-08-17|Mainstream|SAN,BBVA,LYG,DB,UBS,NWG,BCS
For-Profit Postsecondary Education|2026-08-17|Retired|
For-Profit Postsecondary & Vocational Education|2026-08-17|Nascent|CVSA,LOPE,PRDO,STRA
Genomics & DNA Sequencing Tools|2026-08-17|Mainstream|BRKR,TWST,ILMN,TXG,NTRA,WGS
Global Steel & Metal Producers Recovery|2026-08-17|Fading|MT,TX
Gold & Precious Metals Miners Rotation|2026-08-17|Mainstream|SSRM,HYMC,CGAU,AEM,NEM,IAG,ARIS,AU,HMY,RGLD,FNV,SBSW,EQX,EGO,KGC,GFI,AUGO
Government & Defense IT Services Providers|2026-08-17|Mainstream|EFOR,LDOS
Hospital & Behavioral Health Facility Procedure Volume Recovery|2026-08-17|Mainstream|EHC,THC,UHS
Independent Oil Refiners|2026-08-17|Nascent|PBF,MPC,DK,PARR,PSX,VLO,DINO,CVI
Industrial Construction Execution & On-Site Supply Chain|2026-08-17|Mainstream|DNOW,TPC,J,ROAD
Industrial Equipment & Flow Control – Capex Cycle Recovery|2026-08-17|Mainstream|PH,ITT,IR,DCI,EMR,IEX,VLTO,FELE,FLS,LECO
Industrial Equipment Rental & Material Handling|2026-08-17|Mainstream|EQPT,SUNB,HRI,CMCO
Industrial HVAC, Plumbing & Fabricated Copper Products|2026-08-17|Fading|CSW,MLI
Industrial & Logistics Warehouse REITs|2026-08-17|Fading|EGP,PLD
Inflammatory Disease & Immunology Biologics|2026-08-17|Mainstream|DNTH,APGE,AVTX,ORKA,ZBIO,CLYM,IMVT,SYRE,VERA
Insurance Brokerage & Distribution Services|2026-08-17|Accelerating|BWIN,AJG,AON,BRO,WTW
IT Consulting & Business Process Outsourcing Services|2026-08-17|Nascent|CTSH,IT,ACN,EXLS,KD,DXC
Life Insurance & Annuity Providers|2026-08-17|Mainstream|CNO,GL,EQH,LNC,VOYA,MET,JXN,UNM,PRU,CRBG
Life Sciences & Healthcare Data/CRM Platforms|2026-08-17|Nascent|DOCS,VEEV,TEM
Life Science Tools & Analytical Instruments|2026-08-17|Mainstream|WAT,RGEN,RVTY,A,TMO,TECH,DHR,MTD,CRL
Lodging & Hotel REITs|2026-08-17|Fading|DRH,PEB
Lumber & Building Products Manufacturing-Distribution|2026-08-17|Nascent|BCC,BLDR,FBIN,UFPI
Medical Device Mean-Reversion & Rotation Recovery|2026-08-17|Mainstream|ZBH,TNDM,AORT,DXCM,EW,INSP,BDX,BBNX,CNMD,GKOS,MMSI,GEHC
Mobile App Platform & Advertising Monetization|2026-08-17|Mainstream|BSP,APPS
Natural Gas Midstream & LNG Infrastructure|2026-08-17|Nascent|VG,TRGP,KGS
Network Security & Zero-Trust Edge|2026-08-17|Mainstream|RBRK,SAIL,PANW,NET,GEN,NTSK,VRNS,FFIV,OKTA,ZS,S,CRWD,CVLT,FTNT
Nuclear Fuel Cycle & Microreactor Development|2026-08-17|Retired|
Office REIT Recovery & Re-Rating|2026-08-17|Fading|CDP,HIW,BXP,SLG
Oilfield Equipment & Contract Drilling Services|2026-08-17|Nascent|OII,XPRO,WHD,HP,NESR,SDRL,TDW,PTEN,HLX
Optical Interconnect & Photonics for AI Data Center Networking|2026-08-17|Retired|
Optical Transceiver & Interconnect Components for AI Networking|2026-08-17|Retired|
Peptide & Hormone Therapies for Metabolic & Endocrine Disorders|2026-08-17|Mainstream|MBX,CRNX,CORT,XERS,PTGX
Power Generation & Grid Infrastructure for AI Data Centers|2026-08-17|Accelerating|EROC,GEV
Precious Metals Miners Velocity Breakout|2026-08-17|Mainstream|ASM,SKE,PPTA,SA,AYA,WPM,FSM
Precious Metals Royalty & Streaming Companies|2026-08-17|Nascent|WPM,RGLD,FNV,OR
Private Equity & Alternative Asset Management Platforms|2026-08-17|Mainstream|APO,BAM,CG,STEP,MAIN,OWL,KKR,HLNE,TPG,FSK,BX,ARES
Private Mortgage Insurance|2026-08-17|Mainstream|MTG,ESNT,NMIH
Programmatic Digital Advertising Platforms|2026-08-17|Nascent|QNST,MGNI
Property & Casualty Insurance Underwriters|2026-08-17|Mainstream|ALL,ARX,TRV,ORI,HCI,AFG,SLDE,RLI,SKWD,THG
Quantum Computing Hardware & Software|2026-08-17|Mainstream|INFQ,RGTI,QBTS,QUBT,IONQ
Rare disease/specialty pharma earnings beats|2026-08-17|Nascent|CRMD,OMER,ETON
Regulated Electric Utility Holding Companies|2026-08-17|Fading|AEE,CNP,DTE,ED,ETR,IDA,LNT,OGE,WEC
Resilient PNT: GPS-Alternative Timing & Navigation Infrastructure|2026-08-17|Nascent|NN,SITM,INFQ,IONQ
Restaurant Chain Recovery|2026-08-17|Mainstream|TXRH,EAT,CBRL,CAKE,JACK,WEN,BLMN,SHAK,DRI
Semiconductor Test & Inspection Equipment|2026-08-17|Nascent|AEHR,COHU,TER,ONTO
Silver-Focused Primary Miners|2026-08-17|Nascent|SVM,CDE,EXK,AG,HL
Skilled Nursing & Senior Housing REITs|2026-08-17|Fading|CTRE,LTC
Software Development & DevOps Collaboration Platforms|2026-08-17|Accelerating|FROG,GTLB,TEAM
Space & Unmanned Defense Systems|2026-08-17|Retired|
Specialty & Multi-line P&C Insurance Carriers|2026-08-17|Nascent|ACGL,CNA,KMPR,L
Specialty Pharmaceutical Commercialization & Rare Disease Drugs|2026-08-17|Retired|
Trucking & Freight Logistics|2026-08-17|Fading|JBHT,SNDR
Uranium Feedstock & Mining Supply|2026-08-17|Fading|UEC,UUUU
U.S. Apparel & Fashion Recovery|2026-08-17|Accelerating|URBN,VSXY,CROX,SHOO,ANF,WWW
U.S. Domestic Steel Producers|2026-08-17|Fading|NUE,CLF,STLD
U.S. Oil & Gas E&P Rotation|2026-08-17|Nascent|SM,MTDR,VIST,CHRD,DVN,VET,TALO,CRGY,NOG
U.S. Passenger Airlines|2026-08-17|Fading|AAL,DAL,SKYW,UAL
U.S. Regional & Mid-Cap Commercial Banks|2026-08-17|Mainstream|MCHB,TFC,FITB,HOPE,MTB,WSBC,SBCF,ZION,USB,WSFS,CFG,HAPN,RF,BOKF,WTFC,SSB,CBC,FBP,PNFP,PNC,EWBC,UMBF,FHN,HWC,HBAN
Wealth Management & Retail Brokerage Platforms|2026-08-17|Mainstream|SCHW,LPLA,NTRS,AMP,RJF,SF,IVZ,STT,BNY
Advanced Nuclear Fuel & Reactor Design Manufacturers|2026-08-18|Fading|STDN,XE
AI Chip & Interconnect Supply Chain Enablement|2026-08-18|Mainstream|AMBA,SKHY,TSEM,FORM,SITM,MPWR,ENTG,ASML,AXTI,LRCX,MRVL,GFS,ACMR,MU,SMTC,NVDA
AI data center infrastructure buildout|2026-08-18|Nascent|WYFI,GEV,CRWV,BE,EROC
AI Datacenter Optical & High-Speed Interconnect|2026-08-18|Nascent|ALAB,CRDO,COHR,LITE,APH
AI Data-Center Power & Physical Infrastructure Buildout|2026-08-18|Fading|SMR,XE,NNE
AI-Driven Power & Grid Infrastructure Boom|2026-08-18|Nascent|PWR,EME,ETN,BE
AI-Powered Enterprise Analytics & Intelligent Workflow SaaS|2026-08-18|Mainstream|DOCU,PATH,AVPT,BRZE,AMPL,NOW,APPN,CRM,FRSH,MNDY,AI,HUBS,PLTR,INTA,SAP
Americas-Focused Mid-Tier Gold & Silver Producers|2026-08-18|Nascent|BVN,PAAS,AGI
Apartment & Residential REITs|2026-08-18|Fading|EQR,UDR
Automotive Dealership Groups|2026-08-18|Fading|ABG,AN
B2B Digital Financial Infrastructure & Payment Rails Modernization|2026-08-18|Accelerating|PAY,WSE,NCNO,QTWO,ACIW,ALKT,RELY
Bitcoin Mining & HPC Compute Pivot Operators|2026-08-18|Fading|HUT,APLD,BTDR
Broadband & Telecom Network Infrastructure Equipment|2026-08-18|Fading|HLIT,MXL,NOK
Building Envelope, Ceilings & Interior Construction Products|2026-08-18|Fading|CSL,OC,AWI
Building Products & Home Improvement Suppliers|2026-08-18|Fading|MAS,TREX
Canadian Big Banks|2026-08-18|Mainstream|CM,BMO,BNS,RY,TD
Cinema Exhibition & Premium Large-Format Recovery|2026-08-18|Mainstream|IMAX,CNK
Cloud Contact Center & CCaaS Communication Platforms|2026-08-18|Mainstream|RNG,TWLO,NICE,FIVN,BAND
Cloud Data Storage & Analytics Infrastructure|2026-08-18|Mainstream|ESTC,MDB,BLZE,SNOW
Cloud Observability & AIOps Monitoring Platforms|2026-08-18|Mainstream|DT,DDOG,PD
Cloud Supply Chain & Warehouse Management Software|2026-08-18|Mainstream|MANH,SPSC
Commercial, Office & Home Furniture Retailers and Manufacturers|2026-08-18|Mainstream|BOBS,MLKN,WSM,W,HNI,RH,ARHS
Consumer Fintech & Digital Credit Platforms|2026-08-18|Accelerating|BFH,PGY,SOFI,AFRM,OMF,DAVE,CHYM
Containerboard & Corrugated Packaging Producers|2026-08-18|Fading|PKG,IP,GPK,SW
Copper Mining & Production|2026-08-18|Mainstream|FCX,HBM,TECK,SCCO,ERO
Corporate Spend, Expense Management & Financial Operations Software|2026-08-18|Mainstream|WEX,WK,BILL,CPAY
Cyber Exposure Management & Vulnerability Assessment|2026-08-18|Mainstream|QLYS,RPD,TENB
Data & Analytics-as-a-Service Providers|2026-08-18|Nascent|NIQ,IQV,ITRI
Defense Electronics & Aerospace Subsystem Suppliers|2026-08-18|Mainstream|DFNS,DPC,RTX,MRCY,ARXS,ATI,LOAR,EMBJ,BA,ATRO
Defense ISR & Unmanned Systems Intelligence|2026-08-18|Fading|HAWK,AVEX
Development-Stage Gold Exploration & Project Juniors|2026-08-18|Fading|NG,HYMC,AUGO
Digital Insurance Distribution & InsurTech Platforms|2026-08-18|Mainstream|NP,LIFE,GSHD,PRCH
Digital Payments Processing & Merchant Acquiring Networks|2026-08-18|Fading|FOUR,FLYW
Drone & Advanced Aerial Defense Platforms|2026-08-18|Nascent|RCAT,BETA,AVEX
Electrical Connectivity & Utility Network Hardware|2026-08-18|Mainstream|PLPC,NVT
Electrical Infrastructure Products & Systems Installation|2026-08-18|Retired|
Electronics Manufacturing & Semiconductor Packaging Supply Chain|2026-08-18|Accelerating|JBL,SANM,ASX
Emerging Bitcoin & AI Cloud Compute Miners|2026-08-18|Retired|
Emerging Cloud GPU Rental & AI Infrastructure Hardware Providers|2026-08-18|Nascent|CRWV,CBRS,SHAZ,SMCI,BRUN
Emerging Defense & Aerospace Hardware Suppliers|2026-08-18|Nascent|UMAC,AVAV,KTOS,NN,VOYG,VELO,RDW,LPTH,SPCX,KRMN,BETA
Emerging Immunotherapy & Cell Therapy Biotech|2026-08-18|Nascent|JBIO,IMMX,IBRX,JANX
Emerging Memory & Storage Semiconductor Makers|2026-08-18|Nascent|MRAM,SNDK,SIMO
Enterprise HR & Workforce Management SaaS|2026-08-18|Mainstream|WDAY,PAYC,ALIT,PCTY,ADP,PAYX
Enterprise Server, Storage & Data Infrastructure Hardware|2026-08-18|Mainstream|ANET,NTAP,STX,CSCO,DELL,HPE,NTNX
Enterprise Unstructured Data Storage Infrastructure|2026-08-18|Mainstream|DBX,BOX,P,QMCO
European Bank Stocks|2026-08-18|Mainstream|LYG,NWG,SAN,UBS,DB,BCS,ING
For-Profit Postsecondary & Vocational Education|2026-08-18|Fading|CVSA,PRDO,STRA
Genomics & DNA Sequencing Tools|2026-08-18|Mainstream|NTRA,TWST,WGS,BRKR,TXG,ILMN,GH,GRAL
Global Steel & Metal Producers Recovery|2026-08-18|Fading|MT,TX
Gold & Precious Metals Miners Rotation|2026-08-18|Mainstream|IAG,ARIS,AU,SBSW,RGLD,SSRM,NEM,AUGO,GFI,AEM,HMY,HYMC,EQX,EGO,KGC,FNV,CGAU
Government & Defense IT Services Providers|2026-08-18|Mainstream|LDOS,EFOR
Hospital & Behavioral Health Facility Procedure Volume Recovery|2026-08-18|Mainstream|EHC,UHS,THC
Independent Oil Refiners|2026-08-18|Nascent|WHD,SM,CRK,LNG,TRGP,XPRO,OXY,HLX,WES,SU,EQT,TDW,NESR,VET,OII,CRGY,FTI,TALO,DVN,NOG,FANG,OKE,EXE,ET,HP,KNTK,AR,APA,PR,CNQ,RRC,PTEN,OVV,VG,EOG,BKV,CHRD,VIST,SDRL,KGS,MTDR,COP
Independent Petroleum Refiners & Marketers|2026-08-18|Nascent|CVI,DINO,DK,MPC,PARR,PBF,PSX,VLO
Industrial Construction Execution & On-Site Supply Chain|2026-08-18|Mainstream|J,TPC,DNOW,ROAD
Industrial Equipment & Flow Control – Capex Cycle Recovery|2026-08-18|Mainstream|DCI,FLS,EMR,IEX,LECO,VLTO,PH,ITT
Industrial Equipment Rental & Material Handling|2026-08-18|Mainstream|CMCO,HRI,SUNB
Industrial HVAC, Plumbing & Fabricated Copper Products|2026-08-18|Retired|
Industrial & Logistics Warehouse REITs|2026-08-18|Fading|EGP,PLD
Inflammatory Disease & Immunology Biologics|2026-08-18|Mainstream|ORKA,ZBIO,CLYM,AVTX,IMVT,APGE,DNTH,VERA
Insurance Brokerage & Distribution Services|2026-08-18|Accelerating|BRO,AON,BWIN,AJG,WTW
International Integrated Oil & Gas Majors|2026-08-18|Nascent|BP,WDS,YPF
IT Consulting & Business Process Outsourcing Services|2026-08-18|Mainstream|ACN,DXC,CTSH,EXLS,IT
Latin American Silver & Gold Mining Operators|2026-08-18|Nascent|AGI,BVN,PAAS,AG,FSM
Life Insurance & Annuity Providers|2026-08-18|Mainstream|CRBG,CNO,EQH,LNC,MET,JXN,PRU,VOYA,UNM,GL
Life Sciences & Healthcare Data/CRM Platforms|2026-08-18|Nascent|TEM,VEEV,DOCS
Life Science Tools & Analytical Instruments|2026-08-18|Mainstream|CRL,MTD,TECH,DHR,RVTY,RGEN,TMO,WAT,A
Lodging & Hotel REITs|2026-08-18|Fading|DRH,PEB
Lumber & Building Products Manufacturing-Distribution|2026-08-18|Fading|BCC,FBIN
Medical Device Mean-Reversion & Rotation Recovery|2026-08-18|Mainstream|ZBH,MMSI,DXCM,BDX,TNDM,INSP,GKOS,CNMD,AORT,BBNX,EW,GEHC,HAE,AXGN,NVCR,MDT
Mobile App Platform & Advertising Monetization|2026-08-18|Mainstream|BSP,APPS
Natural Gas E&P Producers|2026-08-18|Nascent|AR,CRK,EQT,EXE,RRC
Natural Gas Midstream & LNG Infrastructure|2026-08-18|Retired|
Network Security & Zero-Trust Edge|2026-08-18|Mainstream|CVLT,GEN,NET,SAIL,VRNS,CRWD,RBRK,ZS,NTSK,FFIV,S,PANW,OKTA,FTNT,GRRR
Office REIT Recovery & Re-Rating|2026-08-18|Fading|CDP,HIW,BXP,SLG
Oilfield Equipment & Contract Drilling Services|2026-08-18|Retired|
Peptide & Hormone Therapies for Metabolic & Endocrine Disorders|2026-08-18|Mainstream|XERS,PTGX,CORT,CRNX,MBX
Power Generation & Grid Infrastructure for AI Data Centers|2026-08-18|Retired|
Power Semiconductor & Electrification Components|2026-08-18|Nascent|VICR,WOLF
Precious Metals Miners Velocity Breakout|2026-08-18|Mainstream|WPM,FSM,PPTA,SKE,ASM,AYA,SA
Precious Metals Royalty & Streaming Companies|2026-08-18|Nascent|WPM,OR,RGLD,FNV
Private Equity & Alternative Asset Management Platforms|2026-08-18|Mainstream|BX,BAM,APO,HLNE,CG,FSK,TPG,KKR,STEP,MAIN,ARES,OWL
Private Mortgage Insurance|2026-08-18|Mainstream|MTG,NMIH,ESNT
Programmatic Digital Advertising Platforms|2026-08-18|Mainstream|QNST,MGNI
Property & Casualty Insurance Underwriters|2026-08-18|Mainstream|HCI,SKWD,AFG,THG,SLDE,ORI,ALL,TRV,RLI,ARX
Quantum Computing Hardware & Software|2026-08-18|Mainstream|QBTS,INFQ,IONQ,QUBT,RGTI
Rare disease/specialty pharma earnings beats|2026-08-18|Nascent|OMER,CRMD,ETON,RYTM,KNSA,INSM,ZVRA
Regulated Electric Utility Holding Companies|2026-08-18|Fading|AEE,CNP,DTE,ED,ETR,IDA,LNT,OGE,WEC
Reinsurance & Specialty Insurance Holding Carriers|2026-08-18|Nascent|EG,RNR,CINF,ORI,L
Resilient PNT: GPS-Alternative Timing & Navigation Infrastructure|2026-08-18|Nascent|NN,SITM,INFQ,IONQ
Restaurant Chain Recovery|2026-08-18|Mainstream|DRI,EAT,JACK,TXRH,CBRL,WEN,BLMN,CAKE,SHAK
Semiconductor Deposition & Etch Equipment Makers|2026-08-18|Nascent|AMAT,LRCX,ACMR
Semiconductor Test & Inspection Equipment|2026-08-18|Nascent|AEHR,COHU,TER,ONTO
Silver-Focused Primary Miners|2026-08-18|Nascent|AG,EXK,CDE,SVM,HL
Skilled Nursing & Senior Housing REITs|2026-08-18|Fading|CTRE,LTC
Software Development & DevOps Collaboration Platforms|2026-08-18|Accelerating|FROG,TEAM,GTLB
South African Gold & PGM Mining Producers|2026-08-18|Nascent|AU,GFI,HMY,SBSW
Specialty & Multi-line P&C Insurance Carriers|2026-08-18|Fading|ACGL,CNA
Trucking & Freight Logistics|2026-08-18|Nascent|JBHT,KNX,ODFL,SNDR,XPO
Uranium Feedstock & Mining Supply|2026-08-18|Fading|UEC,UUUU
U.S. Apparel & Fashion Recovery|2026-08-18|Accelerating|WWW,ANF,URBN,CROX,SHOO
U.S. Domestic Steel Producers|2026-08-18|Fading|NUE,CLF,STLD
U.S. Oil & Gas E&P Rotation|2026-08-18|Retired|
U.S. Passenger Airlines|2026-08-18|Fading|DAL,SKYW,UAL
U.S. Regional & Mid-Cap Commercial Banks|2026-08-18|Mainstream|WTFC,USB,HAPN,FBP,RF,UMBF,HWC,SBCF,CFG,HBAN,EWBC,TFC,FHN,FITB,HOPE,WSFS,MCHB,CBC,BOKF,MTB,WSBC,ZION,PNFP,PNC,SSB
Video & Streaming Content Distribution Rebound|2026-08-18|Nascent|RUM,PSKY,ECHO
Wealth Management & Retail Brokerage Platforms|2026-08-18|Mainstream|IVZ,LPLA,SF,SCHW,AMP,RJF,NTRS,STT,BNY,WT
Advanced Nuclear Fuel & Reactor Design Manufacturers|2026-08-19|Fading|STDN,XE
AI Chip & Interconnect Supply Chain Enablement|2026-08-19|Mainstream|AMBA,SITM,ENTG,SMTC,NVDA,AMAT,ASML,GFS,SKHY,TSEM,MRVL,MU,FORM,MPWR,ACMR,AXTI,LRCX,AMD
AI data center infrastructure buildout|2026-08-19|Fading|WYFI,GEV,CRWV,BE,EROC
AI Datacenter Optical & High-Speed Interconnect|2026-08-19|Nascent|COHR,APH,LITE,CRDO,ALAB
AI Data-Center Power & Physical Infrastructure Buildout|2026-08-19|Fading|SMR,XE,NNE
AI-Driven Power & Grid Infrastructure Boom|2026-08-19|Nascent|PWR,ETN,EME,BE
AI-Powered Enterprise Analytics & Intelligent Workflow SaaS|2026-08-19|Mainstream|DOCU,NOW,AVPT,SAP,PLTR,AI,BRZE,APPN,FRSH,CRM,INTA,PATH,HUBS,MNDY,AMPL
Americas-Focused Mid-Tier Gold & Silver Producers|2026-08-19|Retired|
Apartment & Residential REITs|2026-08-19|Fading|EQR,UDR
Automotive Dealership Groups|2026-08-19|Fading|ABG,AN
B2B Digital Financial Infrastructure & Payment Rails Modernization|2026-08-19|Accelerating|ALKT,WSE,QTWO,ACIW,RELY,PAY,NCNO,BR
Bitcoin Mining & HPC Compute Pivot Operators|2026-08-19|Fading|APLD,BTDR
Broadband & Telecom Network Infrastructure Equipment|2026-08-19|Fading|HLIT,MXL,NOK
Building Envelope, Ceilings & Interior Construction Products|2026-08-19|Mainstream|CSL,OC,AWI
Building Products & Home Improvement Suppliers|2026-08-19|Fading|MAS,TREX
Canadian Big Banks|2026-08-19|Mainstream|TD,RY,CM,BMO,BNS
Cinema Exhibition & Premium Large-Format Recovery|2026-08-19|Mainstream|IMAX,CNK
Clinical-Stage Oncology & Hematology Biotech Breakout|2026-08-19|Nascent|KURA,URGN,SNDX,INBX,OMER
Cloud Application Software Rotation (Oversold Turning Up)|2026-08-19|Nascent|PCOR,APPF,ZM,DUOL
Cloud Contact Center & CCaaS Communication Platforms|2026-08-19|Mainstream|TWLO,NICE,RNG,FIVN,BAND
Cloud Data Storage & Analytics Infrastructure|2026-08-19|Mainstream|MDB,SNOW,BLZE,ESTC
Cloud Observability & AIOps Monitoring Platforms|2026-08-19|Nascent|PD,DT,DDOG
Cloud Supply Chain & Warehouse Management Software|2026-08-19|Mainstream|SPSC,MANH
Commercial, Office & Home Furniture Retailers and Manufacturers|2026-08-19|Mainstream|W,ARHS,HNI,RH,BOBS,MLKN,WSM
Consumer Fintech & Digital Credit Platforms|2026-08-19|Mainstream|AFRM,DAVE,CHYM,BFH,SOFI,PGY,OMF
Containerboard & Corrugated Packaging Producers|2026-08-19|Mainstream|PKG,SW,GPK,IP
Copper Mining & Production|2026-08-19|Mainstream|TECK,FCX,HBM,ERO,SCCO
Corporate Digital Asset Treasury Vehicles|2026-08-19|Nascent|ASST,BMNR,MSTR,SBET
Corporate Spend, Expense Management & Financial Operations Software|2026-08-19|Mainstream|WK,CPAY,WEX,BILL,NAVN
CRISPR & Gene-Editing Therapeutics|2026-08-19|Nascent|BEAM,CRSP,NTLA
CRISPR Gene Editing Therapeutics|2026-08-19|Nascent|BEAM,CRSP,NTLA
Crypto-Native Exchange & Treasury Platforms|2026-08-19|Nascent|PURR,BLSH
Cyber Exposure Management & Vulnerability Assessment|2026-08-19|Mainstream|QLYS,TENB,RPD
Data & Analytics-as-a-Service Providers|2026-08-19|Retired|
Defense Electronics & Aerospace Subsystem Suppliers|2026-08-19|Mainstream|MRCY,EMBJ,BA,ATRO,ATI,DPC,LOAR,RTX,ARXS
Defense Intelligence & Cybersecurity IT Contractors|2026-08-19|Nascent|CACI,LDOS,EFOR
Defense ISR & Unmanned Systems Intelligence|2026-08-19|Fading|HAWK,AVEX
Defensive Consumer Staples Rotation|2026-08-19|Nascent|COST,KR,PEP
Development-Stage Gold Exploration & Project Juniors|2026-08-19|Mainstream|HYMC,AUGO,NG
Digital Insurance Distribution & InsurTech Platforms|2026-08-19|Mainstream|NP,GSHD,LIFE,PRCH
Digital Payments Processing & Merchant Acquiring Networks|2026-08-19|Fading|FOUR,FLYW
Diversified Regulated Electric & Gas Utilities|2026-08-19|Nascent|AEP,CMS,EVRG,EXC,FE,SO,XEL
Drone & Advanced Aerial Defense Platforms|2026-08-19|Nascent|BETA,AVEX,RCAT
Electrical Connectivity & Utility Network Hardware|2026-08-19|Mainstream|PLPC,NVT
Electronics Manufacturing & Semiconductor Packaging Supply Chain|2026-08-19|Fading|JBL,SANM,ASX
Emerging Cloud GPU Rental & AI Infrastructure Hardware Providers|2026-08-19|Nascent|BRUN,CBRS,CRWV,SMCI
Emerging Defense & Aerospace Hardware Suppliers|2026-08-19|Nascent|AVAV,VELO,VOYG,RDW,KRMN,BETA,LPTH,UMAC,KTOS
Emerging Immunotherapy & Cell Therapy Biotech|2026-08-19|Nascent|IMMX,JANX,IBRX,JBIO,CRVS
Emerging Memory & Storage Semiconductor Makers|2026-08-19|Nascent|SIMO,MRAM,SNDK
Emerging Oncology Therapeutics|2026-08-19|Nascent|KURA,URGN,SNDX
Enterprise HR & Workforce Management SaaS|2026-08-19|Mainstream|WDAY,PAYC,PCTY,ALIT,ADP,PAYX
Enterprise Server, Storage & Data Infrastructure Hardware|2026-08-19|Mainstream|CSCO,NTNX,NTAP,HPE,STX,DELL,ANET
Enterprise Unstructured Data Storage Infrastructure|2026-08-19|Mainstream|DBX,QMCO,BOX,P
European Bank Stocks|2026-08-19|Fading|DB,ING,UBS,BCS,LYG,NWG,SAN,BBVA
For-Profit Postsecondary & Vocational Education|2026-08-19|Fading|CVSA,STRA
Gateway & Coastal Office REIT Stress Reversal|2026-08-19|Nascent|BXP,VNO,DEI
Genomics & DNA Sequencing Tools|2026-08-19|Mainstream|TWST,GH,GRAL,BRKR,WGS,TXG,ILMN,NTRA,QGEN
Global Steel & Metal Producers Recovery|2026-08-19|Fading|TX,MT
Gold & Precious Metals Miners Rotation|2026-08-19|Mainstream|AU,FNV,ARIS,SSRM,EGO,EQX,NEM,AUGO,RGLD,SBSW,AEM,IAG,HMY,KGC,GFI,HYMC,CGAU,B
Government & Defense IT Services Providers|2026-08-19|Mainstream|LDOS,EFOR
Hospital & Behavioral Health Facility Procedure Volume Recovery|2026-08-19|Mainstream|THC,EHC,UHS
Independent Oil Refiners|2026-08-19|Nascent|AR,NOG,CNQ,SU,DVN,RRC,VG,ET,WHD,MTDR,APA,EQT,PR,EOG,KNTK,CRGY,FANG,OXY,LNG,TALO,COP,HP,WES,VIST,VET,TRGP,BKV,CRK,KGS,SM,OKE,OVV,NESR,CHRD,PTEN,EXE
Independent Petroleum Refiners & Marketers|2026-08-19|Nascent|BP,PARR,CVI,WDS,OGS,MPC,PSX,EQNR,DK,VLO,YPF,ATO,DINO,CPK,SR,EC,CVE,CVX,PBF
Industrial Automation & Power Transmission Components|2026-08-19|Nascent|ROK,TKR,AIN
Industrial Automation & Precision Bearings Manufacturers|2026-08-19|Nascent|AIN,ROK,TKR
Industrial Construction Execution & On-Site Supply Chain|2026-08-19|Mainstream|ROAD,DNOW,J,TPC,FLR
Industrial Equipment & Flow Control – Capex Cycle Recovery|2026-08-19|Mainstream|IEX,ITT,EMR,VLTO,DCI,PH,LECO,FLS
Industrial Lifting, Material Handling & Equipment Rental|2026-08-19|Mainstream|SUNB,CMCO,HRI
Industrial & Logistics Warehouse REITs|2026-08-19|Fading|EGP,PLD
Inflammatory Disease & Immunology Biologics|2026-08-19|Mainstream|IMVT,APGE,AVTX,ORKA,VERA,DNTH,CLYM,ZBIO,CLDX
Insurance Brokerage & Distribution Services|2026-08-19|Mainstream|BWIN,WTW,BRO,AJG
International Integrated Oil & Gas Majors|2026-08-19|Retired|
IT Consulting & Business Process Outsourcing Services|2026-08-19|Mainstream|ACN,EXLS,CTSH,IT
Latin American Silver & Gold Mining Operators|2026-08-19|Nascent|PAAS,AGI,FSM,AG,BVN
Life Insurance & Annuity Providers|2026-08-19|Mainstream|VOYA,UNM,LNC,GL,JXN,CRBG,MET,CNO,EQH,PRU
Life Sciences & Healthcare Data/CRM Platforms|2026-08-19|Nascent|DOCS,TEM,VEEV
Life Science Tools & Analytical Instruments|2026-08-19|Nascent|CRL,RVTY,TECH,DHR,MTD,RGEN,A,TMO,WAT,AVTR
Lodging & Hotel REITs|2026-08-19|Nascent|DRH,HST,PEB,SHO
Lumber & Building Products Manufacturing-Distribution|2026-08-19|Fading|BCC,FBIN
Medical Device Mean-Reversion & Rotation Recovery|2026-08-19|Mainstream|AXGN,MMSI,INSP,GKOS,GEHC,DXCM,AORT,BDX,NVCR,HAE,CNMD,BBNX,EW,MDT,ZBH,TNDM,ABT,COO,RMD
Mobile App Platform & Advertising Monetization|2026-08-19|Nascent|APPS,BSP
mRNA Vaccine & Therapeutics Platforms|2026-08-19|Nascent|BNTX,MRNA
Natural Gas E&P Producers|2026-08-19|Retired|
Natural Gas Midstream & LNG Infrastructure|2026-08-19|Nascent|VG,TRGP,KGS
Network Security & Zero-Trust Edge|2026-08-19|Mainstream|S,FTNT,RBRK,GRRR,PANW,CVLT,SAIL,FFIV,NTSK,VRNS,CRWD,OKTA,ZS,NET,GEN
Office REIT Recovery & Re-Rating|2026-08-19|Fading|CDP,HIW,BXP,SLG
Offshore Energy Equipment & Services|2026-08-19|Nascent|HLX,OII,TDW,SDRL,FTI,XPRO
Peptide & Hormone Therapies for Metabolic & Endocrine Disorders|2026-08-19|Mainstream|CORT,MBX,PTGX,CRNX,XERS
Power Semiconductor & Electrification Components|2026-08-19|Fading|VICR,WOLF
Precious Metals Miners Velocity Breakout|2026-08-19|Mainstream|PPTA,FSM,SKE,SA,WPM,AYA,ASM
Precious Metals Royalty & Streaming Companies|2026-08-19|Mainstream|WPM,OR,RGLD,FNV
Private Equity & Alternative Asset Management Platforms|2026-08-19|Mainstream|KKR,FSK,TPG,ARES,OWL,BX,HLNE,STEP,CG,MAIN,BAM,APO
Private Mortgage Insurance|2026-08-19|Mainstream|MTG,NMIH,ESNT
Programmatic Digital Advertising Platforms|2026-08-19|Mainstream|MGNI,QNST
Property & Casualty Insurance Underwriters|2026-08-19|Mainstream|SLDE,HCI,AFG,ARX,RLI,SKWD,ORI,EG,TRV,THG,ALL
Quantum Computing Hardware & Software|2026-08-19|Fading|QBTS,INFQ,IONQ,QUBT,RGTI
Rare disease/specialty pharma earnings beats|2026-08-19|Retired|
Rare Earth & Critical Minerals Mining|2026-08-19|Nascent|ALOY,MP,USAR
Rare Earth Elements & Critical Minerals Processing|2026-08-19|Nascent|MP,USAR,ALOY
Regulated Electric Utility Holding Companies|2026-08-19|Fading|AEE,CNP,DTE,ED,ETR,IDA,LNT,OGE,WEC
Regulated Natural Gas Distribution Utilities|2026-08-19|Nascent|UGI,ATO,OGS,SR
Reinsurance & Specialty Insurance Holding Carriers|2026-08-19|Retired|
Resilient PNT: GPS-Alternative Timing & Navigation Infrastructure|2026-08-19|Nascent|SITM,NN,IONQ,INFQ
Restaurant Chain Recovery|2026-08-19|Mainstream|TXRH,BLMN,CBRL,SHAK,JACK,DRI,WEN,CAKE,EAT
Semiconductor Deposition & Etch Equipment Makers|2026-08-19|Retired|
Semiconductor Test & Inspection Equipment|2026-08-19|Nascent|TER,COHU,ONTO,AEHR
Silver-Focused Primary Miners|2026-08-19|Mainstream|HL,AG,CDE,SVM,EXK
Skilled Nursing & Senior Housing REITs|2026-08-19|Fading|CTRE,LTC
Software Development & DevOps Collaboration Platforms|2026-08-19|Mainstream|FROG,GTLB,TEAM
South African Gold & PGM Mining Producers|2026-08-19|Retired|
Specialty & Multi-line P&C Insurance Carriers|2026-08-19|Fading|ACGL,CNA
Trucking & Freight Logistics|2026-08-19|Fading|JBHT,KNX,SNDR,XPO
Uranium Feedstock & Mining Supply|2026-08-19|Fading|UEC,UUUU
U.S. Apparel & Fashion Recovery|2026-08-19|Mainstream|URBN,SHOO,CROX,ANF,WWW
U.S. Domestic Steel Producers|2026-08-19|Fading|NUE,CLF
U.S. Oil & Gas E&P Rotation|2026-08-19|Nascent|SM,MTDR,VIST,CHRD,DVN,VET,TALO,CRGY,NOG
U.S. Passenger Airlines|2026-08-19|Fading|DAL,SKYW,UAL
U.S. Regional & Mid-Cap Commercial Banks|2026-08-19|Mainstream|WSFS,RF,PNFP,HOPE,HWC,CFG,UMBF,SBCF,FITB,USB,EWBC,WSBC,SSB,TFC,BOKF,MTB,FBP,PNC,CBC,HBAN,ZION
Video & Streaming Content Distribution Rebound|2026-08-19|Nascent|RUM,PSKY,ECHO
Wealth Management & Retail Brokerage Platforms|2026-08-19|Mainstream|AMP,BNY,WT,SF,STT,NTRS,IVZ,LPLA,SCHW,RJF
Advanced Nuclear Fuel & Reactor Design Manufacturers|2026-08-20|Fading|STDN,NNE,XE
Agricultural & Heavy Construction Equipment Manufacturers|2026-08-20|Nascent|CNH,DE,OSK
AI Chip & Interconnect Supply Chain Enablement|2026-08-20|Mainstream|SITM,SKHY,TSEM,MU,MRVL,ACMR,AMAT,AMBA,FORM,AXTI,LRCX,SMTC,NVDA,ENTG,ASML,AMD,MPWR
AI data center infrastructure buildout|2026-08-20|Retired|
AI Datacenter Optical & High-Speed Interconnect|2026-08-20|Fading|COHR,LITE,CRDO,ALAB
AI Data-Center Power & Physical Infrastructure Buildout|2026-08-20|Retired|
AI-Driven Power & Grid Infrastructure Boom|2026-08-20|Fading|PWR,ETN
AI-Native Diagnostics & Computational Medicine Re-Rating|2026-08-20|Nascent|CAI,HTFL,TEM
AI-Powered Enterprise Analytics & Intelligent Workflow SaaS|2026-08-20|Mainstream|CRM,AVPT,SAP,PATH,HUBS,NOW,AMPL,AI,DOCU,FRSH,MNDY,PLTR,APPN,BRZE,INTA
Apartment & Residential REITs|2026-08-20|Retired|
Automotive Dealership Groups|2026-08-20|Fading|ABG,AN
B2B Digital Financial Infrastructure & Payment Rails Modernization|2026-08-20|Mainstream|ACIW,PAY,ALKT,NCNO,BR,WSE,RELY,QTWO,FLYW,JKHY
Bitcoin Mining & Digital Asset Infrastructure|2026-08-20|Nascent|APLD,BTDR,CIFR,CLSK,CORZ,HUT,MARA,RIOT,WULF
Bitcoin Mining & HPC Compute Pivot Operators|2026-08-20|Retired|
Broadband & Telecom Network Infrastructure Equipment|2026-08-20|Fading|HLIT,MXL,NOK
Building Envelope, Ceilings & Interior Construction Products|2026-08-20|Fading|CSL,OC,AWI
Building Products & Home Improvement Suppliers|2026-08-20|Fading|MAS,TREX,SWK
Business Development Companies & Specialty Direct Lending|2026-08-20|Nascent|MAIN,FSK,HTGC
Canadian Big Banks|2026-08-20|Fading|TD,RY,CM,BMO,BNS
Cardiac & Diagnostic Imaging Recovery|2026-08-20|Nascent|HTFL,RDNT,IRTC
Cinema Exhibition & Premium Large-Format Recovery|2026-08-20|Mainstream|IMAX,CNK
Clinical-Stage Oncology & Hematology Biotech Breakout|2026-08-20|Nascent|INBX,KURA,SNDX,OMER,URGN,ELVN,IDYA,CGON
Cloud Application Software Rotation (Oversold Turning Up)|2026-08-20|Nascent|APPF,PCOR,ZM,DUOL
Cloud Contact Center & CCaaS Communication Platforms|2026-08-20|Mainstream|RNG,TWLO,BAND,FIVN,NICE
Cloud Data Storage & Analytics Infrastructure|2026-08-20|Mainstream|SNOW,ESTC,BLZE,MDB
Cloud Observability & AIOps Monitoring Platforms|2026-08-20|Nascent|DDOG,PD,DT
Cloud Supply Chain & Warehouse Management Software|2026-08-20|Mainstream|MANH,SPSC
Commercial, Office & Home Furniture Retailers and Manufacturers|2026-08-20|Mainstream|ARHS,MLKN,RH,HNI,W,WSM,BOBS
Consumer Fintech & Digital Credit Platforms|2026-08-20|Mainstream|OMF,AFRM,SOFI,PGY,BFH,DAVE,CHYM
Containerboard & Corrugated Packaging Producers|2026-08-20|Mainstream|SW,PKG,GPK,IP
Copper Mining & Production|2026-08-20|Mainstream|SCCO,TECK,ERO,FCX,HBM,BHP
Corporate Digital Asset Treasury Vehicles|2026-08-20|Nascent|ASST,BMNR,SBET
Corporate Spend, Expense Management & Financial Operations Software|2026-08-20|Mainstream|CPAY,WEX,WK,NAVN,BILL,VERX
CRISPR & Gene-Editing Therapeutics|2026-08-20|Retired|
CRISPR Gene Editing Therapeutics|2026-08-20|Retired|
Crypto-Native Exchange & Treasury Platforms|2026-08-20|Nascent|BLSH,PURR
Cyber Exposure Management & Vulnerability Assessment|2026-08-20|Mainstream|QLYS,RPD,TENB
Data & Analytics-as-a-Service Providers|2026-08-20|Nascent|NIQ,IQV,ITRI
Defense Electronics & Aerospace Subsystem Suppliers|2026-08-20|Mainstream|LOAR,EMBJ,RTX,ATI,MRCY,ATRO,ARXS
Defense Intelligence & Cybersecurity IT Contractors|2026-08-20|Nascent|CACI,EFOR,LDOS
Defense ISR & Unmanned Systems Intelligence|2026-08-20|Fading|HAWK,AVEX
Defensive Consumer Staples Rotation|2026-08-20|Fading|KR,PEP,CPB,KO
Development-Stage Gold Exploration & Project Juniors|2026-08-20|Mainstream|HYMC,AUGO,NG
Diabetes Management & Continuous Glucose Monitoring Devices|2026-08-20|Nascent|DXCM,INSP,TNDM
Digital Insurance Distribution & InsurTech Platforms|2026-08-20|Mainstream|PRCH,GSHD,LIFE,NP
Digital Payments Processing & Merchant Acquiring Networks|2026-08-20|Retired|
Diversified Regulated Electric & Gas Utilities|2026-08-20|Retired|
Drone & Advanced Aerial Defense Platforms|2026-08-20|Nascent|AVEX,BETA,RCAT
Electrical Connectivity & Utility Network Hardware|2026-08-20|Fading|PLPC,NVT
Electronics Manufacturing & Semiconductor Packaging Supply Chain|2026-08-20|Fading|JBL,SANM,ASX
Emerging Cloud GPU Rental & AI Infrastructure Hardware Providers|2026-08-20|Fading|CRWV,CBRS,EROC,BRUN,SMCI
Emerging Defense & Aerospace Hardware Suppliers|2026-08-20|Nascent|LPTH,VOYG,AVAV,BETA,VELO,KRMN,UMAC,KTOS,RDW
Emerging Immunotherapy & Cell Therapy Biotech|2026-08-20|Nascent|IBRX,IMMX,JBIO,JANX,CRVS,RCUS
Emerging Memory & Storage Semiconductor Makers|2026-08-20|Fading|SIMO,MRAM,SNDK
Emerging Oncology Therapeutics|2026-08-20|Retired|
Enterprise HR & Workforce Management SaaS|2026-08-20|Mainstream|PAYC,PAYX,ALIT,ADP,WDAY,PCTY
Enterprise Server, Storage & Data Infrastructure Hardware|2026-08-20|Mainstream|HPE,CSCO,DELL,NTAP,ANET,STX,NTNX
Enterprise Unstructured Data Storage Infrastructure|2026-08-20|Mainstream|QMCO,P,BOX,DBX
European Bank Stocks|2026-08-20|Fading|SAN,DB,LYG,ING,UBS,BBVA,NWG,BCS
For-Profit Postsecondary & Vocational Education|2026-08-20|Fading|CVSA,STRA
Gateway & Coastal Office REIT Stress Reversal|2026-08-20|Fading|BXP,VNO,DEI
Genomics & DNA Sequencing Tools|2026-08-20|Mainstream|BRKR,ILMN,TXG,QGEN,GRAL,NTRA,TWST,WGS,GH
Global Steel & Metal Producers Recovery|2026-08-20|Fading|TX,MT
Gold & Precious Metals Miners Rotation|2026-08-20|Mainstream|B,ARIS,AEM,EQX,IAG,EGO,AUGO,RGLD,GFI,HYMC,NEM,SBSW,HMY,FNV,AU,KGC,SSRM,CGAU
Government & Defense IT Services Providers|2026-08-20|Retired|
Grocery-Anchored & Open-Air Shopping Center REITs|2026-08-20|Nascent|BRX,FRT,PECO,REG
Hospital & Behavioral Health Facility Procedure Volume Recovery|2026-08-20|Mainstream|UHS,EHC,THC
Independent Oil Refiners|2026-08-20|Retired|
Independent Petroleum Refiners & Marketers|2026-08-20|Retired|
Industrial Automation & Power Transmission Components|2026-08-20|Retired|
Industrial Automation & Precision Bearings Manufacturers|2026-08-20|Fading|TKR,ROK
Industrial Construction Execution & On-Site Supply Chain|2026-08-20|Mainstream|DNOW,FLR,ROAD,TPC,J,KBR
Industrial Equipment & Flow Control – Capex Cycle Recovery|2026-08-20|Mainstream|FLS,IEX,EMR,LECO,VLTO,ITT,DCI,PH
Industrial Equipment Rental & Material Handling|2026-08-20|Retired|
Industrial Lifting, Material Handling & Equipment Rental|2026-08-20|Fading|SUNB,CMCO,HRI
Industrial & Logistics Warehouse REITs|2026-08-20|Fading|EGP,PLD,COLD
Inflammatory Disease & Immunology Biologics|2026-08-20|Mainstream|DNTH,CLYM,CLDX,ZBIO,APGE,IMVT,VERA,AVTX,ORKA,PHVS,AUPH
Insurance Brokerage & Distribution Services|2026-08-20|Mainstream|BWIN,AJG,BRO,WTW
International Integrated Oil & Gas Majors|2026-08-20|Nascent|BP,WDS,YPF
IT Consulting & Business Process Outsourcing Services|2026-08-20|Mainstream|CTSH,EXLS,ACN,IT,G
Latin American Silver & Gold Mining Operators|2026-08-20|Accelerating|PAAS,BVN,FSM,AGI,AG
Life Insurance & Annuity Providers|2026-08-20|Fading|CRBG,EQH,JXN,MET,VOYA,PRU,GL,UNM,LNC,CNO
Life Sciences & Healthcare Data/CRM Platforms|2026-08-20|Mainstream|VEEV,TEM,DOCS
Life Science Tools & Analytical Instruments|2026-08-20|Nascent|RGEN,MTD,TMO,WAT,TECH,RVTY,DHR,AVTR,CRL,A
Lodging & Hotel REITs|2026-08-20|Fading|DRH,PEB,SHO,PK
Lumber & Building Products Manufacturing-Distribution|2026-08-20|Fading|BCC,FBIN
Marketing & Digital Presence SaaS Platforms|2026-08-20|Nascent|ZETA,SPT,WIX
Medical Device Mean-Reversion & Rotation Recovery|2026-08-20|Mainstream|NVCR,MMSI,HAE,AXGN,EW,CNMD,ABT,GKOS,DXCM,INSP,AORT,BBNX,MDT,BDX,GEHC,RMD,TNDM,COO,ZBH,SOLV
Mobile App Platform & Advertising Monetization|2026-08-20|Nascent|APPS,BSP
mRNA Vaccine & Therapeutics Platforms|2026-08-20|Nascent|BNTX,MRNA
Natural Gas Midstream & LNG Export Infrastructure|2026-08-20|Nascent|LNG,KMI,WMB,OKE,TRGP,KNTK,ET,DTM
Natural Gas Midstream & LNG Infrastructure|2026-08-20|Retired|
Network Security & Zero-Trust Edge|2026-08-20|Mainstream|NTSK,PANW,SAIL,ZS,GEN,S,NET,FTNT,RBRK,CVLT,CRWD,FFIV,GRRR,OKTA,VRNS
Office REIT Recovery & Re-Rating|2026-08-20|Fading|BXP,CDP,SLG,HIW
Offshore Energy Equipment & Services|2026-08-20|Nascent|HLX,SDRL,FTI,XPRO,OII,TDW,VAL,NE
Peptide & Hormone Therapies for Metabolic & Endocrine Disorders|2026-08-20|Mainstream|MBX,PTGX,CORT,XERS,CRNX
Power Semiconductor & Electrification Components|2026-08-20|Fading|VICR,WOLF
Precious Metals Miners Velocity Breakout|2026-08-20|Mainstream|PPTA,ASM,FSM,SKE,WPM,AYA,SA
Precious Metals Royalty & Streaming Companies|2026-08-20|Mainstream|OR,FNV,WPM,RGLD
Private Equity & Alternative Asset Management Platforms|2026-08-20|Mainstream|KKR,MAIN,FSK,OWL,BAM,STEP,CG,HLNE,TPG,ARES,APO,BX,HTGC
Private Mortgage Insurance|2026-08-20|Mainstream|ESNT,NMIH,MTG
Programmatic Digital Advertising Platforms|2026-08-20|Mainstream|QNST,MGNI
Property & Casualty Insurance Underwriters|2026-08-20|Mainstream|AFG,RLI,EG,SKWD,THG,TRV,ARX,HCI,ALL,SLDE,ORI
Quantum Computing Hardware & Software|2026-08-20|Retired|
Rare Earth & Critical Minerals Mining|2026-08-20|Fading|ALOY,MP,USAR
Rare Earth Elements & Critical Minerals Processing|2026-08-20|Retired|
Regulated Electric Utility Holding Companies|2026-08-20|Fading|AEE,CNP,DTE,ED,ETR,IDA,LNT,OGE,WEC
Regulated Natural Gas Distribution Utilities|2026-08-20|Retired|
Resilient PNT: GPS-Alternative Timing & Navigation Infrastructure|2026-08-20|Fading|SITM,RGTI,NN,INFQ,IONQ
Restaurant Chain Recovery|2026-08-20|Mainstream|CAKE,WEN,TXRH,SHAK,CBRL,BLMN,DRI,EAT,JACK,JMKE
Semiconductor Deposition & Etch Equipment Makers|2026-08-20|Nascent|AMAT,LRCX,ACMR
Semiconductor Test & Inspection Equipment|2026-08-20|Nascent|COHU,TER,AEHR,ONTO
Semiconductor Wafer Fab Capital Equipment|2026-08-20|Nascent|AMAT,LRCX,ASML,ACMR,ENTG,FORM
Silver-Focused Primary Miners|2026-08-20|Mainstream|HL,SVM,EXK,CDE,AG
Skilled Nursing & Senior Housing REITs|2026-08-20|Retired|
Software Development & DevOps Collaboration Platforms|2026-08-20|Mainstream|TEAM,FROG,GTLB
South African Gold & PGM Mining Producers|2026-08-20|Nascent|AU,GFI,HMY,SBSW
Specialty & Multi-line P&C Insurance Carriers|2026-08-20|Fading|ACGL,CNA
Trucking & Freight Logistics|2026-08-20|Fading|JBHT,KNX,SNDR,XPO,FWRD
Uranium Feedstock & Mining Supply|2026-08-20|Retired|
U.S. Apparel & Fashion Recovery|2026-08-20|Mainstream|WWW,ANF,SHOO,CROX
U.S. Domestic Steel Producers|2026-08-20|Fading|NUE,CLF
U.S. Oil & Gas E&P Rotation|2026-08-20|Nascent|OXY,HP,VET,EQNR,WES,EXE,ATO,UGI,MTDR,CPK,CNQ,EQT,WDS,MPC,RRC,CRK,VG,EC,CVX,TALO,AR,KNTK,NESR,PARR,FE,VIST,KMI,XEL,SM,VLO,TRGP,AEP,CMS,CVE,DK,PTEN,CRGY,EVRG,BKV,YPF,COP,BP,CVI,PSX,EOG,SO,OGS,OVV,KGS,EXC,WMB,NOG,APA,FANG,CHRD,SU,ET,DTM,LNG,DVN,PR,DINO,OKE,PBF,WHD,SR
U.S. Passenger Airlines|2026-08-20|Fading|DAL,SKYW
U.S. Regional & Mid-Cap Commercial Banks|2026-08-20|Fading|SSB,CFG,SBCF,HWC,ZION,RF,CBC,USB,WSFS,WSBC,UMBF,HOPE,FITB,EWBC,TFC,BOKF,PNC,PNFP,FBP,MTB,HBAN
Video & Streaming Content Distribution Rebound|2026-08-20|Nascent|ECHO,RUM,PSKY
Wealth Management & Retail Brokerage Platforms|2026-08-20|Mainstream|BNY,WT,RJF,SF,AMP,SCHW,IVZ,LPLA,STT,NTRS,SEIC
Advanced Nuclear Fuel & Reactor Design Manufacturers|2026-08-21|Fading|STDN,NNE,XE
Agricultural & Heavy Construction Equipment Manufacturers|2026-08-21|Nascent|OSK,CNH,DE
AI Chip & Interconnect Supply Chain Enablement|2026-08-21|Mainstream|LRCX,SITM,NVDA,SKHY,AXTI,AMBA,ASML,MRVL,ENTG,FORM,MU,AMD,AMAT,SMTC,ACMR
AI Datacenter Optical & High-Speed Interconnect|2026-08-21|Fading|COHR,LITE,CRDO,ALAB
AI-Driven Diagnostics & Imaging Re-Rating|2026-08-21|Nascent|TEM,HTFL,CAI,IRTC,RDNT
AI-Driven Power & Grid Infrastructure Boom|2026-08-21|Fading|PWR,ETN
AI-Native Diagnostics & Computational Medicine Re-Rating|2026-08-21|Retired|
AI-Powered Enterprise Analytics & Intelligent Workflow SaaS|2026-08-21|Mainstream|INTA,MNDY,BRZE,FRSH,NOW,SAP,AI,DOCU,PLTR,AMPL,AVPT,APPN,HUBS,CRM,PATH
Automotive Dealership Groups|2026-08-21|Retired|
B2B Digital Financial Infrastructure & Payment Rails Modernization|2026-08-21|Mainstream|ALKT,FLYW,PAY,RELY,NCNO,JKHY,BR,QTWO,ACIW,WSE,SSNC
Bioprocessing & Cell Culture Technology|2026-08-21|Nascent|RGEN,AVTR,DHR
Bitcoin Mining & Digital Asset Infrastructure|2026-08-21|Fading|MARA,RIOT
Broadband & Telecom Network Infrastructure Equipment|2026-08-21|Fading|HLIT,MXL,NOK
Building Envelope, Ceilings & Interior Construction Products|2026-08-21|Fading|OC,AWI
Building Products & Home Improvement Suppliers|2026-08-21|Fading|TREX,MAS,SWK
Business Development Companies & Direct Lending|2026-08-21|Nascent|HTGC,FSK,MAIN
Business Development Companies & Specialty Direct Lending|2026-08-21|Retired|
Canadian Big Banks|2026-08-21|Fading|TD,RY,CM,BMO,BNS
Cardiac & Diagnostic Imaging Recovery|2026-08-21|Retired|
Cinema Exhibition & Premium Large-Format Recovery|2026-08-21|Fading|IMAX,CNK
Clinical-Stage Oncology & Hematology Biotech Breakout|2026-08-21|Nascent|OMER,CGON,KURA,URGN,SNDX,ELVN,IDYA,INBX
Cloud Application Software Rotation (Oversold Turning Up)|2026-08-21|Nascent|DUOL,PCOR,ZM,APPF
Cloud Contact Center & CCaaS Communication Platforms|2026-08-21|Mainstream|NICE,RNG,TWLO,FIVN,BAND
Cloud Data Storage & Analytics Infrastructure|2026-08-21|Mainstream|BLZE,MDB,ESTC,SNOW
Cloud Observability & AIOps Monitoring Platforms|2026-08-21|Nascent|DDOG,PD,DT
Cloud Supply Chain & Warehouse Management Software|2026-08-21|Mainstream|MANH,SPSC
Commercial, Office & Home Furniture Retailers and Manufacturers|2026-08-21|Mainstream|W,MLKN,HNI,WSM,RH,ARHS
Consumer Fintech & Digital Credit Platforms|2026-08-21|Mainstream|OMF,PGY,DAVE,SOFI,AFRM,CHYM,BFH
Containerboard & Corrugated Packaging Producers|2026-08-21|Nascent|GPK,IP,SW,PKG
Copper Mining & Production|2026-08-21|Accelerating|TECK,ERO,FCX,HBM,SCCO,BHP
Core Banking & Credit Union Software Platforms|2026-08-21|Nascent|JKHY,NCNO,QTWO
Corporate Digital Asset Treasury Vehicles|2026-08-21|Nascent|BMNR,SBET,ASST
Corporate Spend, Expense Management & Financial Operations Software|2026-08-21|Mainstream|WEX,CPAY,VERX,WK,NAVN,BILL
CRISPR & Gene-Editing Therapeutics|2026-08-21|Nascent|BEAM,CRSP,NTLA
Crypto-Native Exchange & Blockchain Financial Software|2026-08-21|Nascent|FIGR,COIN
Crypto-Native Exchange & Treasury Platforms|2026-08-21|Nascent|PURR,BLSH
Custody & Trust Banks|2026-08-21|Nascent|BNY,NTRS,STT
Cyber Exposure Management & Vulnerability Assessment|2026-08-21|Mainstream|RPD,TENB,QLYS
Data & Analytics-as-a-Service Providers|2026-08-21|Retired|
Defense Electronics & Aerospace Subsystem Suppliers|2026-08-21|Mainstream|RTX,ATI,ARXS,EMBJ,ATRO,LOAR
Defense Intelligence & Cybersecurity IT Contractors|2026-08-21|Nascent|CACI,EFOR,LDOS
Defense ISR & Unmanned Systems Intelligence|2026-08-21|Fading|HAWK,AVEX
Defensive Consumer Staples Rotation|2026-08-21|Fading|KR,PEP,CPB,KO,CAG,GIS
Development-Stage Gold Exploration & Project Juniors|2026-08-21|Accelerating|NG,HYMC,AUGO
Diabetes Management & Continuous Glucose Monitoring Devices|2026-08-21|Retired|
Diabetes Management Devices (CGM, Insulin Pumps & Delivery)|2026-08-21|Nascent|TNDM,DXCM,BBNX
Digital Insurance Distribution & InsurTech Platforms|2026-08-21|Mainstream|GSHD,NP,PRCH,LIFE
Diversified Regulated Electric & Gas Utilities|2026-08-21|Nascent|AEP,CMS,EVRG,EXC,FE,SO,XEL
Drone & Advanced Aerial Defense Platforms|2026-08-21|Retired|
Electrical Connectivity & Utility Network Hardware|2026-08-21|Fading|PLPC,NVT
Electronics Manufacturing & Semiconductor Packaging Supply Chain|2026-08-21|Fading|SANM,ASX
Emerging Cloud GPU Rental & AI Infrastructure Hardware Providers|2026-08-21|Fading|CRWV,SMCI,WYFI
Emerging Defense & Aerospace Hardware Suppliers|2026-08-21|Mainstream|VOYG,AVEX,UMAC,RDW,LPTH,VELO,BETA,RCAT,AVAV,KRMN,KTOS
Emerging Immunotherapy & Cell Therapy Biotech|2026-08-21|Nascent|RCUS,JANX,IBRX,CRVS,JBIO,IMMX
Emerging Memory & Storage Semiconductor Makers|2026-08-21|Fading|SIMO,MRAM,SNDK
Enterprise HR & Workforce Management SaaS|2026-08-21|Mainstream|PCTY,PAYC,ADP,PAYX,WDAY,ALIT
Enterprise Server, Storage & Data Infrastructure Hardware|2026-08-21|Mainstream|DELL,HPE,CSCO,STX,ANET,NTNX,NTAP
Enterprise Unstructured Data Storage Infrastructure|2026-08-21|Mainstream|BOX,QMCO,P,DBX
European Bank Stocks|2026-08-21|Mainstream|BBVA,UBS,ING,LYG,BCS,DB,SAN,NWG
Fertilizer & Crop Nutrient Producers|2026-08-21|Nascent|CF,MOS,NTR,SQM
For-Profit Postsecondary & Vocational Education|2026-08-21|Fading|CVSA,STRA
Gateway & Coastal Office REIT Stress Reversal|2026-08-21|Fading|BXP,VNO,DEI
Genomics & DNA Sequencing Tools|2026-08-21|Mainstream|BRKR,GH,NTRA,ILMN,WGS,TXG,TWST,QGEN,GRAL
Global Steel & Metal Producers Recovery|2026-08-21|Accelerating|TX,MT
Gold & Precious Metals Miners Rotation|2026-08-21|Mainstream|IAG,RGLD,AU,GFI,SSRM,CGAU,B,KGC,SBSW,NEM,ARIS,HMY,FNV,EGO,AEM,EQX,HYMC,AUGO
Grocery-Anchored & Open-Air Shopping Center REITs|2026-08-21|Fading|BRX,FRT,REG
Hospital & Behavioral Health Facility Procedure Volume Recovery|2026-08-21|Mainstream|EHC,THC,UHS
Industrial Automation & Power Transmission Components|2026-08-21|Nascent|AIN,ROK,TKR
Industrial Automation & Precision Bearings Manufacturers|2026-08-21|Fading|TKR,ROK
Industrial Construction Execution & On-Site Supply Chain|2026-08-21|Mainstream|J,DNOW,FLR,ROAD,TPC,KBR,TTEK,EME
Industrial Equipment & Flow Control – Capex Cycle Recovery|2026-08-21|Mainstream|IEX,VLTO,FLS,DCI,ITT,EMR,PH,LECO
Industrial Equipment Rental & Material Handling|2026-08-21|Fading|SUNB,CMCO,HRI
Industrial & Logistics Warehouse REITs|2026-08-21|Retired|
Inflammatory Disease & Immunology Biologics|2026-08-21|Mainstream|IMVT,APGE,DNTH,CLDX,CLYM,ZBIO,PHVS,VERA,AUPH,AVTX,ORKA
Insurance Brokerage & Distribution Services|2026-08-21|Mainstream|WTW,BWIN,AJG,BRO
International Integrated Oil & Gas Majors|2026-08-21|Retired|
IT Consulting & Business Process Outsourcing Services|2026-08-21|Mainstream|CTSH,EXLS,G,IT,ACN
Latin American Silver & Gold Mining Operators|2026-08-21|Accelerating|PAAS,BVN,AG,AGI,FSM
Life Insurance & Annuity Providers|2026-08-21|Fading|EQH,UNM,CNO,MET,PRU,VOYA,CRBG,LNC,JXN
Life Sciences & Healthcare Data/CRM Platforms|2026-08-21|Mainstream|TEM,VEEV,DOCS
Life Science Tools & Analytical Instruments|2026-08-21|Mainstream|CRL,RGEN,A,WAT,RVTY,MTD,TECH,DHR,AVTR,TMO
Liquid Biopsy & Early Cancer Detection Diagnostics|2026-08-21|Nascent|GH,NTRA,GRAL
Lodging & Hotel REITs|2026-08-21|Fading|DRH,PEB,SHO,PK
Lumber & Building Products Manufacturing-Distribution|2026-08-21|Fading|BCC,FBIN
Marketing & Digital Presence SaaS Platforms|2026-08-21|Nascent|SPT,WIX,ZETA
Medical Device Mean-Reversion & Rotation Recovery|2026-08-21|Mainstream|ZBH,GKOS,AXGN,SOLV,COO,EW,MDT,CNMD,RMD,NVCR,AORT,ABT,INSP,BDX,GEHC,HAE,MMSI,BAX
Metallurgical & Thermal Coal Mining Rebound|2026-08-21|Nascent|AMR,HCC
Mobile App Platform & Advertising Monetization|2026-08-21|Mainstream|APPS,BSP
mRNA Vaccine & Therapeutics Platforms|2026-08-21|Nascent|MRNA,BNTX
Natural Gas Midstream & LNG Export Infrastructure|2026-08-21|Retired|
Natural Gas Value Chain & LNG Export Infrastructure|2026-08-21|Nascent|LNG,TRGP,OKE,KGS,EQT,AR,RRC
Network Security & Zero-Trust Edge|2026-08-21|Mainstream|NTSK,NET,RBRK,FTNT,PANW,GRRR,S,VRNS,CRWD,ZS,OKTA,GEN,SAIL,CVLT,FFIV
Office REIT Recovery & Re-Rating|2026-08-21|Fading|BXP,SLG,CDP,HIW
Offshore Drilling Rig Contractors|2026-08-21|Nascent|SDRL,NE,VAL
Offshore Energy Equipment & Services|2026-08-21|Nascent|HLX,OII,XPRO,VAL,SDRL,NE,TDW,FTI
Oil Refining & Marketing|2026-08-21|Nascent|MPC,PSX,VLO,DK,DINO,PBF,CVI
Peptide & Hormone Therapies for Metabolic & Endocrine Disorders|2026-08-21|Mainstream|CORT,XERS,PTGX,MBX,CRNX
Power Semiconductor & Electrification Components|2026-08-21|Fading|VICR,WOLF,MPWR
Precious Metals Miners Velocity Breakout|2026-08-21|Mainstream|PPTA,SA,ASM,AYA,SKE,FSM,WPM
Precious Metals Royalty & Streaming Companies|2026-08-21|Accelerating|RGLD,OR,FNV,WPM
Precision Gene Editing & Genetic Medicine Rotation|2026-08-21|Nascent|CRSP,BEAM,VRTX
Private Equity & Alternative Asset Management Platforms|2026-08-21|Mainstream|HLNE,STEP,BX,FSK,HTGC,ARES,APO,TPG,OWL,MAIN,BAM,KKR,CG
Private Mortgage Insurance|2026-08-21|Mainstream|NMIH,MTG,ESNT
Programmatic Digital Advertising Platforms|2026-08-21|Mainstream|QNST,MGNI
Property & Casualty Insurance Underwriters|2026-08-21|Fading|SKWD,RLI,TRV,SLDE,ALL,AFG,EG,HCI,THG
Quantum Computing Pure-Plays|2026-08-21|Nascent|IONQ,QBTS,QUBT,RGTI
Rare Earth & Critical Minerals Mining|2026-08-21|Fading|USAR,MP,ALOY
Regulated Electric Utility Holding Companies|2026-08-21|Retired|
Regulated Natural Gas Distribution Utilities|2026-08-21|Nascent|UGI,ATO,OGS,SR
Resilient PNT: GPS-Alternative Timing & Navigation Infrastructure|2026-08-21|Fading|SITM,INFQ,NN,IONQ,RGTI
Restaurant Chain Recovery|2026-08-21|Mainstream|BLMN,CAKE,CBRL,TXRH,JACK,WEN,EAT,SHAK,DRI,JMKE
Robotic Process Automation & Low-Code Workflow Execution|2026-08-21|Nascent|APPN,PATH
Semiconductor Deposition & Etch Equipment Makers|2026-08-21|Retired|
Semiconductor Test & Inspection Equipment|2026-08-21|Nascent|TER,ONTO,AEHR,COHU
Semiconductor Wafer Fab Capital Equipment|2026-08-21|Retired|
Semiconductor Wafer Fab Equipment (Deposition & Lithography)|2026-08-21|Nascent|LRCX,AMAT,ASML,ACMR
Silver-Focused Primary Miners|2026-08-21|Mainstream|SVM,CDE,AG,EXK,HL
Software Development & DevOps Collaboration Platforms|2026-08-21|Mainstream|FROG,TEAM,GTLB
South African Gold & PGM Mining Producers|2026-08-21|Retired|
Specialty & Multi-line P&C Insurance Carriers|2026-08-21|Fading|ACGL,CNA
Trucking & Freight Logistics|2026-08-21|Accelerating|FWRD,JBHT,SNDR,XPO,KNX
U.S. Apparel & Fashion Recovery|2026-08-21|Mainstream|WWW,SHOO,CROX,ANF
U.S. Domestic Steel Producers|2026-08-21|Retired|
U.S. Oil & Gas E&P Rotation|2026-08-21|Accelerating|HP,KNTK,VET,PTEN,OVV,CNQ,APA,BP,LNG,EOG,PR,VG,CHRD,PARR,ET,SU,DVN,YPF,EQNR,EC,COP,OKE,OXY,WES,MTDR,VIST,WDS,WHD,XOM,EQT,NOG,KGS,TRGP,CVE,CVX,CRGY,CRK,RRC,TALO,EXE,SM,AR,NESR,FANG
U.S. Passenger Airlines|2026-08-21|Fading|DAL,SKYW
U.S. Regional & Mid-Cap Commercial Banks|2026-08-21|Mainstream|PNFP,MTB,CFG,FBP,EWBC,RF,SBCF,WSFS,WSBC,CBC,HBAN,HOPE,PNC,SSB,HWC,BOKF,FITB,UMBF,ZION,USB
Video & Streaming Content Distribution Rebound|2026-08-21|Nascent|RUM,ECHO,PSKY
Wealth Management & Retail Brokerage Platforms|2026-08-21|Mainstream|RJF,IVZ,SCHW,WT,SEIC,AMP,STT,SF,BNY,LPLA,NTRS,HOOD
Advanced Nuclear Fuel & Reactor Design Manufacturers|2026-08-24|Fading|STDN,XE
Agricultural & Heavy Construction Equipment Manufacturers|2026-08-24|Nascent|OSK,DE,CNH
AI Chip & Interconnect Supply Chain Enablement|2026-08-24|Mainstream|MRVL,AMBA,SMTC,ASML,AMAT,ENTG,MU,ACMR,AMD,NN,SKHY,SITM,NVDA,LRCX
AI Datacenter Optical & High-Speed Interconnect|2026-08-24|Fading|LITE,CRDO,ALAB
AI-Driven Diagnostics & Imaging Re-Rating|2026-08-24|Nascent|HTFL,CAI,TEM,RDNT,IRTC
AI-Driven Power & Grid Infrastructure Boom|2026-08-24|Fading|PWR,ETN
AI-Powered Enterprise Analytics & Intelligent Workflow SaaS|2026-08-24|Mainstream|AMPL,APPN,MNDY,PATH,AVPT,PLTR,INTA,CRM,SAP,HUBS,NOW,FRSH,BRZE,DOCU,AI
B2B Digital Financial Infrastructure & Payment Rails Modernization|2026-08-24|Mainstream|JKHY,SSNC,PAY,WSE,FLYW,ALKT,RELY,NCNO,BR,ACIW,QTWO
Bioprocessing & Cell Culture Technology|2026-08-24|Retired|
Bitcoin Mining & Digital Asset Infrastructure|2026-08-24|Fading|MARA,RIOT
Bitcoin Mining & HPC Compute Pivot Operators|2026-08-24|Nascent|APLD,CIFR,CLSK,CORZ,HUT,MARA,RIOT,WULF
Broadband & Telecom Network Infrastructure Equipment|2026-08-24|Retired|
Building Envelope, Ceilings & Interior Construction Products|2026-08-24|Fading|OC,AWI
Building Products & Home Improvement Suppliers|2026-08-24|Fading|TREX,MAS,SWK
Business Development Companies & Direct Lending|2026-08-24|Retired|
Business Development Companies & Specialty Direct Lending|2026-08-24|Nascent|HTGC,FSK,MAIN
Canadian Big Banks|2026-08-24|Fading|TD,RY,CM,BMO,BNS
Cinema Exhibition & Premium Large-Format Recovery|2026-08-24|Mainstream|IMAX,CNK
Clinical-Stage Oncology & Hematology Biotech Breakout|2026-08-24|Nascent|INBX,SNDX,CGON,ELVN,KURA,URGN,OMER,IDYA,RLAY
Cloud Application Software Rotation (Oversold Turning Up)|2026-08-24|Nascent|PCOR,APPF,ZM,DUOL
Cloud Contact Center & CCaaS Communication Platforms|2026-08-24|Mainstream|RNG,NICE,TWLO,FIVN,BAND
Cloud Data Storage & Analytics Infrastructure|2026-08-24|Mainstream|MDB,ESTC,SNOW,BLZE
Cloud Observability & AIOps Monitoring Platforms|2026-08-24|Fading|DDOG,DT
Cloud Supply Chain & Warehouse Management Software|2026-08-24|Mainstream|MANH,SPSC
Commercial, Office & Home Furniture Retailers and Manufacturers|2026-08-24|Mainstream|MLKN,W,ARHS,HNI,WSM
Consumer Fintech & Digital Credit Platforms|2026-08-24|Nascent|PGY,OMF,CHYM,SOFI,DAVE,BFH,AFRM
Containerboard & Corrugated Packaging Producers|2026-08-24|Accelerating|PKG,IP,SW,GPK
Copper Mining & Production|2026-08-24|Mainstream|ERO,TECK,HBM,BHP,SCCO,FCX
Core Banking & Credit Union Software Platforms|2026-08-24|Retired|
Corporate Digital Asset Treasury Vehicles|2026-08-24|Nascent|BMNR,ASST,SBET
Corporate Spend, Expense Management & Financial Operations Software|2026-08-24|Mainstream|NAVN,BILL,WEX,WK,CPAY,VERX
CRISPR & Gene-Editing Therapeutics|2026-08-24|Retired|
Crypto Exchange & Stablecoin Platform Velocity Breakout|2026-08-24|Nascent|COIN,CRCL,FIGR
Crypto-Native Exchange & Blockchain Financial Software|2026-08-24|Fading|FIGR,COIN
Crypto-Native Exchange & Treasury Platforms|2026-08-24|Nascent|PURR,BLSH
Custody & Trust Banks|2026-08-24|Retired|
Cyber Exposure Management & Vulnerability Assessment|2026-08-24|Mainstream|QLYS,TENB,RPD
Defense Electronics & Aerospace Subsystem Suppliers|2026-08-24|Mainstream|ATRO,RTX,LOAR,EMBJ,ARXS,ATI
Defense Intelligence & Cybersecurity IT Contractors|2026-08-24|Nascent|CACI,LDOS,EFOR
Defense ISR & Unmanned Systems Intelligence|2026-08-24|Retired|
Defensive Consumer Staples Rotation|2026-08-24|Fading|KO,CAG,KR,GIS,CPB,PEP,MICC,UTZ,SJM,DLTR,LW,MKC,CLX,MDLZ
Development-Stage Gold Exploration & Project Juniors|2026-08-24|Accelerating|NG,AUGO,HYMC
Diabetes Management Devices (CGM, Insulin Pumps & Delivery)|2026-08-24|Nascent|BBNX,TNDM,DXCM
Digital Insurance Distribution & InsurTech Platforms|2026-08-24|Mainstream|NP,GSHD,LIFE,PRCH
Diversified Regulated Electric & Gas Utilities|2026-08-24|Retired|
Electrical Connectivity & Utility Network Hardware|2026-08-24|Fading|PLPC,NVT
Electronics Manufacturing & Semiconductor Packaging Supply Chain|2026-08-24|Fading|SANM,ASX
Emerging Cloud GPU Rental & AI Infrastructure Hardware Providers|2026-08-24|Fading|SMCI,WYFI
Emerging Defense & Aerospace Hardware Suppliers|2026-08-24|Mainstream|VELO,RCAT,VOYG,AVEX,RDW,UMAC,KTOS,LPTH,BETA,KRMN
Emerging Immunotherapy & Cell Therapy Biotech|2026-08-24|Mainstream|RCUS,CRVS,JBIO,JANX,IBRX,IMMX
Emerging Memory & Storage Semiconductor Makers|2026-08-24|Fading|SIMO,MRAM,SNDK
Enterprise HR & Workforce Management SaaS|2026-08-24|Mainstream|ADP,PAYC,PAYX,WDAY,PCTY,ALIT
Enterprise Server, Storage & Data Infrastructure Hardware|2026-08-24|Mainstream|NTNX,DELL,HPE,STX,NTAP,ANET,CSCO
Enterprise Unstructured Data Storage Infrastructure|2026-08-24|Mainstream|QMCO,DBX,BOX
European Bank Stocks|2026-08-24|Mainstream|UBS,SAN,LYG,BBVA,NWG,BCS,DB,ING
Fertilizer & Crop Nutrient Producers|2026-08-24|Nascent|NTR,MOS,CF,SQM
For-Profit Postsecondary & Vocational Education|2026-08-24|Fading|CVSA,STRA
Gateway & Coastal Office REIT Stress Reversal|2026-08-24|Fading|VNO,DEI,BXP
Genomics & DNA Sequencing Tools|2026-08-24|Mainstream|GH,TXG,QGEN,TWST,NTRA,GRAL,BRKR,ILMN,WGS
Global Steel & Metal Producers Recovery|2026-08-24|Fading|TX,MT
Gold & Precious Metals Miners Rotation|2026-08-24|Mainstream|GFI,B,IAG,EGO,EQX,KGC,NEM,AEM,CGAU,AUGO,RGLD,SBSW,ARIS,HMY,AU,SSRM,FNV,HYMC
Government AI & Public-Sector Digitization Breakout|2026-08-24|Nascent|CACI,PLTR,TYL,GRRR
Grocery-Anchored & Open-Air Shopping Center REITs|2026-08-24|Fading|BRX,FRT,REG
Hospital & Behavioral Health Facility Procedure Volume Recovery|2026-08-24|Mainstream|THC,UHS,EHC
Industrial Automation & Power Transmission Components|2026-08-24|Fading|ROK,TKR
Industrial Automation & Precision Bearings Manufacturers|2026-08-24|Retired|
Industrial Construction Execution & On-Site Supply Chain|2026-08-24|Mainstream|DNOW,TPC,TTEK,J,FLR,KBR
Industrial Equipment & Flow Control – Capex Cycle Recovery|2026-08-24|Mainstream|IEX,FLS,LECO,ITT,PH,EMR,DCI,VLTO
Industrial Equipment Rental & Material Handling|2026-08-24|Retired|
Industrial Lifting, Material Handling & Equipment Rental|2026-08-24|Fading|SUNB,CMCO,HRI
Inflammatory Disease & Immunology Biologics|2026-08-24|Mainstream|ZBIO,PHVS,AUPH,ORKA,VERA,IMVT,CLDX,APGE,CLYM,AVTX,DNTH
Insurance Brokerage & Distribution Services|2026-08-24|Mainstream|BRO,AJG,WTW,BWIN,RYAN
IT Consulting & Business Process Outsourcing Services|2026-08-24|Mainstream|EXLS,CTSH,IT,ACN
Latin American Silver & Gold Mining Operators|2026-08-24|Accelerating|AG,AGI,PAAS,FSM,BVN
Life Insurance & Annuity Providers|2026-08-24|Fading|VOYA,CRBG,CNO,PRU,JXN,EQH,MET,UNM,LNC
Life Sciences & Healthcare Data/CRM Platforms|2026-08-24|Mainstream|TEM,DOCS,VEEV
Life Science Tools & Analytical Instruments|2026-08-24|Mainstream|CRL,A,WAT,RVTY,TECH,RGEN,MTD,TMO,AVTR,DHR
Liquid Biopsy & Early Cancer Detection Diagnostics|2026-08-24|Retired|
Lodging & Hotel REITs|2026-08-24|Fading|DRH,PEB,SHO,PK
Lumber & Building Products Manufacturing-Distribution|2026-08-24|Fading|BCC,FBIN
Marketing & Digital Presence SaaS Platforms|2026-08-24|Nascent|SPT,ZETA,WIX,GDDY
Medical Device Mean-Reversion & Rotation Recovery|2026-08-24|Mainstream|GEHC,HAE,MMSI,INSP,GKOS,AORT,EW,AXGN,ZBH,COO,NVCR,CNMD,MDT,RMD,SOLV,BAX,ABT,BDX
Metallurgical & Thermal Coal Mining Rebound|2026-08-24|Nascent|AMR,HCC
Mobile App Platform & Advertising Monetization|2026-08-24|Mainstream|BSP,APPS
mRNA Vaccine & Therapeutics Innovation|2026-08-24|Nascent|MRNA,BNTX,MRK,MRVI
mRNA Vaccine & Therapeutics Platforms|2026-08-24|Retired|
Natural Gas Value Chain & LNG Export Infrastructure|2026-08-24|Retired|
Network Security & Zero-Trust Edge|2026-08-24|Mainstream|OKTA,VRNS,GEN,CRWD,NET,S,NTSK,FFIV,GRRR,PANW,RBRK,SAIL,ZS,CVLT,FTNT
Office REIT Recovery & Re-Rating|2026-08-24|Accelerating|HIW,BXP,SLG,CDP
Offshore Drilling Rig Contractors|2026-08-24|Retired|
Offshore Energy Equipment & Services|2026-08-24|Nascent|SDRL,NE,HLX,FTI,OII,XPRO,VAL,TDW
Oil Refining & Marketing|2026-08-24|Nascent|DINO,UGI,CMS,SO,PAGP,FE,SR,DK,AEP,TRGP,ATO,ET,MPC,CVI,PBF,WES,PSX,OKE,EVRG,OGS,EXC,XEL,VLO,KNTK
Pawn Lending & Retail Pawn Shop Operators|2026-08-24|Nascent|EZPW,FCFS
Peptide & Hormone Therapies for Metabolic & Endocrine Disorders|2026-08-24|Mainstream|CORT,CRNX,PTGX,MBX,XERS
Power Semiconductor & Electrification Components|2026-08-24|Fading|WOLF,MPWR
Precious Metals Miners Velocity Breakout|2026-08-24|Nascent|PPTA,WPM,FSM,SA,ASM,AYA,SKE
Precious Metals Royalty & Streaming Companies|2026-08-24|Accelerating|RGLD,WPM,FNV,OR
Precision Gene Editing & Genetic Medicine Rotation|2026-08-24|Retired|
Private Equity & Alternative Asset Management Platforms|2026-08-24|Mainstream|MAIN,HLNE,BAM,CG,APO,BX,ARES,FSK,HTGC,KKR,STEP,TPG,OWL
Private Mortgage Insurance|2026-08-24|Mainstream|NMIH,MTG,ESNT
Programmatic Digital Advertising Platforms|2026-08-24|Mainstream|QNST,MGNI
Property & Casualty Insurance Underwriters|2026-08-24|Mainstream|EG,ALL,TRV,THG,HCI,SKWD,AFG,RLI,SLDE
Quantum Computing Pure-Plays|2026-08-24|Fading|IONQ,RGTI
Quick-Service & Fast-Casual Restaurant Chains|2026-08-24|Nascent|CMG,FWRG,YUM,SBUX
Rare Disease & Specialty Drug Delivery Pharmaceuticals|2026-08-24|Nascent|ETON,HALO
Rare Earth & Critical Minerals Mining|2026-08-24|Fading|USAR,MP,ALOY
Regulated Natural Gas Distribution Utilities|2026-08-24|Retired|
Resilient PNT: GPS-Alternative Timing & Navigation Infrastructure|2026-08-24|Retired|
Restaurant Chain Recovery|2026-08-24|Mainstream|TXRH,DRI,EAT,SHAK,BLMN,JACK,CAKE,CBRL,WEN,JMKE
Robotic Process Automation & Low-Code Workflow Execution|2026-08-24|Nascent|PATH,APPN
Semiconductor Test & Inspection Equipment|2026-08-24|Fading|TER,ONTO,AEHR,COHU
Semiconductor Wafer Fab Equipment (Deposition & Lithography)|2026-08-24|Retired|
Silver-Focused Primary Miners|2026-08-24|Mainstream|AG,HL,EXK,SVM,CDE
Software Development & DevOps Collaboration Platforms|2026-08-24|Mainstream|GTLB,TEAM,FROG
Specialty & Multi-line P&C Insurance Carriers|2026-08-24|Fading|ACGL,CNA
Trucking & Freight Logistics|2026-08-24|Fading|FWRD,JBHT,SNDR,KNX
U.S. Apparel & Fashion Recovery|2026-08-24|Mainstream|CROX,SHOO,WWW,ANF
U.S. Oil & Gas E&P Rotation|2026-08-24|Accelerating|RRC,WDS,AR,CNQ,CHRD,TALO,PARR,CVE,COP,EQNR,EXE,MTDR,XOM,VET,YPF,EOG,SU,OVV,OXY,WHD,NESR,KGS,CRK,HP,PTEN,SM,DVN,PR,EC,FANG,VG,CVX,BP,VIST,EQT,NOG,LNG,CRGY,APA
U.S. Passenger Airlines|2026-08-24|Retired|
U.S. Regional & Mid-Cap Commercial Banks|2026-08-24|Mainstream|EWBC,WSBC,CFG,PNC,PNFP,BOKF,HOPE,ZION,HBAN,FBP,UMBF,HWC,WSFS,FITB,MTB,SSB,SBCF,RF,USB,CBC
Video & Streaming Content Distribution Rebound|2026-08-24|Fading|RUM,ECHO,PSKY
Wealth Management & Retail Brokerage Platforms|2026-08-24|Mainstream|RJF,BNY,AMP,HOOD,LPLA,WT,STT,SCHW,NTRS,IVZ,SF,SEIC
Wood-Based Building Materials Distribution|2026-08-24|Nascent|BCC,BLDR,UFPI
Advanced Nuclear Fuel & Reactor Design Manufacturers|2026-08-25|Retired|
Agricultural & Heavy Construction Equipment Manufacturers|2026-08-25|Nascent|CNH,OSK,DE
AI Chip & Interconnect Supply Chain Enablement|2026-08-25|Mainstream|AMD,MU,MRVL,SKHY,AMBA,NN,ACMR,NVDA,ASML,SMTC,SITM,LRCX
AI Data Center Component & Connectivity Semiconductor Suppliers|2026-08-25|Nascent|ALAB,FLEX,LSCC,MXL,VICR
AI Datacenter Optical & High-Speed Interconnect|2026-08-25|Fading|LITE,CRDO
AI-Driven Diagnostics & Imaging Re-Rating|2026-08-25|Nascent|CAI,TEM,HTFL,IRTC,RDNT,CDNA
AI-Driven Power & Grid Infrastructure Boom|2026-08-25|Fading|PWR,ETN,BE
AI-Powered Enterprise Analytics & Intelligent Workflow SaaS|2026-08-25|Mainstream|PATH,AMPL,HUBS,PLTR,AVPT,MNDY,DOCU,NOW,BRZE,INTA,FRSH,APPN,SAP,AI,CRM
Altcoin & Diversified Digital-Asset Infrastructure Second Wave|2026-08-25|Nascent|PURR,FIGR,IOND,BLSH,ASST
B2B Digital Financial Infrastructure & Payment Rails Modernization|2026-08-25|Mainstream|ALKT,RELY,NCNO,FLYW,SSNC,BR,ACIW,WSE,QTWO,PAY,JKHY,DLO
Bitcoin Mining & Digital Asset Infrastructure|2026-08-25|Fading|MARA,RIOT
Bitcoin Mining & HPC Compute Pivot Operators|2026-08-25|Fading|CLSK,HUT,MARA,RIOT
Building Envelope, Ceilings & Interior Construction Products|2026-08-25|Fading|OC,AWI
Building Products & Home Improvement Suppliers|2026-08-25|Fading|TREX,MAS,SWK
Business Development Companies & Private Credit Lenders|2026-08-25|Nascent|ARCC,FSK,OBDC,OTF
Business Development Companies & Specialty Direct Lending|2026-08-25|Retired|
Canadian Big Banks|2026-08-25|Mainstream|CM,RY,TD,BMO,BNS
Cinema Exhibition & Premium Large-Format Recovery|2026-08-25|Fading|IMAX,CNK
Clinical-Stage Oncology & Hematology Biotech Breakout|2026-08-25|Nascent|SNDX,RLAY,OMER,IDYA,URGN,INBX,CGON,ELVN,KURA,KYMR,RVMD,INCY,ORIC,TGTX
Cloud Application Software Rotation (Oversold Turning Up)|2026-08-25|Nascent|APPF,PCOR,DUOL,ZM
Cloud Contact Center & CCaaS Communication Platforms|2026-08-25|Mainstream|RNG,NICE,FIVN,TWLO,BAND
Cloud Data Storage & Analytics Infrastructure|2026-08-25|Mainstream|MDB,BLZE,ESTC,SNOW
Cloud Observability & AIOps Monitoring Platforms|2026-08-25|Fading|DDOG,DT
Cloud Supply Chain & Warehouse Management Software|2026-08-25|Mainstream|SPSC,MANH
Commercial, Office & Home Furniture Retailers and Manufacturers|2026-08-25|Mainstream|ARHS,W,HNI,MLKN,WSM
Consumer Fintech & Digital Credit Platforms|2026-08-25|Nascent|DAVE,BFH,PGY,OMF,SOFI,CHYM,AFRM,PYPL,NU
Containerboard & Corrugated Packaging Producers|2026-08-25|Fading|IP,SW,GPK,PKG
Copper Mining & Production|2026-08-25|Accelerating|ERO,HBM,SCCO,FCX,BHP,TECK,RIO
Corporate Digital Asset Treasury Vehicles|2026-08-25|Nascent|BMNR,ASST,SBET
Corporate Spend, Expense Management & Financial Operations Software|2026-08-25|Mainstream|VERX,WEX,BILL,CPAY,NAVN,WK
Crypto Exchange & Stablecoin Platform Velocity Breakout|2026-08-25|Nascent|CRCL,COIN,FIGR
Crypto-Native Exchange & Blockchain Financial Software|2026-08-25|Retired|
Crypto-Native Exchange & Treasury Platforms|2026-08-25|Nascent|BLSH,PURR
Cyber Exposure Management & Vulnerability Assessment|2026-08-25|Mainstream|RPD,QLYS,TENB
Defense Electronics & Aerospace Subsystem Suppliers|2026-08-25|Fading|RTX,ARXS,ATI,EMBJ,ATRO,LOAR
Defense Intelligence & Cybersecurity IT Contractors|2026-08-25|Nascent|CACI,EFOR,LDOS
Defensive Consumer Staples Rotation|2026-08-25|Accelerating|KO,GIS,KR,MDLZ,UTZ,DLTR,CLX,MKC,CPB,PEP,GO,DEO,PM,CCEP,MNST,EPC
Development-Stage Gold Exploration & Project Juniors|2026-08-25|Accelerating|NG,HYMC,AUGO
Diabetes Management Devices (CGM, Insulin Pumps & Delivery)|2026-08-25|Nascent|TNDM,DXCM,BBNX,MMED
Digital Insurance Distribution & InsurTech Platforms|2026-08-25|Mainstream|GSHD,PRCH,LIFE,NP
Electrical Connectivity & Utility Network Hardware|2026-08-25|Fading|PLPC,NVT
Electronics Manufacturing & Semiconductor Packaging Supply Chain|2026-08-25|Fading|SANM,ASX
Emerging Cloud GPU Rental & AI Infrastructure Hardware Providers|2026-08-25|Fading|SMCI,WYFI,CRWV
Emerging Defense & Aerospace Hardware Suppliers|2026-08-25|Fading|RDW,VOYG,UMAC,BETA,RCAT,LPTH,KTOS
Emerging Immunotherapy & Cell Therapy Biotech|2026-08-25|Mainstream|RCUS,IBRX,JANX,JBIO,CRVS,IMMX
Emerging Memory & Storage Semiconductor Makers|2026-08-25|Fading|SIMO,MRAM,SNDK
Enterprise HR & Workforce Management SaaS|2026-08-25|Mainstream|WDAY,ALIT,PCTY,PAYC,ADP,PAYX
Enterprise Server, Storage & Data Infrastructure Hardware|2026-08-25|Mainstream|HPE,CSCO,NTNX,NTAP,STX,DELL,ANET
Enterprise Unstructured Data Storage Infrastructure|2026-08-25|Mainstream|QMCO,DBX,BOX
European Bank Stocks|2026-08-25|Mainstream|BBVA,UBS,BCS,SAN,DB,ING,LYG,NWG
Fertilizer & Crop Nutrient Producers|2026-08-25|Nascent|NTR,SQM,CF,MOS
For-Profit Postsecondary & Vocational Education|2026-08-25|Nascent|CVSA,LOPE,PRDO,STRA
Frozen Foods Producers|2026-08-25|Nascent|LW,NOMD,MICC,CAG,SJM
Gateway & Coastal Office REIT Stress Reversal|2026-08-25|Accelerating|BXP,DEI,VNO
Genomics & DNA Sequencing Tools|2026-08-25|Mainstream|QGEN,NTRA,TXG,TWST,ILMN,GRAL,WGS,BRKR,GH
Global Steel & Metal Producers Recovery|2026-08-25|Fading|TX,MT
Gold & Precious Metals Miners Rotation|2026-08-25|Mainstream|AU,KGC,SSRM,EQX,FNV,HMY,CGAU,AEM,HYMC,SBSW,NEM,IAG,GFI,RGLD,ARIS,B,EGO,AUGO,MUX
Government AI & Public-Sector Digitization Breakout|2026-08-25|Nascent|CACI,PLTR,TYL,GRRR
Grocery-Anchored & Open-Air Shopping Center REITs|2026-08-25|Fading|BRX,FRT,REG
Hospital & Behavioral Health Facility Procedure Volume Recovery|2026-08-25|Mainstream|UHS,EHC,THC
Industrial Automation & Power Transmission Components|2026-08-25|Fading|ROK,TKR
Industrial Construction Execution & On-Site Supply Chain|2026-08-25|Mainstream|TTEK,DNOW,TPC,FLR,J,KBR,EME
Industrial Equipment & Flow Control – Capex Cycle Recovery|2026-08-25|Mainstream|IEX,VLTO,PH,EMR,DCI,ITT,LECO,FLS
Industrial Equipment Rental & Material Handling|2026-08-25|Fading|SUNB,CMCO,HRI
Inflammatory Disease & Immunology Biologics|2026-08-25|Mainstream|ORKA,CLDX,AVTX,AUPH,PHVS,IMVT,DNTH,ZBIO,CLYM,APGE,VERA
Insurance Brokerage & Distribution Services|2026-08-25|Mainstream|AJG,BWIN,BRO,WTW,RYAN
IT Consulting & Business Process Outsourcing Services|2026-08-25|Mainstream|IT,ACN,CTSH,EXLS
Latin American Silver & Gold Mining Operators|2026-08-25|Accelerating|FSM,PAAS,BVN,AGI,AG
Life Insurance & Annuity Providers|2026-08-25|Fading|MET,JXN,UNM,CNO,VOYA,EQH,LNC,PRU,CRBG
Life Sciences & Healthcare Data/CRM Platforms|2026-08-25|Mainstream|VEEV,TEM,DOCS
Life Science Tools & Analytical Instruments|2026-08-25|Mainstream|TECH,CRL,AVTR,TMO,A,WAT,RGEN,RVTY,DHR,MTD
Lodging & Hotel REITs|2026-08-25|Fading|SHO,PK,DRH,PEB,RHP
Lumber & Building Products Manufacturing-Distribution|2026-08-25|Retired|
Marketing & Digital Presence SaaS Platforms|2026-08-25|Nascent|ZETA,GDDY,WIX,SPT
Medical Device Mean-Reversion & Rotation Recovery|2026-08-25|Mainstream|HAE,EW,CNMD,AXGN,COO,SOLV,NVCR,AORT,MDT,ZBH,GKOS,ABT,BAX,GEHC,MMSI,INSP,RMD,BDX,TMDX
Metallurgical & Thermal Coal Mining Rebound|2026-08-25|Nascent|AMR,HCC
Mobile App Platform & Advertising Monetization|2026-08-25|Mainstream|APPS,BSP
mRNA Vaccine & Therapeutics Innovation|2026-08-25|Retired|
Natural Gas Pipeline & Midstream Transport Infrastructure|2026-08-25|Nascent|DTM,KMI,OKE,WMB
Network Security & Zero-Trust Edge|2026-08-25|Fading|FTNT,ZS,CVLT,GEN,CRWD,PANW,GRRR,VRNS,RBRK,NET,S,FFIV,OKTA,NTSK,SAIL
Office REIT Recovery & Re-Rating|2026-08-25|Accelerating|SLG,CDP,BXP,HIW
Offshore Energy Equipment & Services|2026-08-25|Nascent|NE,XPRO,HLX,SDRL,VAL,TDW,FTI,OII
Oilfield Services & Drilling Equipment|2026-08-25|Nascent|SU,EXE,APA,RRC,COP,FANG,PARR,EQNR,HP,CRK,CVX,CHRD,VET,YPF,PR,EC,OVV,SM,EOG,PTEN,CNQ,CRGY,BP,LNG,EQT,NOG,NESR,CVE,TALO,OXY,WDS,WHD,VIST,XOM,VG,DVN,MTDR,AR
Oil Refining & Marketing|2026-08-25|Nascent|OKE,AEP,DINO,WES,MPC,TRGP,PBF,ATO,ET,XEL,KNTK,VLO,CVI,EXC,EVRG,UGI,PAGP,OGS,CMS,FE,PSX,SO,SR,DK
Pawn Lending & Retail Pawn Shop Operators|2026-08-25|Fading|EZPW,FCFS
Peptide & Hormone Therapies for Metabolic & Endocrine Disorders|2026-08-25|Mainstream|XERS,CORT,MBX,PTGX,CRNX
Power Semiconductor & Electrification Components|2026-08-25|Fading|WOLF,MPWR
Precious Metals Miners Velocity Breakout|2026-08-25|Nascent|FSM,SA,AYA,ASM,WPM,SKE,PPTA
Precious Metals Royalty & Streaming Companies|2026-08-25|Accelerating|FNV,OR,WPM,RGLD
Private Equity & Alternative Asset Management Platforms|2026-08-25|Mainstream|TPG,APO,CG,HLNE,BX,KKR,ARES,FSK,MAIN,STEP,OWL,BAM,HTGC
Private Mortgage Insurance|2026-08-25|Mainstream|ESNT,MTG,NMIH
Programmatic Digital Advertising Platforms|2026-08-25|Mainstream|MGNI,QNST
Property & Casualty Insurance Underwriters|2026-08-25|Mainstream|RLI,EG,SLDE,ALL,AFG,SKWD,TRV,THG,HCI
Quantum Computing Pure-Plays|2026-08-25|Fading|IONQ,RGTI
Quick-Service & Fast-Casual Restaurant Chains|2026-08-25|Nascent|YUM,SBUX,CMG,FWRG,QSR
Rare Disease & Specialty Drug Delivery Pharmaceuticals|2026-08-25|Nascent|HALO,ETON,BMRN,INSM
Rare Earth & Critical Minerals Mining|2026-08-25|Fading|USAR,MP,ALOY
Residential Rental REITs (Apartment & Single-Family)|2026-08-25|Nascent|AMH,CPT,INVH,IRT,MAA
Restaurant Chain Recovery|2026-08-25|Mainstream|BLMN,CAKE,DRI,SHAK,TXRH,JACK,JMKE,WEN,EAT,CBRL
Robotic Process Automation & Low-Code Workflow Execution|2026-08-25|Nascent|APPN,PATH
Semiconductor Test & Inspection Equipment|2026-08-25|Fading|ONTO,COHU
Silver-Focused Primary Miners|2026-08-25|Mainstream|SVM,EXK,AG,CDE,HL
Software Development & DevOps Collaboration Platforms|2026-08-25|Mainstream|TEAM,FROG,GTLB
Specialty & Multi-line P&C Insurance Carriers|2026-08-25|Retired|
Trucking & Freight Logistics|2026-08-25|Fading|FWRD,JBHT,SNDR,KNX
Uranium Mining & Nuclear Fuel Cycle Producers|2026-08-25|Nascent|UEC,UUUU,CCJ,NXE
U.S. Apparel & Fashion Recovery|2026-08-25|Fading|SHOO,WWW,ANF
U.S. Oil & Gas E&P Rotation|2026-08-25|Retired|
U.S. Regional & Mid-Cap Commercial Banks|2026-08-25|Mainstream|WSBC,USB,BOKF,SBCF,FBP,RF,WSFS,PNFP,HWC,CBC,MTB,SSB,EWBC,FITB,CFG,HOPE,HBAN,UMBF,ZION,PNC
Video & Streaming Content Distribution Rebound|2026-08-25|Mainstream|RUM,PSKY,FUBO
Wealth Management & Retail Brokerage Platforms|2026-08-25|Mainstream|IVZ,WT,SCHW,HOOD,NTRS,STT,SEIC,SF,AMP,LPLA,RJF,BNY,IBKR,FUTU
Wood-Based Building Materials Distribution|2026-08-25|Fading|BCC,UFPI
African Gold & Silver Mining Operators|2026-08-26|Nascent|AAUC,HMY,SBSW
Agricultural & Heavy Construction Equipment Manufacturers|2026-08-26|Nascent|CNH,OSK,DE
AI Chip & Interconnect Supply Chain Enablement|2026-08-26|Mainstream|AMBA,SITM,MU,SMTC,ASML,LRCX,ACMR,AMD,NVDA,MRVL,SKHY,MPWR,ALAB,MXL
AI Data Center Component & Connectivity Semiconductor Suppliers|2026-08-26|Retired|
AI Datacenter Optical & High-Speed Interconnect|2026-08-26|Fading|LITE,CRDO
AI-Driven Diagnostics & Imaging Re-Rating|2026-08-26|Nascent|IRTC,HTFL,RDNT,CAI,TEM,CDNA
AI-Driven Power & Grid Infrastructure Boom|2026-08-26|Fading|PWR,ETN
AI-Powered Enterprise Analytics & Intelligent Workflow SaaS|2026-08-26|Mainstream|CRM,DOCU,APPN,NOW,FRSH,HUBS,AMPL,INTA,AI,PATH,BRZE,PLTR,AVPT,SAP,MNDY
Altcoin & Diversified Digital-Asset Infrastructure Second Wave|2026-08-26|Nascent|FIGR,IOND,BLSH,PURR
B2B Digital Financial Infrastructure & Payment Rails Modernization|2026-08-26|Mainstream|NCNO,WSE,ALKT,BR,JKHY,QTWO,SSNC,DLO,RELY,PAY,ACIW
Bitcoin Miner to AI/HPC Data Center Conversion|2026-08-26|Nascent|APLD,CIFR,CLSK,CORZ,HUT,WULF
Bitcoin Mining & Digital Asset Infrastructure|2026-08-26|Fading|RIOT,MARA
Bitcoin Mining & HPC Compute Pivot Operators|2026-08-26|Retired|
Building Envelope, Ceilings & Interior Construction Products|2026-08-26|Fading|OC,AWI
Building Products & Home Improvement Suppliers|2026-08-26|Fading|TREX,SWK
Business Development Companies & Private Credit Lenders|2026-08-26|Nascent|FSK,OTF,OBDC,ARCC,TRIN
Canadian Big Banks|2026-08-26|Fading|CM,BMO,BNS,TD,RY
Cinema Exhibition & Premium Large-Format Recovery|2026-08-26|Fading|IMAX,CNK
Clinical-Stage Oncology & Hematology Biotech Breakout|2026-08-26|Mainstream|ORIC,TGTX,RVMD,SNDX,RLAY,KYMR,INCY,ELVN,URGN,OMER,INBX,IDYA,CGON,KURA
Cloud Application Software Rotation (Oversold Turning Up)|2026-08-26|Mainstream|PCOR,ZM,DUOL,APPF
Cloud Contact Center & CCaaS Communication Platforms|2026-08-26|Mainstream|NICE,BAND,RNG,TWLO,FIVN
Cloud Data Storage & Analytics Infrastructure|2026-08-26|Mainstream|BLZE,MDB,ESTC,SNOW
Cloud Observability & AIOps Monitoring Platforms|2026-08-26|Fading|DDOG,DT
Cloud Supply Chain & Warehouse Management Software|2026-08-26|Mainstream|SPSC,MANH
Coal Mining Relative Strength Breakout|2026-08-26|Nascent|BTU,CNR
Commercial, Office & Home Furniture Retailers and Manufacturers|2026-08-26|Mainstream|WSM,MLKN,HNI,W,ARHS
Consumer Fintech & Digital Credit Platforms|2026-08-26|Mainstream|PYPL,CHYM,SOFI,BFH,PGY,NU,DAVE,OMF,AFRM
Containerboard & Corrugated Packaging Producers|2026-08-26|Mainstream|IP,PKG,GPK,SW
Copper Mining & Production|2026-08-26|Mainstream|FCX,RIO,HBM,BHP,SCCO,ERO,TECK
Corporate Digital Asset Treasury Vehicles|2026-08-26|Mainstream|ASST,BMNR,SBET
Corporate Spend, Expense Management & Financial Operations Software|2026-08-26|Mainstream|WEX,NAVN,BILL,CPAY,VERX
Crypto Exchange & Stablecoin Platform Velocity Breakout|2026-08-26|Nascent|CRCL,FIGR,COIN
Crypto-Native Exchange & Treasury Platforms|2026-08-26|Retired|
Cyber Exposure Management & Vulnerability Assessment|2026-08-26|Mainstream|QLYS,RPD,TENB
Defense Electronics & Aerospace Subsystem Suppliers|2026-08-26|Fading|RTX,ARXS,ATI,ATRO,LOAR,EMBJ
Defense Intelligence & Cybersecurity IT Contractors|2026-08-26|Fading|LDOS,CACI,EFOR
Defensive Consumer Staples Rotation|2026-08-26|Accelerating|CPB,EPC,CLX,KO,PEP,PM,CCEP,GIS,GO,MDLZ,MNST,DLTR,MKC,UTZ,KR,DEO,CELH,KDP,PPC
Development-Stage Gold Exploration & Project Juniors|2026-08-26|Mainstream|AUGO,NG,HYMC
Diabetes Management Devices (CGM, Insulin Pumps & Delivery)|2026-08-26|Nascent|BBNX,DXCM,TNDM
Digital Insurance Distribution & InsurTech Platforms|2026-08-26|Mainstream|GSHD,NP,LIFE,PRCH
Electrical Connectivity & Utility Network Hardware|2026-08-26|Fading|PLPC,NVT,ATKR
Electronics Manufacturing & Semiconductor Packaging Supply Chain|2026-08-26|Retired|
Emerging Cloud GPU Rental & AI Infrastructure Hardware Providers|2026-08-26|Fading|SMCI,CRWV,WYFI
Emerging Defense & Aerospace Hardware Suppliers|2026-08-26|Fading|VOYG,UMAC,LPTH,RDW,BETA,KTOS
Emerging Immunotherapy & Cell Therapy Biotech|2026-08-26|Mainstream|RCUS,IMMX,IBRX,JANX,CRVS,BNTX
Emerging Memory & Storage Semiconductor Makers|2026-08-26|Mainstream|SIMO,MRAM,SNDK
Enterprise HR & Workforce Management SaaS|2026-08-26|Mainstream|WDAY,PCTY,PAYX,ADP,ALIT,PAYC
Enterprise Server, Storage & Data Infrastructure Hardware|2026-08-26|Mainstream|STX,CSCO,DELL,ANET,HPE,NTNX,NTAP
Enterprise Unstructured Data Storage Infrastructure|2026-08-26|Mainstream|DBX,BOX,QMCO
European Bank Stocks|2026-08-26|Mainstream|BBVA,ING,DB,BCS,LYG,SAN,NWG,UBS
Fertilizer & Crop Nutrient Producers|2026-08-26|Nascent|NTR,SQM,CF,MOS
For-Profit Postsecondary & Vocational Education|2026-08-26|Fading|CVSA,LOPE,PRDO,STRA
Frozen Foods Producers|2026-08-26|Nascent|NOMD,MICC,LW,SJM,CAG
Gateway & Coastal Office REIT Stress Reversal|2026-08-26|Accelerating|DEI,VNO,BXP
Genomics & DNA Sequencing Tools|2026-08-26|Mainstream|NTRA,ILMN,QGEN,TWST,TXG,BRKR,GRAL,GH,WGS
Global Steel & Metal Producers Recovery|2026-08-26|Fading|TX,MT
Gold & Precious Metals Miners Rotation|2026-08-26|Mainstream|KGC,RGLD,CGAU,FNV,AU,EQX,HYMC,HMY,SBSW,B,AEM,MUX,SSRM,NEM,EGO,GFI,IAG,ARIS,AUGO
Government AI & Public-Sector Digitization Breakout|2026-08-26|Nascent|PLTR,CACI,GRRR,TYL
Grocery-Anchored & Open-Air Shopping Center REITs|2026-08-26|Fading|BRX,FRT,REG
Hospital & Behavioral Health Facility Procedure Volume Recovery|2026-08-26|Mainstream|UHS,THC,EHC,MD
Industrial Automation & Power Transmission Components|2026-08-26|Fading|ROK,TKR
Industrial Construction Execution & On-Site Supply Chain|2026-08-26|Mainstream|J,DNOW,TTEK,FLR,TPC,KBR,EME
Industrial Equipment & Flow Control – Capex Cycle Recovery|2026-08-26|Mainstream|DCI,LECO,FLS,IEX,PH,VLTO,EMR,ITT
Industrial Equipment Rental & Material Handling|2026-08-26|Retired|
Industrial Lifting, Material Handling & Equipment Rental|2026-08-26|Fading|SUNB,CMCO,HRI
Inflammatory Disease & Immunology Biologics|2026-08-26|Mainstream|ZBIO,VERA,APGE,CLDX,AUPH,AVTX,IMVT,DNTH,PHVS,CLYM,ORKA
Insurance Brokerage & Distribution Services|2026-08-26|Mainstream|BWIN,RYAN,BRO,AJG,WTW
IT Consulting & Business Process Outsourcing Services|2026-08-26|Mainstream|CTSH,IT,ACN,EXLS
Latin American Silver & Gold Mining Operators|2026-08-26|Mainstream|AGI,PAAS,FSM,BVN,AG
Life Insurance & Annuity Providers|2026-08-26|Mainstream|MET,LNC,UNM,CNO,JXN,VOYA,PRU,EQH,CRBG
Life Sciences & Healthcare Data/CRM Platforms|2026-08-26|Mainstream|TEM,VEEV,DOCS
Life Science Tools & Analytical Instruments|2026-08-26|Nascent|MTD,TMO,RGEN,DHR,AVTR,A,WAT,RVTY,TECH,CRL
Liquid Biopsy & Multi-Cancer Early Detection Diagnostics|2026-08-26|Nascent|NTRA,GH,GRAL,WGS
Lodging & Hotel REITs|2026-08-26|Accelerating|PEB,PK,RHP,DRH,SHO
Marketing & Digital Presence SaaS Platforms|2026-08-26|Nascent|WIX,SPT,GDDY,ZETA
Medical Device Mean-Reversion & Rotation Recovery|2026-08-26|Mainstream|EW,ZBH,TMDX,INSP,RMD,MMSI,NVCR,BAX,SOLV,CNMD,GEHC,HAE,ABT,COO,GKOS,AORT,MDT,BDX,AXGN
Metallurgical & Thermal Coal Mining Rebound|2026-08-26|Nascent|AMR,HCC
Mobile App Platform & Advertising Monetization|2026-08-26|Retired|
mRNA & Next-Gen Vaccine Platform Resurgence|2026-08-26|Nascent|MRNA,BNTX,MRK,NVAX,VIR
mRNA Vaccine & Therapeutics Innovation|2026-08-26|Nascent|MRNA,BNTX,MRK,MRVI
Natural Gas Pipeline & Midstream Transport Infrastructure|2026-08-26|Retired|
Network Security & Zero-Trust Edge|2026-08-26|Fading|NTSK,PANW,FFIV,CRWD,VRNS,CVLT,S,RBRK,FTNT,SAIL,GEN,GRRR,NET,ZS,OKTA
Office REIT Recovery & Re-Rating|2026-08-26|Accelerating|HIW,CDP,BXP,SLG
Offshore Energy Equipment & Services|2026-08-26|Mainstream|NE,HLX,XPRO,SDRL,FTI,OII,TDW,VAL
Oilfield Services & Drilling Equipment|2026-08-26|Retired|
Oilfield Services & Equipment Providers|2026-08-26|Nascent|HP,PTEN,NESR,WHD
Oil Refining & Marketing|2026-08-26|Nascent|RRC,EQNR,CNQ,DEC,DK,OXY,WDS,KMI,CVI,VG,PARR,SM,OVV,CVX,EC,PBF,EOG,CRGY,DVN,VLO,APA,VIST,MTDR,DINO,CHRD,NOG,FANG,TALO,XOM,CRK,PSX,COP,BP,DTM,PR,MPC,WMB,SU,EQT,CVE,EXE,VET,LNG,AR,YPF,OKE
Pawn Lending & Retail Pawn Shop Operators|2026-08-26|Fading|EZPW,FCFS
Peptide & Hormone Therapies for Metabolic & Endocrine Disorders|2026-08-26|Mainstream|CRNX,CORT,PTGX,XERS,MBX
Power Semiconductor & Electrification Components|2026-08-26|Retired|
Precious Metals Miners Velocity Breakout|2026-08-26|Mainstream|ASM,SKE,PPTA,WPM,SA,FSM,AYA
Precious Metals Royalty & Streaming Companies|2026-08-26|Nascent|RGLD,OR,WPM,FNV
Private Equity & Alternative Asset Management Platforms|2026-08-26|Mainstream|BX,HLNE,KKR,ARES,CG,MAIN,TPG,FSK,STEP,APO,HTGC,OWL,BAM
Private Mortgage Insurance|2026-08-26|Mainstream|NMIH,MTG,ESNT
Programmatic Digital Advertising Platforms|2026-08-26|Mainstream|QNST,MGNI
Property & Casualty Insurance Underwriters|2026-08-26|Mainstream|EG,SKWD,AFG,ALL,THG,RLI,HCI,SLDE,TRV
Quantum Computing Pure-Plays|2026-08-26|Retired|
Quantum Computing Pure-Plays (Federal Funding Cycle)|2026-08-26|Nascent|QBTS,QUBT,IONQ,RGTI
Quick-Service & Fast-Casual Restaurant Chains|2026-08-26|Nascent|CMG,SBUX,YUM,FWRG,QSR
Rare Disease & Specialty Drug Delivery Pharmaceuticals|2026-08-26|Nascent|HALO,ETON,BMRN,INSM,SRRK,TVTX,ACAD
Rare Earth & Critical Minerals Mining|2026-08-26|Fading|USAR,MP,ALOY
Residential Rental REITs (Apartment & Single-Family)|2026-08-26|Fading|AMH,CPT,INVH,IRT,MAA
Restaurant Chain Recovery|2026-08-26|Mainstream|SHAK,DRI,TXRH,CAKE,BLMN,JACK,JMKE,WEN,EAT,CBRL
Robotic Process Automation & Low-Code Workflow Execution|2026-08-26|Nascent|APPN,PATH
Semiconductor Test & Inspection Equipment|2026-08-26|Fading|ONTO,COHU
Silver-Focused Primary Miners|2026-08-26|Mainstream|CDE,EXK,SVM,HL,AG
Software Development & DevOps Collaboration Platforms|2026-08-26|Nascent|FROG,GTLB,TEAM
Trucking & Freight Logistics|2026-08-26|Fading|FWRD,JBHT,SNDR,KNX
Uranium Mining & Nuclear Fuel Cycle Producers|2026-08-26|Nascent|CCJ,NXE,UUUU,UEC
U.S. Apparel & Fashion Recovery|2026-08-26|Mainstream|ANF,WWW,SHOO,URBN
U.S. Regional & Mid-Cap Commercial Banks|2026-08-26|Mainstream|CBC,PNFP,HOPE,ZION,SSB,HWC,EWBC,PNC,CFG,RF,SBCF,FITB,BOKF,WSBC,USB,MTB,UMBF,WSFS,FBP
Video & Streaming Content Distribution Rebound|2026-08-26|Fading|RUM,FUBO,ROKU
Wealth Management & Retail Brokerage Platforms|2026-08-26|Mainstream|NTRS,SF,SEIC,AMP,LPLA,BNY,WT,SCHW,RJF,HOOD,STT,IVZ,IBKR,FUTU,APAM
Wood-Based Building Materials Distribution|2026-08-26|Fading|BCC,UFPI
5G/IoT Edge Connectivity Hardware Re-Acceleration|2026-08-27|Nascent|NOK,SMTC,GRRR
African Gold & Silver Mining Operators|2026-08-27|Retired|
Agricultural & Heavy Construction Equipment Manufacturers|2026-08-27|Mainstream|DE,OSK,CNH
AI Chip & Interconnect Supply Chain Enablement|2026-08-27|Mainstream|MU,SMTC,AMD,SKHY,LRCX,ACMR,ASML,AMBA,NVDA,MRVL
AI Data Center Component & Connectivity Semiconductor Suppliers|2026-08-27|Nascent|ALAB,FLEX,LSCC,MXL,VICR
AI Datacenter Optical & High-Speed Interconnect|2026-08-27|Retired|
AI-Driven Diagnostics & Imaging Re-Rating|2026-08-27|Nascent|TEM,CAI,RDNT,CDNA,HTFL
AI-Driven Power & Grid Infrastructure Boom|2026-08-27|Retired|
AI-Powered Enterprise Analytics & Intelligent Workflow SaaS|2026-08-27|Mainstream|HUBS,PATH,NOW,FRSH,BRZE,SAP,AMPL,MNDY,APPN,DOCU,CRM,AVPT,PLTR,INTA,AI,ASAN,PEGA
Altcoin & Diversified Digital-Asset Infrastructure Second Wave|2026-08-27|Nascent|FIGR,PURR,IOND
B2B Digital Financial Infrastructure & Payment Rails Modernization|2026-08-27|Mainstream|NCNO,BR,DLO,ACIW,QTWO,RELY,ALKT,SSNC,JKHY,WSE,PAY
Bitcoin Miners Pivoting to AI/HPC Data Center Hosting|2026-08-27|Nascent|APLD,CIFR,CLSK,CORZ,HUT,MARA,RIOT,WULF
Bitcoin Miner to AI/HPC Data Center Conversion|2026-08-27|Fading|CLSK,HUT,WULF
Bitcoin Mining & Digital Asset Infrastructure|2026-08-27|Fading|RIOT,MARA
Building Envelope, Ceilings & Interior Construction Products|2026-08-27|Retired|
Building Products & Home Improvement Suppliers|2026-08-27|Fading|TREX,SWK
Business Development Companies & Private Credit Lenders|2026-08-27|Nascent|TRIN,ARCC,FSK,OBDC,OTF
Canadian Big Banks|2026-08-27|Fading|CM,BMO,BNS,TD,RY
Cinema Exhibition & Premium Large-Format Recovery|2026-08-27|Fading|IMAX,CNK
Clinical-Stage Oncology & Hematology Biotech Breakout|2026-08-27|Mainstream|KYMR,KURA,INCY,RVMD,OMER,IDYA,SNDX,RLAY,CGON,INBX,TGTX,ORIC,URGN,ELVN,AGIO
Cloud Application Software Rotation (Oversold Turning Up)|2026-08-27|Mainstream|PCOR,DUOL,APPF,ZM
Cloud Contact Center & CCaaS Communication Platforms|2026-08-27|Mainstream|BAND,RNG,NICE,TWLO,FIVN
Cloud Data Storage & Analytics Infrastructure|2026-08-27|Mainstream|ESTC,MDB,SNOW,BLZE
Cloud Observability & AIOps Monitoring Platforms|2026-08-27|Mainstream|DDOG,DT
Cloud Supply Chain & Warehouse Management Software|2026-08-27|Mainstream|MANH,SPSC
Coal Mining Relative Strength Breakout|2026-08-27|Nascent|CNR,BTU
Commercial, Office & Home Furniture Retailers and Manufacturers|2026-08-27|Mainstream|WSM,W,MLKN,HNI,ARHS
Consumer Fintech & Digital Credit Platforms|2026-08-27|Mainstream|AFRM,SOFI,CHYM,BFH,PGY,OMF,NU,DAVE,PYPL,KSPI
Containerboard & Corrugated Packaging Producers|2026-08-27|Fading|IP,PKG,GPK,SW
Copper Mining & Production|2026-08-27|Mainstream|ERO,TECK,FCX,RIO,SCCO,BHP,HBM
Corporate Digital Asset Treasury Vehicles|2026-08-27|Mainstream|ASST,BMNR,SBET
Corporate Spend, Expense Management & Financial Operations Software|2026-08-27|Mainstream|NAVN,WEX,VERX,BILL,CPAY,BL
Crypto Exchange & Stablecoin Platform Velocity Breakout|2026-08-27|Nascent|COIN,CRCL,FIGR
Cyber Exposure Management & Vulnerability Assessment|2026-08-27|Mainstream|TENB,QLYS,RPD
Defense Electronics & Aerospace Subsystem Suppliers|2026-08-27|Fading|ATRO,LOAR,ARXS,RTX,ATI,EMBJ,HONA
Defense Intelligence & Cybersecurity IT Contractors|2026-08-27|Fading|LDOS,CACI,EFOR
Defensive Consumer Staples Rotation|2026-08-27|Accelerating|KR,CPB,DEO,DLTR,CELH,CLX,KDP,GO,MNST,KO,MKC,GIS,EPC,PEP,PPC,PM,CCEP,UTZ,MDLZ
Development-Stage Gold Exploration & Project Juniors|2026-08-27|Mainstream|NG,HYMC,AUGO
Diabetes Management Devices (CGM, Insulin Pumps & Delivery)|2026-08-27|Nascent|BBNX,DXCM,TNDM
Digital Insurance Distribution & InsurTech Platforms|2026-08-27|Mainstream|LIFE,PRCH,GSHD,NP
Electrical Connectivity & Utility Network Hardware|2026-08-27|Retired|
Electronic Components & Power Conversion Manufacturers|2026-08-27|Nascent|AEIS,BELFA,BELFB,KN
Emerging Cloud GPU Rental & AI Infrastructure Hardware Providers|2026-08-27|Retired|
Emerging Defense & Aerospace Hardware Suppliers|2026-08-27|Fading|BETA,UMAC,RDW,LPTH,VOYG,KTOS
Emerging Immunotherapy & Cell Therapy Biotech|2026-08-27|Mainstream|JANX,IMMX,BNTX,IBRX,RCUS,CRVS
Emerging Memory & Storage Semiconductor Makers|2026-08-27|Fading|SIMO,MRAM,SNDK
Enterprise HR & Workforce Management SaaS|2026-08-27|Mainstream|PAYC,WDAY,ALIT,ADP,PAYX,PCTY
Enterprise Server, Storage & Data Infrastructure Hardware|2026-08-27|Mainstream|NTAP,STX,HPE,DELL,ANET,NTNX,CSCO,SMCI
Enterprise Unstructured Data Storage Infrastructure|2026-08-27|Mainstream|BOX,DBX,QMCO
European Bank Stocks|2026-08-27|Mainstream|ING,UBS,BBVA,LYG,BCS,NWG,DB,SAN
Fertilizer & Crop Nutrient Producers|2026-08-27|Nascent|NTR,MOS,CF,SQM
For-Profit Postsecondary & Vocational Education|2026-08-27|Accelerating|CVSA,PRDO,LOPE,STRA,LAUR
Frozen Foods Producers|2026-08-27|Nascent|MICC,SJM,NOMD,CAG,LW
Gateway & Coastal Office REIT Stress Reversal|2026-08-27|Accelerating|DEI,VNO,BXP
Genetic Medicine: Gene Editing & Gene Therapy Innovators|2026-08-27|Nascent|BEAM,CRSP,NTLA,SRPT
Genomics & DNA Sequencing Tools|2026-08-27|Mainstream|TWST,WGS,GRAL,GH,NTRA,QGEN,ILMN,BRKR,TXG
Global Steel & Metal Producers Recovery|2026-08-27|Fading|MT,TX
Gold & Precious Metals Miners Rotation|2026-08-27|Mainstream|B,AU,SSRM,AAUC,RGLD,ARIS,EQX,MUX,IAG,NEM,KGC,HYMC,FNV,SBSW,HMY,EGO,AUGO,CGAU,GFI,AEM
Government AI & Public-Sector Digitization Breakout|2026-08-27|Nascent|PLTR,TYL,CACI,GRRR
Grocery-Anchored & Open-Air Shopping Center REITs|2026-08-27|Fading|BRX,FRT,REG
Hospital & Behavioral Health Facility Procedure Volume Recovery|2026-08-27|Mainstream|THC,MD,EHC,UHS
Industrial Automation & Power Transmission Components|2026-08-27|Fading|ROK,TKR
Industrial Construction Execution & On-Site Supply Chain|2026-08-27|Mainstream|DNOW,TTEK,TPC,KBR,FLR,J
Industrial Equipment & Flow Control – Capex Cycle Recovery|2026-08-27|Mainstream|IEX,VLTO,FLS,ITT,EMR,DCI,LECO,PH
Industrial Lifting, Material Handling & Equipment Rental|2026-08-27|Fading|CMCO,HRI
Inflammatory Disease & Immunology Biologics|2026-08-27|Mainstream|AUPH,IMVT,VERA,APGE,ORKA,CLYM,AVTX,DNTH,ZBIO,PHVS,CLDX
Insurance Brokerage & Distribution Services|2026-08-27|Mainstream|AJG,RYAN,BWIN,WTW,BRO
IT Consulting & Business Process Outsourcing Services|2026-08-27|Mainstream|IT,CTSH,EXLS,ACN,EPAM,CNXC,GLOB
Large-Cap Reinsurance & Specialty P&C Carriers|2026-08-27|Nascent|CB,MKL,RNR,EG,TRV
Latin American Silver & Gold Mining Operators|2026-08-27|Mainstream|FSM,BVN,AGI,PAAS,AG
Life Insurance & Annuity Providers|2026-08-27|Mainstream|VOYA,PRU,LNC,CNO,CRBG,JXN,UNM,MET,EQH
Life Sciences & Healthcare Data/CRM Platforms|2026-08-27|Mainstream|DOCS,TEM,VEEV
Life Science Tools & Analytical Instruments|2026-08-27|Nascent|TECH,RGEN,A,DHR,CRL,AVTR,RVTY,MTD,TMO,WAT,FTRE
Liquid Biopsy & Multi-Cancer Early Detection Diagnostics|2026-08-27|Retired|
Lodging & Hotel REITs|2026-08-27|Accelerating|RHP,PEB,PK,SHO,DRH
Major US Passenger Airlines|2026-08-27|Nascent|AAL,ALK,DAL,LUV,UAL
Marketing & Digital Presence SaaS Platforms|2026-08-27|Mainstream|WIX,ZETA,SPT,GDDY,KVYO
Medical Device Mean-Reversion & Rotation Recovery|2026-08-27|Mainstream|MMSI,CNMD,TMDX,BDX,AORT,EW,INSP,RMD,SOLV,BAX,NVCR,COO,MDT,GKOS,ZBH,ABT,HAE,GEHC,AXGN
Metallurgical & Thermal Coal Mining Rebound|2026-08-27|Nascent|AMR,HCC,SXC,METC
mRNA & Next-Gen Vaccine Platform Resurgence|2026-08-27|Retired|
mRNA Vaccine & Therapeutics Innovation|2026-08-27|Retired|
Multifamily Apartment REIT Rotation|2026-08-27|Nascent|IRT,MAA,CPT,ESS,UDR
Natural Gas Pipeline & Midstream Transport Infrastructure|2026-08-27|Nascent|DTM,KMI,OKE,WMB
Network Security & Zero-Trust Edge|2026-08-27|Mainstream|FTNT,VRNS,RBRK,NET,GRRR,NTSK,CVLT,PANW,FFIV,S,ZS,GEN,CRWD,OKTA,SAIL
Office REIT Recovery & Re-Rating|2026-08-27|Mainstream|HIW,SLG,BXP,CDP
Offshore Energy Equipment & Services|2026-08-27|Mainstream|HLX,FTI,SDRL,OII,NE,TDW,VAL,XPRO
Oilfield Services & Equipment Providers|2026-08-27|Nascent|PTEN,AEP,LNT,WEC,HP,DTE,OGE,EVRG,AEE,PPL,SLB,FTS,PNW,PEG,FE,IDA,ETR,WHD,CNP,NESR
Oil Refining & Marketing|2026-08-27|Nascent|EQT,OVV,XOM,VLO,KMI,WDS,OXY,CVX,COP,PR,SU,LNG,APA,CRGY,VG,PARR,EC,WMB,DTM,RRC,CNQ,EQNR,VIST,VET,AR,EXE,MPC,CVE,TALO,CHRD,FANG,DK,CVI,PSX,PBF,DVN,EOG,NOG,BP,DEC,DINO,CRK,MTDR,YPF,SM
Pawn Lending & Retail Pawn Shop Operators|2026-08-27|Fading|EZPW,FCFS
Peptide & Hormone Therapies for Metabolic & Endocrine Disorders|2026-08-27|Mainstream|PTGX,MBX,XERS,CORT,CRNX
Power Generation Buildout for AI Data Center Electricity Demand|2026-08-27|Nascent|EROC,WLDN,HNRG,DEC
Precious Metals Miners Velocity Breakout|2026-08-27|Mainstream|AYA,SKE,WPM,FSM,SA,PPTA,ASM
Precious Metals Royalty & Streaming Companies|2026-08-27|Nascent|WPM,FNV,OR,RGLD
Private Equity & Alternative Asset Management Platforms|2026-08-27|Mainstream|HLNE,APO,BAM,BX,TPG,MAIN,ARES,OWL,KKR,FSK,STEP,HTGC,CG
Private Mortgage Insurance|2026-08-27|Mainstream|NMIH,ESNT,MTG
Programmatic Digital Advertising Platforms|2026-08-27|Mainstream|QNST,MGNI
Property & Casualty Insurance Underwriters|2026-08-27|Mainstream|THG,EG,HCI,SLDE,RLI,ALL,TRV,AFG,SKWD
Quantum Computing Pure-Plays (Federal Funding Cycle)|2026-08-27|Fading|QUBT,IONQ,RGTI,INFQ
Quick-Service & Fast-Casual Restaurant Chains|2026-08-27|Nascent|YUM,SBUX,CMG,QSR,FWRG
Rare Disease & Specialty Drug Delivery Pharmaceuticals|2026-08-27|Retired|
Rare Earth & Critical Minerals Mining|2026-08-27|Fading|USAR,MP,ALOY,ALM
Rare & Orphan Disease Specialty Therapeutics|2026-08-27|Nascent|ETON,MIRM,CAPR
Residential Rental REITs (Apartment & Single-Family)|2026-08-27|Fading|AMH,INVH,IRT,MAA
Restaurant Chain Recovery|2026-08-27|Mainstream|SHAK,TXRH,JACK,CBRL,EAT,BLMN,WEN,DRI,CAKE
Robotic Process Automation & Low-Code Workflow Execution|2026-08-27|Nascent|PATH,APPN
Semiconductor Test & Inspection Equipment|2026-08-27|Fading|ONTO,COHU
Silver-Focused Primary Miners|2026-08-27|Mainstream|EXK,AG,SVM,CDE,HL
Software Development & DevOps Collaboration Platforms|2026-08-27|Nascent|FROG,GTLB,TEAM
Trucking & Freight Logistics|2026-08-27|Fading|FWRD,JBHT,SNDR,KNX
Uranium Mining & Nuclear Fuel Cycle Producers|2026-08-27|Nascent|UEC,UUUU,NXE,CCJ
U.S. Apparel & Fashion Recovery|2026-08-27|Mainstream|SHOO,WWW,ANF,URBN
U.S. Regional & Mid-Cap Commercial Banks|2026-08-27|Mainstream|WSBC,PNC,MTB,WSFS,USB,RF,HOPE,FBP,FITB,BOKF,PNFP,ZION,SSB,EWBC,CFG,SBCF,UMBF,HWC,CBC
Video & Streaming Content Distribution Rebound|2026-08-27|Fading|FUBO,RUM,ROKU
Wealth Management & Retail Brokerage Platforms|2026-08-27|Mainstream|SCHW,STT,BNY,SF,WT,IVZ,FUTU,NTRS,SEIC,APAM,AMP,LPLA,RJF,HOOD,IBKR,VCTR,VIRT,BEN,BGC
Wood-Based Building Materials Distribution|2026-08-27|Fading|BCC,UFPI
5G/IoT Edge Connectivity Hardware Re-Acceleration|2026-08-28|Retired|
African Gold & Silver Mining Operators|2026-08-28|Nascent|AAUC,HMY,SBSW
Agricultural & Heavy Construction Equipment Manufacturers|2026-08-28|Fading|DE,OSK,CNH
AI Chip & Interconnect Supply Chain Enablement|2026-08-28|Mainstream|MU,SKHY,AMD,ASML,NVDA,LRCX,SMTC,ACMR,AMBA,MRVL
AI Data Center Component & Connectivity Semiconductor Suppliers|2026-08-28|Fading|ALAB,FLEX
AI-Driven Diagnostics & Imaging Re-Rating|2026-08-28|Mainstream|HTFL,TEM,CDNA,RDNT,CAI,ADPT
AI-Powered Enterprise Analytics & Intelligent Workflow SaaS|2026-08-28|Mainstream|AI,FRSH,SAP,BRZE,PEGA,AMPL,HUBS,INTA,NOW,MNDY,PATH,AVPT,ASAN,PLTR,APPN,KVYO,DOCU,CRM
Altcoin & Diversified Digital-Asset Infrastructure Second Wave|2026-08-28|Nascent|FIGR,PURR,IOND
B2B Digital Financial Infrastructure & Payment Rails Modernization|2026-08-28|Mainstream|BR,PAY,RELY,QTWO,DLO,JKHY,SSNC,ALKT,WSE,ACIW,NCNO
Bitcoin Miners Pivoting to AI/HPC Data Center Hosting|2026-08-28|Fading|CLSK,HUT,MARA,WULF
Bitcoin Miner to AI/HPC Data Center Conversion|2026-08-28|Retired|
Bitcoin Mining & Digital Asset Infrastructure|2026-08-28|Retired|
Building Products & Home Improvement Suppliers|2026-08-28|Fading|TREX,SWK
Business Development Companies & Private Credit Lenders|2026-08-28|Nascent|TRIN,FSK,OBDC,ARCC,OTF
Canadian Big Banks|2026-08-28|Accelerating|BNS,CM,BMO,RY,TD
Cinema Exhibition & Premium Large-Format Recovery|2026-08-28|Fading|IMAX,CNK
Clinical-Stage Oncology & Hematology Biotech Breakout|2026-08-28|Retired|
Cloud Application Software Rotation (Oversold Turning Up)|2026-08-28|Mainstream|DUOL,ZM,APPF,PCOR
Cloud Contact Center & CCaaS Communication Platforms|2026-08-28|Mainstream|BAND,NICE,RNG,TWLO,FIVN
Cloud Data Storage & Analytics Infrastructure|2026-08-28|Mainstream|SNOW,BLZE,ESTC,MDB
Cloud Observability & AIOps Monitoring Platforms|2026-08-28|Accelerating|DDOG,DT
Cloud Supply Chain & Warehouse Management Software|2026-08-28|Mainstream|MANH,SPSC
Coal Mining Relative Strength Breakout|2026-08-28|Nascent|BTU,CNR
Commercial, Office & Home Furniture Retailers and Manufacturers|2026-08-28|Mainstream|ARHS,HNI,MLKN,W,WSM
Consumer Fintech & Digital Credit Platforms|2026-08-28|Mainstream|CHYM,AFRM,DAVE,PGY,NU,SOFI,KSPI,BFH,PYPL,OMF
Containerboard & Corrugated Packaging Producers|2026-08-28|Fading|IP,PKG,GPK,SW
Copper Mining & Production|2026-08-28|Mainstream|FCX,RIO,ERO,BHP,HBM,TECK,SCCO
Corporate Digital Asset Treasury Vehicles|2026-08-28|Mainstream|ASST,BMNR,SBET
Corporate Spend, Expense Management & Financial Operations Software|2026-08-28|Mainstream|CPAY,NAVN,WEX,BILL,VERX,BL
Crypto Exchange & Stablecoin Platform Velocity Breakout|2026-08-28|Nascent|COIN,FIGR,CRCL
Cyber Exposure Management & Vulnerability Assessment|2026-08-28|Mainstream|RPD,TENB,QLYS
Defense Electronics & Aerospace Subsystem Suppliers|2026-08-28|Fading|EMBJ,ARXS,HONA,LOAR,ATI,RTX,ATRO
Defense Intelligence & Cybersecurity IT Contractors|2026-08-28|Mainstream|LDOS,CACI,EFOR
Defensive Consumer Staples Rotation|2026-08-28|Accelerating|MDLZ,CLX,UTZ,CPB,KR,MKC,DEO,DLTR,PPC,PM,GO,EPC,GIS,PEP,TBBB,UL,KHC
Development-Stage Gold Exploration & Project Juniors|2026-08-28|Mainstream|NG,AUGO
Diabetes Management Devices (CGM, Insulin Pumps & Delivery)|2026-08-28|Mainstream|TNDM,BBNX,DXCM
Digital Insurance Distribution & InsurTech Platforms|2026-08-28|Mainstream|LIFE,PRCH,NP,GSHD
Electrical Grid & Power Infrastructure Construction (EPC)|2026-08-28|Nascent|AGX,ECG,EME,FIX,GEV,PWR
Electronic Components & Power Conversion Manufacturers|2026-08-28|Fading|BELFB,KN
Emerging Defense & Aerospace Hardware Suppliers|2026-08-28|Fading|BETA,RDW,VOYG
Emerging Immunotherapy & Cell Therapy Biotech|2026-08-28|Retired|
Emerging Memory & Storage Semiconductor Makers|2026-08-28|Fading|SIMO,MRAM,SNDK
Energy Infrastructure & Utility Operators|2026-08-28|Nascent|PNW,LNT,DTE,PEG,EVRG,OGE,HP,FTS,WHD,AEP,WEC,NESR,SLB,PTEN,ETR,CNP,FE
Enterprise HR & Workforce Management SaaS|2026-08-28|Mainstream|WDAY,PAYX,ALIT,ADP,PAYC,PCTY
Enterprise Server, Storage & Data Infrastructure Hardware|2026-08-28|Mainstream|NTAP,DELL,NTNX,HPE,CSCO,SMCI,ANET,STX
Enterprise Unstructured Data Storage Infrastructure|2026-08-28|Mainstream|QMCO,DBX,BOX
European Bank Stocks|2026-08-28|Mainstream|BBVA,LYG,DB,NWG,ING,UBS,BCS,SAN
Fertilizer & Crop Nutrient Producers|2026-08-28|Mainstream|SQM,CF,NTR,MOS
For-Profit Postsecondary & Vocational Education|2026-08-28|Accelerating|PRDO,LOPE,LAUR,CVSA,STRA
Frozen Foods Producers|2026-08-28|Nascent|CAG,NOMD,LW,SJM
Gateway & Coastal Office REIT Stress Reversal|2026-08-28|Accelerating|VNO,BXP,DEI
Genetic Medicine: Gene Editing & Gene Therapy Innovators|2026-08-28|Nascent|NTLA,BEAM,CRSP,SRPT
Genomics & DNA Sequencing Tools|2026-08-28|Mainstream|TWST,BRKR,GRAL,NTRA,ILMN,QGEN,GH,TXG,WGS
Global Steel & Metal Producers Recovery|2026-08-28|Accelerating|TX,MT
Gold & Precious Metals Miners Rotation|2026-08-28|Mainstream|AU,MUX,IAG,B,KGC,AUGO,AAUC,SSRM,SBSW,FNV,ARIS,EQX,CGAU,GFI,HMY,EGO,RGLD,NEM,AEM
Government AI & Public-Sector Digitization Breakout|2026-08-28|Nascent|PLTR,CACI,TYL,GRRR
Grocery-Anchored & Open-Air Shopping Center REITs|2026-08-28|Nascent|BRX,FRT,PECO,REG
Hospital & Behavioral Health Facility Procedure Volume Recovery|2026-08-28|Mainstream|UHS,MD,EHC,THC
Independent Oil Refining & Fuel Distribution|2026-08-28|Nascent|DK,PBF,DINO,MPC,KNTK,OKE
Industrial Automation & Power Transmission Components|2026-08-28|Fading|ROK,TKR
Industrial Construction Execution & On-Site Supply Chain|2026-08-28|Mainstream|DNOW,KBR,J,TTEK,FLR,TPC
Industrial Equipment & Flow Control – Capex Cycle Recovery|2026-08-28|Fading|FLS,PH,EMR,VLTO,IEX,ITT,DCI,LECO
Industrial Lifting, Material Handling & Equipment Rental|2026-08-28|Fading|CMCO,HRI
Infectious Disease Vaccines, Antivirals & Diagnostics Rebound|2026-08-28|Nascent|NVAX,VIR,QDEL
Inflammatory Disease & Immunology Biologics|2026-08-28|Mainstream|ZBIO,VERA,ORKA,DNTH,CLDX,AUPH,APGE,AVTX,IMVT,CLYM,PHVS
Insurance Brokerage & Distribution Services|2026-08-28|Mainstream|WTW,BRO,RYAN,AJG,BWIN
IT Consulting & Business Process Outsourcing Services|2026-08-28|Mainstream|IT,CTSH,EXLS,ACN,GLOB,CNXC,EPAM
Large-Cap Reinsurance & Specialty P&C Carriers|2026-08-28|Nascent|MKL,EG,CB,RNR,TRV
Latin American Silver & Gold Mining Operators|2026-08-28|Mainstream|PAAS,AG,AGI,BVN,FSM
Life Insurance & Annuity Providers|2026-08-28|Nascent|CRBG,PRU,MET,LNC,UNM,JXN,EQH,CNO,VOYA
Life Sciences & Healthcare Data/CRM Platforms|2026-08-28|Mainstream|DOCS,TEM,VEEV
Life Science Tools & Analytical Instruments|2026-08-28|Nascent|A,DHR,WAT,FTRE,CRL,RVTY,RGEN,MTD,AVTR,TMO,TECH,AZTA
Liquid Biopsy & Multi-Cancer Early Detection Diagnostics|2026-08-28|Nascent|NTRA,GH,GRAL,WGS
Lodging & Hotel REITs|2026-08-28|Nascent|PEB,DRH,SHO,PK,RHP
Major US Passenger Airlines|2026-08-28|Fading|AAL,ALK
Marketing & Digital Presence SaaS Platforms|2026-08-28|Mainstream|GDDY,ZETA,SPT,KVYO,WIX
Medical Device Mean-Reversion & Rotation Recovery|2026-08-28|Mainstream|AORT,MMSI,GEHC,COO,TMDX,SOLV,NVCR,HAE,INSP,ZBH,BAX,CNMD,RMD,EW,ABT,BDX,GKOS,AXGN,MDT
Metallurgical & Thermal Coal Mining Rebound|2026-08-28|Mainstream|AMR,SXC,HCC,METC
mRNA & Next-Gen Vaccine Platform Resurgence|2026-08-28|Nascent|MRNA,BNTX,MRK,NVAX,VIR
mRNA Vaccine & Personalized Cancer Immunotherapy Platforms|2026-08-28|Nascent|MRNA,BNTX,MRK
Multifamily Apartment REIT Rotation|2026-08-28|Fading|IRT,MAA,CPT,ESS,UDR
Natural Gas Pipeline & Midstream Transport Infrastructure|2026-08-28|Retired|
Network Security & Zero-Trust Edge|2026-08-28|Mainstream|S,FFIV,SAIL,FTNT,CVLT,GEN,NTSK,VRNS,PANW,SMTC,ZS,NET,OKTA,NOK,GRRR,CRWD,RBRK
Non-Alcoholic Beverages & Energy Drinks|2026-08-28|Nascent|KO,KDP,CCEP,CELH,MNST
Office REIT Recovery & Re-Rating|2026-08-28|Nascent|CDP,HIW,BXP,SLG
Offshore Energy Equipment & Services|2026-08-28|Mainstream|OII,TDW,HLX,SDRL,VAL,FTI,NE,XPRO,NOV
Oilfield Services, Completions & Drilling Equipment|2026-08-28|Nascent|INVX,HAL,SLB
Oilfield Services & Equipment Providers|2026-08-28|Retired|
Oil & Gas Value Chain (Upstream, Midstream & Downstream)|2026-08-28|Mainstream|EQT,CVX,EQNR,SU,NOG,PSX,DINO,RRC,FANG,DK,VLO,SM,EC,CRK,VIST,CVE,MPC,WDS,KMI,MTDR,WMB,BP,YPF,DTM,AR,COP,TALO,OXY,DVN,VG,PBF,CVI,EOG,PARR,APA,CHRD,DEC,CNQ,PR,XOM,VET,OVV,EXE,LNG,CRGY
Oil Refining & Marketing|2026-08-28|Retired|
Pawn Lending & Retail Pawn Shop Operators|2026-08-28|Fading|EZPW,FCFS
Peptide & Hormone Therapies for Metabolic & Endocrine Disorders|2026-08-28|Mainstream|CORT,PTGX,CRNX,MBX,XERS
Power Generation Buildout for AI Data Center Electricity Demand|2026-08-28|Nascent|WLDN,EROC
Precious Metals Miners Velocity Breakout|2026-08-28|Mainstream|PPTA,ASM,WPM,FSM,AYA,SKE,SA
Precious Metals Royalty & Streaming Companies|2026-08-28|Mainstream|FNV,WPM,RGLD,OR
Private Equity & Alternative Asset Management Platforms|2026-08-28|Mainstream|MAIN,BX,HTGC,BAM,STEP,APO,FSK,TPG,KKR,CG,OWL,ARES,HLNE
Private Mortgage Insurance|2026-08-28|Mainstream|NMIH,ESNT,MTG
Programmatic Digital Advertising Platforms|2026-08-28|Fading|QNST,MGNI
Property & Casualty Insurance Underwriters|2026-08-28|Mainstream|HCI,EG,ALL,AFG,THG,TRV,RLI,SKWD,SLDE
Pure-Play Agricultural Tractor & Farm Machinery Manufacturers|2026-08-28|Nascent|AGCO,CNH,DE
Quantum Computing Pure-Plays (Federal Funding Cycle)|2026-08-28|Fading|QUBT,INFQ
Quick-Service & Fast-Casual Restaurant Chains|2026-08-28|Nascent|CMG,YUM,FWRG,SBUX,QSR
Rare Earth & Critical Minerals Mining|2026-08-28|Fading|MP,ALM
Rare & Orphan Disease Specialty Therapeutics|2026-08-28|Nascent|MIRM,ETON,CAPR
Residential Rental REITs (Apartment & Single-Family)|2026-08-28|Fading|AMH,INVH,IRT,MAA
Restaurant Chain Recovery|2026-08-28|Fading|SHAK,CBRL,CAKE,TXRH,BLMN,EAT,WEN,DRI,JACK
Robotic Process Automation & Low-Code Workflow Execution|2026-08-28|Mainstream|APPN,PATH
Semiconductor Packaging, Test & Specialty Materials Equipment|2026-08-28|Nascent|KEYS,KLIC,ROG
Semiconductor Test & Inspection Equipment|2026-08-28|Fading|ONTO,COHU
Silver-Focused Primary Miners|2026-08-28|Mainstream|CDE,SVM,AG,EXK,HL
Software Development & DevOps Collaboration Platforms|2026-08-28|Mainstream|GTLB,FROG,TEAM
Trucking & Freight Logistics|2026-08-28|Fading|FWRD,JBHT,SNDR,KNX
Uniform & Facility Services Rental Providers|2026-08-28|Nascent|CTAS,UNF
Uranium Mining & Nuclear Fuel Cycle Producers|2026-08-28|Fading|UEC,UUUU,NXE,CCJ
U.S. Apparel & Fashion Recovery|2026-08-28|Accelerating|URBN,WWW,SHOO,ANF
U.S. Regional & Mid-Cap Commercial Banks|2026-08-28|Nascent|WSBC,SSB,FBP,RF,ZION,FITB,HWC,SBCF,PNC,MTB,CFG,BOKF,EWBC,CBC,PNFP,USB,UMBF,WSFS,HOPE
Video & Streaming Content Distribution Rebound|2026-08-28|Accelerating|ROKU,FUBO,RUM
Wealth Management & Retail Brokerage Platforms|2026-08-28|Mainstream|HOOD,LPLA,AMP,APAM,IBKR,BGC,WT,IVZ,STT,RJF,VCTR,BEN,NTRS,FUTU,SCHW,SEIC,VIRT,BNY,SF
Wood-Based Building Materials Distribution|2026-08-28|Fading|BCC,UFPI
African Gold & Silver Mining Operators|2026-08-31|Retired|
Agricultural & Heavy Construction Equipment Manufacturers|2026-08-31|Retired|
AI Chip & Interconnect Supply Chain Enablement|2026-08-31|Fading|ACMR,MU,MRVL,AMD,NVDA,AMBA,SMTC,SKHY,ASML,LRCX
AI Data Center Component & Connectivity Semiconductor Suppliers|2026-08-31|Fading|ALAB,FLEX,LITE
AI-Driven Diagnostics & Imaging Re-Rating|2026-08-31|Mainstream|RDNT,CAI,ADPT,HTFL,TEM,CDNA
AI-Powered Enterprise Analytics & Intelligent Workflow SaaS|2026-08-31|Mainstream|MNDY,HUBS,INTA,PATH,NOW,AMPL,PLTR,APPN,ASAN,DOCU,PEGA,CRM,AVPT,KVYO,FRSH,AI,BRZE,SAP,TTAN
Altcoin & Diversified Digital-Asset Infrastructure Second Wave|2026-08-31|Nascent|PURR,IOND,FIGR
B2B Digital Financial Infrastructure & Payment Rails Modernization|2026-08-31|Mainstream|DLO,JKHY,NCNO,BR,SSNC,ACIW,RELY,PAY,QTWO,WSE,ALKT
Bitcoin Miners Pivoting to AI/HPC Data Center Hosting|2026-08-31|Fading|CLSK,HUT,MARA,WULF
Building Products & Construction Materials Manufacturing|2026-08-31|Nascent|BCC,BLDR,EXP,UFPI
Building Products & Home Improvement Suppliers|2026-08-31|Retired|
Business Development Companies & Private Credit Lenders|2026-08-31|Nascent|OBDC,ARCC,TRIN,OTF,FSK,CSWC
Buy Now Pay Later & Point-of-Sale Consumer Credit|2026-08-31|Nascent|SEZL,AFRM,PGY
Canadian Big Banks|2026-08-31|Accelerating|TD,RY,CM,BMO,BNS
Cinema Exhibition & Premium Large-Format Recovery|2026-08-31|Fading|IMAX,CNK
Cloud Application Software Rotation (Oversold Turning Up)|2026-08-31|Mainstream|ZM,PCOR,DUOL,APPF
Cloud Contact Center & CCaaS Communication Platforms|2026-08-31|Mainstream|TWLO,FIVN,RNG,BAND,NICE
Cloud Data Storage & Analytics Infrastructure|2026-08-31|Mainstream|MDB,BLZE,ESTC,SNOW
Cloud Observability & AIOps Monitoring Platforms|2026-08-31|Fading|DDOG,DT
Cloud Supply Chain & Warehouse Management Software|2026-08-31|Mainstream|MANH,SPSC
Coal Mining Relative Strength Breakout|2026-08-31|Nascent|CNR,BTU
Commercial, Office & Home Furniture Retailers and Manufacturers|2026-08-31|Mainstream|ARHS,HNI,WSM,W,MLKN
Consumer Fintech & Digital Credit Platforms|2026-08-31|Mainstream|DAVE,CHYM,AFRM,PGY,PYPL,KSPI,BFH,OMF,NU,SOFI,XYZ
Containerboard & Corrugated Packaging Producers|2026-08-31|Fading|IP,PKG,GPK,SW
Copper Mining & Production|2026-08-31|Mainstream|ERO,HBM,FCX,SCCO,BHP,TECK,RIO
Corporate Digital Asset Treasury Vehicles|2026-08-31|Mainstream|BMNR,ASST,SBET
Corporate Spend, Expense Management & Financial Operations Software|2026-08-31|Mainstream|BL,VERX,BILL,CPAY,NAVN,WEX
Crypto Exchange & Stablecoin Platform Velocity Breakout|2026-08-31|Mainstream|CRCL,COIN,FIGR
Customer Engagement & Behavioral Analytics Martech Platforms|2026-08-31|Nascent|AMPL,BRZE
Cyber Exposure Management & Vulnerability Assessment|2026-08-31|Mainstream|QLYS,RPD,TENB
Defense Electronics & Aerospace Subsystem Suppliers|2026-08-31|Mainstream|LOAR,EMBJ,ATRO,RTX,HONA,ATI,ARXS
Defense Intelligence & Cybersecurity IT Contractors|2026-08-31|Mainstream|CACI,EFOR,LDOS
Defensive Consumer Staples Rotation|2026-08-31|Mainstream|CPB,MKC,GIS,KHC,TBBB,UTZ,DLTR,UL,GO,DEO,PPC,MDLZ,CLX,PM,PEP,EPC,KR
Development-Stage Gold Exploration & Project Juniors|2026-08-31|Mainstream|NG,AUGO
Diabetes Management Devices (CGM, Insulin Pumps & Delivery)|2026-08-31|Mainstream|DXCM,TNDM,BBNX
Digital Insurance Distribution & InsurTech Platforms|2026-08-31|Mainstream|PRCH,LIFE,GSHD,NP
Electrical Grid & Power Infrastructure Construction (EPC)|2026-08-31|Fading|EME,PWR
Electronic Components & Power Conversion Manufacturers|2026-08-31|Fading|BELFB,KN
Emerging Bitcoin Miners Diversifying into AI/HPC Hosting|2026-08-31|Nascent|APLD,CIFR,CORZ,RIOT
Emerging Defense & Aerospace Hardware Suppliers|2026-08-31|Fading|BETA,VOYG
Emerging Memory & Storage Semiconductor Makers|2026-08-31|Fading|MRAM,SIMO,SNDK
Energy Infrastructure & Utility Operators|2026-08-31|Fading|LNT,DTE,AEP,WEC,ETR,FE,FTS,OGE,EVRG,CNP,PNW,PEG,UGI
Enterprise HR & Workforce Management SaaS|2026-08-31|Mainstream|PAYC,WDAY,PCTY,PAYX,ADP,ALIT
Enterprise Server, Storage & Data Infrastructure Hardware|2026-08-31|Fading|NTAP,NTNX,CSCO,DELL,STX,SMCI,HPE,ANET
Enterprise Unstructured Data Storage Infrastructure|2026-08-31|Mainstream|QMCO,BOX,DBX
European Bank Stocks|2026-08-31|Mainstream|BBVA,NWG,DB,BCS,UBS,ING,LYG,SAN
Fertilizer & Crop Nutrient Producers|2026-08-31|Mainstream|CF,NTR,MOS,SQM
For-Profit Postsecondary & Vocational Education|2026-08-31|Accelerating|PRDO,CVSA,LOPE,STRA,LAUR
Frozen Foods Producers|2026-08-31|Nascent|SJM,NOMD,CAG,LW
Gateway & Coastal Office REIT Stress Reversal|2026-08-31|Fading|VNO,BXP,DEI
Genetic Medicine: Gene Editing & Gene Therapy Innovators|2026-08-31|Nascent|BEAM,NTLA,CRSP,SRPT
Genomics & DNA Sequencing Tools|2026-08-31|Mainstream|NTRA,WGS,GRAL,BRKR,GH,ILMN,QGEN,TXG,TWST
Global Steel & Metal Producers Recovery|2026-08-31|Accelerating|TX,MT
Gold & Precious Metals Miners Rotation|2026-08-31|Mainstream|RGLD,SBSW,KGC,MUX,HMY,CGAU,AU,IAG,EGO,AEM,SSRM,AAUC,AUGO,B,FNV,EQX,GFI,NEM,ARIS
Government AI & Public-Sector Digitization Breakout|2026-08-31|Mainstream|CACI,PLTR,TYL,GRRR
Grocery-Anchored & Open-Air Shopping Center REITs|2026-08-31|Fading|BRX,FRT,PECO,REG
HBM & AI-Driven Memory Chip Makers|2026-08-31|Nascent|SKHY,MU,SNDK
Home Improvement Retail & Building Products Suppliers|2026-08-31|Nascent|HD,LOW,IBP,LPX
Hospital & Behavioral Health Facility Procedure Volume Recovery|2026-08-31|Mainstream|UHS,EHC,THC,MD
Independent Oil Refining & Fuel Distribution|2026-08-31|Nascent|EOG,EC,VIST,PBA,CRGY,SM,SHEL,CRK,ET,CHRD,MTDR,EQNR,YPF,AR,COP,TRGP,DEC,FANG,TALO,CNQ,PR,PBR,VET,SU,NOG,OXY,WDS,DTM,SLB,RRC,XOM,KMI,VG,PAGP,CVX,EXE,LNG,NEXT,APA,INVX,HAL,WMB,BP,WES,EQT,DVN,CVE,OVV
Independent Oil Refining & Marketing|2026-08-31|Nascent|DINO,DK,MPC,PARR,PBF,PSX,VLO,CVI
Industrial Automation & Power Transmission Components|2026-08-31|Retired|
Industrial Construction Execution & On-Site Supply Chain|2026-08-31|Mainstream|TTEK,TPC,DNOW,KBR,J,FLR
Industrial Equipment & Flow Control – Capex Cycle Recovery|2026-08-31|Fading|IEX,DCI,FLS,VLTO,EMR,LECO
Industrial Lifting, Material Handling & Equipment Rental|2026-08-31|Fading|CMCO,HRI
Infectious Disease Vaccines, Antivirals & Diagnostics Rebound|2026-08-31|Retired|
Inflammatory Disease & Immunology Biologics|2026-08-31|Fading|CLDX,VERA,AVTX,ZBIO,PHVS,CLYM,ORKA,AUPH,DNTH,APGE,IMVT,TGTX,NRIX
Insurance Brokerage & Distribution Services|2026-08-31|Mainstream|BWIN,BRO,WTW,AJG,RYAN
IT Consulting & Business Process Outsourcing Services|2026-08-31|Mainstream|GLOB,CTSH,EPAM,IT,EXLS,ACN,CNXC,DXC
Large-Cap Reinsurance & Specialty P&C Carriers|2026-08-31|Nascent|CB,TRV,EG,RNR,MKL
Latin American Silver & Gold Mining Operators|2026-08-31|Mainstream|FSM,PAAS,AG,BVN,AGI
Life Insurance & Annuity Providers|2026-08-31|Nascent|JXN,VOYA,PRU,CRBG,EQH,MET,CNO,UNM,LNC
Life Sciences & Healthcare Data/CRM Platforms|2026-08-31|Mainstream|TEM,VEEV,DOCS
Life Science Tools & Analytical Instruments|2026-08-31|Mainstream|WAT,FTRE,RVTY,A,TMO,CRL,MTD,TECH,AZTA,AVTR,RGEN,DHR,IQV
Liquid Biopsy & Multi-Cancer Early Detection Diagnostics|2026-08-31|Retired|
Lodging & Hotel REITs|2026-08-31|Nascent|PK,PEB,SHO,DRH,RHP
Major US Passenger Airlines|2026-08-31|Fading|AAL,ALK
Marketing & Digital Presence SaaS Platforms|2026-08-31|Mainstream|WIX,KVYO,GDDY,ZETA,SPT
Medical Device Mean-Reversion & Rotation Recovery|2026-08-31|Mainstream|ZBH,HAE,MMSI,CNMD,SOLV,COO,BAX,GKOS,EW,MDT,AXGN,AORT,NVCR,RMD,ABT,BDX,GEHC,TMDX,INSP,TFX,LIVN
Metallurgical & Thermal Coal Mining Rebound|2026-08-31|Mainstream|AMR,SXC,METC,HCC
mRNA & Next-Gen Vaccine Platform Resurgence|2026-08-31|Accelerating|MRNA,VIR,NVAX,QDEL,BNTX,MRK
mRNA Vaccine & Personalized Cancer Immunotherapy Platforms|2026-08-31|Retired|
Multifamily Apartment REIT Rotation|2026-08-31|Fading|IRT,ESS,UDR
Network Security & Zero-Trust Edge|2026-08-31|Mainstream|PANW,NTSK,FFIV,S,VRNS,SAIL,FTNT,OKTA,CVLT,GEN,CRWD,RBRK,ZS,NET,GRRR,CHKP
Non-Alcoholic Beverages & Energy Drinks|2026-08-31|Nascent|KDP,CELH,CCEP,MNST,KO
Office REIT Recovery & Re-Rating|2026-08-31|Mainstream|SLG,CDP,HIW,BXP
Offshore Energy Equipment & Services|2026-08-31|Mainstream|TDW,FTI,OII,NOV,NE,SDRL,VAL,HLX,XPRO
Oilfield Services, Completions & Drilling Equipment|2026-08-31|Retired|
Oil & Gas Value Chain (Upstream, Midstream & Downstream)|2026-08-31|Retired|
Pawn Lending & Retail Pawn Shop Operators|2026-08-31|Fading|EZPW,FCFS
Peptide & Hormone Therapies for Metabolic & Endocrine Disorders|2026-08-31|Mainstream|XERS,CRNX,CORT,MBX,PTGX
Power Generation Buildout for AI Data Center Electricity Demand|2026-08-31|Nascent|WLDN,EROC
Precious Metals Miners Velocity Breakout|2026-08-31|Mainstream|AYA,ASM,SKE,WPM,SA,FSM,PPTA
Precious Metals Royalty & Streaming Companies|2026-08-31|Mainstream|RGLD,FNV,WPM,OR
Private Equity & Alternative Asset Management Platforms|2026-08-31|Mainstream|TPG,OWL,KKR,APO,HTGC,ARES,FSK,BAM,MAIN,BX,HLNE,CG,STEP
Private Mortgage Insurance|2026-08-31|Mainstream|MTG,NMIH,ESNT
Programmatic Digital Advertising Platforms|2026-08-31|Fading|QNST,MGNI
Property & Casualty Insurance Underwriters|2026-08-31|Mainstream|THG,TRV,RLI,SLDE,EG,HCI,AFG,SKWD,ALL
Pure-Play Agricultural Tractor & Farm Machinery Manufacturers|2026-08-31|Nascent|DE,BG,AGCO,CTVA,CNH,OSK
Pure-Play Homebuilders|2026-08-31|Nascent|DHI,KBH,LEN,MHO,MTH,NVR,PHM,TOL
Quantum Computing Hardware Pure-Plays|2026-08-31|Nascent|IONQ,RGTI,QUBT,INFQ
Quantum Computing Pure-Plays (Federal Funding Cycle)|2026-08-31|Fading|QUBT,INFQ
Quick-Service & Fast-Casual Restaurant Chains|2026-08-31|Mainstream|YUM,CMG,SBUX,QSR
Rare Earth & Critical Minerals Mining|2026-08-31|Retired|
Rare & Orphan Disease Specialty Therapeutics|2026-08-31|Retired|
Residential Rental REITs (Apartment & Single-Family)|2026-08-31|Fading|AMH,INVH,IRT
Restaurant Chain Recovery|2026-08-31|Fading|TXRH,DRI,JACK,WEN,BLMN,CAKE,CBRL,SHAK,EAT
Robotic Process Automation & Low-Code Workflow Execution|2026-08-31|Mainstream|APPN,PATH
RV & Recreational Vehicle Manufacturing Supply Chain|2026-08-31|Nascent|THO,LCII,PATK
Semiconductor Packaging, Test & Specialty Materials Equipment|2026-08-31|Fading|KEYS,ROG
Semiconductor Test & Inspection Equipment|2026-08-31|Retired|
Silver-Focused Primary Miners|2026-08-31|Mainstream|HL,SVM,EXK,AG,CDE
Software Development & DevOps Collaboration Platforms|2026-08-31|Mainstream|FROG,TEAM,GTLB
Trucking & Freight Logistics|2026-08-31|Retired|
Uniform & Facility Services Rental Providers|2026-08-31|Fading|CTAS,UNF
Uranium Mining & Nuclear Fuel Cycle Producers|2026-08-31|Fading|UEC,UUUU,NXE,CCJ
U.S. Apparel & Fashion Recovery|2026-08-31|Accelerating|SHOO,ANF,URBN,WWW
U.S. Regional & Mid-Cap Commercial Banks|2026-08-31|Mainstream|PNFP,FBP,USB,BOKF,RF,ZION,WSBC,WSFS,SSB,EWBC,UMBF,SBCF,HOPE,CFG,CBC,PNC,MTB,HWC,FITB
Video & Streaming Content Distribution Rebound|2026-08-31|Accelerating|FUBO,RUM,ROKU
Wealth Management & Retail Brokerage Platforms|2026-08-31|Mainstream|FUTU,VCTR,SCHW,BEN,APAM,SEIC,NTRS,HOOD,BGC,IBKR,LPLA,STT,AMP,RJF,WT,VIRT,IVZ,SF,BNY
Wood-Based Building Materials Distribution|2026-08-31|Fading|BCC,UFPI
Agricultural Commodity Farming & Food Processing|2026-09-01|Nascent|BG,AGRO,DOLE,JBS
AI Chip & Interconnect Supply Chain Enablement|2026-09-01|Retired|
AI Chip & Memory Supply Chain Beneficiaries|2026-09-01|Nascent|SNDK,SKHY,MU,NVDA,MRVL,ASML,SMTC,LRCX,AMD
AI Data Center Component & Connectivity Semiconductor Suppliers|2026-09-01|Fading|ALAB,LITE
AI Data Center High-Speed Interconnect & Signal Integrity Chipmakers|2026-09-01|Nascent|COHR,GLW,LITE,RMBS
AI-Driven Diagnostics & Imaging Re-Rating|2026-09-01|Mainstream|ADPT,TEM,CDNA,CAI,RDNT,HTFL
AI-Powered Enterprise Analytics & Intelligent Workflow SaaS|2026-09-01|Mainstream|AMPL,FRSH,PEGA,DOCU,PATH,INTA,KVYO,AVPT,HUBS,MNDY,APPN,TTAN,BRZE,ASAN,CRM,NOW,SAP,PLTR,AI,MSFT
Altcoin & Diversified Digital-Asset Infrastructure Second Wave|2026-09-01|Mainstream|PURR,FIGR,IOND
B2B Digital Financial Infrastructure & Payment Rails Modernization|2026-09-01|Mainstream|JKHY,QTWO,WSE,ACIW,SSNC,PAY,ALKT,NCNO,DLO,RELY,BR
Bitcoin Miners Pivoting to AI/HPC Data Center Hosting|2026-09-01|Fading|CLSK,HUT,MARA,WULF
Building Products & Construction Materials Manufacturing|2026-09-01|Fading|BCC,EXP
Business Development Companies & Private Credit Lenders|2026-09-01|Nascent|TRIN,FSK,OBDC,OTF,CSWC,ARCC
Buy Now Pay Later & Point-of-Sale Consumer Credit|2026-09-01|Retired|
Canadian Big Banks|2026-09-01|Mainstream|RY,CM,TD,BNS,BMO
Cinema Exhibition & Premium Large-Format Recovery|2026-09-01|Retired|
Cloud Application Software Rotation (Oversold Turning Up)|2026-09-01|Mainstream|APPF,DUOL,ZM,PCOR
Cloud Contact Center & CCaaS Communication Platforms|2026-09-01|Mainstream|BAND,FIVN,NICE,TWLO,RNG
Cloud Data Storage & Analytics Infrastructure|2026-09-01|Mainstream|ESTC,MDB,SNOW,BLZE
Cloud Observability & AIOps Monitoring Platforms|2026-09-01|Fading|DDOG,DT
Cloud Supply Chain & Warehouse Management Software|2026-09-01|Mainstream|MANH,SPSC
Coal Mining Relative Strength Breakout|2026-09-01|Nascent|BTU,CNR
Commercial, Office & Home Furniture Retailers and Manufacturers|2026-09-01|Fading|ARHS,HNI,WSM,W,MLKN
Consumer Fintech & Digital Credit Platforms|2026-09-01|Mainstream|CHYM,OMF,PGY,DAVE,XYZ,PYPL,NU,SEZL,SOFI,AFRM,BFH,KSPI
Containerboard & Corrugated Packaging Producers|2026-09-01|Fading|IP,PKG,GPK,SW
Copper Mining & Production|2026-09-01|Mainstream|HBM,FCX,SCCO,BHP,TECK,RIO,ERO
Corporate Digital Asset Treasury Vehicles|2026-09-01|Mainstream|SBET,ASST,BMNR
Corporate Spend, Expense Management & Financial Operations Software|2026-09-01|Mainstream|CPAY,VERX,NAVN,WEX,BILL,BL
Crypto Exchange & Stablecoin Platform Velocity Breakout|2026-09-01|Mainstream|COIN,CRCL,FIGR
Customer Engagement & Behavioral Analytics Martech Platforms|2026-09-01|Nascent|BRZE,AMPL
Cyber Exposure Management & Vulnerability Assessment|2026-09-01|Mainstream|TENB,QLYS,RPD
Defense Electronics & Aerospace Subsystem Suppliers|2026-09-01|Mainstream|ATI,ARXS,RTX,LOAR,EMBJ,ATRO,HONA
Defense Intelligence & Cybersecurity IT Contractors|2026-09-01|Mainstream|LDOS,CACI,EFOR
Defensive Consumer Staples Rotation|2026-09-01|Mainstream|MKC,EPC,DLTR,PPC,UTZ,DEO,CPB,UL,KR,PEP,MDLZ,KHC,TBBB,PM,GO,GIS,DG
Development-Stage Gold Exploration & Project Juniors|2026-09-01|Fading|NG,AUGO
Diabetes Management Devices (CGM, Insulin Pumps & Delivery)|2026-09-01|Mainstream|BBNX,TNDM,DXCM
Digital Insurance Distribution & InsurTech Platforms|2026-09-01|Mainstream|NP,GSHD,LIFE,PRCH
Electrical Grid & Power Infrastructure Construction (EPC)|2026-09-01|Fading|EME,PWR
Electronic Components & Power Conversion Manufacturers|2026-09-01|Fading|BELFB,KN
Emerging Bitcoin Miners Diversifying into AI/HPC Hosting|2026-09-01|Fading|CIFR,CORZ
Emerging Defense & Aerospace Hardware Suppliers|2026-09-01|Fading|BETA,VOYG
Emerging Memory & Storage Semiconductor Makers|2026-09-01|Fading|MRAM,SIMO,SNDK
Energy Infrastructure & Utility Operators|2026-09-01|Fading|LNT,DTE,AEP,WEC,ETR,FE,FTS,OGE,EVRG,CNP,PNW,PEG,UGI
Enterprise HR & Workforce Management SaaS|2026-09-01|Mainstream|PCTY,ADP,WDAY,PAYC,ALIT,PAYX
Enterprise Server, Storage & Data Infrastructure Hardware|2026-09-01|Fading|NTAP,NTNX,SMCI,HPE,STX,ANET,CSCO,DELL
Enterprise Unstructured Data Storage Infrastructure|2026-09-01|Mainstream|QMCO,BOX,DBX
European Bank Stocks|2026-09-01|Fading|NWG,SAN,UBS,LYG,ING,BBVA,BCS,DB,HSBC
Fertilizer & Crop Nutrient Producers|2026-09-01|Mainstream|SQM,NTR,CF,MOS
For-Profit Postsecondary & Vocational Education|2026-09-01|Mainstream|STRA,LAUR,CVSA,LOPE,PRDO
Frozen Foods Producers|2026-09-01|Nascent|LW,NOMD,SJM,CAG
Gateway & Coastal Office REIT Stress Reversal|2026-09-01|Fading|VNO,BXP,DEI
Genetic Medicine: Gene Editing & Gene Therapy Innovators|2026-09-01|Nascent|SRPT,CRSP,BEAM,NTLA
Genomics & DNA Sequencing Tools|2026-09-01|Mainstream|ILMN,GRAL,TXG,GH,TWST,NTRA,BRKR,WGS,QGEN
Global Steel & Metal Producers Recovery|2026-09-01|Accelerating|TX,MT
Gold & Precious Metals Miners Rotation|2026-09-01|Mainstream|IAG,HMY,AU,AEM,CGAU,KGC,RGLD,FNV,MUX,EQX,AAUC,SBSW,NEM,EGO,ARIS,B,AUGO,SSRM,GFI
Government AI & Public-Sector Digitization Breakout|2026-09-01|Mainstream|PLTR,CACI,GRRR,TYL
Grocery-Anchored & Open-Air Shopping Center REITs|2026-09-01|Fading|BRX,FRT,PECO,REG
HBM & AI-Driven Memory Chip Makers|2026-09-01|Retired|
Home Improvement Retail & Building Products Suppliers|2026-09-01|Fading|HD,IBP
Hospital & Behavioral Health Facility Procedure Volume Recovery|2026-09-01|Mainstream|EHC,MD,THC,UHS
Independent Oil Refining & Fuel Distribution|2026-09-01|Retired|
Independent Oil Refining & Marketing|2026-09-01|Nascent|CRK,CRGY,OXY,DVN,EOG,COP,TNK,TALO,EC,APA,MTDR,SHEL,FRO,CVX,PBR,SM,CHRD,VET,XOM,BP,DEC,YPF,CVE,WDS,SU,VIST,NAT,INSW,PR,AR,EXE,FANG,CNQ,OVV
Independent Petroleum Refiners & Marketers|2026-09-01|Nascent|CVI,DINO,DK,MPC,PARR,PBF,PSX,VLO
Industrial Construction Execution & On-Site Supply Chain|2026-09-01|Mainstream|J,DNOW,TPC,KBR,FLR,TTEK
Industrial Equipment & Flow Control – Capex Cycle Recovery|2026-09-01|Fading|IEX,DCI,FLS,VLTO,EMR,LECO
Industrial Lifting, Material Handling & Equipment Rental|2026-09-01|Retired|
Inflammatory Disease & Immunology Biologics|2026-09-01|Fading|NRIX,IMVT,APGE,AVTX,CLDX,ORKA,PHVS,AUPH,CLYM,VERA,TGTX,ZBIO,DNTH
Insurance Brokerage & Distribution Services|2026-09-01|Mainstream|BRO,BWIN,RYAN,AJG,WTW
IT Consulting & Business Process Outsourcing Services|2026-09-01|Mainstream|EXLS,CNXC,GLOB,IT,EPAM,ACN,CTSH,DXC
Large-Cap Reinsurance & Specialty P&C Carriers|2026-09-01|Nascent|RNR,TRV,EG,MKL,CB,SPNT
Latin American Silver & Gold Mining Operators|2026-09-01|Mainstream|AGI,PAAS,AG,BVN,FSM
Life Insurance & Annuity Providers|2026-09-01|Nascent|CNO,PRU,VOYA,LNC,JXN,CRBG,UNM,EQH,MET
Life Sciences & Healthcare Data/CRM Platforms|2026-09-01|Mainstream|DOCS,VEEV,TEM
Life Science Tools & Analytical Instruments|2026-09-01|Mainstream|AZTA,DHR,A,TMO,RGEN,TECH,IQV,RVTY,FTRE,WAT,MTD,CRL,AVTR
Lodging & Hotel REITs|2026-09-01|Nascent|PEB,SHO,DRH,PK,RHP,RLJ
Major US Network Airlines Rebound|2026-09-01|Nascent|AAL,DAL,LUV,UAL
Major US Passenger Airlines|2026-09-01|Fading|AAL,ALK
Management & Business Advisory Consulting Firms|2026-09-01|Nascent|CBZ,GIB,HURN
Marketing & Digital Presence SaaS Platforms|2026-09-01|Mainstream|GDDY,KVYO,SPT,ZETA,WIX
Media Streaming & Entertainment Content Turnaround|2026-09-01|Nascent|SPOT,PSKY
Medical Device Mean-Reversion & Rotation Recovery|2026-09-01|Mainstream|GKOS,LIVN,TMDX,COO,BDX,INSP,RMD,TFX,MDT,EW,NVCR,AORT,BAX,HAE,ABT,GEHC,SOLV,AXGN
Metallurgical & Thermal Coal Mining Rebound|2026-09-01|Mainstream|AMR,SXC,HCC,METC
mRNA & Next-Gen Vaccine Platform Resurgence|2026-09-01|Accelerating|BNTX,NVAX,MRNA,MRK,QDEL,VIR
Multifamily Apartment REIT Rotation|2026-09-01|Fading|IRT,ESS,UDR
Network Security & Zero-Trust Edge|2026-09-01|Mainstream|RBRK,NTSK,FTNT,SAIL,VRNS,CVLT,GEN,FFIV,S,OKTA,GRRR,ZS,PANW,CHKP,NET,CRWD
Non-Alcoholic Beverages & Energy Drinks|2026-09-01|Nascent|CCEP,MNST,KDP,KO,CELH
Office REIT Recovery & Re-Rating|2026-09-01|Mainstream|CDP,SLG,HIW,BXP
Offshore Energy Equipment & Services|2026-09-01|Mainstream|NE,FTI,HLX,VAL,TDW,XPRO,SDRL,NOV,OII
Optical Networking & Photonics Components for AI Data Centers|2026-09-01|Nascent|COHR,GLW,LITE
Orthopedic Surgical Devices & Instruments|2026-09-01|Nascent|CNMD,ZBH,MMSI
Pawn Lending & Retail Pawn Shop Operators|2026-09-01|Retired|
Peptide & Hormone Therapies for Metabolic & Endocrine Disorders|2026-09-01|Mainstream|PTGX,MBX,XERS,CRNX,CORT
Power Generation Buildout for AI Data Center Electricity Demand|2026-09-01|Fading|WLDN,EROC
Precious Metals Miners Velocity Breakout|2026-09-01|Mainstream|AYA,PPTA,SA,ASM,SKE,WPM,FSM
Precious Metals Royalty & Streaming Companies|2026-09-01|Mainstream|FNV,OR,WPM,RGLD
Private Equity & Alternative Asset Management Platforms|2026-09-01|Mainstream|TPG,BX,APO,ARES,STEP,FSK,CG,MAIN,BAM,HTGC,HLNE,KKR,OWL
Private Mortgage Insurance|2026-09-01|Mainstream|NMIH,MTG,ESNT,GNW
Programmatic Digital Advertising Platforms|2026-09-01|Fading|QNST,MGNI
Property & Casualty Insurance Underwriters|2026-09-01|Mainstream|THG,ALL,SKWD,SLDE,HCI,TRV,EG,AFG,RLI
Pure-Play Agricultural Tractor & Farm Machinery Manufacturers|2026-09-01|Nascent|CNH,OSK,AGCO,DE
Pure-Play Homebuilders|2026-09-01|Fading|MHO,NVR
Quantum Computing Hardware Pure-Plays|2026-09-01|Fading|QUBT,INFQ
Quantum Computing Pure-Plays (Federal Funding Cycle)|2026-09-01|Retired|
Quick-Service & Fast-Casual Restaurant Chains|2026-09-01|Mainstream|YUM,SBUX,QSR,CMG
Residential Rental REITs (Apartment & Single-Family)|2026-09-01|Fading|AMH,INVH,IRT
Restaurant Chain Recovery|2026-09-01|Mainstream|SHAK,WEN,EAT,JACK,DRI,BLMN,CBRL,TXRH,CAKE
Robotic Process Automation & Low-Code Workflow Execution|2026-09-01|Mainstream|APPN,PATH
RV & Recreational Vehicle Manufacturing Supply Chain|2026-09-01|Fading|THO,LCII
Semiconductor Packaging, Test & Specialty Materials Equipment|2026-09-01|Fading|KEYS,ROG
Silver-Focused Primary Miners|2026-09-01|Mainstream|EXK,SVM,CDE,AG,HL
Skilled Nursing & Senior Housing Healthcare REITs|2026-09-01|Nascent|CTRE,NHI,OHI,SBRA
Software Development & DevOps Collaboration Platforms|2026-09-01|Mainstream|FROG,GTLB,TEAM
Uniform & Facility Services Rental Providers|2026-09-01|Fading|CTAS,UNF
Uranium Mining & Nuclear Fuel Cycle Producers|2026-09-01|Fading|UEC,NXE,CCJ
U.S. Apparel & Fashion Recovery|2026-09-01|Accelerating|WWW,SHOO,ANF,URBN
US LNG Export Value Chain Buildout|2026-09-01|Nascent|DEC,PBA,LNG,NEXT
U.S. Regional & Mid-Cap Commercial Banks|2026-09-01|Fading|PNFP,FBP,USB,BOKF,RF,ZION,WSBC,WSFS,SSB,EWBC,UMBF,SBCF,HOPE,CFG,CBC,PNC,MTB,HWC,FITB
Video & Streaming Content Distribution Rebound|2026-09-01|Mainstream|RUM,ROKU,FUBO
Wealth Management & Retail Brokerage Platforms|2026-09-01|Mainstream|APAM,NTRS,HOOD,SF,RJF,BGC,IVZ,FUTU,VCTR,STT,AMP,SCHW,WT,BNY,BEN,IBKR,LPLA,SEIC,VIRT,XP
Wood-Based Building Materials Distribution|2026-09-01|Retired|
Agricultural Commodity Farming & Food Processing|2026-09-02|Retired|
AI Chip & Memory Supply Chain Beneficiaries|2026-09-02|Retired|
AI Data Center Component & Connectivity Semiconductor Suppliers|2026-09-02|Retired|
AI Data Center High-Speed Interconnect & Signal Integrity Chipmakers|2026-09-02|Retired|
AI-Driven Diagnostics & Imaging Re-Rating|2026-09-02|Mainstream|CAI,TEM,HTFL,ADPT,RDNT,CDNA
AI-Driven Memory & Storage Supply Shortage|2026-09-02|Nascent|SNDK,SKHY,AMD,MRVL,ASML,NVDA,MU,SMTC,MRAM,SIMO
AI-Powered Enterprise Analytics & Intelligent Workflow SaaS|2026-09-02|Mainstream|PLTR,NOW,PATH,DOCU,INTA,AVPT,MNDY,ASAN,MSFT,TTAN,SAP,TYL,CACI,APPN,PEGA,AI
Altcoin & Diversified Digital-Asset Infrastructure Second Wave|2026-09-02|Mainstream|PURR,IOND,FIGR
B2B Digital Financial Infrastructure & Payment Rails Modernization|2026-09-02|Mainstream|ACIW,NCNO,QTWO,JKHY,RELY,ALKT,PAY,WSE,BR,DLO,SSNC
Bitcoin Miners Pivoting to AI/HPC Data Center Hosting|2026-09-02|Fading|CLSK,HUT,MARA
Building Products & Construction Materials Manufacturing|2026-09-02|Fading|BCC,EXP
Business Development Companies & Private Credit Lenders|2026-09-02|Mainstream|OTF,ARCC,OBDC,CSWC,TRIN,FSK
Buy Now Pay Later & AI Consumer Lending|2026-09-02|Nascent|AFRM,SEZL,PGY
Buy Now Pay Later & Point-of-Sale Consumer Credit|2026-09-02|Nascent|SEZL,AFRM,PGY
Canadian Big Banks|2026-09-02|Mainstream|BNS,RY,BMO,CM,TD
Canadian Oil Sands & Integrated Producers|2026-09-02|Nascent|CNQ,SU,CVE
Cloud Application Software Rotation (Oversold Turning Up)|2026-09-02|Mainstream|DUOL,PCOR,ZM,APPF
Cloud Contact Center & CCaaS Communication Platforms|2026-09-02|Mainstream|RNG,TWLO,BAND,FIVN,NICE
Cloud Data Storage & Analytics Infrastructure|2026-09-02|Mainstream|ESTC,SNOW,MDB,BLZE
Cloud Observability & AIOps Monitoring Platforms|2026-09-02|Fading|DDOG,DT
Cloud Supply Chain & Warehouse Management Software|2026-09-02|Mainstream|SPSC,MANH
Coal Mining Relative Strength Breakout|2026-09-02|Mainstream|BTU,CNR
Commercial, Office & Home Furniture Retailers and Manufacturers|2026-09-02|Fading|ARHS,HNI,WSM,W,MLKN,ETD
Consumer Fintech & Digital Credit Platforms|2026-09-02|Mainstream|AFRM,BFH,OMF,XYZ,SOFI,PYPL,NU,SEZL,CHYM,KSPI,PGY,DAVE
Containerboard & Corrugated Packaging Producers|2026-09-02|Fading|GPK,SW
Copper Mining & Production|2026-09-02|Nascent|TECK,RIO,HBM,FCX,SCCO,BHP,ERO
Corporate Digital Asset Treasury Vehicles|2026-09-02|Mainstream|SBET,BMNR,ASST
Corporate Spend, Expense Management & Financial Operations Software|2026-09-02|Mainstream|BL,VERX,CPAY,NAVN,BILL,WEX
CRISPR & Gene-Editing Therapeutics|2026-09-02|Nascent|NTLA,BEAM,CRSP
Crude Oil & Product Tanker Shipping|2026-09-02|Nascent|DHT,FRO,INSW,NAT,STNG,TNK
Crypto Exchange & Stablecoin Platform Velocity Breakout|2026-09-02|Mainstream|CRCL,COIN,FIGR
Customer Engagement & Behavioral Analytics Martech Platforms|2026-09-02|Nascent|AMPL,BRZE
Customer Engagement & Marketing/CX SaaS Platforms|2026-09-02|Nascent|BRZE,KVYO,HUBS,FRSH,AMPL
Cyber Exposure Management & Vulnerability Assessment|2026-09-02|Fading|TENB,QLYS,RPD
Defense Electronics & Aerospace Subsystem Suppliers|2026-09-02|Fading|ATI,ARXS,RTX,LOAR,EMBJ,ATRO
Defense Intelligence & Cybersecurity IT Contractors|2026-09-02|Fading|LDOS,CACI,EFOR
Defensive Consumer Staples Rotation|2026-09-02|Mainstream|PM,GIS,KR,EPC,MKC,PEP,DEO,UL,DG,UTZ,CPB,TBBB,GO,PPC,KHC,DLTR,MDLZ,TGT
Development-Stage Gold Exploration & Project Juniors|2026-09-02|Retired|
Diabetes Management Devices (CGM, Insulin Pumps & Delivery)|2026-09-02|Mainstream|BBNX,TNDM,DXCM
Digital Banking Core Platform Providers|2026-09-02|Nascent|NCNO,QTWO,ALKT,JKHY
Digital Insurance Distribution & InsurTech Platforms|2026-09-02|Mainstream|NP,GSHD,PRCH,LIFE
Electrical Grid & Power Infrastructure Construction (EPC)|2026-09-02|Fading|EME,PWR
Electronic Components & Power Conversion Manufacturers|2026-09-02|Fading|BELFB,KN
Emerging Bitcoin Miners Diversifying into AI/HPC Hosting|2026-09-02|Fading|CIFR,CORZ
Emerging Defense & Aerospace Hardware Suppliers|2026-09-02|Fading|BETA,VOYG
Emerging Memory & Storage Semiconductor Makers|2026-09-02|Retired|
Energy Infrastructure & Utility Operators|2026-09-02|Fading|DTE,AEP,ETR,FE,FTS,OGE,EVRG,CNP,PNW,PEG,UGI
Enterprise HR & Workforce Management SaaS|2026-09-02|Mainstream|ALIT,PAYC,PCTY,WDAY,PAYX,ADP
Enterprise Server, Storage & Data Infrastructure Hardware|2026-09-02|Fading|DELL,SMCI,HPE,STX,ANET,CSCO,NTNX,NTAP
Enterprise Unstructured Data Storage Infrastructure|2026-09-02|Mainstream|QMCO,BOX,DBX
European Bank Stocks|2026-09-02|Mainstream|BCS,SAN,DB,UBS,BBVA,NWG,ING,LYG,HSBC
Farm Economy Value Chain Re-Rating|2026-09-02|Nascent|AGCO,CNH,BG,CTVA,FMC,MOS,CF,NTR,SQM
Fertilizer & Crop Nutrient Producers|2026-09-02|Accelerating|CF,NTR,SQM,MOS
For-Profit Postsecondary & Vocational Education|2026-09-02|Mainstream|CVSA,LOPE,LAUR,STRA,PRDO
Frozen Foods Producers|2026-09-02|Mainstream|NOMD,SJM,LW,CAG
Gateway & Coastal Office REIT Stress Reversal|2026-09-02|Fading|VNO,BXP,DEI
Genetic Medicine: Gene Editing & Gene Therapy Innovators|2026-09-02|Nascent|SRPT,NTLA,BEAM,CRSP,QURE
Genomics & DNA Sequencing Tools|2026-09-02|Mainstream|TWST,QGEN,NTRA,BRKR,GH,WGS,ILMN,GRAL,TXG
Global Steel & Metal Producers Recovery|2026-09-02|Accelerating|MT,TX,CLF,NUE
Gold & Precious Metals Miners Rotation|2026-09-02|Mainstream|EQX,MUX,IAG,B,SBSW,ARIS,AU,CGAU,AAUC,KGC,HMY,FNV,AEM,NEM,RGLD,AUGO,SSRM,GFI,EGO
Government AI & Public-Sector Digitization Breakout|2026-09-02|Retired|
Grocery-Anchored & Open-Air Shopping Center REITs|2026-09-02|Fading|BRX,FRT,PECO,REG
HBM & AI-Driven Memory Chip Makers|2026-09-02|Nascent|SKHY,MU,SNDK
Home Improvement Retail & Building Products Suppliers|2026-09-02|Fading|HD,IBP
Hospital & Behavioral Health Facility Procedure Volume Recovery|2026-09-02|Fading|MD,UHS,EHC,THC
Independent Oil Refining & Marketing|2026-09-02|Retired|
Independent Petroleum Refiners & Marketers|2026-09-02|Nascent|PBR,XOM,PARR,MTDR,CNQ,PSX,VIST,EXE,CVX,YPF,SHEL,NEXT,DVN,DINO,CRGY,OXY,WDS,CVI,DEC,LNG,BP,EOG,APA,OVV,VLO,PR,SU,PBA,TALO,VET,FANG,SM,CVE,PBF,DK,COP,CHRD,MPC,EC
Industrial Construction Execution & On-Site Supply Chain|2026-09-02|Fading|FLR,DNOW,TPC,TTEK,J,KBR
Industrial Equipment & Flow Control – Capex Cycle Recovery|2026-09-02|Fading|IEX,DCI,FLS,VLTO,EMR,LECO
Inflammatory Disease & Immunology Biologics|2026-09-02|Fading|AVTX,IMVT,PHVS,ORKA,CLYM,AUPH,NRIX,APGE,CLDX,TGTX,VERA,ZBIO,DNTH
Insurance Brokerage & Distribution Services|2026-09-02|Mainstream|WTW,BRO,RYAN,AJG,BWIN
IT Consulting & Business Process Outsourcing Services|2026-09-02|Mainstream|CNXC,GLOB,EXLS,ACN,CTSH,EPAM,IT,DXC
Large-Cap Reinsurance & Specialty P&C Carriers|2026-09-02|Nascent|TRV,EG,SPNT,CB,MKL,RNR
Latin American National Oil & Gas Companies|2026-09-02|Nascent|PBR,YPF,EC
Latin American Silver & Gold Mining Operators|2026-09-02|Mainstream|FSM,AGI,AG,PAAS,BVN
Life Insurance & Annuity Providers|2026-09-02|Nascent|MET,VOYA,JXN,CNO,LNC,PRU,CRBG,UNM,EQH
Life Sciences & Healthcare Data/CRM Platforms|2026-09-02|Mainstream|VEEV,TEM,DOCS
Life Science Tools & Analytical Instruments|2026-09-02|Nascent|FTRE,DHR,TMO,AZTA,CRL,RGEN,A,TECH,RVTY,MTD,AVTR,WAT,IQV
Lodging & Hotel REITs|2026-09-02|Nascent|RLJ,PK,SHO,PEB,RHP,DRH
Major US Network Airlines Rebound|2026-09-02|Fading|LUV,AAL,ALK
Major US Passenger Airlines|2026-09-02|Retired|
Management & Business Advisory Consulting Firms|2026-09-02|Nascent|HURN,CBZ
Marketing & Digital Presence SaaS Platforms|2026-09-02|Nascent|SPT,ZETA,KVYO,WIX,GDDY
Media Streaming & Entertainment Content Turnaround|2026-09-02|Nascent|PSKY,SPOT
Medical Device Mean-Reversion & Rotation Recovery|2026-09-02|Mainstream|SOLV,NVCR,INSP,GKOS,HAE,EW,ABT,BDX,TMDX,AXGN,TFX,GEHC,LIVN,RMD,MDT,BAX,AORT,ATRC
Metallurgical & Thermal Coal Mining Rebound|2026-09-02|Mainstream|METC,SXC,HCC,AMR
Molecular & Genomic Diagnostic Testing|2026-09-02|Nascent|BLLN,VCYT,CDNA
mRNA & Next-Gen Vaccine Platform Resurgence|2026-09-02|Accelerating|NVAX,BNTX,MRK,VIR,MRNA
Multifamily Apartment REIT Rotation|2026-09-02|Fading|IRT,ESS,UDR
Network Security & Zero-Trust Edge|2026-09-02|Mainstream|NTSK,CVLT,PANW,FFIV,ZS,S,FTNT,GEN,VRNS,OKTA,CHKP,RBRK,SAIL,NET,CRWD
Non-Alcoholic Beverages & Energy Drinks|2026-09-02|Nascent|CELH,KDP,KO,MNST,CCEP
Office REIT Recovery & Re-Rating|2026-09-02|Mainstream|CDP,SLG,BXP,HIW
Offshore Energy Equipment & Services|2026-09-02|Mainstream|HLX,OII,NE,VAL,NOV,SDRL,XPRO,FTI,TDW,WHD,SLB
Optical Networking & Photonics Components for AI Data Centers|2026-09-02|Fading|LITE,ALAB,GLW
Orthopedic Surgical Devices & Instruments|2026-09-02|Nascent|ZBH,CNMD,MMSI
Peptide & Hormone Therapies for Metabolic & Endocrine Disorders|2026-09-02|Mainstream|PTGX,XERS,CORT,CRNX,MBX
Permian Basin Pure-Play Shale Producers|2026-09-02|Nascent|MTDR,FANG,PR
Power Generation Buildout for AI Data Center Electricity Demand|2026-09-02|Fading|WLDN,EROC
Precious Metals Miners Velocity Breakout|2026-09-02|Mainstream|AYA,FSM,ASM,SA,SKE,WPM,PPTA
Precious Metals Royalty & Streaming Companies|2026-09-02|Mainstream|OR,FNV,RGLD,WPM
Private Equity & Alternative Asset Management Platforms|2026-09-02|Fading|HTGC,ARES,OWL,FSK,HLNE,TPG,BAM,APO,KKR,MAIN,CG,BX,STEP
Private Mortgage Insurance|2026-09-02|Mainstream|NMIH,MTG,ESNT
Programmatic Digital Advertising Platforms|2026-09-02|Fading|QNST,MGNI
Property & Casualty Insurance Underwriters|2026-09-02|Mainstream|TRV,EG,HCI,SLDE,ALL,AFG,RLI,SKWD,THG
Pure-Play Agricultural Tractor & Farm Machinery Manufacturers|2026-09-02|Nascent|JBS,ADM,DOLE,FMC,CNH,CTVA,AGCO,BG,DE,AGRO
Pure-Play Homebuilders|2026-09-02|Fading|MHO,NVR
Pure-Play NAND/DRAM Memory Chip Makers|2026-09-02|Nascent|SNDK,MU,SKHY,SIMO,MRAM
Quantum Computing Hardware Pure-Plays|2026-09-02|Fading|QUBT,INFQ
Quick-Service & Fast-Casual Restaurant Chains|2026-09-02|Mainstream|SBUX,QSR,CMG,YUM
Renewable & Specialty Fuels Chemical Producers|2026-09-02|Nascent|MEOH,CLMT,SSL
Residential Rental REITs (Apartment & Single-Family)|2026-09-02|Retired|
Restaurant Chain Recovery|2026-09-02|Mainstream|SHAK,CAKE,EAT,DRI,TXRH,CBRL,BLMN,WEN,JACK
Robotic Process Automation & Low-Code Workflow Execution|2026-09-02|Mainstream|PATH,APPN
RV & Recreational Vehicle Manufacturing Supply Chain|2026-09-02|Fading|THO,LCII
Semiconductor Packaging, Test & Specialty Materials Equipment|2026-09-02|Fading|KEYS,ROG
Silver-Focused Primary Miners|2026-09-02|Mainstream|HL,EXK,AG,CDE,SVM
Skilled Nursing & Senior Housing Healthcare REITs|2026-09-02|Nascent|OHI,CTRE,NHI,SBRA,WELL
Software Development & DevOps Collaboration Platforms|2026-09-02|Mainstream|GTLB,FROG,TEAM
Specialty & Rare Disease Pharmaceutical Innovators|2026-09-02|Nascent|ETON,MLYS,NBIX,ALNY,TARS
Uniform & Facility Services Rental Providers|2026-09-02|Fading|CTAS,UNF
Uranium Mining & Nuclear Fuel Cycle Producers|2026-09-02|Fading|UEC,NXE,CCJ
U.S. Apparel & Fashion Recovery|2026-09-02|Mainstream|ANF,URBN,WWW,SHOO,GAP
U.S. Downstream Refining & Marketing|2026-09-02|Nascent|PSX,VLO,MPC,DK,PBF,CVI,DINO
US LNG Export Value Chain Buildout|2026-09-02|Retired|
U.S. Regional & Mid-Cap Commercial Banks|2026-09-02|Nascent|PNC,WSFS,SBCF,PNFP,FBP,RF,SSB,HOPE,USB,HWC,WSBC,MTB,CFG,UMBF,CBC,EWBC,ZION
Video & Streaming Content Distribution Rebound|2026-09-02|Mainstream|RUM,ROKU,FUBO
Wealth Management & Retail Brokerage Platforms|2026-09-02|Mainstream|SEIC,STT,BEN,FUTU,XP,VIRT,IBKR,SF,WT,IVZ,AMP,BGC,LPLA,HOOD,APAM,RJF,NTRS,VCTR,SCHW,BNY
Agricultural Commodity Farming & Food Processing|2026-09-03|Nascent|BG,AGRO,DOLE,JBS
AI Data Center High-Speed Interconnect & Signal Integrity Chipmakers|2026-09-03|Nascent|COHR,GLW,LITE,RMBS
AI Data Center Power & Electrical Infrastructure Buildout|2026-09-03|Nascent|EME,FIX,GEV,PWR
AI-Driven Diagnostics & Imaging Re-Rating|2026-09-03|Mainstream|HTFL,ADPT,TEM,CDNA,RDNT,CAI,LH,DGX
AI-Driven Memory & Storage Supply Shortage|2026-09-03|Nascent|ASML,SKHY,MU,AMD,MRVL,SMTC,NVDA,SNDK
AI-Powered Enterprise Analytics & Intelligent Workflow SaaS|2026-09-03|Mainstream|CACI,PLTR,TTAN,INTA,PEGA,NOW,APPN,TYL,SAP,PATH,MSFT,DOCU,AI,ASAN,AVPT,MNDY
Altcoin & Diversified Digital-Asset Infrastructure Second Wave|2026-09-03|Mainstream|PURR,FIGR,IOND
Appalachian Natural Gas E&P Producers|2026-09-03|Nascent|AR,EQT,EXE,RRC
B2B Digital Financial Infrastructure & Payment Rails Modernization|2026-09-03|Mainstream|JKHY,PAY,ALKT,ACIW,QTWO,NCNO,RELY,SSNC,WSE,BR,DLO
Bitcoin Miners Pivoting to AI/HPC Data Center Hosting|2026-09-03|Fading|CLSK,HUT,MARA,RIOT
Bitcoin Mining Equities Momentum Basket|2026-09-03|Nascent|CIFR,CLSK,HUT,MARA,RIOT,WULF
Brazil/LatAm Macro Risk-On Rotation|2026-09-03|Nascent|ITUB,PAGS,XP,PAM,SUZ
Building Products & Construction Materials Manufacturing|2026-09-03|Fading|BCC,EXP
Business Development Companies & Private Credit Lenders|2026-09-03|Mainstream|TRIN,ARCC,OTF,OBDC,CSWC,FSK
Buy Now Pay Later & AI Consumer Lending|2026-09-03|Retired|
Buy Now Pay Later & Point-of-Sale Consumer Credit|2026-09-03|Retired|
Canadian Big Banks|2026-09-03|Mainstream|BMO,CM,BNS,TD,RY
Canadian Oil Sands & Integrated Producers|2026-09-03|Retired|
Cloud Application Software Rotation (Oversold Turning Up)|2026-09-03|Mainstream|DUOL,PCOR,ZM,APPF
Cloud Contact Center & CCaaS Communication Platforms|2026-09-03|Mainstream|NICE,RNG,TWLO,FIVN
Cloud Data Storage & Analytics Infrastructure|2026-09-03|Mainstream|ESTC,SNOW,MDB
Cloud Observability & AIOps Monitoring Platforms|2026-09-03|Fading|DDOG,DT
Cloud Supply Chain & Warehouse Management Software|2026-09-03|Mainstream|MANH,SPSC
Coal Mining Relative Strength Breakout|2026-09-03|Mainstream|CNR,BTU
Commercial, Office & Home Furniture Retailers and Manufacturers|2026-09-03|Mainstream|ETD,MLKN,W,ARHS,HNI,WSM
Consumer Fintech & Digital Credit Platforms|2026-09-03|Mainstream|CHYM,BFH,KSPI,NU,AFRM,DAVE,PGY,XYZ,OMF,PYPL,SOFI,SEZL
Containerboard & Corrugated Packaging Producers|2026-09-03|Retired|
Copper Mining & Production|2026-09-03|Nascent|BHP,FCX,HBM,RIO,TECK,ERO,SCCO
Corporate Digital Asset Treasury Vehicles|2026-09-03|Mainstream|ASST,BMNR,SBET
Corporate Spend, Expense Management & Financial Operations Software|2026-09-03|Mainstream|VERX,NAVN,BILL,WEX,BL,CPAY
CRISPR Gene Editing Pure-Plays|2026-09-03|Nascent|NTLA,BEAM,CRSP
CRISPR & Gene-Editing Therapeutics|2026-09-03|Retired|
Crude Oil & Product Tanker Shipping|2026-09-03|Retired|
Crypto Exchange & Stablecoin Platform Velocity Breakout|2026-09-03|Mainstream|CRCL,COIN,FIGR
Customer Engagement & Behavioral Analytics Martech Platforms|2026-09-03|Nascent|BRZE,AMPL
Customer Engagement & Marketing/CX SaaS Platforms|2026-09-03|Nascent|HUBS,FRSH,KVYO,BRZE,AMPL
Cyber Exposure Management & Vulnerability Assessment|2026-09-03|Fading|TENB,QLYS,RPD
Defense Electronics & Aerospace Subsystem Suppliers|2026-09-03|Mainstream|ATI,RTX,ATRO,EMBJ,LOAR,ARXS
Defense Intelligence & Cybersecurity IT Contractors|2026-09-03|Fading|LDOS,CACI,EFOR
Defensive Consumer Staples Rotation|2026-09-03|Mainstream|PPC,MDLZ,UTZ,TGT,GIS,CPB,MKC,DG,DLTR,GO,DEO,KHC,PEP,KR,EPC,UL,TBBB,PM
Diabetes Management Devices (CGM, Insulin Pumps & Delivery)|2026-09-03|Mainstream|TNDM,DXCM,BBNX
Digital Banking Core Platform Providers|2026-09-03|Retired|
Digital Insurance Distribution & InsurTech Platforms|2026-09-03|Mainstream|GSHD,PRCH,LIFE,NP
Electrical Grid & Power Infrastructure Construction (EPC)|2026-09-03|Fading|EME,PWR
Electronic Components & Power Conversion Manufacturers|2026-09-03|Fading|BELFB,KN
Emerging Bitcoin Miners Diversifying into AI/HPC Hosting|2026-09-03|Fading|CIFR,CORZ
Emerging Defense & Aerospace Hardware Suppliers|2026-09-03|Fading|BETA,VOYG
Energy Infrastructure & Utility Operators|2026-09-03|Fading|DTE,AEP,ETR,FE,FTS,OGE,EVRG,CNP,PNW,PEG,UGI
Enterprise HR & Workforce Management SaaS|2026-09-03|Mainstream|PCTY,PAYX,ALIT,ADP,WDAY,PAYC
Enterprise Server, Storage & Data Infrastructure Hardware|2026-09-03|Fading|NTAP,NTNX,CSCO,ANET,DELL,HPE,STX,SMCI
Enterprise Unstructured Data Storage Infrastructure|2026-09-03|Mainstream|DBX,BOX,QMCO
European Bank Stocks|2026-09-03|Mainstream|HSBC,DB,LYG,NWG,BCS,BBVA,ING,SAN,UBS
Farm Economy Value Chain Re-Rating|2026-09-03|Nascent|MOS,SQM,NTR,CNH,CF,AGCO,FMC,CTVA
Fertilizer & Crop Nutrient Producers|2026-09-03|Retired|
For-Profit Postsecondary & Vocational Education|2026-09-03|Mainstream|PRDO,LOPE,STRA,LAUR,CVSA
Frozen Foods Producers|2026-09-03|Mainstream|NOMD,SJM,CAG,LW
Gateway & Coastal Office REIT Stress Reversal|2026-09-03|Fading|VNO,BXP,DEI
Genetic Medicine: Gene Editing & Gene Therapy Innovators|2026-09-03|Mainstream|CRSP,SRPT,BEAM,QURE,NTLA,MGTX
Genomics & DNA Sequencing Tools|2026-09-03|Mainstream|NTRA,GH,ILMN,TWST,QGEN,WGS,BRKR,GRAL,TXG
Global Steel & Metal Producers Recovery|2026-09-03|Mainstream|NUE,CLF,TX,MT
Gold & Precious Metals Miners Rotation|2026-09-03|Mainstream|MUX,GFI,AAUC,HMY,AU,KGC,FNV,SBSW,SSRM,ARIS,EGO,IAG,B,NEM,RGLD,AUGO,AEM,CGAU,EQX
Grocery-Anchored & Open-Air Shopping Center REITs|2026-09-03|Fading|BRX,FRT,PECO,REG
Grocery-Anchored Shopping Center REIT Momentum Reversal|2026-09-03|Nascent|KIM,KRG,BRX,FRT,PECO,REG
HBM & AI-Driven Memory Chip Makers|2026-09-03|Retired|
Homebuilders & Housing Supply Chain Recovery|2026-09-03|Nascent|DHI,KBH,LEN,MHO,MTH,NVR,PHM,TOL,SHW
Home Improvement Retail & Building Products Suppliers|2026-09-03|Fading|HD,IBP
Hospital & Behavioral Health Facility Procedure Volume Recovery|2026-09-03|Mainstream|EHC,MD,UHS,THC
Independent Petroleum Refiners & Marketers|2026-09-03|Retired|
Industrial Construction Execution & On-Site Supply Chain|2026-09-03|Fading|TPC,TTEK,J,FLR,DNOW,KBR
Industrial Equipment & Flow Control – Capex Cycle Recovery|2026-09-03|Fading|IEX,DCI,FLS,VLTO,EMR,LECO
Inflammatory Disease & Immunology Biologics|2026-09-03|Fading|ZBIO,AVTX,DNTH,AUPH,CLDX,PHVS,VERA,NRIX,TGTX,ORKA,IMVT,CLYM,APGE
Insurance Brokerage & Distribution Services|2026-09-03|Mainstream|BWIN,WTW,RYAN,BRO,AJG
IT Consulting & Business Process Outsourcing Services|2026-09-03|Mainstream|GLOB,CTSH,EXLS,IT,CNXC,ACN,DXC,EPAM
Large-Cap Reinsurance & Specialty P&C Carriers|2026-09-03|Mainstream|MKL,RNR,CB,EG,SPNT,TRV
Latin American National Oil & Gas Companies|2026-09-03|Retired|
Latin American Silver & Gold Mining Operators|2026-09-03|Mainstream|BVN,PAAS,AGI,FSM,AG
Life Insurance & Annuity Providers|2026-09-03|Nascent|CNO,UNM,EQH,PRU,JXN,LNC,VOYA,CRBG,MET,PFG,MFC
Life Sciences & Healthcare Data/CRM Platforms|2026-09-03|Mainstream|VEEV,DOCS,TEM
Life Science Tools & Analytical Instruments|2026-09-03|Nascent|TMO,RVTY,WAT,MTD,IQV,TECH,A,FTRE,CRL,AVTR,RGEN,AZTA,DHR
Lodging & Hotel REITs|2026-09-03|Fading|RLJ,DRH,PEB,PK,SHO,RHP
Major U.S. Network Airlines Correlation|2026-09-03|Nascent|AAL,DAL,LUV,UAL
Major US Network Airlines Rebound|2026-09-03|Fading|LUV,ALK
Management & Business Advisory Consulting Firms|2026-09-03|Nascent|CBZ,HURN
Marketing & Digital Presence SaaS Platforms|2026-09-03|Nascent|GDDY,KVYO,WIX,ZETA,SPT
Media Streaming & Entertainment Content Turnaround|2026-09-03|Nascent|SPOT,PSKY
Medical Device Mean-Reversion & Rotation Recovery|2026-09-03|Mainstream|NVCR,BDX,ABT,INSP,TMDX,TFX,MDT,GEHC,LIVN,GKOS,ATRC,AXGN,SOLV,EW,BAX,RMD,HAE
Metallurgical & Thermal Coal Mining Rebound|2026-09-03|Mainstream|AMR,METC,HCC,SXC
Molecular & Genomic Diagnostic Testing|2026-09-03|Nascent|BLLN,VCYT,CDNA
mRNA & Next-Gen Vaccine Platform Resurgence|2026-09-03|Accelerating|VIR,MRNA,NVAX,BNTX,MRK,PFE
Multifamily Apartment REIT Rotation|2026-09-03|Fading|ESS,UDR
Network Security & Zero-Trust Edge|2026-09-03|Mainstream|CRWD,VRNS,S,ZS,CHKP,CVLT,NET,OKTA,SAIL,NTSK,PANW,FFIV,FTNT,RBRK,GEN
Newly Public Digital Trading & Brokerage Platforms|2026-09-03|Nascent|BULL,BLSH
Non-Alcoholic Beverages & Energy Drinks|2026-09-03|Nascent|KO,MNST,CELH,CCEP,KDP
Office REIT Recovery & Re-Rating|2026-09-03|Mainstream|SLG,CDP,BXP,HIW
Offshore Energy Equipment & Services|2026-09-03|Mainstream|OII,TDW,SDRL,HLX,FTI,VAL,XPRO,WHD,NE,NOV,SLB
Oncology Therapeutics RS Turnaround|2026-09-03|Nascent|KURA,SNDX,GILD,SMMT
Optical Networking & Photonics Components for AI Data Centers|2026-09-03|Fading|LITE,ALAB
Orthopedic Surgical Devices & Instruments|2026-09-03|Fading|ZBH,CNMD,MMSI
Peptide & Hormone Therapies for Metabolic & Endocrine Disorders|2026-09-03|Fading|MBX,PTGX,XERS,CORT,CRNX
Permian Basin Pure-Play Shale Producers|2026-09-03|Retired|
Power Generation Buildout for AI Data Center Electricity Demand|2026-09-03|Fading|WLDN,EROC
Precious Metals Miners Velocity Breakout|2026-09-03|Mainstream|PPTA,AYA,SKE,ASM,FSM,WPM,SA
Precious Metals Royalty & Streaming Companies|2026-09-03|Mainstream|OR,RGLD,FNV,WPM
Private Equity & Alternative Asset Management Platforms|2026-09-03|Fading|TPG,KKR,HLNE,OWL,CG,BAM,BX,ARES,HTGC,MAIN,APO,STEP,FSK
Private Mortgage Insurance|2026-09-03|Mainstream|MTG,ESNT,NMIH
Programmatic Digital Advertising Platforms|2026-09-03|Fading|QNST,MGNI
Property & Casualty Insurance Underwriters|2026-09-03|Mainstream|AFG,THG,ALL,HCI,EG,SKWD,SLDE,RLI,TRV
Pure-Play Agricultural Tractor & Farm Machinery Manufacturers|2026-09-03|Nascent|BG,JBS,CNH,DE,CTVA,ADM,DOLE,FMC,AGCO,AGRO
Pure-Play Homebuilders|2026-09-03|Fading|MHO,NVR
Pure-Play NAND/DRAM Memory Chip Makers|2026-09-03|Retired|
Pure-Play Oil Refining & Marketing|2026-09-03|Nascent|CVI,DINO,DK,MPC,PARR,PBF,PSX,VLO
Quantum Computing Hardware Momentum Reversal|2026-09-03|Nascent|IONQ,RGTI,QUBT,INFQ
Quantum Computing Hardware Pure-Plays|2026-09-03|Fading|QUBT,INFQ
Quick-Service & Fast-Casual Restaurant Chains|2026-09-03|Fading|SBUX,QSR,CMG,YUM
Rare Disease & Specialty Biopharmaceutical Innovators|2026-09-03|Nascent|ETON,HALO,SION,ALNY
Renewable & Specialty Fuels Chemical Producers|2026-09-03|Nascent|MEOH,SSL,CLMT
Restaurant Chain Recovery|2026-09-03|Fading|DRI,CBRL,BLMN,CAKE,TXRH,EAT,WEN,SHAK
Robotic Process Automation & Low-Code Workflow Execution|2026-09-03|Mainstream|APPN,PATH
RV & Recreational Vehicle Manufacturing Supply Chain|2026-09-03|Fading|THO,LCII
Semiconductor Packaging, Test & Specialty Materials Equipment|2026-09-03|Fading|KEYS,ROG
Silver-Focused Primary Miners|2026-09-03|Mainstream|CDE,SVM,HL,AG,EXK
Skilled Nursing & Senior Housing Healthcare REITs|2026-09-03|Nascent|OHI,SBRA,NHI,WELL,CTRE
Software Development & DevOps Collaboration Platforms|2026-09-03|Mainstream|FROG,GTLB,TEAM
Specialty & Rare Disease Pharmaceutical Innovators|2026-09-03|Retired|
Uniform & Facility Services Rental Providers|2026-09-03|Fading|CTAS,UNF
Uranium Mining & Nuclear Fuel Cycle Producers|2026-09-03|Mainstream|UEC,CCJ,NXE
U.S. Apparel & Fashion Recovery|2026-09-03|Mainstream|URBN,WWW,ANF,GAP,SHOO
U.S. Downstream Refining & Marketing|2026-09-03|Nascent|LNG,PBA,OVV,WDS,FRO,OXY,CHRD,NAT,FANG,TNK,APA,DVN,CNQ,EOG,CVX,PBR,STNG,DEC,SHEL,CNX,COP,VIST,INSW,EXE,BP,SU,MTDR,EC,CVE,NEXT,YPF,XOM,SM,VET,DHT,CRGY,PR,TRMD,TALO
US LNG Export Value Chain Buildout|2026-09-03|Nascent|DEC,PBA,LNG,NEXT
U.S. Regional & Mid-Cap Commercial Banks|2026-09-03|Nascent|CFG,PNFP,EWBC,HOPE,FBP,PNC,WSBC,MTB,USB,HWC,SBCF,CBC,SSB,ZION,WSFS,RF,UMBF
Video & Streaming Content Distribution Rebound|2026-09-03|Mainstream|FUBO,ROKU,RUM
Wealth Management & Retail Brokerage Platforms|2026-09-03|Mainstream|BNY,IVZ,HOOD,XP,NTRS,AMP,BEN,VCTR,WT,SEIC,VIRT,APAM,SCHW,LPLA,STT,FUTU,IBKR,BGC,RJF,SF
Agricultural Commodity Farming & Food Processing|2026-09-04|Retired|
AI Data Center High-Speed Interconnect & Signal Integrity Chipmakers|2026-09-04|Fading|COHR,GLW,LITE,RMBS
AI data-center power buildout|2026-09-04|Nascent|AGX,SNOW,ALAB
AI Data Center Power & Electrical Infrastructure Buildout|2026-09-04|Retired|
AI-Driven Diagnostics & Imaging Re-Rating|2026-09-04|Mainstream|TEM,HTFL,DGX,CAI,CDNA,LH,RDNT,ADPT
AI-Driven Memory & Storage Supply Shortage|2026-09-04|Nascent|AMD,ASML,MRVL,SKHY,SMTC,NVDA,MU
AI-Powered Enterprise Analytics & Intelligent Workflow SaaS|2026-09-04|Mainstream|SAP,PLTR,MSFT,ASAN,PATH,APPN,NOW,MNDY,AVPT,PEGA,AI,INTA,DOCU,CRM
Altcoin & Diversified Digital-Asset Infrastructure Second Wave|2026-09-04|Mainstream|IOND,FIGR,PURR
Apartment & Single-Family Rental REITs|2026-09-04|Nascent|AMH,CPT,ESS,INVH,MAA,UDR
Appalachian Natural Gas E&P Producers|2026-09-04|Retired|
B2B Digital Financial Infrastructure & Payment Rails Modernization|2026-09-04|Mainstream|ALKT,WSE,JKHY,QTWO,DLO,NCNO,SSNC,RELY,ACIW,BR,PAY
Bitcoin Miners Pivoting to AI/HPC Data Center Hosting|2026-09-04|Retired|
Bitcoin Mining Equities Momentum Basket|2026-09-04|Nascent|HUT,CLSK,MARA,RIOT,WULF
Bitcoin Treasury & Crypto Proxy Equities Correlation Basket|2026-09-04|Nascent|SBET,BMNR,ASST,COIN,CRCL,PURR
Brazil/LatAm Macro Risk-On Rotation|2026-09-04|Nascent|ITUB,XP
Building Products & Construction Materials Manufacturing|2026-09-04|Fading|BCC,EXP,JHX
Business Development Companies & Private Credit Lenders|2026-09-04|Mainstream|TRIN,ARCC,OBDC,FSK,OTF,CSWC
Buy Now Pay Later & Point-of-Sale Consumer Credit|2026-09-04|Nascent|AFRM,SEZL,PGY
Canadian Big Banks|2026-09-04|Mainstream|RY,BMO,BNS,CM,TD
Canadian Oil Sands & Integrated Producers|2026-09-04|Nascent|CNQ,SU,CVE
Cloud Application Software Rotation (Oversold Turning Up)|2026-09-04|Mainstream|ZM,PCOR,DUOL,APPF
Cloud Contact Center & CCaaS Communication Platforms|2026-09-04|Mainstream|NICE,RNG,FIVN,TWLO
Cloud Data Storage & Analytics Infrastructure|2026-09-04|Mainstream|SNOW,ESTC,MDB
Cloud Observability & AIOps Monitoring Platforms|2026-09-04|Fading|DDOG,DT
Cloud Supply Chain & Warehouse Management Software|2026-09-04|Mainstream|MANH,SPSC
Coal Mining Relative Strength Breakout|2026-09-04|Mainstream|CNR,BTU
Commercial, Office & Home Furniture Retailers and Manufacturers|2026-09-04|Mainstream|WSM,HNI,W,MLKN,ARHS,ETD
Consumer Fintech & Digital Credit Platforms|2026-09-04|Mainstream|SEZL,SOFI,DAVE,BFH,XYZ,CHYM,KSPI,OMF,NU,PGY,PYPL
Copper Mining & Production|2026-09-04|Mainstream|TECK,SCCO,HBM,ERO,FCX,BHP,RIO
Corporate Digital Asset Treasury Vehicles|2026-09-04|Mainstream|SBET,BMNR,ASST
Corporate Spend, Expense Management & Financial Operations Software|2026-09-04|Nascent|CPAY,NAVN,BL,WEX,BILL,VERX
CRISPR Gene Editing Pure-Plays|2026-09-04|Retired|
CRISPR & Gene-Editing Therapeutics|2026-09-04|Nascent|NTLA,BEAM,CRSP
Crypto Exchange & Stablecoin Platform Velocity Breakout|2026-09-04|Mainstream|CRCL,COIN,FIGR
Customer Engagement & Behavioral Analytics Martech Platforms|2026-09-04|Nascent|AMPL,BRZE
Customer Engagement & Marketing/CX SaaS Platforms|2026-09-04|Nascent|HUBS,BRZE,FRSH,AMPL,KVYO
Cyber Exposure Management & Vulnerability Assessment|2026-09-04|Fading|TENB,QLYS,RPD
Defense Electronics & Aerospace Subsystem Suppliers|2026-09-04|Mainstream|ARXS,ATRO,EMBJ,ATI,RTX
Defense Intelligence & Cybersecurity IT Contractors|2026-09-04|Fading|LDOS,CACI,EFOR
Defensive Consumer Staples Rotation|2026-09-04|Mainstream|TGT,MKC,DLTR,PEP,UTZ,KR,EPC,MDLZ,PM,UL,DEO,DG,GIS,TBBB,GO,PPC,KHC
Diabetes Management Devices (CGM, Insulin Pumps & Delivery)|2026-09-04|Fading|DXCM,BBNX,TNDM
Digital Banking Core Platform Providers|2026-09-04|Nascent|NCNO,QTWO,ALKT,JKHY
Digital Insurance Distribution & InsurTech Platforms|2026-09-04|Mainstream|GSHD,LIFE,NP,PRCH
Electrical Grid & Power Infrastructure Construction (EPC)|2026-09-04|Fading|EME,FIX,AGX,PWR
Electronic Components & Power Conversion Manufacturers|2026-09-04|Retired|
Emerging Bitcoin Miners Diversifying into AI/HPC Hosting|2026-09-04|Fading|CIFR,CORZ
Emerging Defense & Aerospace Hardware Suppliers|2026-09-04|Retired|
Energy Infrastructure & Utility Operators|2026-09-04|Fading|ETR,FE,FTS,OGE,EVRG,UGI
Enterprise HR & Workforce Management SaaS|2026-09-04|Mainstream|WDAY,PCTY,PAYC,ADP,PAYX,ALIT
Enterprise Server, Storage & Data Infrastructure Hardware|2026-09-04|Fading|NTNX,CSCO,ANET,STX,SMCI,NTAP,HPE,DELL
Enterprise Unstructured Data Storage Infrastructure|2026-09-04|Mainstream|DBX,QMCO,BOX
European Bank Stocks|2026-09-04|Mainstream|BBVA,SAN,UBS,LYG,DB,BCS,HSBC,ING,NWG
Farm Economy Value Chain Re-Rating|2026-09-04|Nascent|CTVA,NTR,AGCO,MOS,CNH,CF,SQM,FMC
For-Profit Postsecondary & Vocational Education|2026-09-04|Fading|LOPE,LAUR,CVSA,PRDO,STRA
Frozen Foods Producers|2026-09-04|Fading|LW,CAG,SJM,NOMD
Gateway & Coastal Office REIT Stress Reversal|2026-09-04|Fading|VNO,BXP,DEI
Genetic Medicine: Gene Editing & Gene Therapy Innovators|2026-09-04|Mainstream|QURE,SRPT,NTLA,CRSP,BEAM,MGTX
Genomics & DNA Sequencing Tools|2026-09-04|Mainstream|WGS,ILMN,QGEN,NTRA,GH,GRAL,TXG,TWST,BRKR
Global Agriculture Value Chain Recovery|2026-09-04|Mainstream|CTVA,FMC,AGCO,CNH,JBS,BG,DE,ADM,AGRO,DOLE
Global Oil & Gas Upstream, Integrated & Transport Value Chain|2026-09-04|Fading|LNG,FANG,CHRD,COP,WDS,PR,STNG,SHEL,SM,EXE,TRMD,MTDR,NAT,NEXT,OXY,CNQ,VET,OVV,DVN,CRGY,APA,DEC,DHT,XOM,CVE,TNK,PBA,SU,YPF,TALO,CNX,PBR,VIST,FRO,INSW,BP,EOG,EC,CVX,EQNR,NOG
Global Steel & Metal Producers Recovery|2026-09-04|Nascent|TX,NUE,CLF,MT
Gold & Precious Metals Miners Rotation|2026-09-04|Mainstream|MUX,HMY,AUGO,AEM,AAUC,AU,B,KGC,IAG,ARIS,EQX,FNV,NEM,SSRM,RGLD,GFI,CGAU,EGO,SBSW
Grocery-Anchored & Open-Air Shopping Center REITs|2026-09-04|Retired|
Grocery-Anchored Shopping Center REIT Momentum Reversal|2026-09-04|Fading|KIM,KRG,BRX,FRT,PECO,REG
Homebuilders & Housing Supply Chain Recovery|2026-09-04|Fading|MHO,TOL,PHM,NVR,LEN
Home Improvement Retail & Building Products Suppliers|2026-09-04|Fading|HD,IBP
Hospital & Behavioral Health Facility Procedure Volume Recovery|2026-09-04|Mainstream|THC,MD,EHC,UHS
Industrial Construction Execution & On-Site Supply Chain|2026-09-04|Fading|DNOW,J,KBR,TPC,FLR,TTEK
Industrial Equipment & Flow Control – Capex Cycle Recovery|2026-09-04|Mainstream|FLS,VLTO,LECO,EMR,DCI
Inflammatory Disease & Immunology Biologics|2026-09-04|Fading|AVTX,AUPH,VERA,CLYM,ORKA,APGE,CLDX,ZBIO,DNTH,IMVT,TGTX,PHVS,NRIX
Insurance Brokerage & Distribution Services|2026-09-04|Mainstream|BRO,BWIN,WTW,AJG,RYAN
Integrated Oil Majors RS Reversal|2026-09-04|Nascent|CVX,BP,SHEL,PBR
IT Consulting & Business Process Outsourcing Services|2026-09-04|Nascent|CNXC,CTSH,IT,ACN,EXLS,DXC,GLOB,EPAM
Large-Cap Reinsurance & Specialty P&C Carriers|2026-09-04|Mainstream|TRV,RNR,EG,CB,SPNT,MKL
Latin American National Oil & Gas Companies|2026-09-04|Nascent|PBR,YPF,EC
Latin American Silver & Gold Mining Operators|2026-09-04|Nascent|PAAS,AG,FSM,BVN,AGI
Life Insurance & Annuity Providers|2026-09-04|Mainstream|VOYA,MFC,CRBG,PRU,CNO,LNC,MET,PFG,EQH,UNM,JXN
Life Sciences & Healthcare Data/CRM Platforms|2026-09-04|Nascent|DOCS,TEM,VEEV
Life Science Tools & Analytical Instruments|2026-09-04|Nascent|AVTR,IQV,AZTA,RGEN,TECH,CRL,RVTY,A,FTRE,DHR,MTD,WAT,TMO,ICLR
Lodging & Hotel REITs|2026-09-04|Mainstream|RLJ,DRH,RHP,SHO,PEB,PK
Major U.S. Network Airlines Correlation|2026-09-04|Fading|DAL,ALK,LUV,UAL
Major US Network Airlines Rebound|2026-09-04|Retired|
Management & Business Advisory Consulting Firms|2026-09-04|Nascent|CBZ,HURN
Marketing & Digital Presence SaaS Platforms|2026-09-04|Mainstream|ZETA,GDDY,WIX,KVYO,SPT
Media Streaming & Entertainment Content Turnaround|2026-09-04|Fading|SPOT,PSKY
Medical Device Mean-Reversion & Rotation Recovery|2026-09-04|Mainstream|NVCR,ATRC,SOLV,BDX,HAE,BAX,EW,ABT,TFX,INSP,GEHC,GKOS,TMDX,AXGN,RMD,LIVN,MDT
Metallurgical & Thermal Coal Mining Rebound|2026-09-04|Mainstream|AMR,SXC,METC,HCC
Molecular & Genomic Diagnostic Testing|2026-09-04|Nascent|VCYT,CDNA,BLLN
mRNA & Next-Gen Vaccine Platform Resurgence|2026-09-04|Retired|
Multifamily Apartment REIT Rotation|2026-09-04|Retired|
Network Security & Zero-Trust Edge|2026-09-04|Mainstream|CHKP,VRNS,FTNT,FFIV,CVLT,OKTA,NET,PANW,S,CRWD,RBRK,SAIL,NTSK,GEN,ZS
Newly Public Digital Trading & Brokerage Platforms|2026-09-04|Nascent|BLSH,BULL
Non-Alcoholic Beverages & Energy Drinks|2026-09-04|Mainstream|CCEP,KDP,CELH,MNST,KO
Office REIT Recovery & Re-Rating|2026-09-04|Nascent|SLG,CDP,HIW,BXP
Offshore Energy Equipment & Services|2026-09-04|Mainstream|WHD,SLB,FTI,SDRL,HLX,NOV,XPRO,NE,OII,TDW,VAL
Oncology Therapeutics RS Turnaround|2026-09-04|Nascent|SNDX,SMMT,GILD,KURA,EXEL,RVMD,ELVN,ZYME,SLS
Optical Networking & Photonics Components for AI Data Centers|2026-09-04|Fading|LITE,ALAB
Orthopedic Surgical Devices & Instruments|2026-09-04|Fading|MMSI,ZBH,CNMD
Peptide & Hormone Therapies for Metabolic & Endocrine Disorders|2026-09-04|Fading|MBX,CORT,CRNX,PTGX,XERS
Permian Basin Pure-Play Shale Producers|2026-09-04|Nascent|MTDR,FANG,PR
Power Generation Buildout for AI Data Center Electricity Demand|2026-09-04|Fading|WLDN,EROC
Precious Metals Miners Velocity Breakout|2026-09-04|Mainstream|WPM,SA,AYA,FSM,ASM,PPTA,SKE
Precious Metals Royalty & Streaming Companies|2026-09-04|Mainstream|RGLD,WPM,OR,FNV,TFPM
Private Equity & Alternative Asset Management Platforms|2026-09-04|Fading|APO,BAM,OWL,ARES,TPG,KKR,MAIN,CG,HLNE,BX,FSK,STEP,HTGC
Private Mortgage Insurance|2026-09-04|Mainstream|NMIH,ESNT,MTG
Programmatic Digital Advertising Platforms|2026-09-04|Retired|
Property & Casualty Insurance Underwriters|2026-09-04|Nascent|THG,SLDE,TRV,AFG,EG,HCI,ALL,RLI,SKWD
Pure-Play Agricultural Tractor & Farm Machinery Manufacturers|2026-09-04|Retired|
Pure-Play Homebuilders|2026-09-04|Retired|
Pure-Play NAND/DRAM Memory Chip Makers|2026-09-04|Nascent|SNDK,MU,SKHY,SIMO,MRAM
Pure-Play Oil Refining & Marketing|2026-09-04|Nascent|VLO,VG,PARR,CVI,EQT,PBF,DINO,RRC,MPC,AR,DK,EXE,PSX
Quantum Computing Hardware Momentum Reversal|2026-09-04|Fading|QUBT,INFQ
Quantum Computing Hardware Pure-Plays|2026-09-04|Retired|
Quick-Service & Fast-Casual Restaurant Chains|2026-09-04|Fading|SBUX,QSR,CMG,YUM
Rare Disease & Specialty Biopharmaceutical Innovators|2026-09-04|Nascent|ALNY,HALO,ETON,SION,TVTX,BMRN
Renewable & Specialty Fuels Chemical Producers|2026-09-04|Nascent|CLMT,MEOH,SSL
Restaurant Chain Recovery|2026-09-04|Mainstream|DRI,EAT,TXRH,CAKE,BLMN,CBRL,WEN
Robotic Process Automation & Low-Code Workflow Execution|2026-09-04|Mainstream|APPN,PATH
RV & Recreational Vehicle Manufacturing Supply Chain|2026-09-04|Fading|THO,LCII
Semiconductor Packaging, Test & Specialty Materials Equipment|2026-09-04|Fading|KEYS,ROG
Silver-Focused Primary Miners|2026-09-04|Nascent|EXK,AG,CDE,HL,SVM
Skilled Nursing & Senior Housing Healthcare REITs|2026-09-04|Fading|OHI,SBRA,NHI,WELL,CTRE
Software Development & DevOps Collaboration Platforms|2026-09-04|Mainstream|FROG,TEAM,GTLB
Specialty & Rare Disease Pharmaceutical Innovators|2026-09-04|Nascent|ETON,MLYS,NBIX,ALNY,TARS
Trucking & Freight Carrier Rate Recovery|2026-09-04|Nascent|ARCB,JBHT,KNX,SNDR,WERN
Uniform & Facility Services Rental Providers|2026-09-04|Fading|CTAS,UNF
Uranium Mining & Nuclear Fuel Cycle Producers|2026-09-04|Accelerating|CCJ,UEC,NXE
U.S. Apparel & Fashion Recovery|2026-09-04|Mainstream|URBN,SHOO,GAP,WWW,ANF,AEO
U.S. Downstream Refining & Marketing|2026-09-04|Retired|
US LNG Export Value Chain Buildout|2026-09-04|Retired|
U.S. Regional & Mid-Cap Commercial Banks|2026-09-04|Fading|WSBC,CFG,PNFP,CBC,FBP,SSB,ZION,SBCF,HWC,WSFS,RF,USB,EWBC,HOPE,MTB,PNC,UMBF
Vaccine & Antiviral Therapeutics Rebound|2026-09-04|Nascent|MRNA,NVAX,VIR
Video & Streaming Content Distribution Rebound|2026-09-04|Mainstream|ROKU,FUBO,RUM
Wealth Management & Retail Brokerage Platforms|2026-09-04|Mainstream|IBKR,SF,BNY,VCTR,IVZ,SEIC,VIRT,APAM,BGC,WT,AMP,XP,HOOD,STT,BEN,NTRS,RJF,FUTU,SCHW,LPLA
Advanced Nuclear Reactor Developers & Radiation Technology|2026-09-08|Nascent|SMR,NNE,XE,MIR
AI Data Center High-Speed Interconnect & Signal Integrity Chipmakers|2026-09-08|Fading|COHR,GLW,LITE,RMBS,APH
AI data-center power buildout|2026-09-08|Retired|
AI-Driven Diagnostics & Imaging Re-Rating|2026-09-08|Mainstream|LH,HTFL,CAI,TEM,DGX,ADPT,CDNA,RDNT
AI-Driven Memory & Storage Supply Shortage|2026-09-08|Nascent|SKHY,MU,ASML,NVDA,MRVL,SMTC,AMD,TSM
AI-Powered Enterprise Analytics & Intelligent Workflow SaaS|2026-09-08|Mainstream|APPN,DOCU,MNDY,SAP,INTA,PLTR,AI,MSFT,PEGA,ASAN,PATH,CRM,AVPT,NOW,ORCL
AI Server & GPU Rack Infrastructure Manufacturers|2026-09-08|Nascent|DELL,SMCI
Altcoin & Diversified Digital-Asset Infrastructure Second Wave|2026-09-08|Mainstream|IOND,FIGR
Apartment & Single-Family Rental REITs|2026-09-08|Fading|ESS,MAA,VMRK
B2B Digital Financial Infrastructure & Payment Rails Modernization|2026-09-08|Mainstream|DLO,NCNO,WSE,BR,JKHY,ALKT,QTWO,RELY,ACIW,PAY,SSNC
Bitcoin Mining Equities Momentum Basket|2026-09-08|Accelerating|HUT,CLSK,RIOT,MARA,WULF
Bitcoin Treasury & Crypto Proxy Equities Correlation Basket|2026-09-08|Nascent|ASST,IREN,CRCL,GLXY,SBET,PURR,BMNR,COIN
Brazil/LatAm Macro Risk-On Rotation|2026-09-08|Nascent|XP,ITUB
Building Products & Construction Materials Manufacturing|2026-09-08|Fading|BCC,EXP,JHX
Business Development Companies & Private Credit Lenders|2026-09-08|Mainstream|OBDC,FSK,CSWC,OTF,TRIN,ARCC
Buy Now Pay Later & Point-of-Sale Consumer Credit|2026-09-08|Retired|
Canadian Big Banks|2026-09-08|Mainstream|RY,CM,BNS,BMO,TD
Canadian Oil Sands & Integrated Producers|2026-09-08|Retired|
Cloud Application Software Rotation (Oversold Turning Up)|2026-09-08|Fading|DUOL,APPF,PCOR,ZM
Cloud Contact Center & CCaaS Communication Platforms|2026-09-08|Mainstream|TWLO,NICE,FIVN,RNG
Cloud Data Storage & Analytics Infrastructure|2026-09-08|Mainstream|ALAB,SNOW,MDB,LITE,ESTC
Cloud Observability & AIOps Monitoring Platforms|2026-09-08|Retired|
Cloud Supply Chain & Warehouse Management Software|2026-09-08|Mainstream|SPSC,MANH
Coal Mining Relative Strength Breakout|2026-09-08|Mainstream|BTU,CNR
Commercial, Office & Home Furniture Retailers and Manufacturers|2026-09-08|Fading|ARHS,WSM,HNI,W,MLKN,ETD
Commercial Real Estate Brokerage & Advisory Services|2026-09-08|Nascent|CBRE,CWK,JLL,NMRK
Consumer Fintech & Digital Credit Platforms|2026-09-08|Mainstream|SOFI,SEZL,AFRM,NU,OMF,PAGS,CHYM,DAVE,PGY,PYPL,XYZ,BFH,KSPI
Copper Mining & Production|2026-09-08|Mainstream|HBM,RIO,ERO,SCCO,BHP,TECK,FCX,IE
Corporate Digital Asset Treasury Vehicles|2026-09-08|Retired|
Corporate Spend, Expense Management & Financial Operations Software|2026-09-08|Nascent|BILL,NAVN,CPAY,VERX,BL,WEX
CRISPR & Gene-Editing Therapeutics|2026-09-08|Retired|
Crypto Exchange & Stablecoin Platform Velocity Breakout|2026-09-08|Retired|
Customer Engagement & Behavioral Analytics Martech Platforms|2026-09-08|Nascent|BRZE,AMPL
Customer Engagement & Marketing/CX SaaS Platforms|2026-09-08|Nascent|BRZE,FRSH,HUBS,KVYO,AMPL
Cyber Exposure Management & Vulnerability Assessment|2026-09-08|Fading|TENB,QLYS,RPD
Defense Electronics & Aerospace Subsystem Suppliers|2026-09-08|Mainstream|ARXS,EMBJ,ATRO,RTX,ATI
Defense Intelligence & Cybersecurity IT Contractors|2026-09-08|Fading|LDOS,EFOR,CACI
Defensive Consumer Staples Rotation|2026-09-08|Mainstream|EPC,PPC,TGT,MDLZ,DG,DLTR,KR,DEO,GIS,TBBB,KHC,UL,PEP,UTZ,GO,PM,MKC
Diabetes Management Devices (CGM, Insulin Pumps & Delivery)|2026-09-08|Fading|DXCM,BBNX,TNDM
Digital Banking Core Platform Providers|2026-09-08|Retired|
Digital Insurance Distribution & InsurTech Platforms|2026-09-08|Mainstream|NP,GSHD,LIFE,PRCH
Diversified Power Generation Capacity Expansion for AI Electricity Demand|2026-09-08|Nascent|HNRG,OGE,CEG,KEP,FRVO
Electrical Grid & Power Infrastructure Construction (EPC)|2026-09-08|Retired|
Emerging Bitcoin Miners Diversifying into AI/HPC Hosting|2026-09-08|Fading|CIFR,CORZ,BTDR
Energy Infrastructure & Utility Operators|2026-09-08|Fading|ETR,FE,FTS,OGE,EVRG,UGI
Enterprise HR & Workforce Management SaaS|2026-09-08|Mainstream|ADP,PAYX,ALIT,PAYC,WDAY,PCTY
Enterprise Server, Storage & Data Infrastructure Hardware|2026-09-08|Fading|STX,CSCO,HPE,NTAP,ANET,DELL,SMCI,NTNX
Enterprise Unstructured Data Storage Infrastructure|2026-09-08|Mainstream|QMCO,DBX,BOX
European Bank Stocks|2026-09-08|Mainstream|NWG,SAN,DB,BBVA,LYG,BCS,ING,HSBC,UBS
Farm Economy Value Chain Re-Rating|2026-09-08|Nascent|MOS,CF,CTVA,SQM,NTR,CNH,FMC,AGCO
For-Profit Postsecondary & Vocational Education|2026-09-08|Fading|LOPE,LAUR,CVSA,PRDO,STRA
Frozen Foods Producers|2026-09-08|Fading|LW,CAG,SJM,NOMD
Gateway & Coastal Office REIT Stress Reversal|2026-09-08|Retired|
Genetic Medicine: Gene Editing & Gene Therapy Innovators|2026-09-08|Mainstream|SRPT,BEAM,QURE,MGTX,NTLA,CRSP,FDMT
Genomics & DNA Sequencing Tools|2026-09-08|Mainstream|WGS,TXG,NTRA,GRAL,QGEN,GH,TWST,ILMN,BRKR
Global Agriculture Value Chain Recovery|2026-09-08|Mainstream|CTVA,AGRO,DOLE,CNH,FMC,DE,AGCO,BG,ADM
Global Oil & Gas Upstream, Integrated & Transport Value Chain|2026-09-08|Retired|
Global Steel & Metal Producers Recovery|2026-09-08|Nascent|NUE,MT,CLF,TX
Gold & Precious Metals Miners Rotation|2026-09-08|Mainstream|AUGO,EGO,CGAU,GFI,NEM,B,IAG,ARIS,KGC,FNV,EQX,SBSW,SSRM,MUX,HMY,AU,AEM,RGLD,AAUC
Grocery-Anchored Shopping Center REIT Momentum Reversal|2026-09-08|Fading|KIM,KRG,BRX,FRT,PECO,REG
Homebuilders & Housing Supply Chain Recovery|2026-09-08|Fading|MHO,NVR
Homebuilders & Housing Value Chain Rate-Cut Rotation|2026-09-08|Nascent|BLDR,DHI,FBIN,FND,GRBK,HAYW,HD,KBH,LEN,MAS,MHO,MTH,NVR,PHM,POOL,PPG,SHW,TOL
Home Improvement Retail & Building Products Suppliers|2026-09-08|Fading|HD,IBP
Hospital & Behavioral Health Facility Procedure Volume Recovery|2026-09-08|Fading|MD,THC,UHS,EHC
Industrial Construction Execution & On-Site Supply Chain|2026-09-08|Fading|J,FLR,KBR,TTEK,DNOW,TPC
Industrial Equipment & Flow Control – Capex Cycle Recovery|2026-09-08|Accelerating|FLS,EMR,VLTO,LECO,DCI
Inflammatory Disease & Immunology Biologics|2026-09-08|Fading|PHVS,ZBIO,APGE,NRIX,DNTH,ORKA,VERA,CLDX,CLYM,AUPH,IMVT,AVTX,TRAX
Insurance Brokerage & Distribution Services|2026-09-08|Mainstream|BRO,RYAN,AJG,BWIN,WTW
Integrated Oil Majors RS Reversal|2026-09-08|Retired|
IT Consulting & Business Process Outsourcing Services|2026-09-08|Nascent|ACN,GLOB,DXC,CNXC,EXLS,IT,EPAM,CTSH
Large-Cap Reinsurance & Specialty P&C Carriers|2026-09-08|Mainstream|CB,TRV,MKL,SPNT,EG,RNR
Latin American National Oil & Gas Companies|2026-09-08|Retired|
Latin American Silver & Gold Mining Operators|2026-09-08|Nascent|AG,PAAS,AGI,FSM,BVN
Life Insurance & Annuity Providers|2026-09-08|Mainstream|PFG,LNC,MFC,JXN,EQH,UNM,CRBG,CNO,PRU,MET,VOYA
Life Sciences & Healthcare Data/CRM Platforms|2026-09-08|Nascent|DOCS,VEEV,TEM
Life Science Tools & Analytical Instruments|2026-09-08|Fading|MTD,AZTA,TMO,CRL,RGEN,A,AVTR,FTRE,DHR,WAT,ICLR,IQV,RVTY,TECH
Lodging & Hotel REITs|2026-09-08|Fading|RLJ,DRH,RHP,SHO,PEB,PK
Major U.S. Network Airlines Correlation|2026-09-08|Fading|DAL,ALK
Management & Business Advisory Consulting Firms|2026-09-08|Nascent|HURN,CBZ
Marketing & Digital Presence SaaS Platforms|2026-09-08|Mainstream|SPT,WIX,KVYO,ZETA,GDDY
Media Streaming & Entertainment Content Turnaround|2026-09-08|Fading|SPOT,PSKY
Medical Device Mean-Reversion & Rotation Recovery|2026-09-08|Mainstream|ABT,INSP,EW,GKOS,AXGN,RMD,TFX,NVCR,HAE,GEHC,SOLV,ATRC,BAX,TMDX,BDX,MDT,LIVN
Metallurgical & Thermal Coal Mining Rebound|2026-09-08|Mainstream|AMR,METC,HCC,SXC
Molecular & Genomic Diagnostic Testing|2026-09-08|Nascent|CDNA,BLLN,VCYT
Natural Gas Shale Drilling Value Chain: E&P, Proppant & Tubular Steel|2026-09-08|Nascent|CRK,AESI,TS
Network Security & Zero-Trust Edge|2026-09-08|Fading|ZS,NET,NTSK,S,FTNT,SAIL,VRNS,FFIV,CRWD,RBRK,PANW,GEN,CVLT,OKTA,CHKP
Newly Public Digital Trading & Brokerage Platforms|2026-09-08|Nascent|BLSH,BULL
Non-Alcoholic Beverages & Energy Drinks|2026-09-08|Fading|CCEP,CELH,KO,KDP
Office REIT Recovery & Re-Rating|2026-09-08|Fading|SLG,CDP,HIW,BXP
Offshore Energy Equipment & Services|2026-09-08|Mainstream|SLB,OII,FTI,NOV,XPRO,NE,TDW,VAL,HLX,SDRL,WHD
Oil & Product Tanker Shipping|2026-09-08|Nascent|DHT,FRO,INSW,NAT,STNG,TNK,TRMD
Oncology Therapeutics RS Turnaround|2026-09-08|Nascent|SMMT,KURA,ZYME,SLS,SNDX,EXEL,ELVN,GILD,RVMD,GMAB,INCY,REPL
Optical Networking & Photonics Components for AI Data Centers|2026-09-08|Retired|
Orthopedic Surgical Devices & Instruments|2026-09-08|Fading|MMSI,ZBH,CNMD
Peptide & Hormone Therapies for Metabolic & Endocrine Disorders|2026-09-08|Fading|CORT,MBX,PTGX,CRNX,XERS
Permian Basin Pure-Play Shale Producers|2026-09-08|Retired|
Power Generation Buildout for AI Data Center Electricity Demand|2026-09-08|Fading|WLDN,EROC,BE
Precious Metals Miners Velocity Breakout|2026-09-08|Mainstream|AYA,PPTA,SA,WPM,ASM,FSM,SKE
Precious Metals Royalty & Streaming Companies|2026-09-08|Mainstream|OR,TFPM,WPM,RGLD,FNV
Private Equity & Alternative Asset Management Platforms|2026-09-08|Fading|CG,ARES,BAM,MAIN,HLNE,STEP,TPG,BX,FSK,KKR,APO,HTGC,OWL
Private Mortgage Insurance|2026-09-08|Mainstream|MTG,ESNT,NMIH
Property & Casualty Insurance Underwriters|2026-09-08|Nascent|RLI,TRV,ALL,AFG,THG,SLDE,EG,SKWD,HCI
Pure-Play NAND/DRAM Memory Chip Makers|2026-09-08|Accelerating|SKHY,MU,SIMO
Pure-Play Oil Refining & Marketing|2026-09-08|Nascent|FANG,EXE,DVN,SM,CNX,MTDR,CRGY,AEP,RRC,PNW,OVV,CMS,CNQ,COP,BP,DUK,OXY,EQNR,LNG,CVI,CHRD,MPC,APA,CNP,YPF,ES,PSX,AR,WDS,EXC,NOG,SO,CVE,DK,PBF,XOM,LNT,DEC,VG,MUR,SHEL,NEXT,VIST,PEG,PARR,EC,VET,SU,CVX,PBA,DINO,AEE,DTE,PR,VLO,PBR,TALO,EOG,EQT
Quantum Computing Hardware Momentum Reversal|2026-09-08|Fading|QUBT,INFQ
Quick-Service & Fast-Casual Restaurant Chains|2026-09-08|Fading|SBUX,QSR,CMG,YUM
Rare Disease & Specialty Biopharmaceutical Innovators|2026-09-08|Retired|
Renewable & Specialty Fuels Chemical Producers|2026-09-08|Nascent|SSL,CLMT,MEOH
Restaurant Chain Recovery|2026-09-08|Mainstream|BLMN,DRI,TXRH,CAKE,EAT,WEN,CBRL
Robotic Process Automation & Low-Code Workflow Execution|2026-09-08|Fading|APPN,PATH
RV & Recreational Vehicle Manufacturing Supply Chain|2026-09-08|Fading|THO,LCII
Semiconductor Foundry & Advanced Packaging Manufacturing|2026-09-08|Nascent|INTC,ASX,TSM
Semiconductor Packaging, Test & Specialty Materials Equipment|2026-09-08|Retired|
Silver-Focused Primary Miners|2026-09-08|Nascent|EXK,CDE,SVM,AG,HL
Skilled Nursing & Senior Housing Healthcare REITs|2026-09-08|Fading|WELL,CTRE,OHI,SBRA,NHI,JAN
Software Development & DevOps Collaboration Platforms|2026-09-08|Mainstream|FROG,TEAM,GTLB
Specialty & Rare Disease Pharmaceutical Innovators|2026-09-08|Retired|
Trucking & Freight Carrier Rate Recovery|2026-09-08|Nascent|KNX,WERN,ARCB,SNDR,JBHT
Uniform & Facility Services Rental Providers|2026-09-08|Retired|
Uranium Mining & Nuclear Fuel Cycle Producers|2026-09-08|Accelerating|CCJ,UEC,NXE
U.S. Apparel & Fashion Recovery|2026-09-08|Mainstream|SHOO,URBN,AEO,ANF,GAP,WWW
U.S. Regional & Mid-Cap Commercial Banks|2026-09-08|Fading|CFG,UMBF,WSBC,FBP,SSB,HWC,MTB,WSFS,HOPE,EWBC,PNC,ZION,SBCF,RF,USB,PNFP,CBC
Vaccine & Antiviral Therapeutics Rebound|2026-09-08|Nascent|MRNA,NVAX,VIR,BNTX
Video & Streaming Content Distribution Rebound|2026-09-08|Mainstream|RUM,FUBO,ROKU
Wealth Management & Retail Brokerage Platforms|2026-09-08|Mainstream|SF,APAM,WT,SEIC,LPLA,NTRS,HOOD,STT,BGC,VIRT,IBKR,RJF,SCHW,IVZ,AMP,XP,VCTR,BEN,FUTU,BNY
Advanced Nuclear Reactor Developers & Radiation Technology|2026-09-09|Fading|SMR,NNE,MIR
AI Data Center High-Speed Interconnect & Signal Integrity Chipmakers|2026-09-09|Fading|LITE,RMBS,COHR,APH,GLW
AI-Driven Diagnostics & Imaging Re-Rating|2026-09-09|Mainstream|DGX,TEM,CAI,ADPT,CDNA,RDNT,HTFL,LH
AI-Driven Memory & Storage Supply Shortage|2026-09-09|Nascent|MU,SKHY,TSM,NVDA,SMTC,ASML,MRVL,AMD
AI-Powered Enterprise Analytics & Intelligent Workflow SaaS|2026-09-09|Fading|NOW,INTA,ORCL,SAP,PEGA,MSFT,ASAN,CRM,MNDY,PLTR,PATH,APPN,DOCU,AI,AVPT
AI Server & GPU Rack Infrastructure Manufacturers|2026-09-09|Nascent|SMCI,DELL
Altcoin & Diversified Digital-Asset Infrastructure Second Wave|2026-09-09|Mainstream|IOND,FIGR
Annuity-Focused Insurers|2026-09-09|Nascent|CNO,CRBG,EQH,JXN
Apartment & Single-Family Rental REITs|2026-09-09|Fading|ESS,VMRK
B2B Digital Financial Infrastructure & Payment Rails Modernization|2026-09-09|Fading|JKHY,BR,NCNO,WSE,DLO,ALKT,SSNC,RELY,ACIW,QTWO,PAY
Bitcoin Mining Equities Momentum Basket|2026-09-09|Accelerating|MARA,HUT,WULF,CLSK,RIOT
Bitcoin Treasury & Crypto Proxy Equities Correlation Basket|2026-09-09|Nascent|COIN,IREN,BMNR,PURR,ASST,CRCL,SBET,GLXY
Brazil/LatAm Macro Risk-On Rotation|2026-09-09|Retired|
Building Products & Construction Materials Manufacturing|2026-09-09|Retired|
Business Development Companies & Private Credit Lenders|2026-09-09|Nascent|OTF,FSK,TRIN,OBDC,CSWC,ARCC
Canadian Big Banks|2026-09-09|Mainstream|RY,CM,BNS,TD,BMO
Cloud Application Software Rotation (Oversold Turning Up)|2026-09-09|Fading|DUOL,APPF,PCOR,ZM
Cloud Contact Center & CCaaS Communication Platforms|2026-09-09|Fading|NICE,TWLO,RNG,FIVN
Cloud Data Storage & Analytics Infrastructure|2026-09-09|Mainstream|SNOW,ESTC,MDB
Cloud Supply Chain & Warehouse Management Software|2026-09-09|Mainstream|SPSC,MANH
Coal Mining Relative Strength Breakout|2026-09-09|Mainstream|CNR,BTU
Commercial, Office & Home Furniture Retailers and Manufacturers|2026-09-09|Accelerating|ETD,MLKN,HNI,ARHS,WSM,W
Commercial Real Estate Brokerage & Advisory Services|2026-09-09|Fading|CBRE,JLL
Consumer Fintech & Digital Credit Platforms|2026-09-09|Mainstream|BFH,DAVE,XYZ,SEZL,OMF,PAGS,NU,PYPL,PGY,SOFI,CHYM,KSPI,SLM
Consumer PC & Gaming Hardware Refresh Cycle|2026-09-09|Nascent|HPQ,CRSR
Copper Mining & Production|2026-09-09|Mainstream|FCX,HBM,BHP,SCCO,IE,RIO,ERO,TECK
Corporate Spend, Expense Management & Financial Operations Software|2026-09-09|Nascent|CPAY,BILL,NAVN,WEX,BL
Custody & Securities Servicing Banks|2026-09-09|Nascent|BNY,NTRS,STT
Customer Engagement & Behavioral Analytics Martech Platforms|2026-09-09|Retired|
Customer Engagement & Marketing/CX SaaS Platforms|2026-09-09|Fading|KVYO,HUBS,FRSH,BRZE,AMPL
Cyber Exposure Management & Vulnerability Assessment|2026-09-09|Fading|TENB,QLYS,RPD
Defense Electronics & Aerospace Subsystem Suppliers|2026-09-09|Mainstream|EMBJ,ATRO,ATI,RTX,ARXS
Defense Intelligence & Cybersecurity IT Contractors|2026-09-09|Fading|LDOS,EFOR,CACI
Defensive Consumer Staples Rotation|2026-09-09|Fading|TGT,DG,MKC,DLTR,TBBB,UL,GIS,DEO,MDLZ,KR,UTZ,GO,PPC,KHC,PM,EPC
Diabetes Management Devices (CGM, Insulin Pumps & Delivery)|2026-09-09|Fading|DXCM,BBNX,TNDM
Digital Insurance Distribution & InsurTech Platforms|2026-09-09|Fading|LIFE,NP,GSHD,PRCH
Diversified Power Generation Capacity Expansion for AI Electricity Demand|2026-09-09|Nascent|FRVO,HNRG,KEP,OGE,CEG
Emerging Bitcoin Miners Diversifying into AI/HPC Hosting|2026-09-09|Retired|
Energy Infrastructure & Utility Operators|2026-09-09|Retired|
Energy Supply Disruption: Strait of Hormuz Crisis|2026-09-09|Nascent|CRGY,WDS,YPF,PBR,SU,CNX,AEE,VIST,EC,CNQ,PNW,CHRD,APA,MUR,DEC,PBA,VET,ES,BP,SHEL,CVX,EQNR,FANG,NEXT,EOG,VG,SM,RRC,AR,LNG,EQT,NOG,CVE,OXY,COP,TALO,OVV,DUK,AEP,DVN,EXE,XOM,SO,MTDR,CNP,PR,PAGP,PAA,TTE,MPLX,EPD,HESM,OKE,CRC,VAL,OII,FTI,TDW,XPRO,SLB,SDRL,NE,WHD,HLX,NOV,HAL
Enterprise HR & Workforce Management SaaS|2026-09-09|Mainstream|PAYX,WDAY,PAYC,PCTY,ADP,ALIT
Enterprise Server, Storage & Data Infrastructure Hardware|2026-09-09|Fading|NTAP,ANET,SMCI,CSCO,STX,HPE,DELL,NTNX
Enterprise Unstructured Data Storage Infrastructure|2026-09-09|Mainstream|DBX,QMCO,BOX
European Bank Stocks|2026-09-09|Mainstream|SAN,HSBC,ING,NWG,BCS,BBVA,DB,UBS,LYG
Farm Economy Value Chain Re-Rating|2026-09-09|Accelerating|SQM,FMC,AGCO,CF,MOS,CTVA,CNH,NTR
For-Profit Postsecondary & Vocational Education|2026-09-09|Fading|STRA,CVSA,LOPE,PRDO,LAUR
Frozen Foods Producers|2026-09-09|Fading|LW,CAG,SJM,NOMD
Genetic Medicine: Gene Editing & Gene Therapy Innovators|2026-09-09|Fading|SRPT,FDMT,MGTX,QURE
Genomics & DNA Sequencing Tools|2026-09-09|Mainstream|WGS,GH,TXG,NTRA,TWST,ILMN,QGEN,BRKR,GRAL
Global Agriculture Value Chain Recovery|2026-09-09|Mainstream|AGRO,FMC,ADM,AGCO,BG,CTVA,DOLE,CNH,DE
Global Steel & Metal Producers Recovery|2026-09-09|Nascent|TX,NUE,MT,CLF,STLD
Gold & Precious Metals Miners Rotation|2026-09-09|Mainstream|B,AEM,EQX,AUGO,KGC,MUX,FNV,SBSW,ARIS,HMY,RGLD,GFI,AAUC,AU,IAG,CGAU,EGO,SSRM,NEM
Grocery-Anchored Shopping Center REIT Momentum Reversal|2026-09-09|Fading|KIM,KRG,FRT,REG
Homebuilders & Housing Supply Chain Recovery|2026-09-09|Retired|
Homebuilders & Housing Value Chain Rate-Cut Rotation|2026-09-09|Fading|GRBK,MHO,NVR
Home Improvement Retail & Building Products Suppliers|2026-09-09|Retired|
Hospital & Behavioral Health Facility Procedure Volume Recovery|2026-09-09|Fading|MD,EHC,THC,UHS
Independent Petroleum Refining & Marketing Margin Upcycle|2026-09-09|Nascent|TRMD,CRK,LPG,WMB,TS,TNK,STNG,KMI,FRO,OKE,INSW,AM,DINO,AESI,CVI,DTM,NAT,DHT
Industrial Construction Execution & On-Site Supply Chain|2026-09-09|Fading|KBR,DNOW,FLR,TPC,J,TTEK,ACA,AGX
Industrial Equipment & Flow Control – Capex Cycle Recovery|2026-09-09|Accelerating|FLS,EMR,VLTO,LECO,DCI
Inflammatory Disease & Immunology Biologics|2026-09-09|Fading|CLYM,ORKA,APGE,TRAX,CLDX,VERA,ZBIO,AUPH,IMVT,PHVS,DNTH,NRIX,BHVN
Insurance Brokerage & Distribution Services|2026-09-09|Fading|BRO,RYAN,AJG,BWIN,WTW
IT Consulting & Business Process Outsourcing Services|2026-09-09|Fading|CNXC,IT,EPAM,GLOB,ACN,CTSH,DXC,EXLS,KD
Large-Cap Reinsurance & Specialty P&C Carriers|2026-09-09|Retired|
Latin American Silver & Gold Mining Operators|2026-09-09|Accelerating|PAAS,AGI,FSM,BVN,AG
Life Insurance & Annuity Providers|2026-09-09|Mainstream|MET,PRU,MFC,LNC,VOYA,UNM,PFG
Life Sciences & Healthcare Data/CRM Platforms|2026-09-09|Nascent|DOCS,TEM,VEEV
Life Science Tools & Analytical Instruments|2026-09-09|Fading|TMO,IQV,AVTR,AZTA,FTRE,RGEN,MTD,A,CRL,ICLR,RVTY,TECH,WAT,DHR
Lodging & Hotel REITs|2026-09-09|Fading|PEB,RLJ,SHO,RHP,DRH,PK
Major U.S. Network Airlines Correlation|2026-09-09|Fading|DAL,ALK
Management & Business Advisory Consulting Firms|2026-09-09|Nascent|HURN,CBZ
Marketing & Digital Presence SaaS Platforms|2026-09-09|Fading|KVYO,GDDY,SPT,WIX,ZETA
Media Streaming & Entertainment Content Turnaround|2026-09-09|Fading|SPOT,PSKY
Medical Device Mean-Reversion & Rotation Recovery|2026-09-09|Mainstream|EW,ATRC,MDT,BAX,RMD,SOLV,GKOS,ABT,TMDX,HAE,TFX,INSP,AXGN,GEHC,LIVN,BDX
Metallurgical & Thermal Coal Mining Rebound|2026-09-09|Mainstream|METC,HCC,AMR,SXC
Molecular & Genomic Diagnostic Testing|2026-09-09|Nascent|CDNA,BLLN,VCYT
Multifamily Apartment REITs|2026-09-09|Nascent|MAA,CPT,UDR,ESS
Natural Gas Shale Drilling Value Chain: E&P, Proppant & Tubular Steel|2026-09-09|Retired|
Network Security & Zero-Trust Edge|2026-09-09|Fading|PANW,NTSK,FTNT,OKTA,SAIL,VRNS,FFIV,GEN,S,ZS,CRWD,CHKP,RBRK,NET,CVLT
Newly Public Digital Trading & Brokerage Platforms|2026-09-09|Nascent|BLSH,BULL
Non-Alcoholic Beverages & Energy Drinks|2026-09-09|Fading|KO,KDP,CCEP
Office REIT Recovery & Re-Rating|2026-09-09|Fading|SLG,CDP,HIW,BXP
Offshore Energy Equipment & Services|2026-09-09|Retired|
Oil & Product Tanker Shipping|2026-09-09|Retired|
Oil Refining & Marketing|2026-09-09|Nascent|MPC,PSX,VLO,DK,PBF,DINO,PARR,CVI
Oncology Therapeutics RS Turnaround|2026-09-09|Nascent|GILD,ELVN,SLS,RVMD,GMAB,KURA,SMMT,REPL,ZYME,INCY,EXEL,TGTX,CGEM,XNCR,ZLAB
Optical Networking & Photonics Components for AI Data Centers|2026-09-09|Nascent|LITE,COHR,GLW
Orthopedic Surgical Devices & Instruments|2026-09-09|Fading|MMSI,ZBH,CNMD
Peptide & Hormone Therapies for Metabolic & Endocrine Disorders|2026-09-09|Fading|PTGX,CRNX,CORT,MBX,XERS
Power Generation Buildout for AI Data Center Electricity Demand|2026-09-09|Retired|
Precious Metals Miners Velocity Breakout|2026-09-09|Mainstream|SKE,PPTA,FSM,SA,WPM,AYA,ASM
Precious Metals Royalty & Streaming Companies|2026-09-09|Mainstream|FNV,WPM,TFPM,RGLD,OR
Private Equity & Alternative Asset Management Platforms|2026-09-09|Fading|TPG,APO,KKR,OWL,HLNE,BX,BAM,STEP,ARES
Private Mortgage Insurance|2026-09-09|Mainstream|ESNT,NMIH,MTG
Property & Casualty Insurance Underwriters|2026-09-09|Retired|
Property & Casualty Insurance Underwriters (Broad Re-rating Cycle)|2026-09-09|Fading|THG,EG,SKWD,RLI,HCI,ALL,SLDE,TRV,AFG,RNR,MKL,CB,SPNT
Pure-Play NAND/DRAM Memory Chip Makers|2026-09-09|Accelerating|MU,SIMO,SKHY
Pure-Play Oil Refining & Marketing|2026-09-09|Retired|
Quantum Computing Hardware Momentum Reversal|2026-09-09|Fading|QUBT,INFQ
Quick-Service & Fast-Casual Restaurant Chains|2026-09-09|Fading|SBUX,QSR,CMG,YUM
Renewable & Specialty Fuels Chemical Producers|2026-09-09|Nascent|CLMT,MEOH,SSL
Restaurant Chain Recovery|2026-09-09|Mainstream|CAKE,DRI,BLMN,EAT,CBRL,TXRH,WEN
Robotic Process Automation & Low-Code Workflow Execution|2026-09-09|Fading|APPN,PATH
RV & Recreational Vehicle Manufacturing Supply Chain|2026-09-09|Retired|
Semiconductor Foundry & Advanced Packaging Manufacturing|2026-09-09|Nascent|INTC,TSM,ASX,UMC
Semiconductor Test, Yield & Assembly Supply Chain|2026-09-09|Nascent|TER,PDFS,SANM
Silver-Focused Primary Miners|2026-09-09|Nascent|SVM,EXK,HL,AG,CDE
Single-Family & Manufactured Home Rental REITs|2026-09-09|Nascent|AMH,INVH,ELS
Skilled Nursing & Senior Housing Healthcare REITs|2026-09-09|Accelerating|OHI,JAN,SBRA,WELL,CTRE
Software Development & DevOps Collaboration Platforms|2026-09-09|Mainstream|FROG,GTLB,TEAM
Trucking & Freight Carrier Rate Recovery|2026-09-09|Accelerating|JBHT,WERN,KNX,SNDR,ARCB
Uranium Mining & Nuclear Fuel Cycle Producers|2026-09-09|Accelerating|NXE,UEC,CCJ
U.S. Apparel & Fashion Recovery|2026-09-09|Mainstream|GAP,AEO,URBN,ANF,SHOO,WWW
U.S. Domestic Passenger Airlines|2026-09-09|Nascent|ALK,DAL,UAL,LUV
U.S. Regional & Mid-Cap Commercial Banks|2026-09-09|Fading|EWBC,SBCF,WSBC,RF,MTB,SSB,PNFP,WSFS,HOPE,UMBF,HWC,FBP,USB,CFG,ZION,PNC,CBC,BUSE,FCF,NWBI
Vaccine & Antiviral Therapeutics Rebound|2026-09-09|Nascent|MRNA,NVAX,VIR,BNTX
Video & Streaming Content Distribution Rebound|2026-09-09|Fading|RUM,FUBO,ROKU
Wealth Management & Retail Brokerage Platforms|2026-09-09|Mainstream|BGC,IBKR,RJF,FUTU,LPLA,WT,AMP,IVZ,HOOD,XP,SEIC,APAM,BEN,MS,VIRT,SCHW,VCTR,JEF,SF,ITUB,GS
Advanced Nuclear Reactor Developers & Radiation Technology|2026-09-10|Fading|SMR,NNE,MIR
Agency Mortgage REITs|2026-09-10|Nascent|NLY,DX,ORC,AGNC
AI Data Center High-Speed Interconnect & Signal Integrity Chipmakers|2026-09-10|Accelerating|COHR,APH,GLW,RMBS,LITE,ALAB
AI-Driven Diagnostics & Imaging Re-Rating|2026-09-10|Fading|DGX,TEM,RDNT,CDNA,LH,CAI,HTFL,ADPT
AI-Driven Memory & Storage Supply Shortage|2026-09-10|Nascent|MU,TSM,SMTC,MRVL,SKHY,AMD,NVDA,ASML
AI-Powered Enterprise Analytics & Intelligent Workflow SaaS|2026-09-10|Fading|AI,CRM,MSFT,PLTR,ASAN,NOW,ORCL,MNDY,PATH,INTA,DOCU,PEGA,APPN,SAP,AVPT,PD
AI Server & GPU Rack Infrastructure Manufacturers|2026-09-10|Nascent|SMCI,DELL
Altcoin & Diversified Digital-Asset Infrastructure Second Wave|2026-09-10|Mainstream|IOND,FIGR
Annuity-Focused Insurers|2026-09-10|Nascent|EQH,CNO,JXN,CRBG
Apartment & Single-Family Rental REITs|2026-09-10|Retired|
Argentine Equities Reform Rally|2026-09-10|Nascent|PAM,GGAL
B2B Digital Financial Infrastructure & Payment Rails Modernization|2026-09-10|Fading|NCNO,BR,QTWO,ACIW,PAY,ALKT,JKHY,WSE,DLO,SSNC
Bitcoin Mining Equities Momentum Basket|2026-09-10|Fading|MARA,HUT,WULF,CLSK,RIOT
Bitcoin Treasury & Crypto Proxy Equities Correlation Basket|2026-09-10|Nascent|PURR,BMNR,GLXY,SBET,CRCL,IREN,ASST,COIN
Brazilian Financial Services Momentum|2026-09-10|Nascent|ITUB,XP,INTR
Business Development Companies & Private Credit Lenders|2026-09-10|Nascent|FSK,ARCC,OBDC,TRIN,CSWC,OTF,HTGC
Canadian Big Banks|2026-09-10|Fading|BNS,BMO,RY,TD,CM
Cardiac & Bioelectric Ablation Device Innovators|2026-09-10|Nascent|PLSE,ATRC
Cloud Application Software Rotation (Oversold Turning Up)|2026-09-10|Fading|DUOL,APPF,PCOR
Cloud Contact Center & CCaaS Communication Platforms|2026-09-10|Fading|FIVN,TWLO,NICE,RNG
Cloud Data Storage & Analytics Infrastructure|2026-09-10|Fading|SNOW,ESTC,MDB
Cloud Supply Chain & Warehouse Management Software|2026-09-10|Mainstream|MANH,SPSC
Coal Mining Relative Strength Breakout|2026-09-10|Mainstream|BTU,CNR
Commercial, Office & Home Furniture Retailers and Manufacturers|2026-09-10|Accelerating|ETD,ARHS,W,HNI,MLKN,WSM
Commercial Real Estate Brokerage & Advisory Services|2026-09-10|Fading|CBRE,JLL
Consumer Fintech & Digital Credit Platforms|2026-09-10|Fading|BFH,PAGS,INTR,CHYM,SEZL,PGY,OMF,SOFI,DAVE,NU,KSPI,SLM,PYPL,XYZ
Consumer PC & Gaming Hardware Refresh Cycle|2026-09-10|Nascent|CRSR,HPQ
Copper Mining & Production|2026-09-10|Mainstream|RIO,IE,FCX,SCCO,BHP,ERO,TECK,HBM
Corporate Bitcoin Treasury Holding Companies|2026-09-10|Nascent|SBET,BMNR,ASST,PURR
Corporate Spend, Expense Management & Financial Operations Software|2026-09-10|Nascent|WEX,CPAY,BILL
Custody & Securities Servicing Banks|2026-09-10|Nascent|BNY,NTRS,STT
Customer Engagement & Marketing/CX SaaS Platforms|2026-09-10|Fading|HUBS,FRSH,BRZE,AMPL
Cyber Exposure Management & Vulnerability Assessment|2026-09-10|Retired|
Defense Electronics & Aerospace Subsystem Suppliers|2026-09-10|Mainstream|EMBJ,ARXS,ATI,ATRO,RTX
Defense Intelligence & Cybersecurity IT Contractors|2026-09-10|Accelerating|CACI,LDOS,EFOR
Defensive Consumer Staples Rotation|2026-09-10|Fading|GO,MKC,UTZ,PM,DG,PPC,TGT,KHC,DEO,UL,TBBB,EPC,MDLZ,GIS,KR,DLTR
Diabetes Management Devices (CGM, Insulin Pumps & Delivery)|2026-09-10|Fading|DXCM,BBNX,TNDM
Digital Insurance Distribution & InsurTech Platforms|2026-09-10|Fading|GSHD,NP,PRCH,LIFE
Diversified Power Generation Capacity Expansion for AI Electricity Demand|2026-09-10|Nascent|HNRG,OGE,CEG,FRVO,KEP
Emerging Market Digital Payment Processors|2026-09-10|Nascent|PAYP,STNE
Emerging Quantum Computing Pure-Plays (RGTI/IONQ/QBTS)|2026-09-10|Nascent|RGTI,IONQ,QBTS
Energy Supply Disruption: Strait of Hormuz Crisis|2026-09-10|Nascent|CRC,MTDR,NEXT,DUK,SO,PBR,OXY,XPRO,AEE,SM,NOG,HESM,TTE,CNQ,CHRD,MPLX,OKE,ES,SU,EC,VG,CVX,VET,WDS,CRGY,CVE,DEC,EPD,OVV,PR,LNG,SHEL,PBA,PNW,EOG,FANG,HAL,DVN,CNX,RRC,YPF,EQT,EQNR,COP,SLB,VIST,APA,NOV,MUR,PAGP,CNP,BP,WHD,XOM,EXE,PAA,AEP,FTK,NESR
Enterprise HR & Workforce Management SaaS|2026-09-10|Mainstream|PAYC,ADP,PCTY,PAYX,WDAY,ALIT
Enterprise Server, Storage & Data Infrastructure Hardware|2026-09-10|Fading|NTAP,STX,SMCI,ANET,DELL,HPE,CSCO,NTNX
Enterprise Unstructured Data Storage Infrastructure|2026-09-10|Mainstream|DBX,QMCO,BOX
European Bank Stocks|2026-09-10|Mainstream|LYG,DB,BCS,UBS,NWG,BBVA,HSBC,SAN,ING
Farm Economy Value Chain Re-Rating|2026-09-10|Accelerating|CTVA,CF,AGCO,FMC,MOS,CNH,NTR
For-Profit Postsecondary & Vocational Education|2026-09-10|Fading|CVSA,PRDO,LOPE,STRA,LAUR
Frozen Foods Producers|2026-09-10|Fading|LW,CAG,SJM,NOMD
Genetic Medicine: Gene Editing & Gene Therapy Innovators|2026-09-10|Fading|SRPT,FDMT,MGTX,QURE
Genomics & DNA Sequencing Tools|2026-09-10|Mainstream|TXG,NTRA,GRAL,ILMN,BRKR,QGEN,WGS,TWST,GH
Global Agriculture Value Chain Recovery|2026-09-10|Mainstream|DOLE,BG,CTVA,ADM,AGCO,FMC,CNH,DE,AGRO
Global Steel & Metal Producers Recovery|2026-09-10|Nascent|TX,STLD,MT,CLF,NUE
Gold & Precious Metals Miners Rotation|2026-09-10|Mainstream|CGAU,GFI,EQX,SBSW,AUGO,EGO,FNV,RGLD,IAG,NEM,B,KGC,AAUC,AEM,ARIS,HMY,AU,MUX,SSRM
Grocery-Anchored Shopping Center REIT Momentum Reversal|2026-09-10|Fading|KIM,KRG,FRT,REG
Homebuilders & Housing Value Chain Rate-Cut Rotation|2026-09-10|Fading|GRBK,MHO,NVR
Hospital & Behavioral Health Facility Procedure Volume Recovery|2026-09-10|Fading|UHS,THC,EHC,MD,ACHC
Independent Petroleum Refining & Marketing Margin Upcycle|2026-09-10|Retired|
Industrial Construction Execution & On-Site Supply Chain|2026-09-10|Fading|TTEK,DNOW,KBR,FLR,J,TPC,ACA
Industrial Equipment & Flow Control – Capex Cycle Recovery|2026-09-10|Fading|FLS,EMR,VLTO,LECO,DCI
Inflammatory Disease & Immunology Biologics|2026-09-10|Fading|VERA,ORKA,DNTH,CLDX,NRIX,ZBIO,TRAX,CLYM,IMVT,PHVS,AUPH,BHVN,APGE
Insurance Brokerage & Distribution Services|2026-09-10|Fading|BRO,RYAN,AJG,BWIN,WTW
IT Consulting & Business Process Outsourcing Services|2026-09-10|Fading|DXC,CNXC,CTSH,ACN,KD,GLOB,IT,EPAM,EXLS
Latin American Silver & Gold Mining Operators|2026-09-10|Accelerating|PAAS,FSM,BVN,AGI,AG
Life Insurance & Annuity Providers|2026-09-10|Mainstream|MET,MFC,UNM,PRU,LNC,PFG,VOYA,SLF
Life Sciences & Healthcare Data/CRM Platforms|2026-09-10|Fading|DOCS,TEM,VEEV
Life Science Tools & Analytical Instruments|2026-09-10|Fading|IQV,WAT,ICLR,TECH,CRL,DHR,RVTY,A,MTD,RGEN,FTRE,AZTA,TMO,AVTR
Lodging & Hotel REITs|2026-09-10|Fading|DRH,RLJ,PEB,RHP,PK,SHO
Major U.S. Network Airlines Correlation|2026-09-10|Retired|
Management & Business Advisory Consulting Firms|2026-09-10|Nascent|HURN,CBZ
Marketing & Digital Presence SaaS Platforms|2026-09-10|Fading|ZETA,WIX,SPT,GDDY
Media Streaming & Entertainment Content Turnaround|2026-09-10|Fading|SPOT,PSKY
Medical Device Mean-Reversion & Rotation Recovery|2026-09-10|Fading|EW,RMD,GKOS,SOLV,BAX,TMDX,HAE,ABT,INSP,TFX,MDT,GEHC,BDX,ATRC,LIVN
Metallurgical & Thermal Coal Mining Rebound|2026-09-10|Mainstream|AMR,HCC,METC,SXC
Mobile SoC & Wireless Connectivity Semiconductors|2026-09-10|Nascent|QCOM,SWKS,QRVO
Molecular & Genomic Diagnostic Testing|2026-09-10|Fading|CDNA,BLLN,VCYT,PSNL
Multifamily Apartment REITs|2026-09-10|Fading|VMRK,ESS,CPT
Natural Gas Shale Drilling Value Chain: E&P, Proppant & Tubular Steel|2026-09-10|Nascent|CRK,AESI,TS
Network Security & Zero-Trust Edge|2026-09-10|Fading|GEN,S,PANW,SAIL,OKTA,CHKP,VRNS,NTSK,FTNT,ZS,CRWD,NET,CVLT,RBRK,FFIV
Newly Public Digital Trading & Brokerage Platforms|2026-09-10|Nascent|BLSH,BULL
Non-Alcoholic Beverages & Energy Drinks|2026-09-10|Fading|CCEP,KO,KDP
Office REIT Recovery & Re-Rating|2026-09-10|Fading|SLG,CDP,HIW,BXP
Oil & Product Tanker Shipping|2026-09-10|Nascent|DHT,FRO,INSW,NAT,STNG,TNK,TRMD,LPG
Oil Refining & Marketing|2026-09-10|Nascent|SWX,NJR,DK,HLX,PSX,WMB,AESI,OGS,CVI,OKE,SDRL,SR,PARR,TDW,CRK,VAL,ATO,TS,FTI,DINO,PBF,VLO,KMI,MPC,AM,NE,DTM,OII
Oncology Therapeutics RS Turnaround|2026-09-10|Nascent|GMAB,ZYME,XNCR,SMMT,ZLAB,GILD,INCY,REPL,CGEM,RVMD,ELVN,TGTX,KURA,SLS,EXEL
Optical Networking & Photonics Components for AI Data Centers|2026-09-10|Retired|
Orthopedic Surgical Devices & Instruments|2026-09-10|Fading|CNMD,MMSI,ZBH
Peptide & Hormone Therapies for Metabolic & Endocrine Disorders|2026-09-10|Fading|PTGX,CRNX,CORT,MBX,XERS
Precious Metals Miners Velocity Breakout|2026-09-10|Mainstream|AYA,ASM,FSM,PPTA,SA,SKE,WPM
Precious Metals Royalty & Streaming Companies|2026-09-10|Mainstream|TFPM,OR,FNV,RGLD,WPM
Private Equity & Alternative Asset Management Platforms|2026-09-10|Fading|HLNE,BX,APO,ARES,STEP,TPG,KKR,BAM,OWL
Private Mortgage Insurance|2026-09-10|Mainstream|NMIH,MTG,ESNT
Property & Casualty Insurance Underwriters (Broad Re-rating Cycle)|2026-09-10|Fading|RLI,THG,EG,CB,SKWD,RNR,AFG,HCI,SPNT,MKL,TRV,SLDE,ALL
Pure-Play NAND/DRAM Memory Chip Makers|2026-09-10|Accelerating|MU,SIMO,SKHY,SNDK
Quantum Computing Hardware Momentum Reversal|2026-09-10|Fading|QUBT,INFQ
Quick-Service & Fast-Casual Restaurant Chains|2026-09-10|Fading|QSR,CMG
Regulated Electric Utility Defensive Rotation|2026-09-10|Nascent|ED,EVRG,ETR,FTS,EXC,DTE,PEG,LNT,CMS
Regulated Natural Gas Distribution Utilities|2026-09-10|Nascent|SR,NJR,OGS,SWX,ATO
Renewable & Specialty Fuels Chemical Producers|2026-09-10|Nascent|CLMT,MEOH,SSL
Restaurant Chain Recovery|2026-09-10|Mainstream|CAKE,TXRH,CBRL,BLMN,DRI,EAT
RF & Analog Wireless Connectivity Semiconductor Makers|2026-09-10|Nascent|SWKS,QRVO
Robotic Process Automation & Low-Code Workflow Execution|2026-09-10|Fading|APPN,PATH
Semiconductor Foundry & Advanced Packaging Manufacturing|2026-09-10|Nascent|TSM,ASX,UMC,INTC
Semiconductor Test, Yield & Assembly Supply Chain|2026-09-10|Nascent|PDFS,SANM,TER,COHU
Senior Care Services & Real Estate Value Chain|2026-09-10|Nascent|GRDN,LTC,OHI,SBRA
Silver-Focused Primary Miners|2026-09-10|Nascent|EXK,HL,CDE,SVM,AG
Single-Family & Manufactured Home Rental REITs|2026-09-10|Fading|AMH,ELS
Skilled Nursing & Senior Housing Healthcare REITs|2026-09-10|Accelerating|SBRA,WELL,JAN,OHI,CTRE
Software Development & DevOps Collaboration Platforms|2026-09-10|Mainstream|GTLB,TEAM,FROG
Space Economy: Satellite Communications & Launch Services|2026-09-10|Nascent|IRDM,RDW,RKLB
Specialty Retail Short-Squeeze Momentum Basket|2026-09-10|Nascent|ASO,SIG,GME
Super-Regional Bank RS Reversal|2026-09-10|Nascent|FITB,FHN,CFG,HBAN
Super-Regional & National Consumer Bank Rally|2026-09-10|Nascent|USB,PNC,MTB,KEY,VLY
Trucking & Freight Carrier Rate Recovery|2026-09-10|Fading|SNDR,JBHT,WERN,KNX,ARCB
Uranium Mining & Nuclear Fuel Cycle Producers|2026-09-10|Fading|NXE,UEC,CCJ
U.S. Apparel & Fashion Recovery|2026-09-10|Mainstream|GAP,WWW,URBN,ANF,SHOO
U.S. Domestic Passenger Airlines|2026-09-10|Fading|ALK,LUV,UAL,DAL
U.S. Regional & Mid-Cap Commercial Banks|2026-09-10|Fading|NWBI,SBCF,UMBF,FCF,WSFS,RF,USB,CFG,SSB,BUSE,EWBC,HWC,ZION,MTB,HOPE,FBP,CBC,WSBC,PNC,PNFP,SFNC,HOMB,UBSI
Vaccine & Antiviral Therapeutics Rebound|2026-09-10|Nascent|NVAX,MRNA,BNTX,VIR
Video & Streaming Content Distribution Rebound|2026-09-10|Fading|FUBO,ROKU,RUM
Wealth Management & Retail Brokerage Platforms|2026-09-10|Fading|JEF,BEN,RJF,AMP,APAM,BGC,VIRT,WT,SF,IBKR,SCHW,XP,LPLA,ITUB,IVZ,MS,VCTR,GS,HOOD,FUTU,SEIC
Advanced Nuclear Reactor Developers & Radiation Technology|2026-09-11|Fading|SMR,MIR
Agency Mortgage REITs|2026-09-11|Fading|NLY,DX
AI Data Center High-Speed Interconnect & Signal Integrity Chipmakers|2026-09-11|Accelerating|LITE,GLW,COHR,ALAB,RMBS,APH
AI-Driven Diagnostics & Imaging Re-Rating|2026-09-11|Fading|DGX,CDNA,RDNT,HTFL,TEM,LH,ADPT,CAI
AI-Driven Memory & Storage Supply Shortage|2026-09-11|Nascent|NVDA,SKHY,AMD,TSM,SMTC,MU,MRVL,ASML
AI-Powered Enterprise Analytics & Intelligent Workflow SaaS|2026-09-11|Fading|PLTR,SAP,MSFT,ASAN,CRM,AI,MNDY,PEGA,PD,INTA,APPN,ORCL,AVPT,PATH,DOCU,NOW
AI Server & GPU Rack Infrastructure Manufacturers|2026-09-11|Nascent|DELL,SMCI
Altcoin & Diversified Digital-Asset Infrastructure Second Wave|2026-09-11|Fading|IOND,FIGR
Annuity-Focused Insurers|2026-09-11|Nascent|JXN,EQH,CNO,CRBG
Apartment & Single-Family Rental REITs|2026-09-11|Nascent|ESS,CPT,MAA,UDR,AMH,INVH
Argentine Equities Reform Rally|2026-09-11|Fading|PAM,GGAL
B2B Digital Financial Infrastructure & Payment Rails Modernization|2026-09-11|Fading|SSNC,PAY,QTWO,JKHY,ALKT,NCNO,DLO,ACIW,BR
Bitcoin Miners Pivoting to AI/HPC Data Center Hosting|2026-09-11|Nascent|CIFR,APLD,WULF
Bitcoin Mining Equities Momentum Basket|2026-09-11|Fading|HUT,CLSK,RIOT,MARA,WULF
Bitcoin Mining Stocks Rotation Reversal|2026-09-11|Nascent|IOND,CLSK,RIOT
Bitcoin Treasury & Crypto Proxy Equities Correlation Basket|2026-09-11|Nascent|GLXY,ASST,COIN,SBET,CRCL,PURR,IREN,BMNR
Brazilian Financial Services Momentum|2026-09-11|Nascent|ITUB,XP,INTR
Business Development Companies & Private Credit Lenders|2026-09-11|Nascent|HTGC,FSK,OBDC,ARCC,TRIN,CSWC,OTF
Canadian Big Banks|2026-09-11|Fading|RY,BMO,BNS,TD,CM
Cardiac & Bioelectric Ablation Device Innovators|2026-09-11|Nascent|PLSE,ATRC
Cloud Application Software Rotation (Oversold Turning Up)|2026-09-11|Fading|DUOL,APPF,PCOR
Cloud Contact Center & CCaaS Communication Platforms|2026-09-11|Fading|TWLO,FIVN,NICE,RNG
Cloud Data Storage & Analytics Infrastructure|2026-09-11|Fading|SNOW,MDB,ESTC
Cloud Supply Chain & Warehouse Management Software|2026-09-11|Mainstream|SPSC,MANH
Coal Mining Relative Strength Breakout|2026-09-11|Retired|
Commercial, Office & Home Furniture Retailers and Manufacturers|2026-09-11|Accelerating|HNI,MLKN,ETD,W,WSM,ARHS
Commercial Real Estate Brokerage & Advisory Services|2026-09-11|Fading|CBRE,JLL
Consumer Fintech & Digital Credit Platforms|2026-09-11|Fading|PGY,DAVE,SLM,XYZ,KSPI,OMF,SEZL,INTR,CHYM,BFH,NU,SOFI,PYPL,PAGS
Consumer PC & Gaming Hardware Refresh Cycle|2026-09-11|Nascent|CRSR,HPQ
Copper Mining & Production|2026-09-11|Fading|BHP,TECK,HBM,ERO,RIO,IE,SCCO,FCX
Corporate Bitcoin Treasury Holding Companies|2026-09-11|Retired|
Corporate Spend, Expense Management & Financial Operations Software|2026-09-11|Nascent|WEX,BILL,CPAY
Custody & Securities Servicing Banks|2026-09-11|Nascent|BNY,STT,NTRS
Customer Engagement & Marketing/CX SaaS Platforms|2026-09-11|Fading|FRSH,AMPL,HUBS
Defense Electronics & Aerospace Subsystem Suppliers|2026-09-11|Fading|RTX,ATRO,ATI,ARXS,EMBJ
Defense Intelligence & Cybersecurity IT Contractors|2026-09-11|Accelerating|LDOS,EFOR,CACI
Defensive Consumer Staples Rotation|2026-09-11|Fading|DLTR,UTZ,GIS,DG,DEO,GO,KHC,UL,EPC,TGT,PPC,KR,TBBB,MKC,PM,MDLZ
Diabetes Management Devices (CGM, Insulin Pumps & Delivery)|2026-09-11|Fading|DXCM,BBNX,TNDM
Digital Advertising & Ad-Tech Monetization Platforms|2026-09-11|Nascent|DV,TJGC,RBLX
Digital Insurance Distribution & InsurTech Platforms|2026-09-11|Fading|GSHD,LIFE,PRCH,NP
Diversified Power Generation Capacity Expansion for AI Electricity Demand|2026-09-11|Nascent|OGE,CEG,HNRG,KEP
Emerging Market Digital Payment Processors|2026-09-11|Fading|PAYP,STNE
Emerging Quantum Computing Pure-Plays (RGTI/IONQ/QBTS)|2026-09-11|Fading|RGTI,IONQ
Energy Supply Disruption: Middle East Geopolitical Risk|2026-09-11|Mainstream|BTU,CNR,PR,CNX,VG,CVX,SLB,VET,NEXT,SHEL,DVN,PBA,EXE,TTE,MPLX,XPRO,NOV,MTDR,OKE,EPD,EQT,RRC,CRC,YPF,BP,DEC,WHD,PBR,WDS,CRGY,PAA,FTK,CHRD,HAL,XOM,CVE,NOG,MUR,EQNR,COP,EOG,HESM,SM,APA,SU,NESR,OXY,FANG,OVV,PAGP,EC,CNQ,VIST,LNG,PTEN,TALO,HP,WTTR,AR
Energy Supply Disruption: Strait of Hormuz Crisis|2026-09-11|Retired|
Enterprise HR & Workforce Management SaaS|2026-09-11|Mainstream|PAYX,ADP,PCTY,ALIT,WDAY,PAYC
Enterprise Server, Storage & Data Infrastructure Hardware|2026-09-11|Fading|NTNX,STX,NTAP,DELL,ANET,SMCI,HPE,CSCO
Enterprise Unstructured Data Storage Infrastructure|2026-09-11|Mainstream|QMCO,BOX,DBX
European Bank Stocks|2026-09-11|Retired|
Farm Economy Value Chain Re-Rating|2026-09-11|Accelerating|CTVA,CF,NTR,CNH,FMC,MOS,AGCO
For-Profit Postsecondary & Vocational Education|2026-09-11|Fading|CVSA,PRDO,LOPE,STRA,LAUR
Frozen Foods Producers|2026-09-11|Fading|LW,CAG,SJM,NOMD
Genetic Medicine: Gene Editing & Gene Therapy Innovators|2026-09-11|Fading|SRPT,FDMT,MGTX,QURE
Genomics & DNA Sequencing Tools|2026-09-11|Fading|QGEN,TWST,WGS,ILMN,NTRA,GH,BRKR,TXG,GRAL
Global Agriculture Value Chain Recovery|2026-09-11|Mainstream|BG,CTVA,DOLE,CNH,FMC,ADM,AGCO,DE,AGRO
Global Bank Stocks: Rising-Rate NIM Expansion Play|2026-09-11|Mainstream|NWG,DB,BCS,SAN,ING,BBVA,UBS,HSBC,LYG
Global Steel & Metal Producers Recovery|2026-09-11|Nascent|STLD,NUE,MT,TX,CLF
Gold & Precious Metals Miners Rotation|2026-09-11|Fading|HMY,SSRM,B,ARIS,AUGO,FNV,EGO,CGAU,AU,AAUC,KGC,NEM,GFI,AEM,SBSW,MUX,RGLD,IAG,EQX
Grain Merchandising & Agribusiness Origination|2026-09-11|Nascent|ANDE,ADM,BG
Grocery-Anchored Shopping Center REIT Momentum Reversal|2026-09-11|Fading|KIM,KRG,FRT,REG
Homebuilders & Housing Value Chain Rate-Cut Rotation|2026-09-11|Fading|GRBK,MHO,NVR
Hospital & Behavioral Health Facility Procedure Volume Recovery|2026-09-11|Fading|THC,ACHC,UHS,MD,EHC
Industrial Construction Execution & On-Site Supply Chain|2026-09-11|Fading|TPC,TTEK,J,DNOW,ACA,KBR,FLR
Industrial Equipment & Flow Control – Capex Cycle Recovery|2026-09-11|Fading|FLS,EMR,VLTO,DCI
Inflammatory Disease & Immunology Biologics|2026-09-11|Fading|CLDX,IMVT,TRAX,CLYM,ZBIO,VERA,AUPH,DNTH,PHVS,ORKA,BHVN,NRIX,APGE
Insurance Brokerage & Distribution Services|2026-09-11|Fading|BRO,RYAN,AJG,BWIN,WTW
IT Consulting & Business Process Outsourcing Services|2026-09-11|Accelerating|EXLS,CNXC,EPAM,DXC,IT,KD,CTSH,GLOB,ACN
Latin American Silver & Gold Mining Operators|2026-09-11|Fading|PAAS,FSM,BVN,AGI,AG
Legacy Telecom & Pay-TV/Broadcasting Distribution Rebound|2026-09-11|Nascent|CHTR,TDS,ECHO,NMAX
Life Insurance & Annuity Providers|2026-09-11|Mainstream|PFG,LNC,PRU,MET,UNM,VOYA,MFC,SLF
Life Sciences & Healthcare Data/CRM Platforms|2026-09-11|Fading|TEM,DOCS,VEEV
Life Science Tools & Analytical Instruments|2026-09-11|Fading|RVTY,CRL,TECH,FTRE,RGEN,DHR,WAT,TMO,AZTA,A,MTD,ICLR,AVTR,IQV
Lodging & Hotel REITs|2026-09-11|Fading|DRH,PK,SHO,RLJ,RHP,PEB
Management & Business Advisory Consulting Firms|2026-09-11|Nascent|HURN,CBZ
Marketing & Digital Presence SaaS Platforms|2026-09-11|Fading|SPT,ZETA,GDDY,WIX
Media Streaming & Entertainment Content Turnaround|2026-09-11|Fading|SPOT,PSKY
Medical Device Mean-Reversion & Rotation Recovery|2026-09-11|Fading|RMD,MDT,HAE,GKOS,TMDX,BAX,TFX,BDX,LIVN,ABT,INSP,SOLV,ATRC,EW
Metallurgical & Thermal Coal Mining Rebound|2026-09-11|Fading|AMR,HCC,SXC
Microreactor & Small Modular Reactor Pure-Play Developers|2026-09-11|Nascent|SMR,XE,NNE,OKLO
Mobile SoC & Wireless Connectivity Semiconductors|2026-09-11|Retired|
Molecular & Genomic Diagnostic Testing|2026-09-11|Fading|VCYT,CDNA,PSNL,BLLN
Multifamily Apartment REITs|2026-09-11|Fading|VMRK,ESS,CPT
Natural Gas Shale Drilling Value Chain: E&P, Proppant & Tubular Steel|2026-09-11|Retired|
Network Security & Zero-Trust Edge|2026-09-11|Fading|VRNS,OKTA,SAIL,GEN,RBRK,NTSK,CHKP,NET,CRWD,S,FFIV,CVLT,PANW,FTNT,ZS
Neurology & Rare Disease CNS Biopharmaceuticals|2026-09-11|Nascent|AXSM,BIIB,EWTX,BMRN,ARWR
Newly Public Digital Trading & Brokerage Platforms|2026-09-11|Nascent|BLSH,BULL
Non-Alcoholic Beverages & Energy Drinks|2026-09-11|Fading|CCEP,KO,KDP
Office REIT Recovery & Re-Rating|2026-09-11|Fading|SLG,CDP,HIW,BXP
Oil & Product Tanker Shipping|2026-09-11|Accelerating|NAT,TRMD,SO,DHT,FRO,TNK,PNW,ATO,NI,STNG,ES,AEE,INSW,CNP,WEC,UGI,DUK
Oil Refining & Marketing|2026-09-11|Nascent|OGS,DTM,NJR,HLX,DK,KMI,DINO,NE,AESI,SWX,PARR,OKE,MPC,PSX,FTI,SDRL,AM,CVI,SR,TS,WMB,VAL,PBF,TDW,VLO,OII,CRK
Oncology Therapeutics RS Turnaround|2026-09-11|Fading|KURA,SMMT,RVMD,EXEL,CGEM,SLS,GILD,TGTX,ZYME,INCY,REPL,ZLAB,XNCR,ELVN,GMAB,JANX
Optical Networking & Photonics Components for AI Data Centers|2026-09-11|Nascent|LITE,COHR,GLW
Orthopedic Surgical Devices & Instruments|2026-09-11|Fading|CNMD,MMSI,ZBH
Peptide & Hormone Therapies for Metabolic & Endocrine Disorders|2026-09-11|Fading|PTGX,CRNX,CORT,MBX
Precious Metals Miners Velocity Breakout|2026-09-11|Mainstream|PPTA,FSM,ASM,AYA,WPM,SA,SKE
Precious Metals Royalty & Streaming Companies|2026-09-11|Mainstream|TFPM,OR,FNV,RGLD,WPM
Private Equity & Alternative Asset Management Platforms|2026-09-11|Fading|KKR,BX,APO,STEP,TPG,HLNE,OWL,ARES
Private Mortgage Insurance|2026-09-11|Mainstream|NMIH,ESNT,MTG
Property & Casualty Insurance Underwriters (Broad Re-rating Cycle)|2026-09-11|Fading|SLDE,AFG,THG,MKL,RNR,EG,HCI,SKWD,RLI,CB,SPNT,ALL,TRV
Pure-Play NAND/DRAM Memory Chip Makers|2026-09-11|Accelerating|SIMO,SNDK,SKHY,MU
Quantum Computing Pure-Plays (Federal Funding Cycle)|2026-09-11|Fading|QUBT,INFQ
Quick-Service & Fast-Casual Restaurant Chains|2026-09-11|Retired|
Regulated Electric Utility Defensive Rotation|2026-09-11|Fading|ED,EVRG,ETR,FTS,EXC,DTE,PEG,LNT,CMS
Regulated Natural Gas Distribution Utilities|2026-09-11|Retired|
Renewable & Specialty Fuels Chemical Producers|2026-09-11|Nascent|CLMT,MEOH,SSL
Restaurant Chain Recovery|2026-09-11|Mainstream|EAT,DRI,CBRL,CAKE,BLMN
RF & Analog Wireless Connectivity Semiconductor Makers|2026-09-11|Nascent|SWKS,QCOM,QRVO
Robotic Process Automation & Low-Code Workflow Execution|2026-09-11|Fading|APPN,PATH
Semiconductor Foundry & Advanced Packaging Manufacturing|2026-09-11|Nascent|INTC,UMC,TSM,ASX
Semiconductor Test, Yield & Assembly Supply Chain|2026-09-11|Nascent|COHU,SANM,PDFS,TER
Senior Care Services & Real Estate Value Chain|2026-09-11|Nascent|OHI,SBRA,LTC
Silver-Focused Primary Miners|2026-09-11|Fading|HL,EXK,AG,SVM,CDE
Single-Family & Manufactured Home Rental REITs|2026-09-11|Fading|AMH,ELS
Skilled Nursing & Senior Housing Healthcare REITs|2026-09-11|Accelerating|OHI,CTRE,SBRA,JAN,WELL
Software Development & DevOps Collaboration Platforms|2026-09-11|Mainstream|FROG,TEAM,GTLB
Space Economy: Satellite Communications & Launch Services|2026-09-11|Fading|IRDM,RDW,SPCX
Specialty Retail Short-Squeeze Momentum Basket|2026-09-11|Nascent|SIG,ASO,GME
Super-Regional Bank RS Reversal|2026-09-11|Nascent|FITB,FHN,HBAN,CFG
Super-Regional & National Consumer Bank Rally|2026-09-11|Nascent|KEY,VLY
Trucking & Freight Carrier Rate Recovery|2026-09-11|Fading|SNDR,JBHT,WERN,KNX,ARCB
Uranium Mining & Nuclear Fuel Cycle Producers|2026-09-11|Fading|NXE,CCJ
U.S. Apparel & Fashion Recovery|2026-09-11|Mainstream|GAP,ANF,SHOO,WWW,URBN
U.S. Domestic Passenger Airlines|2026-09-11|Fading|ALK,LUV,UAL,DAL
U.S. Regional & Mid-Cap Commercial Banks|2026-09-11|Retired|
Vaccine & Antiviral Therapeutics Rebound|2026-09-11|Nascent|VIR,MRNA,NVAX
Video & Streaming Content Distribution Rebound|2026-09-11|Accelerating|ROKU,FUBO
Wealth Management & Retail Brokerage Platforms|2026-09-11|Fading|BEN,SEIC,IBKR,GS,AMP,LPLA,FUTU,WT,XP,RJF,IVZ,SCHW,JEF,VCTR,APAM,HOOD,BGC,MS,VIRT,SF
Advanced Nuclear Reactor Developers & Radiation Technology|2026-09-14|Fading|SMR,XE,MIR
Agency Mortgage REITs|2026-09-14|Fading|NLY,DX
AI Data Center High-Speed Interconnect & Signal Integrity Chipmakers|2026-09-14|Fading|RMBS,GLW,LITE,APH,ALAB
AI-Driven Diagnostics & Imaging Re-Rating|2026-09-14|Fading|CDNA,HTFL,TEM,CAI,ADPT,DGX,RDNT,LH
AI-Driven Memory & Storage Supply Shortage|2026-09-14|Nascent|NVDA,SKHY,MU,SMTC,AMD,MRVL,TSM
AI monetization|2026-09-14|Nascent|NMAX,TEAM,U
AI-Powered Enterprise Analytics & Intelligent Workflow SaaS|2026-09-14|Fading|SAP,INTA,APPN,PLTR,ASAN,MNDY,PD,ORCL,NOW,MSFT,DOCU,PEGA,CRM,AI,PATH,AVPT
AI Server & GPU Rack Infrastructure Manufacturers|2026-09-14|Nascent|DELL,SMCI
Altcoin & Diversified Digital-Asset Infrastructure Second Wave|2026-09-14|Retired|
Annuity-Focused Insurers|2026-09-14|Nascent|JXN,CNO,CRBG,EQH
Apartment & Single-Family Rental REITs|2026-09-14|Fading|VMRK,ESS,CPT
Argentine Equities Reform Rally|2026-09-14|Fading|PAM,GGAL
B2B Digital Financial Infrastructure & Payment Rails Modernization|2026-09-14|Fading|SSNC,PAY,DLO,ACIW,NCNO,ALKT,JKHY,BR,QTWO,MQ
Bank Stocks: Rising-Rate NIM Expansion|2026-09-14|Nascent|BCS,BBVA,DB,SAN,UBS,HSBC,LYG,ING,NWG,CFG,FITB,HBAN,FHN,KEY,VLY
Bitcoin Miners Pivoting to AI/HPC Data Center Hosting|2026-09-14|Fading|CIFR,APLD
Bitcoin Mining Equities Momentum Basket|2026-09-14|Fading|HUT,MARA,WULF,RIOT,CLSK
Bitcoin Mining Stocks Rotation Reversal|2026-09-14|Nascent|CLSK,IOND,RIOT,FIGR
Bitcoin Treasury & Crypto Proxy Equities Correlation Basket|2026-09-14|Nascent|BMNR,IREN,PURR,GLXY,SBET,COIN,CRCL
Blank-Check SPAC Shell Speculation|2026-09-14|Nascent|NMP,LWAC
Brazilian Financial Services Momentum|2026-09-14|Nascent|ITUB,XP,INTR
Brazil Macro Re-Rating: Energy + Financials + Fintech|2026-09-14|Nascent|PBR,ITUB,PAGS
Business Development Companies & Private Credit Lenders|2026-09-14|Fading|HTGC,OTF,FSK,ARCC,TRIN,OBDC,CSWC
Canadian Big Banks|2026-09-14|Fading|BNS,RY,TD,CM,BMO
Cardiac & Bioelectric Ablation Device Innovators|2026-09-14|Nascent|PLSE,ATRC
Cloud Application Software Rotation (Oversold Turning Up)|2026-09-14|Fading|DUOL,PCOR,APPF
Cloud Contact Center & CCaaS Communication Platforms|2026-09-14|Fading|RNG,TWLO,FIVN,NICE
Cloud Data Storage & Analytics Infrastructure|2026-09-14|Fading|MDB,SNOW,ESTC
Cloud Supply Chain & Warehouse Management Software|2026-09-14|Mainstream|SPSC,MANH
Commercial, Office & Home Furniture Retailers and Manufacturers|2026-09-14|Accelerating|ARHS,W,HNI,MLKN,WSM,ETD
Commercial Real Estate Brokerage & Advisory Services|2026-09-14|Fading|CBRE,JLL
Consumer Fintech & Digital Credit Platforms|2026-09-14|Fading|KSPI,SOFI,INTR,NU,SLM,BFH,CHYM,OMF,SEZL,PYPL,DAVE,PGY,XYZ,PAGS
Consumer PC & Gaming Hardware Refresh Cycle|2026-09-14|Nascent|HPQ,CRSR
Copper Mining & Production|2026-09-14|Fading|BHP,TECK,HBM,ERO,RIO,SCCO,FCX
Corporate Spend, Expense Management & Financial Operations Software|2026-09-14|Nascent|WEX,CPAY,BILL
CRISPR Gene Editing & Synthetic DNA Tool Makers|2026-09-14|Nascent|CRSP,NTLA,TWST
Custody & Securities Servicing Banks|2026-09-14|Nascent|STT,NTRS,BNY
Customer Engagement & Marketing/CX SaaS Platforms|2026-09-14|Fading|AMPL,FRSH,HUBS
Cyber Exposure Management & Vulnerability Assessment|2026-09-14|Nascent|RPD,TENB,QLYS
Defense Electronics & Aerospace Subsystem Suppliers|2026-09-14|Fading|ATRO,ARXS,EMBJ,RTX,ATI
Defense Intelligence & Cybersecurity IT Contractors|2026-09-14|Accelerating|LDOS,EFOR,CACI
Defensive Consumer Staples Rotation|2026-09-14|Fading|KR,PPC,TBBB,EPC,KHC,GO,PM,DEO,MKC,UTZ,DLTR,DG,TGT,UL,MDLZ
Diabetes Management Devices (CGM, Insulin Pumps & Delivery)|2026-09-14|Fading|DXCM,BBNX,TNDM
Digital Advertising & Ad-Tech Monetization Platforms|2026-09-14|Nascent|TJGC,DV,RBLX,MGNI
Digital Insurance Distribution & InsurTech Platforms|2026-09-14|Fading|PRCH,LIFE,GSHD,NP
Diversified Power Generation Capacity Expansion for AI Electricity Demand|2026-09-14|Fading|OGE,CEG,HNRG,KEP
Emerging Market Digital Payment Processors|2026-09-14|Fading|PAYP,STNE
Emerging Medical Device Innovators Breakout|2026-09-14|Nascent|ATEC,INSP,ITGR
Emerging Quantum Computing Pure-Plays (RGTI/IONQ/QBTS)|2026-09-14|Fading|RGTI,IONQ
Energy Supply Disruption: Middle East Geopolitical Risk|2026-09-14|Mainstream|COP,HESM,YPF,CHRD,TTE,OXY,XPRO,VET,EXE,PAA,DEC,VG,EC,EQT,AR,EOG,FANG,OVV,PBA,NOV,CRGY,CNQ,BP,SU,PAGP,OKE,NEXT,WDS,SM,APA,EPD,BTU,CRC,MPLX,DVN,VIST,WTTR,CVX,TALO,CVE,EQNR,SHEL,MTDR,NOG,PBR,CNR,HAL,XOM,LNG,RRC,MUR,CNX,SLB
Enterprise HR & Workforce Management SaaS|2026-09-14|Mainstream|PCTY,ALIT,PAYC,ADP,WDAY,PAYX
Enterprise Server, Storage & Data Infrastructure Hardware|2026-09-14|Fading|HPE,ANET,STX,NTAP,NTNX,SMCI,CSCO,DELL
Enterprise Unstructured Data Storage Infrastructure|2026-09-14|Mainstream|QMCO,BOX,DBX
Farm Economy Value Chain Re-Rating|2026-09-14|Nascent|CNH,CTVA,MOS,AGCO,CF,NTR,FMC
For-Profit Postsecondary & Vocational Education|2026-09-14|Fading|CVSA,PRDO,LOPE,STRA,LAUR
Frozen Foods Producers|2026-09-14|Fading|LW,CAG,SJM,NOMD
Genetic Medicine: Gene Editing & Gene Therapy Innovators|2026-09-14|Fading|QURE,SRPT,FDMT,MGTX
Genomics & DNA Sequencing Tools|2026-09-14|Fading|TWST,WGS,BRKR,TXG,GRAL,ILMN,NTRA,QGEN,GH
Global Agriculture Value Chain Recovery|2026-09-14|Mainstream|ADM,CNH,BG,DOLE,CTVA,FMC,ANDE,AGCO,AGRO,DE
Global Bank Stocks: Rising-Rate NIM Expansion Play|2026-09-14|Retired|
Global Steel & Metal Producers Recovery|2026-09-14|Nascent|NUE,STLD,MT,TX,CLF
Gold & Precious Metals Miners Rotation|2026-09-14|Fading|EQX,AU,EGO,IAG,AAUC,SBSW,FNV,ARIS,HMY,KGC,NEM,AEM,AUGO,RGLD,GFI,CGAU,SSRM,B
Grain Merchandising & Agribusiness Origination|2026-09-14|Retired|
Grocery-Anchored Shopping Center REIT Momentum Reversal|2026-09-14|Retired|
HBM & AI-Driven Memory Chip Makers|2026-09-14|Accelerating|SKHY,MU,SNDK
Homebuilders & Housing Value Chain Rate-Cut Rotation|2026-09-14|Fading|GRBK,MHO,NVR
Hospital & Behavioral Health Facility Procedure Volume Recovery|2026-09-14|Fading|ACHC,EHC,MD,THC,UHS
Identity & Access Management Security Software|2026-09-14|Nascent|OKTA,SAIL
Independent Petroleum Refiners RS Breakout|2026-09-14|Nascent|DHT,PTEN,INSW,CRK,OGS,AEE,SR,NJR,FTI,DUK,TNK,KNTK,ES,OII,AESI,NE,HP,UGI,ET,WEC,NESR,VAL,PBF,SWX,MPC,PSX,PNW,DTM,KMI,TS,NAT,DK,STNG,FTK,NI,OKE,TRMD,WES,TDW,HLX,WMB,SDRL,CNP,AM,FRO,WHD,SO
Industrial Construction Execution & On-Site Supply Chain|2026-09-14|Fading|TPC,FLR,KBR,DNOW,TTEK,ACA,J,AGX
Industrial Equipment & Flow Control – Capex Cycle Recovery|2026-09-14|Fading|FLS,EMR,VLTO,DCI
Inflammatory Disease & Immunology Biologics|2026-09-14|Fading|BHVN,CLDX,TRAX,ORKA,DNTH,AUPH,IMVT,CLYM,NRIX,APGE,PHVS,ZBIO,VERA
Insurance Brokerage & Distribution Services|2026-09-14|Fading|BWIN,WTW,RYAN,BRO,AJG
IT Consulting & Business Process Outsourcing Services|2026-09-14|Accelerating|ACN,IT,EPAM,CNXC,DXC,GLOB,EXLS,CTSH,KD
Latin American Silver & Gold Mining Operators|2026-09-14|Fading|PAAS,FSM,BVN,AGI,AG
Legacy Telecom & Pay-TV/Broadcasting Distribution Rebound|2026-09-14|Nascent|ECHO,NMAX,TDS,CHTR
Life Insurance & Annuity Providers|2026-09-14|Nascent|PFG,VOYA,MFC,SLF,LNC,MET,PRU,UNM
Life Sciences & Healthcare Data/CRM Platforms|2026-09-14|Fading|DOCS,VEEV,TEM
Life Science Tools & Analytical Instruments|2026-09-14|Fading|FTRE,RVTY,AVTR,A,AZTA,WAT,DHR,TMO,MTD,RGEN,CRL,IQV,ICLR,TECH
Lodging & Hotel REITs|2026-09-14|Fading|PEB,SHO,RLJ,DRH,RHP,PK
Management & Business Advisory Consulting Firms|2026-09-14|Nascent|CBZ,HURN
Marketing & Digital Presence SaaS Platforms|2026-09-14|Fading|ZETA,WIX,SPT,GDDY
Media Streaming & Entertainment Content Turnaround|2026-09-14|Accelerating|PSKY,SPOT,DIS
Medical Device Mean-Reversion & Rotation Recovery|2026-09-14|Fading|MDT,LIVN,HAE,TFX,GKOS,TMDX,ATRC,BAX,INSP,RMD,BDX,EW,ABT,SOLV
Metallurgical & Thermal Coal Mining Rebound|2026-09-14|Fading|AMR,HCC,SXC
Microreactor & Small Modular Reactor Pure-Play Developers|2026-09-14|Retired|
Mobile SoC & Wireless Connectivity Semiconductors|2026-09-14|Nascent|QRVO,QCOM,SWKS
Molecular & Genomic Diagnostic Testing|2026-09-14|Fading|CDNA,BLLN,PSNL,VCYT
Multifamily Apartment REITs|2026-09-14|Retired|
Network Security & Zero-Trust Edge|2026-09-14|Fading|ZS,PANW,NTSK,GEN,FFIV,SAIL,NET,S,VRNS,RBRK,FTNT,CVLT,OKTA,CHKP,CRWD,RPD,QLYS,TENB
Neurology & Rare Disease CNS Biopharmaceuticals|2026-09-14|Retired|
Newly Public Digital Trading & Brokerage Platforms|2026-09-14|Nascent|BLSH,BULL
Non-Alcoholic Beverages & Energy Drinks|2026-09-14|Fading|CCEP,KO,KDP
Office REIT Recovery & Re-Rating|2026-09-14|Fading|SLG,CDP,HIW,BXP
Oil & Product Tanker Shipping|2026-09-14|Retired|
Oil Refining & Marketing|2026-09-14|Retired|
Oncology Therapeutics RS Turnaround|2026-09-14|Fading|JANX,INCY,GILD,ZLAB,ZYME,ELVN,XNCR,SMMT,TGTX,EXEL,CGEM,REPL,KURA,RVMD,GMAB,SLS,ORIC
Optical Networking & Photonics Components for AI Data Centers|2026-09-14|Retired|
Orthopedic Surgical Devices & Instruments|2026-09-14|Fading|CNMD,ZBH,MMSI,SIBN
Peptide & Hormone Therapies for Metabolic & Endocrine Disorders|2026-09-14|Fading|PTGX,CRNX,CORT,MBX
Precious Metals Miners Velocity Breakout|2026-09-14|Mainstream|WPM,SA,SKE,AYA,FSM
Precious Metals Royalty & Streaming Companies|2026-09-14|Mainstream|WPM,FNV,TFPM,OR,RGLD
Private Equity & Alternative Asset Management Platforms|2026-09-14|Fading|KKR,HLNE,OWL,ARES,STEP,BX,APO,TPG
Private Mortgage Insurance|2026-09-14|Nascent|MTG,NMIH,ESNT
Property & Casualty Insurance Underwriters (Broad Re-rating Cycle)|2026-09-14|Fading|RLI,RNR,ALL,THG,SLDE,SPNT,SKWD,HCI,EG,AFG,MKL,TRV,CB
Quantum Computing Hardware Momentum Reversal|2026-09-14|Fading|QUBT,INFQ
Quantum Computing Pure-Plays (Federal Funding Cycle)|2026-09-14|Retired|
Regulated Electric Utilities RS Rotation Reversal|2026-09-14|Nascent|OGE,FE,AEP,EVRG
Regulated Electric Utility Defensive Rotation|2026-09-14|Fading|ED,EVRG,ETR,FTS,EXC,LNT,CMS
Regulated Electric Utility Rate-Sensitive Rotation (Uncovered Names)|2026-09-14|Nascent|XEL,DTE,PEG
Regulated Natural Gas Distribution Utilities|2026-09-14|Nascent|SR,OGS,NJR,SWX
Renewable Diesel / Renewable Fuels Refiners|2026-09-14|Nascent|CVI,DINO,PARR,VLO
Renewable & Specialty Fuels Chemical Producers|2026-09-14|Nascent|SSL,MEOH,CLMT
Restaurant Chain Recovery|2026-09-14|Mainstream|CAKE,DRI,BLMN,CBRL,EAT
Robotic Process Automation & Low-Code Workflow Execution|2026-09-14|Fading|APPN,PATH
Semiconductor Foundry & Advanced Packaging Manufacturing|2026-09-14|Nascent|UMC,ASX,INTC,TSM
Semiconductor Test, Yield & Assembly Supply Chain|2026-09-14|Fading|COHU,SANM
Senior Care Services & Real Estate Value Chain|2026-09-14|Nascent|SBRA,LTC,OHI
Silver-Focused Primary Miners|2026-09-14|Fading|HL,EXK,AG,SVM,CDE
Single-Family & Manufactured Home Rental REITs|2026-09-14|Fading|AMH,ELS
Skilled Nursing & Senior Housing Healthcare REITs|2026-09-14|Accelerating|SBRA,CTRE,OHI,WELL,JAN
Software Development & DevOps Collaboration Platforms|2026-09-14|Mainstream|TEAM,FROG,GTLB
Space Economy: Satellite Communications & Launch Services|2026-09-14|Fading|RDW,SPCX
Specialty Retail Short-Squeeze Momentum Basket|2026-09-14|Nascent|ASO,SIG,GME
Super-Regional Bank RS Reversal|2026-09-14|Retired|
Super-Regional & National Consumer Bank Rally|2026-09-14|Retired|
Trucking & Freight Carrier Rate Recovery|2026-09-14|Fading|SNDR,JBHT,WERN,ARCB,KNX
Uranium Mining & Nuclear Fuel Cycle Producers|2026-09-14|Fading|NXE,CCJ
U.S. Apparel & Fashion Recovery|2026-09-14|Mainstream|SHOO,WWW,GAP,ANF,URBN
U.S. Domestic Passenger Airlines|2026-09-14|Fading|ALK,LUV,UAL,DAL
Vaccine & Antiviral Therapeutics Rebound|2026-09-14|Nascent|NVAX,MRNA,VIR
Video & Streaming Content Distribution Rebound|2026-09-14|Accelerating|FUBO,ROKU
Wealth Management & Retail Brokerage Platforms|2026-09-14|Fading|BEN,RJF,HOOD,VCTR,IBKR,XP,GS,SF,WT,AMP,FUTU,BGC,SCHW,SEIC,MS,IVZ,LPLA,JEF,VIRT,APAM
Advanced Nuclear Reactor Developers & Radiation Technology|2026-09-15|Fading|SMR,MIR
Agency Mortgage REITs|2026-09-15|Fading|NLY,DX
AI Data Center High-Speed Interconnect & Signal Integrity Chipmakers|2026-09-15|Fading|RMBS,LITE,APH,ALAB
AI-Driven Diagnostics & Imaging Re-Rating|2026-09-15|Mainstream|TEM,LH,CAI,RDNT,ADPT,CDNA,HTFL,DGX
AI-Driven Memory & Storage Supply Shortage|2026-09-15|Mainstream|AMD,TSM,SKHY,SMTC,NVDA,MRVL,MU
AI monetization|2026-09-15|Retired|
AI-Powered Enterprise Analytics & Intelligent Workflow SaaS|2026-09-15|Mainstream|SAP,PEGA,DOCU,AVPT,MSFT,AI,APPN,ASAN,INTA,NOW,CRM,ORCL,MNDY,PD,PATH,PLTR,WK
AI Server & GPU Rack Infrastructure Manufacturers|2026-09-15|Retired|
Annuity-Focused Insurers|2026-09-15|Nascent|EQH,JXN,CRBG,CNO
Apartment & Single-Family Rental REITs|2026-09-15|Fading|VMRK,ESS,CPT
Argentine Equities Reform Rally|2026-09-15|Fading|PAM,GGAL
B2B Digital Financial Infrastructure & Payment Rails Modernization|2026-09-15|Fading|MQ,SSNC,JKHY,ALKT,NCNO,ACIW,BR,PAY,DLO,QTWO,GPN
Bank Stocks: Rising-Rate NIM Expansion|2026-09-15|Fading|UBS,BBVA,SAN,FHN,HSBC,ING,LYG,DB,NWG,VLY,KEY,BCS,FITB,HBAN,CFG
Bitcoin Miners Pivoting to AI/HPC Data Center Hosting|2026-09-15|Fading|CIFR,APLD
Bitcoin Mining Equities Momentum Basket|2026-09-15|Fading|HUT,MARA,CLSK
Bitcoin Mining Stocks Rotation Reversal|2026-09-15|Fading|CLSK,IOND
Bitcoin Treasury & Crypto Proxy Equities Correlation Basket|2026-09-15|Mainstream|CRCL,PURR,SBET,COIN,IREN,BMNR,MSTR
Blank-Check SPAC Shell Speculation|2026-09-15|Fading|NMP,LWAC
Brazilian Financial Services Momentum|2026-09-15|Retired|
Brazil Macro Re-Rating: Energy + Financials + Fintech|2026-09-15|Retired|
Business Development Companies & Private Credit Lenders|2026-09-15|Fading|CSWC,OBDC,OTF,ARCC,HTGC,TRIN,FSK,BXSL
Canadian Big Banks|2026-09-15|Nascent|RY,BNS,CM,TD,BMO
Cardiac & Bioelectric Ablation Device Innovators|2026-09-15|Nascent|PLSE,ATRC
Cloud Application Delivery & Observability Infrastructure|2026-09-15|Nascent|FSLY,DDOG,ATEN
Cloud Application Software Rotation (Oversold Turning Up)|2026-09-15|Accelerating|APPF,DUOL,PCOR
Cloud Contact Center & CCaaS Communication Platforms|2026-09-15|Mainstream|TWLO,NICE,FIVN,RNG
Cloud Data Storage & Analytics Infrastructure|2026-09-15|Fading|ESTC,SNOW,MDB
Cloud Supply Chain & Warehouse Management Software|2026-09-15|Mainstream|MANH,SPSC,DSGX
Commercial, Office & Home Furniture Retailers and Manufacturers|2026-09-15|Fading|ETD,ARHS,MLKN,WSM,W,HNI
Commercial Real Estate Brokerage & Advisory Services|2026-09-15|Fading|CBRE,JLL
Consumer Fintech & Digital Credit Platforms|2026-09-15|Mainstream|KSPI,OMF,SEZL,BFH,PAGS,CHYM,NU,XP,ITUB,SOFI,INTR,SLM,PGY,PYPL,DAVE,XYZ
Consumer PC & Gaming Hardware Refresh Cycle|2026-09-15|Nascent|CRSR,HPQ
Copper Mining & Production|2026-09-15|Fading|TECK,HBM,ERO,RIO,SCCO,FCX
Corporate Spend, Expense Management & Financial Operations Software|2026-09-15|Mainstream|CPAY,WEX,BILL
CRISPR Gene Editing & Synthetic DNA Tool Makers|2026-09-15|Retired|
Crude & Product Tanker Shipping|2026-09-15|Nascent|DHT,FRO,INSW,NAT,STNG,TNK,TRMD
Crypto Miners Pivoting to Data Center Colocation|2026-09-15|Nascent|CORZ,WULF,HUT
Custody & Securities Servicing Banks|2026-09-15|Fading|STT,NTRS,BNY
Customer Engagement & Marketing/CX SaaS Platforms|2026-09-15|Accelerating|FRSH,AMPL,HUBS
Cyber Exposure Management & Vulnerability Assessment|2026-09-15|Retired|
Defense Electronics & Aerospace Subsystem Suppliers|2026-09-15|Fading|ARXS,EMBJ,RTX,ATI
Defense Intelligence & Cybersecurity IT Contractors|2026-09-15|Accelerating|EFOR,CACI,LDOS,BAH
Defensive Consumer Staples Rotation|2026-09-15|Fading|KR,MDLZ,UTZ,TBBB,DLTR,TGT,UL,EPC,DG,PM,MKC,KHC,DEO,GO,PPC
Diabetes Management Devices (CGM, Insulin Pumps & Delivery)|2026-09-15|Fading|BBNX,TNDM,DXCM
Digital Advertising & Ad-Tech Monetization Platforms|2026-09-15|Nascent|DV,RBLX,MGNI,TJGC,ZD
Digital Insurance Distribution & InsurTech Platforms|2026-09-15|Fading|NP,LIFE,GSHD,PRCH
Diversified Power Generation Capacity Expansion for AI Electricity Demand|2026-09-15|Fading|HNRG,EVRG,KEP,OGE,FE,CEG
Emerging Market Digital Payment Processors|2026-09-15|Fading|PAYP,STNE
Emerging Medical Device Innovators Breakout|2026-09-15|Nascent|ITGR,ATEC,INSP
Emerging Quantum Computing Pure-Plays (RGTI/IONQ/QBTS)|2026-09-15|Fading|RGTI,IONQ
Energy Supply Disruption: Middle East Geopolitical Risk|2026-09-15|Mainstream|CRC,SLB,LNG,WTTR,EC,MTDR,CHRD,SM,CVX,HESM,MUR,HAL,YPF,NOG,EXE,XPRO,NOV,CNQ,CRGY,TTE,MPLX,OVV,TALO,WDS,BP,SHEL,AR,SU,DEC,PAA,PAGP,EQT,APA,VIST,PBR,EPD,EOG,OXY,CNX,FANG,VG,RRC,COP,OKE,XOM,VET,DVN,EQNR,PBA,CVE,MGY,TRGP
Enterprise HR & Workforce Management SaaS|2026-09-15|Mainstream|ALIT,ADP,PCTY,WDAY,PAYX,PAYC
Enterprise Server, Storage & Data Infrastructure Hardware|2026-09-15|Mainstream|NTNX,CSCO,ANET,NTAP,STX,HPE,DELL,SMCI
Enterprise Unstructured Data Storage Infrastructure|2026-09-15|Mainstream|BOX,QMCO,DBX
Farm Economy Value Chain Re-Rating|2026-09-15|Nascent|CF,FMC,CTVA,AGCO,MOS,CNH,NTR
For-Profit Postsecondary & Vocational Education|2026-09-15|Fading|CVSA,PRDO,LOPE,STRA,LAUR
Frozen Foods Producers|2026-09-15|Fading|LW,CAG,SJM,NOMD
Genetic Medicine: Gene Editing & Gene Therapy Innovators|2026-09-15|Fading|FDMT,QURE,SRPT,MGTX
Genomics & DNA Sequencing Tools|2026-09-15|Mainstream|CRSP,GH,NTRA,WGS,GRAL,TXG,TWST,QGEN,BRKR,ILMN
Global Agriculture Value Chain Recovery|2026-09-15|Mainstream|FMC,DOLE,BG,DE,AGCO,CNH,AGRO,CTVA,ANDE,ADM
Global Steel & Metal Producers Recovery|2026-09-15|Mainstream|MT,STLD,CLF,NUE,TX
Gold & Precious Metals Miners Rotation|2026-09-15|Fading|AUGO,EQX,AU,RGLD,GFI,SSRM,B,EGO,AAUC,FNV,NEM,SBSW,ARIS,IAG,HMY,AEM,CGAU
HBM & AI-Driven Memory Chip Makers|2026-09-15|Retired|
Homebuilders & Housing Value Chain Rate-Cut Rotation|2026-09-15|Fading|GRBK,MHO,NVR
Homebuilders & Residential Construction Supply Chain|2026-09-15|Nascent|MHO,SHW,PHM,DHI,LEN,MTH,KBH,TOL,HAYW,BLDR
Hospital & Behavioral Health Facility Procedure Volume Recovery|2026-09-15|Mainstream|THC,UHS,MD,EHC,ACHC,HCA
Identity & Access Management Security Software|2026-09-15|Nascent|OKTA,SAIL
Independent Petroleum Refiners RS Breakout|2026-09-15|Retired|
Industrial Construction Execution & On-Site Supply Chain|2026-09-15|Fading|FLR,KBR,J,TTEK,TPC,ACA,DNOW,AGX
Industrial Equipment & Flow Control – Capex Cycle Recovery|2026-09-15|Fading|FLS,EMR,VLTO,DCI
Inflammatory Disease & Immunology Biologics|2026-09-15|Fading|AUPH,DNTH,PHVS,ZBIO,ORKA,APGE,TRAX,BHVN,CLYM,NRIX,IMVT,CLDX
Insurance Brokerage & Distribution Services|2026-09-15|Fading|BRO,AJG,BWIN,WTW,RYAN
IT Consulting & Business Process Outsourcing Services|2026-09-15|Mainstream|EPAM,KD,DXC,ACN,GLOB,IT,EXLS,CNXC,CTSH,IBM
Latin American Silver & Gold Mining Operators|2026-09-15|Fading|PAAS,FSM,BVN,AGI
Legacy Telecom & Pay-TV/Broadcasting Distribution Rebound|2026-09-15|Nascent|TDS,NMAX,CHTR,ECHO
Life Insurance & Annuity Providers|2026-09-15|Nascent|MFC,LNC,SLF,UNM,MET,PRU,PFG,VOYA
Life Sciences & Healthcare Data/CRM Platforms|2026-09-15|Mainstream|DOCS,TEM,VEEV
Life Science Tools & Analytical Instruments|2026-09-15|Mainstream|RGEN,TECH,MTD,DHR,IQV,FTRE,A,RVTY,TMO,ICLR,AVTR,AZTA,WAT,CRL
Lodging & Hotel REITs|2026-09-15|Mainstream|PK,RHP,DRH,SHO,PEB,RLJ
Management & Business Advisory Consulting Firms|2026-09-15|Mainstream|HURN,CBZ
Marketing & Digital Presence SaaS Platforms|2026-09-15|Mainstream|ZETA,WIX,GDDY,SPT
Media Streaming & Entertainment Content Turnaround|2026-09-15|Accelerating|PSKY,SPOT,DIS
Medical Device Mean-Reversion & Rotation Recovery|2026-09-15|Mainstream|TFX,MDT,ABT,INSP,HAE,GKOS,LIVN,BDX,RMD,ATRC,SOLV,BAX,EW,TMDX
Metallurgical & Thermal Coal Mining Rebound|2026-09-15|Fading|AMR,HCC,SXC
Mobile SoC & Wireless Connectivity Semiconductors|2026-09-15|Accelerating|QCOM,SWKS,QRVO
Molecular & Genomic Diagnostic Testing|2026-09-15|Mainstream|PSNL,CDNA,BLLN
mRNA Vaccine & Personalized Cancer Therapy Platforms|2026-09-15|Nascent|MRNA,BNTX,MRK
Network Security & Zero-Trust Edge|2026-09-15|Mainstream|CHKP,NTSK,SAIL,GEN,QLYS,RPD,NET,FFIV,S,CVLT,ZS,VRNS,FTNT,CRWD,RBRK,TENB,PANW,OKTA
Newly Public Digital Trading & Brokerage Platforms|2026-09-15|Mainstream|BULL,BLSH
Non-Alcoholic Beverages & Energy Drinks|2026-09-15|Fading|KO,KDP,CCEP
Office REIT Recovery & Re-Rating|2026-09-15|Retired|
Oncology Therapeutics RS Turnaround|2026-09-15|Retired|
Orthopedic Surgical Devices & Instruments|2026-09-15|Mainstream|SIBN,MMSI,CNMD,ZBH
Peptide & Hormone Therapies for Metabolic & Endocrine Disorders|2026-09-15|Mainstream|PTGX,CORT,MBX,CRNX
Precious Metals Miners Velocity Breakout|2026-09-15|Mainstream|SA,AYA,SKE,WPM,FSM
Precious Metals Royalty & Streaming Companies|2026-09-15|Fading|OR,FNV,WPM,RGLD,TFPM
Private Equity & Alternative Asset Management Platforms|2026-09-15|Fading|TPG,HLNE,ARES,BX,OWL,APO,KKR,STEP
Private Mortgage Insurance|2026-09-15|Fading|MTG,NMIH,ESNT
Property & Casualty Insurance Underwriters (Broad Re-rating Cycle)|2026-09-15|Retired|
Pure-Play NAND/DRAM Memory Chip Makers|2026-09-15|Accelerating|MU,SIMO,SKHY,SNDK
Quantum Computing Hardware Pure-Plays|2026-09-15|Fading|QUBT,INFQ
Regulated Electric Utilities RS Rotation Reversal|2026-09-15|Retired|
Regulated Electric Utility Defensive Rotation|2026-09-15|Fading|ED,EVRG,ETR,FTS,EXC,LNT,CMS
Regulated Electric Utility Rate-Sensitive Rotation (Uncovered Names)|2026-09-15|Fading|DTE,PEG
Regulated Natural Gas Distribution Utilities|2026-09-15|Retired|
Renewable Diesel / Renewable Fuels Refiners|2026-09-15|Nascent|HP,MPC,AEE,TDW,PNW,CRK,WES,FTK,WHD,ES,OII,VAL,PSX,PARR,VLO,DINO,SO,SR,NE,DTM,NESR,UGI,AESI,AM,CNP,SWX,CVI,SDRL,OGS,HLX,WEC,FTI,ET,TS,DUK,OKE,PTEN,PBF,NJR,KMI,DK,NI,WMB,KNTK
Renewable & Specialty Fuels Chemical Producers|2026-09-15|Mainstream|SSL,CLMT,MEOH
Residential Rental REIT Basket (Apartment & Single-Family)|2026-09-15|Nascent|MAA,UDR,INVH
Restaurant Chain Recovery|2026-09-15|Fading|CAKE,EAT,DRI,CBRL
RF & Analog Wireless Connectivity Semiconductor Makers|2026-09-15|Retired|
Robotic Process Automation & Low-Code Workflow Execution|2026-09-15|Retired|
Second-Tier Bitcoin Mining & Colocation Operators|2026-09-15|Nascent|RIOT,CORZ,WULF
Semiconductor Foundry & Advanced Packaging Manufacturing|2026-09-15|Mainstream|INTC,ASX,TSM,UMC
Semiconductor Test, Yield & Assembly Supply Chain|2026-09-15|Fading|COHU,SANM
Senior Care Services & Real Estate Value Chain|2026-09-15|Nascent|OHI,SBRA,LTC
Silver-Focused Primary Miners|2026-09-15|Fading|HL,EXK,SVM,CDE
Single-Family & Manufactured Home Rental REITs|2026-09-15|Fading|AMH,ELS
Skilled Nursing & Senior Housing Healthcare REITs|2026-09-15|Mainstream|WELL,OHI,CTRE,JAN,SBRA
Software Development & DevOps Collaboration Platforms|2026-09-15|Mainstream|FROG,TEAM,U,GTLB
Space Economy: Satellite Communications & Launch Services|2026-09-15|Fading|RDW,SPCX,VOYG
Specialty P&C Insurance Underwriters Rotation Reversal|2026-09-15|Nascent|SAFT,PLMR,WRB,THG,SLDE,SPNT,CB,SKWD,TRV,RLI,RNR,AFG,ALL,EG,MKL,HCI
Specialty Retail Short-Squeeze Momentum Basket|2026-09-15|Nascent|ASO,GME,SIG
Trucking & Freight Carrier Rate Recovery|2026-09-15|Fading|WERN,KNX,ARCB,SNDR,JBHT
Uranium Mining & Nuclear Fuel Cycle Producers|2026-09-15|Fading|NXE,CCJ
U.S. Apparel & Fashion Recovery|2026-09-15|Fading|GAP,ANF,WWW,URBN,SHOO
U.S. Domestic Passenger Airlines|2026-09-15|Fading|ALK,LUV,UAL,DAL
Vaccine & Antiviral Therapeutics Rebound|2026-09-15|Nascent|VIR,NVAX,MRNA
Video & Streaming Content Distribution Rebound|2026-09-15|Mainstream|ROKU,FUBO
Wealth Management & Retail Brokerage Platforms|2026-09-15|Fading|WT,BEN,XP,AMP,SCHW,BGC,SEIC,LPLA,IVZ,RJF,VCTR,MS,HOOD,IBKR,VIRT,SF,GS
Advanced Nuclear Reactor Developers & Radiation Technology|2026-09-16|Retired|
Agency Mortgage REITs|2026-09-16|Fading|NLY,DX
AI Data Center High-Speed Interconnect & Signal Integrity Chipmakers|2026-09-16|Fading|LITE,APH,ALAB
AI data-center power buildout|2026-09-16|Nascent|AGX,SNOW,ALAB,CIFR
AI-Driven Diagnostics & Imaging Re-Rating|2026-09-16|Mainstream|TEM,HTFL,CDNA,DGX,RDNT,CAI,ADPT,LH
AI-Driven Memory & Storage Supply Shortage|2026-09-16|Mainstream|MRVL,TSM,MU,SKHY,AMD,NVDA,SMTC
AI-Powered Enterprise Analytics & Intelligent Workflow SaaS|2026-09-16|Mainstream|APPN,INTA,SAP,AI,MNDY,CRM,DOCU,WK,PLTR,NOW,PEGA,MSFT,AVPT,PD,PATH,ASAN,ORCL
Annuity-Focused Insurers|2026-09-16|Mainstream|CNO,CRBG,EQH,JXN
Apartment & Single-Family Rental REITs|2026-09-16|Fading|VMRK,ESS,CPT
Argentine Equities Reform Rally|2026-09-16|Fading|PAM,GGAL
B2B Digital Financial Infrastructure & Payment Rails Modernization|2026-09-16|Retired|
Bank Stocks: Rising-Rate NIM Expansion|2026-09-16|Fading|FITB,DB,UBS,ING,BCS,BBVA,FHN,HSBC,LYG,HBAN,NWG,SAN,KEY,VLY,CFG,SMFG,SFNC,BBT,HWC,C,CBC,CBSH
Bitcoin Miners Pivoting to AI/HPC Data Center Hosting|2026-09-16|Fading|CIFR,APLD
Bitcoin Mining Equities Momentum Basket|2026-09-16|Retired|
Bitcoin Mining Stocks Rotation Reversal|2026-09-16|Fading|HUT,MARA,RIOT,CORZ,IOND,CLSK
Bitcoin Treasury & Crypto Proxy Equities Correlation Basket|2026-09-16|Fading|CRCL,PURR,BMNR,SBET
Blank-Check SPAC Shell Speculation|2026-09-16|Fading|NMP,LWAC
Brazil Macro Re-Rating: Energy + Financials + Fintech|2026-09-16|Nascent|PBR,ITUB,PAGS
Business Development Companies & Private Credit Lenders|2026-09-16|Fading|OTF,CSWC,ARCC,BXSL,TRIN,FSK,HTGC,OBDC
Canadian Big Banks|2026-09-16|Mainstream|RY,BMO,BNS,CM,TD
Cardiac & Bioelectric Ablation Device Innovators|2026-09-16|Nascent|PLSE,ATRC
Cloud Application Delivery & Observability Infrastructure|2026-09-16|Fading|FSLY,DDOG,ATEN,DT
Cloud Application Software Rotation (Oversold Turning Up)|2026-09-16|Accelerating|PCOR,DUOL,APPF
Cloud Contact Center & CCaaS Communication Platforms|2026-09-16|Mainstream|NICE,RNG,FIVN,TWLO
Cloud Data Storage & Analytics Infrastructure|2026-09-16|Mainstream|SNOW,MDB,ESTC
Cloud Supply Chain & Warehouse Management Software|2026-09-16|Mainstream|SPSC,MANH,DSGX
Commercial, Office & Home Furniture Retailers and Manufacturers|2026-09-16|Fading|ARHS,HNI,MLKN,ETD,W,WSM
Commercial Real Estate Brokerage & Advisory Services|2026-09-16|Retired|
Commodity Chemicals & Polymer Producers Rebound|2026-09-16|Nascent|DOW,LYB,CE
Consumer Fintech & Digital Credit Platforms|2026-09-16|Retired|
Consumer PC & Gaming Hardware Refresh Cycle|2026-09-16|Mainstream|CRSR,HPQ
Copper Mining & Production|2026-09-16|Fading|TECK,HBM,ERO,RIO,SCCO,FCX
Corporate Spend, Expense Management & Financial Operations Software|2026-09-16|Mainstream|BILL,CPAY,WEX
CRISPR Gene Editing & Synthetic DNA Tool Makers|2026-09-16|Nascent|CRSP,NTLA,TWST
Crude & Product Tanker Shipping|2026-09-16|Nascent|NAT,TNK,DHT,TRMD,INSW,STNG,FRO,ECO,ASC
Crypto Miners Pivoting to Data Center Colocation|2026-09-16|Retired|
Custody & Securities Servicing Banks|2026-09-16|Fading|STT,NTRS,BNY
Customer Engagement & Marketing/CX SaaS Platforms|2026-09-16|Fading|FRSH,AMPL,HUBS
Cyber Exposure Management & Vulnerability Assessment|2026-09-16|Nascent|RPD,TENB,QLYS
Defense Electronics & Aerospace Subsystem Suppliers|2026-09-16|Mainstream|ARXS,RTX,ATI,EMBJ
Defense Intelligence & Cybersecurity IT Contractors|2026-09-16|Accelerating|LDOS,CACI,EFOR
Defensive Consumer Staples Rotation|2026-09-16|Fading|EPC,UTZ,UL,KR,PM,KHC,DEO,TBBB,DLTR,GO,TGT,PPC,DG,MKC,MDLZ,SJM,PG
Diabetes Management Devices (CGM, Insulin Pumps & Delivery)|2026-09-16|Fading|BBNX,TNDM,DXCM
Digital Advertising & Ad-Tech Monetization Platforms|2026-09-16|Nascent|RBLX,DV,TJGC,MGNI,ZD
Digital Insurance Distribution & InsurTech Platforms|2026-09-16|Fading|PRCH,LIFE,NP,GSHD
Diversified Power Generation Capacity Expansion for AI Electricity Demand|2026-09-16|Mainstream|CEG,HNRG,EVRG,FE,OGE,AES
Emerging Market Digital Payment Processors|2026-09-16|Fading|PAYP,STNE
Emerging Medical Device Innovators Breakout|2026-09-16|Fading|ITGR,ATEC,INSP
Emerging Quantum Computing Pure-Plays (RGTI/IONQ/QBTS)|2026-09-16|Fading|RGTI,IONQ
Energy Infrastructure & Services Complex|2026-09-16|Nascent|WEC,HLX,WES,NE,UGI,WMB,FTI,AM,ES,VAL,NI,OGS,PTEN,TS,AEE,KMI,SR,SDRL,PNW,HP,WHD,OII,SWX,SO,FTK,NJR,CNP,TDW,ET,DUK,CRK,KNTK,AESI,NESR,OKE,WKC
Energy Supply Disruption: Middle East Geopolitical Risk|2026-09-16|Nascent|CNX,NOG,MGY,EQNR,SHEL,YPF,NOV,MTDR,TALO,TTE,DVN,CVX,CRGY,WDS,XPRO,CVE,FANG,PBA,HAL,XOM,CHRD,BP,COP,RRC,MUR,SM,EC,EOG,CRC,OXY,VET,CNQ,VIST,SLB,EQT,VG,APA,AR,LNG,PBR,DEC,SU,EXE,OVV
Enterprise HR & Workforce Management SaaS|2026-09-16|Mainstream|PAYC,ALIT,ADP,PCTY,PAYX,WDAY
Enterprise Server, Storage & Data Infrastructure Hardware|2026-09-16|Mainstream|DELL,NTAP,ANET,STX,NTNX,CSCO,SMCI,HPE
Enterprise Unstructured Data Storage Infrastructure|2026-09-16|Mainstream|DBX,BOX,QMCO
Farm Economy Value Chain Re-Rating|2026-09-16|Mainstream|CNH,CTVA,CF,NTR,FMC,AGCO,MOS
Fintech & Digital Finance Sector Re-rating on Fed Easing|2026-09-16|Fading|INTR,SOFI,PGY,DAVE,ITUB,SEZL,SLM,KSPI,PAGS,BFH,NU,XP,CHYM,PYPL,OMF,XYZ,SSNC,PAY,DLO,QTWO,MQ,ALKT,ACIW,NCNO,JKHY,BR
For-Profit Postsecondary & Vocational Education|2026-09-16|Fading|LAUR,CVSA,LOPE,PRDO,STRA
Frozen Foods Producers|2026-09-16|Retired|
Genetic Medicine: Gene Editing & Gene Therapy Innovators|2026-09-16|Fading|MGTX,FDMT,SRPT,QURE
Genomics & DNA Sequencing Tools|2026-09-16|Mainstream|GH,GRAL,TXG,NTRA,CRSP,BRKR,WGS,TWST,ILMN,QGEN
Global Agriculture Value Chain Recovery|2026-09-16|Mainstream|AGRO,DOLE,CNH,BG,ANDE,CTVA,DE,FMC,AGCO,ADM
Global Steel & Metal Producers Recovery|2026-09-16|Mainstream|CLF,NUE,TX,STLD,MT
Gold & Precious Metals Miners Rotation|2026-09-16|Fading|AAUC,GFI,B,AUGO,FNV,HMY,RGLD,SBSW,IAG,CGAU,AU,SSRM,NEM,EGO,ARIS,AEM
HBM & AI-Driven Memory Chip Makers|2026-09-16|Fading|MU,SKHY,SNDK
Homebuilders & Housing Value Chain Rate-Cut Rotation|2026-09-16|Retired|
Homebuilders & Residential Construction Supply Chain|2026-09-16|Fading|MHO,PHM,DHI,MTH,KBH,TOL,HAYW,BLDR
Hospital & Behavioral Health Facility Procedure Volume Recovery|2026-09-16|Mainstream|ACHC,THC,HCA,MD,UHS,EHC
Identity & Access Management Security Software|2026-09-16|Nascent|SAIL,OKTA,MITK
Industrial Construction Execution & On-Site Supply Chain|2026-09-16|Fading|FLR,J,TPC,KBR,DNOW,ACA,AGX,TTEK
Industrial Equipment & Flow Control – Capex Cycle Recovery|2026-09-16|Fading|FLS,EMR,VLTO,DCI
Inflammatory Disease & Immunology Biologics|2026-09-16|Fading|ZBIO,APGE,PHVS,ORKA,DNTH,IMVT,CLYM,TRAX,NRIX,AUPH,CLDX
Insurance Brokerage & Distribution Services|2026-09-16|Fading|AJG,BWIN,WTW,RYAN,BRO
IT Consulting & Business Process Outsourcing Services|2026-09-16|Mainstream|KD,CTSH,DXC,ACN,EXLS,IT,CNXC,GLOB,IBM,EPAM
Latin American Silver & Gold Mining Operators|2026-09-16|Fading|FSM,BVN,AGI
Legacy Telecom & Pay-TV/Broadcasting Distribution Rebound|2026-09-16|Nascent|NMAX,TDS,CHTR,ECHO
Life Insurance & Annuity Providers|2026-09-16|Nascent|MFC,SLF,LNC,PFG,MET,UNM,VOYA,PRU
Life Sciences & Healthcare Data/CRM Platforms|2026-09-16|Accelerating|TEM,VEEV,DOCS
Life Science Tools & Analytical Instruments|2026-09-16|Mainstream|IQV,A,DHR,RVTY,AZTA,FTRE,WAT,AVTR,TECH,RGEN,ICLR,MTD,TMO,CRL
Live Music & Concert Promotion|2026-09-16|Nascent|LYV,LLYVK
Lodging & Hotel REITs|2026-09-16|Fading|PEB,RHP,SHO,PK,RLJ,DRH
Management & Business Advisory Consulting Firms|2026-09-16|Mainstream|HURN,CBZ
Marketing & Digital Presence SaaS Platforms|2026-09-16|Mainstream|ZETA,GDDY,WIX,SPT
Media Streaming & Entertainment Content Turnaround|2026-09-16|Accelerating|SPOT,DIS,PSKY
Medical Device Mean-Reversion & Rotation Recovery|2026-09-16|Mainstream|MDT,BDX,RMD,LIVN,TFX,TMDX,EW,SOLV,ABT,BAX,GKOS,ATRC,INSP
Metallurgical & Thermal Coal Mining Rebound|2026-09-16|Fading|AMR,HCC,SXC,BTU
Mobile SoC & Wireless Connectivity Semiconductors|2026-09-16|Accelerating|QRVO,QCOM,SWKS
Molecular & Genomic Diagnostic Testing|2026-09-16|Mainstream|CDNA,PSNL,BLLN
mRNA Vaccine & Personalized Cancer Therapy Platforms|2026-09-16|Nascent|MRK,MRNA,BNTX
Net Lease Commercial & Retail REITs|2026-09-16|Nascent|WPC,BNL,O,NNN,EPRT
Network Security & Zero-Trust Edge|2026-09-16|Mainstream|FTNT,TENB,CHKP,FFIV,CVLT,RBRK,GEN,NTSK,ZS,RPD,S,VRNS,NET,PANW,OKTA,QLYS,SAIL,CRWD
Newly Public Digital Trading & Brokerage Platforms|2026-09-16|Fading|BULL,BLSH
Non-Alcoholic Beverages & Energy Drinks|2026-09-16|Mainstream|CCEP,KDP,KO
Oil Refining & Marketing|2026-09-16|Nascent|PAA,MPC,PBF,EPD,TRGP,VLO,DK,PSX,CVI,MPLX,HESM,DINO,PARR,PAGP,OKE
Orthopedic Surgical Devices & Instruments|2026-09-16|Mainstream|CNMD,ZBH,MMSI,SIBN
Peptide & Hormone Therapies for Metabolic & Endocrine Disorders|2026-09-16|Accelerating|MBX,PTGX,CRNX,CORT
Post-Acute & Home-Based Healthcare Services|2026-09-16|Nascent|GRDN,OPCH
Precious Metals Miners Velocity Breakout|2026-09-16|Mainstream|WPM,FSM,AYA
Precious Metals Royalty & Streaming Companies|2026-09-16|Fading|OR,WPM,FNV,TFPM,RGLD
Private Equity & Alternative Asset Management Platforms|2026-09-16|Fading|TPG,HLNE,ARES,BX,OWL,APO,KKR,STEP
Private Mortgage Insurance|2026-09-16|Mainstream|NMIH,MTG,ESNT
Quantum Computing Hardware Momentum Reversal|2026-09-16|Fading|QUBT,INFQ
Quantum Computing Hardware Pure-Plays|2026-09-16|Retired|
Regulated Electric Utilities RS Rotation Reversal|2026-09-16|Nascent|OGE,FE,AEP,EVRG
Regulated Electric Utility Defensive Rotation|2026-09-16|Fading|ED,EVRG,FTS,EXC,LNT,CMS,TXNM
Regulated Electric Utility Rate-Sensitive Rotation (Uncovered Names)|2026-09-16|Fading|DTE,PEG
Renewable Diesel / Renewable Fuels Refiners|2026-09-16|Retired|
Renewable & Specialty Fuels Chemical Producers|2026-09-16|Mainstream|SSL,CLMT,MEOH
Residential Rental REIT Basket (Apartment & Single-Family)|2026-09-16|Fading|MAA,INVH
Restaurant Chain Recovery|2026-09-16|Mainstream|CAKE,DRI,EAT,CBRL
Second-Tier Bitcoin Mining & Colocation Operators|2026-09-16|Retired|
Semiconductor Foundry & Advanced Packaging Manufacturing|2026-09-16|Mainstream|TSM,ASX,UMC,INTC
Semiconductor Test, Yield & Assembly Supply Chain|2026-09-16|Fading|COHU,SANM
Senior Care Services & Real Estate Value Chain|2026-09-16|Nascent|LTC,SBRA,OHI
Silver-Focused Primary Miners|2026-09-16|Fading|HL,CDE
Single-Family & Manufactured Home Rental REITs|2026-09-16|Fading|AMH,ELS
Skilled Nursing & Senior Housing Healthcare REITs|2026-09-16|Mainstream|OHI,WELL,SBRA,JAN,CTRE
Small Modular Reactor & Advanced Nuclear Fission Technology|2026-09-16|Nascent|SMR,LEU,NNE,OKLO
Software Development & DevOps Collaboration Platforms|2026-09-16|Mainstream|GTLB,TEAM,FROG
Space Economy: Satellite Communications & Launch Services|2026-09-16|Fading|ESLT,VOYG,RDW,AVAV,SPCX,HONA,IRDM
Specialty P&C Insurance Underwriters Rotation Reversal|2026-09-16|Nascent|AFG,SAFT,PLMR,MKL,CB,SKWD,RNR,TRV,SLDE,RLI,EG,THG,HCI,SPNT,ALL,WRB,PGR
Specialty Retail Short-Squeeze Momentum Basket|2026-09-16|Nascent|SIG,ASO,GME
Trucking & Freight Carrier Rate Recovery|2026-09-16|Fading|WERN,KNX,ARCB,SNDR
Uranium Mining & Nuclear Fuel Cycle Producers|2026-09-16|Fading|NXE,CCJ
U.S. Apparel & Fashion Recovery|2026-09-16|Fading|WWW,URBN,SHOO,GAP,ANF
U.S. Domestic Passenger Airlines|2026-09-16|Fading|ALK,LUV,UAL,DAL
Vaccine & Antiviral Therapeutics Rebound|2026-09-16|Fading|VIR,MRNA,NVAX
Video & Streaming Content Distribution Rebound|2026-09-16|Mainstream|ROKU,FUBO
Wealth Management & Retail Brokerage Platforms|2026-09-16|Fading|SEIC,AMP,BEN,MS,SCHW,IVZ,HOOD,LPLA,VCTR,XP,WT,SF,RJF
Agency Mortgage REITs|2026-09-17|Fading|NLY,DX
AI Data Center High-Speed Interconnect & Signal Integrity Chipmakers|2026-09-17|Fading|LITE,APH,ALAB
AI data-center power buildout|2026-09-17|Retired|
AI-Driven Diagnostics & Imaging Re-Rating|2026-09-17|Mainstream|TEM,DGX,HTFL,RDNT,CAI,CDNA,ADPT,LH
AI-Driven Memory & Storage Supply Shortage|2026-09-17|Mainstream|MU,TSM,SKHY,MRVL,NVDA,AMD,SMTC
AI-Powered Enterprise Analytics & Intelligent Workflow SaaS|2026-09-17|Mainstream|PD,ASAN,DOCU,NOW,AVPT,INTA,AI,MNDY,PLTR,SAP,PATH,MSFT,APPN,ORCL,PEGA,CRM,WK
Annuity-Focused Insurers|2026-09-17|Mainstream|CNO,CRBG,JXN,EQH
Apartment & Single-Family Rental REITs|2026-09-17|Retired|
Argentine Equities Reform Rally|2026-09-17|Fading|PAM,GGAL
Bank Stocks: Rising-Rate NIM Expansion|2026-09-17|Fading|CBSH,ING,FHN,HBAN,UBS,DB,FITB,BBVA,CBC,LYG,KEY,BBT,VLY,SFNC,BCS,C,SAN,HWC,NWG,HSBC,CFG,SMFG,MFG,MUFG,BUSE,HOMB,NWBI,FBP
Bitcoin Holding & Trading Proxy Equities|2026-09-17|Nascent|MSTR,COIN,ASST
Bitcoin Miners Diversifying into AI/HPC Data Center Hosting (Emerging Names)|2026-09-17|Nascent|WULF,CORZ
Bitcoin Miners Pivoting to AI/HPC Data Center Hosting|2026-09-17|Retired|
Bitcoin Mining Stocks Rotation Reversal|2026-09-17|Fading|IOND,CLSK,HUT,RIOT,MARA
Bitcoin Treasury & Crypto Proxy Equities Correlation Basket|2026-09-17|Mainstream|SBET,BMNR,PURR,CRCL
Blank-Check SPAC Shell Speculation|2026-09-17|Fading|NMP,LWAC
Brazil Macro Re-Rating: Energy + Financials + Fintech|2026-09-17|Retired|
Business Development Companies & Private Credit Lenders|2026-09-17|Fading|OTF,FSK,OBDC,TRIN,ARCC,BXSL,HTGC,CSWC
Canadian Big Banks|2026-09-17|Mainstream|BNS,RY,BMO,CM,TD
Cardiac & Bioelectric Ablation Device Innovators|2026-09-17|Mainstream|PLSE,ATRC
Cloud Application Delivery & Observability Infrastructure|2026-09-17|Fading|DDOG,DT,FSLY,ATEN
Cloud Application Software Rotation (Oversold Turning Up)|2026-09-17|Fading|PCOR,DUOL,APPF
Cloud Contact Center & CCaaS Communication Platforms|2026-09-17|Mainstream|FIVN,RNG,NICE,TWLO
Cloud Data Storage & Analytics Infrastructure|2026-09-17|Mainstream|ESTC,ALAB,MDB,CIFR,APLD,SNOW
Cloud Supply Chain & Warehouse Management Software|2026-09-17|Fading|DSGX,SPSC,MANH
Commercial, Office & Home Furniture Retailers and Manufacturers|2026-09-17|Fading|HNI,W,ARHS,WSM,ETD,MLKN
Commodity Chemicals & Polymer Producers Rebound|2026-09-17|Fading|DOW,LYB,CE
Consumer PC & Gaming Hardware Refresh Cycle|2026-09-17|Mainstream|CRSR,HPQ,LOGI
Copper Mining & Production|2026-09-17|Mainstream|FCX,RIO,TECK,HBM,ERO,SCCO
Corporate Spend, Expense Management & Financial Operations Software|2026-09-17|Mainstream|BILL,CPAY,WEX
CRISPR Gene Editing & Synthetic DNA Tool Makers|2026-09-17|Retired|
Crude & Product Tanker Shipping|2026-09-17|Nascent|TRMD,FRO,DHT,INSW,ASC,STNG,ECO,TNK,NAT
Crypto Miners Pivoting to Data Center Colocation|2026-09-17|Nascent|CORZ,WULF,HUT
Custody & Securities Servicing Banks|2026-09-17|Fading|STT,NTRS,BNY
Customer Engagement & Marketing/CX SaaS Platforms|2026-09-17|Fading|AMPL,HUBS,FRSH
Cyber Exposure Management & Vulnerability Assessment|2026-09-17|Retired|
Defense Electronics & Aerospace Subsystem Suppliers|2026-09-17|Fading|ARXS,RTX,ATI,EMBJ
Defense Intelligence & Cybersecurity IT Contractors|2026-09-17|Mainstream|CACI,LDOS,EFOR,BAH
Defensive Consumer Staples Rotation|2026-09-17|Fading|PM,MDLZ,DLTR,PG,TBBB,MKC,TGT,UL,KR,SJM,GO,UTZ,KHC,PPC,DG,DEO,EPC
Dermatology-Focused Biotech Therapeutics|2026-09-17|Nascent|ARQT,MANE,ORKA
Diabetes Management Devices (CGM, Insulin Pumps & Delivery)|2026-09-17|Fading|TNDM,DXCM,BBNX
Digital Advertising & Ad-Tech Monetization Platforms|2026-09-17|Nascent|TJGC,RBLX,ZD,MGNI,DV
Digital Insurance Distribution & InsurTech Platforms|2026-09-17|Fading|PRCH,LIFE,NP,GSHD
Diversified Power Generation Capacity Expansion for AI Electricity Demand|2026-09-17|Mainstream|EVRG,OGE,CEG,FE,HNRG,AES
Emerging Market Digital Payment Processors|2026-09-17|Fading|PAYP,STNE
Emerging Medical Device Innovators Breakout|2026-09-17|Fading|ATEC,ITGR,INSP
Emerging Quantum Computing Pure-Plays (RGTI/IONQ/QBTS)|2026-09-17|Fading|RGTI,IONQ,QNT
Emerging Quantum Computing Software & Hardware Platforms|2026-09-17|Nascent|QNT,QBTS,QUBT,INFQ
Energy Infrastructure & Services Complex|2026-09-17|Fading|WKC,WEC,OII,UGI,NE,NESR,WES,ES,PTEN,SDRL,VAL,WMB,NI,FTI,AEE,SR,HLX,CNP,TDW,NJR,KMI,TS,FTK,WHD,PNW,AM,SWX,AESI,OGS,DUK,OKE,KNTK,ET,HP,SO
Energy Supply Disruption: Middle East Geopolitical Risk|2026-09-17|Nascent|WDS,DVN,EOG,APA,CVX,EXE,NOV,EQT,OVV,VET,SLB,HAL,CHRD,COP,LNG,OXY,SU,SHEL,CNQ,DEC,CVE,SM,CNX,PBA,BP,CRC,EQNR,XOM,NOG,MGY,VG,AR,MUR,MTDR,CRGY,XPRO,TALO,FANG,RRC,TTE,PR,INVX
Enterprise HR & Workforce Management SaaS|2026-09-17|Mainstream|PAYC,ADP,PCTY,ALIT,PAYX,WDAY
Enterprise Server, Storage & Data Infrastructure Hardware|2026-09-17|Mainstream|SMCI,CSCO,NTAP,NTNX,ANET,HPE,DELL,STX
Enterprise Unstructured Data Storage Infrastructure|2026-09-17|Mainstream|DBX,QMCO,BOX
Farm Economy Value Chain Re-Rating|2026-09-17|Mainstream|AGCO,CNH,NTR,MOS,CF,CTVA
Fintech & Digital Finance Sector Re-rating on Fed Easing|2026-09-17|Fading|SSNC,BR,KSPI,MQ,PGY,XP,QTWO,BFH,PYPL,OMF,PAY,ACIW,DAVE,JKHY,ITUB,CHYM,SLM,NU,NCNO,ALKT,DLO,PAGS,XYZ,INTR
For-Profit Postsecondary & Vocational Education|2026-09-17|Accelerating|LOPE,PRDO,LAUR,STRA,CVSA
Genetic Medicine: Gene Editing & Gene Therapy Innovators|2026-09-17|Accelerating|SRPT,FDMT,MGTX,QURE
Genomics & DNA Sequencing Tools|2026-09-17|Mainstream|ILMN,GRAL,GH,CRSP,QGEN,TWST,NTRA,TXG,BRKR,WGS,NTLA
Global Agriculture Value Chain Recovery|2026-09-17|Mainstream|AGCO,ANDE,AGRO,DOLE,CNH,DE,ADM,BG
Global Steel & Metal Producers Recovery|2026-09-17|Mainstream|MT,TX,CLF,NUE,STLD
Gold & Precious Metals Miners Rotation|2026-09-17|Mainstream|SSRM,IAG,AAUC,ARIS,AUGO,EGO,HMY,CGAU,B,AEM,FNV,GFI,RGLD,AU,SBSW,NEM
HBM & AI-Driven Memory Chip Makers|2026-09-17|Retired|
Homebuilders & Residential Construction Supply Chain|2026-09-17|Fading|MHO,PHM,DHI,MTH,KBH,TOL
Hospital & Behavioral Health Facility Procedure Volume Recovery|2026-09-17|Mainstream|UHS,EHC,MD,ACHC,HCA,THC
Identity & Access Management Security Software|2026-09-17|Nascent|SAIL,MITK,OKTA
Industrial Construction Execution & On-Site Supply Chain|2026-09-17|Fading|KBR,TPC,ACA,DNOW,AGX,FLR,TTEK,J
Industrial Equipment & Flow Control – Capex Cycle Recovery|2026-09-17|Retired|
Inflammatory Disease & Immunology Biologics|2026-09-17|Fading|DNTH,NRIX,CLDX,AUPH,TRAX,ZBIO,PHVS,ORKA,APGE,IMVT,CLYM,SYRE
Insurance Brokerage & Distribution Services|2026-09-17|Fading|AJG,BWIN,WTW,RYAN,BRO
Investment Research & Financial Data Platforms|2026-09-17|Nascent|MORN,FDS
IT Consulting & Business Process Outsourcing Services|2026-09-17|Mainstream|EPAM,GLOB,IT,KD,EXLS,CTSH,IBM,CNXC,ACN,DXC
Latin American Silver & Gold Mining Operators|2026-09-17|Fading|FSM,BVN,AGI
Legacy Telecom & Pay-TV/Broadcasting Distribution Rebound|2026-09-17|Nascent|TDS,NMAX,ECHO
Life Insurance & Annuity Providers|2026-09-17|Nascent|UNM,VOYA,MET,LNC,SLF,MFC,PFG,PRU
Life Sciences & Healthcare Data/CRM Platforms|2026-09-17|Accelerating|TEM,VEEV,DOCS
Life Science Tools & Analytical Instruments|2026-09-17|Mainstream|RVTY,A,DHR,IQV,TMO,MTD,AZTA,AVTR,TECH,WAT,RGEN,ICLR,CRL,FTRE
Live Music & Concert Promotion|2026-09-17|Fading|LYV,LLYVK
Lodging & Hotel REITs|2026-09-17|Nascent|RHP,PK,DRH,PEB,SHO,RLJ
Low-Cost & Regional Passenger Airline Rebound|2026-09-17|Nascent|LUV,ULCC,LTM
Management & Business Advisory Consulting Firms|2026-09-17|Mainstream|CBZ,HURN
Marketing & Digital Presence SaaS Platforms|2026-09-17|Mainstream|ZETA,SPT,WIX,GDDY
Media Streaming & Entertainment Content Turnaround|2026-09-17|Accelerating|DIS,SPOT,PSKY
Medical Device Mean-Reversion & Rotation Recovery|2026-09-17|Fading|ABT,BDX,TMDX,EW,INSP,SOLV,LIVN,GKOS,BAX,MDT,RMD,ATRC
Metallurgical & Thermal Coal Mining Rebound|2026-09-17|Fading|AMR,HCC,SXC
Mobile SoC & Wireless Connectivity Semiconductors|2026-09-17|Accelerating|QCOM,SWKS,QRVO
Molecular & Genomic Diagnostic Testing|2026-09-17|Mainstream|BLLN,PSNL,CDNA
mRNA Vaccine & Personalized Cancer Therapy Platforms|2026-09-17|Nascent|BNTX,MRNA,MRK
Net Lease Commercial & Retail REITs|2026-09-17|Fading|WPC,O
Network Security & Zero-Trust Edge|2026-09-17|Mainstream|FTNT,VRNS,ZS,TENB,PANW,NTSK,SAIL,RBRK,S,GEN,CRWD,NET,CVLT,FFIV,QLYS,CHKP,RPD,OKTA
Newly Public Digital Trading & Brokerage Platforms|2026-09-17|Fading|BULL,BLSH
Non-Alcoholic Beverages & Energy Drinks|2026-09-17|Fading|CCEP,KDP,KO
Oil Refining & Marketing|2026-09-17|Retired|
On-Site Power Generation & Distribution Equipment for Data Centers|2026-09-17|Nascent|BE,FPS,PSIX
Orthopedic Surgical Devices & Instruments|2026-09-17|Mainstream|CNMD,SIBN,MMSI,ZBH
Peptide & Hormone Therapies for Metabolic & Endocrine Disorders|2026-09-17|Accelerating|CORT,MBX,CRNX,PTGX
Post-Acute & Home-Based Healthcare Services|2026-09-17|Nascent|OPCH,GRDN
Precious Metals Miners Velocity Breakout|2026-09-17|Mainstream|WPM,AYA,FSM
Precious Metals Royalty & Streaming Companies|2026-09-17|Mainstream|WPM,FNV,RGLD,OR,TFPM
Private Equity & Alternative Asset Management Platforms|2026-09-17|Fading|TPG,HLNE,ARES,BX,OWL,APO,KKR,STEP
Private Mortgage Insurance|2026-09-17|Mainstream|NMIH,ESNT,MTG
Pure-Play NAND/DRAM Memory Chip Makers|2026-09-17|Accelerating|MU,SKHY,SNDK,SIMO
Quantum Computing Hardware Momentum Reversal|2026-09-17|Retired|
Regional Freight & LTL Trucking Carriers|2026-09-17|Nascent|SAIA,WERN,TFII
Regulated Electric Utilities RS Rotation Reversal|2026-09-17|Retired|
Regulated Electric Utility Defensive Rotation|2026-09-17|Fading|EVRG,CMS,EXC,FTS,LNT,TXNM,ED
Regulated Electric Utility Rate-Sensitive Rotation (Uncovered Names)|2026-09-17|Fading|DTE,PEG
Renewable Diesel & Renewable Fuels Refining|2026-09-17|Nascent|YPF,PAA,EPD,DINO,HESM,CVI,VLO,DK,PBF,OKE,EC,MPC,PAGP,PBR,MPLX,PARR,PSX,VIST,TRGP
Renewable Power Generation Operators|2026-09-17|Nascent|RNW,FRVO
Renewable & Specialty Fuels Chemical Producers|2026-09-17|Mainstream|MEOH,SSL,CLMT
Residential Rental REIT Basket (Apartment & Single-Family)|2026-09-17|Retired|
Residential Rental REITs (Rate-Cut Cap-Rate Play)|2026-09-17|Fading|MAA,INVH,ESS,CPT
Restaurant Chain Recovery|2026-09-17|Mainstream|CAKE,DRI,EAT
Second-Tier Bitcoin Mining & Colocation Operators|2026-09-17|Nascent|RIOT,CORZ,WULF
Semiconductor Foundry & Advanced Packaging Manufacturing|2026-09-17|Mainstream|INTC,UMC,TSM,ASX
Semiconductor Test, Yield & Assembly Supply Chain|2026-09-17|Fading|COHU,SANM
Senior Care Services & Real Estate Value Chain|2026-09-17|Mainstream|OHI,LTC,SBRA
Silver-Focused Primary Miners|2026-09-17|Fading|HL,CDE
Silver & Mid-Cap Gold Miners Momentum Basket|2026-09-17|Nascent|EXK,SVM,AG,PAAS,NG,ASM,MUX,KGC,EQX
Single-Family & Manufactured Home Rental REITs|2026-09-17|Retired|
Skilled Nursing & Senior Housing Healthcare REITs|2026-09-17|Fading|JAN,CTRE,OHI,WELL,SBRA
Small Modular Reactor & Advanced Nuclear Fission Technology|2026-09-17|Fading|SMR,NNE
Software Development & DevOps Collaboration Platforms|2026-09-17|Mainstream|FROG,TEAM,GTLB
Space Economy: Satellite Communications & Launch Services|2026-09-17|Accelerating|RDW,ESLT,VOYG,SPCX,HONA,AVAV,VSAT
Specialty P&C Insurance Underwriters Rotation Reversal|2026-09-17|Nascent|THG,SAFT,RNR,EG,SPNT,AFG,TRV,RLI,PLMR,MKL,ALL,CB,WRB,SLDE,PGR,SKWD,HCI
Specialty Retail Short-Squeeze Momentum Basket|2026-09-17|Mainstream|SIG,ASO,GME
Trucking & Freight Carrier Rate Recovery|2026-09-17|Fading|KNX,ARCB
Uranium Mining & Nuclear Fuel Cycle Producers|2026-09-17|Retired|
U.S. Apparel & Fashion Recovery|2026-09-17|Fading|URBN,ANF,WWW,GAP,SHOO,CROX
U.S. Domestic Passenger Airlines|2026-09-17|Fading|LUV,UAL,DAL
Vaccine & Antiviral Therapeutics Rebound|2026-09-17|Mainstream|VIR,NVAX,MRNA
Video & Streaming Content Distribution Rebound|2026-09-17|Fading|ROKU,FUBO
Wealth Management & Retail Brokerage Platforms|2026-09-17|Fading|HOOD,BEN,WT,LPLA,VCTR,AMP,SCHW,RJF,MS,XP,SEIC,SF,IVZ
Agency Mortgage REITs|2026-09-18|Retired|
AI Data Center High-Speed Interconnect & Signal Integrity Chipmakers|2026-09-18|Fading|APH,ALAB,LITE,COHR
AI-Driven Diagnostics & Imaging Re-Rating|2026-09-18|Mainstream|CAI,CDNA,TEM,RDNT,DGX,LH,ADPT,HTFL
AI-Driven Memory & Storage Supply Shortage|2026-09-18|Mainstream|NVDA,SMTC,MU,AMD,SKHY,TSM,MRVL
AI-Powered Enterprise Analytics & Intelligent Workflow SaaS|2026-09-18|Mainstream|AVPT,NOW,PD,CRM,PLTR,APPN,MSFT,SAP,MNDY,ASAN,WK,ORCL,PEGA,INTA,DOCU,PATH,AI
Annuity-Focused Insurers|2026-09-18|Mainstream|CRBG,CNO,JXN,EQH
Argentine Equities Reform Rally|2026-09-18|Retired|
Bank Stocks: Rising-Rate NIM Expansion|2026-09-18|Fading|SAN,LYG,MFG,CBC,HSBC,CFG,ING,SFNC,MUFG,FITB,FBP,NWBI,NWG,HWC,BBVA,SMFG,UBS,BBT,C,FHN,BCS,CBSH,BUSE,HOMB,VLY,DB,JPM,WFC,FIBK
Bitcoin Holding & Trading Proxy Equities|2026-09-18|Nascent|COIN,ASST,GLXY
Bitcoin Miners Diversifying into AI/HPC Data Center Hosting (Emerging Names)|2026-09-18|Fading|WULF,CORZ,IREN
Bitcoin Mining Stocks Rotation Reversal|2026-09-18|Mainstream|CLSK,BTDR,ABTC,IOND,WULF,HUT,RIOT,MARA
Bitcoin Treasury & Crypto Proxy Equities Correlation Basket|2026-09-18|Mainstream|PURR,SBET,BMNR,CRCL
Blank-Check SPAC Shell Speculation|2026-09-18|Fading|NMP,LWAC
Business Development Companies & Private Credit Lenders|2026-09-18|Fading|HTGC,OTF,CSWC,OBDC,TRIN,ARCC,BXSL,FSK
Canadian Big Banks|2026-09-18|Mainstream|TD,BNS,CM,RY,BMO
Cardiac & Bioelectric Ablation Device Innovators|2026-09-18|Mainstream|ATRC,PLSE
Cloud Application Delivery & Observability Infrastructure|2026-09-18|Accelerating|FSLY,DDOG,ATEN,DT
Cloud Application Software Rotation (Oversold Turning Up)|2026-09-18|Fading|PCOR,DUOL,APPF
Cloud Contact Center & CCaaS Communication Platforms|2026-09-18|Mainstream|NICE,TWLO,FIVN,RNG
Cloud Data Storage & Analytics Infrastructure|2026-09-18|Mainstream|MDB,APLD,SNOW,ESTC
Cloud Supply Chain & Warehouse Management Software|2026-09-18|Fading|DSGX,MANH,SPSC
Commercial, Office & Home Furniture Retailers and Manufacturers|2026-09-18|Fading|ARHS,HNI,MLKN,W,ETD,WSM
Commodity Chemicals & Polymer Producers Rebound|2026-09-18|Fading|DOW,LYB,CE
Consumer PC & Gaming Hardware Refresh Cycle|2026-09-18|Mainstream|LOGI,CRSR,HPQ
Copper Mining & Production|2026-09-18|Accelerating|HBM,FCX,ERO,RIO,SCCO,TECK
Corporate Digital Asset Treasury Vehicles|2026-09-18|Nascent|SBET,BMNR,ASST
Corporate Spend, Expense Management & Financial Operations Software|2026-09-18|Mainstream|BILL,CPAY,WEX
Crude & Product Tanker Shipping|2026-09-18|Nascent|STNG,FRO,TNK,INSW,TRMD,ASC,DHT,NAT,ECO,HAFN
Crypto Miners Pivoting to Data Center Colocation|2026-09-18|Retired|
Custody & Securities Servicing Banks|2026-09-18|Fading|STT,NTRS,BNY
Customer Engagement & Marketing/CX SaaS Platforms|2026-09-18|Fading|AMPL,HUBS,FRSH
Defense Electronics & Aerospace Subsystem Suppliers|2026-09-18|Fading|RTX,ARXS,ATI,EMBJ
Defense Intelligence & Cybersecurity IT Contractors|2026-09-18|Mainstream|EFOR,CACI,LDOS
Defensive Consumer Staples Rotation|2026-09-18|Fading|UTZ,MDLZ,MKC,PPC,KHC,TBBB,KR,SJM,DLTR,DG,EPC,UL,TGT,PM,GO,PG,DEO
Dermatology-Focused Biotech Therapeutics|2026-09-18|Retired|
Diabetes Management Devices (CGM, Insulin Pumps & Delivery)|2026-09-18|Accelerating|TNDM,BBNX,DXCM
Digital Advertising & Ad-Tech Monetization Platforms|2026-09-18|Mainstream|RBLX,MGNI,ZD,TJGC,DV
Digital Insurance Distribution & InsurTech Platforms|2026-09-18|Fading|PRCH,LIFE,NP,GSHD
Diversified Power Generation Capacity Expansion for AI Electricity Demand|2026-09-18|Fading|HNRG,AES,OGE,CEG,EVRG,FE
Emerging Market Digital Payment Processors|2026-09-18|Retired|
Emerging Medical Device Innovators Breakout|2026-09-18|Fading|INSP,ITGR,ATEC
Emerging Quantum Computing Pure-Plays (RGTI/IONQ/QBTS)|2026-09-18|Retired|
Emerging Quantum Computing Rally|2026-09-18|Nascent|QBTS,QUBT,INFQ,IONQ,RGTI
Emerging Quantum Computing Software & Hardware Platforms|2026-09-18|Retired|
Energy Infrastructure & Services Complex|2026-09-18|Fading|FTI,OII,HLX,ET,TS,VAL,PTEN,WES,WMB,AESI,KNTK,OKE,TDW,KMI,WKC,NESR,WHD,SDRL,FTK,HP,NE,AM
Energy Supply Disruption: Middle East Geopolitical Risk|2026-09-18|Mainstream|EQNR,TTE,AR,CHRD,OXY,NOV,SHEL,COP,WDS,RRC,PR,CRGY,EOG,APA,SLB,NOG,CRC,MUR,BP,XPRO,SM,LNG,FANG,MTDR,DVN,XOM,VG,INVX,OVV,CVX,PBA,MGY,TALO,DEC
Enterprise Data Backup & Cyber Resilience Software|2026-09-18|Nascent|RBRK,CVLT
Enterprise HR & Workforce Management SaaS|2026-09-18|Fading|PAYC,WDAY,ALIT,PAYX,PCTY,ADP
Enterprise Server, Storage & Data Infrastructure Hardware|2026-09-18|Nascent|STX,ANET,HPE,SMCI,NTAP,NTNX,DELL,CSCO
Enterprise Unstructured Data Storage Infrastructure|2026-09-18|Mainstream|QMCO,BOX,DBX
Farm Economy Value Chain Re-Rating|2026-09-18|Mainstream|MOS,NTR,CF,CTVA,AGCO,CNH
Fintech & Digital Finance Sector Re-rating on Fed Easing|2026-09-18|Fading|PGY,PYPL,OMF,PAY,MQ,BR,CHYM,NCNO,ALKT,SSNC,INTR,DAVE,DLO,PAGS,NU,XP,KSPI,ITUB,QTWO,ACIW,XYZ,JKHY,BFH,SLM
For-Profit Postsecondary & Vocational Education|2026-09-18|Fading|CVSA,LAUR,LOPE,PRDO,STRA
Genetic Medicine: Gene Editing & Gene Therapy Innovators|2026-09-18|Fading|SRPT,FDMT,QURE,MGTX
Genomics & DNA Sequencing Tools|2026-09-18|Mainstream|WGS,CRSP,NTRA,GH,TWST,NTLA,QGEN,TXG,BRKR,GRAL,ILMN
Global Agriculture Value Chain Recovery|2026-09-18|Mainstream|BG,CNH,DE,AGRO,AGCO,ANDE,ADM
Global Steel & Metal Producers Recovery|2026-09-18|Mainstream|TX,STLD,MT,CLF,NUE
Gold & Precious Metals Miners Rotation|2026-09-18|Retired|
Homebuilders & Residential Construction Supply Chain|2026-09-18|Fading|MHO,PHM,DHI,MTH,TOL
Hospital & Behavioral Health Facility Procedure Volume Recovery|2026-09-18|Mainstream|HCA,THC,MD,EHC,ACHC,UHS
Identity & Access Management Security Software|2026-09-18|Nascent|OKTA,SAIL,MITK
Independent Petroleum Refiners - Crack Spread Rally|2026-09-18|Nascent|DINO,MPLX,NI,OKE,EC,CVE,HESM,TRGP,PBF,SU,CVI,VIST,ATO,CNQ,PAGP,MPC,YPF,PAA,VET,DK,EPD,PBR,PSX,VLO,PARR
Industrial Construction Execution & On-Site Supply Chain|2026-09-18|Fading|J,FLR,KBR,ACA,TTEK,DNOW,TPC,AGX
Inflammatory Disease & Immunology Biologics|2026-09-18|Fading|DNTH,CLDX,ZBIO,NRIX,IMVT,TRAX,CLYM,SYRE,APGE,ORKA,PHVS,AUPH
Insurance Brokerage & Distribution Services|2026-09-18|Fading|AJG,BWIN,WTW,RYAN,BRO
Investment Research & Financial Data Platforms|2026-09-18|Fading|MORN,FDS
IT Consulting & Business Process Outsourcing Services|2026-09-18|Mainstream|EXLS,CNXC,CTSH,KD,GLOB,EPAM,ACN,DXC,IT,IBM
Latin American Silver & Gold Mining Operators|2026-09-18|Fading|BVN,FSM,AGI
Legacy Telecom & Pay-TV/Broadcasting Distribution Rebound|2026-09-18|Mainstream|TDS,NMAX,ECHO
Life Insurance & Annuity Providers|2026-09-18|Nascent|PRU,LNC,PFG,MET,MFC,UNM,VOYA,SLF
Life Sciences & Healthcare Data/CRM Platforms|2026-09-18|Mainstream|DOCS,VEEV,TEM
Life Science Tools & Analytical Instruments|2026-09-18|Mainstream|A,DHR,RGEN,AZTA,ICLR,RVTY,TMO,IQV,CRL,MTD,AVTR,FTRE,TECH,WAT
Live Music & Concert Promotion|2026-09-18|Fading|LYV,LLYVK
Lodging & Hotel REITs|2026-09-18|Nascent|RLJ,SHO,RHP,PK,DRH,PEB
Low-Cost & Regional Passenger Airline Rebound|2026-09-18|Nascent|LTM,ULCC,LUV
Management & Business Advisory Consulting Firms|2026-09-18|Mainstream|CBZ,HURN
Marketing & Digital Presence SaaS Platforms|2026-09-18|Fading|GDDY,ZETA,SPT,WIX
Media Streaming & Entertainment Content Turnaround|2026-09-18|Accelerating|DIS,PSKY,SPOT
Medical Device Mean-Reversion & Rotation Recovery|2026-09-18|Fading|RMD,GKOS,TMDX,EW,ATRC,BAX,INSP,ABT,LIVN,MDT,SOLV,BDX
Metallurgical & Thermal Coal Mining Rebound|2026-09-18|Retired|
Mobile SoC & Wireless Connectivity Semiconductors|2026-09-18|Accelerating|SWKS,QCOM,QRVO
Molecular & Genomic Diagnostic Testing|2026-09-18|Mainstream|BLLN,CDNA,PSNL
mRNA Vaccine & Personalized Cancer Therapy Platforms|2026-09-18|Fading|BNTX,MRK,MRNA
Net Lease Commercial & Retail REITs|2026-09-18|Fading|WPC,O
Network Security & Zero-Trust Edge|2026-09-18|Mainstream|NET,FFIV,PANW,CHKP,TENB,QLYS,OKTA,SAIL,RPD,VRNS,ZS,GEN,FTNT,NTSK,RBRK,CVLT,S,CRWD
Newly Public Digital Trading & Brokerage Platforms|2026-09-18|Fading|BULL,BLSH
Non-Alcoholic Beverages & Energy Drinks|2026-09-18|Fading|CCEP,KDP,KO
On-Site Power Generation & Distribution Equipment for Data Centers|2026-09-18|Nascent|BE,FPS,PSIX,EROC,ETN
Orthopedic Surgical Devices & Instruments|2026-09-18|Mainstream|SIBN,CNMD,MMSI,ZBH
Peptide & Hormone Therapies for Metabolic & Endocrine Disorders|2026-09-18|Fading|MBX,PTGX,CORT,CRNX
Post-Acute & Home-Based Healthcare Services|2026-09-18|Nascent|OPCH,GRDN
Precious Metals Miners Rotation|2026-09-18|Fading|AAUC,HMY,B,RGLD,SSRM,FNV,AEM,ARIS,AUGO,IAG,EGO,GFI,NEM,SBSW,AU,CGAU,EXK,KGC,AG,PAAS,MUX,EQX,NG,ASM,SVM
Precious Metals Miners Velocity Breakout|2026-09-18|Fading|AYA,WPM,FSM
Precious Metals Royalty & Streaming Companies|2026-09-18|Mainstream|WPM,OR,TFPM,RGLD,FNV
Private Equity & Alternative Asset Management Platforms|2026-09-18|Fading|TPG,HLNE,OWL,APO,STEP
Private Mortgage Insurance|2026-09-18|Mainstream|MTG,NMIH,ESNT
Pure-Play NAND/DRAM Memory Chip Makers|2026-09-18|Nascent|SIMO,MU,SKHY,SNDK
Rare Earth Elements Mining & Processing|2026-09-18|Nascent|CRML,MP,ALOY,USAR
Regional Freight & LTL Trucking Carriers|2026-09-18|Retired|
Regulated Electric Utility Defensive Rotation|2026-09-18|Fading|LNT,ED,EXC,FTS,TXNM,EVRG
Regulated Electric Utility Rate-Sensitive Rotation (Uncovered Names)|2026-09-18|Fading|DTE,PEG
Renewable Diesel & Renewable Fuels Refining|2026-09-18|Retired|
Renewable Power Generation Operators|2026-09-18|Fading|RNW,FRVO
Renewable & Specialty Fuels Chemical Producers|2026-09-18|Mainstream|MEOH,SSL,CLMT
Residential Rental REITs (Rate-Cut Cap-Rate Play)|2026-09-18|Fading|INVH,ESS
Restaurant Chain Recovery|2026-09-18|Mainstream|DRI,EAT,CAKE
Second-Tier Bitcoin Mining & Colocation Operators|2026-09-18|Retired|
Semiconductor Foundry & Advanced Packaging Manufacturing|2026-09-18|Accelerating|INTC,UMC,TSM,ASX
Semiconductor Test, Yield & Assembly Supply Chain|2026-09-18|Fading|COHU,SANM,TER,AEHR,FORM
Senior Care Services & Real Estate Value Chain|2026-09-18|Retired|
Silver-Focused Primary Miners|2026-09-18|Fading|HL,CDE
Silver & Mid-Cap Gold Miners Momentum Basket|2026-09-18|Retired|
Skilled Nursing & Senior Housing Healthcare REITs|2026-09-18|Fading|WELL,OHI,LTC,SBRA,JAN,CTRE
Small Modular Reactor & Advanced Nuclear Fission Technology|2026-09-18|Fading|SMR,NNE
Software Development & DevOps Collaboration Platforms|2026-09-18|Mainstream|TEAM,FROG,GTLB
Space Economy: Satellite Communications & Launch Services|2026-09-18|Accelerating|RDW,SPCX,VOYG,IRDM
Specialty P&C Insurance Underwriters Rotation Reversal|2026-09-18|Nascent|ALL,THG,PGR,SLDE,SAFT,MKL,EG,AFG,TRV,RNR,CB,WRB,SKWD,RLI,PLMR,HCI,SPNT
Specialty Retail Short-Squeeze Momentum Basket|2026-09-18|Mainstream|GME,ASO,SIG
Trucking & Freight Carrier Rate Recovery|2026-09-18|Fading|KNX,ARCB,SAIA,WERN
U.S. Apparel & Fashion Recovery|2026-09-18|Fading|URBN,WWW,SHOO,CROX,ANF,GAP
U.S. Domestic Passenger Airlines|2026-09-18|Fading|UAL,DAL,LUV
Vaccine & Antiviral Therapeutics Rebound|2026-09-18|Mainstream|NVAX,VIR,MRNA
Video & Streaming Content Distribution Rebound|2026-09-18|Fading|ROKU,FUBO
Wealth Management & Retail Brokerage Platforms|2026-09-18|Fading|RJF,HOOD,BEN,MS,LPLA,SF,SEIC,XP,AMP,IVZ,SCHW,WT,VCTR,WLTH
AI Data Center High-Speed Interconnect & Signal Integrity Chipmakers|2026-09-21|Accelerating|APH,COHR,ALAB,LITE
AI-Driven Diagnostics & Imaging Re-Rating|2026-09-21|Mainstream|CAI,ADPT,DGX,CDNA,RDNT,LH,TEM,HTFL
AI-Driven Memory & Storage Supply Shortage|2026-09-21|Accelerating|MRVL,SMTC,SKHY,MU,TSM,NVDA,AMD
AI-Powered Enterprise Analytics & Intelligent Workflow SaaS|2026-09-21|Mainstream|DOCU,WK,MSFT,ORCL,PLTR,AI,PEGA,CRM,AVPT,ASAN,APPN,NOW,PATH,INTA,SAP,MNDY,PD
Annuity-Focused Insurers|2026-09-21|Mainstream|CRBG,JXN,EQH,CNO
Bank Stocks: Rising-Rate NIM Expansion|2026-09-21|Fading|BUSE,CFG,HOMB,VLY,HWC,CBSH,FIBK,FHN,LYG,MUFG,BBVA,SMFG,MFG,SAN,HSBC,SFNC,NWG,FITB,C,NWBI,JPM,BBT,FBP,BCS,UBS,CBC,WFC,ING,DB,HIFS,ESQ,NBN,RBCAA,OFG,PFBC,DCOM,FCF,FSUN,OSBC,AMAL,STBA,CHCO,TRMK,CATY,NBTB
Bitcoin Holding & Trading Proxy Equities|2026-09-21|Nascent|ASST,COIN,GLXY
Bitcoin Miners Diversifying into AI/HPC Data Center Hosting (Emerging Names)|2026-09-21|Retired|
Bitcoin Mining Stocks Rotation Reversal|2026-09-21|Accelerating|IREN,MARA,ABTC,CLSK,IOND,HUT,WULF,RIOT
Bitcoin Treasury & Crypto Proxy Equities Correlation Basket|2026-09-21|Mainstream|BMNR,SBET,CRCL,PURR
Blank-Check SPAC Shell Speculation|2026-09-21|Fading|NMP,LWAC
Business Development Companies & Private Credit Lenders|2026-09-21|Fading|OTF,BXSL,HTGC,TRIN,ARCC,FSK,CSWC,OBDC
Canadian Big Banks|2026-09-21|Mainstream|CM,BNS,BMO,RY,TD
Cardiac & Bioelectric Ablation Device Innovators|2026-09-21|Mainstream|PLSE,ATRC
Cloud Application Delivery & Observability Infrastructure|2026-09-21|Accelerating|FSLY,DT,DDOG,ATEN
Cloud Application Software Rotation (Oversold Turning Up)|2026-09-21|Fading|PCOR,DUOL,APPF
Cloud Contact Center & CCaaS Communication Platforms|2026-09-21|Mainstream|NICE,FIVN,TWLO,RNG
Cloud Data Storage & Analytics Infrastructure|2026-09-21|Fading|APLD,SNOW,MDB,ESTC
Cloud Supply Chain & Warehouse Management Software|2026-09-21|Mainstream|MANH,DSGX,SPSC
Commercial, Office & Home Furniture Retailers and Manufacturers|2026-09-21|Fading|MLKN,WSM,W,HNI,ARHS
Commodity Chemicals & Polymer Producers Rebound|2026-09-21|Fading|LYB,CE
Consumer PC & Gaming Hardware Refresh Cycle|2026-09-21|Mainstream|LOGI,CRSR,HPQ
Copper Mining & Production|2026-09-21|Accelerating|TECK,FCX,ERO,SCCO,RIO,HBM
Corporate Digital Asset Treasury Vehicles|2026-09-21|Nascent|SBET,ASST,BMNR
Corporate Spend, Expense Management & Financial Operations Software|2026-09-21|Mainstream|CPAY,WEX,BILL
Crude & Product Tanker Shipping|2026-09-21|Nascent|AR,ECO,TRMD,EXE,GPOR,PAA,HESM,VET,YPF,EC,RRC,MPLX,PBR,STNG,TRGP,FRO,NAT,TNK,TEN,CVE,DHT,EPD,SU,VIST,INSW,OKE,ASC,CNX,PAGP,EQT,CNQ,HAFN
Custody & Securities Servicing Banks|2026-09-21|Fading|STT,NTRS,BNY
Customer Engagement & Marketing/CX SaaS Platforms|2026-09-21|Fading|AMPL,FRSH
Defense Electronics & Aerospace Subsystem Suppliers|2026-09-21|Fading|RTX,ATI,EMBJ,ARXS
Defense Intelligence & Cybersecurity IT Contractors|2026-09-21|Mainstream|CACI,LDOS,EFOR,SAIC,BAH,VVX
Defensive Consumer Staples Rotation|2026-09-21|Fading|TGT,TBBB,MDLZ,DG,KR,EPC,GO,PPC,DEO,PG,KHC,SJM,DLTR,UL,PM
Diabetes Management Devices (CGM, Insulin Pumps & Delivery)|2026-09-21|Accelerating|DXCM,BBNX,TNDM
Digital Advertising & Ad-Tech Monetization Platforms|2026-09-21|Mainstream|TJGC,ZD,RBLX,DV,MGNI
Digital Insurance Distribution & InsurTech Platforms|2026-09-21|Mainstream|PRCH,GSHD,LIFE
Diversified Power Generation Capacity Expansion for AI Electricity Demand|2026-09-21|Fading|HNRG,AES,OGE,CEG,EVRG,FE
Electronics Manufacturing Services (EMS) Providers|2026-09-21|Nascent|CLS,BHE,SANM
Emerging Medical Device Innovators Breakout|2026-09-21|Mainstream|ITGR,ATEC,INSP
Emerging Quantum Computing Rally|2026-09-21|Nascent|RGTI,IONQ,INFQ,QBTS,QUBT
Emerging Small-Cap Silver, Gold & Critical Mineral Miners|2026-09-21|Nascent|CDE,HL,HYMC,PPTA
Energy Infrastructure & Services Complex|2026-09-21|Fading|NE,NESR,SDRL,TDW,WES,WHD,FTK,TS,RIG,KNTK,OII,WKC,WMB,HP,FTI,HLX,PTEN,ET,OKE,VAL,KMI,AESI
Energy Supply Disruption: Middle East Geopolitical Risk|2026-09-21|Fading|BP,PR,CRC,CHRD,MUR,RRC,PBA,OVV,TTE,SM,CVX,SLB,INVX,WDS,VG,XOM,XPRO,NOV,FANG,EQNR,TALO,COP,SHEL,OXY,LNG,EOG,DVN,DEC,CRGY,NOG,MTDR,APA
Enterprise Data Backup & Cyber Resilience Software|2026-09-21|Nascent|RBRK,CVLT,BLZE
Enterprise HR & Workforce Management SaaS|2026-09-21|Mainstream|ADP,PAYC,WDAY,PCTY,ALIT,PAYX
Enterprise Server, Storage & Data Infrastructure Hardware|2026-09-21|Mainstream|ANET,CSCO,NTAP,DELL,HPE,STX,SMCI,NTNX
Enterprise Unstructured Data Storage Infrastructure|2026-09-21|Mainstream|QMCO,BOX,DBX
Farm Economy Value Chain Re-Rating|2026-09-21|Fading|CF,CNH,MOS,NTR,AGCO
Fintech & Digital Finance Sector Re-rating on Fed Easing|2026-09-21|Fading|BFH,QTWO,ALKT,PAY,ACIW,BR,KSPI,JKHY,DAVE,NCNO,NU,OMF,PYPL,DLO,MQ,SSNC,ITUB,CHYM,XP,INTR,SLM,PGY,PAGS,XYZ
For-Profit Postsecondary & Vocational Education|2026-09-21|Fading|CVSA,STRA,LOPE,PRDO,LAUR
Front-End Semiconductor Fabrication Equipment Makers|2026-09-21|Nascent|AMAT,ACMR,ASML
Gas-Fired Backup Generator & On-Site Power Equipment Makers|2026-09-21|Nascent|GNRC,INIO,PSIX
Genetic Medicine: Gene Editing & Gene Therapy Innovators|2026-09-21|Fading|MGTX,SRPT,QURE,FDMT
Genomics & DNA Sequencing Tools|2026-09-21|Mainstream|BRKR,TXG,NTRA,ILMN,CRSP,GH,WGS,TWST,GRAL,QGEN,NTLA
Global Agriculture Value Chain Recovery|2026-09-21|Mainstream|CNH,ANDE,BG,DE,AGCO,AGRO,ADM,LNN
Global Steel & Metal Producers Recovery|2026-09-21|Mainstream|MT,TX,STLD,NUE,CLF
Homebuilders & Residential Construction Supply Chain|2026-09-21|Fading|MHO,PHM,DHI,MTH,TOL,BXC
Hospital & Behavioral Health Facility Procedure Volume Recovery|2026-09-21|Mainstream|UHS,MD,ACHC,THC,HCA,EHC
Identity & Access Management Security Software|2026-09-21|Mainstream|OKTA,MITK,SAIL
Independent Petroleum Refiners - Crack Spread Rally|2026-09-21|Retired|
Industrial Construction Execution & On-Site Supply Chain|2026-09-21|Fading|DNOW,AGX,KBR,TTEK,TPC,ACA,J,FLR
Inflammatory Disease & Immunology Biologics|2026-09-21|Fading|CLDX,CLYM,ZBIO,IMVT,TRAX,NRIX,DNTH,ORKA,SYRE,AUPH,PHVS
Insurance Brokerage & Distribution Services|2026-09-21|Fading|AJG,RYAN,BRO,BWIN,WTW
Investment Research & Financial Data Platforms|2026-09-21|Fading|MORN,FDS
IT Consulting & Business Process Outsourcing Services|2026-09-21|Fading|EXLS,ACN,IBM,CNXC,EPAM,DXC,GLOB,KD,CTSH
Latin American Silver & Gold Mining Operators|2026-09-21|Nascent|FSM,BVN,AGI
Legacy Telecom & Pay-TV/Broadcasting Distribution Rebound|2026-09-21|Mainstream|TDS,ECHO,NMAX
Life Insurance & Annuity Providers|2026-09-21|Mainstream|UNM,PFG,VOYA,PRU,LNC,SLF,MET,MFC
Life Sciences & Healthcare Data/CRM Platforms|2026-09-21|Mainstream|VEEV,DOCS,TEM
Life Science Tools & Analytical Instruments|2026-09-21|Mainstream|MTD,A,WAT,RVTY,FTRE,AVTR,AZTA,IQV,RGEN,TMO,DHR,ICLR,CRL,MEDP,MLAB,BIO
Live Music & Concert Promotion|2026-09-21|Fading|LYV,LLYVK
Lodging & Hotel REITs|2026-09-21|Mainstream|RLJ,PK,RHP,SHO,DRH,PEB
Low-Cost & Regional Passenger Airline Rebound|2026-09-21|Nascent|LTM,ULCC,LUV
Management & Business Advisory Consulting Firms|2026-09-21|Retired|
Marketing & Digital Presence SaaS Platforms|2026-09-21|Mainstream|WIX,ZETA,GDDY,SPT
Media Streaming & Entertainment Content Turnaround|2026-09-21|Fading|DIS,PSKY,SPOT,WBD
Medical Device Mean-Reversion & Rotation Recovery|2026-09-21|Fading|GKOS,TMDX,BDX,ABT,SOLV,RMD,MDT,EW,INSP,LIVN,ATRC,BAX
Mobile SoC & Wireless Connectivity Semiconductors|2026-09-21|Mainstream|QRVO,SWKS,QCOM
Molecular & Genomic Diagnostic Testing|2026-09-21|Mainstream|CDNA,BLLN,PSNL
mRNA Vaccine & Personalized Cancer Therapy Platforms|2026-09-21|Accelerating|MRK,MRNA,BNTX
Net Lease Commercial & Retail REITs|2026-09-21|Fading|WPC,O
Network Security & Zero-Trust Edge|2026-09-21|Mainstream|QLYS,CRWD,PANW,OKTA,NTSK,CHKP,GEN,RPD,FTNT,S,TENB,SAIL,ZS,NET,VRNS,CVLT,FFIV,RBRK
Newly Public Digital Trading & Brokerage Platforms|2026-09-21|Fading|BULL,BLSH
Non-Alcoholic Beverages & Energy Drinks|2026-09-21|Fading|CCEP,KDP,KO
On-Site Power Generation & Distribution Equipment for Data Centers|2026-09-21|Nascent|ETN,PSIX,FPS,BE,EROC,VICR
Orthopedic Surgical Devices & Instruments|2026-09-21|Mainstream|CNMD,SIBN,ZBH,MMSI
Peptide & Hormone Therapies for Metabolic & Endocrine Disorders|2026-09-21|Accelerating|MBX,PTGX,CORT
Petroleum Refiners & Marketers|2026-09-21|Nascent|CVI,DINO,DK,MPC,PARR,PBF,PSX,VLO
Post-Acute & Home-Based Healthcare Services|2026-09-21|Nascent|OPCH,GRDN,ADUS
Precious Metals Complex Rebound|2026-09-21|Fading|TFPM,RGLD,FNV,OR,WPM,EQX,SVM,AUGO,ASM,B,MUX,SBSW,AG,EGO,KGC,AAUC,CGAU,HMY,IAG,GFI,PAAS,ARIS,AU,NG,SSRM,AEM,EXK,NEM
Precious Metals Miners Rotation|2026-09-21|Retired|
Precious Metals Miners Velocity Breakout|2026-09-21|Fading|FSM,WPM,AYA
Precious Metals Royalty & Streaming Companies|2026-09-21|Retired|
Precision Timing & Motion Control Component Makers|2026-09-21|Nascent|FEIM,ALNT
Private Equity & Alternative Asset Management Platforms|2026-09-21|Fading|TPG,OWL,APO,STEP
Private Mortgage Insurance|2026-09-21|Nascent|ESNT,NMIH,MTG,ACT
Pure-Play NAND/DRAM Memory Chip Makers|2026-09-21|Nascent|SKHY,MU,SIMO,SNDK
Rare Earth Elements Mining & Processing|2026-09-21|Fading|CRML,MP,ALOY,USAR
Regulated Electric Utility Defensive Rotation|2026-09-21|Fading|ED,EXC,FTS,TXNM,EVRG
Regulated Electric Utility Rate-Sensitive Rotation (Uncovered Names)|2026-09-21|Fading|DTE,PEG
Renewable Power Generation Operators|2026-09-21|Fading|RNW,FRVO
Renewable & Specialty Fuels Chemical Producers|2026-09-21|Mainstream|MEOH,CLMT,SSL
Residential Rental REITs (Rate-Cut Cap-Rate Play)|2026-09-21|Fading|INVH,ESS
Restaurant Chain Recovery|2026-09-21|Mainstream|EAT,DRI,CAKE
Semiconductor Equipment & Materials Velocity Surge|2026-09-21|Nascent|AXTI,ENTG,ONTO
Semiconductor Foundry & Advanced Packaging Manufacturing|2026-09-21|Accelerating|UMC,INTC,ASX,TSM,TSEM
Semiconductor Test, Yield & Assembly Supply Chain|2026-09-21|Fading|TER,FORM,SANM,COHU,AEHR
Silver-Focused Primary Miners|2026-09-21|Retired|
Skilled Nursing & Senior Housing Healthcare REITs|2026-09-21|Mainstream|JAN,OHI,CTRE,WELL,LTC,SBRA
Small Launch Vehicle & Space Platform Manufacturers|2026-09-21|Nascent|RKLB,FLY,MDA
Small Modular Reactor & Advanced Nuclear Fission Technology|2026-09-21|Fading|SMR,NNE
Software Development & DevOps Collaboration Platforms|2026-09-21|Mainstream|GTLB,TEAM,FROG
Space Economy: Satellite Communications & Launch Services|2026-09-21|Accelerating|SPCX,VOYG,RDW,VSAT
Specialty P&C Insurance Underwriters Rotation Reversal|2026-09-21|Nascent|SLDE,RLI,AFG,MKL,ALL,WRB,TRV,CB,SKWD,SPNT,THG,PLMR,EG,PGR,HCI,RNR
Specialty Retail Short-Squeeze Momentum Basket|2026-09-21|Mainstream|SIG,ASO,GME
Trucking & Freight Carrier Rate Recovery|2026-09-21|Retired|
Trucking & Freight Carrier Rebound|2026-09-21|Nascent|KNX,ARCB,SNDR,SAIA,TFII,WERN
U.S. Apparel & Fashion Recovery|2026-09-21|Fading|WWW,URBN,SHOO,ANF,GAP,CROX
U.S. Domestic Passenger Airlines|2026-09-21|Accelerating|DAL,LUV,UAL
Vaccine & Antiviral Therapeutics Rebound|2026-09-21|Mainstream|VIR,MRNA,NVAX
Video & Streaming Content Distribution Rebound|2026-09-21|Fading|ROKU,FUBO
Wealth Management & Retail Brokerage Platforms|2026-09-21|Fading|XP,AMP,RJF,BEN,WT,HOOD,SF,VCTR,LPLA,IVZ,SCHW,SEIC,MS,AMG
AI Data Center High-Speed Interconnect & Signal Integrity Chipmakers|2026-09-22|Accelerating|COHR,ALAB,LITE,APH,BDC
AI-Driven Diagnostics & Imaging Re-Rating|2026-09-22|Mainstream|CDNA,CAI,LH,HTFL,DGX,TEM,RDNT,ADPT
AI-Driven Memory & Storage Supply Shortage|2026-09-22|Mainstream|NVDA,MU,SKHY,TSM,SMTC,AMD,MRVL
AI-Powered Enterprise Analytics & Intelligent Workflow SaaS|2026-09-22|Mainstream|INTA,WK,ASAN,PLTR,DOCU,APPN,PATH,PEGA,CRM,PD,MSFT,AI,SAP,AVPT,ORCL,NOW,MNDY
AI Server Power & Signal-Integrity Analog ICs|2026-09-22|Nascent|RMBS,MPWR
Annuity-Focused Insurers|2026-09-22|Mainstream|CRBG,CNO,JXN,EQH
Bank Stocks: Rising-Rate NIM Expansion|2026-09-22|Fading|BBVA,BCS,FSUN,FHN,RBCAA,HWC,OFG,CFG,ING,NBTB,OSBC,HSBC,DB,CATY,VLY,TRMK,CBSH,WFC,NWG,MFG,CHCO,NWBI,BUSE,SFNC,LYG,FIBK,UBS,HOMB,DCOM,BBT,PFBC,ESQ,MUFG,HIFS,SMFG,FITB,NBN,C,FBP,FCF,STBA,CBC,SAN,JPM,AMAL,HOPE,QCRH,CVBF
Bitcoin Holding & Trading Proxy Equities|2026-09-22|Nascent|GLXY,ASST,COIN
Bitcoin Mining Stocks Rotation Reversal|2026-09-22|Accelerating|IOND,IREN,MARA,ABTC,CLSK,RIOT,WULF,HUT,BTDR,CIFR
Bitcoin Treasury & Crypto Proxy Equities Correlation Basket|2026-09-22|Accelerating|SBET,BMNR,CRCL,PURR
Blank-Check SPAC Shell Speculation|2026-09-22|Retired|
Building Products Distribution & Supply|2026-09-22|Nascent|BXC,BLDR
Business Development Companies & Private Credit Lenders|2026-09-22|Fading|BXSL,TRIN,FSK,ARCC,HTGC,OBDC,OTF
Canadian Big Banks|2026-09-22|Mainstream|RY,CM,TD,BMO,BNS
Cardiac & Bioelectric Ablation Device Innovators|2026-09-22|Mainstream|PLSE,ATRC
Cloud Application Delivery & Observability Infrastructure|2026-09-22|Accelerating|ATEN,FSLY,DDOG,DT
Cloud Application Software Rotation (Oversold Turning Up)|2026-09-22|Fading|PCOR,DUOL,APPF
Cloud Contact Center & CCaaS Communication Platforms|2026-09-22|Mainstream|NICE,TWLO,FIVN,RNG
Cloud Data Storage & Analytics Infrastructure|2026-09-22|Mainstream|MDB,SNOW,ESTC,APLD
Cloud Supply Chain & Warehouse Management Software|2026-09-22|Fading|DSGX,MANH,SPSC
Coal Mining Producers|2026-09-22|Nascent|BTU,CNR,AMR,HCC
Commercial, Office & Home Furniture Retailers and Manufacturers|2026-09-22|Accelerating|MLKN,HNI,ARHS,WSM,W
Commodity Chemicals & Polymer Producers Rebound|2026-09-22|Fading|LYB,CE
Consumer PC & Gaming Hardware Refresh Cycle|2026-09-22|Mainstream|LOGI,CRSR,HPQ
Copper Mining & Production|2026-09-22|Accelerating|RIO,ERO,HBM,SCCO,FCX,TECK,IE
Corporate Digital Asset Treasury Vehicles|2026-09-22|Nascent|SBET,BMNR,ASST
Corporate Spend, Expense Management & Financial Operations Software|2026-09-22|Mainstream|BILL,CPAY,WEX
Crude & Product Tanker Shipping|2026-09-22|Mainstream|ASC,TEN,STNG,HAFN,DHT,ECO,NAT,FRO,TRMD,TNK,INSW,BWLP
Custody & Securities Servicing Banks|2026-09-22|Retired|
Customer Engagement & Marketing/CX SaaS Platforms|2026-09-22|Fading|AMPL,FRSH
Defense Electronics & Aerospace Subsystem Suppliers|2026-09-22|Fading|RKLB,ATI,RTX,EMBJ,FLY,MDA,ARXS
Defense Intelligence & Cybersecurity IT Contractors|2026-09-22|Mainstream|CACI,BAH,SAIC,VVX,EFOR,LDOS
Defensive Consumer Staples Rotation|2026-09-22|Fading|KHC,DEO,SJM,EPC,TGT,MDLZ,PPC,GO,UL,PG,KR,DG,PM,TBBB,EL,SPB,MICC
Diabetes Management Devices (CGM, Insulin Pumps & Delivery)|2026-09-22|Mainstream|TNDM,BBNX,DXCM,MMED
Digital Advertising & Ad-Tech Monetization Platforms|2026-09-22|Mainstream|TJGC,RBLX,DV,MGNI,ZD
Digital Insurance Distribution & InsurTech Platforms|2026-09-22|Accelerating|PRCH,LIFE
Diversified Power Generation Capacity Expansion for AI Electricity Demand|2026-09-22|Fading|HNRG,AES,OGE,CEG,EVRG,FE
Electronics Manufacturing Services (EMS) Providers|2026-09-22|Nascent|CLS,SANM,BHE,PLXS
Emerging AI Compute & Cloud Infrastructure Platforms|2026-09-22|Nascent|DOCN,PENG,CBRS
Emerging Medical Device Innovators Breakout|2026-09-22|Mainstream|ITGR,INSP,ATEC
Emerging Quantum Computing Rally|2026-09-22|Nascent|RGTI,QUBT,INFQ,QBTS,IONQ,QNT
Emerging Small-Cap Silver, Gold & Critical Mineral Miners|2026-09-22|Retired|
Energy Infrastructure & Services Complex|2026-09-22|Fading|NE,WES,VAL,TS,ET,SDRL,KMI,RIG,KNTK,OII,WHD,WKC,NESR,FTK,OKE,FET,TDW,HLX,HP
Energy Supply Disruption: Middle East Geopolitical Risk|2026-09-22|Fading|COP,EQNR,PR,XPRO,XOM,CRGY,BP,CRC,DVN,CVX,TTE,INVX,TALO,LNG,DEC,EOG,NOV,WDS,SM,SHEL,APA,REPX
Enterprise Data Backup & Cyber Resilience Software|2026-09-22|Retired|
Enterprise HR & Workforce Management SaaS|2026-09-22|Mainstream|PAYC,ADP,PCTY,WDAY,PAYX,ALIT,TNET
Enterprise Server, Storage & Data Infrastructure Hardware|2026-09-22|Mainstream|STX,ANET,NTAP,HPE,NTNX,SMCI,DELL,CSCO
Enterprise Unstructured Data Storage Infrastructure|2026-09-22|Mainstream|QMCO,DBX,BOX
Farm Economy Value Chain Re-Rating|2026-09-22|Fading|MOS,CNH,NTR,AGCO
Fintech & Digital Finance Sector Re-rating on Fed Easing|2026-09-22|Fading|DLO,XP,XYZ,NU,CHYM,BFH,PAY,JKHY,NCNO,QTWO,SLM,PGY,DAVE,ALKT,ACIW,PYPL,MQ,BR,INTR,KSPI,OMF,SSNC,PAGS,ITUB
For-Profit Postsecondary & Vocational Education|2026-09-22|Fading|CVSA,STRA,LOPE,PRDO,LAUR
Front-End Semiconductor Fabrication Equipment Makers|2026-09-22|Nascent|ASML,ACMR,AMAT,LRCX
Gas-Fired Backup Generator & On-Site Power Equipment Makers|2026-09-22|Retired|
Genetic Medicine: Gene Editing & Gene Therapy Innovators|2026-09-22|Fading|SRPT,MGTX,QURE,FDMT
Genomics & DNA Sequencing Tools|2026-09-22|Mainstream|QGEN,GH,GRAL,CRSP,BRKR,NTRA,ILMN,TXG,TWST,WGS,NTLA
Global Agriculture Value Chain Recovery|2026-09-22|Fading|AGRO,ADM,DE,LNN,CNH,ANDE,AGCO
Global Steel & Metal Producers Recovery|2026-09-22|Mainstream|STLD,MT,NUE,CLF,TX
Homebuilders & Residential Construction Supply Chain|2026-09-22|Fading|PHM,TOL,MHO,MTH,DHI,SKY,CVCO,CCS
Hospital & Behavioral Health Facility Procedure Volume Recovery|2026-09-22|Mainstream|UHS,MD,EHC,THC,HCA,SGRY
Identity & Access Management Security Software|2026-09-22|Mainstream|OKTA,SAIL,MITK
Industrial Construction Execution & On-Site Supply Chain|2026-09-22|Fading|AGX,DNOW,KBR,TPC,J,TTEK,ACA,FLR
Inflammatory Disease & Immunology Biologics|2026-09-22|Mainstream|ORKA,SYRE,AUPH,TRAX,CLYM,ZBIO,CLDX,NRIX,DNTH,IMVT,PHVS,VRDN
Insurance Brokerage & Distribution Services|2026-09-22|Fading|AJG,RYAN,BWIN,WTW
Investment Research & Financial Data Platforms|2026-09-22|Fading|MORN,FDS
IT Consulting & Business Process Outsourcing Services|2026-09-22|Fading|EXLS,IBM,CTSH,DXC,CNXC,ACN,EPAM,KD
Latin American Silver & Gold Mining Operators|2026-09-22|Retired|
Legacy Telecom & Pay-TV/Broadcasting Distribution Rebound|2026-09-22|Mainstream|ECHO,TDS,NMAX
Life Insurance & Annuity Providers|2026-09-22|Fading|LNC,MET,MFC,PFG,SLF,PRU,VOYA,UNM,RGA
Life Sciences & Healthcare Data/CRM Platforms|2026-09-22|Mainstream|VEEV,TEM,DOCS
Life Science Tools & Analytical Instruments|2026-09-22|Mainstream|TMO,IQV,MEDP,AVTR,BIO,MTD,WAT,CRL,DHR,ICLR,FTRE,RVTY,RGEN,AZTA,A
Live Music & Concert Promotion|2026-09-22|Fading|LYV,LLYVK,MSGE
Lodging & Hotel REITs|2026-09-22|Mainstream|PEB,SHO,DRH,RLJ,PK,RHP
Low-Cost & Regional Passenger Airline Rebound|2026-09-22|Nascent|LUV,ULCC,LTM
Marketing & Digital Presence SaaS Platforms|2026-09-22|Mainstream|WIX,ZETA,SPT,GDDY
Media Streaming & Entertainment Content Turnaround|2026-09-22|Mainstream|PSKY,WBD,SPOT,DIS
Medical Device Mean-Reversion & Rotation Recovery|2026-09-22|Fading|BAX,MDT,ABT,GKOS,INSP,SOLV,EW,LIVN,BDX,ATRC,RMD,TMDX,HAE
Mobile SoC & Wireless Connectivity Semiconductors|2026-09-22|Mainstream|QCOM,QRVO,SWKS
Molecular & Genomic Diagnostic Testing|2026-09-22|Mainstream|PSNL,BLLN,CDNA
mRNA Vaccine & Personalized Cancer Therapy Platforms|2026-09-22|Mainstream|MRNA,BNTX,MRK
Net Lease Commercial & Retail REITs|2026-09-22|Fading|WPC,O
Network Security & Zero-Trust Edge|2026-09-22|Mainstream|CRWD,NET,S,SAIL,QLYS,NTSK,FFIV,BLZE,FTNT,GEN,PANW,TENB,VRNS,RBRK,CHKP,OKTA,ZS,RPD,CVLT
Newly Public Digital Trading & Brokerage Platforms|2026-09-22|Fading|BULL,BLSH
Non-Alcoholic Beverages & Energy Drinks|2026-09-22|Fading|CCEP,KDP,KO,KOF
On-Site Power Generation & Distribution Equipment for Data Centers|2026-09-22|Nascent|FPS,BE,EROC,PSIX,ETN
Orthopedic Surgical Devices & Instruments|2026-09-22|Mainstream|SIBN,CNMD,MMSI,ZBH
Peptide & Hormone Therapies for Metabolic & Endocrine Disorders|2026-09-22|Mainstream|MBX,PTGX,CORT
Petroleum Refiners & Marketers|2026-09-22|Nascent|DK,PBF,VLO,DINO,PARR,MPC,GNRC,INIO,PSIX,CVI,PSX
Post-Acute & Home-Based Healthcare Services|2026-09-22|Nascent|ADUS,GRDN,OPCH
Precious Metals Complex Rebound|2026-09-22|Fading|NG,TFPM,GFI,NEM,B,AUGO,IAG,EQX,AAUC,AG,PAAS,ARIS,WPM,MUX,CGAU,SVM,EGO,RGLD,FNV,AEM,OR,KGC,EXK,SSRM,SBSW,HMY,AU,ASM,OGC,PPTA,HL,CDE,HYMC,BVN,FSM,AGI
Precious Metals Miners Velocity Breakout|2026-09-22|Accelerating|FSM,WPM,AYA
Precision Timing & Motion Control Component Makers|2026-09-22|Nascent|FEIM,ALNT,SITM
Private Equity & Alternative Asset Management Platforms|2026-09-22|Fading|TPG,OWL,APO
Private Mortgage Insurance|2026-09-22|Nascent|MTG,ACT,ESNT,NMIH
Pure-Play NAND/DRAM Memory Chip Makers|2026-09-22|Nascent|MU,SKHY,SNDK,SIMO
Rare Earth Elements Mining & Processing|2026-09-22|Fading|CRML,MP,ALOY,USAR
Regulated Electric Utility Defensive Rotation|2026-09-22|Fading|ED,FTS,TXNM,EVRG
Regulated Electric Utility Rate-Sensitive Rotation (Uncovered Names)|2026-09-22|Retired|
Renewable Power Generation Operators|2026-09-22|Fading|RNW,FRVO
Renewable & Specialty Fuels Chemical Producers|2026-09-22|Mainstream|CLMT,MEOH,SSL
Residential Rental REITs (Rate-Cut Cap-Rate Play)|2026-09-22|Fading|INVH,ESS
Restaurant Chain Recovery|2026-09-22|Mainstream|EAT,CAKE,DRI
Semiconductor Equipment & Materials Velocity Surge|2026-09-22|Nascent|AXTI,ENTG,ONTO
Semiconductor Foundry & Advanced Packaging Manufacturing|2026-09-22|Accelerating|INTC,TSEM,TSM,UMC,ASX
Semiconductor Test, Yield & Assembly Supply Chain|2026-09-22|Accelerating|SANM,TER,AEHR,FORM,COHU,PDFS,CAMT
Skilled Nursing & Senior Housing Healthcare REITs|2026-09-22|Fading|JAN,OHI,WELL,LTC
Small Launch Vehicle & Space Platform Manufacturers|2026-09-22|Retired|
Small Modular Reactor & Advanced Nuclear Fission Technology|2026-09-22|Fading|SMR,NNE
Software Development & DevOps Collaboration Platforms|2026-09-22|Mainstream|GTLB,TEAM,FROG
Space Economy: Satellite Communications & Launch Services|2026-09-22|Accelerating|RDW,SPCX,VOYG,IRDM
Specialty P&C Insurance Underwriters Rotation Reversal|2026-09-22|Fading|RLI,SKWD,RNR,CB,HCI,SPNT,MKL,TRV,SLDE,WRB,THG,AFG,PGR,PLMR,EG
Specialty Retail Short-Squeeze Momentum Basket|2026-09-22|Mainstream|ASO,SIG,GME
Trucking & Freight Carrier Rebound|2026-09-22|Fading|KNX,ARCB
U.S. Apparel & Fashion Recovery|2026-09-22|Nascent|GAP,ANF,CROX,SHOO,URBN,WWW,KSS,SHOE
U.S. Domestic Passenger Airlines|2026-09-22|Accelerating|LUV,UAL,DAL
Vaccine & Antiviral Therapeutics Rebound|2026-09-22|Mainstream|MRNA,VIR,NVAX
Video & Streaming Content Distribution Rebound|2026-09-22|Fading|ROKU,FUBO
Wealth Management & Retail Brokerage Platforms|2026-09-22|Fading|VCTR,RJF,MS,XP,BEN,SCHW,IVZ,HOOD,WT,AMG,AMP,SEIC,SF
AI Data Center High-Speed Interconnect & Signal Integrity Chipmakers|2026-09-23|Accelerating|COHR,ALAB,LITE,BDC,APH
AI-Driven Diagnostics & Imaging Re-Rating|2026-09-23|Mainstream|CAI,PSNL,ADPT,TEM,CDNA,LH,RDNT,HTFL,DGX
AI-Driven Memory & Storage Supply Shortage|2026-09-23|Mainstream|MRVL,TSM,AMD,MU,SMTC,NVDA,SKHY
AI-Powered Enterprise Analytics & Intelligent Workflow SaaS|2026-09-23|Fading|MSFT,AI,APPN,CRM,PATH,SAP,INTA,ORCL,MNDY,PLTR,PEGA,AVPT,ASAN,PD,DOCU,WK,NOW,PRGS
AI Server Power & Signal-Integrity Analog ICs|2026-09-23|Fading|RMBS,MPWR
Annuity-Focused Insurers|2026-09-23|Mainstream|CRBG,EQH,JXN,CNO
Bank Stocks: Rising-Rate NIM Expansion|2026-09-23|Fading|LYG,HIFS,FBP,C,FITB,ESQ,ING,CATY,HOMB,SAN,AMAL,NBTB,QCRH,CBC,NWG,CFG,DCOM,BCS,OSBC,TRMK,BUSE,HSBC,WFC,NWBI,MUFG,FSUN,BBVA,HOPE,MFG,CBSH,SFNC,RBCAA,FCF,FIBK,PFBC,JPM,HWC,NBN,DB,OFG,CHCO,STBA,FHN,SMFG,CVBF,WABC
Bitcoin Holding & Trading Proxy Equities|2026-09-23|Nascent|GLXY,COIN,ASST,BLSH
Bitcoin Mining Stocks Rotation Reversal|2026-09-23|Mainstream|MARA,IREN,CIFR,CLSK,HUT,WULF,RIOT,BTDR,IOND,ABTC
Bitcoin Treasury & Crypto Proxy Equities Correlation Basket|2026-09-23|Mainstream|PURR,SBET,BMNR,CRCL
Building Products Distribution & Supply|2026-09-23|Fading|BXC,BLDR
Business Development Companies & Private Credit Lenders|2026-09-23|Nascent|HTGC,TRIN,BXSL,OTF,FSK,ARCC,OBDC
Canadian Big Banks|2026-09-23|Nascent|RY,CM,BNS,TD,BMO
Cardiac & Bioelectric Ablation Device Innovators|2026-09-23|Mainstream|ATRC,PLSE
Cloud Application Delivery & Observability Infrastructure|2026-09-23|Accelerating|ATEN,DT,FSLY,DDOG
Cloud Application Software Rotation (Oversold Turning Up)|2026-09-23|Mainstream|APPF,PCOR,DUOL
Cloud Contact Center & CCaaS Communication Platforms|2026-09-23|Mainstream|RNG,TWLO,FIVN,NICE
Cloud Data Storage & Analytics Infrastructure|2026-09-23|Mainstream|SNOW,APLD,ESTC,MDB
Cloud Supply Chain & Warehouse Management Software|2026-09-23|Fading|MANH,DSGX,SPSC
Coal Mining Producers|2026-09-23|Fading|BTU,CNR,AMR,HCC
Commercial, Office & Home Furniture Retailers and Manufacturers|2026-09-23|Mainstream|WSM,ARHS,HNI,W,MLKN
Commodity Chemicals & Polymer Producers Rebound|2026-09-23|Fading|LYB,CE
Consumer PC & Gaming Hardware Refresh Cycle|2026-09-23|Mainstream|CRSR,LOGI,HPQ
Copper Mining & Production|2026-09-23|Accelerating|SCCO,TECK,HBM,RIO,FCX,ERO,IE
Corporate Digital Asset Treasury Vehicles|2026-09-23|Nascent|SBET,BMNR,ASST,MSTR
Corporate Spend, Expense Management & Financial Operations Software|2026-09-23|Mainstream|BILL,CPAY,WEX
Crude & Product Tanker Shipping|2026-09-23|Mainstream|TNK,FRO,INSW,TRMD,NAT,TEN,HAFN,ASC,DHT,STNG,ECO
Customer Engagement & Marketing/CX SaaS Platforms|2026-09-23|Fading|AMPL,FRSH
Defense Electronics & Aerospace Subsystem Suppliers|2026-09-23|Mainstream|EMBJ,MDA,ATI,RKLB,RTX,ARXS,DPC,AVAV
Defense Intelligence & Cybersecurity IT Contractors|2026-09-23|Mainstream|CACI,VVX,BAH,LDOS,SAIC,EFOR,ICFI
Defensive Consumer Staples Rotation|2026-09-23|Fading|DG,MDLZ,PM,TGT,EPC,SJM,EL,SPB,UL,TBBB,PG,GO,PPC,KR,MICC,KHC,DEO
Diabetes Management Devices (CGM, Insulin Pumps & Delivery)|2026-09-23|Mainstream|TNDM,BBNX,MMED,DXCM
Digital Advertising & Ad-Tech Monetization Platforms|2026-09-23|Mainstream|DV,MGNI,RBLX,ZD
Digital Insurance Distribution & InsurTech Platforms|2026-09-23|Fading|PRCH,LIFE
Diversified Power Generation Capacity Expansion for AI Electricity Demand|2026-09-23|Fading|HNRG,AES,OGE,CEG,EVRG,FE
Electric & Unmanned Aircraft Innovators|2026-09-23|Nascent|BETA,AVEX
Electronics Manufacturing Services (EMS) Providers|2026-09-23|Nascent|CLS,SANM,BHE,PLXS
Emerging AI Compute & Cloud Infrastructure Platforms|2026-09-23|Nascent|DOCN,PENG,CBRS,NBIS
Emerging Medical Device Innovators Breakout|2026-09-23|Mainstream|ATEC,ITGR,INSP
Emerging Quantum Computing Rally|2026-09-23|Nascent|INFQ,QBTS,IONQ,QUBT,RGTI
Emerging Small-Cap Silver, Gold & Critical Mineral Miners|2026-09-23|Nascent|CDE,HL,HYMC,PPTA
Energy Infrastructure & Services Complex|2026-09-23|Fading|WKC,FTK,NESR,TS,TDW,HLX,WES,HP,FET,WHD,KNTK,SDRL,KMI,OII,ET,NE
Energy Supply Disruption: Middle East Geopolitical Risk|2026-09-23|Mainstream|LNG,EOG,TALO,CRGY,PR,APA,XPRO,DEC,COP,REPX,CRC,WDS,DVN,NOV,SM
Enterprise HR & Workforce Management SaaS|2026-09-23|Mainstream|ADP,PAYX,PCTY,ALIT,PAYC,WDAY
Enterprise Server, Storage & Data Infrastructure Hardware|2026-09-23|Nascent|DELL,STX,NTNX,SMCI,CSCO,HPE,NTAP,ANET
Enterprise Unstructured Data Storage Infrastructure|2026-09-23|Fading|BOX,QMCO,DBX
Farm Economy Value Chain Re-Rating|2026-09-23|Nascent|MOS,CNH,AGCO,NTR
Fintech & Digital Finance Sector Re-rating on Fed Easing|2026-09-23|Fading|CHYM,KSPI,JKHY,MQ,SSNC,ITUB,DAVE,BR,ACIW,PAGS,PYPL,PAY,XYZ,BFH,SLM,NCNO,XP,QTWO,PGY,OMF,NU,DLO
For-Profit Postsecondary & Vocational Education|2026-09-23|Mainstream|STRA,PRDO,LOPE,CVSA,LAUR
Front-End Semiconductor Fabrication Equipment Makers|2026-09-23|Nascent|ACMR,ASML,AMAT,LRCX
Gas-Fired Backup Generator & On-Site Power Equipment Makers|2026-09-23|Nascent|GNRC,INIO,PSIX
Genetic Medicine: Gene Editing & Gene Therapy Innovators|2026-09-23|Fading|MGTX,QURE,SRPT,FDMT
Genomics & DNA Sequencing Tools|2026-09-23|Mainstream|WGS,ILMN,NTLA,BRKR,QGEN,GH,CRSP,TXG,TWST,GRAL,NTRA
Global Agriculture Value Chain Recovery|2026-09-23|Mainstream|DE,CNH,ANDE,AGCO,AGRO,ADM
Global Reinsurance Underwriters|2026-09-23|Nascent|RNR,EG,ACGL
Global Steel & Metal Producers Recovery|2026-09-23|Fading|NUE,STLD,TX,MT,CLF
Homebuilders & Residential Construction Supply Chain|2026-09-23|Nascent|CVCO,PHM,DHI,TOL,MTH,MHO,SKY
Hospital & Behavioral Health Facility Procedure Volume Recovery|2026-09-23|Mainstream|SGRY,EHC,MD,THC,HCA,UHS
Identity & Access Management Security Software|2026-09-23|Mainstream|MITK,OKTA,SAIL
Industrial Construction Execution & On-Site Supply Chain|2026-09-23|Fading|DNOW,J,KBR,TTEK,TPC,ACA,AGX,FLR
Inflammatory Disease & Immunology Biologics|2026-09-23|Mainstream|ZBIO,ORKA,TRAX,SYRE,VRDN,PHVS,NRIX,AUPH,CLYM
Insurance Brokerage & Distribution Services|2026-09-23|Fading|RYAN,BWIN,WTW
Investment Research & Financial Data Platforms|2026-09-23|Fading|MORN,FDS
IT Consulting & Business Process Outsourcing Services|2026-09-23|Fading|IBM,KD,ACN,DXC,EPAM,EXLS,CTSH,CNXC
Legacy Telecom & Pay-TV/Broadcasting Distribution Rebound|2026-09-23|Mainstream|NMAX,TDS,ECHO
Life Insurance & Annuity Providers|2026-09-23|Mainstream|MET,PFG,UNM,MFC,VOYA,SLF,PRU,LNC,RGA
Life Sciences & Healthcare Data/CRM Platforms|2026-09-23|Mainstream|TEM,DOCS,VEEV
Life Science Tools & Analytical Instruments|2026-09-23|Mainstream|RGEN,ICLR,IQV,MTD,RVTY,CRL,WAT,AZTA,DHR,TMO,FTRE,BIO,MEDP,AVTR,A,MLAB
Live Music & Concert Promotion|2026-09-23|Fading|LYV,LLYVK,MSGE
Lodging & Hotel REITs|2026-09-23|Nascent|PK,DRH,SHO,RLJ,RHP,PEB
Low-Cost & Regional Passenger Airline Rebound|2026-09-23|Nascent|LUV,ULCC,LTM
Marketing & Digital Presence SaaS Platforms|2026-09-23|Mainstream|WIX,ZETA,GDDY,SPT
Media Streaming & Entertainment Content Turnaround|2026-09-23|Fading|PSKY,WBD,DIS
Medical Device Mean-Reversion & Rotation Recovery|2026-09-23|Fading|EW,HAE,INSP,MDT,TMDX,LIVN,ABT,RMD,GKOS,ATRC,BAX,BDX,ISRG
Mobile SoC & Wireless Connectivity Semiconductors|2026-09-23|Mainstream|QCOM,SWKS,QRVO
Molecular & Genomic Diagnostic Testing|2026-09-23|Retired|
mRNA Vaccine & Personalized Cancer Therapy Platforms|2026-09-23|Mainstream|MRK,MRNA,BNTX
Net Lease Commercial & Retail REITs|2026-09-23|Fading|WPC,O
Network Security & Zero-Trust Edge|2026-09-23|Mainstream|PANW,NET,CHKP,GEN,RPD,BLZE,TENB,ZS,NTSK,CRWD,FFIV,CVLT,S,OKTA,RBRK,QLYS,SAIL,FTNT,VRNS
Newly Public Digital Trading & Brokerage Platforms|2026-09-23|Retired|
Non-Alcoholic Beverages & Energy Drinks|2026-09-23|Fading|CCEP,KDP,KOF,KO
On-Site Power Generation & Distribution Equipment for Data Centers|2026-09-23|Nascent|EROC,PSIX,ETN,FPS,BE,VICR
Optical Networking & Photonics Components for AI Data Centers|2026-09-23|Nascent|GLW,COHR,LITE
Orthopedic Surgical Devices & Instruments|2026-09-23|Fading|MMSI,SIBN,ZBH,CNMD
Peptide & Hormone Therapies for Metabolic & Endocrine Disorders|2026-09-23|Fading|MBX,PTGX,CORT
Petroleum Refiners & Marketers|2026-09-23|Fading|EQNR,CVI,SHEL,XOM,BP,SU,PSX,GPOR,EQT,PBF,E,VLO,PARR,EXE,CNX,DK,SUNC,TTE,AR,CVX,DINO,RRC,MPC
Post-Acute & Home-Based Healthcare Services|2026-09-23|Fading|GRDN,OPCH,ADUS
Precious Metals Complex Rebound|2026-09-23|Fading|KGC,HMY,MUX,AGI,IAG,CDE,EGO,SSRM,SVM,AUGO,SBSW,AG,HYMC,EXK,TFPM,FNV,RGLD,FSM,AAUC,PAAS,AU,AEM,EQX,WPM,NEM,NG,B,PPTA,BVN,GFI,OGC,CGAU,HL,OR,ARIS,SKE
Precious Metals Miners Velocity Breakout|2026-09-23|Mainstream|WPM,FSM,AYA
Precision Timing & Motion Control Component Makers|2026-09-23|Nascent|SITM,FEIM,ALNT
Private Equity & Alternative Asset Management Platforms|2026-09-23|Retired|
Private Mortgage Insurance|2026-09-23|Mainstream|ACT,NMIH,MTG,ESNT
Pure-Play NAND/DRAM Memory Chip Makers|2026-09-23|Nascent|SNDK,MU,SKHY,SIMO
Rare Earth Elements Mining & Processing|2026-09-23|Fading|CRML,MP,ALOY,USAR
Regulated Electric Utility Defensive Rotation|2026-09-23|Fading|ED,FTS,TXNM,EVRG
Regulated Natural Gas Distribution Utilities|2026-09-23|Nascent|SR,ATO,OGS,NI,CNP
Renewable Power Generation Operators|2026-09-23|Fading|RNW,FRVO
Renewable & Specialty Fuels Chemical Producers|2026-09-23|Mainstream|MEOH,SSL,CLMT
Residential Rental REITs (Rate-Cut Cap-Rate Play)|2026-09-23|Fading|INVH,ESS
Restaurant Chain Recovery|2026-09-23|Fading|EAT,CAKE,DRI,BJRI
Semiconductor Equipment & Materials Velocity Surge|2026-09-23|Nascent|ENTG,AXTI,ONTO
Semiconductor Foundry & Advanced Packaging Manufacturing|2026-09-23|Mainstream|TSM,ASX,TSEM,INTC,UMC
Semiconductor Test, Yield & Assembly Supply Chain|2026-09-23|Accelerating|PDFS,COHU,SANM,TER,FORM,CAMT,AEHR
Skilled Nursing & Senior Housing Healthcare REITs|2026-09-23|Fading|WELL,JAN,OHI,LTC,ENSG
Small Launch Vehicle & Space Platform Manufacturers|2026-09-23|Nascent|RKLB,FLY,MDA
Small Modular Reactor & Advanced Nuclear Fission Technology|2026-09-23|Fading|SMR,NNE
Small Satellite & Space Services Rotation|2026-09-23|Nascent|LUNR,BKSY,MDA,FLY,RKLB
Software Development & DevOps Collaboration Platforms|2026-09-23|Mainstream|TEAM,GTLB,FROG
Space Economy: Satellite Communications & Launch Services|2026-09-23|Mainstream|RDW,SPCX,VOYG
Specialty P&C Insurance Underwriters Rotation Reversal|2026-09-23|Fading|WRB,SLDE,RLI,MKL,CB,SPNT,SKWD,PGR,EG,TRV,THG,HCI,AFG,PLMR,RNR
Specialty Retail Short-Squeeze Momentum Basket|2026-09-23|Mainstream|ASO,GME,SIG
Trucking & Freight Carrier Rebound|2026-09-23|Fading|KNX,ARCB
Uranium Mining & Extraction|2026-09-23|Nascent|UEC,UUUU
U.S. Apparel & Fashion Recovery|2026-09-23|Mainstream|WWW,CROX,GAP,URBN,ANF,SHOE,KSS,SHOO,ROST
U.S. Domestic Passenger Airlines|2026-09-23|Nascent|LUV,UAL,DAL
Vaccine & Antiviral Therapeutics Rebound|2026-09-23|Mainstream|VIR,MRNA,NVAX,GILD
Video & Streaming Content Distribution Rebound|2026-09-23|Fading|ROKU,FUBO
Wealth Management & Retail Brokerage Platforms|2026-09-23|Fading|SCHW,VCTR,BEN,AMG,SEIC,IVZ,XP,RJF,MS,WT,AMP,HOOD,AAMI,OPY
AI Data Center High-Speed Interconnect & Signal Integrity Chipmakers|2026-09-24|Accelerating|BDC,ALAB,COHR,GLW,LITE,APH
AI-Driven Diagnostics & Imaging Re-Rating|2026-09-24|Mainstream|ADPT,TEM,DGX,PSNL,CAI,CDNA,RDNT,HTFL,LH
AI-Driven Memory & Storage Supply Shortage|2026-09-24|Mainstream|MRVL,TSM,SMTC,AMD,SKHY,MU,NVDA
AI-Powered Enterprise Analytics & Intelligent Workflow SaaS|2026-09-24|Fading|PATH,PD,ASAN,INTA,AI,WK,MNDY,APPN,DOCU,MSFT,SAP,CRM,NOW,AVPT,PRGS,ORCL,PLTR,PEGA
AI Server Power & Signal-Integrity Analog ICs|2026-09-24|Fading|RMBS,MPWR
Annuity-Focused Insurers|2026-09-24|Mainstream|JXN,EQH,CNO,CRBG
Autonomous Vehicle & ADAS Technology Enablers|2026-09-24|Nascent|OUST,AMBA,BB
Bank Stocks: Rising-Rate NIM Expansion|2026-09-24|Fading|OSBC,JPM,HIFS,BBVA,HWC,RBCAA,AMAL,FCF,CHCO,BCS,CBSH,FSUN,TRMK,CATY,STBA,ING,FITB,DCOM,HOMB,HSBC,CVBF,SFNC,NBN,WFC,LYG,SAN,OFG,NWBI,C,QCRH,BUSE,ESQ,SMFG,MFG,CFG,NWG,NBTB,HOPE,MUFG,FBP,CBC,FIBK,PFBC,WABC,DB
Bitcoin Balance Sheet Proxies|2026-09-24|Nascent|MSTR,COIN,BLSH,CRCL
Bitcoin Holding & Trading Proxy Equities|2026-09-24|Mainstream|COIN,GLXY,ASST
Bitcoin Mining Stocks Rotation Reversal|2026-09-24|Mainstream|CLSK,MARA,HUT,IOND,CIFR,RIOT,WULF,BTDR,IREN,ABTC
Bitcoin Treasury & Crypto Proxy Equities Correlation Basket|2026-09-24|Mainstream|SBET,PURR,CRCL,BMNR,ASST
Brazilian Fintech & Digital Payments|2026-09-24|Nascent|INTR,STNE
Building Products Distribution & Supply|2026-09-24|Fading|BXC,BLDR
Business Development Companies & Private Credit Lenders|2026-09-24|Nascent|FSK,TRIN,OTF,BXSL,OBDC,HTGC,ARCC
Canadian Big Banks|2026-09-24|Nascent|TD,BNS,CM,RY,BMO
Cardiac & Bioelectric Ablation Device Innovators|2026-09-24|Mainstream|ATRC,PLSE
Cloud Application Delivery & Observability Infrastructure|2026-09-24|Mainstream|DDOG,ATEN,DT,FSLY
Cloud Application Software Rotation (Oversold Turning Up)|2026-09-24|Fading|APPF,PCOR,DUOL
Cloud Contact Center & CCaaS Communication Platforms|2026-09-24|Mainstream|NICE,FIVN,TWLO,RNG
Cloud Data Storage & Analytics Infrastructure|2026-09-24|Mainstream|MDB,ESTC,SNOW,APLD
Cloud Supply Chain & Warehouse Management Software|2026-09-24|Mainstream|SPSC,MANH,DSGX
Coal Mining Producers|2026-09-24|Fading|BTU,CNR,AMR,HCC
Commercial, Office & Home Furniture Retailers and Manufacturers|2026-09-24|Fading|HNI,MLKN,W,WSM,ARHS
Commodity Chemicals & Polymer Producers Rebound|2026-09-24|Retired|
Consumer PC & Gaming Hardware Refresh Cycle|2026-09-24|Mainstream|LOGI,HPQ,CRSR
Copper Mining & Production|2026-09-24|Accelerating|ERO,IE,HBM,RIO,SCCO,FCX,TECK
Corporate Digital Asset Treasury Vehicles|2026-09-24|Retired|
Corporate Spend, Expense Management & Financial Operations Software|2026-09-24|Mainstream|CPAY,BILL,WEX
Crude & Product Tanker Shipping|2026-09-24|Mainstream|ECO,HAFN,TNK,TRMD,ASC,INSW,NAT,FRO,TEN,SR,ATO,STNG,DHT
Customer Engagement & Marketing/CX SaaS Platforms|2026-09-24|Fading|AMPL,FRSH
Defense Electronics & Aerospace Subsystem Suppliers|2026-09-24|Mainstream|EMBJ,ARXS,AVAV,RTX,MDA,RKLB,DPC,ATI,DCO
Defense Intelligence & Cybersecurity IT Contractors|2026-09-24|Mainstream|ICFI,CACI,LDOS,SAIC,BAH,EFOR,VVX
Defensive Consumer Staples Rotation|2026-09-24|Fading|SPB,SJM,DG,EPC,PM,KR,KHC,TGT,MDLZ,DEO,TBBB,PG,GO,EL,UL,PPC,MICC
Diabetes Management Devices (CGM, Insulin Pumps & Delivery)|2026-09-24|Fading|DXCM,BBNX,MMED
Digital Advertising & Ad-Tech Monetization Platforms|2026-09-24|Mainstream|MGNI,DV,ZD,PUBM
Digital Insurance Distribution & InsurTech Platforms|2026-09-24|Fading|LIFE,PRCH
Diversified Power Generation Capacity Expansion for AI Electricity Demand|2026-09-24|Fading|HNRG,AES,OGE,CEG,EVRG
Electric & Unmanned Aircraft Innovators|2026-09-24|Fading|BETA,AVEX
Electronics Manufacturing Services (EMS) Providers|2026-09-24|Nascent|BHE,CLS,PLXS,SANM
Emerging AI Compute & Cloud Infrastructure Platforms|2026-09-24|Nascent|DOCN,CBRS,PENG,CRWV
Emerging Medical Device Innovators Breakout|2026-09-24|Mainstream|INSP,ITGR,ATEC
Emerging Quantum Computing Rally|2026-09-24|Nascent|QBTS,IONQ,RGTI,INFQ,QUBT
Emerging Small-Cap Silver, Gold & Critical Mineral Miners|2026-09-24|Retired|
Energy Infrastructure & Services Complex|2026-09-24|Fading|TDW,KMI,WES,HLX,ET,FTK,NESR,FET,SDRL,WKC,KNTK,NE,WHD,OII,TS,HP
Energy Supply Disruption: Middle East Geopolitical Risk|2026-09-24|Fading|EOG,PR,DEC,CRGY,COP,LNG,APA,TALO,CRC,XPRO,NOV,SM,REPX,DVN,WDS
Enterprise HR & Workforce Management SaaS|2026-09-24|Mainstream|PCTY,ADP,ALIT,PAYC,WDAY,TNET
Enterprise Server, Storage & Data Infrastructure Hardware|2026-09-24|Nascent|HPE,SMCI,DELL,STX,NTAP,NTNX,ANET,CSCO
Enterprise Unstructured Data Storage Infrastructure|2026-09-24|Fading|QMCO,DBX,BOX
Farm Economy Value Chain Re-Rating|2026-09-24|Nascent|AGCO,CNH,NTR,MOS
Fintech & Digital Finance Sector Re-rating on Fed Easing|2026-09-24|Fading|SLM,OMF,BFH,DLO,MQ,XP,BR,PYPL,PAGS,XYZ,NU,SSNC,ITUB,PGY,NCNO,JKHY,ACIW,KSPI,QTWO,DAVE,PAY,CHYM
For-Profit Postsecondary & Vocational Education|2026-09-24|Mainstream|LAUR,STRA,CVSA,PRDO,LOPE
Front-End Semiconductor Fabrication Equipment Makers|2026-09-24|Nascent|ACMR,LRCX,ASML,AMAT
Gas-Fired Backup Generator & On-Site Power Equipment Makers|2026-09-24|Retired|
Genetic Medicine: Gene Editing & Gene Therapy Innovators|2026-09-24|Fading|MGTX,QURE,SRPT,FDMT
Genomics & DNA Sequencing Tools|2026-09-24|Mainstream|WGS,BRKR,NTLA,GRAL,TXG,QGEN,CRSP,NTRA,ILMN,TWST,GH,BLLN
Global Agriculture Value Chain Recovery|2026-09-24|Mainstream|AGCO,CNH,DE,AGRO
Global Reinsurance Underwriters|2026-09-24|Retired|
Global Steel & Metal Producers Recovery|2026-09-24|Fading|MT,STLD,NUE,TX,CLF
Homebuilders & Residential Construction Supply Chain|2026-09-24|Nascent|SKY,CVCO,DHI,PHM,MHO,TOL,MTH
Home Improvement Retail & Building Products|2026-09-24|Nascent|MAS,FND,LOW,HD
Hospital & Behavioral Health Facility Procedure Volume Recovery|2026-09-24|Mainstream|EHC,THC,HCA,MD,SGRY,UHS
Identity & Access Management Security Software|2026-09-24|Mainstream|MITK,OKTA,SAIL
Industrial Construction Execution & On-Site Supply Chain|2026-09-24|Fading|TTEK,TPC,J,AGX,FLR,ACA,DNOW,KBR
Inflammatory Disease & Immunology Biologics|2026-09-24|Fading|ZBIO,SYRE,AUPH,TRAX,CLYM,NRIX,ORKA,VRDN,PHVS
Insurance Brokerage & Distribution Services|2026-09-24|Fading|RYAN,WTW
Investment Research & Financial Data Platforms|2026-09-24|Fading|MORN,FDS
IT Consulting & Business Process Outsourcing Services|2026-09-24|Fading|ACN,EPAM,CNXC,KD,CTSH,DXC,EXLS,IBM
Legacy Telecom & Pay-TV/Broadcasting Distribution Rebound|2026-09-24|Mainstream|TDS,ECHO,NMAX
Life Insurance & Annuity Providers|2026-09-24|Mainstream|MFC,LNC,PRU,PFG,RGA,UNM,VOYA,SLF,MET
Life Sciences & Healthcare Data/CRM Platforms|2026-09-24|Mainstream|DOCS,TEM,VEEV
Life Science Tools & Analytical Instruments|2026-09-24|Mainstream|AVTR,MEDP,WAT,DHR,TMO,A,MTD,AZTA,RVTY,RGEN,CRL,ICLR,IQV,BIO,FTRE
Liquid Biopsy & Molecular Cancer Diagnostics Testing|2026-09-24|Nascent|GRAL,NTRA,CDNA
Live Music & Concert Promotion|2026-09-24|Fading|LYV,LLYVK,MSGE,SPHR
Lodging & Hotel REITs|2026-09-24|Nascent|PK,DRH,PEB,RLJ,SHO,RHP,APLE
Low-Cost & Regional Passenger Airline Rebound|2026-09-24|Mainstream|LUV,ULCC,LTM,SKYW
Marketing & Digital Presence SaaS Platforms|2026-09-24|Mainstream|WIX,SPT,ZETA,GDDY
Media Streaming & Entertainment Content Turnaround|2026-09-24|Fading|PSKY,DIS,WBD
Medical Device Mean-Reversion & Rotation Recovery|2026-09-24|Fading|ABT,BAX,ATRC,ISRG,HAE,EW,MDT,GKOS,INSP,TMDX,RMD,BDX,LIVN,ICUI
Mobile SoC & Wireless Connectivity Semiconductors|2026-09-24|Mainstream|SWKS,QCOM,QRVO
mRNA Vaccine & Personalized Cancer Therapy Platforms|2026-09-24|Mainstream|BNTX,MRNA,MRK,ARCT
Net Lease Commercial & Retail REITs|2026-09-24|Retired|
Network Security & Zero-Trust Edge|2026-09-24|Mainstream|FTNT,CHKP,ZS,CVLT,RPD,NTSK,SAIL,VRNS,PANW,FFIV,RBRK,BLZE,NET,CRWD,OKTA,QLYS,S,TENB
Non-Alcoholic Beverages & Energy Drinks|2026-09-24|Accelerating|CCEP,KDP,KO,KOF,COKE
Onshore Oil & Gas E&P Recovery|2026-09-24|Nascent|MUR,TALO,PNRG,OXY
On-Site Power Generation & Distribution Equipment for Data Centers|2026-09-24|Mainstream|PSIX,ETN,BE,FPS,EROC,GNRC
Optical Networking & Photonics Components for AI Data Centers|2026-09-24|Retired|
Orthopedic Surgical Devices & Instruments|2026-09-24|Accelerating|ZBH,CNMD,SIBN,MMSI
Peptide & Hormone Therapies for Metabolic & Endocrine Disorders|2026-09-24|Fading|MBX,PTGX,CORT
Petroleum Refiners & Marketers|2026-09-24|Fading|E,EQNR,PSX,SHEL,VLO,CVX,CVI,TTE,PARR,PBF,DK,MPC,XOM,SU,SUNC,EQT,DINO,RRC,BP,AR
Post-Acute & Home-Based Healthcare Services|2026-09-24|Fading|OPCH,ADUS,GRDN
Precious Metals Complex Rebound|2026-09-24|Fading|SVM,BVN,OR,PPTA,CGAU,EGO,EQX,AAUC,NEM,AG,TFPM,HL,ARIS,FNV,AGI,FSM,B,OGC,SKE,GFI,AU,EXK,CDE,PAAS,HYMC,WPM,AEM,SBSW,HMY,IAG,MUX,AUGO,RGLD,SSRM,NG
Precious Metals Miners Velocity Breakout|2026-09-24|Mainstream|FSM,WPM,AYA
Precision Timing & Motion Control Component Makers|2026-09-24|Nascent|FEIM,ALNT,SITM
Private Mortgage Insurance|2026-09-24|Fading|ACT,NMIH,MTG,ESNT
Pure-Play NAND/DRAM Memory Chip Makers|2026-09-24|Mainstream|SNDK,SKHY,MU,SIMO
Rare Earth Elements Mining & Processing|2026-09-24|Fading|CRML,MP,ALOY,USAR
Regulated Electric Utility Defensive Rotation|2026-09-24|Fading|ED,FTS,TXNM,EVRG
Regulated Natural Gas Distribution Utilities|2026-09-24|Retired|
Renewable Power Generation Operators|2026-09-24|Fading|RNW,FRVO
Renewable & Specialty Fuels Chemical Producers|2026-09-24|Mainstream|MEOH,SSL,CLMT
Residential Rental REITs (Rate-Cut Cap-Rate Play)|2026-09-24|Retired|
Restaurant Chain Recovery|2026-09-24|Mainstream|DRI,CAKE,BJRI,EAT,CBRL
Semiconductor Equipment & Materials Velocity Surge|2026-09-24|Nascent|ENTG,ONTO,AXTI
Semiconductor Foundry & Advanced Packaging Manufacturing|2026-09-24|Mainstream|INTC,UMC,TSM,TSEM,ASX
Semiconductor Test, Yield & Assembly Supply Chain|2026-09-24|Accelerating|TER,PDFS,CAMT,COHU,FORM,SANM,AEHR
Skilled Nursing & Senior Housing Healthcare REITs|2026-09-24|Fading|JAN,WELL,LTC,OHI
Small Launch Vehicle & Space Platform Manufacturers|2026-09-24|Retired|
Small Modular Reactor & Advanced Nuclear Fission Technology|2026-09-24|Nascent|NNE,OKLO,SMR,LEU
Small Satellite & Space Services Rotation|2026-09-24|Retired|
Software Development & DevOps Collaboration Platforms|2026-09-24|Mainstream|GTLB,TEAM,FROG
Space Economy: Satellite Communications & Launch Services|2026-09-24|Mainstream|BKSY,RDW,VSAT,FLY,MDA,VOYG,RKLB,SPCX,LUNR
Specialty P&C Insurance Underwriters Rotation Reversal|2026-09-24|Fading|EG,WRB,PLMR,HCI,RNR,PGR,SKWD,RLI,ACGL,SPNT,AFG,THG,TRV,CB,SLDE
Specialty Retail Short-Squeeze Momentum Basket|2026-09-24|Mainstream|GME,ASO,SIG
Trucking & Freight Carrier Rebound|2026-09-24|Fading|KNX,ARCB
Uranium Mining & Extraction|2026-09-24|Fading|UEC,UUUU
U.S. Apparel & Fashion Recovery|2026-09-24|Mainstream|ROST,CROX,ANF,URBN,GAP,SHOE,KSS,SHOO,WWW,DDS
U.S. Domestic Passenger Airlines|2026-09-24|Nascent|LUV,UAL,DAL
Vaccine & Antiviral Therapeutics Rebound|2026-09-24|Mainstream|MRNA,GILD,NVAX,VIR
Video & Streaming Content Distribution Rebound|2026-09-24|Retired|
Wealth Management & Retail Brokerage Platforms|2026-09-24|Mainstream|WT,SCHW,XP,IVZ,BEN,HOOD,AMG,VCTR,OPY,AAMI,AMP,SEIC,WLTH
AI Data Center High-Speed Interconnect & Signal Integrity Chipmakers|2026-09-25|Mainstream|BDC,COHR,APH,ALAB,GLW,LITE,CRDO
AI data-center power buildout|2026-09-25|Nascent|AGX,SNOW,ALAB,CIFR,GNRC,VICR,AKAM
AI-Driven Diagnostics & Imaging Re-Rating|2026-09-25|Mainstream|ADPT,DGX,TEM,CAI,LH,HTFL,PSNL,CDNA,RDNT
AI-Driven Memory & Storage Supply Shortage|2026-09-25|Mainstream|TSM,AMD,MRVL,MU,SKHY,NVDA,SMTC
AI-Powered Enterprise Analytics & Intelligent Workflow SaaS|2026-09-25|Fading|SAP,ORCL,MSFT,NOW,MNDY,PLTR,PRGS,PATH,WK,AI,PEGA,CRM,APPN,INTA,AVPT,PD,ASAN,DOCU
AI Server Power & Signal-Integrity Analog ICs|2026-09-25|Fading|RMBS,MPWR,ADI
Annuity-Focused Insurers|2026-09-25|Mainstream|CNO,CRBG,EQH,JXN
Autonomous Vehicle & ADAS Technology Enablers|2026-09-25|Nascent|AMBA,BB,OUST
Bank Stocks: Rising-Rate NIM Expansion|2026-09-25|Fading|HOPE,BUSE,BBVA,OSBC,NWG,QCRH,JPM,MFG,HSBC,CATY,WABC,CBSH,TRMK,PFBC,FIBK,FBP,DCOM,RBCAA,CHCO,DB,MUFG,FITB,OFG,STBA,FSUN,HIFS,HOMB,CVBF,LYG,SMFG,NBTB,SFNC,FCF,SAN,ING,CFG,NWBI,ESQ,AMAL,CBC,C,NBN,HWC,WFC,CLBK,NIC,FBNC
Bitcoin Balance Sheet Proxies|2026-09-25|Nascent|MSTR,BLSH,CRCL,COIN
Bitcoin Holding & Trading Proxy Equities|2026-09-25|Mainstream|COIN,ASST,GLXY
Bitcoin Mining Stocks Rotation Reversal|2026-09-25|Nascent|HUT,ABTC,CIFR,IOND,BTDR,CLSK,MARA,RIOT,IREN
Bitcoin Treasury & Crypto Proxy Equities Correlation Basket|2026-09-25|Mainstream|BMNR,SBET,CRCL,PURR
Brazilian Fintech & Digital Payments|2026-09-25|Fading|INTR,STNE
Building Products Distribution & Supply|2026-09-25|Fading|BXC,BLDR
Business Development Companies & Private Credit Lenders|2026-09-25|Nascent|OBDC,ARCC,HTGC,OTF,FSK,TRIN,BXSL
Canadian Big Banks|2026-09-25|Mainstream|BNS,TD,CM,RY,BMO
Cardiac & Bioelectric Ablation Device Innovators|2026-09-25|Mainstream|PLSE,ATRC
Cloud Application Delivery & Observability Infrastructure|2026-09-25|Mainstream|DT,FSLY,ATEN,DDOG
Cloud Application Software Rotation (Oversold Turning Up)|2026-09-25|Fading|APPF,PCOR,DUOL
Cloud Contact Center & CCaaS Communication Platforms|2026-09-25|Mainstream|NICE,FIVN,TWLO,RNG
Cloud Data Storage & Analytics Infrastructure|2026-09-25|Mainstream|APLD,SNOW,MDB,ESTC
Cloud Supply Chain & Warehouse Management Software|2026-09-25|Mainstream|MANH,SPSC,DSGX
Coal Mining Producers|2026-09-25|Fading|BTU,CNR,AMR,HCC
Commercial, Office & Home Furniture Retailers and Manufacturers|2026-09-25|Fading|ARHS,W,MLKN,HNI,WSM
Consumer PC & Gaming Hardware Refresh Cycle|2026-09-25|Mainstream|HPQ,CRSR,LOGI
Copper Mining & Production|2026-09-25|Mainstream|IE,ERO,TECK,SCCO,RIO,HBM,FCX
Corporate Spend, Expense Management & Financial Operations Software|2026-09-25|Mainstream|WEX,CPAY,BILL
Crude & Product Tanker Shipping|2026-09-25|Mainstream|INSW,ECO,TEN,FRO,NAT,DHT,ASC
Customer Engagement & Marketing/CX SaaS Platforms|2026-09-25|Fading|FRSH,AMPL
Data Backup & Cyber Resiliency Software|2026-09-25|Nascent|BLZE,CVLT,RBRK
Defense Electronics & Aerospace Subsystem Suppliers|2026-09-25|Mainstream|AVAV,DCO,ARXS
Defense Intelligence & Cybersecurity IT Contractors|2026-09-25|Mainstream|ICFI,VVX,BAH,CACI,SAIC,LDOS,EFOR
Defensive Consumer Staples Rotation|2026-09-25|Fading|EPC,DEO,TBBB,KR,TGT,KHC,SPB,MICC,PM,DG,SJM,EL,PG,MDLZ,GO,UL,BJ,SENEA
Diabetes Management Devices (CGM, Insulin Pumps & Delivery)|2026-09-25|Fading|MMED,BBNX,DXCM
Digital Advertising & Ad-Tech Monetization Platforms|2026-09-25|Mainstream|DV,MGNI,ZD
Digital Insurance Distribution & InsurTech Platforms|2026-09-25|Fading|LIFE,PRCH
Direct-to-Consumer Health & Wellness Subscription Brands|2026-09-25|Nascent|HIMS,WRBY,MANE
Diversified Power Generation Capacity Expansion for AI Electricity Demand|2026-09-25|Fading|HNRG,AES,EVRG
Diversified Property & Casualty Insurance Carriers|2026-09-25|Nascent|L,CINF,MKL,ORI,HIG
Electric & Unmanned Aircraft Innovators|2026-09-25|Fading|BETA,AVEX
Electronics Manufacturing Services (EMS) Providers|2026-09-25|Nascent|CLS,SANM,PLXS,BHE
Emerging AI Compute & Cloud Infrastructure Platforms|2026-09-25|Nascent|DOCN,PENG,CBRS,CRWV,NBIS
Emerging Medical Device Innovators Breakout|2026-09-25|Mainstream|INSP,ITGR,ATEC
Emerging Quantum Computing Rally|2026-09-25|Mainstream|QBTS,INFQ,IONQ,RGTI,QUBT
Energy Infrastructure & Services Complex|2026-09-25|Fading|FET,NE,SDRL,HLX,WES,WKC
Energy Supply Disruption: Middle East Geopolitical Risk|2026-09-25|Fading|EOG,DVN,CRGY,TALO,DEC,CRC,APA,COP,WDS,XPRO,NOV,LNG,PR,REPX,SM
Enterprise HR & Workforce Management SaaS|2026-09-25|Nascent|PAYC,ALIT,WDAY,PCTY,ADP
Enterprise Server, Storage & Data Infrastructure Hardware|2026-09-25|Mainstream|HPE,NTAP,ANET,STX,CSCO,NTNX,SMCI,DELL
Enterprise Unstructured Data Storage Infrastructure|2026-09-25|Fading|QMCO,DBX,BOX
Fabless Semiconductor IP Licensing|2026-09-25|Nascent|ARM,CEVA,RMBS
Farm Economy Value Chain Re-Rating|2026-09-25|Fading|AGCO,CNH,NTR,MOS
Fintech & Digital Finance Sector Re-rating on Fed Easing|2026-09-25|Fading|SSNC,JKHY,PYPL,CHYM,BFH,PGY,QTWO,PAGS,MQ,OMF,XP,PAY,KSPI,ACIW,NCNO,XYZ,DLO,ITUB,BR,AFRM
For-Profit Postsecondary & Vocational Education|2026-09-25|Mainstream|STRA,CVSA,LOPE,PRDO,LAUR
Front-End Semiconductor Fabrication Equipment Makers|2026-09-25|Nascent|ASML,LRCX,ACMR,AMAT
Genetic Medicine: Gene Editing & Gene Therapy Innovators|2026-09-25|Fading|MGTX,QURE,SRPT,FDMT
Genomics & DNA Sequencing Tools|2026-09-25|Mainstream|TWST,QGEN,TXG,BRKR,BLLN,GH,NTLA,GRAL,ILMN,WGS,NTRA,CRSP
Global Agriculture Value Chain Recovery|2026-09-25|Fading|AGCO,CNH,DE
Global Oil & Gas Producers and Refiners|2026-09-25|Fading|VLO,PSX,DINO,DK,E,SU,BP,XOM,TTE,PBF,CVX,EQNR,PARR,MPC,SHEL,CVI,SUNC
Global Steel & Metal Producers Recovery|2026-09-25|Fading|MT,CLF,NUE,TX,STLD
Homebuilders & Residential Construction Supply Chain|2026-09-25|Nascent|MHO,CVCO,MTH,DHI,TOL,SKY,PHM
Home Improvement Retail & Building Products|2026-09-25|Fading|FND,LOW,HD
Hospital & Behavioral Health Facility Procedure Volume Recovery|2026-09-25|Mainstream|SGRY,THC,MD,HCA,EHC,UHS
Identity & Access Management Security Software|2026-09-25|Fading|MITK,OKTA,RDVT
Industrial Construction Execution & On-Site Supply Chain|2026-09-25|Fading|TPC,J,KBR,DNOW,TTEK,FLR,ACA,AGX
Inflammatory Disease & Immunology Biologics|2026-09-25|Fading|ZBIO,ORKA,VRDN,TRAX,SYRE,NRIX,AUPH,PHVS
Insurance Brokerage & Distribution Services|2026-09-25|Fading|RYAN,WTW
Investment Research & Financial Data Platforms|2026-09-25|Retired|
IT Consulting & Business Process Outsourcing Services|2026-09-25|Nascent|ACN,EXLS,EPAM,IBM,DXC,CNXC,CTSH
Legacy Telecom & Pay-TV/Broadcasting Distribution Rebound|2026-09-25|Fading|ECHO,NMAX,TDS
Life Insurance & Annuity Providers|2026-09-25|Nascent|SLF,MFC,PRU,VOYA,RGA,PFG,LNC,MET,UNM
Life Sciences & Healthcare Data/CRM Platforms|2026-09-25|Mainstream|DOCS,VEEV,TEM
Life Science Tools & Analytical Instruments|2026-09-25|Nascent|TMO,AVTR,RGEN,ICLR,DHR,FTRE,IQV,A,AZTA,MTD,MEDP,RVTY,WAT,BIO,CRL
Liquid Biopsy & Molecular Cancer Diagnostics Testing|2026-09-25|Nascent|CDNA,GRAL,NTRA
Live Music & Concert Promotion|2026-09-25|Accelerating|MSGE,SPHR,LLYVK,LYV
Lodging & Hotel REITs|2026-09-25|Nascent|RHP,DRH,RLJ,SHO,PK,PEB,APLE
Low-Cost & Regional Passenger Airline Rebound|2026-09-25|Mainstream|LUV,SKYW,ULCC,LTM
Marketing & Digital Presence SaaS Platforms|2026-09-25|Fading|WIX,SPT,ZETA,GDDY
Media Streaming & Entertainment Content Turnaround|2026-09-25|Accelerating|PSKY,WBD,DIS
Medical Device Mean-Reversion & Rotation Recovery|2026-09-25|Mainstream|ATRC,BAX,ABT,GKOS,HAE,INSP,TMDX,EW,BDX,ICUI,ISRG,MDT,LIVN,RMD,GEHC
mRNA Vaccine & Personalized Cancer Therapy Platforms|2026-09-25|Mainstream|BNTX,ARCT,MRK,MRNA
Network Security & Zero-Trust Edge|2026-09-25|Mainstream|TENB,SAIL,FTNT,NTSK,QLYS,NET,CHKP,CRWD,FFIV,OKTA,S,PANW,RPD,VRNS,ZS
Non-Alcoholic Beverages & Energy Drinks|2026-09-25|Accelerating|KOF,KO,KDP,CCEP,COKE
Offshore Drilling Rig Contractors|2026-09-25|Nascent|SDRL,VAL,NE,RIG
Onshore Oil & Gas E&P Recovery|2026-09-25|Retired|
On-Site Power Generation & Distribution Equipment for Data Centers|2026-09-25|Mainstream|EROC,FPS,BE,GNRC,ETN,PSIX,VICR
Orthopedic Surgical Devices & Instruments|2026-09-25|Mainstream|ZBH,MMSI,SIBN,CNMD
Peptide & Hormone Therapies for Metabolic & Endocrine Disorders|2026-09-25|Fading|MBX,PTGX,CORT
Petroleum Refiners & Marketers|2026-09-25|Retired|
Post-Acute & Home-Based Healthcare Services|2026-09-25|Mainstream|GRDN,OPCH,ADUS,PNTG,NHC
Precious Metals Complex Rebound|2026-09-25|Fading|BVN,HYMC,SVM,RGLD,OR,GFI,CGAU,WPM,NG,PPTA,EXK,NEM,OGC,AGI,FSM,FNV,MUX,AUGO,TFPM,ARIS,AU,AEM,PAAS,HL,IAG,B,EGO,SBSW,SSRM,SKE,AG,HMY,AAUC,EQX,CDE
Precious Metals Miners Velocity Breakout|2026-09-25|Mainstream|FSM,WPM,AYA
Precision Timing & Motion Control Component Makers|2026-09-25|Nascent|ALNT,FEIM,SITM
Private Mortgage Insurance|2026-09-25|Fading|ACT,NMIH,MTG,ESNT
Product Tanker Shipping|2026-09-25|Nascent|HAFN,STNG,TNK,TRMD
Pure-Play NAND/DRAM Memory Chip Makers|2026-09-25|Nascent|MU,SNDK,SKHY,SIMO
Rare Earth Elements Mining & Processing|2026-09-25|Fading|CRML,MP,ALOY,USAR
Regulated Electric Utility Defensive Rotation|2026-09-25|Fading|ED,FTS,TXNM,EVRG
Regulated Natural Gas Distribution Utilities|2026-09-25|Nascent|SR,ATO,OGS,NI,CNP
Renewable Power Generation Operators|2026-09-25|Retired|
Renewable & Specialty Fuels Chemical Producers|2026-09-25|Fading|CLMT,SSL,MEOH
Restaurant Chain Recovery|2026-09-25|Mainstream|BJRI,CBRL,EAT,DRI,CAKE
RF & Analog Wireless Connectivity Semiconductor Makers|2026-09-25|Mainstream|SWKS,QRVO,QCOM
Semiconductor Design, Test & Assembly Enablement Tools|2026-09-25|Nascent|KEYS,CDNS,KLIC
Semiconductor Equipment & Materials Velocity Surge|2026-09-25|Nascent|AXTI,ENTG,ONTO
Semiconductor Foundry & Advanced Packaging Manufacturing|2026-09-25|Mainstream|TSM,UMC,INTC,ASX,TSEM
Semiconductor Test, Yield & Assembly Supply Chain|2026-09-25|Accelerating|COHU,CAMT,PDFS,AEHR,SANM,FORM,TER
Skilled Nursing & Senior Housing Healthcare REITs|2026-09-25|Fading|WELL,JAN,OHI,LTC
Small Modular Reactor & Advanced Nuclear Fission Technology|2026-09-25|Fading|NNE,LEU
Small Satellite & Space Services Rotation|2026-09-25|Nascent|LUNR,BKSY,MDA,FLY,RKLB
Software Development & DevOps Collaboration Platforms|2026-09-25|Mainstream|GTLB,TEAM,FROG
Space Economy: Satellite Communications & Launch Services|2026-09-25|Mainstream|MDA,LUNR,SPCX,VOYG,FLY,BKSY,RKLB,RDW,IRDM
Specialty P&C Insurance Underwriters Rotation Reversal|2026-09-25|Fading|PLMR,AFG,EG,WRB,PGR,SLDE,SKWD,RLI,SPNT,TRV,ACGL,THG,HCI,RNR,CB
Specialty Retail Short-Squeeze Momentum Basket|2026-09-25|Mainstream|ASO,GME,SIG
Trucking & Freight Carrier Rebound|2026-09-25|Fading|KNX,ARCB
Uranium Mining & Extraction|2026-09-25|Fading|UEC,UUUU
U.S. Apparel & Fashion Recovery|2026-09-25|Mainstream|KSS,GAP,WWW,DDS,URBN,ANF,SHOO,CROX,ROST
U.S. Domestic Passenger Airlines|2026-09-25|Nascent|LUV,UAL,DAL,AAL
Vaccine & Antiviral Therapeutics Rebound|2026-09-25|Mainstream|VIR,NVAX,GILD,MRNA
Value Retail & Grocery Wholesale Trade-Down Basket|2026-09-25|Nascent|OLLI,BJ,UNFI
Wealth Management & Retail Brokerage Platforms|2026-09-25|Mainstream|VCTR,AMP,SCHW,AAMI,IVZ,WT,BEN,XP,HOOD,AMG,SEIC,OPY
AI Data Center High-Speed Interconnect & Signal Integrity Chipmakers|2026-09-28|Mainstream|BDC,GLW,COHR,LITE,ALAB,APH,CRDO
AI data-center power buildout|2026-09-28|Nascent|SNOW,VICR,GNRC,ALAB
AI-Driven Diagnostics & Imaging Re-Rating|2026-09-28|Mainstream|LH,HTFL,RDNT,PSNL,ADPT,DGX,TEM,CAI,CDNA
AI-Driven Memory & Storage Supply Shortage|2026-09-28|Mainstream|AMD,MU,MRVL,SMTC,SKHY,TSM,NVDA
AI-Powered Enterprise Analytics & Intelligent Workflow SaaS|2026-09-28|Fading|AI,PD,DOCU,PLTR,MSFT,PATH,NOW,AVPT,APPN,INTA,PRGS,MNDY,PEGA,CRM,ASAN,SAP,WK
AI Server Power & Signal-Integrity Analog ICs|2026-09-28|Fading|MPWR,RMBS,ADI,TXN
Annuity-Focused Insurers|2026-09-28|Mainstream|JXN,CNO,EQH,CRBG
Appalachian Natural Gas Producers|2026-09-28|Nascent|RRC,AR,EQT,CRK,GPOR,EXE,CNX
Autonomous Vehicle & ADAS Technology Enablers|2026-09-28|Nascent|AMBA,OUST,BB
Auto & Truck Dealership Retail Chains|2026-09-28|Nascent|LAD,ABG,AN,SAH
Bank Stocks: Rising-Rate NIM Expansion|2026-09-28|Fading|MFG,C,FITB,STBA,QCRH,HOPE,WABC,ING,FBP,RBCAA,WFC,NBTB,CBC,TRMK,NBN,PFBC,NWG,HIFS,SAN,DCOM,SMFG,NIC,OSBC,SFNC,FBNC,FSUN,CBSH,HOMB,LYG,FCF,NWBI,FIBK,CHCO,MUFG,BUSE,CATY,DB,CFG,CLBK,BBVA,AMAL,CVBF,HWC,OFG,JPM,HSBC,ESQ,UBSI
Bitcoin Balance Sheet Proxies|2026-09-28|Nascent|MSTR,BLSH,COIN,CRCL
Bitcoin Holding & Trading Proxy Equities|2026-09-28|Mainstream|ASST,GLXY,COIN
Bitcoin Mining Stocks Rotation Reversal|2026-09-28|Mainstream|CLSK,ABTC,HUT,IREN,IOND,MARA,RIOT
Bitcoin Treasury & Crypto Proxy Equities Correlation Basket|2026-09-28|Mainstream|PURR,SBET,BMNR,CRCL
Brazilian Fintech & Digital Payments|2026-09-28|Fading|INTR,STNE
Building Products Distribution & Supply|2026-09-28|Fading|BXC,BLDR
Business Development Companies & Private Credit Lenders|2026-09-28|Nascent|ARCC,HTGC,OBDC,TRIN,OTF,BXSL,FSK,MAIN
Canadian Big Banks|2026-09-28|Fading|TD,BMO,CM,BNS,RY
Cardiac & Bioelectric Ablation Device Innovators|2026-09-28|Mainstream|ATRC,PLSE
Class I Railroad Freight Carriers|2026-09-28|Nascent|CNI,UNP,CSX,NSC
Cloud Application Delivery & Observability Infrastructure|2026-09-28|Nascent|DT,ATEN,FSLY,DDOG
Cloud Application Software Rotation (Oversold Turning Up)|2026-09-28|Fading|APPF,PCOR,DUOL
Cloud Contact Center & CCaaS Communication Platforms|2026-09-28|Nascent|TWLO,NICE,FIVN,RNG
Cloud Data Storage & Analytics Infrastructure|2026-09-28|Mainstream|ESTC,MDB,SNOW
Cloud Supply Chain & Warehouse Management Software|2026-09-28|Fading|DSGX,MANH,SPSC
Coal Mining Producers|2026-09-28|Fading|BTU,CNR,AMR,HCC
Commercial, Office & Home Furniture Retailers and Manufacturers|2026-09-28|Mainstream|HNI,ARHS,MLKN,WSM,W,MHK
Consumer PC & Gaming Hardware Refresh Cycle|2026-09-28|Mainstream|LOGI,HPQ,CRSR
Copper Mining & Production|2026-09-28|Mainstream|HBM,SCCO,RIO,ERO,FCX,IE,TECK
Corporate Spend, Expense Management & Financial Operations Software|2026-09-28|Fading|WEX,CPAY,BILL
Cross-Industry Test, Measurement & Design-Verification Tools|2026-09-28|Nascent|AME,KEYS,VIAV,CDNS
Crude & Product Tanker Shipping|2026-09-28|Mainstream|NAT,ECO,TEN,INSW,FRO,DHT,ASC
Customer Engagement & Marketing/CX SaaS Platforms|2026-09-28|Fading|FRSH,AMPL
Data Backup & Cyber Resiliency Software|2026-09-28|Nascent|RBRK,BLZE,CVLT
Defense Electronics & Aerospace Subsystem Suppliers|2026-09-28|Mainstream|AVAV,DCO,ARXS
Defense Intelligence & Cybersecurity IT Contractors|2026-09-28|Mainstream|EFOR,ICFI,CACI,BAH,SAIC,VVX,LDOS
Defensive Consumer Rotation & Trade-Down|2026-09-28|Nascent|UNFI,BJ,OLLI,SPB,DG,TBBB,GO,KR,TGT,WMK
Defensive Consumer Staples Rotation|2026-09-28|Retired|
Diabetes Management Devices (CGM, Insulin Pumps & Delivery)|2026-09-28|Fading|MMED,BBNX,DXCM
Digital Advertising & Ad-Tech Monetization Platforms|2026-09-28|Mainstream|DV,ZD,MGNI
Digital Dollar & Crypto Payments Infrastructure|2026-09-28|Nascent|SVRN,USDE,PYPL
Digital Insurance Distribution & InsurTech Platforms|2026-09-28|Fading|LIFE,PRCH
Direct-to-Consumer Health & Wellness Subscription Brands|2026-09-28|Nascent|MANE,WRBY,HIMS
Diversified Power Generation Capacity Expansion for AI Electricity Demand|2026-09-28|Retired|
Diversified Property & Casualty Insurance Carriers|2026-09-28|Fading|L,CINF,MKL,ORI
Electric & Unmanned Aircraft Innovators|2026-09-28|Fading|BETA,AVEX
Electronics Manufacturing Services (EMS) Providers|2026-09-28|Mainstream|BHE,SANM,CLS,PLXS
Emerging AI Compute & Cloud Infrastructure Platforms|2026-09-28|Nascent|DOCN,NBIS,CRWV,PENG,CBRS
Emerging Medical Device Innovators Breakout|2026-09-28|Mainstream|ITGR,ATEC,INSP
Emerging Quantum Computing Rally|2026-09-28|Mainstream|INFQ,QUBT,IONQ,RGTI,QBTS
Energy Infrastructure & Services Complex|2026-09-28|Fading|FET,WES,SDRL,NE,WKC,HLX
Energy Supply Disruption: Middle East Geopolitical Risk|2026-09-28|Mainstream|WDS,REPX,EOG,PR,XPRO,COP,NOV,TALO,CRGY,APA,DEC,LNG,DVN,SM,CRC
Enterprise HR & Workforce Management SaaS|2026-09-28|Mainstream|ALIT,ADP,WDAY,PCTY
Enterprise Server, Storage & Data Infrastructure Hardware|2026-09-28|Mainstream|NTNX,SMCI,STX,DELL,CSCO,NTAP,ANET,HPE
Enterprise Unstructured Data Storage Infrastructure|2026-09-28|Fading|QMCO,BOX,DBX
Fabless Semiconductor IP Licensing|2026-09-28|Nascent|CEVA,RMBS,ARM
Farm Economy Value Chain Re-Rating|2026-09-28|Fading|AGCO,CNH,NTR,MOS
Fintech & Digital Finance Sector Re-rating on Fed Easing|2026-09-28|Fading|MQ,ITUB,KSPI,PAY,ACIW,BR,JKHY,CHYM,QTWO,AFRM,OMF,PYPL,XYZ,NCNO,PAGS,SSNC,DLO,XP,BFH,PGY
For-Profit Postsecondary & Vocational Education|2026-09-28|Fading|STRA,CVSA,LOPE,PRDO,LAUR
Front-End Semiconductor Fabrication Equipment Makers|2026-09-28|Mainstream|LRCX,ASML,AMAT,ACMR
Genetic Medicine: Gene Editing & Gene Therapy Innovators|2026-09-28|Mainstream|QURE,MGTX,SRPT,FDMT
Genomics & DNA Sequencing Tools|2026-09-28|Mainstream|WGS,BRKR,GH,NTLA,GRAL,TWST,ILMN,CRSP,QGEN,NTRA,BLLN,TXG
Global Agriculture Value Chain Recovery|2026-09-28|Fading|AGCO,CNH,DE
Global IT Services Outsourcing & Digital Transformation Consulting|2026-09-28|Nascent|GIB,GLOB,INFY,G
Global Oil & Gas Producers and Refiners|2026-09-28|Fading|EQNR,BP,PBF,SUNC,MPC,CVX,VLO,CVI,SU,PARR,SHEL,E,DK,TTE,XOM,DINO,PSX,PBR,EC,YPF,CVE
Global Steel & Metal Producers Recovery|2026-09-28|Fading|MT,CLF,NUE,TX,STLD
Homebuilders & Residential Construction Supply Chain|2026-09-28|Nascent|SKY,MTH,TOL,PHM,DHI,CVCO,MHO,NVR
Home Improvement Retail & Building Products|2026-09-28|Fading|LOW,HD
Hospital & Behavioral Health Facility Procedure Volume Recovery|2026-09-28|Nascent|SGRY,HCA,MD,EHC,UHS,THC
Identity & Access Management Security Software|2026-09-28|Mainstream|OKTA,MITK,RDVT
Industrial Construction Execution & On-Site Supply Chain|2026-09-28|Fading|KBR,FLR,J,ACA,TPC,TTEK,DNOW,AGX
Inflammatory Disease & Immunology Biologics|2026-09-28|Fading|VRDN,PHVS,SYRE,TRAX,AUPH,ORKA,NRIX
Insurance Brokerage & Distribution Services|2026-09-28|Fading|RYAN,WTW
IT Consulting & Business Process Outsourcing Services|2026-09-28|Mainstream|CNXC,CTSH,EPAM,EXLS,DXC,IBM,ACN
Legacy Telecom & Pay-TV/Broadcasting Distribution Rebound|2026-09-28|Fading|TDS,ECHO,NMAX
Legal, Tax & Professional Information Analytics|2026-09-28|Nascent|TRI,RELX
Life Insurance & Annuity Providers|2026-09-28|Nascent|VOYA,RGA,MET,PRU,MFC,PFG,SLF,UNM,LNC
Life Sciences & Healthcare Data/CRM Platforms|2026-09-28|Mainstream|TEM,DOCS,VEEV
Life Science Tools & Analytical Instruments|2026-09-28|Nascent|RGEN,DHR,BIO,RVTY,CRL,MEDP,TMO,AVTR,A,ICLR,AZTA,WAT,IQV,MTD,FTRE,MLAB
Liquid Biopsy & Molecular Cancer Diagnostics Testing|2026-09-28|Nascent|CDNA,NTRA,GRAL
Live Music & Concert Promotion|2026-09-28|Accelerating|LYV,LLYVK,MSGE,SPHR
Lodging & Hotel REITs|2026-09-28|Mainstream|DRH,APLE,SHO,PEB,PK,RLJ,RHP,HLT
Low-Cost & Regional Passenger Airline Rebound|2026-09-28|Nascent|ULCC,LUV,SKYW,LTM
Marketing & Digital Presence SaaS Platforms|2026-09-28|Mainstream|WIX,SPT,ZETA,GDDY
Media Streaming & Entertainment Content Turnaround|2026-09-28|Accelerating|PSKY,WBD,DIS
Medical Device Mean-Reversion & Rotation Recovery|2026-09-28|Mainstream|EW,INSP,RMD,BAX,ATRC,MDT,ICUI,GKOS,ABT,TMDX,LIVN,GEHC,ISRG,BDX,HAE
Mobile SoC & Wireless Connectivity Semiconductors|2026-09-28|Mainstream|SWKS,QCOM,QRVO
mRNA Vaccine & Personalized Cancer Therapy Platforms|2026-09-28|Mainstream|ARCT,BNTX,MRK,MRNA
Network Security & Zero-Trust Edge|2026-09-28|Mainstream|OKTA,VRNS,CRWD,FFIV,NET,CHKP,ZS,SAIL,TENB,S,FTNT,QLYS,NTSK,PANW,RPD
Non-Alcoholic Beverages & Energy Drinks|2026-09-28|Fading|CCEP,KDP,KOF,COKE,KO
Offshore Drilling Rig Contractors|2026-09-28|Retired|
On-Site Power Generation & Distribution Equipment for Data Centers|2026-09-28|Mainstream|ETN,VICR,FPS,PSIX,BE,GNRC,EROC
Orthopedic Surgical Devices & Instruments|2026-09-28|Mainstream|CNMD,SIBN,ZBH
Peptide & Hormone Therapies for Metabolic & Endocrine Disorders|2026-09-28|Fading|PTGX,MBX,CORT
Post-Acute & Home-Based Healthcare Services|2026-09-28|Mainstream|NHC,GRDN,PNTG,OPCH,ADUS,CHE,PACS
Precious Metals Complex Rebound|2026-09-28|Mainstream|PAAS,BVN,FSM,SVM,AUGO,SSRM,PPTA,NG,AAUC,AGI,AU,AG,GFI,OGC,IAG,B,MUX,HL,EQX,SKE,NEM,CDE,AEM,SBSW,EGO,CGAU,EXK,HMY,ARIS
Precious Metals Miners Velocity Breakout|2026-09-28|Fading|FSM,WPM,AYA
Precious Metals Royalty & Streaming Companies|2026-09-28|Nascent|FNV,RGLD,OR,WPM,TFPM
Precision Timing & Motion Control Component Makers|2026-09-28|Mainstream|FEIM,SITM,ALNT
Private Mortgage Insurance|2026-09-28|Fading|ACT,NMIH,MTG,ESNT
Product Tanker Shipping|2026-09-28|Nascent|TRMD,TNK,STNG,HAFN
Pure-Play NAND/DRAM Memory Chip Makers|2026-09-28|Mainstream|SNDK,MU,SIMO,SKHY
Rare Earth Elements Mining & Processing|2026-09-28|Retired|
Regulated Electric Utility Defensive Rotation|2026-09-28|Retired|
Regulated Natural Gas Distribution Utilities|2026-09-28|Retired|
Renewable & Specialty Fuels Chemical Producers|2026-09-28|Fading|SSL,MEOH,CLMT
Restaurant Chain Recovery|2026-09-28|Mainstream|EAT,CBRL,CAKE,DRI,BJRI
RF & Analog Wireless Connectivity Semiconductor Makers|2026-09-28|Retired|
Semiconductor Design, Test & Assembly Enablement Tools|2026-09-28|Nascent|KLIC,CDNS,KEYS,SNPS
Semiconductor Equipment & Materials Velocity Surge|2026-09-28|Mainstream|ONTO,ENTG,AXTI
Semiconductor Foundry & Advanced Packaging Manufacturing|2026-09-28|Mainstream|ASX,UMC,TSEM,INTC,TSM
Semiconductor Test, Yield & Assembly Supply Chain|2026-09-28|Mainstream|CAMT,FORM,COHU,SANM,TER,AEHR,PDFS
Skilled Nursing & Senior Housing Healthcare REITs|2026-09-28|Fading|LTC,JAN,WELL,OHI
Small Modular Reactor & Advanced Nuclear Fission Technology|2026-09-28|Fading|NNE,LEU
Small Satellite & Space Services Rotation|2026-09-28|Retired|
Software Development & DevOps Collaboration Platforms|2026-09-28|Mainstream|GTLB,TEAM,FROG
Space Economy: Satellite Communications & Launch Services|2026-09-28|Mainstream|MDA,RKLB,RDW,LUNR,IRDM,VOYG,BKSY,FLY,SPCX
Specialty P&C Insurance Underwriters Rotation Reversal|2026-09-28|Fading|WRB,THG,SLDE,ACGL,EG,SKWD,HCI,AFG,RNR,CB,TRV,SPNT,PLMR,PGR
Specialty Retail Short-Squeeze Momentum Basket|2026-09-28|Mainstream|GME,ASO,SIG
Trucking & Freight Carrier Rebound|2026-09-28|Fading|KNX,ARCB
Uranium Mining & Extraction|2026-09-28|Fading|UEC,UUUU
U.S. Apparel & Fashion Recovery|2026-09-28|Nascent|URBN,DDS,WWW,ANF,GAP,CROX,ROST,KSS,SHOO,VSXY,AEO,M
U.S. Domestic Passenger Airlines|2026-09-28|Nascent|UAL,LUV,DAL,AAL
Vaccine & Antiviral Therapeutics Rebound|2026-09-28|Mainstream|GILD,VIR,NVAX,MRNA
Value Retail & Grocery Wholesale Trade-Down Basket|2026-09-28|Retired|
Wealth Management & Retail Brokerage Platforms|2026-09-28|Mainstream|AAMI,HOOD,OPY,BEN,SCHW,VCTR,WT,SEIC,IVZ,AMG,AMP,XP,WLTH
AI Data Center High-Speed Interconnect & Signal Integrity Chipmakers|2026-09-29|Mainstream|COHR,BDC,CRDO,ALAB,APH,GLW,LITE
AI data-center power buildout|2026-09-29|Nascent|VICR,GNRC,SNOW,ALAB
AI-Driven Diagnostics & Imaging Re-Rating|2026-09-29|Mainstream|HTFL,LH,RDNT,DGX,CAI,ADPT,PSNL,TEM,CDNA
AI-Driven Memory & Storage Supply Shortage|2026-09-29|Mainstream|TSM,AMD,NVDA,MU,SMTC,SKHY,MRVL
AI-Powered Enterprise Analytics & Intelligent Workflow SaaS|2026-09-29|Fading|NOW,PEGA,MSFT,PLTR,SAP,PATH,ASAN,DOCU,APPN,PD,WK,AVPT,INTA,CRM,PRGS,MNDY,AI
AI Server Power & Signal-Integrity Analog ICs|2026-09-29|Accelerating|ADI,TXN,RMBS,MPWR
Analog, Mixed-Signal & Power Semiconductor Cyclical Recovery|2026-09-29|Nascent|MCHP,DIOD,MXL
Annuity-Focused Insurers|2026-09-29|Mainstream|JXN,CNO,CRBG
Appalachian Natural Gas Producers|2026-09-29|Retired|
Autonomous Vehicle & ADAS Technology Enablers|2026-09-29|Nascent|AMBA,BB,OUST
Auto & Truck Dealership Retail Chains|2026-09-29|Fading|LAD,ABG
Bank Stocks: Rising-Rate NIM Expansion|2026-09-29|Fading|MFG,HOPE,CVBF,PFBC,NBN,CLBK,BBVA,DB,JPM,QCRH,FIBK,HOMB,DCOM,FBNC,CATY,SMFG,CHCO,WABC,LYG,UBSI,FBP,HWC,FCF,SFNC,SAN,TRMK,HSBC,ING,NWBI,ESQ,OFG,FSUN,CFG,RBCAA,NBTB,NWG,C,STBA,NIC,OSBC,FITB,BUSE,CBC,AMAL,CBSH,HIFS,WFC,MUFG
Bitcoin Balance Sheet Proxies|2026-09-29|Nascent|MSTR,BLSH
Bitcoin Holding & Trading Proxy Equities|2026-09-29|Mainstream|COIN,ASST,GLXY
Bitcoin Miners Pivoting to AI/HPC Data Center Hosting|2026-09-29|Nascent|APLD,CIFR,WULF,CORZ,HUT
Bitcoin Mining Stocks Rotation Reversal|2026-09-29|Mainstream|CLSK,ABTC,IOND,HUT,IREN,MARA,RIOT
Bitcoin Treasury & Crypto Proxy Equities Correlation Basket|2026-09-29|Mainstream|BMNR,SBET,PURR
Brazilian Fintech & Digital Payments|2026-09-29|Fading|INTR,STNE
Building Products Distribution & Supply|2026-09-29|Fading|BXC,BLDR
Business Development Companies & Private Credit Lenders|2026-09-29|Nascent|OTF,ARCC,BXSL,OBDC,FSK,MAIN,TRIN,HTGC
Canadian Big Banks|2026-09-29|Mainstream|BMO,RY,BNS,TD,CM
Cardiac & Bioelectric Ablation Device Innovators|2026-09-29|Mainstream|ATRC,PLSE
Class I Railroad Freight Carriers|2026-09-29|Nascent|CSX,NSC,CNI,UNP
Cloud Application Delivery & Observability Infrastructure|2026-09-29|Nascent|DT,FSLY,ATEN,DDOG
Cloud Application Software Rotation (Oversold Turning Up)|2026-09-29|Fading|APPF,PCOR,DUOL
Cloud Contact Center & CCaaS Communication Platforms|2026-09-29|Nascent|RNG,NICE,FIVN,TWLO
Cloud Data Storage & Analytics Infrastructure|2026-09-29|Mainstream|ESTC,MDB,SNOW
Cloud Supply Chain & Warehouse Management Software|2026-09-29|Mainstream|SPSC,DSGX,MANH
Coal Mining Producers|2026-09-29|Fading|BTU,CNR,AMR,HCC
Commercial, Office & Home Furniture Retailers and Manufacturers|2026-09-29|Mainstream|WSM,MHK,W,HNI,ARHS,MLKN
Consumer PC & Gaming Hardware Refresh Cycle|2026-09-29|Fading|LOGI,HPQ,CRSR
Copper Mining & Production|2026-09-29|Mainstream|HBM,ERO,RIO,IE,SCCO,TECK,FCX
Corporate Spend, Expense Management & Financial Operations Software|2026-09-29|Fading|WEX,CPAY,BILL
Cross-Industry Test, Measurement & Design-Verification Tools|2026-09-29|Nascent|VIAV,KEYS,AME,CDNS
Crude & Product Tanker Shipping|2026-09-29|Mainstream|INSW,FRO,ECO,ASC,NAT,DHT,TEN
Cruise & Expedition Travel Operators|2026-09-29|Nascent|CCL,LIND
Customer Engagement & Marketing/CX SaaS Platforms|2026-09-29|Fading|FRSH,AMPL
Data Backup & Cyber Resiliency Software|2026-09-29|Nascent|RBRK,CVLT,BLZE
Defense Electronics & Aerospace Subsystem Suppliers|2026-09-29|Fading|AVAV,DCO,ARXS
Defense Intelligence & Cybersecurity IT Contractors|2026-09-29|Fading|ICFI,BAH,EFOR,VVX,SAIC,CACI,LDOS
Defensive Consumer Rotation & Trade-Down|2026-09-29|Nascent|DG,TBBB,KR,GO,UNFI,TGT,BJ,WMK,OLLI,SPB
Diabetes Management Devices (CGM, Insulin Pumps & Delivery)|2026-09-29|Fading|MMED,BBNX,DXCM
Digital Advertising & Ad-Tech Monetization Platforms|2026-09-29|Mainstream|DV,ZD,MGNI
Digital Dollar & Crypto Payments Infrastructure|2026-09-29|Nascent|SVRN,PYPL,USDE
Digital Insurance Distribution & InsurTech Platforms|2026-09-29|Fading|LIFE,PRCH
Direct-to-Consumer Health & Wellness Subscription Brands|2026-09-29|Nascent|HIMS,MANE,WRBY
Diversified Property & Casualty Insurance Carriers|2026-09-29|Fading|L,CINF,MKL,ORI
Electric & Unmanned Aircraft Innovators|2026-09-29|Fading|BETA,AVEX
Electronics Manufacturing Services (EMS) Providers|2026-09-29|Mainstream|CLS,BHE,PLXS,SANM
Emerging AI Compute & Cloud Infrastructure Platforms|2026-09-29|Mainstream|PENG,DOCN,CRWV,NBIS,CBRS
Emerging Medical Device Innovators Breakout|2026-09-29|Mainstream|ITGR,INSP,ATEC
Emerging Quantum Computing Rally|2026-09-29|Mainstream|QUBT,RGTI,INFQ,IONQ
Energy Infrastructure & Services Complex|2026-09-29|Fading|NE,SDRL,HLX,WKC,WES,FET
Energy Supply Disruption: Middle East Geopolitical Risk|2026-09-29|Mainstream|CRGY,EOG,CRC,COP,REPX,APA,XPRO,TALO,LNG,WDS,DVN,SM,DEC,PR
Enterprise HR & Workforce Management SaaS|2026-09-29|Mainstream|WDAY,ADP,PCTY,ALIT
Enterprise Server, Storage & Data Infrastructure Hardware|2026-09-29|Mainstream|ANET,NTAP,SMCI,DELL,NTNX,CSCO,HPE,STX
Enterprise Unstructured Data Storage Infrastructure|2026-09-29|Fading|QMCO,BOX,DBX
Fabless Semiconductor IP Licensing|2026-09-29|Nascent|CEVA,ARM,RMBS
Farm Economy Value Chain Re-Rating|2026-09-29|Fading|AGCO,CNH,NTR,MOS
Fintech & Digital Finance Sector Re-rating on Fed Easing|2026-09-29|Fading|MQ,ITUB,PAY,KSPI,NCNO,OMF,QTWO,PAGS,DLO,XP,PGY,BR,PYPL,ACIW,SSNC,JKHY,CHYM,AFRM,BFH,XYZ
For-Profit Postsecondary & Vocational Education|2026-09-29|Fading|STRA,CVSA,LOPE,LAUR
Front-End Semiconductor Fabrication Equipment Makers|2026-09-29|Mainstream|LRCX,ACMR,AMAT,ASML
Genetic Medicine: Gene Editing & Gene Therapy Innovators|2026-09-29|Fading|MGTX,SRPT,FDMT
Genomics & DNA Sequencing Tools|2026-09-29|Mainstream|BLLN,GH,QGEN,BRKR,NTRA,CRSP,NTLA,ILMN,TWST,WGS,TXG,GRAL
Global Agriculture Value Chain Recovery|2026-09-29|Fading|DE,CNH,AGCO
Global IT Services Outsourcing & Digital Transformation Consulting|2026-09-29|Fading|GIB,GLOB,INFY,G
Global Oil & Gas Producers and Refiners|2026-09-29|Fading|PARR,SHEL,EC,DINO,CVE,SUNC,MPC,CVI,E,DK,PBR,PSX,YPF,EQNR,XOM,BP,SU,PBF,CVX,TTE,VLO
Global Steel & Metal Producers Recovery|2026-09-29|Fading|MT,NUE,TX
Homebuilders & Residential Construction Supply Chain|2026-09-29|Fading|CVCO,TOL,MTH,DHI,MHO,NVR,SKY,PHM
Home Improvement Retail & Building Products|2026-09-29|Fading|LOW,HD
Hospital & Behavioral Health Facility Procedure Volume Recovery|2026-09-29|Nascent|UHS,HCA,SGRY,EHC,THC,MD
Identity & Access Management Security Software|2026-09-29|Mainstream|OKTA,RDVT,MITK
Industrial Construction Execution & On-Site Supply Chain|2026-09-29|Fading|KBR,TTEK,FLR,ACA,TPC,AGX,DNOW,J
Inflammatory Disease & Immunology Biologics|2026-09-29|Fading|AUPH,PHVS,NRIX,VRDN,ORKA,TRAX,SYRE
Insurance Brokerage & Distribution Services|2026-09-29|Retired|
Insurance Brokerage & Risk Advisory Firms|2026-09-29|Nascent|MRSH,WTW,AJG,BRO,BWIN
IT Consulting & Business Process Outsourcing Services|2026-09-29|Mainstream|CTSH,IBM,EPAM,ACN,EXLS,DXC,CNXC
Legacy Telecom & Pay-TV/Broadcasting Distribution Rebound|2026-09-29|Fading|NMAX,TDS,ECHO
Legal, Tax & Professional Information Analytics|2026-09-29|Fading|TRI,RELX
Life Insurance & Annuity Providers|2026-09-29|Fading|RGA,MET,UNM,LNC,PFG,VOYA,MFC,SLF,PRU
Life Sciences & Healthcare Data/CRM Platforms|2026-09-29|Mainstream|VEEV,DOCS,TEM
Life Science Tools & Analytical Instruments|2026-09-29|Nascent|A,WAT,RGEN,AZTA,MEDP,MTD,FTRE,MLAB,TMO,RVTY,CRL,ICLR,DHR,AVTR,BIO,IQV
Liquid Biopsy & Molecular Cancer Diagnostics Testing|2026-09-29|Nascent|NTRA,GRAL,CDNA
Live Music & Concert Promotion|2026-09-29|Accelerating|LLYVK,MSGE,SPHR,LYV
Lodging & Hotel REITs|2026-09-29|Mainstream|DRH,RLJ,SHO,APLE,PK,RHP,HLT,PEB
Low-Cost & Regional Passenger Airline Rebound|2026-09-29|Nascent|LTM,LUV,ULCC,SKYW
Marketing & Digital Presence SaaS Platforms|2026-09-29|Mainstream|WIX,GDDY,ZETA,SPT
Media Streaming & Entertainment Content Turnaround|2026-09-29|Fading|WBD,DIS,PSKY
Medical Device Mean-Reversion & Rotation Recovery|2026-09-29|Mainstream|LIVN,GKOS,ISRG,BAX,BDX,HAE,INSP,TMDX,MDT,RMD,GEHC,EW,ICUI,ATRC,ABT
Mobile SoC & Wireless Connectivity Semiconductors|2026-09-29|Mainstream|SWKS,QCOM,QRVO
mRNA Vaccine & Personalized Cancer Therapy Platforms|2026-09-29|Mainstream|MRNA,BNTX,MRK,ARCT
Network Security & Zero-Trust Edge|2026-09-29|Mainstream|RPD,FTNT,TENB,VRNS,ZS,SAIL,PANW,CHKP,CRWD,OKTA,NET,NTSK,FFIV,QLYS,S
Non-Alcoholic Beverages & Energy Drinks|2026-09-29|Fading|KOF,KDP,KO,CCEP,COKE
Offshore Drilling Rig Contractors|2026-09-29|Nascent|SDRL,NE,VAL,RIG
Oil & Gas Exploration & Production Crude Price Leverage (Shale & Canadian Upstream)|2026-09-29|Nascent|MUR,CNQ,NOG,OVV,CHRD,OXY,FANG,MTDR,MGY,VNOM,IMO
On-Site Power Generation & Distribution Equipment for Data Centers|2026-09-29|Mainstream|VICR,PSIX,GNRC,FPS,BE,ETN,EROC
Orthopedic Surgical Devices & Instruments|2026-09-29|Fading|SIBN,CNMD,ZBH
Peptide & Hormone Therapies for Metabolic & Endocrine Disorders|2026-09-29|Fading|CORT,PTGX,MBX
Post-Acute & Home-Based Healthcare Services|2026-09-29|Mainstream|NHC,ADUS,CHE,PNTG,OPCH,GRDN,PACS
Precious Metals Complex Rebound|2026-09-29|Mainstream|PPTA,SVM,AEM,NEM,SKE,AAUC,GFI,EQX,SSRM,BVN,IAG,FSM,ARIS,HL,AG,AU,EGO,EXK,MUX,CGAU,HMY,AUGO,PAAS,AGI,SBSW,OGC,B,CDE
Precious Metals Miners Velocity Breakout|2026-09-29|Mainstream|AYA,WPM,FSM
Precious Metals Royalty & Streaming Companies|2026-09-29|Nascent|TFPM,OR,WPM,RGLD,FNV
Precision Timing & Motion Control Component Makers|2026-09-29|Mainstream|FEIM,SITM,ALNT
Private Mortgage Insurance|2026-09-29|Fading|ACT,NMIH,MTG,ESNT
Product Tanker Shipping|2026-09-29|Nascent|TRMD,TNK,STNG,HAFN
Pure-Play NAND/DRAM Memory Chip Makers|2026-09-29|Mainstream|SIMO,MU,SKHY,SNDK
Renewable & Specialty Fuels Chemical Producers|2026-09-29|Fading|SSL,MEOH,CLMT
Restaurant Chain Recovery|2026-09-29|Mainstream|BJRI,CBRL,DRI,EAT,CAKE
Semiconductor Design, Test & Assembly Enablement Tools|2026-09-29|Nascent|KEYS,KLIC,CDNS,SNPS
Semiconductor Equipment & Materials Velocity Surge|2026-09-29|Mainstream|ENTG,ONTO,AXTI
Semiconductor Foundry & Advanced Packaging Manufacturing|2026-09-29|Mainstream|ASX,TSEM,UMC,TSM,INTC
Semiconductor Test, Yield & Assembly Supply Chain|2026-09-29|Mainstream|TER,FORM,CAMT,PDFS,AEHR,SANM,COHU
Skilled Nursing & Senior Housing Healthcare REITs|2026-09-29|Fading|OHI,WELL,LTC,JAN
Small Modular Reactor & Advanced Nuclear Fission Technology|2026-09-29|Fading|NNE,LEU
Software Development & DevOps Collaboration Platforms|2026-09-29|Mainstream|GTLB,TEAM,FROG
Space Economy: Satellite Communications & Launch Services|2026-09-29|Mainstream|LUNR,SPCX,RDW,FLY,MDA,BKSY,RKLB,IRDM,VOYG
Specialty P&C Insurance Underwriters Rotation Reversal|2026-09-29|Fading|EG,THG,ACGL,HCI,PGR,RNR,SLDE,SPNT,WRB,AFG,SKWD,PLMR,TRV,CB
Specialty Retail Short-Squeeze Momentum Basket|2026-09-29|Mainstream|ASO,GME,SIG
Trucking & Freight Carrier Rebound|2026-09-29|Retired|
Uranium Mining & Extraction|2026-09-29|Fading|UEC,UUUU
U.S. Apparel & Fashion Recovery|2026-09-29|Mainstream|KSS,VSXY,GAP,ROST,WWW,M,CROX,URBN,DDS,ANF,AEO,SHOO
U.S. Domestic Passenger Airlines|2026-09-29|Nascent|AAL,LUV,DAL,UAL
U.S. Trucking & Freight Transportation Carriers|2026-09-29|Nascent|ARCB,LSTR,SNDR,KNX,SAIA,TFII,WERN
Vaccine & Antiviral Therapeutics Rebound|2026-09-29|Mainstream|MRNA,GILD,NVAX,VIR
Wealth Management & Retail Brokerage Platforms|2026-09-29|Mainstream|HOOD,SCHW,SEIC,XP,IVZ,WT,AAMI,AMG,OPY,BEN,WLTH,VCTR,AMP
Aerospace Engine, Airframe Components & Defense Subsystem Suppliers|2026-09-30|Nascent|DPC,HONA,AADX,MRCY,DCO
AI Data Center High-Speed Interconnect & Signal Integrity Chipmakers|2026-09-30|Mainstream|ALAB,GLW,BDC,CRDO,LITE,COHR,APH
AI data-center power buildout|2026-09-30|Nascent|VICR,ALAB
AI Data Services & GPU Cloud Platforms|2026-09-30|Nascent|INOD,SHAZ,NBIS
AI-Driven Diagnostics & Imaging Re-Rating|2026-09-30|Mainstream|CDNA,RDNT,TEM,LH,PSNL,ADPT,HTFL,DGX,CAI
AI-Driven Memory & Storage Supply Shortage|2026-09-30|Mainstream|MU,SMTC,SKHY,TSM,MRVL,NVDA,AMD
AI-Powered Enterprise Analytics & Intelligent Workflow SaaS|2026-09-30|Fading|ASAN,APPN,CRM,PLTR,DOCU,AI,PEGA,NOW,PD,PATH,MNDY,MSFT,SAP,AVPT,WK,INTA,PRGS
AI Server Power & Signal-Integrity Analog ICs|2026-09-30|Accelerating|RMBS,ADI,MPWR,TXN
Analog, Mixed-Signal & Power Semiconductor Cyclical Recovery|2026-09-30|Nascent|MCHP,DIOD,MXL,WOLF
Annuity-Focused Insurers|2026-09-30|Mainstream|CRBG,CNO,JXN,EQH
Appalachian Natural Gas Producers|2026-09-30|Nascent|RRC,AR,EQT,CRK,GPOR,EXE,CNX
Appalachian & Natural Gas-Weighted E&P Laggards|2026-09-30|Nascent|RRC,AR,CRK,GPOR,EQT,EXE,CNX
Autonomous Vehicle & ADAS Technology Enablers|2026-09-30|Nascent|OUST,BB,AMBA
Auto & Truck Dealership Retail Chains|2026-09-30|Fading|LAD,ABG
Bank Stocks: Rising-Rate NIM Expansion|2026-09-30|Fading|FITB,FSUN,SFNC,CATY,FIBK,RBCAA,C,AMAL,ING,MFG,BBVA,HWC,DB,HOPE,CFG,NIC,HSBC,PFBC,CHCO,CVBF,OFG,JPM,SMFG,ESQ,STBA,CLBK,DCOM,HIFS,WFC,CBC,NWG,FCF,FBNC,HOMB,MUFG,NBTB,SAN,TRMK,FBP,LYG,NWBI,BUSE,UBSI,NBN,OSBC,QCRH,WABC,CBSH
Bitcoin Balance Sheet Proxies|2026-09-30|Nascent|MSTR,BLSH
Bitcoin Holding & Trading Proxy Equities|2026-09-30|Mainstream|GLXY,ASST,COIN
Bitcoin Miners Pivoting to AI/HPC Data Center Hosting|2026-09-30|Fading|APLD,HUT,CIFR
Bitcoin Mining Stocks Rotation Reversal|2026-09-30|Fading|CLSK,IREN,IOND,RIOT,MARA,ABTC
Bitcoin Treasury & Crypto Proxy Equities Correlation Basket|2026-09-30|Mainstream|BMNR,PURR,SBET
Brazilian Fintech & Digital Payments|2026-09-30|Fading|INTR,STNE
Building Products Distribution & Supply|2026-09-30|Retired|
Business Development Companies & Private Credit Lenders|2026-09-30|Nascent|ARCC,MAIN,TRIN,OTF,OBDC,HTGC,FSK,BXSL
Canadian Big Banks|2026-09-30|Nascent|BNS,RY,BMO,TD,CM
Cardiac & Bioelectric Ablation Device Innovators|2026-09-30|Mainstream|PLSE,ATRC
Class I Railroad Freight Carriers|2026-09-30|Fading|CSX,NSC,CNI,UNP
Cloud Application Delivery & Observability Infrastructure|2026-09-30|Mainstream|DT,DDOG,ATEN,FSLY,AKAM
Cloud Application Software Rotation (Oversold Turning Up)|2026-09-30|Fading|DUOL,PCOR,APPF
Cloud Contact Center & CCaaS Communication Platforms|2026-09-30|Mainstream|TWLO,FIVN,RNG,NICE
Cloud Data Storage & Analytics Infrastructure|2026-09-30|Mainstream|ESTC,SNOW,MDB
Cloud Supply Chain & Warehouse Management Software|2026-09-30|Mainstream|DSGX,MANH,SPSC
Coal Mining Producers|2026-09-30|Nascent|BTU,HCC,AMR
Commercial, Office & Home Furniture Retailers and Manufacturers|2026-09-30|Mainstream|MLKN,HNI,W,MHK,WSM,ARHS
Consumer PC & Gaming Hardware Refresh Cycle|2026-09-30|Fading|HPQ,LOGI,CRSR
Copper Mining & Production|2026-09-30|Mainstream|HBM,FCX,RIO,TECK,ERO,SCCO,IE
Corporate Spend, Expense Management & Financial Operations Software|2026-09-30|Fading|WEX,CPAY,BILL
Cross-Industry Test, Measurement & Design-Verification Tools|2026-09-30|Nascent|CDNS,VIAV,AME,KEYS
Crude & Product Tanker Shipping|2026-09-30|Mainstream|FRO,DHT,ECO,ASC,NAT,INSW,TEN
Cruise & Expedition Travel Operators|2026-09-30|Fading|CCL,LIND
Customer Engagement & Marketing/CX SaaS Platforms|2026-09-30|Accelerating|FRSH,AMPL,BRZE
Data Backup & Cyber Resiliency Software|2026-09-30|Nascent|BLZE,CVLT,RBRK
Data Storage & Data Management Software/Hardware Leaders|2026-09-30|Nascent|QMCO,P,INGM
Defense Electronics & Aerospace Subsystem Suppliers|2026-09-30|Fading|DCO,ARXS,AVAV
Defense Intelligence & Cybersecurity IT Contractors|2026-09-30|Fading|ICFI,BAH,LDOS,EFOR,CACI,SAIC,VVX
Defense & Space Systems Satellite Solutions|2026-09-30|Nascent|YSS,AADX,MRCY
Defensive Consumer Rotation & Trade-Down|2026-09-30|Nascent|TBBB,UNFI,KR,GO,OLLI,DG,TGT,BJ,WMK
Diabetes Management Devices (CGM, Insulin Pumps & Delivery)|2026-09-30|Mainstream|MMED,BBNX,DXCM
Digital Advertising & Ad-Tech Monetization Platforms|2026-09-30|Mainstream|MGNI,ZD,DV,PUBM
Digital Dollar & Crypto Payments Infrastructure|2026-09-30|Nascent|PYPL,USDE
Digital Insurance Distribution & InsurTech Platforms|2026-09-30|Retired|
Direct-to-Consumer Health & Wellness Subscription Brands|2026-09-30|Nascent|WRBY,HIMS
Discrete, Passive & Low-Power Programmable Semiconductor Components Recovery|2026-09-30|Nascent|VSH,LSCC,MRAM,VPG
Diversified Property & Casualty Insurance Carriers|2026-09-30|Fading|L,CINF,MKL
Electric & Unmanned Aircraft Innovators|2026-09-30|Fading|BETA,AVEX
Electronics Manufacturing Services (EMS) Providers|2026-09-30|Mainstream|CLS,SANM,PLXS,BHE
Emerging AI Compute & Cloud Infrastructure Platforms|2026-09-30|Mainstream|PENG,CRWV,NBIS,CBRS,DOCN
Emerging Medical Device Innovators Breakout|2026-09-30|Mainstream|ATEC,INSP,ITGR
Emerging Quantum Computing Rally|2026-09-30|Mainstream|QUBT,IONQ,INFQ,RGTI
Energy Infrastructure & Services Complex|2026-09-30|Fading|HLX,SDRL,FET,NE,WKC,WES
Energy Supply Disruption: Middle East Geopolitical Risk|2026-09-30|Mainstream|REPX,PR,CRC,TALO,DEC,EOG,COP,CRGY,SM,DVN,APA,WDS
Enterprise HR & Workforce Management SaaS|2026-09-30|Mainstream|WDAY,PCTY,ADP,ALIT
Enterprise Server, Storage & Data Infrastructure Hardware|2026-09-30|Mainstream|NTNX,SMCI,NTAP,STX,CSCO,DELL,HPE,ANET
Enterprise Unstructured Data Storage Infrastructure|2026-09-30|Fading|QMCO,DBX,BOX
Fabless Semiconductor IP Licensing|2026-09-30|Nascent|ARM,CEVA,RMBS
Farm Economy Value Chain Re-Rating|2026-09-30|Retired|
Fintech & Digital Finance Sector Re-rating on Fed Easing|2026-09-30|Fading|PAY,PYPL,DLO,XYZ,BR,BFH,SSNC,ACIW,PAGS,KSPI,QTWO,MQ,JKHY,PGY,AFRM,XP,NCNO,CHYM,ITUB
For-Profit Postsecondary & Vocational Education|2026-09-30|Mainstream|STRA,LAUR,CVSA,LOPE
Front-End Semiconductor Fabrication Equipment Makers|2026-09-30|Mainstream|ACMR,ASML,LRCX,AMAT,KLAC,VECO,ACLS
Genetic Medicine: Gene Editing & Gene Therapy Innovators|2026-09-30|Fading|MGTX,SRPT,FDMT
Genomics & DNA Sequencing Tools|2026-09-30|Mainstream|BRKR,BLLN,NTLA,ILMN,WGS,GRAL,TXG,CRSP,NTRA,TWST,QGEN,GH
Global Agriculture Value Chain Recovery|2026-09-30|Fading|CNH,DE,AGCO
Global IT Services Outsourcing & Digital Transformation Consulting|2026-09-30|Fading|GIB,GLOB,INFY,G
Global Oil & Gas Producers and Refiners|2026-09-30|Fading|PSX,VLO,PBF,SUNC,TTE,MPC,CVX,DINO,XOM,SU,SHEL,CVE,PARR,YPF,DK,BP,E,CVI,EC,PBR,EQNR
Global Steel & Metal Producers Recovery|2026-09-30|Fading|MT,NUE,TX
HBM & AI-Driven Memory Chip Makers|2026-09-30|Mainstream|MU,SKHY,SNDK
Homebuilders & Residential Construction Supply Chain|2026-09-30|Fading|PHM,SKY,MHO,MTH,CVCO,NVR,TOL,DHI
Home Improvement Retail & Building Products|2026-09-30|Fading|LOW,HD
Hospital & Behavioral Health Facility Procedure Volume Recovery|2026-09-30|Mainstream|SGRY,MD,EHC,HCA,THC,UHS
Identity & Access Management Security Software|2026-09-30|Mainstream|MITK,RDVT,OKTA
Industrial Construction Execution & On-Site Supply Chain|2026-09-30|Fading|J,FLR,ACA,DNOW,TPC,KBR,AGX,TTEK
Inflammatory Disease & Immunology Biologics|2026-09-30|Fading|TRAX,AUPH,SYRE,NRIX,VRDN,ORKA,PHVS
Insurance Brokerage & Risk Advisory Firms|2026-09-30|Fading|MRSH,WTW,AJG,BRO
IT Consulting & Business Process Outsourcing Services|2026-09-30|Mainstream|EPAM,DXC,CTSH,ACN,EXLS,IBM
Legacy Telecom & Pay-TV/Broadcasting Distribution Rebound|2026-09-30|Fading|NMAX,TDS,ECHO
Legal, Tax & Professional Information Analytics|2026-09-30|Fading|TRI,RELX
Life Insurance & Annuity Providers|2026-09-30|Fading|LNC,PFG,VOYA,RGA,MFC,MET,PRU,UNM,SLF
Life Sciences & Healthcare Data/CRM Platforms|2026-09-30|Mainstream|TEM,VEEV,DOCS
Life Science Tools & Analytical Instruments|2026-09-30|Nascent|FTRE,RVTY,BIO,TMO,CRL,RGEN,AZTA,DHR,A,WAT,MEDP,IQV,MLAB,MTD,AVTR,ICLR
Liquid Biopsy & Molecular Cancer Diagnostics Testing|2026-09-30|Nascent|GRAL,NTRA,CDNA
Live Music & Concert Promotion|2026-09-30|Accelerating|LLYVK,LYV,SPHR,MSGE
Lodging & Hotel REITs|2026-09-30|Mainstream|SHO,PEB,APLE,PK,RLJ,HLT,RHP,DRH,IHG
Low-Cost & Regional Passenger Airline Rebound|2026-09-30|Nascent|LUV,SKYW,ULCC,LTM
Marketing & Digital Presence SaaS Platforms|2026-09-30|Mainstream|WIX,SPT,ZETA,GDDY
Media Streaming & Entertainment Content Turnaround|2026-09-30|Fading|PSKY,DIS,WBD
Medical Device Mean-Reversion & Rotation Recovery|2026-09-30|Mainstream|INSP,TMDX,BAX,GKOS,ICUI,HAE,GEHC,ATRC,ISRG,LIVN,MDT,EW,RMD,BDX,ABT
Mobile SoC & Wireless Connectivity Semiconductors|2026-09-30|Mainstream|QCOM,SWKS,QRVO
mRNA Vaccine & Personalized Cancer Therapy Platforms|2026-09-30|Mainstream|MRNA,MRK,BNTX,ARCT
Network Security & Zero-Trust Edge|2026-09-30|Mainstream|NTSK,RPD,ZS,CRWD,OKTA,S,PANW,VRNS,TENB,FFIV,CHKP,SAIL,NET,QLYS,FTNT
Non-Alcoholic Beverages & Energy Drinks|2026-09-30|Mainstream|COKE,CCEP,KO,KDP,KOF
Offshore Drilling Rig Contractors|2026-09-30|Retired|
Oil & Gas E&P Crude-Weighted Producers Momentum|2026-09-30|Nascent|MUR,NOG,CNQ,IMO,CHRD,OVV,OXY,MTDR,FANG,VNOM,MGY
Oil & Gas Exploration & Production Crude Price Leverage (Shale & Canadian Upstream)|2026-09-30|Retired|
On-Site Power Generation & Distribution Equipment for Data Centers|2026-09-30|Mainstream|FPS,ETN,GNRC,BE,PSIX,VICR,EROC,SEI
Orthopedic Surgical Devices & Instruments|2026-09-30|Fading|SIBN,CNMD,ZBH
Peptide & Hormone Therapies for Metabolic & Endocrine Disorders|2026-09-30|Fading|MBX,CORT,PTGX
Post-Acute & Home-Based Healthcare Services|2026-09-30|Mainstream|GRDN,CHE,PACS,OPCH,ADUS,NHC,PNTG
Precious Metals Complex Rebound|2026-09-30|Mainstream|AAUC,B,SKE,OGC,NEM,AEM,PPTA,HMY,EGO,EQX,AGI,FSM,AUGO,ARIS,CGAU,SSRM,IAG,AU,BVN
Precious Metals Miners Velocity Breakout|2026-09-30|Mainstream|AYA,FSM,WPM
Precious Metals Royalty & Streaming Companies|2026-09-30|Nascent|FNV,TFPM,RGLD,OR,WPM
Precision Timing & Motion Control Component Makers|2026-09-30|Mainstream|SITM,ALNT,FEIM
Primary Silver Miners|2026-09-30|Nascent|AG,EXK,HL,CDE
Private Mortgage Insurance|2026-09-30|Fading|ACT,NMIH
Product Tanker Shipping|2026-09-30|Nascent|STNG,TNK,HAFN,TRMD
Renewable & Specialty Fuels Chemical Producers|2026-09-30|Fading|MEOH,CLMT
Restaurant Chain Recovery|2026-09-30|Mainstream|EAT,CBRL,CAKE,BJRI,DRI
Semiconductor Design, Test & Assembly Enablement Tools|2026-09-30|Nascent|KLIC,CDNS,SNPS,KEYS
Semiconductor Equipment & Materials Velocity Surge|2026-09-30|Mainstream|AXTI,ENTG,ONTO,UCTT
Semiconductor Foundry & Advanced Packaging Manufacturing|2026-09-30|Mainstream|TSEM,UMC,ASX,INTC,TSM
Semiconductor Process Control, Foundry & Specialty Optics/Materials Breakout|2026-09-30|Nascent|GFS,NVMI,LPTH,ROG
Semiconductor Test, Yield & Assembly Supply Chain|2026-09-30|Mainstream|CAMT,TER,FORM,PDFS,AEHR,COHU
Skilled Nursing & Senior Housing Healthcare REITs|2026-09-30|Fading|JAN,WELL,OHI,LTC
Small Modular Reactor & Advanced Nuclear Fission Technology|2026-09-30|Fading|NNE,LEU
Software Development & DevOps Collaboration Platforms|2026-09-30|Mainstream|FROG,TEAM,GTLB
Space Economy: Satellite Communications & Launch Services|2026-09-30|Mainstream|VOYG,BKSY,IRDM,RKLB,RDW,LUNR,FLY,SPCX,MDA
Specialty P&C Insurance Underwriters Rotation Reversal|2026-09-30|Fading|SKWD,RNR,HCI,EG,AFG,ACGL,CB,WRB,PLMR,THG,SLDE,PGR,TRV,SPNT
Specialty Retail Short-Squeeze Momentum Basket|2026-09-30|Mainstream|ASO,GME,SIG
Trucking & Freight Carrier Rebound|2026-09-30|Nascent|ARCB,SNDR,KNX,SAIA,TFII,WERN
Uranium Mining & Extraction|2026-09-30|Fading|UEC,UUUU
U.S. Apparel & Fashion Recovery|2026-09-30|Mainstream|DDS,WWW,M,URBN,ROST,AEO,SHOO,VSXY,KSS,CROX,ANF,GAP,RL
U.S. Domestic Passenger Airlines|2026-09-30|Nascent|AAL,DAL,LUV,UAL
U.S. Trucking & Freight Transportation Carriers|2026-09-30|Fading|LSTR,SNDR,WERN
Vaccine & Antiviral Therapeutics Rebound|2026-09-30|Mainstream|MRNA,GILD,VIR,NVAX
Wealth Management & Retail Brokerage Platforms|2026-09-30|Mainstream|VCTR,AMG,WT,SEIC,SCHW,BEN,OPY,AMP,HOOD,IVZ,AAMI,XP,WLTH
Aerospace Engine, Airframe Components & Defense Subsystem Suppliers|2026-10-01|Nascent|HONA,ATI,MRCY,YSS,AADX,DCO,DPC
AI Data Center High-Speed Interconnect & Signal Integrity Chipmakers|2026-10-01|Mainstream|GLW,CRDO,BDC,ALAB,COHR,APH,VICR,LITE
AI data-center power buildout|2026-10-01|Retired|
AI Data Services & GPU Cloud Platforms|2026-10-01|Retired|
AI-Driven Diagnostics & Imaging Re-Rating|2026-10-01|Mainstream|PSNL,DGX,CDNA,CAI,RDNT,LH,HTFL,TEM,ADPT
AI-Driven Memory & Storage Supply Shortage|2026-10-01|Mainstream|SMTC,NVDA,AMD,TSM,MRVL,SKHY,MU
AI-Powered Enterprise Analytics & Intelligent Workflow SaaS|2026-10-01|Mainstream|ASAN,PATH,INTA,MNDY,WK,AVPT,APPN,PEGA,PD,SAP,CRM,DOCU,PLTR,PRGS,AI,NOW,MSFT
AI Server Power & Signal-Integrity Analog ICs|2026-10-01|Accelerating|RMBS,MPWR,TXN,ADI
Analog, Mixed-Signal & Power Semiconductor Cyclical Recovery|2026-10-01|Nascent|DIOD,MCHP,WOLF,MXL
Annuity-Focused Insurers|2026-10-01|Mainstream|JXN,CNO,EQH,CRBG
Appalachian Natural Gas Producers|2026-10-01|Retired|
Appalachian & Natural Gas-Weighted E&P Laggards|2026-10-01|Retired|
Autonomous Vehicle & ADAS Technology Enablers|2026-10-01|Mainstream|BB,AMBA,OUST
Auto & Truck Dealership Retail Chains|2026-10-01|Fading|LAD,ABG
Bank Stocks: Rising-Rate NIM Expansion|2026-10-01|Mainstream|PFBC,CATY,HSBC,HOPE,CBSH,WFC,NWG,ESQ,HWC,STBA,SFNC,FSUN,FBNC,NBTB,JPM,SAN,SMFG,OFG,MFG,LYG,NBN,HIFS,RBCAA,CVBF,NWBI,UBSI,FIBK,OSBC,FITB,DCOM,FCF,CLBK,TRMK,C,AMAL,MUFG,ING,DB,BUSE,FBP,CHCO,CBC,WABC,BBVA,QCRH,HOMB,NIC
Bitcoin Balance Sheet Proxies|2026-10-01|Mainstream|BLSH,MSTR
Bitcoin Holding & Trading Proxy Equities|2026-10-01|Mainstream|GLXY,ASST,COIN
Bitcoin Miners Pivoting to AI/HPC Data Center Hosting|2026-10-01|Fading|HUT,CIFR
Bitcoin Mining Stocks Rotation Reversal|2026-10-01|Fading|IOND,MARA,ABTC
Bitcoin Treasury & Crypto Proxy Equities Correlation Basket|2026-10-01|Mainstream|BMNR,SBET,PURR
Brazilian Fintech & Digital Payments|2026-10-01|Fading|INTR,STNE
Business Development Companies & Private Credit Lenders|2026-10-01|Nascent|OBDC,ARCC,BXSL,MAIN,TRIN,OTF,HTGC,FSK
Canadian Big Banks|2026-10-01|Nascent|TD,BNS,RY,CM,BMO
Cardiac & Bioelectric Ablation Device Innovators|2026-10-01|Mainstream|PLSE,ATRC
Class I Railroad Freight Carriers|2026-10-01|Fading|CSX,NSC,CNI,UNP
Cloud Application Delivery & Observability Infrastructure|2026-10-01|Mainstream|DT,FSLY,AKAM,DDOG,ATEN
Cloud Application Software Rotation (Oversold Turning Up)|2026-10-01|Accelerating|APPF,DUOL,PCOR
Cloud Contact Center & CCaaS Communication Platforms|2026-10-01|Mainstream|RNG,NICE,TWLO,FIVN
Cloud Data Storage & Analytics Infrastructure|2026-10-01|Mainstream|ESTC,SNOW,MDB
Cloud Supply Chain & Warehouse Management Software|2026-10-01|Mainstream|SPSC,DSGX,MANH
Coal Mining Producers|2026-10-01|Fading|BTU,HCC
Commercial, Office & Home Furniture Retailers and Manufacturers|2026-10-01|Mainstream|MLKN,MHK,WSM,W,HNI,ARHS
Consumer PC & Gaming Hardware Refresh Cycle|2026-10-01|Mainstream|CRSR,HPQ,LOGI
Copper Mining & Production|2026-10-01|Fading|HBM,SCCO,FCX,IE,TECK,RIO,ERO
Corporate Spend, Expense Management & Financial Operations Software|2026-10-01|Fading|WEX,CPAY,BILL
Cross-Industry Test, Measurement & Design-Verification Tools|2026-10-01|Nascent|VIAV,KEYS,CDNS,AME
Crude & Product Tanker Shipping|2026-10-01|Mainstream|ASC,ECO,INSW,TEN,FRO,NAT,DHT,CMBT
Cruise & Expedition Travel Operators|2026-10-01|Fading|CCL,LIND
Customer Engagement & Marketing/CX SaaS Platforms|2026-10-01|Accelerating|FRSH,BRZE,AMPL
Data Backup & Cyber Resiliency Software|2026-10-01|Nascent|RBRK,CVLT,BLZE
Data Storage & Data Management Software/Hardware Leaders|2026-10-01|Nascent|P,QMCO,INGM
Defense Electronics & Aerospace Subsystem Suppliers|2026-10-01|Retired|
Defense Intelligence & Cybersecurity IT Contractors|2026-10-01|Fading|EFOR,LDOS,SAIC,CACI,ICFI,VVX,BAH
Defense & Space Systems Satellite Solutions|2026-10-01|Retired|
Defensive Consumer Rotation & Trade-Down|2026-10-01|Nascent|KR,DG,WMK,TGT,UNFI,GO,TBBB,BJ,OLLI
Diabetes Management Devices (CGM, Insulin Pumps & Delivery)|2026-10-01|Mainstream|MMED,BBNX,DXCM
Digital Advertising & Ad-Tech Monetization Platforms|2026-10-01|Mainstream|ZD,MGNI,PUBM,DV
Digital Dollar & Crypto Payments Infrastructure|2026-10-01|Fading|USDE,PYPL
Direct-to-Consumer Health & Wellness Subscription Brands|2026-10-01|Nascent|WRBY,HIMS
Discrete, Passive & Low-Power Programmable Semiconductor Components Recovery|2026-10-01|Nascent|LSCC,VSH,VPG,MRAM
Diversified Property & Casualty Insurance Carriers|2026-10-01|Fading|L,CINF,MKL
Electric & Unmanned Aircraft Innovators|2026-10-01|Retired|
Electronics Manufacturing Services (EMS) Providers|2026-10-01|Mainstream|PLXS,SANM,CLS,BHE
Emerging AI Compute & Cloud Infrastructure Platforms|2026-10-01|Mainstream|PENG,INOD,CRWV,DOCN,NBIS
Emerging Medical Device Innovators Breakout|2026-10-01|Mainstream|ATEC,ITGR,INSP
Emerging Quantum Computing Rally|2026-10-01|Mainstream|INFQ,IONQ,RGTI,QUBT
Energy Infrastructure & Services Complex|2026-10-01|Mainstream|HLX,NE,WES,FET,SDRL,WKC
Energy Supply Disruption: Middle East Geopolitical Risk|2026-10-01|Mainstream|PR,COP,SM,WDS,DEC,DVN,CRC,EOG,APA,REPX,CRGY,TALO
Enterprise HR & Workforce Management SaaS|2026-10-01|Mainstream|WDAY,ADP,PCTY,ALIT
Enterprise Server, Storage & Data Infrastructure Hardware|2026-10-01|Mainstream|HPE,ANET,SMCI,DELL,CSCO,NTAP,STX,NTNX
Enterprise Unstructured Data Storage Infrastructure|2026-10-01|Mainstream|QMCO,DBX,BOX
Fabless Semiconductor IP Licensing|2026-10-01|Nascent|ARM,RMBS,CEVA
Financial Data & Advisory/Capital Markets Platforms|2026-10-01|Nascent|FDS,PWP,PS
Fintech & Digital Finance Sector Re-rating on Fed Easing|2026-10-01|Fading|CHYM,KSPI,ITUB,MQ,PYPL,NCNO,ACIW,BFH,BR,QTWO,XYZ,JKHY,DLO,PGY,AFRM,SSNC,XP
For-Profit Postsecondary & Vocational Education|2026-10-01|Accelerating|LOPE,STRA,LAUR,CVSA
Front-End Semiconductor Fabrication Equipment Makers|2026-10-01|Mainstream|ACMR,AMAT,ASML,ACLS,KLAC,LRCX,VECO
Genetic Medicine: Gene Editing & Gene Therapy Innovators|2026-10-01|Fading|MGTX,SRPT,FDMT
Genomics & DNA Sequencing Tools|2026-10-01|Mainstream|WGS,BLLN,NTLA,QGEN,ILMN,TWST,BRKR,TXG,NTRA,GRAL,GH,CRSP
Global Agriculture Value Chain Recovery|2026-10-01|Mainstream|DE,AGCO,CNH
Global IT Services Outsourcing & Digital Transformation Consulting|2026-10-01|Fading|G,GIB,GLOB,INFY
Global Oil & Gas Producers and Refiners|2026-10-01|Fading|VLO,SU,SHEL,PSX,MPC,SUNC,DK,EQNR,CVI,PBF,PBR,CVE,PARR,CVX,E,XOM,DINO,BP,EC,TTE
Global Steel & Metal Producers Recovery|2026-10-01|Fading|NUE,TX
Gold & Silver Miners Uncovered Mid-Tier and Junior Producers|2026-10-01|Nascent|BTG,SVM,EXK,PPTA,PAAS,MUX,NG,ASM,HYMC
HBM & AI-Driven Memory Chip Makers|2026-10-01|Mainstream|SKHY,MU,SNDK
Homebuilders & Residential Construction Supply Chain|2026-10-01|Fading|TOL,MHO,DHI,CVCO,SKY,MTH,NVR,PHM,BCC
Home Improvement Retail & Building Products|2026-10-01|Fading|LOW,HD
Hospital & Behavioral Health Facility Procedure Volume Recovery|2026-10-01|Fading|MD,EHC,THC,HCA,UHS
Identity & Access Management Security Software|2026-10-01|Mainstream|RDVT,OKTA,MITK
Industrial Construction Execution & On-Site Supply Chain|2026-10-01|Fading|FLR,AGX,ACA,DNOW,TTEK,J,TPC,KBR
Inflammatory Disease & Immunology Biologics|2026-10-01|Mainstream|NRIX,AUPH,ORKA,TRAX,SYRE,VRDN
Insurance Brokerage & Risk Advisory Firms|2026-10-01|Fading|MRSH,WTW,AJG,BRO
IT Consulting & Business Process Outsourcing Services|2026-10-01|Mainstream|IBM,CTSH,EXLS,ACN,EPAM,DXC,CNXC
Legacy Telecom & Pay-TV/Broadcasting Distribution Rebound|2026-10-01|Fading|NMAX,TDS,ECHO
Legal, Tax & Professional Information Analytics|2026-10-01|Fading|TRI,RELX
Life Insurance & Annuity Providers|2026-10-01|Nascent|RGA,VOYA,PFG,UNM,MET,PRU,LNC,SLF,MFC
Life Sciences & Healthcare Data/CRM Platforms|2026-10-01|Mainstream|DOCS,VEEV,TEM
Life Science Tools & Analytical Instruments|2026-10-01|Nascent|FTRE,MLAB,BIO,DHR,A,RVTY,WAT,IQV,AZTA,TMO,MEDP,ICLR,AVTR,CRL,RGEN,MTD
Liquid Biopsy & Molecular Cancer Diagnostics Testing|2026-10-01|Mainstream|CDNA,NTRA,GRAL
Live Music & Concert Promotion|2026-10-01|Fading|MSGE,LYV,LLYVK
Lodging & Hotel REITs|2026-10-01|Mainstream|RLJ,HLT,APLE,PK,PEB,DRH,SHO,RHP,IHG
Low-Cost & Regional Passenger Airline Rebound|2026-10-01|Nascent|SKYW,ULCC,LUV
Marketing & Customer Data SaaS Rotation|2026-10-01|Nascent|HUBS,KVYO,TTAN
Marketing & Digital Presence SaaS Platforms|2026-10-01|Fading|WIX,ZETA,GDDY,SPT
Media Streaming & Entertainment Content Turnaround|2026-10-01|Fading|PSKY,DIS,WBD
Medical Device Mean-Reversion & Rotation Recovery|2026-10-01|Fading|ISRG,ICUI,MDT,RMD,GEHC,INSP,LIVN,TMDX,EW,HAE,BDX,GKOS,ABT,ATRC,BAX
Mobile SoC & Wireless Connectivity Semiconductors|2026-10-01|Mainstream|SWKS,QRVO,QCOM
mRNA Vaccine & Personalized Cancer Therapy Platforms|2026-10-01|Fading|MRNA,ARCT,BNTX,MRK
Network Security & Zero-Trust Edge|2026-10-01|Mainstream|S,CRWD,OKTA,NTSK,FTNT,QLYS,NET,CHKP,SAIL,TENB,FFIV,ZS,RPD,PANW,VRNS
Non-Alcoholic Beverages & Energy Drinks|2026-10-01|Mainstream|KDP,KOF,KO,COKE,CCEP
Offshore Drilling Rig Contractors|2026-10-01|Nascent|SDRL,VAL,NE,RIG
Oil & Gas E&P Crude-Weighted Producers Momentum|2026-10-01|Retired|
Oil & Gas Exploration & Production Crude Price Leverage (Shale & Canadian Upstream)|2026-10-01|Nascent|MUR,CNQ,NOG,OVV,CHRD,OXY,FANG,MTDR,MGY,VNOM,IMO
On-Site Power Generation & Distribution Equipment for Data Centers|2026-10-01|Mainstream|SEI,PSIX,FPS,BE,EROC,ETN,VICR,GNRC,GEV
Optical Networking & Optical Component Manufacturing|2026-10-01|Nascent|CIEN,FN
Orthopedic Surgical Devices & Instruments|2026-10-01|Fading|SIBN,CNMD,ZBH
Peptide & Hormone Therapies for Metabolic & Endocrine Disorders|2026-10-01|Fading|MBX,CORT,PTGX
Post-Acute & Home-Based Healthcare Services|2026-10-01|Mainstream|OPCH,NHC,GRDN,PACS,PNTG,ADUS,CHE
Power Semiconductors (GaN, SiC & Discrete Power ICs)|2026-10-01|Nascent|NVTS,AOSL,ON
Precious Metals Complex Rebound|2026-10-01|Mainstream|AEM,HMY,AUGO,B,EGO,NEM,BVN,IAG,FSM,ARIS,AU,SSRM,OGC,AAUC,AGI,EQX,SKE,CGAU
Precious Metals Miners Velocity Breakout|2026-10-01|Mainstream|AYA,FSM,WPM
Precious Metals Royalty & Streaming Companies|2026-10-01|Nascent|OR,RGLD,FNV,TFPM,WPM
Precision Timing & Motion Control Component Makers|2026-10-01|Mainstream|FEIM,ALNT,SITM
Primary Silver Miners|2026-10-01|Fading|AG,HL,CDE
Private Mortgage Insurance|2026-10-01|Retired|
Private Mortgage & Title Insurance Underwriters|2026-10-01|Nascent|ACT,NMIH,ESNT,MTG,RDN,FNF
Product Tanker Shipping|2026-10-01|Nascent|STNG,TRMD,TNK,HAFN
Pure-Play NAND/DRAM Memory Chip Makers|2026-10-01|Retired|
Regulated Electric & Gas Multi-Utilities Defensive Rotation|2026-10-01|Nascent|XEL,EXC,CMS,PEG,DTE
Regulated Electric Utilities Defensive Rotation|2026-10-01|Nascent|OGE,PNW,EVRG,AEP,IDA,WEC,ETR,AEE,DUK,SO,LNT,CNP
Renewable & Specialty Fuels Chemical Producers|2026-10-01|Fading|MEOH,CLMT
Restaurant Chain Recovery|2026-10-01|Mainstream|DRI,CBRL,BJRI,CAKE,EAT
Semiconductor Design, Test & Assembly Enablement Tools|2026-10-01|Nascent|KEYS,KLIC,CDNS,SNPS
Semiconductor Equipment & Materials Velocity Surge|2026-10-01|Mainstream|AXTI,UCTT,ONTO,ENTG,AEIS
Semiconductor Foundry & Advanced Packaging Manufacturing|2026-10-01|Mainstream|ASX,TSEM,TSM,UMC,INTC
Semiconductor Photomask & Ultra-Low-Power Chip Enablers|2026-10-01|Nascent|PLAB,AMBQ,SYNA
Semiconductor Process Control, Foundry & Specialty Optics/Materials Breakout|2026-10-01|Nascent|GFS,LPTH,ROG,NVMI
Semiconductor Test, Yield & Assembly Supply Chain|2026-10-01|Mainstream|TER,FORM,PDFS,AEHR,CAMT,COHU
Skilled Nursing & Senior Housing Healthcare REITs|2026-10-01|Fading|JAN,WELL,OHI,LTC
Small Modular Reactor & Advanced Nuclear Fission Technology|2026-10-01|Fading|NNE,LEU
Software Development & DevOps Collaboration Platforms|2026-10-01|Mainstream|TEAM,FROG,GTLB
Space Economy: Satellite Communications & Launch Services|2026-10-01|Mainstream|RKLB,SPCX,BKSY,MDA,RDW,FLY,LUNR,IRDM,DCO
Specialty Biopharma Clinical & Commercial Breakouts (Retinal, Pulmonary, Dermatology)|2026-10-01|Nascent|KOD,UTHR,MANE
Specialty P&C Insurance Underwriters Rotation Reversal|2026-10-01|Mainstream|WRB,AFG,THG,HCI,TRV,PGR,RNR,PLMR,ACGL,SPNT,EG,CB,SLDE,SKWD
Specialty Retail Short-Squeeze Momentum Basket|2026-10-01|Mainstream|SIG,GME
Trucking & Freight Carrier Rebound|2026-10-01|Retired|
Upstream Oil & Gas E&P Producers (Shale and Canadian Oil Sands)|2026-10-01|Nascent|MUR,OXY,CNQ,NOG,OVV,CHRD,MTDR,FANG,VNOM,MGY
Uranium Mining & Extraction|2026-10-01|Retired|
U.S. Apparel & Fashion Recovery|2026-10-01|Mainstream|VSXY,DDS,CROX,RL,SHOO,M,GAP,WWW,ANF,KSS,AEO,URBN,ROST
U.S. Domestic Passenger Airlines|2026-10-01|Nascent|UAL,AAL,LUV,DAL
U.S. Trucking & Freight Transportation Carriers|2026-10-01|Fading|LSTR,SNDR,WERN,ARCB,KNX,SAIA,TFII
Vaccine & Antiviral Therapeutics Rebound|2026-10-01|Mainstream|MRNA,GILD,NVAX,VIR
Vertical Industry Infrastructure & Insurance Software|2026-10-01|Nascent|BSY,GWRE,NAVN
Wealth Management & Retail Brokerage Platforms|2026-10-01|Mainstream|SCHW,WT,AMP,OPY,VCTR,SEIC,HOOD,AMG,BEN,XP,AAMI,IVZ
Aerospace Engine, Airframe Components & Defense Subsystem Suppliers|2026-10-02|Nascent|DCO,MRCY,DPC,HONA,YSS,AADX,ATI
AI Data Center High-Speed Interconnect & Signal Integrity Chipmakers|2026-10-02|Mainstream|GLW,LITE,COHR,BDC,APH,ALAB,CRDO
AI Data Services & GPU Cloud Platforms|2026-10-02|Nascent|INOD,SHAZ,NBIS
AI-Driven Diagnostics & Imaging Re-Rating|2026-10-02|Mainstream|PSNL,LH,HTFL,RDNT,TEM,DGX,ADPT,CDNA,CAI
AI-Driven Memory & Storage Supply Shortage|2026-10-02|Mainstream|MRVL,SKHY,AMD,TSM,SMTC,NVDA,MU
AI-Powered Enterprise Analytics & Intelligent Workflow SaaS|2026-10-02|Mainstream|INTA,AI,PEGA,PLTR,PRGS,APPN,SAP,WK,CRM,AVPT,NOW,MSFT,DOCU,PATH,ASAN,PD
AI Server Power & Signal-Integrity Analog ICs|2026-10-02|Accelerating|RMBS,MPWR,ADI,TXN
Analog, Mixed-Signal & Power Semiconductor Cyclical Recovery|2026-10-02|Nascent|MXL,DIOD,WOLF,MCHP,STM
Annuity-Focused Insurers|2026-10-02|Mainstream|JXN,EQH,CNO,CRBG
Appalachian Natural Gas Producers|2026-10-02|Nascent|RRC,AR,CRK,GPOR,EQT,EXE,CNX
Autonomous Vehicle & ADAS Technology Enablers|2026-10-02|Mainstream|BB,AMBA,OUST
Auto & Truck Dealership Retail Chains|2026-10-02|Fading|LAD,ABG
Bank Stocks: Rising-Rate NIM Expansion|2026-10-02|Fading|FCF,MFG,NBN,SMFG,FSUN,HOPE,TRMK,HOMB,FITB,CBSH,BUSE,PFBC,HSBC,DCOM,FBNC,HWC,CVBF,NWG,C,NBTB,ESQ,SAN,CHCO,SFNC,LYG,CBC,BBVA,CLBK,STBA,AMAL,MUFG,FBP,HIFS,JPM,QCRH,FIBK,NWBI,WFC,UBSI,OSBC,WABC,RBCAA,DB,NIC,ING,CATY,OFG
Bitcoin Balance Sheet Proxies|2026-10-02|Mainstream|BLSH,MSTR
Bitcoin Holding & Trading Proxy Equities|2026-10-02|Mainstream|GLXY,COIN,ASST
Bitcoin Miners Pivoting to AI/HPC Data Center Hosting|2026-10-02|Fading|HUT,CIFR
Bitcoin Mining Stocks Rotation Reversal|2026-10-02|Fading|IOND,MARA,ABTC
Bitcoin Treasury & Crypto Proxy Equities Correlation Basket|2026-10-02|Mainstream|SBET,BMNR,PURR
Brazilian Fintech & Digital Payments|2026-10-02|Retired|
Business Development Companies & Private Credit Lenders|2026-10-02|Mainstream|TRIN,HTGC,FSK,BXSL,ARCC,MAIN,OBDC
Canadian Big Banks|2026-10-02|Mainstream|BNS,RY,BMO,CM,TD
Cardiac & Bioelectric Ablation Device Innovators|2026-10-02|Mainstream|ATRC,PLSE
Class I Railroad Freight Carriers|2026-10-02|Fading|NSC,CNI,CSX,UNP
Cloud Application Delivery & Observability Infrastructure|2026-10-02|Mainstream|DT,FSLY,AKAM,DDOG,ATEN
Cloud Application Software Rotation (Oversold Turning Up)|2026-10-02|Fading|APPF,PCOR,DUOL
Cloud Contact Center & CCaaS Communication Platforms|2026-10-02|Mainstream|FIVN,TWLO,RNG,NICE
Cloud Data Storage & Analytics Infrastructure|2026-10-02|Mainstream|MDB,SNOW,ESTC
Cloud Supply Chain & Warehouse Management Software|2026-10-02|Mainstream|DSGX,SPSC,MANH
Coal Mining Producers|2026-10-02|Fading|BTU,HCC
Commercial, Office & Home Furniture Retailers and Manufacturers|2026-10-02|Mainstream|ARHS,W,MHK,HNI,WSM,MLKN
Consumer PC & Gaming Hardware Refresh Cycle|2026-10-02|Fading|HPQ,LOGI
Copper Mining & Production|2026-10-02|Mainstream|SCCO,IE,HBM,TECK,ERO,FCX
Corporate Spend, Expense Management & Financial Operations Software|2026-10-02|Fading|WEX,CPAY,BILL
Cross-Industry Test, Measurement & Design-Verification Tools|2026-10-02|Nascent|CDNS,VIAV,KEYS,AME,RAL
Crude & Product Tanker Shipping|2026-10-02|Mainstream|DHT,ECO,TEN,ASC,INSW,CMBT,FRO,NAT
Cruise & Expedition Travel Operators|2026-10-02|Fading|LIND,CCL
Customer Engagement & Marketing/CX SaaS Platforms|2026-10-02|Accelerating|FRSH,AMPL,BRZE
Data Backup & Cyber Resiliency Software|2026-10-02|Mainstream|BLZE,CVLT,RBRK
Data Storage & Data Management Software/Hardware Leaders|2026-10-02|Nascent|QMCO,P
Defense Intelligence & Cybersecurity IT Contractors|2026-10-02|Fading|EFOR,ICFI,CACI,SAIC,LDOS,VVX
Defense & Space Systems Satellite Solutions|2026-10-02|Nascent|YSS,AADX,MRCY
Defensive Consumer Rotation & Trade-Down|2026-10-02|Nascent|UNFI,KR,WMK,BJ,DG,GO,TBBB,OLLI,TGT
Diabetes Management Devices (CGM, Insulin Pumps & Delivery)|2026-10-02|Mainstream|MMED,BBNX,DXCM
Digital Advertising & Ad-Tech Monetization Platforms|2026-10-02|Mainstream|ZD,PUBM,MGNI,DV
Digital Dollar & Crypto Payments Infrastructure|2026-10-02|Fading|USDE,PYPL
Direct-to-Consumer Health & Wellness Subscription Brands|2026-10-02|Mainstream|WRBY,HIMS
Discrete, Passive & Low-Power Programmable Semiconductor Components Recovery|2026-10-02|Nascent|LSCC,VSH,MRAM,VPG,LFUS
Diversified Property & Casualty Insurance Carriers|2026-10-02|Fading|L,CINF,MKL
Electronics Manufacturing Services (EMS) Providers|2026-10-02|Mainstream|PLXS,CLS,SANM,BHE
Emerging AI Compute & Cloud Infrastructure Platforms|2026-10-02|Mainstream|PENG,CRWV,DOCN,NBIS
Emerging Medical Device Innovators Breakout|2026-10-02|Mainstream|INSP,ITGR,ATEC
Emerging Quantum Computing Rally|2026-10-02|Fading|RGTI,INFQ,QUBT,IONQ
Energy Infrastructure & Services Complex|2026-10-02|Mainstream|VAL,HLX,WKC,SDRL,FET,WES
Energy Supply Disruption: Middle East Geopolitical Risk|2026-10-02|Mainstream|COP,REPX,SM,APA,CRGY,TALO,DEC,PR,DVN,WDS,EOG
Enterprise HR & Workforce Management SaaS|2026-10-02|Fading|PCTY,ADP,WDAY,ALIT
Enterprise Server, Storage & Data Infrastructure Hardware|2026-10-02|Mainstream|NTNX,SMCI,ANET,CSCO,NTAP,STX,DELL,HPE
Enterprise Unstructured Data Storage Infrastructure|2026-10-02|Mainstream|DBX,QMCO,BOX
Fabless Semiconductor IP Licensing|2026-10-02|Mainstream|CEVA,ARM,RMBS
Financial Data & Advisory/Capital Markets Platforms|2026-10-02|Nascent|FDS,PWP,PS
Fintech & Digital Finance Sector Re-rating on Fed Easing|2026-10-02|Fading|PYPL,MQ,NCNO,DLO,AFRM,SSNC,BR,JKHY,CHYM,XP,BFH,PGY,XYZ,QTWO,KSPI,ITUB,ACIW
Fintech Payments, Prepaid & Consumer Digital Banking Apps|2026-10-02|Nascent|PAYS,DAVE,RELY
For-Profit Postsecondary & Vocational Education|2026-10-02|Accelerating|CVSA,LAUR,STRA,LOPE
Front-End Semiconductor Fabrication Equipment Makers|2026-10-02|Mainstream|KLAC,ASML,ACMR,ACLS,VECO,AMAT,LRCX
Genetic Medicine: Gene Editing & Gene Therapy Innovators|2026-10-02|Fading|MGTX,SRPT,FDMT
Genomics & DNA Sequencing Tools|2026-10-02|Mainstream|TXG,WGS,TWST,ILMN,NTRA,GRAL,QGEN,BRKR,GH,BLLN
Global Agriculture Value Chain Recovery|2026-10-02|Mainstream|CNH,DE,AGCO
Global IT Services Outsourcing & Digital Transformation Consulting|2026-10-02|Fading|G,GIB,GLOB,INFY
Global Oil & Gas Producers and Refiners|2026-10-02|Mainstream|SU,EC,EQNR,CVX,CVE,PARR,MPC,PSX,XOM,BP,SHEL,PBF,DINO,TTE,VLO,E,PBR,CVI,DK
Global Steel & Metal Producers Recovery|2026-10-02|Fading|NUE,TX
Gold & Silver Miners Uncovered Mid-Tier and Junior Producers|2026-10-02|Retired|
HBM & AI-Driven Memory Chip Makers|2026-10-02|Mainstream|SKHY,SNDK,MU
Homebuilders & Residential Construction Supply Chain|2026-10-02|Fading|MHO,DHI,NVR,TOL,PHM,MTH,BCC,SKY,CVCO
Home Improvement Retail & Building Products|2026-10-02|Retired|
Hospital & Behavioral Health Facility Procedure Volume Recovery|2026-10-02|Mainstream|THC,EHC,UHS,MD,HCA
Identity & Access Management Security Software|2026-10-02|Mainstream|RDVT,MITK,OKTA
Industrial Construction Execution & On-Site Supply Chain|2026-10-02|Fading|FLR,ACA,TPC,J,TTEK,AGX,KBR,DNOW
Inflammatory Disease & Immunology Biologics|2026-10-02|Fading|AUPH,VRDN,NRIX,SYRE,TRAX,ORKA
Insurance Brokerage & Risk Advisory Firms|2026-10-02|Fading|MRSH,WTW,AJG,BRO
IT Consulting & Business Process Outsourcing Services|2026-10-02|Nascent|ACN,CTSH,EPAM,EXLS,DXC
Laser & RF/Photonic Component Suppliers for AI and Optical Build-Out|2026-10-02|Nascent|IPGP,MTSI,AXTI
Legacy Telecom & Pay-TV/Broadcasting Distribution Rebound|2026-10-02|Fading|NMAX,TDS,ECHO
Legal, Tax & Professional Information Analytics|2026-10-02|Fading|TRI,RELX
Life Insurance & Annuity Providers|2026-10-02|Nascent|LNC,VOYA,PRU,SLF,RGA,PFG,MET,UNM,MFC
Life Sciences & Healthcare Data/CRM Platforms|2026-10-02|Mainstream|DOCS,TEM,VEEV
Life Science Tools & Analytical Instruments|2026-10-02|Mainstream|MEDP,AZTA,BIO,AVTR,IQV,RGEN,FTRE,DHR,TMO,A,RVTY,WAT,ICLR,CRL,MTD,MLAB
Liquid Biopsy & Molecular Cancer Diagnostics Testing|2026-10-02|Mainstream|NTRA,GRAL,CDNA
Live Music & Concert Promotion|2026-10-02|Fading|LLYVK,MSGE,LYV
Lodging & Hotel REITs|2026-10-02|Mainstream|DRH,SHO,PEB,PK,RHP,RLJ,APLE
Low-Cost & Regional Passenger Airline Rebound|2026-10-02|Mainstream|LUV,ULCC,SKYW
Marketing & Customer Data SaaS Rotation|2026-10-02|Fading|HUBS,KVYO,TTAN
Marketing & Digital Presence SaaS Platforms|2026-10-02|Fading|WIX,ZETA,SPT,GDDY
Media Streaming & Entertainment Content Turnaround|2026-10-02|Fading|PSKY,DIS,WBD
Medical Device Mean-Reversion & Rotation Recovery|2026-10-02|Fading|RMD,TMDX,HAE,GKOS,GEHC,ATRC,EW,ABT,BAX,BDX,INSP,ICUI,MDT,ISRG,LIVN
Mid-Tier Gold Producers & Developers Breakout|2026-10-02|Nascent|BTG,AGI,NG,MUX,SBSW
Mobile SoC & Wireless Connectivity Semiconductors|2026-10-02|Nascent|QRVO,SWKS,QCOM
mRNA Vaccine & Personalized Cancer Therapy Platforms|2026-10-02|Fading|MRNA,MRK,BNTX,ARCT
Network Security & Zero-Trust Edge|2026-10-02|Mainstream|S,SAIL,OKTA,ZS,CHKP,NET,QLYS,FFIV,RPD,NTSK,VRNS,CRWD,PANW,TENB,FTNT
Non-Alcoholic Beverages & Energy Drinks|2026-10-02|Nascent|KDP,KO,KOF,CCEP,COKE
Offshore Drilling Rig Contractors|2026-10-02|Retired|
Oil & Gas E&P Crude-Weighted Producers Momentum|2026-10-02|Nascent|MUR,NOG,CNQ,IMO,CHRD,OVV,OXY,MTDR,FANG,VNOM,MGY
Oil & Gas Exploration & Production Crude Price Leverage (Shale & Canadian Upstream)|2026-10-02|Retired|
On-Site Power Generation & Distribution Equipment for Data Centers|2026-10-02|Mainstream|BE,ETN,PSIX,EROC,VICR,SEI,GEV,GNRC,FPS
Optical Laser & Photonic Materials for AI Transceivers|2026-10-02|Nascent|LITE,COHR,AXTI,AAOI,FN
Optical Networking & Optical Component Manufacturing|2026-10-02|Fading|CIEN,FN,AAOI
Orthopedic Surgical Devices & Instruments|2026-10-02|Fading|SIBN,CNMD,ZBH
Peptide & Hormone Therapies for Metabolic & Endocrine Disorders|2026-10-02|Fading|PTGX,MBX,CORT
Post-Acute & Home-Based Healthcare Services|2026-10-02|Mainstream|NHC,OPCH,ADUS,GRDN,PACS,PNTG,CHE,BTSG
Power Semiconductors (GaN, SiC & Discrete Power ICs)|2026-10-02|Nascent|ON,NVTS,AOSL
Precious Metals Complex Rebound|2026-10-02|Retired|
Precious Metals Miners Velocity Breakout|2026-10-02|Mainstream|FSM,AYA,WPM
Precious Metals Rebound on Easier Fed Outlook|2026-10-02|Mainstream|BVN,HMY,FSM,AEM,AAUC,B,OGC,ARIS,SSRM,AU,EQX,CGAU,EGO,SKE,NEM,IAG,AUGO,EXK,PAAS,ASM,HYMC
Precious Metals Royalty & Streaming Companies|2026-10-02|Nascent|TFPM,FNV,WPM,OR,RGLD
Precision Timing & Motion Control Component Makers|2026-10-02|Mainstream|ALNT,FEIM,SITM
Primary Silver Miners|2026-10-02|Fading|AG,HL,CDE
Private Mortgage & Title Insurance Underwriters|2026-10-02|Fading|ACT,RDN,ITIC
Product Tanker Shipping|2026-10-02|Mainstream|HAFN,TRMD,STNG,TNK
Regulated Electric & Gas Multi-Utilities Defensive Rotation|2026-10-02|Retired|
Regulated Electric Utilities Defensive Rotation|2026-10-02|Fading|OGE,PNW,EVRG,AEP,IDA,WEC,ETR,AEE,DUK,SO,LNT,CNP,TXNM
Renewable & Specialty Fuels Chemical Producers|2026-10-02|Fading|MEOH,CLMT
Restaurant Chain Recovery|2026-10-02|Mainstream|EAT,CBRL,DRI,BJRI,CAKE
Semiconductor Design, Test & Assembly Enablement Tools|2026-10-02|Mainstream|CDNS,SNPS,KEYS,KLIC
Semiconductor Equipment & Materials Velocity Surge|2026-10-02|Nascent|UCTT,ONTO,ENTG,AEIS,AXTI
Semiconductor Foundry & Advanced Packaging Manufacturing|2026-10-02|Mainstream|UMC,TSEM,TSM,INTC,ASX,AMKR
Semiconductor Photomask & Ultra-Low-Power Chip Enablers|2026-10-02|Nascent|PLAB,AMBQ,SYNA
Semiconductor Process Control, Foundry & Specialty Optics/Materials Breakout|2026-10-02|Nascent|ROG,LPTH,GFS,NVMI
Semiconductor Test, Yield & Assembly Supply Chain|2026-10-02|Mainstream|CAMT,TER,FORM,COHU,AEHR,PDFS
Silver Producers & Streaming Momentum (SVM, AGI, MUX)|2026-10-02|Nascent|SVM,AGI,MUX
Skilled Nursing & Senior Housing Healthcare REITs|2026-10-02|Mainstream|JAN,LTC,WELL,OHI
Small Modular Reactor & Advanced Nuclear Fission Technology|2026-10-02|Nascent|OKLO,NNE,SMR,LEU
Software Development & DevOps Collaboration Platforms|2026-10-02|Mainstream|TEAM,FROG,GTLB
Space Economy: Satellite Communications & Launch Services|2026-10-02|Mainstream|BKSY,RDW,IRDM,SPCX,MDA,LUNR,RKLB,FLY
Specialty Biopharma Clinical & Commercial Breakouts (Retinal, Pulmonary, Dermatology)|2026-10-02|Nascent|KOD,MANE,UTHR
Specialty P&C Insurance Underwriters Rotation Reversal|2026-10-02|Nascent|SLDE,HCI,ACGL,RNR,THG,WRB,SPNT,AFG,TRV,PGR,PLMR,CB,SKWD,EG
Specialty Retail Short-Squeeze Momentum Basket|2026-10-02|Mainstream|GME,SIG
Upstream Oil & Gas E&P Producers (Shale and Canadian Oil Sands)|2026-10-02|Retired|
U.S. Apparel & Fashion Recovery|2026-10-02|Mainstream|URBN,AEO,GAP,SHOO,ROST,M,RL,DDS,VSXY,CROX,WWW,KSS,ANF
U.S. Domestic Passenger Airlines|2026-10-02|Nascent|LUV,UAL,AAL,DAL
US Regional Bank Laggards Rate-Curve Basket|2026-10-02|Nascent|USB,ZION,CFG,MTB,TFC,PNC,KEY,HBAN,RF
U.S. Trucking & Freight Transportation Carriers|2026-10-02|Fading|LSTR,SNDR,WERN,ARCB,KNX,SAIA,RXO
Vaccine & Antiviral Therapeutics Rebound|2026-10-02|Retired|
Vertical Industry Infrastructure & Insurance Software|2026-10-02|Fading|BSY,GWRE
Wealth Management & Retail Brokerage Platforms|2026-10-02|Mainstream|AAMI,WT,HOOD,SEIC,IVZ,VCTR,SCHW,XP,AMG,OPY,BEN,AMP
Aerospace Engine, Airframe Components & Defense Subsystem Suppliers|2026-10-05|Nascent|MRCY,ATI,DCO,DPC,AADX,PH,ARXS
AI Data Center High-Speed Interconnect & Signal Integrity Chipmakers|2026-10-05|Mainstream|ALAB,BDC,LITE,COHR,CRDO,GLW,APH
AI Data Services & GPU Cloud Platforms|2026-10-05|Retired|
AI-Driven Diagnostics & Imaging Re-Rating|2026-10-05|Mainstream|TEM,HTFL,RDNT,PSNL,ADPT,CAI,DGX,CDNA,LH
AI-Driven Memory & Storage Supply Shortage|2026-10-05|Nascent|SKHY,NVDA,MU,MRVL,TSM,AMD
AI-Powered Enterprise Analytics & Intelligent Workflow SaaS|2026-10-05|Mainstream|AI,PEGA,APPN,PD,AVPT,DOCU,PLTR,WK,PATH,ASAN,INTA,NOW,SAP,MSFT,CRM
AI Server Power & Signal-Integrity Analog ICs|2026-10-05|Mainstream|RMBS,MPWR,ADI,TXN
Analog, Mixed-Signal & Power Semiconductor Cyclical Recovery|2026-10-05|Nascent|MXL,STM,MCHP,WOLF
Annuity-Focused Insurers|2026-10-05|Mainstream|CRBG,CNO,EQH,JXN
Appalachian Natural Gas Producers|2026-10-05|Retired|
Autonomous Vehicle & ADAS Technology Enablers|2026-10-05|Mainstream|BB,AMBA,OUST
Auto & Truck Dealership Retail Chains|2026-10-05|Retired|
Bank Stocks: Rising-Rate NIM Expansion|2026-10-05|Fading|TRMK,FBP,CLBK,FSUN,SFNC,CVBF,BBVA,NWBI,JPM,C,FITB,OSBC,PFBC,STBA,CBC,HOMB,AMAL,CHCO,NBTB,UBSI,FBNC,ESQ,SAN,CATY,QCRH,FIBK,ING,HIFS,WABC,MUFG,NBN,WFC,FCF,RBCAA,SMFG,OFG,DCOM,NWG,NIC,DB,MFG,BUSE,HOPE,HWC,CBSH
Bitcoin Balance Sheet Proxies|2026-10-05|Retired|
Bitcoin Holding & Trading Proxy Equities|2026-10-05|Mainstream|COIN,GLXY,ASST
Bitcoin Miners Pivoting to AI/HPC Data Center Hosting|2026-10-05|Retired|
Bitcoin Mining Stocks Rotation Reversal|2026-10-05|Fading|IOND,MARA,ABTC
Bitcoin Treasury & Crypto Proxy Equities Correlation Basket|2026-10-05|Mainstream|PURR,BMNR,SBET,MSTR
Brazil election relief rally|2026-10-05|Nascent|PBR,ITUB,NU
Business Development Companies & Private Credit Lenders|2026-10-05|Fading|MAIN,BXSL,TRIN,FSK,ARCC,HTGC
Canadian Big Banks|2026-10-05|Fading|BMO,RY,TD,BNS,CM
Cardiac & Bioelectric Ablation Device Innovators|2026-10-05|Fading|ATRC,PLSE
Class I Railroad Freight Carriers|2026-10-05|Fading|UNP,CNI,CSX,NSC
Cloud Application Delivery & Observability Infrastructure|2026-10-05|Mainstream|DDOG,AKAM,FSLY,DT,ATEN
Cloud Application Software Rotation (Oversold Turning Up)|2026-10-05|Fading|APPF,PCOR,DUOL
Cloud Contact Center & CCaaS Communication Platforms|2026-10-05|Mainstream|RNG,NICE,FIVN,TWLO
Cloud Data Storage & Analytics Infrastructure|2026-10-05|Mainstream|MDB,SNOW,ESTC
Cloud Supply Chain & Warehouse Management Software|2026-10-05|Mainstream|DSGX,SPSC,MANH
Coal Mining Producers|2026-10-05|Nascent|CNR,HCC,BTU,AMR
Commercial, Office & Home Furniture Retailers and Manufacturers|2026-10-05|Mainstream|WSM,HNI,ARHS,MLKN,W
Consumer PC & Gaming Hardware Refresh Cycle|2026-10-05|Retired|
Copper Mining & Production|2026-10-05|Mainstream|IE,TECK,HBM,SCCO,ERO,FCX
Corporate Spend, Expense Management & Financial Operations Software|2026-10-05|Retired|
Cross-Industry Test, Measurement & Design-Verification Tools|2026-10-05|Mainstream|AME,RAL,VIAV,CDNS,KEYS
Crude & Product Tanker Shipping|2026-10-05|Mainstream|FRO,DHT,ECO,ASC,TEN,NAT,INSW
Cruise & Expedition Travel Operators|2026-10-05|Retired|
Cruise Lines & Leisure Travel Rebound|2026-10-05|Nascent|CCL,MAT,ASO
Crypto Exchange & Stablecoin Infrastructure Equities|2026-10-05|Nascent|COIN,BLSH,CRCL
Customer Engagement & Marketing/CX SaaS Platforms|2026-10-05|Accelerating|BRZE,FRSH,AMPL
Data Storage & Data Management Software/Hardware Leaders|2026-10-05|Retired|
Defense Intelligence & Cybersecurity IT Contractors|2026-10-05|Fading|CACI,SAIC,LDOS
Defense & Space Systems Satellite Solutions|2026-10-05|Retired|
Defensive Consumer Rotation & Trade-Down|2026-10-05|Mainstream|GO,KR,DG,TGT,WMK,OLLI,TBBB,UNFI,BJ
Diabetes Management Devices (CGM, Insulin Pumps & Delivery)|2026-10-05|Fading|DXCM,BBNX,MMED
Digital Advertising & Ad-Tech Monetization Platforms|2026-10-05|Mainstream|DV,MGNI
Digital Dollar & Crypto Payments Infrastructure|2026-10-05|Fading|PYPL,USDE
Direct-to-Consumer Health & Wellness Subscription Brands|2026-10-05|Retired|
Discrete, Passive & Low-Power Programmable Semiconductor Components Recovery|2026-10-05|Nascent|VSH,LFUS,MRAM,LSCC
Diversified Property & Casualty Insurance Carriers|2026-10-05|Retired|
Electronics Manufacturing Services (EMS) Providers|2026-10-05|Mainstream|BHE,SANM,CLS,PLXS
Emerging AI Compute & Cloud Infrastructure Platforms|2026-10-05|Mainstream|NBIS,DOCN,PENG,CRWV
Emerging Medical Device Innovators Breakout|2026-10-05|Mainstream|INSP,ATEC,ITGR
Emerging Quantum Computing Rally|2026-10-05|Fading|RGTI,INFQ,QUBT,IONQ
Energy Infrastructure & Services Complex|2026-10-05|Mainstream|WKC,VAL,FET,WES,HLX,SDRL
Energy Supply Disruption: Middle East Geopolitical Risk|2026-10-05|Fading|SM,REPX,PR,TALO,DVN,EOG,APA,CRGY,COP
Enterprise Data Backup & Cyber Resilience Software|2026-10-05|Mainstream|RBRK,CVLT,BLZE
Enterprise HR & Workforce Management SaaS|2026-10-05|Fading|PCTY,WDAY,ALIT,ADP
Enterprise Server, Storage & Data Infrastructure Hardware|2026-10-05|Mainstream|STX,CSCO,DELL,SMCI,NTNX,ANET,NTAP,HPE
Enterprise Unstructured Data Storage Infrastructure|2026-10-05|Mainstream|BOX,QMCO,DBX
Fabless Semiconductor IP Licensing|2026-10-05|Mainstream|RMBS,ARM,CEVA
Financial Data & Advisory/Capital Markets Platforms|2026-10-05|Retired|
Fintech & Digital Finance Sector Re-rating on Fed Easing|2026-10-05|Mainstream|MQ,XP,AFRM,BFH,QTWO,PYPL,XYZ,NCNO,DLO,JKHY,ACIW,BR,KSPI,CHYM,PAGS,STNE,MA,INTR
Fintech Payments, Prepaid & Consumer Digital Banking Apps|2026-10-05|Nascent|DAVE,PAYS,RELY
For-Profit Postsecondary & Vocational Education|2026-10-05|Accelerating|CVSA,LOPE,STRA,LAUR
Front-End Semiconductor Fabrication Equipment Makers|2026-10-05|Mainstream|AMAT,ASML,ACLS,ACMR,VECO,KLAC,LRCX
Genetic Medicine: Gene Editing & Gene Therapy Innovators|2026-10-05|Fading|MGTX,SRPT,FDMT,CRSP
Genomics & DNA Sequencing Tools|2026-10-05|Mainstream|QGEN,TWST,BLLN,ILMN,NTRA,TXG,GRAL,BRKR,GH,WGS
Global Agriculture Value Chain Recovery|2026-10-05|Fading|CNH,AGCO,DE
Global IT Services Outsourcing & Digital Transformation Consulting|2026-10-05|Retired|
Global Oil & Gas Producers and Refiners|2026-10-05|Mainstream|PSX,SU,CVX,PBR,E,EQNR,SHEL,VLO,DK,CVE,PARR,TTE,BP,DINO,EC,MPC,PBF,XOM,CVI
Global Steel & Metal Producers Recovery|2026-10-05|Retired|
HBM & AI-Driven Memory Chip Makers|2026-10-05|Nascent|SNDK,SKHY,MU
Homebuilders & Residential Construction Supply Chain|2026-10-05|Fading|DHI,MHO,NVR,TOL,MTH,PHM,SKY,BCC,CVCO,BXC
Home Improvement Retail & Building Products|2026-10-05|Nascent|MAS,FND,HD,LOW
Hospital & Behavioral Health Facility Procedure Volume Recovery|2026-10-05|Fading|EHC,HCA,UHS,THC
Identity & Access Management Security Software|2026-10-05|Retired|
Industrial Construction Execution & On-Site Supply Chain|2026-10-05|Mainstream|J,KBR,TTEK,DNOW,AGX,TPC,FLR,PWR
Inflammatory Disease & Immunology Biologics|2026-10-05|Fading|TRAX,ORKA,AUPH,VRDN,SYRE,NRIX
Insurance Brokerage & Risk Advisory Firms|2026-10-05|Fading|MRSH,WTW,AJG
IT Consulting & Business Process Outsourcing Services|2026-10-05|Nascent|ACN,EXLS,DXC,EPAM,CTSH,GIB,G
Laser & RF/Photonic Component Suppliers for AI and Optical Build-Out|2026-10-05|Nascent|IPGP,MTSI
Latin America Telecom & Pay-TV Services|2026-10-05|Nascent|VIV,TIGO,ECHO
Legacy Telecom & Pay-TV/Broadcasting Distribution Rebound|2026-10-05|Retired|
Legal, Tax & Professional Information Analytics|2026-10-05|Retired|
Life Insurance & Annuity Providers|2026-10-05|Fading|VOYA,RGA,UNM,PRU,MET,MFC,SLF,LNC,PFG
Life Sciences & Healthcare Data/CRM Platforms|2026-10-05|Mainstream|TEM,DOCS,VEEV
Life Science Tools & Analytical Instruments|2026-10-05|Nascent|ICLR,TMO,IQV,CRL,A,MTD,WAT,RGEN,MEDP,DHR,RVTY,AVTR,BIO,AZTA,MLAB
Liquid Biopsy & Molecular Cancer Diagnostics Testing|2026-10-05|Mainstream|GRAL,CDNA,NTRA
Live Music & Concert Promotion|2026-10-05|Mainstream|LLYVK,LYV,MSGE
Lodging & Hotel REITs|2026-10-05|Mainstream|RLJ,PK,SHO,DRH,APLE,RHP,PEB
Low-Cost & Regional Passenger Airline Rebound|2026-10-05|Mainstream|ULCC,LUV,SKYW
Management & Business Process Consulting Services|2026-10-05|Nascent|HURN,EXLS,ACN,DOX,PEGA
Marketing & Customer Data SaaS Rotation|2026-10-05|Retired|
Marketing & Digital Presence SaaS Platforms|2026-10-05|Mainstream|GDDY,ZETA,WIX,SPT
Media Streaming & Entertainment Content Turnaround|2026-10-05|Retired|
Medical Device Mean-Reversion & Rotation Recovery|2026-10-05|Mainstream|TMDX,INSP,EW,ISRG,MDT,HAE,GKOS,BAX,ABT,ICUI,LIVN,GEHC,BDX,ATRC,RMD
Mid-Tier Gold Producers & Developers Breakout|2026-10-05|Retired|
Mobile SoC & Wireless Connectivity Semiconductors|2026-10-05|Fading|QRVO,SWKS,QCOM
Mortgage REITs (Agency & Residential MBS)|2026-10-05|Nascent|AGNC,NLY,ORC
mRNA Vaccine & Personalized Cancer Therapy Platforms|2026-10-05|Mainstream|ARCT,MRK,BNTX,MRNA
Network Security & Zero-Trust Edge|2026-10-05|Mainstream|CRWD,FFIV,RPD,ZS,VRNS,QLYS,NET,CHKP,OKTA,S,FTNT,TENB,NTSK,PANW
Non-Alcoholic Beverages & Energy Drinks|2026-10-05|Fading|CCEP,KOF,KO,COKE,KDP
Offshore IT Services & Digital Engineering Outsourcers|2026-10-05|Nascent|INFY,GLOB,KD,EPAM
Oilfield Services & Offshore Energy Equipment|2026-10-05|Nascent|LBRT,BKR,OII
Oil & Gas E&P Crude-Weighted Producers Momentum|2026-10-05|Retired|
On-Site Power Generation & Distribution Equipment for Data Centers|2026-10-05|Mainstream|PSIX,EROC,GEV,GNRC,ETN,VICR,FPS,BE,NVT,HUBB
Optical Laser & Photonic Materials for AI Transceivers|2026-10-05|Nascent|CIEN,LITE,FN,AXTI,COHR,AAOI
Optical Networking & Optical Component Manufacturing|2026-10-05|Retired|
Orthopedic Surgical Devices & Instruments|2026-10-05|Mainstream|SIBN,ZBH,CNMD
Peptide & Hormone Therapies for Metabolic & Endocrine Disorders|2026-10-05|Fading|MBX,CORT,PTGX
Post-Acute & Home-Based Healthcare Services|2026-10-05|Mainstream|OPCH,PNTG,ADUS,NHC,GRDN,BTSG,PACS,CHE
Power Semiconductors (GaN, SiC & Discrete Power ICs)|2026-10-05|Nascent|AOSL,NVTS,ON
Precious Metals Miners—Gold Rally & Fed Easing|2026-10-05|Fading|WPM,AYA,FSM,AU,NEM,CGAU,AUGO,HMY,EQX,AEM,IAG,OGC,PAAS,BVN,SSRM,AAUC,EGO,ASM,B,SKE,ARIS,OR,TFPM,RGLD,FNV,BTG,NG,MUX
Precious Metals Miners Velocity Breakout|2026-10-05|Retired|
Precious Metals Rebound on Easier Fed Outlook|2026-10-05|Retired|
Precious Metals Royalty & Streaming Companies|2026-10-05|Retired|
Precision Timing & Motion Control Component Makers|2026-10-05|Mainstream|SITM,ALNT,FEIM
Primary Silver Miners|2026-10-05|Fading|AG,HL,CDE
Private Mortgage & Title Insurance Underwriters|2026-10-05|Fading|ACT,RDN,ITIC
Product Tanker Shipping|2026-10-05|Nascent|HAFN,TRMD,TNK,STNG
Programmatic Advertising & Cloud Communications API Platforms|2026-10-05|Nascent|PUBM,BAND,SMTC
Regulated Electric Utilities Defensive Rotation|2026-10-05|Fading|SO,EVRG,WEC,ETR,LNT,AEP,IDA,DUK,TXNM,AEE,PNW,CNP,OGE
Regulated Utilities Wildfire & Rate-Case Exposure|2026-10-05|Nascent|EIX,PCG,SRE,AVA
Renewable & Specialty Fuels Chemical Producers|2026-10-05|Retired|
Restaurant Chain Recovery|2026-10-05|Mainstream|DRI,EAT,CBRL,BJRI,CAKE
Semiconductor Design, Test & Assembly Enablement Tools|2026-10-05|Mainstream|KLIC,SNPS,CDNS,KEYS
Semiconductor Equipment & Materials Velocity Surge|2026-10-05|Mainstream|ONTO,UCTT,AXTI,AEIS,ENTG
Semiconductor Foundry & Advanced Packaging Manufacturing|2026-10-05|Mainstream|UMC,ASX,INTC,TSEM,TSM,AMKR
Semiconductor Photomask & Ultra-Low-Power Chip Enablers|2026-10-05|Nascent|SYNA,PLAB,AMBQ
Semiconductor Process Control, Foundry & Specialty Optics/Materials Breakout|2026-10-05|Nascent|GFS,LPTH,ROG,NVMI
Semiconductor Process Instruments & RF/PCB Electronic Components|2026-10-05|Nascent|MKSI,TTMI,SMTC
Semiconductor Test, Yield & Assembly Supply Chain|2026-10-05|Mainstream|TER,AEHR,CAMT,PDFS,FORM,COHU
Silver Producers & Streaming Momentum (SVM, AGI, MUX)|2026-10-05|Retired|
Skilled Nursing & Senior Housing Healthcare REITs|2026-10-05|Fading|LTC,WELL,OHI
Small Modular Reactor & Advanced Nuclear Fission Technology|2026-10-05|Retired|
Software Development & DevOps Collaboration Platforms|2026-10-05|Mainstream|TEAM,FROG,GTLB
Space Economy: Satellite Communications & Launch Services|2026-10-05|Mainstream|RKLB,MDA,RDW,LUNR,FLY,SPCX,BKSY,IRDM
Specialty Biopharma Clinical & Commercial Breakouts (Retinal, Pulmonary, Dermatology)|2026-10-05|Nascent|MANE,KOD,UTHR
Specialty P&C Insurance Underwriters Rotation Reversal|2026-10-05|Fading|AFG,SLDE,THG,HCI,SPNT,CB,ACGL,PLMR,TRV,WRB,RNR,SKWD,EG,PGR
Specialty Retail Short-Squeeze Momentum Basket|2026-10-05|Retired|
Steel & Aluminum Mill Producers|2026-10-05|Nascent|NUE,STLD,KALU
U.S. Apparel & Fashion Recovery|2026-10-05|Mainstream|RL,SHOO,KSS,GAP,WWW,VSXY,URBN,ROST,ANF,M,CROX,DDS,AEO
U.S. Domestic Passenger Airlines|2026-10-05|Fading|LUV,UAL,AAL,DAL
US Regional Bank Laggards Rate-Curve Basket|2026-10-05|Retired|
U.S. Trucking & Freight Transportation Carriers|2026-10-05|Fading|LSTR,SNDR,WERN,ARCB,KNX,SAIA,RXO
Vertical Industry Infrastructure & Insurance Software|2026-10-05|Retired|
Wealth Management & Retail Brokerage Platforms|2026-10-05|Mainstream|BEN,XP,WT,SCHW,AMG,AMP,SEIC,VCTR,HOOD,AAMI,OPY,IVZ
Aerospace Engine, Airframe Components & Defense Subsystem Suppliers|2026-10-06|Nascent|DPC,ARXS,DCO,ATI,PH
AI Data Center High-Speed Interconnect & Signal Integrity Chipmakers|2026-10-06|Mainstream|ALAB,GLW,LITE,BDC,APH,CRDO,COHR
AI data-center power buildout|2026-10-06|Nascent|AGX,SNOW,ALAB,CIFR,GNRC,VICR,AKAM,VST,TLN,CEG
AI-Driven Diagnostics & Imaging Re-Rating|2026-10-06|Mainstream|LH,TEM,HTFL,RDNT,DGX,PSNL,CDNA,ADPT,CAI
AI-Driven Memory & Storage Supply Shortage|2026-10-06|Nascent|MRVL,NVDA,AMD,MU,SKHY,TSM
AI-Powered Enterprise Analytics & Intelligent Workflow SaaS|2026-10-06|Mainstream|AVPT,NOW,PLTR,ASAN,MSFT,APPN,PD,SAP,PATH,DOCU,INTA,PEGA,AI,WK,CRM
AI Server Power & Signal-Integrity Analog ICs|2026-10-06|Mainstream|TXN,RMBS,ADI,MPWR
Analog, Mixed-Signal & Power Semiconductor Cyclical Recovery|2026-10-06|Mainstream|STM,MCHP,MXL,WOLF,AOSL
Annuity-Focused Insurers|2026-10-06|Mainstream|EQH,CNO,JXN,CRBG
Appalachian Natural Gas Producers|2026-10-06|Nascent|EQT,CRK,RRC,GPOR,AR,CNX,EXE
Auto Dealership Groups|2026-10-06|Nascent|LAD,ABG,AN,SAH
Automotive Thermal & Powertrain Components Suppliers|2026-10-06|Nascent|BWA,MOD,HOG
Autonomous Vehicle & ADAS Technology Enablers|2026-10-06|Mainstream|AMBA,OUST,BB
Auto & Truck Dealership Retail Chains|2026-10-06|Nascent|LAD,ABG,AN,SAH
Bank Stocks: Rising-Rate NIM Expansion|2026-10-06|Fading|NBTB,FIBK,DCOM,MUFG,FITB,HIFS,CVBF,HOPE,SMFG,NWG,FBP,CATY,OFG,NWBI,HOMB,AMAL,QCRH,FCF,OSBC,DB,NBN,HWC,UBSI,CBSH,WABC,WFC,TRMK,JPM,PFBC,BUSE,FSUN,SFNC,CBC,ING,NIC,RBCAA,CHCO,SAN,CLBK,ESQ,C,STBA,BBVA,FBNC,MFG
Bitcoin Holding & Trading Proxy Equities|2026-10-06|Mainstream|ASST,COIN,GLXY,CRCL
Bitcoin Mining Stocks Rotation Reversal|2026-10-06|Fading|IOND,MARA,ABTC
Bitcoin Treasury & Crypto Proxy Equities Correlation Basket|2026-10-06|Mainstream|PURR,BMNR,SBET,MSTR
Branded Footwear & Apparel Brand Turnaround|2026-10-06|Nascent|VFC,ONON,BBWI
Brazil election relief rally|2026-10-06|Nascent|ITUB,NU
Brazil Fintech & Digital Banking Rally|2026-10-06|Nascent|INTR,XP,PAGS,STNE
Business Development Companies & Private Credit Lenders|2026-10-06|Fading|MAIN,ARCC,TRIN,FSK,HTGC,BXSL
Canadian Big Banks|2026-10-06|Fading|RY,BMO,CM,BNS,TD
Cardiac & Bioelectric Ablation Device Innovators|2026-10-06|Retired|
Class I Railroad Freight Carriers|2026-10-06|Accelerating|CSX,UNP,CNI,NSC
Cloud Application Delivery & Observability Infrastructure|2026-10-06|Mainstream|DT,FSLY,ATEN,DDOG,AKAM
Cloud Application Software Rotation (Oversold Turning Up)|2026-10-06|Fading|DUOL,PCOR,APPF
Cloud Contact Center & CCaaS Communication Platforms|2026-10-06|Mainstream|TWLO,RNG,FIVN,NICE
Cloud Data Storage & Analytics Infrastructure|2026-10-06|Mainstream|MDB,ESTC,SNOW
Cloud Supply Chain & Warehouse Management Software|2026-10-06|Fading|MANH,DSGX,SPSC
Coal Mining Producers|2026-10-06|Fading|HCC,BTU,AMR
Commercial, Office & Home Furniture Retailers and Manufacturers|2026-10-06|Mainstream|ARHS,HNI,MLKN,WSM,W
Copper Mining & Production|2026-10-06|Mainstream|HBM,FCX,TECK,SCCO,ERO,IE
Cross-Industry Test, Measurement & Design-Verification Tools|2026-10-06|Mainstream|VIAV,KEYS,RAL,CDNS,AME
Crude & Product Tanker Shipping|2026-10-06|Mainstream|TEN,INSW,ECO,NAT,FRO,DHT,ASC
Cruise Lines & Leisure Travel Rebound|2026-10-06|Nascent|CCL,MAT,ASO,LIND,HAS
Crypto Exchange & Stablecoin Infrastructure Equities|2026-10-06|Retired|
Customer Engagement & Marketing/CX SaaS Platforms|2026-10-06|Accelerating|BRZE,AMPL,FRSH
Data Backup & Cyber Resiliency Software|2026-10-06|Mainstream|RBRK,BLZE,CVLT
Defense Intelligence & Cybersecurity IT Contractors|2026-10-06|Fading|CACI,SAIC
Defensive Consumer Rotation & Trade-Down|2026-10-06|Mainstream|TBBB,WMK,OLLI,DG,TGT,KR,BJ,GO,UNFI,COST
Diabetes Management Devices (CGM, Insulin Pumps & Delivery)|2026-10-06|Fading|MMED,BBNX,DXCM
Digital Advertising & Ad-Tech Monetization Platforms|2026-10-06|Mainstream|DV,MGNI
Digital Dollar & Crypto Payments Infrastructure|2026-10-06|Mainstream|USDE,PYPL
Discrete, Passive & Low-Power Programmable Semiconductor Components Recovery|2026-10-06|Nascent|MRAM,LSCC,VSH,LFUS
Electronics Manufacturing Services (EMS) Providers|2026-10-06|Mainstream|PLXS,CLS,SANM,BHE
Emerging AI Compute & Cloud Infrastructure Platforms|2026-10-06|Mainstream|PENG,DOCN,CRWV,NBIS
Emerging Medical Device Innovators Breakout|2026-10-06|Mainstream|INSP,ATEC,ITGR
Emerging Quantum Computing Rally|2026-10-06|Fading|RGTI,INFQ,QUBT,IONQ
Energy Infrastructure & Services Complex|2026-10-06|Mainstream|WKC,VAL,SDRL,FET,HLX,WES
Energy Supply Disruption: Middle East Geopolitical Risk|2026-10-06|Fading|CRGY,REPX,SM,TALO,DVN,PR,EOG,APA,COP
Enterprise Data Backup & Cyber Resilience Software|2026-10-06|Retired|
Enterprise HR & Workforce Management SaaS|2026-10-06|Fading|WDAY,PCTY,ADP,ALIT
Enterprise Server, Storage & Data Infrastructure Hardware|2026-10-06|Mainstream|SMCI,DELL,CSCO,NTAP,HPE,STX,ANET,NTNX
Enterprise Unstructured Data Storage Infrastructure|2026-10-06|Mainstream|DBX,BOX,QMCO
Fabless Semiconductor IP Licensing|2026-10-06|Mainstream|ARM,RMBS,CEVA
Fintech & Digital Finance Sector Re-rating on Fed Easing|2026-10-06|Mainstream|NCNO,JKHY,KSPI,CHYM,MQ,BR,MA,PAGS,DLO,BFH,QTWO,ACIW,PYPL,STNE,XYZ,AFRM,FLYW,CPAY,V,EVTC
Fintech Payments, Prepaid & Consumer Digital Banking Apps|2026-10-06|Nascent|RELY,PAYS,DAVE
For-Profit Postsecondary & Vocational Education|2026-10-06|Accelerating|CVSA,LOPE,LAUR,STRA
Front-End Semiconductor Fabrication Equipment Makers|2026-10-06|Mainstream|VECO,ACMR,AMAT,ACLS,ASML,LRCX,KLAC
Genetic Medicine: Gene Editing & Gene Therapy Innovators|2026-10-06|Retired|
Genomics & DNA Sequencing Tools|2026-10-06|Mainstream|GRAL,BLLN,ILMN,WGS,QGEN,NTRA,TXG,GH,BRKR,TWST
Global Agriculture Value Chain Recovery|2026-10-06|Fading|CNH,AGCO,DE
Global Oil & Gas Producers and Refiners|2026-10-06|Mainstream|PBF,VLO,CVE,DINO,PSX,E,CVX,DK,XOM,EC,MPC,CVI,EQNR,TTE,SU,PARR,PBR,BP,SHEL
Gold & Silver Miners Not Yet Classified (Mid-Tier & South African PGM/Gold Producers)|2026-10-06|Nascent|AGI,SBSW,HYMC
HBM & AI-Driven Memory Chip Makers|2026-10-06|Nascent|SNDK,MU,SKHY
Homebuilders & Residential Construction Supply Chain|2026-10-06|Fading|TOL,BCC,CVCO,DHI,PHM,SKY,NVR,BXC
Home Improvement Retail & Building Products|2026-10-06|Fading|MAS,FND,TREX
Hospital & Behavioral Health Facility Procedure Volume Recovery|2026-10-06|Mainstream|THC,UHS,HCA,EHC
Independent Power Producers & Nuclear Fleet Generators|2026-10-06|Nascent|CEG,VST,TLN
Industrial Construction Execution & On-Site Supply Chain|2026-10-06|Mainstream|J,KBR,TPC,FLR,TTEK,PWR,AGX,ECG,STRL,MYRG
Inflammatory Disease & Immunology Biologics|2026-10-06|Fading|ORKA,AUPH,NRIX
Insurance Brokerage & Risk Advisory Firms|2026-10-06|Fading|MRSH,AJG
IT Consulting & Business Process Outsourcing Services|2026-10-06|Mainstream|EXLS,CTSH,DXC,GIB,G,ACN,GLOB,EPAM
Laser & RF/Photonic Component Suppliers for AI and Optical Build-Out|2026-10-06|Retired|
Latin America Telecom & Pay-TV Services|2026-10-06|Nascent|VIV,ECHO,TIGO
Life Insurance & Annuity Providers|2026-10-06|Fading|MFC,LNC,VOYA,PRU,PFG,SLF,MET,RGA,UNM
Life Sciences & Healthcare Data/CRM Platforms|2026-10-06|Mainstream|DOCS,TEM,VEEV
Life Science Tools & Analytical Instruments|2026-10-06|Nascent|AZTA,MLAB,CRL,IQV,RGEN,DHR,A,BIO,WAT,AVTR,TMO,MTD,ICLR,RVTY,MEDP
Liquid Biopsy & Molecular Cancer Diagnostics Testing|2026-10-06|Mainstream|GRAL,NTRA,CDNA,CSTL
Live Music & Concert Promotion|2026-10-06|Mainstream|LYV,LLYVK,MSGE
Lodging & Hotel REITs|2026-10-06|Mainstream|APLE,RHP,PK,DRH,PEB,RLJ,SHO
Low-Cost & Regional Passenger Airline Rebound|2026-10-06|Mainstream|SKYW,LUV,ULCC
Management & Business Process Consulting Services|2026-10-06|Nascent|HURN,ACN,PEGA,EXLS,CRAI
Marketing & Digital Presence SaaS Platforms|2026-10-06|Mainstream|WIX,ZETA,SPT,GDDY
Medical Device Mean-Reversion & Rotation Recovery|2026-10-06|Mainstream|ICUI,LIVN,GEHC,HAE,ABT,GKOS,BAX,RMD,BDX,ISRG,ATRC,INSP,MDT,EW,TMDX,MMSI
Mobile SoC & Wireless Connectivity Semiconductors|2026-10-06|Fading|QRVO,SWKS,QCOM
Mortgage REITs (Agency & Residential MBS)|2026-10-06|Fading|AGNC,NLY
mRNA Vaccine & Personalized Cancer Therapy Platforms|2026-10-06|Mainstream|MRK,ARCT,BNTX,MRNA
Network Security & Zero-Trust Edge|2026-10-06|Mainstream|TENB,NET,QLYS,OKTA,S,RPD,PANW,FFIV,CRWD,CHKP,FTNT,ZS,VRNS,NTSK
Non-Alcoholic Beverages & Energy Drinks|2026-10-06|Fading|KDP,KO,COKE,KOF,CCEP
Nuclear Power & Uranium Fuel Cycle|2026-10-06|Nascent|OKLO,NNE,SMR,LEU,UEC,UUUU
Offshore IT Services & Digital Engineering Outsourcers|2026-10-06|Retired|
Oilfield Services & Offshore Energy Equipment|2026-10-06|Retired|
On-Site Power Generation & Distribution Equipment for Data Centers|2026-10-06|Mainstream|BE,FPS,NVT,GEV,GNRC,VICR,ETN,PSIX,HUBB,EROC
Optical Laser & Photonic Materials for AI Transceivers|2026-10-06|Nascent|FN,CIEN,LITE,AAOI,AXTI,COHR
Orthopedic Surgical Devices & Instruments|2026-10-06|Fading|SIBN,ZBH,CNMD
Peptide & Hormone Therapies for Metabolic & Endocrine Disorders|2026-10-06|Fading|MBX,PTGX,CORT
Post-Acute & Home-Based Healthcare Services|2026-10-06|Mainstream|OPCH,NHC,CHE,BTSG,GRDN,ADUS,PACS,PNTG
Power Semiconductors (GaN, SiC & Discrete Power ICs)|2026-10-06|Fading|NVTS,ON
Precious Metals Miners—Gold Rally & Fed Easing|2026-10-06|Retired|
Precious Metals Miners—Gold & Silver Rally on Fed Easing|2026-10-06|Fading|NEM,BVN,WPM,NG,EQX,EGO,SKE,AAUC,CGAU,OR,IAG,ARIS,OGC,TFPM,AU,AYA,FNV,AEM,RGLD,B,SSRM,BTG,HMY,FSM,MUX,AUGO,PAAS,EXK,CDE,SVM,ASM,AG,HL
Precision Timing & Motion Control Component Makers|2026-10-06|Mainstream|FEIM,SITM,ALNT
Primary Silver Miners|2026-10-06|Retired|
Private Mortgage & Title Insurance Underwriters|2026-10-06|Fading|ACT,RDN,ITIC
Product Tanker Shipping|2026-10-06|Nascent|HAFN,TNK,STNG,TRMD
Programmatic Advertising & Cloud Communications API Platforms|2026-10-06|Nascent|PUBM,BAND,TTMI,SMTC
Regulated Electric & Gas Utilities Broad Defensive Rotation Extension|2026-10-06|Nascent|PEG,XEL,FE,NI,EXC,CMS,DTE
Regulated Electric Utilities Defensive Rotation|2026-10-06|Accelerating|AEP,ETR,PNW,LNT,IDA,WEC,AEE,TXNM,OGE,EVRG,DUK,SO,CNP
Regulated Utilities Wildfire & Rate-Case Exposure|2026-10-06|Fading|EIX,PCG,SRE,AVA
Restaurant Chain Recovery|2026-10-06|Mainstream|EAT,DRI,BJRI,CAKE,CBRL,SHAK
Semiconductor Design, Test & Assembly Enablement Tools|2026-10-06|Mainstream|KLIC,SNPS,KEYS,CDNS
Semiconductor Equipment & Materials Velocity Surge|2026-10-06|Mainstream|ENTG,AXTI,UCTT,AEIS,ONTO,MKSI
Semiconductor Foundry & Advanced Packaging Manufacturing|2026-10-06|Mainstream|INTC,UMC,TSEM,ASX,AMKR,TSM
Semiconductor Photomask & Ultra-Low-Power Chip Enablers|2026-10-06|Nascent|AMBQ,SYNA,PLAB
Semiconductor Process Control, Foundry & Specialty Optics/Materials Breakout|2026-10-06|Nascent|NVMI,ROG,LPTH,GFS
Semiconductor Process Instruments & RF/PCB Electronic Components|2026-10-06|Retired|
Semiconductor Test, Yield & Assembly Supply Chain|2026-10-06|Mainstream|PDFS,COHU,CAMT,FORM,AEHR,TER
Skilled Nursing & Senior Housing Healthcare REITs|2026-10-06|Fading|LTC,WELL,OHI
Software Development & DevOps Collaboration Platforms|2026-10-06|Mainstream|TEAM,GTLB,FROG
Space Economy: Satellite Communications & Launch Services|2026-10-06|Mainstream|SPCX,BKSY,MDA,RDW,FLY,IRDM,LUNR,RKLB
Specialty Biopharma Clinical & Commercial Breakouts (Retinal, Pulmonary, Dermatology)|2026-10-06|Nascent|KOD,UTHR,MANE
Specialty P&C Insurance Underwriters Rotation Reversal|2026-10-06|Fading|TRV,HCI,PLMR,AFG,RNR,PGR,CB,THG,SLDE,WRB,EG,ACGL,SPNT,SKWD
Steel & Aluminum Mill Producers|2026-10-06|Fading|NUE,STLD,KALU,WS
U.S. Apparel & Fashion Recovery|2026-10-06|Mainstream|KSS,RL,ROST,AEO,ANF,DDS,WWW,GAP,SHOO,VSXY,URBN,CROX,M,FIGS,BKE
U.S. Domestic Passenger Airlines|2026-10-06|Nascent|DAL,LUV,AAL,UAL
U.S. Shale Oil E&P Producers (Crude-Price Driven)|2026-10-06|Nascent|NOG,OVV,OXY,MUR,CHRD,MTDR,FANG,MGY,DVN,EOG,COP
U.S. Trucking & Freight Transportation Carriers|2026-10-06|Fading|LSTR,SAIA,RXO
Vaccine Developers Bacterial & Respiratory|2026-10-06|Nascent|PCVX,NVAX,MRNA
Wealth Management & Retail Brokerage Platforms|2026-10-06|Mainstream|VCTR,SCHW,XP,HOOD,AAMI,AMG,OPY,SEIC,WT,IVZ,BEN,FUTU,IBKR,BLK
Aerospace Engine, Airframe Components & Defense Subsystem Suppliers|2026-10-07|Fading|DPC,ARXS,DCO,ATI
AI Data Center High-Speed Interconnect & Signal Integrity Chipmakers|2026-10-07|Mainstream|ALAB,GLW,LITE,BDC,APH,CRDO,COHR
AI data-center power buildout|2026-10-07|Accelerating|ALAB,VST,CEG,TLN,AGX,GNRC,VICR
AI-Driven Diagnostics & Imaging Re-Rating|2026-10-07|Fading|LH,TEM,HTFL,RDNT,DGX,PSNL,CDNA,ADPT,CAI
AI-Driven Memory & Storage Supply Shortage|2026-10-07|Mainstream|MRVL,NVDA,AMD,MU,SKHY,TSM
AI-Powered Enterprise Analytics & Intelligent Workflow SaaS|2026-10-07|Mainstream|NOW,PLTR,ASAN,MSFT,APPN,PD,SAP,PATH,DOCU,INTA,PEGA,AI,WK,CRM
AI Server Power & Signal-Integrity Analog ICs|2026-10-07|Mainstream|TXN,RMBS,ADI,MPWR
Alternative Asset Managers & Private Markets Platforms|2026-10-07|Nascent|PS,PAX
Analog, Mixed-Signal & Power Semiconductor Cyclical Recovery|2026-10-07|Mainstream|STM,MCHP,AOSL,MXL,WOLF,DIOD
Annuity-Focused Insurers|2026-10-07|Mainstream|EQH,CNO,JXN,CRBG
Appalachian Natural Gas Producers|2026-10-07|Retired|
Asset-Light Trucking & Freight Logistics Carriers|2026-10-07|Nascent|LSTR,ARCB,SAIA,KNX,SNDR,WERN
Auto Dealership Groups|2026-10-07|Retired|
Automotive Thermal & Powertrain Components Suppliers|2026-10-07|Fading|BWA,MOD
Autonomous Vehicle & ADAS Technology Enablers|2026-10-07|Fading|AMBA,OUST,BB
Auto & Truck Dealership Retail Chains|2026-10-07|Fading|LAD,ABG,AN,SAH
Bank Stocks: Rising-Rate NIM Expansion|2026-10-07|Fading|NBTB,FIBK,DCOM,MUFG,FITB,HIFS,CVBF,HOPE,SMFG,NWG,CATY,FBP,OFG,NWBI,HOMB,AMAL,QCRH,FCF,OSBC,DB,NBN,BBVA,HWC,UBSI,CBSH,WABC,WFC,TRMK,JPM,PFBC,BUSE,FSUN,SFNC,CBC,ING,NIC,CHCO,SAN,CLBK,ESQ,C,STBA,RBCAA,FBNC,MFG
Bitcoin Holding & Trading Proxy Equities|2026-10-07|Fading|ASST,COIN,GLXY,CRCL,BLSH
Bitcoin Miners Pivoting to AI Data Center Hosting|2026-10-07|Nascent|APLD,WULF,CORZ,CIFR
Bitcoin Mining Stocks Rotation Reversal|2026-10-07|Fading|IOND,ABTC
Bitcoin Treasury & Crypto Proxy Equities Correlation Basket|2026-10-07|Mainstream|PURR,BMNR,SBET,MSTR
Branded Footwear & Apparel Brand Turnaround|2026-10-07|Fading|VFC,ONON
Brazil election relief rally|2026-10-07|Nascent|NU,ITUB
Brazil Fintech & Digital Banking Rally|2026-10-07|Nascent|XP,PAGS,STNE,INTR
Business Development Companies & Private Credit Lenders|2026-10-07|Fading|MAIN,ARCC,TRIN,FSK,HTGC,BXSL
CAD/PLM & 3D Design Engineering Software|2026-10-07|Nascent|PTC,ADSK
Canadian Big Banks|2026-10-07|Fading|RY,BMO,CM,BNS,TD
Class I Railroad Freight Carriers|2026-10-07|Accelerating|CSX,UNP,CNI,NSC
Cloud Application Delivery & Observability Infrastructure|2026-10-07|Mainstream|DT,FSLY,ATEN,DDOG,AKAM
Cloud Application Software Rotation (Oversold Turning Up)|2026-10-07|Mainstream|DUOL,PCOR,APPF
Cloud Contact Center & CCaaS Communication Platforms|2026-10-07|Mainstream|TWLO,RNG,FIVN,NICE
Cloud Data Storage & Analytics Infrastructure|2026-10-07|Mainstream|MDB,ESTC,SNOW
Cloud Financial Automation & Insurance Core Platform Software|2026-10-07|Nascent|BL,GWRE,BSP
Cloud Supply Chain & Warehouse Management Software|2026-10-07|Fading|MANH,DSGX,SPSC
Coal Mining Producers|2026-10-07|Fading|HCC,AMR
Commercial, Office & Home Furniture Retailers and Manufacturers|2026-10-07|Mainstream|ARHS,HNI,MLKN,W,WSM
Copper Mining & Production|2026-10-07|Mainstream|HBM,FCX,TECK,SCCO,ERO,IE
Cross-Industry Test, Measurement & Design-Verification Tools|2026-10-07|Mainstream|VIAV,KEYS,CDNS,AME
Crude & Product Tanker Shipping|2026-10-07|Mainstream|TEN,INSW,NAT,FRO,DHT,ECO
Cruise Lines & Leisure Travel Rebound|2026-10-07|Retired|
Customer Engagement & Marketing/CX SaaS Platforms|2026-10-07|Mainstream|BRZE,AMPL,FRSH,KVYO
Data Backup & Cyber Resiliency Software|2026-10-07|Nascent|RBRK,BLZE,CVLT
Defense Intelligence & Cybersecurity IT Contractors|2026-10-07|Retired|
Defensive Consumer Rotation & Trade-Down|2026-10-07|Mainstream|WMK,OLLI,DG,TGT,KR,COST,BJ,GO
Diabetes Management Devices (CGM, Insulin Pumps & Delivery)|2026-10-07|Fading|MMED,BBNX,DXCM
Digital Advertising & Ad-Tech Monetization Platforms|2026-10-07|Mainstream|DV,MGNI
Digital Dollar & Crypto Payments Infrastructure|2026-10-07|Mainstream|USDE,PYPL
Discrete, Passive & Low-Power Programmable Semiconductor Components Recovery|2026-10-07|Mainstream|MRAM,LSCC,VSH,LFUS
Electronics Manufacturing Services (EMS) Providers|2026-10-07|Mainstream|PLXS,CLS,SANM,BHE
Emerging AI Compute & Cloud Infrastructure Platforms|2026-10-07|Mainstream|PENG,DOCN,CRWV,NBIS
Emerging Medical Device Innovators Breakout|2026-10-07|Mainstream|INSP,ATEC,ITGR
Emerging Quantum Computing Rally|2026-10-07|Fading|RGTI,INFQ,IONQ
Energy Infrastructure & Services Complex|2026-10-07|Mainstream|SDRL,HLX,VAL,WES,TRGP,KMI
Energy Supply Disruption: Middle East Geopolitical Risk|2026-10-07|Fading|CRGY,SM,REPX,TALO,DVN,PR,EOG,APA,COP
Enterprise HR & Workforce Management SaaS|2026-10-07|Fading|WDAY,PCTY,ADP,ALIT
Enterprise Server, Storage & Data Infrastructure Hardware|2026-10-07|Mainstream|SMCI,DELL,CSCO,NTAP,HPE,STX,ANET,NTNX
Enterprise Unstructured Data Storage Infrastructure|2026-10-07|Mainstream|DBX,BOX,QMCO
Fabless Semiconductor IP Licensing|2026-10-07|Mainstream|ARM,RMBS,CEVA
Fintech & Digital Finance Sector Re-rating on Fed Easing|2026-10-07|Mainstream|NCNO,JKHY,KSPI,CHYM,FLYW,MQ,BR,MA,PAGS,V,DLO,QTWO,ACIW,PYPL,CPAY,STNE,EVTC,XYZ,AFRM
Fintech Payments, Prepaid & Consumer Digital Banking Apps|2026-10-07|Nascent|RELY,PAYS,DAVE
For-Profit Postsecondary & Vocational Education|2026-10-07|Mainstream|CVSA,LOPE,LAUR,STRA
Front-End Semiconductor Fabrication Equipment Makers|2026-10-07|Nascent|VECO,ACMR,AMAT,ACLS,ASML,LRCX,KLAC
Fuel Cell & Gas Power Generation Equipment|2026-10-07|Nascent|INIO,FCEL,BE
Genomics & DNA Sequencing Tools|2026-10-07|Mainstream|GRAL,ILMN,NTRA,QGEN,TXG,GH,BRKR,TWST,WGS
Global Agriculture Value Chain Recovery|2026-10-07|Fading|CNH,AGCO,DE
Global Oil & Gas Producers and Refiners|2026-10-07|Retired|
Gold & Silver Miners Not Yet Classified (Mid-Tier & South African PGM/Gold Producers)|2026-10-07|Retired|
HBM & AI-Driven Memory Chip Makers|2026-10-07|Fading|SNDK,MU,SKHY
Homebuilders & Residential Construction Supply Chain|2026-10-07|Fading|TOL,BCC,CVCO,DHI,PHM,SKY,NVR,BXC
Home Improvement Retail & Building Products|2026-10-07|Fading|MAS,TREX
Hospital & Behavioral Health Facility Procedure Volume Recovery|2026-10-07|Mainstream|THC,UHS,HCA,EHC
Independent Power Producers & Nuclear Fleet Generators|2026-10-07|Retired|
Industrial Construction Execution & On-Site Supply Chain|2026-10-07|Mainstream|AGX,J,TPC,ECG,MYRG,TTEK,PWR,FLR,STRL,FIX
Inflammatory Disease & Immunology Biologics|2026-10-07|Fading|ORKA,AUPH,NRIX
Insurance Brokerage & Employee Benefits Advisory|2026-10-07|Nascent|MRSH,AJG,WTW,BRO
Insurance Brokerage & Risk Advisory Firms|2026-10-07|Retired|
International Telecom & Cross-Border Communications Services|2026-10-07|Nascent|VEON,IDT
IT Consulting & Business Process Outsourcing Services|2026-10-07|Mainstream|EXLS,CTSH,DXC,GIB,G,ACN,EPAM
Latin America Telecom & Pay-TV Services|2026-10-07|Fading|VIV,TIGO
Leisure & Recreation Discretionary Rebound|2026-10-07|Nascent|HAS,CCL,MAT,ASO,LIND
Life Insurance & Annuity Providers|2026-10-07|Fading|MFC,LNC,VOYA,PRU,PFG,SLF,MET,RGA,UNM
Life Sciences & Healthcare Data/CRM Platforms|2026-10-07|Mainstream|DOCS,TEM,VEEV
Life Science Tools & Analytical Instruments|2026-10-07|Mainstream|AZTA,MLAB,CRL,IQV,RGEN,DHR,A,BIO,WAT,AVTR,TMO,MTD,ICLR,RVTY,MEDP
Liquid Biopsy & Molecular Cancer Diagnostics Testing|2026-10-07|Mainstream|GRAL,CSTL,NTRA,CDNA
Live Music & Concert Promotion|2026-10-07|Fading|LYV,LLYVK
Lodging & Hotel REITs|2026-10-07|Nascent|APLE,RHP,PK,DRH,PEB,RLJ,SHO
Low-Cost & Regional Passenger Airline Rebound|2026-10-07|Mainstream|SKYW,LUV
Management & Business Process Consulting Services|2026-10-07|Nascent|EXLS,CRAI,HURN,ACN
Marketing & Digital Presence SaaS Platforms|2026-10-07|Mainstream|WIX,ZETA,SPT,GDDY
Medical Device Mean-Reversion & Rotation Recovery|2026-10-07|Fading|ICUI,LIVN,GEHC,HAE,ABT,GKOS,BAX,RMD,BDX,ISRG,ATRC,INSP,MDT,EW,MMSI,TMDX
Mobile SoC & Wireless Connectivity Semiconductors|2026-10-07|Fading|QRVO,SWKS,QCOM
Mortgage REITs (Agency & Residential MBS)|2026-10-07|Nascent|NLY,AGNC,ORC
mRNA Vaccine & Personalized Cancer Therapy Platforms|2026-10-07|Fading|MRK,ARCT,BNTX,MRNA
Natural Gas-Weighted Appalachian & Shale E&P Producers|2026-10-07|Nascent|BKV,CRK,CNX,AR,EXE,EQT
Network Security & Zero-Trust Edge|2026-10-07|Mainstream|TENB,NET,QLYS,OKTA,S,RPD,PANW,FFIV,CRWD,CHKP,FTNT,ZS,VRNS,NTSK
Non-Alcoholic Beverages & Energy Drinks|2026-10-07|Fading|KO,KDP,COKE,KOF,CCEP
Nuclear Power & Uranium Fuel Cycle|2026-10-07|Retired|
Oilfield Services & Offshore Energy Equipment|2026-10-07|Nascent|LBRT,BKR,OII
Online Consumer Lending & Fintech Credit|2026-10-07|Nascent|ENVA,AFRM,DAVE
On-Site Power Generation & Distribution Equipment for Data Centers|2026-10-07|Mainstream|BE,FPS,NVT,GEV,GNRC,VICR,ETN,PSIX,HUBB,EROC
Optical Laser & Photonic Materials for AI Transceivers|2026-10-07|Nascent|FN,CIEN,LITE,AAOI,AXTI,COHR
Orthopedic Surgical Devices & Instruments|2026-10-07|Fading|SIBN,ZBH,CNMD
Peptide & Hormone Therapies for Metabolic & Endocrine Disorders|2026-10-07|Fading|MBX,PTGX,CORT
Post-Acute & Home-Based Healthcare Services|2026-10-07|Mainstream|OPCH,NHC,CHE,PACS,ADUS,PNTG
Power Semiconductors (GaN, SiC & Discrete Power ICs)|2026-10-07|Retired|
Precious Metals Miners—Gold & Silver Rally on Fed Easing|2026-10-07|Fading|NEM,BVN,WPM,EQX,EGO,SKE,AAUC,CGAU,OR,IAG,ARIS,OGC,TFPM,AU,AYA,FNV,AEM,RGLD,HL,B,SSRM,BTG,FSM,AUGO,PAAS,CDE,AG,EXK,ASM,AGI,SBSW
Precision Timing & Motion Control Component Makers|2026-10-07|Mainstream|FEIM,SITM,ALNT
Private Mortgage Insurance Underwriters|2026-10-07|Nascent|ESNT,NMIH,MTG
Private Mortgage & Title Insurance Underwriters|2026-10-07|Fading|ACT,RDN,ITIC
Product Tanker Shipping|2026-10-07|Nascent|HAFN,TNK,STNG,TRMD
Programmatic Advertising & Cloud Communications API Platforms|2026-10-07|Nascent|BAND,PUBM
Regulated Electric & Gas Utilities Broad Defensive Rotation Extension|2026-10-07|Retired|
Regulated Electric Utilities Defensive Rotation|2026-10-07|Nascent|AEP,ETR,PNW,LNT,IDA,WEC,AEE,TXNM,OGE,EVRG,DUK,SO,CNP
Regulated Utilities Wildfire & Rate-Case Exposure|2026-10-07|Fading|EIX,PCG,SRE,AVA
Restaurant Chain Recovery|2026-10-07|Mainstream|SHAK,EAT,DRI,BJRI,CAKE,CBRL
Semiconductor Design, Test & Assembly Enablement Tools|2026-10-07|Mainstream|KLIC,SNPS,KEYS,CDNS
Semiconductor Equipment & Materials Velocity Surge|2026-10-07|Nascent|MKSI,ENTG,ONTO,AXTI,AEIS,UCTT
Semiconductor Foundry & Advanced Packaging Manufacturing|2026-10-07|Mainstream|INTC,UMC,TSEM,ASX,AMKR,TSM
Semiconductor Photomask & Ultra-Low-Power Chip Enablers|2026-10-07|Nascent|AMBQ,SYNA,PLAB
Semiconductor Process Control, Foundry & Specialty Optics/Materials Breakout|2026-10-07|Mainstream|NVMI,ROG,LPTH,GFS
Semiconductor Process Instruments & RF/PCB Electronic Components|2026-10-07|Nascent|MKSI,TTMI,SMTC
Semiconductor Test, Yield & Assembly Supply Chain|2026-10-07|Mainstream|PDFS,COHU,CAMT,FORM,AEHR,TER
Skilled Nursing & Senior Housing Healthcare REITs|2026-10-07|Fading|LTC,WELL,OHI
Software Development & DevOps Collaboration Platforms|2026-10-07|Mainstream|TEAM,GTLB,FROG
South African & Emerging-Market Gold Miners (Uncovered Producers)|2026-10-07|Nascent|HMY,MUX,NG,HYMC
Space Economy: Satellite Communications & Launch Services|2026-10-07|Nascent|SPCX,MDA,FLY,IRDM,LUNR,RKLB
Specialty Biopharma Clinical & Commercial Breakouts (Retinal, Pulmonary, Dermatology)|2026-10-07|Nascent|KOD,UTHR,MANE
Specialty P&C Insurance Underwriters Rotation Reversal|2026-10-07|Fading|TRV,HCI,PLMR,AFG,RNR,PGR,CB,THG,SLDE,WRB,EG,ACGL,SPNT,SKWD,HG
Steel & Aluminum Mill Producers|2026-10-07|Fading|NUE,STLD,KALU,WS
U.S. Apparel & Fashion Recovery|2026-10-07|Mainstream|KSS,RL,ROST,AEO,ANF,DDS,WWW,GAP,CROX,SHOO,BKE,VSXY,URBN,FIGS,M
U.S. Domestic Passenger Airlines|2026-10-07|Mainstream|DAL,LUV,AAL,UAL,ULCC
U.S. Shale Oil E&P Producers (Crude-Price Driven)|2026-10-07|Retired|
U.S. Super-Regional & Midcap Commercial Banks|2026-10-07|Nascent|FITB,MTB,USB,ZION,CFG,HBAN,KEY,PNC,TFC,RF
U.S. Trucking & Freight Transportation Carriers|2026-10-07|Retired|
Vaccine Developers Bacterial & Respiratory|2026-10-07|Nascent|NVAX,PCVX,MRNA
Vertical Commerce & Tax/Payments Software-Fintech Platforms|2026-10-07|Nascent|SHOP,VERX,WSE
Wealth Management & Retail Brokerage Platforms|2026-10-07|Mainstream|VCTR,SCHW,XP,HOOD,AAMI,FUTU,AMG,OPY,SEIC,WT,IVZ,IBKR,BLK,BEN
Aerospace Engine, Airframe Components & Defense Subsystem Suppliers|2026-10-08|Fading|ARXS,DCO,ATI
AI Data Center High-Speed Interconnect & Signal Integrity Chipmakers|2026-10-08|Mainstream|APH,COHR,BDC,CRDO,ALAB,GLW,LITE
AI data-center power buildout|2026-10-08|Accelerating|TLN,GNRC,VST,ALAB,AGX,VICR,CEG
AI-Driven Diagnostics & Imaging Re-Rating|2026-10-08|Fading|PSNL,RDNT,TEM,CDNA,CAI,HTFL,ADPT,LH,DGX
AI-Driven Memory & Storage Supply Shortage|2026-10-08|Mainstream|TSM,MRVL,MU,AMD,NVDA,SKHY
AI-Powered Enterprise Analytics & Intelligent Workflow SaaS|2026-10-08|Mainstream|PEGA,APPN,MSFT,PLTR,SAP,ASAN,NOW,PD,WK,INTA,CRM,PATH,DOCU,AI
AI Server Power & Signal-Integrity Analog ICs|2026-10-08|Mainstream|ADI,TXN,RMBS,MPWR
Alternative Asset Managers & Private Markets Platforms|2026-10-08|Nascent|PAX,PS
Analog, Mixed-Signal & Power Semiconductor Cyclical Recovery|2026-10-08|Mainstream|AOSL,STM,DIOD,WOLF,MXL,MCHP
Annuity-Focused Insurers|2026-10-08|Mainstream|EQH,JXN,CRBG,CNO
Appalachian Natural Gas Producers|2026-10-08|Nascent|EQT,CRK,RRC,GPOR,AR,CNX,EXE
Asset-Light Trucking & Freight Logistics Carriers|2026-10-08|Fading|LSTR,ARCB,SAIA,KNX,RXO
Automotive Thermal & Powertrain Components Suppliers|2026-10-08|Retired|
Autonomous Vehicle & ADAS Technology Enablers|2026-10-08|Fading|OUST,BB
Auto & Truck Dealership Retail Chains|2026-10-08|Fading|LAD,ABG,AN,SAH
Bank Stocks: Rising-Rate NIM Expansion|2026-10-08|Fading|NBTB,BBVA,SAN,CBC,MUFG,HOPE,FIBK,NIC,FBNC,CLBK,NBN,AMAL,WABC,FCF,SMFG,NWG,ING,TRMK,CATY,OSBC,FITB,QCRH,MFG,C,OFG,HWC,HIFS,STBA,DCOM,HOMB,SFNC,NWBI,CVBF,RBCAA,WFC,JPM,CHCO,FSUN,FBP,BUSE,CBSH,PFBC,UBSI,ESQ
Bitcoin Holding & Trading Proxy Equities|2026-10-08|Fading|CRCL,COIN,ASST,BLSH
Bitcoin Miners Pivoting to AI Data Center Hosting|2026-10-08|Fading|APLD,CORZ,CIFR
Bitcoin Mining Stocks Rotation Reversal|2026-10-08|Retired|
Bitcoin Treasury & Crypto Proxy Equities Correlation Basket|2026-10-08|Fading|SBET,MSTR,PURR,BMNR
Branded Footwear & Apparel Brand Turnaround|2026-10-08|Retired|
Branded Footwear & Hotel Consumer Discretionary Turnaround|2026-10-08|Nascent|VFC,ONON,HLT
Brazil election relief rally|2026-10-08|Retired|
Brazil Fintech & Digital Banking Rally|2026-10-08|Nascent|PAGS,STNE,NU,XP,INTR,ITUB
Building Products & Home Improvement Materials Makers|2026-10-08|Nascent|MAS,PPG,FBIN,BCC
Business Development Companies & Private Credit Lenders|2026-10-08|Fading|MAIN,ARCC,TRIN,FSK,HTGC,BXSL
CAD/PLM & 3D Design Engineering Software|2026-10-08|Nascent|ADSK,PTC
Canadian Big Banks|2026-10-08|Fading|RY,CM,BNS,TD
Class I Railroad Freight Carriers|2026-10-08|Mainstream|UNP,CSX,NSC,CNI
Cloud Application Delivery & Observability Infrastructure|2026-10-08|Mainstream|DDOG,FSLY,ATEN,DT
Cloud Application Software Rotation (Oversold Turning Up)|2026-10-08|Mainstream|PCOR,APPF,DUOL
Cloud Contact Center & CCaaS Communication Platforms|2026-10-08|Mainstream|TWLO,RNG,FIVN,NICE
Cloud Data Storage & Analytics Infrastructure|2026-10-08|Mainstream|MDB,SNOW,ESTC
Cloud Financial Automation & Insurance Core Platform Software|2026-10-08|Nascent|GWRE,BSP,BL
Cloud Supply Chain & Warehouse Management Software|2026-10-08|Mainstream|MANH,SPSC,DSGX
Coal Mining Producers|2026-10-08|Retired|
Commercial, Office & Home Furniture Retailers and Manufacturers|2026-10-08|Mainstream|HNI,ARHS,MLKN,W,WSM
Copper Mining & Production|2026-10-08|Mainstream|IE,HBM,FCX,ERO,SCCO,TECK
Cross-Industry Test, Measurement & Design-Verification Tools|2026-10-08|Mainstream|VIAV,CDNS,KEYS,AME
Crude & Product Tanker Shipping|2026-10-08|Mainstream|INSW,DHT,NAT,TEN,FRO,ECO
Customer Engagement & Marketing/CX SaaS Platforms|2026-10-08|Mainstream|AMPL,KVYO,BRZE,FRSH,HUBS
Data Analytics, AI Platform & Digital Transformation IT Services|2026-10-08|Nascent|TDC,GLOB,NAVN
Data Backup & Cyber Resiliency Software|2026-10-08|Nascent|CVLT,RBRK,BLZE,AVPT
Defensive Consumer Rotation & Trade-Down|2026-10-08|Mainstream|TGT,COST,DG,WMK,BJ,GO,OLLI,KR,DLTR
Diabetes Management Devices (CGM, Insulin Pumps & Delivery)|2026-10-08|Fading|MMED,BBNX,DXCM
Digital Advertising & Ad-Tech Monetization Platforms|2026-10-08|Mainstream|MGNI,DV
Digital Dollar & Crypto Payments Infrastructure|2026-10-08|Mainstream|PYPL,USDE
Discrete, Passive & Low-Power Programmable Semiconductor Components Recovery|2026-10-08|Mainstream|MRAM,LFUS,LSCC,VSH
Electronics Manufacturing Services (EMS) Providers|2026-10-08|Mainstream|BHE,PLXS,SANM,CLS
Emerging AI Compute & Cloud Infrastructure Platforms|2026-10-08|Mainstream|CRWV,DOCN,PENG,NBIS
Emerging Medical Device Innovators Breakout|2026-10-08|Mainstream|INSP,ITGR,ATEC
Emerging Quantum Computing Rally|2026-10-08|Fading|INFQ,IONQ
Energy Infrastructure & Services Complex|2026-10-08|Mainstream|WES,TRGP,HLX,KMI,VAL,SDRL,KNTK,LNG,WMB,NE,RIG,TRP
Energy Supply Disruption: Middle East Geopolitical Risk|2026-10-08|Mainstream|PR,REPX,TALO,CRGY,EOG,SM,COP,DVN,APA,XOM,SU,NOG,CVX,OXY,OVV,MUR,KRP,EQNR
Enterprise HR & Workforce Management SaaS|2026-10-08|Nascent|WDAY,ADP,PCTY,ALIT,TNET
Enterprise Server, Storage & Data Infrastructure Hardware|2026-10-08|Mainstream|SMCI,STX,DELL,ANET,CSCO,HPE,NTNX,NTAP
Enterprise Unstructured Data Storage Infrastructure|2026-10-08|Mainstream|DBX,QMCO,BOX
Fabless Semiconductor IP Licensing|2026-10-08|Mainstream|RMBS,ARM,CEVA
Fintech & Digital Finance Sector Re-rating on Fed Easing|2026-10-08|Mainstream|V,MA,MQ,PYPL,STNE,AFRM,PAGS,KSPI,CPAY,NCNO,FLYW,EVTC,BR,DLO,ACIW,CHYM,QTWO,JKHY,XYZ
Fintech Payments, Prepaid & Consumer Digital Banking Apps|2026-10-08|Nascent|DAVE,RELY,PAYS
For-Profit Postsecondary & Vocational Education|2026-10-08|Mainstream|CVSA,LOPE,LAUR,STRA,PRDO
Front-End Semiconductor Fabrication Equipment Makers|2026-10-08|Nascent|ACLS,LRCX,VECO,ACMR,ASML,KLAC,AMAT
Fuel Cell & Gas Power Generation Equipment|2026-10-08|Retired|
Gene Editing & Specialty Biopharma Breakouts|2026-10-08|Nascent|NTLA,XERS,ERAS,PGNY
Genomics & DNA Sequencing Tools|2026-10-08|Mainstream|WGS,QGEN,NTRA,ILMN,GRAL,BRKR,TXG,TWST,GH
Global Agriculture Value Chain Recovery|2026-10-08|Fading|CNH,AGCO,DE
Gold & Silver Miners Not Yet Classified (Mid-Tier & South African PGM/Gold Producers)|2026-10-08|Nascent|AGI,SBSW,HYMC
HBM & AI-Driven Memory Chip Makers|2026-10-08|Fading|MU,SNDK,SKHY
Homebuilders & Residential Construction Supply Chain|2026-10-08|Fading|SKY,BCC,PHM,CVCO,NVR,DHI,BXC,TOL
Home Improvement Retail & Building Products|2026-10-08|Retired|
Hospital & Behavioral Health Facility Procedure Volume Recovery|2026-10-08|Mainstream|EHC,THC,UHS,HCA
Industrial Construction Execution & On-Site Supply Chain|2026-10-08|Mainstream|TTEK,FIX,J,ECG,PWR,STRL,FLR,AGX,TPC,MYRG
Inflammatory Disease & Immunology Biologics|2026-10-08|Fading|AUPH,NRIX
Insurance Brokerage & Employee Benefits Advisory|2026-10-08|Nascent|BRO,MRSH,WTW,AJG
International Telecom & Cross-Border Communications Services|2026-10-08|Nascent|IDT,VEON
IT Consulting & Business Process Outsourcing Services|2026-10-08|Mainstream|EPAM,EXLS,G,ACN,CTSH,DXC,GIB
Latin America Telecom & Pay-TV Services|2026-10-08|Retired|
Leisure & Recreation Discretionary Rebound|2026-10-08|Nascent|ASO,MAT,CCL,HAS,LIND
Life Insurance & Annuity Providers|2026-10-08|Fading|VOYA,MFC,MET,RGA,UNM,PRU,PFG,SLF,LNC
Life Sciences & Healthcare Data/CRM Platforms|2026-10-08|Mainstream|VEEV,TEM,DOCS
Life Science Tools & Analytical Instruments|2026-10-08|Mainstream|CRL,ICLR,RVTY,IQV,MTD,WAT,A,MEDP,DHR,TMO,BIO,AZTA,RGEN,AVTR,MLAB
Liquid Biopsy & Molecular Cancer Diagnostics Testing|2026-10-08|Mainstream|NTRA,CDNA,GRAL,CSTL
Live Music & Concert Promotion|2026-10-08|Retired|
Lodging & Hotel REITs|2026-10-08|Nascent|PK,PEB,DRH,APLE,RHP,RLJ,SHO
Low-Cost & Regional Passenger Airline Rebound|2026-10-08|Retired|
Management & Business Process Consulting Services|2026-10-08|Nascent|EXLS,CRAI,ACN,HURN,ICFI
Marketing & Digital Presence SaaS Platforms|2026-10-08|Mainstream|WIX,ZETA,GDDY,SPT
Medical Device Mean-Reversion & Rotation Recovery|2026-10-08|Fading|ABT,ATRC,BAX,EW,TMDX,ICUI,ISRG,INSP,GEHC,MDT,RMD,MMSI,LIVN,HAE,BDX,GKOS
Mobile SoC & Wireless Connectivity Semiconductors|2026-10-08|Fading|QRVO,SWKS,QCOM
Mortgage REITs (Agency & Residential MBS)|2026-10-08|Fading|NLY,ORC
mRNA Vaccine & Personalized Cancer Therapy Platforms|2026-10-08|Fading|MRK,BNTX,MRNA,ARCT
Natural Gas-Weighted Appalachian & Shale E&P Producers|2026-10-08|Retired|
Network Security & Zero-Trust Edge|2026-10-08|Mainstream|NET,FFIV,RPD,PANW,CHKP,NTSK,VRNS,S,ZS,TENB,FTNT,QLYS,CRWD,OKTA
Non-Alcoholic Beverages & Energy Drinks|2026-10-08|Mainstream|CCEP,COKE,KOF,KO,KDP
Oilfield Services & Offshore Energy Equipment|2026-10-08|Retired|
Online Consumer Lending & Fintech Credit|2026-10-08|Nascent|AFRM,ENVA
On-Site Power Generation & Distribution Equipment for Data Centers|2026-10-08|Mainstream|FCEL,GNRC,GEV,HUBB,ETN,PSIX,EROC,VICR,FPS,BE,NVT
Optical Laser & Photonic Materials for AI Transceivers|2026-10-08|Nascent|COHR,CIEN,FN,AAOI,AXTI,LITE
Orthopedic Surgical Devices & Instruments|2026-10-08|Fading|SIBN,ZBH,CNMD
Peptide & Hormone Therapies for Metabolic & Endocrine Disorders|2026-10-08|Fading|MBX,PTGX,CORT
Platinum Group & South African/Junior Precious Metals Miners|2026-10-08|Nascent|SBSW,NG,HYMC
Post-Acute & Home-Based Healthcare Services|2026-10-08|Mainstream|CHE,OPCH,NHC,PACS,ADUS,PNTG
Precious Metals Miners—Gold & Silver Rally on Fed Easing|2026-10-08|Fading|AU,HL,ARIS,WPM,TFPM,B,AAUC,OGC,CGAU,BTG,AGI,OR,EGO,BVN,AUGO,AYA,EQX,FSM,FNV,SKE,AEM,IAG,NEM,SSRM,RGLD,CDE,AG,EXK,PAAS,ASM,HMY,MUX
Precision Timing & Motion Control Component Makers|2026-10-08|Fading|FEIM,SITM,ALNT
Private Mortgage Insurance Underwriters|2026-10-08|Fading|ESNT,NMIH,MTG
Private Mortgage & Title Insurance Underwriters|2026-10-08|Fading|RDN,ITIC,ACT
Product Tanker Shipping|2026-10-08|Nascent|TRMD,TNK,STNG,HAFN,ASC
Programmatic Advertising & Cloud Communications API Platforms|2026-10-08|Nascent|PUBM,BAND
Regulated Electric & Gas Utilities Broad Defensive Rotation Extension|2026-10-08|Nascent|PEG,XEL,FE,NI,EXC,CMS,DTE
Regulated Electric Utilities Defensive Rotation|2026-10-08|Nascent|CNP,AEP,TXNM,AEE,SO,EVRG,LNT,ETR,PNW,IDA,WEC,OGE,DUK,NWE
Regulated Utilities Wildfire & Rate-Case Exposure|2026-10-08|Fading|EIX,PCG,SRE,AVA
Restaurant Chain Recovery|2026-10-08|Mainstream|DRI,CAKE,SHAK,BJRI,EAT,CBRL,WING,FWRG
Semiconductor Design, Test & Assembly Enablement Tools|2026-10-08|Mainstream|CDNS,KLIC,SNPS,KEYS
Semiconductor Equipment & Materials Velocity Surge|2026-10-08|Nascent|MKSI,ENTG,AEIS,ONTO,AXTI,UCTT
Semiconductor Foundry & Advanced Packaging Manufacturing|2026-10-08|Mainstream|UMC,INTC,TSM,TSEM,ASX,AMKR,GFS
Semiconductor Photomask & Ultra-Low-Power Chip Enablers|2026-10-08|Fading|SYNA,PLAB
Semiconductor Process Control, Foundry & Specialty Optics/Materials Breakout|2026-10-08|Retired|
Semiconductor Process Instruments & RF/PCB Electronic Components|2026-10-08|Fading|TTMI,SMTC
Semiconductor Test, Yield & Assembly Supply Chain|2026-10-08|Mainstream|PDFS,TER,CAMT,COHU,FORM,NVMI
Skilled Nursing & Senior Housing Healthcare REITs|2026-10-08|Fading|LTC,WELL,OHI
Small Modular Reactor & Advanced Nuclear Fission Technology|2026-10-08|Nascent|LEU,NNE,OKLO,SMR
Software Development & DevOps Collaboration Platforms|2026-10-08|Mainstream|GTLB,FROG,TEAM
South African & Emerging-Market Gold Miners (Uncovered Producers)|2026-10-08|Retired|
Space Economy: Satellite Communications & Launch Services|2026-10-08|Fading|SPCX,RKLB
Specialty Biopharma Clinical & Commercial Breakouts (Retinal, Pulmonary, Dermatology)|2026-10-08|Mainstream|UTHR,MANE,KOD
Specialty P&C Insurance Underwriters Rotation Reversal|2026-10-08|Nascent|ACGL,SKWD,PGR,EG,HCI,SLDE,THG,TRV,CB,SPNT,WRB,PLMR,AFG,RNR,HG,AIG,KMPR,MCY
Steel & Aluminum Mill Producers|2026-10-08|Fading|NUE,WS
Travel & Hospitality Lodging Brand Franchisors Rotation|2026-10-08|Nascent|HLT,PK,CCL
U.S. Apparel & Fashion Recovery|2026-10-08|Mainstream|VSXY,SHOO,M,URBN,ANF,AEO,FIGS,RL,GAP,BKE,CROX,ROST,WWW,KSS,DDS,PVH
U.S. Domestic Passenger Airlines|2026-10-08|Fading|DAL,LUV,AAL,UAL,ULCC
U.S. Oil Refiners & Refining Margin Expansion|2026-10-08|Nascent|PBF,CVI,MPC,VLO,DINO,PSX
U.S. Super-Regional & Midcap Commercial Banks|2026-10-08|Fading|FITB,MTB,USB,ZION,CFG,HBAN,KEY,PNC,TFC,RF
Vaccine Developers Bacterial & Respiratory|2026-10-08|Nascent|PCVX,NVAX,MRNA
Vertical Commerce & Tax/Payments Software-Fintech Platforms|2026-10-08|Nascent|WSE,VERX,SHOP,GLBE
Wealth Management & Retail Brokerage Platforms|2026-10-08|Fading|WT,VCTR,BLK,AAMI,BEN,SEIC,FUTU,XP,SCHW,AMG,IVZ,OPY,IBKR,HOOD
Work Management & Collaborative Design SaaS|2026-10-08|Nascent|MNDY,FIG,NAVN
(9083 rows)
