study	pattern	stop	arm	era	n	names	ge3	tail_R	tail_lens1	tail_r1	tail_r2	tail_lens2	worst_R	worst_lens1	worst_r1	worst_r2	worst_lens2	sum_R	mean_R	drop2_R	sum_lens1	mean_lens1	drop2_lens1	sum_r1	mean_r1	drop2_r1	sum_r2	mean_r2	drop2_r2	sum_lens2	mean_lens2	drop2_lens2	sum_Rgap	drop2_R_names	drop2_r2_names
rerun_grid	ALL	incumbent	none|none	A	540	231	35	241.2852	167.8333	157.5115	95.4035	96.1171	-1.0000	-1.0000	-1.0000	-1.0000	-1.0000	-104.7203	-0.1939	-156.1164	6.0743	0.0112	-38.5927	1.1687	0.0022	-43.4984	3.9159	0.0073	-22.7165	1.6105	0.0030	-25.0219	-125.5260	TE +34.3;KURA +17.1	TE +18.9;ABVX +7.8
rerun_grid	ALL	incumbent	none|none	A_disc	521	224	35	241.2852	167.8333	157.5115	95.4035	96.1171	-1.0000	-1.0000	-1.0000	-1.0000	-1.0000	-92.2700	-0.1771	-143.6661	11.7764	0.0226	-32.8907	6.1871	0.0119	-38.4799	6.6451	0.0128	-19.9873	4.4744	0.0086	-22.1580	-113.0757	TE +34.3;KURA +17.1	TE +18.9;ABVX +7.8
rerun_grid	ALL	incumbent	none|none	B	20	12	0	0	0	0	0	0	-1.0000	-1.0000	-0.7500	-0.7500	-0.9750	-17.6665	-0.8833	-17.0000	-6.5743	-0.3287	-6.8267	-5.9572	-0.2979	-6.1002	-3.4279	-0.1714	-3.6635	-3.6485	-0.1824	-3.8885	-19.9787	DG -0.1;SEI -0.6	SEI +0.3;DG -0.0
rerun_grid	ALL	incumbent	none|trail_sma10	A	540	231	34	220.0037	143.5449	138.2533	79.6853	79.6853	-1.0000	-1.0000	-1.0000	-1.0000	-1.0000	-86.4153	-0.1600	-137.8114	4.7750	0.0088	-39.8921	3.6743	0.0068	-40.9928	2.1387	0.0040	-21.9411	0.5088	0.0009	-23.5710	-101.8729	TE +34.3;KURA +17.1	TE +18.9;MMYT +5.2
rerun_grid	ALL	incumbent	none|trail_sma10	A_disc	521	224	34	220.0037	143.5449	138.2533	79.6853	79.6853	-1.0000	-1.0000	-1.0000	-1.0000	-1.0000	-77.6584	-0.1491	-129.0545	9.2578	0.0178	-35.4093	7.8113	0.0150	-36.8558	4.3536	0.0084	-19.7261	2.7675	0.0053	-21.3123	-93.1160	TE +34.3;KURA +17.1	TE +18.9;MMYT +5.2
rerun_grid	ALL	incumbent	none|trail_sma10	B	20	12	0	0	0	0	0	0	-1.0000	-1.0000	-0.7500	-0.7500	-0.9750	-18.0560	-0.9028	-17.0000	-6.9499	-0.3475	-6.8267	-6.2441	-0.3122	-6.1002	-3.7044	-0.1852	-3.6635	-3.9286	-0.1964	-3.8885	-20.3682	DG -0.1;SEI -0.9	SEI +0.0;DG -0.0
rerun_grid	ALL	incumbent	none|trail_sma20	A	540	231	34	220.3409	146.1378	140.8461	81.4659	81.4659	-1.0038	-1.0000	-1.0000	-1.0000	-1.0000	-73.4379	-0.1360	-124.8340	15.2253	0.0282	-29.4418	13.0783	0.0242	-31.5887	8.5829	0.0159	-15.4968	7.5230	0.0139	-16.5567	-87.9760	TE +34.3;KURA +17.1	TE +18.9;MMYT +5.2
rerun_grid	ALL	incumbent	none|trail_sma20	A_disc	521	224	34	220.3409	146.1378	140.8461	81.4659	81.4659	-1.0038	-1.0000	-1.0000	-1.0000	-1.0000	-62.6461	-0.1202	-114.0422	20.2763	0.0389	-24.3907	17.4457	0.0335	-27.2213	10.9866	0.0211	-13.0931	10.0614	0.0193	-14.0184	-77.1842	TE +34.3;KURA +17.1	TE +18.9;MMYT +5.2
rerun_grid	ALL	incumbent	none|trail_sma20	B	20	12	0	0	0	0	0	0	-1.0000	-1.0000	-0.7500	-0.7500	-0.9750	-16.5691	-0.8285	-15.8679	-5.4896	-0.2745	-5.7830	-5.1289	-0.2564	-5.2830	-2.8855	-0.1443	-3.1416	-3.1062	-0.1553	-3.3666	-18.8813	DG -0.1;SEI -0.6	SEI +0.3;AGX -0.0
rerun_grid	ALL	incumbent	none|trail_max10_20	A	540	231	34	214.6237	140.6458	135.3542	78.2358	78.2358	-1.0038	-1.0000	-1.0000	-1.0000	-1.0000	-69.7335	-0.1291	-121.1296	11.9656	0.0222	-32.7015	10.0019	0.0185	-34.6652	5.8036	0.0107	-18.2761	4.7083	0.0087	-19.3714	-82.4283	TE +34.3;KURA +17.1	TE +18.9;MMYT +5.2
rerun_grid	ALL	incumbent	none|trail_max10_20	A_disc	521	224	34	214.6237	140.6458	135.3542	78.2358	78.2358	-1.0038	-1.0000	-1.0000	-1.0000	-1.0000	-60.9766	-0.1170	-112.3727	16.4484	0.0316	-28.2186	14.1388	0.0271	-30.5282	8.0186	0.0154	-16.0611	6.9670	0.0134	-17.1128	-73.6714	TE +34.3;KURA +17.1	TE +18.9;MMYT +5.2
rerun_grid	ALL	incumbent	none|trail_max10_20	B	20	12	0	0	0	0	0	0	-1.0000	-1.0000	-0.7500	-0.7500	-0.9750	-16.9239	-0.8462	-15.9173	-5.8444	-0.2922	-5.7830	-5.3950	-0.2697	-5.2830	-3.1516	-0.1576	-3.1416	-3.3758	-0.1688	-3.3666	-19.2361	DG -0.1;AGX -0.9	SEI +0.0;AGX -0.0
rerun_grid	ALL	incumbent	none|time_s3	A	540	231	40	280.1179	141.4518	136.2187	76.7401	77.7725	-1.0000	-1.0000	-1.0000	-1.0000	-1.0000	10.4600	0.0194	-27.8112	24.4804	0.0453	-2.8960	23.9402	0.0443	-3.4361	19.7193	0.0365	3.0842	18.3278	0.0339	1.4252	-9.1340	INFQ +19.5;FTK +18.8	HQ +10.9;VOYG +5.7
rerun_grid	ALL	incumbent	none|time_s3	A_disc	521	224	39	274.0465	140.3101	135.0770	76.1692	77.2016	-1.0000	-1.0000	-1.0000	-1.0000	-1.0000	7.3238	0.0141	-30.9474	23.9759	0.0460	-3.4005	22.9181	0.0440	-4.4583	18.8137	0.0361	2.1787	17.5027	0.0336	0.6001	-12.2702	INFQ +19.5;FTK +18.8	HQ +10.9;VOYG +5.7
rerun_grid	ALL	incumbent	none|time_s3	B	20	12	0	0	0	0	0	0	-1.0000	-1.0000	-0.7500	-0.7500	-0.9750	-17.1914	-0.8596	-17.8367	-6.7997	-0.3400	-7.6729	-5.8640	-0.2932	-6.7372	-3.8591	-0.1930	-4.2957	-4.0926	-0.2046	-4.5292	-19.5036	DG +1.6;IONQ -1.0	DG +0.5;ROIV -0.1
rerun_grid	ALL	incumbent	none|time_s5	A	540	231	36	262.6684	145.4609	140.6412	79.6113	80.2263	-1.0000	-1.0000	-1.0000	-1.0000	-1.0000	-48.2752	-0.0894	-95.3158	4.2381	0.0078	-29.4859	6.7068	0.0124	-25.7416	4.8901	0.0091	-14.2839	1.6412	0.0030	-18.1479	-67.8692	FTK +26.6;TE +20.5	TE +11.2;FTK +7.9
rerun_grid	ALL	incumbent	none|time_s5	A_disc	521	224	36	262.6684	145.4609	140.6412	79.6113	80.2263	-1.0000	-1.0000	-1.0000	-1.0000	-1.0000	-36.1905	-0.0695	-83.2311	9.1860	0.0176	-24.5380	10.9091	0.0209	-21.5393	6.6464	0.0128	-12.5276	3.5322	0.0068	-16.2569	-55.7845	FTK +26.6;TE +20.5	TE +11.2;FTK +7.9
rerun_grid	ALL	incumbent	none|time_s5	B	20	12	0	0	0	0	0	0	-1.0000	-1.0000	-0.7500	-0.7500	-0.9750	-17.3918	-0.8696	-17.1331	-6.6381	-0.3319	-6.9693	-5.8783	-0.2939	-6.2095	-3.6024	-0.1801	-3.7680	-3.8288	-0.1914	-3.9944	-19.7040	DG +0.7;IONQ -1.0	DG +0.2;ROIV -0.1
rerun_grid	ALL	incumbent	none|time_s10	A	540	231	35	241.2852	167.8333	157.5115	95.4035	96.1171	-1.0000	-1.0000	-1.0000	-1.0000	-1.0000	-104.7203	-0.1939	-156.1164	6.0743	0.0112	-38.5927	1.1687	0.0022	-43.4984	3.9159	0.0073	-22.7165	1.6105	0.0030	-25.0219	-125.5260	TE +34.3;KURA +17.1	TE +18.9;ABVX +7.8
rerun_grid	ALL	incumbent	none|time_s10	A_disc	521	224	35	241.2852	167.8333	157.5115	95.4035	96.1171	-1.0000	-1.0000	-1.0000	-1.0000	-1.0000	-92.2700	-0.1771	-143.6661	11.7764	0.0226	-32.8907	6.1871	0.0119	-38.4799	6.6451	0.0128	-19.9873	4.4744	0.0086	-22.1580	-113.0757	TE +34.3;KURA +17.1	TE +18.9;ABVX +7.8
rerun_grid	ALL	incumbent	none|time_s10	B	20	12	0	0	0	0	0	0	-1.0000	-1.0000	-0.7500	-0.7500	-0.9750	-17.6665	-0.8833	-17.0000	-6.5743	-0.3287	-6.8267	-5.9572	-0.2979	-6.1002	-3.4279	-0.1714	-3.6635	-3.6485	-0.1824	-3.8885	-19.9787	DG -0.1;SEI -0.6	SEI +0.3;DG -0.0
rerun_grid	ALL	incumbent	none|sma21_2x	A	540	231	35	234.1688	158.4170	148.0952	87.6055	88.3190	-1.0000	-1.0000	-1.0000	-1.0000	-1.0000	-84.8164	-0.1571	-136.2125	12.6922	0.0235	-31.9749	7.0309	0.0130	-37.6362	6.0819	0.0113	-17.9978	4.9048	0.0091	-19.8802	-105.6221	TE +34.3;KURA +17.1	TE +18.9;MMYT +5.2
rerun_grid	ALL	incumbent	none|sma21_2x	A_disc	521	224	35	234.1688	158.4170	148.0952	87.6055	88.3190	-1.0000	-1.0000	-1.0000	-1.0000	-1.0000	-72.3661	-0.1389	-123.7622	18.3943	0.0353	-26.2728	12.0493	0.0231	-32.6177	8.8111	0.0169	-15.2686	7.7686	0.0149	-17.0163	-93.1718	TE +34.3;KURA +17.1	TE +18.9;MMYT +5.2
rerun_grid	ALL	incumbent	none|sma21_2x	B	20	12	0	0	0	0	0	0	-1.0000	-1.0000	-0.7500	-0.7500	-0.9750	-18.1225	-0.9061	-17.0000	-6.8477	-0.3424	-7.0492	-6.2306	-0.3115	-6.3227	-3.5646	-0.1782	-3.7747	-3.7852	-0.1893	-3.9998	-20.4347	DG -0.6;SEI -0.6	SEI +0.3;ROIV -0.1
rerun_grid	ALL	incumbent	none|ema23_2x	A	540	231	33	223.3536	147.9793	142.6876	82.3866	82.3866	-1.0000	-1.0000	-1.0000	-1.0000	-1.0000	-88.8934	-0.1646	-140.2895	6.7634	0.0125	-37.9037	4.9664	0.0092	-39.7007	3.3099	0.0061	-20.7699	1.5444	0.0029	-22.5354	-109.4184	TE +34.3;KURA +17.1	TE +18.9;MMYT +5.2
rerun_grid	ALL	incumbent	none|ema23_2x	A_disc	521	224	33	223.3536	147.9793	142.6876	82.3866	82.3866	-1.0000	-1.0000	-1.0000	-1.0000	-1.0000	-81.0236	-0.1555	-132.4197	10.6675	0.0205	-33.9995	8.1868	0.0157	-36.4802	5.1401	0.0099	-18.9396	3.5092	0.0067	-20.5705	-101.5486	TE +34.3;KURA +17.1	TE +18.9;MMYT +5.2
rerun_grid	ALL	incumbent	none|ema23_2x	B	20	12	0	0	0	0	0	0	-1.0000	-1.0000	-0.7500	-0.7500	-0.9750	-18.1225	-0.9061	-17.0000	-6.8477	-0.3424	-7.0492	-6.2306	-0.3115	-6.3227	-3.5646	-0.1782	-3.7747	-3.7852	-0.1893	-3.9998	-20.4347	DG -0.6;SEI -0.6	SEI +0.3;ROIV -0.1
rerun_grid	ALL	incumbent	none|sma50_1x	A	540	231	30	170.0923	107.5617	102.2700	60.4316	60.4316	-1.0038	-1.0000	-1.0000	-1.0000	-1.0000	-110.4841	-0.2046	-143.5499	-20.6129	-0.0382	-38.8124	-21.3742	-0.0396	-39.5737	-11.6784	-0.0216	-21.6119	-13.8039	-0.0256	-23.7373	-119.7387	KURA +17.1;MMYT +16.0	MMYT +5.2;HQ +4.7
rerun_grid	ALL	incumbent	none|sma50_1x	A_disc	521	224	30	170.0923	107.5617	102.2700	60.4316	60.4316	-1.0038	-1.0000	-1.0000	-1.0000	-1.0000	-100.8302	-0.1935	-133.8960	-16.3391	-0.0314	-34.5387	-17.7841	-0.0341	-35.9836	-9.6633	-0.0185	-19.5968	-11.6542	-0.0224	-21.5876	-110.0848	KURA +17.1;MMYT +16.0	MMYT +5.2;HQ +4.7
rerun_grid	ALL	incumbent	none|sma50_1x	B	20	12	0	0	0	0	0	0	-1.0000	-1.0000	-0.7500	-0.7500	-0.9750	-16.9904	-0.8495	-15.8679	-5.7422	-0.2871	-6.0356	-5.3815	-0.2691	-5.5356	-3.0118	-0.1506	-3.2679	-3.2325	-0.1616	-3.4929	-19.3026	DG -0.6;SEI -0.6	SEI +0.3;AGX -0.0
rerun_grid	ALL	incumbent	none|ema65_1x	A	540	231	30	172.1943	102.5121	97.2204	57.9068	57.9068	-1.0038	-1.0000	-1.0000	-1.0000	-1.0000	-129.1028	-0.2391	-158.7671	-40.8404	-0.0756	-55.7343	-41.0087	-0.0759	-55.9026	-23.0768	-0.0427	-32.2457	-25.7870	-0.0478	-34.9559	-139.8727	KURA +17.1;TEAM +12.6	HQ +4.7;FPS +4.5
rerun_grid	ALL	incumbent	none|ema65_1x	A_disc	521	224	30	172.1943	102.5121	97.2204	57.9068	57.9068	-1.0038	-1.0000	-1.0000	-1.0000	-1.0000	-120.1942	-0.2307	-149.8585	-35.9791	-0.0691	-50.8730	-36.8311	-0.0707	-51.7250	-20.7680	-0.0399	-29.9369	-23.3436	-0.0448	-32.5124	-130.9641	KURA +17.1;TEAM +12.6	HQ +4.7;FPS +4.5
rerun_grid	ALL	incumbent	none|ema65_1x	B	20	12	0	0	0	0	0	0	-1.0000	-1.0000	-0.7500	-0.7500	-0.9750	-16.5344	-0.8267	-15.8679	-5.4688	-0.2734	-5.7622	-5.1081	-0.2554	-5.2622	-2.8751	-0.1438	-3.1312	-3.0958	-0.1548	-3.3562	-18.8466	DG -0.1;SEI -0.6	SEI +0.3;AGX -0.0
rerun_grid	ALL	incumbent	none|hv21_50_noreclaim2	A	540	231	35	241.2852	167.8333	157.5115	95.4035	96.1171	-1.0000	-1.0000	-1.0000	-1.0000	-1.0000	-104.7203	-0.1939	-156.1164	6.0743	0.0112	-38.5927	1.1687	0.0022	-43.4984	3.9159	0.0073	-22.7165	1.6105	0.0030	-25.0219	-125.5260	TE +34.3;KURA +17.1	TE +18.9;ABVX +7.8
rerun_grid	ALL	incumbent	none|hv21_50_noreclaim2	A_disc	521	224	35	241.2852	167.8333	157.5115	95.4035	96.1171	-1.0000	-1.0000	-1.0000	-1.0000	-1.0000	-92.2700	-0.1771	-143.6661	11.7764	0.0226	-32.8907	6.1871	0.0119	-38.4799	6.6451	0.0128	-19.9873	4.4744	0.0086	-22.1580	-113.0757	TE +34.3;KURA +17.1	TE +18.9;ABVX +7.8
rerun_grid	ALL	incumbent	none|hv21_50_noreclaim2	B	20	12	0	0	0	0	0	0	-1.0000	-1.0000	-0.7500	-0.7500	-0.9750	-17.6665	-0.8833	-17.0000	-6.5743	-0.3287	-6.8267	-5.9572	-0.2979	-6.1002	-3.4279	-0.1714	-3.6635	-3.6485	-0.1824	-3.8885	-19.9787	DG -0.1;SEI -0.6	SEI +0.3;DG -0.0
rerun_grid	ALL	incumbent	1R|none	A	540	231	0	0	0	0	0	0	-1.0000	-1.0000	-1.0000	-1.0000	-1.0000	-17.7127	-0.0328	-24.7127	-4.6110	-0.0085	-9.4871	-4.7132	-0.0087	-9.3392	-2.3796	-0.0044	-6.4469	-3.7362	-0.0069	-7.9868	-28.0936	CLF +4.0;ASTI +3.0	CRSR +2.2;ABVX +1.9
rerun_grid	ALL	incumbent	1R|none	A_disc	521	224	0	0	0	0	0	0	-1.0000	-1.0000	-1.0000	-1.0000	-1.0000	-17.5909	-0.0338	-24.5909	-4.7072	-0.0090	-9.5832	-5.3198	-0.0102	-9.9458	-2.8626	-0.0055	-6.9299	-4.0845	-0.0078	-8.3352	-27.9718	CLF +4.0;ASTI +3.0	CRSR +2.2;ABVX +1.9
rerun_grid	ALL	incumbent	1R|none	B	20	12	0	0	0	0	0	0	-1.0000	-1.0000	-0.7500	-0.7500	-0.9750	-8.0000	-0.4000	-11.0000	-3.6378	-0.1819	-5.3601	-3.1612	-0.1581	-4.6335	-1.8190	-0.0909	-2.9302	-2.0340	-0.1017	-3.1552	-8.0000	SEI +2.0;DG +1.0	SEI +0.8;DG +0.3
rerun_grid	ALL	incumbent	1R|trail_sma10	A	540	231	0	0	0	0	0	0	-1.0000	-1.0000	-1.0000	-1.0000	-1.0000	-3.6924	-0.0068	-10.0541	6.7690	0.0125	2.7690	6.2049	0.0115	2.2049	6.5408	0.0121	2.9971	6.0149	0.0111	2.4713	-10.9044	CLF +3.4;ASTI +3.0	ABVX +1.9;AMBQ +1.7
rerun_grid	ALL	incumbent	1R|trail_sma10	A_disc	521	224	0	0	0	0	0	0	-1.0000	-1.0000	-1.0000	-1.0000	-1.0000	-1.9385	-0.0037	-8.3002	6.8856	0.0132	2.8856	6.1488	0.0118	2.1488	6.1472	0.0118	2.6036	5.6651	0.0109	2.1214	-9.1505	CLF +3.4;ASTI +3.0	ABVX +1.9;AMBQ +1.7
rerun_grid	ALL	incumbent	1R|trail_sma10	B	20	12	0	0	0	0	0	0	-1.0000	-1.0000	-0.7500	-0.7500	-0.9750	-8.0000	-0.4000	-11.0000	-3.6378	-0.1819	-5.3601	-3.1612	-0.1581	-4.6335	-1.8190	-0.0909	-2.9302	-2.0340	-0.1017	-3.1552	-8.0000	SEI +2.0;DG +1.0	SEI +0.8;DG +0.3
rerun_grid	ALL	incumbent	1R|trail_sma20	A	540	231	0	0	0	0	0	0	-1.0000	-1.0000	-1.0000	-1.0000	-1.0000	-5.9448	-0.0110	-12.3065	6.1105	0.0113	2.1105	4.9731	0.0092	0.9731	5.6279	0.0104	2.0842	5.2901	0.0098	1.7464	-13.6964	CLF +3.4;ASTI +3.0	ABVX +1.9;AMBQ +1.7
rerun_grid	ALL	incumbent	1R|trail_sma20	A_disc	521	224	0	0	0	0	0	0	-1.0000	-1.0000	-1.0000	-1.0000	-1.0000	-3.4815	-0.0067	-9.8432	6.9365	0.0133	2.9365	5.2886	0.0102	1.2886	5.6059	0.0108	2.0623	5.4028	0.0104	1.8592	-11.2331	CLF +3.4;ASTI +3.0	ABVX +1.9;AMBQ +1.7
rerun_grid	ALL	incumbent	1R|trail_sma20	B	20	12	0	0	0	0	0	0	-1.0000	-1.0000	-0.7500	-0.7500	-0.9750	-6.8679	-0.3434	-9.8679	-2.5322	-0.1266	-4.2545	-2.3122	-0.1156	-3.7845	-1.2662	-0.0633	-2.3774	-1.4812	-0.0741	-2.6024	-6.8679	SEI +2.0;DG +1.0	SEI +0.8;DG +0.3
rerun_grid	ALL	incumbent	1R|trail_max10_20	A	540	231	0	0	0	0	0	0	-1.0000	-1.0000	-1.0000	-1.0000	-1.0000	-0.5895	-0.0011	-6.9512	8.9776	0.0166	4.9776	7.7613	0.0144	3.7613	7.6827	0.0142	4.1390	7.6913	0.0142	4.1477	-6.9233	CLF +3.4;ASTI +3.0	ABVX +1.9;AMBQ +1.7
rerun_grid	ALL	incumbent	1R|trail_max10_20	A_disc	521	224	0	0	0	0	0	0	-1.0000	-1.0000	-1.0000	-1.0000	-1.0000	1.1644	0.0022	-5.1973	9.0942	0.0175	5.0942	7.7052	0.0148	3.7052	7.2891	0.0140	3.7455	7.3415	0.0141	3.7978	-5.1694	CLF +3.4;ASTI +3.0	ABVX +1.9;AMBQ +1.7
rerun_grid	ALL	incumbent	1R|trail_max10_20	B	20	12	0	0	0	0	0	0	-1.0000	-1.0000	-0.7500	-0.7500	-0.9750	-6.8679	-0.3434	-9.8679	-2.5322	-0.1266	-4.2545	-2.3122	-0.1156	-3.7845	-1.2662	-0.0633	-2.3774	-1.4812	-0.0741	-2.6024	-6.8679	SEI +2.0;DG +1.0	SEI +0.8;DG +0.3
rerun_grid	ALL	incumbent	1R|time_s3	A	540	231	0	0	0	0	0	0	-1.0000	-1.0000	-1.0000	-1.0000	-1.0000	-13.9737	-0.0259	-20.9737	-0.4882	-0.0009	-4.5183	0.2322	0.0004	-3.7615	3.7734	0.0070	0.3407	2.4155	0.0045	-1.0455	-23.9124	CLF +4.0;ASTI +3.0	ABVX +1.9;CRSR +1.6
rerun_grid	ALL	incumbent	1R|time_s3	A_disc	521	224	0	0	0	0	0	0	-1.0000	-1.0000	-1.0000	-1.0000	-1.0000	-14.7499	-0.0283	-21.7499	-1.4824	-0.0028	-5.5124	-1.0711	-0.0021	-5.0648	2.5938	0.0050	-0.8390	1.3163	0.0025	-2.1448	-24.6886	CLF +4.0;ASTI +3.0	ABVX +1.9;CRSR +1.6
rerun_grid	ALL	incumbent	1R|time_s3	B	20	12	0	0	0	0	0	0	-1.0000	-1.0000	-0.7500	-0.7500	-0.9750	-8.0000	-0.4000	-11.0000	-3.6378	-0.1819	-5.3601	-3.1612	-0.1581	-4.6335	-1.8190	-0.0909	-2.9302	-2.0340	-0.1017	-3.1552	-8.0000	SEI +2.0;DG +1.0	SEI +0.8;DG +0.3
rerun_grid	ALL	incumbent	1R|time_s5	A	540	231	0	0	0	0	0	0	-1.0000	-1.0000	-1.0000	-1.0000	-1.0000	-18.0253	-0.0334	-25.0253	-4.7501	-0.0088	-8.7438	-3.4328	-0.0064	-7.4265	-0.5382	-0.0010	-3.8657	-2.4860	-0.0046	-5.9401	-27.9640	CLF +4.0;ASTI +3.0	ABVX +1.9;DRTS +1.4
rerun_grid	ALL	incumbent	1R|time_s5	A_disc	521	224	0	0	0	0	0	0	-1.0000	-1.0000	-1.0000	-1.0000	-1.0000	-18.2540	-0.0350	-25.2540	-5.1967	-0.0100	-9.1904	-4.3899	-0.0084	-8.3836	-1.3717	-0.0026	-4.6992	-3.1848	-0.0061	-6.6390	-28.1927	CLF +4.0;ASTI +3.0	ABVX +1.9;DRTS +1.4
rerun_grid	ALL	incumbent	1R|time_s5	B	20	12	0	0	0	0	0	0	-1.0000	-1.0000	-0.7500	-0.7500	-0.9750	-8.0000	-0.4000	-11.0000	-3.6378	-0.1819	-5.3601	-3.1612	-0.1581	-4.6335	-1.8190	-0.0909	-2.9302	-2.0340	-0.1017	-3.1552	-8.0000	SEI +2.0;DG +1.0	SEI +0.8;DG +0.3
rerun_grid	ALL	incumbent	1R|time_s10	A	540	231	0	0	0	0	0	0	-1.0000	-1.0000	-1.0000	-1.0000	-1.0000	-17.7127	-0.0328	-24.7127	-4.6110	-0.0085	-9.4871	-4.7132	-0.0087	-9.3392	-2.3796	-0.0044	-6.4469	-3.7362	-0.0069	-7.9868	-28.0936	CLF +4.0;ASTI +3.0	CRSR +2.2;ABVX +1.9
rerun_grid	ALL	incumbent	1R|time_s10	A_disc	521	224	0	0	0	0	0	0	-1.0000	-1.0000	-1.0000	-1.0000	-1.0000	-17.5909	-0.0338	-24.5909	-4.7072	-0.0090	-9.5832	-5.3198	-0.0102	-9.9458	-2.8626	-0.0055	-6.9299	-4.0845	-0.0078	-8.3352	-27.9718	CLF +4.0;ASTI +3.0	CRSR +2.2;ABVX +1.9
rerun_grid	ALL	incumbent	1R|time_s10	B	20	12	0	0	0	0	0	0	-1.0000	-1.0000	-0.7500	-0.7500	-0.9750	-8.0000	-0.4000	-11.0000	-3.6378	-0.1819	-5.3601	-3.1612	-0.1581	-4.6335	-1.8190	-0.0909	-2.9302	-2.0340	-0.1017	-3.1552	-8.0000	SEI +2.0;DG +1.0	SEI +0.8;DG +0.3
rerun_grid	ALL	incumbent	1R|sma21_2x	A	540	231	0	0	0	0	0	0	-1.0000	-1.0000	-1.0000	-1.0000	-1.0000	-14.5053	-0.0269	-21.5053	-0.9261	-0.0017	-5.4692	-1.5413	-0.0029	-5.8344	1.1469	0.0021	-2.7539	0.1434	0.0003	-3.9408	-24.8862	CLF +4.0;ASTI +3.0	CRSR +2.0;ABVX +1.9
rerun_grid	ALL	incumbent	1R|sma21_2x	A_disc	521	224	0	0	0	0	0	0	-1.0000	-1.0000	-1.0000	-1.0000	-1.0000	-14.3835	-0.0276	-21.3835	-1.0222	-0.0020	-5.5653	-2.1479	-0.0041	-6.4410	0.6639	0.0013	-3.2369	-0.2049	-0.0004	-4.2891	-24.7644	CLF +4.0;ASTI +3.0	CRSR +2.0;ABVX +1.9
rerun_grid	ALL	incumbent	1R|sma21_2x	B	20	12	0	0	0	0	0	0	-1.0000	-1.0000	-0.7500	-0.7500	-0.9750	-8.0000	-0.4000	-11.0000	-3.6378	-0.1819	-5.3601	-3.1612	-0.1581	-4.6335	-1.8190	-0.0909	-2.9302	-2.0340	-0.1017	-3.1552	-8.0000	SEI +2.0;DG +1.0	SEI +0.8;DG +0.3
rerun_grid	ALL	incumbent	1R|ema23_2x	A	540	231	0	0	0	0	0	0	-1.0000	-1.0000	-1.0000	-1.0000	-1.0000	-13.0887	-0.0242	-20.0887	0.3910	0.0007	-4.1521	-0.3622	-0.0007	-4.6553	1.9978	0.0037	-1.9030	0.9943	0.0018	-3.0899	-23.1889	CLF +4.0;ASTI +3.0	CRSR +2.0;ABVX +1.9
rerun_grid	ALL	incumbent	1R|ema23_2x	A_disc	521	224	0	0	0	0	0	0	-1.0000	-1.0000	-1.0000	-1.0000	-1.0000	-12.9669	-0.0249	-19.9669	0.2948	0.0006	-4.2482	-0.9689	-0.0019	-5.2619	1.5148	0.0029	-2.3860	0.6460	0.0012	-3.4382	-23.0671	CLF +4.0;ASTI +3.0	CRSR +2.0;ABVX +1.9
rerun_grid	ALL	incumbent	1R|ema23_2x	B	20	12	0	0	0	0	0	0	-1.0000	-1.0000	-0.7500	-0.7500	-0.9750	-8.0000	-0.4000	-11.0000	-3.6378	-0.1819	-5.3601	-3.1612	-0.1581	-4.6335	-1.8190	-0.0909	-2.9302	-2.0340	-0.1017	-3.1552	-8.0000	SEI +2.0;DG +1.0	SEI +0.8;DG +0.3
rerun_grid	ALL	incumbent	1R|sma50_1x	A	540	231	0	0	0	0	0	0	-1.0000	-1.0000	-1.0000	-1.0000	-1.0000	-16.0171	-0.0297	-22.3788	-2.8974	-0.0054	-7.7734	-2.4650	-0.0046	-7.0911	0.3405	0.0006	-3.7268	-0.8824	-0.0016	-5.1331	-22.3237	CLF +3.4;ASTI +3.0	CRSR +2.2;ABVX +1.9
rerun_grid	ALL	incumbent	1R|sma50_1x	A_disc	521	224	0	0	0	0	0	0	-1.0000	-1.0000	-1.0000	-1.0000	-1.0000	-12.6917	-0.0244	-19.0534	-1.4825	-0.0028	-6.3585	-1.5606	-0.0030	-6.1866	0.6130	0.0012	-3.4543	-0.4752	-0.0009	-4.7259	-18.9983	CLF +3.4;ASTI +3.0	CRSR +2.2;ABVX +1.9
rerun_grid	ALL	incumbent	1R|sma50_1x	B	20	12	0	0	0	0	0	0	-1.0000	-1.0000	-0.7500	-0.7500	-0.9750	-6.8679	-0.3434	-9.8679	-2.5322	-0.1266	-4.2545	-2.3122	-0.1156	-3.7845	-1.2662	-0.0633	-2.3774	-1.4812	-0.0741	-2.6024	-6.8679	SEI +2.0;DG +1.0	SEI +0.8;DG +0.3
rerun_grid	ALL	incumbent	1R|ema65_1x	A	540	231	0	0	0	0	0	0	-1.0000	-1.0000	-1.0000	-1.0000	-1.0000	-20.7518	-0.0384	-27.1135	-5.3395	-0.0099	-10.2155	-5.5743	-0.0103	-10.2003	-1.6396	-0.0030	-5.7069	-2.9686	-0.0055	-7.2193	-27.0571	CLF +3.4;ASTI +3.0	CRSR +2.2;ABVX +1.9
rerun_grid	ALL	incumbent	1R|ema65_1x	A_disc	521	224	0	0	0	0	0	0	-1.0000	-1.0000	-1.0000	-1.0000	-1.0000	-18.2885	-0.0351	-24.6502	-4.5135	-0.0087	-9.3895	-5.2588	-0.0101	-9.8848	-1.6616	-0.0032	-5.7288	-2.8559	-0.0055	-7.1066	-24.5938	CLF +3.4;ASTI +3.0	CRSR +2.2;ABVX +1.9
rerun_grid	ALL	incumbent	1R|ema65_1x	B	20	12	0	0	0	0	0	0	-1.0000	-1.0000	-0.7500	-0.7500	-0.9750	-6.8679	-0.3434	-9.8679	-2.5322	-0.1266	-4.2545	-2.3122	-0.1156	-3.7845	-1.2662	-0.0633	-2.3774	-1.4812	-0.0741	-2.6024	-6.8679	SEI +2.0;DG +1.0	SEI +0.8;DG +0.3
rerun_grid	ALL	incumbent	1R|hv21_50_noreclaim2	A	540	231	0	0	0	0	0	0	-1.0000	-1.0000	-1.0000	-1.0000	-1.0000	-17.7127	-0.0328	-24.7127	-4.6110	-0.0085	-9.4871	-4.7132	-0.0087	-9.3392	-2.3796	-0.0044	-6.4469	-3.7362	-0.0069	-7.9868	-28.0936	CLF +4.0;ASTI +3.0	CRSR +2.2;ABVX +1.9
rerun_grid	ALL	incumbent	1R|hv21_50_noreclaim2	A_disc	521	224	0	0	0	0	0	0	-1.0000	-1.0000	-1.0000	-1.0000	-1.0000	-17.5909	-0.0338	-24.5909	-4.7072	-0.0090	-9.5832	-5.3198	-0.0102	-9.9458	-2.8626	-0.0055	-6.9299	-4.0845	-0.0078	-8.3352	-27.9718	CLF +4.0;ASTI +3.0	CRSR +2.2;ABVX +1.9
rerun_grid	ALL	incumbent	1R|hv21_50_noreclaim2	B	20	12	0	0	0	0	0	0	-1.0000	-1.0000	-0.7500	-0.7500	-0.9750	-8.0000	-0.4000	-11.0000	-3.6378	-0.1819	-5.3601	-3.1612	-0.1581	-4.6335	-1.8190	-0.0909	-2.9302	-2.0340	-0.1017	-3.1552	-8.0000	SEI +2.0;DG +1.0	SEI +0.8;DG +0.3
rerun_grid	ALL	incumbent	2R|none	A	540	231	0	0	0	0	0	0	-1.0000	-1.0000	-1.0000	-1.0000	-1.0000	-36.3163	-0.0673	-47.3674	-15.2970	-0.0283	-23.1856	-15.4232	-0.0286	-23.1986	-9.2357	-0.0171	-15.1864	-11.2784	-0.0209	-17.6881	-49.8195	CLF +6.9;PWR +4.1	CRSR +3.1;ARM +2.9
rerun_grid	ALL	incumbent	2R|none	A_disc	521	224	0	0	0	0	0	0	-1.0000	-1.0000	-1.0000	-1.0000	-1.0000	-38.8453	-0.0746	-49.8964	-16.4598	-0.0316	-24.3484	-17.2696	-0.0331	-25.0450	-9.9390	-0.0191	-15.8896	-11.8470	-0.0227	-18.2567	-52.3485	CLF +6.9;PWR +4.1	CRSR +3.1;ARM +2.9
rerun_grid	ALL	incumbent	2R|none	B	20	12	0	0	0	0	0	0	-1.0000	-1.0000	-0.7500	-0.7500	-0.9750	-9.5625	-0.4781	-14.0000	-4.4801	-0.2240	-6.3623	-3.8630	-0.1931	-5.6357	-2.3808	-0.1190	-3.4313	-2.6014	-0.1301	-3.6563	-9.5625	SEI +2.4;DG +2.0	DG +0.6;SEI +0.5
rerun_grid	ALL	incumbent	2R|trail_sma10	A	540	231	0	0	0	0	0	0	-1.0000	-1.0000	-1.0000	-1.0000	-1.0000	-29.7337	-0.0551	-39.0145	-10.2324	-0.0189	-17.9541	-9.4811	-0.0176	-17.2028	-4.0200	-0.0074	-8.9732	-5.0685	-0.0094	-10.0216	-39.0729	CLF +5.3;AGYS +4.0	AMBQ +2.5;ABVX +2.4
rerun_grid	ALL	incumbent	2R|trail_sma10	A_disc	521	224	0	0	0	0	0	0	-1.0000	-1.0000	-1.0000	-1.0000	-1.0000	-30.2892	-0.0581	-39.5700	-10.3611	-0.0199	-18.0828	-9.9557	-0.0191	-17.6774	-4.1108	-0.0079	-9.0640	-5.1156	-0.0098	-10.0688	-39.6284	CLF +5.3;AGYS +4.0	AMBQ +2.5;ABVX +2.4
rerun_grid	ALL	incumbent	2R|trail_sma10	B	20	12	0	0	0	0	0	0	-1.0000	-1.0000	-0.7500	-0.7500	-0.9750	-9.9173	-0.4959	-14.0000	-4.8349	-0.2417	-6.3623	-4.1291	-0.2065	-5.6357	-2.6469	-0.1323	-3.4313	-2.8711	-0.1436	-3.6563	-9.9173	SEI +2.1;DG +2.0	DG +0.6;SEI +0.2
rerun_grid	ALL	incumbent	2R|trail_sma20	A	540	231	0	0	0	0	0	0	-1.0038	-1.0000	-1.0000	-1.0000	-1.0000	-37.2429	-0.0690	-46.6557	-15.2538	-0.0282	-22.9011	-15.5404	-0.0288	-23.1876	-7.2210	-0.0134	-12.1742	-7.6071	-0.0141	-12.5603	-46.5061	CLF +5.3;PWR +4.1	AMBQ +2.5;ABVX +2.4
rerun_grid	ALL	incumbent	2R|trail_sma20	A_disc	521	224	0	0	0	0	0	0	-1.0038	-1.0000	-1.0000	-1.0000	-1.0000	-35.4304	-0.0680	-44.8432	-14.7079	-0.0282	-22.3552	-15.6782	-0.0301	-23.3254	-7.0699	-0.0136	-12.0231	-7.3213	-0.0141	-12.2745	-44.6936	CLF +5.3;PWR +4.1	AMBQ +2.5;ABVX +2.4
rerun_grid	ALL	incumbent	2R|trail_sma20	B	20	12	0	0	0	0	0	0	-1.0000	-1.0000	-0.7500	-0.7500	-0.9750	-8.4304	-0.4215	-12.8679	-3.3746	-0.1687	-5.2567	-3.0139	-0.1507	-4.7867	-1.8280	-0.0914	-2.8785	-2.0487	-0.1024	-3.1035	-8.4304	SEI +2.4;DG +2.0	DG +0.6;SEI +0.5
rerun_grid	ALL	incumbent	2R|trail_max10_20	A	540	231	0	0	0	0	0	0	-1.0038	-1.0000	-1.0000	-1.0000	-1.0000	-30.8583	-0.0571	-40.1391	-11.7375	-0.0217	-19.3848	-11.6384	-0.0216	-19.2856	-4.8816	-0.0090	-9.8348	-5.3955	-0.0100	-10.3487	-38.7037	CLF +5.3;AGYS +4.0	AMBQ +2.5;ABVX +2.4
rerun_grid	ALL	incumbent	2R|trail_max10_20	A_disc	521	224	0	0	0	0	0	0	-1.0038	-1.0000	-1.0000	-1.0000	-1.0000	-31.4138	-0.0603	-40.6946	-11.8662	-0.0228	-19.5135	-12.1130	-0.0232	-19.7602	-4.9724	-0.0095	-9.9256	-5.4426	-0.0104	-10.3958	-39.2592	CLF +5.3;AGYS +4.0	AMBQ +2.5;ABVX +2.4
rerun_grid	ALL	incumbent	2R|trail_max10_20	B	20	12	0	0	0	0	0	0	-1.0000	-1.0000	-0.7500	-0.7500	-0.9750	-8.7852	-0.4393	-12.8679	-3.7294	-0.1865	-5.2567	-3.2800	-0.1640	-4.7867	-2.0941	-0.1047	-2.8785	-2.3183	-0.1159	-3.1035	-8.7852	SEI +2.1;DG +2.0	DG +0.6;SEI +0.2
rerun_grid	ALL	incumbent	2R|time_s3	A	540	231	0	0	0	0	0	0	-1.0000	-1.0000	-1.0000	-1.0000	-1.0000	-34.3462	-0.0636	-45.0846	-12.6971	-0.0235	-20.3443	-11.4850	-0.0213	-19.1323	-0.7024	-0.0013	-5.6162	-2.3358	-0.0043	-7.5851	-47.4072	CLF +5.9;TSAT +4.8	ABVX +2.7;TE +2.2
rerun_grid	ALL	incumbent	2R|time_s3	A_disc	521	224	0	0	0	0	0	0	-1.0000	-1.0000	-1.0000	-1.0000	-1.0000	-38.1933	-0.0733	-48.9317	-15.1796	-0.0291	-22.8268	-14.4851	-0.0278	-22.1324	-2.5970	-0.0050	-7.5107	-4.1499	-0.0080	-9.3991	-51.2543	CLF +5.9;TSAT +4.8	ABVX +2.7;TE +2.2
rerun_grid	ALL	incumbent	2R|time_s3	B	20	12	0	0	0	0	0	0	-1.0000	-1.0000	-0.7500	-0.7500	-0.9750	-10.8367	-0.5418	-14.0000	-5.7543	-0.2877	-7.0094	-4.8186	-0.2409	-6.0736	-3.3365	-0.1668	-3.9640	-3.5699	-0.1785	-4.1974	-10.8367	DG +2.0;SEI +1.2	DG +0.6;CHRN +0.0
rerun_grid	ALL	incumbent	2R|time_s5	A	540	231	0	0	0	0	0	0	-1.0000	-1.0000	-1.0000	-1.0000	-1.0000	-42.3800	-0.0785	-52.4436	-21.4838	-0.0398	-29.2448	-17.7664	-0.0329	-25.4136	-8.3916	-0.0155	-13.8048	-11.5805	-0.0214	-17.3697	-55.4410	CLF +6.1;AIP +4.0	ARM +2.9;ABVX +2.5
rerun_grid	ALL	incumbent	2R|time_s5	A_disc	521	224	0	0	0	0	0	0	-1.0000	-1.0000	-1.0000	-1.0000	-1.0000	-45.8415	-0.0880	-55.9051	-23.5818	-0.0453	-31.3428	-20.6101	-0.0396	-28.2573	-10.1582	-0.0195	-15.5714	-13.2124	-0.0254	-19.0016	-58.9025	CLF +6.1;AIP +4.0	ARM +2.9;ABVX +2.5
rerun_grid	ALL	incumbent	2R|time_s5	B	20	12	0	0	0	0	0	0	-1.0000	-1.0000	-0.7500	-0.7500	-0.9750	-10.1331	-0.5067	-14.0000	-5.0507	-0.2525	-6.3623	-4.2909	-0.2145	-5.6357	-2.8088	-0.1404	-3.4363	-3.0351	-0.1518	-3.6626	-10.1331	DG +2.0;SEI +1.9	DG +0.6;CHRN +0.0
rerun_grid	ALL	incumbent	2R|time_s10	A	540	231	0	0	0	0	0	0	-1.0000	-1.0000	-1.0000	-1.0000	-1.0000	-36.3163	-0.0673	-47.3674	-15.2970	-0.0283	-23.1856	-15.4232	-0.0286	-23.1986	-9.2357	-0.0171	-15.1864	-11.2784	-0.0209	-17.6881	-49.8195	CLF +6.9;PWR +4.1	CRSR +3.1;ARM +2.9
rerun_grid	ALL	incumbent	2R|time_s10	A_disc	521	224	0	0	0	0	0	0	-1.0000	-1.0000	-1.0000	-1.0000	-1.0000	-38.8453	-0.0746	-49.8964	-16.4598	-0.0316	-24.3484	-17.2696	-0.0331	-25.0450	-9.9390	-0.0191	-15.8896	-11.8470	-0.0227	-18.2567	-52.3485	CLF +6.9;PWR +4.1	CRSR +3.1;ARM +2.9
rerun_grid	ALL	incumbent	2R|time_s10	B	20	12	0	0	0	0	0	0	-1.0000	-1.0000	-0.7500	-0.7500	-0.9750	-9.5625	-0.4781	-14.0000	-4.4801	-0.2240	-6.3623	-3.8630	-0.1931	-5.6357	-2.3808	-0.1190	-3.4313	-2.6014	-0.1301	-3.6563	-9.5625	SEI +2.4;DG +2.0	DG +0.6;SEI +0.5
rerun_grid	ALL	incumbent	2R|sma21_2x	A	540	231	0	0	0	0	0	0	-1.0000	-1.0000	-1.0000	-1.0000	-1.0000	-34.8164	-0.0645	-45.8675	-13.7375	-0.0254	-21.6102	-14.7272	-0.0273	-22.3745	-7.4130	-0.0137	-12.8464	-8.2479	-0.0153	-14.0631	-48.3196	CLF +6.9;PWR +4.1	ARM +2.9;AMBQ +2.5
rerun_grid	ALL	incumbent	2R|sma21_2x	A_disc	521	224	0	0	0	0	0	0	-1.0000	-1.0000	-1.0000	-1.0000	-1.0000	-37.3454	-0.0717	-48.3965	-14.9003	-0.0286	-22.7730	-16.5737	-0.0318	-24.2209	-8.1162	-0.0156	-13.5496	-8.8165	-0.0169	-14.6317	-50.8486	CLF +6.9;PWR +4.1	ARM +2.9;AMBQ +2.5
rerun_grid	ALL	incumbent	2R|sma21_2x	B	20	12	0	0	0	0	0	0	-1.0000	-1.0000	-0.7500	-0.7500	-0.9750	-9.5625	-0.4781	-14.0000	-4.4801	-0.2240	-6.3623	-3.8630	-0.1931	-5.6357	-2.3808	-0.1190	-3.4313	-2.6014	-0.1301	-3.6563	-9.5625	SEI +2.4;DG +2.0	DG +0.6;SEI +0.5
rerun_grid	ALL	incumbent	2R|ema23_2x	A	540	231	0	0	0	0	0	0	-1.0000	-1.0000	-1.0000	-1.0000	-1.0000	-35.5458	-0.0658	-46.5969	-14.4386	-0.0267	-22.1996	-14.8864	-0.0276	-22.5336	-7.5712	-0.0140	-13.0046	-8.5890	-0.0159	-14.4042	-48.7683	CLF +6.9;PWR +4.1	ARM +2.9;AMBQ +2.5
rerun_grid	ALL	incumbent	2R|ema23_2x	A_disc	521	224	0	0	0	0	0	0	-1.0000	-1.0000	-1.0000	-1.0000	-1.0000	-38.0748	-0.0731	-49.1259	-15.6014	-0.0299	-23.3624	-16.7329	-0.0321	-24.3801	-8.2744	-0.0159	-13.7078	-9.1575	-0.0176	-14.9727	-51.2973	CLF +6.9;PWR +4.1	ARM +2.9;AMBQ +2.5
rerun_grid	ALL	incumbent	2R|ema23_2x	B	20	12	0	0	0	0	0	0	-1.0000	-1.0000	-0.7500	-0.7500	-0.9750	-9.5625	-0.4781	-14.0000	-4.4801	-0.2240	-6.3623	-3.8630	-0.1931	-5.6357	-2.3808	-0.1190	-3.4313	-2.6014	-0.1301	-3.6563	-9.5625	SEI +2.4;DG +2.0	DG +0.6;SEI +0.5
rerun_grid	ALL	incumbent	2R|sma50_1x	A	540	231	0	0	0	0	0	0	-1.0038	-1.0000	-1.0000	-1.0000	-1.0000	-42.9405	-0.0795	-51.0190	-20.4126	-0.0378	-27.9738	-19.2183	-0.0356	-26.6662	-10.5952	-0.0196	-16.2056	-11.9624	-0.0222	-17.6558	-50.7587	CLF +4.1;AGYS +4.0	CRSR +3.1;AMBQ +2.5
rerun_grid	ALL	incumbent	2R|sma50_1x	A_disc	521	224	0	0	0	0	0	0	-1.0038	-1.0000	-1.0000	-1.0000	-1.0000	-39.2659	-0.0754	-47.3444	-18.5947	-0.0357	-26.1558	-18.0840	-0.0347	-25.5320	-9.8081	-0.0188	-15.4185	-11.0406	-0.0212	-16.7340	-47.0841	CLF +4.1;AGYS +4.0	CRSR +3.1;AMBQ +2.5
rerun_grid	ALL	incumbent	2R|sma50_1x	B	20	12	0	0	0	0	0	0	-1.0000	-1.0000	-0.7500	-0.7500	-0.9750	-8.4304	-0.4215	-12.8679	-3.3746	-0.1687	-5.2567	-3.0139	-0.1507	-4.7867	-1.8280	-0.0914	-2.8785	-2.0487	-0.1024	-3.1035	-8.4304	SEI +2.4;DG +2.0	DG +0.6;SEI +0.5
rerun_grid	ALL	incumbent	2R|ema65_1x	A	540	231	0	0	0	0	0	0	-1.0038	-1.0000	-1.0000	-1.0000	-1.0000	-59.9841	-0.1111	-69.3969	-33.0716	-0.0612	-40.6328	-31.2843	-0.0579	-38.7323	-18.1893	-0.0337	-23.7997	-20.1412	-0.0373	-25.8346	-67.8010	CLF +5.3;PWR +4.1	CRSR +3.1;AMBQ +2.5
rerun_grid	ALL	incumbent	2R|ema65_1x	A_disc	521	224	0	0	0	0	0	0	-1.0038	-1.0000	-1.0000	-1.0000	-1.0000	-60.0548	-0.1153	-69.4676	-32.7155	-0.0628	-40.2767	-31.6119	-0.0607	-39.0598	-18.1331	-0.0348	-23.7435	-19.9503	-0.0383	-25.6438	-67.8717	CLF +5.3;PWR +4.1	CRSR +3.1;AMBQ +2.5
rerun_grid	ALL	incumbent	2R|ema65_1x	B	20	12	0	0	0	0	0	0	-1.0000	-1.0000	-0.7500	-0.7500	-0.9750	-8.4304	-0.4215	-12.8679	-3.3746	-0.1687	-5.2567	-3.0139	-0.1507	-4.7867	-1.8280	-0.0914	-2.8785	-2.0487	-0.1024	-3.1035	-8.4304	SEI +2.4;DG +2.0	DG +0.6;SEI +0.5
rerun_grid	ALL	incumbent	2R|hv21_50_noreclaim2	A	540	231	0	0	0	0	0	0	-1.0000	-1.0000	-1.0000	-1.0000	-1.0000	-36.3163	-0.0673	-47.3674	-15.2970	-0.0283	-23.1856	-15.4232	-0.0286	-23.1986	-9.2357	-0.0171	-15.1864	-11.2784	-0.0209	-17.6881	-49.8195	CLF +6.9;PWR +4.1	CRSR +3.1;ARM +2.9
rerun_grid	ALL	incumbent	2R|hv21_50_noreclaim2	A_disc	521	224	0	0	0	0	0	0	-1.0000	-1.0000	-1.0000	-1.0000	-1.0000	-38.8453	-0.0746	-49.8964	-16.4598	-0.0316	-24.3484	-17.2696	-0.0331	-25.0450	-9.9390	-0.0191	-15.8896	-11.8470	-0.0227	-18.2567	-52.3485	CLF +6.9;PWR +4.1	CRSR +3.1;ARM +2.9
rerun_grid	ALL	incumbent	2R|hv21_50_noreclaim2	B	20	12	0	0	0	0	0	0	-1.0000	-1.0000	-0.7500	-0.7500	-0.9750	-9.5625	-0.4781	-14.0000	-4.4801	-0.2240	-6.3623	-3.8630	-0.1931	-5.6357	-2.3808	-0.1190	-3.4313	-2.6014	-0.1301	-3.6563	-9.5625	SEI +2.4;DG +2.0	DG +0.6;SEI +0.5
rerun_grid	ALL	incumbent	3R|none	A	540	231	107	321.0000	172.0966	162.6870	96.8668	98.8224	-1.0000	-1.0000	-1.0000	-1.0000	-1.0000	-23.6248	-0.0437	-39.5439	-9.1779	-0.0170	-20.9869	-12.3311	-0.0228	-23.8019	-6.8716	-0.0127	-14.5955	-8.1828	-0.0152	-16.5533	-41.9774	CLF +9.9;AIP +6.0	ARM +4.4;TE +3.3
rerun_grid	ALL	incumbent	3R|none	A_disc	521	224	104	312.0000	168.5251	159.1154	95.0810	97.0366	-1.0000	-1.0000	-1.0000	-1.0000	-1.0000	-20.1538	-0.0387	-36.0729	-7.2732	-0.0140	-19.0822	-11.1101	-0.0213	-22.5809	-6.0411	-0.0116	-13.7650	-7.2177	-0.0139	-15.5881	-38.5064	CLF +9.9;AIP +6.0	ARM +4.4;TE +3.3
rerun_grid	ALL	incumbent	3R|none	B	20	12	2	6.0000	0.8327	0.8327	0.4163	0.4163	-1.0000	-1.0000	-0.7500	-0.7500	-0.9750	-9.6665	-0.4833	-15.1040	-5.4641	-0.2732	-6.4805	-4.8469	-0.2423	-5.7540	-2.8728	-0.1436	-3.4904	-3.0934	-0.1547	-3.7154	-9.6665	SEI +3.4;CHRN +2.0	SEI +0.5;CHRN +0.1
rerun_grid	ALL	incumbent	3R|trail_sma10	A	540	231	95	285.0000	147.6743	142.5926	83.5178	84.4038	-1.0000	-1.0000	-1.0000	-1.0000	-1.0000	-21.1447	-0.0392	-34.4255	-6.9266	-0.0128	-18.3975	-7.7046	-0.0143	-19.1755	-3.2164	-0.0060	-9.7644	-3.9695	-0.0074	-10.5175	-35.3333	CLF +7.3;AIP +6.0	TE +3.3;AMBQ +3.2
rerun_grid	ALL	incumbent	3R|trail_sma10	A_disc	521	224	92	276.0000	144.1027	139.0210	81.7320	82.6180	-1.0000	-1.0000	-1.0000	-1.0000	-1.0000	-21.7002	-0.0417	-34.9810	-6.3476	-0.0122	-17.8184	-7.4714	-0.0143	-18.9423	-2.9533	-0.0057	-9.5013	-3.6627	-0.0070	-10.2107	-35.8888	CLF +7.3;AIP +6.0	TE +3.3;AMBQ +3.2
rerun_grid	ALL	incumbent	3R|trail_sma10	B	20	12	2	6.0000	0.8327	0.8327	0.4163	0.4163	-1.0000	-1.0000	-0.7500	-0.7500	-0.9750	-10.0560	-0.5028	-15.1387	-5.8397	-0.2920	-6.5013	-5.1338	-0.2567	-5.7748	-3.1493	-0.1575	-3.5008	-3.3735	-0.1687	-3.7258	-10.0560	SEI +3.1;CHRN +2.0	SEI +0.2;CHRN +0.1
rerun_grid	ALL	incumbent	3R|trail_sma20	A	540	231	95	285.0000	146.3374	141.2557	82.8493	83.7354	-1.0038	-1.0000	-1.0000	-1.0000	-1.0000	-17.4007	-0.0322	-30.6815	-3.9416	-0.0073	-15.4125	-5.7575	-0.0107	-17.2283	-2.3851	-0.0044	-8.9331	-2.4758	-0.0046	-9.0238	-31.5133	CLF +7.3;AIP +6.0	TE +3.3;AMBQ +3.2
rerun_grid	ALL	incumbent	3R|trail_sma20	A_disc	521	224	92	276.0000	142.7658	137.6841	81.0635	81.9496	-1.0038	-1.0000	-1.0000	-1.0000	-1.0000	-15.5882	-0.0299	-28.8690	-2.6880	-0.0052	-14.1588	-5.1875	-0.0100	-16.6583	-1.8801	-0.0036	-8.4281	-1.8361	-0.0035	-8.3842	-29.7008	CLF +7.3;AIP +6.0	TE +3.3;AMBQ +3.2
rerun_grid	ALL	incumbent	3R|trail_sma20	B	20	12	2	6.0000	0.8327	0.8327	0.4163	0.4163	-1.0000	-1.0000	-0.7500	-0.7500	-0.9750	-8.5691	-0.4285	-14.0066	-4.3793	-0.2190	-5.3958	-4.0186	-0.2009	-4.9257	-2.3304	-0.1165	-2.9480	-2.5510	-0.1276	-3.1730	-8.5691	SEI +3.4;CHRN +2.0	SEI +0.5;CHRN +0.1
rerun_grid	ALL	incumbent	3R|trail_max10_20	A	540	231	92	276.0000	142.9062	137.8245	81.1337	82.0198	-1.0038	-1.0000	-1.0000	-1.0000	-1.0000	-16.1195	-0.0299	-29.4003	-3.0310	-0.0056	-14.5019	-4.4612	-0.0083	-15.9320	-1.1989	-0.0022	-7.7469	-1.4174	-0.0026	-7.9655	-28.8143	CLF +7.3;AIP +6.0	TE +3.3;AMBQ +3.2
rerun_grid	ALL	incumbent	3R|trail_max10_20	A_disc	521	224	89	267.0000	139.3346	134.2529	79.3479	80.2340	-1.0038	-1.0000	-1.0000	-1.0000	-1.0000	-16.6750	-0.0320	-29.9558	-2.4520	-0.0047	-13.9228	-4.2280	-0.0081	-15.6988	-0.9358	-0.0018	-7.4838	-1.1107	-0.0021	-7.6587	-29.3698	CLF +7.3;AIP +6.0	TE +3.3;AMBQ +3.2
rerun_grid	ALL	incumbent	3R|trail_max10_20	B	20	12	2	6.0000	0.8327	0.8327	0.4163	0.4163	-1.0000	-1.0000	-0.7500	-0.7500	-0.9750	-8.9239	-0.4462	-14.0066	-4.7341	-0.2367	-5.3958	-4.2847	-0.2142	-4.9257	-2.5965	-0.1298	-2.9480	-2.8207	-0.1410	-3.1730	-8.9239	SEI +3.1;CHRN +2.0	SEI +0.2;CHRN +0.1
rerun_grid	ALL	incumbent	3R|time_s3	A	540	231	83	249.0000	110.7871	106.2024	59.4842	60.9344	-1.0000	-1.0000	-1.0000	-1.0000	-1.0000	-27.9896	-0.0518	-43.7280	-13.9129	-0.0258	-25.3837	-13.6387	-0.0253	-25.1096	-1.6616	-0.0031	-8.0340	-2.8116	-0.0052	-9.3969	-45.8891	CLF +8.9;TSAT +6.8	TE +3.3;ASTI +3.0
rerun_grid	ALL	incumbent	3R|time_s3	A_disc	521	224	80	240.0000	107.2155	102.6308	57.6985	59.1486	-1.0000	-1.0000	-1.0000	-1.0000	-1.0000	-29.6274	-0.0569	-45.3658	-14.8158	-0.0284	-26.2867	-15.0593	-0.0289	-26.5301	-2.7663	-0.0053	-9.1388	-3.8359	-0.0074	-10.4212	-47.5269	CLF +8.9;TSAT +6.8	TE +3.3;ASTI +3.0
rerun_grid	ALL	incumbent	3R|time_s3	B	20	12	2	6.0000	0.8327	0.8327	0.4163	0.4163	-1.0000	-1.0000	-0.7500	-0.7500	-0.9750	-9.1914	-0.4596	-13.3547	-5.6894	-0.2845	-6.8866	-4.7537	-0.2377	-5.9509	-3.3040	-0.1652	-3.9026	-3.5374	-0.1769	-4.1360	-9.1914	SEI +2.2;CHRN +2.0	DG +0.5;CHRN +0.1
rerun_grid	ALL	incumbent	3R|time_s5	A	540	231	92	276.0000	131.7972	125.9655	71.4790	72.9291	-1.0000	-1.0000	-1.0000	-1.0000	-1.0000	-40.4949	-0.0750	-55.5585	-25.0414	-0.0464	-36.6098	-22.1991	-0.0411	-33.6699	-11.7039	-0.0217	-19.3101	-14.4094	-0.0267	-22.5796	-58.3944	CLF +9.1;AIP +6.0	ARM +4.2;ABVX +3.4
rerun_grid	ALL	incumbent	3R|time_s5	A_disc	521	224	89	267.0000	128.2257	122.3939	69.6932	71.1433	-1.0000	-1.0000	-1.0000	-1.0000	-1.0000	-37.9564	-0.0729	-53.0200	-24.0719	-0.0462	-35.6403	-21.9753	-0.0422	-33.4462	-11.9368	-0.0229	-19.5429	-14.5076	-0.0278	-22.6778	-55.8559	CLF +9.1;AIP +6.0	ARM +4.2;ABVX +3.4
rerun_grid	ALL	incumbent	3R|time_s5	B	20	12	2	6.0000	0.8327	0.8327	0.4163	0.4163	-1.0000	-1.0000	-0.7500	-0.7500	-0.9750	-9.3918	-0.4696	-14.2587	-5.5279	-0.2764	-6.2075	-4.7680	-0.2384	-5.4809	-3.0473	-0.1524	-3.3749	-3.2737	-0.1637	-3.6013	-9.3918	SEI +2.9;CHRN +2.0	DG +0.2;CHRN +0.1
rerun_grid	ALL	incumbent	3R|time_s10	A	540	231	107	321.0000	172.0966	162.6870	96.8668	98.8224	-1.0000	-1.0000	-1.0000	-1.0000	-1.0000	-23.6248	-0.0437	-39.5439	-9.1779	-0.0170	-20.9869	-12.3311	-0.0228	-23.8019	-6.8716	-0.0127	-14.5955	-8.1828	-0.0152	-16.5533	-41.9774	CLF +9.9;AIP +6.0	ARM +4.4;TE +3.3
rerun_grid	ALL	incumbent	3R|time_s10	A_disc	521	224	104	312.0000	168.5251	159.1154	95.0810	97.0366	-1.0000	-1.0000	-1.0000	-1.0000	-1.0000	-20.1538	-0.0387	-36.0729	-7.2732	-0.0140	-19.0822	-11.1101	-0.0213	-22.5809	-6.0411	-0.0116	-13.7650	-7.2177	-0.0139	-15.5881	-38.5064	CLF +9.9;AIP +6.0	ARM +4.4;TE +3.3
rerun_grid	ALL	incumbent	3R|time_s10	B	20	12	2	6.0000	0.8327	0.8327	0.4163	0.4163	-1.0000	-1.0000	-0.7500	-0.7500	-0.9750	-9.6665	-0.4833	-15.1040	-5.4641	-0.2732	-6.4805	-4.8469	-0.2423	-5.7540	-2.8728	-0.1436	-3.4904	-3.0934	-0.1547	-3.7154	-9.6665	SEI +3.4;CHRN +2.0	SEI +0.5;CHRN +0.1
rerun_grid	ALL	incumbent	3R|sma21_2x	A	540	231	103	309.0000	163.1564	153.7467	91.2588	93.2145	-1.0000	-1.0000	-1.0000	-1.0000	-1.0000	-19.5459	-0.0362	-35.4650	-4.6011	-0.0085	-16.4100	-8.5099	-0.0158	-19.9808	-3.7740	-0.0070	-11.4979	-3.9570	-0.0073	-12.3275	-37.8985	CLF +9.9;AIP +6.0	ARM +4.4;TE +3.3
rerun_grid	ALL	incumbent	3R|sma21_2x	A_disc	521	224	100	300.0000	159.5848	150.1751	89.4730	91.4287	-1.0000	-1.0000	-1.0000	-1.0000	-1.0000	-16.0749	-0.0309	-31.9940	-2.6964	-0.0052	-14.5054	-7.2889	-0.0140	-18.7598	-2.9435	-0.0056	-10.6674	-2.9918	-0.0057	-11.3623	-34.4275	CLF +9.9;AIP +6.0	ARM +4.4;TE +3.3
rerun_grid	ALL	incumbent	3R|sma21_2x	B	20	12	2	6.0000	0.8327	0.8327	0.4163	0.4163	-1.0000	-1.0000	-0.7500	-0.7500	-0.9750	-10.1225	-0.5061	-15.5600	-5.7375	-0.2869	-6.7539	-5.1203	-0.2560	-6.0274	-3.0095	-0.1505	-3.6271	-3.2301	-0.1615	-3.8521	-10.1225	SEI +3.4;CHRN +2.0	SEI +0.5;CHRN +0.1
rerun_grid	ALL	incumbent	3R|ema23_2x	A	540	231	101	303.0000	157.3284	150.7467	88.3448	89.7950	-1.0000	-1.0000	-1.0000	-1.0000	-1.0000	-17.9214	-0.0332	-33.8405	-5.6604	-0.0105	-17.4151	-7.9844	-0.0148	-19.4553	-4.1113	-0.0076	-11.8352	-4.6457	-0.0086	-12.9337	-35.9933	CLF +9.9;AIP +6.0	ARM +4.4;TE +3.3
rerun_grid	ALL	incumbent	3R|ema23_2x	A_disc	521	224	98	294.0000	153.7569	147.1751	86.5591	88.0092	-1.0000	-1.0000	-1.0000	-1.0000	-1.0000	-19.0309	-0.0365	-34.9500	-5.5537	-0.0107	-17.3084	-8.5614	-0.0164	-20.0322	-4.1798	-0.0080	-11.9037	-4.5795	-0.0088	-12.8675	-37.1028	CLF +9.9;AIP +6.0	ARM +4.4;TE +3.3
rerun_grid	ALL	incumbent	3R|ema23_2x	B	20	12	2	6.0000	0.8327	0.8327	0.4163	0.4163	-1.0000	-1.0000	-0.7500	-0.7500	-0.9750	-10.1225	-0.5061	-15.5600	-5.7375	-0.2869	-6.7539	-5.1203	-0.2560	-6.0274	-3.0095	-0.1505	-3.6271	-3.2301	-0.1615	-3.8521	-10.1225	SEI +3.4;CHRN +2.0	SEI +0.5;CHRN +0.1
rerun_grid	ALL	incumbent	3R|sma50_1x	A	540	231	91	273.0000	138.4276	133.6041	78.5478	79.4339	-1.0038	-1.0000	-1.0000	-1.0000	-1.0000	-22.6077	-0.0419	-34.6862	-12.3673	-0.0229	-22.9711	-12.8393	-0.0238	-23.4431	-7.3653	-0.0136	-13.6115	-8.4371	-0.0156	-14.6834	-31.4368	CLF +6.1;AIP +6.0	AMBQ +3.2;ASTI +3.0
rerun_grid	ALL	incumbent	3R|sma50_1x	A_disc	521	224	89	267.0000	136.9053	132.0819	77.7867	78.6728	-1.0038	-1.0000	-1.0000	-1.0000	-1.0000	-17.9331	-0.0344	-30.0116	-9.1585	-0.0176	-19.7623	-10.3142	-0.0198	-20.9179	-5.8827	-0.0113	-12.1290	-6.8198	-0.0131	-13.0661	-26.7622	CLF +6.1;AIP +6.0	AMBQ +3.2;ASTI +3.0
rerun_grid	ALL	incumbent	3R|sma50_1x	B	20	12	2	6.0000	0.8327	0.8327	0.4163	0.4163	-1.0000	-1.0000	-0.7500	-0.7500	-0.9750	-8.9904	-0.4495	-14.4279	-4.6319	-0.2316	-5.6484	-4.2712	-0.2136	-5.1783	-2.4567	-0.1228	-3.0743	-2.6773	-0.1339	-3.2993	-8.9904	SEI +3.4;CHRN +2.0	SEI +0.5;CHRN +0.1
rerun_grid	ALL	incumbent	3R|ema65_1x	A	540	231	89	267.0000	132.3647	127.5412	75.5164	76.4024	-1.0038	-1.0000	-1.0000	-1.0000	-1.0000	-43.6203	-0.0808	-56.9011	-27.5627	-0.0510	-38.1665	-27.4417	-0.0508	-38.0455	-16.2476	-0.0301	-22.4939	-17.9042	-0.0332	-24.1505	-53.2061	CLF +7.3;AIP +6.0	AMBQ +3.2;ASTI +3.0
rerun_grid	ALL	incumbent	3R|ema65_1x	A_disc	521	224	86	258.0000	128.7931	123.9696	73.7306	74.6167	-1.0038	-1.0000	-1.0000	-1.0000	-1.0000	-43.6910	-0.0839	-56.9718	-26.4988	-0.0509	-37.1026	-27.0615	-0.0519	-37.6653	-15.8375	-0.0304	-22.0838	-17.3594	-0.0333	-23.6057	-53.2768	CLF +7.3;AIP +6.0	AMBQ +3.2;ASTI +3.0
rerun_grid	ALL	incumbent	3R|ema65_1x	B	20	12	2	6.0000	0.8327	0.8327	0.4163	0.4163	-1.0000	-1.0000	-0.7500	-0.7500	-0.9750	-8.5344	-0.4267	-13.9719	-4.3585	-0.2179	-5.3750	-3.9978	-0.1999	-4.9049	-2.3200	-0.1160	-2.9376	-2.5406	-0.1270	-3.1626	-8.5344	SEI +3.4;CHRN +2.0	SEI +0.5;CHRN +0.1
rerun_grid	ALL	incumbent	3R|hv21_50_noreclaim2	A	540	231	107	321.0000	172.0966	162.6870	96.8668	98.8224	-1.0000	-1.0000	-1.0000	-1.0000	-1.0000	-23.6248	-0.0437	-39.5439	-9.1779	-0.0170	-20.9869	-12.3311	-0.0228	-23.8019	-6.8716	-0.0127	-14.5955	-8.1828	-0.0152	-16.5533	-41.9774	CLF +9.9;AIP +6.0	ARM +4.4;TE +3.3
rerun_grid	ALL	incumbent	3R|hv21_50_noreclaim2	A_disc	521	224	104	312.0000	168.5251	159.1154	95.0810	97.0366	-1.0000	-1.0000	-1.0000	-1.0000	-1.0000	-20.1538	-0.0387	-36.0729	-7.2732	-0.0140	-19.0822	-11.1101	-0.0213	-22.5809	-6.0411	-0.0116	-13.7650	-7.2177	-0.0139	-15.5881	-38.5064	CLF +9.9;AIP +6.0	ARM +4.4;TE +3.3
rerun_grid	ALL	incumbent	3R|hv21_50_noreclaim2	B	20	12	2	6.0000	0.8327	0.8327	0.4163	0.4163	-1.0000	-1.0000	-0.7500	-0.7500	-0.9750	-9.6665	-0.4833	-15.1040	-5.4641	-0.2732	-6.4805	-4.8469	-0.2423	-5.7540	-2.8728	-0.1436	-3.4904	-3.0934	-0.1547	-3.7154	-9.6665	SEI +3.4;CHRN +2.0	SEI +0.5;CHRN +0.1
rerun_grid	ALL	incumbent	1ADR|none	A	540	231	32	159.2240	39.1213	39.1213	19.5607	19.5607	-1.0000	-1.0000	-1.0000	-1.0000	-1.0000	-11.2558	-0.0208	-35.0708	0.2804	0.0005	-7.1871	-0.2991	-0.0006	-7.7667	4.1912	0.0078	0.1045	3.5883	0.0066	-0.6014	-27.0345	QBTS +12.2;CLF +11.6	MRVL +2.3;TE +1.8
rerun_grid	ALL	incumbent	1ADR|none	A_disc	521	224	31	152.4977	37.8565	37.8565	18.9282	18.9282	-1.0000	-1.0000	-1.0000	-1.0000	-1.0000	-12.7674	-0.0245	-36.5824	-0.0096	-0.0000	-6.8841	-1.1660	-0.0022	-7.8091	3.6339	0.0070	0.0004	3.1657	0.0061	-0.5708	-28.5461	QBTS +12.2;CLF +11.6	MRVL +1.9;TE +1.8
rerun_grid	ALL	incumbent	1ADR|none	B	20	12	1	9.3327	1.1456	1.1456	0.5728	0.5728	-1.0000	-1.0000	-0.7500	-0.7500	-0.9750	-6.0707	-0.3035	-17.0000	-4.4270	-0.2213	-6.8267	-3.8858	-0.1943	-6.1002	-2.2783	-0.1139	-3.6635	-2.4958	-0.1248	-3.8885	-6.0707	SEI +10.1;DG +0.9	SEI +1.1;DG +0.3
rerun_grid	ALL	incumbent	1ADR|trail_sma10	A	540	231	33	162.6100	39.5667	39.5667	19.7833	19.7833	-1.0000	-1.0000	-1.0000	-1.0000	-1.0000	5.6020	0.0104	-17.7227	8.2168	0.0152	1.5737	7.5355	0.0140	0.8924	10.4056	0.0193	6.9197	10.6552	0.0197	7.1692	-5.6543	QBTS +12.2;TSAT +11.1	TE +1.8;ALAB +1.7
rerun_grid	ALL	incumbent	1ADR|trail_sma10	A_disc	521	224	32	155.8837	38.3018	38.3018	19.1509	19.1509	-1.0000	-1.0000	-1.0000	-1.0000	-1.0000	-0.1269	-0.0002	-23.4516	6.4104	0.0123	-0.2327	5.4900	0.0105	-1.1531	9.0902	0.0174	5.6042	9.3834	0.0180	5.8974	-11.3832	QBTS +12.2;TSAT +11.1	TE +1.8;ALAB +1.7
rerun_grid	ALL	incumbent	1ADR|trail_sma10	B	20	12	1	9.3327	1.1456	1.1456	0.5728	0.5728	-1.0000	-1.0000	-0.7500	-0.7500	-0.9750	-6.0707	-0.3035	-17.0000	-4.4270	-0.2213	-6.8267	-3.8858	-0.1943	-6.1002	-2.2783	-0.1139	-3.6635	-2.4958	-0.1248	-3.8885	-6.0707	SEI +10.1;DG +0.9	SEI +1.1;DG +0.3
rerun_grid	ALL	incumbent	1ADR|trail_sma20	A	540	231	33	161.2315	38.8893	38.8893	19.4447	19.4447	-1.0038	-1.0000	-1.0000	-1.0000	-1.0000	9.5046	0.0176	-14.5210	8.9914	0.0167	1.5239	7.8886	0.0146	0.4211	10.5553	0.0195	6.4686	10.9452	0.0203	6.7645	-1.9272	QBTS +12.9;TSAT +11.1	MRVL +2.3;TE +1.8
rerun_grid	ALL	incumbent	1ADR|trail_sma20	A_disc	521	224	32	154.5052	37.6245	37.6245	18.8122	18.8122	-1.0038	-1.0000	-1.0000	-1.0000	-1.0000	6.3345	0.0122	-17.6911	8.0504	0.0155	1.4072	6.3707	0.0122	-0.2724	9.6725	0.0186	6.0390	10.1971	0.0196	6.4696	-5.0973	QBTS +12.9;TSAT +11.1	MRVL +1.9;TE +1.8
rerun_grid	ALL	incumbent	1ADR|trail_sma20	B	20	12	1	9.3327	1.1456	1.1456	0.5728	0.5728	-1.0000	-1.0000	-0.7500	-0.7500	-0.9750	-4.9386	-0.2469	-15.8679	-3.3214	-0.1661	-5.7212	-3.0367	-0.1518	-5.2511	-1.7255	-0.0863	-3.1107	-1.9431	-0.0972	-3.3357	-4.9386	SEI +10.1;DG +0.9	SEI +1.1;DG +0.3
rerun_grid	ALL	incumbent	1ADR|trail_max10_20	A	540	231	33	161.2315	38.8893	38.8893	19.4447	19.4447	-1.0038	-1.0000	-1.0000	-1.0000	-1.0000	15.6452	0.0290	-8.3804	10.8819	0.0202	4.2388	9.5484	0.0177	2.9053	11.7659	0.0218	8.2799	12.5499	0.0232	8.9293	6.0567	QBTS +12.9;TSAT +11.1	TE +1.8;ALAB +1.7
rerun_grid	ALL	incumbent	1ADR|trail_max10_20	A_disc	521	224	32	154.5052	37.6245	37.6245	18.8122	18.8122	-1.0038	-1.0000	-1.0000	-1.0000	-1.0000	9.9163	0.0190	-14.1093	9.0755	0.0174	2.4324	7.5029	0.0144	0.8598	10.4504	0.0201	6.9644	11.2782	0.0216	7.6576	0.3278	QBTS +12.9;TSAT +11.1	TE +1.8;ALAB +1.7
rerun_grid	ALL	incumbent	1ADR|trail_max10_20	B	20	12	1	9.3327	1.1456	1.1456	0.5728	0.5728	-1.0000	-1.0000	-0.7500	-0.7500	-0.9750	-4.9386	-0.2469	-15.8679	-3.3214	-0.1661	-5.7212	-3.0367	-0.1518	-5.2511	-1.7255	-0.0863	-3.1107	-1.9431	-0.0972	-3.3357	-4.9386	SEI +10.1;DG +0.9	SEI +1.1;DG +0.3
rerun_grid	ALL	incumbent	1ADR|time_s3	A	540	231	32	159.2240	39.1213	39.1213	19.5607	19.5607	-1.0000	-1.0000	-1.0000	-1.0000	-1.0000	-9.0105	-0.0167	-32.8255	1.3230	0.0025	-6.1445	0.9008	0.0017	-6.5667	6.4065	0.0119	2.3197	5.9270	0.0110	1.7372	-24.4141	QBTS +12.2;CLF +11.6	MRVL +2.3;TE +1.8
rerun_grid	ALL	incumbent	1ADR|time_s3	A_disc	521	224	31	152.4977	37.8565	37.8565	18.9282	18.9282	-1.0000	-1.0000	-1.0000	-1.0000	-1.0000	-14.7155	-0.0282	-38.5305	-0.8577	-0.0016	-7.7322	-1.6554	-0.0032	-8.2985	4.9039	0.0094	1.2703	4.5048	0.0086	0.7683	-30.1191	QBTS +12.2;CLF +11.6	MRVL +1.9;TE +1.8
rerun_grid	ALL	incumbent	1ADR|time_s3	B	20	12	1	9.3327	1.1456	1.1456	0.5728	0.5728	-1.0000	-1.0000	-0.7500	-0.7500	-0.9750	-6.0707	-0.3035	-17.0000	-4.4270	-0.2213	-6.8267	-3.8858	-0.1943	-6.1002	-2.2783	-0.1139	-3.6635	-2.4958	-0.1248	-3.8885	-6.0707	SEI +10.1;DG +0.9	SEI +1.1;DG +0.3
rerun_grid	ALL	incumbent	1ADR|time_s5	A	540	231	32	159.2240	39.1213	39.1213	19.5607	19.5607	-1.0000	-1.0000	-1.0000	-1.0000	-1.0000	-11.4247	-0.0212	-35.2397	0.9755	0.0018	-6.4920	0.6536	0.0012	-6.8140	5.4153	0.0100	1.3285	4.7383	0.0088	0.5486	-26.8283	QBTS +12.2;CLF +11.6	MRVL +2.3;TE +1.8
rerun_grid	ALL	incumbent	1ADR|time_s5	A_disc	521	224	31	152.4977	37.8565	37.8565	18.9282	18.9282	-1.0000	-1.0000	-1.0000	-1.0000	-1.0000	-12.9363	-0.0248	-36.7513	0.6855	0.0013	-6.1890	-0.2133	-0.0004	-6.8565	4.8580	0.0093	1.2245	4.3158	0.0083	0.5792	-28.3399	QBTS +12.2;CLF +11.6	MRVL +1.9;TE +1.8
rerun_grid	ALL	incumbent	1ADR|time_s5	B	20	12	1	9.3327	1.1456	1.1456	0.5728	0.5728	-1.0000	-1.0000	-0.7500	-0.7500	-0.9750	-6.0707	-0.3035	-17.0000	-4.4270	-0.2213	-6.8267	-3.8858	-0.1943	-6.1002	-2.2783	-0.1139	-3.6635	-2.4958	-0.1248	-3.8885	-6.0707	SEI +10.1;DG +0.9	SEI +1.1;DG +0.3
rerun_grid	ALL	incumbent	1ADR|time_s10	A	540	231	32	159.2240	39.1213	39.1213	19.5607	19.5607	-1.0000	-1.0000	-1.0000	-1.0000	-1.0000	-11.2558	-0.0208	-35.0708	0.2804	0.0005	-7.1871	-0.2991	-0.0006	-7.7667	4.1912	0.0078	0.1045	3.5883	0.0066	-0.6014	-27.0345	QBTS +12.2;CLF +11.6	MRVL +2.3;TE +1.8
rerun_grid	ALL	incumbent	1ADR|time_s10	A_disc	521	224	31	152.4977	37.8565	37.8565	18.9282	18.9282	-1.0000	-1.0000	-1.0000	-1.0000	-1.0000	-12.7674	-0.0245	-36.5824	-0.0096	-0.0000	-6.8841	-1.1660	-0.0022	-7.8091	3.6339	0.0070	0.0004	3.1657	0.0061	-0.5708	-28.5461	QBTS +12.2;CLF +11.6	MRVL +1.9;TE +1.8
rerun_grid	ALL	incumbent	1ADR|time_s10	B	20	12	1	9.3327	1.1456	1.1456	0.5728	0.5728	-1.0000	-1.0000	-0.7500	-0.7500	-0.9750	-6.0707	-0.3035	-17.0000	-4.4270	-0.2213	-6.8267	-3.8858	-0.1943	-6.1002	-2.2783	-0.1139	-3.6635	-2.4958	-0.1248	-3.8885	-6.0707	SEI +10.1;DG +0.9	SEI +1.1;DG +0.3
rerun_grid	ALL	incumbent	1ADR|sma21_2x	A	540	231	32	158.0642	38.5297	38.5297	19.2649	19.2649	-1.0000	-1.0000	-1.0000	-1.0000	-1.0000	-2.4566	-0.0045	-26.2716	5.1979	0.0096	-2.2696	3.6935	0.0068	-3.7740	7.8251	0.0145	3.7384	7.9871	0.0148	3.7973	-18.2353	QBTS +12.2;CLF +11.6	MRVL +2.3;TE +1.8
rerun_grid	ALL	incumbent	1ADR|sma21_2x	A_disc	521	224	31	151.3379	37.2649	37.2649	18.6324	18.6324	-1.0000	-1.0000	-1.0000	-1.0000	-1.0000	-3.9682	-0.0076	-27.7832	4.9079	0.0094	-1.9666	2.8266	0.0054	-3.8165	7.2678	0.0139	3.6343	7.5645	0.0145	3.8279	-19.7469	QBTS +12.2;CLF +11.6	MRVL +1.9;TE +1.8
rerun_grid	ALL	incumbent	1ADR|sma21_2x	B	20	12	1	9.3327	1.1456	1.1456	0.5728	0.5728	-1.0000	-1.0000	-0.7500	-0.7500	-0.9750	-6.0707	-0.3035	-17.0000	-4.4270	-0.2213	-6.8267	-3.8858	-0.1943	-6.1002	-2.2783	-0.1139	-3.6635	-2.4958	-0.1248	-3.8885	-6.0707	SEI +10.1;DG +0.9	SEI +1.1;DG +0.3
rerun_grid	ALL	incumbent	1ADR|ema23_2x	A	540	231	32	158.0642	38.5297	38.5297	19.2649	19.2649	-1.0000	-1.0000	-1.0000	-1.0000	-1.0000	0.6596	0.0012	-23.1554	7.4901	0.0139	0.0225	5.8476	0.0108	-1.6199	9.1623	0.0170	5.0756	9.3243	0.0173	5.1346	-14.8384	QBTS +12.2;CLF +11.6	MRVL +2.3;TE +1.8
rerun_grid	ALL	incumbent	1ADR|ema23_2x	A_disc	521	224	31	151.3379	37.2649	37.2649	18.6324	18.6324	-1.0000	-1.0000	-1.0000	-1.0000	-1.0000	-5.4325	-0.0104	-29.2475	5.4021	0.0104	-1.4725	3.1827	0.0061	-3.4604	7.7061	0.0148	4.0726	8.0028	0.0154	4.2662	-20.9305	QBTS +12.2;CLF +11.6	MRVL +1.9;TE +1.8
rerun_grid	ALL	incumbent	1ADR|ema23_2x	B	20	12	1	9.3327	1.1456	1.1456	0.5728	0.5728	-1.0000	-1.0000	-0.7500	-0.7500	-0.9750	-6.0707	-0.3035	-17.0000	-4.4270	-0.2213	-6.8267	-3.8858	-0.1943	-6.1002	-2.2783	-0.1139	-3.6635	-2.4958	-0.1248	-3.8885	-6.0707	SEI +10.1;DG +0.9	SEI +1.1;DG +0.3
rerun_grid	ALL	incumbent	1ADR|sma50_1x	A	540	231	31	154.0032	37.1014	37.1014	18.5507	18.5507	-1.0038	-1.0000	-1.0000	-1.0000	-1.0000	-0.4529	-0.0008	-23.8118	2.3144	0.0043	-4.2265	2.9099	0.0054	-3.6310	6.2321	0.0115	2.8390	5.5548	0.0103	2.1617	-9.6146	QBTS +12.2;TSAT +11.1	ALAB +1.7;MRVL +1.7
rerun_grid	ALL	incumbent	1ADR|sma50_1x	A_disc	521	224	30	147.2769	35.8365	35.8365	17.9183	17.9183	-1.0038	-1.0000	-1.0000	-1.0000	-1.0000	-1.7114	-0.0033	-25.0703	2.6792	0.0051	-3.8819	2.6978	0.0052	-3.8633	6.0023	0.0115	2.4095	5.4597	0.0105	1.8668	-10.8731	QBTS +12.2;TSAT +11.1	MRVL +1.9;ALAB +1.7
rerun_grid	ALL	incumbent	1ADR|sma50_1x	B	20	12	1	9.3327	1.1456	1.1456	0.5728	0.5728	-1.0000	-1.0000	-0.7500	-0.7500	-0.9750	-4.9386	-0.2469	-15.8679	-3.3214	-0.1661	-5.7212	-3.0367	-0.1518	-5.2511	-1.7255	-0.0863	-3.1107	-1.9431	-0.0972	-3.3357	-4.9386	SEI +10.1;DG +0.9	SEI +1.1;DG +0.3
rerun_grid	ALL	incumbent	1ADR|ema65_1x	A	540	231	30	146.5078	36.1495	36.1495	18.0748	18.0748	-1.0038	-1.0000	-1.0000	-1.0000	-1.0000	-17.0463	-0.0316	-40.4052	-4.9425	-0.0092	-12.4100	-4.9584	-0.0092	-12.4259	2.4838	0.0046	-1.5622	1.7883	0.0033	-2.2578	-26.9647	QBTS +12.2;TSAT +11.1	MRVL +2.3;ALAB +1.7
rerun_grid	ALL	incumbent	1ADR|ema65_1x	A_disc	521	224	29	139.7815	34.8847	34.8847	17.4423	17.4423	-1.0038	-1.0000	-1.0000	-1.0000	-1.0000	-22.0996	-0.0424	-45.4585	-6.0733	-0.0117	-12.6345	-6.6661	-0.0128	-13.2272	1.5062	0.0029	-2.0867	0.9453	0.0018	-2.6476	-32.0180	QBTS +12.2;TSAT +11.1	MRVL +1.9;ALAB +1.7
rerun_grid	ALL	incumbent	1ADR|ema65_1x	B	20	12	1	9.3327	1.1456	1.1456	0.5728	0.5728	-1.0000	-1.0000	-0.7500	-0.7500	-0.9750	-4.9386	-0.2469	-15.8679	-3.3214	-0.1661	-5.7212	-3.0367	-0.1518	-5.2511	-1.7255	-0.0863	-3.1107	-1.9431	-0.0972	-3.3357	-4.9386	SEI +10.1;DG +0.9	SEI +1.1;DG +0.3
rerun_grid	ALL	incumbent	1ADR|hv21_50_noreclaim2	A	540	231	32	159.2240	39.1213	39.1213	19.5607	19.5607	-1.0000	-1.0000	-1.0000	-1.0000	-1.0000	-11.2558	-0.0208	-35.0708	0.2804	0.0005	-7.1871	-0.2991	-0.0006	-7.7667	4.1912	0.0078	0.1045	3.5883	0.0066	-0.6014	-27.0345	QBTS +12.2;CLF +11.6	MRVL +2.3;TE +1.8
rerun_grid	ALL	incumbent	1ADR|hv21_50_noreclaim2	A_disc	521	224	31	152.4977	37.8565	37.8565	18.9282	18.9282	-1.0000	-1.0000	-1.0000	-1.0000	-1.0000	-12.7674	-0.0245	-36.5824	-0.0096	-0.0000	-6.8841	-1.1660	-0.0022	-7.8091	3.6339	0.0070	0.0004	3.1657	0.0061	-0.5708	-28.5461	QBTS +12.2;CLF +11.6	MRVL +1.9;TE +1.8
rerun_grid	ALL	incumbent	1ADR|hv21_50_noreclaim2	B	20	12	1	9.3327	1.1456	1.1456	0.5728	0.5728	-1.0000	-1.0000	-0.7500	-0.7500	-0.9750	-6.0707	-0.3035	-17.0000	-4.4270	-0.2213	-6.8267	-3.8858	-0.1943	-6.1002	-2.2783	-0.1139	-3.6635	-2.4958	-0.1248	-3.8885	-6.0707	SEI +10.1;DG +0.9	SEI +1.1;DG +0.3
rerun_grid	ALL	incumbent	2ADR|none	A	540	231	45	269.1022	111.0639	108.0305	56.1321	56.1321	-1.0000	-1.0000	-1.0000	-1.0000	-1.0000	-33.6531	-0.0623	-81.4179	-7.9612	-0.0147	-21.7102	-8.6975	-0.0161	-21.9837	-6.1190	-0.0113	-13.0909	-8.6229	-0.0160	-15.8823	-53.7002	QBTS +24.5;CLF +23.3	TE +3.5;ALAB +3.4
rerun_grid	ALL	incumbent	2ADR|none	A_disc	521	224	44	265.4924	109.9111	106.8777	55.5557	55.5557	-1.0000	-1.0000	-1.0000	-1.0000	-1.0000	-24.2056	-0.0465	-71.9704	-4.1803	-0.0080	-17.9293	-5.6003	-0.0107	-18.8864	-5.0572	-0.0097	-12.0292	-7.4265	-0.0143	-14.6859	-44.2527	QBTS +24.5;CLF +23.3	TE +3.5;ALAB +3.4
rerun_grid	ALL	incumbent	2ADR|none	B	20	12	0	0	0	0	0	0	-1.0000	-1.0000	-0.7500	-0.7500	-0.9750	-15.8522	-0.7926	-17.0000	-5.4865	-0.2743	-6.8267	-4.8694	-0.2435	-6.1002	-2.8840	-0.1442	-3.6635	-3.1046	-0.1552	-3.8885	-18.1644	DG +1.7;SEI -0.6	DG +0.5;SEI +0.3
rerun_grid	ALL	incumbent	2ADR|trail_sma10	A	540	231	40	248.1300	97.4467	95.9218	49.3235	49.3235	-1.0000	-1.0000	-1.0000	-1.0000	-1.0000	-13.6339	-0.0252	-57.3700	1.5760	0.0029	-11.7101	2.1941	0.0041	-11.0921	2.1195	0.0039	-4.8525	0.5920	0.0011	-6.3800	-29.0915	QBTS +24.5;CLF +19.2	TE +3.5;ALAB +3.4
rerun_grid	ALL	incumbent	2ADR|trail_sma10	A_disc	521	224	39	244.5202	96.2938	94.7690	48.7471	48.7471	-1.0000	-1.0000	-1.0000	-1.0000	-1.0000	-8.4037	-0.0161	-52.1398	3.8405	0.0074	-9.4457	4.1127	0.0079	-9.1735	2.4230	0.0047	-4.5489	0.9392	0.0018	-6.0327	-23.8613	QBTS +24.5;CLF +19.2	TE +3.5;ALAB +3.4
rerun_grid	ALL	incumbent	2ADR|trail_sma10	B	20	12	0	0	0	0	0	0	-1.0000	-1.0000	-0.7500	-0.7500	-0.9750	-16.2070	-0.8104	-17.0000	-5.8413	-0.2921	-6.8267	-5.1355	-0.2568	-6.1002	-3.1501	-0.1575	-3.6635	-3.3743	-0.1687	-3.8885	-18.5192	DG +1.7;SEI -0.9	DG +0.5;SEI +0.0
rerun_grid	ALL	incumbent	2ADR|trail_sma20	A	540	231	43	261.3661	102.2574	100.7326	51.7289	51.7289	-1.0038	-1.0000	-1.0000	-1.0000	-1.0000	4.3252	0.0080	-40.1118	8.2993	0.0154	-4.9868	7.7553	0.0144	-5.5308	4.4023	0.0082	-2.5697	3.4464	0.0064	-3.5255	-10.2129	QBTS +25.2;CLF +19.2	TE +3.5;ALAB +3.4
rerun_grid	ALL	incumbent	2ADR|trail_sma20	A_disc	521	224	42	257.7563	101.1046	99.5797	51.1524	51.1524	-1.0038	-1.0000	-1.0000	-1.0000	-1.0000	12.1142	0.0233	-32.3228	11.4292	0.0219	-1.8570	10.2015	0.0196	-3.0846	5.1385	0.0099	-1.8334	4.3173	0.0083	-2.6546	-2.4239	QBTS +25.2;CLF +19.2	TE +3.5;ALAB +3.4
rerun_grid	ALL	incumbent	2ADR|trail_sma20	B	20	12	0	0	0	0	0	0	-1.0000	-1.0000	-0.7500	-0.7500	-0.9750	-14.7201	-0.7360	-15.8679	-4.3810	-0.2190	-5.7212	-4.0203	-0.2010	-5.2511	-2.3312	-0.1166	-3.1107	-2.5519	-0.1276	-3.3357	-17.0323	DG +1.7;SEI -0.6	DG +0.5;SEI +0.3
rerun_grid	ALL	incumbent	2ADR|trail_max10_20	A	540	231	40	247.5777	96.3931	94.8683	48.7967	48.7967	-1.0038	-1.0000	-1.0000	-1.0000	-1.0000	5.5985	0.0104	-38.8385	8.6665	0.0160	-4.6196	8.4215	0.0156	-4.8647	5.6426	0.0104	-1.3293	4.6497	0.0086	-2.3223	-7.0963	QBTS +25.2;CLF +19.2	TE +3.5;ALAB +3.4
rerun_grid	ALL	incumbent	2ADR|trail_max10_20	A_disc	521	224	39	243.9679	95.2403	93.7154	48.2203	48.2203	-1.0038	-1.0000	-1.0000	-1.0000	-1.0000	10.8287	0.0208	-33.6083	10.9310	0.0210	-2.3552	10.3401	0.0198	-2.9460	5.9461	0.0114	-1.0258	4.9969	0.0096	-1.9750	-1.8661	QBTS +25.2;CLF +19.2	TE +3.5;ALAB +3.4
rerun_grid	ALL	incumbent	2ADR|trail_max10_20	B	20	12	0	0	0	0	0	0	-1.0000	-1.0000	-0.7500	-0.7500	-0.9750	-15.0749	-0.7537	-15.9173	-4.7358	-0.2368	-5.7399	-4.2864	-0.2143	-5.2605	-2.5973	-0.1299	-3.1107	-2.8215	-0.1411	-3.3357	-17.3871	DG +1.7;AGX -0.9	DG +0.5;SEI +0.0
rerun_grid	ALL	incumbent	2ADR|time_s3	A	540	231	36	234.3850	85.1200	84.1460	43.1602	43.1602	-1.0000	-1.0000	-1.0000	-1.0000	-1.0000	-13.4738	-0.0250	-59.2329	-6.9124	-0.0128	-19.4995	-5.1613	-0.0096	-17.7483	1.5231	0.0028	-5.2928	-0.3182	-0.0006	-7.1341	-33.0678	QBTS +23.8;CLF +22.0	TE +3.5;VOYG +3.3
rerun_grid	ALL	incumbent	2ADR|time_s3	A_disc	521	224	34	224.7038	82.8255	81.8515	42.0129	42.0129	-1.0000	-1.0000	-1.0000	-1.0000	-1.0000	-17.8415	-0.0342	-63.6006	-8.0490	-0.0154	-20.6360	-6.8154	-0.0131	-19.4025	0.1261	0.0002	-6.6898	-1.6347	-0.0031	-8.4506	-37.4355	QBTS +23.8;CLF +22.0	TE +3.5;VOYG +3.3
rerun_grid	ALL	incumbent	2ADR|time_s3	B	20	12	0	0	0	0	0	0	-1.0000	-1.0000	-0.7500	-0.7500	-0.9750	-17.1264	-0.8563	-17.8367	-6.7607	-0.3380	-7.6729	-5.8250	-0.2913	-6.7372	-3.8397	-0.1920	-4.2957	-4.0731	-0.2037	-4.5292	-19.4386	DG +1.7;IONQ -1.0	DG +0.5;ROIV -0.1
rerun_grid	ALL	incumbent	2ADR|time_s5	A	540	231	40	247.6955	100.2093	98.6845	50.7048	50.7048	-1.0000	-1.0000	-1.0000	-1.0000	-1.0000	-45.0838	-0.0835	-91.3877	-18.8913	-0.0350	-32.1774	-14.1998	-0.0263	-27.4859	-7.9621	-0.0147	-14.9340	-11.6175	-0.0215	-18.5894	-64.6778	QBTS +24.2;CLF +22.1	TE +3.5;ALAB +3.4
rerun_grid	ALL	incumbent	2ADR|time_s5	A_disc	521	224	39	244.0857	99.0565	97.5316	50.1284	50.1284	-1.0000	-1.0000	-1.0000	-1.0000	-1.0000	-35.3773	-0.0679	-81.6812	-14.8541	-0.0285	-28.1403	-10.9083	-0.0209	-24.1944	-6.7722	-0.0130	-13.7442	-10.2929	-0.0198	-17.2649	-54.9713	QBTS +24.2;CLF +22.1	TE +3.5;ALAB +3.4
rerun_grid	ALL	incumbent	2ADR|time_s5	B	20	12	0	0	0	0	0	0	-1.0000	-1.0000	-0.7500	-0.7500	-0.9750	-16.4228	-0.8211	-17.1331	-6.0571	-0.3029	-6.9693	-5.2973	-0.2649	-6.2095	-3.3120	-0.1656	-3.7680	-3.5383	-0.1769	-3.9944	-18.7350	DG +1.7;IONQ -1.0	DG +0.5;ROIV -0.1
rerun_grid	ALL	incumbent	2ADR|time_s10	A	540	231	45	269.1022	111.0639	108.0305	56.1321	56.1321	-1.0000	-1.0000	-1.0000	-1.0000	-1.0000	-33.6531	-0.0623	-81.4179	-7.9612	-0.0147	-21.7102	-8.6975	-0.0161	-21.9837	-6.1190	-0.0113	-13.0909	-8.6229	-0.0160	-15.8823	-53.7002	QBTS +24.5;CLF +23.3	TE +3.5;ALAB +3.4
rerun_grid	ALL	incumbent	2ADR|time_s10	A_disc	521	224	44	265.4924	109.9111	106.8777	55.5557	55.5557	-1.0000	-1.0000	-1.0000	-1.0000	-1.0000	-24.2056	-0.0465	-71.9704	-4.1803	-0.0080	-17.9293	-5.6003	-0.0107	-18.8864	-5.0572	-0.0097	-12.0292	-7.4265	-0.0143	-14.6859	-44.2527	QBTS +24.5;CLF +23.3	TE +3.5;ALAB +3.4
rerun_grid	ALL	incumbent	2ADR|time_s10	B	20	12	0	0	0	0	0	0	-1.0000	-1.0000	-0.7500	-0.7500	-0.9750	-15.8522	-0.7926	-17.0000	-5.4865	-0.2743	-6.8267	-4.8694	-0.2435	-6.1002	-2.8840	-0.1442	-3.6635	-3.1046	-0.1552	-3.8885	-18.1644	DG +1.7;SEI -0.6	DG +0.5;SEI +0.3
rerun_grid	ALL	incumbent	2ADR|sma21_2x	A	540	231	46	274.0135	110.8082	107.7748	56.0043	56.0043	-1.0000	-1.0000	-1.0000	-1.0000	-1.0000	-7.1713	-0.0133	-54.9361	4.1975	0.0078	-9.5515	2.3340	0.0043	-10.9522	1.2726	0.0024	-5.6993	-0.0457	-0.0001	-7.3052	-27.2184	QBTS +24.5;CLF +23.3	TE +3.5;ALAB +3.4
rerun_grid	ALL	incumbent	2ADR|sma21_2x	A_disc	521	224	45	270.4037	109.6554	106.6220	55.4278	55.4278	-1.0000	-1.0000	-1.0000	-1.0000	-1.0000	2.2762	0.0044	-45.4886	7.9784	0.0153	-5.7706	5.4312	0.0104	-7.8549	2.3343	0.0045	-4.6376	1.1507	0.0022	-6.1087	-17.7709	QBTS +24.5;CLF +23.3	TE +3.5;ALAB +3.4
rerun_grid	ALL	incumbent	2ADR|sma21_2x	B	20	12	0	0	0	0	0	0	-1.0000	-1.0000	-0.7500	-0.7500	-0.9750	-15.8522	-0.7926	-17.0000	-5.4865	-0.2743	-6.8267	-4.8694	-0.2435	-6.1002	-2.8840	-0.1442	-3.6635	-3.1046	-0.1552	-3.8885	-18.1644	DG +1.7;SEI -0.6	DG +0.5;SEI +0.3
rerun_grid	ALL	incumbent	2ADR|ema23_2x	A	540	231	45	270.6056	107.5957	106.0709	54.3980	54.3980	-1.0000	-1.0000	-1.0000	-1.0000	-1.0000	-6.0396	-0.0112	-53.8044	3.2954	0.0061	-10.4536	2.8738	0.0053	-10.4124	1.0139	0.0019	-5.9580	-0.5467	-0.0010	-7.8062	-25.8060	QBTS +24.5;CLF +23.3	TE +3.5;ALAB +3.4
rerun_grid	ALL	incumbent	2ADR|ema23_2x	A_disc	521	224	44	266.9958	106.4429	104.9181	53.8216	53.8216	-1.0000	-1.0000	-1.0000	-1.0000	-1.0000	-1.1726	-0.0023	-48.9374	5.2784	0.0101	-8.4706	4.1730	0.0080	-9.1131	1.1767	0.0023	-5.7953	-0.2493	-0.0005	-7.5087	-20.9390	QBTS +24.5;CLF +23.3	TE +3.5;ALAB +3.4
rerun_grid	ALL	incumbent	2ADR|ema23_2x	B	20	12	0	0	0	0	0	0	-1.0000	-1.0000	-0.7500	-0.7500	-0.9750	-15.8522	-0.7926	-17.0000	-5.4865	-0.2743	-6.8267	-4.8694	-0.2435	-6.1002	-2.8840	-0.1442	-3.6635	-3.1046	-0.1552	-3.8885	-18.1644	DG +1.7;SEI -0.6	DG +0.5;SEI +0.3
rerun_grid	ALL	incumbent	2ADR|sma50_1x	A	540	231	38	223.8279	90.1548	88.6300	45.6776	45.6776	-1.0038	-1.0000	-1.0000	-1.0000	-1.0000	-25.9819	-0.0481	-69.7267	-4.9035	-0.0091	-17.9854	-4.0968	-0.0076	-17.1788	-3.0938	-0.0057	-9.8282	-5.1021	-0.0094	-11.8365	-35.2365	QBTS +24.8;INFQ +19.0	ALAB +3.4;VOYG +3.3
rerun_grid	ALL	incumbent	2ADR|sma50_1x	A_disc	521	224	37	220.2181	89.0020	87.4771	45.1011	45.1011	-1.0038	-1.0000	-1.0000	-1.0000	-1.0000	-19.3308	-0.0371	-63.0756	-2.5509	-0.0049	-15.6329	-2.4279	-0.0047	-15.5099	-2.7462	-0.0053	-9.4807	-4.6198	-0.0089	-11.3542	-28.5854	QBTS +24.8;INFQ +19.0	ALAB +3.4;VOYG +3.3
rerun_grid	ALL	incumbent	2ADR|sma50_1x	B	20	12	0	0	0	0	0	0	-1.0000	-1.0000	-0.7500	-0.7500	-0.9750	-14.7201	-0.7360	-15.8679	-4.3810	-0.2190	-5.7212	-4.0203	-0.2010	-5.2511	-2.3312	-0.1166	-3.1107	-2.5519	-0.1276	-3.3357	-17.0323	DG +1.7;SEI -0.6	DG +0.5;SEI +0.3
rerun_grid	ALL	incumbent	2ADR|ema65_1x	A	540	231	39	233.8849	90.7837	89.2589	45.9920	45.9920	-1.0038	-1.0000	-1.0000	-1.0000	-1.0000	-33.1477	-0.0614	-77.1506	-17.2423	-0.0319	-30.3243	-15.8911	-0.0294	-28.9730	-10.2605	-0.0190	-16.9949	-12.7838	-0.0237	-19.5182	-43.1590	QBTS +24.8;CLF +19.2	ALAB +3.4;VOYG +3.3
rerun_grid	ALL	incumbent	2ADR|ema65_1x	A_disc	521	224	38	230.2751	89.6309	88.1060	45.4156	45.4156	-1.0038	-1.0000	-1.0000	-1.0000	-1.0000	-27.2419	-0.0523	-71.2448	-14.3023	-0.0275	-27.3842	-13.6347	-0.0262	-26.7166	-9.6191	-0.0185	-16.3535	-12.0078	-0.0230	-18.7422	-37.2532	QBTS +24.8;CLF +19.2	ALAB +3.4;VOYG +3.3
rerun_grid	ALL	incumbent	2ADR|ema65_1x	B	20	12	0	0	0	0	0	0	-1.0000	-1.0000	-0.7500	-0.7500	-0.9750	-14.7201	-0.7360	-15.8679	-4.3810	-0.2190	-5.7212	-4.0203	-0.2010	-5.2511	-2.3312	-0.1166	-3.1107	-2.5519	-0.1276	-3.3357	-17.0323	DG +1.7;SEI -0.6	DG +0.5;SEI +0.3
rerun_grid	ALL	incumbent	2ADR|hv21_50_noreclaim2	A	540	231	45	269.1022	111.0639	108.0305	56.1321	56.1321	-1.0000	-1.0000	-1.0000	-1.0000	-1.0000	-33.6531	-0.0623	-81.4179	-7.9612	-0.0147	-21.7102	-8.6975	-0.0161	-21.9837	-6.1190	-0.0113	-13.0909	-8.6229	-0.0160	-15.8823	-53.7002	QBTS +24.5;CLF +23.3	TE +3.5;ALAB +3.4
rerun_grid	ALL	incumbent	2ADR|hv21_50_noreclaim2	A_disc	521	224	44	265.4924	109.9111	106.8777	55.5557	55.5557	-1.0000	-1.0000	-1.0000	-1.0000	-1.0000	-24.2056	-0.0465	-71.9704	-4.1803	-0.0080	-17.9293	-5.6003	-0.0107	-18.8864	-5.0572	-0.0097	-12.0292	-7.4265	-0.0143	-14.6859	-44.2527	QBTS +24.5;CLF +23.3	TE +3.5;ALAB +3.4
rerun_grid	ALL	incumbent	2ADR|hv21_50_noreclaim2	B	20	12	0	0	0	0	0	0	-1.0000	-1.0000	-0.7500	-0.7500	-0.9750	-15.8522	-0.7926	-17.0000	-5.4865	-0.2743	-6.8267	-4.8694	-0.2435	-6.1002	-2.8840	-0.1442	-3.6635	-3.1046	-0.1552	-3.8885	-18.1644	DG +1.7;SEI -0.6	DG +0.5;SEI +0.3
rerun_grid	ALL	incumbent	3ADR|none	A	540	231	45	294.1940	162.2383	153.4380	86.1817	87.3809	-1.0000	-1.0000	-1.0000	-1.0000	-1.0000	-53.6145	-0.0993	-100.1485	2.0261	0.0038	-17.9031	-1.8698	-0.0035	-21.7989	-1.1111	-0.0021	-11.5690	-3.0821	-0.0057	-13.5400	-74.4202	INFQ +29.0;CLF +17.6	TE +5.3;ALAB +5.2
rerun_grid	ALL	incumbent	3ADR|none	A_disc	521	224	45	294.1940	162.2383	153.4380	86.1817	87.3809	-1.0000	-1.0000	-1.0000	-1.0000	-1.0000	-41.1642	-0.0790	-87.6982	7.7282	0.0148	-12.2010	3.1487	0.0060	-16.7805	1.6180	0.0031	-8.8398	-0.2183	-0.0004	-10.6761	-61.9699	INFQ +29.0;CLF +17.6	TE +5.3;ALAB +5.2
rerun_grid	ALL	incumbent	3ADR|none	B	20	12	0	0	0	0	0	0	-1.0000	-1.0000	-0.7500	-0.7500	-0.9750	-17.6665	-0.8833	-17.0000	-6.5743	-0.3287	-6.8267	-5.9572	-0.2979	-6.1002	-3.4279	-0.1714	-3.6635	-3.6485	-0.1824	-3.8885	-19.9787	DG -0.1;SEI -0.6	SEI +0.3;DG -0.0
rerun_grid	ALL	incumbent	3ADR|trail_sma10	A	540	231	41	274.5051	139.8586	136.6930	74.9918	74.9918	-1.0000	-1.0000	-1.0000	-1.0000	-1.0000	-25.7642	-0.0477	-71.8904	9.4904	0.0176	-10.4387	9.1750	0.0170	-10.7542	6.3175	0.0117	-4.1404	4.8675	0.0090	-5.5904	-41.2218	INFQ +29.0;ALAB +17.2	TE +5.3;ALAB +5.2
rerun_grid	ALL	incumbent	3ADR|trail_sma10	A_disc	521	224	41	274.5051	139.8586	136.6930	74.9918	74.9918	-1.0000	-1.0000	-1.0000	-1.0000	-1.0000	-17.0073	-0.0326	-63.1335	13.9733	0.0268	-5.9559	13.3120	0.0256	-6.6172	8.5325	0.0164	-1.9254	7.1261	0.0137	-3.3317	-32.4649	INFQ +29.0;ALAB +17.2	TE +5.3;ALAB +5.2
rerun_grid	ALL	incumbent	3ADR|trail_sma10	B	20	12	0	0	0	0	0	0	-1.0000	-1.0000	-0.7500	-0.7500	-0.9750	-18.0560	-0.9028	-17.0000	-6.9499	-0.3475	-6.8267	-6.2441	-0.3122	-6.1002	-3.7044	-0.1852	-3.6635	-3.9286	-0.1964	-3.8885	-20.3682	DG -0.1;SEI -0.9	SEI +0.0;DG -0.0
rerun_grid	ALL	incumbent	3ADR|trail_sma20	A	540	231	42	276.9702	144.4834	141.3178	77.3043	77.3043	-1.0038	-1.0000	-1.0000	-1.0000	-1.0000	-15.9888	-0.0296	-62.1150	17.3040	0.0320	-2.6251	15.7529	0.0292	-4.1762	8.7030	0.0161	-1.7548	7.8230	0.0145	-2.6349	-30.5269	INFQ +29.0;ALAB +17.2	TE +5.3;ALAB +5.2
rerun_grid	ALL	incumbent	3ADR|trail_sma20	A_disc	521	224	42	276.9702	144.4834	141.3178	77.3043	77.3043	-1.0038	-1.0000	-1.0000	-1.0000	-1.0000	-5.1970	-0.0100	-51.3232	22.3551	0.0429	2.4259	20.1203	0.0386	0.1912	11.1067	0.0213	0.6489	10.3614	0.0199	-0.0965	-19.7351	INFQ +29.0;ALAB +17.2	TE +5.3;ALAB +5.2
rerun_grid	ALL	incumbent	3ADR|trail_sma20	B	20	12	0	0	0	0	0	0	-1.0000	-1.0000	-0.7500	-0.7500	-0.9750	-16.5691	-0.8285	-15.8679	-5.4896	-0.2745	-5.7830	-5.1289	-0.2564	-5.2830	-2.8855	-0.1443	-3.1416	-3.1062	-0.1553	-3.3666	-18.8813	DG -0.1;SEI -0.6	SEI +0.3;AGX -0.0
rerun_grid	ALL	incumbent	3ADR|trail_max10_20	A	540	231	41	272.1105	138.1008	134.9352	74.1129	74.1129	-1.0038	-1.0000	-1.0000	-1.0000	-1.0000	-6.0970	-0.0113	-52.2232	17.8223	0.0330	-2.1068	16.6438	0.0308	-3.2853	10.5531	0.0195	0.0952	9.6376	0.0178	-0.8203	-18.7918	INFQ +29.0;ALAB +17.2	TE +5.3;ALAB +5.2
rerun_grid	ALL	incumbent	3ADR|trail_max10_20	A_disc	521	224	41	272.1105	138.1008	134.9352	74.1129	74.1129	-1.0038	-1.0000	-1.0000	-1.0000	-1.0000	2.6599	0.0051	-43.4663	22.3052	0.0428	2.3760	20.7808	0.0399	0.8516	12.7681	0.0245	2.3102	11.8963	0.0228	1.4384	-10.0349	INFQ +29.0;ALAB +17.2	TE +5.3;ALAB +5.2
rerun_grid	ALL	incumbent	3ADR|trail_max10_20	B	20	12	0	0	0	0	0	0	-1.0000	-1.0000	-0.7500	-0.7500	-0.9750	-16.9239	-0.8462	-15.9173	-5.8444	-0.2922	-5.7830	-5.3950	-0.2697	-5.2830	-3.1516	-0.1576	-3.1416	-3.3758	-0.1688	-3.3666	-19.2361	DG -0.1;AGX -0.9	SEI +0.0;AGX -0.0
rerun_grid	ALL	incumbent	3ADR|time_s3	A	540	231	40	269.0292	122.9462	119.0821	65.1677	65.7721	-1.0000	-1.0000	-1.0000	-1.0000	-1.0000	6.4822	0.0120	-33.0782	12.2897	0.0228	-6.5907	12.3018	0.0228	-6.5786	12.6905	0.0235	2.4668	11.1406	0.0206	0.9169	-13.1118	CLF +20.0;INFQ +19.5	TE +5.3;VOYG +4.9
rerun_grid	ALL	incumbent	3ADR|time_s3	A_disc	521	224	39	262.9578	121.8045	117.9404	64.5968	65.2013	-1.0000	-1.0000	-1.0000	-1.0000	-1.0000	3.3460	0.0064	-36.2144	11.7852	0.0226	-7.0951	11.2796	0.0216	-7.6007	11.7850	0.0226	1.5613	10.3155	0.0198	0.0918	-16.2480	CLF +20.0;INFQ +19.5	TE +5.3;VOYG +4.9
rerun_grid	ALL	incumbent	3ADR|time_s3	B	20	12	0	0	0	0	0	0	-1.0000	-1.0000	-0.7500	-0.7500	-0.9750	-17.1914	-0.8596	-17.8367	-6.7997	-0.3400	-7.6729	-5.8640	-0.2932	-6.7372	-3.8591	-0.1930	-4.2957	-4.0926	-0.2046	-4.5292	-19.5036	DG +1.6;IONQ -1.0	DG +0.5;ROIV -0.1
rerun_grid	ALL	incumbent	3ADR|time_s5	A	540	231	39	259.7283	124.8066	120.9424	66.0979	66.7023	-1.0000	-1.0000	-1.0000	-1.0000	-1.0000	-47.1931	-0.0874	-96.8365	-11.0690	-0.0205	-29.9494	-8.0783	-0.0150	-26.9586	-3.7710	-0.0070	-13.9947	-7.1350	-0.0132	-17.3587	-66.7871	INFQ +28.0;CLF +21.6	TE +5.3;VOYG +4.9
rerun_grid	ALL	incumbent	3ADR|time_s5	A_disc	521	224	39	259.7283	124.8066	120.9424	66.0979	66.7023	-1.0000	-1.0000	-1.0000	-1.0000	-1.0000	-35.1084	-0.0674	-84.7518	-6.1211	-0.0117	-25.0015	-3.8760	-0.0074	-22.7564	-2.0146	-0.0039	-12.2383	-5.2440	-0.0101	-15.4677	-54.7024	INFQ +28.0;CLF +21.6	TE +5.3;VOYG +4.9
rerun_grid	ALL	incumbent	3ADR|time_s5	B	20	12	0	0	0	0	0	0	-1.0000	-1.0000	-0.7500	-0.7500	-0.9750	-17.3918	-0.8696	-17.1331	-6.6381	-0.3319	-6.9693	-5.8783	-0.2939	-6.2095	-3.6024	-0.1801	-3.7680	-3.8288	-0.1914	-3.9944	-19.7040	DG +0.7;IONQ -1.0	DG +0.2;ROIV -0.1
rerun_grid	ALL	incumbent	3ADR|time_s10	A	540	231	45	294.1940	162.2383	153.4380	86.1817	87.3809	-1.0000	-1.0000	-1.0000	-1.0000	-1.0000	-53.6145	-0.0993	-100.1485	2.0261	0.0038	-17.9031	-1.8698	-0.0035	-21.7989	-1.1111	-0.0021	-11.5690	-3.0821	-0.0057	-13.5400	-74.4202	INFQ +29.0;CLF +17.6	TE +5.3;ALAB +5.2
rerun_grid	ALL	incumbent	3ADR|time_s10	A_disc	521	224	45	294.1940	162.2383	153.4380	86.1817	87.3809	-1.0000	-1.0000	-1.0000	-1.0000	-1.0000	-41.1642	-0.0790	-87.6982	7.7282	0.0148	-12.2010	3.1487	0.0060	-16.7805	1.6180	0.0031	-8.8398	-0.2183	-0.0004	-10.6761	-61.9699	INFQ +29.0;CLF +17.6	TE +5.3;ALAB +5.2
rerun_grid	ALL	incumbent	3ADR|time_s10	B	20	12	0	0	0	0	0	0	-1.0000	-1.0000	-0.7500	-0.7500	-0.9750	-17.6665	-0.8833	-17.0000	-6.5743	-0.3287	-6.8267	-5.9572	-0.2979	-6.1002	-3.4279	-0.1714	-3.6635	-3.6485	-0.1824	-3.8885	-19.9787	DG -0.1;SEI -0.6	SEI +0.3;DG -0.0
rerun_grid	ALL	incumbent	3ADR|sma21_2x	A	540	231	46	295.5539	161.1143	152.3140	85.6197	86.8189	-1.0000	-1.0000	-1.0000	-1.0000	-1.0000	-26.4926	-0.0491	-72.6188	15.6779	0.0290	-4.2512	10.9291	0.0202	-9.0001	7.0981	0.0131	-3.3598	6.2553	0.0116	-4.2026	-47.2983	INFQ +29.0;ALAB +17.2	TE +5.3;ALAB +5.2
rerun_grid	ALL	incumbent	3ADR|sma21_2x	A_disc	521	224	46	295.5539	161.1143	152.3140	85.6197	86.8189	-1.0000	-1.0000	-1.0000	-1.0000	-1.0000	-14.0423	-0.0270	-60.1685	21.3800	0.0410	1.4509	15.9475	0.0306	-3.9817	9.8272	0.0189	-0.6306	9.1191	0.0175	-1.3387	-34.8480	INFQ +29.0;ALAB +17.2	TE +5.3;ALAB +5.2
rerun_grid	ALL	incumbent	3ADR|sma21_2x	B	20	12	0	0	0	0	0	0	-1.0000	-1.0000	-0.7500	-0.7500	-0.9750	-18.1225	-0.9061	-17.0000	-6.8477	-0.3424	-7.0492	-6.2306	-0.3115	-6.3227	-3.5646	-0.1782	-3.7747	-3.7852	-0.1893	-3.9998	-20.4347	DG -0.6;SEI -0.6	SEI +0.3;ROIV -0.1
rerun_grid	ALL	incumbent	3ADR|ema23_2x	A	540	231	44	286.9127	152.7663	147.9934	81.4457	82.0501	-1.0000	-1.0000	-1.0000	-1.0000	-1.0000	-28.2413	-0.0523	-74.3675	11.9932	0.0222	-7.9360	10.0287	0.0186	-9.9005	5.4480	0.0101	-5.0098	4.1647	0.0077	-6.2932	-48.7663	INFQ +29.0;ALAB +17.2	TE +5.3;ALAB +5.2
rerun_grid	ALL	incumbent	3ADR|ema23_2x	A_disc	521	224	44	286.9127	152.7663	147.9934	81.4457	82.0501	-1.0000	-1.0000	-1.0000	-1.0000	-1.0000	-20.3715	-0.0391	-66.4977	15.8973	0.0305	-4.0318	13.2491	0.0254	-6.6800	7.2782	0.0140	-3.1796	6.1295	0.0118	-4.3283	-40.8965	INFQ +29.0;ALAB +17.2	TE +5.3;ALAB +5.2
rerun_grid	ALL	incumbent	3ADR|ema23_2x	B	20	12	0	0	0	0	0	0	-1.0000	-1.0000	-0.7500	-0.7500	-0.9750	-18.1225	-0.9061	-17.0000	-6.8477	-0.3424	-7.0492	-6.2306	-0.3115	-6.3227	-3.5646	-0.1782	-3.7747	-3.7852	-0.1893	-3.9998	-20.4347	DG -0.6;SEI -0.6	SEI +0.3;ROIV -0.1
rerun_grid	ALL	incumbent	3ADR|sma50_1x	A	540	231	39	232.5646	128.9237	125.7581	69.0311	69.0311	-1.0038	-1.0000	-1.0000	-1.0000	-1.0000	-50.7119	-0.0939	-96.8381	2.1949	0.0041	-17.4280	1.8542	0.0034	-17.7687	0.1523	0.0003	-9.9494	-1.7089	-0.0032	-11.8105	-59.9665	INFQ +29.0;ALAB +17.2	ALAB +5.2;VOYG +4.9
rerun_grid	ALL	incumbent	3ADR|sma50_1x	A_disc	521	224	39	232.5646	128.9237	125.7581	69.0311	69.0311	-1.0038	-1.0000	-1.0000	-1.0000	-1.0000	-41.0580	-0.0788	-87.1842	6.4686	0.0124	-13.1543	5.4443	0.0104	-14.1786	2.1673	0.0042	-7.9343	0.4408	0.0008	-9.6608	-50.3126	INFQ +29.0;ALAB +17.2	ALAB +5.2;VOYG +4.9
rerun_grid	ALL	incumbent	3ADR|sma50_1x	B	20	12	0	0	0	0	0	0	-1.0000	-1.0000	-0.7500	-0.7500	-0.9750	-16.9904	-0.8495	-15.8679	-5.7422	-0.2871	-6.0356	-5.3815	-0.2691	-5.5356	-3.0118	-0.1506	-3.2679	-3.2325	-0.1616	-3.4929	-19.3026	DG -0.6;SEI -0.6	SEI +0.3;AGX -0.0
rerun_grid	ALL	incumbent	3ADR|ema65_1x	A	540	231	37	234.6101	121.2011	118.0355	65.1698	65.1698	-1.0038	-1.0000	-1.0000	-1.0000	-1.0000	-63.4241	-0.1175	-109.5503	-15.7082	-0.0291	-35.3311	-15.3674	-0.0285	-34.9903	-10.0807	-0.0187	-20.1823	-12.5266	-0.0232	-22.6282	-74.1940	INFQ +29.0;ALAB +17.2	ALAB +5.2;VOYG +4.9
rerun_grid	ALL	incumbent	3ADR|ema65_1x	A_disc	521	224	37	234.6101	121.2011	118.0355	65.1698	65.1698	-1.0038	-1.0000	-1.0000	-1.0000	-1.0000	-54.5155	-0.1046	-100.6417	-10.8469	-0.0208	-30.4698	-11.1898	-0.0215	-30.8127	-7.7719	-0.0149	-17.8735	-10.0831	-0.0194	-20.1848	-65.2854	INFQ +29.0;ALAB +17.2	ALAB +5.2;VOYG +4.9
rerun_grid	ALL	incumbent	3ADR|ema65_1x	B	20	12	0	0	0	0	0	0	-1.0000	-1.0000	-0.7500	-0.7500	-0.9750	-16.5344	-0.8267	-15.8679	-5.4688	-0.2734	-5.7622	-5.1081	-0.2554	-5.2622	-2.8751	-0.1438	-3.1312	-3.0958	-0.1548	-3.3562	-18.8466	DG -0.1;SEI -0.6	SEI +0.3;AGX -0.0
rerun_grid	ALL	incumbent	3ADR|hv21_50_noreclaim2	A	540	231	45	294.1940	162.2383	153.4380	86.1817	87.3809	-1.0000	-1.0000	-1.0000	-1.0000	-1.0000	-53.6145	-0.0993	-100.1485	2.0261	0.0038	-17.9031	-1.8698	-0.0035	-21.7989	-1.1111	-0.0021	-11.5690	-3.0821	-0.0057	-13.5400	-74.4202	INFQ +29.0;CLF +17.6	TE +5.3;ALAB +5.2
rerun_grid	ALL	incumbent	3ADR|hv21_50_noreclaim2	A_disc	521	224	45	294.1940	162.2383	153.4380	86.1817	87.3809	-1.0000	-1.0000	-1.0000	-1.0000	-1.0000	-41.1642	-0.0790	-87.6982	7.7282	0.0148	-12.2010	3.1487	0.0060	-16.7805	1.6180	0.0031	-8.8398	-0.2183	-0.0004	-10.6761	-61.9699	INFQ +29.0;CLF +17.6	TE +5.3;ALAB +5.2
rerun_grid	ALL	incumbent	3ADR|hv21_50_noreclaim2	B	20	12	0	0	0	0	0	0	-1.0000	-1.0000	-0.7500	-0.7500	-0.9750	-17.6665	-0.8833	-17.0000	-6.5743	-0.3287	-6.8267	-5.9572	-0.2979	-6.1002	-3.4279	-0.1714	-3.6635	-3.6485	-0.1824	-3.8885	-19.9787	DG -0.1;SEI -0.6	SEI +0.3;DG -0.0
rerun_grid	ALL	adr_025	none|none	A	593	234	43	492.7251	137.7359	137.7359	68.8680	68.8680	-1.0000	-0.8367	-0.7624	-0.4184	-0.4184	-49.2653	-0.0831	-115.4058	-40.7483	-0.0687	-58.4384	-40.2643	-0.0679	-57.9544	-20.3741	-0.0344	-29.2192	-20.3741	-0.0344	-29.2192	-114.1967	VPG +34.3;FET +31.8	FPS +4.5;ARM +4.4
rerun_grid	ALL	adr_025	none|none	A_disc	573	227	42	488.2468	137.0906	137.0906	68.5453	68.5453	-1.0000	-0.8367	-0.7624	-0.4184	-0.4184	-34.7436	-0.0606	-100.8841	-35.9852	-0.0628	-53.6753	-35.5012	-0.0620	-53.1913	-17.9926	-0.0314	-26.8377	-17.9926	-0.0314	-26.8377	-97.2216	VPG +34.3;FET +31.8	FPS +4.5;ARM +4.4
rerun_grid	ALL	adr_025	none|none	B	26	13	0	0	0	0	0	0	-1.0000	-0.5058	-0.5058	-0.2529	-0.2529	-26.0000	-1.0000	-24.0000	-6.2931	-0.2420	-5.8950	-6.2931	-0.2420	-5.8950	-3.1466	-0.1210	-2.9475	-3.1466	-0.1210	-2.9475	-32.2961	ERO -1.0;IONQ -1.0	ROIV -0.1;ERO -0.1
rerun_grid	ALL	adr_025	none|trail_sma10	A	593	234	42	442.8155	121.1770	121.1770	60.5885	60.5885	-1.0000	-0.8367	-0.7563	-0.4184	-0.4184	-17.3753	-0.0293	-83.5158	-26.1921	-0.0442	-43.6221	-26.1454	-0.0441	-43.5754	-13.0960	-0.0221	-21.8110	-13.0960	-0.0221	-21.8110	-70.2975	VPG +34.3;FET +31.8	FPS +4.5;VPG +4.3
rerun_grid	ALL	adr_025	none|trail_sma10	A_disc	573	227	41	439.0755	120.6381	120.6381	60.3190	60.3190	-1.0000	-0.8367	-0.7563	-0.4184	-0.4184	-4.0559	-0.0071	-70.1964	-21.9026	-0.0382	-39.3326	-21.8560	-0.0381	-39.2860	-10.9513	-0.0191	-19.6663	-10.9513	-0.0191	-19.6663	-54.5247	VPG +34.3;FET +31.8	FPS +4.5;VPG +4.3
rerun_grid	ALL	adr_025	none|trail_sma10	B	26	13	0	0	0	0	0	0	-1.0000	-0.5058	-0.5058	-0.2529	-0.2529	-24.8234	-0.9547	-22.8234	-5.9743	-0.2298	-5.5762	-5.9743	-0.2298	-5.5762	-2.9871	-0.1149	-2.7881	-2.9871	-0.1149	-2.7881	-31.1195	ERO -1.0;IONQ -1.0	ROIV -0.1;ERO -0.1
rerun_grid	ALL	adr_025	none|trail_sma20	A	593	234	41	453.9834	126.5508	126.5508	63.2754	63.2754	-1.0000	-0.8367	-0.7563	-0.4184	-0.4184	-2.6000	-0.0044	-68.7405	-20.5199	-0.0346	-37.9499	-20.4733	-0.0345	-37.9033	-10.2600	-0.0173	-18.9750	-10.2600	-0.0173	-18.9750	-53.1364	VPG +34.3;FET +31.8	FPS +4.5;VPG +4.3
rerun_grid	ALL	adr_025	none|trail_sma20	A_disc	573	227	40	449.5051	125.9055	125.9055	62.9527	62.9527	-1.0000	-0.8367	-0.7563	-0.4184	-0.4184	11.2572	0.0196	-54.8833	-15.9255	-0.0278	-33.3555	-15.8788	-0.0277	-33.3089	-7.9627	-0.0139	-16.6777	-7.9627	-0.0139	-16.6777	-36.8258	VPG +34.3;FET +31.8	FPS +4.5;VPG +4.3
rerun_grid	ALL	adr_025	none|trail_sma20	B	26	13	0	0	0	0	0	0	-1.0000	-0.5058	-0.5058	-0.2529	-0.2529	-24.8234	-0.9547	-22.8234	-5.9743	-0.2298	-5.5762	-5.9743	-0.2298	-5.5762	-2.9871	-0.1149	-2.7881	-2.9871	-0.1149	-2.7881	-31.1195	ERO -1.0;IONQ -1.0	ROIV -0.1;ERO -0.1
rerun_grid	ALL	adr_025	none|trail_max10_20	A	593	234	41	425.8525	118.3802	118.3802	59.1901	59.1901	-1.0000	-0.8367	-0.7563	-0.4184	-0.4184	-5.8391	-0.0098	-71.9796	-19.4844	-0.0329	-36.9144	-19.4377	-0.0328	-36.8678	-9.7422	-0.0164	-18.4572	-9.7422	-0.0164	-18.4572	-52.7870	VPG +34.3;FET +31.8	FPS +4.5;VPG +4.3
rerun_grid	ALL	adr_025	none|trail_max10_20	A_disc	573	227	40	422.1125	117.8412	117.8412	58.9206	58.9206	-1.0000	-0.8367	-0.7563	-0.4184	-0.4184	7.4803	0.0131	-58.6602	-15.1949	-0.0265	-32.6249	-15.1483	-0.0264	-32.5783	-7.5975	-0.0133	-16.3125	-7.5975	-0.0133	-16.3125	-37.0142	VPG +34.3;FET +31.8	FPS +4.5;VPG +4.3
rerun_grid	ALL	adr_025	none|trail_max10_20	B	26	13	0	0	0	0	0	0	-1.0000	-0.5058	-0.5058	-0.2529	-0.2529	-24.8234	-0.9547	-22.8234	-5.9743	-0.2298	-5.5762	-5.9743	-0.2298	-5.5762	-2.9871	-0.1149	-2.7881	-2.9871	-0.1149	-2.7881	-31.1195	ERO -1.0;IONQ -1.0	ROIV -0.1;ERO -0.1
rerun_grid	ALL	adr_025	none|time_s3	A	593	234	60	519.6767	152.0535	152.0535	76.0268	76.0268	-1.0000	-0.8367	-0.7624	-0.4184	-0.4184	48.3687	0.0816	-1.8579	-3.5446	-0.0060	-22.0000	-3.0606	-0.0052	-21.5160	-1.7723	-0.0030	-11.0000	-1.7723	-0.0030	-11.0000	-15.7475	VOYG +28.0;CGEM +22.3	VOYG +5.7;ARM +3.5
rerun_grid	ALL	adr_025	none|time_s3	A_disc	573	227	55	494.6855	145.1425	145.1425	72.5712	72.5712	-1.0000	-0.8367	-0.7624	-0.4184	-0.4184	36.0658	0.0629	-14.1608	-6.9270	-0.0121	-25.3824	-6.4430	-0.0112	-24.8985	-3.4635	-0.0060	-12.6912	-3.4635	-0.0060	-12.6912	-25.5970	VOYG +28.0;CGEM +22.3	VOYG +5.7;ARM +3.5
rerun_grid	ALL	adr_025	none|time_s3	B	26	13	0	0	0	0	0	0	-1.0000	-0.5058	-0.5058	-0.2529	-0.2529	-26.0000	-1.0000	-24.0000	-6.2931	-0.2420	-5.8950	-6.2931	-0.2420	-5.8950	-3.1466	-0.1210	-2.9475	-3.1466	-0.1210	-2.9475	-32.2961	ERO -1.0;IONQ -1.0	ROIV -0.1;ERO -0.1
rerun_grid	ALL	adr_025	none|time_s5	A	593	234	53	457.4106	136.9955	136.9955	68.4977	68.4977	-1.0000	-0.8367	-0.7624	-0.4184	-0.4184	-51.5401	-0.0869	-106.2859	-30.8531	-0.0520	-51.6093	-30.3691	-0.0512	-51.1253	-15.4265	-0.0260	-25.8046	-15.4265	-0.0260	-25.8046	-115.6963	VOYG +28.0;ARM +26.8	VOYG +5.7;ARM +4.6
rerun_grid	ALL	adr_025	none|time_s5	A_disc	573	227	51	444.8677	133.7206	133.7206	66.8603	66.8603	-1.0000	-0.8367	-0.7624	-0.4184	-0.4184	-50.0191	-0.0873	-104.7649	-30.3014	-0.0529	-51.0576	-29.8174	-0.0520	-50.5736	-15.1507	-0.0264	-25.5288	-15.1507	-0.0264	-25.5288	-111.7219	VOYG +28.0;ARM +26.8	VOYG +5.7;ARM +4.6
rerun_grid	ALL	adr_025	none|time_s5	B	26	13	0	0	0	0	0	0	-1.0000	-0.5058	-0.5058	-0.2529	-0.2529	-26.0000	-1.0000	-24.0000	-6.2931	-0.2420	-5.8950	-6.2931	-0.2420	-5.8950	-3.1466	-0.1210	-2.9475	-3.1466	-0.1210	-2.9475	-32.2961	ERO -1.0;IONQ -1.0	ROIV -0.1;ERO -0.1
rerun_grid	ALL	adr_025	none|time_s10	A	593	234	43	492.7251	137.7359	137.7359	68.8680	68.8680	-1.0000	-0.8367	-0.7624	-0.4184	-0.4184	-49.2653	-0.0831	-115.4058	-40.7483	-0.0687	-58.4384	-40.2643	-0.0679	-57.9544	-20.3741	-0.0344	-29.2192	-20.3741	-0.0344	-29.2192	-114.1967	VPG +34.3;FET +31.8	FPS +4.5;ARM +4.4
rerun_grid	ALL	adr_025	none|time_s10	A_disc	573	227	42	488.2468	137.0906	137.0906	68.5453	68.5453	-1.0000	-0.8367	-0.7624	-0.4184	-0.4184	-34.7436	-0.0606	-100.8841	-35.9852	-0.0628	-53.6753	-35.5012	-0.0620	-53.1913	-17.9926	-0.0314	-26.8377	-17.9926	-0.0314	-26.8377	-97.2216	VPG +34.3;FET +31.8	FPS +4.5;ARM +4.4
rerun_grid	ALL	adr_025	none|time_s10	B	26	13	0	0	0	0	0	0	-1.0000	-0.5058	-0.5058	-0.2529	-0.2529	-26.0000	-1.0000	-24.0000	-6.2931	-0.2420	-5.8950	-6.2931	-0.2420	-5.8950	-3.1466	-0.1210	-2.9475	-3.1466	-0.1210	-2.9475	-32.2961	ERO -1.0;IONQ -1.0	ROIV -0.1;ERO -0.1
rerun_grid	ALL	adr_025	none|sma21_2x	A	593	234	46	505.9133	142.2649	142.2649	71.1325	71.1325	-1.0000	-0.8367	-0.7624	-0.4184	-0.4184	1.4312	0.0024	-64.7093	-22.6195	-0.0381	-40.3096	-22.2503	-0.0375	-39.9405	-11.3097	-0.0191	-20.1548	-11.3097	-0.0191	-20.1548	-62.4781	VPG +34.3;FET +31.8	FPS +4.5;ARM +4.4
rerun_grid	ALL	adr_025	none|sma21_2x	A_disc	573	227	45	501.4350	141.6196	141.6196	70.8098	70.8098	-1.0000	-0.8367	-0.7624	-0.4184	-0.4184	15.9529	0.0278	-50.1876	-17.8564	-0.0312	-35.5465	-17.4872	-0.0305	-35.1774	-8.9282	-0.0156	-17.7733	-8.9282	-0.0156	-17.7733	-45.5030	VPG +34.3;FET +31.8	FPS +4.5;ARM +4.4
rerun_grid	ALL	adr_025	none|sma21_2x	B	26	13	0	0	0	0	0	0	-1.0000	-0.5058	-0.5058	-0.2529	-0.2529	-26.0000	-1.0000	-24.0000	-6.2931	-0.2420	-5.8950	-6.2931	-0.2420	-5.8950	-3.1466	-0.1210	-2.9475	-3.1466	-0.1210	-2.9475	-32.2961	ERO -1.0;IONQ -1.0	ROIV -0.1;ERO -0.1
rerun_grid	ALL	adr_025	none|ema23_2x	A	593	234	46	494.0517	137.5208	137.5208	68.7604	68.7604	-1.0000	-0.8367	-0.7624	-0.4184	-0.4184	-3.6758	-0.0062	-69.8163	-24.4403	-0.0412	-41.9183	-24.0712	-0.0406	-41.5491	-12.2202	-0.0206	-20.9591	-12.2202	-0.0206	-20.9591	-67.5851	VPG +34.3;FET +31.8	FPS +4.5;ARM +4.3
rerun_grid	ALL	adr_025	none|ema23_2x	A_disc	573	227	45	489.5734	136.8755	136.8755	68.4378	68.4378	-1.0000	-0.8367	-0.7624	-0.4184	-0.4184	7.9241	0.0138	-58.2164	-20.4189	-0.0356	-37.8968	-20.0497	-0.0350	-37.5276	-10.2094	-0.0178	-18.9484	-10.2094	-0.0178	-18.9484	-53.5318	VPG +34.3;FET +31.8	FPS +4.5;ARM +4.3
rerun_grid	ALL	adr_025	none|ema23_2x	B	26	13	0	0	0	0	0	0	-1.0000	-0.5058	-0.5058	-0.2529	-0.2529	-26.0000	-1.0000	-24.0000	-6.2931	-0.2420	-5.8950	-6.2931	-0.2420	-5.8950	-3.1466	-0.1210	-2.9475	-3.1466	-0.1210	-2.9475	-32.2961	ERO -1.0;IONQ -1.0	ROIV -0.1;ERO -0.1
rerun_grid	ALL	adr_025	none|sma50_1x	A	593	234	40	450.4072	124.7521	124.7521	62.3761	62.3761	-1.0000	-0.8367	-0.7624	-0.4184	-0.4184	2.4021	0.0041	-63.7384	-20.2795	-0.0342	-37.7095	-20.2328	-0.0341	-37.6628	-10.1397	-0.0171	-18.8547	-10.1397	-0.0171	-18.8547	-38.1330	VPG +34.3;FET +31.8	FPS +4.5;VPG +4.3
rerun_grid	ALL	adr_025	none|sma50_1x	A_disc	573	227	39	445.9289	124.1068	124.1068	62.0534	62.0534	-1.0000	-0.8367	-0.7624	-0.4184	-0.4184	14.9901	0.0262	-51.1504	-16.1293	-0.0281	-33.5593	-16.0826	-0.0281	-33.5126	-8.0646	-0.0141	-16.7796	-8.0646	-0.0141	-16.7796	-23.0916	VPG +34.3;FET +31.8	FPS +4.5;VPG +4.3
rerun_grid	ALL	adr_025	none|sma50_1x	B	26	13	0	0	0	0	0	0	-1.0000	-0.5058	-0.5058	-0.2529	-0.2529	-24.8234	-0.9547	-22.8234	-5.9743	-0.2298	-5.5762	-5.9743	-0.2298	-5.5762	-2.9871	-0.1149	-2.7881	-2.9871	-0.1149	-2.7881	-31.1195	ERO -1.0;IONQ -1.0	ROIV -0.1;ERO -0.1
rerun_grid	ALL	adr_025	none|ema65_1x	A	593	234	39	438.2007	122.1290	122.1290	61.0645	61.0645	-1.0000	-0.8367	-0.7624	-0.4184	-0.4184	-14.8344	-0.0250	-80.9749	-26.1723	-0.0441	-43.6023	-26.1256	-0.0441	-43.5556	-13.0862	-0.0221	-21.8012	-13.0862	-0.0221	-21.8012	-54.3398	VPG +34.3;FET +31.8	FPS +4.5;VPG +4.3
rerun_grid	ALL	adr_025	none|ema65_1x	A_disc	573	227	38	433.7224	121.4836	121.4836	60.7418	60.7418	-1.0000	-0.8367	-0.7624	-0.4184	-0.4184	-2.2533	-0.0039	-68.3938	-21.9892	-0.0384	-39.4193	-21.9426	-0.0383	-39.3726	-10.9946	-0.0192	-19.7096	-10.9946	-0.0192	-19.7096	-39.3053	VPG +34.3;FET +31.8	FPS +4.5;VPG +4.3
rerun_grid	ALL	adr_025	none|ema65_1x	B	26	13	0	0	0	0	0	0	-1.0000	-0.5058	-0.5058	-0.2529	-0.2529	-24.8234	-0.9547	-22.8234	-5.9743	-0.2298	-5.5762	-5.9743	-0.2298	-5.5762	-2.9871	-0.1149	-2.7881	-2.9871	-0.1149	-2.7881	-31.1195	ERO -1.0;IONQ -1.0	ROIV -0.1;ERO -0.1
rerun_grid	ALL	adr_025	none|hv21_50_noreclaim2	A	593	234	43	492.7251	137.7359	137.7359	68.8680	68.8680	-1.0000	-0.8367	-0.7624	-0.4184	-0.4184	-49.2653	-0.0831	-115.4058	-40.7483	-0.0687	-58.4384	-40.2643	-0.0679	-57.9544	-20.3741	-0.0344	-29.2192	-20.3741	-0.0344	-29.2192	-114.1967	VPG +34.3;FET +31.8	FPS +4.5;ARM +4.4
rerun_grid	ALL	adr_025	none|hv21_50_noreclaim2	A_disc	573	227	42	488.2468	137.0906	137.0906	68.5453	68.5453	-1.0000	-0.8367	-0.7624	-0.4184	-0.4184	-34.7436	-0.0606	-100.8841	-35.9852	-0.0628	-53.6753	-35.5012	-0.0620	-53.1913	-17.9926	-0.0314	-26.8377	-17.9926	-0.0314	-26.8377	-97.2216	VPG +34.3;FET +31.8	FPS +4.5;ARM +4.4
rerun_grid	ALL	adr_025	none|hv21_50_noreclaim2	B	26	13	0	0	0	0	0	0	-1.0000	-0.5058	-0.5058	-0.2529	-0.2529	-26.0000	-1.0000	-24.0000	-6.2931	-0.2420	-5.8950	-6.2931	-0.2420	-5.8950	-3.1466	-0.1210	-2.9475	-3.1466	-0.1210	-2.9475	-32.2961	ERO -1.0;IONQ -1.0	ROIV -0.1;ERO -0.1
rerun_grid	ALL	adr_025	1R|none	A	593	234	0	0	0	0	0	0	-1.0000	-0.8367	-0.7624	-0.4184	-0.4184	-67.0000	-0.1130	-75.0000	-27.6726	-0.0467	-30.4885	-27.5265	-0.0464	-30.3423	-13.8363	-0.0233	-15.2442	-13.8363	-0.0233	-15.2442	-98.3170	ASAN +4.0;QBTS +4.0	QBTS +0.8;ASAN +0.7
rerun_grid	ALL	adr_025	1R|none	A_disc	573	227	0	0	0	0	0	0	-1.0000	-0.8367	-0.7624	-0.4184	-0.4184	-65.0000	-0.1134	-73.0000	-27.3202	-0.0477	-30.1360	-27.1740	-0.0474	-29.9898	-13.6601	-0.0238	-15.0680	-13.6601	-0.0238	-15.0680	-95.6683	ASAN +4.0;QBTS +4.0	QBTS +0.8;ASAN +0.7
rerun_grid	ALL	adr_025	1R|none	B	26	13	0	0	0	0	0	0	-1.0000	-0.4823	-0.4823	-0.2412	-0.2412	-10.0000	-0.3846	-14.0000	-2.0977	-0.0807	-2.9594	-2.0977	-0.0807	-2.9594	-1.0488	-0.0403	-1.4797	-1.0488	-0.0403	-1.4797	-11.2792	QCOM +2.0;SEI +2.0	SEI +0.3;QCOM +0.1
rerun_grid	ALL	adr_025	1R|trail_sma10	A	593	234	0	0	0	0	0	0	-1.0000	-0.8367	-0.7563	-0.4184	-0.4184	-50.5053	-0.0852	-58.5053	-20.8586	-0.0352	-23.6745	-20.7126	-0.0349	-23.5284	-10.4293	-0.0176	-11.8372	-10.4293	-0.0176	-11.8372	-74.0188	ASAN +4.0;QBTS +4.0	QBTS +0.8;ASAN +0.7
rerun_grid	ALL	adr_025	1R|trail_sma10	A_disc	573	227	0	0	0	0	0	0	-1.0000	-0.8367	-0.7563	-0.4184	-0.4184	-48.4459	-0.0845	-56.4459	-20.5786	-0.0359	-23.3944	-20.4325	-0.0357	-23.2483	-10.2893	-0.0180	-11.6972	-10.2893	-0.0180	-11.6972	-71.3107	ASAN +4.0;QBTS +4.0	QBTS +0.8;ASAN +0.7
rerun_grid	ALL	adr_025	1R|trail_sma10	B	26	13	0	0	0	0	0	0	-1.0000	-0.4823	-0.4823	-0.2412	-0.2412	-8.8234	-0.3394	-12.8234	-1.7788	-0.0684	-2.6406	-1.7788	-0.0684	-2.6406	-0.8894	-0.0342	-1.3203	-0.8894	-0.0342	-1.3203	-10.1026	QCOM +2.0;SEI +2.0	SEI +0.3;QCOM +0.1
rerun_grid	ALL	adr_025	1R|trail_sma20	A	593	234	0	0	0	0	0	0	-1.0000	-0.8367	-0.7563	-0.4184	-0.4184	-59.1021	-0.0997	-67.1021	-23.5462	-0.0397	-26.3620	-23.4001	-0.0395	-26.2160	-11.7731	-0.0199	-13.1810	-11.7731	-0.0199	-13.1810	-82.6154	ASAN +4.0;QBTS +4.0	QBTS +0.8;ASAN +0.7
rerun_grid	ALL	adr_025	1R|trail_sma20	A_disc	573	227	0	0	0	0	0	0	-1.0000	-0.8367	-0.7563	-0.4184	-0.4184	-55.7666	-0.0973	-63.7666	-22.8548	-0.0399	-25.6706	-22.7087	-0.0396	-25.5245	-11.4274	-0.0199	-12.8353	-11.4274	-0.0199	-12.8353	-78.6312	ASAN +4.0;QBTS +4.0	QBTS +0.8;ASAN +0.7
rerun_grid	ALL	adr_025	1R|trail_sma20	B	26	13	0	0	0	0	0	0	-1.0000	-0.4823	-0.4823	-0.2412	-0.2412	-8.8234	-0.3394	-12.8234	-1.7788	-0.0684	-2.6406	-1.7788	-0.0684	-2.6406	-0.8894	-0.0342	-1.3203	-0.8894	-0.0342	-1.3203	-10.1026	QCOM +2.0;SEI +2.0	SEI +0.3;QCOM +0.1
rerun_grid	ALL	adr_025	1R|trail_max10_20	A	593	234	0	0	0	0	0	0	-1.0000	-0.8367	-0.7563	-0.4184	-0.4184	-50.8246	-0.0857	-58.8246	-20.6163	-0.0348	-23.4322	-20.4703	-0.0345	-23.2861	-10.3082	-0.0174	-11.7161	-10.3082	-0.0174	-11.7161	-71.0810	ASAN +4.0;QBTS +4.0	QBTS +0.8;ASAN +0.7
rerun_grid	ALL	adr_025	1R|trail_max10_20	A_disc	573	227	0	0	0	0	0	0	-1.0000	-0.8367	-0.7563	-0.4184	-0.4184	-48.7652	-0.0851	-56.7652	-20.3363	-0.0355	-23.1521	-20.1902	-0.0352	-23.0060	-10.1681	-0.0177	-11.5761	-10.1681	-0.0177	-11.5761	-68.3729	ASAN +4.0;QBTS +4.0	QBTS +0.8;ASAN +0.7
rerun_grid	ALL	adr_025	1R|trail_max10_20	B	26	13	0	0	0	0	0	0	-1.0000	-0.4823	-0.4823	-0.2412	-0.2412	-8.8234	-0.3394	-12.8234	-1.7788	-0.0684	-2.6406	-1.7788	-0.0684	-2.6406	-0.8894	-0.0342	-1.3203	-0.8894	-0.0342	-1.3203	-10.1026	QCOM +2.0;SEI +2.0	SEI +0.3;QCOM +0.1
rerun_grid	ALL	adr_025	1R|time_s3	A	593	234	0	0	0	0	0	0	-1.0000	-0.8367	-0.7624	-0.4184	-0.4184	-67.0000	-0.1130	-75.0000	-27.6726	-0.0467	-30.4885	-27.5265	-0.0464	-30.3423	-13.8363	-0.0233	-15.2442	-13.8363	-0.0233	-15.2442	-98.3170	ASAN +4.0;QBTS +4.0	QBTS +0.8;ASAN +0.7
rerun_grid	ALL	adr_025	1R|time_s3	A_disc	573	227	0	0	0	0	0	0	-1.0000	-0.8367	-0.7624	-0.4184	-0.4184	-65.0000	-0.1134	-73.0000	-27.3202	-0.0477	-30.1360	-27.1740	-0.0474	-29.9898	-13.6601	-0.0238	-15.0680	-13.6601	-0.0238	-15.0680	-95.6683	ASAN +4.0;QBTS +4.0	QBTS +0.8;ASAN +0.7
rerun_grid	ALL	adr_025	1R|time_s3	B	26	13	0	0	0	0	0	0	-1.0000	-0.4823	-0.4823	-0.2412	-0.2412	-10.0000	-0.3846	-14.0000	-2.0977	-0.0807	-2.9594	-2.0977	-0.0807	-2.9594	-1.0488	-0.0403	-1.4797	-1.0488	-0.0403	-1.4797	-11.2792	QCOM +2.0;SEI +2.0	SEI +0.3;QCOM +0.1
rerun_grid	ALL	adr_025	1R|time_s5	A	593	234	0	0	0	0	0	0	-1.0000	-0.8367	-0.7624	-0.4184	-0.4184	-67.0000	-0.1130	-75.0000	-27.6726	-0.0467	-30.4885	-27.5265	-0.0464	-30.3423	-13.8363	-0.0233	-15.2442	-13.8363	-0.0233	-15.2442	-98.3170	ASAN +4.0;QBTS +4.0	QBTS +0.8;ASAN +0.7
rerun_grid	ALL	adr_025	1R|time_s5	A_disc	573	227	0	0	0	0	0	0	-1.0000	-0.8367	-0.7624	-0.4184	-0.4184	-65.0000	-0.1134	-73.0000	-27.3202	-0.0477	-30.1360	-27.1740	-0.0474	-29.9898	-13.6601	-0.0238	-15.0680	-13.6601	-0.0238	-15.0680	-95.6683	ASAN +4.0;QBTS +4.0	QBTS +0.8;ASAN +0.7
rerun_grid	ALL	adr_025	1R|time_s5	B	26	13	0	0	0	0	0	0	-1.0000	-0.4823	-0.4823	-0.2412	-0.2412	-10.0000	-0.3846	-14.0000	-2.0977	-0.0807	-2.9594	-2.0977	-0.0807	-2.9594	-1.0488	-0.0403	-1.4797	-1.0488	-0.0403	-1.4797	-11.2792	QCOM +2.0;SEI +2.0	SEI +0.3;QCOM +0.1
rerun_grid	ALL	adr_025	1R|time_s10	A	593	234	0	0	0	0	0	0	-1.0000	-0.8367	-0.7624	-0.4184	-0.4184	-67.0000	-0.1130	-75.0000	-27.6726	-0.0467	-30.4885	-27.5265	-0.0464	-30.3423	-13.8363	-0.0233	-15.2442	-13.8363	-0.0233	-15.2442	-98.3170	ASAN +4.0;QBTS +4.0	QBTS +0.8;ASAN +0.7
rerun_grid	ALL	adr_025	1R|time_s10	A_disc	573	227	0	0	0	0	0	0	-1.0000	-0.8367	-0.7624	-0.4184	-0.4184	-65.0000	-0.1134	-73.0000	-27.3202	-0.0477	-30.1360	-27.1740	-0.0474	-29.9898	-13.6601	-0.0238	-15.0680	-13.6601	-0.0238	-15.0680	-95.6683	ASAN +4.0;QBTS +4.0	QBTS +0.8;ASAN +0.7
rerun_grid	ALL	adr_025	1R|time_s10	B	26	13	0	0	0	0	0	0	-1.0000	-0.4823	-0.4823	-0.2412	-0.2412	-10.0000	-0.3846	-14.0000	-2.0977	-0.0807	-2.9594	-2.0977	-0.0807	-2.9594	-1.0488	-0.0403	-1.4797	-1.0488	-0.0403	-1.4797	-11.2792	QCOM +2.0;SEI +2.0	SEI +0.3;QCOM +0.1
rerun_grid	ALL	adr_025	1R|sma21_2x	A	593	234	0	0	0	0	0	0	-1.0000	-0.8367	-0.7624	-0.4184	-0.4184	-67.7508	-0.1143	-75.7508	-27.7880	-0.0469	-30.6038	-27.6418	-0.0466	-30.4577	-13.8940	-0.0234	-15.3019	-13.8940	-0.0234	-15.3019	-99.0678	ASAN +4.0;QBTS +4.0	QBTS +0.8;ASAN +0.7
rerun_grid	ALL	adr_025	1R|sma21_2x	A_disc	573	227	0	0	0	0	0	0	-1.0000	-0.8367	-0.7624	-0.4184	-0.4184	-65.7508	-0.1147	-73.7508	-27.4355	-0.0479	-30.2514	-27.2894	-0.0476	-30.1052	-13.7178	-0.0239	-15.1257	-13.7178	-0.0239	-15.1257	-96.4191	ASAN +4.0;QBTS +4.0	QBTS +0.8;ASAN +0.7
rerun_grid	ALL	adr_025	1R|sma21_2x	B	26	13	0	0	0	0	0	0	-1.0000	-0.4823	-0.4823	-0.2412	-0.2412	-10.0000	-0.3846	-14.0000	-2.0977	-0.0807	-2.9594	-2.0977	-0.0807	-2.9594	-1.0488	-0.0403	-1.4797	-1.0488	-0.0403	-1.4797	-11.2792	QCOM +2.0;SEI +2.0	SEI +0.3;QCOM +0.1
rerun_grid	ALL	adr_025	1R|ema23_2x	A	593	234	0	0	0	0	0	0	-1.0000	-0.8367	-0.7624	-0.4184	-0.4184	-67.0000	-0.1130	-75.0000	-27.6726	-0.0467	-30.4885	-27.5265	-0.0464	-30.3423	-13.8363	-0.0233	-15.2442	-13.8363	-0.0233	-15.2442	-98.3170	ASAN +4.0;QBTS +4.0	QBTS +0.8;ASAN +0.7
rerun_grid	ALL	adr_025	1R|ema23_2x	A_disc	573	227	0	0	0	0	0	0	-1.0000	-0.8367	-0.7624	-0.4184	-0.4184	-65.0000	-0.1134	-73.0000	-27.3202	-0.0477	-30.1360	-27.1740	-0.0474	-29.9898	-13.6601	-0.0238	-15.0680	-13.6601	-0.0238	-15.0680	-95.6683	ASAN +4.0;QBTS +4.0	QBTS +0.8;ASAN +0.7
rerun_grid	ALL	adr_025	1R|ema23_2x	B	26	13	0	0	0	0	0	0	-1.0000	-0.4823	-0.4823	-0.2412	-0.2412	-10.0000	-0.3846	-14.0000	-2.0977	-0.0807	-2.9594	-2.0977	-0.0807	-2.9594	-1.0488	-0.0403	-1.4797	-1.0488	-0.0403	-1.4797	-11.2792	QCOM +2.0;SEI +2.0	SEI +0.3;QCOM +0.1
rerun_grid	ALL	adr_025	1R|sma50_1x	A	593	234	0	0	0	0	0	0	-1.0000	-0.8367	-0.7624	-0.4184	-0.4184	-57.0212	-0.0962	-64.0212	-22.9836	-0.0388	-25.4063	-22.8375	-0.0385	-25.2601	-11.4918	-0.0194	-12.7031	-11.4918	-0.0194	-12.7031	-74.6217	ASAN +4.0;FIG +3.0	ASAN +0.7;QBTS +0.6
rerun_grid	ALL	adr_025	1R|sma50_1x	A_disc	573	227	0	0	0	0	0	0	-1.0000	-0.8367	-0.7624	-0.4184	-0.4184	-52.9549	-0.0924	-59.9549	-22.0364	-0.0385	-24.4590	-21.8902	-0.0382	-24.3128	-11.0182	-0.0192	-12.2295	-11.0182	-0.0192	-12.2295	-69.9067	ASAN +4.0;FIG +3.0	ASAN +0.7;QBTS +0.6
rerun_grid	ALL	adr_025	1R|sma50_1x	B	26	13	0	0	0	0	0	0	-1.0000	-0.4823	-0.4823	-0.2412	-0.2412	-8.8234	-0.3394	-12.8234	-1.7788	-0.0684	-2.6406	-1.7788	-0.0684	-2.6406	-0.8894	-0.0342	-1.3203	-0.8894	-0.0342	-1.3203	-10.1026	QCOM +2.0;SEI +2.0	SEI +0.3;QCOM +0.1
rerun_grid	ALL	adr_025	1R|ema65_1x	A	593	234	0	0	0	0	0	0	-1.0000	-0.8367	-0.7624	-0.4184	-0.4184	-59.0564	-0.0996	-66.0564	-23.5187	-0.0397	-25.9413	-23.3726	-0.0394	-25.7952	-11.7594	-0.0198	-12.9707	-11.7594	-0.0198	-12.9707	-76.3819	ASAN +4.0;FIG +3.0	ASAN +0.7;QBTS +0.6
rerun_grid	ALL	adr_025	1R|ema65_1x	A_disc	573	227	0	0	0	0	0	0	-1.0000	-0.8367	-0.7624	-0.4184	-0.4184	-56.9970	-0.0995	-63.9970	-23.2387	-0.0406	-25.6613	-23.0925	-0.0403	-25.5151	-11.6193	-0.0203	-12.8306	-11.6193	-0.0203	-12.8306	-73.6738	ASAN +4.0;FIG +3.0	ASAN +0.7;QBTS +0.6
rerun_grid	ALL	adr_025	1R|ema65_1x	B	26	13	0	0	0	0	0	0	-1.0000	-0.4823	-0.4823	-0.2412	-0.2412	-8.8234	-0.3394	-12.8234	-1.7788	-0.0684	-2.6406	-1.7788	-0.0684	-2.6406	-0.8894	-0.0342	-1.3203	-0.8894	-0.0342	-1.3203	-10.1026	QCOM +2.0;SEI +2.0	SEI +0.3;QCOM +0.1
rerun_grid	ALL	adr_025	1R|hv21_50_noreclaim2	A	593	234	0	0	0	0	0	0	-1.0000	-0.8367	-0.7624	-0.4184	-0.4184	-67.0000	-0.1130	-75.0000	-27.6726	-0.0467	-30.4885	-27.5265	-0.0464	-30.3423	-13.8363	-0.0233	-15.2442	-13.8363	-0.0233	-15.2442	-98.3170	ASAN +4.0;QBTS +4.0	QBTS +0.8;ASAN +0.7
rerun_grid	ALL	adr_025	1R|hv21_50_noreclaim2	A_disc	573	227	0	0	0	0	0	0	-1.0000	-0.8367	-0.7624	-0.4184	-0.4184	-65.0000	-0.1134	-73.0000	-27.3202	-0.0477	-30.1360	-27.1740	-0.0474	-29.9898	-13.6601	-0.0238	-15.0680	-13.6601	-0.0238	-15.0680	-95.6683	ASAN +4.0;QBTS +4.0	QBTS +0.8;ASAN +0.7
rerun_grid	ALL	adr_025	1R|hv21_50_noreclaim2	B	26	13	0	0	0	0	0	0	-1.0000	-0.4823	-0.4823	-0.2412	-0.2412	-10.0000	-0.3846	-14.0000	-2.0977	-0.0807	-2.9594	-2.0977	-0.0807	-2.9594	-1.0488	-0.0403	-1.4797	-1.0488	-0.0403	-1.4797	-11.2792	QCOM +2.0;SEI +2.0	SEI +0.3;QCOM +0.1
rerun_grid	ALL	adr_025	2R|none	A	593	234	0	0	0	0	0	0	-1.0000	-0.8367	-0.7624	-0.4184	-0.4184	-29.0000	-0.0489	-41.0000	-16.9243	-0.0285	-20.7893	-16.9470	-0.0286	-20.8120	-8.4621	-0.0143	-10.3947	-8.4621	-0.0143	-10.3947	-66.8573	FIG +6.0;HGTY +6.0	FIG +1.0;QBTS +1.0
rerun_grid	ALL	adr_025	2R|none	A_disc	573	227	0	0	0	0	0	0	-1.0000	-0.8367	-0.7624	-0.4184	-0.4184	-30.0000	-0.0524	-42.0000	-17.0973	-0.0298	-20.9623	-17.1201	-0.0299	-20.9851	-8.5487	-0.0149	-10.4812	-8.5487	-0.0149	-10.4812	-67.2086	FIG +6.0;HGTY +6.0	FIG +1.0;QBTS +1.0
rerun_grid	ALL	adr_025	2R|none	B	26	13	0	0	0	0	0	0	-1.0000	-0.5058	-0.5058	-0.2529	-0.2529	-11.0000	-0.4231	-19.0000	-3.0035	-0.1155	-4.7270	-3.0035	-0.1155	-4.7270	-1.5018	-0.0578	-2.3635	-1.5018	-0.0578	-2.3635	-12.2792	QCOM +4.0;SEI +4.0	SEI +0.6;QCOM +0.3
rerun_grid	ALL	adr_025	2R|trail_sma10	A	593	234	0	0	0	0	0	0	-1.0000	-0.8367	-0.7563	-0.4184	-0.4184	-14.1624	-0.0239	-26.1624	-11.7520	-0.0198	-15.6170	-11.7749	-0.0199	-15.6399	-5.8760	-0.0099	-7.8085	-5.8760	-0.0099	-7.8085	-42.5271	FIG +6.0;HGTY +6.0	FIG +1.0;QBTS +1.0
rerun_grid	ALL	adr_025	2R|trail_sma10	A_disc	573	227	0	0	0	0	0	0	-1.0000	-0.8367	-0.7563	-0.4184	-0.4184	-14.1030	-0.0246	-26.1030	-11.7436	-0.0205	-15.6086	-11.7664	-0.0205	-15.6315	-5.8718	-0.0102	-7.8043	-5.8718	-0.0102	-7.8043	-41.8190	FIG +6.0;HGTY +6.0	FIG +1.0;QBTS +1.0
rerun_grid	ALL	adr_025	2R|trail_sma10	B	26	13	0	0	0	0	0	0	-1.0000	-0.5058	-0.5058	-0.2529	-0.2529	-9.8234	-0.3778	-17.8234	-2.6847	-0.1033	-4.4082	-2.6847	-0.1033	-4.4082	-1.3423	-0.0516	-2.2041	-1.3423	-0.0516	-2.2041	-11.1026	QCOM +4.0;SEI +4.0	SEI +0.6;QCOM +0.3
rerun_grid	ALL	adr_025	2R|trail_sma20	A	593	234	0	0	0	0	0	0	-1.0000	-0.8367	-0.7563	-0.4184	-0.4184	-32.4073	-0.0546	-44.4073	-17.3642	-0.0293	-21.4138	-17.3871	-0.0293	-21.4366	-8.6821	-0.0146	-10.7069	-8.6821	-0.0146	-10.7069	-60.5458	FIG +6.0;HGTY +6.0	QBTS +1.0;FIG +1.0
rerun_grid	ALL	adr_025	2R|trail_sma20	A_disc	573	227	0	0	0	0	0	0	-1.0000	-0.8367	-0.7563	-0.4184	-0.4184	-31.0718	-0.0542	-43.0718	-16.9444	-0.0296	-20.9940	-16.9672	-0.0296	-21.0168	-8.4722	-0.0148	-10.4970	-8.4722	-0.0148	-10.4970	-58.5616	FIG +6.0;HGTY +6.0	QBTS +1.0;FIG +1.0
rerun_grid	ALL	adr_025	2R|trail_sma20	B	26	13	0	0	0	0	0	0	-1.0000	-0.5058	-0.5058	-0.2529	-0.2529	-9.8234	-0.3778	-17.8234	-2.6847	-0.1033	-4.4082	-2.6847	-0.1033	-4.4082	-1.3423	-0.0516	-2.2041	-1.3423	-0.0516	-2.2041	-11.1026	QCOM +4.0;SEI +4.0	SEI +0.6;QCOM +0.3
rerun_grid	ALL	adr_025	2R|trail_max10_20	A	593	234	0	0	0	0	0	0	-1.0000	-0.8367	-0.7563	-0.4184	-0.4184	-22.0315	-0.0372	-34.0315	-14.0828	-0.0237	-18.1324	-14.1056	-0.0238	-18.1552	-7.0414	-0.0119	-9.0662	-7.0414	-0.0119	-9.0662	-46.5815	FIG +6.0;HGTY +6.0	QBTS +1.0;FIG +1.0
rerun_grid	ALL	adr_025	2R|trail_max10_20	A_disc	573	227	0	0	0	0	0	0	-1.0000	-0.8367	-0.7563	-0.4184	-0.4184	-21.9721	-0.0383	-33.9721	-14.0744	-0.0246	-18.1240	-14.0972	-0.0246	-18.1468	-7.0372	-0.0123	-9.0620	-7.0372	-0.0123	-9.0620	-45.8734	FIG +6.0;HGTY +6.0	QBTS +1.0;FIG +1.0
rerun_grid	ALL	adr_025	2R|trail_max10_20	B	26	13	0	0	0	0	0	0	-1.0000	-0.5058	-0.5058	-0.2529	-0.2529	-9.8234	-0.3778	-17.8234	-2.6847	-0.1033	-4.4082	-2.6847	-0.1033	-4.4082	-1.3423	-0.0516	-2.2041	-1.3423	-0.0516	-2.2041	-11.1026	QCOM +4.0;SEI +4.0	SEI +0.6;QCOM +0.3
rerun_grid	ALL	adr_025	2R|time_s3	A	593	234	0	0	0	0	0	0	-1.0000	-0.8367	-0.7624	-0.4184	-0.4184	-29.0000	-0.0489	-41.0000	-16.9243	-0.0285	-20.7893	-16.9470	-0.0286	-20.8120	-8.4621	-0.0143	-10.3947	-8.4621	-0.0143	-10.3947	-66.8573	FIG +6.0;HGTY +6.0	FIG +1.0;QBTS +1.0
rerun_grid	ALL	adr_025	2R|time_s3	A_disc	573	227	0	0	0	0	0	0	-1.0000	-0.8367	-0.7624	-0.4184	-0.4184	-30.0000	-0.0524	-42.0000	-17.0973	-0.0298	-20.9623	-17.1201	-0.0299	-20.9851	-8.5487	-0.0149	-10.4812	-8.5487	-0.0149	-10.4812	-67.2086	FIG +6.0;HGTY +6.0	FIG +1.0;QBTS +1.0
rerun_grid	ALL	adr_025	2R|time_s3	B	26	13	0	0	0	0	0	0	-1.0000	-0.5058	-0.5058	-0.2529	-0.2529	-11.0000	-0.4231	-19.0000	-3.0035	-0.1155	-4.7270	-3.0035	-0.1155	-4.7270	-1.5018	-0.0578	-2.3635	-1.5018	-0.0578	-2.3635	-12.2792	QCOM +4.0;SEI +4.0	SEI +0.6;QCOM +0.3
rerun_grid	ALL	adr_025	2R|time_s5	A	593	234	0	0	0	0	0	0	-1.0000	-0.8367	-0.7624	-0.4184	-0.4184	-29.0000	-0.0489	-41.0000	-16.9243	-0.0285	-20.7893	-16.9470	-0.0286	-20.8120	-8.4621	-0.0143	-10.3947	-8.4621	-0.0143	-10.3947	-66.8573	FIG +6.0;HGTY +6.0	FIG +1.0;QBTS +1.0
rerun_grid	ALL	adr_025	2R|time_s5	A_disc	573	227	0	0	0	0	0	0	-1.0000	-0.8367	-0.7624	-0.4184	-0.4184	-30.0000	-0.0524	-42.0000	-17.0973	-0.0298	-20.9623	-17.1201	-0.0299	-20.9851	-8.5487	-0.0149	-10.4812	-8.5487	-0.0149	-10.4812	-67.2086	FIG +6.0;HGTY +6.0	FIG +1.0;QBTS +1.0
rerun_grid	ALL	adr_025	2R|time_s5	B	26	13	0	0	0	0	0	0	-1.0000	-0.5058	-0.5058	-0.2529	-0.2529	-11.0000	-0.4231	-19.0000	-3.0035	-0.1155	-4.7270	-3.0035	-0.1155	-4.7270	-1.5018	-0.0578	-2.3635	-1.5018	-0.0578	-2.3635	-12.2792	QCOM +4.0;SEI +4.0	SEI +0.6;QCOM +0.3
rerun_grid	ALL	adr_025	2R|time_s10	A	593	234	0	0	0	0	0	0	-1.0000	-0.8367	-0.7624	-0.4184	-0.4184	-29.0000	-0.0489	-41.0000	-16.9243	-0.0285	-20.7893	-16.9470	-0.0286	-20.8120	-8.4621	-0.0143	-10.3947	-8.4621	-0.0143	-10.3947	-66.8573	FIG +6.0;HGTY +6.0	FIG +1.0;QBTS +1.0
rerun_grid	ALL	adr_025	2R|time_s10	A_disc	573	227	0	0	0	0	0	0	-1.0000	-0.8367	-0.7624	-0.4184	-0.4184	-30.0000	-0.0524	-42.0000	-17.0973	-0.0298	-20.9623	-17.1201	-0.0299	-20.9851	-8.5487	-0.0149	-10.4812	-8.5487	-0.0149	-10.4812	-67.2086	FIG +6.0;HGTY +6.0	FIG +1.0;QBTS +1.0
rerun_grid	ALL	adr_025	2R|time_s10	B	26	13	0	0	0	0	0	0	-1.0000	-0.5058	-0.5058	-0.2529	-0.2529	-11.0000	-0.4231	-19.0000	-3.0035	-0.1155	-4.7270	-3.0035	-0.1155	-4.7270	-1.5018	-0.0578	-2.3635	-1.5018	-0.0578	-2.3635	-12.2792	QCOM +4.0;SEI +4.0	SEI +0.6;QCOM +0.3
rerun_grid	ALL	adr_025	2R|sma21_2x	A	593	234	0	0	0	0	0	0	-1.0000	-0.8367	-0.7624	-0.4184	-0.4184	-30.7508	-0.0519	-42.7508	-17.1934	-0.0290	-21.0584	-17.2161	-0.0290	-21.0811	-8.5967	-0.0145	-10.5292	-8.5967	-0.0145	-10.5292	-68.6081	FIG +6.0;HGTY +6.0	FIG +1.0;QBTS +1.0
rerun_grid	ALL	adr_025	2R|sma21_2x	A_disc	573	227	0	0	0	0	0	0	-1.0000	-0.8367	-0.7624	-0.4184	-0.4184	-31.7508	-0.0554	-43.7508	-17.3664	-0.0303	-21.2314	-17.3891	-0.0303	-21.2541	-8.6832	-0.0152	-10.6157	-8.6832	-0.0152	-10.6157	-68.9594	FIG +6.0;HGTY +6.0	FIG +1.0;QBTS +1.0
rerun_grid	ALL	adr_025	2R|sma21_2x	B	26	13	0	0	0	0	0	0	-1.0000	-0.5058	-0.5058	-0.2529	-0.2529	-11.0000	-0.4231	-19.0000	-3.0035	-0.1155	-4.7270	-3.0035	-0.1155	-4.7270	-1.5018	-0.0578	-2.3635	-1.5018	-0.0578	-2.3635	-12.2792	QCOM +4.0;SEI +4.0	SEI +0.6;QCOM +0.3
rerun_grid	ALL	adr_025	2R|ema23_2x	A	593	234	0	0	0	0	0	0	-1.0000	-0.8367	-0.7624	-0.4184	-0.4184	-29.0000	-0.0489	-41.0000	-16.9243	-0.0285	-20.7893	-16.9470	-0.0286	-20.8120	-8.4621	-0.0143	-10.3947	-8.4621	-0.0143	-10.3947	-66.8573	FIG +6.0;HGTY +6.0	FIG +1.0;QBTS +1.0
rerun_grid	ALL	adr_025	2R|ema23_2x	A_disc	573	227	0	0	0	0	0	0	-1.0000	-0.8367	-0.7624	-0.4184	-0.4184	-30.0000	-0.0524	-42.0000	-17.0973	-0.0298	-20.9623	-17.1201	-0.0299	-20.9851	-8.5487	-0.0149	-10.4812	-8.5487	-0.0149	-10.4812	-67.2086	FIG +6.0;HGTY +6.0	FIG +1.0;QBTS +1.0
rerun_grid	ALL	adr_025	2R|ema23_2x	B	26	13	0	0	0	0	0	0	-1.0000	-0.5058	-0.5058	-0.2529	-0.2529	-11.0000	-0.4231	-19.0000	-3.0035	-0.1155	-4.7270	-3.0035	-0.1155	-4.7270	-1.5018	-0.0578	-2.3635	-1.5018	-0.0578	-2.3635	-12.2792	QCOM +4.0;SEI +4.0	SEI +0.6;QCOM +0.3
rerun_grid	ALL	adr_025	2R|sma50_1x	A	593	234	0	0	0	0	0	0	-1.0000	-0.8367	-0.7624	-0.4184	-0.4184	-31.6469	-0.0534	-43.6469	-16.6501	-0.0281	-20.3241	-16.6729	-0.0281	-20.3469	-8.3251	-0.0140	-10.1621	-8.3251	-0.0140	-10.1621	-53.9459	FIG +6.0;HGTY +6.0	FIG +1.0;ALAB +0.9
rerun_grid	ALL	adr_025	2R|sma50_1x	A_disc	573	227	0	0	0	0	0	0	-1.0000	-0.8367	-0.7624	-0.4184	-0.4184	-28.5806	-0.0499	-40.5806	-15.6245	-0.0273	-19.3892	-15.6473	-0.0273	-19.4120	-7.8123	-0.0136	-9.6946	-7.8123	-0.0136	-9.6946	-50.2309	FIG +6.0;HGTY +6.0	FIG +1.0;MRVL +0.9
rerun_grid	ALL	adr_025	2R|sma50_1x	B	26	13	0	0	0	0	0	0	-1.0000	-0.5058	-0.5058	-0.2529	-0.2529	-9.8234	-0.3778	-17.8234	-2.6847	-0.1033	-4.4082	-2.6847	-0.1033	-4.4082	-1.3423	-0.0516	-2.2041	-1.3423	-0.0516	-2.2041	-11.1026	QCOM +4.0;SEI +4.0	SEI +0.6;QCOM +0.3
rerun_grid	ALL	adr_025	2R|ema65_1x	A	593	234	0	0	0	0	0	0	-1.0000	-0.8367	-0.7624	-0.4184	-0.4184	-32.7445	-0.0552	-44.7445	-16.7332	-0.0282	-20.5284	-16.7559	-0.0283	-20.5511	-8.3666	-0.0141	-10.2642	-8.3666	-0.0141	-10.2642	-54.7890	FIG +6.0;HGTY +6.0	FIG +1.0;MRVL +0.9
rerun_grid	ALL	adr_025	2R|ema65_1x	A_disc	573	227	0	0	0	0	0	0	-1.0000	-0.8367	-0.7624	-0.4184	-0.4184	-32.6851	-0.0570	-44.6851	-16.7248	-0.0292	-20.4895	-16.7475	-0.0292	-20.5122	-8.3624	-0.0146	-10.2447	-8.3624	-0.0146	-10.2447	-54.0809	FIG +6.0;HGTY +6.0	FIG +1.0;MRVL +0.9
rerun_grid	ALL	adr_025	2R|ema65_1x	B	26	13	0	0	0	0	0	0	-1.0000	-0.5058	-0.5058	-0.2529	-0.2529	-9.8234	-0.3778	-17.8234	-2.6847	-0.1033	-4.4082	-2.6847	-0.1033	-4.4082	-1.3423	-0.0516	-2.2041	-1.3423	-0.0516	-2.2041	-11.1026	QCOM +4.0;SEI +4.0	SEI +0.6;QCOM +0.3
rerun_grid	ALL	adr_025	2R|hv21_50_noreclaim2	A	593	234	0	0	0	0	0	0	-1.0000	-0.8367	-0.7624	-0.4184	-0.4184	-29.0000	-0.0489	-41.0000	-16.9243	-0.0285	-20.7893	-16.9470	-0.0286	-20.8120	-8.4621	-0.0143	-10.3947	-8.4621	-0.0143	-10.3947	-66.8573	FIG +6.0;HGTY +6.0	FIG +1.0;QBTS +1.0
rerun_grid	ALL	adr_025	2R|hv21_50_noreclaim2	A_disc	573	227	0	0	0	0	0	0	-1.0000	-0.8367	-0.7624	-0.4184	-0.4184	-30.0000	-0.0524	-42.0000	-17.0973	-0.0298	-20.9623	-17.1201	-0.0299	-20.9851	-8.5487	-0.0149	-10.4812	-8.5487	-0.0149	-10.4812	-67.2086	FIG +6.0;HGTY +6.0	FIG +1.0;QBTS +1.0
rerun_grid	ALL	adr_025	2R|hv21_50_noreclaim2	B	26	13	0	0	0	0	0	0	-1.0000	-0.5058	-0.5058	-0.2529	-0.2529	-11.0000	-0.4231	-19.0000	-3.0035	-0.1155	-4.7270	-3.0035	-0.1155	-4.7270	-1.5018	-0.0578	-2.3635	-1.5018	-0.0578	-2.3635	-12.2792	QCOM +4.0;SEI +4.0	SEI +0.6;QCOM +0.3
rerun_grid	ALL	adr_025	3R|none	A	593	234	147	441.0000	137.9370	137.4303	68.9685	68.9685	-1.0000	-0.8367	-0.7624	-0.4184	-0.4184	-5.0000	-0.0084	-22.0000	-9.1501	-0.0154	-15.4797	-9.3418	-0.0158	-15.6714	-4.5751	-0.0077	-7.7399	-4.5751	-0.0077	-7.7399	-47.1743	MRVL +9.0;QBTS +8.0	MRVL +1.6;QBTS +1.5
rerun_grid	ALL	adr_025	3R|none	A_disc	573	227	140	420.0000	132.2114	131.7047	66.1057	66.1057	-1.0000	-0.8367	-0.7624	-0.4184	-0.4184	-13.0000	-0.0227	-29.0000	-11.2316	-0.0196	-17.1808	-11.4233	-0.0199	-17.3725	-5.6158	-0.0098	-8.5904	-5.6158	-0.0098	-8.5904	-54.5256	MRVL +8.0;QBTS +8.0	QBTS +1.5;MRVL +1.4
rerun_grid	ALL	adr_025	3R|none	B	26	13	3	9.0000	2.1472	2.1472	1.0736	1.0736	-1.0000	-0.5058	-0.5058	-0.2529	-0.2529	-14.0000	-0.5385	-22.0000	-3.4302	-0.1319	-5.4314	-3.4302	-0.1319	-5.4314	-1.7151	-0.0660	-2.7157	-1.7151	-0.0660	-2.7157	-19.7280	SEI +6.0;QCOM +2.0	SEI +0.9;QCOM +0.1
rerun_grid	ALL	adr_025	3R|trail_sma10	A	593	234	137	411.0000	126.7747	126.2680	63.3874	63.3874	-1.0000	-0.8367	-0.7563	-0.4184	-0.4184	17.1502	0.0289	0.1502	0.3658	0.0006	-5.9639	0.1741	0.0003	-6.1556	0.1829	0.0003	-2.9819	0.1829	0.0003	-2.9819	-13.7901	MRVL +9.0;QBTS +8.0	MRVL +1.6;QBTS +1.5
rerun_grid	ALL	adr_025	3R|trail_sma10	A_disc	573	227	131	393.0000	121.8106	121.3039	60.9053	60.9053	-1.0000	-0.8367	-0.7563	-0.4184	-0.4184	11.2096	0.0196	-4.7904	-1.2805	-0.0022	-7.2297	-1.4722	-0.0026	-7.4214	-0.6402	-0.0011	-3.6148	-0.6402	-0.0011	-3.6148	-19.0820	MRVL +8.0;QBTS +8.0	QBTS +1.5;MRVL +1.4
rerun_grid	ALL	adr_025	3R|trail_sma10	B	26	13	3	9.0000	2.1472	2.1472	1.0736	1.0736	-1.0000	-0.5058	-0.5058	-0.2529	-0.2529	-12.8234	-0.4932	-20.8234	-3.1114	-0.1197	-5.1126	-3.1114	-0.1197	-5.1126	-1.5557	-0.0598	-2.5563	-1.5557	-0.0598	-2.5563	-18.5514	SEI +6.0;QCOM +2.0	SEI +0.9;QCOM +0.1
rerun_grid	ALL	adr_025	3R|trail_sma20	A	593	234	132	396.0000	121.9996	121.4928	60.9998	60.9998	-1.0000	-0.8367	-0.7563	-0.4184	-0.4184	-0.0954	-0.0002	-17.6019	-6.3294	-0.0107	-12.8436	-6.5211	-0.0110	-13.0354	-3.1647	-0.0053	-6.4218	-3.1647	-0.0053	-6.4218	-30.8095	MRVL +9.0;QBTS +8.5	MRVL +1.6;QBTS +1.6
rerun_grid	ALL	adr_025	3R|trail_sma20	A_disc	573	227	126	378.0000	117.0355	116.5287	58.5177	58.5177	-1.0000	-0.8367	-0.7563	-0.4184	-0.4184	-4.7599	-0.0083	-21.2664	-7.5643	-0.0132	-13.6980	-7.7560	-0.0135	-13.8898	-3.7822	-0.0066	-6.8490	-3.7822	-0.0066	-6.8490	-34.8253	QBTS +8.5;MRVL +8.0	QBTS +1.6;MRVL +1.4
rerun_grid	ALL	adr_025	3R|trail_sma20	B	26	13	3	9.0000	2.1472	2.1472	1.0736	1.0736	-1.0000	-0.5058	-0.5058	-0.2529	-0.2529	-12.8234	-0.4932	-20.8234	-3.1114	-0.1197	-5.1126	-3.1114	-0.1197	-5.1126	-1.5557	-0.0598	-2.5563	-1.5557	-0.0598	-2.5563	-18.5514	SEI +6.0;QCOM +2.0	SEI +0.9;QCOM +0.1
rerun_grid	ALL	adr_025	3R|trail_max10_20	A	593	234	129	387.0000	118.7617	118.2550	59.3809	59.3809	-1.0000	-0.8367	-0.7563	-0.4184	-0.4184	7.2159	0.0122	-10.2906	-3.5420	-0.0060	-10.0562	-3.7338	-0.0063	-10.2480	-1.7710	-0.0030	-5.0281	-1.7710	-0.0030	-5.0281	-19.9097	MRVL +9.0;QBTS +8.5	MRVL +1.6;QBTS +1.6
rerun_grid	ALL	adr_025	3R|trail_max10_20	A_disc	573	227	123	369.0000	113.7976	113.2909	56.8988	56.8988	-1.0000	-0.8367	-0.7563	-0.4184	-0.4184	1.2753	0.0022	-15.2312	-5.1883	-0.0091	-11.3220	-5.3801	-0.0094	-11.5138	-2.5942	-0.0045	-5.6610	-2.5942	-0.0045	-5.6610	-25.2016	QBTS +8.5;MRVL +8.0	QBTS +1.6;MRVL +1.4
rerun_grid	ALL	adr_025	3R|trail_max10_20	B	26	13	3	9.0000	2.1472	2.1472	1.0736	1.0736	-1.0000	-0.5058	-0.5058	-0.2529	-0.2529	-12.8234	-0.4932	-20.8234	-3.1114	-0.1197	-5.1126	-3.1114	-0.1197	-5.1126	-1.5557	-0.0598	-2.5563	-1.5557	-0.0598	-2.5563	-18.5514	SEI +6.0;QCOM +2.0	SEI +0.9;QCOM +0.1
rerun_grid	ALL	adr_025	3R|time_s3	A	593	234	147	441.0000	137.9370	137.4303	68.9685	68.9685	-1.0000	-0.8367	-0.7624	-0.4184	-0.4184	-5.0000	-0.0084	-22.0000	-9.1501	-0.0154	-15.4797	-9.3418	-0.0158	-15.6714	-4.5751	-0.0077	-7.7399	-4.5751	-0.0077	-7.7399	-47.1743	MRVL +9.0;QBTS +8.0	MRVL +1.6;QBTS +1.5
rerun_grid	ALL	adr_025	3R|time_s3	A_disc	573	227	140	420.0000	132.2114	131.7047	66.1057	66.1057	-1.0000	-0.8367	-0.7624	-0.4184	-0.4184	-13.0000	-0.0227	-29.0000	-11.2316	-0.0196	-17.1808	-11.4233	-0.0199	-17.3725	-5.6158	-0.0098	-8.5904	-5.6158	-0.0098	-8.5904	-54.5256	MRVL +8.0;QBTS +8.0	QBTS +1.5;MRVL +1.4
rerun_grid	ALL	adr_025	3R|time_s3	B	26	13	3	9.0000	2.1472	2.1472	1.0736	1.0736	-1.0000	-0.5058	-0.5058	-0.2529	-0.2529	-14.0000	-0.5385	-22.0000	-3.4302	-0.1319	-5.4314	-3.4302	-0.1319	-5.4314	-1.7151	-0.0660	-2.7157	-1.7151	-0.0660	-2.7157	-19.7280	SEI +6.0;QCOM +2.0	SEI +0.9;QCOM +0.1
rerun_grid	ALL	adr_025	3R|time_s5	A	593	234	147	441.0000	137.9370	137.4303	68.9685	68.9685	-1.0000	-0.8367	-0.7624	-0.4184	-0.4184	-5.0000	-0.0084	-22.0000	-9.1501	-0.0154	-15.4797	-9.3418	-0.0158	-15.6714	-4.5751	-0.0077	-7.7399	-4.5751	-0.0077	-7.7399	-47.1743	MRVL +9.0;QBTS +8.0	MRVL +1.6;QBTS +1.5
rerun_grid	ALL	adr_025	3R|time_s5	A_disc	573	227	140	420.0000	132.2114	131.7047	66.1057	66.1057	-1.0000	-0.8367	-0.7624	-0.4184	-0.4184	-13.0000	-0.0227	-29.0000	-11.2316	-0.0196	-17.1808	-11.4233	-0.0199	-17.3725	-5.6158	-0.0098	-8.5904	-5.6158	-0.0098	-8.5904	-54.5256	MRVL +8.0;QBTS +8.0	QBTS +1.5;MRVL +1.4
rerun_grid	ALL	adr_025	3R|time_s5	B	26	13	3	9.0000	2.1472	2.1472	1.0736	1.0736	-1.0000	-0.5058	-0.5058	-0.2529	-0.2529	-14.0000	-0.5385	-22.0000	-3.4302	-0.1319	-5.4314	-3.4302	-0.1319	-5.4314	-1.7151	-0.0660	-2.7157	-1.7151	-0.0660	-2.7157	-19.7280	SEI +6.0;QCOM +2.0	SEI +0.9;QCOM +0.1
rerun_grid	ALL	adr_025	3R|time_s10	A	593	234	147	441.0000	137.9370	137.4303	68.9685	68.9685	-1.0000	-0.8367	-0.7624	-0.4184	-0.4184	-5.0000	-0.0084	-22.0000	-9.1501	-0.0154	-15.4797	-9.3418	-0.0158	-15.6714	-4.5751	-0.0077	-7.7399	-4.5751	-0.0077	-7.7399	-47.1743	MRVL +9.0;QBTS +8.0	MRVL +1.6;QBTS +1.5
rerun_grid	ALL	adr_025	3R|time_s10	A_disc	573	227	140	420.0000	132.2114	131.7047	66.1057	66.1057	-1.0000	-0.8367	-0.7624	-0.4184	-0.4184	-13.0000	-0.0227	-29.0000	-11.2316	-0.0196	-17.1808	-11.4233	-0.0199	-17.3725	-5.6158	-0.0098	-8.5904	-5.6158	-0.0098	-8.5904	-54.5256	MRVL +8.0;QBTS +8.0	QBTS +1.5;MRVL +1.4
rerun_grid	ALL	adr_025	3R|time_s10	B	26	13	3	9.0000	2.1472	2.1472	1.0736	1.0736	-1.0000	-0.5058	-0.5058	-0.2529	-0.2529	-14.0000	-0.5385	-22.0000	-3.4302	-0.1319	-5.4314	-3.4302	-0.1319	-5.4314	-1.7151	-0.0660	-2.7157	-1.7151	-0.0660	-2.7157	-19.7280	SEI +6.0;QCOM +2.0	SEI +0.9;QCOM +0.1
rerun_grid	ALL	adr_025	3R|sma21_2x	A	593	234	147	441.0000	137.9370	137.4303	68.9685	68.9685	-1.0000	-0.8367	-0.7624	-0.4184	-0.4184	5.4314	0.0092	-11.5686	-5.1571	-0.0087	-11.4868	-5.3488	-0.0090	-11.6784	-2.5786	-0.0043	-5.7434	-2.5786	-0.0043	-5.7434	-36.7429	MRVL +9.0;QBTS +8.0	MRVL +1.6;QBTS +1.5
rerun_grid	ALL	adr_025	3R|sma21_2x	A_disc	573	227	140	420.0000	132.2114	131.7047	66.1057	66.1057	-1.0000	-0.8367	-0.7624	-0.4184	-0.4184	-2.5686	-0.0045	-18.5686	-7.2387	-0.0126	-13.1878	-7.4303	-0.0130	-13.3795	-3.6193	-0.0063	-6.5939	-3.6193	-0.0063	-6.5939	-44.0942	MRVL +8.0;QBTS +8.0	QBTS +1.5;MRVL +1.4
rerun_grid	ALL	adr_025	3R|sma21_2x	B	26	13	3	9.0000	2.1472	2.1472	1.0736	1.0736	-1.0000	-0.5058	-0.5058	-0.2529	-0.2529	-14.0000	-0.5385	-22.0000	-3.4302	-0.1319	-5.4314	-3.4302	-0.1319	-5.4314	-1.7151	-0.0660	-2.7157	-1.7151	-0.0660	-2.7157	-19.7280	SEI +6.0;QCOM +2.0	SEI +0.9;QCOM +0.1
rerun_grid	ALL	adr_025	3R|ema23_2x	A	593	234	147	441.0000	137.9370	137.4303	68.9685	68.9685	-1.0000	-0.8367	-0.7624	-0.4184	-0.4184	5.4492	0.0092	-11.5508	-4.5167	-0.0076	-10.8464	-4.7084	-0.0079	-11.0380	-2.2584	-0.0038	-5.4232	-2.2584	-0.0038	-5.4232	-36.7251	MRVL +9.0;QBTS +8.0	MRVL +1.6;QBTS +1.5
rerun_grid	ALL	adr_025	3R|ema23_2x	A_disc	573	227	140	420.0000	132.2114	131.7047	66.1057	66.1057	-1.0000	-0.8367	-0.7624	-0.4184	-0.4184	-2.5508	-0.0045	-18.5508	-6.5983	-0.0115	-12.5474	-6.7899	-0.0118	-12.7391	-3.2991	-0.0058	-6.2737	-3.2991	-0.0058	-6.2737	-44.0764	MRVL +8.0;QBTS +8.0	QBTS +1.5;MRVL +1.4
rerun_grid	ALL	adr_025	3R|ema23_2x	B	26	13	3	9.0000	2.1472	2.1472	1.0736	1.0736	-1.0000	-0.5058	-0.5058	-0.2529	-0.2529	-14.0000	-0.5385	-22.0000	-3.4302	-0.1319	-5.4314	-3.4302	-0.1319	-5.4314	-1.7151	-0.0660	-2.7157	-1.7151	-0.0660	-2.7157	-19.7280	SEI +6.0;QCOM +2.0	SEI +0.9;QCOM +0.1
rerun_grid	ALL	adr_025	3R|sma50_1x	A	593	234	126	378.0000	116.6589	116.1521	58.3294	58.3294	-1.0000	-0.8367	-0.7624	-0.4184	-0.4184	-19.0030	-0.0320	-31.2722	-11.4521	-0.0193	-16.5029	-11.6438	-0.0196	-16.6946	-5.7261	-0.0097	-8.2515	-5.7261	-0.0097	-8.2515	-42.9065	MRVL +6.3;ABVX +6.0	ALAB +1.3;VOYG +1.2
rerun_grid	ALL	adr_025	3R|sma50_1x	A_disc	573	227	121	363.0000	112.7448	112.2381	56.3724	56.3724	-1.0000	-0.8367	-0.7624	-0.4184	-0.4184	-20.9367	-0.0365	-34.9367	-11.7312	-0.0205	-17.2117	-11.9229	-0.0208	-17.4033	-5.8656	-0.0102	-8.6058	-5.8656	-0.0102	-8.6058	-44.1915	MRVL +8.0;ABVX +6.0	MRVL +1.4;ALAB +1.3
rerun_grid	ALL	adr_025	3R|sma50_1x	B	26	13	3	9.0000	2.1472	2.1472	1.0736	1.0736	-1.0000	-0.5058	-0.5058	-0.2529	-0.2529	-12.8234	-0.4932	-20.8234	-3.1114	-0.1197	-5.1126	-3.1114	-0.1197	-5.1126	-1.5557	-0.0598	-2.5563	-1.5557	-0.0598	-2.5563	-18.5514	SEI +6.0;QCOM +2.0	SEI +0.9;QCOM +0.1
rerun_grid	ALL	adr_025	3R|ema65_1x	A	593	234	127	381.0000	119.3831	118.8764	59.6916	59.6916	-1.0000	-0.8367	-0.7624	-0.4184	-0.4184	-18.8321	-0.0318	-33.8321	-10.7470	-0.0181	-16.6080	-10.9386	-0.0184	-16.7996	-5.3735	-0.0091	-8.3040	-5.3735	-0.0091	-8.3040	-42.4811	MRVL +9.0;ABVX +6.0	MRVL +1.6;ALAB +1.3
rerun_grid	ALL	adr_025	3R|ema65_1x	A_disc	573	227	121	363.0000	114.4190	113.9123	57.2095	57.2095	-1.0000	-0.8367	-0.7624	-0.4184	-0.4184	-24.7727	-0.0432	-38.7727	-12.3933	-0.0216	-17.8737	-12.5849	-0.0220	-18.0654	-6.1966	-0.0108	-8.9369	-6.1966	-0.0108	-8.9369	-47.7730	MRVL +8.0;ABVX +6.0	MRVL +1.4;ALAB +1.3
rerun_grid	ALL	adr_025	3R|ema65_1x	B	26	13	3	9.0000	2.1472	2.1472	1.0736	1.0736	-1.0000	-0.5058	-0.5058	-0.2529	-0.2529	-12.8234	-0.4932	-20.8234	-3.1114	-0.1197	-5.1126	-3.1114	-0.1197	-5.1126	-1.5557	-0.0598	-2.5563	-1.5557	-0.0598	-2.5563	-18.5514	SEI +6.0;QCOM +2.0	SEI +0.9;QCOM +0.1
rerun_grid	ALL	adr_025	3R|hv21_50_noreclaim2	A	593	234	147	441.0000	137.9370	137.4303	68.9685	68.9685	-1.0000	-0.8367	-0.7624	-0.4184	-0.4184	-5.0000	-0.0084	-22.0000	-9.1501	-0.0154	-15.4797	-9.3418	-0.0158	-15.6714	-4.5751	-0.0077	-7.7399	-4.5751	-0.0077	-7.7399	-47.1743	MRVL +9.0;QBTS +8.0	MRVL +1.6;QBTS +1.5
rerun_grid	ALL	adr_025	3R|hv21_50_noreclaim2	A_disc	573	227	140	420.0000	132.2114	131.7047	66.1057	66.1057	-1.0000	-0.8367	-0.7624	-0.4184	-0.4184	-13.0000	-0.0227	-29.0000	-11.2316	-0.0196	-17.1808	-11.4233	-0.0199	-17.3725	-5.6158	-0.0098	-8.5904	-5.6158	-0.0098	-8.5904	-54.5256	MRVL +8.0;QBTS +8.0	QBTS +1.5;MRVL +1.4
rerun_grid	ALL	adr_025	3R|hv21_50_noreclaim2	B	26	13	3	9.0000	2.1472	2.1472	1.0736	1.0736	-1.0000	-0.5058	-0.5058	-0.2529	-0.2529	-14.0000	-0.5385	-22.0000	-3.4302	-0.1319	-5.4314	-3.4302	-0.1319	-5.4314	-1.7151	-0.0660	-2.7157	-1.7151	-0.0660	-2.7157	-19.7280	SEI +6.0;QCOM +2.0	SEI +0.9;QCOM +0.1
rerun_grid	ALL	adr_025	1ADR|none	A	593	234	124	496.0000	158.5810	157.9053	79.2905	79.2905	-1.0000	-0.8367	-0.7624	-0.4184	-0.4184	27.0000	0.0455	3.0000	5.1601	0.0087	-3.7417	4.7995	0.0081	-4.1023	2.5800	0.0044	-1.8709	2.5800	0.0044	-1.8709	-18.2329	MRVL +13.0;QBTS +11.0	MRVL +2.4;QBTS +2.1
rerun_grid	ALL	adr_025	1ADR|none	A_disc	573	227	118	472.0000	151.9622	151.2865	75.9811	75.9811	-1.0000	-0.8367	-0.7624	-0.4184	-0.4184	17.0000	0.0297	-5.0000	2.4392	0.0043	-5.7322	2.0786	0.0036	-6.0927	1.2196	0.0021	-2.8661	1.2196	0.0021	-2.8661	-27.5842	MRVL +11.0;QBTS +11.0	QBTS +2.1;MRVL +2.0
rerun_grid	ALL	adr_025	1ADR|none	B	26	13	3	12.0000	2.8629	2.8629	1.4315	1.4315	-1.0000	-0.5058	-0.5058	-0.2529	-0.2529	-11.0000	-0.4231	-22.0000	-2.7144	-0.1044	-5.4314	-2.7144	-0.1044	-5.4314	-1.3572	-0.0522	-2.7157	-1.3572	-0.0522	-2.7157	-16.7280	SEI +8.0;QCOM +3.0	SEI +1.1;QCOM +0.2
rerun_grid	ALL	adr_025	1ADR|trail_sma10	A	593	234	114	456.0000	142.0019	141.3263	71.0009	71.0009	-1.0000	-0.8367	-0.7563	-0.4184	-0.4184	44.3372	0.0748	24.4965	10.6486	0.0180	3.0116	10.2879	0.0173	2.6510	5.3243	0.0090	1.5058	5.3243	0.0090	1.5058	10.3383	QBTS +11.0;MRVL +8.8	QBTS +2.1;ALAB +1.7
rerun_grid	ALL	adr_025	1ADR|trail_sma10	A_disc	573	227	108	432.0000	135.3831	134.7075	67.6915	67.6915	-1.0000	-0.8367	-0.7563	-0.4184	-0.4184	32.3966	0.0565	13.3966	7.3476	0.0128	-0.2894	6.9869	0.0122	-0.6500	3.6738	0.0064	-0.1447	3.6738	0.0064	-0.1447	-0.9536	QBTS +11.0;ABVX +8.0	QBTS +2.1;ALAB +1.7
rerun_grid	ALL	adr_025	1ADR|trail_sma10	B	26	13	3	12.0000	2.8629	2.8629	1.4315	1.4315	-1.0000	-0.5058	-0.5058	-0.2529	-0.2529	-9.8234	-0.3778	-20.8234	-2.3956	-0.0921	-5.1126	-2.3956	-0.0921	-5.1126	-1.1978	-0.0461	-2.5563	-1.1978	-0.0461	-2.5563	-15.5514	SEI +8.0;QCOM +3.0	SEI +1.1;QCOM +0.2
rerun_grid	ALL	adr_025	1ADR|trail_sma20	A	593	234	113	452.0000	142.7907	142.1150	71.3953	71.3953	-1.0000	-0.8367	-0.7563	-0.4184	-0.4184	42.2407	0.0712	17.7342	11.0969	0.0187	2.0106	10.7363	0.0181	1.6499	5.5485	0.0094	1.0053	5.5485	0.0094	1.0053	8.7149	MRVL +13.0;QBTS +11.5	MRVL +2.4;QBTS +2.2
rerun_grid	ALL	adr_025	1ADR|trail_sma20	A_disc	573	227	107	428.0000	136.1719	135.4963	68.0859	68.0859	-1.0000	-0.8367	-0.7563	-0.4184	-0.4184	31.5762	0.0551	9.0697	8.2073	0.0143	-0.1485	7.8467	0.0137	-0.5092	4.1037	0.0072	-0.0743	4.1037	0.0072	-0.0743	-1.3009	QBTS +11.5;MRVL +11.0	QBTS +2.2;MRVL +2.0
rerun_grid	ALL	adr_025	1ADR|trail_sma20	B	26	13	3	12.0000	2.8629	2.8629	1.4315	1.4315	-1.0000	-0.5058	-0.5058	-0.2529	-0.2529	-9.8234	-0.3778	-20.8234	-2.3956	-0.0921	-5.1126	-2.3956	-0.0921	-5.1126	-1.1978	-0.0461	-2.5563	-1.1978	-0.0461	-2.5563	-15.5514	SEI +8.0;QCOM +3.0	SEI +1.1;QCOM +0.2
rerun_grid	ALL	adr_025	1ADR|trail_max10_20	A	593	234	110	440.0000	137.5453	136.8697	68.7727	68.7727	-1.0000	-0.8367	-0.7563	-0.4184	-0.4184	47.3927	0.0799	27.0455	11.9779	0.0202	4.1564	11.6173	0.0196	3.7958	5.9889	0.0101	2.0782	5.9889	0.0101	2.0782	17.4554	QBTS +11.5;MRVL +8.8	QBTS +2.2;ALAB +1.7
rerun_grid	ALL	adr_025	1ADR|trail_max10_20	A_disc	573	227	104	416.0000	130.9265	130.2509	65.4633	65.4633	-1.0000	-0.8367	-0.7563	-0.4184	-0.4184	35.4521	0.0619	15.9456	8.6769	0.0151	0.8554	8.3163	0.0145	0.4948	4.3385	0.0076	0.4277	4.3385	0.0076	0.4277	6.1635	QBTS +11.5;ABVX +8.0	QBTS +2.2;ALAB +1.7
rerun_grid	ALL	adr_025	1ADR|trail_max10_20	B	26	13	3	12.0000	2.8629	2.8629	1.4315	1.4315	-1.0000	-0.5058	-0.5058	-0.2529	-0.2529	-9.8234	-0.3778	-20.8234	-2.3956	-0.0921	-5.1126	-2.3956	-0.0921	-5.1126	-1.1978	-0.0461	-2.5563	-1.1978	-0.0461	-2.5563	-15.5514	SEI +8.0;QCOM +3.0	SEI +1.1;QCOM +0.2
rerun_grid	ALL	adr_025	1ADR|time_s3	A	593	234	121	484.0000	153.1890	152.5133	76.5945	76.5945	-1.0000	-0.8367	-0.7624	-0.4184	-0.4184	20.3029	0.0342	-3.6971	1.5731	0.0027	-7.3287	1.2125	0.0020	-7.6893	0.7865	0.0013	-3.6644	0.7865	0.0013	-3.6644	-24.9300	MRVL +13.0;QBTS +11.0	MRVL +2.4;QBTS +2.1
rerun_grid	ALL	adr_025	1ADR|time_s3	A_disc	573	227	115	460.0000	146.5702	145.8945	73.2851	73.2851	-1.0000	-0.8367	-0.7624	-0.4184	-0.4184	7.9912	0.0139	-14.0088	-1.7346	-0.0030	-9.9059	-2.0952	-0.0037	-10.2665	-0.8673	-0.0015	-4.9530	-0.8673	-0.0015	-4.9530	-36.5930	MRVL +11.0;QBTS +11.0	QBTS +2.1;MRVL +2.0
rerun_grid	ALL	adr_025	1ADR|time_s3	B	26	13	3	12.0000	2.8629	2.8629	1.4315	1.4315	-1.0000	-0.5058	-0.5058	-0.2529	-0.2529	-11.0000	-0.4231	-22.0000	-2.7144	-0.1044	-5.4314	-2.7144	-0.1044	-5.4314	-1.3572	-0.0522	-2.7157	-1.3572	-0.0522	-2.7157	-16.7280	SEI +8.0;QCOM +3.0	SEI +1.1;QCOM +0.2
rerun_grid	ALL	adr_025	1ADR|time_s5	A	593	234	124	496.0000	158.5810	157.9053	79.2905	79.2905	-1.0000	-0.8367	-0.7624	-0.4184	-0.4184	27.0000	0.0455	3.0000	5.1601	0.0087	-3.7417	4.7995	0.0081	-4.1023	2.5800	0.0044	-1.8709	2.5800	0.0044	-1.8709	-18.2329	MRVL +13.0;QBTS +11.0	MRVL +2.4;QBTS +2.1
rerun_grid	ALL	adr_025	1ADR|time_s5	A_disc	573	227	118	472.0000	151.9622	151.2865	75.9811	75.9811	-1.0000	-0.8367	-0.7624	-0.4184	-0.4184	17.0000	0.0297	-5.0000	2.4392	0.0043	-5.7322	2.0786	0.0036	-6.0927	1.2196	0.0021	-2.8661	1.2196	0.0021	-2.8661	-27.5842	MRVL +11.0;QBTS +11.0	QBTS +2.1;MRVL +2.0
rerun_grid	ALL	adr_025	1ADR|time_s5	B	26	13	3	12.0000	2.8629	2.8629	1.4315	1.4315	-1.0000	-0.5058	-0.5058	-0.2529	-0.2529	-11.0000	-0.4231	-22.0000	-2.7144	-0.1044	-5.4314	-2.7144	-0.1044	-5.4314	-1.3572	-0.0522	-2.7157	-1.3572	-0.0522	-2.7157	-16.7280	SEI +8.0;QCOM +3.0	SEI +1.1;QCOM +0.2
rerun_grid	ALL	adr_025	1ADR|time_s10	A	593	234	124	496.0000	158.5810	157.9053	79.2905	79.2905	-1.0000	-0.8367	-0.7624	-0.4184	-0.4184	27.0000	0.0455	3.0000	5.1601	0.0087	-3.7417	4.7995	0.0081	-4.1023	2.5800	0.0044	-1.8709	2.5800	0.0044	-1.8709	-18.2329	MRVL +13.0;QBTS +11.0	MRVL +2.4;QBTS +2.1
rerun_grid	ALL	adr_025	1ADR|time_s10	A_disc	573	227	118	472.0000	151.9622	151.2865	75.9811	75.9811	-1.0000	-0.8367	-0.7624	-0.4184	-0.4184	17.0000	0.0297	-5.0000	2.4392	0.0043	-5.7322	2.0786	0.0036	-6.0927	1.2196	0.0021	-2.8661	1.2196	0.0021	-2.8661	-27.5842	MRVL +11.0;QBTS +11.0	QBTS +2.1;MRVL +2.0
rerun_grid	ALL	adr_025	1ADR|time_s10	B	26	13	3	12.0000	2.8629	2.8629	1.4315	1.4315	-1.0000	-0.5058	-0.5058	-0.2529	-0.2529	-11.0000	-0.4231	-22.0000	-2.7144	-0.1044	-5.4314	-2.7144	-0.1044	-5.4314	-1.3572	-0.0522	-2.7157	-1.3572	-0.0522	-2.7157	-16.7280	SEI +8.0;QCOM +3.0	SEI +1.1;QCOM +0.2
rerun_grid	ALL	adr_025	1ADR|sma21_2x	A	593	234	121	484.0000	153.7165	153.0408	76.8582	76.8582	-1.0000	-0.8367	-0.7624	-0.4184	-0.4184	39.2551	0.0662	15.2551	9.1031	0.0154	0.2013	8.7426	0.0147	-0.1593	4.5516	0.0077	0.1007	4.5516	0.0077	0.1007	-5.7309	MRVL +13.0;QBTS +11.0	MRVL +2.4;QBTS +2.1
rerun_grid	ALL	adr_025	1ADR|sma21_2x	A_disc	573	227	115	460.0000	147.0977	146.4220	73.5488	73.5488	-1.0000	-0.8367	-0.7624	-0.4184	-0.4184	29.2551	0.0511	7.2551	6.3822	0.0111	-1.7891	6.0216	0.0105	-2.1497	3.1911	0.0056	-0.8946	3.1911	0.0056	-0.8946	-15.0822	MRVL +11.0;QBTS +11.0	QBTS +2.1;MRVL +2.0
rerun_grid	ALL	adr_025	1ADR|sma21_2x	B	26	13	3	12.0000	2.8629	2.8629	1.4315	1.4315	-1.0000	-0.5058	-0.5058	-0.2529	-0.2529	-11.0000	-0.4231	-22.0000	-2.7144	-0.1044	-5.4314	-2.7144	-0.1044	-5.4314	-1.3572	-0.0522	-2.7157	-1.3572	-0.0522	-2.7157	-16.7280	SEI +8.0;QCOM +3.0	SEI +1.1;QCOM +0.2
rerun_grid	ALL	adr_025	1ADR|ema23_2x	A	593	234	121	484.0000	153.7165	153.0408	76.8582	76.8582	-1.0000	-0.8367	-0.7624	-0.4184	-0.4184	39.9155	0.0673	15.9155	9.5313	0.0161	0.6295	9.1708	0.0155	0.2690	4.7657	0.0080	0.3148	4.7657	0.0080	0.3148	-5.0705	MRVL +13.0;QBTS +11.0	MRVL +2.4;QBTS +2.1
rerun_grid	ALL	adr_025	1ADR|ema23_2x	A_disc	573	227	115	460.0000	147.0977	146.4220	73.5488	73.5488	-1.0000	-0.8367	-0.7624	-0.4184	-0.4184	26.9937	0.0471	4.9937	6.0688	0.0106	-2.1025	5.7082	0.0100	-2.4631	3.0344	0.0053	-1.0513	3.0344	0.0053	-1.0513	-17.3436	MRVL +11.0;QBTS +11.0	QBTS +2.1;MRVL +2.0
rerun_grid	ALL	adr_025	1ADR|ema23_2x	B	26	13	3	12.0000	2.8629	2.8629	1.4315	1.4315	-1.0000	-0.5058	-0.5058	-0.2529	-0.2529	-11.0000	-0.4231	-22.0000	-2.7144	-0.1044	-5.4314	-2.7144	-0.1044	-5.4314	-1.3572	-0.0522	-2.7157	-1.3572	-0.0522	-2.7157	-16.7280	SEI +8.0;QCOM +3.0	SEI +1.1;QCOM +0.2
rerun_grid	ALL	adr_025	1ADR|sma50_1x	A	593	234	104	415.1630	130.7119	130.0362	65.3559	65.3559	-1.0000	-0.8367	-0.7624	-0.4184	-0.4184	7.0251	0.0118	-10.2441	-0.0046	-0.0000	-6.8542	-0.3652	-0.0006	-7.2148	-0.0023	-0.0000	-3.4271	-0.0023	-0.0000	-3.4271	-19.6901	MRVL +9.3;ABVX +8.0	ALAB +1.7;MRVL +1.7
rerun_grid	ALL	adr_025	1ADR|sma50_1x	A_disc	573	227	99	395.1630	125.4931	124.8175	62.7466	62.7466	-1.0000	-0.8367	-0.7624	-0.4184	-0.4184	0.0914	0.0002	-18.9086	-1.5883	-0.0028	-9.0133	-1.9489	-0.0034	-9.3739	-0.7942	-0.0014	-4.5066	-0.7942	-0.0014	-4.5066	-25.9751	MRVL +11.0;ABVX +8.0	MRVL +2.0;ALAB +1.7
rerun_grid	ALL	adr_025	1ADR|sma50_1x	B	26	13	3	12.0000	2.8629	2.8629	1.4315	1.4315	-1.0000	-0.5058	-0.5058	-0.2529	-0.2529	-9.8234	-0.3778	-20.8234	-2.3956	-0.0921	-5.1126	-2.3956	-0.0921	-5.1126	-1.1978	-0.0461	-2.5563	-1.1978	-0.0461	-2.5563	-15.5514	SEI +8.0;QCOM +3.0	SEI +1.1;QCOM +0.2
rerun_grid	ALL	adr_025	1ADR|ema65_1x	A	593	234	105	419.1630	134.2905	133.6149	67.1452	67.1452	-1.0000	-0.8367	-0.7624	-0.4184	-0.4184	7.1690	0.0121	-13.8310	1.1997	0.0020	-6.9558	0.8391	0.0014	-7.3163	0.5998	0.0010	-3.4779	0.5998	0.0010	-3.4779	-19.2917	MRVL +13.0;ABVX +8.0	MRVL +2.4;ALAB +1.7
rerun_grid	ALL	adr_025	1ADR|ema65_1x	A_disc	573	227	99	395.1630	127.6717	126.9961	63.8358	63.8358	-1.0000	-0.8367	-0.7624	-0.4184	-0.4184	-4.7716	-0.0083	-23.7716	-2.1013	-0.0037	-9.5262	-2.4619	-0.0043	-9.8868	-1.0506	-0.0018	-4.7631	-1.0506	-0.0018	-4.7631	-30.5836	MRVL +11.0;ABVX +8.0	MRVL +2.0;ALAB +1.7
rerun_grid	ALL	adr_025	1ADR|ema65_1x	B	26	13	3	12.0000	2.8629	2.8629	1.4315	1.4315	-1.0000	-0.5058	-0.5058	-0.2529	-0.2529	-9.8234	-0.3778	-20.8234	-2.3956	-0.0921	-5.1126	-2.3956	-0.0921	-5.1126	-1.1978	-0.0461	-2.5563	-1.1978	-0.0461	-2.5563	-15.5514	SEI +8.0;QCOM +3.0	SEI +1.1;QCOM +0.2
rerun_grid	ALL	adr_025	1ADR|hv21_50_noreclaim2	A	593	234	124	496.0000	158.5810	157.9053	79.2905	79.2905	-1.0000	-0.8367	-0.7624	-0.4184	-0.4184	27.0000	0.0455	3.0000	5.1601	0.0087	-3.7417	4.7995	0.0081	-4.1023	2.5800	0.0044	-1.8709	2.5800	0.0044	-1.8709	-18.2329	MRVL +13.0;QBTS +11.0	MRVL +2.4;QBTS +2.1
rerun_grid	ALL	adr_025	1ADR|hv21_50_noreclaim2	A_disc	573	227	118	472.0000	151.9622	151.2865	75.9811	75.9811	-1.0000	-0.8367	-0.7624	-0.4184	-0.4184	17.0000	0.0297	-5.0000	2.4392	0.0043	-5.7322	2.0786	0.0036	-6.0927	1.2196	0.0021	-2.8661	1.2196	0.0021	-2.8661	-27.5842	MRVL +11.0;QBTS +11.0	QBTS +2.1;MRVL +2.0
rerun_grid	ALL	adr_025	1ADR|hv21_50_noreclaim2	B	26	13	3	12.0000	2.8629	2.8629	1.4315	1.4315	-1.0000	-0.5058	-0.5058	-0.2529	-0.2529	-11.0000	-0.4231	-22.0000	-2.7144	-0.1044	-5.4314	-2.7144	-0.1044	-5.4314	-1.3572	-0.0522	-2.7157	-1.3572	-0.0522	-2.7157	-16.7280	SEI +8.0;QCOM +3.0	SEI +1.1;QCOM +0.2
rerun_grid	ALL	adr_025	2ADR|none	A	593	234	67	536.0000	163.2619	163.2619	81.6309	81.6309	-1.0000	-0.8367	-0.7624	-0.4184	-0.4184	13.1706	0.0222	-18.8294	-8.9071	-0.0150	-22.3759	-8.4231	-0.0142	-21.8920	-4.4535	-0.0075	-11.1880	-4.4535	-0.0075	-11.1880	-50.9456	ABVX +16.0;ALAB +16.0	ALAB +3.4;VOYG +3.3
rerun_grid	ALL	adr_025	2ADR|none	A_disc	573	227	64	512.0000	157.0945	157.0945	78.5473	78.5473	-1.0000	-0.8367	-0.7624	-0.4184	-0.4184	6.1706	0.0108	-25.8294	-10.2928	-0.0180	-23.7616	-9.8088	-0.0171	-23.2777	-5.1464	-0.0090	-11.8808	-5.1464	-0.0090	-11.8808	-55.4922	ABVX +16.0;ALAB +16.0	ALAB +3.4;VOYG +3.3
rerun_grid	ALL	adr_025	2ADR|none	B	26	13	1	8.0000	1.1809	1.1809	0.5904	0.5904	-1.0000	-0.5058	-0.5058	-0.2529	-0.2529	-17.0000	-0.6538	-23.0000	-4.9646	-0.1909	-5.8362	-4.9646	-0.1909	-5.8362	-2.4823	-0.0955	-2.9181	-2.4823	-0.0955	-2.9181	-23.1476	QCOM +7.0;ERO -1.0	QCOM +0.5;ROIV -0.1
rerun_grid	ALL	adr_025	2ADR|trail_sma10	A	593	234	62	491.6095	147.3070	147.3070	73.6535	73.6535	-1.0000	-0.8367	-0.7563	-0.4184	-0.4184	44.0353	0.0743	12.0353	3.8841	0.0065	-9.5848	3.9307	0.0066	-9.5382	1.9420	0.0033	-4.7924	1.9420	0.0033	-4.7924	-8.8469	ABVX +16.0;ALAB +16.0	ALAB +3.4;VOYG +3.3
rerun_grid	ALL	adr_025	2ADR|trail_sma10	A_disc	573	227	59	467.6095	141.1397	141.1397	70.5698	70.5698	-1.0000	-0.8367	-0.7563	-0.4184	-0.4184	35.0947	0.0612	3.0947	1.9183	0.0033	-11.5506	1.9649	0.0034	-11.5039	0.9591	0.0017	-5.7753	0.9591	0.0017	-5.7753	-15.3341	ABVX +16.0;ALAB +16.0	ALAB +3.4;VOYG +3.3
rerun_grid	ALL	adr_025	2ADR|trail_sma10	B	26	13	1	8.0000	1.1809	1.1809	0.5904	0.5904	-1.0000	-0.5058	-0.5058	-0.2529	-0.2529	-15.8234	-0.6086	-21.8234	-4.6458	-0.1787	-5.5174	-4.6458	-0.1787	-5.5174	-2.3229	-0.0893	-2.7587	-2.3229	-0.0893	-2.7587	-21.9710	QCOM +7.0;ERO -1.0	QCOM +0.5;ROIV -0.1
rerun_grid	ALL	adr_025	2ADR|trail_sma20	A	593	234	64	507.6095	154.7118	154.7118	77.3559	77.3559	-1.0000	-0.8367	-0.7563	-0.4184	-0.4184	68.5603	0.1156	36.5603	13.3892	0.0226	-0.0796	13.4358	0.0227	-0.0330	6.6946	0.0113	-0.0398	6.6946	0.0113	-0.0398	18.0639	ABVX +16.0;ALAB +16.0	ALAB +3.4;VOYG +3.3
rerun_grid	ALL	adr_025	2ADR|trail_sma20	A_disc	573	227	61	483.6095	148.5444	148.5444	74.2722	74.2722	-1.0000	-0.8367	-0.7563	-0.4184	-0.4184	60.8958	0.1063	28.8958	11.8348	0.0207	-1.6340	11.8815	0.0207	-1.5874	5.9174	0.0103	-0.8170	5.9174	0.0103	-0.8170	12.8528	ABVX +16.0;ALAB +16.0	ALAB +3.4;VOYG +3.3
rerun_grid	ALL	adr_025	2ADR|trail_sma20	B	26	13	1	8.0000	1.1809	1.1809	0.5904	0.5904	-1.0000	-0.5058	-0.5058	-0.2529	-0.2529	-15.8234	-0.6086	-21.8234	-4.6458	-0.1787	-5.5174	-4.6458	-0.1787	-5.5174	-2.3229	-0.0893	-2.7587	-2.3229	-0.0893	-2.7587	-21.9710	QCOM +7.0;ERO -1.0	QCOM +0.5;ROIV -0.1
rerun_grid	ALL	adr_025	2ADR|trail_max10_20	A	593	234	61	483.6095	145.8985	145.8985	72.9492	72.9492	-1.0000	-0.8367	-0.7563	-0.4184	-0.4184	64.5345	0.1088	32.5345	11.9801	0.0202	-1.4887	12.0267	0.0203	-1.4421	5.9901	0.0101	-0.7444	5.9901	0.0101	-0.7444	17.6266	ABVX +16.0;ALAB +16.0	ALAB +3.4;VOYG +3.3
rerun_grid	ALL	adr_025	2ADR|trail_max10_20	A_disc	573	227	58	459.6095	139.7311	139.7311	69.8656	69.8656	-1.0000	-0.8367	-0.7563	-0.4184	-0.4184	55.5939	0.0970	23.5939	10.0143	0.0175	-3.4545	10.0610	0.0176	-3.4079	5.0072	0.0087	-1.7273	5.0072	0.0087	-1.7273	11.1394	ABVX +16.0;ALAB +16.0	ALAB +3.4;VOYG +3.3
rerun_grid	ALL	adr_025	2ADR|trail_max10_20	B	26	13	1	8.0000	1.1809	1.1809	0.5904	0.5904	-1.0000	-0.5058	-0.5058	-0.2529	-0.2529	-15.8234	-0.6086	-21.8234	-4.6458	-0.1787	-5.5174	-4.6458	-0.1787	-5.5174	-2.3229	-0.0893	-2.7587	-2.3229	-0.0893	-2.7587	-21.9710	QCOM +7.0;ERO -1.0	QCOM +0.5;ROIV -0.1
rerun_grid	ALL	adr_025	2ADR|time_s3	A	593	234	69	506.1499	152.5046	152.5046	76.2523	76.2523	-1.0000	-0.8367	-0.7624	-0.4184	-0.4184	25.8782	0.0436	-6.1218	-5.8096	-0.0098	-18.2249	-5.3256	-0.0090	-17.7409	-2.9048	-0.0049	-9.1125	-2.9048	-0.0049	-9.1125	-38.2380	ABVX +16.0;CGEM +16.0	VOYG +3.3;QBTS +2.9
rerun_grid	ALL	adr_025	2ADR|time_s3	A_disc	573	227	64	475.2255	144.0356	144.0356	72.0178	72.0178	-1.0000	-0.8367	-0.7624	-0.4184	-0.4184	7.6421	0.0133	-24.3579	-10.7499	-0.0188	-23.1652	-10.2659	-0.0179	-22.6813	-5.3749	-0.0094	-11.5826	-5.3749	-0.0094	-11.5826	-54.0207	ABVX +16.0;CGEM +16.0	VOYG +3.3;QBTS +2.9
rerun_grid	ALL	adr_025	2ADR|time_s3	B	26	13	1	8.0000	1.1809	1.1809	0.5904	0.5904	-1.0000	-0.5058	-0.5058	-0.2529	-0.2529	-17.0000	-0.6538	-23.0000	-4.9646	-0.1909	-5.8362	-4.9646	-0.1909	-5.8362	-2.4823	-0.0955	-2.9181	-2.4823	-0.0955	-2.9181	-23.1476	QCOM +7.0;ERO -1.0	QCOM +0.5;ROIV -0.1
rerun_grid	ALL	adr_025	2ADR|time_s5	A	593	234	67	512.3726	154.7304	154.7304	77.3652	77.3652	-1.0000	-0.8367	-0.7624	-0.4184	-0.4184	-1.0760	-0.0018	-33.0760	-13.1663	-0.0222	-26.6351	-12.6823	-0.0214	-26.1511	-6.5831	-0.0111	-13.3176	-6.5831	-0.0111	-13.3176	-65.1922	ABVX +16.0;ALAB +16.0	ALAB +3.4;VOYG +3.3
rerun_grid	ALL	adr_025	2ADR|time_s5	A_disc	573	227	64	488.3726	148.5631	148.5631	74.2815	74.2815	-1.0000	-0.8367	-0.7624	-0.4184	-0.4184	-8.0760	-0.0141	-40.0760	-14.5520	-0.0254	-28.0208	-14.0680	-0.0246	-27.5368	-7.2760	-0.0127	-14.0104	-7.2760	-0.0127	-14.0104	-69.7388	ABVX +16.0;ALAB +16.0	ALAB +3.4;VOYG +3.3
rerun_grid	ALL	adr_025	2ADR|time_s5	B	26	13	1	8.0000	1.1809	1.1809	0.5904	0.5904	-1.0000	-0.5058	-0.5058	-0.2529	-0.2529	-17.0000	-0.6538	-23.0000	-4.9646	-0.1909	-5.8362	-4.9646	-0.1909	-5.8362	-2.4823	-0.0955	-2.9181	-2.4823	-0.0955	-2.9181	-23.1476	QCOM +7.0;ERO -1.0	QCOM +0.5;ROIV -0.1
rerun_grid	ALL	adr_025	2ADR|time_s10	A	593	234	67	536.0000	163.2619	163.2619	81.6309	81.6309	-1.0000	-0.8367	-0.7624	-0.4184	-0.4184	13.1706	0.0222	-18.8294	-8.9071	-0.0150	-22.3759	-8.4231	-0.0142	-21.8920	-4.4535	-0.0075	-11.1880	-4.4535	-0.0075	-11.1880	-50.9456	ABVX +16.0;ALAB +16.0	ALAB +3.4;VOYG +3.3
rerun_grid	ALL	adr_025	2ADR|time_s10	A_disc	573	227	64	512.0000	157.0945	157.0945	78.5473	78.5473	-1.0000	-0.8367	-0.7624	-0.4184	-0.4184	6.1706	0.0108	-25.8294	-10.2928	-0.0180	-23.7616	-9.8088	-0.0171	-23.2777	-5.1464	-0.0090	-11.8808	-5.1464	-0.0090	-11.8808	-55.4922	ABVX +16.0;ALAB +16.0	ALAB +3.4;VOYG +3.3
rerun_grid	ALL	adr_025	2ADR|time_s10	B	26	13	1	8.0000	1.1809	1.1809	0.5904	0.5904	-1.0000	-0.5058	-0.5058	-0.2529	-0.2529	-17.0000	-0.6538	-23.0000	-4.9646	-0.1909	-5.8362	-4.9646	-0.1909	-5.8362	-2.4823	-0.0955	-2.9181	-2.4823	-0.0955	-2.9181	-23.1476	QCOM +7.0;ERO -1.0	QCOM +0.5;ROIV -0.1
rerun_grid	ALL	adr_025	2ADR|sma21_2x	A	593	234	70	547.1449	167.2743	167.2743	83.6371	83.6371	-1.0000	-0.8367	-0.7624	-0.4184	-0.4184	61.4793	0.1037	29.4793	8.5869	0.0145	-4.8820	8.9560	0.0151	-4.5128	4.2934	0.0072	-2.4410	4.2934	0.0072	-2.4410	-2.3900	ABVX +16.0;ALAB +16.0	ALAB +3.4;VOYG +3.3
rerun_grid	ALL	adr_025	2ADR|sma21_2x	A_disc	573	227	67	523.1449	161.1069	161.1069	80.5535	80.5535	-1.0000	-0.8367	-0.7624	-0.4184	-0.4184	54.4793	0.0951	22.4793	7.2012	0.0126	-6.2677	7.5703	0.0132	-5.8985	3.6006	0.0063	-3.1338	3.6006	0.0063	-3.1338	-6.9366	ABVX +16.0;ALAB +16.0	ALAB +3.4;VOYG +3.3
rerun_grid	ALL	adr_025	2ADR|sma21_2x	B	26	13	1	8.0000	1.1809	1.1809	0.5904	0.5904	-1.0000	-0.5058	-0.5058	-0.2529	-0.2529	-17.0000	-0.6538	-23.0000	-4.9646	-0.1909	-5.8362	-4.9646	-0.1909	-5.8362	-2.4823	-0.0955	-2.9181	-2.4823	-0.0955	-2.9181	-23.1476	QCOM +7.0;ERO -1.0	QCOM +0.5;ROIV -0.1
rerun_grid	ALL	adr_025	2ADR|ema23_2x	A	593	234	70	543.3080	165.7336	165.7336	82.8668	82.8668	-1.0000	-0.8367	-0.7624	-0.4184	-0.4184	62.7163	0.1058	30.7163	9.3401	0.0158	-4.1287	9.7093	0.0164	-3.7595	4.6701	0.0079	-2.0644	4.6701	0.0079	-2.0644	-1.1530	ABVX +16.0;ALAB +16.0	ALAB +3.4;VOYG +3.3
rerun_grid	ALL	adr_025	2ADR|ema23_2x	A_disc	573	227	67	519.3080	159.5662	159.5662	79.7831	79.7831	-1.0000	-0.8367	-0.7624	-0.4184	-0.4184	52.7945	0.0921	20.7945	7.2128	0.0126	-6.2561	7.5819	0.0132	-5.8869	3.6064	0.0063	-3.1280	3.6064	0.0063	-3.1280	-8.6214	ABVX +16.0;ALAB +16.0	ALAB +3.4;VOYG +3.3
rerun_grid	ALL	adr_025	2ADR|ema23_2x	B	26	13	1	8.0000	1.1809	1.1809	0.5904	0.5904	-1.0000	-0.5058	-0.5058	-0.2529	-0.2529	-17.0000	-0.6538	-23.0000	-4.9646	-0.1909	-5.8362	-4.9646	-0.1909	-5.8362	-2.4823	-0.0955	-2.9181	-2.4823	-0.0955	-2.9181	-23.1476	QCOM +7.0;ERO -1.0	QCOM +0.5;ROIV -0.1
rerun_grid	ALL	adr_025	2ADR|sma50_1x	A	593	234	60	470.7725	145.4424	145.4424	72.7212	72.7212	-1.0000	-0.8367	-0.7624	-0.4184	-0.4184	37.9284	0.0640	5.9284	5.6371	0.0095	-7.8318	5.6838	0.0096	-7.7851	2.8185	0.0048	-3.9159	2.8185	0.0048	-3.9159	-1.7915	ABVX +16.0;ALAB +16.0	ALAB +3.4;VOYG +3.3
rerun_grid	ALL	adr_025	2ADR|sma50_1x	A_disc	573	227	57	446.7725	139.2750	139.2750	69.6375	69.6375	-1.0000	-0.8367	-0.7624	-0.4184	-0.4184	28.9947	0.0506	-3.0053	3.6385	0.0063	-9.8304	3.6851	0.0064	-9.7837	1.8192	0.0032	-4.9152	1.8192	0.0032	-4.9152	-8.2718	ABVX +16.0;ALAB +16.0	ALAB +3.4;VOYG +3.3
rerun_grid	ALL	adr_025	2ADR|sma50_1x	B	26	13	1	8.0000	1.1809	1.1809	0.5904	0.5904	-1.0000	-0.5058	-0.5058	-0.2529	-0.2529	-15.8234	-0.6086	-21.8234	-4.6458	-0.1787	-5.5174	-4.6458	-0.1787	-5.5174	-2.3229	-0.0893	-2.7587	-2.3229	-0.0893	-2.7587	-21.9710	QCOM +7.0;ERO -1.0	QCOM +0.5;ROIV -0.1
rerun_grid	ALL	adr_025	2ADR|ema65_1x	A	593	234	60	470.7725	145.7438	145.7438	72.8719	72.8719	-1.0000	-0.8367	-0.7624	-0.4184	-0.4184	34.9231	0.0589	2.9231	3.2044	0.0054	-10.2645	3.2511	0.0055	-10.2178	1.6022	0.0027	-5.1322	1.6022	0.0027	-5.1322	-4.5423	ABVX +16.0;ALAB +16.0	ALAB +3.4;VOYG +3.3
rerun_grid	ALL	adr_025	2ADR|ema65_1x	A_disc	573	227	57	446.7725	139.5764	139.5764	69.7882	69.7882	-1.0000	-0.8367	-0.7624	-0.4184	-0.4184	25.9825	0.0453	-6.0175	1.2386	0.0022	-12.2302	1.2853	0.0022	-12.1835	0.6193	0.0011	-6.1151	0.6193	0.0011	-6.1151	-11.0295	ABVX +16.0;ALAB +16.0	ALAB +3.4;VOYG +3.3
rerun_grid	ALL	adr_025	2ADR|ema65_1x	B	26	13	1	8.0000	1.1809	1.1809	0.5904	0.5904	-1.0000	-0.5058	-0.5058	-0.2529	-0.2529	-15.8234	-0.6086	-21.8234	-4.6458	-0.1787	-5.5174	-4.6458	-0.1787	-5.5174	-2.3229	-0.0893	-2.7587	-2.3229	-0.0893	-2.7587	-21.9710	QCOM +7.0;ERO -1.0	QCOM +0.5;ROIV -0.1
rerun_grid	ALL	adr_025	2ADR|hv21_50_noreclaim2	A	593	234	67	536.0000	163.2619	163.2619	81.6309	81.6309	-1.0000	-0.8367	-0.7624	-0.4184	-0.4184	13.1706	0.0222	-18.8294	-8.9071	-0.0150	-22.3759	-8.4231	-0.0142	-21.8920	-4.4535	-0.0075	-11.1880	-4.4535	-0.0075	-11.1880	-50.9456	ABVX +16.0;ALAB +16.0	ALAB +3.4;VOYG +3.3
rerun_grid	ALL	adr_025	2ADR|hv21_50_noreclaim2	A_disc	573	227	64	512.0000	157.0945	157.0945	78.5473	78.5473	-1.0000	-0.8367	-0.7624	-0.4184	-0.4184	6.1706	0.0108	-25.8294	-10.2928	-0.0180	-23.7616	-9.8088	-0.0171	-23.2777	-5.1464	-0.0090	-11.8808	-5.1464	-0.0090	-11.8808	-55.4922	ABVX +16.0;ALAB +16.0	ALAB +3.4;VOYG +3.3
rerun_grid	ALL	adr_025	2ADR|hv21_50_noreclaim2	B	26	13	1	8.0000	1.1809	1.1809	0.5904	0.5904	-1.0000	-0.5058	-0.5058	-0.2529	-0.2529	-17.0000	-0.6538	-23.0000	-4.9646	-0.1909	-5.8362	-4.9646	-0.1909	-5.8362	-2.4823	-0.0955	-2.9181	-2.4823	-0.0955	-2.9181	-23.1476	QCOM +7.0;ERO -1.0	QCOM +0.5;ROIV -0.1
rerun_grid	ALL	adr_025	3ADR|none	A	593	234	51	539.0875	163.6976	163.6976	81.8488	81.8488	-1.0000	-0.8367	-0.7624	-0.4184	-0.4184	0.2581	0.0004	-47.7419	-13.2797	-0.0224	-33.4830	-12.7957	-0.0216	-32.9990	-6.6398	-0.0112	-16.7415	-6.6398	-0.0112	-16.7415	-63.8981	ALAB +24.0;CGEM +24.0	ALAB +5.2;VOYG +4.9
rerun_grid	ALL	adr_025	3ADR|none	A_disc	573	227	50	534.6092	163.0522	163.0522	81.5261	81.5261	-1.0000	-0.8367	-0.7624	-0.4184	-0.4184	14.7798	0.0258	-33.2202	-8.5166	-0.0149	-28.7198	-8.0326	-0.0140	-28.2359	-4.2583	-0.0074	-14.3599	-4.2583	-0.0074	-14.3599	-46.9230	ALAB +24.0;CGEM +24.0	ALAB +5.2;VOYG +4.9
rerun_grid	ALL	adr_025	3ADR|none	B	26	13	0	0	0	0	0	0	-1.0000	-0.5058	-0.5058	-0.2529	-0.2529	-26.0000	-1.0000	-24.0000	-6.2931	-0.2420	-5.8950	-6.2931	-0.2420	-5.8950	-3.1466	-0.1210	-2.9475	-3.1466	-0.1210	-2.9475	-32.2961	ERO -1.0;IONQ -1.0	ROIV -0.1;ERO -0.1
rerun_grid	ALL	adr_025	3ADR|trail_sma10	A	593	234	47	478.3416	141.9998	141.9998	70.9999	70.9999	-1.0000	-0.8367	-0.7563	-0.4184	-0.4184	23.1508	0.0390	-24.8492	-3.5052	-0.0059	-23.7085	-3.4586	-0.0058	-23.6618	-1.7526	-0.0030	-11.8542	-1.7526	-0.0030	-11.8542	-29.7714	ALAB +24.0;CGEM +24.0	ALAB +5.2;VOYG +4.9
rerun_grid	ALL	adr_025	3ADR|trail_sma10	A_disc	573	227	46	474.6016	141.4609	141.4609	70.7304	70.7304	-1.0000	-0.8367	-0.7563	-0.4184	-0.4184	36.4702	0.0636	-11.5298	0.7843	0.0014	-19.4190	0.8309	0.0015	-19.3724	0.3921	0.0007	-9.7095	0.3921	0.0007	-9.7095	-13.9986	ALAB +24.0;CGEM +24.0	ALAB +5.2;VOYG +4.9
rerun_grid	ALL	adr_025	3ADR|trail_sma10	B	26	13	0	0	0	0	0	0	-1.0000	-0.5058	-0.5058	-0.2529	-0.2529	-24.8234	-0.9547	-22.8234	-5.9743	-0.2298	-5.5762	-5.9743	-0.2298	-5.5762	-2.9871	-0.1149	-2.7881	-2.9871	-0.1149	-2.7881	-31.1195	ERO -1.0;IONQ -1.0	ROIV -0.1;ERO -0.1
rerun_grid	ALL	adr_025	3ADR|trail_sma20	A	593	234	48	493.6777	150.1101	150.1101	75.0551	75.0551	-1.0000	-0.8367	-0.7563	-0.4184	-0.4184	38.6285	0.0651	-9.3715	3.9793	0.0067	-16.2239	4.0259	0.0068	-16.1773	1.9897	0.0034	-8.1120	1.9897	0.0034	-8.1120	-11.9079	ALAB +24.0;CGEM +24.0	ALAB +5.2;VOYG +4.9
rerun_grid	ALL	adr_025	3ADR|trail_sma20	A_disc	573	227	47	489.1994	149.4648	149.4648	74.7324	74.7324	-1.0000	-0.8367	-0.7563	-0.4184	-0.4184	52.4857	0.0916	4.4857	8.5738	0.0150	-11.6295	8.6204	0.0150	-11.5829	4.2869	0.0075	-5.8147	4.2869	0.0075	-5.8147	4.4027	ALAB +24.0;CGEM +24.0	ALAB +5.2;VOYG +4.9
rerun_grid	ALL	adr_025	3ADR|trail_sma20	B	26	13	0	0	0	0	0	0	-1.0000	-0.5058	-0.5058	-0.2529	-0.2529	-24.8234	-0.9547	-22.8234	-5.9743	-0.2298	-5.5762	-5.9743	-0.2298	-5.5762	-2.9871	-0.1149	-2.7881	-2.9871	-0.1149	-2.7881	-31.1195	ERO -1.0;IONQ -1.0	ROIV -0.1;ERO -0.1
rerun_grid	ALL	adr_025	3ADR|trail_max10_20	A	593	234	46	467.8608	140.3442	140.3442	70.1721	70.1721	-1.0000	-0.8367	-0.7563	-0.4184	-0.4184	41.1692	0.0694	-6.8308	4.3438	0.0073	-15.8595	4.3904	0.0074	-15.8129	2.1719	0.0037	-7.9297	2.1719	0.0037	-7.9297	-5.7787	ALAB +24.0;CGEM +24.0	ALAB +5.2;VOYG +4.9
rerun_grid	ALL	adr_025	3ADR|trail_max10_20	A_disc	573	227	45	464.1208	139.8053	139.8053	69.9026	69.9026	-1.0000	-0.8367	-0.7563	-0.4184	-0.4184	54.4886	0.0951	6.4886	8.6332	0.0151	-11.5700	8.6798	0.0151	-11.5234	4.3166	0.0075	-5.7850	4.3166	0.0075	-5.7850	9.9941	ALAB +24.0;CGEM +24.0	ALAB +5.2;VOYG +4.9
rerun_grid	ALL	adr_025	3ADR|trail_max10_20	B	26	13	0	0	0	0	0	0	-1.0000	-0.5058	-0.5058	-0.2529	-0.2529	-24.8234	-0.9547	-22.8234	-5.9743	-0.2298	-5.5762	-5.9743	-0.2298	-5.5762	-2.9871	-0.1149	-2.7881	-2.9871	-0.1149	-2.7881	-31.1195	ERO -1.0;IONQ -1.0	ROIV -0.1;ERO -0.1
rerun_grid	ALL	adr_025	3ADR|time_s3	A	593	234	62	518.9023	155.7336	155.7336	77.8668	77.8668	-1.0000	-0.8367	-0.7624	-0.4184	-0.4184	49.5943	0.0836	3.3237	1.0639	0.0018	-16.5782	1.5478	0.0026	-16.0942	0.5319	0.0009	-8.2891	0.5319	0.0009	-8.2891	-14.5219	VOYG +24.0;CGEM +22.3	VOYG +4.9;ARM +3.9
rerun_grid	ALL	adr_025	3ADR|time_s3	A_disc	573	227	57	493.9111	148.8226	148.8226	74.4113	74.4113	-1.0000	-0.8367	-0.7624	-0.4184	-0.4184	37.2914	0.0651	-8.9792	-2.3186	-0.0040	-19.9606	-1.8346	-0.0032	-19.4766	-1.1593	-0.0020	-9.9803	-1.1593	-0.0020	-9.9803	-24.3714	VOYG +24.0;CGEM +22.3	VOYG +4.9;ARM +3.9
rerun_grid	ALL	adr_025	3ADR|time_s3	B	26	13	0	0	0	0	0	0	-1.0000	-0.5058	-0.5058	-0.2529	-0.2529	-26.0000	-1.0000	-24.0000	-6.2931	-0.2420	-5.8950	-6.2931	-0.2420	-5.8950	-3.1466	-0.1210	-2.9475	-3.1466	-0.1210	-2.9475	-32.2961	ERO -1.0;IONQ -1.0	ROIV -0.1;ERO -0.1
rerun_grid	ALL	adr_025	3ADR|time_s5	A	593	234	56	485.9475	149.5575	149.5575	74.7788	74.7788	-1.0000	-0.8367	-0.7624	-0.4184	-0.4184	-20.0032	-0.0337	-66.0032	-17.0896	-0.0288	-34.7316	-16.6056	-0.0280	-34.2477	-8.5448	-0.0144	-17.3658	-8.5448	-0.0144	-17.3658	-84.1594	VOYG +24.0;ARM +22.0	VOYG +4.9;ARM +3.9
rerun_grid	ALL	adr_025	3ADR|time_s5	A_disc	573	227	54	473.4046	146.2826	146.2826	73.1413	73.1413	-1.0000	-0.8367	-0.7624	-0.4184	-0.4184	-18.4822	-0.0323	-64.4822	-16.5379	-0.0289	-34.1799	-16.0539	-0.0280	-33.6960	-8.2690	-0.0144	-17.0900	-8.2690	-0.0144	-17.0900	-80.1850	VOYG +24.0;ARM +22.0	VOYG +4.9;ARM +3.9
rerun_grid	ALL	adr_025	3ADR|time_s5	B	26	13	0	0	0	0	0	0	-1.0000	-0.5058	-0.5058	-0.2529	-0.2529	-26.0000	-1.0000	-24.0000	-6.2931	-0.2420	-5.8950	-6.2931	-0.2420	-5.8950	-3.1466	-0.1210	-2.9475	-3.1466	-0.1210	-2.9475	-32.2961	ERO -1.0;IONQ -1.0	ROIV -0.1;ERO -0.1
rerun_grid	ALL	adr_025	3ADR|time_s10	A	593	234	51	539.0875	163.6976	163.6976	81.8488	81.8488	-1.0000	-0.8367	-0.7624	-0.4184	-0.4184	0.2581	0.0004	-47.7419	-13.2797	-0.0224	-33.4830	-12.7957	-0.0216	-32.9990	-6.6398	-0.0112	-16.7415	-6.6398	-0.0112	-16.7415	-63.8981	ALAB +24.0;CGEM +24.0	ALAB +5.2;VOYG +4.9
rerun_grid	ALL	adr_025	3ADR|time_s10	A_disc	573	227	50	534.6092	163.0522	163.0522	81.5261	81.5261	-1.0000	-0.8367	-0.7624	-0.4184	-0.4184	14.7798	0.0258	-33.2202	-8.5166	-0.0149	-28.7198	-8.0326	-0.0140	-28.2359	-4.2583	-0.0074	-14.3599	-4.2583	-0.0074	-14.3599	-46.9230	ALAB +24.0;CGEM +24.0	ALAB +5.2;VOYG +4.9
rerun_grid	ALL	adr_025	3ADR|time_s10	B	26	13	0	0	0	0	0	0	-1.0000	-0.5058	-0.5058	-0.2529	-0.2529	-26.0000	-1.0000	-24.0000	-6.2931	-0.2420	-5.8950	-6.2931	-0.2420	-5.8950	-3.1466	-0.1210	-2.9475	-3.1466	-0.1210	-2.9475	-32.2961	ERO -1.0;IONQ -1.0	ROIV -0.1;ERO -0.1
rerun_grid	ALL	adr_025	3ADR|sma21_2x	A	593	234	54	550.2324	167.7100	167.7100	83.8550	83.8550	-1.0000	-0.8367	-0.7624	-0.4184	-0.4184	48.5668	0.0819	0.5668	4.2143	0.0071	-15.9890	4.5834	0.0077	-15.6198	2.1071	0.0036	-7.9945	2.1071	0.0036	-7.9945	-15.3425	ALAB +24.0;CGEM +24.0	ALAB +5.2;VOYG +4.9
rerun_grid	ALL	adr_025	3ADR|sma21_2x	A_disc	573	227	53	545.7541	167.0646	167.0646	83.5323	83.5323	-1.0000	-0.8367	-0.7624	-0.4184	-0.4184	63.0885	0.1101	15.0885	8.9774	0.0157	-11.2259	9.3466	0.0163	-10.8567	4.4887	0.0078	-5.6129	4.4887	0.0078	-5.6129	1.6326	ALAB +24.0;CGEM +24.0	ALAB +5.2;VOYG +4.9
rerun_grid	ALL	adr_025	3ADR|sma21_2x	B	26	13	0	0	0	0	0	0	-1.0000	-0.5058	-0.5058	-0.2529	-0.2529	-26.0000	-1.0000	-24.0000	-6.2931	-0.2420	-5.8950	-6.2931	-0.2420	-5.8950	-3.1466	-0.1210	-2.9475	-3.1466	-0.1210	-2.9475	-32.2961	ERO -1.0;IONQ -1.0	ROIV -0.1;ERO -0.1
rerun_grid	ALL	adr_025	3ADR|ema23_2x	A	593	234	54	542.3955	164.5631	164.5631	82.2815	82.2815	-1.0000	-0.8367	-0.7624	-0.4184	-0.4184	47.4845	0.0801	-0.5155	3.9906	0.0067	-16.2127	4.3598	0.0074	-15.8435	1.9953	0.0034	-8.1063	1.9953	0.0034	-8.1063	-16.4248	ALAB +24.0;CGEM +24.0	ALAB +5.2;VOYG +4.9
rerun_grid	ALL	adr_025	3ADR|ema23_2x	A_disc	573	227	53	537.9172	163.9177	163.9177	81.9589	81.9589	-1.0000	-0.8367	-0.7624	-0.4184	-0.4184	59.0844	0.1031	11.0844	8.0121	0.0140	-12.1912	8.3812	0.0146	-11.8220	4.0060	0.0070	-6.0956	4.0060	0.0070	-6.0956	-2.3715	ALAB +24.0;CGEM +24.0	ALAB +5.2;VOYG +4.9
rerun_grid	ALL	adr_025	3ADR|ema23_2x	B	26	13	0	0	0	0	0	0	-1.0000	-0.5058	-0.5058	-0.2529	-0.2529	-26.0000	-1.0000	-24.0000	-6.2931	-0.2420	-5.8950	-6.2931	-0.2420	-5.8950	-3.1466	-0.1210	-2.9475	-3.1466	-0.1210	-2.9475	-32.2961	ERO -1.0;IONQ -1.0	ROIV -0.1;ERO -0.1
rerun_grid	ALL	adr_025	3ADR|sma50_1x	A	593	234	47	469.9528	143.8644	143.8644	71.9322	71.9322	-1.0000	-0.8367	-0.7624	-0.4184	-0.4184	24.1087	0.0407	-23.8913	0.0496	0.0001	-20.1537	0.0963	0.0002	-20.1070	0.0248	0.0000	-10.0768	0.0248	0.0000	-10.0768	-15.6512	ALAB +24.0;CGEM +24.0	ALAB +5.2;VOYG +4.9
rerun_grid	ALL	adr_025	3ADR|sma50_1x	A_disc	573	227	46	465.4745	143.2190	143.2190	71.6095	71.6095	-1.0000	-0.8367	-0.7624	-0.4184	-0.4184	36.6967	0.0640	-11.3033	4.1998	0.0073	-16.0034	4.2465	0.0074	-15.9567	2.0999	0.0037	-8.0017	2.0999	0.0037	-8.0017	-0.6098	ALAB +24.0;CGEM +24.0	ALAB +5.2;VOYG +4.9
rerun_grid	ALL	adr_025	3ADR|sma50_1x	B	26	13	0	0	0	0	0	0	-1.0000	-0.5058	-0.5058	-0.2529	-0.2529	-24.8234	-0.9547	-22.8234	-5.9743	-0.2298	-5.5762	-5.9743	-0.2298	-5.5762	-2.9871	-0.1149	-2.7881	-2.9871	-0.1149	-2.7881	-31.1195	ERO -1.0;IONQ -1.0	ROIV -0.1;ERO -0.1
rerun_grid	ALL	adr_025	3ADR|ema65_1x	A	593	234	45	448.8407	137.8626	137.8626	68.9313	68.9313	-1.0000	-0.8367	-0.7624	-0.4184	-0.4184	-2.0087	-0.0034	-50.0087	-9.3292	-0.0157	-29.5324	-9.2825	-0.0157	-29.4857	-4.6646	-0.0079	-14.7662	-4.6646	-0.0079	-14.7662	-41.5141	ALAB +24.0;CGEM +24.0	ALAB +5.2;VOYG +4.9
rerun_grid	ALL	adr_025	3ADR|ema65_1x	A_disc	573	227	44	444.3624	137.2172	137.2172	68.6086	68.6086	-1.0000	-0.8367	-0.7624	-0.4184	-0.4184	10.5724	0.0185	-37.4276	-5.1461	-0.0090	-25.3494	-5.0994	-0.0089	-25.3027	-2.5731	-0.0045	-12.6747	-2.5731	-0.0045	-12.6747	-26.4796	ALAB +24.0;CGEM +24.0	ALAB +5.2;VOYG +4.9
rerun_grid	ALL	adr_025	3ADR|ema65_1x	B	26	13	0	0	0	0	0	0	-1.0000	-0.5058	-0.5058	-0.2529	-0.2529	-24.8234	-0.9547	-22.8234	-5.9743	-0.2298	-5.5762	-5.9743	-0.2298	-5.5762	-2.9871	-0.1149	-2.7881	-2.9871	-0.1149	-2.7881	-31.1195	ERO -1.0;IONQ -1.0	ROIV -0.1;ERO -0.1
rerun_grid	ALL	adr_025	3ADR|hv21_50_noreclaim2	A	593	234	51	539.0875	163.6976	163.6976	81.8488	81.8488	-1.0000	-0.8367	-0.7624	-0.4184	-0.4184	0.2581	0.0004	-47.7419	-13.2797	-0.0224	-33.4830	-12.7957	-0.0216	-32.9990	-6.6398	-0.0112	-16.7415	-6.6398	-0.0112	-16.7415	-63.8981	ALAB +24.0;CGEM +24.0	ALAB +5.2;VOYG +4.9
rerun_grid	ALL	adr_025	3ADR|hv21_50_noreclaim2	A_disc	573	227	50	534.6092	163.0522	163.0522	81.5261	81.5261	-1.0000	-0.8367	-0.7624	-0.4184	-0.4184	14.7798	0.0258	-33.2202	-8.5166	-0.0149	-28.7198	-8.0326	-0.0140	-28.2359	-4.2583	-0.0074	-14.3599	-4.2583	-0.0074	-14.3599	-46.9230	ALAB +24.0;CGEM +24.0	ALAB +5.2;VOYG +4.9
rerun_grid	ALL	adr_025	3ADR|hv21_50_noreclaim2	B	26	13	0	0	0	0	0	0	-1.0000	-0.5058	-0.5058	-0.2529	-0.2529	-26.0000	-1.0000	-24.0000	-6.2931	-0.2420	-5.8950	-6.2931	-0.2420	-5.8950	-3.1466	-0.1210	-2.9475	-3.1466	-0.1210	-2.9475	-32.2961	ERO -1.0;IONQ -1.0	ROIV -0.1;ERO -0.1
rerun_grid	ALL	adr_050	none|none	A	593	234	58	416.7834	239.0183	226.6689	120.4010	120.4010	-1.0000	-1.0000	-1.0000	-0.7624	-0.8367	-35.1516	-0.0593	-69.4610	-53.4879	-0.0902	-76.4871	-51.5306	-0.0869	-70.9104	-30.9572	-0.0522	-42.4568	-31.4412	-0.0530	-42.9408	-71.0927	VPG +17.2;MMYT +17.1	COHU +5.9;EFOR +5.6
rerun_grid	ALL	adr_050	none|none	A_disc	573	227	58	416.7834	239.0183	226.6689	120.4010	120.4010	-1.0000	-1.0000	-1.0000	-0.7624	-0.8367	-22.0489	-0.0385	-56.3583	-44.3770	-0.0774	-67.3762	-42.5736	-0.0743	-61.9533	-26.4018	-0.0461	-37.9014	-26.8857	-0.0469	-38.3853	-57.5876	VPG +17.2;MMYT +17.1	COHU +5.9;EFOR +5.6
rerun_grid	ALL	adr_050	none|none	B	29	14	1	8.6611	2.5569	2.5569	1.2784	1.2784	-1.0000	-1.0000	-1.0000	-0.5058	-0.5058	-19.3389	-0.6669	-26.0000	-11.0048	-0.3795	-12.8001	-10.7707	-0.3714	-12.5660	-5.5082	-0.1899	-6.4058	-5.5082	-0.1899	-6.4058	-23.0319	QCOM +7.7;ALAB -1.0	QCOM +1.1;ERO -0.2
rerun_grid	ALL	adr_050	none|trail_sma10	A	593	234	43	321.5496	178.9747	172.8497	89.4873	89.4873	-1.0000	-1.0000	-1.0000	-0.7500	-0.7874	-24.3411	-0.0410	-58.6505	-41.8237	-0.0705	-63.4126	-39.4234	-0.0665	-58.8032	-24.6297	-0.0415	-35.4241	-24.7225	-0.0417	-35.5170	-54.9550	VPG +17.2;MMYT +17.1	EFOR +5.6;MMYT +5.2
rerun_grid	ALL	adr_050	none|trail_sma10	A_disc	573	227	43	321.5496	178.9747	172.8497	89.4873	89.4873	-1.0000	-1.0000	-1.0000	-0.7500	-0.7874	-15.9120	-0.0278	-50.2214	-35.6824	-0.0623	-57.2712	-33.4359	-0.0584	-52.8157	-21.5590	-0.0376	-32.3534	-21.6519	-0.0378	-32.4463	-46.1235	VPG +17.2;MMYT +17.1	EFOR +5.6;MMYT +5.2
rerun_grid	ALL	adr_050	none|trail_sma10	B	29	14	0	0	0	0	0	0	-1.0000	-1.0000	-1.0000	-0.5058	-0.5058	-23.3018	-0.8035	-24.0000	-11.5235	-0.3974	-11.5823	-11.3570	-0.3916	-11.4727	-5.7675	-0.1989	-5.7969	-5.7675	-0.1989	-5.7969	-25.7319	QCOM +1.2;ALAB -0.5	QCOM +0.2;ALAB -0.1
rerun_grid	ALL	adr_050	none|trail_sma20	A	593	234	48	350.6607	201.0178	194.8929	101.4007	101.4007	-1.0000	-1.0000	-1.0000	-0.7563	-0.7874	-10.1512	-0.0171	-44.4606	-27.0082	-0.0455	-48.5970	-26.2680	-0.0443	-45.6477	-16.9753	-0.0286	-27.7697	-17.1152	-0.0289	-27.9096	-38.6925	VPG +17.2;MMYT +17.1	EFOR +5.6;MMYT +5.2
rerun_grid	ALL	adr_050	none|trail_sma20	A_disc	573	227	48	350.6607	201.0178	194.8929	101.4007	101.4007	-1.0000	-1.0000	-1.0000	-0.7563	-0.7874	1.2184	0.0021	-33.0910	-18.7780	-0.0328	-40.3668	-18.1915	-0.0317	-37.5713	-12.8602	-0.0224	-23.6546	-13.0001	-0.0227	-23.7945	-26.9205	VPG +17.2;MMYT +17.1	EFOR +5.6;MMYT +5.2
rerun_grid	ALL	adr_050	none|trail_sma20	B	29	14	1	8.6611	2.5569	2.5569	1.2784	1.2784	-1.0000	-1.0000	-1.0000	-0.5058	-0.5058	-16.7961	-0.5792	-24.0000	-9.6029	-0.3311	-11.5823	-9.4364	-0.3254	-11.4727	-4.8072	-0.1658	-5.7969	-4.8072	-0.1658	-5.7969	-19.2262	QCOM +7.7;ALAB -0.5	QCOM +1.1;ALAB -0.1
rerun_grid	ALL	adr_050	none|trail_max10_20	A	593	234	42	312.1796	175.8487	169.7237	87.9243	87.9243	-1.0000	-1.0000	-1.0000	-0.7500	-0.7874	-6.7667	-0.0114	-41.0761	-25.8707	-0.0436	-47.4595	-25.3935	-0.0428	-44.7732	-16.4998	-0.0278	-27.2943	-16.5927	-0.0280	-27.3871	-35.0804	VPG +17.2;MMYT +17.1	EFOR +5.6;MMYT +5.2
rerun_grid	ALL	adr_050	none|trail_max10_20	A_disc	573	227	42	312.1796	175.8487	169.7237	87.9243	87.9243	-1.0000	-1.0000	-1.0000	-0.7500	-0.7874	1.6624	0.0029	-32.6470	-19.7294	-0.0344	-41.3182	-19.4059	-0.0339	-38.7857	-13.4292	-0.0234	-24.2236	-13.5221	-0.0236	-24.3165	-26.2489	VPG +17.2;MMYT +17.1	EFOR +5.6;MMYT +5.2
rerun_grid	ALL	adr_050	none|trail_max10_20	B	29	14	0	0	0	0	0	0	-1.0000	-1.0000	-1.0000	-0.5058	-0.5058	-23.3018	-0.8035	-24.0000	-11.5235	-0.3974	-11.5823	-11.3570	-0.3916	-11.4727	-5.7675	-0.1989	-5.7969	-5.7675	-0.1989	-5.7969	-25.7319	QCOM +1.2;ALAB -0.5	QCOM +0.2;ALAB -0.1
rerun_grid	ALL	adr_050	none|time_s3	A	593	234	61	309.5287	180.2202	174.6898	90.3877	90.3877	-1.0000	-1.0000	-1.0000	-0.7563	-0.7874	-28.4504	-0.0480	-61.0968	-38.0777	-0.0642	-61.6523	-32.2212	-0.0543	-55.7959	-22.4989	-0.0379	-34.2862	-22.8004	-0.0384	-34.5877	-61.3240	FTK +18.7;VOYG +14.0	FTK +6.0;VOYG +5.7
rerun_grid	ALL	adr_050	none|time_s3	A_disc	573	227	58	299.4499	176.1722	170.6418	88.3637	88.3637	-1.0000	-1.0000	-1.0000	-0.7563	-0.7874	-39.1727	-0.0684	-71.8191	-43.4777	-0.0759	-67.0523	-37.7750	-0.0659	-61.3497	-25.1989	-0.0440	-36.9862	-25.5004	-0.0445	-37.2877	-71.6439	FTK +18.7;VOYG +14.0	FTK +6.0;VOYG +5.7
rerun_grid	ALL	adr_050	none|time_s3	B	29	14	1	6.1202	1.8068	1.8068	0.9034	0.9034	-1.0000	-1.0000	-1.0000	-0.5058	-0.5058	-15.1672	-0.5230	-22.6457	-8.8973	-0.3068	-11.5340	-8.6632	-0.2987	-11.2999	-4.4544	-0.1536	-5.7727	-4.4544	-0.1536	-5.7727	-18.4606	QCOM +5.1;PHVS +2.4	QCOM +0.8;PHVS +0.6
rerun_grid	ALL	adr_050	none|time_s5	A	593	234	58	322.1220	194.8713	188.0761	97.7176	97.7176	-1.0000	-1.0000	-1.0000	-0.7624	-0.7874	-54.9705	-0.0927	-95.4131	-51.5394	-0.0869	-80.1806	-45.2301	-0.0763	-73.8713	-29.6984	-0.0501	-44.0190	-30.0201	-0.0506	-44.3407	-90.4550	FTK +26.5;VOYG +14.0	FTK +8.6;VOYG +5.7
rerun_grid	ALL	adr_050	none|time_s5	A_disc	573	227	57	317.4615	192.0607	185.2655	96.3123	96.3123	-1.0000	-1.0000	-1.0000	-0.7624	-0.7874	-52.2596	-0.0912	-92.7022	-49.6660	-0.0867	-78.3072	-43.5106	-0.0759	-72.1518	-28.7617	-0.0502	-43.0823	-29.0834	-0.0508	-43.4040	-87.3417	FTK +26.5;VOYG +14.0	FTK +8.6;VOYG +5.7
rerun_grid	ALL	adr_050	none|time_s5	B	29	14	1	6.4781	1.9124	1.9124	0.9562	0.9562	-1.0000	-1.0000	-1.0000	-0.5058	-0.5058	-20.0781	-0.6923	-25.0000	-10.9624	-0.3780	-12.3184	-10.7283	-0.3699	-12.0843	-5.4870	-0.1892	-6.1650	-5.4870	-0.1892	-6.1650	-23.7711	QCOM +5.5;PHVS -0.6	QCOM +0.8;PHVS -0.1
rerun_grid	ALL	adr_050	none|time_s10	A	593	234	58	416.7834	239.0183	226.6689	120.4010	120.4010	-1.0000	-1.0000	-1.0000	-0.7624	-0.8367	-35.1516	-0.0593	-69.4610	-53.4879	-0.0902	-76.4871	-51.5306	-0.0869	-70.9104	-30.9572	-0.0522	-42.4568	-31.4412	-0.0530	-42.9408	-71.0927	VPG +17.2;MMYT +17.1	COHU +5.9;EFOR +5.6
rerun_grid	ALL	adr_050	none|time_s10	A_disc	573	227	58	416.7834	239.0183	226.6689	120.4010	120.4010	-1.0000	-1.0000	-1.0000	-0.7624	-0.8367	-22.0489	-0.0385	-56.3583	-44.3770	-0.0774	-67.3762	-42.5736	-0.0743	-61.9533	-26.4018	-0.0461	-37.9014	-26.8857	-0.0469	-38.3853	-57.5876	VPG +17.2;MMYT +17.1	COHU +5.9;EFOR +5.6
rerun_grid	ALL	adr_050	none|time_s10	B	29	14	1	8.6611	2.5569	2.5569	1.2784	1.2784	-1.0000	-1.0000	-1.0000	-0.5058	-0.5058	-19.3389	-0.6669	-26.0000	-11.0048	-0.3795	-12.8001	-10.7707	-0.3714	-12.5660	-5.5082	-0.1899	-6.4058	-5.5082	-0.1899	-6.4058	-23.0319	QCOM +7.7;ALAB -1.0	QCOM +1.1;ERO -0.2
rerun_grid	ALL	adr_050	none|sma21_2x	A	593	234	54	400.1385	229.7920	218.2848	115.7878	115.7878	-1.0000	-1.0000	-1.0000	-0.7563	-0.8367	-10.5540	-0.0178	-44.8634	-34.8281	-0.0587	-57.8273	-35.3972	-0.0597	-54.7769	-21.2690	-0.0359	-32.7686	-21.6404	-0.0365	-33.1400	-46.2186	VPG +17.2;MMYT +17.1	COHU +5.9;EFOR +5.6
rerun_grid	ALL	adr_050	none|sma21_2x	A_disc	573	227	54	400.1385	229.7920	218.2848	115.7878	115.7878	-1.0000	-1.0000	-1.0000	-0.7563	-0.8367	2.5487	0.0044	-31.7607	-25.7172	-0.0449	-48.7164	-26.4401	-0.0461	-45.8199	-16.7136	-0.0292	-28.2132	-17.0850	-0.0298	-28.5846	-32.7135	VPG +17.2;MMYT +17.1	COHU +5.9;EFOR +5.6
rerun_grid	ALL	adr_050	none|sma21_2x	B	29	14	1	8.6611	2.5569	2.5569	1.2784	1.2784	-1.0000	-1.0000	-1.0000	-0.5058	-0.5058	-14.8587	-0.5124	-22.8050	-8.5315	-0.2942	-10.9745	-8.4573	-0.2916	-10.8648	-4.2715	-0.1473	-5.4930	-4.2715	-0.1473	-5.4930	-17.2888	QCOM +7.7;ALAB +0.3	QCOM +1.1;ALAB +0.1
rerun_grid	ALL	adr_050	none|ema23_2x	A	593	234	52	384.9279	217.7149	210.6795	109.7492	109.7492	-1.0000	-1.0000	-1.0000	-0.7563	-0.8367	-15.6714	-0.0264	-49.9808	-38.3088	-0.0646	-59.8976	-35.4826	-0.0598	-54.8623	-22.7388	-0.0383	-33.5332	-23.1102	-0.0390	-33.9046	-51.3360	VPG +17.2;MMYT +17.1	EFOR +5.6;MMYT +5.2
rerun_grid	ALL	adr_050	none|ema23_2x	A_disc	573	227	52	384.9279	217.7149	210.6795	109.7492	109.7492	-1.0000	-1.0000	-1.0000	-0.7563	-0.8367	-6.5591	-0.0114	-40.8685	-31.2255	-0.0545	-52.8143	-28.5531	-0.0498	-47.9328	-19.1972	-0.0335	-29.9916	-19.5685	-0.0342	-30.3630	-41.8213	VPG +17.2;MMYT +17.1	EFOR +5.6;MMYT +5.2
rerun_grid	ALL	adr_050	none|ema23_2x	B	29	14	1	8.6611	2.5569	2.5569	1.2784	1.2784	-1.0000	-1.0000	-1.0000	-0.5058	-0.5058	-14.8587	-0.5124	-22.8050	-8.5315	-0.2942	-10.9745	-8.4573	-0.2916	-10.8648	-4.2715	-0.1473	-5.4930	-4.2715	-0.1473	-5.4930	-17.2888	QCOM +7.7;ALAB +0.3	QCOM +1.1;ALAB +0.1
rerun_grid	ALL	adr_050	none|sma50_1x	A	593	234	44	338.0805	193.7623	187.6374	97.7729	97.7729	-1.0000	-1.0000	-1.0000	-0.7624	-0.8367	-3.5966	-0.0061	-37.9060	-20.6041	-0.0347	-42.1929	-21.7557	-0.0367	-41.1354	-14.0202	-0.0236	-24.8146	-14.1985	-0.0239	-24.9929	-22.2558	VPG +17.2;MMYT +17.1	EFOR +5.6;MMYT +5.2
rerun_grid	ALL	adr_050	none|sma50_1x	A_disc	573	227	44	338.0805	193.7623	187.6374	97.7729	97.7729	-1.0000	-1.0000	-1.0000	-0.7624	-0.8367	6.6384	0.0116	-27.6710	-13.1681	-0.0230	-34.7569	-14.4735	-0.0253	-33.8533	-10.3022	-0.0180	-21.0966	-10.4805	-0.0183	-21.2749	-11.6184	VPG +17.2;MMYT +17.1	EFOR +5.6;MMYT +5.2
rerun_grid	ALL	adr_050	none|sma50_1x	B	29	14	1	8.6611	2.5569	2.5569	1.2784	1.2784	-1.0000	-1.0000	-1.0000	-0.5058	-0.5058	-14.4668	-0.4989	-21.6707	-8.8309	-0.3045	-10.8797	-8.6644	-0.2988	-10.7132	-4.4212	-0.1525	-5.4456	-4.4212	-0.1525	-5.4456	-16.8969	QCOM +7.7;ALAB -0.5	QCOM +1.1;SOLS -0.1
rerun_grid	ALL	adr_050	none|ema65_1x	A	593	234	42	315.0954	180.5072	174.3823	91.1454	91.1454	-1.0000	-1.0000	-1.0000	-0.7624	-0.8367	-47.0483	-0.0793	-80.8807	-50.2805	-0.0848	-70.3400	-48.2939	-0.0814	-65.8268	-29.3443	-0.0495	-39.3741	-29.5544	-0.0498	-39.5842	-67.1896	VPG +17.2;EFOR +16.7	EFOR +5.6;FPS +4.5
rerun_grid	ALL	adr_050	none|ema65_1x	A_disc	573	227	42	315.0954	180.5072	174.3823	91.1454	91.1454	-1.0000	-1.0000	-1.0000	-0.7624	-0.8367	-37.3496	-0.0652	-71.1820	-43.1210	-0.0753	-63.1806	-41.2882	-0.0721	-58.8211	-25.7645	-0.0450	-35.7943	-25.9747	-0.0453	-36.0045	-57.0885	VPG +17.2;EFOR +16.7	EFOR +5.6;FPS +4.5
rerun_grid	ALL	adr_050	none|ema65_1x	B	29	14	1	8.6611	2.5569	2.5569	1.2784	1.2784	-1.0000	-1.0000	-1.0000	-0.5058	-0.5058	-14.4668	-0.4989	-21.6707	-8.8309	-0.3045	-10.8797	-8.6644	-0.2988	-10.7132	-4.4212	-0.1525	-5.4456	-4.4212	-0.1525	-5.4456	-16.8969	QCOM +7.7;ALAB -0.5	QCOM +1.1;SOLS -0.1
rerun_grid	ALL	adr_050	none|hv21_50_noreclaim2	A	593	234	58	416.7834	239.0183	226.6689	120.4010	120.4010	-1.0000	-1.0000	-1.0000	-0.7624	-0.8367	-35.1516	-0.0593	-69.4610	-53.4879	-0.0902	-76.4871	-51.5306	-0.0869	-70.9104	-30.9572	-0.0522	-42.4568	-31.4412	-0.0530	-42.9408	-71.0927	VPG +17.2;MMYT +17.1	COHU +5.9;EFOR +5.6
rerun_grid	ALL	adr_050	none|hv21_50_noreclaim2	A_disc	573	227	58	416.7834	239.0183	226.6689	120.4010	120.4010	-1.0000	-1.0000	-1.0000	-0.7624	-0.8367	-22.0489	-0.0385	-56.3583	-44.3770	-0.0774	-67.3762	-42.5736	-0.0743	-61.9533	-26.4018	-0.0461	-37.9014	-26.8857	-0.0469	-38.3853	-57.5876	VPG +17.2;MMYT +17.1	COHU +5.9;EFOR +5.6
rerun_grid	ALL	adr_050	none|hv21_50_noreclaim2	B	29	14	1	8.6611	2.5569	2.5569	1.2784	1.2784	-1.0000	-1.0000	-1.0000	-0.5058	-0.5058	-19.3389	-0.6669	-26.0000	-11.0048	-0.3795	-12.8001	-10.7707	-0.3714	-12.5660	-5.5082	-0.1899	-6.4058	-5.5082	-0.1899	-6.4058	-23.0319	QCOM +7.7;ALAB -1.0	QCOM +1.1;ERO -0.2
rerun_grid	ALL	adr_050	1R|none	A	593	234	0	0	0	0	0	0	-1.0000	-1.0000	-1.0000	-0.7500	-0.7874	-29.0000	-0.0489	-36.0000	-28.5812	-0.0482	-35.2590	-25.1417	-0.0424	-31.4713	-15.2413	-0.0257	-19.3489	-15.2140	-0.0257	-19.4132	-47.4937	INFQ +4.0;AEVA +3.0	RXT +2.3;INFQ +1.9
rerun_grid	ALL	adr_050	1R|none	A_disc	573	227	0	0	0	0	0	0	-1.0000	-1.0000	-1.0000	-0.7500	-0.7874	-33.0000	-0.0576	-40.0000	-30.7388	-0.0536	-37.4166	-27.4531	-0.0479	-33.7827	-16.3201	-0.0285	-20.4277	-16.2928	-0.0284	-20.4920	-51.4937	INFQ +4.0;AEVA +3.0	RXT +2.3;INFQ +1.9
rerun_grid	ALL	adr_050	1R|none	B	29	14	0	0	0	0	0	0	-1.0000	-1.0000	-1.0000	-0.5058	-0.5058	-7.0000	-0.2414	-11.0000	-4.1269	-0.1423	-6.2144	-4.0384	-0.1393	-6.0531	-2.0692	-0.0714	-3.1130	-2.0692	-0.0714	-3.1130	-8.4621	PHVS +2.0;QCOM +2.0	SEI +0.6;PHVS +0.5
rerun_grid	ALL	adr_050	1R|trail_sma10	A	593	234	0	0	0	0	0	0	-1.0000	-1.0000	-1.0000	-0.7500	-0.7874	-18.3073	-0.0309	-24.7291	-20.4808	-0.0345	-26.2321	-17.8875	-0.0302	-23.6389	-11.5231	-0.0194	-14.5546	-11.5541	-0.0195	-14.5871	-32.3011	INFQ +3.4;AEVA +3.0	INFQ +1.6;RXT +1.5
rerun_grid	ALL	adr_050	1R|trail_sma10	A_disc	573	227	0	0	0	0	0	0	-1.0000	-1.0000	-1.0000	-0.7500	-0.7874	-21.1785	-0.0370	-27.6003	-22.2203	-0.0388	-27.9717	-19.7809	-0.0345	-25.5323	-12.3929	-0.0216	-15.4244	-12.4239	-0.0217	-15.4569	-35.1723	INFQ +3.4;AEVA +3.0	INFQ +1.6;RXT +1.5
rerun_grid	ALL	adr_050	1R|trail_sma10	B	29	14	0	0	0	0	0	0	-1.0000	-1.0000	-1.0000	-0.5058	-0.5058	-8.4572	-0.2916	-12.4572	-4.8468	-0.1671	-6.9343	-4.8258	-0.1664	-6.8405	-2.4292	-0.0838	-3.4729	-2.4292	-0.0838	-3.4729	-8.7667	PHVS +2.0;QCOM +2.0	SEI +0.6;PHVS +0.5
rerun_grid	ALL	adr_050	1R|trail_sma20	A	593	234	0	0	0	0	0	0	-1.0000	-1.0000	-1.0000	-0.7500	-0.7874	-23.4133	-0.0395	-29.8351	-22.0562	-0.0372	-28.1558	-19.4107	-0.0327	-25.1620	-12.0571	-0.0203	-15.8684	-11.9979	-0.0202	-15.9009	-36.2695	INFQ +3.4;AEVA +3.0	RXT +2.3;INFQ +1.6
rerun_grid	ALL	adr_050	1R|trail_sma20	A_disc	573	227	0	0	0	0	0	0	-1.0000	-1.0000	-1.0000	-0.7500	-0.7874	-25.1464	-0.0439	-31.5682	-23.0620	-0.0402	-29.1616	-20.5702	-0.0359	-26.3216	-12.5600	-0.0219	-16.3713	-12.5008	-0.0218	-16.4038	-38.0026	INFQ +3.4;AEVA +3.0	RXT +2.3;INFQ +1.6
rerun_grid	ALL	adr_050	1R|trail_sma20	B	29	14	0	0	0	0	0	0	-1.0000	-1.0000	-1.0000	-0.5058	-0.5058	-8.4572	-0.2916	-12.4572	-4.8468	-0.1671	-6.9343	-4.8258	-0.1664	-6.8405	-2.4292	-0.0838	-3.4729	-2.4292	-0.0838	-3.4729	-8.7667	PHVS +2.0;QCOM +2.0	SEI +0.6;PHVS +0.5
rerun_grid	ALL	adr_050	1R|trail_max10_20	A	593	234	0	0	0	0	0	0	-1.0000	-1.0000	-1.0000	-0.7500	-0.7874	-17.4623	-0.0294	-23.8841	-18.5791	-0.0313	-24.3305	-15.7015	-0.0265	-21.4529	-10.4190	-0.0176	-13.4505	-10.4499	-0.0176	-13.4829	-30.0909	INFQ +3.4;AEVA +3.0	INFQ +1.6;RXT +1.5
rerun_grid	ALL	adr_050	1R|trail_max10_20	A_disc	573	227	0	0	0	0	0	0	-1.0000	-1.0000	-1.0000	-0.7500	-0.7874	-20.3335	-0.0355	-26.7553	-20.3187	-0.0355	-26.0700	-17.5949	-0.0307	-23.3463	-11.2888	-0.0197	-14.3203	-11.3197	-0.0198	-14.3527	-32.9621	INFQ +3.4;AEVA +3.0	INFQ +1.6;RXT +1.5
rerun_grid	ALL	adr_050	1R|trail_max10_20	B	29	14	0	0	0	0	0	0	-1.0000	-1.0000	-1.0000	-0.5058	-0.5058	-8.4572	-0.2916	-12.4572	-4.8468	-0.1671	-6.9343	-4.8258	-0.1664	-6.8405	-2.4292	-0.0838	-3.4729	-2.4292	-0.0838	-3.4729	-8.7667	PHVS +2.0;QCOM +2.0	SEI +0.6;PHVS +0.5
rerun_grid	ALL	adr_050	1R|time_s3	A	593	234	0	0	0	0	0	0	-1.0000	-1.0000	-1.0000	-0.7500	-0.7874	-28.1997	-0.0476	-35.1997	-28.0019	-0.0472	-34.6797	-24.5624	-0.0414	-30.8919	-14.9517	-0.0252	-19.0592	-14.9243	-0.0252	-19.1236	-46.6934	INFQ +4.0;AEVA +3.0	RXT +2.3;INFQ +1.9
rerun_grid	ALL	adr_050	1R|time_s3	A_disc	573	227	0	0	0	0	0	0	-1.0000	-1.0000	-1.0000	-0.7500	-0.7874	-32.1997	-0.0562	-39.1997	-30.1594	-0.0526	-36.8372	-26.8738	-0.0469	-33.2033	-16.0304	-0.0280	-20.1380	-16.0031	-0.0279	-20.2024	-50.6934	INFQ +4.0;AEVA +3.0	RXT +2.3;INFQ +1.9
rerun_grid	ALL	adr_050	1R|time_s3	B	29	14	0	0	0	0	0	0	-1.0000	-1.0000	-1.0000	-0.5058	-0.5058	-7.0000	-0.2414	-11.0000	-4.1269	-0.1423	-6.2144	-4.0384	-0.1393	-6.0531	-2.0692	-0.0714	-3.1130	-2.0692	-0.0714	-3.1130	-8.4621	PHVS +2.0;QCOM +2.0	SEI +0.6;PHVS +0.5
rerun_grid	ALL	adr_050	1R|time_s5	A	593	234	0	0	0	0	0	0	-1.0000	-1.0000	-1.0000	-0.7500	-0.7874	-29.0000	-0.0489	-36.0000	-28.5812	-0.0482	-35.2590	-25.1417	-0.0424	-31.4713	-15.2413	-0.0257	-19.3489	-15.2140	-0.0257	-19.4132	-47.4937	INFQ +4.0;AEVA +3.0	RXT +2.3;INFQ +1.9
rerun_grid	ALL	adr_050	1R|time_s5	A_disc	573	227	0	0	0	0	0	0	-1.0000	-1.0000	-1.0000	-0.7500	-0.7874	-33.0000	-0.0576	-40.0000	-30.7388	-0.0536	-37.4166	-27.4531	-0.0479	-33.7827	-16.3201	-0.0285	-20.4277	-16.2928	-0.0284	-20.4920	-51.4937	INFQ +4.0;AEVA +3.0	RXT +2.3;INFQ +1.9
rerun_grid	ALL	adr_050	1R|time_s5	B	29	14	0	0	0	0	0	0	-1.0000	-1.0000	-1.0000	-0.5058	-0.5058	-7.0000	-0.2414	-11.0000	-4.1269	-0.1423	-6.2144	-4.0384	-0.1393	-6.0531	-2.0692	-0.0714	-3.1130	-2.0692	-0.0714	-3.1130	-8.4621	PHVS +2.0;QCOM +2.0	SEI +0.6;PHVS +0.5
rerun_grid	ALL	adr_050	1R|time_s10	A	593	234	0	0	0	0	0	0	-1.0000	-1.0000	-1.0000	-0.7500	-0.7874	-29.0000	-0.0489	-36.0000	-28.5812	-0.0482	-35.2590	-25.1417	-0.0424	-31.4713	-15.2413	-0.0257	-19.3489	-15.2140	-0.0257	-19.4132	-47.4937	INFQ +4.0;AEVA +3.0	RXT +2.3;INFQ +1.9
rerun_grid	ALL	adr_050	1R|time_s10	A_disc	573	227	0	0	0	0	0	0	-1.0000	-1.0000	-1.0000	-0.7500	-0.7874	-33.0000	-0.0576	-40.0000	-30.7388	-0.0536	-37.4166	-27.4531	-0.0479	-33.7827	-16.3201	-0.0285	-20.4277	-16.2928	-0.0284	-20.4920	-51.4937	INFQ +4.0;AEVA +3.0	RXT +2.3;INFQ +1.9
rerun_grid	ALL	adr_050	1R|time_s10	B	29	14	0	0	0	0	0	0	-1.0000	-1.0000	-1.0000	-0.5058	-0.5058	-7.0000	-0.2414	-11.0000	-4.1269	-0.1423	-6.2144	-4.0384	-0.1393	-6.0531	-2.0692	-0.0714	-3.1130	-2.0692	-0.0714	-3.1130	-8.4621	PHVS +2.0;QCOM +2.0	SEI +0.6;PHVS +0.5
rerun_grid	ALL	adr_050	1R|sma21_2x	A	593	234	0	0	0	0	0	0	-1.0000	-1.0000	-1.0000	-0.7500	-0.7874	-31.4495	-0.0530	-38.4495	-29.9024	-0.0504	-36.5802	-26.4629	-0.0446	-32.7925	-16.1849	-0.0273	-20.2924	-16.1575	-0.0272	-20.3568	-49.9432	INFQ +4.0;AEVA +3.0	RXT +2.3;INFQ +1.9
rerun_grid	ALL	adr_050	1R|sma21_2x	A_disc	573	227	0	0	0	0	0	0	-1.0000	-1.0000	-1.0000	-0.7500	-0.7874	-35.4495	-0.0619	-42.4495	-32.0599	-0.0560	-38.7378	-28.7743	-0.0502	-35.1038	-17.2636	-0.0301	-21.3712	-17.2363	-0.0301	-21.4355	-53.9432	INFQ +4.0;AEVA +3.0	RXT +2.3;INFQ +1.9
rerun_grid	ALL	adr_050	1R|sma21_2x	B	29	14	0	0	0	0	0	0	-1.0000	-1.0000	-1.0000	-0.5058	-0.5058	-7.1600	-0.2469	-11.1600	-4.1075	-0.1416	-6.1951	-4.1790	-0.1441	-6.1937	-2.0595	-0.0710	-3.1033	-2.0595	-0.0710	-3.1033	-7.4695	PHVS +2.0;QCOM +2.0	SEI +0.6;PHVS +0.5
rerun_grid	ALL	adr_050	1R|ema23_2x	A	593	234	0	0	0	0	0	0	-1.0000	-1.0000	-1.0000	-0.7500	-0.7874	-29.8210	-0.0503	-36.8210	-29.1603	-0.0492	-35.8381	-25.7209	-0.0434	-32.0504	-15.8138	-0.0267	-19.9214	-15.7865	-0.0266	-19.9857	-48.3147	INFQ +4.0;AEVA +3.0	RXT +2.3;INFQ +1.9
rerun_grid	ALL	adr_050	1R|ema23_2x	A_disc	573	227	0	0	0	0	0	0	-1.0000	-1.0000	-1.0000	-0.7500	-0.7874	-33.8210	-0.0590	-40.8210	-31.3179	-0.0547	-37.9957	-28.0322	-0.0489	-34.3618	-16.8926	-0.0295	-21.0001	-16.8653	-0.0294	-21.0645	-52.3147	INFQ +4.0;AEVA +3.0	RXT +2.3;INFQ +1.9
rerun_grid	ALL	adr_050	1R|ema23_2x	B	29	14	0	0	0	0	0	0	-1.0000	-1.0000	-1.0000	-0.5058	-0.5058	-7.1600	-0.2469	-11.1600	-4.1075	-0.1416	-6.1951	-4.1790	-0.1441	-6.1937	-2.0595	-0.0710	-3.1033	-2.0595	-0.0710	-3.1033	-7.4695	PHVS +2.0;QCOM +2.0	SEI +0.6;PHVS +0.5
rerun_grid	ALL	adr_050	1R|sma50_1x	A	593	234	0	0	0	0	0	0	-1.0000	-1.0000	-1.0000	-0.7500	-0.7874	-18.6744	-0.0315	-25.9305	-17.6315	-0.0297	-24.3094	-16.1189	-0.0272	-22.4485	-9.6908	-0.0163	-13.7984	-9.6317	-0.0162	-13.8309	-28.7524	INFQ +4.0;KTOS +3.3	RXT +2.3;INFQ +1.9
rerun_grid	ALL	adr_050	1R|sma50_1x	A_disc	573	227	0	0	0	0	0	0	-1.0000	-1.0000	-1.0000	-0.7500	-0.7874	-19.5421	-0.0341	-26.7982	-18.0315	-0.0315	-24.7093	-16.6727	-0.0291	-23.0022	-9.8908	-0.0173	-13.9983	-9.8316	-0.0172	-14.0309	-29.6201	INFQ +4.0;KTOS +3.3	RXT +2.3;INFQ +1.9
rerun_grid	ALL	adr_050	1R|sma50_1x	B	29	14	0	0	0	0	0	0	-1.0000	-1.0000	-1.0000	-0.5058	-0.5058	-6.1279	-0.2113	-10.1279	-4.0747	-0.1405	-6.1623	-4.0538	-0.1398	-6.0685	-2.0431	-0.0705	-3.0869	-2.0431	-0.0705	-3.0869	-6.4374	PHVS +2.0;QCOM +2.0	SEI +0.6;PHVS +0.5
rerun_grid	ALL	adr_050	1R|ema65_1x	A	593	234	0	0	0	0	0	0	-1.0000	-1.0000	-1.0000	-0.7500	-0.7874	-29.3076	-0.0494	-36.3076	-23.9799	-0.0404	-30.6577	-20.5441	-0.0346	-26.8736	-12.8183	-0.0216	-16.9258	-12.7909	-0.0216	-16.9902	-40.0479	INFQ +4.0;AEVA +3.0	RXT +2.3;INFQ +1.9
rerun_grid	ALL	adr_050	1R|ema65_1x	A_disc	573	227	0	0	0	0	0	0	-1.0000	-1.0000	-1.0000	-0.7500	-0.7874	-32.1788	-0.0562	-39.1788	-25.7194	-0.0449	-32.3973	-22.4374	-0.0392	-28.7670	-13.6881	-0.0239	-17.7956	-13.6607	-0.0238	-17.8600	-42.9191	INFQ +4.0;AEVA +3.0	RXT +2.3;INFQ +1.9
rerun_grid	ALL	adr_050	1R|ema65_1x	B	29	14	0	0	0	0	0	0	-1.0000	-1.0000	-1.0000	-0.5058	-0.5058	-6.1279	-0.2113	-10.1279	-4.0747	-0.1405	-6.1623	-4.0538	-0.1398	-6.0685	-2.0431	-0.0705	-3.0869	-2.0431	-0.0705	-3.0869	-6.4374	PHVS +2.0;QCOM +2.0	SEI +0.6;PHVS +0.5
rerun_grid	ALL	adr_050	1R|hv21_50_noreclaim2	A	593	234	0	0	0	0	0	0	-1.0000	-1.0000	-1.0000	-0.7500	-0.7874	-29.0000	-0.0489	-36.0000	-28.5812	-0.0482	-35.2590	-25.1417	-0.0424	-31.4713	-15.2413	-0.0257	-19.3489	-15.2140	-0.0257	-19.4132	-47.4937	INFQ +4.0;AEVA +3.0	RXT +2.3;INFQ +1.9
rerun_grid	ALL	adr_050	1R|hv21_50_noreclaim2	A_disc	573	227	0	0	0	0	0	0	-1.0000	-1.0000	-1.0000	-0.7500	-0.7874	-33.0000	-0.0576	-40.0000	-30.7388	-0.0536	-37.4166	-27.4531	-0.0479	-33.7827	-16.3201	-0.0285	-20.4277	-16.2928	-0.0284	-20.4920	-51.4937	INFQ +4.0;AEVA +3.0	RXT +2.3;INFQ +1.9
rerun_grid	ALL	adr_050	1R|hv21_50_noreclaim2	B	29	14	0	0	0	0	0	0	-1.0000	-1.0000	-1.0000	-0.5058	-0.5058	-7.0000	-0.2414	-11.0000	-4.1269	-0.1423	-6.2144	-4.0384	-0.1393	-6.0531	-2.0692	-0.0714	-3.1130	-2.0692	-0.0714	-3.1130	-8.4621	PHVS +2.0;QCOM +2.0	SEI +0.6;PHVS +0.5
rerun_grid	ALL	adr_050	2R|none	A	593	234	0	0	0	0	0	0	-1.0000	-1.0000	-1.0000	-0.7624	-0.7874	-18.0996	-0.0305	-29.0996	-20.9650	-0.0354	-29.5396	-17.8122	-0.0300	-26.3869	-12.4314	-0.0210	-17.0355	-12.1484	-0.0205	-16.9359	-42.0009	FIG +6.0;CLF +5.0	INFQ +2.4;RXT +2.2
rerun_grid	ALL	adr_050	2R|none	A_disc	573	227	0	0	0	0	0	0	-1.0000	-1.0000	-1.0000	-0.7624	-0.7874	-25.0996	-0.0438	-36.0996	-24.7204	-0.0431	-33.2951	-21.7215	-0.0379	-30.2962	-14.3091	-0.0250	-18.9133	-14.0261	-0.0245	-18.8137	-49.0009	FIG +6.0;CLF +5.0	INFQ +2.4;RXT +2.2
rerun_grid	ALL	adr_050	2R|none	B	29	14	0	0	0	0	0	0	-1.0000	-1.0000	-1.0000	-0.5058	-0.5058	-8.0000	-0.2759	-16.0000	-4.1522	-0.1432	-8.3273	-4.1365	-0.1426	-8.1660	-2.0819	-0.0718	-4.1694	-2.0819	-0.0718	-4.1694	-11.0043	PHVS +4.0;SEI +4.0	SEI +1.1;PHVS +1.0
rerun_grid	ALL	adr_050	2R|trail_sma10	A	593	234	0	0	0	0	0	0	-1.0000	-1.0000	-1.0000	-0.7500	-0.7874	-12.1711	-0.0205	-21.3290	-16.4376	-0.0277	-23.7102	-14.1222	-0.0238	-21.3299	-9.9242	-0.0167	-13.5604	-9.7862	-0.0165	-13.4225	-31.2018	QBTS +5.0;GLOB +4.2	QBTS +1.9;ALAB +1.7
rerun_grid	ALL	adr_050	2R|trail_sma10	A_disc	573	227	0	0	0	0	0	0	-1.0000	-1.0000	-1.0000	-0.7500	-0.7874	-22.0423	-0.0385	-31.2002	-21.8075	-0.0381	-29.0801	-19.6459	-0.0343	-26.8536	-12.6091	-0.0220	-16.2454	-12.4712	-0.0218	-16.1075	-41.0730	QBTS +5.0;GLOB +4.2	QBTS +1.9;ALAB +1.7
rerun_grid	ALL	adr_050	2R|trail_sma10	B	29	14	0	0	0	0	0	0	-1.0000	-1.0000	-1.0000	-0.5058	-0.5058	-8.4572	-0.2916	-16.4572	-4.3072	-0.1485	-8.4822	-4.3590	-0.1503	-8.3885	-2.1594	-0.0745	-4.2469	-2.1594	-0.0745	-4.2469	-10.1986	PHVS +4.0;SEI +4.0	SEI +1.1;PHVS +1.0
rerun_grid	ALL	adr_050	2R|trail_sma20	A	593	234	0	0	0	0	0	0	-1.0000	-1.0000	-1.0000	-0.7563	-0.7874	-5.6536	-0.0095	-17.4068	-9.7957	-0.0165	-18.0746	-8.5570	-0.0144	-16.5988	-6.6227	-0.0112	-10.7621	-6.5297	-0.0110	-10.6691	-23.0681	FIG +6.0;QBTS +5.8	QBTS +2.2;FIG +2.0
rerun_grid	ALL	adr_050	2R|trail_sma20	A_disc	573	227	0	0	0	0	0	0	-1.0000	-1.0000	-1.0000	-0.7563	-0.7874	-14.3867	-0.0251	-26.1399	-14.4318	-0.0252	-22.7107	-13.3469	-0.0233	-21.3887	-8.9407	-0.0156	-13.0802	-8.8477	-0.0154	-12.9872	-31.8012	FIG +6.0;QBTS +5.8	QBTS +2.2;FIG +2.0
rerun_grid	ALL	adr_050	2R|trail_sma20	B	29	14	0	0	0	0	0	0	-1.0000	-1.0000	-1.0000	-0.5058	-0.5058	-8.4572	-0.2916	-16.4572	-4.3072	-0.1485	-8.4822	-4.3590	-0.1503	-8.3885	-2.1594	-0.0745	-4.2469	-2.1594	-0.0745	-4.2469	-10.1986	PHVS +4.0;SEI +4.0	SEI +1.1;PHVS +1.0
rerun_grid	ALL	adr_050	2R|trail_max10_20	A	593	234	0	0	0	0	0	0	-1.0000	-1.0000	-1.0000	-0.7500	-0.7874	-2.1762	-0.0037	-11.9294	-8.8382	-0.0149	-16.6597	-7.7569	-0.0131	-15.3412	-5.9712	-0.0101	-9.8819	-5.8332	-0.0098	-9.7439	-19.3631	QBTS +5.8;ABVX +4.0	QBTS +2.2;ALAB +1.7
rerun_grid	ALL	adr_050	2R|trail_max10_20	A_disc	573	227	0	0	0	0	0	0	-1.0000	-1.0000	-1.0000	-0.7500	-0.7874	-12.0474	-0.0210	-21.8006	-14.2081	-0.0248	-22.0296	-13.2806	-0.0232	-20.8650	-8.6561	-0.0151	-12.5668	-8.5182	-0.0149	-12.4289	-29.2343	QBTS +5.8;ABVX +4.0	QBTS +2.2;ALAB +1.7
rerun_grid	ALL	adr_050	2R|trail_max10_20	B	29	14	0	0	0	0	0	0	-1.0000	-1.0000	-1.0000	-0.5058	-0.5058	-8.4572	-0.2916	-16.4572	-4.3072	-0.1485	-8.4822	-4.3590	-0.1503	-8.3885	-2.1594	-0.0745	-4.2469	-2.1594	-0.0745	-4.2469	-10.1986	PHVS +4.0;SEI +4.0	SEI +1.1;PHVS +1.0
rerun_grid	ALL	adr_050	2R|time_s3	A	593	234	0	0	0	0	0	0	-1.0000	-1.0000	-1.0000	-0.7563	-0.7874	-28.9692	-0.0489	-39.9692	-27.7861	-0.0469	-35.5161	-24.7220	-0.0417	-32.3872	-16.1108	-0.0272	-19.9758	-15.9166	-0.0268	-19.7816	-50.2596	FIG +6.0;CLF +5.0	FIG +2.0;QBTS +1.9
rerun_grid	ALL	adr_050	2R|time_s3	A_disc	573	227	0	0	0	0	0	0	-1.0000	-1.0000	-1.0000	-0.7563	-0.7874	-39.3495	-0.0687	-50.3495	-33.2592	-0.0580	-40.9892	-30.3489	-0.0530	-38.0140	-18.8473	-0.0329	-22.7123	-18.6531	-0.0326	-22.5182	-60.6399	FIG +6.0;CLF +5.0	FIG +2.0;QBTS +1.9
rerun_grid	ALL	adr_050	2R|time_s3	B	29	14	0	0	0	0	0	0	-1.0000	-1.0000	-1.0000	-0.5058	-0.5058	-8.0000	-0.2759	-16.0000	-4.1522	-0.1432	-8.3273	-4.1365	-0.1426	-8.1660	-2.0819	-0.0718	-4.1694	-2.0819	-0.0718	-4.1694	-11.0043	PHVS +4.0;SEI +4.0	SEI +1.1;PHVS +1.0
rerun_grid	ALL	adr_050	2R|time_s5	A	593	234	0	0	0	0	0	0	-1.0000	-1.0000	-1.0000	-0.7624	-0.7874	-23.4150	-0.0395	-34.4150	-23.6006	-0.0398	-32.1753	-20.6460	-0.0348	-29.2206	-14.0375	-0.0237	-18.3494	-13.8546	-0.0234	-18.1665	-47.3163	FIG +6.0;CLF +5.0	INFQ +2.4;FIG +2.0
rerun_grid	ALL	adr_050	2R|time_s5	A_disc	573	227	0	0	0	0	0	0	-1.0000	-1.0000	-1.0000	-0.7624	-0.7874	-30.4150	-0.0531	-41.4150	-27.3561	-0.0477	-35.9308	-24.5552	-0.0429	-33.1299	-15.9153	-0.0278	-20.2272	-15.7324	-0.0275	-20.0443	-54.3163	FIG +6.0;CLF +5.0	INFQ +2.4;FIG +2.0
rerun_grid	ALL	adr_050	2R|time_s5	B	29	14	0	0	0	0	0	0	-1.0000	-1.0000	-1.0000	-0.5058	-0.5058	-8.0000	-0.2759	-16.0000	-4.1522	-0.1432	-8.3273	-4.1365	-0.1426	-8.1660	-2.0819	-0.0718	-4.1694	-2.0819	-0.0718	-4.1694	-11.0043	PHVS +4.0;SEI +4.0	SEI +1.1;PHVS +1.0
rerun_grid	ALL	adr_050	2R|time_s10	A	593	234	0	0	0	0	0	0	-1.0000	-1.0000	-1.0000	-0.7624	-0.7874	-18.0996	-0.0305	-29.0996	-20.9650	-0.0354	-29.5396	-17.8122	-0.0300	-26.3869	-12.4314	-0.0210	-17.0355	-12.1484	-0.0205	-16.9359	-42.0009	FIG +6.0;CLF +5.0	INFQ +2.4;RXT +2.2
rerun_grid	ALL	adr_050	2R|time_s10	A_disc	573	227	0	0	0	0	0	0	-1.0000	-1.0000	-1.0000	-0.7624	-0.7874	-25.0996	-0.0438	-36.0996	-24.7204	-0.0431	-33.2951	-21.7215	-0.0379	-30.2962	-14.3091	-0.0250	-18.9133	-14.0261	-0.0245	-18.8137	-49.0009	FIG +6.0;CLF +5.0	INFQ +2.4;RXT +2.2
rerun_grid	ALL	adr_050	2R|time_s10	B	29	14	0	0	0	0	0	0	-1.0000	-1.0000	-1.0000	-0.5058	-0.5058	-8.0000	-0.2759	-16.0000	-4.1522	-0.1432	-8.3273	-4.1365	-0.1426	-8.1660	-2.0819	-0.0718	-4.1694	-2.0819	-0.0718	-4.1694	-11.0043	PHVS +4.0;SEI +4.0	SEI +1.1;PHVS +1.0
rerun_grid	ALL	adr_050	2R|sma21_2x	A	593	234	0	0	0	0	0	0	-1.0000	-1.0000	-1.0000	-0.7563	-0.7874	-15.3357	-0.0259	-26.3357	-18.3356	-0.0309	-26.0656	-17.2224	-0.0290	-24.8875	-10.6582	-0.0180	-14.8532	-10.3752	-0.0175	-14.7536	-38.9605	FIG +6.0;CLF +5.0	RXT +2.2;FIG +2.0
rerun_grid	ALL	adr_050	2R|sma21_2x	A_disc	573	227	0	0	0	0	0	0	-1.0000	-1.0000	-1.0000	-0.7563	-0.7874	-22.3357	-0.0390	-33.3357	-22.0910	-0.0386	-29.8211	-21.1316	-0.0369	-28.7968	-12.5359	-0.0219	-16.7309	-12.2529	-0.0214	-16.6313	-45.9605	FIG +6.0;CLF +5.0	RXT +2.2;FIG +2.0
rerun_grid	ALL	adr_050	2R|sma21_2x	B	29	14	0	0	0	0	0	0	-1.0000	-1.0000	-1.0000	-0.5058	-0.5058	-6.1600	-0.2124	-14.1600	-3.0490	-0.1051	-7.2241	-3.1932	-0.1101	-7.2227	-1.5303	-0.0528	-3.6178	-1.5303	-0.0528	-3.6178	-7.9014	PHVS +4.0;SEI +4.0	SEI +1.1;PHVS +1.0
rerun_grid	ALL	adr_050	2R|ema23_2x	A	593	234	0	0	0	0	0	0	-1.0000	-1.0000	-1.0000	-0.7563	-0.7874	-8.9337	-0.0151	-19.9337	-13.7883	-0.0233	-21.5184	-12.6751	-0.0214	-20.3403	-8.2066	-0.0138	-12.4017	-7.9237	-0.0134	-12.3021	-32.5585	FIG +6.0;CLF +5.0	RXT +2.2;FIG +2.0
rerun_grid	ALL	adr_050	2R|ema23_2x	A_disc	573	227	0	0	0	0	0	0	-1.0000	-1.0000	-1.0000	-0.7563	-0.7874	-19.9241	-0.0348	-30.9241	-19.5714	-0.0342	-27.3014	-18.6120	-0.0325	-26.2772	-11.0982	-0.0194	-15.2932	-10.8152	-0.0189	-15.1936	-43.5489	FIG +6.0;CLF +5.0	RXT +2.2;FIG +2.0
rerun_grid	ALL	adr_050	2R|ema23_2x	B	29	14	0	0	0	0	0	0	-1.0000	-1.0000	-1.0000	-0.5058	-0.5058	-6.1600	-0.2124	-14.1600	-3.0490	-0.1051	-7.2241	-3.1932	-0.1101	-7.2227	-1.5303	-0.0528	-3.6178	-1.5303	-0.0528	-3.6178	-7.9014	PHVS +4.0;SEI +4.0	SEI +1.1;PHVS +1.0
rerun_grid	ALL	adr_050	2R|sma50_1x	A	593	234	0	0	0	0	0	0	-1.0000	-1.0000	-1.0000	-0.7624	-0.7874	-12.1333	-0.0205	-23.1333	-11.3435	-0.0191	-18.6915	-10.7132	-0.0181	-18.0613	-7.3146	-0.0123	-11.5096	-6.9998	-0.0118	-11.3782	-26.2892	FIG +6.0;LIND +5.0	RXT +2.2;FIG +2.0
rerun_grid	ALL	adr_050	2R|sma50_1x	A_disc	573	227	0	0	0	0	0	0	-1.0000	-1.0000	-1.0000	-0.7624	-0.7874	-19.0010	-0.0332	-30.0010	-14.6738	-0.0256	-22.2032	-14.1973	-0.0248	-21.7268	-8.9797	-0.0157	-13.1747	-8.6649	-0.0151	-13.0433	-33.1569	FIG +6.0;LIND +5.0	RXT +2.2;FIG +2.0
rerun_grid	ALL	adr_050	2R|sma50_1x	B	29	14	0	0	0	0	0	0	-1.0000	-1.0000	-1.0000	-0.5058	-0.5058	-6.1279	-0.2113	-14.1279	-3.5351	-0.1219	-7.7102	-3.5870	-0.1237	-7.6165	-1.7733	-0.0611	-3.8609	-1.7733	-0.0611	-3.8609	-7.8693	PHVS +4.0;SEI +4.0	SEI +1.1;PHVS +1.0
rerun_grid	ALL	adr_050	2R|ema65_1x	A	593	234	0	0	0	0	0	0	-1.0000	-1.0000	-1.0000	-0.7624	-0.7874	-27.1438	-0.0458	-37.1438	-21.1359	-0.0356	-28.2689	-18.9249	-0.0319	-26.0579	-12.4286	-0.0210	-16.5161	-12.1456	-0.0205	-16.4165	-42.3252	LIND +5.0;MRVL +5.0	RXT +2.2;MRVL +1.8
rerun_grid	ALL	adr_050	2R|ema65_1x	A_disc	573	227	0	0	0	0	0	0	-1.0000	-1.0000	-1.0000	-0.7624	-0.7874	-37.0150	-0.0646	-47.0150	-26.5058	-0.0463	-33.5778	-24.4486	-0.0427	-31.5206	-15.1135	-0.0264	-19.1706	-14.8306	-0.0259	-19.0710	-52.1964	LIND +5.0;MRVL +5.0	RXT +2.2;MRVL +1.8
rerun_grid	ALL	adr_050	2R|ema65_1x	B	29	14	0	0	0	0	0	0	-1.0000	-1.0000	-1.0000	-0.5058	-0.5058	-6.1279	-0.2113	-14.1279	-3.5351	-0.1219	-7.7102	-3.5870	-0.1237	-7.6165	-1.7733	-0.0611	-3.8609	-1.7733	-0.0611	-3.8609	-7.8693	PHVS +4.0;SEI +4.0	SEI +1.1;PHVS +1.0
rerun_grid	ALL	adr_050	2R|hv21_50_noreclaim2	A	593	234	0	0	0	0	0	0	-1.0000	-1.0000	-1.0000	-0.7624	-0.7874	-18.0996	-0.0305	-29.0996	-20.9650	-0.0354	-29.5396	-17.8122	-0.0300	-26.3869	-12.4314	-0.0210	-17.0355	-12.1484	-0.0205	-16.9359	-42.0009	FIG +6.0;CLF +5.0	INFQ +2.4;RXT +2.2
rerun_grid	ALL	adr_050	2R|hv21_50_noreclaim2	A_disc	573	227	0	0	0	0	0	0	-1.0000	-1.0000	-1.0000	-0.7624	-0.7874	-25.0996	-0.0438	-36.0996	-24.7204	-0.0431	-33.2951	-21.7215	-0.0379	-30.2962	-14.3091	-0.0250	-18.9133	-14.0261	-0.0245	-18.8137	-49.0009	FIG +6.0;CLF +5.0	INFQ +2.4;RXT +2.2
rerun_grid	ALL	adr_050	2R|hv21_50_noreclaim2	B	29	14	0	0	0	0	0	0	-1.0000	-1.0000	-1.0000	-0.5058	-0.5058	-8.0000	-0.2759	-16.0000	-4.1522	-0.1432	-8.3273	-4.1365	-0.1426	-8.1660	-2.0819	-0.0718	-4.1694	-2.0819	-0.0718	-4.1694	-11.0043	PHVS +4.0;SEI +4.0	SEI +1.1;PHVS +1.0
rerun_grid	ALL	adr_050	3R|none	A	593	234	137	411.0000	249.7874	240.1464	127.4711	128.0773	-1.0000	-1.0000	-1.0000	-0.7624	-0.7874	-30.5705	-0.0516	-47.5705	-32.2400	-0.0544	-45.8004	-28.6186	-0.0483	-41.9674	-18.1957	-0.0307	-25.7038	-17.8715	-0.0301	-25.6546	-58.4939	FIG +9.0;CLF +8.0	INFQ +3.8;RXT +3.7
rerun_grid	ALL	adr_050	3R|none	A_disc	573	227	130	390.0000	238.9893	229.3484	122.0720	122.6782	-1.0000	-1.0000	-1.0000	-0.7624	-0.7874	-38.5705	-0.0673	-55.5705	-35.5323	-0.0620	-49.0927	-32.0647	-0.0560	-45.4135	-19.8419	-0.0346	-27.3500	-19.5176	-0.0341	-27.3008	-66.4939	FIG +9.0;CLF +8.0	INFQ +3.8;RXT +3.7
rerun_grid	ALL	adr_050	3R|none	B	29	14	4	12.0000	5.4579	5.2395	2.7289	2.7289	-1.0000	-1.0000	-1.0000	-0.5058	-0.5058	-13.0000	-0.4483	-21.0000	-6.5797	-0.2269	-10.5885	-6.6368	-0.2289	-10.4272	-3.2956	-0.1136	-5.3000	-3.2956	-0.1136	-5.3000	-16.6930	PHVS +6.0;QCOM +2.0	PHVS +1.4;SEI +0.6
rerun_grid	ALL	adr_050	3R|trail_sma10	A	593	234	115	345.0000	204.6981	200.2061	103.9699	103.9847	-1.0000	-1.0000	-1.0000	-0.7500	-0.7874	-17.3250	-0.0292	-31.3250	-23.7099	-0.0400	-34.9831	-19.8947	-0.0335	-30.9563	-13.7331	-0.0232	-19.3697	-13.8083	-0.0233	-19.4449	-40.3778	QBTS +8.0;ABVX +6.0	QBTS +3.1;ALAB +2.6
rerun_grid	ALL	adr_050	3R|trail_sma10	A_disc	573	227	108	324.0000	193.9001	189.4080	98.5709	98.5857	-1.0000	-1.0000	-1.0000	-0.7500	-0.7874	-28.1962	-0.0492	-42.1962	-28.6167	-0.0499	-39.8899	-24.9553	-0.0436	-36.0168	-16.1865	-0.0282	-21.8231	-16.2616	-0.0284	-21.8982	-51.2490	QBTS +8.0;ABVX +6.0	QBTS +3.1;ALAB +2.6
rerun_grid	ALL	adr_050	3R|trail_sma10	B	29	14	4	12.0000	5.4579	5.2395	2.7289	2.7289	-1.0000	-1.0000	-1.0000	-0.5058	-0.5058	-10.4572	-0.3606	-18.4572	-5.1779	-0.1785	-9.1866	-5.3025	-0.1828	-9.0929	-2.5947	-0.0895	-4.5991	-2.5947	-0.0895	-4.5991	-12.8873	PHVS +6.0;QCOM +2.0	PHVS +1.4;SEI +0.6
rerun_grid	ALL	adr_050	3R|trail_sma20	A	593	234	118	354.0000	213.2055	208.7135	108.7244	108.7393	-1.0000	-1.0000	-1.0000	-0.7563	-0.7874	-6.7351	-0.0114	-24.4883	-11.6104	-0.0196	-24.1187	-8.8719	-0.0150	-20.9963	-7.7221	-0.0130	-13.9762	-7.8421	-0.0132	-14.0963	-28.1717	FIG +9.0;QBTS +8.8	QBTS +3.3;FIG +2.9
rerun_grid	ALL	adr_050	3R|trail_sma20	A_disc	573	227	111	333.0000	202.4074	197.9154	103.3254	103.3402	-1.0000	-1.0000	-1.0000	-0.7563	-0.7874	-16.4682	-0.0287	-34.2214	-15.7833	-0.0275	-28.2916	-13.1986	-0.0230	-25.3230	-9.8085	-0.0171	-16.0627	-9.9286	-0.0173	-16.1828	-37.9048	FIG +9.0;QBTS +8.8	QBTS +3.3;FIG +2.9
rerun_grid	ALL	adr_050	3R|trail_sma20	B	29	14	4	12.0000	5.4579	5.2395	2.7289	2.7289	-1.0000	-1.0000	-1.0000	-0.5058	-0.5058	-10.4572	-0.3606	-18.4572	-5.1779	-0.1785	-9.1866	-5.3025	-0.1828	-9.0929	-2.5947	-0.0895	-4.5991	-2.5947	-0.0895	-4.5991	-12.8873	PHVS +6.0;QCOM +2.0	PHVS +1.4;SEI +0.6
rerun_grid	ALL	adr_050	3R|trail_max10_20	A	593	234	113	339.0000	202.0321	197.5401	102.6369	102.6517	-1.0000	-1.0000	-1.0000	-0.7500	-0.7874	3.5283	0.0059	-11.2249	-7.8287	-0.0132	-19.6508	-5.2476	-0.0088	-16.6858	-5.6392	-0.0095	-11.5502	-5.7143	-0.0096	-11.6254	-17.6807	QBTS +8.8;ABVX +6.0	QBTS +3.3;ALAB +2.6
rerun_grid	ALL	adr_050	3R|trail_max10_20	A_disc	573	227	106	318.0000	191.2340	186.7420	97.2378	97.2527	-1.0000	-1.0000	-1.0000	-0.7500	-0.7874	-7.3429	-0.0128	-22.0961	-12.7354	-0.0222	-24.5575	-10.3081	-0.0180	-21.7463	-8.0925	-0.0141	-14.0036	-8.1677	-0.0143	-14.0787	-28.5519	QBTS +8.8;ABVX +6.0	QBTS +3.3;ALAB +2.6
rerun_grid	ALL	adr_050	3R|trail_max10_20	B	29	14	4	12.0000	5.4579	5.2395	2.7289	2.7289	-1.0000	-1.0000	-1.0000	-0.5058	-0.5058	-10.4572	-0.3606	-18.4572	-5.1779	-0.1785	-9.1866	-5.3025	-0.1828	-9.0929	-2.5947	-0.0895	-4.5991	-2.5947	-0.0895	-4.5991	-12.8873	PHVS +6.0;QCOM +2.0	PHVS +1.4;SEI +0.6
rerun_grid	ALL	adr_050	3R|time_s3	A	593	234	112	336.0000	202.7823	196.1664	102.6809	103.0268	-1.0000	-1.0000	-1.0000	-0.7563	-0.7874	-33.2739	-0.0561	-50.2739	-35.2305	-0.0594	-47.1899	-31.1115	-0.0525	-42.8593	-20.2965	-0.0342	-26.2762	-20.1478	-0.0340	-26.1275	-58.5864	FIG +9.0;CLF +8.0	QBTS +3.1;FIG +2.9
rerun_grid	ALL	adr_050	3R|time_s3	A_disc	573	227	105	315.0000	191.9843	185.3683	97.2818	97.6278	-1.0000	-1.0000	-1.0000	-0.7563	-0.7874	-50.0576	-0.0874	-67.0576	-43.9543	-0.0767	-55.9137	-39.9891	-0.0698	-51.7368	-24.6584	-0.0430	-30.6381	-24.5096	-0.0428	-30.4894	-75.3701	FIG +9.0;CLF +8.0	QBTS +3.1;FIG +2.9
rerun_grid	ALL	adr_050	3R|time_s3	B	29	14	4	12.0000	5.4579	5.2395	2.7289	2.7289	-1.0000	-1.0000	-1.0000	-0.5058	-0.5058	-10.6457	-0.3671	-18.6457	-5.7953	-0.1998	-9.8040	-5.8524	-0.2018	-9.6427	-2.9034	-0.1001	-4.9078	-2.9034	-0.1001	-4.9078	-13.9391	PHVS +6.0;QCOM +2.0	PHVS +1.4;SEI +0.6
rerun_grid	ALL	adr_050	3R|time_s5	A	593	234	126	378.0000	228.1485	220.6232	115.8648	116.2108	-1.0000	-1.0000	-1.0000	-0.7624	-0.7874	-33.2644	-0.0561	-50.2644	-34.7967	-0.0587	-46.7561	-30.0581	-0.0507	-41.8059	-19.9298	-0.0336	-25.9095	-19.7923	-0.0334	-25.7720	-61.1878	FIG +9.0;CLF +8.0	QBTS +3.1;FIG +2.9
rerun_grid	ALL	adr_050	3R|time_s5	A_disc	573	227	119	357.0000	217.3504	209.8251	110.4658	110.8117	-1.0000	-1.0000	-1.0000	-0.7624	-0.7874	-44.7841	-0.0782	-61.7841	-40.6705	-0.0710	-52.6299	-36.0856	-0.0630	-47.8334	-22.8667	-0.0399	-28.8464	-22.7292	-0.0397	-28.7089	-72.7075	FIG +9.0;CLF +8.0	QBTS +3.1;FIG +2.9
rerun_grid	ALL	adr_050	3R|time_s5	B	29	14	4	12.0000	5.4579	5.2395	2.7289	2.7289	-1.0000	-1.0000	-1.0000	-0.5058	-0.5058	-13.0000	-0.4483	-21.0000	-6.5797	-0.2269	-10.5885	-6.6368	-0.2289	-10.4272	-3.2956	-0.1136	-5.3000	-3.2956	-0.1136	-5.3000	-16.6930	PHVS +6.0;QCOM +2.0	PHVS +1.4;SEI +0.6
rerun_grid	ALL	adr_050	3R|time_s10	A	593	234	137	411.0000	249.7874	240.1464	127.4711	128.0773	-1.0000	-1.0000	-1.0000	-0.7624	-0.7874	-30.5705	-0.0516	-47.5705	-32.2400	-0.0544	-45.8004	-28.6186	-0.0483	-41.9674	-18.1957	-0.0307	-25.7038	-17.8715	-0.0301	-25.6546	-58.4939	FIG +9.0;CLF +8.0	INFQ +3.8;RXT +3.7
rerun_grid	ALL	adr_050	3R|time_s10	A_disc	573	227	130	390.0000	238.9893	229.3484	122.0720	122.6782	-1.0000	-1.0000	-1.0000	-0.7624	-0.7874	-38.5705	-0.0673	-55.5705	-35.5323	-0.0620	-49.0927	-32.0647	-0.0560	-45.4135	-19.8419	-0.0346	-27.3500	-19.5176	-0.0341	-27.3008	-66.4939	FIG +9.0;CLF +8.0	INFQ +3.8;RXT +3.7
rerun_grid	ALL	adr_050	3R|time_s10	B	29	14	4	12.0000	5.4579	5.2395	2.7289	2.7289	-1.0000	-1.0000	-1.0000	-0.5058	-0.5058	-13.0000	-0.4483	-21.0000	-6.5797	-0.2269	-10.5885	-6.6368	-0.2289	-10.4272	-3.2956	-0.1136	-5.3000	-3.2956	-0.1136	-5.3000	-16.6930	PHVS +6.0;QCOM +2.0	PHVS +1.4;SEI +0.6
rerun_grid	ALL	adr_050	3R|sma21_2x	A	593	234	130	390.0000	236.4363	227.3016	120.7587	121.3649	-1.0000	-1.0000	-1.0000	-0.7563	-0.7874	-14.2032	-0.0240	-31.2032	-19.3322	-0.0326	-31.2916	-18.0930	-0.0305	-29.8407	-11.2956	-0.0190	-18.0919	-10.9714	-0.0185	-18.0427	-41.8501	FIG +9.0;CLF +8.0	RXT +3.7;QBTS +3.1
rerun_grid	ALL	adr_050	3R|sma21_2x	A_disc	573	227	123	369.0000	225.6383	216.5035	115.3597	115.9659	-1.0000	-1.0000	-1.0000	-0.7563	-0.7874	-22.2032	-0.0387	-39.2032	-22.6245	-0.0395	-34.5839	-21.5390	-0.0376	-33.2868	-12.9418	-0.0226	-19.7381	-12.6175	-0.0220	-19.6889	-49.8501	FIG +9.0;CLF +8.0	RXT +3.7;QBTS +3.1
rerun_grid	ALL	adr_050	3R|sma21_2x	B	29	14	4	12.0000	5.4579	5.2395	2.7289	2.7289	-1.0000	-1.0000	-1.0000	-0.5058	-0.5058	-8.5198	-0.2938	-16.5198	-4.1064	-0.1416	-8.1152	-4.3235	-0.1491	-8.1138	-2.0590	-0.0710	-4.0634	-2.0590	-0.0710	-4.0634	-10.9499	PHVS +6.0;QCOM +2.0	PHVS +1.4;SEI +0.6
rerun_grid	ALL	adr_050	3R|ema23_2x	A	593	234	127	381.0000	229.2806	221.9146	117.1809	117.7870	-1.0000	-1.0000	-1.0000	-0.7563	-0.7874	-16.4576	-0.0278	-33.4576	-20.6263	-0.0348	-32.5857	-18.6948	-0.0315	-30.4426	-11.6721	-0.0197	-18.4684	-11.3479	-0.0191	-18.4192	-44.1045	FIG +9.0;CLF +8.0	RXT +3.7;QBTS +3.1
rerun_grid	ALL	adr_050	3R|ema23_2x	A_disc	573	227	120	360.0000	218.4825	211.1165	111.7818	112.3880	-1.0000	-1.0000	-1.0000	-0.7563	-0.7874	-28.4480	-0.0496	-45.4480	-25.9461	-0.0453	-37.9055	-24.1684	-0.0422	-35.9162	-14.3321	-0.0250	-21.1284	-14.0078	-0.0244	-21.0792	-56.0949	FIG +9.0;CLF +8.0	RXT +3.7;QBTS +3.1
rerun_grid	ALL	adr_050	3R|ema23_2x	B	29	14	4	12.0000	5.4579	5.2395	2.7289	2.7289	-1.0000	-1.0000	-1.0000	-0.5058	-0.5058	-8.5198	-0.2938	-16.5198	-4.1064	-0.1416	-8.1152	-4.3235	-0.1491	-8.1138	-2.0590	-0.0710	-4.0634	-2.0590	-0.0710	-4.0634	-10.9499	PHVS +6.0;QCOM +2.0	PHVS +1.4;SEI +0.6
rerun_grid	ALL	adr_050	3R|sma50_1x	A	593	234	105	315.0000	192.2395	188.4671	98.8090	99.0841	-1.0000	-1.0000	-1.0000	-0.7624	-0.7874	-31.4954	-0.0531	-46.4954	-21.8152	-0.0368	-32.8372	-20.6980	-0.0349	-31.7200	-12.3146	-0.0208	-18.9853	-12.1262	-0.0204	-19.0720	-49.6734	FIG +9.0;ABVX +6.0	RXT +3.7;FIG +2.9
rerun_grid	ALL	adr_050	3R|sma50_1x	A_disc	573	227	99	297.0000	183.5415	179.7691	94.4600	94.7351	-1.0000	-1.0000	-1.0000	-0.7624	-0.7874	-38.3631	-0.0670	-53.3631	-23.9822	-0.0419	-35.0043	-23.0189	-0.0402	-34.0409	-13.3982	-0.0234	-20.0689	-13.2097	-0.0231	-20.1555	-56.5411	FIG +9.0;ABVX +6.0	RXT +3.7;FIG +2.9
rerun_grid	ALL	adr_050	3R|sma50_1x	B	29	14	4	12.0000	5.4579	5.2395	2.7289	2.7289	-1.0000	-1.0000	-1.0000	-0.5058	-0.5058	-8.1279	-0.2803	-16.1279	-4.4058	-0.1519	-8.4146	-4.5305	-0.1562	-8.3209	-2.2087	-0.0762	-4.2131	-2.2087	-0.0762	-4.2131	-10.5580	PHVS +6.0;QCOM +2.0	PHVS +1.4;SEI +0.6
rerun_grid	ALL	adr_050	3R|ema65_1x	A	593	234	105	315.0000	191.4135	187.6411	98.3960	98.6711	-1.0000	-1.0000	-1.0000	-0.7624	-0.7874	-49.5303	-0.0835	-61.5303	-36.6362	-0.0618	-46.8042	-32.3808	-0.0546	-42.4824	-20.2110	-0.0341	-26.5386	-20.0544	-0.0338	-26.6571	-68.7338	ABVX +6.0;AGYS +6.0	RXT +3.7;ALAB +2.6
rerun_grid	ALL	adr_050	3R|ema65_1x	A_disc	573	227	98	294.0000	180.6154	176.8431	92.9970	93.2721	-1.0000	-1.0000	-1.0000	-0.7624	-0.7874	-60.4015	-0.1054	-72.4015	-41.5430	-0.0725	-51.7109	-37.4413	-0.0653	-47.5430	-22.6644	-0.0396	-28.9920	-22.5078	-0.0393	-29.1105	-79.6050	ABVX +6.0;AGYS +6.0	RXT +3.7;ALAB +2.6
rerun_grid	ALL	adr_050	3R|ema65_1x	B	29	14	4	12.0000	5.4579	5.2395	2.7289	2.7289	-1.0000	-1.0000	-1.0000	-0.5058	-0.5058	-8.1279	-0.2803	-16.1279	-4.4058	-0.1519	-8.4146	-4.5305	-0.1562	-8.3209	-2.2087	-0.0762	-4.2131	-2.2087	-0.0762	-4.2131	-10.5580	PHVS +6.0;QCOM +2.0	PHVS +1.4;SEI +0.6
rerun_grid	ALL	adr_050	3R|hv21_50_noreclaim2	A	593	234	137	411.0000	249.7874	240.1464	127.4711	128.0773	-1.0000	-1.0000	-1.0000	-0.7624	-0.7874	-30.5705	-0.0516	-47.5705	-32.2400	-0.0544	-45.8004	-28.6186	-0.0483	-41.9674	-18.1957	-0.0307	-25.7038	-17.8715	-0.0301	-25.6546	-58.4939	FIG +9.0;CLF +8.0	INFQ +3.8;RXT +3.7
rerun_grid	ALL	adr_050	3R|hv21_50_noreclaim2	A_disc	573	227	130	390.0000	238.9893	229.3484	122.0720	122.6782	-1.0000	-1.0000	-1.0000	-0.7624	-0.7874	-38.5705	-0.0673	-55.5705	-35.5323	-0.0620	-49.0927	-32.0647	-0.0560	-45.4135	-19.8419	-0.0346	-27.3500	-19.5176	-0.0341	-27.3008	-66.4939	FIG +9.0;CLF +8.0	INFQ +3.8;RXT +3.7
rerun_grid	ALL	adr_050	3R|hv21_50_noreclaim2	B	29	14	4	12.0000	5.4579	5.2395	2.7289	2.7289	-1.0000	-1.0000	-1.0000	-0.5058	-0.5058	-13.0000	-0.4483	-21.0000	-6.5797	-0.2269	-10.5885	-6.6368	-0.2289	-10.4272	-3.2956	-0.1136	-5.3000	-3.2956	-0.1136	-5.3000	-16.6930	PHVS +6.0;QCOM +2.0	PHVS +1.4;SEI +0.6
rerun_grid	ALL	adr_050	1ADR|none	A	593	234	0	0	0	0	0	0	-1.0000	-1.0000	-1.0000	-0.7624	-0.7874	-18.0996	-0.0305	-29.0996	-20.9650	-0.0354	-29.5396	-17.8122	-0.0300	-26.3869	-12.4314	-0.0210	-17.0355	-12.1484	-0.0205	-16.9359	-42.0009	FIG +6.0;CLF +5.0	INFQ +2.4;RXT +2.2
rerun_grid	ALL	adr_050	1ADR|none	A_disc	573	227	0	0	0	0	0	0	-1.0000	-1.0000	-1.0000	-0.7624	-0.7874	-25.0996	-0.0438	-36.0996	-24.7204	-0.0431	-33.2951	-21.7215	-0.0379	-30.2962	-14.3091	-0.0250	-18.9133	-14.0261	-0.0245	-18.8137	-49.0009	FIG +6.0;CLF +5.0	INFQ +2.4;RXT +2.2
rerun_grid	ALL	adr_050	1ADR|none	B	29	14	0	0	0	0	0	0	-1.0000	-1.0000	-1.0000	-0.5058	-0.5058	-8.0000	-0.2759	-16.0000	-4.1522	-0.1432	-8.3273	-4.1365	-0.1426	-8.1660	-2.0819	-0.0718	-4.1694	-2.0819	-0.0718	-4.1694	-11.0043	PHVS +4.0;SEI +4.0	SEI +1.1;PHVS +1.0
rerun_grid	ALL	adr_050	1ADR|trail_sma10	A	593	234	0	0	0	0	0	0	-1.0000	-1.0000	-1.0000	-0.7500	-0.7874	-12.1711	-0.0205	-21.3290	-16.4376	-0.0277	-23.7102	-14.1222	-0.0238	-21.3299	-9.9242	-0.0167	-13.5604	-9.7862	-0.0165	-13.4225	-31.2018	QBTS +5.0;GLOB +4.2	QBTS +1.9;ALAB +1.7
rerun_grid	ALL	adr_050	1ADR|trail_sma10	A_disc	573	227	0	0	0	0	0	0	-1.0000	-1.0000	-1.0000	-0.7500	-0.7874	-22.0423	-0.0385	-31.2002	-21.8075	-0.0381	-29.0801	-19.6459	-0.0343	-26.8536	-12.6091	-0.0220	-16.2454	-12.4712	-0.0218	-16.1075	-41.0730	QBTS +5.0;GLOB +4.2	QBTS +1.9;ALAB +1.7
rerun_grid	ALL	adr_050	1ADR|trail_sma10	B	29	14	0	0	0	0	0	0	-1.0000	-1.0000	-1.0000	-0.5058	-0.5058	-8.4572	-0.2916	-16.4572	-4.3072	-0.1485	-8.4822	-4.3590	-0.1503	-8.3885	-2.1594	-0.0745	-4.2469	-2.1594	-0.0745	-4.2469	-10.1986	PHVS +4.0;SEI +4.0	SEI +1.1;PHVS +1.0
rerun_grid	ALL	adr_050	1ADR|trail_sma20	A	593	234	0	0	0	0	0	0	-1.0000	-1.0000	-1.0000	-0.7563	-0.7874	-5.6536	-0.0095	-17.4068	-9.7957	-0.0165	-18.0746	-8.5570	-0.0144	-16.5988	-6.6227	-0.0112	-10.7621	-6.5297	-0.0110	-10.6691	-23.0681	FIG +6.0;QBTS +5.8	QBTS +2.2;FIG +2.0
rerun_grid	ALL	adr_050	1ADR|trail_sma20	A_disc	573	227	0	0	0	0	0	0	-1.0000	-1.0000	-1.0000	-0.7563	-0.7874	-14.3867	-0.0251	-26.1399	-14.4318	-0.0252	-22.7107	-13.3469	-0.0233	-21.3887	-8.9407	-0.0156	-13.0802	-8.8477	-0.0154	-12.9872	-31.8012	FIG +6.0;QBTS +5.8	QBTS +2.2;FIG +2.0
rerun_grid	ALL	adr_050	1ADR|trail_sma20	B	29	14	0	0	0	0	0	0	-1.0000	-1.0000	-1.0000	-0.5058	-0.5058	-8.4572	-0.2916	-16.4572	-4.3072	-0.1485	-8.4822	-4.3590	-0.1503	-8.3885	-2.1594	-0.0745	-4.2469	-2.1594	-0.0745	-4.2469	-10.1986	PHVS +4.0;SEI +4.0	SEI +1.1;PHVS +1.0
rerun_grid	ALL	adr_050	1ADR|trail_max10_20	A	593	234	0	0	0	0	0	0	-1.0000	-1.0000	-1.0000	-0.7500	-0.7874	-2.1762	-0.0037	-11.9294	-8.8382	-0.0149	-16.6597	-7.7569	-0.0131	-15.3412	-5.9712	-0.0101	-9.8819	-5.8332	-0.0098	-9.7439	-19.3631	QBTS +5.8;ABVX +4.0	QBTS +2.2;ALAB +1.7
rerun_grid	ALL	adr_050	1ADR|trail_max10_20	A_disc	573	227	0	0	0	0	0	0	-1.0000	-1.0000	-1.0000	-0.7500	-0.7874	-12.0474	-0.0210	-21.8006	-14.2081	-0.0248	-22.0296	-13.2806	-0.0232	-20.8650	-8.6561	-0.0151	-12.5668	-8.5182	-0.0149	-12.4289	-29.2343	QBTS +5.8;ABVX +4.0	QBTS +2.2;ALAB +1.7
rerun_grid	ALL	adr_050	1ADR|trail_max10_20	B	29	14	0	0	0	0	0	0	-1.0000	-1.0000	-1.0000	-0.5058	-0.5058	-8.4572	-0.2916	-16.4572	-4.3072	-0.1485	-8.4822	-4.3590	-0.1503	-8.3885	-2.1594	-0.0745	-4.2469	-2.1594	-0.0745	-4.2469	-10.1986	PHVS +4.0;SEI +4.0	SEI +1.1;PHVS +1.0
rerun_grid	ALL	adr_050	1ADR|time_s3	A	593	234	0	0	0	0	0	0	-1.0000	-1.0000	-1.0000	-0.7563	-0.7874	-28.9692	-0.0489	-39.9692	-27.7861	-0.0469	-35.5161	-24.7220	-0.0417	-32.3872	-16.1108	-0.0272	-19.9758	-15.9166	-0.0268	-19.7816	-50.2596	FIG +6.0;CLF +5.0	FIG +2.0;QBTS +1.9
rerun_grid	ALL	adr_050	1ADR|time_s3	A_disc	573	227	0	0	0	0	0	0	-1.0000	-1.0000	-1.0000	-0.7563	-0.7874	-39.3495	-0.0687	-50.3495	-33.2592	-0.0580	-40.9892	-30.3489	-0.0530	-38.0140	-18.8473	-0.0329	-22.7123	-18.6531	-0.0326	-22.5182	-60.6399	FIG +6.0;CLF +5.0	FIG +2.0;QBTS +1.9
rerun_grid	ALL	adr_050	1ADR|time_s3	B	29	14	0	0	0	0	0	0	-1.0000	-1.0000	-1.0000	-0.5058	-0.5058	-8.0000	-0.2759	-16.0000	-4.1522	-0.1432	-8.3273	-4.1365	-0.1426	-8.1660	-2.0819	-0.0718	-4.1694	-2.0819	-0.0718	-4.1694	-11.0043	PHVS +4.0;SEI +4.0	SEI +1.1;PHVS +1.0
rerun_grid	ALL	adr_050	1ADR|time_s5	A	593	234	0	0	0	0	0	0	-1.0000	-1.0000	-1.0000	-0.7624	-0.7874	-23.4150	-0.0395	-34.4150	-23.6006	-0.0398	-32.1753	-20.6460	-0.0348	-29.2206	-14.0375	-0.0237	-18.3494	-13.8546	-0.0234	-18.1665	-47.3163	FIG +6.0;CLF +5.0	INFQ +2.4;FIG +2.0
rerun_grid	ALL	adr_050	1ADR|time_s5	A_disc	573	227	0	0	0	0	0	0	-1.0000	-1.0000	-1.0000	-0.7624	-0.7874	-30.4150	-0.0531	-41.4150	-27.3561	-0.0477	-35.9308	-24.5552	-0.0429	-33.1299	-15.9153	-0.0278	-20.2272	-15.7324	-0.0275	-20.0443	-54.3163	FIG +6.0;CLF +5.0	INFQ +2.4;FIG +2.0
rerun_grid	ALL	adr_050	1ADR|time_s5	B	29	14	0	0	0	0	0	0	-1.0000	-1.0000	-1.0000	-0.5058	-0.5058	-8.0000	-0.2759	-16.0000	-4.1522	-0.1432	-8.3273	-4.1365	-0.1426	-8.1660	-2.0819	-0.0718	-4.1694	-2.0819	-0.0718	-4.1694	-11.0043	PHVS +4.0;SEI +4.0	SEI +1.1;PHVS +1.0
rerun_grid	ALL	adr_050	1ADR|time_s10	A	593	234	0	0	0	0	0	0	-1.0000	-1.0000	-1.0000	-0.7624	-0.7874	-18.0996	-0.0305	-29.0996	-20.9650	-0.0354	-29.5396	-17.8122	-0.0300	-26.3869	-12.4314	-0.0210	-17.0355	-12.1484	-0.0205	-16.9359	-42.0009	FIG +6.0;CLF +5.0	INFQ +2.4;RXT +2.2
rerun_grid	ALL	adr_050	1ADR|time_s10	A_disc	573	227	0	0	0	0	0	0	-1.0000	-1.0000	-1.0000	-0.7624	-0.7874	-25.0996	-0.0438	-36.0996	-24.7204	-0.0431	-33.2951	-21.7215	-0.0379	-30.2962	-14.3091	-0.0250	-18.9133	-14.0261	-0.0245	-18.8137	-49.0009	FIG +6.0;CLF +5.0	INFQ +2.4;RXT +2.2
rerun_grid	ALL	adr_050	1ADR|time_s10	B	29	14	0	0	0	0	0	0	-1.0000	-1.0000	-1.0000	-0.5058	-0.5058	-8.0000	-0.2759	-16.0000	-4.1522	-0.1432	-8.3273	-4.1365	-0.1426	-8.1660	-2.0819	-0.0718	-4.1694	-2.0819	-0.0718	-4.1694	-11.0043	PHVS +4.0;SEI +4.0	SEI +1.1;PHVS +1.0
rerun_grid	ALL	adr_050	1ADR|sma21_2x	A	593	234	0	0	0	0	0	0	-1.0000	-1.0000	-1.0000	-0.7563	-0.7874	-15.3357	-0.0259	-26.3357	-18.3356	-0.0309	-26.0656	-17.2224	-0.0290	-24.8875	-10.6582	-0.0180	-14.8532	-10.3752	-0.0175	-14.7536	-38.9605	FIG +6.0;CLF +5.0	RXT +2.2;FIG +2.0
rerun_grid	ALL	adr_050	1ADR|sma21_2x	A_disc	573	227	0	0	0	0	0	0	-1.0000	-1.0000	-1.0000	-0.7563	-0.7874	-22.3357	-0.0390	-33.3357	-22.0910	-0.0386	-29.8211	-21.1316	-0.0369	-28.7968	-12.5359	-0.0219	-16.7309	-12.2529	-0.0214	-16.6313	-45.9605	FIG +6.0;CLF +5.0	RXT +2.2;FIG +2.0
rerun_grid	ALL	adr_050	1ADR|sma21_2x	B	29	14	0	0	0	0	0	0	-1.0000	-1.0000	-1.0000	-0.5058	-0.5058	-6.1600	-0.2124	-14.1600	-3.0490	-0.1051	-7.2241	-3.1932	-0.1101	-7.2227	-1.5303	-0.0528	-3.6178	-1.5303	-0.0528	-3.6178	-7.9014	PHVS +4.0;SEI +4.0	SEI +1.1;PHVS +1.0
rerun_grid	ALL	adr_050	1ADR|ema23_2x	A	593	234	0	0	0	0	0	0	-1.0000	-1.0000	-1.0000	-0.7563	-0.7874	-8.9337	-0.0151	-19.9337	-13.7883	-0.0233	-21.5184	-12.6751	-0.0214	-20.3403	-8.2066	-0.0138	-12.4017	-7.9237	-0.0134	-12.3021	-32.5585	FIG +6.0;CLF +5.0	RXT +2.2;FIG +2.0
rerun_grid	ALL	adr_050	1ADR|ema23_2x	A_disc	573	227	0	0	0	0	0	0	-1.0000	-1.0000	-1.0000	-0.7563	-0.7874	-19.9241	-0.0348	-30.9241	-19.5714	-0.0342	-27.3014	-18.6120	-0.0325	-26.2772	-11.0982	-0.0194	-15.2932	-10.8152	-0.0189	-15.1936	-43.5489	FIG +6.0;CLF +5.0	RXT +2.2;FIG +2.0
rerun_grid	ALL	adr_050	1ADR|ema23_2x	B	29	14	0	0	0	0	0	0	-1.0000	-1.0000	-1.0000	-0.5058	-0.5058	-6.1600	-0.2124	-14.1600	-3.0490	-0.1051	-7.2241	-3.1932	-0.1101	-7.2227	-1.5303	-0.0528	-3.6178	-1.5303	-0.0528	-3.6178	-7.9014	PHVS +4.0;SEI +4.0	SEI +1.1;PHVS +1.0
rerun_grid	ALL	adr_050	1ADR|sma50_1x	A	593	234	0	0	0	0	0	0	-1.0000	-1.0000	-1.0000	-0.7624	-0.7874	-12.1333	-0.0205	-23.1333	-11.3435	-0.0191	-18.6915	-10.7132	-0.0181	-18.0613	-7.3146	-0.0123	-11.5096	-6.9998	-0.0118	-11.3782	-26.2892	FIG +6.0;LIND +5.0	RXT +2.2;FIG +2.0
rerun_grid	ALL	adr_050	1ADR|sma50_1x	A_disc	573	227	0	0	0	0	0	0	-1.0000	-1.0000	-1.0000	-0.7624	-0.7874	-19.0010	-0.0332	-30.0010	-14.6738	-0.0256	-22.2032	-14.1973	-0.0248	-21.7268	-8.9797	-0.0157	-13.1747	-8.6649	-0.0151	-13.0433	-33.1569	FIG +6.0;LIND +5.0	RXT +2.2;FIG +2.0
rerun_grid	ALL	adr_050	1ADR|sma50_1x	B	29	14	0	0	0	0	0	0	-1.0000	-1.0000	-1.0000	-0.5058	-0.5058	-6.1279	-0.2113	-14.1279	-3.5351	-0.1219	-7.7102	-3.5870	-0.1237	-7.6165	-1.7733	-0.0611	-3.8609	-1.7733	-0.0611	-3.8609	-7.8693	PHVS +4.0;SEI +4.0	SEI +1.1;PHVS +1.0
rerun_grid	ALL	adr_050	1ADR|ema65_1x	A	593	234	0	0	0	0	0	0	-1.0000	-1.0000	-1.0000	-0.7624	-0.7874	-27.1438	-0.0458	-37.1438	-21.1359	-0.0356	-28.2689	-18.9249	-0.0319	-26.0579	-12.4286	-0.0210	-16.5161	-12.1456	-0.0205	-16.4165	-42.3252	LIND +5.0;MRVL +5.0	RXT +2.2;MRVL +1.8
rerun_grid	ALL	adr_050	1ADR|ema65_1x	A_disc	573	227	0	0	0	0	0	0	-1.0000	-1.0000	-1.0000	-0.7624	-0.7874	-37.0150	-0.0646	-47.0150	-26.5058	-0.0463	-33.5778	-24.4486	-0.0427	-31.5206	-15.1135	-0.0264	-19.1706	-14.8306	-0.0259	-19.0710	-52.1964	LIND +5.0;MRVL +5.0	RXT +2.2;MRVL +1.8
rerun_grid	ALL	adr_050	1ADR|ema65_1x	B	29	14	0	0	0	0	0	0	-1.0000	-1.0000	-1.0000	-0.5058	-0.5058	-6.1279	-0.2113	-14.1279	-3.5351	-0.1219	-7.7102	-3.5870	-0.1237	-7.6165	-1.7733	-0.0611	-3.8609	-1.7733	-0.0611	-3.8609	-7.8693	PHVS +4.0;SEI +4.0	SEI +1.1;PHVS +1.0
rerun_grid	ALL	adr_050	1ADR|hv21_50_noreclaim2	A	593	234	0	0	0	0	0	0	-1.0000	-1.0000	-1.0000	-0.7624	-0.7874	-18.0996	-0.0305	-29.0996	-20.9650	-0.0354	-29.5396	-17.8122	-0.0300	-26.3869	-12.4314	-0.0210	-17.0355	-12.1484	-0.0205	-16.9359	-42.0009	FIG +6.0;CLF +5.0	INFQ +2.4;RXT +2.2
rerun_grid	ALL	adr_050	1ADR|hv21_50_noreclaim2	A_disc	573	227	0	0	0	0	0	0	-1.0000	-1.0000	-1.0000	-0.7624	-0.7874	-25.0996	-0.0438	-36.0996	-24.7204	-0.0431	-33.2951	-21.7215	-0.0379	-30.2962	-14.3091	-0.0250	-18.9133	-14.0261	-0.0245	-18.8137	-49.0009	FIG +6.0;CLF +5.0	INFQ +2.4;RXT +2.2
rerun_grid	ALL	adr_050	1ADR|hv21_50_noreclaim2	B	29	14	0	0	0	0	0	0	-1.0000	-1.0000	-1.0000	-0.5058	-0.5058	-8.0000	-0.2759	-16.0000	-4.1522	-0.1432	-8.3273	-4.1365	-0.1426	-8.1660	-2.0819	-0.0718	-4.1694	-2.0819	-0.0718	-4.1694	-11.0043	PHVS +4.0;SEI +4.0	SEI +1.1;PHVS +1.0
rerun_grid	ALL	adr_050	2ADR|none	A	593	234	105	420.0000	251.3517	244.3397	127.5539	127.5539	-1.0000	-1.0000	-1.0000	-0.7624	-0.8367	-43.2927	-0.0730	-62.2927	-46.5096	-0.0784	-59.9785	-38.7987	-0.0654	-52.2676	-26.4196	-0.0446	-33.1540	-26.9035	-0.0454	-33.6380	-78.7772	CLF +11.0;ABVX +8.0	ALAB +3.4;VOYG +3.3
rerun_grid	ALL	adr_050	2ADR|none	A_disc	573	227	101	404.0000	244.0245	237.0125	123.8903	123.8903	-1.0000	-1.0000	-1.0000	-0.7624	-0.8367	-43.2927	-0.0756	-62.2927	-44.5635	-0.0778	-58.0323	-37.0064	-0.0646	-50.4752	-25.4465	-0.0444	-32.1809	-25.9305	-0.0453	-32.6649	-78.3748	CLF +11.0;ABVX +8.0	ALAB +3.4;VOYG +3.3
rerun_grid	ALL	adr_050	2ADR|none	B	29	14	1	4.0000	1.1809	1.1809	0.5904	0.5904	-1.0000	-1.0000	-1.0000	-0.5058	-0.5058	-24.0000	-0.8276	-26.0000	-12.3808	-0.4269	-12.8001	-12.1467	-0.4189	-12.5660	-6.1962	-0.2137	-6.4058	-6.1962	-0.2137	-6.4058	-27.6930	QCOM +3.0;ALAB -1.0	QCOM +0.4;ERO -0.2
rerun_grid	ALL	adr_050	2ADR|trail_sma10	A	593	234	86	344.0000	201.7237	198.6938	102.0229	102.0229	-1.0000	-1.0000	-1.0000	-0.7500	-0.7874	-33.6848	-0.0568	-49.6848	-37.4558	-0.0632	-50.9247	-31.5442	-0.0532	-45.0130	-21.2102	-0.0358	-27.9446	-21.3030	-0.0359	-28.0375	-64.2987	ABVX +8.0;AGYS +8.0	ALAB +3.4;VOYG +3.3
rerun_grid	ALL	adr_050	2ADR|trail_sma10	A_disc	573	227	82	328.0000	194.3964	191.3666	98.3593	98.3593	-1.0000	-1.0000	-1.0000	-0.7500	-0.7874	-37.0888	-0.0647	-53.0888	-37.4611	-0.0654	-50.9299	-31.7032	-0.0553	-45.1721	-21.2128	-0.0370	-27.9472	-21.3057	-0.0372	-28.0401	-67.3003	ABVX +8.0;AGYS +8.0	ALAB +3.4;VOYG +3.3
rerun_grid	ALL	adr_050	2ADR|trail_sma10	B	29	14	1	4.0000	1.1809	1.1809	0.5904	0.5904	-1.0000	-1.0000	-1.0000	-0.5058	-0.5058	-21.4572	-0.7399	-24.0000	-10.9790	-0.3786	-11.5823	-10.8124	-0.3728	-11.4727	-5.4953	-0.1895	-5.7969	-5.4953	-0.1895	-5.7969	-23.8873	QCOM +3.0;ALAB -0.5	QCOM +0.4;ALAB -0.1
rerun_grid	ALL	adr_050	2ADR|trail_sma20	A	593	234	91	364.0000	217.4496	214.4197	110.5537	110.5537	-1.0000	-1.0000	-1.0000	-0.7563	-0.7874	-13.3740	-0.0226	-29.3740	-19.0263	-0.0321	-32.4952	-14.7747	-0.0249	-28.2436	-11.9728	-0.0202	-18.7073	-12.1127	-0.0204	-18.8471	-41.9153	ABVX +8.0;AGYS +8.0	ALAB +3.4;VOYG +3.3
rerun_grid	ALL	adr_050	2ADR|trail_sma20	A_disc	573	227	87	348.0000	210.1224	207.0925	106.8901	106.8901	-1.0000	-1.0000	-1.0000	-0.7563	-0.7874	-15.1071	-0.0264	-31.1071	-17.9608	-0.0313	-31.4297	-13.8630	-0.0242	-27.3319	-11.4401	-0.0200	-18.1745	-11.5800	-0.0202	-18.3144	-43.2460	ABVX +8.0;AGYS +8.0	ALAB +3.4;VOYG +3.3
rerun_grid	ALL	adr_050	2ADR|trail_sma20	B	29	14	1	4.0000	1.1809	1.1809	0.5904	0.5904	-1.0000	-1.0000	-1.0000	-0.5058	-0.5058	-21.4572	-0.7399	-24.0000	-10.9790	-0.3786	-11.5823	-10.8124	-0.3728	-11.4727	-5.4953	-0.1895	-5.7969	-5.4953	-0.1895	-5.7969	-23.8873	QCOM +3.0;ALAB -0.5	QCOM +0.4;ALAB -0.1
rerun_grid	ALL	adr_050	2ADR|trail_max10_20	A	593	234	84	336.0000	198.1689	195.1391	100.2455	100.2455	-1.0000	-1.0000	-1.0000	-0.7500	-0.7874	-12.8235	-0.0216	-28.8235	-20.7703	-0.0350	-34.2392	-16.7817	-0.0283	-30.2506	-12.7141	-0.0214	-19.4485	-12.8070	-0.0216	-19.5414	-41.1372	ABVX +8.0;AGYS +8.0	ALAB +3.4;VOYG +3.3
rerun_grid	ALL	adr_050	2ADR|trail_max10_20	A_disc	573	227	80	320.0000	190.8417	187.8119	96.5819	96.5819	-1.0000	-1.0000	-1.0000	-0.7500	-0.7874	-16.2275	-0.0283	-32.2275	-20.7756	-0.0363	-34.2444	-16.9408	-0.0296	-30.4096	-12.7168	-0.0222	-19.4512	-12.8096	-0.0224	-19.5440	-44.1388	ABVX +8.0;AGYS +8.0	ALAB +3.4;VOYG +3.3
rerun_grid	ALL	adr_050	2ADR|trail_max10_20	B	29	14	1	4.0000	1.1809	1.1809	0.5904	0.5904	-1.0000	-1.0000	-1.0000	-0.5058	-0.5058	-21.4572	-0.7399	-24.0000	-10.9790	-0.3786	-11.5823	-10.8124	-0.3728	-11.4727	-5.4953	-0.1895	-5.7969	-5.4953	-0.1895	-5.7969	-23.8873	QCOM +3.0;ALAB -0.5	QCOM +0.4;ALAB -0.1
rerun_grid	ALL	adr_050	2ADR|time_s3	A	593	234	78	308.1131	181.2556	177.2768	91.7889	91.7889	-1.0000	-1.0000	-1.0000	-0.7563	-0.7874	-47.2990	-0.0798	-66.2990	-46.9083	-0.0791	-58.7022	-39.5002	-0.0666	-51.6033	-25.8448	-0.0436	-31.7418	-26.1463	-0.0441	-32.0433	-80.1726	CLF +11.0;ABVX +8.0	VOYG +3.3;CLF +2.6
rerun_grid	ALL	adr_050	2ADR|time_s3	A_disc	573	227	74	292.1131	173.9284	169.9496	88.1253	88.1253	-1.0000	-1.0000	-1.0000	-0.7563	-0.7874	-61.5449	-0.1074	-80.5449	-54.0277	-0.0943	-65.8217	-46.7734	-0.0816	-58.8765	-29.4045	-0.0513	-35.3015	-29.7060	-0.0518	-35.6030	-94.0161	CLF +11.0;ABVX +8.0	VOYG +3.3;CLF +2.6
rerun_grid	ALL	adr_050	2ADR|time_s3	B	29	14	1	4.0000	1.1809	1.1809	0.5904	0.5904	-1.0000	-1.0000	-1.0000	-0.5058	-0.5058	-17.2874	-0.5961	-22.6457	-9.5232	-0.3284	-11.5340	-9.2891	-0.3203	-11.2999	-4.7674	-0.1644	-5.7727	-4.7674	-0.1644	-5.7727	-20.5808	QCOM +3.0;PHVS +2.4	PHVS +0.6;QCOM +0.4
rerun_grid	ALL	adr_050	2ADR|time_s5	A	593	234	89	355.2124	208.5267	204.5479	105.4244	105.4244	-1.0000	-1.0000	-1.0000	-0.7624	-0.7874	-52.2789	-0.0882	-71.2789	-52.7315	-0.0889	-66.2004	-43.6059	-0.0735	-57.0747	-29.2060	-0.0493	-35.9404	-29.5277	-0.0498	-36.2622	-87.7634	CLF +11.0;ABVX +8.0	ALAB +3.4;VOYG +3.3
rerun_grid	ALL	adr_050	2ADR|time_s5	A_disc	573	227	85	339.2124	201.1995	197.2207	101.7608	101.7608	-1.0000	-1.0000	-1.0000	-0.7624	-0.7874	-55.7986	-0.0974	-74.7986	-53.3668	-0.0931	-66.8357	-44.3950	-0.0775	-57.8638	-29.5237	-0.0515	-36.2581	-29.8454	-0.0521	-36.5798	-90.8807	CLF +11.0;ABVX +8.0	ALAB +3.4;VOYG +3.3
rerun_grid	ALL	adr_050	2ADR|time_s5	B	29	14	1	4.0000	1.1809	1.1809	0.5904	0.5904	-1.0000	-1.0000	-1.0000	-0.5058	-0.5058	-22.5562	-0.7778	-25.0000	-11.6939	-0.4032	-12.3184	-11.4598	-0.3952	-12.0843	-5.8527	-0.2018	-6.1650	-5.8527	-0.2018	-6.1650	-26.2492	QCOM +3.0;PHVS -0.6	QCOM +0.4;PHVS -0.1
rerun_grid	ALL	adr_050	2ADR|time_s10	A	593	234	105	420.0000	251.3517	244.3397	127.5539	127.5539	-1.0000	-1.0000	-1.0000	-0.7624	-0.8367	-43.2927	-0.0730	-62.2927	-46.5096	-0.0784	-59.9785	-38.7987	-0.0654	-52.2676	-26.4196	-0.0446	-33.1540	-26.9035	-0.0454	-33.6380	-78.7772	CLF +11.0;ABVX +8.0	ALAB +3.4;VOYG +3.3
rerun_grid	ALL	adr_050	2ADR|time_s10	A_disc	573	227	101	404.0000	244.0245	237.0125	123.8903	123.8903	-1.0000	-1.0000	-1.0000	-0.7624	-0.8367	-43.2927	-0.0756	-62.2927	-44.5635	-0.0778	-58.0323	-37.0064	-0.0646	-50.4752	-25.4465	-0.0444	-32.1809	-25.9305	-0.0453	-32.6649	-78.3748	CLF +11.0;ABVX +8.0	ALAB +3.4;VOYG +3.3
rerun_grid	ALL	adr_050	2ADR|time_s10	B	29	14	1	4.0000	1.1809	1.1809	0.5904	0.5904	-1.0000	-1.0000	-1.0000	-0.5058	-0.5058	-24.0000	-0.8276	-26.0000	-12.3808	-0.4269	-12.8001	-12.1467	-0.4189	-12.5660	-6.1962	-0.2137	-6.4058	-6.1962	-0.2137	-6.4058	-27.6930	QCOM +3.0;ALAB -1.0	QCOM +0.4;ERO -0.2
rerun_grid	ALL	adr_050	2ADR|sma21_2x	A	593	234	99	396.0000	236.1220	229.7848	119.8899	119.8899	-1.0000	-1.0000	-1.0000	-0.7563	-0.8367	-26.4330	-0.0446	-45.4330	-33.4405	-0.0564	-46.9093	-28.4232	-0.0479	-41.8921	-19.5637	-0.0330	-26.2981	-19.9350	-0.0336	-26.6695	-61.6410	CLF +11.0;ABVX +8.0	ALAB +3.4;VOYG +3.3
rerun_grid	ALL	adr_050	2ADR|sma21_2x	A_disc	573	227	95	380.0000	228.7948	222.4576	116.2263	116.2263	-1.0000	-1.0000	-1.0000	-0.7563	-0.8367	-26.4330	-0.0461	-45.4330	-31.4943	-0.0550	-44.9632	-26.6309	-0.0465	-40.0998	-18.5906	-0.0324	-25.3250	-18.9620	-0.0331	-25.6964	-61.2386	CLF +11.0;ABVX +8.0	ALAB +3.4;VOYG +3.3
rerun_grid	ALL	adr_050	2ADR|sma21_2x	B	29	14	1	4.0000	1.1809	1.1809	0.5904	0.5904	-1.0000	-1.0000	-1.0000	-0.5058	-0.5058	-19.5198	-0.6731	-22.8050	-9.9075	-0.3416	-10.9745	-9.8333	-0.3391	-10.8648	-4.9595	-0.1710	-5.4930	-4.9595	-0.1710	-5.4930	-21.9499	QCOM +3.0;ALAB +0.3	QCOM +0.4;ALAB +0.1
rerun_grid	ALL	adr_050	2ADR|ema23_2x	A	593	234	97	388.0000	229.7636	225.7848	116.7107	116.7107	-1.0000	-1.0000	-1.0000	-0.7563	-0.8367	-26.6874	-0.0450	-45.6874	-33.1415	-0.0559	-46.6104	-26.8425	-0.0453	-40.3113	-19.1436	-0.0323	-25.8781	-19.5150	-0.0329	-26.2495	-61.8954	CLF +11.0;ABVX +8.0	ALAB +3.4;VOYG +3.3
rerun_grid	ALL	adr_050	2ADR|ema23_2x	A_disc	573	227	93	372.0000	222.4364	218.4576	113.0471	113.0471	-1.0000	-1.0000	-1.0000	-0.7563	-0.8367	-30.6778	-0.0535	-49.6778	-33.2230	-0.0580	-46.6918	-27.0777	-0.0473	-40.5465	-19.1844	-0.0335	-25.9188	-19.5558	-0.0341	-26.2902	-65.4834	CLF +11.0;ABVX +8.0	ALAB +3.4;VOYG +3.3
rerun_grid	ALL	adr_050	2ADR|ema23_2x	B	29	14	1	4.0000	1.1809	1.1809	0.5904	0.5904	-1.0000	-1.0000	-1.0000	-0.5058	-0.5058	-19.5198	-0.6731	-22.8050	-9.9075	-0.3416	-10.9745	-9.8333	-0.3391	-10.8648	-4.9595	-0.1710	-5.4930	-4.9595	-0.1710	-5.4930	-21.9499	QCOM +3.0;ALAB +0.3	QCOM +0.4;ALAB +0.1
rerun_grid	ALL	adr_050	2ADR|sma50_1x	A	593	234	83	332.0000	199.6612	196.6314	101.4163	101.4163	-1.0000	-1.0000	-1.0000	-0.7624	-0.8367	-26.4682	-0.0446	-42.4682	-23.5555	-0.0397	-37.0243	-21.1958	-0.0357	-34.6646	-14.7884	-0.0249	-21.5228	-14.9667	-0.0252	-21.7011	-45.1274	ABVX +8.0;AGYS +8.0	ALAB +3.4;VOYG +3.3
rerun_grid	ALL	adr_050	2ADR|sma50_1x	A_disc	573	227	79	316.0000	192.3340	189.3042	97.7527	97.7527	-1.0000	-1.0000	-1.0000	-0.7624	-0.8367	-29.3359	-0.0512	-45.3359	-23.2842	-0.0406	-36.7531	-21.0783	-0.0368	-34.5472	-14.6527	-0.0256	-21.3872	-14.8311	-0.0259	-21.5655	-47.5927	ABVX +8.0;AGYS +8.0	ALAB +3.4;VOYG +3.3
rerun_grid	ALL	adr_050	2ADR|sma50_1x	B	29	14	1	4.0000	1.1809	1.1809	0.5904	0.5904	-1.0000	-1.0000	-1.0000	-0.5058	-0.5058	-19.1279	-0.6596	-21.6707	-10.2069	-0.3520	-10.8797	-10.0404	-0.3462	-10.7132	-5.1092	-0.1762	-5.4456	-5.1092	-0.1762	-5.4456	-21.5580	QCOM +3.0;ALAB -0.5	QCOM +0.4;SOLS -0.1
rerun_grid	ALL	adr_050	2ADR|ema65_1x	A	593	234	81	324.0000	194.2789	191.2491	98.7251	98.7251	-1.0000	-1.0000	-1.0000	-0.7624	-0.8367	-51.3153	-0.0865	-67.3153	-42.6833	-0.0720	-56.1521	-37.1853	-0.0627	-50.6541	-24.8381	-0.0419	-31.5725	-25.0483	-0.0422	-31.7827	-71.0000	ABVX +8.0;AGYS +8.0	ALAB +3.4;VOYG +3.3
rerun_grid	ALL	adr_050	2ADR|ema65_1x	A_disc	573	227	77	308.0000	186.9517	183.9218	95.0615	95.0615	-1.0000	-1.0000	-1.0000	-0.7624	-0.8367	-54.7193	-0.0955	-70.7193	-42.6885	-0.0745	-56.1574	-37.3444	-0.0652	-50.8132	-24.8408	-0.0434	-31.5752	-25.0509	-0.0437	-31.7853	-74.0016	ABVX +8.0;AGYS +8.0	ALAB +3.4;VOYG +3.3
rerun_grid	ALL	adr_050	2ADR|ema65_1x	B	29	14	1	4.0000	1.1809	1.1809	0.5904	0.5904	-1.0000	-1.0000	-1.0000	-0.5058	-0.5058	-19.1279	-0.6596	-21.6707	-10.2069	-0.3520	-10.8797	-10.0404	-0.3462	-10.7132	-5.1092	-0.1762	-5.4456	-5.1092	-0.1762	-5.4456	-21.5580	QCOM +3.0;ALAB -0.5	QCOM +0.4;SOLS -0.1
rerun_grid	ALL	adr_050	2ADR|hv21_50_noreclaim2	A	593	234	105	420.0000	251.3517	244.3397	127.5539	127.5539	-1.0000	-1.0000	-1.0000	-0.7624	-0.8367	-43.2927	-0.0730	-62.2927	-46.5096	-0.0784	-59.9785	-38.7987	-0.0654	-52.2676	-26.4196	-0.0446	-33.1540	-26.9035	-0.0454	-33.6380	-78.7772	CLF +11.0;ABVX +8.0	ALAB +3.4;VOYG +3.3
rerun_grid	ALL	adr_050	2ADR|hv21_50_noreclaim2	A_disc	573	227	101	404.0000	244.0245	237.0125	123.8903	123.8903	-1.0000	-1.0000	-1.0000	-0.7624	-0.8367	-43.2927	-0.0756	-62.2927	-44.5635	-0.0778	-58.0323	-37.0064	-0.0646	-50.4752	-25.4465	-0.0444	-32.1809	-25.9305	-0.0453	-32.6649	-78.3748	CLF +11.0;ABVX +8.0	ALAB +3.4;VOYG +3.3
rerun_grid	ALL	adr_050	2ADR|hv21_50_noreclaim2	B	29	14	1	4.0000	1.1809	1.1809	0.5904	0.5904	-1.0000	-1.0000	-1.0000	-0.5058	-0.5058	-24.0000	-0.8276	-26.0000	-12.3808	-0.4269	-12.8001	-12.1467	-0.4189	-12.5660	-6.1962	-0.2137	-6.4058	-6.1962	-0.2137	-6.4058	-27.6930	QCOM +3.0;ALAB -1.0	QCOM +0.4;ERO -0.2
rerun_grid	ALL	adr_050	3ADR|none	A	593	234	73	425.3543	255.7563	246.9084	129.7095	129.7095	-1.0000	-1.0000	-1.0000	-0.7624	-0.8367	-33.4065	-0.0563	-57.4065	-40.8176	-0.0688	-61.0209	-35.3589	-0.0596	-55.5621	-23.5442	-0.0397	-33.6459	-24.0282	-0.0405	-34.1298	-69.3476	AGYS +12.0;ALAB +12.0	ALAB +5.2;VOYG +4.9
rerun_grid	ALL	adr_050	3ADR|none	A_disc	573	227	73	425.3543	255.7563	246.9084	129.7095	129.7095	-1.0000	-1.0000	-1.0000	-0.7624	-0.8367	-20.3038	-0.0354	-44.3038	-31.7067	-0.0553	-51.9100	-26.4018	-0.0461	-46.6051	-18.9888	-0.0331	-29.0904	-19.4728	-0.0340	-29.5744	-55.8425	AGYS +12.0;ALAB +12.0	ALAB +5.2;VOYG +4.9
rerun_grid	ALL	adr_050	3ADR|none	B	29	14	1	6.0000	1.7713	1.7713	0.8856	0.8856	-1.0000	-1.0000	-1.0000	-0.5058	-0.5058	-22.0000	-0.7586	-26.0000	-11.7904	-0.4066	-12.8001	-11.5563	-0.3985	-12.5660	-5.9010	-0.2035	-6.4058	-5.9010	-0.2035	-6.4058	-25.6930	QCOM +5.0;ALAB -1.0	QCOM +0.7;ERO -0.2
rerun_grid	ALL	adr_050	3ADR|trail_sma10	A	593	234	58	342.5099	198.9757	195.9309	100.3175	100.3175	-1.0000	-1.0000	-1.0000	-0.7500	-0.7874	-19.5812	-0.0330	-43.5812	-30.9635	-0.0522	-51.1668	-25.4831	-0.0430	-45.6863	-18.2316	-0.0307	-28.3333	-18.3245	-0.0309	-28.4261	-50.1951	AGYS +12.0;ALAB +12.0	ALAB +5.2;VOYG +4.9
rerun_grid	ALL	adr_050	3ADR|trail_sma10	A_disc	573	227	58	342.5099	198.9757	195.9309	100.3175	100.3175	-1.0000	-1.0000	-1.0000	-0.7500	-0.7874	-11.1521	-0.0195	-35.1521	-24.8222	-0.0433	-45.0255	-19.4956	-0.0340	-39.6988	-15.1610	-0.0265	-25.2626	-15.2538	-0.0266	-25.3555	-41.3636	AGYS +12.0;ALAB +12.0	ALAB +5.2;VOYG +4.9
rerun_grid	ALL	adr_050	3ADR|trail_sma10	B	29	14	1	6.0000	1.7713	1.7713	0.8856	0.8856	-1.0000	-1.0000	-1.0000	-0.5058	-0.5058	-19.4572	-0.6709	-24.0000	-10.3885	-0.3582	-11.5823	-10.2220	-0.3525	-11.4727	-5.2000	-0.1793	-5.7969	-5.2000	-0.1793	-5.7969	-21.8873	QCOM +5.0;ALAB -0.5	QCOM +0.7;ALAB -0.1
rerun_grid	ALL	adr_050	3ADR|trail_sma20	A	593	234	63	368.7051	222.3985	219.3537	113.0306	113.0306	-1.0000	-1.0000	-1.0000	-0.7563	-0.7874	-5.2392	-0.0088	-29.2392	-14.0063	-0.0236	-34.2095	-10.1858	-0.0172	-30.3891	-9.3965	-0.0158	-19.4981	-9.5364	-0.0161	-19.6380	-33.7805	AGYS +12.0;ALAB +12.0	ALAB +5.2;VOYG +4.9
rerun_grid	ALL	adr_050	3ADR|trail_sma20	A_disc	573	227	63	368.7051	222.3985	219.3537	113.0306	113.0306	-1.0000	-1.0000	-1.0000	-0.7563	-0.7874	6.1304	0.0107	-17.8696	-5.7760	-0.0101	-25.9793	-2.1094	-0.0037	-22.3127	-5.2814	-0.0092	-15.3830	-5.4213	-0.0095	-15.5229	-22.0085	AGYS +12.0;ALAB +12.0	ALAB +5.2;VOYG +4.9
rerun_grid	ALL	adr_050	3ADR|trail_sma20	B	29	14	1	6.0000	1.7713	1.7713	0.8856	0.8856	-1.0000	-1.0000	-1.0000	-0.5058	-0.5058	-19.4572	-0.6709	-24.0000	-10.3885	-0.3582	-11.5823	-10.2220	-0.3525	-11.4727	-5.2000	-0.1793	-5.7969	-5.2000	-0.1793	-5.7969	-21.8873	QCOM +5.0;ALAB -0.5	QCOM +0.7;ALAB -0.1
rerun_grid	ALL	adr_050	3ADR|trail_max10_20	A	593	234	57	336.3810	196.9909	193.9462	99.3251	99.3251	-1.0000	-1.0000	-1.0000	-0.7500	-0.7874	0.8918	0.0015	-23.1082	-14.0679	-0.0237	-34.2712	-10.5105	-0.0177	-30.7138	-9.6305	-0.0162	-19.7322	-9.7234	-0.0164	-19.8250	-27.4219	AGYS +12.0;ALAB +12.0	ALAB +5.2;VOYG +4.9
rerun_grid	ALL	adr_050	3ADR|trail_max10_20	A_disc	573	227	57	336.3810	196.9909	193.9462	99.3251	99.3251	-1.0000	-1.0000	-1.0000	-0.7500	-0.7874	9.3209	0.0163	-14.6791	-7.9266	-0.0138	-28.1298	-4.5230	-0.0079	-24.7262	-6.5599	-0.0114	-16.6615	-6.6527	-0.0116	-16.7544	-18.5904	AGYS +12.0;ALAB +12.0	ALAB +5.2;VOYG +4.9
rerun_grid	ALL	adr_050	3ADR|trail_max10_20	B	29	14	1	6.0000	1.7713	1.7713	0.8856	0.8856	-1.0000	-1.0000	-1.0000	-0.5058	-0.5058	-19.4572	-0.6709	-24.0000	-10.3885	-0.3582	-11.5823	-10.2220	-0.3525	-11.4727	-5.2000	-0.1793	-5.7969	-5.2000	-0.1793	-5.7969	-21.8873	QCOM +5.0;ALAB -0.5	QCOM +0.7;ALAB -0.1
rerun_grid	ALL	adr_050	3ADR|time_s3	A	593	234	63	308.9131	180.9482	175.7716	91.5814	91.5814	-1.0000	-1.0000	-1.0000	-0.7563	-0.7874	-27.4085	-0.0462	-51.4085	-35.9682	-0.0607	-52.9302	-29.7579	-0.0502	-46.7199	-20.4762	-0.0345	-28.9572	-20.7777	-0.0350	-29.2587	-60.2821	STUB +12.0;VOYG +12.0	VOYG +4.9;FTK +3.5
rerun_grid	ALL	adr_050	3ADR|time_s3	A_disc	573	227	60	298.8343	176.9002	171.7236	89.5574	89.5574	-1.0000	-1.0000	-1.0000	-0.7563	-0.7874	-38.1308	-0.0665	-62.1308	-41.3682	-0.0722	-58.3302	-35.3117	-0.0616	-52.2737	-23.1762	-0.0404	-31.6572	-23.4777	-0.0410	-31.9587	-70.6020	STUB +12.0;VOYG +12.0	VOYG +4.9;FTK +3.5
rerun_grid	ALL	adr_050	3ADR|time_s3	B	29	14	1	6.0000	1.7713	1.7713	0.8856	0.8856	-1.0000	-1.0000	-1.0000	-0.5058	-0.5058	-15.2874	-0.5272	-22.6457	-8.9328	-0.3080	-11.5340	-8.6987	-0.3000	-11.2999	-4.4722	-0.1542	-5.7727	-4.4722	-0.1542	-5.7727	-18.5808	QCOM +5.0;PHVS +2.4	QCOM +0.7;PHVS +0.6
rerun_grid	ALL	adr_050	3ADR|time_s5	A	593	234	64	328.7086	198.5487	193.2101	100.3860	100.3860	-1.0000	-1.0000	-1.0000	-0.7624	-0.7874	-53.6693	-0.0905	-78.1813	-51.0395	-0.0861	-68.0015	-43.2737	-0.0730	-60.2356	-28.4805	-0.0480	-36.9615	-28.8022	-0.0486	-37.2832	-89.1538	CLF +12.5;STUB +12.0	VOYG +4.9;FTK +3.5
rerun_grid	ALL	adr_050	3ADR|time_s5	A_disc	573	227	63	324.0481	195.7381	190.3995	98.9807	98.9807	-1.0000	-1.0000	-1.0000	-0.7624	-0.7874	-50.9584	-0.0889	-75.4704	-49.1662	-0.0858	-66.1281	-41.5541	-0.0725	-58.5161	-27.5438	-0.0481	-36.0248	-27.8656	-0.0486	-36.3466	-86.0405	CLF +12.5;STUB +12.0	VOYG +4.9;FTK +3.5
rerun_grid	ALL	adr_050	3ADR|time_s5	B	29	14	1	6.0000	1.7713	1.7713	0.8856	0.8856	-1.0000	-1.0000	-1.0000	-0.5058	-0.5058	-20.5562	-0.7088	-25.0000	-11.1035	-0.3829	-12.3184	-10.8694	-0.3748	-12.0843	-5.5575	-0.1916	-6.1650	-5.5575	-0.1916	-6.1650	-24.2492	QCOM +5.0;PHVS -0.6	QCOM +0.7;PHVS -0.1
rerun_grid	ALL	adr_050	3ADR|time_s10	A	593	234	73	425.3543	255.7563	246.9084	129.7095	129.7095	-1.0000	-1.0000	-1.0000	-0.7624	-0.8367	-33.4065	-0.0563	-57.4065	-40.8176	-0.0688	-61.0209	-35.3589	-0.0596	-55.5621	-23.5442	-0.0397	-33.6459	-24.0282	-0.0405	-34.1298	-69.3476	AGYS +12.0;ALAB +12.0	ALAB +5.2;VOYG +4.9
rerun_grid	ALL	adr_050	3ADR|time_s10	A_disc	573	227	73	425.3543	255.7563	246.9084	129.7095	129.7095	-1.0000	-1.0000	-1.0000	-0.7624	-0.8367	-20.3038	-0.0354	-44.3038	-31.7067	-0.0553	-51.9100	-26.4018	-0.0461	-46.6051	-18.9888	-0.0331	-29.0904	-19.4728	-0.0340	-29.5744	-55.8425	AGYS +12.0;ALAB +12.0	ALAB +5.2;VOYG +4.9
rerun_grid	ALL	adr_050	3ADR|time_s10	B	29	14	1	6.0000	1.7713	1.7713	0.8856	0.8856	-1.0000	-1.0000	-1.0000	-0.5058	-0.5058	-22.0000	-0.7586	-26.0000	-11.7904	-0.4066	-12.8001	-11.5563	-0.3985	-12.5660	-5.9010	-0.2035	-6.4058	-5.9010	-0.2035	-6.4058	-25.6930	QCOM +5.0;ALAB -1.0	QCOM +0.7;ERO -0.2
rerun_grid	ALL	adr_050	3ADR|sma21_2x	A	593	234	69	405.2147	244.7273	236.7216	124.1950	124.1950	-1.0000	-1.0000	-1.0000	-0.7563	-0.8367	-12.9759	-0.0219	-36.9759	-24.4220	-0.0412	-44.6252	-21.4896	-0.0362	-41.6928	-14.9881	-0.0253	-25.0897	-15.3595	-0.0259	-25.4611	-48.6405	AGYS +12.0;ALAB +12.0	ALAB +5.2;VOYG +4.9
rerun_grid	ALL	adr_050	3ADR|sma21_2x	A_disc	573	227	69	405.2147	244.7273	236.7216	124.1950	124.1950	-1.0000	-1.0000	-1.0000	-0.7563	-0.8367	0.1268	0.0002	-23.8732	-15.3111	-0.0267	-35.5144	-12.5325	-0.0219	-32.7358	-10.4327	-0.0182	-20.5343	-10.8041	-0.0189	-20.9057	-35.1354	AGYS +12.0;ALAB +12.0	ALAB +5.2;VOYG +4.9
rerun_grid	ALL	adr_050	3ADR|sma21_2x	B	29	14	1	6.0000	1.7713	1.7713	0.8856	0.8856	-1.0000	-1.0000	-1.0000	-0.5058	-0.5058	-17.5198	-0.6041	-22.8050	-9.3171	-0.3213	-10.9745	-9.2429	-0.3187	-10.8648	-4.6643	-0.1608	-5.4930	-4.6643	-0.1608	-5.4930	-19.9499	QCOM +5.0;ALAB +0.3	QCOM +0.7;ALAB +0.1
rerun_grid	ALL	adr_050	3ADR|ema23_2x	A	593	234	67	393.2147	235.1898	230.7216	119.4262	119.4262	-1.0000	-1.0000	-1.0000	-0.7563	-0.8367	-15.8900	-0.0268	-39.8900	-26.2985	-0.0443	-46.5018	-20.9051	-0.0353	-41.1084	-15.6559	-0.0264	-25.7575	-16.0272	-0.0270	-26.1289	-51.5546	AGYS +12.0;ALAB +12.0	ALAB +5.2;VOYG +4.9
rerun_grid	ALL	adr_050	3ADR|ema23_2x	A_disc	573	227	67	393.2147	235.1898	230.7216	119.4262	119.4262	-1.0000	-1.0000	-1.0000	-0.7563	-0.8367	-6.7777	-0.0118	-30.7777	-19.2153	-0.0335	-39.4185	-13.9757	-0.0244	-34.1789	-12.1142	-0.0211	-22.2158	-12.4856	-0.0218	-22.5872	-42.0399	AGYS +12.0;ALAB +12.0	ALAB +5.2;VOYG +4.9
rerun_grid	ALL	adr_050	3ADR|ema23_2x	B	29	14	1	6.0000	1.7713	1.7713	0.8856	0.8856	-1.0000	-1.0000	-1.0000	-0.5058	-0.5058	-17.5198	-0.6041	-22.8050	-9.3171	-0.3213	-10.9745	-9.2429	-0.3187	-10.8648	-4.6643	-0.1608	-5.4930	-4.6643	-0.1608	-5.4930	-19.9499	QCOM +5.0;ALAB +0.3	QCOM +0.7;ALAB +0.1
rerun_grid	ALL	adr_050	3ADR|sma50_1x	A	593	234	58	342.3810	208.6559	205.6111	106.1593	106.1593	-1.0000	-1.0000	-1.0000	-0.7624	-0.8367	-7.1219	-0.0120	-31.1219	-10.3583	-0.0175	-30.5616	-8.4298	-0.0142	-28.6331	-7.8195	-0.0132	-17.9211	-7.9978	-0.0135	-18.0994	-25.7811	AGYS +12.0;ALAB +12.0	ALAB +5.2;VOYG +4.9
rerun_grid	ALL	adr_050	3ADR|sma50_1x	A_disc	573	227	58	342.3810	208.6559	205.6111	106.1593	106.1593	-1.0000	-1.0000	-1.0000	-0.7624	-0.8367	3.1131	0.0054	-20.8869	-2.9224	-0.0051	-23.1256	-1.1476	-0.0020	-21.3509	-4.1015	-0.0072	-14.2031	-4.2798	-0.0075	-14.3815	-15.1437	AGYS +12.0;ALAB +12.0	ALAB +5.2;VOYG +4.9
rerun_grid	ALL	adr_050	3ADR|sma50_1x	B	29	14	1	6.0000	1.7713	1.7713	0.8856	0.8856	-1.0000	-1.0000	-1.0000	-0.5058	-0.5058	-17.1279	-0.5906	-21.6707	-9.6165	-0.3316	-10.8797	-9.4500	-0.3259	-10.7132	-4.8140	-0.1660	-5.4456	-4.8140	-0.1660	-5.4456	-19.5580	QCOM +5.0;ALAB -0.5	QCOM +0.7;SOLS -0.1
rerun_grid	ALL	adr_050	3ADR|ema65_1x	A	593	234	55	320.7051	195.5135	192.4688	99.5881	99.5881	-1.0000	-1.0000	-1.0000	-0.7624	-0.8367	-49.7521	-0.0839	-73.7521	-40.3725	-0.0681	-60.5758	-35.3058	-0.0595	-55.5090	-23.3125	-0.0393	-33.4141	-23.5226	-0.0397	-33.6243	-69.8934	AGYS +12.0;ALAB +12.0	ALAB +5.2;VOYG +4.9
rerun_grid	ALL	adr_050	3ADR|ema65_1x	A_disc	573	227	55	320.7051	195.5135	192.4688	99.5881	99.5881	-1.0000	-1.0000	-1.0000	-0.7624	-0.8367	-40.0534	-0.0699	-64.0534	-33.2131	-0.0580	-53.4163	-28.3001	-0.0494	-48.5034	-19.7327	-0.0344	-29.8344	-19.9429	-0.0348	-30.0445	-59.7923	AGYS +12.0;ALAB +12.0	ALAB +5.2;VOYG +4.9
rerun_grid	ALL	adr_050	3ADR|ema65_1x	B	29	14	1	6.0000	1.7713	1.7713	0.8856	0.8856	-1.0000	-1.0000	-1.0000	-0.5058	-0.5058	-17.1279	-0.5906	-21.6707	-9.6165	-0.3316	-10.8797	-9.4500	-0.3259	-10.7132	-4.8140	-0.1660	-5.4456	-4.8140	-0.1660	-5.4456	-19.5580	QCOM +5.0;ALAB -0.5	QCOM +0.7;SOLS -0.1
rerun_grid	ALL	adr_050	3ADR|hv21_50_noreclaim2	A	593	234	73	425.3543	255.7563	246.9084	129.7095	129.7095	-1.0000	-1.0000	-1.0000	-0.7624	-0.8367	-33.4065	-0.0563	-57.4065	-40.8176	-0.0688	-61.0209	-35.3589	-0.0596	-55.5621	-23.5442	-0.0397	-33.6459	-24.0282	-0.0405	-34.1298	-69.3476	AGYS +12.0;ALAB +12.0	ALAB +5.2;VOYG +4.9
rerun_grid	ALL	adr_050	3ADR|hv21_50_noreclaim2	A_disc	573	227	73	425.3543	255.7563	246.9084	129.7095	129.7095	-1.0000	-1.0000	-1.0000	-0.7624	-0.8367	-20.3038	-0.0354	-44.3038	-31.7067	-0.0553	-51.9100	-26.4018	-0.0461	-46.6051	-18.9888	-0.0331	-29.0904	-19.4728	-0.0340	-29.5744	-55.8425	AGYS +12.0;ALAB +12.0	ALAB +5.2;VOYG +4.9
rerun_grid	ALL	adr_050	3ADR|hv21_50_noreclaim2	B	29	14	1	6.0000	1.7713	1.7713	0.8856	0.8856	-1.0000	-1.0000	-1.0000	-0.5058	-0.5058	-22.0000	-0.7586	-26.0000	-11.7904	-0.4066	-12.8001	-11.5563	-0.3985	-12.5660	-5.9010	-0.2035	-6.4058	-5.9010	-0.2035	-6.4058	-25.6930	QCOM +5.0;ALAB -1.0	QCOM +0.7;ERO -0.2
rerun_grid	ALL	adr_075	none|none	A	593	234	56	349.2068	298.4830	273.1309	160.1739	161.9519	-1.0000	-1.0000	-1.0000	-1.0000	-1.0000	-26.9813	-0.0455	-78.7549	-20.5178	-0.0346	-72.1454	-19.8161	-0.0334	-67.1919	-24.2447	-0.0409	-54.6562	-27.8812	-0.0470	-58.3013	-51.4097	TE +28.5;EFOR +23.3	TE +18.9;EFOR +11.6
rerun_grid	ALL	adr_075	none|none	A_disc	573	227	56	349.2068	298.4830	273.1309	160.1739	161.9519	-1.0000	-1.0000	-1.0000	-1.0000	-1.0000	-15.7131	-0.0274	-67.4867	-8.9721	-0.0157	-60.5996	-9.6551	-0.0169	-57.0308	-18.3475	-0.0320	-48.7590	-21.9840	-0.0384	-52.4041	-39.5155	TE +28.5;EFOR +23.3	TE +18.9;EFOR +11.6
rerun_grid	ALL	adr_075	none|none	B	32	15	3	17.0884	9.0060	7.8385	4.5030	4.5030	-1.0000	-1.0000	-1.0000	-0.7587	-0.7587	-11.9116	-0.3722	-27.0000	-10.7405	-0.3356	-18.6747	-10.4867	-0.3277	-17.2534	-5.8524	-0.1829	-9.8195	-5.8524	-0.1829	-9.8195	-14.5409	QCOM +10.8;CRWD +4.3	QCOM +2.4;CRWD +1.6
rerun_grid	ALL	adr_075	none|trail_sma10	A	593	234	45	275.2214	234.9205	217.0729	124.4717	125.2864	-1.0000	-1.0000	-1.0000	-0.9666	-0.9666	10.9912	0.0185	-40.7824	14.0853	0.0238	-37.5422	10.6787	0.0180	-36.6970	-4.6727	-0.0079	-35.0843	-6.6922	-0.0113	-37.1123	-11.1406	TE +28.5;EFOR +23.3	TE +18.9;EFOR +11.6
rerun_grid	ALL	adr_075	none|trail_sma10	A_disc	573	227	45	275.2214	234.9205	217.0729	124.4717	125.2864	-1.0000	-1.0000	-1.0000	-0.9666	-0.9666	16.4938	0.0288	-35.2798	20.0955	0.0351	-31.5320	15.7948	0.0276	-31.5809	-1.6085	-0.0028	-32.0201	-3.6280	-0.0063	-34.0481	-5.0747	TE +28.5;EFOR +23.3	TE +18.9;EFOR +11.6
rerun_grid	ALL	adr_075	none|trail_sma10	B	32	15	0	0	0	0	0	0	-1.0000	-1.0000	-1.0000	-0.7587	-0.7587	-23.0449	-0.7202	-24.2031	-16.0362	-0.5011	-16.5673	-14.9497	-0.4672	-15.4808	-8.5002	-0.2656	-8.7658	-8.5002	-0.2656	-8.7658	-24.9016	QCOM +1.4;DG -0.2	QCOM +0.3;DG -0.0
rerun_grid	ALL	adr_075	none|trail_sma20	A	593	234	50	300.3290	258.5635	239.8496	140.2142	141.0288	-1.0000	-1.0000	-1.0000	-1.0000	-1.0000	15.6378	0.0264	-36.1358	23.1135	0.0390	-28.5140	17.0104	0.0287	-30.3654	4.0399	0.0068	-26.3717	2.3621	0.0040	-28.0581	-5.5301	TE +28.5;EFOR +23.3	TE +18.9;EFOR +11.6
rerun_grid	ALL	adr_075	none|trail_sma20	A_disc	573	227	50	300.3290	258.5635	239.8496	140.2142	141.0288	-1.0000	-1.0000	-1.0000	-1.0000	-1.0000	24.6290	0.0430	-27.1446	32.8306	0.0573	-18.7970	25.3648	0.0443	-22.0109	9.0227	0.0157	-21.3889	7.3449	0.0128	-23.0752	4.0871	TE +28.5;EFOR +23.3	TE +18.9;EFOR +11.6
rerun_grid	ALL	adr_075	none|trail_sma20	B	32	15	2	11.8301	5.2093	5.2093	2.6047	2.6047	-1.0000	-1.0000	-1.0000	-0.7587	-0.7587	-13.5892	-0.4247	-24.2031	-11.8738	-0.3711	-16.5673	-10.7873	-0.3371	-15.4808	-6.4190	-0.2006	-8.7658	-6.4190	-0.2006	-8.7658	-15.4459	QCOM +10.8;DG -0.2	QCOM +2.4;DG -0.0
rerun_grid	ALL	adr_075	none|trail_max10_20	A	593	234	44	269.0607	231.6665	213.8189	122.8447	123.6594	-1.0000	-1.0000	-1.0000	-0.9666	-0.9666	30.2297	0.0510	-21.5439	33.4037	0.0563	-18.2238	26.3915	0.0445	-20.9842	6.3741	0.0107	-24.0375	4.9363	0.0083	-25.4838	9.3695	TE +28.5;EFOR +23.3	TE +18.9;EFOR +11.6
rerun_grid	ALL	adr_075	none|trail_max10_20	A_disc	573	227	44	269.0607	231.6665	213.8189	122.8447	123.6594	-1.0000	-1.0000	-1.0000	-0.9666	-0.9666	35.7323	0.0624	-16.0413	39.4139	0.0688	-12.2136	31.5076	0.0550	-15.8682	9.4383	0.0165	-20.9733	8.0005	0.0140	-22.4196	15.4354	TE +28.5;EFOR +23.3	TE +18.9;EFOR +11.6
rerun_grid	ALL	adr_075	none|trail_max10_20	B	32	15	0	0	0	0	0	0	-1.0000	-1.0000	-1.0000	-0.7587	-0.7587	-23.0449	-0.7202	-24.2031	-16.0362	-0.5011	-16.5673	-14.9497	-0.4672	-15.4808	-8.5002	-0.2656	-8.7658	-8.5002	-0.2656	-8.7658	-24.9016	QCOM +1.4;DG -0.2	QCOM +0.3;DG -0.0
rerun_grid	ALL	adr_075	none|time_s3	A	593	234	42	182.5070	157.7762	143.6787	91.5333	93.9239	-1.0000	-1.0000	-1.0000	-1.0000	-1.0000	-3.0389	-0.0051	-27.3562	-1.7458	-0.0029	-25.7329	3.8265	0.0065	-17.6973	-5.9712	-0.0101	-22.7211	-6.6685	-0.0112	-23.4184	-23.2655	HQ +12.2;FTK +12.1	HQ +10.9;FTK +5.9
rerun_grid	ALL	adr_075	none|time_s3	A_disc	573	227	42	182.5070	157.7762	143.6787	91.5333	93.9239	-1.0000	-1.0000	-1.0000	-1.0000	-1.0000	-10.8067	-0.0189	-35.1240	-7.6177	-0.0133	-31.6049	-2.1036	-0.0037	-23.6274	-9.0476	-0.0158	-25.7974	-9.7449	-0.0170	-26.4947	-30.4073	HQ +12.2;FTK +12.1	HQ +10.9;FTK +5.9
rerun_grid	ALL	adr_075	none|time_s3	B	32	15	1	4.0801	1.8068	1.8068	0.9034	0.9034	-1.0000	-1.0000	-1.0000	-0.7587	-0.7587	-12.5262	-0.3914	-19.7462	-11.3863	-0.3558	-14.5720	-10.0699	-0.3147	-13.2555	-6.1753	-0.1930	-7.7681	-6.1753	-0.1930	-7.7681	-15.1526	QCOM +4.7;DG +2.6	QCOM +1.0;PHVS +0.6
rerun_grid	ALL	adr_075	none|time_s5	A	593	234	39	210.1881	189.6078	171.7674	105.1283	106.6787	-1.0000	-1.0000	-1.0000	-1.0000	-1.0000	-28.5602	-0.0482	-62.8670	-15.1063	-0.0255	-48.9521	-10.5639	-0.0178	-41.7878	-15.5506	-0.0262	-35.1870	-18.1112	-0.0305	-37.7476	-51.7173	FTK +17.3;TE +17.0	TE +11.2;FTK +8.4
rerun_grid	ALL	adr_075	none|time_s5	A_disc	573	227	38	207.0811	186.7972	168.9568	103.7230	105.2734	-1.0000	-1.0000	-1.0000	-1.0000	-1.0000	-26.7748	-0.0467	-61.0816	-13.4185	-0.0234	-47.2642	-10.1016	-0.0176	-41.3254	-14.8143	-0.0259	-34.4507	-17.3748	-0.0303	-37.0113	-49.3059	FTK +17.3;TE +17.0	TE +11.2;FTK +8.4
rerun_grid	ALL	adr_075	none|time_s5	B	32	15	1	4.3188	1.9125	1.9125	0.9562	0.9562	-1.0000	-1.0000	-1.0000	-0.7587	-0.7587	-17.2788	-0.5400	-24.5578	-14.1379	-0.4418	-17.2905	-12.7869	-0.3996	-15.9395	-7.5511	-0.2360	-9.1274	-7.5511	-0.2360	-9.1274	-19.9052	QCOM +6.1;DG +1.2	QCOM +1.4;DG +0.2
rerun_grid	ALL	adr_075	none|time_s10	A	593	234	56	349.2068	298.4830	273.1309	160.1739	161.9519	-1.0000	-1.0000	-1.0000	-1.0000	-1.0000	-26.9813	-0.0455	-78.7549	-20.5178	-0.0346	-72.1454	-19.8161	-0.0334	-67.1919	-24.2447	-0.0409	-54.6562	-27.8812	-0.0470	-58.3013	-51.4097	TE +28.5;EFOR +23.3	TE +18.9;EFOR +11.6
rerun_grid	ALL	adr_075	none|time_s10	A_disc	573	227	56	349.2068	298.4830	273.1309	160.1739	161.9519	-1.0000	-1.0000	-1.0000	-1.0000	-1.0000	-15.7131	-0.0274	-67.4867	-8.9721	-0.0157	-60.5996	-9.6551	-0.0169	-57.0308	-18.3475	-0.0320	-48.7590	-21.9840	-0.0384	-52.4041	-39.5155	TE +28.5;EFOR +23.3	TE +18.9;EFOR +11.6
rerun_grid	ALL	adr_075	none|time_s10	B	32	15	3	17.0884	9.0060	7.8385	4.5030	4.5030	-1.0000	-1.0000	-1.0000	-0.7587	-0.7587	-11.9116	-0.3722	-27.0000	-10.7405	-0.3356	-18.6747	-10.4867	-0.3277	-17.2534	-5.8524	-0.1829	-9.8195	-5.8524	-0.1829	-9.8195	-14.5409	QCOM +10.8;CRWD +4.3	QCOM +2.4;CRWD +1.6
rerun_grid	ALL	adr_075	none|sma21_2x	A	593	234	53	324.8689	277.7782	254.0900	149.8215	151.5943	-1.0000	-1.0000	-1.0000	-1.0000	-1.0000	2.4691	0.0042	-49.3045	6.5520	0.0110	-45.0755	2.3445	0.0040	-45.0313	-7.0125	-0.0118	-37.4241	-9.1708	-0.0155	-39.5910	-20.6269	TE +28.5;EFOR +23.3	TE +18.9;EFOR +11.6
rerun_grid	ALL	adr_075	none|sma21_2x	A_disc	573	227	53	324.8689	277.7782	254.0900	149.8215	151.5943	-1.0000	-1.0000	-1.0000	-1.0000	-1.0000	13.1833	0.0230	-38.5903	17.5620	0.0306	-34.0656	11.9697	0.0209	-35.4061	-1.3832	-0.0024	-31.7948	-3.5415	-0.0062	-33.9617	-9.2867	TE +28.5;EFOR +23.3	TE +18.9;EFOR +11.6
rerun_grid	ALL	adr_075	none|sma21_2x	B	32	15	2	11.8301	5.2093	5.2093	2.6047	2.6047	-1.0000	-1.0000	-1.0000	-0.7587	-0.7587	-13.0087	-0.4065	-24.0289	-11.0952	-0.3467	-16.0500	-10.3361	-0.3230	-15.2078	-6.0298	-0.1884	-8.5071	-6.0298	-0.1884	-8.5071	-15.2029	QCOM +10.8;ALAB +0.2	QCOM +2.4;ALAB +0.1
rerun_grid	ALL	adr_075	none|ema23_2x	A	593	234	51	314.9204	267.8297	249.1158	144.8472	145.6619	-1.0000	-1.0000	-1.0000	-1.0000	-1.0000	-3.4075	-0.0057	-55.1811	2.6856	0.0045	-48.9420	2.2954	0.0039	-45.0803	-8.3018	-0.0140	-38.7134	-11.1933	-0.0189	-41.6135	-26.7102	TE +28.5;EFOR +23.3	TE +18.9;EFOR +11.6
rerun_grid	ALL	adr_075	none|ema23_2x	A_disc	573	227	51	314.9204	267.8297	249.1158	144.8472	145.6619	-1.0000	-1.0000	-1.0000	-1.0000	-1.0000	3.9798	0.0069	-47.7938	11.1599	0.0195	-40.4676	9.4255	0.0164	-37.9503	-3.9404	-0.0069	-34.3520	-6.8319	-0.0119	-37.2520	-18.6969	TE +28.5;EFOR +23.3	TE +18.9;EFOR +11.6
rerun_grid	ALL	adr_075	none|ema23_2x	B	32	15	3	17.0884	9.0060	7.8385	4.5030	4.5030	-1.0000	-1.0000	-1.0000	-0.7587	-0.7587	-7.9248	-0.2477	-23.0132	-7.4245	-0.2320	-15.3587	-7.7941	-0.2436	-14.5608	-4.1944	-0.1311	-8.1615	-4.1944	-0.1311	-8.1615	-10.1190	QCOM +10.8;CRWD +4.3	QCOM +2.4;CRWD +1.6
rerun_grid	ALL	adr_075	none|sma50_1x	A	593	234	46	264.7010	223.1897	205.3421	117.9294	118.7441	-1.0000	-1.0000	-1.0000	-1.0000	-1.0000	-15.3735	-0.0259	-57.4203	-6.6900	-0.0113	-48.6746	-14.2532	-0.0240	-44.7517	-14.4564	-0.0244	-35.4843	-15.5991	-0.0263	-36.6355	-30.7364	EFOR +23.3;AKTS +18.8	EFOR +11.6;AKTS +9.5
rerun_grid	ALL	adr_075	none|sma50_1x	A_disc	573	227	46	264.7010	223.1897	205.3421	117.9294	118.7441	-1.0000	-1.0000	-1.0000	-1.0000	-1.0000	-7.0171	-0.0122	-49.0639	2.3773	0.0041	-39.6072	-6.2761	-0.0110	-36.7746	-9.8257	-0.0171	-30.8536	-10.9684	-0.0191	-32.0048	-21.7540	EFOR +23.3;AKTS +18.8	EFOR +11.6;AKTS +9.5
rerun_grid	ALL	adr_075	none|sma50_1x	B	32	15	3	17.0884	9.0060	7.8385	4.5030	4.5030	-1.0000	-1.0000	-1.0000	-0.7587	-0.7587	-6.4820	-0.2026	-21.5704	-6.9768	-0.2180	-14.9109	-7.1495	-0.2234	-13.9162	-3.9705	-0.1241	-7.9376	-3.9705	-0.1241	-7.9376	-8.3387	QCOM +10.8;CRWD +4.3	QCOM +2.4;CRWD +1.6
rerun_grid	ALL	adr_075	none|ema65_1x	A	593	234	43	247.0101	206.8328	188.1189	109.7510	110.5656	-1.0000	-1.0000	-1.0000	-1.0000	-1.0000	-40.5198	-0.0683	-82.5666	-30.3463	-0.0512	-72.3308	-34.5110	-0.0582	-65.0095	-27.6431	-0.0466	-48.6710	-30.2481	-0.0510	-51.2845	-55.5653	EFOR +23.3;AKTS +18.8	EFOR +11.6;AKTS +9.5
rerun_grid	ALL	adr_075	none|ema65_1x	A_disc	573	227	43	247.0101	206.8328	188.1189	109.7510	110.5656	-1.0000	-1.0000	-1.0000	-1.0000	-1.0000	-33.1462	-0.0578	-75.1930	-22.1704	-0.0387	-64.1550	-27.5081	-0.0480	-58.0066	-23.4309	-0.0409	-44.4587	-26.0358	-0.0454	-47.0723	-47.5657	EFOR +23.3;AKTS +18.8	EFOR +11.6;AKTS +9.5
rerun_grid	ALL	adr_075	none|ema65_1x	B	32	15	3	17.0884	9.0060	7.8385	4.5030	4.5030	-1.0000	-1.0000	-1.0000	-0.7587	-0.7587	-6.4820	-0.2026	-21.5704	-6.9768	-0.2180	-14.9109	-7.1495	-0.2234	-13.9162	-3.9705	-0.1241	-7.9376	-3.9705	-0.1241	-7.9376	-8.3387	QCOM +10.8;CRWD +4.3	QCOM +2.4;CRWD +1.6
rerun_grid	ALL	adr_075	none|hv21_50_noreclaim2	A	593	234	56	349.2068	298.4830	273.1309	160.1739	161.9519	-1.0000	-1.0000	-1.0000	-1.0000	-1.0000	-26.9813	-0.0455	-78.7549	-20.5178	-0.0346	-72.1454	-19.8161	-0.0334	-67.1919	-24.2447	-0.0409	-54.6562	-27.8812	-0.0470	-58.3013	-51.4097	TE +28.5;EFOR +23.3	TE +18.9;EFOR +11.6
rerun_grid	ALL	adr_075	none|hv21_50_noreclaim2	A_disc	573	227	56	349.2068	298.4830	273.1309	160.1739	161.9519	-1.0000	-1.0000	-1.0000	-1.0000	-1.0000	-15.7131	-0.0274	-67.4867	-8.9721	-0.0157	-60.5996	-9.6551	-0.0169	-57.0308	-18.3475	-0.0320	-48.7590	-21.9840	-0.0384	-52.4041	-39.5155	TE +28.5;EFOR +23.3	TE +18.9;EFOR +11.6
rerun_grid	ALL	adr_075	none|hv21_50_noreclaim2	B	32	15	3	17.0884	9.0060	7.8385	4.5030	4.5030	-1.0000	-1.0000	-1.0000	-0.7587	-0.7587	-11.9116	-0.3722	-27.0000	-10.7405	-0.3356	-18.6747	-10.4867	-0.3277	-17.2534	-5.8524	-0.1829	-9.8195	-5.8524	-0.1829	-9.8195	-14.5409	QCOM +10.8;CRWD +4.3	QCOM +2.4;CRWD +1.6
rerun_grid	ALL	adr_075	1R|none	A	593	234	0	0	0	0	0	0	-1.0000	-1.0000	-1.0000	-1.0000	-1.0000	-11.0000	-0.0185	-20.0000	-11.2752	-0.0190	-18.2397	-3.6575	-0.0062	-10.6220	-10.0818	-0.0170	-14.4725	-11.3891	-0.0192	-15.7798	-25.6985	ZBRA +5.0;INFQ +4.0	INFQ +2.8;TSAT +1.6
rerun_grid	ALL	adr_075	1R|none	A_disc	573	227	0	0	0	0	0	0	-1.0000	-1.0000	-1.0000	-1.0000	-1.0000	-17.0000	-0.0297	-26.0000	-15.5479	-0.0271	-22.5124	-8.0068	-0.0140	-14.9713	-12.3262	-0.0215	-16.7169	-13.6335	-0.0238	-18.0242	-31.0725	ZBRA +5.0;INFQ +4.0	INFQ +2.8;TSAT +1.6
rerun_grid	ALL	adr_075	1R|none	B	32	15	0	0	0	0	0	0	-1.0000	-1.0000	-1.0000	-0.7587	-0.7587	-10.0000	-0.3125	-14.0000	-7.5576	-0.2362	-10.6889	-7.3239	-0.2289	-10.0008	-4.2609	-0.1332	-5.8266	-4.2609	-0.1332	-5.8266	-12.6264	PHVS +2.0;SEI +2.0	SEI +0.9;PHVS +0.7
rerun_grid	ALL	adr_075	1R|trail_sma10	A	593	234	0	0	0	0	0	0	-1.0000	-1.0000	-1.0000	-0.9666	-0.9666	9.7455	0.0164	1.4643	7.9418	0.0134	1.9894	11.5278	0.0194	5.5754	0.7595	0.0013	-3.3534	0.2726	0.0005	-3.8461	-3.3860	ZBRA +5.0;INFQ +3.3	INFQ +2.2;ASTI +1.9
rerun_grid	ALL	adr_075	1R|trail_sma10	A_disc	573	227	0	0	0	0	0	0	-1.0000	-1.0000	-1.0000	-0.9666	-0.9666	3.9173	0.0068	-4.3639	3.3826	0.0059	-2.5698	7.1443	0.0125	1.1919	-1.6282	-0.0028	-5.7411	-2.1151	-0.0037	-6.2338	-8.6509	ZBRA +5.0;INFQ +3.3	INFQ +2.2;ASTI +1.9
rerun_grid	ALL	adr_075	1R|trail_sma10	B	32	15	0	0	0	0	0	0	-1.0000	-1.0000	-1.0000	-0.7587	-0.7587	-10.2031	-0.3188	-14.2031	-7.4745	-0.2336	-10.6058	-7.2968	-0.2280	-9.9737	-4.2194	-0.1319	-5.7850	-4.2194	-0.1319	-5.7850	-12.0569	PHVS +2.0;SEI +2.0	SEI +0.9;PHVS +0.7
rerun_grid	ALL	adr_075	1R|trail_sma20	A	593	234	0	0	0	0	0	0	-1.0000	-1.0000	-1.0000	-1.0000	-1.0000	0.5867	0.0010	-7.6945	1.2351	0.0021	-4.9437	5.0473	0.0085	-1.1315	-1.8051	-0.0030	-5.9180	-2.2204	-0.0037	-6.3390	-11.5809	ZBRA +5.0;INFQ +3.3	INFQ +2.2;ASTI +1.9
rerun_grid	ALL	adr_075	1R|trail_sma20	A_disc	573	227	0	0	0	0	0	0	-1.0000	-1.0000	-1.0000	-1.0000	-1.0000	-3.6903	-0.0064	-11.9715	-1.8177	-0.0032	-7.9964	1.8915	0.0033	-4.2873	-3.4395	-0.0060	-7.5524	-3.8548	-0.0067	-7.9735	-15.2319	ZBRA +5.0;INFQ +3.3	INFQ +2.2;ASTI +1.9
rerun_grid	ALL	adr_075	1R|trail_sma20	B	32	15	0	0	0	0	0	0	-1.0000	-1.0000	-1.0000	-0.7587	-0.7587	-10.2031	-0.3188	-14.2031	-7.4745	-0.2336	-10.6058	-7.2968	-0.2280	-9.9737	-4.2194	-0.1319	-5.7850	-4.2194	-0.1319	-5.7850	-12.0569	PHVS +2.0;SEI +2.0	SEI +0.9;PHVS +0.7
rerun_grid	ALL	adr_075	1R|trail_max10_20	A	593	234	0	0	0	0	0	0	-1.0000	-1.0000	-1.0000	-0.9666	-0.9666	8.8791	0.0150	0.5979	7.4177	0.0125	1.3308	10.6108	0.0179	4.6584	0.5100	0.0009	-3.6029	-0.1619	-0.0003	-4.2805	-2.9808	ZBRA +5.0;INFQ +3.3	INFQ +2.2;ASTI +1.9
rerun_grid	ALL	adr_075	1R|trail_max10_20	A_disc	573	227	0	0	0	0	0	0	-1.0000	-1.0000	-1.0000	-0.9666	-0.9666	3.0509	0.0053	-5.2303	2.8584	0.0050	-3.2285	6.2273	0.0109	0.2749	-1.8776	-0.0033	-5.9905	-2.5496	-0.0044	-6.6682	-8.2457	ZBRA +5.0;INFQ +3.3	INFQ +2.2;ASTI +1.9
rerun_grid	ALL	adr_075	1R|trail_max10_20	B	32	15	0	0	0	0	0	0	-1.0000	-1.0000	-1.0000	-0.7587	-0.7587	-10.2031	-0.3188	-14.2031	-7.4745	-0.2336	-10.6058	-7.2968	-0.2280	-9.9737	-4.2194	-0.1319	-5.7850	-4.2194	-0.1319	-5.7850	-12.0569	PHVS +2.0;SEI +2.0	SEI +0.9;PHVS +0.7
rerun_grid	ALL	adr_075	1R|time_s3	A	593	234	0	0	0	0	0	0	-1.0000	-1.0000	-1.0000	-1.0000	-1.0000	-16.2234	-0.0274	-24.6029	-16.4089	-0.0277	-23.3065	-8.0233	-0.0135	-14.9209	-12.5102	-0.0211	-16.8614	-13.9730	-0.0236	-18.4540	-29.6710	ZBRA +4.4;INFQ +4.0	INFQ +2.8;BLZE +1.6
rerun_grid	ALL	adr_075	1R|time_s3	A_disc	573	227	0	0	0	0	0	0	-1.0000	-1.0000	-1.0000	-1.0000	-1.0000	-22.7774	-0.0398	-31.1569	-21.2174	-0.0370	-28.1150	-12.9084	-0.0225	-19.8060	-15.0225	-0.0262	-19.3737	-16.4853	-0.0288	-20.9663	-35.5990	ZBRA +4.4;INFQ +4.0	INFQ +2.8;BLZE +1.6
rerun_grid	ALL	adr_075	1R|time_s3	B	32	15	0	0	0	0	0	0	-1.0000	-1.0000	-1.0000	-0.7587	-0.7587	-10.0000	-0.3125	-14.0000	-7.5576	-0.2362	-10.6889	-7.3239	-0.2289	-10.0008	-4.2609	-0.1332	-5.8266	-4.2609	-0.1332	-5.8266	-12.6264	PHVS +2.0;SEI +2.0	SEI +0.9;PHVS +0.7
rerun_grid	ALL	adr_075	1R|time_s5	A	593	234	0	0	0	0	0	0	-1.0000	-1.0000	-1.0000	-1.0000	-1.0000	-11.5162	-0.0194	-20.5162	-11.4501	-0.0193	-18.4147	-3.3881	-0.0057	-10.3526	-9.3184	-0.0157	-13.7092	-10.6257	-0.0179	-15.0165	-25.0319	ZBRA +5.0;INFQ +4.0	INFQ +2.8;TSAT +1.6
rerun_grid	ALL	adr_075	1R|time_s5	A_disc	573	227	0	0	0	0	0	0	-1.0000	-1.0000	-1.0000	-1.0000	-1.0000	-18.3251	-0.0320	-27.3251	-16.5052	-0.0288	-23.4697	-8.5197	-0.0149	-15.4843	-11.9540	-0.0209	-16.3448	-13.2613	-0.0231	-17.6521	-31.2148	ZBRA +5.0;INFQ +4.0	INFQ +2.8;TSAT +1.6
rerun_grid	ALL	adr_075	1R|time_s5	B	32	15	0	0	0	0	0	0	-1.0000	-1.0000	-1.0000	-0.7587	-0.7587	-10.0000	-0.3125	-14.0000	-7.5576	-0.2362	-10.6889	-7.3239	-0.2289	-10.0008	-4.2609	-0.1332	-5.8266	-4.2609	-0.1332	-5.8266	-12.6264	PHVS +2.0;SEI +2.0	SEI +0.9;PHVS +0.7
rerun_grid	ALL	adr_075	1R|time_s10	A	593	234	0	0	0	0	0	0	-1.0000	-1.0000	-1.0000	-1.0000	-1.0000	-11.0000	-0.0185	-20.0000	-11.2752	-0.0190	-18.2397	-3.6575	-0.0062	-10.6220	-10.0818	-0.0170	-14.4725	-11.3891	-0.0192	-15.7798	-25.6985	ZBRA +5.0;INFQ +4.0	INFQ +2.8;TSAT +1.6
rerun_grid	ALL	adr_075	1R|time_s10	A_disc	573	227	0	0	0	0	0	0	-1.0000	-1.0000	-1.0000	-1.0000	-1.0000	-17.0000	-0.0297	-26.0000	-15.5479	-0.0271	-22.5124	-8.0068	-0.0140	-14.9713	-12.3262	-0.0215	-16.7169	-13.6335	-0.0238	-18.0242	-31.0725	ZBRA +5.0;INFQ +4.0	INFQ +2.8;TSAT +1.6
rerun_grid	ALL	adr_075	1R|time_s10	B	32	15	0	0	0	0	0	0	-1.0000	-1.0000	-1.0000	-0.7587	-0.7587	-10.0000	-0.3125	-14.0000	-7.5576	-0.2362	-10.6889	-7.3239	-0.2289	-10.0008	-4.2609	-0.1332	-5.8266	-4.2609	-0.1332	-5.8266	-12.6264	PHVS +2.0;SEI +2.0	SEI +0.9;PHVS +0.7
rerun_grid	ALL	adr_075	1R|sma21_2x	A	593	234	0	0	0	0	0	0	-1.0000	-1.0000	-1.0000	-1.0000	-1.0000	-6.4240	-0.0108	-15.4240	-6.9858	-0.0118	-14.1056	-0.5652	-0.0010	-7.6850	-7.2291	-0.0122	-12.0668	-8.0811	-0.0136	-12.9188	-20.5197	ZBRA +5.0;INFQ +4.0	INFQ +2.8;QUBT +2.1
rerun_grid	ALL	adr_075	1R|sma21_2x	A_disc	573	227	0	0	0	0	0	0	-1.0000	-1.0000	-1.0000	-1.0000	-1.0000	-12.9780	-0.0226	-21.9780	-11.7943	-0.0206	-18.9141	-5.4503	-0.0095	-12.5701	-9.7414	-0.0170	-14.5791	-10.5934	-0.0185	-15.4311	-26.4477	ZBRA +5.0;INFQ +4.0	INFQ +2.8;QUBT +2.1
rerun_grid	ALL	adr_075	1R|sma21_2x	B	32	15	0	0	0	0	0	0	-1.0000	-1.0000	-1.0000	-0.7587	-0.7587	-8.1067	-0.2533	-12.1067	-5.8712	-0.1835	-9.0025	-6.2015	-0.1938	-8.8784	-3.4177	-0.1068	-4.9834	-3.4177	-0.1068	-4.9834	-10.2980	PHVS +2.0;SEI +2.0	SEI +0.9;PHVS +0.7
rerun_grid	ALL	adr_075	1R|ema23_2x	A	593	234	0	0	0	0	0	0	-1.0000	-1.0000	-1.0000	-1.0000	-1.0000	-5.8278	-0.0098	-14.8278	-5.7401	-0.0097	-12.8599	0.6805	0.0011	-6.4393	-6.4440	-0.0109	-11.2817	-7.2959	-0.0123	-12.1336	-19.9235	ZBRA +5.0;INFQ +4.0	INFQ +2.8;QUBT +2.1
rerun_grid	ALL	adr_075	1R|ema23_2x	A_disc	573	227	0	0	0	0	0	0	-1.0000	-1.0000	-1.0000	-1.0000	-1.0000	-12.3818	-0.0216	-21.3818	-10.5486	-0.0184	-17.6684	-4.2046	-0.0073	-11.3244	-8.9563	-0.0156	-13.7940	-9.8082	-0.0171	-14.6459	-25.8515	ZBRA +5.0;INFQ +4.0	INFQ +2.8;QUBT +2.1
rerun_grid	ALL	adr_075	1R|ema23_2x	B	32	15	0	0	0	0	0	0	-1.0000	-1.0000	-1.0000	-0.7587	-0.7587	-8.1067	-0.2533	-12.1067	-5.8712	-0.1835	-9.0025	-6.2015	-0.1938	-8.8784	-3.4177	-0.1068	-4.9834	-3.4177	-0.1068	-4.9834	-10.2980	PHVS +2.0;SEI +2.0	SEI +0.9;PHVS +0.7
rerun_grid	ALL	adr_075	1R|sma50_1x	A	593	234	0	0	0	0	0	0	-1.0000	-1.0000	-1.0000	-1.0000	-1.0000	-4.8573	-0.0082	-13.8573	-3.7494	-0.0063	-10.6469	-0.3850	-0.0006	-7.2826	-5.5291	-0.0093	-9.7694	-5.4619	-0.0092	-9.7022	-16.0888	ZBRA +5.0;INFQ +4.0	INFQ +2.8;FIG +1.5
rerun_grid	ALL	adr_075	1R|sma50_1x	A_disc	573	227	0	0	0	0	0	0	-1.0000	-1.0000	-1.0000	-1.0000	-1.0000	-7.7691	-0.0136	-16.7691	-5.4519	-0.0095	-12.3495	-2.4182	-0.0042	-9.3158	-6.4657	-0.0113	-10.7060	-6.3984	-0.0112	-10.6387	-18.3746	ZBRA +5.0;INFQ +4.0	INFQ +2.8;FIG +1.5
rerun_grid	ALL	adr_075	1R|sma50_1x	B	32	15	0	0	0	0	0	0	-1.0000	-1.0000	-1.0000	-0.7587	-0.7587	-6.5704	-0.2053	-10.5704	-5.3507	-0.1672	-8.4820	-5.4867	-0.1715	-8.1636	-3.1575	-0.0987	-4.7231	-3.1575	-0.0987	-4.7231	-8.4242	PHVS +2.0;SEI +2.0	SEI +0.9;PHVS +0.7
rerun_grid	ALL	adr_075	1R|ema65_1x	A	593	234	0	0	0	0	0	0	-1.0000	-1.0000	-1.0000	-1.0000	-1.0000	-12.1592	-0.0205	-21.1592	-9.4195	-0.0159	-16.1623	-4.0060	-0.0068	-10.6901	-7.2784	-0.0123	-12.1767	-8.2971	-0.0140	-13.1954	-23.0733	ZBRA +5.0;INFQ +4.0	INFQ +2.8;WYFI +2.1
rerun_grid	ALL	adr_075	1R|ema65_1x	A_disc	573	227	0	0	0	0	0	0	-1.0000	-1.0000	-1.0000	-1.0000	-1.0000	-17.0733	-0.0298	-26.0733	-13.0885	-0.0228	-19.8313	-7.7780	-0.0136	-14.4621	-9.2210	-0.0161	-14.1192	-10.2397	-0.0179	-15.1379	-27.3614	ZBRA +5.0;INFQ +4.0	INFQ +2.8;WYFI +2.1
rerun_grid	ALL	adr_075	1R|ema65_1x	B	32	15	0	0	0	0	0	0	-1.0000	-1.0000	-1.0000	-0.7587	-0.7587	-6.5704	-0.2053	-10.5704	-5.3507	-0.1672	-8.4820	-5.4867	-0.1715	-8.1636	-3.1575	-0.0987	-4.7231	-3.1575	-0.0987	-4.7231	-8.4242	PHVS +2.0;SEI +2.0	SEI +0.9;PHVS +0.7
rerun_grid	ALL	adr_075	1R|hv21_50_noreclaim2	A	593	234	0	0	0	0	0	0	-1.0000	-1.0000	-1.0000	-1.0000	-1.0000	-11.0000	-0.0185	-20.0000	-11.2752	-0.0190	-18.2397	-3.6575	-0.0062	-10.6220	-10.0818	-0.0170	-14.4725	-11.3891	-0.0192	-15.7798	-25.6985	ZBRA +5.0;INFQ +4.0	INFQ +2.8;TSAT +1.6
rerun_grid	ALL	adr_075	1R|hv21_50_noreclaim2	A_disc	573	227	0	0	0	0	0	0	-1.0000	-1.0000	-1.0000	-1.0000	-1.0000	-17.0000	-0.0297	-26.0000	-15.5479	-0.0271	-22.5124	-8.0068	-0.0140	-14.9713	-12.3262	-0.0215	-16.7169	-13.6335	-0.0238	-18.0242	-31.0725	ZBRA +5.0;INFQ +4.0	INFQ +2.8;TSAT +1.6
rerun_grid	ALL	adr_075	1R|hv21_50_noreclaim2	B	32	15	0	0	0	0	0	0	-1.0000	-1.0000	-1.0000	-0.7587	-0.7587	-10.0000	-0.3125	-14.0000	-7.5576	-0.2362	-10.6889	-7.3239	-0.2289	-10.0008	-4.2609	-0.1332	-5.8266	-4.2609	-0.1332	-5.8266	-12.6264	PHVS +2.0;SEI +2.0	SEI +0.9;PHVS +0.7
rerun_grid	ALL	adr_075	2R|none	A	593	234	0	0	0	0	0	0	-1.0000	-1.0000	-1.0000	-1.0000	-1.0000	-51.1942	-0.0863	-65.1942	-41.1204	-0.0693	-54.9156	-34.1851	-0.0576	-47.9803	-28.9725	-0.0489	-37.5185	-30.3157	-0.0511	-38.8693	-72.0747	INFQ +8.0;FIG +6.0	INFQ +5.6;ASTI +3.0
rerun_grid	ALL	adr_075	2R|none	A_disc	573	227	0	0	0	0	0	0	-1.0000	-1.0000	-1.0000	-1.0000	-1.0000	-55.1942	-0.0963	-69.1942	-42.3677	-0.0739	-56.1628	-35.4712	-0.0619	-49.2664	-29.5469	-0.0516	-38.0929	-30.8901	-0.0539	-39.4437	-75.4487	INFQ +8.0;FIG +6.0	INFQ +5.6;ASTI +3.0
rerun_grid	ALL	adr_075	2R|none	B	32	15	0	0	0	0	0	0	-1.0000	-1.0000	-1.0000	-0.7587	-0.7587	-11.0000	-0.3438	-18.0000	-8.5288	-0.2665	-12.7116	-8.6292	-0.2697	-12.8120	-4.7465	-0.1483	-6.8379	-4.7465	-0.1483	-6.8379	-13.6293	PHVS +4.0;QCOM +3.0	PHVS +1.4;QCOM +0.7
rerun_grid	ALL	adr_075	2R|trail_sma10	A	593	234	0	0	0	0	0	0	-1.0000	-1.0000	-1.0000	-0.9666	-0.9666	-8.2272	-0.0139	-20.1823	-5.9036	-0.0100	-17.1252	-2.4150	-0.0041	-13.1962	-8.7608	-0.0148	-16.7533	-10.1141	-0.0171	-18.1123	-26.9433	INFQ +6.3;ZBRA +5.7	INFQ +4.2;ASTI +3.8
rerun_grid	ALL	adr_075	2R|trail_sma10	A_disc	573	227	0	0	0	0	0	0	-1.0000	-1.0000	-1.0000	-0.9666	-0.9666	-17.7472	-0.0310	-29.7023	-12.1578	-0.0212	-23.3794	-8.3541	-0.0146	-19.1353	-11.9038	-0.0208	-19.8963	-13.2571	-0.0231	-21.2553	-35.9000	INFQ +6.3;ZBRA +5.7	INFQ +4.2;ASTI +3.8
rerun_grid	ALL	adr_075	2R|trail_sma10	B	32	15	0	0	0	0	0	0	-1.0000	-1.0000	-1.0000	-0.7587	-0.7587	-10.2031	-0.3188	-17.2031	-7.6109	-0.2378	-11.7937	-7.6020	-0.2376	-11.7848	-4.2876	-0.1340	-6.3790	-4.2876	-0.1340	-6.3790	-12.0598	PHVS +4.0;QCOM +3.0	PHVS +1.4;QCOM +0.7
rerun_grid	ALL	adr_075	2R|trail_sma20	A	593	234	0	0	0	0	0	0	-1.0000	-1.0000	-1.0000	-1.0000	-1.0000	-16.5413	-0.0279	-28.8225	-8.9004	-0.0150	-20.9768	-7.1664	-0.0121	-19.2428	-10.0131	-0.0169	-18.0056	-11.0922	-0.0187	-19.0905	-34.2935	INFQ +6.3;FIG +6.0	INFQ +4.2;ASTI +3.8
rerun_grid	ALL	adr_075	2R|trail_sma20	A_disc	573	227	0	0	0	0	0	0	-1.0000	-1.0000	-1.0000	-1.0000	-1.0000	-22.8183	-0.0398	-35.0995	-11.9764	-0.0209	-24.0527	-10.2591	-0.0179	-22.3354	-11.5019	-0.0201	-19.4944	-12.5810	-0.0220	-20.5792	-39.9445	INFQ +6.3;FIG +6.0	INFQ +4.2;ASTI +3.8
rerun_grid	ALL	adr_075	2R|trail_sma20	B	32	15	0	0	0	0	0	0	-1.0000	-1.0000	-1.0000	-0.7587	-0.7587	-10.2031	-0.3188	-17.2031	-7.6109	-0.2378	-11.7937	-7.6020	-0.2376	-11.7848	-4.2876	-0.1340	-6.3790	-4.2876	-0.1340	-6.3790	-12.0598	PHVS +4.0;QCOM +3.0	PHVS +1.4;QCOM +0.7
rerun_grid	ALL	adr_075	2R|trail_max10_20	A	593	234	0	0	0	0	0	0	-1.0000	-1.0000	-1.0000	-0.9666	-0.9666	10.2842	0.0173	-1.8325	10.8883	0.0184	-1.1688	11.6074	0.0196	0.4084	0.1528	0.0003	-7.8397	-0.8400	-0.0014	-8.8382	-7.1603	INFQ +6.3;QBTS +5.8	INFQ +4.2;ASTI +3.8
rerun_grid	ALL	adr_075	2R|trail_max10_20	A_disc	573	227	0	0	0	0	0	0	-1.0000	-1.0000	-1.0000	-0.9666	-0.9666	0.7642	0.0013	-11.3525	4.6342	0.0081	-7.4229	5.6683	0.0099	-5.5307	-2.9902	-0.0052	-10.9827	-3.9830	-0.0070	-11.9812	-16.1170	INFQ +6.3;QBTS +5.8	INFQ +4.2;ASTI +3.8
rerun_grid	ALL	adr_075	2R|trail_max10_20	B	32	15	0	0	0	0	0	0	-1.0000	-1.0000	-1.0000	-0.7587	-0.7587	-10.2031	-0.3188	-17.2031	-7.6109	-0.2378	-11.7937	-7.6020	-0.2376	-11.7848	-4.2876	-0.1340	-6.3790	-4.2876	-0.1340	-6.3790	-12.0598	PHVS +4.0;QCOM +3.0	PHVS +1.4;QCOM +0.7
rerun_grid	ALL	adr_075	2R|time_s3	A	593	234	0	0	0	0	0	0	-1.0000	-1.0000	-1.0000	-1.0000	-1.0000	-20.3268	-0.0343	-33.2671	-18.4217	-0.0311	-30.2169	-10.2616	-0.0173	-22.0568	-17.0389	-0.0287	-24.0481	-18.5510	-0.0313	-25.4948	-37.0940	ZBRA +6.9;FIG +6.0	INFQ +4.0;ASTI +3.0
rerun_grid	ALL	adr_075	2R|time_s3	A_disc	573	227	0	0	0	0	0	0	-1.0000	-1.0000	-1.0000	-1.0000	-1.0000	-34.2300	-0.0597	-47.1703	-28.7350	-0.0501	-40.5302	-20.2509	-0.0353	-32.0461	-22.3584	-0.0390	-29.3675	-23.8704	-0.0417	-30.8142	-50.3712	ZBRA +6.9;FIG +6.0	INFQ +4.0;ASTI +3.0
rerun_grid	ALL	adr_075	2R|time_s3	B	32	15	0	0	0	0	0	0	-1.0000	-1.0000	-1.0000	-0.7587	-0.7587	-9.3184	-0.2912	-16.3184	-8.0289	-0.2509	-12.2117	-7.7901	-0.2434	-11.9729	-4.4966	-0.1405	-6.5880	-4.4966	-0.1405	-6.5880	-11.9448	PHVS +4.0;QCOM +3.0	PHVS +1.4;QCOM +0.7
rerun_grid	ALL	adr_075	2R|time_s5	A	593	234	0	0	0	0	0	0	-1.0000	-1.0000	-1.0000	-1.0000	-1.0000	-35.5862	-0.0600	-48.5804	-29.4281	-0.0496	-41.1845	-20.0399	-0.0338	-31.7962	-22.2382	-0.0375	-29.2176	-24.0075	-0.0405	-30.9215	-55.2839	ZBRA +7.0;FIG +6.0	INFQ +4.0;ASTI +3.0
rerun_grid	ALL	adr_075	2R|time_s5	A_disc	573	227	0	0	0	0	0	0	-1.0000	-1.0000	-1.0000	-1.0000	-1.0000	-45.4529	-0.0793	-58.4471	-36.5155	-0.0637	-48.2719	-27.1661	-0.0474	-38.9225	-25.9646	-0.0453	-32.9439	-27.7339	-0.0484	-34.6478	-64.5246	ZBRA +7.0;FIG +6.0	INFQ +4.0;ASTI +3.0
rerun_grid	ALL	adr_075	2R|time_s5	B	32	15	0	0	0	0	0	0	-1.0000	-1.0000	-1.0000	-0.7587	-0.7587	-12.1870	-0.3808	-19.1870	-9.4966	-0.2968	-13.6794	-9.2232	-0.2882	-13.4060	-5.2304	-0.1635	-7.3218	-5.2304	-0.1635	-7.3218	-14.8134	PHVS +4.0;QCOM +3.0	PHVS +1.4;QCOM +0.7
rerun_grid	ALL	adr_075	2R|time_s10	A	593	234	0	0	0	0	0	0	-1.0000	-1.0000	-1.0000	-1.0000	-1.0000	-51.1942	-0.0863	-65.1942	-41.1204	-0.0693	-54.9156	-34.1851	-0.0576	-47.9803	-28.9725	-0.0489	-37.5185	-30.3157	-0.0511	-38.8693	-72.0747	INFQ +8.0;FIG +6.0	INFQ +5.6;ASTI +3.0
rerun_grid	ALL	adr_075	2R|time_s10	A_disc	573	227	0	0	0	0	0	0	-1.0000	-1.0000	-1.0000	-1.0000	-1.0000	-55.1942	-0.0963	-69.1942	-42.3677	-0.0739	-56.1628	-35.4712	-0.0619	-49.2664	-29.5469	-0.0516	-38.0929	-30.8901	-0.0539	-39.4437	-75.4487	INFQ +8.0;FIG +6.0	INFQ +5.6;ASTI +3.0
rerun_grid	ALL	adr_075	2R|time_s10	B	32	15	0	0	0	0	0	0	-1.0000	-1.0000	-1.0000	-0.7587	-0.7587	-11.0000	-0.3438	-18.0000	-8.5288	-0.2665	-12.7116	-8.6292	-0.2697	-12.8120	-4.7465	-0.1483	-6.8379	-4.7465	-0.1483	-6.8379	-13.6293	PHVS +4.0;QCOM +3.0	PHVS +1.4;QCOM +0.7
rerun_grid	ALL	adr_075	2R|sma21_2x	A	593	234	0	0	0	0	0	0	-1.0000	-1.0000	-1.0000	-1.0000	-1.0000	-26.1195	-0.0440	-38.2747	-19.2257	-0.0324	-31.1761	-16.1522	-0.0272	-28.1026	-16.7461	-0.0282	-24.1471	-17.1048	-0.0288	-24.3468	-45.7998	INFQ +6.2;FIG +6.0	INFQ +4.1;ASTI +3.3
rerun_grid	ALL	adr_075	2R|sma21_2x	A_disc	573	227	0	0	0	0	0	0	-1.0000	-1.0000	-1.0000	-1.0000	-1.0000	-30.6735	-0.0535	-42.8287	-21.0088	-0.0367	-32.9592	-17.9742	-0.0314	-29.9245	-17.5884	-0.0307	-24.9894	-17.9471	-0.0313	-25.1891	-49.7278	INFQ +6.2;FIG +6.0	INFQ +4.1;ASTI +3.3
rerun_grid	ALL	adr_075	2R|sma21_2x	B	32	15	0	0	0	0	0	0	-1.0000	-1.0000	-1.0000	-0.7587	-0.7587	-8.8388	-0.2762	-15.8388	-6.5309	-0.2041	-10.7138	-6.8494	-0.2140	-11.0322	-3.7476	-0.1171	-5.8390	-3.7476	-0.1171	-5.8390	-11.0330	PHVS +4.0;QCOM +3.0	PHVS +1.4;QCOM +0.7
rerun_grid	ALL	adr_075	2R|ema23_2x	A	593	234	0	0	0	0	0	0	-1.0000	-1.0000	-1.0000	-1.0000	-1.0000	-32.5430	-0.0549	-44.6982	-23.2562	-0.0392	-35.2065	-19.4355	-0.0328	-31.3858	-18.6807	-0.0315	-26.0817	-19.1887	-0.0324	-26.4306	-52.4300	INFQ +6.2;FIG +6.0	INFQ +4.1;ASTI +3.3
rerun_grid	ALL	adr_075	2R|ema23_2x	A_disc	573	227	0	0	0	0	0	0	-1.0000	-1.0000	-1.0000	-1.0000	-1.0000	-40.4239	-0.0705	-52.5791	-27.5749	-0.0481	-39.5253	-23.7526	-0.0415	-35.7029	-20.7908	-0.0363	-28.1919	-21.2988	-0.0372	-28.5407	-59.6849	INFQ +6.2;FIG +6.0	INFQ +4.1;ASTI +3.3
rerun_grid	ALL	adr_075	2R|ema23_2x	B	32	15	0	0	0	0	0	0	-1.0000	-1.0000	-1.0000	-0.7587	-0.7587	-7.0132	-0.2192	-14.0132	-5.2128	-0.1629	-9.3956	-5.9366	-0.1855	-10.1194	-3.0885	-0.0965	-5.1799	-3.0885	-0.0965	-5.1799	-9.2074	PHVS +4.0;QCOM +3.0	PHVS +1.4;QCOM +0.7
rerun_grid	ALL	adr_075	2R|sma50_1x	A	593	234	0	0	0	0	0	0	-1.0000	-1.0000	-1.0000	-1.0000	-1.0000	-36.2247	-0.0611	-48.3799	-22.0829	-0.0372	-34.0332	-21.2063	-0.0358	-33.1567	-16.2376	-0.0274	-23.6387	-15.7400	-0.0265	-22.9819	-51.5876	INFQ +6.2;FIG +6.0	INFQ +4.1;ASTI +3.3
rerun_grid	ALL	adr_075	2R|sma50_1x	A_disc	573	227	0	0	0	0	0	0	-1.0000	-1.0000	-1.0000	-1.0000	-1.0000	-40.1365	-0.0700	-52.2917	-22.8086	-0.0398	-34.7589	-22.4263	-0.0391	-34.3767	-16.5035	-0.0288	-23.9045	-16.0058	-0.0279	-23.2477	-54.8734	INFQ +6.2;FIG +6.0	INFQ +4.1;ASTI +3.3
rerun_grid	ALL	adr_075	2R|sma50_1x	B	32	15	0	0	0	0	0	0	-1.0000	-1.0000	-1.0000	-0.7587	-0.7587	-5.5704	-0.1741	-12.5704	-4.7651	-0.1489	-8.9479	-5.2920	-0.1654	-9.4748	-2.8647	-0.0895	-4.9561	-2.8647	-0.0895	-4.9561	-7.4271	PHVS +4.0;QCOM +3.0	PHVS +1.4;QCOM +0.7
rerun_grid	ALL	adr_075	2R|ema65_1x	A	593	234	0	0	0	0	0	0	-1.0000	-1.0000	-1.0000	-1.0000	-1.0000	-45.2711	-0.0763	-55.4393	-31.6396	-0.0534	-41.7070	-27.1564	-0.0458	-37.1564	-22.3211	-0.0376	-29.6029	-23.2858	-0.0393	-30.4085	-60.3166	INFQ +6.0;FTK +4.2	INFQ +4.0;ASTI +3.3
rerun_grid	ALL	adr_075	2R|ema65_1x	A_disc	573	227	0	0	0	0	0	0	-1.0000	-1.0000	-1.0000	-1.0000	-1.0000	-52.4772	-0.0916	-62.6454	-35.6036	-0.0621	-45.6711	-31.0842	-0.0542	-41.0842	-24.2539	-0.0423	-31.5357	-25.2186	-0.0440	-32.3413	-66.8967	INFQ +6.0;FTK +4.2	INFQ +4.0;ASTI +3.3
rerun_grid	ALL	adr_075	2R|ema65_1x	B	32	15	0	0	0	0	0	0	-1.0000	-1.0000	-1.0000	-0.7587	-0.7587	-5.5704	-0.1741	-12.5704	-4.7651	-0.1489	-8.9479	-5.2920	-0.1654	-9.4748	-2.8647	-0.0895	-4.9561	-2.8647	-0.0895	-4.9561	-7.4271	PHVS +4.0;QCOM +3.0	PHVS +1.4;QCOM +0.7
rerun_grid	ALL	adr_075	2R|hv21_50_noreclaim2	A	593	234	0	0	0	0	0	0	-1.0000	-1.0000	-1.0000	-1.0000	-1.0000	-51.1942	-0.0863	-65.1942	-41.1204	-0.0693	-54.9156	-34.1851	-0.0576	-47.9803	-28.9725	-0.0489	-37.5185	-30.3157	-0.0511	-38.8693	-72.0747	INFQ +8.0;FIG +6.0	INFQ +5.6;ASTI +3.0
rerun_grid	ALL	adr_075	2R|hv21_50_noreclaim2	A_disc	573	227	0	0	0	0	0	0	-1.0000	-1.0000	-1.0000	-1.0000	-1.0000	-55.1942	-0.0963	-69.1942	-42.3677	-0.0739	-56.1628	-35.4712	-0.0619	-49.2664	-29.5469	-0.0516	-38.0929	-30.8901	-0.0539	-39.4437	-75.4487	INFQ +8.0;FIG +6.0	INFQ +5.6;ASTI +3.0
rerun_grid	ALL	adr_075	2R|hv21_50_noreclaim2	B	32	15	0	0	0	0	0	0	-1.0000	-1.0000	-1.0000	-0.7587	-0.7587	-11.0000	-0.3438	-18.0000	-8.5288	-0.2665	-12.7116	-8.6292	-0.2697	-12.8120	-4.7465	-0.1483	-6.8379	-4.7465	-0.1483	-6.8379	-13.6293	PHVS +4.0;QCOM +3.0	PHVS +1.4;QCOM +0.7
rerun_grid	ALL	adr_075	3R|none	A	593	234	125	375.0000	312.0787	295.1486	172.7172	174.5990	-1.0000	-1.0000	-1.0000	-1.0000	-1.0000	-46.2939	-0.0781	-62.2939	-43.1845	-0.0728	-57.1845	-32.1074	-0.0541	-46.1074	-31.8927	-0.0538	-41.6269	-35.6037	-0.0600	-45.3379	-70.7223	CLF +8.0;INFQ +8.0	INFQ +5.8;TE +4.0
rerun_grid	ALL	adr_075	3R|none	A_disc	573	227	121	363.0000	303.8355	286.9055	168.5956	170.4774	-1.0000	-1.0000	-1.0000	-1.0000	-1.0000	-43.8048	-0.0764	-59.8048	-38.5767	-0.0673	-52.5767	-28.8844	-0.0504	-42.8844	-29.4645	-0.0514	-39.1987	-33.1755	-0.0579	-42.9097	-67.6072	CLF +8.0;INFQ +8.0	INFQ +5.8;TE +4.0
rerun_grid	ALL	adr_075	3R|none	B	32	15	4	12.0000	5.9621	5.2961	2.9811	2.9811	-1.0000	-1.0000	-1.0000	-0.7587	-0.7587	-16.0000	-0.5000	-24.0000	-13.3998	-0.4187	-17.1365	-12.6446	-0.3951	-16.0080	-7.1820	-0.2244	-9.0504	-7.1820	-0.2244	-9.0504	-18.6293	QCOM +5.0;DG +3.0	QCOM +1.1;CRWD +0.8
rerun_grid	ALL	adr_075	3R|trail_sma10	A	593	234	104	312.0000	255.5820	246.3227	139.6632	140.0549	-1.0000	-1.0000	-1.0000	-0.9666	-0.9666	-1.5498	-0.0026	-16.3919	-5.6820	-0.0096	-17.6991	1.3521	0.0023	-10.6479	-10.7540	-0.0181	-18.5974	-13.1963	-0.0223	-21.0398	-23.6816	ZBRA +8.7;FTK +6.2	TE +4.0;ALAB +3.9
rerun_grid	ALL	adr_075	3R|trail_sma10	A_disc	573	227	100	300.0000	247.3389	238.0796	135.5416	135.9334	-1.0000	-1.0000	-1.0000	-0.9666	-0.9666	-5.2692	-0.0092	-20.1113	-6.7342	-0.0118	-18.7513	-0.5942	-0.0010	-12.5942	-11.2210	-0.0196	-19.0644	-13.6633	-0.0238	-21.5067	-26.8377	ZBRA +8.7;FTK +6.2	TE +4.0;ALAB +3.9
rerun_grid	ALL	adr_075	3R|trail_sma10	B	32	15	3	9.0000	3.7961	3.7961	1.8980	1.8980	-1.0000	-1.0000	-1.0000	-0.7587	-0.7587	-16.2031	-0.5063	-24.2031	-13.2039	-0.4126	-16.5673	-12.1174	-0.3787	-15.4808	-7.0841	-0.2214	-8.7658	-7.0841	-0.2214	-8.7658	-18.0598	QCOM +5.0;DG +3.0	QCOM +1.1;DG +0.6
rerun_grid	ALL	adr_075	3R|trail_sma20	A	593	234	107	321.0000	265.2537	255.8236	145.5790	145.9708	-1.0000	-1.0000	-1.0000	-1.0000	-1.0000	-5.3791	-0.0091	-18.5473	-4.2598	-0.0072	-16.2769	0.2800	0.0005	-11.7200	-9.7279	-0.0164	-17.5713	-11.8286	-0.0199	-19.6720	-26.5470	ZBRA +7.0;FTK +6.2	TE +4.0;ALAB +3.9
rerun_grid	ALL	adr_075	3R|trail_sma20	A_disc	573	227	103	309.0000	257.0106	247.5805	141.4575	141.8493	-1.0000	-1.0000	-1.0000	-1.0000	-1.0000	-5.1670	-0.0090	-18.3352	-1.4807	-0.0026	-13.4978	1.6964	0.0030	-10.3036	-8.2141	-0.0143	-16.0575	-10.3147	-0.0180	-18.1582	-25.7089	ZBRA +7.0;FTK +6.2	TE +4.0;ALAB +3.9
rerun_grid	ALL	adr_075	3R|trail_sma20	B	32	15	3	9.0000	3.7961	3.7961	1.8980	1.8980	-1.0000	-1.0000	-1.0000	-0.7587	-0.7587	-16.2031	-0.5063	-24.2031	-13.2039	-0.4126	-16.5673	-12.1174	-0.3787	-15.4808	-7.0841	-0.2214	-8.7658	-7.0841	-0.2214	-8.7658	-18.0598	QCOM +5.0;DG +3.0	QCOM +1.1;DG +0.6
rerun_grid	ALL	adr_075	3R|trail_max10_20	A	593	234	101	303.0000	248.5829	239.3236	134.6636	135.0554	-1.0000	-1.0000	-1.0000	-0.9666	-0.9666	16.1400	0.0272	1.2979	10.8945	0.0184	-1.1226	14.3230	0.0242	2.3230	-2.4481	-0.0041	-10.2915	-4.3087	-0.0073	-12.1521	-4.7202	ZBRA +8.7;FTK +6.2	TE +4.0;ALAB +3.9
rerun_grid	ALL	adr_075	3R|trail_max10_20	A_disc	573	227	97	291.0000	240.3398	231.0805	130.5421	130.9338	-1.0000	-1.0000	-1.0000	-0.9666	-0.9666	12.4206	0.0217	-2.4215	9.8423	0.0172	-2.1748	12.3767	0.0216	0.3767	-2.9151	-0.0051	-10.7585	-4.7757	-0.0083	-12.6191	-7.8763	ZBRA +8.7;FTK +6.2	TE +4.0;ALAB +3.9
rerun_grid	ALL	adr_075	3R|trail_max10_20	B	32	15	3	9.0000	3.7961	3.7961	1.8980	1.8980	-1.0000	-1.0000	-1.0000	-0.7587	-0.7587	-16.2031	-0.5063	-24.2031	-13.2039	-0.4126	-16.5673	-12.1174	-0.3787	-15.4808	-7.0841	-0.2214	-8.7658	-7.0841	-0.2214	-8.7658	-18.0598	QCOM +5.0;DG +3.0	QCOM +1.1;DG +0.6
rerun_grid	ALL	adr_075	3R|time_s3	A	593	234	79	237.0000	193.2401	182.4653	106.7873	108.0879	-1.0000	-1.0000	-1.0000	-1.0000	-1.0000	-14.5717	-0.0246	-32.5120	-16.9448	-0.0286	-28.9448	-7.6590	-0.0129	-19.6590	-17.7510	-0.0299	-25.4188	-19.5384	-0.0329	-27.2061	-34.7983	ZBRA +9.9;CLF +8.0	TE +4.0;VOYG +3.7
rerun_grid	ALL	adr_075	3R|time_s3	A_disc	573	227	76	228.0000	186.2940	175.5192	103.3142	104.6148	-1.0000	-1.0000	-1.0000	-1.0000	-1.0000	-25.0380	-0.0437	-42.9783	-25.0267	-0.0437	-37.0267	-15.7990	-0.0276	-27.7990	-21.9324	-0.0383	-29.6001	-23.7197	-0.0414	-31.3875	-44.6386	ZBRA +9.9;CLF +8.0	TE +4.0;VOYG +3.7
rerun_grid	ALL	adr_075	3R|time_s3	B	32	15	2	6.0000	2.4821	2.4821	1.2411	1.2411	-1.0000	-1.0000	-1.0000	-0.7587	-0.7587	-13.1716	-0.4116	-19.7462	-11.6975	-0.3655	-14.4366	-10.3810	-0.3244	-13.1201	-6.3309	-0.1978	-7.7004	-6.3309	-0.1978	-7.7004	-15.7980	QCOM +3.6;DG +3.0	QCOM +0.8;DG +0.6
rerun_grid	ALL	adr_075	3R|time_s5	A	593	234	96	288.0000	235.9993	225.2077	130.0237	131.3243	-1.0000	-1.0000	-1.0000	-1.0000	-1.0000	-35.7759	-0.0603	-53.7701	-34.8469	-0.0588	-46.8469	-21.6696	-0.0365	-33.6696	-26.4460	-0.0446	-34.2894	-29.3874	-0.0496	-37.2308	-58.9330	ZBRA +10.0;CLF +8.0	TE +4.0;ALAB +3.9
rerun_grid	ALL	adr_075	3R|time_s5	A_disc	573	227	93	279.0000	229.0531	218.2616	126.5507	127.8512	-1.0000	-1.0000	-1.0000	-1.0000	-1.0000	-37.5516	-0.0655	-55.5458	-35.7510	-0.0624	-47.7510	-23.7992	-0.0415	-35.7992	-27.0056	-0.0471	-34.8490	-29.9470	-0.0523	-37.7904	-60.0827	ZBRA +10.0;CLF +8.0	TE +4.0;ALAB +3.9
rerun_grid	ALL	adr_075	3R|time_s5	B	32	15	3	9.0000	3.7961	3.7961	1.8980	1.8980	-1.0000	-1.0000	-1.0000	-0.7587	-0.7587	-16.5578	-0.5174	-24.5578	-13.9271	-0.4352	-17.2905	-12.5761	-0.3930	-15.9395	-7.4457	-0.2327	-9.1274	-7.4457	-0.2327	-9.1274	-19.1842	QCOM +5.0;DG +3.0	QCOM +1.1;DG +0.6
rerun_grid	ALL	adr_075	3R|time_s10	A	593	234	125	375.0000	312.0787	295.1486	172.7172	174.5990	-1.0000	-1.0000	-1.0000	-1.0000	-1.0000	-46.2939	-0.0781	-62.2939	-43.1845	-0.0728	-57.1845	-32.1074	-0.0541	-46.1074	-31.8927	-0.0538	-41.6269	-35.6037	-0.0600	-45.3379	-70.7223	CLF +8.0;INFQ +8.0	INFQ +5.8;TE +4.0
rerun_grid	ALL	adr_075	3R|time_s10	A_disc	573	227	121	363.0000	303.8355	286.9055	168.5956	170.4774	-1.0000	-1.0000	-1.0000	-1.0000	-1.0000	-43.8048	-0.0764	-59.8048	-38.5767	-0.0673	-52.5767	-28.8844	-0.0504	-42.8844	-29.4645	-0.0514	-39.1987	-33.1755	-0.0579	-42.9097	-67.6072	CLF +8.0;INFQ +8.0	INFQ +5.8;TE +4.0
rerun_grid	ALL	adr_075	3R|time_s10	B	32	15	4	12.0000	5.9621	5.2961	2.9811	2.9811	-1.0000	-1.0000	-1.0000	-0.7587	-0.7587	-16.0000	-0.5000	-24.0000	-13.3998	-0.4187	-17.1365	-12.6446	-0.3951	-16.0080	-7.1820	-0.2244	-9.0504	-7.1820	-0.2244	-9.0504	-18.6293	QCOM +5.0;DG +3.0	QCOM +1.1;CRWD +0.8
rerun_grid	ALL	adr_075	3R|sma21_2x	A	593	234	116	348.0000	288.5150	273.8349	158.2188	160.0959	-1.0000	-1.0000	-1.0000	-1.0000	-1.0000	-22.0257	-0.0371	-37.0257	-21.4650	-0.0362	-33.4650	-14.2597	-0.0240	-26.2597	-20.1784	-0.0340	-28.0218	-22.6121	-0.0381	-30.4555	-45.1217	CLF +8.0;ZBRA +7.0	TE +4.0;ALAB +3.9
rerun_grid	ALL	adr_075	3R|sma21_2x	A_disc	573	227	112	336.0000	280.2719	265.5918	154.0972	155.9744	-1.0000	-1.0000	-1.0000	-1.0000	-1.0000	-20.0906	-0.0351	-35.0906	-17.3930	-0.0304	-29.3930	-11.5725	-0.0202	-23.5725	-18.0181	-0.0314	-25.8616	-20.4518	-0.0357	-28.2952	-42.5606	CLF +8.0;ZBRA +7.0	TE +4.0;ALAB +3.9
rerun_grid	ALL	adr_075	3R|sma21_2x	B	32	15	3	9.0000	3.7961	3.7961	1.8980	1.8980	-1.0000	-1.0000	-1.0000	-0.7587	-0.7587	-14.8388	-0.4637	-22.8388	-12.1239	-0.3789	-15.4874	-11.3648	-0.3551	-14.7282	-6.5441	-0.2045	-8.2258	-6.5441	-0.2045	-8.2258	-17.0330	QCOM +5.0;DG +3.0	QCOM +1.1;DG +0.6
rerun_grid	ALL	adr_075	3R|ema23_2x	A	593	234	113	339.0000	280.3042	268.6241	154.1133	155.4139	-1.0000	-1.0000	-1.0000	-1.0000	-1.0000	-28.4492	-0.0480	-43.4492	-25.2324	-0.0426	-37.2324	-16.2799	-0.0275	-28.2799	-21.6913	-0.0366	-29.5347	-24.4663	-0.0413	-32.3098	-51.7519	CLF +8.0;ZBRA +7.0	TE +4.0;ALAB +3.9
rerun_grid	ALL	adr_075	3R|ema23_2x	A_disc	573	227	109	327.0000	272.0611	260.3810	149.9918	151.2923	-1.0000	-1.0000	-1.0000	-1.0000	-1.0000	-29.8410	-0.0521	-44.8410	-23.6961	-0.0414	-35.6961	-16.0879	-0.0281	-28.0879	-20.7988	-0.0363	-28.6423	-23.5739	-0.0411	-31.4173	-52.5177	CLF +8.0;ZBRA +7.0	TE +4.0;ALAB +3.9
rerun_grid	ALL	adr_075	3R|ema23_2x	B	32	15	4	12.0000	5.9621	5.2961	2.9811	2.9811	-1.0000	-1.0000	-1.0000	-0.7587	-0.7587	-12.0132	-0.3754	-20.0132	-10.0838	-0.3151	-13.8205	-9.9520	-0.3110	-13.3154	-5.5240	-0.1726	-7.3924	-5.5240	-0.1726	-7.3924	-14.2074	QCOM +5.0;DG +3.0	QCOM +1.1;CRWD +0.8
rerun_grid	ALL	adr_075	3R|sma50_1x	A	593	234	99	297.0000	248.0804	238.6805	138.3491	139.4909	-1.0000	-1.0000	-1.0000	-1.0000	-1.0000	-12.4914	-0.0211	-25.6596	-5.9824	-0.0101	-17.9995	-4.7946	-0.0081	-16.7946	-8.0479	-0.0136	-15.6241	-8.8961	-0.0150	-16.4723	-27.8543	ZBRA +7.0;FTK +6.2	ALAB +3.9;VOYG +3.7
rerun_grid	ALL	adr_075	3R|sma50_1x	A_disc	573	227	95	285.0000	239.8373	230.4374	134.2276	135.3694	-1.0000	-1.0000	-1.0000	-1.0000	-1.0000	-12.9141	-0.0225	-26.0823	-3.8531	-0.0067	-15.8702	-3.7554	-0.0066	-15.7554	-6.8862	-0.0120	-14.4624	-7.7344	-0.0135	-15.3106	-27.6510	ZBRA +7.0;FTK +6.2	ALAB +3.9;VOYG +3.7
rerun_grid	ALL	adr_075	3R|sma50_1x	B	32	15	4	12.0000	5.9621	5.2961	2.9811	2.9811	-1.0000	-1.0000	-1.0000	-0.7587	-0.7587	-10.5704	-0.3303	-18.5704	-9.6360	-0.3011	-13.3727	-9.3074	-0.2909	-12.6708	-5.3002	-0.1656	-7.1685	-5.3002	-0.1656	-7.1685	-12.4271	QCOM +5.0;DG +3.0	QCOM +1.1;CRWD +0.8
rerun_grid	ALL	adr_075	3R|ema65_1x	A	593	234	98	294.0000	243.6835	233.5034	136.2913	137.4331	-1.0000	-1.0000	-1.0000	-1.0000	-1.0000	-25.7460	-0.0434	-38.9142	-19.8496	-0.0335	-31.8667	-14.6523	-0.0247	-26.6523	-16.3148	-0.0275	-23.8910	-18.6253	-0.0314	-26.2016	-40.7915	ZBRA +7.0;FTK +6.2	ALAB +3.9;VOYG +3.7
rerun_grid	ALL	adr_075	3R|ema65_1x	A_disc	573	227	94	282.0000	235.4403	225.2603	132.1697	133.3115	-1.0000	-1.0000	-1.0000	-1.0000	-1.0000	-27.1515	-0.0474	-40.3197	-18.6118	-0.0325	-30.6289	-14.5874	-0.0255	-26.5874	-15.5716	-0.0272	-23.1478	-17.8821	-0.0312	-25.4584	-41.5710	ZBRA +7.0;FTK +6.2	ALAB +3.9;VOYG +3.7
rerun_grid	ALL	adr_075	3R|ema65_1x	B	32	15	4	12.0000	5.9621	5.2961	2.9811	2.9811	-1.0000	-1.0000	-1.0000	-0.7587	-0.7587	-10.5704	-0.3303	-18.5704	-9.6360	-0.3011	-13.3727	-9.3074	-0.2909	-12.6708	-5.3002	-0.1656	-7.1685	-5.3002	-0.1656	-7.1685	-12.4271	QCOM +5.0;DG +3.0	QCOM +1.1;CRWD +0.8
rerun_grid	ALL	adr_075	3R|hv21_50_noreclaim2	A	593	234	125	375.0000	312.0787	295.1486	172.7172	174.5990	-1.0000	-1.0000	-1.0000	-1.0000	-1.0000	-46.2939	-0.0781	-62.2939	-43.1845	-0.0728	-57.1845	-32.1074	-0.0541	-46.1074	-31.8927	-0.0538	-41.6269	-35.6037	-0.0600	-45.3379	-70.7223	CLF +8.0;INFQ +8.0	INFQ +5.8;TE +4.0
rerun_grid	ALL	adr_075	3R|hv21_50_noreclaim2	A_disc	573	227	121	363.0000	303.8355	286.9055	168.5956	170.4774	-1.0000	-1.0000	-1.0000	-1.0000	-1.0000	-43.8048	-0.0764	-59.8048	-38.5767	-0.0673	-52.5767	-28.8844	-0.0504	-42.8844	-29.4645	-0.0514	-39.1987	-33.1755	-0.0579	-42.9097	-67.6072	CLF +8.0;INFQ +8.0	INFQ +5.8;TE +4.0
rerun_grid	ALL	adr_075	3R|hv21_50_noreclaim2	B	32	15	4	12.0000	5.9621	5.2961	2.9811	2.9811	-1.0000	-1.0000	-1.0000	-0.7587	-0.7587	-16.0000	-0.5000	-24.0000	-13.3998	-0.4187	-17.1365	-12.6446	-0.3951	-16.0080	-7.1820	-0.2244	-9.0504	-7.1820	-0.2244	-9.0504	-18.6293	QCOM +5.0;DG +3.0	QCOM +1.1;CRWD +0.8
rerun_grid	ALL	adr_075	1ADR|none	A	593	234	0	0	0	0	0	0	-1.0000	-1.0000	-1.0000	-1.0000	-1.0000	-14.1483	-0.0239	-23.4814	-11.4058	-0.0192	-20.6024	-2.7764	-0.0047	-11.9729	-9.9499	-0.0168	-15.6035	-11.2546	-0.0190	-16.9082	-30.6015	INFQ +5.3;ACAD +4.0	INFQ +3.7;FIG +2.0
rerun_grid	ALL	adr_075	1ADR|none	A_disc	573	227	0	0	0	0	0	0	-1.0000	-1.0000	-1.0000	-1.0000	-1.0000	-19.8146	-0.0346	-29.1477	-15.5685	-0.0272	-24.7650	-6.8543	-0.0120	-16.0509	-12.1780	-0.0213	-17.8316	-13.4827	-0.0235	-19.1363	-35.6418	INFQ +5.3;ACAD +4.0	INFQ +3.7;FIG +2.0
rerun_grid	ALL	adr_075	1ADR|none	B	32	15	0	0	0	0	0	0	-1.0000	-1.0000	-1.0000	-0.7587	-0.7587	-6.3337	-0.1979	-11.6669	-5.2592	-0.1643	-9.4341	-5.2604	-0.1644	-8.8296	-3.1117	-0.0972	-5.1992	-3.1117	-0.0972	-5.1992	-8.9601	PHVS +2.7;SEI +2.7	SEI +1.1;PHVS +1.0
rerun_grid	ALL	adr_075	1ADR|trail_sma10	A	593	234	0	0	0	0	0	0	-1.0000	-1.0000	-1.0000	-0.9666	-0.9666	6.6319	0.0112	-1.6491	6.9922	0.0118	-0.7557	11.5168	0.0194	3.7689	-0.2877	-0.0005	-5.6936	-0.8104	-0.0014	-6.2222	-7.6569	INFQ +4.3;ACAD +4.0	INFQ +2.9;ASTI +2.5
rerun_grid	ALL	adr_075	1ADR|trail_sma10	A_disc	573	227	0	0	0	0	0	0	-1.0000	-1.0000	-1.0000	-0.9666	-0.9666	-2.8626	-0.0050	-11.1436	-0.5056	-0.0009	-8.2535	4.4047	0.0077	-3.3432	-4.1833	-0.0073	-9.5893	-4.7061	-0.0082	-10.1178	-16.5881	INFQ +4.3;ACAD +4.0	INFQ +2.9;ASTI +2.5
rerun_grid	ALL	adr_075	1ADR|trail_sma10	B	32	15	0	0	0	0	0	0	-1.0000	-1.0000	-1.0000	-0.7587	-0.7587	-7.2034	-0.2251	-12.5366	-5.6762	-0.1774	-9.8511	-5.6499	-0.1766	-9.2190	-3.3202	-0.1038	-5.4077	-3.3202	-0.1038	-5.4077	-9.0572	PHVS +2.7;SEI +2.7	SEI +1.1;PHVS +1.0
rerun_grid	ALL	adr_075	1ADR|trail_sma20	A	593	234	0	0	0	0	0	0	-1.0000	-1.0000	-1.0000	-1.0000	-1.0000	4.8485	0.0082	-3.4325	7.7406	0.0131	-0.4038	10.4576	0.0176	2.3132	1.0586	0.0018	-4.3474	0.8100	0.0014	-4.6017	-8.4764	INFQ +4.3;ACAD +4.0	INFQ +2.9;ASTI +2.5
rerun_grid	ALL	adr_075	1ADR|trail_sma20	A_disc	573	227	0	0	0	0	0	0	-1.0000	-1.0000	-1.0000	-1.0000	-1.0000	-3.0948	-0.0054	-11.3758	1.7492	0.0031	-6.3952	4.5731	0.0080	-3.5713	-2.0839	-0.0036	-7.4898	-2.3325	-0.0041	-7.7442	-15.7937	INFQ +4.3;ACAD +4.0	INFQ +2.9;ASTI +2.5
rerun_grid	ALL	adr_075	1ADR|trail_sma20	B	32	15	0	0	0	0	0	0	-1.0000	-1.0000	-1.0000	-0.7587	-0.7587	-7.2034	-0.2251	-12.5366	-5.6762	-0.1774	-9.8511	-5.6499	-0.1766	-9.2190	-3.3202	-0.1038	-5.4077	-3.3202	-0.1038	-5.4077	-9.0572	PHVS +2.7;SEI +2.7	SEI +1.1;PHVS +1.0
rerun_grid	ALL	adr_075	1ADR|trail_max10_20	A	593	234	0	0	0	0	0	0	-1.0000	-1.0000	-1.0000	-0.9666	-0.9666	13.9220	0.0235	5.6410	13.9551	0.0235	5.8783	15.7101	0.0265	7.9622	3.0982	0.0052	-2.3077	2.9360	0.0050	-2.4758	0.9048	INFQ +4.3;ACAD +4.0	INFQ +2.9;ASTI +2.5
rerun_grid	ALL	adr_075	1ADR|trail_max10_20	A_disc	573	227	0	0	0	0	0	0	-1.0000	-1.0000	-1.0000	-0.9666	-0.9666	4.4275	0.0077	-3.8535	6.4573	0.0113	-1.6195	8.5979	0.0150	0.8500	-0.7975	-0.0014	-6.2034	-0.9597	-0.0017	-6.3715	-8.0264	INFQ +4.3;ACAD +4.0	INFQ +2.9;ASTI +2.5
rerun_grid	ALL	adr_075	1ADR|trail_max10_20	B	32	15	0	0	0	0	0	0	-1.0000	-1.0000	-1.0000	-0.7587	-0.7587	-7.2034	-0.2251	-12.5366	-5.6762	-0.1774	-9.8511	-5.6499	-0.1766	-9.2190	-3.3202	-0.1038	-5.4077	-3.3202	-0.1038	-5.4077	-9.0572	PHVS +2.7;SEI +2.7	SEI +1.1;PHVS +1.0
rerun_grid	ALL	adr_075	1ADR|time_s3	A	593	234	0	0	0	0	0	0	-1.0000	-1.0000	-1.0000	-1.0000	-1.0000	-22.6099	-0.0381	-31.5500	-20.5865	-0.0347	-28.4497	-11.5247	-0.0194	-19.3879	-15.4280	-0.0260	-20.0571	-16.8484	-0.0284	-21.4775	-36.6097	ZBRA +4.9;ACAD +4.0	INFQ +2.7;FIG +2.0
rerun_grid	ALL	adr_075	1ADR|time_s3	A_disc	573	227	0	0	0	0	0	0	-1.0000	-1.0000	-1.0000	-1.0000	-1.0000	-31.7504	-0.0554	-40.6905	-27.5106	-0.0480	-35.3739	-18.3286	-0.0320	-26.1918	-19.0369	-0.0332	-23.6659	-20.4572	-0.0357	-25.0863	-45.1242	ZBRA +4.9;ACAD +4.0	INFQ +2.7;FIG +2.0
rerun_grid	ALL	adr_075	1ADR|time_s3	B	32	15	0	0	0	0	0	0	-1.0000	-1.0000	-1.0000	-0.7587	-0.7587	-6.3337	-0.1979	-11.6669	-5.2592	-0.1643	-9.4341	-5.2604	-0.1644	-8.8296	-3.1117	-0.0972	-5.1992	-3.1117	-0.0972	-5.1992	-8.9601	PHVS +2.7;SEI +2.7	SEI +1.1;PHVS +1.0
rerun_grid	ALL	adr_075	1ADR|time_s5	A	593	234	0	0	0	0	0	0	-1.0000	-1.0000	-1.0000	-1.0000	-1.0000	-17.2724	-0.0291	-27.5997	-13.9446	-0.0235	-23.1412	-4.7588	-0.0080	-13.9553	-10.5398	-0.0178	-16.1934	-11.9431	-0.0201	-17.5967	-32.5428	INFQ +5.3;ZBRA +5.0	INFQ +3.7;FIG +2.0
rerun_grid	ALL	adr_075	1ADR|time_s5	A_disc	573	227	0	0	0	0	0	0	-1.0000	-1.0000	-1.0000	-1.0000	-1.0000	-23.7476	-0.0414	-34.0749	-18.8896	-0.0330	-28.0861	-9.6191	-0.0168	-18.8156	-13.1590	-0.0230	-18.8126	-14.5624	-0.0254	-20.2160	-38.3920	INFQ +5.3;ZBRA +5.0	INFQ +3.7;FIG +2.0
rerun_grid	ALL	adr_075	1ADR|time_s5	B	32	15	0	0	0	0	0	0	-1.0000	-1.0000	-1.0000	-0.7587	-0.7587	-6.3337	-0.1979	-11.6669	-5.2592	-0.1643	-9.4341	-5.2604	-0.1644	-8.8296	-3.1117	-0.0972	-5.1992	-3.1117	-0.0972	-5.1992	-8.9601	PHVS +2.7;SEI +2.7	SEI +1.1;PHVS +1.0
rerun_grid	ALL	adr_075	1ADR|time_s10	A	593	234	0	0	0	0	0	0	-1.0000	-1.0000	-1.0000	-1.0000	-1.0000	-14.1483	-0.0239	-23.4814	-11.4058	-0.0192	-20.6024	-2.7764	-0.0047	-11.9729	-9.9499	-0.0168	-15.6035	-11.2546	-0.0190	-16.9082	-30.6015	INFQ +5.3;ACAD +4.0	INFQ +3.7;FIG +2.0
rerun_grid	ALL	adr_075	1ADR|time_s10	A_disc	573	227	0	0	0	0	0	0	-1.0000	-1.0000	-1.0000	-1.0000	-1.0000	-19.8146	-0.0346	-29.1477	-15.5685	-0.0272	-24.7650	-6.8543	-0.0120	-16.0509	-12.1780	-0.0213	-17.8316	-13.4827	-0.0235	-19.1363	-35.6418	INFQ +5.3;ACAD +4.0	INFQ +3.7;FIG +2.0
rerun_grid	ALL	adr_075	1ADR|time_s10	B	32	15	0	0	0	0	0	0	-1.0000	-1.0000	-1.0000	-0.7587	-0.7587	-6.3337	-0.1979	-11.6669	-5.2592	-0.1643	-9.4341	-5.2604	-0.1644	-8.8296	-3.1117	-0.0972	-5.1992	-3.1117	-0.0972	-5.1992	-8.9601	PHVS +2.7;SEI +2.7	SEI +1.1;PHVS +1.0
rerun_grid	ALL	adr_075	1ADR|sma21_2x	A	593	234	0	0	0	0	0	0	-1.0000	-1.0000	-1.0000	-1.0000	-1.0000	-5.9953	-0.0101	-14.2701	-3.5271	-0.0059	-11.8019	1.7561	0.0030	-6.5187	-5.7441	-0.0097	-11.2597	-6.0625	-0.0102	-11.5781	-21.2483	INFQ +4.2;QUBT +4.1	INFQ +2.8;QUBT +2.7
rerun_grid	ALL	adr_075	1ADR|sma21_2x	A_disc	573	227	0	0	0	0	0	0	-1.0000	-1.0000	-1.0000	-1.0000	-1.0000	-12.2156	-0.0213	-20.4904	-8.2256	-0.0144	-16.5004	-2.8577	-0.0050	-11.1325	-8.2401	-0.0144	-13.7557	-8.5585	-0.0149	-14.0741	-26.8426	INFQ +4.2;QUBT +4.1	INFQ +2.8;QUBT +2.7
rerun_grid	ALL	adr_075	1ADR|sma21_2x	B	32	15	0	0	0	0	0	0	-1.0000	-1.0000	-1.0000	-0.7587	-0.7587	-4.4404	-0.1388	-9.7736	-3.5728	-0.1117	-7.7478	-4.1380	-0.1293	-7.7071	-2.2685	-0.0709	-4.3560	-2.2685	-0.0709	-4.3560	-6.6317	PHVS +2.7;SEI +2.7	SEI +1.1;PHVS +1.0
rerun_grid	ALL	adr_075	1ADR|ema23_2x	A	593	234	0	0	0	0	0	0	-1.0000	-1.0000	-1.0000	-1.0000	-1.0000	-2.3165	-0.0039	-10.5913	0.3768	0.0006	-7.8980	5.6195	0.0095	-2.6553	-3.4772	-0.0059	-8.9928	-3.7956	-0.0064	-9.3112	-17.7762	INFQ +4.2;QUBT +4.1	INFQ +2.8;QUBT +2.7
rerun_grid	ALL	adr_075	1ADR|ema23_2x	A_disc	573	227	0	0	0	0	0	0	-1.0000	-1.0000	-1.0000	-1.0000	-1.0000	-11.8637	-0.0207	-20.1385	-6.8573	-0.0120	-15.1321	-1.4895	-0.0026	-9.7643	-7.2410	-0.0126	-12.7566	-7.5594	-0.0132	-13.0750	-26.6974	INFQ +4.2;QUBT +4.1	INFQ +2.8;QUBT +2.7
rerun_grid	ALL	adr_075	1ADR|ema23_2x	B	32	15	0	0	0	0	0	0	-1.0000	-1.0000	-1.0000	-0.7587	-0.7587	-4.4404	-0.1388	-9.7736	-3.5728	-0.1117	-7.7478	-4.1380	-0.1293	-7.7071	-2.2685	-0.0709	-4.3560	-2.2685	-0.0709	-4.3560	-6.6317	PHVS +2.7;SEI +2.7	SEI +1.1;PHVS +1.0
rerun_grid	ALL	adr_075	1ADR|sma50_1x	A	593	234	0	0	0	0	0	0	-1.0000	-1.0000	-1.0000	-1.0000	-1.0000	1.0836	0.0018	-7.0714	5.1759	0.0087	-2.8425	7.2953	0.0123	-0.7231	0.0064	0.0000	-4.8081	0.6504	0.0011	-4.0980	-11.5119	INFQ +4.2;ACAD +4.0	INFQ +2.8;ASTI +2.0
rerun_grid	ALL	adr_075	1ADR|sma50_1x	A_disc	573	227	0	0	0	0	0	0	-1.0000	-1.0000	-1.0000	-1.0000	-1.0000	-5.1612	-0.0090	-13.3162	0.8681	0.0015	-7.1503	2.7835	0.0049	-5.2350	-2.2631	-0.0039	-7.0776	-1.6192	-0.0028	-6.3675	-17.1307	INFQ +4.2;ACAD +4.0	INFQ +2.8;ASTI +2.0
rerun_grid	ALL	adr_075	1ADR|sma50_1x	B	32	15	0	0	0	0	0	0	-1.0000	-1.0000	-1.0000	-0.7587	-0.7587	-3.2374	-0.1012	-8.5706	-3.3117	-0.1035	-7.4867	-3.6732	-0.1148	-7.2424	-2.1380	-0.0668	-4.2255	-2.1380	-0.0668	-4.2255	-5.0912	PHVS +2.7;SEI +2.7	SEI +1.1;PHVS +1.0
rerun_grid	ALL	adr_075	1ADR|ema65_1x	A	593	234	0	0	0	0	0	0	-1.0000	-1.0000	-1.0000	-1.0000	-1.0000	-10.3482	-0.0175	-18.4241	-5.0652	-0.0085	-13.1411	-0.5846	-0.0010	-8.6017	-5.7476	-0.0097	-11.5467	-6.1269	-0.0103	-11.9260	-22.6263	RDW +4.1;ACAD +4.0	RDW +3.1;INFQ +2.7
rerun_grid	ALL	adr_075	1ADR|ema65_1x	A_disc	573	227	0	0	0	0	0	0	-1.0000	-1.0000	-1.0000	-1.0000	-1.0000	-18.9286	-0.0330	-27.0045	-11.6727	-0.0204	-19.7486	-7.0853	-0.0124	-15.1024	-9.1981	-0.0161	-14.9973	-9.5774	-0.0167	-15.3766	-30.5807	RDW +4.1;ACAD +4.0	RDW +3.1;INFQ +2.7
rerun_grid	ALL	adr_075	1ADR|ema65_1x	B	32	15	0	0	0	0	0	0	-1.0000	-1.0000	-1.0000	-0.7587	-0.7587	-3.2374	-0.1012	-8.5706	-3.3117	-0.1035	-7.4867	-3.6732	-0.1148	-7.2424	-2.1380	-0.0668	-4.2255	-2.1380	-0.0668	-4.2255	-5.0912	PHVS +2.7;SEI +2.7	SEI +1.1;PHVS +1.0
rerun_grid	ALL	adr_075	1ADR|hv21_50_noreclaim2	A	593	234	0	0	0	0	0	0	-1.0000	-1.0000	-1.0000	-1.0000	-1.0000	-14.1483	-0.0239	-23.4814	-11.4058	-0.0192	-20.6024	-2.7764	-0.0047	-11.9729	-9.9499	-0.0168	-15.6035	-11.2546	-0.0190	-16.9082	-30.6015	INFQ +5.3;ACAD +4.0	INFQ +3.7;FIG +2.0
rerun_grid	ALL	adr_075	1ADR|hv21_50_noreclaim2	A_disc	573	227	0	0	0	0	0	0	-1.0000	-1.0000	-1.0000	-1.0000	-1.0000	-19.8146	-0.0346	-29.1477	-15.5685	-0.0272	-24.7650	-6.8543	-0.0120	-16.0509	-12.1780	-0.0213	-17.8316	-13.4827	-0.0235	-19.1363	-35.6418	INFQ +5.3;ACAD +4.0	INFQ +3.7;FIG +2.0
rerun_grid	ALL	adr_075	1ADR|hv21_50_noreclaim2	B	32	15	0	0	0	0	0	0	-1.0000	-1.0000	-1.0000	-0.7587	-0.7587	-6.3337	-0.1979	-11.6669	-5.2592	-0.1643	-9.4341	-5.2604	-0.1644	-8.8296	-3.1117	-0.0972	-5.1992	-3.1117	-0.0972	-5.1992	-8.9601	PHVS +2.7;SEI +2.7	SEI +1.1;PHVS +1.0
rerun_grid	ALL	adr_075	2ADR|none	A	593	234	0	0	0	0	0	0	-1.0000	-1.0000	-1.0000	-1.0000	-1.0000	-70.1295	-0.1183	-84.1297	-62.7818	-0.1059	-75.1153	-50.8430	-0.0857	-63.1765	-41.9040	-0.0707	-50.4855	-45.6350	-0.0770	-54.2165	-94.5579	CLF +7.0;INFQ +7.0	INFQ +5.1;TE +3.5
rerun_grid	ALL	adr_075	2ADR|none	A_disc	573	227	0	0	0	0	0	0	-1.0000	-1.0000	-1.0000	-1.0000	-1.0000	-66.3072	-0.1157	-80.3074	-57.2583	-0.0999	-69.5918	-46.7042	-0.0815	-59.0377	-39.0179	-0.0681	-47.5995	-42.7489	-0.0746	-51.3305	-90.1096	CLF +7.0;INFQ +7.0	INFQ +5.1;TE +3.5
rerun_grid	ALL	adr_075	2ADR|none	B	32	15	0	0	0	0	0	0	-1.0000	-1.0000	-1.0000	-0.7587	-0.7587	-17.3332	-0.5417	-24.3333	-14.0622	-0.4394	-17.2646	-13.2329	-0.4135	-16.1746	-7.5132	-0.2348	-9.1145	-7.5132	-0.2348	-9.1145	-19.9625	QCOM +4.3;DG +2.7	QCOM +1.0;CRWD +0.6
rerun_grid	ALL	adr_075	2ADR|trail_sma10	A	593	234	0	0	0	0	0	0	-1.0000	-1.0000	-1.0000	-0.9666	-0.9666	-23.5436	-0.0397	-36.7192	-22.6311	-0.0382	-33.3318	-15.7106	-0.0265	-26.3774	-18.9777	-0.0320	-25.9498	-21.2745	-0.0359	-28.2466	-45.6754	ZBRA +7.7;FTK +5.5	TE +3.5;ALAB +3.4
rerun_grid	ALL	adr_075	2ADR|trail_sma10	A_disc	573	227	0	0	0	0	0	0	-1.0000	-1.0000	-1.0000	-0.9666	-0.9666	-25.9298	-0.0453	-39.1054	-22.7676	-0.0397	-33.4682	-16.7411	-0.0292	-27.4079	-18.9868	-0.0331	-25.9588	-21.2836	-0.0371	-28.2556	-47.4983	ZBRA +7.7;FTK +5.5	TE +3.5;ALAB +3.4
rerun_grid	ALL	adr_075	2ADR|trail_sma10	B	32	15	0	0	0	0	0	0	-1.0000	-1.0000	-1.0000	-0.7587	-0.7587	-17.2030	-0.5376	-24.2031	-13.6256	-0.4258	-16.5673	-12.5391	-0.3918	-15.4808	-7.2949	-0.2280	-8.7658	-7.2949	-0.2280	-8.7658	-19.0597	QCOM +4.3;DG +2.7	QCOM +1.0;DG +0.5
rerun_grid	ALL	adr_075	2ADR|trail_sma20	A	593	234	0	0	0	0	0	0	-1.0000	-1.0000	-1.0000	-1.0000	-1.0000	-27.0884	-0.0457	-38.5901	-21.6411	-0.0365	-32.3418	-17.0728	-0.0288	-27.7396	-18.2878	-0.0308	-25.2598	-20.2428	-0.0341	-27.2149	-48.2563	ZBRA +6.0;FTK +5.5	TE +3.5;ALAB +3.4
rerun_grid	ALL	adr_075	2ADR|trail_sma20	A_disc	573	227	0	0	0	0	0	0	-1.0000	-1.0000	-1.0000	-1.0000	-1.0000	-25.5431	-0.0446	-37.0448	-17.9462	-0.0313	-28.6469	-14.7406	-0.0257	-25.4074	-16.3160	-0.0285	-23.2880	-18.2711	-0.0319	-25.2431	-46.0850	ZBRA +6.0;FTK +5.5	TE +3.5;ALAB +3.4
rerun_grid	ALL	adr_075	2ADR|trail_sma20	B	32	15	0	0	0	0	0	0	-1.0000	-1.0000	-1.0000	-0.7587	-0.7587	-17.2030	-0.5376	-24.2031	-13.6256	-0.4258	-16.5673	-12.5391	-0.3918	-15.4808	-7.2949	-0.2280	-8.7658	-7.2949	-0.2280	-8.7658	-19.0597	QCOM +4.3;DG +2.7	QCOM +1.0;DG +0.5
rerun_grid	ALL	adr_075	2ADR|trail_max10_20	A	593	234	0	0	0	0	0	0	-1.0000	-1.0000	-1.0000	-0.9666	-0.9666	-5.3603	-0.0090	-18.5359	-5.7226	-0.0097	-16.4233	-2.4077	-0.0041	-13.0745	-10.3392	-0.0174	-17.3112	-12.0543	-0.0203	-19.0263	-26.2205	ZBRA +7.7;FTK +5.5	TE +3.5;ALAB +3.4
rerun_grid	ALL	adr_075	2ADR|trail_max10_20	A_disc	573	227	0	0	0	0	0	0	-1.0000	-1.0000	-1.0000	-0.9666	-0.9666	-7.7465	-0.0135	-20.9221	-5.8590	-0.0102	-16.5597	-3.4382	-0.0060	-14.1050	-10.3483	-0.0181	-17.3203	-12.0634	-0.0211	-19.0354	-28.0434	ZBRA +7.7;FTK +5.5	TE +3.5;ALAB +3.4
rerun_grid	ALL	adr_075	2ADR|trail_max10_20	B	32	15	0	0	0	0	0	0	-1.0000	-1.0000	-1.0000	-0.7587	-0.7587	-17.2030	-0.5376	-24.2031	-13.6256	-0.4258	-16.5673	-12.5391	-0.3918	-15.4808	-7.2949	-0.2280	-8.7658	-7.2949	-0.2280	-8.7658	-19.0597	QCOM +4.3;DG +2.7	QCOM +1.0;DG +0.5
rerun_grid	ALL	adr_075	2ADR|time_s3	A	593	234	0	0	0	0	0	0	-1.0000	-1.0000	-1.0000	-1.0000	-1.0000	-30.2380	-0.0510	-46.1785	-29.4121	-0.0496	-40.0789	-19.0288	-0.0321	-29.6956	-23.5180	-0.0397	-30.3339	-25.4035	-0.0428	-32.2194	-50.4646	ZBRA +8.9;CLF +7.0	TE +3.5;VOYG +3.3
rerun_grid	ALL	adr_075	2ADR|time_s3	A_disc	573	227	0	0	0	0	0	0	-1.0000	-1.0000	-1.0000	-1.0000	-1.0000	-40.3550	-0.0704	-56.2955	-37.0036	-0.0646	-47.6704	-26.6784	-0.0466	-37.3452	-27.4541	-0.0479	-34.2700	-29.3396	-0.0512	-36.1555	-59.9556	ZBRA +8.9;CLF +7.0	TE +3.5;VOYG +3.3
rerun_grid	ALL	adr_075	2ADR|time_s3	B	32	15	0	0	0	0	0	0	-1.0000	-1.0000	-1.0000	-0.7587	-0.7587	-12.7461	-0.3983	-19.7462	-11.4949	-0.3592	-14.5330	-10.1785	-0.3181	-13.2165	-6.2296	-0.1947	-7.7486	-6.2296	-0.1947	-7.7486	-15.3725	QCOM +4.3;DG +2.7	QCOM +1.0;PHVS +0.6
rerun_grid	ALL	adr_075	2ADR|time_s5	A	593	234	0	0	0	0	0	0	-1.0000	-1.0000	-1.0000	-1.0000	-1.0000	-51.1017	-0.0862	-67.0961	-47.5390	-0.0802	-58.2058	-33.3672	-0.0563	-44.0340	-32.7905	-0.0553	-39.7625	-35.8343	-0.0604	-42.8064	-74.2588	ZBRA +9.0;CLF +7.0	TE +3.5;ALAB +3.4
rerun_grid	ALL	adr_075	2ADR|time_s5	A_disc	573	227	0	0	0	0	0	0	-1.0000	-1.0000	-1.0000	-1.0000	-1.0000	-53.4702	-0.0933	-69.4646	-48.3599	-0.0844	-59.0267	-35.4136	-0.0618	-46.0804	-33.3085	-0.0581	-40.2805	-36.3524	-0.0634	-43.3244	-76.0013	ZBRA +9.0;CLF +7.0	TE +3.5;ALAB +3.4
rerun_grid	ALL	adr_075	2ADR|time_s5	B	32	15	0	0	0	0	0	0	-1.0000	-1.0000	-1.0000	-0.7587	-0.7587	-17.5577	-0.5487	-24.5578	-14.3488	-0.4484	-17.2905	-12.9978	-0.4062	-15.9395	-7.6565	-0.2393	-9.1274	-7.6565	-0.2393	-9.1274	-20.1841	QCOM +4.3;DG +2.7	QCOM +1.0;DG +0.5
rerun_grid	ALL	adr_075	2ADR|time_s10	A	593	234	0	0	0	0	0	0	-1.0000	-1.0000	-1.0000	-1.0000	-1.0000	-70.1295	-0.1183	-84.1297	-62.7818	-0.1059	-75.1153	-50.8430	-0.0857	-63.1765	-41.9040	-0.0707	-50.4855	-45.6350	-0.0770	-54.2165	-94.5579	CLF +7.0;INFQ +7.0	INFQ +5.1;TE +3.5
rerun_grid	ALL	adr_075	2ADR|time_s10	A_disc	573	227	0	0	0	0	0	0	-1.0000	-1.0000	-1.0000	-1.0000	-1.0000	-66.3072	-0.1157	-80.3074	-57.2583	-0.0999	-69.5918	-46.7042	-0.0815	-59.0377	-39.0179	-0.0681	-47.5995	-42.7489	-0.0746	-51.3305	-90.1096	CLF +7.0;INFQ +7.0	INFQ +5.1;TE +3.5
rerun_grid	ALL	adr_075	2ADR|time_s10	B	32	15	0	0	0	0	0	0	-1.0000	-1.0000	-1.0000	-0.7587	-0.7587	-17.3332	-0.5417	-24.3333	-14.0622	-0.4394	-17.2646	-13.2329	-0.4135	-16.1746	-7.5132	-0.2348	-9.1145	-7.5132	-0.2348	-9.1145	-19.9625	QCOM +4.3;DG +2.7	QCOM +1.0;CRWD +0.6
rerun_grid	ALL	adr_075	2ADR|sma21_2x	A	593	234	0	0	0	0	0	0	-1.0000	-1.0000	-1.0000	-1.0000	-1.0000	-42.8616	-0.0723	-55.8618	-38.4444	-0.0648	-49.1112	-30.6274	-0.0516	-41.2942	-28.5790	-0.0482	-35.5510	-31.0321	-0.0523	-38.0041	-65.9576	CLF +7.0;ZBRA +6.0	TE +3.5;ALAB +3.4
rerun_grid	ALL	adr_075	2ADR|sma21_2x	A_disc	573	227	0	0	0	0	0	0	-1.0000	-1.0000	-1.0000	-1.0000	-1.0000	-39.5933	-0.0691	-52.5935	-33.4566	-0.0584	-44.1234	-27.0244	-0.0472	-37.6912	-25.9608	-0.0453	-32.9328	-28.4139	-0.0496	-35.3860	-62.0633	CLF +7.0;ZBRA +6.0	TE +3.5;ALAB +3.4
rerun_grid	ALL	adr_075	2ADR|sma21_2x	B	32	15	0	0	0	0	0	0	-1.0000	-1.0000	-1.0000	-0.7587	-0.7587	-15.8387	-0.4950	-22.8388	-12.5457	-0.3921	-15.4874	-11.7865	-0.3683	-14.7282	-6.7550	-0.2111	-8.2258	-6.7550	-0.2111	-8.2258	-18.0329	QCOM +4.3;DG +2.7	QCOM +1.0;DG +0.5
rerun_grid	ALL	adr_075	2ADR|ema23_2x	A	593	234	0	0	0	0	0	0	-1.0000	-1.0000	-1.0000	-1.0000	-1.0000	-48.2852	-0.0814	-61.2854	-41.2996	-0.0696	-51.9664	-32.0687	-0.0541	-42.7355	-29.6358	-0.0500	-36.6078	-32.3662	-0.0546	-39.3382	-71.5879	CLF +7.0;ZBRA +6.0	TE +3.5;ALAB +3.4
rerun_grid	ALL	adr_075	2ADR|ema23_2x	A_disc	573	227	0	0	0	0	0	0	-1.0000	-1.0000	-1.0000	-1.0000	-1.0000	-48.3438	-0.0844	-61.3440	-38.8474	-0.0678	-49.5142	-30.9608	-0.0540	-41.6276	-28.2854	-0.0494	-35.2574	-31.0159	-0.0541	-37.9879	-71.0205	CLF +7.0;ZBRA +6.0	TE +3.5;ALAB +3.4
rerun_grid	ALL	adr_075	2ADR|ema23_2x	B	32	15	0	0	0	0	0	0	-1.0000	-1.0000	-1.0000	-0.7587	-0.7587	-13.3464	-0.4171	-20.3465	-10.7462	-0.3358	-13.9487	-10.5404	-0.3294	-13.4821	-5.8552	-0.1830	-7.4565	-5.8552	-0.1830	-7.4565	-15.5406	QCOM +4.3;DG +2.7	QCOM +1.0;CRWD +0.6
rerun_grid	ALL	adr_075	2ADR|sma50_1x	A	593	234	0	0	0	0	0	0	-1.0000	-1.0000	-1.0000	-1.0000	-1.0000	-34.9946	-0.0590	-46.4963	-24.9161	-0.0420	-35.6168	-23.7031	-0.0400	-34.3699	-18.7153	-0.0316	-25.4498	-19.5013	-0.0329	-26.2358	-50.3575	ZBRA +6.0;FTK +5.5	ALAB +3.4;VOYG +3.3
rerun_grid	ALL	adr_075	2ADR|sma50_1x	A_disc	573	227	0	0	0	0	0	0	-1.0000	-1.0000	-1.0000	-1.0000	-1.0000	-34.0841	-0.0595	-45.5858	-21.8710	-0.0382	-32.5717	-21.7482	-0.0380	-32.4150	-17.0957	-0.0298	-23.8302	-17.8817	-0.0312	-24.6162	-48.8210	ZBRA +6.0;FTK +5.5	ALAB +3.4;VOYG +3.3
rerun_grid	ALL	adr_075	2ADR|sma50_1x	B	32	15	0	0	0	0	0	0	-1.0000	-1.0000	-1.0000	-0.7587	-0.7587	-11.9036	-0.3720	-18.9037	-10.2984	-0.3218	-13.5009	-9.8958	-0.3092	-12.8375	-5.6313	-0.1760	-7.2326	-5.6313	-0.1760	-7.2326	-13.7603	QCOM +4.3;DG +2.7	QCOM +1.0;CRWD +0.6
rerun_grid	ALL	adr_075	2ADR|ema65_1x	A	593	234	0	0	0	0	0	0	-1.0000	-1.0000	-1.0000	-1.0000	-1.0000	-47.9159	-0.0808	-59.4176	-38.2948	-0.0646	-48.9955	-32.9857	-0.0556	-43.6525	-26.7536	-0.0451	-33.4881	-29.0019	-0.0489	-35.7364	-62.9614	ZBRA +6.0;FTK +5.5	ALAB +3.4;VOYG +3.3
rerun_grid	ALL	adr_075	2ADR|ema65_1x	A_disc	573	227	0	0	0	0	0	0	-1.0000	-1.0000	-1.0000	-1.0000	-1.0000	-47.9882	-0.0837	-59.4899	-36.1411	-0.0631	-46.8418	-32.0050	-0.0559	-42.6718	-25.5525	-0.0446	-32.2870	-27.8008	-0.0485	-34.5353	-62.4077	ZBRA +6.0;FTK +5.5	ALAB +3.4;VOYG +3.3
rerun_grid	ALL	adr_075	2ADR|ema65_1x	B	32	15	0	0	0	0	0	0	-1.0000	-1.0000	-1.0000	-0.7587	-0.7587	-11.9036	-0.3720	-18.9037	-10.2984	-0.3218	-13.5009	-9.8958	-0.3092	-12.8375	-5.6313	-0.1760	-7.2326	-5.6313	-0.1760	-7.2326	-13.7603	QCOM +4.3;DG +2.7	QCOM +1.0;CRWD +0.6
rerun_grid	ALL	adr_075	2ADR|hv21_50_noreclaim2	A	593	234	0	0	0	0	0	0	-1.0000	-1.0000	-1.0000	-1.0000	-1.0000	-70.1295	-0.1183	-84.1297	-62.7818	-0.1059	-75.1153	-50.8430	-0.0857	-63.1765	-41.9040	-0.0707	-50.4855	-45.6350	-0.0770	-54.2165	-94.5579	CLF +7.0;INFQ +7.0	INFQ +5.1;TE +3.5
rerun_grid	ALL	adr_075	2ADR|hv21_50_noreclaim2	A_disc	573	227	0	0	0	0	0	0	-1.0000	-1.0000	-1.0000	-1.0000	-1.0000	-66.3072	-0.1157	-80.3074	-57.2583	-0.0999	-69.5918	-46.7042	-0.0815	-59.0377	-39.0179	-0.0681	-47.5995	-42.7489	-0.0746	-51.3305	-90.1096	CLF +7.0;INFQ +7.0	INFQ +5.1;TE +3.5
rerun_grid	ALL	adr_075	2ADR|hv21_50_noreclaim2	B	32	15	0	0	0	0	0	0	-1.0000	-1.0000	-1.0000	-0.7587	-0.7587	-17.3332	-0.5417	-24.3333	-14.0622	-0.4394	-17.2646	-13.2329	-0.4135	-16.1746	-7.5132	-0.2348	-9.1145	-7.5132	-0.2348	-9.1145	-19.9625	QCOM +4.3;DG +2.7	QCOM +1.0;CRWD +0.6
rerun_grid	ALL	adr_075	3ADR|none	A	593	234	91	362.5097	308.3380	286.7267	170.8888	173.3968	-1.0000	-1.0000	-1.0000	-1.0000	-1.0000	-47.6463	-0.0803	-66.6463	-39.0544	-0.0659	-55.0544	-32.8227	-0.0554	-48.8227	-29.8240	-0.0503	-40.4496	-32.9088	-0.0555	-43.5344	-72.0747	CLF +11.0;ABVX +8.0	INFQ +5.3;TE +5.3
rerun_grid	ALL	adr_075	3ADR|none	A_disc	573	227	91	362.5097	308.3380	286.7267	170.8888	173.3968	-1.0000	-1.0000	-1.0000	-1.0000	-1.0000	-36.3781	-0.0635	-55.3781	-27.5087	-0.0480	-43.5087	-22.6617	-0.0395	-38.6617	-23.9268	-0.0418	-34.5524	-27.0116	-0.0471	-37.6372	-60.1805	CLF +11.0;ABVX +8.0	INFQ +5.3;TE +5.3
rerun_grid	ALL	adr_075	3ADR|none	B	32	15	3	12.0000	6.4113	5.5232	3.2057	3.2057	-1.0000	-1.0000	-1.0000	-0.7587	-0.7587	-17.0000	-0.5312	-27.0000	-13.3351	-0.4167	-18.6747	-12.8019	-0.4001	-17.2534	-7.1497	-0.2234	-9.8195	-7.1497	-0.2234	-9.8195	-19.6293	QCOM +7.0;CRWD +3.0	QCOM +1.5;CRWD +1.1
rerun_grid	ALL	adr_075	3ADR|trail_sma10	A	593	234	75	299.6602	252.3952	240.6289	138.1021	138.6245	-1.0000	-1.0000	-1.0000	-0.9666	-0.9666	2.0803	0.0035	-14.0879	3.3399	0.0056	-12.6601	7.6794	0.0130	-8.3206	-5.8962	-0.0099	-16.3541	-8.2080	-0.0138	-18.6659	-20.0515	FTK +8.2;AGYS +8.0	TE +5.3;ALAB +5.2
rerun_grid	ALL	adr_075	3ADR|trail_sma10	A_disc	573	227	75	299.6602	252.3952	240.6289	138.1021	138.6245	-1.0000	-1.0000	-1.0000	-0.9666	-0.9666	7.5829	0.0132	-8.5853	9.3500	0.0163	-6.6500	12.7955	0.0223	-3.2045	-2.8320	-0.0049	-13.2899	-5.1437	-0.0090	-15.6016	-13.9856	FTK +8.2;AGYS +8.0	TE +5.3;ALAB +5.2
rerun_grid	ALL	adr_075	3ADR|trail_sma10	B	32	15	2	8.0000	3.5232	3.5232	1.7616	1.7616	-1.0000	-1.0000	-1.0000	-0.7587	-0.7587	-17.4193	-0.5444	-24.2031	-13.5599	-0.4237	-16.5673	-12.4734	-0.3898	-15.4808	-7.2621	-0.2269	-8.7658	-7.2621	-0.2269	-8.7658	-19.2760	QCOM +7.0;DG -0.2	QCOM +1.5;DG -0.0
rerun_grid	ALL	adr_075	3ADR|trail_sma20	A	593	234	78	310.8421	264.0544	252.1070	145.1985	145.7209	-1.0000	-1.0000	-1.0000	-1.0000	-1.0000	-6.2325	-0.0105	-22.4007	0.8538	0.0014	-15.1462	2.7121	0.0046	-13.2879	-7.0809	-0.0119	-17.5388	-9.0510	-0.0153	-19.5088	-27.4004	FTK +8.2;AGYS +8.0	TE +5.3;ALAB +5.2
rerun_grid	ALL	adr_075	3ADR|trail_sma20	A_disc	573	227	78	310.8421	264.0544	252.1070	145.1985	145.7209	-1.0000	-1.0000	-1.0000	-1.0000	-1.0000	2.7587	0.0048	-13.4095	10.5709	0.0184	-5.4291	11.0666	0.0193	-4.9334	-2.0981	-0.0037	-12.5560	-4.0681	-0.0071	-14.5260	-17.7832	FTK +8.2;AGYS +8.0	TE +5.3;ALAB +5.2
rerun_grid	ALL	adr_075	3ADR|trail_sma20	B	32	15	2	8.0000	3.5232	3.5232	1.7616	1.7616	-1.0000	-1.0000	-1.0000	-0.7587	-0.7587	-17.4193	-0.5444	-24.2031	-13.5599	-0.4237	-16.5673	-12.4734	-0.3898	-15.4808	-7.2621	-0.2269	-8.7658	-7.2621	-0.2269	-8.7658	-19.2760	QCOM +7.0;DG -0.2	QCOM +1.5;DG -0.0
rerun_grid	ALL	adr_075	3ADR|trail_max10_20	A	593	234	73	291.6602	246.2824	234.5161	133.0457	133.5681	-1.0000	-1.0000	-1.0000	-0.9666	-0.9666	19.1779	0.0323	3.0097	19.5708	0.0330	3.5708	20.3048	0.0342	4.3048	1.7369	0.0029	-8.7210	0.0069	0.0000	-10.4510	-1.6823	FTK +8.2;AGYS +8.0	TE +5.3;ALAB +5.2
rerun_grid	ALL	adr_075	3ADR|trail_max10_20	A_disc	573	227	73	291.6602	246.2824	234.5161	133.0457	133.5681	-1.0000	-1.0000	-1.0000	-0.9666	-0.9666	24.6805	0.0431	8.5123	25.5810	0.0446	9.5810	25.4209	0.0444	9.4209	4.8011	0.0084	-5.6567	3.0711	0.0054	-7.3868	4.3836	FTK +8.2;AGYS +8.0	TE +5.3;ALAB +5.2
rerun_grid	ALL	adr_075	3ADR|trail_max10_20	B	32	15	2	8.0000	3.5232	3.5232	1.7616	1.7616	-1.0000	-1.0000	-1.0000	-0.7587	-0.7587	-17.4193	-0.5444	-24.2031	-13.5599	-0.4237	-16.5673	-12.4734	-0.3898	-15.4808	-7.2621	-0.2269	-8.7658	-7.2621	-0.2269	-8.7658	-19.2760	QCOM +7.0;DG -0.2	QCOM +1.5;DG -0.0
rerun_grid	ALL	adr_075	3ADR|time_s3	A	593	234	49	186.8986	156.0556	143.9633	87.0594	88.7931	-1.0000	-1.0000	-1.0000	-1.0000	-1.0000	-8.0837	-0.0136	-26.0238	-10.5647	-0.0178	-26.5647	-2.9873	-0.0050	-18.9873	-13.9943	-0.0236	-24.2179	-15.3485	-0.0259	-25.5722	-28.3103	ZBRA +9.9;ABVX +8.0	TE +5.3;VOYG +4.9
rerun_grid	ALL	adr_075	3ADR|time_s3	A_disc	573	227	49	186.8986	156.0556	143.9633	87.0594	88.7931	-1.0000	-1.0000	-1.0000	-1.0000	-1.0000	-15.8515	-0.0277	-33.7916	-16.4366	-0.0287	-32.4366	-8.9173	-0.0156	-24.9173	-17.0706	-0.0298	-27.2943	-18.4249	-0.0322	-28.6485	-35.4521	ZBRA +9.9;ABVX +8.0	TE +5.3;VOYG +4.9
rerun_grid	ALL	adr_075	3ADR|time_s3	B	32	15	1	4.0000	1.7713	1.7713	0.8856	0.8856	-1.0000	-1.0000	-1.0000	-0.7587	-0.7587	-12.6063	-0.3939	-19.7462	-11.4218	-0.3569	-14.5720	-10.1054	-0.3158	-13.2555	-6.1930	-0.1935	-7.7681	-6.1930	-0.1935	-7.7681	-15.2327	QCOM +4.6;DG +2.6	QCOM +1.0;PHVS +0.6
rerun_grid	ALL	adr_075	3ADR|time_s5	A	593	234	56	220.7413	190.9535	177.9253	106.2791	108.0132	-1.0000	-1.0000	-1.0000	-1.0000	-1.0000	-43.9514	-0.0741	-59.9594	-35.5510	-0.0600	-51.5510	-24.9587	-0.0421	-40.9587	-26.6781	-0.0450	-36.9017	-29.1859	-0.0492	-39.4096	-67.1085	CLF +8.0;ABVX +8.0	TE +5.3;VOYG +4.9
rerun_grid	ALL	adr_075	3ADR|time_s5	A_disc	573	227	55	217.6343	188.1429	175.1147	104.8738	106.6079	-1.0000	-1.0000	-1.0000	-1.0000	-1.0000	-42.1660	-0.0736	-58.1740	-33.8632	-0.0591	-49.8632	-24.4963	-0.0428	-40.4963	-25.9417	-0.0453	-36.1654	-28.4496	-0.0497	-38.6732	-64.6971	CLF +8.0;ABVX +8.0	TE +5.3;VOYG +4.9
rerun_grid	ALL	adr_075	3ADR|time_s5	B	32	15	2	8.0000	3.5232	3.5232	1.7616	1.7616	-1.0000	-1.0000	-1.0000	-0.7587	-0.7587	-16.4020	-0.5126	-24.5578	-13.7554	-0.4299	-17.2905	-12.4044	-0.3876	-15.9395	-7.3599	-0.2300	-9.1274	-7.3599	-0.2300	-9.1274	-19.0284	QCOM +7.0;DG +1.2	QCOM +1.5;DG +0.2
rerun_grid	ALL	adr_075	3ADR|time_s10	A	593	234	91	362.5097	308.3380	286.7267	170.8888	173.3968	-1.0000	-1.0000	-1.0000	-1.0000	-1.0000	-47.6463	-0.0803	-66.6463	-39.0544	-0.0659	-55.0544	-32.8227	-0.0554	-48.8227	-29.8240	-0.0503	-40.4496	-32.9088	-0.0555	-43.5344	-72.0747	CLF +11.0;ABVX +8.0	INFQ +5.3;TE +5.3
rerun_grid	ALL	adr_075	3ADR|time_s10	A_disc	573	227	91	362.5097	308.3380	286.7267	170.8888	173.3968	-1.0000	-1.0000	-1.0000	-1.0000	-1.0000	-36.3781	-0.0635	-55.3781	-27.5087	-0.0480	-43.5087	-22.6617	-0.0395	-38.6617	-23.9268	-0.0418	-34.5524	-27.0116	-0.0471	-37.6372	-60.1805	CLF +11.0;ABVX +8.0	INFQ +5.3;TE +5.3
rerun_grid	ALL	adr_075	3ADR|time_s10	B	32	15	3	12.0000	6.4113	5.5232	3.2057	3.2057	-1.0000	-1.0000	-1.0000	-0.7587	-0.7587	-17.0000	-0.5312	-27.0000	-13.3351	-0.4167	-18.6747	-12.8019	-0.4001	-17.2534	-7.1497	-0.2234	-9.8195	-7.1497	-0.2234	-9.8195	-19.6293	QCOM +7.0;CRWD +3.0	QCOM +1.5;CRWD +1.1
rerun_grid	ALL	adr_075	3ADR|sma21_2x	A	593	234	85	339.1819	288.4223	269.4749	158.3825	160.8854	-1.0000	-1.0000	-1.0000	-1.0000	-1.0000	-20.7008	-0.0349	-37.2904	-14.7025	-0.0248	-30.7025	-11.9288	-0.0201	-27.9288	-16.7192	-0.0282	-27.1771	-18.5272	-0.0312	-28.9850	-43.7968	CLF +8.6;ABVX +8.0	TE +5.3;ALAB +5.2
rerun_grid	ALL	adr_075	3ADR|sma21_2x	A_disc	573	227	85	339.1819	288.4223	269.4749	158.3825	160.8854	-1.0000	-1.0000	-1.0000	-1.0000	-1.0000	-9.9866	-0.0174	-26.5762	-3.6925	-0.0064	-19.6925	-2.3036	-0.0040	-18.3036	-11.0899	-0.0194	-21.5478	-12.8979	-0.0225	-23.3558	-32.4566	CLF +8.6;ABVX +8.0	TE +5.3;ALAB +5.2
rerun_grid	ALL	adr_075	3ADR|sma21_2x	B	32	15	2	8.0000	3.5232	3.5232	1.7616	1.7616	-1.0000	-1.0000	-1.0000	-0.7587	-0.7587	-16.8388	-0.5262	-24.0289	-12.7813	-0.3994	-16.0500	-12.0222	-0.3757	-15.2078	-6.8728	-0.2148	-8.5071	-6.8728	-0.2148	-8.5071	-19.0330	QCOM +7.0;ALAB +0.2	QCOM +1.5;ALAB +0.1
rerun_grid	ALL	adr_075	3ADR|ema23_2x	A	593	234	83	331.1819	280.4223	265.4749	154.3825	156.1166	-1.0000	-1.0000	-1.0000	-1.0000	-1.0000	-25.4418	-0.0429	-42.0314	-17.4334	-0.0294	-33.4334	-11.9124	-0.0201	-27.9124	-17.6382	-0.0297	-28.0961	-19.9797	-0.0337	-30.4376	-48.7445	CLF +8.6;ABVX +8.0	TE +5.3;ALAB +5.2
rerun_grid	ALL	adr_075	3ADR|ema23_2x	A_disc	573	227	83	331.1819	280.4223	265.4749	154.3825	156.1166	-1.0000	-1.0000	-1.0000	-1.0000	-1.0000	-18.0545	-0.0315	-34.6441	-8.9590	-0.0156	-24.9590	-4.7824	-0.0083	-20.7824	-13.2768	-0.0232	-23.7346	-15.6183	-0.0273	-26.0762	-40.7312	CLF +8.6;ABVX +8.0	TE +5.3;ALAB +5.2
rerun_grid	ALL	adr_075	3ADR|ema23_2x	B	32	15	3	12.0000	6.4113	5.5232	3.2057	3.2057	-1.0000	-1.0000	-1.0000	-0.7587	-0.7587	-13.0132	-0.4067	-23.0132	-10.0191	-0.3131	-15.3587	-10.1094	-0.3159	-14.5608	-5.4917	-0.1716	-8.1615	-5.4917	-0.1716	-8.1615	-15.2074	QCOM +7.0;CRWD +3.0	QCOM +1.5;CRWD +1.1
rerun_grid	ALL	adr_075	3ADR|sma50_1x	A	593	234	72	287.6602	246.8724	235.6996	138.3176	139.8400	-1.0000	-1.0000	-1.0000	-1.0000	-1.0000	-12.5155	-0.0211	-28.6837	-1.3818	-0.0023	-17.3818	-2.1764	-0.0037	-18.1764	-5.4781	-0.0092	-15.5942	-5.9457	-0.0100	-16.0618	-27.8784	FTK +8.2;AGYS +8.0	ALAB +5.2;INFQ +4.9
rerun_grid	ALL	adr_075	3ADR|sma50_1x	A_disc	573	227	72	287.6602	246.8724	235.6996	138.3176	139.8400	-1.0000	-1.0000	-1.0000	-1.0000	-1.0000	-4.1591	-0.0073	-20.3273	7.6855	0.0134	-8.3145	5.8008	0.0101	-10.1992	-0.8474	-0.0015	-10.9635	-1.3150	-0.0023	-11.4311	-18.8960	FTK +8.2;AGYS +8.0	ALAB +5.2;INFQ +4.9
rerun_grid	ALL	adr_075	3ADR|sma50_1x	B	32	15	3	12.0000	6.4113	5.5232	3.2057	3.2057	-1.0000	-1.0000	-1.0000	-0.7587	-0.7587	-11.5704	-0.3616	-21.5704	-9.5714	-0.2991	-14.9109	-9.4648	-0.2958	-13.9162	-5.2678	-0.1646	-7.9376	-5.2678	-0.1646	-7.9376	-13.4271	QCOM +7.0;CRWD +3.0	QCOM +1.5;CRWD +1.1
rerun_grid	ALL	adr_075	3ADR|ema65_1x	A	593	234	70	278.8421	236.1130	223.1656	132.8789	134.4013	-1.0000	-1.0000	-1.0000	-1.0000	-1.0000	-32.8582	-0.0554	-49.0264	-22.6161	-0.0381	-38.6161	-20.3503	-0.0343	-36.3503	-17.5405	-0.0296	-27.6421	-19.4704	-0.0328	-29.5721	-47.9037	FTK +8.2;AGYS +8.0	ALAB +5.2;VOYG +4.9
rerun_grid	ALL	adr_075	3ADR|ema65_1x	A_disc	573	227	70	278.8421	236.1130	223.1656	132.8789	134.4013	-1.0000	-1.0000	-1.0000	-1.0000	-1.0000	-25.4846	-0.0445	-41.6528	-14.4402	-0.0252	-30.4402	-13.3474	-0.0233	-29.3474	-13.3282	-0.0233	-23.4299	-15.2582	-0.0266	-25.3598	-39.9041	FTK +8.2;AGYS +8.0	ALAB +5.2;VOYG +4.9
rerun_grid	ALL	adr_075	3ADR|ema65_1x	B	32	15	3	12.0000	6.4113	5.5232	3.2057	3.2057	-1.0000	-1.0000	-1.0000	-0.7587	-0.7587	-11.5704	-0.3616	-21.5704	-9.5714	-0.2991	-14.9109	-9.4648	-0.2958	-13.9162	-5.2678	-0.1646	-7.9376	-5.2678	-0.1646	-7.9376	-13.4271	QCOM +7.0;CRWD +3.0	QCOM +1.5;CRWD +1.1
rerun_grid	ALL	adr_075	3ADR|hv21_50_noreclaim2	A	593	234	91	362.5097	308.3380	286.7267	170.8888	173.3968	-1.0000	-1.0000	-1.0000	-1.0000	-1.0000	-47.6463	-0.0803	-66.6463	-39.0544	-0.0659	-55.0544	-32.8227	-0.0554	-48.8227	-29.8240	-0.0503	-40.4496	-32.9088	-0.0555	-43.5344	-72.0747	CLF +11.0;ABVX +8.0	INFQ +5.3;TE +5.3
rerun_grid	ALL	adr_075	3ADR|hv21_50_noreclaim2	A_disc	573	227	91	362.5097	308.3380	286.7267	170.8888	173.3968	-1.0000	-1.0000	-1.0000	-1.0000	-1.0000	-36.3781	-0.0635	-55.3781	-27.5087	-0.0480	-43.5087	-22.6617	-0.0395	-38.6617	-23.9268	-0.0418	-34.5524	-27.0116	-0.0471	-37.6372	-60.1805	CLF +11.0;ABVX +8.0	INFQ +5.3;TE +5.3
rerun_grid	ALL	adr_075	3ADR|hv21_50_noreclaim2	B	32	15	3	12.0000	6.4113	5.5232	3.2057	3.2057	-1.0000	-1.0000	-1.0000	-0.7587	-0.7587	-17.0000	-0.5312	-27.0000	-13.3351	-0.4167	-18.6747	-12.8019	-0.4001	-17.2534	-7.1497	-0.2234	-9.8195	-7.1497	-0.2234	-9.8195	-19.6293	QCOM +7.0;CRWD +3.0	QCOM +1.5;CRWD +1.1
rerun_grid	ALL	adr_100	none|none	A	593	234	50	254.9476	247.0865	227.9544	151.9855	158.6128	-1.0000	-1.0000	-1.0000	-1.0000	-1.0000	-38.3558	-0.0647	-77.1861	-27.0562	-0.0456	-65.8865	-22.5337	-0.0380	-58.0280	-34.4674	-0.0581	-62.4716	-39.4089	-0.0665	-69.8291	-71.1854	TE +21.4;EFOR +17.4	TE +18.9;AKTS +9.2
rerun_grid	ALL	adr_100	none|none	A_disc	573	227	50	254.9476	247.0865	227.9544	151.9855	158.6128	-1.0000	-1.0000	-1.0000	-1.0000	-1.0000	-26.6179	-0.0465	-65.4482	-14.7522	-0.0257	-53.5825	-12.2749	-0.0214	-47.7692	-26.7836	-0.0467	-54.7877	-31.5712	-0.0551	-61.9915	-43.2829	TE +21.4;EFOR +17.4	TE +18.9;AKTS +9.2
rerun_grid	ALL	adr_100	none|none	B	32	15	3	12.8163	9.0060	6.7896	4.5030	4.5030	-1.0000	-1.0000	-1.0000	-1.0000	-1.0000	-12.6994	-0.3969	-23.5157	-12.7047	-0.3970	-20.2816	-11.9714	-0.3741	-17.4341	-7.5304	-0.2353	-11.3189	-7.5748	-0.2367	-11.3632	-13.7843	QCOM +7.9;CRWD +2.9	QCOM +2.3;CRWD +1.5
rerun_grid	ALL	adr_100	none|trail_sma10	A	593	234	39	197.7012	190.5065	175.1051	116.2767	120.7022	-1.0000	-1.0000	-1.0000	-1.0000	-1.0000	18.9223	0.0319	-19.9080	24.9055	0.0420	-13.9248	23.6628	0.0399	-11.3063	1.1346	0.0019	-26.8696	-0.9276	-0.0016	-31.3478	4.0624	TE +21.4;EFOR +17.4	TE +18.9;AKTS +9.2
rerun_grid	ALL	adr_100	none|trail_sma10	A_disc	573	227	39	197.7012	190.5065	175.1051	116.2767	120.7022	-1.0000	-1.0000	-1.0000	-1.0000	-1.0000	23.4642	0.0409	-15.3661	30.1003	0.0525	-8.7300	27.8207	0.0486	-7.1484	4.4871	0.0078	-23.5170	2.4734	0.0043	-27.9468	8.7600	TE +21.4;EFOR +17.4	TE +18.9;AKTS +9.2
rerun_grid	ALL	adr_100	none|trail_sma10	B	32	15	0	0	0	0	0	0	-1.0000	-1.0000	-1.0000	-1.0000	-1.0000	-21.3864	-0.6683	-22.0050	-18.2954	-0.5717	-18.6823	-15.8547	-0.4955	-16.1441	-10.2270	-0.3196	-10.4205	-10.2631	-0.3207	-10.4566	-22.2988	QCOM +0.8;DG -0.2	QCOM +0.2;DG -0.0
rerun_grid	ALL	adr_100	none|trail_sma20	A	593	234	43	214.3682	207.9734	192.5720	129.6681	134.0936	-1.0000	-1.0000	-1.0000	-1.0000	-1.0000	11.7979	0.0199	-27.0324	20.8544	0.0352	-17.9759	16.0598	0.0271	-18.9093	1.6648	0.0028	-26.3394	1.0606	0.0018	-29.3597	-3.2405	TE +21.4;EFOR +17.4	TE +18.9;AKTS +9.2
rerun_grid	ALL	adr_100	none|trail_sma20	A_disc	573	227	43	214.3682	207.9734	192.5720	129.6681	134.0936	-1.0000	-1.0000	-1.0000	-1.0000	-1.0000	21.2287	0.0370	-17.6016	30.8513	0.0538	-7.9790	24.4404	0.0427	-10.5287	8.0958	0.0141	-19.9084	7.6454	0.0133	-22.7749	6.3460	TE +21.4;EFOR +17.4	TE +18.9;AKTS +9.2
rerun_grid	ALL	adr_100	none|trail_sma20	B	32	15	2	8.8726	5.2093	4.8177	2.6047	2.6047	-1.0000	-1.0000	-1.0000	-1.0000	-1.0000	-11.9610	-0.3738	-20.4395	-11.7994	-0.3687	-17.0378	-10.5374	-0.3293	-14.8313	-6.9779	-0.2181	-9.5337	-6.9263	-0.2164	-9.5990	-12.8734	QCOM +7.9;SEI +0.6	QCOM +2.3;SEI +0.2
rerun_grid	ALL	adr_100	none|trail_max10_20	A	593	234	38	193.0807	187.2525	171.8511	114.6496	119.0752	-1.0000	-1.0000	-1.0000	-1.0000	-1.0000	33.1927	0.0560	-5.6376	39.7695	0.0671	0.9392	35.0138	0.0590	0.0447	12.3001	0.0207	-15.7041	11.7956	0.0199	-18.6247	18.5131	TE +21.4;EFOR +17.4	TE +18.9;AKTS +9.2
rerun_grid	ALL	adr_100	none|trail_max10_20	A_disc	573	227	38	193.0807	187.2525	171.8511	114.6496	119.0752	-1.0000	-1.0000	-1.0000	-1.0000	-1.0000	37.7346	0.0659	-1.0957	44.9643	0.0785	6.1340	39.1716	0.0684	4.2025	15.6526	0.0273	-12.3515	15.1965	0.0265	-15.2237	23.2107	TE +21.4;EFOR +17.4	TE +18.9;AKTS +9.2
rerun_grid	ALL	adr_100	none|trail_max10_20	B	32	15	0	0	0	0	0	0	-1.0000	-1.0000	-1.0000	-1.0000	-1.0000	-20.2576	-0.6331	-20.8762	-17.1666	-0.5365	-17.5535	-15.0081	-0.4690	-15.2975	-9.6615	-0.3019	-9.8550	-9.6976	-0.3031	-9.8911	-21.1700	QCOM +0.8;DG -0.2	QCOM +0.2;DG -0.0
rerun_grid	ALL	adr_100	none|time_s3	A	593	234	21	84.9446	82.6612	75.2763	55.3677	57.7510	-1.0000	-1.0000	-1.0000	-1.0000	-1.0000	13.7523	0.0232	-4.7886	15.4320	0.0260	-3.1089	22.3797	0.0377	6.0356	2.5928	0.0044	-12.6373	-1.9476	-0.0033	-17.1777	1.5851	FTK +9.4;HQ +9.2	HQ +9.2;FTK +6.1
rerun_grid	ALL	adr_100	none|time_s3	A_disc	573	227	21	84.9446	82.6612	75.2763	55.3677	57.7510	-1.0000	-1.0000	-1.0000	-1.0000	-1.0000	7.0224	0.0123	-11.5185	9.7361	0.0170	-8.8048	17.0726	0.0298	0.7285	-1.1861	-0.0021	-16.4163	-5.6374	-0.0098	-20.8675	-4.9891	FTK +9.4;HQ +9.2	HQ +9.2;FTK +6.1
rerun_grid	ALL	adr_100	none|time_s3	B	32	15	1	3.0601	1.8068	1.5300	0.9034	0.9034	-1.0000	-1.0000	-1.0000	-1.0000	-1.0000	-13.0113	-0.4066	-18.1764	-13.5971	-0.4249	-16.6386	-10.7260	-0.3352	-13.3554	-7.9513	-0.2485	-9.4720	-8.1636	-0.2551	-9.6843	-13.9442	QCOM +3.2;DG +1.9	QCOM +1.0;PHVS +0.6
rerun_grid	ALL	adr_100	none|time_s5	A	593	234	29	135.8410	133.4011	120.3706	87.8035	91.2113	-1.0000	-1.0000	-1.0000	-1.0000	-1.0000	-11.7671	-0.0198	-38.0293	-3.6812	-0.0062	-29.9434	3.9245	0.0066	-21.5490	-11.0581	-0.0186	-31.0691	-17.0468	-0.0287	-37.0578	-27.4009	FTK +13.5;TE +12.7	TE +11.2;FTK +8.8
rerun_grid	ALL	adr_100	none|time_s5	A_disc	573	227	29	135.8410	133.4011	120.3706	87.8035	91.2113	-1.0000	-1.0000	-1.0000	-1.0000	-1.0000	-10.8879	-0.0190	-37.1501	-2.1342	-0.0037	-28.3964	3.8715	0.0068	-21.6020	-10.3759	-0.0181	-30.3869	-16.2109	-0.0283	-36.2219	-26.3660	FTK +13.5;TE +12.7	TE +11.2;FTK +8.8
rerun_grid	ALL	adr_100	none|time_s5	B	32	15	1	3.2391	1.9125	1.6196	0.9562	0.9562	-1.0000	-1.0000	-1.0000	-1.0000	-1.0000	-15.9627	-0.4988	-21.1720	-15.2183	-0.4756	-18.2266	-13.0628	-0.4082	-15.7783	-8.7596	-0.2737	-10.2638	-8.8214	-0.2757	-10.3256	-16.8956	QCOM +4.3;DG +0.9	QCOM +1.3;DG +0.2
rerun_grid	ALL	adr_100	none|time_s10	A	593	234	50	254.9476	247.0865	227.9544	151.9855	158.6128	-1.0000	-1.0000	-1.0000	-1.0000	-1.0000	-38.3558	-0.0647	-77.1861	-27.0562	-0.0456	-65.8865	-22.5337	-0.0380	-58.0280	-34.4674	-0.0581	-62.4716	-39.4089	-0.0665	-69.8291	-71.1854	TE +21.4;EFOR +17.4	TE +18.9;AKTS +9.2
rerun_grid	ALL	adr_100	none|time_s10	A_disc	573	227	50	254.9476	247.0865	227.9544	151.9855	158.6128	-1.0000	-1.0000	-1.0000	-1.0000	-1.0000	-26.6179	-0.0465	-65.4482	-14.7522	-0.0257	-53.5825	-12.2749	-0.0214	-47.7692	-26.7836	-0.0467	-54.7877	-31.5712	-0.0551	-61.9915	-43.2829	TE +21.4;EFOR +17.4	TE +18.9;AKTS +9.2
rerun_grid	ALL	adr_100	none|time_s10	B	32	15	3	12.8163	9.0060	6.7896	4.5030	4.5030	-1.0000	-1.0000	-1.0000	-1.0000	-1.0000	-12.6994	-0.3969	-23.5157	-12.7047	-0.3970	-20.2816	-11.9714	-0.3741	-17.4341	-7.5304	-0.2353	-11.3189	-7.5748	-0.2367	-11.3632	-13.7843	QCOM +7.9;CRWD +2.9	QCOM +2.3;CRWD +1.5
rerun_grid	ALL	adr_100	none|sma21_2x	A	593	234	47	235.4278	227.6665	208.5345	139.5348	146.1621	-1.0000	-1.0000	-1.0000	-1.0000	-1.0000	-7.4808	-0.0126	-46.3111	1.5822	0.0027	-37.2481	0.3941	0.0007	-34.5750	-15.4133	-0.0260	-43.4174	-17.3738	-0.0293	-47.7941	-22.9388	TE +21.4;EFOR +17.4	TE +18.9;AKTS +9.2
rerun_grid	ALL	adr_100	none|sma21_2x	A_disc	573	227	47	235.4278	227.6665	208.5345	139.5348	146.1621	-1.0000	-1.0000	-1.0000	-1.0000	-1.0000	2.8534	0.0050	-35.9769	12.4825	0.0218	-26.3478	9.4337	0.0165	-25.5354	-8.4900	-0.0148	-36.4942	-10.2968	-0.0180	-40.7170	-12.4489	TE +21.4;EFOR +17.4	TE +18.9;AKTS +9.2
rerun_grid	ALL	adr_100	none|sma21_2x	B	32	15	2	8.8726	5.2093	4.8177	2.6047	2.6047	-1.0000	-1.0000	-1.0000	-1.0000	-1.0000	-13.0659	-0.4083	-21.5444	-12.6691	-0.3959	-17.9075	-11.4522	-0.3579	-15.7644	-7.4392	-0.2325	-9.9949	-7.3414	-0.2294	-10.0140	-13.9814	QCOM +7.9;SEI +0.6	QCOM +2.3;SEI +0.2
rerun_grid	ALL	adr_100	none|ema23_2x	A	593	234	45	227.9665	220.2052	204.8038	135.8041	140.2297	-1.0000	-1.0000	-1.0000	-1.0000	-1.0000	-11.3930	-0.0192	-50.2233	-1.0690	-0.0018	-39.8993	0.4576	0.0008	-34.5115	-14.6119	-0.0246	-42.6161	-18.2701	-0.0308	-48.6903	-25.9493	TE +21.4;EFOR +17.4	TE +18.9;AKTS +9.2
rerun_grid	ALL	adr_100	none|ema23_2x	A_disc	573	227	45	227.9665	220.2052	204.8038	135.8041	140.2297	-1.0000	-1.0000	-1.0000	-1.0000	-1.0000	-2.9653	-0.0052	-41.7956	7.9248	0.0138	-30.9055	8.0674	0.0141	-26.9017	-8.6573	-0.0151	-36.6615	-12.1617	-0.0212	-42.5820	-17.3659	TE +21.4;EFOR +17.4	TE +18.9;AKTS +9.2
rerun_grid	ALL	adr_100	none|ema23_2x	B	32	15	3	12.8163	9.0060	6.7896	4.5030	4.5030	-1.0000	-1.0000	-1.0000	-1.0000	-1.0000	-9.2530	-0.2892	-20.0693	-8.9984	-0.2812	-16.5753	-9.5458	-0.2983	-15.0085	-5.6038	-0.1751	-9.3923	-5.5060	-0.1721	-9.2945	-10.1685	QCOM +7.9;CRWD +2.9	QCOM +2.3;CRWD +1.5
rerun_grid	ALL	adr_100	none|sma50_1x	A	593	234	42	196.3833	188.6220	173.2206	113.0802	117.5058	-1.0000	-1.0000	-1.0000	-1.0000	-1.0000	-10.3508	-0.0175	-41.3860	-0.2885	-0.0005	-31.3237	-4.8455	-0.0082	-27.1566	-15.1366	-0.0255	-33.0124	-14.3645	-0.0242	-35.0837	-18.8546	EFOR +17.4;AKTS +13.6	AKTS +9.2;EFOR +8.7
rerun_grid	ALL	adr_100	none|sma50_1x	A_disc	573	227	42	196.3833	188.6220	173.2206	113.0802	117.5058	-1.0000	-1.0000	-1.0000	-1.0000	-1.0000	-2.1389	-0.0037	-33.1741	8.4895	0.0148	-22.5457	2.7688	0.0048	-19.5423	-9.5495	-0.0167	-27.4252	-8.6236	-0.0150	-29.3428	-10.4870	EFOR +17.4;AKTS +13.6	AKTS +9.2;EFOR +8.7
rerun_grid	ALL	adr_100	none|sma50_1x	B	32	15	3	12.8163	9.0060	6.7896	4.5030	4.5030	-1.0000	-1.0000	-1.0000	-1.0000	-1.0000	-5.7708	-0.1803	-16.5871	-6.4245	-0.2008	-14.0014	-7.0807	-0.2213	-12.5435	-4.2905	-0.1341	-8.0790	-4.2389	-0.1325	-8.0273	-6.6832	QCOM +7.9;CRWD +2.9	QCOM +2.3;CRWD +1.5
rerun_grid	ALL	adr_100	none|ema65_1x	A	593	234	37	176.6171	168.8905	153.4891	101.8026	106.2281	-1.0000	-1.0000	-1.0000	-1.0000	-1.0000	-35.3207	-0.0596	-66.3559	-26.1383	-0.0441	-57.1735	-27.6512	-0.0466	-49.9623	-29.9112	-0.0504	-47.7869	-32.5126	-0.0548	-53.2319	-43.9288	EFOR +17.4;AKTS +13.6	AKTS +9.2;EFOR +8.7
rerun_grid	ALL	adr_100	none|ema65_1x	A_disc	573	227	37	176.6171	168.8905	153.4891	101.8026	106.2281	-1.0000	-1.0000	-1.0000	-1.0000	-1.0000	-27.3146	-0.0477	-58.3498	-17.5661	-0.0307	-48.6013	-20.4585	-0.0357	-42.7696	-24.3817	-0.0426	-42.2574	-26.8292	-0.0468	-47.5485	-35.7670	EFOR +17.4;AKTS +13.6	AKTS +9.2;EFOR +8.7
rerun_grid	ALL	adr_100	none|ema65_1x	B	32	15	3	12.8163	9.0060	6.7896	4.5030	4.5030	-1.0000	-1.0000	-1.0000	-1.0000	-1.0000	-5.2376	-0.1637	-16.0539	-6.1511	-0.1922	-13.7281	-6.8073	-0.2127	-12.2701	-4.1538	-0.1298	-7.9423	-4.1022	-0.1282	-7.8906	-6.1500	QCOM +7.9;CRWD +2.9	QCOM +2.3;CRWD +1.5
rerun_grid	ALL	adr_100	none|hv21_50_noreclaim2	A	593	234	50	254.9476	247.0865	227.9544	151.9855	158.6128	-1.0000	-1.0000	-1.0000	-1.0000	-1.0000	-37.7512	-0.0637	-76.5815	-26.4516	-0.0446	-65.2819	-22.2314	-0.0375	-57.7257	-34.1651	-0.0576	-62.1693	-38.8992	-0.0656	-69.3194	-70.5808	TE +21.4;EFOR +17.4	TE +18.9;AKTS +9.2
rerun_grid	ALL	adr_100	none|hv21_50_noreclaim2	A_disc	573	227	50	254.9476	247.0865	227.9544	151.9855	158.6128	-1.0000	-1.0000	-1.0000	-1.0000	-1.0000	-26.0133	-0.0454	-64.8436	-14.1476	-0.0247	-52.9779	-11.9726	-0.0209	-47.4669	-26.4813	-0.0462	-54.4854	-31.0615	-0.0542	-61.4817	-42.6783	TE +21.4;EFOR +17.4	TE +18.9;AKTS +9.2
rerun_grid	ALL	adr_100	none|hv21_50_noreclaim2	B	32	15	3	12.8163	9.0060	6.7896	4.5030	4.5030	-1.0000	-1.0000	-1.0000	-1.0000	-1.0000	-12.6994	-0.3969	-23.5157	-12.7047	-0.3970	-20.2816	-11.9714	-0.3741	-17.4341	-7.5304	-0.2353	-11.3189	-7.5748	-0.2367	-11.3632	-13.7843	QCOM +7.9;CRWD +2.9	QCOM +2.3;CRWD +1.5
rerun_grid	ALL	adr_100	1R|none	A	593	234	0	0	0	0	0	0	-1.0000	-1.0000	-1.0000	-1.0000	-1.0000	4.1129	0.0069	-3.8871	4.5930	0.0077	-3.1397	12.8969	0.0217	5.6478	-2.4894	-0.0042	-8.3661	-7.3978	-0.0125	-13.2745	-23.3375	CLF +4.0;CRMD +4.0	INFQ +3.7;DRTS +2.2
rerun_grid	ALL	adr_100	1R|none	A_disc	573	227	0	0	0	0	0	0	-1.0000	-1.0000	-1.0000	-1.0000	-1.0000	0.1129	0.0002	-7.8871	1.4054	0.0025	-6.3273	9.7262	0.0170	2.4771	-4.9584	-0.0087	-10.8350	-9.7129	-0.0170	-15.5896	-11.1729	CLF +4.0;CRMD +4.0	INFQ +3.7;DRTS +2.2
rerun_grid	ALL	adr_100	1R|none	B	32	15	0	0	0	0	0	0	-1.0000	-1.0000	-1.0000	-1.0000	-1.0000	-10.0000	-0.3125	-14.0000	-9.1358	-0.2855	-13.0384	-8.2415	-0.2575	-10.9915	-5.5812	-0.1744	-7.5959	-5.6697	-0.1772	-7.7572	-11.0849	PHVS +2.0;SEI +2.0	SEI +1.1;PHVS +1.0
rerun_grid	ALL	adr_100	1R|trail_sma10	A	593	234	0	0	0	0	0	0	-1.0000	-1.0000	-1.0000	-1.0000	-1.0000	32.6441	0.0550	25.4332	30.9243	0.0521	24.4642	33.8815	0.0571	27.4214	13.8931	0.0234	8.7636	11.5301	0.0194	6.4006	22.3407	CRMD +4.0;INFQ +3.2	INFQ +2.9;QUBT +2.2
rerun_grid	ALL	adr_100	1R|trail_sma10	A_disc	573	227	0	0	0	0	0	0	-1.0000	-1.0000	-1.0000	-1.0000	-1.0000	23.7121	0.0414	16.5012	23.0472	0.0402	16.5871	26.8305	0.0468	20.3704	8.8387	0.0154	3.7092	6.5241	0.0114	1.3947	13.5644	CRMD +4.0;INFQ +3.2	INFQ +2.9;QUBT +2.2
rerun_grid	ALL	adr_100	1R|trail_sma10	B	32	15	0	0	0	0	0	0	-1.0000	-1.0000	-1.0000	-1.0000	-1.0000	-9.6524	-0.3016	-13.6524	-8.7394	-0.2731	-12.6419	-7.8462	-0.2452	-10.5962	-5.3221	-0.1663	-7.3368	-5.3146	-0.1661	-7.4021	-10.5648	PHVS +2.0;SEI +2.0	SEI +1.1;PHVS +1.0
rerun_grid	ALL	adr_100	1R|trail_sma20	A	593	234	0	0	0	0	0	0	-1.0000	-1.0000	-1.0000	-1.0000	-1.0000	31.4489	0.0530	25.0732	30.5132	0.0515	24.3023	31.1510	0.0525	24.9401	15.2368	0.0257	10.1073	13.9293	0.0235	8.7998	21.0806	INFQ +3.2;CLF +3.2	INFQ +2.9;QUBT +2.2
rerun_grid	ALL	adr_100	1R|trail_sma20	A_disc	573	227	0	0	0	0	0	0	-1.0000	-1.0000	-1.0000	-1.0000	-1.0000	24.9912	0.0436	18.6155	24.8679	0.0434	18.6570	25.9892	0.0454	19.7783	11.4383	0.0200	6.3088	10.2846	0.0179	5.1551	14.7786	INFQ +3.2;CLF +3.2	INFQ +2.9;QUBT +2.2
rerun_grid	ALL	adr_100	1R|trail_sma20	B	32	15	0	0	0	0	0	0	-1.0000	-1.0000	-1.0000	-1.0000	-1.0000	-8.5236	-0.2664	-12.5236	-7.6106	-0.2378	-11.5131	-6.9996	-0.2187	-9.7496	-4.7566	-0.1486	-6.7714	-4.7491	-0.1484	-6.8367	-9.4360	PHVS +2.0;SEI +2.0	SEI +1.1;PHVS +1.0
rerun_grid	ALL	adr_100	1R|trail_max10_20	A	593	234	0	0	0	0	0	0	-1.0000	-1.0000	-1.0000	-1.0000	-1.0000	40.8233	0.0688	34.4476	39.0987	0.0659	32.9638	38.9860	0.0657	32.9527	19.3403	0.0326	14.2108	18.2308	0.0307	13.1014	30.7002	INFQ +3.2;CLF +3.2	INFQ +2.9;QUBT +2.2
rerun_grid	ALL	adr_100	1R|trail_max10_20	A_disc	573	227	0	0	0	0	0	0	-1.0000	-1.0000	-1.0000	-1.0000	-1.0000	31.8913	0.0557	25.5156	31.2217	0.0545	25.0868	31.9350	0.0557	25.9017	14.2859	0.0249	9.1564	13.2249	0.0231	8.0954	21.9239	INFQ +3.2;CLF +3.2	INFQ +2.9;QUBT +2.2
rerun_grid	ALL	adr_100	1R|trail_max10_20	B	32	15	0	0	0	0	0	0	-1.0000	-1.0000	-1.0000	-1.0000	-1.0000	-8.5236	-0.2664	-12.5236	-7.6106	-0.2378	-11.5131	-6.9996	-0.2187	-9.7496	-4.7566	-0.1486	-6.7714	-4.7491	-0.1484	-6.8367	-9.4360	PHVS +2.0;SEI +2.0	SEI +1.1;PHVS +1.0
rerun_grid	ALL	adr_100	1R|time_s3	A	593	234	0	0	0	0	0	0	-1.0000	-1.0000	-1.0000	-1.0000	-1.0000	-2.5097	-0.0042	-10.2149	-2.8871	-0.0049	-9.6198	5.5240	0.0093	-0.4760	-7.0250	-0.0118	-11.6541	-11.8895	-0.0200	-16.5187	-11.1153	CLF +4.0;ZBRA +3.7	INFQ +2.7;FIG +2.0
rerun_grid	ALL	adr_100	1R|time_s3	A_disc	573	227	0	0	0	0	0	0	-1.0000	-1.0000	-1.0000	-1.0000	-1.0000	-10.5196	-0.0184	-18.2248	-9.8897	-0.0173	-16.6224	-0.6835	-0.0012	-6.6835	-11.4454	-0.0200	-16.0746	-16.2208	-0.0283	-20.8500	-18.9695	CLF +4.0;ZBRA +3.7	INFQ +2.7;FIG +2.0
rerun_grid	ALL	adr_100	1R|time_s3	B	32	15	0	0	0	0	0	0	-1.0000	-1.0000	-1.0000	-1.0000	-1.0000	-7.9165	-0.2474	-11.9165	-7.5627	-0.2363	-11.4652	-6.8194	-0.2131	-9.5694	-4.7693	-0.1490	-6.7840	-4.8578	-0.1518	-6.9453	-8.8494	PHVS +2.0;SEI +2.0	SEI +1.1;PHVS +1.0
rerun_grid	ALL	adr_100	1R|time_s5	A	593	234	0	0	0	0	0	0	-1.0000	-1.0000	-1.0000	-1.0000	-1.0000	11.5794	0.0195	3.5794	11.2103	0.0189	3.4776	19.7072	0.0332	12.4580	2.5372	0.0043	-3.3395	-2.3443	-0.0040	-8.2210	0.9796	CLF +4.0;CRMD +4.0	INFQ +3.7;DRTS +2.2
rerun_grid	ALL	adr_100	1R|time_s5	A_disc	573	227	0	0	0	0	0	0	-1.0000	-1.0000	-1.0000	-1.0000	-1.0000	4.0668	0.0071	-3.9332	4.9789	0.0087	-2.7538	13.7648	0.0240	6.5156	-1.5865	-0.0028	-7.4632	-6.3142	-0.0110	-12.1909	-6.3773	CLF +4.0;CRMD +4.0	INFQ +3.7;DRTS +2.2
rerun_grid	ALL	adr_100	1R|time_s5	B	32	15	0	0	0	0	0	0	-1.0000	-1.0000	-1.0000	-1.0000	-1.0000	-9.1202	-0.2850	-13.1202	-8.3325	-0.2604	-12.2350	-7.6025	-0.2376	-10.3525	-5.1519	-0.1610	-7.1667	-5.2404	-0.1638	-7.3280	-10.0531	PHVS +2.0;SEI +2.0	SEI +1.1;PHVS +1.0
rerun_grid	ALL	adr_100	1R|time_s10	A	593	234	0	0	0	0	0	0	-1.0000	-1.0000	-1.0000	-1.0000	-1.0000	4.1129	0.0069	-3.8871	4.5930	0.0077	-3.1397	12.8969	0.0217	5.6478	-2.4894	-0.0042	-8.3661	-7.3978	-0.0125	-13.2745	-23.3375	CLF +4.0;CRMD +4.0	INFQ +3.7;DRTS +2.2
rerun_grid	ALL	adr_100	1R|time_s10	A_disc	573	227	0	0	0	0	0	0	-1.0000	-1.0000	-1.0000	-1.0000	-1.0000	0.1129	0.0002	-7.8871	1.4054	0.0025	-6.3273	9.7262	0.0170	2.4771	-4.9584	-0.0087	-10.8350	-9.7129	-0.0170	-15.5896	-11.1729	CLF +4.0;CRMD +4.0	INFQ +3.7;DRTS +2.2
rerun_grid	ALL	adr_100	1R|time_s10	B	32	15	0	0	0	0	0	0	-1.0000	-1.0000	-1.0000	-1.0000	-1.0000	-10.0000	-0.3125	-14.0000	-9.1358	-0.2855	-13.0384	-8.2415	-0.2575	-10.9915	-5.5812	-0.1744	-7.5959	-5.6697	-0.1772	-7.7572	-11.0849	PHVS +2.0;SEI +2.0	SEI +1.1;PHVS +1.0
rerun_grid	ALL	adr_100	1R|sma21_2x	A	593	234	0	0	0	0	0	0	-1.0000	-1.0000	-1.0000	-1.0000	-1.0000	18.5400	0.0313	10.5400	18.0575	0.0305	11.0756	22.4111	0.0378	16.0456	5.2215	0.0088	-0.2913	2.3218	0.0039	-3.1911	7.8657	CLF +4.0;CRMD +4.0	INFQ +2.8;QUBT +2.7
rerun_grid	ALL	adr_100	1R|sma21_2x	A_disc	573	227	0	0	0	0	0	0	-1.0000	-1.0000	-1.0000	-1.0000	-1.0000	12.7858	0.0223	4.7858	13.1157	0.0229	6.1338	17.7584	0.0310	11.3928	1.7704	0.0031	-3.7425	-0.9756	-0.0017	-6.4885	2.2672	CLF +4.0;CRMD +4.0	INFQ +2.8;QUBT +2.7
rerun_grid	ALL	adr_100	1R|sma21_2x	B	32	15	0	0	0	0	0	0	-1.0000	-1.0000	-1.0000	-1.0000	-1.0000	-7.8405	-0.2450	-11.8405	-6.9763	-0.2180	-10.8789	-6.9075	-0.2159	-9.6575	-4.4625	-0.1395	-6.4772	-4.4088	-0.1378	-6.4963	-8.7560	PHVS +2.0;SEI +2.0	SEI +1.1;PHVS +1.0
rerun_grid	ALL	adr_100	1R|ema23_2x	A	593	234	0	0	0	0	0	0	-1.0000	-1.0000	-1.0000	-1.0000	-1.0000	16.9558	0.0286	9.8394	17.3324	0.0292	10.4833	21.1879	0.0357	14.9817	6.1118	0.0103	0.5990	3.2121	0.0054	-2.3008	7.1832	CLF +4.0;INFQ +3.1	INFQ +2.8;QUBT +2.7
rerun_grid	ALL	adr_100	1R|ema23_2x	A_disc	573	227	0	0	0	0	0	0	-1.0000	-1.0000	-1.0000	-1.0000	-1.0000	9.2951	0.0162	2.1787	10.4841	0.0183	3.6350	15.1053	0.0264	8.8991	1.6919	0.0030	-3.8209	-1.0540	-0.0018	-6.5669	-0.3218	CLF +4.0;INFQ +3.1	INFQ +2.8;QUBT +2.7
rerun_grid	ALL	adr_100	1R|ema23_2x	B	32	15	0	0	0	0	0	0	-1.0000	-1.0000	-1.0000	-1.0000	-1.0000	-7.8405	-0.2450	-11.8405	-6.9763	-0.2180	-10.8789	-6.9075	-0.2159	-9.6575	-4.4625	-0.1395	-6.4772	-4.4088	-0.1378	-6.4963	-8.7560	PHVS +2.0;SEI +2.0	SEI +1.1;PHVS +1.0
rerun_grid	ALL	adr_100	1R|sma50_1x	A	593	234	0	0	0	0	0	0	-1.0000	-1.0000	-1.0000	-1.0000	-1.0000	22.5259	0.0380	16.4095	23.0055	0.0388	16.8891	24.2767	0.0409	18.1603	11.0536	0.0186	6.0606	10.6667	0.0180	5.6736	15.9292	INFQ +3.1;ACAD +3.0	INFQ +2.8;DRTS +2.2
rerun_grid	ALL	adr_100	1R|sma50_1x	A_disc	573	227	0	0	0	0	0	0	-1.0000	-1.0000	-1.0000	-1.0000	-1.0000	18.9999	0.0332	12.8835	20.2920	0.0354	14.1756	21.4615	0.0375	15.3451	9.2430	0.0161	4.2500	9.0099	0.0157	4.0168	12.5589	INFQ +3.1;ACAD +3.0	INFQ +2.8;DRTS +2.2
rerun_grid	ALL	adr_100	1R|sma50_1x	B	32	15	0	0	0	0	0	0	-1.0000	-1.0000	-1.0000	-1.0000	-1.0000	-4.5382	-0.1418	-8.5382	-4.5823	-0.1432	-8.4849	-4.5774	-0.1430	-7.3274	-3.2425	-0.1013	-5.2572	-3.2350	-0.1011	-5.3225	-5.4506	PHVS +2.0;SEI +2.0	SEI +1.1;PHVS +1.0
rerun_grid	ALL	adr_100	1R|ema65_1x	A	593	234	0	0	0	0	0	0	-1.0000	-1.0000	-1.0000	-1.0000	-1.0000	13.4598	0.0227	7.2950	13.9902	0.0236	7.9902	17.2954	0.0292	11.2954	6.1347	0.0103	0.8936	3.5314	0.0060	-1.7189	6.8724	CLF +3.2;ACAD +3.0	INFQ +2.7;RDW +2.6
rerun_grid	ALL	adr_100	1R|ema65_1x	A_disc	573	227	0	0	0	0	0	0	-1.0000	-1.0000	-1.0000	-1.0000	-1.0000	6.5243	0.0114	0.3595	7.8671	0.0137	1.8671	11.6558	0.0203	5.6558	2.0282	0.0035	-3.2130	-0.4214	-0.0007	-5.6716	0.0926	CLF +3.2;ACAD +3.0	INFQ +2.7;RDW +2.6
rerun_grid	ALL	adr_100	1R|ema65_1x	B	32	15	0	0	0	0	0	0	-1.0000	-1.0000	-1.0000	-1.0000	-1.0000	-4.5382	-0.1418	-8.5382	-4.5823	-0.1432	-8.4849	-4.5774	-0.1430	-7.3274	-3.2425	-0.1013	-5.2572	-3.2350	-0.1011	-5.3225	-5.4506	PHVS +2.0;SEI +2.0	SEI +1.1;PHVS +1.0
rerun_grid	ALL	adr_100	1R|hv21_50_noreclaim2	A	593	234	0	0	0	0	0	0	-1.0000	-1.0000	-1.0000	-1.0000	-1.0000	4.1129	0.0069	-3.8871	4.5930	0.0077	-3.1397	12.8969	0.0217	5.6478	-2.4894	-0.0042	-8.3661	-7.3978	-0.0125	-13.2745	-23.3375	CLF +4.0;CRMD +4.0	INFQ +3.7;DRTS +2.2
rerun_grid	ALL	adr_100	1R|hv21_50_noreclaim2	A_disc	573	227	0	0	0	0	0	0	-1.0000	-1.0000	-1.0000	-1.0000	-1.0000	0.1129	0.0002	-7.8871	1.4054	0.0025	-6.3273	9.7262	0.0170	2.4771	-4.9584	-0.0087	-10.8350	-9.7129	-0.0170	-15.5896	-11.1729	CLF +4.0;CRMD +4.0	INFQ +3.7;DRTS +2.2
rerun_grid	ALL	adr_100	1R|hv21_50_noreclaim2	B	32	15	0	0	0	0	0	0	-1.0000	-1.0000	-1.0000	-1.0000	-1.0000	-10.0000	-0.3125	-14.0000	-9.1358	-0.2855	-13.0384	-8.2415	-0.2575	-10.9915	-5.5812	-0.1744	-7.5959	-5.6697	-0.1772	-7.7572	-11.0849	PHVS +2.0;SEI +2.0	SEI +1.1;PHVS +1.0
rerun_grid	ALL	adr_100	2R|none	A	593	234	0	0	0	0	0	0	-1.0000	-1.0000	-1.0000	-1.0000	-1.0000	-60.5592	-0.1021	-72.1626	-54.1612	-0.0913	-64.4989	-40.2657	-0.0679	-50.6033	-46.0252	-0.0776	-54.8172	-54.2968	-0.0916	-63.0889	-92.9550	CRMD +6.6;CLF +5.0	INFQ +4.8;AVEX +4.0
rerun_grid	ALL	adr_100	2R|none	A_disc	573	227	0	0	0	0	0	0	-1.0000	-1.0000	-1.0000	-1.0000	-1.0000	-54.6557	-0.0954	-66.2591	-47.0369	-0.0821	-57.3745	-35.1866	-0.0614	-45.5242	-41.5151	-0.0725	-50.3071	-49.6329	-0.0866	-58.4249	-70.8869	CRMD +6.6;CLF +5.0	INFQ +4.8;AVEX +4.0
rerun_grid	ALL	adr_100	2R|none	B	32	15	0	0	0	0	0	0	-1.0000	-1.0000	-1.0000	-1.0000	-1.0000	-17.3941	-0.5436	-22.3941	-16.3486	-0.5109	-19.1937	-14.5052	-0.4533	-17.1218	-9.3524	-0.2923	-10.7749	-9.3967	-0.2936	-10.8193	-18.4790	QCOM +3.0;DG +2.0	QCOM +0.9;CRWD +0.5
rerun_grid	ALL	adr_100	2R|trail_sma10	A	593	234	0	0	0	0	0	0	-1.0000	-1.0000	-1.0000	-1.0000	-1.0000	2.4854	0.0042	-9.5202	3.7240	0.0063	-5.4461	10.7050	0.0181	1.5819	-7.9139	-0.0133	-14.8859	-12.6875	-0.0214	-19.6595	-12.3745	CRMD +6.3;ZBRA +5.8	TE +3.5;ALAB +3.4
rerun_grid	ALL	adr_100	2R|trail_sma10	A_disc	573	227	0	0	0	0	0	0	-1.0000	-1.0000	-1.0000	-1.0000	-1.0000	1.1108	0.0019	-10.8948	3.8128	0.0067	-5.3573	9.7568	0.0170	0.6338	-7.6347	-0.0133	-14.6066	-12.3598	-0.0216	-19.3318	-13.5934	CRMD +6.3;ZBRA +5.8	TE +3.5;ALAB +3.4
rerun_grid	ALL	adr_100	2R|trail_sma10	B	32	15	0	0	0	0	0	0	-1.0000	-1.0000	-1.0000	-1.0000	-1.0000	-17.0050	-0.5314	-22.0050	-15.8849	-0.4964	-18.6823	-13.5276	-0.4227	-16.1441	-9.0218	-0.2819	-10.4205	-9.0579	-0.2831	-10.4566	-17.9174	QCOM +3.0;DG +2.0	QCOM +0.9;DG +0.5
rerun_grid	ALL	adr_100	2R|trail_sma20	A	593	234	0	0	0	0	0	0	-1.0000	-1.0000	-1.0000	-1.0000	-1.0000	-10.4481	-0.0176	-18.5742	-6.7280	-0.0113	-14.8541	-3.1115	-0.0052	-11.1115	-12.7178	-0.0214	-19.6897	-16.0474	-0.0271	-23.0193	-25.4865	FTK +4.1;ABVX +4.0	TE +3.5;ALAB +3.4
rerun_grid	ALL	adr_100	2R|trail_sma20	A_disc	573	227	0	0	0	0	0	0	-1.0000	-1.0000	-1.0000	-1.0000	-1.0000	-6.8517	-0.0120	-14.9778	-1.9107	-0.0033	-10.0368	0.0896	0.0002	-7.9104	-9.4605	-0.0165	-16.4325	-12.6363	-0.0221	-19.6082	-21.7344	FTK +4.1;ABVX +4.0	TE +3.5;ALAB +3.4
rerun_grid	ALL	adr_100	2R|trail_sma20	B	32	15	0	0	0	0	0	0	-1.0000	-1.0000	-1.0000	-1.0000	-1.0000	-14.6714	-0.4585	-19.6714	-13.5513	-0.4235	-16.3487	-12.0786	-0.3775	-14.6951	-7.8539	-0.2454	-9.2526	-7.8022	-0.2438	-9.2010	-15.5838	QCOM +3.0;DG +2.0	QCOM +0.9;DG +0.5
rerun_grid	ALL	adr_100	2R|trail_max10_20	A	593	234	0	0	0	0	0	0	-1.0000	-1.0000	-1.0000	-1.0000	-1.0000	14.6790	0.0248	4.7975	15.7979	0.0266	7.6718	19.2657	0.0325	11.2657	0.8069	0.0014	-6.1651	-2.4091	-0.0041	-9.3810	-0.0006	ZBRA +5.8;FTK +4.1	TE +3.5;ALAB +3.4
rerun_grid	ALL	adr_100	2R|trail_max10_20	A_disc	573	227	0	0	0	0	0	0	-1.0000	-1.0000	-1.0000	-1.0000	-1.0000	13.3044	0.0232	3.4229	15.8867	0.0277	7.7606	18.3175	0.0320	10.3175	1.0861	0.0019	-5.8858	-2.0814	-0.0036	-9.0533	-1.2195	ZBRA +5.8;FTK +4.1	TE +3.5;ALAB +3.4
rerun_grid	ALL	adr_100	2R|trail_max10_20	B	32	15	0	0	0	0	0	0	-1.0000	-1.0000	-1.0000	-1.0000	-1.0000	-15.8762	-0.4961	-20.8762	-14.7561	-0.4611	-17.5535	-12.6810	-0.3963	-15.2975	-8.4563	-0.2643	-9.8550	-8.4924	-0.2654	-9.8911	-16.7886	QCOM +3.0;DG +2.0	QCOM +0.9;DG +0.5
rerun_grid	ALL	adr_100	2R|time_s3	A	593	234	0	0	0	0	0	0	-1.0000	-1.0000	-1.0000	-1.0000	-1.0000	-8.3734	-0.0141	-20.9138	-7.9821	-0.0135	-18.0860	2.8754	0.0048	-5.7112	-13.4735	-0.0227	-20.2893	-19.5527	-0.0330	-26.3685	-20.5406	ZBRA +6.7;CLF +5.8	TE +3.5;VOYG +3.3
rerun_grid	ALL	adr_100	2R|time_s3	A_disc	573	227	0	0	0	0	0	0	-1.0000	-1.0000	-1.0000	-1.0000	-1.0000	-16.8651	-0.0294	-29.4055	-15.1161	-0.0264	-25.2201	-3.8698	-0.0068	-12.4565	-18.1122	-0.0316	-24.9280	-24.1022	-0.0421	-30.9180	-28.8766	ZBRA +6.7;CLF +5.8	TE +3.5;VOYG +3.3
rerun_grid	ALL	adr_100	2R|time_s3	B	32	15	0	0	0	0	0	0	-1.0000	-1.0000	-1.0000	-1.0000	-1.0000	-13.1764	-0.4118	-18.1764	-13.7058	-0.4283	-16.5996	-10.7388	-0.3356	-13.3554	-8.0056	-0.2502	-9.4526	-8.2179	-0.2568	-9.6648	-14.1093	QCOM +3.0;DG +2.0	QCOM +0.9;PHVS +0.6
rerun_grid	ALL	adr_100	2R|time_s5	A	593	234	0	0	0	0	0	0	-1.0000	-1.0000	-1.0000	-1.0000	-1.0000	-25.4292	-0.0429	-38.5884	-22.9266	-0.0387	-33.9098	-7.8213	-0.0132	-17.6606	-24.7806	-0.0418	-31.7525	-32.8588	-0.0554	-39.8308	-40.7428	ZBRA +6.7;CRMD +6.4	TE +3.5;ALAB +3.4
rerun_grid	ALL	adr_100	2R|time_s5	A_disc	573	227	0	0	0	0	0	0	-1.0000	-1.0000	-1.0000	-1.0000	-1.0000	-27.6654	-0.0483	-40.8246	-23.5752	-0.0411	-34.5584	-10.0699	-0.0176	-19.9093	-25.3528	-0.0442	-32.3247	-33.2773	-0.0581	-40.2492	-42.8233	ZBRA +6.7;CRMD +6.4	TE +3.5;ALAB +3.4
rerun_grid	ALL	adr_100	2R|time_s5	B	32	15	0	0	0	0	0	0	-1.0000	-1.0000	-1.0000	-1.0000	-1.0000	-16.1720	-0.5054	-21.1720	-15.4292	-0.4822	-18.2266	-13.1617	-0.4113	-15.7783	-8.8651	-0.2770	-10.2638	-8.9269	-0.2790	-10.3256	-17.1049	QCOM +3.0;DG +2.0	QCOM +0.9;DG +0.5
rerun_grid	ALL	adr_100	2R|time_s10	A	593	234	0	0	0	0	0	0	-1.0000	-1.0000	-1.0000	-1.0000	-1.0000	-60.5592	-0.1021	-72.1626	-54.1612	-0.0913	-64.4989	-40.2657	-0.0679	-50.6033	-46.0252	-0.0776	-54.8172	-54.2968	-0.0916	-63.0889	-92.9550	CRMD +6.6;CLF +5.0	INFQ +4.8;AVEX +4.0
rerun_grid	ALL	adr_100	2R|time_s10	A_disc	573	227	0	0	0	0	0	0	-1.0000	-1.0000	-1.0000	-1.0000	-1.0000	-54.6557	-0.0954	-66.2591	-47.0369	-0.0821	-57.3745	-35.1866	-0.0614	-45.5242	-41.5151	-0.0725	-50.3071	-49.6329	-0.0866	-58.4249	-70.8869	CRMD +6.6;CLF +5.0	INFQ +4.8;AVEX +4.0
rerun_grid	ALL	adr_100	2R|time_s10	B	32	15	0	0	0	0	0	0	-1.0000	-1.0000	-1.0000	-1.0000	-1.0000	-17.3941	-0.5436	-22.3941	-16.3486	-0.5109	-19.1937	-14.5052	-0.4533	-17.1218	-9.3524	-0.2923	-10.7749	-9.3967	-0.2936	-10.8193	-18.4790	QCOM +3.0;DG +2.0	QCOM +0.9;CRWD +0.5
rerun_grid	ALL	adr_100	2R|sma21_2x	A	593	234	0	0	0	0	0	0	-1.0000	-1.0000	-1.0000	-1.0000	-1.0000	-29.3320	-0.0495	-40.9354	-24.9246	-0.0420	-35.0280	-16.7340	-0.0282	-26.0716	-27.2633	-0.0460	-34.2352	-32.6622	-0.0551	-39.6341	-44.6764	CRMD +6.6;CLF +5.0	TE +3.5;ALAB +3.4
rerun_grid	ALL	adr_100	2R|sma21_2x	A_disc	573	227	0	0	0	0	0	0	-1.0000	-1.0000	-1.0000	-1.0000	-1.0000	-24.8322	-0.0433	-36.4356	-19.2040	-0.0335	-29.3073	-12.8740	-0.0225	-22.2116	-23.5137	-0.0410	-30.4857	-28.7589	-0.0502	-35.7308	-40.0209	CRMD +6.6;CLF +5.0	TE +3.5;ALAB +3.4
rerun_grid	ALL	adr_100	2R|sma21_2x	B	32	15	0	0	0	0	0	0	-1.0000	-1.0000	-1.0000	-1.0000	-1.0000	-15.2837	-0.4776	-20.2837	-14.1685	-0.4428	-16.9659	-12.7408	-0.3981	-15.3573	-8.1888	-0.2559	-9.5876	-8.0910	-0.2528	-9.4898	-16.1992	QCOM +3.0;DG +2.0	QCOM +0.9;DG +0.5
rerun_grid	ALL	adr_100	2R|ema23_2x	A	593	234	0	0	0	0	0	0	-1.0000	-1.0000	-1.0000	-1.0000	-1.0000	-36.3798	-0.0613	-45.6447	-30.5943	-0.0516	-39.3601	-21.4916	-0.0362	-29.4916	-28.8218	-0.0486	-35.7937	-34.8616	-0.0588	-41.8335	-50.8225	CLF +5.0;CRMD +4.3	TE +3.5;ALAB +3.4
rerun_grid	ALL	adr_100	2R|ema23_2x	A_disc	573	227	0	0	0	0	0	0	-1.0000	-1.0000	-1.0000	-1.0000	-1.0000	-33.7865	-0.0590	-43.0514	-26.7801	-0.0467	-35.5459	-19.0615	-0.0333	-27.0615	-26.0409	-0.0454	-33.0129	-31.9270	-0.0557	-38.8989	-48.0735	CLF +5.0;CRMD +4.3	TE +3.5;ALAB +3.4
rerun_grid	ALL	adr_100	2R|ema23_2x	B	32	15	0	0	0	0	0	0	-1.0000	-1.0000	-1.0000	-1.0000	-1.0000	-13.4145	-0.4192	-18.4145	-12.3690	-0.3865	-15.2141	-11.8062	-0.3689	-14.4227	-7.2891	-0.2278	-8.7117	-7.1913	-0.2247	-8.6139	-14.3300	QCOM +3.0;DG +2.0	QCOM +0.9;CRWD +0.5
rerun_grid	ALL	adr_100	2R|sma50_1x	A	593	234	0	0	0	0	0	0	-1.0000	-1.0000	-1.0000	-1.0000	-1.0000	-20.1683	-0.0340	-28.2944	-13.8784	-0.0234	-22.0045	-12.1520	-0.0205	-20.1520	-15.4332	-0.0260	-22.8785	-16.9119	-0.0285	-24.3572	-28.6721	FTK +4.1;ABVX +4.0	AVEX +4.0;ALAB +3.4
rerun_grid	ALL	adr_100	2R|sma50_1x	A_disc	573	227	0	0	0	0	0	0	-1.0000	-1.0000	-1.0000	-1.0000	-1.0000	-17.7908	-0.0310	-25.9169	-10.2800	-0.0179	-18.4061	-9.7174	-0.0170	-17.7174	-13.0198	-0.0227	-20.4651	-14.3447	-0.0250	-21.7900	-26.1389	FTK +4.1;ABVX +4.0	AVEX +4.0;ALAB +3.4
rerun_grid	ALL	adr_100	2R|sma50_1x	B	32	15	0	0	0	0	0	0	-1.0000	-1.0000	-1.0000	-1.0000	-1.0000	-9.9323	-0.3104	-14.9323	-9.7951	-0.3061	-12.6402	-9.3411	-0.2919	-11.9577	-5.9758	-0.1867	-7.3984	-5.9242	-0.1851	-7.3467	-10.8447	QCOM +3.0;DG +2.0	QCOM +0.9;CRWD +0.5
rerun_grid	ALL	adr_100	2R|ema65_1x	A	593	234	0	0	0	0	0	0	-1.0000	-1.0000	-1.0000	-1.0000	-1.0000	-33.5060	-0.0565	-41.6321	-27.9079	-0.0471	-36.0340	-21.9511	-0.0370	-29.9511	-23.6433	-0.0399	-31.0885	-28.4955	-0.0481	-35.9408	-42.0005	FTK +4.1;ABVX +4.0	AVEX +4.0;ALAB +3.4
rerun_grid	ALL	adr_100	2R|ema65_1x	A_disc	573	227	0	0	0	0	0	0	-1.0000	-1.0000	-1.0000	-1.0000	-1.0000	-31.3343	-0.0547	-39.4604	-24.5153	-0.0428	-32.6414	-19.9380	-0.0348	-27.9380	-21.2874	-0.0372	-28.7327	-25.9859	-0.0454	-33.4312	-39.6731	FTK +4.1;ABVX +4.0	AVEX +4.0;ALAB +3.4
rerun_grid	ALL	adr_100	2R|ema65_1x	B	32	15	0	0	0	0	0	0	-1.0000	-1.0000	-1.0000	-1.0000	-1.0000	-9.9323	-0.3104	-14.9323	-9.7951	-0.3061	-12.6402	-9.3411	-0.2919	-11.9577	-5.9758	-0.1867	-7.3984	-5.9242	-0.1851	-7.3467	-10.8447	QCOM +3.0;DG +2.0	QCOM +0.9;CRWD +0.5
rerun_grid	ALL	adr_100	2R|hv21_50_noreclaim2	A	593	234	0	0	0	0	0	0	-1.0000	-1.0000	-1.0000	-1.0000	-1.0000	-59.9546	-0.1011	-71.5580	-53.5566	-0.0903	-63.8943	-39.9634	-0.0674	-50.3010	-45.7229	-0.0771	-54.5149	-53.7871	-0.0907	-62.5791	-92.3504	CRMD +6.6;CLF +5.0	INFQ +4.8;AVEX +4.0
rerun_grid	ALL	adr_100	2R|hv21_50_noreclaim2	A_disc	573	227	0	0	0	0	0	0	-1.0000	-1.0000	-1.0000	-1.0000	-1.0000	-54.0511	-0.0943	-65.6545	-46.4323	-0.0810	-56.7699	-34.8843	-0.0609	-45.2219	-41.2128	-0.0719	-50.0048	-49.1232	-0.0857	-57.9152	-70.2823	CRMD +6.6;CLF +5.0	INFQ +4.8;AVEX +4.0
rerun_grid	ALL	adr_100	2R|hv21_50_noreclaim2	B	32	15	0	0	0	0	0	0	-1.0000	-1.0000	-1.0000	-1.0000	-1.0000	-17.3941	-0.5436	-22.3941	-16.3486	-0.5109	-19.1937	-14.5052	-0.4533	-17.1218	-9.3524	-0.2923	-10.7749	-9.3967	-0.2936	-10.8193	-18.4790	QCOM +3.0;DG +2.0	QCOM +0.9;CRWD +0.5
rerun_grid	ALL	adr_100	3R|none	A	593	234	101	303.0000	292.5103	273.2865	181.8903	187.4162	-1.0000	-1.0000	-1.0000	-1.0000	-1.0000	-47.4868	-0.0801	-61.4868	-36.8945	-0.0622	-50.4930	-28.2659	-0.0477	-40.2659	-38.1924	-0.0644	-49.4824	-44.9073	-0.0757	-56.1973	-79.9962	CLF +8.0;ABVX +6.0	AVEX +6.0;TE +5.3
rerun_grid	ALL	adr_100	3R|none	A_disc	573	227	101	303.0000	292.5103	273.2865	181.8903	187.4162	-1.0000	-1.0000	-1.0000	-1.0000	-1.0000	-35.7489	-0.0624	-49.7489	-24.5905	-0.0429	-38.1890	-18.0071	-0.0314	-30.0071	-30.5085	-0.0532	-41.7985	-37.0697	-0.0647	-48.3596	-52.0937	CLF +8.0;ABVX +6.0	AVEX +6.0;TE +5.3
rerun_grid	ALL	adr_100	3R|none	B	32	15	3	9.0000	6.4113	4.7519	3.2057	3.2057	-1.0000	-1.0000	-1.0000	-1.0000	-1.0000	-16.5157	-0.5161	-23.5157	-15.2993	-0.4781	-20.2816	-14.0091	-0.4378	-17.4341	-8.8277	-0.2759	-11.3189	-8.8721	-0.2773	-11.3632	-17.6006	QCOM +5.0;CRWD +2.0	QCOM +1.5;CRWD +1.0
rerun_grid	ALL	adr_100	3R|trail_sma10	A	593	234	83	249.0000	239.4883	226.2644	148.0155	150.0124	-1.0000	-1.0000	-1.0000	-1.0000	-1.0000	16.7957	0.0283	4.6696	22.0378	0.0372	9.9117	26.1585	0.0441	14.1585	1.5926	0.0027	-8.8653	-2.8982	-0.0049	-13.3561	1.9358	FTK +6.1;AGYS +6.0	TE +5.3;ALAB +5.2
rerun_grid	ALL	adr_100	3R|trail_sma10	A_disc	573	227	83	249.0000	239.4883	226.2644	148.0155	150.0124	-1.0000	-1.0000	-1.0000	-1.0000	-1.0000	21.3376	0.0372	9.2115	27.2326	0.0475	15.1065	30.3163	0.0529	18.3163	4.9451	0.0086	-5.5128	0.5028	0.0009	-9.9551	6.6334	FTK +6.1;AGYS +6.0	TE +5.3;ALAB +5.2
rerun_grid	ALL	adr_100	3R|trail_sma10	B	32	15	2	6.0000	3.5232	3.2519	1.7616	1.7616	-1.0000	-1.0000	-1.0000	-1.0000	-1.0000	-17.1672	-0.5365	-22.0050	-15.8191	-0.4943	-18.6823	-13.5522	-0.4235	-16.1441	-8.9889	-0.2809	-10.4205	-9.0250	-0.2820	-10.4566	-18.0796	QCOM +5.0;DG -0.2	QCOM +1.5;DG -0.0
rerun_grid	ALL	adr_100	3R|trail_sma20	A	593	234	86	258.0000	248.9228	235.6990	155.4995	157.4965	-1.0000	-1.0000	-1.0000	-1.0000	-1.0000	1.1977	0.0020	-10.9284	9.5214	0.0161	-2.6047	10.1189	0.0171	-1.8811	-5.2527	-0.0089	-15.7106	-8.2855	-0.0140	-18.7434	-13.8407	FTK +6.1;AGYS +6.0	TE +5.3;ALAB +5.2
rerun_grid	ALL	adr_100	3R|trail_sma20	A_disc	573	227	86	258.0000	248.9228	235.6990	155.4995	157.4965	-1.0000	-1.0000	-1.0000	-1.0000	-1.0000	10.6285	0.0185	-1.4976	19.5183	0.0341	7.3922	18.4996	0.0323	6.4996	1.1783	0.0021	-9.2796	-1.7007	-0.0030	-12.1586	-4.2542	FTK +6.1;AGYS +6.0	TE +5.3;ALAB +5.2
rerun_grid	ALL	adr_100	3R|trail_sma20	B	32	15	2	6.0000	3.5232	3.2519	1.7616	1.7616	-1.0000	-1.0000	-1.0000	-1.0000	-1.0000	-14.8336	-0.4636	-20.4395	-13.4855	-0.4214	-17.0378	-12.1032	-0.3782	-14.8313	-7.8210	-0.2444	-9.5337	-7.7694	-0.2428	-9.5990	-15.7460	QCOM +5.0;SEI +0.6	QCOM +1.5;SEI +0.2
rerun_grid	ALL	adr_100	3R|trail_max10_20	A	593	234	81	243.0000	234.3755	221.1517	143.9591	145.9560	-1.0000	-1.0000	-1.0000	-1.0000	-1.0000	29.3875	0.0496	17.2614	34.7440	0.0586	22.6179	35.3515	0.0596	23.3515	10.2371	0.0173	-0.2208	7.3040	0.0123	-3.1539	14.7079	FTK +6.1;AGYS +6.0	TE +5.3;ALAB +5.2
rerun_grid	ALL	adr_100	3R|trail_max10_20	A_disc	573	227	81	243.0000	234.3755	221.1517	143.9591	145.9560	-1.0000	-1.0000	-1.0000	-1.0000	-1.0000	33.9294	0.0592	21.8033	39.9388	0.0697	27.8127	39.5094	0.0690	27.5094	13.5896	0.0237	3.1317	10.7049	0.0187	0.2470	19.4055	FTK +6.1;AGYS +6.0	TE +5.3;ALAB +5.2
rerun_grid	ALL	adr_100	3R|trail_max10_20	B	32	15	2	6.0000	3.5232	3.2519	1.7616	1.7616	-1.0000	-1.0000	-1.0000	-1.0000	-1.0000	-16.0384	-0.5012	-20.8762	-14.6903	-0.4591	-17.5535	-12.7056	-0.3971	-15.2975	-8.4234	-0.2632	-9.8550	-8.4595	-0.2644	-9.8911	-16.9508	QCOM +5.0;DG -0.2	QCOM +1.5;DG -0.0
rerun_grid	ALL	adr_100	3R|time_s3	A	593	234	39	117.0000	112.4439	104.2422	70.9624	73.4436	-1.0000	-1.0000	-1.0000	-1.0000	-1.0000	13.2239	0.0223	-0.5510	13.6397	0.0230	1.6213	22.2799	0.0376	10.2799	-1.8883	-0.0032	-12.1120	-7.0285	-0.0119	-17.2522	1.0567	ZBRA +7.5;CLF +6.3	TE +5.3;VOYG +4.9
rerun_grid	ALL	adr_100	3R|time_s3	A_disc	573	227	39	117.0000	112.4439	104.2422	70.9624	73.4436	-1.0000	-1.0000	-1.0000	-1.0000	-1.0000	6.4940	0.0113	-7.2809	7.9437	0.0139	-4.0747	16.9727	0.0296	4.9727	-5.6672	-0.0099	-15.8909	-10.7183	-0.0187	-20.9420	-5.5175	ZBRA +7.5;CLF +6.3	TE +5.3;VOYG +4.9
rerun_grid	ALL	adr_100	3R|time_s3	B	32	15	1	3.0000	1.7713	1.5000	0.8856	0.8856	-1.0000	-1.0000	-1.0000	-1.0000	-1.0000	-13.0714	-0.4085	-18.1764	-13.6326	-0.4260	-16.6386	-10.7560	-0.3361	-13.3554	-7.9690	-0.2490	-9.4720	-8.1813	-0.2557	-9.6843	-14.0043	QCOM +3.2;DG +1.9	QCOM +0.9;PHVS +0.6
rerun_grid	ALL	adr_100	3R|time_s5	A	593	234	58	174.0000	168.5760	155.8831	106.0059	109.7630	-1.0000	-1.0000	-1.0000	-1.0000	-1.0000	-17.9230	-0.0302	-30.7856	-11.7369	-0.0198	-24.2512	0.4427	0.0007	-11.5573	-18.7273	-0.0316	-28.9510	-25.6304	-0.0432	-35.8541	-33.2366	CLF +6.9;ABVX +6.0	TE +5.3;VOYG +4.9
rerun_grid	ALL	adr_100	3R|time_s5	A_disc	573	227	58	174.0000	168.5760	155.8831	106.0059	109.7630	-1.0000	-1.0000	-1.0000	-1.0000	-1.0000	-17.0438	-0.0297	-29.9064	-10.1899	-0.0178	-22.7042	0.3897	0.0007	-11.6103	-18.0451	-0.0315	-28.2688	-24.7944	-0.0433	-35.0181	-32.2017	CLF +6.9;ABVX +6.0	TE +5.3;VOYG +4.9
rerun_grid	ALL	adr_100	3R|time_s5	B	32	15	2	6.0000	3.5232	3.2519	1.7616	1.7616	-1.0000	-1.0000	-1.0000	-1.0000	-1.0000	-15.3051	-0.4783	-21.1720	-14.8358	-0.4636	-18.2266	-12.6587	-0.3956	-15.7783	-8.5684	-0.2678	-10.2638	-8.6302	-0.2697	-10.3256	-16.2380	QCOM +5.0;DG +0.9	QCOM +1.5;DG +0.2
rerun_grid	ALL	adr_100	3R|time_s10	A	593	234	101	303.0000	292.5103	273.2865	181.8903	187.4162	-1.0000	-1.0000	-1.0000	-1.0000	-1.0000	-47.4868	-0.0801	-61.4868	-36.8945	-0.0622	-50.4930	-28.2659	-0.0477	-40.2659	-38.1924	-0.0644	-49.4824	-44.9073	-0.0757	-56.1973	-79.9962	CLF +8.0;ABVX +6.0	AVEX +6.0;TE +5.3
rerun_grid	ALL	adr_100	3R|time_s10	A_disc	573	227	101	303.0000	292.5103	273.2865	181.8903	187.4162	-1.0000	-1.0000	-1.0000	-1.0000	-1.0000	-35.7489	-0.0624	-49.7489	-24.5905	-0.0429	-38.1890	-18.0071	-0.0314	-30.0071	-30.5085	-0.0532	-41.7985	-37.0697	-0.0647	-48.3596	-52.0937	CLF +8.0;ABVX +6.0	AVEX +6.0;TE +5.3
rerun_grid	ALL	adr_100	3R|time_s10	B	32	15	3	9.0000	6.4113	4.7519	3.2057	3.2057	-1.0000	-1.0000	-1.0000	-1.0000	-1.0000	-16.5157	-0.5161	-23.5157	-15.2993	-0.4781	-20.2816	-14.0091	-0.4378	-17.4341	-8.8277	-0.2759	-11.3189	-8.8721	-0.2773	-11.3632	-17.6006	QCOM +5.0;CRWD +2.0	QCOM +1.5;CRWD +1.0
rerun_grid	ALL	adr_100	3R|sma21_2x	A	593	234	94	282.0000	272.0195	253.5457	167.8216	173.0490	-1.0000	-1.0000	-1.0000	-1.0000	-1.0000	-18.3419	-0.0309	-30.5341	-9.5449	-0.0161	-21.5449	-6.1232	-0.0103	-18.1232	-20.8089	-0.0351	-31.2667	-24.8342	-0.0419	-35.2921	-33.7999	CLF +6.2;ABVX +6.0	TE +5.3;ALAB +5.2
rerun_grid	ALL	adr_100	3R|sma21_2x	A_disc	573	227	94	282.0000	272.0195	253.5457	167.8216	173.0490	-1.0000	-1.0000	-1.0000	-1.0000	-1.0000	-8.0077	-0.0140	-20.1999	1.3554	0.0024	-10.6446	2.9164	0.0051	-9.0836	-13.8856	-0.0242	-24.3435	-17.7572	-0.0310	-28.2150	-23.3100	CLF +6.2;ABVX +6.0	TE +5.3;ALAB +5.2
rerun_grid	ALL	adr_100	3R|sma21_2x	B	32	15	2	6.0000	3.5232	3.2519	1.7616	1.7616	-1.0000	-1.0000	-1.0000	-1.0000	-1.0000	-15.9385	-0.4981	-21.5444	-14.3553	-0.4486	-17.9075	-13.0180	-0.4068	-15.7644	-8.2822	-0.2588	-9.9949	-8.1844	-0.2558	-10.0140	-16.8540	QCOM +5.0;SEI +0.6	QCOM +1.5;SEI +0.2
rerun_grid	ALL	adr_100	3R|ema23_2x	A	593	234	92	276.0000	266.0195	250.5457	164.8216	168.2803	-1.0000	-1.0000	-1.0000	-1.0000	-1.0000	-22.2452	-0.0375	-34.4374	-12.1871	-0.0206	-24.1871	-6.8534	-0.0116	-18.8534	-20.6671	-0.0349	-31.1250	-25.9230	-0.0437	-36.3809	-36.8015	CLF +6.2;ABVX +6.0	TE +5.3;ALAB +5.2
rerun_grid	ALL	adr_100	3R|ema23_2x	A_disc	573	227	92	276.0000	266.0195	250.5457	164.8216	168.2803	-1.0000	-1.0000	-1.0000	-1.0000	-1.0000	-13.8175	-0.0241	-26.0097	-3.1933	-0.0056	-15.1933	0.7563	0.0013	-11.2437	-14.7126	-0.0257	-25.1705	-19.8146	-0.0346	-30.2725	-28.2181	CLF +6.2;ABVX +6.0	TE +5.3;ALAB +5.2
rerun_grid	ALL	adr_100	3R|ema23_2x	B	32	15	3	9.0000	6.4113	4.7519	3.2057	3.2057	-1.0000	-1.0000	-1.0000	-1.0000	-1.0000	-13.0693	-0.4084	-20.0693	-11.5931	-0.3623	-16.5753	-11.5834	-0.3620	-15.0085	-6.9011	-0.2157	-9.3923	-6.8033	-0.2126	-9.2945	-13.9848	QCOM +5.0;CRWD +2.0	QCOM +1.5;CRWD +1.0
rerun_grid	ALL	adr_100	3R|sma50_1x	A	593	234	82	246.0000	237.7540	226.3737	150.7546	153.5015	-1.0000	-1.0000	-1.0000	-1.0000	-1.0000	-1.7933	-0.0030	-13.9194	8.4256	0.0142	-3.7005	8.6167	0.0145	-3.3833	-3.3926	-0.0057	-14.5606	-4.3236	-0.0073	-15.4915	-10.2971	FTK +6.1;AGYS +6.0	AVEX +6.0;ALAB +5.2
rerun_grid	ALL	adr_100	3R|sma50_1x	A_disc	573	227	82	246.0000	237.7540	226.3737	150.7546	153.5015	-1.0000	-1.0000	-1.0000	-1.0000	-1.0000	6.4186	0.0112	-5.7075	17.2036	0.0300	5.0775	16.2310	0.0283	4.2310	2.1945	0.0038	-8.9734	1.4173	0.0025	-9.7506	-1.9295	FTK +6.1;AGYS +6.0	AVEX +6.0;ALAB +5.2
rerun_grid	ALL	adr_100	3R|sma50_1x	B	32	15	3	9.0000	6.4113	4.7519	3.2057	3.2057	-1.0000	-1.0000	-1.0000	-1.0000	-1.0000	-9.5871	-0.2996	-16.5871	-9.0192	-0.2818	-14.0014	-9.1184	-0.2849	-12.5435	-5.5878	-0.1746	-8.0790	-5.5362	-0.1730	-8.0273	-10.4995	QCOM +5.0;CRWD +2.0	QCOM +1.5;CRWD +1.0
rerun_grid	ALL	adr_100	3R|ema65_1x	A	593	234	76	228.0000	219.2051	205.2312	139.7361	142.4831	-1.0000	-1.0000	-1.0000	-1.0000	-1.0000	-26.7479	-0.0451	-38.8740	-17.6365	-0.0297	-29.7626	-14.9527	-0.0252	-26.9527	-18.7549	-0.0316	-29.9228	-23.0593	-0.0389	-34.2273	-35.3560	FTK +6.1;AGYS +6.0	AVEX +6.0;ALAB +5.2
rerun_grid	ALL	adr_100	3R|ema65_1x	A_disc	573	227	76	228.0000	219.2051	205.2312	139.7361	142.4831	-1.0000	-1.0000	-1.0000	-1.0000	-1.0000	-18.7418	-0.0327	-30.8679	-9.0643	-0.0158	-21.1904	-7.7600	-0.0135	-19.7600	-13.2253	-0.0231	-24.3932	-17.3760	-0.0303	-28.5439	-27.1942	FTK +6.1;AGYS +6.0	AVEX +6.0;ALAB +5.2
rerun_grid	ALL	adr_100	3R|ema65_1x	B	32	15	3	9.0000	6.4113	4.7519	3.2057	3.2057	-1.0000	-1.0000	-1.0000	-1.0000	-1.0000	-9.0539	-0.2829	-16.0539	-8.7458	-0.2733	-13.7281	-8.8450	-0.2764	-12.2701	-5.4511	-0.1703	-7.9423	-5.3995	-0.1687	-7.8906	-9.9663	QCOM +5.0;CRWD +2.0	QCOM +1.5;CRWD +1.0
rerun_grid	ALL	adr_100	3R|hv21_50_noreclaim2	A	593	234	101	303.0000	292.5103	273.2865	181.8903	187.4162	-1.0000	-1.0000	-1.0000	-1.0000	-1.0000	-46.8822	-0.0791	-60.8822	-36.2899	-0.0612	-49.8884	-27.9636	-0.0472	-39.9636	-37.8901	-0.0639	-49.1801	-44.3976	-0.0749	-55.6876	-79.3916	CLF +8.0;ABVX +6.0	AVEX +6.0;TE +5.3
rerun_grid	ALL	adr_100	3R|hv21_50_noreclaim2	A_disc	573	227	101	303.0000	292.5103	273.2865	181.8903	187.4162	-1.0000	-1.0000	-1.0000	-1.0000	-1.0000	-35.1443	-0.0613	-49.1443	-23.9859	-0.0419	-37.5844	-17.7048	-0.0309	-29.7048	-30.2062	-0.0527	-41.4962	-36.5600	-0.0638	-47.8499	-51.4891	CLF +8.0;ABVX +6.0	AVEX +6.0;TE +5.3
rerun_grid	ALL	adr_100	3R|hv21_50_noreclaim2	B	32	15	3	9.0000	6.4113	4.7519	3.2057	3.2057	-1.0000	-1.0000	-1.0000	-1.0000	-1.0000	-16.5157	-0.5161	-23.5157	-15.2993	-0.4781	-20.2816	-14.0091	-0.4378	-17.4341	-8.8277	-0.2759	-11.3189	-8.8721	-0.2773	-11.3632	-17.6006	QCOM +5.0;CRWD +2.0	QCOM +1.5;CRWD +1.0
rerun_grid	ALL	adr_100	1ADR|none	A	593	234	0	0	0	0	0	0	-1.0000	-1.0000	-1.0000	-1.0000	-1.0000	4.1129	0.0069	-3.8871	4.5930	0.0077	-3.1397	12.8969	0.0217	5.6478	-2.4894	-0.0042	-8.3661	-7.3978	-0.0125	-13.2745	-23.3375	CLF +4.0;CRMD +4.0	INFQ +3.7;DRTS +2.2
rerun_grid	ALL	adr_100	1ADR|none	A_disc	573	227	0	0	0	0	0	0	-1.0000	-1.0000	-1.0000	-1.0000	-1.0000	0.1129	0.0002	-7.8871	1.4054	0.0025	-6.3273	9.7262	0.0170	2.4771	-4.9584	-0.0087	-10.8350	-9.7129	-0.0170	-15.5896	-11.1729	CLF +4.0;CRMD +4.0	INFQ +3.7;DRTS +2.2
rerun_grid	ALL	adr_100	1ADR|none	B	32	15	0	0	0	0	0	0	-1.0000	-1.0000	-1.0000	-1.0000	-1.0000	-10.0000	-0.3125	-14.0000	-9.1358	-0.2855	-13.0384	-8.2415	-0.2575	-10.9915	-5.5812	-0.1744	-7.5959	-5.6697	-0.1772	-7.7572	-11.0849	PHVS +2.0;SEI +2.0	SEI +1.1;PHVS +1.0
rerun_grid	ALL	adr_100	1ADR|trail_sma10	A	593	234	0	0	0	0	0	0	-1.0000	-1.0000	-1.0000	-1.0000	-1.0000	32.6441	0.0550	25.4332	30.9243	0.0521	24.4642	33.8815	0.0571	27.4214	13.8931	0.0234	8.7636	11.5301	0.0194	6.4006	22.3407	CRMD +4.0;INFQ +3.2	INFQ +2.9;QUBT +2.2
rerun_grid	ALL	adr_100	1ADR|trail_sma10	A_disc	573	227	0	0	0	0	0	0	-1.0000	-1.0000	-1.0000	-1.0000	-1.0000	23.7121	0.0414	16.5012	23.0472	0.0402	16.5871	26.8305	0.0468	20.3704	8.8387	0.0154	3.7092	6.5241	0.0114	1.3947	13.5644	CRMD +4.0;INFQ +3.2	INFQ +2.9;QUBT +2.2
rerun_grid	ALL	adr_100	1ADR|trail_sma10	B	32	15	0	0	0	0	0	0	-1.0000	-1.0000	-1.0000	-1.0000	-1.0000	-9.6524	-0.3016	-13.6524	-8.7394	-0.2731	-12.6419	-7.8462	-0.2452	-10.5962	-5.3221	-0.1663	-7.3368	-5.3146	-0.1661	-7.4021	-10.5648	PHVS +2.0;SEI +2.0	SEI +1.1;PHVS +1.0
rerun_grid	ALL	adr_100	1ADR|trail_sma20	A	593	234	0	0	0	0	0	0	-1.0000	-1.0000	-1.0000	-1.0000	-1.0000	31.4489	0.0530	25.0732	30.5132	0.0515	24.3023	31.1510	0.0525	24.9401	15.2368	0.0257	10.1073	13.9293	0.0235	8.7998	21.0806	INFQ +3.2;CLF +3.2	INFQ +2.9;QUBT +2.2
rerun_grid	ALL	adr_100	1ADR|trail_sma20	A_disc	573	227	0	0	0	0	0	0	-1.0000	-1.0000	-1.0000	-1.0000	-1.0000	24.9912	0.0436	18.6155	24.8679	0.0434	18.6570	25.9892	0.0454	19.7783	11.4383	0.0200	6.3088	10.2846	0.0179	5.1551	14.7786	INFQ +3.2;CLF +3.2	INFQ +2.9;QUBT +2.2
rerun_grid	ALL	adr_100	1ADR|trail_sma20	B	32	15	0	0	0	0	0	0	-1.0000	-1.0000	-1.0000	-1.0000	-1.0000	-8.5236	-0.2664	-12.5236	-7.6106	-0.2378	-11.5131	-6.9996	-0.2187	-9.7496	-4.7566	-0.1486	-6.7714	-4.7491	-0.1484	-6.8367	-9.4360	PHVS +2.0;SEI +2.0	SEI +1.1;PHVS +1.0
rerun_grid	ALL	adr_100	1ADR|trail_max10_20	A	593	234	0	0	0	0	0	0	-1.0000	-1.0000	-1.0000	-1.0000	-1.0000	40.8233	0.0688	34.4476	39.0987	0.0659	32.9638	38.9860	0.0657	32.9527	19.3403	0.0326	14.2108	18.2308	0.0307	13.1014	30.7002	INFQ +3.2;CLF +3.2	INFQ +2.9;QUBT +2.2
rerun_grid	ALL	adr_100	1ADR|trail_max10_20	A_disc	573	227	0	0	0	0	0	0	-1.0000	-1.0000	-1.0000	-1.0000	-1.0000	31.8913	0.0557	25.5156	31.2217	0.0545	25.0868	31.9350	0.0557	25.9017	14.2859	0.0249	9.1564	13.2249	0.0231	8.0954	21.9239	INFQ +3.2;CLF +3.2	INFQ +2.9;QUBT +2.2
rerun_grid	ALL	adr_100	1ADR|trail_max10_20	B	32	15	0	0	0	0	0	0	-1.0000	-1.0000	-1.0000	-1.0000	-1.0000	-8.5236	-0.2664	-12.5236	-7.6106	-0.2378	-11.5131	-6.9996	-0.2187	-9.7496	-4.7566	-0.1486	-6.7714	-4.7491	-0.1484	-6.8367	-9.4360	PHVS +2.0;SEI +2.0	SEI +1.1;PHVS +1.0
rerun_grid	ALL	adr_100	1ADR|time_s3	A	593	234	0	0	0	0	0	0	-1.0000	-1.0000	-1.0000	-1.0000	-1.0000	-2.5097	-0.0042	-10.2149	-2.8871	-0.0049	-9.6198	5.5240	0.0093	-0.4760	-7.0250	-0.0118	-11.6541	-11.8895	-0.0200	-16.5187	-11.1153	CLF +4.0;ZBRA +3.7	INFQ +2.7;FIG +2.0
rerun_grid	ALL	adr_100	1ADR|time_s3	A_disc	573	227	0	0	0	0	0	0	-1.0000	-1.0000	-1.0000	-1.0000	-1.0000	-10.5196	-0.0184	-18.2248	-9.8897	-0.0173	-16.6224	-0.6835	-0.0012	-6.6835	-11.4454	-0.0200	-16.0746	-16.2208	-0.0283	-20.8500	-18.9695	CLF +4.0;ZBRA +3.7	INFQ +2.7;FIG +2.0
rerun_grid	ALL	adr_100	1ADR|time_s3	B	32	15	0	0	0	0	0	0	-1.0000	-1.0000	-1.0000	-1.0000	-1.0000	-7.9165	-0.2474	-11.9165	-7.5627	-0.2363	-11.4652	-6.8194	-0.2131	-9.5694	-4.7693	-0.1490	-6.7840	-4.8578	-0.1518	-6.9453	-8.8494	PHVS +2.0;SEI +2.0	SEI +1.1;PHVS +1.0
rerun_grid	ALL	adr_100	1ADR|time_s5	A	593	234	0	0	0	0	0	0	-1.0000	-1.0000	-1.0000	-1.0000	-1.0000	11.5794	0.0195	3.5794	11.2103	0.0189	3.4776	19.7072	0.0332	12.4580	2.5372	0.0043	-3.3395	-2.3443	-0.0040	-8.2210	0.9796	CLF +4.0;CRMD +4.0	INFQ +3.7;DRTS +2.2
rerun_grid	ALL	adr_100	1ADR|time_s5	A_disc	573	227	0	0	0	0	0	0	-1.0000	-1.0000	-1.0000	-1.0000	-1.0000	4.0668	0.0071	-3.9332	4.9789	0.0087	-2.7538	13.7648	0.0240	6.5156	-1.5865	-0.0028	-7.4632	-6.3142	-0.0110	-12.1909	-6.3773	CLF +4.0;CRMD +4.0	INFQ +3.7;DRTS +2.2
rerun_grid	ALL	adr_100	1ADR|time_s5	B	32	15	0	0	0	0	0	0	-1.0000	-1.0000	-1.0000	-1.0000	-1.0000	-9.1202	-0.2850	-13.1202	-8.3325	-0.2604	-12.2350	-7.6025	-0.2376	-10.3525	-5.1519	-0.1610	-7.1667	-5.2404	-0.1638	-7.3280	-10.0531	PHVS +2.0;SEI +2.0	SEI +1.1;PHVS +1.0
rerun_grid	ALL	adr_100	1ADR|time_s10	A	593	234	0	0	0	0	0	0	-1.0000	-1.0000	-1.0000	-1.0000	-1.0000	4.1129	0.0069	-3.8871	4.5930	0.0077	-3.1397	12.8969	0.0217	5.6478	-2.4894	-0.0042	-8.3661	-7.3978	-0.0125	-13.2745	-23.3375	CLF +4.0;CRMD +4.0	INFQ +3.7;DRTS +2.2
rerun_grid	ALL	adr_100	1ADR|time_s10	A_disc	573	227	0	0	0	0	0	0	-1.0000	-1.0000	-1.0000	-1.0000	-1.0000	0.1129	0.0002	-7.8871	1.4054	0.0025	-6.3273	9.7262	0.0170	2.4771	-4.9584	-0.0087	-10.8350	-9.7129	-0.0170	-15.5896	-11.1729	CLF +4.0;CRMD +4.0	INFQ +3.7;DRTS +2.2
rerun_grid	ALL	adr_100	1ADR|time_s10	B	32	15	0	0	0	0	0	0	-1.0000	-1.0000	-1.0000	-1.0000	-1.0000	-10.0000	-0.3125	-14.0000	-9.1358	-0.2855	-13.0384	-8.2415	-0.2575	-10.9915	-5.5812	-0.1744	-7.5959	-5.6697	-0.1772	-7.7572	-11.0849	PHVS +2.0;SEI +2.0	SEI +1.1;PHVS +1.0
rerun_grid	ALL	adr_100	1ADR|sma21_2x	A	593	234	0	0	0	0	0	0	-1.0000	-1.0000	-1.0000	-1.0000	-1.0000	18.5400	0.0313	10.5400	18.0575	0.0305	11.0756	22.4111	0.0378	16.0456	5.2215	0.0088	-0.2913	2.3218	0.0039	-3.1911	7.8657	CLF +4.0;CRMD +4.0	INFQ +2.8;QUBT +2.7
rerun_grid	ALL	adr_100	1ADR|sma21_2x	A_disc	573	227	0	0	0	0	0	0	-1.0000	-1.0000	-1.0000	-1.0000	-1.0000	12.7858	0.0223	4.7858	13.1157	0.0229	6.1338	17.7584	0.0310	11.3928	1.7704	0.0031	-3.7425	-0.9756	-0.0017	-6.4885	2.2672	CLF +4.0;CRMD +4.0	INFQ +2.8;QUBT +2.7
rerun_grid	ALL	adr_100	1ADR|sma21_2x	B	32	15	0	0	0	0	0	0	-1.0000	-1.0000	-1.0000	-1.0000	-1.0000	-7.8405	-0.2450	-11.8405	-6.9763	-0.2180	-10.8789	-6.9075	-0.2159	-9.6575	-4.4625	-0.1395	-6.4772	-4.4088	-0.1378	-6.4963	-8.7560	PHVS +2.0;SEI +2.0	SEI +1.1;PHVS +1.0
rerun_grid	ALL	adr_100	1ADR|ema23_2x	A	593	234	0	0	0	0	0	0	-1.0000	-1.0000	-1.0000	-1.0000	-1.0000	16.9558	0.0286	9.8394	17.3324	0.0292	10.4833	21.1879	0.0357	14.9817	6.1118	0.0103	0.5990	3.2121	0.0054	-2.3008	7.1832	CLF +4.0;INFQ +3.1	INFQ +2.8;QUBT +2.7
rerun_grid	ALL	adr_100	1ADR|ema23_2x	A_disc	573	227	0	0	0	0	0	0	-1.0000	-1.0000	-1.0000	-1.0000	-1.0000	9.2951	0.0162	2.1787	10.4841	0.0183	3.6350	15.1053	0.0264	8.8991	1.6919	0.0030	-3.8209	-1.0540	-0.0018	-6.5669	-0.3218	CLF +4.0;INFQ +3.1	INFQ +2.8;QUBT +2.7
rerun_grid	ALL	adr_100	1ADR|ema23_2x	B	32	15	0	0	0	0	0	0	-1.0000	-1.0000	-1.0000	-1.0000	-1.0000	-7.8405	-0.2450	-11.8405	-6.9763	-0.2180	-10.8789	-6.9075	-0.2159	-9.6575	-4.4625	-0.1395	-6.4772	-4.4088	-0.1378	-6.4963	-8.7560	PHVS +2.0;SEI +2.0	SEI +1.1;PHVS +1.0
rerun_grid	ALL	adr_100	1ADR|sma50_1x	A	593	234	0	0	0	0	0	0	-1.0000	-1.0000	-1.0000	-1.0000	-1.0000	22.5259	0.0380	16.4095	23.0055	0.0388	16.8891	24.2767	0.0409	18.1603	11.0536	0.0186	6.0606	10.6667	0.0180	5.6736	15.9292	INFQ +3.1;ACAD +3.0	INFQ +2.8;DRTS +2.2
rerun_grid	ALL	adr_100	1ADR|sma50_1x	A_disc	573	227	0	0	0	0	0	0	-1.0000	-1.0000	-1.0000	-1.0000	-1.0000	18.9999	0.0332	12.8835	20.2920	0.0354	14.1756	21.4615	0.0375	15.3451	9.2430	0.0161	4.2500	9.0099	0.0157	4.0168	12.5589	INFQ +3.1;ACAD +3.0	INFQ +2.8;DRTS +2.2
rerun_grid	ALL	adr_100	1ADR|sma50_1x	B	32	15	0	0	0	0	0	0	-1.0000	-1.0000	-1.0000	-1.0000	-1.0000	-4.5382	-0.1418	-8.5382	-4.5823	-0.1432	-8.4849	-4.5774	-0.1430	-7.3274	-3.2425	-0.1013	-5.2572	-3.2350	-0.1011	-5.3225	-5.4506	PHVS +2.0;SEI +2.0	SEI +1.1;PHVS +1.0
rerun_grid	ALL	adr_100	1ADR|ema65_1x	A	593	234	0	0	0	0	0	0	-1.0000	-1.0000	-1.0000	-1.0000	-1.0000	13.4598	0.0227	7.2950	13.9902	0.0236	7.9902	17.2954	0.0292	11.2954	6.1347	0.0103	0.8936	3.5314	0.0060	-1.7189	6.8724	CLF +3.2;ACAD +3.0	INFQ +2.7;RDW +2.6
rerun_grid	ALL	adr_100	1ADR|ema65_1x	A_disc	573	227	0	0	0	0	0	0	-1.0000	-1.0000	-1.0000	-1.0000	-1.0000	6.5243	0.0114	0.3595	7.8671	0.0137	1.8671	11.6558	0.0203	5.6558	2.0282	0.0035	-3.2130	-0.4214	-0.0007	-5.6716	0.0926	CLF +3.2;ACAD +3.0	INFQ +2.7;RDW +2.6
rerun_grid	ALL	adr_100	1ADR|ema65_1x	B	32	15	0	0	0	0	0	0	-1.0000	-1.0000	-1.0000	-1.0000	-1.0000	-4.5382	-0.1418	-8.5382	-4.5823	-0.1432	-8.4849	-4.5774	-0.1430	-7.3274	-3.2425	-0.1013	-5.2572	-3.2350	-0.1011	-5.3225	-5.4506	PHVS +2.0;SEI +2.0	SEI +1.1;PHVS +1.0
rerun_grid	ALL	adr_100	1ADR|hv21_50_noreclaim2	A	593	234	0	0	0	0	0	0	-1.0000	-1.0000	-1.0000	-1.0000	-1.0000	4.1129	0.0069	-3.8871	4.5930	0.0077	-3.1397	12.8969	0.0217	5.6478	-2.4894	-0.0042	-8.3661	-7.3978	-0.0125	-13.2745	-23.3375	CLF +4.0;CRMD +4.0	INFQ +3.7;DRTS +2.2
rerun_grid	ALL	adr_100	1ADR|hv21_50_noreclaim2	A_disc	573	227	0	0	0	0	0	0	-1.0000	-1.0000	-1.0000	-1.0000	-1.0000	0.1129	0.0002	-7.8871	1.4054	0.0025	-6.3273	9.7262	0.0170	2.4771	-4.9584	-0.0087	-10.8350	-9.7129	-0.0170	-15.5896	-11.1729	CLF +4.0;CRMD +4.0	INFQ +3.7;DRTS +2.2
rerun_grid	ALL	adr_100	1ADR|hv21_50_noreclaim2	B	32	15	0	0	0	0	0	0	-1.0000	-1.0000	-1.0000	-1.0000	-1.0000	-10.0000	-0.3125	-14.0000	-9.1358	-0.2855	-13.0384	-8.2415	-0.2575	-10.9915	-5.5812	-0.1744	-7.5959	-5.6697	-0.1772	-7.7572	-11.0849	PHVS +2.0;SEI +2.0	SEI +1.1;PHVS +1.0
rerun_grid	ALL	adr_100	2ADR|none	A	593	234	0	0	0	0	0	0	-1.0000	-1.0000	-1.0000	-1.0000	-1.0000	-60.5592	-0.1021	-72.1626	-54.1612	-0.0913	-64.4989	-40.2657	-0.0679	-50.6033	-46.0252	-0.0776	-54.8172	-54.2968	-0.0916	-63.0889	-92.9550	CRMD +6.6;CLF +5.0	INFQ +4.8;AVEX +4.0
rerun_grid	ALL	adr_100	2ADR|none	A_disc	573	227	0	0	0	0	0	0	-1.0000	-1.0000	-1.0000	-1.0000	-1.0000	-54.6557	-0.0954	-66.2591	-47.0369	-0.0821	-57.3745	-35.1866	-0.0614	-45.5242	-41.5151	-0.0725	-50.3071	-49.6329	-0.0866	-58.4249	-70.8869	CRMD +6.6;CLF +5.0	INFQ +4.8;AVEX +4.0
rerun_grid	ALL	adr_100	2ADR|none	B	32	15	0	0	0	0	0	0	-1.0000	-1.0000	-1.0000	-1.0000	-1.0000	-17.3941	-0.5436	-22.3941	-16.3486	-0.5109	-19.1937	-14.5052	-0.4533	-17.1218	-9.3524	-0.2923	-10.7749	-9.3967	-0.2936	-10.8193	-18.4790	QCOM +3.0;DG +2.0	QCOM +0.9;CRWD +0.5
rerun_grid	ALL	adr_100	2ADR|trail_sma10	A	593	234	0	0	0	0	0	0	-1.0000	-1.0000	-1.0000	-1.0000	-1.0000	2.4854	0.0042	-9.5202	3.7240	0.0063	-5.4461	10.7050	0.0181	1.5819	-7.9139	-0.0133	-14.8859	-12.6875	-0.0214	-19.6595	-12.3745	CRMD +6.3;ZBRA +5.8	TE +3.5;ALAB +3.4
rerun_grid	ALL	adr_100	2ADR|trail_sma10	A_disc	573	227	0	0	0	0	0	0	-1.0000	-1.0000	-1.0000	-1.0000	-1.0000	1.1108	0.0019	-10.8948	3.8128	0.0067	-5.3573	9.7568	0.0170	0.6338	-7.6347	-0.0133	-14.6066	-12.3598	-0.0216	-19.3318	-13.5934	CRMD +6.3;ZBRA +5.8	TE +3.5;ALAB +3.4
rerun_grid	ALL	adr_100	2ADR|trail_sma10	B	32	15	0	0	0	0	0	0	-1.0000	-1.0000	-1.0000	-1.0000	-1.0000	-17.0050	-0.5314	-22.0050	-15.8849	-0.4964	-18.6823	-13.5276	-0.4227	-16.1441	-9.0218	-0.2819	-10.4205	-9.0579	-0.2831	-10.4566	-17.9174	QCOM +3.0;DG +2.0	QCOM +0.9;DG +0.5
rerun_grid	ALL	adr_100	2ADR|trail_sma20	A	593	234	0	0	0	0	0	0	-1.0000	-1.0000	-1.0000	-1.0000	-1.0000	-10.4481	-0.0176	-18.5742	-6.7280	-0.0113	-14.8541	-3.1115	-0.0052	-11.1115	-12.7178	-0.0214	-19.6897	-16.0474	-0.0271	-23.0193	-25.4865	FTK +4.1;ABVX +4.0	TE +3.5;ALAB +3.4
rerun_grid	ALL	adr_100	2ADR|trail_sma20	A_disc	573	227	0	0	0	0	0	0	-1.0000	-1.0000	-1.0000	-1.0000	-1.0000	-6.8517	-0.0120	-14.9778	-1.9107	-0.0033	-10.0368	0.0896	0.0002	-7.9104	-9.4605	-0.0165	-16.4325	-12.6363	-0.0221	-19.6082	-21.7344	FTK +4.1;ABVX +4.0	TE +3.5;ALAB +3.4
rerun_grid	ALL	adr_100	2ADR|trail_sma20	B	32	15	0	0	0	0	0	0	-1.0000	-1.0000	-1.0000	-1.0000	-1.0000	-14.6714	-0.4585	-19.6714	-13.5513	-0.4235	-16.3487	-12.0786	-0.3775	-14.6951	-7.8539	-0.2454	-9.2526	-7.8022	-0.2438	-9.2010	-15.5838	QCOM +3.0;DG +2.0	QCOM +0.9;DG +0.5
rerun_grid	ALL	adr_100	2ADR|trail_max10_20	A	593	234	0	0	0	0	0	0	-1.0000	-1.0000	-1.0000	-1.0000	-1.0000	14.6790	0.0248	4.7975	15.7979	0.0266	7.6718	19.2657	0.0325	11.2657	0.8069	0.0014	-6.1651	-2.4091	-0.0041	-9.3810	-0.0006	ZBRA +5.8;FTK +4.1	TE +3.5;ALAB +3.4
rerun_grid	ALL	adr_100	2ADR|trail_max10_20	A_disc	573	227	0	0	0	0	0	0	-1.0000	-1.0000	-1.0000	-1.0000	-1.0000	13.3044	0.0232	3.4229	15.8867	0.0277	7.7606	18.3175	0.0320	10.3175	1.0861	0.0019	-5.8858	-2.0814	-0.0036	-9.0533	-1.2195	ZBRA +5.8;FTK +4.1	TE +3.5;ALAB +3.4
rerun_grid	ALL	adr_100	2ADR|trail_max10_20	B	32	15	0	0	0	0	0	0	-1.0000	-1.0000	-1.0000	-1.0000	-1.0000	-15.8762	-0.4961	-20.8762	-14.7561	-0.4611	-17.5535	-12.6810	-0.3963	-15.2975	-8.4563	-0.2643	-9.8550	-8.4924	-0.2654	-9.8911	-16.7886	QCOM +3.0;DG +2.0	QCOM +0.9;DG +0.5
rerun_grid	ALL	adr_100	2ADR|time_s3	A	593	234	0	0	0	0	0	0	-1.0000	-1.0000	-1.0000	-1.0000	-1.0000	-8.3734	-0.0141	-20.9138	-7.9821	-0.0135	-18.0860	2.8754	0.0048	-5.7112	-13.4735	-0.0227	-20.2893	-19.5527	-0.0330	-26.3685	-20.5406	ZBRA +6.7;CLF +5.8	TE +3.5;VOYG +3.3
rerun_grid	ALL	adr_100	2ADR|time_s3	A_disc	573	227	0	0	0	0	0	0	-1.0000	-1.0000	-1.0000	-1.0000	-1.0000	-16.8651	-0.0294	-29.4055	-15.1161	-0.0264	-25.2201	-3.8698	-0.0068	-12.4565	-18.1122	-0.0316	-24.9280	-24.1022	-0.0421	-30.9180	-28.8766	ZBRA +6.7;CLF +5.8	TE +3.5;VOYG +3.3
rerun_grid	ALL	adr_100	2ADR|time_s3	B	32	15	0	0	0	0	0	0	-1.0000	-1.0000	-1.0000	-1.0000	-1.0000	-13.1764	-0.4118	-18.1764	-13.7058	-0.4283	-16.5996	-10.7388	-0.3356	-13.3554	-8.0056	-0.2502	-9.4526	-8.2179	-0.2568	-9.6648	-14.1093	QCOM +3.0;DG +2.0	QCOM +0.9;PHVS +0.6
rerun_grid	ALL	adr_100	2ADR|time_s5	A	593	234	0	0	0	0	0	0	-1.0000	-1.0000	-1.0000	-1.0000	-1.0000	-25.4292	-0.0429	-38.5884	-22.9266	-0.0387	-33.9098	-7.8213	-0.0132	-17.6606	-24.7806	-0.0418	-31.7525	-32.8588	-0.0554	-39.8308	-40.7428	ZBRA +6.7;CRMD +6.4	TE +3.5;ALAB +3.4
rerun_grid	ALL	adr_100	2ADR|time_s5	A_disc	573	227	0	0	0	0	0	0	-1.0000	-1.0000	-1.0000	-1.0000	-1.0000	-27.6654	-0.0483	-40.8246	-23.5752	-0.0411	-34.5584	-10.0699	-0.0176	-19.9093	-25.3528	-0.0442	-32.3247	-33.2773	-0.0581	-40.2492	-42.8233	ZBRA +6.7;CRMD +6.4	TE +3.5;ALAB +3.4
rerun_grid	ALL	adr_100	2ADR|time_s5	B	32	15	0	0	0	0	0	0	-1.0000	-1.0000	-1.0000	-1.0000	-1.0000	-16.1720	-0.5054	-21.1720	-15.4292	-0.4822	-18.2266	-13.1617	-0.4113	-15.7783	-8.8651	-0.2770	-10.2638	-8.9269	-0.2790	-10.3256	-17.1049	QCOM +3.0;DG +2.0	QCOM +0.9;DG +0.5
rerun_grid	ALL	adr_100	2ADR|time_s10	A	593	234	0	0	0	0	0	0	-1.0000	-1.0000	-1.0000	-1.0000	-1.0000	-60.5592	-0.1021	-72.1626	-54.1612	-0.0913	-64.4989	-40.2657	-0.0679	-50.6033	-46.0252	-0.0776	-54.8172	-54.2968	-0.0916	-63.0889	-92.9550	CRMD +6.6;CLF +5.0	INFQ +4.8;AVEX +4.0
rerun_grid	ALL	adr_100	2ADR|time_s10	A_disc	573	227	0	0	0	0	0	0	-1.0000	-1.0000	-1.0000	-1.0000	-1.0000	-54.6557	-0.0954	-66.2591	-47.0369	-0.0821	-57.3745	-35.1866	-0.0614	-45.5242	-41.5151	-0.0725	-50.3071	-49.6329	-0.0866	-58.4249	-70.8869	CRMD +6.6;CLF +5.0	INFQ +4.8;AVEX +4.0
rerun_grid	ALL	adr_100	2ADR|time_s10	B	32	15	0	0	0	0	0	0	-1.0000	-1.0000	-1.0000	-1.0000	-1.0000	-17.3941	-0.5436	-22.3941	-16.3486	-0.5109	-19.1937	-14.5052	-0.4533	-17.1218	-9.3524	-0.2923	-10.7749	-9.3967	-0.2936	-10.8193	-18.4790	QCOM +3.0;DG +2.0	QCOM +0.9;CRWD +0.5
rerun_grid	ALL	adr_100	2ADR|sma21_2x	A	593	234	0	0	0	0	0	0	-1.0000	-1.0000	-1.0000	-1.0000	-1.0000	-29.3320	-0.0495	-40.9354	-24.9246	-0.0420	-35.0280	-16.7340	-0.0282	-26.0716	-27.2633	-0.0460	-34.2352	-32.6622	-0.0551	-39.6341	-44.6764	CRMD +6.6;CLF +5.0	TE +3.5;ALAB +3.4
rerun_grid	ALL	adr_100	2ADR|sma21_2x	A_disc	573	227	0	0	0	0	0	0	-1.0000	-1.0000	-1.0000	-1.0000	-1.0000	-24.8322	-0.0433	-36.4356	-19.2040	-0.0335	-29.3073	-12.8740	-0.0225	-22.2116	-23.5137	-0.0410	-30.4857	-28.7589	-0.0502	-35.7308	-40.0209	CRMD +6.6;CLF +5.0	TE +3.5;ALAB +3.4
rerun_grid	ALL	adr_100	2ADR|sma21_2x	B	32	15	0	0	0	0	0	0	-1.0000	-1.0000	-1.0000	-1.0000	-1.0000	-15.2837	-0.4776	-20.2837	-14.1685	-0.4428	-16.9659	-12.7408	-0.3981	-15.3573	-8.1888	-0.2559	-9.5876	-8.0910	-0.2528	-9.4898	-16.1992	QCOM +3.0;DG +2.0	QCOM +0.9;DG +0.5
rerun_grid	ALL	adr_100	2ADR|ema23_2x	A	593	234	0	0	0	0	0	0	-1.0000	-1.0000	-1.0000	-1.0000	-1.0000	-36.3798	-0.0613	-45.6447	-30.5943	-0.0516	-39.3601	-21.4916	-0.0362	-29.4916	-28.8218	-0.0486	-35.7937	-34.8616	-0.0588	-41.8335	-50.8225	CLF +5.0;CRMD +4.3	TE +3.5;ALAB +3.4
rerun_grid	ALL	adr_100	2ADR|ema23_2x	A_disc	573	227	0	0	0	0	0	0	-1.0000	-1.0000	-1.0000	-1.0000	-1.0000	-33.7865	-0.0590	-43.0514	-26.7801	-0.0467	-35.5459	-19.0615	-0.0333	-27.0615	-26.0409	-0.0454	-33.0129	-31.9270	-0.0557	-38.8989	-48.0735	CLF +5.0;CRMD +4.3	TE +3.5;ALAB +3.4
rerun_grid	ALL	adr_100	2ADR|ema23_2x	B	32	15	0	0	0	0	0	0	-1.0000	-1.0000	-1.0000	-1.0000	-1.0000	-13.4145	-0.4192	-18.4145	-12.3690	-0.3865	-15.2141	-11.8062	-0.3689	-14.4227	-7.2891	-0.2278	-8.7117	-7.1913	-0.2247	-8.6139	-14.3300	QCOM +3.0;DG +2.0	QCOM +0.9;CRWD +0.5
rerun_grid	ALL	adr_100	2ADR|sma50_1x	A	593	234	0	0	0	0	0	0	-1.0000	-1.0000	-1.0000	-1.0000	-1.0000	-20.1683	-0.0340	-28.2944	-13.8784	-0.0234	-22.0045	-12.1520	-0.0205	-20.1520	-15.4332	-0.0260	-22.8785	-16.9119	-0.0285	-24.3572	-28.6721	FTK +4.1;ABVX +4.0	AVEX +4.0;ALAB +3.4
rerun_grid	ALL	adr_100	2ADR|sma50_1x	A_disc	573	227	0	0	0	0	0	0	-1.0000	-1.0000	-1.0000	-1.0000	-1.0000	-17.7908	-0.0310	-25.9169	-10.2800	-0.0179	-18.4061	-9.7174	-0.0170	-17.7174	-13.0198	-0.0227	-20.4651	-14.3447	-0.0250	-21.7900	-26.1389	FTK +4.1;ABVX +4.0	AVEX +4.0;ALAB +3.4
rerun_grid	ALL	adr_100	2ADR|sma50_1x	B	32	15	0	0	0	0	0	0	-1.0000	-1.0000	-1.0000	-1.0000	-1.0000	-9.9323	-0.3104	-14.9323	-9.7951	-0.3061	-12.6402	-9.3411	-0.2919	-11.9577	-5.9758	-0.1867	-7.3984	-5.9242	-0.1851	-7.3467	-10.8447	QCOM +3.0;DG +2.0	QCOM +0.9;CRWD +0.5
rerun_grid	ALL	adr_100	2ADR|ema65_1x	A	593	234	0	0	0	0	0	0	-1.0000	-1.0000	-1.0000	-1.0000	-1.0000	-33.5060	-0.0565	-41.6321	-27.9079	-0.0471	-36.0340	-21.9511	-0.0370	-29.9511	-23.6433	-0.0399	-31.0885	-28.4955	-0.0481	-35.9408	-42.0005	FTK +4.1;ABVX +4.0	AVEX +4.0;ALAB +3.4
rerun_grid	ALL	adr_100	2ADR|ema65_1x	A_disc	573	227	0	0	0	0	0	0	-1.0000	-1.0000	-1.0000	-1.0000	-1.0000	-31.3343	-0.0547	-39.4604	-24.5153	-0.0428	-32.6414	-19.9380	-0.0348	-27.9380	-21.2874	-0.0372	-28.7327	-25.9859	-0.0454	-33.4312	-39.6731	FTK +4.1;ABVX +4.0	AVEX +4.0;ALAB +3.4
rerun_grid	ALL	adr_100	2ADR|ema65_1x	B	32	15	0	0	0	0	0	0	-1.0000	-1.0000	-1.0000	-1.0000	-1.0000	-9.9323	-0.3104	-14.9323	-9.7951	-0.3061	-12.6402	-9.3411	-0.2919	-11.9577	-5.9758	-0.1867	-7.3984	-5.9242	-0.1851	-7.3467	-10.8447	QCOM +3.0;DG +2.0	QCOM +0.9;CRWD +0.5
rerun_grid	ALL	adr_100	2ADR|hv21_50_noreclaim2	A	593	234	0	0	0	0	0	0	-1.0000	-1.0000	-1.0000	-1.0000	-1.0000	-59.9546	-0.1011	-71.5580	-53.5566	-0.0903	-63.8943	-39.9634	-0.0674	-50.3010	-45.7229	-0.0771	-54.5149	-53.7871	-0.0907	-62.5791	-92.3504	CRMD +6.6;CLF +5.0	INFQ +4.8;AVEX +4.0
rerun_grid	ALL	adr_100	2ADR|hv21_50_noreclaim2	A_disc	573	227	0	0	0	0	0	0	-1.0000	-1.0000	-1.0000	-1.0000	-1.0000	-54.0511	-0.0943	-65.6545	-46.4323	-0.0810	-56.7699	-34.8843	-0.0609	-45.2219	-41.2128	-0.0719	-50.0048	-49.1232	-0.0857	-57.9152	-70.2823	CRMD +6.6;CLF +5.0	INFQ +4.8;AVEX +4.0
rerun_grid	ALL	adr_100	2ADR|hv21_50_noreclaim2	B	32	15	0	0	0	0	0	0	-1.0000	-1.0000	-1.0000	-1.0000	-1.0000	-17.3941	-0.5436	-22.3941	-16.3486	-0.5109	-19.1937	-14.5052	-0.4533	-17.1218	-9.3524	-0.2923	-10.7749	-9.3967	-0.2936	-10.8193	-18.4790	QCOM +3.0;DG +2.0	QCOM +0.9;CRWD +0.5
rerun_grid	ALL	adr_100	3ADR|none	A	593	234	101	303.0000	292.5103	273.2865	181.8903	187.4162	-1.0000	-1.0000	-1.0000	-1.0000	-1.0000	-47.4868	-0.0801	-61.4868	-36.8945	-0.0622	-50.4930	-28.2659	-0.0477	-40.2659	-38.1924	-0.0644	-49.4824	-44.9073	-0.0757	-56.1973	-79.9962	CLF +8.0;ABVX +6.0	AVEX +6.0;TE +5.3
rerun_grid	ALL	adr_100	3ADR|none	A_disc	573	227	101	303.0000	292.5103	273.2865	181.8903	187.4162	-1.0000	-1.0000	-1.0000	-1.0000	-1.0000	-35.7489	-0.0624	-49.7489	-24.5905	-0.0429	-38.1890	-18.0071	-0.0314	-30.0071	-30.5085	-0.0532	-41.7985	-37.0697	-0.0647	-48.3596	-52.0937	CLF +8.0;ABVX +6.0	AVEX +6.0;TE +5.3
rerun_grid	ALL	adr_100	3ADR|none	B	32	15	3	9.0000	6.4113	4.7519	3.2057	3.2057	-1.0000	-1.0000	-1.0000	-1.0000	-1.0000	-16.5157	-0.5161	-23.5157	-15.2993	-0.4781	-20.2816	-14.0091	-0.4378	-17.4341	-8.8277	-0.2759	-11.3189	-8.8721	-0.2773	-11.3632	-17.6006	QCOM +5.0;CRWD +2.0	QCOM +1.5;CRWD +1.0
rerun_grid	ALL	adr_100	3ADR|trail_sma10	A	593	234	83	249.0000	239.4883	226.2644	148.0155	150.0124	-1.0000	-1.0000	-1.0000	-1.0000	-1.0000	16.7957	0.0283	4.6696	22.0378	0.0372	9.9117	26.1585	0.0441	14.1585	1.5926	0.0027	-8.8653	-2.8982	-0.0049	-13.3561	1.9358	FTK +6.1;AGYS +6.0	TE +5.3;ALAB +5.2
rerun_grid	ALL	adr_100	3ADR|trail_sma10	A_disc	573	227	83	249.0000	239.4883	226.2644	148.0155	150.0124	-1.0000	-1.0000	-1.0000	-1.0000	-1.0000	21.3376	0.0372	9.2115	27.2326	0.0475	15.1065	30.3163	0.0529	18.3163	4.9451	0.0086	-5.5128	0.5028	0.0009	-9.9551	6.6334	FTK +6.1;AGYS +6.0	TE +5.3;ALAB +5.2
rerun_grid	ALL	adr_100	3ADR|trail_sma10	B	32	15	2	6.0000	3.5232	3.2519	1.7616	1.7616	-1.0000	-1.0000	-1.0000	-1.0000	-1.0000	-17.1672	-0.5365	-22.0050	-15.8191	-0.4943	-18.6823	-13.5522	-0.4235	-16.1441	-8.9889	-0.2809	-10.4205	-9.0250	-0.2820	-10.4566	-18.0796	QCOM +5.0;DG -0.2	QCOM +1.5;DG -0.0
rerun_grid	ALL	adr_100	3ADR|trail_sma20	A	593	234	86	258.0000	248.9228	235.6990	155.4995	157.4965	-1.0000	-1.0000	-1.0000	-1.0000	-1.0000	1.1977	0.0020	-10.9284	9.5214	0.0161	-2.6047	10.1189	0.0171	-1.8811	-5.2527	-0.0089	-15.7106	-8.2855	-0.0140	-18.7434	-13.8407	FTK +6.1;AGYS +6.0	TE +5.3;ALAB +5.2
rerun_grid	ALL	adr_100	3ADR|trail_sma20	A_disc	573	227	86	258.0000	248.9228	235.6990	155.4995	157.4965	-1.0000	-1.0000	-1.0000	-1.0000	-1.0000	10.6285	0.0185	-1.4976	19.5183	0.0341	7.3922	18.4996	0.0323	6.4996	1.1783	0.0021	-9.2796	-1.7007	-0.0030	-12.1586	-4.2542	FTK +6.1;AGYS +6.0	TE +5.3;ALAB +5.2
rerun_grid	ALL	adr_100	3ADR|trail_sma20	B	32	15	2	6.0000	3.5232	3.2519	1.7616	1.7616	-1.0000	-1.0000	-1.0000	-1.0000	-1.0000	-14.8336	-0.4636	-20.4395	-13.4855	-0.4214	-17.0378	-12.1032	-0.3782	-14.8313	-7.8210	-0.2444	-9.5337	-7.7694	-0.2428	-9.5990	-15.7460	QCOM +5.0;SEI +0.6	QCOM +1.5;SEI +0.2
rerun_grid	ALL	adr_100	3ADR|trail_max10_20	A	593	234	81	243.0000	234.3755	221.1517	143.9591	145.9560	-1.0000	-1.0000	-1.0000	-1.0000	-1.0000	29.3875	0.0496	17.2614	34.7440	0.0586	22.6179	35.3515	0.0596	23.3515	10.2371	0.0173	-0.2208	7.3040	0.0123	-3.1539	14.7079	FTK +6.1;AGYS +6.0	TE +5.3;ALAB +5.2
rerun_grid	ALL	adr_100	3ADR|trail_max10_20	A_disc	573	227	81	243.0000	234.3755	221.1517	143.9591	145.9560	-1.0000	-1.0000	-1.0000	-1.0000	-1.0000	33.9294	0.0592	21.8033	39.9388	0.0697	27.8127	39.5094	0.0690	27.5094	13.5896	0.0237	3.1317	10.7049	0.0187	0.2470	19.4055	FTK +6.1;AGYS +6.0	TE +5.3;ALAB +5.2
rerun_grid	ALL	adr_100	3ADR|trail_max10_20	B	32	15	2	6.0000	3.5232	3.2519	1.7616	1.7616	-1.0000	-1.0000	-1.0000	-1.0000	-1.0000	-16.0384	-0.5012	-20.8762	-14.6903	-0.4591	-17.5535	-12.7056	-0.3971	-15.2975	-8.4234	-0.2632	-9.8550	-8.4595	-0.2644	-9.8911	-16.9508	QCOM +5.0;DG -0.2	QCOM +1.5;DG -0.0
rerun_grid	ALL	adr_100	3ADR|time_s3	A	593	234	39	117.0000	112.4439	104.2422	70.9624	73.4436	-1.0000	-1.0000	-1.0000	-1.0000	-1.0000	13.2239	0.0223	-0.5510	13.6397	0.0230	1.6213	22.2799	0.0376	10.2799	-1.8883	-0.0032	-12.1120	-7.0285	-0.0119	-17.2522	1.0567	ZBRA +7.5;CLF +6.3	TE +5.3;VOYG +4.9
rerun_grid	ALL	adr_100	3ADR|time_s3	A_disc	573	227	39	117.0000	112.4439	104.2422	70.9624	73.4436	-1.0000	-1.0000	-1.0000	-1.0000	-1.0000	6.4940	0.0113	-7.2809	7.9437	0.0139	-4.0747	16.9727	0.0296	4.9727	-5.6672	-0.0099	-15.8909	-10.7183	-0.0187	-20.9420	-5.5175	ZBRA +7.5;CLF +6.3	TE +5.3;VOYG +4.9
rerun_grid	ALL	adr_100	3ADR|time_s3	B	32	15	1	3.0000	1.7713	1.5000	0.8856	0.8856	-1.0000	-1.0000	-1.0000	-1.0000	-1.0000	-13.0714	-0.4085	-18.1764	-13.6326	-0.4260	-16.6386	-10.7560	-0.3361	-13.3554	-7.9690	-0.2490	-9.4720	-8.1813	-0.2557	-9.6843	-14.0043	QCOM +3.2;DG +1.9	QCOM +0.9;PHVS +0.6
rerun_grid	ALL	adr_100	3ADR|time_s5	A	593	234	58	174.0000	168.5760	155.8831	106.0059	109.7630	-1.0000	-1.0000	-1.0000	-1.0000	-1.0000	-17.9230	-0.0302	-30.7856	-11.7369	-0.0198	-24.2512	0.4427	0.0007	-11.5573	-18.7273	-0.0316	-28.9510	-25.6304	-0.0432	-35.8541	-33.2366	CLF +6.9;ABVX +6.0	TE +5.3;VOYG +4.9
rerun_grid	ALL	adr_100	3ADR|time_s5	A_disc	573	227	58	174.0000	168.5760	155.8831	106.0059	109.7630	-1.0000	-1.0000	-1.0000	-1.0000	-1.0000	-17.0438	-0.0297	-29.9064	-10.1899	-0.0178	-22.7042	0.3897	0.0007	-11.6103	-18.0451	-0.0315	-28.2688	-24.7944	-0.0433	-35.0181	-32.2017	CLF +6.9;ABVX +6.0	TE +5.3;VOYG +4.9
rerun_grid	ALL	adr_100	3ADR|time_s5	B	32	15	2	6.0000	3.5232	3.2519	1.7616	1.7616	-1.0000	-1.0000	-1.0000	-1.0000	-1.0000	-15.3051	-0.4783	-21.1720	-14.8358	-0.4636	-18.2266	-12.6587	-0.3956	-15.7783	-8.5684	-0.2678	-10.2638	-8.6302	-0.2697	-10.3256	-16.2380	QCOM +5.0;DG +0.9	QCOM +1.5;DG +0.2
rerun_grid	ALL	adr_100	3ADR|time_s10	A	593	234	101	303.0000	292.5103	273.2865	181.8903	187.4162	-1.0000	-1.0000	-1.0000	-1.0000	-1.0000	-47.4868	-0.0801	-61.4868	-36.8945	-0.0622	-50.4930	-28.2659	-0.0477	-40.2659	-38.1924	-0.0644	-49.4824	-44.9073	-0.0757	-56.1973	-79.9962	CLF +8.0;ABVX +6.0	AVEX +6.0;TE +5.3
rerun_grid	ALL	adr_100	3ADR|time_s10	A_disc	573	227	101	303.0000	292.5103	273.2865	181.8903	187.4162	-1.0000	-1.0000	-1.0000	-1.0000	-1.0000	-35.7489	-0.0624	-49.7489	-24.5905	-0.0429	-38.1890	-18.0071	-0.0314	-30.0071	-30.5085	-0.0532	-41.7985	-37.0697	-0.0647	-48.3596	-52.0937	CLF +8.0;ABVX +6.0	AVEX +6.0;TE +5.3
rerun_grid	ALL	adr_100	3ADR|time_s10	B	32	15	3	9.0000	6.4113	4.7519	3.2057	3.2057	-1.0000	-1.0000	-1.0000	-1.0000	-1.0000	-16.5157	-0.5161	-23.5157	-15.2993	-0.4781	-20.2816	-14.0091	-0.4378	-17.4341	-8.8277	-0.2759	-11.3189	-8.8721	-0.2773	-11.3632	-17.6006	QCOM +5.0;CRWD +2.0	QCOM +1.5;CRWD +1.0
rerun_grid	ALL	adr_100	3ADR|sma21_2x	A	593	234	94	282.0000	272.0195	253.5457	167.8216	173.0490	-1.0000	-1.0000	-1.0000	-1.0000	-1.0000	-18.3419	-0.0309	-30.5341	-9.5449	-0.0161	-21.5449	-6.1232	-0.0103	-18.1232	-20.8089	-0.0351	-31.2667	-24.8342	-0.0419	-35.2921	-33.7999	CLF +6.2;ABVX +6.0	TE +5.3;ALAB +5.2
rerun_grid	ALL	adr_100	3ADR|sma21_2x	A_disc	573	227	94	282.0000	272.0195	253.5457	167.8216	173.0490	-1.0000	-1.0000	-1.0000	-1.0000	-1.0000	-8.0077	-0.0140	-20.1999	1.3554	0.0024	-10.6446	2.9164	0.0051	-9.0836	-13.8856	-0.0242	-24.3435	-17.7572	-0.0310	-28.2150	-23.3100	CLF +6.2;ABVX +6.0	TE +5.3;ALAB +5.2
rerun_grid	ALL	adr_100	3ADR|sma21_2x	B	32	15	2	6.0000	3.5232	3.2519	1.7616	1.7616	-1.0000	-1.0000	-1.0000	-1.0000	-1.0000	-15.9385	-0.4981	-21.5444	-14.3553	-0.4486	-17.9075	-13.0180	-0.4068	-15.7644	-8.2822	-0.2588	-9.9949	-8.1844	-0.2558	-10.0140	-16.8540	QCOM +5.0;SEI +0.6	QCOM +1.5;SEI +0.2
rerun_grid	ALL	adr_100	3ADR|ema23_2x	A	593	234	92	276.0000	266.0195	250.5457	164.8216	168.2803	-1.0000	-1.0000	-1.0000	-1.0000	-1.0000	-22.2452	-0.0375	-34.4374	-12.1871	-0.0206	-24.1871	-6.8534	-0.0116	-18.8534	-20.6671	-0.0349	-31.1250	-25.9230	-0.0437	-36.3809	-36.8015	CLF +6.2;ABVX +6.0	TE +5.3;ALAB +5.2
rerun_grid	ALL	adr_100	3ADR|ema23_2x	A_disc	573	227	92	276.0000	266.0195	250.5457	164.8216	168.2803	-1.0000	-1.0000	-1.0000	-1.0000	-1.0000	-13.8175	-0.0241	-26.0097	-3.1933	-0.0056	-15.1933	0.7563	0.0013	-11.2437	-14.7126	-0.0257	-25.1705	-19.8146	-0.0346	-30.2725	-28.2181	CLF +6.2;ABVX +6.0	TE +5.3;ALAB +5.2
rerun_grid	ALL	adr_100	3ADR|ema23_2x	B	32	15	3	9.0000	6.4113	4.7519	3.2057	3.2057	-1.0000	-1.0000	-1.0000	-1.0000	-1.0000	-13.0693	-0.4084	-20.0693	-11.5931	-0.3623	-16.5753	-11.5834	-0.3620	-15.0085	-6.9011	-0.2157	-9.3923	-6.8033	-0.2126	-9.2945	-13.9848	QCOM +5.0;CRWD +2.0	QCOM +1.5;CRWD +1.0
rerun_grid	ALL	adr_100	3ADR|sma50_1x	A	593	234	82	246.0000	237.7540	226.3737	150.7546	153.5015	-1.0000	-1.0000	-1.0000	-1.0000	-1.0000	-1.7933	-0.0030	-13.9194	8.4256	0.0142	-3.7005	8.6167	0.0145	-3.3833	-3.3926	-0.0057	-14.5606	-4.3236	-0.0073	-15.4915	-10.2971	FTK +6.1;AGYS +6.0	AVEX +6.0;ALAB +5.2
rerun_grid	ALL	adr_100	3ADR|sma50_1x	A_disc	573	227	82	246.0000	237.7540	226.3737	150.7546	153.5015	-1.0000	-1.0000	-1.0000	-1.0000	-1.0000	6.4186	0.0112	-5.7075	17.2036	0.0300	5.0775	16.2310	0.0283	4.2310	2.1945	0.0038	-8.9734	1.4173	0.0025	-9.7506	-1.9295	FTK +6.1;AGYS +6.0	AVEX +6.0;ALAB +5.2
rerun_grid	ALL	adr_100	3ADR|sma50_1x	B	32	15	3	9.0000	6.4113	4.7519	3.2057	3.2057	-1.0000	-1.0000	-1.0000	-1.0000	-1.0000	-9.5871	-0.2996	-16.5871	-9.0192	-0.2818	-14.0014	-9.1184	-0.2849	-12.5435	-5.5878	-0.1746	-8.0790	-5.5362	-0.1730	-8.0273	-10.4995	QCOM +5.0;CRWD +2.0	QCOM +1.5;CRWD +1.0
rerun_grid	ALL	adr_100	3ADR|ema65_1x	A	593	234	76	228.0000	219.2051	205.2312	139.7361	142.4831	-1.0000	-1.0000	-1.0000	-1.0000	-1.0000	-26.7479	-0.0451	-38.8740	-17.6365	-0.0297	-29.7626	-14.9527	-0.0252	-26.9527	-18.7549	-0.0316	-29.9228	-23.0593	-0.0389	-34.2273	-35.3560	FTK +6.1;AGYS +6.0	AVEX +6.0;ALAB +5.2
rerun_grid	ALL	adr_100	3ADR|ema65_1x	A_disc	573	227	76	228.0000	219.2051	205.2312	139.7361	142.4831	-1.0000	-1.0000	-1.0000	-1.0000	-1.0000	-18.7418	-0.0327	-30.8679	-9.0643	-0.0158	-21.1904	-7.7600	-0.0135	-19.7600	-13.2253	-0.0231	-24.3932	-17.3760	-0.0303	-28.5439	-27.1942	FTK +6.1;AGYS +6.0	AVEX +6.0;ALAB +5.2
rerun_grid	ALL	adr_100	3ADR|ema65_1x	B	32	15	3	9.0000	6.4113	4.7519	3.2057	3.2057	-1.0000	-1.0000	-1.0000	-1.0000	-1.0000	-9.0539	-0.2829	-16.0539	-8.7458	-0.2733	-13.7281	-8.8450	-0.2764	-12.2701	-5.4511	-0.1703	-7.9423	-5.3995	-0.1687	-7.8906	-9.9663	QCOM +5.0;CRWD +2.0	QCOM +1.5;CRWD +1.0
rerun_grid	ALL	adr_100	3ADR|hv21_50_noreclaim2	A	593	234	101	303.0000	292.5103	273.2865	181.8903	187.4162	-1.0000	-1.0000	-1.0000	-1.0000	-1.0000	-46.8822	-0.0791	-60.8822	-36.2899	-0.0612	-49.8884	-27.9636	-0.0472	-39.9636	-37.8901	-0.0639	-49.1801	-44.3976	-0.0749	-55.6876	-79.3916	CLF +8.0;ABVX +6.0	AVEX +6.0;TE +5.3
rerun_grid	ALL	adr_100	3ADR|hv21_50_noreclaim2	A_disc	573	227	101	303.0000	292.5103	273.2865	181.8903	187.4162	-1.0000	-1.0000	-1.0000	-1.0000	-1.0000	-35.1443	-0.0613	-49.1443	-23.9859	-0.0419	-37.5844	-17.7048	-0.0309	-29.7048	-30.2062	-0.0527	-41.4962	-36.5600	-0.0638	-47.8499	-51.4891	CLF +8.0;ABVX +6.0	AVEX +6.0;TE +5.3
rerun_grid	ALL	adr_100	3ADR|hv21_50_noreclaim2	B	32	15	3	9.0000	6.4113	4.7519	3.2057	3.2057	-1.0000	-1.0000	-1.0000	-1.0000	-1.0000	-16.5157	-0.5161	-23.5157	-15.2993	-0.4781	-20.2816	-14.0091	-0.4378	-17.4341	-8.8277	-0.2759	-11.3189	-8.8721	-0.2773	-11.3632	-17.6006	QCOM +5.0;CRWD +2.0	QCOM +1.5;CRWD +1.0
rerun_grid	ALL	adr_150	none|none	A	593	234	22	106.9074	105.9558	95.9379	83.6815	91.5964	-1.0000	-1.0000	-1.0000	-1.0000	-1.0000	-45.6050	-0.0769	-79.5692	-46.9436	-0.0792	-80.9078	-45.5015	-0.0767	-79.4657	-41.9227	-0.0707	-75.4335	-43.3900	-0.0732	-76.9007	-64.4124	AKTS +19.7;TE +14.3	AKTS +19.3;TE +14.3
rerun_grid	ALL	adr_150	none|none	A_disc	573	227	22	106.9074	105.9558	95.9379	83.6815	91.5964	-1.0000	-1.0000	-1.0000	-1.0000	-1.0000	-38.3433	-0.0669	-72.3075	-39.4655	-0.0689	-73.4297	-39.4695	-0.0689	-73.4337	-34.9304	-0.0610	-68.4411	-35.2841	-0.0616	-68.7949	-47.1448	AKTS +19.7;TE +14.3	AKTS +19.3;TE +14.3
rerun_grid	ALL	adr_150	none|none	B	33	15	1	3.0280	2.6524	2.2710	1.3262	1.3262	-1.0000	-1.0000	-1.0000	-1.0000	-1.0000	-12.6529	-0.3834	-22.9424	-13.5325	-0.4101	-22.7463	-11.8690	-0.3597	-18.4729	-10.4758	-0.3174	-15.0986	-10.4370	-0.3163	-15.4885	-13.1341	QCOM +8.7;CRWD +1.6	QCOM +3.8;SEI +0.8
rerun_grid	ALL	adr_150	none|trail_sma10	A	593	234	17	80.9297	79.9781	69.9602	63.9077	71.8226	-1.0000	-1.0000	-1.0000	-1.0000	-1.0000	11.8116	0.0199	-22.1526	10.0483	0.0169	-23.9159	8.4371	0.0142	-25.5271	8.1723	0.0138	-25.3384	8.2427	0.0139	-25.2681	4.6852	AKTS +19.7;TE +14.3	AKTS +19.3;TE +14.3
rerun_grid	ALL	adr_150	none|trail_sma10	A_disc	573	227	17	80.9297	79.9781	69.9602	63.9077	71.8226	-1.0000	-1.0000	-1.0000	-1.0000	-1.0000	14.7138	0.0257	-19.2504	13.1342	0.0229	-20.8300	10.8260	0.0189	-23.1382	11.0676	0.0193	-22.4432	11.6560	0.0203	-21.8547	7.5874	AKTS +19.7;TE +14.3	AKTS +19.3;TE +14.3
rerun_grid	ALL	adr_150	none|trail_sma10	B	33	15	0	0	0	0	0	0	-1.0000	-1.0000	-1.0000	-0.9358	-0.9358	-16.8821	-0.5116	-18.5972	-16.8441	-0.5104	-18.3938	-13.8466	-0.4196	-14.8865	-10.9720	-0.3325	-11.7655	-11.1456	-0.3377	-12.0421	-17.0475	QCOM +1.4;SEI +0.3	QCOM +0.6;SEI +0.2
rerun_grid	ALL	adr_150	none|trail_sma20	A	593	234	18	86.1740	85.2224	75.2045	67.9263	75.8412	-1.0000	-1.0000	-1.0000	-1.0000	-1.0000	5.2359	0.0088	-28.7283	3.5259	0.0059	-30.4383	-0.8957	-0.0015	-34.8599	1.4182	0.0024	-32.0925	4.2232	0.0071	-29.2876	-2.0394	AKTS +19.7;TE +14.3	AKTS +19.3;TE +14.3
rerun_grid	ALL	adr_150	none|trail_sma20	A_disc	573	227	18	86.1740	85.2224	75.2045	67.9263	75.8412	-1.0000	-1.0000	-1.0000	-1.0000	-1.0000	9.3765	0.0164	-24.5877	7.8828	0.0138	-26.0814	2.6226	0.0046	-31.3416	5.9209	0.0103	-27.5899	9.6559	0.0169	-23.8549	2.1012	AKTS +19.7;TE +14.3	AKTS +19.3;TE +14.3
rerun_grid	ALL	adr_150	none|trail_sma20	B	33	15	1	3.0280	2.6524	2.2710	1.3262	1.3262	-1.0000	-1.0000	-1.0000	-0.9358	-0.9358	-8.9635	-0.2716	-19.0879	-9.8304	-0.2979	-18.8791	-8.4928	-0.2574	-15.0967	-7.1139	-0.2156	-11.7367	-7.1598	-0.2170	-12.2045	-9.1360	QCOM +8.7;SEI +1.5	QCOM +3.8;SEI +0.8
rerun_grid	ALL	adr_150	none|trail_max10_20	A	593	234	16	77.8493	76.8977	66.8798	62.2806	70.1955	-1.0000	-1.0000	-1.0000	-1.0000	-1.0000	25.9692	0.0438	-7.9950	24.1244	0.0407	-9.8398	19.5343	0.0329	-14.4299	19.7442	0.0333	-13.7666	22.6947	0.0383	-10.8161	19.0108	AKTS +19.7;TE +14.3	AKTS +19.3;TE +14.3
rerun_grid	ALL	adr_150	none|trail_max10_20	A_disc	573	227	16	77.8493	76.8977	66.8798	62.2806	70.1955	-1.0000	-1.0000	-1.0000	-1.0000	-1.0000	28.8714	0.0504	-5.0928	27.2103	0.0475	-6.7539	21.9232	0.0383	-12.0410	22.6394	0.0395	-10.8713	26.1080	0.0456	-7.4027	21.9130	AKTS +19.7;TE +14.3	AKTS +19.3;TE +14.3
rerun_grid	ALL	adr_150	none|trail_max10_20	B	33	15	0	0	0	0	0	0	-1.0000	-1.0000	-1.0000	-0.9358	-0.9358	-15.7962	-0.4787	-17.5113	-15.7582	-0.4775	-17.3079	-13.0322	-0.3949	-14.0721	-10.1576	-0.3078	-10.9511	-10.3296	-0.3130	-11.2261	-15.9616	QCOM +1.4;SEI +0.3	QCOM +0.6;SEI +0.2
rerun_grid	ALL	adr_150	none|time_s3	A	593	234	5	19.2441	19.2441	16.8232	15.8062	18.0620	-1.0000	-1.0000	-1.0000	-1.0000	-1.0000	23.6338	0.0399	11.2732	23.2029	0.0391	10.8423	24.0845	0.0406	12.8704	20.7872	0.0351	10.0253	19.4174	0.0327	7.2219	17.2725	FTK +6.3;HQ +6.1	HQ +6.1;VOYG +4.7
rerun_grid	ALL	adr_150	none|time_s3	A_disc	573	227	5	19.2441	19.2441	16.8232	15.8062	18.0620	-1.0000	-1.0000	-1.0000	-1.0000	-1.0000	18.0526	0.0315	5.6920	17.9075	0.0313	5.5469	18.9468	0.0331	7.7327	16.4893	0.0288	5.7274	14.8719	0.0260	2.6764	11.6913	FTK +6.3;HQ +6.1	HQ +6.1;VOYG +4.7
rerun_grid	ALL	adr_150	none|time_s3	B	33	15	0	0	0	0	0	0	-1.0000	-1.0000	-1.0000	-1.0000	-1.0000	-9.7723	-0.2961	-15.4256	-10.6682	-0.3233	-15.3791	-8.1780	-0.2478	-11.9080	-8.3804	-0.2540	-10.7359	-9.2714	-0.2810	-11.6269	-10.2464	QCOM +3.3;DG +2.3	QCOM +1.5;DG +0.9
rerun_grid	ALL	adr_150	none|time_s5	A	593	234	13	52.1873	52.1873	42.9090	40.0348	47.7581	-1.0000	-1.0000	-1.0000	-1.0000	-1.0000	3.8067	0.0064	-15.0860	2.0322	0.0034	-16.8605	2.3839	0.0040	-15.9976	2.6442	0.0045	-15.5242	2.0426	0.0034	-16.4064	-3.9764	AKTS +9.9;FTK +9.0	AKTS +9.7;TE +8.5
rerun_grid	ALL	adr_150	none|time_s5	A_disc	573	227	13	52.1873	52.1873	42.9090	40.0348	47.7581	-1.0000	-1.0000	-1.0000	-1.0000	-1.0000	2.8362	0.0049	-16.0565	1.2224	0.0021	-17.6703	0.4295	0.0007	-17.9520	1.5141	0.0026	-16.6542	1.8470	0.0032	-16.6020	-4.9469	AKTS +9.9;FTK +9.0	AKTS +9.7;TE +8.5
rerun_grid	ALL	adr_150	none|time_s5	B	33	15	0	0	0	0	0	0	-1.0000	-1.0000	-1.0000	-1.0000	-1.0000	-11.3933	-0.3453	-16.9862	-12.1031	-0.3668	-17.0039	-9.7863	-0.2966	-13.4411	-9.2059	-0.2790	-11.6264	-9.7568	-0.2957	-12.4931	-11.8674	QCOM +4.7;DG +0.9	QCOM +2.1;SEI +0.4
rerun_grid	ALL	adr_150	none|time_s10	A	593	234	22	106.9074	105.9558	95.9379	83.6815	91.5964	-1.0000	-1.0000	-1.0000	-1.0000	-1.0000	-45.6050	-0.0769	-79.5692	-46.9436	-0.0792	-80.9078	-45.5015	-0.0767	-79.4657	-41.9227	-0.0707	-75.4335	-43.3900	-0.0732	-76.9007	-64.4124	AKTS +19.7;TE +14.3	AKTS +19.3;TE +14.3
rerun_grid	ALL	adr_150	none|time_s10	A_disc	573	227	22	106.9074	105.9558	95.9379	83.6815	91.5964	-1.0000	-1.0000	-1.0000	-1.0000	-1.0000	-38.3433	-0.0669	-72.3075	-39.4655	-0.0689	-73.4297	-39.4695	-0.0689	-73.4337	-34.9304	-0.0610	-68.4411	-35.2841	-0.0616	-68.7949	-47.1448	AKTS +19.7;TE +14.3	AKTS +19.3;TE +14.3
rerun_grid	ALL	adr_150	none|time_s10	B	33	15	1	3.0280	2.6524	2.2710	1.3262	1.3262	-1.0000	-1.0000	-1.0000	-1.0000	-1.0000	-12.6529	-0.3834	-22.9424	-13.5325	-0.4101	-22.7463	-11.8690	-0.3597	-18.4729	-10.4758	-0.3174	-15.0986	-10.4370	-0.3163	-15.4885	-13.1341	QCOM +8.7;CRWD +1.6	QCOM +3.8;SEI +0.8
rerun_grid	ALL	adr_150	none|sma21_2x	A	593	234	20	95.2396	94.2880	84.2701	74.0624	81.9773	-1.0000	-1.0000	-1.0000	-1.0000	-1.0000	-13.1651	-0.0222	-47.1293	-14.6925	-0.0248	-48.6567	-17.0684	-0.0288	-51.0326	-15.5119	-0.0262	-49.0227	-14.1139	-0.0238	-47.6247	-20.5665	AKTS +19.7;TE +14.3	AKTS +19.3;TE +14.3
rerun_grid	ALL	adr_150	none|sma21_2x	A_disc	573	227	20	95.2396	94.2880	84.2701	74.0624	81.9773	-1.0000	-1.0000	-1.0000	-1.0000	-1.0000	-7.9148	-0.0138	-41.8790	-9.2259	-0.0161	-43.1901	-12.7392	-0.0222	-46.7034	-10.1969	-0.0178	-43.7076	-7.6909	-0.0134	-41.2016	-15.3162	AKTS +19.7;TE +14.3	AKTS +19.3;TE +14.3
rerun_grid	ALL	adr_150	none|sma21_2x	B	33	15	1	3.0280	2.6524	2.2710	1.3262	1.3262	-1.0000	-1.0000	-1.0000	-1.0000	-1.0000	-11.0434	-0.3346	-21.1678	-11.7563	-0.3563	-20.8050	-10.3002	-0.3121	-16.9041	-8.6707	-0.2627	-13.2934	-8.5827	-0.2601	-13.6275	-11.2159	QCOM +8.7;SEI +1.5	QCOM +3.8;SEI +0.8
rerun_grid	ALL	adr_150	none|ema23_2x	A	593	234	20	95.2396	94.2880	84.2701	74.0624	81.9773	-1.0000	-1.0000	-1.0000	-1.0000	-1.0000	-8.8562	-0.0149	-42.8204	-10.2866	-0.0173	-44.2508	-11.1012	-0.0187	-45.0654	-8.8678	-0.0150	-42.3786	-9.5152	-0.0160	-43.0259	-16.1933	AKTS +19.7;TE +14.3	AKTS +19.3;TE +14.3
rerun_grid	ALL	adr_150	none|ema23_2x	A_disc	573	227	20	95.2396	94.2880	84.2701	74.0624	81.9773	-1.0000	-1.0000	-1.0000	-1.0000	-1.0000	-4.8769	-0.0085	-38.8411	-6.0909	-0.0106	-40.0551	-7.7253	-0.0135	-41.6895	-4.5060	-0.0079	-38.0168	-4.0608	-0.0071	-37.5716	-12.2140	AKTS +19.7;TE +14.3	AKTS +19.3;TE +14.3
rerun_grid	ALL	adr_150	none|ema23_2x	B	33	15	1	3.0280	2.6524	2.2710	1.3262	1.3262	-1.0000	-1.0000	-1.0000	-1.0000	-1.0000	-8.5015	-0.2576	-18.7910	-9.2144	-0.2792	-18.4282	-9.0293	-0.2736	-15.6332	-7.3997	-0.2242	-12.0224	-6.7474	-0.2045	-11.7989	-8.6740	QCOM +8.7;CRWD +1.6	QCOM +3.8;SEI +0.8
rerun_grid	ALL	adr_150	none|sma50_1x	A	593	234	16	71.6760	70.7244	60.7065	52.1742	60.0891	-1.0000	-1.0000	-1.0000	-1.0000	-1.0000	-9.0926	-0.0153	-40.4342	-10.5663	-0.0178	-41.9079	-11.6096	-0.0196	-37.1352	-9.7932	-0.0165	-34.8652	-7.6726	-0.0129	-38.4878	-14.3723	AKTS +19.7;EFOR +11.6	AKTS +19.3;EFOR +5.8
rerun_grid	ALL	adr_150	none|sma50_1x	A_disc	573	227	16	71.6760	70.7244	60.7065	52.1742	60.0891	-1.0000	-1.0000	-1.0000	-1.0000	-1.0000	-6.0067	-0.0105	-37.3483	-7.2641	-0.0127	-38.6057	-8.8324	-0.0154	-34.3580	-6.0518	-0.0106	-31.1239	-3.2843	-0.0057	-34.0994	-11.2864	AKTS +19.7;EFOR +11.6	AKTS +19.3;EFOR +5.8
rerun_grid	ALL	adr_150	none|sma50_1x	B	33	15	1	3.0280	2.6524	2.2710	1.3262	1.3262	-1.0000	-1.0000	-1.0000	-0.9358	-0.9358	-4.9405	-0.1497	-15.2300	-5.6817	-0.1722	-14.8955	-6.1844	-0.1874	-12.7883	-5.2402	-0.1588	-9.8629	-4.6564	-0.1411	-9.7079	-5.1059	QCOM +8.7;CRWD +1.6	QCOM +3.8;SEI +0.8
rerun_grid	ALL	adr_150	none|ema65_1x	A	593	234	16	71.6760	70.7244	60.7065	52.1742	60.0891	-1.0000	-1.0000	-1.0000	-1.0000	-1.0000	-25.3334	-0.0427	-56.6750	-26.8581	-0.0453	-58.1997	-27.2929	-0.0460	-52.8184	-24.1236	-0.0407	-49.1957	-25.5329	-0.0431	-56.3481	-30.7784	AKTS +19.7;EFOR +11.6	AKTS +19.3;EFOR +5.8
rerun_grid	ALL	adr_150	none|ema65_1x	A_disc	573	227	16	71.6760	70.7244	60.7065	52.1742	60.0891	-1.0000	-1.0000	-1.0000	-1.0000	-1.0000	-21.8151	-0.0381	-53.1567	-23.1235	-0.0404	-54.4651	-24.3299	-0.0425	-49.8555	-20.1659	-0.0352	-45.2380	-20.6773	-0.0361	-51.4925	-27.2601	AKTS +19.7;EFOR +11.6	AKTS +19.3;EFOR +5.8
rerun_grid	ALL	adr_150	none|ema65_1x	B	33	15	1	3.0280	2.6524	2.2710	1.3262	1.3262	-1.0000	-1.0000	-1.0000	-0.9358	-0.9358	-4.2295	-0.1282	-14.5190	-5.1374	-0.1557	-14.3513	-5.6512	-0.1712	-12.2551	-4.9681	-0.1505	-9.5908	-4.3843	-0.1329	-9.4358	-4.3949	QCOM +8.7;CRWD +1.6	QCOM +3.8;SEI +0.8
rerun_grid	ALL	adr_150	none|hv21_50_noreclaim2	A	593	234	22	106.9074	105.9558	95.9379	83.6815	91.5964	-1.0000	-1.0000	-1.0000	-1.0000	-1.0000	-44.9268	-0.0758	-78.8910	-46.2654	-0.0780	-80.2296	-45.1624	-0.0762	-79.1266	-41.5836	-0.0701	-75.0944	-42.7118	-0.0720	-76.2225	-63.7342	AKTS +19.7;TE +14.3	AKTS +19.3;TE +14.3
rerun_grid	ALL	adr_150	none|hv21_50_noreclaim2	A_disc	573	227	22	106.9074	105.9558	95.9379	83.6815	91.5964	-1.0000	-1.0000	-1.0000	-1.0000	-1.0000	-37.6651	-0.0657	-71.6293	-38.7873	-0.0677	-72.7515	-39.1304	-0.0683	-73.0946	-34.5913	-0.0604	-68.1020	-34.6059	-0.0604	-68.1167	-46.4666	AKTS +19.7;TE +14.3	AKTS +19.3;TE +14.3
rerun_grid	ALL	adr_150	none|hv21_50_noreclaim2	B	33	15	1	3.0280	2.6524	2.2710	1.3262	1.3262	-1.0000	-1.0000	-1.0000	-1.0000	-1.0000	-12.6529	-0.3834	-22.9424	-13.5325	-0.4101	-22.7463	-11.8690	-0.3597	-18.4729	-10.4758	-0.3174	-15.0986	-10.4370	-0.3163	-15.4885	-13.1341	QCOM +8.7;CRWD +1.6	QCOM +3.8;SEI +0.8
rerun_grid	ALL	adr_150	1R|none	A	593	234	0	0	0	0	0	0	-1.0000	-1.0000	-1.0000	-1.0000	-1.0000	-41.5418	-0.0701	-49.5418	-43.2617	-0.0730	-51.2617	-43.5655	-0.0735	-51.5655	-36.6400	-0.0618	-44.5422	-39.0514	-0.0659	-47.0514	-59.9019	AKTS +4.0;ARM +4.0	INFQ +4.0;AKTS +3.9
rerun_grid	ALL	adr_150	1R|none	A_disc	573	227	0	0	0	0	0	0	-1.0000	-1.0000	-1.0000	-1.0000	-1.0000	-39.8251	-0.0695	-47.8251	-41.2795	-0.0720	-49.2795	-42.1807	-0.0736	-50.1807	-33.9490	-0.0592	-41.8512	-35.9835	-0.0628	-43.9835	-48.1793	AKTS +4.0;ARM +4.0	INFQ +4.0;AKTS +3.9
rerun_grid	ALL	adr_150	1R|none	B	33	15	0	0	0	0	0	0	-1.0000	-1.0000	-1.0000	-1.0000	-1.0000	-13.0000	-0.3939	-18.0000	-13.7422	-0.4164	-18.3690	-11.2327	-0.3404	-14.7327	-9.5752	-0.2902	-12.3156	-9.8657	-0.2990	-12.9970	-13.4812	QCOM +3.0;DG +2.0	PHVS +1.4;QCOM +1.3
rerun_grid	ALL	adr_150	1R|trail_sma10	A	593	234	0	0	0	0	0	0	-1.0000	-1.0000	-1.0000	-1.0000	-1.0000	10.5618	0.0178	3.3950	8.8325	0.0149	1.6657	7.0180	0.0118	-0.1488	7.0472	0.0119	0.0044	4.1888	0.0071	-2.8540	3.8155	AKTS +4.0;CRMD +3.2	AKTS +3.9;INFQ +3.1
rerun_grid	ALL	adr_150	1R|trail_sma10	A_disc	573	227	0	0	0	0	0	0	-1.0000	-1.0000	-1.0000	-1.0000	-1.0000	6.7284	0.0117	-0.4384	5.2645	0.0092	-1.9023	3.7843	0.0066	-3.3825	4.9227	0.0086	-2.1201	1.9818	0.0035	-5.0609	-0.0179	AKTS +4.0;CRMD +3.2	AKTS +3.9;INFQ +3.1
rerun_grid	ALL	adr_150	1R|trail_sma10	B	33	15	0	0	0	0	0	0	-1.0000	-1.0000	-1.0000	-0.9358	-0.9358	-8.0762	-0.2447	-13.0762	-8.8238	-0.2674	-13.4506	-7.4957	-0.2271	-10.9957	-6.0772	-0.1842	-8.8176	-5.8995	-0.1788	-9.0308	-8.2416	QCOM +3.0;DG +2.0	PHVS +1.4;QCOM +1.3
rerun_grid	ALL	adr_150	1R|trail_sma20	A	593	234	0	0	0	0	0	0	-1.0000	-1.0000	-1.0000	-1.0000	-1.0000	-5.9453	-0.0100	-13.0859	-7.9031	-0.0133	-15.0437	-10.8375	-0.0183	-17.9781	-6.6157	-0.0112	-13.6585	-7.9429	-0.0134	-14.9857	-12.7872	AKTS +4.0;INFQ +3.1	AKTS +3.9;INFQ +3.1
rerun_grid	ALL	adr_150	1R|trail_sma20	A_disc	573	227	0	0	0	0	0	0	-1.0000	-1.0000	-1.0000	-1.0000	-1.0000	-7.1168	-0.0124	-14.2574	-8.8091	-0.0154	-15.9497	-11.7915	-0.0206	-18.9321	-6.2397	-0.0109	-13.2825	-7.3007	-0.0127	-14.3435	-13.9587	AKTS +4.0;INFQ +3.1	AKTS +3.9;INFQ +3.1
rerun_grid	ALL	adr_150	1R|trail_sma20	B	33	15	0	0	0	0	0	0	-1.0000	-1.0000	-1.0000	-0.9358	-0.9358	-8.5669	-0.2596	-13.5669	-9.3091	-0.2821	-13.9359	-7.7059	-0.2335	-11.2059	-6.0484	-0.1833	-8.7888	-6.0619	-0.1837	-9.1932	-8.7394	QCOM +3.0;DG +2.0	PHVS +1.4;QCOM +1.3
rerun_grid	ALL	adr_150	1R|trail_max10_20	A	593	234	0	0	0	0	0	0	-1.0000	-1.0000	-1.0000	-1.0000	-1.0000	22.5314	0.0380	15.3908	20.7206	0.0349	13.5800	16.6925	0.0281	9.5519	16.3309	0.0275	9.2881	15.5874	0.0263	8.5446	15.9531	AKTS +4.0;INFQ +3.1	AKTS +3.9;INFQ +3.1
rerun_grid	ALL	adr_150	1R|trail_max10_20	A_disc	573	227	0	0	0	0	0	0	-1.0000	-1.0000	-1.0000	-1.0000	-1.0000	18.6980	0.0326	11.5574	17.1527	0.0299	10.0121	13.4587	0.0235	6.3181	14.2064	0.0248	7.1636	13.3805	0.0234	6.3377	12.1197	AKTS +4.0;INFQ +3.1	AKTS +3.9;INFQ +3.1
rerun_grid	ALL	adr_150	1R|trail_max10_20	B	33	15	0	0	0	0	0	0	-1.0000	-1.0000	-1.0000	-0.9358	-0.9358	-6.9903	-0.2118	-11.9903	-7.7379	-0.2345	-12.3647	-6.6813	-0.2025	-10.1813	-5.2628	-0.1595	-8.0032	-5.0835	-0.1540	-8.2148	-7.1557	QCOM +3.0;DG +2.0	PHVS +1.4;QCOM +1.3
rerun_grid	ALL	adr_150	1R|time_s3	A	593	234	0	0	0	0	0	0	-1.0000	-1.0000	-1.0000	-1.0000	-1.0000	15.7365	0.0265	7.7365	15.2675	0.0257	7.2675	13.7314	0.0232	6.2612	13.0039	0.0219	6.1018	11.0986	0.0187	3.1964	9.7553	AKTS +4.0;ARM +4.0	AKTS +3.9;INFQ +3.0
rerun_grid	ALL	adr_150	1R|time_s3	A_disc	573	227	0	0	0	0	0	0	-1.0000	-1.0000	-1.0000	-1.0000	-1.0000	7.4664	0.0130	-0.5336	7.2629	0.0127	-0.7371	6.5965	0.0115	-0.8737	6.9236	0.0121	0.0214	4.5797	0.0080	-3.3225	1.4852	AKTS +4.0;ARM +4.0	AKTS +3.9;INFQ +3.0
rerun_grid	ALL	adr_150	1R|time_s3	B	33	15	0	0	0	0	0	0	-1.0000	-1.0000	-1.0000	-1.0000	-1.0000	-7.7448	-0.2347	-12.7448	-8.5404	-0.2588	-13.1673	-6.7641	-0.2050	-10.2641	-7.0575	-0.2139	-9.7978	-7.4216	-0.2249	-10.1619	-8.2189	QCOM +3.0;DG +2.0	PHVS +1.4;QCOM +1.3
rerun_grid	ALL	adr_150	1R|time_s5	A	593	234	0	0	0	0	0	0	-1.0000	-1.0000	-1.0000	-1.0000	-1.0000	4.7807	0.0081	-3.2193	3.1677	0.0053	-4.8323	2.8067	0.0047	-5.1933	1.7864	0.0030	-5.3484	-0.8399	-0.0014	-8.8101	-2.6223	AKTS +4.0;ARM +4.0	AKTS +3.9;VG +3.2
rerun_grid	ALL	adr_150	1R|time_s5	A_disc	573	227	0	0	0	0	0	0	-1.0000	-1.0000	-1.0000	-1.0000	-1.0000	-0.8063	-0.0014	-8.8063	-2.1538	-0.0038	-10.1538	-2.6911	-0.0047	-10.6911	-2.3671	-0.0041	-9.5020	-4.7000	-0.0082	-12.6702	-8.2093	AKTS +4.0;ARM +4.0	AKTS +3.9;VG +3.2
rerun_grid	ALL	adr_150	1R|time_s5	B	33	15	0	0	0	0	0	0	-1.0000	-1.0000	-1.0000	-1.0000	-1.0000	-9.7118	-0.2943	-14.7118	-10.4791	-0.3175	-15.1059	-8.2575	-0.2502	-11.7575	-7.9275	-0.2402	-10.6678	-8.4464	-0.2560	-11.1867	-10.1859	QCOM +3.0;DG +2.0	PHVS +1.4;QCOM +1.3
rerun_grid	ALL	adr_150	1R|time_s10	A	593	234	0	0	0	0	0	0	-1.0000	-1.0000	-1.0000	-1.0000	-1.0000	-41.5418	-0.0701	-49.5418	-43.2617	-0.0730	-51.2617	-43.5655	-0.0735	-51.5655	-36.6400	-0.0618	-44.5422	-39.0514	-0.0659	-47.0514	-59.9019	AKTS +4.0;ARM +4.0	INFQ +4.0;AKTS +3.9
rerun_grid	ALL	adr_150	1R|time_s10	A_disc	573	227	0	0	0	0	0	0	-1.0000	-1.0000	-1.0000	-1.0000	-1.0000	-39.8251	-0.0695	-47.8251	-41.2795	-0.0720	-49.2795	-42.1807	-0.0736	-50.1807	-33.9490	-0.0592	-41.8512	-35.9835	-0.0628	-43.9835	-48.1793	AKTS +4.0;ARM +4.0	INFQ +4.0;AKTS +3.9
rerun_grid	ALL	adr_150	1R|time_s10	B	33	15	0	0	0	0	0	0	-1.0000	-1.0000	-1.0000	-1.0000	-1.0000	-13.0000	-0.3939	-18.0000	-13.7422	-0.4164	-18.3690	-11.2327	-0.3404	-14.7327	-9.5752	-0.2902	-12.3156	-9.8657	-0.2990	-12.9970	-13.4812	QCOM +3.0;DG +2.0	PHVS +1.4;QCOM +1.3
rerun_grid	ALL	adr_150	1R|sma21_2x	A	593	234	0	0	0	0	0	0	-1.0000	-1.0000	-1.0000	-1.0000	-1.0000	-17.3838	-0.0293	-25.3838	-19.2813	-0.0325	-27.2813	-21.2239	-0.0358	-28.7380	-16.9862	-0.0286	-23.9660	-18.9346	-0.0319	-25.9144	-24.3379	AKTS +4.0;CLF +4.0	AKTS +3.9;INFQ +3.1
rerun_grid	ALL	adr_150	1R|sma21_2x	A_disc	573	227	0	0	0	0	0	0	-1.0000	-1.0000	-1.0000	-1.0000	-1.0000	-17.6030	-0.0307	-25.6030	-19.2350	-0.0336	-27.2350	-21.4852	-0.0375	-28.9993	-15.9159	-0.0278	-22.8956	-17.4620	-0.0305	-24.4417	-24.5571	AKTS +4.0;CLF +4.0	AKTS +3.9;INFQ +3.1
rerun_grid	ALL	adr_150	1R|sma21_2x	B	33	15	0	0	0	0	0	0	-1.0000	-1.0000	-1.0000	-1.0000	-1.0000	-9.7304	-0.2949	-14.7304	-10.4726	-0.3174	-15.0994	-8.8261	-0.2675	-12.3261	-7.1686	-0.2172	-9.9089	-7.0483	-0.2136	-10.1796	-9.9029	QCOM +3.0;DG +2.0	PHVS +1.4;QCOM +1.3
rerun_grid	ALL	adr_150	1R|ema23_2x	A	593	234	0	0	0	0	0	0	-1.0000	-1.0000	-1.0000	-1.0000	-1.0000	-18.3152	-0.0309	-26.3152	-20.0522	-0.0338	-28.0522	-21.3951	-0.0361	-28.9092	-15.5693	-0.0263	-22.5491	-18.0280	-0.0304	-25.0078	-25.2050	AKTS +4.0;CLF +4.0	AKTS +3.9;INFQ +3.1
rerun_grid	ALL	adr_150	1R|ema23_2x	A_disc	573	227	0	0	0	0	0	0	-1.0000	-1.0000	-1.0000	-1.0000	-1.0000	-19.8054	-0.0346	-27.8054	-21.2769	-0.0371	-29.2769	-22.6097	-0.0395	-30.1238	-15.4522	-0.0270	-22.4320	-17.5241	-0.0306	-24.5039	-26.6952	AKTS +4.0;CLF +4.0	AKTS +3.9;INFQ +3.1
rerun_grid	ALL	adr_150	1R|ema23_2x	B	33	15	0	0	0	0	0	0	-1.0000	-1.0000	-1.0000	-1.0000	-1.0000	-8.8176	-0.2672	-13.8176	-9.5598	-0.2897	-14.1866	-8.3697	-0.2536	-11.8697	-6.7122	-0.2034	-9.4525	-6.3892	-0.1936	-9.5205	-8.9901	QCOM +3.0;DG +2.0	PHVS +1.4;QCOM +1.3
rerun_grid	ALL	adr_150	1R|sma50_1x	A	593	234	0	0	0	0	0	0	-1.0000	-1.0000	-1.0000	-1.0000	-1.0000	-21.8084	-0.0368	-28.8860	-23.4925	-0.0396	-30.5701	-22.2120	-0.0375	-29.2896	-15.8115	-0.0267	-22.7913	-17.3619	-0.0293	-24.3416	-27.0348	AKTS +4.0;INFQ +3.1	AKTS +3.9;INFQ +3.1
rerun_grid	ALL	adr_150	1R|sma50_1x	A_disc	573	227	0	0	0	0	0	0	-1.0000	-1.0000	-1.0000	-1.0000	-1.0000	-22.2675	-0.0389	-29.3451	-23.6861	-0.0413	-30.7637	-22.5819	-0.0394	-29.6595	-14.8715	-0.0260	-21.8513	-16.0115	-0.0279	-22.9913	-27.4939	AKTS +4.0;INFQ +3.1	AKTS +3.9;INFQ +3.1
rerun_grid	ALL	adr_150	1R|sma50_1x	B	33	15	0	0	0	0	0	0	-1.0000	-1.0000	-1.0000	-0.9358	-0.9358	-4.5766	-0.1387	-9.5766	-5.3471	-0.1620	-9.9740	-5.0148	-0.1520	-8.5148	-4.0675	-0.1233	-6.8078	-3.8130	-0.1155	-6.9443	-4.7420	QCOM +3.0;DG +2.0	PHVS +1.4;QCOM +1.3
rerun_grid	ALL	adr_150	1R|ema65_1x	A	593	234	0	0	0	0	0	0	-1.0000	-1.0000	-1.0000	-1.0000	-1.0000	-23.7426	-0.0400	-30.8524	-25.4777	-0.0430	-32.5875	-23.1716	-0.0391	-30.1716	-17.0515	-0.0288	-23.9537	-21.8527	-0.0369	-28.7549	-29.1204	AKTS +4.0;CLF +3.1	AKTS +3.9;DRTS +3.0
rerun_grid	ALL	adr_150	1R|ema65_1x	A_disc	573	227	0	0	0	0	0	0	-1.0000	-1.0000	-1.0000	-1.0000	-1.0000	-25.2178	-0.0440	-32.3276	-26.6874	-0.0466	-33.7972	-24.4422	-0.0427	-31.4422	-16.9816	-0.0296	-23.8837	-21.4853	-0.0375	-28.3875	-30.5956	AKTS +4.0;CLF +3.1	AKTS +3.9;DRTS +3.0
rerun_grid	ALL	adr_150	1R|ema65_1x	B	33	15	0	0	0	0	0	0	-1.0000	-1.0000	-1.0000	-0.9358	-0.9358	-4.5766	-0.1387	-9.5766	-5.3471	-0.1620	-9.9740	-5.0148	-0.1520	-8.5148	-4.0675	-0.1233	-6.8078	-3.8130	-0.1155	-6.9443	-4.7420	QCOM +3.0;DG +2.0	PHVS +1.4;QCOM +1.3
rerun_grid	ALL	adr_150	1R|hv21_50_noreclaim2	A	593	234	0	0	0	0	0	0	-1.0000	-1.0000	-1.0000	-1.0000	-1.0000	-41.5418	-0.0701	-49.5418	-43.2617	-0.0730	-51.2617	-43.5655	-0.0735	-51.5655	-36.6400	-0.0618	-44.5422	-39.0514	-0.0659	-47.0514	-59.9019	AKTS +4.0;ARM +4.0	INFQ +4.0;AKTS +3.9
rerun_grid	ALL	adr_150	1R|hv21_50_noreclaim2	A_disc	573	227	0	0	0	0	0	0	-1.0000	-1.0000	-1.0000	-1.0000	-1.0000	-39.8251	-0.0695	-47.8251	-41.2795	-0.0720	-49.2795	-42.1807	-0.0736	-50.1807	-33.9490	-0.0592	-41.8512	-35.9835	-0.0628	-43.9835	-48.1793	AKTS +4.0;ARM +4.0	INFQ +4.0;AKTS +3.9
rerun_grid	ALL	adr_150	1R|hv21_50_noreclaim2	B	33	15	0	0	0	0	0	0	-1.0000	-1.0000	-1.0000	-1.0000	-1.0000	-13.0000	-0.3939	-18.0000	-13.7422	-0.4164	-18.3690	-11.2327	-0.3404	-14.7327	-9.5752	-0.2902	-12.3156	-9.8657	-0.2990	-12.9970	-13.4812	QCOM +3.0;DG +2.0	PHVS +1.4;QCOM +1.3
rerun_grid	ALL	adr_150	2R|none	A	593	234	0	0	0	0	0	0	-1.0000	-1.0000	-1.0000	-1.0000	-1.0000	-48.9387	-0.0825	-64.9387	-50.7572	-0.0856	-66.7572	-48.4904	-0.0818	-62.8201	-44.8306	-0.0756	-58.9647	-48.4511	-0.0817	-64.2555	-67.7461	AKTS +8.0;ARM +8.0	AKTS +7.8;INFQ +6.3
rerun_grid	ALL	adr_150	2R|none	A_disc	573	227	0	0	0	0	0	0	-1.0000	-1.0000	-1.0000	-1.0000	-1.0000	-42.1361	-0.0735	-58.1361	-43.7383	-0.0763	-59.7383	-42.8028	-0.0747	-57.1325	-38.1379	-0.0666	-52.2720	-40.6449	-0.0709	-56.4492	-50.9376	AKTS +8.0;ARM +8.0	AKTS +7.8;INFQ +6.3
rerun_grid	ALL	adr_150	2R|none	B	33	15	0	0	0	0	0	0	-1.0000	-1.0000	-1.0000	-1.0000	-1.0000	-15.9424	-0.4831	-23.4064	-16.4926	-0.4998	-23.2103	-13.9571	-0.4229	-18.7875	-11.9559	-0.3623	-15.4131	-12.0567	-0.3654	-15.9360	-16.4236	QCOM +6.0;SEI +1.5	QCOM +2.6;SEI +0.8
rerun_grid	ALL	adr_150	2R|trail_sma10	A	593	234	0	0	0	0	0	0	-1.0000	-1.0000	-1.0000	-1.0000	-1.0000	10.1558	0.0171	-3.9848	7.9651	0.0134	-6.1755	9.1542	0.0154	-4.9864	6.6365	0.0112	-7.3085	2.8338	0.0048	-11.1112	3.0294	AKTS +8.0;INFQ +6.1	AKTS +7.8;INFQ +6.1
rerun_grid	ALL	adr_150	2R|trail_sma10	A_disc	573	227	0	0	0	0	0	0	-1.0000	-1.0000	-1.0000	-1.0000	-1.0000	13.0580	0.0228	-1.0826	11.0509	0.0193	-3.0897	11.5431	0.0201	-2.5975	9.5317	0.0166	-4.4132	6.2471	0.0109	-7.6978	5.9316	AKTS +8.0;INFQ +6.1	AKTS +7.8;INFQ +6.1
rerun_grid	ALL	adr_150	2R|trail_sma10	B	33	15	0	0	0	0	0	0	-1.0000	-1.0000	-1.0000	-0.9358	-0.9358	-12.2555	-0.3714	-18.5972	-12.7984	-0.3878	-18.3938	-10.6971	-0.3242	-14.8865	-8.9492	-0.2712	-11.7655	-9.1227	-0.2764	-12.0421	-12.4209	QCOM +6.0;SEI +0.3	QCOM +2.6;SEI +0.2
rerun_grid	ALL	adr_150	2R|trail_sma20	A	593	234	0	0	0	0	0	0	-1.0000	-1.0000	-1.0000	-1.0000	-1.0000	-0.1123	-0.0002	-14.2529	-2.3022	-0.0039	-16.4428	-4.0434	-0.0068	-18.1840	-2.7869	-0.0047	-16.7318	-3.9626	-0.0067	-17.9076	-7.3876	AKTS +8.0;INFQ +6.1	AKTS +7.8;INFQ +6.1
rerun_grid	ALL	adr_150	2R|trail_sma20	A_disc	573	227	0	0	0	0	0	0	-1.0000	-1.0000	-1.0000	-1.0000	-1.0000	3.5692	0.0062	-10.5714	1.5956	0.0028	-12.5450	-0.8693	-0.0015	-15.0099	1.4162	0.0025	-12.5288	1.1704	0.0020	-12.7745	-3.7061	AKTS +8.0;INFQ +6.1	AKTS +7.8;INFQ +6.1
rerun_grid	ALL	adr_150	2R|trail_sma20	B	33	15	0	0	0	0	0	0	-1.0000	-1.0000	-1.0000	-0.9358	-0.9358	-11.6239	-0.3522	-19.0879	-12.1614	-0.3685	-18.8791	-10.2663	-0.3111	-15.0967	-8.2795	-0.2509	-11.7367	-8.3253	-0.2523	-12.2045	-11.7964	QCOM +6.0;SEI +1.5	QCOM +2.6;SEI +0.8
rerun_grid	ALL	adr_150	2R|trail_max10_20	A	593	234	0	0	0	0	0	0	-1.0000	-1.0000	-1.0000	-1.0000	-1.0000	23.1944	0.0391	9.0538	20.9222	0.0353	6.7816	19.1325	0.0323	4.9919	16.6224	0.0280	2.6774	15.6998	0.0265	1.7548	16.2360	AKTS +8.0;INFQ +6.1	AKTS +7.8;INFQ +6.1
rerun_grid	ALL	adr_150	2R|trail_max10_20	A_disc	573	227	0	0	0	0	0	0	-1.0000	-1.0000	-1.0000	-1.0000	-1.0000	26.0966	0.0455	11.9560	24.0080	0.0419	9.8674	21.5214	0.0376	7.3808	19.5176	0.0341	5.5726	19.1131	0.0334	5.1682	19.1382	AKTS +8.0;INFQ +6.1	AKTS +7.8;INFQ +6.1
rerun_grid	ALL	adr_150	2R|trail_max10_20	B	33	15	0	0	0	0	0	0	-1.0000	-1.0000	-1.0000	-0.9358	-0.9358	-11.1696	-0.3385	-17.5113	-11.7125	-0.3549	-17.3079	-9.8826	-0.2995	-14.0721	-8.1348	-0.2465	-10.9511	-8.3067	-0.2517	-11.2261	-11.3350	QCOM +6.0;SEI +0.3	QCOM +2.6;SEI +0.2
rerun_grid	ALL	adr_150	2R|time_s3	A	593	234	0	0	0	0	0	0	-1.0000	-1.0000	-1.0000	-1.0000	-1.0000	25.2229	0.0425	13.6712	24.7020	0.0417	13.1503	26.3905	0.0445	16.2403	20.9224	0.0353	12.4291	18.5500	0.0313	7.8709	18.8616	ARM +6.4;DCTH +5.2	AKTS +4.3;ARM +4.2
rerun_grid	ALL	adr_150	2R|time_s3	A_disc	573	227	0	0	0	0	0	0	-1.0000	-1.0000	-1.0000	-1.0000	-1.0000	19.6417	0.0343	8.0900	19.4066	0.0339	7.8549	21.2529	0.0371	11.1027	16.6244	0.0290	8.1311	14.0045	0.0244	3.3254	13.2804	ARM +6.4;DCTH +5.2	AKTS +4.3;ARM +4.2
rerun_grid	ALL	adr_150	2R|time_s3	B	33	15	0	0	0	0	0	0	-1.0000	-1.0000	-1.0000	-1.0000	-1.0000	-9.8124	-0.2973	-15.4256	-10.7037	-0.3244	-15.3791	-8.1981	-0.2484	-11.9080	-8.3982	-0.2545	-10.7359	-9.2892	-0.2815	-11.6269	-10.2865	QCOM +3.3;DG +2.3	QCOM +1.4;DG +0.9
rerun_grid	ALL	adr_150	2R|time_s5	A	593	234	0	0	0	0	0	0	-1.0000	-1.0000	-1.0000	-1.0000	-1.0000	1.5097	0.0025	-14.4903	-0.5119	-0.0009	-16.5119	1.9074	0.0032	-11.0926	-0.4775	-0.0008	-13.2819	-3.6337	-0.0061	-19.4381	-6.2734	AKTS +8.0;ARM +8.0	AKTS +7.8;ARM +5.0
rerun_grid	ALL	adr_150	2R|time_s5	A_disc	573	227	0	0	0	0	0	0	-1.0000	-1.0000	-1.0000	-1.0000	-1.0000	0.5392	0.0009	-15.4608	-1.3217	-0.0023	-17.3217	-0.0470	-0.0001	-13.0470	-1.6076	-0.0028	-14.4119	-3.8293	-0.0067	-19.6337	-7.2439	AKTS +8.0;ARM +8.0	AKTS +7.8;ARM +5.0
rerun_grid	ALL	adr_150	2R|time_s5	B	33	15	0	0	0	0	0	0	-1.0000	-1.0000	-1.0000	-1.0000	-1.0000	-10.9549	-0.3320	-16.9862	-11.7206	-0.3552	-17.0039	-9.4176	-0.2854	-13.4411	-9.0146	-0.2732	-11.6264	-9.5655	-0.2899	-12.4931	-11.4290	QCOM +5.1;DG +0.9	QCOM +2.2;SEI +0.4
rerun_grid	ALL	adr_150	2R|time_s10	A	593	234	0	0	0	0	0	0	-1.0000	-1.0000	-1.0000	-1.0000	-1.0000	-48.9387	-0.0825	-64.9387	-50.7572	-0.0856	-66.7572	-48.4904	-0.0818	-62.8201	-44.8306	-0.0756	-58.9647	-48.4511	-0.0817	-64.2555	-67.7461	AKTS +8.0;ARM +8.0	AKTS +7.8;INFQ +6.3
rerun_grid	ALL	adr_150	2R|time_s10	A_disc	573	227	0	0	0	0	0	0	-1.0000	-1.0000	-1.0000	-1.0000	-1.0000	-42.1361	-0.0735	-58.1361	-43.7383	-0.0763	-59.7383	-42.8028	-0.0747	-57.1325	-38.1379	-0.0666	-52.2720	-40.6449	-0.0709	-56.4492	-50.9376	AKTS +8.0;ARM +8.0	AKTS +7.8;INFQ +6.3
rerun_grid	ALL	adr_150	2R|time_s10	B	33	15	0	0	0	0	0	0	-1.0000	-1.0000	-1.0000	-1.0000	-1.0000	-15.9424	-0.4831	-23.4064	-16.4926	-0.4998	-23.2103	-13.9571	-0.4229	-18.7875	-11.9559	-0.3623	-15.4131	-12.0567	-0.3654	-15.9360	-16.4236	QCOM +6.0;SEI +1.5	QCOM +2.6;SEI +0.8
rerun_grid	ALL	adr_150	2R|sma21_2x	A	593	234	0	0	0	0	0	0	-1.0000	-1.0000	-1.0000	-1.0000	-1.0000	-18.5477	-0.0313	-32.6253	-20.5550	-0.0347	-34.6326	-20.7721	-0.0350	-34.8497	-19.1192	-0.0322	-33.0011	-21.2118	-0.0358	-35.0937	-25.9491	AKTS +8.0;INFQ +6.1	AKTS +7.8;INFQ +6.1
rerun_grid	ALL	adr_150	2R|sma21_2x	A_disc	573	227	0	0	0	0	0	0	-1.0000	-1.0000	-1.0000	-1.0000	-1.0000	-13.7565	-0.0240	-27.8341	-15.5475	-0.0271	-29.6251	-16.7872	-0.0293	-30.8648	-14.1037	-0.0246	-27.9857	-15.0883	-0.0263	-28.9703	-21.1579	AKTS +8.0;INFQ +6.1	AKTS +7.8;INFQ +6.1
rerun_grid	ALL	adr_150	2R|sma21_2x	B	33	15	0	0	0	0	0	0	-1.0000	-1.0000	-1.0000	-1.0000	-1.0000	-13.7038	-0.4153	-21.1678	-14.0873	-0.4269	-20.8050	-12.0738	-0.3659	-16.9041	-9.8362	-0.2981	-13.2934	-9.7482	-0.2954	-13.6275	-13.8763	QCOM +6.0;SEI +1.5	QCOM +2.6;SEI +0.8
rerun_grid	ALL	adr_150	2R|ema23_2x	A	593	234	0	0	0	0	0	0	-1.0000	-1.0000	-1.0000	-1.0000	-1.0000	-14.5068	-0.0245	-28.5844	-16.4171	-0.0277	-30.4947	-15.6047	-0.0263	-29.6823	-13.2741	-0.0224	-27.1561	-16.8770	-0.0285	-30.7590	-21.8439	AKTS +8.0;INFQ +6.1	AKTS +7.8;INFQ +6.1
rerun_grid	ALL	adr_150	2R|ema23_2x	A_disc	573	227	0	0	0	0	0	0	-1.0000	-1.0000	-1.0000	-1.0000	-1.0000	-10.9866	-0.0192	-25.0642	-12.6806	-0.0221	-26.7582	-12.5731	-0.0219	-26.6507	-9.2119	-0.0161	-23.0939	-11.7223	-0.0205	-25.6043	-18.3237	AKTS +8.0;INFQ +6.1	AKTS +7.8;INFQ +6.1
rerun_grid	ALL	adr_150	2R|ema23_2x	B	33	15	0	0	0	0	0	0	-1.0000	-1.0000	-1.0000	-1.0000	-1.0000	-11.7910	-0.3573	-19.2550	-12.1745	-0.3689	-18.8922	-11.1174	-0.3369	-15.9477	-8.8798	-0.2691	-12.3370	-8.3671	-0.2535	-12.2464	-11.9635	QCOM +6.0;SEI +1.5	QCOM +2.6;SEI +0.8
rerun_grid	ALL	adr_150	2R|sma50_1x	A	593	234	0	0	0	0	0	0	-1.0000	-1.0000	-1.0000	-1.0000	-1.0000	-1.8227	-0.0031	-15.9003	-3.7763	-0.0064	-17.8539	-2.5063	-0.0042	-16.5839	-0.6475	-0.0011	-14.5295	-1.9113	-0.0032	-15.7933	-7.1024	AKTS +8.0;INFQ +6.1	AKTS +7.8;INFQ +6.1
rerun_grid	ALL	adr_150	2R|sma50_1x	A_disc	573	227	0	0	0	0	0	0	-1.0000	-1.0000	-1.0000	-1.0000	-1.0000	0.8041	0.0014	-13.2735	-0.9332	-0.0016	-15.0108	-0.0734	-0.0001	-14.1510	2.7942	0.0049	-11.0878	2.1774	0.0038	-11.7046	-4.4756	AKTS +8.0;INFQ +6.1	AKTS +7.8;INFQ +6.1
rerun_grid	ALL	adr_150	2R|sma50_1x	B	33	15	0	0	0	0	0	0	-1.0000	-1.0000	-1.0000	-0.9358	-0.9358	-8.2300	-0.2494	-15.6940	-8.6418	-0.2619	-15.3595	-8.2725	-0.2507	-13.1029	-6.7203	-0.2036	-10.1775	-6.2762	-0.1902	-10.1554	-8.3954	QCOM +6.0;SEI +1.5	QCOM +2.6;SEI +0.8
rerun_grid	ALL	adr_150	2R|ema65_1x	A	593	234	0	0	0	0	0	0	-1.0000	-1.0000	-1.0000	-1.0000	-1.0000	-20.7402	-0.0350	-34.7402	-22.7448	-0.0384	-36.7448	-21.2928	-0.0359	-35.2928	-18.1678	-0.0306	-31.9722	-22.7924	-0.0384	-36.5968	-26.1852	AKTS +8.0;INFQ +6.0	AKTS +7.8;INFQ +6.0
rerun_grid	ALL	adr_150	2R|ema65_1x	A_disc	573	227	0	0	0	0	0	0	-1.0000	-1.0000	-1.0000	-1.0000	-1.0000	-17.6810	-0.0309	-31.6810	-19.4693	-0.0340	-33.4693	-18.6742	-0.0326	-32.6742	-14.5098	-0.0253	-28.3142	-18.2365	-0.0318	-32.0408	-23.1260	AKTS +8.0;INFQ +6.0	AKTS +7.8;INFQ +6.0
rerun_grid	ALL	adr_150	2R|ema65_1x	B	33	15	0	0	0	0	0	0	-1.0000	-1.0000	-1.0000	-0.9358	-0.9358	-7.5190	-0.2278	-14.9830	-8.0975	-0.2454	-14.8153	-7.7393	-0.2345	-12.5696	-6.4481	-0.1954	-9.9054	-6.0040	-0.1819	-9.8833	-7.6844	QCOM +6.0;SEI +1.5	QCOM +2.6;SEI +0.8
rerun_grid	ALL	adr_150	2R|hv21_50_noreclaim2	A	593	234	0	0	0	0	0	0	-1.0000	-1.0000	-1.0000	-1.0000	-1.0000	-48.2605	-0.0814	-64.2605	-50.0790	-0.0845	-66.0790	-48.1513	-0.0812	-62.4810	-44.4915	-0.0750	-58.6256	-47.7729	-0.0806	-63.5773	-67.0679	AKTS +8.0;ARM +8.0	AKTS +7.8;INFQ +6.3
rerun_grid	ALL	adr_150	2R|hv21_50_noreclaim2	A_disc	573	227	0	0	0	0	0	0	-1.0000	-1.0000	-1.0000	-1.0000	-1.0000	-41.4579	-0.0724	-57.4579	-43.0601	-0.0751	-59.0601	-42.4637	-0.0741	-56.7934	-37.7988	-0.0660	-51.9329	-39.9667	-0.0697	-55.7710	-50.2594	AKTS +8.0;ARM +8.0	AKTS +7.8;INFQ +6.3
rerun_grid	ALL	adr_150	2R|hv21_50_noreclaim2	B	33	15	0	0	0	0	0	0	-1.0000	-1.0000	-1.0000	-1.0000	-1.0000	-15.9424	-0.4831	-23.4064	-16.4926	-0.4998	-23.2103	-13.9571	-0.4229	-18.7875	-11.9559	-0.3623	-15.4131	-12.0567	-0.3654	-15.9360	-16.4236	QCOM +6.0;SEI +1.5	QCOM +2.6;SEI +0.8
rerun_grid	ALL	adr_150	3R|none	A	593	234	44	132.0000	131.2411	121.4911	105.7971	112.7088	-1.0000	-1.0000	-1.0000	-1.0000	-1.0000	-57.9215	-0.0977	-77.0415	-59.0674	-0.0996	-78.1874	-57.3783	-0.0968	-75.3783	-52.2467	-0.0881	-69.9532	-54.7639	-0.0924	-73.5905	-76.7289	AKTS +12.0;ARM +7.1	AKTS +11.7;ALOY +6.0
rerun_grid	ALL	adr_150	3R|none	A_disc	573	227	44	132.0000	131.2411	121.4911	105.7971	112.7088	-1.0000	-1.0000	-1.0000	-1.0000	-1.0000	-50.6598	-0.0884	-69.7798	-51.5894	-0.0900	-70.7094	-51.3463	-0.0896	-69.3463	-45.2543	-0.0790	-62.9608	-46.6581	-0.0814	-65.4846	-59.4613	AKTS +12.0;ARM +7.1	AKTS +11.7;ALOY +6.0
rerun_grid	ALL	adr_150	3R|none	B	33	15	3	9.0000	7.8806	6.0000	3.9403	3.9403	-1.0000	-1.0000	-1.0000	-1.0000	-1.0000	-12.3133	-0.3731	-22.9424	-13.2366	-0.4011	-22.7463	-11.6426	-0.3528	-18.4729	-10.3279	-0.3130	-15.0986	-10.2891	-0.3118	-15.4885	-12.7945	QCOM +9.0;CRWD +1.6	QCOM +3.9;SEI +0.8
rerun_grid	ALL	adr_150	3R|trail_sma10	A	593	234	37	111.0000	110.2411	101.2411	89.3654	95.5272	-1.0000	-1.0000	-1.0000	-1.0000	-1.0000	4.7355	0.0080	-13.3486	3.1649	0.0053	-14.9192	3.0746	0.0052	-14.9254	2.1731	0.0037	-15.5334	0.1780	0.0003	-17.5286	-2.3909	AKTS +12.0;FTK +6.1	AKTS +11.7;ALOY +6.0
rerun_grid	ALL	adr_150	3R|trail_sma10	A_disc	573	227	37	111.0000	110.2411	101.2411	89.3654	95.5272	-1.0000	-1.0000	-1.0000	-1.0000	-1.0000	7.6377	0.0133	-10.4464	6.2508	0.0109	-11.8333	5.4635	0.0095	-12.5365	5.0684	0.0088	-12.6382	3.5914	0.0063	-14.1152	0.5113	AKTS +12.0;FTK +6.1	AKTS +11.7;ALOY +6.0
rerun_grid	ALL	adr_150	3R|trail_sma10	B	33	15	0	0	0	0	0	0	-1.0000	-1.0000	-1.0000	-0.9358	-0.9358	-16.8821	-0.5116	-18.5972	-16.8441	-0.5104	-18.3938	-13.8466	-0.4196	-14.8865	-10.9720	-0.3325	-11.7655	-11.1456	-0.3377	-12.0421	-17.0475	QCOM +1.4;SEI +0.3	QCOM +0.6;SEI +0.2
rerun_grid	ALL	adr_150	3R|trail_sma20	A	593	234	39	117.0000	116.2411	107.2411	94.8877	101.0494	-1.0000	-1.0000	-1.0000	-1.0000	-1.0000	-2.5353	-0.0043	-20.6194	-4.0527	-0.0068	-22.1368	-7.1802	-0.0121	-25.1802	-4.9510	-0.0083	-22.6575	-4.2116	-0.0071	-21.9181	-9.8106	AKTS +12.0;FTK +6.1	AKTS +11.7;ALOY +6.0
rerun_grid	ALL	adr_150	3R|trail_sma20	A_disc	573	227	39	117.0000	116.2411	107.2411	94.8877	101.0494	-1.0000	-1.0000	-1.0000	-1.0000	-1.0000	1.6053	0.0028	-16.4788	0.3043	0.0005	-17.7798	-3.6618	-0.0064	-21.6618	-0.4483	-0.0008	-18.1549	1.2211	0.0021	-16.4854	-5.6700	AKTS +12.0;FTK +6.1	AKTS +11.7;ALOY +6.0
rerun_grid	ALL	adr_150	3R|trail_sma20	B	33	15	3	9.0000	7.8806	6.0000	3.9403	3.9403	-1.0000	-1.0000	-1.0000	-0.9358	-0.9358	-8.6239	-0.2613	-19.0879	-9.5345	-0.2889	-18.8791	-8.2663	-0.2505	-15.0967	-6.9660	-0.2111	-11.7367	-7.0119	-0.2125	-12.2045	-8.7964	QCOM +9.0;SEI +1.5	QCOM +3.9;SEI +0.8
rerun_grid	ALL	adr_150	3R|trail_max10_20	A	593	234	36	108.0000	107.2411	98.2411	87.7808	93.9426	-1.0000	-1.0000	-1.0000	-1.0000	-1.0000	18.9735	0.0320	0.8894	17.3214	0.0292	-0.7627	14.2523	0.0240	-3.7477	13.7875	0.0233	-3.9191	14.6724	0.0247	-3.0341	12.0151	AKTS +12.0;FTK +6.1	AKTS +11.7;ALOY +6.0
rerun_grid	ALL	adr_150	3R|trail_max10_20	A_disc	573	227	36	108.0000	107.2411	98.2411	87.7808	93.9426	-1.0000	-1.0000	-1.0000	-1.0000	-1.0000	21.8757	0.0382	3.7916	20.4073	0.0356	2.3232	16.6412	0.0290	-1.3588	16.6827	0.0291	-1.0238	18.0858	0.0316	0.3793	14.9173	AKTS +12.0;FTK +6.1	AKTS +11.7;ALOY +6.0
rerun_grid	ALL	adr_150	3R|trail_max10_20	B	33	15	0	0	0	0	0	0	-1.0000	-1.0000	-1.0000	-0.9358	-0.9358	-15.7962	-0.4787	-17.5113	-15.7582	-0.4775	-17.3079	-13.0322	-0.3949	-14.0721	-10.1576	-0.3078	-10.9511	-10.3296	-0.3130	-11.2261	-15.9616	QCOM +1.4;SEI +0.3	QCOM +0.6;SEI +0.2
rerun_grid	ALL	adr_150	3R|time_s3	A	593	234	11	33.0000	33.0000	27.7500	23.8387	27.7886	-1.0000	-1.0000	-1.0000	-1.0000	-1.0000	22.6777	0.0382	11.0021	22.2468	0.0375	10.5712	22.7563	0.0384	12.3289	19.1115	0.0322	9.6983	17.9513	0.0303	6.4268	16.3164	ARM +6.0;FTK +5.7	DFTX +4.8;VOYG +4.7
rerun_grid	ALL	adr_150	3R|time_s3	A_disc	573	227	11	33.0000	33.0000	27.7500	23.8387	27.7886	-1.0000	-1.0000	-1.0000	-1.0000	-1.0000	17.0965	0.0298	5.4209	16.9514	0.0296	5.2758	17.6186	0.0307	7.1912	14.8135	0.0259	5.4003	13.4058	0.0234	1.8813	10.7352	ARM +6.0;FTK +5.7	DFTX +4.8;VOYG +4.7
rerun_grid	ALL	adr_150	3R|time_s3	B	33	15	0	0	0	0	0	0	-1.0000	-1.0000	-1.0000	-1.0000	-1.0000	-9.7723	-0.2961	-15.4256	-10.6682	-0.3233	-15.3791	-8.1780	-0.2478	-11.9080	-8.3804	-0.2540	-10.7359	-9.2714	-0.2810	-11.6269	-10.2464	QCOM +3.3;DG +2.3	QCOM +1.5;DG +0.9
rerun_grid	ALL	adr_150	3R|time_s5	A	593	234	23	69.0000	69.0000	59.2500	53.2425	60.1543	-1.0000	-1.0000	-1.0000	-1.0000	-1.0000	0.9010	0.0015	-16.4258	-0.8735	-0.0015	-18.2003	-0.0415	-0.0001	-16.1455	0.1034	0.0002	-15.7874	-1.6879	-0.0028	-18.8015	-6.8821	AKTS +10.1;ARM +7.2	AKTS +9.9;TE +6.0
rerun_grid	ALL	adr_150	3R|time_s5	A_disc	573	227	23	69.0000	69.0000	59.2500	53.2425	60.1543	-1.0000	-1.0000	-1.0000	-1.0000	-1.0000	-0.0695	-0.0001	-17.3963	-1.6833	-0.0029	-19.0101	-1.9959	-0.0035	-18.0999	-1.0266	-0.0018	-16.9175	-1.8835	-0.0033	-18.9971	-7.8526	AKTS +10.1;ARM +7.2	AKTS +9.9;TE +6.0
rerun_grid	ALL	adr_150	3R|time_s5	B	33	15	0	0	0	0	0	0	-1.0000	-1.0000	-1.0000	-1.0000	-1.0000	-11.3933	-0.3453	-16.9862	-12.1031	-0.3668	-17.0039	-9.7863	-0.2966	-13.4411	-9.2059	-0.2790	-11.6264	-9.7568	-0.2957	-12.4931	-11.8674	QCOM +4.7;DG +0.9	QCOM +2.1;SEI +0.4
rerun_grid	ALL	adr_150	3R|time_s10	A	593	234	44	132.0000	131.2411	121.4911	105.7971	112.7088	-1.0000	-1.0000	-1.0000	-1.0000	-1.0000	-57.9215	-0.0977	-77.0415	-59.0674	-0.0996	-78.1874	-57.3783	-0.0968	-75.3783	-52.2467	-0.0881	-69.9532	-54.7639	-0.0924	-73.5905	-76.7289	AKTS +12.0;ARM +7.1	AKTS +11.7;ALOY +6.0
rerun_grid	ALL	adr_150	3R|time_s10	A_disc	573	227	44	132.0000	131.2411	121.4911	105.7971	112.7088	-1.0000	-1.0000	-1.0000	-1.0000	-1.0000	-50.6598	-0.0884	-69.7798	-51.5894	-0.0900	-70.7094	-51.3463	-0.0896	-69.3463	-45.2543	-0.0790	-62.9608	-46.6581	-0.0814	-65.4846	-59.4613	AKTS +12.0;ARM +7.1	AKTS +11.7;ALOY +6.0
rerun_grid	ALL	adr_150	3R|time_s10	B	33	15	3	9.0000	7.8806	6.0000	3.9403	3.9403	-1.0000	-1.0000	-1.0000	-1.0000	-1.0000	-12.3133	-0.3731	-22.9424	-13.2366	-0.4011	-22.7463	-11.6426	-0.3528	-18.4729	-10.3279	-0.3130	-15.0986	-10.2891	-0.3118	-15.4885	-12.7945	QCOM +9.0;CRWD +1.6	QCOM +3.9;SEI +0.8
rerun_grid	ALL	adr_150	3R|sma21_2x	A	593	234	42	126.0000	125.2411	115.4911	100.9824	107.8941	-1.0000	-1.0000	-1.0000	-1.0000	-1.0000	-20.2165	-0.0341	-38.2165	-21.5512	-0.0363	-39.5512	-23.5794	-0.0398	-41.5794	-21.3335	-0.0360	-39.0401	-21.0862	-0.0356	-38.7928	-27.6179	AKTS +12.0;ALOY +6.0	AKTS +11.7;ALOY +6.0
rerun_grid	ALL	adr_150	3R|sma21_2x	A_disc	573	227	42	126.0000	125.2411	115.4911	100.9824	107.8941	-1.0000	-1.0000	-1.0000	-1.0000	-1.0000	-14.9662	-0.0261	-32.9662	-16.0846	-0.0281	-34.0846	-19.2502	-0.0336	-37.2502	-16.0185	-0.0280	-33.7250	-14.6632	-0.0256	-32.3697	-22.3676	AKTS +12.0;ALOY +6.0	AKTS +11.7;ALOY +6.0
rerun_grid	ALL	adr_150	3R|sma21_2x	B	33	15	3	9.0000	7.8806	6.0000	3.9403	3.9403	-1.0000	-1.0000	-1.0000	-1.0000	-1.0000	-10.7038	-0.3244	-21.1678	-11.4604	-0.3473	-20.8050	-10.0738	-0.3053	-16.9041	-8.5228	-0.2583	-13.2934	-8.4348	-0.2556	-13.6275	-10.8763	QCOM +9.0;SEI +1.5	QCOM +3.9;SEI +0.8
rerun_grid	ALL	adr_150	3R|ema23_2x	A	593	234	42	126.0000	125.2411	115.4911	100.9824	107.8941	-1.0000	-1.0000	-1.0000	-1.0000	-1.0000	-15.9076	-0.0268	-33.9076	-17.1453	-0.0289	-35.1453	-17.6123	-0.0297	-35.6123	-14.6894	-0.0248	-32.3960	-16.4875	-0.0278	-34.1940	-23.2447	AKTS +12.0;ALOY +6.0	AKTS +11.7;ALOY +6.0
rerun_grid	ALL	adr_150	3R|ema23_2x	A_disc	573	227	42	126.0000	125.2411	115.4911	100.9824	107.8941	-1.0000	-1.0000	-1.0000	-1.0000	-1.0000	-11.9283	-0.0208	-29.9283	-12.9497	-0.0226	-30.9497	-14.2363	-0.0248	-32.2363	-10.3276	-0.0180	-28.0341	-11.0331	-0.0193	-28.7397	-19.2654	AKTS +12.0;ALOY +6.0	AKTS +11.7;ALOY +6.0
rerun_grid	ALL	adr_150	3R|ema23_2x	B	33	15	3	9.0000	7.8806	6.0000	3.9403	3.9403	-1.0000	-1.0000	-1.0000	-1.0000	-1.0000	-8.1619	-0.2473	-18.7910	-8.9185	-0.2703	-18.4282	-8.8028	-0.2668	-15.6332	-7.2518	-0.2198	-12.0224	-6.5995	-0.2000	-11.7989	-8.3344	QCOM +9.0;CRWD +1.6	QCOM +3.9;SEI +0.8
rerun_grid	ALL	adr_150	3R|sma50_1x	A	593	234	37	111.0000	110.2411	100.4911	87.9746	94.8863	-1.0000	-1.0000	-1.0000	-1.0000	-1.0000	-5.5751	-0.0094	-23.6592	-6.8561	-0.0116	-24.9402	-7.6524	-0.0129	-25.6524	-5.4026	-0.0091	-23.1091	-4.3321	-0.0073	-22.0387	-10.8548	AKTS +12.0;FTK +6.1	AKTS +11.7;ALOY +6.0
rerun_grid	ALL	adr_150	3R|sma50_1x	A_disc	573	227	37	111.0000	110.2411	100.4911	87.9746	94.8863	-1.0000	-1.0000	-1.0000	-1.0000	-1.0000	-2.4892	-0.0043	-20.5733	-3.5539	-0.0062	-21.6380	-4.8752	-0.0085	-22.8752	-1.6613	-0.0029	-19.3678	0.0562	0.0001	-17.6503	-7.7689	AKTS +12.0;FTK +6.1	AKTS +11.7;ALOY +6.0
rerun_grid	ALL	adr_150	3R|sma50_1x	B	33	15	3	9.0000	7.8806	6.0000	3.9403	3.9403	-1.0000	-1.0000	-1.0000	-0.9358	-0.9358	-4.6009	-0.1394	-15.2300	-5.3859	-0.1632	-14.8955	-5.9580	-0.1805	-12.7883	-5.0923	-0.1543	-9.8629	-4.5085	-0.1366	-9.7079	-4.7663	QCOM +9.0;CRWD +1.6	QCOM +3.9;SEI +0.8
rerun_grid	ALL	adr_150	3R|ema65_1x	A	593	234	34	102.0000	101.2411	91.4911	80.7197	87.6315	-1.0000	-1.0000	-1.0000	-1.0000	-1.0000	-24.3842	-0.0411	-42.4683	-25.7162	-0.0434	-43.8003	-25.9039	-0.0437	-43.9039	-21.8367	-0.0368	-39.5432	-24.2961	-0.0410	-42.0026	-29.8292	AKTS +12.0;FTK +6.1	AKTS +11.7;ALOY +6.0
rerun_grid	ALL	adr_150	3R|ema65_1x	A_disc	573	227	34	102.0000	101.2411	91.4911	80.7197	87.6315	-1.0000	-1.0000	-1.0000	-1.0000	-1.0000	-20.8659	-0.0364	-38.9500	-21.9816	-0.0384	-40.0657	-22.9410	-0.0400	-40.9410	-17.8790	-0.0312	-35.5856	-19.4405	-0.0339	-37.1470	-26.3109	AKTS +12.0;FTK +6.1	AKTS +11.7;ALOY +6.0
rerun_grid	ALL	adr_150	3R|ema65_1x	B	33	15	3	9.0000	7.8806	6.0000	3.9403	3.9403	-1.0000	-1.0000	-1.0000	-0.9358	-0.9358	-3.8899	-0.1179	-14.5190	-4.8416	-0.1467	-14.3513	-5.4247	-0.1644	-12.2551	-4.8202	-0.1461	-9.5908	-4.2364	-0.1284	-9.4358	-4.0553	QCOM +9.0;CRWD +1.6	QCOM +3.9;SEI +0.8
rerun_grid	ALL	adr_150	3R|hv21_50_noreclaim2	A	593	234	44	132.0000	131.2411	121.4911	105.7971	112.7088	-1.0000	-1.0000	-1.0000	-1.0000	-1.0000	-57.2433	-0.0965	-76.3633	-58.3892	-0.0985	-77.5092	-57.0392	-0.0962	-75.0392	-51.9076	-0.0875	-69.6141	-54.0857	-0.0912	-72.9123	-76.0507	AKTS +12.0;ARM +7.1	AKTS +11.7;ALOY +6.0
rerun_grid	ALL	adr_150	3R|hv21_50_noreclaim2	A_disc	573	227	44	132.0000	131.2411	121.4911	105.7971	112.7088	-1.0000	-1.0000	-1.0000	-1.0000	-1.0000	-49.9816	-0.0872	-69.1016	-50.9112	-0.0889	-70.0312	-51.0072	-0.0890	-69.0072	-44.9152	-0.0784	-62.6217	-45.9799	-0.0802	-64.8064	-58.7831	AKTS +12.0;ARM +7.1	AKTS +11.7;ALOY +6.0
rerun_grid	ALL	adr_150	3R|hv21_50_noreclaim2	B	33	15	3	9.0000	7.8806	6.0000	3.9403	3.9403	-1.0000	-1.0000	-1.0000	-1.0000	-1.0000	-12.3133	-0.3731	-22.9424	-13.2366	-0.4011	-22.7463	-11.6426	-0.3528	-18.4729	-10.3279	-0.3130	-15.0986	-10.2891	-0.3118	-15.4885	-12.7945	QCOM +9.0;CRWD +1.6	QCOM +3.9;SEI +0.8
rerun_grid	ALL	adr_150	1ADR|none	A	593	234	0	0	0	0	0	0	-1.0000	-1.0000	-1.0000	-1.0000	-1.0000	-8.1005	-0.0137	-13.7675	-9.5440	-0.0161	-15.2110	-7.1078	-0.0120	-12.4415	-7.6089	-0.0128	-12.9501	-11.4676	-0.0193	-17.1422	-25.4566	MRVL +3.0;AKTS +2.7	MRVL +2.7;INFQ +2.7
rerun_grid	ALL	adr_150	1ADR|none	A_disc	573	227	0	0	0	0	0	0	-1.0000	-1.0000	-1.0000	-1.0000	-1.0000	-9.5156	-0.0166	-14.8492	-10.7821	-0.0188	-16.1157	-8.5959	-0.0150	-13.9295	-8.2233	-0.0144	-13.5569	-12.1636	-0.0212	-17.4972	-16.8658	AKTS +2.7;ARM +2.7	INFQ +2.7;MRVL +2.7
rerun_grid	ALL	adr_150	1ADR|none	B	33	15	0	0	0	0	0	0	-1.0000	-1.0000	-1.0000	-1.0000	-1.0000	-7.9995	-0.2424	-11.3330	-8.4842	-0.2571	-11.5689	-6.8192	-0.2066	-9.1526	-6.7552	-0.2047	-8.5822	-7.2237	-0.2189	-9.3114	-8.4736	QCOM +2.0;DG +1.3	PHVS +1.0;QCOM +0.9
rerun_grid	ALL	adr_150	1ADR|trail_sma10	A	593	234	0	0	0	0	0	0	-1.0000	-1.0000	-1.0000	-1.0000	-1.0000	21.5046	0.0363	16.1710	20.1628	0.0340	14.8292	20.0178	0.0338	14.6842	16.7318	0.0282	11.9895	14.1008	0.0238	9.1847	15.7623	AKTS +2.7;CRMD +2.7	AKTS +2.6;INFQ +2.1
rerun_grid	ALL	adr_150	1ADR|trail_sma10	A_disc	573	227	0	0	0	0	0	0	-1.0000	-1.0000	-1.0000	-1.0000	-1.0000	16.2161	0.0283	10.8825	15.0513	0.0263	9.7177	15.5291	0.0271	10.1955	12.9199	0.0225	8.1776	9.8043	0.0171	5.0620	10.4738	AKTS +2.7;CRMD +2.7	AKTS +2.6;INFQ +2.1
rerun_grid	ALL	adr_150	1ADR|trail_sma10	B	33	15	0	0	0	0	0	0	-1.0000	-1.0000	-1.0000	-0.9358	-0.9358	-5.3543	-0.1623	-8.6878	-5.8390	-0.1769	-8.9237	-4.8745	-0.1477	-7.2080	-4.8105	-0.1458	-6.6375	-4.7842	-0.1450	-6.8719	-5.5197	QCOM +2.0;DG +1.3	PHVS +1.0;QCOM +0.9
rerun_grid	ALL	adr_150	1ADR|trail_sma20	A	593	234	0	0	0	0	0	0	-1.0000	-1.0000	-1.0000	-1.0000	-1.0000	17.8478	0.0301	12.1808	16.3313	0.0275	10.6643	14.6470	0.0247	9.3134	12.9901	0.0219	7.7140	11.9338	0.0201	6.3244	12.0099	MRVL +3.0;AKTS +2.7	MRVL +2.7;AKTS +2.6
rerun_grid	ALL	adr_150	1ADR|trail_sma20	A_disc	573	227	0	0	0	0	0	0	-1.0000	-1.0000	-1.0000	-1.0000	-1.0000	13.6093	0.0238	8.2757	12.2698	0.0214	6.9362	10.9058	0.0190	5.5722	10.1464	0.0177	4.8780	8.8965	0.0155	3.6281	7.7714	AKTS +2.7;MRVL +2.7	MRVL +2.7;AKTS +2.6
rerun_grid	ALL	adr_150	1ADR|trail_sma20	B	33	15	0	0	0	0	0	0	-1.0000	-1.0000	-1.0000	-0.9358	-0.9358	-4.8998	-0.1485	-8.2333	-5.3845	-0.1632	-8.4692	-4.3758	-0.1326	-6.7092	-4.3118	-0.1307	-6.1388	-4.4767	-0.1357	-6.5643	-5.0652	QCOM +2.0;DG +1.3	PHVS +1.0;QCOM +0.9
rerun_grid	ALL	adr_150	1ADR|trail_max10_20	A	593	234	0	0	0	0	0	0	-1.0000	-1.0000	-1.0000	-1.0000	-1.0000	30.0552	0.0507	25.0815	28.6944	0.0484	23.7207	26.2524	0.0443	21.4449	22.7823	0.0384	18.0400	22.3494	0.0377	17.4333	24.4809	AKTS +2.7;MRVL +2.3	AKTS +2.6;INFQ +2.1
rerun_grid	ALL	adr_150	1ADR|trail_max10_20	A_disc	573	227	0	0	0	0	0	0	-1.0000	-1.0000	-1.0000	-1.0000	-1.0000	24.7667	0.0432	19.9592	23.5829	0.0412	18.7754	21.7637	0.0380	16.9562	18.9703	0.0331	14.2280	18.0529	0.0315	13.3106	19.1924	AKTS +2.7;INFQ +2.1	AKTS +2.6;INFQ +2.1
rerun_grid	ALL	adr_150	1ADR|trail_max10_20	B	33	15	0	0	0	0	0	0	-1.0000	-1.0000	-1.0000	-0.9358	-0.9358	-4.2684	-0.1293	-7.6019	-4.7531	-0.1440	-7.8378	-4.0601	-0.1230	-6.3935	-3.9961	-0.1211	-5.8231	-3.9682	-0.1202	-6.0558	-4.4338	QCOM +2.0;DG +1.3	PHVS +1.0;QCOM +0.9
rerun_grid	ALL	adr_150	1ADR|time_s3	A	593	234	0	0	0	0	0	0	-1.0000	-1.0000	-1.0000	-1.0000	-1.0000	9.5856	0.0162	3.2425	9.1677	0.0155	2.8246	9.7011	0.0164	3.6218	8.5047	0.0143	2.4902	5.4050	0.0091	-0.9384	4.2784	MRVL +3.7;AKTS +2.7	MRVL +3.4;AKTS +2.6
rerun_grid	ALL	adr_150	1ADR|time_s3	A_disc	573	227	0	0	0	0	0	0	-1.0000	-1.0000	-1.0000	-1.0000	-1.0000	3.6962	0.0065	-1.6374	3.4553	0.0060	-1.8783	4.5909	0.0080	-0.7427	4.0165	0.0070	-1.2519	0.5802	0.0010	-4.7534	-1.6110	AKTS +2.7;ARM +2.7	MRVL +2.7;AKTS +2.6
rerun_grid	ALL	adr_150	1ADR|time_s3	B	33	15	0	0	0	0	0	0	-1.0000	-1.0000	-1.0000	-1.0000	-1.0000	-6.4724	-0.1961	-9.8059	-6.9885	-0.2118	-10.0733	-5.6235	-0.1704	-8.0107	-5.7290	-0.1736	-7.5560	-5.9434	-0.1801	-8.0311	-6.9465	QCOM +2.0;DG +1.3	PHVS +1.0;QCOM +0.9
rerun_grid	ALL	adr_150	1ADR|time_s5	A	593	234	0	0	0	0	0	0	-1.0000	-1.0000	-1.0000	-1.0000	-1.0000	14.8332	0.0250	8.1670	13.5418	0.0228	6.8756	13.8550	0.0234	7.5222	10.7888	0.0182	4.4559	8.4454	0.0142	1.7792	8.4342	MRVL +4.0;AKTS +2.7	MRVL +3.7;INFQ +2.7
rerun_grid	ALL	adr_150	1ADR|time_s5	A_disc	573	227	0	0	0	0	0	0	-1.0000	-1.0000	-1.0000	-1.0000	-1.0000	9.6768	0.0169	4.3432	8.5624	0.0149	3.2288	8.9738	0.0157	3.6402	6.8194	0.0119	1.4858	4.3775	0.0076	-0.9561	3.2778	AKTS +2.7;ARM +2.7	INFQ +2.7;MRVL +2.7
rerun_grid	ALL	adr_150	1ADR|time_s5	B	33	15	0	0	0	0	0	0	-1.0000	-1.0000	-1.0000	-1.0000	-1.0000	-6.3333	-0.1919	-9.6668	-6.8253	-0.2068	-9.9101	-5.4564	-0.1653	-7.7899	-5.6296	-0.1706	-7.4566	-6.0332	-0.1828	-8.1208	-6.8074	QCOM +2.0;DG +1.3	PHVS +1.0;QCOM +0.9
rerun_grid	ALL	adr_150	1ADR|time_s10	A	593	234	0	0	0	0	0	0	-1.0000	-1.0000	-1.0000	-1.0000	-1.0000	-8.1005	-0.0137	-13.7675	-9.5440	-0.0161	-15.2110	-7.1078	-0.0120	-12.4415	-7.6089	-0.0128	-12.9501	-11.4676	-0.0193	-17.1422	-25.4566	MRVL +3.0;AKTS +2.7	MRVL +2.7;INFQ +2.7
rerun_grid	ALL	adr_150	1ADR|time_s10	A_disc	573	227	0	0	0	0	0	0	-1.0000	-1.0000	-1.0000	-1.0000	-1.0000	-9.5156	-0.0166	-14.8492	-10.7821	-0.0188	-16.1157	-8.5959	-0.0150	-13.9295	-8.2233	-0.0144	-13.5569	-12.1636	-0.0212	-17.4972	-16.8658	AKTS +2.7;ARM +2.7	INFQ +2.7;MRVL +2.7
rerun_grid	ALL	adr_150	1ADR|time_s10	B	33	15	0	0	0	0	0	0	-1.0000	-1.0000	-1.0000	-1.0000	-1.0000	-7.9995	-0.2424	-11.3330	-8.4842	-0.2571	-11.5689	-6.8192	-0.2066	-9.1526	-6.7552	-0.2047	-8.5822	-7.2237	-0.2189	-9.3114	-8.4736	QCOM +2.0;DG +1.3	PHVS +1.0;QCOM +0.9
rerun_grid	ALL	adr_150	1ADR|sma21_2x	A	593	234	0	0	0	0	0	0	-1.0000	-1.0000	-1.0000	-1.0000	-1.0000	9.0919	0.0153	3.4249	7.5823	0.0128	1.9153	7.5471	0.0127	2.2135	5.5696	0.0094	0.2935	3.1531	0.0053	-2.4563	3.1418	MRVL +3.0;AKTS +2.7	MRVL +2.7;AKTS +2.6
rerun_grid	ALL	adr_150	1ADR|sma21_2x	A_disc	573	227	0	0	0	0	0	0	-1.0000	-1.0000	-1.0000	-1.0000	-1.0000	5.5073	0.0096	0.1737	4.1747	0.0073	-1.1589	4.2377	0.0074	-1.0959	3.1593	0.0055	-2.1091	0.6444	0.0011	-4.6240	-0.4428	AKTS +2.7;CLF +2.7	MRVL +2.7;AKTS +2.6
rerun_grid	ALL	adr_150	1ADR|sma21_2x	B	33	15	0	0	0	0	0	0	-1.0000	-1.0000	-1.0000	-1.0000	-1.0000	-5.3638	-0.1625	-8.6973	-5.8485	-0.1772	-8.9332	-5.1162	-0.1550	-7.4496	-5.0522	-0.1531	-6.8792	-4.9512	-0.1500	-7.0389	-5.5292	QCOM +2.0;DG +1.3	PHVS +1.0;QCOM +0.9
rerun_grid	ALL	adr_150	1ADR|ema23_2x	A	593	234	0	0	0	0	0	0	-1.0000	-1.0000	-1.0000	-1.0000	-1.0000	8.9503	0.0151	3.2833	7.5986	0.0128	1.9316	7.6797	0.0130	2.3461	7.4452	0.0126	2.1691	4.9123	0.0083	-0.6971	3.0645	MRVL +3.0;AKTS +2.7	MRVL +2.7;AKTS +2.6
rerun_grid	ALL	adr_150	1ADR|ema23_2x	A_disc	573	227	0	0	0	0	0	0	-1.0000	-1.0000	-1.0000	-1.0000	-1.0000	4.0947	0.0071	-1.2389	2.9200	0.0051	-2.4136	3.4171	0.0060	-1.9165	4.0817	0.0071	-1.1867	1.4348	0.0025	-3.8335	-1.7911	AKTS +2.7;CLF +2.7	MRVL +2.7;AKTS +2.6
rerun_grid	ALL	adr_150	1ADR|ema23_2x	B	33	15	0	0	0	0	0	0	-1.0000	-1.0000	-1.0000	-1.0000	-1.0000	-5.3638	-0.1625	-8.6973	-5.8485	-0.1772	-8.9332	-5.1162	-0.1550	-7.4496	-5.0522	-0.1531	-6.8792	-4.9512	-0.1500	-7.0389	-5.5292	QCOM +2.0;DG +1.3	PHVS +1.0;QCOM +0.9
rerun_grid	ALL	adr_150	1ADR|sma50_1x	A	593	234	0	0	0	0	0	0	-1.0000	-1.0000	-1.0000	-1.0000	-1.0000	9.6483	0.0163	4.9038	8.3031	0.0140	3.5586	10.3804	0.0175	5.6359	9.5636	0.0161	4.8843	7.6370	0.0129	2.9577	5.0959	AKTS +2.7;INFQ +2.1	AKTS +2.6;INFQ +2.1
rerun_grid	ALL	adr_150	1ADR|sma50_1x	A_disc	573	227	0	0	0	0	0	0	-1.0000	-1.0000	-1.0000	-1.0000	-1.0000	7.3908	0.0129	2.0572	6.2226	0.0109	0.8890	8.1376	0.0142	2.8040	8.1982	0.0143	2.9298	6.5569	0.0114	1.2885	2.8384	AKTS +2.7;MRVL +2.7	MRVL +2.7;AKTS +2.6
rerun_grid	ALL	adr_150	1ADR|sma50_1x	B	33	15	0	0	0	0	0	0	-1.0000	-1.0000	-1.0000	-0.9358	-0.9358	-4.5762	-0.1387	-7.9097	-5.0702	-0.1536	-8.1549	-4.3514	-0.1319	-6.6849	-4.1546	-0.1259	-5.9816	-4.1256	-0.1250	-6.2132	-4.7416	QCOM +2.0;DG +1.3	PHVS +1.0;QCOM +0.9
rerun_grid	ALL	adr_150	1ADR|ema65_1x	A	593	234	0	0	0	0	0	0	-1.0000	-1.0000	-1.0000	-1.0000	-1.0000	6.2441	0.0105	0.5771	4.8715	0.0082	-0.7955	7.3596	0.0124	2.0259	6.7153	0.0113	1.4393	2.6466	0.0045	-2.9628	1.5403	MRVL +3.0;AKTS +2.7	MRVL +2.7;AKTS +2.6
rerun_grid	ALL	adr_150	1ADR|ema65_1x	A_disc	573	227	0	0	0	0	0	0	-1.0000	-1.0000	-1.0000	-1.0000	-1.0000	1.8719	0.0033	-3.4617	0.6763	0.0012	-4.6573	3.3922	0.0059	-1.9414	3.6560	0.0064	-1.6124	-0.5175	-0.0009	-5.7859	-2.8319	AKTS +2.7;MRVL +2.7	MRVL +2.7;AKTS +2.6
rerun_grid	ALL	adr_150	1ADR|ema65_1x	B	33	15	0	0	0	0	0	0	-1.0000	-1.0000	-1.0000	-0.9358	-0.9358	-4.5762	-0.1387	-7.9097	-5.0702	-0.1536	-8.1549	-4.3514	-0.1319	-6.6849	-4.1546	-0.1259	-5.9816	-4.1256	-0.1250	-6.2132	-4.7416	QCOM +2.0;DG +1.3	PHVS +1.0;QCOM +0.9
rerun_grid	ALL	adr_150	1ADR|hv21_50_noreclaim2	A	593	234	0	0	0	0	0	0	-1.0000	-1.0000	-1.0000	-1.0000	-1.0000	-8.1005	-0.0137	-13.7675	-9.5440	-0.0161	-15.2110	-7.1078	-0.0120	-12.4415	-7.6089	-0.0128	-12.9501	-11.4676	-0.0193	-17.1422	-25.4566	MRVL +3.0;AKTS +2.7	MRVL +2.7;INFQ +2.7
rerun_grid	ALL	adr_150	1ADR|hv21_50_noreclaim2	A_disc	573	227	0	0	0	0	0	0	-1.0000	-1.0000	-1.0000	-1.0000	-1.0000	-9.5156	-0.0166	-14.8492	-10.7821	-0.0188	-16.1157	-8.5959	-0.0150	-13.9295	-8.2233	-0.0144	-13.5569	-12.1636	-0.0212	-17.4972	-16.8658	AKTS +2.7;ARM +2.7	INFQ +2.7;MRVL +2.7
rerun_grid	ALL	adr_150	1ADR|hv21_50_noreclaim2	B	33	15	0	0	0	0	0	0	-1.0000	-1.0000	-1.0000	-1.0000	-1.0000	-7.9995	-0.2424	-11.3330	-8.4842	-0.2571	-11.5689	-6.8192	-0.2066	-9.1526	-6.7552	-0.2047	-8.5822	-7.2237	-0.2189	-9.3114	-8.4736	QCOM +2.0;DG +1.3	PHVS +1.0;QCOM +0.9
rerun_grid	ALL	adr_150	2ADR|none	A	593	234	0	0	0	0	0	0	-1.0000	-1.0000	-1.0000	-1.0000	-1.0000	-58.8824	-0.0993	-69.5488	-60.9656	-0.1028	-71.6320	-55.3733	-0.0934	-66.0397	-50.9797	-0.0860	-61.5157	-57.1770	-0.0964	-67.8434	-77.6898	AKTS +5.3;ARM +5.3	INFQ +5.3;AKTS +5.2
rerun_grid	ALL	adr_150	2ADR|none	A_disc	573	227	0	0	0	0	0	0	-1.0000	-1.0000	-1.0000	-1.0000	-1.0000	-54.8965	-0.0958	-65.5629	-56.6257	-0.0988	-67.2921	-52.5314	-0.0917	-63.1978	-46.6293	-0.0814	-57.1652	-51.7130	-0.0902	-62.3794	-63.6980	AKTS +5.3;ARM +5.3	INFQ +5.3;AKTS +5.2
rerun_grid	ALL	adr_150	2ADR|none	B	33	15	0	0	0	0	0	0	-1.0000	-1.0000	-1.0000	-1.0000	-1.0000	-15.5362	-0.4708	-22.2027	-16.5591	-0.5018	-22.1028	-13.3191	-0.4036	-17.9857	-11.9891	-0.3633	-14.7610	-12.2380	-0.3708	-15.2415	-16.0174	QCOM +4.0;DG +2.7	QCOM +1.8;DG +1.0
rerun_grid	ALL	adr_150	2ADR|trail_sma10	A	593	234	0	0	0	0	0	0	-1.0000	-1.0000	-1.0000	-1.0000	-1.0000	-0.6069	-0.0010	-10.1068	-2.7669	-0.0047	-12.2668	-0.0045	-0.0000	-9.5044	-3.4032	-0.0057	-12.7465	-8.3904	-0.0141	-17.7337	-7.7333	AKTS +5.3;CRMD +4.2	AKTS +5.2;INFQ +4.1
rerun_grid	ALL	adr_150	2ADR|trail_sma10	A_disc	573	227	0	0	0	0	0	0	-1.0000	-1.0000	-1.0000	-1.0000	-1.0000	-2.7226	-0.0048	-12.2225	-4.5286	-0.0079	-14.0285	-2.1948	-0.0038	-11.6947	-4.2819	-0.0075	-13.6252	-8.7510	-0.0153	-18.0943	-9.8490	AKTS +5.3;CRMD +4.2	AKTS +5.2;INFQ +4.1
rerun_grid	ALL	adr_150	2ADR|trail_sma10	B	33	15	0	0	0	0	0	0	-1.0000	-1.0000	-1.0000	-0.9358	-0.9358	-11.1285	-0.3372	-17.7950	-12.1567	-0.3684	-17.7005	-9.6851	-0.2935	-14.3517	-8.6284	-0.2615	-11.4002	-8.8019	-0.2667	-11.5738	-11.2939	QCOM +4.0;DG +2.7	QCOM +1.8;DG +1.0
rerun_grid	ALL	adr_150	2ADR|trail_sma20	A	593	234	0	0	0	0	0	0	-1.0000	-1.0000	-1.0000	-1.0000	-1.0000	-12.0158	-0.0203	-21.4895	-14.3805	-0.0243	-23.8542	-14.1673	-0.0239	-23.6410	-12.1992	-0.0206	-21.5425	-14.6216	-0.0247	-23.9649	-19.2911	AKTS +5.3;INFQ +4.1	AKTS +5.2;INFQ +4.1
rerun_grid	ALL	adr_150	2ADR|trail_sma20	A_disc	573	227	0	0	0	0	0	0	-1.0000	-1.0000	-1.0000	-1.0000	-1.0000	-11.1510	-0.0195	-20.6247	-13.1618	-0.0230	-22.6355	-13.8390	-0.0242	-23.3127	-10.3384	-0.0180	-19.6817	-11.8308	-0.0206	-21.1741	-18.4263	AKTS +5.3;INFQ +4.1	AKTS +5.2;INFQ +4.1
rerun_grid	ALL	adr_150	2ADR|trail_sma20	B	33	15	0	0	0	0	0	0	-1.0000	-1.0000	-1.0000	-0.9358	-0.9358	-10.4969	-0.3181	-17.1634	-11.5198	-0.3491	-17.0635	-9.2544	-0.2804	-13.9209	-7.9586	-0.2412	-10.7305	-8.0045	-0.2426	-11.0080	-10.6694	QCOM +4.0;DG +2.7	QCOM +1.8;DG +1.0
rerun_grid	ALL	adr_150	2ADR|trail_max10_20	A	593	234	0	0	0	0	0	0	-1.0000	-1.0000	-1.0000	-1.0000	-1.0000	12.1664	0.0205	2.6927	9.9249	0.0167	0.4512	9.7084	0.0164	0.2347	6.3257	0.0107	-3.0175	4.2186	0.0071	-5.1246	5.2080	AKTS +5.3;INFQ +4.1	AKTS +5.2;INFQ +4.1
rerun_grid	ALL	adr_150	2ADR|trail_max10_20	A_disc	573	227	0	0	0	0	0	0	-1.0000	-1.0000	-1.0000	-1.0000	-1.0000	10.0507	0.0175	0.5770	8.1632	0.0142	-1.3105	7.5181	0.0131	-1.9556	5.4470	0.0095	-3.8962	3.8581	0.0067	-5.4852	3.0923	AKTS +5.3;INFQ +4.1	AKTS +5.2;INFQ +4.1
rerun_grid	ALL	adr_150	2ADR|trail_max10_20	B	33	15	0	0	0	0	0	0	-1.0000	-1.0000	-1.0000	-0.9358	-0.9358	-10.0426	-0.3043	-16.7091	-11.0708	-0.3355	-16.6146	-8.8707	-0.2688	-13.5373	-7.8139	-0.2368	-10.5858	-7.9859	-0.2420	-10.7578	-10.2080	QCOM +4.0;DG +2.7	QCOM +1.8;DG +1.0
rerun_grid	ALL	adr_150	2ADR|time_s3	A	593	234	0	0	0	0	0	0	-1.0000	-1.0000	-1.0000	-1.0000	-1.0000	10.8724	0.0183	0.8381	10.1274	0.0171	0.0931	13.2670	0.0224	4.0958	10.0813	0.0170	1.9916	6.4533	0.0109	-3.4884	4.5111	ARM +5.3;AKTS +4.7	AKTS +4.6;INFQ +3.5
rerun_grid	ALL	adr_150	2ADR|time_s3	A_disc	573	227	0	0	0	0	0	0	-1.0000	-1.0000	-1.0000	-1.0000	-1.0000	4.1168	0.0072	-5.9175	3.7257	0.0065	-6.3086	7.0231	0.0123	-2.1481	4.9237	0.0086	-3.1659	1.0482	0.0018	-8.8935	-2.2445	ARM +5.3;AKTS +4.7	AKTS +4.6;INFQ +3.5
rerun_grid	ALL	adr_150	2ADR|time_s3	B	33	15	0	0	0	0	0	0	-1.0000	-1.0000	-1.0000	-1.0000	-1.0000	-9.5876	-0.2905	-15.4256	-10.5523	-0.3198	-15.3791	-7.8628	-0.2383	-11.9080	-8.3224	-0.2522	-10.7359	-9.2134	-0.2792	-11.6269	-10.0617	QCOM +3.2;DG +2.7	QCOM +1.4;DG +1.0
rerun_grid	ALL	adr_150	2ADR|time_s5	A	593	234	0	0	0	0	0	0	-1.0000	-1.0000	-1.0000	-1.0000	-1.0000	-5.5555	-0.0094	-16.2219	-7.5839	-0.0128	-18.2503	-2.2283	-0.0038	-12.0585	-6.7082	-0.0113	-15.3340	-12.4964	-0.0211	-23.0323	-13.3386	AKTS +5.3;ARM +5.3	AKTS +5.2;INFQ +3.4
rerun_grid	ALL	adr_150	2ADR|time_s5	A_disc	573	227	0	0	0	0	0	0	-1.0000	-1.0000	-1.0000	-1.0000	-1.0000	-9.0357	-0.0158	-19.7021	-10.7102	-0.0187	-21.3766	-6.3908	-0.0112	-16.2210	-9.3751	-0.0164	-18.0009	-14.2288	-0.0248	-24.7648	-16.8188	AKTS +5.3;ARM +5.3	AKTS +5.2;INFQ +3.4
rerun_grid	ALL	adr_150	2ADR|time_s5	B	33	15	0	0	0	0	0	0	-1.0000	-1.0000	-1.0000	-1.0000	-1.0000	-10.3197	-0.3127	-16.9862	-11.3676	-0.3445	-16.9114	-8.7745	-0.2659	-13.4411	-8.8382	-0.2678	-11.6100	-9.3891	-0.2845	-12.1609	-10.7938	QCOM +4.0;DG +2.7	QCOM +1.8;DG +1.0
rerun_grid	ALL	adr_150	2ADR|time_s10	A	593	234	0	0	0	0	0	0	-1.0000	-1.0000	-1.0000	-1.0000	-1.0000	-58.8824	-0.0993	-69.5488	-60.9656	-0.1028	-71.6320	-55.3733	-0.0934	-66.0397	-50.9797	-0.0860	-61.5157	-57.1770	-0.0964	-67.8434	-77.6898	AKTS +5.3;ARM +5.3	INFQ +5.3;AKTS +5.2
rerun_grid	ALL	adr_150	2ADR|time_s10	A_disc	573	227	0	0	0	0	0	0	-1.0000	-1.0000	-1.0000	-1.0000	-1.0000	-54.8965	-0.0958	-65.5629	-56.6257	-0.0988	-67.2921	-52.5314	-0.0917	-63.1978	-46.6293	-0.0814	-57.1652	-51.7130	-0.0902	-62.3794	-63.6980	AKTS +5.3;ARM +5.3	INFQ +5.3;AKTS +5.2
rerun_grid	ALL	adr_150	2ADR|time_s10	B	33	15	0	0	0	0	0	0	-1.0000	-1.0000	-1.0000	-1.0000	-1.0000	-15.5362	-0.4708	-22.2027	-16.5591	-0.5018	-22.1028	-13.3191	-0.4036	-17.9857	-11.9891	-0.3633	-14.7610	-12.2380	-0.3708	-15.2415	-16.0174	QCOM +4.0;DG +2.7	QCOM +1.8;DG +1.0
rerun_grid	ALL	adr_150	2ADR|sma21_2x	A	593	234	0	0	0	0	0	0	-1.0000	-1.0000	-1.0000	-1.0000	-1.0000	-29.1740	-0.0492	-39.8404	-31.4460	-0.0530	-42.1124	-28.6558	-0.0483	-38.3912	-26.6232	-0.0449	-35.9035	-31.1292	-0.0525	-40.4095	-36.5754	AKTS +5.3;CLF +5.3	AKTS +5.2;INFQ +4.1
rerun_grid	ALL	adr_150	2ADR|sma21_2x	A_disc	573	227	0	0	0	0	0	0	-1.0000	-1.0000	-1.0000	-1.0000	-1.0000	-27.1995	-0.0475	-37.8659	-29.1176	-0.0508	-39.7840	-27.5167	-0.0480	-37.2521	-23.9500	-0.0418	-33.2303	-27.3480	-0.0477	-36.6283	-34.6009	AKTS +5.3;CLF +5.3	AKTS +5.2;INFQ +4.1
rerun_grid	ALL	adr_150	2ADR|sma21_2x	B	33	15	0	0	0	0	0	0	-1.0000	-1.0000	-1.0000	-1.0000	-1.0000	-11.9199	-0.3612	-18.5864	-12.9428	-0.3922	-18.4865	-10.5692	-0.3203	-15.2357	-9.2639	-0.2807	-12.0358	-9.1760	-0.2781	-12.1795	-12.0924	QCOM +4.0;DG +2.7	QCOM +1.8;DG +1.0
rerun_grid	ALL	adr_150	2ADR|ema23_2x	A	593	234	0	0	0	0	0	0	-1.0000	-1.0000	-1.0000	-1.0000	-1.0000	-27.4755	-0.0463	-38.1419	-29.6696	-0.0500	-40.3360	-26.3499	-0.0444	-35.7606	-22.9540	-0.0387	-32.2342	-28.3036	-0.0477	-37.5838	-34.8126	AKTS +5.3;CLF +5.3	AKTS +5.2;INFQ +4.1
rerun_grid	ALL	adr_150	2ADR|ema23_2x	A_disc	573	227	0	0	0	0	0	0	-1.0000	-1.0000	-1.0000	-1.0000	-1.0000	-26.7720	-0.0467	-37.4384	-28.6121	-0.0499	-39.2785	-26.1640	-0.0457	-35.5747	-21.2340	-0.0371	-30.5143	-25.4911	-0.0445	-34.7714	-34.1091	AKTS +5.3;CLF +5.3	AKTS +5.2;INFQ +4.1
rerun_grid	ALL	adr_150	2ADR|ema23_2x	B	33	15	0	0	0	0	0	0	-1.0000	-1.0000	-1.0000	-1.0000	-1.0000	-10.6738	-0.3234	-17.3403	-11.6967	-0.3544	-17.2404	-9.9461	-0.3014	-14.6127	-8.6409	-0.2618	-11.4127	-8.2763	-0.2508	-11.2798	-10.8463	QCOM +4.0;DG +2.7	QCOM +1.8;DG +1.0
rerun_grid	ALL	adr_150	2ADR|sma50_1x	A	593	234	0	0	0	0	0	0	-1.0000	-1.0000	-1.0000	-1.0000	-1.0000	-17.3768	-0.0293	-26.7875	-19.4965	-0.0329	-28.9072	-17.3010	-0.0292	-26.7117	-13.4196	-0.0226	-22.6999	-15.6347	-0.0264	-24.9150	-22.6565	AKTS +5.3;INFQ +4.1	AKTS +5.2;INFQ +4.1
rerun_grid	ALL	adr_150	2ADR|sma50_1x	A_disc	573	227	0	0	0	0	0	0	-1.0000	-1.0000	-1.0000	-1.0000	-1.0000	-17.5667	-0.0307	-26.9774	-19.3324	-0.0337	-28.7431	-17.7138	-0.0309	-27.1245	-12.3202	-0.0215	-21.6005	-13.8883	-0.0242	-23.1686	-22.8464	AKTS +5.3;INFQ +4.1	AKTS +5.2;INFQ +4.1
rerun_grid	ALL	adr_150	2ADR|sma50_1x	B	33	15	0	0	0	0	0	0	-1.0000	-1.0000	-1.0000	-0.9358	-0.9358	-7.1128	-0.2155	-13.7793	-8.1640	-0.2474	-13.7077	-7.1013	-0.2152	-11.7678	-6.4814	-0.1964	-9.2532	-6.1853	-0.1874	-9.1889	-7.2782	QCOM +4.0;DG +2.7	QCOM +1.8;DG +1.0
rerun_grid	ALL	adr_150	2ADR|ema65_1x	A	593	234	0	0	0	0	0	0	-1.0000	-1.0000	-1.0000	-1.0000	-1.0000	-27.9039	-0.0471	-37.3468	-30.0746	-0.0507	-39.5175	-26.4460	-0.0446	-35.7791	-22.7931	-0.0384	-31.9958	-28.8334	-0.0486	-38.0361	-33.3489	AKTS +5.3;CLF +4.1	AKTS +5.2;INFQ +4.0
rerun_grid	ALL	adr_150	2ADR|ema65_1x	A_disc	573	227	0	0	0	0	0	0	-1.0000	-1.0000	-1.0000	-1.0000	-1.0000	-27.6614	-0.0483	-37.1043	-29.4781	-0.0514	-38.9210	-26.6731	-0.0465	-36.0062	-21.4774	-0.0375	-30.6800	-26.6197	-0.0465	-35.8224	-33.1064	AKTS +5.3;CLF +4.1	AKTS +5.2;INFQ +4.0
rerun_grid	ALL	adr_150	2ADR|ema65_1x	B	33	15	0	0	0	0	0	0	-1.0000	-1.0000	-1.0000	-0.9358	-0.9358	-7.1128	-0.2155	-13.7793	-8.1640	-0.2474	-13.7077	-7.1013	-0.2152	-11.7678	-6.4814	-0.1964	-9.2532	-6.1853	-0.1874	-9.1889	-7.2782	QCOM +4.0;DG +2.7	QCOM +1.8;DG +1.0
rerun_grid	ALL	adr_150	2ADR|hv21_50_noreclaim2	A	593	234	0	0	0	0	0	0	-1.0000	-1.0000	-1.0000	-1.0000	-1.0000	-58.2042	-0.0982	-68.8706	-60.2874	-0.1017	-70.9538	-55.0342	-0.0928	-65.7006	-50.6406	-0.0854	-61.1766	-56.4988	-0.0953	-67.1652	-77.0116	AKTS +5.3;ARM +5.3	INFQ +5.3;AKTS +5.2
rerun_grid	ALL	adr_150	2ADR|hv21_50_noreclaim2	A_disc	573	227	0	0	0	0	0	0	-1.0000	-1.0000	-1.0000	-1.0000	-1.0000	-54.2183	-0.0946	-64.8847	-55.9475	-0.0976	-66.6139	-52.1923	-0.0911	-62.8587	-46.2902	-0.0808	-56.8261	-51.0348	-0.0891	-61.7012	-63.0198	AKTS +5.3;ARM +5.3	INFQ +5.3;AKTS +5.2
rerun_grid	ALL	adr_150	2ADR|hv21_50_noreclaim2	B	33	15	0	0	0	0	0	0	-1.0000	-1.0000	-1.0000	-1.0000	-1.0000	-15.5362	-0.4708	-22.2027	-16.5591	-0.5018	-22.1028	-13.3191	-0.4036	-17.9857	-11.9891	-0.3633	-14.7610	-12.2380	-0.3708	-15.2415	-16.0174	QCOM +4.0;DG +2.7	QCOM +1.8;DG +1.0
rerun_grid	ALL	adr_150	3ADR|none	A	593	234	0	0	0	0	0	0	-1.0000	-1.0000	-1.0000	-1.0000	-1.0000	-48.9387	-0.0825	-64.9387	-50.7572	-0.0856	-66.7572	-48.4904	-0.0818	-62.8201	-44.8306	-0.0756	-58.9647	-48.4511	-0.0817	-64.2555	-67.7461	AKTS +8.0;ARM +8.0	AKTS +7.8;INFQ +6.3
rerun_grid	ALL	adr_150	3ADR|none	A_disc	573	227	0	0	0	0	0	0	-1.0000	-1.0000	-1.0000	-1.0000	-1.0000	-42.1361	-0.0735	-58.1361	-43.7383	-0.0763	-59.7383	-42.8028	-0.0747	-57.1325	-38.1379	-0.0666	-52.2720	-40.6449	-0.0709	-56.4492	-50.9376	AKTS +8.0;ARM +8.0	AKTS +7.8;INFQ +6.3
rerun_grid	ALL	adr_150	3ADR|none	B	33	15	0	0	0	0	0	0	-1.0000	-1.0000	-1.0000	-1.0000	-1.0000	-15.9424	-0.4831	-23.4064	-16.4926	-0.4998	-23.2103	-13.9571	-0.4229	-18.7875	-11.9559	-0.3623	-15.4131	-12.0567	-0.3654	-15.9360	-16.4236	QCOM +6.0;SEI +1.5	QCOM +2.6;SEI +0.8
rerun_grid	ALL	adr_150	3ADR|trail_sma10	A	593	234	0	0	0	0	0	0	-1.0000	-1.0000	-1.0000	-1.0000	-1.0000	10.1558	0.0171	-3.9848	7.9651	0.0134	-6.1755	9.1542	0.0154	-4.9864	6.6365	0.0112	-7.3085	2.8338	0.0048	-11.1112	3.0294	AKTS +8.0;INFQ +6.1	AKTS +7.8;INFQ +6.1
rerun_grid	ALL	adr_150	3ADR|trail_sma10	A_disc	573	227	0	0	0	0	0	0	-1.0000	-1.0000	-1.0000	-1.0000	-1.0000	13.0580	0.0228	-1.0826	11.0509	0.0193	-3.0897	11.5431	0.0201	-2.5975	9.5317	0.0166	-4.4132	6.2471	0.0109	-7.6978	5.9316	AKTS +8.0;INFQ +6.1	AKTS +7.8;INFQ +6.1
rerun_grid	ALL	adr_150	3ADR|trail_sma10	B	33	15	0	0	0	0	0	0	-1.0000	-1.0000	-1.0000	-0.9358	-0.9358	-12.2555	-0.3714	-18.5972	-12.7984	-0.3878	-18.3938	-10.6971	-0.3242	-14.8865	-8.9492	-0.2712	-11.7655	-9.1227	-0.2764	-12.0421	-12.4209	QCOM +6.0;SEI +0.3	QCOM +2.6;SEI +0.2
rerun_grid	ALL	adr_150	3ADR|trail_sma20	A	593	234	0	0	0	0	0	0	-1.0000	-1.0000	-1.0000	-1.0000	-1.0000	-0.1123	-0.0002	-14.2529	-2.3022	-0.0039	-16.4428	-4.0434	-0.0068	-18.1840	-2.7869	-0.0047	-16.7318	-3.9626	-0.0067	-17.9076	-7.3876	AKTS +8.0;INFQ +6.1	AKTS +7.8;INFQ +6.1
rerun_grid	ALL	adr_150	3ADR|trail_sma20	A_disc	573	227	0	0	0	0	0	0	-1.0000	-1.0000	-1.0000	-1.0000	-1.0000	3.5692	0.0062	-10.5714	1.5956	0.0028	-12.5450	-0.8693	-0.0015	-15.0099	1.4162	0.0025	-12.5288	1.1704	0.0020	-12.7745	-3.7061	AKTS +8.0;INFQ +6.1	AKTS +7.8;INFQ +6.1
rerun_grid	ALL	adr_150	3ADR|trail_sma20	B	33	15	0	0	0	0	0	0	-1.0000	-1.0000	-1.0000	-0.9358	-0.9358	-11.6239	-0.3522	-19.0879	-12.1614	-0.3685	-18.8791	-10.2663	-0.3111	-15.0967	-8.2795	-0.2509	-11.7367	-8.3253	-0.2523	-12.2045	-11.7964	QCOM +6.0;SEI +1.5	QCOM +2.6;SEI +0.8
rerun_grid	ALL	adr_150	3ADR|trail_max10_20	A	593	234	0	0	0	0	0	0	-1.0000	-1.0000	-1.0000	-1.0000	-1.0000	23.1944	0.0391	9.0538	20.9222	0.0353	6.7816	19.1325	0.0323	4.9919	16.6224	0.0280	2.6774	15.6998	0.0265	1.7548	16.2360	AKTS +8.0;INFQ +6.1	AKTS +7.8;INFQ +6.1
rerun_grid	ALL	adr_150	3ADR|trail_max10_20	A_disc	573	227	0	0	0	0	0	0	-1.0000	-1.0000	-1.0000	-1.0000	-1.0000	26.0966	0.0455	11.9560	24.0080	0.0419	9.8674	21.5214	0.0376	7.3808	19.5176	0.0341	5.5726	19.1131	0.0334	5.1682	19.1382	AKTS +8.0;INFQ +6.1	AKTS +7.8;INFQ +6.1
rerun_grid	ALL	adr_150	3ADR|trail_max10_20	B	33	15	0	0	0	0	0	0	-1.0000	-1.0000	-1.0000	-0.9358	-0.9358	-11.1696	-0.3385	-17.5113	-11.7125	-0.3549	-17.3079	-9.8826	-0.2995	-14.0721	-8.1348	-0.2465	-10.9511	-8.3067	-0.2517	-11.2261	-11.3350	QCOM +6.0;SEI +0.3	QCOM +2.6;SEI +0.2
rerun_grid	ALL	adr_150	3ADR|time_s3	A	593	234	0	0	0	0	0	0	-1.0000	-1.0000	-1.0000	-1.0000	-1.0000	25.2229	0.0425	13.6712	24.7020	0.0417	13.1503	26.3905	0.0445	16.2403	20.9224	0.0353	12.4291	18.5500	0.0313	7.8709	18.8616	ARM +6.4;DCTH +5.2	AKTS +4.3;ARM +4.2
rerun_grid	ALL	adr_150	3ADR|time_s3	A_disc	573	227	0	0	0	0	0	0	-1.0000	-1.0000	-1.0000	-1.0000	-1.0000	19.6417	0.0343	8.0900	19.4066	0.0339	7.8549	21.2529	0.0371	11.1027	16.6244	0.0290	8.1311	14.0045	0.0244	3.3254	13.2804	ARM +6.4;DCTH +5.2	AKTS +4.3;ARM +4.2
rerun_grid	ALL	adr_150	3ADR|time_s3	B	33	15	0	0	0	0	0	0	-1.0000	-1.0000	-1.0000	-1.0000	-1.0000	-9.8124	-0.2973	-15.4256	-10.7037	-0.3244	-15.3791	-8.1981	-0.2484	-11.9080	-8.3982	-0.2545	-10.7359	-9.2892	-0.2815	-11.6269	-10.2865	QCOM +3.3;DG +2.3	QCOM +1.4;DG +0.9
rerun_grid	ALL	adr_150	3ADR|time_s5	A	593	234	0	0	0	0	0	0	-1.0000	-1.0000	-1.0000	-1.0000	-1.0000	1.5097	0.0025	-14.4903	-0.5119	-0.0009	-16.5119	1.9074	0.0032	-11.0926	-0.4775	-0.0008	-13.2819	-3.6337	-0.0061	-19.4381	-6.2734	AKTS +8.0;ARM +8.0	AKTS +7.8;ARM +5.0
rerun_grid	ALL	adr_150	3ADR|time_s5	A_disc	573	227	0	0	0	0	0	0	-1.0000	-1.0000	-1.0000	-1.0000	-1.0000	0.5392	0.0009	-15.4608	-1.3217	-0.0023	-17.3217	-0.0470	-0.0001	-13.0470	-1.6076	-0.0028	-14.4119	-3.8293	-0.0067	-19.6337	-7.2439	AKTS +8.0;ARM +8.0	AKTS +7.8;ARM +5.0
rerun_grid	ALL	adr_150	3ADR|time_s5	B	33	15	0	0	0	0	0	0	-1.0000	-1.0000	-1.0000	-1.0000	-1.0000	-10.9549	-0.3320	-16.9862	-11.7206	-0.3552	-17.0039	-9.4176	-0.2854	-13.4411	-9.0146	-0.2732	-11.6264	-9.5655	-0.2899	-12.4931	-11.4290	QCOM +5.1;DG +0.9	QCOM +2.2;SEI +0.4
rerun_grid	ALL	adr_150	3ADR|time_s10	A	593	234	0	0	0	0	0	0	-1.0000	-1.0000	-1.0000	-1.0000	-1.0000	-48.9387	-0.0825	-64.9387	-50.7572	-0.0856	-66.7572	-48.4904	-0.0818	-62.8201	-44.8306	-0.0756	-58.9647	-48.4511	-0.0817	-64.2555	-67.7461	AKTS +8.0;ARM +8.0	AKTS +7.8;INFQ +6.3
rerun_grid	ALL	adr_150	3ADR|time_s10	A_disc	573	227	0	0	0	0	0	0	-1.0000	-1.0000	-1.0000	-1.0000	-1.0000	-42.1361	-0.0735	-58.1361	-43.7383	-0.0763	-59.7383	-42.8028	-0.0747	-57.1325	-38.1379	-0.0666	-52.2720	-40.6449	-0.0709	-56.4492	-50.9376	AKTS +8.0;ARM +8.0	AKTS +7.8;INFQ +6.3
rerun_grid	ALL	adr_150	3ADR|time_s10	B	33	15	0	0	0	0	0	0	-1.0000	-1.0000	-1.0000	-1.0000	-1.0000	-15.9424	-0.4831	-23.4064	-16.4926	-0.4998	-23.2103	-13.9571	-0.4229	-18.7875	-11.9559	-0.3623	-15.4131	-12.0567	-0.3654	-15.9360	-16.4236	QCOM +6.0;SEI +1.5	QCOM +2.6;SEI +0.8
rerun_grid	ALL	adr_150	3ADR|sma21_2x	A	593	234	0	0	0	0	0	0	-1.0000	-1.0000	-1.0000	-1.0000	-1.0000	-18.5477	-0.0313	-32.6253	-20.5550	-0.0347	-34.6326	-20.7721	-0.0350	-34.8497	-19.1192	-0.0322	-33.0011	-21.2118	-0.0358	-35.0937	-25.9491	AKTS +8.0;INFQ +6.1	AKTS +7.8;INFQ +6.1
rerun_grid	ALL	adr_150	3ADR|sma21_2x	A_disc	573	227	0	0	0	0	0	0	-1.0000	-1.0000	-1.0000	-1.0000	-1.0000	-13.7565	-0.0240	-27.8341	-15.5475	-0.0271	-29.6251	-16.7872	-0.0293	-30.8648	-14.1037	-0.0246	-27.9857	-15.0883	-0.0263	-28.9703	-21.1579	AKTS +8.0;INFQ +6.1	AKTS +7.8;INFQ +6.1
rerun_grid	ALL	adr_150	3ADR|sma21_2x	B	33	15	0	0	0	0	0	0	-1.0000	-1.0000	-1.0000	-1.0000	-1.0000	-13.7038	-0.4153	-21.1678	-14.0873	-0.4269	-20.8050	-12.0738	-0.3659	-16.9041	-9.8362	-0.2981	-13.2934	-9.7482	-0.2954	-13.6275	-13.8763	QCOM +6.0;SEI +1.5	QCOM +2.6;SEI +0.8
rerun_grid	ALL	adr_150	3ADR|ema23_2x	A	593	234	0	0	0	0	0	0	-1.0000	-1.0000	-1.0000	-1.0000	-1.0000	-14.5068	-0.0245	-28.5844	-16.4171	-0.0277	-30.4947	-15.6047	-0.0263	-29.6823	-13.2741	-0.0224	-27.1561	-16.8770	-0.0285	-30.7590	-21.8439	AKTS +8.0;INFQ +6.1	AKTS +7.8;INFQ +6.1
rerun_grid	ALL	adr_150	3ADR|ema23_2x	A_disc	573	227	0	0	0	0	0	0	-1.0000	-1.0000	-1.0000	-1.0000	-1.0000	-10.9866	-0.0192	-25.0642	-12.6806	-0.0221	-26.7582	-12.5731	-0.0219	-26.6507	-9.2119	-0.0161	-23.0939	-11.7223	-0.0205	-25.6043	-18.3237	AKTS +8.0;INFQ +6.1	AKTS +7.8;INFQ +6.1
rerun_grid	ALL	adr_150	3ADR|ema23_2x	B	33	15	0	0	0	0	0	0	-1.0000	-1.0000	-1.0000	-1.0000	-1.0000	-11.7910	-0.3573	-19.2550	-12.1745	-0.3689	-18.8922	-11.1174	-0.3369	-15.9477	-8.8798	-0.2691	-12.3370	-8.3671	-0.2535	-12.2464	-11.9635	QCOM +6.0;SEI +1.5	QCOM +2.6;SEI +0.8
rerun_grid	ALL	adr_150	3ADR|sma50_1x	A	593	234	0	0	0	0	0	0	-1.0000	-1.0000	-1.0000	-1.0000	-1.0000	-1.8227	-0.0031	-15.9003	-3.7763	-0.0064	-17.8539	-2.5063	-0.0042	-16.5839	-0.6475	-0.0011	-14.5295	-1.9113	-0.0032	-15.7933	-7.1024	AKTS +8.0;INFQ +6.1	AKTS +7.8;INFQ +6.1
rerun_grid	ALL	adr_150	3ADR|sma50_1x	A_disc	573	227	0	0	0	0	0	0	-1.0000	-1.0000	-1.0000	-1.0000	-1.0000	0.8041	0.0014	-13.2735	-0.9332	-0.0016	-15.0108	-0.0734	-0.0001	-14.1510	2.7942	0.0049	-11.0878	2.1774	0.0038	-11.7046	-4.4756	AKTS +8.0;INFQ +6.1	AKTS +7.8;INFQ +6.1
rerun_grid	ALL	adr_150	3ADR|sma50_1x	B	33	15	0	0	0	0	0	0	-1.0000	-1.0000	-1.0000	-0.9358	-0.9358	-8.2300	-0.2494	-15.6940	-8.6418	-0.2619	-15.3595	-8.2725	-0.2507	-13.1029	-6.7203	-0.2036	-10.1775	-6.2762	-0.1902	-10.1554	-8.3954	QCOM +6.0;SEI +1.5	QCOM +2.6;SEI +0.8
rerun_grid	ALL	adr_150	3ADR|ema65_1x	A	593	234	0	0	0	0	0	0	-1.0000	-1.0000	-1.0000	-1.0000	-1.0000	-20.7402	-0.0350	-34.7402	-22.7448	-0.0384	-36.7448	-21.2928	-0.0359	-35.2928	-18.1678	-0.0306	-31.9722	-22.7924	-0.0384	-36.5968	-26.1852	AKTS +8.0;INFQ +6.0	AKTS +7.8;INFQ +6.0
rerun_grid	ALL	adr_150	3ADR|ema65_1x	A_disc	573	227	0	0	0	0	0	0	-1.0000	-1.0000	-1.0000	-1.0000	-1.0000	-17.6810	-0.0309	-31.6810	-19.4693	-0.0340	-33.4693	-18.6742	-0.0326	-32.6742	-14.5098	-0.0253	-28.3142	-18.2365	-0.0318	-32.0408	-23.1260	AKTS +8.0;INFQ +6.0	AKTS +7.8;INFQ +6.0
rerun_grid	ALL	adr_150	3ADR|ema65_1x	B	33	15	0	0	0	0	0	0	-1.0000	-1.0000	-1.0000	-0.9358	-0.9358	-7.5190	-0.2278	-14.9830	-8.0975	-0.2454	-14.8153	-7.7393	-0.2345	-12.5696	-6.4481	-0.1954	-9.9054	-6.0040	-0.1819	-9.8833	-7.6844	QCOM +6.0;SEI +1.5	QCOM +2.6;SEI +0.8
rerun_grid	ALL	adr_150	3ADR|hv21_50_noreclaim2	A	593	234	0	0	0	0	0	0	-1.0000	-1.0000	-1.0000	-1.0000	-1.0000	-48.2605	-0.0814	-64.2605	-50.0790	-0.0845	-66.0790	-48.1513	-0.0812	-62.4810	-44.4915	-0.0750	-58.6256	-47.7729	-0.0806	-63.5773	-67.0679	AKTS +8.0;ARM +8.0	AKTS +7.8;INFQ +6.3
rerun_grid	ALL	adr_150	3ADR|hv21_50_noreclaim2	A_disc	573	227	0	0	0	0	0	0	-1.0000	-1.0000	-1.0000	-1.0000	-1.0000	-41.4579	-0.0724	-57.4579	-43.0601	-0.0751	-59.0601	-42.4637	-0.0741	-56.7934	-37.7988	-0.0660	-51.9329	-39.9667	-0.0697	-55.7710	-50.2594	AKTS +8.0;ARM +8.0	AKTS +7.8;INFQ +6.3
rerun_grid	ALL	adr_150	3ADR|hv21_50_noreclaim2	B	33	15	0	0	0	0	0	0	-1.0000	-1.0000	-1.0000	-1.0000	-1.0000	-15.9424	-0.4831	-23.4064	-16.4926	-0.4998	-23.2103	-13.9571	-0.4229	-18.7875	-11.9559	-0.3623	-15.4131	-12.0567	-0.3654	-15.9360	-16.4236	QCOM +6.0;SEI +1.5	QCOM +2.6;SEI +0.8
rerun_grid	ALL	prior_low	none|none	A	408	224	22	192.5921	98.9910	94.2115	53.2966	53.2966	-1.0000	-1.0000	-1.0000	-1.0000	-1.0000	11.4071	0.0280	-51.3198	-11.2665	-0.0276	-33.5859	-11.1558	-0.0273	-31.4687	-12.4899	-0.0306	-23.6496	-15.3535	-0.0376	-26.5132	-10.9939	KURA +31.7;VOYG +31.0	COHU +5.9;MMYT +5.2
rerun_grid	ALL	prior_low	none|none	A_disc	393	217	22	192.5921	98.9910	94.2115	53.2966	53.2966	-1.0000	-1.0000	-1.0000	-1.0000	-1.0000	19.8340	0.0505	-42.8929	-6.5267	-0.0166	-28.8461	-6.8775	-0.0175	-27.1903	-9.4935	-0.0242	-20.6532	-12.2252	-0.0311	-23.3849	-2.5670	KURA +31.7;VOYG +31.0	COHU +5.9;MMYT +5.2
rerun_grid	ALL	prior_low	none|none	B	20	13	0	0	0	0	0	0	-1.0000	-1.0000	-0.9458	-0.7500	-0.9750	-14.7459	-0.7373	-15.4218	-9.9065	-0.4953	-10.7670	-8.3981	-0.4199	-9.2146	-5.4812	-0.2741	-6.3770	-5.8201	-0.2910	-6.7203	-16.0753	SEI +0.4;OKTA +0.2	OKTA +0.6;SEI +0.3
rerun_grid	ALL	prior_low	none|trail_sma10	A	408	224	19	159.8187	78.5088	75.7359	42.8551	42.8551	-1.0000	-1.0000	-1.0000	-1.0000	-1.0000	6.0254	0.0148	-56.7015	-10.7344	-0.0263	-29.5671	-13.1176	-0.0322	-31.9503	-10.1332	-0.0248	-19.8441	-10.3615	-0.0254	-20.0725	-15.5168	KURA +31.7;VOYG +31.0	MMYT +5.2;DFTX +4.5
rerun_grid	ALL	prior_low	none|trail_sma10	A_disc	393	217	19	159.8187	78.5088	75.7359	42.8551	42.8551	-1.0000	-1.0000	-1.0000	-1.0000	-1.0000	12.4544	0.0317	-50.2725	-7.9924	-0.0203	-26.8252	-10.5000	-0.0267	-29.3328	-8.7431	-0.0222	-18.4541	-8.9285	-0.0227	-18.6394	-9.0878	KURA +31.7;VOYG +31.0	MMYT +5.2;DFTX +4.5
rerun_grid	ALL	prior_low	none|trail_sma10	B	20	13	0	0	0	0	0	0	-1.0000	-1.0000	-0.9458	-0.7500	-0.9750	-14.8577	-0.7429	-14.4575	-10.1162	-0.5058	-10.0536	-8.8495	-0.4425	-8.7663	-5.8946	-0.2947	-5.8840	-6.2163	-0.3108	-6.2065	-16.1871	SEI +0.1;DG -0.5	SEI +0.1;PHVS -0.1
rerun_grid	ALL	prior_low	none|trail_sma20	A	408	224	20	168.8179	79.5778	76.8048	43.3896	43.3896	-1.0000	-1.0000	-1.0000	-1.0000	-1.0000	17.6250	0.0432	-45.1019	-8.0392	-0.0197	-26.8719	-11.9883	-0.0294	-30.8211	-7.7951	-0.0191	-17.5061	-7.1073	-0.0174	-16.8183	-0.0629	KURA +31.7;VOYG +31.0	MMYT +5.2;DFTX +4.5
rerun_grid	ALL	prior_low	none|trail_sma20	A_disc	393	217	20	168.8179	79.5778	76.8048	43.3896	43.3896	-1.0000	-1.0000	-1.0000	-1.0000	-1.0000	26.0519	0.0663	-36.6750	-3.2994	-0.0084	-22.1321	-7.7100	-0.0196	-26.5427	-4.7987	-0.0122	-14.5097	-3.9791	-0.0101	-13.6900	8.3640	KURA +31.7;VOYG +31.0	MMYT +5.2;DFTX +4.5
rerun_grid	ALL	prior_low	none|trail_sma20	B	20	13	0	0	0	0	0	0	-1.0000	-1.0000	-0.9458	-0.7500	-0.9750	-12.7272	-0.6364	-13.4031	-8.0122	-0.4006	-8.8727	-6.8789	-0.3439	-7.6954	-4.5340	-0.2267	-5.4298	-4.8730	-0.2436	-5.7732	-14.0566	SEI +0.4;OKTA +0.2	OKTA +0.6;SEI +0.3
rerun_grid	ALL	prior_low	none|trail_max10_20	A	408	224	20	168.8179	79.5778	76.8048	43.3896	43.3896	-1.0000	-1.0000	-1.0000	-1.0000	-1.0000	25.7819	0.0632	-36.9450	-3.5112	-0.0086	-22.3439	-7.3161	-0.0179	-26.1488	-6.3418	-0.0155	-16.0528	-5.6339	-0.0138	-15.3448	8.0940	KURA +31.7;VOYG +31.0	MMYT +5.2;DFTX +4.5
rerun_grid	ALL	prior_low	none|trail_max10_20	A_disc	393	217	20	168.8179	79.5778	76.8048	43.3896	43.3896	-1.0000	-1.0000	-1.0000	-1.0000	-1.0000	32.2109	0.0820	-30.5160	-0.7693	-0.0020	-19.6020	-4.6985	-0.0120	-23.5313	-4.9517	-0.0126	-14.6627	-4.2008	-0.0107	-13.9118	14.5230	KURA +31.7;VOYG +31.0	MMYT +5.2;DFTX +4.5
rerun_grid	ALL	prior_low	none|trail_max10_20	B	20	13	0	0	0	0	0	0	-1.0000	-1.0000	-0.9458	-0.7500	-0.9750	-13.7256	-0.6863	-13.8881	-9.0106	-0.4505	-9.1765	-8.0004	-0.4000	-8.1223	-5.3418	-0.2671	-5.4454	-5.6635	-0.2832	-5.7680	-15.0550	SEI +0.1;AGX +0.1	SEI +0.1;AGX +0.0
rerun_grid	ALL	prior_low	none|time_s3	A	408	224	21	186.6241	63.3305	59.3456	33.8096	34.6108	-1.0000	-1.0000	-1.0000	-1.0000	-1.0000	89.9455	0.2205	5.7605	26.4880	0.0649	6.9860	27.0474	0.0663	7.5453	25.3445	0.0621	14.0065	23.8783	0.0585	11.7390	68.6636	VOYG +54.1;KURA +30.1	VOYG +5.7;FTK +5.6
rerun_grid	ALL	prior_low	none|time_s3	A_disc	393	217	21	186.6241	63.3305	59.3456	33.8096	34.6108	-1.0000	-1.0000	-1.0000	-1.0000	-1.0000	87.4993	0.2226	3.3143	22.9738	0.0585	3.4718	23.2911	0.0593	3.7890	22.0841	0.0562	10.7461	20.6970	0.0527	8.5577	66.2174	VOYG +54.1;KURA +30.1	VOYG +5.7;FTK +5.6
rerun_grid	ALL	prior_low	none|time_s3	B	20	13	0	0	0	0	0	0	-1.0000	-1.0000	-0.9458	-0.7500	-0.9750	-13.0539	-0.6527	-15.3397	-9.2079	-0.4604	-10.8404	-7.8276	-0.3914	-9.4295	-5.5502	-0.2775	-6.3664	-5.8621	-0.2931	-6.6783	-14.3833	DG +2.7;ROIV -0.4	DG +0.9;PHVS -0.1
rerun_grid	ALL	prior_low	none|time_s5	A	408	224	17	150.2093	61.7526	56.4390	33.8358	34.9548	-1.0000	-1.0000	-1.0000	-1.0000	-1.0000	20.9453	0.0513	-55.4061	-8.2842	-0.0203	-30.1879	-6.2849	-0.0154	-27.8917	-1.1807	-0.0029	-14.7343	-3.9050	-0.0096	-18.5776	-0.5986	VOYG +54.1;KURA +22.3	FTK +7.8;VOYG +5.7
rerun_grid	ALL	prior_low	none|time_s5	A_disc	393	217	17	150.2093	61.7526	56.4390	33.8358	34.9548	-1.0000	-1.0000	-1.0000	-1.0000	-1.0000	24.9408	0.0635	-51.4106	-7.9785	-0.0203	-29.8821	-6.5027	-0.0165	-28.1096	-2.5962	-0.0066	-16.1498	-5.1887	-0.0132	-19.8613	3.3969	VOYG +54.1;KURA +22.3	FTK +7.8;VOYG +5.7
rerun_grid	ALL	prior_low	none|time_s5	B	20	13	0	0	0	0	0	0	-1.0000	-1.0000	-0.9458	-0.7500	-0.9750	-14.2893	-0.7145	-15.2234	-9.9300	-0.4965	-10.4956	-8.4790	-0.4239	-9.0680	-5.7980	-0.2899	-6.0748	-6.1250	-0.3062	-6.4017	-15.6187	DG +1.1;SEI -0.1	DG +0.3;PHVS -0.1
rerun_grid	ALL	prior_low	none|time_s10	A	408	224	22	192.5921	98.9910	94.2115	53.2966	53.2966	-1.0000	-1.0000	-1.0000	-1.0000	-1.0000	11.4071	0.0280	-51.3198	-11.2665	-0.0276	-33.5859	-11.1558	-0.0273	-31.4687	-12.4899	-0.0306	-23.6496	-15.3535	-0.0376	-26.5132	-10.9939	KURA +31.7;VOYG +31.0	COHU +5.9;MMYT +5.2
rerun_grid	ALL	prior_low	none|time_s10	A_disc	393	217	22	192.5921	98.9910	94.2115	53.2966	53.2966	-1.0000	-1.0000	-1.0000	-1.0000	-1.0000	19.8340	0.0505	-42.8929	-6.5267	-0.0166	-28.8461	-6.8775	-0.0175	-27.1903	-9.4935	-0.0242	-20.6532	-12.2252	-0.0311	-23.3849	-2.5670	KURA +31.7;VOYG +31.0	COHU +5.9;MMYT +5.2
rerun_grid	ALL	prior_low	none|time_s10	B	20	13	0	0	0	0	0	0	-1.0000	-1.0000	-0.9458	-0.7500	-0.9750	-14.7459	-0.7373	-15.4218	-9.9065	-0.4953	-10.7670	-8.3981	-0.4199	-9.2146	-5.4812	-0.2741	-6.3770	-5.8201	-0.2910	-6.7203	-16.0753	SEI +0.4;OKTA +0.2	OKTA +0.6;SEI +0.3
rerun_grid	ALL	prior_low	none|sma21_2x	A	408	224	22	192.5921	98.9910	94.2115	53.2966	53.2966	-1.0000	-1.0000	-1.0000	-1.0000	-1.0000	22.3920	0.0549	-40.3349	-1.4034	-0.0034	-23.7228	-4.0082	-0.0098	-24.3210	-5.5552	-0.0136	-16.7149	-6.2105	-0.0152	-17.3702	0.9733	KURA +31.7;VOYG +31.0	COHU +5.9;MMYT +5.2
rerun_grid	ALL	prior_low	none|sma21_2x	A_disc	393	217	22	192.5921	98.9910	94.2115	53.2966	53.2966	-1.0000	-1.0000	-1.0000	-1.0000	-1.0000	30.8189	0.0784	-31.9080	3.3364	0.0085	-18.9830	0.2701	0.0007	-20.0427	-2.5588	-0.0065	-13.7185	-3.0823	-0.0078	-14.2420	9.4002	KURA +31.7;VOYG +31.0	COHU +5.9;MMYT +5.2
rerun_grid	ALL	prior_low	none|sma21_2x	B	20	13	0	0	0	0	0	0	-1.0000	-1.0000	-0.9458	-0.7500	-0.9750	-13.5774	-0.6789	-14.2533	-8.7236	-0.4362	-9.5841	-7.4531	-0.3727	-8.2697	-4.8897	-0.2445	-5.7855	-5.2287	-0.2614	-6.1288	-14.9068	SEI +0.4;OKTA +0.2	OKTA +0.6;SEI +0.3
rerun_grid	ALL	prior_low	none|ema23_2x	A	408	224	21	172.9758	88.7978	86.0249	48.2000	48.2000	-1.0000	-1.0000	-1.0000	-1.0000	-1.0000	3.8909	0.0095	-58.8360	-10.4597	-0.0256	-29.3573	-11.6295	-0.0285	-30.5271	-10.2805	-0.0252	-19.9915	-10.9359	-0.0268	-20.6468	-17.3371	KURA +31.7;VOYG +31.0	MMYT +5.2;DFTX +4.5
rerun_grid	ALL	prior_low	none|ema23_2x	A_disc	393	217	21	172.9758	88.7978	86.0249	48.2000	48.2000	-1.0000	-1.0000	-1.0000	-1.0000	-1.0000	12.3178	0.0313	-50.4091	-5.7199	-0.0146	-24.6174	-7.3512	-0.0187	-26.2488	-7.2841	-0.0185	-16.9951	-7.8076	-0.0199	-17.5186	-8.9102	KURA +31.7;VOYG +31.0	MMYT +5.2;DFTX +4.5
rerun_grid	ALL	prior_low	none|ema23_2x	B	20	13	0	0	0	0	0	0	-1.0000	-1.0000	-0.9458	-0.7500	-0.9750	-13.5774	-0.6789	-14.2533	-8.7236	-0.4362	-9.5841	-7.4531	-0.3727	-8.2697	-4.8897	-0.2445	-5.7855	-5.2287	-0.2614	-6.1288	-14.9068	SEI +0.4;OKTA +0.2	OKTA +0.6;SEI +0.3
rerun_grid	ALL	prior_low	none|sma50_1x	A	408	224	20	163.7752	79.8421	77.0692	43.5217	43.5217	-1.0000	-1.0000	-1.0000	-1.0000	-1.0000	12.6882	0.0311	-50.0387	-8.5376	-0.0209	-27.3704	-9.4848	-0.0232	-28.3175	-8.8086	-0.0216	-18.5195	-8.4008	-0.0206	-18.1117	-2.4538	KURA +31.7;VOYG +31.0	MMYT +5.2;DFTX +4.5
rerun_grid	ALL	prior_low	none|sma50_1x	A_disc	393	217	20	163.7752	79.8421	77.0692	43.5217	43.5217	-1.0000	-1.0000	-1.0000	-1.0000	-1.0000	21.1151	0.0537	-41.6118	-3.7978	-0.0097	-22.6305	-5.2064	-0.0132	-24.0392	-5.8122	-0.0148	-15.5231	-5.2725	-0.0134	-14.9835	5.9731	KURA +31.7;VOYG +31.0	MMYT +5.2;DFTX +4.5
rerun_grid	ALL	prior_low	none|sma50_1x	B	20	13	0	0	0	0	0	0	-1.0000	-1.0000	-0.9458	-0.7500	-0.9750	-13.4693	-0.6735	-14.1452	-8.5151	-0.4258	-9.3755	-7.3721	-0.3686	-8.1886	-4.7854	-0.2393	-5.6812	-5.1244	-0.2562	-6.0246	-14.7987	SEI +0.4;OKTA +0.2	OKTA +0.6;SEI +0.3
rerun_grid	ALL	prior_low	none|ema65_1x	A	408	224	19	148.6338	69.8663	67.0933	38.5338	38.5338	-1.0000	-1.0000	-1.0000	-1.0000	-1.0000	-5.5022	-0.0135	-68.2291	-20.3941	-0.0500	-35.6509	-23.0895	-0.0566	-38.3463	-15.6867	-0.0384	-24.6330	-15.5297	-0.0381	-24.4760	-20.5542	KURA +31.7;VOYG +31.0	DFTX +4.5;FPS +4.5
rerun_grid	ALL	prior_low	none|ema65_1x	A_disc	393	217	19	148.6338	69.8663	67.0933	38.5338	38.5338	-1.0000	-1.0000	-1.0000	-1.0000	-1.0000	2.9247	0.0074	-59.8022	-15.6542	-0.0398	-30.9111	-18.8112	-0.0479	-34.0680	-12.6903	-0.0323	-21.6366	-12.4014	-0.0316	-21.3478	-12.1273	KURA +31.7;VOYG +31.0	DFTX +4.5;FPS +4.5
rerun_grid	ALL	prior_low	none|ema65_1x	B	20	13	0	0	0	0	0	0	-1.0000	-1.0000	-0.9458	-0.7500	-0.9750	-12.6661	-0.6333	-13.3420	-7.9708	-0.3985	-8.8313	-6.8383	-0.3419	-7.6548	-4.5133	-0.2257	-5.4091	-4.8523	-0.2426	-5.7525	-13.9955	SEI +0.4;OKTA +0.2	OKTA +0.6;SEI +0.3
rerun_grid	ALL	prior_low	none|hv21_50_noreclaim2	A	408	224	22	192.5921	98.9910	94.2115	53.2966	53.2966	-1.0000	-1.0000	-1.0000	-1.0000	-1.0000	11.4071	0.0280	-51.3198	-11.2665	-0.0276	-33.5859	-11.1558	-0.0273	-31.4687	-12.4899	-0.0306	-23.6496	-15.3535	-0.0376	-26.5132	-10.9939	KURA +31.7;VOYG +31.0	COHU +5.9;MMYT +5.2
rerun_grid	ALL	prior_low	none|hv21_50_noreclaim2	A_disc	393	217	22	192.5921	98.9910	94.2115	53.2966	53.2966	-1.0000	-1.0000	-1.0000	-1.0000	-1.0000	19.8340	0.0505	-42.8929	-6.5267	-0.0166	-28.8461	-6.8775	-0.0175	-27.1903	-9.4935	-0.0242	-20.6532	-12.2252	-0.0311	-23.3849	-2.5670	KURA +31.7;VOYG +31.0	COHU +5.9;MMYT +5.2
rerun_grid	ALL	prior_low	none|hv21_50_noreclaim2	B	20	13	0	0	0	0	0	0	-1.0000	-1.0000	-0.9458	-0.7500	-0.9750	-14.7459	-0.7373	-15.4218	-9.9065	-0.4953	-10.7670	-8.3981	-0.4199	-9.2146	-5.4812	-0.2741	-6.3770	-5.8201	-0.2910	-6.7203	-16.0753	SEI +0.4;OKTA +0.2	OKTA +0.6;SEI +0.3
rerun_grid	ALL	prior_low	1R|none	A	408	224	0	0	0	0	0	0	-1.0000	-1.0000	-1.0000	-1.0000	-1.0000	-3.0952	-0.0076	-8.3902	9.9870	0.0245	4.8023	8.2299	0.0202	3.0452	13.4448	0.0330	8.6902	13.1518	0.0322	8.3972	-18.2866	DCTH +3.0;CRMD +2.3	DCTH +2.8;ALAB +2.0
rerun_grid	ALL	prior_low	1R|none	A_disc	393	217	0	0	0	0	0	0	-1.0000	-1.0000	-1.0000	-1.0000	-1.0000	-2.4279	-0.0062	-7.7229	8.5863	0.0218	3.4017	6.5966	0.0168	1.4119	12.2253	0.0311	7.4707	12.0641	0.0307	7.3095	-17.6193	DCTH +3.0;CRMD +2.3	DCTH +2.8;ALAB +2.0
rerun_grid	ALL	prior_low	1R|none	B	20	13	0	0	0	0	0	0	-1.0000	-1.0000	-0.9458	-0.7500	-0.9750	-8.0000	-0.4000	-11.0000	-5.6559	-0.2828	-8.0356	-4.5798	-0.2290	-6.6793	-3.2838	-0.1642	-4.7236	-3.6171	-0.1809	-5.0670	-9.3294	DG +2.0;SEI +1.0	SEI +0.8;DG +0.7
rerun_grid	ALL	prior_low	1R|trail_sma10	A	408	224	0	0	0	0	0	0	-1.0000	-1.0000	-1.0000	-1.0000	-1.0000	8.3518	0.0205	3.2295	20.7397	0.0508	15.7277	17.2399	0.0423	12.2279	22.3032	0.0547	17.5486	22.9422	0.0562	18.1875	-6.1928	DCTH +3.0;CRMD +2.1	DCTH +2.8;ALAB +2.0
rerun_grid	ALL	prior_low	1R|trail_sma10	A_disc	393	217	0	0	0	0	0	0	-1.0000	-1.0000	-1.0000	-1.0000	-1.0000	7.6221	0.0194	2.4998	17.9421	0.0457	12.9301	14.5467	0.0370	9.5347	20.0021	0.0509	15.2474	20.6840	0.0526	15.9294	-6.9225	DCTH +3.0;CRMD +2.1	DCTH +2.8;ALAB +2.0
rerun_grid	ALL	prior_low	1R|trail_sma10	B	20	13	0	0	0	0	0	0	-1.0000	-1.0000	-0.9458	-0.7500	-0.9750	-9.4575	-0.4729	-12.4575	-6.9829	-0.3491	-9.3626	-5.9860	-0.2993	-8.0856	-4.0986	-0.2049	-5.5384	-4.4111	-0.2206	-5.8610	-10.7869	DG +2.0;SEI +1.0	SEI +0.8;DG +0.7
rerun_grid	ALL	prior_low	1R|trail_sma20	A	408	224	0	0	0	0	0	0	-1.0000	-1.0000	-1.0000	-1.0000	-1.0000	2.1754	0.0053	-3.1196	14.5569	0.0357	9.3723	10.4851	0.0257	5.3004	17.1503	0.0420	12.3957	18.3865	0.0451	13.6319	-12.1791	DCTH +3.0;CRMD +2.3	DCTH +2.8;ALAB +2.0
rerun_grid	ALL	prior_low	1R|trail_sma20	A_disc	393	217	0	0	0	0	0	0	-1.0000	-1.0000	-1.0000	-1.0000	-1.0000	2.8427	0.0072	-2.4523	13.1563	0.0335	7.9716	8.8518	0.0225	3.6671	15.9308	0.0405	11.1762	17.2989	0.0440	12.5443	-11.5118	DCTH +3.0;CRMD +2.3	DCTH +2.8;ALAB +2.0
rerun_grid	ALL	prior_low	1R|trail_sma20	B	20	13	0	0	0	0	0	0	-1.0000	-1.0000	-0.9458	-0.7500	-0.9750	-7.9202	-0.3960	-10.9202	-5.4722	-0.2736	-7.8518	-4.5199	-0.2260	-6.6195	-3.1919	-0.1596	-4.6318	-3.5252	-0.1763	-4.9751	-9.2496	DG +2.0;SEI +1.0	SEI +0.8;DG +0.7
rerun_grid	ALL	prior_low	1R|trail_max10_20	A	408	224	0	0	0	0	0	0	-1.0000	-1.0000	-1.0000	-1.0000	-1.0000	7.0053	0.0172	1.8830	19.9621	0.0489	14.9501	15.5259	0.0381	10.5140	21.7196	0.0532	16.9649	23.2948	0.0571	18.5402	-7.3492	DCTH +3.0;CRMD +2.1	DCTH +2.8;ALAB +2.0
rerun_grid	ALL	prior_low	1R|trail_max10_20	A_disc	393	217	0	0	0	0	0	0	-1.0000	-1.0000	-1.0000	-1.0000	-1.0000	6.2756	0.0160	1.1533	17.1644	0.0437	12.1525	12.8327	0.0327	7.8208	19.4184	0.0494	14.6638	21.0367	0.0535	16.2821	-8.0789	DCTH +3.0;CRMD +2.1	DCTH +2.8;ALAB +2.0
rerun_grid	ALL	prior_low	1R|trail_max10_20	B	20	13	0	0	0	0	0	0	-1.0000	-1.0000	-0.9458	-0.7500	-0.9750	-8.3254	-0.4163	-11.3254	-5.8774	-0.2939	-8.2570	-5.1370	-0.2568	-7.2365	-3.5458	-0.1773	-4.9857	-3.8584	-0.1929	-5.3082	-9.6548	DG +2.0;SEI +1.0	SEI +0.8;DG +0.7
rerun_grid	ALL	prior_low	1R|time_s3	A	408	224	0	0	0	0	0	0	-1.0000	-1.0000	-1.0000	-1.0000	-1.0000	5.1333	0.0126	-0.3943	18.5940	0.0456	13.1848	20.0268	0.0491	14.6176	24.4655	0.0600	19.7109	23.1997	0.0569	18.1919	-9.1510	DCTH +3.0;BW +2.5	DCTH +2.8;ALOY +2.0
rerun_grid	ALL	prior_low	1R|time_s3	A_disc	393	217	0	0	0	0	0	0	-1.0000	-1.0000	-1.0000	-1.0000	-1.0000	3.1387	0.0080	-2.3889	14.5315	0.0370	9.1223	15.9316	0.0405	10.5224	20.8303	0.0530	16.0757	19.6436	0.0500	14.6358	-11.1456	DCTH +3.0;BW +2.5	DCTH +2.8;ALOY +2.0
rerun_grid	ALL	prior_low	1R|time_s3	B	20	13	0	0	0	0	0	0	-1.0000	-1.0000	-0.9458	-0.7500	-0.9750	-7.8767	-0.3938	-10.8767	-5.5326	-0.2766	-7.9123	-4.8630	-0.2432	-6.9626	-3.2534	-0.1627	-4.6932	-3.5468	-0.1773	-4.9967	-9.2061	DG +2.0;SEI +1.0	SEI +0.8;DG +0.7
rerun_grid	ALL	prior_low	1R|time_s5	A	408	224	0	0	0	0	0	0	-1.0000	-1.0000	-1.0000	-1.0000	-1.0000	0.5385	0.0013	-5.0155	13.9339	0.0342	8.4903	15.3003	0.0375	9.8566	19.4619	0.0477	14.7073	17.8416	0.0437	12.8209	-13.8358	DCTH +3.0;CRMD +2.6	DCTH +2.8;ALAB +2.0
rerun_grid	ALL	prior_low	1R|time_s5	A_disc	393	217	0	0	0	0	0	0	-1.0000	-1.0000	-1.0000	-1.0000	-1.0000	-0.7385	-0.0019	-6.2925	10.5890	0.0269	5.1453	11.7227	0.0298	6.2790	16.2611	0.0414	11.5065	14.7726	0.0376	9.7519	-15.1128	DCTH +3.0;CRMD +2.6	DCTH +2.8;ALAB +2.0
rerun_grid	ALL	prior_low	1R|time_s5	B	20	13	0	0	0	0	0	0	-1.0000	-1.0000	-0.9458	-0.7500	-0.9750	-8.2234	-0.4112	-11.2234	-5.8793	-0.2940	-8.2590	-4.9839	-0.2492	-7.0834	-3.4894	-0.1745	-4.9292	-3.8050	-0.1902	-5.2549	-9.5528	DG +2.0;SEI +1.0	SEI +0.8;DG +0.7
rerun_grid	ALL	prior_low	1R|time_s10	A	408	224	0	0	0	0	0	0	-1.0000	-1.0000	-1.0000	-1.0000	-1.0000	-3.0952	-0.0076	-8.3902	9.9870	0.0245	4.8023	8.2299	0.0202	3.0452	13.4448	0.0330	8.6902	13.1518	0.0322	8.3972	-18.2866	DCTH +3.0;CRMD +2.3	DCTH +2.8;ALAB +2.0
rerun_grid	ALL	prior_low	1R|time_s10	A_disc	393	217	0	0	0	0	0	0	-1.0000	-1.0000	-1.0000	-1.0000	-1.0000	-2.4279	-0.0062	-7.7229	8.5863	0.0218	3.4017	6.5966	0.0168	1.4119	12.2253	0.0311	7.4707	12.0641	0.0307	7.3095	-17.6193	DCTH +3.0;CRMD +2.3	DCTH +2.8;ALAB +2.0
rerun_grid	ALL	prior_low	1R|time_s10	B	20	13	0	0	0	0	0	0	-1.0000	-1.0000	-0.9458	-0.7500	-0.9750	-8.0000	-0.4000	-11.0000	-5.6559	-0.2828	-8.0356	-4.5798	-0.2290	-6.6793	-3.2838	-0.1642	-4.7236	-3.6171	-0.1809	-5.0670	-9.3294	DG +2.0;SEI +1.0	SEI +0.8;DG +0.7
rerun_grid	ALL	prior_low	1R|sma21_2x	A	408	224	0	0	0	0	0	0	-1.0000	-1.0000	-1.0000	-1.0000	-1.0000	0.5607	0.0014	-4.7343	13.1631	0.0323	7.9784	10.5798	0.0259	5.3951	16.0170	0.0393	11.2624	16.4148	0.0402	11.6602	-14.5407	DCTH +3.0;CRMD +2.3	DCTH +2.8;ALAB +2.0
rerun_grid	ALL	prior_low	1R|sma21_2x	A_disc	393	217	0	0	0	0	0	0	-1.0000	-1.0000	-1.0000	-1.0000	-1.0000	1.2280	0.0031	-4.0670	11.7625	0.0299	6.5778	8.9465	0.0228	3.7618	14.7975	0.0377	10.0429	15.3272	0.0390	10.5725	-13.8734	DCTH +3.0;CRMD +2.3	DCTH +2.8;ALAB +2.0
rerun_grid	ALL	prior_low	1R|sma21_2x	B	20	13	0	0	0	0	0	0	-1.0000	-1.0000	-0.9458	-0.7500	-0.9750	-8.0000	-0.4000	-11.0000	-5.6559	-0.2828	-8.0356	-4.5798	-0.2290	-6.6793	-3.2838	-0.1642	-4.7236	-3.6171	-0.1809	-5.0670	-9.3294	DG +2.0;SEI +1.0	SEI +0.8;DG +0.7
rerun_grid	ALL	prior_low	1R|ema23_2x	A	408	224	0	0	0	0	0	0	-1.0000	-1.0000	-1.0000	-1.0000	-1.0000	-1.2563	-0.0031	-6.5513	11.8238	0.0290	6.6391	9.1024	0.0223	3.9178	14.9172	0.0366	10.1626	15.3151	0.0375	10.5605	-16.1670	DCTH +3.0;CRMD +2.3	DCTH +2.8;ALAB +2.0
rerun_grid	ALL	prior_low	1R|ema23_2x	A_disc	393	217	0	0	0	0	0	0	-1.0000	-1.0000	-1.0000	-1.0000	-1.0000	-0.5890	-0.0015	-5.8840	10.4231	0.0265	5.2385	7.4692	0.0190	2.2845	13.6978	0.0349	8.9431	14.2274	0.0362	9.4728	-15.4997	DCTH +3.0;CRMD +2.3	DCTH +2.8;ALAB +2.0
rerun_grid	ALL	prior_low	1R|ema23_2x	B	20	13	0	0	0	0	0	0	-1.0000	-1.0000	-0.9458	-0.7500	-0.9750	-8.0000	-0.4000	-11.0000	-5.6559	-0.2828	-8.0356	-4.5798	-0.2290	-6.6793	-3.2838	-0.1642	-4.7236	-3.6171	-0.1809	-5.0670	-9.3294	DG +2.0;SEI +1.0	SEI +0.8;DG +0.7
rerun_grid	ALL	prior_low	1R|sma50_1x	A	408	224	0	0	0	0	0	0	-1.0000	-1.0000	-1.0000	-1.0000	-1.0000	-8.0666	-0.0198	-13.3616	4.4102	0.0108	-0.7745	2.7218	0.0067	-2.4628	9.8688	0.0242	5.1141	11.0742	0.0271	6.3196	-22.2975	DCTH +3.0;CRMD +2.3	DCTH +2.8;ALAB +2.0
rerun_grid	ALL	prior_low	1R|sma50_1x	A_disc	393	217	0	0	0	0	0	0	-1.0000	-1.0000	-1.0000	-1.0000	-1.0000	-7.3993	-0.0188	-12.6943	3.0095	0.0077	-2.1752	1.0886	0.0028	-4.0961	8.6493	0.0220	3.8946	9.9866	0.0254	5.2320	-21.6302	DCTH +3.0;CRMD +2.3	DCTH +2.8;ALAB +2.0
rerun_grid	ALL	prior_low	1R|sma50_1x	B	20	13	0	0	0	0	0	0	-1.0000	-1.0000	-0.9458	-0.7500	-0.9750	-7.9202	-0.3960	-10.9202	-5.4722	-0.2736	-7.8518	-4.5199	-0.2260	-6.6195	-3.1919	-0.1596	-4.6318	-3.5252	-0.1763	-4.9751	-9.2496	DG +2.0;SEI +1.0	SEI +0.8;DG +0.7
rerun_grid	ALL	prior_low	1R|ema65_1x	A	408	224	0	0	0	0	0	0	-1.0000	-1.0000	-1.0000	-1.0000	-1.0000	-7.3587	-0.0180	-12.6537	6.5624	0.0161	1.3777	2.6034	0.0064	-2.5813	10.3555	0.0254	5.6008	11.7888	0.0289	7.0342	-21.4996	DCTH +3.0;CRMD +2.3	DCTH +2.8;ALAB +2.0
rerun_grid	ALL	prior_low	1R|ema65_1x	A_disc	393	217	0	0	0	0	0	0	-1.0000	-1.0000	-1.0000	-1.0000	-1.0000	-6.6914	-0.0170	-11.9864	5.1618	0.0131	-0.0229	0.9701	0.0025	-4.2146	9.1360	0.0232	4.3814	10.7011	0.0272	5.9465	-20.8323	DCTH +3.0;CRMD +2.3	DCTH +2.8;ALAB +2.0
rerun_grid	ALL	prior_low	1R|ema65_1x	B	20	13	0	0	0	0	0	0	-1.0000	-1.0000	-0.9458	-0.7500	-0.9750	-7.9202	-0.3960	-10.9202	-5.4722	-0.2736	-7.8518	-4.5199	-0.2260	-6.6195	-3.1919	-0.1596	-4.6318	-3.5252	-0.1763	-4.9751	-9.2496	DG +2.0;SEI +1.0	SEI +0.8;DG +0.7
rerun_grid	ALL	prior_low	1R|hv21_50_noreclaim2	A	408	224	0	0	0	0	0	0	-1.0000	-1.0000	-1.0000	-1.0000	-1.0000	-3.0952	-0.0076	-8.3902	9.9870	0.0245	4.8023	8.2299	0.0202	3.0452	13.4448	0.0330	8.6902	13.1518	0.0322	8.3972	-18.2866	DCTH +3.0;CRMD +2.3	DCTH +2.8;ALAB +2.0
rerun_grid	ALL	prior_low	1R|hv21_50_noreclaim2	A_disc	393	217	0	0	0	0	0	0	-1.0000	-1.0000	-1.0000	-1.0000	-1.0000	-2.4279	-0.0062	-7.7229	8.5863	0.0218	3.4017	6.5966	0.0168	1.4119	12.2253	0.0311	7.4707	12.0641	0.0307	7.3095	-17.6193	DCTH +3.0;CRMD +2.3	DCTH +2.8;ALAB +2.0
rerun_grid	ALL	prior_low	1R|hv21_50_noreclaim2	B	20	13	0	0	0	0	0	0	-1.0000	-1.0000	-0.9458	-0.7500	-0.9750	-8.0000	-0.4000	-11.0000	-5.6559	-0.2828	-8.0356	-4.5798	-0.2290	-6.6793	-3.2838	-0.1642	-4.7236	-3.6171	-0.1809	-5.0670	-9.3294	DG +2.0;SEI +1.0	SEI +0.8;DG +0.7
rerun_grid	ALL	prior_low	2R|none	A	408	224	0	0	0	0	0	0	-1.0000	-1.0000	-1.0000	-1.0000	-1.0000	-4.7940	-0.0117	-12.7940	-9.5057	-0.0233	-17.5057	-8.2308	-0.0202	-16.2308	-3.8131	-0.0093	-11.0889	-5.4622	-0.0134	-12.8933	-21.7435	ALOY +4.0;BBWI +4.0	ALOY +4.0;DCTH +3.3
rerun_grid	ALL	prior_low	2R|none	A_disc	393	217	0	0	0	0	0	0	-1.0000	-1.0000	-1.0000	-1.0000	-1.0000	-2.3671	-0.0060	-10.3671	-8.3486	-0.0212	-16.3486	-7.4516	-0.0190	-15.4516	-2.6080	-0.0066	-9.8839	-4.1254	-0.0105	-11.5564	-19.3166	ALOY +4.0;BBWI +4.0	ALOY +4.0;DCTH +3.3
rerun_grid	ALL	prior_low	2R|none	B	20	13	0	0	0	0	0	0	-1.0000	-1.0000	-0.9458	-0.7500	-0.9750	-12.6419	-0.6321	-14.7616	-8.6451	-0.4323	-10.0338	-7.1366	-0.3568	-8.5858	-4.8504	-0.2425	-5.8937	-5.1894	-0.2595	-6.2327	-13.9713	DG +1.7;SEI +0.4	OKTA +0.6;DG +0.5
rerun_grid	ALL	prior_low	2R|trail_sma10	A	408	224	0	0	0	0	0	0	-1.0000	-1.0000	-1.0000	-1.0000	-1.0000	1.6708	0.0041	-6.3292	-1.7918	-0.0044	-9.7918	-3.8212	-0.0094	-11.8212	3.4351	0.0084	-3.5649	4.1245	0.0101	-3.3065	-14.4199	ALOY +4.0;BBWI +4.0	ALOY +4.0;FTK +3.0
rerun_grid	ALL	prior_low	2R|trail_sma10	A_disc	393	217	0	0	0	0	0	0	-1.0000	-1.0000	-1.0000	-1.0000	-1.0000	2.0998	0.0053	-5.9002	-2.6325	-0.0067	-10.6325	-4.7029	-0.0120	-12.7029	3.0338	0.0077	-3.9662	3.7662	0.0096	-3.6648	-13.9909	ALOY +4.0;BBWI +4.0	ALOY +4.0;FTK +3.0
rerun_grid	ALL	prior_low	2R|trail_sma10	B	20	13	0	0	0	0	0	0	-1.0000	-1.0000	-0.9458	-0.7500	-0.9750	-12.7190	-0.6360	-14.4575	-8.8339	-0.4417	-9.8472	-7.5672	-0.3784	-8.5702	-5.2534	-0.2627	-5.7807	-5.5751	-0.2788	-6.1033	-14.0484	DG +1.7;SEI +0.1	DG +0.5;SEI +0.1
rerun_grid	ALL	prior_low	2R|trail_sma20	A	408	224	0	0	0	0	0	0	-1.0000	-1.0000	-1.0000	-1.0000	-1.0000	2.9098	0.0071	-5.0902	-2.2356	-0.0055	-10.2356	-6.1218	-0.0150	-14.1218	2.2148	0.0054	-5.0610	3.9638	0.0097	-3.4672	-12.6904	ALOY +4.0;BBWI +4.0	ALOY +4.0;DCTH +3.3
rerun_grid	ALL	prior_low	2R|trail_sma20	A_disc	393	217	0	0	0	0	0	0	-1.0000	-1.0000	-1.0000	-1.0000	-1.0000	5.3367	0.0136	-2.6633	-1.0785	-0.0027	-9.0785	-5.3426	-0.0136	-13.3426	3.4199	0.0087	-3.8560	5.3007	0.0135	-2.1303	-10.2635	ALOY +4.0;BBWI +4.0	ALOY +4.0;DCTH +3.3
rerun_grid	ALL	prior_low	2R|trail_sma20	B	20	13	0	0	0	0	0	0	-1.0000	-1.0000	-0.9458	-0.7500	-0.9750	-10.5885	-0.5294	-12.6818	-6.7299	-0.3365	-8.0980	-5.5966	-0.2798	-7.0260	-3.8929	-0.1946	-4.9258	-4.2318	-0.2116	-5.2648	-11.9179	DG +1.7;SEI +0.4	OKTA +0.6;DG +0.5
rerun_grid	ALL	prior_low	2R|trail_max10_20	A	408	224	0	0	0	0	0	0	-1.0000	-1.0000	-1.0000	-1.0000	-1.0000	3.3454	0.0082	-4.6546	0.2935	0.0007	-7.7065	-3.1577	-0.0077	-11.1577	4.6063	0.0113	-2.3937	6.2321	0.0153	-1.1989	-12.2548	ALOY +4.0;BBWI +4.0	ALOY +4.0;FTK +3.0
rerun_grid	ALL	prior_low	2R|trail_max10_20	A_disc	393	217	0	0	0	0	0	0	-1.0000	-1.0000	-1.0000	-1.0000	-1.0000	3.7744	0.0096	-4.2256	-0.5473	-0.0014	-8.5473	-4.0393	-0.0103	-12.0393	4.2051	0.0107	-2.7949	5.8738	0.0149	-1.5573	-11.8258	ALOY +4.0;BBWI +4.0	ALOY +4.0;FTK +3.0
rerun_grid	ALL	prior_low	2R|trail_max10_20	B	20	13	0	0	0	0	0	0	-1.0000	-1.0000	-0.9458	-0.7500	-0.9750	-11.5869	-0.5793	-13.3254	-7.7283	-0.3864	-8.7421	-6.7181	-0.3359	-7.7211	-4.7006	-0.2350	-5.2280	-5.0224	-0.2511	-5.5505	-12.9163	DG +1.7;SEI +0.1	DG +0.5;SEI +0.1
rerun_grid	ALL	prior_low	2R|time_s3	A	408	224	0	0	0	0	0	0	-1.0000	-1.0000	-1.0000	-1.0000	-1.0000	19.8142	0.0486	11.3737	16.9554	0.0416	9.1859	18.8521	0.0462	11.3141	22.4147	0.0549	16.1964	20.8667	0.0511	14.1118	3.9838	BLZE +4.4;BBWI +4.0	DCTH +3.2;FTK +3.0
rerun_grid	ALL	prior_low	2R|time_s3	A_disc	393	217	0	0	0	0	0	0	-1.0000	-1.0000	-1.0000	-1.0000	-1.0000	17.0760	0.0435	8.6355	12.9459	0.0329	5.1764	14.6293	0.0372	7.0913	18.9067	0.0481	12.6883	17.4377	0.0444	10.6829	1.2456	BLZE +4.4;BBWI +4.0	DCTH +3.2;FTK +3.0
rerun_grid	ALL	prior_low	2R|time_s3	B	20	13	0	0	0	0	0	0	-1.0000	-1.0000	-0.9458	-0.7500	-0.9750	-12.6992	-0.6350	-15.3397	-8.9953	-0.4498	-10.8404	-7.6150	-0.3807	-9.4295	-5.4439	-0.2722	-6.3664	-5.7558	-0.2878	-6.6783	-14.0286	DG +3.0;ROIV -0.4	DG +1.0;PHVS -0.1
rerun_grid	ALL	prior_low	2R|time_s5	A	408	224	0	0	0	0	0	0	-1.0000	-1.0000	-1.0000	-1.0000	-1.0000	9.9155	0.0243	1.9155	4.8637	0.0119	-2.9058	8.3825	0.0205	0.8445	10.7818	0.0264	5.2450	7.9850	0.0196	1.1959	-6.1769	BBWI +4.0;CGEM +4.0	FTK +3.0;ALAB +2.5
rerun_grid	ALL	prior_low	2R|time_s5	A_disc	393	217	0	0	0	0	0	0	-1.0000	-1.0000	-1.0000	-1.0000	-1.0000	7.9110	0.0201	-0.0890	1.5867	0.0040	-6.1828	4.6655	0.0119	-2.8725	7.5749	0.0193	2.0381	4.9099	0.0125	-1.8791	-8.1814	BBWI +4.0;CGEM +4.0	FTK +3.0;ALAB +2.5
rerun_grid	ALL	prior_low	2R|time_s5	B	20	13	0	0	0	0	0	0	-1.0000	-1.0000	-0.9458	-0.7500	-0.9750	-13.0306	-0.6515	-15.2234	-9.1753	-0.4588	-10.4956	-7.7243	-0.3862	-9.0680	-5.4207	-0.2710	-6.0748	-5.7476	-0.2874	-6.4017	-14.3600	DG +2.3;SEI -0.1	DG +0.7;PHVS -0.1
rerun_grid	ALL	prior_low	2R|time_s10	A	408	224	0	0	0	0	0	0	-1.0000	-1.0000	-1.0000	-1.0000	-1.0000	-4.7940	-0.0117	-12.7940	-9.5057	-0.0233	-17.5057	-8.2308	-0.0202	-16.2308	-3.8131	-0.0093	-11.0889	-5.4622	-0.0134	-12.8933	-21.7435	ALOY +4.0;BBWI +4.0	ALOY +4.0;DCTH +3.3
rerun_grid	ALL	prior_low	2R|time_s10	A_disc	393	217	0	0	0	0	0	0	-1.0000	-1.0000	-1.0000	-1.0000	-1.0000	-2.3671	-0.0060	-10.3671	-8.3486	-0.0212	-16.3486	-7.4516	-0.0190	-15.4516	-2.6080	-0.0066	-9.8839	-4.1254	-0.0105	-11.5564	-19.3166	ALOY +4.0;BBWI +4.0	ALOY +4.0;DCTH +3.3
rerun_grid	ALL	prior_low	2R|time_s10	B	20	13	0	0	0	0	0	0	-1.0000	-1.0000	-0.9458	-0.7500	-0.9750	-12.6419	-0.6321	-14.7616	-8.6451	-0.4323	-10.0338	-7.1366	-0.3568	-8.5858	-4.8504	-0.2425	-5.8937	-5.1894	-0.2595	-6.2327	-13.9713	DG +1.7;SEI +0.4	OKTA +0.6;DG +0.5
rerun_grid	ALL	prior_low	2R|sma21_2x	A	408	224	0	0	0	0	0	0	-1.0000	-1.0000	-1.0000	-1.0000	-1.0000	3.3451	0.0082	-4.6549	-2.3941	-0.0059	-10.3941	-3.8346	-0.0094	-11.8346	1.3963	0.0034	-5.8795	1.9554	0.0048	-5.4756	-13.3424	ALOY +4.0;BBWI +4.0	ALOY +4.0;DCTH +3.3
rerun_grid	ALL	prior_low	2R|sma21_2x	A_disc	393	217	0	0	0	0	0	0	-1.0000	-1.0000	-1.0000	-1.0000	-1.0000	5.7720	0.0147	-2.2280	-1.2370	-0.0031	-9.2370	-3.0555	-0.0078	-11.0555	2.6014	0.0066	-4.6745	3.2923	0.0084	-4.1388	-10.9155	ALOY +4.0;BBWI +4.0	ALOY +4.0;DCTH +3.3
rerun_grid	ALL	prior_low	2R|sma21_2x	B	20	13	0	0	0	0	0	0	-1.0000	-1.0000	-0.9458	-0.7500	-0.9750	-11.0174	-0.5509	-12.7899	-7.1887	-0.3594	-8.3066	-5.9183	-0.2959	-7.1070	-4.1223	-0.2061	-5.0301	-4.4612	-0.2231	-5.3691	-12.3468	DG +1.3;SEI +0.4	OKTA +0.6;DG +0.3
rerun_grid	ALL	prior_low	2R|ema23_2x	A	408	224	0	0	0	0	0	0	-1.0000	-1.0000	-1.0000	-1.0000	-1.0000	-0.1191	-0.0003	-8.1191	-5.1252	-0.0126	-13.1252	-6.7038	-0.0164	-14.7038	-0.1664	-0.0004	-7.4423	0.3927	0.0010	-7.0384	-16.6159	ALOY +4.0;BBWI +4.0	ALOY +4.0;DCTH +3.3
rerun_grid	ALL	prior_low	2R|ema23_2x	A_disc	393	217	0	0	0	0	0	0	-1.0000	-1.0000	-1.0000	-1.0000	-1.0000	2.3078	0.0059	-5.6922	-3.9681	-0.0101	-11.9681	-5.9246	-0.0151	-13.9246	1.0386	0.0026	-6.2372	1.7295	0.0044	-5.7015	-14.1890	ALOY +4.0;BBWI +4.0	ALOY +4.0;DCTH +3.3
rerun_grid	ALL	prior_low	2R|ema23_2x	B	20	13	0	0	0	0	0	0	-1.0000	-1.0000	-0.9458	-0.7500	-0.9750	-11.0174	-0.5509	-12.7899	-7.1887	-0.3594	-8.3066	-5.9183	-0.2959	-7.1070	-4.1223	-0.2061	-5.0301	-4.4612	-0.2231	-5.3691	-12.3468	DG +1.3;SEI +0.4	OKTA +0.6;DG +0.3
rerun_grid	ALL	prior_low	2R|sma50_1x	A	408	224	0	0	0	0	0	0	-1.0000	-1.0000	-1.0000	-1.0000	-1.0000	-3.6514	-0.0089	-11.6514	-8.6885	-0.0213	-16.6885	-10.6873	-0.0262	-18.4568	-2.4049	-0.0059	-9.6807	-0.7826	-0.0019	-8.2137	-18.1092	ALOY +4.0;BBWI +4.0	ALOY +4.0;DCTH +3.3
rerun_grid	ALL	prior_low	2R|sma50_1x	A_disc	393	217	0	0	0	0	0	0	-1.0000	-1.0000	-1.0000	-1.0000	-1.0000	-1.2245	-0.0031	-9.2245	-7.5313	-0.0192	-15.5313	-9.9081	-0.0252	-17.6777	-1.1998	-0.0031	-8.4757	0.5543	0.0014	-6.8768	-15.6823	ALOY +4.0;BBWI +4.0	ALOY +4.0;DCTH +3.3
rerun_grid	ALL	prior_low	2R|sma50_1x	B	20	13	0	0	0	0	0	0	-1.0000	-1.0000	-0.9458	-0.7500	-0.9750	-10.9093	-0.5455	-12.6818	-6.9802	-0.3490	-8.0980	-5.8372	-0.2919	-7.0260	-4.0180	-0.2009	-4.9258	-4.3570	-0.2178	-5.2648	-12.2387	DG +1.3;SEI +0.4	OKTA +0.6;DG +0.3
rerun_grid	ALL	prior_low	2R|ema65_1x	A	408	224	0	0	0	0	0	0	-1.0000	-1.0000	-1.0000	-1.0000	-1.0000	-12.8349	-0.0315	-20.8349	-15.0033	-0.0368	-23.0033	-17.8626	-0.0438	-25.6322	-7.0779	-0.0173	-14.3538	-5.7065	-0.0140	-13.1375	-27.2027	ALOY +4.0;BBWI +4.0	ALOY +4.0;DCTH +3.3
rerun_grid	ALL	prior_low	2R|ema65_1x	A_disc	393	217	0	0	0	0	0	0	-1.0000	-1.0000	-1.0000	-1.0000	-1.0000	-10.4080	-0.0265	-18.4080	-13.8461	-0.0352	-21.8461	-17.0835	-0.0435	-24.8530	-5.8729	-0.0149	-13.1488	-4.3696	-0.0111	-11.8007	-24.7758	ALOY +4.0;BBWI +4.0	ALOY +4.0;DCTH +3.3
rerun_grid	ALL	prior_low	2R|ema65_1x	B	20	13	0	0	0	0	0	0	-1.0000	-1.0000	-0.9458	-0.7500	-0.9750	-10.5621	-0.5281	-12.6818	-6.7093	-0.3355	-8.0980	-5.5768	-0.2788	-7.0260	-3.8826	-0.1941	-4.9258	-4.2215	-0.2111	-5.2648	-11.8915	DG +1.7;SEI +0.4	OKTA +0.6;DG +0.5
rerun_grid	ALL	prior_low	2R|hv21_50_noreclaim2	A	408	224	0	0	0	0	0	0	-1.0000	-1.0000	-1.0000	-1.0000	-1.0000	-4.7940	-0.0117	-12.7940	-9.5057	-0.0233	-17.5057	-8.2308	-0.0202	-16.2308	-3.8131	-0.0093	-11.0889	-5.4622	-0.0134	-12.8933	-21.7435	ALOY +4.0;BBWI +4.0	ALOY +4.0;DCTH +3.3
rerun_grid	ALL	prior_low	2R|hv21_50_noreclaim2	A_disc	393	217	0	0	0	0	0	0	-1.0000	-1.0000	-1.0000	-1.0000	-1.0000	-2.3671	-0.0060	-10.3671	-8.3486	-0.0212	-16.3486	-7.4516	-0.0190	-15.4516	-2.6080	-0.0066	-9.8839	-4.1254	-0.0105	-11.5564	-19.3166	ALOY +4.0;BBWI +4.0	ALOY +4.0;DCTH +3.3
rerun_grid	ALL	prior_low	2R|hv21_50_noreclaim2	B	20	13	0	0	0	0	0	0	-1.0000	-1.0000	-0.9458	-0.7500	-0.9750	-12.6419	-0.6321	-14.7616	-8.6451	-0.4323	-10.0338	-7.1366	-0.3568	-8.5858	-4.8504	-0.2425	-5.8937	-5.1894	-0.2595	-6.2327	-13.9713	DG +1.7;SEI +0.4	OKTA +0.6;DG +0.5
rerun_grid	ALL	prior_low	3R|none	A	408	224	62	186.0000	114.6980	109.4431	68.9341	69.5807	-1.0000	-1.0000	-1.0000	-1.0000	-1.0000	-8.3165	-0.0204	-20.3165	-16.6678	-0.0409	-28.6678	-16.1320	-0.0395	-27.7864	-11.7521	-0.0288	-22.2521	-13.9854	-0.0343	-25.1320	-28.0740	ALOY +6.0;CGEM +6.0	ALOY +6.0;FTK +4.5
rerun_grid	ALL	prior_low	3R|none	A_disc	393	217	61	183.0000	113.4488	108.1939	68.3095	68.9561	-1.0000	-1.0000	-1.0000	-1.0000	-1.0000	-3.8896	-0.0099	-15.8896	-13.5935	-0.0346	-25.5935	-13.5192	-0.0344	-25.1736	-9.5885	-0.0244	-20.0885	-11.6899	-0.0297	-22.8365	-23.6471	ALOY +6.0;CGEM +6.0	ALOY +6.0;FTK +4.5
rerun_grid	ALL	prior_low	3R|none	B	20	13	0	0	0	0	0	0	-1.0000	-1.0000	-0.9458	-0.7500	-0.9750	-14.7459	-0.7373	-15.4218	-9.9065	-0.4953	-10.7670	-8.3981	-0.4199	-9.2146	-5.4812	-0.2741	-6.3770	-5.8201	-0.2910	-6.7203	-16.0753	SEI +0.4;OKTA +0.2	OKTA +0.6;SEI +0.3
rerun_grid	ALL	prior_low	3R|trail_sma10	A	408	224	56	168.0000	101.9916	97.5602	62.3614	63.0080	-1.0000	-1.0000	-1.0000	-1.0000	-1.0000	-0.9412	-0.0023	-12.9412	-9.0916	-0.0223	-21.0916	-11.7291	-0.0287	-23.3834	-6.0378	-0.0148	-16.5378	-5.7891	-0.0142	-16.9357	-19.8399	ALOY +6.0;CGEM +6.0	ALOY +6.0;FTK +4.5
rerun_grid	ALL	prior_low	3R|trail_sma10	A_disc	393	217	55	165.0000	100.7424	96.3110	61.7368	62.3834	-1.0000	-1.0000	-1.0000	-1.0000	-1.0000	1.4878	0.0038	-10.5122	-8.0152	-0.0204	-20.0152	-10.7771	-0.0274	-22.4314	-5.4805	-0.0139	-15.9805	-5.1888	-0.0132	-16.3354	-17.4109	ALOY +6.0;CGEM +6.0	ALOY +6.0;FTK +4.5
rerun_grid	ALL	prior_low	3R|trail_sma10	B	20	13	0	0	0	0	0	0	-1.0000	-1.0000	-0.9458	-0.7500	-0.9750	-14.8577	-0.7429	-14.4575	-10.1162	-0.5058	-10.0536	-8.8495	-0.4425	-8.7663	-5.8946	-0.2947	-5.8840	-6.2163	-0.3108	-6.2065	-16.1871	SEI +0.1;DG -0.5	SEI +0.1;PHVS -0.1
rerun_grid	ALL	prior_low	3R|trail_sma20	A	408	224	55	165.0000	96.9831	92.5517	59.5530	60.1996	-1.0000	-1.0000	-1.0000	-1.0000	-1.0000	3.0136	0.0074	-8.9864	-6.8023	-0.0167	-18.8023	-11.1531	-0.0273	-22.8074	-4.0679	-0.0100	-14.5679	-2.9030	-0.0071	-14.0496	-14.6743	ALOY +6.0;CGEM +6.0	ALOY +6.0;FTK +4.5
rerun_grid	ALL	prior_low	3R|trail_sma20	A_disc	393	217	54	162.0000	95.7339	91.3025	58.9284	59.5750	-1.0000	-1.0000	-1.0000	-1.0000	-1.0000	7.4405	0.0189	-4.5595	-3.7280	-0.0095	-15.7280	-8.5403	-0.0217	-20.1946	-1.9043	-0.0048	-12.4043	-0.6075	-0.0015	-11.7541	-10.2474	ALOY +6.0;CGEM +6.0	ALOY +6.0;FTK +4.5
rerun_grid	ALL	prior_low	3R|trail_sma20	B	20	13	0	0	0	0	0	0	-1.0000	-1.0000	-0.9458	-0.7500	-0.9750	-12.7272	-0.6364	-13.4031	-8.0122	-0.4006	-8.8727	-6.8789	-0.3439	-7.6954	-4.5340	-0.2267	-5.4298	-4.8730	-0.2436	-5.7732	-14.0566	SEI +0.4;OKTA +0.2	OKTA +0.6;SEI +0.3
rerun_grid	ALL	prior_low	3R|trail_max10_20	A	408	224	54	162.0000	96.1176	91.6862	59.1202	59.7668	-1.0000	-1.0000	-1.0000	-1.0000	-1.0000	2.6694	0.0065	-9.3306	-6.7516	-0.0165	-18.7516	-10.8108	-0.0265	-22.4651	-4.7180	-0.0116	-15.2180	-3.5329	-0.0087	-14.6795	-15.0185	ALOY +6.0;CGEM +6.0	ALOY +6.0;FTK +4.5
rerun_grid	ALL	prior_low	3R|trail_max10_20	A_disc	393	217	53	159.0000	94.8684	90.4370	58.4956	59.1422	-1.0000	-1.0000	-1.0000	-1.0000	-1.0000	5.0984	0.0130	-6.9016	-5.6752	-0.0144	-17.6752	-9.8588	-0.0251	-21.5131	-4.1607	-0.0106	-14.6607	-2.9326	-0.0075	-14.0792	-12.5895	ALOY +6.0;CGEM +6.0	ALOY +6.0;FTK +4.5
rerun_grid	ALL	prior_low	3R|trail_max10_20	B	20	13	0	0	0	0	0	0	-1.0000	-1.0000	-0.9458	-0.7500	-0.9750	-13.7256	-0.6863	-13.8881	-9.0106	-0.4505	-9.1765	-8.0004	-0.4000	-8.1223	-5.3418	-0.2671	-5.4454	-5.6635	-0.2832	-5.7680	-15.0550	SEI +0.1;AGX +0.1	SEI +0.1;AGX +0.0
rerun_grid	ALL	prior_low	3R|time_s3	A	408	224	39	117.0000	55.0550	52.7307	30.8350	31.4816	-1.0000	-1.0000	-1.0000	-1.0000	-1.0000	15.8245	0.0388	3.8245	9.8789	0.0242	-1.7738	12.0989	0.0297	1.9203	16.7167	0.0410	8.9984	15.0958	0.0370	6.6908	-2.8139	CGEM +6.0;DFTX +6.0	FTK +4.5;DCTH +3.2
rerun_grid	ALL	prior_low	3R|time_s3	A_disc	393	217	38	114.0000	53.8058	51.4816	30.2104	30.8570	-1.0000	-1.0000	-1.0000	-1.0000	-1.0000	13.1202	0.0334	1.1202	6.2572	0.0159	-5.3955	8.2352	0.0210	-1.9435	13.4026	0.0341	5.6843	11.8608	0.0302	3.4557	-5.5182	CGEM +6.0;DFTX +6.0	FTK +4.5;DCTH +3.2
rerun_grid	ALL	prior_low	3R|time_s3	B	20	13	0	0	0	0	0	0	-1.0000	-1.0000	-0.9458	-0.7500	-0.9750	-13.0539	-0.6527	-15.3397	-9.2079	-0.4604	-10.8404	-7.8276	-0.3914	-9.4295	-5.5502	-0.2775	-6.3664	-5.8621	-0.2931	-6.6783	-14.3833	DG +2.7;ROIV -0.4	DG +0.9;PHVS -0.1
rerun_grid	ALL	prior_low	3R|time_s5	A	408	224	48	144.0000	76.3652	73.2909	42.5889	43.2354	-1.0000	-1.0000	-1.0000	-1.0000	-1.0000	-5.0363	-0.0123	-17.0363	-13.4217	-0.0329	-25.0744	-9.0751	-0.0222	-19.2278	-3.7902	-0.0093	-11.3543	-6.9869	-0.0171	-15.4563	-23.9367	CGEM +6.0;DFTX +6.0	FTK +4.5;DFTX +3.1
rerun_grid	ALL	prior_low	3R|time_s5	A_disc	393	217	47	141.0000	75.1160	72.0417	41.9643	42.6109	-1.0000	-1.0000	-1.0000	-1.0000	-1.0000	-5.0408	-0.0128	-17.0408	-14.7815	-0.0376	-26.4342	-10.9584	-0.0279	-21.1111	-6.0385	-0.0154	-13.6026	-9.1034	-0.0232	-17.5728	-23.9412	CGEM +6.0;DFTX +6.0	FTK +4.5;DFTX +3.1
rerun_grid	ALL	prior_low	3R|time_s5	B	20	13	0	0	0	0	0	0	-1.0000	-1.0000	-0.9458	-0.7500	-0.9750	-14.2893	-0.7145	-15.2234	-9.9300	-0.4965	-10.4956	-8.4790	-0.4239	-9.0680	-5.7980	-0.2899	-6.0748	-6.1250	-0.3062	-6.4017	-15.6187	DG +1.1;SEI -0.1	DG +0.3;PHVS -0.1
rerun_grid	ALL	prior_low	3R|time_s10	A	408	224	62	186.0000	114.6980	109.4431	68.9341	69.5807	-1.0000	-1.0000	-1.0000	-1.0000	-1.0000	-8.3165	-0.0204	-20.3165	-16.6678	-0.0409	-28.6678	-16.1320	-0.0395	-27.7864	-11.7521	-0.0288	-22.2521	-13.9854	-0.0343	-25.1320	-28.0740	ALOY +6.0;CGEM +6.0	ALOY +6.0;FTK +4.5
rerun_grid	ALL	prior_low	3R|time_s10	A_disc	393	217	61	183.0000	113.4488	108.1939	68.3095	68.9561	-1.0000	-1.0000	-1.0000	-1.0000	-1.0000	-3.8896	-0.0099	-15.8896	-13.5935	-0.0346	-25.5935	-13.5192	-0.0344	-25.1736	-9.5885	-0.0244	-20.0885	-11.6899	-0.0297	-22.8365	-23.6471	ALOY +6.0;CGEM +6.0	ALOY +6.0;FTK +4.5
rerun_grid	ALL	prior_low	3R|time_s10	B	20	13	0	0	0	0	0	0	-1.0000	-1.0000	-0.9458	-0.7500	-0.9750	-14.7459	-0.7373	-15.4218	-9.9065	-0.4953	-10.7670	-8.3981	-0.4199	-9.2146	-5.4812	-0.2741	-6.3770	-5.8201	-0.2910	-6.7203	-16.0753	SEI +0.4;OKTA +0.2	OKTA +0.6;SEI +0.3
rerun_grid	ALL	prior_low	3R|sma21_2x	A	408	224	60	180.0000	108.8240	103.5691	65.8474	66.4940	-1.0000	-1.0000	-1.0000	-1.0000	-1.0000	-0.0540	-0.0001	-12.0540	-9.4752	-0.0232	-21.4752	-11.6548	-0.0286	-23.3092	-6.2268	-0.0153	-16.7268	-6.2518	-0.0153	-17.3984	-18.8292	ALOY +6.0;CGEM +6.0	ALOY +6.0;FTK +4.5
rerun_grid	ALL	prior_low	3R|sma21_2x	A_disc	393	217	59	177.0000	107.5748	102.3199	65.2228	65.8694	-1.0000	-1.0000	-1.0000	-1.0000	-1.0000	4.3729	0.0111	-7.6271	-6.4009	-0.0163	-18.4009	-9.0420	-0.0230	-20.6964	-4.0632	-0.0103	-14.5632	-3.9563	-0.0101	-15.1029	-14.4023	ALOY +6.0;CGEM +6.0	ALOY +6.0;FTK +4.5
rerun_grid	ALL	prior_low	3R|sma21_2x	B	20	13	0	0	0	0	0	0	-1.0000	-1.0000	-0.9458	-0.7500	-0.9750	-13.5774	-0.6789	-14.2533	-8.7236	-0.4362	-9.5841	-7.4531	-0.3727	-8.2697	-4.8897	-0.2445	-5.7855	-5.2287	-0.2614	-6.1288	-14.9068	SEI +0.4;OKTA +0.2	OKTA +0.6;SEI +0.3
rerun_grid	ALL	prior_low	3R|ema23_2x	A	408	224	59	177.0000	106.5005	102.0691	64.6856	65.3322	-1.0000	-1.0000	-1.0000	-1.0000	-1.0000	-1.9388	-0.0048	-13.9388	-10.6619	-0.0261	-22.6619	-12.5896	-0.0309	-24.2439	-7.0173	-0.0172	-17.5173	-7.0423	-0.0173	-18.1889	-20.5233	ALOY +6.0;CGEM +6.0	ALOY +6.0;FTK +4.5
rerun_grid	ALL	prior_low	3R|ema23_2x	A_disc	393	217	58	174.0000	105.2513	100.8199	64.0610	64.7076	-1.0000	-1.0000	-1.0000	-1.0000	-1.0000	2.4881	0.0063	-9.5119	-7.5876	-0.0193	-19.5876	-9.9768	-0.0254	-21.6311	-4.8537	-0.0124	-15.3537	-4.7468	-0.0121	-15.8934	-16.0964	ALOY +6.0;CGEM +6.0	ALOY +6.0;FTK +4.5
rerun_grid	ALL	prior_low	3R|ema23_2x	B	20	13	0	0	0	0	0	0	-1.0000	-1.0000	-0.9458	-0.7500	-0.9750	-13.5774	-0.6789	-14.2533	-8.7236	-0.4362	-9.5841	-7.4531	-0.3727	-8.2697	-4.8897	-0.2445	-5.7855	-5.2287	-0.2614	-6.1288	-14.9068	SEI +0.4;OKTA +0.2	OKTA +0.6;SEI +0.3
rerun_grid	ALL	prior_low	3R|sma50_1x	A	408	224	53	159.0000	92.1120	89.0377	57.0010	57.6476	-1.0000	-1.0000	-1.0000	-1.0000	-1.0000	-1.8005	-0.0044	-13.8005	-12.4152	-0.0304	-24.4152	-13.7277	-0.0336	-25.3820	-7.4476	-0.0183	-17.9476	-6.4094	-0.0157	-17.5560	-16.9425	ALOY +6.0;CGEM +6.0	ALOY +6.0;FTK +4.5
rerun_grid	ALL	prior_low	3R|sma50_1x	A_disc	393	217	52	156.0000	90.8628	87.7886	56.3765	57.0230	-1.0000	-1.0000	-1.0000	-1.0000	-1.0000	2.6264	0.0067	-9.3736	-9.3409	-0.0238	-21.3409	-11.1149	-0.0283	-22.7692	-5.2839	-0.0134	-15.7839	-4.1140	-0.0105	-15.2605	-12.5156	ALOY +6.0;CGEM +6.0	ALOY +6.0;FTK +4.5
rerun_grid	ALL	prior_low	3R|sma50_1x	B	20	13	0	0	0	0	0	0	-1.0000	-1.0000	-0.9458	-0.7500	-0.9750	-13.4693	-0.6735	-14.1452	-8.5151	-0.4258	-9.3755	-7.3721	-0.3686	-8.1886	-4.7854	-0.2393	-5.6812	-5.1244	-0.2562	-6.0246	-14.7987	SEI +0.4;OKTA +0.2	OKTA +0.6;SEI +0.3
rerun_grid	ALL	prior_low	3R|ema65_1x	A	408	224	51	153.0000	89.0900	84.6586	55.4900	56.1366	-1.0000	-1.0000	-1.0000	-1.0000	-1.0000	-10.0222	-0.0246	-22.0222	-16.8627	-0.0413	-28.8627	-20.3160	-0.0498	-31.9704	-10.6212	-0.0260	-21.1212	-9.8338	-0.0241	-20.9804	-25.0742	ALOY +6.0;CGEM +6.0	ALOY +6.0;FTK +4.5
rerun_grid	ALL	prior_low	3R|ema65_1x	A_disc	393	217	50	150.0000	87.8408	83.4094	54.8655	55.5120	-1.0000	-1.0000	-1.0000	-1.0000	-1.0000	-5.5953	-0.0142	-17.5953	-13.7884	-0.0351	-25.7884	-17.7032	-0.0450	-29.3576	-8.4576	-0.0215	-18.9576	-7.5384	-0.0192	-18.6849	-20.6473	ALOY +6.0;CGEM +6.0	ALOY +6.0;FTK +4.5
rerun_grid	ALL	prior_low	3R|ema65_1x	B	20	13	0	0	0	0	0	0	-1.0000	-1.0000	-0.9458	-0.7500	-0.9750	-12.6661	-0.6333	-13.3420	-7.9708	-0.3985	-8.8313	-6.8383	-0.3419	-7.6548	-4.5133	-0.2257	-5.4091	-4.8523	-0.2426	-5.7525	-13.9955	SEI +0.4;OKTA +0.2	OKTA +0.6;SEI +0.3
rerun_grid	ALL	prior_low	3R|hv21_50_noreclaim2	A	408	224	62	186.0000	114.6980	109.4431	68.9341	69.5807	-1.0000	-1.0000	-1.0000	-1.0000	-1.0000	-8.3165	-0.0204	-20.3165	-16.6678	-0.0409	-28.6678	-16.1320	-0.0395	-27.7864	-11.7521	-0.0288	-22.2521	-13.9854	-0.0343	-25.1320	-28.0740	ALOY +6.0;CGEM +6.0	ALOY +6.0;FTK +4.5
rerun_grid	ALL	prior_low	3R|hv21_50_noreclaim2	A_disc	393	217	61	183.0000	113.4488	108.1939	68.3095	68.9561	-1.0000	-1.0000	-1.0000	-1.0000	-1.0000	-3.8896	-0.0099	-15.8896	-13.5935	-0.0346	-25.5935	-13.5192	-0.0344	-25.1736	-9.5885	-0.0244	-20.0885	-11.6899	-0.0297	-22.8365	-23.6471	ALOY +6.0;CGEM +6.0	ALOY +6.0;FTK +4.5
rerun_grid	ALL	prior_low	3R|hv21_50_noreclaim2	B	20	13	0	0	0	0	0	0	-1.0000	-1.0000	-0.9458	-0.7500	-0.9750	-14.7459	-0.7373	-15.4218	-9.9065	-0.4953	-10.7670	-8.3981	-0.4199	-9.2146	-5.4812	-0.2741	-6.3770	-5.8201	-0.2910	-6.7203	-16.0753	SEI +0.4;OKTA +0.2	OKTA +0.6;SEI +0.3
rerun_grid	ALL	prior_low	1ADR|none	A	408	224	12	75.5007	15.0873	15.0873	7.5437	7.5437	-1.0000	-1.0000	-1.0000	-1.0000	-1.0000	36.3497	0.0891	6.1456	16.1828	0.0397	9.7145	15.6665	0.0384	9.7557	17.1858	0.0421	13.7826	16.6811	0.0409	13.1690	19.5205	VOYG +15.3;XE +15.0	BW +1.8;VOYG +1.6
rerun_grid	ALL	prior_low	1ADR|none	A_disc	393	217	11	72.4630	13.8225	13.8225	6.9112	6.9112	-1.0000	-1.0000	-1.0000	-1.0000	-1.0000	33.7837	0.0860	3.5796	12.8676	0.0327	6.3993	12.0689	0.0307	6.1581	14.3442	0.0365	10.9410	13.9713	0.0356	10.4592	16.9545	VOYG +15.3;XE +15.0	BW +1.8;VOYG +1.6
rerun_grid	ALL	prior_low	1ADR|none	B	20	13	0	0	0	0	0	0	-1.0000	-1.0000	-0.9458	-0.7500	-0.9750	-10.9911	-0.5496	-13.2388	-7.0198	-0.3510	-8.7819	-5.8918	-0.2946	-7.4489	-4.1522	-0.2076	-5.2186	-4.4881	-0.2244	-5.5620	-12.3205	DG +1.5;SEI +0.7	SEI +0.6;DG +0.5
rerun_grid	ALL	prior_low	1ADR|trail_sma10	A	408	224	11	71.1388	13.4811	13.4811	6.7406	6.7406	-1.0000	-1.0000	-1.0000	-1.0000	-1.0000	37.7296	0.0925	7.5255	19.7941	0.0485	13.9507	17.7297	0.0435	11.8862	20.5854	0.0505	17.0708	21.1487	0.0518	17.6366	21.4801	VOYG +15.3;XE +15.0	BW +1.8;BRUN +1.8
rerun_grid	ALL	prior_low	1ADR|trail_sma10	A_disc	393	217	10	68.1011	12.2162	12.2162	6.1081	6.1081	-1.0000	-1.0000	-1.0000	-1.0000	-1.0000	34.4894	0.0878	4.2853	15.8047	0.0402	9.9613	13.7950	0.0351	7.9515	17.4067	0.0443	13.8921	18.0129	0.0458	14.5008	18.2399	VOYG +15.3;XE +15.0	BW +1.8;BRUN +1.8
rerun_grid	ALL	prior_low	1ADR|trail_sma10	B	20	13	0	0	0	0	0	0	-1.0000	-1.0000	-0.9458	-0.7500	-0.9750	-11.3808	-0.5690	-13.6285	-7.2561	-0.3628	-9.0182	-6.1841	-0.3092	-7.7412	-4.0614	-0.2031	-5.1278	-4.3766	-0.2188	-5.4504	-12.7102	DG +1.5;SEI +0.7	SEI +0.6;DG +0.5
rerun_grid	ALL	prior_low	1ADR|trail_sma20	A	408	224	11	71.1388	13.4811	13.4811	6.7406	6.7406	-1.0000	-1.0000	-1.0000	-1.0000	-1.0000	39.1700	0.0960	9.9487	19.5605	0.0479	13.7171	16.4650	0.0404	10.6216	19.2906	0.0473	15.7761	20.4034	0.0500	16.8914	24.1313	VOYG +15.3;XE +14.0	BW +1.8;BRUN +1.8
rerun_grid	ALL	prior_low	1ADR|trail_sma20	A_disc	393	217	10	68.1011	12.2162	12.2162	6.1081	6.1081	-1.0000	-1.0000	-1.0000	-1.0000	-1.0000	36.6040	0.0931	7.3827	16.2453	0.0413	10.4019	12.8674	0.0327	7.0240	16.4490	0.0419	12.9345	17.6937	0.0450	14.1816	21.5653	VOYG +15.3;XE +14.0	BW +1.8;BRUN +1.8
rerun_grid	ALL	prior_low	1ADR|trail_sma20	B	20	13	0	0	0	0	0	0	-1.0000	-1.0000	-0.9458	-0.7500	-0.9750	-11.0961	-0.5548	-13.3438	-6.9980	-0.3499	-8.7600	-5.9706	-0.2985	-7.5277	-4.1413	-0.2071	-5.2077	-4.4772	-0.2239	-5.5511	-12.4255	DG +1.5;SEI +0.7	SEI +0.6;DG +0.5
rerun_grid	ALL	prior_low	1ADR|trail_max10_20	A	408	224	11	71.1388	13.4811	13.4811	6.7406	6.7406	-1.0000	-1.0000	-1.0000	-1.0000	-1.0000	42.5694	0.1043	13.3481	23.2844	0.0571	17.4409	19.7982	0.0485	13.9547	22.1890	0.0544	18.6744	23.6886	0.0581	20.1765	27.5307	VOYG +15.3;XE +14.0	BW +1.8;BRUN +1.8
rerun_grid	ALL	prior_low	1ADR|trail_max10_20	A_disc	393	217	10	68.1011	12.2162	12.2162	6.1081	6.1081	-1.0000	-1.0000	-1.0000	-1.0000	-1.0000	39.3292	0.1001	10.1079	19.2950	0.0491	13.4515	15.8635	0.0404	10.0200	19.0103	0.0484	15.4957	20.5528	0.0523	17.0407	24.2905	VOYG +15.3;XE +14.0	BW +1.8;BRUN +1.8
rerun_grid	ALL	prior_low	1ADR|trail_max10_20	B	20	13	0	0	0	0	0	0	-1.0000	-1.0000	-0.9458	-0.7500	-0.9750	-10.2487	-0.5124	-12.4964	-6.1506	-0.3075	-7.9126	-5.3350	-0.2668	-6.8921	-3.5086	-0.1754	-4.5750	-3.8238	-0.1912	-4.8976	-11.5781	DG +1.5;SEI +0.7	SEI +0.6;DG +0.5
rerun_grid	ALL	prior_low	1ADR|time_s3	A	408	224	12	75.5007	15.0873	15.0873	7.5437	7.5437	-1.0000	-1.0000	-1.0000	-1.0000	-1.0000	35.7388	0.0876	5.5347	18.9449	0.0464	12.4766	19.9889	0.0490	14.0781	22.6757	0.0556	19.2725	21.7608	0.0533	17.8239	19.7496	VOYG +15.3;XE +15.0	BW +1.8;VOYG +1.6
rerun_grid	ALL	prior_low	1ADR|time_s3	A_disc	393	217	11	72.4630	13.8225	13.8225	6.9112	6.9112	-1.0000	-1.0000	-1.0000	-1.0000	-1.0000	32.7728	0.0834	2.5687	15.2297	0.0388	8.7614	16.1913	0.0412	10.2805	19.6341	0.0500	16.2309	18.7983	0.0478	14.8614	16.7836	VOYG +15.3;XE +15.0	BW +1.8;VOYG +1.6
rerun_grid	ALL	prior_low	1ADR|time_s3	B	20	13	0	0	0	0	0	0	-1.0000	-1.0000	-0.9458	-0.7500	-0.9750	-10.4442	-0.5222	-12.6919	-6.4729	-0.3236	-8.2350	-5.7515	-0.2876	-7.3086	-3.7882	-0.1894	-4.8546	-4.0842	-0.2042	-5.1581	-11.7736	DG +1.5;SEI +0.7	SEI +0.6;DG +0.5
rerun_grid	ALL	prior_low	1ADR|time_s5	A	408	224	12	75.5007	15.0873	15.0873	7.5437	7.5437	-1.0000	-1.0000	-1.0000	-1.0000	-1.0000	39.2168	0.0961	9.0127	20.6214	0.0505	14.1531	21.5600	0.0528	15.6492	21.9208	0.0537	18.5176	20.9291	0.0513	16.9792	23.1376	VOYG +15.3;XE +15.0	BW +1.8;VOYG +1.6
rerun_grid	ALL	prior_low	1ADR|time_s5	A_disc	393	217	11	72.4630	13.8225	13.8225	6.9112	6.9112	-1.0000	-1.0000	-1.0000	-1.0000	-1.0000	36.6508	0.0933	6.4467	17.3062	0.0440	10.8379	17.9624	0.0457	12.0516	19.0792	0.0485	15.6760	18.2193	0.0464	14.2695	20.5716	VOYG +15.3;XE +15.0	BW +1.8;VOYG +1.6
rerun_grid	ALL	prior_low	1ADR|time_s5	B	20	13	0	0	0	0	0	0	-1.0000	-1.0000	-0.9458	-0.7500	-0.9750	-10.7909	-0.5395	-13.0386	-6.8196	-0.3410	-8.5817	-5.8723	-0.2936	-7.4294	-4.0242	-0.2012	-5.0906	-4.3424	-0.2171	-5.4162	-12.1203	DG +1.5;SEI +0.7	SEI +0.6;DG +0.5
rerun_grid	ALL	prior_low	1ADR|time_s10	A	408	224	12	75.5007	15.0873	15.0873	7.5437	7.5437	-1.0000	-1.0000	-1.0000	-1.0000	-1.0000	36.3497	0.0891	6.1456	16.1828	0.0397	9.7145	15.6665	0.0384	9.7557	17.1858	0.0421	13.7826	16.6811	0.0409	13.1690	19.5205	VOYG +15.3;XE +15.0	BW +1.8;VOYG +1.6
rerun_grid	ALL	prior_low	1ADR|time_s10	A_disc	393	217	11	72.4630	13.8225	13.8225	6.9112	6.9112	-1.0000	-1.0000	-1.0000	-1.0000	-1.0000	33.7837	0.0860	3.5796	12.8676	0.0327	6.3993	12.0689	0.0307	6.1581	14.3442	0.0365	10.9410	13.9713	0.0356	10.4592	16.9545	VOYG +15.3;XE +15.0	BW +1.8;VOYG +1.6
rerun_grid	ALL	prior_low	1ADR|time_s10	B	20	13	0	0	0	0	0	0	-1.0000	-1.0000	-0.9458	-0.7500	-0.9750	-10.9911	-0.5496	-13.2388	-7.0198	-0.3510	-8.7819	-5.8918	-0.2946	-7.4489	-4.1522	-0.2076	-5.2186	-4.4881	-0.2244	-5.5620	-12.3205	DG +1.5;SEI +0.7	SEI +0.6;DG +0.5
rerun_grid	ALL	prior_low	1ADR|sma21_2x	A	408	224	12	75.5007	15.0873	15.0873	7.5437	7.5437	-1.0000	-1.0000	-1.0000	-1.0000	-1.0000	39.0978	0.0958	8.8937	18.7687	0.0460	12.3004	17.0143	0.0417	11.1035	18.8373	0.0462	15.4341	19.4353	0.0476	15.9232	23.0789	VOYG +15.3;XE +15.0	BW +1.8;VOYG +1.6
rerun_grid	ALL	prior_low	1ADR|sma21_2x	A_disc	393	217	11	72.4630	13.8225	13.8225	6.9112	6.9112	-1.0000	-1.0000	-1.0000	-1.0000	-1.0000	36.5318	0.0930	6.3277	15.4535	0.0393	8.9852	13.4167	0.0341	7.5059	15.9957	0.0407	12.5925	16.7255	0.0426	13.2135	20.5129	VOYG +15.3;XE +15.0	BW +1.8;VOYG +1.6
rerun_grid	ALL	prior_low	1ADR|sma21_2x	B	20	13	0	0	0	0	0	0	-1.0000	-1.0000	-0.9458	-0.7500	-0.9750	-10.9911	-0.5496	-13.2388	-7.0198	-0.3510	-8.7819	-5.8918	-0.2946	-7.4489	-4.1522	-0.2076	-5.2186	-4.4881	-0.2244	-5.5620	-12.3205	DG +1.5;SEI +0.7	SEI +0.6;DG +0.5
rerun_grid	ALL	prior_low	1ADR|ema23_2x	A	408	224	12	75.5007	15.0873	15.0873	7.5437	7.5437	-1.0000	-1.0000	-1.0000	-1.0000	-1.0000	37.7725	0.0926	7.5684	17.9210	0.0439	11.4527	16.0286	0.0393	10.1178	18.2083	0.0446	14.8050	18.8062	0.0461	15.2942	21.9443	VOYG +15.3;XE +15.0	BW +1.8;VOYG +1.6
rerun_grid	ALL	prior_low	1ADR|ema23_2x	A_disc	393	217	11	72.4630	13.8225	13.8225	6.9112	6.9112	-1.0000	-1.0000	-1.0000	-1.0000	-1.0000	35.2065	0.0896	5.0024	14.6058	0.0372	8.1375	12.4310	0.0316	6.5202	15.3667	0.0391	11.9634	16.0964	0.0410	12.5844	19.3783	VOYG +15.3;XE +15.0	BW +1.8;VOYG +1.6
rerun_grid	ALL	prior_low	1ADR|ema23_2x	B	20	13	0	0	0	0	0	0	-1.0000	-1.0000	-0.9458	-0.7500	-0.9750	-10.9911	-0.5496	-13.2388	-7.0198	-0.3510	-8.7819	-5.8918	-0.2946	-7.4489	-4.1522	-0.2076	-5.2186	-4.4881	-0.2244	-5.5620	-12.3205	DG +1.5;SEI +0.7	SEI +0.6;DG +0.5
rerun_grid	ALL	prior_low	1ADR|sma50_1x	A	408	224	10	60.7548	12.0542	12.0542	6.0271	6.0271	-1.0000	-1.0000	-1.0000	-1.0000	-1.0000	20.0582	0.0492	-10.1459	9.8129	0.0241	4.0486	9.2145	0.0226	3.4502	12.3200	0.0302	8.8978	13.2284	0.0324	9.6973	5.2102	VOYG +15.3;XE +15.0	WYFI +1.8;VOYG +1.6
rerun_grid	ALL	prior_low	1ADR|sma50_1x	A_disc	393	217	9	57.7171	10.7894	10.7894	5.3947	5.3947	-1.0000	-1.0000	-1.0000	-1.0000	-1.0000	17.4922	0.0445	-12.7119	6.4977	0.0165	0.7334	5.6169	0.0143	-0.1474	9.4784	0.0241	6.0562	10.5186	0.0268	6.9876	2.6442	VOYG +15.3;XE +15.0	WYFI +1.8;VOYG +1.6
rerun_grid	ALL	prior_low	1ADR|sma50_1x	B	20	13	0	0	0	0	0	0	-1.0000	-1.0000	-0.9458	-0.7500	-0.9750	-11.0961	-0.5548	-13.3438	-6.9980	-0.3499	-8.7600	-5.9706	-0.2985	-7.5277	-4.1413	-0.2071	-5.2077	-4.4772	-0.2239	-5.5511	-12.4255	DG +1.5;SEI +0.7	SEI +0.6;DG +0.5
rerun_grid	ALL	prior_low	1ADR|ema65_1x	A	408	224	12	73.2274	13.6069	13.6069	6.8035	6.8035	-1.0000	-1.0000	-1.0000	-1.0000	-1.0000	30.6687	0.0752	0.4646	11.1366	0.0273	5.3722	8.2982	0.0203	2.5339	13.0699	0.0320	9.8922	14.2939	0.0350	10.8960	15.9107	VOYG +15.3;XE +15.0	VOYG +1.6;VG +1.5
rerun_grid	ALL	prior_low	1ADR|ema65_1x	A_disc	393	217	11	70.1897	12.3421	12.3421	6.1710	6.1710	-1.0000	-1.0000	-1.0000	-1.0000	-1.0000	28.1027	0.0715	-2.1014	7.8214	0.0199	2.0571	4.7006	0.0120	-1.0637	10.2283	0.0260	7.0506	11.5842	0.0295	8.1862	13.3447	VOYG +15.3;XE +15.0	VOYG +1.6;VG +1.5
rerun_grid	ALL	prior_low	1ADR|ema65_1x	B	20	13	0	0	0	0	0	0	-1.0000	-1.0000	-0.9458	-0.7500	-0.9750	-11.0961	-0.5548	-13.3438	-6.9980	-0.3499	-8.7600	-5.9706	-0.2985	-7.5277	-4.1413	-0.2071	-5.2077	-4.4772	-0.2239	-5.5511	-12.4255	DG +1.5;SEI +0.7	SEI +0.6;DG +0.5
rerun_grid	ALL	prior_low	1ADR|hv21_50_noreclaim2	A	408	224	12	75.5007	15.0873	15.0873	7.5437	7.5437	-1.0000	-1.0000	-1.0000	-1.0000	-1.0000	36.3497	0.0891	6.1456	16.1828	0.0397	9.7145	15.6665	0.0384	9.7557	17.1858	0.0421	13.7826	16.6811	0.0409	13.1690	19.5205	VOYG +15.3;XE +15.0	BW +1.8;VOYG +1.6
rerun_grid	ALL	prior_low	1ADR|hv21_50_noreclaim2	A_disc	393	217	11	72.4630	13.8225	13.8225	6.9112	6.9112	-1.0000	-1.0000	-1.0000	-1.0000	-1.0000	33.7837	0.0860	3.5796	12.8676	0.0327	6.3993	12.0689	0.0307	6.1581	14.3442	0.0365	10.9410	13.9713	0.0356	10.4592	16.9545	VOYG +15.3;XE +15.0	BW +1.8;VOYG +1.6
rerun_grid	ALL	prior_low	1ADR|hv21_50_noreclaim2	B	20	13	0	0	0	0	0	0	-1.0000	-1.0000	-0.9458	-0.7500	-0.9750	-10.9911	-0.5496	-13.2388	-7.0198	-0.3510	-8.7819	-5.8918	-0.2946	-7.4489	-4.1522	-0.2076	-5.2186	-4.4881	-0.2244	-5.5620	-12.3205	DG +1.5;SEI +0.7	SEI +0.6;DG +0.5
rerun_grid	ALL	prior_low	2ADR|none	A	408	224	21	141.7241	48.9016	46.5952	24.4508	24.4508	-1.0000	-1.0000	-1.0000	-1.0000	-1.0000	24.3352	0.0596	-25.3010	-2.8582	-0.0070	-15.7948	-1.4779	-0.0036	-13.2995	-1.2535	-0.0031	-7.7218	-4.3262	-0.0106	-10.7945	1.9342	VOYG +30.5;VG +19.1	VOYG +3.3;COHU +3.2
rerun_grid	ALL	prior_low	2ADR|none	A_disc	393	217	21	141.7241	48.9016	46.5952	24.4508	24.4508	-1.0000	-1.0000	-1.0000	-1.0000	-1.0000	30.6933	0.0781	-18.9429	-0.1871	-0.0005	-13.1237	0.7317	0.0019	-11.0899	-0.1191	-0.0003	-6.5874	-3.0599	-0.0078	-9.5282	8.2923	VOYG +30.5;VG +19.1	VOYG +3.3;COHU +3.2
rerun_grid	ALL	prior_low	2ADR|none	B	20	13	0	0	0	0	0	0	-1.0000	-1.0000	-0.9458	-0.7500	-0.9750	-11.3970	-0.5698	-14.8471	-7.6404	-0.3820	-10.1193	-6.1807	-0.3090	-8.5858	-4.3727	-0.2186	-5.8937	-4.7117	-0.2356	-6.2327	-12.7264	DG +3.0;SEI +0.4	DG +1.0;OKTA +0.5
rerun_grid	ALL	prior_low	2ADR|trail_sma10	A	408	224	18	124.7486	41.3344	40.1431	20.6672	20.6672	-1.0000	-1.0000	-1.0000	-1.0000	-1.0000	26.9765	0.0661	-22.8946	5.1596	0.0126	-6.3494	3.7189	0.0091	-7.7901	6.9902	0.0171	1.1700	6.3858	0.0157	0.4972	5.4343	VOYG +30.5;VG +19.4	VOYG +3.3;TEAM +2.5
rerun_grid	ALL	prior_low	2ADR|trail_sma10	A_disc	393	217	18	124.7486	41.3344	40.1431	20.6672	20.6672	-1.0000	-1.0000	-1.0000	-1.0000	-1.0000	30.9892	0.0789	-18.8819	5.4853	0.0140	-6.0237	3.9202	0.0100	-7.5888	6.2208	0.0158	0.4007	5.6594	0.0144	-0.2292	9.4470	VOYG +30.5;VG +19.4	VOYG +3.3;TEAM +2.5
rerun_grid	ALL	prior_low	2ADR|trail_sma10	B	20	13	0	0	0	0	0	0	-1.0000	-1.0000	-0.9458	-0.7500	-0.9750	-11.3622	-0.5681	-14.4575	-7.7231	-0.3862	-9.8472	-6.5060	-0.3253	-8.5702	-4.6980	-0.2349	-5.7807	-5.0198	-0.2510	-6.1033	-12.6916	DG +3.0;SEI +0.1	DG +1.0;SEI +0.1
rerun_grid	ALL	prior_low	2ADR|trail_sma20	A	408	224	20	137.9378	43.6122	42.4209	21.8061	21.8061	-1.0000	-1.0000	-1.0000	-1.0000	-1.0000	40.8921	0.1002	-8.9790	5.4599	0.0134	-6.0491	2.2451	0.0055	-9.2639	4.8854	0.0120	-0.9348	5.2108	0.0128	-0.6778	23.2042	VOYG +30.5;VG +19.4	VOYG +3.3;TEAM +2.5
rerun_grid	ALL	prior_low	2ADR|trail_sma20	A_disc	393	217	20	137.9378	43.6122	42.4209	21.8061	21.8061	-1.0000	-1.0000	-1.0000	-1.0000	-1.0000	47.2502	0.1202	-2.6209	8.1309	0.0207	-3.3781	4.4546	0.0113	-7.0544	6.0198	0.0153	0.1996	6.4771	0.0165	0.5884	29.5623	VOYG +30.5;VG +19.4	VOYG +3.3;TEAM +2.5
rerun_grid	ALL	prior_low	2ADR|trail_sma20	B	20	13	0	0	0	0	0	0	-1.0000	-1.0000	-0.9458	-0.7500	-0.9750	-9.3172	-0.4659	-12.7673	-5.7047	-0.2852	-8.1835	-4.6209	-0.2310	-7.0260	-3.4048	-0.1702	-4.9258	-3.7438	-0.1872	-5.2648	-10.6466	DG +3.0;SEI +0.4	DG +1.0;OKTA +0.5
rerun_grid	ALL	prior_low	2ADR|trail_max10_20	A	408	224	19	133.7478	42.4034	41.2120	21.2017	21.2017	-1.0000	-1.0000	-1.0000	-1.0000	-1.0000	45.7714	0.1122	-4.0997	11.5056	0.0282	-0.0034	8.6432	0.0212	-2.8658	10.3538	0.0254	4.5336	10.6857	0.0262	4.7971	28.0835	VOYG +30.5;VG +19.4	VOYG +3.3;TEAM +2.5
rerun_grid	ALL	prior_low	2ADR|trail_max10_20	A_disc	393	217	19	133.7478	42.4034	41.2120	21.2017	21.2017	-1.0000	-1.0000	-1.0000	-1.0000	-1.0000	49.7841	0.1267	-0.0870	11.8313	0.0301	0.3223	8.8445	0.0225	-2.6645	9.5844	0.0244	3.7643	9.9593	0.0253	4.0707	32.0962	VOYG +30.5;VG +19.4	VOYG +3.3;TEAM +2.5
rerun_grid	ALL	prior_low	2ADR|trail_max10_20	B	20	13	0	0	0	0	0	0	-1.0000	-1.0000	-0.9458	-0.7500	-0.9750	-10.2301	-0.5115	-13.3254	-6.6176	-0.3309	-8.7421	-5.6569	-0.2828	-7.7211	-4.1453	-0.2073	-5.2280	-4.4670	-0.2234	-5.5505	-11.5595	DG +3.0;SEI +0.1	DG +1.0;SEI +0.1
rerun_grid	ALL	prior_low	2ADR|time_s3	A	408	224	19	126.6783	40.2894	39.0981	20.1447	20.1447	-1.0000	-1.0000	-1.0000	-1.0000	-1.0000	47.1676	0.1156	-3.1141	19.3082	0.0473	8.0823	21.5788	0.0529	10.3529	21.7642	0.0533	15.7892	19.6269	0.0481	12.7565	25.8857	VOYG +30.5;VG +19.8	VOYG +3.3;ABSI +2.7
rerun_grid	ALL	prior_low	2ADR|time_s3	A_disc	393	217	19	126.6783	40.2894	39.0981	20.1447	20.1447	-1.0000	-1.0000	-1.0000	-1.0000	-1.0000	44.0490	0.1121	-6.2327	15.1216	0.0385	3.8957	17.1501	0.0436	5.9242	17.9316	0.0456	11.9566	15.8734	0.0404	9.0031	22.7671	VOYG +30.5;VG +19.8	VOYG +3.3;ABSI +2.7
rerun_grid	ALL	prior_low	2ADR|time_s3	B	20	13	0	0	0	0	0	0	-1.0000	-1.0000	-0.9458	-0.7500	-0.9750	-12.7008	-0.6350	-15.3397	-8.9442	-0.4472	-10.8404	-7.5726	-0.3786	-9.4295	-5.4184	-0.2709	-6.3664	-5.7302	-0.2865	-6.6783	-14.0302	DG +3.0;ROIV -0.4	DG +1.0;PHVS -0.1
rerun_grid	ALL	prior_low	2ADR|time_s5	A	408	224	17	118.2053	39.8932	38.7018	19.9466	19.9466	-1.0000	-1.0000	-1.0000	-1.0000	-1.0000	21.8905	0.0537	-28.7457	1.9721	0.0048	-9.4856	7.1269	0.0175	-4.3308	8.4735	0.0208	2.4728	4.5142	0.0111	-2.3904	0.3466	VOYG +30.5;VG +20.1	VOYG +3.3;ABSI +2.7
rerun_grid	ALL	prior_low	2ADR|time_s5	A_disc	393	217	17	118.2053	39.8932	38.7018	19.9466	19.9466	-1.0000	-1.0000	-1.0000	-1.0000	-1.0000	24.7419	0.0630	-25.8943	1.1337	0.0029	-10.3240	5.7650	0.0147	-5.6927	6.2059	0.0158	0.2052	2.3784	0.0061	-4.5261	3.1980	VOYG +30.5;VG +20.1	VOYG +3.3;ABSI +2.7
rerun_grid	ALL	prior_low	2ADR|time_s5	B	20	13	0	0	0	0	0	0	-1.0000	-1.0000	-0.9458	-0.7500	-0.9750	-12.3439	-0.6172	-15.2234	-8.5873	-0.4294	-10.4956	-7.1657	-0.3583	-9.0680	-5.1267	-0.2563	-6.0748	-5.4536	-0.2727	-6.4017	-13.6733	DG +3.0;SEI -0.1	DG +1.0;PHVS -0.1
rerun_grid	ALL	prior_low	2ADR|time_s10	A	408	224	21	141.7241	48.9016	46.5952	24.4508	24.4508	-1.0000	-1.0000	-1.0000	-1.0000	-1.0000	24.3352	0.0596	-25.3010	-2.8582	-0.0070	-15.7948	-1.4779	-0.0036	-13.2995	-1.2535	-0.0031	-7.7218	-4.3262	-0.0106	-10.7945	1.9342	VOYG +30.5;VG +19.1	VOYG +3.3;COHU +3.2
rerun_grid	ALL	prior_low	2ADR|time_s10	A_disc	393	217	21	141.7241	48.9016	46.5952	24.4508	24.4508	-1.0000	-1.0000	-1.0000	-1.0000	-1.0000	30.6933	0.0781	-18.9429	-0.1871	-0.0005	-13.1237	0.7317	0.0019	-11.0899	-0.1191	-0.0003	-6.5874	-3.0599	-0.0078	-9.5282	8.2923	VOYG +30.5;VG +19.1	VOYG +3.3;COHU +3.2
rerun_grid	ALL	prior_low	2ADR|time_s10	B	20	13	0	0	0	0	0	0	-1.0000	-1.0000	-0.9458	-0.7500	-0.9750	-11.3970	-0.5698	-14.8471	-7.6404	-0.3820	-10.1193	-6.1807	-0.3090	-8.5858	-4.3727	-0.2186	-5.8937	-4.7117	-0.2356	-6.2327	-12.7264	DG +3.0;SEI +0.4	DG +1.0;OKTA +0.5
rerun_grid	ALL	prior_low	2ADR|sma21_2x	A	408	224	21	141.7241	48.9016	46.5952	24.4508	24.4508	-1.0000	-1.0000	-1.0000	-1.0000	-1.0000	31.7709	0.0779	-17.7513	3.4758	0.0085	-9.4608	2.1406	0.0052	-9.6810	3.1116	0.0076	-3.3567	2.2472	0.0055	-4.2211	10.3522	VOYG +30.5;VG +19.0	VOYG +3.3;COHU +3.2
rerun_grid	ALL	prior_low	2ADR|sma21_2x	A_disc	393	217	21	141.7241	48.9016	46.5952	24.4508	24.4508	-1.0000	-1.0000	-1.0000	-1.0000	-1.0000	38.1290	0.0970	-11.3932	6.1468	0.0156	-6.7898	4.3502	0.0111	-7.4714	4.2460	0.0108	-2.2223	3.5134	0.0089	-2.9549	16.7103	VOYG +30.5;VG +19.0	VOYG +3.3;COHU +3.2
rerun_grid	ALL	prior_low	2ADR|sma21_2x	B	20	13	0	0	0	0	0	0	-1.0000	-1.0000	-0.9458	-0.7500	-0.9750	-9.4253	-0.4713	-12.8754	-5.9132	-0.2957	-8.3921	-4.7020	-0.2351	-7.1070	-3.5091	-0.1755	-5.0301	-3.8481	-0.1924	-5.3691	-10.7547	DG +3.0;SEI +0.4	DG +1.0;OKTA +0.5
rerun_grid	ALL	prior_low	2ADR|ema23_2x	A	408	224	20	133.4784	44.2150	43.0237	22.1075	22.1075	-1.0000	-1.0000	-1.0000	-1.0000	-1.0000	24.1143	0.0591	-25.4079	-0.6001	-0.0015	-12.1091	-1.3918	-0.0034	-12.9008	0.6360	0.0016	-5.1841	-0.2285	-0.0006	-6.1171	2.8863	VOYG +30.5;VG +19.0	VOYG +3.3;TEAM +2.5
rerun_grid	ALL	prior_low	2ADR|ema23_2x	A_disc	393	217	20	133.4784	44.2150	43.0237	22.1075	22.1075	-1.0000	-1.0000	-1.0000	-1.0000	-1.0000	30.4724	0.0775	-19.0498	2.0710	0.0053	-9.4380	0.8177	0.0021	-10.6913	1.7704	0.0045	-4.0498	1.0378	0.0026	-4.8509	9.2444	VOYG +30.5;VG +19.0	VOYG +3.3;TEAM +2.5
rerun_grid	ALL	prior_low	2ADR|ema23_2x	B	20	13	0	0	0	0	0	0	-1.0000	-1.0000	-0.9458	-0.7500	-0.9750	-9.4253	-0.4713	-12.8754	-5.9132	-0.2957	-8.3921	-4.7020	-0.2351	-7.1070	-3.5091	-0.1755	-5.0301	-3.8481	-0.1924	-5.3691	-10.7547	DG +3.0;SEI +0.4	DG +1.0;OKTA +0.5
rerun_grid	ALL	prior_low	2ADR|sma50_1x	A	408	224	19	114.2211	41.7285	40.5372	20.8642	20.8642	-1.0000	-1.0000	-1.0000	-1.0000	-1.0000	6.6078	0.0162	-35.5025	-5.2331	-0.0128	-16.7421	-6.5496	-0.0161	-18.0586	-3.0105	-0.0074	-8.8306	-2.8831	-0.0071	-8.7718	-8.5342	VOYG +30.5;KURA +11.6	VOYG +3.3;TEAM +2.5
rerun_grid	ALL	prior_low	2ADR|sma50_1x	A_disc	393	217	19	114.2211	41.7285	40.5372	20.8642	20.8642	-1.0000	-1.0000	-1.0000	-1.0000	-1.0000	12.9659	0.0330	-29.1444	-2.5620	-0.0065	-14.0710	-4.3401	-0.0110	-15.8491	-1.8761	-0.0048	-7.6962	-1.6169	-0.0041	-7.5055	-2.1761	VOYG +30.5;KURA +11.6	VOYG +3.3;TEAM +2.5
rerun_grid	ALL	prior_low	2ADR|sma50_1x	B	20	13	0	0	0	0	0	0	-1.0000	-1.0000	-0.9458	-0.7500	-0.9750	-9.3172	-0.4659	-12.7673	-5.7047	-0.2852	-8.1835	-4.6209	-0.2310	-7.0260	-3.4048	-0.1702	-4.9258	-3.7438	-0.1872	-5.2648	-10.6466	DG +3.0;SEI +0.4	DG +1.0;OKTA +0.5
rerun_grid	ALL	prior_low	2ADR|ema65_1x	A	408	224	19	127.5088	39.4758	38.2845	19.7379	19.7379	-1.0000	-1.0000	-1.0000	-1.0000	-1.0000	18.9941	0.0466	-30.5281	-8.3161	-0.0204	-19.8251	-10.6300	-0.0261	-22.1390	-4.7108	-0.0115	-10.5309	-4.7646	-0.0117	-10.6532	3.9421	VOYG +30.5;VG +19.0	VOYG +3.3;TEAM +2.5
rerun_grid	ALL	prior_low	2ADR|ema65_1x	A_disc	393	217	19	127.5088	39.4758	38.2845	19.7379	19.7379	-1.0000	-1.0000	-1.0000	-1.0000	-1.0000	25.3522	0.0645	-24.1700	-5.6450	-0.0144	-17.1540	-8.4205	-0.0214	-19.9295	-3.5764	-0.0091	-9.3966	-3.4983	-0.0089	-9.3870	10.3002	VOYG +30.5;VG +19.0	VOYG +3.3;TEAM +2.5
rerun_grid	ALL	prior_low	2ADR|ema65_1x	B	20	13	0	0	0	0	0	0	-1.0000	-1.0000	-0.9458	-0.7500	-0.9750	-9.3172	-0.4659	-12.7673	-5.7047	-0.2852	-8.1835	-4.6209	-0.2310	-7.0260	-3.4048	-0.1702	-4.9258	-3.7438	-0.1872	-5.2648	-10.6466	DG +3.0;SEI +0.4	DG +1.0;OKTA +0.5
rerun_grid	ALL	prior_low	2ADR|hv21_50_noreclaim2	A	408	224	21	141.7241	48.9016	46.5952	24.4508	24.4508	-1.0000	-1.0000	-1.0000	-1.0000	-1.0000	24.3352	0.0596	-25.3010	-2.8582	-0.0070	-15.7948	-1.4779	-0.0036	-13.2995	-1.2535	-0.0031	-7.7218	-4.3262	-0.0106	-10.7945	1.9342	VOYG +30.5;VG +19.1	VOYG +3.3;COHU +3.2
rerun_grid	ALL	prior_low	2ADR|hv21_50_noreclaim2	A_disc	393	217	21	141.7241	48.9016	46.5952	24.4508	24.4508	-1.0000	-1.0000	-1.0000	-1.0000	-1.0000	30.6933	0.0781	-18.9429	-0.1871	-0.0005	-13.1237	0.7317	0.0019	-11.0899	-0.1191	-0.0003	-6.5874	-3.0599	-0.0078	-9.5282	8.2923	VOYG +30.5;VG +19.1	VOYG +3.3;COHU +3.2
rerun_grid	ALL	prior_low	2ADR|hv21_50_noreclaim2	B	20	13	0	0	0	0	0	0	-1.0000	-1.0000	-0.9458	-0.7500	-0.9750	-11.3970	-0.5698	-14.8471	-7.6404	-0.3820	-10.1193	-6.1807	-0.3090	-8.5858	-4.3727	-0.2186	-5.8937	-4.7117	-0.2356	-6.2327	-12.7264	DG +3.0;SEI +0.4	DG +1.0;OKTA +0.5
rerun_grid	ALL	prior_low	3ADR|none	A	408	224	25	180.4117	89.1327	85.6732	45.5367	45.5367	-1.0000	-1.0000	-1.0000	-1.0000	-1.0000	17.6551	0.0433	-47.2850	-1.7570	-0.0043	-21.1620	-2.5760	-0.0063	-20.3085	-5.3048	-0.0130	-15.0073	-8.2700	-0.0203	-17.9725	-4.7459	VOYG +45.8;COHU +19.2	VOYG +4.9;COHU +4.8
rerun_grid	ALL	prior_low	3ADR|none	A_disc	393	217	25	180.4117	89.1327	85.6732	45.5367	45.5367	-1.0000	-1.0000	-1.0000	-1.0000	-1.0000	26.0820	0.0664	-38.8581	2.9828	0.0076	-16.4222	1.7023	0.0043	-16.0301	-2.3084	-0.0059	-12.0109	-5.1418	-0.0131	-14.8443	3.6810	VOYG +45.8;COHU +19.2	VOYG +4.9;COHU +4.8
rerun_grid	ALL	prior_low	3ADR|none	B	20	13	0	0	0	0	0	0	-1.0000	-1.0000	-0.9458	-0.7500	-0.9750	-14.7459	-0.7373	-15.4218	-9.9065	-0.4953	-10.7670	-8.3981	-0.4199	-9.2146	-5.4812	-0.2741	-6.3770	-5.8201	-0.2910	-6.7203	-16.0753	SEI +0.4;OKTA +0.2	OKTA +0.6;SEI +0.3
rerun_grid	ALL	prior_low	3ADR|trail_sma10	A	408	224	22	157.5230	76.6112	74.8243	39.2760	39.2760	-1.0000	-1.0000	-1.0000	-1.0000	-1.0000	20.2710	0.0497	-42.8945	5.2815	0.0129	-11.9821	2.1956	0.0054	-15.0680	2.7083	0.0066	-6.0219	2.2131	0.0054	-6.6198	-1.2712	VOYG +45.8;KURA +17.4	VOYG +4.9;TEAM +3.8
rerun_grid	ALL	prior_low	3ADR|trail_sma10	A_disc	393	217	22	157.5230	76.6112	74.8243	39.2760	39.2760	-1.0000	-1.0000	-1.0000	-1.0000	-1.0000	26.7000	0.0679	-36.4655	8.0234	0.0204	-9.2402	4.8132	0.0122	-12.4504	4.0984	0.0104	-4.6318	3.6462	0.0093	-5.1868	5.1578	VOYG +45.8;KURA +17.4	VOYG +4.9;TEAM +3.8
rerun_grid	ALL	prior_low	3ADR|trail_sma10	B	20	13	0	0	0	0	0	0	-1.0000	-1.0000	-0.9458	-0.7500	-0.9750	-14.8577	-0.7429	-14.4575	-10.1162	-0.5058	-10.0536	-8.8495	-0.4425	-8.7663	-5.8946	-0.2947	-5.8840	-6.2163	-0.3108	-6.2065	-16.1871	SEI +0.1;DG -0.5	SEI +0.1;PHVS -0.1
rerun_grid	ALL	prior_low	3ADR|trail_sma20	A	408	224	23	166.5222	77.6802	75.8932	39.8105	39.8105	-1.0000	-1.0000	-1.0000	-1.0000	-1.0000	29.4539	0.0722	-33.7116	4.5870	0.0112	-12.6766	-0.2695	-0.0007	-17.5331	0.1593	0.0004	-8.5709	0.5923	0.0015	-8.2406	11.7660	VOYG +45.8;KURA +17.4	VOYG +4.9;TEAM +3.8
rerun_grid	ALL	prior_low	3ADR|trail_sma20	A_disc	393	217	23	166.5222	77.6802	75.8932	39.8105	39.8105	-1.0000	-1.0000	-1.0000	-1.0000	-1.0000	37.8808	0.0964	-25.2847	9.3269	0.0237	-7.9367	4.0088	0.0102	-13.2548	3.1557	0.0080	-5.5745	3.7206	0.0095	-5.1124	20.1929	VOYG +45.8;KURA +17.4	VOYG +4.9;TEAM +3.8
rerun_grid	ALL	prior_low	3ADR|trail_sma20	B	20	13	0	0	0	0	0	0	-1.0000	-1.0000	-0.9458	-0.7500	-0.9750	-12.7272	-0.6364	-13.4031	-8.0122	-0.4006	-8.8727	-6.8789	-0.3439	-7.6954	-4.5340	-0.2267	-5.4298	-4.8730	-0.2436	-5.7732	-14.0566	SEI +0.4;OKTA +0.2	OKTA +0.6;SEI +0.3
rerun_grid	ALL	prior_low	3ADR|trail_max10_20	A	408	224	23	166.5222	77.6802	75.8932	39.8105	39.8105	-1.0000	-1.0000	-1.0000	-1.0000	-1.0000	40.3764	0.0990	-22.7891	12.8815	0.0316	-4.3821	8.3739	0.0205	-8.8897	6.7843	0.0166	-1.9460	7.2254	0.0177	-1.6075	22.6885	VOYG +45.8;KURA +17.4	VOYG +4.9;TEAM +3.8
rerun_grid	ALL	prior_low	3ADR|trail_max10_20	A_disc	393	217	23	166.5222	77.6802	75.8932	39.8105	39.8105	-1.0000	-1.0000	-1.0000	-1.0000	-1.0000	46.8054	0.1191	-16.3601	15.6234	0.0398	-1.6402	10.9915	0.0280	-6.2721	8.1744	0.0208	-0.5559	8.6584	0.0220	-0.1745	29.1175	VOYG +45.8;KURA +17.4	VOYG +4.9;TEAM +3.8
rerun_grid	ALL	prior_low	3ADR|trail_max10_20	B	20	13	0	0	0	0	0	0	-1.0000	-1.0000	-0.9458	-0.7500	-0.9750	-13.7256	-0.6863	-13.8881	-9.0106	-0.4505	-9.1765	-8.0004	-0.4000	-8.1223	-5.3418	-0.2671	-5.4454	-5.6635	-0.2832	-5.7680	-15.0550	SEI +0.1;AGX +0.1	SEI +0.1;AGX +0.0
rerun_grid	ALL	prior_low	3ADR|time_s3	A	408	224	20	158.3733	53.0994	51.3124	26.7924	26.7924	-1.0000	-1.0000	-1.0000	-1.0000	-1.0000	69.9592	0.1715	-0.1024	24.5027	0.0601	7.9731	26.3107	0.0645	9.7811	24.3239	0.0596	15.8164	22.4218	0.0550	13.5889	48.6773	VOYG +45.8;VG +24.3	VOYG +4.9;DFTX +3.6
rerun_grid	ALL	prior_low	3ADR|time_s3	A_disc	393	217	20	158.3733	53.0994	51.3124	26.7924	26.7924	-1.0000	-1.0000	-1.0000	-1.0000	-1.0000	67.5130	0.1718	-2.5486	20.9885	0.0534	4.4589	22.5544	0.0574	6.0248	21.0635	0.0536	12.5560	19.2405	0.0490	10.4076	46.2311	VOYG +45.8;VG +24.3	VOYG +4.9;DFTX +3.6
rerun_grid	ALL	prior_low	3ADR|time_s3	B	20	13	0	0	0	0	0	0	-1.0000	-1.0000	-0.9458	-0.7500	-0.9750	-13.0539	-0.6527	-15.3397	-9.2079	-0.4604	-10.8404	-7.8276	-0.3914	-9.4295	-5.5502	-0.2775	-6.3664	-5.8621	-0.2931	-6.6783	-14.3833	DG +2.7;ROIV -0.4	DG +0.9;PHVS -0.1
rerun_grid	ALL	prior_low	3ADR|time_s5	A	408	224	17	127.9746	49.8209	48.0339	25.1532	25.1532	-1.0000	-1.0000	-1.0000	-1.0000	-1.0000	11.0523	0.0271	-52.1132	-7.1600	-0.0175	-23.6896	-3.0638	-0.0075	-19.5934	0.6983	0.0017	-7.8092	-2.9346	-0.0072	-11.7675	-10.4916	VOYG +45.8;KURA +17.4	VOYG +4.9;DFTX +3.6
rerun_grid	ALL	prior_low	3ADR|time_s5	A_disc	393	217	17	127.9746	49.8209	48.0339	25.1532	25.1532	-1.0000	-1.0000	-1.0000	-1.0000	-1.0000	15.0478	0.0383	-48.1177	-6.8543	-0.0174	-23.3839	-3.2816	-0.0084	-19.8113	-0.7172	-0.0018	-9.2247	-4.2182	-0.0107	-13.0512	-6.4961	VOYG +45.8;KURA +17.4	VOYG +4.9;DFTX +3.6
rerun_grid	ALL	prior_low	3ADR|time_s5	B	20	13	0	0	0	0	0	0	-1.0000	-1.0000	-0.9458	-0.7500	-0.9750	-14.2893	-0.7145	-15.2234	-9.9300	-0.4965	-10.4956	-8.4790	-0.4239	-9.0680	-5.7980	-0.2899	-6.0748	-6.1250	-0.3062	-6.4017	-15.6187	DG +1.1;SEI -0.1	DG +0.3;PHVS -0.1
rerun_grid	ALL	prior_low	3ADR|time_s10	A	408	224	25	180.4117	89.1327	85.6732	45.5367	45.5367	-1.0000	-1.0000	-1.0000	-1.0000	-1.0000	17.6551	0.0433	-47.2850	-1.7570	-0.0043	-21.1620	-2.5760	-0.0063	-20.3085	-5.3048	-0.0130	-15.0073	-8.2700	-0.0203	-17.9725	-4.7459	VOYG +45.8;COHU +19.2	VOYG +4.9;COHU +4.8
rerun_grid	ALL	prior_low	3ADR|time_s10	A_disc	393	217	25	180.4117	89.1327	85.6732	45.5367	45.5367	-1.0000	-1.0000	-1.0000	-1.0000	-1.0000	26.0820	0.0664	-38.8581	2.9828	0.0076	-16.4222	1.7023	0.0043	-16.0301	-2.3084	-0.0059	-12.0109	-5.1418	-0.0131	-14.8443	3.6810	VOYG +45.8;COHU +19.2	VOYG +4.9;COHU +4.8
rerun_grid	ALL	prior_low	3ADR|time_s10	B	20	13	0	0	0	0	0	0	-1.0000	-1.0000	-0.9458	-0.7500	-0.9750	-14.7459	-0.7373	-15.4218	-9.9065	-0.4953	-10.7670	-8.3981	-0.4199	-9.2146	-5.4812	-0.2741	-6.3770	-5.8201	-0.2910	-6.7203	-16.0753	SEI +0.4;OKTA +0.2	OKTA +0.6;SEI +0.3
rerun_grid	ALL	prior_low	3ADR|sma21_2x	A	408	224	25	180.4117	89.1327	85.6732	45.5367	45.5367	-1.0000	-1.0000	-1.0000	-1.0000	-1.0000	25.8943	0.0635	-39.0458	5.3603	0.0131	-14.0446	1.8259	0.0045	-15.9065	-0.1532	-0.0004	-9.8557	-0.9102	-0.0022	-10.6127	4.4756	VOYG +45.8;COHU +19.2	VOYG +4.9;COHU +4.8
rerun_grid	ALL	prior_low	3ADR|sma21_2x	A_disc	393	217	25	180.4117	89.1327	85.6732	45.5367	45.5367	-1.0000	-1.0000	-1.0000	-1.0000	-1.0000	34.3212	0.0873	-30.6189	10.1002	0.0257	-9.3048	6.1043	0.0155	-11.6282	2.8432	0.0072	-6.8593	2.2180	0.0056	-7.4845	12.9025	VOYG +45.8;COHU +19.2	VOYG +4.9;COHU +4.8
rerun_grid	ALL	prior_low	3ADR|sma21_2x	B	20	13	0	0	0	0	0	0	-1.0000	-1.0000	-0.9458	-0.7500	-0.9750	-13.5774	-0.6789	-14.2533	-8.7236	-0.4362	-9.5841	-7.4531	-0.3727	-8.2697	-4.8897	-0.2445	-5.7855	-5.2287	-0.2614	-6.1288	-14.9068	SEI +0.4;OKTA +0.2	OKTA +0.6;SEI +0.3
rerun_grid	ALL	prior_low	3ADR|ema23_2x	A	408	224	24	165.7731	81.2669	79.4799	41.6038	41.6038	-1.0000	-1.0000	-1.0000	-1.0000	-1.0000	12.3709	0.0303	-50.7946	-1.3687	-0.0034	-18.6322	-3.8021	-0.0093	-21.0657	-3.7149	-0.0091	-12.4452	-4.4719	-0.0110	-13.3048	-8.8571	VOYG +45.8;KURA +17.4	VOYG +4.9;TEAM +3.8
rerun_grid	ALL	prior_low	3ADR|ema23_2x	A_disc	393	217	24	165.7731	81.2669	79.4799	41.6038	41.6038	-1.0000	-1.0000	-1.0000	-1.0000	-1.0000	20.7978	0.0529	-42.3677	3.3712	0.0086	-13.8924	0.4762	0.0012	-16.7874	-0.7185	-0.0018	-9.4488	-1.3436	-0.0034	-10.1766	-0.4302	VOYG +45.8;KURA +17.4	VOYG +4.9;TEAM +3.8
rerun_grid	ALL	prior_low	3ADR|ema23_2x	B	20	13	0	0	0	0	0	0	-1.0000	-1.0000	-0.9458	-0.7500	-0.9750	-13.5774	-0.6789	-14.2533	-8.7236	-0.4362	-9.5841	-7.4531	-0.3727	-8.2697	-4.8897	-0.2445	-5.7855	-5.2287	-0.2614	-6.1288	-14.9068	SEI +0.4;OKTA +0.2	OKTA +0.6;SEI +0.3
rerun_grid	ALL	prior_low	3ADR|sma50_1x	A	408	224	23	161.5391	77.4476	75.6607	39.6942	39.6942	-1.0000	-1.0000	-1.0000	-1.0000	-1.0000	19.6484	0.0482	-43.5171	-0.7124	-0.0017	-17.9760	-2.5668	-0.0063	-19.8304	-3.2735	-0.0080	-12.0038	-2.9673	-0.0073	-11.8003	4.5064	VOYG +45.8;KURA +17.4	VOYG +4.9;TEAM +3.8
rerun_grid	ALL	prior_low	3ADR|sma50_1x	A_disc	393	217	23	161.5391	77.4476	75.6607	39.6942	39.6942	-1.0000	-1.0000	-1.0000	-1.0000	-1.0000	28.0753	0.0714	-35.0902	4.0274	0.0102	-13.2362	1.7115	0.0044	-15.5521	-0.2771	-0.0007	-9.0074	0.1609	0.0004	-8.6720	12.9333	VOYG +45.8;KURA +17.4	VOYG +4.9;TEAM +3.8
rerun_grid	ALL	prior_low	3ADR|sma50_1x	B	20	13	0	0	0	0	0	0	-1.0000	-1.0000	-0.9458	-0.7500	-0.9750	-13.4693	-0.6735	-14.1452	-8.5151	-0.4258	-9.3755	-7.3721	-0.3686	-8.1886	-4.7854	-0.2393	-5.6812	-5.1244	-0.2562	-6.0246	-14.7987	SEI +0.4;OKTA +0.2	OKTA +0.6;SEI +0.3
rerun_grid	ALL	prior_low	3ADR|ema65_1x	A	408	224	21	148.1815	67.6233	65.8363	34.7820	34.7820	-1.0000	-1.0000	-1.0000	-1.0000	-1.0000	7.5295	0.0185	-55.6360	-8.9573	-0.0220	-26.2209	-12.9164	-0.0317	-30.1800	-8.2756	-0.0203	-17.0059	-8.2202	-0.0201	-17.0532	-7.5225	VOYG +45.8;KURA +17.4	VOYG +4.9;TEAM +3.8
rerun_grid	ALL	prior_low	3ADR|ema65_1x	A_disc	393	217	21	148.1815	67.6233	65.8363	34.7820	34.7820	-1.0000	-1.0000	-1.0000	-1.0000	-1.0000	15.9564	0.0406	-47.2091	-4.2174	-0.0107	-21.4810	-8.6380	-0.0220	-25.9016	-5.2792	-0.0134	-14.0095	-5.0920	-0.0130	-13.9249	0.9044	VOYG +45.8;KURA +17.4	VOYG +4.9;TEAM +3.8
rerun_grid	ALL	prior_low	3ADR|ema65_1x	B	20	13	0	0	0	0	0	0	-1.0000	-1.0000	-0.9458	-0.7500	-0.9750	-12.6661	-0.6333	-13.3420	-7.9708	-0.3985	-8.8313	-6.8383	-0.3419	-7.6548	-4.5133	-0.2257	-5.4091	-4.8523	-0.2426	-5.7525	-13.9955	SEI +0.4;OKTA +0.2	OKTA +0.6;SEI +0.3
rerun_grid	ALL	prior_low	3ADR|hv21_50_noreclaim2	A	408	224	25	180.4117	89.1327	85.6732	45.5367	45.5367	-1.0000	-1.0000	-1.0000	-1.0000	-1.0000	17.6551	0.0433	-47.2850	-1.7570	-0.0043	-21.1620	-2.5760	-0.0063	-20.3085	-5.3048	-0.0130	-15.0073	-8.2700	-0.0203	-17.9725	-4.7459	VOYG +45.8;COHU +19.2	VOYG +4.9;COHU +4.8
rerun_grid	ALL	prior_low	3ADR|hv21_50_noreclaim2	A_disc	393	217	25	180.4117	89.1327	85.6732	45.5367	45.5367	-1.0000	-1.0000	-1.0000	-1.0000	-1.0000	26.0820	0.0664	-38.8581	2.9828	0.0076	-16.4222	1.7023	0.0043	-16.0301	-2.3084	-0.0059	-12.0109	-5.1418	-0.0131	-14.8443	3.6810	VOYG +45.8;COHU +19.2	VOYG +4.9;COHU +4.8
rerun_grid	ALL	prior_low	3ADR|hv21_50_noreclaim2	B	20	13	0	0	0	0	0	0	-1.0000	-1.0000	-0.9458	-0.7500	-0.9750	-14.7459	-0.7373	-15.4218	-9.9065	-0.4953	-10.7670	-8.3981	-0.4199	-9.2146	-5.4812	-0.2741	-6.3770	-5.8201	-0.2910	-6.7203	-16.0753	SEI +0.4;OKTA +0.2	OKTA +0.6;SEI +0.3
rerun_mgmt	ALL	incumbent	M1_orb2	A	527	229	30	176.9962	113.7227	106.9900	64.7997	65.3315	-2.6509	-2.1429	-2.1429	-1.2697	-1.2697	-69.4987	-0.1319	-108.1732	-12.3233	-0.0234	-48.5223	-12.8316	-0.0243	-49.0306	-4.1482	-0.0079	-25.1949	-6.2318	-0.0118	-27.2785		TE +26.0;CLF +12.7	TE +14.3;HQ +6.8
rerun_mgmt	ALL	incumbent	M1_orb2	A_disc	508	222	30	176.9962	113.7227	106.9900	64.7997	65.3315	-2.6509	-2.1429	-2.1429	-1.2697	-1.2697	-64.6906	-0.1273	-103.3651	-10.0890	-0.0199	-46.2880	-11.0482	-0.0217	-47.2472	-3.1249	-0.0062	-24.1715	-5.1329	-0.0101	-26.1795		TE +26.0;CLF +12.7	TE +14.3;HQ +6.8
rerun_mgmt	ALL	incumbent	M1_orb2	B	18	11	0	0	0	0	0	0	-1.0000	-1.0000	-0.7500	-0.7500	-0.9750	-10.2604	-0.5700	-12.3333	-5.2835	-0.2935	-5.9221	-4.5766	-0.2543	-5.1955	-2.8722	-0.1596	-3.2112	-3.0964	-0.1720	-3.4362		SEI +1.4;DG +0.7	DG +0.2;SEI +0.1
rerun_mgmt	ALL	incumbent	M1t_orb2	A	493	228	32	159.7270	95.7766	90.7264	54.2479	54.6602	-2.4567	-2.1429	-2.1429	-1.2697	-1.2697	-67.2791	-0.1365	-93.3230	-24.2277	-0.0491	-41.5693	-26.6039	-0.0540	-43.9455	-12.8491	-0.0261	-21.7958	-14.1506	-0.0287	-23.4037		MMYT +13.3;KURA +12.7	VOYG +4.6;MMYT +4.4
rerun_mgmt	ALL	incumbent	M1t_orb2	A_disc	476	221	32	159.7270	95.7766	90.7264	54.2479	54.6602	-2.4567	-2.1429	-2.1429	-1.2697	-1.2697	-61.8959	-0.1300	-87.9397	-21.2870	-0.0447	-38.6285	-24.1332	-0.0507	-41.4748	-11.3148	-0.0238	-20.2615	-12.5407	-0.0263	-21.7938		MMYT +13.3;KURA +12.7	VOYG +4.6;MMYT +4.4
rerun_mgmt	ALL	incumbent	M1t_orb2	B	18	11	0	0	0	0	0	0	-1.0000	-1.0000	-0.7500	-0.7500	-0.9750	-9.7632	-0.5424	-12.5085	-5.3131	-0.2952	-5.8501	-4.6062	-0.2559	-5.1235	-2.8870	-0.1604	-3.1751	-3.1112	-0.1728	-3.4002		SEI +1.4;CHRN +1.3	DG +0.1;SEI +0.1
rerun_mgmt	ALL	incumbent	M1t_orb1	A	515	227	33	199.1823	111.2845	105.7171	61.1472	61.5246	-2.6509	-2.1429	-2.1429	-1.2697	-1.2697	-84.5115	-0.1641	-114.3031	-34.8178	-0.0676	-54.8931	-37.1758	-0.0722	-57.2510	-20.2337	-0.0393	-30.5507	-21.5947	-0.0419	-31.9117		MMYT +15.8;KURA +14.0	VOYG +5.2;MMYT +5.2
rerun_mgmt	ALL	incumbent	M1t_orb1	A_disc	497	220	33	199.1823	111.2845	105.7171	61.1472	61.5246	-2.6509	-2.1429	-2.1429	-1.2697	-1.2697	-76.0970	-0.1531	-105.8886	-30.8142	-0.0620	-50.8895	-33.6422	-0.0677	-53.7174	-18.1679	-0.0366	-28.4850	-19.4533	-0.0391	-29.7704		MMYT +15.8;KURA +14.0	VOYG +5.2;MMYT +5.2
rerun_mgmt	ALL	incumbent	M1t_orb1	B	18	11	0	0	0	0	0	0	-1.0000	-1.0000	-0.7500	-0.7500	-0.9750	-10.7632	-0.5980	-14.0000	-5.6043	-0.3113	-6.3049	-4.8974	-0.2721	-5.5783	-3.0326	-0.1685	-3.4026	-3.2568	-0.1809	-3.6276		SEI +2.7;DG +0.5	SEI +0.2;DG +0.1
rerun_mgmt	ALL	incumbent	P2_B1R_sma10	A	540	231	19	113.4745	73.7444	69.7552	40.9389	40.9389	-2.4567	-2.1429	-2.1429	-1.3243	-1.3243	-42.8346	-0.0793	-79.0986	-5.2778	-0.0098	-34.7429	-6.3812	-0.0118	-35.8464	-3.3122	-0.0061	-20.1193	-4.6345	-0.0086	-21.4417		TE +24.2;KURA +12.0	TE +13.3;VPG +3.5
rerun_mgmt	ALL	incumbent	P2_B1R_sma10	A_disc	521	224	19	113.4745	73.7444	69.7552	40.9389	40.9389	-2.4567	-2.1429	-2.1429	-1.3243	-1.3243	-38.5024	-0.0739	-74.7665	-2.7385	-0.0053	-32.2037	-4.2541	-0.0082	-33.7193	-1.9945	-0.0038	-18.8016	-3.2731	-0.0063	-20.0802		TE +24.2;KURA +12.0	TE +13.3;VPG +3.5
rerun_mgmt	ALL	incumbent	P2_B1R_sma10	B	20	12	0	0	0	0	0	0	-1.0000	-1.0000	-0.7500	-0.7500	-0.9750	-12.4778	-0.6239	-13.3333	-5.9865	-0.2993	-6.2729	-5.1405	-0.2570	-5.4269	-3.3628	-0.1681	-3.5060	-3.5926	-0.1796	-3.7359		DG +0.7;SEI +0.2	DG +0.2;ROIV -0.1
rerun_mgmt	ALL	incumbent	P2_B1R_sma20	A	540	231	17	104.5009	71.7332	67.7440	39.9333	39.9333	-2.4567	-2.1429	-2.1429	-1.3243	-1.3243	-47.1699	-0.0874	-83.4339	-5.2459	-0.0097	-34.7111	-6.5178	-0.0121	-35.9830	-3.0583	-0.0057	-19.8654	-4.1839	-0.0077	-20.9910		TE +24.2;KURA +12.0	TE +13.3;VPG +3.5
rerun_mgmt	ALL	incumbent	P2_B1R_sma20	A_disc	521	224	17	104.5009	71.7332	67.7440	39.9333	39.9333	-2.4567	-2.1429	-2.1429	-1.3243	-1.3243	-40.8558	-0.0784	-77.1198	-1.9175	-0.0037	-31.3827	-3.9395	-0.0076	-33.4046	-1.3290	-0.0026	-18.1361	-2.3200	-0.0045	-19.1271		TE +24.2;KURA +12.0	TE +13.3;VPG +3.5
rerun_mgmt	ALL	incumbent	P2_B1R_sma20	B	20	12	0	0	0	0	0	0	-1.0000	-1.0000	-0.7500	-0.7500	-0.9750	-11.3457	-0.5673	-12.2012	-4.8809	-0.2440	-5.2593	-4.2914	-0.2146	-4.6398	-2.8100	-0.1405	-2.9992	-3.0398	-0.1520	-3.2290		DG +0.7;SEI +0.2	DG +0.2;AGX -0.0
rerun_mgmt	ALL	incumbent	P2_B1R_hold	A	540	231	20	121.1729	81.2492	75.0228	44.6913	44.6913	-2.4567	-2.1429	-2.1429	-1.3243	-1.3243	-69.0107	-0.1278	-106.0577	-19.6876	-0.0365	-49.1528	-19.8381	-0.0367	-49.3033	-13.1579	-0.0244	-29.9650	-16.3383	-0.0303	-33.3430		TE +24.2;CLF +12.8	TE +13.3;VPG +3.5
rerun_mgmt	ALL	incumbent	P2_B1R_hold	A_disc	521	224	20	121.1729	81.2492	75.0228	44.6913	44.6913	-2.4567	-2.1429	-2.1429	-1.3243	-1.3243	-64.3715	-0.1236	-101.4185	-17.0192	-0.0327	-46.4844	-17.9197	-0.0344	-47.3849	-11.7587	-0.0226	-28.5658	-14.8044	-0.0284	-31.8090		TE +24.2;CLF +12.8	TE +13.3;VPG +3.5
rerun_mgmt	ALL	incumbent	P2_B1R_hold	B	20	12	0	0	0	0	0	0	-1.0000	-1.0000	-0.7500	-0.7500	-0.9750	-12.4778	-0.6239	-13.3333	-5.9865	-0.2993	-6.2729	-5.1405	-0.2570	-5.4269	-3.3628	-0.1681	-3.5060	-3.5926	-0.1796	-3.7359		DG +0.7;SEI +0.2	DG +0.2;ROIV -0.1
rerun_mgmt	ALL	incumbent	P2_B2R_sma10	A	540	231	27	147.6192	99.6175	95.6283	55.6506	55.6506	-2.4567	-2.1429	-2.1429	-1.3243	-1.3243	-52.4969	-0.0972	-88.7610	0.0176	0.0000	-31.9674	-0.3420	-0.0006	-32.3269	-0.1264	-0.0002	-17.3600	-1.5161	-0.0028	-18.7498		TE +24.2;KURA +12.0	TE +13.3;MMYT +3.9
rerun_mgmt	ALL	incumbent	P2_B2R_sma10	A_disc	521	224	27	147.6192	99.6175	95.6283	55.6506	55.6506	-2.4567	-2.1429	-2.1429	-1.3243	-1.3243	-48.5910	-0.0933	-84.8550	2.1336	0.0041	-29.8514	1.4281	0.0027	-30.5568	0.9051	0.0017	-16.3285	-0.4410	-0.0008	-17.6746		TE +24.2;KURA +12.0	TE +13.3;MMYT +3.9
rerun_mgmt	ALL	incumbent	P2_B2R_sma10	B	20	12	0	0	0	0	0	0	-1.0000	-1.0000	-0.7500	-0.7500	-0.9750	-13.9173	-0.6959	-15.3333	-6.0045	-0.3002	-6.5687	-5.2986	-0.2649	-5.8422	-3.2317	-0.1616	-3.5345	-3.4559	-0.1728	-3.7595		SEI +0.7;DG +0.7	DG +0.2;SEI +0.1
rerun_mgmt	ALL	incumbent	P2_B2R_sma20	A	540	231	25	140.6842	99.6449	95.6557	55.9870	55.9870	-2.4567	-2.1429	-2.1429	-1.3243	-1.3243	-53.6571	-0.0994	-89.9212	2.2954	0.0043	-29.6896	0.6787	0.0013	-31.3063	0.9844	0.0018	-16.2493	0.2656	0.0005	-16.9681		TE +24.2;KURA +12.0	TE +13.3;MMYT +3.9
rerun_mgmt	ALL	incumbent	P2_B2R_sma20	A_disc	521	224	25	140.6842	99.6449	95.6557	55.9870	55.9870	-2.4567	-2.1429	-2.1429	-1.3243	-1.3243	-47.6052	-0.0914	-83.8693	5.0151	0.0096	-26.9699	2.7148	0.0052	-29.2702	2.2224	0.0043	-15.0113	1.6383	0.0031	-15.5954		TE +24.2;KURA +12.0	TE +13.3;MMYT +3.9
rerun_mgmt	ALL	incumbent	P2_B2R_sma20	B	20	12	0	0	0	0	0	0	-1.0000	-1.0000	-0.7500	-0.7500	-0.9750	-12.4304	-0.6215	-14.2012	-4.5441	-0.2272	-5.4631	-4.1834	-0.2092	-4.9931	-2.4128	-0.1206	-2.9817	-2.6334	-0.1317	-3.2067		SEI +1.1;DG +0.7	SEI +0.4;DG +0.2
rerun_mgmt	ALL	incumbent	P2_B2R_hold	A	540	231	30	166.9437	118.7484	110.7772	67.8515	68.4395	-2.4567	-2.1429	-2.1429	-1.3243	-1.3243	-69.3425	-0.1284	-107.3085	-2.1220	-0.0039	-34.5132	-5.0817	-0.0094	-37.0667	-1.8859	-0.0035	-21.1741	-4.0577	-0.0075	-23.3460		TE +24.2;CLF +13.7	TE +13.3;ABVX +6.0
rerun_mgmt	ALL	incumbent	P2_B2R_hold	A_disc	521	224	30	166.9437	118.7484	110.7772	67.8515	68.4395	-2.4567	-2.1429	-2.1429	-1.3243	-1.3243	-64.9655	-0.1247	-102.9315	-0.0623	-0.0001	-32.4534	-3.7056	-0.0071	-35.6906	-0.9778	-0.0019	-20.2661	-3.0150	-0.0058	-22.3033		TE +24.2;CLF +13.7	TE +13.3;ABVX +6.0
rerun_mgmt	ALL	incumbent	P2_B2R_hold	B	20	12	0	0	0	0	0	0	-1.0000	-1.0000	-0.7500	-0.7500	-0.9750	-13.5625	-0.6781	-15.3333	-5.6497	-0.2825	-6.5687	-5.0325	-0.2516	-5.8422	-2.9656	-0.1483	-3.5345	-3.1862	-0.1593	-3.7595		SEI +1.1;DG +0.7	SEI +0.4;DG +0.2
rerun_mgmt	ALL	incumbent	P2_Bpart_sma10	A	540	231	27	147.6192	99.6175	95.6283	55.6506	55.6506	-2.4567	-2.1429	-2.1429	-1.3243	-1.3243	-52.4969	-0.0972	-88.7610	0.0176	0.0000	-31.9674	-0.3420	-0.0006	-32.3269	-0.1264	-0.0002	-17.3600	-1.5161	-0.0028	-18.7498		TE +24.2;KURA +12.0	TE +13.3;MMYT +3.9
rerun_mgmt	ALL	incumbent	P2_Bpart_sma10	A_disc	521	224	27	147.6192	99.6175	95.6283	55.6506	55.6506	-2.4567	-2.1429	-2.1429	-1.3243	-1.3243	-48.5910	-0.0933	-84.8550	2.1336	0.0041	-29.8514	1.4281	0.0027	-30.5568	0.9051	0.0017	-16.3285	-0.4410	-0.0008	-17.6746		TE +24.2;KURA +12.0	TE +13.3;MMYT +3.9
rerun_mgmt	ALL	incumbent	P2_Bpart_sma10	B	20	12	0	0	0	0	0	0	-1.0000	-1.0000	-0.7500	-0.7500	-0.9750	-13.9173	-0.6959	-15.3333	-6.0045	-0.3002	-6.5687	-5.2986	-0.2649	-5.8422	-3.2317	-0.1616	-3.5345	-3.4559	-0.1728	-3.7595		SEI +0.7;DG +0.7	DG +0.2;SEI +0.1
rerun_mgmt	ALL	incumbent	P2_Bpart_sma20	A	540	231	25	140.6842	99.6449	95.6557	55.9870	55.9870	-2.4567	-2.1429	-2.1429	-1.3243	-1.3243	-53.6571	-0.0994	-89.9212	2.2954	0.0043	-29.6896	0.6787	0.0013	-31.3063	0.9844	0.0018	-16.2493	0.2656	0.0005	-16.9681		TE +24.2;KURA +12.0	TE +13.3;MMYT +3.9
rerun_mgmt	ALL	incumbent	P2_Bpart_sma20	A_disc	521	224	25	140.6842	99.6449	95.6557	55.9870	55.9870	-2.4567	-2.1429	-2.1429	-1.3243	-1.3243	-47.6052	-0.0914	-83.8693	5.0151	0.0096	-26.9699	2.7148	0.0052	-29.2702	2.2224	0.0043	-15.0113	1.6383	0.0031	-15.5954		TE +24.2;KURA +12.0	TE +13.3;MMYT +3.9
rerun_mgmt	ALL	incumbent	P2_Bpart_sma20	B	20	12	0	0	0	0	0	0	-1.0000	-1.0000	-0.7500	-0.7500	-0.9750	-12.4304	-0.6215	-14.2012	-4.5441	-0.2272	-5.4631	-4.1834	-0.2092	-4.9931	-2.4128	-0.1206	-2.9817	-2.6334	-0.1317	-3.2067		SEI +1.1;DG +0.7	SEI +0.4;DG +0.2
rerun_mgmt	ALL	incumbent	P2_Bpart_hold	A	540	231	30	166.9437	118.7484	110.7772	67.8515	68.4395	-2.4567	-2.1429	-2.1429	-1.3243	-1.3243	-69.3425	-0.1284	-107.3085	-2.1220	-0.0039	-34.5132	-5.0817	-0.0094	-37.0667	-1.8859	-0.0035	-21.1741	-4.0577	-0.0075	-23.3460		TE +24.2;CLF +13.7	TE +13.3;ABVX +6.0
rerun_mgmt	ALL	incumbent	P2_Bpart_hold	A_disc	521	224	30	166.9437	118.7484	110.7772	67.8515	68.4395	-2.4567	-2.1429	-2.1429	-1.3243	-1.3243	-64.9655	-0.1247	-102.9315	-0.0623	-0.0001	-32.4534	-3.7056	-0.0071	-35.6906	-0.9778	-0.0019	-20.2661	-3.0150	-0.0058	-22.3033		TE +24.2;CLF +13.7	TE +13.3;ABVX +6.0
rerun_mgmt	ALL	incumbent	P2_Bpart_hold	B	20	12	0	0	0	0	0	0	-1.0000	-1.0000	-0.7500	-0.7500	-0.9750	-13.5625	-0.6781	-15.3333	-5.6497	-0.2825	-6.5687	-5.0325	-0.2516	-5.8422	-2.9656	-0.1483	-3.5345	-3.1862	-0.1593	-3.7595		SEI +1.1;DG +0.7	SEI +0.4;DG +0.2
rerun_mgmt	ALL	incumbent	P3_B1R_sma10	A	540	231	23	132.7134	84.7876	80.5676	46.7581	46.7581	-2.4567	-2.1429	-2.1429	-1.3243	-1.3243	-41.2676	-0.0764	-78.5317	-5.0378	-0.0093	-35.7775	-6.6426	-0.0123	-37.3823	-3.7275	-0.0069	-21.2365	-4.9513	-0.0092	-22.4604		TE +24.9;KURA +12.4	TE +13.7;VPG +3.8
rerun_mgmt	ALL	incumbent	P3_B1R_sma10	A_disc	521	224	23	132.7134	84.7876	80.5676	46.7581	46.7581	-2.4567	-2.1429	-2.1429	-1.3243	-1.3243	-37.2688	-0.0715	-74.5329	-2.4736	-0.0047	-33.2133	-4.4906	-0.0086	-35.2303	-2.3972	-0.0046	-19.9062	-3.5774	-0.0069	-21.0864		TE +24.9;KURA +12.4	TE +13.7;VPG +3.8
rerun_mgmt	ALL	incumbent	P3_B1R_sma10	B	20	12	0	0	0	0	0	0	-1.0000	-1.0000	-0.7500	-0.7500	-0.9750	-12.4778	-0.6239	-13.0000	-6.2937	-0.3147	-6.1947	-5.4477	-0.2724	-5.3487	-3.5164	-0.1758	-3.4669	-3.7462	-0.1873	-3.6968		SEI +0.5;CHRN +0.0	DG +0.0;CHRN -0.0
rerun_mgmt	ALL	incumbent	P3_B1R_sma20	A	540	231	22	126.1613	82.9491	78.7291	45.8388	45.8388	-2.4567	-2.1429	-2.1429	-1.3243	-1.3243	-44.8504	-0.0831	-82.1144	-4.1935	-0.0078	-34.9333	-5.9669	-0.0110	-36.7066	-2.8922	-0.0054	-20.4012	-3.9194	-0.0073	-21.4285		TE +24.9;KURA +12.4	TE +13.7;VPG +3.8
rerun_mgmt	ALL	incumbent	P3_B1R_sma20	A_disc	521	224	22	126.1613	82.9491	78.7291	45.8388	45.8388	-2.4567	-2.1429	-2.1429	-1.3243	-1.3243	-38.8696	-0.0746	-76.1337	-0.8401	-0.0016	-31.5799	-3.3635	-0.0065	-34.1032	-1.1505	-0.0022	-18.6595	-2.0430	-0.0039	-19.5521		TE +24.9;KURA +12.4	TE +13.7;VPG +3.8
rerun_mgmt	ALL	incumbent	P3_B1R_sma20	B	20	12	0	0	0	0	0	0	-1.0000	-1.0000	-0.7500	-0.7500	-0.9750	-11.3457	-0.5673	-11.8679	-5.1881	-0.2594	-5.1667	-4.5986	-0.2299	-4.5473	-2.9636	-0.1482	-2.9529	-3.1934	-0.1597	-3.1828		SEI +0.5;CHRN +0.0	DG +0.0;AGX -0.0
rerun_mgmt	ALL	incumbent	P3_B1R_hold	A	540	231	22	134.1816	91.3108	84.7062	50.0197	50.0197	-2.4567	-2.1429	-2.1429	-1.3243	-1.3243	-67.2637	-0.1246	-105.9773	-18.8130	-0.0348	-49.5527	-19.6959	-0.0365	-50.4356	-13.1150	-0.0243	-30.6240	-16.1342	-0.0299	-34.0724		TE +24.9;CLF +13.8	TE +13.7;VPG +3.8
rerun_mgmt	ALL	incumbent	P3_B1R_hold	A_disc	521	224	22	134.1816	91.3108	84.7062	50.0197	50.0197	-2.4567	-2.1429	-2.1429	-1.3243	-1.3243	-61.6245	-0.1183	-100.3381	-15.5952	-0.0299	-46.3349	-17.2280	-0.0331	-47.9678	-11.4410	-0.0220	-28.9500	-14.3256	-0.0275	-32.2637		TE +24.9;CLF +13.8	TE +13.7;VPG +3.8
rerun_mgmt	ALL	incumbent	P3_B1R_hold	B	20	12	0	0	0	0	0	0	-1.0000	-1.0000	-0.7500	-0.7500	-0.9750	-12.4778	-0.6239	-13.0000	-6.2937	-0.3147	-6.1947	-5.4477	-0.2724	-5.3487	-3.5164	-0.1758	-3.4669	-3.7462	-0.1873	-3.6968		SEI +0.5;CHRN +0.0	DG +0.0;CHRN -0.0
rerun_mgmt	ALL	incumbent	P3_B2R_sma10	A	540	231	32	172.8363	114.0987	109.8788	63.3750	63.3750	-2.4567	-2.1429	-2.1429	-1.3243	-1.3243	-49.6251	-0.0919	-87.1837	2.0132	0.0037	-31.0752	1.1236	0.0021	-31.9649	0.5102	0.0009	-17.3137	-0.7812	-0.0014	-18.6050		TE +24.9;MMYT +12.7	TE +13.7;MMYT +4.1
rerun_mgmt	ALL	incumbent	P3_B2R_sma10	A_disc	521	224	32	172.8363	114.0987	109.8788	63.3750	63.3750	-2.4567	-2.1429	-2.1429	-1.3243	-1.3243	-46.0524	-0.0884	-83.6111	4.1541	0.0080	-28.9343	2.9186	0.0056	-30.1698	1.5541	0.0030	-16.2697	0.3065	0.0006	-17.5174		TE +24.9;MMYT +12.7	TE +13.7;MMYT +4.1
rerun_mgmt	ALL	incumbent	P3_B2R_sma10	B	20	12	0	0	0	0	0	0	-1.0000	-1.0000	-0.7500	-0.7500	-0.9750	-13.9173	-0.6959	-15.0000	-6.3117	-0.3156	-6.5171	-5.6058	-0.2803	-5.7906	-3.3853	-0.1693	-3.5087	-3.6095	-0.1805	-3.7337		SEI +1.1;CHRN +0.0	SEI +0.1;DG +0.0
rerun_mgmt	ALL	incumbent	P3_B2R_sma20	A	540	231	31	168.3227	114.2988	110.0788	63.7978	63.7978	-2.4567	-2.1429	-2.1429	-1.3243	-1.3243	-47.6710	-0.0883	-85.2296	6.5219	0.0121	-26.5665	4.3752	0.0081	-28.7132	2.9238	0.0054	-14.9001	2.3034	0.0043	-15.5205		TE +24.9;MMYT +12.7	TE +13.7;MMYT +4.1
rerun_mgmt	ALL	incumbent	P3_B2R_sma20	A_disc	521	224	31	168.3227	114.2988	110.0788	63.7978	63.7978	-2.4567	-2.1429	-2.1429	-1.3243	-1.3243	-41.9524	-0.0805	-79.5110	9.2667	0.0178	-23.8218	6.4362	0.0124	-26.6522	4.1743	0.0080	-13.6496	3.6886	0.0071	-14.1353		TE +24.9;MMYT +12.7	TE +13.7;MMYT +4.1
rerun_mgmt	ALL	incumbent	P3_B2R_sma20	B	20	12	0	0	0	0	0	0	-1.0000	-1.0000	-0.7500	-0.7500	-0.9750	-12.4304	-0.6215	-13.8679	-4.8513	-0.2426	-5.4115	-4.4906	-0.2245	-4.9414	-2.5664	-0.1283	-2.9559	-2.7870	-0.1394	-3.1809		SEI +1.4;CHRN +0.0	SEI +0.4;DG +0.0
rerun_mgmt	ALL	incumbent	P3_B2R_hold	A	540	231	32	183.2857	131.5928	123.0768	74.8840	75.5282	-2.4567	-2.1429	-2.1429	-1.3243	-1.3243	-65.0849	-0.1205	-104.7176	1.1042	0.0020	-32.5991	-2.9100	-0.0054	-35.9984	-0.3667	-0.0007	-20.3189	-2.2948	-0.0042	-22.2469		TE +24.9;CLF +14.7	TE +13.7;ABVX +6.3
rerun_mgmt	ALL	incumbent	P3_B2R_hold	A_disc	521	224	32	183.2857	131.5928	123.0768	74.8840	75.5282	-2.4567	-2.1429	-2.1429	-1.3243	-1.3243	-59.7079	-0.1146	-99.3406	3.7133	0.0071	-29.9899	-0.9845	-0.0019	-34.0729	0.8160	0.0016	-19.1361	-0.9774	-0.0019	-20.9295		TE +24.9;CLF +14.7	TE +13.7;ABVX +6.3
rerun_mgmt	ALL	incumbent	P3_B2R_hold	B	20	12	0	0	0	0	0	0	-1.0000	-1.0000	-0.7500	-0.7500	-0.9750	-13.5625	-0.6781	-15.0000	-5.9568	-0.2978	-6.5171	-5.3397	-0.2670	-5.7906	-3.1192	-0.1560	-3.5087	-3.3398	-0.1670	-3.7337		SEI +1.4;CHRN +0.0	SEI +0.4;DG +0.0
rerun_mgmt	ALL	incumbent	P3_Bpart_sma10	A	540	231	34	180.6689	117.9656	113.7457	65.8227	65.8227	-2.6509	-2.1429	-2.1429	-1.3243	-1.3243	-60.6540	-0.1123	-98.2126	-3.7685	-0.0070	-36.8569	-4.5021	-0.0083	-37.5906	-2.0939	-0.0039	-19.9178	-3.3852	-0.0063	-21.2091		TE +24.9;MMYT +12.7	TE +13.7;MMYT +4.1
rerun_mgmt	ALL	incumbent	P3_Bpart_sma10	A_disc	521	224	34	180.6689	117.9656	113.7457	65.8227	65.8227	-2.6509	-2.1429	-2.1429	-1.3243	-1.3243	-56.0813	-0.1076	-93.6400	-0.9948	-0.0019	-34.0832	-2.0743	-0.0040	-35.1627	-0.7336	-0.0014	-18.5574	-1.9812	-0.0038	-19.8051		TE +24.9;MMYT +12.7	TE +13.7;MMYT +4.1
rerun_mgmt	ALL	incumbent	P3_Bpart_sma10	B	20	12	0	0	0	0	0	0	-1.0000	-1.0000	-0.7500	-0.7500	-0.9750	-14.0560	-0.7028	-15.1387	-6.3948	-0.3197	-6.5171	-5.6889	-0.2844	-5.7906	-3.4269	-0.1713	-3.5087	-3.6511	-0.1826	-3.7337		SEI +1.1;CHRN +0.0	SEI +0.1;DG -0.0
rerun_mgmt	ALL	incumbent	P3_Bpart_sma20	A	540	231	33	175.6613	118.0942	113.8742	66.2097	66.2097	-2.6509	-2.1429	-2.1429	-1.3243	-1.3243	-57.6877	-0.1068	-95.2464	1.5781	0.0029	-31.5103	-0.4126	-0.0008	-33.5011	0.1849	0.0003	-17.6390	-0.4355	-0.0008	-18.2594		TE +24.9;MMYT +12.7	TE +13.7;MMYT +4.1
rerun_mgmt	ALL	incumbent	P3_Bpart_sma20	A_disc	521	224	33	175.6613	118.0942	113.8742	66.2097	66.2097	-2.6509	-2.1429	-2.1429	-1.3243	-1.3243	-50.9691	-0.0978	-88.5278	4.9556	0.0095	-28.1328	2.2812	0.0044	-30.8072	1.7518	0.0034	-16.0721	1.2661	0.0024	-16.5578		TE +24.9;MMYT +12.7	TE +13.7;MMYT +4.1
rerun_mgmt	ALL	incumbent	P3_Bpart_sma20	B	20	12	0	0	0	0	0	0	-1.0000	-1.0000	-0.7500	-0.7500	-0.9750	-12.5690	-0.6285	-14.0065	-4.9344	-0.2467	-5.4733	-4.5737	-0.2287	-4.9733	-2.6079	-0.1304	-2.9868	-2.8286	-0.1414	-3.2118		SEI +1.4;CHRN +0.0	SEI +0.4;AGX -0.0
rerun_mgmt	ALL	incumbent	P3_Bpart_hold	A	540	231	34	190.6242	135.3882	126.8722	77.2960	77.9402	-2.6509	-2.1429	-2.1429	-1.3243	-1.3243	-79.0666	-0.1464	-118.6994	-6.8053	-0.0126	-40.5085	-10.5881	-0.0196	-43.6765	-4.7036	-0.0087	-24.6557	-6.6316	-0.0123	-26.5838		TE +24.9;CLF +14.7	TE +13.7;ABVX +6.3
rerun_mgmt	ALL	incumbent	P3_Bpart_hold	A_disc	521	224	34	190.6242	135.3882	126.8722	77.2960	77.9402	-2.6509	-2.1429	-2.1429	-1.3243	-1.3243	-70.6896	-0.1357	-110.3223	-2.7768	-0.0053	-36.4801	-7.2433	-0.0139	-40.3317	-2.8112	-0.0054	-22.7633	-4.6046	-0.0088	-24.5567		TE +24.9;CLF +14.7	TE +13.7;ABVX +6.3
rerun_mgmt	ALL	incumbent	P3_Bpart_hold	B	20	12	0	0	0	0	0	0	-1.0000	-1.0000	-0.7500	-0.7500	-0.9750	-13.6665	-0.6833	-15.1040	-6.0192	-0.3010	-6.5171	-5.4020	-0.2701	-5.7906	-3.1503	-0.1575	-3.5087	-3.3710	-0.1685	-3.7337		SEI +1.4;CHRN +0.0	SEI +0.4;DG -0.0
rerun_mgmt	ALL	adr_050	M1_orb2	A	589	234	38	236.5567	135.4590	126.6376	67.7295	67.7295	-5.2877	-2.9123	-2.9123	-1.8187	-1.8187	-73.3030	-0.1245	-99.7113	-67.5629	-0.1147	-83.7768	-62.5131	-0.1061	-76.2211	-37.6392	-0.0639	-45.7462	-38.0302	-0.0646	-46.1372		VPG +14.1;NRIX +12.3	COHU +4.2;EFOR +3.9
rerun_mgmt	ALL	adr_050	M1_orb2	A_disc	569	227	38	236.5567	135.4590	126.6376	67.7295	67.7295	-5.2877	-2.9123	-2.9123	-1.8187	-1.8187	-72.4714	-0.1274	-98.8797	-66.6246	-0.1171	-82.8386	-61.7287	-0.1085	-75.4366	-37.1701	-0.0653	-45.2771	-37.5611	-0.0660	-45.6681		VPG +14.1;NRIX +12.3	COHU +4.2;EFOR +3.9
rerun_mgmt	ALL	adr_050	M1_orb2	B	23	12	0	0	0	0	0	0	-2.4319	-1.1420	-1.1420	-0.5710	-0.5710	-17.6605	-0.7678	-17.9457	-8.6832	-0.3775	-8.8613	-8.6983	-0.3782	-8.8408	-4.3474	-0.1890	-4.4364	-4.3474	-0.1890	-4.4364		ALAB +0.3;SEI +0.0	ALAB +0.1;SEI +0.0
rerun_mgmt	ALL	adr_050	M1_orb1	A	592	234	42	256.3692	147.2376	137.9710	73.6188	73.6188	-5.2877	-2.9123	-2.9123	-1.8187	-1.8187	-77.0955	-0.1302	-103.5038	-70.3636	-0.1189	-87.1075	-65.8994	-0.1113	-79.6074	-39.3959	-0.0665	-47.7678	-39.7869	-0.0672	-48.1588		VPG +14.1;NRIX +12.3	COHU +4.5;EFOR +3.9
rerun_mgmt	ALL	adr_050	M1_orb1	A_disc	572	227	42	256.3692	147.2376	137.9710	73.6188	73.6188	-5.2877	-2.9123	-2.9123	-1.8187	-1.8187	-77.8816	-0.1362	-104.2899	-70.2152	-0.1228	-86.9590	-65.9047	-0.1152	-79.6127	-39.3216	-0.0687	-47.6935	-39.7126	-0.0694	-48.0845		VPG +14.1;NRIX +12.3	COHU +4.5;EFOR +3.9
rerun_mgmt	ALL	adr_050	M1_orb1	B	24	12	0	0	0	0	0	0	-2.4319	-1.1420	-1.1420	-0.5710	-0.5710	-20.3022	-0.8459	-20.2541	-10.1266	-0.4219	-10.1985	-10.0900	-0.4204	-10.1264	-5.0691	-0.2112	-5.1050	-5.0691	-0.2112	-5.1050		ALAB +0.3;VEEV -0.3	ALAB +0.1;VEEV -0.1
rerun_mgmt	ALL	adr_050	M1t_orb2	A	533	230	35	201.7853	118.6017	115.3309	59.3009	59.3009	-5.2877	-2.9123	-2.9123	-1.8187	-1.8187	-78.4301	-0.1471	-105.4048	-61.4673	-0.1153	-78.8051	-56.0465	-0.1052	-73.3843	-33.5676	-0.0630	-42.2365	-33.7425	-0.0633	-42.4115		MMYT +14.1;FTK +12.9	VOYG +4.4;MMYT +4.3
rerun_mgmt	ALL	adr_050	M1t_orb2	A_disc	515	223	35	201.7853	118.6017	115.3309	59.3009	59.3009	-5.2877	-2.9123	-2.9123	-1.8187	-1.8187	-77.3231	-0.1501	-104.2978	-59.6468	-0.1158	-76.9846	-54.3798	-0.1056	-71.7176	-32.6573	-0.0634	-41.3263	-32.8323	-0.0638	-41.5012		MMYT +14.1;FTK +12.9	VOYG +4.4;MMYT +4.3
rerun_mgmt	ALL	adr_050	M1t_orb2	B	22	12	0	0	0	0	0	0	-2.4319	-1.1420	-1.1420	-0.5710	-0.5710	-19.4558	-0.8844	-19.7410	-9.4679	-0.4304	-9.6460	-9.4830	-0.4310	-9.6256	-4.7397	-0.2154	-4.8288	-4.7397	-0.2154	-4.8288		ALAB +0.3;SEI +0.0	ALAB +0.1;SEI +0.0
rerun_mgmt	ALL	adr_050	M1t_orb1	A	574	232	40	264.3510	155.4801	149.2967	77.7400	77.7400	-5.2877	-2.9123	-2.9123	-1.8187	-1.8187	-87.2478	-0.1520	-119.5558	-69.7096	-0.1214	-90.8667	-66.3340	-0.1156	-87.4911	-38.4929	-0.0671	-49.0714	-38.7078	-0.0674	-49.2864		MMYT +16.8;FTK +15.5	VOYG +5.5;MMYT +5.1
rerun_mgmt	ALL	adr_050	M1t_orb1	A_disc	554	225	40	264.3510	155.4801	149.2967	77.7400	77.7400	-5.2877	-2.9123	-2.9123	-1.8187	-1.8187	-82.5188	-0.1490	-114.8268	-66.2465	-0.1196	-87.4035	-63.0247	-0.1138	-84.1817	-36.7613	-0.0664	-47.3398	-36.9763	-0.0667	-47.5548		MMYT +16.8;FTK +15.5	VOYG +5.5;MMYT +5.1
rerun_mgmt	ALL	adr_050	M1t_orb1	B	25	12	0	0	0	0	0	0	-2.4319	-1.1420	-1.1420	-0.5710	-0.5710	-22.2141	-0.8886	-21.6942	-10.5486	-0.4219	-10.3090	-10.5120	-0.4205	-10.2369	-5.2801	-0.2112	-5.1603	-5.2801	-0.2112	-5.1603		ALAB +0.3;AGX -0.8	ALAB +0.1;AGX -0.2
rerun_mgmt	ALL	adr_050	P2_B1R_sma10	A	593	234	25	148.7784	84.4090	79.9874	42.2045	42.2045	-5.2877	-2.9123	-2.9123	-1.8187	-1.8187	-55.3689	-0.0934	-78.9238	-49.0898	-0.0828	-63.1571	-47.2986	-0.0798	-59.8851	-27.4947	-0.0464	-34.5284	-27.4820	-0.0463	-34.5157		VPG +12.1;EFOR +11.4	EFOR +3.8;FPS +3.2
rerun_mgmt	ALL	adr_050	P2_B1R_sma10	A_disc	573	227	25	148.7784	84.4090	79.9874	42.2045	42.2045	-5.2877	-2.9123	-2.9123	-1.8187	-1.8187	-56.0989	-0.0979	-79.6539	-48.6565	-0.0849	-62.7238	-47.0190	-0.0821	-59.6056	-27.2780	-0.0476	-34.3117	-27.2654	-0.0476	-34.2990		VPG +12.1;EFOR +11.4	EFOR +3.8;FPS +3.2
rerun_mgmt	ALL	adr_050	P2_B1R_sma10	B	29	14	0	0	0	0	0	0	-2.4319	-1.1420	-1.1420	-0.5710	-0.5710	-20.3801	-0.7028	-21.0467	-9.8163	-0.3385	-10.1919	-9.7225	-0.3353	-10.0982	-4.9139	-0.1694	-5.1017	-4.9139	-0.1694	-5.1017		SEI +0.7;PHVS +0.0	SEI +0.2;PHVS +0.0
rerun_mgmt	ALL	adr_050	P2_B1R_sma20	A	593	234	27	158.3742	90.8594	86.4379	45.4297	45.4297	-5.2877	-2.9123	-2.9123	-1.8187	-1.8187	-49.3337	-0.0832	-72.8887	-41.9333	-0.0707	-56.0006	-41.2659	-0.0696	-53.8525	-23.9700	-0.0404	-31.0037	-23.9539	-0.0404	-30.9876		VPG +12.1;EFOR +11.4	EFOR +3.8;FPS +3.2
rerun_mgmt	ALL	adr_050	P2_B1R_sma20	A_disc	573	227	27	158.3742	90.8594	86.4379	45.4297	45.4297	-5.2877	-2.9123	-2.9123	-1.8187	-1.8187	-49.4179	-0.0862	-72.9729	-40.9084	-0.0714	-54.9757	-40.3949	-0.0705	-52.9814	-23.4576	-0.0409	-30.4913	-23.4415	-0.0409	-30.4751		VPG +12.1;EFOR +11.4	EFOR +3.8;FPS +3.2
rerun_mgmt	ALL	adr_050	P2_B1R_sma20	B	29	14	0	0	0	0	0	0	-2.4319	-1.1420	-1.1420	-0.5710	-0.5710	-20.3801	-0.7028	-21.0467	-9.8163	-0.3385	-10.1919	-9.7225	-0.3353	-10.0982	-4.9139	-0.1694	-5.1017	-4.9139	-0.1694	-5.1017		SEI +0.7;PHVS +0.0	SEI +0.2;PHVS +0.0
rerun_mgmt	ALL	adr_050	P2_B1R_hold	A	593	234	31	185.5904	104.1853	98.9530	52.0926	52.0926	-5.2877	-2.9123	-2.9123	-1.8187	-1.8187	-71.1902	-0.1201	-94.9401	-65.5059	-0.1105	-79.5732	-60.8363	-0.1026	-73.4228	-36.0895	-0.0609	-43.1232	-36.2467	-0.0611	-43.2803		VPG +12.1;NRIX +11.6	EFOR +3.8;FPS +3.2
rerun_mgmt	ALL	adr_050	P2_B1R_hold	A_disc	573	227	31	185.5904	104.1853	98.9530	52.0926	52.0926	-5.2877	-2.9123	-2.9123	-1.8187	-1.8187	-71.5413	-0.1249	-95.2912	-64.6166	-0.1128	-78.6839	-60.1008	-0.1049	-72.6874	-35.6449	-0.0622	-42.6786	-35.8021	-0.0625	-42.8357		VPG +12.1;NRIX +11.6	EFOR +3.8;FPS +3.2
rerun_mgmt	ALL	adr_050	P2_B1R_hold	B	29	14	0	0	0	0	0	0	-2.4319	-1.3442	-1.1420	-0.6721	-0.6721	-22.5192	-0.7765	-23.1859	-11.1328	-0.3839	-11.5084	-10.8281	-0.3734	-11.2037	-5.5722	-0.1921	-5.7600	-5.5722	-0.1921	-5.7600		SEI +0.7;PHVS +0.0	SEI +0.2;PHVS +0.0
rerun_mgmt	ALL	adr_050	P2_B2R_sma10	A	593	234	34	201.4364	113.6539	109.2323	56.8270	56.8270	-5.2877	-2.9123	-2.9123	-1.8187	-1.8187	-44.8629	-0.0757	-69.7358	-45.0315	-0.0759	-60.4630	-42.5089	-0.0717	-56.7105	-25.6358	-0.0432	-33.3516	-25.6231	-0.0432	-33.3389		MMYT +12.8;VPG +12.1	MMYT +3.9;EFOR +3.8
rerun_mgmt	ALL	adr_050	P2_B2R_sma10	A_disc	573	227	34	201.4364	113.6539	109.2323	56.8270	56.8270	-5.2877	-2.9123	-2.9123	-1.8187	-1.8187	-45.2389	-0.0790	-70.1118	-44.4103	-0.0775	-59.8418	-42.0415	-0.0734	-56.2431	-25.3252	-0.0442	-33.0410	-25.3125	-0.0442	-33.0283		MMYT +12.8;VPG +12.1	MMYT +3.9;EFOR +3.8
rerun_mgmt	ALL	adr_050	P2_B2R_sma10	B	29	14	0	0	0	0	0	0	-2.4319	-1.1420	-1.1420	-0.5710	-0.5710	-19.0546	-0.6571	-21.2481	-9.1254	-0.3147	-10.2461	-9.0458	-0.3119	-10.1523	-4.5685	-0.1575	-5.1288	-4.5685	-0.1575	-5.1288		PHVS +1.3;SEI +0.9	PHVS +0.3;SEI +0.2
rerun_mgmt	ALL	adr_050	P2_B2R_sma20	A	593	234	38	220.4360	129.2151	124.7935	65.3134	65.3134	-5.2877	-2.9123	-2.9123	-1.8187	-1.8187	-24.8912	-0.0420	-49.7641	-26.8346	-0.0453	-42.2661	-25.9525	-0.0438	-40.1541	-16.2733	-0.0274	-23.9891	-16.3056	-0.0275	-24.0213		MMYT +12.8;VPG +12.1	MMYT +3.9;EFOR +3.8
rerun_mgmt	ALL	adr_050	P2_B2R_sma20	A_disc	573	227	38	220.4360	129.2151	124.7935	65.3134	65.3134	-5.2877	-2.9123	-2.9123	-1.8187	-1.8187	-24.6213	-0.0430	-49.4942	-25.6219	-0.0447	-41.0534	-24.8935	-0.0434	-39.0952	-15.6670	-0.0273	-23.3827	-15.6992	-0.0274	-23.4150		MMYT +12.8;VPG +12.1	MMYT +3.9;EFOR +3.8
rerun_mgmt	ALL	adr_050	P2_B2R_sma20	B	29	14	0	0	0	0	0	0	-2.4319	-1.1420	-1.1420	-0.5710	-0.5710	-19.0546	-0.6571	-21.2481	-9.1254	-0.3147	-10.2461	-9.0458	-0.3119	-10.1523	-4.5685	-0.1575	-5.1288	-4.5685	-0.1575	-5.1288		PHVS +1.3;SEI +0.9	PHVS +0.3;SEI +0.2
rerun_mgmt	ALL	adr_050	P2_B2R_hold	A	593	234	43	253.4685	147.2120	140.2168	74.3118	74.3118	-5.2877	-2.9123	-2.9123	-1.8187	-1.8187	-54.3937	-0.0917	-79.2666	-54.2927	-0.0916	-69.7242	-49.6146	-0.0837	-63.8162	-30.4745	-0.0514	-38.1903	-30.5739	-0.0516	-38.2896		MMYT +12.8;VPG +12.1	MMYT +3.9;EFOR +3.8
rerun_mgmt	ALL	adr_050	P2_B2R_hold	A_disc	573	227	43	253.4685	147.2120	140.2168	74.3118	74.3118	-5.2877	-2.9123	-2.9123	-1.8187	-1.8187	-52.3907	-0.0914	-77.2636	-52.1993	-0.0911	-67.6308	-47.6750	-0.0832	-61.8767	-29.4279	-0.0514	-37.1436	-29.5272	-0.0515	-37.2430		MMYT +12.8;VPG +12.1	MMYT +3.9;EFOR +3.8
rerun_mgmt	ALL	adr_050	P2_B2R_hold	B	29	14	0	0	0	0	0	0	-2.4319	-1.3442	-1.1420	-0.6721	-0.6721	-21.1937	-0.7308	-23.3872	-10.4420	-0.3601	-11.5626	-10.1513	-0.3500	-11.2579	-5.2268	-0.1802	-5.7871	-5.2268	-0.1802	-5.7871		PHVS +1.3;SEI +0.9	PHVS +0.3;SEI +0.2
rerun_mgmt	ALL	adr_050	P2_Bpart_sma10	A	593	234	34	201.4364	113.6539	109.2323	56.8270	56.8270	-5.2877	-2.9123	-2.9123	-1.8187	-1.8187	-44.8629	-0.0757	-69.7358	-45.0315	-0.0759	-60.4630	-42.5089	-0.0717	-56.7105	-25.6358	-0.0432	-33.3516	-25.6231	-0.0432	-33.3389		MMYT +12.8;VPG +12.1	MMYT +3.9;EFOR +3.8
rerun_mgmt	ALL	adr_050	P2_Bpart_sma10	A_disc	573	227	34	201.4364	113.6539	109.2323	56.8270	56.8270	-5.2877	-2.9123	-2.9123	-1.8187	-1.8187	-45.2389	-0.0790	-70.1118	-44.4103	-0.0775	-59.8418	-42.0415	-0.0734	-56.2431	-25.3252	-0.0442	-33.0410	-25.3125	-0.0442	-33.0283		MMYT +12.8;VPG +12.1	MMYT +3.9;EFOR +3.8
rerun_mgmt	ALL	adr_050	P2_Bpart_sma10	B	29	14	0	0	0	0	0	0	-2.4319	-1.1420	-1.1420	-0.5710	-0.5710	-19.0546	-0.6571	-21.2481	-9.1254	-0.3147	-10.2461	-9.0458	-0.3119	-10.1523	-4.5685	-0.1575	-5.1288	-4.5685	-0.1575	-5.1288		PHVS +1.3;SEI +0.9	PHVS +0.3;SEI +0.2
rerun_mgmt	ALL	adr_050	P2_Bpart_sma20	A	593	234	38	220.4360	129.2151	124.7935	65.3134	65.3134	-5.2877	-2.9123	-2.9123	-1.8187	-1.8187	-24.8912	-0.0420	-49.7641	-26.8346	-0.0453	-42.2661	-25.9525	-0.0438	-40.1541	-16.2733	-0.0274	-23.9891	-16.3056	-0.0275	-24.0213		MMYT +12.8;VPG +12.1	MMYT +3.9;EFOR +3.8
rerun_mgmt	ALL	adr_050	P2_Bpart_sma20	A_disc	573	227	38	220.4360	129.2151	124.7935	65.3134	65.3134	-5.2877	-2.9123	-2.9123	-1.8187	-1.8187	-24.6213	-0.0430	-49.4942	-25.6219	-0.0447	-41.0534	-24.8935	-0.0434	-39.0952	-15.6670	-0.0273	-23.3827	-15.6992	-0.0274	-23.4150		MMYT +12.8;VPG +12.1	MMYT +3.9;EFOR +3.8
rerun_mgmt	ALL	adr_050	P2_Bpart_sma20	B	29	14	0	0	0	0	0	0	-2.4319	-1.1420	-1.1420	-0.5710	-0.5710	-19.0546	-0.6571	-21.2481	-9.1254	-0.3147	-10.2461	-9.0458	-0.3119	-10.1523	-4.5685	-0.1575	-5.1288	-4.5685	-0.1575	-5.1288		PHVS +1.3;SEI +0.9	PHVS +0.3;SEI +0.2
rerun_mgmt	ALL	adr_050	P2_Bpart_hold	A	593	234	43	253.4685	147.2120	140.2168	74.3118	74.3118	-5.2877	-2.9123	-2.9123	-1.8187	-1.8187	-54.3937	-0.0917	-79.2666	-54.2927	-0.0916	-69.7242	-49.6146	-0.0837	-63.8162	-30.4745	-0.0514	-38.1903	-30.5739	-0.0516	-38.2896		MMYT +12.8;VPG +12.1	MMYT +3.9;EFOR +3.8
rerun_mgmt	ALL	adr_050	P2_Bpart_hold	A_disc	573	227	43	253.4685	147.2120	140.2168	74.3118	74.3118	-5.2877	-2.9123	-2.9123	-1.8187	-1.8187	-52.3907	-0.0914	-77.2636	-52.1993	-0.0911	-67.6308	-47.6750	-0.0832	-61.8767	-29.4279	-0.0514	-37.1436	-29.5272	-0.0515	-37.2430		MMYT +12.8;VPG +12.1	MMYT +3.9;EFOR +3.8
rerun_mgmt	ALL	adr_050	P2_Bpart_hold	B	29	14	0	0	0	0	0	0	-2.4319	-1.3442	-1.1420	-0.6721	-0.6721	-21.1937	-0.7308	-23.3872	-10.4420	-0.3601	-11.5626	-10.1513	-0.3500	-11.2579	-5.2268	-0.1802	-5.7871	-5.2268	-0.1802	-5.7871		PHVS +1.3;SEI +0.9	PHVS +0.3;SEI +0.2
rerun_mgmt	ALL	adr_050	P3_B1R_sma10	A	593	234	28	166.6476	94.2774	89.6867	47.1387	47.1387	-5.2877	-2.9123	-2.9123	-1.8187	-1.8187	-54.1362	-0.0913	-78.3578	-48.0384	-0.0810	-62.5626	-46.0110	-0.0776	-59.0556	-26.9212	-0.0454	-34.1833	-26.9662	-0.0455	-34.2283		VPG +12.4;EFOR +11.8	EFOR +3.9;FPS +3.3
rerun_mgmt	ALL	adr_050	P3_B1R_sma10	A_disc	573	227	28	166.6476	94.2774	89.6867	47.1387	47.1387	-5.2877	-2.9123	-2.9123	-1.8187	-1.8187	-56.5330	-0.0987	-80.7546	-48.3910	-0.0845	-62.9152	-46.5174	-0.0812	-59.5620	-27.0975	-0.0473	-34.3596	-27.1426	-0.0474	-34.4046		VPG +12.4;EFOR +11.8	EFOR +3.9;FPS +3.3
rerun_mgmt	ALL	adr_050	P3_B1R_sma10	B	29	14	0	0	0	0	0	0	-2.4319	-1.1420	-1.1420	-0.5710	-0.5710	-20.7134	-0.7143	-20.7134	-10.0935	-0.3481	-10.0935	-9.9998	-0.3448	-9.9998	-5.0525	-0.1742	-5.0525	-5.0525	-0.1742	-5.0525		PHVS +0.0;SEI +0.0	PHVS +0.0;SEI +0.0
rerun_mgmt	ALL	adr_050	P3_B1R_sma20	A	593	234	30	176.8885	101.2797	96.6890	50.6398	50.6398	-5.2877	-2.9123	-2.9123	-1.8187	-1.8187	-48.8963	-0.0825	-73.1179	-41.3552	-0.0697	-55.8793	-40.4516	-0.0682	-53.4962	-23.6811	-0.0399	-30.9432	-23.7227	-0.0400	-30.9848		VPG +12.4;EFOR +11.8	EFOR +3.9;FPS +3.3
rerun_mgmt	ALL	adr_050	P3_B1R_sma20	A_disc	573	227	30	176.8885	101.2797	96.6890	50.6398	50.6398	-5.2877	-2.9123	-2.9123	-1.8187	-1.8187	-50.6471	-0.0884	-74.8688	-41.1163	-0.0718	-55.6404	-40.3665	-0.0704	-53.4111	-23.5617	-0.0411	-30.8237	-23.6032	-0.0412	-30.8653		VPG +12.4;EFOR +11.8	EFOR +3.9;FPS +3.3
rerun_mgmt	ALL	adr_050	P3_B1R_sma20	B	29	14	0	0	0	0	0	0	-2.4319	-1.1420	-1.1420	-0.5710	-0.5710	-20.7134	-0.7143	-20.7134	-10.0935	-0.3481	-10.0935	-9.9998	-0.3448	-9.9998	-5.0525	-0.1742	-5.0525	-5.0525	-0.1742	-5.0525		PHVS +0.0;SEI +0.0	PHVS +0.0;SEI +0.0
rerun_mgmt	ALL	adr_050	P3_B1R_hold	A	593	234	35	208.4441	116.8147	111.3342	58.4074	58.4074	-5.2877	-2.9123	-2.9123	-1.8187	-1.8187	-74.6090	-0.1258	-99.0257	-68.1979	-0.1150	-82.7221	-62.6175	-0.1056	-75.6620	-37.3812	-0.0630	-44.6433	-37.6505	-0.0635	-44.9126		VPG +12.4;NRIX +12.0	EFOR +3.9;FPS +3.3
rerun_mgmt	ALL	adr_050	P3_B1R_hold	A_disc	573	227	35	208.4441	116.8147	111.3342	58.4074	58.4074	-5.2877	-2.9123	-2.9123	-1.8187	-1.8187	-76.6268	-0.1337	-101.0434	-68.0946	-0.1188	-82.6188	-62.6679	-0.1094	-75.7125	-37.3295	-0.0651	-44.5916	-37.5989	-0.0656	-44.8609		VPG +12.4;NRIX +12.0	EFOR +3.9;FPS +3.3
rerun_mgmt	ALL	adr_050	P3_B1R_hold	B	29	14	0	0	0	0	0	0	-2.4319	-1.3442	-1.1420	-0.6721	-0.6721	-23.5192	-0.8110	-23.5192	-11.7560	-0.4054	-11.7560	-11.4513	-0.3949	-11.4513	-5.8838	-0.2029	-5.8838	-5.8838	-0.2029	-5.8838		PHVS +0.0;SEI +0.0	PHVS +0.0;SEI +0.0
rerun_mgmt	ALL	adr_050	P3_B2R_sma10	A	593	234	37	222.3056	125.2036	120.6128	62.6018	62.6018	-5.2877	-2.9123	-2.9123	-1.8187	-1.8187	-48.4121	-0.0816	-74.2850	-46.9740	-0.0792	-63.0347	-44.2152	-0.0746	-59.0578	-26.5791	-0.0448	-34.6094	-26.6241	-0.0449	-34.6544		MMYT +13.4;VPG +12.4	MMYT +4.1;EFOR +3.9
rerun_mgmt	ALL	adr_050	P3_B2R_sma10	A_disc	573	227	37	222.3056	125.2036	120.6128	62.6018	62.6018	-5.2877	-2.9123	-2.9123	-1.8187	-1.8187	-49.7777	-0.0869	-75.6507	-46.6422	-0.0814	-62.7029	-44.0372	-0.0769	-58.8797	-26.4132	-0.0461	-34.4435	-26.4582	-0.0462	-34.4885		MMYT +13.4;VPG +12.4	MMYT +4.1;EFOR +3.9
rerun_mgmt	ALL	adr_050	P3_B2R_sma10	B	29	14	0	0	0	0	0	0	-2.4319	-1.1420	-1.1420	-0.5710	-0.5710	-19.0546	-0.6571	-21.5814	-9.1168	-0.3144	-10.3698	-9.0614	-0.3125	-10.2761	-4.5642	-0.1574	-5.1907	-4.5642	-0.1574	-5.1907		PHVS +2.0;SEI +0.5	PHVS +0.5;SEI +0.2
rerun_mgmt	ALL	adr_050	P3_B2R_sma20	A	593	234	41	242.6169	141.9643	137.3736	71.7436	71.7436	-5.2877	-2.9123	-2.9123	-1.8187	-1.8187	-24.9022	-0.0420	-50.7751	-26.2059	-0.0442	-42.2666	-25.0875	-0.0423	-39.9301	-15.9232	-0.0269	-23.9536	-16.0132	-0.0270	-24.0435		MMYT +13.4;VPG +12.4	MMYT +4.1;EFOR +3.9
rerun_mgmt	ALL	adr_050	P3_B2R_sma20	A_disc	573	227	41	242.6169	141.9643	137.3736	71.7436	71.7436	-5.2877	-2.9123	-2.9123	-1.8187	-1.8187	-25.6219	-0.0447	-51.4949	-25.2826	-0.0441	-41.3433	-24.3180	-0.0424	-39.1605	-15.4616	-0.0270	-23.4919	-15.5515	-0.0271	-23.5818		MMYT +13.4;VPG +12.4	MMYT +4.1;EFOR +3.9
rerun_mgmt	ALL	adr_050	P3_B2R_sma20	B	29	14	0	0	0	0	0	0	-2.4319	-1.1420	-1.1420	-0.5710	-0.5710	-19.0546	-0.6571	-21.5814	-9.1168	-0.3144	-10.3698	-9.0614	-0.3125	-10.2761	-4.5642	-0.1574	-5.1907	-4.5642	-0.1574	-5.1907		PHVS +2.0;SEI +0.5	PHVS +0.5;SEI +0.2
rerun_mgmt	ALL	adr_050	P3_B2R_hold	A	593	234	47	280.3222	162.4382	155.0937	81.9806	81.9806	-5.2877	-2.9123	-2.9123	-1.8187	-1.8187	-61.4670	-0.1037	-87.3399	-59.0770	-0.0996	-75.1377	-53.6724	-0.0905	-68.5150	-32.7014	-0.0551	-40.7317	-32.8839	-0.0555	-40.9143		MMYT +13.4;VPG +12.4	MMYT +4.1;EFOR +3.9
rerun_mgmt	ALL	adr_050	P3_B2R_hold	A_disc	573	227	47	280.3222	162.4382	155.0937	81.9806	81.9806	-5.2877	-2.9123	-2.9123	-1.8187	-1.8187	-60.4536	-0.1055	-86.3266	-57.2731	-0.1000	-73.3337	-52.0223	-0.0908	-66.8648	-31.7994	-0.0555	-39.8297	-31.9820	-0.0558	-40.0123		MMYT +13.4;VPG +12.4	MMYT +4.1;EFOR +3.9
rerun_mgmt	ALL	adr_050	P3_B2R_hold	B	29	14	0	0	0	0	0	0	-2.4319	-1.3442	-1.1420	-0.6721	-0.6721	-21.8604	-0.7538	-24.3872	-10.7793	-0.3717	-12.0323	-10.5129	-0.3625	-11.7276	-5.3954	-0.1860	-6.0219	-5.3954	-0.1860	-6.0219		PHVS +2.0;SEI +0.5	PHVS +0.5;SEI +0.2
rerun_mgmt	ALL	adr_050	P3_Bpart_sma10	A	593	234	40	234.7591	131.3587	126.7680	65.6794	65.6794	-5.2877	-2.9123	-2.9123	-1.8187	-1.8187	-54.0186	-0.0911	-79.8915	-54.5229	-0.0919	-70.5836	-50.9730	-0.0860	-65.8155	-30.6103	-0.0516	-38.6406	-30.6954	-0.0518	-38.7257		MMYT +13.4;VPG +12.4	MMYT +4.1;EFOR +3.9
rerun_mgmt	ALL	adr_050	P3_Bpart_sma10	A_disc	573	227	40	234.7591	131.3587	126.7680	65.6794	65.6794	-5.2877	-2.9123	-2.9123	-1.8187	-1.8187	-53.4153	-0.0932	-79.2883	-52.8597	-0.0923	-68.9204	-49.4636	-0.0863	-64.3062	-29.7787	-0.0520	-37.8091	-29.8638	-0.0521	-37.8941		MMYT +13.4;VPG +12.4	MMYT +4.1;EFOR +3.9
rerun_mgmt	ALL	adr_050	P3_Bpart_sma10	B	29	14	0	0	0	0	0	0	-2.4319	-1.1420	-1.1420	-0.5710	-0.5710	-21.7433	-0.7498	-23.3604	-10.3095	-0.3555	-11.1510	-10.2541	-0.3536	-11.0956	-5.1605	-0.1779	-5.5812	-5.1605	-0.1779	-5.5812		PHVS +2.0;QCOM -0.4	PHVS +0.5;QCOM -0.1
rerun_mgmt	ALL	adr_050	P3_Bpart_sma20	A	593	234	43	251.9718	146.4569	141.8661	73.9899	73.9899	-5.2877	-2.9123	-2.9123	-1.8187	-1.8187	-37.7122	-0.0636	-63.5851	-35.9196	-0.0606	-51.9802	-34.0100	-0.0574	-48.8526	-21.0793	-0.0355	-29.1096	-21.2092	-0.0358	-29.2396		MMYT +13.4;VPG +12.4	MMYT +4.1;EFOR +3.9
rerun_mgmt	ALL	adr_050	P3_Bpart_sma20	A_disc	573	227	43	251.9718	146.4569	141.8661	73.9899	73.9899	-5.2877	-2.9123	-2.9123	-1.8187	-1.8187	-36.4630	-0.0636	-62.3360	-33.6649	-0.0588	-49.7256	-31.9092	-0.0557	-46.7517	-19.9519	-0.0348	-27.9823	-20.0819	-0.0350	-28.1122		MMYT +13.4;VPG +12.4	MMYT +4.1;EFOR +3.9
rerun_mgmt	ALL	adr_050	P3_Bpart_sma20	B	29	14	0	0	0	0	0	0	-2.4319	-1.1420	-1.1420	-0.5710	-0.5710	-21.7433	-0.7498	-23.3604	-10.3095	-0.3555	-11.1510	-10.2541	-0.3536	-11.0956	-5.1605	-0.1779	-5.5812	-5.1605	-0.1779	-5.5812		PHVS +2.0;QCOM -0.4	PHVS +0.5;QCOM -0.1
rerun_mgmt	ALL	adr_050	P3_Bpart_hold	A	593	234	53	306.0536	177.6747	167.9387	89.5988	89.5988	-5.2877	-2.9123	-2.9123	-1.8187	-1.8187	-65.1219	-0.1098	-90.9948	-62.6755	-0.1057	-80.3646	-58.9273	-0.0994	-73.7698	-34.8868	-0.0588	-43.7313	-35.0315	-0.0591	-43.8761		MMYT +13.4;VPG +12.4	COHU +4.7;MMYT +4.1
rerun_mgmt	ALL	adr_050	P3_Bpart_hold	A_disc	573	227	53	306.0536	177.6747	167.9387	89.5988	89.5988	-5.2877	-2.9123	-2.9123	-1.8187	-1.8187	-62.1397	-0.1084	-88.0126	-59.5402	-0.1039	-77.2293	-55.9458	-0.0976	-70.7883	-33.3191	-0.0581	-42.1636	-33.4639	-0.0584	-42.3084		MMYT +13.4;VPG +12.4	COHU +4.7;MMYT +4.1
rerun_mgmt	ALL	adr_050	P3_Bpart_hold	B	29	14	0	0	0	0	0	0	-2.4319	-1.3442	-1.1420	-0.6721	-0.6721	-25.5491	-0.8810	-27.1662	-12.4909	-0.4307	-13.3324	-12.2245	-0.4215	-13.0660	-6.2512	-0.2156	-6.6720	-6.2512	-0.2156	-6.6720		PHVS +2.0;QCOM -0.4	PHVS +0.5;QCOM -0.1
rerun_mgmt	ALL	adr_100	M1_orb2	A	593	234	25	126.9253	121.7378	111.9940	76.7790	79.9706	-2.8095	-2.8095	-2.8095	-2.2227	-2.2227	-29.0828	-0.0490	-57.6941	-24.7055	-0.0417	-53.3168	-17.8772	-0.0301	-45.1656	-24.5983	-0.0415	-45.4616	-28.8784	-0.0487	-51.3898		TE +16.2;EFOR +12.4	TE +14.3;AKTS +6.6
rerun_mgmt	ALL	adr_100	M1_orb2	A_disc	573	227	25	126.9253	121.7378	111.9940	76.7790	79.9706	-2.8095	-2.8095	-2.8095	-2.2227	-2.2227	-30.1031	-0.0525	-58.7144	-25.2064	-0.0440	-53.8177	-18.4119	-0.0321	-45.7003	-24.9066	-0.0435	-45.7699	-29.1029	-0.0508	-51.6144		TE +16.2;EFOR +12.4	TE +14.3;AKTS +6.6
rerun_mgmt	ALL	adr_100	M1_orb2	B	28	14	0	0	0	0	0	0	-1.5445	-1.4286	-1.1584	-1.0000	-1.0000	-18.4775	-0.6599	-19.3366	-15.8924	-0.5676	-16.4024	-13.9839	-0.4994	-14.4226	-9.0620	-0.3236	-9.3169	-9.0803	-0.3243	-9.3530		DG +0.7;ALAB +0.1	DG +0.2;ALAB +0.1
rerun_mgmt	ALL	adr_100	M1_orb1	A	593	234	28	138.0190	132.6543	119.4824	83.2024	88.3682	-2.8095	-2.8095	-2.8095	-2.2227	-2.2227	-35.1100	-0.0592	-63.7213	-30.2782	-0.0511	-58.8895	-23.4747	-0.0396	-50.7631	-30.2041	-0.0509	-51.0674	-34.3775	-0.0580	-56.8890		TE +16.2;EFOR +12.4	TE +14.3;AKTS +6.6
rerun_mgmt	ALL	adr_100	M1_orb1	A_disc	573	227	28	138.0190	132.6543	119.4824	83.2024	88.3682	-2.8095	-2.8095	-2.8095	-2.2227	-2.2227	-33.3327	-0.0582	-61.9440	-27.8685	-0.0486	-56.4798	-21.6561	-0.0378	-48.9445	-28.6069	-0.0499	-49.4702	-32.6965	-0.0571	-55.2080		TE +16.2;EFOR +12.4	TE +14.3;AKTS +6.6
rerun_mgmt	ALL	adr_100	M1_orb1	B	32	15	0	0	0	0	0	0	-1.5445	-1.4286	-1.1584	-1.0000	-1.0000	-21.3200	-0.6662	-22.5124	-17.6348	-0.5511	-18.3156	-15.8808	-0.4963	-16.4904	-9.9222	-0.3101	-10.2626	-9.9000	-0.3094	-10.2582		DG +1.0;ALAB +0.1	DG +0.3;ALAB +0.1
rerun_mgmt	ALL	adr_100	M1t_orb2	A	563	230	27	121.5810	117.5898	103.4857	68.2048	71.8840	-2.8095	-2.8095	-2.8095	-2.2227	-2.2227	-52.9969	-0.0941	-75.6758	-43.0976	-0.0765	-65.7764	-42.6417	-0.0757	-58.7057	-40.6142	-0.0721	-53.2308	-42.8785	-0.0762	-57.8253		EFOR +14.3;MMYT +8.4	EFOR +7.1;VOYG +5.5
rerun_mgmt	ALL	adr_100	M1t_orb2	A_disc	543	223	27	121.5810	117.5898	103.4857	68.2048	71.8840	-2.8095	-2.8095	-2.8095	-2.2227	-2.2227	-49.6412	-0.0914	-72.3200	-39.4713	-0.0727	-62.1501	-39.4863	-0.0727	-55.5503	-38.2431	-0.0704	-50.8597	-40.4237	-0.0744	-55.3704		EFOR +14.3;MMYT +8.4	EFOR +7.1;VOYG +5.5
rerun_mgmt	ALL	adr_100	M1t_orb2	B	28	14	0	0	0	0	0	0	-1.5445	-1.4286	-1.1584	-1.0000	-1.0000	-20.6563	-0.7377	-21.3736	-17.1944	-0.6141	-17.6316	-15.3279	-0.5474	-15.6938	-9.7020	-0.3465	-9.9206	-9.7203	-0.3472	-9.9567		DG +0.6;ALAB +0.1	DG +0.1;ALAB +0.1
rerun_mgmt	ALL	adr_100	M1t_orb1	A	593	234	37	180.8834	176.4703	158.8701	102.7955	107.3623	-2.8095	-2.8095	-2.8095	-2.2227	-2.2227	-6.9393	-0.0117	-37.6174	2.9193	0.0049	-27.7589	-0.9418	-0.0016	-23.2245	-17.0447	-0.0287	-34.7634	-18.4232	-0.0311	-38.9065		EFOR +17.0;AKTS +13.7	AKTS +9.2;EFOR +8.5
rerun_mgmt	ALL	adr_100	M1t_orb1	A_disc	573	227	37	180.8834	176.4703	158.8701	102.7955	107.3623	-2.8095	-2.8095	-2.8095	-2.2227	-2.2227	-2.3783	-0.0042	-33.0565	7.7209	0.0135	-22.9573	3.2686	0.0057	-19.0141	-14.0023	-0.0244	-31.7211	-15.2970	-0.0267	-35.7804		EFOR +17.0;AKTS +13.7	AKTS +9.2;EFOR +8.5
rerun_mgmt	ALL	adr_100	M1t_orb1	B	32	15	0	0	0	0	0	0	-1.5445	-1.4286	-1.1584	-1.0000	-1.0000	-21.7951	-0.6811	-22.5124	-17.8783	-0.5587	-18.3156	-16.1244	-0.5039	-16.4904	-10.0440	-0.3139	-10.2626	-10.0218	-0.3132	-10.2582		DG +0.6;ALAB +0.1	DG +0.1;ALAB +0.1
rerun_mgmt	ALL	adr_100	P2_B1R_sma10	A	593	234	27	120.6414	115.6898	105.3966	72.5620	75.9561	-2.8095	-2.8095	-2.8095	-2.2227	-2.2227	22.3308	0.0377	-6.2227	25.0507	0.0422	-3.5028	26.8102	0.0452	1.4976	6.4467	0.0109	-13.8667	4.2904	0.0072	-18.0491		TE +15.6;EFOR +13.0	TE +13.7;AKTS +6.6
rerun_mgmt	ALL	adr_100	P2_B1R_sma10	A_disc	573	227	27	120.6414	115.6898	105.3966	72.5620	75.9561	-2.8095	-2.8095	-2.8095	-2.2227	-2.2227	22.3626	0.0390	-6.1909	26.0035	0.0454	-2.5500	27.2413	0.0475	1.9286	7.1352	0.0125	-13.1781	5.0274	0.0088	-17.3122		TE +15.6;EFOR +13.0	TE +13.7;AKTS +6.6
rerun_mgmt	ALL	adr_100	P2_B1R_sma10	B	32	15	0	0	0	0	0	0	-1.5445	-1.4286	-1.1584	-1.0000	-1.0000	-18.5522	-0.5798	-19.2188	-16.0676	-0.5021	-16.4095	-13.6609	-0.4269	-14.0027	-9.0497	-0.2828	-9.2206	-9.1408	-0.2857	-9.3117		DG +0.7;PHVS +0.0	DG +0.2;PHVS +0.0
rerun_mgmt	ALL	adr_100	P2_B1R_sma20	A	593	234	29	127.9378	123.6160	113.3228	78.2841	81.6782	-2.8095	-2.8095	-2.8095	-2.2227	-2.2227	26.1144	0.0440	-2.4391	30.3457	0.0512	1.7922	29.7166	0.0501	4.4040	12.8927	0.0217	-7.4206	12.1906	0.0206	-10.1490		TE +15.6;EFOR +13.0	TE +13.7;AKTS +6.6
rerun_mgmt	ALL	adr_100	P2_B1R_sma20	A_disc	573	227	29	127.9378	123.6160	113.3228	78.2841	81.6782	-2.8095	-2.8095	-2.8095	-2.2227	-2.2227	28.3745	0.0495	-0.1790	33.3880	0.0583	4.8345	31.8947	0.0557	6.5821	14.7660	0.0258	-5.5473	14.2177	0.0248	-8.1219		TE +15.6;EFOR +13.0	TE +13.7;AKTS +6.6
rerun_mgmt	ALL	adr_100	P2_B1R_sma20	B	32	15	0	0	0	0	0	0	-1.5445	-1.4286	-1.1584	-1.0000	-1.0000	-17.4234	-0.5445	-18.0901	-14.9389	-0.4668	-15.2807	-12.8143	-0.4004	-13.1561	-8.4842	-0.2651	-8.6551	-8.5753	-0.2680	-8.7463		DG +0.7;PHVS +0.0	DG +0.2;PHVS +0.0
rerun_mgmt	ALL	adr_100	P2_B1R_hold	A	593	234	33	144.7530	139.3231	127.4091	87.7400	92.1166	-9.0216	-9.0216	-6.7662	-4.5799	-4.5799	-34.4458	-0.0581	-62.9993	-29.1073	-0.0491	-57.6607	-15.2935	-0.0258	-40.6061	-25.8266	-0.0436	-46.1400	-31.3417	-0.0529	-53.6813		TE +15.6;EFOR +13.0	TE +13.7;AKTS +6.6
rerun_mgmt	ALL	adr_100	P2_B1R_hold	A_disc	573	227	33	144.7530	139.3231	127.4091	87.7400	92.1166	-2.8095	-2.8095	-2.8095	-2.2227	-2.2227	-13.7190	-0.0239	-42.2725	-7.5983	-0.0133	-36.1518	0.8825	0.0015	-24.4302	-14.4895	-0.0253	-34.8028	-19.8508	-0.0346	-42.1903		TE +15.6;EFOR +13.0	TE +13.7;AKTS +6.6
rerun_mgmt	ALL	adr_100	P2_B1R_hold	B	32	15	0	0	0	0	0	0	-1.5445	-1.4286	-1.1584	-1.0000	-1.0000	-21.0724	-0.6585	-21.7391	-18.5995	-0.5812	-18.9413	-15.4166	-0.4818	-15.7585	-10.3981	-0.3249	-10.5690	-10.5947	-0.3311	-10.7656		DG +0.7;PHVS +0.0	DG +0.2;PHVS +0.0
rerun_mgmt	ALL	adr_100	P2_B2R_sma10	A	593	234	32	137.2039	132.2233	121.0776	81.6654	85.0595	-2.8095	-2.8095	-2.8095	-2.2227	-2.2227	-2.7139	-0.0046	-31.2674	2.1733	0.0037	-26.3802	4.8540	0.0082	-20.4587	-12.1532	-0.0205	-32.4665	-15.1547	-0.0256	-37.4942		TE +15.6;EFOR +13.0	TE +13.7;AKTS +6.6
rerun_mgmt	ALL	adr_100	P2_B2R_sma10	A_disc	573	227	32	137.2039	132.2233	121.0776	81.6654	85.0595	-2.8095	-2.8095	-2.8095	-2.2227	-2.2227	0.0140	0.0000	-28.5395	5.8015	0.0101	-22.7520	7.4291	0.0130	-17.8836	-9.7661	-0.0170	-30.0794	-12.7192	-0.0222	-35.0587		TE +15.6;EFOR +13.0	TE +13.7;AKTS +6.6
rerun_mgmt	ALL	adr_100	P2_B2R_sma10	B	32	15	0	0	0	0	0	0	-1.5445	-1.4286	-1.1584	-1.0000	-1.0000	-22.5498	-0.7047	-22.9879	-19.3110	-0.6035	-19.4883	-16.6798	-0.5212	-16.9074	-10.7349	-0.3355	-10.8235	-10.7709	-0.3366	-10.8596		DG +0.7;ALAB -0.2	DG +0.2;QCOM -0.1
rerun_mgmt	ALL	adr_100	P2_B2R_sma20	A	593	234	35	148.0606	143.7098	132.5640	90.0234	93.4175	-2.8095	-2.8095	-2.8095	-2.2227	-2.2227	-9.3265	-0.0157	-37.8800	-1.6900	-0.0028	-30.2435	-2.5541	-0.0043	-27.8667	-11.8320	-0.0200	-32.1453	-13.3801	-0.0226	-35.7197		TE +15.6;EFOR +13.0	TE +13.7;AKTS +6.6
rerun_mgmt	ALL	adr_100	P2_B2R_sma20	A_disc	573	227	35	148.0606	143.7098	132.5640	90.0234	93.4175	-2.8095	-2.8095	-2.8095	-2.2227	-2.2227	-1.8736	-0.0033	-30.4270	6.5245	0.0114	-22.0289	4.0281	0.0070	-21.2845	-6.5379	-0.0114	-26.8512	-7.9323	-0.0138	-30.2718		TE +15.6;EFOR +13.0	TE +13.7;AKTS +6.6
rerun_mgmt	ALL	adr_100	P2_B2R_sma20	B	32	15	0	0	0	0	0	0	-1.5445	-1.4286	-1.1584	-1.0000	-1.0000	-20.2163	-0.6318	-21.4888	-16.9775	-0.5305	-17.9252	-15.2309	-0.4760	-15.6256	-9.5670	-0.2990	-9.9774	-9.5154	-0.2974	-10.0427		DG +0.7;SEI +0.6	SEI +0.2;DG +0.2
rerun_mgmt	ALL	adr_100	P2_B2R_hold	A	593	234	40	167.9419	162.4830	148.1834	101.0123	106.2673	-9.0216	-9.0216	-6.7662	-4.5799	-4.5799	-80.2093	-0.1353	-108.7628	-70.0653	-0.1182	-98.6188	-56.9637	-0.0961	-82.2763	-57.8192	-0.0975	-78.1325	-64.0372	-0.1080	-86.3767		TE +15.6;EFOR +13.0	TE +13.7;AKTS +6.6
rerun_mgmt	ALL	adr_100	P2_B2R_hold	A_disc	573	227	40	167.9419	162.4830	148.1834	101.0123	106.2673	-2.8095	-2.8095	-2.8095	-2.2227	-2.2227	-54.4402	-0.0950	-82.9937	-43.5347	-0.0760	-72.0882	-36.4966	-0.0637	-61.8093	-43.1381	-0.0753	-63.4514	-49.2022	-0.0859	-71.5418		TE +15.6;EFOR +13.0	TE +13.7;AKTS +6.6
rerun_mgmt	ALL	adr_100	P2_B2R_hold	B	32	15	1	3.2958	3.1729	1.6479	1.5864	1.5864	-1.5445	-1.4286	-1.1584	-1.0000	-1.0000	-21.8159	-0.6817	-24.7783	-18.7000	-0.5844	-21.6266	-17.1200	-0.5350	-18.3598	-10.5308	-0.3291	-11.9306	-10.5846	-0.3308	-12.1014		CRWD +2.3;DG +0.7	CRWD +1.2;SEI +0.2
rerun_mgmt	ALL	adr_100	P2_Bpart_sma10	A	593	234	32	137.2039	132.2233	121.0776	81.6654	85.0595	-2.8095	-2.8095	-2.8095	-2.2227	-2.2227	-2.7139	-0.0046	-31.2674	2.1733	0.0037	-26.3802	4.8540	0.0082	-20.4587	-12.1532	-0.0205	-32.4665	-15.1547	-0.0256	-37.4942		TE +15.6;EFOR +13.0	TE +13.7;AKTS +6.6
rerun_mgmt	ALL	adr_100	P2_Bpart_sma10	A_disc	573	227	32	137.2039	132.2233	121.0776	81.6654	85.0595	-2.8095	-2.8095	-2.8095	-2.2227	-2.2227	0.0140	0.0000	-28.5395	5.8015	0.0101	-22.7520	7.4291	0.0130	-17.8836	-9.7661	-0.0170	-30.0794	-12.7192	-0.0222	-35.0587		TE +15.6;EFOR +13.0	TE +13.7;AKTS +6.6
rerun_mgmt	ALL	adr_100	P2_Bpart_sma10	B	32	15	0	0	0	0	0	0	-1.5445	-1.4286	-1.1584	-1.0000	-1.0000	-22.5498	-0.7047	-22.9879	-19.3110	-0.6035	-19.4883	-16.6798	-0.5212	-16.9074	-10.7349	-0.3355	-10.8235	-10.7709	-0.3366	-10.8596		DG +0.7;ALAB -0.2	DG +0.2;QCOM -0.1
rerun_mgmt	ALL	adr_100	P2_Bpart_sma20	A	593	234	35	148.0606	143.7098	132.5640	90.0234	93.4175	-2.8095	-2.8095	-2.8095	-2.2227	-2.2227	-9.3265	-0.0157	-37.8800	-1.6900	-0.0028	-30.2435	-2.5541	-0.0043	-27.8667	-11.8320	-0.0200	-32.1453	-13.3801	-0.0226	-35.7197		TE +15.6;EFOR +13.0	TE +13.7;AKTS +6.6
rerun_mgmt	ALL	adr_100	P2_Bpart_sma20	A_disc	573	227	35	148.0606	143.7098	132.5640	90.0234	93.4175	-2.8095	-2.8095	-2.8095	-2.2227	-2.2227	-1.8736	-0.0033	-30.4270	6.5245	0.0114	-22.0289	4.0281	0.0070	-21.2845	-6.5379	-0.0114	-26.8512	-7.9323	-0.0138	-30.2718		TE +15.6;EFOR +13.0	TE +13.7;AKTS +6.6
rerun_mgmt	ALL	adr_100	P2_Bpart_sma20	B	32	15	0	0	0	0	0	0	-1.5445	-1.4286	-1.1584	-1.0000	-1.0000	-20.2163	-0.6318	-21.4888	-16.9775	-0.5305	-17.9252	-15.2309	-0.4760	-15.6256	-9.5670	-0.2990	-9.9774	-9.5154	-0.2974	-10.0427		DG +0.7;SEI +0.6	SEI +0.2;DG +0.2
rerun_mgmt	ALL	adr_100	P2_Bpart_hold	A	593	234	40	167.9419	162.4830	148.1834	101.0123	106.2673	-9.0216	-9.0216	-6.7662	-4.5799	-4.5799	-80.2093	-0.1353	-108.7628	-70.0653	-0.1182	-98.6188	-56.9637	-0.0961	-82.2763	-57.8192	-0.0975	-78.1325	-64.0372	-0.1080	-86.3767		TE +15.6;EFOR +13.0	TE +13.7;AKTS +6.6
rerun_mgmt	ALL	adr_100	P2_Bpart_hold	A_disc	573	227	40	167.9419	162.4830	148.1834	101.0123	106.2673	-2.8095	-2.8095	-2.8095	-2.2227	-2.2227	-54.4402	-0.0950	-82.9937	-43.5347	-0.0760	-72.0882	-36.4966	-0.0637	-61.8093	-43.1381	-0.0753	-63.4514	-49.2022	-0.0859	-71.5418		TE +15.6;EFOR +13.0	TE +13.7;AKTS +6.6
rerun_mgmt	ALL	adr_100	P2_Bpart_hold	B	32	15	1	3.2958	3.1729	1.6479	1.5864	1.5864	-1.5445	-1.4286	-1.1584	-1.0000	-1.0000	-21.8159	-0.6817	-24.7783	-18.7000	-0.5844	-21.6266	-17.1200	-0.5350	-18.3598	-10.5308	-0.3291	-11.9306	-10.5846	-0.3308	-12.1014		CRWD +2.3;DG +0.7	CRWD +1.2;SEI +0.2
rerun_mgmt	ALL	adr_100	P3_B1R_sma10	A	593	234	33	148.8147	142.6580	131.0036	87.9533	91.5694	-2.8095	-2.8095	-2.8095	-2.2227	-2.2227	22.7776	0.0384	-7.1092	26.6137	0.0449	-3.2731	28.0077	0.0472	1.3617	7.1157	0.0120	-14.2310	5.0538	0.0085	-18.3155		TE +16.3;EFOR +13.6	TE +14.3;AKTS +7.0
rerun_mgmt	ALL	adr_100	P3_B1R_sma10	A_disc	573	227	33	148.8147	142.6580	131.0036	87.9533	91.5694	-2.8095	-2.8095	-2.8095	-2.2227	-2.2227	24.7829	0.0433	-5.1039	29.2698	0.0511	-0.6171	30.1421	0.0526	3.4962	8.8250	0.0154	-12.5217	6.8115	0.0119	-16.5578		TE +16.3;EFOR +13.6	TE +14.3;AKTS +7.0
rerun_mgmt	ALL	adr_100	P3_B1R_sma10	B	32	15	0	0	0	0	0	0	-1.5445	-1.4286	-1.1584	-1.0000	-1.0000	-20.8685	-0.6521	-20.8685	-17.3777	-0.5431	-17.3777	-14.9021	-0.4657	-14.9021	-9.7047	-0.3033	-9.7047	-9.7959	-0.3061	-9.7959		DG +0.0;PHVS +0.0	DG +0.0;PHVS +0.0
rerun_mgmt	ALL	adr_100	P3_B1R_sma20	A	593	234	36	160.0324	154.5537	142.8994	97.2777	100.8937	-2.8095	-2.8095	-2.8095	-2.2227	-2.2227	27.8772	0.0470	-2.0096	33.3106	0.0562	3.4238	32.2866	0.0544	5.6406	14.6036	0.0246	-6.7432	14.0007	0.0236	-9.3686		TE +16.3;EFOR +13.6	TE +14.3;AKTS +7.0
rerun_mgmt	ALL	adr_100	P3_B1R_sma20	A_disc	573	227	36	160.0324	154.5537	142.8994	97.2777	100.8937	-2.8095	-2.8095	-2.8095	-2.2227	-2.2227	31.9878	0.0558	2.1010	37.9852	0.0663	8.0983	36.0969	0.0630	9.4509	17.4621	0.0305	-3.8847	17.0130	0.0297	-6.3562		TE +16.3;EFOR +13.6	TE +14.3;AKTS +7.0
rerun_mgmt	ALL	adr_100	P3_B1R_sma20	B	32	15	0	0	0	0	0	0	-1.5445	-1.4286	-1.1584	-1.0000	-1.0000	-19.7397	-0.6169	-19.7397	-16.2489	-0.5078	-16.2489	-14.0555	-0.4392	-14.0555	-9.1393	-0.2856	-9.1393	-9.2304	-0.2884	-9.2304		DG +0.0;PHVS +0.0	DG +0.0;PHVS +0.0
rerun_mgmt	ALL	adr_100	P3_B1R_hold	A	593	234	41	181.2810	174.4974	161.0556	109.0193	113.7188	-9.0216	-9.0216	-6.7662	-4.5799	-4.5799	-30.7594	-0.0519	-60.6462	-24.3552	-0.0411	-54.2420	-11.4363	-0.0193	-38.0823	-22.9158	-0.0386	-44.2625	-28.0350	-0.0473	-51.4042		TE +16.3;EFOR +13.6	TE +14.3;AKTS +7.0
rerun_mgmt	ALL	adr_100	P3_B1R_hold	A_disc	573	227	41	181.2810	174.4974	161.0556	109.0193	113.7188	-2.8095	-2.8095	-2.8095	-2.2227	-2.2227	-8.1822	-0.0143	-38.0690	-1.2140	-0.0021	-31.1008	6.3718	0.0111	-20.2742	-10.5934	-0.0185	-31.9402	-15.5588	-0.0272	-38.9281		TE +16.3;EFOR +13.6	TE +14.3;AKTS +7.0
rerun_mgmt	ALL	adr_100	P3_B1R_hold	B	32	15	0	0	0	0	0	0	-1.5445	-1.4286	-1.1584	-1.0000	-1.0000	-23.3887	-0.7309	-23.3887	-19.9096	-0.6222	-19.9096	-16.6578	-0.5206	-16.6578	-11.0531	-0.3454	-11.0531	-11.2497	-0.3516	-11.2497		DG +0.0;PHVS +0.0	DG +0.0;PHVS +0.0
rerun_mgmt	ALL	adr_100	P3_B2R_sma10	A	593	234	38	167.0439	160.8552	148.2650	97.9725	101.5885	-2.8095	-2.8095	-2.8095	-2.2227	-2.2227	-0.0067	-0.0000	-29.8935	5.9988	0.0101	-23.8880	8.1530	0.0137	-18.4930	-10.1133	-0.0171	-31.4601	-13.0206	-0.0220	-36.3898		TE +16.3;EFOR +13.6	TE +14.3;AKTS +7.0
rerun_mgmt	ALL	adr_100	P3_B2R_sma10	A_disc	573	227	38	167.0439	160.8552	148.2650	97.9725	101.5885	-2.8095	-2.8095	-2.8095	-2.2227	-2.2227	4.6948	0.0082	-25.1920	11.3303	0.0198	-18.5566	12.4315	0.0217	-14.2145	-6.7055	-0.0117	-28.0522	-9.5643	-0.0167	-32.9335		TE +16.3;EFOR +13.6	TE +14.3;AKTS +7.0
rerun_mgmt	ALL	adr_100	P3_B2R_sma10	B	32	15	0	0	0	0	0	0	-1.5445	-1.4286	-1.1584	-1.0000	-1.0000	-24.8661	-0.7771	-24.6375	-20.6211	-0.6444	-20.3926	-17.9210	-0.5600	-17.8067	-11.3899	-0.3559	-11.2756	-11.4260	-0.3571	-11.2833		DG +0.0;ALAB -0.2	DG +0.0;ALAB -0.1
rerun_mgmt	ALL	adr_100	P3_B2R_sma20	A	593	234	42	182.1552	176.6446	164.0544	110.1796	113.7956	-2.8095	-2.8095	-2.8095	-2.2227	-2.2227	-5.1775	-0.0087	-35.0643	3.6301	0.0061	-26.2567	2.1802	0.0037	-24.4658	-8.7784	-0.0148	-30.1252	-10.2277	-0.0172	-33.5969		TE +16.3;EFOR +13.6	TE +14.3;AKTS +7.0
rerun_mgmt	ALL	adr_100	P3_B2R_sma20	A_disc	573	227	42	182.1552	176.6446	164.0544	110.1796	113.7956	-2.8095	-2.8095	-2.8095	-2.2227	-2.2227	4.1260	0.0072	-25.7609	13.4768	0.0235	-16.4100	10.3946	0.0181	-16.2514	-2.4992	-0.0044	-23.8459	-3.7946	-0.0066	-27.1639		TE +16.3;EFOR +13.6	TE +14.3;AKTS +7.0
rerun_mgmt	ALL	adr_100	P3_B2R_sma20	B	32	15	0	0	0	0	0	0	-1.5445	-1.4286	-1.1584	-1.0000	-1.0000	-22.5326	-0.7041	-23.1384	-18.2876	-0.5715	-18.8935	-16.4720	-0.5148	-16.5249	-10.2220	-0.3194	-10.4615	-10.1704	-0.3178	-10.5268		SEI +0.6;DG +0.0	SEI +0.2;DG +0.0
rerun_mgmt	ALL	adr_100	P3_B2R_hold	A	593	234	48	206.8032	199.9877	183.9103	123.6208	129.2943	-9.0216	-9.0216	-6.7662	-4.5799	-4.5799	-74.4106	-0.1255	-104.2974	-63.2320	-0.1066	-93.1188	-51.4655	-0.0868	-78.1115	-53.9770	-0.0910	-75.3238	-59.6761	-0.1006	-83.0453		TE +16.3;EFOR +13.6	TE +14.3;AKTS +7.0
rerun_mgmt	ALL	adr_100	P3_B2R_hold	A_disc	573	227	48	206.8032	199.9877	183.9103	123.6208	129.2943	-2.8095	-2.8095	-2.8095	-2.2227	-2.2227	-46.7911	-0.0817	-76.6779	-35.0692	-0.0612	-64.9560	-29.3662	-0.0512	-56.0122	-38.3107	-0.0669	-59.6574	-43.8559	-0.0765	-67.2252		TE +16.3;EFOR +13.6	TE +14.3;AKTS +7.0
rerun_mgmt	ALL	adr_100	P3_B2R_hold	B	32	15	1	3.6291	3.4938	1.8146	1.7469	1.7469	-1.5445	-1.4286	-1.1584	-1.0000	-1.0000	-23.7988	-0.7437	-27.0338	-19.6892	-0.6153	-22.9367	-18.1945	-0.5686	-19.3120	-11.0254	-0.3445	-12.5856	-11.0792	-0.3462	-12.7564		CRWD +2.6;SEI +0.6	CRWD +1.3;SEI +0.2
rerun_mgmt	ALL	adr_100	P3_Bpart_sma10	A	593	234	39	170.8005	164.6119	152.0216	99.9500	103.5660	-2.8095	-2.8095	-2.8095	-2.2227	-2.2227	6.6623	0.0112	-23.2245	13.3559	0.0225	-16.5309	14.4597	0.0244	-12.1863	-6.4087	-0.0108	-27.7554	-9.3159	-0.0157	-32.6852		TE +16.3;EFOR +13.6	TE +14.3;AKTS +7.0
rerun_mgmt	ALL	adr_100	P3_Bpart_sma10	A_disc	573	227	39	170.8005	164.6119	152.0216	99.9500	103.5660	-2.8095	-2.8095	-2.8095	-2.2227	-2.2227	11.3598	0.0198	-18.5270	18.6835	0.0326	-11.2033	18.7342	0.0327	-7.9118	-2.9898	-0.0052	-24.3365	-5.8486	-0.0102	-29.2179		TE +16.3;EFOR +13.6	TE +14.3;AKTS +7.0
rerun_mgmt	ALL	adr_100	P3_Bpart_sma10	B	32	15	0	0	0	0	0	0	-1.5445	-1.4286	-1.1584	-1.0000	-1.0000	-20.8921	-0.6529	-22.9172	-18.2759	-0.5711	-19.4883	-15.7572	-0.4924	-16.8141	-10.2173	-0.3193	-10.8235	-10.2534	-0.3204	-10.8596		QCOM +2.2;DG -0.2	QCOM +0.6;DG -0.0
rerun_mgmt	ALL	adr_100	P3_Bpart_sma20	A	593	234	43	185.9119	180.4013	167.8110	112.1571	115.7731	-2.8095	-2.8095	-2.8095	-2.2227	-2.2227	-6.2580	-0.0106	-36.1449	3.6795	0.0062	-26.2073	1.1985	0.0020	-25.4475	-10.6077	-0.0179	-31.9545	-12.0570	-0.0203	-35.4262		TE +16.3;EFOR +13.6	TE +14.3;AKTS +7.0
rerun_mgmt	ALL	adr_100	P3_Bpart_sma20	A_disc	573	227	43	185.9119	180.4013	167.8110	112.1571	115.7731	-2.8095	-2.8095	-2.8095	-2.2227	-2.2227	3.3284	0.0058	-26.5584	13.8092	0.0241	-16.0776	9.6959	0.0169	-16.9501	-4.1103	-0.0072	-25.4570	-5.4058	-0.0094	-28.7750		TE +16.3;EFOR +13.6	TE +14.3;AKTS +7.0
rerun_mgmt	ALL	adr_100	P3_Bpart_sma20	B	32	15	2	7.9150	4.6473	4.2957	2.3236	2.3236	-1.5445	-1.4286	-1.1584	-1.0000	-1.0000	-13.8308	-0.4322	-21.3517	-13.1675	-0.4115	-17.8438	-11.7294	-0.3665	-15.5012	-7.6620	-0.2394	-9.9367	-7.6104	-0.2378	-10.0020		QCOM +6.9;SEI +0.6	QCOM +2.0;SEI +0.2
rerun_mgmt	ALL	adr_100	P3_Bpart_hold	A	593	234	50	219.9649	213.1494	197.0720	130.9422	136.6156	-9.0216	-9.0216	-6.7662	-4.5799	-4.5799	-72.2259	-0.1218	-102.1127	-59.9173	-0.1010	-89.8041	-49.1819	-0.0829	-76.8447	-53.9432	-0.0910	-75.2900	-59.6423	-0.1006	-83.0115		TE +16.3;EFOR +13.6	TE +14.3;AKTS +7.0
rerun_mgmt	ALL	adr_100	P3_Bpart_hold	A_disc	573	227	50	219.9649	213.1494	197.0720	130.9422	136.6156	-2.8095	-2.8095	-2.8095	-2.2227	-2.2227	-44.3233	-0.0774	-74.2101	-31.4715	-0.0549	-61.3583	-26.7996	-0.0468	-54.4624	-38.0587	-0.0664	-59.4055	-43.6040	-0.0761	-66.9732		TE +16.3;EFOR +13.6	TE +14.3;AKTS +7.0
rerun_mgmt	ALL	adr_100	P3_Bpart_hold	B	32	15	3	11.5441	8.1410	6.1103	4.0705	4.0705	-1.5445	-1.4286	-1.1584	-1.0000	-1.0000	-15.0565	-0.4705	-24.6007	-14.5483	-0.4546	-21.2603	-13.4311	-0.4197	-18.2146	-8.4549	-0.2642	-11.8109	-8.5088	-0.2659	-11.8648		QCOM +6.9;CRWD +2.6	QCOM +2.0;CRWD +1.3
rerun_mgmt	ALL	incumbent	M1_orb1	A	526	228	31	184.6614	118.3544	111.1602	67.1305	67.7185	-2.6509	-2.1429	-2.1429	-1.2697	-1.2697	-85.5125	-0.1626	-124.8536	-17.8751	-0.0340	-54.0741	-19.3445	-0.0368	-55.5435	-7.6100	-0.0145	-28.6566	-9.4997	-0.0181	-30.5463		TE +26.0;CLF +13.3	TE +14.3;HQ +6.8
rerun_mgmt	ALL	incumbent	M1_orb1	A_disc	508	221	31	184.6614	118.3544	111.1602	67.1305	67.7185	-2.6509	-2.1429	-2.1429	-1.2697	-1.2697	-82.3834	-0.1622	-121.7246	-16.1238	-0.0317	-52.3228	-18.0633	-0.0356	-54.2623	-6.6705	-0.0131	-27.7171	-8.4846	-0.0167	-29.5312		TE +26.0;CLF +13.3	TE +14.3;HQ +6.8
rerun_mgmt	ALL	incumbent	M1_orb1	B	18	11	0	0	0	0	0	0	-1.0000	-1.0000	-0.7500	-0.7500	-0.9750	-9.5937	-0.5330	-13.3333	-5.1996	-0.2889	-6.2017	-4.4927	-0.2496	-5.4751	-2.8302	-0.1572	-3.3510	-3.0545	-0.1697	-3.5760		SEI +2.7;DG +1.0	DG +0.3;SEI +0.2
reentry	ep_low_reclaim	incumbent	x1|trail	A	171	163	10	64.5209	42.7789	42.7789	22.2149	22.2149	-2.4567	-1.9978	-1.8425	-1.3243	-1.3243	-19.1260	-0.1118	-49.4287	10.7658	0.0630	-8.7576	11.3594	0.0664	-8.1639	4.0903	0.0239	-5.9155	4.7659	0.0279	-5.2399		KURA +16.1;TE +14.2	TE +7.0;LIFE +3.0
reentry	ep_low_reclaim	incumbent	x1|trail	A_disc	166	160	10	64.5209	42.7789	42.7789	22.2149	22.2149	-2.4567	-1.9978	-1.8425	-1.3243	-1.3243	-19.2210	-0.1158	-49.5237	10.7838	0.0650	-8.7396	12.1449	0.0732	-7.3785	4.3330	0.0261	-5.6728	4.3075	0.0259	-5.6983		KURA +16.1;TE +14.2	TE +7.0;LIFE +3.0
reentry	ep_low_reclaim	incumbent	x1|trail	B	7	7	0	0	0	0	0	0	-1.0000	-0.4737	-0.4737	-0.2368	-0.2368	-4.9099	-0.7014	-5.0000	-1.1807	-0.1687	-1.3263	-1.2379	-0.1768	-1.3263	-0.5331	-0.0762	-0.6631	-0.4759	-0.0680	-0.6631		ERO +0.2;DG -0.1	ERO +0.2;DG -0.0
reentry	ep_low_reclaim	incumbent	x2|trail	A	166	158	14	95.3172	64.4901	59.0430	34.5412	34.6644	-2.4567	-1.9978	-1.8425	-1.3243	-1.3243	2.8271	0.0170	-27.4756	30.0963	0.1813	5.4011	25.0095	0.1507	4.5793	16.0765	0.0968	3.7289	17.4604	0.1052	4.9896		KURA +16.1;TE +14.2	TE +7.0;EFOR +5.3
reentry	ep_low_reclaim	incumbent	x2|trail	A_disc	161	155	14	95.3172	64.4901	59.0430	34.5412	34.6644	-2.4567	-1.9978	-1.8425	-1.3243	-1.3243	2.7296	0.0170	-27.5731	30.1118	0.1870	5.4166	25.7931	0.1602	5.3629	16.3388	0.1015	3.9912	17.0533	0.1059	4.5825		KURA +16.1;TE +14.2	TE +7.0;EFOR +5.3
reentry	ep_low_reclaim	incumbent	x2|trail	B	7	7	0	0	0	0	0	0	-2.0606	-1.0689	-0.8604	-0.5344	-0.5344	-5.3361	-0.7623	-5.7754	-1.5350	-0.2193	-1.8923	-1.4897	-0.2128	-1.7898	-0.6043	-0.0863	-0.8570	-0.4412	-0.0630	-0.8570		ERO +0.2;CRWD +0.2	ERO +0.2;IONQ +0.1
reentry	ep_low_reclaim	incumbent	x3|trail	A	164	156	16	122.7643	79.0604	73.6133	41.8264	41.9496	-3.0161	-2.1604	-2.0059	-1.3243	-1.3243	30.7740	0.1876	0.4713	43.8257	0.2672	19.1305	39.0521	0.2381	16.0791	22.8009	0.1390	10.4533	24.0936	0.1469	11.6228		KURA +16.1;TE +14.2	TE +7.0;EFOR +5.3
reentry	ep_low_reclaim	incumbent	x3|trail	A_disc	159	153	16	122.7643	79.0604	73.6133	41.8264	41.9496	-3.0161	-2.1604	-2.0059	-1.3243	-1.3243	30.6765	0.1929	0.3738	43.8412	0.2757	19.1459	39.8357	0.2505	16.8627	23.0631	0.1451	10.7155	23.6865	0.1490	11.2157		KURA +16.1;TE +14.2	TE +7.0;EFOR +5.3
reentry	ep_low_reclaim	incumbent	x3|trail	B	7	7	0	0	0	0	0	0	-2.0000	-0.5357	-0.5870	-0.2679	-0.2679	-4.7894	-0.6842	-5.2287	-0.9883	-0.1412	-1.3456	-1.2164	-0.1738	-1.5165	-0.3310	-0.0473	-0.5837	0.1055	0.0151	-0.3103		ERO +0.2;CRWD +0.2	ERO +0.2;IONQ +0.1
reentry	ep_low_reclaim	incumbent	x4|trail	A	163	155	17	129.3476	80.1449	74.6978	42.3686	42.4918	-3.7592	-2.3981	-2.1798	-1.3243	-1.3243	41.9105	0.2571	11.6078	45.6121	0.2798	20.9169	40.9675	0.2513	17.9945	23.5685	0.1446	11.2209	24.8612	0.1525	12.3904		KURA +16.1;TE +14.2	TE +7.0;EFOR +5.3
reentry	ep_low_reclaim	incumbent	x4|trail	A_disc	158	152	17	129.3476	80.1449	74.6978	42.3686	42.4918	-3.7592	-2.3981	-2.1798	-1.3243	-1.3243	41.8130	0.2646	11.5103	45.6276	0.2888	20.9324	41.7511	0.2642	18.7781	23.8308	0.1508	11.4831	24.4541	0.1548	11.9833		KURA +16.1;TE +14.2	TE +7.0;EFOR +5.3
reentry	ep_low_reclaim	incumbent	x4|trail	B	7	7	0	0	0	0	0	0	-2.0000	-0.5357	-0.5870	-0.2679	-0.2679	-4.7894	-0.6842	-5.2287	-0.9883	-0.1412	-1.3456	-1.2164	-0.1738	-1.5165	-0.3310	-0.0473	-0.5837	0.1055	0.0151	-0.3103		ERO +0.2;CRWD +0.2	ERO +0.2;IONQ +0.1
reentry	ep_low_reclaim	incumbent	x1|none	A	171	163	11	79.5369	61.7804	61.7804	35.3926	35.3926	-3.8108	-1.9978	-1.8425	-1.3243	-1.3243	-63.9701	-0.3741	-86.0872	-8.1983	-0.0479	-27.1152	-3.7595	-0.0220	-22.6763	-4.2139	-0.0246	-15.5116	-5.6111	-0.0328	-16.9089		STUB +11.4;TE +10.7	ABVX +6.0;TE +5.3
reentry	ep_low_reclaim	incumbent	x1|none	A_disc	166	160	11	79.5369	61.7804	61.7804	35.3926	35.3926	-3.8108	-1.9978	-1.8425	-1.3243	-1.3243	-62.7304	-0.3779	-84.8475	-8.5333	-0.0514	-27.4501	-3.1956	-0.0193	-22.1125	-4.1476	-0.0250	-15.4454	-6.2460	-0.0376	-17.5437		STUB +11.4;TE +10.7	ABVX +6.0;TE +5.3
reentry	ep_low_reclaim	incumbent	x1|none	B	7	7	0	0	0	0	0	0	-1.0000	-0.5996	-0.5996	-0.2998	-0.2998	-5.7712	-0.8245	-5.0000	-1.6971	-0.2424	-1.7711	-1.7543	-0.2506	-1.7711	-0.7913	-0.1130	-0.8855	-0.7341	-0.1049	-0.8855		ERO +0.2;CHRN -1.0	ERO +0.2;CHRN -0.1
reentry	ep_low_reclaim	incumbent	x2|none	A	166	158	18	127.5871	99.8892	92.4952	55.9422	56.0766	-4.8108	-2.2278	-2.0475	-1.9642	-2.1125	-66.6257	-0.4014	-91.3895	-3.3241	-0.0200	-25.5409	-5.7679	-0.0347	-24.6847	-6.4040	-0.0386	-18.2049	-6.6324	-0.0400	-18.5677		CBRL +13.3;STUB +11.4	ABVX +6.0;EFOR +5.8
reentry	ep_low_reclaim	incumbent	x2|none	A_disc	161	155	18	127.5871	99.8892	92.4952	55.9422	56.0766	-4.8108	-2.2278	-2.0475	-1.9642	-2.1125	-65.5450	-0.4071	-90.3088	-3.8180	-0.0237	-26.0348	-5.3233	-0.0331	-24.2401	-6.6223	-0.0411	-18.4232	-7.8415	-0.0487	-19.7768		CBRL +13.3;STUB +11.4	ABVX +6.0;EFOR +5.8
reentry	ep_low_reclaim	incumbent	x2|none	B	7	7	1	15.0804	4.2051	4.2051	2.1026	2.1026	-2.0606	-1.0689	-0.8604	-0.5344	-0.5344	8.6725	1.2389	-6.6367	2.0252	0.2893	-2.4087	2.0705	0.2958	-2.3062	1.1758	0.1680	-1.0984	1.3390	0.1913	-0.9924		CRWD +15.1;ERO +0.2	CRWD +2.1;ERO +0.2
reentry	ep_low_reclaim	incumbent	x3|none	A	164	156	21	169.4762	127.6095	120.2154	69.3024	69.4368	-4.8108	-3.4368	-2.9632	-2.0533	-2.2826	-40.7851	-0.2487	-69.6278	14.0374	0.0856	-10.2520	15.6398	0.0954	-7.6432	2.8282	0.0172	-9.0058	1.3947	0.0085	-10.5406		BLSH +15.5;CBRL +13.3	ABVX +6.0;WYFI +5.8
reentry	ep_low_reclaim	incumbent	x3|none	A_disc	159	153	21	169.4762	127.6095	120.2154	69.3024	69.4368	-4.8108	-3.4368	-2.9632	-2.0533	-2.2826	-39.7044	-0.2497	-68.5471	13.5435	0.0852	-10.7459	16.0844	0.1012	-7.1986	2.6099	0.0164	-9.2241	0.1856	0.0012	-11.7497		BLSH +15.5;CBRL +13.3	ABVX +6.0;WYFI +5.8
reentry	ep_low_reclaim	incumbent	x3|none	B	7	7	1	15.0804	4.2051	4.2051	2.1026	2.1026	-2.0000	-0.5996	-0.5996	-0.2998	-0.2998	9.2192	1.3170	-6.0900	2.5719	0.3674	-1.8620	2.3439	0.3348	-2.0329	1.4491	0.2070	-0.8250	1.8857	0.2694	-0.4457		CRWD +15.1;ERO +0.2	CRWD +2.1;ERO +0.2
reentry	ep_low_reclaim	incumbent	x4|none	A	162	154	21	169.4762	127.6095	120.2154	69.3024	69.4368	-4.8108	-3.4368	-2.9632	-2.0533	-2.3221	-36.8220	-0.2273	-65.6647	15.4718	0.0955	-8.8176	16.6328	0.1027	-6.6502	3.0997	0.0191	-8.7343	2.1763	0.0134	-9.7590		BLSH +15.5;CBRL +13.3	ABVX +6.0;WYFI +5.8
reentry	ep_low_reclaim	incumbent	x4|none	A_disc	157	151	21	169.4762	127.6095	120.2154	69.3024	69.4368	-4.8108	-3.4368	-2.9632	-2.0533	-2.3221	-35.7413	-0.2277	-64.5840	14.9779	0.0954	-9.3115	17.0774	0.1088	-6.2056	2.8814	0.0184	-8.9526	0.9671	0.0062	-10.9682		BLSH +15.5;CBRL +13.3	ABVX +6.0;WYFI +5.8
reentry	ep_low_reclaim	incumbent	x4|none	B	7	7	1	15.0804	4.2051	4.2051	2.1026	2.1026	-2.0000	-0.5996	-0.5996	-0.2998	-0.2998	9.2192	1.3170	-6.0900	2.5719	0.3674	-1.8620	2.3439	0.3348	-2.0329	1.4491	0.2070	-0.8250	1.8857	0.2694	-0.4457		CRWD +15.1;ERO +0.2	CRWD +2.1;ERO +0.2
reentry	ep_low_reclaim	adr_075	x1|trail	A	202	189	17	89.9282	79.2930	69.8567	41.0462	42.0485	-2.1828	-2.1828	-2.1828	-1.8187	-1.8187	21.4135	0.1060	-0.7515	22.5066	0.1114	0.4889	16.1780	0.0801	-1.4367	7.2237	0.0358	-5.5343	7.7441	0.0383	-5.0140		EFOR +11.6;TE +10.6	TE +7.0;EFOR +5.7
reentry	ep_low_reclaim	adr_075	x1|trail	A_disc	197	186	16	86.0024	75.3672	68.8753	40.0648	40.0648	-2.1828	-2.1828	-2.1828	-1.8187	-1.8187	18.8848	0.0959	-3.2802	19.8704	0.1009	-2.1473	16.2361	0.0824	-1.3785	6.9121	0.0351	-5.8460	6.4302	0.0326	-6.3279		EFOR +11.6;TE +10.6	TE +7.0;EFOR +5.7
reentry	ep_low_reclaim	adr_075	x1|trail	B	13	13	0	0	0	0	0	0	-1.0000	-1.0000	-1.0000	-0.7587	-0.7587	-6.4765	-0.4982	-7.9724	-5.0351	-0.3873	-5.7194	-4.4324	-0.3410	-5.1130	-2.7762	-0.2136	-3.1183	-2.7762	-0.2136	-3.1183		QCOM +1.4;AGX +0.1	QCOM +0.3;AGX +0.0
reentry	ep_low_reclaim	adr_075	x2|trail	A	202	189	19	96.6529	84.5121	75.0758	43.6557	44.6580	-3.3295	-2.1828	-2.1828	-1.8187	-1.8187	20.5431	0.1017	-1.6219	18.7929	0.0930	-3.2248	15.9543	0.0790	-1.6604	4.4563	0.0221	-8.3018	4.6105	0.0228	-8.1476		EFOR +11.6;TE +10.6	TE +7.0;EFOR +5.7
reentry	ep_low_reclaim	adr_075	x2|trail	A_disc	197	186	18	92.7271	80.5863	74.0943	42.6743	42.6743	-3.3295	-2.1828	-2.1828	-1.8187	-1.8187	18.0813	0.0918	-4.0837	16.3064	0.0828	-5.7113	16.0868	0.0817	-1.5279	4.2265	0.0215	-8.5316	3.3784	0.0171	-9.3796		EFOR +11.6;TE +10.6	TE +7.0;EFOR +5.7
reentry	ep_low_reclaim	adr_075	x2|trail	B	13	13	0	0	0	0	0	0	-2.0000	-1.0000	-1.0000	-0.7587	-0.7587	-6.1117	-0.4701	-7.9135	-4.4245	-0.3403	-5.3613	-4.2451	-0.3265	-5.0639	-2.4709	-0.1901	-2.9393	-2.4709	-0.1901	-2.9393		QCOM +1.4;HOOD +0.4	QCOM +0.3;HOOD +0.2
reentry	ep_low_reclaim	adr_075	x3|trail	A	202	189	19	96.6529	84.5121	75.0758	43.6557	44.6580	-3.9203	-3.0235	-3.0235	-1.8237	-2.2388	14.9056	0.0738	-7.2594	14.1848	0.0702	-7.8328	11.1721	0.0553	-6.4425	2.2815	0.0113	-10.4765	1.7536	0.0087	-11.0044		EFOR +11.6;TE +10.6	TE +7.0;EFOR +5.7
reentry	ep_low_reclaim	adr_075	x3|trail	A_disc	197	186	18	92.7271	80.5863	74.0943	42.6743	42.6743	-3.9203	-3.0235	-3.0235	-1.8237	-2.2388	12.4438	0.0632	-9.7212	11.6984	0.0594	-10.3193	11.3047	0.0574	-6.3100	2.0517	0.0104	-10.7063	0.5216	0.0026	-12.2365		EFOR +11.6;TE +10.6	TE +7.0;EFOR +5.7
reentry	ep_low_reclaim	adr_075	x3|trail	B	13	13	0	0	0	0	0	0	-2.0000	-1.0000	-1.0000	-0.7587	-0.7587	-6.1117	-0.4701	-7.9135	-4.4245	-0.3403	-5.3613	-4.2451	-0.3265	-5.0639	-2.4709	-0.1901	-2.9393	-2.4709	-0.1901	-2.9393		QCOM +1.4;HOOD +0.4	QCOM +0.3;HOOD +0.2
reentry	ep_low_reclaim	adr_075	x4|trail	A	202	189	19	96.6529	84.5121	75.0758	43.6557	44.6580	-4.0000	-4.0000	-3.1722	-2.2398	-2.9742	17.9216	0.0887	-4.2434	17.4692	0.0865	-4.5484	14.9565	0.0740	-2.6582	4.0379	0.0200	-8.7202	3.2661	0.0162	-9.4920		EFOR +11.6;TE +10.6	TE +7.0;EFOR +5.7
reentry	ep_low_reclaim	adr_075	x4|trail	A_disc	197	186	18	92.7271	80.5863	74.0943	42.6743	42.6743	-4.0000	-4.0000	-3.1722	-2.2398	-2.9742	15.4598	0.0785	-6.7052	14.9828	0.0761	-7.0349	15.0891	0.0766	-2.5256	3.8081	0.0193	-8.9500	2.0340	0.0103	-10.7240		EFOR +11.6;TE +10.6	TE +7.0;EFOR +5.7
reentry	ep_low_reclaim	adr_075	x4|trail	B	13	13	0	0	0	0	0	0	-2.0000	-1.0000	-1.0000	-0.7587	-0.7587	-6.1117	-0.4701	-7.9135	-4.4245	-0.3403	-5.3613	-4.2451	-0.3265	-5.0639	-2.4709	-0.1901	-2.9393	-2.4709	-0.1901	-2.9393		QCOM +1.4;HOOD +0.4	QCOM +0.3;HOOD +0.2
reentry	ep_low_reclaim	adr_075	x1|none	A	202	189	21	140.8366	125.3202	115.0894	65.8868	66.8890	-2.4253	-2.1828	-2.1828	-1.8187	-1.8187	-18.2535	-0.0904	-44.4142	-10.2197	-0.0506	-34.1484	-9.1320	-0.0452	-31.1461	-14.0284	-0.0694	-25.9927	-16.0595	-0.0795	-28.0238		ABVX +14.1;EFOR +12.1	ABVX +6.0;EFOR +6.0
reentry	ep_low_reclaim	adr_075	x1|none	A_disc	197	186	20	136.9108	121.3944	114.1079	64.9053	64.9053	-2.4253	-2.1828	-2.1828	-1.8187	-1.8187	-20.7020	-0.1051	-46.8627	-12.3426	-0.0627	-36.2713	-8.5605	-0.0435	-30.5746	-14.0833	-0.0715	-26.0477	-17.1167	-0.0869	-29.0811		ABVX +14.1;EFOR +12.1	ABVX +6.0;EFOR +6.0
reentry	ep_low_reclaim	adr_075	x1|none	B	13	13	2	13.9166	7.8716	6.5126	3.9358	3.9358	-1.4351	-1.3442	-1.0031	-0.7587	-0.7587	2.1440	0.1649	-11.7726	-0.5697	-0.0438	-8.4413	-0.8104	-0.0623	-7.3230	-0.5435	-0.0418	-4.4793	-0.5435	-0.0418	-4.4793		QCOM +7.8;CRWD +6.1	CRWD +2.2;QCOM +1.7
reentry	ep_low_reclaim	adr_075	x2|none	A	202	189	30	196.1850	165.2651	152.8256	86.3206	87.3229	-3.4253	-2.2695	-2.1828	-2.0000	-2.1358	-18.9103	-0.0936	-45.1154	-17.5216	-0.0867	-41.4502	-12.4544	-0.0617	-34.4686	-21.8836	-0.1083	-33.8480	-23.9721	-0.1187	-35.9364		ABVX +14.1;NRIX +12.1	ABVX +6.0;EFOR +6.0
reentry	ep_low_reclaim	adr_075	x2|none	A_disc	197	186	29	192.2592	161.3393	151.8441	85.3392	85.3392	-3.4253	-2.2695	-2.1828	-2.0000	-2.1358	-19.2563	-0.0977	-45.4614	-17.8953	-0.0908	-41.8240	-10.4095	-0.0528	-32.4236	-21.0385	-0.1068	-33.0028	-24.1292	-0.1225	-36.0936		ABVX +14.1;NRIX +12.1	ABVX +6.0;EFOR +6.0
reentry	ep_low_reclaim	adr_075	x2|none	B	13	13	2	13.9166	7.8716	6.5126	3.9358	3.9358	-2.0000	-1.0000	-1.0000	-0.7587	-0.7587	7.5622	0.5817	-6.3544	4.1858	0.3220	-3.6858	2.3723	0.1825	-4.1403	1.8342	0.1411	-2.1015	1.8342	0.1411	-2.1015		QCOM +7.8;CRWD +6.1	CRWD +2.2;QCOM +1.7
reentry	ep_low_reclaim	adr_075	x3|none	A	202	189	35	219.0092	183.0608	166.3953	95.7786	96.7809	-6.2833	-6.2833	-3.3916	-3.2414	-3.7321	-25.1310	-0.1244	-51.3361	-22.8600	-0.1132	-46.7887	-17.8133	-0.0882	-39.8274	-25.1124	-0.1243	-37.0767	-27.5901	-0.1366	-39.5545		ABVX +14.1;NRIX +12.1	ABVX +6.0;EFOR +6.0
reentry	ep_low_reclaim	adr_075	x3|none	A_disc	197	186	34	215.0834	179.1350	165.4139	94.7971	94.7971	-6.2833	-6.2833	-3.3916	-3.2414	-3.7321	-28.2592	-0.1434	-54.4643	-26.0160	-0.1321	-49.9447	-16.4638	-0.0836	-38.4780	-24.9628	-0.1267	-36.9271	-29.2055	-0.1483	-41.1699		ABVX +14.1;NRIX +12.1	ABVX +6.0;EFOR +6.0
reentry	ep_low_reclaim	adr_075	x3|none	B	13	13	2	13.9166	7.8716	6.5126	3.9358	3.9358	-2.0000	-1.0000	-1.0000	-0.7587	-0.7587	7.5622	0.5817	-6.3544	4.1858	0.3220	-3.6858	2.3723	0.1825	-4.1403	1.8342	0.1411	-2.1015	1.8342	0.1411	-2.1015		QCOM +7.8;CRWD +6.1	CRWD +2.2;QCOM +1.7
reentry	ep_low_reclaim	adr_075	x4|none	A	202	189	35	219.0092	183.0608	166.3953	95.7786	96.7809	-6.3482	-6.2833	-3.5607	-3.2414	-3.7321	-46.4736	-0.2301	-72.6787	-37.0320	-0.1833	-60.9607	-27.0749	-0.1340	-49.0890	-32.2468	-0.1596	-44.2111	-35.7205	-0.1768	-47.6849		ABVX +14.1;NRIX +12.1	ABVX +6.0;EFOR +6.0
reentry	ep_low_reclaim	adr_075	x4|none	A_disc	197	186	34	215.0834	179.1350	165.4139	94.7971	94.7971	-6.3482	-6.2833	-3.5607	-3.2414	-3.7321	-49.6018	-0.2518	-75.8069	-40.1879	-0.2040	-64.1166	-25.7255	-0.1306	-47.7396	-32.0972	-0.1629	-44.0615	-37.3359	-0.1895	-49.3003		ABVX +14.1;NRIX +12.1	ABVX +6.0;EFOR +6.0
reentry	ep_low_reclaim	adr_075	x4|none	B	13	13	2	13.9166	7.8716	6.5126	3.9358	3.9358	-2.0000	-1.0000	-1.0000	-0.7587	-0.7587	7.5622	0.5817	-6.3544	4.1858	0.3220	-3.6858	2.3723	0.1825	-4.1403	1.8342	0.1411	-2.1015	1.8342	0.1411	-2.1015		QCOM +7.8;CRWD +6.1	CRWD +2.2;QCOM +1.7
reentry	ep_low_reclaim	adr_100	x1|trail	A	202	189	11	56.5510	56.2471	51.1213	36.2950	37.6700	-1.8484	-1.6371	-1.6371	-1.4931	-1.4931	32.1914	0.1594	15.5677	32.7728	0.1622	16.1491	27.4897	0.1361	13.3690	16.7862	0.0831	4.8812	18.7796	0.0930	6.0216		EFOR +8.7;TE +7.9	TE +7.0;BHVN +4.9
reentry	ep_low_reclaim	adr_100	x1|trail	A_disc	197	186	11	56.5510	56.2471	51.1213	36.2950	37.6700	-1.8484	-1.6371	-1.6371	-1.4931	-1.4931	30.5206	0.1549	13.8969	31.0813	0.1578	14.4576	27.7048	0.1406	13.5841	16.8117	0.0853	4.9068	17.5575	0.0891	4.7995		EFOR +8.7;TE +7.9	TE +7.0;BHVN +4.9
reentry	ep_low_reclaim	adr_100	x1|trail	B	13	13	0	0	0	0	0	0	-1.0000	-1.0000	-1.0000	-1.0000	-1.0000	-4.4598	-0.3431	-6.1890	-4.0767	-0.3136	-5.3450	-3.2627	-0.2510	-4.2902	-2.5746	-0.1980	-3.2088	-2.6399	-0.2031	-3.2741		QCOM +1.1;ERO +0.7	QCOM +0.3;ERO +0.3
reentry	ep_low_reclaim	adr_100	x2|trail	A	202	189	11	56.5510	56.2471	51.1213	36.2950	37.6700	-2.2915	-2.0000	-2.0000	-1.5045	-1.5139	30.9713	0.1533	14.3476	31.4439	0.1557	14.8202	27.1715	0.1345	13.0508	15.2411	0.0755	3.3362	16.9358	0.0838	4.1778		EFOR +8.7;TE +7.9	TE +7.0;BHVN +4.9
reentry	ep_low_reclaim	adr_100	x2|trail	A_disc	197	186	11	56.5510	56.2471	51.1213	36.2950	37.6700	-2.2915	-2.0000	-2.0000	-1.5045	-1.5139	29.1247	0.1478	12.5010	29.6008	0.1503	12.9771	27.2548	0.1383	13.1341	15.1908	0.0771	3.2859	15.6379	0.0794	2.8799		EFOR +8.7;TE +7.9	TE +7.0;BHVN +4.9
reentry	ep_low_reclaim	adr_100	x2|trail	B	13	13	0	0	0	0	0	0	-2.0000	-1.3224	-1.3224	-1.0000	-1.0000	-4.4362	-0.3412	-6.1654	-3.7132	-0.2856	-4.9815	-3.4110	-0.2624	-4.4385	-2.3929	-0.1841	-3.0270	-2.4172	-0.1859	-3.0513		QCOM +1.1;ERO +0.7	QCOM +0.3;ERO +0.3
reentry	ep_low_reclaim	adr_100	x3|trail	A	202	189	11	56.5510	56.2471	51.1213	36.2950	37.6700	-3.0000	-3.0000	-2.2500	-1.7502	-1.7502	33.5601	0.1661	16.9364	34.0327	0.1685	17.4090	28.2159	0.1397	14.0952	16.4551	0.0815	4.5502	18.6462	0.0923	5.8882		EFOR +8.7;TE +7.9	TE +7.0;BHVN +4.9
reentry	ep_low_reclaim	adr_100	x3|trail	A_disc	197	186	11	56.5510	56.2471	51.1213	36.2950	37.6700	-3.0000	-3.0000	-2.2500	-1.7502	-1.7502	31.7135	0.1610	15.0898	32.1896	0.1634	15.5659	28.2992	0.1437	14.1785	16.4049	0.0833	4.4999	17.3483	0.0881	4.5903		EFOR +8.7;TE +7.9	TE +7.0;BHVN +4.9
reentry	ep_low_reclaim	adr_100	x3|trail	B	13	13	0	0	0	0	0	0	-2.0000	-1.3224	-1.3224	-1.0000	-1.0000	-4.4362	-0.3412	-6.1654	-3.7132	-0.2856	-4.9815	-3.4110	-0.2624	-4.4385	-2.3929	-0.1841	-3.0270	-2.4172	-0.1859	-3.0513		QCOM +1.1;ERO +0.7	QCOM +0.3;ERO +0.3
reentry	ep_low_reclaim	adr_100	x4|trail	A	202	189	11	56.5510	56.2471	51.1213	36.2950	37.6700	-3.0000	-3.0000	-2.2500	-1.7502	-1.7502	33.5601	0.1661	16.9364	34.0327	0.1685	17.4090	28.2159	0.1397	14.0952	16.4551	0.0815	4.5502	18.6462	0.0923	5.8882		EFOR +8.7;TE +7.9	TE +7.0;BHVN +4.9
reentry	ep_low_reclaim	adr_100	x4|trail	A_disc	197	186	11	56.5510	56.2471	51.1213	36.2950	37.6700	-3.0000	-3.0000	-2.2500	-1.7502	-1.7502	31.7135	0.1610	15.0898	32.1896	0.1634	15.5659	28.2992	0.1437	14.1785	16.4049	0.0833	4.4999	17.3483	0.0881	4.5903		EFOR +8.7;TE +7.9	TE +7.0;BHVN +4.9
reentry	ep_low_reclaim	adr_100	x4|trail	B	13	13	0	0	0	0	0	0	-2.0000	-1.3224	-1.3224	-1.0000	-1.0000	-4.4362	-0.3412	-6.1654	-3.7132	-0.2856	-4.9815	-3.4110	-0.2624	-4.4385	-2.3929	-0.1841	-3.0270	-2.4172	-0.1859	-3.0513		QCOM +1.1;ERO +0.7	QCOM +0.3;ERO +0.3
reentry	ep_low_reclaim	adr_100	x1|none	A	202	189	22	117.3793	116.2867	109.7829	74.5647	75.9993	-1.8484	-1.6371	-1.6371	-1.4931	-1.4931	-5.6920	-0.0282	-25.3125	0.2322	0.0011	-19.3883	3.8471	0.0190	-14.7015	-5.5937	-0.0277	-16.8914	-8.5696	-0.0424	-20.5339		ABVX +10.6;EFOR +9.1	ABVX +6.0;TE +5.3
reentry	ep_low_reclaim	adr_100	x1|none	A_disc	197	186	22	117.3793	116.2867	109.7829	74.5647	75.9993	-1.8484	-1.6371	-1.6371	-1.4931	-1.4931	-6.7784	-0.0344	-26.3989	-0.6588	-0.0033	-20.2793	4.7942	0.0243	-13.7544	-4.9583	-0.0252	-16.2561	-9.1819	-0.0466	-21.1462		ABVX +10.6;EFOR +9.1	ABVX +6.0;TE +5.3
reentry	ep_low_reclaim	adr_100	x1|none	B	13	13	2	10.4374	7.8715	5.2187	3.9358	3.9358	-1.0763	-1.0763	-1.0000	-1.0000	-1.0000	1.0095	0.0777	-9.4279	-0.0756	-0.0058	-7.9472	-1.1297	-0.0869	-6.3484	-0.6415	-0.0493	-4.5772	-0.8123	-0.0625	-4.7480		QCOM +5.8;CRWD +4.6	CRWD +2.2;QCOM +1.7
reentry	ep_low_reclaim	adr_100	x2|none	A	202	189	28	146.3064	141.0151	132.8523	86.9949	88.4295	-2.8484	-2.4791	-2.1093	-2.0000	-2.1614	-16.9723	-0.0840	-36.5928	-12.1940	-0.0604	-31.8145	-4.3132	-0.0214	-23.7170	-18.2039	-0.0901	-29.5017	-23.0729	-0.1142	-35.0373		ABVX +10.6;EFOR +9.1	ABVX +6.0;TE +5.3
reentry	ep_low_reclaim	adr_100	x2|none	A_disc	197	186	28	146.3064	141.0151	132.8523	86.9949	88.4295	-2.8484	-2.4791	-2.1093	-2.0000	-2.1614	-19.1190	-0.0971	-38.7395	-14.2832	-0.0725	-33.9037	-4.1614	-0.0211	-23.5652	-18.5747	-0.0943	-29.8724	-24.6914	-0.1253	-36.6557		ABVX +10.6;EFOR +9.1	ABVX +6.0;TE +5.3
reentry	ep_low_reclaim	adr_100	x2|none	B	13	13	2	10.4374	7.8715	5.2187	3.9358	3.9358	-2.0000	-1.3224	-1.3224	-1.0000	-1.0000	4.8232	0.3710	-5.6142	4.0780	0.3137	-3.7936	0.9685	0.0745	-4.2502	1.4688	0.1130	-2.4669	1.4830	0.1141	-2.4528		QCOM +5.8;CRWD +4.6	CRWD +2.2;QCOM +1.7
reentry	ep_low_reclaim	adr_100	x3|none	A	202	189	29	151.0047	145.7134	135.8761	90.4747	92.0713	-3.9245	-3.1139	-3.0000	-2.5011	-2.9656	-29.1811	-0.1445	-48.8016	-21.6007	-0.1069	-41.2212	-12.4096	-0.0614	-31.8134	-21.8796	-0.1083	-33.1774	-27.4516	-0.1359	-39.4159		ABVX +10.6;EFOR +9.1	ABVX +6.0;TE +5.3
reentry	ep_low_reclaim	adr_100	x3|none	A_disc	197	186	29	151.0047	145.7134	135.8761	90.4747	92.0713	-3.9245	-3.1139	-3.0000	-2.5011	-2.9656	-31.3278	-0.1590	-50.9483	-23.6899	-0.1203	-43.3104	-12.2578	-0.0622	-31.6616	-22.2504	-0.1129	-33.5481	-29.0700	-0.1476	-41.0343		ABVX +10.6;EFOR +9.1	ABVX +6.0;TE +5.3
reentry	ep_low_reclaim	adr_100	x3|none	B	13	13	2	10.4374	7.8715	5.2187	3.9358	3.9358	-2.0000	-1.3224	-1.3224	-1.0000	-1.0000	4.8232	0.3710	-5.6142	4.0780	0.3137	-3.7936	0.9685	0.0745	-4.2502	1.4688	0.1130	-2.4669	1.4830	0.1141	-2.4528		QCOM +5.8;CRWD +4.6	CRWD +2.2;QCOM +1.7
reentry	ep_low_reclaim	adr_100	x4|none	A	202	189	29	151.0047	145.7134	135.8761	90.4747	92.0713	-5.7427	-4.0015	-3.6252	-3.0011	-3.7837	-38.8670	-0.1924	-58.4875	-28.8154	-0.1427	-48.4359	-18.3252	-0.0907	-37.7290	-25.2601	-0.1250	-36.5578	-32.0393	-0.1586	-44.0037		ABVX +10.6;EFOR +9.1	ABVX +6.0;TE +5.3
reentry	ep_low_reclaim	adr_100	x4|none	A_disc	197	186	29	151.0047	145.7134	135.8761	90.4747	92.0713	-5.7427	-4.0015	-3.6252	-3.0011	-3.7837	-41.0137	-0.2082	-60.6342	-30.9046	-0.1569	-50.5251	-18.1734	-0.0923	-37.5772	-25.6308	-0.1301	-36.9286	-33.6578	-0.1709	-45.6221		ABVX +10.6;EFOR +9.1	ABVX +6.0;TE +5.3
reentry	ep_low_reclaim	adr_100	x4|none	B	13	13	2	10.4374	7.8715	5.2187	3.9358	3.9358	-2.0000	-1.3224	-1.3224	-1.0000	-1.0000	4.8232	0.3710	-5.6142	4.0780	0.3137	-3.7936	0.9685	0.0745	-4.2502	1.4688	0.1130	-2.4669	1.4830	0.1141	-2.4528		QCOM +5.8;CRWD +4.6	CRWD +2.2;QCOM +1.7
reentry	ep_low_reclaim	adr_150	x1|trail	A	202	189	6	25.4196	25.4196	22.5222	20.6490	23.4727	-1.2776	-1.2776	-1.2776	-1.0914	-1.0914	20.9507	0.1037	9.8682	20.4525	0.1012	9.3700	17.8383	0.0883	8.4245	16.8625	0.0835	7.4487	19.9098	0.0986	8.9010		EFOR +5.8;TE +5.3	TE +5.3;BHVN +4.1
reentry	ep_low_reclaim	adr_150	x1|trail	A_disc	197	186	6	25.4196	25.4196	22.5222	20.6490	23.4727	-1.2776	-1.2776	-1.2776	-1.0914	-1.0914	18.9106	0.0960	7.8281	18.4124	0.0935	7.3299	17.2781	0.0877	7.8643	16.3837	0.0832	6.9699	18.0798	0.0918	7.0710		EFOR +5.8;TE +5.3	TE +5.3;BHVN +4.1
reentry	ep_low_reclaim	adr_150	x1|trail	B	13	13	0	0	0	0	0	0	-1.0000	-0.9996	-0.7500	-0.6154	-0.6154	-2.8362	-0.2182	-3.9890	-2.8894	-0.2223	-3.9601	-2.2787	-0.1753	-2.9637	-1.8606	-0.1431	-2.4947	-2.1218	-0.1632	-2.7560		QCOM +0.7;ERO +0.4	QCOM +0.3;ERO +0.3
reentry	ep_low_reclaim	adr_150	x2|trail	A	202	189	6	25.4196	25.4196	22.5222	20.6490	23.4727	-1.6694	-1.6694	-1.6141	-1.6141	-1.6141	25.6136	0.1268	14.5311	25.1429	0.1245	14.0604	21.4369	0.1061	12.0231	19.6470	0.0973	10.2332	23.6384	0.1170	12.6296		EFOR +5.8;TE +5.3	TE +5.3;BHVN +4.1
reentry	ep_low_reclaim	adr_150	x2|trail	A_disc	197	186	6	25.4196	25.4196	22.5222	20.6490	23.4727	-1.6694	-1.6694	-1.6141	-1.6141	-1.6141	23.5735	0.1197	12.4910	23.1028	0.1173	12.0203	20.8767	0.1060	11.4629	19.1682	0.0973	9.7544	21.8084	0.1107	10.7996		EFOR +5.8;TE +5.3	TE +5.3;BHVN +4.1
reentry	ep_low_reclaim	adr_150	x2|trail	B	13	13	0	0	0	0	0	0	-1.0000	-0.9996	-0.7500	-0.6154	-0.6154	-2.8362	-0.2182	-3.9890	-2.8894	-0.2223	-3.9601	-2.2787	-0.1753	-2.9637	-1.8606	-0.1431	-2.4947	-2.1218	-0.1632	-2.7560		QCOM +0.7;ERO +0.4	QCOM +0.3;ERO +0.3
reentry	ep_low_reclaim	adr_150	x3|trail	A	202	189	6	25.4196	25.4196	22.5222	20.6490	23.4727	-1.6694	-1.6694	-1.6141	-1.6141	-1.6141	25.6136	0.1268	14.5311	25.1429	0.1245	14.0604	21.4369	0.1061	12.0231	19.6470	0.0973	10.2332	23.6384	0.1170	12.6296		EFOR +5.8;TE +5.3	TE +5.3;BHVN +4.1
reentry	ep_low_reclaim	adr_150	x3|trail	A_disc	197	186	6	25.4196	25.4196	22.5222	20.6490	23.4727	-1.6694	-1.6694	-1.6141	-1.6141	-1.6141	23.5735	0.1197	12.4910	23.1028	0.1173	12.0203	20.8767	0.1060	11.4629	19.1682	0.0973	9.7544	21.8084	0.1107	10.7996		EFOR +5.8;TE +5.3	TE +5.3;BHVN +4.1
reentry	ep_low_reclaim	adr_150	x3|trail	B	13	13	0	0	0	0	0	0	-1.0000	-0.9996	-0.7500	-0.6154	-0.6154	-2.8362	-0.2182	-3.9890	-2.8894	-0.2223	-3.9601	-2.2787	-0.1753	-2.9637	-1.8606	-0.1431	-2.4947	-2.1218	-0.1632	-2.7560		QCOM +0.7;ERO +0.4	QCOM +0.3;ERO +0.3
reentry	ep_low_reclaim	adr_150	x4|trail	A	202	189	6	25.4196	25.4196	22.5222	20.6490	23.4727	-1.6694	-1.6694	-1.6141	-1.6141	-1.6141	25.6136	0.1268	14.5311	25.1429	0.1245	14.0604	21.4369	0.1061	12.0231	19.6470	0.0973	10.2332	23.6384	0.1170	12.6296		EFOR +5.8;TE +5.3	TE +5.3;BHVN +4.1
reentry	ep_low_reclaim	adr_150	x4|trail	A_disc	197	186	6	25.4196	25.4196	22.5222	20.6490	23.4727	-1.6694	-1.6694	-1.6141	-1.6141	-1.6141	23.5735	0.1197	12.4910	23.1028	0.1173	12.0203	20.8767	0.1060	11.4629	19.1682	0.0973	9.7544	21.8084	0.1107	10.7996		EFOR +5.8;TE +5.3	TE +5.3;BHVN +4.1
reentry	ep_low_reclaim	adr_150	x4|trail	B	13	13	0	0	0	0	0	0	-1.0000	-0.9996	-0.7500	-0.6154	-0.6154	-2.8362	-0.2182	-3.9890	-2.8894	-0.2223	-3.9601	-2.2787	-0.1753	-2.9637	-1.8606	-0.1431	-2.4947	-2.1218	-0.1632	-2.7560		QCOM +0.7;ERO +0.4	QCOM +0.3;ERO +0.3
reentry	ep_low_reclaim	adr_150	x1|none	A	202	189	15	67.2829	67.2829	64.2599	55.9491	58.8953	-1.7798	-1.7798	-1.7798	-1.4971	-1.4971	-15.8265	-0.0783	-30.7453	-15.6921	-0.0777	-30.6109	-10.6572	-0.0528	-25.5760	-9.7846	-0.0484	-21.7139	-12.6204	-0.0625	-24.5848		NRIX +7.9;ABVX +7.0	ABVX +6.0;NRIX +5.9
reentry	ep_low_reclaim	adr_150	x1|none	A_disc	197	186	15	67.2829	67.2829	64.2599	55.9491	58.8953	-1.7798	-1.7798	-1.7798	-1.4971	-1.4971	-15.5507	-0.0789	-30.4695	-15.4163	-0.0783	-30.3351	-9.2189	-0.0468	-24.1377	-8.3140	-0.0422	-20.2433	-12.3719	-0.0628	-24.3363		NRIX +7.9;ABVX +7.0	ABVX +6.0;NRIX +5.9
reentry	ep_low_reclaim	adr_150	x1|none	B	13	13	2	6.9583	6.5126	3.4791	3.2563	3.9358	-1.3087	-1.3087	-1.0000	-1.0000	-1.1023	-2.9232	-0.2249	-9.8815	-3.1310	-0.2408	-9.6436	-3.6820	-0.2832	-7.1611	-2.7876	-0.2144	-6.0439	-3.0337	-0.2334	-6.9695		QCOM +3.9;CRWD +3.1	QCOM +1.7;CRWD +1.5
reentry	ep_low_reclaim	adr_150	x2|none	A	202	189	17	75.0436	75.0436	71.1542	62.8434	66.6560	-2.2323	-2.2323	-2.1895	-2.1409	-2.1680	-18.9310	-0.0937	-33.8498	-18.3100	-0.0906	-33.2288	-11.0785	-0.0548	-25.9973	-9.6839	-0.0479	-21.6132	-13.0902	-0.0648	-25.0546		NRIX +7.9;ABVX +7.0	ABVX +6.0;NRIX +5.9
reentry	ep_low_reclaim	adr_150	x2|none	A_disc	197	186	17	75.0436	75.0436	71.1542	62.8434	66.6560	-2.2323	-2.2323	-2.1895	-2.1409	-2.1680	-20.0287	-0.1017	-34.9475	-19.4077	-0.0985	-34.3265	-10.6703	-0.0542	-25.5891	-9.2433	-0.0469	-21.1726	-14.2152	-0.0722	-26.1796		NRIX +7.9;ABVX +7.0	ABVX +6.0;NRIX +5.9
reentry	ep_low_reclaim	adr_150	x2|none	B	13	13	2	6.9583	6.5126	3.4791	3.2563	3.9358	-1.0071	-1.0004	-1.0000	-1.0000	-1.0000	0.2859	0.0220	-6.6724	0.0781	0.0060	-6.4345	-1.8431	-0.1418	-5.3222	-0.9487	-0.0730	-4.2050	-0.4084	-0.0314	-4.3442		QCOM +3.9;CRWD +3.1	QCOM +1.7;CRWD +1.5
reentry	ep_low_reclaim	adr_150	x3|none	A	202	189	17	75.0436	75.0436	71.1542	62.8434	66.6560	-3.6741	-3.3802	-3.1213	-2.4144	-3.1680	-28.2111	-0.1397	-43.1299	-27.4490	-0.1359	-42.3678	-18.6884	-0.0925	-33.6072	-15.2922	-0.0757	-27.2215	-19.2340	-0.0952	-31.1984		NRIX +7.9;ABVX +7.0	ABVX +6.0;NRIX +5.9
reentry	ep_low_reclaim	adr_150	x3|none	A_disc	197	186	17	75.0436	75.0436	71.1542	62.8434	66.6560	-3.6741	-3.3802	-3.1213	-2.4144	-3.1680	-29.3088	-0.1488	-44.2276	-28.5467	-0.1449	-43.4655	-18.2802	-0.0928	-33.1990	-14.8517	-0.0754	-26.7810	-20.3591	-0.1033	-32.3234		NRIX +7.9;ABVX +7.0	ABVX +6.0;NRIX +5.9
reentry	ep_low_reclaim	adr_150	x3|none	B	13	13	2	6.9583	6.5126	3.4791	3.2563	3.9358	-1.0071	-1.0004	-1.0000	-1.0000	-1.0000	0.2859	0.0220	-6.6724	0.0781	0.0060	-6.4345	-1.8431	-0.1418	-5.3222	-0.9487	-0.0730	-4.2050	-0.4084	-0.0314	-4.3442		QCOM +3.9;CRWD +3.1	QCOM +1.7;CRWD +1.5
reentry	ep_low_reclaim	adr_150	x4|none	A	202	189	17	75.0436	75.0436	71.1542	62.8434	66.6560	-4.0000	-3.7366	-3.3544	-2.4144	-3.1680	-26.8938	-0.1331	-41.8126	-26.0138	-0.1288	-40.9326	-16.8711	-0.0835	-31.7899	-14.4099	-0.0713	-26.3392	-18.3517	-0.0909	-30.3161		NRIX +7.9;ABVX +7.0	ABVX +6.0;NRIX +5.9
reentry	ep_low_reclaim	adr_150	x4|none	A_disc	197	186	17	75.0436	75.0436	71.1542	62.8434	66.6560	-4.0000	-3.7366	-3.3544	-2.4144	-3.1680	-27.9915	-0.1421	-42.9103	-27.1115	-0.1376	-42.0303	-16.4629	-0.0836	-31.3817	-13.9694	-0.0709	-25.8987	-19.4767	-0.0989	-31.4411		NRIX +7.9;ABVX +7.0	ABVX +6.0;NRIX +5.9
reentry	ep_low_reclaim	adr_150	x4|none	B	13	13	2	6.9583	6.5126	3.4791	3.2563	3.9358	-1.0071	-1.0004	-1.0000	-1.0000	-1.0000	0.2859	0.0220	-6.6724	0.0781	0.0060	-6.4345	-1.8431	-0.1418	-5.3222	-0.9487	-0.0730	-4.2050	-0.4084	-0.0314	-4.3442		QCOM +3.9;CRWD +3.1	QCOM +1.7;CRWD +1.5
reentry	ep_close_reclaim	incumbent	x1|trail	A	135	128	11	60.3531	27.1699	24.6022	14.2326	14.2326	-2.4296	-1.8077	-1.8077	-1.2697	-1.2697	-29.2742	-0.2168	-45.2671	-22.4760	-0.1665	-30.8638	-24.5036	-0.1815	-32.2133	-14.6148	-0.1083	-19.4170	-14.3452	-0.1063	-19.1474		QBTS +9.6;CLF +6.4	HQ +2.7;BLZE +2.1
reentry	ep_close_reclaim	incumbent	x1|trail	A_disc	128	123	11	60.3531	27.1699	24.6022	14.2326	14.2326	-2.4296	-1.8077	-1.8077	-1.2697	-1.2697	-25.4412	-0.1988	-41.4341	-21.0964	-0.1648	-29.4842	-22.8172	-0.1783	-30.5268	-13.7687	-0.1076	-18.5709	-13.9244	-0.1088	-18.7266		QBTS +9.6;CLF +6.4	HQ +2.7;BLZE +2.1
reentry	ep_close_reclaim	incumbent	x1|trail	B	6	6	0	0	0	0	0	0	-3.3122	-1.0000	-0.7500	-0.7500	-0.9750	-8.3122	-1.3854	-6.3122	-3.1988	-0.5331	-2.7782	-2.6988	-0.4498	-2.2782	-1.8495	-0.3083	-1.6392	-2.0746	-0.3458	-1.8642		CRWD -1.0;OKTA -1.0	ROIV -0.1;SOLS -0.2
reentry	ep_close_reclaim	incumbent	x2|trail	A	134	127	12	64.0062	30.9528	28.3851	16.1241	16.1241	-2.1681	-2.1681	-2.1681	-2.0000	-2.0000	-45.9437	-0.3429	-61.9366	-31.1847	-0.2327	-39.5725	-31.8065	-0.2374	-39.6802	-21.1018	-0.1575	-25.9039	-21.3074	-0.1590	-26.1096		QBTS +9.6;CLF +6.4	HQ +2.7;BLZE +2.1
reentry	ep_close_reclaim	incumbent	x2|trail	A_disc	127	122	12	64.0062	30.9528	28.3851	16.1241	16.1241	-2.1681	-2.1681	-2.1681	-2.0000	-2.0000	-39.5703	-0.3116	-55.5632	-28.3718	-0.2234	-36.7596	-28.9367	-0.2278	-36.8104	-19.5198	-0.1537	-24.3220	-20.1508	-0.1587	-24.9529		QBTS +9.6;CLF +6.4	HQ +2.7;BLZE +2.1
reentry	ep_close_reclaim	incumbent	x2|trail	B	6	6	0	0	0	0	0	0	-2.7759	-1.4309	-0.9655	-0.7156	-0.8836	-7.5869	-1.2645	-6.2068	-2.5486	-0.4248	-2.4900	-2.4702	-0.4117	-2.0845	-1.6210	-0.2702	-1.4951	-1.6076	-0.2679	-1.5782		CRWD -0.4;ROIV -1.0	ROIV -0.1;SEI -0.1
reentry	ep_close_reclaim	incumbent	x3|trail	A	133	126	12	64.0062	30.9528	28.3851	16.1241	16.1241	-3.8914	-2.9921	-2.5826	-2.0000	-2.0939	-53.1016	-0.3993	-69.0945	-34.6081	-0.2602	-42.9959	-35.6291	-0.2679	-43.5028	-23.4801	-0.1765	-28.2823	-23.0266	-0.1731	-27.8288		QBTS +9.6;CLF +6.4	HQ +2.7;BLZE +2.1
reentry	ep_close_reclaim	incumbent	x3|trail	A_disc	126	121	12	64.0062	30.9528	28.3851	16.1241	16.1241	-3.8914	-2.9921	-2.5826	-2.0000	-2.0939	-46.4867	-0.3689	-62.4796	-31.5537	-0.2504	-39.9415	-31.8323	-0.2526	-39.7060	-21.1914	-0.1682	-25.9936	-22.2821	-0.1768	-27.0843		QBTS +9.6;CLF +6.4	HQ +2.7;BLZE +2.1
reentry	ep_close_reclaim	incumbent	x3|trail	B	6	6	0	0	0	0	0	0	-2.7759	-1.4309	-0.9655	-0.7156	-0.8836	-7.5869	-1.2645	-6.2068	-2.5486	-0.4248	-2.4900	-2.4702	-0.4117	-2.0845	-1.6210	-0.2702	-1.4951	-1.6076	-0.2679	-1.5782		CRWD -0.4;ROIV -1.0	ROIV -0.1;SEI -0.1
reentry	ep_close_reclaim	incumbent	x4|trail	A	133	126	12	64.0062	30.9528	28.3851	16.1241	16.1241	-5.3294	-3.6744	-3.3149	-2.0000	-2.0939	-59.1461	-0.4447	-75.1390	-37.2644	-0.2802	-45.6522	-38.1226	-0.2866	-45.9964	-24.9359	-0.1875	-29.7381	-24.3911	-0.1834	-29.1932		QBTS +9.6;CLF +6.4	HQ +2.7;BLZE +2.1
reentry	ep_close_reclaim	incumbent	x4|trail	A_disc	126	121	12	64.0062	30.9528	28.3851	16.1241	16.1241	-5.3294	-3.6744	-3.3149	-2.0000	-2.0939	-52.9247	-0.4200	-68.9176	-34.6035	-0.2746	-42.9913	-34.5226	-0.2740	-42.3963	-22.8440	-0.1813	-27.6461	-23.9346	-0.1900	-28.7368		QBTS +9.6;CLF +6.4	HQ +2.7;BLZE +2.1
reentry	ep_close_reclaim	incumbent	x4|trail	B	6	6	0	0	0	0	0	0	-2.7759	-1.4309	-0.9655	-0.7156	-0.8836	-7.5869	-1.2645	-6.2068	-2.5486	-0.4248	-2.4900	-2.4702	-0.4117	-2.0845	-1.6210	-0.2702	-1.4951	-1.6076	-0.2679	-1.5782		CRWD -0.4;ROIV -1.0	ROIV -0.1;SEI -0.1
reentry	ep_close_reclaim	incumbent	x1|none	A	135	128	6	51.6913	28.9803	27.3014	15.0826	15.0826	-2.4296	-1.8077	-1.8077	-1.2697	-1.2697	-67.7154	-0.5016	-99.1449	-40.1036	-0.2971	-55.7492	-40.2879	-0.2984	-54.4663	-25.1301	-0.1861	-32.9529	-25.0438	-0.1855	-32.8666		ALAB +21.6;LFST +9.8	ALAB +5.2;FET +2.6
reentry	ep_close_reclaim	incumbent	x1|none	A_disc	128	123	6	51.6913	28.9803	27.3014	15.0826	15.0826	-2.4296	-1.8077	-1.8077	-1.2697	-1.2697	-62.3408	-0.4870	-93.7703	-37.7227	-0.2947	-53.3682	-37.9379	-0.2964	-52.1163	-23.7833	-0.1858	-31.6060	-24.0314	-0.1877	-31.8541		ALAB +21.6;LFST +9.8	ALAB +5.2;FET +2.6
reentry	ep_close_reclaim	incumbent	x1|none	B	6	6	0	0	0	0	0	0	-3.3122	-1.0000	-0.7500	-0.7500	-0.9750	-8.3122	-1.3854	-6.3122	-3.1988	-0.5331	-2.7782	-2.6988	-0.4498	-2.2782	-1.8495	-0.3083	-1.6392	-2.0746	-0.3458	-1.8642		CRWD -1.0;OKTA -1.0	ROIV -0.1;SOLS -0.2
reentry	ep_close_reclaim	incumbent	x2|none	A	134	127	7	56.4223	32.5012	30.8222	16.8430	16.8430	-3.0450	-2.1681	-2.1681	-2.0000	-2.0000	-95.9324	-0.7159	-127.3619	-55.9763	-0.4177	-71.6218	-53.1202	-0.3964	-67.2986	-36.2398	-0.2704	-44.0626	-37.8664	-0.2826	-45.6891		ALAB +21.6;LFST +9.8	ALAB +5.2;FET +2.6
reentry	ep_close_reclaim	incumbent	x2|none	A_disc	127	122	7	56.4223	32.5012	30.8222	16.8430	16.8430	-3.0450	-2.1681	-2.1681	-2.0000	-2.0000	-86.5578	-0.6816	-117.9873	-51.3150	-0.4041	-66.9605	-48.7399	-0.3838	-62.9183	-33.7337	-0.2656	-41.5565	-35.6946	-0.2811	-43.5174		ALAB +21.6;LFST +9.8	ALAB +5.2;FET +2.6
reentry	ep_close_reclaim	incumbent	x2|none	B	6	6	0	0	0	0	0	0	-1.0000	-0.3801	-0.4400	-0.4400	-0.3551	-3.8048	-0.6341	-3.8556	0.9644	0.1607	-1.1723	-1.0593	-0.1765	-1.2323	-0.2100	-0.0350	-0.8362	0.8751	0.1459	-0.7513		OKTA +0.4;CRWD -0.4	SEI +0.4;OKTA +0.2
reentry	ep_close_reclaim	incumbent	x3|none	A	133	126	8	59.9286	36.8598	35.1809	19.9463	19.9463	-3.8914	-3.1681	-3.1681	-3.0000	-3.0000	-99.7339	-0.7499	-131.1634	-56.0353	-0.4213	-71.6809	-53.3355	-0.4010	-68.1336	-36.3336	-0.2732	-44.6565	-37.6188	-0.2828	-45.9418		ALAB +21.6;LFST +9.8	ALAB +5.2;DYN +3.1
reentry	ep_close_reclaim	incumbent	x3|none	A_disc	126	121	8	59.9286	36.8598	35.1809	19.9463	19.9463	-3.8914	-3.1681	-3.1681	-3.0000	-3.0000	-90.1178	-0.7152	-121.5473	-51.1326	-0.4058	-66.7781	-48.0282	-0.3812	-62.8263	-33.1207	-0.2629	-41.4436	-35.8591	-0.2846	-44.1821		ALAB +21.6;LFST +9.8	ALAB +5.2;DYN +3.1
reentry	ep_close_reclaim	incumbent	x3|none	B	6	6	0	0	0	0	0	0	-1.0000	-0.3801	-0.4400	-0.4400	-0.3551	-3.8048	-0.6341	-3.8556	0.9644	0.1607	-1.1723	-1.0593	-0.1765	-1.2323	-0.2100	-0.0350	-0.8362	0.8751	0.1459	-0.7513		OKTA +0.4;CRWD -0.4	SEI +0.4;OKTA +0.2
reentry	ep_close_reclaim	incumbent	x4|none	A	133	126	8	59.9286	36.8598	35.1809	19.9463	19.9463	-5.3294	-3.6744	-3.3149	-3.0000	-3.0000	-107.9659	-0.8118	-139.3954	-60.2129	-0.4527	-75.8584	-56.5022	-0.4248	-71.3003	-38.2178	-0.2874	-46.5408	-39.8783	-0.2998	-48.2013		ALAB +21.6;LFST +9.8	ALAB +5.2;DYN +3.1
reentry	ep_close_reclaim	incumbent	x4|none	A_disc	126	121	8	59.9286	36.8598	35.1809	19.9463	19.9463	-5.3294	-3.6744	-3.3149	-3.0000	-3.0000	-98.7433	-0.7837	-130.1728	-55.7036	-0.4421	-71.3492	-51.3916	-0.4079	-66.1897	-35.2017	-0.2794	-43.5247	-38.4068	-0.3048	-46.7297		ALAB +21.6;LFST +9.8	ALAB +5.2;DYN +3.1
reentry	ep_close_reclaim	incumbent	x4|none	B	6	6	0	0	0	0	0	0	-1.0000	-0.3801	-0.4400	-0.4400	-0.3551	-3.8048	-0.6341	-3.8556	0.9644	0.1607	-1.1723	-1.0593	-0.1765	-1.2323	-0.2100	-0.0350	-0.8362	0.8751	0.1459	-0.7513		OKTA +0.4;CRWD -0.4	SEI +0.4;OKTA +0.2
reentry	ep_close_reclaim	adr_075	x1|trail	A	142	135	6	24.1473	19.9829	15.6360	10.7022	11.6098	-2.4477	-1.4194	-1.4194	-1.1785	-1.1785	-41.9426	-0.2954	-52.5305	-35.2345	-0.2481	-43.0230	-37.6615	-0.2652	-44.6593	-21.8957	-0.1542	-26.6738	-21.6576	-0.1525	-26.4599		FET +6.8;TEAM +3.8	HQ +2.7;FET +2.1
reentry	ep_close_reclaim	adr_075	x1|trail	A_disc	135	130	5	20.4018	17.1645	14.6996	9.7658	10.2006	-2.4477	-1.4194	-1.4194	-1.1785	-1.1785	-44.5467	-0.3300	-55.1346	-36.1295	-0.2676	-43.9180	-37.0054	-0.2741	-44.0032	-21.8519	-0.1619	-26.6299	-22.0866	-0.1636	-26.8889		FET +6.8;TEAM +3.8	HQ +2.7;FET +2.1
reentry	ep_close_reclaim	adr_075	x1|trail	B	9	9	0	0	0	0	0	0	-1.6212	-1.1420	-1.1420	-0.5710	-0.5710	-7.4220	-0.8247	-7.7010	-4.9274	-0.5475	-4.8501	-4.5420	-0.5047	-4.4646	-2.4637	-0.2737	-2.4250	-2.4637	-0.2737	-2.4250		QCOM +0.9;AGX -0.7	QCOM +0.2;SOLS -0.2
reentry	ep_close_reclaim	adr_075	x2|trail	A	142	135	7	27.4394	23.1652	18.8183	12.2933	13.2010	-3.4477	-2.5620	-2.1970	-1.6327	-1.8023	-58.3665	-0.4110	-68.9544	-48.9424	-0.3447	-56.7309	-49.5901	-0.3492	-56.5878	-29.9475	-0.2109	-34.7256	-30.0006	-0.2113	-34.8028		FET +6.8;TEAM +3.8	HQ +2.7;FET +2.1
reentry	ep_close_reclaim	adr_075	x2|trail	A_disc	135	130	6	23.6939	20.3468	17.8819	11.3569	11.7918	-3.4477	-2.1683	-2.1683	-1.6327	-1.8023	-59.3941	-0.4400	-69.9820	-48.2901	-0.3577	-56.0785	-47.7516	-0.3537	-54.7494	-29.1300	-0.2158	-33.9081	-29.6559	-0.2197	-34.4581		FET +6.8;TEAM +3.8	HQ +2.7;FET +2.1
reentry	ep_close_reclaim	adr_075	x2|trail	B	9	9	0	0	0	0	0	0	-2.0000	-1.3363	-1.1681	-0.6682	-0.6682	-5.4373	-0.6041	-7.8227	-3.5739	-0.3971	-4.9059	-3.6838	-0.4093	-4.6792	-1.8833	-0.2093	-2.5493	-1.7869	-0.1985	-2.4529		CRWD +1.4;QCOM +0.9	CRWD +0.5;QCOM +0.2
reentry	ep_close_reclaim	adr_075	x3|trail	A	142	135	8	32.2361	27.9619	23.6150	14.9659	15.8735	-4.0470	-3.5614	-3.3482	-2.1254	-2.1254	-60.5804	-0.4266	-72.1352	-51.0742	-0.3597	-60.0407	-51.3042	-0.3613	-59.7196	-30.9334	-0.2178	-36.2991	-30.9865	-0.2182	-36.3522		FET +6.8;BHVN +4.8	HQ +2.7;BHVN +2.7
reentry	ep_close_reclaim	adr_075	x3|trail	A_disc	135	130	7	28.4906	25.1435	22.6786	14.0295	14.4643	-4.0470	-3.5614	-3.3482	-2.1254	-2.1254	-62.2202	-0.4609	-73.7750	-50.9981	-0.3778	-59.9645	-49.7719	-0.3687	-58.1873	-30.4040	-0.2252	-35.7697	-30.9299	-0.2291	-36.2956		FET +6.8;BHVN +4.8	HQ +2.7;BHVN +2.7
reentry	ep_close_reclaim	adr_075	x3|trail	B	9	9	0	0	0	0	0	0	-1.6212	-1.1420	-1.1420	-0.5710	-0.5710	-1.6876	-0.1875	-4.8853	-1.0735	-0.1193	-3.1590	-1.8089	-0.2010	-3.1005	-0.6332	-0.0704	-1.6759	-0.5368	-0.0596	-1.5795		OKTA +1.7;CRWD +1.4	OKTA +0.6;CRWD +0.5
reentry	ep_close_reclaim	adr_075	x4|trail	A	142	135	8	32.2361	27.9619	23.6150	14.9659	15.8735	-4.1683	-4.1683	-4.1683	-2.2811	-2.2811	-59.6512	-0.4201	-71.2060	-50.0524	-0.3525	-59.0188	-50.9825	-0.3590	-59.3980	-30.4428	-0.2144	-35.8085	-30.4958	-0.2148	-35.8616		FET +6.8;BHVN +4.8	HQ +2.7;BHVN +2.7
reentry	ep_close_reclaim	adr_075	x4|trail	A_disc	135	130	7	28.4906	25.1435	22.6786	14.0295	14.4643	-4.1683	-4.1683	-4.1683	-2.2811	-2.2811	-61.2910	-0.4540	-72.8458	-49.9762	-0.3702	-58.9427	-49.4502	-0.3663	-57.8656	-29.9133	-0.2216	-35.2791	-30.4392	-0.2255	-35.8050		FET +6.8;BHVN +4.8	HQ +2.7;BHVN +2.7
reentry	ep_close_reclaim	adr_075	x4|trail	B	9	9	0	0	0	0	0	0	-1.6212	-1.1420	-1.1420	-0.5710	-0.5710	-1.6876	-0.1875	-4.8853	-1.0735	-0.1193	-3.1590	-1.8089	-0.2010	-3.1005	-0.6332	-0.0704	-1.6759	-0.5368	-0.0596	-1.5795		OKTA +1.7;CRWD +1.4	OKTA +0.6;CRWD +0.5
reentry	ep_close_reclaim	adr_075	x1|none	A	142	135	8	42.9481	33.1611	30.2919	17.4884	17.9612	-2.4477	-1.4194	-1.4194	-1.1785	-1.1785	-82.2061	-0.5789	-98.6565	-69.4135	-0.4888	-82.6323	-65.8036	-0.4634	-78.6054	-41.0017	-0.2887	-48.8244	-41.5746	-0.2928	-49.3973		FET +8.4;ALAB +8.0	ALAB +5.2;FET +2.6
reentry	ep_close_reclaim	adr_075	x1|none	A_disc	135	130	7	39.2026	30.3427	29.3555	16.5520	16.5520	-2.4477	-1.4194	-1.4194	-1.1785	-1.1785	-80.6039	-0.5971	-97.0543	-67.3669	-0.4990	-80.5857	-62.5798	-0.4636	-75.3815	-39.4645	-0.2923	-47.2872	-40.5102	-0.3001	-48.3329		FET +8.4;ALAB +8.0	ALAB +5.2;FET +2.6
reentry	ep_close_reclaim	adr_075	x1|none	B	9	9	1	7.2963	3.1956	3.1956	1.5978	1.5978	-1.6212	-1.1420	-1.1420	-0.5710	-0.5710	-1.4047	-0.1561	-7.7010	-2.4122	-0.2680	-5.1199	-2.0131	-0.2237	-4.7208	-1.2061	-0.1340	-2.5600	-1.2061	-0.1340	-2.5600		QCOM +7.3;AGX -1.0	QCOM +1.6;SOLS -0.2
reentry	ep_close_reclaim	adr_075	x2|none	A	142	135	9	47.6200	36.9561	34.0869	19.3859	19.8587	-3.4477	-2.5620	-2.2988	-1.6616	-1.8023	-99.7528	-0.7025	-116.2032	-86.1198	-0.6065	-99.3386	-81.7139	-0.5755	-94.5157	-51.8813	-0.3654	-59.7040	-52.0616	-0.3666	-59.8843		FET +8.4;ALAB +8.0	ALAB +5.2;FET +2.6
reentry	ep_close_reclaim	adr_075	x2|none	A_disc	135	130	8	43.8745	34.1377	33.1505	18.4495	18.4495	-3.4477	-2.4577	-2.2988	-1.6616	-1.8023	-100.1270	-0.7417	-116.5774	-86.0500	-0.6374	-99.2688	-78.1960	-0.5792	-90.9977	-50.4586	-0.3738	-58.2813	-51.9856	-0.3851	-59.8084		FET +8.4;ALAB +8.0	ALAB +5.2;FET +2.6
reentry	ep_close_reclaim	adr_075	x2|none	B	9	9	1	7.2963	3.1956	3.1956	1.5978	1.5978	-2.0000	-1.3363	-1.1681	-0.6682	-0.6682	2.5018	0.2780	-6.2530	0.5927	0.0659	-3.8562	-0.6745	-0.0749	-4.4550	-0.1453	-0.0161	-2.2038	0.2964	0.0329	-1.9281		QCOM +7.3;SEI +1.5	QCOM +1.6;CRWD +0.5
reentry	ep_close_reclaim	adr_075	x3|none	A	142	135	11	59.1011	46.8612	43.9920	24.6126	25.0854	-4.4477	-3.5614	-3.3482	-2.1254	-2.1254	-108.1791	-0.7618	-124.6295	-92.0386	-0.6482	-105.2574	-86.6327	-0.6101	-99.7539	-54.9197	-0.3868	-62.8119	-55.1344	-0.3883	-63.0267		FET +8.4;ALAB +8.0	ALAB +5.2;BHVN +2.7
reentry	ep_close_reclaim	adr_075	x3|none	A_disc	135	130	10	55.3556	44.0428	43.0556	23.6762	23.6762	-4.4477	-3.5614	-3.3482	-2.1254	-2.1254	-109.1655	-0.8086	-125.6159	-92.5451	-0.6855	-105.7639	-83.4208	-0.6179	-96.5420	-53.7851	-0.3984	-61.6774	-55.3465	-0.4100	-63.2388		FET +8.4;ALAB +8.0	ALAB +5.2;BHVN +2.7
reentry	ep_close_reclaim	adr_075	x3|none	B	9	9	1	7.2963	3.1956	3.1956	1.5978	1.5978	-1.6212	-1.1420	-1.1420	-0.5710	-0.5710	6.2515	0.6946	-2.7945	3.0931	0.3437	-1.3559	1.2004	0.1334	-2.7020	1.1049	0.1228	-1.0749	1.5465	0.1718	-0.6779		QCOM +7.3;OKTA +1.7	QCOM +1.6;OKTA +0.6
reentry	ep_close_reclaim	adr_075	x4|none	A	142	135	11	59.1011	46.8612	43.9920	24.6126	25.0854	-4.6265	-4.1683	-4.1683	-2.2811	-2.2811	-118.0426	-0.8313	-134.4930	-98.9692	-0.6970	-112.1880	-93.2520	-0.6567	-106.3732	-58.3884	-0.4112	-66.2807	-58.6373	-0.4129	-66.5296		FET +8.4;ALAB +8.0	ALAB +5.2;BHVN +2.7
reentry	ep_close_reclaim	adr_075	x4|none	A_disc	135	130	10	55.3556	44.0428	43.0556	23.6762	23.6762	-4.6265	-4.1683	-4.1683	-2.2811	-2.2811	-119.0290	-0.8817	-135.4794	-99.4756	-0.7369	-112.6944	-90.0401	-0.6670	-103.1613	-57.2538	-0.4241	-65.1461	-58.8494	-0.4359	-66.7417		FET +8.4;ALAB +8.0	ALAB +5.2;BHVN +2.7
reentry	ep_close_reclaim	adr_075	x4|none	B	9	9	1	7.2963	3.1956	3.1956	1.5978	1.5978	-1.6212	-1.1420	-1.1420	-0.5710	-0.5710	6.2515	0.6946	-2.7945	3.0931	0.3437	-1.3559	1.2004	0.1334	-2.7020	1.1049	0.1228	-1.0749	1.5465	0.1718	-0.6779		QCOM +7.3;OKTA +1.7	QCOM +1.6;OKTA +0.6
reentry	ep_close_reclaim	adr_100	x1|trail	A	142	135	2	8.2598	7.3610	5.7255	4.6955	4.6955	-2.1844	-2.1844	-2.1844	-2.1844	-2.1844	-30.2180	-0.2128	-38.4778	-27.1905	-0.1915	-34.5515	-29.8646	-0.2103	-35.9401	-21.0395	-0.1482	-25.9146	-20.8721	-0.1470	-25.7471		FET +5.1;ALOY +3.2	ALOY +2.6;HQ +2.3
reentry	ep_close_reclaim	adr_100	x1|trail	A_disc	135	130	2	8.2598	7.3610	5.7255	4.6955	4.6955	-2.1844	-2.1844	-2.1844	-2.1844	-2.1844	-31.9378	-0.2366	-40.1976	-28.4295	-0.2106	-35.7905	-29.2994	-0.2170	-35.3749	-20.6557	-0.1530	-25.5307	-21.1468	-0.1566	-26.0218		FET +5.1;ALOY +3.2	ALOY +2.6;HQ +2.3
reentry	ep_close_reclaim	adr_100	x1|trail	B	9	9	0	0	0	0	0	0	-1.2159	-1.1420	-0.9119	-0.5710	-0.5710	-5.7575	-0.6397	-6.8617	-4.6272	-0.5141	-5.4388	-4.2312	-0.4701	-4.8423	-2.3267	-0.2585	-2.7326	-2.2975	-0.2553	-2.7326		QCOM +0.7;SEI +0.4	QCOM +0.2;SEI +0.2
reentry	ep_close_reclaim	adr_100	x2|trail	A	142	135	2	8.2598	7.3610	5.7255	4.6955	4.6955	-2.4800	-2.4800	-2.1844	-2.1844	-2.1844	-41.6823	-0.2935	-49.9421	-39.2768	-0.2766	-46.6378	-40.1566	-0.2828	-46.2321	-29.0297	-0.2044	-33.9047	-29.4948	-0.2077	-34.3698		FET +5.1;ALOY +3.2	ALOY +2.6;HQ +2.3
reentry	ep_close_reclaim	adr_100	x2|trail	A_disc	135	130	2	8.2598	7.3610	5.7255	4.6955	4.6955	-2.4800	-2.4800	-2.1844	-2.1844	-2.1844	-42.2197	-0.3127	-50.4795	-39.3334	-0.2914	-46.6944	-38.7046	-0.2867	-44.7801	-27.8721	-0.2065	-32.7471	-28.9958	-0.2148	-33.8708		FET +5.1;ALOY +3.2	ALOY +2.6;HQ +2.3
reentry	ep_close_reclaim	adr_100	x2|trail	B	9	9	0	0	0	0	0	0	-1.8609	-1.6578	-1.1804	-0.8289	-0.8289	-4.7824	-0.5314	-6.3215	-3.8335	-0.4259	-4.9525	-3.7436	-0.4160	-4.3547	-1.9299	-0.2144	-2.4894	-1.9007	-0.2112	-2.4847		CRWD +0.8;QCOM +0.7	CRWD +0.4;QCOM +0.2
reentry	ep_close_reclaim	adr_100	x3|trail	A	142	135	3	11.3573	10.4585	8.8230	7.0052	7.0052	-3.0000	-3.0000	-3.0000	-2.1844	-2.1844	-36.1695	-0.2547	-44.4293	-33.8902	-0.2387	-41.2511	-34.4725	-0.2428	-40.7612	-25.2480	-0.1778	-30.1683	-25.6546	-0.1807	-30.5750		FET +5.1;ALOY +3.2	ALOY +2.6;BHVN +2.3
reentry	ep_close_reclaim	adr_100	x3|trail	A_disc	135	130	3	11.3573	10.4585	8.8230	7.0052	7.0052	-3.0000	-3.0000	-3.0000	-2.1844	-2.1844	-37.1660	-0.2753	-45.4258	-34.4059	-0.2549	-41.7669	-33.2500	-0.2463	-39.5387	-24.3200	-0.1801	-29.2403	-25.4437	-0.1885	-30.3640		FET +5.1;ALOY +3.2	ALOY +2.6;BHVN +2.3
reentry	ep_close_reclaim	adr_100	x3|trail	B	9	9	0	0	0	0	0	0	-1.8609	-1.6578	-1.1804	-0.8289	-0.8289	-4.7824	-0.5314	-6.3215	-3.8335	-0.4259	-4.9525	-3.7436	-0.4160	-4.3547	-1.9299	-0.2144	-2.4894	-1.9007	-0.2112	-2.4847		CRWD +0.8;QCOM +0.7	CRWD +0.4;QCOM +0.2
reentry	ep_close_reclaim	adr_100	x4|trail	A	142	135	3	11.3573	10.4585	8.8230	7.0052	7.0052	-4.0000	-4.0000	-3.2500	-2.1844	-2.1844	-33.3057	-0.2345	-41.5655	-31.0264	-0.2185	-38.3873	-32.5746	-0.2294	-38.8633	-23.4976	-0.1655	-28.4179	-23.9043	-0.1683	-28.8246		FET +5.1;ALOY +3.2	ALOY +2.6;BHVN +2.3
reentry	ep_close_reclaim	adr_100	x4|trail	A_disc	135	130	3	11.3573	10.4585	8.8230	7.0052	7.0052	-4.0000	-4.0000	-3.2500	-2.1844	-2.1844	-34.3022	-0.2541	-42.5620	-31.5421	-0.2336	-38.9031	-31.3522	-0.2322	-37.6409	-22.5697	-0.1672	-27.4900	-23.6933	-0.1755	-28.6136		FET +5.1;ALOY +3.2	ALOY +2.6;BHVN +2.3
reentry	ep_close_reclaim	adr_100	x4|trail	B	9	9	0	0	0	0	0	0	-1.8609	-1.6578	-1.1804	-0.8289	-0.8289	-4.7824	-0.5314	-6.3215	-3.8335	-0.4259	-4.9525	-3.7436	-0.4160	-4.3547	-1.9299	-0.2144	-2.4894	-1.9007	-0.2112	-2.4847		CRWD +0.8;QCOM +0.7	CRWD +0.4;QCOM +0.2
reentry	ep_close_reclaim	adr_100	x1|none	A	142	135	6	28.9577	26.1794	24.1374	16.9115	16.9115	-8.9873	-8.9873	-6.7405	-4.5705	-4.5705	-73.9878	-0.5210	-86.3256	-69.0497	-0.4863	-80.2653	-63.3998	-0.4465	-73.5239	-47.1171	-0.3318	-55.6023	-49.1444	-0.3461	-57.6296		FET +6.3;ALAB +6.0	ALAB +5.2;ALOY +3.3
reentry	ep_close_reclaim	adr_100	x1|none	A_disc	135	130	6	28.9577	26.1794	24.1374	16.9115	16.9115	-2.1844	-2.1844	-2.1844	-2.1844	-2.1844	-63.6127	-0.4712	-75.9505	-58.7573	-0.4352	-69.9729	-53.9974	-0.4000	-64.1215	-40.6880	-0.3014	-49.1732	-43.2684	-0.3205	-51.7536		FET +6.3;ALAB +6.0	ALAB +5.2;ALOY +3.3
reentry	ep_close_reclaim	adr_100	x1|none	B	9	9	1	5.4722	3.1956	3.1956	1.5978	1.5978	-1.2159	-1.1420	-0.9119	-0.5756	-0.5756	-0.1463	-0.0163	-7.4610	-1.0000	-0.1111	-6.0381	-1.1749	-0.1305	-5.2918	-0.5291	-0.0588	-3.0481	-0.3949	-0.0439	-3.0481		QCOM +5.5;SEI +1.8	QCOM +1.6;SEI +0.9
reentry	ep_close_reclaim	adr_100	x2|none	A	142	135	7	35.2474	32.4691	30.4271	20.0794	20.0794	-8.9873	-8.9873	-6.7405	-4.5705	-4.5705	-87.0249	-0.6129	-99.6428	-82.3304	-0.5798	-94.6297	-74.7006	-0.5261	-86.9999	-58.1559	-0.4095	-66.6411	-60.1498	-0.4236	-68.6350		FET +6.3;DYN +6.3	ALAB +5.2;ALOY +3.3
reentry	ep_close_reclaim	adr_100	x2|none	A_disc	135	130	7	35.2474	32.4691	30.4271	20.0794	20.0794	-2.8358	-2.4800	-2.1844	-2.1844	-2.1844	-78.1321	-0.5788	-90.7500	-73.5203	-0.5446	-85.8196	-65.0775	-0.4821	-77.3768	-51.6193	-0.3824	-60.1045	-55.2622	-0.4093	-63.7474		FET +6.3;DYN +6.3	ALAB +5.2;ALOY +3.3
reentry	ep_close_reclaim	adr_100	x2|none	B	9	9	1	5.4722	3.1956	3.1956	1.5978	1.5978	-1.2159	-1.1420	-0.9119	-0.5756	-0.5756	4.5486	0.5054	-2.7825	3.1076	0.3453	-1.9305	1.1725	0.1303	-2.9443	1.5248	0.1694	-0.9943	1.6589	0.1843	-0.9943		QCOM +5.5;OKTA +1.9	QCOM +1.6;SEI +0.9
reentry	ep_close_reclaim	adr_100	x3|none	A	142	135	8	38.3449	35.5666	33.5246	22.3891	22.3891	-8.9873	-8.9873	-6.7405	-4.5705	-4.5705	-90.6145	-0.6381	-103.2324	-84.7221	-0.5966	-97.0214	-76.5204	-0.5389	-88.8197	-59.1876	-0.4168	-67.6728	-61.2277	-0.4312	-69.7130		FET +6.3;DYN +6.3	ALAB +5.2;ALOY +3.3
reentry	ep_close_reclaim	adr_100	x3|none	A_disc	135	130	8	38.3449	35.5666	33.5246	22.3891	22.3891	-3.0176	-3.0176	-3.0176	-2.3739	-2.4373	-82.1808	-0.6087	-94.7987	-76.3711	-0.5657	-88.6704	-67.1269	-0.4972	-79.4262	-52.8805	-0.3917	-61.3657	-56.6282	-0.4195	-65.1135		FET +6.3;DYN +6.3	ALAB +5.2;ALOY +3.3
reentry	ep_close_reclaim	adr_100	x3|none	B	9	9	1	5.4722	3.1956	3.1956	1.5978	1.5978	-1.2159	-1.1420	-0.9119	-0.5756	-0.5756	4.5486	0.5054	-2.7825	3.1076	0.3453	-1.9305	1.1725	0.1303	-2.9443	1.5248	0.1694	-0.9943	1.6589	0.1843	-0.9943		QCOM +5.5;OKTA +1.9	QCOM +1.6;SEI +0.9
reentry	ep_close_reclaim	adr_100	x4|none	A	142	135	8	38.3449	35.5666	33.5246	22.3891	22.3891	-8.9873	-8.9873	-6.7405	-4.5705	-4.5705	-95.1991	-0.6704	-107.8170	-88.6034	-0.6240	-100.9027	-80.4144	-0.5663	-92.7137	-61.4203	-0.4325	-69.9055	-63.4094	-0.4465	-71.8946		FET +6.3;DYN +6.3	ALAB +5.2;ALOY +3.3
reentry	ep_close_reclaim	adr_100	x4|none	A_disc	135	130	8	38.3449	35.5666	33.5246	22.3891	22.3891	-4.2199	-4.2199	-4.0176	-2.9344	-2.9344	-86.7654	-0.6427	-99.3833	-80.2525	-0.5945	-92.5518	-71.0210	-0.5261	-83.3203	-55.1132	-0.4082	-63.5984	-58.8099	-0.4356	-67.2951		FET +6.3;DYN +6.3	ALAB +5.2;ALOY +3.3
reentry	ep_close_reclaim	adr_100	x4|none	B	9	9	1	5.4722	3.1956	3.1956	1.5978	1.5978	-1.2159	-1.1420	-0.9119	-0.5756	-0.5756	4.5486	0.5054	-2.7825	3.1076	0.3453	-1.9305	1.1725	0.1303	-2.9443	1.5248	0.1694	-0.9943	1.6589	0.1843	-0.9943		QCOM +5.5;OKTA +1.9	QCOM +1.6;SEI +0.9
reentry	ep_close_reclaim	adr_150	x1|trail	A	142	135	2	6.4655	6.4655	4.7760	4.7760	5.1713	-2.2001	-2.2001	-2.2001	-1.8159	-1.8159	-22.6521	-0.1595	-29.1176	-22.9490	-0.1616	-29.4145	-24.7473	-0.1743	-29.9613	-20.0255	-0.1410	-25.2395	-19.3057	-0.1360	-24.5197		FET +3.4;BHVN +3.1	BHVN +3.1;ALOY +2.1
reentry	ep_close_reclaim	adr_150	x1|trail	A_disc	135	130	2	6.4655	6.4655	4.7760	4.7760	5.1713	-2.2001	-2.2001	-2.2001	-1.8159	-1.8159	-23.4655	-0.1738	-29.9310	-23.6631	-0.1753	-30.1286	-24.2585	-0.1797	-29.4725	-19.2124	-0.1423	-24.4264	-19.2683	-0.1427	-24.4823		FET +3.4;BHVN +3.1	BHVN +3.1;ALOY +2.1
reentry	ep_close_reclaim	adr_150	x1|trail	B	9	9	0	0	0	0	0	0	-1.0000	-1.0000	-0.9848	-0.7044	-0.7044	-5.5931	-0.6215	-6.3292	-5.5916	-0.6213	-6.2695	-4.4965	-0.4996	-4.9817	-3.3898	-0.3766	-3.7288	-3.3069	-0.3674	-3.7419		QCOM +0.5;SEI +0.3	QCOM +0.2;SEI +0.1
reentry	ep_close_reclaim	adr_150	x2|trail	A	142	135	2	6.4655	6.4655	4.7760	4.7760	5.1713	-3.2001	-3.2001	-2.7001	-2.3159	-2.6383	-26.3123	-0.1853	-32.7778	-26.7333	-0.1883	-33.1988	-28.2776	-0.1991	-33.4916	-23.3431	-0.1644	-28.5571	-23.2177	-0.1635	-28.4317		FET +3.4;BHVN +3.1	BHVN +3.1;ALOY +2.1
reentry	ep_close_reclaim	adr_150	x2|trail	A_disc	135	130	2	6.4655	6.4655	4.7760	4.7760	5.1713	-3.2001	-3.2001	-2.7001	-2.3159	-2.6383	-27.4318	-0.2032	-33.8973	-27.7535	-0.2056	-34.2190	-27.9419	-0.2070	-33.1559	-22.6831	-0.1680	-27.8971	-23.4683	-0.1738	-28.6823		FET +3.4;BHVN +3.1	BHVN +3.1;ALOY +2.1
reentry	ep_close_reclaim	adr_150	x2|trail	B	9	9	0	0	0	0	0	0	-1.5739	-1.5739	-1.0370	-0.9551	-1.0516	-4.9430	-0.5492	-5.6791	-4.9415	-0.5491	-5.6194	-4.1714	-0.4635	-4.6566	-3.0647	-0.3405	-3.4037	-2.9100	-0.3233	-3.3451		QCOM +0.5;SEI +0.3	QCOM +0.2;SEI +0.1
reentry	ep_close_reclaim	adr_150	x3|trail	A	142	135	2	6.4655	6.4655	4.7760	4.7760	5.1713	-3.5861	-3.5861	-2.9896	-2.8798	-3.3998	-26.8243	-0.1889	-33.2898	-27.2453	-0.1919	-33.7108	-28.3165	-0.1994	-33.5305	-23.8105	-0.1677	-29.0245	-23.9738	-0.1688	-29.1878		FET +3.4;BHVN +3.1	BHVN +3.1;ALOY +2.1
reentry	ep_close_reclaim	adr_150	x3|trail	A_disc	135	130	2	6.4655	6.4655	4.7760	4.7760	5.1713	-3.5861	-3.5861	-2.9896	-2.8798	-3.3998	-27.9438	-0.2070	-34.4093	-28.2655	-0.2094	-34.7310	-27.9808	-0.2073	-33.1948	-23.1505	-0.1715	-28.3645	-24.2244	-0.1794	-29.4384		FET +3.4;BHVN +3.1	BHVN +3.1;ALOY +2.1
reentry	ep_close_reclaim	adr_150	x3|trail	B	9	9	0	0	0	0	0	0	-1.5739	-1.5739	-1.0370	-0.9551	-1.0516	-4.9430	-0.5492	-5.6791	-4.9415	-0.5491	-5.6194	-4.1714	-0.4635	-4.6566	-3.0647	-0.3405	-3.4037	-2.9100	-0.3233	-3.3451		QCOM +0.5;SEI +0.3	QCOM +0.2;SEI +0.1
reentry	ep_close_reclaim	adr_150	x4|trail	A	142	135	2	6.4655	6.4655	4.7760	4.7760	5.1713	-3.5861	-3.5861	-2.9896	-2.8798	-3.3998	-26.8243	-0.1889	-33.2898	-27.2453	-0.1919	-33.7108	-28.3165	-0.1994	-33.5305	-23.8105	-0.1677	-29.0245	-23.9738	-0.1688	-29.1878		FET +3.4;BHVN +3.1	BHVN +3.1;ALOY +2.1
reentry	ep_close_reclaim	adr_150	x4|trail	A_disc	135	130	2	6.4655	6.4655	4.7760	4.7760	5.1713	-3.5861	-3.5861	-2.9896	-2.8798	-3.3998	-27.9438	-0.2070	-34.4093	-28.2655	-0.2094	-34.7310	-27.9808	-0.2073	-33.1948	-23.1505	-0.1715	-28.3645	-24.2244	-0.1794	-29.4384		FET +3.4;BHVN +3.1	BHVN +3.1;ALOY +2.1
reentry	ep_close_reclaim	adr_150	x4|trail	B	9	9	0	0	0	0	0	0	-1.5739	-1.5739	-1.0370	-0.9551	-1.0516	-4.9430	-0.5492	-5.6791	-4.9415	-0.5491	-5.6194	-4.1714	-0.4635	-4.6566	-3.0647	-0.3405	-3.4037	-2.9100	-0.3233	-3.3451		QCOM +0.5;SEI +0.3	QCOM +0.2;SEI +0.1
reentry	ep_close_reclaim	adr_150	x1|none	A	142	135	5	18.2708	18.2708	16.1614	13.5897	14.0833	-5.9915	-5.9915	-4.4936	-4.4936	-4.5705	-63.6804	-0.4485	-71.9056	-63.7607	-0.4490	-71.9859	-58.5396	-0.4123	-66.0853	-51.9650	-0.3660	-59.0579	-55.2039	-0.3888	-62.2968		FET +4.2;ALAB +4.0	ALAB +4.0;BHVN +3.1
reentry	ep_close_reclaim	adr_150	x1|none	A_disc	135	130	5	18.2708	18.2708	16.1614	13.5897	14.0833	-2.2001	-2.2001	-2.2001	-1.8159	-1.8159	-55.4304	-0.4106	-63.6556	-55.5278	-0.4113	-63.7530	-51.1500	-0.3789	-58.6957	-44.6400	-0.3307	-51.7329	-48.0813	-0.3562	-55.1742		FET +4.2;ALAB +4.0	ALAB +4.0;BHVN +3.1
reentry	ep_close_reclaim	adr_150	x1|none	B	9	9	1	3.6481	3.1956	2.7361	1.5978	1.5978	-1.0000	-1.0000	-0.9848	-0.7500	-0.7899	-2.1236	-0.2360	-7.0000	-2.5165	-0.2796	-6.9403	-2.1346	-0.2372	-5.4848	-2.0199	-0.2244	-4.2319	-1.6186	-0.1798	-4.2717		QCOM +3.6;SEI +1.2	QCOM +1.6;SEI +0.6
reentry	ep_close_reclaim	adr_150	x2|none	A	142	135	5	18.2708	18.2708	16.1614	13.5897	14.0833	-5.9915	-5.9915	-4.4936	-4.4936	-4.5705	-75.2411	-0.5299	-83.4663	-75.4836	-0.5316	-83.7088	-68.5759	-0.4829	-76.1216	-60.6665	-0.4272	-67.7594	-64.0786	-0.4513	-71.1715		FET +4.2;ALAB +4.0	ALAB +4.0;BHVN +3.1
reentry	ep_close_reclaim	adr_150	x2|none	A_disc	135	130	5	18.2708	18.2708	16.1614	13.5897	14.0833	-3.2001	-3.2001	-2.7001	-2.3159	-2.6383	-69.0736	-0.5117	-77.2988	-69.3332	-0.5136	-77.5584	-61.7834	-0.4577	-69.3291	-53.9387	-0.3995	-61.0316	-59.0062	-0.4371	-66.0991		FET +4.2;ALAB +4.0	ALAB +4.0;BHVN +3.1
reentry	ep_close_reclaim	adr_150	x2|none	B	9	9	1	3.6481	3.1956	2.7361	1.5978	1.5978	-1.0000	-1.0000	-0.9848	-0.7500	-0.7899	1.0063	0.1118	-3.8701	0.6134	0.0682	-3.8104	-0.5696	-0.0633	-3.9198	-0.4550	-0.0506	-2.6669	0.4352	0.0484	-2.2179		QCOM +3.6;SEI +1.2	QCOM +1.6;SEI +0.6
reentry	ep_close_reclaim	adr_150	x3|none	A	142	135	5	18.2708	18.2708	16.1614	13.5897	14.0833	-5.9915	-5.9915	-4.4936	-4.4936	-4.5705	-81.1069	-0.5712	-89.3321	-81.3680	-0.5730	-89.5932	-73.4314	-0.5171	-80.9771	-65.2823	-0.4597	-72.3752	-69.6490	-0.4905	-76.7419		FET +4.2;ALAB +4.0	ALAB +4.0;BHVN +3.1
reentry	ep_close_reclaim	adr_150	x3|none	A_disc	135	130	5	18.2708	18.2708	16.1614	13.5897	14.0833	-4.2001	-4.2001	-3.4501	-3.0659	-3.4369	-74.9394	-0.5551	-83.1646	-75.2176	-0.5572	-83.4428	-66.6389	-0.4936	-74.1846	-58.5545	-0.4337	-65.6474	-64.5766	-0.4783	-71.6695		FET +4.2;ALAB +4.0	ALAB +4.0;BHVN +3.1
reentry	ep_close_reclaim	adr_150	x3|none	B	9	9	1	3.6481	3.1956	2.7361	1.5978	1.5978	-1.0000	-1.0000	-0.9848	-0.7500	-0.7899	1.0063	0.1118	-3.8701	0.6134	0.0682	-3.8104	-0.5696	-0.0633	-3.9198	-0.4550	-0.0506	-2.6669	0.4352	0.0484	-2.2179		QCOM +3.6;SEI +1.2	QCOM +1.6;SEI +0.6
reentry	ep_close_reclaim	adr_150	x4|none	A	142	135	5	18.2708	18.2708	16.1614	13.5897	14.0833	-6.0743	-6.0743	-5.3243	-4.5205	-4.8915	-84.9811	-0.5985	-93.2063	-85.1243	-0.5995	-93.3495	-76.8056	-0.5409	-84.3513	-68.1528	-0.4799	-75.2457	-72.5195	-0.5107	-79.6124		FET +4.2;ALAB +4.0	ALAB +4.0;BHVN +3.1
reentry	ep_close_reclaim	adr_150	x4|none	A_disc	135	130	5	18.2708	18.2708	16.1614	13.5897	14.0833	-6.0743	-6.0743	-5.3243	-4.5205	-4.8915	-78.8136	-0.5838	-87.0388	-78.9739	-0.5850	-87.1991	-70.0131	-0.5186	-77.5588	-61.4250	-0.4550	-68.5179	-67.4471	-0.4996	-74.5400		FET +4.2;ALAB +4.0	ALAB +4.0;BHVN +3.1
reentry	ep_close_reclaim	adr_150	x4|none	B	9	9	1	3.6481	3.1956	2.7361	1.5978	1.5978	-1.0000	-1.0000	-0.9848	-0.7500	-0.7899	1.0063	0.1118	-3.8701	0.6134	0.0682	-3.8104	-0.5696	-0.0633	-3.9198	-0.4550	-0.0506	-2.6669	0.4352	0.0484	-2.2179		QCOM +3.6;SEI +1.2	QCOM +1.6;SEI +0.6
reentry	ep_high_break	incumbent	x1|trail	A	48	47	1	3.3941	3.3941	3.3941	3.3717	3.3717	-1.0149	-1.0149	-1.0149	-1.0000	-1.0000	-7.5189	-0.1566	-13.4161	-7.4584	-0.1554	-13.3556	-6.7661	-0.1410	-12.6633	-4.2280	-0.0881	-10.1027	-5.2247	-0.1088	-11.0994		VPG +3.4;ARM +2.5	VPG +3.4;ARM +2.5
reentry	ep_high_break	incumbent	x1|trail	A_disc	46	45	1	3.3941	3.3941	3.3941	3.3717	3.3717	-1.0149	-1.0149	-1.0149	-1.0000	-1.0000	-7.5801	-0.1648	-13.4773	-7.5196	-0.1635	-13.4168	-6.8273	-0.1484	-12.7245	-4.2892	-0.0932	-10.1639	-5.2859	-0.1149	-11.1606		VPG +3.4;ARM +2.5	VPG +3.4;ARM +2.5
reentry	ep_high_break	incumbent	x1|trail	B	2	2	0	0	0	0	0	0	0.0827	0.0827	0.0620	0.0620	0.0629	0.2148	0.1074	0.0000	0.2117	0.1059	0.0000	0.1611	0.0805	0.0000	0.1265	0.0633	0.0000	0.1274	0.0637	0.0000		AGX +0.1;SEI +0.1	AGX +0.1;SEI +0.1
reentry	ep_high_break	incumbent	x2|trail	A	48	47	1	3.3941	3.3941	3.3941	3.3717	3.3717	-2.2844	-2.2844	-1.9670	-1.7500	-2.0000	-9.1353	-0.1903	-15.0325	-9.0748	-0.1891	-14.9720	-7.8239	-0.1630	-13.7211	-5.0319	-0.1048	-10.9067	-6.2699	-0.1306	-12.1446		VPG +3.4;ARM +2.5	VPG +3.4;ARM +2.5
reentry	ep_high_break	incumbent	x2|trail	A_disc	46	45	1	3.3941	3.3941	3.3941	3.3717	3.3717	-2.2844	-2.2844	-1.9670	-1.7500	-2.0000	-9.1965	-0.1999	-15.0937	-9.1360	-0.1986	-15.0332	-7.8851	-0.1714	-13.7823	-5.0931	-0.1107	-10.9679	-6.3311	-0.1376	-12.2058		VPG +3.4;ARM +2.5	VPG +3.4;ARM +2.5
reentry	ep_high_break	incumbent	x2|trail	B	2	2	0	0	0	0	0	0	0.0827	0.0827	0.0620	0.0620	0.0629	0.2148	0.1074	0.0000	0.2117	0.1059	0.0000	0.1611	0.0805	0.0000	0.1265	0.0633	0.0000	0.1274	0.0637	0.0000		AGX +0.1;SEI +0.1	AGX +0.1;SEI +0.1
reentry	ep_high_break	incumbent	x3|trail	A	48	47	1	3.3941	3.3941	3.3941	3.3717	3.3717	-2.8008	-2.8008	-2.4834	-1.8906	-2.0000	-9.6517	-0.2011	-15.5489	-9.5912	-0.1998	-15.4884	-8.3403	-0.1738	-14.2375	-5.4910	-0.1144	-11.3658	-6.7289	-0.1402	-12.6037		VPG +3.4;ARM +2.5	VPG +3.4;ARM +2.5
reentry	ep_high_break	incumbent	x3|trail	A_disc	46	45	1	3.3941	3.3941	3.3941	3.3717	3.3717	-2.8008	-2.8008	-2.4834	-1.8906	-2.0000	-9.7129	-0.2111	-15.6101	-9.6524	-0.2098	-15.5496	-8.4015	-0.1826	-14.2987	-5.5522	-0.1207	-11.4270	-6.7901	-0.1476	-12.6649		VPG +3.4;ARM +2.5	VPG +3.4;ARM +2.5
reentry	ep_high_break	incumbent	x3|trail	B	2	2	0	0	0	0	0	0	0.0827	0.0827	0.0620	0.0620	0.0629	0.2148	0.1074	0.0000	0.2117	0.1059	0.0000	0.1611	0.0805	0.0000	0.1265	0.0633	0.0000	0.1274	0.0637	0.0000		AGX +0.1;SEI +0.1	AGX +0.1;SEI +0.1
reentry	ep_high_break	incumbent	x4|trail	A	48	47	1	3.3941	3.3941	3.3941	3.3717	3.3717	-2.8008	-2.8008	-2.4834	-1.8906	-2.0000	-9.6517	-0.2011	-15.5489	-9.5912	-0.1998	-15.4884	-8.3403	-0.1738	-14.2375	-5.4910	-0.1144	-11.3658	-6.7289	-0.1402	-12.6037		VPG +3.4;ARM +2.5	VPG +3.4;ARM +2.5
reentry	ep_high_break	incumbent	x4|trail	A_disc	46	45	1	3.3941	3.3941	3.3941	3.3717	3.3717	-2.8008	-2.8008	-2.4834	-1.8906	-2.0000	-9.7129	-0.2111	-15.6101	-9.6524	-0.2098	-15.5496	-8.4015	-0.1826	-14.2987	-5.5522	-0.1207	-11.4270	-6.7901	-0.1476	-12.6649		VPG +3.4;ARM +2.5	VPG +3.4;ARM +2.5
reentry	ep_high_break	incumbent	x4|trail	B	2	2	0	0	0	0	0	0	0.0827	0.0827	0.0620	0.0620	0.0629	0.2148	0.1074	0.0000	0.2117	0.1059	0.0000	0.1611	0.0805	0.0000	0.1265	0.0633	0.0000	0.1274	0.0637	0.0000		AGX +0.1;SEI +0.1	AGX +0.1;SEI +0.1
reentry	ep_high_break	incumbent	x1|none	A	48	47	2	10.6105	10.6105	10.6105	10.5697	10.5697	-1.0671	-1.0671	-1.0149	-1.0105	-1.0671	-18.2782	-0.3808	-28.8887	-18.0948	-0.3770	-28.7053	-13.9753	-0.2912	-24.5858	-11.1216	-0.2317	-21.6914	-13.9604	-0.2908	-24.5301		VPG +6.2;ARM +4.4	VPG +6.1;ARM +4.4
reentry	ep_high_break	incumbent	x1|none	A_disc	46	45	2	10.6105	10.6105	10.6105	10.5697	10.5697	-1.0671	-1.0671	-1.0149	-1.0105	-1.0671	-20.2940	-0.4412	-30.9045	-20.1106	-0.4372	-30.7211	-15.9911	-0.3476	-26.6016	-13.1374	-0.2856	-23.7072	-15.9762	-0.3473	-26.5459		VPG +6.2;ARM +4.4	VPG +6.1;ARM +4.4
reentry	ep_high_break	incumbent	x1|none	B	2	2	0	0	0	0	0	0	-1.0000	-0.9765	-0.7500	-0.4883	-0.4883	0.1512	0.0756	0.0000	0.1747	0.0873	0.0000	0.1134	0.0567	0.0000	0.3751	0.1876	0.0000	0.3867	0.1933	0.0000		SEI +1.2;AGX -1.0	SEI +0.9;AGX -0.5
reentry	ep_high_break	incumbent	x2|none	A	48	47	2	10.6105	10.6105	10.6105	10.5697	10.5697	-2.2844	-2.2844	-2.0000	-2.0000	-2.0000	-27.2280	-0.5672	-37.8385	-27.0446	-0.5634	-37.6551	-21.3894	-0.4456	-31.9999	-17.7587	-0.3700	-28.3285	-21.2353	-0.4424	-31.8051		VPG +6.2;ARM +4.4	VPG +6.1;ARM +4.4
reentry	ep_high_break	incumbent	x2|none	A_disc	46	45	2	10.6105	10.6105	10.6105	10.5697	10.5697	-2.2844	-2.2844	-2.0000	-2.0000	-2.0000	-29.2438	-0.6357	-39.8543	-29.0604	-0.6317	-39.6709	-23.4052	-0.5088	-34.0157	-19.7745	-0.4299	-30.3443	-23.2511	-0.5055	-33.8209		VPG +6.2;ARM +4.4	VPG +6.1;ARM +4.4
reentry	ep_high_break	incumbent	x2|none	B	2	2	0	0	0	0	0	0	-1.0000	-0.9765	-0.7500	-0.4883	-0.4883	0.1512	0.0756	0.0000	0.1747	0.0873	0.0000	0.1134	0.0567	0.0000	0.3751	0.1876	0.0000	0.3867	0.1933	0.0000		SEI +1.2;AGX -1.0	SEI +0.9;AGX -0.5
reentry	ep_high_break	incumbent	x3|none	A	48	47	2	10.6105	10.6105	10.6105	10.5697	10.5697	-3.2844	-3.2844	-2.9670	-2.5735	-3.0000	-28.5851	-0.5955	-39.1956	-28.4017	-0.5917	-39.0122	-22.8179	-0.4754	-33.4284	-19.0763	-0.3974	-29.6460	-22.8993	-0.4771	-33.4691		VPG +6.2;ARM +4.4	VPG +6.1;ARM +4.4
reentry	ep_high_break	incumbent	x3|none	A_disc	46	45	2	10.6105	10.6105	10.6105	10.5697	10.5697	-3.2844	-3.2844	-2.9670	-2.5735	-3.0000	-30.6009	-0.6652	-41.2114	-30.4175	-0.6613	-41.0280	-24.8337	-0.5399	-35.4442	-21.0921	-0.4585	-31.6618	-24.9151	-0.5416	-35.4849		VPG +6.2;ARM +4.4	VPG +6.1;ARM +4.4
reentry	ep_high_break	incumbent	x3|none	B	2	2	0	0	0	0	0	0	-1.0000	-0.9765	-0.7500	-0.4883	-0.4883	0.1512	0.0756	0.0000	0.1747	0.0873	0.0000	0.1134	0.0567	0.0000	0.3751	0.1876	0.0000	0.3867	0.1933	0.0000		SEI +1.2;AGX -1.0	SEI +0.9;AGX -0.5
reentry	ep_high_break	incumbent	x4|none	A	48	47	2	10.6105	10.6105	10.6105	10.5697	10.5697	-4.3202	-4.3202	-4.0028	-3.5735	-3.9637	-27.3061	-0.5689	-37.9166	-27.1227	-0.5651	-37.7332	-23.6963	-0.4937	-34.3068	-19.9184	-0.4150	-30.4881	-21.8795	-0.4558	-32.4492		VPG +6.2;ARM +4.4	VPG +6.1;ARM +4.4
reentry	ep_high_break	incumbent	x4|none	A_disc	46	45	2	10.6105	10.6105	10.6105	10.5697	10.5697	-4.3202	-4.3202	-4.0028	-3.5735	-3.9637	-29.3219	-0.6374	-39.9324	-29.1385	-0.6334	-39.7490	-25.7121	-0.5590	-36.3226	-21.9342	-0.4768	-32.5039	-23.8953	-0.5195	-34.4650		VPG +6.2;ARM +4.4	VPG +6.1;ARM +4.4
reentry	ep_high_break	incumbent	x4|none	B	2	2	0	0	0	0	0	0	-1.0000	-0.9765	-0.7500	-0.4883	-0.4883	0.1512	0.0756	0.0000	0.1747	0.0873	0.0000	0.1134	0.0567	0.0000	0.3751	0.1876	0.0000	0.3867	0.1933	0.0000		SEI +1.2;AGX -1.0	SEI +0.9;AGX -0.5
reentry	ep_high_break	adr_075	x1|trail	A	48	47	4	24.2197	18.4292	18.4290	9.2653	9.2653	-3.3480	-2.6599	-2.6599	-2.3346	-2.3346	-6.3831	-0.1330	-21.7935	-5.6828	-0.1184	-18.7610	-3.7562	-0.0783	-16.8344	-4.6095	-0.0960	-11.1993	-5.1339	-0.1070	-11.7237		VPG +9.1;ARM +6.3	VPG +3.4;ARM +3.2
reentry	ep_high_break	adr_075	x1|trail	A_disc	46	45	4	24.2197	18.4292	18.4290	9.2653	9.2653	-3.3480	-2.6599	-2.6599	-2.3346	-2.3346	-6.3884	-0.1389	-21.7988	-5.6608	-0.1231	-18.7390	-3.7342	-0.0812	-16.8124	-4.5985	-0.1000	-11.1883	-5.1229	-0.1114	-11.7126		VPG +9.1;ARM +6.3	VPG +3.4;ARM +3.2
reentry	ep_high_break	adr_075	x1|trail	B	2	2	0	0	0	0	0	0	-1.0000	-0.8452	-0.7500	-0.4226	-0.4226	-2.0000	-1.0000	0.0000	-1.5966	-0.7983	0.0000	-1.5000	-0.7500	0.0000	-0.7983	-0.3992	0.0000	-0.7983	-0.3992	0.0000		AGX -1.0;SEI -1.0	AGX -0.4;SEI -0.4
reentry	ep_high_break	adr_075	x2|trail	A	48	47	4	24.2197	18.4292	18.4290	9.2653	9.2653	-3.3480	-2.6599	-2.6599	-2.3346	-2.3346	-11.0995	-0.2312	-26.5099	-9.3160	-0.1941	-22.3943	-5.8885	-0.1227	-18.9668	-6.8163	-0.1420	-13.4061	-7.7781	-0.1620	-14.3679		VPG +9.1;ARM +6.3	VPG +3.4;ARM +3.2
reentry	ep_high_break	adr_075	x2|trail	A_disc	46	45	4	24.2197	18.4292	18.4290	9.2653	9.2653	-3.3480	-2.6599	-2.6599	-2.3346	-2.3346	-11.1048	-0.2414	-26.5152	-9.2940	-0.2020	-22.3722	-5.8665	-0.1275	-18.9447	-6.8053	-0.1479	-13.3951	-7.7671	-0.1689	-14.3569		VPG +9.1;ARM +6.3	VPG +3.4;ARM +3.2
reentry	ep_high_break	adr_075	x2|trail	B	2	2	0	0	0	0	0	0	-2.0000	-1.6904	-1.5000	-0.7515	-0.8452	-4.0000	-2.0000	0.0000	-3.1933	-1.5966	0.0000	-2.5000	-1.2500	0.0000	-1.4240	-0.7120	0.0000	-1.5966	-0.7983	0.0000		AGX -2.0;SEI -2.0	SEI -0.7;AGX -0.8
reentry	ep_high_break	adr_075	x3|trail	A	48	47	4	24.2197	18.4292	18.4290	9.2653	9.2653	-3.3480	-3.0000	-3.0000	-2.3346	-2.3346	-16.7413	-0.3488	-32.1517	-13.6155	-0.2837	-26.6938	-10.1488	-0.2114	-23.2270	-9.1213	-0.1900	-15.7110	-10.0831	-0.2101	-16.6729		VPG +9.1;ARM +6.3	VPG +3.4;ARM +3.2
reentry	ep_high_break	adr_075	x3|trail	A_disc	46	45	4	24.2197	18.4292	18.4290	9.2653	9.2653	-3.3480	-3.0000	-3.0000	-2.3346	-2.3346	-16.7466	-0.3641	-32.1570	-13.5935	-0.2955	-26.6717	-10.1268	-0.2201	-23.2050	-9.1103	-0.1980	-15.7000	-10.0721	-0.2190	-16.6619		VPG +9.1;ARM +6.3	VPG +3.4;ARM +3.2
reentry	ep_high_break	adr_075	x3|trail	B	2	2	0	0	0	0	0	0	-2.0000	-1.5647	-1.5000	-0.7515	-0.7823	-3.8513	-1.9257	0.0000	-3.0676	-1.5338	0.0000	-2.4628	-1.2314	0.0000	-1.3869	-0.6934	0.0000	-1.5338	-0.7669	0.0000		SEI -1.9;AGX -2.0	SEI -0.6;AGX -0.8
reentry	ep_high_break	adr_075	x4|trail	A	48	47	4	24.2197	18.4292	18.4290	9.2653	9.2653	-5.3020	-4.3052	-4.1217	-2.5636	-2.5636	-20.0813	-0.4184	-35.4917	-16.4136	-0.3420	-29.4918	-12.8254	-0.2672	-25.9036	-10.6612	-0.2221	-17.2510	-11.6231	-0.2421	-18.2128		VPG +9.1;ARM +6.3	VPG +3.4;ARM +3.2
reentry	ep_high_break	adr_075	x4|trail	A_disc	46	45	4	24.2197	18.4292	18.4290	9.2653	9.2653	-5.3020	-4.3052	-4.1217	-2.5636	-2.5636	-20.0866	-0.4367	-35.4970	-16.3916	-0.3563	-29.4698	-12.8034	-0.2783	-25.8816	-10.6502	-0.2315	-17.2400	-11.6121	-0.2524	-18.2018		VPG +9.1;ARM +6.3	VPG +3.4;ARM +3.2
reentry	ep_high_break	adr_075	x4|trail	B	2	2	0	0	0	0	0	0	-2.0000	-1.5647	-1.5000	-0.7515	-0.7823	-3.8513	-1.9257	0.0000	-3.0676	-1.5338	0.0000	-2.4628	-1.2314	0.0000	-1.3869	-0.6934	0.0000	-1.5338	-0.7669	0.0000		SEI -1.9;AGX -2.0	SEI -0.6;AGX -0.8
reentry	ep_high_break	adr_075	x1|none	A	48	47	4	39.1685	31.0072	31.0069	15.5935	15.5935	-3.3480	-2.6599	-2.6599	-2.3346	-2.3346	-8.0306	-0.1673	-35.7662	-8.1535	-0.1699	-31.6530	-5.1619	-0.1075	-28.6614	-6.7485	-0.1406	-18.5882	-7.4151	-0.1545	-19.2547		VPG +16.5;ARM +11.3	VPG +6.1;ARM +5.7
reentry	ep_high_break	adr_075	x1|none	A_disc	46	45	4	39.1685	31.0072	31.0069	15.5935	15.5935	-3.3480	-2.6599	-2.6599	-2.3346	-2.3346	-6.0306	-0.1311	-33.7662	-6.2731	-0.1364	-29.7725	-3.2815	-0.0713	-26.7809	-5.8083	-0.1263	-17.6480	-6.4749	-0.1408	-18.3145		VPG +16.5;ARM +11.3	VPG +6.1;ARM +5.7
reentry	ep_high_break	adr_075	x1|none	B	2	2	0	0	0	0	0	0	-1.0000	-0.8452	-0.7500	-0.4226	-0.4226	-2.0000	-1.0000	0.0000	-1.5966	-0.7983	0.0000	-1.5000	-0.7500	0.0000	-0.7983	-0.3992	0.0000	-0.7983	-0.3992	0.0000		AGX -1.0;SEI -1.0	AGX -0.4;SEI -0.4
reentry	ep_high_break	adr_075	x2|none	A	48	47	5	44.3423	35.5704	35.5701	17.8752	17.8752	-3.3480	-2.6599	-2.6599	-2.3346	-2.3346	-24.5995	-0.5125	-52.3351	-21.6332	-0.4507	-45.1327	-15.0243	-0.3130	-38.5238	-14.8938	-0.3103	-26.7335	-16.1532	-0.3365	-27.9929		VPG +16.5;ARM +11.3	VPG +6.1;ARM +5.7
reentry	ep_high_break	adr_075	x2|none	A_disc	46	45	5	44.3423	35.5704	35.5701	17.8752	17.8752	-3.3480	-2.6599	-2.6599	-2.3346	-2.3346	-20.4355	-0.4443	-48.1711	-17.7123	-0.3850	-41.2117	-12.0619	-0.2622	-35.5613	-12.9334	-0.2812	-24.7730	-14.1927	-0.3085	-26.0324		VPG +16.5;ARM +11.3	VPG +6.1;ARM +5.7
reentry	ep_high_break	adr_075	x2|none	B	2	2	0	0	0	0	0	0	-2.0000	-1.6904	-1.5000	-0.7515	-0.8452	-4.0000	-2.0000	0.0000	-3.1933	-1.5966	0.0000	-2.5000	-1.2500	0.0000	-1.4240	-0.7120	0.0000	-1.5966	-0.7983	0.0000		AGX -2.0;SEI -2.0	SEI -0.7;AGX -0.8
reentry	ep_high_break	adr_075	x3|none	A	48	47	7	58.8199	47.4596	42.4076	22.1578	23.8197	-3.8056	-3.8056	-3.0000	-2.3346	-2.4062	-22.4497	-0.4677	-50.1853	-19.6474	-0.4093	-43.1468	-16.9758	-0.3537	-40.4752	-15.9503	-0.3323	-27.7900	-15.8993	-0.3312	-27.7389		VPG +16.5;ARM +11.3	VPG +6.1;ARM +5.7
reentry	ep_high_break	adr_075	x3|none	A_disc	46	45	6	52.6047	41.8373	41.7584	21.0086	21.0086	-3.8056	-3.8056	-3.0000	-2.3346	-2.4062	-26.5009	-0.5761	-54.2365	-23.1579	-0.5034	-46.6573	-16.0672	-0.3493	-39.5666	-16.0437	-0.3488	-27.8833	-17.6545	-0.3838	-29.4942		VPG +16.5;ARM +11.3	VPG +6.1;ARM +5.7
reentry	ep_high_break	adr_075	x3|none	B	2	2	0	0	0	0	0	0	-2.0000	-1.5029	-1.5000	-0.7515	-0.7515	-1.9295	-0.9647	0.0000	-1.4433	-0.7217	0.0000	-1.9824	-0.9912	0.0000	-0.9064	-0.4532	0.0000	-0.7217	-0.3608	0.0000		SEI +0.1;AGX -2.0	SEI -0.2;AGX -0.8
reentry	ep_high_break	adr_075	x4|none	A	48	47	7	58.8199	47.4596	42.4076	22.1578	23.8197	-5.3020	-4.3052	-4.1217	-2.5636	-3.1728	-24.7769	-0.5162	-52.5125	-22.0081	-0.4585	-45.5076	-20.1274	-0.4193	-43.6268	-17.3926	-0.3623	-29.2323	-17.4888	-0.3643	-29.3284		VPG +16.5;ARM +11.3	VPG +6.1;ARM +5.7
reentry	ep_high_break	adr_075	x4|none	A_disc	46	45	6	52.6047	41.8373	41.7584	21.0086	21.0086	-5.3020	-4.3052	-4.1217	-2.5636	-3.1728	-28.8281	-0.6267	-56.5637	-25.5186	-0.5548	-49.0181	-19.2188	-0.4178	-42.7182	-17.4860	-0.3801	-29.3257	-19.2440	-0.4183	-31.0837		VPG +16.5;ARM +11.3	VPG +6.1;ARM +5.7
reentry	ep_high_break	adr_075	x4|none	B	2	2	0	0	0	0	0	0	-2.0000	-1.5029	-1.5000	-0.7515	-0.7515	-1.9295	-0.9647	0.0000	-1.4433	-0.7217	0.0000	-1.9824	-0.9912	0.0000	-0.9064	-0.4532	0.0000	-0.7217	-0.3608	0.0000		SEI +0.1;AGX -2.0	SEI -0.2;AGX -0.8
reentry	ep_high_break	adr_100	x1|trail	A	48	47	3	15.4196	14.0693	13.4254	7.8772	7.8772	-2.5110	-2.0293	-2.0293	-1.9949	-1.9949	-7.2545	-0.1511	-18.8123	-6.0047	-0.1251	-17.4992	-3.8593	-0.0804	-15.3538	-5.0393	-0.1050	-11.6291	-6.2266	-0.1297	-12.8164		VPG +6.8;ARM +4.8	VPG +3.4;ARM +3.2
reentry	ep_high_break	adr_100	x1|trail	A_disc	46	45	3	15.4196	14.0693	13.4254	7.8772	7.8772	-2.5110	-2.0293	-2.0293	-1.9949	-1.9949	-7.2585	-0.1578	-18.8163	-6.0087	-0.1306	-17.5032	-3.8633	-0.0840	-15.3578	-5.0283	-0.1093	-11.6181	-6.2156	-0.1351	-12.8054		VPG +6.8;ARM +4.8	VPG +3.4;ARM +3.2
reentry	ep_high_break	adr_100	x1|trail	B	2	2	0	0	0	0	0	0	-1.0000	-1.0000	-0.7500	-0.5635	-0.5635	-0.8712	-0.4356	0.0000	-0.8712	-0.4356	0.0000	-0.6534	-0.3267	0.0000	-0.4989	-0.2495	0.0000	-0.4989	-0.2495	0.0000		AGX +0.1;SEI -1.0	AGX +0.1;SEI -0.6
reentry	ep_high_break	adr_100	x2|trail	A	48	47	3	15.4196	14.0693	13.4254	7.8772	7.8772	-2.6444	-2.6444	-2.2769	-1.9949	-2.0000	-10.7648	-0.2243	-22.3226	-9.4806	-0.1975	-20.9751	-6.0332	-0.1257	-17.5277	-7.3714	-0.1536	-13.9611	-9.3205	-0.1942	-15.9103		VPG +6.8;ARM +4.8	VPG +3.4;ARM +3.2
reentry	ep_high_break	adr_100	x2|trail	A_disc	46	45	3	15.4196	14.0693	13.4254	7.8772	7.8772	-2.6444	-2.6444	-2.2769	-1.9949	-2.0000	-10.7688	-0.2341	-22.3266	-9.4846	-0.2062	-20.9791	-6.0372	-0.1312	-17.5317	-7.3604	-0.1600	-13.9501	-9.3095	-0.2024	-15.8993		VPG +6.8;ARM +4.8	VPG +3.4;ARM +3.2
reentry	ep_high_break	adr_100	x2|trail	B	2	2	0	0	0	0	0	0	-0.8885	-0.8885	-0.7221	-0.5356	-0.5006	-0.7597	-0.3798	0.0000	-0.7597	-0.3798	0.0000	-0.6255	-0.3128	0.0000	-0.4711	-0.2355	0.0000	-0.4361	-0.2181	0.0000		AGX +0.1;SEI -0.9	AGX +0.1;SEI -0.5
reentry	ep_high_break	adr_100	x3|trail	A	48	47	3	15.4196	14.0693	13.4254	7.8772	7.8772	-3.6444	-3.6444	-3.2769	-2.5636	-2.5636	-15.3937	-0.3207	-26.9515	-13.8516	-0.2886	-25.3461	-10.1542	-0.2115	-21.6487	-10.0869	-0.2101	-16.6767	-12.0361	-0.2508	-18.6259		VPG +6.8;ARM +4.8	VPG +3.4;ARM +3.2
reentry	ep_high_break	adr_100	x3|trail	A_disc	46	45	3	15.4196	14.0693	13.4254	7.8772	7.8772	-3.6444	-3.6444	-3.2769	-2.5636	-2.5636	-15.3977	-0.3347	-26.9555	-13.8556	-0.3012	-25.3501	-10.1582	-0.2208	-21.6527	-10.0760	-0.2190	-16.6657	-12.0251	-0.2614	-18.6149		VPG +6.8;ARM +4.8	VPG +3.4;ARM +3.2
reentry	ep_high_break	adr_100	x3|trail	B	2	2	0	0	0	0	0	0	-0.8885	-0.8885	-0.7221	-0.5356	-0.5006	-0.7597	-0.3798	0.0000	-0.7597	-0.3798	0.0000	-0.6255	-0.3128	0.0000	-0.4711	-0.2355	0.0000	-0.4361	-0.2181	0.0000		AGX +0.1;SEI -0.9	AGX +0.1;SEI -0.5
reentry	ep_high_break	adr_100	x4|trail	A	48	47	3	15.4196	14.0693	13.4254	7.8772	7.8772	-4.6444	-4.6444	-4.2769	-2.5636	-2.5636	-16.3937	-0.3415	-27.9515	-14.8516	-0.3094	-26.3461	-11.1542	-0.2324	-22.6487	-10.6283	-0.2214	-17.2180	-12.5774	-0.2620	-19.1672		VPG +6.8;ARM +4.8	VPG +3.4;ARM +3.2
reentry	ep_high_break	adr_100	x4|trail	A_disc	46	45	3	15.4196	14.0693	13.4254	7.8772	7.8772	-4.6444	-4.6444	-4.2769	-2.5636	-2.5636	-16.3977	-0.3565	-27.9555	-14.8556	-0.3229	-26.3501	-11.1582	-0.2426	-22.6527	-10.6173	-0.2308	-17.2070	-12.5664	-0.2732	-19.1562		VPG +6.8;ARM +4.8	VPG +3.4;ARM +3.2
reentry	ep_high_break	adr_100	x4|trail	B	2	2	0	0	0	0	0	0	-0.8885	-0.8885	-0.7221	-0.5356	-0.5006	-0.7597	-0.3798	0.0000	-0.7597	-0.3798	0.0000	-0.6255	-0.3128	0.0000	-0.4711	-0.2355	0.0000	-0.4361	-0.2181	0.0000		AGX +0.1;SEI -0.9	AGX +0.1;SEI -0.5
reentry	ep_high_break	adr_100	x1|none	A	48	47	5	33.6670	32.2650	31.6211	18.1164	18.1164	-2.5110	-2.0293	-2.0293	-1.9949	-1.9949	-9.2899	-0.1935	-30.0916	-8.2217	-0.1713	-28.9084	-4.8263	-0.1005	-25.5130	-7.9028	-0.1646	-19.7425	-9.5079	-0.1981	-21.3476		VPG +12.4;ARM +8.4	VPG +6.1;ARM +5.7
reentry	ep_high_break	adr_100	x1|none	A_disc	46	45	5	33.6670	32.2650	31.6211	18.1164	18.1164	-2.5110	-2.0293	-2.0293	-1.9949	-1.9949	-7.2899	-0.1585	-28.0916	-6.2217	-0.1353	-26.9084	-2.8263	-0.0614	-23.5130	-6.6492	-0.1445	-18.4888	-8.2543	-0.1794	-20.0940		VPG +12.4;ARM +8.4	VPG +6.1;ARM +5.7
reentry	ep_high_break	adr_100	x1|none	B	2	2	0	0	0	0	0	0	-1.0000	-1.0000	-0.7500	-0.5635	-0.5635	-2.0000	-1.0000	0.0000	-2.0000	-1.0000	0.0000	-1.5000	-0.7500	0.0000	-1.0644	-0.5322	0.0000	-1.0644	-0.5322	0.0000		AGX -1.0;SEI -1.0	AGX -0.5;SEI -0.6
reentry	ep_high_break	adr_100	x2|none	A	48	47	5	33.6670	32.2650	31.6211	18.1164	18.1164	-2.6444	-2.6444	-2.2769	-1.9949	-2.0000	-29.9377	-0.6237	-50.7394	-27.7854	-0.5789	-48.4721	-20.4753	-0.4266	-41.1620	-19.8202	-0.4129	-31.6599	-23.5159	-0.4899	-35.3556		VPG +12.4;ARM +8.4	VPG +6.1;ARM +5.7
reentry	ep_high_break	adr_100	x2|none	A_disc	46	45	5	33.6670	32.2650	31.6211	18.1164	18.1164	-2.6444	-2.6444	-2.2769	-1.9949	-2.0000	-25.9377	-0.5639	-46.7394	-23.7854	-0.5171	-44.4721	-17.4753	-0.3799	-38.1620	-17.5666	-0.3819	-29.4063	-21.0087	-0.4567	-32.8484		VPG +12.4;ARM +8.4	VPG +6.1;ARM +5.7
reentry	ep_high_break	adr_100	x2|none	B	2	2	0	0	0	0	0	0	-1.0000	-1.0000	-0.7500	-0.5010	-0.5010	-0.4471	-0.2236	0.0000	-0.4471	-0.2236	0.0000	-1.1118	-0.5559	0.0000	-0.6762	-0.3381	0.0000	-0.1894	-0.0947	0.0000		SEI +0.6;AGX -1.0	SEI -0.2;AGX -0.5
reentry	ep_high_break	adr_100	x3|none	A	48	47	7	43.5252	42.1232	35.6841	21.4343	23.5066	-3.6444	-3.6444	-3.2769	-2.5636	-3.0000	-20.7994	-0.4333	-41.6011	-18.3799	-0.3829	-39.0666	-18.5944	-0.3874	-39.2812	-17.8740	-0.3724	-29.7137	-19.7625	-0.4117	-31.6022		VPG +12.4;ARM +8.4	VPG +6.1;ARM +5.7
reentry	ep_high_break	adr_100	x3|none	A_disc	46	45	6	39.3638	37.9618	35.6437	20.9970	20.9970	-3.6444	-3.6444	-3.2769	-2.5636	-3.0000	-22.9608	-0.4991	-43.7625	-20.5413	-0.4465	-41.2280	-17.1348	-0.3725	-37.8215	-17.1607	-0.3731	-29.0004	-20.9710	-0.4559	-32.8106		VPG +12.4;ARM +8.4	VPG +6.1;ARM +5.7
reentry	ep_high_break	adr_100	x3|none	B	2	2	0	0	0	0	0	0	-1.0000	-1.0000	-0.7500	-0.5010	-0.5010	-0.4471	-0.2236	0.0000	-0.4471	-0.2236	0.0000	-1.1118	-0.5559	0.0000	-0.6762	-0.3381	0.0000	-0.1894	-0.0947	0.0000		SEI +0.6;AGX -1.0	SEI -0.2;AGX -0.5
reentry	ep_high_break	adr_100	x4|none	A	48	47	7	43.5252	42.1232	35.6841	21.4343	23.5066	-4.6444	-4.6444	-4.2769	-3.2500	-4.0000	-22.3066	-0.4647	-43.1083	-20.2188	-0.4212	-40.9055	-20.4435	-0.4259	-41.1302	-19.8404	-0.4133	-31.6801	-21.4750	-0.4474	-33.3147		VPG +12.4;ARM +8.4	VPG +6.1;ARM +5.7
reentry	ep_high_break	adr_100	x4|none	A_disc	46	45	6	39.3638	37.9618	35.6437	20.9970	20.9970	-4.6444	-4.6444	-4.2769	-3.2500	-4.0000	-24.4680	-0.5319	-45.2697	-22.3802	-0.4865	-43.0669	-18.9838	-0.4127	-39.6706	-19.1272	-0.4158	-30.9668	-22.6835	-0.4931	-34.5232		VPG +12.4;ARM +8.4	VPG +6.1;ARM +5.7
reentry	ep_high_break	adr_100	x4|none	B	2	2	0	0	0	0	0	0	-1.0000	-1.0000	-0.7500	-0.5010	-0.5010	-0.4471	-0.2236	0.0000	-0.4471	-0.2236	0.0000	-1.1118	-0.5559	0.0000	-0.6762	-0.3381	0.0000	-0.1894	-0.0947	0.0000		SEI +0.6;AGX -1.0	SEI -0.2;AGX -0.5
reentry	ep_high_break	adr_150	x1|trail	A	48	47	2	7.7051	7.7051	7.7051	6.5390	6.5390	-1.6740	-1.6740	-1.6740	-1.3300	-1.3300	-1.3919	-0.0290	-9.0970	-1.3919	-0.0290	-9.0970	-0.9010	-0.0188	-8.6061	-0.4389	-0.0091	-6.9779	-1.6037	-0.0334	-8.1427		VPG +4.5;ARM +3.2	VPG +3.4;ARM +3.2
reentry	ep_high_break	adr_150	x1|trail	A_disc	46	45	2	7.7051	7.7051	7.7051	6.5390	6.5390	-1.6740	-1.6740	-1.6740	-1.3300	-1.3300	-1.3945	-0.0303	-9.0996	-1.3945	-0.0303	-9.0996	-0.9036	-0.0196	-8.6087	-0.4278	-0.0093	-6.9668	-1.5926	-0.0346	-8.1317		VPG +4.5;ARM +3.2	VPG +3.4;ARM +3.2
reentry	ep_high_break	adr_150	x1|trail	B	2	2	0	0	0	0	0	0	0.0743	0.0743	0.0557	0.0557	0.0628	0.1602	0.0801	0.0000	0.1602	0.0801	0.0000	0.1202	0.0601	0.0000	0.1202	0.0601	0.0000	0.1273	0.0637	0.0000		AGX +0.1;SEI +0.1	AGX +0.1;SEI +0.1
reentry	ep_high_break	adr_150	x2|trail	A	48	47	2	7.7051	7.7051	7.7051	6.5390	6.5390	-2.0000	-2.0000	-1.7500	-1.5620	-1.6240	-4.3376	-0.0904	-12.0427	-4.3376	-0.0904	-12.0427	-3.2993	-0.0687	-11.0044	-2.3217	-0.0484	-8.8607	-3.8459	-0.0801	-10.3849		VPG +4.5;ARM +3.2	VPG +3.4;ARM +3.2
reentry	ep_high_break	adr_150	x2|trail	A_disc	46	45	2	7.7051	7.7051	7.7051	6.5390	6.5390	-2.0000	-2.0000	-1.7500	-1.5620	-1.6240	-4.3402	-0.0944	-12.0453	-4.3402	-0.0944	-12.0453	-3.3019	-0.0718	-11.0070	-2.3106	-0.0502	-8.8496	-3.8348	-0.0834	-10.3738		VPG +4.5;ARM +3.2	VPG +3.4;ARM +3.2
reentry	ep_high_break	adr_150	x2|trail	B	2	2	0	0	0	0	0	0	0.0743	0.0743	0.0557	0.0557	0.0628	0.1602	0.0801	0.0000	0.1602	0.0801	0.0000	0.1202	0.0601	0.0000	0.1202	0.0601	0.0000	0.1273	0.0637	0.0000		AGX +0.1;SEI +0.1	AGX +0.1;SEI +0.1
reentry	ep_high_break	adr_150	x3|trail	A	48	47	2	7.7051	7.7051	7.7051	6.5390	6.5390	-3.0000	-3.0000	-2.7500	-2.3740	-2.4360	-5.3376	-0.1112	-13.0427	-5.3376	-0.1112	-13.0427	-4.2993	-0.0896	-12.0044	-3.1337	-0.0653	-9.6727	-4.6579	-0.0970	-11.1969		VPG +4.5;ARM +3.2	VPG +3.4;ARM +3.2
reentry	ep_high_break	adr_150	x3|trail	A_disc	46	45	2	7.7051	7.7051	7.7051	6.5390	6.5390	-3.0000	-3.0000	-2.7500	-2.3740	-2.4360	-5.3402	-0.1161	-13.0453	-5.3402	-0.1161	-13.0453	-4.3019	-0.0935	-12.0070	-3.1226	-0.0679	-9.6616	-4.6468	-0.1010	-11.1858		VPG +4.5;ARM +3.2	VPG +3.4;ARM +3.2
reentry	ep_high_break	adr_150	x3|trail	B	2	2	0	0	0	0	0	0	0.0743	0.0743	0.0557	0.0557	0.0628	0.1602	0.0801	0.0000	0.1602	0.0801	0.0000	0.1202	0.0601	0.0000	0.1202	0.0601	0.0000	0.1273	0.0637	0.0000		AGX +0.1;SEI +0.1	AGX +0.1;SEI +0.1
reentry	ep_high_break	adr_150	x4|trail	A	48	47	2	7.7051	7.7051	7.7051	6.5390	6.5390	-4.0000	-4.0000	-3.7500	-3.1860	-3.2480	-6.3376	-0.1320	-14.0427	-6.3376	-0.1320	-14.0427	-5.2993	-0.1104	-13.0044	-3.9457	-0.0822	-10.4847	-5.4698	-0.1140	-12.0089		VPG +4.5;ARM +3.2	VPG +3.4;ARM +3.2
reentry	ep_high_break	adr_150	x4|trail	A_disc	46	45	2	7.7051	7.7051	7.7051	6.5390	6.5390	-4.0000	-4.0000	-3.7500	-3.1860	-3.2480	-6.3402	-0.1378	-14.0453	-6.3402	-0.1378	-14.0453	-5.3019	-0.1153	-13.0070	-3.9346	-0.0855	-10.4736	-5.4588	-0.1187	-11.9978		VPG +4.5;ARM +3.2	VPG +3.4;ARM +3.2
reentry	ep_high_break	adr_150	x4|trail	B	2	2	0	0	0	0	0	0	0.0743	0.0743	0.0557	0.0557	0.0628	0.1602	0.0801	0.0000	0.1602	0.0801	0.0000	0.1202	0.0601	0.0000	0.1202	0.0601	0.0000	0.1273	0.0637	0.0000		AGX +0.1;SEI +0.1	AGX +0.1;SEI +0.1
reentry	ep_high_break	adr_150	x1|none	A	48	47	3	17.0097	17.0097	17.0097	14.2162	14.2162	-1.6740	-1.6740	-1.6740	-1.3300	-1.3300	-10.2608	-0.2138	-24.1286	-10.2608	-0.2138	-24.1286	-6.5519	-0.1365	-20.4197	-6.4829	-0.1351	-18.2326	-9.2451	-0.1926	-20.9948		VPG +8.2;ARM +5.6	VPG +6.1;ARM +5.6
reentry	ep_high_break	adr_150	x1|none	A_disc	46	45	3	17.0097	17.0097	17.0097	14.2162	14.2162	-1.6740	-1.6740	-1.6740	-1.3300	-1.3300	-12.0530	-0.2620	-25.9208	-12.0530	-0.2620	-25.9208	-8.3441	-0.1814	-22.2119	-8.0303	-0.1746	-19.7800	-10.7924	-0.2346	-22.5421		VPG +8.2;ARM +5.6	VPG +6.1;ARM +5.6
reentry	ep_high_break	adr_150	x1|none	B	2	2	0	0	0	0	0	0	-1.0000	-1.0000	-0.7500	-0.7500	-0.7515	0.0352	0.0176	0.0000	0.0352	0.0176	0.0000	0.0264	0.0132	0.0000	0.0264	0.0132	0.0000	0.1235	0.0617	0.0000		SEI +1.0;AGX -1.0	SEI +0.8;AGX -0.8
reentry	ep_high_break	adr_150	x2|none	A	48	47	4	20.8118	20.8118	19.6113	17.0592	17.1000	-2.1373	-2.1373	-2.0000	-2.0000	-2.1373	-14.0984	-0.2937	-27.9662	-14.0984	-0.2937	-27.9662	-10.8614	-0.2263	-24.7293	-9.8401	-0.2050	-21.5898	-13.5238	-0.2817	-25.2735		VPG +8.2;ARM +5.6	VPG +6.1;ARM +5.6
reentry	ep_high_break	adr_150	x2|none	A_disc	46	45	4	20.8118	20.8118	19.6113	17.0592	17.1000	-2.1373	-2.1373	-2.0000	-2.0000	-2.1373	-15.8906	-0.3454	-29.7584	-15.8906	-0.3454	-29.7584	-12.6536	-0.2751	-26.5214	-11.3875	-0.2476	-23.1372	-15.0712	-0.3276	-26.8209		VPG +8.2;ARM +5.6	VPG +6.1;ARM +5.6
reentry	ep_high_break	adr_150	x2|none	B	2	2	0	0	0	0	0	0	-1.0000	-1.0000	-0.7500	-0.7500	-0.7515	0.0352	0.0176	0.0000	0.0352	0.0176	0.0000	0.0264	0.0132	0.0000	0.0264	0.0132	0.0000	0.1235	0.0617	0.0000		SEI +1.0;AGX -1.0	SEI +0.8;AGX -0.8
reentry	ep_high_break	adr_150	x3|none	A	48	47	4	20.8118	20.8118	19.6113	17.0592	17.1000	-3.0000	-3.0000	-3.0000	-3.0000	-3.0000	-14.7771	-0.3079	-28.6449	-14.7771	-0.3079	-28.6449	-12.7008	-0.2646	-26.5686	-11.4914	-0.2394	-23.2412	-14.3403	-0.2988	-26.0900		VPG +8.2;ARM +5.6	VPG +6.1;ARM +5.6
reentry	ep_high_break	adr_150	x3|none	A_disc	46	45	4	20.8118	20.8118	19.6113	17.0592	17.1000	-3.0000	-3.0000	-3.0000	-3.0000	-3.0000	-16.5693	-0.3602	-30.4371	-16.5693	-0.3602	-30.4371	-14.4930	-0.3151	-28.3608	-13.0388	-0.2835	-24.7885	-15.8877	-0.3454	-27.6374		VPG +8.2;ARM +5.6	VPG +6.1;ARM +5.6
reentry	ep_high_break	adr_150	x3|none	B	2	2	0	0	0	0	0	0	-1.0000	-1.0000	-0.7500	-0.7500	-0.7515	0.0352	0.0176	0.0000	0.0352	0.0176	0.0000	0.0264	0.0132	0.0000	0.0264	0.0132	0.0000	0.1235	0.0617	0.0000		SEI +1.0;AGX -1.0	SEI +0.8;AGX -0.8
reentry	ep_high_break	adr_150	x4|none	A	48	47	4	20.8118	20.8118	19.6113	17.0592	17.1000	-4.0000	-4.0000	-3.7500	-3.1860	-3.2480	-12.8919	-0.2686	-26.7597	-12.8919	-0.2686	-26.7597	-12.2582	-0.2554	-26.1260	-10.8608	-0.2263	-22.6105	-12.7887	-0.2664	-24.5384		VPG +8.2;ARM +5.6	VPG +6.1;ARM +5.6
reentry	ep_high_break	adr_150	x4|none	A_disc	46	45	4	20.8118	20.8118	19.6113	17.0592	17.1000	-4.0000	-4.0000	-3.7500	-3.1860	-3.2480	-14.6841	-0.3192	-28.5519	-14.6841	-0.3192	-28.5519	-14.0504	-0.3054	-27.9182	-12.4082	-0.2697	-24.1579	-14.3360	-0.3117	-26.0857		VPG +8.2;ARM +5.6	VPG +6.1;ARM +5.6
reentry	ep_high_break	adr_150	x4|none	B	2	2	0	0	0	0	0	0	-1.0000	-1.0000	-0.7500	-0.7500	-0.7515	0.0352	0.0176	0.0000	0.0352	0.0176	0.0000	0.0264	0.0132	0.0000	0.0264	0.0132	0.0000	0.1235	0.0617	0.0000		SEI +1.0;AGX -1.0	SEI +0.8;AGX -0.8
reentry	ep_close_620_prox	incumbent	x1|trail	A	188	180	9	52.9777	36.0893	36.0893	20.9067	20.9067	-2.6509	-2.1429	-2.1429	-1.0714	-1.0714	-58.0383	-0.3087	-78.3933	-3.4428	-0.0183	-21.2270	-3.0108	-0.0160	-20.7950	0.5257	0.0028	-11.2285	0.3721	0.0020	-11.3820		TE +11.1;TEAM +9.3	TE +6.8;BHVN +4.9
reentry	ep_close_620_prox	incumbent	x1|trail	A_disc	181	175	9	52.9777	36.0893	36.0893	20.9067	20.9067	-2.6509	-2.1429	-2.1429	-1.0714	-1.0714	-54.5184	-0.3012	-74.8734	-1.8565	-0.0103	-19.6407	-1.6746	-0.0093	-19.4588	1.3230	0.0073	-10.4312	1.1694	0.0065	-10.5848		TE +11.1;TEAM +9.3	TE +6.8;BHVN +4.9
reentry	ep_close_620_prox	incumbent	x1|trail	B	8	8	0	0	0	0	0	0	-1.0000	-0.5329	-0.5329	-0.2665	-0.2665	-8.0000	-1.0000	-6.0000	-2.1606	-0.2701	-1.9021	-2.1295	-0.2662	-1.8711	-1.0803	-0.1350	-0.9511	-1.0803	-0.1350	-0.9511		AGX -1.0;CHRN -1.0	VEEV -0.1;IONQ -0.1
reentry	ep_close_620_prox	incumbent	x2|trail	A	184	176	12	67.7124	47.2400	43.9606	26.4821	28.2439	-4.2217	-2.1429	-2.1429	-1.4713	-1.4713	-80.5080	-0.4375	-100.8630	-9.3183	-0.0506	-27.1025	-10.9055	-0.0593	-28.6897	-4.2977	-0.0234	-16.0519	-2.5693	-0.0140	-14.5022		TE +11.1;TEAM +9.3	TE +6.8;BHVN +4.9
reentry	ep_close_620_prox	incumbent	x2|trail	A_disc	177	171	12	67.7124	47.2400	43.9606	26.4821	28.2439	-4.1811	-2.1429	-2.1429	-1.4713	-1.4713	-71.7664	-0.4055	-92.1214	-5.1222	-0.0289	-22.9064	-7.2093	-0.0407	-24.9935	-1.9849	-0.0112	-13.7391	-0.2565	-0.0014	-12.1894		TE +11.1;TEAM +9.3	TE +6.8;BHVN +4.9
reentry	ep_close_620_prox	incumbent	x2|trail	B	8	8	0	0	0	0	0	0	-2.6275	-1.3669	-1.3467	-0.6834	-0.6834	-12.2651	-1.5331	-10.6275	-4.5904	-0.5738	-4.6515	-4.1134	-0.5142	-4.0869	-2.2376	-0.2797	-2.3257	-2.1801	-0.2725	-2.3257		IONQ -0.8;AGX -0.9	IONQ +0.1;AGX -0.0
reentry	ep_close_620_prox	incumbent	x3|trail	A	183	175	13	71.4283	51.9504	47.2420	30.1854	31.9472	-5.9311	-3.0244	-3.0244	-2.1575	-2.1575	-91.4858	-0.4999	-111.8408	-12.1863	-0.0666	-29.9705	-15.6578	-0.0856	-33.4420	-5.9621	-0.0326	-17.7162	-3.7632	-0.0206	-15.6961		TE +11.1;TEAM +9.3	TE +6.8;BHVN +4.9
reentry	ep_close_620_prox	incumbent	x3|trail	A_disc	176	170	13	71.4283	51.9504	47.2420	30.1854	31.9472	-5.9311	-3.0244	-3.0244	-2.1575	-2.1575	-83.0634	-0.4720	-103.4184	-8.4842	-0.0482	-26.2684	-11.6297	-0.0661	-29.4139	-3.5233	-0.0200	-15.2775	-2.1505	-0.0122	-14.0834		TE +11.1;TEAM +9.3	TE +6.8;BHVN +4.9
reentry	ep_close_620_prox	incumbent	x3|trail	B	8	8	0	0	0	0	0	0	-3.0000	-1.4999	-1.4999	-0.7499	-0.7499	-14.3447	-1.7931	-12.7071	-5.3983	-0.6748	-5.4594	-4.8815	-0.6102	-4.8550	-2.6416	-0.3302	-2.7297	-2.6044	-0.3256	-2.7501		IONQ -0.8;AGX -0.9	IONQ +0.1;AGX -0.0
reentry	ep_close_620_prox	incumbent	x4|trail	A	182	174	13	71.4283	51.9504	47.2420	30.1854	31.9472	-5.9311	-2.7049	-2.6443	-1.7547	-2.0322	-96.3441	-0.5294	-116.6991	-14.5834	-0.0801	-32.3676	-17.2073	-0.0945	-34.9915	-7.4295	-0.0408	-19.1836	-5.5762	-0.0306	-17.5090		TE +11.1;TEAM +9.3	TE +6.8;BHVN +4.9
reentry	ep_close_620_prox	incumbent	x4|trail	A_disc	175	169	13	71.4283	51.9504	47.2420	30.1854	31.9472	-5.9311	-2.7049	-2.6443	-1.7547	-2.0322	-87.9217	-0.5024	-108.2767	-10.8813	-0.0622	-28.6655	-13.1792	-0.0753	-30.9634	-4.9907	-0.0285	-16.7449	-3.9635	-0.0226	-15.8964		TE +11.1;TEAM +9.3	TE +6.8;BHVN +4.9
reentry	ep_close_620_prox	incumbent	x4|trail	B	8	8	0	0	0	0	0	0	-4.0000	-1.7124	-1.7124	-0.8562	-0.8562	-15.3447	-1.9181	-13.7071	-5.6109	-0.7014	-5.6720	-5.0940	-0.6368	-5.0676	-2.7479	-0.3435	-2.8360	-2.7107	-0.3388	-2.8564		IONQ -0.8;AGX -0.9	IONQ +0.1;AGX -0.0
reentry	ep_close_620_prox	incumbent	x1|none	A	188	180	12	79.6533	58.4669	57.0351	32.0999	32.0999	-2.6509	-2.1429	-2.1429	-1.0714	-1.0714	-94.0633	-0.5003	-115.6267	-22.6089	-0.1203	-40.8449	-21.1654	-0.1126	-39.4015	-10.0554	-0.0535	-20.1327	-10.9223	-0.0581	-20.9997		ALAB +12.3;TEAM +9.3	TE +5.1;ALAB +5.0
reentry	ep_close_620_prox	incumbent	x1|none	A_disc	181	175	12	79.6533	58.4669	57.0351	32.0999	32.0999	-2.6509	-2.1429	-2.1429	-1.0714	-1.0714	-87.0633	-0.4810	-108.6267	-19.8391	-0.1096	-38.0751	-18.6456	-0.1030	-36.8816	-8.6663	-0.0479	-18.7437	-9.5332	-0.0527	-19.6106		ALAB +12.3;TEAM +9.3	TE +5.1;ALAB +5.0
reentry	ep_close_620_prox	incumbent	x1|none	B	8	8	0	0	0	0	0	0	-1.0000	-0.5329	-0.5329	-0.2665	-0.2665	-8.0000	-1.0000	-6.0000	-2.1606	-0.2701	-1.9021	-2.1295	-0.2662	-1.8711	-1.0803	-0.1350	-0.9511	-1.0803	-0.1350	-0.9511		AGX -1.0;CHRN -1.0	VEEV -0.1;IONQ -0.1
reentry	ep_close_620_prox	incumbent	x2|none	A	182	175	19	121.8606	83.4870	78.4508	44.6099	46.5400	-4.2217	-3.1327	-2.4044	-1.9251	-1.9251	-136.7338	-0.7513	-158.2972	-39.8441	-0.2189	-58.0802	-37.8205	-0.2078	-56.0566	-22.5413	-0.1239	-32.6186	-23.2889	-0.1280	-34.0022		ALAB +12.3;TEAM +9.3	TE +5.1;ALAB +5.0
reentry	ep_close_620_prox	incumbent	x2|none	A_disc	175	170	19	121.8606	83.4870	78.4508	44.6099	46.5400	-4.1811	-3.1327	-2.4044	-1.9251	-1.9251	-124.5121	-0.7115	-146.0755	-34.4645	-0.1969	-52.7005	-32.9409	-0.1882	-51.1769	-19.6367	-0.1122	-29.7140	-20.3843	-0.1165	-31.0976		ALAB +12.3;TEAM +9.3	TE +5.1;ALAB +5.0
reentry	ep_close_620_prox	incumbent	x2|none	B	8	8	0	0	0	0	0	0	-2.6275	-1.3669	-1.3467	-0.6834	-0.6834	-13.3972	-1.6746	-11.6275	-5.6960	-0.7120	-5.6679	-4.9624	-0.6203	-4.8768	-2.7904	-0.3488	-2.8339	-2.7328	-0.3416	-2.8339		IONQ -0.8;CHRN -1.0	IONQ +0.1;VEEV -0.1
reentry	ep_close_620_prox	incumbent	x3|none	A	179	173	20	128.3413	86.5443	81.5082	46.1386	48.0687	-6.1793	-3.0244	-3.0244	-2.9251	-2.9251	-171.7559	-0.9595	-193.3193	-57.9919	-0.3240	-76.2279	-56.0985	-0.3134	-74.3345	-33.8147	-0.1889	-43.8921	-34.4629	-0.1925	-45.1762		ALAB +12.3;TEAM +9.3	TE +5.1;ALAB +5.0
reentry	ep_close_620_prox	incumbent	x3|none	A_disc	172	168	20	128.3413	86.5443	81.5082	46.1386	48.0687	-5.9311	-3.0244	-3.0244	-2.9251	-2.9251	-158.0684	-0.9190	-179.6318	-51.7296	-0.3008	-69.9656	-49.7173	-0.2891	-67.9534	-30.0959	-0.1750	-40.1732	-31.3629	-0.1823	-42.0762		ALAB +12.3;TEAM +9.3	TE +5.1;ALAB +5.0
reentry	ep_close_620_prox	incumbent	x3|none	B	8	8	0	0	0	0	0	0	-3.0000	-1.4999	-1.4999	-0.7499	-0.7499	-15.4768	-1.9346	-13.7071	-6.5039	-0.8130	-6.4757	-5.7305	-0.7163	-5.6448	-3.1944	-0.3993	-3.2379	-3.1572	-0.3946	-3.2583		IONQ -0.8;CHRN -1.0	IONQ +0.1;VEEV -0.1
reentry	ep_close_620_prox	incumbent	x4|none	A	177	171	21	133.4787	93.1414	88.6052	51.3137	53.0969	-6.4248	-3.3881	-3.0000	-2.9251	-2.9251	-177.8184	-1.0046	-199.3818	-56.4064	-0.3187	-74.6424	-54.1823	-0.3061	-72.4184	-31.5276	-0.1781	-41.8142	-32.7110	-0.1848	-43.4243		ALAB +12.3;TEAM +9.3	CRCL +5.2;TE +5.1
reentry	ep_close_620_prox	incumbent	x4|none	A_disc	170	166	21	133.4787	93.1414	88.6052	51.3137	53.0969	-6.4248	-3.3881	-3.0000	-2.9251	-2.9251	-170.3632	-1.0021	-191.9266	-52.9463	-0.3114	-71.1823	-49.3592	-0.2903	-67.5953	-29.2099	-0.1718	-39.4965	-31.0121	-0.1824	-41.7254		ALAB +12.3;TEAM +9.3	CRCL +5.2;TE +5.1
reentry	ep_close_620_prox	incumbent	x4|none	B	8	8	0	0	0	0	0	0	-4.0000	-1.7124	-1.7124	-0.8562	-0.8562	-16.4768	-2.0596	-14.7071	-6.7164	-0.8396	-6.6883	-5.9431	-0.7429	-5.8574	-3.3006	-0.4126	-3.3442	-3.2635	-0.4079	-3.3646		IONQ -0.8;CHRN -1.0	IONQ +0.1;VEEV -0.1
reentry	ep_close_620_prox	adr_075	x1|trail	A	203	194	15	78.9800	71.4800	64.8453	38.0874	38.0960	-3.7460	-3.1777	-3.1777	-1.5888	-1.5888	-11.0288	-0.0543	-33.2904	-3.5535	-0.0175	-25.8151	-5.3982	-0.0266	-24.2117	-5.7487	-0.0283	-18.5110	-6.3658	-0.0314	-19.1367		EFOR +11.9;TE +10.4	TE +6.8;EFOR +5.9
reentry	ep_close_620_prox	adr_075	x1|trail	A_disc	195	188	15	78.9800	71.4800	64.8453	38.0874	38.0960	-3.7460	-3.1777	-3.1777	-1.5888	-1.5888	-7.4961	-0.0384	-29.7577	-0.4099	-0.0021	-22.6715	-2.5677	-0.0132	-21.3812	-4.1613	-0.0213	-16.9236	-4.7784	-0.0245	-17.5493		EFOR +11.9;TE +10.4	TE +6.8;EFOR +5.9
reentry	ep_close_620_prox	adr_075	x1|trail	B	12	12	1	3.1562	2.6114	2.3672	1.3057	1.3057	-2.0593	-1.4286	-1.4286	-0.7235	-0.7235	-5.9525	-0.4960	-10.2146	-2.9845	-0.2487	-6.5700	-3.9247	-0.3271	-6.5683	-1.9263	-0.1605	-3.5085	-1.7157	-0.1430	-3.5085		IONQ +3.2;SEI +1.1	IONQ +1.3;SEI +0.3
reentry	ep_close_620_prox	adr_075	x2|trail	A	203	194	15	78.9800	71.4800	64.8453	38.0874	38.0960	-4.7460	-4.0126	-3.6777	-2.0063	-2.0063	-31.6208	-0.1558	-53.8824	-22.3893	-0.1103	-44.6509	-20.6400	-0.1017	-39.4535	-15.2845	-0.0753	-28.0467	-16.0710	-0.0792	-28.8419		EFOR +11.9;TE +10.4	TE +6.8;EFOR +5.9
reentry	ep_close_620_prox	adr_075	x2|trail	A_disc	195	188	15	78.9800	71.4800	64.8453	38.0874	38.0960	-4.7460	-4.0126	-3.6777	-2.0063	-2.0063	-26.9520	-0.1382	-49.2136	-18.0602	-0.0926	-40.3218	-16.9411	-0.0869	-35.7546	-13.1043	-0.0672	-25.8666	-13.8908	-0.0712	-26.6618		EFOR +11.9;TE +10.4	TE +6.8;EFOR +5.9
reentry	ep_close_620_prox	adr_075	x2|trail	B	12	12	1	3.1562	2.6114	2.3672	1.3057	1.3057	-2.1346	-1.5786	-1.4286	-0.7893	-0.7893	-10.0871	-0.8406	-14.3492	-5.3986	-0.4499	-8.9841	-5.9064	-0.4922	-8.5500	-3.1333	-0.2611	-4.7155	-2.9228	-0.2436	-4.7155		IONQ +3.2;SEI +1.1	IONQ +1.3;SEI +0.3
reentry	ep_close_620_prox	adr_075	x3|trail	A	203	194	15	78.9800	71.4800	64.8453	38.0874	38.0960	-5.7460	-4.8548	-4.1777	-2.4274	-2.4274	-43.7073	-0.2153	-65.9689	-32.9505	-0.1623	-55.2121	-29.4691	-0.1452	-48.2826	-20.6951	-0.1019	-33.4574	-21.4770	-0.1058	-34.2479		EFOR +11.9;TE +10.4	TE +6.8;EFOR +5.9
reentry	ep_close_620_prox	adr_075	x3|trail	A_disc	195	188	15	78.9800	71.4800	64.8453	38.0874	38.0960	-5.7460	-4.8548	-4.1777	-2.4274	-2.4274	-38.6400	-0.1982	-60.9016	-28.2229	-0.1447	-50.4845	-25.4714	-0.1306	-44.2849	-18.3089	-0.0939	-31.0712	-19.0908	-0.0979	-31.8617		EFOR +11.9;TE +10.4	TE +6.8;EFOR +5.9
reentry	ep_close_620_prox	adr_075	x3|trail	B	12	12	1	3.1562	2.6114	2.3672	1.3057	1.3057	-3.0935	-1.7429	-1.7429	-0.8715	-0.8715	-11.6602	-0.9717	-15.9223	-6.2003	-0.5167	-9.7858	-6.5468	-0.5456	-9.1904	-3.5342	-0.2945	-5.1164	-3.3236	-0.2770	-5.1164		IONQ +3.2;SEI +1.1	IONQ +1.3;SEI +0.3
reentry	ep_close_620_prox	adr_075	x4|trail	A	203	194	15	78.9800	71.4800	64.8453	38.0874	38.0960	-6.7460	-5.6534	-4.9277	-2.8267	-2.8267	-49.7667	-0.2452	-72.0283	-38.4510	-0.1894	-60.7126	-34.6339	-0.1706	-53.4474	-23.5001	-0.1158	-36.2623	-24.2820	-0.1196	-37.0529		EFOR +11.9;TE +10.4	TE +6.8;EFOR +5.9
reentry	ep_close_620_prox	adr_075	x4|trail	A_disc	195	188	15	78.9800	71.4800	64.8453	38.0874	38.0960	-6.7460	-5.6534	-4.9277	-2.8267	-2.8267	-44.6994	-0.2292	-66.9610	-33.7234	-0.1729	-55.9850	-30.6362	-0.1571	-49.4497	-21.1139	-0.1083	-33.8761	-21.8958	-0.1123	-34.6667		EFOR +11.9;TE +10.4	TE +6.8;EFOR +5.9
reentry	ep_close_620_prox	adr_075	x4|trail	B	12	12	1	3.1562	2.6114	2.3672	1.3057	1.3057	-4.0935	-1.7429	-1.7429	-0.8715	-0.8715	-12.6602	-1.0550	-16.9223	-6.6016	-0.5501	-10.1871	-6.7968	-0.5664	-9.4404	-3.7348	-0.3112	-5.3170	-3.5243	-0.2937	-5.3170		IONQ +3.2;SEI +1.1	IONQ +1.3;SEI +0.3
reentry	ep_close_620_prox	adr_075	x1|none	A	203	194	18	111.7620	99.5887	92.1673	53.1853	53.1943	-3.7460	-3.1777	-3.1777	-1.5888	-1.5888	-54.9425	-0.2707	-80.3207	-39.2974	-0.1936	-61.4695	-36.9657	-0.1821	-55.1869	-26.6558	-0.1313	-37.9567	-27.8047	-0.1370	-39.1146		NRIX +13.0;EFOR +12.4	EFOR +6.2;TE +5.1
reentry	ep_close_620_prox	adr_075	x1|none	A_disc	195	188	18	111.7620	99.5887	92.1673	53.1853	53.1943	-3.7460	-3.1777	-3.1777	-1.5888	-1.5888	-46.4016	-0.2380	-71.7798	-32.6809	-0.1676	-54.8529	-30.8093	-0.1580	-49.0305	-23.2893	-0.1194	-34.5902	-24.4382	-0.1253	-35.7481		NRIX +13.0;EFOR +12.4	EFOR +6.2;TE +5.1
reentry	ep_close_620_prox	adr_075	x1|none	B	12	12	2	6.1839	5.2783	3.1241	2.0626	2.6391	-2.0593	-1.4286	-1.4286	-0.7235	-0.7235	-4.9718	-0.4143	-11.1557	-2.0243	-0.1687	-7.3025	-4.1501	-0.3458	-7.2741	-1.8121	-0.1510	-3.8748	-1.2356	-0.1030	-3.8748		IONQ +3.2;SEI +3.0	IONQ +1.3;SEI +0.8
reentry	ep_close_620_prox	adr_075	x2|none	A	203	194	24	136.5536	117.7990	110.7572	62.2904	62.2994	-4.7460	-4.0126	-3.6777	-2.0063	-2.0063	-101.0439	-0.4978	-126.4221	-82.8802	-0.4083	-105.0523	-74.4155	-0.3666	-92.6366	-53.2038	-0.2621	-64.5047	-54.0725	-0.2664	-65.3824		NRIX +13.0;EFOR +12.4	EFOR +6.2;TE +5.1
reentry	ep_close_620_prox	adr_075	x2|none	A_disc	195	188	24	136.5536	117.7990	110.7572	62.2904	62.2994	-4.7460	-4.0126	-3.6777	-2.0063	-2.0063	-92.7640	-0.4757	-118.1422	-76.8568	-0.3941	-99.0289	-67.0333	-0.3438	-85.2545	-49.2600	-0.2526	-60.5609	-51.0000	-0.2615	-62.3099		NRIX +13.0;EFOR +12.4	EFOR +6.2;TE +5.1
reentry	ep_close_620_prox	adr_075	x2|none	B	12	12	2	6.1839	5.2783	3.1241	2.0626	2.6391	-2.1346	-1.5786	-1.4286	-0.7893	-0.7893	-9.1064	-0.7589	-15.2903	-4.4384	-0.3699	-9.7166	-6.1318	-0.5110	-9.2558	-3.0192	-0.2516	-5.0818	-2.4427	-0.2036	-5.0818		IONQ +3.2;SEI +3.0	IONQ +1.3;SEI +0.8
reentry	ep_close_620_prox	adr_075	x3|none	A	203	194	26	148.7751	126.4583	119.4165	66.6201	66.6291	-5.7460	-4.8548	-4.1777	-2.7500	-3.0000	-139.6353	-0.6879	-165.0135	-115.2031	-0.5675	-137.3752	-101.1043	-0.4981	-119.3255	-71.0085	-0.3498	-82.3094	-72.1000	-0.3552	-83.4099		NRIX +13.0;EFOR +12.4	EFOR +6.2;TE +5.1
reentry	ep_close_620_prox	adr_075	x3|none	A_disc	195	188	26	148.7751	126.4583	119.4165	66.6201	66.6291	-5.7460	-4.8548	-4.1777	-2.7500	-3.0000	-130.0263	-0.6668	-155.4045	-107.8506	-0.5531	-130.0227	-92.7253	-0.4755	-110.9465	-66.3775	-0.3404	-77.6784	-68.3403	-0.3505	-79.6502		NRIX +13.0;EFOR +12.4	EFOR +6.2;TE +5.1
reentry	ep_close_620_prox	adr_075	x3|none	B	12	12	2	6.1839	5.2783	3.1241	2.0626	2.6391	-3.0935	-1.5786	-1.4286	-0.7893	-0.7893	-5.7197	-0.4766	-11.9036	-1.8611	-0.1551	-7.1393	-3.3932	-0.2828	-7.3964	-1.7305	-0.1442	-3.8542	-1.1540	-0.0962	-3.7931		IONQ +3.2;SEI +3.0	IONQ +1.3;OKTA +0.8
reentry	ep_close_620_prox	adr_075	x4|none	A	203	194	27	156.2484	133.9316	127.9676	70.7735	70.7341	-6.7460	-5.6534	-4.9277	-3.5799	-3.6117	-149.3423	-0.7357	-174.7205	-122.1070	-0.6015	-144.2791	-106.5499	-0.5249	-124.8943	-74.6327	-0.3676	-85.9337	-75.5890	-0.3724	-86.8989		NRIX +13.0;EFOR +12.4	EFOR +6.2;TE +5.1
reentry	ep_close_620_prox	adr_075	x4|none	A_disc	195	188	27	156.2484	133.9316	127.9676	70.7735	70.7341	-6.7460	-5.6534	-4.9277	-3.5799	-3.6117	-142.4199	-0.7304	-167.7981	-117.4411	-0.6023	-139.6132	-98.8426	-0.5069	-117.1870	-70.6734	-0.3624	-81.9743	-73.2304	-0.3755	-84.5403		NRIX +13.0;EFOR +12.4	EFOR +6.2;TE +5.1
reentry	ep_close_620_prox	adr_075	x4|none	B	12	12	2	6.1839	5.2783	3.1241	2.0626	2.6391	-4.0935	-1.7013	-1.4286	-0.8507	-0.8507	-6.7197	-0.5600	-12.9036	-2.2624	-0.1885	-7.5406	-3.6432	-0.3036	-7.6464	-1.9312	-0.1609	-4.0549	-1.3547	-0.1129	-3.9938		IONQ +3.2;SEI +3.0	IONQ +1.3;OKTA +0.8
reentry	ep_close_620_prox	adr_100	x1|trail	A	203	194	9	43.5901	43.5901	39.1366	28.5797	30.0728	-2.8095	-2.8095	-2.8095	-2.2227	-2.2227	-10.7754	-0.0531	-27.4716	-6.0900	-0.0300	-22.7862	-6.4745	-0.0319	-20.5846	-8.9735	-0.0442	-20.7276	-9.2365	-0.0455	-22.0075		EFOR +8.9;TE +7.8	TE +6.8;BHVN +4.9
reentry	ep_close_620_prox	adr_100	x1|trail	A_disc	195	188	9	43.5901	43.5901	39.1366	28.5797	30.0728	-2.8095	-2.8095	-2.8095	-2.2227	-2.2227	-8.4367	-0.0433	-25.1329	-3.5814	-0.0184	-20.2776	-4.4146	-0.0226	-18.5247	-7.4133	-0.0380	-19.1674	-7.6763	-0.0394	-20.4472		EFOR +8.9;TE +7.8	TE +6.8;BHVN +4.9
reentry	ep_close_620_prox	adr_100	x1|trail	B	12	12	0	0	0	0	0	0	-1.5445	-1.4286	-1.1584	-0.9646	-0.9646	-6.3920	-0.5327	-9.5887	-4.6810	-0.3901	-7.8777	-5.1714	-0.4310	-7.1542	-2.8912	-0.2409	-4.4043	-2.6115	-0.2176	-4.4043		IONQ +2.4;SEI +0.8	IONQ +1.3;SEI +0.2
reentry	ep_close_620_prox	adr_100	x2|trail	A	203	194	9	43.5901	43.5901	39.1366	28.5797	30.0728	-3.8095	-3.8095	-3.3095	-2.2227	-2.2227	-22.5401	-0.1110	-39.2363	-18.8837	-0.0930	-35.5799	-15.9725	-0.0787	-30.0826	-16.7150	-0.0823	-28.4691	-17.6385	-0.0869	-30.4094		EFOR +8.9;TE +7.8	TE +6.8;BHVN +4.9
reentry	ep_close_620_prox	adr_100	x2|trail	A_disc	195	188	9	43.5901	43.5901	39.1366	28.5797	30.0728	-3.8095	-3.8095	-3.3095	-2.2227	-2.2227	-20.0194	-0.1027	-36.7156	-16.1766	-0.0830	-32.8728	-13.7761	-0.0706	-27.8862	-14.9990	-0.0769	-26.7531	-15.9225	-0.0817	-28.6934		EFOR +8.9;TE +7.8	TE +6.8;BHVN +4.9
reentry	ep_close_620_prox	adr_100	x2|trail	B	12	12	0	0	0	0	0	0	-2.0000	-1.9729	-1.4710	-0.9865	-0.9865	-10.1427	-0.8452	-13.3394	-7.5446	-0.6287	-10.7413	-7.1417	-0.5951	-9.1244	-4.2959	-0.3580	-5.8090	-4.0433	-0.3369	-5.8361		IONQ +2.4;SEI +0.8	IONQ +1.3;SEI +0.2
reentry	ep_close_620_prox	adr_100	x3|trail	A	203	194	9	43.5901	43.5901	39.1366	28.5797	30.0728	-4.8095	-4.8095	-3.8095	-2.5888	-2.7069	-29.2935	-0.1443	-45.9897	-25.6261	-0.1262	-42.3223	-21.5532	-0.1062	-35.6633	-20.8352	-0.1026	-32.5893	-21.8103	-0.1074	-34.5812		EFOR +8.9;TE +7.8	TE +6.8;BHVN +4.9
reentry	ep_close_620_prox	adr_100	x3|trail	A_disc	195	188	9	43.5901	43.5901	39.1366	28.5797	30.0728	-4.8095	-4.8095	-3.8095	-2.5888	-2.7069	-26.7728	-0.1373	-43.4690	-22.9190	-0.1175	-39.6152	-19.3568	-0.0993	-33.4669	-19.1192	-0.0980	-30.8733	-20.0943	-0.1030	-32.8652		EFOR +8.9;TE +7.8	TE +6.8;BHVN +4.9
reentry	ep_close_620_prox	adr_100	x3|trail	B	12	12	0	0	0	0	0	0	-3.0000	-1.9729	-1.4710	-0.9865	-0.9865	-11.1427	-0.9286	-14.3394	-8.0930	-0.6744	-11.2897	-7.3917	-0.6160	-9.3744	-4.5459	-0.3788	-6.0590	-4.3175	-0.3598	-6.1103		IONQ +2.4;SEI +0.8	IONQ +1.3;SEI +0.2
reentry	ep_close_620_prox	adr_100	x4|trail	A	203	194	9	43.5901	43.5901	39.1366	28.5797	30.0728	-5.8095	-5.8095	-4.5595	-3.1213	-3.2393	-31.9890	-0.1576	-48.6852	-28.4134	-0.1400	-45.1096	-23.9466	-0.1180	-38.0567	-22.6034	-0.1113	-34.3575	-23.5785	-0.1162	-36.3494		EFOR +8.9;TE +7.8	TE +6.8;BHVN +4.9
reentry	ep_close_620_prox	adr_100	x4|trail	A_disc	195	188	9	43.5901	43.5901	39.1366	28.5797	30.0728	-5.8095	-5.8095	-4.5595	-3.1213	-3.2393	-29.4683	-0.1511	-46.1645	-25.7063	-0.1318	-42.4025	-21.7502	-0.1115	-35.8603	-20.8874	-0.1071	-32.6415	-21.8625	-0.1121	-34.6334		EFOR +8.9;TE +7.8	TE +6.8;BHVN +4.9
reentry	ep_close_620_prox	adr_100	x4|trail	B	12	12	0	0	0	0	0	0	-4.0000	-2.2087	-1.5768	-1.0531	-1.1044	-12.1427	-1.0119	-15.3394	-8.6223	-0.7185	-11.8190	-7.8917	-0.6576	-9.8744	-4.8106	-0.4009	-6.3237	-4.5822	-0.3818	-6.3750		IONQ +2.4;SEI +0.8	IONQ +1.3;SEI +0.2
reentry	ep_close_620_prox	adr_100	x1|none	A	203	194	15	75.7664	75.7089	70.0615	47.5960	49.1523	-9.0216	-9.0216	-6.7662	-4.5799	-4.5799	-67.2493	-0.3313	-86.2829	-58.0269	-0.2858	-77.0605	-50.8454	-0.2505	-67.0696	-42.1375	-0.2076	-52.2148	-44.2275	-0.2179	-55.5374		NRIX +9.7;EFOR +9.3	TE +5.1;ALAB +5.0
reentry	ep_close_620_prox	adr_100	x1|none	A_disc	195	188	15	75.7664	75.7089	70.0615	47.5960	49.1523	-2.8095	-2.8095	-2.8095	-2.2227	-2.2227	-51.6656	-0.2650	-70.6992	-43.0839	-0.2209	-62.1175	-38.7772	-0.1989	-55.0014	-33.9120	-0.1739	-43.9893	-36.0021	-0.1846	-47.3119		NRIX +9.7;EFOR +9.3	TE +5.1;ALAB +5.0
reentry	ep_close_620_prox	adr_100	x1|none	B	12	12	0	0	0	0	0	0	-1.5445	-1.4286	-1.1584	-0.9646	-0.9646	-5.9065	-0.4922	-10.5445	-4.1955	-0.3496	-8.8335	-5.5280	-0.4607	-7.8711	-3.0269	-0.2522	-4.9003	-2.2612	-0.1884	-4.9003		IONQ +2.4;SEI +2.3	IONQ +1.3;SEI +0.6
reentry	ep_close_620_prox	adr_100	x2|none	A	203	194	18	89.4816	89.4245	84.2771	55.1260	56.5960	-9.0216	-9.0216	-6.7662	-4.5799	-4.5799	-110.7950	-0.5458	-129.8286	-98.7199	-0.4863	-117.7535	-82.5141	-0.4065	-99.2181	-70.6008	-0.3478	-80.6781	-74.6487	-0.3677	-85.9585		NRIX +9.7;EFOR +9.3	TE +5.1;ALAB +5.0
reentry	ep_close_620_prox	adr_100	x2|none	A_disc	195	188	18	89.4816	89.4245	84.2771	55.1260	56.5960	-4.1736	-3.8095	-3.3095	-2.2227	-2.2227	-94.7706	-0.4860	-113.8042	-83.4763	-0.4281	-102.5099	-69.0594	-0.3542	-85.7634	-61.3694	-0.3147	-71.4467	-66.3251	-0.3401	-77.6350		NRIX +9.7;EFOR +9.3	TE +5.1;ALAB +5.0
reentry	ep_close_620_prox	adr_100	x2|none	B	12	12	0	0	0	0	0	0	-2.0000	-1.9729	-1.3207	-0.9865	-0.9865	-5.9374	-0.4948	-10.5754	-3.7287	-0.3107	-8.3667	-4.7083	-0.3924	-7.8025	-2.7664	-0.2305	-4.9473	-2.0278	-0.1690	-4.6669		IONQ +2.4;SEI +2.3	IONQ +1.3;OKTA +0.9
reentry	ep_close_620_prox	adr_100	x3|none	A	203	194	19	95.5701	95.5130	91.1156	59.8259	61.0647	-9.0216	-9.0216	-6.7662	-4.5799	-4.5799	-118.6357	-0.5844	-137.6693	-104.7016	-0.5158	-123.7352	-88.1650	-0.4343	-104.8690	-74.1154	-0.3651	-84.1927	-77.1651	-0.3801	-88.4750		NRIX +9.7;EFOR +9.3	TE +5.1;ALAB +5.0
reentry	ep_close_620_prox	adr_100	x3|none	A_disc	195	188	19	95.5701	95.5130	91.1156	59.8259	61.0647	-5.1736	-4.8095	-3.8095	-2.7500	-3.0000	-104.6262	-0.5365	-123.6598	-91.4728	-0.4691	-110.5064	-75.2140	-0.3857	-91.9180	-65.3877	-0.3353	-75.4650	-70.2427	-0.3602	-81.5526		NRIX +9.7;EFOR +9.3	TE +5.1;ALAB +5.0
reentry	ep_close_620_prox	adr_100	x3|none	B	12	12	0	0	0	0	0	0	-3.0000	-1.9729	-1.3207	-0.9865	-0.9865	-6.9374	-0.5781	-11.5754	-4.2771	-0.3564	-8.9151	-4.9583	-0.4132	-8.0525	-3.0164	-0.2514	-5.1973	-2.3020	-0.1918	-4.9411		IONQ +2.4;SEI +2.3	IONQ +1.3;OKTA +0.9
reentry	ep_close_620_prox	adr_100	x4|none	A	203	194	19	95.5701	95.5130	91.1156	59.8259	61.0647	-9.0216	-9.0216	-6.7662	-4.5799	-4.5799	-126.9560	-0.6254	-145.9896	-113.1051	-0.5572	-132.1387	-94.2885	-0.4645	-110.9925	-78.6955	-0.3877	-88.7729	-82.6855	-0.4073	-93.9953		NRIX +9.7;EFOR +9.3	TE +5.1;ALAB +5.0
reentry	ep_close_620_prox	adr_100	x4|none	A_disc	195	188	19	95.5701	95.5130	91.1156	59.8259	61.0647	-5.8095	-5.8095	-4.5595	-3.1213	-3.4280	-112.9465	-0.5792	-131.9801	-99.8763	-0.5122	-118.9099	-81.3376	-0.4171	-98.0416	-69.9679	-0.3588	-80.0452	-75.7630	-0.3885	-87.0729		NRIX +9.7;EFOR +9.3	TE +5.1;ALAB +5.0
reentry	ep_close_620_prox	adr_100	x4|none	B	12	12	0	0	0	0	0	0	-4.0000	-2.2087	-1.5768	-1.0531	-1.1044	-7.9374	-0.6614	-12.5754	-4.8064	-0.4005	-9.4444	-5.4583	-0.4549	-8.5525	-3.2811	-0.2734	-5.4619	-2.5666	-0.2139	-5.2058		IONQ +2.4;SEI +2.3	IONQ +1.3;OKTA +0.9
reentry	ep_close_620_prox	adr_150	x1|trail	A	203	194	3	15.3448	15.3448	12.3758	12.3758	15.3448	-1.8730	-1.8730	-1.8730	-1.5888	-1.5888	-5.1636	-0.0254	-16.2944	-5.8424	-0.0288	-16.9732	-7.8274	-0.0386	-17.2342	-5.8500	-0.0288	-15.2568	-4.6568	-0.0229	-15.7876		EFOR +5.9;TE +5.2	TE +5.2;BHVN +4.2
reentry	ep_close_620_prox	adr_150	x1|trail	A_disc	195	188	3	15.3448	15.3448	12.3758	12.3758	15.3448	-1.8730	-1.8730	-1.8730	-1.5888	-1.5888	-3.2410	-0.0166	-14.3718	-3.8354	-0.0197	-14.9662	-6.3235	-0.0324	-15.7303	-4.2590	-0.0218	-13.6658	-2.8341	-0.0145	-13.9649		EFOR +5.9;TE +5.2	TE +5.2;BHVN +4.2
reentry	ep_close_620_prox	adr_150	x1|trail	B	13	13	0	0	0	0	0	0	-1.1357	-1.1357	-1.0000	-0.9358	-0.9358	-5.2329	-0.4025	-7.3640	-5.1432	-0.3956	-7.2743	-4.9330	-0.3795	-6.2562	-3.5672	-0.2744	-4.8890	-3.0971	-0.2382	-4.8899		IONQ +1.6;SEI +0.6	IONQ +1.2;SEI +0.1
reentry	ep_close_620_prox	adr_150	x2|trail	A	203	194	3	15.3448	15.3448	12.3758	12.3758	15.3448	-2.6361	-2.6361	-2.2546	-2.0000	-2.2260	-8.2918	-0.0408	-19.4226	-8.8730	-0.0437	-20.0038	-10.4032	-0.0512	-19.8100	-8.1319	-0.0401	-17.5387	-7.6163	-0.0375	-18.7471		EFOR +5.9;TE +5.2	TE +5.2;BHVN +4.2
reentry	ep_close_620_prox	adr_150	x2|trail	A_disc	195	188	3	15.3448	15.3448	12.3758	12.3758	15.3448	-2.6361	-2.6361	-2.2546	-2.0000	-2.2260	-6.4471	-0.0331	-17.5779	-6.9440	-0.0356	-18.0748	-8.9577	-0.0459	-18.3645	-6.5911	-0.0338	-15.9979	-5.8439	-0.0300	-16.9747		EFOR +5.9;TE +5.2	TE +5.2;BHVN +4.2
reentry	ep_close_620_prox	adr_150	x2|trail	B	13	13	0	0	0	0	0	0	-1.7139	-1.7139	-1.3754	-1.1348	-1.2707	-6.3116	-0.4855	-8.4427	-6.2219	-0.4786	-8.3530	-5.5975	-0.4306	-6.9207	-4.1924	-0.3225	-5.5142	-3.8582	-0.2968	-5.6510		IONQ +1.6;SEI +0.6	IONQ +1.2;SEI +0.1
reentry	ep_close_620_prox	adr_150	x3|trail	A	203	194	3	15.3448	15.3448	12.3758	12.3758	15.3448	-3.0000	-3.0000	-3.0000	-2.9748	-2.9748	-9.5260	-0.0469	-20.6568	-10.1072	-0.0498	-21.2380	-11.6374	-0.0573	-21.0442	-9.3409	-0.0460	-18.7477	-8.8254	-0.0435	-19.9562		EFOR +5.9;TE +5.2	TE +5.2;BHVN +4.2
reentry	ep_close_620_prox	adr_150	x3|trail	A_disc	195	188	3	15.3448	15.3448	12.3758	12.3758	15.3448	-3.0000	-3.0000	-3.0000	-2.9748	-2.9748	-7.6813	-0.0394	-18.8121	-8.1782	-0.0419	-19.3090	-10.1919	-0.0523	-19.5987	-7.8002	-0.0400	-17.2070	-7.0529	-0.0362	-18.1837		EFOR +5.9;TE +5.2	TE +5.2;BHVN +4.2
reentry	ep_close_620_prox	adr_150	x3|trail	B	13	13	0	0	0	0	0	0	-1.7139	-1.7139	-1.3754	-1.1348	-1.2707	-6.3116	-0.4855	-8.4427	-6.2219	-0.4786	-8.3530	-5.5975	-0.4306	-6.9207	-4.1924	-0.3225	-5.5142	-3.8582	-0.2968	-5.6510		IONQ +1.6;SEI +0.6	IONQ +1.2;SEI +0.1
reentry	ep_close_620_prox	adr_150	x4|trail	A	203	194	3	15.3448	15.3448	12.3758	12.3758	15.3448	-4.0000	-4.0000	-3.7500	-3.7248	-3.8374	-10.5260	-0.0519	-21.6568	-11.1072	-0.0547	-22.2380	-12.3874	-0.0610	-21.7942	-10.0909	-0.0497	-19.4977	-9.6880	-0.0477	-20.8188		EFOR +5.9;TE +5.2	TE +5.2;BHVN +4.2
reentry	ep_close_620_prox	adr_150	x4|trail	A_disc	195	188	3	15.3448	15.3448	12.3758	12.3758	15.3448	-4.0000	-4.0000	-3.7500	-3.7248	-3.8374	-8.6813	-0.0445	-19.8121	-9.1782	-0.0471	-20.3090	-10.9419	-0.0561	-20.3487	-8.5502	-0.0438	-17.9570	-7.9155	-0.0406	-19.0463		EFOR +5.9;TE +5.2	TE +5.2;BHVN +4.2
reentry	ep_close_620_prox	adr_150	x4|trail	B	13	13	0	0	0	0	0	0	-1.7139	-1.7139	-1.3754	-1.1348	-1.2707	-6.3116	-0.4855	-8.4427	-6.2219	-0.4786	-8.3530	-5.5975	-0.4306	-6.9207	-4.1924	-0.3225	-5.5142	-3.8582	-0.2968	-5.6510		IONQ +1.6;SEI +0.6	IONQ +1.2;SEI +0.1
reentry	ep_close_620_prox	adr_150	x1|none	A	203	194	7	32.1561	32.1561	29.0614	26.2547	29.3494	-6.0144	-6.0144	-4.5108	-4.5108	-4.5799	-64.6742	-0.3186	-77.3633	-65.1827	-0.3211	-77.8718	-59.0170	-0.2907	-69.8331	-51.6128	-0.2543	-60.7234	-54.8949	-0.2704	-65.9810		NRIX +6.5;EFOR +6.2	NRIX +4.9;BHVN +4.2
reentry	ep_close_620_prox	adr_150	x1|none	A_disc	195	188	7	32.1561	32.1561	29.0614	26.2547	29.3494	-1.8730	-1.8730	-1.8730	-1.5888	-1.5888	-53.7074	-0.2754	-66.3965	-54.2526	-0.2782	-66.9417	-50.3405	-0.2582	-61.1566	-43.0501	-0.2208	-52.1607	-45.8144	-0.2349	-56.9005		NRIX +6.5;EFOR +6.2	NRIX +4.9;BHVN +4.2
reentry	ep_close_620_prox	adr_150	x1|none	B	13	13	1	3.3656	2.9121	2.5242	1.4560	1.4560	-1.1357	-1.1357	-1.0000	-1.0000	-1.0000	-3.7078	-0.2852	-8.6515	-3.8900	-0.2992	-8.3802	-4.2857	-0.3297	-7.9935	-3.5493	-0.2730	-6.1889	-2.5006	-0.1924	-5.2901		QCOM +3.4;IONQ +1.6	QCOM +1.5;IONQ +1.2
reentry	ep_close_620_prox	adr_150	x2|none	A	203	194	7	32.1561	32.1561	29.0614	26.2547	29.3494	-6.0144	-6.0144	-4.5108	-4.5108	-4.5799	-83.1664	-0.4097	-95.8555	-83.2448	-0.4101	-95.9339	-74.2865	-0.3659	-85.1026	-65.7869	-0.3241	-74.8975	-69.9257	-0.3445	-81.0117		NRIX +6.5;EFOR +6.2	NRIX +4.9;BHVN +4.2
reentry	ep_close_620_prox	adr_150	x2|none	A_disc	195	188	7	32.1561	32.1561	29.0614	26.2547	29.3494	-3.1157	-2.7104	-2.4545	-2.0000	-2.1702	-74.2362	-0.3807	-86.9253	-74.3513	-0.3813	-87.0404	-66.2492	-0.3397	-77.0653	-57.9684	-0.2973	-67.0790	-63.2224	-0.3242	-74.3085		NRIX +6.5;EFOR +6.2	NRIX +4.9;BHVN +4.2
reentry	ep_close_620_prox	adr_150	x2|none	B	13	13	1	3.3656	2.9121	2.5242	1.4560	1.4560	-1.7139	-1.7139	-1.1409	-1.1348	-1.2707	-2.3066	-0.1774	-7.2503	-2.4888	-0.1914	-6.9790	-3.0902	-0.2377	-6.7980	-2.5092	-0.1930	-5.1489	-1.5964	-0.1228	-4.3860		QCOM +3.4;IONQ +1.6	QCOM +1.5;IONQ +1.2
reentry	ep_close_620_prox	adr_150	x3|none	A	203	194	7	32.1561	32.1561	29.0614	26.2547	29.3494	-6.0144	-6.0144	-4.5108	-4.5108	-4.5799	-84.8448	-0.4180	-97.5339	-84.7883	-0.4177	-97.4774	-75.8656	-0.3737	-86.6817	-68.3583	-0.3367	-77.4689	-72.5488	-0.3574	-83.6349		NRIX +6.5;EFOR +6.2	NRIX +4.9;BHVN +4.2
reentry	ep_close_620_prox	adr_150	x3|none	A_disc	195	188	7	32.1561	32.1561	29.0614	26.2547	29.3494	-4.1157	-3.5427	-3.0000	-3.0000	-3.3442	-75.9146	-0.3893	-88.6037	-75.8948	-0.3892	-88.5839	-67.8283	-0.3478	-78.6444	-60.5398	-0.3105	-69.6504	-65.8456	-0.3377	-76.9316		NRIX +6.5;EFOR +6.2	NRIX +4.9;BHVN +4.2
reentry	ep_close_620_prox	adr_150	x3|none	B	13	13	1	3.3656	2.9121	2.5242	1.4560	1.4560	-1.7139	-1.7139	-1.1409	-1.1348	-1.2707	-2.3066	-0.1774	-7.2503	-2.4888	-0.1914	-6.9790	-3.0902	-0.2377	-6.7980	-2.5092	-0.1930	-5.1489	-1.5964	-0.1228	-4.3860		QCOM +3.4;IONQ +1.6	QCOM +1.5;IONQ +1.2
reentry	ep_close_620_prox	adr_150	x4|none	A	203	194	7	32.1561	32.1561	29.0614	26.2547	29.3494	-6.0144	-6.0144	-4.5108	-4.5108	-4.5799	-87.8448	-0.4327	-100.5339	-87.6705	-0.4319	-100.3596	-77.8656	-0.3836	-88.6817	-70.2994	-0.3463	-79.4100	-74.8525	-0.3687	-85.9385		NRIX +6.5;EFOR +6.2	NRIX +4.9;BHVN +4.2
reentry	ep_close_620_prox	adr_150	x4|none	A_disc	195	188	7	32.1561	32.1561	29.0614	26.2547	29.3494	-4.1157	-4.0000	-3.7500	-3.7248	-4.0000	-78.9146	-0.4047	-91.6037	-78.7769	-0.4040	-91.4660	-69.8283	-0.3581	-80.6444	-62.4809	-0.3204	-71.5915	-68.1493	-0.3495	-79.2353		NRIX +6.5;EFOR +6.2	NRIX +4.9;BHVN +4.2
reentry	ep_close_620_prox	adr_150	x4|none	B	13	13	1	3.3656	2.9121	2.5242	1.4560	1.4560	-1.7139	-1.7139	-1.1409	-1.1348	-1.2707	-2.3066	-0.1774	-7.2503	-2.4888	-0.1914	-6.9790	-3.0902	-0.2377	-6.7980	-2.5092	-0.1930	-5.1489	-1.5964	-0.1228	-4.3860		QCOM +3.4;IONQ +1.6	QCOM +1.5;IONQ +1.2
