ticker|ep_date|era|split|month|tier|adr|ep_low|ep_close|ep_high|runner|labelled|status|holes|mm_sessions|first_dip_date|first_dip_s|hb_fired|fire_date|week|s_idx|fire_minute|grade|touch_open|stop_dip|undercut|same_bar|dip_in_session|same_bar_1min|rungs_before|rungs_same_day_ambiguous|strict|variant|n_after|readable|lane_fire_dates|first_lane_fire|entry_rec|entry_fill|dip_w_adr|n_ep_sess|o_fill_orig|o_fill_scaled|o_rec_orig|o_rec_scaled|o_close_orig|o_close_scaled|fill_dip_status|fill_dip_w_adr|fill_dip_w_pct|fill_dip_trail_r|fill_dip_trail_oc|fill_dip_trail_s10|fill_dip_none_r|fill_dip_none_oc|fill_dip_none_s10|fill_dip_mfe|fill_dip_stop_idx|fill_adr_status|fill_adr_w_adr|fill_adr_w_pct|fill_adr_trail_r|fill_adr_trail_oc|fill_adr_trail_s10|fill_adr_none_r|fill_adr_none_oc|fill_adr_none_s10|fill_adr_mfe|fill_adr_stop_idx|rec_dip_status|rec_dip_w_adr|rec_dip_w_pct|rec_dip_trail_r|rec_dip_trail_oc|rec_dip_trail_s10|rec_dip_none_r|rec_dip_none_oc|rec_dip_none_s10|rec_dip_mfe|rec_dip_stop_idx|rec_adr_status|rec_adr_w_adr|rec_adr_w_pct|rec_adr_trail_r|rec_adr_trail_oc|rec_adr_trail_s10|rec_adr_none_r|rec_adr_none_oc|rec_adr_none_s10|rec_adr_mfe|rec_adr_stop_idx|lane_n|lane_sum|lane_max|lane_adr_n|lane_adr_sum|lane_adr_max
ABCL|2026-08-10|A|DISC|2026-08|HIGH|0.700395|8.4|9.34|10.01|0|0|fire|0|0|2026-08-11|1|0|2026-08-11|2026-W33|1|625|minute|9.875|9.02|0|0|1||ep_close_reclaim||0|1|20|1|2026-08-11|2026-08-11 585 ep_close_reclaim|10.01|10.015|1.42063|20|stop|open|stop|open|stop|target|settled|1.42063|9.93514|-1.0045|stop|-1.0045|-1.0045|stop|-1.0045|0.3668|1|settled|1|6.99345|-1.1417|stop|-1.1417|-1.1417|stop|-1.1417|0.5211|1|settled|1.41349|9.89011|-1|stop|-1|-1|stop|-1|0.3737|1|settled|1|6.99695|-1.1279|stop|-1.1279|-1.1279|stop|-1.1279|0.5283|1|1|-1|-1|1|1.6419|1.6419
ABSI|2026-06-24|A|DISC|2026-06|HIGH|1.12304|8.67|10.075|11|0|0|fire|0|0|2026-06-25|1|1|2026-06-26|2026-W26|2|615|minute|10.955|9.32|0|0|0||ep_close_620_prox,ep_close_reclaim,ep_high_break||0|0|20|1|2026-06-25,2026-07-16|2026-06-25 570 ep_high_break|11|11.0055|1.50084|20|open|open|open|open|open|open|settled|1.50084|15.3151|-0.2437|trail_exit|-0.2437|-1.0028|stop|-0.475|0.6227|13|settled|1|10.2043|-0.3658|trail_exit|-0.3658|-1.0044|stop|-0.7128|0.9345|12|settled|1.49594|15.2727|-0.2381|trail_exit|-0.2381|-1|stop|-0.4702|0.628|13|settled|1|10.2094|-0.3562|trail_exit|-0.3562|-1|stop|-0.7034|0.9394|12|4|0.5384|2.7101|4|-0.1453|0.8326
ABVX|2026-06-03|A|DISC|2026-06|MODERATE|4.6591|80.77|90.15|92.1399|0|0|fire|0|0|2026-06-24|14|1|2026-06-24|2026-W26|14|605|minute|91.86|88.88|0|1|1|touch_first|ep_high_break||0|0|20|1|2026-06-04,2026-06-24|2026-06-04 570 ep_high_break|92.1399|92.186|0.709573|20|stop|stop|stop|stop|stop|target|settled|0.709573|3.5862|-1.0134|stop|-1.0134|-1.0134|stop|-1.0134|-0.7187|0|settled|1|5.05402|-1.0094|stop|-1.0094|-1.0094|stop|-1.0094|-0.51|0|settled|0.699684|3.53799|-1|stop|-1|-1|stop|-1|-0.7147|0|settled|1|5.05655|-1|stop|-1|-1|stop|-1|-0.5001|0|2|2.5826|1.4577|2|5.001|2.7452
ACHR|2026-08-10|A|DISC|2026-08|HIGH|0.423096|5.935|6.26|6.87|0|0|fire|0|0|2026-08-11|1|0|2026-08-11|2026-W33|1|665|minute|6.79|6.13|0|0|1||ep_close_reclaim||0|1|20|1|2026-08-11,2026-08-12,2026-08-25|2026-08-11 570 ep_close_reclaim|6.87|6.87343|1.75713|20|stop|stop|stop|stop|stop|open|settled|1.75713|10.8161|-1.0041|stop|-1.0041|-1.0041|stop|-1.0041|0.5603|5|settled|1|6.15552|-1.0076|stop|-1.0076|-1.0076|stop|-1.0076|0.4882|1|settled|1.74901|10.7715|-1|stop|-1|-1|stop|-1|0.5676|5|settled|1|6.1586|-1|stop|-1|-1|stop|-1|0.4963|1|3|-3|-1|3|-1.3926|0.0565
AEHR|2026-07-15|A|DISC|2026-07|HIGH|8.65389|86.28|87.79|110.2|0|0|fire|0|0|2026-07-16|1|0|2026-08-04|2026-W32|14|780|minute|109.56|63.81|1|0|0||ep_close_620_prox,ep_low_reclaim||0|1|20|1|2026-07-16,2026-07-23|2026-07-16 615 ep_low_reclaim|110.2|110.255|5.36696|20|stop|stop|stop|stop|stop|stop|settled|5.36696|42.1251|-0.0506|trail_exit|0.2785|-0.7256|time_exit|0.2785|0.7998||settled|1|7.84897|-1.0059|stop|-1.0059|-1.0059|stop|-1.0059|0.0861|1|settled|5.36059|42.0962|-0.0483|trail_exit|0.2813|-0.7245|time_exit|0.2813|0.8019||settled|1|7.8529|-1|stop|-1|-1|stop|-1|0.0924|1|2|-1.4393|-0.4393|2|-1.4083|-0.4083
AEIS|2026-08-04|A|DISC|2026-08|HIGH|19.9559|323.5|341.39|344.465|0|0|fire|0|0|2026-08-05|1|0|2026-08-05|2026-W32|1|570|minute|344.63|340.025|0|1|1|touch_first|||1|1|20|1|2026-08-05,2026-08-06|2026-08-05 585 ep_close_reclaim|344.465|344.802|0.239398|20|stop|stop|stop|stop|stop|stop|settled|0.239398|1.38555|-1.0356|stop|-1.0356|-1.0356|stop|-1.0356|-0.3961|0|settled|1|5.78765|-1.0081|stop|-1.0081|-1.0081|stop|-1.0081|0.295|1|settled|0.222495|1.28898|-1|stop|-1|-1|stop|-1|-0.3502|0|settled|1|5.79332|-1|stop|-1|-1|stop|-1|0.3119|1|3|-3|-1|3|-2.5624|-0.5497
AGX|2026-06-05|A|DISC|2026-06|HIGH|36.4125|660.26|694.72|779|0|0|fire|0|0|2026-06-08|1|0|2026-06-22|2026-W26|10|855|minute|777.87|576.37|1|0|0||ep_close_620_prox,ep_low_reclaim||0|1|20|1|2026-06-15,2026-06-16|2026-06-15 570 ep_low_reclaim|779|779.389|5.57555|20|stop|stop|stop|stop|stop|stop|settled|5.57555|26.0485|-0.3625|trail_exit|-0.3625|-1.0014|stop|-0.574|0.1298|17|settled|1|4.67192|-1.0102|stop|-1.0102|-1.0102|stop|-1.0102|0.3293|1|settled|5.56485|26.0116|-0.3595|trail_exit|-0.3595|-1|stop|-0.5716|0.132|17|settled|1|4.67426|-1|stop|-1|-1|stop|-1|0.34|1|2|-0.6179|0.3821|2|0.8935|0.9854
AIP|2026-05-13|A|DISC|2026-05|HIGH|2.10671|30.46|35.55|36.17|0|0|fire|0|0|2026-05-14|1|0|2026-05-14|2026-W20|1|575|minute|35.655|34.745|0|0|1||ep_close_reclaim||0|1|20|1|2026-05-14,2026-05-20|2026-05-14 570 ep_close_reclaim|36.17|36.1881|0.684995|20|stop|stop|stop|stop|stop|stop|settled|0.684995|3.98774|-1.012|stop|-1.012|-1.012|stop|-1.012|1.5813|1|settled|1|5.82155|-1.0081|stop|-1.0081|-1.0081|stop|-1.0081|1.0832|1|settled|0.676411|3.93973|-1|stop|-1|-1|stop|-1|1.614|1|settled|1|5.82446|-1|stop|-1|-1|stop|-1|1.0918|1|2|-2|-1|2|-1.1994|-0.1994
AKTS|2026-06-12|A|DISC|2026-06|HIGH|1.41657|20.96|21.93|22.6|0|0|fire|0|0|2026-06-15|1|1|2026-06-16|2026-W25|2|790|minute|22.47|20.5|1|0|0||ep_close_620_prox,ep_close_reclaim,ep_high_break,ep_low_reclaim||0|0|20|1|2026-06-15|2026-06-15 570 ep_high_break|22.6|22.6113|1.49043|20|target|target|target|target|target|target|settled|1.49043|9.33737|1.864|trail_exit|3.9138|1.135|time_exit|3.9138|5.4841||settled|1|6.26489|2.7781|trail_exit|5.8333|1.6916|time_exit|5.8333|8.1737||settled|1.48245|9.29204|1.8857|trail_exit|3.9476|1.1524|time_exit|3.9476|5.519||settled|1|6.26802|2.7955|trail_exit|5.8522|1.7083|time_exit|5.8522|8.1817||4|-4|-1|4|5.5816|3.8508
ALAB|2026-05-20|A|DISC|2026-05|HIGH|25.0906|250.44|287.48|287.7|0|0|fire|0|0|2026-05-21|1|0|2026-05-21|2026-W21|1|570|minute|284.85|284.85|0|1|1|dip_first|||1|1|20|1|2026-05-21|2026-05-21 580 ep_close_reclaim|287.7|287.844|0.119318|20|target|target|target|target|target|target|settled|0.119318|1.04006|-1.0476|stop|-1.0476|-1.0476|stop|-1.0476|-0.2818|0|settled|1|8.71675|1.1581|trail_exit|1.1581|6.0419|time_exit|1.1581|6.1037||settled|0.113584|0.990581|-1|stop|-1|-1|stop|-1|-0.2456|0|settled|1|8.72111|1.1702|trail_exit|1.1702|6.0565|time_exit|1.1702|6.1095||2|6.0092|4.0467|2|2.0513|1.1233
ALAB|2026-09-04|B|B|2026-09|MODERATE|18.0245|285.84|310.4|321.65|0|0|fire|0|0|2026-09-08|1|0|2026-09-21|2026-W39|10||daily|309.2|251.625|1|0|0||ep_low_reclaim||0|1|10|1|2026-09-10|2026-09-10 620 ep_low_reclaim|321.65|321.811|3.8939|20|target|target|target|target|target|open|marked|3.8939|21.8096|0.4038|trail_exit|0.4038|0.5749|open|0.5749|0.7987||marked|1|5.60098|1.5725|trail_exit|1.5725|2.2385|open|2.2385|3.1102||marked|3.88498|21.7705|0.4096|trail_exit|0.4096|0.5811|open|0.5811|0.8029||marked|1|5.60378|1.5912|trail_exit|1.5912|2.2575|open|2.2575|3.1191||0|||1|-0.2286|-0.2286
ALOY|2026-06-01|A|DISC|2026-06|HIGH|0.924419|9.34|10.99|11.47|1|0|fire|0|0|2026-06-02|1|0|2026-06-02|2026-W23|1|575|minute|11.3277|10.72|0|0|1||ep_close_reclaim||0|1|20|1|2026-06-02|2026-06-02 570 ep_close_reclaim|11.47|11.4757|0.817525|20|stop|target|stop|target|stop|target|settled|0.817525|6.5855|-1.0071|stop|-1.0071|-1.0071|stop|-1.0071|3.1152|1|settled|1|8.05542|-1.0057|stop|-1.0057|-1.0057|stop|-1.0057|2.5468|1|settled|0.811321|6.5388|-1|stop|-1|-1|stop|-1|3.1467|1|settled|1|8.05945|-1|stop|-1|-1|stop|-1|2.553|1|2|-2|-1|2|2.1912|3.1912
AMBQ|2026-05-12|A|DISC|2026-05|HIGH|3.91545|53.14|66.37|66.59|0|0|fire|0|0|2026-05-13|1|1|2026-05-13|2026-W20|1|575|minute|67.61|63.45|0|1|1|same_minute|ep_high_break||0|0|20|1|2026-05-13|2026-05-13 570 ep_high_break|66.59|67.6438|1.07109|20|stop|open|target|open|stop|open|settled|1.07109|6.19984|-1.0076|stop|-1.0076|-1.0076|stop|-1.0076|-0.5779|0|settled|1|5.78834|-1.0081|stop|-1.0081|-1.0081|stop|-1.0081|-0.6497|0|settled|0.80195|4.71542|-1|stop|-1|-1|stop|-1|-0.4363|0|settled|1|5.87994|2.7609|trail_exit|4.1834|4.2907|time_exit|4.1834|4.8975||2|3.0677|2.264|2|5.3455|2.7609
AMLX|2026-08-18|A|HOA|2026-08|HIGH|2.30234|28|35.11|35.39|0|0|fire|0|0|2026-08-28|8|1|2026-09-02|2026-W36|11|575|minute|34.97|32.98|0|0|0||ep_close_620_prox,ep_high_break||0|0|20|1|2026-08-19,2026-08-28,2026-09-02|2026-08-19 570 ep_high_break|35.39|35.4077|1.05445|20|stop|stop|stop|stop|stop|stop|settled|1.05445|6.85641|-0.3851|trail_exit|-0.3851|-1.0068|stop|-1.0068|0.0277|4|settled|1|6.50238|-0.4061|trail_exit|-0.4061|-1.0072|stop|-1.0072|0.0292|3|settled|1.04676|6.80983|-0.3734|trail_exit|-0.3734|-1|stop|-1|0.0353|4|settled|1|6.50563|-0.3909|trail_exit|-0.3909|-1|stop|-1|0.0369|4|3|-1.4124|-0.088|3|-1.0967|-0.2823
ANF|2026-05-27|A|DISC|2026-05|HIGH|3.49034|79.52|81.42|87.2|0|0|fire|0|0|2026-05-28|1|0|2026-06-11|2026-W24|11|585|minute|87.1|73.92|1|0|0||ep_close_620_prox,ep_low_reclaim||0|1|20|1|2026-05-28,2026-06-09|2026-05-28 580 ep_low_reclaim|87.2|87.2436|3.81728|20|target|open|target|open|stop|stop|settled|3.81728|15.2717|-0.1934|trail_exit|-0.1934|0.3228|time_exit|0.3168|0.5686||settled|1|4.00069|-0.738|trail_exit|-0.738|1.2322|time_exit|1.2092|2.1707||settled|3.80478|15.2294|-0.1875|trail_exit|-0.1875|0.3306|time_exit|0.3245|0.5738||settled|1|4.00269|-0.7134|trail_exit|-0.7134|1.2578|time_exit|1.2348|2.1832||2|1.665|2.665|2|-0.2479|0.7521
APPS|2026-08-05|A|DISC|2026-08|HIGH|1.04431|11.9|13.17|14.1|0|0|fire|0|0|2026-08-06|1|0|2026-08-06|2026-W32|1|950|minute|14.07|11.76|1|0|1||ep_close_620_prox,ep_low_reclaim||0|1|20|1|2026-08-06|2026-08-06 575 ep_low_reclaim|14.1|14.107|2.24747|20|stop|stop|stop|stop|stop|stop|settled|2.24747|16.6374|-0.713|trail_exit|-0.713|-1.0025|stop|-1.0025|0.5232|8|settled|1|7.40272|-1.0063|stop|-1.0063|-1.0063|stop|-1.0063|1.1759|3|settled|2.24072|16.5957|-0.7094|trail_exit|-0.7094|-1|stop|-1|0.5278|8|settled|1|7.40642|-1|stop|-1|-1|stop|-1|1.1826|3|2|-0.549|0.0794|2|-0.9521|0.0479
ARGX|2026-08-17|A|HOA|2026-08|HIGH|28.7162|925.62|987.84|1002.16|0|0|fire|0|0|2026-08-18|1|0|2026-08-18|2026-W34|1|680|minute|1000.89|980.45|0|0|1||ep_close_reclaim||0|1|20|1|2026-08-18|2026-08-18 570 ep_close_reclaim|1002.16|1002.66|0.77335|20|target|target|target|target|target|target|settled|0.77335|2.21488|0.9025|trail_exit|0.9025|-1.0221|stop|1.1409|3.1562|19|settled|1|2.86401|0.6979|trail_exit|0.6979|-0.6428|time_exit|0.8824|2.4409||settled|0.755901|2.16599|0.9699|trail_exit|0.9699|-1|stop|1.2141|3.2522|19|settled|1|2.86544|0.7332|trail_exit|0.7332|-0.6082|time_exit|0.9177|2.4583||2|0.6876|1.6876|2|2.0795|1.1445
ARM|2026-07-30|A|DISC|2026-07|HIGH|17.3694|232.67|241.54|268.48|0|0|fire|0|0|2026-07-31|1|0|2026-08-04|2026-W32|3|610|minute|266.57|219.39|1|0|0||ep_close_620_prox,ep_close_reclaim,ep_low_reclaim||0|1|20|1|2026-07-31,2026-08-03|2026-07-31 750 ep_close_620_prox|268.48|268.614|2.83397|20|stop|open|stop|open|stop|stop|settled|2.83397|18.3253|0.0544|trail_exit|0.0544|-0.6889|time_exit|-0.3133|0.6231||settled|1|6.46629|0.1543|trail_exit|0.1543|-1.0072|stop|-1.0072|1.7658|10|settled|2.82624|18.2844|0.0601|trail_exit|0.0601|-0.6857|time_exit|-0.3088|0.6275||settled|1|6.46952|0.1698|trail_exit|0.1698|-1|stop|-1|1.7735|10|3|-1.7866|0.2134|3|-0.2607|0.1992
ARX|2026-05-14|A|DISC|2026-05|HIGH|0.855765|13.72|14.61|15.4165|0|0|fire|0|0|2026-05-15|1|0|2026-05-15|2026-W20|1|605|minute|15.29|14.401|0|0|1||ep_close_reclaim||0|1|20|1|2026-05-15,2026-06-04,2026-06-11|2026-05-15 570 ep_close_reclaim|15.4165|15.4242|1.19567|20|target|open|target|open|target|open|settled|1.19567|6.63378|0.8186|trail_exit|0.8186|-1.007|stop|0.4279|2.3708|15|settled|1|5.54819|0.9788|trail_exit|0.9788|-1.0085|stop|0.5116|2.8346|13|settled|1.18666|6.5871|0.8405|trail_exit|0.8405|-1|stop|0.4466|2.3964|15|settled|1|5.55097|0.9974|trail_exit|0.9974|-1|stop|0.5299|2.8437|13|3|3.948|5.948|3|0.9232|1.8697
ASAN|2026-05-29|A|DISC|2026-05|MODERATE|0.501662|7|7.7|7.95|0|0|fire|0|0|2026-06-05|5|1|2026-06-05|2026-W23|5|820|minute|7.845|7.5401|0|0|1||ep_close_620_prox,ep_close_reclaim,ep_high_break||0|0|20|1|2026-06-01,2026-06-03,2026-06-05,2026-06-18|2026-06-01 570 ep_high_break|7.95|7.95397|0.825008|20|stop|stop|stop|stop|stop|stop|settled|0.825008|5.20337|-1.0091|stop|-1.0091|-1.0091|stop|-1.0091|-0.0217|2|settled|1|6.30706|-1.0074|stop|-1.0074|-1.0074|stop|-1.0074|0.7695|2|settled|0.817085|5.15597|-1|stop|-1|-1|stop|-1|-0.0122|2|settled|1|6.31021|-1|stop|-1|-1|stop|-1|0.7774|2|4|-2.9848|-0.4316|4|-3.2591|-0.2591
ASPI|2026-05-26|A|DISC|2026-05|MODERATE|0.531187|6.38|6.93|7.04|0|0|fire|0|0|2026-05-27|1|0|2026-05-27|2026-W22|1|590|minute|6.88|6.66|0|0|1||||1|1|20|1|2026-05-27,2026-06-08,2026-06-09|2026-05-27 590 ep_close_reclaim|7.04|7.04352|0.722005|20|target|target|target|target|target|target|settled|0.722005|5.445|-1.0087|stop|-1.0087|-1.0087|stop|-1.0087|0.3819|0|settled|1|7.5415|-1.0061|stop|-1.0061|-1.0061|stop|-1.0061|2.8172|7|settled|0.715379|5.39773|-1|stop|-1|-1|stop|-1|0.3947|0|settled|1|7.54527|-1|stop|-1|-1|stop|-1|2.8239|7|3|-1.6685|0.0299|3|-0.8472|0.0188
ASTI|2026-05-27|A|DISC|2026-05|MODERATE|0.869332|5.76|6.77|7.44|0|0|fire|0|0|2026-05-28|1|0|2026-05-28|2026-W22|1|880|minute|7.31|6.15|0|0|1||ep_close_reclaim||0|1|20|1|2026-05-28,2026-06-03,2026-06-22|2026-05-28 750 ep_close_reclaim|7.44|7.44372|1.48818|20|target|open|target|open|target|open|settled|1.48818|17.38|-0.7706|trail_exit|-0.7706|-1.0024|stop|0.9754|1.8213|14|settled|1|11.6787|-1.0038|stop|-1.0038|-1.0038|stop|-1.0038|2.7104|2|settled|1.4839|17.3387|-0.7674|trail_exit|-0.7674|-1|stop|0.9845|1.8295|14|settled|1|11.6846|-1|stop|-1|-1|stop|-1|2.7147|2|3|-2.5455|-0.5455|3|-1.1848|0.0173
ATRO|2026-08-12|A|DISC|2026-08|HIGH|4.12133|79.5|87.89|92.5|0|0|fire|0|0|2026-08-13|1|0|2026-08-13|2026-W33|1|795|minute|92.1125|85.02|0|0|1||ep_close_reclaim||0|1|20|1|2026-08-13,2026-08-20|2026-08-13 570 ep_close_reclaim|92.5|92.5463|1.82617|20|stop|stop|stop|stop|stop|stop|settled|1.82617|8.13242|-1.0056|stop|-1.0056|-1.0056|stop|-1.0056|0.2543|3|settled|1|4.45327|-1.0107|stop|-1.0107|-1.0107|stop|-1.0107|0.4644|3|settled|1.81495|8.08649|-1|stop|-1|-1|stop|-1|0.262|3|settled|1|4.4555|-1|stop|-1|-1|stop|-1|0.4756|3|2|-2|-1|2|-1.9075|-0.9075
AVAV|2026-06-30|A|DISC|2026-06|HIGH|9.6124|157.791|165.07|178.5|0|0|fire|0|0|2026-07-01|1|0|2026-07-01|2026-W27|1|615|minute|176.785|164|0|0|1||ep_close_reclaim||0|1|20|1|2026-07-01,2026-07-07,2026-07-08|2026-07-01 570 ep_close_reclaim|178.5|178.589|1.51775|20|target|stop|target|stop|target|stop|settled|1.51775|8.16916|-1.0056|stop|-1.0056|-1.0056|stop|-1.0056|1.4936|3|settled|1|5.38241|-1.0088|stop|-1.0088|-1.0088|stop|-1.0088|2.2669|3|settled|1.50847|8.12325|-1|stop|-1|-1|stop|-1|1.509|3|settled|1|5.3851|-1|stop|-1|-1|stop|-1|2.2762|3|3|-3|-1|3|-0.6502|-0.0687
AVEX|2026-05-12|A|DISC|2026-05|MODERATE|3.81952|25.6|28.15|28.56|0|0|fire|0|0|2026-05-13|1|0|2026-05-18|2026-W21|4|945|minute|28|23.102|1|0|0||ep_low_reclaim||0|1|20|1|2026-05-13,2026-05-19|2026-05-13 575 ep_low_reclaim|28.56|28.5743|1.43271|20|stop|stop|stop|stop|stop|stop|settled|1.43271|19.1511|-0.4125|trail_exit|-0.4125|-1.0021|stop|0.7034|2.2999|13|settled|1|13.367|-0.591|trail_exit|-0.591|-1.0032|stop|-1.0032|0.0434|3|settled|1.42897|19.1106|-0.4086|trail_exit|-0.4086|-1|stop|0.7109|2.3085|13|settled|1|13.3737|-0.5838|trail_exit|-0.5838|-1|stop|-1|0.0471|3|2|-1.2651|-0.2651|2|-0.2108|-0.0576
BBWI|2026-05-27|A|DISC|2026-05|HIGH|0.895863|19.2|19.45|20.9|0|0|fire|0|0|2026-05-28|1|0|2026-06-16|2026-W25|14|610|minute|20.87|17.275|1|0|0||ep_close_620_prox,ep_close_reclaim,ep_low_reclaim||0|1|20|1|2026-05-28,2026-06-01,2026-06-15|2026-05-28 570 ep_close_reclaim|20.9|20.9104|4.05804|20|stop|stop|stop|stop|stop|stop|settled|4.05804|17.3858|0.2747|trail_exit|0.3984|0.0547|time_exit|0.3984|0.7742||settled|1|4.28428|-1.0112|stop|-1.0112|-1.0112|stop|-1.0112|0.8869|3|settled|4.04638|17.3445|0.2814|trail_exit|0.4055|0.0607|time_exit|0.4055|0.7793||settled|1|4.28642|-1|stop|-1|-1|stop|-1|0.8986|3|3|-3|-1|3|0.9469|2.9469
BE|2026-08-12|A|DISC|2026-08|HIGH|26.8278|231.18|237.16|249.99|0|0|fire|0|0|2026-08-13|1|0|2026-08-13|2026-W33|1|580|minute|247.03|233.44|0|0|1||ep_close_reclaim||0|1|20|1|2026-08-13,2026-08-14|2026-08-13 570 ep_close_reclaim|249.99|250.115|0.621556|20|stop|stop|stop|stop|stop|stop|settled|0.621556|6.66693|-1.007|stop|-1.007|-1.007|stop|-1.007|0.0045|1|settled|1|10.7262|-1.0981|stop|-1.0981|-1.0981|stop|-1.0981|0.1191|3|settled|0.616897|6.62026|-1|stop|-1|-1|stop|-1|0.0121|1|settled|1|10.7316|-1.0894|stop|-1.0894|-1.0894|stop|-1.0894|0.1238|3|3|-3|-1|3|-3|-1
BHVN|2026-05-29|A|DISC|2026-05|MODERATE|0.833735|10.55|11.01|12|0|0|fire|0|0|2026-06-01|1|0|2026-06-09|2026-W24|7|580|minute|11.94|9.9031|1|0|0||ep_close_620_prox,ep_close_reclaim,ep_low_reclaim||0|1|20|1|2026-06-01,2026-06-02,2026-06-03|2026-06-01 680 ep_close_reclaim|12|12.006|2.52226|20|stop|stop|stop|stop|target|target|settled|2.52226|17.5154|2.271|time_exit|1.4011|2.271|time_exit|1.4011|2.508||settled|1|6.94432|-1.0067|stop|-1.0067|-1.0067|stop|-1.0067|-0.1691|0|settled|2.51507|17.4742|2.2843|time_exit|1.4116|2.2843|time_exit|1.4116|2.518||settled|1|6.9478|-1|stop|-1|-1|stop|-1|-0.1619|0|3|4.6972|6.6972|3|11.5099|6.3209
BLSH|2026-08-13|A|DISC|2026-08|MODERATE|1.57055|25|27.48|28.24|0|0|fire|0|0|2026-08-14|1|0|2026-08-19|2026-W34|4|755|minute|28.23|23.96|1|0|0||ep_low_reclaim||0|1|20|1|2026-08-14,2026-08-19|2026-08-14 635 ep_low_reclaim|28.24|28.2541|2.73415|20|target|target|target|target|target|target|settled|2.73415|15.1982|1.3062|trail_exit|1.0176|1.5459|time_exit|1.0176|2.6317||settled|1|5.55865|3.5713|trail_exit|2.7822|4.2268|time_exit|2.7822|7.1955||settled|2.72516|15.1558|1.3178|trail_exit|1.028|1.5584|time_exit|1.028|2.6437||settled|1|5.56143|3.5911|trail_exit|2.8016|4.2469|time_exit|2.8016|7.2045||2|1.5354|2.5354|2|9.7164|5.6159
BLZE|2026-07-31|A|DISC|2026-07|HIGH|1.17071|13.4|13.72|14.71|0|0|fire|0|0|2026-08-03|1|0|2026-08-03|2026-W32|1|840|minute|14.6799|13.4492|0|0|1||ep_close_reclaim||0|1|20|1|2026-08-03|2026-08-03 575 ep_close_reclaim|14.71|14.7174|1.08323|20|target|target|target|target|target|target|settled|1.08323|8.61673|1.6986|trail_exit|3.677|-0.4688|time_exit|3.677|7.3119||settled|1|7.95464|1.8401|trail_exit|3.983|-0.5077|time_exit|3.983|7.9205||settled|1.07695|8.57104|1.7211|trail_exit|3.7119|-0.46|time_exit|3.7119|7.3604||settled|1|7.95861|1.8536|trail_exit|3.9976|-0.4954|time_exit|3.9976|7.9268||1|5.9902|5.9902|1|2.5113|2.5113
BRUN|2026-08-12|A|DISC|2026-08|none|2.41929|19.6|22.17|22.2|0|0|fire|0|0|2026-08-13|1|0|2026-08-13|2026-W33|1|570|minute|22.42|21.75|0|1|1|dip_first|||1|1|20|1|2026-08-13,2026-08-21|2026-08-13 570 ep_close_reclaim|22.2|22.4312|0.281575|20|stop|target|stop|target|stop|target|settled|0.281575|3.03688|-1.016|stop|-1.016|-1.016|stop|-1.016|0.5267|0|settled|1|10.7854|-0.9554|trail_exit|-0.9554|-1.0041|stop|-1.0041|1.8472|4|settled|0.186005|2.02703|-1|stop|-1|-1|stop|-1|1.3111|0|settled|1|10.8977|-0.8556|trail_exit|-0.8556|-1|stop|-1|1.9427|4|3|-2.2939|-0.2939|3|-1.7691|-0.2769
BULL|2026-08-20|A|HOA|2026-08|HIGH|0.385064|8.82|8.85|9.95|0|0|fire|0|0|2026-08-21|1|0|2026-09-03|2026-W36|10||daily|9.2|8.41|1|0|0||ep_close_620_prox,ep_low_reclaim||0|1|20|1|2026-08-21|2026-08-21 575 ep_low_reclaim|9.95|9.95497|4.01226|20|stop|stop|stop|stop|stop|stop|settled|4.01226|15.5196|-0.4269|trail_exit|-0.4269|-1.0027|stop|-1.0027|0.1521|8|settled|1|3.86805|-1.0124|stop|-1.0124|-1.0124|stop|-1.0124|0.6104|0|settled|3.99934|15.4774|-0.4221|trail_exit|-0.4221|-1|stop|-1|0.1558|8|settled|1|3.86999|-1|stop|-1|-1|stop|-1|0.6233|0|2|-2|-1|2|-2.1557|-1
BW|2026-05-11|A|DISC|2026-05|HIGH|1.54911|15.56|18.91|18.99|0|0|fire|0|0|2026-05-12|1|0|2026-05-12|2026-W20|1|570|minute|18.73|18.4|0|1|1|dip_first|||1|1|20|1|2026-05-12,2026-06-09|2026-05-12 570 ep_close_reclaim|18.99|18.9995|0.386993|20|open|open|open|open|open|open|settled|0.386993|3.15532|-1.0153|stop|-1.0153|-1.0153|stop|-1.0153|1.3019|0|settled|1|8.15344|0.02|trail_exit|0.02|-1.0056|stop|0.2522|1.9563|13|settled|0.380863|3.1069|-1|stop|-1|-1|stop|-1|1.339|0|settled|1|8.15752|0.0323|trail_exit|0.0323|-1|stop|0.2647|1.9624|13|3|-0.4727|1.5273|3|-0.5288|0.5422
BZH|2026-05-11|A|DISC|2026-05|HIGH|1.16433|24.1|25.16|25.6|0|0|fire|0|0|2026-05-12|1|0|2026-05-29|2026-W22|13|605|minute|25.545|21.01|1|0|0||ep_close_620_prox,ep_low_reclaim||0|1|20|1|2026-05-12|2026-05-12 620 ep_close_620_prox|25.6|25.6128|3.95318|20|open|target|open|target|target|target|settled|3.95318|17.9707|0.1855|trail_exit|0.3788|0.7892|time_exit|0.3788|0.9097||settled|1|4.54589|0.7334|trail_exit|1.4974|3.1198|time_exit|1.4974|3.5962||settled|3.94219|17.9297|0.1917|trail_exit|0.3856|0.7974|time_exit|0.3856|0.915||settled|1|4.54816|0.7558|trail_exit|1.5202|3.1434|time_exit|1.5202|3.6072||2|-2|-1|2|-2|-1
CAMT|2026-06-02|A|DISC|2026-06|MODERATE|11.0461|175|187.52|190.45|0|0|fire|0|0|2026-06-03|1|0|2026-06-12|2026-W24|8|590|minute|188.65|158.3|1|0|0||ep_close_620_prox,ep_low_reclaim||0|1|20|1|2026-06-03,2026-06-04|2026-06-03 770 ep_close_620_prox|190.45|190.545|2.91916|20|stop|stop|stop|stop|stop|stop|settled|2.91916|16.9226|-0.3875|trail_exit|-0.3875|-1.0025|stop|-1.0025|0.4325|9|settled|1|5.79709|-1.0081|stop|-1.0081|-1.0081|stop|-1.0081|1.214|3|settled|2.91054|16.8811|-0.3829|trail_exit|-0.3829|-1|stop|-1|0.4367|9|settled|1|5.79999|-1|stop|-1|-1|stop|-1|1.2226|3|2|-2.5967|-1|2|-2|-1
CBRL|2026-06-10|A|DISC|2026-06|MODERATE|2.28884|43.15|44.49|48.9099|0|0|fire|0|0|2026-06-11|1|0|2026-06-25|2026-W26|10|570|minute|48.67|42.58|1|0|0||ep_close_620_prox,ep_low_reclaim||0|1|20|1|2026-06-11,2026-06-15|2026-06-11 570 ep_low_reclaim|48.9099|48.9344|2.77623|20|target|target|target|target|target|target|settled|2.77623|12.9855|0.2534|trail_exit|0.2534|0.7474|time_exit|0.2298|1.0718||settled|1|4.67737|0.7036|trail_exit|0.7036|2.0748|time_exit|0.6381|2.9756||settled|2.76555|12.942|0.2623|trail_exit|0.2623|0.7583|time_exit|0.2386|1.0798||settled|1|4.67971|0.7253|trail_exit|0.7253|2.0972|time_exit|0.6598|2.9863||2|-2|-1|2|6.0599|3.1195
CGEM|2026-08-13|A|DISC|2026-08|HIGH|1.11807|18.775|19.64|21|0|0|fire|0|0|2026-08-14|1|0|2026-08-17|2026-W34|2|725|minute|20.89|18.58|1|0|0||ep_close_620_prox,ep_low_reclaim||0|1|20|1|2026-08-14|2026-08-14 585 ep_low_reclaim|21|21.0105|2.17384|20|open|open|open|open|target|open|settled|2.17384|11.568|0.2792|trail_exit|0.2792|-1.0161|stop|0.4314|0.8967|19|settled|1|5.32146|0.607|trail_exit|0.607|-2.209|stop|0.9377|1.9493|19|settled|2.16445|11.5238|0.2893|trail_exit|0.2893|-1.0124|stop|0.4421|0.905|19|settled|1|5.32412|0.6261|trail_exit|0.6261|-2.1913|stop|0.957|1.9587|19|2|5.6362|3.2449|2|4.1008|2.1331
CHA|2026-05-29|A|DISC|2026-05|MODERATE|0.479308|11.32|12.76|12.96|0|0|fire|0|0|2026-06-01|1|0|2026-06-01|2026-W23|1|575|minute|12.715|12.3801|0|0|1||||1|1|20|1|2026-06-01,2026-06-05|2026-06-01 575 ep_close_reclaim|12.96|12.9665|1.22339|20|stop|stop|stop|stop|stop|stop|settled|1.22339|4.52228|-1.0106|stop|-1.0106|-1.0106|stop|-1.0106|0.7393|2|settled|1|3.69652|-1.013|stop|-1.013|-1.013|stop|-1.013|0.9045|2|settled|1.20987|4.47454|-1|stop|-1|-1|stop|-1|0.7588|2|settled|1|3.69836|-1|stop|-1|-1|stop|-1|0.918|2|3|-3|-1|3|-2.146|-0.146
CLF|2026-07-23|A|DISC|2026-07|MODERATE|0.515869|10.6|10.96|11.465|0|0|fire|0|0|2026-08-03|7|1|2026-08-04|2026-W32|8|570|minute|11.59|10.865|0|0|0||ep_close_620_prox,ep_close_reclaim,ep_high_break||0|0|20|1|2026-07-24,2026-08-03,2026-08-20|2026-07-24 570 ep_high_break|11.465|11.5958|1.41663|20|target|open|target|target|stop|stop|settled|1.41663|6.30224|0.4082|trail_exit|0.4082|-1.0074|stop|0.3808|1.7231|12|settled|1|4.44876|0.5782|trail_exit|0.5782|-1.0107|stop|0.5394|2.4409|11|settled|1.16309|5.23332|0.725|trail_exit|0.725|-1|stop|0.6917|2.3167|12|settled|1|4.49951|0.8432|trail_exit|0.8432|-1|stop|0.8045|2.6945|12|4|6.2575|6.3929|4|2.3923|1.7349
CLSK|2026-07-14|A|DISC|2026-07|HIGH|1.08819|12.8|13.45|15.1|0|0|fire|0|0|2026-07-15|1|0|2026-07-20|2026-W30|4|840|minute|15.02|12.15|1|0|0||ep_close_620_prox,ep_close_reclaim,ep_low_reclaim||0|1|20|1|2026-07-15,2026-07-16|2026-07-15 675 ep_close_reclaim|15.1|15.1075|2.71787|20|stop|stop|stop|stop|stop|stop|settled|2.71787|19.5766|-0.3684|trail_exit|-0.3684|-1.0021|stop|-1.0021|0.3354|7|settled|1|7.20294|-1.0064|stop|-1.0064|-1.0064|stop|-1.0064|0.9116|5|settled|2.71093|19.5364|-0.3644|trail_exit|-0.3644|-1|stop|-1|0.3388|7|settled|1|7.20655|-1|stop|-1|-1|stop|-1|0.9185|5|3|-3|-1|3|0.0506|0.5927
COHU|2026-07-31|A|DISC|2026-07|HIGH|3.83844|46.915|47.99|57.88|0|0|fire|0|0|2026-08-03|1|0|2026-08-12|2026-W33|8|695|minute|55.54|45.5423|1|0|0||ep_close_620_prox,ep_low_reclaim||0|1|20|1|2026-08-03|2026-08-03 575 ep_low_reclaim|57.88|57.9089|3.22179|20|stop|stop|stop|stop|stop|stop|settled|3.22179|21.3553|-0.2221|trail_exit|-0.2221|-1.0497|stop|-0.5559|0.4545|14|settled|1|6.62841|-1.007|stop|-1.007|-1.007|stop|-1.007|1.4644|5|settled|3.21425|21.316|-0.218|trail_exit|-0.218|-1.048|stop|-0.5528|0.4579|14|settled|1|6.63172|-1|stop|-1|-1|stop|-1|1.472|5|2|0.4746|0.4639|2|0.2813|0.2722
CORT|2026-07-30|A|DISC|2026-07|HIGH|5.33235|104.75|118.32|122.21|0|0|fire|0|0|2026-07-31|1|0|2026-08-21|2026-W34|16|575|minute|122.488|107.32|0|0|0||ep_close_620_prox,ep_close_reclaim||0|1|20|1|2026-08-18|2026-08-18 570 ep_close_reclaim|122.21|122.549|2.85599|20|stop|stop|stop|stop|stop|stop|settled|2.85599|12.427|-0.3728|trail_exit|-0.3728|-0.5808|time_exit|-0.7213|0.2518||settled|1|4.35119|-1.011|stop|-1.011|-1.011|stop|-1.011|0.719|4|settled|2.79239|12.1839|-0.3546|trail_exit|-0.3546|-0.5675|time_exit|-0.7112|0.2803||settled|1|4.36327|-1|stop|-1|-1|stop|-1|0.7826|4|2|-1.1443|-0.1443|2|-0.617|-0.3038
CORZ|2026-07-28|A|DISC|2026-07|HIGH|1.4923|19.575|20.745|21.26|0|0|fire|0|0|2026-07-29|1|0|2026-07-30|2026-W31|2|575|minute|20.71|17.915|1|0|0||ep_low_reclaim||0|1|20|1|2026-07-30,2026-07-31|2026-07-30 570 ep_low_reclaim|21.26|21.2706|2.24863|20|stop|open|stop|open|stop|open|settled|2.24863|15.7759|0.1575|trail_exit|0.1575|-1.0027|stop|-0.4471|0.6942|15|settled|1|7.01578|0.3541|trail_exit|0.3541|-1.0066|stop|-1.0066|1.5609|7|settled|2.24151|15.7338|0.1644|trail_exit|0.1644|-1|stop|-0.4425|0.6996|15|settled|1|7.01929|0.3686|trail_exit|0.3686|-1|stop|-1|1.568|7|2|-0.6039|0.3961|2|0.5361|0.7405
CPA|2026-05-14|A|DISC|2026-05|HIGH|4.60018|123.653|135.51|136|0|0|fire|0|0|2026-05-15|1|0|2026-05-18|2026-W21|2|575|minute|133.45|130.25|0|0|0||||1|1|20|1|2026-05-18|2026-05-18 580 ep_close_reclaim|136|136.068|1.26473|20|stop|stop|stop|stop|stop|stop|settled|1.26473|4.2758|-1.0112|stop|-1.0112|-1.0112|stop|-1.0112|0.0777|1|settled|1|3.38079|-1.0143|stop|-1.0143|-1.0143|stop|-1.0143|0.0946|0|settled|1.24995|4.22794|-1|stop|-1|-1|stop|-1|0.0904|1|settled|1|3.38248|-1|stop|-1|-1|stop|-1|0.1094|0|2|-2|-1|2|-2|-1
CRMD|2026-05-14|A|DISC|2026-05|HIGH|0.304613|7.86|7.93|8.94|0|0|fire|0|0|2026-05-15|1|0|2026-06-10|2026-W24|18|620|minute|8.84|7.505|1|0|0||ep_close_620_prox,ep_low_reclaim||0|1|20|1|2026-05-18,2026-05-19|2026-05-18 600 ep_low_reclaim|8.94|8.94447|4.72557|20|stop|stop|stop|stop|stop|stop|settled|4.72557|16.0934|-0.2423|trail_exit|-0.2423|-1.0026|stop|-0.8533|0.0977|12|settled|1|3.4056|-1.0142|stop|-1.0142|-1.0142|stop|-1.0142|0.4617|3|settled|4.71089|16.0515|-0.2369|trail_exit|-0.2369|-1|stop|-0.8502|0.1011|12|settled|1|3.40731|-1|stop|-1|-1|stop|-1|0.4763|3|2|-0.2267|0.7733|2|1.8712|0.952
CRSR|2026-05-27|A|DISC|2026-05|HIGH|0.540687|8.4|9.82|9.9|0|0|fire|0|0|2026-06-04|6|1|2026-06-04|2026-W23|6|715|minute|9.96|9.8|0|1|1|touch_first|ep_high_break||0|0|20|1|2026-05-28,2026-06-04,2026-06-09|2026-05-28 570 ep_high_break|9.9|9.96498|0.30513|20|stop|stop|stop|stop|stop|stop|settled|0.30513|1.6556|-1.0297|stop|-1.0297|-1.0297|stop|-1.0297|0.0001|0|settled|1|5.42587|-0.0924|trail_exit|-0.0924|-1.0087|stop|-1.0087|0.5826|1|settled|0.18495|1.0101|-1|stop|-1|-1|stop|-1|0.65|0|settled|1|5.46148|0.037|trail_exit|0.037|-1|stop|-1|0.7028|1|4|-1.9867|0.0133|4|0.2775|0.148
CRSR|2026-08-07|A|DISC|2026-08|MODERATE|0.827322|11.78|14.35|14.58|0|0|fire|0|0|2026-08-10|1|0|2026-08-10|2026-W33|1|570|minute|14.86|13.92|0|1|1|touch_first|||1|1|20|1|2026-08-25|2026-08-25 855 ep_low_reclaim|14.58|14.8674|1.14518|20|stop|stop|stop|stop|stop|stop|settled|1.14518|6.37252|-1.0073|stop|-1.0073|-1.0073|stop|-1.0073|-0.7783|0|settled|1|5.56466|-1.0085|stop|-1.0085|-1.0085|stop|-1.0085|-0.8913|0|settled|0.797754|4.52675|-1|stop|-1|-1|stop|-1|-0.6818|0|settled|1|5.67437|-1|stop|-1|-1|stop|-1|-0.3855|0|1|0.0091|0.0091|1|0.0121|0.0121
CRWD|2026-08-27|B|B|2026-08|HIGH|9.93993|206.1|227.96|229.08|0|0|fire|0|0|2026-08-28|1|0|2026-08-31|2026-W36|2|570|minute|221.835|210.53|0|0|0||||1|1|20|1|2026-08-31,2026-09-02|2026-08-31 570 ep_close_reclaim|229.08|229.195|1.87773|20|stop|stop|stop|stop|stop|stop|settled|1.87773|8.14354|-1.0056|stop|-1.0056|-1.0056|stop|-1.0056|0.251|2|settled|1|4.3369|-1.011|stop|-1.011|-1.011|stop|-1.011|0.4714|1|settled|1.86621|8.09761|-1|stop|-1|-1|stop|-1|0.2588|2|settled|1|4.33906|-1|stop|-1|-1|stop|-1|0.4829|1|2|-2|-1|2|-1.3099|-0.3099
CRWV|2026-08-12|A|DISC|2026-08|HIGH|8.89255|105.44|107.73|111.83|0|0|fire|0|0|2026-08-13|1|0|2026-08-13|2026-W33|1|570|minute|107.12|107.12|0|1|1|dip_first|||1|1|20|1|2026-08-13,2026-08-14|2026-08-13 570 ep_close_reclaim|111.83|111.886|0.535945|20|stop|stop|stop|stop|stop|stop|settled|0.535945|4.25962|-1.0112|stop|-1.0112|-1.0112|stop|-1.0112|1.1759|0|settled|1|7.94788|-1.0058|stop|-1.0058|-1.0058|stop|-1.0058|0.6302|1|settled|0.529657|4.21175|-1|stop|-1|-1|stop|-1|1.2017|0|settled|1|7.95185|-1|stop|-1|-1|stop|-1|0.6365|1|3|-3|-1|3|-3|-1
CSCO|2026-05-14|A|DISC|2026-05|HIGH|2.83833|113.97|115.53|119.36|0|0|fire|0|0|2026-05-15|1|0|2026-05-18|2026-W21|2|570|minute|118.82|114|0|0|0||ep_close_620_prox,ep_close_reclaim||0|1|20|1|2026-05-15,2026-05-20|2026-05-15 575 ep_close_reclaim|119.36|119.42|1.90946|20|stop|stop|stop|stop|stop|stop|settled|1.90946|4.53835|-1.0105|stop|-1.0105|-1.0105|stop|-1.0105|-0.0055|2|settled|1|2.37677|-1.0205|stop|-1.0205|-1.0205|stop|-1.0205|-0.2324|0|settled|1.88843|4.49062|-1|stop|-1|-1|stop|-1|0.0056|2|settled|1|2.37796|-1|stop|-1|-1|stop|-1|-0.2114|0|3|-3|-1|3|0.697|2.697
DCTH|2026-08-06|A|DISC|2026-08|HIGH|0.654086|14|15.47|15.62|0|0|fire|0|0|2026-08-07|1|1|2026-08-10|2026-W33|2|570|minute|15|14.965|0|0|0||ep_close_620_prox,ep_close_reclaim,ep_high_break||0|0|20|1|2026-08-07|2026-08-07 570 ep_high_break|15.62|15.6278|1.01334|20|target|open|target|open|open|open|settled|1.01334|4.24122|1.6805|trail_exit|1.6805|0.6701|time_exit|1.6805|2.7039||settled|1|4.1854|1.7029|trail_exit|1.7029|0.679|time_exit|1.7029|2.74||settled|1.0014|4.19334|1.7252|trail_exit|1.7252|0.7023|time_exit|1.7252|2.7481||settled|1|4.18749|1.7276|trail_exit|1.7276|0.7033|time_exit|1.7276|2.7519||3|-1.3025|0.6975|3|3.2884|2.3468
DELL|2026-05-29|A|DISC|2026-05|HIGH|23.231|402.27|420.91|429.151|0|0|fire|0|0|2026-06-03|3|1|2026-06-04|2026-W23|4|845|minute|427.495|399|1|0|0||ep_close_620_prox,ep_close_reclaim,ep_high_break,ep_low_reclaim||0|0|20|1|2026-06-01,2026-06-03,2026-06-04|2026-06-01 570 ep_high_break|429.151|429.366|1.30711|20|stop|stop|stop|stop|stop|stop|settled|1.30711|7.0722|-1.0066|stop|-1.0066|-1.0066|stop|-1.0066|0.0374|1|settled|1|5.41055|-1.0244|stop|-1.0244|-1.0244|stop|-1.0244|0.0488|1|settled|1.29788|7.02573|-1|stop|-1|-1|stop|-1|0.0447|1|settled|1|5.41326|-1.0065|stop|-1.0065|-1.0065|stop|-1.0065|0.0581|1|4|-5.032|-1|4|-4.1743|-1
DFTX|2026-06-22|A|DISC|2026-06|HIGH|2.20506|35.13|36.67|39.16|0|0|fire|0|0|2026-06-23|1|0|2026-06-24|2026-W26|2|570|minute|39.3|35.25|0|0|0||ep_close_620_prox,ep_close_reclaim||0|1|20|1|2026-06-23|2026-06-23 570 ep_close_reclaim|39.16|39.3196|1.8456|20|target|target|target|target|target|open|settled|1.8456|10.3502|1.0587|trail_exit|2.2375|0.8818|time_exit|2.2375|2.4278||settled|1|5.60803|1.9539|trail_exit|4.1296|1.6276|time_exit|4.1296|4.4808||settled|1.7732|9.98468|1.1483|trail_exit|2.376|0.9642|time_exit|2.376|2.5678||settled|1|5.63089|2.0362|trail_exit|4.213|1.7097|time_exit|4.213|4.5532||2|3.5814|4.5814|2|6.0112|3.1269
DG|2026-08-27|B|B|2026-08|HIGH|3.20688|124.5|125.89|132.5|0|0|fire|0|0|2026-08-28|1|0|2026-09-02|2026-W36|4||daily|131.5|121.34|1|0|0||ep_close_620_prox,ep_low_reclaim||0|1|20|1|2026-08-31|2026-08-31 570 ep_low_reclaim|132.5|132.566|3.50065|20|stop|stop|stop|stop|stop|stop|settled|3.50065|8.46834|-0.7178|trail_exit|-0.7178|-1.0054|stop|-0.684|0.1389|14|settled|1|2.41908|-1.0202|stop|-1.0202|-1.0202|stop|-1.0202|0.4861|3|settled|3.47999|8.42257|-0.7106|trail_exit|-0.7106|-1|stop|-0.6765|0.1456|14|settled|1|2.42029|-1|stop|-1|-1|stop|-1|0.5068|3|1|-0.1387|-0.1387|1|-0.1622|-0.1622
DOCN|2026-07-07|A|DISC|2026-07|HIGH|11.6336|136.1|137.04|148.12|0|0|fire|0|0|2026-07-08|1|0|2026-07-09|2026-W28|2|605|minute|146.675|134.5|1|0|0||ep_close_620_prox,ep_close_reclaim,ep_low_reclaim||0|1|20|1|2026-07-08|2026-07-08 570 ep_close_reclaim|148.12|148.194|1.17711|20|stop|stop|stop|stop|stop|stop|settled|1.17711|9.24063|-0.5421|trail_exit|-0.5421|-1.0049|stop|-1.0049|0.0147|1|settled|1|7.85025|-0.6382|trail_exit|-0.6382|-1.0059|stop|-1.0059|0.0173|1|settled|1.17075|9.19525|-0.5345|trail_exit|-0.5345|-1|stop|-1|0.0202|1|settled|1|7.85417|-0.6258|trail_exit|-0.6258|-1|stop|-1|0.0236|1|3|-1.826|0.174|3|0.395|0.3318
DRTS|2026-05-11|A|DISC|2026-05|MODERATE|0.727076|9.25|10.34|10.8|0|0|fire|0|0|2026-05-12|1|0|2026-05-15|2026-W20|4|590|minute|10.75|9.305|0|0|0||ep_close_620_prox,ep_close_reclaim||0|1|20|1|2026-05-14,2026-06-02|2026-05-14 670 ep_close_reclaim|10.8|10.8054|2.06361|20|stop|stop|stop|stop|stop|stop|settled|2.06361|13.8856|-0.5134|trail_exit|-0.5134|-1.0031|stop|-0.7633|0.5429|11|settled|1|6.72882|-1.0069|stop|-1.0069|-1.0069|stop|-1.0069|0.0062|1|settled|2.05618|13.8426|-0.5084|trail_exit|-0.5084|-1|stop|-0.7592|0.5485|11|settled|1|6.73219|-1|stop|-1|-1|stop|-1|0.0136|1|3|-1.4851|-0.1918|3|-1.121|-0.1926
DYN|2026-05-20|A|DISC|2026-05|HIGH|0.895093|16.055|17.56|17.64|0|0|fire|0|0|2026-05-21|1|0|2026-05-21|2026-W21|1|795|minute|17.47|16.99|0|0|1||ep_close_reclaim||0|1|20|1|2026-05-21,2026-05-22|2026-05-21 760 ep_close_reclaim|17.64|17.6488|0.736035|20|target|target|target|target|target|target|settled|0.736035|3.73294|-0.4364|trail_exit|-0.4364|-1.0129|stop|-1.0129|2.9768|7|settled|1|5.07169|-0.3212|trail_exit|-0.3212|-1.0094|stop|-1.0094|2.191|10|settled|0.726182|3.68481|-0.4154|trail_exit|-0.4154|-1|stop|-1|3.0308|7|settled|1|5.07422|-0.3016|trail_exit|-0.3016|-1|stop|-1|2.2009|10|2|-0.963|-0.3559|2|-0.6144|-0.2346
EFOR|2026-07-22|A|DISC|2026-07|MODERATE|1.32593|19.885|20.38|21.3699|1|0|fire|0|0|2026-07-23|1|0|2026-07-27|2026-W31|3|570|minute|21.27|19.28|1|0|0||ep_close_620_prox,ep_low_reclaim||0|1|20|1|2026-07-23|2026-07-23 570 ep_low_reclaim|21.3699|21.3806|1.58424|20|target|target|target|target|target|target|settled|1.58424|9.82473|4.8909|trail_exit|5.262|5.2858|time_exit|5.262|5.9028||settled|1|6.20154|7.7483|trail_exit|8.3362|8.3739|time_exit|8.3362|9.3515||settled|1.57618|9.77964|4.9285|trail_exit|5.3017|5.3257|time_exit|5.3017|5.9381||settled|1|6.20464|7.7682|trail_exit|8.3565|8.3942|time_exit|8.3565|9.3596||2|-2|-1|2|17.599|8.907
ELVN|2026-06-11|A|DISC|2026-06|HIGH|2.19832|40.245|40.36|45.5171|0|0|fire|0|0|2026-06-12|1|0|2026-06-12|2026-W24|1|660|minute|45.36|39|1|0|1||ep_low_reclaim||0|1|20|1|2026-06-12|2026-06-12 575 ep_low_reclaim|45.5171|45.5399|2.97493|20|stop|open|stop|open|stop|open|settled|2.97493|14.3607|0.9425|time_exit|0.8081|0.9425|time_exit|0.8081|1.0474||settled|1|4.82724|-1.0099|stop|-1.0099|-1.0099|stop|-1.0099|0.828|1|settled|2.96458|14.3179|0.9533|time_exit|0.8183|0.9533|time_exit|0.8183|1.0546||settled|1|4.82966|-1|stop|-1|-1|stop|-1|0.8383|1|1|3.6123|3.6123|1|4.5353|4.5353
EME|2026-07-30|A|DISC|2026-07|HIGH|29.0522|771.66|802.37|808.72|0|0|fire|0|0|2026-07-31|1|1|2026-08-03|2026-W32|2|625|minute|805.85|775.05|0|0|0||ep_close_620_prox,ep_close_reclaim,ep_high_break||0|0|20|1|2026-07-31,2026-08-03,2026-08-25|2026-07-31 570 ep_high_break|808.72|809.125|1.17288|20|open|open|open|open|open|open|settled|1.17288|4.21131|0.44|trail_exit|1.5549|-1.1598|stop|1.5549|1.6348|15|settled|1|3.59058|0.5161|trail_exit|1.8238|-1.0134|stop|1.8238|1.9174|14|settled|1.15896|4.16342|0.4695|trail_exit|1.5984|-1.1503|stop|1.5984|1.6664|15|settled|1|3.59237|0.5442|trail_exit|1.8525|-1|stop|1.8525|1.9313|14|4|-0.99|0.5834|4|-2.3725|0.6275
EROC|2026-08-12|A|DISC|2026-08|HIGH|1.45718|12.7335|13.82|14.28|0|0|fire|0|0|2026-08-20|6|1|2026-08-21|2026-W34|7|585|minute|14.11|12.68|1|0|0||ep_close_620_prox,ep_close_reclaim,ep_high_break,ep_low_reclaim||0|0|20|1|2026-08-13,2026-08-19,2026-08-20|2026-08-13 570 ep_high_break|14.28|14.2871|1.10291|20|stop|stop|stop|stop|stop|stop|settled|1.10291|11.2489|-0.1022|trail_exit|-0.1022|-1.0039|stop|-1.0039|0.1076|4|settled|1|10.1992|-0.1126|trail_exit|-0.1126|-1.0044|stop|-1.0044|0.1186|4|settled|1.09801|11.2045|-0.0937|trail_exit|-0.0937|-1|stop|-1|0.1125|4|settled|1|10.2043|-0.1029|trail_exit|-0.1029|-1|stop|-1|0.1235|4|4|1.5|4.5|4|-2.374|0.1853
ETON|2026-08-14|A|DISC|2026-08|HIGH|3.54356|53.01|58.86|59.79|0|0|fire|0|0|2026-08-17|1|0|2026-08-17|2026-W34|1|575|minute|58.35|56.65|0|0|1||||1|1|20|1|2026-08-17,2026-08-21|2026-08-17 575 ep_close_reclaim|59.79|59.8199|0.89455|20|open|open|open|open|open|open|settled|0.89455|5.29906|-0.022|trail_exit|-0.022|-1.0089|stop|0.1861|2.0663|15|settled|1|5.92372|-0.0197|trail_exit|-0.0197|-1.0079|stop|0.1665|1.8485|15|settled|0.886114|5.25171|-0.0032|trail_exit|-0.0032|-1|stop|0.207|2.0955|15|settled|1|5.92668|-0.0028|trail_exit|-0.0028|-1|stop|0.1834|1.8569|15|2|-1.2341|-0.2341|2|-0.397|-0.127
EVTC|2026-05-19|A|DISC|2026-05|MODERATE|1.21599|24|24.3|25.37|0|0|fire|0|0|2026-05-20|1|0|2026-06-01|2026-W23|8|760|minute|25.31|23.58|1|0|0||ep_close_620_prox,ep_low_reclaim||0|1|20|1|2026-05-20,2026-05-21|2026-05-20 575 ep_low_reclaim|25.37|25.3827|1.48249|20|stop|stop|stop|stop|stop|stop|settled|1.48249|7.10203|-0.563|trail_exit|-0.563|-1.0065|stop|-1.0065|0.1206|2|settled|1|4.79061|-1.0099|stop|-1.0099|-1.0099|stop|-1.0099|0.1787|1|settled|1.47206|7.05558|-0.5531|trail_exit|-0.5531|-1|stop|-1|0.1285|2|settled|1|4.79301|-1|stop|-1|-1|stop|-1|0.1891|1|2|1.7865|1.2151|2|0.7278|0.4646
FCEL|2026-06-24|A|DISC|2026-06|HIGH|3.26124|20.27|21.56|25.199|0|0|fire|0|0|2026-06-25|1|0|2026-06-26|2026-W26|2|650|minute|24.92|18.4001|1|0|0||ep_low_reclaim||0|1|20|1|2026-06-25,2026-07-08|2026-06-25 575 ep_low_reclaim|25.199|25.2116|2.08862|20|target|target|target|target|target|target|settled|2.08862|27.0173|0.108|trail_exit|0.108|-1.0014|stop|-0.9016|1.8599|13|settled|1|12.9355|0.2255|trail_exit|0.2255|-1.2394|stop|-1.2394|3.8845|7|settled|2.08476|26.9808|0.1119|trail_exit|0.1119|-1|stop|-0.9|1.8652|13|settled|1|12.9419|0.2333|trail_exit|0.2333|-1.2324|stop|-1.2324|3.8884|7|2|-1.1256|-0.1256|2|-0.4109|-0.0859
FET|2026-07-31|A|DISC|2026-07|HIGH|2.67531|56.29|62.67|64.5971|0|0|fire|0|0|2026-08-03|1|0|2026-08-03|2026-W32|1|570|minute|62.75|62.64|0|1|1|dip_first|||1|1|20|1|2026-08-03|2026-08-03 570 ep_close_reclaim|64.5971|64.6294|0.743613|20|target|target|target|target|target|open|settled|0.743613|3.07816|7.0027|trail_exit|10.8764|8.6959|time_exit|10.8764|11.456||settled|1|4.13947|5.2073|trail_exit|8.0878|6.4664|time_exit|8.0878|8.5189||settled|0.731541|3.0297|7.1549|trail_exit|11.0944|8.8769|time_exit|11.0944|11.6616||settled|1|4.14154|5.2341|trail_exit|8.116|6.4938|time_exit|8.116|8.5309||1|5.65|5.65|1|5.0686|5.0686
FIG|2026-05-15|A|DISC|2026-05|MODERATE|1.46461|21.31|22.92|23.93|0|0|fire|0|0|2026-05-18|1|0|2026-05-18|2026-W21|1|610|minute|23.5798|21.6|0|0|1||ep_close_reclaim||0|1|20|1|2026-05-18,2026-05-27|2026-05-18 600 ep_close_reclaim|23.93|23.942|1.59904|20|stop|stop|stop|stop|stop|stop|settled|1.59904|9.78184|-1.0046|stop|-1.0046|-1.0046|stop|-1.0046|0.8104|3|settled|1|6.11731|-1.04|stop|-1.04|-1.04|stop|-1.04|1.2959|2|settled|1.59087|9.73673|-1|stop|-1|-1|stop|-1|0.8197|3|settled|1|6.12037|-1.0242|stop|-1.0242|-1.0242|stop|-1.0242|1.3041|2|3|-3|-1|3|-2|0
FLNC|2026-07-31|A|DISC|2026-07|HIGH|1.15081|13.42|13.93|15.125|0|0|fire|0|0|2026-08-03|1|0|2026-08-04|2026-W32|2|570|minute|15.7|13.25|1|0|0||ep_low_reclaim||0|1|20|1|2026-08-03,2026-08-06|2026-08-03 570 ep_low_reclaim|15.125|15.7078|2.13576|20|stop|stop|stop|stop|stop|stop|settled|2.13576|15.6473|-0.6042|trail_exit|-0.6042|-1.1808|stop|-1.1808|0.0538|2|settled|1|7.32631|-1.0063|stop|-1.0063|-1.0063|stop|-1.0063|0.1148|1|settled|1.62929|12.3967|-0.4773|trail_exit|-0.4773|-1.2336|stop|-1.2336|0.3813|2|settled|1|7.60864|-0.7777|trail_exit|-0.7777|-2.0099|stop|-2.0099|0.6213|2|2|0.9143|1.45|2|-0.0174|0.504
FPS|2026-05-14|A|DISC|2026-05|HIGH|3.13904|44.51|50.19|51|0|0|fire|0|0|2026-05-15|1|0|2026-05-29|2026-W22|10|690|minute|50.6|41.7626|1|0|0||ep_low_reclaim||0|1|20|1|2026-05-20|2026-05-20 695 ep_low_reclaim|51|51.0255|2.95087|20|target|target|target|target|target|target|settled|2.95087|18.1535|0.2319|trail_exit|0.2319|0.425|time_exit|0.8609|1.6166||settled|1|6.1519|0.6842|trail_exit|0.6842|1.2542|time_exit|2.5406|4.7704||settled|2.94275|18.1125|0.2382|trail_exit|0.2382|0.4319|time_exit|0.8693|1.6238||settled|1|6.15497|0.7009|trail_exit|0.7009|1.2711|time_exit|2.5581|4.7785||1|2.9475|2.9475|1|2.7206|2.7206
FROG|2026-08-07|A|DISC|2026-08|HIGH|5.73591|84.79|89.52|96.255|0|0|fire|0|0|2026-08-10|1|0|2026-08-14|2026-W33|5|570|minute|95.67|85.3|0|0|0||ep_close_620_prox,ep_close_reclaim||0|1|20|1|2026-08-10,2026-08-11|2026-08-10 895 ep_close_reclaim|96.255|96.3031|1.91829|20|stop|stop|stop|stop|stop|stop|settled|1.91829|11.4255|-0.6024|trail_exit|-0.6024|-1.0992|stop|0.217|0.8595|16|settled|1|5.9561|-1.0079|stop|-1.0079|-1.0079|stop|-1.0079|0.3778|3|settled|1.9099|11.3812|-0.5965|trail_exit|-0.5965|-1.0958|stop|0.2268|0.8676|16|settled|1|5.95908|-1|stop|-1|-1|stop|-1|0.3862|3|2|-1.0023|-0.0023|2|0.4202|0.4219
FTK|2026-08-03|A|DISC|2026-08|HIGH|1.74443|24.54|26.76|26.88|0|0|fire|0|0|2026-08-04|1|1|2026-08-04|2026-W32|1|605|minute|26.64|26.27|0|0|1||ep_high_break||0|0|20|1|2026-08-04,2026-08-20|2026-08-04 570 ep_high_break|26.88|26.8934|0.357389|20|target|target|target|target|target|target|settled|0.357389|2.31819|2.8106|trail_exit|2.8106|-1.0211|stop|0.1813|20.4936|11|settled|1|6.48645|1.0045|trail_exit|1.0045|-1.0072|stop|0.0649|7.3242|11|settled|0.349684|2.26935|2.918|trail_exit|2.918|-1|stop|0.2295|20.9672|11|settled|1|6.48969|1.0204|trail_exit|1.0204|-1|stop|0.0803|7.3319|11|3|3.228|3.4673|3|2.2099|1.0634
FTNT|2026-07-30|A|DISC|2026-07|HIGH|6.59449|152.23|154.25|169.26|0|0|fire|0|0|2026-07-31|1|0|2026-08-05|2026-W32|4|570|minute|170.35|153.61|0|0|0||ep_close_reclaim||0|1|20|1|2026-07-31,2026-08-17,2026-08-19|2026-07-31 570 ep_close_reclaim|169.26|170.435|2.5514|20|stop|stop|stop|stop|stop|stop|settled|2.5514|9.87189|-0.5751|trail_exit|-0.5751|-1.0046|stop|-1.0046|0.0984|10|settled|1|3.86921|-1.5839|stop|-1.5839|-1.5839|stop|-1.5839|0.2509|1|settled|2.37319|9.24613|-0.538|trail_exit|-0.538|-1|stop|-1|0.1808|10|settled|1|3.89607|-1.3936|stop|-1.3936|-1.3936|stop|-1.3936|0.4291|1|3|4.8036|5.4554|3|0.8537|0.9265
FUTU|2026-05-26|A|DISC|2026-05|MODERATE|5.55691|97.65|107.7|107.83|0|0|fire|0|0|2026-05-27|1|0|2026-05-27|2026-W22|1|570|minute|111.035|103.54|0|1|1|same_minute|||1|1|20|1|2026-05-27,2026-05-28,2026-06-02|2026-05-27 585 ep_close_reclaim|107.83|111.091|1.35876|20|stop|stop|stop|stop|stop|stop|settled|1.35876|6.79673|-0.1226|trail_exit|-0.1226|-1.0069|stop|-1.0069|0.8886|2|settled|1|5.00215|-0.1666|trail_exit|-0.1666|-1.0095|stop|-1.0095|1.2074|1|settled|0.772012|3.97848|0.5571|trail_exit|0.5571|-1|stop|-1|2.324|2|settled|1|5.1534|0.4301|trail_exit|0.4301|-1|stop|-1|1.7942|2|3|-1.5817|0.4183|3|0.9951|0.6964
GH|2026-05-20|A|DISC|2026-05|HIGH|6.30195|100.48|114.97|115.08|0|0|fire|0|0|2026-05-21|1|0|2026-05-21|2026-W21|1|595|minute|114.75|111.2|0|0|1||||1|1|20|1|2026-05-21|2026-05-21 605 ep_close_reclaim|115.08|115.138|0.624813|20|target|open|target|open|target|open|settled|0.624813|3.41986|2.6436|trail_exit|2.6436|3.461|time_exit|2.6436|5.0439||settled|1|5.47341|1.6518|trail_exit|1.6518|2.1625|time_exit|1.6518|3.1515||settled|0.615683|3.37157|2.7139|trail_exit|2.7139|3.5438|time_exit|2.7139|5.1335||settled|1|5.47614|1.6709|trail_exit|1.6709|2.1819|time_exit|1.6709|3.1606||2|3.8876|2.6343|2|2.9292|1.6574
GLOB|2026-05-15|A|DISC|2026-05|HIGH|2.0919|37.12|38.91|40.46|0|0|fire|0|0|2026-05-18|1|0|2026-05-18|2026-W21|1|755|minute|40.34|37.19|0|0|1||ep_close_reclaim||0|1|20|1|2026-05-18,2026-06-09|2026-05-18 595 ep_close_reclaim|40.46|40.4802|1.57284|20|stop|open|stop|open|target|open|settled|1.57284|8.12799|-0.1976|trail_exit|-0.1976|-1.0057|stop|0.5406|1.2643|15|settled|1|5.16771|-0.3108|trail_exit|-0.3108|-1.0092|stop|-1.0092|0.7337|5|settled|1.56317|8.08206|-0.1865|trail_exit|-0.1865|-1|stop|0.5566|1.2783|15|settled|1|5.17029|-0.2916|trail_exit|-0.2916|-1|stop|-1|0.7433|5|3|-0.4255|0.4798|3|0.6012|0.4123
GO|2026-05-14|A|DISC|2026-05|HIGH|0.377219|7.54|7.67|9.44|0|0|fire|0|0|2026-05-15|1|0|2026-06-11|2026-W24|19|820|minute|9.41|7.235|1|0|0||ep_close_reclaim,ep_low_reclaim||0|1|20|1|2026-05-15,2026-05-18|2026-05-15 635 ep_close_reclaim|9.44|9.44472|5.85793|20|open|open|open|open|open|open|settled|5.85793|23.3964|-0.0857|trail_exit|-0.0857|0.2084|time_exit|0.2129|0.5138||settled|1|3.99397|-0.502|trail_exit|-0.502|1.2203|time_exit|1.2469|3.0096||settled|5.84541|23.3581|-0.0816|trail_exit|-0.0816|0.2132|time_exit|0.2177|0.517||settled|1|3.99596|-0.4772|trail_exit|-0.4772|1.246|time_exit|1.2725|3.0221||2|-0.9857|0.0143|2|-0.9867|0.0133
GRND|2026-07-01|A|DISC|2026-07|MODERATE|0.807815|15.28|15.69|16.36|0|0|fire|0|0|2026-07-02|1|0|2026-07-07|2026-W28|3|575|minute|16.255|15.2147|1|0|0||ep_close_620_prox,ep_low_reclaim||0|1|20|1|2026-07-02|2026-07-02 575 ep_low_reclaim|16.36|16.3682|1.4279|20|stop|stop|stop|stop|open|open|settled|1.4279|7.04709|-1.0066|stop|-1.0066|-1.0066|stop|-1.0066|-0.0071|5|settled|1|4.93528|-1.0096|stop|-1.0096|-1.0096|stop|-1.0096|-0.0101|0|settled|1.41778|7.00061|-1|stop|-1|-1|stop|-1|0|5|settled|1|4.93774|-1|stop|-1|-1|stop|-1|0|0|2|-2|-1|2|0.3218|0.2723
HAS|2026-07-21|A|DISC|2026-07|HIGH|2.16099|83.91|88.78|93.05|0|0|fire|0|0|2026-07-22|1|0|2026-07-28|2026-W31|5|575|minute|92.99|86.7|0|0|0||ep_close_620_prox,ep_close_reclaim||0|1|20|1|2026-07-22|2026-07-22 570 ep_close_reclaim|93.05|93.0965|2.95999|20|stop|stop|stop|stop|stop|stop|settled|2.95999|6.87085|-0.2614|trail_exit|-0.2614|0.562|time_exit|0.6089|0.7775||settled|1|2.32124|-0.7739|trail_exit|-0.7739|-1.1855|stop|-1.1855|1.8063|5|settled|2.93846|6.82429|-0.2488|trail_exit|-0.2488|0.5811|time_exit|0.6283|0.7906||settled|1|2.3224|-0.7311|trail_exit|-0.7311|-1.143|stop|-1.143|1.8279|5|2|-2|-1|2|-2|-1
HLIT|2026-05-12|A|DISC|2026-05|HIGH|0.489143|12.54|12.95|15.39|0|0|fire|0|0|2026-05-13|1|0|2026-05-26|2026-W22|9|570|minute|17.195|11.975|1|0|0||ep_close_620_prox,ep_close_reclaim,ep_low_reclaim||0|1|20|1|2026-05-13,2026-05-15|2026-05-13 575 ep_close_reclaim|15.39|17.2036|10.6893|20|stop|stop|target|stop|stop|stop|settled|10.6893|30.3925|-0.4879|trail_exit|-0.4879|-0.5108|time_exit|-0.7268|0.0911||settled|1|2.84326|-1.0171|stop|-1.0171|-1.0171|stop|-1.0171|0.5855|0|settled|6.9816|22.1897|-0.2138|trail_exit|-0.2138|-0.2489|time_exit|-0.5798|0.6706||settled|1|3.17831|-1|stop|-1|-1|stop|-1|4.6817|3|3|-2.1786|-0.1786|3|-2.0511|-0.0511
HOOD|2026-09-03|B|B|2026-09|HIGH|6.11089|113.04|124.72|124.88|0|0|fire|0|0|2026-09-04|1|0|2026-09-08|2026-W37|2|570|minute|125.07|119.82|0|0|0||ep_close_620_prox||0|1|19|1|2026-09-04,2026-09-10|2026-09-04 865 ep_close_620_prox|124.88|125.133|0.869355|20|stop|stop|stop|stop|stop|stop|settled|0.869355|4.24553|-1.0113|stop|-1.0113|-1.0113|stop|-1.0113|-0.1341|0|settled|1|4.88354|-1.0097|stop|-1.0097|-1.0097|stop|-1.0097|-0.1166|0|settled|0.82803|4.05189|-1|stop|-1|-1|stop|-1|-0.0909|0|settled|1|4.89341|-1|stop|-1|-1|stop|-1|-0.0753|0|2|-2|-1|2|-2|-1
HQ|2026-06-15|A|DISC|2026-06|MODERATE|2.18597|11.44|17.82|18.05|1|0|fire|0|0|2026-06-16|1|0|2026-06-16|2026-W25|1|570|minute|17.47|17.17|0|1|1|dip_first|||1|1|20|1|2026-06-16|2026-06-16 570 ep_close_reclaim|18.05|18.059|0.406696|20|target|target|target|target|target|target|settled|0.406696|4.92288|5.9158|trail_exit|5.9158|3.2176|time_exit|10.0756|30.304||settled|1|12.1046|2.406|trail_exit|2.406|1.3086|time_exit|4.0977|12.3245||settled|0.402568|4.87535|6|trail_exit|6|3.2727|time_exit|10.2045|30.625||settled|1|12.1106|2.4154|trail_exit|2.4154|1.3175|time_exit|4.108|12.3286||1|4.0909|4.0909|1|2.2644|2.2644
HTFL|2026-08-14|A|DISC|2026-08|HIGH|2.18629|36.0366|42.08|43|0|1|fire|0|0|2026-08-17|1|0|2026-08-17|2026-W34|1|570|minute|41.23|41.23|0|1|1|dip_first|||1|1|20|1|2026-08-17|2026-08-17 570 ep_close_reclaim|43|43.0215|0.819424|20|stop|stop|stop|stop|target|target|settled|0.819424|4.1642|-1.0115|stop|-1.0115|-1.0115|stop|-1.0115|-0.0539|0|settled|1|5.08186|-1.0093|stop|-1.0093|-1.0093|stop|-1.0093|1.0559|1|settled|0.80959|4.11628|-1|stop|-1|-1|stop|-1|-0.0424|0|settled|1|5.0844|-1|stop|-1|-1|stop|-1|1.0657|1|2|-2|-1|2|5.9209|3.1377
HUT|2026-07-20|A|DISC|2026-07|HIGH|9.81816|99.1|100.93|107|0|0|fire|0|0|2026-07-27|5|1|2026-07-30|2026-W31|8|720|minute|106.59|86.89|1|0|0||ep_close_620_prox,ep_close_reclaim,ep_high_break,ep_low_reclaim||0|0|20|1|2026-07-21,2026-07-27,2026-07-28|2026-07-21 570 ep_high_break|107|107.053|2.05369|20|stop|stop|stop|stop|stop|stop|settled|2.05369|18.835|-0.2948|trail_exit|-0.2948|-1.0022|stop|-1.0022|0.4794|6|settled|1|9.17126|-0.6055|trail_exit|-0.6055|-1.005|stop|-1.005|0.9846|4|settled|2.04825|18.7944|-0.2904|trail_exit|-0.2904|-1|stop|-1|0.4833|6|settled|1|9.17585|-0.5948|trail_exit|-0.5948|-1|stop|-1|0.99|4|4|-3.0575|0.108|4|-2.9053|0.0947
IDCC|2026-06-11|A|DISC|2026-06|HIGH|8.72088|272.35|276.66|298.8|0|0|fire|0|0|2026-06-12|1|0|2026-06-16|2026-W25|3|610|minute|292.375|276.57|0|0|0||ep_close_reclaim||0|1|20|1|2026-06-12,2026-06-24,2026-06-25|2026-06-12 570 ep_close_reclaim|298.8|298.949|2.56618|20|stop|stop|stop|stop|stop|stop|settled|2.56618|7.48602|-1.0062|stop|-1.0062|-1.0062|stop|-1.0062|0.1292|4|settled|1|2.91718|-1.0166|stop|-1.0166|-1.0166|stop|-1.0166|-0.0171|0|settled|2.54905|7.43976|-1|stop|-1|-1|stop|-1|0.1368|4|settled|1|2.91864|-1|stop|-1|-1|stop|-1|0|0|3|-2.731|-0.731|3|-0.8495|-0.055
INFQ|2026-05-21|A|DISC|2026-05|HIGH|1.37495|13.39|14.7|16.09|0|0|fire|0|0|2026-05-27|3|1|2026-05-27|2026-W22|3|740|minute|15.705|14.66|0|0|1||ep_close_620_prox,ep_close_reclaim,ep_high_break||0|0|20|1|2026-05-22,2026-05-26,2026-05-27,2026-06-09|2026-05-22 570 ep_high_break|16.09|16.098|1.04589|20|target|target|target|target|target|target|settled|1.04589|8.93304|-1.0051|stop|-1.0051|-1.0051|stop|-1.0051|3.2349|7|settled|1|8.54112|-1.0054|stop|-1.0054|-1.0054|stop|-1.0054|3.3834|7|settled|1.04004|8.88751|-1|stop|-1|-1|stop|-1|3.2587|7|settled|1|8.54539|-1|stop|-1|-1|stop|-1|3.3892|7|4|-3.5667|-0.5667|4|-1.5564|0.2109
IONQ|2026-09-08|B|B|2026-09|HIGH|2.21892|39.45|40.47|44.43|0|0|fire|0|0|2026-09-09|1|0|2026-09-23|2026-W39|11|570|minute|45.83|35|1|0|0||ep_close_620_prox,ep_low_reclaim||0|1|8|0|2026-09-09,2026-09-22|2026-09-09 590 ep_low_reclaim|44.43|45.8529|4.89108|19|||||||marked|4.89108|23.669|-0.2676|trail_exit||-0.2676|open||0.1895||settled|1|4.83922|-1.0098|stop|-1.0098|-1.0098|stop|-1.0098|-1.5336|0|marked|4.24981|21.2244|-0.1548|trail_exit||-0.1548|open||0.369||settled|1|4.9942|-1|stop|-1|-1|stop|-1|-0.8923|0|2|-2|-1|2|1.7471|2.3672
IREN|2026-07-20|A|DISC|2026-07|HIGH|3.4645|36.31|40.2|41.095|0|0|fire|0|0|2026-07-24|4|1|2026-08-04|2026-W32|11|570|minute|39.21|28.93|1|0|0||ep_close_620_prox,ep_high_break,ep_low_reclaim||0|0|20|1|2026-07-21,2026-07-27|2026-07-21 570 ep_high_break|41.095|41.1155|3.51726|20|stop|open|stop|open|stop|open|settled|3.51726|29.6373|0.061|trail_exit|0.0709|-0.354|time_exit|0.0709|0.6622||settled|1|8.42624|-1.1197|stop|-1.1197|-1.1197|stop|-1.1197|0.3246|2|settled|3.51133|29.6021|0.0645|trail_exit|0.0744|-0.3514|time_exit|0.0744|0.665||settled|1|8.43046|-1.1084|stop|-1.1084|-1.1084|stop|-1.1084|0.3305|2|3|2.173|3.1322|3|0.2498|0.2079
JBIO|2026-06-22|A|DISC|2026-06|none|1.70367|17.54|19.45|20.09|0|0|fire|0|0|2026-06-23|1|0|2026-06-23|2026-W26|1|585|minute|19.925|19|0|0|1||ep_close_reclaim||0|1|20|1|2026-06-23,2026-07-20|2026-06-23 570 ep_close_reclaim|20.09|20.1|0.645691|20|open|open|open|open|stop|open|settled|0.645691|5.47285|1.0811|trail_exit|1.0811|-0.2363|time_exit|2.1988|3.0817||settled|1|8.47595|0.698|trail_exit|0.698|-0.1526|time_exit|1.4197|1.9898||settled|0.639795|5.42558|1.1101|trail_exit|1.1101|-0.2202|time_exit|2.2385|3.1193||settled|1|8.48019|0.7102|trail_exit|0.7102|-0.1409|time_exit|1.4322|1.9957||2|2.5545|3.5545|2|1.0536|1.0536
KC|2026-07-08|A|DISC|2026-07|MODERATE|0.394929|10.21|10.52|10.675|0|0|fire|0|0|2026-07-09|1|0|2026-07-10|2026-W28|2|570|minute|10.94|10.2366|0|0|0||ep_close_620_prox,ep_close_reclaim||0|1|20|1|2026-07-09,2026-07-15|2026-07-09 680 ep_close_reclaim|10.675|10.9455|1.79493|20|stop|stop|stop|stop|stop|stop|settled|1.79493|6.47638|-1.6087|stop|-1.6087|-1.6087|stop|-1.6087|0.3026|2|settled|1|3.60815|-1.116|stop|-1.116|-1.116|stop|-1.116|0.5432|1|settled|1.11007|4.10679|-1.9731|stop|-1.9731|-1.9731|stop|-1.9731|1.1063|2|settled|1|3.69957|-2.1903|stop|-2.1903|-2.1903|stop|-2.1903|1.2281|2|3|-6.3612|-1.2807|3|-5.4187|-1.7345
KLAR|2026-05-14|A|DISC|2026-05|HIGH|0.741688|14.96|16.47|16.485|0|0|fire|0|0|2026-05-15|1|0|2026-05-15|2026-W20|1|570|minute|15.86|15.74|0|1|1|dip_first|||1|1|20|1|2026-05-15,2026-05-22|2026-05-15 720 ep_low_reclaim|16.485|16.4932|1.01558|20|stop|open|stop|open|target|open|settled|1.01558|4.56698|-1.0104|stop|-1.0104|-1.0104|stop|-1.0104|-0.2831|0|settled|1|4.49692|-1.0106|stop|-1.0106|-1.0106|stop|-1.0106|-0.2875|0|settled|1.00447|4.51926|-1|stop|-1|-1|stop|-1|-0.2752|0|settled|1|4.49917|-1|stop|-1|-1|stop|-1|-0.2764|0|2|3.0732|4.0732|2|3.8021|2.6763
KODK|2026-08-05|A|DISC|2026-08|HIGH|0.390353|9.29|9.86|10.025|0|0|fire|0|0|2026-08-06|1|0|2026-08-07|2026-W32|2|905|minute|10.02|9.2507|1|0|0||ep_low_reclaim||0|1|20|1|2026-08-06,2026-08-10|2026-08-06 585 ep_low_reclaim|10.025|10.03|1.99643|20|stop|open|stop|open|stop|open|settled|1.99643|7.76981|-0.2758|trail_exit|-0.2758|-1.0059|stop|-0.2501|0.3593|15|settled|1|3.89185|-1.0123|stop|-1.0123|-1.0123|stop|-1.0123|0.7173|7|settled|1.98359|7.72369|-0.2648|trail_exit|-0.2648|-1|stop|-0.2389|0.3681|15|settled|1|3.89379|-1|stop|-1|-1|stop|-1|0.7301|7|2|-2|-1|2|1.3045|1.3301
KSS|2026-05-28|A|DISC|2026-05|MODERATE|0.827277|14.78|15.59|16.22|0|0|fire|0|0|2026-05-29|1|0|2026-06-08|2026-W24|7|600|minute|16.1|14.13|1|0|0||ep_close_620_prox,ep_low_reclaim||0|1|20|1|2026-05-29,2026-06-02|2026-05-29 645 ep_low_reclaim|16.22|16.2281|2.53616|20|target|target|target|target|target|target|settled|2.53616|12.9289|0.7069|trail_exit|0.6163|-0.1649|time_exit|0.6163|1.6166||settled|1|5.09781|1.7927|trail_exit|1.5631|-0.4183|time_exit|1.5631|4.1001||settled|2.52636|12.8853|0.7177|trail_exit|0.6268|-0.1579|time_exit|0.6268|1.6268||settled|1|5.10035|1.8132|trail_exit|1.5835|-0.3989|time_exit|1.5835|4.1099||2|1.186|2.186|2|6.672|4.3995
KTOS|2026-08-05|A|DISC|2026-08|HIGH|3.18275|54.51|55.34|62.34|0|0|fire|0|0|2026-08-06|1|0|2026-08-10|2026-W33|3|645|minute|62.15|54.04|1|0|0||ep_low_reclaim||0|1|20|1|2026-08-06,2026-08-20|2026-08-06 570 ep_low_reclaim|62.34|62.3712|2.6176|20|stop|stop|stop|stop|stop|stop|settled|2.6176|13.3574|-0.221|trail_exit|-0.221|-1.0032|stop|-1.0032|0.5676|10|settled|1|5.10292|-1.0093|stop|-1.0093|-1.0093|stop|-1.0093|1.4858|7|settled|2.60781|13.3141|-0.2145|trail_exit|-0.2145|-1|stop|-1|0.5735|10|settled|1|5.10547|-1|stop|-1|-1|stop|-1|1.4956|7|2|0.532|1.532|2|1.095|1.2395
KURA|2026-08-13|A|DISC|2026-08|HIGH|0.473962|9.99|10.09|11.31|0|0|fire|0|0|2026-08-14|1|0|2026-08-17|2026-W34|2|940|minute|11.31|9.92|1|0|0||ep_low_reclaim||0|1|20|1|2026-08-14|2026-08-14 570 ep_low_reclaim|11.31|11.3157|2.94465|20|target|target|target|target|target|target|settled|2.94465|12.3338|0.8584|trail_exit|0.9516|-0.0152|time_exit|0.9516|1.8517||settled|1|4.18855|2.5278|trail_exit|2.802|-0.0449|time_exit|2.802|5.4526||settled|2.93272|12.29|0.8705|trail_exit|0.964|-0.0072|time_exit|0.964|1.8633||settled|1|4.19065|2.5529|trail_exit|2.8272|-0.0211|time_exit|2.8272|5.4646||1|16.1391|16.1391|1|5.1656|5.1656
LFST|2026-08-06|A|DISC|2026-08|HIGH|0.377661|10.08|10.66|10.99|0|0|fire|0|0|2026-08-07|1|0|2026-08-10|2026-W33|2|570|minute|10.93|10.52|0|0|0||ep_close_reclaim||0|1|20|1|2026-08-07|2026-08-07 625 ep_close_reclaim|10.99|10.9955|1.25905|20|target|open|target|open|stop|open|settled|1.25905|4.32445|2.4362|trail_exit|2.4362|3.7815|time_exit|2.4362|4.5311||settled|1|3.43469|3.0674|trail_exit|3.0674|4.7612|time_exit|3.0674|5.7049||settled|1.2445|4.27662|2.4894|trail_exit|2.4894|3.8511|time_exit|2.4894|4.5957||settled|1|3.43641|3.098|trail_exit|3.098|4.7927|time_exit|3.098|5.7194||1|0.561|0.561|1|0.3045|0.3045
LIFE|2026-08-04|A|DISC|2026-08|HIGH|2.04389|25.02|27.65|29.39|0|0|fire|0|0|2026-08-05|1|0|2026-08-06|2026-W32|2|600|minute|29.05|23.95|1|0|0||ep_low_reclaim||0|1|20|1|2026-08-05|2026-08-05 570 ep_low_reclaim|29.39|29.4047|2.66878|20|target|open|target|open|target|open|settled|2.66878|18.5504|0.6286|trail_exit|0.6286|1.5191|time_exit|0.7514|2.1202||settled|1|6.9509|1.6777|trail_exit|1.6777|4.0543|time_exit|2.0053|5.6584||settled|2.66159|18.5097|0.636|trail_exit|0.636|1.5294|time_exit|0.7592|2.1287||settled|1|6.95437|1.6929|trail_exit|1.6929|4.0707|time_exit|2.0207|5.6656||1|5.4493|5.4493|1|3.6793|3.6793
LIND|2026-08-03|A|DISC|2026-08|HIGH|1.28009|30.77|33.12|34.5|0|0|fire|0|0|2026-08-04|1|1|2026-08-05|2026-W32|2|570|minute|34.24|32.78|0|0|0||ep_close_reclaim,ep_high_break||0|0|20|1|2026-08-04,2026-08-10,2026-08-21|2026-08-04 570 ep_high_break|34.5|34.5172|1.35713|20|stop|stop|stop|stop|stop|stop|settled|1.35713|5.03299|-1.0094|stop|-1.0094|-1.0094|stop|-1.0094|0.2491|3|settled|1|3.70855|-1.013|stop|-1.013|-1.013|stop|-1.013|0.3381|2|settled|1.34366|4.98551|-1|stop|-1|-1|stop|-1|0.2616|3|settled|1|3.7104|-1|stop|-1|-1|stop|-1|0.3515|2|4|-3.2466|-0.2466|4|-0.1212|0.3281
LRCX|2026-07-30|A|DISC|2026-07|HIGH|19.7048|294.25|297.72|319.5|0|0|fire|0|0|2026-07-31|1|0|2026-08-04|2026-W32|3|950|minute|317.39|276.845|1|0|0||ep_close_620_prox,ep_close_reclaim,ep_low_reclaim||0|1|20|1|2026-07-31,2026-08-03|2026-07-31 615 ep_close_reclaim|319.5|319.66|2.17282|20|stop|stop|stop|stop|stop|stop|settled|2.17282|13.3939|-0.2895|trail_exit|-0.2895|-0.6915|time_exit|0.1891|0.5984||settled|1|6.1643|-0.629|trail_exit|-0.629|-1.0076|stop|-1.0076|0.202|2|settled|2.16472|13.3506|-0.2832|trail_exit|-0.2832|-0.6869|time_exit|0.1974|0.6044||settled|1|6.16738|-0.613|trail_exit|-0.613|-1|stop|-1|0.2101|2|3|-2.0028|-0.0028|3|-0.8804|-0.0025
MMYT|2026-06-15|A|DISC|2026-06|MODERATE|2.81375|44.8|45.46|49.99|0|0|fire|0|0|2026-06-16|1|0|2026-06-24|2026-W26|6|605|minute|49.18|44.6141|1|0|0||ep_close_620_prox,ep_low_reclaim||0|1|20|1|2026-06-16|2026-06-16 570 ep_low_reclaim|49.99|50.015|1.91947|20|target|target|target|target|target|target|settled|1.91947|10.7986|1.0567|trail_exit|1.4768|-0.1574|time_exit|1.4768|1.9728||settled|1|5.62581|2.0283|trail_exit|2.8347|-0.3019|time_exit|2.8347|3.7868||settled|1.91058|10.754|1.0714|trail_exit|1.4937|-0.1488|time_exit|1.4937|1.9866||settled|1|5.62862|2.0471|trail_exit|2.8538|-0.2843|time_exit|2.8538|3.7956||2|12.768|7.0063|2|6.8358|3.4634
MNDY|2026-05-11|A|DISC|2026-05|HIGH|4.20686|73.17|76.91|88.48|0|0|fire|0|0|2026-05-12|1|0|2026-06-01|2026-W23|14|570|minute|90.54|65.915|1|0|0||ep_close_620_prox,ep_close_reclaim,ep_low_reclaim||0|1|20|1|2026-05-12,2026-05-20|2026-05-12 620 ep_close_reclaim|88.48|90.5853|5.8643|20|stop|stop|target|stop|stop|stop|settled|5.8643|27.2343|-0.2784|trail_exit|-0.2784|-0.739|time_exit|-0.5417|0.2722||settled|1|4.64408|-1.0103|stop|-1.0103|-1.0103|stop|-1.0103|1.5961|2|settled|5.36386|25.5029|-0.2092|trail_exit|-0.2092|-0.7131|time_exit|-0.4972|0.3909||settled|1|4.75458|-1|stop|-1|-1|stop|-1|2.0966|4|3|-0.2773|1.7227|3|0.2492|1.5356
MRAM|2026-05-11|A|DISC|2026-05|HIGH|3.95249|33.66|39.86|44.67|0|0|fire|0|0|2026-05-12|1|0|2026-05-13|2026-W20|2|570|minute|50.04|34.03|0|0|0||ep_close_reclaim||0|1|20|1|2026-05-12,2026-05-18|2026-05-12 590 ep_close_reclaim|44.67|50.065|4.05694|20|stop|stop|stop|stop|stop|stop|settled|4.05694|32.0284|-1.0011|stop|-1.0011|-1.0011|stop|-1.0011|0.0895|3|settled|1|7.89471|-1.0058|stop|-1.0058|-1.0058|stop|-1.0058|-0.277|0|settled|2.69197|23.8191|-1|stop|-1|-1|stop|-1|0.6419|3|settled|1|8.8482|-1|stop|-1|-1|stop|-1|1.728|1|2|-2|-1|2|-2|-1
MRVL|2026-06-02|A|DISC|2026-06|HIGH|20.0832|252.43|290.79|291.3|0|0|fire|0|0|2026-06-04|2|1|2026-06-04|2026-W23|2|625|minute|290.34|277.56|0|0|1||ep_high_break||0|0|20|1|2026-06-03,2026-06-04,2026-06-05,2026-06-09|2026-06-03 570 ep_high_break|291.3|291.446|0.691407|20|stop|stop|stop|stop|stop|stop|settled|0.691407|4.7644|-1.01|stop|-1.01|-1.01|stop|-1.01|2.1644|1|settled|1|6.89089|-1.0068|stop|-1.0068|-1.0068|stop|-1.0068|1.4965|1|settled|0.684154|4.71679|-1|stop|-1|-1|stop|-1|2.198|1|settled|1|6.89433|-1|stop|-1|-1|stop|-1|1.5037|1|4|-3.0852|-0.0852|4|-3.0398|-0.0398
MRVL|2026-08-19|A|HOA|2026-08|HIGH|15.9757|228.1|237.27|245.489|0|0|fire|0|0|2026-08-20|1|0|2026-08-20|2026-W34|1|570|minute|237.96|237.01|0|1|1|dip_first|||1|1|20|1|2026-08-20,2026-08-21,2026-08-24|2026-08-20 570 ep_close_reclaim|245.489|245.612|0.538425|20|stop|stop|stop|stop|stop|stop|settled|0.538425|3.50217|-1.0138|stop|-1.0138|-1.0138|stop|-1.0138|-0.013|0|settled|1|6.50447|-1.0332|stop|-1.0332|-1.0332|stop|-1.0332|0.4324|2|settled|0.530742|3.45392|-1|stop|-1|-1|stop|-1|0.0013|0|settled|1|6.50772|-1.0184|stop|-1.0184|-1.0184|stop|-1.0184|0.4401|2|3|-3|-1|3|-2.7258|-0.7258
MRX|2026-08-12|A|DISC|2026-08|HIGH|2.94419|62.6|71.13|71.6209|0|0|fire|0|0|2026-08-14|2|1|2026-08-14|2026-W33|2|570|minute|72.37|70.92|0|1|1|same_minute|ep_high_break||0|0|20|1|2026-08-13,2026-08-14,2026-08-18|2026-08-13 570 ep_high_break|71.6209|72.4062|0.504786|20|stop|open|open|open|open|open|settled|0.504786|2.05257|-1.0239|stop|-1.0239|-1.0239|stop|-1.0239|-0.2666|0|settled|1|4.06621|-1.0118|stop|-1.0118|-1.0118|stop|-1.0118|-0.1346|0|settled|0.238069|0.978653|-1|stop|-1|-1|stop|-1|0.5551|0|settled|1|4.1108|-0.2618|trail_exit|-0.2618|-0.272|time_exit|0.4141|2.5436||3|-2.0855|-0.0855|3|-0.8222|-0.2618
MTW|2026-08-07|A|DISC|2026-08|HIGH|0.746561|17.14|18.81|19.8|0|0|fire|0|0|2026-08-10|1|0|2026-08-12|2026-W33|3|805|minute|19.7315|18.3501|0|0|0||ep_close_620_prox,ep_close_reclaim||0|1|20|1|2026-08-10|2026-08-10 580 ep_close_reclaim|19.8|19.8099|1.95537|20|target|stop|target|stop|stop|stop|settled|1.95537|7.36904|-0.4996|trail_exit|-0.4996|0.5068|time_exit|-0.2532|1.1578||settled|1|3.76862|-1.0128|stop|-1.0128|-1.0128|stop|-1.0128|2.0495|5|settled|1.94211|7.32273|-0.4897|trail_exit|-0.4897|0.5242|time_exit|-0.2414|1.1725||settled|1|3.77051|-1|stop|-1|-1|stop|-1|2.0628|5|2|0.5128|0.558|2|0.3081|0.355
NAVN|2026-06-11|A|DISC|2026-06|HIGH|1.42973|22.03|22.63|24.5|0|0|fire|0|0|2026-06-12|1|0|2026-07-01|2026-W27|13|840|minute|24.45|18.35|1|0|0||ep_close_620_prox,ep_low_reclaim||0|1|20|1|2026-06-18|2026-06-18 890 ep_low_reclaim|24.5|24.5122|4.31009|20|target|target|target|target|target|target|settled|4.31009|25.1395|0.1241|trail_exit|0.1241|0.3544|time_exit|0.2069|0.6017||settled|1|5.83271|0.5352|trail_exit|0.5352|-1.0081|stop|0.8917|2.5933|15|settled|4.30152|25.102|0.1285|trail_exit|0.1285|0.3593|time_exit|0.2114|0.6049||settled|1|5.83562|0.5526|trail_exit|0.5526|-1|stop|0.9093|2.6019|15|2|3.6859|2.8051|2|4.5883|2.3151
NBIS|2026-08-12|A|DISC|2026-08|MODERATE|28.5422|216.11|259.2|259.44|0|0|fire|0|0|2026-08-13|1|0|2026-08-13|2026-W33|1|570|minute|255.69|255.47|0|1|1|dip_first|||1|1|20|1|2026-08-13,2026-08-19|2026-08-13 570 ep_close_reclaim|259.44|259.57|0.143637|20|stop|stop|stop|stop|stop|stop|settled|0.143637|1.57943|-1.0312|stop|-1.0312|-1.0312|stop|-1.0312|3.9979|0|settled|1|10.996|-1.004|stop|-1.004|-1.004|stop|-1.004|0.7449|4|settled|0.139092|1.53022|-1|stop|-1|-1|stop|-1|4.1612|0|settled|1|11.0015|-1|stop|-1|-1|stop|-1|0.7494|4|3|-3|-1|3|-2.1128|0.2339
NESR|2026-08-10|A|DISC|2026-08|HIGH|1.73273|31.86|35.79|36.6|0|0|fire|0|0|2026-08-11|1|0|2026-08-11|2026-W33|1|580|minute|36.16|35|0|0|1||ep_close_reclaim||0|1|20|1|2026-08-11|2026-08-11 570 ep_close_reclaim|36.6|36.6183|0.933959|20|stop|stop|stop|stop|stop|stop|settled|0.933959|4.41938|-1.0108|stop|-1.0108|-1.0108|stop|-1.0108|0.0443|1|settled|1|4.73187|-1.0101|stop|-1.0101|-1.0101|stop|-1.0101|0.0875|1|settled|0.923398|4.37158|-1|stop|-1|-1|stop|-1|0.0562|1|settled|1|4.73424|-1|stop|-1|-1|stop|-1|0.0981|1|2|-2|-1|2|-2|-1
NET|2026-08-07|A|DISC|2026-08|HIGH|15.956|295.89|300.27|324.73|0|0|fire|0|0|2026-08-10|1|0|2026-08-13|2026-W33|4|615|minute|323.86|290.49|1|0|0||ep_low_reclaim||0|1|20|1|2026-08-10,2026-08-17|2026-08-10 570 ep_low_reclaim|324.73|324.892|2.15608|20|stop|stop|stop|stop|stop|stop|settled|2.15608|10.5888|-0.6884|trail_exit|-0.6884|-1.0042|stop|-1.0042|0.213|4|settled|1|4.91116|-1.0097|stop|-1.0097|-1.0097|stop|-1.0097|0.4592|2|settled|2.1459|10.5441|-0.6825|trail_exit|-0.6825|-1|stop|-1|0.2188|4|settled|1|4.91361|-1|stop|-1|-1|stop|-1|0.4694|2|2|-2.0829|-1|2|-0.1777|0.1498
NMAX|2026-08-14|A|DISC|2026-08|HIGH|0.497459|9.895|10.87|11.59|0|0|fire|0|0|2026-08-17|1|0|2026-08-18|2026-W34|2|620|minute|11.545|9.69|1|0|0||ep_low_reclaim||0|1|20|1|2026-08-17,2026-08-19|2026-08-17 650 ep_low_reclaim|11.59|11.5958|3.83106|20|stop|open|stop|open|stop|open|settled|3.83106|16.4352|-0.5463|trail_exit|-0.5463|-0.6092|time_exit|-0.6354|0.2698||settled|1|4.28999|-1.0112|stop|-1.0112|-1.0112|stop|-1.0112|-0.1524|0|settled|3.81941|16.3934|-0.5421|trail_exit|-0.5421|-0.6053|time_exit|-0.6316|0.2737||settled|1|4.29214|-1|stop|-1|-1|stop|-1|-0.1407|0|2|-2|-1|2|0.7778|1.3167
NNE|2026-05-26|A|DISC|2026-05|MODERATE|2.44403|28.01|29.07|31.48|0|0|fire|0|0|2026-05-27|1|0|2026-06-02|2026-W23|5|645|minute|30.6|26.43|1|0|0||ep_close_620_prox,ep_low_reclaim||0|1|20|1|2026-05-28|2026-05-28 665 ep_low_reclaim|31.48|31.4957|2.0727|20|stop|stop|stop|stop|stop|stop|settled|2.0727|16.0839|-1.0026|stop|-1.0026|-1.0026|stop|-1.0026|0.0186|1|settled|1|7.75987|-1.0059|stop|-1.0059|-1.0059|stop|-1.0059|0.0386|1|settled|2.06626|16.0419|-1|stop|-1|-1|stop|-1|0.0218|1|settled|1|7.76375|-1|stop|-1|-1|stop|-1|0.045|1|2|-2|-1|2|-1.6917|-0.6917
NNE|2026-07-27|A|DISC|2026-07|HIGH|1.10445|16.23|16.79|17.499|0|0|fire|0|0|2026-07-28|1|0|2026-08-03|2026-W32|5|845|minute|17.44|14.71|1|0|0||ep_low_reclaim||0|1|20|1|2026-07-28|2026-07-28 690 ep_low_reclaim|17.499|17.5077|2.53315|20|target|target|target|target|target|target|settled|2.53315|15.9801|0.262|trail_exit|0.7408|0.2763|time_exit|0.7408|1.2947||settled|1|6.30838|0.6638|trail_exit|1.8764|0.7|time_exit|1.8764|3.2797||settled|2.52523|15.9381|0.2693|trail_exit|0.7497|0.2836|time_exit|0.7497|1.3019||settled|1|6.31153|0.68|trail_exit|1.8932|0.7162|time_exit|1.8932|3.2876||1|-0.1731|-0.1731|1|-0.163|-0.163
NRIX|2026-06-08|A|DISC|2026-06|HIGH|0.777472|15.36|15.64|18.2|1|0|fire|0|0|2026-06-09|1|0|2026-06-12|2026-W24|4|585|minute|17.86|14.67|1|0|0||ep_close_620_prox,ep_low_reclaim||0|1|20|1|2026-06-09,2026-06-10|2026-06-09 585 ep_low_reclaim|18.2|18.2091|4.55206|20|stop|stop|stop|stop|target|target|settled|4.55206|19.4359|1.3674|trail_exit|1.5905|1.3449|time_exit|1.5905|1.9047||settled|1|4.26969|-1.0112|stop|-1.0112|-1.0112|stop|-1.0112|0.9015|0|settled|4.54036|19.3956|1.3768|trail_exit|1.6006|1.3541|time_exit|1.6006|1.9122||settled|1|4.27182|-1|stop|-1|-1|stop|-1|0.9132|0|2|-2|-1|2|-1.2315|-0.2315
NVCR|2026-07-23|A|DISC|2026-07|HIGH|1.01091|18|19.99|20.55|0|0|fire|0|0|2026-07-24|1|1|2026-07-24|2026-W30|1|575|minute|21.03|19.9|0|1|1|touch_first|ep_high_break||0|0|20|1|2026-07-24|2026-07-24 570 ep_high_break|20.55|21.0405|1.12821|20|stop|stop|stop|stop|stop|open|settled|1.12821|5.42057|-1.0087|stop|-1.0087|-1.0087|stop|-1.0087|-0.7446|0|settled|1|4.80456|-1.0099|stop|-1.0099|-1.0099|stop|-1.0099|-0.8401|0|settled|0.642988|3.16302|-1|stop|-1|-1|stop|-1|-0.5518|0|settled|1|4.91925|-1|stop|-1|-1|stop|-1|-0.3548|0|2|-2|-1|2|-2|-1
OKLO|2026-05-26|A|DISC|2026-05|MODERATE|5.5505|68.08|68.7|73.29|0|0|fire|0|0|2026-05-27|1|0|2026-06-02|2026-W23|5|705|minute|72.68|64.2842|1|0|0||ep_close_620_prox,ep_low_reclaim||0|1|20|1|2026-05-27,2026-05-28|2026-05-27 725 ep_close_620_prox|73.29|73.3266|1.62912|20|stop|stop|stop|stop|stop|stop|settled|1.62912|12.3317|-1.0036|stop|-1.0036|-1.0036|stop|-1.0036|0.059|1|settled|1|7.56956|-1.0061|stop|-1.0061|-1.0061|stop|-1.0061|0.0961|1|settled|1.62252|12.2879|-1|stop|-1|-1|stop|-1|0.0633|1|settled|1|7.57334|-1|stop|-1|-1|stop|-1|0.1027|1|2|1.5537|1.5926|2|0.2513|0.2711
OKTA|2026-08-27|B|B|2026-08|HIGH|7.71272|156.5|172.91|174.85|0|0|fire|0|0|2026-08-28|1|0|2026-09-10|2026-W37|9|580|minute|173.145|157.73|0|0|0||ep_close_620_prox,ep_close_reclaim||0|1|17|1|2026-08-28,2026-08-31|2026-08-28 630 ep_close_620_prox|174.85|174.937|2.23105|20|stop|stop|stop|stop|target|target|marked|2.23105|9.83633|-0.4951|trail_exit|-0.4951|2.5131|open|1.8364|2.6002||settled|1|4.40884|-1.0108|stop|-1.0108|-1.0108|stop|-1.0108|0.5838|1|marked|2.21971|9.79125|-0.4877|trail_exit|-0.4877|2.5374|open|1.8569|2.6186||settled|1|4.41105|-1|stop|-1|-1|stop|-1|0.5951|1|2|-2|-1|2|-2|-1
OMER|2026-08-13|A|DISC|2026-08|HIGH|1.02682|16.27|17.35|18.14|0|0|fire|0|0|2026-08-14|1|0|2026-08-19|2026-W34|4|665|minute|17.95|16.54|0|0|0||ep_close_620_prox,ep_close_reclaim||0|1|20|1|2026-08-14|2026-08-14 595 ep_close_reclaim|18.14|18.1491|1.56704|20|open|open|open|open|open|open|settled|1.56704|8.86585|0.3677|trail_exit|0.3677|-1.0051|stop|0.4359|0.9326|18|settled|1|5.65771|0.5761|trail_exit|0.5761|-1.0083|stop|0.6832|1.4614|18|settled|1.55821|8.82029|0.3812|trail_exit|0.3812|-1|stop|0.45|0.9436|18|settled|1|5.66054|0.5941|trail_exit|0.5941|-1|stop|0.7012|1.4703|18|2|4.5402|3.25|2|2.8584|1.6459
ONTO|2026-08-07|A|DISC|2026-08|HIGH|22.0963|295|308.3|314.22|0|0|fire|0|0|2026-08-10|1|1|2026-08-11|2026-W33|2|605|minute|311.875|291.045|1|0|0||ep_high_break,ep_low_reclaim||0|0|20|1|2026-08-10,2026-08-18|2026-08-10 570 ep_high_break|314.22|314.377|1.05593|20|stop|stop|stop|stop|stop|stop|settled|1.05593|7.42169|-0.644|trail_exit|-0.644|-1.0062|stop|-1.0062|1.6912|8|settled|1|7.02859|-0.6801|trail_exit|-0.6801|-1.0066|stop|-1.0066|1.7858|8|settled|1.04882|7.37541|-0.6352|trail_exit|-0.6352|-1|stop|-1|1.7094|8|settled|1|7.03211|-0.6662|trail_exit|-0.6662|-1|stop|-1|1.7929|8|3|-3|-1|3|-1.8|0.2
OUST|2026-06-29|A|DISC|2026-06|MODERATE|6.65906|43.45|54.07|54.49|0|0|fire|0|0|2026-06-30|1|0|2026-06-30|2026-W27|1|570|minute|53.7|53.6801|0|1|1|dip_first|||1|1|20|1|2026-06-30,2026-07-02,2026-07-07|2026-06-30 570 ep_close_reclaim|54.49|54.5172|0.125715|20|stop|stop|stop|stop|stop|stop|settled|0.125715|1.53556|-1.0321|stop|-1.0321|-1.0321|stop|-1.0321|11.0766|2|settled|1|12.2146|-1.0918|stop|-1.0918|-1.0918|stop|-1.0918|1.3925|4|settled|0.121624|1.48633|-1|stop|-1|-1|stop|-1|11.4829|2|settled|1|12.2207|-1.0842|stop|-1.0842|-1.0842|stop|-1.0842|1.3966|4|3|-1.6518|0.3482|3|-2.0737|0.0586
PACS|2026-05-12|A|DISC|2026-05|HIGH|1.75845|37.6146|41.01|41.7399|0|0|fire|0|0|2026-05-13|1|0|2026-05-13|2026-W20|1|610|minute|41.3|38.94|0|0|1||ep_close_reclaim||0|1|20|1|2026-05-13,2026-05-15|2026-05-13 605 ep_close_reclaim|41.7399|41.7608|1.60412|20|stop|stop|stop|stop|stop|stop|settled|1.60412|6.75459|-1.0069|stop|-1.0069|-1.0069|stop|-1.0069|0.2727|2|settled|1|4.21078|-1.0114|stop|-1.0114|-1.0114|stop|-1.0114|0.4374|1|settled|1.59225|6.70797|-1|stop|-1|-1|stop|-1|0.2822|2|settled|1|4.21288|-1|stop|-1|-1|stop|-1|0.4493|1|3|-3|-1|3|-3|-1
PD|2026-05-29|A|DISC|2026-05|MODERATE|0.544147|8.69|9.95|10.015|0|0|fire|0|0|2026-06-02|2|1|2026-06-02|2026-W23|2|600|minute|10.04|9.94|0|1|1|dip_first|ep_high_break||0|0|20|1|2026-06-01,2026-06-02,2026-06-09|2026-06-01 570 ep_high_break|10.015|10.045|0.192999|20|stop|stop|stop|stop|stop|stop|settled|0.192999|1.04549|-1.0473|stop|-1.0473|-1.0473|stop|-1.0473|1.7138|0|settled|1|5.41708|-1.0087|stop|-1.0087|-1.0087|stop|-1.0087|0.487|1|settled|0.13783|0.748877|-1|stop|-1|-1|stop|-1|2.8|0|settled|1|5.43332|-1|stop|-1|-1|stop|-1|0.5421|1|4|-2.9434|0.0566|4|-2.9724|0.0276
PENG|2026-07-08|A|DISC|2026-07|HIGH|8.85738|63.7601|78.47|80|0|0|fire|0|0|2026-07-10|2|1|2026-07-10|2026-W28|2|820|minute|79.98|73.7487|0|0|1||ep_close_reclaim,ep_high_break||0|0|20|1|2026-07-09,2026-07-10,2026-07-13,2026-07-17|2026-07-09 570 ep_high_break|80|80.04|0.710289|20|stop|stop|stop|stop|stop|stop|settled|0.710289|7.86019|-1.0059|stop|-1.0059|-1.0059|stop|-1.0059|0.3115|2|settled|1|11.0662|-1.004|stop|-1.004|-1.004|stop|-1.004|0.2213|2|settled|0.705773|7.81413|-1|stop|-1|-1|stop|-1|0.3199|2|settled|1|11.0717|-1|stop|-1|-1|stop|-1|0.2258|2|4|-3.6713|-0.8074|4|-3.4166|-0.4166
PGY|2026-06-04|A|DISC|2026-06|HIGH|1.03012|14.2|15.46|16.27|0|0|fire|0|0|2026-06-05|1|0|2026-06-15|2026-W25|7|575|minute|16.187|14.08|1|0|0||ep_close_620_prox,ep_low_reclaim||0|1|20|1|2026-06-05,2026-06-08|2026-06-05 765 ep_low_reclaim|16.27|16.2781|2.13386|20|stop|stop|stop|stop|target|target|settled|2.13386|13.5036|-0.5712|trail_exit|-0.5712|0.761|time_exit|0.8929|1.3929||settled|1|6.32826|-1.0074|stop|-1.0074|-1.0074|stop|-1.0074|0.3901|1|settled|2.12596|13.4604|-0.5662|trail_exit|-0.5662|0.7717|time_exit|0.9041|1.4018||settled|1|6.33142|-1|stop|-1|-1|stop|-1|0.398|1|2|-1.6182|-0.6182|2|-0.3883|0.2718
PLTR|2026-08-04|A|DISC|2026-08|HIGH|7.35996|143.28|162.66|164.52|0|1|fire|0|0|2026-08-05|1|0|2026-08-05|2026-W32|1|570|minute|161.89|160.7|0|1|1|dip_first|||1|1|20|1|2026-08-05|2026-08-05 570 ep_close_reclaim|164.52|164.602|0.530201|20|stop|stop|stop|stop|target|target|settled|0.530201|2.37072|-1.0206|stop|-1.0206|-1.0206|stop|-1.0206|0.3787|0|settled|1|4.47136|-1.1971|stop|-1.1971|-1.1971|stop|-1.1971|0.2008|1|settled|0.519024|2.32191|-1|stop|-1|-1|stop|-1|0.4084|0|settled|1|4.4736|-1.1753|stop|-1.1753|-1.1753|stop|-1.1753|0.212|1|2|-2|-1|2|0.7184|1.7802
POWI|2026-05-26|A|DISC|2026-05|HIGH|5.09128|78|84.09|84.9|0|0|fire|0|0|2026-05-27|1|0|2026-05-27|2026-W22|1|570|minute|88.08|82.925|0|1|1|same_minute|||1|1|20|1|2026-05-27,2026-06-05|2026-05-27 650 ep_close_reclaim|84.9|88.124|1.02116|20|stop|stop|stop|stop|stop|stop|settled|1.02116|5.89968|-1.008|stop|-1.008|-1.008|stop|-1.008|-0.8218|0|settled|1|5.77741|-1.0082|stop|-1.0082|-1.0082|stop|-1.0082|-0.8392|0|settled|0.387918|2.32627|-1|stop|-1|-1|stop|-1|-0.5309|0|settled|1|5.9968|-1|stop|-1|-1|stop|-1|0.8053|7|3|-3|-1|3|-2.2082|-0.2082
PRG|2026-07-15|A|DISC|2026-07|MODERATE|2.00365|45.18|46.51|46.94|0|0|fire|0|0|2026-07-16|1|0|2026-07-16|2026-W29|1|585|minute|46.97|45.97|0|0|1||ep_close_reclaim||0|1|20|1|2026-07-16,2026-07-17,2026-07-21|2026-07-16 575 ep_close_reclaim|46.94|46.9935|0.51081|20|stop|stop|stop|stop|stop|stop|settled|0.51081|2.17793|-1.0225|stop|-1.0225|-1.0225|stop|-1.0225|0.7196|1|settled|1|4.26368|-1.0011|trail_exit|-1.0011|-1.0112|stop|-1.0112|0.3676|3|settled|0.484117|2.06647|-1|stop|-1|-1|stop|-1|0.8144|1|settled|1|4.26853|-0.9632|trail_exit|-0.9632|-1|stop|-1|0.3943|3|3|-3|-1|3|-1.5197|-0.2146
PRGO|2026-08-05|A|DISC|2026-08|MODERATE|0.584369|12.611|13.27|13.655|0|0|fire|0|0|2026-08-06|1|0|2026-08-19|2026-W34|10|790|minute|13.625|12.16|1|0|0||ep_close_620_prox,ep_low_reclaim||0|1|20|1|2026-08-06,2026-08-17|2026-08-06 580 ep_low_reclaim|13.655|13.6618|2.57|20|target|target|target|target|open|open|settled|2.57|10.9929|0.4002|trail_exit|0.5466|-0.1256|time_exit|0.5466|0.8877||settled|1|4.27738|1.0285|trail_exit|1.4048|-0.3227|time_exit|1.4048|2.2814||settled|2.55832|10.9484|0.4114|trail_exit|0.5585|-0.1171|time_exit|0.5585|0.8963||settled|1|4.27952|1.0524|trail_exit|1.4289|-0.2995|time_exit|1.4289|2.2931||2|-2|-1|2|4.8514|2.6952
PSIX|2026-08-07|A|DISC|2026-08|MODERATE|2.81505|38.28|40.82|42.03|0|0|fire|0|0|2026-08-10|1|0|2026-08-10|2026-W33|1|755|minute|41.56|39.9302|0|0|1||ep_close_620_prox,ep_close_reclaim||0|1|20|1|2026-08-10,2026-08-18|2026-08-10 590 ep_close_reclaim|42.03|42.051|0.753383|20|stop|stop|stop|stop|stop|stop|settled|0.753383|5.04343|-1.0094|stop|-1.0094|-1.0094|stop|-1.0094|0.9991|5|settled|1|6.69438|-1.144|stop|-1.144|-1.144|stop|-1.144|0.7527|6|settled|0.745918|4.99596|-1|stop|-1|-1|stop|-1|1.0191|5|settled|1|6.69773|-1.1296|stop|-1.1296|-1.1296|stop|-1.1296|0.7602|6|3|-3|-1|3|-2.4281|-0.4281
PWR|2026-07-30|A|DISC|2026-07|HIGH|24.6351|634.51|657.98|679.8|0|0|fire|0|0|2026-08-03|2|1|2026-08-03|2026-W32|2|835|minute|678.08|654.26|0|0|1||ep_close_620_prox,ep_close_reclaim,ep_high_break||0|0|20|1|2026-07-31,2026-08-03|2026-07-31 570 ep_high_break|679.8|680.14|1.05053|20|open|open|open|open|open|open|settled|1.05053|3.80508|-0.2974|trail_exit|-0.2974|-1.0126|stop|1.6155|1.7257|14|settled|1|3.62207|-0.3125|trail_exit|-0.3125|-1.0133|stop|1.6971|1.8129|14|settled|1.03673|3.75699|-0.2749|trail_exit|-0.2749|-1|stop|1.6644|1.7619|14|settled|1|3.62388|-0.285|trail_exit|-0.285|-1|stop|1.7256|1.8267|14|3|-0.913|1|3|-0.3243|0.3759
QBTS|2026-05-21|A|DISC|2026-05|MODERATE|2.10835|21.61|25.74|25.83|0|0|fire|0|0|2026-05-27|3|1|2026-05-27|2026-W22|3|625|minute|26.235|25.695|0|1|1|dip_first|ep_high_break||0|0|20|1|2026-05-22,2026-05-27|2026-05-22 570 ep_high_break|25.83|26.2481|0.262347|20|target|stop|target|open|stop|stop|settled|0.262347|2.10727|2.3288|trail_exit|2.3288|-1.0232|stop|-1.0232|9.1335|7|settled|1|8.03237|0.611|trail_exit|0.611|-1.0057|stop|-1.0057|2.3961|7|settled|0.0640312|0.522648|12.7407|trail_exit|12.7407|-1|stop|-1|40.5185|7|settled|1|8.16239|0.8158|trail_exit|0.8158|-1|stop|-1|2.5945|7|2|10.0076|9.6|2|1.6126|0.8158
QBTS|2026-07-27|A|DISC|2026-07|HIGH|1.29683|17.75|19.51|19.54|0|0|fire|0|0|2026-07-28|1|0|2026-08-03|2026-W32|5|605|minute|19.36|16.07|1|0|0||ep_low_reclaim||0|1|20|1|2026-07-28,2026-08-03|2026-07-28 640 ep_low_reclaim|19.54|19.5498|2.68328|20|open|open|open|open|stop|stop|settled|2.68328|17.7995|-0.0085|trail_exit|0.3764|-0.6778|time_exit|0.3764|0.7041||settled|1|6.6335|-0.0227|trail_exit|1.01|-1.007|stop|1.01|1.8894|17|settled|2.67575|17.7584|-0.0029|trail_exit|0.3833|-0.6744|time_exit|0.3833|0.7089||settled|1|6.63682|-0.0077|trail_exit|1.0256|-1|stop|1.0256|1.8969|17|2|-0.5528|-0.2537|2|-1.3649|-0.1234
QCOM|2026-09-08|B|B|2026-09|HIGH|5.0848|172.035|174.09|183.49|0|0|fire|0|0|2026-09-09|1|0|2026-09-11|2026-W37|3||daily|178.25|171|1|0|0||ep_close_620_prox,ep_close_reclaim,ep_low_reclaim||0|1|16|1|2026-09-09,2026-09-10|2026-09-09 670 ep_close_reclaim|183.49|183.582|2.47438|19|stop|stop|stop|stop|stop|stop|settled|2.47438|6.85348|-1.0243|stop|-1.0243|-1.0243|stop|-1.0243|0.1493|1|settled|1|2.76978|-1.0176|stop|-1.0176|-1.0176|stop|-1.0176|0.3694|0|settled|2.45634|6.80691|-1.0176|stop|-1.0176|-1.0176|stop|-1.0176|0.1577|1|settled|1|2.77116|-1|stop|-1|-1|stop|-1|0.3874|0|2|-2|-1|3|0.7808|1.0777
QFIN|2026-05-27|A|DISC|2026-05|HIGH|0.557673|13.88|15.74|16.47|0|0|fire|0|0|2026-05-28|1|0|2026-06-01|2026-W23|3|570|minute|16.12|14.78|0|0|0||ep_close_reclaim||0|1|20|1|2026-05-29|2026-05-29 600 ep_close_reclaim|16.47|16.4782|3.04522|20|stop|stop|stop|stop|stop|stop|settled|3.04522|10.3059|-1.0044|stop|-1.0044|-1.0044|stop|-1.0044|0.4545|4|settled|1|3.3843|-1.0143|stop|-1.0143|-1.0143|stop|-1.0143|1.3841|2|settled|3.03045|10.2611|-1|stop|-1|-1|stop|-1|0.4616|4|settled|1|3.38599|-1|stop|-1|-1|stop|-1|1.3988|2|1|-1|-1|1|-1|-1
QNST|2026-08-07|A|DISC|2026-08|HIGH|0.832008|19.21|21.08|21.28|0|0|fire|0|0|2026-08-10|1|1|2026-08-10|2026-W33|1|705|minute|21.255|20.66|0|0|1||ep_close_reclaim,ep_high_break||0|0|20|1|2026-08-10,2026-08-13,2026-08-28|2026-08-10 570 ep_high_break|21.28|21.2906|0.757974|20|stop|open|stop|open|stop|stop|settled|0.757974|2.96205|-1.0164|stop|-1.0164|-1.0164|stop|-1.0164|1.3548|1|settled|1|3.90786|-1.0123|stop|-1.0123|-1.0123|stop|-1.0123|1.2011|1|settled|0.745185|2.91353|-1|stop|-1|-1|stop|-1|1.3952|1|settled|1|3.90981|-1|stop|-1|-1|stop|-1|1.2139|1|4|-2.5305|-0.0909|4|-2.637|-0.0481
QUBT|2026-05-21|A|DISC|2026-05|MODERATE|1.01085|10.32|11.41|11.445|0|0|fire|0|0|2026-05-26|2|1|2026-05-26|2026-W22|2|585|minute|11.565|11.37|0|1|1|dip_first|ep_high_break||0|0|20|1|2026-05-22,2026-05-26,2026-06-05|2026-05-22 570 ep_high_break|11.445|11.5708|0.198627|20|stop|stop|stop|stop|stop|stop|settled|0.198627|1.73525|-1.0283|stop|-1.0283|-1.0283|stop|-1.0283|0.5689|0|settled|1|8.73627|-0.3723|trail_exit|-0.3723|-1.0052|stop|-1.0052|1.4139|8|settled|0.0741947|0.655308|-1|stop|-1|-1|stop|-1|3.2|0|settled|1|8.83228|-0.2424|trail_exit|-0.2424|-1|stop|-1|1.5383|8|4|-3.2178|-0.2178|4|-1.3694|-0.2424
QURE|2026-06-17|A|DISC|2026-06|HIGH|2.96377|42.5|48.16|49.7|0|0|fire|0|0|2026-06-18|1|0|2026-06-18|2026-W25|1|570|minute|48.54|47.745|0|1|1|touch_first|||1|1|20|1|2026-06-23,2026-06-24,2026-07-02|2026-06-23 595 ep_close_reclaim|49.7|49.7249|0.668017|20|stop|stop|stop|stop|stop|stop|settled|0.668017|3.98161|-1.0121|stop|-1.0121|-1.0121|stop|-1.0121|-0.6995|0|settled|1|5.96034|-1.0079|stop|-1.0079|-1.0079|stop|-1.0079|-0.4673|0|settled|0.659633|3.9336|-1|stop|-1|-1|stop|-1|-0.6957|0|settled|1|5.96332|-1|stop|-1|-1|stop|-1|-0.4589|0|3|-2.2719|-0.5728|3|-2.2986|-0.2986
RCAT|2026-05-28|A|DISC|2026-05|HIGH|0.926506|11.955|14.15|15.06|0|0|fire|0|0|2026-05-29|1|0|2026-06-01|2026-W23|2|570|minute|14.32|12.35|0|0|0||ep_close_reclaim||0|1|20|1|2026-05-29,2026-06-04,2026-06-11|2026-05-29 800 ep_close_reclaim|15.06|15.0675|2.93309|20|stop|stop|stop|stop|stop|stop|settled|2.93309|18.0357|-1.0023|stop|-1.0023|-1.0023|stop|-1.0023|0.2659|4|settled|1|6.14903|-1.0076|stop|-1.0076|-1.0076|stop|-1.0076|0.7798|2|settled|2.92497|17.9947|-1|stop|-1|-1|stop|-1|0.2694|4|settled|1|6.1521|-1|stop|-1|-1|stop|-1|0.7879|2|3|-1.9565|0.0435|3|-1.946|0.054
RDW|2026-05-26|A|DISC|2026-05|HIGH|2.44709|19.2|22.04|23.1|0|0|fire|0|0|2026-05-29|3|1|2026-05-29|2026-W22|3|695|minute|23.055|21.665|0|0|1||ep_close_reclaim,ep_high_break||0|0|20|1|2026-05-27,2026-05-29,2026-06-02,2026-06-03|2026-05-27 570 ep_high_break|23.1|23.1116|0.591131|20|stop|stop|stop|stop|stop|stop|settled|0.591131|6.25899|-1.0075|stop|-1.0075|-1.0075|stop|-1.0075|1.1603|1|settled|1|10.5882|-1.0042|stop|-1.0042|-1.0042|stop|-1.0042|0.6859|1|settled|0.586411|6.21212|-1|stop|-1|-1|stop|-1|1.1777|1|settled|1|10.5935|-1|stop|-1|-1|stop|-1|0.6906|1|4|-4.7339|-1|4|-3.5161|-0.4516
RLAY|2026-05-21|A|DISC|2026-05|HIGH|1.03174|13.525|13.66|15.45|0|0|fire|0|0|2026-05-22|1|0|2026-06-02|2026-W23|7|570|minute|16.65|13.264|1|0|0||ep_close_620_prox,ep_low_reclaim||0|1|20|1|2026-05-22|2026-05-22 570 ep_low_reclaim|15.45|16.6583|3.28989|20|stop|stop|stop|stop|stop|stop|settled|3.28989|20.3761|-1.002|stop|-1.002|-1.002|stop|-1.002|0.2391|3|settled|1|6.19357|-1.0076|stop|-1.0076|-1.0076|stop|-1.0076|0.7867|1|settled|2.11874|14.1489|-1|stop|-1|-1|stop|-1|0.9241|3|settled|1|6.67796|-1|stop|-1|-1|stop|-1|1.9578|2|2|-2|-1|2|-0.4071|-0.0097
RXT|2026-06-16|A|DISC|2026-06|HIGH|1.00408|5.9701|6.21|7.16|0|0|fire|0|0|2026-06-17|1|0|2026-06-17|2026-W25|1|580|minute|6.975|6.035|0|0|1||ep_close_reclaim||0|1|20|1|2026-06-17,2026-06-24,2026-06-26|2026-06-17 570 ep_close_reclaim|7.16|7.16358|1.12399|20|stop|open|stop|open|stop|open|settled|1.12399|15.7544|-0.7148|trail_exit|-0.7148|-1.0027|stop|-1.0027|1.2728|6|settled|1|14.0165|-0.8035|trail_exit|-0.8035|-1.0031|stop|-1.0031|1.4306|6|settled|1.12042|15.7123|-0.7111|trail_exit|-0.7111|-1|stop|-1|1.28|6|settled|1|14.0235|-0.7967|trail_exit|-0.7967|-1|stop|-1|1.4341|6|3|-2.4715|-0.4715|3|-0.5853|-0.0199
SEI|2026-09-08|B|B|2026-09|HIGH|3.6771|60.3|63.96|65.26|0|0|fire|0|0|2026-09-10|2|1|2026-09-10|2026-W37|2|620|minute|65.23|63.801|0|0|1||ep_close_reclaim,ep_high_break||0|0|17|1|2026-09-09,2026-09-10,2026-09-15|2026-09-09 570 ep_high_break|65.26|65.2926|0.405654|19|stop|stop|stop|stop|open|open|settled|0.405654|2.28453|-1.6318|stop|-1.6318|-1.6318|stop|-1.6318|3.3771|2|settled|1|5.63173|-1.0084|stop|-1.0084|-1.0084|stop|-1.0084|1.3699|2|settled|0.39678|2.23567|-1.6244|stop|-1.6244|-1.6244|stop|-1.6244|3.475|2|settled|1|5.63454|-1|stop|-1|-1|stop|-1|1.3788|2|3|-4.2295|0.0827|3|0.2306|0.8295
SIBN|2026-05-12|A|DISC|2026-05|HIGH|0.752241|12.072|13.9|13.955|0|0|fire|0|0|2026-05-13|1|0|2026-05-13|2026-W20|1|580|minute|13.8|13.562|0|0|1||||1|1|20|1|2026-05-13|2026-05-13 580 ep_close_reclaim|13.955|13.962|0.531715|20|open|open|open|open|open|open|settled|0.531715|2.86476|1.227|trail_exit|1.227|-1.017|stop|1.1021|2.8452|12|settled|1|5.38778|0.6525|trail_exit|0.6525|1.5559|time_exit|0.586|2.4301||settled|0.522439|2.81619|1.285|trail_exit|1.285|-1|stop|1.1578|2.9135|12|settled|1|5.39047|0.6713|trail_exit|0.6713|1.5753|time_exit|0.6049|2.4394||2|1.6312|1.0502|2|1.0502|0.6115
SITM|2026-08-06|A|DISC|2026-08|HIGH|42.9876|622.69|687.5|693.665|0|0|fire|0|0|2026-08-11|3|1|2026-08-11|2026-W33|3|570|minute|698.05|686.371|0|1|1|touch_first|ep_close_620_prox,ep_high_break||0|0|20|1|2026-08-07,2026-08-10,2026-08-11,2026-08-19|2026-08-07 570 ep_high_break|693.665|698.399|0.279802|20|stop|stop|stop|stop|target|stop|settled|0.279802|1.72223|-1.0285|stop|-1.0285|-1.0285|stop|-1.0285|-0.527|0|settled|1|6.15517|-0.4345|trail_exit|-0.4345|-1.0076|stop|-1.0076|1.3164|6|settled|0.169677|1.05152|-1|stop|-1|-1|stop|-1|-0.22|0|settled|1|6.19717|-0.3165|trail_exit|-0.3165|-1|stop|-1|1.4266|6|4|-3.1917|-0.1917|4|-1.4962|-0.1776
SLS|2026-05-20|A|DISC|2026-05|HIGH|0.635978|8.2|8.97|9.0999|0|0|fire|0|0|2026-05-21|1|0|2026-05-28|2026-W22|5|605|minute|8.9909|6.9602|1|0|0||ep_low_reclaim||0|1|20|1|2026-05-22,2026-05-28|2026-05-22 625 ep_low_reclaim|9.0999|9.10445|3.37158|20|stop|stop|stop|stop|stop|stop|settled|3.37158|23.5517|-0.3631|trail_exit|-0.3631|1.5294|time_exit|-0.6335|1.5509||settled|1|6.98535|-1.0067|stop|-1.0067|-1.0067|stop|-1.0067|0.6377|3|settled|3.36442|23.5134|-0.3598|trail_exit|-0.3598|1.5376|time_exit|-0.6309|1.5563||settled|1|6.98885|-1|stop|-1|-1|stop|-1|0.6448|3|2|-0.9022|0.0978|2|-2|-1
SMCI|2026-07-22|A|DISC|2026-07|HIGH|1.82651|28.5|30.56|32.2844|0|0|fire|0|0|2026-07-23|1|0|2026-07-23|2026-W30|1|750|minute|32.1397|30.18|0|0|1||ep_close_reclaim||0|1|20|1|2026-07-23,2026-07-28|2026-07-23 570 ep_close_reclaim|32.2844|32.3005|1.16098|20|stop|stop|stop|stop|stop|stop|settled|1.16098|6.56504|-1.0071|stop|-1.0071|-1.0071|stop|-1.0071|0.1341|1|settled|1|5.65473|-1.0083|stop|-1.0083|-1.0083|stop|-1.0083|0.1557|1|settled|1.15214|6.51832|-1|stop|-1|-1|stop|-1|0.1428|1|settled|1|5.65756|-1|stop|-1|-1|stop|-1|0.1646|1|3|-3|-1|3|-3|-1
SNOW|2026-05-28|A|DISC|2026-05|MODERATE|10.6946|229.49|239.2|244.92|0|0|fire|0|0|2026-06-05|6|1|2026-06-08|2026-W24|7|570|minute|239.8|235|0|0|0||ep_close_620_prox,ep_close_reclaim,ep_high_break||0|0|20|1|2026-05-29,2026-06-05,2026-06-18|2026-05-29 570 ep_high_break|244.92|245.042|0.939025|20|stop|stop|stop|stop|stop|stop|settled|0.939025|4.09825|-1.0117|stop|-1.0117|-1.0117|stop|-1.0117|0.2138|1|settled|1|4.36437|-1.011|stop|-1.011|-1.011|stop|-1.011|0.2008|1|settled|0.927574|4.0503|-1|stop|-1|-1|stop|-1|0.2288|1|settled|1|4.36655|-1|stop|-1|-1|stop|-1|0.2122|1|4|-2.094|0.2469|4|-0.5652|0.2333
STC|2026-05-19|A|DISC|2026-05|MODERATE|2.08669|66.84|66.97|68.74|0|0|fire|0|0|2026-05-20|1|0|2026-05-27|2026-W22|5||daily|68.5|65.945|1|0|0||ep_close_620_prox,ep_low_reclaim||0|1|20|1|2026-05-20,2026-05-22|2026-05-20 580 ep_low_reclaim|68.74|68.7744|1.35591|20|stop|stop|stop|stop|stop|stop|settled|1.35591|4.11399|-0.268|trail_exit|-0.268|-1.0735|stop|-1.0735|0.1504|2|settled|1|3.03412|-0.3634|trail_exit|-0.3634|-1.016|stop|-1.016|0.204|1|settled|1.33944|4.06605|-0.2469|trail_exit|-0.2469|-1.0626|stop|-1.0626|0.1646|2|settled|1|3.03563|-0.3307|trail_exit|-0.3307|-1|stop|-1|0.2204|1|2|1.1961|2.1961|2|0.4409|0.5367
STDN|2026-08-14|A|DISC|2026-08|MODERATE|1.6287|12|13.31|13.795|0|0|fire|0|0|2026-08-17|1|0|2026-08-25|2026-W35|7|655|minute|13.685|11.5|1|0|0||ep_close_620_prox,ep_close_reclaim,ep_low_reclaim||0|1|20|1|2026-08-17,2026-08-18|2026-08-17 575 ep_close_reclaim|13.795|13.8019|1.41334|20|target|target|target|target|target|target|settled|1.41334|16.6781|-0.26|trail_exit|-0.26|-0.4163|time_exit|-0.3338|1.537||settled|1|11.8005|-0.3675|trail_exit|-0.3675|-1.0037|stop|-0.4718|2.1723|11|settled|1.4091|16.6365|-0.2549|trail_exit|-0.2549|-0.4118|time_exit|-0.329|1.5446||settled|1|11.8064|-0.3592|trail_exit|-0.3592|-1|stop|-0.4636|2.1765|11|3|-3|-1|3|-2.1658|-0.1658
STUB|2026-05-14|A|DISC|2026-05|HIGH|0.466434|8.3201|8.55|9.17|0|0|fire|0|0|2026-05-15|1|0|2026-05-18|2026-W21|2|605|minute|9.115|8.14|1|0|0||ep_close_620_prox,ep_low_reclaim||0|1|20|1|2026-05-15|2026-05-15 590 ep_low_reclaim|9.17|9.17458|2.21807|20|target|open|target|open|target|open|settled|2.21807|11.2766|0.5998|trail_exit|0.5998|2.2421|time_exit|0.5998|2.3927||settled|1|5.08398|1.3303|trail_exit|1.3303|4.9732|time_exit|1.3303|5.3071||settled|2.20824|11.2323|0.6117|trail_exit|0.6117|2.2621|time_exit|0.6117|2.4078||settled|1|5.08652|1.3507|trail_exit|1.3507|4.9953|time_exit|1.3507|5.3169||2|9.0305|5.1481|2|5.8101|2.9801
SYRE|2026-06-22|A|DISC|2026-06|HIGH|5.59529|95|100.32|101.705|0|0|fire|0|0|2026-06-23|1|0|2026-06-23|2026-W26|1|580|minute|99.76|97.14|0|0|1||||1|1|20|1|2026-06-23,2026-07-07|2026-06-23 580 ep_close_reclaim|101.705|101.756|0.824954|20|stop|stop|stop|stop|stop|stop|settled|0.824954|4.5362|-1.0105|stop|-1.0105|-1.0105|stop|-1.0105|0.0529|0|settled|1|5.49874|-1.0086|stop|-1.0086|-1.0086|stop|-1.0086|0.0436|0|settled|0.815865|4.48847|-1|stop|-1|-1|stop|-1|0.0646|0|settled|1|5.50149|-1|stop|-1|-1|stop|-1|0.0527|0|3|-2.0673|-0.0673|3|-3.9703|-0.1608
TASK|2026-08-06|A|DISC|2026-08|MODERATE|0.426919|7.02|7.82|8.225|0|0|fire|0|0|2026-08-07|1|0|2026-08-28|2026-W35|16|575|minute|8.21|6.57|1|0|0||ep_close_620_prox,ep_low_reclaim||0|1|20|1|2026-08-10,2026-08-19|2026-08-10 630 ep_low_reclaim|8.225|8.22911|3.88625|20|stop|stop|stop|stop|stop|stop|settled|3.88625|20.1615|-0.285|trail_exit|-0.285|-0.0802|time_exit|0.0041|0.3441||settled|1|5.18791|-1.0091|stop|-1.0091|-1.0091|stop|-1.0091|0.4706|2|settled|3.87662|20.1216|-0.281|trail_exit|-0.281|-0.0755|time_exit|0.0091|0.3474||settled|1|5.1905|-1|stop|-1|-1|stop|-1|0.4802|2|2|-1.387|-0.387|2|-1.5619|-0.5619
TATT|2026-05-20|A|DISC|2026-05|HIGH|1.68267|36.015|39.54|40.73|0|0|fire|0|0|2026-05-21|1|0|2026-05-27|2026-W22|4|615|minute|40.63|36.26|0|0|0||ep_close_620_prox,ep_close_reclaim||0|1|20|1|2026-05-26|2026-05-26 575 ep_close_reclaim|40.73|40.7504|2.66859|20|target|target|target|target|target|target|settled|2.66859|11.0192|0.0488|trail_exit|0.0488|0.6854|time_exit|0.0488|1.4029||settled|1|4.12922|0.1302|trail_exit|0.1302|1.8291|time_exit|0.1302|3.7438||settled|2.65649|10.9747|0.0582|trail_exit|0.0582|0.698|time_exit|0.0582|1.4139||settled|1|4.13129|0.1545|trail_exit|0.1545|1.8542|time_exit|0.1545|3.7559||2|-0.5753|0.4247|2|1.8513|1.0133
TE|2026-05-12|A|DISC|2026-05|HIGH|0.491066|5.5|5.85|6.51|1|0|fire|0|0|2026-05-13|1|0|2026-05-18|2026-W21|4|570|minute|6.7|5.26|1|0|0||ep_close_620_prox,ep_low_reclaim||0|1|20|1|2026-05-13|2026-05-13 630 ep_low_reclaim|6.51|6.70335|2.93922|20|stop|target|target|target|stop|stop|settled|2.93922|21.5318|1.8858|trail_exit|3.6932|1.3318|time_exit|3.6932|4.0092||settled|1|7.32568|-1.0063|stop|-1.0063|-1.0063|stop|-1.0063|0.9706|1|settled|2.54548|19.2012|2.336|trail_exit|4.424|1.696|time_exit|4.424|4.784||settled|1|7.54326|5.9462|trail_exit|11.2612|4.3171|time_exit|11.2612|12.1776||2|25.2506|14.1636|2|15.7209|7.9317
TEAM|2026-08-07|A|DISC|2026-08|HIGH|9.41046|141.51|149.07|153.2|0|1|fire|0|0|2026-08-10|1|0|2026-08-10|2026-W33|1|570|minute|149.21|145|0|1|1|dip_first|||1|1|20|1|2026-08-10|2026-08-10 580 ep_close_reclaim|153.2|153.277|0.879511|20|target|target|target|target|target|target|settled|0.879511|5.39978|2.7855|trail_exit|2.1709|2.7855|time_exit|2.1709|5.4761||settled|1|6.13953|2.4499|trail_exit|1.9093|2.4499|time_exit|1.9093|4.8163||settled|0.871371|5.35248|2.8317|trail_exit|2.211|2.8317|time_exit|2.211|5.5366||settled|1|6.1426|2.4675|trail_exit|1.9266|2.4675|time_exit|1.9266|4.8244||2|15.4252|9.268|2|5.886|3.0137
TEVA|2026-07-29|A|DISC|2026-07|HIGH|1.02305|33.48|34.71|35.69|0|0|fire|0|0|2026-07-30|1|0|2026-07-30|2026-W31|1|570|minute|34.35|34.27|0|1|1|dip_first|||1|1|20|1|2026-07-30|2026-07-30 570 ep_close_reclaim|35.69|35.7078|1.40545|20|stop|stop|stop|stop|stop|stop|settled|1.40545|4.02669|-1.0119|stop|-1.0119|-1.0119|stop|-1.0119|-0.0333|2|settled|1|2.86506|-1.017|stop|-1.017|-1.017|stop|-1.017|-0.2814|0|settled|1.388|3.97871|-1|stop|-1|-1|stop|-1|-0.0211|2|settled|1|2.8665|-1|stop|-1|-1|stop|-1|-0.2639|0|2|-2|-1|2|-2|-1
TH|2026-08-10|A|DISC|2026-08|HIGH|0.808191|15.0201|16.07|17.54|0|0|fire|0|0|2026-08-11|1|0|2026-08-17|2026-W34|5|570|minute|17.79|16|0|0|0||ep_close_620_prox,ep_close_reclaim||0|1|20|1|2026-08-11,2026-08-12|2026-08-11 570 ep_close_reclaim|17.54|17.7989|2.22583|20|stop|stop|stop|target|stop|stop|settled|2.22583|10.1068|-0.5711|trail_exit|-0.5711|0.5235|time_exit|0.3958|1.4849||settled|1|4.54068|-1.0105|stop|-1.0105|-1.0105|stop|-1.0105|0.4468|3|settled|1.90549|8.77993|-0.4935|trail_exit|-0.4935|0.7857|time_exit|0.6364|1.9026||settled|1|4.6077|-1|stop|-1|-1|stop|-1|1.4098|7|2|-2|-1|2|0.6186|0.4083
TNDM|2026-06-01|A|DISC|2026-06|MODERATE|1.57894|17.72|19.12|20.04|0|0|fire|0|0|2026-06-02|1|0|2026-06-05|2026-W23|4|575|minute|19.76|17.635|1|0|0||ep_close_620_prox,ep_low_reclaim||0|1|20|1|2026-06-02,2026-06-03|2026-06-02 875 ep_close_620_prox|20.04|20.05|1.52952|20|stop|stop|stop|stop|stop|stop|settled|1.52952|12.045|-1.0037|stop|-1.0037|-1.0037|stop|-1.0037|0.236|2|settled|1|7.875|-1.0058|stop|-1.0058|-1.0058|stop|-1.0058|0.361|1|settled|1.52318|12.001|-1|stop|-1|-1|stop|-1|0.2412|2|settled|1|7.87893|-1|stop|-1|-1|stop|-1|0.3673|1|2|-2|-1|2|-0.6365|-0.0792
TRUP|2026-08-06|A|DISC|2026-08|MODERATE|1.10142|26.3|28.16|29.278|0|0|fire|0|0|2026-08-07|1|0|2026-08-10|2026-W33|2|905|minute|28.97|26.5505|0|0|0||ep_close_reclaim||0|1|20|1|2026-08-10|2026-08-10 595 ep_close_reclaim|29.278|29.2926|2.48963|20|target|open|target|open|target|open|settled|2.48963|9.36119|0.3217|trail_exit|0.894|-1.0048|stop|0.894|1.0201|20|settled|1|3.76007|0.801|trail_exit|2.2258|-1.0128|stop|2.2258|2.5398|16|settled|2.47634|9.31587|0.3344|trail_exit|0.91|-1|stop|0.91|1.031|20|settled|1|3.76195|0.828|trail_exit|2.2534|-1|stop|2.2534|2.5531|16|1|0.9948|0.9948|1|1.6479|1.6479
TSAT|2026-08-04|A|DISC|2026-08|HIGH|3.65016|43.12|54.75|55.5225|0|0|fire|0|0|2026-08-05|1|0|2026-08-06|2026-W32|2|810|minute|55.5|50.26|0|0|0||ep_close_reclaim||0|1|20|1|2026-08-06,2026-08-10,2026-08-20|2026-08-06 630 ep_close_reclaim|55.5225|55.5503|1.44932|20|stop|stop|stop|stop|target|stop|settled|1.44932|9.52338|-0.5589|trail_exit|-0.5589|-1.0048|stop|-1.0048|1.1322|6|settled|1|6.57091|-1.0071|stop|-1.0071|-1.0071|stop|-1.0071|1.6409|5|settled|1.44172|9.47814|-0.5515|trail_exit|-0.5515|-1|stop|-1|1.1434|6|settled|1|6.57419|-1|stop|-1|-1|stop|-1|1.6485|5|3|1.8561|3.386|3|-1.4643|0.2644
TWST|2026-08-19|A|HOA|2026-08|HIGH|10.279|127.75|142.39|142.84|0|0|fire|0|0|2026-08-20|1|0|2026-08-20|2026-W34|1|660|minute|142.547|136.37|0|0|1||ep_close_reclaim||0|1|20|1|2026-08-20,2026-09-17|2026-08-20 655 ep_close_reclaim|142.84|142.911|0.63639|20|stop|stop|stop|stop|open|open|settled|0.63639|4.57725|-1.0104|stop|-1.0104|-1.0104|stop|-1.0104|0.3973|0|settled|1|7.19254|-0.3873|trail_exit|-0.3873|-1.0065|stop|-1.0065|1.2189|8|settled|0.629441|4.52954|-1|stop|-1|-1|stop|-1|0.4127|0|settled|1|7.19613|-0.3736|trail_exit|-0.3736|-1|stop|-1|1.2258|8|3|-1.0652|0.9348|3|2.4942|2.9444
UUUU|2026-08-21|A|HOA|2026-08|HIGH|0.941683|14.58|15.14|15.55|0|0|fire|0|0|2026-08-24|1|0|2026-08-25|2026-W35|2|630|minute|15.44|14.75|0|0|0||ep_close_620_prox,ep_close_reclaim||0|1|20|1|2026-08-24,2026-08-28|2026-08-24 575 ep_close_reclaim|15.55|15.5578|0.857799|20|stop|stop|stop|stop|stop|stop|settled|0.857799|5.1921|-1.0091|stop|-1.0091|-1.0091|stop|-1.0091|1.1664|3|settled|1|6.05281|-1.0078|stop|-1.0078|-1.0078|stop|-1.0078|1.0006|3|settled|0.849543|5.14469|-1|stop|-1|-1|stop|-1|1.1875|3|settled|1|6.05584|-1|stop|-1|-1|stop|-1|1.0088|3|3|-1.1168|0.8832|3|-0.6956|0.069
VERA|2026-08-14|A|DISC|2026-08|HIGH|1.62386|29.73|31.63|32.31|0|0|fire|0|0|2026-08-17|1|0|2026-08-17|2026-W34|1|665|minute|31.995|31.1|0|0|1||ep_close_620_prox,ep_close_reclaim||0|1|20|1|2026-08-17|2026-08-17 570 ep_close_reclaim|32.31|32.3262|0.755089|20|target|target|target|target|target|target|settled|0.755089|3.79307|-0.5807|trail_exit|-0.5807|-1.0127|stop|-1.0127|0.941|3|settled|1|5.02335|-0.4384|trail_exit|-0.4384|0.8172|time_exit|1.0695|2.9645||settled|0.74514|3.74497|-0.562|trail_exit|-0.562|-1|stop|-1|0.9669|3|settled|1|5.02586|-0.4188|trail_exit|-0.4188|0.8375|time_exit|1.09|2.9744||2|-0.5278|0.4722|2|-0.0924|0.1047
VG|2026-05-12|A|DISC|2026-05|HIGH|0.700277|12.105|13.27|13.595|0|0|fire|0|0|2026-05-13|1|1|2026-05-15|2026-W20|3|570|minute|13.42|12.75|0|0|0||ep_close_620_prox,ep_close_reclaim,ep_high_break||0|0|20|1|2026-05-13,2026-05-14,2026-05-29|2026-05-13 570 ep_high_break|13.595|13.6018|1.21637|20|stop|stop|stop|stop|stop|stop|settled|1.21637|6.26239|-0.8432|trail_exit|-0.8432|-1.2657|stop|-1.2657|1.5828|7|settled|1|5.14841|-1.0092|stop|-1.0092|-1.0092|stop|-1.0092|1.9252|6|settled|1.20667|6.21552|-0.8343|trail_exit|-0.8343|-1.2604|stop|-1.2604|1.6036|7|settled|1|5.15099|-1|stop|-1|-1|stop|-1|1.9349|6|4|-2.9904|-0.4732|4|-1.9632|-0.1428
VIK|2026-05-14|A|DISC|2026-05|HIGH|3.04278|86.31|86.72|92|0|0|fire|0|0|2026-05-15|1|0|2026-05-27|2026-W22|8|615|minute|91.755|80.42|1|0|0||ep_close_620_prox,ep_low_reclaim||0|1|20|1|2026-05-18|2026-05-18 615 ep_low_reclaim|92|92.046|3.82084|20|stop|stop|stop|stop|stop|stop|settled|3.82084|12.6306|-0.2624|trail_exit|-0.2624|0.9292|time_exit|-0.3105|1.1323||settled|1|3.30572|-1.0146|stop|-1.0146|-1.0146|stop|-1.0146|0.5435|5|settled|3.80572|12.587|-0.2556|trail_exit|-0.2556|0.9413|time_exit|-0.304|1.1408||settled|1|3.30737|-1|stop|-1|-1|stop|-1|0.5587|5|2|-2|-1|2|-2|-1
VOYG|2026-08-04|A|DISC|2026-08|HIGH|2.74646|32.9|33.49|35.98|0|0|fire|0|0|2026-08-05|1|0|2026-08-06|2026-W32|2|580|minute|35.47|31.76|1|0|0||ep_close_620_prox,ep_low_reclaim||0|1|20|1|2026-08-05|2026-08-05 575 ep_low_reclaim|35.98|35.998|1.54307|20|target|target|target|target|target|open|settled|1.54307|11.7729|0.6684|trail_exit|0.6684|-0.7868|time_exit|0.449|2.2185||settled|1|7.62949|1.0313|trail_exit|1.0313|-1.0976|stop|0.6929|3.4233|18|settled|1.53652|11.7287|0.6801|trail_exit|0.6801|-0.782|time_exit|0.4597|2.2322||settled|1|7.6333|1.045|trail_exit|1.045|-1.085|stop|0.7064|3.4299|18|2|6.8684|4.1564|2|3.967|2.0809
VSTS|2026-05-12|A|DISC|2026-05|HIGH|0.468706|11.0313|12|12.465|0|0|fire|0|0|2026-05-13|1|0|2026-05-13|2026-W20|1|570|minute|12.49|11.53|0|1|1|touch_first|||1|1|20|1|2026-05-13,2026-05-15|2026-05-13 660 ep_low_reclaim|12.465|12.4962|2.06152|20|stop|open|stop|open|target|open|settled|2.06152|7.73228|-1.006|stop|-1.006|-1.006|stop|-1.006|-0.6274|0|settled|1|3.75077|-1.0128|stop|-1.0128|-1.0128|stop|-1.0128|-1.5601|0|settled|1.99485|7.501|-1|stop|-1|-1|stop|-1|-0.615|0|settled|1|3.76018|-1|stop|-1|-1|stop|-1|-1.4935|0|2|-2|-1|2|0.6002|1.6002
WEN|2026-06-24|A|DISC|2026-06|MODERATE|0.374639|7.5|7.86|8.88717|0|0|fire|0|0|2026-06-25|1|1|2026-07-01|2026-W27|5|940|minute|8.82|7.22|1|0|0||ep_close_620_prox,ep_high_break,ep_low_reclaim||0|0|20|1|2026-06-25,2026-06-26|2026-06-25 570 ep_high_break|8.88717|8.89161|4.46192|20|stop|stop|stop|stop|stop|stop|settled|4.46192|18.7999|-0.6673|trail_exit|-0.6673|-1.0022|stop|-0.6374|0.334|15|settled|1|4.2134|-1.0114|stop|-1.0114|-1.0114|stop|-1.0114|1.4905|1|settled|4.45006|18.7593|-0.6641|trail_exit|-0.6641|-1|stop|-0.6341|0.3376|15|settled|1|4.21551|-1|stop|-1|-1|stop|-1|1.5023|1|3|-1.8211|0.1789|3|-0.0658|0.7073
WLDN|2026-08-07|A|DISC|2026-08|MODERATE|3.64378|79.15|86.24|88.72|0|0|fire|0|0|2026-08-10|1|0|2026-08-28|2026-W35|15|570|minute|87.87|81.29|0|0|0||ep_close_620_prox,ep_close_reclaim||0|1|20|1|2026-08-10,2026-08-14|2026-08-10 640 ep_close_620_prox|88.72|88.7644|2.05126|20|stop|stop|stop|stop|stop|stop|settled|2.05126|8.42045|-0.405|trail_exit|-0.405|-1.0054|stop|-1.0054|0.0757|10|settled|1|4.10501|-0.8308|trail_exit|-0.8308|-1.0117|stop|-1.0117|0.1552|6|settled|2.03909|8.37466|-0.3957|trail_exit|-0.3957|-1|stop|-1|0.0821|10|settled|1|4.10706|-0.8069|trail_exit|-0.8069|-1|stop|-1|0.1674|7|2|-1.5641|-0.5641|2|-1.3677|-0.3677
WYFI|2026-05-11|A|DISC|2026-05|MODERATE|2.15702|22.75|26.98|29|0|0|fire|0|0|2026-05-12|1|0|2026-05-14|2026-W20|3|615|minute|28.72|23.32|0|0|0||ep_close_620_prox,ep_close_reclaim||0|1|20|1|2026-05-13,2026-05-18|2026-05-13 620 ep_close_reclaim|29|29.0145|2.63999|20|stop|stop|stop|stop|stop|stop|settled|2.63999|19.6264|-1.002|stop|-1.002|-1.002|stop|-1.002|0.3864|2|settled|1|7.43427|-1.0282|stop|-1.0282|-1.0282|stop|-1.0282|1.0202|1|settled|2.63327|19.5862|-1|stop|-1|-1|stop|-1|0.39|2|settled|1|7.43799|-1.0153|stop|-1.0153|-1.0153|stop|-1.0153|1.0269|1|3|-3|-1|3|-1.5804|0.4196
WYFI|2026-08-12|A|DISC|2026-08|MODERATE|3.3785|27|28.58|28.8699|0|0|fire|0|0|2026-08-13|1|1|2026-08-14|2026-W33|2|580|minute|28.54|27.7846|0|0|0||ep_close_620_prox,ep_high_break||0|0|20|1|2026-08-13,2026-08-14,2026-08-18|2026-08-13 570 ep_high_break|28.8699|28.8843|0.32551|20|stop|stop|stop|stop|stop|stop|settled|0.32551|3.80738|-1.0126|stop|-1.0126|-1.0126|stop|-1.0126|3.0422|2|settled|1|11.6967|-2.0025|stop|-2.0025|-2.0025|stop|-2.0025|0.9903|3|settled|0.321237|3.75928|-1|stop|-1|-1|stop|-1|3.096|2|settled|1|11.7025|-1.9949|stop|-1.9949|-1.9949|stop|-1.9949|0.9946|3|4|-4|-1|4|-7.8581|-1.4561
XE|2026-06-15|A|DISC|2026-06|none|1.76297|19.84|21.1|22.22|0|0|fire|0|0|2026-06-16|1|0|2026-06-16|2026-W25|1|580|minute|21.6699|20.3|0|0|1||ep_close_reclaim||0|1|20|1|2026-06-16,2026-06-18,2026-06-23|2026-06-16 570 ep_close_reclaim|22.22|22.2311|1.09537|20|stop|stop|stop|stop|stop|stop|settled|1.09537|8.68652|-0.3169|trail_exit|-0.3169|-1.0053|stop|-1.0053|0.8849|3|settled|1|7.93018|-0.3471|trail_exit|-0.3471|-1.0058|stop|-1.0058|0.9693|3|settled|1.08907|8.64086|-0.3073|trail_exit|-0.3073|-1|stop|-1|0.8958|3|settled|1|7.93415|-0.3347|trail_exit|-0.3347|-1|stop|-1|0.9756|3|3|0.7052|1.507|3|0.6636|0.6069
ZBRA|2026-05-12|A|DISC|2026-05|HIGH|8.14476|238.49|241.79|259.335|0|0|fire|0|0|2026-05-13|1|0|2026-05-14|2026-W20|2|700|minute|257.86|237.03|1|0|0||ep_close_620_prox,ep_close_reclaim,ep_low_reclaim||0|1|20|1|2026-05-13|2026-05-13 570 ep_close_reclaim|259.335|259.465|2.75449|20|stop|stop|stop|stop|stop|stop|settled|2.75449|8.64652|-1.0053|stop|-1.0053|-1.0053|stop|-1.0053|0.1794|5|settled|1|3.13906|-1.0154|stop|-1.0154|-1.0154|stop|-1.0154|0.4942|3|settled|2.73857|8.60084|-1|stop|-1|-1|stop|-1|0.1863|5|settled|1|3.14063|-1|stop|-1|-1|stop|-1|0.5101|3|3|-3|-1|3|-1.6341|0.3659
ZBRA|2026-08-04|A|DISC|2026-08|HIGH|14.36|329.473|368.83|369.79|0|0|fire|0|0|2026-08-05|1|0|2026-08-05|2026-W32|1|570|minute|368.14|361.83|0|1|1|same_minute|||1|1|20|1|2026-08-05|2026-08-05 580 ep_close_reclaim|369.79|369.975|0.567193|20|stop|stop|stop|stop|stop|stop|settled|0.567193|2.20147|0.135|trail_exit|0.135|-1.0222|stop|-1.0222|1.9957|9|settled|1|3.88135|0.0766|trail_exit|0.0766|-1.0124|stop|-1.0124|1.132|10|settled|0.554317|2.15257|0.1847|trail_exit|0.1847|-1|stop|-1|2.0653|9|settled|1|3.88329|0.1024|trail_exit|0.1024|-1|stop|-1|1.1448|10|2|-0.3011|-0.0764|2|-0.2446|-0.0543
