ticker,alert_date,gap_pct,ep_score,catalyst_quality,catalyst,claude_analysis,user_label,user_notes
AEHR,2026-04-16,18.59,100,strong,"AEHR stock gapped up on a smaller-than-expected Q3 EPS loss of -$0.05 versus -$0.08 forecast, paired with disclosure of a record $50.9M bookings backlog driven by AI demand, including a major $14M follow-on order for AI accelerator processors and silicon-photonics customer wins for FOX-XP systems. Analyst upgrades like Craig Hallum to buy with $68 target added fuel, countering the revenue miss at $10.3M, as the backlog signals a strategic pivot to high-growth AI/data center from weaker EV exposu","Aehr Test Systems won a major contract for its FOX-XP wafer-level burn-in system from a leading hyperscale data center optical interconnect company, directly tied to AI data center growth. This represents a significant, concrete new business win in the high-demand AI semiconductor testing market, which qualifies as a major partnership/contract catalyst that should drive investor confidence in revenue growth and validates the company's technology positioning in a critical growth segment.","game_changer, but Delayed EP","Strong stock and group (RS), a delayed  EP because first day didn't work but there's an undercut below EP low & close on 4/17, 4/28, 4/29 BUT it didn't close below the low, just intraday undercut and recover. If I was watching, the intraday low would be an entry and stop, maybe would've need a couple tries."
AIP,2026-05-13,20.81,115.2,strong,"Arteris Inc (AIP) gapped up ahead of its fiscal Q1 2026 earnings release due May 12, following a multi-month breakout fueled by its MIPS collaboration announcement that drove 60% gains in 30 days. High-margin 92% gross margins in fiscal Q4 2025 and 22% YoY full-year revenue growth to $70.6 million position it as an AI training workloads play in semiconductors, with each GPU cluster needing its IP licenses. A director sold $601k in shares on May 5, but technical momentum and earnings anticipation","Arteris (AIP) reported Q1 2026 earnings with record revenue, delivering a +62.50% EPS beat and +8.70% revenue beat versus estimates. Management highlighted strong demand from AI chips, data center infrastructure, and automotive systems—all secular growth drivers. While the company posted a net loss, the earnings surprise and revenue growth trajectory on a neglected semiconductor IP stock constitutes a strong catalyst for the gap-up.",No EP,"No EP, it's been in consistent uptrend, I don't see EP type entry, maybe a trend following entry on slight pull back to moving averages"
AKAM,2026-05-08,27.37,96,strong,"Akamai Technologies (AKAM) gapped up on strong Q1 2026 earnings reported Thursday, with revenue of $1.074 billion up 6% year-over-year, security revenue up 11% to $590 million, and cloud infrastructure services (CIS) revenue surging 40% to $95 million. Earnings hit $1.61 per share, meeting expectations. Key catalyst was the announcement of a $1.8 billion seven-year CIS commitment from a leading frontier AI model provider, validating Akamai's AI infrastructure role. Shares rose to $116.77, up 34%","Akamai reported Q1 2026 earnings with faster growth in cloud infrastructure services and continued security portfolio demand. The stock is surging after the company announced a major $1.8 billion commitment from a ""leading frontier model provider"" for its cloud infrastructure—a transformative partnership that signals strong validation of Akamai's cloud computing strategy pivot and demonstrates institutional confidence in the platform.",strong,"Earnings are good but ' company announced a major $1.8 billion commitment from a ""leading frontier model provider"" for its cloud infrastructure' is great news aligned with key themes of AI/data center build out"
AMBQ,2026-05-12,18.68,84,strong,"Wedbush upgraded Ambiq Micro (AMBQ) citing edge AI potential and projected Q1 2026 revenue of $23.5 million, up 13.4% sequentially from Q4 2025. This triggered the gap up amid recent oversold RSI and support at $36.1 after an 8% pullback to $38 on high-volume selling. Stock trading near $39.9 resistance with potential bounce on institutional buying.","The news items about AMBQ are vague and lack concrete, verifiable catalysts. The first article mentions a 16.3% jump on ""above-average trading volume"" but provides no specific catalyst—it's a generic post-gap article. The fifth item warns that AMBQ ""doesn't possess the right combination"" for an earnings beat and mentions an upcoming earnings report, but no actual earnings numbers, guidance figures, or announcement details are provided. Without specific earnings data, guidance raises, FDA decisions, or major contract announcements, this appears to be routine gap-up activity on low-quality or fabricated news.",strong,"catalyst is missed on this one, a quick search I found this which is aligned with strong AI theme, Edge is a theme we have.

Q1 2026 saw 59% year-over-year sales growth, driven by strong Edge AI demand and diversification beyond wearables. Guidance calls for continued high growth, with profitability targeted as revenue scales and investments in new products and markets accelerate."
AMD,2026-05-06,19.22,96,game_changer,"AMD stock gapped up due to strong Q1 2026 earnings reported after the close on May 5, beating expectations across the board. Revenue hit $10.25 billion, up 37.8% year-over-year and 3.6% above Wall Street's $9.84 billion consensus. Non-GAAP EPS was $1.37, 5.8% over the $1.28 estimate. Data center revenue drove the beat, fueled by accelerating AI infrastructure demand, with CEO Lisa Su highlighting it as the primary growth engine. Q2 guidance raised to $11.2 billion midpoint, 6.3% above analyst ex","AMD reported Q1 earnings with adjusted EPS of $1.37 vs. consensus estimate of $1.28 (beat), revenue of $10.25B, and beat Q2 guidance expectations. The company delivered an earnings beat combined with a guidance raise, which directly drove the ~17% premarket surge. As a large-cap semiconductor leader with significant AI exposure (Data Center segment), a beat + raise on this scale constitutes a game-changing catalyst for momentum traders.",strong,This is a delayed EP given how it traded
ARRY,2026-05-07,11.32,54.7,strong,"Array (NASDAQ:ARRY) stock gapped up 10.9% to $9.03 after Q1 CY2026 earnings beat revenue expectations by 10.8% at $223.4 million despite a 26.1% year-over-year decline, with non-GAAP EPS of $0.06 significantly topping consensus. Adjusted EBITDA also exceeded estimates, and the company reported a record $2.4 billion orderbook with 2x book-to-bill, driven by new products like OmniTrack and software/services growth. Next quarter guidance of $310 million missed analyst estimates by 20.1%, but analys","Array Technologies reported Q1 2026 earnings that beat revenue expectations, with record $2.4 billion in solar contracts and adjusted earnings of $28.8M. The beat combined with strong order intake, plus the appointment of a new Senior Vice President of Technology to drive next-generation products, provides solid positive momentum for a renewable energy play with improving operational visibility.",routine_mislabeled,
ARX,2026-05-14,17.64,100.8,strong,"ARX (Accelerant Holdings) gapped up 3.43% on the announcement of its Q1 2026 financial results release on May 13, with a conference call scheduled for May 14. The stock movement reflects investor anticipation ahead of earnings disclosure and the earnings call that just occurred today.

This is a standard earnings-driven catalyst. The gap up typically occurs when companies announce strong results or when market sentiment around the earnings event turns positive. Without access to the actual Q1 re","Accelerant Holdings (ARX) reported Q1 2026 earnings with concrete beats: +7.60% EPS surprise and +10.47% revenue surprise. The company delivered stronger-than-expected results and management highlighted continued growth in its specialty insurance platform with expanding third-party insurer participation, suggesting positive guidance direction. This is a solid earnings beat with growth indicators that warrants a ""strong"" classification for an institutional financial services stock.",routine_mislabeled,Earnings is average at best
AXTI,2026-05-01,16.76,84,strong,"AXTI stock gapped down pre-market on April 27, opening at $71.91 after closing at $76.16 the prior day and pulling back to $70.08 on heavy volume of 3 million shares, driven by profit-taking after a 240% rally from its 200-day moving average amid maximum-strength buy signals. No gap up reported recently; the latest catalyst ahead of today's Q1 2026 earnings (after market close) is anticipation of narrowing losses to -$0.06 from -$0.20 year-ago, potential gross margin improvement, and path to $0.","AXT reported Q1 2026 earnings with a significant revenue beat (+2.12% above estimates, reaching $26.9M) and a substantial EPS surprise (+76.91%), combined with evidence of margin improvement and sequential revenue growth (up from $23.0M in Q4 2025). The company is benefiting from strong demand in optical networking and data center connectivity (indium phosphide for 5G/fiber optic applications), a high-growth niche semiconductor market. This concrete earnings beat with margin expansion and positive forward positioning in a growth end-market constitutes a solid catalyst worthy of a gap-up.",strong,"EPS strong, aligned with key hot themes, strong uptrend"
BAND,2026-04-30,18.34,84,strong,No recent news or catalysts found for BAND stock gapping up. Check broader market scans or company filings for potential unlisted drivers like earnings or sector momentum.,"Bandwidth reported Q1 earnings with a swing to profitability: $4.1 million net income vs. a loss in the prior-year period. This represents a concrete earnings beat showing operational improvement. The company transitioned from unprofitable to profitable year-over-year, which is a meaningful catalyst for a neglected cloud communications platform provider.",strong,"catalyst missed earnings, this aligns with key AI themes, this is what i found with quick search on news that day:

BAND Expands Enterprise Footprint With AI Focus

Bandwidth continues to position itself as a critical infrastructure provider for AI-driven communications. A key highlight was its selection as a partner for Salesforce’s Agentforce Contact Center, reinforcing its role in enabling AI-powered customer engagement.

The company also reported strong traction in financial services, securing million-dollar-plus deals with large institutions. These customers are leveraging Bandwidth’s platform to modernize contact centers and integrate AI-driven workflows.

Additionally, a growing ecosystem of AI application developers is building on Bandwidth’s platform, expanding its use cases across industries such as healthcare, hospitality and customer support. This trend is increasing platform usage and driving higher revenue per customer."
BE,2026-04-29,19.13,100,strong,"No specific news or catalyst directly explains a gap up in BE stock (likely Bloom Energy) based on available market data. General gap ups in stocks this week tie to Mag 7 earnings like Alphabet, Microsoft, Amazon, and Meta on Wednesday, plus Fed meeting anticipation and strong macro prints driving broader risk appetite[1]. NXP Semiconductors saw a 16.5% premarket surge on a Q1 beat-and-raise, signaling automotive chip strength, but nothing matches BE[5]. Check real-time scanners for April 29 gap","Bloom Energy reported Q1 2026 earnings with record revenue, a massive +388.89% EPS beat and +50.78% revenue beat versus estimates, coupled with raised guidance from management. Additionally, the company announced a major partnership with Oracle. This combination of material earnings outperformance, guidance raise, and a significant strategic partnership represents a strong catalyst for the gap-up.","strong, delayed EP",requires monitoring and delayed entry
BILL,2026-05-08,10.17,54.7,strong,"BILL Holdings stock gapped up after Q3 2026 earnings beat expectations with EPS of $0.68 versus the $0.55 forecast, a 23.64% surprise. This strong result from the earnings call transcript released this week is the primary catalyst driving the move. Ongoing regulatory hype around the Senate Banking Committee markup this month on the crypto bill, including stablecoin-yield compromises, adds tailwinds for related financial tech plays like BILL. Coinbase's 11.7% weekly surge on similar crypto bill p","BILL Holdings delivered a significant Q3 FY2026 earnings beat with +23.26% EPS surprise and +0.85% revenue surprise, combined with strong year-over-year revenue growth of 13.5% to $406.6M in Q1 CY2026. The concrete beat on both headline metrics, coupled with guidance commentary for upcoming quarters, represents a solid earnings beat catalyst typical of a strong move in a SaaS financial operations platform stock.",routine_mislabeled,
BLMN,2026-05-06,33.33,96,strong,"Bloomin' Brands stock gapped up 23% following a strong Q1 earnings beat. The company reported better-than-expected results that demonstrated traffic recovery and margin leverage. The key catalyst was that investors had priced in much lower expectations for these metrics, creating a significant expectation gap. When the company delivered actual results showing real improvements in both customer traffic and operational margins, the stock surged as the market repriced the company's fundamentals upw","Bloomin' Brands reported Q1 FY2026 earnings that beat revenue expectations and issued stronger-than-expected guidance for the current quarter. The company exceeded Wall Street expectations on both earnings and guidance, with non-GAAP profit of $0.67 and revenue of $1.06 billion. This solid beat plus guidance raise, combined with early progress on the Outback Steakhouse turnaround strategy, qualifies as a strong catalyst for the gap-up move.",strong," mainly due to low expectations; stock had formed a low base, and this large gap above 200d MA, and all other MAs"
BW,2026-05-11,26.07,96,strong,"BW stock gapped up today ahead of its Q1 2026 earnings report due after market close, with investors betting on potential beats despite bearish analyst outlooks citing ongoing class action lawsuits and legal uncertainty. Recent contract wins like the $35 million power plant maintenance award in February and $13 million boiler cleaning deal in January provided underlying support, but no fresh headlines explain the gap—likely pre-earnings speculation driving the move from support at $0.81 toward r","The news items are vague and lack concrete catalysts. While BW won a $21M coal-to-gas contract and has a $2.8B backlog, these are not new earnings beats or guidance raises with specific numbers. The earnings announcement headline mentions Q1 results are coming but provides no actual reported EPS, revenue, or guidance figures—only generic forward-looking commentary. The class action lawsuit news is actually negative sentiment. Without verified earnings numbers, specific guidance raises, or a transformative deal announcement, this gap-up lacks a genuine, verifiable catalyst.",strong,"40%+ revenue growth, nice technical structure with break out"
BZH,2026-05-11,19.93,84,strong,"No specific news or catalyst found for BZH gapping up today. Recent peer context from Legacy Housing (LEGH) Q1 2026 earnings shows BZH down 1-4% alongside homebuilders like CVCO, HOV, LGIH, DFH amid broader housing softness, with LEGH holding steadier at -0.09%. BZH lacks direct positive triggers in available data.","Beazer Homes (BZH) reported Q2 2026 earnings with a significant +95.83% EPS beat against expectations, despite a modest -8.61% revenue miss. The company delivered results ""right around expectations"" on key operating metrics and highlighted strong liquidity with strategic shifts toward to-be-built sales positioning for future growth. This combination of a substantial earnings beat with operational confidence and forward-looking strategy improvements qualifies as a strong catalyst in a cyclical housing stock.",other,this is M&A buyout offer
CADL,2026-04-20,17.03,100,strong,"CADL gapped up on Friday due to positive media coverage of a recurrent glioblastoma patient success story. CEO Paul Peter Tak highlighted the case of Kyle Donahue, a five-year survivor of recurrent glioblastoma who participated in Candel's clinical trial for investigational viral immunotherapy CAN-3110. The Parade magazine feature described how Donahue, initially given only months to live, achieved extended survival through the company's treatment. Shares jumped 24% on the news, marking the stoc","Candel Therapeutics reported updated Phase 2a clinical data showing extended survival outcomes in lung cancer trials of CAN-2409, demonstrating meaningful clinical progress. Combined with simultaneous announcements of $100M in financing (public offering + RTW Investments agreement) and advancement toward Phase 3 trials and regulatory filing, this represents a concrete, verifiable catalyst that advances the company's path to commercialization. For a clinical-stage biotech, positive Phase 2a efficacy data with clear funding to continue development is a strong catalyst.",strong,"Gap up happened on 4/17, this EP missed the large up day; For biotech, it's super risky with newsflow, I think if we were to trade it, it should be on a tigher leesh, profit take more aggressively, we should treat this group separately."
CALY,2026-05-08,12.22,57.6,strong,"Callaway (CALY) gapped up on a Q1 earnings beat, driven by durable 9%+ sales growth in golf equipment that exceeded expectations and sparked a relief rally. Investors are watching if this strength persists beyond a one-off quarter.","Callaway Golf (CALY) delivered a significant Q1 2026 earnings beat with EPS +34.26% above estimates and revenue +5.63% above expectations, while reporting 9.2% year-over-year sales growth to $687.5 million. The specific numbers (earnings surprise, revenue surprise, YoY growth %) are concrete and verifiable, indicating solid operational execution that justifies the pre-market gap-up. This is a ""strong"" catalyst rather than ""game_changer"" because while the beat is solid, there is no mention of a dramatic guidance raise or transformative event; however, the dual beat on earnings and revenue with positive commentary suggests momentum for a previously under-followed consumer discretionary name.",routine_mislabeled,
CHE,2026-04-24,17.94,100,strong,"The search results don't contain information about a gap up in CHE stock or a specific recent catalyst. The most recent news in these results is from April 22, 2026, discussing Q1 earnings expectations ahead of the company's report. The company missed revenue and EPS guidance last quarter, with flat year-over-year revenues of $639.3 million.

The stock is currently trading around $377-$384 with an average analyst price target of $443, representing roughly 15% upside potential. Chemed has risen 1","Chemed delivered a significant Q1 2026 earnings beat with +9.28% EPS surprise and +2.59% revenue surprise, with sales reaching $657.5M (up 1.6% YoY) and non-GAAP EPS of $5.65. The concrete earnings beat combined with revenue upside on a profitable healthcare services company with established operations (VITAS hospice/palliative care and Roto-Rooter) qualifies as a strong catalyst that can justify the pre-market gap up of 10.2%.",routine_mislabeled,single digits beat is routine
CMPS,2026-04-20,22.37,100,strong,"CMPS stock gapped up due to a White House executive order signed by Trump to accelerate research and access to psychedelic drug treatments, which Compass Pathways publicly commended as recognizing the mental health crisis urgency. The company issued statements on April 18-19 supporting the order, boosting investor sentiment around its COMP360 psilocybin therapy ahead of potential FDA review and approval. Stocktwits noted the overnight surge into Monday trading, with related ""shroom stocks"" risin","The primary catalyst is Trump's executive order to fast-track psychedelic research and expand patient access, which directly benefits CMPS as a leading psilocybin therapy developer in Phase III. Secondary support comes from CMPS's presentation of Phase 3 COMP360 depression data and commercialization readiness at the Needham conference, with management signaling an NDA filing timeline and potential 2026 launch. Together, these create a favorable regulatory environment and company-specific momentum for a biotech approaching late-stage approval.",strong,"delayed EP, first day didn't work"
COMP,2026-05-06,38.43,100,strong,"Compass (COMP) stock gapped up after Q1 2026 earnings released after market close on May 5. The key catalysts were an earnings beat on the bottom line and raised guidance signaling faster-than-expected growth, which surprised the market and drove a 17.6% surge. This followed an 8.7% weekly drop beforehand amid pre-earnings caution over agent counts, revenue trends, Rocket alliance updates, and the ongoing price-fixing lawsuit. Analysts expected a $0.17 per share loss on $2.67 billion revenue, bu","Compass delivered a massive Q1 2026 earnings beat with +118.18% EPS surprise and +0.94% revenue surprise, posting $2.70B in revenue (up 99.4% YoY) alongside record adjusted EBITDA and positive forward guidance. The Anywhere deal closing and accelerated cost synergies provide operational momentum, making this a strong catalyst with concrete numbers and clear execution on integration strategy.",routine_mislabeled,"Hard to tell, strong EPS but barely any revenue growth, EPS can be gamed or a one time thing, need to dig deep into news to see where EPS growth came from, this is difficult "
CPA,2026-05-14,13.12,67.7,strong,"Copa Holdings (CPA) gapped up due to its Q1 earnings beat announced yesterday, reporting $5.16/share versus estimates—a 16.5% surprise. The results showed 20.5% EPS growth and 24.6% operating margin expansion from strong operational performance.","Copa Holdings (CPA) reported Q1 2026 earnings with a +16.57% EPS beat and +1.80% revenue beat versus Wall Street estimates, coupled with strong operational metrics including 16.7% YoY RPM growth in April 2026. This earnings beat with solid operational momentum qualifies as a strong catalyst for a neglected airline stock, though the absence of explicit forward guidance raise in the news prevents a ""game_changer"" classification.",routine_mislabeled,"This worked out kinda but earnings kinda average, not in any hot themes either, technicals are avg"
CRI,2026-05-06,18.37,84,strong,"No direct catalysts for CRI (Carter's, Inc.) appear in the latest May 1, 2026 stock market news summary. Energy sector Q1 earnings from XOM, CVX, and OXY drove broader market tone, with biotech approvals boosting ARVN, INCY, and CELC, but nothing specific triggered a CRI gap up. Check intraday filings or premarket volume for unlisted retail/apparel updates.","Carter's reported Q1 2026 earnings and revenue that beat Wall Street expectations, with a +500% earnings surprise and +2.89% revenue surprise, driving shares up 2%+ in premarket trading. The earnings beat on a previously underappreciated children's apparel company combined with the recent CEO appointment of an experienced retail executive (Sharon Price John from Build-A-Bear) signals operational turnaround momentum and renewed investor confidence in management execution.",routine_mislabeled,"Again, EPS strong but revenue poor, need to dig deeper into reason, not hot theme; says turnaround so could still be a good idea, but hard to tell"
CRMD,2026-05-14,12.35,64.8,strong,"CRMD stock gapped up on strong Q1 2026 earnings beat reported before market open today, with EPS of $0.34 meeting consensus estimates after guidance was slashed low following Q4 2025's -29% miss. DefenCath commercial momentum stabilized sentiment, driving the gap despite trading 22.68% below 200-day MA at $7.50 prior close. Analysts maintain 4.25 buy rating and $15 target implying 100% upside, fueling the intraday surge past historical 17% earnings volatility average.","The news items provided are generic summaries and analyst commentary with no concrete catalyst. While there is mention of CorMedix (CRMD) analysts clustering price targets around $13–$15, this is speculative analyst opinion, not an actual company-specific catalyst like an earnings beat, guidance raise, FDA approval, or major contract. The earnings preview article explicitly states CRMD ""does not possess the right combination of the two key ingredients for a likely earnings beat,"" suggesting no positive surprise is expected. Without specific reported earnings numbers, guidance figures, or a verifiable catalytic event, this gap-up appears to lack fundamental support and should be treated as routine intraday volatility.",routine_mislabeled,
CRML,2026-04-27,10.34,72,game_changer,"CRML gapped up on April 22, 2026, opening at $10.94 from a prior close of $10.34 and trading around $11.35 on high volume of over 4.2 million shares. The latest catalyst was the company's announcement of a $60 million private placement of nearly 6 million common shares priced at $10 each, signaling strong institutional demand and capital raise for its lithium projects like Wolfsberg and Tanbreez. High institutional ownership at 86% supported the move, with recent stake increases including Royal ","Critical Metals secured government approval from Greenland to increase its ownership stake in Tanbreez Mining—one of the world's largest rare earth deposits—from ~42% to 92.5%, effectively gaining primary control of the asset. This transformative deal eliminates previous dilution concerns and positions CRML as a major stakeholder in a strategic rare earth project during a period of geopolitical tension and supply chain diversification away from China, aligning with Trump administration priorities on critical minerals.",game_changer,"I agree with game_changer, however, the dates are all wrong; the greenland goverment approval was 4/17, and 4/21 is private placement, and 4/27 is euporpean lithium (another company). SO which day is EP? I'd say 4/17, however, this didn't work out and would be monitor for delayed EP."
CSCO,2026-05-14,16.32,100.8,strong,"Cisco (CSCO) stock gapped up 12.3% to $115.15 after Q1 CY2026 earnings beat expectations with $15.84 billion in revenue, up 12% year-over-year and 1.9% above Wall Street estimates. Non-GAAP EPS of $1.06 topped consensus by 2.3%. Q2 guidance of $16.8 billion midpoint implies 14.5% year-over-year growth, 6.5% above analyst forecasts. AI-driven revenue expansion and strong data center trends fueled the reaction, with further gains to $120.96-$122.11 reported post-earnings.","Cisco reported Q3 earnings that beat expectations and delivered a better-than-anticipated sales forecast for the following quarter, triggering a ~22% premarket surge. The company simultaneously announced a $1 billion AI-focused restructuring plan and 4,000 job cuts designed to sharpen focus on high-growth segments like artificial intelligence, signaling strategic pivot and operational discipline. This combination of solid earnings beat + forward guidance raise + major strategic AI restructuring qualifies as a strong catalyst.",routine_mislabeled,"routine on the earnings, but strong on AI affliliation; didn't work first day, would be monitor for delayed EP, fishhook, etc."
CVLT,2026-04-28,9.81,74.9,strong,"Commvault (CVLT) stock gapped up today due to positive market reaction to two key announcements on April 22, 2026: Clumio extending its cloud-native resilience capabilities to Google Cloud Storage with immutable, air-gapped backups for AI and analytics workloads (early access started then, general availability summer 2026), and Commvault Cloud becoming available on Google Cloud Marketplace with features like threat hunting, automated protection, and usage-based pricing. These expansions address ","Commvault (CVLT) reported Q1 CY2026 earnings that beat revenue expectations with sales of $311.7 million, up 13.3% year-over-year, coupled with a CFO statement highlighting AI boosting cyber resilience demand. This represents a concrete earnings beat on a neglected stock with positive forward-looking commentary from management about AI-driven demand tailwinds, justifying a gap-up move.",routine_mislabeled,
CYRX,2026-05-05,15.57,100,strong,"Cryoport (CYRX) gapped up due to its Q1 2026 earnings release on May 4, showing 16% year-over-year revenue growth to $47.8 million, beating estimates of $44.87 million, with commercial CGT revenue up 26% to $9.1 million and raised full-year guidance to $192-196 million. EPS missed at -$0.25 vs. -$0.22 expected, but strong growth in life sciences services (18% up, led by 21% in BioStorage/BioServices) and products (15% up from cryogenic demand), plus upcoming BioServices launches in Paris Q3 and ","Cryoport reported Q1 2026 earnings with a +6.41% revenue beat (beating revenue estimates), demonstrating continued momentum across its integrated services and products platform with double-digit revenue growth. While EPS missed by -15%, the revenue beat combined with management's positive commentary on platform momentum and growth trajectory qualifies as a solid earnings surprise that could justify a pre-market gap. The concrete revenue outperformance on a company in growth mode in industrials/bioservices is a tangible catalyst.",,
EOSE,2026-05-13,31.11,115.2,strong,"EOSE gapped up due to a Joint Development Agreement with Turbine-X Energy for on-site power infrastructure targeting hyperscale AI data centers, combining gas-fired turbines with up to 2 GWh of Eos's zinc-based Indensity battery storage over three years, with first deployments in 2027. The deal news drove a 10-14% intraday surge on May 11, following a 22.4% jump to $7.79 on May 8 amid AI power demand momentum. Upcoming earnings are expected to show a loss of 22 cents per share on $58.7 million r","Eos Energy Enterprises announced a joint development deal with Turbine-X Energy to pair zinc-based battery storage with gas-fired power for large-scale AI data centers. This is a major strategic partnership targeting the high-growth AI infrastructure market, representing a significant expansion into a new, high-value customer segment. The partnership addresses critical infrastructure needs and validates Eos's technology for enterprise-scale applications beyond traditional utility markets.",strong,"reads strong, but there's already a huge gap up on 5/8, need to understand that first as that would've been a much better entry"
EVER,2026-05-05,19.99,100,strong,"EverQuote gapped up on Q1 2026 earnings reported May 4. The company delivered revenue of $190.9M, up 15% year-over-year, and adjusted EBITDA of $29.3M. The stock is up 19-22% following the report.

However, the modest post-earnings move suggests the beat was largely anticipated by the market. Management also guided Q2 revenue to $185.0M-$195.0M and executed a $19.9M stock repurchase. The repurchase signals management confidence, but the muted reaction to strong results indicates the market had a","EverQuote reported Q1 2025 earnings that exceeded guidance on multiple metrics: revenue beat by +5.84%, earnings surprise of +18.61%, and management stated results exceeded the high end of guidance range for revenue, VMD, and Adjusted EBITDA. This solid earnings beat combined with confirmed guidance raise (management exceeded their own forward guidance) qualifies as a strong catalyst for the gap-up move.",routine_mislabeled,"earnings is good but routine; the technical structure is also avg, although it gapped up 60%+ on EP day and above 200d, but on the chart it basically stopped at congestion / previous high area but without enough strength to gap over it. Those previous peak were in August '24, March '25, and Dec '25."
FLEX,2026-05-06,21.34,96,strong,"Flex reported Q4 fiscal 2026 earnings this morning before market open, beating analyst expectations with adjusted EPS of $0.93 versus consensus estimates, on revenue of $7.48 billion. The company raised full-year FY2027 guidance to $32.3 billion to $33.8 billion, signaling strong confidence in continued growth momentum.

The most significant catalyst driving the gap-up move is management's announcement of a planned tax-free spin-off of its Cloud and Power Infrastructure segment (SpinCo) schedule","Flex reported fiscal Q4 2026 results with adjusted EPS of $0.93 (beat estimates), revenues of $7,477M (+8.07% surprise), and net income of $250M, alongside announced plans to spin off its Cloud and Power Infrastructure segment. The combination of solid earnings beat, revenue beat, and a transformative corporate restructuring (spin-off) to unlock shareholder value drives the strong classification, particularly given Flex's exposure to the high-growth data center and AI markets.",strong,"earnings is routine, but the spin of AI unit news is potentially game changer, this would be one to monitor"
FLNC,2026-05-07,29.72,96,strong,"FLNC stock gapped up due to pre-earnings anticipation. The company reports earnings today, May 6 after market close, with historical data showing shares rising 9 out of the last 12 times ahead of releases, including a 2-day pre-earnings run-up 75% of the time for an average 3.1% gain. Current price around $12.08 reflects strong trader bidding into the event despite a -36.3% post-earnings drift history.","Fluence Energy (FLNC) reported Q2 FY2026 earnings with an EPS beat (+12.71% surprise) and significant bottom-line outperformance, driven primarily by major hyperscaler orders for energy storage products. Although revenue missed estimates by -28.50%, the earnings beat combined with strong forward-looking demand signals from hyperscaler contracts (reflected in the 27% after-hours surge and 20.6% prior rally) represents a solid catalyst on a historically neglected utilities/energy storage name. The contrast between revenue miss and earnings beat, combined with visible demand acceleration from large customers, elevates this above routine results.",strong,"This one is tricky, i'd say strong more based on forward looking speculation from orders from hyperscaler which is part of the AI theme, otherwise, earnings is routine"
FPS,2026-05-14,17.75,84,strong,"The FPS Food Process Solutions agreement with OptiCept Technologies AB, announced recently, is the key catalyst driving the gap up in FPS stock. This deal is positioned as a major milestone for OptiCept's profitability and global expansion, shifting it toward scalable revenue, with a board chairman change timed to capitalize on the commercial breakthrough and path to positive cash flow. No other direct FPS catalysts appear in current feeds.","The recent news items are vague and lack concrete catalysts. While FPS is described as ""quietly repositioning"" and presenting at a trade show, no specific earnings numbers, guidance figures, or major contract awards are disclosed. The Barclays analyst mention is generic praise without a dated upgrade, and references to the ""AI-driven data center boom"" are market commentary rather than company-specific catalysts. No actual earnings release with beat/miss metrics or guidance raises is confirmed in these summaries.",routine_mislabeled,"This looks like a recent IPO so earnings is hard to gauge, there needs to be a clear catalyst aside from earnings"
FROG,2026-05-08,12.94,60.5,strong,"JFrog (FROG) shares gapped up 6% on strong earnings and upbeat forecasts from software peers like Atlassian, which lifted its annual outlook, Twilio, which beat Q1 revenue estimates and raised guidance citing AI catalysts, Salesforce, and ServiceNow. This boosted sentiment in the underperforming SaaS sector, positioning it for a rebound amid broader software resilience despite geopolitical tensions like U.S.-Iran ceasefire doubts.","JFrog reported Q1 2026 earnings that beat both revenue (+4.51% surprise) and EPS (+24.60% surprise) estimates, with revenue reaching $154 million (up 25.8% YoY), while management raised guidance citing accelerating cloud/AI-driven software trends. This represents a solid beat with implied guidance raise, characteristic of a strong catalyst for a software platform company in a high-growth segment.",routine_mislabeled,It's a good delayed EP candiate though based on the chart
FTAI,2026-04-30,15.13,84,strong,"The search results don't contain information about FTAI stock or a gap up event for that ticker. The results cover SPY institutional buying, Chow Tai Fook (CJEWY) gapping down, Avis (CAR) collapsing from a short squeeze unwind, and Franklin Resources (BEN) volatility, but nothing specifically addresses FTAI.

To provide the catalyst you're looking for, I would need search results that directly cover FTAI trading activity and news from today or recent sessions.","FTAI Aviation reported Q1 2026 earnings with a significant revenue beat (+8.37% surprise) and strong year-over-year revenue growth of 65.5% to $830.7 million, combined with a newly announced multi-year CFM56 engine repair and support services agreement with CFM International. While the earnings included a modest EPS miss (-19.88%), the substantial revenue outperformance, strong organic growth trajectory, and strategically important long-term contract with a major OEM (CFM International) covering high-value maintenance services represent a credible catalyst for the gap-up. This combination of operational beat plus major partnership contract qualifies as ""strong.""",routine_mislabeled,
FTNT,2026-05-07,15.04,96,game_changer,"Fortinet (FTNT) gapped up due to its Q1 2026 earnings beat reported after the close on May 6, exceeding expectations of $0.53 per share with stronger actual results, consistent with its pattern of positive surprises over the past four quarters (Q4 2025: $0.71 vs. $0.66 expected; Q3 2025: $0.65 vs. $0.55). Investors reacted positively to sustained momentum in Unified SASE, AI-driven security, and billings guidance toward $8.4–$8.6 billion for 2026, despite flagged headwinds like component pricing","Fortinet reported Q1 2026 earnings that significantly beat Wall Street expectations (earnings surprise of +33.51% and revenue surprise of +6.79%), with the company exceeding guidance across billings, revenue, margins, and EPS. Most importantly, management raised full-year 2026 outlook, signaling strong confidence in continued momentum driven by broad-based cybersecurity demand. This combination of massive earnings beat plus guidance raise is a classic game_changer catalyst that drives significant momentum in software/cybersecurity stocks.",game_changer,"This one is challenging, earnings is good and likely strong, but the guidance but alignment with key themes may put this into game changer; though i might be hindsight bias becuase this one worked out well, however, maybe not day 1 entry, but fishhook would be perfect"
FTRE,2026-05-05,18.37,84,strong,"FTRE gapped up on strong Q1 earnings results, reporting revenue of $636.5 million and non-GAAP EPS of $0.16, both clear beats against expectations. Despite this, the stock shrugged off the profit beat as it failed to reset concerns over revenue growth trajectory, leading to limited sustained upside with only a 0.57% intraday gain noted. No other major catalysts like deals or sector news appear tied to today's move.","Fortrea (FTRE) reported Q1 2026 earnings with a massive +426.32% EPS beat versus estimates, with revenue coming in essentially in-line (-0.07% miss). The earnings beat was substantial enough to drive the gap-up, and as a clinical research organization in the healthcare sector, this kind of earnings surprise on a contract research organization typically attracts institutional attention. However, the news items do not mention explicit forward guidance raise to elevate this to ""game_changer"" status, so it qualifies as ""strong.""",strong,
GEMI,2026-05-15,22.24,96,strong,"The gap up in Gemini Space Station (GEMI) is essentially a squeeze on sentiment rather than a clean, single positive headline.

Key pieces of context from the latest news flow:

1) Optics of growth versus underlying weakness  
AInvest’s note on Gemini’s 42% year‑over‑year revenue growth (to about $50 million) is being framed as a “growth story,” even though the report makes clear that:
- Core exchange revenue is actually down 27%, and  
- The headline growth is coming from higher-cost new servic","GEMI reported Q1 2026 earnings with concrete metrics: revenue jumped 42% to $50.3 million with narrowing losses, simultaneously announced a $100 million strategic investment from Winklevoss Capital Fund (founders' family office) paid in bitcoin at $14/share. This combines a solid revenue beat with a significant insider confidence signal through substantial capital injection and the broader tailwind of major crypto legislative progress, making it a strong catalyst for a gap-up in a previously neglected crypto stock.",routine_mislabeled,
GEO,2026-05-06,16.72,100,strong,"GEO Group stock gapped up due to the $520 million in new contract wins announced this month, shifting its technical setup from consolidation to breakout potential. Earnings report for Q1 2026 is due before the bell today, with analysts expecting $0.19 per share on $689 million revenue, representing 35.71% EPS growth year-over-year. Bullish analyst sentiment persists with four Strong Buys and a $27.20 consensus target implying 48% upside from $18.36. Options imply a 9.31% expected move post-earni","GEO Group announced record 2025 contract wins totaling approximately $520 million in new annualized revenue, combined with solid full-year 2025 results including lower net debt and improved shareholder returns. This represents a concrete, material catalyst — record contract awards from a government services provider demonstrate business momentum and revenue visibility that directly support a significant pre-market gap-up in a previously range-bound stock.",routine_mislabeled,
GHRS,2026-04-20,18.65,100,strong,"GHRS gapped up 18% today due to a White House executive order accelerating mental health innovation and expanding access to psychedelic medical treatments, directly benefiting GH Research's pipeline in this space. The company, focused on psychedelic therapies like 5-MeO-DMT for treatment-resistant depression, saw momentum alongside peers like CMPS and DFTX citing the same catalyst in real-time market scanners. No company-specific GHRS news released today, but the sector-wide boost from the order","GH Research (GHRS) is gapping up on regulatory tailwinds following President Trump's executive order to accelerate psychedelic drug research and expand patient access to treatments for serious mental illness like PTSD. This is a game-changing policy catalyst for the entire psychedelic biotech sector, particularly for companies like GHRS with lead candidates in Phase 2b trials for depression. The executive order represents a meaningful de-risking of the regulatory pathway and could accelerate clinical timelines, justifying the strong pre-market momentum.",strong,
GKOS,2026-04-30,20.85,96,game_changer,"GKOS stock gapped up 12% pre-market on positive Phase 3 trial results for its iStent infinite device in glaucoma treatment, announced late yesterday after market close. The trial met primary endpoint with 28% greater IOP reduction vs. medication alone at 12 months, boosting analyst upgrades from firms like Piper Sandler (target to $28 from $22) and JMP Securities (to $30). No other major news; volume spiking on institutional buying.","Glaukos reported record Q1 2026 net sales of $150.6 million, representing 41% reported growth and 39% constant-currency growth YoY, with significant earnings beat (+39.60%) and revenue beat (+10.00%) versus estimates. Most importantly, the company raised full-year guidance on the back of strong performance across its glaucoma and corneal health franchises, which are the key drivers of the business. This combination of a substantial beat on both top and bottom line with an accompanying guidance raise represents a concrete, material catalyst for a healthcare equipment/pharma company.",routine_mislabeled,
GLOB,2026-05-15,10.59,89.3,strong,"GLOB is gapping up on a clean earnings reaction plus some “relief rally” dynamics around the ongoing lawsuit headlines.

Key near-term catalysts and why the stock is higher:

1) Solid Q1 earnings and guidance (primary positive catalyst)  
   • Q1 results: Net income $37M, GAAP EPS $0.85; adjusted EPS $1.50, which matched Street expectations.  
   • Revenue: $607.1M versus about $602M expected – a small beat, but important in a cautious IT-services tape.  
   • Forward guidance:  
     – Q2 EPS g","Globant reported Q1 2026 earnings with revenue exceeding guidance (beat of +0.81%) and surpassing its guidance range, coupled with robust AI Pods growth and a new share repurchase program announcement. Additionally, Wedbush initiated coverage with an Outperform rating and $61 price target on April 9, adding analyst support to the positive earnings momentum on a previously neglected small-cap stock capitalizing on AI spending trends.",routine_mislabeled,"poor technical structure, gap up is weak and didn't even break above 20MA"
GLW,2026-05-06,18.94,84,strong,"Corning (GLW) gapped up on momentum from its Q1 2026 earnings beat reported April 28, with 18% revenue growth to $4.35 billion, EPS of 70 cents beating estimates, and core margins expanding to 20.2%. Key catalysts include three multi-year hyperscale contracts worth up to $6 billion each, including new deals matching the prior Meta agreement, signaling locked-in AI data center demand. Management extended its Springboard plan to 2030 amid rising AI and solar needs. Additional tailwinds: Rep. Salaz","Corning announced a major partnership with Nvidia involving $500M in stock purchases and the creation of three new fiber optics plants to expand US production for AI data center connectivity. This is a transformative strategic partnership with a major tech leader that validates Corning's core business in a high-growth AI infrastructure trend, representing both immediate revenue visibility and long-term growth positioning.",strong,"This is the 2nd major deal for GLW (previous with META on 1/27), hot theme, center of AI buildout; better entry would've been 1/27 but a delayed EP"
GO,2026-05-14,17.38,84,strong,"I cannot find specific information about GO stock gapping up in the search results provided. The results discuss gap-up patterns in general and mention SELLAS Life Sciences (SLS), Palantir, AMD, and other stocks, but there is no catalyst or news about GO stock.

To get accurate information about GO stock's recent gap-up movement and the underlying catalyst, you would need to check real-time market data sources like your broker platform, Yahoo Finance, or the company's investor relations page for","Grocery Outlet (GO) reported Q1 2026 earnings with revenue of $1.17 billion, beating Wall Street expectations with 3.6% YoY sales growth. The stock jumped 10.8% on better-than-expected sales results and management guidance that was in line with prior expectations, signaling stabilization in a previously challenged discount grocery retailer as it works to restore comparable sales growth through strategic initiatives.",routine_mislabeled,
GSHD,2026-04-23,17.78,100,strong,"Goosehead Insurance (GSHD) gapped up due to strong Q1 2026 earnings released April 22, beating expectations with total revenue up 23% to $93.1 million, core revenue up 15% to $79.5 million, and total written premiums up 13% to $1.1 billion. CEO Mark Miller highlighted Digital Agent 2.0 expansion to homeowners products as the first end-to-end digital insurance marketplace in the US, plus AI-driven efficiency gains reinvested for growth. This positions the stock for sustained momentum amid broader","Goosehead Insurance reported Q1 2026 earnings with a 23% revenue increase, demonstrating solid top-line growth and new digital/geographic initiatives. While the news summaries lack specific EPS, guidance raise, or beat/miss details, the 23% revenue growth on a financial services company in this sector represents a meaningful operational catalyst. However, without explicit guidance raise confirmation or detailed beat metrics, this falls short of ""game_changer"" status.",routine_mislabeled,"gap up is pretty weak, group is not great"
HCSG,2026-04-22,22.79,96,strong,"No specific catalyst or news directly explains HCSG stock gapping up today. Search results mention broad market gains from U.S.-Iran talks and positive earnings from UNH and GE, but nothing ties to Healthcare Services Group. Check real-time premarket data or company filings for unlisted updates like earnings beats or analyst upgrades.","HCSG reported Q1 2026 earnings with a substantial +68.18% EPS beat against expectations, combined with a revenue surprise of +0.06%. This significant earnings outperformance on a neglected healthcare services stock qualifies as a strong catalyst that justifies the gap-up. While the revenue beat is modest, the massive earnings beat (68%+) indicates strong operational leverage and margin expansion, signaling improved profitability that should drive momentum.",routine_mislabeled,
HLIT,2026-05-12,15.2,84,strong,"Lumentum Holdings (LITE, not HLIT) gapped up over 4% in pre-market trading after Nasdaq Global Indexes announced on Friday that the stock will be added to the Nasdaq 100 Index on May 18th, replacing CoStar Group. This index inclusion drives passive buying from funds tracking the Nasdaq 100. HLIT has no specific catalysts mentioned but appears on earnings watchlists for May 11.","Harmonic reported Q1 FY2026 earnings with a massive +47.83% EPS beat and +19.38% revenue beat, significantly exceeding expectations. The beat was driven by strong broadband business growth and diversification beyond largest customers, plus a major strategic win with DIRECTV's cloud platform upgrade using Harmonic's VOS Media Software. This combination of a substantial earnings surprise with new high-profile customer validation and expansion into AI/watermarking represents a solid catalyst with both quantitative outperformance and strategic momentum.",routine_mislabeled,why does catalyst mention lumentum holdings?
HUT,2026-05-06,27.25,100,strong,"Hut 8 (HUT) stock gapped up on the refinancing announcement from May 4, 2026, where its subsidiary secured a new $200 million, 364-day Bitcoin-backed credit facility with FalconX. This replaces the prior Coinbase facility, cutting the fixed interest rate from 9.0% to 7.0% (200 basis point savings) and freeing up approximately 3,300 BTC from collateral, unlocking over $260 million in Bitcoin value at current prices. This strengthens Hut 8's capital strategy and balance sheet ahead of its Q1 2026 ","Hut 8 signed a transformative $9.8 billion, 15-year lease for its Beacon Point AI data center campus in Texas, directly capitalizing on surging demand for AI infrastructure. This is a major contract win that validates the company's pivot to high-margin AI/cloud services and provides significant long-term revenue visibility. Combined with improved refinancing (new FalconX $200M loan at favorable 7.0% fixed rate) and the broader crypto/Bitcoin rally providing market tailwinds, this represents a meaningful strategic inflection that justifies a material gap-up.",strong,"AI theme, but delayed EP"
IART,2026-05-05,18.31,100,strong,"Integra LifeSciences (IART) gapped up due to its Q1 2026 earnings release today showing revenues of $391.9 million, up 2.4% reported and 1.3% organic, with strong growth in wound reconstruction products like Integra Skin (double-digit), Durepair, and PriMatrix relaunch. Leadership changes added tailwinds: Stuart Essig appointed CEO and Michael McBreen promoted to Chief Commercial Officer. Company reiterated full-year revenue guidance of $1.662-1.702 billion and raised adjusted EPS outlook to $2.","Integra LifeSciences (IART) reported Q1 2026 earnings with a significant +32.78% EPS beat and +2.74% revenue beat versus Wall Street estimates, with sales of $391.9 million (+2.4% YoY). This is a concrete, verified earnings beat on a medical device company with established revenue base. The magnitude of the EPS surprise (+32.78%) combined with revenue growth demonstrates operational execution, which should drive the gap-up in pre-market trading.",routine_mislabeled,"technical looks good, breaking above 200d MA and previous recent highs"
INBX,2026-04-22,31.55,96,strong,"No specific catalyst identified for INBX stock gap up. Search results highlight unrelated gaps in ALAB (9% without catalyst), S&P 500 indices, and broader market moves tied to US-Iran tensions, ceasefire hopes, and bank earnings, but nothing directly on INBX. Market breadth and sector rotation in tech/real estate noted as general drivers, with no volume confirmation or news tying to INBX. Check real-time scanners for potential low-float momentum or premarket order flow.","Inhibrx announced positive Phase 2 breakthrough results for ozekibart in advanced/metastatic chondrosarcoma with a clear progression-free survival benefit, positioning it as a potential first-in-class targeted therapy for this indication. The company also provided a clinical progress update on December 16 confirming multiple 2026 data readouts across key oncology programs including INBRX-106 combination studies with Keytruda and ozekibart advancing toward FDA discussions. These concrete clinical milestones and advancement toward regulatory interactions represent substantive company-specific catalysts that typically drive biotech momentum trades.",strong,"same previous comment on biotech news, difficult to trade as prone to gaps up and down plus volatility "
INOD,2026-05-08,35.63,100,strong,"INOD gapped up on the release of Q1 2026 earnings results and conference call on May 07, 2026. The stock surged from the mid-$40s during regular trading hours to the low $60s in after-hours trading, representing aggressive momentum buying and short covering.

The core catalyst was management commentary on AI demand and new data contracts during the earnings call. Traders were positioned ahead of the release expecting the company to justify its premium valuation. INOD carries a P/E ratio near 49.","Innodata (INOD) reported Q1 2026 earnings with a massive +229.41% EPS beat and +17.82% revenue beat versus estimates, described by management as ""record-setting"" across revenue, adjusted gross profit, adjusted EBITDA, and cash. The company simultaneously raised guidance, a combination that signals strong momentum in generative AI services and expanding enterprise relationships. This is a classic strong catalyst on what appears to be a neglected small-cap technology stock capitalizing on AI tailwinds.",strong,"good theme, this one worked right away"
INTC,2026-04-24,27.88,100,strong,"Intel gapped up on blowout Q1 earnings released April 23, 2026, with the stock surging 18-20% in after-hours trading driven by beats across three critical dimensions: revenue, margins, and forward guidance.

The company reported $13.6 billion in Q1 revenue versus Wall Street expectations of $12.4 billion, and non-GAAP EPS of $0.29 against consensus of only $0.02. Data Center and AI revenue specifically grew 22% year-over-year to $5.1 billion, with management disclosing that AI-driven businesses ","Intel reported Q1 earnings with adjusted EPS of $0.29, significantly beating analyst estimates of $0.01 (a 29x beat). The company also guided for ""drastic dollar expansion,"" indicating a significant guidance raise. This is a concrete earnings beat on a major-cap semiconductor stock during a sector rally, driving the pre-market gap-up alongside positive geopolitical developments.",strong,"Strong theme, uptrend, needs fishhook or some delay entry to work"
JMIA,2026-05-07,26.14,96,strong,"No relevant catalysts or news found for JMIA stock gap up. Search results cover unrelated school district plans, UNDP regulatory report, and Antero Resources (AR) options data. Check real-time market feeds for volume spikes or earnings surprises.","Jumia released Q4 2025 earnings results on February 11 with analyst commentary indicating the company is nearing full-year profitability with ongoing GMV (Gross Merchandise Value) growth. Multiple analyst upgrades followed, including a Cantor Fitzgerald note positioning JMIA as a ""VC-style"" stock with 74% upside potential. This represents a solid earnings beat with a profitability inflection point and significant analyst enthusiasm on a previously neglected small-cap e-commerce player.",routine_mislabeled,
KALV,2026-04-29,38.25,96,strong,"No recent news or catalysts found explaining a gap up in KALV stock. The provided data references general market files like Interactive Brokers' fractional share list, which mentions unrelated tickers such as GAP, DEO, and ALK but nothing on KALV (KalVista Pharmaceuticals). Check real-time sources like Nasdaq or company filings for potential clinical trial updates or earnings beats, as biotech catalysts often drive such moves.","KalVista Pharmaceuticals reported strong early commercial traction for EKTERLY with nearly $50M in sales in under 6 months post-launch and 20% patient reach, combined with positive interim results from the KONFIDENT-KID pediatric HAE trial showing rapid, well-tolerated on-demand treatment. This represents a solid beat on commercial execution expectations plus meaningful clinical validation for label expansion, warranting a strong catalyst classification rather than routine.",other,M&A buyout 
KFRC,2026-04-28,28.07,96,strong,"Kforce (KFRC) stock gapped up on technical breakout momentum with no specific fundamental catalyst identified in recent reports. The most recent gap up referenced occurred on April 21, 2026, when shares opened at $32.48 after closing at $30.92 the prior day, driven by trader interest amid a consensus Hold rating and $38.50 average price target. Another notable surge of 20.68% to $38.63 happened in pre-market trading around April 26, clearing the 60-day high on high volume confirmation, though ex","Kforce reported Q1 2026 earnings with a +15.00% EPS beat and +0.72% revenue beat, with revenue of $330.4 million. The company demonstrated a return to revenue growth and highlighted strategic AI investments. While the revenue beat was modest, the solid EPS outperformance on a professional staffing stock with renewed growth trajectory and forward-looking AI positioning drove the 16.9% gap-up move.",routine_mislabeled,
KLAR,2026-05-14,19.57,84,strong,"KLAR has not gapped up based on the available information. The stock is currently trading in a tight range of roughly $0.50 over the past week on declining volume, indicating compressed price action rather than a gap move.

The primary near-term catalyst for KLAR is earnings, which are due this week. The setup suggests potential for a sharp directional move once results are reported.

The fundamental backdrop supporting potential upside includes strong fiscal 2025 performance with $120+ billion ","The gap-up for KLAR appears driven by the announcement of a partnership with Google to integrate Klarna's flexible payment options into Google Search and Gemini via Google Pay. While a notable strategic partnership, this is a routine business development announcement without concrete financial metrics, earnings surprises, or guidance changes. The news lacks specific revenue projections, user adoption targets, or quantified impact on earnings, making it a standard partnership announcement rather than a game-changing catalyst.",routine_mislabeled,
KURA,2026-04-17,15.75,100,strong,"KURA stock gapped up due to positive momentum from recent coverage in the expanding head and neck cancer clinical trial pipeline, highlighting Kura Oncology's tipifarnib in Phase II development for HNC and potential biomarkers for hematologic malignancies like PTCL, MDS, AML, and CMML. No other specific news or index changes directly triggered the move today, but the sector buzz positions upcoming earnings as a key catalyst to sustain gains. Trade above the gap fill at $22.50 with volume confirm","Kura Oncology reported Q4 2025 earnings with a successful KOMZIFTI (ziftomenib) commercial launch showing strong revenue growth following FDA approval. This represents a concrete, verifiable catalyst: the company achieved its first major commercial milestone with an approved oncology drug and demonstrated revenue traction in Q4, which CEO Troy Wilson characterized as a ""defining year."" The combination of FDA-approved product launch with demonstrated commercial success and positive earnings results qualifies as a strong catalyst driving the pre-market gap-up.",routine_mislabeled,
KYTX,2026-04-22,21.11,100,strong,"Kyverna Therapeutics (KYTX) gapped up due to positive primary analysis data from its registrational KYSA-8 trial of miv-cel (KYV-101) in stiff person syndrome, presented as a late-breaker at the AAN annual meeting on April 21. The data showed statistically significant, durable clinical benefits across all primary and secondary endpoints at 16 weeks, including rapid improvements in function and all patients discontinuing chronic immunotherapies—outcomes not previously seen in SPS. This positions ","KYTX gapped up on positive Phase II data from its KYSA-8 registrational trial in stiff person syndrome, with reports indicating ""major mobility gains"" and first-in-class potential. This represents a significant clinical milestone for a clinical-stage biotech with a lead CAR T-cell candidate; positive Phase II data in a rare autoimmune indication typically triggers strong biotech momentum and analyst reassessment. The stock already surged 41% in the prior month on this same news, but continued pre-market strength suggests reinforced analyst bullish sentiment and the concrete nature of Phase II efficacy data qualifies this as a strong catalyst rather than routine.",routine_mislabeled,
LASR,2026-05-08,14.56,72,game_changer,"nLIGHT (LASR) gapped up following its impressive Q1 CY2026 earnings release, with revenue of $80.18 million beating estimates by 11.2% (55.2% YoY growth), non-GAAP EPS of $0.20 exceeding consensus, and Q2 guidance of $78 million midpoint topping analyst expectations by 9.9%. Operating margin improved to -0.9% from -18.6% YoY. Stock rose 2.7% to $68.72 post-results, fueled by strong industrial laser demand acceleration and defense expansion momentum.","nLIGHT reported Q1 2026 earnings with a massive +158.07% EPS beat and +12.61% revenue beat ($80.18M, up 55.2% YoY), with management calling it ""exceptional"" and noting gross margins and adjusted EBITDA comfortably exceeded expectations. The company also raised guidance for next quarter's revenue, compounded by strong aerospace and defense segment performance and record product gross margins—this is a classic game-changing earnings surprise with forward guidance raise on a semiconductor/laser technology platform with clear growth momentum.",strong,
LIVN,2026-05-06,14.43,72,game_changer,"LivaNova (LIVN) has no confirmed gap up catalyst in recent reports. Upcoming Q1 earnings are the key near-term driver, with analysts forecasting 90 cents per share on $346.1 million revenue for the March quarter, supported by building reimbursement tailwinds. No specific news ties directly to a gap up event.","LivaNova reported Q1 earnings that beat expectations (EPS +15.29%, Revenue +3.60%) and simultaneously secured FDA premarket approval for its aura6000 System, a proximal hypoglossal nerve stimulation therapy for moderate to severe obstructive sleep apnea. The combination of a solid earnings beat with a transformative FDA approval for a new therapeutic device represents a game-changing catalyst that validates both near-term execution and opens a significant new revenue stream in sleep apnea treatment.",game_changer,"potentially gamechanger with the FDA approval + good earnings, but original catalyst didn't catch it"
MNDY,2026-05-11,19.16,100.8,strong,"No gap up catalyst identified for MNDY. Latest news is a class action lawsuit reminder from Rosen Law Firm with a May 11 lead plaintiff deadline for buyers between September 17, 2025, and February 6, 2026, which typically pressures stocks lower. Broader market shows overbought S&P 500 and Nasdaq RSI above 70, extreme greed sentiment, and narrow breadth driven by five tech giants (GOOGL, NVDA, AMZN, AVGO, AAPL) accounting for half of S&P gains since April, signaling drawdown risk per Goldman Sach","The news items provided are vague, generic, and lack specific catalyst details. The headline ""HubSpot and monday.com Shares Are Soaring, What You Need To Know"" mentions a gap-up but provides no concrete reason—no specific earnings numbers, guidance figures, dates, or verifiable announcement. The other articles are retrospective commentary and opinion pieces (""Is MNDY a good stock to buy?"") rather than actual news catalysts. Without specific earnings beats, guidance raises, or named contracts, this appears to be sector momentum (other software peers reporting strong results) rather than a company-specific catalyst for MNDY itself.",routine_mislabeled,
MRAM,2026-05-11,29.68,115.2,strong,"MRAM stock gapped up over 45% in overnight trading into Monday amid AI-linked momentum in semiconductors, with no fresh company-specific news but strong retail sentiment on Stocktwits turning extremely bullish. The move builds on a more than 100% rise since April 29 quarterly results showing 13% revenue growth to $14.9 million and $0.11 adjusted EPS beating estimates, plus a $40 million defense contract win. Friday's 34% surge to $36.22 and 25% intraday jump rode broader memory chip strength fro","Everspin Technologies announced a $40M defense/mil-aero MRAM contract (April 30), coupled with Q1 2026 earnings that beat expectations: revenue of $14.87M vs. $13.14M YoY, and a reduced net loss of $296K. The company is also expanding its U.S. manufacturing base and analyst fair value has been raised to $18.00 (vs. prior $12.50 and street target $14.00), indicating significant upside recognition. This combination of a major contract win, earnings beat, and analyst upgrades qualifies as a strong catalyst.",strong,"Entry should be 4/30 after earnings, 5/11 is a bit late but could still work with delayed EP"
MTSI,2026-05-07,17.14,84,strong,"MACOM Technology Solutions (MTSI) gapped up on anticipation of Q1 earnings reporting before the bell today, with expectations of 21% year-over-year revenue growth to around $320 million, slowing from last quarter's 30% but following a strong prior beat on $271.6 million revenue and upbeat guidance. The stock has risen 28.9% over the past month amid positive analog semiconductor sentiment, driven by peers like Texas Instruments up 19.4% post-earnings on 18.6% revenue growth and a 6.6% beat, and S","MTSI reported Q1 CY2026 earnings with sales of $289 million, beating Wall Street revenue expectations with 22.5% YoY growth, followed by a strong Q2 beat with positive guidance. The stock jumped 16.5% on the Q1 results alone. Additionally, recent analyst coverage highlights MTSI as a beneficiary of strong AI infrastructure demand for optical and analog chips supporting high-speed data center buildout, which provides incremental momentum for the gap-up.",strong,"earnings ok, but stronger with AI catalyst news"
NKTR,2026-04-20,24.46,100,strong,"NKTR gapped up 5.5% after releasing 52-week topline data from the Phase 2b REZOLVE-AA trial for rezpegaldesleukin in severe-to-very-severe alopecia areata. The company held an investor call this morning at 8:00 am ET to discuss the extension treatment period results.

This data release is a significant trading catalyst, as past conference calls announcing rezpegaldesleukin topline results have moved NKTR an average of 21.65%. The positive market reaction suggests the trial data met or exceeded i","Nektar Therapeutics gapped on positive Phase 2b clinical trial data for rezpegaldesleukin (REZPEG) presented at the 2026 American Academy of Dermatology meeting, showing the therapy could provide sustained relief when dosed once every 3-6 months. This concrete clinical catalyst, combined with analyst fair value estimate upgrades from $129.86 to $136.43 per share and 20%+ stock appreciation on the data, demonstrates meaningful momentum from validated trial results rather than speculative news.",strong,biotech warning
NMAX,2026-04-22,28.35,93.6,routine,"No recent news or catalysts explain a gap up in NMAX stock. Search results reference unrelated topics like a chemistry study on pyridine Schiff bases and a SEC filing for Tidal Trust II on bid-ask spreads, with no mention of NMAX or market movers. Check real-time trading data for intraday volume or order flow as potential drivers.","NMAX's gap-up appears driven by a Q4 2025 earnings release with executives calling it a ""defining year"" and citing revenue growth near the top end of guidance. However, the news summaries provided contain no specific numbers (EPS, revenue figures, guidance raises, or actual beat percentages). Without concrete earnings data, guidance raise figures, or analyst upgrades, this catalyst lacks the specificity needed to classify as a meaningful ""game_changer"" or ""strong"" catalyst. The vague language (""near the top end"") suggests in-line rather than exceptional results, making this a routine earnings event.",routine_correct,didn't catch earnings details
NXPI,2026-04-29,18.28,100,strong,"NXPI stock gapped up due to a strong Q1 earnings beat and raise announced after market close on April 28, 2026. Revenue hit $3.18 billion, up 12% year-over-year and above the $3.16 billion consensus, with adjusted EPS at $3.05 versus $2.95 expected. Q2 guidance crushed estimates too, projecting $3.35-3.55 billion in revenue against $3.27 billion expected and $3.29-3.72 adjusted EPS versus $3.17. Automotive sales, over half of revenue, rose 6%, signaling recovery in that key end market amid broad","NXP Semiconductors reported Q1 2026 earnings that exceeded expectations with 12% year-over-year revenue growth, driven by strong performance in automotive and industrial sectors. Management stated results exceeded expectations with growth broadening beyond strategic focus areas, representing a solid earnings beat. Combined with the demonstrated strength in core business segments and market expansion, this qualifies as a strong catalyst warranting the gap-up move.",routine_mislabeled,"numbers look good but not that strong, however, with AI theme and semi theme, may push it over to strong"
OMCL,2026-04-28,22.24,96,strong,"Based on the available search results, I cannot identify a specific gap up event for OMCL stock or pinpoint what caused it. The search results show that Omnicell has an earnings report upcoming for the quarter ended March 31, with analyst expectations of 33 cents per share on $304 million in revenue representing 12.9% year-over-year growth. KeyBanc also recently highlighted Omnicell as a top healthcare stock pick. However, neither of these represents a current catalyst that would have caused a g","Omnicell reported Q1 CY2026 earnings with a revenue beat (sales of $309.9 million, up 14.9% YoY) exceeding market expectations. The news indicates solid operational performance in healthcare technology with above-consensus results, which qualifies as a strong earnings catalyst for a healthcare technology company in the institutional/hospital supply space.",routine_mislabeled,
ORKA,2026-04-27,48.04,100,strong,"Oruka Therapeutics (NASDAQ: ORKA) stock gapped up after setting a new 52-week high, driven by positive market momentum amid anticipation for upcoming 16-week clinical data on its psoriasis treatment. The stock requires at least 40% PASI 100 response rates to sustain gains, with 50%+ needed to avoid a potential sell-the-news pullback and valuation reset. No other specific news catalysts like earnings or upgrades appear tied directly to today's gap.","The concrete catalyst is a Phase 1 clinical trial readout showing that ORKA-001 achieved complete skin clearance in ~66% of psoriasis patients at 16 weeks with extended dosing intervals (twice-yearly or once-yearly), which directly threatens AbbVie's $18B psoriasis franchise. This was followed by a Wedbush analyst upgrade raising the price target to $85 from $45, representing 89% upside and validating the clinical milestone. For a clinical-stage biotech, positive Phase 1 efficacy data that materially de-risks the lead program and triggers analyst conviction is a strong earnings-replacement catalyst.",routine_mislabeled,biotech news
PACS,2026-05-12,22.26,96,strong,"PACS Group stock faces sell-the-news risk after a 215% rally that has priced in an expected Q1 beat, with narrow expectation gap around $1.36 billion revenue. No confirmed gap up catalyst in latest news; related analysis highlights 31% revenue growth and 11% potential upside, but pre-earnings positioning dominates.","PACS delivered Q1 2026 earnings and revenue results that beat estimates by +19.05% and +5.01% respectively, demonstrating solid operational performance in a healthcare services sector benefiting from the robust 31% market rally over the past 12 months. The earnings beat combined with outperformance against expectations represents a concrete, verifiable catalyst that justifies the gap-up move, though without explicit guidance raise disclosure, this is classified as ""strong"" rather than ""game_changer.""",routine_mislabeled,
PCT,2026-05-07,22.7,100,strong,"PureCycle (PCT) gapped up due to rising virgin polypropylene (PP) prices creating a supply squeeze, combined with strengthening regulatory mandates boosting demand for recycled PP. The company reported record production of 8.4 million lbs, masking ongoing cash burn while positioning for growth in a favorable convergence of market and policy tailwinds. This news drove the pre-market gap as investors priced in accelerated adoption of PureCycle's recycling tech.","PureCycle Technologies reported Q1 2026 earnings with a +17.65% EPS beat and +0.66% revenue beat, coupled with management commentary highlighting ""strongest"" business momentum entering 2026 and production gains at its Ironton facility. Additionally, recent news includes a major partnership with Plastic Ingenuity to develop sustainable coffee lids using PureFive resin, plus significant institutional buying interest (Abundance hedge fund adding 6.7M shares), signaling renewed investor confidence in the company's recycled polypropylene commercialization strategy.",routine_mislabeled,
PGNY,2026-05-08,18.11,84,strong,"Progyny (PGNY) shares gapped up 12.47% pre-market to $21.55, breaking above a 20-day consolidation range on thin volume with no company-specific catalysts identified. The surge appears technical rather than driven by news or fundamentals.","Progyny reported Q1 2026 earnings that beat analyst estimates on both EPS (+14.50%) and revenue (+0.29%), with sales reaching $328.5 million, up 1.4% year-over-year. The catalyst was amplified by a Zacks Rank upgrade to #2 (Buy), reflecting growing analyst optimism about the company's earnings prospects. While Q1 guidance appeared flat, the earnings beat combined with the analyst upgrade cluster provides solid fundamental support for the gap-up.",routine_mislabeled,
PI,2026-04-30,27.53,100,strong,"Impinj (PI) stock gapped up following its Q1 2026 earnings release on April 29 after market close, where EPS came in at $0.14 versus $0.64 consensus but shares rose 1.15% as the market had priced in even worse outcomes. The latest catalysts include a $100 million investment from UPS rolling out Impinj's RFID technology, institutional accumulation like Renaissance Investment Management reinstating its position, and a technical inverse head-and-shoulders pattern with inflated volume signaling reco","Impinj reported Q1 2026 earnings with a revenue beat (+1.57% surprise) and adjusted EBITDA above guidance, combined with record endpoint IC bookings and a significant Q2 guidance raise to $104.5M (implied ~41% sequential growth). The stock jumped 22.3% on concrete earnings numbers and forward guidance that signals accelerating growth momentum despite flat YoY revenue in Q1, making this a strong catalyst driven by beat + guidance raise + record bookings.",routine_mislabeled,
RSI,2026-04-29,18.67,84,strong,"No specific catalyst or news directly caused RSI stock (ticker not matching common symbols like RSI or related in results) to gap up based on available market data. General gap ups in stocks are typically triggered by positive earnings reports, analyst upgrades, or strong market sentiment, but nothing ties explicitly to RSI on recent dates like April 24, 2026. Check real-time scanners for earnings beats or upgrades as the most likely drivers if a gap occurred pre-market today.","Rush Street Interactive (RSI) reported Q1 2026 earnings with substantial beats: +21.74% EPS surprise and +11.65% revenue surprise, delivering $370.4M in sales (up 41.1% YoY). The company also raised guidance while demonstrating accelerating player growth and improving marketing efficiency. This is a solid beat plus guidance raise on a previously underperforming online gaming stock, justifying the significant gap-up.",strong,"another instance where catalyst didn't catch anything, this is a concern"
SE,2026-05-12,13.26,54,strong,"No specific news in recent scans triggered a gap up for Sea Limited (SE) stock. Sea's fundamentals have improved with rising paying users in Shopee, positive EPS, better free cash flow margins, and its fintech arm SeaMoney (Monee) emerging as a key growth driver via SPayLater and consumer loans that boost e-commerce conversion and expand into offline payments. A small pre-planned share sale by Shopee's Chief Product Officer had minimal impact, leaving his large stake intact. Main near-term catal","Sea Limited (SE) reported Q1 earnings that beat revenue expectations, driving a 5.4% share price increase. While EPS fell short of estimates, the revenue beat on a previously under-followed consumer cyclical/fintech play represents a meaningful positive surprise that justifies the gap-up move. This is a concrete earnings catalyst with quantifiable outperformance on the top line.",routine_mislabeled,
SEZL,2026-05-07,18.58,84,strong,"No specific catalysts or news found for SEZL stock gapping up in the provided results. Search mentions AFRM surging 5% on ""The Big Nothing"" 0% APR promo, BLLN up 7.49% on Q1 revenue beat ($108.4M, +84% YoY) and raised 2026 guidance ($450M-$465M), and DAVE raising FY26 revenue to $710M-$720M, but nothing on SEZL. Broader market rallied on AI gains and Iran-US peace hopes lowering oil prices.","Sezzle reported Q1 2026 earnings that beat consensus estimates with earnings surprise of +15.79% (EPS beat) and revenue surprise of +2.54% ($135.5M vs. consensus $132.2M), coupled with strong operational metrics (revenue up 29.2% YoY) and a full-year guidance raise from management. This concrete earnings beat with guidance raise on a profitable fintech company represents a solid catalyst, though not quite ""game_changer"" level without indication of transformative business expansion or market share shift.",routine_mislabeled,the revenue up 84% YoY seems wrong? we need to check all the catalyst as they seem to contain lots of mistakes
SIBN,2026-05-12,13.35,51.6,strong,No recent news or catalysts found explaining a gap up in SIBN stock. Citadel Advisors and UBS Group portfolio holdings show no specific changes or disclosures tied to SIBN as a driver. Check real-time trading data for volume or order flow anomalies.,"SI-BONE reported Q1 2026 earnings with a +41.18% EPS beat and +2.46% revenue beat, paired with a full-year 2026 guidance raise. The company demonstrated double-digit revenue growth and cited strong momentum from new product launches and expanding physician adoption. This combination of concrete earnings outperformance and raised guidance on a medically-focused device company with demonstrated commercial traction qualifies as a strong catalyst.",routine_mislabeled,catalyst missed new again
SITM,2026-05-07,31.63,96,strong,"SiTime (SITM) did not gap up—its stock dropped 3.9% after Q1 2026 earnings despite a $1.44 EPS beat that topped consensus. The pre-earnings 18% rally had priced in overly optimistic expectations, creating a classic sell-the-news setup as results failed to exceed those high bars. No recent catalysts point to a gap up; momentum faded post-release.","SiTime delivered a Q1 2026 earnings beat with revenue beating by +10.77% and EPS beating by +26.32%, combined with management raising Q2 guidance. The stock is benefiting from accelerating demand for precision timing solutions driven by the AI data center boom, positioning it as a neglected beneficiary of secular growth trends in semiconductor supply chains.",routine_mislabeled,catalyst is dead wrong saying no gap up when it did; AI theme may make it strong
SMCI,2026-05-06,14.98,64.8,strong,"SMCI stock gapped up following its fiscal Q3 2026 earnings release after the close on May 5, driven by another strong beat on revenue and earnings amid surging AI server demand. The company reported results exceeding expectations, building on Q2's massive $12.68 billion revenue (versus $10.42 billion estimated) and $0.69 adjusted EPS (versus $0.49 expected). Consensus for Q3 anticipated $0.55 per share with around $11 billion revenue, and historical patterns show explosive post-earnings moves av","Super Micro Computer (SMCI) reported fourth-quarter results with better-than-expected sales and issued a forward guidance that exceeded Wall Street expectations, driving the 19%+ premarket surge. The earnings beat combined with the raised Q4 revenue outlook reflects strong AI server demand tailwinds in a previously recovery-constrained stock, making this a solid earnings catalyst with positive forward guidance revision.",routine_mislabeled,
STAA,2026-05-14,17.31,96,game_changer,"STAAR Surgical (STAA) gapped up 20.26% on May 13, 2026, ahead of its Q1 2026 earnings release, shareholder letter, and conference call on the same day. The stock spiked from a $29.40 close to over $34 in extended trading on high volume, driven by building momentum from a multi-week uptrend starting at $25.53 in late April. Key factors include strong liquidity with $153M cash, modest $32.5M debt, elite gross margins despite losses, and focus on China demand trends highlighted for the call. Trader","STAAR Surgical reported Q1 2026 earnings with a massive 119.6% net sales surge, delivering a +192.31% EPS beat against estimates, while achieving a sharp return to profitability driven by strong China demand and U.S. growth. This represents a transformative earnings beat on a previously underperforming company that has reversed its trajectory, making it a clear game-changer catalyst for the gap-up move.",strong,"Don't see game changer here, but strong earnings"
STRL,2026-05-05,29.37,96,strong,"STRL stock gapped up due to blowout Q1 2026 earnings reported after market close on May 4, featuring revenue of $825.7 million, net income of $96 million, and adjusted EPS of $3.59, all crushing Wall Street estimates of $585.4 million revenue and $2.29 EPS. The company raised full-year guidance to $3.70-$3.80 billion revenue and $18.40-$19.05 adjusted EPS, fueling aggressive after-hours buying that spiked shares into the high $630s from a $529.49 close. Analyst upgrades added tailwinds, with Key","Sterling Infrastructure reported Q1 2026 earnings with a massive +56.91% EPS beat and +41.05% revenue surprise, with sales up 91.6% YoY to $825.7 million. The blowout results were driven by booming AI data center construction demand, a high-growth end market that is accelerating for the company. This is a concrete, verified earnings beat with strong operational momentum and no guidance language suggesting weakness, making it a strong catalyst for the gap-up.",strong,
STUB,2026-05-14,14.3,54,strong,"Based on the search results provided, there is no information indicating that STUB (StubHub Holdings) gapped up. In fact, the only mention of STUB in the materials shows it listed among stocks with various price movements, but without any specific catalyst or news explaining a gap up.

The search results do not contain any recent news, earnings reports, or corporate actions for StubHub Holdings that would have caused a significant gap up move. To identify the actual catalyst for any STUB stock m","StubHub reported Q1 2026 earnings with 12% revenue growth, swung to profitability (first-quarter profit), and CEO Eric Baker highlighted healthy market trends and strong consumer demand. The earnings beat combined with positive guidance commentary on robust event calendar and strong demand constitutes a solid catalyst; however, the news summaries lack specific EPS/guidance figures, preventing classification as a game_changer, but the profit swing and revenue beat are concrete enough to warrant ""strong.""",routine_mislabeled,catalyst missed info
STX,2026-04-29,17.46,84,strong,"STX stock gapped up due to Seagate Technology's fiscal third-quarter earnings beat and a blowout fourth-quarter forecast that exceeded Wall Street expectations, confirming strong demand for storage chips driven by AI data centers. Revenue surged 44% to $3.11 billion against estimates of $2.96 billion, with net profit more than doubling to $748 million, sparking a 19% overnight rally that carried into premarket gains of another 20% amid extremely bullish retail sentiment. CEO Dave Mosley highligh","Seagate reported Q3 2026 earnings with record revenue and issued stronger-than-expected guidance, signaling robust AI data demand that is lifting the entire storage sector. The earnings beat combined with an optimistic forward outlook—particularly regarding HAMR technology advancement and AI-driven storage demand—justifies the significant pre-market gap-up, especially given Seagate's historically neglected valuation in the market.",strong,"strong based on trend and theme, entry tricky"
TE,2026-05-12,18.21,84,strong,"T1 Energy (TE) gapped up ahead of its Q1 2026 earnings release before market open today, with the stock rallying 13% intraday to near $6.85 on thin volume. Technicals show short-term momentum building, with price above the 200-day moving average but testing 100-day resistance at $6.57 after climbing from the mid-$4s. Recent overhang from the $125M convertible notes offering due 2031 caused premarket drops due to dilution fears, but a 9.9% uptrend emerged post-announcement as traders eye solar tr","The news items provided are vague, generic summaries without specific TE earnings numbers, guidance figures, or concrete catalysts directly tied to T1 Energy Inc. While competitors (SEDG, FTCI) reported Q1 2026 results and XIFR beat estimates, no actual earnings announcement or specific financial results are attributed to TE itself. The mentions of ""Is TE a good stock to buy?"" and ""After a 308% one-year surge"" are speculative articles rather than hard catalysts. Without verified earnings numbers, guidance raises, contracts, or announcements specific to TE, this gap-up appears driven by sector momentum, bullish sentiment articles, or low-quality speculative news rather than a concrete, verifiable catalyst.",routine_mislabeled,
TEAM,2026-05-01,26.11,100,strong,"Atlassian (TEAM) gapped up on strong fiscal Q3 2026 earnings reported after market close on April 30, 2026, beating expectations with a 79% EPS surprise at $0.09 versus the anticipated $0.09 from last year's $0.25 loss. Despite the beat on profitability and year-over-year growth signals like $3.8 billion in remaining performance obligations up 44%, the stock initially dipped 0.35% post-earnings due to skepticism on sustainability amid prior volatility and a 48% drop from the 200-day moving avera","Atlassian reported a Q3 FY2026 earnings beat with 32% revenue growth driven by cloud expansion and AI innovations, alongside accelerating cloud growth and expanding backlog—meeting the criteria for a solid earnings beat. While the news summaries lack specific EPS and guidance figures in the provided text, the consistent mentions of ""earnings beat,"" CEO commentary describing results as ""incredible,"" and clear metrics (32% revenue surge, record revenue growth) indicate a concrete earnings announcement with positive guidance implications, justifying a ""strong"" classification over ""routine.""",strong,"good technical structure, AI theme but needed delay entry to work"
TTMI,2026-04-30,16,100,strong,"TTMI stock gapped up due to strong Q1 2026 earnings released on April 29, building on prior momentum from Stifel's April 24 price target hike from $108 to $135 with a Buy rating, citing AI infrastructure, defense modernization, and semiconductor cycle tailwinds. The stock had already climbed from $109 on April 10 to $147.48 by April 24 on that analyst upgrade and optimistic guidance, with today's gap extending the uptrend amid risk-on breadth and episodic pivot signals. Q1 earnings call yesterda","TTM Technologies reported Q1 2026 earnings with a +13.64% EPS beat and +8.06% revenue beat, delivering record revenue of $846M (up 30.4% YoY) and record non-GAAP EPS, while raising forward guidance. The company is positioned to capitalize on AI and defense megatrends, representing a solid earnings beat with guidance raise on a previously neglected/undervalued industrials stock positioned in high-growth secular trends.",routine_mislabeled,
TWLO,2026-05-01,19.88,100,strong,"Twilio (TWLO) stock gapped up due to a strong Q1 2026 earnings beat, AI-driven product momentum, raised full-year guidance, and a wave of bullish Wall Street upgrades. The stock surged 20.64% on April 30, 2026, closing near $148 before spiking to the low $170s after-hours on news of revenue beating estimates by 5%, EPS by 30% to $1.50, and guidance lifted to 14-15% growth. Bank of America upgraded from Underperform to Buy with a $190 target, citing Twilio's role as AI infrastructure for voice/me","Twilio reported Q1 2026 earnings with a +18.11% EPS beat and +4.93% revenue beat, while simultaneously raising full-year revenue growth guidance driven by AI-driven demand across its cloud communications platform. The combination of a solid earnings beat paired with a raised annual guidance signals sustained business momentum and investor confidence in the company's growth trajectory in AI-driven customer engagement solutions.",strong,strong based on AI theme 
URI,2026-04-23,17.4,84,strong,"URI stock gapped up due to strong Q1 2026 earnings results that beat analyst expectations on revenue, EPS, and adjusted EBITDA, with the company also raising full-year guidance. Revenue hit a record $3.99 billion, up 7.2% year-over-year and above estimates, while adjusted EPS came in at $9.71, 8.6% ahead of consensus. The stock surged 13.6-13.9% intraday to around $912-$914.60 on the news. CEO Matthew Flannery highlighted record performance across rentals and specialty businesses, plus sharehold","United Rentals reported Q1 2026 earnings that beat both EPS (+7.78% surprise) and revenue (+2.89% surprise) estimates, with sales of $3.99 billion up 7.2% YoY. The company also raised its full-year earnings outlook after the Wednesday close, which is now driving the significant Thursday pre-market gap-up. This combination of a solid earnings beat coupled with positive forward guidance raises on a cyclical industrial stock is a strong catalyst.",routine_mislabeled,
USAX,2026-04-20,19.62,74.9,routine,"No specific catalyst found for USAX stock gapping up in recent trading. Mentions across financial commentary note USAX as part of leveraged ETFs tracking high-momentum names with general positive developments like new products and media coverage driving monthly surges ahead of broader markets, but no direct news ties to a gap event. Closest analogs include funding raises closing capital gaps (e.g., $1.5B private offering in Jan 2026 for similar tickers) and index inclusions boosting liquidity, t","USAX is a 2X leveraged ETF tracking USAR, not an operating company with earnings or corporate events. The provided news is vague (""general positive developments"") with no specific catalyst, concrete dates, or verifiable company-specific event. The gap-up is likely due to broad market momentum or movement in the underlying USAR instrument rather than a genuine EP catalyst.",N/A,"THIS is a leveraged ETF, should not be evaluated at all"
USGG,2026-04-20,19.09,79.2,routine,"No search results mention a stock ticker USGG, so no specific catalyst or news explains a gap up. The closest related items are BOOT (Boot Barn Holdings), which gapped up on a Jefferies upgrade to Buy citing favorable risk-reward and valuation reset, and PLTR (Palantir) up 2.37% to 146.15 with no gap news. USGG may be a typo or unlisted ticker with no current market data.","USGG (Leverage Shares 2X Long USAR Daily ETF) is a leveraged ETF tracking rare-earth stocks, not an operating company. The ""gap-up"" is driven by underlying rare-earth and commodity sector strength (tariffs, winter weather impacts on natural gas/gold), not a company-specific catalyst. The news mentions sector performance (""USAR-linked leveraged ETFs soared"") but provides no concrete catalyst (no earnings, no guidance, no specific contracts or FDA approvals) that would trigger a discrete gap-up event for this ticker specifically.",N/A,"THIS is a leveraged ETF, should not be evaluated at all"
VG,2026-05-12,10.07,54.7,strong,"No relevant search results on VG stock gap up or catalysts. Data shows EQNR up to $38.22 on May 11 with support at $35.70 and resistance at $37.68, but nothing on VG.","Venture Global (VG) reported earnings this morning that appear to have beaten expectations, combined with a cluster of analyst upgrades from Scotiabank and RBC Capital lifting price targets on April 16. The company also benefits from geopolitical tailwinds (Strait of Hormuz closure concerns driving LNG demand). The combination of an earnings beat with multiple analyst upgrades on a mid-cap energy company with strong fundamentals qualifies as a ""strong"" catalyst.",routine_mislabeled,catalyst missed info
VIAV,2026-04-30,20.92,100,strong,"VIAV stock gapped up on strong Q3 FY26 earnings reported after market close on April 29, 2026, with revenue surging 42.8% year-over-year to $406.8 million, building on 36.4% growth in the prior quarter. The stock had already rallied 36.81% in the 20 trading days leading into earnings from around $33 to $45.53, driven by analyst upgrades like B. Riley doubling its price target to $53 on April 24 and Northland raising to $50 on April 20, plus anticipation around initial contributions from the Spir","VIAV reported Q3 2026 earnings that beat on both revenue (+3.39%) and EPS (+14.89%), with operating margin exceeding the high end of guidance at 21%. The company also demonstrated strong underlying demand in data center segments, which supports forward momentum and confidence in future guidance, though specific forward guidance language is not detailed in the available summaries.",routine_mislabeled,"strong based on RS/theme, need to be monitored for delayed entry"
VIK,2026-05-14,11.36,57.6,strong,"Viking Holdings (VIK) gapped up primarily due to strengthening analyst sentiment and upgraded price targets ahead of today's Q1 2026 earnings report. JPMorgan raised its target from $87 to $104 with an Overweight rating, while Susquehanna initiated coverage with a Positive rating and $100 price target. Citigroup also raised its target from $88 to $90, and Wall Street Zen upgraded from Hold to Buy.

The key catalyst driving the bullish momentum is Viking's aggressive capacity expansion execution,","Viking Holdings reported Q1 CY2026 earnings with revenue of $1.05 billion, beating Wall Street estimates with 17.5% year-over-year sales growth, and additionally announced a new CEO appointment. The combination of a concrete earnings beat, strong operational momentum in cruise demand, and leadership change provides solid upside catalysts that justify the gap-up move.",routine_mislabeled,
VPG,2026-05-12,17.12,100.8,strong,"Based on the available information, there is no indication that VPG stock gapped up. The most recent data from May 6, 2026 shows VPG trading down 0.59% to $63.57, with the stock in a consolidation phase between support around $60 and resistance at $66.75.

The search results describe VPG as consolidating within established trading boundaries with balanced volume that does not suggest significant directional moves. The stock is trading near multiple key moving averages with neither strong bullish","VPG's 7.7% gap-up lacks a concrete, verifiable catalyst. While news mentions a ""jump in share price on above-average volume,"" no earnings announcement, guidance raise, FDA approval, major contract, or analyst upgrade is disclosed for VPG itself. The other news items reference earnings from unrelated companies (NOVT, LPTH, ALNT, TTMI) in the same sector, which may indicate positive industry sentiment, but do not constitute a direct catalyst for VPG. Without specific financial details, contract announcements, or company-specific news, this gap appears driven by sector tailwinds or technical momentum rather than a material event.",strong,
VSNT,2026-05-14,15.38,100.8,strong,"VSNT gapped up on anticipation of Q1 2026 earnings release before Thursday's open, following Seeking Alpha's earnings preview on May 13 and J.P. Morgan's note highlighting Versant as a standalone with more cash for self-investment. Stock closed at $40.44 on May 13 with elevated volume of over 2 million shares, support at $39.51 and resistance at $41.23. Recent positives include Versant's presentation at the J.P. Morgan Global Technology, Media and Communications Conference, an AI platform acquis","The news items provided are generic headlines and conference summaries with no concrete catalyst tied to VSNT. The only item mentioning Versant directly (""Versant: Mispriced Cash Flow After A Spin-Off"") is a vague analyst opinion piece with no specific earnings numbers, guidance figures, or dated announcement. None of the news includes verification of an actual earnings release, guidance raise, contract, FDA decision, or analyst upgrade—all lack specific dates, numbers, and verifiable details. This appears to be a penny stock gap lacking a substantive, verifiable catalyst.",routine_mislabeled,
VSTS,2026-05-12,20.22,115.2,strong,No recent news or catalysts found for VSTS stock gapping up. Check real-time sources for intraday developments.,"The news items provided are generic market commentary and valuation discussion with no specific earnings numbers, guidance figures, or concrete catalysts. Articles discuss VSTS as a small-cap opportunity and mention a past oil-price-driven rally, but contain no verifiable earnings release, guidance raise, contract announcement, or analyst upgrade. The gap-up lacks a clearly identified, specific trigger.",routine_mislabeled,
WEST,2026-05-08,41.17,100,strong,"Pinnacle West Capital (PNW), often referred to as WEST in market contexts, gapped up on strong Q1 2026 earnings reported May 4 after market close. Adjusted EPS beat estimates with robust demand from Arizona's population growth and data center boom driving 5.5% revenue growth. Key catalysts include APS rate base expansion, higher approved utility rates, progress on the ongoing rate case, and plans for Palo Verde nuclear license renewal in 2027. Stock up 17% YTD near $104, with analysts targeting ","Westrock Coffee reported Q4 2025 earnings with a 6.55% revenue beat and record-breaking EBITDA growth of 48% year-over-year, alongside new customer volume additions and completion of strategic scale-up initiatives. While the company reported a net loss (typical for a transitional growth phase), the combination of strong revenue outperformance, record EBITDA expansion, and management's confidence in 2026 growth prospects creates a compelling narrative for a gap-up, particularly for a neglected small-cap consumer staples stock that may have been overlooked by broader markets.",routine_mislabeled,catalyst got the wrong stock
WKC,2026-04-24,15.78,84,strong,"World Kinect (WKC) has broken through key technical resistance levels, with the stock decisively breaching its 60-day high of $28.08 and clearing the 20-day resistance at $24.05. This represents a structural breakout from a multi-month consolidation pattern.

However, the search results don't specify a particular news catalyst or gap-up event that triggered this breakout. The available information focuses on the technical achievement itself—the breach of resistance levels—rather than announcing ","World Kinect reported Q1 2026 earnings that significantly beat expectations with earnings surprise of +139.39% and revenue beat of +8.94%, along with strong execution in Marine and Aviation segments. The company opened fiscal 2026 with results exceeding internal expectations, demonstrating solid operational performance across key business units despite market volatility. This is a classic strong catalyst: meaningful earnings beat combined with revenue growth, warranting the 19.7% stock jump.",routine_mislabeled,
WLDN,2026-05-08,13.99,76.3,strong,"Willdan Group (WLDN) gapped up on strong Q1 2026 earnings reported after market close on May 7, beating expectations with $8.5 million profit and 44% EPS growth to $0.64 per share, plus raised full-year guidance. This follows four straight quarters of triple-digit beats averaging 75% surprises, recent contract wins in energy efficiency and sustainability, and bullish analyst targets averaging $141.67 (87% upside from $75.71). Despite post-earnings volatility history (avg 15% Day +1 move), today'","Willdan (WLDN) reported Q1 2026 earnings that beat both EPS (+13.04%) and revenue estimates (+3.22%). While the news mentions these concrete beats, the available headlines do not explicitly state a forward guidance raise—only that results ""beat estimates."" However, a 13% EPS surprise on a small-cap industrials stock with limited analyst coverage qualifies as a solid earnings catalyst. The gap-up is justified by the earnings beat, though the strength of the move depends on whether management raised FY2026 guidance in the earnings call (not explicitly confirmed in the provided news).",routine_mislabeled,
WST,2026-04-23,15.29,84,strong,"West Pharmaceutical Services (WST) stock gapped up ahead of its Q1 earnings report scheduled for this Thursday morning. Analysts expect 11.6% year-over-year revenue growth to around $898 million, building on last quarter's 7.5% revenue beat to $805 million and a strong EPS surprise, with the stock already up 14.1% over the past month amid positive sector sentiment in life sciences tools. The company rarely misses revenue estimates, and as the first peer to report this season, anticipation of ano","West Pharmaceutical reported Q1 2026 earnings with substantial beats: EPS surprise of +27% (non-GAAP EPS of $2.13) and revenue surprise of +8.55% (sales of $844.9M, up 21% YoY). The company issued Q2 guidance alongside results. This is a concrete, verifiable earnings beat with upside guidance, driven by strong momentum in high-value products and sustained GLP-1 demand, making it a solid catalyst for the pre-market gap-up.",routine_mislabeled,
ZBRA,2026-05-12,15.33,100.8,strong,"No direct news or catalyst found for ZBRA gap up in available data. EXTR closed at 24.03 on May 8 with 2.17% gain, potentially related sector momentum in networking tech, but ZBRA specifics absent. Check institutional filings from Citadel or UBS for recent position builds, as they track high-conviction trades driving premarket moves. NVDA and RBLX show no ZBRA linkage. Monitor volume for confirmation.","The recent news items about ZBRA mention Q4 earnings comparisons, strategic investments in Apera AI, and a Cubic Alliance partnership, but provide NO specific numbers (EPS, revenue, guidance figures, or beat/miss data). While the Apera AI investment and Cubic integration are strategic developments, they are routine venture investments and partnerships—not transformative contracts or concrete catalysts. The news reads as generic industry coverage without the specific earnings metrics or guidance raises required to classify as a strong catalyst. Without concrete earnings numbers or a material guidance raise, there is no identifiable game-changer or strong catalyst to explain the gap-up.",routine_mislabeled,