ticker|d|tick|block|gap|pc_raw|cap|pct|vol_raw|ext|adv|atr_pct|stamps|E|G|serial|first_in_60d|typed_today|poly_type|entry_status|outcome|entry|stop|R|final|s1_status|s1_outcome|s1_R|s2_status|s2_R
DOGZ|2024-01-02|09:50|DISC_2024|33.4|5.0901|10211825|92.3|23362|27.25|16842||adv_too_low,pm_shares_floor|True|False|False|True|CS|CS|window_out_of_orb|no_trade||||window_out_of_orb|window_out_of_orb|no_trade|||
LBPH|2024-01-02|09:30|DISC_2024|206.47|6.03|143859211|100.0|4948049|0.0|535841||adv_too_low|True|False|False|True|untyped_today|CS|orb_invalid|no_trade||||setup:stop_too_wide: 3.16 > 1.5x ATR 0.46|orb_invalid|no_trade|||
VYGR|2024-01-02|09:30|DISC_2024|24.76|8.44|371320864|100.0|1572020|0.0|1184731|4.39||True|True|False|True|CS|CS|filled|settled|10.712|10.187999999999999|0.0|stop_hit|filled|settled|0.0|settled|0.0
SIDU|2024-01-03|09:35|DISC_2024|16.5|6.97|6842630|92.3|713269|79.64|604150||extended,adv_too_low|False|False|False|True|CS|CS|no_entry|no_trade||||triggered_above_limit_never_filled|filled|settled|2.9215||
VYGR|2024-01-03|09:50|DISC_2024|16.71|9.0|395958267|97.4|240787|6.64|1226248|6.48|cooldown|True|False|False|False|CS|CS|window_out_of_orb|no_trade||||window_out_of_orb|window_out_of_orb|no_trade|||
HARP|2024-01-08|09:30|DISC_2024|111.37|10.55|178635470|100.0|1219204|0.19|1353821|8.91||True|True|False|True|untyped_today|CS|filled|settled|22.305|22.195|0.8636|sma_trail_stop|filled|settled|0.8636|settled|0.8636
HMST|2024-01-16|09:30|DISC_2024|26.82|10.77|202584292|100.0|485222|3.96|1852567|5.13||True|True|False|True|untyped_today|CS|filled|settled|13.84|13.46|0.0|stop_hit|filled|settled|0.0|settled|0.0
SGMT|2024-01-22|09:30|DISC_2024|119.94|6.82|156149983|100.0|5544728|7.06|549106||adv_too_low|True|False|False|True|CS|CS|filled|settled|15.5|13.52|-1.0|stop_hit|filled|settled|-1.0|settled|-1.0
AMSC|2024-01-25|09:45|DISC_2024|39.38|9.75|299679383|100.0|546947|0.83|4512233|6.57||True|True|False|True|CS|CS|window_out_of_orb|no_trade||||window_out_of_orb|window_out_of_orb|no_trade|||
CRBP|2024-01-26|09:30|DISC_2024|99.17|8.44|37335885|100.0|3276116|38.59|137298||adv_too_low|True|False|False|True|CS|CS|orb_invalid|no_trade||||setup:stop_too_wide: 1.53 > 1.5x ATR 0.81|orb_invalid|no_trade|||
EHTH|2024-01-26|09:55|DISC_2024|18.1|5.58|158275701|100.0|401684|0.0|2127766|9.17||True|True|False|True|CS|CS|window_out_of_orb|no_trade||||window_out_of_orb|window_out_of_orb|no_trade|||
CDLX|2024-01-29|09:55|DISC_2024|33.43|5.77|226496422|100.0|1176324|0.0|3107471|7.46||True|True|False|True|CS|CS|window_out_of_orb|no_trade||||window_out_of_orb|window_out_of_orb|no_trade|||
REVB|2024-01-29|09:30|DISC_2024|78.8|9.866|2070982|100.0|1249173|0.0|20563||adv_too_low|True|False|False|True|CS|CS|filled|settled|3648.0|3110.3999999999996|-1.0|stop_hit|filled|settled|-1.0|settled|-1.0
REVB|2024-01-31|09:31|DISC_2024|19.76|7.95|1668792|100.0|554604|0.0|37627||cooldown,adv_too_low|True|False|False|False|CS|CS|filled|settled|1837.21|1669.0944|0.0|stop_hit|filled|settled|0.0|settled|0.0
MINM|2024-02-02|09:30|DISC_2024|41.55|5.03|14531771|97.6|7700157|133.95|755570||extended,adv_too_low|False|False|False|True|untyped_today|CS|filled|settled|7.28|6.739999999999999|-1.0|stop_hit|filled|settled|-1.0|settled|-1.0
CHEA|2024-02-05|09:30|DISC_2024|101.13|5.33|60296590|100.0|3478578|0.0|832429||adv_too_low|True|False|False|True|untyped_today|CS|abstain|unscoreable||||entry_window_gaps:4_of_29|abstain|unscoreable|||
GNPX|2024-02-05|09:30|DISC_2024|33.84|5.91|8781492|100.0|153897|0.0|48422||adv_too_low|True|False|False|True|CS|CS|no_entry|no_trade||||never_crossed_orb_high|no_entry|no_trade|||
CHEA|2024-02-06|09:30|DISC_2024|15.63|7.04|79641274|100.0|1454651|32.08|924750||cooldown,adv_too_low|True|False|False|False|untyped_today|CS|no_entry|no_trade||||never_crossed_orb_high|no_entry|no_trade|||
AVNW|2024-02-07|09:50|DISC_2024|17.55|30.08|377422062|97.4|91123|4.41|2499766|4.17||True|True|False|True|CS|CS|window_out_of_orb|no_trade||||window_out_of_orb|window_out_of_orb|no_trade|||
TENX|2024-02-07|09:35|DISC_2024|19.91|11.45|4021469|94.9|142434|31.31|325041||adv_too_low|True|False|False|True|CS|CS|filled|settled|13.06|9.739999999999998|-1.0|stop_hit|filled|settled|-1.0|settled|-1.0
HOLO|2024-02-08|09:30|DISC_2024|119.56|18.0|106941762|97.5|3672273|1092.05|171536||extended,adv_too_low|False|False|False|True|CS|CS|orb_invalid|no_trade||||setup:stop_too_wide: 3320.00 > 1.5x ATR 1156.39|orb_invalid|no_trade|||
BMR|2024-02-13|09:30|DISC_2024|82.01|9.95|129860863|100.0|14799356|529.75|96906||extended,adv_too_low|False|False|False|True|CS|CS|filled|settled|20.0|15.930999999999997|-1.0|stop_hit|filled|settled|-1.0|settled|-1.0
BMR|2024-02-14|09:30|DISC_2024|20.2|14.06|183501883|94.9|2261436|789.87|99529||extended,cooldown,adv_too_low|False|False|False|False|CS|CS|filled|settled|17.24|15.760000000000002|0.0|stop_hit|filled|settled|0.0|settled|0.0
COGT|2024-02-14|09:50|DISC_2024|62.09|5.46|470238400|100.0|3188057|0.0|8376082|9.18||True|True|False|True|CS|CS|window_out_of_orb|no_trade||||window_out_of_orb|window_out_of_orb|no_trade|||
LRMR|2024-02-14|09:50|DISC_2024|22.2|8.74|383737592|100.0|511733|46.89|1358910|10.48||True|True|False|True|CS|CS|window_out_of_orb|no_trade||||window_out_of_orb|window_out_of_orb|no_trade|||
DTSS|2024-02-15|09:31|DISC_2024|33.18|8.98|22793808|97.5|1748492|510.88|169993||extended,adv_too_low|False|False|False|True|CS|CS|filled|settled|11.96|8.439999999999998|-1.0|stop_hit|filled|settled|-1.0|settled|-1.0
NNOX|2024-02-15|09:30|DISC_2024|95.6|6.36|367178223|100.0|7752791|19.55|3013311|6.69||True|True|False|True|CS|CS|orb_invalid|no_trade||||setup:stop_too_wide: 1.11 > 1.5x ATR 0.43|orb_invalid|no_trade|||
PLCE|2024-02-15|09:50|DISC_2024|101.38|14.515|181108372|90.0|891078|28.57|10810157|18.93|atr_too_high|True|False|False|True|CS|CS|window_out_of_orb|no_trade||||window_out_of_orb|window_out_of_orb|no_trade|||
ULBI|2024-02-15|09:50|DISC_2024|23.67|7.9|129086893|100.0|87041|15.33|252266||adv_too_low|True|False|False|True|CS|CS|window_out_of_orb|no_trade||||window_out_of_orb|window_out_of_orb|no_trade|||
BLZE|2024-02-16|09:50|DISC_2024|21.23|8.15|319077472|100.0|356434|1.24|1875698|5.69||True|True|False|True|CS|CS|window_out_of_orb|no_trade||||window_out_of_orb|window_out_of_orb|no_trade|||
BMR|2024-02-16|09:30|DISC_2024|16.5|10.0|150258160|90.2|655264|455.56|107707||extended,cooldown,adv_too_low|False|False|True|False|CS|CS|no_entry|no_trade||||never_crossed_orb_high|no_entry|no_trade|||
LUNR|2024-02-16|09:30|DISC_2024|16.87|6.7|195794348|90.2|2247605|91.43|7224432|12.64|extended|False|False|False|True|CS|CS|filled|settled|7.88|7.56|0.0|stop_hit|filled|settled|0.0|settled|0.0
LUNR|2024-02-20|09:50|DISC_2024|24.04|7.32|213912631|94.7|4631063|46.99|9018978|12.92|cooldown|True|False|False|False|CS|CS|window_out_of_orb|no_trade||||window_out_of_orb|window_out_of_orb|no_trade|||
LUNR|2024-02-21|09:30|DISC_2024|17.29|10.99|321161177|92.1|4012289|120.68|10107154|11.32|extended,cooldown|False|False|True|False|CS|CS|no_entry|no_trade||||never_crossed_orb_high|no_entry|no_trade|||
RAPT|2024-02-21|09:50|DISC_2024|19.39|6.87|236301976|97.4|986392|0.0|10177680|37.53|atr_too_high|True|False|False|True|untyped_today|CS|window_out_of_orb|no_trade||||window_out_of_orb|window_out_of_orb|no_trade|||
CPOP|2024-02-22|09:35|DISC_2024|18.03|6.22|15170835|94.9|2551707|436.21|21945||extended,adv_too_low|False|False|False|True|CS|CS|filled|settled|1053.74|859.5|-1.0|stop_hit|filled|settled|-1.0|settled|-1.0
IPWR|2024-02-22|09:55|DISC_2024|17.41|10.51|62485597|100.0|41093|54.56|100293||extended,adv_too_low|False|False|False|True|CS|CS|window_out_of_orb|no_trade||||window_out_of_orb|window_out_of_orb|no_trade|||
ROOT|2024-02-22|09:31|DISC_2024|49.94|8.67|126582000|100.0|183752|7.43|618740||adv_too_low|True|False|False|True|CS|CS|orb_invalid|no_trade||||setup:stop_too_wide: 1.81 > 1.5x ATR 0.59|orb_invalid|no_trade|||
LUNR|2024-02-23|09:30|DISC_2024|40.1|8.28|241966746|100.0|14385378|66.27|11836247|20.44|extended,cooldown,atr_too_high|False|False|True|False|CS|CS|filled|settled|11.85|10.950000000000001|-1.0|stop_hit|filled|settled|-1.0|settled|-1.0
HOLO|2024-02-26|09:55|DISC_2024|82.9|6.61|39271391|97.4|14667987|0.0|60422880|266.29|cooldown,atr_too_high|True|False|False|False|CS|CS|window_out_of_orb|no_trade||||window_out_of_orb|window_out_of_orb|no_trade|||
APLT|2024-02-28|09:35|DISC_2024|49.1|5.58|430938975|94.9|2543759|8.77|3459991|10.48||True|True|False|True|untyped_today|CS|filled|settled|8.32|7.520000000000001|-1.0|stop_hit|filled|settled|-1.0|settled|-1.0
BAND|2024-02-28|09:50|DISC_2024|44.09|12.15|311546849|100.0|335183|1.59|2772040|5.92||True|True|False|True|CS|CS|window_out_of_orb|no_trade||||window_out_of_orb|window_out_of_orb|no_trade|||
BYND|2024-02-28|09:30|DISC_2024|50.27|7.52|485973533|100.0|4235933|4.74|14859514|7.34||True|True|False|True|CS|CS|filled|settled|357.9|313.5|-1.0|stop_hit|filled|settled|-1.0|settled|-1.0
QUIK|2024-02-28|09:55|DISC_2024|15.05|12.71|179439780|100.0|216401|4.78|1535673|5.35||True|True|False|True|CS|CS|window_out_of_orb|no_trade||||window_out_of_orb|window_out_of_orb|no_trade|||
JL|2024-02-29|09:30|DISC_2024|105.47|12.8|401920000|100.0|819777|0.0|1274928|25.97|atr_too_high|True|False|False|True|CS|CS|abstain|unscoreable||||entry_window_gaps:25_of_29|abstain|unscoreable|||
SIDU|2024-02-29|09:30|DISC_2024|22.8|5.57|15542773|100.0|2683151|40.3|901614||cooldown,adv_too_low|True|False|False|False|CS|CS|filled|settled|6.97|6.476999999999999|-1.0|stop_hit|filled|settled|-1.0|settled|-1.0
COCH|2024-03-04|09:50|DISC_2024|18.08|6.25|122187388|92.5|105765|404.03|32024||extended,adv_too_low|False|False|False|True|CS|CS|window_out_of_orb|no_trade||||window_out_of_orb|window_out_of_orb|no_trade|||
DAVE|2024-03-05|09:55|DISC_2024|32.42|21.9|263934573|100.0|122204|0.0|1462979|11.31||True|True|False|True|CS|CS|window_out_of_orb|no_trade||||window_out_of_orb|window_out_of_orb|no_trade|||
PHUN|2024-03-05|09:50|DISC_2024|32.63|12.41|97682498|100.0|7563396|76.28|15030884|19.58|extended,atr_too_high|False|False|False|True|CS|CS|window_out_of_orb|no_trade||||window_out_of_orb|window_out_of_orb|no_trade|||
HIPO|2024-03-06|09:50|DISC_2024|16.56|14.46|351535498|100.0|296151|9.96|1717870|6.96||True|True|False|True|CS|CS|window_out_of_orb|no_trade||||window_out_of_orb|window_out_of_orb|no_trade|||
IFBD|2024-03-06|09:30|DISC_2024|25.43|5.23|7006757|100.0|4970956|9.41|2262162|154.6|atr_too_high|True|False|False|True|CS|CS|filled|settled|6.99|6.109999999999999|-1.0|stop_hit|filled|settled|-1.0|settled|-1.0
APVO|2024-03-07|09:30|DISC_2024|19.53|6.4|3414170|100.0|704937|12.41|||adv_no_data|True|False|False|True|CS|CS|abstain|unscoreable||||entry_window_gaps:4_of_29|abstain|unscoreable|||
MNMD|2024-03-07|09:30|DISC_2024|24.92|5.94|245525784|100.0|2146376|19.28|4451039|8.45||True|True|False|True|untyped_today|CS|filled|settled|7.99|6.8100000000000005|0.0|stop_hit|filled|settled|0.0|settled|0.0
APM|2024-03-08|09:35|DISC_2024|15.02|6.99|36220062|95.1|30050|382.04|7277||extended,adv_too_low|False|False|False|True|CS|CS|no_entry|no_trade||||triggered_above_limit_never_filled|chase_cap_skip|no_trade|||
GXAI|2024-03-13|09:30|DISC_2024|99.06|5.32|5221702|100.0|5708291|0.0|803466||adv_too_low|True|False|False|True|CS|CS|filled|settled|11.3|8.7|0.0|stop_hit|filled|settled|0.0|settled|0.0
SIGA|2024-03-13|09:50|DISC_2024|20.68|5.32|378207397|100.0|496764|9.47|1461670|4.12||True|True|False|True|CS|CS|window_out_of_orb|no_trade||||window_out_of_orb|window_out_of_orb|no_trade|||
HEAR|2024-03-14|09:30|DISC_2024|27.83|11.03|194188047|100.0|266934|10.52|1540554|4.45||True|True|False|True|untyped_today|CS|filled|unscoreable|14.22|13.479999999999999||fwd_stop_and_breakeven_same_day:2024-03-15|filled|unscoreable||abstain|
CDLX|2024-03-15|09:50|DISC_2024|59.8|8.185|361033000|100.0|1849364|17.94|4501306|7.54|cooldown|True|False|False|False|CS|CS|window_out_of_orb|no_trade||||window_out_of_orb|window_out_of_orb|no_trade|||
SPIR|2024-03-19|09:55|DISC_2024|44.14|12.28|271774145|100.0|457649|3.89|2160127|8.91||True|True|False|True|CS|CS|window_out_of_orb|no_trade||||window_out_of_orb|window_out_of_orb|no_trade|||
AMTX|2024-03-22|09:55|DISC_2024|23.14|5.1|201481957|97.7|714433|76.47|1565751|7.71|extended|False|False|False|True|CS|CS|window_out_of_orb|no_trade||||window_out_of_orb|window_out_of_orb|no_trade|||
OTLK|2024-03-22|09:30|DISC_2024|52.98|7.04|151953162|100.0|4886709|22.86|630508||adv_too_low|True|False|False|True|CS|CS|abstain|unscoreable||||entry_window_gaps:4_of_29|abstain|unscoreable|||
STOK|2024-03-26|09:30|DISC_2024|70.31|6.5|290249583|100.0|3000480|12.07|2310969|10.94||True|True|False|True|CS|CS|orb_invalid|no_trade||||setup:stop_too_wide: 1.30 > 1.5x ATR 0.71|orb_invalid|no_trade|||
CZOO|2024-03-27|09:50|DISC_2024|24.64|6.25|30568762|90.2|204230|193.43|165947||extended,adv_too_low|False|False|False|True|untyped_today|CS|window_out_of_orb|no_trade||||window_out_of_orb|window_out_of_orb|no_trade|||
STOK|2024-03-27|09:55|DISC_2024|18.39|10.29|472498618|95.1|384878|77.41|2323573|10.48|extended,cooldown|False|False|False|False|CS|CS|window_out_of_orb|no_trade||||window_out_of_orb|window_out_of_orb|no_trade|||
CZOO|2024-03-28|09:30|DISC_2024|21.82|12.56|61430985|95.2|664248|489.67|170749||extended,cooldown,adv_too_low|False|False|False|False|untyped_today|CS|filled|settled|15.91|14.17|0.0|stop_hit|filled|settled|0.0|settled|0.0
OUST|2024-03-28|09:55|DISC_2024|18.36|6.7|272638343|97.6|933616|37.3|2794256|6.72||True|True|False|True|CS|CS|window_out_of_orb|no_trade||||window_out_of_orb|window_out_of_orb|no_trade|||
VTSI|2024-04-02|09:55|DISC_2024|29.45|9.54|105962974|100.0|310259|0.0|852783||adv_too_low|True|False|False|True|CS|CS|window_out_of_orb|no_trade||||window_out_of_orb|window_out_of_orb|no_trade|||
VVPR|2024-04-03|09:30|DISC_2024|53.73|5.9|19296534|100.0|8133194|329.09|14032||extended,adv_too_low|False|False|False|True|untyped_today|CS|filled|settled|9.7|8.14|-1.0|stop_hit|filled|settled|-1.0|settled|-1.0
VSTE|2024-04-04|09:50|DISC_2024|18.05|7.2|215809229|92.5|27467|211.69|13140||extended,adv_too_low|False|False|False|True|untyped_today|CS|window_out_of_orb|no_trade||||window_out_of_orb|window_out_of_orb|no_trade|||
ACRV|2024-04-09|09:30|DISC_2024|68.7|5.91|133784380|100.0|6020588|0.0|321418||adv_too_low|True|False|False|True|CS|CS|no_entry|no_trade||||never_crossed_orb_high|no_entry|no_trade|||
BTTR|2024-04-10|09:55|DISC_2024|17.05|6.1|5024277|92.5|78203|42.69|177755||adv_too_low|True|False|False|True|untyped_today|CS|window_out_of_orb|no_trade||||window_out_of_orb|window_out_of_orb|no_trade|||
CADL|2024-04-11|09:50|DISC_2024|32.16|5.1|149672087|92.7|11778763|203.57|60464||extended,adv_too_low|False|False|False|True|CS|CS|window_out_of_orb|no_trade||||window_out_of_orb|window_out_of_orb|no_trade|||
RENT|2024-04-11|09:30|DISC_2024|32.16|7.4|26236922|100.0|559364|54.81|180217||extended,adv_too_low|False|False|False|True|CS|CS|filled|settled|10.88|8.679999999999998|1.3333|stop_hit|filled|settled|1.3333|settled|1.3333
RENT|2024-04-12|09:35|DISC_2024|15.33|19.38|68712371|97.6|487896|305.44|253303||extended,cooldown,adv_too_low|False|False|False|False|CS|CS|no_entry|no_trade||||triggered_above_limit_never_filled|chase_cap_skip|no_trade|||
PLL|2024-04-15|09:50|DISC_2024|25.43|12.68|245496707|100.0|913424|0.0|5053598|6.47||True|True|False|True|untyped_today|CS|window_out_of_orb|no_trade||||window_out_of_orb|window_out_of_orb|no_trade|||
BTTR|2024-04-16|09:50|DISC_2024|32.75|5.1|4557365|100.0|512467|0.0|427982||cooldown,adv_too_low|True|False|False|False|untyped_today|CS|window_out_of_orb|no_trade||||window_out_of_orb|window_out_of_orb|no_trade|||
MCBC|2024-04-16|09:35|DISC_2024|40.33|9.93|341210311|92.5|69462|7.24|539181||adv_too_low|True|False|False|True|untyped_today|CS|filled|settled|13.91|13.697299999999998|-1.0|stop_hit|chase_cap_skip|no_trade||settled|-1.0
RANI|2024-04-17|09:55|DISC_2024|16.03|6.87|180671059|95.0|107862|84.18|301236||extended,adv_too_low|False|False|False|True|CS|CS|window_out_of_orb|no_trade||||window_out_of_orb|window_out_of_orb|no_trade|||
WISA|2024-04-17|09:30|DISC_2024|78.85|6.1|10752519|100.0|16219554|248.57|936491||extended,adv_too_low|False|False|False|True|untyped_today|CS|no_entry|no_trade||||never_crossed_orb_high|no_entry|no_trade|||
WISA|2024-04-19|09:50|DISC_2024|19.35|5.89|10382350|92.9|636778|236.57|1270566|24.64|extended,cooldown,atr_too_high|False|False|False|False|untyped_today|CS|window_out_of_orb|no_trade||||window_out_of_orb|window_out_of_orb|no_trade|||
EDBL|2024-04-23|09:45|DISC_2024|18.04|6.26|1889393|90.2|363041|66.49|1291050|39.18|extended,atr_too_high|False|False|False|True|CS|CS|window_out_of_orb|no_trade||||window_out_of_orb|window_out_of_orb|no_trade|||
CDTX|2024-04-25|09:30|DISC_2024|17.98|12.29|56063920|100.0|178984|19.9|984851||adv_too_low|True|False|False|True|untyped_today|CS|no_entry|no_trade||||never_crossed_orb_high|no_entry|no_trade|||
WGS|2024-04-30|09:45|DISC_2024|30.45|11.0|287345828|100.0|276489|5.87|1592256|9.73||True|True|False|True|CS|CS|window_out_of_orb|no_trade||||window_out_of_orb|window_out_of_orb|no_trade|||
PALI|2024-05-01|09:45|DISC_2024|47.44|6.03|5133948|100.0|2859403|22.31|494664||adv_too_low|True|False|False|True|CS|CS|window_out_of_orb|no_trade||||window_out_of_orb|window_out_of_orb|no_trade|||
LOCO|2024-05-03|09:50|DISC_2024|23.49|8.6|268177472|100.0|385426|2.38|2175595|2.99||True|True|False|True|CS|CS|window_out_of_orb|no_trade||||window_out_of_orb|window_out_of_orb|no_trade|||
BENF|2024-05-06|09:30|DISC_2024|17.3|6.82|24540993|100.0|3170358|255.21|693164||extended,adv_too_low|False|False|False|True|CS|CS|filled|settled|66.96|58.96000000000001|-1.17|stop_hit|filled|settled|-1.17|settled|-1.17
IDR|2024-05-06|09:50|DISC_2024|15.51|7.61|96954155|100.0|97106|0.0|252963||adv_too_low|True|False|False|True|CS|CS|window_out_of_orb|no_trade||||window_out_of_orb|window_out_of_orb|no_trade|||
INOD|2024-05-08|09:50|DISC_2024|44.96|6.74|193794371|100.0|1253415|15.41|1402448|6.7||True|True|False|True|CS|CS|window_out_of_orb|no_trade||||window_out_of_orb|window_out_of_orb|no_trade|||
AGS|2024-05-09|09:30|DISC_2024|25.45|8.96|360269289|100.0|419310|7.95|2002936|3.6||True|True|False|True|untyped_today|CS|orb_invalid|no_trade||||setup:stop_too_wide: 0.55 > 1.5x ATR 0.32|orb_invalid|no_trade|||
SEZL|2024-05-09|09:50|DISC_2024|69.02|44.7402|253391223|100.0|95582|2.03|4708554|15.3|atr_too_high|True|False|False|True|CS|CS|window_out_of_orb|no_trade||||window_out_of_orb|window_out_of_orb|no_trade|||
ITOS|2024-05-10|09:30|DISC_2024|37.41|12.19|438419713|100.0|776163|13.5|2055665|4.33||True|True|False|True|untyped_today|CS|filled|settled|17.0|16.159999999999997|0.0|stop_hit|filled|settled|0.0|settled|0.0
OSG|2024-05-20|09:30|DISC_2024|22.74|6.86|494132502|100.0|2172355|2.54|2201060|3.19||True|True|False|True|CS|CS|no_entry|no_trade||||never_crossed_orb_high|no_entry|no_trade|||
BWAQ|2024-05-29|09:50|DISC_2024|33.01|8.61|57751919|100.0|66145|0.0|422887||adv_too_low|True|False|False|True|untyped_today|CS|window_out_of_orb|no_trade||||window_out_of_orb|window_out_of_orb|no_trade|||
SMLR|2024-05-29|09:40|DISC_2024|16.52|29.0|204909215|90.2|99300|26.42|1244901|7.1||True|True|False|True|untyped_today|CS|no_entry|no_trade||||triggered_above_limit_never_filled|chase_cap_skip|no_trade|||
SMLR|2024-06-10|09:55|DISC_2024|16.74|31.63|223492361|95.1|285563|13.29|1708960|9.35|cooldown|True|False|False|False|untyped_today|CS|window_out_of_orb|no_trade||||window_out_of_orb|window_out_of_orb|no_trade|||
VIRC|2024-06-10|09:55|DISC_2024|17.51|13.19|215621072|100.0|154385|21.45|1309134|5.67||True|True|False|True|CS|CS|window_out_of_orb|no_trade||||window_out_of_orb|window_out_of_orb|no_trade|||
BWAQ|2024-06-11|09:30|DISC_2024|32.84|6.82|45745423|100.0|554753|0.0|575262||cooldown,adv_too_low|True|False|False|False|untyped_today|CS|filled|settled|9.33|8.709999999999999|-1.0|stop_hit|filled|settled|-1.0|settled|-1.0
AAN|2024-06-17|09:30|DISC_2024|32.36|7.54|230916632|100.0|407619|0.0|2003665|5.23||True|True|False|True|untyped_today|CS|filled|settled|9.99|9.97|-1.0|stop_hit|filled|settled|-1.0|settled|-1.0
ALT|2024-06-24|09:50|DISC_2024|20.28|6.41|454483044|100.0|3365830|8.46|15869307|7.81||True|True|False|True|CS|CS|window_out_of_orb|no_trade||||window_out_of_orb|window_out_of_orb|no_trade|||
LRE|2024-06-24|09:45|DISC_2024|17.82|8.7|118684530|100.0|133537|40.78|24347||adv_too_low|True|False|False|True|ADRC|ADRC|window_out_of_orb|no_trade||||window_out_of_orb|window_out_of_orb|no_trade|||
VLCN|2024-06-26|09:30|DISC_2024|45.68|5.56|1668000|100.0|2682689|52.33|894868||extended,adv_too_low|False|False|False|True|untyped_today|CS|filled|settled|560.0|446.08000000000004|-1.0|stop_hit|filled|settled|-1.0|settled|-1.0
DOYU|2024-07-03|09:30|DISC_2024|31.69|12.59|398291877|100.0|1384471|22.0|908918||adv_too_low|True|False|False|True|ADRC|ADRC|orb_invalid|no_trade||||setup:stop_too_wide: 1.09 > 1.5x ATR 0.59|orb_invalid|no_trade|||
KOSS|2024-07-05|09:30|DISC_2024|30.76|10.63|98378471|100.0|8613743|164.43|603811||extended,adv_too_low|False|False|False|True|CS|CS|filled|settled|14.38|11.9|0.0|stop_hit|filled|settled|0.0|settled|0.0
MDWD|2024-07-05|09:30|DISC_2024|41.35|14.51|134704644|100.0|721367|0.0|948059||adv_too_low|True|False|False|True|CS|CS|filled|settled|21.055|19.384999999999998|0.0|stop_hit|filled|settled|0.0|settled|0.0
BYRN|2024-07-09|09:55|DISC_2024|15.03|10.31|234829787|100.0|353264|8.53|2159071|6.1||True|True|False|True|CS|CS|window_out_of_orb|no_trade||||window_out_of_orb|window_out_of_orb|no_trade|||
ZAPP|2024-07-09|09:55|DISC_2024|34.69|9.24|28921791|92.3|11233666|386.32|3212626|13.61|extended|False|False|False|True|untyped_today|CS|window_out_of_orb|no_trade||||window_out_of_orb|window_out_of_orb|no_trade|||
AEHR|2024-07-10|09:55|DISC_2024|30.54|12.41|358831787|100.0|1291121|15.87|9553072|6.06||True|True|False|True|CS|CS|window_out_of_orb|no_trade||||window_out_of_orb|window_out_of_orb|no_trade|||
SNGX|2024-07-10|09:30|DISC_2024|18.73|7.42|7327168|97.4|4391664|271.0|295253||extended,adv_too_low|False|False|False|True|CS|CS|filled|settled|8.88|7.92|-1.0|stop_hit|filled|settled|-1.0|settled|-1.0
CETU|2024-07-11|09:45|DISC_2024|17.2|6.51|25003667|100.0|164656|0.0|25512||adv_too_low|True|False|False|True|untyped_today|CS|window_out_of_orb|no_trade||||window_out_of_orb|window_out_of_orb|no_trade|||
NISN|2024-07-12|09:45|DISC_2024|51.83|6.02|24185928|100.0|178165|76.54|131415||extended,adv_too_low|False|False|False|True|untyped_today|CS|window_out_of_orb|no_trade||||window_out_of_orb|window_out_of_orb|no_trade|||
PHUN|2024-07-15|09:30|DISC_2024|28.47|5.83|48226291|100.0|3578330|7.37|1230106|8.09||True|True|False|True|CS|CS|no_entry|no_trade||||never_crossed_orb_high|no_entry|no_trade|||
AEHR|2024-07-17|09:50|DISC_2024|19.18|16.84|488275800|100.0|1845610|35.7|11284228|6.62|cooldown|True|False|False|False|CS|CS|window_out_of_orb|no_trade||||window_out_of_orb|window_out_of_orb|no_trade|||
LCFY|2024-07-17|09:30|DISC_2024|32.29|5.45|6955552|100.0|3120080|139.04|13870||extended,adv_too_low|False|False|False|True|CS|CS|filled|settled|7.7|6.3999999999999995|-1.0|stop_hit|filled|settled|-1.0|settled|-1.0
CHUY|2024-07-18|09:50|DISC_2024|47.78|25.27|435409277|100.0|414953|7.44|3313915|2.89||True|True|False|True|untyped_today|CS|window_out_of_orb|no_trade||||window_out_of_orb|window_out_of_orb|no_trade|||
NAAS|2024-07-19|09:55|DISC_2024|20.09|8.09|104314313|95.1|4180019|188.93|1147226|16.97|extended,atr_too_high|False|False|False|True|ADRC|ADRC|window_out_of_orb|no_trade||||window_out_of_orb|window_out_of_orb|no_trade|||
SERV|2024-07-22|09:30|DISC_2024|49.54|7.55|280094830|100.0|28460067|229.69|758530||extended,adv_too_low|False|False|False|True|CS|CS|filled|settled|11.76|10.540000000000001|0.0|stop_hit|filled|settled|0.0|settled|0.0
FEIM|2024-07-23|09:30|DISC_2024|30.2|10.1|95822154|100.0|449872|8.95|204910||adv_too_low|True|False|False|True|CS|CS|orb_invalid|no_trade||||setup:stop_too_wide: 0.75 > 1.5x ATR 0.38|orb_invalid|no_trade|||
RGC|2024-07-24|09:30|DISC_2024|22.58|14.9606|194680283|100.0|538712|367.02|4963||extended,adv_too_low|False|False|False|True|CS|CS|filled|settled|0.4918|0.39080000000000004|-1.0|stop_hit|filled|settled|-1.0|settled|-1.0
CMAX|2024-07-26|09:30|DISC_2024|19.68|5.64|21448260|90.2|1943029|256.96|250569||extended,adv_too_low|False|False|False|True|untyped_today|CS|filled|settled|6.98|6.08|0.0|stop_hit|filled|settled|0.0|settled|0.0
CREV|2024-07-26|09:30|DISC_2024|66.29|6.17|11631585|100.0|4270686|2.07|22165||adv_too_low|True|False|False|True|untyped_today|CS|filled|settled|10.26|9.180000000000001|-1.0|stop_hit|filled|settled|-1.0|settled|-1.0
RGC|2024-07-26|09:30|DISC_2024|34.38|9.1086|118528991|100.0|235506|184.34|5554||extended,cooldown,adv_too_low|False|False|False|False|CS|CS|filled|settled|0.355|0.2892|-1.0957|stop_hit|filled|settled|-1.0957|settled|-1.0957
ISPO|2024-07-30|09:30|DISC_2024|27.67|5.24|19262444|100.0|1015968|53.22|23467||extended,adv_too_low|False|False|False|True|untyped_today|CS|filled|settled|6.9|6.0001999999999995|-1.0|stop_hit|filled|settled|-1.0|settled|-1.0
ZVRA|2024-08-05|09:30|DISC_2024|19.05|6.3|263677012|94.9|613617|14.55|3341834|8.62||True|True|False|True|CS|CS|filled|settled|7.94|7.06|-1.0|stop_hit|filled|settled|-1.0|settled|-1.0
INGN|2024-08-07|09:55|DISC_2024|32.39|8.15|192153438|97.5|177635|0.0|1412924|7.06||True|True|False|True|CS|CS|window_out_of_orb|no_trade||||window_out_of_orb|window_out_of_orb|no_trade|||
CMPO|2024-08-08|09:50|DISC_2024|24.23|7.51|215408106|100.0|487580|0.0|2293150|3.87||True|True|False|True|untyped_today|CS|window_out_of_orb|no_trade||||window_out_of_orb|window_out_of_orb|no_trade|||
GAMB|2024-08-15|09:55|DISC_2024|21.74|8.83|320602404|100.0|201238|1.61|1378191|3.39||True|True|False|True|CS|CS|window_out_of_orb|no_trade||||window_out_of_orb|window_out_of_orb|no_trade|||
RILY|2024-08-16|09:30|DISC_2024|24.01|5.04|152688327|100.0|4057674|0.0|16530269|39.65|atr_too_high|True|False|False|True|CS|CS|filled|settled|6.36|5.88|-1.0|stop_hit|filled|settled|-1.0|settled|-1.0
RILYK|2024-08-16|09:55|DISC_2024|19.1|9.37|81519000|90.5|14413|0.0|231580||adv_too_low,pm_shares_floor|True|False|False|True|CS|CS|window_out_of_orb|no_trade||||window_out_of_orb|window_out_of_orb|no_trade|||
RILYN|2024-08-16|09:30|DISC_2024|32.78|7.2|51984000|92.9|44050|0.0|483792||adv_too_low|True|False|False|True|CS|CS|abstain|unscoreable||||entry_window_gaps:2_of_29|abstain|unscoreable|||
RILYT|2024-08-16|09:30|DISC_2024|21.28|7.19|76501600|90.5|20853|0.0|266884||adv_too_low,pm_shares_floor|True|False|False|True|CS|CS|filled|settled|8.75|7.9|-1.0|stop_hit|filled|settled|-1.0|settled|-1.0
RILYZ|2024-08-16|09:30|DISC_2024|21.01|6.9|111917993|90.5|80739|0.0|607814||adv_too_low|True|False|False|True|CS|CS|filled|settled|8.54|7.709599999999998|-1.5414|stop_hit|filled|settled|-1.4681|settled|-1.5414
GOVX|2024-08-19|09:30|DISC_2024|48.02|7.06|37161722|100.0|9902319|278.55|811364||extended,adv_too_low|False|False|False|True|CS|CS|filled|settled|265.25|227.25|-1.0|stop_hit|filled|settled|-1.0|settled|-1.0
TTNP|2024-08-20|09:30|DISC_2024|77.09|5.02|4589455|100.0|2717353|0.0|20905||adv_too_low|True|False|False|True|untyped_today|CS|orb_invalid|no_trade||||setup:stop_too_wide: 0.76 > 1.5x ATR 0.43|orb_invalid|no_trade|||
CRIS|2024-08-22|09:55|DISC_2024|25.11|6.0|35873670|100.0|58910|43.54|126157||adv_too_low|True|False|False|True|CS|CS|window_out_of_orb|no_trade||||window_out_of_orb|window_out_of_orb|no_trade|||
GHSI|2024-08-22|09:30|DISC_2024|21.55|9.05|11621612|100.0|114575|0.56|28201||adv_too_low|True|False|False|True|untyped_today|CS|filled|settled|11.2|10.780000000000001|-1.0|stop_hit|filled|settled|-1.0|settled|-1.0
FFIE|2024-08-23|09:30|DISC_2024|30.6|8.04|99535610|100.0|14101593|168.0|10415627|20.89|extended,atr_too_high|False|False|False|True|untyped_today|CS|filled|settled|10.75|9.25|-1.0|stop_hit|filled|settled|-1.0|settled|-1.0
GDC|2024-08-23|09:30|DISC_2024|16.13|7.75|75609488|95.3|2393570|416.67|92811||extended,adv_too_low|False|False|False|True|CS|CS|filled|settled|2440.0|2060.0|0.0|stop_hit|filled|settled|0.0|settled|0.0
ATRA|2024-09-04|09:30|DISC_2024|20.12|6.81|33471484|100.0|185303|0.0|369888||adv_too_low|True|False|False|True|CS|CS|filled|settled|8.19|8.070200000000002|1.3333|stop_hit|filled|settled|1.3333|settled|1.3333
NTGR|2024-09-12|09:50|DISC_2024|27.24|15.93|456852026|100.0|363975|1.08|2961953|4.0||True|True|False|True|CS|CS|window_out_of_orb|no_trade||||window_out_of_orb|window_out_of_orb|no_trade|||
PLCE|2024-09-12|09:50|DISC_2024|17.8|9.1|115736348|97.6|928118|87.24|1984001|8.14|extended|False|False|False|True|CS|CS|window_out_of_orb|no_trade||||window_out_of_orb|window_out_of_orb|no_trade|||
TIL|2024-09-12|09:55|DISC_2024|18.58|29.65|192841020|92.9|59316|112.85|404209||extended,adv_too_low|False|False|False|True|CS|CS|window_out_of_orb|no_trade||||window_out_of_orb|window_out_of_orb|no_trade|||
IBEX|2024-09-13|09:50|DISC_2024|16.53|16.73|281117503|100.0|85505|1.64|696835||adv_too_low|True|False|False|True|CS|CS|window_out_of_orb|no_trade||||window_out_of_orb|window_out_of_orb|no_trade|||
OMIC|2024-09-13|09:30|DISC_2024|53.98|5.65|14100671|100.0|471770|0.0|40623||adv_too_low|True|False|False|True|untyped_today|CS|filled|settled|9.19|8.249999999999998|5.8582|sma_trail_stop|filled|settled|5.8582|settled|5.8582
TIL|2024-09-13|09:40|DISC_2024|21.18|46.46|302171798|100.0|275990|233.52|464100||extended,cooldown,adv_too_low|False|False|False|False|CS|CS|filled|settled|53.75|45.7177|1.3778|stop_hit|filled|settled|0.0|settled|1.3778
TNON|2024-09-16|09:40|DISC_2024|16.06|7.55|3852169|95.1|1590316|146.73|26814||extended,adv_too_low|False|False|False|True|CS|CS|filled|settled|291.42|266.567|-1.0|stop_hit|chase_cap_skip|no_trade||settled|-1.0
ISPC|2024-09-18|09:40|DISC_2024|21.35|5.2|3405225|100.0|548094|39.78|206669||adv_too_low|True|False|False|True|CS|CS|no_entry|no_trade||||triggered_above_limit_never_filled|chase_cap_skip|no_trade|||
LUNR|2024-09-18|09:30|DISC_2024|55.19|5.4|339789460|100.0|18008610|0.0|52333227|10.5||True|True|False|True|CS|CS|filled|settled|8.4|7.539999999999999|-1.0|stop_hit|filled|settled|-1.0|settled|-1.0
REE|2024-09-18|09:55|DISC_2024|18.04|5.57|60309565|95.1|125752|87.86|52669||extended,adv_too_low|False|False|False|True|CS|CS|window_out_of_orb|no_trade||||window_out_of_orb|window_out_of_orb|no_trade|||
GLMD|2024-09-19|09:30|DISC_2024|31.88|6.9|4441813|100.0|6304360|104.75|321934||extended,adv_too_low|False|False|False|True|CS|CS|filled|settled|72.8|65.12160000000002|1.3333|stop_hit|filled|settled|1.3333|settled|1.3333
GLMD|2024-09-20|09:30|DISC_2024|17.26|8.4|5407424|93.0|1085836|135.96|449126||extended,cooldown,adv_too_low|False|False|False|False|CS|CS|filled|settled|80.08|77.18079999999999|0.0|stop_hit|filled|settled|0.0|settled|0.0
TNON|2024-09-20|09:30|DISC_2024|34.99|5.03|2566412|100.0|4237335|64.38|194413||extended,cooldown,adv_too_low|False|False|False|False|CS|CS|filled|settled|238.35|225.75000000000003|0.0|stop_hit|filled|settled|0.0|settled|0.0
CAPR|2024-09-24|09:30|DISC_2024|41.21|5.97|210964499|100.0|1677087|35.37|737503||adv_too_low|True|False|False|True|CS|CS|filled|settled|8.75|8.11|-1.0|stop_hit|filled|settled|-1.0|settled|-1.0
LWAY|2024-09-24|09:50|DISC_2024|16.63|21.5|318001060|97.6|232980|1.22|2440643|5.95||True|True|False|True|CS|CS|window_out_of_orb|no_trade||||window_out_of_orb|window_out_of_orb|no_trade|||
CAPR|2024-09-25|09:40|DISC_2024|18.79|9.1|321570677|97.6|1093860|106.35|777869||extended,cooldown,adv_too_low|False|False|False|False|CS|CS|no_entry|no_trade||||triggered_above_limit_never_filled|chase_cap_skip|no_trade|||
ELYM|2024-09-25|09:30|DISC_2024|22.1|6.56|439914669|100.0|1351963|0.0|2464373|9.44||True|True|False|True|untyped_today|CS|no_entry|no_trade||||never_crossed_orb_high|no_entry|no_trade|||
USGO|2024-10-01|09:50|DISC_2024|29.27|8.2|101669414|97.6|19825|45.13|57169||adv_too_low,pm_shares_floor|True|False|False|True|CS|CS|window_out_of_orb|no_trade||||window_out_of_orb|window_out_of_orb|no_trade|||
USGO|2024-10-07|09:55|DISC_2024|15.94|10.35|128326638|90.2|30572|80.94|74220||extended,cooldown,adv_too_low|False|False|False|False|CS|CS|window_out_of_orb|no_trade||||window_out_of_orb|window_out_of_orb|no_trade|||
YYAI|2024-10-07|09:45|DISC_2024|22.37|7.42|47751069|100.0|106447|13.11|||adv_no_data|True|False|False|True|CS|CS|window_out_of_orb|no_trade||||window_out_of_orb|window_out_of_orb|no_trade|||
LASE|2024-10-09|09:30|DISC_2024|18.41|7.93|121094486|97.6|4044622|83.56|18650446|48.15|extended,atr_too_high|False|False|False|True|CS|CS|filled|settled|9.6599|7.860299999999999|-1.0|stop_hit|filled|settled|-1.0|settled|-1.0002
JSPR|2024-10-14|09:45|DISC_2024|17.65|15.01|226730553|100.0|363447|1.97|3591917|9.27||True|True|False|True|CS|CS|window_out_of_orb|no_trade||||window_out_of_orb|window_out_of_orb|no_trade|||
VERB|2024-10-14|09:30|DISC_2024|76.99|7.91|5758369|100.0|6564638|51.82|808091||extended,adv_too_low|False|False|False|True|untyped_today|CS|filled|settled|14.63|12.87|-1.0|stop_hit|filled|settled|-1.0|settled|-1.0
WAVE|2024-10-14|09:55|DISC_2024|19.55|6.6|36625750|90.2|28732|27.66|148370||adv_too_low|True|False|False|True|ADRC|ADRC|window_out_of_orb|no_trade||||window_out_of_orb|window_out_of_orb|no_trade|||
WAVE|2024-10-15|09:50|DISC_2024|18.0|8.73|48445878|97.6|38024|68.86|159071||extended,cooldown,adv_too_low|False|False|False|False|ADRC|ADRC|window_out_of_orb|no_trade||||window_out_of_orb|window_out_of_orb|no_trade|||
BDRX|2024-10-16|09:30|DISC_2024|69.26|5.01|2910008|100.0|4196687|4.59|99740||adv_too_low|True|False|False|True|ADRC|ADRC|filled|settled|452.0|383.0|-1.0|stop_hit|filled|settled|-1.0|settled|-1.0
PHUN|2024-10-16|09:30|DISC_2024|15.21|5.39|61118045|97.6|781382|51.83|1098511|9.86|extended|False|False|False|True|CS|CS|filled|unscoreable|6.61|5.749999999999999||fwd_stop_and_breakeven_same_day:2024-10-21|filled|unscoreable||abstain|
PHUN|2024-10-17|09:55|DISC_2024|17.07|6.34|71890243|95.2|1962576|78.59|1098511|9.5|extended,cooldown|False|False|False|False|CS|CS|window_out_of_orb|no_trade||||window_out_of_orb|window_out_of_orb|no_trade|||
PIXY|2024-10-17|09:30|DISC_2024|138.36|5.5|2750248|100.0|6195471|0.0|102789||adv_too_low|True|False|False|True|untyped_today|CS|filled|settled|13.76|11.25|-1.0|stop_hit|filled|settled|-1.0|settled|-1.0
DRUG|2024-10-18|09:30|DISC_2024|59.45|21.7|96865263|93.0|3254489|1958.04|7580||extended,adv_too_low|False|False|False|True|CS|CS|filled|settled|39.42|29.6|1.5255|stop_hit|filled|settled|1.5255|settled|1.5255
PEGY|2024-10-18|09:30|DISC_2024|49.55|5.51|1706794|100.0|6051922|8.68|1403387|19.24|atr_too_high|True|False|False|True|untyped_today|CS|filled|settled|8.8|7.48|0.0|stop_hit|filled|settled|0.0|settled|0.0
SOBR|2024-10-18|09:30|DISC_2024|89.94|7.95|18607937|100.0|2126307|21.37|624892||adv_too_low|True|False|False|True|CS|CS|filled|settled|157.5|144.5|0.0|stop_hit|filled|settled|0.0|settled|0.0
DRUG|2024-10-21|09:30|DISC_2024|22.11|47.21|210737745|90.2|1321432|4271.7|7580||extended,cooldown,adv_too_low|False|False|False|False|CS|CS|filled|settled|58.5|52.16|-1.0|stop_hit|filled|settled|-1.0|settled|-1.0
LTBR|2024-10-21|09:30|DISC_2024|32.74|7.01|102317455|100.0|2179992|121.14|890832||extended,adv_too_low|False|False|False|True|CS|CS|filled|settled|9.4|7.479999999999999|-1.0|stop_hit|filled|settled|-1.0|settled|-1.0
ARQQ|2024-10-22|09:55|DISC_2024|26.41|7.08|48323506|90.2|125238|74.38|546631||extended,adv_too_low|False|False|False|True|CS|CS|window_out_of_orb|no_trade||||window_out_of_orb|window_out_of_orb|no_trade|||
PHUN|2024-10-22|09:50|DISC_2024|21.0|8.41|95362294|92.7|3223496|78.94|1383837|10.49|extended,cooldown|False|False|True|False|CS|CS|window_out_of_orb|no_trade||||window_out_of_orb|window_out_of_orb|no_trade|||
PHUN|2024-10-23|09:30|DISC_2024|21.13|11.64|131987764|100.0|7559719|147.66|1840022|10.52|extended,cooldown|False|False|True|False|CS|CS|filled|settled|14.37|12.97|-1.0|stop_hit|filled|settled|-1.0|settled|-1.0
PIXY|2024-10-23|09:35|DISC_2024|15.26|8.19|4095369|90.2|208714|48.91|179242||cooldown,adv_too_low|True|False|False|False|untyped_today|CS|abstain|unscoreable||||entry_window_gaps:8_of_25|abstain|unscoreable|||
AMIX|2024-10-28|09:30|DISC_2024|149.29|7.71|8880733|100.0|6426788|0.0|42579||adv_too_low|True|False|False|True|CS|CS|orb_invalid|no_trade||||setup:stop_too_wide: 46.83 > 1.5x ATR 20.63|orb_invalid|no_trade|||
ASPI|2024-10-30|09:30|DISC_2024|48.44|5.76|394036508|100.0|18699749|21.26|4925226|10.0||True|True|False|True|CS|CS|filled|settled|9.22|7.839999999999998|-1.0|stop_hit|filled|settled|-1.0|settled|-1.0
AMIX|2024-10-31|09:30|DISC_2024|51.27|10.24|11794903|100.0|2032968|32.81|43535||cooldown,adv_too_low|True|False|False|False|CS|CS|filled|settled|341.0379|283.0821|-1.0|stop_hit|filled|settled|-1.0|settled|-1.0
JAKK|2024-10-31|09:55|DISC_2024|16.5|27.46|301835460|100.0|78515|10.1|1412084|2.83||True|True|False|True|CS|CS|window_out_of_orb|no_trade||||window_out_of_orb|window_out_of_orb|no_trade|||
ASPI|2024-11-01|09:55|DISC_2024|17.65|6.99|478179721|95.3|2666185|47.16|10597881|12.59|cooldown|True|False|False|False|CS|CS|window_out_of_orb|no_trade||||window_out_of_orb|window_out_of_orb|no_trade|||
ELWS|2024-11-07|09:40|DISC_2024|17.41|6.09|18363664|93.0|565476|204.36|26157||extended,adv_too_low|False|False|False|True|untyped_today|ADRC|filled|settled|6.98|5.749999999999999|-1.0|stop_hit|filled|settled|-1.0|settled|-1.0
BTCT|2024-11-13|09:30|DISC_2024|114.57|10.5|27413242|100.0|8667138|532.53|74090||extended,adv_too_low|False|False|False|True|CS|CS|orb_invalid|no_trade||||setup:stop_too_wide: 2.20 > 1.5x ATR 1.32|orb_invalid|no_trade|||
DSP|2024-11-13|09:50|DISC_2024|18.64|13.52|219894891|100.0|101001|13.14|799353||adv_too_low|True|False|False|True|CS|CS|window_out_of_orb|no_trade||||window_out_of_orb|window_out_of_orb|no_trade|||
LXEO|2024-11-13|09:55|DISC_2024|25.49|7.69|254239121|100.0|485833|0.0|1811495|8.05||True|True|False|True|CS|CS|window_out_of_orb|no_trade||||window_out_of_orb|window_out_of_orb|no_trade|||
SPIR|2024-11-13|09:50|DISC_2024|22.48|11.79|286704032|100.0|691004|12.29|1498987|5.59||True|True|False|True|CS|CS|window_out_of_orb|no_trade||||window_out_of_orb|window_out_of_orb|no_trade|||
VTSI|2024-11-13|09:50|DISC_2024|24.36|6.65|74285640|100.0|151415|8.13|404899||adv_too_low|True|False|False|True|CS|CS|window_out_of_orb|no_trade||||window_out_of_orb|window_out_of_orb|no_trade|||
BTCT|2024-11-14|09:30|DISC_2024|37.11|17.65|46080355|95.3|6462938|963.25|74090||extended,cooldown,adv_too_low|False|False|False|False|CS|CS|filled|settled|24.4367|22.4633|-1.0|stop_hit|filled|settled|-1.0|settled|-1.0
FCEL|2024-11-15|09:30|DISC_2024|17.83|7.01|142835445|90.9|1109191|22.98|10641401|20.36|atr_too_high|True|False|False|True|CS|CS|filled|settled|8.3|7.5|-1.0|stop_hit|filled|settled|-1.0|settled|-1.0
CYBN|2024-11-18|09:30|DISC_2024|15.17|11.6|231917130|100.0|356210|10.48|1467626|8.89||True|True|False|True|untyped_today|CS|filled|settled|13.4|12.6|-1.0|stop_hit|filled|settled|-1.0|settled|-1.0
PULM|2024-11-18|09:45|DISC_2024|15.57|6.56|23958990|92.9|46697|220.0|37433||extended,adv_too_low|False|False|False|True|CS|CS|window_out_of_orb|no_trade||||window_out_of_orb|window_out_of_orb|no_trade|||
RGNX|2024-11-18|09:30|DISC_2024|15.37|9.63|477119034|97.6|632343|0.0|4721943|9.11||True|True|False|True|CS|CS|filled|settled|11.24|9.799999999999999|-1.0|stop_hit|filled|settled|-1.0|settled|-1.0
BKKT|2024-11-19|09:40|DISC_2024|23.53|29.71|192413428|100.0|2778804|162.46|1248487|8.66|extended|False|False|False|True|CS|CS|filled|settled|34.07|30.78000000000001|-1.0|stop_hit|chase_cap_skip|no_trade||settled|-1.0
BKKT|2024-11-20|09:35|DISC_2024|18.64|29.5|191053387|95.2|303997|160.6|1260110|10.74|extended,cooldown|False|False|False|False|CS|CS|filled|settled|33.05|29.810200000000002|-1.0|stop_hit|chase_cap_skip|no_trade||settled|-1.0
JG|2024-11-21|09:30|DISC_2024|20.41|7.4|44294054|100.0|39866|72.9|78982||extended,adv_too_low|False|False|False|True|ADRC|ADRC|filled|settled|8.91|8.27|-1.0|stop_hit|filled|settled|-1.0|settled|-1.0
SMLR|2024-11-21|09:50|DISC_2024|22.27|59.27|430670163|97.7|593034|33.25|14125643|11.83||True|True|False|True|untyped_today|CS|window_out_of_orb|no_trade||||window_out_of_orb|window_out_of_orb|no_trade|||
ARQQ|2024-11-22|09:30|DISC_2024|15.75|10.67|72826527|100.0|280015|45.37|1088778|12.56|cooldown|True|False|False|False|CS|CS|filled|settled|13.2|11.14|4.2848|stop_hit|filled|settled|4.2848|settled|4.2848
JTAI|2024-11-22|09:30|DISC_2024|32.02|6.09|4754463|100.0|6254765|13.83|2433310|33.04|atr_too_high|True|False|False|True|CS|CS|filled|unscoreable|1640.8|1523.2||day0_fill_bar_straddles_stop|filled|unscoreable||excluded|
ARQQ|2024-11-25|09:50|DISC_2024|33.82|12.92|88183574|100.0|420791|76.02|1033431|11.82|extended,cooldown|False|False|True|False|CS|CS|window_out_of_orb|no_trade||||window_out_of_orb|window_out_of_orb|no_trade|||
QMCO|2024-11-25|09:30|DISC_2024|49.62|9.13|44266641|100.0|2988400|208.45|225317||extended,adv_too_low|False|False|False|True|CS|CS|orb_invalid|no_trade||||setup:stop_too_wide: 1.94 > 1.5x ATR 1.13|orb_invalid|no_trade|||
PGHL|2024-11-26|09:50|DISC_2024|98.77|10.54|252960000|100.0|389876|5.61|1029788|17.79|atr_too_high|True|False|False|True|untyped_today|CS|window_out_of_orb|no_trade||||window_out_of_orb|window_out_of_orb|no_trade|||
SMTK|2024-11-26|09:30|DISC_2024|41.07|5.43|9667963|100.0|3770976|152.56|21140||extended,adv_too_low|False|False|False|True|CS|CS|abstain|unscoreable||||entry_window_gaps:4_of_29|abstain|unscoreable|||
ZENA|2024-11-26|09:30|DISC_2024|89.88|6.42|113402103|100.0|27343754|342.76|774759||extended,adv_too_low|False|False|False|True|CS|CS|orb_invalid|no_trade||||setup:stop_too_wide: 1.16 > 1.5x ATR 0.60|orb_invalid|no_trade|||
QMCO|2024-11-27|09:30|DISC_2024|33.2|17.23|83539345|92.9|1352018|482.09|243026||extended,cooldown,adv_too_low|False|False|False|False|CS|CS|abstain|unscoreable||||entry_window_gaps:4_of_29|abstain|unscoreable|||
UMAC|2024-11-27|09:30|DISC_2024|89.53|5.36|44490573|100.0|6309049|98.52|443656||extended,adv_too_low|False|False|False|True|CS|CS|filled|settled|11.1|9.218000000000002|-1.0|stop_hit|filled|settled|-1.0|settled|-1.0
HURA|2024-11-29|09:50|DISC_2024|21.78|5.05|213536846|90.0|148312|67.22|276459||extended,adv_too_low|False|False|False|True|CS|CS|window_out_of_orb|no_trade||||window_out_of_orb|window_out_of_orb|no_trade|||
SOS|2024-11-29|09:30|DISC_2024|28.4|9.93|13080898|100.0|450389|42.88|341509||adv_too_low|True|False|False|True|CS|ADRC|filled|settled|12.81|12.650200000000002|0.0|stop_hit|chase_cap_skip|no_trade||settled|0.0
UMAC|2024-11-29|09:30|DISC_2024|44.08|9.89|82091747|100.0|10257027|243.4|527605||extended,cooldown,adv_too_low|False|False|False|False|CS|CS|filled|settled|14.7|12.8|-1.0|stop_hit|filled|settled|-1.0|settled|-1.0
BGM|2024-12-02|09:55|DISC_2024|19.39|8.82|240137554|100.0|68907|26.0|74765||adv_too_low|True|False|False|True|CS|CS|window_out_of_orb|no_trade||||window_out_of_orb|window_out_of_orb|no_trade|||
UMAC|2024-12-02|09:30|DISC_2024|18.37|18.73|155467990|97.6|5498875|325.68|659882||extended,cooldown,adv_too_low|False|False|True|False|CS|CS|filled|settled|23.5|18.08|-1.0|stop_hit|filled|settled|-1.0|settled|-1.0
CCRN|2024-12-04|09:55|DISC_2024|63.08|11.16|367349781|95.1|1308080|4.69|5981675|5.12||True|True|False|True|CS|CS|window_out_of_orb|no_trade||||window_out_of_orb|window_out_of_orb|no_trade|||
NNOX|2024-12-05|09:31|DISC_2024|16.08|6.28|367517746|100.0|4981454|4.41|8626150|7.26||True|True|False|True|CS|CS|filled|settled|7.3176|6.8824|-1.0|stop_hit|filled|settled|-1.0|settled|-1.0
NNOX|2024-12-06|09:50|DISC_2024|16.0|6.24|365176868|93.0|1547907|3.74|9094081|8.76|cooldown|True|False|False|False|CS|CS|window_out_of_orb|no_trade||||window_out_of_orb|window_out_of_orb|no_trade|||
ANGO|2024-12-09|09:35|DISC_2024|17.29|7.0|284439743|100.0|820492|1.01|2306795|3.03||True|True|False|True|CS|CS|no_entry|no_trade||||triggered_above_limit_never_filled|chase_cap_skip|no_trade|||
QURE|2024-12-10|09:30|DISC_2024|88.07|7.295|355581206|100.0|13853466|15.98|5155006|7.29||True|True|False|True|CS|CS|filled|settled|13.9872|13.3728|0.0|stop_hit|filled|settled|0.0|settled|0.0
FEIM|2024-12-11|09:30|DISC_2024|27.99|12.79|122360881|92.7|37443|0.0|344339||adv_too_low|True|False|False|True|CS|CS|filled|settled|16.37|16.029999999999998|0.0|stop_hit|filled|settled|0.0|settled|0.0
APVO|2024-12-12|09:31|DISC_2024|22.53|10.01|5008273|100.0|1424975|15.12|437114||adv_too_low|True|False|False|True|CS|CS|filled|settled|4759.2|3506.4000000000005|-1.0|stop_hit|filled|settled|-1.0|settled|-1.0
CADL|2024-12-12|09:55|DISC_2024|16.26|7.75|251685412|97.6|1686626|74.94|2556545|16.03|extended,atr_too_high|False|False|False|True|CS|CS|window_out_of_orb|no_trade||||window_out_of_orb|window_out_of_orb|no_trade|||
WKEY|2024-12-16|09:31|DISC_2024|15.94|7.84|76753772|100.0|6361599|280.58|152299||extended,adv_too_low|False|False|False|True|ADRC|ADRC|filled|settled|9.3|8.7|1.3333|stop_hit|filled|settled|1.3333|settled|1.3333
EHTH|2024-12-17|09:50|DISC_2024|26.01|5.46|161799947|100.0|518341|0.0|812225||adv_too_low|True|False|False|True|CS|CS|window_out_of_orb|no_trade||||window_out_of_orb|window_out_of_orb|no_trade|||
MITK|2024-12-17|09:50|DISC_2024|19.07|9.49|426265718|100.0|590410|8.09|3336586|3.31||True|True|False|True|CS|CS|window_out_of_orb|no_trade||||window_out_of_orb|window_out_of_orb|no_trade|||
MNTS|2024-12-17|09:50|DISC_2024|16.07|7.84|17113262|100.0|2304450|50.13|809098||extended,adv_too_low|False|False|False|True|CS|CS|window_out_of_orb|no_trade||||window_out_of_orb|window_out_of_orb|no_trade|||
NUKK|2024-12-18|09:30|DISC_2024|53.96|11.88|38288420|97.6|4491658|754.68|118006||extended,adv_too_low|False|False|False|True|untyped_today|CS|filled|settled|19.73|16.27|4.0451|stop_hit|filled|settled|4.0451|settled|4.0443
NUKK|2024-12-19|09:30|DISC_2024|42.69|50.79|163692665|95.2|3545045|3553.96|118006||extended,cooldown,adv_too_low|False|False|False|False|untyped_today|CS|orb_invalid|no_trade||||setup:stop_too_wide: 9.49 > 1.5x ATR 5.29|orb_invalid|no_trade|||
DRCT|2024-12-24|09:30|DISC_2024|17.55|5.5|83067594|100.0|10806946|900.0|177342||extended,adv_too_low|False|False|False|True|CS|CS|orb_invalid|no_trade||||setup:stop_too_wide: 171.60 > 1.5x ATR 104.09|orb_invalid|no_trade|||
CYD|2024-12-26|09:30|DISC_2024|30.75|9.79|367304372|100.0|101799|12.01|146579||adv_too_low|True|False|False|True|CS|CS|abstain|unscoreable||||entry_window_gaps:2_of_29|abstain|unscoreable|||
PDYN|2024-12-27|09:55|DISC_2024|50.62|7.29|219519389|100.0|11399047|132.91|15408815|14.65|extended|False|False|False|True|CS|CS|window_out_of_orb|no_trade||||window_out_of_orb|window_out_of_orb|no_trade|||
HOLO|2024-12-31|09:45|DISC_2024|18.25|6.41|131688309|97.5|13421331|393.08|6991212|9.2|extended|False|False|False|True|CS|CS|window_out_of_orb|no_trade||||window_out_of_orb|window_out_of_orb|no_trade|||
BDMD|2025-01-03|09:50|HELD_A_2025-0605|16.99|5.12|183186560|95.1|143590|387.62|59596||extended,adv_too_low|False|False|False|True|CS|CS|window_out_of_orb|no_trade||||window_out_of_orb|window_out_of_orb|no_trade|||
CRNC|2025-01-03|09:30|HELD_A_2025-0605|36.07|7.93|340898163|100.0|8701218|1.02|14041292|10.75||True|True|False|True|CS|CS|filled|settled|10.8|9.9802|3.0577|stop_hit|filled|settled|3.0577|settled|3.0573
SPCB|2025-01-03|09:30|HELD_A_2025-0605|21.22|7.68|15140705|97.6|2005504|119.43|320973||extended,adv_too_low|False|False|False|True|CS|CS|filled|settled|9.5|8.54|-1.0|stop_hit|filled|settled|-1.0|settled|-1.0
BDMD|2025-01-06|09:55|HELD_A_2025-0605|19.2|6.04|216102895|92.3|117952|475.24|59596||extended,cooldown,adv_too_low|False|False|False|False|CS|CS|window_out_of_orb|no_trade||||window_out_of_orb|window_out_of_orb|no_trade|||
ANGO|2025-01-08|09:55|HELD_A_2025-0605|25.16|9.4|381961941|94.9|628146|4.68|4425213|4.56|cooldown|True|False|False|False|CS|CS|window_out_of_orb|no_trade||||window_out_of_orb|window_out_of_orb|no_trade|||
LFVN|2025-01-08|09:55|HELD_A_2025-0605|30.54|16.45|206040017|100.0|132494|0.0|1434255|8.7||True|True|False|True|CS|CS|window_out_of_orb|no_trade||||window_out_of_orb|window_out_of_orb|no_trade|||
SAGE|2025-01-13|09:50|HELD_A_2025-0605|36.22|5.55|339511610|100.0|1855296|0.0|6537377|7.71||True|True|False|True|untyped_today|CS|window_out_of_orb|no_trade||||window_out_of_orb|window_out_of_orb|no_trade|||
XXII|2025-01-14|09:50|HELD_A_2025-0605|30.83|6.0|3321096|92.1|133489|22.7|516500||adv_too_low|True|False|False|True|CS|CS|window_out_of_orb|no_trade||||window_out_of_orb|window_out_of_orb|no_trade|||
XXII|2025-01-15|09:30|HELD_A_2025-0605|21.57|6.35|3514827|94.7|823476|29.86|554829||cooldown,adv_too_low|True|False|False|False|CS|CS|filled|settled|55770.63|50922.0|-1.0|stop_hit|filled|settled|-1.0|settled|-1.0
DOYU|2025-01-16|09:30|HELD_A_2025-0605|30.51|12.29|388801204|100.0|627359|17.27|707210||adv_too_low|True|False|False|True|ADRC|ADRC|no_entry|no_trade||||never_crossed_orb_high|no_entry|no_trade|||
VATE|2025-01-21|09:30|HELD_A_2025-0605|45.4|5.11|67765647|100.0|2571430|7.81|118157||adv_too_low|True|False|False|True|CS|CS|filled|unscoreable|7.48|7.02||day0_fill_bar_straddles_stop|filled|unscoreable||excluded|
NTRB|2025-01-22|09:30|HELD_A_2025-0605|26.49|5.21|57863224|100.0|67588|27.94|80479||adv_too_low|True|False|False|True|CS|CS|filled|settled|7.0|6.1|1.6|sma_trail_stop|filled|settled|1.6|settled|1.6
NTRB|2025-01-23|09:50|HELD_A_2025-0605|20.38|7.34|81519398|97.4|146448|80.24|80479||extended,cooldown,adv_too_low|False|False|False|False|CS|CS|window_out_of_orb|no_trade||||window_out_of_orb|window_out_of_orb|no_trade|||
DWTX|2025-01-24|09:30|HELD_A_2025-0605|31.01|13.35|17784576|97.4|1970453|613.9|64674||extended,adv_too_low|False|False|False|True|CS|CS|filled|settled|17.7|15.3|-1.0|stop_hit|filled|settled|-1.0|settled|-1.0
RNAZ|2025-01-24|09:30|HELD_A_2025-0605|18.55|5.5|3829370|100.0|2086312|72.41|332012||extended,adv_too_low|False|False|False|True|CS|CS|filled|settled|184.8|165.76|-0.0147|stop_hit|filled|settled|-0.0147|settled|-0.0147
AIXI|2025-01-27|09:30|HELD_A_2025-0605|20.16|5.06|53364511|100.0|249934|0.4|466908||adv_too_low|True|False|False|True|ADRC|ADRC|filled|settled|851.2|775.5999999999999|-1.0|stop_hit|filled|settled|-1.0|settled|-1.0
LGTY|2025-01-27|09:55|HELD_A_2025-0605|25.0|11.32|381258268|100.0|390783|2.72|1846371|3.09||True|True|False|True|untyped_today|CS|window_out_of_orb|no_trade||||window_out_of_orb|window_out_of_orb|no_trade|||
BKSY|2025-01-28|09:50|HELD_A_2025-0605|20.36|13.16|405050771|100.0|1590635|12.57|11047740|9.15||True|True|False|True|CS|CS|window_out_of_orb|no_trade||||window_out_of_orb|window_out_of_orb|no_trade|||
RNAZ|2025-01-28|09:50|HELD_A_2025-0605|53.0|6.83|4755381|92.1|451630|95.7|332012||extended,cooldown,adv_too_low|False|False|False|False|CS|CS|window_out_of_orb|no_trade||||window_out_of_orb|window_out_of_orb|no_trade|||
NVNI|2025-01-29|09:55|HELD_A_2025-0605|17.08|5.22|188864726|92.1|10383879|260.0|1148297|18.87|extended,atr_too_high|False|False|False|True|CS|CS|window_out_of_orb|no_trade||||window_out_of_orb|window_out_of_orb|no_trade|||
PACK|2025-01-29|09:30|HELD_A_2025-0605|22.13|5.74|477954687|100.0|2740069|0.0|1106821|4.36||True|True|False|True|CS|CS|filled|settled|7.3|6.6000000000000005|0.0|stop_hit|filled|settled|0.0|settled|0.0
TECX|2025-01-30|09:30|HELD_A_2025-0605|92.46|25.72|379439161|100.0|793850|5.24|5959699|20.76|atr_too_high|True|False|False|True|CS|CS|filled|settled|53.2699|44.7301|-1.0|stop_hit|filled|settled|-1.0|settled|-1.0
BCTX|2025-02-03|09:30|HELD_A_2025-0605|44.22|5.02|14793639|100.0|2996777|0.0|201137||adv_too_low|True|False|False|True|CS|CS|abstain|unscoreable||||entry_window_gaps:5_of_29|abstain|unscoreable|||
ACON|2025-02-04|09:30|HELD_A_2025-0605|19.4|6.65|6755642|100.0|4842484|0.0|3912129|82.49|atr_too_high|True|False|False|True|CS|CS|filled|settled|217.89|206.03160000000003|0.0|stop_hit|filled|settled|0.0|settled|0.0
QNTM|2025-02-06|09:30|HELD_A_2025-0605|34.15|8.58|16468555|94.9|3577076|194.85|166302||extended,adv_too_low|False|False|False|True|CS|CS|filled|settled|11.77|10.629999999999999|1.3333|stop_hit|filled|settled|1.3333|settled|1.3333
RNAZ|2025-02-06|09:55|HELD_A_2025-0605|40.38|8.94|6224466|97.4|3503441|45.13|1423391|34.1|cooldown,atr_too_high|True|False|True|False|CS|CS|window_out_of_orb|no_trade||||window_out_of_orb|window_out_of_orb|no_trade|||
MPAA|2025-02-10|09:50|HELD_A_2025-0605|20.99|5.75|112606338|100.0|88157|1.59|305193||adv_too_low|True|False|False|True|CS|CS|window_out_of_orb|no_trade||||window_out_of_orb|window_out_of_orb|no_trade|||
YOSH|2025-02-10|09:50|HELD_A_2025-0605|20.64|6.59|9506635|92.1|51884|84.99|89523||extended,adv_too_low|False|False|False|True|untyped_today|CS|window_out_of_orb|no_trade||||window_out_of_orb|window_out_of_orb|no_trade|||
DOMH|2025-02-11|09:30|HELD_A_2025-0605|69.32|6.16|38661010|100.0|5634314|119.22|407654||extended,adv_too_low|False|False|False|True|CS|CS|abstain|unscoreable||||entry_window_gaps:4_of_29|abstain|unscoreable|||
AIFF|2025-02-12|09:30|HELD_A_2025-0605|27.74|8.4|67800768|97.4|15857242|170.97|723577||extended,adv_too_low|False|False|False|True|CS|CS|filled|settled|11.19|9.950000000000001|0.0|stop_hit|filled|settled|0.0|settled|0.0
ANAB|2025-02-12|09:45|HELD_A_2025-0605|26.18|12.375|376554940|100.0|2921334|0.0|10150546|10.38||True|True|False|True|CS|CS|window_out_of_orb|no_trade||||window_out_of_orb|window_out_of_orb|no_trade|||
AIFF|2025-02-13|09:30|HELD_A_2025-0605|29.14|12.97|104687614|94.9|13052973|318.39|724581||extended,cooldown,adv_too_low|False|False|False|False|CS|CS|no_entry|no_trade||||never_crossed_orb_high|no_entry|no_trade|||
DOMH|2025-02-13|09:30|HELD_A_2025-0605|20.67|6.87|43117068|92.3|770009|144.48|548439||extended,cooldown,adv_too_low|False|False|False|False|CS|CS|filled|settled|8.29|8.05|0.0|stop_hit|filled|settled|0.0|settled|0.0
OPRT|2025-02-13|09:50|HELD_A_2025-0605|24.87|5.91|212619490|94.9|255331|27.92|1103877|6.02||True|True|False|True|CS|CS|window_out_of_orb|no_trade||||window_out_of_orb|window_out_of_orb|no_trade|||
LUNG|2025-02-20|09:55|HELD_A_2025-0605|27.86|6.64|262199517|100.0|299542|0.0|1156718|6.09||True|True|False|True|CS|CS|window_out_of_orb|no_trade||||window_out_of_orb|window_out_of_orb|no_trade|||
BRDG|2025-02-24|09:50|HELD_A_2025-0605|36.62|7.92|330760386|100.0|367301|0.0|866673||adv_too_low|True|False|False|True|untyped_today|CS|window_out_of_orb|no_trade||||window_out_of_orb|window_out_of_orb|no_trade|||
MLGO|2025-02-24|09:30|HELD_A_2025-0605|17.85|6.36|63427256|97.4|16458083|453.04|2221535|13.62|extended|False|False|False|True|CS|CS|abstain|unscoreable||||entry_window_gaps:16_of_29|abstain|unscoreable|||
RILY|2025-02-27|09:30|HELD_A_2025-0605|23.23|5.64|172003452|100.0|4217561|83.12|2976248|12.17|extended|False|False|False|True|CS|CS|filled|settled|6.9599|6.2801|-1.0|stop_hit|filled|settled|-1.0|settled|-1.0
OCFT|2025-03-03|09:30|HELD_A_2025-0605|20.0|5.5|214496452|100.0|136711|48.74|175998||adv_too_low|True|False|False|True|untyped_today|ADRC|filled|settled|6.6|6.200000000000001|-1.0|stop_hit|filled|settled|-1.0|settled|-1.0
JFIN|2025-03-04|09:55|HELD_A_2025-0605|29.56|7.07|374939676|94.9|172172|0.0|1000283|12.49||True|True|False|True|ADRC|ADRC|window_out_of_orb|no_trade||||window_out_of_orb|window_out_of_orb|no_trade|||
CDXC|2025-03-05|09:50|HELD_A_2025-0605|37.86|5.6|427746295|100.0|736543|2.94|1987345|5.38||True|True|False|True|untyped_today|CS|window_out_of_orb|no_trade||||window_out_of_orb|window_out_of_orb|no_trade|||
GENK|2025-03-07|09:50|HELD_A_2025-0605|37.92|5.09|25007496|100.0|240587|0.0|370531||adv_too_low|True|False|False|True|CS|CS|window_out_of_orb|no_trade||||window_out_of_orb|window_out_of_orb|no_trade|||
GRPN|2025-03-12|09:50|HELD_A_2025-0605|29.79|9.77|388531816|100.0|1099643|0.0|10630382|7.4||True|True|False|True|CS|CS|window_out_of_orb|no_trade||||window_out_of_orb|window_out_of_orb|no_trade|||
CRVO|2025-03-13|09:30|HELD_A_2025-0605|26.26|6.17|50925582|100.0|26796050|191.04|141364||extended,adv_too_low|False|False|False|True|CS|CS|no_entry|no_trade||||never_crossed_orb_high|no_entry|no_trade|||
OPRX|2025-03-13|09:50|HELD_A_2025-0605|18.07|6.28|115886724|90.2|266317|51.69|592563||extended,adv_too_low|False|False|False|True|CS|CS|window_out_of_orb|no_trade||||window_out_of_orb|window_out_of_orb|no_trade|||
RDUS|2025-03-14|09:50|HELD_A_2025-0605|99.85|13.66|384602545|100.0|721193|7.9|3457502|5.91||True|True|False|True|untyped_today|CS|window_out_of_orb|no_trade||||window_out_of_orb|window_out_of_orb|no_trade|||
CRVO|2025-03-17|09:35|HELD_A_2025-0605|18.01|6.44|53154092|92.5|684613|191.4|168351||extended,cooldown,adv_too_low|False|False|False|False|CS|CS|no_entry|no_trade||||triggered_above_limit_never_filled|chase_cap_skip|no_trade|||
RGC|2025-03-17|09:40|HELD_A_2025-0605|29.81|12.6198|164219766|90.0|32272|213.01|43795||extended,adv_too_low|False|False|False|True|CS|CS|no_entry|no_trade||||triggered_above_limit_never_filled|chase_cap_skip|no_trade|||
RGC|2025-03-18|09:30|HELD_A_2025-0605|51.95|18.4984|240717200|92.5|650133|358.81|46202||extended,cooldown,adv_too_low|False|False|False|False|CS|CS|filled|settled|0.7861|0.6822999999999999|-1.0|stop_hit|filled|settled|-1.0|settled|-1.0
ADTX|2025-03-19|09:30|HELD_A_2025-0605|28.27|7.5|7733265|100.0|5378400|71.62|4783358|48.01|extended,atr_too_high|False|False|False|True|CS|CS|no_entry|no_trade||||never_crossed_orb_high|no_entry|no_trade|||
LSE|2025-03-19|09:30|HELD_A_2025-0605|47.23|7.77|132284250|100.0|4679683|50.87|36922||extended,adv_too_low|False|False|False|True|CS|CS|orb_invalid|no_trade||||setup:stop_too_wide: 1.58 > 1.5x ATR 0.70|orb_invalid|no_trade|||
ADTX|2025-03-20|09:30|HELD_A_2025-0605|16.45|10.03|10341953|95.1|3737278|129.52|5377082|36.65|extended,cooldown,atr_too_high|False|False|False|False|CS|CS|filled|settled|290211.12|266291.28|-1.0|stop_hit|filled|settled|-1.0|settled|-1.0
ELAB|2025-03-21|09:30|HELD_A_2025-0605|15.62|6.4|3692800|100.0|3389910|63.27|388521||extended,adv_too_low|False|False|False|True|CS|CS|filled|settled|6257.916|5653.284000000001|-1.0|stop_hit|filled|settled|-1.0|settled|-1.0
HUHU|2025-03-24|09:40|HELD_A_2025-0605|18.98|5.96|126193541|97.6|58780|39.25|143633||adv_too_low|True|False|False|True|CS|CS|filled|settled|7.2696|6.8504|0.0|stop_hit|filled|settled|0.0|settled|0.0
NUTX|2025-04-01|09:55|HELD_A_2025-0605|43.39|47.03|255702251|100.0|56472|0.0|2210366|11.11||True|True|False|True|CS|CS|window_out_of_orb|no_trade||||window_out_of_orb|window_out_of_orb|no_trade|||
QSG|2025-04-02|09:35|HELD_A_2025-0605|19.76|6.58|336323560|97.6|1250845|143.7|257003||extended,adv_too_low|False|False|False|True|untyped_today|ADRC|filled|settled|7.55|6.609999999999999|-1.0|stop_hit|filled|settled|-1.0|settled|-1.0
NYXH|2025-04-08|09:30|HELD_A_2025-0605|19.44|5.71|213709683|100.0|2052415|0.0|643242||adv_too_low|True|False|False|True|CS|CS|no_entry|no_trade||||never_crossed_orb_high|no_entry|no_trade|||
DXF|2025-04-09|09:30|HELD_A_2025-0605|19.94|6.42|1498524|100.0|1664721|7.0|206348||adv_too_low|True|False|False|True|ADRC|ADRC|no_entry|no_trade||||triggered_above_limit_never_filled|filled|settled|-1.0||
JNVR|2025-04-10|09:55|HELD_A_2025-0605|16.4|27.38|38720960|92.9|28843|584.5|70764||extended,adv_too_low|False|False|False|True|untyped_today|CS|window_out_of_orb|no_trade||||window_out_of_orb|window_out_of_orb|no_trade|||
JNVR|2025-04-11|09:30|HELD_A_2025-0605|30.51|44.97|63596844|90.7|117671|1024.25|72631||extended,cooldown,adv_too_low|False|False|False|False|untyped_today|CS|filled|settled|61.0|53.16|-1.0|stop_hit|filled|settled|-1.0|settled|-1.0
DXF|2025-04-17|09:30|HELD_A_2025-0605|31.24|9.25|2159089|100.0|2050976|62.57|273685||extended,cooldown,adv_too_low|False|False|False|False|ADRC|ADRC|filled|settled|13.05|11.05|-1.0|stop_hit|filled|settled|-1.0|settled|-1.0
HOLO|2025-04-22|09:30|HELD_A_2025-0605|35.82|12.2|252877720|100.0|1514765|0.0|13532864|38.22|atr_too_high|True|False|False|True|CS|CS|no_entry|no_trade||||never_crossed_orb_high|no_entry|no_trade|||
UPXI|2025-04-23|09:30|HELD_A_2025-0605|26.94|9.0|11888316|95.1|2047279|292.16|43737||extended,adv_too_low|False|False|False|True|CS|CS|filled|settled|11.75|9.810199999999998|-1.0|stop_hit|filled|settled|-1.0|settled|-1.0001
BCTX|2025-04-24|09:30|HELD_A_2025-0605|72.19|5.43|20142259|100.0|15554754|44.8|238202||adv_too_low|True|False|False|True|CS|CS|no_entry|no_trade||||never_crossed_orb_high|no_entry|no_trade|||
CEP|2025-04-24|09:30|HELD_A_2025-0605|16.36|16.5|211200000|100.0|1895619|55.66|102730||extended,adv_too_low|False|False|False|True|untyped_today|CS|orb_invalid|no_trade||||setup:stop_too_wide: 1.20 > 1.5x ATR 0.67|orb_invalid|no_trade|||
CEP|2025-04-25|09:30|HELD_A_2025-0605|18.69|24.8|317440000|97.3|2140682|133.96|102730||extended,cooldown,adv_too_low|False|False|False|False|untyped_today|CS|filled|unscoreable|31.77|26.81||fwd_stop_and_breakeven_same_day:2025-04-30|filled|unscoreable||abstain|
UPXI|2025-04-25|09:50|HELD_A_2025-0605|25.77|13.52|17858892|90.7|166988|489.11|44305||extended,cooldown,adv_too_low|False|False|False|False|CS|CS|window_out_of_orb|no_trade||||window_out_of_orb|window_out_of_orb|no_trade|||
PRTG|2025-04-28|09:30|HELD_A_2025-0605|33.85|8.45|13904044|100.0|4894587|0.0|1540816|27.15|atr_too_high|True|False|False|True|untyped_today|CS|no_entry|no_trade||||never_crossed_orb_high|no_entry|no_trade|||
LFMD|2025-04-29|09:30|HELD_A_2025-0605|31.64|6.1|271960497|100.0|3360478|13.07|3097079|5.81||True|True|False|True|CS|CS|no_entry|no_trade||||never_crossed_orb_high|no_entry|no_trade|||
RCKY|2025-04-30|09:55|HELD_A_2025-0605|41.22|13.95|104101205|100.0|91646|8.48|933905||adv_too_low|True|False|False|True|CS|CS|window_out_of_orb|no_trade||||window_out_of_orb|window_out_of_orb|no_trade|||
STSS|2025-04-30|09:30|HELD_A_2025-0605|22.1|5.0|81669485|100.0|7229344|0.0|2798249|62.76|atr_too_high|True|False|False|True|CS|CS|filled|settled|6.16|5.66|0.0|stop_hit|filled|settled|0.0|settled|0.0
ZCAR|2025-05-05|09:50|HELD_A_2025-0605|16.14|7.62|5108677|95.1|312903|105.95|428532||extended,adv_too_low|False|False|False|True|untyped_today|CS|window_out_of_orb|no_trade||||window_out_of_orb|window_out_of_orb|no_trade|||
GPUS|2025-05-08|09:30|HELD_A_2025-0605|24.47|6.17|9440088|92.9|2082688|350.35|176719||extended,adv_too_low|False|False|False|True|CS|CS|filled|settled|38.3885|33.776500000000006|0.0|stop_hit|filled|settled|0.0|settled|0.0
GPUS|2025-05-09|09:30|HELD_A_2025-0605|15.82|7.9|13480243|90.7|1337307|476.63|176719||extended,cooldown,adv_too_low|False|False|False|False|CS|CS|filled|settled|45.5475|40.599500000000006|-1.0|stop_hit|filled|settled|-1.0|settled|-1.0
INHD|2025-05-12|09:55|HELD_A_2025-0605|52.96|5.4|23816603|100.0|135021|0.0|221520||adv_too_low|True|False|False|True|CS|CS|window_out_of_orb|no_trade||||window_out_of_orb|window_out_of_orb|no_trade|||
SOS|2025-05-12|09:55|HELD_A_2025-0605|21.88|5.62|17056099|100.0|17662|24.61|25913||adv_too_low,pm_shares_floor|True|False|False|True|CS|ADRC|window_out_of_orb|no_trade||||window_out_of_orb|window_out_of_orb|no_trade|||
ALZN|2025-05-13|09:30|HELD_A_2025-0605|18.74|5.15|3775238|100.0|4545815|5.97|82850||adv_too_low|True|False|False|True|CS|CS|no_entry|no_trade||||never_crossed_orb_high|no_entry|no_trade|||
HCWB|2025-05-13|09:30|HELD_A_2025-0605|187.91|5.21|5852763|100.0|7907915|0.0|142235||adv_too_low|True|False|False|True|CS|CS|orb_invalid|no_trade||||setup:stop_too_wide: 11.70 > 1.5x ATR 5.82|orb_invalid|no_trade|||
ITOS|2025-05-13|09:30|HELD_A_2025-0605|22.69|6.92|264854661|100.0|2109493|7.45|2986304|7.07||True|True|False|True|untyped_today|CS|no_entry|no_trade||||never_crossed_orb_high|no_entry|no_trade|||
LSEA|2025-05-13|09:30|HELD_A_2025-0605|60.09|7.015|255413063|100.0|2729599|20.95|1142233|6.14||True|True|False|True|untyped_today|CS|filled|unscoreable|11.24|11.22||day0_fill_bar_straddles_stop|filled|unscoreable||excluded|
VERB|2025-05-13|09:30|HELD_A_2025-0605|17.9|5.81|6467361|100.0|727328|13.7|132504||adv_too_low|True|False|False|True|untyped_today|CS|abstain|unscoreable||||entry_window_gaps:4_of_29|abstain|unscoreable|||
SEPN|2025-05-14|09:30|HELD_A_2025-0605|60.77|6.73|299590681|100.0|14312907|4.34|1250546|7.88||True|True|False|True|CS|CS|orb_invalid|no_trade||||setup:stop_too_wide: 1.02 > 1.5x ATR 0.53|orb_invalid|no_trade|||
ISSC|2025-05-15|09:50|HELD_A_2025-0605|37.69|7.35|128958058|100.0|276950|10.36|308471||adv_too_low|True|False|False|True|CS|CS|window_out_of_orb|no_trade||||window_out_of_orb|window_out_of_orb|no_trade|||
TSSI|2025-05-16|09:30|HELD_A_2025-0605|46.56|8.87|221931817|100.0|2768572|27.63|4954113|7.72||True|True|False|True|CS|CS|filled|settled|13.7|12.080000000000002|0.0|stop_hit|filled|settled|0.0|settled|0.0
MDCX|2025-05-19|09:55|HELD_A_2025-0605|18.28|6.73|90820415|92.7|95416|46.62|285719||adv_too_low|True|False|False|True|CS|CS|window_out_of_orb|no_trade||||window_out_of_orb|window_out_of_orb|no_trade|||
LTBR|2025-05-23|09:55|HELD_A_2025-0605|28.28|10.66|240256786|90.7|1504151|6.49|6616769|8.47||True|True|False|True|CS|CS|window_out_of_orb|no_trade||||window_out_of_orb|window_out_of_orb|no_trade|||
ARQQ|2025-05-27|09:55|HELD_A_2025-0605|27.04|25.11|360445236|90.0|604321|3.46|7842309|12.05||True|True|False|True|CS|CS|window_out_of_orb|no_trade||||window_out_of_orb|window_out_of_orb|no_trade|||
HOLO|2025-05-27|09:30|HELD_A_2025-0605|29.26|5.4|27689483|100.0|6158223|0.0|9090500|15.81|cooldown,atr_too_high|True|False|False|False|CS|CS|filled|settled|7.05|6.590000000000001|-1.0|stop_hit|filled|settled|-1.0|settled|-1.0
SBET|2025-05-27|09:30|HELD_A_2025-0605|404.91|6.72|4694579|100.0|19976800|140.86|362645||extended,adv_too_low|False|False|False|True|CS|CS|orb_invalid|no_trade||||setup:stop_too_wide: 4.58 > 1.5x ATR 0.85|orb_invalid|no_trade|||
ITOS|2025-05-28|09:30|HELD_A_2025-0605|25.26|8.53|326475471|100.0|2477687|3.77|6939438|6.65|cooldown|True|False|False|False|untyped_today|CS|filled|settled|10.85|10.450000000000001|-1.0|stop_hit|filled|settled|-1.0|settled|-1.0
ORIC|2025-05-29|09:55|HELD_A_2025-0605|31.26|5.97|424395838|100.0|1389033|16.15|3964991|9.45||True|True|False|True|CS|CS|window_out_of_orb|no_trade||||window_out_of_orb|window_out_of_orb|no_trade|||
SBET|2025-05-29|09:55|HELD_A_2025-0605|34.82|29.16|20371118|92.7|343720|945.16|426105||extended,cooldown,adv_too_low|False|False|False|False|CS|CS|window_out_of_orb|no_trade||||window_out_of_orb|window_out_of_orb|no_trade|||
HOLO|2025-05-30|09:30|HELD_A_2025-0605|15.18|6.72|34458023|92.9|1830738|24.44|9618833|21.41|cooldown,atr_too_high|True|False|True|False|CS|CS|no_entry|no_trade||||never_crossed_orb_high|no_entry|no_trade|||
SBET|2025-05-30|09:30|HELD_A_2025-0605|32.56|79.21|55335948|92.9|2130676|2739.07|473607||extended,cooldown,adv_too_low|False|False|True|False|CS|CS|filled|settled|110.0|94.0|-1.0|stop_hit|filled|settled|-1.0|settled|-1.0
BMGL|2025-06-02|09:30|HELD_A_2025-0605|36.76|6.08|114217360|100.0|25637631|496.08|2140620|20.9|extended,atr_too_high|False|False|False|True|CS|CS|filled|settled|99.96|87.48|-1.0|stop_hit|filled|settled|-1.0|settled|-1.0
CTRN|2025-06-03|09:55|HELD_A_2025-0605|15.35|27.01|223581568|100.0|110502|2.74|1280675|5.38||True|True|False|True|CS|CS|window_out_of_orb|no_trade||||window_out_of_orb|window_out_of_orb|no_trade|||
LYRA|2025-06-03|09:35|HELD_A_2025-0605|19.98|20.25|26838216|97.5|653497|361.28|295933||extended,adv_too_low|False|False|False|True|untyped_today|CS|filled|settled|23.35|21.790000000000003|1.4359|stop_hit|chase_cap_skip|no_trade||settled|1.4359
LIMN|2025-06-05|09:30|HELD_A_2025-0605|67.51|12.71|339542985|100.0|1646258|178.73|87848||extended,adv_too_low|False|False|False|True|CS|CS|filled|settled|1080.0|921.0|-1.0|stop_hit|filled|settled|-1.0|settled|-1.0
MCTR|2025-06-05|09:30|HELD_A_2025-0605|36.17|15.4|235620000|94.6|1909523|226.27|57242||extended,adv_too_low|False|False|False|True|untyped_today|CS|abstain|unscoreable||||entry_window_gaps:12_of_29|abstain|unscoreable|||
FCEL|2025-06-06|09:55|HELD_A_2025-0605|26.17|5.2|118014796|95.2|1240578|5.26|4585033|11.42||True|True|False|True|CS|CS|window_out_of_orb|no_trade||||window_out_of_orb|window_out_of_orb|no_trade|||
RENT|2025-06-06|09:30|HELD_A_2025-0605|36.2|6.74|27107525|100.0|634595|24.81|255940||adv_too_low|True|False|False|True|CS|CS|no_entry|no_trade||||never_crossed_orb_high|no_entry|no_trade|||
NA|2025-06-09|09:50|HELD_A_2025-0605|30.49|6.69|111629782|92.5|31338|91.14|114054||extended,adv_too_low|False|False|False|True|CS|CS|window_out_of_orb|no_trade||||window_out_of_orb|window_out_of_orb|no_trade|||
TPST|2025-06-09|09:30|HELD_A_2025-0605|33.16|8.2458|30364565|100.0|390731|38.58|229742||adv_too_low|True|False|False|True|CS|CS|filled|settled|5.65|5.25|-1.0|stop_hit|filled|settled|-1.0|settled|-1.0
UMAC|2025-06-09|09:55|HELD_A_2025-0605|18.46|7.42|184239861|97.5|2390502|49.6|7261162|9.44||True|True|False|True|CS|CS|window_out_of_orb|no_trade||||window_out_of_orb|window_out_of_orb|no_trade|||
HUSA|2025-06-12|09:30|HELD_A_2025-0605|23.26|5.46|8564845|100.0|268857|26.1|191531||adv_too_low|True|False|False|True|untyped_today|CS|no_entry|no_trade||||never_crossed_orb_high|no_entry|no_trade|||
XTIA|2025-06-12|09:40|HELD_A_2025-0605|16.04|5.05|31752077|97.6|1582128|193.6|1963090|11.64|extended|False|False|False|True|CS|CS|no_entry|no_trade||||triggered_above_limit_never_filled|chase_cap_skip|no_trade|||
HUSA|2025-06-13|09:30|HELD_A_2025-0605|80.11|7.14|11200182|100.0|3615310|64.9|191531||extended,cooldown,adv_too_low|False|False|False|False|untyped_today|CS|filled|settled|13.95|11.530100000000001|-0.0289|stop_hit|filled|settled|-0.0289|settled|-0.0289
NUKK|2025-06-13|09:30|HELD_A_2025-0605|26.9|12.12|64973429|100.0|1404905|0.0|3076965|13.48||True|True|False|True|untyped_today|CS|filled|settled|15.38|13.3054|-1.0|stop_hit|filled|settled|-1.0|settled|-1.0
LSE|2025-06-16|09:30|HELD_A_2025-0605|37.06|5.1|86827500|100.0|5352226|3.03|28923||adv_too_low|True|False|False|True|CS|CS|orb_invalid|no_trade||||setup:stop_too_wide: 0.91 > 1.5x ATR 0.38|orb_invalid|no_trade|||
NEON|2025-06-16|09:50|HELD_A_2025-0605|31.8|16.81|282120919|100.0|428556|71.01|843945||extended,adv_too_low|False|False|False|True|CS|CS|window_out_of_orb|no_trade||||window_out_of_orb|window_out_of_orb|no_trade|||
SAGE|2025-06-16|09:30|HELD_A_2025-0605|35.67|6.7|419558650|100.0|5465503|1.52|4736243|3.97||True|True|False|True|untyped_today|CS|filled|settled|9.13|9.03|-1.0|stop_hit|filled|settled|-1.0|settled|-1.0
CERO|2025-06-17|09:30|HELD_A_2025-0605|51.72|6.868|2830323|100.0|8375010|0.0|568050||adv_too_low|True|False|False|True|untyped_today|CS|filled|settled|11.1599|9.540099999999999|1.3333|stop_hit|filled|settled|1.3333|settled|1.3334
FEIM|2025-06-17|09:50|HELD_A_2025-0605|16.1|19.6|189659655|100.0|167854|6.35|2590924|5.72||True|True|False|True|CS|CS|window_out_of_orb|no_trade||||window_out_of_orb|window_out_of_orb|no_trade|||
GEOS|2025-06-17|09:50|HELD_A_2025-0605|31.35|6.89|88239899|100.0|89551|3.92|305781||adv_too_low|True|False|False|True|CS|CS|window_out_of_orb|no_trade||||window_out_of_orb|window_out_of_orb|no_trade|||
HUSA|2025-06-17|09:35|HELD_A_2025-0605|16.79|10.6|16627722|92.5|229626|144.8|227133||extended,cooldown,adv_too_low|False|False|True|False|untyped_today|CS|no_entry|no_trade||||triggered_above_limit_never_filled|filled|settled|1.6744||
RBNE|2025-06-17|09:30|HELD_A_2025-0605|26.27|5.52|13174761|91.7|608772|94.37|32186||extended,adv_too_low|False|False|False|True|CS|CS|filled|settled|522.75|482.25|0.8272|stop_hit|filled|settled|0.8272|settled|0.8272
KWE|2025-06-18|09:40|HELD_A_2025-0605|93.58|5.76|3054891|100.0|995670|0.0|419364||adv_too_low|True|False|False|True|untyped_today|CS|orb_invalid|no_trade||||setup:stop_too_wide: 1.65 > 1.5x ATR 0.62|orb_invalid|no_trade|||
LSE|2025-06-18|09:30|HELD_A_2025-0605|71.17|5.55|94488750|100.0|12013957|12.12|29593||cooldown,adv_too_low|True|False|False|False|CS|CS|filled|settled|9.5|7.859999999999999|-1.0|stop_hit|filled|settled|-1.0|settled|-1.0
MTR|2025-06-18|09:31|HELD_A_2025-0605|25.67|6.525|12159925|100.0|630918|31.82|13150||adv_too_low|True|False|False|True|CS|CS|orb_invalid|no_trade||||setup:stop_too_wide: 1.09 > 1.5x ATR 0.38|orb_invalid|no_trade|||
JFBR|2025-06-20|09:30|HELD_A_2025-0605|18.24|6.495|3594236|100.0|3413289|31.29|1067149|20.83|atr_too_high|True|False|False|True|CS|CS|filled|settled|107.52|103.32000000000001|-1.0|stop_hit|filled|settled|-1.0|settled|-1.0
KWE|2025-06-20|09:30|HELD_A_2025-0605|19.98|11.21|5945369|97.6|1654612|94.62|444909||extended,cooldown,adv_too_low|False|False|False|False|untyped_today|CS|no_entry|no_trade||||never_crossed_orb_high|no_entry|no_trade|||
SRM|2025-06-20|09:30|HELD_A_2025-0605|15.61|8.2|141397602|92.9|2312483|877.35|482244||extended,adv_too_low|False|False|False|True|untyped_today|CS|filled|settled|9.88|8.72|0.0|stop_hit|filled|settled|0.0|settled|0.0
CDTX|2025-06-23|09:30|HELD_A_2025-0605|93.29|21.02|272625679|100.0|1466446|0.0|4654163|7.5||True|True|False|True|untyped_today|CS|filled|settled|41.0|37.019999999999996|1.9294|stop_hit|filled|settled|1.9294|settled|1.9296
CERO|2025-06-23|09:31|HELD_A_2025-0605|17.6|10.68|5511863|92.5|509883|55.5|661128||extended,cooldown,adv_too_low|False|False|False|False|untyped_today|CS|abstain|unscoreable||||entry_window_gaps:1_of_29|abstain|unscoreable|||
FBRX|2025-06-23|09:30|HELD_A_2025-0605|26.19|14.66|96512380|100.0|118894|21.31|235338||adv_too_low|True|False|False|True|CS|CS|filled|settled|18.85|18.0|-1.0|stop_hit|filled|settled|-1.0|settled|-1.0
GEOS|2025-06-23|09:50|HELD_A_2025-0605|25.85|11.49|147151878|100.0|237040|67.01|372186||extended,cooldown,adv_too_low|False|False|False|False|CS|CS|window_out_of_orb|no_trade||||window_out_of_orb|window_out_of_orb|no_trade|||
HUSA|2025-06-23|09:50|HELD_A_2025-0605|49.59|14.8|23216064|92.5|2597262|39.62|496287||cooldown,adv_too_low|True|False|True|False|untyped_today|CS|window_out_of_orb|no_trade||||window_out_of_orb|window_out_of_orb|no_trade|||
INDO|2025-06-23|09:31|HELD_A_2025-0605|38.14|5.06|70384792|90.0|2836743|26.82|772981||adv_too_low|True|False|False|True|CS|CS|filled|settled|7.0|5.9|-1.0|stop_hit|filled|settled|-1.0|settled|-1.0
MIND|2025-06-23|09:50|HELD_A_2025-0605|27.47|6.59|52518484|100.0|237672|12.07|1025601|6.91||True|True|False|True|CS|CS|window_out_of_orb|no_trade||||window_out_of_orb|window_out_of_orb|no_trade|||
SST|2025-06-23|09:50|HELD_A_2025-0605|33.93|9.55|76209000|95.0|72685|146.77|99860||extended,adv_too_low|False|False|False|True|CS|CS|window_out_of_orb|no_trade||||window_out_of_orb|window_out_of_orb|no_trade|||
AMRN|2025-06-24|09:55|HELD_A_2025-0605|27.8|12.6|260908351|100.0|154232|0.48|989799||adv_too_low|True|False|False|True|ADRC|ADRC|window_out_of_orb|no_trade||||window_out_of_orb|window_out_of_orb|no_trade|||
CERO|2025-06-24|09:30|HELD_A_2025-0605|24.51|8.16|4211311|90.0|480959|18.81|693742||cooldown,adv_too_low|True|False|True|False|untyped_today|CS|filled|settled|10.8482|9.351799999999999|-1.0|stop_hit|filled|settled|-1.0|settled|-1.0
NA|2025-06-24|09:30|HELD_A_2025-0605|165.56|10.89|181711259|100.0|9419167|10.67|1012664|19.16|cooldown,atr_too_high|True|False|False|False|CS|CS|filled|settled|31.2|26.720000000000002|-1.0|stop_hit|filled|settled|-1.0|settled|-1.0
NKTR|2025-06-24|09:30|HELD_A_2025-0605|108.81|9.54|118361874|100.0|4968327|12.1|3161499|14.6||True|True|False|True|CS|CS|no_entry|no_trade||||never_crossed_orb_high|no_entry|no_trade|||
WFF|2025-06-24|09:30|HELD_A_2025-0605|22.09|6.51|163986900|100.0|454827|11.28|105374||adv_too_low|True|False|False|True|CS|CS|filled|settled|39.899|35.101|0.0|stop_hit|filled|settled|0.0|settled|0.0
NKTR|2025-06-25|09:45|HELD_A_2025-0605|17.53|24.45|303348827|97.5|463941|187.31|3251052|10.6|extended,cooldown|False|False|False|False|CS|CS|window_out_of_orb|no_trade||||window_out_of_orb|window_out_of_orb|no_trade|||
CYN|2025-06-26|09:30|HELD_A_2025-0605|227.35|5.01|8777049|100.0|35213358|25.25|80520||adv_too_low|True|False|False|True|CS|CS|orb_invalid|no_trade||||setup:stop_too_wide: 1.63 > 1.5x ATR 0.26|orb_invalid|no_trade|||
CYN|2025-06-27|09:30|HELD_A_2025-0605|60.96|13.6|23825922|100.0|22204104|240.0|80520||extended,cooldown,adv_too_low|False|False|False|False|CS|CS|filled|settled|22.2|19.8|-1.0|stop_hit|filled|settled|-1.0|settled|-1.0
GCTK|2025-06-27|09:30|HELD_A_2025-0605|27.39|5.22|2962120|100.0|3658747|0.0|373277||adv_too_low|True|False|False|True|CS|CS|filled|settled|101.85|93.75300000000001|-1.0|stop_hit|filled|settled|-1.0|settled|-1.0
INMB|2025-06-27|09:30|HELD_A_2025-0605|48.09|6.28|146825119|100.0|10201389|0.96|5730183|12.5||True|True|False|True|CS|CS|filled|settled|9.44|8.88|-1.0|stop_hit|filled|settled|-1.0|settled|-1.0
WBUY|2025-06-30|09:30|HELD_A_2025-0605|55.95|5.63|4421346|100.0|23247154|0.27|517539||adv_too_low|True|False|False|True|CS|CS|filled|settled|9.1|7.700200000000001|-1.0|stop_hit|filled|settled|-1.0|settled|-1.0
CLRO|2025-07-01|09:30|HELD_A_2025-0605|117.39|5.75|9963980|100.0|18854333|9.73|95630||adv_too_low|True|False|False|True|CS|CS|orb_invalid|no_trade||||setup:stop_too_wide: 1.99 > 1.5x ATR 0.84|orb_invalid|no_trade|||
CYN|2025-07-02|09:30|HELD_A_2025-0605|23.36|12.8|22424397|92.5|7380214|215.27|81872||extended,cooldown,adv_too_low|False|False|True|False|CS|CS|filled|settled|16.05|14.59|-1.0|stop_hit|filled|settled|-1.0|settled|-1.0
ARTL|2025-07-07|09:30|HELD_A_2025-0605|114.53|10.05|5494003|100.0|3977268|48.01|85636||adv_too_low|True|False|False|True|CS|CS|no_entry|no_trade||||never_crossed_orb_high|no_entry|no_trade|||
IROH|2025-07-08|09:30|HELD_A_2025-0605|76.05|5.97|52935990|100.0|2208612|0.0|521802||adv_too_low|True|False|False|True|untyped_today|CS|filled|settled|11.96|9.04|-1.0|stop_hit|filled|settled|-1.0|settled|-1.0
KZIA|2025-07-09|09:30|HELD_A_2025-0605|43.59|6.825|9279441|100.0|6874178|8.85|1075890|12.49||True|True|False|True|ADRC|ADRC|filled|settled|9.9|9.160199999999998|-1.0|stop_hit|filled|settled|-1.0|settled|-1.0
ZEPP|2025-07-09|09:30|HELD_A_2025-0605|21.48|5.12|73564477|97.4|638575|92.48|42829||extended,adv_too_low|False|False|False|True|ADRC|ADRC|filled|settled|6.24|6.0|-1.0|stop_hit|filled|settled|-1.0|settled|-1.0
GAUZ|2025-07-11|09:30|HELD_A_2025-0605|20.34|5.95|111515453|100.0|6078853|3.66|238897||adv_too_low|True|False|False|True|CS|CS|no_entry|no_trade||||never_crossed_orb_high|no_entry|no_trade|||
HOLO|2025-07-11|09:30|HELD_A_2025-0605|59.77|6.04|30971199|100.0|23123772|25.96|6573398|7.9|cooldown|True|False|True|False|CS|CS|abstain|unscoreable||||entry_window_gaps:13_of_29|abstain|unscoreable|||
ZEPP|2025-07-11|09:35|HELD_A_2025-0605|16.58|6.09|87501498|92.7|40654|120.65|55593||extended,cooldown,adv_too_low|False|False|False|False|ADRC|ADRC|filled|settled|6.98|6.010000000000001|4.3127|stop_hit|filled|settled|4.2028|settled|4.2818
SONN|2025-07-14|09:30|HELD_A_2025-0605|190.72|5.17|16367238|100.0|12968260|15.66|115491||adv_too_low|True|False|False|True|untyped_today|CS|orb_invalid|no_trade||||setup:stop_too_wide: 2.02 > 1.5x ATR 0.79|orb_invalid|no_trade|||
STG|2025-07-14|09:31|HELD_A_2025-0605|20.88|9.1|122997857|100.0|19484|52.17|51627||extended,adv_too_low,pm_shares_floor|False|False|False|True|ADRC|ADRC|orb_invalid|no_trade||||setup:stop_too_wide: 1.09 > 1.5x ATR 0.67|orb_invalid|no_trade|||
STG|2025-07-15|09:55|HELD_A_2025-0605|15.0|10.8|145975478|97.1|27618|80.6|52037||extended,cooldown,adv_too_low|False|False|False|False|ADRC|ADRC|window_out_of_orb|no_trade||||window_out_of_orb|window_out_of_orb|no_trade|||
NUWE|2025-07-16|09:30|HELD_A_2025-0605|174.11|6.895|47952208|100.0|18333247|0.22|644155||adv_too_low|True|False|False|True|CS|CS|orb_invalid|no_trade||||setup:stop_too_wide: 68.95 > 1.5x ATR 35.92|orb_invalid|no_trade|||
AUDC|2025-07-17|09:50|HELD_A_2025-0605|16.3|9.02|265847299|100.0|88586|0.67|472605||adv_too_low|True|False|False|True|CS|CS|window_out_of_orb|no_trade||||window_out_of_orb|window_out_of_orb|no_trade|||
DPRO|2025-07-17|09:50|HELD_A_2025-0605|21.63|5.18|66038908|100.0|3815089|51.02|4347897|8.82|extended|False|False|False|True|CS|CS|window_out_of_orb|no_trade||||window_out_of_orb|window_out_of_orb|no_trade|||
VLCN|2025-07-17|09:30|HELD_A_2025-0605|341.52|9.2243|5022484|100.0|10021652|31.78|223992||adv_too_low|True|False|False|True|untyped_today|CS|orb_invalid|no_trade||||setup:stop_too_wide: 5.98 > 1.5x ATR 0.58|orb_invalid|no_trade|||
TGEN|2025-07-18|09:40|HELD_A_2025-0605|22.66|5.78|147803212|93.5|624849|0.0|3675408|16.97|atr_too_high|True|False|False|True|CS|CS|no_entry|no_trade||||triggered_above_limit_never_filled|chase_cap_skip|no_trade|||
YOSH|2025-07-18|09:40|HELD_A_2025-0605|18.03|6.1|10749694|100.0|55043|0.0|59523||adv_too_low|True|False|False|True|untyped_today|CS|filled|settled|1.725|1.665|0.0|stop_hit|filled|settled|0.0|settled|0.0
DPRO|2025-07-21|09:55|HELD_A_2025-0605|16.15|5.45|69481091|92.3|2578247|55.27|4410760|13.11|extended,cooldown|False|False|False|False|CS|CS|window_out_of_orb|no_trade||||window_out_of_orb|window_out_of_orb|no_trade|||
GCTK|2025-07-21|09:30|HELD_A_2025-0605|66.55|5.83|3308268|100.0|13683223|9.07|1289933|10.91|cooldown|True|False|False|False|CS|CS|no_entry|no_trade||||never_crossed_orb_high|no_entry|no_trade|||
HSDT|2025-07-21|09:30|HELD_A_2025-0605|55.17|8.9|6230000|100.0|12382715|21.09|956081||adv_too_low|True|False|False|True|CS|CS|filled|settled|14.3|12.34|-1.0|stop_hit|filled|settled|-1.0|settled|-1.0
MEIP|2025-07-21|09:35|HELD_A_2025-0605|19.93|5.92|39444113|97.4|317513|120.07|65288||extended,adv_too_low|False|False|False|True|untyped_today|CS|no_entry|no_trade||||triggered_above_limit_never_filled|chase_cap_skip|no_trade|||
STEM|2025-07-21|09:55|HELD_A_2025-0605|26.07|13.5|112292163|97.4|563342|61.1|3410674|8.94|extended|False|False|False|True|CS|CS|window_out_of_orb|no_trade||||window_out_of_orb|window_out_of_orb|no_trade|||
ZIMV|2025-07-21|09:30|HELD_A_2025-0605|122.22|8.44|235657865|100.0|600121|0.0|1063098|5.49||True|True|False|True|untyped_today|CS|filled|unscoreable|18.76|18.7||fwd_stop_and_breakeven_same_day:2025-07-22|filled|unscoreable||abstain|
AEHR|2025-07-22|09:55|HELD_A_2025-0605|21.4|16.45|491476650|100.0|2023185|18.69|21774840|7.85||True|True|False|True|CS|CS|window_out_of_orb|no_trade||||window_out_of_orb|window_out_of_orb|no_trade|||
GVH|2025-07-22|09:30|HELD_A_2025-0605|25.71|7.16|262901088|100.0|4335773|1.99|3757402|45.79|atr_too_high|True|False|False|True|CS|CS|filled|settled|9.02|8.32|-1.0|stop_hit|filled|settled|-1.0|settled|-1.0
LCFY|2025-07-22|09:30|HELD_A_2025-0605|27.6|5.29|7311759|100.0|5184395|21.61|689554||adv_too_low|True|False|False|True|CS|CS|filled|settled|6.78|6.259999999999999|-1.0|stop_hit|filled|settled|-1.0|settled|-1.0
TWG|2025-07-22|09:30|HELD_A_2025-0605|15.75|6.35|3951103|100.0|1023961|0.0|149203||adv_too_low|True|False|False|True|CS|CS|filled|settled|7.3884|7.030200000000001|-1.0|stop_hit|filled|settled|-1.0|settled|-1.0
KOSS|2025-07-23|09:31|HELD_A_2025-0605|22.53|5.71|53535789|100.0|636794|12.85|227694||adv_too_low|True|False|False|True|CS|CS|orb_invalid|no_trade||||setup:stop_too_wide: 0.69 > 1.5x ATR 0.29|orb_invalid|no_trade|||
CIO|2025-07-24|09:30|HELD_A_2025-0605|24.64|5.56|224391814|100.0|2412981|2.96|607470||adv_too_low|True|False|False|True|untyped_today|CS|filled|settled|6.93|6.890000000000001|-1.0|stop_hit|filled|settled|-1.0|settled|-1.0
CYCC|2025-07-24|09:50|HELD_A_2025-0605|19.64|14.0|22175510|90.0|4016599|322.96|993019||extended,adv_too_low|False|False|False|True|untyped_today|CS|window_out_of_orb|no_trade||||window_out_of_orb|window_out_of_orb|no_trade|||
LIMN|2025-07-24|09:30|HELD_A_2025-0605|19.78|6.47|170579176|100.0|7696711|19.81|2257668|19.44|cooldown,atr_too_high|True|False|False|False|CS|CS|no_entry|no_trade||||never_crossed_orb_high|no_entry|no_trade|||
PXLW|2025-07-24|09:31|HELD_A_2025-0605|15.53|12.66|66414968|100.0|150187|58.45|214036||extended,adv_too_low|False|False|False|True|CS|CS|filled|settled|14.75|13.629999999999999|-1.0|stop_hit|filled|settled|-1.0|settled|-1.0
CRVO|2025-07-28|09:30|HELD_A_2025-0605|34.08|8.98|78150417|100.0|6566454|21.19|921955||adv_too_low|True|False|False|True|CS|CS|filled|settled|12.04|10.360200000000003|-1.0|stop_hit|filled|settled|-1.0|settled|-1.0
TRUG|2025-07-28|09:31|HELD_A_2025-0605|17.92|5.775|5836533|100.0|5851282|1.23|283635||adv_too_low|True|False|False|True|CS|CS|no_entry|no_trade||||never_crossed_orb_high|no_entry|no_trade|||
SUPX|2025-07-30|09:30|HELD_A_2025-0605|18.49|16.12|357378046|100.0|221293|55.07|434758||extended,adv_too_low|False|False|False|True|CS|CS|orb_invalid|no_trade||||setup:stop_too_wide: 1.33 > 1.5x ATR 0.79|orb_invalid|no_trade|||
PBM|2025-07-31|09:30|HELD_A_2025-0605|36.11|5.4|3851453|100.0|11762393|1.6|149091||adv_too_low|True|False|False|True|CS|CS|filled|settled|51.0625|39.0625|-1.0|stop_hit|filled|settled|-1.0|settled|-1.0
AIP|2025-08-05|09:30|HELD_A_2025-0605|51.11|9.45|396689530|100.0|7799176|4.42|3680881|6.65||True|True|False|True|CS|CS|no_entry|no_trade||||never_crossed_orb_high|no_entry|no_trade|||
CYRX|2025-08-06|09:30|HELD_A_2025-0605|27.6|6.74|337924849|100.0|2919198|0.0|3121266|6.63||True|True|False|True|CS|CS|filled|settled|9.19|7.980000000000002|-1.0|stop_hit|filled|settled|-1.0|settled|-1.0
VERB|2025-08-06|09:45|HELD_A_2025-0605|19.27|19.02|26969504|90.0|74869|100.0|259687||extended,adv_too_low|False|False|False|True|untyped_today|CS|window_out_of_orb|no_trade||||window_out_of_orb|window_out_of_orb|no_trade|||
CMCT|2025-08-07|09:30|HELD_A_2025-0605|28.54|6.7062|5060545|100.0|10705643|14.64|68738||adv_too_low|True|False|False|True|CS|CS|filled|settled|900.0|806.0|-1.0|stop_hit|filled|settled|-1.0|settled|-1.0
OPRX|2025-08-08|09:55|HELD_A_2025-0605|37.47|12.84|237477225|100.0|465269|2.88|2686800|6.82||True|True|False|True|CS|CS|window_out_of_orb|no_trade||||window_out_of_orb|window_out_of_orb|no_trade|||
IMXI|2025-08-11|09:30|HELD_A_2025-0605|63.95|9.28|278183321|100.0|1030659|6.54|2829429|3.77||True|True|False|True|CS|CS|no_entry|no_trade||||never_crossed_orb_high|no_entry|no_trade|||
NYXH|2025-08-11|09:30|HELD_A_2025-0605|15.23|7.42|277813259|100.0|125213|2.34|333315||adv_too_low|True|False|False|True|CS|CS|abstain|unscoreable||||entry_window_gaps:5_of_29|abstain|unscoreable|||
FGEN|2025-08-12|09:35|HELD_A_2025-0605|16.61|8.37|33829514|100.0|90041|21.13|173227||adv_too_low|True|False|False|True|untyped_today|CS|filled|unscoreable|9.77|8.582||fwd_stop_and_breakeven_same_day:2025-08-18|filled|settled|0.4017|abstain|
XNET|2025-08-15|09:55|HELD_A_2025-0605|30.69|5.05|314978933|100.0|1356673|15.3|1511589|6.14||True|True|False|True|ADRC|ADRC|window_out_of_orb|no_trade||||window_out_of_orb|window_out_of_orb|no_trade|||
XNET|2025-08-18|09:45|HELD_A_2025-0605|17.29|6.39|399750304|90.0|1199352|45.89|1511589|6.44|cooldown|True|False|False|False|ADRC|ADRC|window_out_of_orb|no_trade||||window_out_of_orb|window_out_of_orb|no_trade|||
FLXS|2025-08-19|09:50|HELD_A_2025-0605|21.2|36.55|192737397|97.6|33904|6.22|422960||adv_too_low|True|False|False|True|CS|CS|window_out_of_orb|no_trade||||window_out_of_orb|window_out_of_orb|no_trade|||
FMFC|2025-08-22|09:30|HELD_A_2025-0605|17.89|7.21|131943000|95.5|912748|4.19|1368323|9.81||True|True|False|True|CS|CS|filled|settled|8.5|8.32|-1.0|stop_hit|filled|settled|-1.0|settled|-1.0
STSS|2025-08-25|09:30|HELD_A_2025-0605|55.0|7.355|7525739|100.0|8607700|51.96|259406||extended,adv_too_low|False|False|False|True|CS|CS|filled|settled|12.0|10.04|-1.0|stop_hit|filled|settled|-1.0|settled|-1.0
SER|2025-08-26|09:30|HELD_A_2025-0605|24.11|5.64|57813316|100.0|896411|12.57|68208||adv_too_low|True|False|False|True|CS|CS|filled|settled|7.0|6.5|0.0|stop_hit|filled|settled|0.0|settled|0.0
SOGP|2025-08-29|09:30|HELD_A_2025-0605|17.6|12.5|61694675|97.7|3541547|279.94|140668||extended,adv_too_low|False|False|False|True|ADRC|ADRC|filled|settled|14.9599|12.160100000000002|-1.0|stop_hit|filled|settled|-1.0|settled|-1.0
SOGP|2025-09-02|09:55|HELD_A_2025-0605|21.43|11.99|59177532|90.0|892359|237.75|172135||extended,cooldown,adv_too_low|False|False|False|False|ADRC|ADRC|window_out_of_orb|no_trade||||window_out_of_orb|window_out_of_orb|no_trade|||
IPDN|2025-09-03|09:40|HELD_A_2025-0605|45.32|6.95|17372797|95.1|3237764|261.98|90518||extended,adv_too_low|False|False|False|True|CS|CS|no_entry|no_trade||||triggered_above_limit_never_filled|chase_cap_skip|no_trade|||
DMAC|2025-09-08|09:50|HELD_A_2025-0605|15.31|6.14|317369926|90.2|466980|15.85|1459898|5.68||True|True|False|True|CS|CS|window_out_of_orb|no_trade||||window_out_of_orb|window_out_of_orb|no_trade|||
FORD|2025-09-08|09:30|HELD_A_2025-0605|86.49|16.355|28100850|100.0|1111875|16.08|749071||adv_too_low|True|False|False|True|untyped_today|CS|filled|settled|31.1|29.14|-1.0|stop_hit|filled|settled|-1.0|settled|-1.0
MCRB|2025-09-08|09:30|HELD_A_2025-0605|23.19|19.36|169488475|100.0|208621|4.65|1764838|6.91||True|True|False|True|CS|CS|no_entry|no_trade||||never_crossed_orb_high|no_entry|no_trade|||
ASST|2025-09-10|09:30|HELD_A_2025-0605|82.11|6.28|104401201|100.0|14769932|38.33|19931555|16.23|atr_too_high|True|False|False|True|CS|CS|filled|settled|250.0|197.2|-1.0|stop_hit|filled|settled|-1.0|settled|-1.0
GLSI|2025-09-10|09:31|HELD_A_2025-0605|15.0|11.0|149932827|90.2|83465|0.64|462755||adv_too_low|True|False|False|True|CS|CS|abstain|unscoreable||||entry_window_gaps:2_of_29|abstain|unscoreable|||
GLXG|2025-09-10|09:50|HELD_A_2025-0605|17.33|5.02|9042275|100.0|256679|38.22|37107||adv_too_low|True|False|False|True|CS|CS|window_out_of_orb|no_trade||||window_out_of_orb|window_out_of_orb|no_trade|||
PBPB|2025-09-10|09:30|HELD_A_2025-0605|31.52|12.93|391270489|100.0|5139400|4.53|2304772|3.17||True|True|False|True|untyped_today|CS|filled|settled|17.02|16.98|-1.0|stop_hit|filled|settled|-1.0|settled|-1.0
FORD|2025-09-11|09:30|HELD_A_2025-0605|15.08|25.2|43298161|92.9|123372|78.85|796194||extended,cooldown,adv_too_low|False|False|False|False|untyped_today|CS|filled|settled|29.2|27.4256|-1.0|stop_hit|filled|settled|-1.0|settled|-1.0
TWG|2025-09-11|09:30|HELD_A_2025-0605|21.12|5.02|3748414|100.0|2329698|2.03|208725||cooldown,adv_too_low|True|False|False|False|CS|CS|abstain|unscoreable||||entry_window_gaps:2_of_29|abstain|unscoreable|||
WLDS|2025-09-11|09:30|HELD_A_2025-0605|27.7|5.18|11803200|97.6|13545240|407.84|167290||extended,adv_too_low|False|False|False|True|CS|CS|filled|settled|64.62|52.92179999999999|0.0|stop_hit|filled|settled|0.0|settled|0.0
ADXN|2025-09-12|09:30|HELD_A_2025-0605|25.51|8.78|9387058|100.0|471104|13.29|||adv_no_data|True|False|False|True|ADRC|ADRC|filled|settled|11.208|9.991999999999999|-1.0|stop_hit|filled|settled|-1.0|settled|-1.0016
BGSF|2025-09-12|09:30|HELD_A_2025-0605|21.56|6.4|71416499|100.0|2931926|5.79|95244||adv_too_low|True|False|False|True|CS|CS|filled|unscoreable|7.8|7.7||day0_fill_bar_straddles_stop|filled|unscoreable||excluded|
FORD|2025-09-12|09:30|HELD_A_2025-0605|29.35|34.48|59242881|90.7|142420|144.71|810313||extended,cooldown,adv_too_low|False|False|True|False|untyped_today|CS|filled|settled|45.0|42.5|-1.196|stop_hit|filled|settled|-1.196|settled|-1.196
IBEX|2025-09-12|09:50|HELD_A_2025-0605|32.97|30.46|407323426|100.0|198159|5.33|2318950|2.52||True|True|False|True|CS|CS|window_out_of_orb|no_trade||||window_out_of_orb|window_out_of_orb|no_trade|||
WLDS|2025-09-12|09:35|HELD_A_2025-0605|22.48|8.11|18479527|95.3|12197309|695.1|167290||extended,cooldown,adv_too_low|False|False|False|False|CS|CS|filled|settled|83.85|78.57|0.0|stop_hit|chase_cap_skip|no_trade||settled|0.0
HSDT|2025-09-15|09:30|HELD_A_2025-0605|221.43|7.56|8144063|100.0|14158964|28.57|202954||cooldown,adv_too_low|True|False|False|False|CS|CS|orb_invalid|no_trade||||setup:stop_too_wide: 1.63 > 1.5x ATR 0.45|orb_invalid|no_trade|||
NUKK|2025-09-16|09:50|HELD_A_2025-0605|15.44|5.15|36424513|97.6|10375156|20.05|6585385|25.75|atr_too_high|True|False|False|True|untyped_today|CS|window_out_of_orb|no_trade||||window_out_of_orb|window_out_of_orb|no_trade|||
CWD|2025-09-17|09:30|HELD_A_2025-0605|36.06|6.35|8396021|100.0|20967471|195.35|1425472|68.93|extended,atr_too_high|False|False|False|True|CS|CS|filled|settled|8.77|7.8702000000000005|-1.0|stop_hit|filled|settled|-1.0|settled|-1.0
FGNX|2025-09-17|09:30|HELD_A_2025-0605|24.23|6.81|9047453|100.0|5098953|0.0|1237702|19.37|atr_too_high|True|False|False|True|CS|CS|filled|settled|42.75|38.669|-0.4166|sma_trail_stop|filled|settled|-0.4166|settled|-0.4166
HIND|2025-09-17|09:30|HELD_A_2025-0605|54.67|6.045|159395449|100.0|9317168|0.0|444934||adv_too_low|True|False|False|True|CS|CS|no_entry|no_trade||||never_crossed_orb_high|no_entry|no_trade|||
QNRX|2025-09-17|09:30|HELD_A_2025-0605|16.5|8.2061|4826557|100.0|1325696|11.34|14805||adv_too_low|True|False|False|True|ADRC|ADRC|filled|settled|9.56|8.9806|-1.0|stop_hit|filled|settled|-1.0|settled|-1.0
NBTX|2025-09-18|09:30|HELD_A_2025-0605|23.01|10.2026|491914819|100.0|130928|17.09|106085||adv_too_low|True|False|False|True|ADRC|ADRC|filled|settled|12.67|12.055|-1.0244|stop_hit|filled|settled|-1.023|settled|-1.0244
BREA|2025-09-19|09:30|HELD_A_2025-0605|37.71|24.9|60126229|100.0|2635487|317.79|59167||extended,adv_too_low|False|False|False|True|untyped_today|CS|filled|settled|37.0|31.400000000000006|-1.0|stop_hit|filled|settled|-1.0|settled|-1.0
ARBB|2025-09-22|09:30|HELD_A_2025-0605|32.0|6.25|11032975|100.0|1257605|36.17|28328||adv_too_low|True|False|False|True|CS|CS|filled|settled|8.25|7.77|0.0|stop_hit|filled|settled|0.0|settled|0.0
BKKT|2025-09-22|09:30|HELD_A_2025-0605|36.97|10.44|166352390|100.0|5033337|9.66|8976340|7.48||True|True|False|True|CS|CS|no_entry|no_trade||||never_crossed_orb_high|no_entry|no_trade|||
FLGC|2025-09-22|09:30|HELD_A_2025-0605|72.79|27.2|15740178|100.0|714204|12.16|189750||adv_too_low|True|False|False|True|untyped_today|CS|abstain|unscoreable||||entry_window_gaps:5_of_29|abstain|unscoreable|||
MBX|2025-09-22|09:30|HELD_A_2025-0605|124.0|10.0|335938660|100.0|11121812|2.62|4112997|12.07||True|True|False|True|CS|CS|filled|settled|23.1|20.9|-1.0|stop_hit|filled|settled|-1.0|settled|-1.0
SMLR|2025-09-22|09:31|HELD_A_2025-0605|22.56|29.18|432000942|100.0|929888|5.42|13793413|4.87||True|True|False|True|untyped_today|CS|filled|settled|35.95|32.47|-1.0|stop_hit|filled|settled|-1.0|settled|-1.0
DBGI|2025-09-23|09:30|HELD_A_2025-0605|15.28|7.92|35571262|100.0|1568828|0.0|1056445|18.31|atr_too_high|True|False|False|True|CS|CS|no_entry|no_trade||||never_crossed_orb_high|no_entry|no_trade|||
HOLO|2025-09-23|09:30|HELD_A_2025-0605|27.34|5.56|80994277|100.0|9275178|6.92|5912150|7.96||True|True|False|True|CS|CS|no_entry|no_trade||||never_crossed_orb_high|no_entry|no_trade|||
CLPT|2025-09-24|09:30|HELD_A_2025-0605|33.88|12.16|345677391|100.0|2432769|16.14|2725783|5.51||True|True|False|True|CS|CS|filled|settled|16.98|15.419999999999998|4.9658|stop_hit|filled|settled|4.9658|settled|4.9658
SGBX|2025-09-25|09:31|HELD_A_2025-0605|19.61|8.0|3864936|100.0|1813866|0.0|713480||adv_too_low|True|False|False|True|untyped_today|CS|filled|settled|9.72|7.279999999999999|-0.7541|sma_trail_stop|filled|settled|-0.7541|settled|-0.7541
AVTX|2025-09-29|09:30|HELD_A_2025-0605|23.15|10.8|142045445|100.0|842967|0.0|2578692|8.54||True|True|False|True|CS|CS|filled|settled|13.65|12.569999999999999|-1.0|stop_hit|filled|settled|-1.0|settled|-1.0
DWTX|2025-09-29|09:30|HELD_A_2025-0605|53.8|5.52|10549427|100.0|21408589|10.18|42105||adv_too_low|True|False|False|True|CS|CS|orb_invalid|no_trade||||setup:stop_too_wide: 0.39 > 1.5x ATR 0.26|orb_invalid|no_trade|||
JFB|2025-09-29|09:30|HELD_A_2025-0605|62.92|6.85|65053765|100.0|11417041|28.76|123921||adv_too_low|True|False|False|True|CS|CS|filled|unscoreable|5.605|4.945||fwd_stop_and_breakeven_same_day:2025-09-30|filled|unscoreable||abstain|
DPRO|2025-09-30|09:30|HELD_A_2025-0605|18.85|6.95|129993071|100.0|14813853|14.12|7676517|8.38||True|True|False|True|CS|CS|filled|settled|9.02|7.379999999999999|1.3945|stop_hit|filled|settled|1.3945|settled|1.3963
NVA|2025-10-01|09:35|HELD_A_2025-0605|18.2|16.4|109743716|90.2|97840|19.8|755914||adv_too_low|True|False|False|True|CS|ADRC|no_entry|no_trade||||never_crossed_orb_high|no_entry|no_trade|||
TWG|2025-10-01|09:30|HELD_A_2025-0605|21.69|6.87|5129802|100.0|431665|12.25|398444||cooldown,adv_too_low|True|False|False|False|CS|CS|no_entry|no_trade||||never_crossed_orb_high|no_entry|no_trade|||
LXEO|2025-10-07|09:30|HELD_A_2025-0605|27.51|6.47|349387855|100.0|4090018|0.0|2628695|7.94||True|True|False|True|CS|CS|filled|settled|8.64|7.780000000000001|-1.0|stop_hit|filled|settled|-1.0|settled|-1.0
ATON|2025-10-08|09:30|HELD_A_2025-0605|137.46|5.58|33619863|100.0|18267188|3.53|449838||adv_too_low|True|False|False|True|CS|CS|orb_invalid|no_trade||||setup:stop_too_wide: 0.94 > 1.5x ATR 0.59|orb_invalid|no_trade|||
KYTX|2025-10-08|09:50|HELD_A_2025-0605|25.88|5.41|233959058|100.0|504497|0.0|1660541|11.71||True|True|False|True|CS|CS|window_out_of_orb|no_trade||||window_out_of_orb|window_out_of_orb|no_trade|||
UPC|2025-10-08|09:30|HELD_A_2025-0605|43.33|5.17|2912457|100.0|14971848|23.1|165737||adv_too_low|True|False|False|True|CS|CS|filled|settled|7.6|7.220000000000001|0.0|stop_hit|filled|settled|0.0|settled|0.0
BDRX|2025-10-09|09:30|HELD_A_2025-0605|22.05|7.71|4776522|100.0|3870163|16.64|134273||adv_too_low|True|False|False|True|ADRC|ADRC|filled|settled|47.3995|44.64999999999999|1.4301|stop_hit|filled|settled|1.4301|settled|1.4302
GLTO|2025-10-09|09:50|HELD_A_2025-0605|45.92|10.65|14106564|95.2|3514546|202.56|706171||extended,adv_too_low|False|False|False|True|untyped_today|CS|window_out_of_orb|no_trade||||window_out_of_orb|window_out_of_orb|no_trade|||
RELL|2025-10-09|09:30|HELD_A_2025-0605|15.93|10.61|153772544|100.0|72549|11.45|261069||adv_too_low|True|False|False|True|CS|CS|filled|settled|12.95|11.714900000000002|-1.0|stop_hit|filled|settled|-1.0|settled|-1.0
SUGP|2025-10-09|09:30|HELD_A_2025-0605|21.77|6.7995|9415608|100.0|1086366|43.15|112681||adv_too_low|True|False|False|True|CS|CS|filled|settled|41.4|38.6|1.3333|stop_hit|filled|settled|1.3333|settled|1.3333
QNRX|2025-10-10|09:45|HELD_A_2025-0605|45.47|8.16|4799443|100.0|809621|13.49|175368||cooldown,adv_too_low|True|False|False|False|ADRC|ADRC|window_out_of_orb|no_trade||||window_out_of_orb|window_out_of_orb|no_trade|||
SWKH|2025-10-10|09:31|HELD_A_2025-0605|17.15|14.4|174922430|100.0|501542|0.0|88035||adv_too_low|True|False|False|True|CS|CS|orb_invalid|no_trade||||setup:stop_too_wide: 0.52 > 1.5x ATR 0.29|orb_invalid|no_trade|||
YHGJ|2025-10-10|09:30|HELD_A_2025-0605|33.33|6.0|16643172|100.0|1584849|32.95|28635||adv_too_low|True|False|False|True|CS|CS|filled|settled|8.4699|7.530099999999999|0.0|stop_hit|filled|settled|0.0|settled|0.0
ACON|2025-10-13|09:30|HELD_A_2025-0605|25.8|8.5972|5006760|100.0|2726280|16.97|132482||adv_too_low|True|False|False|True|CS|CS|filled|settled|10.82|9.559999999999999|-1.0|stop_hit|filled|settled|-1.0|settled|-1.0
MTEX|2025-10-13|09:30|HELD_A_2025-0605|24.89|9.0|17108370|100.0|371978|7.14|63372||adv_too_low|True|False|False|True|CS|CS|filled|settled|11.7|10.749999999999998|-1.0|stop_hit|filled|settled|-1.0|settled|-1.0
NDRA|2025-10-13|09:30|HELD_A_2025-0605|51.7|6.48|4877852|100.0|11033938|12.7|227207||adv_too_low|True|False|False|True|CS|CS|orb_invalid|no_trade||||setup:stop_too_wide: 0.76 > 1.5x ATR 0.49|orb_invalid|no_trade|||
NVA|2025-10-13|09:50|HELD_A_2025-0605|21.85|26.91|180073378|97.6|138561|23.05|2250654|8.98|cooldown|True|False|False|False|CS|ADRC|window_out_of_orb|no_trade||||window_out_of_orb|window_out_of_orb|no_trade|||
STI|2025-10-13|09:30|HELD_A_2025-0605|111.11|5.49|15230934|100.0|31241024|13.43|638025||adv_too_low|True|False|False|True|CS|CS|orb_invalid|no_trade||||setup:stop_too_wide: 1.46 > 1.5x ATR 0.45|orb_invalid|no_trade|||
AKA|2025-10-14|09:30|HELD_A_2025-0605|38.99|10.4324|113129801|100.0|96866|13.4|29530||adv_too_low|True|False|False|True|CS|CS|orb_invalid|no_trade||||setup:zero_range|orb_invalid|no_trade|||
AQMS|2025-10-14|09:45|HELD_A_2025-0605|78.71|9.91|18323273|97.6|2603140|85.06|1569858|18.52|extended,atr_too_high|False|False|False|True|CS|CS|window_out_of_orb|no_trade||||window_out_of_orb|window_out_of_orb|no_trade|||
ATXS|2025-10-14|09:30|HELD_A_2025-0605|40.85|8.47|478003552|100.0|7998220|13.39|2830124|5.16||True|True|False|True|untyped_today|CS|filled|settled|12.1|11.72|-1.0|stop_hit|filled|settled|-1.0|settled|-1.0
CYN|2025-10-14|09:30|HELD_A_2025-0605|22.09|5.5|38715963|100.0|17574396|4.36|1652859|8.76||True|True|False|True|CS|CS|no_entry|no_trade||||never_crossed_orb_high|no_entry|no_trade|||
ELAB|2025-10-14|09:30|HELD_A_2025-0605|85.99|5.21|3527170|100.0|12737131|0.0|192888||adv_too_low|True|False|False|True|CS|CS|filled|settled|2347.8|2164.2|0.0|stop_hit|filled|settled|0.0|settled|0.0
GWAV|2025-10-14|09:30|HELD_A_2025-0605|101.65|8.51|4858002|100.0|10492554|32.52|232441||adv_too_low|True|False|False|True|CS|CS|filled|settled|17.57|15.869999999999997|0.0|stop_hit|filled|settled|0.0|settled|0.0
GWH|2025-10-14|09:31|HELD_A_2025-0605|18.01|9.05|152229000|95.1|6604263|426.16|621659||extended,adv_too_low|False|False|False|True|CS|CS|filled|settled|10.6799|10.060099999999998|-1.0|stop_hit|filled|settled|-1.0|settled|-1.0
NVA|2025-10-14|09:30|HELD_A_2025-0605|67.54|34.16|228588130|100.0|2858817|54.5|2526617|8.62|extended,cooldown|False|False|True|False|CS|ADRC|orb_invalid|no_trade||||setup:stop_too_wide: 0.95 > 1.5x ATR 0.59|orb_invalid|no_trade|||
SBLX|2025-10-14|09:40|HELD_A_2025-0605|33.75|5.495|4884934|100.0|1764270|6.33|652346||adv_too_low|True|False|False|True|CS|CS|filled|settled|6.84|5.87|-1.0|stop_hit|chase_cap_skip|no_trade||settled|-1.0
SDST|2025-10-14|09:55|HELD_A_2025-0605|30.54|5.14|43479132|97.6|404145|33.51|848939||adv_too_low|True|False|False|True|CS|CS|window_out_of_orb|no_trade||||window_out_of_orb|window_out_of_orb|no_trade|||
SDOT|2025-10-15|09:30|HELD_A_2025-0605|111.95|5.19|5145589|100.0|11321350|0.54|343689||adv_too_low|True|False|False|True|CS|CS|orb_invalid|no_trade||||setup:stop_too_wide: 17.20 > 1.5x ATR 9.59|orb_invalid|no_trade|||
AQMS|2025-10-16|09:55|HELD_A_2025-0605|31.89|13.94|25746079|92.9|2847401|160.32|2390366|35.97|extended,cooldown,atr_too_high|False|False|False|False|CS|CS|window_out_of_orb|no_trade||||window_out_of_orb|window_out_of_orb|no_trade|||
NVA|2025-10-16|09:50|HELD_A_2025-0605|19.06|54.575|365198982|90.5|136918|146.83|2627301|13.86|extended,cooldown|False|False|True|False|CS|ADRC|window_out_of_orb|no_trade||||window_out_of_orb|window_out_of_orb|no_trade|||
GSIT|2025-10-20|09:35|HELD_A_2025-0605|62.4|5.08|147780380|100.0|1054816|11.4|930542||adv_too_low|True|False|False|True|CS|CS|orb_invalid|no_trade||||setup:stop_too_wide: 0.76 > 1.5x ATR 0.44|orb_invalid|no_trade|||
RAPT|2025-10-20|09:30|HELD_A_2025-0605|44.0|29.34|485218876|100.0|862938|17.36|6050368|9.53||True|True|False|True|untyped_today|CS|orb_invalid|no_trade||||setup:stop_too_wide: 4.80 > 1.5x ATR 2.80|orb_invalid|no_trade|||
ATMV|2025-10-21|09:30|HELD_A_2025-0605|56.25|8.32|19478351|100.0|1940728|0.0|95172||adv_too_low|True|False|False|True|untyped_today|CS|filled|settled|13.0|11.379999999999999|0.0|stop_hit|filled|settled|0.0|settled|0.0
GSIT|2025-10-21|09:30|HELD_A_2025-0605|20.89|12.97|377305419|100.0|20036652|178.92|944168||extended,cooldown,adv_too_low|False|False|False|False|CS|CS|filled|settled|16.4|14.82|-1.0|stop_hit|filled|settled|-1.0|settled|-1.0
FLWS|2025-10-22|09:30|HELD_A_2025-0605|32.23|5.15|327637335|100.0|9071079|19.49|2052101|4.71||True|True|False|True|CS|CS|filled|settled|6.9495|6.3905|-1.0|stop_hit|filled|settled|-1.0|settled|-1.0
GSIT|2025-10-22|09:40|HELD_A_2025-0605|24.22|10.86|315924198|95.1|1640812|133.55|956066||extended,cooldown,adv_too_low|False|False|True|False|CS|CS|no_entry|no_trade||||triggered_above_limit_never_filled|chase_cap_skip|no_trade|||
BIOA|2025-10-23|09:30|HELD_A_2025-0605|32.23|6.05|216892724|100.0|517066|18.4|972460||adv_too_low|True|False|False|True|CS|CS|filled|unscoreable|8.005|7.870999999999999||day0_stop_and_breakeven_same_bar|filled|unscoreable||excluded|
INBX|2025-10-24|09:30|HELD_A_2025-0605|73.24|28.36|410806540|100.0|1338448|0.0|4043090|11.19||True|True|False|True|CS|CS|filled|settled|52.0365|46.0435|-1.0|stop_hit|filled|settled|-1.0|settled|-1.0
CLIK|2025-10-27|09:30|HELD_A_2025-0605|72.14|6.21|7112934|100.0|10069858|3.67|354290||adv_too_low|True|False|False|True|CS|CS|filled|settled|10.8|9.559999999999999|-1.0|stop_hit|filled|settled|-1.0|settled|-1.0
CYBN|2025-10-28|09:30|HELD_A_2025-0605|16.74|6.51|163975293|100.0|2782103|12.05|3522407|4.89||True|True|False|True|untyped_today|CS|no_entry|no_trade||||never_crossed_orb_high|no_entry|no_trade|||
ARBB|2025-10-30|09:30|HELD_A_2025-0605|18.33|6.0|10591656|100.0|1536494|14.94|159395||cooldown,adv_too_low|True|False|False|False|CS|CS|filled|settled|7.57|6.430199999999999|-1.0|stop_hit|filled|settled|-1.0|settled|-1.0002
DLHC|2025-10-31|09:31|HELD_A_2025-0605|19.29|6.1|87757455|100.0|962729|9.12|49112||adv_too_low|True|False|False|True|CS|CS|orb_invalid|no_trade||||setup:stop_too_wide: 0.41 > 1.5x ATR 0.21|orb_invalid|no_trade|||
CHAC|2025-11-03|09:30|HELD_A_2025-0605|17.43|11.1556|334370514|100.0|2763778|1.41|1762305|1.72||True|True|False|True|CS|CS|no_entry|no_trade||||never_crossed_orb_high|no_entry|no_trade|||
MTEX|2025-11-03|09:30|HELD_A_2025-0605|17.47|10.19|19370477|100.0|80317|17.13|80126||cooldown,adv_too_low|True|False|False|False|CS|CS|filled|settled|12.0|11.260000000000002|-1.0|stop_hit|filled|settled|-1.0|settled|-1.0
ABP|2025-11-04|09:30|HELD_A_2025-0605|18.79|5.27|14082610|100.0|213170|0.0|488119||adv_too_low|True|False|False|True|untyped_today|CS|no_entry|no_trade||||never_crossed_orb_high|no_entry|no_trade|||
TCMD|2025-11-04|09:50|HELD_A_2025-0605|46.69|15.77|352232128|100.0|423607|5.13|1975975|2.88||True|True|False|True|CS|CS|window_out_of_orb|no_trade||||window_out_of_orb|window_out_of_orb|no_trade|||
FRGE|2025-11-06|09:30|HELD_A_2025-0605|67.3|26.12|355006375|100.0|760336|40.81|1359645|7.16||True|True|False|True|untyped_today|CS|filled|settled|43.85|43.410000000000004|0.4773|sma_trail_stop|filled|settled|0.4773|settled|0.4773
BODI|2025-11-11|09:30|HELD_A_2025-0605|20.12|5.02|35522464|100.0|8076626|18.12|70756||adv_too_low|True|False|False|True|CS|CS|no_entry|no_trade||||never_crossed_orb_high|no_entry|no_trade|||
ENGN|2025-11-11|09:30|HELD_A_2025-0605|42.26|6.01|307662544|100.0|18600079|0.0|1374775|12.65||True|True|False|True|CS|CS|filled|settled|8.92|8.180000000000001|-1.0|stop_hit|filled|settled|-1.0|settled|-1.0
LPSN|2025-11-11|09:55|HELD_A_2025-0605|30.73|5.24|52607535|100.0|716736|0.0|1749686|10.07||True|True|False|True|CS|CS|window_out_of_orb|no_trade||||window_out_of_orb|window_out_of_orb|no_trade|||
PUBM|2025-11-11|09:50|HELD_A_2025-0605|31.44|7.65|355073235|100.0|661500|3.66|4809455|4.41||True|True|False|True|CS|CS|window_out_of_orb|no_trade||||window_out_of_orb|window_out_of_orb|no_trade|||
SRDX|2025-11-11|09:30|HELD_A_2025-0605|50.12|27.345|390968501|100.0|553608|3.5|2615424|3.86||True|True|False|True|untyped_today|CS|filled|settled|41.14|40.86|-1.0|stop_hit|filled|settled|-1.0|settled|-1.0
FTCI|2025-11-12|09:30|HELD_A_2025-0605|20.97|7.44|110668490|100.0|1665560|0.81|336567||adv_too_low|True|False|False|True|CS|CS|filled|settled|9.85|7.85|-0.571|stop_hit|filled|settled|-0.571|settled|-0.57
KZIA|2025-11-19|09:30|HELD_A_2025-0605|34.03|5.76|9622524|100.0|12595731|0.0|190694||adv_too_low|True|False|False|True|ADRC|ADRC|filled|settled|7.92|7.279999999999999|-1.0|stop_hit|filled|settled|-1.0|settled|-1.0
MAGN|2025-11-20|09:30|HELD_A_2025-0605|38.19|7.96|283376000|100.0|2052011|0.0|4995976|5.5||True|True|False|True|CS|CS|orb_invalid|no_trade||||setup:stop_too_wide: 1.30 > 1.5x ATR 0.44|orb_invalid|no_trade|||
SGBX|2025-11-20|09:50|HELD_A_2025-0605|31.8|6.07|34529529|97.7|11590594|221.16|1952380|12.79|extended,cooldown|False|False|False|False|untyped_today|CS|window_out_of_orb|no_trade||||window_out_of_orb|window_out_of_orb|no_trade|||
BLFY|2025-11-24|09:31|HELD_A_2025-0605|35.42|7.92|164428902|100.0|58848|3.26|388391||adv_too_low|True|False|False|True|CS|CS|orb_invalid|no_trade||||setup:stop_too_wide: 0.49 > 1.5x ATR 0.24|orb_invalid|no_trade|||
MFI|2025-11-24|09:30|HELD_A_2025-0605|20.7|11.4|18883633|100.0|215017|3.07|320633||adv_too_low|True|False|False|True|CS|CS|filled|unscoreable|14.0|13.2542||day0_stop_and_breakeven_same_bar|filled|unscoreable||excluded|
BNED|2025-11-25|09:30|HELD_A_2025-0605|28.85|6.69|227820236|100.0|341327|9.31|1611558|6.34||True|True|False|True|CS|CS|orb_invalid|no_trade||||setup:stop_too_wide: 0.69 > 1.5x ATR 0.42|orb_invalid|no_trade|||
QNTM|2025-11-26|09:55|HELD_A_2025-0605|18.16|8.04|30688584|100.0|254306|39.58|543750||adv_too_low|True|False|False|True|CS|CS|window_out_of_orb|no_trade||||window_out_of_orb|window_out_of_orb|no_trade|||
SMX|2025-11-28|09:30|HELD_A_2025-0605|92.53|17.4|18279953|100.0|6223314|310.38|1574683|15.53|extended,atr_too_high|False|False|False|True|CS|CS|orb_invalid|no_trade||||setup:stop_too_wide: 1008.61 > 1.5x ATR 603.09|orb_invalid|no_trade|||
CAPR|2025-12-03|09:55|HELD_A_2025-0605|440.88|6.36|290769501|100.0|4810835|38.26|9667021|9.99||True|True|False|True|CS|CS|window_out_of_orb|no_trade||||window_out_of_orb|window_out_of_orb|no_trade|||
PLRZ|2025-12-04|09:30|HELD_A_2025-0605|130.04|7.09|7385483|100.0|8686346|126.37|99506||extended,adv_too_low|False|False|False|True|CS|CS|filled|settled|17.02|15.559999999999999|-1.0|stop_hit|filled|settled|-1.0|settled|-1.0
PCSC|2025-12-05|09:50|HELD_A_2025-0605|15.14|10.7|118422250|100.0|732673|0.0|11816||adv_too_low|True|False|False|True|CS|CS|window_out_of_orb|no_trade||||window_out_of_orb|window_out_of_orb|no_trade|||
SNSE|2025-12-05|09:30|HELD_A_2025-0605|19.03|10.56|13319222|100.0|409596|28.78|163899||adv_too_low|True|False|False|True|CS|CS|abstain|unscoreable||||entry_window_gaps:2_of_29|abstain|unscoreable|||
BDRX|2025-12-08|09:30|HELD_A_2025-0605|43.85|5.04|3122396|100.0|9255046|11.26|126724||cooldown,adv_too_low|True|False|False|False|ADRC|ADRC|filled|unscoreable|37.34|35.042||day0_stop_and_breakeven_same_bar|filled|unscoreable||excluded|
FULC|2025-12-08|09:30|HELD_A_2025-0605|45.62|8.9|481654098|100.0|6024746|1.6|6881260|11.21||True|True|False|True|CS|CS|filled|settled|13.12|12.360000000000001|0.0|stop_hit|filled|settled|0.0|settled|0.0
MTVA|2025-12-08|09:31|HELD_A_2025-0605|22.22|8.1819|18892743|100.0|1067965|24.13|201808||adv_too_low|True|False|False|True|CS|CS|filled|settled|10.48|9.3202|0.0|stop_hit|filled|settled|0.0|settled|0.0
SUGP|2025-12-08|09:31|HELD_A_2025-0605|15.36|5.6|7754600|100.0|872223|0.54|208260||cooldown,adv_too_low|True|False|False|False|CS|CS|filled|settled|32.5|30.601|1.3333|stop_hit|filled|settled|1.3333|settled|1.3333
TGL|2025-12-08|09:30|HELD_A_2025-0605|101.38|25.44|431513382|100.0|1420505|324.42|337641||extended,adv_too_low|False|False|False|True|CS|CS|filled|settled|51.9399|44.0601|-1.0|stop_hit|filled|settled|-1.0|settled|-1.0
TWG|2025-12-08|09:30|HELD_A_2025-0605|58.24|6.01|4487643|100.0|5542168|6.56|81614||adv_too_low|True|False|False|True|CS|CS|orb_invalid|no_trade||||setup:stop_too_wide: 0.63 > 1.5x ATR 0.39|orb_invalid|no_trade|||
ATMV|2025-12-09|09:30|HELD_A_2025-0605|32.7|7.8449|25268007|100.0|3176090|0.0|114042||cooldown,adv_too_low|True|False|False|False|untyped_today|CS|filled|settled|10.41|9.79|1.3333|stop_hit|filled|settled|1.3333|settled|1.3333
MAMA|2025-12-09|09:55|HELD_A_2025-0605|23.88|11.18|454504263|100.0|330975|0.0|2614456|4.11||True|True|False|True|CS|CS|window_out_of_orb|no_trade||||window_out_of_orb|window_out_of_orb|no_trade|||
VOR|2025-12-09|09:30|HELD_A_2025-0605|26.26|8.36|183172867|100.0|16685498|11.02|5361390|11.01||True|True|False|True|CS|CS|no_entry|no_trade||||never_crossed_orb_high|no_entry|no_trade|||
XCUR|2025-12-09|09:30|HELD_A_2025-0605|72.23|5.33|33972722|100.0|12997042|8.78|142376||adv_too_low|True|False|False|True|CS|CS|filled|settled|9.24|8.540000000000001|-1.0|stop_hit|filled|settled|-1.0|settled|-1.0
ALOT|2025-12-10|09:45|HELD_A_2025-0605|19.22|7.18|54843877|100.0|37142|2.43|70733||adv_too_low|True|False|False|True|CS|CS|window_out_of_orb|no_trade||||window_out_of_orb|window_out_of_orb|no_trade|||
ASPC|2025-12-10|09:30|HELD_A_2025-0605|148.09|10.48|24497849|100.0|1111940|0.0|11894||adv_too_low|True|False|False|True|CS|CS|orb_invalid|no_trade||||setup:stop_too_wide: 1.58 > 1.5x ATR 0.38|orb_invalid|no_trade|||
ENVB|2025-12-10|09:30|HELD_A_2025-0605|96.96|5.92|3534110|100.0|15060129|3.5|145464||adv_too_low|True|False|False|True|CS|CS|filled|settled|12.15|10.81|-1.0|stop_hit|filled|settled|-1.0|settled|-1.0
HSPO|2025-12-10|09:30|HELD_A_2025-0605|30.91|17.5|42074095|100.0|764265|42.28|6848||adv_too_low|True|False|False|True|untyped_today|CS|orb_invalid|no_trade||||setup:stop_too_wide: 2.43 > 1.5x ATR 0.64|orb_invalid|no_trade|||
MIGI|2025-12-11|09:30|HELD_A_2025-0605|26.87|6.7|7659835|100.0|9404784|67.5|889511||extended,adv_too_low|False|False|False|True|CS|CS|filled|settled|8.7|7.840199999999999|0.0|stop_hit|filled|settled|0.0|settled|0.0
JZXN|2025-12-12|09:30|HELD_A_2025-0605|28.6|5.63|7070070|100.0|6802808|0.0|224024||adv_too_low|True|False|False|True|CS|CS|filled|unscoreable|7.3|7.0802000000000005||day0_fill_bar_straddles_stop|filled|unscoreable||excluded|
KPLT|2025-12-12|09:30|HELD_A_2025-0605|48.27|6.205|28811887|100.0|9574644|0.0|404737||adv_too_low|True|False|False|True|CS|CS|orb_invalid|no_trade||||setup:stop_too_wide: 0.97 > 1.5x ATR 0.47|orb_invalid|no_trade|||
MITK|2025-12-12|09:50|HELD_A_2025-0605|16.67|9.24|422659314|95.3|443442|1.2|3876625|2.82||True|True|False|True|CS|CS|window_out_of_orb|no_trade||||window_out_of_orb|window_out_of_orb|no_trade|||
RENT|2025-12-12|09:30|HELD_A_2025-0605|19.18|5.63|188867375|100.0|221358|21.86|286117||adv_too_low|True|False|False|True|CS|CS|filled|settled|6.98|6.42|-1.0|stop_hit|filled|settled|-1.0|settled|-1.0
RYM|2025-12-12|09:55|HELD_A_2025-0605|84.36|16.11|32261370|100.0|27181|0.56|180697||adv_too_low|True|False|False|True|CS|CS|window_out_of_orb|no_trade||||window_out_of_orb|window_out_of_orb|no_trade|||
ARBB|2025-12-15|09:31|HELD_A_2025-0605|15.06|7.24|12780453|100.0|992753|24.19|102346||cooldown,adv_too_low|True|False|False|False|CS|CS|filled|settled|8.4|7.799999999999999|0.0|stop_hit|filled|settled|0.0|settled|0.0
GLSI|2025-12-15|09:30|HELD_A_2025-0605|20.5|10.73|148659203|100.0|2086594|20.02|618894||adv_too_low|True|False|False|True|CS|CS|filled|settled|13.6499|12.210099999999999|-1.0|stop_hit|filled|settled|-1.0|settled|-1.0
KYTX|2025-12-15|09:30|HELD_A_2025-0605|38.95|8.78|384530373|100.0|4036424|12.56|3088022|7.29||True|True|False|True|CS|CS|filled|settled|12.5|11.48|-1.0|stop_hit|filled|settled|-1.0|settled|-1.0
INBS|2025-12-18|09:50|HELD_A_2025-0605|17.87|5.905|5666042|100.0|74211|7.36|72791||adv_too_low|True|False|False|True|CS|CS|window_out_of_orb|no_trade||||window_out_of_orb|window_out_of_orb|no_trade|||
ISSC|2025-12-18|09:50|HELD_A_2025-0605|28.84|10.99|193826509|100.0|510866|5.77|2810091|4.45||True|True|False|True|CS|CS|window_out_of_orb|no_trade||||window_out_of_orb|window_out_of_orb|no_trade|||
RDAC|2025-12-19|09:30|HELD_A_2025-0605|25.12|10.39|77918506|100.0|505208|17.16|142918||adv_too_low|True|False|False|True|CS|CS|abstain|unscoreable||||entry_window_gaps:4_of_29|abstain|unscoreable|||
VELO|2025-12-22|09:30|HELD_A_2025-0605|15.42|10.83|226478823|100.0|1959533|18.23|4390945|18.66|atr_too_high|True|False|False|True|CS|CS|filled|settled|13.965|10.939|1.3316|stop_hit|filled|settled|1.3316|settled|1.3301
ASPC|2025-12-26|09:30|HELD_A_2025-0605|65.13|13.42|31370337|100.0|688146|28.3|305871||cooldown,adv_too_low|True|False|False|False|CS|CS|filled|settled|24.5|19.94|1.3684|stop_hit|chase_cap_skip|no_trade||settled|1.3684
ASPC|2025-12-29|09:30|HELD_A_2025-0605|38.36|24.01|56125320|100.0|948182|93.01|1184069|42.66|extended,cooldown,atr_too_high|False|False|True|False|CS|CS|filled|settled|33.96|23.410000000000004|-1.0|stop_hit|filled|settled|-1.0|settled|-1.0
EKSO|2025-12-30|09:30|HELD_A_2025-0605|60.26|5.46|14322852|100.0|9805938|3.61|292771||adv_too_low|True|False|False|True|CS|CS|filled|settled|8.88|8.12|-1.0|stop_hit|filled|settled|-1.0|settled|-1.0
FLYE|2025-12-30|09:30|HELD_A_2025-0605|28.1|5.285|8627160|100.0|1883409|0.0|221514||adv_too_low|True|False|False|True|CS|CS|filled|settled|6.79|6.340000000000001|0.0|stop_hit|filled|settled|0.0|settled|0.0
FONR|2025-12-30|09:30|HELD_A_2025-0605|27.63|14.66|92303392|100.0|118433|1.45|405121||adv_too_low|True|False|False|True|CS|CS|filled|settled|18.8|18.62|-1.0|stop_hit|filled|settled|-1.0|settled|-1.0
ONTF|2025-12-30|09:30|HELD_A_2025-0605|36.18|5.86|247774835|100.0|550022|1.56|986139||adv_too_low|True|False|False|True|CS|CS|filled|settled|7.98|7.959999999999999|1.3333|stop_hit|filled|settled|1.3333|settled|1.3333
ESHA|2025-12-31|09:30|HELD_A_2025-0605|36.3|14.38|56116239|100.0|1925596|23.43|141984||adv_too_low|True|False|False|True|CS|CS|orb_invalid|no_trade||||setup:stop_too_wide: 2.06 > 1.5x ATR 1.34|orb_invalid|no_trade|||
VNDA|2025-12-31|09:30|HELD_A_2025-0605|21.34|7.03|415449309|97.5|1525697|2.78|9998000|6.32||True|True|False|True|CS|CS|filled|settled|8.72|8.28|0.0|stop_hit|filled|settled|0.0|settled|0.0
INBS|2026-01-05|09:45|HELD_A_2025-0605|39.54|7.89|9595274|94.9|49995|92.44|185527||extended,cooldown,adv_too_low|False|False|False|False|CS|CS|window_out_of_orb|no_trade||||window_out_of_orb|window_out_of_orb|no_trade|||
MNTS|2026-01-05|09:30|HELD_A_2025-0605|72.47|5.74|9583286|100.0|12039083|17.86|4775661|39.35|atr_too_high|True|False|False|True|CS|CS|filled|settled|10.97|8.65|-1.0|stop_hit|filled|settled|-1.0|settled|-1.0
MNTS|2026-01-07|09:30|HELD_A_2025-0605|19.02|9.83|16411794|94.9|2297948|101.85|5537496|21.08|extended,cooldown,atr_too_high|False|False|False|False|CS|CS|filled|settled|11.75|11.25|-1.0|stop_hit|filled|settled|-1.0|settled|-1.0
ACON|2026-01-08|09:30|HELD_A_2025-0605|42.0|5.75|3860383|100.0|21149271|28.92|479548||adv_too_low|True|False|False|True|CS|CS|filled|settled|8.4199|7.3401|-1.0|stop_hit|filled|settled|-1.0|settled|-1.0
OSS|2026-01-08|09:55|HELD_A_2025-0605|16.52|7.87|192936914|100.0|1569833|22.2|4895115|7.51||True|True|False|True|CS|CS|window_out_of_orb|no_trade||||window_out_of_orb|window_out_of_orb|no_trade|||
BCTX|2026-01-13|09:30|HELD_A_2025-0605|56.54|7.64|14393042|100.0|4322520|7.15|526268||adv_too_low|True|False|False|True|CS|CS|abstain|unscoreable||||entry_window_gaps:8_of_29|abstain|unscoreable|||
RFIL|2026-01-15|09:30|HELD_A_2025-0605|25.8|7.21|77246505|100.0|227029|26.27|354305||adv_too_low|True|False|False|True|CS|CS|filled|settled|9.07|8.009999999999998|1.2358|stop_hit|filled|settled|1.2358|settled|1.2358
RILY|2026-01-15|09:30|HELD_A_2025-0605|33.18|7.54|230701878|100.0|4853497|40.15|6779100|8.14||True|True|False|True|CS|CS|filled|settled|10.042|8.677999999999999|-1.0|stop_hit|filled|settled|-1.0|settled|-0.9985
ROLR|2026-01-15|09:30|HELD_A_2025-0605|20.96|18.89|160517983|100.0|4585963|739.56|165406||extended,adv_too_low|False|False|False|True|CS|CS|filled|settled|23.0|19.299999999999997|0.0|stop_hit|filled|settled|0.0|settled|0.0
ROLR|2026-01-16|09:50|HELD_A_2025-0605|15.58|23.75|201815886|95.1|1656759|955.56|183210||extended,cooldown,adv_too_low|False|False|False|False|CS|CS|window_out_of_orb|no_trade||||window_out_of_orb|window_out_of_orb|no_trade|||
AQMS|2026-01-21|09:35|HELD_A_2025-0605|17.61|6.16|18364334|100.0|8284038|6.02|610961||adv_too_low|True|False|False|True|CS|CS|filled|settled|7.09|6.7299999999999995|-1.0|stop_hit|chase_cap_skip|no_trade||settled|-1.0
BNAI|2026-01-21|09:30|HELD_A_2025-0605|47.32|6.15|32899751|100.0|23625613|86.36|7908371|18.34|extended,atr_too_high|False|False|False|True|CS|CS|filled|settled|9.06|7.999999999999998|0.0|stop_hit|filled|settled|0.0|settled|0.0
BTOG|2026-01-21|09:50|HELD_A_2025-0605|17.39|5.06|7537589|92.1|45269|0.0|376097||adv_too_low|True|False|False|True|CS|CS|window_out_of_orb|no_trade||||window_out_of_orb|window_out_of_orb|no_trade|||
GLSI|2026-01-22|09:30|HELD_A_2025-0605|21.93|22.3|308956220|100.0|2339575|4.74|13848156|17.25|cooldown,atr_too_high|True|False|False|False|CS|CS|filled|settled|27.87|26.13|-1.0|stop_hit|filled|settled|-1.0|settled|-1.0
MOVE|2026-01-23|09:30|HELD_A_2025-0605|188.95|6.9699|6339058|100.0|17708396|0.72|210339||adv_too_low|True|False|False|True|CS|CS|orb_invalid|no_trade||||setup:stop_too_wide: 1.89 > 1.5x ATR 0.46|orb_invalid|no_trade|||
RVYL|2026-01-23|09:30|HELD_A_2025-0605|40.27|5.24|6042721|100.0|7997009|10.32|412458||adv_too_low|True|False|False|True|CS|CS|filled|settled|7.38|6.9799999999999995|0.0|stop_hit|filled|settled|0.0|settled|0.0
LE|2026-01-26|09:50|HELD_A_2025-0605|34.27|14.05|429242505|100.0|251992|0.0|1991853|4.61||True|True|False|True|CS|CS|window_out_of_orb|no_trade||||window_out_of_orb|window_out_of_orb|no_trade|||
CPSH|2026-01-28|09:55|HELD_A_2025-0605|20.04|5.6|100683951|94.9|353571|7.9|1583508|10.82||True|True|False|True|CS|CS|window_out_of_orb|no_trade||||window_out_of_orb|window_out_of_orb|no_trade|||
GRI|2026-01-28|09:30|HELD_A_2025-0605|16.73|5.32|2853121|100.0|8187498|0.0|809600||adv_too_low|True|False|False|True|CS|CS|abstain|unscoreable||||entry_window_gaps:4_of_29|abstain|unscoreable|||
LTRX|2026-01-28|09:30|HELD_A_2025-0605|18.0|6.89|271180823|100.0|1041635|9.19|5491340|7.45||True|True|False|True|CS|CS|no_entry|no_trade||||never_crossed_orb_high|no_entry|no_trade|||
PDYN|2026-01-28|09:30|HELD_A_2025-0605|46.17|6.52|291505438|100.0|33014799|6.02|14743014|10.94||True|True|False|True|CS|CS|no_entry|no_trade||||never_crossed_orb_high|no_entry|no_trade|||
SILC|2026-01-29|09:55|HELD_A_2025-0605|16.14|15.06|85451901|100.0|70507|0.0|337334||adv_too_low|True|False|False|True|CS|CS|window_out_of_orb|no_trade||||window_out_of_orb|window_out_of_orb|no_trade|||
VENU|2026-01-29|09:30|HELD_A_2025-0605|25.29|5.14|221871976|100.0|356019|0.0|941393||adv_too_low|True|False|False|True|CS|CS|filled|settled|6.49|6.07|-1.0|stop_hit|filled|settled|-1.0|settled|-1.0
ANL|2026-01-30|09:30|HELD_A_2025-0605|39.66|6.53|240958750|100.0|2354631|252.97|159475||extended,adv_too_low|False|False|False|True|ADRC|ADRC|orb_invalid|no_trade||||setup:stop_too_wide: 1.55 > 1.5x ATR 0.54|orb_invalid|no_trade|||
PMN|2026-01-30|09:30|HELD_A_2025-0605|55.77|12.005|25840090|100.0|4630698|47.04|124863||adv_too_low|True|False|False|True|CS|CS|orb_invalid|no_trade||||setup:stop_too_wide: 1.91 > 1.5x ATR 0.77|orb_invalid|no_trade|||
FIEE|2026-02-03|09:30|HELD_A_2025-0605|20.16|5.16|32487159|100.0|1748379|8.86|248702||adv_too_low|True|False|False|True|CS|CS|filled|settled|6.22|5.9799999999999995|-1.0|stop_hit|filled|settled|-1.0|settled|-1.0
NPT|2026-02-03|09:30|HELD_A_2025-0605|41.58|5.7|126454500|100.0|13814894|6.34|167563||adv_too_low|True|False|False|True|CS|CS|filled|settled|8.07|6.15|-0.0365|stop_hit|filled|settled|-0.0365|settled|-0.0365
AVNW|2026-02-04|09:55|HELD_A_2025-0605|15.92|22.43|289398813|100.0|120247|4.86|2232382|4.28||True|True|False|True|CS|CS|window_out_of_orb|no_trade||||window_out_of_orb|window_out_of_orb|no_trade|||
PHOE|2026-02-04|09:50|HELD_A_2025-0605|50.52|16.45|355320000|92.6|14429|35.61|16966||adv_too_low,pm_shares_floor|True|False|False|True|CS|CS|window_out_of_orb|no_trade||||window_out_of_orb|window_out_of_orb|no_trade|||
MNTS|2026-02-09|09:30|HELD_A_2025-0605|24.67|6.0|10017372|100.0|13825645|8.89|4573205|18.35|cooldown,atr_too_high|True|False|True|False|CS|CS|filled|settled|7.9|7.039999999999999|-1.0|stop_hit|filled|settled|-1.0|settled|-1.0
JFB|2026-02-18|09:50|HELD_A_2025-0605|19.06|17.0|105119908|97.4|101175|0.0|1782937|32.55|atr_too_high|True|False|False|True|CS|CS|window_out_of_orb|no_trade||||window_out_of_orb|window_out_of_orb|no_trade|||
ANPA|2026-02-20|09:30|HELD_A_2025-0605|16.09|11.19|139875000|100.0|1974996|0.0|8580969|118.83|atr_too_high|True|False|False|True|CS|CS|filled|settled|13.59|12.370000000000001|-1.0|stop_hit|filled|settled|-1.0|settled|-1.0
JAKK|2026-02-20|09:55|HELD_A_2025-0605|23.9|18.16|204654647|100.0|142104|4.37|1834921|3.73||True|True|False|True|CS|CS|window_out_of_orb|no_trade||||window_out_of_orb|window_out_of_orb|no_trade|||
VNDA|2026-02-23|09:30|HELD_A_2025-0605|39.67|5.76|340462253|100.0|7253807|0.0|7808647|8.06|cooldown|True|False|False|False|CS|CS|filled|settled|8.11|7.790000000000001|0.0|stop_hit|filled|settled|0.0|settled|0.0
ANPA|2026-02-25|09:55|HELD_A_2025-0605|15.31|12.51|156375000|97.4|298813|52.93|8670021|96.15|extended,cooldown,atr_too_high|False|False|False|False|CS|CS|window_out_of_orb|no_trade||||window_out_of_orb|window_out_of_orb|no_trade|||
RYAM|2026-02-25|09:55|HELD_A_2025-0605|33.86|7.17|480430102|100.0|1199504|0.0|5062584|5.42||True|True|False|True|CS|CS|window_out_of_orb|no_trade||||window_out_of_orb|window_out_of_orb|no_trade|||
HCTI|2026-02-26|09:30|HELD_A_2025-0605|40.79|5.81|4398077|100.0|7169068|8.5|1062130|24.03|atr_too_high|True|False|False|True|CS|CS|filled|settled|8.4799|7.540099999999999|-1.0|stop_hit|filled|settled|-1.0|settled|-1.0
INTT|2026-02-27|09:55|HELD_A_2025-0605|16.12|9.99|124709496|100.0|108805|0.71|376889||adv_too_low|True|False|False|True|CS|CS|window_out_of_orb|no_trade||||window_out_of_orb|window_out_of_orb|no_trade|||
BATL|2026-03-02|09:30|HELD_A_2025-0605|93.84|5.52|90840228|100.0|22783207|35.29|6588013|13.98||True|True|False|True|CS|CS|filled|settled|10.8|9.98|-1.0|stop_hit|filled|settled|-1.0|settled|-1.0
INDO|2026-03-02|09:30|HELD_A_2025-0605|44.56|5.88|88126347|100.0|7091864|33.03|4239879|8.78||True|True|False|True|CS|CS|no_entry|no_trade||||never_crossed_orb_high|no_entry|no_trade|||
RLYB|2026-03-02|09:30|HELD_A_2025-0605|27.59|7.54|39814751|100.0|1024531|49.01|178643||adv_too_low|True|False|False|True|CS|CS|filled|settled|10.2|8.86|-0.6101|stop_hit|filled|settled|-0.6101|settled|-0.6119
BATL|2026-03-03|09:30|HELD_A_2025-0605|109.83|11.8|194187443|100.0|22712845|189.22|6834137|11.26|extended,cooldown|False|False|False|False|CS|CS|orb_invalid|no_trade||||setup:stop_too_wide: 2.70 > 1.5x ATR 1.33|orb_invalid|no_trade|||
MXC|2026-03-03|09:55|HELD_A_2025-0605|19.53|12.7|25984200|100.0|31884|20.84|73920||adv_too_low|True|False|False|True|CS|CS|window_out_of_orb|no_trade||||window_out_of_orb|window_out_of_orb|no_trade|||
SHMD|2026-03-04|09:50|HELD_A_2025-0605|32.76|6.41|356415012|100.0|573408|0.0|2768290|16.38|atr_too_high|True|False|False|True|CS|CS|window_out_of_orb|no_trade||||window_out_of_orb|window_out_of_orb|no_trade|||
PDYN|2026-03-05|09:35|HELD_A_2025-0605|16.35|7.43|332191013|100.0|15254304|10.73|11199614|7.27|cooldown|True|False|False|False|CS|CS|no_entry|no_trade||||triggered_above_limit_never_filled|filled|settled|-1.0||
INDO|2026-03-06|09:30|HELD_A_2025-0605|24.75|5.05|75686744|100.0|5260801|14.25|6141489|17.93|cooldown,atr_too_high|True|False|False|False|CS|CS|no_entry|no_trade||||never_crossed_orb_high|no_entry|no_trade|||
MXC|2026-03-06|09:30|HELD_A_2025-0605|18.14|13.12|26843520|97.6|35610|24.83|140309||cooldown,adv_too_low|True|False|False|False|CS|CS|filled|settled|15.62|14.78|-1.0|stop_hit|filled|settled|-1.0|settled|-1.0
TENX|2026-03-10|09:55|HELD_A_2025-0605|17.97|11.02|68804196|100.0|423195|3.09|2000798|8.05||True|True|False|True|CS|CS|window_out_of_orb|no_trade||||window_out_of_orb|window_out_of_orb|no_trade|||
TSSI|2026-03-11|09:30|HELD_A_2025-0605|16.52|11.05|318737659|100.0|3528934|21.96|6186907|7.03||True|True|False|True|CS|CS|filled|settled|13.0999|12.1001|-1.0|stop_hit|filled|settled|-1.0|settled|-1.0
CING|2026-03-16|09:50|HELD_A_2025-0605|15.07|8.69|95057590|100.0|466122|35.15|2187377|8.02||True|True|False|True|CS|CS|window_out_of_orb|no_trade||||window_out_of_orb|window_out_of_orb|no_trade|||
ELA|2026-03-19|09:55|HELD_A_2025-0605|37.47|11.61|301435956|100.0|107520|0.0|892810||adv_too_low|True|False|False|True|CS|CS|window_out_of_orb|no_trade||||window_out_of_orb|window_out_of_orb|no_trade|||
ARTL|2026-03-20|09:30|HELD_A_2025-0605|17.32|7.16|5071127|95.2|938631|90.43|77239||extended,adv_too_low|False|False|False|True|CS|CS|filled|unscoreable|76.23|72.27||day0_stop_and_breakeven_same_bar|filled|unscoreable||excluded|
ANNA|2026-03-24|09:30|HELD_A_2025-0605|26.67|5.455|221799651|97.6|6634169|68.89|2238061|21.08|extended,atr_too_high|False|False|False|True|CS|CS|filled|settled|7.09|6.609999999999999|0.0|stop_hit|filled|settled|0.0|settled|0.0
UGRO|2026-03-24|09:30|HELD_A_2025-0605|31.54|6.15|4622475|100.0|9620873|182.11|174330||extended,adv_too_low|False|False|False|True|CS|CS|filled|settled|8.13|7.289999999999999|-1.0|stop_hit|filled|settled|-1.0|settled|-1.0
UGRO|2026-03-25|09:30|HELD_A_2025-0605|15.1|7.02|5276386|95.1|4061333|222.02|177724||extended,cooldown,adv_too_low|False|False|False|False|CS|CS|filled|settled|8.4|7.720000000000001|-1.0|stop_hit|filled|settled|-1.0|settled|-1.0
ANNA|2026-03-26|09:30|HELD_A_2025-0605|15.78|6.97|283399371|90.5|1211833|115.79|2379986|19.63|extended,cooldown,atr_too_high|False|False|False|False|CS|CS|filled|settled|8.29|7.65|-1.0|stop_hit|filled|settled|-1.0|settled|-1.0
LOVE|2026-03-26|09:55|HELD_A_2025-0605|22.94|11.29|165028617|100.0|319171|7.12|2519111|6.56||True|True|False|True|CS|CS|window_out_of_orb|no_trade||||window_out_of_orb|window_out_of_orb|no_trade|||
NDLS|2026-03-26|09:55|HELD_A_2025-0605|49.34|6.06|35682631|100.0|83635|0.0|267272||adv_too_low|True|False|False|True|CS|CS|window_out_of_orb|no_trade||||window_out_of_orb|window_out_of_orb|no_trade|||
EEIQ|2026-03-30|09:30|HELD_A_2025-0605|50.57|6.98|10326763|100.0|15377320|265.45|70931||extended,adv_too_low|False|False|False|True|CS|CS|filled|settled|11.0|10.0|-1.0|stop_hit|filled|settled|-1.0|settled|-1.0
ASTC|2026-04-01|09:30|HELD_A_2025-0605|18.55|5.23|9199324|95.1|1336661|141.01|13867||extended,adv_too_low|False|False|False|True|CS|CS|abstain|unscoreable||||entry_window_gaps:9_of_29|abstain|unscoreable|||
EEIQ|2026-04-01|09:55|HELD_A_2025-0605|24.04|8.9|13167363|90.2|125202|310.14|84519||extended,cooldown,adv_too_low|False|False|False|False|CS|CS|window_out_of_orb|no_trade||||window_out_of_orb|window_out_of_orb|no_trade|||
ELAB|2026-04-01|09:30|HELD_A_2025-0605|16.86|5.99|3243351|95.1|5861795|258.68|266033||extended,adv_too_low|False|False|False|True|CS|CS|filled|settled|72.9|66.9|-1.0|stop_hit|filled|settled|-1.0|settled|-1.0
SKYQ|2026-04-07|09:30|HELD_A_2025-0605|27.4|5.0|149814195|100.0|18575703|108.33|450835||extended,adv_too_low|False|False|False|True|CS|CS|filled|settled|6.395|6.045|1.3333|stop_hit|filled|settled|1.3333|settled|1.3333
FBRX|2026-04-09|09:55|HELD_A_2025-0605|19.87|26.27|364776498|100.0|437624|5.67|4923074|10.34||True|True|False|True|CS|CS|window_out_of_orb|no_trade||||window_out_of_orb|window_out_of_orb|no_trade|||
SKYQ|2026-04-09|09:40|HELD_A_2025-0605|18.31|6.61|24836738|90.2|2551816|175.42|526486||extended,cooldown,adv_too_low|False|False|False|False|CS|CS|no_entry|no_trade||||triggered_above_limit_never_filled|chase_cap_skip|no_trade|||
ALMU|2026-04-13|09:30|HELD_A_2025-0605|30.45|10.755|194120286|100.0|2951431|0.23|7654686|10.39||True|True|False|True|CS|CS|filled|settled|14.6|13.299999999999999|0.0|stop_hit|filled|settled|0.0|settled|0.0
BBGI|2026-04-13|09:50|HELD_A_2025-0605|15.82|11.76|21214969|92.5|216933|274.52|61940||extended,adv_too_low|False|False|False|True|CS|CS|window_out_of_orb|no_trade||||window_out_of_orb|window_out_of_orb|no_trade|||
RENT|2026-04-14|09:50|HELD_A_2025-0605|22.11|5.79|193333334|92.5|87884|16.27|224873||adv_too_low|True|False|False|True|CS|CS|window_out_of_orb|no_trade||||window_out_of_orb|window_out_of_orb|no_trade|||
ROLR|2026-04-14|09:30|HELD_A_2025-0605|106.48|5.09|55430599|100.0|30802659|38.32|314043||adv_too_low|True|False|False|True|CS|CS|orb_invalid|no_trade||||setup:stop_too_wide: 1.24 > 1.5x ATR 0.42|orb_invalid|no_trade|||
WSHP|2026-04-16|09:30|HELD_A_2025-0605|193.37|8.22|89957074|100.0|17174200|66.06|528441||extended,adv_too_low|False|False|False|True|CS|CS|orb_invalid|no_trade||||setup:stop_too_wide: 4.15 > 1.5x ATR 1.26|orb_invalid|no_trade|||
BIRD|2026-04-17|09:40|HELD_A_2025-0605|21.72|10.91|95005731|95.2|3748006|356.49|119168||extended,adv_too_low|False|False|False|True|CS|CS|filled|settled|12.65|11.239999999999998|-1.0|stop_hit|chase_cap_skip|no_trade||settled|-1.0
PBM|2026-04-17|09:30|HELD_A_2025-0605|67.29|5.87|13461712|100.0|27083370|135.74|52611||extended,adv_too_low|False|False|False|True|CS|CS|no_entry|no_trade||||never_crossed_orb_high|no_entry|no_trade|||
WSHP|2026-04-17|09:30|HELD_A_2025-0605|33.82|14.265|156111638|100.0|5121849|188.18|590786||extended,cooldown,adv_too_low|False|False|False|False|CS|CS|no_entry|no_trade||||never_crossed_orb_high|no_entry|no_trade|||
JTAI|2026-04-20|09:30|HELD_A_2025-0605|15.52|7.28|4708791|100.0|3322394|20.13|1661962|29.3|atr_too_high|True|False|False|True|CS|CS|filled|settled|8.63|7.869999999999999|-1.0|stop_hit|filled|settled|-1.0|settled|-1.0
LZM|2026-04-20|09:50|HELD_A_2025-0605|16.02|5.18|442938184|97.6|515169|41.53|1196370|7.17||True|True|False|True|CS|CS|window_out_of_orb|no_trade||||window_out_of_orb|window_out_of_orb|no_trade|||
PBM|2026-04-20|09:30|HELD_A_2025-0605|72.57|7.6|17429133|100.0|14493271|184.64|59685||extended,cooldown,adv_too_low|False|False|False|False|CS|CS|filled|settled|13.72|12.22|0.0|stop_hit|filled|settled|0.0|settled|0.0
HCAI|2026-04-22|09:30|HELD_A_2025-0605|27.25|6.79|7893375|100.0|4560613|50.89|151884||extended,adv_too_low|False|False|False|True|CS|CS|no_entry|no_trade||||never_crossed_orb_high|no_entry|no_trade|||
WSHP|2026-04-22|09:50|HELD_A_2025-0605|21.56|10.11|110640635|90.2|503233|80.54|742104||extended,cooldown,adv_too_low|False|False|True|False|CS|CS|window_out_of_orb|no_trade||||window_out_of_orb|window_out_of_orb|no_trade|||
AKAN|2026-04-23|09:30|HELD_A_2025-0605|24.29|10.21|5456408|100.0|15615917|226.2|100935||extended,adv_too_low|False|False|False|True|CS|CS|no_entry|no_trade||||never_crossed_orb_high|no_entry|no_trade|||
TRT|2026-04-23|09:30|HELD_A_2025-0605|33.17|8.26|72271828|100.0|3452937|23.65|380435||adv_too_low|True|False|False|True|CS|CS|filled|settled|11.1113|10.4087|1.3333|stop_hit|filled|settled|1.3333|settled|1.3333
TZOO|2026-04-23|09:30|HELD_A_2025-0605|30.44|7.49|81883204|100.0|507585|17.03|595787||adv_too_low|True|False|False|True|CS|CS|filled|settled|10.04|9.400000000000002|0.0|stop_hit|filled|settled|0.0|settled|0.0
GLND|2026-04-27|09:30|HELD_A_2025-0605|28.66|6.21|162423991|100.0|7027115|21.29|7286157|22.2|atr_too_high|True|False|False|True|CS|CS|no_entry|no_trade||||never_crossed_orb_high|no_entry|no_trade|||
QUIK|2026-04-27|09:35|HELD_A_2025-0605|23.09|13.08|231783290|100.0|571296|10.1|2075103|6.03||True|True|False|True|CS|CS|no_entry|no_trade||||triggered_above_limit_never_filled|chase_cap_skip|no_trade|||
RMAX|2026-04-27|09:30|HELD_A_2025-0605|19.77|7.99|160938207|100.0|5946299|24.65|1296101|4.35||True|True|False|True|CS|CS|filled|settled|9.9|9.200000000000001|0.6857|sma_trail_stop|filled|settled|0.6857|settled|0.6857
SGMT|2026-04-27|09:30|HELD_A_2025-0605|23.04|5.86|190948727|100.0|11288353|0.0|1787809|6.9||True|True|False|True|CS|CS|orb_invalid|no_trade||||setup:stop_too_wide: 0.72 > 1.5x ATR 0.40|orb_invalid|no_trade|||
TORO|2026-04-27|09:30|HELD_A_2025-0605|15.36|6.9|199079380|92.7|124766|76.47|204711||extended,adv_too_low|False|False|False|True|CS|CS|filled|settled|8.2|7.620600000000001|-1.0009|stop_hit|filled|settled|-1.0009|settled|-1.0009
BBBY|2026-04-28|09:30|HELD_A_2025-0605|33.33|5.34|394192857|100.0|6532312|0.0|8525881|7.86||True|True|False|True|CS|CS|filled|settled|7.24|6.6196|-1.0|stop_hit|filled|settled|-1.0|settled|-1.0
DDI|2026-04-28|09:50|HELD_A_2025-0605|17.95|9.19|455396114|100.0|98197|4.67|269583||adv_too_low|True|False|False|True|ADRC|ADRC|window_out_of_orb|no_trade||||window_out_of_orb|window_out_of_orb|no_trade|||
AKAN|2026-04-29|09:40|HELD_A_2025-0605|21.98|17.49|9346971|90.2|2931635|438.15|151824||extended,cooldown,adv_too_low|False|False|False|False|CS|CS|filled|settled|20.2|18.82|5.9957|stop_hit|chase_cap_skip|no_trade||settled|5.9952
MRAM|2026-04-30|09:30|HELD_A_2025-0605|36.92|13.19|307603700|100.0|3301032|6.03|4892981|6.4||True|True|False|True|CS|CS|filled|settled|18.13|16.070000000000004|0.0|stop_hit|filled|settled|0.0|settled|0.0
AIOS|2026-05-01|09:55|HELD_A_2025-0605|59.33|9.32|30196036|91.4|242442|18.18|34683||adv_too_low|True|False|False|True|CS|CS|window_out_of_orb|no_trade||||window_out_of_orb|window_out_of_orb|no_trade|||
CUE|2026-05-01|09:30|HELD_A_2025-0605|128.97|14.74|47983992|100.0|6396742|18.35|6333671|40.5|atr_too_high|True|False|False|True|CS|CS|no_entry|no_trade||||never_crossed_orb_high|no_entry|no_trade|||
ISPC|2026-05-01|09:30|HELD_A_2025-0605|15.87|5.23|3878338|100.0|4542299|22.48|2772231|19.25|atr_too_high|True|False|False|True|CS|CS|filled|settled|6.06|5.56|-1.0|stop_hit|filled|settled|-1.0|settled|-1.0
MRAM|2026-05-01|09:55|HELD_A_2025-0605|15.75|18.28|428621708|97.7|798938|45.66|4977067|7.03|cooldown|True|False|False|False|CS|CS|window_out_of_orb|no_trade||||window_out_of_orb|window_out_of_orb|no_trade|||
ADVB|2026-05-04|09:30|HELD_A_2025-0605|16.51|5.27|7191105|100.0|3531391|0.0|210580||adv_too_low|True|False|False|True|CS|CS|filled|settled|6.204|6.035200000000001|0.0|stop_hit|filled|settled|0.0|settled|0.0
ASRT|2026-05-04|09:30|HELD_A_2025-0605|17.33|18.47|119007437|100.0|401326|2.38|4084415|0.74||True|True|False|True|CS|CS|filled|settled|21.68|21.619999999999997|-1.0|stop_hit|filled|settled|-1.0|settled|-1.0
CLNN|2026-05-04|09:30|HELD_A_2025-0605|21.58|6.14|72318805|100.0|12977331|5.86|400303||adv_too_low|True|False|False|True|CS|CS|no_entry|no_trade||||never_crossed_orb_high|no_entry|no_trade|||
MRDN|2026-05-04|09:55|HELD_A_2025-0605|35.91|11.0|139176587|95.8|31854|69.75|159828||extended,adv_too_low|False|False|False|True|CS|CS|window_out_of_orb|no_trade||||window_out_of_orb|window_out_of_orb|no_trade|||
RLYB|2026-05-04|09:30|HELD_A_2025-0605|48.99|9.41|49775842|100.0|6179698|9.04|410933||adv_too_low|True|False|False|True|CS|CS|orb_invalid|no_trade||||setup:stop_too_wide: 0.57 > 1.5x ATR 0.36|orb_invalid|no_trade|||
SSM|2026-05-04|09:30|HELD_A_2025-0605|22.67|6.0|8789004|100.0|113489|0.0|17799||adv_too_low|True|False|False|True|CS|CS|abstain|unscoreable||||entry_window_gaps:12_of_29|abstain|unscoreable|||
WYY|2026-05-05|09:55|HELD_A_2025-0605|16.38|8.85|87373050|100.0|148460|62.39|152589||extended,adv_too_low|False|False|False|True|CS|CS|window_out_of_orb|no_trade||||window_out_of_orb|window_out_of_orb|no_trade|||
AVTX|2026-05-06|09:30|HELD_A_2025-0605|40.22|16.26|434375120|100.0|3875358|26.44|9655374|7.27||True|True|False|True|CS|CS|orb_invalid|no_trade||||setup:stop_too_wide: 2.35 > 1.5x ATR 1.18|orb_invalid|no_trade|||
GDC|2026-05-06|09:30|HELD_A_2025-0605|25.21|5.99|363950669|100.0|292987|76.7|99475||extended,adv_too_low|False|False|False|True|CS|CS|orb_invalid|no_trade||||setup:stop_too_wide: 219.35 > 1.5x ATR 139.55|orb_invalid|no_trade|||
PN|2026-05-06|09:30|HELD_A_2025-0605|20.2|6.88|17461612|95.1|952500|211.31|154079||extended,adv_too_low|False|False|False|True|CS|CS|filled|settled|8.2766|6.603400000000001|-1.0|stop_hit|filled|settled|-1.0|settled|-1.002
QMCO|2026-05-06|09:55|HELD_A_2025-0605|19.47|8.27|121056500|100.0|647390|23.07|2290524|5.88||True|True|False|True|CS|CS|window_out_of_orb|no_trade||||window_out_of_orb|window_out_of_orb|no_trade|||
SKK|2026-05-06|09:35|HELD_A_2025-0605|15.11|5.56|13552500|100.0|4036563|227.06|84077||extended,adv_too_low|False|False|False|True|CS|CS|filled|settled|6.25|5.782000000000001|0.0|stop_hit|filled|settled|-1.0|settled|0.0
AGL|2026-05-07|09:55|HELD_A_2025-0605|82.59|27.85|464643440|100.0|519646|9.99|9563936|13.19||True|True|False|True|CS|CS|window_out_of_orb|no_trade||||window_out_of_orb|window_out_of_orb|no_trade|||
ATRA|2026-05-07|09:30|HELD_A_2025-0605|52.43|5.15|43838201|100.0|16122659|11.96|289411||adv_too_low|True|False|False|True|CS|CS|orb_invalid|no_trade||||setup:stop_too_wide: 0.61 > 1.5x ATR 0.35|orb_invalid|no_trade|||
CCRN|2026-05-07|09:50|HELD_A_2025-0605|28.93|10.11|313492639|100.0|705385|0.0|3110852|3.34||True|True|False|True|CS|CS|window_out_of_orb|no_trade||||window_out_of_orb|window_out_of_orb|no_trade|||
ERNA|2026-05-07|09:30|HELD_A_2025-0605|15.23|6.04|7043709|97.6|2826497|63.69|71347||extended,adv_too_low|False|False|False|True|CS|CS|no_entry|no_trade||||never_crossed_orb_high|no_entry|no_trade|||
APT|2026-05-11|09:50|HELD_A_2025-0605|16.38|6.44|65797042|97.6|96661|40.0|113050||adv_too_low|True|False|False|True|CS|CS|window_out_of_orb|no_trade||||window_out_of_orb|window_out_of_orb|no_trade|||
DGXX|2026-05-11|09:35|HELD_A_2025-0605|15.3|6.63|482862986|90.2|7366871|76.33|7004653|8.76|extended|False|False|False|True|CS|CS|filled|unscoreable|7.5|7.05||fwd_stop_and_breakeven_same_day:2026-05-12|filled|settled|-1.0|abstain|
HTCO|2026-05-12|09:30|HELD_A_2025-0605|24.82|7.05|52066534|100.0|5088548|21.13|2942331|102.13|atr_too_high|True|False|False|True|CS|CS|filled|settled|9.21|8.39|-1.0|stop_hit|filled|settled|-1.0|settled|-1.0
VELO|2026-05-13|09:55|HELD_A_2025-0605|34.28|14.06|418822795|100.0|2838910|14.96|22964935|12.44||True|True|False|True|CS|CS|window_out_of_orb|no_trade||||window_out_of_orb|window_out_of_orb|no_trade|||
HCAI|2026-05-18|09:30|HELD_A_2025-0605|63.18|5.54|6440250|100.0|4982227|0.0|940636||cooldown,adv_too_low|True|False|False|False|CS|CS|filled|settled|9.14|7.82|-1.0|stop_hit|filled|settled|-1.0|settled|-1.0
PIII|2026-05-19|09:40|HELD_A_2025-0605|29.12|9.17|30498118|95.1|440537|156.86|28789||extended,adv_too_low|False|False|False|True|CS|CS|no_entry|no_trade||||triggered_above_limit_never_filled|chase_cap_skip|no_trade|||
AKTX|2026-05-22|09:30|HELD_A_2025-0605|93.0|5.14|5883182|100.0|8020893|67.97|75254||extended,adv_too_low|False|False|False|True|ADRC|ADRC|filled|settled|10.41|9.21|-1.0|stop_hit|filled|settled|-1.0|settled|-1.0
CODX|2026-05-26|09:30|HELD_A_2025-0605|35.5|5.07|18542917|92.5|7200658|270.07|533535||extended,adv_too_low|False|False|False|True|CS|CS|no_entry|no_trade||||never_crossed_orb_high|no_entry|no_trade|||
CPSH|2026-05-26|09:50|HELD_A_2025-0605|48.08|6.0|108041778|100.0|762326|39.53|2043090|12.43||True|True|False|True|CS|CS|window_out_of_orb|no_trade||||window_out_of_orb|window_out_of_orb|no_trade|||
MNTS|2026-05-26|09:30|HELD_A_2025-0605|75.61|7.38|73743897|100.0|19647607|27.02|11817104|12.69||True|True|False|True|CS|CS|filled|settled|13.45|11.61|1.1775|stop_hit|filled|settled|1.1775|settled|1.1775
CPSH|2026-05-27|09:30|HELD_A_2025-0605|16.91|11.12|200237429|97.5|1146213|158.6|2056589|9.06|extended,cooldown|False|False|False|False|CS|CS|filled|settled|13.3|12.360199999999999|-1.0|stop_hit|filled|settled|-1.0|settled|-1.0
IPWR|2026-05-27|09:30|HELD_A_2025-0605|27.89|6.92|110775734|100.0|2872374|20.77|2689537|16.95|atr_too_high|True|False|False|True|CS|CS|filled|settled|8.93|7.990000000000002|-1.0|stop_hit|filled|settled|-1.0|settled|-1.0
MNTS|2026-05-27|09:30|HELD_A_2025-0605|25.68|15.48|154682321|100.0|12152558|166.44|12162955|9.92|extended,cooldown|False|False|False|False|CS|CS|filled|settled|20.89|17.568599999999996|-1.0|stop_hit|filled|settled|-1.0|settled|-1.0
QTTB|2026-05-27|09:30|HELD_A_2025-0605|29.34|7.09|120220982|100.0|4484590|28.91|1347225|8.83||True|True|False|True|CS|CS|orb_invalid|no_trade||||setup:stop_too_wide: 1.11 > 1.5x ATR 0.63|orb_invalid|no_trade|||
ASTC|2026-05-28|09:30|HELD_A_2025-0605|57.06|13.81|24291141|100.0|13201495|505.7|72937||extended,cooldown,adv_too_low|False|False|False|False|CS|CS|filled|settled|22.07|19.93|-1.0|stop_hit|filled|settled|-1.0|settled|-1.0
MX|2026-05-29|09:55|HELD_A_2025-0605|26.88|6.79|247433399|100.0|2959983|57.54|7973232|10.78|extended|False|False|False|True|CS|CS|window_out_of_orb|no_trade||||window_out_of_orb|window_out_of_orb|no_trade|||
NAKA|2026-05-29|09:55|HELD_A_2025-0605|16.25|5.6|97451978|92.9|180507|3.7|1041160|15.64|atr_too_high|True|False|False|True|CS|CS|window_out_of_orb|no_trade||||window_out_of_orb|window_out_of_orb|no_trade|||
NCSM|2026-06-02|09:55|HELD_A_2025-0605|17.35|46.51|122066565|100.0|66789|9.75|965820||adv_too_low|True|False|False|True|CS|CS|window_out_of_orb|no_trade||||window_out_of_orb|window_out_of_orb|no_trade|||
FOFO|2026-06-04|09:31|HELD_A_2025-0605|18.66|6.59|49893404|92.9|177329|262.09|90102||extended,adv_too_low|False|False|False|True|CS|CS|filled|settled|8.04|6.199999999999999|-1.0|stop_hit|filled|settled|-1.0|settled|-1.0
ROLR|2026-06-04|09:35|HELD_A_2025-0605|33.48|5.6|61426327|100.0|5991932|6.06|1269976|9.07|cooldown|True|False|False|False|CS|CS|orb_invalid|no_trade||||setup:stop_too_wide: 0.78 > 1.5x ATR 0.51|orb_invalid|no_trade|||
SPRC|2026-06-04|09:30|HELD_A_2025-0605|43.23|9.46|5422879|100.0|5731095|115.49|87238||extended,adv_too_low|False|False|False|True|CS|CS|filled|settled|14.07|12.05|-1.0|stop_hit|filled|settled|-1.0|settled|-1.0
STI|2026-06-04|09:30|HELD_A_2025-0605|391.47|5.04|39038242|100.0|48077092|8.39|258256||adv_too_low|True|False|False|True|CS|CS|orb_invalid|no_trade||||setup:stop_too_wide: 3.21 > 1.5x ATR 0.37|orb_invalid|no_trade|||
BBCP|2026-06-05|09:30|HELD_A_2025-0605|41.73|7.98|402139492|100.0|253433|3.77|851850||adv_too_low|True|False|False|True|CS|CS|orb_invalid|no_trade||||setup:stop_too_wide: 1.76 > 1.5x ATR 0.31|orb_invalid|no_trade|||
FOXX|2026-06-05|09:40|HELD_A_2025-0605|16.05|5.25|36966258|97.3|1163258|121.68|67707||extended,adv_too_low|False|False|False|True|CS|CS|no_entry|no_trade||||triggered_above_limit_never_filled|chase_cap_skip|no_trade|||
STI|2026-06-05|09:30|HELD_A_2025-0605|88.18|22.71|175904461|100.0|16858851|388.39|258256||extended,cooldown,adv_too_low|False|False|False|False|CS|CS|orb_invalid|no_trade||||setup:stop_too_wide: 4.24 > 1.5x ATR 2.72|orb_invalid|no_trade|||
OCC|2026-06-08|09:30|INSAMPLE_0608-0903|59.43|12.3|108628655|100.0|4777485|0.0|4508347|13.81||True|True|False|True|CS|CS|no_entry|no_trade||||never_crossed_orb_high|no_entry|no_trade|||
BNAI|2026-06-09|09:30|INSAMPLE_0608-0903|19.1|18.27|119049275|100.0|1248668|32.87|5581666|19.0|atr_too_high|True|False|False|True|CS|CS|filled|settled|22.21|20.89|-1.0|stop_hit|filled|settled|-1.0|settled|-1.0
RNAC|2026-06-09|09:30|INSAMPLE_0608-0903|19.62|5.86|172175672|100.0|330926|0.34|998861||adv_too_low|True|False|False|True|CS|CS|filled|settled|7.45|6.5506|0.0|stop_hit|filled|settled|0.0|settled|0.0
LAKE|2026-06-10|09:50|INSAMPLE_0608-0903|16.77|9.54|94151825|100.0|142772|2.8|823050||adv_too_low|True|False|False|True|CS|CS|window_out_of_orb|no_trade||||window_out_of_orb|window_out_of_orb|no_trade|||
EDHL|2026-06-12|09:30|INSAMPLE_0608-0903|41.47|5.98|9964324|97.6|5855010|129.02|180528||extended,adv_too_low|False|False|False|True|CS|CS|no_entry|no_trade||||never_crossed_orb_high|no_entry|no_trade|||
UBXG|2026-06-15|09:55|INSAMPLE_0608-0903|38.82|7.87|14307912|97.6|536469|159.74|332552||extended,adv_too_low|False|False|False|True|CS|CS|window_out_of_orb|no_trade||||window_out_of_orb|window_out_of_orb|no_trade|||
TDIC|2026-06-16|09:30|INSAMPLE_0608-0903|72.19|5.43|8153455|100.0|12106391|0.0|3113141|65.96|atr_too_high|True|False|False|True|CS|CS|filled|settled|9.7|8.060200000000002|-1.0|stop_hit|filled|settled|-1.0|settled|-1.0
ALOT|2026-06-17|09:50|INSAMPLE_0608-0903|70.64|16.69|129703431|100.0|92541|7.12|989524||adv_too_low|True|False|False|True|CS|CS|window_out_of_orb|no_trade||||window_out_of_orb|window_out_of_orb|no_trade|||
CLPT|2026-06-17|09:30|INSAMPLE_0608-0903|36.06|13.34|400060770|100.0|2556088|0.0|5771870|7.81||True|True|False|True|CS|CS|filled|settled|18.15|15.190000000000005|0.0334|stop_hit|filled|settled|0.0334|settled|0.0338
CAST|2026-06-18|09:30|INSAMPLE_0608-0903|131.26|5.15|212910342|100.0|52670961|770.67|208074||extended,adv_too_low|False|False|False|True|CS|CS|orb_invalid|no_trade||||setup:stop_too_wide: 1.66 > 1.5x ATR 0.64|orb_invalid|no_trade|||
ICCM|2026-06-22|09:30|INSAMPLE_0608-0903|30.74|5.4|15156185|97.5|7932166|153.52|366062||extended,adv_too_low|False|False|False|True|CS|CS|filled|settled|7.15|6.629999999999999|-1.0|stop_hit|filled|settled|-1.0|settled|-1.0
NXTS|2026-06-22|09:30|INSAMPLE_0608-0903|116.54|5.08|3710732|100.0|17130653|5.83|89631||adv_too_low|True|False|False|True|CS|CS|orb_invalid|no_trade||||setup:stop_too_wide: 1.92 > 1.5x ATR 0.81|orb_invalid|no_trade|||
QXL|2026-06-22|09:50|INSAMPLE_0608-0903|18.11|6.35|84686089|100.0|769328|37.0|421316||adv_too_low|True|False|False|True|CS|CS|window_out_of_orb|no_trade||||window_out_of_orb|window_out_of_orb|no_trade|||
BLZE|2026-06-23|09:30|INSAMPLE_0608-0903|26.97|8.12|487319616|100.0|4395294|0.12|10828234|7.44||True|True|False|True|CS|CS|filled|settled|10.35|8.889999999999999|3.9297|stop_hit|filled|settled|3.9297|settled|3.9315
WYY|2026-06-25|09:30|INSAMPLE_0608-0903|36.21|17.62|174212129|100.0|2970229|48.57|2004719|7.7|cooldown|True|False|False|False|CS|CS|orb_invalid|no_trade||||setup:stop_too_wide: 2.11 > 1.5x ATR 1.36|orb_invalid|no_trade|||
SDOT|2026-06-26|09:45|INSAMPLE_0608-0903|81.88|6.18|6252943|100.0|5351002|0.0|7950251|168.89|atr_too_high|True|False|False|True|CS|CS|window_out_of_orb|no_trade||||window_out_of_orb|window_out_of_orb|no_trade|||
AOUT|2026-06-29|09:50|INSAMPLE_0608-0903|16.81|11.6|145082592|95.0|47127|17.05|394552||adv_too_low|True|False|False|True|CS|CS|window_out_of_orb|no_trade||||window_out_of_orb|window_out_of_orb|no_trade|||
PAVS|2026-06-30|09:30|INSAMPLE_0608-0903|22.76|6.15|3092528|100.0|3240265|0.0|5493359|3163.79|atr_too_high|True|False|False|True|CS|CS|filled|settled|7.68|7.32|-1.0|stop_hit|filled|settled|-1.0|settled|-1.0
JLHL|2026-07-06|09:30|INSAMPLE_0608-0903|24.97|7.33|157218473|100.0|1484616|0.0|1107692|100.48|atr_too_high|True|False|False|True|CS|CS|filled|settled|9.16|8.760200000000001|-1.0|stop_hit|filled|settled|-1.0|settled|-1.0
CLRO|2026-07-07|09:30|INSAMPLE_0608-0903|37.0|7.0|18727884|100.0|5244274|117.39|31422||extended,adv_too_low|False|False|False|True|CS|CS|filled|settled|10.17|7.67|0.0|stop_hit|filled|settled|0.0|settled|0.0
NVVE|2026-07-10|09:31|INSAMPLE_0608-0903|18.11|8.78|4606427|95.1|57874|79.55|56988||extended,adv_too_low|False|False|False|True|CS|CS|filled|settled|10.37|8.050000000000002|1.3333|stop_hit|filled|settled|1.3333|settled|1.3333
QTTB|2026-07-13|09:30|INSAMPLE_0608-0903|63.34|11.21|190081412|100.0|7969872|0.0|4608118|13.54|cooldown|True|False|False|False|CS|CS|filled|settled|18.39|16.171999999999997|0.0|stop_hit|filled|settled|0.0|settled|0.0
LVLU|2026-07-14|09:30|INSAMPLE_0608-0903|17.43|8.32|23834321|100.0|52209|0.0|68429||adv_too_low|True|False|False|True|CS|CS|abstain|unscoreable||||entry_window_gaps:7_of_29|abstain|unscoreable|||
UBXG|2026-07-14|09:35|INSAMPLE_0608-0903|29.05|6.3|11453602|100.0|3371247|56.72|5345671|29.36|extended,cooldown,atr_too_high|False|False|False|False|CS|CS|filled|settled|9.04|7.060200000000002|-1.0|stop_hit|filled|settled|-1.0|settled|-1.0
ELVA|2026-07-15|09:30|INSAMPLE_0608-0903|54.63|7.89|390614017|100.0|5360556|1.28|3098715|8.14||True|True|False|True|CS|CS|orb_invalid|no_trade||||setup:stop_too_wide: 1.24 > 1.5x ATR 0.64|orb_invalid|no_trade|||
VEEE|2026-07-16|09:30|INSAMPLE_0608-0903|30.91|26.59|15187171|92.5|2190798|479.3|197982||extended,adv_too_low|False|False|False|True|CS|CS|filled|settled|35.49|33.79|0.0|stop_hit|filled|settled|0.0|settled|0.0
SDOT|2026-07-17|09:30|INSAMPLE_0608-0903|53.96|14.25|15059443|90.2|6079485|0.0|24439466|146.63|cooldown,atr_too_high|True|False|False|False|CS|CS|filled|settled|22.95|18.1602|0.386|stop_hit|filled|settled|0.386|settled|0.386
VEEE|2026-07-17|09:35|INSAMPLE_0608-0903|17.34|36.18|20664605|90.2|1078053|688.24|203876||extended,cooldown,adv_too_low|False|False|False|False|CS|CS|no_entry|no_trade||||triggered_above_limit_never_filled|chase_cap_skip|no_trade|||
ADVB|2026-07-20|09:30|INSAMPLE_0608-0903|33.4|5.03|8310229|100.0|5551184|2.65|64770||adv_too_low|True|False|False|True|CS|CS|filled|settled|6.75|5.970000000000001|0.0|stop_hit|filled|settled|0.0|settled|0.0
RPT|2026-07-21|09:55|INSAMPLE_0608-0903|19.38|10.63|82622355|92.3|105534|0.0|859744||adv_too_low|True|False|False|True|CS|CS|window_out_of_orb|no_trade||||window_out_of_orb|window_out_of_orb|no_trade|||
ADVB|2026-07-22|09:30|INSAMPLE_0608-0903|17.51|7.08|11697102|100.0|4112468|44.49|71889||cooldown,adv_too_low|True|False|False|False|CS|CS|filled|settled|8.98|7.180199999999999|1.6|stop_hit|filled|settled|1.6|settled|1.6
ADVB|2026-07-23|09:30|INSAMPLE_0608-0903|23.67|12.25|20238629|92.5|2218704|150.0|72594||extended,cooldown,adv_too_low|False|False|True|False|CS|CS|filled|settled|16.53|13.75|0.0|stop_hit|filled|settled|0.0|settled|0.0
ADVB|2026-07-24|09:30|INSAMPLE_0608-0903|37.6|16.78|27722792|90.2|1433990|242.45|79196||extended,cooldown,adv_too_low|False|False|True|False|CS|CS|filled|settled|23.1|20.36|-1.0|stop_hit|filled|settled|-1.0|settled|-1.0
DFNS|2026-07-28|09:30|INSAMPLE_0608-0903|56.26|13.1|13237484|100.0|9053925|235.9|1287217|27.85|extended,atr_too_high|False|False|False|True|CS|CS|filled|settled|21.6999|18.7001|5.0669|stop_hit|filled|settled|5.0669|settled|5.0669
FIRY|2026-07-28|09:30|INSAMPLE_0608-0903|67.05|8.36|130479177|100.0|6488510|3.59|806620||adv_too_low|True|False|False|True|CS|CS|orb_invalid|no_trade||||setup:stop_too_wide: 1.50 > 1.5x ATR 0.50|orb_invalid|no_trade|||
PMN|2026-07-28|09:30|INSAMPLE_0608-0903|19.97|11.72|105101362|100.0|323455|0.0|1235439|12.26||True|True|False|True|CS|CS|abstain|unscoreable||||entry_window_gaps:2_of_29|abstain|unscoreable|||
DFNS|2026-07-29|09:30|INSAMPLE_0608-0903|63.46|24.0|24251880|95.0|4087148|515.38|1516284|21.94|extended,cooldown,atr_too_high|False|False|False|False|CS|CS|filled|settled|42.99|32.05|-1.0|stop_hit|filled|settled|-1.0|settled|-1.0
DFNS|2026-07-30|09:30|INSAMPLE_0608-0903|67.38|50.22|50747059|92.7|2087380|1187.69|1980541|15.62|extended,cooldown,atr_too_high|False|False|True|False|CS|CS|filled|settled|84.93|72.07|-1.3002|stop_hit|filled|settled|-1.3002|settled|-1.3002
PN|2026-07-30|09:30|INSAMPLE_0608-0903|90.02|10.72|149008268|97.6|2229480|166.0|41346||extended,adv_too_low|False|False|False|True|CS|CS|filled|settled|20.48|15.919999999999998|-1.0|stop_hit|filled|settled|-1.0|settled|-1.0
FCUV|2026-08-03|09:50|INSAMPLE_0608-0903|30.6|11.6|8152608|100.0|5688919|548.04|56001||extended,adv_too_low|False|False|False|True|CS|CS|window_out_of_orb|no_trade||||window_out_of_orb|window_out_of_orb|no_trade|||
DBGI|2026-08-05|09:30|INSAMPLE_0608-0903|40.27|21.63|12429442|100.0|1318503|80.1|757650||extended,adv_too_low|False|False|False|True|CS|CS|no_entry|no_trade||||never_crossed_orb_high|no_entry|no_trade|||
GTE|2026-08-05|09:30|INSAMPLE_0608-0903|51.24|6.83|241645400|100.0|6614415|6.89|1755805|7.07||True|True|False|True|CS|CS|orb_invalid|no_trade||||setup:stop_too_wide: 1.16 > 1.5x ATR 0.48|orb_invalid|no_trade|||
ASPN|2026-08-06|09:55|INSAMPLE_0608-0903|53.69|5.01|415216040|100.0|2421078|22.49|4661648|6.58||True|True|False|True|CS|CS|window_out_of_orb|no_trade||||window_out_of_orb|window_out_of_orb|no_trade|||
FVN|2026-08-06|09:30|INSAMPLE_0608-0903|31.79|10.79|81399760|100.0|92759|21.24|175840||adv_too_low|True|False|False|True|CS|CS|filled|settled|14.52|12.9958|0.0|stop_hit|filled|settled|0.0|settled|0.0
BWMN|2026-08-10|09:50|INSAMPLE_0608-0903|55.6|27.23|476735597|100.0|272174|1.42|3720226|4.2||True|True|False|True|CS|CS|window_out_of_orb|no_trade||||window_out_of_orb|window_out_of_orb|no_trade|||
FF|2026-08-11|09:30|INSAMPLE_0608-0903|27.71|5.16|226334721|100.0|417355|5.31|1313368|4.56||True|True|False|True|CS|CS|filled|settled|6.88|6.19|-1.0|stop_hit|filled|settled|-1.0|settled|-1.0
WYHG|2026-08-11|09:30|INSAMPLE_0608-0903|40.38|5.72|71973227|100.0|5858637|71.23|81958||extended,adv_too_low|False|False|False|True|ADRC|ADRC|filled|settled|8.31|7.6502|-0.1212|stop_hit|filled|settled|-0.1212|settled|-0.1212
AIRO|2026-08-13|09:50|INSAMPLE_0608-0903|26.27|8.49|267901950|100.0|761801|18.91|2420218|5.49||True|True|False|True|CS|CS|window_out_of_orb|no_trade||||window_out_of_orb|window_out_of_orb|no_trade|||
LNSR|2026-08-13|09:30|INSAMPLE_0608-0903|19.24|6.29|77251144|100.0|749243|16.91|208597||adv_too_low|True|False|False|True|CS|CS|filled|settled|7.7099|7.1901|1.4431|sma_trail_stop|filled|settled|1.4431|settled|1.4431
AKAN|2026-08-14|09:30|INSAMPLE_0608-0903|55.89|5.01|2709613|100.0|6715587|0.0|291939||adv_too_low|True|False|False|True|CS|CS|filled|settled|7.99|7.01|-1.0|stop_hit|filled|settled|-1.0|settled|-1.0
BOXL|2026-08-14|09:30|INSAMPLE_0608-0903|30.44|6.8|4535988|95.2|2339413|132.08|75006||extended,adv_too_low|False|False|False|True|CS|CS|no_entry|no_trade||||never_crossed_orb_high|no_entry|no_trade|||
IMXI|2026-08-14|09:30|INSAMPLE_0608-0903|21.71|11.7|353476036|100.0|957444|3.08|4349228|4.84||True|True|False|True|CS|CS|filled|settled|14.25|13.870000000000001|-1.0|stop_hit|filled|settled|-1.0|settled|-1.0
FIEE|2026-08-17|09:30|INSAMPLE_0608-0903|17.0|5.0|42642990|100.0|2049489|50.6|308424||extended,adv_too_low|False|False|False|True|CS|CS|filled|settled|5.93|4.77|-1.0|stop_hit|filled|settled|-1.0|settled|-1.0
NNNN|2026-08-17|09:50|INSAMPLE_0608-0903|29.06|8.74|383609088|100.0|69835|0.0|324976||adv_too_low|True|False|False|True|CS|CS|window_out_of_orb|no_trade||||window_out_of_orb|window_out_of_orb|no_trade|||
WETO|2026-08-17|09:30|INSAMPLE_0608-0903|23.6|8.22|6746976|97.5|2171611|127.7|1267020|31.31|extended,atr_too_high|False|False|False|True|CS|CS|filled|settled|10.25|9.79|13.0848|stop_hit|filled|settled|13.0848|settled|13.0145
DUOT|2026-08-18|09:50|INSAMPLE_0608-0903|18.87|10.28|322927655|97.5|942144|17.22|5440379|6.96||True|True|False|True|CS|CS|window_out_of_orb|no_trade||||window_out_of_orb|window_out_of_orb|no_trade|||
WEAV|2026-08-18|09:40|INSAMPLE_0608-0903|31.92|5.53|442395128|100.0|3810737|10.38|7015045|7.92||True|True|False|True|CS|CS|filled|settled|7.3|7.260000000000001|0.2|stop_hit|filled|settled|0.2|settled|0.0
WETO|2026-08-18|09:30|INSAMPLE_0608-0903|75.07|24.59|20183472|95.0|3240326|581.16|1275671|16.15|extended,cooldown,atr_too_high|False|False|False|False|CS|CS|filled|settled|43.36|34.14|-1.0|stop_hit|filled|settled|-1.0|settled|-1.0
ARCT|2026-08-19|09:31|INSAMPLE_0608-0903|24.24|8.21|233353396|100.0|1402078|16.45|2841168|6.21||True|True|False|True|CS|CS|orb_invalid|no_trade||||setup:stop_too_wide: 0.88 > 1.5x ATR 0.51|orb_invalid|no_trade|||
TNON|2026-08-19|09:30|INSAMPLE_0608-0903|114.13|5.45|3635406|100.0|15159121|10.77|160259||adv_too_low|True|False|False|True|CS|CS|filled|settled|12.1|9.3602|-0.0219|stop_hit|filled|settled|-0.0219|settled|-0.0219
IPST|2026-08-20|09:40|INSAMPLE_0608-0903|15.98|8.45|6097334|92.9|450770|342.41|24646||extended,adv_too_low|False|False|False|True|CS|CS|filled|settled|8.95|8.129999999999999|1.3984|stop_hit|chase_cap_skip|no_trade||settled|1.3984
WETO|2026-08-20|09:30|INSAMPLE_0608-0903|46.19|20.76|17039808|90.5|1726060|475.07|1680037|33.91|extended,cooldown,atr_too_high|False|False|True|False|CS|CS|filled|settled|30.6618|27.7984|0.0|stop_hit|filled|settled|0.0|settled|0.0
SDOT|2026-08-24|09:30|INSAMPLE_0608-0903|63.28|13.18|19174633|100.0|8463154|56.16|1635756|16.15|extended,cooldown,atr_too_high|False|False|True|False|CS|CS|filled|settled|23.71|19.1864|0.0|stop_hit|filled|settled|0.0|settled|0.0
GRML|2026-08-25|09:30|INSAMPLE_0608-0903|20.47|8.55|27163461|100.0|563275|3.01|533390||adv_too_low|True|False|False|True|CS|CS|no_entry|no_trade||||never_crossed_orb_high|no_entry|no_trade|||
XPON|2026-08-26|09:30|INSAMPLE_0608-0903|21.44|5.27|5023317|95.1|1865989|53.42|135097||extended,adv_too_low|False|False|False|True|CS|CS|filled|settled|6.4006|6.1994|1.3333|stop_hit|filled|settled|1.3333|settled|1.3313
MOVE|2026-08-31|09:30|INSAMPLE_0608-0903|31.33|11.49|317667534|100.0|3865765|33.76|888203||adv_too_low|True|False|False|True|CS|CS|no_entry|no_trade||||never_crossed_orb_high|no_entry|no_trade|||
PXS|2026-09-01|09:45|INSAMPLE_0608-0903|15.3|5.36|54882080|100.0|140137|3.08|189562||adv_too_low|True|False|False|True|CS|CS|window_out_of_orb|no_trade||||window_out_of_orb|window_out_of_orb|no_trade|||
WETO|2026-09-01|09:55|INSAMPLE_0608-0903|24.82|5.48|5906349|97.6|7029628|0.0|9180778|184.99|cooldown,atr_too_high|True|False|True|False|CS|CS|window_out_of_orb|no_trade||||window_out_of_orb|window_out_of_orb|no_trade|||
BIAF|2026-09-02|09:45|INSAMPLE_0608-0903|41.77|6.59|3903435|97.6|741688|44.52|240069||adv_too_low|True|False|False|True|CS|CS|window_out_of_orb|no_trade||||window_out_of_orb|window_out_of_orb|no_trade|||
JLHL|2026-09-02|09:30|INSAMPLE_0608-0903|26.33|5.62|120541312|100.0|7810086|0.0|1053686|11.23|cooldown|True|False|False|False|CS|CS|filled|settled|7.31|6.7299999999999995|-1.0|stop_hit|filled|settled|-1.0|settled|-1.0
AEHL|2026-09-03|09:30|INSAMPLE_0608-0903|48.25|5.43|6160487|100.0|7267506|53.39|1019093|28.57|extended,atr_too_high|False|False|False|True|CS|CS|no_entry|no_trade||||never_crossed_orb_high|no_entry|no_trade|||
BIAF|2026-09-03|09:30|INSAMPLE_0608-0903|35.38|9.75|5775188|100.0|5765240|113.82|264908||extended,cooldown,adv_too_low|False|False|False|False|CS|CS|filled|unscoreable|13.2899|11.0501||fwd_stop_and_breakeven_same_day:2026-09-04|filled|unscoreable||abstain|
CHPT|2026-09-03|09:45|INSAMPLE_0608-0903|49.71|5.19|140130000|97.7|926693|0.0|2122095|5.51||True|True|False|True|CS|CS|window_out_of_orb|no_trade||||window_out_of_orb|window_out_of_orb|no_trade|||
