q|ticker|trade_date|open_price|high_price|low_price|close|volume|x1
bar|ABVX|2026-05-01|117.42|119.06|115.63|117.61|442753|
bar|ABVX|2026-05-04|118.31|119.035|114.85|117.13|566288|
bar|ABVX|2026-05-05|124.25|125.36|119.7|123.78|1261851|
bar|ABVX|2026-05-06|125.64|129.181|123.45|126.54|1239846|
bar|ABVX|2026-05-07|126.56|128.89|124.04|124.65|1180786|
bar|ABVX|2026-05-08|124.84|126.735|121.21|122.74|905600|
bar|ABVX|2026-05-11|122.11|124.395|119.18|122.13|677801|
bar|ABVX|2026-05-12|123.11|123.745|120.5|121.39|734477|
bar|ABVX|2026-05-13|121|123.53|118.815|121.91|721520|
bar|ABVX|2026-05-14|121.45|122.34|118.68|121|692134|
bar|ABVX|2026-05-15|118.85|119.05|114.445|114.53|942742|
bar|ABVX|2026-05-18|114.43|115.33|110.82|113.55|798036|
bar|ABVX|2026-05-19|111.5|115.255|109.93|113.73|1100508|
bar|ABVX|2026-05-20|115.36|121|114.07|119.9|1242050|
bar|ABVX|2026-05-21|118.49|126.41|117.0001|124.03|1645334|
bar|ABVX|2026-05-22|125|125.64|120.05|121.99|1170410|
bar|ABVX|2026-05-26|126.63|128.465|120.8|126.41|1243249|
bar|ABVX|2026-05-27|128.1|131.28|126|129.73|1051703|
bar|ABVX|2026-05-28|133.64|135.075|129.1101|129.5|1165652|
bar|ABVX|2026-05-29|130.61|133.5|127.89|132.63|1883674|
bar|ABVX|2026-06-01|133.15|133.27|128.3697|129.69|3450791|
bar|ABVX|2026-06-02|77.525|83.34|69.81|72.5|16046020|
bar|ABVX|2026-06-03|81.26|92.1399|80.77|90.15|7146449|
bar|ABVX|2026-06-04|93.3|105.65|92.65|104.93|4986373|
bar|ABVX|2026-06-05|105.18|108.175|98.23|101.53|2622665|
bar|ABVX|2026-06-08|101.8|105.4316|96|101.53|1792893|
bar|ABVX|2026-06-09|101.4|103.035|96.84|102.72|1176613|
bar|ABVX|2026-06-10|101.89|101.9|96.77|98.03|1345348|
bar|ABVX|2026-06-11|96.76|101.475|95.87|100.87|1104023|
bar|ABVX|2026-06-12|99.41|100.9|96.21|96.55|1024976|
bar|ABVX|2026-06-15|99.6|103.93|95.7|98.26|2002132|
bar|ABVX|2026-06-16|98.995|101.155|96.06|97.5|1944161|
bar|ABVX|2026-06-17|97.62|103.71|96|100.15|1731060|
bar|ABVX|2026-06-18|100.55|101.49|97.83|99.15|1697522|
bar|ABVX|2026-06-22|99.1|103.83|97.5|101.66|2196022|
bar|ABVX|2026-06-23|101.71|102.24|97.2|98.43|1560304|
bar|ABVX|2026-06-24|97.94|98.46|74.79|92.51|6722087|
bar|ABVX|2026-06-25|90.14|93.2|87.01|92.37|1767280|
bar|ABVX|2026-06-26|93.015|99.2299|93.015|97.5|1663684|
bar|ABVX|2026-06-29|98.39|99.06|93.05|96.15|1368374|
bar|ABVX|2026-06-30|130.895|137.11|128.191|133.26|8547467|
bar|ABVX|2026-07-01|138|139.35|131.86|132.56|4485640|
bar|ABVX|2026-07-02|138.87|146.68|137.632|144.65|3941645|
bar|ABVX|2026-07-06|146.15|147.98|143.03|143.99|1465464|
bar|ABVX|2026-07-07|142.5|145.01|140.5595|142.17|1236075|
bar|ABVX|2026-07-08|140.81|141.7499|136.85|138.54|1202265|
bar|ABVX|2026-07-09|140.51|141|140.13|140.74|280983|
bar|ABVX|2026-07-10|140.74|141|137.72|139.9|791795|
bar|ABVX|2026-07-13|137.29|138.75|134.6|135.98|1034606|
bar|ABVX|2026-07-14|138|138|134.6|134.91|922735|
bar|ABVX|2026-07-15|134.1|137.32|133.382|136.94|932007|
bar|ABVX|2026-07-16|134.5|139.395|133|137.77|1548475|
bar|ABVX|2026-07-17|136.07|138.36|134.0001|136.65|1408192|
bar|ABVX|2026-07-20|137|138.32|130.855|131.5|1091526|
bar|ABVX|2026-07-21|131.78|134.74|131.0925|134.09|751756|
bar|ABVX|2026-07-22|133.02|134|129.11|129.73|698573|
bar|ABVX|2026-07-23|128.27|131.415|127.4205|131.16|743855|
bar|ABVX|2026-07-24|133.15|133.23|125.68|125.7|949583|
bar|ABVX|2026-07-27|125.93|130|124.0001|128|662215|
bar|ABVX|2026-07-28|126.21|126.5|121.7|124.23|1013498|
bar|ABVX|2026-07-29|124.9|125.24|118.1801|118.84|1144817|
bar|ABVX|2026-07-30|119.6|125.39|119|124.33|1489637|
bar|ABVX|2026-07-31|127.26|127.51|120.62|124.92|1236117|
bar|ABVX|2026-08-03|120.4|126|119.53|124.78|937868|
bar|ABVX|2026-08-04|125.01|126|123.84|125.19|634594|
bar|ABVX|2026-08-05|126.39|130.07|125.17|125.39|659794|
bar|ABVX|2026-08-06|126|131.25|125.64|130|972435|
bar|ABVX|2026-08-07|132.05|133.52|130.01|130.93|898916|
bar|ABVX|2026-08-10|129.92|130.5|127.12|127.5|754646|
bar|ABVX|2026-08-11|127.85|128.5|125.08|126.81|465632|
bar|ABVX|2026-08-12|126.81|128.19|125.22|125.52|509998|
bar|ABVX|2026-08-13|126.28|126.28|120.55|121.45|811834|
bar|ABVX|2026-08-14|120.74|121.97|117.9|118.96|899789|
bar|ABVX|2026-08-17|118.88|123.4199|118.7163|120.73|893409|
bar|ABVX|2026-08-18|120|121.25|118.5|118.94|481791|
bar|ABVX|2026-08-19|120.33|121.08|119.08|120.56|637008|
bar|ABVX|2026-08-20|120|120.11|116.2|118.195|1193471|
bar|ABVX|2026-08-21|117.69|120.26|114.5|114.95|982589|
bar|ABVX|2026-08-24|114|116.22|113.29|116.15|1187859|
bar|ABVX|2026-08-25|118.19|121.45|117.66|117.93|852734|
bar|ABVX|2026-08-26|117|118|116.01|116.52|511240|
bar|ABVX|2026-08-27|116.69|117.24|114.18|114.3|1073813|
bar|ABVX|2026-08-28|114.34|115.17|111.7229|113.35|925690|
bar|ABVX|2026-08-31|112.17|114.33|111.36|111.73|1056674|
bar|ABVX|2026-09-01|111|115.11|110.22|113.67|991126|
bar|ABVX|2026-09-02|114.37|115.66|111.01|111.08|867636|
bar|ABVX|2026-09-03|112.312|116.1|112.1|114.035|879129|
bar|ABVX|2026-09-04|114.15|115.33|112.782|114.79|489813|
bar|ABVX|2026-09-08|114|120.3|112.95|118.95|1604412|
bar|ABVX|2026-09-09|118.19|120.63|116.625|119.46|978222|
bar|ABVX|2026-09-10|117.8|118.75|114.3019|115.95|1202115|
bar|ABVX|2026-09-11|115.46|119.0199|114.68|118.64|893271|
bar|ABVX|2026-09-14|116.66|117.135|113.2|113.58|1155802|
bar|ABVX|2026-09-15|113|113.105|106.0004|106.66|2004437|
bar|ABVX|2026-09-16|106.38|107.1599|101.2873|102.23|1894195|
bar|ABVX|2026-09-17|104.59|107.6|104.15|106.99|1150242|
bar|ABVX|2026-09-18|107|107.185|103.89|105.04|870354|
bar|ABVX|2026-09-21|105.72|105.72|102.52|103.45|857984|
bar|ABVX|2026-09-22|102.74|102.74|96.74|98.29|2529074|
bar|ABVX|2026-09-23|98.3|98.5|92.57|94.13|2633736|
bar|ABVX|2026-09-24|92.97|95.88|91.96|94.87|1661707|
bar|ABVX|2026-09-25|94|94.16|90.96|91.06|1484292|
bar|ABVX|2026-09-28|91.5|97.27|91.45|96.85|1677383|
bar|ABVX|2026-09-29|96.97|99.17|94.4|98.5|1437355|
bar|ABVX|2026-09-30|99.335|100.08|97.46|99.02|886106|
bar|ABVX|2026-10-01|96.6|97.125|93.87|95.1|1244142|
bar|ABVX|2026-10-02|95.82|95.82|92.58|92.88|644125|
bar|ABVX|2026-10-05|92.27|92.61|89.4|91.73|840147|
bar|ABVX|2026-10-06|93.67|93.67|87.83|88.22|1941164|
bar|ABVX|2026-10-07|86.86|88.4599|86|87.01|1297324|
bar|ABVX|2026-10-08|86.7|89.1|84.11|89.05|2090380|
bar|ABVX|2026-10-09|90.21|90.56|87.39|88.15|884873|
bar|AMLX|2026-05-01|16.09|16.19|15.59|16.01|756065|
bar|AMLX|2026-05-04|15.88|16.46|15.7825|16.46|958701|
bar|AMLX|2026-05-05|16.61|16.94|15.98|16.43|1024208|
bar|AMLX|2026-05-06|16.51|16.56|15.6|16.06|1376741|
bar|AMLX|2026-05-07|15.98|15.98|14.7|15.2|1397382|
bar|AMLX|2026-05-08|15.2|15.46|14.51|14.73|1892398|
bar|AMLX|2026-05-11|14.84|15.23|14.7|14.88|1722705|
bar|AMLX|2026-05-12|14.81|14.83|14.22|14.44|1084679|
bar|AMLX|2026-05-13|14.37|14.8|14.24|14.58|1055870|
bar|AMLX|2026-05-14|14.68|14.71|13.87|13.88|779537|
bar|AMLX|2026-05-15|13.54|13.9|13.17|13.285|989958|
bar|AMLX|2026-05-18|13.41|13.5579|12.63|12.86|940609|
bar|AMLX|2026-05-19|12.79|12.99|12.44|12.74|1133295|
bar|AMLX|2026-05-20|12.93|13.71|12.81|13.61|1701224|
bar|AMLX|2026-05-21|13.51|13.97|13.19|13.93|1021046|
bar|AMLX|2026-05-22|13.95|14.06|13.57|13.58|818485|
bar|AMLX|2026-05-26|13.67|13.96|13.435|13.68|674208|
bar|AMLX|2026-05-27|13.91|14.245|13.74|14.07|542258|
bar|AMLX|2026-05-28|13.955|14.28|13.85|14.22|563691|
bar|AMLX|2026-05-29|14.19|14.37|13.95|14.35|842554|
bar|AMLX|2026-06-01|14.09|14.235|13.9|14.07|683457|
bar|AMLX|2026-06-02|13.85|13.93|12.8|13.29|1650070|
bar|AMLX|2026-06-03|13.3|13.525|13.011|13.2|1026740|
bar|AMLX|2026-06-04|13.25|14.405|13.24|14.31|2240288|
bar|AMLX|2026-06-05|14.25|14.47|12.965|13.32|1738125|
bar|AMLX|2026-06-08|13.505|13.56|12.62|13.01|2093573|
bar|AMLX|2026-06-09|13.25|13.86|13.08|13.55|998281|
bar|AMLX|2026-06-10|13.59|14.16|13.26|13.46|921416|
bar|AMLX|2026-06-11|13.46|14|13.12|13.91|2078128|
bar|AMLX|2026-06-12|13.9|14.87|13.84|14.59|1468120|
bar|AMLX|2026-06-15|14.79|16.08|14.69|15.19|2900346|
bar|AMLX|2026-06-16|15.07|15.69|14.81|15.05|1119684|
bar|AMLX|2026-06-17|15.12|15.5744|15.025|15.25|1090358|
bar|AMLX|2026-06-18|15.315|16.2|15.315|15.67|1251955|
bar|AMLX|2026-06-22|15.91|16.38|15.73|16.28|1353100|
bar|AMLX|2026-06-23|16.055|17.165|15.71|16.37|1835131|
bar|AMLX|2026-06-24|16.31|17.15|16.14|17|1510475|
bar|AMLX|2026-06-25|17.47|18.74|17.26|17.44|3176317|
bar|AMLX|2026-06-26|17.405|18.0346|17.1522|17.79|3498117|
bar|AMLX|2026-06-29|17.79|18.75|17.46|18.7|2368202|
bar|AMLX|2026-06-30|18.79|19.15|17.84|17.96|1905668|
bar|AMLX|2026-07-01|17.84|18.05|17.378|17.95|1735863|
bar|AMLX|2026-07-02|18.12|18.595|17.5219|18.27|1378733|
bar|AMLX|2026-07-06|18.01|18.61|17.56|17.97|1355841|
bar|AMLX|2026-07-07|18.04|18.59|17.75|18.17|1495605|
bar|AMLX|2026-07-08|18.15|18.54|17.42|17.88|877070|
bar|AMLX|2026-07-09|18.02|18.51|17.99|18.38|929416|
bar|AMLX|2026-07-10|18.335|18.335|17.15|17.77|1061269|
bar|AMLX|2026-07-13|17.51|17.53|16.96|17.41|1466151|
bar|AMLX|2026-07-14|17.48|18.54|17.11|18.2|1845264|
bar|AMLX|2026-07-15|18.355|18.355|17.31|17.78|1012389|
bar|AMLX|2026-07-16|17.75|17.925|16.8|17.02|941485|
bar|AMLX|2026-07-17|16.7|18.08|16.52|17.75|1254027|
bar|AMLX|2026-07-20|18|18.53|17.44|17.45|1624678|
bar|AMLX|2026-07-21|17.44|18.86|17.38|18.5|2712903|
bar|AMLX|2026-07-22|18.33|18.65|17.685|17.7|1562095|
bar|AMLX|2026-07-23|17.17|18.035|17|17.59|815925|
bar|AMLX|2026-07-24|17.61|18.42|17.22|18.41|1481942|
bar|AMLX|2026-07-27|18.5|19.6|18.08|19.49|2578439|
bar|AMLX|2026-07-28|19.79|19.99|18.905|19.55|3410843|
bar|AMLX|2026-07-29|19.5|20.21|19.045|19.73|2053776|
bar|AMLX|2026-07-30|19.69|20.94|19.31|20.75|3537690|
bar|AMLX|2026-07-31|20.74|20.87|19.295|20.31|1812515|
bar|AMLX|2026-08-03|20.29|20.47|19.295|20.17|1622596|
bar|AMLX|2026-08-04|20.34|22.28|20.3245|21.87|3416002|
bar|AMLX|2026-08-05|22.06|22.1694|21.52|21.85|1771642|
bar|AMLX|2026-08-06|21.1|24.36|21.1|24.19|3536639|
bar|AMLX|2026-08-07|24.19|24.6|22.56|22.82|2677863|
bar|AMLX|2026-08-10|22.68|23.03|22|22.67|1326880|
bar|AMLX|2026-08-11|22.78|23.7299|22.19|23.63|827230|
bar|AMLX|2026-08-12|23.86|24.0848|23.3|23.35|1445876|
bar|AMLX|2026-08-13|23.37|23.635|22.46|22.48|839448|
bar|AMLX|2026-08-14|22.35|22.39|21.29|21.63|1583167|
bar|AMLX|2026-08-17|21.96|22.468|21.28|21.43|1091193|
bar|AMLX|2026-08-18|29.91|35.39|28|35.11|23831099|
bar|AMLX|2026-08-19|36.13|39.07|35.3207|38.6|8247688|
bar|AMLX|2026-08-20|37.49|40.4388|37.372|39.66|8366119|
bar|AMLX|2026-08-21|39.795|41.14|38.35|38.66|4609560|
bar|AMLX|2026-08-24|38.64|39.38|37.45|38.15|3714104|
bar|AMLX|2026-08-25|38.5|38.88|36.84|37.46|2142400|
bar|AMLX|2026-08-26|37.13|37.69|35.79|37.08|2639318|
bar|AMLX|2026-08-27|36.75|38.23|36.53|37.18|1987931|
bar|AMLX|2026-08-28|36.78|37.68|34.475|34.74|1361335|
bar|AMLX|2026-08-31|34.77|35.09|32.98|33.75|2663431|
bar|AMLX|2026-09-01|33.49|34.21|32.99|33.81|1821420|
bar|AMLX|2026-09-02|34|35.475|34|34.49|1827171|
bar|AMLX|2026-09-03|34.49|35.31|33.73|33.96|1369119|
bar|AMLX|2026-09-04|33.38|34.24|33.38|34.1|885077|
bar|AMLX|2026-09-08|33.49|34.72|33.1|33.88|1144875|
bar|AMLX|2026-09-09|33.5|34.35|32.3|32.4|1286435|
bar|AMLX|2026-09-10|31.81|32.57|31.44|32.09|1670387|
bar|AMLX|2026-09-11|32.09|33|31.37|31.62|1712676|
bar|AMLX|2026-09-14|31.84|33.955|31.57|33.64|1816909|
bar|AMLX|2026-09-15|33.22|33.54|32.36|33.15|1825709|
bar|AMLX|2026-09-16|33.05|33.75|32.095|32.63|1365130|
bar|AMLX|2026-09-17|33.33|34.345|32.95|33.94|1504727|
bar|AMLX|2026-09-18|34.21|34.21|32.25|32.41|2037320|
bar|AMLX|2026-09-21|32.55|33.16|31.9|32.39|966456|
bar|AMLX|2026-09-22|32.52|33.19|32.25|33|1357029|
bar|AMLX|2026-09-23|32.88|33.02|30.53|30.605|1824751|
bar|AMLX|2026-09-24|30.73|31.001|29.83|30.14|1420144|
bar|AMLX|2026-09-25|30.28|30.7|29.47|29.49|1186047|
bar|AMLX|2026-09-28|29.1|30.14|28.71|29.85|976934|
bar|AMLX|2026-09-29|29.87|30.1|28.99|29.28|1042711|
bar|AMLX|2026-09-30|29.47|29.62|28.64|29.1|1306897|
bar|AMLX|2026-10-01|28.62|29.28|27.55|28.08|1354091|
bar|AMLX|2026-10-02|28.5|28.81|27.64|27.79|912353|
bar|AMLX|2026-10-05|27.92|28.09|27.34|27.78|940049|
bar|AMLX|2026-10-06|27.97|28.4988|27|28.04|1274349|
bar|AMLX|2026-10-07|27.72|28.46|27.21|27.43|2056628|
bar|AMLX|2026-10-08|27.01|27.53|26.04|27.2|2319133|
bar|AMLX|2026-10-09|27.32|28.6|26.94|28.14|1471313|
bar|APPS|2026-05-01|3.56|3.69|3.51|3.68|940302|
bar|APPS|2026-05-04|3.68|4.01|3.68|3.95|1980714|
bar|APPS|2026-05-05|3.96|4.01|3.8501|3.89|1768778|
bar|APPS|2026-05-06|3.93|3.99|3.81|3.98|1696377|
bar|APPS|2026-05-07|4.03|4.08|3.895|3.99|1559014|
bar|APPS|2026-05-08|3.95|4.075|3.85|4.04|1494823|
bar|APPS|2026-05-11|4|4.065|3.92|3.99|1457530|
bar|APPS|2026-05-12|3.94|3.96|3.785|3.87|1651394|
bar|APPS|2026-05-13|3.93|4.265|3.85|4.12|4070538|
bar|APPS|2026-05-14|4.12|4.32|3.93|4.21|2177735|
bar|APPS|2026-05-15|4.12|4.325|4.1003|4.22|2477231|
bar|APPS|2026-05-18|4.195|4.32|4|4.05|1681011|
bar|APPS|2026-05-19|4.06|4.575|3.97|4.17|6219463|
bar|APPS|2026-05-20|4.35|4.55|4.12|4.55|4417937|
bar|APPS|2026-05-21|4.545|4.68|4.45|4.46|3142538|
bar|APPS|2026-05-22|4.54|4.81|4.465|4.55|2923659|
bar|APPS|2026-05-26|4.64|4.98|4.52|4.81|9932616|
bar|APPS|2026-05-27|6.49|7.62|6.17|6.68|54591958|
bar|APPS|2026-05-28|6.68|8.545|6.39|8.405|21619273|
bar|APPS|2026-05-29|8.2|9.26|8.2|8.78|14060258|
bar|APPS|2026-06-01|8.87|9.7999|8.78|9.3|13168730|
bar|APPS|2026-06-02|9|9.38|8.06|8.55|10332402|
bar|APPS|2026-06-03|8.55|8.79|8.09|8.67|5752228|
bar|APPS|2026-06-04|8.53|9.4592|8.39|9.32|9148309|
bar|APPS|2026-06-05|9.19|9.63|8.67|9.01|7152399|
bar|APPS|2026-06-08|9.02|10.07|9|9.35|8590920|
bar|APPS|2026-06-09|9.35|10.395|9.2|9.85|11122819|
bar|APPS|2026-06-10|9.7|10.8|9.66|10.22|8395333|
bar|APPS|2026-06-11|10.22|10.605|9.804|10.14|7664069|
bar|APPS|2026-06-12|10.13|10.36|9.56|9.76|6344691|
bar|APPS|2026-06-15|9.92|10.245|9.53|9.83|5363647|
bar|APPS|2026-06-16|9.83|10.23|8.95|9.4|6380968|
bar|APPS|2026-06-17|9.355|9.54|8.585|8.62|5556732|
bar|APPS|2026-06-18|8.75|8.88|8.2126|8.61|5901964|
bar|APPS|2026-06-22|8.47|9.295|8.4161|9.25|4807362|
bar|APPS|2026-06-23|9.09|9.69|9.04|9.26|3557992|
bar|APPS|2026-06-24|9.335|10.375|9.13|10.14|6560143|
bar|APPS|2026-06-25|10.095|10.49|9.82|10.16|4071443|
bar|APPS|2026-06-26|10.04|11.215|9.9|11.07|9066742|
bar|APPS|2026-06-29|11.38|13.06|11.34|12.91|7777043|
bar|APPS|2026-06-30|12.82|13.44|12.74|12.9|7038676|
bar|APPS|2026-07-01|12.9|13.5475|12.765|13.31|4659549|
bar|APPS|2026-07-02|13.34|13.6|12.57|12.71|5989208|
bar|APPS|2026-07-06|12.44|13.52|11.14|11.18|6278902|
bar|APPS|2026-07-07|11.15|11.6|10.38|10.385|4985464|
bar|APPS|2026-07-08|10.02|10.52|9.8501|10.5|4217240|
bar|APPS|2026-07-09|10.37|11.44|10.3105|11.21|3264108|
bar|APPS|2026-07-10|11.21|11.27|10.365|10.56|2112535|
bar|APPS|2026-07-13|10.58|10.680525|9.855|9.95|2085956|
bar|APPS|2026-07-14|9.77|10.34|9.67|9.82|1930936|
bar|APPS|2026-07-15|9.97|10.03|9.33|9.73|1837260|
bar|APPS|2026-07-16|9.63|9.6682|8.5725|8.63|2398328|
bar|APPS|2026-07-17|8.35|8.52|8.02|8.335|2904639|
bar|APPS|2026-07-20|8.34|8.6561|8.3|8.34|2378054|
bar|APPS|2026-07-21|8.745|9.19|8.63|9.18|3251957|
bar|APPS|2026-07-22|9.32|9.69|8.4|8.49|2510491|
bar|APPS|2026-07-23|8.4|8.58|8.03|8.03|2012199|
bar|APPS|2026-07-24|8.14|8.71|8.05|8.45|3059553|
bar|APPS|2026-07-27|8.63|8.88|8.42|8.59|2284472|
bar|APPS|2026-07-28|8.47|8.72|8.13|8.46|1798003|
bar|APPS|2026-07-29|8.49|8.735|8.08|8.12|2127206|
bar|APPS|2026-07-30|8.24|8.38|7.94|8.19|2028759|
bar|APPS|2026-07-31|8.29|8.695|7.845|8.06|2362024|
bar|APPS|2026-08-03|8.265|9|8.24|9|3676064|
bar|APPS|2026-08-04|9.31|9.73|9.01|9.51|6488107|
bar|APPS|2026-08-05|11.95|14.1|11.9|13.17|20646073|
bar|APPS|2026-08-06|12.952|14.3699|11.76|14.27|8098412|
bar|APPS|2026-08-07|14.37|15.335|13.75|14.34|4682189|
bar|APPS|2026-08-10|14.27|15.06|14.19|14.39|3114986|
bar|APPS|2026-08-11|14.4|14.51|13|13.04|3619864|
bar|APPS|2026-08-12|13.13|13.49|12.06|12.41|4159474|
bar|APPS|2026-08-13|12.53|12.915|12.48|12.62|2919130|
bar|APPS|2026-08-14|12.67|12.9|12.27|12.44|2976029|
bar|APPS|2026-08-17|12.32|12.79|12.0612|12.24|2226135|
bar|APPS|2026-08-18|11.94|12.63|11.75|12.12|2511274|
bar|APPS|2026-08-19|11.995|12.09|11.13|11.23|3036968|
bar|APPS|2026-08-20|11.07|11.155|10.68|10.71|1936537|
bar|APPS|2026-08-21|10.71|11|10.625|10.87|1853537|
bar|APPS|2026-08-24|10.68|11.08|10.54|10.74|1968638|
bar|APPS|2026-08-25|10.72|10.89|10.43|10.83|1773422|
bar|APPS|2026-08-26|10.58|11.25|10.58|10.84|2525686|
bar|APPS|2026-08-27|11.08|11.615|11|11.44|3335530|
bar|APPS|2026-08-28|11.34|11.71|11.02|11.09|2688530|
bar|APPS|2026-08-31|10.9|11.19|10.5|10.76|4041212|
bar|APPS|2026-09-01|10.5|10.5|9.92|10|2550767|
bar|APPS|2026-09-02|9.95|10.05|9.75|9.78|2319085|
bar|APPS|2026-09-03|10|10.935|9.9499|10.88|3121247|
bar|APPS|2026-09-04|10.75|11|10.49|10.71|1997581|
bar|APPS|2026-09-08|10.63|11.4|10.45|11.3|2667872|
bar|APPS|2026-09-09|11.35|11.61|10.97|11.06|2110078|
bar|APPS|2026-09-10|10.86|11.85|10.76|11.8|3090099|
bar|APPS|2026-09-11|11.875|12.19|11.6977|11.81|2561446|
bar|APPS|2026-09-14|11.75|11.94|11.4|11.725|2495187|
bar|APPS|2026-09-15|11.51|12|11.26|11.38|2327533|
bar|APPS|2026-09-16|11.3|11.4|10.62|10.84|2213094|
bar|APPS|2026-09-17|11|11.41|10.75|10.96|2588191|
bar|APPS|2026-09-18|10.96|11.25|10.51|10.66|3528585|
bar|APPS|2026-09-21|10.765|12.24|10.75|12.05|3469930|
bar|APPS|2026-09-22|12.24|12.3|11.5|12.19|2337770|
bar|APPS|2026-09-23|12.24|12.28|11.5|11.54|2578854|
bar|APPS|2026-09-24|11.33|11.365|10.38|10.88|4258366|
bar|APPS|2026-09-25|10.9|11.75|10.75|11.11|3590304|
bar|APPS|2026-09-28|11|11.365|10.6138|11.22|2871626|
bar|APPS|2026-09-29|11.22|11.65|11.08|11.645|2750403|
bar|APPS|2026-09-30|11.69|11.94|10.89|11.1|5230590|
bar|APPS|2026-10-01|11.64|11.92|11.09|11.55|3836598|
bar|APPS|2026-10-02|11.75|11.965|11.16|11.17|2790266|
bar|APPS|2026-10-05|11.1|11.62|11.06|11.21|2512811|
bar|APPS|2026-10-06|11.2|11.53|10.302|10.49|3321546|
bar|APPS|2026-10-07|10.302|10.75|10.28|10.63|3107573|
bar|APPS|2026-10-08|10.5|11.19|10.5|10.78|3130554|
bar|APPS|2026-10-09|10.9|10.9588|10.2525|10.43|1939270|
bar|ATAI|2026-05-01|4.15|4.195|4.085|4.14|2344705|
bar|ATAI|2026-05-04|4.11|4.275|4.035|4.2|6960020|
bar|ATAI|2026-05-05|4.2|4.23|3.945|4|4555136|
bar|ATAI|2026-05-06|4.01|4.24|3.9892|4.17|3917717|
bar|ATAI|2026-05-07|4.2|4.23|3.9|4.01|4325203|
bar|ATAI|2026-05-08|4.03|4.075|3.945|4.03|3849202|
bar|ATAI|2026-05-11|4.05|4.17|4|4.04|3329224|
bar|ATAI|2026-05-12|4.03|4.17|3.92|4.15|5138087|
bar|ATAI|2026-05-13|4.14|4.31|4.09|4.24|4200075|
bar|ATAI|2026-05-14|4.24|4.24|4.03|4.04|2871530|
bar|ATAI|2026-05-15|3.99|4.105|3.95|4.015|2874544|
bar|ATAI|2026-05-18|4.31|4.46|4.07|4.15|7838500|
bar|ATAI|2026-05-19|4.1638|4.1638|3.92|3.96|4543869|
bar|ATAI|2026-05-20|3.99|4.105|3.98|4.09|3449950|
bar|ATAI|2026-05-21|4.06|4.35|4.035|4.33|4019005|
bar|ATAI|2026-05-22|4.3|4.505|4.3|4.32|5001778|
bar|ATAI|2026-05-26|4.32|4.41|4.22|4.29|4582050|
bar|ATAI|2026-05-27|4.22|4.435|4.22|4.32|4539033|
bar|ATAI|2026-05-28|4.3|4.48|4.265|4.41|4301220|
bar|ATAI|2026-05-29|4.4|4.58|4.39|4.53|6007023|
bar|ATAI|2026-06-01|4.5|4.98|4.425|4.82|7021676|
bar|ATAI|2026-06-02|4.78|5|4.685|4.81|7185699|
bar|ATAI|2026-06-03|4.78|4.78|4.46|4.53|4803654|
bar|ATAI|2026-06-04|4.5|4.745|4.4233|4.5|4535107|
bar|ATAI|2026-06-05|4.46|4.485|3.78|3.95|9191359|
bar|ATAI|2026-06-08|4.09|4.115|3.8|3.81|4923176|
bar|ATAI|2026-06-09|3.85|4.005|3.76|3.89|5388937|
bar|ATAI|2026-06-10|3.84|4.005|3.77|3.78|3268701|
bar|ATAI|2026-06-11|3.8|3.88|3.6701|3.8|4811512|
bar|ATAI|2026-06-12|3.8|4.05|3.77|3.92|4980003|
bar|ATAI|2026-06-15|3.98|4.0665|3.83|3.84|3337414|
bar|ATAI|2026-06-16|3.84|4.34|3.83|4.14|9998766|
bar|ATAI|2026-06-17|4.1|4.195|3.9935|4.07|3971427|
bar|ATAI|2026-06-18|4.16|4.2183|3.995|4.06|6619187|
bar|ATAI|2026-06-22|4.17|4.23|4.03|4.05|5416713|
bar|ATAI|2026-06-23|3.99|4.235|3.96|4.1|3962696|
bar|ATAI|2026-06-24|4.105|4.29|4.08|4.17|4980847|
bar|ATAI|2026-06-25|4.15|4.815|4.15|4.58|10988138|
bar|ATAI|2026-06-26|4.5|5.31|4.4209|5.29|63174450|
bar|ATAI|2026-06-29|5.06|5.38|5.05|5.36|10405593|
bar|ATAI|2026-06-30|5.325|5.52|5.24|5.27|8286914|
bar|ATAI|2026-07-01|5.205|5.26|4.8|4.88|8206070|
bar|ATAI|2026-07-02|4.88|5.27|4.77|5.19|11314894|
bar|ATAI|2026-07-06|5.07|5.45|4.82|4.96|11532437|
bar|ATAI|2026-07-07|5.02|5.24|4.78|5.19|7682424|
bar|ATAI|2026-07-08|5.11|5.4|5.01|5.17|10122007|
bar|ATAI|2026-07-09|5.21|5.4575|5.21|5.33|7507330|
bar|ATAI|2026-07-10|5.35|5.39|5.03|5.17|7995456|
bar|ATAI|2026-07-13|5.1|5.1|4.81|4.97|7854859|
bar|ATAI|2026-07-14|4.98|5.77|4.97|5.67|11463617|
bar|ATAI|2026-07-15|5.75|5.76|5.3|5.36|6141063|
bar|ATAI|2026-07-16|7.065|7.22|7.02|7.15|165634412|
bar|ATAI|2026-07-17|7.085|7.22|7.08|7.22|41794258|
bar|ATAI|2026-07-20|7.16|7.21|7.1|7.19|22277497|
bar|ATAI|2026-07-21|7.165|7.21|7.13|7.135|13794681|
bar|ATAI|2026-07-22|7.15|7.19|7.14|7.18|10971702|
bar|ATAI|2026-07-23|7.16|7.2|7.15|7.17|9035012|
bar|ATAI|2026-07-24|7.17|7.19|7.1607|7.18|6956492|
bar|ATAI|2026-07-27|7.17|7.195|7.16|7.17|9630611|
bar|ATAI|2026-07-28|7.17|7.2|7.15|7.18|17239561|
bar|ATAI|2026-07-29|7.165|7.19|7.16|7.18|18592054|
bar|ATAI|2026-07-30|7.175|7.21|7.17|7.18|14877159|
bar|ATAI|2026-07-31|7.19|7.21|7.18|7.18|8911405|
bar|ATAI|2026-08-03|7.18|7.19|7.16|7.18|14779817|
bar|ATAI|2026-08-04|7.17|7.18|7.16|7.18|6318351|
bar|ATAI|2026-08-05|7.18|7.22|7.17|7.22|9546622|
bar|ATAI|2026-08-06|7.2|7.22|7.18|7.18|4415477|
bar|ATAI|2026-08-07|7.2|7.25|7.2|7.25|6403907|
bar|ATAI|2026-08-10|7.22|7.26|7.22|7.25|3449955|
bar|ATAI|2026-08-11|7.24|7.26|7.21|7.21|3661309|
bar|ATAI|2026-08-12|7.22|7.23|7.22|7.23|3857257|
bar|ATAI|2026-08-13|7.22|7.25|7.22|7.25|4095939|
bar|ATAI|2026-08-14|7.24|7.28|7.23|7.26|6098027|
bar|ATAI|2026-08-17|7.245|7.25|7.24|7.24|7604501|
bar|ATAI|2026-08-18|7.25|7.325|7.24|7.29|10493238|
bar|ATAI|2026-08-19|7.28|7.37|7.27|7.36|9129647|
bar|ATAI|2026-08-20|7.38|7.45|7.35|7.42|9223368|
bar|ATAI|2026-08-21|7.41|7.45|7.38|7.38|4307310|
bar|ATAI|2026-08-24|7.4|7.4|7.29|7.38|12302186|
bar|ATAI|2026-08-25|7.38|7.44|7.35|7.44|9685791|
bar|ATAI|2026-08-26|7.4|7.44|7.38|7.39|3737571|
bar|ATAI|2026-08-27|7.38|7.4|7.35|7.35|3033360|
bar|ATAI|2026-08-28|7.34|7.37|7.29|7.29|2530810|
bar|ATAI|2026-08-31|7.3|7.38|7.29|7.34|5220857|
bar|ATAI|2026-09-01|7.35|7.385|7.34|7.34|5951314|
bar|ATAI|2026-09-02|7.35|7.36|7.32|7.35|10450603|
bar|ATAI|2026-09-03|7.346|7.43|7.32|7.34|17475711|
bar|ATAI|2026-09-04|7.34|7.41|7.31|7.39|10312605|
bar|ATAI|2026-09-08|7.32|7.4|7.23|7.28|119732729|
bar|ATAI|2026-09-09|7.32|7.33|7.28|7.29|14854424|
bar|ATAI|2026-09-10|7.31|7.37|7.3|7.35|9546438|
bar|BWIN|2026-05-01|22.87|23.36|21.68|22.03|1633196|
bar|BWIN|2026-05-04|23.25|23.25|21.535|21.97|1645211|
bar|BWIN|2026-05-05|23.95|23.95|21.12|21.27|2257934|
bar|BWIN|2026-05-06|21.36|22|20.58|20.59|1669558|
bar|BWIN|2026-05-07|20.98|21.51|20.26|20.98|1422928|
bar|BWIN|2026-05-08|21.04|21.12|20.13|20.18|1098558|
bar|BWIN|2026-05-11|19.95|20.5|19.95|20.16|1099414|
bar|BWIN|2026-05-12|20.25|20.37|19.88|20.07|1121398|
bar|BWIN|2026-05-13|19.82|20.15|19.53|20.14|1331705|
bar|BWIN|2026-05-14|20.59|20.72|19.8|19.81|1533985|
bar|BWIN|2026-05-15|19.73|20.4355|19.545|20.02|904907|
bar|BWIN|2026-05-18|19.98|21.055|19.91|20.88|887719|
bar|BWIN|2026-05-19|20.98|21.565|19.85|19.86|962896|
bar|BWIN|2026-05-20|20.1|20.28|19.25|20.12|1164174|
bar|BWIN|2026-05-21|19.85|20.39|19.58|20.37|891121|
bar|BWIN|2026-05-22|20.28|20.51|19.62|19.66|1357283|
bar|BWIN|2026-05-26|20.15|20.18|18.96|19.01|1829709|
bar|BWIN|2026-05-27|19.35|20.09|18.95|19.39|2524730|
bar|BWIN|2026-05-28|19.41|20.47|19.28|19.86|1932047|
bar|BWIN|2026-05-29|19.68|20.3|19.3|19.42|1979823|
bar|BWIN|2026-06-01|19.24|20.475|19.1|20.19|1382194|
bar|BWIN|2026-06-02|19.78|19.975|18.74|19.48|2132557|
bar|BWIN|2026-06-03|19.3|19.4|18.77|18.77|1345157|
bar|BWIN|2026-06-04|19.31|19.95|18.99|19.24|1185678|
bar|BWIN|2026-06-05|19.4|19.91|19|19.88|1446316|
bar|BWIN|2026-06-08|19.58|19.605|18.9|19.24|1548798|
bar|BWIN|2026-06-09|19.24|19.77|18.97|19.36|1611057|
bar|BWIN|2026-06-10|19.3|20.02|19.3|19.37|1126656|
bar|BWIN|2026-06-11|19.37|19.62|18.43|18.47|1163394|
bar|BWIN|2026-06-12|18.44|18.65|17.75|18.13|1191251|
bar|BWIN|2026-06-15|18.13|19.015|17.96|18.16|1031100|
bar|BWIN|2026-06-16|18.18|18.905|18.18|18.69|1768883|
bar|BWIN|2026-06-17|18.42|19|17.175|17.33|1897921|
bar|BWIN|2026-06-18|17.24|20.5|16.84|20.24|6108559|
bar|BWIN|2026-06-22|22.82|24.96|22.65|23.52|4839543|
bar|BWIN|2026-06-23|23.555|25.77|23.555|24.39|3145569|
bar|BWIN|2026-06-24|24.66|25.54|24.06|24.87|3016743|
bar|BWIN|2026-06-25|24.94|25.11|23.84|24.01|1353609|
bar|BWIN|2026-06-26|24.36|26.555|24.185|26.22|4346237|
bar|BWIN|2026-06-29|25.47|26.56|25.13|26.25|1793011|
bar|BWIN|2026-06-30|26.18|26.75|25.54|26.58|1285465|
bar|BWIN|2026-07-01|26.62|27.33|26.4301|26.91|2070772|
bar|BWIN|2026-07-02|27.07|28.46|26.91|28.41|1749177|
bar|BWIN|2026-07-06|28.03|28.225|26.79|27.09|1608924|
bar|BWIN|2026-07-07|27.56|27.98|27.26|27.3|1052990|
bar|BWIN|2026-07-08|27.42|27.61|26.83|26.87|1064510|
bar|BWIN|2026-07-09|26.71|26.9735|25.55|26.45|1138917|
bar|BWIN|2026-07-10|26.42|26.805|25.97|26.5|884680|
bar|BWIN|2026-07-13|26.54|27.575|26.54|27.32|854720|
bar|BWIN|2026-07-14|26.98|27.18|26.44|26.51|821439|
bar|BWIN|2026-07-15|26.71|26.71|25.58|25.62|849145|
bar|BWIN|2026-07-16|25.8|27.53|25.59|27.5|1454897|
bar|BWIN|2026-07-17|27.4|28.55|27|27.25|1306751|
bar|BWIN|2026-07-20|27.27|27.57|26.61|26.95|1349804|
bar|BWIN|2026-07-21|26.45|27.1999|25.85|26.15|839176|
bar|BWIN|2026-07-22|26.15|26.415|25.01|25.2|1487898|
bar|BWIN|2026-07-23|25.25|25.93|24.66|25.89|1163269|
bar|BWIN|2026-07-24|25.87|26.775|25.8674|26.47|876579|
bar|BWIN|2026-07-27|26.8|27.43|26.01|27.4|2158441|
bar|BWIN|2026-07-28|27.67|29.17|27.67|28.63|1431339|
bar|BWIN|2026-07-29|28.01|28.8|27.582|28.22|951636|
bar|BWIN|2026-07-30|27.91|27.91|26.295|26.69|1053018|
bar|BWIN|2026-07-31|26.73|28.13|26.3|27.74|1253547|
bar|BWIN|2026-08-03|28.31|30.04|28.145|29.48|1878202|
bar|BWIN|2026-08-04|29.03|29.3505|28.02|28.86|1173131|
bar|BWIN|2026-08-05|29|29|28.16|28.77|856805|
bar|BWIN|2026-08-06|28.95|29.43|28.51|28.6|1228622|
bar|BWIN|2026-08-07|28.725|29.98|28.14|29.54|1397327|
bar|BWIN|2026-08-10|29.19|29.3|28.4521|28.85|760033|
bar|BWIN|2026-08-11|28.85|29.82|28.4|29.76|567788|
bar|BWIN|2026-08-12|29.76|31.26|29.63|31.01|1799698|
bar|BWIN|2026-08-13|31.46|31.8|30.055|30.85|822750|
bar|BWIN|2026-08-14|30.73|32.565|30.01|31.51|1660373|
bar|BWIN|2026-08-17|30.67|31.36|30.03|30.77|1078099|
bar|BWIN|2026-08-18|30.9|31.8|30.08|30.2|851778|
bar|BWIN|2026-08-19|30.3|31.45|30.25|31.15|991025|
bar|BWIN|2026-08-20|30.86|31.75|30.86|31.45|617307|
bar|BWIN|2026-08-21|31.62|32.11|31.401|31.9|552840|
bar|BWIN|2026-08-24|31.93|32.59|31.16|31.3|866027|
bar|BWIN|2026-08-25|31.07|31.5299|30.885|30.91|1049836|
bar|BWIN|2026-08-26|30.62|31.02|30.205|30.41|618622|
bar|BWIN|2026-08-27|29.95|30.58|29.86|30.16|882602|
bar|BWIN|2026-08-28|30.16|31.055|30.16|30.68|674853|
bar|BWIN|2026-08-31|30.4|31.06|30.01|30.85|1014607|
bar|BWIN|2026-09-01|30.85|31.58|30.25|30.26|877725|
bar|BWIN|2026-09-02|30.43|31.06|29.71|31.01|1209156|
bar|BWIN|2026-09-03|31.38|31.9|30.835|31.22|930274|
bar|BWIN|2026-09-04|31.01|31.37|30.5401|30.88|618649|
bar|BWIN|2026-09-08|30.17|30.705|29.52|29.71|790553|
bar|BWIN|2026-09-09|29.5|29.725|27.74|28.23|1643450|
bar|BWIN|2026-09-10|28.32|29.67|28.26|29.39|733712|
bar|BWIN|2026-09-11|29.71|29.77|28.82|29.65|941899|
bar|BWIN|2026-09-14|31.84|32.18|31.72|32|22654857|
bar|BWIN|2026-09-15|32|32.705|31.95|32.49|12033816|
bar|BWIN|2026-09-16|32.25|32.34|31.95|32.04|19483924|
bar|BWIN|2026-09-17|32.06|32.1|31.87|31.95|7267519|
bar|BWIN|2026-09-18|31.98|32.04|31.9|31.93|6264115|
bar|BWIN|2026-09-21|31.94|31.96|31.85|31.89|3397389|
bar|BWIN|2026-09-22|31.92|31.95|31.88|31.95|4072535|
bar|BWIN|2026-09-23|31.91|31.95|31.805|31.85|3522385|
bar|BWIN|2026-09-24|31.87|31.91|31.7|31.84|4214109|
bar|BWIN|2026-09-25|31.85|31.93|31.82|31.85|1420151|
bar|BWIN|2026-09-28|31.85|31.89|31.795|31.82|2929750|
bar|BWIN|2026-09-29|31.83|31.9|31.78|31.78|3210659|
bar|BWIN|2026-09-30|31.82|31.85|31.785|31.79|4247321|
bar|BWIN|2026-10-01|31.79|31.93|31.77|31.77|5514680|
bar|BWIN|2026-10-02|31.78|31.81|31.75|31.77|2551043|
bar|BWIN|2026-10-05|31.78|31.945|31.78|31.9|1203949|
bar|BWIN|2026-10-06|31.83|31.9|31.81|31.83|1684081|
bar|BWIN|2026-10-07|31.86|31.88|31.8|31.81|2573762|
bar|BWIN|2026-10-08|31.85|31.91|31.835|31.85|1324960|
bar|BWIN|2026-10-09|31.85|31.9|31.84|31.87|3392301|
bar|CDNA|2026-05-01|20.97|22.17|20.465|21.5|863348|
bar|CDNA|2026-05-04|21.56|21.97|20.85|20.96|680423|
bar|CDNA|2026-05-05|21.21|21.285|20.39|20.7|450670|
bar|CDNA|2026-05-06|20.99|21.16|20.53|20.95|567353|
bar|CDNA|2026-05-07|20.95|22.16|20.92|21.44|646826|
bar|CDNA|2026-05-08|21.4|22.25|21.01|21.82|691818|
bar|CDNA|2026-05-11|21.84|22.3|21.402|21.55|507104|
bar|CDNA|2026-05-12|21.53|22.06|21.12|21.4|437795|
bar|CDNA|2026-05-13|21.21|21.41|20.37|20.61|449638|
bar|CDNA|2026-05-14|20.59|21.16|20.44|20.49|470301|
bar|CDNA|2026-05-15|20|20.44|19.73|19.97|637607|
bar|CDNA|2026-05-18|19.9|20.84|19.615|20.59|894946|
bar|CDNA|2026-05-19|20.42|20.72|20.01|20.53|589385|
bar|CDNA|2026-05-20|20.57|21.49|20.43|21.15|1320564|
bar|CDNA|2026-05-21|21.08|22.24|20.5|21.57|670240|
bar|CDNA|2026-05-22|21.5|22.03|21.11|21.63|522102|
bar|CDNA|2026-05-26|21.75|21.965|21.355|21.54|476812|
bar|CDNA|2026-05-27|21.39|22.3152|21.33|22.16|472612|
bar|CDNA|2026-05-28|22.11|23.035|22.0708|22.7|772916|
bar|CDNA|2026-05-29|22.66|23.095|22.29|22.82|684922|
bar|CDNA|2026-06-01|22.73|23.14|21.95|22.8|598850|
bar|CDNA|2026-06-02|22.4|22.535|21.72|22.07|904001|
bar|CDNA|2026-06-03|22.11|22.32|21.58|22.31|700116|
bar|CDNA|2026-06-04|22.77|24.02|22.36|23.12|1603939|
bar|CDNA|2026-06-05|23.16|23.51|22.03|22.25|548319|
bar|CDNA|2026-06-08|22.25|22.5|21.93|21.95|366082|
bar|CDNA|2026-06-09|22.27|23.045|21.62|22.75|754444|
bar|CDNA|2026-06-10|22.61|23.76|22.61|23.46|756966|
bar|CDNA|2026-06-11|23.54|24.13|22.8801|23.66|839538|
bar|CDNA|2026-06-12|23.53|23.765|22.78|22.97|644321|
bar|CDNA|2026-06-15|23.02|24.1258|22.73|24.08|903380|
bar|CDNA|2026-06-16|24.09|24.85|23.05|23.25|937999|
bar|CDNA|2026-06-17|23.31|24|23|23.48|970624|
bar|CDNA|2026-06-18|23.93|26.26|23.93|26.18|2744379|
bar|CDNA|2026-06-22|26.23|26.78|24.9|25.05|733869|
bar|CDNA|2026-06-23|24.7|25.645|24.5|25.12|577168|
bar|CDNA|2026-06-24|25.41|27.27|25.39|27.13|1369025|
bar|CDNA|2026-06-25|27.24|28.42|27.24|27.85|1315840|
bar|CDNA|2026-06-26|27.85|29.0747|27.76|28.82|1646862|
bar|CDNA|2026-06-29|28.75|29.58|28.75|29.28|497978|
bar|CDNA|2026-06-30|28.78|29.49|27.87|28.5|642736|
bar|CDNA|2026-07-01|28.71|29.455|28.635|29.25|726718|
bar|CDNA|2026-07-02|29.82|30|28.28|29.19|855779|
bar|CDNA|2026-07-06|29.15|29.8755|28.98|29.06|723624|
bar|CDNA|2026-07-07|29.36|29.425|28.19|28.31|625947|
bar|CDNA|2026-07-08|27.92|28.68|27.32|27.55|1642017|
bar|CDNA|2026-07-09|27.79|29.15|27.79|29.11|699766|
bar|CDNA|2026-07-10|29.05|29.25|28.11|28.51|665638|
bar|CDNA|2026-07-13|27.95|28.8|27.68|28.76|560962|
bar|CDNA|2026-07-14|28.76|29.16|28.25|28.93|856887|
bar|CDNA|2026-07-15|28.97|29.8515|28.86|29.75|619170|
bar|CDNA|2026-07-16|36.4|40.38|35.5|40.34|4474956|
bar|CDNA|2026-07-17|37.79|40.47|37.74|39.73|1762438|
bar|CDNA|2026-07-20|39.3|39.84|38.03|38.37|1183308|
bar|CDNA|2026-07-21|37.7|39.215|37.25|38.54|1135301|
bar|CDNA|2026-07-22|38.31|38.735|37.22|37.78|1034167|
bar|CDNA|2026-07-23|38.44|38.72|37.385|37.61|749919|
bar|CDNA|2026-07-24|37.8|38.48|37.05|37.14|481185|
bar|CDNA|2026-07-27|37.21|37.74|36.25|36.36|603666|
bar|CDNA|2026-07-28|36.29|37.09|35.11|35.75|939379|
bar|CDNA|2026-07-29|35.77|36.54|35.29|35.41|744410|
bar|CDNA|2026-07-30|35.18|38.33|35.01|38.1|1735441|
bar|CDNA|2026-07-31|42.49|45|40.67|43.71|2778852|
bar|CDNA|2026-08-03|47.218|49.76|44.5418|47.85|2926861|
bar|CDNA|2026-08-04|47|48|46.24|47.09|1619678|
bar|CDNA|2026-08-05|47|47.08|45.39|45.5|1119083|
bar|CDNA|2026-08-06|46|46|44.58|44.81|789941|
bar|CDNA|2026-08-07|44.88|46.74|44.57|46.69|964979|
bar|CDNA|2026-08-10|46.58|48.2936|46.088|47.07|1216781|
bar|CDNA|2026-08-11|47.07|47.94|46.2606|47.23|637360|
bar|CDNA|2026-08-12|47.47|47.55|46.5401|47.31|912607|
bar|CDNA|2026-08-13|47.53|47.95|46.51|47.38|739193|
bar|CDNA|2026-08-14|47.035|47.3425|45.25|45.32|708616|
bar|CDNA|2026-08-17|45.325|47.075|45.02|46.38|732808|
bar|CDNA|2026-08-18|45.68|46.5174|44.8|46.18|840097|
bar|CDNA|2026-08-19|46.85|48.4299|46.41|46.51|1886880|
bar|CDNA|2026-08-20|45.902|47.845|45.332|46.99|869649|
bar|CDNA|2026-08-21|46.99|48.72|46.0497|48.61|1159000|
bar|CDNA|2026-08-24|48.3|48.51|46.92|47.5|769370|
bar|CDNA|2026-08-25|48.13|51.125|47.234|50.8|1781735|
bar|CDNA|2026-08-26|50.15|51.08|49.0666|50.96|1413364|
bar|CDNA|2026-08-27|51|53.6712|50.765|52.36|1228537|
bar|CDNA|2026-08-28|51.495|52.38|49.6|49.79|1176728|
bar|CDNA|2026-08-31|49.16|50.28|46.6879|50.11|1533723|
bar|CDNA|2026-09-01|49.93|50.62|48.2501|48.97|1247818|
bar|CDNA|2026-09-02|49.55|51.37|48.4|49.6|825188|
bar|CDNA|2026-09-03|49.75|50.5|48.3856|49.86|636386|
bar|CDNA|2026-09-04|49.65|50.99|48.68|50.88|1306542|
bar|CDNA|2026-09-08|50.5|50.87|49.46|50.31|934602|
bar|CDNA|2026-09-09|49.875|51.33|49.64|50.03|1216360|
bar|CDNA|2026-09-10|49.19|51.69|48.64|50.02|1606438|
bar|CDNA|2026-09-11|50.14|50.85|49.57|50.26|662739|
bar|CDNA|2026-09-14|50.49|52.67|50.17|52.37|794696|
bar|CDNA|2026-09-15|52.2|53.74|51.7301|52.64|948585|
bar|CDNA|2026-09-16|52.61|54.488|52.61|53.55|845926|
bar|CDNA|2026-09-17|54|55.16|53.206|54.28|806132|
bar|CDNA|2026-09-18|53.97|54.46|53.12|53.83|1383987|
bar|CDNA|2026-09-21|53.82|54.86|53.5|54.33|766605|
bar|CDNA|2026-09-22|54.44|56.85|53.78|56.49|1840819|
bar|CDNA|2026-09-23|56.25|57.16|54|54.31|1907187|
bar|CDNA|2026-09-24|55.29|63.09|54.52|61.37|2498782|
bar|CDNA|2026-09-25|61.33|65.19|60.51|63.68|2337927|
bar|CDNA|2026-09-28|62.3|65.495|62.3|64.6|1080445|
bar|CDNA|2026-09-29|64.74|65.5|62.895|64.02|795900|
bar|CDNA|2026-09-30|63.87|65.63|63.115|65|1767417|
bar|CDNA|2026-10-01|64.955|67.2896|64.15|66.23|1910446|
bar|CDNA|2026-10-02|66.33|69.8|65.88|67.15|1589394|
bar|CDNA|2026-10-05|66.89|70.75|66.17|69.85|1635915|
bar|CDNA|2026-10-06|70.89|72.51|63.74|63.79|2557035|
bar|CDNA|2026-10-07|61.382|65.0999|61.382|63.04|1700484|
bar|CDNA|2026-10-08|61.885|63.45|61.19|62.205|1571185|
bar|CDNA|2026-10-09|62.21|65.13|62.21|63.67|895433|
bar|CHPT|2026-05-01|6.46|6.46|6.2126|6.39|298903|
bar|CHPT|2026-05-04|6.41|6.5|6.19|6.21|444809|
bar|CHPT|2026-05-05|6.24|6.48|6.09|6.33|334487|
bar|CHPT|2026-05-06|6.43|6.49|6.11|6.36|464571|
bar|CHPT|2026-05-07|6.3|6.33|6.15|6.16|434529|
bar|CHPT|2026-05-08|6.15|6.34|6.0312|6.24|522000|
bar|CHPT|2026-05-11|6.23|6.63|6.15|6.41|505848|
bar|CHPT|2026-05-12|6.34|6.42|6.131|6.23|361341|
bar|CHPT|2026-05-13|6.19|6.52|6.04|6.43|359451|
bar|CHPT|2026-05-14|6.44|6.81|6.1655|6.81|555998|
bar|CHPT|2026-05-15|6.57|6.755|6.33|6.63|393606|
bar|CHPT|2026-05-18|6.63|6.74|6.2048|6.39|764484|
bar|CHPT|2026-05-19|6.26|6.371|6.0605|6.13|339012|
bar|CHPT|2026-05-20|6.25|6.36|5.82|6.23|471232|
bar|CHPT|2026-05-21|6.18|6.89|6.135|6.83|605999|
bar|CHPT|2026-05-22|6.9|7.1414|6.87|7.02|587040|
bar|CHPT|2026-05-26|7.12|7.64|7.11|7.33|890207|
bar|CHPT|2026-05-27|7.39|8.01|7.3|7.79|896814|
bar|CHPT|2026-05-28|7.57|7.96|7.38|7.8|578949|
bar|CHPT|2026-05-29|7.84|7.84|7.3|7.59|633094|
bar|CHPT|2026-06-01|7.42|7.93|7.39|7.89|655769|
bar|CHPT|2026-06-02|7.87|8.49|7.795|8.17|656692|
bar|CHPT|2026-06-03|8.1|8.1|7.61|7.61|854048|
bar|CHPT|2026-06-04|7.47|8.43|7.25|8.31|1311605|
bar|CHPT|2026-06-05|8.24|8.35|7.1|7.22|1145411|
bar|CHPT|2026-06-08|7.33|7.555|7.175|7.21|331180|
bar|CHPT|2026-06-09|7.31|7.5745|6.71|6.94|680379|
bar|CHPT|2026-06-10|6.79|7.03|6.37|6.4|428179|
bar|CHPT|2026-06-11|6.44|6.59|6.28|6.58|375463|
bar|CHPT|2026-06-12|6.61|7.302|6.5994|7.14|437239|
bar|CHPT|2026-06-15|7.3|7.64|7.0101|7.1|426329|
bar|CHPT|2026-06-16|7.04|7.745|6.95|7.2|676800|
bar|CHPT|2026-06-17|7.2|7.89|7.2|7.69|717003|
bar|CHPT|2026-06-18|7.8|8.315|7.6119|8.31|938769|
bar|CHPT|2026-06-22|8.24|8.45|7.84|7.93|554486|
bar|CHPT|2026-06-23|7.57|7.57|6.78|6.79|957415|
bar|CHPT|2026-06-24|6.85|6.85|5.54|5.58|1815918|
bar|CHPT|2026-06-25|5.61|5.71|5.2201|5.29|1235335|
bar|CHPT|2026-06-26|5.12|5.77|5.12|5.57|3913348|
bar|CHPT|2026-06-29|5.74|6.26|5.575|6.1|1081904|
bar|CHPT|2026-06-30|6.14|6.27|5.86|5.91|724671|
bar|CHPT|2026-07-01|5.85|6.22|5.81|5.96|548372|
bar|CHPT|2026-07-02|6.01|6.4|5.82|5.96|611611|
bar|CHPT|2026-07-06|5.95|6.34|5.82|6.26|823345|
bar|CHPT|2026-07-07|6.25|6.25|5.66|5.83|795458|
bar|CHPT|2026-07-08|5.69|5.76|5.53|5.66|631488|
bar|CHPT|2026-07-09|5.73|5.81|5.56|5.78|562207|
bar|CHPT|2026-07-10|5.85|6|5.75|5.99|408742|
bar|CHPT|2026-07-13|5.96|6.17|5.86|6.07|500690|
bar|CHPT|2026-07-14|6.19|6.59|6.19|6.3|573378|
bar|CHPT|2026-07-15|6.36|6.53|5.82|5.84|501148|
bar|CHPT|2026-07-16|5.79|5.8|5.56|5.79|494349|
bar|CHPT|2026-07-17|5.6|5.94|5.57|5.63|494654|
bar|CHPT|2026-07-20|5.7|5.745|5.45|5.52|360378|
bar|CHPT|2026-07-21|5.6|5.83|5.51|5.74|410728|
bar|CHPT|2026-07-22|5.69|5.935|5.646|5.83|371268|
bar|CHPT|2026-07-23|5.71|5.85|5.4|5.41|430946|
bar|CHPT|2026-07-24|5.46|5.5|5.075|5.12|530090|
bar|CHPT|2026-07-27|5.16|5.415|5.12|5.41|430775|
bar|CHPT|2026-07-28|5.37|5.39|5.135|5.34|343245|
bar|CHPT|2026-07-29|5.32|5.47|5.165|5.18|332257|
bar|CHPT|2026-07-30|5.28|5.53|5.28|5.49|323840|
bar|CHPT|2026-07-31|5.58|5.62|5.33|5.46|246284|
bar|CHPT|2026-08-03|5.44|5.62|5.381|5.52|318194|
bar|CHPT|2026-08-04|5.67|5.9|5.65|5.87|588419|
bar|CHPT|2026-08-05|5.85|5.85|5.65|5.81|266830|
bar|CHPT|2026-08-06|5.73|5.91|5.5501|5.88|406174|
bar|CHPT|2026-08-07|5.94|6.255|5.89|6.22|377353|
bar|CHPT|2026-08-10|6.25|6.33|6.05|6.12|315513|
bar|CHPT|2026-08-11|6.12|6.29|6.12|6.27|246022|
bar|CHPT|2026-08-12|6.34|6.445|6.11|6.4|518772|
bar|CHPT|2026-08-13|6.34|6.55|6.14|6.19|420196|
bar|CHPT|2026-08-14|6.26|6.32|6.13|6.18|213625|
bar|CHPT|2026-08-17|6.18|6.185|5.87|5.88|320291|
bar|CHPT|2026-08-18|5.72|5.785|5.505|5.57|440055|
bar|CHPT|2026-08-19|5.64|5.87|5.525|5.84|315747|
bar|CHPT|2026-08-20|5.75|5.83|5.64|5.79|240867|
bar|CHPT|2026-08-21|5.88|6.3|5.85|6.25|383480|
bar|CHPT|2026-08-24|6.21|6.21|5.91|5.92|266331|
bar|CHPT|2026-08-25|6.01|6.12|5.83|5.84|333347|
bar|CHPT|2026-08-26|5.82|5.9573|5.7901|5.95|236395|
bar|CHPT|2026-08-27|6|6.08|5.79|5.83|274009|
bar|CHPT|2026-08-28|5.82|5.8495|5.485|5.57|433844|
bar|CHPT|2026-08-31|5.55|5.645|5.48|5.5|417717|
bar|CHPT|2026-09-01|5.5|5.5|5.27|5.3|637968|
bar|CHPT|2026-09-02|5.3|5.41|5.19|5.19|1400091|
bar|CHPT|2026-09-03|6.9|9.35|6.71|9.08|42975618|
bar|CHPT|2026-09-04|9.28|10.28|9.2582|9.89|13346898|
bar|CHPT|2026-09-08|9.91|10.4299|9.3|9.37|5373072|
bar|CHPT|2026-09-09|9.39|9.65|8.82|8.95|2261915|
bar|CHPT|2026-09-10|8.7|9.21|8.56|8.93|1775066|
bar|CHPT|2026-09-11|9.08|9.585|8.92|9.06|1969806|
bar|CHPT|2026-09-14|8.88|9.09|8.6201|8.84|1156179|
bar|CHPT|2026-09-15|8.76|8.99|8.63|8.82|714541|
bar|CHPT|2026-09-16|8.96|9.25|8.73|8.91|920504|
bar|CHPT|2026-09-17|9.13|10.08|8.96|9.92|1618432|
bar|CHPT|2026-09-18|10|10.72|9.92|10.32|2666576|
bar|CHPT|2026-09-21|10.32|10.5808|9.41|9.41|2097998|
bar|CHPT|2026-09-22|9.54|10.27|9.28|9.85|1804458|
bar|CHPT|2026-09-23|9.76|9.76|9.02|9.23|1526364|
bar|CHPT|2026-09-24|9.1|9.32|8.81|8.98|1226653|
bar|CHPT|2026-09-25|9.08|9.08|8.7201|8.93|928276|
bar|CHPT|2026-09-28|8.78|9.2|8.65|8.74|1035372|
bar|CHPT|2026-09-29|8.85|9.53|8.65|9.52|1094826|
bar|CHPT|2026-09-30|9.58|10.4387|9.5666|10.08|1542917|
bar|CHPT|2026-10-01|10.135|10.4346|9.7768|10.2|1055267|
bar|CHPT|2026-10-02|10.45|11.26|9.17|9.29|1654770|
bar|CHPT|2026-10-05|9.23|9.29|8.815|8.93|840182|
bar|CHPT|2026-10-06|9.01|9.0952|8.6|8.67|1038854|
bar|CHPT|2026-10-07|8.5|8.54|8.18|8.22|1284008|
bar|CHPT|2026-10-08|8.09|8.38|8.01|8.13|862140|
bar|CHPT|2026-10-09|8.25|8.25|7.87|7.92|769780|
bar|CHYM|2026-05-01|22.27|22.725|21.89|22.24|2139207|
bar|CHYM|2026-05-04|22.31|22.56|21.8|22.08|3576200|
bar|CHYM|2026-05-05|22.08|22.08|20.69|20.79|14693254|
bar|CHYM|2026-05-06|21.03|22.015|20.795|21.73|8896261|
bar|CHYM|2026-05-07|21.45|21.45|18.92|19.01|15282709|
bar|CHYM|2026-05-08|19.03|19.11|18.2|18.425|7566277|
bar|CHYM|2026-05-11|18.13|18.52|17.94|18.23|5409534|
bar|CHYM|2026-05-12|17.95|18.33|17.53|18.1|5642117|
bar|CHYM|2026-05-13|17.82|18.06|17.3034|17.39|5146802|
bar|CHYM|2026-05-14|17.65|18.229|17.57|17.88|4035917|
bar|CHYM|2026-05-15|17.92|18.24|17.25|17.69|7170137|
bar|CHYM|2026-05-18|17.58|17.92|17.13|17.55|3658777|
bar|CHYM|2026-05-19|17.695|17.835|16.91|16.91|5161862|
bar|CHYM|2026-05-20|16.8|17.9149|16.41|17.67|5018303|
bar|CHYM|2026-05-21|17.55|18.165|17.27|18.12|3602612|
bar|CHYM|2026-05-22|18.11|18.33|17.725|17.8|2876145|
bar|CHYM|2026-05-26|17.95|18.01|17.6|17.62|3666585|
bar|CHYM|2026-05-27|17.55|18.04|17.23|17.27|3272974|
bar|CHYM|2026-05-28|17.24|18.35|17.02|18.1|3289922|
bar|CHYM|2026-05-29|18.34|18.945|18.34|18.6|6172746|
bar|CHYM|2026-06-01|18.53|19.775|18.34|19.22|4644954|
bar|CHYM|2026-06-02|18.99|19.11|18.39|18.6|3287714|
bar|CHYM|2026-06-03|18.31|18.39|17.06|17.65|4325336|
bar|CHYM|2026-06-04|17.69|18.23|17.62|18.16|3617806|
bar|CHYM|2026-06-05|18.14|18.2|17.3405|17.48|2989158|
bar|CHYM|2026-06-08|17.47|17.69|17.1|17.57|3573188|
bar|CHYM|2026-06-09|17.58|18.04|16.78|17.07|4695069|
bar|CHYM|2026-06-10|16.835|17.415|16.41|16.44|3781185|
bar|CHYM|2026-06-11|16.29|17.25|15.88|17.25|4270395|
bar|CHYM|2026-06-12|17.29|17.405|16.39|16.7|3772285|
bar|CHYM|2026-06-15|17.24|17.68|17.165|17.64|4339592|
bar|CHYM|2026-06-16|17.6|17.71|17.03|17.05|3825385|
bar|CHYM|2026-06-17|17.07|17.9|16.56|16.6|4729089|
bar|CHYM|2026-06-18|16.7|17.64|16.605|17.6|7833686|
bar|CHYM|2026-06-22|17.57|17.835|16.84|16.92|7368518|
bar|CHYM|2026-06-23|16.82|17.46|16.46|16.67|6395649|
bar|CHYM|2026-06-24|16.68|18|16.6|17.38|4903165|
bar|CHYM|2026-06-25|17.42|18.37|17.24|18.27|5907276|
bar|CHYM|2026-06-26|18.03|20.56|18.03|20.32|21945646|
bar|CHYM|2026-06-29|20.32|21.03|19.765|21|8167139|
bar|CHYM|2026-06-30|21|21|19.605|20.48|7325185|
bar|CHYM|2026-07-01|20.99|21.495|20.395|21.01|6426310|
bar|CHYM|2026-07-02|20.675|21.48|20.6725|20.87|3591974|
bar|CHYM|2026-07-06|20.505|21.645|20.4623|21.45|5573946|
bar|CHYM|2026-07-07|21.425|21.88|20.9|21.12|3492175|
bar|CHYM|2026-07-08|20.56|21.254|20.28|20.98|3781835|
bar|CHYM|2026-07-09|20.9|21.67|20.6515|21.31|2972422|
bar|CHYM|2026-07-10|21.84|22.18|20.87|20.92|3488076|
bar|CHYM|2026-07-13|21.13|21.435|20.63|20.95|4433190|
bar|CHYM|2026-07-14|20.43|21.565|20.32|21.46|4449499|
bar|CHYM|2026-07-15|21.78|22.78|21.595|22.09|6978446|
bar|CHYM|2026-07-16|22.17|22.39|21.64|21.93|4838293|
bar|CHYM|2026-07-17|21.34|22.6|20.8|22.33|7649101|
bar|CHYM|2026-07-20|22.19|22.32|21.25|21.93|8125838|
bar|CHYM|2026-07-21|21.84|22.59|21.61|22.33|5572204|
bar|CHYM|2026-07-22|22.26|22.46|21.62|21.82|3818446|
bar|CHYM|2026-07-23|21.64|21.73|20.445|20.76|2991292|
bar|CHYM|2026-07-24|21.03|21.57|20.23|20.69|4424195|
bar|CHYM|2026-07-27|21|21.98|20.9|21.86|5581521|
bar|CHYM|2026-07-28|21.9|22.635|21.6|22.37|6996457|
bar|CHYM|2026-07-29|22.19|22.895|22.17|22.42|5104503|
bar|CHYM|2026-07-30|22.28|22.625|21.805|22.6|4035030|
bar|CHYM|2026-07-31|22.55|23.72|22.28|22.99|7364007|
bar|CHYM|2026-08-03|23.33|24.39|23.25|24.26|5346956|
bar|CHYM|2026-08-04|24.27|25.05|24.2225|24.95|6030857|
bar|CHYM|2026-08-05|25|26.22|24.91|25.92|8919882|
bar|CHYM|2026-08-06|28.3|33.41|27.76|31.25|34844778|
bar|CHYM|2026-08-07|30.655|31|28.74|29.1|20532608|
bar|CHYM|2026-08-10|29.14|30.98|29.14|30.85|8311849|
bar|CHYM|2026-08-11|30.7|32.48|30.67|31.73|12974099|
bar|CHYM|2026-08-12|31.65|32.05|30.8|31.6|7281194|
bar|CHYM|2026-08-13|32|32.54|31.785|32.18|13097185|
bar|CHYM|2026-08-14|32.23|32.55|31.86|32.02|5165104|
bar|CHYM|2026-08-17|31.88|31.88|31.17|31.45|5770097|
bar|CHYM|2026-08-18|31.22|32.645|30.3784|31.91|8267949|
bar|CHYM|2026-08-19|32|33.38|31.775|33.07|16446637|
bar|CHYM|2026-08-20|33.25|33.745|31.92|31.95|6611015|
bar|CHYM|2026-08-21|32|32.91|31.6748|32.78|5941210|
bar|CHYM|2026-08-24|32.75|33.5665|32.44|32.7|8290344|
bar|CHYM|2026-08-25|33.03|33.16|32.39|33.1|5116668|
bar|CHYM|2026-08-26|33.01|33.5673|32.85|33.15|5382971|
bar|CHYM|2026-08-27|33.41|33.975|32.77|33.36|4150631|
bar|CHYM|2026-08-28|33.45|34.16|33.14|33.2|5007363|
bar|CHYM|2026-08-31|33.11|33.43|32.31|33.11|7133702|
bar|CHYM|2026-09-01|32.635|32.945|31.53|31.66|7097595|
bar|CHYM|2026-09-02|31.89|33.465|31.52|33.41|5947093|
bar|CHYM|2026-09-03|33.74|34.435|33|33.65|4169103|
bar|CHYM|2026-09-04|33.41|33.79|33|33.76|2876428|
bar|CHYM|2026-09-08|33.7|33.7|32.16|32.31|5917934|
bar|CHYM|2026-09-09|35.33|35.55|33.52|34.55|13444623|
bar|CHYM|2026-09-10|33.755|33.975|32.49|32.67|10396788|
bar|CHYM|2026-09-11|32.67|33.2|32.4|33|7790488|
bar|CHYM|2026-09-14|33.5|34.58|33.18|33.97|9775981|
bar|CHYM|2026-09-15|33.835|33.97|32.76|33.61|9772819|
bar|CHYM|2026-09-16|33.36|33.365|30.855|31.25|8241376|
bar|CHYM|2026-09-17|31.975|32.18|30.7|30.72|5220531|
bar|CHYM|2026-09-18|30.64|30.905|30.04|30.33|19611586|
bar|CHYM|2026-09-21|30.67|30.79|29.7|29.92|6451591|
bar|CHYM|2026-09-22|30.31|30.31|28.58|28.62|7368971|
bar|CHYM|2026-09-23|28.435|28.47|26.3|26.46|9787213|
bar|CHYM|2026-09-24|26.4|27.21|26.0595|27.07|5308888|
bar|CHYM|2026-09-25|26.81|27.13|26.6001|26.78|3977510|
bar|CHYM|2026-09-28|26.22|27.02|25.92|26.69|4569258|
bar|CHYM|2026-09-29|26.75|26.77|26.235|26.52|4516135|
bar|CHYM|2026-09-30|26.64|26.97|26.36|26.64|4599555|
bar|CHYM|2026-10-01|26.97|27.24|26.17|26.845|4352880|
bar|CHYM|2026-10-02|27.01|27.7232|26.91|27.25|4006927|
bar|CHYM|2026-10-05|27.5|28.6|27.485|28.29|4771499|
bar|CHYM|2026-10-06|28.29|28.315|27.63|27.65|2477731|
bar|CHYM|2026-10-07|27.55|28.02|27.2414|27.93|3123450|
bar|CHYM|2026-10-08|28.54|28.975|27.8|28.96|4508023|
bar|CHYM|2026-10-09|29.13|30.255|29.02|30.08|5737143|
bar|DFTX|2026-05-01|22.06|22.29|21.625|21.7|1402215|
bar|DFTX|2026-05-04|21.6|22.04|21.29|21.75|1055973|
bar|DFTX|2026-05-05|21.75|22.59|21.6988|22.4|1036621|
bar|DFTX|2026-05-06|22.46|23.525|22.46|23.42|1484741|
bar|DFTX|2026-05-07|23.525|23.525|22.68|23.2|1751263|
bar|DFTX|2026-05-08|22.86|22.86|21.312|22.05|2199432|
bar|DFTX|2026-05-11|21.73|22.24|21.3011|21.4|1466611|
bar|DFTX|2026-05-12|21.41|21.45|20.93|21.16|990306|
bar|DFTX|2026-05-13|21.19|22.46|20.83|22.01|1453443|
bar|DFTX|2026-05-14|22.1|22.2267|21.28|21.35|1071792|
bar|DFTX|2026-05-15|21.05|21.415|20.8|20.99|1432000|
bar|DFTX|2026-05-18|21.02|21.785|20.2601|20.48|1330110|
bar|DFTX|2026-05-19|20.37|20.47|19.33|20.02|1676074|
bar|DFTX|2026-05-20|20.15|21.13|20.13|20.87|1480859|
bar|DFTX|2026-05-21|20.8|22.68|20.7|22.65|2111413|
bar|DFTX|2026-05-22|22.85|23.1|22.34|22.5|1224941|
bar|DFTX|2026-05-26|22.78|23.28|22.48|22.88|1338278|
bar|DFTX|2026-05-27|22.9|23.79|22.75|23.52|1774425|
bar|DFTX|2026-05-28|23.25|23.52|22.44|23.48|3157512|
bar|DFTX|2026-05-29|23.33|24.29|23.3|24.19|2305430|
bar|DFTX|2026-06-01|24.06|24.725|23.69|24.06|1735578|
bar|DFTX|2026-06-02|23.55|23.705|22.15|22.86|2272510|
bar|DFTX|2026-06-03|22.75|23.71|22.29|23.59|2290018|
bar|DFTX|2026-06-04|23.59|25.16|23.53|24.59|2562256|
bar|DFTX|2026-06-05|24.47|25.06|22.95|23.55|4180210|
bar|DFTX|2026-06-08|24.14|24.2|22.06|23.02|3644400|
bar|DFTX|2026-06-09|23.2|23.79|21.69|22.95|1967305|
bar|DFTX|2026-06-10|22.87|24.69|22.73|23.24|2535160|
bar|DFTX|2026-06-11|23.24|24.635|22.86|24.11|2368389|
bar|DFTX|2026-06-12|24.32|25.09|23.9|24.75|1726365|
bar|DFTX|2026-06-15|24.77|25.23|23.63|23.77|1386057|
bar|DFTX|2026-06-16|23.65|24.28|23.47|24.16|1200359|
bar|DFTX|2026-06-17|24.14|25.02|24.1|24.43|1582467|
bar|DFTX|2026-06-18|24.8|25.2499|23.8|24.48|2616900|
bar|DFTX|2026-06-22|38.58|39.16|35.13|36.67|20024647|
bar|DFTX|2026-06-23|36.42|39.13|35.25|36.18|5636703|
bar|DFTX|2026-06-24|39.25|44.535|39.25|42.13|12452370|
bar|DFTX|2026-06-25|41.99|47.01|41.37|44.79|8274410|
bar|DFTX|2026-06-26|44.7|45.75|42.839|44.95|12203242|
bar|DFTX|2026-06-29|44.26|47.2|44.25|46.55|4668826|
bar|DFTX|2026-06-30|46.5|49.2|46.05|47.04|4317475|
bar|DFTX|2026-07-01|46.95|47.2|43.3248|43.4|3111396|
bar|DFTX|2026-07-02|43.365|44.5|42.42|44.19|2361605|
bar|DFTX|2026-07-06|43.76|44.75|43.26|44.33|2073695|
bar|DFTX|2026-07-07|44.35|45.38|42.5|44.48|2585238|
bar|DFTX|2026-07-08|44.865|46.81|44.865|45.32|2615863|
bar|DFTX|2026-07-09|45.07|48.47|44.53|48.45|3013321|
bar|DFTX|2026-07-10|47.73|48.39|44.52|47.07|2554778|
bar|DFTX|2026-07-13|46.235|46.41|43.38|43.65|1806303|
bar|DFTX|2026-07-14|43.48|46.45|43|45.98|1385359|
bar|DFTX|2026-07-15|45|46.65|44.73|45.66|1339292|
bar|DFTX|2026-07-16|47.62|48.5|42.95|44.1|3457673|
bar|DFTX|2026-07-17|43.84|45.1799|43.36|44.29|1486364|
bar|DFTX|2026-07-20|43.84|45.31|42.75|42.8|1221521|
bar|DFTX|2026-07-21|42.49|45.17|41.57|45.08|1494273|
bar|DFTX|2026-07-22|44.02|44.994|43.53|43.67|1238220|
bar|DFTX|2026-07-23|43.2|44.17|42.67|42.93|773178|
bar|DFTX|2026-07-24|43.9|44.31|42.69|43.17|1117265|
bar|DFTX|2026-07-27|43.65|45.42|41.73|42.65|1555945|
bar|DFTX|2026-07-28|42.35|42.41|40.29|41.96|1948585|
bar|DFTX|2026-07-29|42|42.855|41.08|42.16|1761579|
bar|DFTX|2026-07-30|42.29|44.7|42.27|44.49|1804044|
bar|DFTX|2026-07-31|44.98|44.9999|42.84|43.52|1962814|
bar|DFTX|2026-08-03|42.87|43.52|41.51|41.79|1900191|
bar|DFTX|2026-08-04|42.65|43.0849|41.86|42.32|1861961|
bar|DFTX|2026-08-05|42.5|44.525|42.06|44.39|1561547|
bar|DFTX|2026-08-06|44.39|46.18|44.3003|46.14|1768712|
bar|DFTX|2026-08-07|46.3|49.7|44.24|46.14|2544448|
bar|DFTX|2026-08-10|45.85|45.955|43.51|45.15|2309614|
bar|DFTX|2026-08-11|45.47|45.595|40.6201|40.91|3353621|
bar|DFTX|2026-08-12|47.51|47.55|42.425|42.79|7630619|
bar|DFTX|2026-08-13|44|45.11|42.91|43.9|2663688|
bar|DFTX|2026-08-14|43|43.74|42.01|42.63|1703643|
bar|DFTX|2026-08-17|42.2|45.32|42.04|45.26|2273794|
bar|DFTX|2026-08-18|45.34|46.37|44.19|46.18|2008357|
bar|DFTX|2026-08-19|47|47.29|44.59|45.82|1746532|
bar|DFTX|2026-08-20|45.11|45.59|44.2|45.4|1658198|
bar|DFTX|2026-08-21|45.89|46.57|44.805|44.91|1354317|
bar|DFTX|2026-08-24|44.46|44.46|41.25|43.27|1726407|
bar|DFTX|2026-08-25|43.97|45.31|43.615|44.81|1269380|
bar|DFTX|2026-08-26|44.73|45.04|43.35|43.77|1599038|
bar|DFTX|2026-08-27|44.18|44.97|43.33|43.82|1415130|
bar|DFTX|2026-08-28|43.18|43.3799|40.851|40.98|1801507|
bar|DFTX|2026-08-31|40.61|41.345|39.16|39.72|2691119|
bar|DFTX|2026-09-01|39.38|40|38.15|38.5|1567860|
bar|DFTX|2026-09-02|38.5|40.065|38.1|38.9|1423372|
bar|DFTX|2026-09-03|38.94|39|37.32|38|1529335|
bar|DFTX|2026-09-04|37.94|38.54|37.38|38.09|1128322|
bar|DFTX|2026-09-08|38|39.26|37.695|38.23|1491542|
bar|DFTX|2026-09-09|37.82|38.93|37.68|37.99|1285164|
bar|DFTX|2026-09-10|37.65|38.1899|37.1701|37.73|1399310|
bar|DFTX|2026-09-11|37.73|39.37|37.73|38.89|1752141|
bar|DFTX|2026-09-14|43.53|43.77|39.5|40.25|7250026|
bar|DFTX|2026-09-15|40.445|40.445|36.775|36.82|4520639|
bar|DFTX|2026-09-16|36.99|38.92|36.7|37.85|2067583|
bar|DFTX|2026-09-17|38.86|39.78|38.02|38.68|1729168|
bar|DFTX|2026-09-18|38.67|39.04|38.1|38.81|3205508|
bar|DFTX|2026-09-21|39|39.54|37.97|39.28|2037780|
bar|DFTX|2026-09-22|39.42|40.39|38.7|40.32|1751998|
bar|DFTX|2026-09-23|40.03|40.04|37.165|37.65|2712179|
bar|DFTX|2026-09-24|37.49|37.6|35.89|36.73|2302163|
bar|DFTX|2026-09-25|37|37|36.14|36.17|2682573|
bar|DFTX|2026-09-28|35.925|39.1|35.5101|38.41|2976722|
bar|DFTX|2026-09-29|38.325|38.7|37.435|38.21|1966982|
bar|DFTX|2026-09-30|38.42|38.8|37.3156|38.06|2379953|
bar|DFTX|2026-10-01|37.94|38.95|37.29|37.6|2120483|
bar|DFTX|2026-10-02|37.7|38.14|36.86|37.4|1608324|
bar|DFTX|2026-10-05|37.5|37.7447|35.9|36.23|2601616|
bar|DFTX|2026-10-06|36.55|36.55|34.38|35.62|2474235|
bar|DFTX|2026-10-07|35.34|36.3851|34.92|35.09|1966629|
bar|DFTX|2026-10-08|34.615|34.88|32.8407|34.18|2103667|
bar|DFTX|2026-10-09|34.85|38.04|34.5701|36.9|2769340|
bar|EFOR|2026-05-01|21.41|21.74|20.94|21.18|2455876|
bar|EFOR|2026-05-04|21.25|22|20.535|20.74|2055086|
bar|EFOR|2026-05-05|20.63|21.08|19.82|21.02|1313936|
bar|EFOR|2026-05-06|20.39|21.05|20.24|20.61|1086420|
bar|EFOR|2026-05-07|20.67|21.39|20.41|20.87|1271249|
bar|EFOR|2026-05-08|20.49|20.75|20.01|20.32|818752|
bar|EFOR|2026-05-11|20|20.2799|18.88|18.9|1139333|
bar|EFOR|2026-05-12|18.99|19.41|17.63|17.88|1513799|
bar|EFOR|2026-05-13|17.6|17.617|16.9|17.35|1584897|
bar|EFOR|2026-05-14|17.19|18.02|17.01|17.91|1166600|
bar|EFOR|2026-05-15|17.91|18.75|17.71|17.96|1071048|
bar|EFOR|2026-05-18|17.93|19.5|17.81|19.1|1862793|
bar|EFOR|2026-05-19|19.53|19.88|18.78|18.82|1051298|
bar|EFOR|2026-05-20|18.6|18.7|17.76|18.21|1198137|
bar|EFOR|2026-05-21|18.15|19.19|17.46|19.12|1182763|
bar|EFOR|2026-05-22|18.6|19.54|18.59|19.5|1096293|
bar|EFOR|2026-05-26|19.5|19.57|18.955|19.26|1093499|
bar|EFOR|2026-05-27|19.46|20.14|19.22|20.05|1021102|
bar|EFOR|2026-05-28|20.1|20.94|19.78|20.9|1132606|
bar|EFOR|2026-05-29|21.57|22.77|20.91|22.68|1893249|
bar|EFOR|2026-06-01|21.88|23.64|21.88|23.2|1333147|
bar|EFOR|2026-06-02|23|23|21.79|22.43|1254520|
bar|EFOR|2026-06-03|21.88|21.88|20.29|20.53|943221|
bar|EFOR|2026-06-04|21.22|21.5899|20.19|20.6|842002|
bar|EFOR|2026-06-05|20.92|21.09|19.94|20.13|776339|
bar|EFOR|2026-06-08|19.83|20.655|19.53|20.11|736704|
bar|EFOR|2026-06-09|20|20.66|19.7301|20.52|781414|
bar|EFOR|2026-06-10|20.34|20.93|19.78|20.32|687409|
bar|EFOR|2026-06-11|19.83|20.385|19.33|20.2|694252|
bar|EFOR|2026-06-12|19.9|21.58|19.78|21.02|831780|
bar|EFOR|2026-06-15|20.94|21.36|20.575|20.85|883803|
bar|EFOR|2026-06-16|20.82|21.38|20.5|21.02|677346|
bar|EFOR|2026-06-17|20.68|21.51|19.87|20.06|871344|
bar|EFOR|2026-06-18|20.185|20.185|18.7459|19.08|1859254|
bar|EFOR|2026-06-22|19.075|19.08|17.125|17.63|1318152|
bar|EFOR|2026-06-23|17.95|18.49|17.87|17.9|799188|
bar|EFOR|2026-06-24|17.63|18.515|17.61|18.31|927993|
bar|EFOR|2026-06-25|18|18.33|16.99|17.06|849037|
bar|EFOR|2026-06-26|16.91|19.61|16.91|19.61|2754021|
bar|EFOR|2026-06-29|19.69|19.69|18.65|18.72|1084177|
bar|EFOR|2026-06-30|18.43|18.61|17.52|17.87|855001|
bar|EFOR|2026-07-01|18.53|18.95|17.53|17.56|1370879|
bar|EFOR|2026-07-02|17.86|18.32|17|17.66|1133409|
bar|EFOR|2026-07-06|17.61|18.24|17.16|17.34|946754|
bar|EFOR|2026-07-07|17.98|18.905|17.675|18.37|1127791|
bar|EFOR|2026-07-08|18.12|18.56|17.6604|17.76|1198685|
bar|EFOR|2026-07-09|17.28|18.61|17.02|18.56|915851|
bar|EFOR|2026-07-10|19|19.1847|17.39|17.54|745242|
bar|EFOR|2026-07-13|18.07|18.65|18|18.28|860380|
bar|EFOR|2026-07-14|17.5|17.755|16.9|17.11|831249|
bar|EFOR|2026-07-15|17.33|18.07|17.225|17.26|810755|
bar|EFOR|2026-07-16|17.74|19.125|17.59|18.68|1083106|
bar|EFOR|2026-07-17|18.81|19.26|18.24|18.73|899492|
bar|EFOR|2026-07-20|18.39|18.53|17.73|18.35|910393|
bar|EFOR|2026-07-21|17.83|18.515|17.67|18.31|637433|
bar|EFOR|2026-07-22|20.03|21.3699|19.885|20.38|1132742|
bar|EFOR|2026-07-23|20.38|20.41|19.28|19.64|850726|
bar|EFOR|2026-07-24|19.69|21.26|19.3|20.6|831341|
bar|EFOR|2026-07-27|21.27|22.07|20.88|21.56|1161281|
bar|EFOR|2026-07-28|22.47|23.55|22.22|23.25|1365277|
bar|EFOR|2026-07-29|23.04|24.02|22.795|23.41|1519228|
bar|EFOR|2026-07-30|24.15|28.36|23.99|27.57|1824886|
bar|EFOR|2026-07-31|27.23|28.9|26.7|28.44|1661522|
bar|EFOR|2026-08-03|29.11|30.71|28.99|29.8|1684935|
bar|EFOR|2026-08-04|28.57|30.86|28.57|30.72|1025883|
bar|EFOR|2026-08-05|30.88|31.7|30.18|31.64|1091373|
bar|EFOR|2026-08-06|31.25|31.9399|30.8|31.57|881657|
bar|EFOR|2026-08-07|31.9|33.0599|31.75|32.22|765346|
bar|EFOR|2026-08-10|31.43|33.73|30.76|32.45|661146|
bar|EFOR|2026-08-11|32|33.11|31.2585|32.83|656887|
bar|EFOR|2026-08-12|32.2|32.9|31.24|32.72|1240336|
bar|EFOR|2026-08-13|32.81|33.78|32.1|33.45|536123|
bar|EFOR|2026-08-14|32.95|33.4962|31.49|31.67|584360|
bar|EFOR|2026-08-17|30.495|32.03|30.495|30.86|705637|
bar|EFOR|2026-08-18|31.43|31.8316|30.55|30.79|755822|
bar|EFOR|2026-08-19|30.74|33.04|30.7|31.95|601969|
bar|EFOR|2026-08-20|32.04|32.68|31.54|32.17|467104|
bar|EFOR|2026-08-21|32.15|33.32|31.42|32.7|623947|
bar|EFOR|2026-08-24|32.75|33.36|32.22|32.5|453495|
bar|EFOR|2026-08-25|32.01|33.7326|31.41|31.56|320925|
bar|EFOR|2026-08-26|31.09|31.67|30.71|31.45|388905|
bar|EFOR|2026-08-27|31.26|32.08|31.26|31.64|425702|
bar|EFOR|2026-08-28|31.33|32.49|31.265|31.95|814497|
bar|EFOR|2026-08-31|31.6|32.62|31.51|32.42|788901|
bar|EFOR|2026-09-01|32.42|33.09|30.17|30.28|676314|
bar|EFOR|2026-09-02|30.22|31.56|30.215|30.88|690129|
bar|EFOR|2026-09-03|31.78|32.7699|30.91|31.83|1142900|
bar|EFOR|2026-09-04|31.42|32.68|30.92|32.55|552859|
bar|EFOR|2026-09-08|32.01|32.01|30.09|30.92|630274|
bar|EFOR|2026-09-09|30.94|31.145|29.71|30.6|582748|
bar|EFOR|2026-09-10|30.46|31.02|29.94|30.39|419869|
bar|EFOR|2026-09-11|30.63|31.5|30.24|31.47|416537|
bar|EFOR|2026-09-14|31.5|34.37|31.5|34.05|1042463|
bar|EFOR|2026-09-15|33.17|34.42|33.14|33.8|1105552|
bar|EFOR|2026-09-16|33.45|33.515|32.27|32.43|588540|
bar|EFOR|2026-09-17|32.43|33.23|31.6524|32.93|740916|
bar|EFOR|2026-09-18|32.85|33.065|31.54|32.76|1679152|
bar|EFOR|2026-09-21|33.33|33.93|32.29|32.89|555732|
bar|EFOR|2026-09-22|33.65|34.01|31.78|32.28|481995|
bar|EFOR|2026-09-23|32.55|33.65|31.995|33.15|576504|
bar|EFOR|2026-09-24|33.49|33.98|31.99|32.43|552049|
bar|EFOR|2026-09-25|32.5|33.62|32.3075|33.12|512636|
bar|EFOR|2026-09-28|32.875|33.22|32.09|32.83|461364|
bar|EFOR|2026-09-29|32.47|33.08|32.08|32.9|404352|
bar|EFOR|2026-09-30|32.75|33.68|32.55|32.9|559088|
bar|EFOR|2026-10-01|34.55|37.66|34.55|36.19|1233505|
bar|EFOR|2026-10-02|36.22|36.53|34.025|34.25|723254|
bar|EFOR|2026-10-05|34.25|36.82|33.8|36.14|1124444|
bar|EFOR|2026-10-06|36.05|36.1299|35.33|35.97|562088|
bar|EFOR|2026-10-07|35.89|36.21|34.53|34.91|651854|
bar|EFOR|2026-10-08|35.27|36.1|33.8875|35.93|703913|
bar|EFOR|2026-10-09|37.15|38.09|36.76|37.5|470112|
bar|ESTC|2026-05-01|47.95|50|47.84|48.61|1520701|
bar|ESTC|2026-05-04|48.71|50.99|48.71|50.66|1052622|
bar|ESTC|2026-05-05|51.09|52|49.73|50.15|1179370|
bar|ESTC|2026-05-06|49.13|50|48.07|49.11|1195549|
bar|ESTC|2026-05-07|52.11|53.33|51.31|51.62|2407095|
bar|ESTC|2026-05-08|50.74|52.31|49.92|52.25|1256810|
bar|ESTC|2026-05-11|51.42|52.74|49.485|50.38|2127277|
bar|ESTC|2026-05-12|50.66|51.08|49.69|50.09|1795504|
bar|ESTC|2026-05-13|48.21|48.995|47.59|48.57|2258466|
bar|ESTC|2026-05-14|48.69|50.605|47.56|49.78|1471949|
bar|ESTC|2026-05-15|50.48|51.515|49.29|50.6|2408211|
bar|ESTC|2026-05-18|50.55|54.01|50.55|53.91|2154120|
bar|ESTC|2026-05-19|55.49|56.3|53.19|53.72|2419838|
bar|ESTC|2026-05-20|52.65|55.3|52|55.28|2098444|
bar|ESTC|2026-05-21|54.51|54.84|53.5|53.84|1253030|
bar|ESTC|2026-05-22|54.57|56.09|54.26|54.81|1354253|
bar|ESTC|2026-05-26|53.97|54.91|53.13|54.41|1549922|
bar|ESTC|2026-05-27|53.29|54.75|53.12|53.9|1974046|
bar|ESTC|2026-05-28|57.1|59.1889|56|57.61|6165660|
bar|ESTC|2026-05-29|53.91|65.255|53.2|64.7|7461483|
bar|ESTC|2026-06-01|67.07|68.72|63.13|68.06|4245479|
bar|ESTC|2026-06-02|65.48|67.8|64.03|67.59|2597739|
bar|ESTC|2026-06-03|66.31|66.9028|63.25|64.1|2623764|
bar|ESTC|2026-06-04|64.77|66.8|63.28|65.09|1767361|
bar|ESTC|2026-06-05|64.98|66.295|61.6545|61.79|1832703|
bar|ESTC|2026-06-08|61.58|62.6|60.56|62.14|1542843|
bar|ESTC|2026-06-09|61.01|62.28|58.7901|61.26|2457677|
bar|ESTC|2026-06-10|59.78|61.42|59.02|60.78|1241304|
bar|ESTC|2026-06-11|59.68|60.74|58.32|60.22|1497316|
bar|ESTC|2026-06-12|60.22|60.94|58.16|60.35|1540058|
bar|ESTC|2026-06-15|61.07|63.39|60.2|62.3|2293088|
bar|ESTC|2026-06-16|62.17|62.8|59.43|60.11|1472651|
bar|ESTC|2026-06-17|59.66|60.94|58.1|58.56|1793815|
bar|ESTC|2026-06-18|58|59.13|55.9001|58.97|3286955|
bar|ESTC|2026-06-22|57.98|60.47|56.6|58.73|2139775|
bar|ESTC|2026-06-23|59|60.23|58.56|58.98|1776451|
bar|ESTC|2026-06-24|58.4|59.59|57.75|58.71|1602149|
bar|ESTC|2026-06-25|56.7|56.775|53.04|53.6|3388965|
bar|ESTC|2026-06-26|53.88|56.93|53.88|56.24|3537479|
bar|ESTC|2026-06-29|57.51|58.86|56.84|56.95|1751327|
bar|ESTC|2026-06-30|56.11|57.56|56.01|57.02|1190879|
bar|ESTC|2026-07-01|58.7|59.79|58.09|58.45|1670452|
bar|ESTC|2026-07-02|58.45|59.79|57.46|58.04|1617505|
bar|ESTC|2026-07-06|57|58.6|56.56|58.54|1318128|
bar|ESTC|2026-07-07|59.8|61.275|58.01|59.46|1569515|
bar|ESTC|2026-07-08|58.05|60.41|57.775|60.08|1959864|
bar|ESTC|2026-07-09|58.62|62.745|58.35|62.06|1459497|
bar|ESTC|2026-07-10|63.49|63.97|59.76|60.24|1498205|
bar|ESTC|2026-07-13|61.16|63.12|60.56|62.43|1985388|
bar|ESTC|2026-07-14|59.84|62.95|59.455|62.32|2070077|
bar|ESTC|2026-07-15|63.42|64.64|61.62|62.24|1715369|
bar|ESTC|2026-07-16|62.19|63.16|60.7|62.11|1487229|
bar|ESTC|2026-07-17|61.3|62.46|61.0246|61.59|1459069|
bar|ESTC|2026-07-20|60.61|63.215|60.3|62.74|1353025|
bar|ESTC|2026-07-21|60.72|63.44|59.2875|60.18|1894443|
bar|ESTC|2026-07-22|59.66|59.71|58.29|58.68|1526693|
bar|ESTC|2026-07-23|59.3|59.455|56.055|57.33|1705295|
bar|ESTC|2026-07-24|58.06|58.96|57.645|58.68|954550|
bar|ESTC|2026-07-27|59.9|62.21|59.48|61.24|1398199|
bar|ESTC|2026-07-28|61.62|63.13|60.25|62.1|1225164|
bar|ESTC|2026-07-29|62.34|66.06|62.25|64.44|2175678|
bar|ESTC|2026-07-30|64.49|64.9075|62.925|64.25|1735274|
bar|ESTC|2026-07-31|63.64|66.05|63.2|65.79|1639944|
bar|ESTC|2026-08-03|67.01|69.8|67|68.74|2550588|
bar|ESTC|2026-08-04|67.67|71.45|67.06|71.06|1778298|
bar|ESTC|2026-08-05|72.62|72.83|69.49|69.72|2362814|
bar|ESTC|2026-08-06|67.17|70.16|66.465|69.95|1711466|
bar|ESTC|2026-08-07|71.69|75.48|71.2072|75.11|2538479|
bar|ESTC|2026-08-10|74.03|77.075|73.7876|76.32|2498102|
bar|ESTC|2026-08-11|75.99|77.39|75.265|76.35|1081008|
bar|ESTC|2026-08-12|74.83|77.37|74.64|77.16|1349004|
bar|ESTC|2026-08-13|77.72|86.7|77.52|86.03|4592225|
bar|ESTC|2026-08-14|86.01|87.61|83.81|86.68|3343772|
bar|ESTC|2026-08-17|85.51|86.375|82.18|83.44|3416702|
bar|ESTC|2026-08-18|84.11|86.59|83.495|85.01|2762916|
bar|ESTC|2026-08-19|84.98|87.96|84.5|87.34|3550008|
bar|ESTC|2026-08-20|87.89|88.205|85.27|85.9|1748612|
bar|ESTC|2026-08-21|85.43|86.24|83.51|85.94|1400912|
bar|ESTC|2026-08-24|85.68|86.06|82.95|83.24|2169538|
bar|ESTC|2026-08-25|82.98|83.32|79.44|80.4|2113361|
bar|ESTC|2026-08-26|79.05|80.91|78.79|79.25|1693258|
bar|ESTC|2026-08-27|82.645|85.78|82|83.74|4949335|
bar|ESTC|2026-08-28|103.89|108|96.82|99.91|10103767|
bar|ESTC|2026-08-31|98|102.415|95.36|97.55|5786890|
bar|ESTC|2026-09-01|95.76|96.99|92.095|92.39|2843941|
bar|ESTC|2026-09-02|92|93.5|89.34|89.58|2406404|
bar|ESTC|2026-09-03|92|96.465|92|96.13|3876876|
bar|ESTC|2026-09-04|95.14|96|91.45|91.81|1953198|
bar|ESTC|2026-09-08|89.98|90.59|88.101|88.42|2487579|
bar|ESTC|2026-09-09|88.39|88.85|86.01|86.58|2573552|
bar|ESTC|2026-09-10|86|88.24|83.405|83.48|2098316|
bar|ESTC|2026-09-11|83.49|84.76|82.1548|83.39|2354701|
bar|ESTC|2026-09-14|84.5|85.97|83.04|85.11|2359152|
bar|ESTC|2026-09-15|83.61|87.66|83.3|85.16|1552650|
bar|ESTC|2026-09-16|83.75|86.295|83.655|85.03|1979211|
bar|ESTC|2026-09-17|85.49|89.73|83.81|88.97|1997484|
bar|ESTC|2026-09-18|89.49|89.75|86.54|86.96|3263684|
bar|ESTC|2026-09-21|87.51|90.12|86.96|89.71|1237391|
bar|ESTC|2026-09-22|91|91.25|87.68|89.22|1442230|
bar|ESTC|2026-09-23|89.39|91.52|88.77|91.28|1520839|
bar|ESTC|2026-09-24|91|91.46|89.34|91.28|1618041|
bar|ESTC|2026-09-25|90.88|92.64|87.37|88.12|1760945|
bar|ESTC|2026-09-28|85.66|88.695|84.62|87.94|1913603|
bar|ESTC|2026-09-29|87.49|89.09|86.72|88.8|1600473|
bar|ESTC|2026-09-30|88.9|92.69|88.855|91.7|1877929|
bar|ESTC|2026-10-01|93.56|93.82|90.2|92.31|1365658|
bar|ESTC|2026-10-02|92.58|94.5|92.58|93.94|1771260|
bar|ESTC|2026-10-05|92.53|95.55|92|94.91|2572276|
bar|ESTC|2026-10-06|96.08|98.6|94.31|94.6|1524507|
bar|ESTC|2026-10-07|93.82|94.78|93.1|93.1|945433|
bar|ESTC|2026-10-08|93.4|95.5|93|95.26|1610338|
bar|ESTC|2026-10-09|97.8|98.5|95.3376|98.23|1170663|
bar|FBRX|2026-05-01|26.96|28.37|26.1|28.19|287018|
bar|FBRX|2026-05-04|27.81|30.41|27.755|28.51|208393|
bar|FBRX|2026-05-05|28.7|29.145|26.92|27.29|151608|
bar|FBRX|2026-05-06|27.41|28.3|26.33|26.52|109002|
bar|FBRX|2026-05-07|26.45|27.06|25.685|26.17|120662|
bar|FBRX|2026-05-08|25.95|25.97|23.5325|24.02|340970|
bar|FBRX|2026-05-11|23.39|26.4|23.32|26|423768|
bar|FBRX|2026-05-12|26.42|27.02|24|24.29|255924|
bar|FBRX|2026-05-13|24.36|24.7|23.24|24.66|126467|
bar|FBRX|2026-05-14|24.47|25.01|23.56|23.96|116146|
bar|FBRX|2026-05-15|23.26|24|21.6|23.11|177695|
bar|FBRX|2026-05-18|23.04|23.325|20.1|20.97|357791|
bar|FBRX|2026-05-19|20.97|20.97|19.03|20.07|323706|
bar|FBRX|2026-05-20|20.35|20.91|19.8|20.31|133695|
bar|FBRX|2026-05-21|19.98|22.33|19.525|22|227732|
bar|FBRX|2026-05-22|21.79|22.35|20.69|21.59|123967|
bar|FBRX|2026-05-26|21.87|22.48|21.38|21.94|205052|
bar|FBRX|2026-05-27|21.68|23.07|21.4|21.47|125116|
bar|FBRX|2026-05-28|21.41|22.06|19.8|20.77|144897|
bar|FBRX|2026-05-29|20.7|20.72|18.605|19.07|392813|
bar|FBRX|2026-06-01|19.3|20.66|18.75|19.24|354840|
bar|FBRX|2026-06-02|19.21|19.43|17.25|18.175|367564|
bar|FBRX|2026-06-03|18.18|18.59|16.6701|17|321857|
bar|FBRX|2026-06-04|17.05|17.4044|16.405|16.69|272963|
bar|FBRX|2026-06-05|16.37|16.7|15.71|16.52|408707|
bar|FBRX|2026-06-08|16.71|16.74|15.51|15.67|248772|
bar|FBRX|2026-06-09|15.79|17.08|15.53|17|415047|
bar|FBRX|2026-06-10|16.83|18.09|16.565|16.82|254560|
bar|FBRX|2026-06-11|16.83|18.04|16.6|17.4|172223|
bar|FBRX|2026-06-12|17.54|18.4899|17.2|17.56|219296|
bar|FBRX|2026-06-15|17.74|18.35|17.45|18.05|124992|
bar|FBRX|2026-06-16|18.05|18.16|17|17.15|186335|
bar|FBRX|2026-06-17|17.25|17.895|17.17|17.59|156128|
bar|FBRX|2026-06-18|17.84|18.57|17.65|17.85|228693|
bar|FBRX|2026-06-22|17.94|19.01|17.76|18.28|233946|
bar|FBRX|2026-06-23|17.8|18.99|16.89|18.15|348190|
bar|FBRX|2026-06-24|18.15|18.92|17.92|18.54|217126|
bar|FBRX|2026-06-25|18.7|19.475|18.3|18.71|186507|
bar|FBRX|2026-06-26|18.77|21.53|18.405|21.03|3079361|
bar|FBRX|2026-06-29|20.73|22.305|20.51|21.32|473387|
bar|FBRX|2026-06-30|21.29|22.385|20.41|21.25|421312|
bar|FBRX|2026-07-01|21.31|21.745|20.51|21.32|339474|
bar|FBRX|2026-07-02|21.4|22.34|20.765|20.92|401427|
bar|FBRX|2026-07-06|20.81|21.585|19.95|20.41|242497|
bar|FBRX|2026-07-07|20.64|23.46|20.29|22.25|500696|
bar|FBRX|2026-07-08|21.97|22.48|20.2|20.58|590076|
bar|FBRX|2026-07-09|21.25|37.575|21.25|36.7|4822052|
bar|FBRX|2026-07-10|37.94|45.36|37.5|43.92|3176352|
bar|FBRX|2026-07-13|43.6|44.365|40.11|44.12|742357|
bar|FBRX|2026-07-14|44|45|41.9|43.2|673504|
bar|FBRX|2026-07-15|42.94|46.33|41.76|44.15|630399|
bar|FBRX|2026-07-16|44|46.415|40.73|44.99|785060|
bar|FBRX|2026-07-17|43.35|50|42|48.86|595673|
bar|FBRX|2026-07-20|48.29|52.15|47.35|47.49|602200|
bar|FBRX|2026-07-21|49.53|52.67|49.255|50.73|927156|
bar|FBRX|2026-07-22|50.08|56.84|48.565|56.63|530626|
bar|FBRX|2026-07-23|55.36|62.46|54.264|59.7|751853|
bar|FBRX|2026-07-24|59.28|60.4|54.64|54.78|574654|
bar|FBRX|2026-07-27|76.41|76.6|76.38|76.5|17543529|
bar|FBRX|2026-07-28|76.5|76.68|76.5|76.65|2542951|
bar|FBRX|2026-07-29|76.61|76.64|76.5|76.53|7249539|
bar|FBRX|2026-07-30|76.57|77.2|76.5|76.98|2368031|
bar|FBRX|2026-07-31|76.62|76.74|76.54|76.6|794042|
bar|FBRX|2026-08-03|76.68|76.805|76.58|76.61|649364|
bar|FBRX|2026-08-04|76.72|76.75|76.51|76.56|1058600|
bar|FBRX|2026-08-05|76.6|76.68|76.56|76.61|1366853|
bar|FBRX|2026-08-06|76.75|76.83|76.72|76.83|1725201|
bar|FBRX|2026-08-07|76.82|76.85|76.76|76.79|1056675|
bar|FBRX|2026-08-10|76.82|76.83|76.78|76.82|765209|
bar|FBRX|2026-08-11|76.84|76.89|76.81|76.87|1052053|
bar|FBRX|2026-08-12|76.87|76.9|76.76|76.78|1915118|
bar|FBRX|2026-08-13|76.82|76.875|76.78|76.86|1150548|
bar|FBRX|2026-08-14|76.86|76.87|76.82|76.83|490135|
bar|FBRX|2026-08-17|76.85|76.9|76.84|76.89|558044|
bar|FBRX|2026-08-18|76.86|76.91|76.85|76.88|771105|
bar|FBRX|2026-08-19|76.89|76.945|76.87|76.9|6479484|
bar|FBRX|2026-08-20|76.93|76.95|76.82|76.89|3195174|
bar|FBRX|2026-08-21|76.94|76.95|76.89|76.92|2011916|
bar|FBRX|2026-08-24|76.94|76.95|76.92|76.95|1255422|
bar|FBRX|2026-08-25|76.96|76.98|76.95|76.97|1235748|
bar|FBRX|2026-08-26|76.97|77|76.96|76.99|1392430|
bar|FIVN|2026-05-01|20.18|23.1899|19.66|22.24|15279235|
bar|FIVN|2026-05-04|22.28|24.03|22.08|23.34|8976307|
bar|FIVN|2026-05-05|24.088|25.3372|23.88|24.26|6256557|
bar|FIVN|2026-05-06|24.035|24.035|21.5|21.9|5454838|
bar|FIVN|2026-05-07|22.5|23.43|22.075|22.2|3094001|
bar|FIVN|2026-05-08|21.78|22.22|20.82|22.1|2941188|
bar|FIVN|2026-05-11|21.97|22.955|20.74|21.41|2689576|
bar|FIVN|2026-05-12|21.41|21.66|20.73|20.93|2451839|
bar|FIVN|2026-05-13|20.79|22.06|19.8314|21.12|7026243|
bar|FIVN|2026-05-14|21.1|21.7299|20.6517|20.75|3322218|
bar|FIVN|2026-05-15|20.255|22.5599|20.255|21.64|3435767|
bar|FIVN|2026-05-18|21.16|21.84|20.6901|21.13|3503074|
bar|FIVN|2026-05-19|21.51|22.62|20.63|22.52|5575793|
bar|FIVN|2026-05-20|22.03|22.42|21.07|22.29|3345362|
bar|FIVN|2026-05-21|22.185|23.06|21.5216|21.84|3286905|
bar|FIVN|2026-05-22|21.99|23.23|21.91|22.76|2372814|
bar|FIVN|2026-05-26|22.58|23.66|22.06|22.79|2352049|
bar|FIVN|2026-05-27|22.46|22.89|22.12|22.34|2071730|
bar|FIVN|2026-05-28|22.695|23.34|21.76|22.83|3309095|
bar|FIVN|2026-05-29|23.46|24.69|23.085|24.35|4603995|
bar|FIVN|2026-06-01|25.15|26.93|24.05|26.26|4841744|
bar|FIVN|2026-06-02|24.61|25.87|24.15|25.03|3734641|
bar|FIVN|2026-06-03|24.8|24.83|23.4001|23.95|3154053|
bar|FIVN|2026-06-04|24.16|25.88|23.51|24.46|2684296|
bar|FIVN|2026-06-05|24.25|24.94|22.6001|23.52|3370741|
bar|FIVN|2026-06-08|23.3|23.6128|22.83|23.15|1899352|
bar|FIVN|2026-06-09|22.72|23.17|20.26|21.68|3287845|
bar|FIVN|2026-06-10|21.255|22.2|21.03|21.35|2106214|
bar|FIVN|2026-06-11|20.86|21.16|20.1|20.83|3296990|
bar|FIVN|2026-06-12|20.73|21.24|20.0856|21.23|1754756|
bar|FIVN|2026-06-15|21.35|21.66|20.54|20.66|2291003|
bar|FIVN|2026-06-16|20.57|21.2792|20.155|20.685|2346223|
bar|FIVN|2026-06-17|20.49|20.75|19.295|19.36|2694761|
bar|FIVN|2026-06-18|19.22|19.76|18.55|19.395|4378527|
bar|FIVN|2026-06-22|18.91|19.525|18.15|18.82|3177282|
bar|FIVN|2026-06-23|18.73|19.35|18.6|19.06|2275390|
bar|FIVN|2026-06-24|19.05|19.86|19.05|19.48|1849187|
bar|FIVN|2026-06-25|19.45|20.05|19.1|19.51|2076200|
bar|FIVN|2026-06-26|19.8|21.36|19.79|21.32|4977433|
bar|FIVN|2026-06-29|21.785|21.99|21.21|21.3|2236574|
bar|FIVN|2026-06-30|21.12|21.48|20.71|21.32|1388551|
bar|FIVN|2026-07-01|22.05|23.27|21.88|23.24|2556647|
bar|FIVN|2026-07-02|23.06|24.1043|22.91|23.44|2679449|
bar|FIVN|2026-07-06|22.86|24.15|22.5501|24.1|2109366|
bar|FIVN|2026-07-07|24.48|25.69|23.87|24.985|3504130|
bar|FIVN|2026-07-08|24.17|24.88|23.64|24.2|2009413|
bar|FIVN|2026-07-09|23.512|24.98|23.15|24.93|1425277|
bar|FIVN|2026-07-10|25.798|25.798|25.0424|25.42|1671908|
bar|FIVN|2026-07-13|25.51|26.38|25.305|25.81|1604070|
bar|FIVN|2026-07-14|24.38|25.85|24.21|25.58|2194019|
bar|FIVN|2026-07-15|26|26.55|24.53|24.86|2206650|
bar|FIVN|2026-07-16|24.9|25.49|24.54|25.26|1406301|
bar|FIVN|2026-07-17|24.755|26.18|24.69|25.58|1785598|
bar|FIVN|2026-07-20|25.4|26.49|25.025|25.7|1067869|
bar|FIVN|2026-07-21|25.16|26.14|24.9602|25.23|1493739|
bar|FIVN|2026-07-22|24.89|25.015|22.4435|22.95|3053267|
bar|FIVN|2026-07-23|23.23|23.61|20.76|21.745|3980574|
bar|FIVN|2026-07-24|22.33|23.65|22.25|23.12|2711380|
bar|FIVN|2026-07-27|23.51|25.925|23.51|25.55|3264156|
bar|FIVN|2026-07-28|26|27.34|26|27.12|2367675|
bar|FIVN|2026-07-29|26.9|28.045|26.86|27.165|2116695|
bar|FIVN|2026-07-30|28.17|28.86|27.165|27.66|6006157|
bar|FIVN|2026-07-31|27.4|28.15|26.94|27.51|16084757|
bar|FIVN|2026-08-03|28.27|29.41|28.17|28.95|2747610|
bar|FIVN|2026-08-04|28.725|30.21|28.44|29.79|3190019|
bar|FIVN|2026-08-05|30.05|30.13|29.19|29.6|3037363|
bar|FIVN|2026-08-06|28.81|29.64|28|28.37|3431721|
bar|FIVN|2026-08-07|27.45|34.1|27.295|33.99|7799496|
bar|FIVN|2026-08-10|33.48|34.58|32.55|34.48|3073463|
bar|FIVN|2026-08-11|33.975|34.5|32.59|32.63|2156408|
bar|FIVN|2026-08-12|31.785|32.125|30.885|31.2|2233220|
bar|FIVN|2026-08-13|31.31|34.1|30.87|33.8|2717173|
bar|FIVN|2026-08-14|33.925|34.2435|32.13|33|1626772|
bar|FIVN|2026-08-17|32.39|32.79|31.525|31.85|2494932|
bar|FIVN|2026-08-18|31.93|33.035|31.805|32.45|1261720|
bar|FIVN|2026-08-19|32.33|33.5|32.1758|32.74|1721235|
bar|FIVN|2026-08-20|32.43|33.09|32.1116|32.3|1508681|
bar|FIVN|2026-08-21|32.22|33|31.38|32.75|1518763|
bar|FIVN|2026-08-24|32.81|33.62|32.523|32.77|1418544|
bar|FIVN|2026-08-25|32.63|33.17|31.6|32.285|1738672|
bar|FIVN|2026-08-26|31.46|32.2|30.66|32|1257008|
bar|FIVN|2026-08-27|32.83|34.64|32.83|34.57|1601490|
bar|FIVN|2026-08-28|34.26|35.17|33.865|34.05|1595508|
bar|FIVN|2026-08-31|33.612|34.75|33.07|34.56|1383288|
bar|FIVN|2026-09-01|33.81|34.7818|33.38|34.03|1672298|
bar|FIVN|2026-09-02|34.03|34.8|33.3|33.59|1079647|
bar|FIVN|2026-09-03|34.47|35.18|33.8|34.1|1368103|
bar|FIVN|2026-09-04|33.492|33.9|32.11|33.27|1898114|
bar|FIVN|2026-09-08|32.6|33.0563|31.09|31.23|1827797|
bar|FIVN|2026-09-09|31|31.4699|30.31|30.37|1121212|
bar|FIVN|2026-09-10|30.21|31.155|30.1|30.25|1273093|
bar|FIVN|2026-09-11|30.22|31.14|30.17|30.66|866379|
bar|FIVN|2026-09-14|31.69|32.24|30.68|31.75|1913911|
bar|FIVN|2026-09-15|31.23|33.87|31.23|33.02|2928347|
bar|FIVN|2026-09-16|33.02|34.87|32.975|34.08|3111108|
bar|FIVN|2026-09-17|34.75|35.31|33.18|34.5|2618834|
bar|FIVN|2026-09-18|34.44|34.75|32.14|32.47|4480919|
bar|FIVN|2026-09-21|33|37.13|32.805|37.01|3817127|
bar|FIVN|2026-09-22|37.12|39.55|36.67|38.65|5150396|
bar|FIVN|2026-09-23|38.905|40|37.42|37.68|2973572|
bar|FIVN|2026-09-24|37.51|37.8|36.4689|36.66|2082464|
bar|FIVN|2026-09-25|36.45|37.79|35.61|35.77|1461123|
bar|FIVN|2026-09-28|34.75|35.365|33.79|34.66|1850030|
bar|FIVN|2026-09-29|34.518|34.755|33.44|34.01|1874112|
bar|FIVN|2026-09-30|34.2|34.53|33.34|34.01|2622863|
bar|FIVN|2026-10-01|34.845|36.34|34.22|35.75|2989126|
bar|FIVN|2026-10-02|36.06|36.47|34.081|34.36|2069243|
bar|FIVN|2026-10-05|34.575|35.17|33.85|34.37|2243821|
bar|FIVN|2026-10-06|34.36|35.21|33.11|33.29|2295255|
bar|FIVN|2026-10-07|33|34.44|32.6505|33.78|1961492|
bar|FIVN|2026-10-08|33.9|35.29|33.66|35.15|1864393|
bar|FIVN|2026-10-09|35.11|36.62|34.885|36.4|1300207|
bar|GH|2026-05-01|87.66|89.19|85.64|87.6|1109271|
bar|GH|2026-05-04|87.08|92.19|87.08|91.17|1427749|
bar|GH|2026-05-05|91.87|93|87.57|89.52|1378566|
bar|GH|2026-05-06|89.83|92.81|88.1|92.25|1682802|
bar|GH|2026-05-07|92.805|93.9|88.89|92.26|2365796|
bar|GH|2026-05-08|96.57|98.5|89.0708|95.7|3180316|
bar|GH|2026-05-11|95.95|97.54|94.47|96.71|2027366|
bar|GH|2026-05-12|96.935|100.73|95|99.94|2471037|
bar|GH|2026-05-13|99.14|99.14|95.6|98.47|1640070|
bar|GH|2026-05-14|98.2|99.5399|96.0428|98.66|1164456|
bar|GH|2026-05-15|97.31|98|92.5|94.92|1770680|
bar|GH|2026-05-18|95.96|97.485|93.29|95.66|1218071|
bar|GH|2026-05-19|95.07|99.05|93.38|98.19|1492475|
bar|GH|2026-05-20|100.84|115.08|100.48|114.97|4455540|
bar|GH|2026-05-21|113.44|121.01|111.2|118.01|4932603|
bar|GH|2026-05-22|119.06|120.15|116.81|118.95|2633856|
bar|GH|2026-05-26|118.95|120.35|115.3001|119.85|1982228|
bar|GH|2026-05-27|123.955|128|118.81|127.51|3406291|
bar|GH|2026-05-28|128.43|133.705|124.6|133.22|2958174|
bar|GH|2026-05-29|133.22|133.9699|128.31|129.69|3489482|
bar|GH|2026-06-01|127|130.44|124.8101|129.14|2412962|
bar|GH|2026-06-02|131.88|131.88|125.5118|130.17|2088911|
bar|GH|2026-06-03|129.87|129.87|125.5|127.03|2111124|
bar|GH|2026-06-04|128.83|134.28|127.39|133.06|2014020|
bar|GH|2026-06-05|133|133.335|124.91|125.61|3345415|
bar|GH|2026-06-08|128.22|132|123.92|124.89|2212806|
bar|GH|2026-06-09|125.27|130.36|122.76|130.12|2258229|
bar|GH|2026-06-10|130|133.31|128.46|130.7|1795757|
bar|GH|2026-06-11|132.35|133.37|128.5|130.9|1502027|
bar|GH|2026-06-12|133.15|133.66|128.5004|131.62|1461195|
bar|GH|2026-06-15|134.998|134.998|128.525|129.82|1649027|
bar|GH|2026-06-16|130.19|133.11|126.765|127.34|2582958|
bar|GH|2026-06-17|127.34|130.79|125|129.11|2078092|
bar|GH|2026-06-18|132.48|134|130.19|131.78|3398059|
bar|GH|2026-06-22|131.16|132.07|125.12|128.83|1444313|
bar|GH|2026-06-23|128.67|134.75|127.615|130.83|1931364|
bar|GH|2026-06-24|133.165|141.07|132.595|136.96|3843806|
bar|GH|2026-06-25|137.85|145.84|137.5|142.94|2543441|
bar|GH|2026-06-26|145.61|151.85|144.27|149.22|18770196|
bar|GH|2026-06-29|150|153.95|148.46|153.74|2723656|
bar|GH|2026-06-30|151.92|152.715|148.29|150.03|3237218|
bar|GH|2026-07-01|160.755|172.605|156.16|170.77|6697604|
bar|GH|2026-07-02|171.955|171.99|166.74|167.98|3447575|
bar|GH|2026-07-06|174.08|174.08|165.54|168.82|2173924|
bar|GH|2026-07-07|168.03|169.27|162.58|162.92|2466129|
bar|GH|2026-07-08|159.29|160.9|155.75|156.17|3334727|
bar|GH|2026-07-09|154.4|170.87|152.642|164.08|3849083|
bar|GH|2026-07-10|163.93|164.08|156.87|160.05|1976528|
bar|GH|2026-07-13|158.2|160.79|155.5001|158.4|1775645|
bar|GH|2026-07-14|160.75|163.52|158.35|160.11|1324050|
bar|GH|2026-07-15|160.98|164.98|160.69|162.96|1548142|
bar|GH|2026-07-16|163.29|164.85|154.21|155|2818907|
bar|GH|2026-07-17|152.73|157.33|149.78|155.87|1997027|
bar|GH|2026-07-20|156.54|156.54|147.69|148.07|2521205|
bar|GH|2026-07-21|147.33|153.01|144.85|152.29|1493014|
bar|GH|2026-07-22|150.94|152.19|147.645|150.75|1102665|
bar|GH|2026-07-23|149.75|154.09|149.1|150.2|1101183|
bar|GH|2026-07-24|150.2|152.3796|145.49|147.33|1884460|
bar|GH|2026-07-27|147.33|151|143.62|145.47|1292553|
bar|GH|2026-07-28|145.41|147.69|141.33|143.62|1579437|
bar|GH|2026-07-29|143.62|148.59|140.86|144.07|2742957|
bar|GH|2026-07-30|146.13|155.55|145.455|152.35|2613728|
bar|GH|2026-07-31|162.5|176.58|160.01|161.99|4565093|
bar|GH|2026-08-03|158.455|163.99|155.05|158.83|2000126|
bar|GH|2026-08-04|162.64|163.05|157.02|159.79|2184370|
bar|GH|2026-08-05|160|164.91|159|163.18|2393658|
bar|GH|2026-08-06|160.43|162.5|157.11|157.58|1512074|
bar|GH|2026-08-07|161.76|169.2|160.0001|168.48|2161585|
bar|GH|2026-08-10|167.9|171.92|165.16|167.21|1520831|
bar|GH|2026-08-11|166.44|168.9|163.5|165.09|1298924|
bar|GH|2026-08-12|165.89|168.37|162.65|165.11|1217895|
bar|GH|2026-08-13|165.86|166.04|158.9327|159.54|2799094|
bar|GH|2026-08-14|157.93|159.71|156.21|157.21|2564590|
bar|GH|2026-08-17|156.45|162.96|155|161.67|4857511|
bar|GH|2026-08-18|160.72|164.26|158.81|160.12|1201829|
bar|GH|2026-08-19|165.51|168.73|159.46|163.34|2384115|
bar|GH|2026-08-20|161.55|171.74|161.55|167.88|2546088|
bar|GH|2026-08-21|167.25|170.85|165.01|170.69|1913906|
bar|GH|2026-08-24|164.62|167.48|162.002|163.18|2203745|
bar|GH|2026-08-25|164.535|167.9|161.22|164.92|1188316|
bar|GH|2026-08-26|164.71|173.1699|164.29|170.92|2010324|
bar|GH|2026-08-27|170.94|173.1|168.19|168.52|1504693|
bar|GH|2026-08-28|166.35|169.6|160.23|161.5|1820714|
bar|GH|2026-08-31|160.01|162.14|155.625|159.02|1856898|
bar|GH|2026-09-01|158.5|165.63|156.32|164.41|2402270|
bar|GH|2026-09-02|163.79|168.97|157.35|163.06|1745453|
bar|GH|2026-09-03|164.09|166.42|159.59|161.04|1075278|
bar|GH|2026-09-04|160|164.84|154|161.41|2395000|
bar|GH|2026-09-08|166.11|166.69|160.25|160.98|2038111|
bar|GH|2026-09-09|161.26|167.98|159.935|162.78|1115538|
bar|GH|2026-09-10|159.52|164.17|156.3171|159.03|1048683|
bar|GH|2026-09-11|160.135|161.4|156.28|157.38|695349|
bar|GH|2026-09-14|156.55|168.15|155.775|167.84|1488489|
bar|GH|2026-09-15|168.25|179.3|167|175.65|2814690|
bar|GH|2026-09-16|175|179.39|173.82|174.9|1523294|
bar|GH|2026-09-17|177.49|183.51|175.45|183.1|1844730|
bar|GH|2026-09-18|183|183.5|175.62|179.38|3080286|
bar|GH|2026-09-21|181.37|181.37|172.86|173.87|2623782|
bar|GH|2026-09-22|172.398|179.43|170.5|177.16|2212882|
bar|GH|2026-09-23|176.21|179.35|174.17|176.31|1424070|
bar|GH|2026-09-24|174.05|181.79|173.5|176.45|2565800|
bar|GH|2026-09-25|178.5|179.9699|174.5|177.25|1578289|
bar|GH|2026-09-28|174.85|180.05|174.69|177.33|1318509|
bar|GH|2026-09-29|176.78|180.9004|174.54|177.73|1658465|
bar|GH|2026-09-30|177.75|180.3396|175.33|178.36|1575983|
bar|GH|2026-10-01|177.17|180.91|173.96|174.75|1960564|
bar|GH|2026-10-02|173.32|179.17|172|177.8|1650736|
bar|GH|2026-10-05|177.45|187.69|176.37|187.22|1736671|
bar|GH|2026-10-06|188|191.05|170.05|170.69|3384824|
bar|GH|2026-10-07|166.5|171.55|165|168.33|2200599|
bar|GH|2026-10-08|166.24|167.275|161.61|165.56|1589444|
bar|GH|2026-10-09|166.03|170.8099|166.03|167.47|1519910|
bar|GSHD|2026-05-01|44.87|45.97|42.53|43.52|390688|
bar|GSHD|2026-05-04|43.59|44.79|43.28|43.59|276058|
bar|GSHD|2026-05-05|43.58|44.42|41.74|42.46|388093|
bar|GSHD|2026-05-06|42.58|43.64|41.07|41.07|254473|
bar|GSHD|2026-05-07|40.61|43.24|40.2|42.12|328752|
bar|GSHD|2026-05-08|42.665|42.665|40.35|40.86|261774|
bar|GSHD|2026-05-11|40.64|41.71|39.86|40.16|585081|
bar|GSHD|2026-05-12|40.16|40.92|39.53|39.65|285462|
bar|GSHD|2026-05-13|39.11|39.325|35.835|36.39|423170|
bar|GSHD|2026-05-14|36.41|37.855|36.39|36.85|427751|
bar|GSHD|2026-05-15|37.65|38.7|37.16|37.65|324949|
bar|GSHD|2026-05-18|38.64|42.25|38.575|42.14|511815|
bar|GSHD|2026-05-19|42.58|44.78|40.62|41.31|459324|
bar|GSHD|2026-05-20|41.31|41.59|39.93|41.365|346348|
bar|GSHD|2026-05-21|40.68|42.52|39.55|42.49|450009|
bar|GSHD|2026-05-22|42.11|42.8|41.12|41.68|545878|
bar|GSHD|2026-05-26|41.07|41.105|38.905|40|600224|
bar|GSHD|2026-05-27|39.8|41.7999|36.84|37.68|531479|
bar|GSHD|2026-05-28|37.23|37.69|33.68|35.23|903599|
bar|GSHD|2026-05-29|35.23|36.065|34.26|34.39|846726|
bar|GSHD|2026-06-01|35.45|37.69|35|36.65|642781|
bar|GSHD|2026-06-02|36.35|36.35|34.2701|36.1|569786|
bar|GSHD|2026-06-03|35.8|36.195|34.2201|34.37|610807|
bar|GSHD|2026-06-04|35.56|36.98|35.23|35.82|543531|
bar|GSHD|2026-06-05|36.45|38.69|36.43|38.35|441039|
bar|GSHD|2026-06-08|37.85|37.86|36.51|36.51|373965|
bar|GSHD|2026-06-09|36.66|37.1079|35.5|35.92|399064|
bar|GSHD|2026-06-10|36.39|39.16|36.205|38.62|479510|
bar|GSHD|2026-06-11|38.35|39.025|36.8|36.9|355560|
bar|GSHD|2026-06-12|37.19|37.86|36|36.82|394287|
bar|GSHD|2026-06-15|36.67|37.5|35.51|36.05|449986|
bar|GSHD|2026-06-16|36.67|38.41|36.67|37.45|444010|
bar|GSHD|2026-06-17|36.85|37.6599|33.86|35.13|561409|
bar|GSHD|2026-06-18|35.37|37.14|34.59|36.88|1294914|
bar|GSHD|2026-06-22|37.1|40.36|36.97|39.01|801180|
bar|GSHD|2026-06-23|40.34|41.64|39.735|40.06|564052|
bar|GSHD|2026-06-24|40.16|43.57|40.16|43.4|572221|
bar|GSHD|2026-06-25|42.75|45.14|42.5801|43.97|539135|
bar|GSHD|2026-06-26|44.155|47.675|44.07|46.87|1027090|
bar|GSHD|2026-06-29|47.67|48.4499|46.59|47.98|938842|
bar|GSHD|2026-06-30|47.69|48.64|46.47|48.5|461845|
bar|GSHD|2026-07-01|48.63|51.21|48.63|50.61|504060|
bar|GSHD|2026-07-02|50.8|53.11|50.66|52.69|569639|
bar|GSHD|2026-07-06|52.62|53.22|51.38|53|410269|
bar|GSHD|2026-07-07|53.75|55.97|53|55.6|514276|
bar|GSHD|2026-07-08|55.46|57.52|53.55|56.9|1085630|
bar|GSHD|2026-07-09|56.85|56.85|50.745|52.96|1011311|
bar|GSHD|2026-07-10|53.7|54.6099|52.19|53.54|497966|
bar|GSHD|2026-07-13|53.54|55.5|52.83|54.87|441601|
bar|GSHD|2026-07-14|53.52|53.885|50.03|50.3|281143|
bar|GSHD|2026-07-15|51.9|53.015|50.19|51.65|475162|
bar|GSHD|2026-07-16|52.35|56.6398|51.931822|55.17|752478|
bar|GSHD|2026-07-17|55.5|57.38|54.08|54.28|358762|
bar|GSHD|2026-07-20|55.36|57.43|54.995|57.23|542139|
bar|GSHD|2026-07-21|55.57|57.89|53.64|53.75|519998|
bar|GSHD|2026-07-22|54.3|54.475|51.21|51.4|409341|
bar|GSHD|2026-07-23|51.87|55.7|48.19|53.9|990302|
bar|GSHD|2026-07-24|53.44|59.11|53.44|58.75|933132|
bar|GSHD|2026-07-27|58.91|62.99|58.91|62|619882|
bar|GSHD|2026-07-28|63.01|69.275|62.62|68.82|977500|
bar|GSHD|2026-07-29|69.48|70.88|67.6999|70.72|839312|
bar|GSHD|2026-07-30|67.49|68.65|62.3|63.86|806724|
bar|GSHD|2026-07-31|62.65|63.855|61.55|62|706135|
bar|GSHD|2026-08-03|62.57|66|62.325|65.655|503765|
bar|GSHD|2026-08-04|66.15|68.84|64.98|68.56|635738|
bar|GSHD|2026-08-05|68.9|68.9|65.56|66.95|461153|
bar|GSHD|2026-08-06|66.95|67.04|64.58|66.66|332379|
bar|GSHD|2026-08-07|66.29|67.505|64.69|65.2|429558|
bar|GSHD|2026-08-10|63.89|65.63|63.04|64.55|329342|
bar|GSHD|2026-08-11|64.48|66.21|63.395|65.31|196851|
bar|GSHD|2026-08-12|64.01|65.7053|63.34|65.55|176608|
bar|GSHD|2026-08-13|66.27|68.4|64.047|67.4|473921|
bar|GSHD|2026-08-14|67.18|67.315|65.02|66.29|302641|
bar|GSHD|2026-08-17|64.935|65.62|63.58|64.4|235308|
bar|GSHD|2026-08-18|65.89|67.46|64.67|64.78|296653|
bar|GSHD|2026-08-19|65.4|69|64.39|68.39|275324|
bar|GSHD|2026-08-20|67.57|71.2|66.9584|70.7|477018|
bar|GSHD|2026-08-21|70.75|72.966405|70.26|72.52|317227|
bar|GSHD|2026-08-24|72.43|74.42|72.43|73|334115|
bar|GSHD|2026-08-25|72.85|73.31|71.6|72.33|184413|
bar|GSHD|2026-08-26|72.34|72.655|70.66|71.31|156020|
bar|GSHD|2026-08-27|69.65|71.555|69.5|70.45|174749|
bar|GSHD|2026-08-28|70.72|72.8|70.11|71.26|185817|
bar|GSHD|2026-08-31|70.68|70.785|68.18|68.65|280319|
bar|GSHD|2026-09-01|69.27|70.16|67.81|68.45|208998|
bar|GSHD|2026-09-02|68.45|70.44|67.93|68.8|180884|
bar|GSHD|2026-09-03|69.78|70.84|64.32|67.08|290368|
bar|GSHD|2026-09-04|66.39|66.7|63.36|65.21|486089|
bar|GSHD|2026-09-08|65.05|65.05|61.32|62.32|291111|
bar|GSHD|2026-09-09|61.82|61.85|54.66|56.4|769184|
bar|GSHD|2026-09-10|56.85|57.69|56.12|56.44|367633|
bar|GSHD|2026-09-11|57.32|57.531|55.48|57.18|186278|
bar|GSHD|2026-09-14|57.99|60.275|57.99|59.91|267957|
bar|GSHD|2026-09-15|59.26|60.25|58.12|59.35|239162|
bar|GSHD|2026-09-16|58.57|59.88|56.44|56.465|407803|
bar|GSHD|2026-09-17|56.75|56.75|53.23|53.33|460641|
bar|GSHD|2026-09-18|53.03|55.2|51.75|54.55|651599|
bar|GSHD|2026-09-21|54.01|54.63|51.47|51.7|630700|
bar|GSHD|2026-09-22|52.54|52.66|44.12|45.76|1636815|
bar|GSHD|2026-09-23|45.02|45.71|43.39|43.52|889360|
bar|GSHD|2026-09-24|43.67|45.02|43.38|43.65|732880|
bar|GSHD|2026-09-25|44.82|46.72|43.72|45.23|459640|
bar|GSHD|2026-09-28|44.382|45.71|43.94|44.39|398740|
bar|GSHD|2026-09-29|44.87|45.58|43.05|43.99|481245|
bar|GSHD|2026-09-30|43.99|45.84|43.085|45.36|670925|
bar|GSHD|2026-10-01|45.33|47.34|44.81|47.15|618906|
bar|GSHD|2026-10-02|46.06|47.3|44.81|45.51|317434|
bar|GSHD|2026-10-05|45.54|46.38|44.8|46.19|406074|
bar|GSHD|2026-10-06|44.91|46.01|43.1055|43.39|610893|
bar|GSHD|2026-10-07|43.01|44.61|43.01|43.72|388861|
bar|GSHD|2026-10-08|43.89|45.5|42.845|45.385|525267|
bar|GSHD|2026-10-09|45.28|45.63|43.12|43.51|237739|
bar|HELP|2026-05-01|5.31|5.37|5.11|5.15|691911|
bar|HELP|2026-05-04|5.08|5.55|5.05|5.29|2430126|
bar|HELP|2026-05-05|5.34|5.5494|5.2|5.22|479165|
bar|HELP|2026-05-06|5.23|5.54|5.22|5.54|701875|
bar|HELP|2026-05-07|5.37|5.47|5.2|5.34|582405|
bar|HELP|2026-05-08|5.36|5.44|5.16|5.31|603740|
bar|HELP|2026-05-11|5.3|5.35|5.04|5.1|761910|
bar|HELP|2026-05-12|5.06|5.11|4.975|5.06|470605|
bar|HELP|2026-05-13|5.06|5.236|5|5.18|408776|
bar|HELP|2026-05-14|5.17|5.23|5|5.06|436109|
bar|HELP|2026-05-15|4.98|4.99|4.635|4.67|988350|
bar|HELP|2026-05-18|4.79|4.849|4.412|4.44|1009916|
bar|HELP|2026-05-19|4.45|4.49|4.15|4.18|900257|
bar|HELP|2026-05-20|4.22|4.41|4.18|4.34|522107|
bar|HELP|2026-05-21|4.39|4.66|4.29|4.6|1045150|
bar|HELP|2026-05-22|4.66|4.81|4.61|4.68|578078|
bar|HELP|2026-05-26|4.61|4.61|4.39|4.43|622019|
bar|HELP|2026-05-27|4.42|4.555|4.403|4.43|673489|
bar|HELP|2026-05-28|4.39|4.5|4.33|4.49|309238|
bar|HELP|2026-05-29|4.4911|4.58|4.4018|4.55|384276|
bar|HELP|2026-06-01|4.51|4.72|4.39|4.69|662959|
bar|HELP|2026-06-02|4.72|4.75|4.53|4.55|765622|
bar|HELP|2026-06-03|4.57|4.57|4.3|4.3|510795|
bar|HELP|2026-06-04|4.32|4.55|4.32|4.43|490073|
bar|HELP|2026-06-05|4.45|4.5|4.07|4.15|810827|
bar|HELP|2026-06-08|4.16|4.26|4|4.01|424259|
bar|HELP|2026-06-09|4.07|4.18|3.76|3.92|803865|
bar|HELP|2026-06-10|3.9|4.05|3.8539|3.87|402815|
bar|HELP|2026-06-11|3.94|4.12|3.895|4.05|532718|
bar|HELP|2026-06-12|4.05|4.36|4.01|4.3|508464|
bar|HELP|2026-06-15|4.4|4.57|4.21|4.25|601607|
bar|HELP|2026-06-16|4.21|4.3|4.082|4.29|506467|
bar|HELP|2026-06-17|4.31|4.63|4.2401|4.58|720083|
bar|HELP|2026-06-18|4.62|4.76|4.45|4.67|445114|
bar|HELP|2026-06-22|4.84|5.1|4.8|4.85|730703|
bar|HELP|2026-06-23|4.8|5.05|4.75|4.85|466693|
bar|HELP|2026-06-24|5.205|5.4|4.96|5.09|3196212|
bar|HELP|2026-06-25|5.14|6.34|5.12|6.02|7096625|
bar|HELP|2026-06-26|5.9|6.6|5.88|6.48|2924535|
bar|HELP|2026-06-29|6.66|6.9|6.55|6.88|1737133|
bar|HELP|2026-06-30|6.88|7.06|6.57|6.61|1416035|
bar|HELP|2026-07-01|6.54|6.63|6.26|6.28|1067624|
bar|HELP|2026-07-02|6.23|6.505|6.155|6.24|897779|
bar|HELP|2026-07-06|6.24|6.2839|5.87|5.89|755766|
bar|HELP|2026-07-07|5.83|6.15|5.77|6.03|866811|
bar|HELP|2026-07-08|5.91|6.25|5.8|6.23|1055295|
bar|HELP|2026-07-09|6.16|6.73|6.0529|6.63|1888273|
bar|HELP|2026-07-10|6.6|6.97|6.38|6.87|1524131|
bar|HELP|2026-07-13|6.85|7.11|6.5|6.7|2072712|
bar|HELP|2026-07-14|6.51|6.8|6.45|6.68|684505|
bar|HELP|2026-07-15|6.77|6.78|6.4|6.51|475806|
bar|HELP|2026-07-16|6.93|7.48|6.915|7.04|3776134|
bar|HELP|2026-07-17|7.05|7.38|6.7655|7.25|3102543|
bar|HELP|2026-07-20|7.2|7.4|7.08|7.11|1291852|
bar|HELP|2026-07-21|7.4|8.45|7.32|8.1|5618574|
bar|HELP|2026-07-22|7.99|8.165|7.63|7.82|2048720|
bar|HELP|2026-07-23|7.78|8.16|7.67|7.73|988184|
bar|HELP|2026-07-24|7.79|7.88|7.35|7.62|1227390|
bar|HELP|2026-07-27|7.82|8.04|7.67|7.7|1012285|
bar|HELP|2026-07-28|7.55|7.66|7.34|7.6|860371|
bar|HELP|2026-07-29|7.58|8.225|7.4|7.91|1816636|
bar|HELP|2026-07-30|7.97|8.19|7.88|8.14|859857|
bar|HELP|2026-07-31|8.13|8.13|7.78|7.82|684930|
bar|HELP|2026-08-03|7.9|8.14|7.512|8.06|1195978|
bar|HELP|2026-08-04|8.21|9.4|8.09|9.28|3626169|
bar|HELP|2026-08-05|9.31|10.605|9.245|10.53|2796034|
bar|HELP|2026-08-06|10.575|11.475|10.52|11.1|3609977|
bar|HELP|2026-08-07|11.21|11.62|11.052|11.61|1729830|
bar|HELP|2026-08-10|11.48|11.5999|9.835|10.01|3110500|
bar|HELP|2026-08-11|10.1|10.35|9.92|10.09|983263|
bar|HELP|2026-08-12|10.76|11.57|10.71|11.49|3212588|
bar|HELP|2026-08-13|11.62|11.95|11.38|11.45|1938975|
bar|HELP|2026-08-14|11.55|12.025|11.11|11.99|1511474|
bar|HELP|2026-08-17|11.92|12.05|11.5|11.57|1295242|
bar|HELP|2026-08-18|11.56|11.765|11.17|11.67|990974|
bar|HELP|2026-08-19|11.88|12.05|11.62|11.78|733453|
bar|HELP|2026-08-20|12.08|12.715|12.02|12.47|1817902|
bar|HELP|2026-08-21|12.58|12.95|12.47|12.59|2159672|
bar|HELP|2026-08-24|12.7|13.24|11.94|13.02|1862778|
bar|HELP|2026-08-25|13.16|14.35|13.04|13.985|2997777|
bar|HELP|2026-08-26|14.19|14.28|13.59|13.63|1552352|
bar|HELP|2026-08-27|13.7|13.84|13.11|13.24|855644|
bar|HELP|2026-08-28|13.31|13.31|12.13|12.18|1451024|
bar|HELP|2026-08-31|11.97|12.1909|11.255|11.76|1475743|
bar|HELP|2026-09-01|11.76|12.165|11.5|11.6|1140610|
bar|HELP|2026-09-02|11.54|12.04|11.42|11.95|2115316|
bar|HELP|2026-09-03|11.98|12.005|11.39|11.77|820438|
bar|HELP|2026-09-04|11.81|12.26|11.44|12.22|1023981|
bar|HELP|2026-09-08|12.2|12.73|11.92|12.39|1631445|
bar|HELP|2026-09-09|12.31|13.88|12.18|13.68|1716721|
bar|HELP|2026-09-10|13.76|13.92|12.78|12.84|1744005|
bar|HELP|2026-09-11|13.27|13.52|12.61|12.97|1145804|
bar|HELP|2026-09-14|12.87|13.72|12.7715|13.61|1611169|
bar|HELP|2026-09-15|13.6225|13.64|12.99|13.12|1190903|
bar|HELP|2026-09-16|13.3|13.69|13.1622|13.47|921331|
bar|HELP|2026-09-17|13.675|14.17|13.12|14.02|3082624|
bar|HELP|2026-09-18|15.15|15.15|12.095|12.37|5635126|
bar|HELP|2026-09-21|12.65|14.05|12.65|13.66|2830157|
bar|HELP|2026-09-22|14.01|14.2399|13.4|13.71|2391222|
bar|HELP|2026-09-23|13.6|13.61|12.815|13.02|1835930|
bar|HELP|2026-09-24|12.8|12.88|12.28|12.59|1456303|
bar|HELP|2026-09-25|12.76|12.865|12.54|12.61|803069|
bar|HELP|2026-09-28|12.5|12.78|12.09|12.59|982780|
bar|HELP|2026-09-29|12.6|12.965|12.44|12.7|965067|
bar|HELP|2026-09-30|12.7|12.8996|12.215|12.29|821019|
bar|HELP|2026-10-01|12.32|12.48|11.63|11.91|1323271|
bar|HELP|2026-10-02|12.295|12.295|11.52|11.7|1404491|
bar|HELP|2026-10-05|11.5|11.74|11.23|11.42|1318518|
bar|HELP|2026-10-06|11.35|11.375|10.5107|10.76|1472882|
bar|HELP|2026-10-07|10.63|10.81|10.44|10.51|816966|
bar|HELP|2026-10-08|10.5|10.79|10.19|10.72|1115744|
bar|HELP|2026-10-09|10.75|12.091|10.45|11.8|1657321|
bar|HTFL|2026-05-01|29.61|30.24|28.09|28.67|1288257|
bar|HTFL|2026-05-04|28.99|29.4|28.24|28.95|1134299|
bar|HTFL|2026-05-05|29.1|30.1|28.19|29.96|1226731|
bar|HTFL|2026-05-06|30.21|30.56|29.43|30.29|587753|
bar|HTFL|2026-05-07|30.29|30.56|29.725|29.98|526267|
bar|HTFL|2026-05-08|30.04|30.44|28.715|29.51|541819|
bar|HTFL|2026-05-11|29.12|30.25|28.825|29.39|844154|
bar|HTFL|2026-05-12|29.16|30.085|28.79|29.42|1211682|
bar|HTFL|2026-05-13|29.72|31.76|29.015|31.2|927366|
bar|HTFL|2026-05-14|31.29|32.42|30.49|32.24|1414876|
bar|HTFL|2026-05-15|29.05|30.29|27.56|28.315|2009107|
bar|HTFL|2026-05-18|28.34|29.15|25.2|25.645|1276644|
bar|HTFL|2026-05-19|25.25|26.66|24.77|26.6|2284773|
bar|HTFL|2026-05-20|26.64|27.61|25.88|27.38|1091811|
bar|HTFL|2026-05-21|27.33|29.26|26.68|29.2|970697|
bar|HTFL|2026-05-22|29.37|30.1|29.15|29.49|838954|
bar|HTFL|2026-05-26|29.54|30.89|28.34|28.4|894455|
bar|HTFL|2026-05-27|28.92|30.9|28.92|29.28|1042005|
bar|HTFL|2026-05-28|29.29|32.6|28.97|31.73|1343877|
bar|HTFL|2026-05-29|31.91|32.46|30.85|30.98|1731020|
bar|HTFL|2026-06-01|30.93|32.41|30.61|31|1245872|
bar|HTFL|2026-06-02|31|31.335|29.5|29.55|727002|
bar|HTFL|2026-06-03|29.15|29.4|27.68|28.85|1309520|
bar|HTFL|2026-06-04|29.15|30.55|28.5|28.81|1469207|
bar|HTFL|2026-06-05|28.84|29.29|28.06|28.1|730476|
bar|HTFL|2026-06-08|28.79|29.28|28.31|28.45|667910|
bar|HTFL|2026-06-09|28.76|29.66|27.98|28.67|652017|
bar|HTFL|2026-06-10|28.5|30.42|28.28|29.43|1668796|
bar|HTFL|2026-06-11|29.5|31.33|28.95|30.67|1357298|
bar|HTFL|2026-06-12|30.77|33.67|30|33.24|1889853|
bar|HTFL|2026-06-15|33.31|34.31|32.47|32.82|1120436|
bar|HTFL|2026-06-16|32.8|34.1499|31.84|32.05|1789611|
bar|HTFL|2026-06-17|32.35|33.82|32.045|32.84|1483281|
bar|HTFL|2026-06-18|33.47|33.9218|32.69|33.64|1805292|
bar|HTFL|2026-06-22|33.59|34.8899|33.35|33.84|1651940|
bar|HTFL|2026-06-23|33.35|34.7875|32.97|34.48|1428044|
bar|HTFL|2026-06-24|34.67|35.79|34.07|34.91|1687682|
bar|HTFL|2026-06-25|34.83|35.85|34.01|34.98|1169779|
bar|HTFL|2026-06-26|34.64|36.4575|34.25|35.65|12523557|
bar|HTFL|2026-06-29|35.45|36.063|34|34.85|1700247|
bar|HTFL|2026-06-30|34.3|35.68|28.6029|29.34|4813333|
bar|HTFL|2026-07-01|29.35|30.77|28.89|30.71|2020428|
bar|HTFL|2026-07-02|30.93|30.98|27.63|27.965|1892277|
bar|HTFL|2026-07-06|27.8|29.36|27.095|27.11|1579553|
bar|HTFL|2026-07-07|27.45|27.88|26.66|27.29|1377638|
bar|HTFL|2026-07-08|27.31|27.65|25.8|26.15|1280738|
bar|HTFL|2026-07-09|26.19|27.78|26.09|27.72|1061041|
bar|HTFL|2026-07-10|27.75|28.35|26.285|26.72|923956|
bar|HTFL|2026-07-13|26.82|27.36|26.04|26.16|1054636|
bar|HTFL|2026-07-14|26.25|26.64|25.065|25.49|1970442|
bar|HTFL|2026-07-15|25.72|28.105|25.36|27.25|1113528|
bar|HTFL|2026-07-16|27.13|28|25.846|25.97|880193|
bar|HTFL|2026-07-17|25.38|25.65|24.5|24.88|1023010|
bar|HTFL|2026-07-20|24.66|25.16|24.07|24.56|1105698|
bar|HTFL|2026-07-21|24.66|25.715|24.5612|25.44|895961|
bar|HTFL|2026-07-22|25.18|25.61|23.87|24.23|1085054|
bar|HTFL|2026-07-23|24.11|24.66|23.89|24.61|1066838|
bar|HTFL|2026-07-24|24.98|25.98|24.04|24.12|878970|
bar|HTFL|2026-07-27|24.48|25.645|24.25|25.37|1690777|
bar|HTFL|2026-07-28|25.25|26.16|24.65|25.59|1486112|
bar|HTFL|2026-07-29|25.35|25.96|24.87|25.04|1002033|
bar|HTFL|2026-07-30|25.08|26.24|24.99|25.83|914876|
bar|HTFL|2026-07-31|26.46|26.715|24.94|25.23|683328|
bar|HTFL|2026-08-03|25.92|27.34|25.38|26.76|838667|
bar|HTFL|2026-08-04|26.54|27.525|26.54|27.28|615794|
bar|HTFL|2026-08-05|26.91|27.51|26.86|27.17|907702|
bar|HTFL|2026-08-06|27|27.5199|26.9|27.19|471027|
bar|HTFL|2026-08-07|27.54|29.06|27.54|28.82|746207|
bar|HTFL|2026-08-10|28.31|30.33|28.0937|29.35|845488|
bar|HTFL|2026-08-11|29.42|30.12|29.33|29.54|556326|
bar|HTFL|2026-08-12|29.59|30.22|28.65|29.85|1080859|
bar|HTFL|2026-08-13|29.79|31.72|29.27|31.01|1790352|
bar|HTFL|2026-08-14|39.06|43|36.0366|42.08|9897050|
bar|HTFL|2026-08-17|41.23|43.28|41.0046|41.94|4098907|
bar|HTFL|2026-08-18|41.5|45.33|40.67|45.23|4167360|
bar|HTFL|2026-08-19|46.02|47.225|44.535|45.53|2938514|
bar|HTFL|2026-08-20|45.9|47.95|45.6|46.8|1989624|
bar|HTFL|2026-08-21|47.35|50.48|46.75|49.75|2460992|
bar|HTFL|2026-08-24|49.75|50.85|48.65|50.2|2294576|
bar|HTFL|2026-08-25|50.95|51.19|49.8838|49.89|1748510|
bar|HTFL|2026-08-26|50.02|50.44|48.49|48.94|1653460|
bar|HTFL|2026-08-27|48.92|50.44|48.03|48.1|1439482|
bar|HTFL|2026-08-28|48.5|48.5|47.47|47.78|1394255|
bar|HTFL|2026-08-31|47.68|50.99|47.13|50.39|2586734|
bar|HTFL|2026-09-01|50.28|50.9899|49.21|50.43|1678650|
bar|HTFL|2026-09-02|50.6|51.778|49.43|50|1536528|
bar|HTFL|2026-09-03|50.63|51|48.1|49.71|1290332|
bar|HTFL|2026-09-04|49.74|49.8581|48.87|48.91|1406810|
bar|HTFL|2026-09-08|48.48|50.17|47.14|47.75|2804619|
bar|HTFL|2026-09-09|47.25|48.26|45.5|46.67|1414731|
bar|HTFL|2026-09-10|45.99|47.805|45.41|45.49|1548556|
bar|HTFL|2026-09-11|46.11|50.23|45.6|49.88|2151498|
bar|HTFL|2026-09-14|49.49|50.82|48.56|49.54|1619526|
bar|HTFL|2026-09-15|49.28|50.44|48.19|48.33|1837184|
bar|HTFL|2026-09-16|48.33|49.655|47.81|48.3|1391369|
bar|HTFL|2026-09-17|49.44|50.335|48.65|49.57|1284155|
bar|HTFL|2026-09-18|50.15|52.2212|49.28|50.75|6605047|
bar|HTFL|2026-09-21|50.62|51.13|48.51|50.33|1379585|
bar|HTFL|2026-09-22|50.94|51.3999|49.71|50.17|1292152|
bar|HTFL|2026-09-23|49.66|50.7|46.78|47.39|2058397|
bar|HTFL|2026-09-24|48.32|49.07|47.23|48.66|785463|
bar|HTFL|2026-09-25|48.93|49.57|48.1|49.17|942545|
bar|HTFL|2026-09-28|48.64|50|48.17|49.92|820943|
bar|HTFL|2026-09-29|50|50.9999|48.67|49.83|884403|
bar|HTFL|2026-09-30|50.01|51.19|49.67|49.75|1269535|
bar|HTFL|2026-10-01|49.81|51.08|48.84|48.91|1151131|
bar|HTFL|2026-10-02|49|50|47.33|49.32|1635349|
bar|HTFL|2026-10-05|49.29|53.07|49.29|52.21|2259032|
bar|HTFL|2026-10-06|54|54.3195|49.51|50.69|2662110|
bar|HTFL|2026-10-07|49.76|51.5|48.44|49.36|1440397|
bar|HTFL|2026-10-08|48.54|49.66|46.5|47.63|1983748|
bar|HTFL|2026-10-09|47.64|50|47.26|49.74|800879|
bar|IOVA|2026-05-01|3.37|3.5|3.34|3.4|9922413|
bar|IOVA|2026-05-04|3.44|3.88|3.41|3.85|22559247|
bar|IOVA|2026-05-05|3.82|4|3.8|3.98|18132121|
bar|IOVA|2026-05-06|3.99|4.15|3.91|4.09|16901754|
bar|IOVA|2026-05-07|3.51|4.075|3.46|3.55|40865544|
bar|IOVA|2026-05-08|3.52|3.62|3.38|3.62|20658488|
bar|IOVA|2026-05-11|3.64|4.03|3.64|3.7|18959091|
bar|IOVA|2026-05-12|3.74|3.74|3.51|3.56|29822201|
bar|IOVA|2026-05-13|3.56|3.71|3.51|3.66|7877107|
bar|IOVA|2026-05-14|3.645|3.74|3.48|3.52|12549195|
bar|IOVA|2026-05-15|3.46|3.5|3.41|3.45|7598162|
bar|IOVA|2026-05-18|3.51|3.57|3.35|3.39|10210906|
bar|IOVA|2026-05-19|3.375|3.5|3.28|3.46|8580358|
bar|IOVA|2026-05-20|3.48|3.65|3.48|3.54|8852696|
bar|IOVA|2026-05-21|3.535|3.72|3.465|3.7|10225327|
bar|IOVA|2026-05-22|3.7|4.2|3.69|4.11|22946108|
bar|IOVA|2026-05-26|4.075|4.2502|3.95|4.1|14571615|
bar|IOVA|2026-05-27|4.08|4.485|4.035|4.37|12737300|
bar|IOVA|2026-05-28|4.38|4.51|4.27|4.3|8951175|
bar|IOVA|2026-05-29|4.185|4.2289|3.875|4.1|17173754|
bar|IOVA|2026-06-01|4.11|4.195|3.895|3.96|14423796|
bar|IOVA|2026-06-02|3.91|4.175|3.901|4.1|12685732|
bar|IOVA|2026-06-03|4.1|4.12|3.77|3.79|9215438|
bar|IOVA|2026-06-04|3.845|4.5777|3.845|4.38|22524799|
bar|IOVA|2026-06-05|4.5|4.56|4.17|4.23|19650900|
bar|IOVA|2026-06-08|4.29|4.35|3.98|4|11264256|
bar|IOVA|2026-06-09|4.09|4.1251|3.77|3.88|11253296|
bar|IOVA|2026-06-10|3.85|4.06|3.76|3.78|8840918|
bar|IOVA|2026-06-11|3.775|4.02|3.7|3.96|11468641|
bar|IOVA|2026-06-12|3.95|4.23|3.95|4.08|10930351|
bar|IOVA|2026-06-15|4.12|4.15|3.89|4.03|12638043|
bar|IOVA|2026-06-16|4.07|4.125|3.8|3.82|8992423|
bar|IOVA|2026-06-17|3.88|4.125|3.81|3.93|11188774|
bar|IOVA|2026-06-18|3.97|4.05|3.85|3.91|23649692|
bar|IOVA|2026-06-22|3.92|4.2|3.91|4.06|11605586|
bar|IOVA|2026-06-23|4|4.52|3.99|4.44|17862910|
bar|IOVA|2026-06-24|4.55|4.7586|4.22|4.25|15575900|
bar|IOVA|2026-06-25|4.26|4.34|4.14|4.21|8978039|
bar|IOVA|2026-06-26|4.215|4.41|4.125|4.25|23677503|
bar|IOVA|2026-06-29|4.328|4.46|4.17|4.21|10611509|
bar|IOVA|2026-06-30|4.23|4.33|4.14|4.16|10238319|
bar|IOVA|2026-07-01|4.16|4.295|3.85|3.97|21342755|
bar|IOVA|2026-07-02|4.07|4.32|3.89|4.31|20455250|
bar|IOVA|2026-07-06|4.3|4.5399|4.18|4.19|12740730|
bar|IOVA|2026-07-07|4.25|4.41|4.07|4.35|11554198|
bar|IOVA|2026-07-08|4.33|4.48|4.19|4.28|10316516|
bar|IOVA|2026-07-09|4.3|4.53|4.28|4.37|13683658|
bar|IOVA|2026-07-10|4.41|4.45|4.145|4.23|9919489|
bar|IOVA|2026-07-13|4.16|4.17|4|4.04|13295687|
bar|IOVA|2026-07-14|4.06|4.07|3.9|3.93|13081940|
bar|IOVA|2026-07-15|3.92|4.8|3.76|4.74|43583739|
bar|IOVA|2026-07-16|4.625|5.13|4.602|4.66|28160429|
bar|IOVA|2026-07-17|4.54|5.065|4.44|5|23277179|
bar|IOVA|2026-07-20|5.03|5.13|4.8|5.02|16333680|
bar|IOVA|2026-07-21|5.07|5.53|5.02|5.48|20221987|
bar|IOVA|2026-07-22|5.5|5.64|5.1|5.17|14150770|
bar|IOVA|2026-07-23|5.03|5.275|5|5.13|9721815|
bar|IOVA|2026-07-24|5.125|5.15|4.95|4.99|9411992|
bar|IOVA|2026-07-27|5.02|5.16|4.855|4.9|13201839|
bar|IOVA|2026-07-28|4.98|4.98|4.64|4.7|13428183|
bar|IOVA|2026-07-29|4.73|4.78|4.495|4.56|10777476|
bar|IOVA|2026-07-30|4.53|4.8399|4.51|4.69|13150492|
bar|IOVA|2026-07-31|4.43|4.55|4.02|4.07|19822777|
bar|IOVA|2026-08-03|4.1|4.36|3.96|4.315|13008331|
bar|IOVA|2026-08-04|4.39|4.48|4.29|4.36|10647411|
bar|IOVA|2026-08-05|4.45|4.55|4.29|4.34|15556062|
bar|IOVA|2026-08-06|5.95|6.39|5.63|6.21|73074828|
bar|IOVA|2026-08-07|6.57|6.92|5.88|6.34|30873494|
bar|IOVA|2026-08-10|6.31|6.61|6.16|6.4|17259686|
bar|IOVA|2026-08-11|6.48|6.525|6.18|6.49|10328649|
bar|IOVA|2026-08-12|6.49|6.74|6.39|6.74|13381837|
bar|IOVA|2026-08-13|6.74|6.81|6.424|6.52|15609499|
bar|IOVA|2026-08-14|6.52|7|6.36|6.98|17365196|
bar|IOVA|2026-08-17|6.84|7.2499|6.7031|7.1|14777245|
bar|IOVA|2026-08-18|7|7.31|6.931|7.03|10479554|
bar|IOVA|2026-08-19|7.2|8.055|7.19|7.99|24169807|
bar|IOVA|2026-08-20|8.07|9.36|7.96|8.99|43570850|
bar|IOVA|2026-08-21|9.08|9.3|8.145|8.29|27683252|
bar|IOVA|2026-08-24|8.08|8.36|7.79|8.06|15714999|
bar|IOVA|2026-08-25|8.16|8.48|8.0307|8.44|11893440|
bar|IOVA|2026-08-26|8.34|8.55|8.02|8.08|9984937|
bar|IOVA|2026-08-27|8.08|8.3186|7.95|8.26|7433155|
bar|IOVA|2026-08-28|8.2|8.35|7.97|8.01|7679378|
bar|IOVA|2026-08-31|7.945|8.17|7.66|8.17|12118589|
bar|IOVA|2026-09-01|8.02|8.29|7.97|8.28|6733100|
bar|IOVA|2026-09-02|8.31|8.69|8.295|8.62|12294518|
bar|IOVA|2026-09-03|8.65|8.7897|8.55|8.7|12927678|
bar|IOVA|2026-09-04|8.74|8.9|8.635|8.79|8047726|
bar|IOVA|2026-09-08|8.69|8.91|8.48|8.7|9531514|
bar|IOVA|2026-09-09|8.655|8.73|8.32|8.43|11858861|
bar|IOVA|2026-09-10|8.32|8.4199|8.04|8.14|10423564|
bar|IOVA|2026-09-11|8.25|8.695|8.075|8.6|12352519|
bar|IOVA|2026-09-14|8.56|9.41|8.54|9.26|21022120|
bar|IOVA|2026-09-15|9.21|9.38|8.98|9.36|11056015|
bar|IOVA|2026-09-16|9.45|9.925|9.435|9.87|19597691|
bar|IOVA|2026-09-17|10.25|10.98|9.985|10.02|24035299|
bar|IOVA|2026-09-18|10.12|10.27|9.83|10.25|22619706|
bar|IOVA|2026-09-21|10.43|10.64|10.03|10.19|13087728|
bar|IOVA|2026-09-22|10.175|10.8|10.03|10.64|15681650|
bar|IOVA|2026-09-23|10.69|10.845|10.12|10.19|15783081|
bar|IOVA|2026-09-24|10.4|10.83|10.15|10.8|11848579|
bar|IOVA|2026-09-25|10.9|11.13|10.69|11|12588208|
bar|IOVA|2026-09-28|10.88|11.165|10.68|10.99|12206978|
bar|IOVA|2026-09-29|12.79|15.3|12.78|14.45|77992535|
bar|IOVA|2026-09-30|14.65|15.11|14.1|14.82|29305944|
bar|IOVA|2026-10-01|14.755|15.03|14.19|14.23|15934382|
bar|IOVA|2026-10-02|14.45|14.75|13.95|14.215|11917568|
bar|IOVA|2026-10-05|14.03|14.405|13.71|14.15|11720041|
bar|IOVA|2026-10-06|14.21|14.21|12.92|12.96|18807455|
bar|IOVA|2026-10-07|12.515|13.148|12.31|12.915|14516971|
bar|IOVA|2026-10-08|12.645|13.395|12.62|13.31|14804293|
bar|IOVA|2026-10-09|13.36|14.94|13.29|14.62|16962955|
bar|KOD|2026-05-01|43.22|44.97|42.56|43.96|527495|
bar|KOD|2026-05-04|43.39|46.59|41.89|42.26|892124|
bar|KOD|2026-05-05|42.95|44.4|42.25|42.66|972988|
bar|KOD|2026-05-06|43.16|46.2|42.1|45.89|387829|
bar|KOD|2026-05-07|45.58|45.62|42.42|43.68|367619|
bar|KOD|2026-05-08|42.05|44.21|40.94|41.01|721182|
bar|KOD|2026-05-11|42.76|45.24|39.14|39.85|1237198|
bar|KOD|2026-05-12|39.72|39.72|37.46|39.49|407258|
bar|KOD|2026-05-13|39.43|40.25|38.4442|39.61|401541|
bar|KOD|2026-05-14|39.49|40.613|38|38.7|474239|
bar|KOD|2026-05-15|37.5|37.73|35.62|37.02|812239|
bar|KOD|2026-05-18|36.99|37.52|34.43|35.02|708890|
bar|KOD|2026-05-19|34.45|35.33|32.93|34.42|1081184|
bar|KOD|2026-05-20|35.55|36.43|34.49|36.22|665330|
bar|KOD|2026-05-21|35.34|37.97|34.63|37.41|464048|
bar|KOD|2026-05-22|37.25|37.75|36.01|36.23|500620|
bar|KOD|2026-05-26|36.53|36.915|35.77|36|493423|
bar|KOD|2026-05-27|35.96|37|34.36|35.09|504119|
bar|KOD|2026-05-28|34.935|36.585|34.48|36.12|463660|
bar|KOD|2026-05-29|36.7|37.8|36.19|36.71|596402|
bar|KOD|2026-06-01|35.82|37.335|34.65|36.91|670706|
bar|KOD|2026-06-02|36.25|36.66|33.14|33.215|836888|
bar|KOD|2026-06-03|33.47|35.32|32.64|33.87|928316|
bar|KOD|2026-06-04|34.3|35.24|33.33|34.16|749581|
bar|KOD|2026-06-05|34|34.81|30.08|31.05|1450491|
bar|KOD|2026-06-08|32.13|32.62|29.54|29.61|822219|
bar|KOD|2026-06-09|30.09|31.12|29.21|31.06|703349|
bar|KOD|2026-06-10|30.78|32.95|30.26|31.41|677481|
bar|KOD|2026-06-11|31.62|34.15|31.11|33.97|590384|
bar|KOD|2026-06-12|33.98|35.36|33.26|34.06|630073|
bar|KOD|2026-06-15|34.89|35.5093|33.67|34.06|513589|
bar|KOD|2026-06-16|34.09|34.485|32.55|32.94|412605|
bar|KOD|2026-06-17|33.11|37.02|32.85|35.71|885078|
bar|KOD|2026-06-18|36.8|37.5|35.18|36.14|1205926|
bar|KOD|2026-06-22|36.99|38.075|36.4|36.63|610757|
bar|KOD|2026-06-23|35.99|38.59|35.99|37.05|586098|
bar|KOD|2026-06-24|37.12|38.34|35.54|36|636382|
bar|KOD|2026-06-25|36|38.09|33.46|34.09|1028850|
bar|KOD|2026-06-26|33.77|36.3588|33.68|35.94|2591122|
bar|KOD|2026-06-29|35.29|38|34.63|37.74|941184|
bar|KOD|2026-06-30|38.07|39.39|36.47|38.96|1549551|
bar|KOD|2026-07-01|38.5|38.745|36.36|37.24|742427|
bar|KOD|2026-07-02|38.09|40.175|36.7802|38.54|1005980|
bar|KOD|2026-07-06|38.6|39.41|36.97|37.02|436199|
bar|KOD|2026-07-07|37.59|38.74|35.77|38.3|565550|
bar|KOD|2026-07-08|37.96|40.88|37.96|40.63|943429|
bar|KOD|2026-07-09|40.88|41.64|38.855|40.08|852006|
bar|KOD|2026-07-10|39.62|42.18|37.05|41.31|996375|
bar|KOD|2026-07-13|40.25|41.62|39.72|41.1|570331|
bar|KOD|2026-07-14|41.1|44.29|40.04|43.26|878089|
bar|KOD|2026-07-15|43.17|43.42|40.6|42.42|688945|
bar|KOD|2026-07-16|41.6|43.15|40.66|41.25|463795|
bar|KOD|2026-07-17|40.65|44.13|39.44|42.64|491664|
bar|KOD|2026-07-20|43.51|44.85|40.69|40.87|500805|
bar|KOD|2026-07-21|41.24|43.445|41.24|42.42|452781|
bar|KOD|2026-07-22|41.78|42.85|41.115|41.92|435232|
bar|KOD|2026-07-23|40.94|41.79|40.371|41.02|387138|
bar|KOD|2026-07-24|41.54|42.9999|41.01|41.41|508718|
bar|KOD|2026-07-27|41.41|43|41.095|41.91|463451|
bar|KOD|2026-07-28|42.08|42.59|38.86|40.29|740583|
bar|KOD|2026-07-29|40.51|41.64|38.07|40.01|517066|
bar|KOD|2026-07-30|40.92|42.73|40.52|42.5|622668|
bar|KOD|2026-07-31|42.45|42.925|40.35|41.58|426081|
bar|KOD|2026-08-03|41.67|41.88|39.4|39.83|572714|
bar|KOD|2026-08-04|40.49|42.99|39.38|42.89|709013|
bar|KOD|2026-08-05|43|44.25|42.33|43.61|525216|
bar|KOD|2026-08-06|43.66|46.15|43.44|45.4|638659|
bar|KOD|2026-08-07|46.12|46.87|45.105|45.37|471893|
bar|KOD|2026-08-10|44.86|46.09|42.765|43.4|537245|
bar|KOD|2026-08-11|43.47|43.8|41.21|42.11|515905|
bar|KOD|2026-08-12|43.34|43.64|42.22|43.41|382916|
bar|KOD|2026-08-13|43.82|44.5|39.15|39.98|786364|
bar|KOD|2026-08-14|37.4|42|36.35|41.35|746922|
bar|KOD|2026-08-17|40.57|43.04|39.87|40.98|612725|
bar|KOD|2026-08-18|40.06|40.94|39.06|40.65|623743|
bar|KOD|2026-08-19|41.72|41.72|39.3|40.07|595640|
bar|KOD|2026-08-20|39.5|40.515|38.69|39.84|486609|
bar|KOD|2026-08-21|40.39|40.9|37.99|38.33|508992|
bar|KOD|2026-08-24|38.33|38.9|36.46|37.22|684137|
bar|KOD|2026-08-25|37.99|39.68|37.7|39.46|571108|
bar|KOD|2026-08-26|39.94|40.0275|38.4|39.33|296797|
bar|KOD|2026-08-27|39.37|40.11|38.6496|39.12|451119|
bar|KOD|2026-08-28|38.73|39.62|37.4|37.72|468969|
bar|KOD|2026-08-31|37.28|37.76|35.5|37.35|1113229|
bar|KOD|2026-09-01|37.01|38.105|36.7|37.06|391545|
bar|KOD|2026-09-02|37.44|39.54|36.61|37.5|507384|
bar|KOD|2026-09-03|37.6|37.815|36.2|36.36|459713|
bar|KOD|2026-09-04|35.98|36.62|35.18|35.36|671791|
bar|KOD|2026-09-08|34.71|35.27|33.92|35.07|672747|
bar|KOD|2026-09-09|35|35.925|33.73|33.78|643510|
bar|KOD|2026-09-10|33.29|33.41|32.61|32.87|668183|
bar|KOD|2026-09-11|33.1|34.07|32.31|32.89|682032|
bar|KOD|2026-09-14|33.21|33.89|32.96|33.14|547603|
bar|KOD|2026-09-15|32.71|33.29|32.375|32.99|819554|
bar|KOD|2026-09-16|33.12|33.49|31.62|32.77|707938|
bar|KOD|2026-09-17|33.32|33.69|32.725|32.85|826050|
bar|KOD|2026-09-18|32.78|32.82|31.54|32.71|1608940|
bar|KOD|2026-09-21|33.04|33.34|31.995|32.42|665943|
bar|KOD|2026-09-22|32.71|34.45|32.46|33.8|1037592|
bar|KOD|2026-09-23|34.1|34.4775|30.8|31.52|1051680|
bar|KOD|2026-09-24|30.9|33.775|29.8101|33.22|1290090|
bar|KOD|2026-09-25|33.03|33.705|31|32.35|2172199|
bar|KOD|2026-09-28|61.705|95.77|60.49|89.92|38364272|
bar|KOD|2026-09-29|87.2|93.1386|83.6401|91.12|6007059|
bar|KOD|2026-09-30|93.83|98.8|88.48|94.8|4897273|
bar|KOD|2026-10-01|95.41|104|93.95|98.46|3787923|
bar|KOD|2026-10-02|98.95|98.95|88.6303|94.45|2672671|
bar|KOD|2026-10-05|92.855|96.64|87.58|93.81|3230211|
bar|KOD|2026-10-06|92.86|95.5439|89.7|92.34|1475823|
bar|KOD|2026-10-07|91.74|94.25|89.91|91.08|1304833|
bar|KOD|2026-10-08|90.01|94.95|89.54|94.26|1527290|
bar|KOD|2026-10-09|94.97|100.33|93.7|99.87|1731186|
bar|MBX|2026-05-01|30.18|32.03|29.76|29.78|442102|
bar|MBX|2026-05-04|29.56|30.03|28.86|29.44|344708|
bar|MBX|2026-05-05|29.8|30.645|28.82|29.6|312725|
bar|MBX|2026-05-06|30.05|32.33|29.06|32.12|465447|
bar|MBX|2026-05-07|32|34.9|30.75|34.71|928413|
bar|MBX|2026-05-08|34.935|41.28|34.555|40.965|1882868|
bar|MBX|2026-05-11|41.26|45.85|39.4|40.08|1885959|
bar|MBX|2026-05-12|40.08|40.6|35.865|36.98|1051280|
bar|MBX|2026-05-13|37.34|38.37|35.94|37.5|811851|
bar|MBX|2026-05-14|37.1|38.09|34.85|35.36|816393|
bar|MBX|2026-05-15|34.87|35.27|32|32.45|605893|
bar|MBX|2026-05-18|32.5|33.1075|30.58|30.98|917236|
bar|MBX|2026-05-19|30.65|31.16|29.6|30.39|610126|
bar|MBX|2026-05-20|30.75|31.8646|30.35|31.43|816633|
bar|MBX|2026-05-21|31.65|32.39|30.835|31.79|460317|
bar|MBX|2026-05-22|31.91|32.89|31.21|31.85|436076|
bar|MBX|2026-05-26|32.22|32.605|31.075|31.75|247605|
bar|MBX|2026-05-27|31.81|33.06|31.24|31.88|510911|
bar|MBX|2026-05-28|31.8|32.86|31.04|31.9|377350|
bar|MBX|2026-05-29|31.83|32.0642|30.8|31.47|821011|
bar|MBX|2026-06-01|31.35|32.03|29.87|30.65|347800|
bar|MBX|2026-06-02|30.29|31.35|29.57|30.7|609384|
bar|MBX|2026-06-03|30.53|30.83|29.55|30.05|466094|
bar|MBX|2026-06-04|30.07|31.74|29.78|30.91|543917|
bar|MBX|2026-06-05|30.59|30.685|29.41|30.28|580356|
bar|MBX|2026-06-08|31|31.26|28|29|739110|
bar|MBX|2026-06-09|29.68|30.56|28.35|29.87|324316|
bar|MBX|2026-06-10|29.47|31.15|29.2|30.99|971306|
bar|MBX|2026-06-11|31.33|37.27|30.51|37.25|2732256|
bar|MBX|2026-06-12|32|36.8382|32|35.51|2155967|
bar|MBX|2026-06-15|35.8|40|35.58|38.98|1258797|
bar|MBX|2026-06-16|39.05|42.08|37.835|40.09|1144584|
bar|MBX|2026-06-17|40.12|42.23|39.345|41.59|675763|
bar|MBX|2026-06-18|42.84|43.49|40.765|43.03|831963|
bar|MBX|2026-06-22|43.25|46.01|43.25|43.91|660774|
bar|MBX|2026-06-23|42.43|46.895|41.9906|46.39|669203|
bar|MBX|2026-06-24|46.27|49.25|45.4983|48.4|928629|
bar|MBX|2026-06-25|48.59|52.5|48.17|50.37|1232152|
bar|MBX|2026-06-26|50|53.51|49.69|52.31|2507234|
bar|MBX|2026-06-29|52.635|55|52.12|53.85|1059868|
bar|MBX|2026-06-30|54.24|57.38|53.465|55.2|1072241|
bar|MBX|2026-07-01|55.2|58.5|55.045|55.92|1052877|
bar|MBX|2026-07-02|56.04|58.32|55.16|57.8|827900|
bar|MBX|2026-07-06|58.02|59.63|57.05|57.7|602906|
bar|MBX|2026-07-07|58.11|62.25|56.17|62|756464|
bar|MBX|2026-07-08|62.46|64.32|61.04|61.74|1469470|
bar|MBX|2026-07-09|62.25|66.55|61.78|65.71|747283|
bar|MBX|2026-07-10|64.9|65.435|60.0107|61.05|851955|
bar|MBX|2026-07-13|60|60.88|56.64|60.04|632124|
bar|MBX|2026-07-14|52.82|58.62|52.51|56.59|1304139|
bar|MBX|2026-07-15|55.75|60.7|54.3347|60.675|1078269|
bar|MBX|2026-07-16|59.17|61.2694|57.4|58.32|834947|
bar|MBX|2026-07-17|55.93|63.09|55.4152|62.92|898438|
bar|MBX|2026-07-20|63.13|63.83|59.61|60.14|646702|
bar|MBX|2026-07-21|60.52|61.17|58.37|60.28|698373|
bar|MBX|2026-07-22|60.18|60.645|57.23|58.3|663390|
bar|MBX|2026-07-23|58.09|63.64|57.355|63.57|537663|
bar|MBX|2026-07-24|64.22|66.66|60.851|62|500938|
bar|MBX|2026-07-27|62.24|64.775|60.4|61.3|303835|
bar|MBX|2026-07-28|61.98|62.005|58.785|60.06|625699|
bar|MBX|2026-07-29|61.78|65.989|60.58|63.96|515240|
bar|MBX|2026-07-30|64.84|66.66|62.985|66.46|548013|
bar|MBX|2026-07-31|67|69.4|64.5|65.93|565808|
bar|MBX|2026-08-03|65.99|66.485|62.68|64.41|390318|
bar|MBX|2026-08-04|64.78|71.12|64.74|70.7|695953|
bar|MBX|2026-08-05|70|72.64|67.0387|67.48|487475|
bar|MBX|2026-08-06|66.19|68.86|64.5|67.11|527622|
bar|MBX|2026-08-07|69.69|70|65.255|67.82|545470|
bar|MBX|2026-08-10|67.71|68.215|65.3|66.15|322438|
bar|MBX|2026-08-11|67.46|68.49|65.11|66.01|359677|
bar|MBX|2026-08-12|66.84|67.8|66|66.97|328566|
bar|MBX|2026-08-13|66.97|68.41|65.5|67.08|333915|
bar|MBX|2026-08-14|67|68.84|65.01|68.57|502695|
bar|MBX|2026-08-17|68.28|69.94|67.58|68.25|460047|
bar|MBX|2026-08-18|66.4|69.05|65.795|66.52|556908|
bar|MBX|2026-08-19|67.53|68.76|65.25|68.4|558313|
bar|MBX|2026-08-20|67|68.49|65.3956|66.35|422487|
bar|MBX|2026-08-21|67.86|67.86|65.5908|66.33|466327|
bar|MBX|2026-08-24|66.23|67.155|64|66.39|531026|
bar|MBX|2026-08-25|67.64|69.5|67.64|68.62|273986|
bar|MBX|2026-08-26|68.56|68.83|66.27|66.76|214662|
bar|MBX|2026-08-27|66.73|66.9|64.5|66.39|263544|
bar|MBX|2026-08-28|66.14|66.14|62.99|63|307645|
bar|MBX|2026-08-31|62.25|63.04|59.47|61.6|518585|
bar|MBX|2026-09-01|61.42|62.88|60.215|60.93|416083|
bar|MBX|2026-09-02|61.4|62.45|58.8|60.89|352275|
bar|MBX|2026-09-03|60.9|62.6099|59.84|61.42|292495|
bar|MBX|2026-09-04|61|62.73|60.595|61.72|271773|
bar|MBX|2026-09-08|60.85|64.17|60.66|62.99|265955|
bar|MBX|2026-09-09|63.29|64.04|61.285|62.91|315682|
bar|MBX|2026-09-10|62.43|63.015|60.65|60.94|456988|
bar|MBX|2026-09-11|61.75|61.94|58.42|59.02|306199|
bar|MBX|2026-09-14|59.35|60.22|58.87|59.49|323652|
bar|MBX|2026-09-15|58.79|61.195|58.394|61.08|652589|
bar|MBX|2026-09-16|61.34|62.75|59.49|61.57|1159806|
bar|MBX|2026-09-17|62.5|65|62.5|63.89|969801|
bar|MBX|2026-09-18|64|64.045|61.4|62.91|932291|
bar|MBX|2026-09-21|63.46|64.61|59.97|60.94|657280|
bar|MBX|2026-09-22|61.14|63.45|60.84|61.98|433327|
bar|MBX|2026-09-23|61.85|61.85|57.82|57.89|352403|
bar|MBX|2026-09-24|57.56|57.72|54.41|55.39|638963|
bar|MBX|2026-09-25|55.83|56|52.32|53.63|563518|
bar|MBX|2026-09-28|52.86|58.49|52.5945|57.54|438788|
bar|MBX|2026-09-29|57.27|58.24|56.55|57.75|357077|
bar|MBX|2026-09-30|58.19|59.4|56.095|58.62|523763|
bar|MBX|2026-10-01|58.47|60.2|56.15|56.55|429299|
bar|MBX|2026-10-02|59.28|61.12|56.9|58.51|637300|
bar|MBX|2026-10-05|58.33|59.26|56.415|58.54|583204|
bar|MBX|2026-10-06|58.75|59.225|55.34|56.92|365086|
bar|MBX|2026-10-07|56.38|58.4999|53.36|54.54|355110|
bar|MBX|2026-10-08|53.66|53.77|50.42|53.25|413809|
bar|MBX|2026-10-09|53.26|53.82|51.885|53.24|538783|
bar|NEO|2026-05-01|9.38|9.575|9.045|9.44|2262686|
bar|NEO|2026-05-04|9.37|9.695|8.99|9|1860710|
bar|NEO|2026-05-05|9.01|9.085|8.735|8.86|1516409|
bar|NEO|2026-05-06|8.9|8.97|8.47|8.89|1694846|
bar|NEO|2026-05-07|8.99|9.155|8.88|9.07|1403024|
bar|NEO|2026-05-08|9.03|9.03|8.68|8.96|1747772|
bar|NEO|2026-05-11|8.94|8.99|8.57|8.66|1793370|
bar|NEO|2026-05-12|8.64|8.89|8.51|8.75|1720788|
bar|NEO|2026-05-13|8.655|8.655|8.175|8.26|1467163|
bar|NEO|2026-05-14|8.29|8.49|8.195|8.36|1019477|
bar|NEO|2026-05-15|8.39|8.43|8.22|8.24|1112163|
bar|NEO|2026-05-18|8.21|8.795|8.21|8.37|1216410|
bar|NEO|2026-05-19|8.37|8.6099|8.2|8.39|1206814|
bar|NEO|2026-05-20|8.4|8.9|8.34|8.9|1316027|
bar|NEO|2026-05-21|8.72|9.13|8.59|9.11|1565800|
bar|NEO|2026-05-22|9.11|9.36|9.07|9.23|778743|
bar|NEO|2026-05-26|9.24|9.36|9.035|9.27|850444|
bar|NEO|2026-05-27|9.31|9.6|9.195|9.57|860422|
bar|NEO|2026-05-28|9.47|10.2873|9.42|10.19|1628616|
bar|NEO|2026-05-29|10.225|10.65|10.12|10.52|1938994|
bar|NEO|2026-06-01|10.54|10.595|10.03|10.44|1205281|
bar|NEO|2026-06-02|10.28|10.32|9.96|10.12|1060538|
bar|NEO|2026-06-03|10.08|10.365|9.895|10.14|1279383|
bar|NEO|2026-06-04|10.26|11.575|10.21|11.31|2498768|
bar|NEO|2026-06-05|11.24|11.44|10.695|10.9|1046777|
bar|NEO|2026-06-08|11|11.3|10.93|10.95|1175503|
bar|NEO|2026-06-09|11.07|11.51|11.0025|11.44|1978607|
bar|NEO|2026-06-10|11.38|11.823|11.265|11.28|2220404|
bar|NEO|2026-06-11|11.37|11.49|11.085|11.47|2312924|
bar|NEO|2026-06-12|11.49|11.57|10.9944|11.15|1480991|
bar|NEO|2026-06-15|11.29|11.37|10.87|11.09|816926|
bar|NEO|2026-06-16|10.29|11.04|10.05|10.49|4968093|
bar|NEO|2026-06-17|10.945|11.01|10.26|10.38|14593956|
bar|NEO|2026-06-18|10.58|11.21|10.58|11.13|6964953|
bar|NEO|2026-06-22|11.11|11.34|10.955|11.2|3108065|
bar|NEO|2026-06-23|11.14|11.68|11.13|11.47|3521942|
bar|NEO|2026-06-24|11.65|12.99|11.63|12.9|6124016|
bar|NEO|2026-06-25|12.9|13.88|12.9|13.73|4309635|
bar|NEO|2026-06-26|13.69|14.23|13.6|14.17|7125070|
bar|NEO|2026-06-29|13.98|14.48|13.98|14.25|2482696|
bar|NEO|2026-06-30|14.23|14.79|14.02|14.59|3594890|
bar|NEO|2026-07-01|14.55|15.195|14.54|14.97|3228095|
bar|NEO|2026-07-02|15|15.555|15|15.16|2177893|
bar|NEO|2026-07-06|15.33|15.57|15|15.16|3164953|
bar|NEO|2026-07-07|15.09|15.2799|14.28|14.5|2874712|
bar|NEO|2026-07-08|14.235|14.585|13.815|14.24|2815747|
bar|NEO|2026-07-09|14.25|14.94|14.165|14.73|1517262|
bar|NEO|2026-07-10|14.7|14.7|13.955|14.11|1377867|
bar|NEO|2026-07-13|13.975|14.2382|13.85|14.11|1541874|
bar|NEO|2026-07-14|14.13|14.445|13.8|14.23|1466004|
bar|NEO|2026-07-15|14.64|14.67|14.155|14.5|3068085|
bar|NEO|2026-07-16|14.515|14.985|14.45|14.84|4269863|
bar|NEO|2026-07-17|14.65|15.04|14.3505|14.61|11034760|
bar|NEO|2026-07-20|14.59|14.66|14.12|14.24|2092722|
bar|NEO|2026-07-21|14.2|14.65|13.8726|14.45|1577817|
bar|NEO|2026-07-22|14.33|14.35|13.7001|14.01|1708710|
bar|NEO|2026-07-23|13.66|14.65|13.66|14.24|1901124|
bar|NEO|2026-07-24|14.29|14.47|13.87|13.89|1992831|
bar|NEO|2026-07-27|14.08|14.08|13.1|13.14|1795524|
bar|NEO|2026-07-28|13.28|13.62|13.05|13.4|2400488|
bar|NEO|2026-07-29|15.46|16.1|14.71|15.27|8429107|
bar|NEO|2026-07-30|15.1|16.17|14.89|15.88|5264088|
bar|NEO|2026-07-31|15.78|15.9|15.27|15.29|3025415|
bar|NEO|2026-08-03|15.46|16.345|15.34|15.84|2968924|
bar|NEO|2026-08-04|15.88|16.31|15.68|16.29|2691914|
bar|NEO|2026-08-05|16.24|16.4501|15.675|15.73|1824296|
bar|NEO|2026-08-06|15.69|15.89|15.475|15.56|1905302|
bar|NEO|2026-08-07|15.86|16.6|15.86|16.57|1265483|
bar|NEO|2026-08-10|16.53|16.92|16.33|16.63|1945722|
bar|NEO|2026-08-11|16.755|16.8|16.37|16.53|3722437|
bar|NEO|2026-08-12|16.4|16.58|16.243|16.42|1047038|
bar|NEO|2026-08-13|16.51|16.66|16.32|16.39|955943|
bar|NEO|2026-08-14|16.38|16.395|15.89|15.94|905851|
bar|NEO|2026-08-17|15.72|16.36|15.72|16.16|1137162|
bar|NEO|2026-08-18|16.04|16.3038|15.75|15.9|936576|
bar|NEO|2026-08-19|16.2|16.7|16.08|16.655|1558803|
bar|NEO|2026-08-20|16.18|16.82|15.98|16.53|2747902|
bar|NEO|2026-08-21|16.6|17.075|16.21|16.98|1139749|
bar|NEO|2026-08-24|16.75|16.8|16.28|16.41|1093873|
bar|NEO|2026-08-25|16.7|16.9|16.37|16.79|872086|
bar|NEO|2026-08-26|16.69|17.455|16.58|17.37|1675519|
bar|NEO|2026-08-27|17.85|19.76|17.85|18.64|5097427|
bar|NEO|2026-08-28|18.36|18.75|17.8938|18.05|1723705|
bar|NEO|2026-08-31|17.77|18.075|17.19|17.91|1540687|
bar|NEO|2026-09-01|17.67|18.105|17.359|17.45|1317665|
bar|NEO|2026-09-02|17.4|18.1763|17.26|17.4|1794474|
bar|NEO|2026-09-03|17.5|17.9|17.0542|17.46|2217548|
bar|NEO|2026-09-04|17.2|17.47|16.865|17.38|996610|
bar|NEO|2026-09-08|17.15|17.835|16.95|17.56|1147113|
bar|NEO|2026-09-09|17.28|17.995|17.15|17.66|1541583|
bar|NEO|2026-09-10|17.46|17.745|17.31|17.61|1111694|
bar|NEO|2026-09-11|17.85|17.92|17.21|17.32|1072029|
bar|NEO|2026-09-14|17.36|18.49|17.36|18.41|1501049|
bar|NEO|2026-09-15|18.4|19.29|18.4|18.89|2425318|
bar|NEO|2026-09-16|18.84|19.38|18.77|18.94|1620895|
bar|NEO|2026-09-17|19.11|19.89|18.98|19.89|2006528|
bar|NEO|2026-09-18|19.91|20.025|19.395|19.91|4398121|
bar|NEO|2026-09-21|19.92|20.0499|19.28|19.41|1421874|
bar|NEO|2026-09-22|19.28|19.6|18.83|18.89|4000369|
bar|NEO|2026-09-23|18.69|19.079|18.27|18.36|2911477|
bar|NEO|2026-09-24|18.47|19.73|18.4|19.56|2948467|
bar|NEO|2026-09-25|19.56|19.75|18.87|19.33|2018513|
bar|NEO|2026-09-28|19.02|19.59|19.005|19.29|1295999|
bar|NEO|2026-09-29|19.3|19.748|18.58|18.74|2695559|
bar|NEO|2026-09-30|18.76|18.965|18.28|18.36|2473427|
bar|NEO|2026-10-01|18.18|18.76|17.74|17.78|2469327|
bar|NEO|2026-10-02|17.99|18.69|17.94|18.47|2302395|
bar|NEO|2026-10-05|18.48|19.13|18.28|19.13|2041734|
bar|NEO|2026-10-06|20|20.15|16.47|16.505|5085756|
bar|NEO|2026-10-07|16.36|16.64|15.8801|15.97|3191452|
bar|NEO|2026-10-08|15.72|16.09|15.41|16.02|3517549|
bar|NEO|2026-10-09|16.02|16.655|16|16.35|1385242|
bar|NWL|2026-05-01|4.45|4.62|4.33|4.55|14209571|
bar|NWL|2026-05-04|4.51|4.745|4.49|4.61|11528575|
bar|NWL|2026-05-05|4.63|4.68|4.44|4.49|6704084|
bar|NWL|2026-05-06|4.58|4.67|4.515|4.62|8227623|
bar|NWL|2026-05-07|4.62|4.65|4.44|4.45|6357114|
bar|NWL|2026-05-08|4.48|4.545|4.44|4.54|5841075|
bar|NWL|2026-05-11|4.56|4.63|4.015|4.08|10036661|
bar|NWL|2026-05-12|4.06|4.115|4.01|4.05|5791027|
bar|NWL|2026-05-13|4.11|4.13|3.99|4.04|6596472|
bar|NWL|2026-05-14|4.09|4.145|3.94|3.95|7597675|
bar|NWL|2026-05-15|3.95|3.97|3.75|3.84|7778229|
bar|NWL|2026-05-18|3.85|3.87|3.65|3.65|6363232|
bar|NWL|2026-05-19|3.62|3.67|3.51|3.55|7363267|
bar|NWL|2026-05-20|3.45|3.585|3.36|3.53|7615432|
bar|NWL|2026-05-21|3.48|3.63|3.46|3.58|5139448|
bar|NWL|2026-05-22|3.6|3.66|3.58|3.64|4898270|
bar|NWL|2026-05-26|3.69|3.71|3.595|3.6|5161755|
bar|NWL|2026-05-27|3.64|3.76|3.63|3.66|5885986|
bar|NWL|2026-05-28|3.63|3.64|3.48|3.57|7313441|
bar|NWL|2026-05-29|3.48|3.54|3.385|3.4|10615610|
bar|NWL|2026-06-01|3.41|3.43|3.27|3.33|10891808|
bar|NWL|2026-06-02|3.33|3.38|3.255|3.26|8475691|
bar|NWL|2026-06-03|3.25|3.47|3.2|3.46|11252894|
bar|NWL|2026-06-04|3.48|3.85|3.475|3.84|19684768|
bar|NWL|2026-06-05|3.84|3.935|3.66|3.72|15821001|
bar|NWL|2026-06-08|3.75|4.24|3.74|4.21|13619938|
bar|NWL|2026-06-09|4.24|4.585|4.19|4.41|13685141|
bar|NWL|2026-06-10|4.38|4.79|4.284|4.48|13032961|
bar|NWL|2026-06-11|4.42|4.645|4.26|4.62|8519379|
bar|NWL|2026-06-12|4.6|5|4.6|4.92|13212653|
bar|NWL|2026-06-15|4.97|5.03|4.72|4.76|7808064|
bar|NWL|2026-06-16|4.77|4.85|4.685|4.74|8181912|
bar|NWL|2026-06-17|4.79|5.2599|4.76|4.97|18727680|
bar|NWL|2026-06-18|5.02|5.17|4.905|4.92|15894975|
bar|NWL|2026-06-22|4.96|5.1|4.84|5.03|7346719|
bar|NWL|2026-06-23|4.99|5.215|4.795|5.12|9268995|
bar|NWL|2026-06-24|5.16|5.53|5.1321|5.51|11136200|
bar|NWL|2026-06-25|5.54|5.93|5.52|5.89|18189485|
bar|NWL|2026-06-26|5.85|6.156|5.645|5.82|81306994|
bar|NWL|2026-06-29|5.76|6.15|5.68|6.06|16160271|
bar|NWL|2026-06-30|6.02|6.17|5.955|6.14|12224711|
bar|NWL|2026-07-01|6.14|6.195|5.87|5.89|12280132|
bar|NWL|2026-07-02|5.89|5.935|5.645|5.83|10499614|
bar|NWL|2026-07-06|5.84|5.9|5.43|5.57|12038865|
bar|NWL|2026-07-07|5.67|5.73|5.485|5.54|12705781|
bar|NWL|2026-07-08|5.45|5.45|5.01|5.06|11743919|
bar|NWL|2026-07-09|5.1|5.2469|5.002|5.13|7860705|
bar|NWL|2026-07-10|5.13|5.36|5.13|5.17|6999490|
bar|NWL|2026-07-13|5.17|5.284|4.97|5.14|6788612|
bar|NWL|2026-07-14|5.18|5.26|5.005|5.02|6801560|
bar|NWL|2026-07-15|5.03|5.31|5.03|5.16|5659814|
bar|NWL|2026-07-16|5.27|5.6|5.255|5.43|8488490|
bar|NWL|2026-07-17|5.33|5.54|5.07|5.23|10644607|
bar|NWL|2026-07-20|5.32|5.33|5.11|5.125|7362667|
bar|NWL|2026-07-21|5.27|5.42|5.145|5.21|5500508|
bar|NWL|2026-07-22|5.28|5.575|5.2588|5.39|6183035|
bar|NWL|2026-07-23|5.3|5.35|4.925|5.03|10034839|
bar|NWL|2026-07-24|5.11|5.15|4.99|5.08|4236394|
bar|NWL|2026-07-27|5.23|5.38|5.17|5.18|5937091|
bar|NWL|2026-07-28|5.18|5.325|5.18|5.26|6980602|
bar|NWL|2026-07-29|5.13|5.335|5.054|5.19|7380171|
bar|NWL|2026-07-30|5.25|5.27|4.995|5.14|7809392|
bar|NWL|2026-07-31|6.6|7.1299|5.495|5.6|44331263|
bar|NWL|2026-08-03|5.91|6.64|5.755|6.36|26488420|
bar|NWL|2026-08-04|6.43|6.45|6.03|6.13|10250018|
bar|NWL|2026-08-05|6.12|6.34|5.94|6.17|12771936|
bar|NWL|2026-08-06|6.135|6.265|6.005|6.02|7392801|
bar|NWL|2026-08-07|6.05|6.085|5.89|6.01|8101434|
bar|NWL|2026-08-10|5.91|6.04|5.785|5.9|7559605|
bar|NWL|2026-08-11|5.87|6.21|5.86|6.15|10392411|
bar|NWL|2026-08-12|6.11|6.17|5.99|6.16|6220446|
bar|NWL|2026-08-13|6.21|6.355|6.1|6.17|5917406|
bar|NWL|2026-08-14|6.12|6.28|6.09|6.24|6398531|
bar|NWL|2026-08-17|6.14|6.23|6.005|6.04|5926934|
bar|NWL|2026-08-18|6.03|6.08|5.91|5.93|4187167|
bar|NWL|2026-08-19|5.98|6.22|5.98|6.16|4619194|
bar|NWL|2026-08-20|6.03|6.09|5.76|5.79|6706381|
bar|NWL|2026-08-21|5.81|6.1|5.785|6.09|4531372|
bar|NWL|2026-08-24|6.03|6.18|6.02|6.07|4883273|
bar|NWL|2026-08-25|6.11|6.13|5.87|5.93|5281457|
bar|NWL|2026-08-26|5.94|6.05|5.86|5.96|5653898|
bar|NWL|2026-08-27|5.88|6.07|5.79|5.88|5899304|
bar|NWL|2026-08-28|5.98|6.25|5.93|6.17|5831838|
bar|NWL|2026-08-31|6.04|6.305|5.96|6.25|11853240|
bar|NWL|2026-09-01|6.17|6.299|5.83|5.94|9153037|
bar|NWL|2026-09-02|6.04|6.15|5.93|5.98|8800711|
bar|NWL|2026-09-03|6.08|6.15|5.76|6.07|6990522|
bar|NWL|2026-09-04|6.04|6.25|6|6.11|5501373|
bar|NWL|2026-09-08|6.05|6.465|6.03|6.34|10124776|
bar|NWL|2026-09-09|6.27|6.365|5.935|6|7618262|
bar|NWL|2026-09-10|5.98|6.07|5.84|5.87|5234189|
bar|NWL|2026-09-11|5.92|5.92|5.715|5.85|5526020|
bar|NWL|2026-09-14|5.77|5.94|5.76|5.77|7932145|
bar|NWL|2026-09-15|5.81|5.849|5.615|5.64|6537353|
bar|NWL|2026-09-16|5.7|5.845|5.635|5.69|5715376|
bar|NWL|2026-09-17|5.81|5.87|5.6|5.61|3372782|
bar|NWL|2026-09-18|5.51|5.59|5.45|5.48|9413334|
bar|NWL|2026-09-21|5.54|5.635|5.31|5.6|6543005|
bar|NWL|2026-09-22|5.67|5.785|5.65|5.77|4618141|
bar|NWL|2026-09-23|5.77|5.85|5.635|5.68|4830881|
bar|NWL|2026-09-24|5.68|5.7314|5.56|5.59|3690317|
bar|NWL|2026-09-25|5.6|5.62|5.41|5.43|6731448|
bar|NWL|2026-09-28|5.41|5.515|5.3001|5.44|4581390|
bar|NWL|2026-09-29|5.43|5.48|5.21|5.32|4427411|
bar|NWL|2026-09-30|5.35|5.39|5.2101|5.28|5222298|
bar|NWL|2026-10-01|5.3|5.33|5.14|5.31|4449401|
bar|NWL|2026-10-02|5.39|5.43|5.274|5.4|4966088|
bar|NWL|2026-10-05|5.35|5.525|5.315|5.48|4650478|
bar|NWL|2026-10-06|5.53|5.63|5.465|5.55|4639529|
bar|NWL|2026-10-07|5.53|5.73|5.48|5.72|4062569|
bar|NWL|2026-10-08|5.77|5.79|5.58|5.73|8300455|
bar|NWL|2026-10-09|5.73|5.73|5.58|5.64|3002546|
bar|OMER|2026-05-01|14.57|15.32|14.4501|15.06|1277761|
bar|OMER|2026-05-04|15.03|15.25|14.69|14.91|1087799|
bar|OMER|2026-05-05|14.98|15.05|14.63|14.77|771431|
bar|OMER|2026-05-06|14.77|14.915|14.6306|14.83|538932|
bar|OMER|2026-05-07|14.86|14.88|14.36|14.64|736972|
bar|OMER|2026-05-08|14.62|14.83|14.12|14.13|858679|
bar|OMER|2026-05-11|14.14|14.76|14.13|14.36|794167|
bar|OMER|2026-05-12|14.48|14.94|14.33|14.76|1094960|
bar|OMER|2026-05-13|14.77|14.86|13.78|14.38|2272050|
bar|OMER|2026-05-14|14.54|14.72|12.5101|13.28|3427762|
bar|OMER|2026-05-15|12.86|13|11.8001|12.25|3263269|
bar|OMER|2026-05-18|12.29|12.35|11.66|11.7|1986442|
bar|OMER|2026-05-19|11.57|11.98|11.41|11.97|1364826|
bar|OMER|2026-05-20|12.23|12.55|12|12.38|1052032|
bar|OMER|2026-05-21|12.38|12.55|11.92|11.96|1092671|
bar|OMER|2026-05-22|11.84|11.97|11.455|11.46|1523580|
bar|OMER|2026-05-26|11.55|12|11.4647|11.65|1168211|
bar|OMER|2026-05-27|11.77|12.02|10.55|11.07|4355102|
bar|OMER|2026-05-28|10.84|11.21|10.58|11.15|1192886|
bar|OMER|2026-05-29|11.12|11.12|10.765|11.04|2594826|
bar|OMER|2026-06-01|10.91|11|10.61|10.72|1259701|
bar|OMER|2026-06-02|10.54|10.655|10.215|10.26|2438673|
bar|OMER|2026-06-03|10.21|10.225|9.86|10.16|1847985|
bar|OMER|2026-06-04|10.25|10.8|10.1|10.25|1404688|
bar|OMER|2026-06-05|10.235|10.255|9.75|9.79|1713841|
bar|OMER|2026-06-08|10.02|10.1|9.63|9.85|1405153|
bar|OMER|2026-06-09|9.86|10.04|9.55|9.97|1543439|
bar|OMER|2026-06-10|9.87|10.4497|9.87|10.2|1371674|
bar|OMER|2026-06-11|10.19|10.48|10.02|10.18|1093482|
bar|OMER|2026-06-12|10.05|10.11|6.7023|8.735|7773069|
bar|OMER|2026-06-15|8.82|9.61|8.82|9.33|1958711|
bar|OMER|2026-06-16|9.34|9.88|8.86|9.48|2607292|
bar|OMER|2026-06-17|9.44|9.925|9.26|9.64|1416458|
bar|OMER|2026-06-18|10.09|10.42|9.75|10.28|2630444|
bar|OMER|2026-06-22|10.1|10.47|9.79|10.33|1698309|
bar|OMER|2026-06-23|10.28|10.6|10.1018|10.48|1072217|
bar|OMER|2026-06-24|10.57|10.8331|10.46|10.58|1172876|
bar|OMER|2026-06-25|10.61|10.83|10.52|10.72|1139817|
bar|OMER|2026-06-26|7.59|8.89|7.39|8.67|10912038|
bar|OMER|2026-06-29|8.53|9.94|8.517|9.91|2743129|
bar|OMER|2026-06-30|9.99|10.16|9.5|9.51|1944873|
bar|OMER|2026-07-01|9.52|9.73|9.4|9.41|1428953|
bar|OMER|2026-07-02|9.41|9.62|9|9.28|1373788|
bar|OMER|2026-07-06|9.25|10.5|9.25|10.34|1745282|
bar|OMER|2026-07-07|10.33|10.56|10.125|10.33|1235867|
bar|OMER|2026-07-08|10.28|10.685|10.24|10.24|1495754|
bar|OMER|2026-07-09|10.28|10.6|10.17|10.27|875619|
bar|OMER|2026-07-10|10.18|10.35|9.94|10.28|1090257|
bar|OMER|2026-07-13|10.06|10.22|9.94|10.01|1220151|
bar|OMER|2026-07-14|10.01|10.7|9.975|10.5|1352867|
bar|OMER|2026-07-15|10.55|10.66|10.33|10.37|1134961|
bar|OMER|2026-07-16|10.25|10.33|9.165|9.22|2196157|
bar|OMER|2026-07-17|9.16|9.915|9.12|9.69|1194967|
bar|OMER|2026-07-20|9.59|9.82|9.37|9.63|1045217|
bar|OMER|2026-07-21|9.72|9.86|9.3415|9.53|1016519|
bar|OMER|2026-07-22|9.425|9.91|9.425|9.84|1229769|
bar|OMER|2026-07-23|9.6|10.36|9.6|10.28|1544397|
bar|OMER|2026-07-24|10.28|10.29|9.77|9.79|796670|
bar|OMER|2026-07-27|11.25|11.65|10.5|11.34|3357692|
bar|OMER|2026-07-28|11.16|11.29|10.58|11.28|2222096|
bar|OMER|2026-07-29|11.36|11.89|11.24|11.67|1665932|
bar|OMER|2026-07-30|11.65|12.16|11.63|11.93|1324422|
bar|OMER|2026-07-31|11.93|11.99|11.37|11.84|1303667|
bar|OMER|2026-08-03|12.25|12.59|11.9|12.56|1445442|
bar|OMER|2026-08-04|12.66|13.05|12.42|12.94|1645783|
bar|OMER|2026-08-05|12.96|13.13|12.55|12.65|1115732|
bar|OMER|2026-08-06|12.44|13.19|12.272|13.15|840586|
bar|OMER|2026-08-07|13.29|13.44|12.92|13.25|1226190|
bar|OMER|2026-08-10|13.36|13.64|13|13.62|1389529|
bar|OMER|2026-08-11|13.46|13.85|13.3301|13.6|1887518|
bar|OMER|2026-08-12|13.5|13.8|13.29|13.71|2764687|
bar|OMER|2026-08-13|16.65|18.14|16.27|17.35|13409742|
bar|OMER|2026-08-14|17.35|17.6099|16.54|17.19|3672874|
bar|OMER|2026-08-17|17.17|17.52|16.9|17.36|2466244|
bar|OMER|2026-08-18|17.025|17.29|16.9|17.19|1232622|
bar|OMER|2026-08-19|17.13|18.89|17.13|18.39|3194680|
bar|OMER|2026-08-20|18.3|18.73|18.07|18.63|1647729|
bar|OMER|2026-08-21|18.64|19.58|18.41|19.27|2582064|
bar|OMER|2026-08-24|19.1|19.39|18.42|19.32|1425413|
bar|OMER|2026-08-25|19.34|19.6497|19.12|19.28|1314205|
bar|OMER|2026-08-26|18.96|19.08|18.2|18.22|1406419|
bar|OMER|2026-08-27|18.24|19.62|18|19.25|1756245|
bar|OMER|2026-08-28|19.02|19.16|18.42|18.61|1143539|
bar|OMER|2026-08-31|18.54|18.94|18.01|18.79|1327802|
bar|OMER|2026-09-01|18.66|19.04|18.475|18.75|2042180|
bar|OMER|2026-09-02|18.97|19.47|18.44|18.86|1350343|
bar|OMER|2026-09-03|18.99|19.18|18.7|19.11|1165382|
bar|OMER|2026-09-04|19|19.23|18.9|18.95|838724|
bar|OMER|2026-09-08|18.7|19.37|18.52|19.12|1002365|
bar|OMER|2026-09-09|19.01|19.55|18.93|19.39|1486174|
bar|OMER|2026-09-10|19.12|19.24|18.3|18.59|1231806|
bar|OMER|2026-09-11|18.74|18.98|18.28|18.28|1013904|
bar|OMER|2026-09-14|18.3|18.3|17.42|17.46|1627210|
bar|OMER|2026-09-15|17.26|17.4|16.5001|17.17|1655564|
bar|OMER|2026-09-16|17.16|17.99|17.145|17.34|2107035|
bar|OMER|2026-09-17|17.52|18.57|17.42|18.45|2496460|
bar|OMER|2026-09-18|18.69|18.69|17.675|17.87|2151343|
bar|OMER|2026-09-21|18.23|18.51|17.82|18.49|1055332|
bar|OMER|2026-09-22|19.58|21.2399|19.3|21.05|3953656|
bar|OMER|2026-09-23|20.646|20.97|20.43|20.74|1347383|
bar|OMER|2026-09-24|20.52|20.62|20.11|20.13|873184|
bar|OMER|2026-09-25|20.39|20.61|19.66|20.08|941911|
bar|OMER|2026-09-28|19.83|20.38|19.38|19.43|988627|
bar|OMER|2026-09-29|19.26|19.571|19|19.25|841579|
bar|OMER|2026-09-30|19.25|19.4|19.02|19.04|1365409|
bar|OMER|2026-10-01|18.87|19.195|18.47|18.47|1236233|
bar|OMER|2026-10-02|18.6|18.76|18.215|18.61|955828|
bar|OMER|2026-10-05|18.82|19.15|18.55|18.9|1068073|
bar|OMER|2026-10-06|18.95|18.99|18.31|18.51|1031484|
bar|OMER|2026-10-07|18.11|18.84|18.02|18.75|622782|
bar|OMER|2026-10-08|18.63|19.14|18.41|19.12|899905|
bar|OMER|2026-10-09|19.2|19.905|19.19|19.83|793713|
bar|PAY|2026-05-01|28.38|28.95|27.74|27.76|588157|
bar|PAY|2026-05-04|27.76|28.945|27.39|28.62|727706|
bar|PAY|2026-05-05|32.53|32.53|25.755|26.38|1711644|
bar|PAY|2026-05-06|26.38|28.07|26.2014|27.15|716285|
bar|PAY|2026-05-07|27.32|28.11|27.32|27.85|411673|
bar|PAY|2026-05-08|27.55|27.55|26.59|26.64|292496|
bar|PAY|2026-05-11|26.43|27.54|26|26.67|868746|
bar|PAY|2026-05-12|26.67|26.87|25.71|26.54|676866|
bar|PAY|2026-05-13|26.17|26.39|24.66|24.66|552445|
bar|PAY|2026-05-14|24.75|25.365|24.275|24.82|615301|
bar|PAY|2026-05-15|24.92|25.05|24.19|24.28|473290|
bar|PAY|2026-05-18|24.25|24.94|24.1|24.43|547367|
bar|PAY|2026-05-19|24.64|24.82|23.79|24.14|707873|
bar|PAY|2026-05-20|24.01|24.6|23.455|24.43|628049|
bar|PAY|2026-05-21|24.11|24.27|23.13|23.48|896559|
bar|PAY|2026-05-22|23.48|24.01|23.16|23.45|726913|
bar|PAY|2026-05-26|23.24|23.68|23.035|23.24|566046|
bar|PAY|2026-05-27|23.12|23.965|22.84|23.29|480161|
bar|PAY|2026-05-28|23.19|23.6|22.95|23.25|1207806|
bar|PAY|2026-05-29|23.57|23.57|22.98|23.49|822212|
bar|PAY|2026-06-01|23.73|24.38|23.52|24.26|1309884|
bar|PAY|2026-06-02|24|24|21.82|22.35|1147802|
bar|PAY|2026-06-03|22|22.265|20.735|21.11|1040783|
bar|PAY|2026-06-04|21.47|21.685|21.07|21.17|709553|
bar|PAY|2026-06-05|21.28|21.38|20.52|20.9|1097885|
bar|PAY|2026-06-08|20.77|21.09|20.44|20.53|709617|
bar|PAY|2026-06-09|20.35|21.33|20.33|21.11|1225461|
bar|PAY|2026-06-10|20.96|21.37|20.6764|21|791709|
bar|PAY|2026-06-11|20.82|21.04|20.3901|20.69|582389|
bar|PAY|2026-06-12|20.78|21.27|20.5|21.12|701099|
bar|PAY|2026-06-15|21.25|21.71|20.87|21.24|936518|
bar|PAY|2026-06-16|21.58|22.25|21.44|21.84|778445|
bar|PAY|2026-06-17|21.74|22.24|20.755|20.94|906590|
bar|PAY|2026-06-18|20.91|21.31|20.65|21.07|1108049|
bar|PAY|2026-06-22|20.89|21.39|20.11|20.21|692832|
bar|PAY|2026-06-23|20.21|20.6|20.14|20.56|848867|
bar|PAY|2026-06-24|20.67|21.83|20.67|21.73|779113|
bar|PAY|2026-06-25|21.65|21.975|21.08|21.27|775910|
bar|PAY|2026-06-26|21.25|23.5|21.24|23.43|11374159|
bar|PAY|2026-06-29|23.3|24.415|23.25|24.01|1331382|
bar|PAY|2026-06-30|23.99|24.64|23.7173|24.16|1176680|
bar|PAY|2026-07-01|24.73|25.84|24.55|25.41|1133682|
bar|PAY|2026-07-02|25.63|27.11|25.63|27.06|1101945|
bar|PAY|2026-07-06|26.84|28.275|26.7725|28.15|879920|
bar|PAY|2026-07-07|28.44|28.92|28.1|28.51|1257489|
bar|PAY|2026-07-08|28.1|28.35|27.46|28.02|1030007|
bar|PAY|2026-07-09|28.21|28.32|27.01|28.27|862741|
bar|PAY|2026-07-10|27.97|29.39|27.97|28.23|1369339|
bar|PAY|2026-07-13|28.56|29.29|28.45|28.94|812824|
bar|PAY|2026-07-14|28.3|29.04|28.27|28.28|910777|
bar|PAY|2026-07-15|28.67|29.5274|28.33|29|760418|
bar|PAY|2026-07-16|29.35|30.03|29.285|29.64|797240|
bar|PAY|2026-07-17|29.05|29.86|28.71|29.78|708445|
bar|PAY|2026-07-20|29.45|30.28|29.01|29.67|646052|
bar|PAY|2026-07-21|29.17|29.86|28.7502|29.62|482697|
bar|PAY|2026-07-22|29.77|29.9|28.77|29.05|1100553|
bar|PAY|2026-07-23|28.82|29.145|28.18|28.76|699682|
bar|PAY|2026-07-24|29.09|29.28|28.675|28.87|445776|
bar|PAY|2026-07-27|29.33|31.58|29.02|31.48|1102417|
bar|PAY|2026-07-28|31.78|34.31|31.715|34.14|1312686|
bar|PAY|2026-07-29|34.02|36.72|33.91|36.7|1361601|
bar|PAY|2026-07-30|34.94|36.26|34.143|34.87|1889730|
bar|PAY|2026-07-31|34.08|34.8|32.41|34.1|1570608|
bar|PAY|2026-08-03|34.3|35.85|33.945|34.52|1334739|
bar|PAY|2026-08-04|40.48|45.31|37.24|44.6|4597253|
bar|PAY|2026-08-05|43.13|43.68|39.52|40|2763252|
bar|PAY|2026-08-06|39.6|40.71|38.68|40.12|814781|
bar|PAY|2026-08-07|40|40.44|38.15|38.57|705269|
bar|PAY|2026-08-10|38.24|39.6799|38.15|38.99|421475|
bar|PAY|2026-08-11|38.41|40.82|38.25|40.61|955450|
bar|PAY|2026-08-12|40.61|40.9|39.45|40.36|637781|
bar|PAY|2026-08-13|40.79|42.77|40.44|42.19|896671|
bar|PAY|2026-08-14|42.17|42.5|40.8|41.86|577811|
bar|PAY|2026-08-17|41.42|41.88|40.56|40.66|521421|
bar|PAY|2026-08-18|40.69|40.69|38.32|38.32|1944180|
bar|PAY|2026-08-19|38.24|39.57|38.1|39.57|1451256|
bar|PAY|2026-08-20|39.47|39.965|38.41|38.42|1023108|
bar|PAY|2026-08-21|38.28|40.458|37.7|40|1484089|
bar|PAY|2026-08-24|40.1|40.6|39.77|39.94|965502|
bar|PAY|2026-08-25|39.13|39.63|37.8101|39.34|1022561|
bar|PAY|2026-08-26|38.96|39.555|38.76|39.43|467776|
bar|PAY|2026-08-27|38.73|39.255|35.36|35.61|2488025|
bar|PAY|2026-08-28|35.66|36.66|35.19|35.99|1130940|
bar|PAY|2026-08-31|35.68|35.96|34.86|35.6|1062984|
bar|PAY|2026-09-01|35.25|35.93|34.97|35.13|1117416|
bar|PAY|2026-09-02|34.84|36.6392|34.65|36.28|1957184|
bar|PAY|2026-09-03|36.8|37.25|35.62|36.77|1203065|
bar|PAY|2026-09-04|36.14|36.67|35.75|36.19|895601|
bar|PAY|2026-09-08|36|36.405|35.01|35.65|741852|
bar|PAY|2026-09-09|35.68|36.1917|34.77|35.23|457421|
bar|PAY|2026-09-10|34.95|36.49|34.95|36.28|785385|
bar|PAY|2026-09-11|36.49|36.8922|35.59|36.38|740880|
bar|PAY|2026-09-14|36.67|37.905|36.67|37.08|1050203|
bar|PAY|2026-09-15|36.53|37.4508|35.61|36.01|648539|
bar|PAY|2026-09-16|35.83|37.23|35.67|36.64|1363094|
bar|PAY|2026-09-17|37.39|37.41|36.02|36.13|821775|
bar|PAY|2026-09-18|36.01|36.06|34.62|35.04|1349589|
bar|PAY|2026-09-21|35.13|35.33|34.47|34.5|592608|
bar|PAY|2026-09-22|34.99|35.1786|32.16|32.3|1486692|
bar|PAY|2026-09-23|32.27|32.57|29.65|29.95|2844198|
bar|PAY|2026-09-24|30|31|29.28|30.95|2848855|
bar|PAY|2026-09-25|30.515|30.83|30.125|30.17|947472|
bar|PAY|2026-09-28|29.91|30.07|29.45|29.92|731049|
bar|PAY|2026-09-29|29.74|30.085|29.37|30|850143|
bar|PAY|2026-09-30|29.54|30.92|29.54|30.64|1297576|
bar|PAY|2026-10-01|30.92|31.285|30.1|30.81|1113308|
bar|PAY|2026-10-02|30.53|31.515|30.28|30.83|1132997|
bar|PAY|2026-10-05|30.88|31.79|30.88|31.62|885376|
bar|PAY|2026-10-06|31.65|32.415|31.275|31.71|949904|
bar|PAY|2026-10-07|31.58|31.89|31.245|31.32|778704|
bar|PAY|2026-10-08|31.08|31.94|30.8|31.92|997380|
bar|PAY|2026-10-09|31.91|32.31|31.57|31.88|423907|
bar|PBF|2026-05-01|43.23|43.9|41.51|43|3269761|
bar|PBF|2026-05-04|43.45|45.64|43.11|45.53|3484487|
bar|PBF|2026-05-05|44.85|46.46|44.552|46.19|3035859|
bar|PBF|2026-05-06|43.14|43.98|41.2|41.59|3900918|
bar|PBF|2026-05-07|40.47|40.95|38.76|40.59|3179404|
bar|PBF|2026-05-08|40.55|42.46|39.07|40.71|5415361|
bar|PBF|2026-05-11|41.5|43.565|41.5|42.52|3058832|
bar|PBF|2026-05-12|43.01|43.345|41.96|42.43|2429302|
bar|PBF|2026-05-13|42.69|42.745|40.75|40.93|2425183|
bar|PBF|2026-05-14|40.52|41.11|39.65|40.65|1675833|
bar|PBF|2026-05-15|41.24|42.72|41.15|42.3|2217044|
bar|PBF|2026-05-18|41.72|43.41|40.465|42.14|2417086|
bar|PBF|2026-05-19|42.69|43.2|41.0301|42.76|2393827|
bar|PBF|2026-05-20|42.36|42.99|40.73|41.75|2365468|
bar|PBF|2026-05-21|42.2|42.68|38.64|39.07|2672442|
bar|PBF|2026-05-22|38.98|40.81|38.8|40.21|2385862|
bar|PBF|2026-05-26|39.24|40.54|38.25|38.26|3568036|
bar|PBF|2026-05-27|37|39.29|36.61|38.8|2772756|
bar|PBF|2026-05-28|39.56|40|38.87|39.82|2079320|
bar|PBF|2026-05-29|39.86|40.74|39.2|40.7|3616808|
bar|PBF|2026-06-01|41.6|43.24|41|41.83|2430892|
bar|PBF|2026-06-02|41.57|43.89|41.34|43.17|2263447|
bar|PBF|2026-06-03|43.69|43.8|42.37|42.55|2599213|
bar|PBF|2026-06-04|41.3|42.84|40.58|42.76|1575738|
bar|PBF|2026-06-05|42.48|43.35|41.72|42.5|2488678|
bar|PBF|2026-06-08|43.2|44.665|42.21|42.37|1700846|
bar|PBF|2026-06-09|42.01|42.58|39.93|40.36|2089610|
bar|PBF|2026-06-10|40.76|43.62|40.76|42.57|2734361|
bar|PBF|2026-06-11|43.51|43.68|40.85|41.13|2000979|
bar|PBF|2026-06-12|40.72|42.99|40.62|41.89|1711782|
bar|PBF|2026-06-15|39.18|40.34|38.81|39.66|2355952|
bar|PBF|2026-06-16|38.99|39.87|38.72|39.15|2228383|
bar|PBF|2026-06-17|39.13|39.345|37.61|37.77|1775312|
bar|PBF|2026-06-18|37.03|37.97|36.39|37.29|3467946|
bar|PBF|2026-06-22|37.62|39.3|36.42|39.29|2415859|
bar|PBF|2026-06-23|38.77|41|38|40.69|3066298|
bar|PBF|2026-06-24|39.83|40.76|39.165|40.34|2145382|
bar|PBF|2026-06-25|39.89|42.68|39.64|42.29|2361146|
bar|PBF|2026-06-26|41.9|43.28|41.4336|43.11|6910918|
bar|PBF|2026-06-29|43.5|47.54|43.5|46.43|4284046|
bar|PBF|2026-06-30|46.81|47.118|44.91|45.52|2536107|
bar|PBF|2026-07-01|45.94|48.05|45.81|48.04|2940070|
bar|PBF|2026-07-02|48.12|49.13|47.69|47.81|2739120|
bar|PBF|2026-07-06|47.73|50.32|47.0905|49.26|2131697|
bar|PBF|2026-07-07|49.32|49.74|47.59|48.46|2365945|
bar|PBF|2026-07-08|50.03|53.18|49.6601|52.9|4282279|
bar|PBF|2026-07-09|52.3|53.55|52.08|53.31|2715735|
bar|PBF|2026-07-10|54.16|54.815|51.7|53.18|1691794|
bar|PBF|2026-07-13|54.91|58.065|54.81|57.44|2957845|
bar|PBF|2026-07-14|58.3|61.015|57.86|60.89|3839765|
bar|PBF|2026-07-15|60.41|60.71|56.66|58.76|3315064|
bar|PBF|2026-07-16|59.22|61.5829|58.285|60.94|2322777|
bar|PBF|2026-07-17|62|63.598|61.22|62.75|2836014|
bar|PBF|2026-07-20|62.46|64.67|62.232|63.85|2574741|
bar|PBF|2026-07-21|64.7|66.05|63.125|66.05|2895462|
bar|PBF|2026-07-22|67.17|68.33|64.05|64.33|3177813|
bar|PBF|2026-07-23|66.83|66.9703|61.64|61.95|3436761|
bar|PBF|2026-07-24|61.57|63.24|60.4|61.63|2908067|
bar|PBF|2026-07-27|60.31|63.1|57.9499|62.76|3172372|
bar|PBF|2026-07-28|63.55|64.49|60.06|61|2824713|
bar|PBF|2026-07-29|62.56|64.28|62.19|63.35|3592946|
bar|PBF|2026-07-30|65|74.74|64.425|73.1|6590259|
bar|PBF|2026-07-31|73.6|74.05|69.7|72.28|3094442|
bar|PBF|2026-08-03|69.12|72.75|67.155|67.91|4895669|
bar|PBF|2026-08-04|66.35|66.83|64.25|65.89|4170097|
bar|PBF|2026-08-05|65.74|67.15|61.05|61.17|3655652|
bar|PBF|2026-08-06|62.6|62.62|59.88|61.24|3273655|
bar|PBF|2026-08-07|60.48|63.43|58.8805|61.71|2806314|
bar|PBF|2026-08-10|63.94|66.77|62.9|66.29|3982728|
bar|PBF|2026-08-11|66.51|69.55|66.23|69.35|3455326|
bar|PBF|2026-08-12|68.91|71.42|68.45|70.34|2281571|
bar|PBF|2026-08-13|69.89|74.5085|69.35|74.36|2389437|
bar|PBF|2026-08-14|74.23|74.5|71.26|71.85|2815886|
bar|PBF|2026-08-17|72.93|75.68|71.95|75.07|2927563|
bar|PBF|2026-08-18|75.5|75.68|72.91|75.2|2092489|
bar|PBF|2026-08-19|74.87|75.61|72.5|73.91|2025750|
bar|PBF|2026-08-20|74.5|74.99|69.25|69.56|2194890|
bar|PBF|2026-08-21|70.33|74.0499|70.02|73.53|2955139|
bar|PBF|2026-08-24|72.41|73.5|68.93|69.51|2885270|
bar|PBF|2026-08-25|69.06|70.29|66.32|66.51|1731403|
bar|PBF|2026-08-26|65.12|71.07|63.95|69.73|2081147|
bar|PBF|2026-08-27|69.98|70.195|67.56|68.59|1692548|
bar|PBF|2026-08-28|68.87|72.21|68.87|71.28|1819902|
bar|PBF|2026-08-31|73.97|75.5|70.2|72.99|3759625|
bar|PBF|2026-09-01|75|76.16|72.23|74.99|5001268|
bar|PBF|2026-09-02|75.89|77.94|74.7125|75.48|2714794|
bar|PBF|2026-09-03|74.75|76.225|72.81|75.33|2072470|
bar|PBF|2026-09-04|74.5|75.2091|72.24|74.34|1856145|
bar|PBF|2026-09-08|76.5|77.6|75.73|76.77|2568583|
bar|PBF|2026-09-09|77.92|77.98|75.39|76.51|1998208|
bar|PBF|2026-09-10|78.44|78.97|75.9|77.08|3373151|
bar|PBF|2026-09-11|77.55|82.61|77.17|78.3|2776422|
bar|PBF|2026-09-14|77|77.58|70.03|70.4|7236031|
bar|PBF|2026-09-15|69.2|75.975|69.03|74.72|9284324|
bar|PBF|2026-09-16|73.02|77.2|72.52|75.93|3633959|
bar|PBF|2026-09-17|74.28|77.91|74.1114|77.16|2435821|
bar|PBF|2026-09-18|76.58|78.48|75.811|77.19|8998680|
bar|PBF|2026-09-21|75.54|78.4768|72.14|72.48|3863098|
bar|PBF|2026-09-22|71.24|74.99|70.05|71.44|4984382|
bar|PBF|2026-09-23|72.29|74.76|68.4|70.47|4054905|
bar|PBF|2026-09-24|70.94|74.28|69.6466|71.9|3195773|
bar|PBF|2026-09-25|70.96|74.62|69.36|73.69|2629088|
bar|PBF|2026-09-28|74.74|75.8442|73.121|74.39|2464266|
bar|PBF|2026-09-29|73.01|75.91|72.39|75.23|2156269|
bar|PBF|2026-09-30|76.6|80.28|75.98|76.96|3139577|
bar|PBF|2026-10-01|77.46|82.37|77.175|82.34|3808683|
bar|PBF|2026-10-02|81.34|83.36|77.17|80.78|3947566|
bar|PBF|2026-10-05|80.63|85.08|80.05|84.16|3037458|
bar|PBF|2026-10-06|82.6|83.53|80.75|82.88|1966321|
bar|PBF|2026-10-07|83.92|85.75|82.9|83.68|2237541|
bar|PBF|2026-10-08|85.4|89.48|84.83|89.34|3004119|
bar|PBF|2026-10-09|88.29|88.5841|83.53|84.27|3392652|
bar|PLSE|2026-05-01|21.31|21.65|20.51|20.83|222547|
bar|PLSE|2026-05-04|20.49|21.1499|19.87|20.03|303492|
bar|PLSE|2026-05-05|20.04|20.17|18.54|18.65|366368|
bar|PLSE|2026-05-06|18.49|19.4|18.36|19.21|235826|
bar|PLSE|2026-05-07|19.38|20.06|18.97|19.59|221468|
bar|PLSE|2026-05-08|19.67|19.67|18.66|19.08|201686|
bar|PLSE|2026-05-11|19.26|20.23|19|19.08|953297|
bar|PLSE|2026-05-12|20.74|23.45|20.74|23.3|516821|
bar|PLSE|2026-05-13|23.16|24|22.82|23.96|299956|
bar|PLSE|2026-05-14|23.98|27.98|23.25|27.1|1215253|
bar|PLSE|2026-05-15|26.15|26.8|23.74|24.55|568746|
bar|PLSE|2026-05-18|25|25.64|24.6|25.61|436752|
bar|PLSE|2026-05-19|25.35|27|24.88|24.95|438264|
bar|PLSE|2026-05-20|24.82|26.4493|24.315|26.09|256724|
bar|PLSE|2026-05-21|26|26.51|25.02|25.56|293941|
bar|PLSE|2026-05-22|25.92|26.609|25.1|25.89|250572|
bar|PLSE|2026-05-26|25.89|26.51|25.6274|26|185137|
bar|PLSE|2026-05-27|25.84|25.93|24.645|24.72|303163|
bar|PLSE|2026-05-28|24.51|25.135|23.89|24.74|243260|
bar|PLSE|2026-05-29|24.45|25.725|24|25|268396|
bar|PLSE|2026-06-01|24.77|25.13|23.79|24.67|202787|
bar|PLSE|2026-06-02|24.45|24.75|23.6|24.28|230291|
bar|PLSE|2026-06-03|24.27|25.24|23.67|24.99|261475|
bar|PLSE|2026-06-04|25.54|28.53|25.02|26.94|640655|
bar|PLSE|2026-06-05|26.13|26.635|24.85|25.33|315332|
bar|PLSE|2026-06-08|25.59|26.3|24.77|24.84|224114|
bar|PLSE|2026-06-09|24.86|26.225|24.815|25.77|218633|
bar|PLSE|2026-06-10|24.51|25.48|24.5|24.99|299664|
bar|PLSE|2026-06-11|25.18|27.595|24.81|26.89|450414|
bar|PLSE|2026-06-12|27.1|28.48|24.2708|24.37|402990|
bar|PLSE|2026-06-15|25|26.41|24.36|25.925|362535|
bar|PLSE|2026-06-16|26.16|26.16|24.765|25.11|269593|
bar|PLSE|2026-06-17|24.91|25.9399|24.755|25.45|196688|
bar|PLSE|2026-06-18|26.19|26.4247|25.38|25.6|364270|
bar|PLSE|2026-06-22|25.42|26.23|25.2|25.71|210542|
bar|PLSE|2026-06-23|25.28|26.575|25.205|25.95|180051|
bar|PLSE|2026-06-24|26.26|27.07|25.31|25.6|294549|
bar|PLSE|2026-06-25|25.64|27.565|25.59|27.505|272695|
bar|PLSE|2026-06-26|26.92|31|26.85|28.45|1813495|
bar|PLSE|2026-06-29|28.13|30.4|27.35|29.24|466469|
bar|PLSE|2026-06-30|29.03|29.03|27.63|27.73|291443|
bar|PLSE|2026-07-01|27.77|29.2|27.45|28.33|228940|
bar|PLSE|2026-07-02|28.83|29.655|27.79|29.205|182493|
bar|PLSE|2026-07-06|29.34|29.9299|28.87|29.11|199557|
bar|PLSE|2026-07-07|29.02|29.25|27.6|28.03|258467|
bar|PLSE|2026-07-08|27.75|28.3|27.15|28.11|221390|
bar|PLSE|2026-07-09|28.11|28.8|27.15|27.24|551890|
bar|PLSE|2026-07-10|27.06|27.2|25.87|26.29|257581|
bar|PLSE|2026-07-13|25.9|26.7|25.42|25.89|209637|
bar|PLSE|2026-07-14|25.89|25.9025|25|25.46|216779|
bar|PLSE|2026-07-15|25.44|26.55|24.94|26.32|183800|
bar|PLSE|2026-07-16|26.44|27.43|25.364|27.38|184065|
bar|PLSE|2026-07-17|26.7|28.85|26.45|28.68|328240|
bar|PLSE|2026-07-20|28.66|29.4799|27.435|28.96|267188|
bar|PLSE|2026-07-21|28.93|30.94|28.21|30.26|283797|
bar|PLSE|2026-07-22|30.43|33.8699|29.71|32.76|592064|
bar|PLSE|2026-07-23|32.13|32.75|30.5|31|492121|
bar|PLSE|2026-07-24|31.04|31.39|29.51|30.23|367460|
bar|PLSE|2026-07-27|30.29|33.49|30.09|32.79|432443|
bar|PLSE|2026-07-28|33.27|36.29|32.86|35.47|683017|
bar|PLSE|2026-07-29|34.88|36.785|33.03|34.25|925599|
bar|PLSE|2026-07-30|34.1|36|33.87|35.04|323565|
bar|PLSE|2026-07-31|35.42|35.72|33.52|35.13|277907|
bar|PLSE|2026-08-03|36|38.29|35.13|37.73|352179|
bar|PLSE|2026-08-04|38.04|38.9|37.65|38.17|342488|
bar|PLSE|2026-08-05|38.33|38.33|36.5777|37.9|225353|
bar|PLSE|2026-08-06|37.91|39.12|37.65|38.24|266695|
bar|PLSE|2026-08-07|37.84|45.9|37.4|42.41|734090|
bar|PLSE|2026-08-10|42.77|44|40.68|41.51|486677|
bar|PLSE|2026-08-11|41.69|45.25|41|44.4|759450|
bar|PLSE|2026-08-12|44.4|45|42.32|43.32|334785|
bar|PLSE|2026-08-13|43.43|46.97|43.3755|44.92|493629|
bar|PLSE|2026-08-14|44.5|45.5|43.75|44.54|401103|
bar|PLSE|2026-08-17|44.5|46.99|42.7|46.79|576536|
bar|PLSE|2026-08-18|46.8|48.1|45.88|46|525703|
bar|PLSE|2026-08-19|46.07|48.84|46.07|47.02|410530|
bar|PLSE|2026-08-20|46.76|48.5763|46.64|47.85|238529|
bar|PLSE|2026-08-21|47.47|50.71|47.47|50.42|452793|
bar|PLSE|2026-08-24|50.34|50.34|46.34|49.13|345822|
bar|PLSE|2026-08-25|49.73|50.9|47.65|49|366662|
bar|PLSE|2026-08-26|49|49.7399|47.925|48.1|269030|
bar|PLSE|2026-08-27|47.73|49.95|47.55|48.56|260122|
bar|PLSE|2026-08-28|48.06|49|47.01|47.57|262682|
bar|PLSE|2026-08-31|48.02|50.61|47.57|50.33|656034|
bar|PLSE|2026-09-01|49.93|54.3898|49.16|52.09|1132076|
bar|PLSE|2026-09-02|52.14|53.57|51.45|52.68|977760|
bar|PLSE|2026-09-03|53.79|55.37|53.11|54.71|701980|
bar|PLSE|2026-09-04|53.68|54.75|52.75|53.24|514776|
bar|PLSE|2026-09-08|52.93|53.105|47.7|48.79|769108|
bar|PLSE|2026-09-09|49.76|58.9|48.4257|52.97|1559145|
bar|PLSE|2026-09-10|52.18|57.94|51.3|54.43|914480|
bar|PLSE|2026-09-11|54.5|56.6099|50.315|53.11|664281|
bar|PLSE|2026-09-14|52.3|55.78|51.6|54.21|505743|
bar|PLSE|2026-09-15|54.415|56.61|53.51|55.2|468049|
bar|PLSE|2026-09-16|52.55|54.2405|48.61|49.61|1034478|
bar|PLSE|2026-09-17|49.46|53.55|49.01|50.61|571882|
bar|PLSE|2026-09-18|50.61|54.29|50.245|53.87|845397|
bar|PLSE|2026-09-21|53.97|54.8099|51.74|53.31|382207|
bar|PLSE|2026-09-22|52.535|53.7867|52.485|52.69|368136|
bar|PLSE|2026-09-23|53.75|56.74|51.87|51.98|550582|
bar|PLSE|2026-09-24|52.18|53.605|51.6221|51.83|641996|
bar|PLSE|2026-09-25|52.17|54.05|50.8009|51.63|663956|
bar|PLSE|2026-09-28|51.63|53.6|51.14|52.32|373422|
bar|PLSE|2026-09-29|52.24|52.74|48.92|50.89|516736|
bar|PLSE|2026-09-30|51.18|51.27|49.17|49.92|604555|
bar|PLSE|2026-10-01|49.49|51.56|49.12|49.83|450309|
bar|PLSE|2026-10-02|50.13|50.7122|47.7532|47.9|519084|
bar|PLSE|2026-10-05|47.89|50.99|47.47|50.5|433355|
bar|PLSE|2026-10-06|51.26|51.26|48.62|49.75|420455|
bar|PLSE|2026-10-07|49.11|49.93|48.13|49.09|409471|
bar|PLSE|2026-10-08|48.9|50.32|47.31|49.98|315571|
bar|PLSE|2026-10-09|49.98|53.97|49.98|53.81|365753|
bar|PURR|2026-05-01|6.05|6.4|6.01|6.27|4628892|
bar|PURR|2026-05-04|6.45|6.61|6.05|6.38|8023215|
bar|PURR|2026-05-05|6.65|6.87|6.48|6.68|8803750|
bar|PURR|2026-05-06|6.75|6.935|6.675|6.92|6376612|
bar|PURR|2026-05-07|6.83|7.09|6.435|6.55|7876985|
bar|PURR|2026-05-08|6.65|7.081|6.47|6.71|6650895|
bar|PURR|2026-05-11|6.7|6.85|6.24|6.53|7105407|
bar|PURR|2026-05-12|6.38|6.405|6.03|6.25|5655454|
bar|PURR|2026-05-13|6.09|6.3|5.955|6.07|5377640|
bar|PURR|2026-05-14|6.3|7.37|6.3|7.14|17865263|
bar|PURR|2026-05-15|6.78|7.2199|6.54|6.99|10151547|
bar|PURR|2026-05-18|7.03|7.13|6.715|6.93|8238594|
bar|PURR|2026-05-19|7.41|7.94|7.2|7.79|27446739|
bar|PURR|2026-05-20|8.03|8.6097|7.77|8.12|19972208|
bar|PURR|2026-05-21|8.53|8.785|8.155|8.48|23584494|
bar|PURR|2026-05-22|8.65|8.76|7.375|7.67|21900334|
bar|PURR|2026-05-26|8.37|9.13|8.35|8.45|17260454|
bar|PURR|2026-05-27|8.56|8.645|8.25|8.36|13507917|
bar|PURR|2026-05-28|7.93|8.77|7.71|8.54|10705540|
bar|PURR|2026-05-29|8.58|10.235|8.47|9.99|31013228|
bar|PURR|2026-06-01|11.62|11.62|10.38|10.87|41170905|
bar|PURR|2026-06-02|10.86|11.29|10.27|10.97|27669108|
bar|PURR|2026-06-03|11.08|11.12|10.1|10.37|20084465|
bar|PURR|2026-06-04|9.83|10|9.36|9.49|25877505|
bar|PURR|2026-06-05|8.96|9.03|8.15|8.53|22458804|
bar|PURR|2026-06-08|9.03|9.33|8.7403|8.92|15737141|
bar|PURR|2026-06-09|8.55|8.69|7.79|8.25|15331154|
bar|PURR|2026-06-10|7.9|8.17|7.54|7.57|9948840|
bar|PURR|2026-06-11|7.72|8.61|7.65|8.49|13361561|
bar|PURR|2026-06-12|8.58|9.14|8.46|8.7|15981197|
bar|PURR|2026-06-15|9.565|9.66|9.185|9.34|14321201|
bar|PURR|2026-06-16|10.332|10.98|9.87|10.04|26298827|
bar|PURR|2026-06-17|9.92|10.44|9.705|9.81|18826229|
bar|PURR|2026-06-18|9.95|10|8.855|9.28|24451665|
bar|PURR|2026-06-22|9.22|9.51|9.06|9.2|9677711|
bar|PURR|2026-06-23|8.6|8.855|8.14|8.14|15899678|
bar|PURR|2026-06-24|8|8.02|7.72|7.9|12047429|
bar|PURR|2026-06-25|8.02|8.19|7.5502|8.02|10156338|
bar|PURR|2026-06-26|7.95|8.785|7.8008|8.74|33077336|
bar|PURR|2026-06-29|8.72|8.86|8.08|8.47|10500441|
bar|PURR|2026-06-30|8.31|8.3799|7.75|7.87|10058205|
bar|PURR|2026-07-01|7.7|8.48|7.64|8.21|7902334|
bar|PURR|2026-07-02|8.48|9.035|7.95|8.05|11737409|
bar|PURR|2026-07-06|8.18|8.98|8.065|8.82|8554829|
bar|PURR|2026-07-07|8.7|8.92|7.975|8.18|14472779|
bar|PURR|2026-07-08|7.89|8.11|7.6|7.78|10658405|
bar|PURR|2026-07-09|7.78|8.105|7.475|7.56|8388168|
bar|PURR|2026-07-10|8.03|8.21|7.5|7.55|8857979|
bar|PURR|2026-07-13|7.35|7.43|7|7.16|8279245|
bar|PURR|2026-07-14|7.36|7.53|7.14|7.35|9568664|
bar|PURR|2026-07-15|7.54|7.76|7.35|7.61|8767257|
bar|PURR|2026-07-16|7.39|7.53|6.74|6.78|14288855|
bar|PURR|2026-07-17|6.415|6.905|6.31|6.68|10055795|
bar|PURR|2026-07-20|6.67|7.105|6.65|7.05|7494290|
bar|PURR|2026-07-21|7.05|7.25|6.915|7.08|9303125|
bar|PURR|2026-07-22|6.8|7.13|6.75|6.85|8265576|
bar|PURR|2026-07-23|6.75|6.91|6.47|6.51|7525286|
bar|PURR|2026-07-24|6.56|6.56|6.18|6.19|7622716|
bar|PURR|2026-07-27|6.36|6.42|6.11|6.34|7665074|
bar|PURR|2026-07-28|6|6.19|5.8|6.16|9453886|
bar|PURR|2026-07-29|6.03|6.285|5.94|5.97|9120322|
bar|PURR|2026-07-30|6.1|6.33|6.064|6.3|5231253|
bar|PURR|2026-07-31|6.38|6.44|6.135|6.21|9063999|
bar|PURR|2026-08-03|6.34|6.705|6.17|6.58|8168803|
bar|PURR|2026-08-04|6.7|6.8399|6.565|6.81|7474080|
bar|PURR|2026-08-05|6.94|7.09|6.73|6.82|6738432|
bar|PURR|2026-08-06|6.5|6.91|6.45|6.67|4979933|
bar|PURR|2026-08-07|6.82|6.9188|6.625|6.81|5911400|
bar|PURR|2026-08-10|6.77|6.77|6.525|6.6|5706595|
bar|PURR|2026-08-11|6.65|6.665|6.53|6.57|4855579|
bar|PURR|2026-08-12|6.78|6.94|6.665|6.75|5380601|
bar|PURR|2026-08-13|6.78|7.03|6.71|6.82|4435094|
bar|PURR|2026-08-14|6.76|6.83|6.56|6.68|5417447|
bar|PURR|2026-08-17|7.26|7.32|7.06|7.15|9642416|
bar|PURR|2026-08-18|6.97|7.37|6.91|7.2|9319916|
bar|PURR|2026-08-19|7.26|9.4375|6.8903|9.39|58058189|
bar|PURR|2026-08-20|9.55|10.2763|8.88|10.08|43576944|
bar|PURR|2026-08-21|10.52|11.27|10.43|10.58|35405415|
bar|PURR|2026-08-24|10.97|11.4|10.42|10.64|28134869|
bar|PURR|2026-08-25|10.51|12.1|10.43|11.87|29446095|
bar|PURR|2026-08-26|11.585|11.92|11.19|11.56|19246452|
bar|PURR|2026-08-27|12.18|14.14|11.9607|12.83|42166598|
bar|PURR|2026-08-28|12.675|13.86|11.57|11.61|36740143|
bar|PURR|2026-08-31|12.185|12.62|11.22|12.25|40213188|
bar|PURR|2026-09-01|11.73|11.86|11.02|11.355|23782833|
bar|PURR|2026-09-02|11.23|11.76|10.93|11.32|18127105|
bar|PURR|2026-09-03|11.65|12.9299|11.54|12.77|35467044|
bar|PURR|2026-09-04|12.385|12.545|11.4|12.18|27108080|
bar|PURR|2026-09-08|11.73|12.41|11.43|11.93|17393257|
bar|PURR|2026-09-09|12.64|12.74|11.88|12.03|22545398|
bar|PURR|2026-09-10|11.575|11.97|10.96|11.01|18289150|
bar|PURR|2026-09-11|11.2|12.535|11.12|11.61|21784820|
bar|PURR|2026-09-14|11.42|12.26|11.25|11.85|13189661|
bar|PURR|2026-09-15|11.33|11.658|10.545|11.2|19846360|
bar|PURR|2026-09-16|11.21|11.87|10.83|11.44|15209367|
bar|PURR|2026-09-17|12.1|12.9199|12.03|12.83|27459017|
bar|PURR|2026-09-18|13.82|14.47|13.23|14.09|56831424|
bar|PURR|2026-09-21|14.65|14.76|13.49|13.55|33793133|
bar|PURR|2026-09-22|13.64|14.2687|13.36|13.95|20396221|
bar|PURR|2026-09-23|13.7|14.2|13.47|13.94|23065590|
bar|PURR|2026-09-24|13.46|14.36|13.18|14.09|21031248|
bar|PURR|2026-09-25|13.98|13.98|12.65|12.85|31338461|
bar|PURR|2026-09-28|12.51|12.67|11.93|12.08|18251430|
bar|PURR|2026-09-29|12.47|12.49|11.83|11.92|14081197|
bar|PURR|2026-09-30|12.37|12.545|11.9825|12.27|15714997|
bar|PURR|2026-10-01|12.12|12.3977|11.85|12.03|11448233|
bar|PURR|2026-10-02|12.52|12.85|11.705|11.89|16946998|
bar|PURR|2026-10-05|12.49|13.05|12.425|12.92|15671810|
bar|PURR|2026-10-06|12.83|12.96|12.34|12.5|10021477|
bar|PURR|2026-10-07|11.925|12.071|11.6|11.73|10127288|
bar|PURR|2026-10-08|11.41|11.5785|10.92|11.3|14094878|
bar|PURR|2026-10-09|11.47|11.56|11.065|11.11|8806557|
bar|QMCO|2026-05-01|7.15|7.59|7.15|7.52|356876|
bar|QMCO|2026-05-04|7.46|7.67|7.1601|7.56|338815|
bar|QMCO|2026-05-05|7.6|8.3|7.41|8.27|667120|
bar|QMCO|2026-05-06|9.01|10.64|9|10.03|2235868|
bar|QMCO|2026-05-07|9.7|9.72|8.7644|9.13|872892|
bar|QMCO|2026-05-08|9.29|9.86|8.8506|9.62|499646|
bar|QMCO|2026-05-11|9.62|10.261|9.1744|9.78|927435|
bar|QMCO|2026-05-12|9.58|9.83|8.49|8.94|674031|
bar|QMCO|2026-05-13|8.94|9.08|8.57|8.81|374301|
bar|QMCO|2026-05-14|8.7|9|8.2|8.8|467940|
bar|QMCO|2026-05-15|8.39|8.57|8.1|8.35|399954|
bar|QMCO|2026-05-18|8.29|8.4427|7.65|7.98|469532|
bar|QMCO|2026-05-19|7.8|7.96|7.46|7.71|382414|
bar|QMCO|2026-05-20|7.78|8.36|7.78|8.16|317039|
bar|QMCO|2026-05-21|8.33|9.65|8.2818|9.41|1270473|
bar|QMCO|2026-05-22|9.4|10.18|9|9.05|1856327|
bar|QMCO|2026-05-26|9.08|9.11|8.45|8.73|564954|
bar|QMCO|2026-05-27|8.68|8.96|8.334|8.82|398189|
bar|QMCO|2026-05-28|8.65|9.537|8.61|9.32|607295|
bar|QMCO|2026-05-29|9.31|9.92|9.05|9.71|519555|
bar|QMCO|2026-06-01|9.55|10.7|9.36|10.49|1156596|
bar|QMCO|2026-06-02|10.43|13.01|10.22|12.54|3295513|
bar|QMCO|2026-06-03|12.19|16.63|12.19|15.95|4805781|
bar|QMCO|2026-06-04|14.65|18.48|14.61|15.78|3846746|
bar|QMCO|2026-06-05|15.23|15.74|12.145|12.7|2624743|
bar|QMCO|2026-06-08|13.12|13.2576|11.9|12.54|1463789|
bar|QMCO|2026-06-09|12.67|14.9799|11.99|13.05|2072692|
bar|QMCO|2026-06-10|12.82|14.12|12.55|12.59|873643|
bar|QMCO|2026-06-11|12.61|13.09|11.75|13.06|1055989|
bar|QMCO|2026-06-12|13.1|14.84|12.7|13.74|1274025|
bar|QMCO|2026-06-15|15.28|16|13.7|13.97|2427613|
bar|QMCO|2026-06-16|13.74|16.1499|13.56|14.41|1639868|
bar|QMCO|2026-06-17|14.76|15.781|13.7601|14.95|1091007|
bar|QMCO|2026-06-18|15.49|16.38|15.09|15.6|1308858|
bar|QMCO|2026-06-22|15.75|16.5|13.99|14.04|1174250|
bar|QMCO|2026-06-23|13.37|14.15|13.202|13.81|730474|
bar|QMCO|2026-06-24|13.77|14.08|12.955|13.42|618716|
bar|QMCO|2026-06-25|14|14.405|12.5347|12.93|1293572|
bar|QMCO|2026-06-26|11.24|11.7|9.8001|11.65|2297099|
bar|QMCO|2026-06-29|11.71|12.73|11.325|11.85|1124304|
bar|QMCO|2026-06-30|11.83|11.83|10.69|11|1025333|
bar|QMCO|2026-07-01|10.8|11.35|10.5501|10.93|780045|
bar|QMCO|2026-07-02|11.07|11.21|9.8201|10.16|684000|
bar|QMCO|2026-07-06|10.22|10.605|9.9105|10.53|624275|
bar|QMCO|2026-07-07|10.46|10.59|9.79|10.13|604878|
bar|QMCO|2026-07-08|9.89|10.69|9.83|10.6|1415799|
bar|QMCO|2026-07-09|10.78|10.965|10.31|10.4|766794|
bar|QMCO|2026-07-10|10.35|10.445|9.63|10.02|720586|
bar|QMCO|2026-07-13|9.88|10.16|9.5601|9.67|434915|
bar|QMCO|2026-07-14|9.66|10.31|9.66|10.06|501276|
bar|QMCO|2026-07-15|10.27|11.5999|10.11|10.3|1479146|
bar|QMCO|2026-07-16|10.07|10.39|9.48|9.6|941202|
bar|QMCO|2026-07-17|9.16|10.8|9.06|10.63|1019684|
bar|QMCO|2026-07-20|10.67|11.48|10.54|10.99|687299|
bar|QMCO|2026-07-21|11.35|11.67|11.3201|11.46|687386|
bar|QMCO|2026-07-22|11.29|12.235|11.27|11.66|648953|
bar|QMCO|2026-07-23|11.37|12.3499|11.34|11.55|610925|
bar|QMCO|2026-07-24|11.43|11.535|10.94|11.1|346870|
bar|QMCO|2026-07-27|11.36|11.52|10.59|10.97|1063514|
bar|QMCO|2026-07-28|10.91|11.425|9.86|11.28|1136742|
bar|QMCO|2026-07-29|11.3|12.809|10.4|10.45|1582807|
bar|QMCO|2026-07-30|11.41|11.425|10.34|11.24|1470914|
bar|QMCO|2026-07-31|11.41|12.23|10.57|10.64|1376829|
bar|QMCO|2026-08-03|10.6|11.02|10.19|10.56|727438|
bar|QMCO|2026-08-04|10.88|11.63|10.76|11.45|1190986|
bar|QMCO|2026-08-05|11.33|11.98|11.125|11.58|482335|
bar|QMCO|2026-08-06|11.39|12.19|11.06|11.68|547679|
bar|QMCO|2026-08-07|11.88|12.18|11.6501|12.04|656827|
bar|QMCO|2026-08-10|12.2|12.45|11.44|11.78|1250805|
bar|QMCO|2026-08-11|14.52|19.5999|13.99|19.4|16408947|
bar|QMCO|2026-08-12|20.1|22.22|20.01|21.935|5003875|
bar|QMCO|2026-08-13|21.75|24.93|21.5169|24.68|4364129|
bar|QMCO|2026-08-14|24.68|27.7999|24.1|26.11|4267260|
bar|QMCO|2026-08-17|24.83|25.95|23.75|24.92|2090704|
bar|QMCO|2026-08-18|23.84|26.28|23.4558|23.52|1579239|
bar|QMCO|2026-08-19|23.27|23.27|21.29|21.79|1838777|
bar|QMCO|2026-08-20|21.52|21.79|19.73|20.49|1457388|
bar|QMCO|2026-08-21|20.8|22.4|19.73|22.25|1458664|
bar|QMCO|2026-08-24|21.31|21.91|20.476|21.56|921635|
bar|QMCO|2026-08-25|21.9|22.41|21.012|22.39|957078|
bar|QMCO|2026-08-26|22.31|23.26|21.72|23.21|853886|
bar|QMCO|2026-08-27|23.5|23.85|22.84|23.56|878126|
bar|QMCO|2026-08-28|23.42|23.72|21.91|22.26|727428|
bar|QMCO|2026-08-31|21.97|24.41|21.4075|24.33|1197839|
bar|QMCO|2026-09-01|23.85|24.6764|23.06|24.17|860328|
bar|QMCO|2026-09-02|24.05|24.42|22.27|22.78|914045|
bar|QMCO|2026-09-03|22.81|24.37|21.72|24.3|792744|
bar|QMCO|2026-09-04|24.47|25.48|23.933|24.73|1042766|
bar|QMCO|2026-09-08|24.73|25.75|24.33|24.46|1441807|
bar|QMCO|2026-09-09|24.4|25.49|24.08|24.24|859803|
bar|QMCO|2026-09-10|23.54|24.535|22.895|23.03|981730|
bar|QMCO|2026-09-11|23.03|23.715|22.3|23.58|673677|
bar|QMCO|2026-09-14|22.595|24.1348|21.8|22.825|961160|
bar|QMCO|2026-09-15|22.9|24.07|22.61|23.26|846116|
bar|QMCO|2026-09-16|23.56|24.37|22.9|23.83|758286|
bar|QMCO|2026-09-17|24.68|26.39|24.59|24.94|1428951|
bar|QMCO|2026-09-18|24.83|25.3099|24.3|25.09|1828883|
bar|QMCO|2026-09-21|26.015|26.5|25.06|26.1|1076952|
bar|QMCO|2026-09-22|26.05|26.49|24.65|25.65|1094056|
bar|QMCO|2026-09-23|25.44|29.15|24.5|25.97|3671319|
bar|QMCO|2026-09-24|25.39|32.08|25.1|29.49|5204896|
bar|QMCO|2026-09-25|30.01|33.01|29.02|31.68|4027004|
bar|QMCO|2026-09-28|31.65|32.9|31.07|31.4|1603416|
bar|QMCO|2026-09-29|32.32|34.68|31.17|32.86|1842699|
bar|QMCO|2026-09-30|32.83|33.18|31.4|31.72|1285406|
bar|QMCO|2026-10-01|33.19|34.3684|31.51|31.885|1913190|
bar|QMCO|2026-10-02|30.1|35.17|29.85|34.5|3573493|
bar|QMCO|2026-10-05|34.385|35.65|33.64|34.005|1642121|
bar|QMCO|2026-10-06|34.02|35.41|33.29|33.47|1441578|
bar|QMCO|2026-10-07|32.5|33.39|30.4|31.07|1432615|
bar|QMCO|2026-10-08|30.15|32.5499|28.55|29.18|1892543|
bar|QMCO|2026-10-09|29.89|30.7999|28.3002|30.425|1161336|
bar|REPL|2026-05-01|2.55|2.61|2.385|2.5|3466278|
bar|REPL|2026-05-04|2.55|3.14|2.55|3.03|6764687|
bar|REPL|2026-05-05|3.02|3.09|2.52|2.87|7614778|
bar|REPL|2026-05-06|2.9|3.58|2.8811|3.44|7040138|
bar|REPL|2026-05-07|3.41|3.47|3.205|3.34|2637504|
bar|REPL|2026-05-08|3.32|4.18|3.3|4.07|14855896|
bar|REPL|2026-05-11|4|4.2299|3.62|3.74|7602019|
bar|REPL|2026-05-12|3.8|4.43|3.74|4.09|9454240|
bar|REPL|2026-05-13|3.99|5.43|3.93|5.3|17726566|
bar|REPL|2026-05-14|5.06|5.54|4.5|4.93|9266840|
bar|REPL|2026-05-15|4.9|5.405|4.75|5.22|5868582|
bar|REPL|2026-05-18|5.13|5.195|4.95|5.01|5113092|
bar|REPL|2026-05-19|4.99|5.135|4.69|4.7|4525755|
bar|REPL|2026-05-20|4.89|5.215|4.7|5.16|6035189|
bar|REPL|2026-05-21|5.07|5.55|5.035|5.22|4548365|
bar|REPL|2026-05-22|5.25|5.25|4.87|4.91|2952162|
bar|REPL|2026-05-26|4.99|5.01|4.505|4.6|3596244|
bar|REPL|2026-05-27|4.6|4.86|4.47|4.7|2216396|
bar|REPL|2026-05-28|4.7|4.82|4.6|4.68|1845980|
bar|REPL|2026-05-29|7.93|9.0664|7.67|8.69|51018656|
bar|REPL|2026-06-01|8.95|10|8.8|9|10911199|
bar|REPL|2026-06-02|8.9|9.49|8.51|8.87|6197269|
bar|REPL|2026-06-03|8.8|10.415|8.8|9.98|8974862|
bar|REPL|2026-06-04|10.025|10.86|9.83|9.87|7085076|
bar|REPL|2026-06-05|9.98|10.4589|9.39|9.47|4599533|
bar|REPL|2026-06-08|9.2|9.45|8.7|8.97|3138889|
bar|REPL|2026-06-09|9.01|9.31|8.42|9.24|2610308|
bar|REPL|2026-06-10|9.03|9.13|8.305|8.47|3368730|
bar|REPL|2026-06-11|8.45|8.99|8.25|8.62|2031085|
bar|REPL|2026-06-12|8.62|9.27|8.56|8.88|1972230|
bar|REPL|2026-06-15|8.81|9.08|8.694|8.96|1971485|
bar|REPL|2026-06-16|8.905|8.96|8.625|8.78|1548269|
bar|REPL|2026-06-17|9.49|10.401|9.12|10|4314151|
bar|REPL|2026-06-18|9.985|10.44|9.905|10.19|2569087|
bar|REPL|2026-06-22|10.22|11.43|10.19|11.18|3106194|
bar|REPL|2026-06-23|10.88|12.23|10.8601|11.42|2952946|
bar|REPL|2026-06-24|11.46|11.86|11.21|11.27|2861481|
bar|REPL|2026-06-25|11.29|11.8|11.03|11.13|2216627|
bar|REPL|2026-06-26|10.222|11.725|9.88|11.63|9969120|
bar|REPL|2026-06-29|11.4|11.74|11|11.2|3717871|
bar|REPL|2026-06-30|12|12.5|10.97|11.07|4315086|
bar|REPL|2026-07-01|11.1|11.7|11.04|11.22|2975248|
bar|REPL|2026-07-02|11.24|11.95|11.09|11.58|2837662|
bar|REPL|2026-07-06|11.53|11.75|11.33|11.47|1631943|
bar|REPL|2026-07-07|11.61|11.85|11.24|11.51|2092573|
bar|REPL|2026-07-08|11.48|11.68|10.84|11.12|3266721|
bar|REPL|2026-07-09|11.18|11.32|10.895|11.11|2743823|
bar|REPL|2026-07-10|11.1|11.11|10.46|10.99|2304075|
bar|REPL|2026-07-13|10.91|10.91|9.79|9.935|2828130|
bar|REPL|2026-07-14|9.935|10.4025|9.74|9.87|3207689|
bar|REPL|2026-07-15|9.72|9.9|9.33|9.68|1578135|
bar|REPL|2026-07-16|9.47|9.6|8.91|9.52|3562273|
bar|REPL|2026-07-17|9.37|10.31|9.31|10.23|3712835|
bar|REPL|2026-07-20|10.28|10.72|9.96|10.51|4474183|
bar|REPL|2026-07-21|10.73|11.18|10.3801|11|4069183|
bar|REPL|2026-07-22|10.97|11.235|10.685|10.75|1621936|
bar|REPL|2026-07-23|10.71|10.98|10.27|10.46|3791442|
bar|REPL|2026-07-24|10.3|10.375|9.65|9.7|3266046|
bar|REPL|2026-07-27|8.685|9.15|7.37|8.63|8450425|
bar|REPL|2026-07-28|6.61|6.62|5.135|5.35|23977369|
bar|REPL|2026-07-29|5.25|5.57|4.7648|5.41|14258447|
bar|REPL|2026-07-31|11.379|12.5|9.43|11.2|33433389|
bar|REPL|2026-08-03|10.995|12.6|10.13|11.91|11724348|
bar|REPL|2026-08-04|12.67|13.86|11.5|11.92|6046354|
bar|REPL|2026-08-05|11.96|12.35|11.5|11.83|2850923|
bar|REPL|2026-08-06|11.78|13.9|11.58|12.86|6653471|
bar|REPL|2026-08-07|13|13.4|11.42|12.06|8851111|
bar|REPL|2026-08-10|12.64|14.12|12.27|13.67|8848470|
bar|REPL|2026-08-11|13.755|14.14|13.2|13.65|4762258|
bar|REPL|2026-08-12|13.62|15.68|13.62|15.24|8260721|
bar|REPL|2026-08-13|15|15.705|14.98|15.19|3216678|
bar|REPL|2026-08-14|15.19|15.39|14.685|14.97|2387464|
bar|REPL|2026-08-17|14.65|14.69|14.05|14.63|3731669|
bar|REPL|2026-08-18|14.6|15.615|14.5|15.58|2244221|
bar|REPL|2026-08-19|15.17|15.64|14.73|14.81|3408664|
bar|REPL|2026-08-20|14.55|14.765|13.92|14.05|4268637|
bar|REPL|2026-08-21|13.88|14.98|13.81|14.77|2969271|
bar|REPL|2026-08-24|14.63|15.04|14.11|14.71|2080077|
bar|REPL|2026-08-25|14.63|15.89|14.59|15.8|3133451|
bar|REPL|2026-08-26|15.6|15.99|15.045|15.88|2372708|
bar|REPL|2026-08-27|15.76|16.15|15.555|15.6|1670594|
bar|REPL|2026-08-28|15.402|15.87|15.4|15.5|2386172|
bar|REPL|2026-08-31|15.36|15.52|14.9|15.3|1696093|
bar|REPL|2026-09-01|15.24|15.71|14.97|15.67|1778462|
bar|REPL|2026-09-02|15.65|16.33|15.5|15.98|1988836|
bar|REPL|2026-09-03|15.99|16.025|15.02|15.29|1353430|
bar|REPL|2026-09-04|15.22|15.3313|14.8|15.04|907592|
bar|REPL|2026-09-08|14.9|14.99|14.61|14.77|1492792|
bar|REPL|2026-09-09|14.54|14.76|14.3|14.45|1073448|
bar|REPL|2026-09-10|14.47|14.47|13.21|13.24|3643340|
bar|REPL|2026-09-11|13.33|13.74|12.4|12.92|4083168|
bar|REPL|2026-09-14|12.9|13.645|12.79|13.11|2350509|
bar|REPL|2026-09-15|12.98|13.06|12.46|13.03|2232453|
bar|REPL|2026-09-16|13.1|13.19|12.7107|12.96|1810284|
bar|REPL|2026-09-17|13.15|13.3972|12.62|12.87|1293687|
bar|REPL|2026-09-18|13.02|13.2|12.68|13.07|2138728|
bar|REPL|2026-09-21|13.11|13.28|12.76|12.87|1461614|
bar|REPL|2026-09-22|12.93|13.635|12.8|13.47|1522105|
bar|REPL|2026-09-23|13.5|13.6|12.68|12.96|1887461|
bar|REPL|2026-09-24|12.87|12.8795|12.07|12.6|2578492|
bar|REPL|2026-09-25|12.63|12.8|12.3|12.36|1647235|
bar|REPL|2026-09-28|12.15|12.7572|12.07|12.56|1956828|
bar|REPL|2026-09-29|12.44|13.42|12.35|13|4364812|
bar|REPL|2026-09-30|12.99|13.658|12.65|13.24|3081570|
bar|REPL|2026-10-01|13.26|13.59|13.055|13.45|2516700|
bar|REPL|2026-10-02|13.69|13.83|12.8|13.07|1305075|
bar|REPL|2026-10-05|13.14|13.29|12.51|13.15|2275802|
bar|REPL|2026-10-06|13.17|13.51|12.87|13.25|2612922|
bar|REPL|2026-10-07|13.14|13.6|13.01|13.2|1647247|
bar|REPL|2026-10-08|13.18|13.46|12.85|13.04|1747644|
bar|REPL|2026-10-09|12.96|13.44|12.79|13.42|2016246|
bar|RUM|2026-05-01|7.57|7.67|7.2|7.34|3063251|
bar|RUM|2026-05-04|7.28|7.585|6.98|7.1|2858467|
bar|RUM|2026-05-05|7.25|7.39|7.012|7.31|2025751|
bar|RUM|2026-05-06|7.35|8.065|7.25|8.05|3780231|
bar|RUM|2026-05-07|7.96|7.98|7.38|7.47|2413926|
bar|RUM|2026-05-08|7.47|8.655|7.38|8.32|6595800|
bar|RUM|2026-05-11|8.087|8.305|7.65|8.16|3068583|
bar|RUM|2026-05-12|7.99|8.085|7.77|7.92|2082594|
bar|RUM|2026-05-13|7.86|8.42|7.7625|8.32|3345911|
bar|RUM|2026-05-14|8.1|8.52|7.57|8.17|4692074|
bar|RUM|2026-05-15|7.245|7.75|6.91|7.205|3867588|
bar|RUM|2026-05-18|7.21|7.6|7.06|7.5|2539289|
bar|RUM|2026-05-19|7.44|7.47|7.03|7.07|2419285|
bar|RUM|2026-05-20|7.01|7.4399|6.82|7.37|2219959|
bar|RUM|2026-05-21|7.27|8.21|7.24|8.06|2860341|
bar|RUM|2026-05-22|8.02|8.49|8|8.2|3046244|
bar|RUM|2026-05-26|8.2|9.245|8.2|8.91|4791512|
bar|RUM|2026-05-27|8.9|9.79|8.83|9.75|4740515|
bar|RUM|2026-05-28|9.62|9.85|9.325|9.46|2833399|
bar|RUM|2026-05-29|9.4|9.4|8.81|9.19|2932036|
bar|RUM|2026-06-01|9.19|9.785|9.03|9.57|2567788|
bar|RUM|2026-06-02|9.4|9.7|8.97|8.97|2268222|
bar|RUM|2026-06-03|8.82|8.82|8.325|8.33|2411106|
bar|RUM|2026-06-04|9.43|10.54|8.165|8.18|13362349|
bar|RUM|2026-06-05|7.912|8.1399|7.35|7.58|4888541|
bar|RUM|2026-06-08|7.7|8.3181|7.61|7.87|2677730|
bar|RUM|2026-06-09|7.93|8.06|7.14|7.49|3165923|
bar|RUM|2026-06-10|7.33|7.5733|6.96|7|2225208|
bar|RUM|2026-06-11|7|7.55|6.765|7.54|4416223|
bar|RUM|2026-06-12|7.57|7.57|7.15|7.16|2098551|
bar|RUM|2026-06-15|7.49|7.92|7.38|7.75|2757429|
bar|RUM|2026-06-16|7.7|7.77|7.25|7.39|2270290|
bar|RUM|2026-06-17|7.37|7.725|7.26|7.29|2329857|
bar|RUM|2026-06-18|8.46|8.71|7.17|7.36|11452203|
bar|RUM|2026-06-22|7.21|7.765|6.79|6.8|5216977|
bar|RUM|2026-06-23|6.58|6.94|6.5|6.73|3184571|
bar|RUM|2026-06-24|6.7|6.7399|6.055|6.2|4446566|
bar|RUM|2026-06-25|6.18|6.26|5.83|6.24|4302468|
bar|RUM|2026-06-26|6.1|6.38|5.97|6.32|7744564|
bar|RUM|2026-06-29|6.405|6.585|6.03|6.19|3346546|
bar|RUM|2026-06-30|6.2|6.505|6.08|6.34|3283084|
bar|RUM|2026-07-01|6.28|6.49|6.17|6.28|2947877|
bar|RUM|2026-07-02|6.355|6.61|6.005|6.16|3190971|
bar|RUM|2026-07-06|6.19|6.585|6.18|6.51|3352208|
bar|RUM|2026-07-07|6.49|6.54|6.15|6.19|1853021|
bar|RUM|2026-07-08|6.1|6.3|6.04|6.28|1961223|
bar|RUM|2026-07-09|6.225|6.38|6.225|6.38|1410896|
bar|RUM|2026-07-10|6.44|6.58|6.11|6.13|1909951|
bar|RUM|2026-07-13|6.11|6.15|5.78|5.93|3434209|
bar|RUM|2026-07-14|5.94|6.08|5.84|5.99|1879438|
bar|RUM|2026-07-15|6.1|6.22|5.9|6.09|2009957|
bar|RUM|2026-07-16|5.97|6.05|5.56|5.72|2397842|
bar|RUM|2026-07-17|5.5|5.855|5.47|5.76|2027427|
bar|RUM|2026-07-20|5.77|5.95|5.72|5.83|1727738|
bar|RUM|2026-07-21|5.83|6.238946|5.83|6.17|2599436|
bar|RUM|2026-07-22|6.16|6.29|6.04|6.15|1840909|
bar|RUM|2026-07-23|5.92|6.09|5.9|5.99|2183497|
bar|RUM|2026-07-24|6.03|6.03|5.7|5.71|1396699|
bar|RUM|2026-07-27|5.84|6.07|5.785|6.04|1658317|
bar|RUM|2026-07-28|5.93|6.11|5.87|6.03|1913944|
bar|RUM|2026-07-29|5.95|6.04|5.65|5.66|1959559|
bar|RUM|2026-07-30|5.75|6.04|5.74|5.9|2167967|
bar|RUM|2026-07-31|6.02|6.24|5.77|5.84|3406107|
bar|RUM|2026-08-03|5.88|6.34|5.8|6.19|2514554|
bar|RUM|2026-08-04|6.3|6.495|6.23|6.43|2171630|
bar|RUM|2026-08-05|6.36|6.435|6.185|6.19|1642729|
bar|RUM|2026-08-06|6.09|6.29|6.09|6.2|1231062|
bar|RUM|2026-08-07|6.3|6.48|6.24|6.385|2051473|
bar|RUM|2026-08-10|6.39|6.53|6.175|6.21|3409642|
bar|RUM|2026-08-11|6|7.03|5.98|6.92|6750744|
bar|RUM|2026-08-12|6.98|7.62|6.97|7.55|6702324|
bar|RUM|2026-08-13|7.52|8.55|7.511|7.54|10101680|
bar|RUM|2026-08-14|7.51|7.7|7.43|7.46|3512434|
bar|RUM|2026-08-17|7.43|8.41|7.362|8.24|5423832|
bar|RUM|2026-08-18|7.95|8.34|7.71|8.1|3126599|
bar|RUM|2026-08-19|8.13|8.62|8.0801|8.32|3000277|
bar|RUM|2026-08-20|8.3|8.445|8.11|8.43|2224119|
bar|RUM|2026-08-21|8.59|9.1188|8.412|9.05|3900995|
bar|RUM|2026-08-24|8.99|9.79|8.98|9.36|8262152|
bar|RUM|2026-08-25|9.42|10.595|9.23|10.23|8904517|
bar|RUM|2026-08-26|10.07|10.07|9.17|9.375|5057702|
bar|RUM|2026-08-27|9.51|10.24|9.37|9.43|4186903|
bar|RUM|2026-08-28|9.3|9.7715|8.95|8.98|3312484|
bar|RUM|2026-08-31|8.77|9.025|8.42|8.96|4161015|
bar|RUM|2026-09-01|8.69|8.77|8.47|8.53|2673161|
bar|RUM|2026-09-02|8.51|9.015|8.46|8.8|3361572|
bar|RUM|2026-09-03|8.855|9.07|8.675|9.04|2284806|
bar|RUM|2026-09-04|9|9.21|8.51|8.6|3286661|
bar|RUM|2026-09-08|8.53|8.675|8.2|8.39|2953182|
bar|RUM|2026-09-09|8.35|8.5|7.51|7.52|4717145|
bar|RUM|2026-09-10|7.37|7.52|7.22|7.365|3061373|
bar|RUM|2026-09-11|7.48|7.5|6.985|7.17|4363449|
bar|RUM|2026-09-14|7.672|8.6523|7.6|8|25794610|
bar|RUM|2026-09-15|7.7|8.5|7.58|8.2|7404099|
bar|RUM|2026-09-16|8.29|8.5351|7.98|8.3|6772196|
bar|RUM|2026-09-17|8.66|8.915|8.425|8.89|6193895|
bar|RUM|2026-09-18|9.05|9.35|8.9545|9.09|12401164|
bar|RUM|2026-09-21|9.2|9.355|8.94|9.17|5408778|
bar|RUM|2026-09-22|9.22|9.305|8.7205|8.96|6020150|
bar|RUM|2026-09-23|8.82|8.845|8.26|8.27|4808024|
bar|RUM|2026-09-24|8.18|8.62|8.07|8.6|4588918|
bar|RUM|2026-09-25|8.59|8.68|8.28|8.36|2707171|
bar|RUM|2026-09-28|8.13|8.21|7.88|7.93|3544110|
bar|RUM|2026-09-29|8.07|8.1|7.7|7.72|3226557|
bar|RUM|2026-09-30|7.98|8.32|7.55|7.56|4980725|
bar|RUM|2026-10-01|7.57|7.96|7.39|7.64|4575268|
bar|RUM|2026-10-02|7.87|8.055|7.48|7.575|4576583|
bar|RUM|2026-10-05|7.6|7.64|7.155|7.38|5292688|
bar|RUM|2026-10-06|7.61|7.81|7.555|7.65|3324186|
bar|RUM|2026-10-07|7.5|7.6023|7.35|7.52|3148743|
bar|RUM|2026-10-08|7.44|7.5035|6.8|7|4531900|
bar|RUM|2026-10-09|7.08|7.16|6.82|6.96|3414355|
bar|TEAM|2026-05-01|82.92|90.23|82.05|88.88|27341600|
bar|TEAM|2026-05-04|88.17|96.3179|87.46|93.16|15917520|
bar|TEAM|2026-05-05|92.49|93.9|88.93|92.35|7551045|
bar|TEAM|2026-05-06|91.48|91.48|84.485|88.8|10278947|
bar|TEAM|2026-05-07|91.61|95|90.42|92.37|12623883|
bar|TEAM|2026-05-08|88.64|92.13|84.42|91.6|12624944|
bar|TEAM|2026-05-11|90.24|92.43|84.9|87.31|7900438|
bar|TEAM|2026-05-12|87.31|88.2|83.38|85|5965134|
bar|TEAM|2026-05-13|84.44|84.89|80.2|80.62|6250965|
bar|TEAM|2026-05-14|80.33|82.5|78.2|80.86|4538978|
bar|TEAM|2026-05-15|82.1|89.19|82.1|87.46|6403815|
bar|TEAM|2026-05-18|85.8|91.4|85.25|89.435|5661311|
bar|TEAM|2026-05-19|92.8|94.5|85.78|86.62|6634902|
bar|TEAM|2026-05-20|84.185|86.7225|82.2004|86.23|3889294|
bar|TEAM|2026-05-21|82.775|84.3|81|82.18|4830952|
bar|TEAM|2026-05-22|83.52|88.55|83.52|85.42|4459063|
bar|TEAM|2026-05-26|83.29|86.03|82|84.92|4012007|
bar|TEAM|2026-05-27|84.21|90.84|83.73|89.07|4671800|
bar|TEAM|2026-05-28|90.99|95.23|88.98|93.29|5505575|
bar|TEAM|2026-05-29|97.875|108.48|97.36|107.61|13824564|
bar|TEAM|2026-06-01|114.18|119.38|110.23|115.95|12652941|
bar|TEAM|2026-06-02|103.37|109.615|103|109.1|6995756|
bar|TEAM|2026-06-03|106.13|106.13|99.645|101.53|5007692|
bar|TEAM|2026-06-04|105.49|106.26|100.57|101.5|4856926|
bar|TEAM|2026-06-05|101.39|103.372|96.7852|99.47|3797169|
bar|TEAM|2026-06-08|98.03|99.9799|96.12|97.89|2869425|
bar|TEAM|2026-06-09|95.31|99.0812|92|95.61|3419243|
bar|TEAM|2026-06-10|92.79|96.655|91.06|91.54|3922004|
bar|TEAM|2026-06-11|88.952|91.62|86.51|89.2|6742042|
bar|TEAM|2026-06-12|89.71|90.05|84.76|88.52|4876718|
bar|TEAM|2026-06-15|90|93.86|88.34|91.55|3196781|
bar|TEAM|2026-06-16|90.39|93|86.9617|87.95|4671382|
bar|TEAM|2026-06-17|87.49|88.46|83.83|84.39|4903257|
bar|TEAM|2026-06-18|83.64|85.7019|81.76|82.72|7553425|
bar|TEAM|2026-06-22|81.31|85.5|78.55|79.96|5767445|
bar|TEAM|2026-06-23|81.4|83.08|79.97|81.35|4569786|
bar|TEAM|2026-06-24|81.27|84.095|80.56|81.55|2632785|
bar|TEAM|2026-06-25|79.15|80.15|74.41|74.68|6228884|
bar|TEAM|2026-06-26|75.3|79.38|75.3|78.74|7930420|
bar|TEAM|2026-06-29|80.46|82.83|79.01|79.26|3002423|
bar|TEAM|2026-06-30|77.49|79.2|76.47|77.79|3284330|
bar|TEAM|2026-07-01|80.62|84.61|80.16|83.17|3662003|
bar|TEAM|2026-07-02|82.78|85.59|81.9|83.84|3099990|
bar|TEAM|2026-07-06|82.0001|86.84|81.51|85.5|2349773|
bar|TEAM|2026-07-07|89.11|91.27|87.1101|88.39|3714177|
bar|TEAM|2026-07-08|86|87.04|83.98|85.47|3025111|
bar|TEAM|2026-07-09|81.36|90.86|80.66|90.71|2817062|
bar|TEAM|2026-07-10|93.97|94.9|88.14|88.86|2453033|
bar|TEAM|2026-07-13|90.4|96.5|90.4|96.16|5443738|
bar|TEAM|2026-07-14|90|91.98|88.61|89.08|4270244|
bar|TEAM|2026-07-15|91.17|95.85|90.85|91.77|3435031|
bar|TEAM|2026-07-16|94.24|95.21|88.5|92.36|2763834|
bar|TEAM|2026-07-17|90.13|94.35|90.01|93.29|3225466|
bar|TEAM|2026-07-20|91|97.25|89.93|96.43|2821984|
bar|TEAM|2026-07-21|93.408|96.5|89.27|90.6|3259878|
bar|TEAM|2026-07-22|90.54|90.6|84.71|85.4|3008367|
bar|TEAM|2026-07-23|87.69|87.7|80|80.15|4085104|
bar|TEAM|2026-07-24|81.43|87.09|81.43|86.88|4140311|
bar|TEAM|2026-07-27|90.13|97.73|89.3525|95.87|6203876|
bar|TEAM|2026-07-28|98.626|102.65|96.61|99.98|6018005|
bar|TEAM|2026-07-29|100|106.72|98.905|104.28|5461308|
bar|TEAM|2026-07-30|97.735|99.1768|95.18|98.12|3934525|
bar|TEAM|2026-07-31|95.68|101.62|95.35|101.015|2728350|
bar|TEAM|2026-08-03|105.07|108.94|102.35|103.71|3448484|
bar|TEAM|2026-08-04|103.84|110.57|103.32|110.31|4664594|
bar|TEAM|2026-08-05|112.94|113.55|109.08|113.32|4561045|
bar|TEAM|2026-08-06|108.73|110.88|107.4201|110.17|6865982|
bar|TEAM|2026-08-07|145.135|153.2|141.51|149.07|20055997|
bar|TEAM|2026-08-10|149.325|153.99|145|151.87|8631159|
bar|TEAM|2026-08-11|151.38|156.215|148.87|154.08|4423549|
bar|TEAM|2026-08-12|151.54|156.45|150.7501|155.24|4021612|
bar|TEAM|2026-08-13|155.56|167.11|154.9|165.98|5514512|
bar|TEAM|2026-08-14|166.21|167.75|161.84|162.22|4189585|
bar|TEAM|2026-08-17|159.07|161.6|156.5501|158.34|3047463|
bar|TEAM|2026-08-18|158.58|167.87|158.58|163|4878714|
bar|TEAM|2026-08-19|161.61|176.15|161.5|174.23|6063585|
bar|TEAM|2026-08-20|173.9|177.88|171.22|174.91|5456065|
bar|TEAM|2026-08-21|174.22|176|168.01|171.81|3274132|
bar|TEAM|2026-08-24|169.3|174.2341|169.04|171.33|2407442|
bar|TEAM|2026-08-25|170.64|172.1|165.1|166.49|2888817|
bar|TEAM|2026-08-26|161.98|170|160.962|168.47|4031435|
bar|TEAM|2026-08-27|169|185.73|168.73|185.62|6063278|
bar|TEAM|2026-08-28|185|194.96|185|190.415|5206932|
bar|TEAM|2026-08-31|188.41|197.3|187.67|194.17|5064882|
bar|TEAM|2026-09-01|190.58|193.645|185.45|187.03|3812179|
bar|TEAM|2026-09-02|187.565|192.87|184.73|186.44|3484285|
bar|TEAM|2026-09-03|190.61|198.5999|190.61|194.68|3353981|
bar|TEAM|2026-09-04|189.71|193.425|186.54|189.58|2469563|
bar|TEAM|2026-09-08|184.39|185|175.53|176.42|3863916|
bar|TEAM|2026-09-09|176.3|181.49|174.21|177.74|3516871|
bar|TEAM|2026-09-10|174.46|183.7001|174.46|179.57|3067507|
bar|TEAM|2026-09-11|178.61|182.995|176.76|179.7|1791179|
bar|TEAM|2026-09-14|186.29|193.17|181.76|192.77|3733078|
bar|TEAM|2026-09-15|187.152|194.01|187.01|189.81|2185088|
bar|TEAM|2026-09-16|185.5|191.043111|185|190.28|2588790|
bar|TEAM|2026-09-17|188.62|195.54|185.72|192.53|2476992|
bar|TEAM|2026-09-18|193.47|194.04|188.8301|192.02|8901245|
bar|TEAM|2026-09-21|194.46|198.47|193.84|195.67|3069922|
bar|TEAM|2026-09-22|200|200|185.58|188.65|2956556|
bar|TEAM|2026-09-23|190.02|196.92|188.97|195.08|2392393|
bar|TEAM|2026-09-24|195.91|198|191.7001|192.61|1636211|
bar|TEAM|2026-09-25|192.01|194.81|187.23|187.74|1863601|
bar|TEAM|2026-09-28|182.11|182.11|173.5|178.54|3654893|
bar|TEAM|2026-09-29|177.73|179.5|168.05|175.96|4366162|
bar|TEAM|2026-09-30|176.395|183.8|175.5|179.29|2462945|
bar|TEAM|2026-10-01|183.72|191.07|182.57|189.91|2479276|
bar|TEAM|2026-10-02|190.975|191.83|186.642|187.89|1701328|
bar|TEAM|2026-10-05|187.625|197.5|186.5|196.65|3035374|
bar|TEAM|2026-10-06|198.845|199.08|190.96|193.98|1931103|
bar|TEAM|2026-10-07|194.87|198.39|193.49|195.79|1747426|
bar|TEAM|2026-10-08|197|203.89|196.1|203.57|2836433|
bar|TEAM|2026-10-09|204.45|207.3662|202.011|206.79|2092873|
bar|TJGC|2026-05-01|4.965|5.55|4.95|5.55|32885|
bar|TJGC|2026-05-04|5.43|5.55|5.04|5.52|37054|
bar|TJGC|2026-05-05|5.52|5.52|5.22|5.22|18926|
bar|TJGC|2026-05-06|5.22|5.4|5.16|5.19|16787|
bar|TJGC|2026-05-07|5.22|5.4|5.19|5.28|7784|
bar|TJGC|2026-05-08|5.01|5.19|5.01|5.04|15192|
bar|TJGC|2026-05-11|4.92|5.79|4.8|5.7|853517|
bar|TJGC|2026-05-12|5.76|6.03|5.55|6.03|1683854|
bar|TJGC|2026-05-13|6.09|6.48|5.9973|6.42|734069|
bar|TJGC|2026-05-14|6.33|6.51|6.18|6.45|935331|
bar|TJGC|2026-05-15|6.45|6.57|6.24|6.57|366083|
bar|TJGC|2026-06-03|2.55|7.07|2.3|6.1099|1053307|
bar|TJGC|2026-06-04|6.07|6.94|6.05|6.68|2319914|
bar|TJGC|2026-06-05|6.53|6.96|6.45|6.94|1297482|
bar|TJGC|2026-06-08|6.7|6.76|6.25|6.29|710246|
bar|TJGC|2026-06-09|5.86|6.5626|5.7|5.83|163560|
bar|TJGC|2026-06-10|6.08|6.08|5.33|5.56|80703|
bar|TJGC|2026-06-11|5.47|5.47|5.001|5.24|81737|
bar|TJGC|2026-06-12|5.07|5.99|4.8|5.53|46284|
bar|TJGC|2026-06-15|5.26|5.5|5|5.12|48138|
bar|TJGC|2026-06-16|4.97|4.97|4.71|4.81|30421|
bar|TJGC|2026-06-17|4.62|4.7|4.61|4.63|17931|
bar|TJGC|2026-06-18|4.5|4.51|4.2|4.4|547651|
bar|TJGC|2026-06-22|4.35|4.43|4.1|4.33|82875|
bar|TJGC|2026-06-23|4.32|4.43|4.27|4.3|17002|
bar|TJGC|2026-06-24|4.33|4.55|4.21|4.36|56833|
bar|TJGC|2026-06-25|4.46|4.56|4.109|4.37|555822|
bar|TJGC|2026-06-26|4.41|4.67|4.41|4.63|12366|
bar|TJGC|2026-06-29|4.6|4.7019|4.5|4.5|17428|
bar|TJGC|2026-06-30|4.52|4.61|4.52|4.53|10796|
bar|TJGC|2026-07-01|4.55|4.86|4.5|4.85|70531|
bar|TJGC|2026-07-02|4.8|5|4.65|4.65|49758|
bar|TJGC|2026-07-06|4.68|5|4.59|4.83|18658|
bar|TJGC|2026-07-07|4.77|4.81|4.5|4.5|1793|
bar|TJGC|2026-07-08|4.66|5|4.425|4.51|8314|
bar|TJGC|2026-07-09|4.4674|5.01|4.44|4.93|61106|
bar|TJGC|2026-07-10|4.55|4.67|4.55|4.67|2543|
bar|TJGC|2026-07-13|4.67|4.67|4.49|4.49|740|
bar|TJGC|2026-07-14|4.54|4.675|4.45|4.45|8731|
bar|TJGC|2026-07-15|4.55|4.99|4.44|4.72|85004|
bar|TJGC|2026-07-16|4.48|4.655|4.44|4.6499|3708|
bar|TJGC|2026-07-17|4.46|4.52|4.46|4.47|2479|
bar|TJGC|2026-07-20|4.4|4.88|4.4|4.66|5855|
bar|TJGC|2026-07-21|4.56|4.56|4.47|4.5|4041|
bar|TJGC|2026-07-22|4.5|4.95|4.46|4.91|229586|
bar|TJGC|2026-07-23|4.9|5.2|4.82|5.01|882979|
bar|TJGC|2026-07-24|5.06|5.2|5.01|5.19|321686|
bar|TJGC|2026-07-27|5.19|5.22|5.12|5.14|84555|
bar|TJGC|2026-07-28|5.09|5.17|4.45|5.14|168865|
bar|TJGC|2026-07-29|5.13|5.28|4.53|5.115|1654054|
bar|TJGC|2026-07-30|5.07|5.23|5.03|5.13|2409806|
bar|TJGC|2026-07-31|5.23|5.3|5.14|5.26|508517|
bar|TJGC|2026-08-03|5.2|5.39|5.2|5.3|375808|
bar|TJGC|2026-08-04|5.34|5.39|5.16|5.36|921425|
bar|TJGC|2026-08-05|5.365|5.54|3.87|4.12|4032199|
bar|TJGC|2026-08-06|3.71|3.86|3.18|3.66|1113688|
bar|TJGC|2026-08-07|3.55|3.69|3.3|3.65|335521|
bar|TJGC|2026-08-10|3.65|4.13|3.595|3.65|253635|
bar|TJGC|2026-08-11|3.7|3.83|3.53|3.82|2763640|
bar|TJGC|2026-08-12|3.84|3.85|3.55|3.75|2737252|
bar|TJGC|2026-08-13|3.79|4.02|3.77|3.86|1031087|
bar|TJGC|2026-08-14|3.9|4.04|3.9|4.01|261995|
bar|TJGC|2026-08-17|4.07|4.23|3.9|4.01|4390459|
bar|TJGC|2026-08-18|3.9|5.1499|3.65|4.45|883259|
bar|TJGC|2026-08-19|4.44|4.49|4.37|4.38|2132044|
bar|TJGC|2026-08-20|4.38|4.65|4.3|4.62|2381704|
bar|TJGC|2026-08-21|4.62|4.7|4.5|4.66|1424610|
bar|TJGC|2026-08-24|4.62|6.3899|4.61|6.1|4935461|
bar|TJGC|2026-08-25|6.24|6.7|6.01|6.56|1256719|
bar|TJGC|2026-08-26|6.45|6.45|6.03|6.29|221657|
bar|TJGC|2026-08-27|6.13|8|5.99|7.94|349615|
bar|TJGC|2026-08-28|7.93|10.19|7.3646|9.9|576671|
bar|TJGC|2026-08-31|9.65|10.2899|9.26|10.08|338486|
bar|TJGC|2026-09-01|10.12|10.6099|9.97|10.02|3192809|
bar|TJGC|2026-09-02|10.02|10.38|9.9|10.04|1671039|
bar|TJGC|2026-09-03|10.04|10.8|8.8|9.86|2679259|
bar|TJGC|2026-09-04|10|10.65|9.8301|10.41|2640356|
bar|TJGC|2026-09-08|10.455|10.6|10.3|10.51|1686140|
bar|TJGC|2026-09-09|10.4|10.765|10.4|10.58|1951422|
bar|TJGC|2026-09-10|10.61|10.83|10.42|10.67|1078578|
bar|TJGC|2026-09-11|10.65|11.5|10.48|11.19|1794491|
bar|TJGC|2026-09-14|11.245|12.38|10.9|11.53|1110990|
bar|TJGC|2026-09-15|11.26|11.5|10.88|10.99|3068236|
bar|TJGC|2026-09-16|10.95|11.31|10.6003|11.02|3515488|
bar|TJGC|2026-09-17|11|11.2|10.86|11.01|3306077|
bar|TJGC|2026-09-18|10.86|19.18|10.83|16.84|2563493|
bar|TJGC|2026-09-21|16.91|17.97|15.03|17.58|173046|
bar|TJGC|2026-09-22|17.58|17.67|15.68|16.9|77546|
bar|TJGC|2026-09-23|16.92|23.8724|16.85|23.28|392944|
bar|TJGC|2026-09-24|24.03|28.55|20.0001|28.2|360948|
bar|TJGC|2026-09-25|29.77|30.77|25.89|26.24|105007|
bar|TJGC|2026-09-28|26.5|29.71|24.99|28.54|200993|
bar|TJGC|2026-09-29|27.68|36.76|27.41|34.795|137112|
bar|TJGC|2026-09-30|34.76|35.8|30.2|30.2|88736|
bar|TJGC|2026-10-01|26.31|35.7256|26.31|32.58|117065|
bar|TJGC|2026-10-02|34.92|34.92|32.24|33.28|25100|
bar|TJGC|2026-10-05|32.73|34.25|30|32.88|114532|
bar|TJGC|2026-10-06|32.28|33.22|27|27.82|97829|
bar|TJGC|2026-10-07|26.54|31.91|23.73|31|51100|
bar|TJGC|2026-10-08|31.01|33|30.6006|33|26316|
bar|TJGC|2026-10-09|31.98|34.15|31.98|33.28|27689|
bar|VCYT|2026-05-01|32.97|33.26|32.13|33.09|471367|
bar|VCYT|2026-05-04|33.26|33.81|32.7|33.45|767593|
bar|VCYT|2026-05-05|33.75|34.38|32.21|32.97|1485801|
bar|VCYT|2026-05-06|39|41.66|35.54|41.19|2991469|
bar|VCYT|2026-05-07|41.17|42.1|40.16|40.76|1693004|
bar|VCYT|2026-05-08|40.76|41.03|38.71|40.42|1152295|
bar|VCYT|2026-05-11|40.42|40.905|39.33|39.7|995000|
bar|VCYT|2026-05-12|40.06|40.965|39.175|39.56|739620|
bar|VCYT|2026-05-13|39.1|39.3699|37.66|38.25|1107287|
bar|VCYT|2026-05-14|38.88|39.66|38.0505|38.9|888892|
bar|VCYT|2026-05-15|38.17|39.57|37.715|38.48|944823|
bar|VCYT|2026-05-18|39.22|42.2265|39.05|41.5|1489084|
bar|VCYT|2026-05-19|41.37|42.36|40.62|41.69|970904|
bar|VCYT|2026-05-20|42.16|45.38|41.86|45.19|1159475|
bar|VCYT|2026-05-21|44.19|45.57|43.68|45.19|1026929|
bar|VCYT|2026-05-22|45.46|46|44.81|45.03|1167876|
bar|VCYT|2026-05-26|45.35|45.515|43.95|44.21|940737|
bar|VCYT|2026-05-27|44.34|44.67|43.05|44.49|951193|
bar|VCYT|2026-05-28|44.35|48.345|44.35|47.99|999349|
bar|VCYT|2026-05-29|48.09|48.09|46.27|46.34|1231763|
bar|VCYT|2026-06-01|46.18|49.25|44.931|48.18|1494037|
bar|VCYT|2026-06-02|48.17|48.17|46.36|47.8|1591170|
bar|VCYT|2026-06-03|47.77|49.4|46.49|48.69|1451590|
bar|VCYT|2026-06-04|49.3|50.54|48.7|49.94|1644157|
bar|VCYT|2026-06-05|49.44|49.75|47.9525|48.73|1163111|
bar|VCYT|2026-06-08|48.87|49.71|47.14|47.27|1044188|
bar|VCYT|2026-06-09|47.99|49.32|46.89|49.24|1003096|
bar|VCYT|2026-06-10|48.64|50.06|48.13|48.17|1377164|
bar|VCYT|2026-06-11|48.63|48.63|46.76|47.42|1044495|
bar|VCYT|2026-06-12|47.51|48.625|46.04|47.33|1082469|
bar|VCYT|2026-06-15|47.44|49.62|46.68|49.15|1426508|
bar|VCYT|2026-06-16|49.66|52.45|49.42|50.92|1769283|
bar|VCYT|2026-06-17|51.15|52.76|50.5|51.29|1228984|
bar|VCYT|2026-06-18|51.96|53.81|51.922|53.63|4125807|
bar|VCYT|2026-06-22|53.72|54.72|52.3603|53.19|954512|
bar|VCYT|2026-06-23|52.79|54.12|52.65|53.79|813274|
bar|VCYT|2026-06-24|54.45|58.05|54.44|56.76|1294110|
bar|VCYT|2026-06-25|56.96|60.281|56.82|58.55|1470770|
bar|VCYT|2026-06-26|58.55|60.83|58.06|60.49|3332933|
bar|VCYT|2026-06-29|59.7|60.815|58.73|60.19|1469035|
bar|VCYT|2026-06-30|60.42|60.91|58.27|58.73|1324124|
bar|VCYT|2026-07-01|58.99|60.71|58.75|59.85|1229795|
bar|VCYT|2026-07-02|59.92|60.5841|56.5|57.08|1149971|
bar|VCYT|2026-07-06|56.04|59.96|56.01|57.995|894567|
bar|VCYT|2026-07-07|58.15|59.235|55.46|56.16|1136135|
bar|VCYT|2026-07-08|55.18|56.385|54.25|56.12|1358652|
bar|VCYT|2026-07-09|56.98|59.86|56.695|59.3|690794|
bar|VCYT|2026-07-10|59.1|59.14|56.4464|56.97|757208|
bar|VCYT|2026-07-13|55.93|57.6991|55.62|57.48|853185|
bar|VCYT|2026-07-14|57.74|58.01|55.82|56.62|963692|
bar|VCYT|2026-07-15|57.6|59.56|56.93|59.51|907562|
bar|VCYT|2026-07-16|59.38|60.82|58.17|59.22|833080|
bar|VCYT|2026-07-17|57.06|59.19|57.06|59.13|2008417|
bar|VCYT|2026-07-20|58.86|59.83|56.57|57.26|1642692|
bar|VCYT|2026-07-21|56.42|59.73|55.05|59.53|863997|
bar|VCYT|2026-07-22|58.85|59.55|57.5|58.01|610064|
bar|VCYT|2026-07-23|57.59|59.0925|57.41|57.88|615693|
bar|VCYT|2026-07-24|58.55|58.55|56.35|56.61|589481|
bar|VCYT|2026-07-27|57.78|58.09|55.21|55.61|683951|
bar|VCYT|2026-07-28|55.6|56.63|54.715|55.65|739718|
bar|VCYT|2026-07-29|56.03|57.55|55.0701|55.71|928770|
bar|VCYT|2026-07-30|55.36|59.96|54.73|59.78|1540706|
bar|VCYT|2026-07-31|48.77|50.17|43.52|46.32|5993765|
bar|VCYT|2026-08-03|46.36|47.32|44.805|44.85|1991397|
bar|VCYT|2026-08-04|44.84|46.57|43.09|46.41|1985963|
bar|VCYT|2026-08-05|46.07|47.96|45.92|46.15|1221101|
bar|VCYT|2026-08-06|45.8|46.53|45.16|46.15|939447|
bar|VCYT|2026-08-07|47|47.8|46.2101|47.22|787412|
bar|VCYT|2026-08-10|46.87|47.75|46.12|46.27|749390|
bar|VCYT|2026-08-11|46.07|46.67|45.72|46.41|550150|
bar|VCYT|2026-08-12|46.545|46.76|44.28|44.68|860639|
bar|VCYT|2026-08-13|45.23|45.23|42.51|42.6|1453266|
bar|VCYT|2026-08-14|42.54|43.125|41|41.25|1666382|
bar|VCYT|2026-08-17|40.96|42.5|40.96|42.08|1527526|
bar|VCYT|2026-08-18|41.8|42.35|40.35|40.68|1142966|
bar|VCYT|2026-08-19|41.92|42.52|40.095|42.19|1721438|
bar|VCYT|2026-08-20|41.67|42.445|41.05|41.79|974591|
bar|VCYT|2026-08-21|42.18|42.54|41.1|42.31|1005479|
bar|VCYT|2026-08-24|42|42.067|41.02|41.47|1156948|
bar|VCYT|2026-08-25|42.01|44.1|41.805|44.04|1153416|
bar|VCYT|2026-08-26|43.78|44.52|43.25|44.29|2181425|
bar|VCYT|2026-08-27|44.2|45.5|44.19|45.25|1243377|
bar|VCYT|2026-08-28|45.205|45.55|43.32|43.34|1684022|
bar|VCYT|2026-08-31|42.33|43.335|41.6|43.19|1410006|
bar|VCYT|2026-09-01|42.97|43.74|42.28|43.43|872318|
bar|VCYT|2026-09-02|43.51|45.65|43.48|44.88|1357584|
bar|VCYT|2026-09-03|45.36|45.99|44.12|44.67|673666|
bar|VCYT|2026-09-04|44.21|44.81|42.43|42.53|992020|
bar|VCYT|2026-09-08|41.81|43.28|41.57|42.45|944169|
bar|VCYT|2026-09-09|42.79|44.2|42.385|43.86|1449695|
bar|VCYT|2026-09-10|43.18|43.7799|41.64|42.03|849387|
bar|VCYT|2026-09-11|42.61|42.66|40.79|40.87|1001617|
bar|VCYT|2026-09-14|41.17|41.403|40.5|41.21|1032465|
bar|VCYT|2026-09-15|40.83|42.36|39.095|40.14|1738410|
bar|VCYT|2026-09-16|40.36|41.45|38.245|38.5|1620244|
bar|VCYT|2026-09-17|39.67|40.7|38.8|40.57|1435883|
bar|VCYT|2026-09-18|40.41|41.05|39.55|39.795|2667593|
bar|VCYT|2026-09-21|40|41.9789|39.395|41.52|1470114|
bar|VCYT|2026-09-22|41.76|43.74|41.3151|43.36|1472388|
bar|VCYT|2026-09-23|42.95|43.86|42.25|43.82|1525536|
bar|VCYT|2026-09-24|43.66|48.95|43.51|48.54|2879829|
bar|VCYT|2026-09-25|49|49|45.36|45.43|1684928|
bar|VCYT|2026-09-28|45.04|47.52|44.47|45.23|1669822|
bar|VCYT|2026-09-29|46|47.52|45.21|46.08|1570097|
bar|VCYT|2026-09-30|45.93|46.78|45.6|46.04|1183944|
bar|VCYT|2026-10-01|45.66|47.14|44.18|44.19|1426561|
bar|VCYT|2026-10-02|44.94|46.09|44.41|45.81|1043215|
bar|VCYT|2026-10-05|45.75|47.785|45|47.67|1288851|
bar|VCYT|2026-10-06|48|48.84|44.0872|44.65|1726900|
bar|VCYT|2026-10-07|44.04|44.21|42.34|43.16|1211702|
bar|VCYT|2026-10-08|42.5|43.67|41.215|43.6|1221548|
bar|VCYT|2026-10-09|43.705|46.17|43.5|45.23|966523|
bar|WDAY|2026-05-01|129.09|131|121.24|126.96|6016814|
bar|WDAY|2026-05-04|127.33|131|126.19|127.89|3460108|
bar|WDAY|2026-05-05|127.225|128.97|124.31|128.875|3857918|
bar|WDAY|2026-05-06|126.85|127.295|121.09|122.63|4673307|
bar|WDAY|2026-05-07|125.72|133.36|125.72|130.88|5827237|
bar|WDAY|2026-05-08|125.7|127.885|123.16|127.83|4251019|
bar|WDAY|2026-05-11|126.75|128.98|120.55|121.42|3577647|
bar|WDAY|2026-05-12|122.53|124|118.4801|118.62|2813815|
bar|WDAY|2026-05-13|115.56|117.36|112.545|116.5|5156642|
bar|WDAY|2026-05-14|116.785|120.77|115.3|118.75|3839927|
bar|WDAY|2026-05-15|119.965|125.59|119.965|125.01|5158440|
bar|WDAY|2026-05-18|123.09|130.8041|123.09|128.88|4606178|
bar|WDAY|2026-05-19|132.8|135.93|128.08|129.34|4476282|
bar|WDAY|2026-05-20|124.81|127.43|122.205|126.61|6034567|
bar|WDAY|2026-05-21|121.51|122.945|119.04|121.85|8250606|
bar|WDAY|2026-05-22|128.74|133.71|125.16|128.14|10776790|
bar|WDAY|2026-05-26|126.07|127.06|122.18|124.02|4480064|
bar|WDAY|2026-05-27|121.99|129.26|121.7147|124.5|3578746|
bar|WDAY|2026-05-28|126.725|131.47|124.0201|130.01|5584620|
bar|WDAY|2026-05-29|133.625|146.52|132.275|146.19|11051100|
bar|WDAY|2026-06-01|152|158.64|149.06|157.23|9293744|
bar|WDAY|2026-06-02|148.6|152.01|143.85|148.88|5394258|
bar|WDAY|2026-06-03|147.56|147.56|143.04|146.9|4427860|
bar|WDAY|2026-06-04|152.68|153.48|147.85|147.91|3865149|
bar|WDAY|2026-06-05|149.32|151.5|143.53|144.28|4593811|
bar|WDAY|2026-06-08|142.5|145.48|141.14|143.76|2951120|
bar|WDAY|2026-06-09|140.29|140.79|134.83|140.23|5212500|
bar|WDAY|2026-06-10|137|141.19|136.19|137.47|3468967|
bar|WDAY|2026-06-11|134.06|136.63|130.19|130.53|5866084|
bar|WDAY|2026-06-12|129.63|131.03|125.015|130.8|6669670|
bar|WDAY|2026-06-15|131|133.875|128.6175|129.6|3493151|
bar|WDAY|2026-06-16|127.21|129.4|124.6377|126.77|5986643|
bar|WDAY|2026-06-17|125.12|128.65|121.57|121.83|4351412|
bar|WDAY|2026-06-18|119.492|121.795|116.55|116.93|11750430|
bar|WDAY|2026-06-22|115.05|120.39|111.5|113.04|6468701|
bar|WDAY|2026-06-23|117.54|118.9|113.28|115.13|4858633|
bar|WDAY|2026-06-24|114.99|120.5|113.59|118.09|3270940|
bar|WDAY|2026-06-25|115.77|119.16|113.51|113.77|3870445|
bar|WDAY|2026-06-26|116.58|125.21|115.05|124.21|10229037|
bar|WDAY|2026-06-29|126.98|127.84|122.67|123.58|3695056|
bar|WDAY|2026-06-30|121.44|123.3|119.5|122.42|2890910|
bar|WDAY|2026-07-01|128.76|131.3|126.08|130.27|3547006|
bar|WDAY|2026-07-02|130.13|136.98|130.08|135.4|4075285|
bar|WDAY|2026-07-06|132.985|138.4|129.2001|137.99|3801872|
bar|WDAY|2026-07-07|142.24|145.81|142.006|143.65|5902128|
bar|WDAY|2026-07-08|142.23|142.23|137.18|137.88|4029612|
bar|WDAY|2026-07-09|131.4|138.98|130.15|138.34|3782041|
bar|WDAY|2026-07-10|142.19|143.1|137.65|138.95|1897998|
bar|WDAY|2026-07-13|140.85|147.22|140.85|144.87|3249618|
bar|WDAY|2026-07-14|132.97|141.98|132.26|139.81|4518754|
bar|WDAY|2026-07-15|142.52|147.39|141.31|141.82|3505019|
bar|WDAY|2026-07-16|144.33|148.42|141.46|145.43|3632781|
bar|WDAY|2026-07-17|144.955|149.88|142.36|144.78|3930188|
bar|WDAY|2026-07-20|140.48|147.83|139.13|147.22|2630770|
bar|WDAY|2026-07-21|139.01|144.99|139.01|141.17|4024672|
bar|WDAY|2026-07-22|142.18|142.18|131.93|132.42|4273834|
bar|WDAY|2026-07-23|135.86|136.33|127.11|127.87|4420565|
bar|WDAY|2026-07-24|130.49|136|130.49|135.34|3447267|
bar|WDAY|2026-07-27|141.55|150.24|140.19|147.54|6866015|
bar|WDAY|2026-07-28|151.525|160.55|151.06|159.69|7394261|
bar|WDAY|2026-07-29|159.79|170.4|158.99|168.01|7226422|
bar|WDAY|2026-07-30|158.02|160.99|149.54|158.11|6808389|
bar|WDAY|2026-07-31|155.48|160.89|152.1|160.34|4086418|
bar|WDAY|2026-08-03|165.84|169.67|161.6401|165.05|4044897|
bar|WDAY|2026-08-04|162.93|172.15|162.28|171.28|3378421|
bar|WDAY|2026-08-05|173.64|174|168.87|170.635|2250720|
bar|WDAY|2026-08-06|163.71|171.4|163.05|170.24|3541993|
bar|WDAY|2026-08-07|174.3|182.72|174.28|179.64|3298194|
bar|WDAY|2026-08-10|176.98|185.82|176.2|184.19|4317615|
bar|WDAY|2026-08-11|181.03|185.03|179.28|181.27|3071075|
bar|WDAY|2026-08-12|175.86|178.53|173.165|175.29|4319978|
bar|WDAY|2026-08-13|177.44|227.49|174.595|206.45|15468065|
bar|WDAY|2026-08-14|207.85|208|195.01|198.68|8072250|
bar|WDAY|2026-08-17|192.49|195.3349|189.31|191.18|4523070|
bar|WDAY|2026-08-18|195.3|195.7799|190.43|190.635|3774395|
bar|WDAY|2026-08-19|190.34|200.79|189.46|198.42|4833923|
bar|WDAY|2026-08-20|197.64|200.37|194.78|197.32|3121349|
bar|WDAY|2026-08-21|197.67|201.55|194.79|200.01|3426804|
bar|WDAY|2026-08-24|199.7|202.76|198.48|199.15|2660076|
bar|WDAY|2026-08-25|196.18|198.38|193.7|194.42|3487361|
bar|WDAY|2026-08-26|188.18|193.6|188.052|190.75|3204655|
bar|WDAY|2026-08-27|195.4|200|189.79|193.57|7353217|
bar|WDAY|2026-08-28|190.68|207.8399|189.2486|204.72|8655111|
bar|WDAY|2026-08-31|201.07|203.64|196.6|197.45|4611739|
bar|WDAY|2026-09-01|196.36|205.3729|195.95|198.38|3642320|
bar|WDAY|2026-09-02|198.22|205.695|197.38|200.87|2774815|
bar|WDAY|2026-09-03|204.99|211.83|203|206.92|2980241|
bar|WDAY|2026-09-04|206.94|206.94|195.4|195.79|2848337|
bar|WDAY|2026-09-08|191.97|192.1791|184.62|186.28|2832387|
bar|WDAY|2026-09-09|185.2|187.245|183.535|186.05|2307998|
bar|WDAY|2026-09-10|185.77|188.056|183.74|185.09|2407923|
bar|WDAY|2026-09-11|185.42|188.57|184.27|185.7|1845720|
bar|WDAY|2026-09-14|191.73|195.92|189.1701|194.21|2885677|
bar|WDAY|2026-09-15|191.5|194.76|190.19|190.67|1981662|
bar|WDAY|2026-09-16|186.875|189.91|186.32|187.76|1926284|
bar|WDAY|2026-09-17|187.72|201|183.605|199.28|4246279|
bar|WDAY|2026-09-18|199.32|199.5|193.23|193.87|7799404|
bar|WDAY|2026-09-21|194.12|196.48|191.6475|191.92|2023172|
bar|WDAY|2026-09-22|196.29|197|187.72|188.23|1976283|
bar|WDAY|2026-09-23|189.52|193.92|187.5|192.38|1989578|
bar|WDAY|2026-09-24|194.28|195.74|189.7125|190.99|1248851|
bar|WDAY|2026-09-25|190.16|192.0652|188.75|189.45|1113498|
bar|WDAY|2026-09-28|184.45|190.94|181.47|188.6|2132513|
bar|WDAY|2026-09-29|187.1|189.34|185|189.17|1805818|
bar|WDAY|2026-09-30|186.95|191.99|186.78|190.46|2109563|
bar|WDAY|2026-10-01|195.3|195.75|183.09|186.75|2451867|
bar|WDAY|2026-10-02|187.56|188.61|185.21|186.14|1425583|
bar|WDAY|2026-10-05|186|190.22|182.61|188.96|2176385|
bar|WDAY|2026-10-06|189.13|189.895|184.08|186.55|1948083|
bar|WDAY|2026-10-07|186.83|189.86|183.76|184.26|1519069|
bar|WDAY|2026-10-08|184.08|188.27|183.67|187.81|2342142|
bar|WDAY|2026-10-09|190|191.375|185.635|186.59|1857605|
bar|XHLD|2026-05-01|1.42|1.42|1.0701|1.22|67149|
bar|XHLD|2026-05-04|1.2853|1.42|1.2601|1.37|65761|
bar|XHLD|2026-05-05|1.34|1.35|1.3001|1.34|17245|
bar|XHLD|2026-05-06|1.34|1.36|1.31|1.32|16830|
bar|XHLD|2026-05-07|1.35|1.42|1.3201|1.41|28236|
bar|XHLD|2026-05-08|1.38|1.39|1.35|1.38|21046|
bar|XHLD|2026-05-11|1.33|1.335|1.1801|1.2801|47749|
bar|XHLD|2026-05-12|1.27|1.275|1.2073|1.24|13109|
bar|XHLD|2026-05-13|1.23|1.66|1.23|1.41|322370|
bar|XHLD|2026-05-14|1.45|1.5467|1.4161|1.5|90303|
bar|XHLD|2026-05-15|1.48|1.48|1.34|1.34|59661|
bar|XHLD|2026-05-18|1.34|1.38|1.34|1.375|14216|
bar|XHLD|2026-05-19|1.38|1.39|1.29|1.3|26667|
bar|XHLD|2026-05-20|1.3|1.35|1.28|1.33|13758|
bar|XHLD|2026-05-21|1.295|1.39|1.295|1.38|11696|
bar|XHLD|2026-05-22|1.37|1.41|1.36|1.39|10510|
bar|XHLD|2026-05-26|1.35|1.41|1.31|1.41|15693|
bar|XHLD|2026-05-27|1.39|1.44|1.3801|1.43|7704|
bar|XHLD|2026-05-28|1.42|1.47|1.42|1.45|20942|
bar|XHLD|2026-05-29|1.42|1.47|1.42|1.42|26541|
bar|XHLD|2026-06-01|1.4|1.4196|1.35|1.35|17296|
bar|XHLD|2026-06-02|1.37|1.4|1.34|1.35|18856|
bar|XHLD|2026-06-03|1.31|1.36|1.31|1.36|19566|
bar|XHLD|2026-06-04|1.31|1.36|1.3|1.3|8891|
bar|XHLD|2026-06-05|1.3084|1.48|1.27|1.43|45950|
bar|XHLD|2026-06-08|1.46|1.5199|1.26|1.27|59998|
bar|XHLD|2026-06-09|1.28|1.29|1.2|1.2|50180|
bar|XHLD|2026-06-10|1.2101|1.27|1.06|1.1|225559|
bar|XHLD|2026-06-11|1.1|1.26|1.0601|1.22|227651|
bar|XHLD|2026-06-12|1.19|1.46|1.155|1.35|124572|
bar|XHLD|2026-06-15|1.3535|1.445|1.34|1.42|43761|
bar|XHLD|2026-06-16|1.48|1.48|1.3501|1.39|26680|
bar|XHLD|2026-06-17|1.37|1.48|1.37|1.39|25341|
bar|XHLD|2026-06-18|1.42|1.42|1.26|1.26|32408|
bar|XHLD|2026-06-22|1.25|1.3857|1.25|1.25|11681|
bar|XHLD|2026-06-23|1.275|1.275|1.23|1.23|11475|
bar|XHLD|2026-06-24|1.21|1.25|1.21|1.23|11922|
bar|XHLD|2026-06-25|1.25|1.25|1.19|1.21|14475|
bar|XHLD|2026-06-26|1.3|1.3|1.24|1.26|12960|
bar|XHLD|2026-06-29|1.3|1.76|1.3|1.64|283165|
bar|XHLD|2026-06-30|1.61|2.22|1.61|1.89|1260981|
bar|XHLD|2026-07-01|1.91|2.09|1.8801|2.03|169777|
bar|XHLD|2026-07-02|2.05|2.21|1.9999|2.085|2064663|
bar|XHLD|2026-07-06|2.02|2.045|1.8608|1.88|56560|
bar|XHLD|2026-07-07|1.82|2.275|1.75|2.13|1451600|
bar|XHLD|2026-07-08|2.09|2.15|1.9679|2.01|56932|
bar|XHLD|2026-07-09|1.96|2.08|1.96|2.06|1057249|
bar|XHLD|2026-07-10|1.97|2.04|1.81|2.04|1443551|
bar|XHLD|2026-07-13|2.08|2.08|1.91|2|33132|
bar|XHLD|2026-07-14|1.98|2.3|1.95|2.14|1036280|
bar|XHLD|2026-07-15|2.16|2.21|2|2.07|38537|
bar|XHLD|2026-07-16|2.05|2.2|1.98|2.01|47725|
bar|XHLD|2026-07-17|2.03|2.19|1.91|2.11|1004588|
bar|XHLD|2026-07-20|2.12|2.1437|2.02|2.02|15533|
bar|XHLD|2026-07-21|2.01|2.0499|1.99|2.02|25854|
bar|XHLD|2026-07-22|1.98|2.21|1.93|2.09|834042|
bar|XHLD|2026-07-23|2.06|2.26|2.03|2.09|2691335|
bar|XHLD|2026-07-24|2.1|2.1057|1.805|1.86|238287|
bar|XHLD|2026-07-27|1.82|1.82|1.585|1.66|247908|
bar|XHLD|2026-07-28|1.63|1.63|1.48|1.53|96702|
bar|XHLD|2026-07-29|1.53|1.53|1.22|1.25|186911|
bar|XHLD|2026-07-30|1.21|1.21|1.09|1.09|113200|
bar|XHLD|2026-07-31|1.08|1.0989|0.9799|1|229258|
bar|XHLD|2026-08-03|0.97|0.97|0.87|0.8997|200981|
bar|XHLD|2026-08-04|0.9|0.9299|0.87|0.9109|92603|
bar|XHLD|2026-08-05|0.96|0.96|0.7644|0.797|77836|
bar|XHLD|2026-08-06|0.81|5.42|0.76995|2.81|68978111|
bar|XHLD|2026-08-07|1.72|3.53|1.72|2.02|17627007|
bar|XHLD|2026-08-10|2.95|4.69|2.64|3.11|54193509|
bar|XHLD|2026-08-11|3.25|3.78|2.91|3.57|4325623|
bar|XHLD|2026-08-12|3.95|6.26|3.93|5.35|21791358|
bar|XHLD|2026-08-13|5.12|6.0599|5.06|5.495|2477623|
bar|XHLD|2026-08-14|5.6|6.3|5.4|5.88|1327971|
bar|XHLD|2026-08-17|5.99|7.7|5.905|7.36|1584744|
bar|XHLD|2026-08-18|7|7.0853|6.19|6.59|474209|
bar|XHLD|2026-08-19|6.46|8.3|6.325|7.64|779481|
bar|XHLD|2026-08-20|7.64|8.24|7.2|7.51|1292898|
bar|XHLD|2026-08-21|7.6|7.9|7.13|7.66|1929467|
bar|XHLD|2026-08-24|7.63|8.12|7.4118|7.65|2572531|
bar|XHLD|2026-08-25|7.65|8.76|7.44|8.51|1305980|
bar|XHLD|2026-08-26|8.48|8.5536|8.21|8.55|1013111|
bar|XHLD|2026-08-27|8.6|9.5499|8.1|8.28|6125697|
bar|XHLD|2026-08-28|8.245|10.4799|8.01|9.3|5765821|
bar|XHLD|2026-08-31|9.34|10.0891|8.8|9.09|5749232|
bar|XHLD|2026-09-01|8.91|9.59|8.8|9.42|1591441|
bar|XHLD|2026-09-02|9.19|9.5|9.06|9.24|700662|
bar|XHLD|2026-09-03|9.26|9.5|9.06|9.23|6508924|
bar|XHLD|2026-09-04|9.27|9.4|9.1|9.24|1852471|
bar|XHLD|2026-09-08|9.25|9.43|9.1|9.38|440606|
bar|XHLD|2026-09-09|9.57|12.155|9.31|10.51|3801574|
bar|XHLD|2026-09-10|10.49|11|10.3|10.84|3491674|
bar|XHLD|2026-09-11|10.71|13.8399|10.54|12.53|3815595|
bar|XHLD|2026-09-14|12.42|15.4266|8.1|8.92|4920333|
bar|XHLD|2026-09-15|8.51|10.2|8.35|9.43|6077527|
bar|XHLD|2026-09-16|9.5|9.8899|9.17|9.65|5495205|
bar|XHLD|2026-09-17|9.48|9.8199|9.35|9.72|5752082|
bar|XHLD|2026-09-18|9.7|10|9.61|9.84|6818215|
bar|XHLD|2026-09-21|9.81|10.54|9.65|10.46|2874528|
bar|XHLD|2026-09-22|10.35|12.92|10.1|11.73|2883978|
bar|XHLD|2026-09-23|11.4|12.93|11.01|12.08|2473747|
bar|XHLD|2026-09-24|12.14|12.75|12.08|12.7|1977713|
bar|XHLD|2026-09-25|12.7|13.6|12.7|12.95|1288281|
bar|XHLD|2026-09-28|12.81|12.97|0.81|0.978|22211091|
bar|XHLD|2026-09-29|0.7|0.8455|0.6471|0.7432|8052020|
bar|XHLD|2026-09-30|0.729|0.7325|0.6159|0.6482|3636842|
bar|XHLD|2026-10-01|0.6071|0.6071|0.501|0.5518|3582348|
bar|XHLD|2026-10-02|0.52|0.56|0.48|0.488292|2010537|
bar|XHLD|2026-10-05|0.4319|0.46|0.4|0.411|1787860|
bar|XHLD|2026-10-06|0.425|0.8098|0.425|0.623|147389106|
bar|XHLD|2026-10-07|0.52|0.6196|0.5|0.5486|3657664|
bar|XHLD|2026-10-08|0.5689|0.5865|0.5228|0.55|1509560|
bar|XHLD|2026-10-09|0.53|0.5496|0.47009|0.4847|761512|
bar|ZBIO|2026-05-01|19.23|19.87|18.63|19.36|793347|
bar|ZBIO|2026-05-04|19.47|21.9|19.06|21.56|920094|
bar|ZBIO|2026-05-05|21.68|22.15|20.27|20.76|398563|
bar|ZBIO|2026-05-06|20.77|21.06|20.27|20.83|352574|
bar|ZBIO|2026-05-07|20.83|20.9499|18.94|19.27|448451|
bar|ZBIO|2026-05-08|19.27|20|19.01|19.64|289144|
bar|ZBIO|2026-05-11|19.975|21.09|19.75|20.4|384479|
bar|ZBIO|2026-05-12|20.4|20.45|19.11|19.16|296916|
bar|ZBIO|2026-05-13|19.6|20.22|18.99|19.93|516383|
bar|ZBIO|2026-05-14|20.1|20.2317|18.8|18.9|510400|
bar|ZBIO|2026-05-15|18.45|18.56|17.385|18.34|640884|
bar|ZBIO|2026-05-18|18.36|18.64|16.41|16.91|1162655|
bar|ZBIO|2026-05-19|17.92|18.255|17.02|17.84|659030|
bar|ZBIO|2026-05-20|18.22|19.665|17.85|19.56|568911|
bar|ZBIO|2026-05-21|19.35|20.19|19.195|19.84|531507|
bar|ZBIO|2026-05-22|19.99|20.16|18.94|18.97|342230|
bar|ZBIO|2026-05-26|19.24|19.27|18.61|18.73|406529|
bar|ZBIO|2026-05-27|18.68|19|18|18.09|321526|
bar|ZBIO|2026-05-28|18.28|19.21|17.7|18.56|733726|
bar|ZBIO|2026-05-29|18.56|19|18.14|18.4|724693|
bar|ZBIO|2026-06-01|18.2|18.6|17.34|18.17|636660|
bar|ZBIO|2026-06-02|17.78|18.115|16.9|17.13|632553|
bar|ZBIO|2026-06-03|17.29|17.783|17.05|17.4|415689|
bar|ZBIO|2026-06-04|17.47|19|17.4|18.38|508432|
bar|ZBIO|2026-06-05|18.33|18.92|17.4|17.47|493765|
bar|ZBIO|2026-06-08|17.5|17.9|16.77|17.61|504605|
bar|ZBIO|2026-06-09|17.79|18.548|17.38|18.42|334256|
bar|ZBIO|2026-06-10|18.42|18.9999|17.7401|17.91|432797|
bar|ZBIO|2026-06-11|18.07|18.39|17.53|17.76|606933|
bar|ZBIO|2026-06-12|17.78|20.1|17.77|19.8|1322073|
bar|ZBIO|2026-06-15|20.61|20.87|18.27|18.71|511845|
bar|ZBIO|2026-06-16|18.76|19.425|17.87|18.19|392132|
bar|ZBIO|2026-06-17|18.29|19.125|18.06|18.58|602622|
bar|ZBIO|2026-06-18|18.93|19.88|18.72|19.78|2128154|
bar|ZBIO|2026-06-22|20.2|20.97|19.99|20.8|643181|
bar|ZBIO|2026-06-23|20.54|21.25|20.18|20.205|513353|
bar|ZBIO|2026-06-24|20.23|22.05|20.1284|21.8|788343|
bar|ZBIO|2026-06-25|21.96|24.92|21.94|24.67|1590388|
bar|ZBIO|2026-06-26|24.26|26|23.9003|25.87|3499184|
bar|ZBIO|2026-06-29|25.87|25.94|24.76|25.55|1229157|
bar|ZBIO|2026-06-30|25.9|25.9|25.13|25.38|867657|
bar|ZBIO|2026-07-01|25.49|29|25.48|28|2442957|
bar|ZBIO|2026-07-02|28.08|29.25|27.09|27.23|1382051|
bar|ZBIO|2026-07-06|26.9|27.54|26.41|26.45|577209|
bar|ZBIO|2026-07-07|26.49|27.9|25.88|27.68|896990|
bar|ZBIO|2026-07-08|27.36|28.84|26.55|28.765|795845|
bar|ZBIO|2026-07-09|28.77|29.9999|28.76|29.43|671147|
bar|ZBIO|2026-07-10|29.43|29.43|26.95|28.74|947573|
bar|ZBIO|2026-07-13|28.23|28.69|27.34|27.88|810076|
bar|ZBIO|2026-07-14|28.42|28.94|27.39|28.78|684299|
bar|ZBIO|2026-07-15|28.46|29.48|27.46|29.41|575404|
bar|ZBIO|2026-07-16|29.36|29.58|27.52|28.24|878238|
bar|ZBIO|2026-07-17|28.07|30.26|27.705|29.53|718796|
bar|ZBIO|2026-07-20|29.68|31.62|29.01|30.7|883399|
bar|ZBIO|2026-07-21|31|34.05|30.77|32.36|1624221|
bar|ZBIO|2026-07-22|32.15|32.35|31.0101|31.49|1246472|
bar|ZBIO|2026-07-23|31.04|31.555|30.3|30.99|402039|
bar|ZBIO|2026-07-24|31.3|31.3|30.09|30.39|558913|
bar|ZBIO|2026-07-27|30.91|33.42|30.85|32.82|1143202|
bar|ZBIO|2026-07-28|32.64|33.3|31.81|32.29|773056|
bar|ZBIO|2026-07-29|32.43|32.43|30.25|31.09|625600|
bar|ZBIO|2026-07-30|31.37|32.96|30.75|32.27|737774|
bar|ZBIO|2026-07-31|32.69|32.95|30.6|31.44|452226|
bar|ZBIO|2026-08-03|32.075|32.18|30.33|31.13|429200|
bar|ZBIO|2026-08-04|31.09|31.73|30.4501|31.42|378123|
bar|ZBIO|2026-08-05|31.93|32.38|31.23|31.86|410965|
bar|ZBIO|2026-08-06|31.51|33|31.32|32.17|644068|
bar|ZBIO|2026-08-07|32.85|33.08|31.65|32.43|263876|
bar|ZBIO|2026-08-10|32.24|32.695|31.605|31.99|409850|
bar|ZBIO|2026-08-11|31.43|32.88|30.71|32.44|1071473|
bar|ZBIO|2026-08-12|32.05|32.9734|31.12|31.29|461554|
bar|ZBIO|2026-08-13|30.39|31|27.81|29.2|881356|
bar|ZBIO|2026-08-14|28.76|30.31|28.163|29.51|630043|
bar|ZBIO|2026-08-17|29.95|30.81|28.72|30.5|490105|
bar|ZBIO|2026-08-18|30.22|31.96|30.22|31.91|657790|
bar|ZBIO|2026-08-19|32.8|32.8899|30.92|31.25|2702684|
bar|ZBIO|2026-08-20|30.72|32.2|29.5|31.62|1172544|
bar|ZBIO|2026-08-21|31.83|32.79|31.45|32.29|808695|
bar|ZBIO|2026-08-24|32.4|32.48|30.95|31.65|465380|
bar|ZBIO|2026-08-25|32|33.78|31.645|33.77|625706|
bar|ZBIO|2026-08-26|33.8|33.99|31.91|33.04|651576|
bar|ZBIO|2026-08-27|32.81|33.69|32.38|32.62|658972|
bar|ZBIO|2026-08-28|32.27|32.38|31.19|31.27|439130|
bar|ZBIO|2026-08-31|31.51|32.77|29.88|32.32|527733|
bar|ZBIO|2026-09-01|32.2|32.73|31.55|31.98|432253|
bar|ZBIO|2026-09-02|32.21|33.395|31.93|33.13|757480|
bar|ZBIO|2026-09-03|33.42|33.66|32.365|32.92|515109|
bar|ZBIO|2026-09-04|32.66|33.29|32.381|32.88|452688|
bar|ZBIO|2026-09-08|32.65|33.84|32.305|33.05|440950|
bar|ZBIO|2026-09-09|33.02|33.525|32.085|32.29|385382|
bar|ZBIO|2026-09-10|31.88|31.89|30.73|31.1|646937|
bar|ZBIO|2026-09-11|31.48|32.315|31.12|31.12|421676|
bar|ZBIO|2026-09-14|31|32|30.66|31.91|634337|
bar|ZBIO|2026-09-15|32.06|32.06|30.27|31.93|684519|
bar|ZBIO|2026-09-16|31.89|33.23|31.585|32.32|746155|
bar|ZBIO|2026-09-17|32.78|33.48|31.55|31.97|527840|
bar|ZBIO|2026-09-18|32.04|32.04|31.25|31.5|2514836|
bar|ZBIO|2026-09-21|31.62|33.19|31|32.55|414499|
bar|ZBIO|2026-09-22|32.55|33.8444|32.15|33.05|421007|
bar|ZBIO|2026-09-23|33.09|33.09|29.53005|29.63|525063|
bar|ZBIO|2026-09-24|29.51|30.12|25.7|27.5|962570|
bar|ZBIO|2026-09-25|27.44|28.5|25.9|26.95|747843|
bar|ZBIO|2026-09-28|27.07|28.23|26.455|27.55|615327|
bar|ZBIO|2026-09-29|27.3|27.615|26.18|26.76|440627|
bar|ZBIO|2026-09-30|26.99|28.38|26.54|26.97|623231|
bar|ZBIO|2026-10-01|26.89|29.23|26.5525|27.94|881852|
bar|ZBIO|2026-10-02|28.47|29.2|27.84|28.295|1770413|
bar|ZBIO|2026-10-05|28.47|29.06|27.77|27.83|1131909|
bar|ZBIO|2026-10-06|27.87|28.14|26.28|26.94|355841|
bar|ZBIO|2026-10-07|26.89|28.86|26.775|28.18|509061|
bar|ZBIO|2026-10-08|27.98|27.98|25.51|26.24|557421|
bar|ZBIO|2026-10-09|26.18|27.64|26.18|27.26|429604|
row|ABVX|2026-07-01|unqualified||2026-06-30|0||base_age_0_below_3
row|ABVX|2026-07-02|unqualified||2026-06-30|1||base_age_1_below_3
row|ABVX|2026-07-03|unqualified||2026-06-30|1||base_age_1_below_3
row|ABVX|2026-07-06|unqualified||2026-07-02|0||base_age_0_below_3
row|ABVX|2026-07-07|unqualified||2026-07-02|1||base_age_1_below_3
row|ABVX|2026-07-08|unqualified||2026-07-02|2||base_age_2_below_3
row|ABVX|2026-07-09|unqualified||2026-07-02|3|147.98|ma_stack_not_stage2_126.2/112.3/114.5
row|ABVX|2026-07-10|unqualified||2026-07-02|4|147.98|ma_stack_not_stage2_130.9/114.3/115.1
row|ABVX|2026-07-13|INVALIDATED||2026-07-02|5|147.98|close_135.98_below_base_low_close_138.54
row|ABVX|2026-07-14|INVALIDATED||2026-07-02|6|147.98|close_134.91_below_base_low_close_135.98
row|ABVX|2026-07-15|TIGHTENING||2026-07-02|7|147.98|range_0.81 vol_0.85 fresh
row|ABVX|2026-07-16|TIGHTENING|WATCH|2026-07-02|8|147.98|runup_110% base_8d close_vs_pivot_-6.1%
row|ABVX|2026-07-17|TIGHTENING|WATCH|2026-07-02|9|147.98|runup_110% base_9d close_vs_pivot_-6.8%
row|ABVX|2026-07-20|INVALIDATED||2026-07-02|10|147.98|close_131.50_below_base_low_close_134.91
row|ABVX|2026-07-21|WATCH||2026-07-02|11|147.98|runup_110% base_11d close_vs_pivot_-8.6%
row|ABVX|2026-07-22|INVALIDATED||2026-07-02|12|147.98|close_129.73_below_base_low_close_131.50
row|ABVX|2026-09-11|unqualified|||||adr_3.3pct_below_4pct
row|AMLX|2026-07-01|unqualified||2026-06-30|0||base_age_0_below_3
row|AMLX|2026-07-02|unqualified||2026-06-30|1||base_age_1_below_3
row|AMLX|2026-07-06|unqualified||2026-06-30|2||base_age_2_below_3
row|AMLX|2026-07-07|unqualified||2026-06-30|3|18.61|runup_54%_below_90%
row|AMLX|2026-07-08|unqualified||2026-06-30|4|18.61|runup_54%_below_90%
row|AMLX|2026-07-09|unqualified||2026-06-30|5|18.61|runup_54%_below_90%
row|AMLX|2026-07-10|unqualified||2026-06-30|6|18.61|runup_54%_below_90%
row|AMLX|2026-07-14|unqualified||2026-06-30|8|18.61|runup_54%_below_90%
row|AMLX|2026-07-27|unqualified||2026-07-21|3|18.65|runup_49%_below_90%
row|AMLX|2026-07-28|unqualified||2026-07-27|0||base_age_0_below_3
row|AMLX|2026-07-29|unqualified||2026-07-28|0||base_age_0_below_3
row|AMLX|2026-07-30|unqualified||2026-07-28|1||base_age_1_below_3
row|AMLX|2026-07-31|unqualified||2026-07-30|0||base_age_0_below_3
row|AMLX|2026-08-04|unqualified||2026-07-30|2||base_age_2_below_3
row|AMLX|2026-08-05|unqualified||2026-08-04|0||base_age_0_below_3
row|AMLX|2026-08-06|unqualified||2026-08-04|1||base_age_1_below_3
row|AMLX|2026-08-07|unqualified||2026-08-06|0||base_age_0_below_3
row|AMLX|2026-08-10|unqualified||2026-08-06|1||base_age_1_below_3
row|AMLX|2026-08-11|unqualified||2026-08-06|2||base_age_2_below_3
row|AMLX|2026-08-12|unqualified||2026-08-06|3|24.6|runup_86%_below_90%
row|AMLX|2026-08-13|unqualified||2026-08-06|4|24.6|runup_86%_below_90%
row|AMLX|2026-08-14|unqualified||2026-08-06|5|24.6|runup_86%_below_90%
row|AMLX|2026-08-18|unqualified||2026-08-06|7|24.6|runup_86%_below_90%
row|AMLX|2026-08-19|unqualified||2026-08-18|0||base_age_0_below_3
row|AMLX|2026-08-20|unqualified||2026-08-19|0||base_age_0_below_3
row|AMLX|2026-08-21|unqualified||2026-08-20|0||base_age_0_below_3
row|AMLX|2026-08-24|unqualified||2026-08-20|1||base_age_1_below_3
row|AMLX|2026-08-25|unqualified||2026-08-20|2||base_age_2_below_3
row|AMLX|2026-08-26|INVALIDATED||2026-08-20|3|41.14|close_37.08_below_base_low_close_37.46
row|AMLX|2026-08-27|WATCH||2026-08-20|4|41.14|runup_145% base_4d close_vs_pivot_-8.1%
row|AMLX|2026-08-28|INVALIDATED||2026-08-20|5|41.14|close_34.74_below_base_low_close_37.08
row|AMLX|2026-08-31|INVALIDATED||2026-08-20|6|41.14|close_33.75_below_base_low_close_34.74
row|AMLX|2026-09-01|WATCH||2026-08-20|7|41.14|runup_145% base_7d close_vs_pivot_-16.4%
row|AMLX|2026-09-02|TIGHTENING||2026-08-20|8|41.14|range_1.00 vol_0.69 fresh
row|AMLX|2026-09-03|TIGHTENING||2026-08-20|9|41.14|range_0.94 vol_0.64 fresh
row|AMLX|2026-09-04|TIGHTENING||2026-08-20|10|41.14|range_0.94 vol_0.60 fresh
row|AMLX|2026-09-07|TIGHTENING||2026-08-20|10|41.14|range_0.94 vol_0.60 fresh
row|AMLX|2026-09-08|TIGHTENING||2026-08-20|11|41.14|range_0.91 vol_0.57
row|AMLX|2026-09-09|INVALIDATED||2026-08-20|12|41.14|close_32.40_below_base_low_close_33.75
row|AMLX|2026-09-10|INVALIDATED||2026-08-20|13|41.14|close_32.09_below_base_low_close_32.40
row|AMLX|2026-09-11|INVALIDATED||2026-08-20|14|41.14|close_31.62_below_base_low_close_32.09
row|APPS|2026-07-01|unqualified||2026-06-30|0||base_age_0_below_3
row|APPS|2026-07-02|unqualified||2026-06-30|1||base_age_1_below_3
row|APPS|2026-07-06|unqualified||2026-06-30|2||base_age_2_below_3
row|APPS|2026-07-07|INVALIDATED||2026-06-30|3|13.6|close_10.38_below_base_low_close_11.18
row|APPS|2026-07-08|INVALIDATED||2026-06-30|4|13.6|close_10.50_below_sma20_10.51
row|APPS|2026-07-09|unqualified||2026-06-30|5|13.6|flag_low_9.85_below_75%_of_pole_13.44
row|APPS|2026-07-10|INVALIDATED||2026-06-30|6|13.6|close_10.56_below_sma20_10.60
row|APPS|2026-07-13|INVALIDATED||2026-06-30|7|13.6|close_9.95_below_base_low_close_10.38
row|APPS|2026-07-14|INVALIDATED||2026-06-30|8|13.6|close_9.82_below_base_low_close_9.95
row|APPS|2026-08-05|unqualified||2026-06-30|24|13.6|ma_stack_not_stage2_9.0/9.2/9.5
row|APPS|2026-08-06|unqualified||2026-08-05|0||base_age_0_below_3
row|APPS|2026-08-07|unqualified||2026-08-05|1||base_age_1_below_3
row|APPS|2026-08-10|unqualified||2026-08-07|0||base_age_0_below_3
row|APPS|2026-08-11|unqualified||2026-08-07|1||base_age_1_below_3
row|APPS|2026-08-12|unqualified||2026-08-07|2||base_age_2_below_3
row|APPS|2026-08-13|WATCH||2026-08-07|3|15.06|runup_95% base_3d close_vs_pivot_-17.7%
row|APPS|2026-08-14|TIGHTENING||2026-08-07|4|15.06|range_1.00 vol_1.00 fresh
row|APPS|2026-08-17|INVALIDATED||2026-08-07|5|15.06|close_12.24_below_base_low_close_12.41
row|APPS|2026-08-18|INVALIDATED||2026-08-07|6|15.06|close_12.12_below_base_low_close_12.24
row|APPS|2026-08-19|INVALIDATED||2026-08-07|7|15.06|close_11.23_below_base_low_close_12.12
row|APPS|2026-08-20|INVALIDATED||2026-08-07|8|15.06|close_10.71_below_base_low_close_11.23
row|APPS|2026-08-21|INVALIDATED||2026-08-07|9|15.06|close_10.87_below_sma20_11.19
row|APPS|2026-08-24|INVALIDATED||2026-08-07|10|15.06|close_10.74_below_sma20_11.30
row|APPS|2026-08-25|INVALIDATED||2026-08-07|11|15.06|close_10.83_below_sma20_11.42
row|APPS|2026-09-10|unqualified||2026-08-07|22|15.06|ma_stack_not_stage2_10.9/11.2/10.7
row|APPS|2026-09-11|unqualified||2026-08-07|23|15.06|ma_stack_not_stage2_10.9/11.1/10.6
row|APPS|2026-09-14|unqualified||2026-08-07|24|15.06|ma_stack_not_stage2_11.0/11.1/10.6
row|APPS|2026-09-15|unqualified||2026-08-10|24|14.51|ma_stack_not_stage2_11.0/11.1/10.6
row|APPS|2026-09-16|unqualified||2026-08-11|24|13.49|runup_85%_below_90%
row|APPS|2026-09-21|unqualified||2026-08-14|24|12.79|runup_64%_below_90%
row|APPS|2026-09-22|unqualified||2026-08-18|23|12.24|runup_61%_below_90%
row|APPS|2026-09-23|unqualified||2026-08-18|24|12.3|runup_61%_below_90%
row|APPS|2026-09-24|unqualified||2026-09-21|2||base_age_2_below_3
row|APPS|2026-09-25|unqualified||2026-09-21|3|12.3|runup_56%_below_90%
row|APPS|2026-09-28|unqualified||2026-09-21|4|12.3|runup_56%_below_90%
row|APPS|2026-09-29|unqualified||2026-09-21|5|12.3|runup_56%_below_90%
row|APPS|2026-09-30|unqualified||2026-09-21|6|12.3|runup_56%_below_90%
row|ATAI|2026-07-01|unqualified||2026-06-30|0||base_age_0_below_3
row|ATAI|2026-07-02|unqualified||2026-06-30|1||base_age_1_below_3
row|ATAI|2026-07-03|unqualified||2026-06-30|1||base_age_1_below_3
row|ATAI|2026-07-06|unqualified||2026-06-30|2||base_age_2_below_3
row|ATAI|2026-07-07|unqualified||2026-06-30|3|5.45|runup_50%_below_90%
row|ATAI|2026-07-08|unqualified||2026-06-30|4|5.45|runup_50%_below_90%
row|ATAI|2026-07-09|unqualified||2026-06-30|5|5.45|runup_50%_below_90%
row|ATAI|2026-07-10|unqualified||2026-06-30|6|5.4575|runup_50%_below_90%
row|ATAI|2026-07-14|unqualified||2026-06-30|8|5.4575|runup_50%_below_90%
row|ATAI|2026-07-15|unqualified||2026-07-14|0||base_age_0_below_3
row|ATAI|2026-07-16|unqualified||2026-07-14|1||base_age_1_below_3
row|ATAI|2026-07-17|unqualified||2026-07-16|0||base_age_0_below_3
row|ATAI|2026-07-20|unqualified||2026-07-16|1||base_age_1_below_3
row|ATAI|2026-07-21|unqualified||2026-07-16|2||base_age_2_below_3
row|ATAI|2026-07-22|WATCH||2026-07-16|3|7.22|runup_97% base_3d close_vs_pivot_-0.6%
row|ATAI|2026-07-23|unqualified||2026-07-16|4|7.22|mna_filter:deal_pin_fresh
row|ATAI|2026-07-24|unqualified||2026-07-16|5|7.22|mna_filter:deal_pin_fresh
row|ATAI|2026-07-27|unqualified||2026-07-16|6|7.22|mna_filter:deal_pin_fresh
row|ATAI|2026-07-28|unqualified||2026-07-16|7|7.22|mna_filter:deal_pin_fresh
row|ATAI|2026-07-29|unqualified||2026-07-16|8|7.22|mna_filter:deal_pin_fresh
row|ATAI|2026-07-30|COILED||2026-07-16|9|7.22|range_0.44 vol_0.63 bodies_0.02/0.05
row|ATAI|2026-07-31|COILED||2026-07-16|10|7.22|range_0.44 vol_0.69 bodies_0.04/0.02
row|ATAI|2026-08-04|unqualified|||||adr_3.0pct_below_4pct
row|ATAI|2026-08-05|unqualified|||||adr_2.7pct_below_4pct
row|ATAI|2026-09-01|unqualified|||||adr_0.8pct_below_4pct
row|ATAI|2026-09-02|unqualified|||||adr_0.8pct_below_4pct
row|ATAI|2026-09-03|unqualified|||||adr_0.9pct_below_4pct
row|ATAI|2026-09-04|unqualified|||||adr_0.9pct_below_4pct
row|ATAI|2026-09-09|unqualified|||||adr_1.0pct_below_4pct
row|ATAI|2026-09-10|unqualified|||||adr_1.0pct_below_4pct
row|BWIN|2026-07-01|unqualified||2026-06-26|2||base_age_2_below_3
row|BWIN|2026-07-02|unqualified||2026-07-01|0||base_age_0_below_3
row|BWIN|2026-07-06|unqualified||2026-07-02|0||base_age_0_below_3
row|BWIN|2026-07-07|unqualified||2026-07-02|1||base_age_1_below_3
row|BWIN|2026-07-08|unqualified||2026-07-02|2||base_age_2_below_3
row|BWIN|2026-07-09|unqualified||2026-07-02|3|28.225|runup_69%_below_90%
row|BWIN|2026-07-10|unqualified||2026-07-02|4|28.225|runup_69%_below_90%
row|BWIN|2026-07-13|unqualified||2026-07-02|5|28.225|runup_69%_below_90%
row|BWIN|2026-07-16|unqualified||2026-07-02|8|28.225|runup_69%_below_90%
row|BWIN|2026-08-05|unqualified||2026-08-03|1||base_age_1_below_3
row|BWIN|2026-08-11|unqualified||2026-08-03|5|29.98|runup_78%_below_90%
row|BWIN|2026-08-12|unqualified||2026-08-03|6|29.98|runup_78%_below_90%
row|BWIN|2026-08-13|unqualified||2026-08-12|0||base_age_0_below_3
row|BWIN|2026-08-14|unqualified||2026-08-12|1||base_age_1_below_3
row|BWIN|2026-08-17|unqualified||2026-08-14|0||base_age_0_below_3
row|BWIN|2026-08-20|WATCH||2026-08-14|3|31.8|runup_93% base_3d close_vs_pivot_-3.4%
row|BWIN|2026-08-21|WATCH||2026-08-14|4|31.8|runup_93% base_4d close_vs_pivot_-2.0%
row|BWIN|2026-08-31|TIGHTENING||2026-08-14|10|32.59|range_0.67 vol_1.00
row|BWIN|2026-09-01|INVALIDATED||2026-08-14|11|32.59|close_30.26_below_sma20_30.45
row|BWIN|2026-09-02|TIGHTENING||2026-08-14|12|32.59|range_0.73 vol_0.99
row|BWIN|2026-09-03|TIGHTENING|WATCH|2026-08-14|13|32.59|runup_93% base_13d close_vs_pivot_-4.1%
row|BWIN|2026-09-04|unqualified|||||adr_3.9pct_below_4pct
row|BWIN|2026-09-07|unqualified|||||adr_3.9pct_below_4pct
row|BWIN|2026-09-08|unqualified|||||adr_4.0pct_below_4pct
row|BWIN|2026-09-14|unqualified|||||adr_3.6pct_below_4pct
row|BWIN|2026-09-15|unqualified|||||adr_3.5pct_below_4pct
row|BWIN|2026-09-16|unqualified|||||adr_3.3pct_below_4pct
row|BWIN|2026-09-17|unqualified|||||adr_3.1pct_below_4pct
row|BWIN|2026-09-18|unqualified|||||adr_3.0pct_below_4pct
row|BWIN|2026-09-21|unqualified|||||adr_2.9pct_below_4pct
row|BWIN|2026-09-22|unqualified|||||adr_2.7pct_below_4pct
row|BWIN|2026-09-23|unqualified|||||adr_2.6pct_below_4pct
row|BWIN|2026-09-24|unqualified|||||adr_2.5pct_below_4pct
row|BWIN|2026-09-25|unqualified|||||adr_2.4pct_below_4pct
row|BWIN|2026-09-28|unqualified|||||adr_2.3pct_below_4pct
row|BWIN|2026-09-29|unqualified|||||adr_2.1pct_below_4pct
row|BWIN|2026-09-30|unqualified|||||adr_1.9pct_below_4pct
row|BWIN|2026-10-01|unqualified|||||adr_1.7pct_below_4pct
row|BWIN|2026-10-02|unqualified|||||adr_1.6pct_below_4pct
row|CDNA|2026-07-01|unqualified||2026-06-26|2||base_age_2_below_3
row|CDNA|2026-07-02|unqualified||2026-06-26|3|29.58|runup_48%_below_90%
row|CDNA|2026-07-06|unqualified||2026-07-02|0||base_age_0_below_3
row|CDNA|2026-07-07|unqualified||2026-07-02|1||base_age_1_below_3
row|CDNA|2026-07-08|unqualified||2026-07-02|2||base_age_2_below_3
row|CDNA|2026-07-09|unqualified||2026-07-02|3|29.8755|runup_53%_below_90%
row|CDNA|2026-07-10|unqualified||2026-07-02|4|29.8755|runup_53%_below_90%
row|CDNA|2026-07-13|unqualified||2026-07-02|5|29.8755|runup_53%_below_90%
row|CDNA|2026-07-14|unqualified||2026-07-02|6|29.8755|runup_53%_below_90%
row|CDNA|2026-07-15|unqualified||2026-07-02|7|29.8755|runup_53%_below_90%
row|CDNA|2026-07-16|unqualified||2026-07-02|8|29.8755|runup_53%_below_90%
row|CDNA|2026-07-17|unqualified||2026-07-16|0||base_age_0_below_3
row|CDNA|2026-07-20|unqualified||2026-07-16|1||base_age_1_below_3
row|CDNA|2026-07-21|unqualified||2026-07-16|2||base_age_2_below_3
row|CDNA|2026-07-22|INVALIDATED||2026-07-16|3|40.47|close_37.78_below_base_low_close_38.37
row|CDNA|2026-07-23|INVALIDATED||2026-07-16|4|40.47|close_37.61_below_base_low_close_37.78
row|CDNA|2026-07-24|INVALIDATED||2026-07-16|5|40.47|close_37.14_below_base_low_close_37.61
row|CDNA|2026-07-27|INVALIDATED||2026-07-16|6|40.47|close_36.36_below_base_low_close_37.14
row|CDNA|2026-07-28|INVALIDATED||2026-07-16|7|40.47|close_35.75_below_base_low_close_36.36
row|CDNA|2026-07-29|INVALIDATED||2026-07-16|8|40.47|close_35.41_below_base_low_close_35.75
row|CDNA|2026-07-30|TIGHTENING||2026-07-16|9|40.47|range_0.82 vol_0.60
row|CDNA|2026-07-31|TIGHTENING|WATCH|2026-07-16|10|40.47|runup_102% base_10d close_vs_pivot_+8.2%
row|CDNA|2026-08-04|unqualified||2026-08-03|0||base_age_0_below_3
row|CDNA|2026-08-05|unqualified||2026-08-03|1||base_age_1_below_3
row|CDNA|2026-08-06|unqualified||2026-08-03|2||base_age_2_below_3
row|CDNA|2026-08-07|WATCH||2026-08-03|3|48|runup_130% base_3d close_vs_pivot_-6.2%
row|CDNA|2026-08-10|WATCH||2026-08-03|4|48|runup_130% base_4d close_vs_pivot_-5.4%
row|CDNA|2026-08-11|WATCH||2026-08-03|5|48.2936|runup_130% base_5d close_vs_pivot_-5.1%
row|CDNA|2026-08-12|WATCH||2026-08-03|6|48.2936|runup_130% base_6d close_vs_pivot_-4.9%
row|CDNA|2026-08-13|WATCH||2026-08-03|7|48.2936|runup_130% base_7d close_vs_pivot_-4.8%
row|CDNA|2026-08-14|WATCH||2026-08-03|8|48.2936|runup_130% base_8d close_vs_pivot_-8.9%
row|CDNA|2026-08-17|WATCH||2026-08-03|9|48.2936|runup_130% base_9d close_vs_pivot_-6.8%
row|CDNA|2026-08-18|TIGHTENING||2026-08-03|10|48.2936|range_0.95 vol_0.65
row|CDNA|2026-08-19|TIGHTENING||2026-08-03|11|48.2936|range_1.00 vol_0.69
row|CDNA|2026-08-20|TIGHTENING|WATCH|2026-08-03|12|48.4299|runup_130% base_12d close_vs_pivot_-5.6%
row|CDNA|2026-08-21|TIGHTENING|WATCH|2026-08-03|13|48.4299|runup_130% base_13d close_vs_pivot_-2.3%
row|CDNA|2026-08-24|TIGHTENING|WATCH|2026-08-03|14|48.72|runup_130% base_14d close_vs_pivot_-4.5%
row|CDNA|2026-08-25|TIGHTENING|WATCH|2026-08-03|15|48.72|runup_130% base_15d close_vs_pivot_+2.1%
row|CDNA|2026-08-26|unqualified||2026-08-25|0||base_age_0_below_3
row|CDNA|2026-08-27|unqualified||2026-08-25|1||base_age_1_below_3
row|CDNA|2026-08-28|unqualified||2026-08-27|0||base_age_0_below_3
row|CDNA|2026-08-31|unqualified||2026-08-27|1||base_age_1_below_3
row|CDNA|2026-09-01|unqualified||2026-08-27|2||base_age_2_below_3
row|CDNA|2026-09-02|WATCH||2026-08-27|3|52.38|runup_96% base_3d close_vs_pivot_-7.6%
row|CDNA|2026-09-03|WATCH||2026-08-27|4|52.38|runup_96% base_4d close_vs_pivot_-7.1%
row|CDNA|2026-09-04|WATCH||2026-08-27|5|52.38|runup_96% base_5d close_vs_pivot_-5.2%
row|CDNA|2026-09-08|WATCH||2026-08-27|6|52.38|runup_96% base_6d close_vs_pivot_-6.3%
row|CDNA|2026-09-09|WATCH||2026-08-27|7|52.38|runup_96% base_7d close_vs_pivot_-6.8%
row|CDNA|2026-09-10|WATCH||2026-08-27|8|52.38|runup_96% base_8d close_vs_pivot_-6.8%
row|CDNA|2026-09-11|WATCH||2026-08-27|9|52.38|runup_96% base_9d close_vs_pivot_-6.4%
row|CDNA|2026-09-14|TIGHTENING||2026-08-27|10|52.38|range_0.60 vol_1.06
row|CDNA|2026-09-15|TIGHTENING||2026-08-27|11|52.67|range_0.60 vol_0.96
row|CDNA|2026-09-16|TIGHTENING||2026-08-27|12|53.74|range_0.68 vol_0.96
row|CDNA|2026-09-17|TIGHTENING||2026-08-27|13|54.488|range_0.68 vol_0.90
row|CDNA|2026-09-18|unqualified||2026-09-16|1||base_age_1_below_3
row|CDNA|2026-09-21|unqualified||2026-09-18|0||base_age_0_below_3
row|CDNA|2026-09-22|unqualified||2026-09-18|1||base_age_1_below_3
row|CDNA|2026-09-23|unqualified||2026-09-22|0||base_age_0_below_3
row|CDNA|2026-09-24|unqualified||2026-09-22|1||base_age_1_below_3
row|CDNA|2026-09-25|unqualified||2026-09-24|0||base_age_0_below_3
row|CDNA|2026-09-28|unqualified||2026-09-25|0||base_age_0_below_3
row|CDNA|2026-09-29|unqualified||2026-09-25|1||base_age_1_below_3
row|CDNA|2026-09-30|unqualified||2026-09-25|2||base_age_2_below_3
row|CDNA|2026-10-01|unqualified||2026-09-25|3|65.63|runup_60%_below_90%
row|CDNA|2026-10-02|unqualified||2026-10-01|0||base_age_0_below_3
row|CDNA|2026-10-05|unqualified||2026-10-02|0||base_age_0_below_3
row|CDNA|2026-10-06|unqualified||2026-10-05|0||base_age_0_below_3
row|CDNA|2026-10-07|unqualified||2026-10-06|0||base_age_0_below_3
row|CDNA|2026-10-08|unqualified||2026-10-06|1||base_age_1_below_3
row|CDNA|2026-10-09|unqualified||2026-10-06|2||base_age_2_below_3
row|CHPT|2026-09-03|unqualified|||||adv_355k_below_500k_shares
row|CHPT|2026-09-04|unqualified|||||adv_358k_below_500k_shares
row|CHPT|2026-09-07|unqualified|||||adv_358k_below_500k_shares
row|CHPT|2026-09-08|unqualified|||||adv_401k_below_500k_shares
row|CHPT|2026-09-09|unqualified|||||adv_419k_below_500k_shares
row|CHPT|2026-09-10|unqualified|||||adv_419k_below_500k_shares
row|CHPT|2026-09-11|unqualified|||||adv_426k_below_500k_shares
row|CHPT|2026-09-14|unqualified|||||adv_437k_below_500k_shares
row|CHPT|2026-09-15|INVALIDATED||2026-09-04|5|10.4299|close_8.82_below_base_low_close_8.84
row|CHPT|2026-09-16|TIGHTENING||2026-09-04|6|10.4299|range_0.99 vol_0.63
row|CHPT|2026-09-17|TIGHTENING||2026-09-04|7|10.4299|range_0.80 vol_0.52
row|CHPT|2026-09-18|TIGHTENING||2026-09-04|8|10.4299|range_0.80 vol_0.51
row|CHPT|2026-09-21|unqualified||2026-09-18|0||base_age_0_below_3
row|CHPT|2026-09-22|unqualified||2026-09-18|1||base_age_1_below_3
row|CHPT|2026-09-23|unqualified||2026-09-18|2||base_age_2_below_3
row|CHPT|2026-09-29|TIGHTENING||2026-09-18|6|10.5808|range_0.70 vol_0.86
row|CHPT|2026-09-30|TIGHTENING||2026-09-18|7|10.5808|range_0.70 vol_0.77
row|CHPT|2026-10-01|TIGHTENING||2026-09-18|8|10.5808|range_0.70 vol_0.77
row|CHPT|2026-10-02|INVALIDATED||2026-09-18|9|10.5808|close_9.29_below_sma20_9.36
row|CHPT|2026-10-05|INVALIDATED||2026-09-18|10|11.26|close_8.93_below_sma20_9.31
row|CHPT|2026-10-06|INVALIDATED||2026-09-18|11|11.26|close_8.67_below_base_low_close_8.74
row|CHYM|2026-07-01|unqualified||2026-06-29|1||base_age_1_below_3
row|CHYM|2026-07-02|unqualified||2026-07-01|0||base_age_0_below_3
row|CHYM|2026-07-06|unqualified||2026-07-01|1||base_age_1_below_3
row|CHYM|2026-07-07|unqualified||2026-07-01|2||base_age_2_below_3
row|CHYM|2026-07-08|unqualified||2026-07-01|3|21.88|runup_35%_below_90%
row|CHYM|2026-07-09|unqualified||2026-07-01|4|21.88|runup_35%_below_90%
row|CHYM|2026-07-10|unqualified||2026-07-01|5|21.88|runup_35%_below_90%
row|CHYM|2026-07-13|unqualified||2026-07-07|3|22.18|runup_38%_below_90%
row|CHYM|2026-07-14|unqualified||2026-07-07|4|22.18|runup_38%_below_90%
row|CHYM|2026-07-15|unqualified||2026-07-07|5|22.18|runup_38%_below_90%
row|CHYM|2026-07-16|unqualified||2026-07-15|0||base_age_0_below_3
row|CHYM|2026-07-17|unqualified||2026-07-15|1||base_age_1_below_3
row|CHYM|2026-07-21|unqualified||2026-07-15|3|22.6|runup_43%_below_90%
row|CHYM|2026-07-31|unqualified||2026-07-17|9|22.895|runup_42%_below_90%
row|CHYM|2026-08-04|unqualified||2026-08-03|0||base_age_0_below_3
row|CHYM|2026-08-05|unqualified||2026-08-04|0||base_age_0_below_3
row|CHYM|2026-08-06|unqualified||2026-08-05|0||base_age_0_below_3
row|CHYM|2026-08-07|unqualified||2026-08-06|0||base_age_0_below_3
row|CHYM|2026-08-10|unqualified||2026-08-06|1||base_age_1_below_3
row|CHYM|2026-08-11|unqualified||2026-08-06|2||base_age_2_below_3
row|CHYM|2026-08-12|WATCH||2026-08-06|3|32.48|runup_110% base_3d close_vs_pivot_-5.4%
row|CHYM|2026-08-13|WATCH||2026-08-06|4|32.48|runup_110% base_4d close_vs_pivot_-3.7%
row|CHYM|2026-08-14|WATCH||2026-08-06|5|32.54|runup_110% base_5d close_vs_pivot_-4.2%
row|CHYM|2026-08-17|COILED||2026-08-06|6|32.55|fresh_2bar 2.7%/atr 5.4% bodies_0.25/0.12
row|CHYM|2026-08-18|COILED|TIGHTENING|2026-08-06|7|32.55|range_0.51 vol_0.71
row|CHYM|2026-08-19|TRIGGERED||2026-08-06|8|32.645|close_33.07>base_high_close_32.18 vol_2.08x
row|CHYM|2026-08-20|TRIGGERED|TIGHTENING|2026-08-06|9|33.38|range_0.51 vol_0.78
row|CHYM|2026-08-21|TRIGGERED|TIGHTENING|2026-08-06|10|33.745|range_0.85 vol_0.68
row|CHYM|2026-08-24|TRIGGERED|TIGHTENING|2026-08-06|11|33.745|range_0.85 vol_0.69
row|CHYM|2026-08-25|TRIGGERED|WATCH|2026-08-06|12|33.745|runup_110% base_12d close_vs_pivot_-0.9%
row|CHYM|2026-08-26|TRIGGERED|COILED|2026-08-06|13|33.745|range_0.66 vol_0.68 bodies_0.10/0.05
row|CHYM|2026-08-27|TRIGGERED|COILED|2026-08-06|14|33.745|range_0.60 vol_0.50 bodies_0.04/0.11
row|CHYM|2026-08-28|TRIGGERED|COILED|2026-08-06|15|33.975|range_0.60 vol_0.46 bodies_0.20/0.04
row|CHYM|2026-08-31|unqualified||2026-08-24|4|34.16|runup_71%_below_90%
row|CHYM|2026-09-02|unqualified||2026-08-24|6|34.16|runup_71%_below_90%
row|CHYM|2026-09-03|unqualified||2026-08-24|7|34.16|runup_71%_below_90%
row|CHYM|2026-09-04|unqualified|||||adr_3.9pct_below_4pct
row|CHYM|2026-09-08|unqualified|||||adr_3.9pct_below_4pct
row|CHYM|2026-09-09|unqualified|||||adr_3.9pct_below_4pct
row|CHYM|2026-09-10|unqualified|||||adr_3.9pct_below_4pct
row|CHYM|2026-09-11|unqualified|||||adr_3.9pct_below_4pct
row|CHYM|2026-09-14|unqualified||2026-09-09|2||base_age_2_below_3
row|CHYM|2026-09-15|unqualified||2026-09-09|3|34.58|runup_76%_below_90%
row|DFTX|2026-07-01|unqualified||2026-06-30|0||base_age_0_below_3
row|DFTX|2026-07-02|unqualified||2026-06-30|1||base_age_1_below_3
row|DFTX|2026-07-03|unqualified||2026-06-30|1||base_age_1_below_3
row|DFTX|2026-07-06|unqualified||2026-06-30|2||base_age_2_below_3
row|DFTX|2026-07-07|WATCH||2026-06-30|3|47.2|runup_155% base_3d close_vs_pivot_-9.6%
row|DFTX|2026-07-08|WATCH||2026-06-30|4|47.2|runup_155% base_4d close_vs_pivot_-7.9%
row|DFTX|2026-07-09|WATCH||2026-06-30|5|47.2|runup_155% base_5d close_vs_pivot_-1.5%
row|DFTX|2026-07-10|WATCH||2026-06-30|6|48.47|runup_155% base_6d close_vs_pivot_-4.3%
row|DFTX|2026-07-13|WATCH||2026-06-30|7|48.47|runup_155% base_7d close_vs_pivot_-11.3%
row|DFTX|2026-07-14|WATCH||2026-06-30|8|48.47|runup_155% base_8d close_vs_pivot_-6.5%
row|DFTX|2026-07-15|WATCH||2026-06-30|9|48.47|runup_155% base_9d close_vs_pivot_-7.2%
row|DFTX|2026-07-22|INVALIDATED||2026-06-30|14|48.5|close_43.67_below_sma20_44.90
row|DFTX|2026-08-06|unqualified||2026-07-16|14|45.42|ma_stack_not_stage2_43.3/43.9/37.0
row|DFTX|2026-08-12|unqualified||2026-08-07|2||base_age_2_below_3
row|DFTX|2026-08-13|WATCH||2026-08-07|3|47.55|runup_117% base_3d close_vs_pivot_-11.7%
row|DFTX|2026-08-14|INVALIDATED||2026-08-07|4|47.55|close_42.63_below_sma20_43.43
row|DFTX|2026-08-17|WATCH||2026-08-07|5|47.55|runup_117% base_5d close_vs_pivot_-8.9%
row|DFTX|2026-08-18|WATCH||2026-08-07|6|47.55|runup_117% base_6d close_vs_pivot_-7.1%
row|DFTX|2026-08-19|WATCH||2026-08-07|7|47.55|runup_117% base_7d close_vs_pivot_-7.8%
row|DFTX|2026-08-20|TIGHTENING||2026-08-07|8|47.55|range_0.91 vol_0.59
row|DFTX|2026-08-21|TIGHTENING||2026-08-07|9|47.55|range_0.81 vol_0.53
row|DFTX|2026-08-24|INVALIDATED||2026-08-07|10|47.55|close_43.27_below_sma20_43.96
row|DFTX|2026-08-25|TIGHTENING||2026-08-07|11|47.55|range_0.81 vol_0.48
row|DFTX|2026-08-26|INVALIDATED||2026-08-07|12|47.55|close_43.77_below_sma20_44.18
row|DFTX|2026-08-27|INVALIDATED||2026-08-07|13|47.55|close_43.82_below_sma20_44.15
row|DFTX|2026-08-28|INVALIDATED||2026-08-07|14|47.55|close_40.98_below_sma20_44.02
row|DFTX|2026-09-15|INVALIDATED||2026-08-12|22|47.29|close_36.82_below_base_low_close_37.73
row|DFTX|2026-09-16|INVALIDATED||2026-08-12|23|47.29|close_37.85_below_sma20_40.69
row|DFTX|2026-09-17|INVALIDATED||2026-08-12|24|47.29|close_38.68_below_sma20_40.33
row|DFTX|2026-09-18|unqualified||2026-08-18|21|47.29|runup_32%_below_90%
row|DFTX|2026-09-21|unqualified||2026-08-18|22|47.29|runup_32%_below_90%
row|DFTX|2026-09-22|unqualified||2026-08-18|23|47.29|runup_32%_below_90%
row|EFOR|2026-07-22|unqualified||2026-06-15|24|21.51|runup_26%_below_90%
row|EFOR|2026-07-23|unqualified||2026-07-22|0||base_age_0_below_3
row|EFOR|2026-07-24|unqualified||2026-07-22|1||base_age_1_below_3
row|EFOR|2026-07-27|unqualified||2026-07-22|2||base_age_2_below_3
row|EFOR|2026-07-28|unqualified||2026-07-27|0||base_age_0_below_3
row|EFOR|2026-07-29|unqualified||2026-07-28|0||base_age_0_below_3
row|EFOR|2026-07-30|unqualified||2026-07-29|0||base_age_0_below_3
row|EFOR|2026-07-31|unqualified||2026-07-30|0||base_age_0_below_3
row|EFOR|2026-08-04|unqualified||2026-08-03|0||base_age_0_below_3
row|EFOR|2026-08-05|unqualified||2026-08-03|1||base_age_1_below_3
row|EFOR|2026-08-06|unqualified||2026-08-05|0||base_age_0_below_3
row|EFOR|2026-08-07|unqualified||2026-08-05|1||base_age_1_below_3
row|EFOR|2026-08-10|unqualified||2026-08-07|0||base_age_0_below_3
row|EFOR|2026-08-11|unqualified||2026-08-07|1||base_age_1_below_3
row|EFOR|2026-08-12|unqualified||2026-08-07|2||base_age_2_below_3
row|EFOR|2026-08-13|WATCH||2026-08-07|3|33.73|runup_96% base_3d close_vs_pivot_+1.2%
row|EFOR|2026-08-14|INVALIDATED||2026-08-10|3|33.78|close_31.67_below_base_low_close_32.72
row|EFOR|2026-08-17|INVALIDATED||2026-08-10|4|33.78|close_30.86_below_base_low_close_31.67
row|EFOR|2026-08-18|INVALIDATED||2026-08-10|5|33.78|close_30.79_below_base_low_close_30.86
row|EFOR|2026-08-19|WATCH||2026-08-10|6|33.78|runup_100% base_6d close_vs_pivot_-5.3%
row|EFOR|2026-08-20|WATCH||2026-08-10|7|33.78|runup_100% base_7d close_vs_pivot_-4.6%
row|EFOR|2026-08-21|WATCH||2026-08-10|8|33.78|runup_100% base_8d close_vs_pivot_-3.1%
row|EFOR|2026-09-04|unqualified||2026-08-10|18|33.78|ma_stack_not_stage2_31.7/31.9/25.7
row|EFOR|2026-09-08|INVALIDATED||2026-08-10|19|33.78|close_30.92_below_sma20_31.86
row|EFOR|2026-09-14|unqualified||2026-08-10|23|33.78|ma_stack_not_stage2_31.5/31.6/27.1
row|EFOR|2026-09-15|unqualified||2026-09-14|0||base_age_0_below_3
row|EFOR|2026-09-16|unqualified||2026-09-14|1||base_age_1_below_3
row|EFOR|2026-09-17|unqualified||2026-09-14|2||base_age_2_below_3
row|EFOR|2026-09-18|WATCH||2026-09-14|3|34.42|runup_95% base_3d close_vs_pivot_-4.7%
row|EFOR|2026-09-21|WATCH||2026-09-14|4|34.42|runup_95% base_4d close_vs_pivot_-4.3%
row|EFOR|2026-09-22|INVALIDATED||2026-09-14|5|34.42|close_32.28_below_base_low_close_32.43
row|EFOR|2026-09-23|WATCH||2026-09-14|6|34.42|runup_95% base_6d close_vs_pivot_-3.5%
row|EFOR|2026-09-24|WATCH||2026-09-14|7|34.42|runup_95% base_7d close_vs_pivot_-5.6%
row|EFOR|2026-09-25|WATCH||2026-09-14|8|34.42|runup_95% base_8d close_vs_pivot_-3.6%
row|EFOR|2026-09-28|TIGHTENING||2026-09-14|9|34.42|range_1.06 vol_0.57
row|EFOR|2026-09-29|TIGHTENING||2026-09-14|10|34.42|range_1.06 vol_0.55
row|EFOR|2026-09-30|TIGHTENING||2026-09-14|11|34.42|range_0.84 vol_0.54
row|EFOR|2026-10-01|TIGHTENING||2026-09-14|12|34.42|range_0.73 vol_0.53
row|EFOR|2026-10-02|unqualified||2026-10-01|0||base_age_0_below_3
row|EFOR|2026-10-05|unqualified||2026-10-01|1||base_age_1_below_3
row|EFOR|2026-10-06|unqualified||2026-10-01|2||base_age_2_below_3
row|EFOR|2026-10-07|unqualified||2026-10-01|3|36.82|runup_27%_below_90%
row|EFOR|2026-10-08|unqualified||2026-10-01|4|36.82|runup_27%_below_90%
row|EFOR|2026-10-09|unqualified||2026-10-01|5|36.82|runup_27%_below_90%
row|ESTC|2026-07-16|unqualified||2026-06-15|20|64.64|runup_43%_below_90%
row|ESTC|2026-07-17|unqualified||2026-06-15|21|64.64|runup_43%_below_90%
row|ESTC|2026-07-20|unqualified||2026-06-15|22|64.64|runup_43%_below_90%
row|ESTC|2026-07-31|unqualified||2026-07-29|1||base_age_1_below_3
row|ESTC|2026-08-04|unqualified||2026-08-03|0||base_age_0_below_3
row|ESTC|2026-08-05|unqualified||2026-08-04|0||base_age_0_below_3
row|ESTC|2026-08-06|unqualified||2026-08-05|0||base_age_0_below_3
row|ESTC|2026-08-07|unqualified||2026-08-05|1||base_age_1_below_3
row|ESTC|2026-08-10|unqualified||2026-08-07|0||base_age_0_below_3
row|ESTC|2026-08-11|unqualified||2026-08-10|0||base_age_0_below_3
row|ESTC|2026-08-12|unqualified||2026-08-10|1||base_age_1_below_3
row|ESTC|2026-08-13|unqualified||2026-08-10|2||base_age_2_below_3
row|ESTC|2026-08-14|unqualified||2026-08-13|0||base_age_0_below_3
row|ESTC|2026-08-17|unqualified||2026-08-13|1||base_age_1_below_3
row|ESTC|2026-08-18|unqualified||2026-08-13|2||base_age_2_below_3
row|ESTC|2026-08-19|unqualified||2026-08-13|3|87.61|runup_63%_below_90%
row|ESTC|2026-08-20|unqualified||2026-08-13|4|87.96|runup_63%_below_90%
row|ESTC|2026-08-21|unqualified||2026-08-13|5|88.205|runup_63%_below_90%
row|ESTC|2026-08-24|unqualified||2026-08-13|6|88.205|runup_63%_below_90%
row|ESTC|2026-08-25|unqualified||2026-08-13|7|88.205|runup_63%_below_90%
row|ESTC|2026-08-26|unqualified||2026-08-13|8|88.205|runup_63%_below_90%
row|ESTC|2026-08-27|unqualified||2026-08-13|9|88.205|runup_63%_below_90%
row|ESTC|2026-08-28|unqualified||2026-08-13|10|88.205|runup_63%_below_90%
row|ESTC|2026-08-31|unqualified||2026-08-28|0||base_age_0_below_3
row|ESTC|2026-09-01|unqualified||2026-08-28|1||base_age_1_below_3
row|ESTC|2026-09-02|unqualified||2026-08-28|2||base_age_2_below_3
row|ESTC|2026-09-03|WATCH||2026-08-28|3|102.415|runup_93% base_3d close_vs_pivot_-11.0%
row|ESTC|2026-09-04|WATCH||2026-08-28|4|102.415|runup_93% base_4d close_vs_pivot_-15.0%
row|ESTC|2026-09-07|WATCH||2026-08-28|4|102.415|runup_93% base_4d close_vs_pivot_-15.0%
row|ESTC|2026-09-08|INVALIDATED||2026-08-28|5|102.415|close_88.42_below_base_low_close_89.58
row|ESTC|2026-09-09|INVALIDATED||2026-08-28|6|102.415|close_86.58_below_base_low_close_88.42
row|ESTC|2026-09-10|INVALIDATED||2026-08-28|7|102.415|close_83.48_below_base_low_close_86.58
row|ESTC|2026-09-11|INVALIDATED||2026-08-28|8|102.415|close_83.39_below_base_low_close_83.48
row|ESTC|2026-09-14|INVALIDATED||2026-08-28|9|102.415|close_85.11_below_sma20_87.43
row|ESTC|2026-09-15|INVALIDATED||2026-08-28|10|102.415|close_85.16_below_sma20_87.52
row|ESTC|2026-09-16|INVALIDATED||2026-08-28|11|102.415|close_85.03_below_sma20_87.52
row|ESTC|2026-09-17|unqualified||2026-08-28|12|102.415|ma_stack_not_stage2_87.4/87.6/76.3
row|ESTC|2026-09-23|unqualified||2026-08-28|16|102.415|ma_stack_not_stage2_86.8/88.7/78.5
row|ESTC|2026-09-29|TIGHTENING||2026-08-28|20|102.415|range_0.68 vol_0.49
row|ESTC|2026-09-30|TIGHTENING||2026-08-28|21|102.415|range_0.51 vol_0.50
row|ESTC|2026-10-01|TIGHTENING||2026-08-28|22|102.415|range_0.72 vol_0.52
row|ESTC|2026-10-02|unqualified|||||adr_3.9pct_below_4pct
row|ESTC|2026-10-05|unqualified|||||adr_3.9pct_below_4pct
row|ESTC|2026-10-06|unqualified|||||adr_3.9pct_below_4pct
row|ESTC|2026-10-07|unqualified|||||adr_3.9pct_below_4pct
row|ESTC|2026-10-08|unqualified|||||adr_3.7pct_below_4pct
row|ESTC|2026-10-09|unqualified|||||adr_3.7pct_below_4pct
row|FBRX|2026-07-10|unqualified||2026-07-09|0||base_age_0_below_3
row|FBRX|2026-07-13|unqualified||2026-07-10|0||base_age_0_below_3
row|FBRX|2026-07-14|unqualified||2026-07-10|1||base_age_1_below_3
row|FBRX|2026-07-15|unqualified||2026-07-10|2||base_age_2_below_3
row|FBRX|2026-07-16|unqualified||2026-07-15|0||base_age_0_below_3
row|FBRX|2026-07-17|unqualified||2026-07-15|1||base_age_1_below_3
row|FBRX|2026-07-20|unqualified||2026-07-17|0||base_age_0_below_3
row|FBRX|2026-07-21|unqualified||2026-07-20|0||base_age_0_below_3
row|FBRX|2026-07-22|unqualified||2026-07-20|1||base_age_1_below_3
row|FBRX|2026-07-23|unqualified||2026-07-22|0||base_age_0_below_3
row|FBRX|2026-07-24|unqualified||2026-07-23|0||base_age_0_below_3
row|FBRX|2026-07-27|unqualified||2026-07-23|1||base_age_1_below_3
row|FBRX|2026-07-28|unqualified||2026-07-27|0||base_age_0_below_3
row|FBRX|2026-07-29|unqualified||2026-07-27|1||base_age_1_below_3
row|FBRX|2026-07-30|unqualified||2026-07-27|2||base_age_2_below_3
row|FBRX|2026-07-31|WATCH||2026-07-27|3|77.2|runup_394% base_3d close_vs_pivot_+0.0%
row|FBRX|2026-08-04|unqualified||2026-07-27|5|77.2|mna_filter:deal_pin_signature
row|FBRX|2026-08-05|unqualified||2026-07-27|6|77.2|mna_filter:deal_pin_signature
row|FBRX|2026-08-06|TIGHTENING||2026-07-27|7|77.2|range_1.07 vol_0.46
row|FBRX|2026-08-07|TIGHTENING||2026-07-27|8|77.2|range_1.00 vol_0.41
row|FBRX|2026-08-10|unqualified||2026-07-27|9|77.2|mna_filter:polygon_news
row|FBRX|2026-08-11|unqualified||2026-07-27|10|77.2|mna_filter:polygon_news
row|FBRX|2026-08-12|unqualified||2026-07-27|11|77.2|mna_filter:polygon_news
row|FBRX|2026-08-13|unqualified|||||adr_3.8pct_below_4pct
row|FBRX|2026-08-14|unqualified|||||adr_3.0pct_below_4pct
row|FIVN|2026-07-02|unqualified||2026-06-01|21|25.88|ma_stack_not_stage2_20.7/21.2/21.2
row|FIVN|2026-07-06|unqualified||2026-06-01|22|25.88|ma_stack_not_stage2_21.2/21.2/21.3
row|FIVN|2026-07-07|unqualified||2026-06-01|23|25.88|ma_stack_not_stage2_21.8/21.2/21.5
row|FIVN|2026-07-08|unqualified||2026-06-01|24|25.88|ma_stack_not_stage2_22.3/21.3/21.7
row|FIVN|2026-07-09|unqualified||2026-06-02|24|25.88|ma_stack_not_stage2_22.8/21.5/21.9
row|FIVN|2026-07-10|unqualified||2026-07-07|2||base_age_2_below_3
row|FIVN|2026-07-13|unqualified||2026-07-07|3|25.798|runup_42%_below_90%
row|FIVN|2026-07-14|unqualified||2026-07-13|0||base_age_0_below_3
row|FIVN|2026-07-15|unqualified||2026-07-13|1||base_age_1_below_3
row|FIVN|2026-07-16|unqualified||2026-07-13|2||base_age_2_below_3
row|FIVN|2026-07-17|unqualified||2026-07-13|3|26.55|runup_45%_below_90%
row|FIVN|2026-07-20|unqualified||2026-07-13|4|26.55|runup_45%_below_90%
row|FIVN|2026-07-21|unqualified||2026-07-13|5|26.55|runup_45%_below_90%
row|FIVN|2026-07-27|unqualified||2026-07-15|7|26.49|runup_46%_below_90%
row|FIVN|2026-07-28|unqualified||2026-07-15|8|26.49|runup_46%_below_90%
row|FIVN|2026-07-29|unqualified||2026-07-28|0||base_age_0_below_3
row|FIVN|2026-07-30|unqualified||2026-07-29|0||base_age_0_below_3
row|FIVN|2026-07-31|unqualified||2026-07-30|0||base_age_0_below_3
row|FIVN|2026-08-04|unqualified||2026-07-30|2||base_age_2_below_3
row|FIVN|2026-08-05|unqualified||2026-08-04|0||base_age_0_below_3
row|FIVN|2026-08-06|unqualified||2026-08-04|1||base_age_1_below_3
row|FIVN|2026-08-07|unqualified||2026-08-04|2||base_age_2_below_3
row|FIVN|2026-08-10|unqualified||2026-08-07|0||base_age_0_below_3
row|FIVN|2026-08-11|unqualified||2026-08-07|1||base_age_1_below_3
row|FIVN|2026-08-12|unqualified||2026-08-07|2||base_age_2_below_3
row|FIVN|2026-08-13|unqualified||2026-08-07|3|34.58|runup_88%_below_90%
row|FIVN|2026-08-14|unqualified||2026-08-07|4|34.58|runup_88%_below_90%
row|FIVN|2026-08-17|unqualified||2026-08-07|5|34.58|runup_88%_below_90%
row|FIVN|2026-08-18|unqualified||2026-08-07|6|34.58|runup_88%_below_90%
row|FIVN|2026-08-19|unqualified||2026-08-07|7|34.58|runup_88%_below_90%
row|FIVN|2026-08-20|unqualified||2026-08-07|8|34.58|runup_88%_below_90%
row|FIVN|2026-08-21|unqualified||2026-08-07|9|34.58|runup_88%_below_90%
row|FIVN|2026-08-24|unqualified||2026-08-07|10|34.58|runup_88%_below_90%
row|FIVN|2026-08-25|unqualified||2026-08-07|11|34.58|runup_88%_below_90%
row|FIVN|2026-08-26|unqualified||2026-08-07|12|34.58|runup_88%_below_90%
row|FIVN|2026-08-27|unqualified||2026-08-07|13|34.58|runup_88%_below_90%
row|FIVN|2026-09-01|TIGHTENING||2026-08-10|15|35.17|range_0.83 vol_0.67
row|FIVN|2026-09-02|TIGHTENING||2026-08-10|16|35.17|range_0.83 vol_0.67
row|FIVN|2026-09-03|TIGHTENING||2026-08-10|17|35.17|range_0.76 vol_0.65
row|FIVN|2026-09-04|TIGHTENING||2026-08-10|18|35.18|range_0.76 vol_0.63
row|FIVN|2026-09-07|TIGHTENING||2026-08-10|18|35.18|range_0.76 vol_0.63
row|FIVN|2026-09-08|INVALIDATED||2026-08-10|19|35.18|close_31.23_below_sma20_32.96
row|FIVN|2026-09-09|INVALIDATED||2026-08-10|20|35.18|close_30.37_below_base_low_close_31.20
row|FIVN|2026-09-10|INVALIDATED||2026-08-10|21|35.18|close_30.25_below_base_low_close_30.37
row|FIVN|2026-09-11|INVALIDATED||2026-08-10|22|35.18|close_30.66_below_sma20_32.64
row|FIVN|2026-09-15|unqualified||2026-08-10|24|35.18|ma_stack_not_stage2_32.2/32.6/29.6
row|FIVN|2026-09-16|unqualified||2026-08-11|24|35.18|ma_stack_not_stage2_32.2/32.7/29.8
row|FIVN|2026-09-17|unqualified||2026-09-16|0||base_age_0_below_3
row|FIVN|2026-09-21|unqualified||2026-09-18|0||base_age_0_below_3
row|FIVN|2026-09-22|unqualified||2026-09-21|0||base_age_0_below_3
row|FIVN|2026-09-23|unqualified||2026-09-22|0||base_age_0_below_3
row|FIVN|2026-09-24|unqualified||2026-09-22|1||base_age_1_below_3
row|FIVN|2026-09-25|unqualified||2026-09-22|2||base_age_2_below_3
row|FIVN|2026-09-28|unqualified||2026-09-22|3|40|runup_52%_below_90%
row|FIVN|2026-09-29|unqualified||2026-09-22|4|40|runup_52%_below_90%
row|FIVN|2026-09-30|unqualified||2026-09-22|5|40|runup_52%_below_90%
row|FIVN|2026-10-01|unqualified||2026-09-22|6|40|runup_52%_below_90%
row|FIVN|2026-10-02|unqualified||2026-09-22|7|40|runup_52%_below_90%
row|FIVN|2026-10-05|unqualified||2026-09-22|8|40|runup_52%_below_90%
row|FIVN|2026-10-08|unqualified||2026-09-22|11|40|runup_52%_below_90%
row|FIVN|2026-10-09|unqualified||2026-09-22|12|40|runup_52%_below_90%
row|GH|2026-07-01|unqualified||2026-06-26|2||base_age_2_below_3
row|GH|2026-07-02|unqualified||2026-07-01|0||base_age_0_below_3
row|GH|2026-07-06|unqualified||2026-07-01|1||base_age_1_below_3
row|GH|2026-07-07|unqualified||2026-07-01|2||base_age_2_below_3
row|GH|2026-07-08|INVALIDATED||2026-07-01|3|174.08|close_156.17_below_base_low_close_162.92
row|GH|2026-07-09|WATCH||2026-07-01|4|174.08|runup_97% base_4d close_vs_pivot_-4.9%
row|GH|2026-07-10|WATCH||2026-07-01|5|174.08|runup_97% base_5d close_vs_pivot_-7.3%
row|GH|2026-07-13|WATCH||2026-07-01|6|174.08|runup_97% base_6d close_vs_pivot_-8.2%
row|GH|2026-07-14|TIGHTENING||2026-07-01|7|174.08|range_0.98 vol_0.88 fresh
row|GH|2026-07-15|TIGHTENING|WATCH|2026-07-01|8|174.08|runup_97% base_8d close_vs_pivot_-5.6%
row|GH|2026-07-16|INVALIDATED||2026-07-01|9|174.08|close_155.00_below_base_low_close_156.17
row|GH|2026-07-17|TIGHTENING||2026-07-01|10|174.08|range_0.73 vol_0.62
row|GH|2026-07-20|INVALIDATED||2026-07-01|11|174.08|close_148.07_below_base_low_close_155.00
row|GH|2026-07-21|INVALIDATED||2026-07-01|12|174.08|close_152.29_below_sma20_155.36
row|GH|2026-07-22|INVALIDATED||2026-07-01|13|174.08|close_150.75_below_sma20_156.36
row|GH|2026-08-10|unqualified||2026-07-31|5|169.2|runup_44%_below_90%
row|GH|2026-08-17|unqualified||2026-07-31|10|171.92|runup_44%_below_90%
row|GH|2026-08-18|unqualified||2026-07-31|11|171.92|runup_44%_below_90%
row|GH|2026-08-19|unqualified||2026-07-31|12|171.92|runup_44%_below_90%
row|GH|2026-08-20|unqualified||2026-07-31|13|171.92|runup_44%_below_90%
row|GH|2026-09-14|unqualified||2026-08-20|15|173.1699|runup_25%_below_90%
row|GH|2026-09-15|unqualified||2026-08-20|16|173.1699|runup_25%_below_90%
row|GH|2026-09-16|unqualified||2026-09-15|0||base_age_0_below_3
row|GH|2026-09-17|unqualified||2026-09-15|1||base_age_1_below_3
row|GH|2026-09-18|unqualified||2026-09-17|0||base_age_0_below_3
row|GH|2026-09-21|unqualified||2026-09-17|1||base_age_1_below_3
row|GH|2026-09-22|unqualified||2026-09-17|2||base_age_2_below_3
row|GH|2026-09-23|unqualified||2026-09-17|3|183.5|runup_30%_below_90%
row|GH|2026-09-24|unqualified||2026-09-17|4|183.5|runup_30%_below_90%
row|GH|2026-09-25|unqualified||2026-09-17|5|183.5|runup_30%_below_90%
row|GH|2026-09-28|unqualified||2026-09-17|6|183.5|runup_30%_below_90%
row|GH|2026-09-29|unqualified||2026-09-17|7|183.5|runup_30%_below_90%
row|GH|2026-09-30|unqualified||2026-09-17|8|183.5|runup_30%_below_90%
row|GH|2026-10-01|unqualified||2026-09-17|9|183.5|runup_30%_below_90%
row|GH|2026-10-02|unqualified||2026-09-17|10|183.5|runup_30%_below_90%
row|GH|2026-10-05|unqualified||2026-09-17|11|183.5|runup_30%_below_90%
row|GSHD|2026-07-01|unqualified||2026-06-26|2||base_age_2_below_3
row|GSHD|2026-07-02|unqualified||2026-07-01|0||base_age_0_below_3
row|GSHD|2026-07-06|unqualified||2026-07-02|0||base_age_0_below_3
row|GSHD|2026-07-07|unqualified||2026-07-02|1||base_age_1_below_3
row|GSHD|2026-07-08|unqualified||2026-07-07|0||base_age_0_below_3
row|GSHD|2026-07-09|unqualified||2026-07-08|0||base_age_0_below_3
row|GSHD|2026-07-10|unqualified||2026-07-08|1||base_age_1_below_3
row|GSHD|2026-07-13|unqualified||2026-07-08|2||base_age_2_below_3
row|GSHD|2026-07-14|unqualified||2026-07-08|3|56.85|runup_71%_below_90%
row|GSHD|2026-07-15|unqualified||2026-07-08|4|56.85|runup_71%_below_90%
row|GSHD|2026-07-16|unqualified||2026-07-08|5|56.85|runup_71%_below_90%
row|GSHD|2026-07-17|unqualified||2026-07-08|6|56.85|runup_71%_below_90%
row|GSHD|2026-07-20|unqualified||2026-07-08|7|57.38|runup_71%_below_90%
row|GSHD|2026-07-21|unqualified||2026-07-08|8|57.43|runup_71%_below_90%
row|GSHD|2026-07-24|unqualified||2026-07-08|11|57.89|runup_71%_below_90%
row|GSHD|2026-07-27|unqualified||2026-07-24|0||base_age_0_below_3
row|GSHD|2026-07-28|unqualified||2026-07-27|0||base_age_0_below_3
row|GSHD|2026-07-29|unqualified||2026-07-28|0||base_age_0_below_3
row|GSHD|2026-07-30|unqualified||2026-07-29|0||base_age_0_below_3
row|GSHD|2026-07-31|unqualified||2026-07-29|1||base_age_1_below_3
row|GSHD|2026-08-04|unqualified||2026-07-29|3|68.65|pole_70.88_only_68%_of_52w_high_104.00_(not_stage2)
row|GSHD|2026-08-05|unqualified||2026-07-29|4|68.84|pole_70.88_only_68%_of_52w_high_104.00_(not_stage2)
row|GSHD|2026-08-06|unqualified||2026-07-29|5|68.9|pole_70.88_only_68%_of_52w_high_104.00_(not_stage2)
row|GSHD|2026-08-07|unqualified||2026-07-29|6|68.9|pole_70.88_only_69%_of_52w_high_103.46_(not_stage2)
row|GSHD|2026-08-10|WATCH||2026-07-29|7|68.9|runup_109% base_7d close_vs_pivot_-8.9%
row|GSHD|2026-08-11|WATCH||2026-07-29|8|68.9|runup_109% base_8d close_vs_pivot_-7.9%
row|GSHD|2026-08-12|TIGHTENING||2026-07-29|9|68.9|range_0.77 vol_0.56
row|GSHD|2026-08-13|COILED||2026-07-29|10|68.9|range_0.71 vol_0.47 bodies_0.29/0.40
row|GSHD|2026-08-14|COILED|TIGHTENING|2026-07-29|11|68.9|range_0.77 vol_0.52
row|GSHD|2026-08-17|unqualified|||||adv_489k_below_500k_shares
row|GSHD|2026-08-18|unqualified|||||adv_468k_below_500k_shares
row|GSHD|2026-08-19|unqualified|||||adv_468k_below_500k_shares
row|GSHD|2026-08-20|unqualified|||||adv_468k_below_500k_shares
row|GSHD|2026-08-21|unqualified|||||adv_445k_below_500k_shares
row|GSHD|2026-08-24|unqualified|||||adv_382k_below_500k_shares
row|GSHD|2026-08-25|unqualified|||||adv_333k_below_500k_shares
row|GSHD|2026-08-26|unqualified|||||adv_331k_below_500k_shares
row|GSHD|2026-08-28|unqualified|||||adv_310k_below_500k_shares
row|GSHD|2026-08-31|unqualified|||||adv_300k_below_500k_shares
row|GSHD|2026-09-01|unqualified|||||adv_288k_below_500k_shares
row|GSHD|2026-09-02|unqualified|||||adv_278k_below_500k_shares
row|HELP|2026-07-21|unqualified||2026-07-16|2||base_age_2_below_3
row|HELP|2026-07-22|unqualified||2026-07-21|0||base_age_0_below_3
row|HELP|2026-07-23|unqualified||2026-07-21|1||base_age_1_below_3
row|HELP|2026-07-24|unqualified||2026-07-21|2||base_age_2_below_3
row|HELP|2026-08-04|TIGHTENING||2026-07-21|9|8.225|range_0.75 vol_0.88
row|HELP|2026-08-05|unqualified||2026-08-04|0||base_age_0_below_3
row|HELP|2026-08-06|unqualified||2026-08-05|0||base_age_0_below_3
row|HELP|2026-08-07|unqualified||2026-08-06|0||base_age_0_below_3
row|HELP|2026-08-10|unqualified||2026-08-06|1||base_age_1_below_3
row|HELP|2026-08-11|unqualified||2026-08-06|2||base_age_2_below_3
row|HELP|2026-08-12|WATCH||2026-08-06|3|11.62|runup_198% base_3d close_vs_pivot_+0.1%
row|HELP|2026-08-13|WATCH||2026-08-06|4|11.62|runup_198% base_4d close_vs_pivot_-0.2%
row|HELP|2026-08-14|unqualified||2026-08-13|0||base_age_0_below_3
row|HELP|2026-08-17|unqualified||2026-08-13|1||base_age_1_below_3
row|HELP|2026-08-18|unqualified||2026-08-13|2||base_age_2_below_3
row|HELP|2026-08-19|WATCH||2026-08-13|3|12.05|runup_182% base_3d close_vs_pivot_-1.4%
row|HELP|2026-08-20|WATCH||2026-08-13|4|12.05|runup_182% base_4d close_vs_pivot_+4.4%
row|HELP|2026-08-21|unqualified||2026-08-20|0||base_age_0_below_3
row|HELP|2026-08-24|unqualified||2026-08-21|0||base_age_0_below_3
row|HELP|2026-08-25|unqualified||2026-08-24|0||base_age_0_below_3
row|HELP|2026-08-26|unqualified||2026-08-25|0||base_age_0_below_3
row|HELP|2026-08-27|unqualified||2026-08-25|1||base_age_1_below_3
row|HELP|2026-08-28|unqualified||2026-08-25|2||base_age_2_below_3
row|HELP|2026-08-31|INVALIDATED||2026-08-25|3|14.28|close_11.76_below_base_low_close_12.18
row|HELP|2026-09-01|INVALIDATED||2026-08-25|4|14.28|close_11.60_below_base_low_close_11.76
row|HELP|2026-09-02|INVALIDATED||2026-08-25|5|14.28|close_11.95_below_sma20_11.96
row|HELP|2026-09-03|INVALIDATED||2026-08-25|6|14.28|close_11.77_below_sma20_11.99
row|HELP|2026-09-04|WATCH||2026-08-25|7|14.28|runup_149% base_7d close_vs_pivot_-14.8%
row|HELP|2026-09-08|WATCH||2026-08-25|8|14.28|runup_149% base_8d close_vs_pivot_-13.7%
row|HELP|2026-09-09|WATCH||2026-08-25|9|14.28|runup_149% base_9d close_vs_pivot_-4.7%
row|HELP|2026-09-10|unqualified||2026-08-25|10|14.28|ma_stack_not_stage2_12.4/12.4/9.7
row|HELP|2026-09-11|unqualified||2026-08-25|11|14.28|ma_stack_not_stage2_12.3/12.5/9.9
row|HELP|2026-09-14|unqualified||2026-08-25|12|14.28|ma_stack_not_stage2_12.5/12.5/10.0
row|HELP|2026-09-16|WATCH||2026-08-25|14|14.28|runup_149% base_14d close_vs_pivot_-6.1%
row|HELP|2026-09-17|WATCH||2026-08-25|15|14.28|runup_149% base_15d close_vs_pivot_-2.3%
row|HELP|2026-09-18|INVALIDATED||2026-08-25|16|14.28|close_12.37_below_sma20_12.82
row|HELP|2026-09-21|WATCH||2026-08-25|17|15.15|runup_149% base_17d close_vs_pivot_-4.8%
row|HELP|2026-09-22|WATCH||2026-08-25|18|15.15|runup_149% base_18d close_vs_pivot_-4.5%
row|HELP|2026-09-23|WATCH||2026-08-25|19|15.15|runup_149% base_19d close_vs_pivot_-9.3%
row|HELP|2026-09-24|INVALIDATED||2026-08-25|20|15.15|close_12.59_below_sma20_12.81
row|HELP|2026-09-25|INVALIDATED||2026-08-25|21|15.15|close_12.61_below_sma20_12.78
row|HELP|2026-09-28|INVALIDATED||2026-08-25|22|15.15|close_12.59_below_sma20_12.80
row|HELP|2026-09-29|INVALIDATED||2026-08-25|23|15.15|close_12.70_below_sma20_12.84
row|HTFL|2026-08-07|unqualified||2026-07-02|24|29.36|runup_25%_below_90%
row|HTFL|2026-08-10|unqualified||2026-07-06|24|29.06|runup_19%_below_90%
row|HTFL|2026-08-11|unqualified||2026-08-10|0||base_age_0_below_3
row|HTFL|2026-08-12|unqualified||2026-08-10|1||base_age_1_below_3
row|HTFL|2026-08-13|unqualified||2026-08-10|2||base_age_2_below_3
row|HTFL|2026-08-14|unqualified||2026-08-13|0||base_age_0_below_3
row|HTFL|2026-08-17|unqualified||2026-08-14|0||base_age_0_below_3
row|HTFL|2026-08-18|unqualified||2026-08-14|1||base_age_1_below_3
row|HTFL|2026-08-19|unqualified||2026-08-18|0||base_age_0_below_3
row|HTFL|2026-08-20|unqualified||2026-08-19|0||base_age_0_below_3
row|HTFL|2026-08-21|unqualified||2026-08-19|1||base_age_1_below_3
row|HTFL|2026-08-24|unqualified||2026-08-21|0||base_age_0_below_3
row|HTFL|2026-08-25|unqualified||2026-08-21|1||base_age_1_below_3
row|HTFL|2026-08-26|unqualified||2026-08-21|2||base_age_2_below_3
row|HTFL|2026-08-27|INVALIDATED||2026-08-21|3|51.19|close_48.10_below_base_low_close_48.94
row|HTFL|2026-08-28|INVALIDATED||2026-08-21|4|51.19|close_47.78_below_base_low_close_48.10
row|HTFL|2026-08-31|WATCH||2026-08-21|5|51.19|runup_111% base_5d close_vs_pivot_-0.2%
row|HTFL|2026-09-01|unqualified||2026-08-31|0||base_age_0_below_3
row|HTFL|2026-09-02|unqualified||2026-08-31|1||base_age_1_below_3
row|HTFL|2026-09-03|unqualified||2026-08-31|2||base_age_2_below_3
row|HTFL|2026-09-04|INVALIDATED||2026-08-31|3|51.778|close_48.91_below_base_low_close_49.71
row|HTFL|2026-09-08|INVALIDATED||2026-08-31|4|51.778|close_47.75_below_base_low_close_48.91
row|HTFL|2026-09-09|INVALIDATED||2026-08-31|5|51.778|close_46.67_below_base_low_close_47.75
row|HTFL|2026-09-11|WATCH||2026-08-31|7|51.778|runup_114% base_7d close_vs_pivot_-2.2%
row|HTFL|2026-09-16|INVALIDATED||2026-08-31|10|51.778|close_48.30_below_sma20_48.62
row|HTFL|2026-09-17|unqualified||2026-08-31|11|51.778|ma_stack_not_stage2_48.4/48.8/36.8
row|HTFL|2026-09-18|unqualified||2026-08-31|12|51.778|ma_stack_not_stage2_48.5/49.0/37.3
row|HTFL|2026-09-21|unqualified||2026-08-31|13|52.2212|ma_stack_not_stage2_48.7/49.0/37.8
row|HTFL|2026-09-24|INVALIDATED||2026-08-31|16|52.2212|close_48.66_below_sma20_48.91
row|HTFL|2026-09-25|WATCH||2026-08-31|17|52.2212|runup_114% base_17d close_vs_pivot_-3.6%
row|HTFL|2026-09-28|WATCH||2026-08-31|18|52.2212|runup_114% base_18d close_vs_pivot_-2.1%
row|HTFL|2026-09-29|TIGHTENING||2026-08-31|19|52.2212|range_0.78 vol_0.68
row|HTFL|2026-09-30|TIGHTENING||2026-08-31|20|52.2212|range_0.81 vol_0.63
row|HTFL|2026-10-01|INVALIDATED||2026-08-31|21|52.2212|close_48.91_below_sma20_48.95
row|HTFL|2026-10-02|TIGHTENING||2026-08-31|22|52.2212|range_0.78 vol_0.58
row|HTFL|2026-10-05|TIGHTENING||2026-08-31|23|52.2212|range_0.98 vol_0.66
row|HTFL|2026-10-06|TIGHTENING|WATCH|2026-09-18|11|53.07|runup_117% base_11d close_vs_pivot_-2.9%
row|HTFL|2026-10-07|INVALIDATED||2026-09-18|12|54.3195|close_49.36_below_sma20_49.38
row|HTFL|2026-10-08|INVALIDATED||2026-09-18|13|54.3195|close_47.63_below_sma20_49.49
row|HTFL|2026-10-09|WATCH||2026-09-18|14|54.3195|runup_117% base_14d close_vs_pivot_-4.8%
row|IOVA|2026-07-16|unqualified||2026-07-15|0||base_age_0_below_3
row|IOVA|2026-07-17|unqualified||2026-07-16|0||base_age_0_below_3
row|IOVA|2026-07-20|unqualified||2026-07-16|1||base_age_1_below_3
row|IOVA|2026-07-21|unqualified||2026-07-16|2||base_age_2_below_3
row|IOVA|2026-07-22|unqualified||2026-07-21|0||base_age_0_below_3
row|IOVA|2026-07-23|unqualified||2026-07-21|1||base_age_1_below_3
row|IOVA|2026-07-24|unqualified||2026-07-21|2||base_age_2_below_3
row|IOVA|2026-07-27|unqualified||2026-07-21|3|5.64|runup_50%_below_90%
row|IOVA|2026-07-28|unqualified||2026-07-21|4|5.64|runup_50%_below_90%
row|IOVA|2026-07-29|unqualified||2026-07-21|5|5.64|runup_50%_below_90%
row|IOVA|2026-07-30|unqualified||2026-07-21|6|5.64|runup_50%_below_90%
row|IOVA|2026-08-06|unqualified||2026-07-21|11|5.64|runup_50%_below_90%
row|IOVA|2026-08-07|unqualified||2026-08-06|0||base_age_0_below_3
row|IOVA|2026-08-10|unqualified||2026-08-07|0||base_age_0_below_3
row|IOVA|2026-08-11|unqualified||2026-08-07|1||base_age_1_below_3
row|IOVA|2026-08-12|unqualified||2026-08-07|2||base_age_2_below_3
row|IOVA|2026-08-13|unqualified||2026-08-07|3|6.74|runup_87%_below_90%
row|IOVA|2026-08-14|unqualified||2026-08-07|4|6.81|runup_87%_below_90%
row|IOVA|2026-08-17|unqualified||2026-08-07|5|7|runup_87%_below_90%
row|IOVA|2026-08-18|unqualified||2026-08-17|0||base_age_0_below_3
row|IOVA|2026-08-19|unqualified||2026-08-17|1||base_age_1_below_3
row|IOVA|2026-08-20|unqualified||2026-08-19|0||base_age_0_below_3
row|IOVA|2026-08-21|unqualified||2026-08-20|0||base_age_0_below_3
row|IOVA|2026-08-24|unqualified||2026-08-20|1||base_age_1_below_3
row|IOVA|2026-08-25|unqualified||2026-08-20|2||base_age_2_below_3
row|IOVA|2026-08-26|WATCH||2026-08-20|3|9.3|runup_149% base_3d close_vs_pivot_-13.7%
row|IOVA|2026-08-27|WATCH||2026-08-20|4|9.3|runup_149% base_4d close_vs_pivot_-11.8%
row|IOVA|2026-08-28|INVALIDATED||2026-08-20|5|9.3|close_8.01_below_base_low_close_8.06
row|IOVA|2026-08-31|WATCH||2026-08-20|6|9.3|runup_149% base_6d close_vs_pivot_-12.7%
row|IOVA|2026-09-01|TIGHTENING||2026-08-20|7|9.3|range_0.81 vol_0.68
row|IOVA|2026-09-02|COILED||2026-08-20|8|9.3|range_0.72 vol_0.60 bodies_0.50/0.42
row|IOVA|2026-09-03|COILED|TIGHTENING|2026-08-20|9|9.3|range_0.72 vol_0.64
row|IOVA|2026-09-04|COILED|TIGHTENING|2026-08-20|10|9.3|range_0.72 vol_0.71
row|IOVA|2026-09-07|COILED|TIGHTENING|2026-08-20|10|9.3|range_0.72 vol_0.71
row|IOVA|2026-09-08|COILED|TIGHTENING|2026-08-20|11|9.3|range_0.59 vol_0.72
row|IOVA|2026-09-09|COILED||2026-08-20|12|9.3|range_0.59 vol_0.68 bodies_0.42/0.02
row|IOVA|2026-09-10|COILED|TIGHTENING|2026-08-20|13|9.3|range_0.73 vol_0.75
row|IOVA|2026-09-11|COILED|TIGHTENING|2026-08-20|14|9.3|range_0.73 vol_0.73
row|IOVA|2026-09-14|TRIGGERED||2026-08-20|15|9.3|close_9.26>base_high_close_8.79 vol_2.01x
row|IOVA|2026-09-15|TRIGGERED|WATCH|2026-08-20|16|9.41|runup_149% base_16d close_vs_pivot_+0.0%
row|IOVA|2026-09-16|TRIGGERED|TIGHTENING|2026-08-20|17|9.41|range_0.74 vol_0.92
row|IOVA|2026-09-17|unqualified||2026-09-16|0||base_age_0_below_3
row|IOVA|2026-09-18|unqualified||2026-09-17|0||base_age_0_below_3
row|IOVA|2026-09-21|unqualified||2026-09-17|1||base_age_1_below_3
row|IOVA|2026-09-22|unqualified||2026-09-17|2||base_age_2_below_3
row|IOVA|2026-09-23|WATCH||2026-09-17|3|10.8|runup_177% base_3d close_vs_pivot_-7.2%
row|IOVA|2026-09-24|WATCH||2026-09-17|4|10.845|runup_177% base_4d close_vs_pivot_-1.6%
row|IOVA|2026-09-25|WATCH||2026-09-17|5|10.845|runup_177% base_5d close_vs_pivot_+0.2%
row|IOVA|2026-09-28|WATCH||2026-09-17|6|11.13|runup_177% base_6d close_vs_pivot_+0.1%
row|IOVA|2026-09-29|unqualified||2026-09-17|7|11.165|pole_10.98_only_72%_of_52w_high_15.30_(not_stage2)
row|IOVA|2026-09-30|unqualified||2026-09-29|0||base_age_0_below_3
row|IOVA|2026-10-01|unqualified||2026-09-29|1||base_age_1_below_3
row|IOVA|2026-10-02|unqualified||2026-09-29|2||base_age_2_below_3
row|IOVA|2026-10-05|INVALIDATED||2026-09-29|3|15.11|close_14.15_below_base_low_close_14.21
row|IOVA|2026-10-06|INVALIDATED||2026-09-29|4|15.11|close_12.96_below_base_low_close_14.15
row|IOVA|2026-10-07|INVALIDATED||2026-09-29|5|15.11|close_12.91_below_base_low_close_12.96
row|IOVA|2026-10-08|WATCH||2026-09-29|6|15.11|runup_257% base_6d close_vs_pivot_-13.0%
row|IOVA|2026-10-09|WATCH||2026-09-29|7|15.11|runup_257% base_7d close_vs_pivot_-4.4%
row|KOD|2026-07-01|unqualified||2026-06-30|0||base_age_0_below_3
row|KOD|2026-07-02|unqualified||2026-06-30|1||base_age_1_below_3
row|KOD|2026-07-07|unqualified||2026-06-30|3|40.175|runup_35%_below_90%
row|KOD|2026-07-08|unqualified||2026-06-30|4|40.175|runup_35%_below_90%
row|KOD|2026-07-09|unqualified||2026-07-02|3|40.88|runup_38%_below_90%
row|KOD|2026-07-10|unqualified||2026-07-08|1||base_age_1_below_3
row|KOD|2026-07-13|unqualified||2026-07-10|0||base_age_0_below_3
row|KOD|2026-07-14|unqualified||2026-07-10|1||base_age_1_below_3
row|KOD|2026-07-15|unqualified||2026-07-14|0||base_age_0_below_3
row|KOD|2026-07-16|unqualified||2026-07-14|1||base_age_1_below_3
row|KOD|2026-07-17|unqualified||2026-07-14|2||base_age_2_below_3
row|KOD|2026-07-20|unqualified||2026-07-14|3|44.13|runup_52%_below_90%
row|KOD|2026-07-21|unqualified||2026-07-14|4|44.85|runup_52%_below_90%
row|KOD|2026-07-22|unqualified||2026-07-14|5|44.85|runup_52%_below_90%
row|KOD|2026-07-23|unqualified||2026-07-14|6|44.85|runup_52%_below_90%
row|KOD|2026-07-24|unqualified||2026-07-14|7|44.85|runup_52%_below_90%
row|KOD|2026-07-27|unqualified||2026-07-14|8|44.85|runup_52%_below_90%
row|KOD|2026-08-06|unqualified||2026-07-14|16|44.85|runup_52%_below_90%
row|KOD|2026-09-28|unqualified||2026-08-21|24|40.11|runup_21%_below_90%
row|KOD|2026-09-29|unqualified||2026-09-28|0||base_age_0_below_3
row|KOD|2026-09-30|unqualified||2026-09-28|1||base_age_1_below_3
row|KOD|2026-10-01|unqualified||2026-09-30|0||base_age_0_below_3
row|KOD|2026-10-02|unqualified||2026-10-01|0||base_age_0_below_3
row|KOD|2026-10-05|unqualified||2026-10-01|1||base_age_1_below_3
row|KOD|2026-10-06|unqualified||2026-10-01|2||base_age_2_below_3
row|KOD|2026-10-07|INVALIDATED||2026-10-01|3|98.95|close_91.08_below_base_low_close_92.34
row|KOD|2026-10-08|COILED||2026-10-01|4|98.95|fresh_2bar 5.7%/atr 10.8% bodies_0.42/0.07
row|KOD|2026-10-09|COILED|WATCH|2026-10-01|5|98.95|runup_249% base_5d close_vs_pivot_-4.0%
row|MBX|2026-07-01|unqualified||2026-06-30|0||base_age_0_below_3
row|MBX|2026-07-02|unqualified||2026-06-30|1||base_age_1_below_3
row|MBX|2026-07-06|unqualified||2026-06-30|2||base_age_2_below_3
row|MBX|2026-07-07|unqualified||2026-07-01|2||base_age_2_below_3
row|MBX|2026-07-08|unqualified||2026-07-07|0||base_age_0_below_3
row|MBX|2026-07-09|unqualified||2026-07-08|0||base_age_0_below_3
row|MBX|2026-07-10|unqualified||2026-07-09|0||base_age_0_below_3
row|MBX|2026-07-13|unqualified||2026-07-09|1||base_age_1_below_3
row|MBX|2026-07-14|unqualified||2026-07-09|2||base_age_2_below_3
row|MBX|2026-07-15|WATCH||2026-07-09|3|65.435|runup_138% base_3d close_vs_pivot_-8.8%
row|MBX|2026-07-16|WATCH||2026-07-09|4|65.435|runup_138% base_4d close_vs_pivot_-12.4%
row|MBX|2026-07-17|WATCH||2026-07-09|5|65.435|runup_138% base_5d close_vs_pivot_-5.5%
row|MBX|2026-07-20|WATCH||2026-07-09|6|65.435|runup_138% base_6d close_vs_pivot_-9.6%
row|MBX|2026-07-21|WATCH||2026-07-09|7|65.435|runup_138% base_7d close_vs_pivot_-9.4%
row|MBX|2026-07-22|WATCH||2026-07-09|8|65.435|runup_138% base_8d close_vs_pivot_-12.4%
row|MBX|2026-07-23|TIGHTENING||2026-07-09|9|65.435|range_0.71 vol_0.80
row|MBX|2026-07-24|TIGHTENING|WATCH|2026-07-09|10|65.435|runup_138% base_10d close_vs_pivot_-6.8%
row|MBX|2026-07-27|TIGHTENING||2026-07-09|11|66.66|range_0.75 vol_0.65
row|MBX|2026-07-28|INVALIDATED||2026-07-09|12|66.66|close_60.06_below_sma20_60.07
row|MBX|2026-07-29|TIGHTENING||2026-07-09|13|66.66|range_0.76 vol_0.56
row|MBX|2026-07-30|TIGHTENING||2026-07-09|14|66.66|range_0.99 vol_0.53
row|MBX|2026-07-31|TIGHTENING||2026-07-09|15|66.66|range_0.76 vol_0.53
row|MBX|2026-08-04|unqualified||2026-07-31|1||base_age_1_below_3
row|MBX|2026-08-05|unqualified||2026-08-04|0||base_age_0_below_3
row|MBX|2026-08-06|unqualified||2026-08-05|0||base_age_0_below_3
row|MBX|2026-08-07|unqualified||2026-08-05|1||base_age_1_below_3
row|MBX|2026-08-10|unqualified||2026-08-05|2||base_age_2_below_3
row|MBX|2026-08-11|INVALIDATED||2026-08-05|3|70|close_66.01_below_base_low_close_66.15
row|MBX|2026-08-12|WATCH||2026-08-05|4|70|runup_156% base_4d close_vs_pivot_-7.8%
row|MBX|2026-08-14|WATCH||2026-08-05|6|70|runup_156% base_6d close_vs_pivot_-5.6%
row|MBX|2026-08-17|WATCH||2026-08-05|7|70|runup_156% base_7d close_vs_pivot_-6.0%
row|MBX|2026-08-18|WATCH||2026-08-05|8|70|runup_156% base_8d close_vs_pivot_-8.4%
row|NEO|2026-07-01|unqualified||2026-06-30|0||base_age_0_below_3
row|NEO|2026-07-02|unqualified||2026-07-01|0||base_age_0_below_3
row|NEO|2026-07-06|unqualified||2026-07-02|0||base_age_0_below_3
row|NEO|2026-07-07|unqualified||2026-07-02|1||base_age_1_below_3
row|NEO|2026-07-08|unqualified||2026-07-02|2||base_age_2_below_3
row|NEO|2026-07-09|WATCH||2026-07-02|3|15.57|runup_90% base_3d close_vs_pivot_-5.3%
row|NEO|2026-07-10|INVALIDATED||2026-07-02|4|15.57|close_14.11_below_base_low_close_14.24
row|NEO|2026-07-13|WATCH||2026-07-02|5|15.57|runup_90% base_5d close_vs_pivot_-9.3%
row|NEO|2026-07-14|WATCH||2026-07-02|6|15.57|runup_90% base_6d close_vs_pivot_-8.5%
row|NEO|2026-07-15|WATCH||2026-07-02|7|15.57|runup_90% base_7d close_vs_pivot_-6.8%
row|NEO|2026-07-16|WATCH||2026-07-02|8|15.57|runup_90% base_8d close_vs_pivot_-4.6%
row|NEO|2026-07-17|TIGHTENING||2026-07-02|9|15.57|range_0.67 vol_1.00
row|NEO|2026-07-20|TIGHTENING||2026-07-02|10|15.57|range_0.67 vol_1.82
row|NEO|2026-07-21|TIGHTENING||2026-07-02|11|15.57|range_0.70 vol_1.87
row|NEO|2026-07-22|INVALIDATED||2026-07-02|12|15.57|close_14.01_below_base_low_close_14.11
row|NEO|2026-07-23|INVALIDATED||2026-07-02|13|15.57|close_14.24_below_sma20_14.44
row|NEO|2026-07-24|INVALIDATED||2026-07-02|14|15.57|close_13.89_below_base_low_close_14.01
row|NEO|2026-07-29|unqualified||2026-07-02|17|15.57|ma_stack_not_stage2_14.2/14.4/12.3
row|NEO|2026-07-30|unqualified||2026-07-29|0||base_age_0_below_3
row|NEO|2026-07-31|unqualified||2026-07-29|1||base_age_1_below_3
row|NEO|2026-08-04|unqualified||2026-07-29|3|16.345|runup_63%_below_90%
row|NEO|2026-08-05|unqualified||2026-07-29|4|16.345|runup_63%_below_90%
row|NEO|2026-08-06|unqualified||2026-07-30|4|16.4501|runup_63%_below_90%
row|NEO|2026-08-07|unqualified||2026-07-30|5|16.4501|runup_63%_below_90%
row|NEO|2026-08-10|unqualified||2026-08-03|4|16.6|runup_63%_below_90%
row|NEO|2026-08-11|unqualified||2026-08-10|0||base_age_0_below_3
row|NEO|2026-08-12|unqualified||2026-08-10|1||base_age_1_below_3
row|NEO|2026-08-13|unqualified||2026-08-10|2||base_age_2_below_3
row|NEO|2026-08-14|unqualified||2026-08-10|3|16.8|runup_68%_below_90%
row|NEO|2026-08-17|unqualified||2026-08-10|4|16.8|runup_68%_below_90%
row|NEO|2026-08-18|unqualified||2026-08-10|5|16.8|runup_68%_below_90%
row|NEO|2026-08-19|unqualified||2026-08-10|6|16.8|runup_68%_below_90%
row|NEO|2026-08-21|unqualified||2026-08-10|8|16.82|runup_68%_below_90%
row|NEO|2026-08-26|unqualified||2026-08-10|11|17.075|runup_68%_below_90%
row|NEO|2026-08-27|unqualified||2026-08-26|0||base_age_0_below_3
row|NEO|2026-08-28|unqualified||2026-08-27|0||base_age_0_below_3
row|NEO|2026-08-31|unqualified||2026-08-27|1||base_age_1_below_3
row|NEO|2026-09-01|unqualified||2026-08-27|2||base_age_2_below_3
row|NEO|2026-09-02|unqualified||2026-08-27|3|18.75|runup_51%_below_90%
row|NEO|2026-09-03|unqualified||2026-08-27|4|18.75|runup_51%_below_90%
row|NEO|2026-09-04|unqualified||2026-08-27|5|18.75|runup_51%_below_90%
row|NEO|2026-09-08|unqualified||2026-08-27|6|18.75|runup_51%_below_90%
row|NEO|2026-09-09|unqualified||2026-08-27|7|18.75|runup_51%_below_90%
row|NEO|2026-09-10|unqualified||2026-08-27|8|18.75|runup_51%_below_90%
row|NEO|2026-09-11|unqualified||2026-08-27|9|18.75|runup_51%_below_90%
row|NEO|2026-09-14|unqualified||2026-08-27|10|18.75|runup_51%_below_90%
row|NEO|2026-09-15|unqualified||2026-08-27|11|18.75|runup_51%_below_90%
row|NEO|2026-09-16|unqualified||2026-08-27|12|19.29|runup_51%_below_90%
row|NEO|2026-09-17|unqualified||2026-08-27|13|19.38|runup_51%_below_90%
row|NEO|2026-09-18|unqualified||2026-08-27|14|19.89|runup_51%_below_90%
row|NEO|2026-09-21|unqualified||2026-08-27|15|20.025|runup_51%_below_90%
row|NEO|2026-09-22|unqualified||2026-08-27|16|20.0499|runup_51%_below_90%
row|NEO|2026-09-23|unqualified||2026-08-27|17|20.0499|runup_51%_below_90%
row|NEO|2026-09-24|unqualified||2026-08-27|18|20.0499|runup_51%_below_90%
row|NEO|2026-09-25|unqualified||2026-08-27|19|20.0499|runup_51%_below_90%
row|NEO|2026-09-28|unqualified||2026-08-27|20|20.0499|runup_51%_below_90%
row|NEO|2026-09-29|unqualified||2026-08-27|21|20.0499|runup_51%_below_90%
row|NEO|2026-09-30|unqualified||2026-08-27|22|20.0499|runup_51%_below_90%
row|NEO|2026-10-02|unqualified||2026-08-27|24|20.0499|runup_51%_below_90%
row|NEO|2026-10-05|unqualified||2026-09-18|10|20.0499|runup_53%_below_90%
row|NWL|2026-07-01|unqualified||2026-06-26|2||base_age_2_below_3
row|NWL|2026-07-02|INVALIDATED||2026-06-26|3|6.195|close_5.83_below_base_low_close_5.89
row|NWL|2026-07-06|INVALIDATED||2026-06-26|4|6.195|close_5.57_below_base_low_close_5.83
row|NWL|2026-07-07|INVALIDATED||2026-06-26|5|6.195|close_5.54_below_base_low_close_5.57
row|NWL|2026-07-31|unqualified||2026-06-26|23|6.195|ma_stack_not_stage2_5.2/5.2/4.8
row|NWL|2026-08-04|unqualified||2026-07-31|1||base_age_1_below_3
row|NWL|2026-08-05|unqualified||2026-07-31|2||base_age_2_below_3
row|NWL|2026-08-06|INVALIDATED||2026-07-31|3|6.64|close_6.02_below_base_low_close_6.13
row|NWL|2026-08-07|INVALIDATED||2026-07-31|4|6.64|close_6.01_below_base_low_close_6.02
row|NWL|2026-08-10|INVALIDATED||2026-07-31|5|6.64|close_5.90_below_base_low_close_6.01
row|NWL|2026-08-11|TIGHTENING||2026-07-31|6|6.64|range_0.67 vol_0.71
row|NWL|2026-08-12|TIGHTENING||2026-07-31|7|6.64|range_0.67 vol_0.71
row|NWL|2026-08-13|COILED||2026-07-31|8|6.64|range_0.67 vol_0.61 bodies_0.09/0.11
row|NWL|2026-08-14|COILED||2026-07-31|9|6.64|range_0.64 vol_0.59 bodies_0.27/0.09
row|NWL|2026-08-17|COILED|TIGHTENING|2026-07-31|10|6.64|range_0.64 vol_0.56 fresh
row|NWL|2026-08-18|COILED|TIGHTENING|2026-07-31|11|6.64|range_0.60 vol_0.54 fresh
row|NWL|2026-08-19|COILED||2026-07-31|12|6.64|range_0.47 vol_0.44 bodies_0.40/0.22
row|NWL|2026-08-20|INVALIDATED||2026-07-31|13|6.64|close_5.79_below_base_low_close_5.90
row|NWL|2026-08-21|TIGHTENING||2026-07-31|14|6.64|range_0.60 vol_0.43
row|NWL|2026-08-24|TIGHTENING||2026-07-31|15|6.64|range_0.73 vol_0.40
row|NWL|2026-08-25|INVALIDATED||2026-07-31|16|6.64|close_5.93_below_sma20_5.96
row|NWL|2026-08-26|INVALIDATED||2026-07-31|17|6.64|close_5.96_below_sma20_6.00
row|NWL|2026-08-27|INVALIDATED||2026-07-31|18|6.64|close_5.88_below_sma20_6.04
row|NWL|2026-08-28|unqualified||2026-07-31|19|6.64|ma_stack_not_stage2_6.0/6.1/5.6
row|NWL|2026-08-31|unqualified||2026-07-31|20|6.64|ma_stack_not_stage2_6.0/6.1/5.7
row|NWL|2026-09-08|unqualified||2026-08-03|24|6.45|runup_81%_below_90%
row|NWL|2026-09-10|unqualified||2026-08-05|24|6.465|runup_51%_below_90%
row|OMER|2026-07-06|unqualified||2026-05-29|23|11|runup_7%_below_90%
row|OMER|2026-07-17|unqualified||2026-07-08|6|10.7|runup_59%_below_90%
row|OMER|2026-07-23|unqualified||2026-07-08|10|10.7|runup_59%_below_90%
row|OMER|2026-07-24|unqualified||2026-07-08|11|10.7|runup_59%_below_90%
row|OMER|2026-07-27|unqualified||2026-07-08|12|10.7|runup_59%_below_90%
row|OMER|2026-07-28|unqualified||2026-07-27|0||base_age_0_below_3
row|OMER|2026-07-29|unqualified||2026-07-27|1||base_age_1_below_3
row|OMER|2026-07-30|unqualified||2026-07-29|0||base_age_0_below_3
row|OMER|2026-07-31|unqualified||2026-07-30|0||base_age_0_below_3
row|OMER|2026-08-04|unqualified||2026-08-03|0||base_age_0_below_3
row|OMER|2026-08-05|unqualified||2026-08-04|0||base_age_0_below_3
row|OMER|2026-08-06|unqualified||2026-08-04|1||base_age_1_below_3
row|OMER|2026-08-07|unqualified||2026-08-04|2||base_age_2_below_3
row|OMER|2026-08-10|unqualified||2026-08-07|0||base_age_0_below_3
row|OMER|2026-08-11|unqualified||2026-08-10|0||base_age_0_below_3
row|OMER|2026-08-12|unqualified||2026-08-11|0||base_age_0_below_3
row|OMER|2026-08-13|unqualified||2026-08-11|1||base_age_1_below_3
row|OMER|2026-08-14|unqualified||2026-08-13|0||base_age_0_below_3
row|OMER|2026-08-17|unqualified||2026-08-13|1||base_age_1_below_3
row|OMER|2026-08-18|unqualified||2026-08-13|2||base_age_2_below_3
row|OMER|2026-08-19|WATCH||2026-08-13|3|17.6099|runup_145% base_3d close_vs_pivot_+1.4%
row|OMER|2026-08-20|unqualified||2026-08-19|0||base_age_0_below_3
row|OMER|2026-08-21|unqualified||2026-08-19|1||base_age_1_below_3
row|OMER|2026-08-24|unqualified||2026-08-21|0||base_age_0_below_3
row|OMER|2026-08-25|unqualified||2026-08-21|1||base_age_1_below_3
row|OMER|2026-08-26|unqualified||2026-08-21|2||base_age_2_below_3
row|OMER|2026-08-27|WATCH||2026-08-21|3|19.6497|runup_165% base_3d close_vs_pivot_-1.7%
row|OMER|2026-08-28|WATCH||2026-08-21|4|19.6497|runup_165% base_4d close_vs_pivot_-5.0%
row|OMER|2026-08-31|WATCH||2026-08-21|5|19.6497|runup_165% base_5d close_vs_pivot_-4.0%
row|OMER|2026-09-01|WATCH||2026-08-21|6|19.6497|runup_165% base_6d close_vs_pivot_-4.2%
row|OMER|2026-09-02|WATCH||2026-08-21|7|19.6497|runup_165% base_7d close_vs_pivot_-3.7%
row|OMER|2026-09-03|WATCH||2026-08-21|8|19.6497|runup_165% base_8d close_vs_pivot_-2.4%
row|OMER|2026-09-04|COILED||2026-08-21|9|19.6497|fresh_2bar 2.5%/atr 4.7% bodies_0.06/0.14
row|OMER|2026-09-07|COILED||2026-08-21|9|19.6497|fresh_2bar 2.5%/atr 4.7% bodies_0.06/0.14
row|OMER|2026-09-08|COILED|TIGHTENING|2026-08-21|10|19.6497|range_0.60 vol_0.95
row|OMER|2026-09-09|COILED|TIGHTENING|2026-08-21|11|19.6497|range_0.60 vol_0.91
row|OMER|2026-09-10|COILED|TIGHTENING|2026-08-21|12|19.6497|range_0.64 vol_0.83
row|OMER|2026-09-11|INVALIDATED||2026-08-21|13|19.6497|close_18.28_below_sma20_18.63
row|OMER|2026-09-14|INVALIDATED||2026-08-21|14|19.6497|close_17.46_below_base_low_close_18.22
row|OMER|2026-09-15|INVALIDATED||2026-08-21|15|19.6497|close_17.17_below_base_low_close_17.46
row|OMER|2026-09-22|unqualified||2026-08-21|20|19.6497|ma_stack_not_stage2_18.4/18.7/15.4
row|OMER|2026-09-23|unqualified||2026-09-22|0||base_age_0_below_3
row|OMER|2026-09-24|unqualified||2026-09-22|1||base_age_1_below_3
row|OMER|2026-09-25|unqualified||2026-09-22|2||base_age_2_below_3
row|OMER|2026-09-28|INVALIDATED||2026-09-22|3|20.97|close_19.43_below_base_low_close_20.08
row|OMER|2026-09-29|INVALIDATED||2026-09-22|4|20.97|close_19.25_below_base_low_close_19.43
row|OMER|2026-10-02|INVALIDATED||2026-09-22|7|20.97|close_18.61_below_sma20_18.90
row|OMER|2026-10-05|WATCH||2026-09-22|8|20.97|runup_101% base_8d close_vs_pivot_-11.0%
row|OMER|2026-10-06|INVALIDATED||2026-09-22|9|20.97|close_18.51_below_sma20_18.86
row|OMER|2026-10-07|INVALIDATED||2026-09-22|10|20.97|close_18.75_below_sma20_18.83
row|OMER|2026-10-08|WATCH||2026-09-22|11|20.97|runup_101% base_11d close_vs_pivot_-10.0%
row|OMER|2026-10-09|WATCH||2026-09-22|12|20.97|runup_101% base_12d close_vs_pivot_-6.6%
row|PAY|2026-07-01|unqualified||2026-06-29|1||base_age_1_below_3
row|PAY|2026-07-02|unqualified||2026-07-01|0||base_age_0_below_3
row|PAY|2026-07-06|unqualified||2026-07-02|0||base_age_0_below_3
row|PAY|2026-07-07|unqualified||2026-07-06|0||base_age_0_below_3
row|PAY|2026-07-08|unqualified||2026-07-07|0||base_age_0_below_3
row|PAY|2026-07-09|unqualified||2026-07-07|1||base_age_1_below_3
row|PAY|2026-07-10|unqualified||2026-07-07|2||base_age_2_below_3
row|PAY|2026-07-13|unqualified||2026-07-10|0||base_age_0_below_3
row|PAY|2026-07-14|unqualified||2026-07-10|1||base_age_1_below_3
row|PAY|2026-07-15|unqualified||2026-07-10|2||base_age_2_below_3
row|PAY|2026-07-16|unqualified||2026-07-10|3|29.5274|runup_46%_below_90%
row|PAY|2026-07-17|unqualified||2026-07-16|0||base_age_0_below_3
row|PAY|2026-07-20|unqualified||2026-07-16|1||base_age_1_below_3
row|PAY|2026-07-21|unqualified||2026-07-16|2||base_age_2_below_3
row|PAY|2026-07-22|unqualified||2026-07-16|3|30.28|runup_49%_below_90%
row|PAY|2026-07-23|unqualified||2026-07-16|4|30.28|runup_49%_below_90%
row|PAY|2026-07-24|unqualified||2026-07-16|5|30.28|runup_49%_below_90%
row|PAY|2026-07-27|unqualified||2026-07-16|6|30.28|runup_49%_below_90%
row|PAY|2026-07-28|unqualified||2026-07-27|0||base_age_0_below_3
row|PAY|2026-07-29|unqualified||2026-07-28|0||base_age_0_below_3
row|PAY|2026-07-30|unqualified||2026-07-29|0||base_age_0_below_3
row|PAY|2026-07-31|unqualified||2026-07-29|1||base_age_1_below_3
row|PAY|2026-08-04|unqualified||2026-07-29|3|36.26|runup_83%_below_90%
row|PAY|2026-08-05|unqualified||2026-08-04|0||base_age_0_below_3
row|PAY|2026-08-06|unqualified||2026-08-04|1||base_age_1_below_3
row|PAY|2026-08-07|unqualified||2026-08-04|2||base_age_2_below_3
row|PAY|2026-08-10|WATCH||2026-08-04|3|43.68|runup_125% base_3d close_vs_pivot_-13.9%
row|PAY|2026-08-11|WATCH||2026-08-04|4|43.68|runup_125% base_4d close_vs_pivot_-10.4%
row|PAY|2026-08-12|WATCH||2026-08-04|5|43.68|runup_125% base_5d close_vs_pivot_-10.9%
row|PAY|2026-08-13|TIGHTENING||2026-08-04|6|43.68|range_0.85 vol_0.62
row|PAY|2026-08-14|TIGHTENING||2026-08-04|7|43.68|range_0.96 vol_0.64
row|PAY|2026-08-17|TIGHTENING||2026-08-04|8|43.68|range_0.68 vol_0.62 fresh
row|PAY|2026-08-18|INVALIDATED||2026-08-04|9|43.68|close_38.32_below_base_low_close_38.57
row|PAY|2026-08-19|TIGHTENING||2026-08-04|10|43.68|range_0.68 vol_0.81
row|PAY|2026-08-20|TIGHTENING||2026-08-04|11|43.68|range_0.68 vol_0.95
row|PAY|2026-08-21|TIGHTENING||2026-08-04|12|43.68|range_0.68 vol_0.97
row|PAY|2026-08-24|TIGHTENING||2026-08-04|13|43.68|range_0.68 vol_1.13
row|PAY|2026-08-25|TIGHTENING||2026-08-04|14|43.68|range_0.68 vol_1.21
row|PAY|2026-08-26|TIGHTENING||2026-08-04|15|43.68|range_0.68 vol_1.05
row|PAY|2026-08-27|INVALIDATED||2026-08-04|16|43.68|close_35.61_below_base_low_close_38.32
row|PAY|2026-08-28|INVALIDATED||2026-08-04|17|43.68|close_35.99_below_sma20_39.45
row|PAY|2026-08-31|INVALIDATED||2026-08-04|18|43.68|close_35.60_below_base_low_close_35.61
row|PAY|2026-09-17|INVALIDATED||2026-08-13|23|42.5|close_36.13_below_sma20_36.91
row|PBF|2026-07-01|unqualified||2026-06-29|1||base_age_1_below_3
row|PBF|2026-07-02|unqualified||2026-06-29|2||base_age_2_below_3
row|PBF|2026-07-06|unqualified||2026-07-02|0||base_age_0_below_3
row|PBF|2026-07-07|unqualified||2026-07-06|0||base_age_0_below_3
row|PBF|2026-07-08|unqualified||2026-07-06|1||base_age_1_below_3
row|PBF|2026-07-09|unqualified||2026-07-08|0||base_age_0_below_3
row|PBF|2026-07-10|unqualified||2026-07-08|1||base_age_1_below_3
row|PBF|2026-07-13|unqualified||2026-07-10|0||base_age_0_below_3
row|PBF|2026-07-14|unqualified||2026-07-13|0||base_age_0_below_3
row|PBF|2026-07-15|unqualified||2026-07-14|0||base_age_0_below_3
row|PBF|2026-07-16|unqualified||2026-07-14|1||base_age_1_below_3
row|PBF|2026-07-17|unqualified||2026-07-14|2||base_age_2_below_3
row|PBF|2026-07-20|unqualified||2026-07-17|0||base_age_0_below_3
row|PBF|2026-07-21|unqualified||2026-07-17|1||base_age_1_below_3
row|PBF|2026-07-22|unqualified||2026-07-21|0||base_age_0_below_3
row|PBF|2026-07-23|unqualified||2026-07-22|0||base_age_0_below_3
row|PBF|2026-07-24|unqualified||2026-07-22|1||base_age_1_below_3
row|PBF|2026-07-27|unqualified||2026-07-22|2||base_age_2_below_3
row|PBF|2026-07-28|unqualified||2026-07-22|3|66.9703|runup_88%_below_90%
row|PBF|2026-07-29|unqualified||2026-07-22|4|66.9703|runup_88%_below_90%
row|PBF|2026-07-30|unqualified||2026-07-22|5|66.9703|runup_88%_below_90%
row|PBF|2026-07-31|unqualified||2026-07-30|0||base_age_0_below_3
row|PBF|2026-08-04|unqualified||2026-07-30|2||base_age_2_below_3
row|PBF|2026-08-13|WATCH||2026-07-30|9|74.05|runup_105% base_9d close_vs_pivot_-0.5%
row|PBF|2026-08-14|WATCH||2026-07-30|10|74.5085|runup_105% base_10d close_vs_pivot_-3.9%
row|PBF|2026-08-17|WATCH||2026-07-30|11|74.5085|runup_105% base_11d close_vs_pivot_+0.4%
row|PBF|2026-08-18|WATCH||2026-07-30|12|75.68|runup_105% base_12d close_vs_pivot_+0.6%
row|PBF|2026-08-19|COILED||2026-07-30|13|75.68|range_0.75 vol_0.66 bodies_0.24/0.07
row|PBF|2026-08-20|COILED|TIGHTENING|2026-07-30|14|75.68|range_0.75 vol_0.64
row|PBF|2026-08-21|COILED|TIGHTENING|2026-07-30|15|75.68|range_0.75 vol_0.63
row|PBF|2026-08-24|COILED|TIGHTENING|2026-07-30|16|75.68|range_0.85 vol_0.64
row|PBF|2026-08-25|INVALIDATED||2026-07-30|17|75.68|close_66.51_below_sma20_69.11
row|PBF|2026-08-26|TIGHTENING||2026-07-30|18|75.68|range_1.01 vol_0.62
row|PBF|2026-08-27|INVALIDATED||2026-07-30|19|75.68|close_68.59_below_sma20_69.20
row|PBF|2026-08-28|TIGHTENING||2026-07-30|20|75.68|range_1.01 vol_0.59
row|PBF|2026-08-31|TIGHTENING||2026-07-30|21|75.68|range_0.99 vol_0.53
row|PBF|2026-09-01|TIGHTENING||2026-07-30|22|75.68|range_0.99 vol_0.58
row|PBF|2026-09-02|TIGHTENING|WATCH|2026-07-30|23|76.16|runup_105% base_23d close_vs_pivot_+1.0%
row|PBF|2026-09-03|unqualified||2026-09-02|0||base_age_0_below_3
row|PBF|2026-09-04|unqualified||2026-09-02|1||base_age_1_below_3
row|PBF|2026-09-07|unqualified||2026-09-02|1||base_age_1_below_3
row|PBF|2026-09-08|unqualified||2026-09-02|2||base_age_2_below_3
row|PBF|2026-09-09|unqualified||2026-09-02|3|77.6|runup_51%_below_90%
row|PBF|2026-09-10|unqualified||2026-09-02|4|77.98|runup_51%_below_90%
row|PBF|2026-09-11|unqualified||2026-09-02|5|78.97|runup_51%_below_90%
row|PBF|2026-09-14|unqualified||2026-09-11|0||base_age_0_below_3
row|PBF|2026-09-15|unqualified||2026-09-11|1||base_age_1_below_3
row|PBF|2026-09-16|unqualified||2026-09-11|2||base_age_2_below_3
row|PBF|2026-09-17|unqualified||2026-09-11|3|77.58|runup_43%_below_90%
row|PBF|2026-09-18|unqualified||2026-09-11|4|77.91|runup_43%_below_90%
row|PBF|2026-09-28|unqualified||2026-09-11|10|78.48|runup_43%_below_90%
row|PBF|2026-09-30|unqualified||2026-09-11|12|78.48|runup_43%_below_90%
row|PBF|2026-10-01|unqualified||2026-09-11|13|80.28|runup_43%_below_90%
row|PBF|2026-10-02|unqualified||2026-09-11|14|82.37|runup_43%_below_90%
row|PBF|2026-10-05|unqualified||2026-09-11|15|83.36|runup_43%_below_90%
row|PBF|2026-10-06|unqualified||2026-10-05|0||base_age_0_below_3
row|PBF|2026-10-07|unqualified||2026-10-05|1||base_age_1_below_3
row|PBF|2026-10-08|unqualified||2026-10-05|2||base_age_2_below_3
row|PBF|2026-10-09|unqualified||2026-10-08|0||base_age_0_below_3
row|PLSE|2026-08-04|unqualified|||||adv_326k_below_500k_shares
row|PLSE|2026-08-05|unqualified|||||adv_326k_below_500k_shares
row|PLSE|2026-08-06|unqualified|||||adv_304k_below_500k_shares
row|PLSE|2026-08-07|unqualified|||||adv_326k_below_500k_shares
row|PLSE|2026-08-10|unqualified|||||adv_335k_below_500k_shares
row|PLSE|2026-08-11|unqualified|||||adv_347k_below_500k_shares
row|PLSE|2026-08-12|unqualified|||||adv_347k_below_500k_shares
row|PLSE|2026-08-13|unqualified|||||adv_360k_below_500k_shares
row|PLSE|2026-08-14|unqualified|||||adv_384k_below_500k_shares
row|PLSE|2026-08-17|unqualified|||||adv_417k_below_500k_shares
row|PLSE|2026-08-18|unqualified|||||adv_460k_below_500k_shares
row|PLSE|2026-08-19|unqualified|||||adv_421k_below_500k_shares
row|PLSE|2026-08-20|unqualified|||||adv_406k_below_500k_shares
row|PLSE|2026-08-21|unqualified|||||adv_421k_below_500k_shares
row|PLSE|2026-08-24|unqualified|||||adv_406k_below_500k_shares
row|PLSE|2026-08-25|unqualified|||||adv_384k_below_500k_shares
row|PLSE|2026-08-26|unqualified|||||adv_359k_below_500k_shares
row|PLSE|2026-08-27|unqualified|||||adv_359k_below_500k_shares
row|PLSE|2026-08-28|unqualified|||||adv_359k_below_500k_shares
row|PLSE|2026-08-31|unqualified|||||adv_384k_below_500k_shares
row|PLSE|2026-09-01|unqualified|||||adv_406k_below_500k_shares
row|PLSE|2026-09-02|unqualified|||||adv_432k_below_500k_shares
row|PLSE|2026-09-03|unqualified|||||adv_470k_below_500k_shares
row|PLSE|2026-09-04|unqualified|||||adv_470k_below_500k_shares
row|PLSE|2026-09-08|unqualified|||||adv_473k_below_500k_shares
row|PLSE|2026-09-09|unqualified|||||adv_473k_below_500k_shares
row|PLSE|2026-09-10|unqualified||2026-09-09|0||base_age_0_below_3
row|PLSE|2026-09-11|unqualified||2026-09-09|1||base_age_1_below_3
row|PLSE|2026-09-14|unqualified||2026-09-09|2||base_age_2_below_3
row|PLSE|2026-09-15|WATCH||2026-09-09|3|57.94|runup_136% base_3d close_vs_pivot_-6.3%
row|PLSE|2026-09-16|INVALIDATED||2026-09-09|4|57.94|close_49.61_below_base_low_close_53.11
row|PLSE|2026-09-17|INVALIDATED||2026-09-09|5|57.94|close_50.61_below_sma20_51.13
row|PLSE|2026-09-18|WATCH||2026-09-09|6|57.94|runup_136% base_6d close_vs_pivot_-8.5%
row|PLSE|2026-09-21|TIGHTENING||2026-09-09|7|57.94|range_0.65 vol_0.95
row|PLSE|2026-09-22|TIGHTENING||2026-09-09|8|57.94|range_0.63 vol_0.92
row|PLSE|2026-09-23|TIGHTENING||2026-09-09|9|57.94|range_0.63 vol_0.89
row|PLSE|2026-09-24|INVALIDATED||2026-09-09|10|57.94|close_51.83_below_sma20_52.09
row|PLSE|2026-09-25|INVALIDATED||2026-09-09|11|57.94|close_51.63_below_sma20_52.24
row|PLSE|2026-09-28|INVALIDATED||2026-09-09|12|57.94|close_52.32_below_sma20_52.48
row|PLSE|2026-09-29|INVALIDATED||2026-09-09|13|57.94|close_50.89_below_sma20_52.51
row|PURR|2026-08-17|unqualified||2026-07-15|22|7.53|runup_16%_below_90%
row|PURR|2026-08-18|unqualified||2026-07-15|23|7.53|runup_16%_below_90%
row|PURR|2026-08-19|unqualified||2026-07-15|24|7.53|runup_16%_below_90%
row|PURR|2026-08-20|unqualified||2026-08-19|0||base_age_0_below_3
row|PURR|2026-08-21|unqualified||2026-08-20|0||base_age_0_below_3
row|PURR|2026-08-24|unqualified||2026-08-21|0||base_age_0_below_3
row|PURR|2026-08-25|unqualified||2026-08-21|1||base_age_1_below_3
row|PURR|2026-08-26|unqualified||2026-08-25|0||base_age_0_below_3
row|PURR|2026-08-27|unqualified||2026-08-25|1||base_age_1_below_3
row|PURR|2026-08-28|unqualified||2026-08-27|0||base_age_0_below_3
row|PURR|2026-08-31|unqualified||2026-08-27|1||base_age_1_below_3
row|PURR|2026-09-01|unqualified||2026-08-27|2||base_age_2_below_3
row|PURR|2026-09-02|INVALIDATED||2026-08-27|3|13.86|close_11.32_below_base_low_close_11.36
row|PURR|2026-09-03|WATCH||2026-08-27|4|13.86|runup_144% base_4d close_vs_pivot_-9.7%
row|PURR|2026-09-04|WATCH||2026-08-27|5|13.86|runup_144% base_5d close_vs_pivot_-13.9%
row|PURR|2026-09-07|WATCH||2026-08-27|5|13.86|runup_144% base_5d close_vs_pivot_-13.9%
row|PURR|2026-09-08|WATCH||2026-08-27|6|13.86|runup_144% base_6d close_vs_pivot_-15.6%
row|PURR|2026-09-09|WATCH||2026-08-27|7|13.86|runup_144% base_7d close_vs_pivot_-14.9%
row|PURR|2026-09-10|INVALIDATED||2026-08-27|8|13.86|close_11.01_below_base_low_close_11.32
row|PURR|2026-09-11|WATCH||2026-08-27|9|13.86|runup_144% base_9d close_vs_pivot_-17.9%
row|PURR|2026-09-14|TIGHTENING||2026-08-27|10|13.86|range_0.85 vol_0.69
row|PURR|2026-09-15|INVALIDATED||2026-08-27|11|13.86|close_11.20_below_sma20_11.26
row|PURR|2026-09-16|INVALIDATED||2026-08-27|12|13.86|close_11.44_below_sma20_11.48
row|PURR|2026-09-17|unqualified||2026-08-27|13|13.86|flag_low_10.54_below_75%_of_pole_14.14
row|PURR|2026-09-18|unqualified||2026-08-27|14|13.86|flag_low_10.54_below_75%_of_pole_14.14
row|PURR|2026-09-21|unqualified||2026-08-27|15|14.47|flag_low_10.54_below_75%_of_pole_14.14
row|PURR|2026-09-22|unqualified||2026-08-27|16|14.76|flag_low_10.54_below_75%_of_pole_14.14
row|PURR|2026-09-23|unqualified||2026-08-27|17|14.76|flag_low_10.54_below_75%_of_pole_14.14
row|PURR|2026-09-24|unqualified||2026-08-27|18|14.76|flag_low_10.54_below_75%_of_pole_14.14
row|PURR|2026-09-25|unqualified||2026-08-27|19|14.76|flag_low_10.54_below_75%_of_pole_14.14
row|PURR|2026-09-28|INVALIDATED||2026-08-27|20|14.76|close_12.08_below_sma20_12.42
row|PURR|2026-09-29|INVALIDATED||2026-08-27|21|14.76|close_11.92_below_sma20_12.40
row|PURR|2026-09-30|INVALIDATED||2026-08-27|22|14.76|close_12.27_below_sma20_12.45
row|PURR|2026-10-01|INVALIDATED||2026-08-27|23|14.76|close_12.03_below_sma20_12.48
row|PURR|2026-10-02|INVALIDATED||2026-08-27|24|14.76|close_11.89_below_sma20_12.44
row|PURR|2026-10-05|TIGHTENING||2026-09-18|10|14.76|range_0.66 vol_0.59
row|PURR|2026-10-06|INVALIDATED||2026-09-18|11|14.76|close_12.50_below_sma20_12.50
row|PURR|2026-10-07|INVALIDATED||2026-09-18|12|14.76|close_11.73_below_base_low_close_11.89
row|PURR|2026-10-08|INVALIDATED||2026-09-18|13|14.76|close_11.30_below_base_low_close_11.73
row|PURR|2026-10-09|INVALIDATED||2026-09-18|14|14.76|close_11.11_below_base_low_close_11.30
row|QMCO|2026-08-11|unqualified||2026-07-29|8|12.45|runup_41%_below_90%
row|QMCO|2026-08-12|unqualified||2026-08-11|0||base_age_0_below_3
row|QMCO|2026-08-13|unqualified||2026-08-12|0||base_age_0_below_3
row|QMCO|2026-08-14|unqualified||2026-08-13|0||base_age_0_below_3
row|QMCO|2026-08-17|unqualified||2026-08-14|0||base_age_0_below_3
row|QMCO|2026-08-18|unqualified||2026-08-14|1||base_age_1_below_3
row|QMCO|2026-08-19|unqualified||2026-08-14|2||base_age_2_below_3
row|QMCO|2026-08-20|INVALIDATED||2026-08-14|3|26.28|close_20.49_below_base_low_close_21.79
row|QMCO|2026-08-21|unqualified||2026-08-14|4|26.28|flag_low_19.73_below_75%_of_pole_27.80
row|QMCO|2026-08-24|unqualified||2026-08-14|5|26.28|flag_low_19.73_below_75%_of_pole_27.80
row|QMCO|2026-08-25|unqualified||2026-08-14|6|26.28|flag_low_19.73_below_75%_of_pole_27.80
row|QMCO|2026-08-26|unqualified||2026-08-14|7|26.28|flag_low_19.73_below_75%_of_pole_27.80
row|QMCO|2026-08-27|unqualified||2026-08-14|8|26.28|flag_low_19.73_below_75%_of_pole_27.80
row|QMCO|2026-08-28|unqualified||2026-08-14|9|26.28|flag_low_19.73_below_75%_of_pole_27.80
row|QMCO|2026-08-31|unqualified||2026-08-14|10|26.28|flag_low_19.73_below_75%_of_pole_27.80
row|QMCO|2026-09-01|unqualified||2026-08-14|11|26.28|flag_low_19.73_below_75%_of_pole_27.80
row|QMCO|2026-09-02|unqualified||2026-08-14|12|26.28|flag_low_19.73_below_75%_of_pole_27.80
row|QMCO|2026-09-08|unqualified||2026-08-14|15|26.28|flag_low_19.73_below_75%_of_pole_27.80
row|QMCO|2026-09-09|unqualified||2026-08-14|16|26.28|flag_low_19.73_below_75%_of_pole_27.80
row|QMCO|2026-09-10|INVALIDATED||2026-08-14|17|26.28|close_23.03_below_sma20_23.44
row|QMCO|2026-09-11|unqualified||2026-08-14|18|26.28|flag_low_19.73_below_75%_of_pole_27.80
row|QMCO|2026-09-14|INVALIDATED||2026-08-14|19|26.28|close_22.82_below_sma20_23.22
row|QMCO|2026-09-15|unqualified||2026-08-14|20|26.28|flag_low_19.73_below_75%_of_pole_27.80
row|QMCO|2026-09-16|unqualified||2026-08-14|21|26.28|flag_low_19.73_below_75%_of_pole_27.80
row|QMCO|2026-09-17|unqualified||2026-08-14|22|26.28|flag_low_19.73_below_75%_of_pole_27.80
row|QMCO|2026-09-18|unqualified||2026-08-14|23|26.39|flag_low_19.73_below_75%_of_pole_27.80
row|QMCO|2026-09-21|unqualified||2026-08-14|24|26.39|flag_low_19.73_below_75%_of_pole_27.80
row|QMCO|2026-09-22|TIGHTENING||2026-08-18|23|26.5|range_0.61 vol_0.90
row|QMCO|2026-09-23|TIGHTENING||2026-08-18|24|26.5|range_0.61 vol_0.93
row|QMCO|2026-09-24|unqualified||2026-09-23|0||base_age_0_below_3
row|QMCO|2026-09-25|unqualified||2026-09-24|0||base_age_0_below_3
row|QMCO|2026-09-28|unqualified||2026-09-25|0||base_age_0_below_3
row|QMCO|2026-09-29|unqualified||2026-09-25|1||base_age_1_below_3
row|QMCO|2026-09-30|unqualified||2026-09-29|0||base_age_0_below_3
row|QMCO|2026-10-01|unqualified||2026-09-29|1||base_age_1_below_3
row|QMCO|2026-10-02|unqualified||2026-09-29|2||base_age_2_below_3
row|QMCO|2026-10-05|WATCH||2026-09-29|3|35.17|runup_222% base_3d close_vs_pivot_-1.9%
row|QMCO|2026-10-06|WATCH||2026-09-29|4|35.65|runup_222% base_4d close_vs_pivot_-3.5%
row|QMCO|2026-10-07|INVALIDATED||2026-09-29|5|35.65|close_31.07_below_base_low_close_31.72
row|QMCO|2026-10-08|INVALIDATED||2026-09-29|6|35.65|close_29.18_below_base_low_close_31.07
row|QMCO|2026-10-09|WATCH||2026-09-29|7|35.65|runup_222% base_7d close_vs_pivot_-12.3%
row|REPL|2026-07-01|unqualified||2026-06-30|0||base_age_0_below_3
row|REPL|2026-07-02|unqualified||2026-06-30|1||base_age_1_below_3
row|REPL|2026-07-06|unqualified||2026-06-30|2||base_age_2_below_3
row|REPL|2026-07-07|WATCH||2026-06-30|3|11.95|runup_396% base_3d close_vs_pivot_-7.9%
row|REPL|2026-07-08|INVALIDATED||2026-06-30|4|11.95|close_11.12_below_base_low_close_11.22
row|REPL|2026-07-09|INVALIDATED||2026-06-30|5|11.95|close_11.11_below_base_low_close_11.12
row|REPL|2026-07-31|unqualified||2026-06-30|20|11.95|ma_stack_not_stage2_9.3/10.0/9.2
row|REPL|2026-08-04|unqualified||2026-06-30|22|12.6|ma_stack_not_stage2_9.6/10.0/9.5
row|REPL|2026-08-05|unqualified||2026-08-04|0||base_age_0_below_3
row|REPL|2026-08-06|unqualified||2026-08-04|1||base_age_1_below_3
row|REPL|2026-08-07|unqualified||2026-08-04|2||base_age_2_below_3
row|REPL|2026-08-10|WATCH||2026-08-04|3|13.9|runup_191% base_3d close_vs_pivot_-1.4%
row|REPL|2026-08-11|WATCH||2026-08-04|4|14.12|runup_191% base_4d close_vs_pivot_-1.5%
row|REPL|2026-08-12|WATCH||2026-08-04|5|14.14|runup_191% base_5d close_vs_pivot_+10.0%
row|REPL|2026-08-13|unqualified||2026-08-12|0||base_age_0_below_3
row|REPL|2026-08-14|unqualified||2026-08-12|1||base_age_1_below_3
row|REPL|2026-08-17|unqualified||2026-08-12|2||base_age_2_below_3
row|REPL|2026-08-18|WATCH||2026-08-12|3|15.705|runup_229% base_3d close_vs_pivot_-0.6%
row|REPL|2026-08-19|TIGHTENING||2026-08-12|4|15.705|range_1.00 vol_1.00 fresh
row|REPL|2026-08-20|INVALIDATED||2026-08-12|5|15.705|close_14.05_below_base_low_close_14.63
row|REPL|2026-08-21|WATCH||2026-08-12|6|15.705|runup_229% base_6d close_vs_pivot_-5.8%
row|REPL|2026-08-24|WATCH||2026-08-12|7|15.705|runup_229% base_7d close_vs_pivot_-6.2%
row|REPL|2026-08-25|WATCH||2026-08-12|8|15.705|runup_229% base_8d close_vs_pivot_+0.8%
row|REPL|2026-08-26|WATCH||2026-08-12|9|15.89|runup_229% base_9d close_vs_pivot_+1.3%
row|REPL|2026-08-27|WATCH||2026-08-12|10|15.99|runup_229% base_10d close_vs_pivot_-0.5%
row|REPL|2026-08-28|WATCH||2026-08-12|11|16.15|runup_229% base_11d close_vs_pivot_-1.1%
row|REPL|2026-08-31|WATCH||2026-08-12|12|16.15|runup_229% base_12d close_vs_pivot_-2.4%
row|REPL|2026-09-01|TIGHTENING||2026-08-12|13|16.15|range_0.66 vol_0.75
row|REPL|2026-09-02|COILED||2026-08-12|14|16.15|range_0.66 vol_0.66 bodies_0.38/0.50
row|REPL|2026-09-03|unqualified||2026-09-02|0||base_age_0_below_3
row|REPL|2026-09-04|unqualified||2026-09-02|1||base_age_1_below_3
row|REPL|2026-09-07|unqualified||2026-09-02|1||base_age_1_below_3
row|REPL|2026-10-01|unqualified||2026-09-02|19|16.025|ma_stack_not_stage2_13.0/13.4/13.2
row|RUM|2026-07-01|INVALIDATED||2026-06-04|17|8.71|close_6.28_below_sma20_7.10
row|RUM|2026-07-02|INVALIDATED||2026-06-04|18|8.71|close_6.16_below_base_low_close_6.19
row|RUM|2026-08-12|unqualified||2026-08-11|0||base_age_0_below_3
row|RUM|2026-08-13|unqualified||2026-08-12|0||base_age_0_below_3
row|RUM|2026-08-14|unqualified||2026-08-13|0||base_age_0_below_3
row|RUM|2026-08-17|unqualified||2026-08-13|1||base_age_1_below_3
row|RUM|2026-08-18|unqualified||2026-08-13|2||base_age_2_below_3
row|RUM|2026-08-19|unqualified||2026-08-13|3|8.41|runup_56%_below_90%
row|RUM|2026-08-20|unqualified||2026-08-13|4|8.62|runup_56%_below_90%
row|RUM|2026-08-21|unqualified||2026-08-13|5|8.62|runup_56%_below_90%
row|RUM|2026-08-24|unqualified||2026-08-21|0||base_age_0_below_3
row|RUM|2026-08-25|unqualified||2026-08-24|0||base_age_0_below_3
row|RUM|2026-08-26|unqualified||2026-08-25|0||base_age_0_below_3
row|RUM|2026-08-27|unqualified||2026-08-25|1||base_age_1_below_3
row|RUM|2026-08-28|unqualified||2026-08-25|2||base_age_2_below_3
row|RUM|2026-08-31|INVALIDATED||2026-08-25|3|10.24|close_8.96_below_base_low_close_8.98
row|RUM|2026-09-01|INVALIDATED||2026-08-25|4|10.24|close_8.53_below_base_low_close_8.96
row|RUM|2026-09-02|WATCH||2026-08-25|5|10.24|runup_94% base_5d close_vs_pivot_-16.9%
row|RUM|2026-09-03|TIGHTENING||2026-08-25|6|10.24|range_0.74 vol_0.91
row|RUM|2026-09-04|TIGHTENING||2026-08-25|7|10.24|range_0.69 vol_0.81
row|RUM|2026-09-07|TIGHTENING||2026-08-25|7|10.24|range_0.69 vol_0.81
row|RUM|2026-09-08|INVALIDATED||2026-08-25|8|10.24|close_8.39_below_base_low_close_8.53
row|RUM|2026-09-09|INVALIDATED||2026-08-25|9|10.24|close_7.52_below_base_low_close_8.39
row|RUM|2026-09-10|INVALIDATED||2026-08-25|10|10.24|close_7.37_below_base_low_close_7.52
row|RUM|2026-09-11|INVALIDATED||2026-08-25|11|10.24|close_7.17_below_base_low_close_7.37
row|RUM|2026-09-18|unqualified||2026-08-25|16|10.24|ma_stack_not_stage2_8.2/8.7/7.4
row|RUM|2026-09-21|unqualified||2026-08-25|17|10.24|ma_stack_not_stage2_8.2/8.7/7.4
row|RUM|2026-09-22|unqualified||2026-08-25|18|10.24|ma_stack_not_stage2_8.3/8.7/7.5
row|RUM|2026-10-01|unqualified||2026-08-26|24|10.24|runup_84%_below_90%
row|RUM|2026-10-02|unqualified||2026-08-27|24|9.7715|runup_87%_below_90%
row|TEAM|2026-07-13|unqualified||2026-06-04|24|103.372|runup_90%_below_90%
row|TEAM|2026-07-14|unqualified||2026-06-05|24|99.9799|runup_85%_below_90%
row|TEAM|2026-07-15|unqualified||2026-06-09|23|96.655|runup_67%_below_90%
row|TEAM|2026-07-16|unqualified||2026-06-09|24|96.655|runup_67%_below_90%
row|TEAM|2026-07-17|unqualified||2026-07-13|3|95.85|runup_30%_below_90%
row|TEAM|2026-07-20|unqualified||2026-07-13|4|95.85|runup_30%_below_90%
row|TEAM|2026-07-21|unqualified||2026-07-13|5|97.25|runup_30%_below_90%
row|TEAM|2026-07-27|unqualified||2026-07-13|9|97.25|runup_30%_below_90%
row|TEAM|2026-07-28|unqualified||2026-07-13|10|97.73|runup_30%_below_90%
row|TEAM|2026-07-29|unqualified||2026-07-28|0||base_age_0_below_3
row|TEAM|2026-07-30|unqualified||2026-07-29|0||base_age_0_below_3
row|TEAM|2026-07-31|unqualified||2026-07-29|1||base_age_1_below_3
row|TEAM|2026-08-04|unqualified||2026-08-03|0||base_age_0_below_3
row|TEAM|2026-08-05|unqualified||2026-08-03|1||base_age_1_below_3
row|TEAM|2026-08-06|unqualified||2026-08-05|0||base_age_0_below_3
row|TEAM|2026-08-07|unqualified||2026-08-05|1||base_age_1_below_3
row|TEAM|2026-08-10|unqualified||2026-08-07|0||base_age_0_below_3
row|TEAM|2026-08-11|unqualified||2026-08-07|1||base_age_1_below_3
row|TEAM|2026-08-12|unqualified||2026-08-07|2||base_age_2_below_3
row|TEAM|2026-08-13|unqualified||2026-08-10|2||base_age_2_below_3
row|TEAM|2026-08-14|unqualified||2026-08-13|0||base_age_0_below_3
row|TEAM|2026-08-17|unqualified||2026-08-13|1||base_age_1_below_3
row|TEAM|2026-08-18|unqualified||2026-08-13|2||base_age_2_below_3
row|TEAM|2026-08-19|WATCH||2026-08-13|3|167.87|runup_125% base_3d close_vs_pivot_+4.3%
row|TEAM|2026-08-20|unqualified||2026-08-19|0||base_age_0_below_3
row|TEAM|2026-08-21|unqualified||2026-08-19|1||base_age_1_below_3
row|TEAM|2026-08-24|unqualified||2026-08-19|2||base_age_2_below_3
row|TEAM|2026-08-25|INVALIDATED||2026-08-19|3|177.88|close_166.49_below_base_low_close_171.33
row|TEAM|2026-08-26|WATCH||2026-08-19|4|177.88|runup_137% base_4d close_vs_pivot_-4.4%
row|TEAM|2026-08-27|WATCH||2026-08-19|5|177.88|runup_137% base_5d close_vs_pivot_+5.4%
row|TEAM|2026-08-28|unqualified||2026-08-27|0||base_age_0_below_3
row|TEAM|2026-08-31|unqualified||2026-08-28|0||base_age_0_below_3
row|TEAM|2026-09-01|unqualified||2026-08-28|1||base_age_1_below_3
row|TEAM|2026-09-02|unqualified||2026-08-28|2||base_age_2_below_3
row|TEAM|2026-09-03|WATCH||2026-08-28|3|197.3|runup_144% base_3d close_vs_pivot_-0.1%
row|TEAM|2026-09-04|WATCH||2026-08-28|4|198.5999|runup_144% base_4d close_vs_pivot_-2.8%
row|TEAM|2026-09-08|INVALIDATED||2026-08-28|5|198.5999|close_176.42_below_base_low_close_186.44
row|TEAM|2026-09-09|WATCH||2026-08-28|6|198.5999|runup_144% base_6d close_vs_pivot_-8.8%
row|TEAM|2026-09-10|WATCH||2026-08-28|7|198.5999|runup_144% base_7d close_vs_pivot_-7.9%
row|TEAM|2026-09-11|WATCH||2026-08-28|8|198.5999|runup_144% base_8d close_vs_pivot_-7.8%
row|TEAM|2026-09-14|WATCH||2026-08-28|9|198.5999|runup_144% base_9d close_vs_pivot_-1.1%
row|TEAM|2026-09-15|WATCH||2026-08-28|10|198.5999|runup_144% base_10d close_vs_pivot_-2.6%
row|TEAM|2026-09-16|WATCH||2026-08-28|11|198.5999|runup_144% base_11d close_vs_pivot_-2.4%
row|TEAM|2026-09-17|WATCH||2026-08-28|12|198.5999|runup_144% base_12d close_vs_pivot_-1.2%
row|TEAM|2026-09-18|WATCH||2026-08-28|13|198.5999|runup_144% base_13d close_vs_pivot_-1.5%
row|TEAM|2026-09-21|WATCH||2026-08-28|14|198.5999|runup_144% base_14d close_vs_pivot_+0.4%
row|TEAM|2026-09-22|TIGHTENING||2026-08-28|15|198.5999|range_0.71 vol_1.06
row|TEAM|2026-09-23|TIGHTENING||2026-08-31|15|200|range_0.71 vol_1.18
row|TEAM|2026-09-24|TIGHTENING|WATCH|2026-08-31|16|200|runup_147% base_16d close_vs_pivot_-2.4%
row|TEAM|2026-09-25|INVALIDATED||2026-08-31|17|200|close_187.74_below_sma20_188.65
row|TEAM|2026-09-28|INVALIDATED||2026-08-31|18|200|close_178.54_below_sma20_188.05
row|TEAM|2026-09-29|INVALIDATED||2026-08-31|19|200|close_175.96_below_base_low_close_176.42
row|TEAM|2026-09-30|INVALIDATED||2026-08-31|20|200|close_179.29_below_sma20_186.75
row|TEAM|2026-10-01|WATCH||2026-08-31|21|200|runup_147% base_21d close_vs_pivot_-3.7%
row|TEAM|2026-10-02|WATCH||2026-08-31|22|200|runup_147% base_22d close_vs_pivot_-4.8%
row|TEAM|2026-10-05|WATCH||2026-08-31|23|200|runup_147% base_23d close_vs_pivot_-0.3%
row|TEAM|2026-10-06|unqualified||2026-08-31|24|200|ma_stack_not_stage2_187.8/187.8/167.8
row|TEAM|2026-10-07|unqualified||2026-09-03|22|200|ma_stack_not_stage2_187.8/188.7/169.7
row|TEAM|2026-10-08|unqualified||2026-09-03|23|200|ma_stack_not_stage2_188.9/189.9/171.7
row|TEAM|2026-10-09|unqualified||2026-09-22|12|203.89|ma_stack_not_stage2_190.8/191.3/173.8
row|TJGC|2026-08-28|unqualified||2026-08-27|0||base_age_0_below_3
row|TJGC|2026-08-31|unqualified||2026-08-28|0||base_age_0_below_3
row|TJGC|2026-09-01|unqualified||2026-08-28|1||base_age_1_below_3
row|TJGC|2026-09-02|unqualified||2026-09-01|0||base_age_0_below_3
row|TJGC|2026-09-03|unqualified||2026-09-01|1||base_age_1_below_3
row|TJGC|2026-09-04|unqualified||2026-09-01|2||base_age_2_below_3
row|TJGC|2026-09-08|WATCH||2026-09-01|3|10.8|runup_234% base_3d close_vs_pivot_-0.9%
row|TJGC|2026-09-09|COILED||2026-09-01|4|10.8|fresh_2bar 3.4%/atr 9.5% bodies_0.18/0.05
row|TJGC|2026-09-10|COILED||2026-09-01|5|10.8|fresh_2bar 3.8%/atr 9.4% bodies_0.06/0.18
row|TJGC|2026-09-11|COILED|WATCH|2026-09-01|6|10.83|runup_234% base_6d close_vs_pivot_+5.5%
row|TJGC|2026-09-14|unqualified||2026-09-11|0||base_age_0_below_3
row|TJGC|2026-09-15|unqualified||2026-09-14|0||base_age_0_below_3
row|TJGC|2026-09-16|unqualified||2026-09-14|1||base_age_1_below_3
row|TJGC|2026-09-17|unqualified||2026-09-14|2||base_age_2_below_3
row|TJGC|2026-09-18|unqualified||2026-09-14|3|11.5|pole_12.38_only_65%_of_52w_high_19.18_(not_stage2)
row|TJGC|2026-09-21|unqualified||2026-09-18|0||base_age_0_below_3
row|TJGC|2026-09-22|unqualified||2026-09-18|1||base_age_1_below_3
row|TJGC|2026-09-23|unqualified||2026-09-18|2||base_age_2_below_3
row|TJGC|2026-09-24|unqualified||2026-09-23|0||base_age_0_below_3
row|TJGC|2026-09-25|unqualified||2026-09-24|0||base_age_0_below_3
row|TJGC|2026-09-28|unqualified||2026-09-25|0||base_age_0_below_3
row|TJGC|2026-09-29|unqualified||2026-09-25|1||base_age_1_below_3
row|TJGC|2026-09-30|unqualified||2026-09-29|0||base_age_0_below_3
row|TJGC|2026-10-01|unqualified||2026-09-29|1||base_age_1_below_3
row|TJGC|2026-10-02|unqualified||2026-09-29|2||base_age_2_below_3
row|TJGC|2026-10-05|unqualified|||||adv_377k_below_500k_shares
row|TJGC|2026-10-06|unqualified|||||adv_281k_below_500k_shares
row|VCYT|2026-07-01|WATCH||2026-06-25|3|60.91|runup_93% base_3d close_vs_pivot_-0.7%
row|VCYT|2026-07-02|INVALIDATED||2026-06-25|4|60.91|close_57.08_below_base_low_close_58.73
row|VCYT|2026-07-06|WATCH||2026-06-25|5|60.91|runup_93% base_5d close_vs_pivot_-3.8%
row|VCYT|2026-07-07|INVALIDATED||2026-06-25|6|60.91|close_56.16_below_base_low_close_57.08
row|VCYT|2026-07-08|INVALIDATED||2026-06-25|7|60.91|close_56.12_below_base_low_close_56.16
row|VCYT|2026-07-09|TIGHTENING||2026-06-25|8|60.91|range_1.50 vol_0.68
row|VCYT|2026-07-10|TIGHTENING||2026-06-25|9|60.91|range_1.50 vol_0.61
row|VCYT|2026-07-13|TIGHTENING||2026-06-25|10|60.91|range_1.40 vol_0.57
row|VCYT|2026-07-14|TIGHTENING||2026-06-25|11|60.91|range_1.11 vol_0.56
row|VCYT|2026-07-15|TIGHTENING||2026-06-25|12|60.91|range_0.86 vol_0.54
row|VCYT|2026-07-16|TIGHTENING||2026-06-25|13|60.91|range_1.10 vol_0.49
row|VCYT|2026-07-17|TIGHTENING||2026-06-25|14|60.91|range_1.00 vol_0.51
row|VCYT|2026-07-20|INVALIDATED||2026-06-25|15|60.91|close_57.26_below_sma20_57.72
row|VCYT|2026-07-21|WATCH||2026-06-25|16|60.91|runup_93% base_16d close_vs_pivot_-1.2%
row|VCYT|2026-07-22|INVALIDATED||2026-06-25|17|60.91|close_58.01_below_sma20_58.25
row|VCYT|2026-07-23|INVALIDATED||2026-06-25|18|60.91|close_57.88_below_sma20_58.30
row|VCYT|2026-09-03|unqualified||2026-07-30|24|50.17|runup_30%_below_90%
row|VCYT|2026-09-08|unqualified||2026-08-03|24|47.96|runup_9%_below_90%
row|VCYT|2026-09-09|unqualified||2026-08-05|23|47.8|runup_11%_below_90%
row|VCYT|2026-09-24|unqualified||2026-08-28|17|45.99|runup_14%_below_90%
row|VCYT|2026-09-25|unqualified||2026-09-24|0||base_age_0_below_3
row|VCYT|2026-09-28|unqualified||2026-09-24|1||base_age_1_below_3
row|VCYT|2026-09-29|unqualified||2026-09-24|2||base_age_2_below_3
row|VCYT|2026-09-30|unqualified||2026-09-24|3|49|runup_28%_below_90%
row|VCYT|2026-10-01|unqualified||2026-09-24|4|49|runup_28%_below_90%
row|VCYT|2026-10-02|unqualified||2026-09-24|5|49|runup_28%_below_90%
row|VCYT|2026-10-05|unqualified||2026-09-24|6|49|runup_28%_below_90%
row|VCYT|2026-10-06|unqualified||2026-09-24|7|49|runup_28%_below_90%
row|VCYT|2026-10-07|unqualified||2026-09-24|8|49|runup_28%_below_90%
row|VCYT|2026-10-08|unqualified||2026-09-24|9|49|runup_28%_below_90%
row|VCYT|2026-10-09|unqualified||2026-09-24|10|49|runup_28%_below_90%
row|WDAY|2026-07-07|unqualified||2026-06-01|23|153.48|runup_44%_below_90%
row|WDAY|2026-07-08|unqualified||2026-06-01|24|153.48|runup_44%_below_90%
row|WDAY|2026-07-09|unqualified||2026-06-02|24|153.48|runup_38%_below_90%
row|WDAY|2026-07-10|unqualified||2026-06-05|22|145.81|runup_37%_below_90%
row|WDAY|2026-07-13|unqualified||2026-06-05|23|145.81|runup_37%_below_90%
row|WDAY|2026-07-14|unqualified||2026-06-05|24|147.22|runup_37%_below_90%
row|WDAY|2026-07-15|unqualified||2026-07-07|5|147.22|runup_31%_below_90%
row|WDAY|2026-07-16|unqualified||2026-07-07|6|147.39|runup_31%_below_90%
row|WDAY|2026-07-17|unqualified||2026-07-07|7|148.42|runup_31%_below_90%
row|WDAY|2026-07-20|unqualified||2026-07-17|0||base_age_0_below_3
row|WDAY|2026-07-21|unqualified||2026-07-17|1||base_age_1_below_3
row|WDAY|2026-07-27|unqualified||2026-07-17|5|147.83|runup_34%_below_90%
row|WDAY|2026-07-28|unqualified||2026-07-17|6|150.24|runup_34%_below_90%
row|WDAY|2026-07-29|unqualified||2026-07-28|0||base_age_0_below_3
row|WDAY|2026-07-30|unqualified||2026-07-29|0||base_age_0_below_3
row|WDAY|2026-07-31|unqualified||2026-07-29|1||base_age_1_below_3
row|WDAY|2026-08-04|unqualified||2026-07-29|3|169.67|runup_53%_below_90%
row|WDAY|2026-08-05|unqualified||2026-07-29|4|172.15|runup_53%_below_90%
row|WDAY|2026-08-06|unqualified||2026-08-04|1||base_age_1_below_3
row|WDAY|2026-08-07|unqualified||2026-08-04|2||base_age_2_below_3
row|WDAY|2026-08-10|unqualified||2026-08-07|0||base_age_0_below_3
row|WDAY|2026-08-11|unqualified||2026-08-10|0||base_age_0_below_3
row|WDAY|2026-08-12|unqualified||2026-08-10|1||base_age_1_below_3
row|WDAY|2026-08-13|unqualified||2026-08-10|2||base_age_2_below_3
row|WDAY|2026-08-14|unqualified||2026-08-13|0||base_age_0_below_3
row|WDAY|2026-08-17|unqualified||2026-08-13|1||base_age_1_below_3
row|WDAY|2026-08-18|unqualified||2026-08-13|2||base_age_2_below_3
row|WDAY|2026-08-19|WATCH||2026-08-13|3|208|runup_104% base_3d close_vs_pivot_-12.8%
row|WDAY|2026-08-20|WATCH||2026-08-13|4|208|runup_104% base_4d close_vs_pivot_-13.3%
row|WDAY|2026-08-21|COILED||2026-08-13|5|208|fresh_2bar 3.4%/atr 5.8% bodies_0.20/0.03
row|WDAY|2026-08-24|COILED||2026-08-13|6|208|fresh_2bar 3.4%/atr 5.7% bodies_0.05/0.21
row|WDAY|2026-08-25|COILED|TIGHTENING|2026-08-13|7|208|range_0.58 vol_0.73 fresh
row|WDAY|2026-08-26|COILED|TIGHTENING|2026-08-13|8|208|range_0.58 vol_0.72 fresh
row|WDAY|2026-08-27|COILED|TIGHTENING|2026-08-13|9|208|range_0.58 vol_0.65
row|WDAY|2026-08-28|TRIGGERED||2026-08-13|10|208|close_204.72>base_high_close_200.01 vol_2.15x
row|WDAY|2026-08-31|TRIGGERED|TIGHTENING|2026-08-13|11|208|range_0.68 vol_1.04
row|WDAY|2026-09-01|TRIGGERED|WATCH|2026-08-13|12|208|runup_104% base_12d close_vs_pivot_-12.8%
row|WDAY|2026-09-02|TRIGGERED|WATCH|2026-08-13|13|208|runup_104% base_13d close_vs_pivot_-11.7%
row|WDAY|2026-09-17|unqualified|||||adr_3.9pct_below_4pct
row|WDAY|2026-09-29|unqualified|||||adr_3.6pct_below_4pct
row|WDAY|2026-09-30|unqualified|||||adr_3.5pct_below_4pct
row|XHLD|2026-08-25|unqualified||2026-08-20|2||base_age_2_below_3
row|XHLD|2026-08-26|unqualified||2026-08-25|0||base_age_0_below_3
row|XHLD|2026-08-27|unqualified||2026-08-25|1||base_age_1_below_3
row|XHLD|2026-08-28|unqualified||2026-08-27|0||base_age_0_below_3
row|XHLD|2026-08-31|unqualified||2026-08-28|0||base_age_0_below_3
row|XHLD|2026-09-01|unqualified||2026-08-28|1||base_age_1_below_3
row|XHLD|2026-09-02|unqualified||2026-08-28|2||base_age_2_below_3
row|XHLD|2026-09-03|WATCH||2026-08-28|3|10.0891|runup_1271% base_3d close_vs_pivot_-11.9%
row|XHLD|2026-09-04|WATCH||2026-08-28|4|10.0891|runup_1271% base_4d close_vs_pivot_-11.8%
row|XHLD|2026-09-08|COILED||2026-08-28|5|10.0891|fresh_2bar 3.5%/atr 10.4% bodies_0.13/0.03
row|XHLD|2026-09-09|TRIGGERED||2026-08-28|6|10.0891|close_10.51>base_high_close_9.42 vol_1.72x
row|XHLD|2026-09-10|unqualified||2026-09-09|0||base_age_0_below_3
row|XHLD|2026-09-11|unqualified||2026-09-09|1||base_age_1_below_3
row|XHLD|2026-09-14|unqualified||2026-09-11|0||base_age_0_below_3
row|XHLD|2026-09-15|unqualified||2026-09-14|0||base_age_0_below_3
row|XHLD|2026-09-16|unqualified||2026-09-14|1||base_age_1_below_3
row|XHLD|2026-09-17|unqualified||2026-09-14|2||base_age_2_below_3
row|XHLD|2026-09-18|unqualified||2026-09-14|3|10.2|flag_low_8.35_below_75%_of_pole_15.43
row|XHLD|2026-09-21|unqualified||2026-09-14|4|10.2|flag_low_8.35_below_75%_of_pole_15.43
row|XHLD|2026-09-22|unqualified||2026-09-14|5|10.54|flag_low_8.35_below_75%_of_pole_15.43
row|XHLD|2026-09-23|unqualified||2026-09-14|6|12.92|flag_low_8.35_below_75%_of_pole_15.43
row|XHLD|2026-09-24|unqualified||2026-09-14|7|12.93|flag_low_8.35_below_75%_of_pole_15.43
row|XHLD|2026-09-25|unqualified||2026-09-14|8|12.93|flag_low_8.35_below_75%_of_pole_15.43
row|ZBIO|2026-07-01|unqualified||2026-06-26|2||base_age_2_below_3
row|ZBIO|2026-07-02|unqualified||2026-07-01|0||base_age_0_below_3
row|ZBIO|2026-07-06|unqualified||2026-07-01|1||base_age_1_below_3
row|ZBIO|2026-07-07|unqualified||2026-07-01|2||base_age_2_below_3
row|ZBIO|2026-07-08|unqualified||2026-07-01|3|29.25|runup_77%_below_90%
row|ZBIO|2026-07-09|unqualified||2026-07-01|4|29.25|runup_77%_below_90%
row|ZBIO|2026-07-10|unqualified||2026-07-09|0||base_age_0_below_3
row|ZBIO|2026-07-13|unqualified||2026-07-09|1||base_age_1_below_3
row|ZBIO|2026-07-14|unqualified||2026-07-09|2||base_age_2_below_3
row|ZBIO|2026-07-15|unqualified||2026-07-09|3|29.43|runup_83%_below_90%
row|ZBIO|2026-07-16|unqualified||2026-07-09|4|29.48|runup_83%_below_90%
row|ZBIO|2026-07-17|unqualified||2026-07-09|5|29.58|runup_83%_below_90%
row|ZBIO|2026-07-20|unqualified||2026-07-09|6|30.26|runup_83%_below_90%
row|ZBIO|2026-07-21|unqualified||2026-07-20|0||base_age_0_below_3
row|ZBIO|2026-07-22|unqualified||2026-07-21|0||base_age_0_below_3
row|ZBIO|2026-07-23|unqualified||2026-07-21|1||base_age_1_below_3
row|ZBIO|2026-07-24|unqualified||2026-07-21|2||base_age_2_below_3
row|ZBIO|2026-07-27|WATCH||2026-07-21|3|32.35|runup_103% base_3d close_vs_pivot_-3.6%
row|ZBIO|2026-07-28|WATCH||2026-07-21|4|33.42|runup_103% base_4d close_vs_pivot_-5.2%
row|ZBIO|2026-07-29|WATCH||2026-07-21|5|33.42|runup_103% base_5d close_vs_pivot_-8.7%
row|ZBIO|2026-07-30|WATCH||2026-07-21|6|33.42|runup_103% base_6d close_vs_pivot_-5.2%
row|ZBIO|2026-07-31|WATCH||2026-07-21|7|33.42|runup_103% base_7d close_vs_pivot_-7.7%
row|ZBIO|2026-08-04|WATCH||2026-07-21|9|33.42|runup_103% base_9d close_vs_pivot_-7.7%
row|ZBIO|2026-08-05|TIGHTENING||2026-07-21|10|33.42|range_1.60 vol_0.64
row|ZBIO|2026-08-06|TIGHTENING||2026-07-21|11|33.42|range_1.39 vol_0.58
row|ZBIO|2026-08-07|TIGHTENING||2026-07-21|12|33.42|range_1.22 vol_0.56
row|ZBIO|2026-08-10|TIGHTENING||2026-07-21|13|33.42|range_1.03 vol_0.52
row|ZBIO|2026-08-11|TIGHTENING||2026-07-21|14|33.42|range_0.95 vol_0.51
row|ZBIO|2026-08-12|INVALIDATED||2026-07-21|15|33.42|close_31.29_below_sma20_31.42
row|ZBIO|2026-08-13|INVALIDATED||2026-07-21|16|33.42|close_29.20_below_base_low_close_30.39
row|ZBIO|2026-08-14|INVALIDATED||2026-07-21|17|33.42|close_29.51_below_sma20_31.46
row|ZBIO|2026-08-25|unqualified||2026-07-21|24|33.42|ma_stack_not_stage2_31.3/31.6/28.6
row|ZBIO|2026-08-26|unqualified||2026-07-27|21|33.78|ma_stack_not_stage2_31.5/31.7/28.9
row|ZBIO|2026-09-02|unqualified||2026-08-27|3|32.77|runup_30%_below_90%
row|ZBIO|2026-09-03|unqualified||2026-08-27|4|33.395|runup_30%_below_90%
row|ZBIO|2026-09-04|unqualified||2026-08-27|5|33.66|runup_30%_below_90%
row|ZBIO|2026-09-08|unqualified||2026-08-27|6|33.66|runup_30%_below_90%
row|ZBIO|2026-09-09|unqualified||2026-08-27|7|33.84|runup_30%_below_90%
watchdrop|ABCL|2026-09-04|2026-09-08|2026-09-07||||
watchdrop|ABCL|2026-09-08|2026-09-14|2026-09-09||||
watchdrop|AMPL|2026-09-03|2026-09-14|2026-09-04||||
watchdrop|APPN|2026-10-02|2026-10-07|2026-10-05||||
watchdrop|BFLY|2026-08-21|2026-09-21|2026-08-24||||
watchdrop|BWIN|2026-08-21|2026-08-31|2026-08-24||||
watchdrop|CAI|2026-10-05||2026-10-06||||
watchdrop|CDNA|2026-09-04|2026-09-08|2026-09-07||||
watchdrop|EFOR|2026-08-21|2026-09-04|2026-08-24||||
watchdrop|ETON|2026-09-03|2026-09-24|2026-09-04||||
watchdrop|HELP|2026-09-04|2026-09-08|2026-09-07||||
watchdrop|HTFL|2026-09-11|2026-09-16|2026-09-14||||
watchdrop|IMMX|2026-09-04|2026-09-08|2026-09-07||||
watchdrop|LIFE|2026-09-04|2026-09-08|2026-09-07||||
watchdrop|MBX|2026-08-12|2026-08-14|2026-08-13||||
watchdrop|MBX|2026-08-18||2026-08-19||||
watchdrop|OKTA|2026-08-13|2026-08-27|2026-08-14||||
watchdrop|PANW|2026-07-20|2026-08-10|2026-07-21||||
watchdrop|SMJF|2026-08-26||2026-08-27||||
watchdrop|STTK|2026-07-24||2026-07-27||||
watchdrop|TEAM|2026-09-04|2026-09-08|2026-09-07||||
watchdrop|TRAX|2026-08-14||2026-08-17||||
watchdrop|TXG|2026-07-31|2026-08-07|2026-08-04||||
watchdrop|WNC|2026-07-28|2026-09-02|2026-07-29||||
watchdrop|XHLD|2026-09-04|2026-09-08|2026-09-07||||
watchdrop|XNCR|2026-09-04|2026-09-30|2026-09-07||||
(5424 rows)
